episode_dir,task,chunk_id,must_go,input_timestep,input_elapsed,unix_ts,front_img,wrist_img,recap_img,returned_len,exec_index,exec_timestep,exec_action_n,in_shoulder_pan.pos,in_shoulder_lift.pos,in_elbow_flex.pos,in_wrist_flex.pos,in_wrist_roll.pos,in_gripper.pos,act_shoulder_pan.pos,act_shoulder_lift.pos,act_elbow_flex.pos,act_wrist_flex.pos,act_wrist_roll.pos,act_gripper.pos
001_brown,put the brown pouch on the tray,1,1,0,0.0,1788423021.6585293,00000_front_put_the_brown_pouch_on_the_tray.png,00000_wrist_put_the_brown_pouch_on_the_tray.png,recap.png,50,0,0,1,-4.21978021978022,-101.84615384615384,91.91208791208791,74.9010989010989,-0.21978021978021978,0.821917808219178,-6.275611877441406,-101.32003021240234,88.4080810546875,75.50006103515625,-0.12401390075683594,0.9725563526153564
001_brown,put the brown pouch on the tray,1,1,0,0.0,1788423021.6585293,00000_front_put_the_brown_pouch_on_the_tray.png,00000_wrist_put_the_brown_pouch_on_the_tray.png,recap.png,50,1,1,2,-4.21978021978022,-101.84615384615384,91.91208791208791,74.9010989010989,-0.21978021978021978,0.821917808219178,-6.989728927612305,-101.11138916015625,88.18161010742188,75.4453125,-0.07036876678466797,0.9664638638496399
001_brown,put the brown pouch on the tray,1,1,0,0.0,1788423021.6585293,00000_front_put_the_brown_pouch_on_the_tray.png,00000_wrist_put_the_brown_pouch_on_the_tray.png,recap.png,50,2,2,3,-4.21978021978022,-101.84615384615384,91.91208791208791,74.9010989010989,-0.21978021978021978,0.821917808219178,-7.798643112182617,-101.05350494384766,88.35260009765625,75.25623321533203,-0.042159080505371094,0.9542949199676514
001_brown,put the brown pouch on the tray,1,1,0,0.0,1788423021.6585293,00000_front_put_the_brown_pouch_on_the_tray.png,00000_wrist_put_the_brown_pouch_on_the_tray.png,recap.png,50,3,3,4,-4.21978021978022,-101.84615384615384,91.91208791208791,74.9010989010989,-0.21978021978021978,0.821917808219178,-7.815868377685547,-101.35282897949219,87.90869140625,74.8242416381836,0.03137969970703125,0.9519942998886108
001_brown,put the brown pouch on the tray,1,1,0,0.0,1788423021.6585293,00000_front_put_the_brown_pouch_on_the_tray.png,00000_wrist_put_the_brown_pouch_on_the_tray.png,recap.png,50,4,4,5,-4.21978021978022,-101.84615384615384,91.91208791208791,74.9010989010989,-0.21978021978021978,0.821917808219178,-7.557945251464844,-101.60105895996094,88.4569091796875,74.41236877441406,0.030574798583984375,0.9710098505020142
001_brown,put the brown pouch on the tray,1,1,0,0.0,1788423021.6585293,00000_front_put_the_brown_pouch_on_the_tray.png,00000_wrist_put_the_brown_pouch_on_the_tray.png,recap.png,50,5,5,6,-4.21978021978022,-101.84615384615384,91.91208791208791,74.9010989010989,-0.21978021978021978,0.821917808219178,-7.708433151245117,-101.4416275024414,88.20941162109375,73.94014739990234,0.05470085144042969,0.8469993472099304
001_brown,put the brown pouch on the tray,1,1,0,0.0,1788423021.6585293,00000_front_put_the_brown_pouch_on_the_tray.png,00000_wrist_put_the_brown_pouch_on_the_tray.png,recap.png,50,6,6,7,-4.21978021978022,-101.84615384615384,91.91208791208791,74.9010989010989,-0.21978021978021978,0.821917808219178,-7.3719024658203125,-101.2425308227539,88.32281494140625,73.0848388671875,0.007420539855957031,0.8626893162727356
001_brown,put the brown pouch on the tray,1,1,0,0.0,1788423021.6585293,00000_front_put_the_brown_pouch_on_the_tray.png,00000_wrist_put_the_brown_pouch_on_the_tray.png,recap.png,50,7,7,8,-4.21978021978022,-101.84615384615384,91.91208791208791,74.9010989010989,-0.21978021978021978,0.821917808219178,-7.0463409423828125,-101.16292572021484,88.8934326171875,72.44768524169922,0.0024709701538085938,0.8405128121376038
001_brown,put the brown pouch on the tray,1,1,0,0.0,1788423021.6585293,00000_front_put_the_brown_pouch_on_the_tray.png,00000_wrist_put_the_brown_pouch_on_the_tray.png,recap.png,50,8,8,9,-4.21978021978022,-101.84615384615384,91.91208791208791,74.9010989010989,-0.21978021978021978,0.821917808219178,-6.739622116088867,-101.84613037109375,88.61485290527344,71.79073333740234,-0.009287834167480469,0.859106719493866
001_brown,put the brown pouch on the tray,1,1,0,0.0,1788423021.6585293,00000_front_put_the_brown_pouch_on_the_tray.png,00000_wrist_put_the_brown_pouch_on_the_tray.png,recap.png,50,9,9,10,-4.21978021978022,-101.84615384615384,91.91208791208791,74.9010989010989,-0.21978021978021978,0.821917808219178,-6.572504043579102,-101.59308624267578,88.67424011230469,71.08955383300781,0.04540824890136719,0.8256353735923767
001_brown,put the brown pouch on the tray,1,1,0,0.0,1788423021.6585293,00000_front_put_the_brown_pouch_on_the_tray.png,00000_wrist_put_the_brown_pouch_on_the_tray.png,recap.png,50,10,10,11,-4.21978021978022,-101.84615384615384,91.91208791208791,74.9010989010989,-0.21978021978021978,0.821917808219178,-6.571681976318359,-101.23172760009766,88.649658203125,70.32360076904297,0.12233352661132812,0.8133591413497925
001_brown,put the brown pouch on the tray,1,1,0,0.0,1788423021.6585293,00000_front_put_the_brown_pouch_on_the_tray.png,00000_wrist_put_the_brown_pouch_on_the_tray.png,recap.png,50,11,11,12,-4.21978021978022,-101.84615384615384,91.91208791208791,74.9010989010989,-0.21978021978021978,0.821917808219178,-6.417427062988281,-101.6675033569336,88.92298889160156,69.84980773925781,0.1018514633178711,0.8537545800209045
001_brown,put the brown pouch on the tray,1,1,0,0.0,1788423021.6585293,00000_front_put_the_brown_pouch_on_the_tray.png,00000_wrist_put_the_brown_pouch_on_the_tray.png,recap.png,50,12,12,13,-4.21978021978022,-101.84615384615384,91.91208791208791,74.9010989010989,-0.21978021978021978,0.821917808219178,-6.669721603393555,-101.47554779052734,88.08341979980469,69.33753967285156,-0.004321098327636719,0.8021599054336548
001_brown,put the brown pouch on the tray,1,1,0,0.0,1788423021.6585293,00000_front_put_the_brown_pouch_on_the_tray.png,00000_wrist_put_the_brown_pouch_on_the_tray.png,recap.png,50,13,13,14,-4.21978021978022,-101.84615384615384,91.91208791208791,74.9010989010989,-0.21978021978021978,0.821917808219178,-6.381986618041992,-101.490966796875,88.75617980957031,68.73878479003906,0.07967281341552734,0.7232384085655212
001_brown,put the brown pouch on the tray,1,1,0,0.0,1788423021.6585293,00000_front_put_the_brown_pouch_on_the_tray.png,00000_wrist_put_the_brown_pouch_on_the_tray.png,recap.png,50,14,14,15,-4.21978021978022,-101.84615384615384,91.91208791208791,74.9010989010989,-0.21978021978021978,0.821917808219178,-6.369245529174805,-101.14501190185547,88.534423828125,68.28004455566406,0.026275634765625,0.8575644493103027
001_brown,put the brown pouch on the tray,1,1,0,0.0,1788423021.6585293,00000_front_put_the_brown_pouch_on_the_tray.png,00000_wrist_put_the_brown_pouch_on_the_tray.png,recap.png,50,15,15,16,-4.21978021978022,-101.84615384615384,91.91208791208791,74.9010989010989,-0.21978021978021978,0.821917808219178,-6.382282257080078,-101.7098159790039,88.46722412109375,67.86685943603516,0.0958709716796875,0.877871572971344
001_brown,put the brown pouch on the tray,1,1,0,0.0,1788423021.6585293,00000_front_put_the_brown_pouch_on_the_tray.png,00000_wrist_put_the_brown_pouch_on_the_tray.png,recap.png,50,16,16,17,-4.21978021978022,-101.84615384615384,91.91208791208791,74.9010989010989,-0.21978021978021978,0.821917808219178,-6.340219497680664,-101.35924530029297,87.83998107910156,67.58482360839844,0.019571304321289062,0.8023160099983215
001_brown,put the brown pouch on the tray,1,1,0,0.0,1788423021.6585293,00000_front_put_the_brown_pouch_on_the_tray.png,00000_wrist_put_the_brown_pouch_on_the_tray.png,recap.png,50,17,17,18,-4.21978021978022,-101.84615384615384,91.91208791208791,74.9010989010989,-0.21978021978021978,0.821917808219178,-6.153110504150391,-101.68720245361328,88.24871826171875,67.30660247802734,0.08355522155761719,0.8649091720581055
001_brown,put the brown pouch on the tray,1,1,0,0.0,1788423021.6585293,00000_front_put_the_brown_pouch_on_the_tray.png,00000_wrist_put_the_brown_pouch_on_the_tray.png,recap.png,50,18,18,19,-4.21978021978022,-101.84615384615384,91.91208791208791,74.9010989010989,-0.21978021978021978,0.821917808219178,-6.193082809448242,-101.27855682373047,88.43960571289062,66.99390411376953,0.09715080261230469,0.8868796229362488
001_brown,put the brown pouch on the tray,1,1,0,0.0,1788423021.6585293,00000_front_put_the_brown_pouch_on_the_tray.png,00000_wrist_put_the_brown_pouch_on_the_tray.png,recap.png,50,19,19,20,-4.21978021978022,-101.84615384615384,91.91208791208791,74.9010989010989,-0.21978021978021978,0.821917808219178,-6.371919631958008,-101.5577621459961,87.94798278808594,66.77822875976562,0.04562187194824219,0.8083426356315613
001_brown,put the brown pouch on the tray,1,1,0,0.0,1788423021.6585293,00000_front_put_the_brown_pouch_on_the_tray.png,00000_wrist_put_the_brown_pouch_on_the_tray.png,recap.png,50,20,20,21,-4.21978021978022,-101.84615384615384,91.91208791208791,74.9010989010989,-0.21978021978021978,0.821917808219178,-6.190435409545898,-101.58804321289062,87.9171142578125,66.74885559082031,0.20705413818359375,0.9183158874511719
001_brown,put the brown pouch on the tray,1,1,0,0.0,1788423021.6585293,00000_front_put_the_brown_pouch_on_the_tray.png,00000_wrist_put_the_brown_pouch_on_the_tray.png,recap.png,50,21,21,22,-4.21978021978022,-101.84615384615384,91.91208791208791,74.9010989010989,-0.21978021978021978,0.821917808219178,-6.189111709594727,-101.2589340209961,87.89015197753906,66.6178207397461,0.021401405334472656,0.884623646736145
001_brown,put the brown pouch on the tray,1,1,0,0.0,1788423021.6585293,00000_front_put_the_brown_pouch_on_the_tray.png,00000_wrist_put_the_brown_pouch_on_the_tray.png,recap.png,50,22,22,23,-4.21978021978022,-101.84615384615384,91.91208791208791,74.9010989010989,-0.21978021978021978,0.821917808219178,-6.3146514892578125,-101.09721374511719,87.69648742675781,66.24836730957031,0.03333091735839844,0.8815529942512512
001_brown,put the brown pouch on the tray,1,1,0,0.0,1788423021.6585293,00000_front_put_the_brown_pouch_on_the_tray.png,00000_wrist_put_the_brown_pouch_on_the_tray.png,recap.png,50,23,23,24,-4.21978021978022,-101.84615384615384,91.91208791208791,74.9010989010989,-0.21978021978021978,0.821917808219178,-6.373285293579102,-101.68036651611328,87.83621215820312,65.93307495117188,0.1314706802368164,0.8350533843040466
001_brown,put the brown pouch on the tray,1,1,0,0.0,1788423021.6585293,00000_front_put_the_brown_pouch_on_the_tray.png,00000_wrist_put_the_brown_pouch_on_the_tray.png,recap.png,50,24,24,25,-4.21978021978022,-101.84615384615384,91.91208791208791,74.9010989010989,-0.21978021978021978,0.821917808219178,-6.399177551269531,-101.69654846191406,87.38137817382812,65.83177947998047,0.16024112701416016,0.8348292708396912
001_brown,put the brown pouch on the tray,1,1,0,0.0,1788423021.6585293,00000_front_put_the_brown_pouch_on_the_tray.png,00000_wrist_put_the_brown_pouch_on_the_tray.png,recap.png,50,25,25,26,-4.21978021978022,-101.84615384615384,91.91208791208791,74.9010989010989,-0.21978021978021978,0.821917808219178,-6.482723236083984,-101.35670471191406,87.18478393554688,65.67315673828125,0.057320594787597656,0.9787337779998779
001_brown,put the brown pouch on the tray,1,1,0,0.0,1788423021.6585293,00000_front_put_the_brown_pouch_on_the_tray.png,00000_wrist_put_the_brown_pouch_on_the_tray.png,recap.png,50,26,26,27,-4.21978021978022,-101.84615384615384,91.91208791208791,74.9010989010989,-0.21978021978021978,0.821917808219178,-6.386022567749023,-101.38591766357422,86.64346313476562,65.21112823486328,0.06435585021972656,0.7978529334068298
001_brown,put the brown pouch on the tray,1,1,0,0.0,1788423021.6585293,00000_front_put_the_brown_pouch_on_the_tray.png,00000_wrist_put_the_brown_pouch_on_the_tray.png,recap.png,50,27,27,28,-4.21978021978022,-101.84615384615384,91.91208791208791,74.9010989010989,-0.21978021978021978,0.821917808219178,-6.574861526489258,-101.6121597290039,86.9095458984375,65.0948257446289,0.10183525085449219,0.8650398254394531
001_brown,put the brown pouch on the tray,1,1,0,0.0,1788423021.6585293,00000_front_put_the_brown_pouch_on_the_tray.png,00000_wrist_put_the_brown_pouch_on_the_tray.png,recap.png,50,28,28,29,-4.21978021978022,-101.84615384615384,91.91208791208791,74.9010989010989,-0.21978021978021978,0.821917808219178,-6.522830963134766,-101.67369079589844,86.45829772949219,64.93077087402344,0.12614917755126953,0.8571428060531616
001_brown,put the brown pouch on the tray,1,1,0,0.0,1788423021.6585293,00000_front_put_the_brown_pouch_on_the_tray.png,00000_wrist_put_the_brown_pouch_on_the_tray.png,recap.png,50,29,29,30,-4.21978021978022,-101.84615384615384,91.91208791208791,74.9010989010989,-0.21978021978021978,0.821917808219178,-6.575153350830078,-102.0154037475586,86.94961547851562,64.93896484375,0.08336830139160156,0.9348459839820862
001_brown,put the brown pouch on the tray,1,1,0,0.0,1788423021.6585293,00000_front_put_the_brown_pouch_on_the_tray.png,00000_wrist_put_the_brown_pouch_on_the_tray.png,recap.png,50,30,30,31,-4.21978021978022,-101.84615384615384,91.91208791208791,74.9010989010989,-0.21978021978021978,0.821917808219178,-6.516935348510742,-101.81895446777344,86.59330749511719,64.7240982055664,0.08839702606201172,0.9143604636192322
001_brown,put the brown pouch on the tray,2,0,3,1.848,1788423023.4865985,00001_front_put_the_brown_pouch_on_the_tray.png,00001_wrist_put_the_brown_pouch_on_the_tray.png,recap.png,50,0,30,32,-6.153846153846154,-101.4065934065934,90.76923076923077,75.16483516483517,-0.21978021978021978,0.821917808219178,-6.773099899291992,-101.63404846191406,85.3564453125,66.3833999633789,-0.41151294112205505,0.9234021306037903
001_brown,put the brown pouch on the tray,2,0,3,1.848,1788423023.4865985,00001_front_put_the_brown_pouch_on_the_tray.png,00001_wrist_put_the_brown_pouch_on_the_tray.png,recap.png,50,1,31,33,-6.153846153846154,-101.4065934065934,90.76923076923077,75.16483516483517,-0.21978021978021978,0.821917808219178,-6.6476640701293945,-101.3966064453125,84.66364288330078,66.42579650878906,-0.41491803526878357,0.6901893615722656
001_brown,put the brown pouch on the tray,2,0,3,1.848,1788423023.4865985,00001_front_put_the_brown_pouch_on_the_tray.png,00001_wrist_put_the_brown_pouch_on_the_tray.png,recap.png,50,2,32,34,-6.153846153846154,-101.4065934065934,90.76923076923077,75.16483516483517,-0.21978021978021978,0.821917808219178,-6.687526226043701,-101.62191772460938,84.08184814453125,66.57101440429688,-0.5479984879493713,0.7568742036819458
001_brown,put the brown pouch on the tray,2,0,3,1.848,1788423023.4865985,00001_front_put_the_brown_pouch_on_the_tray.png,00001_wrist_put_the_brown_pouch_on_the_tray.png,recap.png,50,3,33,35,-6.153846153846154,-101.4065934065934,90.76923076923077,75.16483516483517,-0.21978021978021978,0.821917808219178,-6.679842948913574,-100.9979248046875,83.64569091796875,66.6872329711914,-0.4992935061454773,0.8195826411247253
001_brown,put the brown pouch on the tray,2,0,3,1.848,1788423023.4865985,00001_front_put_the_brown_pouch_on_the_tray.png,00001_wrist_put_the_brown_pouch_on_the_tray.png,recap.png,50,4,34,36,-6.153846153846154,-101.4065934065934,90.76923076923077,75.16483516483517,-0.21978021978021978,0.821917808219178,-6.741033554077148,-101.35816955566406,83.39131164550781,66.86760711669922,-0.8196181654930115,0.7696509957313538
001_brown,put the brown pouch on the tray,2,0,3,1.848,1788423023.4865985,00001_front_put_the_brown_pouch_on_the_tray.png,00001_wrist_put_the_brown_pouch_on_the_tray.png,recap.png,50,5,35,37,-6.153846153846154,-101.4065934065934,90.76923076923077,75.16483516483517,-0.21978021978021978,0.821917808219178,-6.626760482788086,-101.12818145751953,82.56272888183594,67.04643249511719,-0.8717182278633118,0.8143880367279053
001_brown,put the brown pouch on the tray,2,0,3,1.848,1788423023.4865985,00001_front_put_the_brown_pouch_on_the_tray.png,00001_wrist_put_the_brown_pouch_on_the_tray.png,recap.png,50,6,36,38,-6.153846153846154,-101.4065934065934,90.76923076923077,75.16483516483517,-0.21978021978021978,0.821917808219178,-6.6052751541137695,-100.69841766357422,81.88777923583984,67.02690124511719,-0.9342861771583557,0.7667872309684753
001_brown,put the brown pouch on the tray,2,0,3,1.848,1788423023.4865985,00001_front_put_the_brown_pouch_on_the_tray.png,00001_wrist_put_the_brown_pouch_on_the_tray.png,recap.png,50,7,37,39,-6.153846153846154,-101.4065934065934,90.76923076923077,75.16483516483517,-0.21978021978021978,0.821917808219178,-6.529037952423096,-100.4962158203125,81.26455688476562,67.17251586914062,-1.05739164352417,0.7606098651885986
001_brown,put the brown pouch on the tray,2,0,3,1.848,1788423023.4865985,00001_front_put_the_brown_pouch_on_the_tray.png,00001_wrist_put_the_brown_pouch_on_the_tray.png,recap.png,50,8,38,40,-6.153846153846154,-101.4065934065934,90.76923076923077,75.16483516483517,-0.21978021978021978,0.821917808219178,-6.570096969604492,-100.03181457519531,80.28053283691406,67.14137268066406,-1.2422038316726685,0.693767786026001
001_brown,put the brown pouch on the tray,2,0,3,1.848,1788423023.4865985,00001_front_put_the_brown_pouch_on_the_tray.png,00001_wrist_put_the_brown_pouch_on_the_tray.png,recap.png,50,9,39,41,-6.153846153846154,-101.4065934065934,90.76923076923077,75.16483516483517,-0.21978021978021978,0.821917808219178,-6.602804183959961,-99.55630493164062,80.05326080322266,67.38687133789062,-1.3282580375671387,0.7057628035545349
001_brown,put the brown pouch on the tray,2,0,3,1.848,1788423023.4865985,00001_front_put_the_brown_pouch_on_the_tray.png,00001_wrist_put_the_brown_pouch_on_the_tray.png,recap.png,50,10,40,42,-6.153846153846154,-101.4065934065934,90.76923076923077,75.16483516483517,-0.21978021978021978,0.821917808219178,-6.632434844970703,-98.97357940673828,79.7249755859375,67.47052764892578,-1.429370403289795,0.6886738538742065
001_brown,put the brown pouch on the tray,2,0,3,1.848,1788423023.4865985,00001_front_put_the_brown_pouch_on_the_tray.png,00001_wrist_put_the_brown_pouch_on_the_tray.png,recap.png,50,11,41,43,-6.153846153846154,-101.4065934065934,90.76923076923077,75.16483516483517,-0.21978021978021978,0.821917808219178,-6.511417865753174,-98.25947570800781,78.99372863769531,67.59599304199219,-1.5263036489486694,0.6677913665771484
001_brown,put the brown pouch on the tray,2,0,3,1.848,1788423023.4865985,00001_front_put_the_brown_pouch_on_the_tray.png,00001_wrist_put_the_brown_pouch_on_the_tray.png,recap.png,50,12,42,44,-6.153846153846154,-101.4065934065934,90.76923076923077,75.16483516483517,-0.21978021978021978,0.821917808219178,-6.6107025146484375,-97.90802001953125,78.7281494140625,67.67439270019531,-1.5499930381774902,0.5883614420890808
001_brown,put the brown pouch on the tray,2,0,3,1.848,1788423023.4865985,00001_front_put_the_brown_pouch_on_the_tray.png,00001_wrist_put_the_brown_pouch_on_the_tray.png,recap.png,50,13,43,45,-6.153846153846154,-101.4065934065934,90.76923076923077,75.16483516483517,-0.21978021978021978,0.821917808219178,-6.634611129760742,-96.96206665039062,78.10344696044922,67.64720916748047,-1.4625155925750732,0.6608237028121948
001_brown,put the brown pouch on the tray,2,0,3,1.848,1788423023.4865985,00001_front_put_the_brown_pouch_on_the_tray.png,00001_wrist_put_the_brown_pouch_on_the_tray.png,recap.png,50,14,44,46,-6.153846153846154,-101.4065934065934,90.76923076923077,75.16483516483517,-0.21978021978021978,0.821917808219178,-6.545196056365967,-95.69854736328125,77.03497314453125,67.61812591552734,-1.4265601634979248,0.6823476552963257
001_brown,put the brown pouch on the tray,2,0,3,1.848,1788423023.4865985,00001_front_put_the_brown_pouch_on_the_tray.png,00001_wrist_put_the_brown_pouch_on_the_tray.png,recap.png,50,15,45,47,-6.153846153846154,-101.4065934065934,90.76923076923077,75.16483516483517,-0.21978021978021978,0.821917808219178,-6.63624382019043,-94.84349060058594,76.8539810180664,67.5820541381836,-1.4675143957138062,0.6464635133743286
001_brown,put the brown pouch on the tray,2,0,3,1.848,1788423023.4865985,00001_front_put_the_brown_pouch_on_the_tray.png,00001_wrist_put_the_brown_pouch_on_the_tray.png,recap.png,50,16,46,48,-6.153846153846154,-101.4065934065934,90.76923076923077,75.16483516483517,-0.21978021978021978,0.821917808219178,-6.712397575378418,-93.37108612060547,76.14395904541016,67.29464721679688,-1.4112277030944824,0.5930347442626953
001_brown,put the brown pouch on the tray,2,0,3,1.848,1788423023.4865985,00001_front_put_the_brown_pouch_on_the_tray.png,00001_wrist_put_the_brown_pouch_on_the_tray.png,recap.png,50,17,47,49,-6.153846153846154,-101.4065934065934,90.76923076923077,75.16483516483517,-0.21978021978021978,0.821917808219178,-6.906519889831543,-92.009521484375,75.2797622680664,67.4894790649414,-1.4560166597366333,0.7510364055633545
001_brown,put the brown pouch on the tray,2,0,3,1.848,1788423023.4865985,00001_front_put_the_brown_pouch_on_the_tray.png,00001_wrist_put_the_brown_pouch_on_the_tray.png,recap.png,50,18,48,50,-6.153846153846154,-101.4065934065934,90.76923076923077,75.16483516483517,-0.21978021978021978,0.821917808219178,-6.735953330993652,-90.75775146484375,74.11248016357422,67.28453063964844,-1.4123950004577637,0.7136815786361694
001_brown,put the brown pouch on the tray,2,0,3,1.848,1788423023.4865985,00001_front_put_the_brown_pouch_on_the_tray.png,00001_wrist_put_the_brown_pouch_on_the_tray.png,recap.png,50,19,49,51,-6.153846153846154,-101.4065934065934,90.76923076923077,75.16483516483517,-0.21978021978021978,0.821917808219178,-6.880686283111572,-89.42027282714844,73.8956069946289,67.35581970214844,-1.4402064085006714,0.696486234664917
001_brown,put the brown pouch on the tray,2,0,3,1.848,1788423023.4865985,00001_front_put_the_brown_pouch_on_the_tray.png,00001_wrist_put_the_brown_pouch_on_the_tray.png,recap.png,50,20,50,52,-6.153846153846154,-101.4065934065934,90.76923076923077,75.16483516483517,-0.21978021978021978,0.821917808219178,-6.62226676940918,-82.82062530517578,70.8730239868164,66.99693298339844,-2.1446056365966797,0.6444167494773865
001_brown,put the brown pouch on the tray,2,0,3,1.848,1788423023.4865985,00001_front_put_the_brown_pouch_on_the_tray.png,00001_wrist_put_the_brown_pouch_on_the_tray.png,recap.png,50,21,51,53,-6.153846153846154,-101.4065934065934,90.76923076923077,75.16483516483517,-0.21978021978021978,0.821917808219178,-6.689607620239258,-79.8966064453125,69.19273376464844,66.72693634033203,-2.2304515838623047,0.6054074764251709
001_brown,put the brown pouch on the tray,2,0,3,1.848,1788423023.4865985,00001_front_put_the_brown_pouch_on_the_tray.png,00001_wrist_put_the_brown_pouch_on_the_tray.png,recap.png,50,22,52,54,-6.153846153846154,-101.4065934065934,90.76923076923077,75.16483516483517,-0.21978021978021978,0.821917808219178,-6.695821762084961,-78.66156005859375,67.51042938232422,66.56758880615234,-2.366790771484375,0.5814497470855713
001_brown,put the brown pouch on the tray,3,0,29,2.718,1788423024.36051,00002_front_put_the_brown_pouch_on_the_tray.png,00002_wrist_put_the_brown_pouch_on_the_tray.png,recap.png,50,0,53,55,-6.681318681318682,-101.4065934065934,89.45054945054945,66.28571428571429,-0.21978021978021978,0.821917808219178,-7.627878189086914,-95.16597747802734,77.06388854980469,66.81988525390625,-1.334029197692871,0.7628436088562012
001_brown,put the brown pouch on the tray,3,0,29,2.718,1788423024.36051,00002_front_put_the_brown_pouch_on_the_tray.png,00002_wrist_put_the_brown_pouch_on_the_tray.png,recap.png,50,1,54,56,-6.681318681318682,-101.4065934065934,89.45054945054945,66.28571428571429,-0.21978021978021978,0.821917808219178,-7.636598587036133,-93.93363189697266,77.10514831542969,66.55553436279297,-1.4616479873657227,0.5531032681465149
001_brown,put the brown pouch on the tray,3,0,29,2.718,1788423024.36051,00002_front_put_the_brown_pouch_on_the_tray.png,00002_wrist_put_the_brown_pouch_on_the_tray.png,recap.png,50,2,55,57,-6.681318681318682,-101.4065934065934,89.45054945054945,66.28571428571429,-0.21978021978021978,0.821917808219178,-7.541011810302734,-93.43270874023438,75.931396484375,66.66851043701172,-1.4485626220703125,0.7139011025428772
001_brown,put the brown pouch on the tray,3,0,29,2.718,1788423024.36051,00002_front_put_the_brown_pouch_on_the_tray.png,00002_wrist_put_the_brown_pouch_on_the_tray.png,recap.png,50,3,56,58,-6.681318681318682,-101.4065934065934,89.45054945054945,66.28571428571429,-0.21978021978021978,0.821917808219178,-7.469905853271484,-92.6651611328125,75.2305908203125,66.671142578125,-1.3280954360961914,0.5498307943344116
001_brown,put the brown pouch on the tray,3,0,29,2.718,1788423024.36051,00002_front_put_the_brown_pouch_on_the_tray.png,00002_wrist_put_the_brown_pouch_on_the_tray.png,recap.png,50,4,57,59,-6.681318681318682,-101.4065934065934,89.45054945054945,66.28571428571429,-0.21978021978021978,0.821917808219178,-7.747344970703125,-90.46471405029297,74.21168518066406,66.39851379394531,-1.1182832717895508,0.6289859414100647
001_brown,put the brown pouch on the tray,3,0,29,2.718,1788423024.36051,00002_front_put_the_brown_pouch_on_the_tray.png,00002_wrist_put_the_brown_pouch_on_the_tray.png,recap.png,50,5,58,60,-6.681318681318682,-101.4065934065934,89.45054945054945,66.28571428571429,-0.21978021978021978,0.821917808219178,-7.43415641784668,-88.09745788574219,73.66995239257812,66.06241607666016,-1.2025251388549805,0.7252086997032166
001_brown,put the brown pouch on the tray,3,0,29,2.718,1788423024.36051,00002_front_put_the_brown_pouch_on_the_tray.png,00002_wrist_put_the_brown_pouch_on_the_tray.png,recap.png,50,6,59,61,-6.681318681318682,-101.4065934065934,89.45054945054945,66.28571428571429,-0.21978021978021978,0.821917808219178,-7.657657623291016,-85.6292953491211,71.54814147949219,66.03529357910156,-1.2877016067504883,0.7643507719039917
001_brown,put the brown pouch on the tray,3,0,29,2.718,1788423024.36051,00002_front_put_the_brown_pouch_on_the_tray.png,00002_wrist_put_the_brown_pouch_on_the_tray.png,recap.png,50,7,60,62,-6.681318681318682,-101.4065934065934,89.45054945054945,66.28571428571429,-0.21978021978021978,0.821917808219178,-7.808765411376953,-83.5289077758789,69.62123107910156,65.71746063232422,-1.4048776626586914,0.7473735213279724
001_brown,put the brown pouch on the tray,3,0,29,2.718,1788423024.36051,00002_front_put_the_brown_pouch_on_the_tray.png,00002_wrist_put_the_brown_pouch_on_the_tray.png,recap.png,50,8,61,63,-6.681318681318682,-101.4065934065934,89.45054945054945,66.28571428571429,-0.21978021978021978,0.821917808219178,-7.713371276855469,-80.42291259765625,68.4795150756836,65.76333618164062,-1.4833507537841797,0.6015932559967041
001_brown,put the brown pouch on the tray,3,0,29,2.718,1788423024.36051,00002_front_put_the_brown_pouch_on_the_tray.png,00002_wrist_put_the_brown_pouch_on_the_tray.png,recap.png,50,9,62,64,-6.681318681318682,-101.4065934065934,89.45054945054945,66.28571428571429,-0.21978021978021978,0.821917808219178,-7.56202507019043,-78.48811340332031,66.77342987060547,65.41609191894531,-1.8509578704833984,0.677769124507904
001_brown,put the brown pouch on the tray,3,0,29,2.718,1788423024.36051,00002_front_put_the_brown_pouch_on_the_tray.png,00002_wrist_put_the_brown_pouch_on_the_tray.png,recap.png,50,10,63,65,-6.681318681318682,-101.4065934065934,89.45054945054945,66.28571428571429,-0.21978021978021978,0.821917808219178,-7.285259246826172,-74.61566162109375,65.81339263916016,64.97671508789062,-1.6222419738769531,0.6350656747817993
001_brown,put the brown pouch on the tray,3,0,29,2.718,1788423024.36051,00002_front_put_the_brown_pouch_on_the_tray.png,00002_wrist_put_the_brown_pouch_on_the_tray.png,recap.png,50,11,64,66,-6.681318681318682,-101.4065934065934,89.45054945054945,66.28571428571429,-0.21978021978021978,0.821917808219178,-7.5284423828125,-72.33525085449219,64.74681854248047,64.80648040771484,-1.6843490600585938,0.7440447211265564
001_brown,put the brown pouch on the tray,3,0,29,2.718,1788423024.36051,00002_front_put_the_brown_pouch_on_the_tray.png,00002_wrist_put_the_brown_pouch_on_the_tray.png,recap.png,50,12,65,67,-6.681318681318682,-101.4065934065934,89.45054945054945,66.28571428571429,-0.21978021978021978,0.821917808219178,-7.210029602050781,-70.08843994140625,62.91382598876953,64.87078857421875,-1.760207176208496,0.7092999219894409
001_brown,put the brown pouch on the tray,3,0,29,2.718,1788423024.36051,00002_front_put_the_brown_pouch_on_the_tray.png,00002_wrist_put_the_brown_pouch_on_the_tray.png,recap.png,50,13,66,68,-6.681318681318682,-101.4065934065934,89.45054945054945,66.28571428571429,-0.21978021978021978,0.821917808219178,-7.437156677246094,-67.92813110351562,62.346405029296875,64.62513732910156,-1.8296232223510742,0.8396694660186768
001_brown,put the brown pouch on the tray,3,0,29,2.718,1788423024.36051,00002_front_put_the_brown_pouch_on_the_tray.png,00002_wrist_put_the_brown_pouch_on_the_tray.png,recap.png,50,14,67,69,-6.681318681318682,-101.4065934065934,89.45054945054945,66.28571428571429,-0.21978021978021978,0.821917808219178,-7.220695495605469,-66.15080261230469,61.03593444824219,64.59432220458984,-1.8386144638061523,1.3223073482513428
001_brown,put the brown pouch on the tray,3,0,29,2.718,1788423024.36051,00002_front_put_the_brown_pouch_on_the_tray.png,00002_wrist_put_the_brown_pouch_on_the_tray.png,recap.png,50,15,68,70,-6.681318681318682,-101.4065934065934,89.45054945054945,66.28571428571429,-0.21978021978021978,0.821917808219178,-6.9748992919921875,-64.65989685058594,59.506629943847656,64.34786987304688,-1.882584571838379,1.9735965728759766
001_brown,put the brown pouch on the tray,3,0,29,2.718,1788423024.36051,00002_front_put_the_brown_pouch_on_the_tray.png,00002_wrist_put_the_brown_pouch_on_the_tray.png,recap.png,50,16,69,71,-6.681318681318682,-101.4065934065934,89.45054945054945,66.28571428571429,-0.21978021978021978,0.821917808219178,-6.926055908203125,-63.02568054199219,58.534034729003906,64.64431762695312,-1.9529485702514648,3.3251821994781494
001_brown,put the brown pouch on the tray,3,0,29,2.718,1788423024.36051,00002_front_put_the_brown_pouch_on_the_tray.png,00002_wrist_put_the_brown_pouch_on_the_tray.png,recap.png,50,17,70,72,-6.681318681318682,-101.4065934065934,89.45054945054945,66.28571428571429,-0.21978021978021978,0.821917808219178,-7.31378173828125,-60.958377838134766,57.615867614746094,64.720947265625,-2.1554670333862305,5.04893684387207
001_brown,put the brown pouch on the tray,3,0,29,2.718,1788423024.36051,00002_front_put_the_brown_pouch_on_the_tray.png,00002_wrist_put_the_brown_pouch_on_the_tray.png,recap.png,50,18,71,73,-6.681318681318682,-101.4065934065934,89.45054945054945,66.28571428571429,-0.21978021978021978,0.821917808219178,-7.02532958984375,-58.9571533203125,56.17457580566406,64.56007385253906,-2.032491683959961,7.523654937744141
001_brown,put the brown pouch on the tray,3,0,29,2.718,1788423024.36051,00002_front_put_the_brown_pouch_on_the_tray.png,00002_wrist_put_the_brown_pouch_on_the_tray.png,recap.png,50,19,72,74,-6.681318681318682,-101.4065934065934,89.45054945054945,66.28571428571429,-0.21978021978021978,0.821917808219178,-6.832826614379883,-57.064640045166016,55.360076904296875,64.9020767211914,-2.196725845336914,9.889237403869629
001_brown,put the brown pouch on the tray,3,0,29,2.718,1788423024.36051,00002_front_put_the_brown_pouch_on_the_tray.png,00002_wrist_put_the_brown_pouch_on_the_tray.png,recap.png,50,20,73,75,-6.681318681318682,-101.4065934065934,89.45054945054945,66.28571428571429,-0.21978021978021978,0.821917808219178,-6.894512176513672,-54.43778991699219,54.18169403076172,64.92221069335938,-2.12955379486084,12.433126449584961
001_brown,put the brown pouch on the tray,3,0,29,2.718,1788423024.36051,00002_front_put_the_brown_pouch_on_the_tray.png,00002_wrist_put_the_brown_pouch_on_the_tray.png,recap.png,50,21,74,76,-6.681318681318682,-101.4065934065934,89.45054945054945,66.28571428571429,-0.21978021978021978,0.821917808219178,-6.9433746337890625,-53.244869232177734,53.088470458984375,65.08485412597656,-2.201000213623047,14.621581077575684
001_brown,put the brown pouch on the tray,3,0,29,2.718,1788423024.36051,00002_front_put_the_brown_pouch_on_the_tray.png,00002_wrist_put_the_brown_pouch_on_the_tray.png,recap.png,50,22,75,77,-6.681318681318682,-101.4065934065934,89.45054945054945,66.28571428571429,-0.21978021978021978,0.821917808219178,-7.2426910400390625,-51.40129852294922,52.513710021972656,64.78033447265625,-1.966111183166504,16.92774772644043
001_brown,put the brown pouch on the tray,3,0,29,2.718,1788423024.36051,00002_front_put_the_brown_pouch_on_the_tray.png,00002_wrist_put_the_brown_pouch_on_the_tray.png,recap.png,50,23,76,78,-6.681318681318682,-101.4065934065934,89.45054945054945,66.28571428571429,-0.21978021978021978,0.821917808219178,-7.11187744140625,-50.12932586669922,51.810203552246094,65.0704345703125,-2.188190460205078,18.991867065429688
001_brown,put the brown pouch on the tray,4,1,52,3.52,1788423025.165535,00003_front_put_the_brown_pouch_on_the_tray.png,00003_wrist_put_the_brown_pouch_on_the_tray.png,recap.png,50,0,77,79,-6.681318681318682,-89.45054945054945,75.82417582417582,67.51648351648352,-1.2747252747252746,0.821917808219178,-6.863292694091797,-43.159366607666016,48.8928108215332,68.11196899414062,-3.2231175899505615,24.62221908569336
001_brown,put the brown pouch on the tray,4,1,52,3.52,1788423025.165535,00003_front_put_the_brown_pouch_on_the_tray.png,00003_wrist_put_the_brown_pouch_on_the_tray.png,recap.png,50,1,78,80,-6.681318681318682,-89.45054945054945,75.82417582417582,67.51648351648352,-1.2747252747252746,0.821917808219178,-6.931714057922363,-42.17264175415039,48.50371170043945,68.04029846191406,-3.1612181663513184,25.082977294921875
001_brown,put the brown pouch on the tray,4,1,52,3.52,1788423025.165535,00003_front_put_the_brown_pouch_on_the_tray.png,00003_wrist_put_the_brown_pouch_on_the_tray.png,recap.png,50,2,79,81,-6.681318681318682,-89.45054945054945,75.82417582417582,67.51648351648352,-1.2747252747252746,0.821917808219178,-6.723133087158203,-39.28659439086914,47.406517028808594,69.3028793334961,-3.6116065979003906,26.03482437133789
001_brown,put the brown pouch on the tray,4,1,52,3.52,1788423025.165535,00003_front_put_the_brown_pouch_on_the_tray.png,00003_wrist_put_the_brown_pouch_on_the_tray.png,recap.png,50,3,80,82,-6.681318681318682,-89.45054945054945,75.82417582417582,67.51648351648352,-1.2747252747252746,0.821917808219178,-6.822792053222656,-38.49347686767578,47.08659362792969,69.17127990722656,-3.5017194747924805,25.78107452392578
001_brown,put the brown pouch on the tray,4,1,52,3.52,1788423025.165535,00003_front_put_the_brown_pouch_on_the_tray.png,00003_wrist_put_the_brown_pouch_on_the_tray.png,recap.png,50,4,81,83,-6.681318681318682,-89.45054945054945,75.82417582417582,67.51648351648352,-1.2747252747252746,0.821917808219178,-6.758413314819336,-38.208457946777344,46.88263702392578,69.23188781738281,-3.550601005554199,25.668872833251953
001_brown,put the brown pouch on the tray,4,1,52,3.52,1788423025.165535,00003_front_put_the_brown_pouch_on_the_tray.png,00003_wrist_put_the_brown_pouch_on_the_tray.png,recap.png,50,5,82,84,-6.681318681318682,-89.45054945054945,75.82417582417582,67.51648351648352,-1.2747252747252746,0.821917808219178,-6.979085922241211,-36.56352233886719,46.40039825439453,69.19775390625,-3.50882625579834,25.486286163330078
001_brown,put the brown pouch on the tray,4,1,52,3.52,1788423025.165535,00003_front_put_the_brown_pouch_on_the_tray.png,00003_wrist_put_the_brown_pouch_on_the_tray.png,recap.png,50,6,83,85,-6.681318681318682,-89.45054945054945,75.82417582417582,67.51648351648352,-1.2747252747252746,0.821917808219178,-6.862049102783203,-36.42247009277344,46.217628479003906,69.23448181152344,-3.535860061645508,25.365995407104492
001_brown,put the brown pouch on the tray,4,1,52,3.52,1788423025.165535,00003_front_put_the_brown_pouch_on_the_tray.png,00003_wrist_put_the_brown_pouch_on_the_tray.png,recap.png,50,7,84,86,-6.681318681318682,-89.45054945054945,75.82417582417582,67.51648351648352,-1.2747252747252746,0.821917808219178,-7.023109436035156,-35.411094665527344,45.926361083984375,69.26495361328125,-3.462129592895508,25.361713409423828
001_brown,put the brown pouch on the tray,4,1,52,3.52,1788423025.165535,00003_front_put_the_brown_pouch_on_the_tray.png,00003_wrist_put_the_brown_pouch_on_the_tray.png,recap.png,50,8,85,87,-6.681318681318682,-89.45054945054945,75.82417582417582,67.51648351648352,-1.2747252747252746,0.821917808219178,-7.071132659912109,-34.931396484375,45.98375701904297,69.27405548095703,-3.5647287368774414,25.373092651367188
001_brown,put the brown pouch on the tray,4,1,52,3.52,1788423025.165535,00003_front_put_the_brown_pouch_on_the_tray.png,00003_wrist_put_the_brown_pouch_on_the_tray.png,recap.png,50,9,86,88,-6.681318681318682,-89.45054945054945,75.82417582417582,67.51648351648352,-1.2747252747252746,0.821917808219178,-6.984369277954102,-33.741943359375,44.99676513671875,69.17977142333984,-3.4831409454345703,25.55087661743164
001_brown,put the brown pouch on the tray,4,1,52,3.52,1788423025.165535,00003_front_put_the_brown_pouch_on_the_tray.png,00003_wrist_put_the_brown_pouch_on_the_tray.png,recap.png,50,10,87,89,-6.681318681318682,-89.45054945054945,75.82417582417582,67.51648351648352,-1.2747252747252746,0.821917808219178,-7.121458053588867,-33.62012481689453,44.90917205810547,69.17520141601562,-3.4806747436523438,25.871429443359375
001_brown,put the brown pouch on the tray,4,1,52,3.52,1788423025.165535,00003_front_put_the_brown_pouch_on_the_tray.png,00003_wrist_put_the_brown_pouch_on_the_tray.png,recap.png,50,11,88,90,-6.681318681318682,-89.45054945054945,75.82417582417582,67.51648351648352,-1.2747252747252746,0.821917808219178,-7.267803192138672,-33.10247039794922,44.671295166015625,69.12690734863281,-3.333555221557617,26.74161720275879
001_brown,put the brown pouch on the tray,4,1,52,3.52,1788423025.165535,00003_front_put_the_brown_pouch_on_the_tray.png,00003_wrist_put_the_brown_pouch_on_the_tray.png,recap.png,50,12,89,91,-6.681318681318682,-89.45054945054945,75.82417582417582,67.51648351648352,-1.2747252747252746,0.821917808219178,-7.31879997253418,-32.402427673339844,44.29840850830078,69.30152130126953,-3.459665298461914,28.432172775268555
001_brown,put the brown pouch on the tray,4,1,52,3.52,1788423025.165535,00003_front_put_the_brown_pouch_on_the_tray.png,00003_wrist_put_the_brown_pouch_on_the_tray.png,recap.png,50,13,90,92,-6.681318681318682,-89.45054945054945,75.82417582417582,67.51648351648352,-1.2747252747252746,0.821917808219178,-7.412998199462891,-32.23628234863281,44.221649169921875,69.64836120605469,-3.391101837158203,31.553878784179688
001_brown,put the brown pouch on the tray,4,1,52,3.52,1788423025.165535,00003_front_put_the_brown_pouch_on_the_tray.png,00003_wrist_put_the_brown_pouch_on_the_tray.png,recap.png,50,14,91,93,-6.681318681318682,-89.45054945054945,75.82417582417582,67.51648351648352,-1.2747252747252746,0.821917808219178,-7.426212310791016,-31.912071228027344,43.71099853515625,69.83190155029297,-3.456618309020996,33.145263671875
001_brown,put the brown pouch on the tray,4,1,52,3.52,1788423025.165535,00003_front_put_the_brown_pouch_on_the_tray.png,00003_wrist_put_the_brown_pouch_on_the_tray.png,recap.png,50,15,92,94,-6.681318681318682,-89.45054945054945,75.82417582417582,67.51648351648352,-1.2747252747252746,0.821917808219178,-7.528491973876953,-31.21393585205078,43.6656494140625,69.971435546875,-3.4614763259887695,33.98892593383789
001_brown,put the brown pouch on the tray,4,1,52,3.52,1788423025.165535,00003_front_put_the_brown_pouch_on_the_tray.png,00003_wrist_put_the_brown_pouch_on_the_tray.png,recap.png,50,16,93,95,-6.681318681318682,-89.45054945054945,75.82417582417582,67.51648351648352,-1.2747252747252746,0.821917808219178,-7.488359451293945,-30.097572326660156,43.22051239013672,69.96766662597656,-3.438312530517578,34.22694778442383
001_brown,put the brown pouch on the tray,4,1,52,3.52,1788423025.165535,00003_front_put_the_brown_pouch_on_the_tray.png,00003_wrist_put_the_brown_pouch_on_the_tray.png,recap.png,50,17,94,96,-6.681318681318682,-89.45054945054945,75.82417582417582,67.51648351648352,-1.2747252747252746,0.821917808219178,-7.633363723754883,-30.114120483398438,42.69464874267578,70.11790466308594,-3.4302072525024414,34.27997589111328
001_brown,put the brown pouch on the tray,4,1,52,3.52,1788423025.165535,00003_front_put_the_brown_pouch_on_the_tray.png,00003_wrist_put_the_brown_pouch_on_the_tray.png,recap.png,50,18,95,97,-6.681318681318682,-89.45054945054945,75.82417582417582,67.51648351648352,-1.2747252747252746,0.821917808219178,-7.642068862915039,-28.9063720703125,42.25999450683594,70.2257080078125,-3.377499580383301,34.37114715576172
001_brown,put the brown pouch on the tray,4,1,52,3.52,1788423025.165535,00003_front_put_the_brown_pouch_on_the_tray.png,00003_wrist_put_the_brown_pouch_on_the_tray.png,recap.png,50,19,96,98,-6.681318681318682,-89.45054945054945,75.82417582417582,67.51648351648352,-1.2747252747252746,0.821917808219178,-7.6639556884765625,-28.732940673828125,42.52110290527344,70.21463012695312,-3.3976240158081055,34.695228576660156
001_brown,put the brown pouch on the tray,4,1,52,3.52,1788423025.165535,00003_front_put_the_brown_pouch_on_the_tray.png,00003_wrist_put_the_brown_pouch_on_the_tray.png,recap.png,50,20,97,99,-6.681318681318682,-89.45054945054945,75.82417582417582,67.51648351648352,-1.2747252747252746,0.821917808219178,-7.757913589477539,-28.333236694335938,42.39556121826172,70.2699203491211,-3.3396987915039062,34.87479019165039
001_brown,put the brown pouch on the tray,4,1,52,3.52,1788423025.165535,00003_front_put_the_brown_pouch_on_the_tray.png,00003_wrist_put_the_brown_pouch_on_the_tray.png,recap.png,50,21,98,100,-6.681318681318682,-89.45054945054945,75.82417582417582,67.51648351648352,-1.2747252747252746,0.821917808219178,-7.759819030761719,-27.033958435058594,41.4871826171875,70.16449737548828,-3.3482437133789062,35.0617790222168
001_brown,put the brown pouch on the tray,4,1,52,3.52,1788423025.165535,00003_front_put_the_brown_pouch_on_the_tray.png,00003_wrist_put_the_brown_pouch_on_the_tray.png,recap.png,50,22,99,101,-6.681318681318682,-89.45054945054945,75.82417582417582,67.51648351648352,-1.2747252747252746,0.821917808219178,-7.7528533935546875,-26.32715606689453,41.392112731933594,70.01138305664062,-3.2813968658447266,35.08321762084961
001_brown,put the brown pouch on the tray,5,0,75,4.357,1788423026.0009031,00004_front_put_the_brown_pouch_on_the_tray.png,00004_wrist_put_the_brown_pouch_on_the_tray.png,recap.png,50,0,100,102,-7.384615384615385,-57.18681318681319,57.89010989010989,65.49450549450549,-1.6263736263736264,9.04109589041096,-8.446602821350098,-28.5233154296875,42.57231521606445,67.83747100830078,-2.849191188812256,31.462055206298828
001_brown,put the brown pouch on the tray,5,0,75,4.357,1788423026.0009031,00004_front_put_the_brown_pouch_on_the_tray.png,00004_wrist_put_the_brown_pouch_on_the_tray.png,recap.png,50,1,101,103,-7.384615384615385,-57.18681318681319,57.89010989010989,65.49450549450549,-1.6263736263736264,9.04109589041096,-8.429293632507324,-27.662456512451172,42.395790100097656,67.68017578125,-2.8355345726013184,31.61981964111328
001_brown,put the brown pouch on the tray,5,0,75,4.357,1788423026.0009031,00004_front_put_the_brown_pouch_on_the_tray.png,00004_wrist_put_the_brown_pouch_on_the_tray.png,recap.png,50,2,102,104,-7.384615384615385,-57.18681318681319,57.89010989010989,65.49450549450549,-1.6263736263736264,9.04109589041096,-8.747001647949219,-28.51885986328125,42.650901794433594,66.96172332763672,-2.652477264404297,30.393922805786133
001_brown,put the brown pouch on the tray,5,0,75,4.357,1788423026.0009031,00004_front_put_the_brown_pouch_on_the_tray.png,00004_wrist_put_the_brown_pouch_on_the_tray.png,recap.png,50,3,103,105,-7.384615384615385,-57.18681318681319,57.89010989010989,65.49450549450549,-1.6263736263736264,9.04109589041096,-8.82768440246582,-28.14306640625,42.238983154296875,66.97979736328125,-2.6134042739868164,30.755935668945312
001_brown,put the brown pouch on the tray,5,0,75,4.357,1788423026.0009031,00004_front_put_the_brown_pouch_on_the_tray.png,00004_wrist_put_the_brown_pouch_on_the_tray.png,recap.png,50,4,104,106,-7.384615384615385,-57.18681318681319,57.89010989010989,65.49450549450549,-1.6263736263736264,9.04109589041096,-8.881877899169922,-27.49317169189453,42.26701354980469,67.08451843261719,-2.5667543411254883,31.000478744506836
001_brown,put the brown pouch on the tray,5,0,75,4.357,1788423026.0009031,00004_front_put_the_brown_pouch_on_the_tray.png,00004_wrist_put_the_brown_pouch_on_the_tray.png,recap.png,50,5,105,107,-7.384615384615385,-57.18681318681319,57.89010989010989,65.49450549450549,-1.6263736263736264,9.04109589041096,-9.089807510375977,-26.65679931640625,41.52998352050781,67.000732421875,-2.5257644653320312,31.465784072875977
001_brown,put the brown pouch on the tray,5,0,75,4.357,1788423026.0009031,00004_front_put_the_brown_pouch_on_the_tray.png,00004_wrist_put_the_brown_pouch_on_the_tray.png,recap.png,50,6,106,108,-7.384615384615385,-57.18681318681319,57.89010989010989,65.49450549450549,-1.6263736263736264,9.04109589041096,-9.224180221557617,-25.813278198242188,41.601806640625,66.8058090209961,-2.5396509170532227,32.0079231262207
001_brown,put the brown pouch on the tray,5,0,75,4.357,1788423026.0009031,00004_front_put_the_brown_pouch_on_the_tray.png,00004_wrist_put_the_brown_pouch_on_the_tray.png,recap.png,50,7,107,109,-7.384615384615385,-57.18681318681319,57.89010989010989,65.49450549450549,-1.6263736263736264,9.04109589041096,-9.237560272216797,-24.68762969970703,40.907928466796875,66.88800048828125,-2.5512590408325195,32.478424072265625
001_brown,put the brown pouch on the tray,5,0,75,4.357,1788423026.0009031,00004_front_put_the_brown_pouch_on_the_tray.png,00004_wrist_put_the_brown_pouch_on_the_tray.png,recap.png,50,8,108,110,-7.384615384615385,-57.18681318681319,57.89010989010989,65.49450549450549,-1.6263736263736264,9.04109589041096,-9.116096496582031,-24.028541564941406,40.53339385986328,66.82556915283203,-2.4810829162597656,32.853675842285156
001_brown,put the brown pouch on the tray,5,0,75,4.357,1788423026.0009031,00004_front_put_the_brown_pouch_on_the_tray.png,00004_wrist_put_the_brown_pouch_on_the_tray.png,recap.png,50,9,109,111,-7.384615384615385,-57.18681318681319,57.89010989010989,65.49450549450549,-1.6263736263736264,9.04109589041096,-9.304454803466797,-23.21385955810547,40.14662170410156,66.76434326171875,-2.4542741775512695,33.152740478515625
001_brown,put the brown pouch on the tray,5,0,75,4.357,1788423026.0009031,00004_front_put_the_brown_pouch_on_the_tray.png,00004_wrist_put_the_brown_pouch_on_the_tray.png,recap.png,50,10,110,112,-7.384615384615385,-57.18681318681319,57.89010989010989,65.49450549450549,-1.6263736263736264,9.04109589041096,-9.361949920654297,-22.15936279296875,39.41943359375,66.6102294921875,-2.462132453918457,33.39677810668945
001_brown,put the brown pouch on the tray,5,0,75,4.357,1788423026.0009031,00004_front_put_the_brown_pouch_on_the_tray.png,00004_wrist_put_the_brown_pouch_on_the_tray.png,recap.png,50,11,111,113,-7.384615384615385,-57.18681318681319,57.89010989010989,65.49450549450549,-1.6263736263736264,9.04109589041096,-9.379720687866211,-21.15149688720703,39.04009246826172,66.64862060546875,-2.3964757919311523,33.607421875
001_brown,put the brown pouch on the tray,5,0,75,4.357,1788423026.0009031,00004_front_put_the_brown_pouch_on_the_tray.png,00004_wrist_put_the_brown_pouch_on_the_tray.png,recap.png,50,12,112,114,-7.384615384615385,-57.18681318681319,57.89010989010989,65.49450549450549,-1.6263736263736264,9.04109589041096,-9.384529113769531,-20.079803466796875,38.55326843261719,66.48405456542969,-2.3814029693603516,33.718570709228516
001_brown,put the brown pouch on the tray,5,0,75,4.357,1788423026.0009031,00004_front_put_the_brown_pouch_on_the_tray.png,00004_wrist_put_the_brown_pouch_on_the_tray.png,recap.png,50,13,113,115,-7.384615384615385,-57.18681318681319,57.89010989010989,65.49450549450549,-1.6263736263736264,9.04109589041096,-9.581710815429688,-19.323341369628906,38.38580322265625,66.5106201171875,-2.3766660690307617,33.57195281982422
001_brown,put the brown pouch on the tray,5,0,75,4.357,1788423026.0009031,00004_front_put_the_brown_pouch_on_the_tray.png,00004_wrist_put_the_brown_pouch_on_the_tray.png,recap.png,50,14,114,116,-7.384615384615385,-57.18681318681319,57.89010989010989,65.49450549450549,-1.6263736263736264,9.04109589041096,-9.534200668334961,-18.366134643554688,37.909912109375,66.31440734863281,-2.316051483154297,33.61322021484375
001_brown,put the brown pouch on the tray,5,0,75,4.357,1788423026.0009031,00004_front_put_the_brown_pouch_on_the_tray.png,00004_wrist_put_the_brown_pouch_on_the_tray.png,recap.png,50,15,115,117,-7.384615384615385,-57.18681318681319,57.89010989010989,65.49450549450549,-1.6263736263736264,9.04109589041096,-9.532045364379883,-17.435462951660156,37.429115295410156,66.21331024169922,-2.243175506591797,33.57520294189453
001_brown,put the brown pouch on the tray,5,0,75,4.357,1788423026.0009031,00004_front_put_the_brown_pouch_on_the_tray.png,00004_wrist_put_the_brown_pouch_on_the_tray.png,recap.png,50,16,116,118,-7.384615384615385,-57.18681318681319,57.89010989010989,65.49450549450549,-1.6263736263736264,9.04109589041096,-9.575735092163086,-16.66552734375,36.96765899658203,66.10240173339844,-2.263697624206543,33.60066223144531
001_brown,put the brown pouch on the tray,5,0,75,4.357,1788423026.0009031,00004_front_put_the_brown_pouch_on_the_tray.png,00004_wrist_put_the_brown_pouch_on_the_tray.png,recap.png,50,17,117,119,-7.384615384615385,-57.18681318681319,57.89010989010989,65.49450549450549,-1.6263736263736264,9.04109589041096,-9.632917404174805,-15.716041564941406,36.863250732421875,66.04566955566406,-2.183741569519043,33.66444396972656
001_brown,put the brown pouch on the tray,5,0,75,4.357,1788423026.0009031,00004_front_put_the_brown_pouch_on_the_tray.png,00004_wrist_put_the_brown_pouch_on_the_tray.png,recap.png,50,18,118,120,-7.384615384615385,-57.18681318681319,57.89010989010989,65.49450549450549,-1.6263736263736264,9.04109589041096,-9.85301399230957,-14.690841674804688,36.53473663330078,66.06546020507812,-2.123227119445801,33.68136978149414
001_brown,put the brown pouch on the tray,5,0,75,4.357,1788423026.0009031,00004_front_put_the_brown_pouch_on_the_tray.png,00004_wrist_put_the_brown_pouch_on_the_tray.png,recap.png,50,19,119,121,-7.384615384615385,-57.18681318681319,57.89010989010989,65.49450549450549,-1.6263736263736264,9.04109589041096,-9.9869384765625,-13.677322387695312,36.50286102294922,65.95222473144531,-2.1549577713012695,33.76886749267578
001_brown,put the brown pouch on the tray,5,0,75,4.357,1788423026.0009031,00004_front_put_the_brown_pouch_on_the_tray.png,00004_wrist_put_the_brown_pouch_on_the_tray.png,recap.png,50,20,120,122,-7.384615384615385,-57.18681318681319,57.89010989010989,65.49450549450549,-1.6263736263736264,9.04109589041096,-9.766399383544922,-12.992835998535156,35.50212097167969,65.95881652832031,-2.087824821472168,33.855628967285156
001_brown,put the brown pouch on the tray,5,0,75,4.357,1788423026.0009031,00004_front_put_the_brown_pouch_on_the_tray.png,00004_wrist_put_the_brown_pouch_on_the_tray.png,recap.png,50,21,121,123,-7.384615384615385,-57.18681318681319,57.89010989010989,65.49450549450549,-1.6263736263736264,9.04109589041096,-10.016054153442383,-12.134483337402344,35.22858428955078,65.8603744506836,-2.0726795196533203,33.852657318115234
001_brown,put the brown pouch on the tray,5,0,75,4.357,1788423026.0009031,00004_front_put_the_brown_pouch_on_the_tray.png,00004_wrist_put_the_brown_pouch_on_the_tray.png,recap.png,50,22,122,124,-7.384615384615385,-57.18681318681319,57.89010989010989,65.49450549450549,-1.6263736263736264,9.04109589041096,-10.00836181640625,-10.782791137695312,35.112640380859375,65.83406066894531,-1.9994096755981445,33.92192077636719
001_brown,put the brown pouch on the tray,5,0,75,4.357,1788423026.0009031,00004_front_put_the_brown_pouch_on_the_tray.png,00004_wrist_put_the_brown_pouch_on_the_tray.png,recap.png,50,23,123,125,-7.384615384615385,-57.18681318681319,57.89010989010989,65.49450549450549,-1.6263736263736264,9.04109589041096,-9.865667343139648,-9.6361083984375,34.13641357421875,65.78594970703125,-2.0235090255737305,33.9247932434082
001_brown,put the brown pouch on the tray,5,0,75,4.357,1788423026.0009031,00004_front_put_the_brown_pouch_on_the_tray.png,00004_wrist_put_the_brown_pouch_on_the_tray.png,recap.png,50,24,124,126,-7.384615384615385,-57.18681318681319,57.89010989010989,65.49450549450549,-1.6263736263736264,9.04109589041096,-9.968009948730469,-8.319595336914062,34.02149963378906,66.05487060546875,-1.8641271591186523,33.994110107421875
001_brown,put the brown pouch on the tray,6,0,99,5.161,1788423026.8058882,00005_front_put_the_brown_pouch_on_the_tray.png,00005_wrist_put_the_brown_pouch_on_the_tray.png,recap.png,50,0,125,127,-7.384615384615385,-28.263736263736263,44.79120879120879,69.71428571428571,-3.032967032967033,34.31506849315068,-8.758586883544922,1.66455078125,27.34808349609375,69.2646484375,-2.9389142990112305,35.304473876953125
001_brown,put the brown pouch on the tray,6,0,99,5.161,1788423026.8058882,00005_front_put_the_brown_pouch_on_the_tray.png,00005_wrist_put_the_brown_pouch_on_the_tray.png,recap.png,50,1,126,128,-7.384615384615385,-28.263736263736263,44.79120879120879,69.71428571428571,-3.032967032967033,34.31506849315068,-8.634809494018555,1.6650238037109375,27.600357055664062,69.3124771118164,-2.9110355377197266,35.39236068725586
001_brown,put the brown pouch on the tray,6,0,99,5.161,1788423026.8058882,00005_front_put_the_brown_pouch_on_the_tray.png,00005_wrist_put_the_brown_pouch_on_the_tray.png,recap.png,50,2,127,129,-7.384615384615385,-28.263736263736263,44.79120879120879,69.71428571428571,-3.032967032967033,34.31506849315068,-8.814966201782227,2.1945343017578125,27.266143798828125,69.17904663085938,-2.906111717224121,35.55644226074219
001_brown,put the brown pouch on the tray,6,0,99,5.161,1788423026.8058882,00005_front_put_the_brown_pouch_on_the_tray.png,00005_wrist_put_the_brown_pouch_on_the_tray.png,recap.png,50,3,128,130,-7.384615384615385,-28.263736263736263,44.79120879120879,69.71428571428571,-3.032967032967033,34.31506849315068,-8.959938049316406,2.9905319213867188,26.65863800048828,69.144775390625,-2.9332475662231445,35.2271614074707
001_brown,put the brown pouch on the tray,6,0,99,5.161,1788423026.8058882,00005_front_put_the_brown_pouch_on_the_tray.png,00005_wrist_put_the_brown_pouch_on_the_tray.png,recap.png,50,4,129,131,-7.384615384615385,-28.263736263736263,44.79120879120879,69.71428571428571,-3.032967032967033,34.31506849315068,-8.822246551513672,3.476837158203125,26.346832275390625,69.07260131835938,-2.907970428466797,34.466590881347656
001_brown,put the brown pouch on the tray,6,0,99,5.161,1788423026.8058882,00005_front_put_the_brown_pouch_on_the_tray.png,00005_wrist_put_the_brown_pouch_on_the_tray.png,recap.png,50,5,130,132,-7.384615384615385,-28.263736263736263,44.79120879120879,69.71428571428571,-3.032967032967033,34.31506849315068,-8.901683807373047,3.4309616088867188,26.024742126464844,69.00393676757812,-2.9412126541137695,32.68386459350586
001_brown,put the brown pouch on the tray,6,0,99,5.161,1788423026.8058882,00005_front_put_the_brown_pouch_on_the_tray.png,00005_wrist_put_the_brown_pouch_on_the_tray.png,recap.png,50,6,131,133,-7.384615384615385,-28.263736263736263,44.79120879120879,69.71428571428571,-3.032967032967033,34.31506849315068,-8.772878646850586,3.3219223022460938,26.340957641601562,69.16397857666016,-2.956265449523926,30.267847061157227
001_brown,put the brown pouch on the tray,6,0,99,5.161,1788423026.8058882,00005_front_put_the_brown_pouch_on_the_tray.png,00005_wrist_put_the_brown_pouch_on_the_tray.png,recap.png,50,7,132,134,-7.384615384615385,-28.263736263736263,44.79120879120879,69.71428571428571,-3.032967032967033,34.31506849315068,-8.600820541381836,3.9331893920898438,26.073890686035156,69.04161071777344,-2.897751808166504,27.965255737304688
001_brown,put the brown pouch on the tray,6,0,99,5.161,1788423026.8058882,00005_front_put_the_brown_pouch_on_the_tray.png,00005_wrist_put_the_brown_pouch_on_the_tray.png,recap.png,50,8,133,135,-7.384615384615385,-28.263736263736263,44.79120879120879,69.71428571428571,-3.032967032967033,34.31506849315068,-8.731489181518555,3.9223251342773438,26.083290100097656,69.21134948730469,-2.8855066299438477,25.735877990722656
001_brown,put the brown pouch on the tray,6,0,99,5.161,1788423026.8058882,00005_front_put_the_brown_pouch_on_the_tray.png,00005_wrist_put_the_brown_pouch_on_the_tray.png,recap.png,50,9,134,136,-7.384615384615385,-28.263736263736263,44.79120879120879,69.71428571428571,-3.032967032967033,34.31506849315068,-8.866771697998047,4.149749755859375,26.08423614501953,69.08039855957031,-2.7100677490234375,23.53571891784668
001_brown,put the brown pouch on the tray,6,0,99,5.161,1788423026.8058882,00005_front_put_the_brown_pouch_on_the_tray.png,00005_wrist_put_the_brown_pouch_on_the_tray.png,recap.png,50,10,135,137,-7.384615384615385,-28.263736263736263,44.79120879120879,69.71428571428571,-3.032967032967033,34.31506849315068,-8.757192611694336,4.345436096191406,26.874481201171875,68.98963165283203,-2.6752681732177734,21.389808654785156
001_brown,put the brown pouch on the tray,6,0,99,5.161,1788423026.8058882,00005_front_put_the_brown_pouch_on_the_tray.png,00005_wrist_put_the_brown_pouch_on_the_tray.png,recap.png,50,11,136,138,-7.384615384615385,-28.263736263736263,44.79120879120879,69.71428571428571,-3.032967032967033,34.31506849315068,-8.64161491394043,4.0285186767578125,26.680099487304688,69.11672973632812,-2.7408456802368164,19.15582847595215
001_brown,put the brown pouch on the tray,6,0,99,5.161,1788423026.8058882,00005_front_put_the_brown_pouch_on_the_tray.png,00005_wrist_put_the_brown_pouch_on_the_tray.png,recap.png,50,12,137,139,-7.384615384615385,-28.263736263736263,44.79120879120879,69.71428571428571,-3.032967032967033,34.31506849315068,-8.535680770874023,4.034599304199219,26.714881896972656,68.9199447631836,-2.7415151596069336,17.05721092224121
001_brown,put the brown pouch on the tray,6,0,99,5.161,1788423026.8058882,00005_front_put_the_brown_pouch_on_the_tray.png,00005_wrist_put_the_brown_pouch_on_the_tray.png,recap.png,50,13,138,140,-7.384615384615385,-28.263736263736263,44.79120879120879,69.71428571428571,-3.032967032967033,34.31506849315068,-8.951353073120117,3.7655258178710938,26.626693725585938,68.85664367675781,-2.7918100357055664,15.152965545654297
001_brown,put the brown pouch on the tray,6,0,99,5.161,1788423026.8058882,00005_front_put_the_brown_pouch_on_the_tray.png,00005_wrist_put_the_brown_pouch_on_the_tray.png,recap.png,50,14,139,141,-7.384615384615385,-28.263736263736263,44.79120879120879,69.71428571428571,-3.032967032967033,34.31506849315068,-8.847370147705078,3.8448638916015625,26.470069885253906,68.96378326416016,-2.6075992584228516,13.548487663269043
001_brown,put the brown pouch on the tray,6,0,99,5.161,1788423026.8058882,00005_front_put_the_brown_pouch_on_the_tray.png,00005_wrist_put_the_brown_pouch_on_the_tray.png,recap.png,50,15,140,142,-7.384615384615385,-28.263736263736263,44.79120879120879,69.71428571428571,-3.032967032967033,34.31506849315068,-8.908905029296875,3.5177230834960938,26.35906219482422,68.8847427368164,-2.628167152404785,12.14233684539795
001_brown,put the brown pouch on the tray,6,0,99,5.161,1788423026.8058882,00005_front_put_the_brown_pouch_on_the_tray.png,00005_wrist_put_the_brown_pouch_on_the_tray.png,recap.png,50,16,141,143,-7.384615384615385,-28.263736263736263,44.79120879120879,69.71428571428571,-3.032967032967033,34.31506849315068,-8.856891632080078,3.3460693359375,26.2987060546875,68.81593322753906,-2.70535945892334,10.785750389099121
001_brown,put the brown pouch on the tray,6,0,99,5.161,1788423026.8058882,00005_front_put_the_brown_pouch_on_the_tray.png,00005_wrist_put_the_brown_pouch_on_the_tray.png,recap.png,50,17,142,144,-7.384615384615385,-28.263736263736263,44.79120879120879,69.71428571428571,-3.032967032967033,34.31506849315068,-8.693870544433594,3.3324356079101562,26.681976318359375,68.75119018554688,-2.83059024810791,9.423519134521484
001_brown,put the brown pouch on the tray,6,0,99,5.161,1788423026.8058882,00005_front_put_the_brown_pouch_on_the_tray.png,00005_wrist_put_the_brown_pouch_on_the_tray.png,recap.png,50,18,143,145,-7.384615384615385,-28.263736263736263,44.79120879120879,69.71428571428571,-3.032967032967033,34.31506849315068,-8.854663848876953,2.9268722534179688,26.146690368652344,68.85184478759766,-2.81402587890625,7.996385097503662
001_brown,put the brown pouch on the tray,6,0,99,5.161,1788423026.8058882,00005_front_put_the_brown_pouch_on_the_tray.png,00005_wrist_put_the_brown_pouch_on_the_tray.png,recap.png,50,19,144,146,-7.384615384615385,-28.263736263736263,44.79120879120879,69.71428571428571,-3.032967032967033,34.31506849315068,-8.838695526123047,2.8674545288085938,26.14630889892578,68.8172836303711,-2.787175178527832,6.832020282745361
001_brown,put the brown pouch on the tray,6,0,99,5.161,1788423026.8058882,00005_front_put_the_brown_pouch_on_the_tray.png,00005_wrist_put_the_brown_pouch_on_the_tray.png,recap.png,50,20,145,147,-7.384615384615385,-28.263736263736263,44.79120879120879,69.71428571428571,-3.032967032967033,34.31506849315068,-8.883106231689453,3.0386962890625,25.918357849121094,68.75765228271484,-2.794388771057129,5.927955627441406
001_brown,put the brown pouch on the tray,6,0,99,5.161,1788423026.8058882,00005_front_put_the_brown_pouch_on_the_tray.png,00005_wrist_put_the_brown_pouch_on_the_tray.png,recap.png,50,21,146,148,-7.384615384615385,-28.263736263736263,44.79120879120879,69.71428571428571,-3.032967032967033,34.31506849315068,-8.87257194519043,3.1113815307617188,25.438453674316406,68.89669799804688,-2.874117851257324,5.531172752380371
001_brown,put the brown pouch on the tray,6,0,99,5.161,1788423026.8058882,00005_front_put_the_brown_pouch_on_the_tray.png,00005_wrist_put_the_brown_pouch_on_the_tray.png,recap.png,50,22,147,149,-7.384615384615385,-28.263736263736263,44.79120879120879,69.71428571428571,-3.032967032967033,34.31506849315068,-8.728221893310547,2.8969650268554688,25.398422241210938,69.135498046875,-3.001032829284668,5.183066368103027
001_brown,put the brown pouch on the tray,6,0,99,5.161,1788423026.8058882,00005_front_put_the_brown_pouch_on_the_tray.png,00005_wrist_put_the_brown_pouch_on_the_tray.png,recap.png,50,23,148,150,-7.384615384615385,-28.263736263736263,44.79120879120879,69.71428571428571,-3.032967032967033,34.31506849315068,-8.934492111206055,2.7115325927734375,24.746383666992188,69.51751708984375,-3.051802635192871,4.960031032562256
001_brown,put the brown pouch on the tray,7,1,124,5.996,1788423027.6304626,00006_front_put_the_brown_pouch_on_the_tray.png,00006_wrist_put_the_brown_pouch_on_the_tray.png,recap.png,50,0,149,151,-9.582417582417582,-11.56043956043956,37.142857142857146,66.72527472527473,-2.5934065934065935,33.630136986301366,-10.35567855834961,-2.5894775390625,29.985794067382812,68.65769958496094,-3.1512069702148438,4.361460208892822
001_brown,put the brown pouch on the tray,7,1,124,5.996,1788423027.6304626,00006_front_put_the_brown_pouch_on_the_tray.png,00006_wrist_put_the_brown_pouch_on_the_tray.png,recap.png,50,1,150,152,-9.582417582417582,-11.56043956043956,37.142857142857146,66.72527472527473,-2.5934065934065935,33.630136986301366,-10.192771911621094,-2.9264602661132812,30.37316131591797,69.35560607910156,-3.218751907348633,4.0949482917785645
001_brown,put the brown pouch on the tray,7,1,124,5.996,1788423027.6304626,00006_front_put_the_brown_pouch_on_the_tray.png,00006_wrist_put_the_brown_pouch_on_the_tray.png,recap.png,50,2,151,153,-9.582417582417582,-11.56043956043956,37.142857142857146,66.72527472527473,-2.5934065934065935,33.630136986301366,-10.596025466918945,-3.1064376831054688,29.68865966796875,70.05245971679688,-3.238583564758301,4.078540325164795
001_brown,put the brown pouch on the tray,7,1,124,5.996,1788423027.6304626,00006_front_put_the_brown_pouch_on_the_tray.png,00006_wrist_put_the_brown_pouch_on_the_tray.png,recap.png,50,3,152,154,-9.582417582417582,-11.56043956043956,37.142857142857146,66.72527472527473,-2.5934065934065935,33.630136986301366,-10.658235549926758,-3.0788803100585938,29.569908142089844,70.77235412597656,-3.3961658477783203,3.912778854370117
001_brown,put the brown pouch on the tray,7,1,124,5.996,1788423027.6304626,00006_front_put_the_brown_pouch_on_the_tray.png,00006_wrist_put_the_brown_pouch_on_the_tray.png,recap.png,50,4,153,155,-9.582417582417582,-11.56043956043956,37.142857142857146,66.72527472527473,-2.5934065934065935,33.630136986301366,-10.852392196655273,-3.5543060302734375,28.879623413085938,71.56493377685547,-3.402684211730957,3.8334410190582275
001_brown,put the brown pouch on the tray,7,1,124,5.996,1788423027.6304626,00006_front_put_the_brown_pouch_on_the_tray.png,00006_wrist_put_the_brown_pouch_on_the_tray.png,recap.png,50,5,154,156,-9.582417582417582,-11.56043956043956,37.142857142857146,66.72527472527473,-2.5934065934065935,33.630136986301366,-11.212718963623047,-4.482208251953125,28.94031524658203,72.42179870605469,-3.5609207153320312,3.7793142795562744
001_brown,put the brown pouch on the tray,7,1,124,5.996,1788423027.6304626,00006_front_put_the_brown_pouch_on_the_tray.png,00006_wrist_put_the_brown_pouch_on_the_tray.png,recap.png,50,6,155,157,-9.582417582417582,-11.56043956043956,37.142857142857146,66.72527472527473,-2.5934065934065935,33.630136986301366,-11.202020645141602,-4.868827819824219,28.331741333007812,73.13904571533203,-3.570431709289551,3.806133270263672
001_brown,put the brown pouch on the tray,7,1,124,5.996,1788423027.6304626,00006_front_put_the_brown_pouch_on_the_tray.png,00006_wrist_put_the_brown_pouch_on_the_tray.png,recap.png,50,7,156,158,-9.582417582417582,-11.56043956043956,37.142857142857146,66.72527472527473,-2.5934065934065935,33.630136986301366,-11.339570999145508,-6.172088623046875,28.618057250976562,73.86175537109375,-3.6748838424682617,3.764983654022217
001_brown,put the brown pouch on the tray,7,1,124,5.996,1788423027.6304626,00006_front_put_the_brown_pouch_on_the_tray.png,00006_wrist_put_the_brown_pouch_on_the_tray.png,recap.png,50,8,157,159,-9.582417582417582,-11.56043956043956,37.142857142857146,66.72527472527473,-2.5934065934065935,33.630136986301366,-11.840970993041992,-7.281036376953125,28.115821838378906,74.66204071044922,-3.7744083404541016,3.8352837562561035
001_brown,put the brown pouch on the tray,7,1,124,5.996,1788423027.6304626,00006_front_put_the_brown_pouch_on_the_tray.png,00006_wrist_put_the_brown_pouch_on_the_tray.png,recap.png,50,9,158,160,-9.582417582417582,-11.56043956043956,37.142857142857146,66.72527472527473,-2.5934065934065935,33.630136986301366,-11.73095703125,-8.056327819824219,28.34454345703125,75.34951782226562,-3.8877735137939453,3.792689800262451
001_brown,put the brown pouch on the tray,7,1,124,5.996,1788423027.6304626,00006_front_put_the_brown_pouch_on_the_tray.png,00006_wrist_put_the_brown_pouch_on_the_tray.png,recap.png,50,10,159,161,-9.582417582417582,-11.56043956043956,37.142857142857146,66.72527472527473,-2.5934065934065935,33.630136986301366,-11.941909790039062,-8.709510803222656,27.439727783203125,76.28125,-3.9173059463500977,3.8392624855041504
001_brown,put the brown pouch on the tray,7,1,124,5.996,1788423027.6304626,00006_front_put_the_brown_pouch_on_the_tray.png,00006_wrist_put_the_brown_pouch_on_the_tray.png,recap.png,50,11,160,162,-9.582417582417582,-11.56043956043956,37.142857142857146,66.72527472527473,-2.5934065934065935,33.630136986301366,-11.821611404418945,-9.421417236328125,27.08214569091797,77.1272201538086,-3.921513557434082,3.8235228061676025
001_brown,put the brown pouch on the tray,7,1,124,5.996,1788423027.6304626,00006_front_put_the_brown_pouch_on_the_tray.png,00006_wrist_put_the_brown_pouch_on_the_tray.png,recap.png,50,12,161,163,-9.582417582417582,-11.56043956043956,37.142857142857146,66.72527472527473,-2.5934065934065935,33.630136986301366,-12.097118377685547,-10.572021484375,26.935272216796875,78.04966735839844,-3.9663496017456055,4.007696151733398
001_brown,put the brown pouch on the tray,7,1,124,5.996,1788423027.6304626,00006_front_put_the_brown_pouch_on_the_tray.png,00006_wrist_put_the_brown_pouch_on_the_tray.png,recap.png,50,13,162,164,-9.582417582417582,-11.56043956043956,37.142857142857146,66.72527472527473,-2.5934065934065935,33.630136986301366,-11.952007293701172,-12.061958312988281,26.90471649169922,78.62109375,-3.991548538208008,3.9517245292663574
001_brown,put the brown pouch on the tray,7,1,124,5.996,1788423027.6304626,00006_front_put_the_brown_pouch_on_the_tray.png,00006_wrist_put_the_brown_pouch_on_the_tray.png,recap.png,50,14,163,165,-9.582417582417582,-11.56043956043956,37.142857142857146,66.72527472527473,-2.5934065934065935,33.630136986301366,-12.106847763061523,-13.165298461914062,26.506942749023438,79.38236999511719,-3.965085029602051,3.995530366897583
001_brown,put the brown pouch on the tray,7,1,124,5.996,1788423027.6304626,00006_front_put_the_brown_pouch_on_the_tray.png,00006_wrist_put_the_brown_pouch_on_the_tray.png,recap.png,50,15,164,166,-9.582417582417582,-11.56043956043956,37.142857142857146,66.72527472527473,-2.5934065934065935,33.630136986301366,-11.889213562011719,-14.345474243164062,26.247955322265625,80.05301666259766,-4.064870834350586,4.054894924163818
001_brown,put the brown pouch on the tray,7,1,124,5.996,1788423027.6304626,00006_front_put_the_brown_pouch_on_the_tray.png,00006_wrist_put_the_brown_pouch_on_the_tray.png,recap.png,50,16,165,167,-9.582417582417582,-11.56043956043956,37.142857142857146,66.72527472527473,-2.5934065934065935,33.630136986301366,-11.953927993774414,-15.802894592285156,26.45476531982422,80.73310852050781,-4.034450531005859,4.066511631011963
001_brown,put the brown pouch on the tray,7,1,124,5.996,1788423027.6304626,00006_front_put_the_brown_pouch_on_the_tray.png,00006_wrist_put_the_brown_pouch_on_the_tray.png,recap.png,50,17,166,168,-9.582417582417582,-11.56043956043956,37.142857142857146,66.72527472527473,-2.5934065934065935,33.630136986301366,-11.694046020507812,-17.082611083984375,25.926803588867188,81.38817596435547,-4.148983955383301,4.077669143676758
001_brown,put the brown pouch on the tray,7,1,124,5.996,1788423027.6304626,00006_front_put_the_brown_pouch_on_the_tray.png,00006_wrist_put_the_brown_pouch_on_the_tray.png,recap.png,50,18,167,169,-9.582417582417582,-11.56043956043956,37.142857142857146,66.72527472527473,-2.5934065934065935,33.630136986301366,-11.461494445800781,-17.569969177246094,25.381988525390625,81.99546813964844,-4.056266784667969,4.136995315551758
001_brown,put the brown pouch on the tray,7,1,124,5.996,1788423027.6304626,00006_front_put_the_brown_pouch_on_the_tray.png,00006_wrist_put_the_brown_pouch_on_the_tray.png,recap.png,50,19,168,170,-9.582417582417582,-11.56043956043956,37.142857142857146,66.72527472527473,-2.5934065934065935,33.630136986301366,-11.074642181396484,-18.904579162597656,25.341888427734375,82.5347900390625,-4.217566013336182,4.179950714111328
001_brown,put the brown pouch on the tray,7,1,124,5.996,1788423027.6304626,00006_front_put_the_brown_pouch_on_the_tray.png,00006_wrist_put_the_brown_pouch_on_the_tray.png,recap.png,50,20,169,171,-9.582417582417582,-11.56043956043956,37.142857142857146,66.72527472527473,-2.5934065934065935,33.630136986301366,-10.990463256835938,-18.917381286621094,24.599586486816406,83.20404052734375,-4.2173752784729,4.087252140045166
001_brown,put the brown pouch on the tray,7,1,124,5.996,1788423027.6304626,00006_front_put_the_brown_pouch_on_the_tray.png,00006_wrist_put_the_brown_pouch_on_the_tray.png,recap.png,50,21,170,172,-9.582417582417582,-11.56043956043956,37.142857142857146,66.72527472527473,-2.5934065934065935,33.630136986301366,-10.144287109375,-20.595367431640625,24.843421936035156,83.6064453125,-4.107868194580078,4.127476215362549
001_brown,put the brown pouch on the tray,7,1,124,5.996,1788423027.6304626,00006_front_put_the_brown_pouch_on_the_tray.png,00006_wrist_put_the_brown_pouch_on_the_tray.png,recap.png,50,22,171,173,-9.582417582417582,-11.56043956043956,37.142857142857146,66.72527472527473,-2.5934065934065935,33.630136986301366,-9.462488174438477,-21.06073760986328,24.293853759765625,83.77165222167969,-4.166844844818115,4.225531578063965
001_brown,put the brown pouch on the tray,7,1,124,5.996,1788423027.6304626,00006_front_put_the_brown_pouch_on_the_tray.png,00006_wrist_put_the_brown_pouch_on_the_tray.png,recap.png,50,23,172,174,-9.582417582417582,-11.56043956043956,37.142857142857146,66.72527472527473,-2.5934065934065935,33.630136986301366,-8.550802230834961,-22.555458068847656,24.060028076171875,83.79171752929688,-4.2011871337890625,4.22727108001709
001_brown,put the brown pouch on the tray,8,1,148,6.899,1788423028.5345936,00007_front_put_the_brown_pouch_on_the_tray.png,00007_wrist_put_the_brown_pouch_on_the_tray.png,recap.png,50,0,173,175,-9.406593406593407,2.5934065934065935,25.714285714285715,68.92307692307692,-2.32967032967033,18.493150684931507,-7.07695198059082,-13.367822647094727,12.870994567871094,87.1201171875,-5.0466508865356445,5.830617904663086
001_brown,put the brown pouch on the tray,8,1,148,6.899,1788423028.5345936,00007_front_put_the_brown_pouch_on_the_tray.png,00007_wrist_put_the_brown_pouch_on_the_tray.png,recap.png,50,1,174,176,-9.406593406593407,2.5934065934065935,25.714285714285715,68.92307692307692,-2.32967032967033,18.493150684931507,-6.293848037719727,-10.007637023925781,8.619773864746094,89.01899719238281,-5.34011173248291,6.562049865722656
001_brown,put the brown pouch on the tray,8,1,148,6.899,1788423028.5345936,00007_front_put_the_brown_pouch_on_the_tray.png,00007_wrist_put_the_brown_pouch_on_the_tray.png,recap.png,50,2,175,177,-9.406593406593407,2.5934065934065935,25.714285714285715,68.92307692307692,-2.32967032967033,18.493150684931507,-5.700992584228516,-10.290611267089844,8.1298828125,89.2315673828125,-5.337052822113037,6.574280261993408
001_brown,put the brown pouch on the tray,8,1,148,6.899,1788423028.5345936,00007_front_put_the_brown_pouch_on_the_tray.png,00007_wrist_put_the_brown_pouch_on_the_tray.png,recap.png,50,3,176,178,-9.406593406593407,2.5934065934065935,25.714285714285715,68.92307692307692,-2.32967032967033,18.493150684931507,-5.332197189331055,-11.37933349609375,6.826133728027344,89.6449203491211,-5.396108150482178,6.52191686630249
001_brown,put the brown pouch on the tray,8,1,148,6.899,1788423028.5345936,00007_front_put_the_brown_pouch_on_the_tray.png,00007_wrist_put_the_brown_pouch_on_the_tray.png,recap.png,50,4,177,179,-9.406593406593407,2.5934065934065935,25.714285714285715,68.92307692307692,-2.32967032967033,18.493150684931507,-4.796045303344727,-12.501144409179688,8.119834899902344,90.03871154785156,-5.373617649078369,6.555392265319824
001_brown,put the brown pouch on the tray,8,1,148,6.899,1788423028.5345936,00007_front_put_the_brown_pouch_on_the_tray.png,00007_wrist_put_the_brown_pouch_on_the_tray.png,recap.png,50,5,178,180,-9.406593406593407,2.5934065934065935,25.714285714285715,68.92307692307692,-2.32967032967033,18.493150684931507,-3.696939468383789,-13.077072143554688,7.073326110839844,90.09184265136719,-5.325207233428955,6.500052452087402
001_brown,put the brown pouch on the tray,8,1,148,6.899,1788423028.5345936,00007_front_put_the_brown_pouch_on_the_tray.png,00007_wrist_put_the_brown_pouch_on_the_tray.png,recap.png,50,6,179,181,-9.406593406593407,2.5934065934065935,25.714285714285715,68.92307692307692,-2.32967032967033,18.493150684931507,-3.3713550567626953,-13.729133605957031,7.587406158447266,90.02301788330078,-5.143285274505615,6.698498249053955
001_brown,put the brown pouch on the tray,8,1,148,6.899,1788423028.5345936,00007_front_put_the_brown_pouch_on_the_tray.png,00007_wrist_put_the_brown_pouch_on_the_tray.png,recap.png,50,7,180,182,-9.406593406593407,2.5934065934065935,25.714285714285715,68.92307692307692,-2.32967032967033,18.493150684931507,-2.602426528930664,-14.831146240234375,7.152881622314453,89.99739074707031,-5.206103324890137,6.536792278289795
001_brown,put the brown pouch on the tray,8,1,148,6.899,1788423028.5345936,00007_front_put_the_brown_pouch_on_the_tray.png,00007_wrist_put_the_brown_pouch_on_the_tray.png,recap.png,50,8,181,183,-9.406593406593407,2.5934065934065935,25.714285714285715,68.92307692307692,-2.32967032967033,18.493150684931507,-1.6691265106201172,-15.779251098632812,7.0517730712890625,90.34991455078125,-4.982028961181641,6.598613262176514
001_brown,put the brown pouch on the tray,8,1,148,6.899,1788423028.5345936,00007_front_put_the_brown_pouch_on_the_tray.png,00007_wrist_put_the_brown_pouch_on_the_tray.png,recap.png,50,9,182,184,-9.406593406593407,2.5934065934065935,25.714285714285715,68.92307692307692,-2.32967032967033,18.493150684931507,-0.6537265777587891,-15.832969665527344,6.5796051025390625,90.09439086914062,-4.935183048248291,6.575257778167725
001_brown,put the brown pouch on the tray,8,1,148,6.899,1788423028.5345936,00007_front_put_the_brown_pouch_on_the_tray.png,00007_wrist_put_the_brown_pouch_on_the_tray.png,recap.png,50,10,183,185,-9.406593406593407,2.5934065934065935,25.714285714285715,68.92307692307692,-2.32967032967033,18.493150684931507,0.5699195861816406,-16.418060302734375,6.269680023193359,90.30709075927734,-4.69197940826416,6.5773701667785645
001_brown,put the brown pouch on the tray,8,1,148,6.899,1788423028.5345936,00007_front_put_the_brown_pouch_on_the_tray.png,00007_wrist_put_the_brown_pouch_on_the_tray.png,recap.png,50,11,184,186,-9.406593406593407,2.5934065934065935,25.714285714285715,68.92307692307692,-2.32967032967033,18.493150684931507,1.2711601257324219,-16.662574768066406,5.265003204345703,90.09664916992188,-4.534652233123779,6.5157246589660645
001_brown,put the brown pouch on the tray,8,1,148,6.899,1788423028.5345936,00007_front_put_the_brown_pouch_on_the_tray.png,00007_wrist_put_the_brown_pouch_on_the_tray.png,recap.png,50,12,185,187,-9.406593406593407,2.5934065934065935,25.714285714285715,68.92307692307692,-2.32967032967033,18.493150684931507,2.8256759643554688,-16.898544311523438,4.100002288818359,90.11921691894531,-4.599652290344238,6.7159318923950195
001_brown,put the brown pouch on the tray,8,1,148,6.899,1788423028.5345936,00007_front_put_the_brown_pouch_on_the_tray.png,00007_wrist_put_the_brown_pouch_on_the_tray.png,recap.png,50,13,186,188,-9.406593406593407,2.5934065934065935,25.714285714285715,68.92307692307692,-2.32967032967033,18.493150684931507,4.1405029296875,-17.660400390625,3.830333709716797,89.88127136230469,-4.324254989624023,6.815809726715088
001_brown,put the brown pouch on the tray,8,1,148,6.899,1788423028.5345936,00007_front_put_the_brown_pouch_on_the_tray.png,00007_wrist_put_the_brown_pouch_on_the_tray.png,recap.png,50,14,187,189,-9.406593406593407,2.5934065934065935,25.714285714285715,68.92307692307692,-2.32967032967033,18.493150684931507,5.0143585205078125,-17.804481506347656,2.875873565673828,89.66261291503906,-4.112776756286621,6.560125350952148
001_brown,put the brown pouch on the tray,8,1,148,6.899,1788423028.5345936,00007_front_put_the_brown_pouch_on_the_tray.png,00007_wrist_put_the_brown_pouch_on_the_tray.png,recap.png,50,15,188,190,-9.406593406593407,2.5934065934065935,25.714285714285715,68.92307692307692,-2.32967032967033,18.493150684931507,5.806404113769531,-18.373977661132812,2.144390106201172,89.76476287841797,-3.9362096786499023,6.706965446472168
001_brown,put the brown pouch on the tray,8,1,148,6.899,1788423028.5345936,00007_front_put_the_brown_pouch_on_the_tray.png,00007_wrist_put_the_brown_pouch_on_the_tray.png,recap.png,50,16,189,191,-9.406593406593407,2.5934065934065935,25.714285714285715,68.92307692307692,-2.32967032967033,18.493150684931507,7.169734954833984,-17.473411560058594,1.2652778625488281,89.47850799560547,-3.83164119720459,6.562189102172852
001_brown,put the brown pouch on the tray,8,1,148,6.899,1788423028.5345936,00007_front_put_the_brown_pouch_on_the_tray.png,00007_wrist_put_the_brown_pouch_on_the_tray.png,recap.png,50,17,190,192,-9.406593406593407,2.5934065934065935,25.714285714285715,68.92307692307692,-2.32967032967033,18.493150684931507,7.9498138427734375,-17.065101623535156,1.0475807189941406,89.24221801757812,-3.778529167175293,6.595160007476807
001_brown,put the brown pouch on the tray,8,1,148,6.899,1788423028.5345936,00007_front_put_the_brown_pouch_on_the_tray.png,00007_wrist_put_the_brown_pouch_on_the_tray.png,recap.png,50,18,191,193,-9.406593406593407,2.5934065934065935,25.714285714285715,68.92307692307692,-2.32967032967033,18.493150684931507,9.611621856689453,-16.369277954101562,-0.25997161865234375,88.87400817871094,-3.6790666580200195,6.715317249298096
001_brown,put the brown pouch on the tray,8,1,148,6.899,1788423028.5345936,00007_front_put_the_brown_pouch_on_the_tray.png,00007_wrist_put_the_brown_pouch_on_the_tray.png,recap.png,50,19,192,194,-9.406593406593407,2.5934065934065935,25.714285714285715,68.92307692307692,-2.32967032967033,18.493150684931507,11.072010040283203,-16.376083374023438,-0.08241653442382812,88.86491394042969,-3.581043243408203,6.636297702789307
001_brown,put the brown pouch on the tray,8,1,148,6.899,1788423028.5345936,00007_front_put_the_brown_pouch_on_the_tray.png,00007_wrist_put_the_brown_pouch_on_the_tray.png,recap.png,50,20,193,195,-9.406593406593407,2.5934065934065935,25.714285714285715,68.92307692307692,-2.32967032967033,18.493150684931507,12.229774475097656,-15.980995178222656,-0.1524505615234375,88.15423583984375,-3.2830562591552734,6.666459560394287
001_brown,put the brown pouch on the tray,8,1,148,6.899,1788423028.5345936,00007_front_put_the_brown_pouch_on_the_tray.png,00007_wrist_put_the_brown_pouch_on_the_tray.png,recap.png,50,21,194,196,-9.406593406593407,2.5934065934065935,25.714285714285715,68.92307692307692,-2.32967032967033,18.493150684931507,13.6036376953125,-15.794937133789062,-1.241607666015625,88.09002685546875,-3.172830581665039,6.662539005279541
001_brown,put the brown pouch on the tray,8,1,148,6.899,1788423028.5345936,00007_front_put_the_brown_pouch_on_the_tray.png,00007_wrist_put_the_brown_pouch_on_the_tray.png,recap.png,50,22,195,197,-9.406593406593407,2.5934065934065935,25.714285714285715,68.92307692307692,-2.32967032967033,18.493150684931507,14.547401428222656,-15.675552368164062,-0.8178253173828125,87.42103576660156,-3.1998939514160156,6.543443202972412
001_brown,put the brown pouch on the tray,8,1,148,6.899,1788423028.5345936,00007_front_put_the_brown_pouch_on_the_tray.png,00007_wrist_put_the_brown_pouch_on_the_tray.png,recap.png,50,23,196,198,-9.406593406593407,2.5934065934065935,25.714285714285715,68.92307692307692,-2.32967032967033,18.493150684931507,15.562355041503906,-15.4813232421875,-1.373046875,87.29498291015625,-2.9626541137695312,6.573838710784912
001_brown,put the brown pouch on the tray,8,1,148,6.899,1788423028.5345936,00007_front_put_the_brown_pouch_on_the_tray.png,00007_wrist_put_the_brown_pouch_on_the_tray.png,recap.png,50,24,197,199,-9.406593406593407,2.5934065934065935,25.714285714285715,68.92307692307692,-2.32967032967033,18.493150684931507,16.678890228271484,-14.121589660644531,-1.5788688659667969,86.48880004882812,-3.013718605041504,6.762509346008301
001_brown,put the brown pouch on the tray,9,0,172,7.736,1788423029.387753,00008_front_put_the_brown_pouch_on_the_tray.png,00008_wrist_put_the_brown_pouch_on_the_tray.png,recap.png,50,0,198,200,-11.252747252747254,-15.428571428571429,28.87912087912088,82.81318681318682,-3.5604395604395602,15.205479452054796,5.711559295654297,-31.436935424804688,16.571624755859375,86.34614562988281,-3.0281877517700195,7.610527515411377
001_brown,put the brown pouch on the tray,9,0,172,7.736,1788423029.387753,00008_front_put_the_brown_pouch_on_the_tray.png,00008_wrist_put_the_brown_pouch_on_the_tray.png,recap.png,50,1,199,201,-11.252747252747254,-15.428571428571429,28.87912087912088,82.81318681318682,-3.5604395604395602,15.205479452054796,6.761425018310547,-31.19164276123047,15.706398010253906,86.2642822265625,-3.074369430541992,7.553540229797363
001_brown,put the brown pouch on the tray,9,0,172,7.736,1788423029.387753,00008_front_put_the_brown_pouch_on_the_tray.png,00008_wrist_put_the_brown_pouch_on_the_tray.png,recap.png,50,2,200,202,-11.252747252747254,-15.428571428571429,28.87912087912088,82.81318681318682,-3.5604395604395602,15.205479452054796,7.898303985595703,-30.88409423828125,15.76702880859375,85.6876449584961,-2.870203971862793,7.585097789764404
001_brown,put the brown pouch on the tray,9,0,172,7.736,1788423029.387753,00008_front_put_the_brown_pouch_on_the_tray.png,00008_wrist_put_the_brown_pouch_on_the_tray.png,recap.png,50,3,201,203,-11.252747252747254,-15.428571428571429,28.87912087912088,82.81318681318682,-3.5604395604395602,15.205479452054796,8.932140350341797,-31.031707763671875,15.249031066894531,85.2486343383789,-2.847947120666504,7.463743686676025
001_brown,put the brown pouch on the tray,9,0,172,7.736,1788423029.387753,00008_front_put_the_brown_pouch_on_the_tray.png,00008_wrist_put_the_brown_pouch_on_the_tray.png,recap.png,50,4,202,204,-11.252747252747254,-15.428571428571429,28.87912087912088,82.81318681318682,-3.5604395604395602,15.205479452054796,9.999603271484375,-30.07964324951172,14.370491027832031,84.71385192871094,-2.6281356811523438,7.5537590980529785
001_brown,put the brown pouch on the tray,9,0,172,7.736,1788423029.387753,00008_front_put_the_brown_pouch_on_the_tray.png,00008_wrist_put_the_brown_pouch_on_the_tray.png,recap.png,50,5,203,205,-11.252747252747254,-15.428571428571429,28.87912087912088,82.81318681318682,-3.5604395604395602,15.205479452054796,10.883804321289062,-29.54454803466797,13.831008911132812,84.24368286132812,-2.6905574798583984,7.417401313781738
001_brown,put the brown pouch on the tray,9,0,172,7.736,1788423029.387753,00008_front_put_the_brown_pouch_on_the_tray.png,00008_wrist_put_the_brown_pouch_on_the_tray.png,recap.png,50,6,204,206,-11.252747252747254,-15.428571428571429,28.87912087912088,82.81318681318682,-3.5604395604395602,15.205479452054796,12.70693588256836,-29.593772888183594,14.592864990234375,83.73397064208984,-2.5520410537719727,7.603207111358643
001_brown,put the brown pouch on the tray,9,0,172,7.736,1788423029.387753,00008_front_put_the_brown_pouch_on_the_tray.png,00008_wrist_put_the_brown_pouch_on_the_tray.png,recap.png,50,7,205,207,-11.252747252747254,-15.428571428571429,28.87912087912088,82.81318681318682,-3.5604395604395602,15.205479452054796,14.083187103271484,-28.080474853515625,12.817924499511719,83.29109191894531,-2.377725601196289,7.589675426483154
001_brown,put the brown pouch on the tray,9,0,172,7.736,1788423029.387753,00008_front_put_the_brown_pouch_on_the_tray.png,00008_wrist_put_the_brown_pouch_on_the_tray.png,recap.png,50,8,206,208,-11.252747252747254,-15.428571428571429,28.87912087912088,82.81318681318682,-3.5604395604395602,15.205479452054796,15.363716125488281,-27.069168090820312,12.511344909667969,82.86033630371094,-2.344843864440918,7.329672336578369
001_brown,put the brown pouch on the tray,9,0,172,7.736,1788423029.387753,00008_front_put_the_brown_pouch_on_the_tray.png,00008_wrist_put_the_brown_pouch_on_the_tray.png,recap.png,50,9,207,209,-11.252747252747254,-15.428571428571429,28.87912087912088,82.81318681318682,-3.5604395604395602,15.205479452054796,16.514667510986328,-25.930946350097656,10.906272888183594,82.73946380615234,-2.1142187118530273,7.396419525146484
001_brown,put the brown pouch on the tray,9,0,172,7.736,1788423029.387753,00008_front_put_the_brown_pouch_on_the_tray.png,00008_wrist_put_the_brown_pouch_on_the_tray.png,recap.png,50,10,208,210,-11.252747252747254,-15.428571428571429,28.87912087912088,82.81318681318682,-3.5604395604395602,15.205479452054796,17.635391235351562,-24.441184997558594,9.52545166015625,82.47459411621094,-2.1572723388671875,7.392934799194336
001_brown,put the brown pouch on the tray,9,0,172,7.736,1788423029.387753,00008_front_put_the_brown_pouch_on_the_tray.png,00008_wrist_put_the_brown_pouch_on_the_tray.png,recap.png,50,11,209,211,-11.252747252747254,-15.428571428571429,28.87912087912088,82.81318681318682,-3.5604395604395602,15.205479452054796,18.76724624633789,-22.0682373046875,8.386566162109375,82.51717376708984,-2.0509109497070312,7.514391899108887
001_brown,put the brown pouch on the tray,9,0,172,7.736,1788423029.387753,00008_front_put_the_brown_pouch_on_the_tray.png,00008_wrist_put_the_brown_pouch_on_the_tray.png,recap.png,50,12,210,212,-11.252747252747254,-15.428571428571429,28.87912087912088,82.81318681318682,-3.5604395604395602,15.205479452054796,20.126728057861328,-20.243934631347656,6.090534210205078,82.2825927734375,-2.04019832611084,7.473282814025879
001_brown,put the brown pouch on the tray,9,0,172,7.736,1788423029.387753,00008_front_put_the_brown_pouch_on_the_tray.png,00008_wrist_put_the_brown_pouch_on_the_tray.png,recap.png,50,13,211,213,-11.252747252747254,-15.428571428571429,28.87912087912088,82.81318681318682,-3.5604395604395602,15.205479452054796,20.623764038085938,-18.759841918945312,4.256931304931641,82.39291381835938,-2.0275793075561523,7.391524314880371
001_brown,put the brown pouch on the tray,9,0,172,7.736,1788423029.387753,00008_front_put_the_brown_pouch_on_the_tray.png,00008_wrist_put_the_brown_pouch_on_the_tray.png,recap.png,50,14,212,214,-11.252747252747254,-15.428571428571429,28.87912087912088,82.81318681318682,-3.5604395604395602,15.205479452054796,21.916683197021484,-16.999664306640625,3.120471954345703,82.41403198242188,-1.9224128723144531,7.446072578430176
001_brown,put the brown pouch on the tray,9,0,172,7.736,1788423029.387753,00008_front_put_the_brown_pouch_on_the_tray.png,00008_wrist_put_the_brown_pouch_on_the_tray.png,recap.png,50,15,213,215,-11.252747252747254,-15.428571428571429,28.87912087912088,82.81318681318682,-3.5604395604395602,15.205479452054796,22.754344940185547,-15.236793518066406,1.2028770446777344,82.51252746582031,-1.782745361328125,7.497747898101807
001_brown,put the brown pouch on the tray,9,0,172,7.736,1788423029.387753,00008_front_put_the_brown_pouch_on_the_tray.png,00008_wrist_put_the_brown_pouch_on_the_tray.png,recap.png,50,16,214,216,-11.252747252747254,-15.428571428571429,28.87912087912088,82.81318681318682,-3.5604395604395602,15.205479452054796,23.55084228515625,-13.655113220214844,-0.9925308227539062,82.43683624267578,-1.6895341873168945,7.3640265464782715
001_brown,put the brown pouch on the tray,9,0,172,7.736,1788423029.387753,00008_front_put_the_brown_pouch_on_the_tray.png,00008_wrist_put_the_brown_pouch_on_the_tray.png,recap.png,50,17,215,217,-11.252747252747254,-15.428571428571429,28.87912087912088,82.81318681318682,-3.5604395604395602,15.205479452054796,24.28972625732422,-12.019874572753906,-2.1722984313964844,82.43949890136719,-1.822967529296875,7.504952430725098
001_brown,put the brown pouch on the tray,9,0,172,7.736,1788423029.387753,00008_front_put_the_brown_pouch_on_the_tray.png,00008_wrist_put_the_brown_pouch_on_the_tray.png,recap.png,50,18,216,218,-11.252747252747254,-15.428571428571429,28.87912087912088,82.81318681318682,-3.5604395604395602,15.205479452054796,25.039268493652344,-10.313995361328125,-3.683135986328125,82.76773071289062,-1.7286882400512695,7.356929302215576
001_brown,put the brown pouch on the tray,9,0,172,7.736,1788423029.387753,00008_front_put_the_brown_pouch_on_the_tray.png,00008_wrist_put_the_brown_pouch_on_the_tray.png,recap.png,50,19,217,219,-11.252747252747254,-15.428571428571429,28.87912087912088,82.81318681318682,-3.5604395604395602,15.205479452054796,25.50670623779297,-8.921707153320312,-5.528064727783203,82.86109924316406,-1.8142681121826172,7.499750137329102
001_brown,put the brown pouch on the tray,9,0,172,7.736,1788423029.387753,00008_front_put_the_brown_pouch_on_the_tray.png,00008_wrist_put_the_brown_pouch_on_the_tray.png,recap.png,50,20,218,220,-11.252747252747254,-15.428571428571429,28.87912087912088,82.81318681318682,-3.5604395604395602,15.205479452054796,26.146961212158203,-7.581687927246094,-6.71917724609375,82.72752380371094,-1.748927116394043,7.2555251121521
001_brown,put the brown pouch on the tray,9,0,172,7.736,1788423029.387753,00008_front_put_the_brown_pouch_on_the_tray.png,00008_wrist_put_the_brown_pouch_on_the_tray.png,recap.png,50,21,219,221,-11.252747252747254,-15.428571428571429,28.87912087912088,82.81318681318682,-3.5604395604395602,15.205479452054796,26.341411590576172,-6.311119079589844,-8.456249237060547,82.93742370605469,-1.6099843978881836,7.490234375
001_brown,put the brown pouch on the tray,9,0,172,7.736,1788423029.387753,00008_front_put_the_brown_pouch_on_the_tray.png,00008_wrist_put_the_brown_pouch_on_the_tray.png,recap.png,50,22,220,222,-11.252747252747254,-15.428571428571429,28.87912087912088,82.81318681318682,-3.5604395604395602,15.205479452054796,26.863571166992188,-4.512916564941406,-9.362537384033203,83.14207458496094,-1.6610641479492188,7.392014980316162
001_brown,put the brown pouch on the tray,9,0,172,7.736,1788423029.387753,00008_front_put_the_brown_pouch_on_the_tray.png,00008_wrist_put_the_brown_pouch_on_the_tray.png,recap.png,50,23,221,223,-11.252747252747254,-15.428571428571429,28.87912087912088,82.81318681318682,-3.5604395604395602,15.205479452054796,27.331687927246094,-3.1566619873046875,-11.860916137695312,83.07877349853516,-1.9869327545166016,7.391776084899902
001_brown,put the brown pouch on the tray,10,1,197,8.572,1788423030.208341,00009_front_put_the_brown_pouch_on_the_tray.png,00009_wrist_put_the_brown_pouch_on_the_tray.png,recap.png,50,0,222,224,12.835164835164836,-13.406593406593407,4.0,89.4065934065934,-3.4725274725274726,14.520547945205479,33.86784744262695,-4.1009674072265625,-3.6524734497070312,74.68685913085938,-2.1513242721557617,4.609165668487549
001_brown,put the brown pouch on the tray,10,1,197,8.572,1788423030.208341,00009_front_put_the_brown_pouch_on_the_tray.png,00009_wrist_put_the_brown_pouch_on_the_tray.png,recap.png,50,1,223,225,12.835164835164836,-13.406593406593407,4.0,89.4065934065934,-3.4725274725274726,14.520547945205479,33.750728607177734,-3.3030319213867188,-4.870155334472656,74.83152770996094,-2.1358041763305664,4.686481475830078
001_brown,put the brown pouch on the tray,10,1,197,8.572,1788423030.208341,00009_front_put_the_brown_pouch_on_the_tray.png,00009_wrist_put_the_brown_pouch_on_the_tray.png,recap.png,50,2,224,226,12.835164835164836,-13.406593406593407,4.0,89.4065934065934,-3.4725274725274726,14.520547945205479,34.16981887817383,-0.8242111206054688,-5.411354064941406,74.61882019042969,-2.296816825866699,4.762308597564697
001_brown,put the brown pouch on the tray,10,1,197,8.572,1788423030.208341,00009_front_put_the_brown_pouch_on_the_tray.png,00009_wrist_put_the_brown_pouch_on_the_tray.png,recap.png,50,3,225,227,12.835164835164836,-13.406593406593407,4.0,89.4065934065934,-3.4725274725274726,14.520547945205479,34.42831802368164,-0.46727752685546875,-6.971042633056641,74.9330062866211,-2.2808103561401367,4.680582046508789
001_brown,put the brown pouch on the tray,10,1,197,8.572,1788423030.208341,00009_front_put_the_brown_pouch_on_the_tray.png,00009_wrist_put_the_brown_pouch_on_the_tray.png,recap.png,50,4,226,228,12.835164835164836,-13.406593406593407,4.0,89.4065934065934,-3.4725274725274726,14.520547945205479,34.35994338989258,1.2772140502929688,-8.41244888305664,74.7935791015625,-2.1654224395751953,4.798747539520264
001_brown,put the brown pouch on the tray,10,1,197,8.572,1788423030.208341,00009_front_put_the_brown_pouch_on_the_tray.png,00009_wrist_put_the_brown_pouch_on_the_tray.png,recap.png,50,5,227,229,12.835164835164836,-13.406593406593407,4.0,89.4065934065934,-3.4725274725274726,14.520547945205479,34.569461822509766,2.553009033203125,-9.872631072998047,74.57137298583984,-2.2247610092163086,4.653836250305176
001_brown,put the brown pouch on the tray,10,1,197,8.572,1788423030.208341,00009_front_put_the_brown_pouch_on_the_tray.png,00009_wrist_put_the_brown_pouch_on_the_tray.png,recap.png,50,6,228,230,12.835164835164836,-13.406593406593407,4.0,89.4065934065934,-3.4725274725274726,14.520547945205479,34.50230026245117,3.7162246704101562,-10.405635833740234,74.68911743164062,-2.3297243118286133,4.809686660766602
001_brown,put the brown pouch on the tray,10,1,197,8.572,1788423030.208341,00009_front_put_the_brown_pouch_on_the_tray.png,00009_wrist_put_the_brown_pouch_on_the_tray.png,recap.png,50,7,229,231,12.835164835164836,-13.406593406593407,4.0,89.4065934065934,-3.4725274725274726,14.520547945205479,34.20186996459961,5.066551208496094,-11.467124938964844,74.57469177246094,-2.454547882080078,4.778173923492432
001_brown,put the brown pouch on the tray,10,1,197,8.572,1788423030.208341,00009_front_put_the_brown_pouch_on_the_tray.png,00009_wrist_put_the_brown_pouch_on_the_tray.png,recap.png,50,8,230,232,12.835164835164836,-13.406593406593407,4.0,89.4065934065934,-3.4725274725274726,14.520547945205479,34.42777633666992,6.401031494140625,-13.472900390625,74.37074279785156,-2.414900779724121,4.805015563964844
001_brown,put the brown pouch on the tray,10,1,197,8.572,1788423030.208341,00009_front_put_the_brown_pouch_on_the_tray.png,00009_wrist_put_the_brown_pouch_on_the_tray.png,recap.png,50,9,231,233,12.835164835164836,-13.406593406593407,4.0,89.4065934065934,-3.4725274725274726,14.520547945205479,34.404720306396484,7.436408996582031,-14.252727508544922,74.72126007080078,-2.5414505004882812,4.8528594970703125
001_brown,put the brown pouch on the tray,10,1,197,8.572,1788423030.208341,00009_front_put_the_brown_pouch_on_the_tray.png,00009_wrist_put_the_brown_pouch_on_the_tray.png,recap.png,50,10,232,234,12.835164835164836,-13.406593406593407,4.0,89.4065934065934,-3.4725274725274726,14.520547945205479,34.630672454833984,8.3582763671875,-15.426197052001953,74.25350189208984,-2.5069990158081055,4.85496187210083
001_brown,put the brown pouch on the tray,10,1,197,8.572,1788423030.208341,00009_front_put_the_brown_pouch_on_the_tray.png,00009_wrist_put_the_brown_pouch_on_the_tray.png,recap.png,50,11,233,235,12.835164835164836,-13.406593406593407,4.0,89.4065934065934,-3.4725274725274726,14.520547945205479,34.35647964477539,9.796669006347656,-16.314437866210938,74.29367065429688,-2.4584150314331055,4.857645511627197
001_brown,put the brown pouch on the tray,10,1,197,8.572,1788423030.208341,00009_front_put_the_brown_pouch_on_the_tray.png,00009_wrist_put_the_brown_pouch_on_the_tray.png,recap.png,50,12,234,236,12.835164835164836,-13.406593406593407,4.0,89.4065934065934,-3.4725274725274726,14.520547945205479,34.5701789855957,11.121109008789062,-17.389057159423828,74.20106506347656,-2.282011032104492,4.860800266265869
001_brown,put the brown pouch on the tray,10,1,197,8.572,1788423030.208341,00009_front_put_the_brown_pouch_on_the_tray.png,00009_wrist_put_the_brown_pouch_on_the_tray.png,recap.png,50,13,235,237,12.835164835164836,-13.406593406593407,4.0,89.4065934065934,-3.4725274725274726,14.520547945205479,34.51095199584961,12.268196105957031,-18.31182098388672,74.14553833007812,-2.5103416442871094,4.7966742515563965
001_brown,put the brown pouch on the tray,10,1,197,8.572,1788423030.208341,00009_front_put_the_brown_pouch_on_the_tray.png,00009_wrist_put_the_brown_pouch_on_the_tray.png,recap.png,50,14,236,238,12.835164835164836,-13.406593406593407,4.0,89.4065934065934,-3.4725274725274726,14.520547945205479,34.49380874633789,12.585319519042969,-19.093891143798828,74.14007568359375,-2.4473066329956055,4.885102272033691
001_brown,put the brown pouch on the tray,10,1,197,8.572,1788423030.208341,00009_front_put_the_brown_pouch_on_the_tray.png,00009_wrist_put_the_brown_pouch_on_the_tray.png,recap.png,50,15,237,239,12.835164835164836,-13.406593406593407,4.0,89.4065934065934,-3.4725274725274726,14.520547945205479,34.598697662353516,13.621360778808594,-19.63143539428711,74.01066589355469,-2.45705509185791,4.956726551055908
001_brown,put the brown pouch on the tray,10,1,197,8.572,1788423030.208341,00009_front_put_the_brown_pouch_on_the_tray.png,00009_wrist_put_the_brown_pouch_on_the_tray.png,recap.png,50,16,238,240,12.835164835164836,-13.406593406593407,4.0,89.4065934065934,-3.4725274725274726,14.520547945205479,34.749210357666016,14.097068786621094,-20.849567413330078,73.96684265136719,-2.5084381103515625,4.904970645904541
001_brown,put the brown pouch on the tray,10,1,197,8.572,1788423030.208341,00009_front_put_the_brown_pouch_on_the_tray.png,00009_wrist_put_the_brown_pouch_on_the_tray.png,recap.png,50,17,239,241,12.835164835164836,-13.406593406593407,4.0,89.4065934065934,-3.4725274725274726,14.520547945205479,34.84955978393555,15.303176879882812,-21.28329086303711,73.99140930175781,-2.490962028503418,4.996634483337402
001_brown,put the brown pouch on the tray,10,1,197,8.572,1788423030.208341,00009_front_put_the_brown_pouch_on_the_tray.png,00009_wrist_put_the_brown_pouch_on_the_tray.png,recap.png,50,18,240,242,12.835164835164836,-13.406593406593407,4.0,89.4065934065934,-3.4725274725274726,14.520547945205479,34.91109848022461,16.753829956054688,-22.588138580322266,73.92555236816406,-2.343168258666992,4.801956653594971
001_brown,put the brown pouch on the tray,10,1,197,8.572,1788423030.208341,00009_front_put_the_brown_pouch_on_the_tray.png,00009_wrist_put_the_brown_pouch_on_the_tray.png,recap.png,50,19,241,243,12.835164835164836,-13.406593406593407,4.0,89.4065934065934,-3.4725274725274726,14.520547945205479,34.6865348815918,17.432594299316406,-22.15304183959961,74.2191390991211,-2.5088396072387695,4.877384662628174
001_brown,put the brown pouch on the tray,10,1,197,8.572,1788423030.208341,00009_front_put_the_brown_pouch_on_the_tray.png,00009_wrist_put_the_brown_pouch_on_the_tray.png,recap.png,50,20,242,244,12.835164835164836,-13.406593406593407,4.0,89.4065934065934,-3.4725274725274726,14.520547945205479,34.55220413208008,18.118934631347656,-23.483444213867188,73.9270248413086,-2.417226791381836,4.851250648498535
001_brown,put the brown pouch on the tray,10,1,197,8.572,1788423030.208341,00009_front_put_the_brown_pouch_on_the_tray.png,00009_wrist_put_the_brown_pouch_on_the_tray.png,recap.png,50,21,243,245,12.835164835164836,-13.406593406593407,4.0,89.4065934065934,-3.4725274725274726,14.520547945205479,34.09172439575195,18.956832885742188,-23.442352294921875,73.68456268310547,-2.382719039916992,5.0213847160339355
001_brown,put the brown pouch on the tray,11,1,221,9.483,1788423031.126423,00010_front_put_the_brown_pouch_on_the_tray.png,00010_wrist_put_the_brown_pouch_on_the_tray.png,recap.png,50,0,244,246,24.52747252747253,-5.758241758241758,-1.7142857142857142,84.04395604395604,-2.241758241758242,14.520547945205479,35.76121520996094,8.046812057495117,-10.87100887298584,72.92443084716797,-2.1799073219299316,4.764631271362305
001_brown,put the brown pouch on the tray,11,1,221,9.483,1788423031.126423,00010_front_put_the_brown_pouch_on_the_tray.png,00010_wrist_put_the_brown_pouch_on_the_tray.png,recap.png,50,1,245,247,24.52747252747253,-5.758241758241758,-1.7142857142857142,84.04395604395604,-2.241758241758242,14.520547945205479,35.771202087402344,7.678544044494629,-10.615135192871094,72.34900665283203,-2.3286752700805664,4.89837121963501
001_brown,put the brown pouch on the tray,11,1,221,9.483,1788423031.126423,00010_front_put_the_brown_pouch_on_the_tray.png,00010_wrist_put_the_brown_pouch_on_the_tray.png,recap.png,50,2,246,248,24.52747252747253,-5.758241758241758,-1.7142857142857142,84.04395604395604,-2.241758241758242,14.520547945205479,35.85826873779297,8.82240104675293,-11.238466262817383,71.78064727783203,-2.330604314804077,5.115385055541992
001_brown,put the brown pouch on the tray,11,1,221,9.483,1788423031.126423,00010_front_put_the_brown_pouch_on_the_tray.png,00010_wrist_put_the_brown_pouch_on_the_tray.png,recap.png,50,3,247,249,24.52747252747253,-5.758241758241758,-1.7142857142857142,84.04395604395604,-2.241758241758242,14.520547945205479,36.97037124633789,4.105186462402344,-4.698772430419922,70.94115447998047,-2.478072166442871,4.886876106262207
001_brown,put the brown pouch on the tray,11,1,221,9.483,1788423031.126423,00010_front_put_the_brown_pouch_on_the_tray.png,00010_wrist_put_the_brown_pouch_on_the_tray.png,recap.png,50,4,248,250,24.52747252747253,-5.758241758241758,-1.7142857142857142,84.04395604395604,-2.241758241758242,14.520547945205479,37.247318267822266,4.23870849609375,-4.9211883544921875,70.32640838623047,-2.638707160949707,4.861672401428223
001_brown,put the brown pouch on the tray,11,1,221,9.483,1788423031.126423,00010_front_put_the_brown_pouch_on_the_tray.png,00010_wrist_put_the_brown_pouch_on_the_tray.png,recap.png,50,5,249,251,24.52747252747253,-5.758241758241758,-1.7142857142857142,84.04395604395604,-2.241758241758242,14.520547945205479,37.66733932495117,3.8470611572265625,-5.024166107177734,69.80711364746094,-2.5597705841064453,4.793135166168213
001_brown,put the brown pouch on the tray,11,1,221,9.483,1788423031.126423,00010_front_put_the_brown_pouch_on_the_tray.png,00010_wrist_put_the_brown_pouch_on_the_tray.png,recap.png,50,6,250,252,24.52747252747253,-5.758241758241758,-1.7142857142857142,84.04395604395604,-2.241758241758242,14.520547945205479,37.64516830444336,4.257362365722656,-4.170005798339844,69.08775329589844,-2.761288642883301,4.654189109802246
001_brown,put the brown pouch on the tray,11,1,221,9.483,1788423031.126423,00010_front_put_the_brown_pouch_on_the_tray.png,00010_wrist_put_the_brown_pouch_on_the_tray.png,recap.png,50,7,251,253,24.52747252747253,-5.758241758241758,-1.7142857142857142,84.04395604395604,-2.241758241758242,14.520547945205479,37.626346588134766,4.226768493652344,-4.4483489990234375,68.7431640625,-2.7533645629882812,4.843288898468018
001_brown,put the brown pouch on the tray,11,1,221,9.483,1788423031.126423,00010_front_put_the_brown_pouch_on_the_tray.png,00010_wrist_put_the_brown_pouch_on_the_tray.png,recap.png,50,8,252,254,24.52747252747253,-5.758241758241758,-1.7142857142857142,84.04395604395604,-2.241758241758242,14.520547945205479,37.861454010009766,4.208595275878906,-4.943798065185547,68.47586822509766,-2.900941848754883,4.439005374908447
001_brown,put the brown pouch on the tray,11,1,221,9.483,1788423031.126423,00010_front_put_the_brown_pouch_on_the_tray.png,00010_wrist_put_the_brown_pouch_on_the_tray.png,recap.png,50,9,253,255,24.52747252747253,-5.758241758241758,-1.7142857142857142,84.04395604395604,-2.241758241758242,14.520547945205479,37.7010383605957,5.2909088134765625,-4.262943267822266,68.130859375,-2.867804527282715,4.605624675750732
001_brown,put the brown pouch on the tray,11,1,221,9.483,1788423031.126423,00010_front_put_the_brown_pouch_on_the_tray.png,00010_wrist_put_the_brown_pouch_on_the_tray.png,recap.png,50,10,254,256,24.52747252747253,-5.758241758241758,-1.7142857142857142,84.04395604395604,-2.241758241758242,14.520547945205479,37.984859466552734,4.9104766845703125,-4.168693542480469,67.91355895996094,-2.8324718475341797,4.626216411590576
001_brown,put the brown pouch on the tray,11,1,221,9.483,1788423031.126423,00010_front_put_the_brown_pouch_on_the_tray.png,00010_wrist_put_the_brown_pouch_on_the_tray.png,recap.png,50,11,255,257,24.52747252747253,-5.758241758241758,-1.7142857142857142,84.04395604395604,-2.241758241758242,14.520547945205479,37.81930923461914,6.10821533203125,-4.64556884765625,67.66522979736328,-2.9658660888671875,4.5054144859313965
001_brown,put the brown pouch on the tray,11,1,221,9.483,1788423031.126423,00010_front_put_the_brown_pouch_on_the_tray.png,00010_wrist_put_the_brown_pouch_on_the_tray.png,recap.png,50,12,256,258,24.52747252747253,-5.758241758241758,-1.7142857142857142,84.04395604395604,-2.241758241758242,14.520547945205479,37.76475143432617,6.638999938964844,-4.540901184082031,67.47459411621094,-2.8260316848754883,5.0725884437561035
001_brown,put the brown pouch on the tray,11,1,221,9.483,1788423031.126423,00010_front_put_the_brown_pouch_on_the_tray.png,00010_wrist_put_the_brown_pouch_on_the_tray.png,recap.png,50,13,257,259,24.52747252747253,-5.758241758241758,-1.7142857142857142,84.04395604395604,-2.241758241758242,14.520547945205479,37.696163177490234,7.135223388671875,-4.778961181640625,67.35794830322266,-2.8597326278686523,5.667145252227783
001_brown,put the brown pouch on the tray,11,1,221,9.483,1788423031.126423,00010_front_put_the_brown_pouch_on_the_tray.png,00010_wrist_put_the_brown_pouch_on_the_tray.png,recap.png,50,14,258,260,24.52747252747253,-5.758241758241758,-1.7142857142857142,84.04395604395604,-2.241758241758242,14.520547945205479,37.415409088134766,7.3607940673828125,-4.9997711181640625,67.14506530761719,-2.792316436767578,6.952754974365234
001_brown,put the brown pouch on the tray,11,1,221,9.483,1788423031.126423,00010_front_put_the_brown_pouch_on_the_tray.png,00010_wrist_put_the_brown_pouch_on_the_tray.png,recap.png,50,15,259,261,24.52747252747253,-5.758241758241758,-1.7142857142857142,84.04395604395604,-2.241758241758242,14.520547945205479,36.986629486083984,6.997978210449219,-4.479015350341797,66.9640121459961,-2.747547149658203,8.689430236816406
001_brown,put the brown pouch on the tray,11,1,221,9.483,1788423031.126423,00010_front_put_the_brown_pouch_on_the_tray.png,00010_wrist_put_the_brown_pouch_on_the_tray.png,recap.png,50,16,260,262,24.52747252747253,-5.758241758241758,-1.7142857142857142,84.04395604395604,-2.241758241758242,14.520547945205479,37.0815315246582,7.7301483154296875,-4.593635559082031,66.56268310546875,-2.5570011138916016,10.946377754211426
001_brown,put the brown pouch on the tray,11,1,221,9.483,1788423031.126423,00010_front_put_the_brown_pouch_on_the_tray.png,00010_wrist_put_the_brown_pouch_on_the_tray.png,recap.png,50,17,261,263,24.52747252747253,-5.758241758241758,-1.7142857142857142,84.04395604395604,-2.241758241758242,14.520547945205479,37.040653228759766,8.396408081054688,-4.361064910888672,66.20967864990234,-2.562769889831543,13.468217849731445
001_brown,put the brown pouch on the tray,11,1,221,9.483,1788423031.126423,00010_front_put_the_brown_pouch_on_the_tray.png,00010_wrist_put_the_brown_pouch_on_the_tray.png,recap.png,50,18,262,264,24.52747252747253,-5.758241758241758,-1.7142857142857142,84.04395604395604,-2.241758241758242,14.520547945205479,36.57839584350586,8.796096801757812,-3.0799789428710938,66.09901428222656,-2.5771284103393555,16.293996810913086
001_brown,put the brown pouch on the tray,11,1,221,9.483,1788423031.126423,00010_front_put_the_brown_pouch_on_the_tray.png,00010_wrist_put_the_brown_pouch_on_the_tray.png,recap.png,50,19,263,265,24.52747252747253,-5.758241758241758,-1.7142857142857142,84.04395604395604,-2.241758241758242,14.520547945205479,36.6125373840332,9.359634399414062,-2.7642288208007812,66.01736450195312,-2.575076103210449,18.881282806396484
001_brown,put the brown pouch on the tray,11,1,221,9.483,1788423031.126423,00010_front_put_the_brown_pouch_on_the_tray.png,00010_wrist_put_the_brown_pouch_on_the_tray.png,recap.png,50,20,264,266,24.52747252747253,-5.758241758241758,-1.7142857142857142,84.04395604395604,-2.241758241758242,14.520547945205479,36.80278396606445,9.725807189941406,-2.5343093872070312,66.09571075439453,-2.5366249084472656,21.30486488342285
001_brown,put the brown pouch on the tray,11,1,221,9.483,1788423031.126423,00010_front_put_the_brown_pouch_on_the_tray.png,00010_wrist_put_the_brown_pouch_on_the_tray.png,recap.png,50,21,265,267,24.52747252747253,-5.758241758241758,-1.7142857142857142,84.04395604395604,-2.241758241758242,14.520547945205479,36.52914810180664,9.757484436035156,-2.6251869201660156,65.99195861816406,-2.6408615112304688,23.39555549621582
001_brown,put the brown pouch on the tray,11,1,221,9.483,1788423031.126423,00010_front_put_the_brown_pouch_on_the_tray.png,00010_wrist_put_the_brown_pouch_on_the_tray.png,recap.png,50,22,266,268,24.52747252747253,-5.758241758241758,-1.7142857142857142,84.04395604395604,-2.241758241758242,14.520547945205479,36.50100326538086,10.108230590820312,-2.0554428100585938,65.87469482421875,-2.482179641723633,25.233570098876953
001_brown,put the brown pouch on the tray,11,1,221,9.483,1788423031.126423,00010_front_put_the_brown_pouch_on_the_tray.png,00010_wrist_put_the_brown_pouch_on_the_tray.png,recap.png,50,23,267,269,24.52747252747253,-5.758241758241758,-1.7142857142857142,84.04395604395604,-2.241758241758242,14.520547945205479,36.51302719116211,10.106941223144531,-1.9634742736816406,65.76235961914062,-2.6094417572021484,26.5580997467041
001_brown,put the brown pouch on the tray,11,1,221,9.483,1788423031.126423,00010_front_put_the_brown_pouch_on_the_tray.png,00010_wrist_put_the_brown_pouch_on_the_tray.png,recap.png,50,24,268,270,24.52747252747253,-5.758241758241758,-1.7142857142857142,84.04395604395604,-2.241758241758242,14.520547945205479,36.08967208862305,10.53338623046875,-1.5403099060058594,65.8029556274414,-2.712312698364258,27.75396728515625
001_brown,put the brown pouch on the tray,11,1,221,9.483,1788423031.126423,00010_front_put_the_brown_pouch_on_the_tray.png,00010_wrist_put_the_brown_pouch_on_the_tray.png,recap.png,50,25,269,271,24.52747252747253,-5.758241758241758,-1.7142857142857142,84.04395604395604,-2.241758241758242,14.520547945205479,36.08473587036133,10.851661682128906,-1.442962646484375,65.63343811035156,-2.772791862487793,28.5919189453125
001_brown,put the brown pouch on the tray,11,1,221,9.483,1788423031.126423,00010_front_put_the_brown_pouch_on_the_tray.png,00010_wrist_put_the_brown_pouch_on_the_tray.png,recap.png,50,26,270,272,24.52747252747253,-5.758241758241758,-1.7142857142857142,84.04395604395604,-2.241758241758242,14.520547945205479,36.01406478881836,10.828773498535156,-1.6444091796875,65.99507904052734,-2.795779228210449,29.162019729614258
001_brown,put the brown pouch on the tray,12,0,243,10.219,1788423031.8604498,00011_front_put_the_brown_pouch_on_the_tray.png,00011_wrist_put_the_brown_pouch_on_the_tray.png,recap.png,50,0,271,273,33.67032967032967,18.857142857142858,-16.835164835164836,75.6043956043956,-2.32967032967033,14.452054794520548,35.71720504760742,20.504241943359375,-18.370697021484375,72.72809600830078,-3.3556137084960938,32.30808639526367
001_brown,put the brown pouch on the tray,12,0,243,10.219,1788423031.8604498,00011_front_put_the_brown_pouch_on_the_tray.png,00011_wrist_put_the_brown_pouch_on_the_tray.png,recap.png,50,1,272,274,33.67032967032967,18.857142857142858,-16.835164835164836,75.6043956043956,-2.32967032967033,14.452054794520548,35.82961654663086,20.927085876464844,-18.570117950439453,72.74212646484375,-3.2949161529541016,32.52130889892578
001_brown,put the brown pouch on the tray,12,0,243,10.219,1788423031.8604498,00011_front_put_the_brown_pouch_on_the_tray.png,00011_wrist_put_the_brown_pouch_on_the_tray.png,recap.png,50,2,273,275,33.67032967032967,18.857142857142858,-16.835164835164836,75.6043956043956,-2.32967032967033,14.452054794520548,35.84084701538086,20.01154327392578,-18.09111785888672,73.06427001953125,-3.127349853515625,32.724334716796875
001_brown,put the brown pouch on the tray,12,0,243,10.219,1788423031.8604498,00011_front_put_the_brown_pouch_on_the_tray.png,00011_wrist_put_the_brown_pouch_on_the_tray.png,recap.png,50,3,274,276,33.67032967032967,18.857142857142858,-16.835164835164836,75.6043956043956,-2.32967032967033,14.452054794520548,35.774105072021484,20.50934600830078,-18.231197357177734,73.09303283691406,-3.010009765625,32.96602249145508
001_brown,put the brown pouch on the tray,12,0,243,10.219,1788423031.8604498,00011_front_put_the_brown_pouch_on_the_tray.png,00011_wrist_put_the_brown_pouch_on_the_tray.png,recap.png,50,4,275,277,33.67032967032967,18.857142857142858,-16.835164835164836,75.6043956043956,-2.32967032967033,14.452054794520548,35.72279739379883,20.24016571044922,-18.218734741210938,73.40235900878906,-2.7928695678710938,33.24627685546875
001_brown,put the brown pouch on the tray,12,0,243,10.219,1788423031.8604498,00011_front_put_the_brown_pouch_on_the_tray.png,00011_wrist_put_the_brown_pouch_on_the_tray.png,recap.png,50,5,276,278,33.67032967032967,18.857142857142858,-16.835164835164836,75.6043956043956,-2.32967032967033,14.452054794520548,35.51832962036133,20.187156677246094,-18.332378387451172,73.65001678466797,-2.7542905807495117,33.55004119873047
001_brown,put the brown pouch on the tray,12,0,243,10.219,1788423031.8604498,00011_front_put_the_brown_pouch_on_the_tray.png,00011_wrist_put_the_brown_pouch_on_the_tray.png,recap.png,50,6,277,279,33.67032967032967,18.857142857142858,-16.835164835164836,75.6043956043956,-2.32967032967033,14.452054794520548,35.51724624633789,20.096206665039062,-19.142169952392578,74.09044647216797,-2.5624656677246094,34.095699310302734
001_brown,put the brown pouch on the tray,12,0,243,10.219,1788423031.8604498,00011_front_put_the_brown_pouch_on_the_tray.png,00011_wrist_put_the_brown_pouch_on_the_tray.png,recap.png,50,7,278,280,33.67032967032967,18.857142857142858,-16.835164835164836,75.6043956043956,-2.32967032967033,14.452054794520548,35.388309478759766,20.153656005859375,-18.72506332397461,74.52932739257812,-2.3814687728881836,34.39500427246094
001_brown,put the brown pouch on the tray,12,0,243,10.219,1788423031.8604498,00011_front_put_the_brown_pouch_on_the_tray.png,00011_wrist_put_the_brown_pouch_on_the_tray.png,recap.png,50,8,279,281,33.67032967032967,18.857142857142858,-16.835164835164836,75.6043956043956,-2.32967032967033,14.452054794520548,35.343929290771484,20.389015197753906,-19.361492156982422,75.10704040527344,-2.401437759399414,34.54902648925781
001_brown,put the brown pouch on the tray,12,0,243,10.219,1788423031.8604498,00011_front_put_the_brown_pouch_on_the_tray.png,00011_wrist_put_the_brown_pouch_on_the_tray.png,recap.png,50,9,280,282,33.67032967032967,18.857142857142858,-16.835164835164836,75.6043956043956,-2.32967032967033,14.452054794520548,35.53170394897461,20.17298126220703,-19.983325958251953,75.83177947998047,-2.2605323791503906,34.438072204589844
001_brown,put the brown pouch on the tray,12,0,243,10.219,1788423031.8604498,00011_front_put_the_brown_pouch_on_the_tray.png,00011_wrist_put_the_brown_pouch_on_the_tray.png,recap.png,50,10,281,283,33.67032967032967,18.857142857142858,-16.835164835164836,75.6043956043956,-2.32967032967033,14.452054794520548,35.27951431274414,19.9105224609375,-21.095378875732422,76.94853210449219,-1.9991931915283203,34.25860595703125
001_brown,put the brown pouch on the tray,12,0,243,10.219,1788423031.8604498,00011_front_put_the_brown_pouch_on_the_tray.png,00011_wrist_put_the_brown_pouch_on_the_tray.png,recap.png,50,11,282,284,33.67032967032967,18.857142857142858,-16.835164835164836,75.6043956043956,-2.32967032967033,14.452054794520548,35.1561164855957,19.65544891357422,-22.17369842529297,78.1470718383789,-1.9049720764160156,34.046146392822266
001_brown,put the brown pouch on the tray,12,0,243,10.219,1788423031.8604498,00011_front_put_the_brown_pouch_on_the_tray.png,00011_wrist_put_the_brown_pouch_on_the_tray.png,recap.png,50,12,283,285,33.67032967032967,18.857142857142858,-16.835164835164836,75.6043956043956,-2.32967032967033,14.452054794520548,34.82426834106445,20.01708984375,-23.480377197265625,79.58480834960938,-1.7163972854614258,33.981483459472656
001_brown,put the brown pouch on the tray,12,0,243,10.219,1788423031.8604498,00011_front_put_the_brown_pouch_on_the_tray.png,00011_wrist_put_the_brown_pouch_on_the_tray.png,recap.png,50,13,284,286,33.67032967032967,18.857142857142858,-16.835164835164836,75.6043956043956,-2.32967032967033,14.452054794520548,34.69003677368164,20.36859893798828,-24.917646408081055,81.42062377929688,-1.5200471878051758,33.88642120361328
001_brown,put the brown pouch on the tray,12,0,243,10.219,1788423031.8604498,00011_front_put_the_brown_pouch_on_the_tray.png,00011_wrist_put_the_brown_pouch_on_the_tray.png,recap.png,50,14,285,287,33.67032967032967,18.857142857142858,-16.835164835164836,75.6043956043956,-2.32967032967033,14.452054794520548,34.354740142822266,20.281845092773438,-26.73189926147461,83.15827941894531,-1.3105173110961914,33.7379150390625
001_brown,put the brown pouch on the tray,12,0,243,10.219,1788423031.8604498,00011_front_put_the_brown_pouch_on_the_tray.png,00011_wrist_put_the_brown_pouch_on_the_tray.png,recap.png,50,15,286,288,33.67032967032967,18.857142857142858,-16.835164835164836,75.6043956043956,-2.32967032967033,14.452054794520548,34.04269790649414,20.330413818359375,-28.674510955810547,85.14060974121094,-0.9942903518676758,33.68170928955078
001_brown,put the brown pouch on the tray,12,0,243,10.219,1788423031.8604498,00011_front_put_the_brown_pouch_on_the_tray.png,00011_wrist_put_the_brown_pouch_on_the_tray.png,recap.png,50,16,287,289,33.67032967032967,18.857142857142858,-16.835164835164836,75.6043956043956,-2.32967032967033,14.452054794520548,33.673282623291016,20.627212524414062,-30.656417846679688,87.06475067138672,-0.7847900390625,33.60654067993164
001_brown,put the brown pouch on the tray,12,0,243,10.219,1788423031.8604498,00011_front_put_the_brown_pouch_on_the_tray.png,00011_wrist_put_the_brown_pouch_on_the_tray.png,recap.png,50,17,288,290,33.67032967032967,18.857142857142858,-16.835164835164836,75.6043956043956,-2.32967032967033,14.452054794520548,33.35103225708008,20.856224060058594,-32.971290588378906,88.83651733398438,-0.5646495819091797,33.44852066040039
001_brown,put the brown pouch on the tray,12,0,243,10.219,1788423031.8604498,00011_front_put_the_brown_pouch_on_the_tray.png,00011_wrist_put_the_brown_pouch_on_the_tray.png,recap.png,50,18,289,291,33.67032967032967,18.857142857142858,-16.835164835164836,75.6043956043956,-2.32967032967033,14.452054794520548,32.8955192565918,21.205459594726562,-34.29179382324219,90.42601013183594,-0.2600431442260742,33.31264114379883
001_brown,put the brown pouch on the tray,12,0,243,10.219,1788423031.8604498,00011_front_put_the_brown_pouch_on_the_tray.png,00011_wrist_put_the_brown_pouch_on_the_tray.png,recap.png,50,19,290,292,33.67032967032967,18.857142857142858,-16.835164835164836,75.6043956043956,-2.32967032967033,14.452054794520548,32.32424545288086,21.005393981933594,-35.72484588623047,91.97227478027344,-0.03475761413574219,33.22640609741211
001_brown,put the brown pouch on the tray,12,0,243,10.219,1788423031.8604498,00011_front_put_the_brown_pouch_on_the_tray.png,00011_wrist_put_the_brown_pouch_on_the_tray.png,recap.png,50,20,291,293,33.67032967032967,18.857142857142858,-16.835164835164836,75.6043956043956,-2.32967032967033,14.452054794520548,32.07020950317383,20.911888122558594,-36.647796630859375,93.369140625,0.33866024017333984,33.14131546020508
001_brown,put the brown pouch on the tray,12,0,243,10.219,1788423031.8604498,00011_front_put_the_brown_pouch_on_the_tray.png,00011_wrist_put_the_brown_pouch_on_the_tray.png,recap.png,50,21,292,294,33.67032967032967,18.857142857142858,-16.835164835164836,75.6043956043956,-2.32967032967033,14.452054794520548,31.328453063964844,20.59027862548828,-38.36418151855469,94.50614929199219,0.6415491104125977,32.97612380981445
001_brown,put the brown pouch on the tray,13,1,270,11.123,1788423032.764145,00012_front_put_the_brown_pouch_on_the_tray.png,00012_wrist_put_the_brown_pouch_on_the_tray.png,recap.png,50,0,293,295,36.21978021978022,11.12087912087912,-1.3626373626373627,66.81318681318682,-2.32967032967033,25.82191780821918,24.052448272705078,-6.4862060546875,-9.845451354980469,89.15354919433594,0.9160871505737305,33.746212005615234
001_brown,put the brown pouch on the tray,13,1,270,11.123,1788423032.764145,00012_front_put_the_brown_pouch_on_the_tray.png,00012_wrist_put_the_brown_pouch_on_the_tray.png,recap.png,50,1,294,296,36.21978021978022,11.12087912087912,-1.3626373626373627,66.81318681318682,-2.32967032967033,25.82191780821918,23.153850555419922,-7.8706817626953125,-9.368473052978516,89.76515197753906,0.9753875732421875,33.77913284301758
001_brown,put the brown pouch on the tray,13,1,270,11.123,1788423032.764145,00012_front_put_the_brown_pouch_on_the_tray.png,00012_wrist_put_the_brown_pouch_on_the_tray.png,recap.png,50,2,295,297,36.21978021978022,11.12087912087912,-1.3626373626373627,66.81318681318682,-2.32967032967033,25.82191780821918,22.29018783569336,-9.316307067871094,-8.725326538085938,90.31253814697266,1.1488542556762695,33.6563835144043
001_brown,put the brown pouch on the tray,13,1,270,11.123,1788423032.764145,00012_front_put_the_brown_pouch_on_the_tray.png,00012_wrist_put_the_brown_pouch_on_the_tray.png,recap.png,50,3,296,298,36.21978021978022,11.12087912087912,-1.3626373626373627,66.81318681318682,-2.32967032967033,25.82191780821918,21.444110870361328,-10.38983154296875,-6.9647674560546875,90.79066467285156,1.3569841384887695,32.94573974609375
001_brown,put the brown pouch on the tray,13,1,270,11.123,1788423032.764145,00012_front_put_the_brown_pouch_on_the_tray.png,00012_wrist_put_the_brown_pouch_on_the_tray.png,recap.png,50,4,297,299,36.21978021978022,11.12087912087912,-1.3626373626373627,66.81318681318682,-2.32967032967033,25.82191780821918,20.721160888671875,-11.664421081542969,-6.679767608642578,91.07705688476562,1.5453004837036133,31.777297973632812
001_brown,put the brown pouch on the tray,13,1,270,11.123,1788423032.764145,00012_front_put_the_brown_pouch_on_the_tray.png,00012_wrist_put_the_brown_pouch_on_the_tray.png,recap.png,50,5,298,300,36.21978021978022,11.12087912087912,-1.3626373626373627,66.81318681318682,-2.32967032967033,25.82191780821918,19.88237762451172,-12.916908264160156,-5.1764068603515625,91.28356170654297,1.8536300659179688,29.80956268310547
001_brown,put the brown pouch on the tray,13,1,270,11.123,1788423032.764145,00012_front_put_the_brown_pouch_on_the_tray.png,00012_wrist_put_the_brown_pouch_on_the_tray.png,recap.png,50,6,299,301,36.21978021978022,11.12087912087912,-1.3626373626373627,66.81318681318682,-2.32967032967033,25.82191780821918,18.97557830810547,-14.567001342773438,-4.114833831787109,91.43049621582031,1.893930435180664,27.626535415649414
001_brown,put the brown pouch on the tray,13,1,270,11.123,1788423032.764145,00012_front_put_the_brown_pouch_on_the_tray.png,00012_wrist_put_the_brown_pouch_on_the_tray.png,recap.png,50,7,300,302,36.21978021978022,11.12087912087912,-1.3626373626373627,66.81318681318682,-2.32967032967033,25.82191780821918,18.206573486328125,-15.756965637207031,-2.891185760498047,91.46455383300781,1.9737892150878906,25.27092742919922
001_brown,put the brown pouch on the tray,13,1,270,11.123,1788423032.764145,00012_front_put_the_brown_pouch_on_the_tray.png,00012_wrist_put_the_brown_pouch_on_the_tray.png,recap.png,50,8,301,303,36.21978021978022,11.12087912087912,-1.3626373626373627,66.81318681318682,-2.32967032967033,25.82191780821918,17.384323120117188,-17.266075134277344,-1.3292808532714844,91.35108184814453,1.8479652404785156,22.823436737060547
001_brown,put the brown pouch on the tray,13,1,270,11.123,1788423032.764145,00012_front_put_the_brown_pouch_on_the_tray.png,00012_wrist_put_the_brown_pouch_on_the_tray.png,recap.png,50,9,302,304,36.21978021978022,11.12087912087912,-1.3626373626373627,66.81318681318682,-2.32967032967033,25.82191780821918,16.551624298095703,-18.665748596191406,0.04925537109375,91.17384338378906,1.7580814361572266,20.358976364135742
001_brown,put the brown pouch on the tray,13,1,270,11.123,1788423032.764145,00012_front_put_the_brown_pouch_on_the_tray.png,00012_wrist_put_the_brown_pouch_on_the_tray.png,recap.png,50,10,303,305,36.21978021978022,11.12087912087912,-1.3626373626373627,66.81318681318682,-2.32967032967033,25.82191780821918,15.694366455078125,-20.871665954589844,1.8595046997070312,90.76602172851562,1.6420783996582031,17.889652252197266
001_brown,put the brown pouch on the tray,13,1,270,11.123,1788423032.764145,00012_front_put_the_brown_pouch_on_the_tray.png,00012_wrist_put_the_brown_pouch_on_the_tray.png,recap.png,50,11,304,306,36.21978021978022,11.12087912087912,-1.3626373626373627,66.81318681318682,-2.32967032967033,25.82191780821918,14.849716186523438,-22.133514404296875,3.7401580810546875,90.53939819335938,1.5058860778808594,15.59858226776123
001_brown,put the brown pouch on the tray,13,1,270,11.123,1788423032.764145,00012_front_put_the_brown_pouch_on_the_tray.png,00012_wrist_put_the_brown_pouch_on_the_tray.png,recap.png,50,12,305,307,36.21978021978022,11.12087912087912,-1.3626373626373627,66.81318681318682,-2.32967032967033,25.82191780821918,14.072933197021484,-24.348114013671875,5.725196838378906,90.13349151611328,1.449418067932129,13.39700984954834
001_brown,put the brown pouch on the tray,13,1,270,11.123,1788423032.764145,00012_front_put_the_brown_pouch_on_the_tray.png,00012_wrist_put_the_brown_pouch_on_the_tray.png,recap.png,50,13,306,308,36.21978021978022,11.12087912087912,-1.3626373626373627,66.81318681318682,-2.32967032967033,25.82191780821918,13.468303680419922,-26.066024780273438,7.612663269042969,89.67218017578125,1.4566316604614258,11.278013229370117
001_brown,put the brown pouch on the tray,13,1,270,11.123,1788423032.764145,00012_front_put_the_brown_pouch_on_the_tray.png,00012_wrist_put_the_brown_pouch_on_the_tray.png,recap.png,50,14,307,309,36.21978021978022,11.12087912087912,-1.3626373626373627,66.81318681318682,-2.32967032967033,25.82191780821918,12.537456512451172,-28.200233459472656,10.079574584960938,89.1213150024414,1.3398408889770508,9.528594017028809
001_brown,put the brown pouch on the tray,13,1,270,11.123,1788423032.764145,00012_front_put_the_brown_pouch_on_the_tray.png,00012_wrist_put_the_brown_pouch_on_the_tray.png,recap.png,50,15,308,310,36.21978021978022,11.12087912087912,-1.3626373626373627,66.81318681318682,-2.32967032967033,25.82191780821918,11.910392761230469,-29.98619842529297,12.091102600097656,88.62875366210938,1.3800058364868164,7.700888156890869
001_brown,put the brown pouch on the tray,13,1,270,11.123,1788423032.764145,00012_front_put_the_brown_pouch_on_the_tray.png,00012_wrist_put_the_brown_pouch_on_the_tray.png,recap.png,50,16,309,311,36.21978021978022,11.12087912087912,-1.3626373626373627,66.81318681318682,-2.32967032967033,25.82191780821918,11.36807632446289,-32.53319549560547,14.45623779296875,88.10556030273438,1.3459396362304688,6.636912822723389
001_brown,put the brown pouch on the tray,13,1,270,11.123,1788423032.764145,00012_front_put_the_brown_pouch_on_the_tray.png,00012_wrist_put_the_brown_pouch_on_the_tray.png,recap.png,50,17,310,312,36.21978021978022,11.12087912087912,-1.3626373626373627,66.81318681318682,-2.32967032967033,25.82191780821918,10.537879943847656,-34.57402801513672,16.734169006347656,87.58679962158203,1.3077325820922852,5.420107841491699
001_brown,put the brown pouch on the tray,13,1,270,11.123,1788423032.764145,00012_front_put_the_brown_pouch_on_the_tray.png,00012_wrist_put_the_brown_pouch_on_the_tray.png,recap.png,50,18,311,313,36.21978021978022,11.12087912087912,-1.3626373626373627,66.81318681318682,-2.32967032967033,25.82191780821918,9.98897933959961,-36.1632080078125,18.532264709472656,86.87905883789062,1.19744873046875,4.673900127410889
001_brown,put the brown pouch on the tray,13,1,270,11.123,1788423032.764145,00012_front_put_the_brown_pouch_on_the_tray.png,00012_wrist_put_the_brown_pouch_on_the_tray.png,recap.png,50,19,312,314,36.21978021978022,11.12087912087912,-1.3626373626373627,66.81318681318682,-2.32967032967033,25.82191780821918,9.404476165771484,-38.45442199707031,20.788787841796875,86.35131072998047,1.2544794082641602,3.9886624813079834
001_brown,put the brown pouch on the tray,13,1,270,11.123,1788423032.764145,00012_front_put_the_brown_pouch_on_the_tray.png,00012_wrist_put_the_brown_pouch_on_the_tray.png,recap.png,50,20,313,315,36.21978021978022,11.12087912087912,-1.3626373626373627,66.81318681318682,-2.32967032967033,25.82191780821918,8.715103149414062,-40.206661224365234,22.83338165283203,85.84083557128906,1.3158931732177734,3.4035427570343018
001_brown,put the brown pouch on the tray,13,1,270,11.123,1788423032.764145,00012_front_put_the_brown_pouch_on_the_tray.png,00012_wrist_put_the_brown_pouch_on_the_tray.png,recap.png,50,21,314,316,36.21978021978022,11.12087912087912,-1.3626373626373627,66.81318681318682,-2.32967032967033,25.82191780821918,8.42578125,-42.33421325683594,25.116867065429688,85.09854125976562,1.291630744934082,3.2712039947509766
001_brown,put the brown pouch on the tray,13,1,270,11.123,1788423032.764145,00012_front_put_the_brown_pouch_on_the_tray.png,00012_wrist_put_the_brown_pouch_on_the_tray.png,recap.png,50,22,315,317,36.21978021978022,11.12087912087912,-1.3626373626373627,66.81318681318682,-2.32967032967033,25.82191780821918,7.750514984130859,-44.51613235473633,27.691879272460938,84.40121459960938,1.4300127029418945,3.1333208084106445
001_brown,put the brown pouch on the tray,13,1,270,11.123,1788423032.764145,00012_front_put_the_brown_pouch_on_the_tray.png,00012_wrist_put_the_brown_pouch_on_the_tray.png,recap.png,50,23,316,318,36.21978021978022,11.12087912087912,-1.3626373626373627,66.81318681318682,-2.32967032967033,25.82191780821918,7.281688690185547,-46.771141052246094,30.093597412109375,83.62994384765625,1.7205238342285156,3.195254325866699
001_brown,put the brown pouch on the tray,13,1,270,11.123,1788423032.764145,00012_front_put_the_brown_pouch_on_the_tray.png,00012_wrist_put_the_brown_pouch_on_the_tray.png,recap.png,50,24,317,319,36.21978021978022,11.12087912087912,-1.3626373626373627,66.81318681318682,-2.32967032967033,25.82191780821918,6.893909454345703,-48.95079803466797,32.37739562988281,82.7704086303711,2.0295028686523438,2.8864097595214844
001_brown,put the brown pouch on the tray,14,1,292,11.859,1788423033.4943717,00013_front_put_the_brown_pouch_on_the_tray.png,00013_wrist_put_the_brown_pouch_on_the_tray.png,recap.png,50,0,318,320,33.494505494505496,21.75824175824176,-31.428571428571427,90.02197802197803,-0.3956043956043956,33.56164383561644,7.337213516235352,-38.06280517578125,18.78740692138672,90.0869140625,1.6314743757247925,2.577214241027832
001_brown,put the brown pouch on the tray,14,1,292,11.859,1788423033.4943717,00013_front_put_the_brown_pouch_on_the_tray.png,00013_wrist_put_the_brown_pouch_on_the_tray.png,recap.png,50,1,319,321,33.494505494505496,21.75824175824176,-31.428571428571427,90.02197802197803,-0.3956043956043956,33.56164383561644,6.498726844787598,-40.339332580566406,21.401020050048828,89.4914779663086,1.6736747026443481,2.3313117027282715
001_brown,put the brown pouch on the tray,14,1,292,11.859,1788423033.4943717,00013_front_put_the_brown_pouch_on_the_tray.png,00013_wrist_put_the_brown_pouch_on_the_tray.png,recap.png,50,2,320,322,33.494505494505496,21.75824175824176,-31.428571428571427,90.02197802197803,-0.3956043956043956,33.56164383561644,5.678562164306641,-36.838829040527344,16.713829040527344,92.48917388916016,1.1492366790771484,1.7420737743377686
001_brown,put the brown pouch on the tray,14,1,292,11.859,1788423033.4943717,00013_front_put_the_brown_pouch_on_the_tray.png,00013_wrist_put_the_brown_pouch_on_the_tray.png,recap.png,50,3,321,323,33.494505494505496,21.75824175824176,-31.428571428571427,90.02197802197803,-0.3956043956043956,33.56164383561644,4.57232666015625,-38.77864074707031,18.960952758789062,91.84209442138672,1.0595521926879883,1.3086726665496826
001_brown,put the brown pouch on the tray,14,1,292,11.859,1788423033.4943717,00013_front_put_the_brown_pouch_on_the_tray.png,00013_wrist_put_the_brown_pouch_on_the_tray.png,recap.png,50,4,322,324,33.494505494505496,21.75824175824176,-31.428571428571427,90.02197802197803,-0.3956043956043956,33.56164383561644,3.844829559326172,-40.98126220703125,20.71546173095703,91.2872314453125,1.0343599319458008,0.7011086344718933
001_brown,put the brown pouch on the tray,14,1,292,11.859,1788423033.4943717,00013_front_put_the_brown_pouch_on_the_tray.png,00013_wrist_put_the_brown_pouch_on_the_tray.png,recap.png,50,5,323,325,33.494505494505496,21.75824175824176,-31.428571428571427,90.02197802197803,-0.3956043956043956,33.56164383561644,3.1959075927734375,-42.68562698364258,22.985679626464844,90.59738159179688,1.0103559494018555,0.5035563707351685
001_brown,put the brown pouch on the tray,14,1,292,11.859,1788423033.4943717,00013_front_put_the_brown_pouch_on_the_tray.png,00013_wrist_put_the_brown_pouch_on_the_tray.png,recap.png,50,6,324,326,33.494505494505496,21.75824175824176,-31.428571428571427,90.02197802197803,-0.3956043956043956,33.56164383561644,2.440784454345703,-44.990394592285156,25.47972869873047,89.83967590332031,0.9528675079345703,0.41181060671806335
001_brown,put the brown pouch on the tray,14,1,292,11.859,1788423033.4943717,00013_front_put_the_brown_pouch_on_the_tray.png,00013_wrist_put_the_brown_pouch_on_the_tray.png,recap.png,50,7,325,327,33.494505494505496,21.75824175824176,-31.428571428571427,90.02197802197803,-0.3956043956043956,33.56164383561644,1.7801132202148438,-46.9373779296875,28.120208740234375,89.1401596069336,0.8546047210693359,0.4471268653869629
001_brown,put the brown pouch on the tray,14,1,292,11.859,1788423033.4943717,00013_front_put_the_brown_pouch_on_the_tray.png,00013_wrist_put_the_brown_pouch_on_the_tray.png,recap.png,50,8,326,328,33.494505494505496,21.75824175824176,-31.428571428571427,90.02197802197803,-0.3956043956043956,33.56164383561644,1.1115531921386719,-49.07492446899414,29.980125427246094,87.98089599609375,0.8367986679077148,0.31459158658981323
001_brown,put the brown pouch on the tray,14,1,292,11.859,1788423033.4943717,00013_front_put_the_brown_pouch_on_the_tray.png,00013_wrist_put_the_brown_pouch_on_the_tray.png,recap.png,50,9,327,329,33.494505494505496,21.75824175824176,-31.428571428571427,90.02197802197803,-0.3956043956043956,33.56164383561644,0.5137443542480469,-51.24070739746094,32.30268859863281,86.93894958496094,0.7666692733764648,0.4708806276321411
001_brown,put the brown pouch on the tray,14,1,292,11.859,1788423033.4943717,00013_front_put_the_brown_pouch_on_the_tray.png,00013_wrist_put_the_brown_pouch_on_the_tray.png,recap.png,50,10,328,330,33.494505494505496,21.75824175824176,-31.428571428571427,90.02197802197803,-0.3956043956043956,33.56164383561644,0.09449386596679688,-53.34016799926758,34.67405700683594,85.98759460449219,0.8147182464599609,0.4550536274909973
001_brown,put the brown pouch on the tray,14,1,292,11.859,1788423033.4943717,00013_front_put_the_brown_pouch_on_the_tray.png,00013_wrist_put_the_brown_pouch_on_the_tray.png,recap.png,50,11,329,331,33.494505494505496,21.75824175824176,-31.428571428571427,90.02197802197803,-0.3956043956043956,33.56164383561644,-0.15801239013671875,-55.28535842895508,37.01941680908203,84.78494262695312,0.6440467834472656,0.4515836238861084
001_brown,put the brown pouch on the tray,14,1,292,11.859,1788423033.4943717,00013_front_put_the_brown_pouch_on_the_tray.png,00013_wrist_put_the_brown_pouch_on_the_tray.png,recap.png,50,12,330,332,33.494505494505496,21.75824175824176,-31.428571428571427,90.02197802197803,-0.3956043956043956,33.56164383561644,-0.5585498809814453,-57.806793212890625,39.033836364746094,83.5289306640625,0.547825813293457,0.5032112002372742
001_brown,put the brown pouch on the tray,14,1,292,11.859,1788423033.4943717,00013_front_put_the_brown_pouch_on_the_tray.png,00013_wrist_put_the_brown_pouch_on_the_tray.png,recap.png,50,13,331,333,33.494505494505496,21.75824175824176,-31.428571428571427,90.02197802197803,-0.3956043956043956,33.56164383561644,-0.8204288482666016,-59.822750091552734,41.47400665283203,82.09053039550781,0.7803096771240234,0.47217857837677
001_brown,put the brown pouch on the tray,14,1,292,11.859,1788423033.4943717,00013_front_put_the_brown_pouch_on_the_tray.png,00013_wrist_put_the_brown_pouch_on_the_tray.png,recap.png,50,14,332,334,33.494505494505496,21.75824175824176,-31.428571428571427,90.02197802197803,-0.3956043956043956,33.56164383561644,-1.129486083984375,-61.74263381958008,43.05278778076172,80.84342956542969,0.6471214294433594,0.4722561240196228
001_brown,put the brown pouch on the tray,14,1,292,11.859,1788423033.4943717,00013_front_put_the_brown_pouch_on_the_tray.png,00013_wrist_put_the_brown_pouch_on_the_tray.png,recap.png,50,15,333,335,33.494505494505496,21.75824175824176,-31.428571428571427,90.02197802197803,-0.3956043956043956,33.56164383561644,-1.3203353881835938,-63.59092712402344,45.00616455078125,79.69292449951172,0.5379600524902344,0.4842158555984497
001_brown,put the brown pouch on the tray,14,1,292,11.859,1788423033.4943717,00013_front_put_the_brown_pouch_on_the_tray.png,00013_wrist_put_the_brown_pouch_on_the_tray.png,recap.png,50,16,334,336,33.494505494505496,21.75824175824176,-31.428571428571427,90.02197802197803,-0.3956043956043956,33.56164383561644,-1.5474872589111328,-65.83026123046875,46.829071044921875,78.73465728759766,0.5876407623291016,0.4581795334815979
001_brown,put the brown pouch on the tray,14,1,292,11.859,1788423033.4943717,00013_front_put_the_brown_pouch_on_the_tray.png,00013_wrist_put_the_brown_pouch_on_the_tray.png,recap.png,50,17,335,337,33.494505494505496,21.75824175824176,-31.428571428571427,90.02197802197803,-0.3956043956043956,33.56164383561644,-1.639047622680664,-67.43055725097656,48.819129943847656,77.76377868652344,0.5091762542724609,0.39106589555740356
001_brown,put the brown pouch on the tray,14,1,292,11.859,1788423033.4943717,00013_front_put_the_brown_pouch_on_the_tray.png,00013_wrist_put_the_brown_pouch_on_the_tray.png,recap.png,50,18,336,338,33.494505494505496,21.75824175824176,-31.428571428571427,90.02197802197803,-0.3956043956043956,33.56164383561644,-1.6666507720947266,-69.4158935546875,50.090538024902344,77.29167938232422,0.5281772613525391,0.2635747194290161
001_brown,put the brown pouch on the tray,14,1,292,11.859,1788423033.4943717,00013_front_put_the_brown_pouch_on_the_tray.png,00013_wrist_put_the_brown_pouch_on_the_tray.png,recap.png,50,19,337,339,33.494505494505496,21.75824175824176,-31.428571428571427,90.02197802197803,-0.3956043956043956,33.56164383561644,-1.7667484283447266,-71.57022094726562,51.506309509277344,76.92438507080078,0.5040855407714844,0.3035537898540497
001_brown,put the brown pouch on the tray,14,1,292,11.859,1788423033.4943717,00013_front_put_the_brown_pouch_on_the_tray.png,00013_wrist_put_the_brown_pouch_on_the_tray.png,recap.png,50,20,338,340,33.494505494505496,21.75824175824176,-31.428571428571427,90.02197802197803,-0.3956043956043956,33.56164383561644,-1.615509033203125,-72.72622680664062,52.351959228515625,76.3983154296875,0.33402347564697266,0.20030498504638672
001_brown,put the brown pouch on the tray,14,1,292,11.859,1788423033.4943717,00013_front_put_the_brown_pouch_on_the_tray.png,00013_wrist_put_the_brown_pouch_on_the_tray.png,recap.png,50,21,339,341,33.494505494505496,21.75824175824176,-31.428571428571427,90.02197802197803,-0.3956043956043956,33.56164383561644,-1.6995067596435547,-75.38809204101562,54.45048522949219,76.28282165527344,0.23060894012451172,0.19783231616020203
001_brown,put the brown pouch on the tray,14,1,292,11.859,1788423033.4943717,00013_front_put_the_brown_pouch_on_the_tray.png,00013_wrist_put_the_brown_pouch_on_the_tray.png,recap.png,50,22,340,342,33.494505494505496,21.75824175824176,-31.428571428571427,90.02197802197803,-0.3956043956043956,33.56164383561644,-1.8056926727294922,-77.48396301269531,55.918922424316406,76.02259063720703,0.3490123748779297,0.35639965534210205
001_brown,put the brown pouch on the tray,14,1,292,11.859,1788423033.4943717,00013_front_put_the_brown_pouch_on_the_tray.png,00013_wrist_put_the_brown_pouch_on_the_tray.png,recap.png,50,23,341,343,33.494505494505496,21.75824175824176,-31.428571428571427,90.02197802197803,-0.3956043956043956,33.56164383561644,-1.4775505065917969,-78.92656707763672,57.234825134277344,75.80839538574219,0.18623924255371094,0.3928948938846588
001_brown,put the brown pouch on the tray,15,0,317,12.83,1788423034.468,00014_front_put_the_brown_pouch_on_the_tray.png,00014_wrist_put_the_brown_pouch_on_the_tray.png,recap.png,50,0,342,344,8.43956043956044,-40.83516483516483,25.626373626373628,85.8021978021978,1.6263736263736264,3.767123287671233,-3.634675979614258,-86.92537689208984,69.8008804321289,71.62496948242188,-0.9465351104736328,1.06378173828125
001_brown,put the brown pouch on the tray,15,0,317,12.83,1788423034.468,00014_front_put_the_brown_pouch_on_the_tray.png,00014_wrist_put_the_brown_pouch_on_the_tray.png,recap.png,50,1,343,345,8.43956043956044,-40.83516483516483,25.626373626373628,85.8021978021978,1.6263736263736264,3.767123287671233,-3.774477005004883,-89.28897857666016,71.63641357421875,71.55044555664062,-0.9361286163330078,0.8831217885017395
001_brown,put the brown pouch on the tray,15,0,317,12.83,1788423034.468,00014_front_put_the_brown_pouch_on_the_tray.png,00014_wrist_put_the_brown_pouch_on_the_tray.png,recap.png,50,2,344,346,8.43956043956044,-40.83516483516483,25.626373626373628,85.8021978021978,1.6263736263736264,3.767123287671233,-3.848590850830078,-91.19440460205078,72.52835083007812,71.71051025390625,-0.8950462341308594,1.2208662033081055
001_brown,put the brown pouch on the tray,15,0,317,12.83,1788423034.468,00014_front_put_the_brown_pouch_on_the_tray.png,00014_wrist_put_the_brown_pouch_on_the_tray.png,recap.png,50,3,345,347,8.43956043956044,-40.83516483516483,25.626373626373628,85.8021978021978,1.6263736263736264,3.767123287671233,-4.154375076293945,-93.33720397949219,74.08097839355469,71.75946807861328,-1.0006380081176758,1.0909533500671387
001_brown,put the brown pouch on the tray,15,0,317,12.83,1788423034.468,00014_front_put_the_brown_pouch_on_the_tray.png,00014_wrist_put_the_brown_pouch_on_the_tray.png,recap.png,50,4,346,348,8.43956043956044,-40.83516483516483,25.626373626373628,85.8021978021978,1.6263736263736264,3.767123287671233,-4.330120086669922,-94.42903137207031,75.14665222167969,71.9968032836914,-1.2753982543945312,1.0506535768508911
001_brown,put the brown pouch on the tray,15,0,317,12.83,1788423034.468,00014_front_put_the_brown_pouch_on_the_tray.png,00014_wrist_put_the_brown_pouch_on_the_tray.png,recap.png,50,5,347,349,8.43956043956044,-40.83516483516483,25.626373626373628,85.8021978021978,1.6263736263736264,3.767123287671233,-4.183490753173828,-96.13629150390625,76.30014038085938,72.14756774902344,-1.4480819702148438,1.1091351509094238
001_brown,put the brown pouch on the tray,15,0,317,12.83,1788423034.468,00014_front_put_the_brown_pouch_on_the_tray.png,00014_wrist_put_the_brown_pouch_on_the_tray.png,recap.png,50,6,348,350,8.43956043956044,-40.83516483516483,25.626373626373628,85.8021978021978,1.6263736263736264,3.767123287671233,-4.033214569091797,-97.55367279052734,77.82722473144531,72.19913482666016,-1.830948829650879,1.0712389945983887
001_brown,put the brown pouch on the tray,15,0,317,12.83,1788423034.468,00014_front_put_the_brown_pouch_on_the_tray.png,00014_wrist_put_the_brown_pouch_on_the_tray.png,recap.png,50,7,349,351,8.43956043956044,-40.83516483516483,25.626373626373628,85.8021978021978,1.6263736263736264,3.767123287671233,-3.4685440063476562,-98.65035247802734,79.10720825195312,72.53825378417969,-2.0372276306152344,0.9943568110466003
001_brown,put the brown pouch on the tray,15,0,317,12.83,1788423034.468,00014_front_put_the_brown_pouch_on_the_tray.png,00014_wrist_put_the_brown_pouch_on_the_tray.png,recap.png,50,8,350,352,8.43956043956044,-40.83516483516483,25.626373626373628,85.8021978021978,1.6263736263736264,3.767123287671233,-3.7806549072265625,-98.44139099121094,80.01554870605469,72.6942138671875,-2.305657386779785,1.016106367111206
001_brown,put the brown pouch on the tray,15,0,317,12.83,1788423034.468,00014_front_put_the_brown_pouch_on_the_tray.png,00014_wrist_put_the_brown_pouch_on_the_tray.png,recap.png,50,9,351,353,8.43956043956044,-40.83516483516483,25.626373626373628,85.8021978021978,1.6263736263736264,3.767123287671233,-3.867826461791992,-99.22755432128906,81.22793579101562,72.88336181640625,-2.2583494186401367,1.0351983308792114
001_brown,put the brown pouch on the tray,15,0,317,12.83,1788423034.468,00014_front_put_the_brown_pouch_on_the_tray.png,00014_wrist_put_the_brown_pouch_on_the_tray.png,recap.png,50,10,352,354,8.43956043956044,-40.83516483516483,25.626373626373628,85.8021978021978,1.6263736263736264,3.767123287671233,-3.8651580810546875,-99.27717590332031,81.33697509765625,72.97962188720703,-2.3287782669067383,1.1778898239135742
001_brown,put the brown pouch on the tray,15,0,317,12.83,1788423034.468,00014_front_put_the_brown_pouch_on_the_tray.png,00014_wrist_put_the_brown_pouch_on_the_tray.png,recap.png,50,11,353,355,8.43956043956044,-40.83516483516483,25.626373626373628,85.8021978021978,1.6263736263736264,3.767123287671233,-4.022706985473633,-99.77761840820312,81.79936218261719,73.37643432617188,-2.084702491760254,1.1035101413726807
001_brown,put the brown pouch on the tray,15,0,317,12.83,1788423034.468,00014_front_put_the_brown_pouch_on_the_tray.png,00014_wrist_put_the_brown_pouch_on_the_tray.png,recap.png,50,12,354,356,8.43956043956044,-40.83516483516483,25.626373626373628,85.8021978021978,1.6263736263736264,3.767123287671233,-4.448131561279297,-99.54325866699219,82.4874267578125,74.0860824584961,-2.2960386276245117,1.0742671489715576
001_brown,put the brown pouch on the tray,15,0,317,12.83,1788423034.468,00014_front_put_the_brown_pouch_on_the_tray.png,00014_wrist_put_the_brown_pouch_on_the_tray.png,recap.png,50,13,355,357,8.43956043956044,-40.83516483516483,25.626373626373628,85.8021978021978,1.6263736263736264,3.767123287671233,-4.1561279296875,-100.44219970703125,83.2291259765625,74.40422058105469,-2.372471809387207,1.0601236820220947
001_brown,put the brown pouch on the tray,15,0,317,12.83,1788423034.468,00014_front_put_the_brown_pouch_on_the_tray.png,00014_wrist_put_the_brown_pouch_on_the_tray.png,recap.png,50,14,356,358,8.43956043956044,-40.83516483516483,25.626373626373628,85.8021978021978,1.6263736263736264,3.767123287671233,-4.309083938598633,-101.10790252685547,83.54847717285156,75.18959045410156,-2.550896644592285,1.162611961364746
001_brown,put the brown pouch on the tray,15,0,317,12.83,1788423034.468,00014_front_put_the_brown_pouch_on_the_tray.png,00014_wrist_put_the_brown_pouch_on_the_tray.png,recap.png,50,15,357,359,8.43956043956044,-40.83516483516483,25.626373626373628,85.8021978021978,1.6263736263736264,3.767123287671233,-4.3211517333984375,-101.06533813476562,84.53407287597656,76.16488647460938,-2.5542945861816406,1.1401805877685547
001_brown,put the brown pouch on the tray,15,0,317,12.83,1788423034.468,00014_front_put_the_brown_pouch_on_the_tray.png,00014_wrist_put_the_brown_pouch_on_the_tray.png,recap.png,50,16,358,360,8.43956043956044,-40.83516483516483,25.626373626373628,85.8021978021978,1.6263736263736264,3.767123287671233,-4.166143417358398,-101.51873779296875,85.00144958496094,76.80548858642578,-2.3801660537719727,1.1704611778259277
001_brown,put the brown pouch on the tray,15,0,317,12.83,1788423034.468,00014_front_put_the_brown_pouch_on_the_tray.png,00014_wrist_put_the_brown_pouch_on_the_tray.png,recap.png,50,17,359,361,8.43956043956044,-40.83516483516483,25.626373626373628,85.8021978021978,1.6263736263736264,3.767123287671233,-3.8978233337402344,-101.70155334472656,84.54304504394531,77.51963806152344,-2.344780921936035,1.0880770683288574
001_brown,put the brown pouch on the tray,15,0,317,12.83,1788423034.468,00014_front_put_the_brown_pouch_on_the_tray.png,00014_wrist_put_the_brown_pouch_on_the_tray.png,recap.png,50,18,360,362,8.43956043956044,-40.83516483516483,25.626373626373628,85.8021978021978,1.6263736263736264,3.767123287671233,-3.8241500854492188,-100.98497772216797,84.71820068359375,78.09475708007812,-2.3910903930664062,1.0159990787506104
001_brown,put the brown pouch on the tray,15,0,317,12.83,1788423034.468,00014_front_put_the_brown_pouch_on_the_tray.png,00014_wrist_put_the_brown_pouch_on_the_tray.png,recap.png,50,19,361,363,8.43956043956044,-40.83516483516483,25.626373626373628,85.8021978021978,1.6263736263736264,3.767123287671233,-4.386083602905273,-101.42665100097656,85.13194274902344,78.27133178710938,-2.554340362548828,1.1748573780059814
001_brown,put the brown pouch on the tray,15,0,317,12.83,1788423034.468,00014_front_put_the_brown_pouch_on_the_tray.png,00014_wrist_put_the_brown_pouch_on_the_tray.png,recap.png,50,20,362,364,8.43956043956044,-40.83516483516483,25.626373626373628,85.8021978021978,1.6263736263736264,3.767123287671233,-3.909391403198242,-102.97943878173828,86.21427917480469,78.48993682861328,-2.747054100036621,1.136564016342163
001_brown,put the brown pouch on the tray,15,0,317,12.83,1788423034.468,00014_front_put_the_brown_pouch_on_the_tray.png,00014_wrist_put_the_brown_pouch_on_the_tray.png,recap.png,50,21,363,365,8.43956043956044,-40.83516483516483,25.626373626373628,85.8021978021978,1.6263736263736264,3.767123287671233,-3.867277145385742,-102.99256134033203,85.80378723144531,78.41452026367188,-2.9534683227539062,0.9950514435768127
001_brown,put the brown pouch on the tray,15,0,317,12.83,1788423034.468,00014_front_put_the_brown_pouch_on_the_tray.png,00014_wrist_put_the_brown_pouch_on_the_tray.png,recap.png,50,22,364,366,8.43956043956044,-40.83516483516483,25.626373626373628,85.8021978021978,1.6263736263736264,3.767123287671233,-3.9820423126220703,-103.10845947265625,86.21267700195312,78.44589233398438,-3.4783287048339844,0.9304158091545105
001_brown,put the brown pouch on the tray,15,0,317,12.83,1788423034.468,00014_front_put_the_brown_pouch_on_the_tray.png,00014_wrist_put_the_brown_pouch_on_the_tray.png,recap.png,50,23,365,367,8.43956043956044,-40.83516483516483,25.626373626373628,85.8021978021978,1.6263736263736264,3.767123287671233,-4.005441665649414,-103.02208709716797,86.86537170410156,78.32086181640625,-4.33657693862915,1.0844275951385498
001_brown,put the brown pouch on the tray,15,0,317,12.83,1788423034.468,00014_front_put_the_brown_pouch_on_the_tray.png,00014_wrist_put_the_brown_pouch_on_the_tray.png,recap.png,50,24,366,368,8.43956043956044,-40.83516483516483,25.626373626373628,85.8021978021978,1.6263736263736264,3.767123287671233,-4.083898544311523,-103.00430297851562,86.67546081542969,78.15469360351562,-4.341014385223389,1.1855053901672363
001_brown,put the brown pouch on the tray,16,1,341,13.633,1788423035.2687519,00015_front_put_the_brown_pouch_on_the_tray.png,00015_wrist_put_the_brown_pouch_on_the_tray.png,recap.png,50,0,367,369,-1.2307692307692308,-72.3076923076923,53.05494505494506,77.45054945054945,0.9230769230769231,0.547945205479452,-3.036569595336914,-103.04338073730469,86.65652465820312,78.594482421875,-1.3473939895629883,0.10443274676799774
001_brown,put the brown pouch on the tray,16,1,341,13.633,1788423035.2687519,00015_front_put_the_brown_pouch_on_the_tray.png,00015_wrist_put_the_brown_pouch_on_the_tray.png,recap.png,50,1,368,370,-1.2307692307692308,-72.3076923076923,53.05494505494506,77.45054945054945,0.9230769230769231,0.547945205479452,-2.8784008026123047,-102.34872436523438,86.90908813476562,78.70573425292969,-1.3196468353271484,-0.0018665418028831482
001_brown,put the brown pouch on the tray,16,1,341,13.633,1788423035.2687519,00015_front_put_the_brown_pouch_on_the_tray.png,00015_wrist_put_the_brown_pouch_on_the_tray.png,recap.png,50,2,369,371,-1.2307692307692308,-72.3076923076923,53.05494505494506,77.45054945054945,0.9230769230769231,0.547945205479452,-2.575551986694336,-102.44082641601562,87.13508605957031,78.7538833618164,-1.2642831802368164,0.0496070422232151
001_brown,put the brown pouch on the tray,16,1,341,13.633,1788423035.2687519,00015_front_put_the_brown_pouch_on_the_tray.png,00015_wrist_put_the_brown_pouch_on_the_tray.png,recap.png,50,3,370,372,-1.2307692307692308,-72.3076923076923,53.05494505494506,77.45054945054945,0.9230769230769231,0.547945205479452,-2.47454833984375,-102.37728881835938,87.17459106445312,78.8902587890625,-1.1378507614135742,-0.0056180283427238464
001_brown,put the brown pouch on the tray,16,1,341,13.633,1788423035.2687519,00015_front_put_the_brown_pouch_on_the_tray.png,00015_wrist_put_the_brown_pouch_on_the_tray.png,recap.png,50,4,371,373,-1.2307692307692308,-72.3076923076923,53.05494505494506,77.45054945054945,0.9230769230769231,0.547945205479452,-2.1527023315429688,-102.5064697265625,87.88569641113281,78.98809814453125,-1.0295743942260742,0.03205619007349014
001_brown,put the brown pouch on the tray,16,1,341,13.633,1788423035.2687519,00015_front_put_the_brown_pouch_on_the_tray.png,00015_wrist_put_the_brown_pouch_on_the_tray.png,recap.png,50,5,372,374,-1.2307692307692308,-72.3076923076923,53.05494505494506,77.45054945054945,0.9230769230769231,0.547945205479452,-2.3024215698242188,-102.10047912597656,87.77764892578125,78.88973999023438,-1.1553125381469727,0.034456633031368256
001_brown,put the brown pouch on the tray,16,1,341,13.633,1788423035.2687519,00015_front_put_the_brown_pouch_on_the_tray.png,00015_wrist_put_the_brown_pouch_on_the_tray.png,recap.png,50,6,373,375,-1.2307692307692308,-72.3076923076923,53.05494505494506,77.45054945054945,0.9230769230769231,0.547945205479452,-2.2150707244873047,-102.23564147949219,87.72866821289062,79.05867767333984,-1.1732473373413086,0.01601783186197281
001_brown,put the brown pouch on the tray,16,1,341,13.633,1788423035.2687519,00015_front_put_the_brown_pouch_on_the_tray.png,00015_wrist_put_the_brown_pouch_on_the_tray.png,recap.png,50,7,374,376,-1.2307692307692308,-72.3076923076923,53.05494505494506,77.45054945054945,0.9230769230769231,0.547945205479452,-2.1079635620117188,-102.64496612548828,87.778564453125,79.12023162841797,-1.2404699325561523,0.10273756831884384
001_brown,put the brown pouch on the tray,16,1,341,13.633,1788423035.2687519,00015_front_put_the_brown_pouch_on_the_tray.png,00015_wrist_put_the_brown_pouch_on_the_tray.png,recap.png,50,8,375,377,-1.2307692307692308,-72.3076923076923,53.05494505494506,77.45054945054945,0.9230769230769231,0.547945205479452,-2.179464340209961,-102.30943298339844,87.92048645019531,79.07545471191406,-1.1712636947631836,0.0611121766269207
001_brown,put the brown pouch on the tray,16,1,341,13.633,1788423035.2687519,00015_front_put_the_brown_pouch_on_the_tray.png,00015_wrist_put_the_brown_pouch_on_the_tray.png,recap.png,50,9,376,378,-1.2307692307692308,-72.3076923076923,53.05494505494506,77.45054945054945,0.9230769230769231,0.547945205479452,-1.8754024505615234,-102.43042755126953,88.11268615722656,79.23782348632812,-1.4626760482788086,0.019998744130134583
001_brown,put the brown pouch on the tray,16,1,341,13.633,1788423035.2687519,00015_front_put_the_brown_pouch_on_the_tray.png,00015_wrist_put_the_brown_pouch_on_the_tray.png,recap.png,50,10,377,379,-1.2307692307692308,-72.3076923076923,53.05494505494506,77.45054945054945,0.9230769230769231,0.547945205479452,-1.7794818878173828,-102.3334732055664,87.96699523925781,79.14511108398438,-1.6480379104614258,0.004642277956008911
001_brown,put the brown pouch on the tray,16,1,341,13.633,1788423035.2687519,00015_front_put_the_brown_pouch_on_the_tray.png,00015_wrist_put_the_brown_pouch_on_the_tray.png,recap.png,50,11,378,380,-1.2307692307692308,-72.3076923076923,53.05494505494506,77.45054945054945,0.9230769230769231,0.547945205479452,-1.6618461608886719,-102.12561798095703,88.25407409667969,79.1239013671875,-1.7814483642578125,0.03935098648071289
001_brown,put the brown pouch on the tray,16,1,341,13.633,1788423035.2687519,00015_front_put_the_brown_pouch_on_the_tray.png,00015_wrist_put_the_brown_pouch_on_the_tray.png,recap.png,50,12,379,381,-1.2307692307692308,-72.3076923076923,53.05494505494506,77.45054945054945,0.9230769230769231,0.547945205479452,-1.5798053741455078,-102.60321807861328,88.56797790527344,79.10249328613281,-1.7521190643310547,0.15762169659137726
001_brown,put the brown pouch on the tray,16,1,341,13.633,1788423035.2687519,00015_front_put_the_brown_pouch_on_the_tray.png,00015_wrist_put_the_brown_pouch_on_the_tray.png,recap.png,50,13,380,382,-1.2307692307692308,-72.3076923076923,53.05494505494506,77.45054945054945,0.9230769230769231,0.547945205479452,-1.5723285675048828,-102.27054595947266,88.87692260742188,79.0776138305664,-1.8058834075927734,0.20619454979896545
001_brown,put the brown pouch on the tray,16,1,341,13.633,1788423035.2687519,00015_front_put_the_brown_pouch_on_the_tray.png,00015_wrist_put_the_brown_pouch_on_the_tray.png,recap.png,50,14,381,383,-1.2307692307692308,-72.3076923076923,53.05494505494506,77.45054945054945,0.9230769230769231,0.547945205479452,-1.5725135803222656,-101.97876739501953,88.65412902832031,79.02681732177734,-1.8613471984863281,0.04711100831627846
001_brown,put the brown pouch on the tray,16,1,341,13.633,1788423035.2687519,00015_front_put_the_brown_pouch_on_the_tray.png,00015_wrist_put_the_brown_pouch_on_the_tray.png,recap.png,50,15,382,384,-1.2307692307692308,-72.3076923076923,53.05494505494506,77.45054945054945,0.9230769230769231,0.547945205479452,-1.508340835571289,-102.30551147460938,89.23219299316406,78.89358520507812,-1.8503732681274414,0.15152710676193237
001_brown,put the brown pouch on the tray,16,1,341,13.633,1788423035.2687519,00015_front_put_the_brown_pouch_on_the_tray.png,00015_wrist_put_the_brown_pouch_on_the_tray.png,recap.png,50,16,383,385,-1.2307692307692308,-72.3076923076923,53.05494505494506,77.45054945054945,0.9230769230769231,0.547945205479452,-1.5310077667236328,-102.18659210205078,89.3731689453125,78.93930053710938,-1.8497724533081055,0.18496869504451752
001_brown,put the brown pouch on the tray,16,1,341,13.633,1788423035.2687519,00015_front_put_the_brown_pouch_on_the_tray.png,00015_wrist_put_the_brown_pouch_on_the_tray.png,recap.png,50,17,384,386,-1.2307692307692308,-72.3076923076923,53.05494505494506,77.45054945054945,0.9230769230769231,0.547945205479452,-1.2698726654052734,-102.1365737915039,89.6929931640625,78.78596496582031,-1.7763805389404297,0.19220614433288574
001_brown,put the brown pouch on the tray,16,1,341,13.633,1788423035.2687519,00015_front_put_the_brown_pouch_on_the_tray.png,00015_wrist_put_the_brown_pouch_on_the_tray.png,recap.png,50,18,385,387,-1.2307692307692308,-72.3076923076923,53.05494505494506,77.45054945054945,0.9230769230769231,0.547945205479452,-1.4751167297363281,-102.6236572265625,89.87057495117188,78.82096099853516,-1.6083555221557617,0.12442547082901001
001_brown,put the brown pouch on the tray,16,1,341,13.633,1788423035.2687519,00015_front_put_the_brown_pouch_on_the_tray.png,00015_wrist_put_the_brown_pouch_on_the_tray.png,recap.png,50,19,386,388,-1.2307692307692308,-72.3076923076923,53.05494505494506,77.45054945054945,0.9230769230769231,0.547945205479452,-1.4683036804199219,-102.28587341308594,88.87420654296875,78.75044250488281,-1.4677057266235352,0.2005205899477005
001_brown,put the brown pouch on the tray,16,1,341,13.633,1788423035.2687519,00015_front_put_the_brown_pouch_on_the_tray.png,00015_wrist_put_the_brown_pouch_on_the_tray.png,recap.png,50,20,387,389,-1.2307692307692308,-72.3076923076923,53.05494505494506,77.45054945054945,0.9230769230769231,0.547945205479452,-1.7034854888916016,-101.6832504272461,89.02818298339844,78.8145523071289,-1.5582647323608398,0.2303030788898468
001_brown,put the brown pouch on the tray,16,1,341,13.633,1788423035.2687519,00015_front_put_the_brown_pouch_on_the_tray.png,00015_wrist_put_the_brown_pouch_on_the_tray.png,recap.png,50,21,388,390,-1.2307692307692308,-72.3076923076923,53.05494505494506,77.45054945054945,0.9230769230769231,0.547945205479452,-1.5727310180664062,-101.57630920410156,89.301513671875,78.68134307861328,-1.5386905670166016,0.2204740047454834
001_brown,put the brown pouch on the tray,16,1,341,13.633,1788423035.2687519,00015_front_put_the_brown_pouch_on_the_tray.png,00015_wrist_put_the_brown_pouch_on_the_tray.png,recap.png,50,22,389,391,-1.2307692307692308,-72.3076923076923,53.05494505494506,77.45054945054945,0.9230769230769231,0.547945205479452,-1.615631103515625,-101.64790344238281,89.33718872070312,78.55152893066406,-1.5754318237304688,0.1689547598361969
001_brown,put the brown pouch on the tray,16,1,341,13.633,1788423035.2687519,00015_front_put_the_brown_pouch_on_the_tray.png,00015_wrist_put_the_brown_pouch_on_the_tray.png,recap.png,50,23,390,392,-1.2307692307692308,-72.3076923076923,53.05494505494506,77.45054945054945,0.9230769230769231,0.547945205479452,-1.8055686950683594,-101.31922912597656,89.41836547851562,78.53236389160156,-1.826432228088379,0.16466157138347626
001_brown,put the brown pouch on the tray,17,1,366,14.603,1788423036.237805,00016_front_put_the_brown_pouch_on_the_tray.png,00016_wrist_put_the_brown_pouch_on_the_tray.png,recap.png,50,0,391,393,-4.21978021978022,-102.1978021978022,86.02197802197803,77.0989010989011,-2.769230769230769,0.821917808219178,-4.891162872314453,-103.31922149658203,88.40066528320312,77.90322875976562,-2.224763870239258,0.9334174394607544
001_brown,put the brown pouch on the tray,17,1,366,14.603,1788423036.237805,00016_front_put_the_brown_pouch_on_the_tray.png,00016_wrist_put_the_brown_pouch_on_the_tray.png,recap.png,50,1,392,394,-4.21978021978022,-102.1978021978022,86.02197802197803,77.0989010989011,-2.769230769230769,0.821917808219178,-5.24986457824707,-101.80963134765625,87.34210205078125,77.87555694580078,-1.8553495407104492,0.8805471062660217
001_brown,put the brown pouch on the tray,17,1,366,14.603,1788423036.237805,00016_front_put_the_brown_pouch_on_the_tray.png,00016_wrist_put_the_brown_pouch_on_the_tray.png,recap.png,50,2,393,395,-4.21978021978022,-102.1978021978022,86.02197802197803,77.0989010989011,-2.769230769230769,0.821917808219178,-5.227081298828125,-102.34493255615234,88.58287048339844,77.97279357910156,-1.4658260345458984,0.8874829411506653
001_brown,put the brown pouch on the tray,17,1,366,14.603,1788423036.237805,00016_front_put_the_brown_pouch_on_the_tray.png,00016_wrist_put_the_brown_pouch_on_the_tray.png,recap.png,50,3,394,396,-4.21978021978022,-102.1978021978022,86.02197802197803,77.0989010989011,-2.769230769230769,0.821917808219178,-5.199047088623047,-102.32533264160156,88.60757446289062,77.95524597167969,-1.347336769104004,0.8467667102813721
001_brown,put the brown pouch on the tray,17,1,366,14.603,1788423036.237805,00016_front_put_the_brown_pouch_on_the_tray.png,00016_wrist_put_the_brown_pouch_on_the_tray.png,recap.png,50,4,395,397,-4.21978021978022,-102.1978021978022,86.02197802197803,77.0989010989011,-2.769230769230769,0.821917808219178,-5.306922912597656,-102.18647003173828,88.66104125976562,78.11041259765625,-1.2538509368896484,0.9073577523231506
001_brown,put the brown pouch on the tray,17,1,366,14.603,1788423036.237805,00016_front_put_the_brown_pouch_on_the_tray.png,00016_wrist_put_the_brown_pouch_on_the_tray.png,recap.png,50,5,396,398,-4.21978021978022,-102.1978021978022,86.02197802197803,77.0989010989011,-2.769230769230769,0.821917808219178,-5.227409362792969,-102.2275390625,88.25448608398438,78.14830017089844,-1.2257909774780273,0.8503769636154175
001_brown,put the brown pouch on the tray,17,1,366,14.603,1788423036.237805,00016_front_put_the_brown_pouch_on_the_tray.png,00016_wrist_put_the_brown_pouch_on_the_tray.png,recap.png,50,6,397,399,-4.21978021978022,-102.1978021978022,86.02197802197803,77.0989010989011,-2.769230769230769,0.821917808219178,-5.302799224853516,-102.05561828613281,88.37332153320312,78.07373046875,-1.311981201171875,0.8090712428092957
001_brown,put the brown pouch on the tray,17,1,366,14.603,1788423036.237805,00016_front_put_the_brown_pouch_on_the_tray.png,00016_wrist_put_the_brown_pouch_on_the_tray.png,recap.png,50,7,398,400,-4.21978021978022,-102.1978021978022,86.02197802197803,77.0989010989011,-2.769230769230769,0.821917808219178,-5.229597091674805,-102.35286712646484,87.98040771484375,78.16117095947266,-1.3992919921875,0.8126496076583862
001_brown,put the brown pouch on the tray,17,1,366,14.603,1788423036.237805,00016_front_put_the_brown_pouch_on_the_tray.png,00016_wrist_put_the_brown_pouch_on_the_tray.png,recap.png,50,8,399,401,-4.21978021978022,-102.1978021978022,86.02197802197803,77.0989010989011,-2.769230769230769,0.821917808219178,-5.343051910400391,-101.75938415527344,88.34706115722656,78.2993392944336,-1.408707618713379,0.8454985022544861
001_brown,put the brown pouch on the tray,17,1,366,14.603,1788423036.237805,00016_front_put_the_brown_pouch_on_the_tray.png,00016_wrist_put_the_brown_pouch_on_the_tray.png,recap.png,50,9,400,402,-4.21978021978022,-102.1978021978022,86.02197802197803,77.0989010989011,-2.769230769230769,0.821917808219178,-5.325370788574219,-102.14803314208984,88.07473754882812,78.18590545654297,-1.618865966796875,0.8118179440498352
001_brown,put the brown pouch on the tray,17,1,366,14.603,1788423036.237805,00016_front_put_the_brown_pouch_on_the_tray.png,00016_wrist_put_the_brown_pouch_on_the_tray.png,recap.png,50,10,401,403,-4.21978021978022,-102.1978021978022,86.02197802197803,77.0989010989011,-2.769230769230769,0.821917808219178,-5.270235061645508,-102.21977996826172,88.09808349609375,78.08226013183594,-1.6253595352172852,0.8651927709579468
001_brown,put the brown pouch on the tray,17,1,366,14.603,1788423036.237805,00016_front_put_the_brown_pouch_on_the_tray.png,00016_wrist_put_the_brown_pouch_on_the_tray.png,recap.png,50,11,402,404,-4.21978021978022,-102.1978021978022,86.02197802197803,77.0989010989011,-2.769230769230769,0.821917808219178,-5.3951873779296875,-102.2868423461914,88.14616394042969,78.21077728271484,-1.6840906143188477,0.765472412109375
001_brown,put the brown pouch on the tray,17,1,366,14.603,1788423036.237805,00016_front_put_the_brown_pouch_on_the_tray.png,00016_wrist_put_the_brown_pouch_on_the_tray.png,recap.png,50,12,403,405,-4.21978021978022,-102.1978021978022,86.02197802197803,77.0989010989011,-2.769230769230769,0.821917808219178,-5.341499328613281,-102.06204986572266,87.80247497558594,78.27249145507812,-1.8411645889282227,0.8146985173225403
001_brown,put the brown pouch on the tray,17,1,366,14.603,1788423036.237805,00016_front_put_the_brown_pouch_on_the_tray.png,00016_wrist_put_the_brown_pouch_on_the_tray.png,recap.png,50,13,404,406,-4.21978021978022,-102.1978021978022,86.02197802197803,77.0989010989011,-2.769230769230769,0.821917808219178,-5.287981033325195,-102.52449035644531,87.90652465820312,78.18389892578125,-1.7418642044067383,0.8555920720100403
001_brown,put the brown pouch on the tray,17,1,366,14.603,1788423036.237805,00016_front_put_the_brown_pouch_on_the_tray.png,00016_wrist_put_the_brown_pouch_on_the_tray.png,recap.png,50,14,405,407,-4.21978021978022,-102.1978021978022,86.02197802197803,77.0989010989011,-2.769230769230769,0.821917808219178,-5.490106582641602,-102.40596008300781,87.95376586914062,78.29096984863281,-1.8770828247070312,0.8709177374839783
001_brown,put the brown pouch on the tray,17,1,366,14.603,1788423036.237805,00016_front_put_the_brown_pouch_on_the_tray.png,00016_wrist_put_the_brown_pouch_on_the_tray.png,recap.png,50,15,406,408,-4.21978021978022,-102.1978021978022,86.02197802197803,77.0989010989011,-2.769230769230769,0.821917808219178,-5.314004898071289,-102.4900131225586,87.83073425292969,78.15718841552734,-1.8342905044555664,0.8329747915267944
001_brown,put the brown pouch on the tray,17,1,366,14.603,1788423036.237805,00016_front_put_the_brown_pouch_on_the_tray.png,00016_wrist_put_the_brown_pouch_on_the_tray.png,recap.png,50,16,407,409,-4.21978021978022,-102.1978021978022,86.02197802197803,77.0989010989011,-2.769230769230769,0.821917808219178,-5.146875381469727,-102.00410461425781,88.0848388671875,78.28562927246094,-1.910019874572754,0.812717616558075
001_brown,put the brown pouch on the tray,17,1,366,14.603,1788423036.237805,00016_front_put_the_brown_pouch_on_the_tray.png,00016_wrist_put_the_brown_pouch_on_the_tray.png,recap.png,50,17,408,410,-4.21978021978022,-102.1978021978022,86.02197802197803,77.0989010989011,-2.769230769230769,0.821917808219178,-5.316324234008789,-102.98126220703125,87.81785583496094,78.26170349121094,-1.9195728302001953,0.8728752732276917
001_brown,put the brown pouch on the tray,17,1,366,14.603,1788423036.237805,00016_front_put_the_brown_pouch_on_the_tray.png,00016_wrist_put_the_brown_pouch_on_the_tray.png,recap.png,50,18,409,411,-4.21978021978022,-102.1978021978022,86.02197802197803,77.0989010989011,-2.769230769230769,0.821917808219178,-5.332319259643555,-102.88882446289062,88.3416748046875,78.1929702758789,-1.9177885055541992,0.8339933753013611
001_brown,put the brown pouch on the tray,17,1,366,14.603,1788423036.237805,00016_front_put_the_brown_pouch_on_the_tray.png,00016_wrist_put_the_brown_pouch_on_the_tray.png,recap.png,50,19,410,412,-4.21978021978022,-102.1978021978022,86.02197802197803,77.0989010989011,-2.769230769230769,0.821917808219178,-5.272178649902344,-102.9149169921875,88.64215087890625,78.31600189208984,-1.8889808654785156,0.9487484097480774
001_brown,put the brown pouch on the tray,17,1,366,14.603,1788423036.237805,00016_front_put_the_brown_pouch_on_the_tray.png,00016_wrist_put_the_brown_pouch_on_the_tray.png,recap.png,50,20,411,413,-4.21978021978022,-102.1978021978022,86.02197802197803,77.0989010989011,-2.769230769230769,0.821917808219178,-5.464363098144531,-102.57470703125,88.31205749511719,78.16508483886719,-1.9809741973876953,0.7248497009277344
001_brown,put the brown pouch on the tray,17,1,366,14.603,1788423036.237805,00016_front_put_the_brown_pouch_on_the_tray.png,00016_wrist_put_the_brown_pouch_on_the_tray.png,recap.png,50,21,412,414,-4.21978021978022,-102.1978021978022,86.02197802197803,77.0989010989011,-2.769230769230769,0.821917808219178,-5.416751861572266,-102.55504608154297,87.75672912597656,78.12995910644531,-2.036741256713867,0.7457335591316223
001_brown,put the brown pouch on the tray,17,1,366,14.603,1788423036.237805,00016_front_put_the_brown_pouch_on_the_tray.png,00016_wrist_put_the_brown_pouch_on_the_tray.png,recap.png,50,22,413,415,-4.21978021978022,-102.1978021978022,86.02197802197803,77.0989010989011,-2.769230769230769,0.821917808219178,-5.417455673217773,-102.99758911132812,87.82801818847656,78.32549285888672,-2.1240062713623047,0.8391649723052979
001_brown,put the brown pouch on the tray,17,1,366,14.603,1788423036.237805,00016_front_put_the_brown_pouch_on_the_tray.png,00016_wrist_put_the_brown_pouch_on_the_tray.png,recap.png,50,23,414,416,-4.21978021978022,-102.1978021978022,86.02197802197803,77.0989010989011,-2.769230769230769,0.821917808219178,-5.5146484375,-102.26737213134766,88.71171569824219,78.21076202392578,-2.0774879455566406,0.7730210423469543
001_brown,put the brown pouch on the tray,17,1,366,14.603,1788423036.237805,00016_front_put_the_brown_pouch_on_the_tray.png,00016_wrist_put_the_brown_pouch_on_the_tray.png,recap.png,50,24,415,417,-4.21978021978022,-102.1978021978022,86.02197802197803,77.0989010989011,-2.769230769230769,0.821917808219178,-5.382570266723633,-102.42442321777344,88.64251708984375,78.16787719726562,-2.09744930267334,0.7468127012252808
001_brown,put the brown pouch on the tray,18,1,390,15.439,1788423037.0738146,00017_front_put_the_brown_pouch_on_the_tray.png,00017_wrist_put_the_brown_pouch_on_the_tray.png,recap.png,50,0,416,418,-2.021978021978022,-102.28571428571429,89.01098901098901,77.0989010989011,-1.4505494505494505,0.3424657534246575,-2.5667381286621094,-102.20227813720703,89.18167114257812,77.43714904785156,-1.733297348022461,0.2851542830467224
001_brown,put the brown pouch on the tray,18,1,390,15.439,1788423037.0738146,00017_front_put_the_brown_pouch_on_the_tray.png,00017_wrist_put_the_brown_pouch_on_the_tray.png,recap.png,50,1,417,419,-2.021978021978022,-102.28571428571429,89.01098901098901,77.0989010989011,-1.4505494505494505,0.3424657534246575,-2.4679107666015625,-102.27157592773438,88.73020935058594,77.37966918945312,-1.7136421203613281,0.22185903787612915
001_brown,put the brown pouch on the tray,18,1,390,15.439,1788423037.0738146,00017_front_put_the_brown_pouch_on_the_tray.png,00017_wrist_put_the_brown_pouch_on_the_tray.png,recap.png,50,2,418,420,-2.021978021978022,-102.28571428571429,89.01098901098901,77.0989010989011,-1.4505494505494505,0.3424657534246575,-2.4733047485351562,-102.50627899169922,89.46665954589844,77.41822814941406,-1.7597999572753906,0.2740134596824646
001_brown,put the brown pouch on the tray,18,1,390,15.439,1788423037.0738146,00017_front_put_the_brown_pouch_on_the_tray.png,00017_wrist_put_the_brown_pouch_on_the_tray.png,recap.png,50,3,419,421,-2.021978021978022,-102.28571428571429,89.01098901098901,77.0989010989011,-1.4505494505494505,0.3424657534246575,-2.4990901947021484,-102.34737396240234,88.93252563476562,77.20359802246094,-1.6999731063842773,0.24203552305698395
001_brown,put the brown pouch on the tray,18,1,390,15.439,1788423037.0738146,00017_front_put_the_brown_pouch_on_the_tray.png,00017_wrist_put_the_brown_pouch_on_the_tray.png,recap.png,50,4,420,422,-2.021978021978022,-102.28571428571429,89.01098901098901,77.0989010989011,-1.4505494505494505,0.3424657534246575,-2.4999656677246094,-102.26374053955078,89.14651489257812,77.28365325927734,-1.787461280822754,0.2926901876926422
001_brown,put the brown pouch on the tray,18,1,390,15.439,1788423037.0738146,00017_front_put_the_brown_pouch_on_the_tray.png,00017_wrist_put_the_brown_pouch_on_the_tray.png,recap.png,50,5,421,423,-2.021978021978022,-102.28571428571429,89.01098901098901,77.0989010989011,-1.4505494505494505,0.3424657534246575,-2.4552478790283203,-101.96723175048828,88.95510864257812,77.33377838134766,-1.723464012145996,0.3358556926250458
001_brown,put the brown pouch on the tray,18,1,390,15.439,1788423037.0738146,00017_front_put_the_brown_pouch_on_the_tray.png,00017_wrist_put_the_brown_pouch_on_the_tray.png,recap.png,50,6,422,424,-2.021978021978022,-102.28571428571429,89.01098901098901,77.0989010989011,-1.4505494505494505,0.3424657534246575,-2.495941162109375,-102.28226470947266,89.02542114257812,77.26496124267578,-1.718912124633789,0.25471219420433044
001_brown,put the brown pouch on the tray,18,1,390,15.439,1788423037.0738146,00017_front_put_the_brown_pouch_on_the_tray.png,00017_wrist_put_the_brown_pouch_on_the_tray.png,recap.png,50,7,423,425,-2.021978021978022,-102.28571428571429,89.01098901098901,77.0989010989011,-1.4505494505494505,0.3424657534246575,-2.580301284790039,-101.74205780029297,89.19059753417969,77.3437728881836,-1.7602119445800781,0.31217944622039795
001_brown,put the brown pouch on the tray,18,1,390,15.439,1788423037.0738146,00017_front_put_the_brown_pouch_on_the_tray.png,00017_wrist_put_the_brown_pouch_on_the_tray.png,recap.png,50,8,424,426,-2.021978021978022,-102.28571428571429,89.01098901098901,77.0989010989011,-1.4505494505494505,0.3424657534246575,-2.4822254180908203,-102.36821746826172,89.29145812988281,77.365234375,-1.7636041641235352,0.2518380284309387
001_brown,put the brown pouch on the tray,18,1,390,15.439,1788423037.0738146,00017_front_put_the_brown_pouch_on_the_tray.png,00017_wrist_put_the_brown_pouch_on_the_tray.png,recap.png,50,9,425,427,-2.021978021978022,-102.28571428571429,89.01098901098901,77.0989010989011,-1.4505494505494505,0.3424657534246575,-2.6790027618408203,-102.25732421875,89.0958251953125,77.30728149414062,-1.7779579162597656,0.232110857963562
001_brown,put the brown pouch on the tray,18,1,390,15.439,1788423037.0738146,00017_front_put_the_brown_pouch_on_the_tray.png,00017_wrist_put_the_brown_pouch_on_the_tray.png,recap.png,50,10,426,428,-2.021978021978022,-102.28571428571429,89.01098901098901,77.0989010989011,-1.4505494505494505,0.3424657534246575,-2.486288070678711,-101.72850036621094,88.77268981933594,77.43275451660156,-1.722564697265625,0.30611780285835266
001_brown,put the brown pouch on the tray,18,1,390,15.439,1788423037.0738146,00017_front_put_the_brown_pouch_on_the_tray.png,00017_wrist_put_the_brown_pouch_on_the_tray.png,recap.png,50,11,427,429,-2.021978021978022,-102.28571428571429,89.01098901098901,77.0989010989011,-1.4505494505494505,0.3424657534246575,-2.589376449584961,-102.27143096923828,88.85667419433594,77.23807525634766,-1.7474231719970703,0.3209654986858368
001_brown,put the brown pouch on the tray,18,1,390,15.439,1788423037.0738146,00017_front_put_the_brown_pouch_on_the_tray.png,00017_wrist_put_the_brown_pouch_on_the_tray.png,recap.png,50,12,428,430,-2.021978021978022,-102.28571428571429,89.01098901098901,77.0989010989011,-1.4505494505494505,0.3424657534246575,-2.473154067993164,-102.0025405883789,89.19969177246094,77.45893859863281,-1.6828298568725586,0.35583245754241943
001_brown,put the brown pouch on the tray,18,1,390,15.439,1788423037.0738146,00017_front_put_the_brown_pouch_on_the_tray.png,00017_wrist_put_the_brown_pouch_on_the_tray.png,recap.png,50,13,429,431,-2.021978021978022,-102.28571428571429,89.01098901098901,77.0989010989011,-1.4505494505494505,0.3424657534246575,-2.5449390411376953,-102.01021575927734,88.64616394042969,77.32662963867188,-1.8001594543457031,0.31608814001083374
001_brown,put the brown pouch on the tray,18,1,390,15.439,1788423037.0738146,00017_front_put_the_brown_pouch_on_the_tray.png,00017_wrist_put_the_brown_pouch_on_the_tray.png,recap.png,50,14,430,432,-2.021978021978022,-102.28571428571429,89.01098901098901,77.0989010989011,-1.4505494505494505,0.3424657534246575,-2.4304847717285156,-102.30461883544922,89.47126770019531,77.4024658203125,-1.7827014923095703,0.3169219195842743
001_brown,put the brown pouch on the tray,18,1,390,15.439,1788423037.0738146,00017_front_put_the_brown_pouch_on_the_tray.png,00017_wrist_put_the_brown_pouch_on_the_tray.png,recap.png,50,15,431,433,-2.021978021978022,-102.28571428571429,89.01098901098901,77.0989010989011,-1.4505494505494505,0.3424657534246575,-2.7744407653808594,-102.3600845336914,89.64840698242188,77.5423583984375,-1.784170150756836,0.3199044167995453
001_brown,put the brown pouch on the tray,18,1,390,15.439,1788423037.0738146,00017_front_put_the_brown_pouch_on_the_tray.png,00017_wrist_put_the_brown_pouch_on_the_tray.png,recap.png,50,16,432,434,-2.021978021978022,-102.28571428571429,89.01098901098901,77.0989010989011,-1.4505494505494505,0.3424657534246575,-2.5189285278320312,-101.99507904052734,88.83328247070312,77.3733139038086,-1.7042694091796875,0.3623550832271576
001_brown,put the brown pouch on the tray,18,1,390,15.439,1788423037.0738146,00017_front_put_the_brown_pouch_on_the_tray.png,00017_wrist_put_the_brown_pouch_on_the_tray.png,recap.png,50,17,433,435,-2.021978021978022,-102.28571428571429,89.01098901098901,77.0989010989011,-1.4505494505494505,0.3424657534246575,-2.7210140228271484,-101.53748321533203,89.04344177246094,77.49946594238281,-1.7717761993408203,0.3311471939086914
001_brown,put the brown pouch on the tray,18,1,390,15.439,1788423037.0738146,00017_front_put_the_brown_pouch_on_the_tray.png,00017_wrist_put_the_brown_pouch_on_the_tray.png,recap.png,50,18,434,436,-2.021978021978022,-102.28571428571429,89.01098901098901,77.0989010989011,-1.4505494505494505,0.3424657534246575,-2.7406387329101562,-102.08842468261719,88.89923095703125,77.53532409667969,-1.7677631378173828,0.2687898278236389
001_brown,put the brown pouch on the tray,18,1,390,15.439,1788423037.0738146,00017_front_put_the_brown_pouch_on_the_tray.png,00017_wrist_put_the_brown_pouch_on_the_tray.png,recap.png,50,19,435,437,-2.021978021978022,-102.28571428571429,89.01098901098901,77.0989010989011,-1.4505494505494505,0.3424657534246575,-2.616250991821289,-101.99400329589844,89.02125549316406,77.47163391113281,-1.764902114868164,0.34740012884140015
001_brown,put the brown pouch on the tray,18,1,390,15.439,1788423037.0738146,00017_front_put_the_brown_pouch_on_the_tray.png,00017_wrist_put_the_brown_pouch_on_the_tray.png,recap.png,50,20,436,438,-2.021978021978022,-102.28571428571429,89.01098901098901,77.0989010989011,-1.4505494505494505,0.3424657534246575,-2.520021438598633,-101.80028533935547,89.14080810546875,77.40792846679688,-1.7584199905395508,0.3305131196975708
001_brown,put the brown pouch on the tray,18,1,390,15.439,1788423037.0738146,00017_front_put_the_brown_pouch_on_the_tray.png,00017_wrist_put_the_brown_pouch_on_the_tray.png,recap.png,50,21,437,439,-2.021978021978022,-102.28571428571429,89.01098901098901,77.0989010989011,-1.4505494505494505,0.3424657534246575,-2.5307769775390625,-102.04572296142578,89.41548156738281,77.5972900390625,-1.7820491790771484,0.31169405579566956
001_brown,put the brown pouch on the tray,18,1,390,15.439,1788423037.0738146,00017_front_put_the_brown_pouch_on_the_tray.png,00017_wrist_put_the_brown_pouch_on_the_tray.png,recap.png,50,22,438,440,-2.021978021978022,-102.28571428571429,89.01098901098901,77.0989010989011,-1.4505494505494505,0.3424657534246575,-2.6979618072509766,-101.84767150878906,88.63301086425781,77.52081298828125,-1.7841129302978516,0.31031644344329834
001_brown,put the brown pouch on the tray,18,1,390,15.439,1788423037.0738146,00017_front_put_the_brown_pouch_on_the_tray.png,00017_wrist_put_the_brown_pouch_on_the_tray.png,recap.png,50,23,439,441,-2.021978021978022,-102.28571428571429,89.01098901098901,77.0989010989011,-1.4505494505494505,0.3424657534246575,-2.7128372192382812,-102.04981231689453,89.16044616699219,77.5309829711914,-1.8135690689086914,0.36259725689888
001_brown,put the brown pouch on the tray,19,1,415,16.678,1788423038.3154302,00018_front_put_the_brown_pouch_on_the_tray.png,00018_wrist_put_the_brown_pouch_on_the_tray.png,recap.png,50,0,440,442,-5.0989010989010985,-102.28571428571429,88.74725274725274,77.0989010989011,-1.4505494505494505,0.4794520547945206,-4.6568145751953125,-102.29337310791016,88.8721923828125,77.74468994140625,-1.493636131286621,0.36021700501441956
001_brown,put the brown pouch on the tray,19,1,415,16.678,1788423038.3154302,00018_front_put_the_brown_pouch_on_the_tray.png,00018_wrist_put_the_brown_pouch_on_the_tray.png,recap.png,50,1,441,443,-5.0989010989010985,-102.28571428571429,88.74725274725274,77.0989010989011,-1.4505494505494505,0.4794520547945206,-4.597143173217773,-101.63208770751953,89.16304016113281,77.73650360107422,-1.5326833724975586,0.4554020166397095
001_brown,put the brown pouch on the tray,19,1,415,16.678,1788423038.3154302,00018_front_put_the_brown_pouch_on_the_tray.png,00018_wrist_put_the_brown_pouch_on_the_tray.png,recap.png,50,2,442,444,-5.0989010989010985,-102.28571428571429,88.74725274725274,77.0989010989011,-1.4505494505494505,0.4794520547945206,-4.572908401489258,-102.15343475341797,89.11534118652344,77.67071533203125,-1.4439277648925781,0.32005205750465393
001_brown,put the brown pouch on the tray,19,1,415,16.678,1788423038.3154302,00018_front_put_the_brown_pouch_on_the_tray.png,00018_wrist_put_the_brown_pouch_on_the_tray.png,recap.png,50,3,443,445,-5.0989010989010985,-102.28571428571429,88.74725274725274,77.0989010989011,-1.4505494505494505,0.4794520547945206,-4.623985290527344,-102.00182342529297,88.93479919433594,77.6669692993164,-1.5041084289550781,0.4351416528224945
001_brown,put the brown pouch on the tray,19,1,415,16.678,1788423038.3154302,00018_front_put_the_brown_pouch_on_the_tray.png,00018_wrist_put_the_brown_pouch_on_the_tray.png,recap.png,50,4,444,446,-5.0989010989010985,-102.28571428571429,88.74725274725274,77.0989010989011,-1.4505494505494505,0.4794520547945206,-4.566352844238281,-102.0814437866211,88.7620849609375,77.62326049804688,-1.5073833465576172,0.45936593413352966
001_brown,put the brown pouch on the tray,19,1,415,16.678,1788423038.3154302,00018_front_put_the_brown_pouch_on_the_tray.png,00018_wrist_put_the_brown_pouch_on_the_tray.png,recap.png,50,5,445,447,-5.0989010989010985,-102.28571428571429,88.74725274725274,77.0989010989011,-1.4505494505494505,0.4794520547945206,-4.6153411865234375,-102.18950653076172,88.83944702148438,77.77767944335938,-1.4917411804199219,0.41072189807891846
001_brown,put the brown pouch on the tray,19,1,415,16.678,1788423038.3154302,00018_front_put_the_brown_pouch_on_the_tray.png,00018_wrist_put_the_brown_pouch_on_the_tray.png,recap.png,50,6,446,448,-5.0989010989010985,-102.28571428571429,88.74725274725274,77.0989010989011,-1.4505494505494505,0.4794520547945206,-4.701223373413086,-101.89342498779297,88.92111206054688,77.7572021484375,-1.4139575958251953,0.38684067130088806
001_brown,put the brown pouch on the tray,19,1,415,16.678,1788423038.3154302,00018_front_put_the_brown_pouch_on_the_tray.png,00018_wrist_put_the_brown_pouch_on_the_tray.png,recap.png,50,7,447,449,-5.0989010989010985,-102.28571428571429,88.74725274725274,77.0989010989011,-1.4505494505494505,0.4794520547945206,-4.684288024902344,-102.09185791015625,88.8985595703125,77.70285034179688,-1.5082378387451172,0.46426454186439514
001_brown,put the brown pouch on the tray,19,1,415,16.678,1788423038.3154302,00018_front_put_the_brown_pouch_on_the_tray.png,00018_wrist_put_the_brown_pouch_on_the_tray.png,recap.png,50,8,448,450,-5.0989010989010985,-102.28571428571429,88.74725274725274,77.0989010989011,-1.4505494505494505,0.4794520547945206,-4.743520736694336,-102.18727111816406,88.6922607421875,77.87541961669922,-1.509293556213379,0.32668834924697876
001_brown,put the brown pouch on the tray,19,1,415,16.678,1788423038.3154302,00018_front_put_the_brown_pouch_on_the_tray.png,00018_wrist_put_the_brown_pouch_on_the_tray.png,recap.png,50,9,449,451,-5.0989010989010985,-102.28571428571429,88.74725274725274,77.0989010989011,-1.4505494505494505,0.4794520547945206,-4.6652374267578125,-101.93633270263672,89.04095458984375,77.67740631103516,-1.5035638809204102,0.4165636897087097
001_brown,put the brown pouch on the tray,19,1,415,16.678,1788423038.3154302,00018_front_put_the_brown_pouch_on_the_tray.png,00018_wrist_put_the_brown_pouch_on_the_tray.png,recap.png,50,10,450,452,-5.0989010989010985,-102.28571428571429,88.74725274725274,77.0989010989011,-1.4505494505494505,0.4794520547945206,-4.671079635620117,-102.25659942626953,88.54637145996094,77.7115478515625,-1.498021125793457,0.4096905589103699
001_brown,put the brown pouch on the tray,19,1,415,16.678,1788423038.3154302,00018_front_put_the_brown_pouch_on_the_tray.png,00018_wrist_put_the_brown_pouch_on_the_tray.png,recap.png,50,11,451,453,-5.0989010989010985,-102.28571428571429,88.74725274725274,77.0989010989011,-1.4505494505494505,0.4794520547945206,-4.605653762817383,-102.19075012207031,88.79263305664062,77.82406616210938,-1.5389413833618164,0.36563923954963684
001_brown,put the brown pouch on the tray,19,1,415,16.678,1788423038.3154302,00018_front_put_the_brown_pouch_on_the_tray.png,00018_wrist_put_the_brown_pouch_on_the_tray.png,recap.png,50,12,452,454,-5.0989010989010985,-102.28571428571429,88.74725274725274,77.0989010989011,-1.4505494505494505,0.4794520547945206,-4.637372970581055,-101.48365020751953,88.69273376464844,77.82640075683594,-1.4916372299194336,0.4401262700557709
001_brown,put the brown pouch on the tray,19,1,415,16.678,1788423038.3154302,00018_front_put_the_brown_pouch_on_the_tray.png,00018_wrist_put_the_brown_pouch_on_the_tray.png,recap.png,50,13,453,455,-5.0989010989010985,-102.28571428571429,88.74725274725274,77.0989010989011,-1.4505494505494505,0.4794520547945206,-4.607858657836914,-102.29798889160156,88.90585327148438,77.69269561767578,-1.5281696319580078,0.31983113288879395
001_brown,put the brown pouch on the tray,19,1,415,16.678,1788423038.3154302,00018_front_put_the_brown_pouch_on_the_tray.png,00018_wrist_put_the_brown_pouch_on_the_tray.png,recap.png,50,14,454,456,-5.0989010989010985,-102.28571428571429,88.74725274725274,77.0989010989011,-1.4505494505494505,0.4794520547945206,-4.512298583984375,-102.6114501953125,88.68717956542969,77.66194152832031,-1.5036840438842773,0.3779855966567993
001_brown,put the brown pouch on the tray,19,1,415,16.678,1788423038.3154302,00018_front_put_the_brown_pouch_on_the_tray.png,00018_wrist_put_the_brown_pouch_on_the_tray.png,recap.png,50,15,455,457,-5.0989010989010985,-102.28571428571429,88.74725274725274,77.0989010989011,-1.4505494505494505,0.4794520547945206,-4.625724792480469,-101.60182189941406,88.95909118652344,77.89351654052734,-1.4704961776733398,0.2910608649253845
001_brown,put the brown pouch on the tray,19,1,415,16.678,1788423038.3154302,00018_front_put_the_brown_pouch_on_the_tray.png,00018_wrist_put_the_brown_pouch_on_the_tray.png,recap.png,50,16,456,458,-5.0989010989010985,-102.28571428571429,88.74725274725274,77.0989010989011,-1.4505494505494505,0.4794520547945206,-4.6344451904296875,-102.09073638916016,88.62860107421875,77.82272338867188,-1.5222301483154297,0.3039011061191559
001_brown,put the brown pouch on the tray,19,1,415,16.678,1788423038.3154302,00018_front_put_the_brown_pouch_on_the_tray.png,00018_wrist_put_the_brown_pouch_on_the_tray.png,recap.png,50,17,457,459,-5.0989010989010985,-102.28571428571429,88.74725274725274,77.0989010989011,-1.4505494505494505,0.4794520547945206,-4.522260665893555,-101.61758422851562,88.39228820800781,77.7913589477539,-1.4777765274047852,0.3320181667804718
001_brown,put the brown pouch on the tray,19,1,415,16.678,1788423038.3154302,00018_front_put_the_brown_pouch_on_the_tray.png,00018_wrist_put_the_brown_pouch_on_the_tray.png,recap.png,50,18,458,460,-5.0989010989010985,-102.28571428571429,88.74725274725274,77.0989010989011,-1.4505494505494505,0.4794520547945206,-4.679508209228516,-101.83614349365234,88.47097778320312,77.7391128540039,-1.4675731658935547,0.34943199157714844
001_brown,put the brown pouch on the tray,19,1,415,16.678,1788423038.3154302,00018_front_put_the_brown_pouch_on_the_tray.png,00018_wrist_put_the_brown_pouch_on_the_tray.png,recap.png,50,19,459,461,-5.0989010989010985,-102.28571428571429,88.74725274725274,77.0989010989011,-1.4505494505494505,0.4794520547945206,-4.658149719238281,-101.80335998535156,88.74229431152344,77.71299743652344,-1.5113134384155273,0.33907824754714966
001_brown,put the brown pouch on the tray,19,1,415,16.678,1788423038.3154302,00018_front_put_the_brown_pouch_on_the_tray.png,00018_wrist_put_the_brown_pouch_on_the_tray.png,recap.png,50,20,460,462,-5.0989010989010985,-102.28571428571429,88.74725274725274,77.0989010989011,-1.4505494505494505,0.4794520547945206,-4.564291000366211,-101.99557495117188,88.48208618164062,77.70612335205078,-1.4524850845336914,0.29137736558914185
001_brown,put the brown pouch on the tray,19,1,415,16.678,1788423038.3154302,00018_front_put_the_brown_pouch_on_the_tray.png,00018_wrist_put_the_brown_pouch_on_the_tray.png,recap.png,50,21,461,463,-5.0989010989010985,-102.28571428571429,88.74725274725274,77.0989010989011,-1.4505494505494505,0.4794520547945206,-4.586551666259766,-101.53324127197266,88.49394226074219,77.91102600097656,-1.4221124649047852,0.25995492935180664
001_brown,put the brown pouch on the tray,19,1,415,16.678,1788423038.3154302,00018_front_put_the_brown_pouch_on_the_tray.png,00018_wrist_put_the_brown_pouch_on_the_tray.png,recap.png,50,22,462,464,-5.0989010989010985,-102.28571428571429,88.74725274725274,77.0989010989011,-1.4505494505494505,0.4794520547945206,-4.588592529296875,-101.5914077758789,88.4014892578125,77.79776000976562,-1.518472671508789,0.31175458431243896
001_brown,put the brown pouch on the tray,19,1,415,16.678,1788423038.3154302,00018_front_put_the_brown_pouch_on_the_tray.png,00018_wrist_put_the_brown_pouch_on_the_tray.png,recap.png,50,23,463,465,-5.0989010989010985,-102.28571428571429,88.74725274725274,77.0989010989011,-1.4505494505494505,0.4794520547945206,-4.658792495727539,-101.7826919555664,88.72567749023438,77.67842864990234,-1.5258750915527344,0.36066734790802
001_brown,put the brown pouch on the tray,19,1,415,16.678,1788423038.3154302,00018_front_put_the_brown_pouch_on_the_tray.png,00018_wrist_put_the_brown_pouch_on_the_tray.png,recap.png,50,24,464,466,-5.0989010989010985,-102.28571428571429,88.74725274725274,77.0989010989011,-1.4505494505494505,0.4794520547945206,-4.445596694946289,-102.14232635498047,88.3388671875,77.83975219726562,-1.5276927947998047,0.4783836007118225
001_brown,put the brown pouch on the tray,20,1,439,17.682,1788423039.322311,00019_front_put_the_brown_pouch_on_the_tray.png,00019_wrist_put_the_brown_pouch_on_the_tray.png,recap.png,50,0,465,467,-3.076923076923077,-102.1978021978022,89.27472527472527,76.92307692307692,-1.4505494505494505,0.4794520547945206,-3.811412811279297,-102.05314636230469,88.85968017578125,77.47946166992188,-1.6516962051391602,0.4622613489627838
001_brown,put the brown pouch on the tray,20,1,439,17.682,1788423039.322311,00019_front_put_the_brown_pouch_on_the_tray.png,00019_wrist_put_the_brown_pouch_on_the_tray.png,recap.png,50,1,466,468,-3.076923076923077,-102.1978021978022,89.27472527472527,76.92307692307692,-1.4505494505494505,0.4794520547945206,-3.9568519592285156,-102.5166015625,88.82756042480469,77.517578125,-1.6055364608764648,0.3435063064098358
001_brown,put the brown pouch on the tray,20,1,439,17.682,1788423039.322311,00019_front_put_the_brown_pouch_on_the_tray.png,00019_wrist_put_the_brown_pouch_on_the_tray.png,recap.png,50,2,467,469,-3.076923076923077,-102.1978021978022,89.27472527472527,76.92307692307692,-1.4505494505494505,0.4794520547945206,-4.036975860595703,-102.40157318115234,89.16580200195312,77.37679290771484,-1.638336181640625,0.41119563579559326
001_brown,put the brown pouch on the tray,20,1,439,17.682,1788423039.322311,00019_front_put_the_brown_pouch_on_the_tray.png,00019_wrist_put_the_brown_pouch_on_the_tray.png,recap.png,50,3,468,470,-3.076923076923077,-102.1978021978022,89.27472527472527,76.92307692307692,-1.4505494505494505,0.4794520547945206,-3.901651382446289,-101.87181091308594,89.05381774902344,77.50253295898438,-1.555922508239746,0.43622714281082153
001_brown,put the brown pouch on the tray,20,1,439,17.682,1788423039.322311,00019_front_put_the_brown_pouch_on_the_tray.png,00019_wrist_put_the_brown_pouch_on_the_tray.png,recap.png,50,4,469,471,-3.076923076923077,-102.1978021978022,89.27472527472527,76.92307692307692,-1.4505494505494505,0.4794520547945206,-3.770751953125,-102.4482650756836,89.21322631835938,77.3264389038086,-1.5894536972045898,0.25458794832229614
001_brown,put the brown pouch on the tray,20,1,439,17.682,1788423039.322311,00019_front_put_the_brown_pouch_on_the_tray.png,00019_wrist_put_the_brown_pouch_on_the_tray.png,recap.png,50,5,470,472,-3.076923076923077,-102.1978021978022,89.27472527472527,76.92307692307692,-1.4505494505494505,0.4794520547945206,-3.7638702392578125,-102.53318786621094,88.65647888183594,77.37720489501953,-1.647019386291504,0.4083203971385956
001_brown,put the brown pouch on the tray,20,1,439,17.682,1788423039.322311,00019_front_put_the_brown_pouch_on_the_tray.png,00019_wrist_put_the_brown_pouch_on_the_tray.png,recap.png,50,6,471,473,-3.076923076923077,-102.1978021978022,89.27472527472527,76.92307692307692,-1.4505494505494505,0.4794520547945206,-3.815023422241211,-102.05632781982422,89.064697265625,77.5032958984375,-1.5436468124389648,0.3699791729450226
001_brown,put the brown pouch on the tray,20,1,439,17.682,1788423039.322311,00019_front_put_the_brown_pouch_on_the_tray.png,00019_wrist_put_the_brown_pouch_on_the_tray.png,recap.png,50,7,472,474,-3.076923076923077,-102.1978021978022,89.27472527472527,76.92307692307692,-1.4505494505494505,0.4794520547945206,-3.890932083129883,-102.48245239257812,88.91851806640625,77.44313049316406,-1.598555564880371,0.3664209842681885
001_brown,put the brown pouch on the tray,20,1,439,17.682,1788423039.322311,00019_front_put_the_brown_pouch_on_the_tray.png,00019_wrist_put_the_brown_pouch_on_the_tray.png,recap.png,50,8,473,475,-3.076923076923077,-102.1978021978022,89.27472527472527,76.92307692307692,-1.4505494505494505,0.4794520547945206,-3.83929443359375,-102.22444152832031,88.46249389648438,77.31026458740234,-1.53643798828125,0.4229312539100647
001_brown,put the brown pouch on the tray,20,1,439,17.682,1788423039.322311,00019_front_put_the_brown_pouch_on_the_tray.png,00019_wrist_put_the_brown_pouch_on_the_tray.png,recap.png,50,9,474,476,-3.076923076923077,-102.1978021978022,89.27472527472527,76.92307692307692,-1.4505494505494505,0.4794520547945206,-3.892345428466797,-101.95194244384766,88.39486694335938,77.50934600830078,-1.6320247650146484,0.44786080718040466
001_brown,put the brown pouch on the tray,20,1,439,17.682,1788423039.322311,00019_front_put_the_brown_pouch_on_the_tray.png,00019_wrist_put_the_brown_pouch_on_the_tray.png,recap.png,50,10,475,477,-3.076923076923077,-102.1978021978022,89.27472527472527,76.92307692307692,-1.4505494505494505,0.4794520547945206,-3.8543338775634766,-101.63896942138672,89.3115234375,77.39742279052734,-1.5727052688598633,0.4991283416748047
001_brown,put the brown pouch on the tray,20,1,439,17.682,1788423039.322311,00019_front_put_the_brown_pouch_on_the_tray.png,00019_wrist_put_the_brown_pouch_on_the_tray.png,recap.png,50,11,476,478,-3.076923076923077,-102.1978021978022,89.27472527472527,76.92307692307692,-1.4505494505494505,0.4794520547945206,-3.853616714477539,-102.39688873291016,88.92999267578125,77.45793914794922,-1.4977359771728516,0.41926366090774536
001_brown,put the brown pouch on the tray,20,1,439,17.682,1788423039.322311,00019_front_put_the_brown_pouch_on_the_tray.png,00019_wrist_put_the_brown_pouch_on_the_tray.png,recap.png,50,12,477,479,-3.076923076923077,-102.1978021978022,89.27472527472527,76.92307692307692,-1.4505494505494505,0.4794520547945206,-3.9273529052734375,-101.96340942382812,88.43354797363281,77.5877914428711,-1.5325393676757812,0.44132542610168457
001_brown,put the brown pouch on the tray,20,1,439,17.682,1788423039.322311,00019_front_put_the_brown_pouch_on_the_tray.png,00019_wrist_put_the_brown_pouch_on_the_tray.png,recap.png,50,13,478,480,-3.076923076923077,-102.1978021978022,89.27472527472527,76.92307692307692,-1.4505494505494505,0.4794520547945206,-3.9123363494873047,-102.14813995361328,88.75950622558594,77.32839965820312,-1.524022102355957,0.4322621822357178
001_brown,put the brown pouch on the tray,20,1,439,17.682,1788423039.322311,00019_front_put_the_brown_pouch_on_the_tray.png,00019_wrist_put_the_brown_pouch_on_the_tray.png,recap.png,50,14,479,481,-3.076923076923077,-102.1978021978022,89.27472527472527,76.92307692307692,-1.4505494505494505,0.4794520547945206,-3.9181671142578125,-101.56802368164062,88.8394775390625,77.32994079589844,-1.4797782897949219,0.41980111598968506
