episode_dir,task,chunk_id,must_go,input_timestep,input_elapsed,unix_ts,front_img,wrist_img,recap_img,returned_len,exec_index,exec_timestep,exec_action_n,in_shoulder_pan.pos,in_shoulder_lift.pos,in_elbow_flex.pos,in_wrist_flex.pos,in_wrist_roll.pos,in_gripper.pos,act_shoulder_pan.pos,act_shoulder_lift.pos,act_elbow_flex.pos,act_wrist_flex.pos,act_wrist_roll.pos,act_gripper.pos
023_brown,put the brown pouch on the tray,1,1,0,0.0,1788424131.871253,00000_front_put_the_brown_pouch_on_the_tray.png,00000_wrist_put_the_brown_pouch_on_the_tray.png,recap.png,50,0,0,1,-5.0989010989010985,-101.84615384615384,91.82417582417582,73.58241758241758,-1.2747252747252746,0.821917808219178,-5.550136566162109,-102.25164031982422,87.07124328613281,72.8719482421875,-1.1872634887695312,1.1196057796478271
023_brown,put the brown pouch on the tray,1,1,0,0.0,1788424131.871253,00000_front_put_the_brown_pouch_on_the_tray.png,00000_wrist_put_the_brown_pouch_on_the_tray.png,recap.png,50,1,1,2,-5.0989010989010985,-101.84615384615384,91.82417582417582,73.58241758241758,-1.2747252747252746,0.821917808219178,-5.673643112182617,-102.2002182006836,86.49603271484375,72.53865051269531,-1.2155876159667969,0.9285666346549988
023_brown,put the brown pouch on the tray,1,1,0,0.0,1788424131.871253,00000_front_put_the_brown_pouch_on_the_tray.png,00000_wrist_put_the_brown_pouch_on_the_tray.png,recap.png,50,2,2,3,-5.0989010989010985,-101.84615384615384,91.82417582417582,73.58241758241758,-1.2747252747252746,0.821917808219178,-5.788312911987305,-102.73757934570312,86.17254638671875,72.33980560302734,-1.3362503051757812,1.0391697883605957
023_brown,put the brown pouch on the tray,1,1,0,0.0,1788424131.871253,00000_front_put_the_brown_pouch_on_the_tray.png,00000_wrist_put_the_brown_pouch_on_the_tray.png,recap.png,50,3,3,4,-5.0989010989010985,-101.84615384615384,91.82417582417582,73.58241758241758,-1.2747252747252746,0.821917808219178,-6.3186187744140625,-102.29736328125,85.96803283691406,72.19542694091797,-1.344874382019043,0.8519967198371887
023_brown,put the brown pouch on the tray,1,1,0,0.0,1788424131.871253,00000_front_put_the_brown_pouch_on_the_tray.png,00000_wrist_put_the_brown_pouch_on_the_tray.png,recap.png,50,4,4,5,-5.0989010989010985,-101.84615384615384,91.82417582417582,73.58241758241758,-1.2747252747252746,0.821917808219178,-6.000085830688477,-102.25594329833984,86.16490173339844,71.86332702636719,-1.2870092391967773,0.9260163903236389
023_brown,put the brown pouch on the tray,1,1,0,0.0,1788424131.871253,00000_front_put_the_brown_pouch_on_the_tray.png,00000_wrist_put_the_brown_pouch_on_the_tray.png,recap.png,50,5,5,6,-5.0989010989010985,-101.84615384615384,91.82417582417582,73.58241758241758,-1.2747252747252746,0.821917808219178,-6.421333312988281,-102.1940689086914,85.62005615234375,71.89324951171875,-1.2858686447143555,0.9089934229850769
023_brown,put the brown pouch on the tray,1,1,0,0.0,1788424131.871253,00000_front_put_the_brown_pouch_on_the_tray.png,00000_wrist_put_the_brown_pouch_on_the_tray.png,recap.png,50,6,6,7,-5.0989010989010985,-101.84615384615384,91.82417582417582,73.58241758241758,-1.2747252747252746,0.821917808219178,-6.37598991394043,-102.32144927978516,85.58128356933594,71.5679702758789,-1.344869613647461,0.9538010358810425
023_brown,put the brown pouch on the tray,1,1,0,0.0,1788424131.871253,00000_front_put_the_brown_pouch_on_the_tray.png,00000_wrist_put_the_brown_pouch_on_the_tray.png,recap.png,50,7,7,8,-5.0989010989010985,-101.84615384615384,91.82417582417582,73.58241758241758,-1.2747252747252746,0.821917808219178,-6.210540771484375,-102.49530029296875,85.65933227539062,71.19645690917969,-1.3168115615844727,0.9249043464660645
023_brown,put the brown pouch on the tray,1,1,0,0.0,1788424131.871253,00000_front_put_the_brown_pouch_on_the_tray.png,00000_wrist_put_the_brown_pouch_on_the_tray.png,recap.png,50,8,8,9,-5.0989010989010985,-101.84615384615384,91.82417582417582,73.58241758241758,-1.2747252747252746,0.821917808219178,-6.2406463623046875,-102.7610855102539,85.88383483886719,70.99276733398438,-1.3292341232299805,0.9444020986557007
023_brown,put the brown pouch on the tray,1,1,0,0.0,1788424131.871253,00000_front_put_the_brown_pouch_on_the_tray.png,00000_wrist_put_the_brown_pouch_on_the_tray.png,recap.png,50,9,9,10,-5.0989010989010985,-101.84615384615384,91.82417582417582,73.58241758241758,-1.2747252747252746,0.821917808219178,-6.3405303955078125,-103.10926055908203,85.37586975097656,70.59996032714844,-1.3922882080078125,1.0408096313476562
023_brown,put the brown pouch on the tray,1,1,0,0.0,1788424131.871253,00000_front_put_the_brown_pouch_on_the_tray.png,00000_wrist_put_the_brown_pouch_on_the_tray.png,recap.png,50,10,10,11,-5.0989010989010985,-101.84615384615384,91.82417582417582,73.58241758241758,-1.2747252747252746,0.821917808219178,-6.604347229003906,-102.12834930419922,84.98677062988281,70.22116088867188,-1.5039005279541016,1.0765125751495361
023_brown,put the brown pouch on the tray,1,1,0,0.0,1788424131.871253,00000_front_put_the_brown_pouch_on_the_tray.png,00000_wrist_put_the_brown_pouch_on_the_tray.png,recap.png,50,11,11,12,-5.0989010989010985,-101.84615384615384,91.82417582417582,73.58241758241758,-1.2747252747252746,0.821917808219178,-6.760885238647461,-102.69148254394531,85.45700073242188,69.8929443359375,-1.308511734008789,1.0703330039978027
023_brown,put the brown pouch on the tray,1,1,0,0.0,1788424131.871253,00000_front_put_the_brown_pouch_on_the_tray.png,00000_wrist_put_the_brown_pouch_on_the_tray.png,recap.png,50,12,12,13,-5.0989010989010985,-101.84615384615384,91.82417582417582,73.58241758241758,-1.2747252747252746,0.821917808219178,-7.027347564697266,-102.10070037841797,85.14701843261719,69.29742431640625,-1.4147520065307617,0.9257562160491943
023_brown,put the brown pouch on the tray,1,1,0,0.0,1788424131.871253,00000_front_put_the_brown_pouch_on_the_tray.png,00000_wrist_put_the_brown_pouch_on_the_tray.png,recap.png,50,13,13,14,-5.0989010989010985,-101.84615384615384,91.82417582417582,73.58241758241758,-1.2747252747252746,0.821917808219178,-6.911518096923828,-101.93091583251953,85.59754943847656,69.15185546875,-1.461181640625,0.9135638475418091
023_brown,put the brown pouch on the tray,1,1,0,0.0,1788424131.871253,00000_front_put_the_brown_pouch_on_the_tray.png,00000_wrist_put_the_brown_pouch_on_the_tray.png,recap.png,50,14,14,15,-5.0989010989010985,-101.84615384615384,91.82417582417582,73.58241758241758,-1.2747252747252746,0.821917808219178,-6.967510223388672,-102.22030639648438,85.63566589355469,68.38438415527344,-1.469660758972168,0.91230309009552
023_brown,put the brown pouch on the tray,1,1,0,0.0,1788424131.871253,00000_front_put_the_brown_pouch_on_the_tray.png,00000_wrist_put_the_brown_pouch_on_the_tray.png,recap.png,50,15,15,16,-5.0989010989010985,-101.84615384615384,91.82417582417582,73.58241758241758,-1.2747252747252746,0.821917808219178,-6.873529434204102,-102.43833923339844,85.49668884277344,67.57884216308594,-1.4471073150634766,0.9187778830528259
023_brown,put the brown pouch on the tray,1,1,0,0.0,1788424131.871253,00000_front_put_the_brown_pouch_on_the_tray.png,00000_wrist_put_the_brown_pouch_on_the_tray.png,recap.png,50,16,16,17,-5.0989010989010985,-101.84615384615384,91.82417582417582,73.58241758241758,-1.2747252747252746,0.821917808219178,-6.977191925048828,-101.3953628540039,84.68695068359375,67.11547088623047,-1.5544023513793945,1.0893654823303223
023_brown,put the brown pouch on the tray,1,1,0,0.0,1788424131.871253,00000_front_put_the_brown_pouch_on_the_tray.png,00000_wrist_put_the_brown_pouch_on_the_tray.png,recap.png,50,17,17,18,-5.0989010989010985,-101.84615384615384,91.82417582417582,73.58241758241758,-1.2747252747252746,0.821917808219178,-6.970560073852539,-102.0243148803711,84.75689697265625,66.21980285644531,-1.5193977355957031,1.1424078941345215
023_brown,put the brown pouch on the tray,1,1,0,0.0,1788424131.871253,00000_front_put_the_brown_pouch_on_the_tray.png,00000_wrist_put_the_brown_pouch_on_the_tray.png,recap.png,50,18,18,19,-5.0989010989010985,-101.84615384615384,91.82417582417582,73.58241758241758,-1.2747252747252746,0.821917808219178,-6.760414123535156,-102.1078872680664,84.73043823242188,65.78643035888672,-1.4170341491699219,1.064598560333252
023_brown,put the brown pouch on the tray,1,1,0,0.0,1788424131.871253,00000_front_put_the_brown_pouch_on_the_tray.png,00000_wrist_put_the_brown_pouch_on_the_tray.png,recap.png,50,19,19,20,-5.0989010989010985,-101.84615384615384,91.82417582417582,73.58241758241758,-1.2747252747252746,0.821917808219178,-6.902204513549805,-102.01287078857422,84.19557189941406,65.45191955566406,-1.4995536804199219,1.1066635847091675
023_brown,put the brown pouch on the tray,1,1,0,0.0,1788424131.871253,00000_front_put_the_brown_pouch_on_the_tray.png,00000_wrist_put_the_brown_pouch_on_the_tray.png,recap.png,50,20,20,21,-5.0989010989010985,-101.84615384615384,91.82417582417582,73.58241758241758,-1.2747252747252746,0.821917808219178,-6.698036193847656,-101.48688507080078,84.20037841796875,65.03706359863281,-1.4843769073486328,1.1138510704040527
023_brown,put the brown pouch on the tray,1,1,0,0.0,1788424131.871253,00000_front_put_the_brown_pouch_on_the_tray.png,00000_wrist_put_the_brown_pouch_on_the_tray.png,recap.png,50,21,21,22,-5.0989010989010985,-101.84615384615384,91.82417582417582,73.58241758241758,-1.2747252747252746,0.821917808219178,-6.597660064697266,-102.39146423339844,83.59049987792969,64.78028869628906,-1.5593156814575195,1.2468929290771484
023_brown,put the brown pouch on the tray,1,1,0,0.0,1788424131.871253,00000_front_put_the_brown_pouch_on_the_tray.png,00000_wrist_put_the_brown_pouch_on_the_tray.png,recap.png,50,22,22,23,-5.0989010989010985,-101.84615384615384,91.82417582417582,73.58241758241758,-1.2747252747252746,0.821917808219178,-6.970621109008789,-102.02034759521484,83.72050476074219,64.52377319335938,-1.5839920043945312,1.1173901557922363
023_brown,put the brown pouch on the tray,1,1,0,0.0,1788424131.871253,00000_front_put_the_brown_pouch_on_the_tray.png,00000_wrist_put_the_brown_pouch_on_the_tray.png,recap.png,50,23,23,24,-5.0989010989010985,-101.84615384615384,91.82417582417582,73.58241758241758,-1.2747252747252746,0.821917808219178,-6.9149169921875,-101.8357925415039,83.0850830078125,64.72418212890625,-1.5029258728027344,0.9941061735153198
023_brown,put the brown pouch on the tray,1,1,0,0.0,1788424131.871253,00000_front_put_the_brown_pouch_on_the_tray.png,00000_wrist_put_the_brown_pouch_on_the_tray.png,recap.png,50,24,24,25,-5.0989010989010985,-101.84615384615384,91.82417582417582,73.58241758241758,-1.2747252747252746,0.821917808219178,-7.219470977783203,-101.1781005859375,81.56253051757812,64.65306091308594,-1.5310554504394531,1.1988630294799805
023_brown,put the brown pouch on the tray,1,1,0,0.0,1788424131.871253,00000_front_put_the_brown_pouch_on_the_tray.png,00000_wrist_put_the_brown_pouch_on_the_tray.png,recap.png,50,25,25,26,-5.0989010989010985,-101.84615384615384,91.82417582417582,73.58241758241758,-1.2747252747252746,0.821917808219178,-7.447425842285156,-102.26687622070312,82.75216674804688,64.45916748046875,-1.5676507949829102,1.0525442361831665
023_brown,put the brown pouch on the tray,1,1,0,0.0,1788424131.871253,00000_front_put_the_brown_pouch_on_the_tray.png,00000_wrist_put_the_brown_pouch_on_the_tray.png,recap.png,50,26,26,27,-5.0989010989010985,-101.84615384615384,91.82417582417582,73.58241758241758,-1.2747252747252746,0.821917808219178,-7.507595062255859,-101.60723876953125,81.43595886230469,64.58430480957031,-1.6022024154663086,1.0809533596038818
023_brown,put the brown pouch on the tray,1,1,0,0.0,1788424131.871253,00000_front_put_the_brown_pouch_on_the_tray.png,00000_wrist_put_the_brown_pouch_on_the_tray.png,recap.png,50,27,27,28,-5.0989010989010985,-101.84615384615384,91.82417582417582,73.58241758241758,-1.2747252747252746,0.821917808219178,-7.280815124511719,-101.72785949707031,81.48638916015625,64.62651062011719,-1.5597867965698242,0.9415258169174194
023_brown,put the brown pouch on the tray,1,1,0,0.0,1788424131.871253,00000_front_put_the_brown_pouch_on_the_tray.png,00000_wrist_put_the_brown_pouch_on_the_tray.png,recap.png,50,28,28,29,-5.0989010989010985,-101.84615384615384,91.82417582417582,73.58241758241758,-1.2747252747252746,0.821917808219178,-7.45652961730957,-101.68216705322266,80.8846435546875,64.59688568115234,-1.6173791885375977,0.8756378889083862
023_brown,put the brown pouch on the tray,1,1,0,0.0,1788424131.871253,00000_front_put_the_brown_pouch_on_the_tray.png,00000_wrist_put_the_brown_pouch_on_the_tray.png,recap.png,50,29,29,30,-5.0989010989010985,-101.84615384615384,91.82417582417582,73.58241758241758,-1.2747252747252746,0.821917808219178,-7.608066558837891,-101.40248107910156,80.65415954589844,64.6746826171875,-1.5298852920532227,0.9298093318939209
023_brown,put the brown pouch on the tray,2,0,3,1.878,1788424133.729987,00001_front_put_the_brown_pouch_on_the_tray.png,00001_wrist_put_the_brown_pouch_on_the_tray.png,recap.png,50,0,30,31,-5.538461538461538,-101.58241758241758,90.32967032967034,73.4065934065934,-1.2747252747252746,0.821917808219178,-7.390181541442871,-101.38368225097656,83.43626403808594,63.8813362121582,-1.5467561483383179,0.9601142406463623
023_brown,put the brown pouch on the tray,2,0,3,1.878,1788424133.729987,00001_front_put_the_brown_pouch_on_the_tray.png,00001_wrist_put_the_brown_pouch_on_the_tray.png,recap.png,50,1,31,32,-5.538461538461538,-101.58241758241758,90.32967032967034,73.4065934065934,-1.2747252747252746,0.821917808219178,-7.324393272399902,-101.94374084472656,82.8744125366211,63.68016052246094,-1.5003182888031006,1.0029728412628174
023_brown,put the brown pouch on the tray,2,0,3,1.878,1788424133.729987,00001_front_put_the_brown_pouch_on_the_tray.png,00001_wrist_put_the_brown_pouch_on_the_tray.png,recap.png,50,2,32,33,-5.538461538461538,-101.58241758241758,90.32967032967034,73.4065934065934,-1.2747252747252746,0.821917808219178,-7.228943824768066,-101.72440338134766,82.69570922851562,63.95940399169922,-1.541949987411499,0.9133720397949219
023_brown,put the brown pouch on the tray,2,0,3,1.878,1788424133.729987,00001_front_put_the_brown_pouch_on_the_tray.png,00001_wrist_put_the_brown_pouch_on_the_tray.png,recap.png,50,3,33,34,-5.538461538461538,-101.58241758241758,90.32967032967034,73.4065934065934,-1.2747252747252746,0.821917808219178,-7.346177101135254,-101.83572387695312,82.1247329711914,63.874122619628906,-1.529801845550537,0.784412145614624
023_brown,put the brown pouch on the tray,2,0,3,1.878,1788424133.729987,00001_front_put_the_brown_pouch_on_the_tray.png,00001_wrist_put_the_brown_pouch_on_the_tray.png,recap.png,50,4,34,35,-5.538461538461538,-101.58241758241758,90.32967032967034,73.4065934065934,-1.2747252747252746,0.821917808219178,-7.3035383224487305,-102.22437286376953,81.9720458984375,64.02764892578125,-1.635431170463562,0.9205790758132935
023_brown,put the brown pouch on the tray,2,0,3,1.878,1788424133.729987,00001_front_put_the_brown_pouch_on_the_tray.png,00001_wrist_put_the_brown_pouch_on_the_tray.png,recap.png,50,5,35,36,-5.538461538461538,-101.58241758241758,90.32967032967034,73.4065934065934,-1.2747252747252746,0.821917808219178,-7.225198745727539,-101.27455139160156,81.67715454101562,64.25182342529297,-1.6305829286575317,0.9460223913192749
023_brown,put the brown pouch on the tray,2,0,3,1.878,1788424133.729987,00001_front_put_the_brown_pouch_on_the_tray.png,00001_wrist_put_the_brown_pouch_on_the_tray.png,recap.png,50,6,36,37,-5.538461538461538,-101.58241758241758,90.32967032967034,73.4065934065934,-1.2747252747252746,0.821917808219178,-7.53566312789917,-101.85030364990234,80.82275390625,64.3768081665039,-1.6357940435409546,0.9242516756057739
023_brown,put the brown pouch on the tray,2,0,3,1.878,1788424133.729987,00001_front_put_the_brown_pouch_on_the_tray.png,00001_wrist_put_the_brown_pouch_on_the_tray.png,recap.png,50,7,37,38,-5.538461538461538,-101.58241758241758,90.32967032967034,73.4065934065934,-1.2747252747252746,0.821917808219178,-7.483864784240723,-101.90257263183594,80.30398559570312,64.64016723632812,-1.8050367832183838,0.7375718355178833
023_brown,put the brown pouch on the tray,2,0,3,1.878,1788424133.729987,00001_front_put_the_brown_pouch_on_the_tray.png,00001_wrist_put_the_brown_pouch_on_the_tray.png,recap.png,50,8,38,39,-5.538461538461538,-101.58241758241758,90.32967032967034,73.4065934065934,-1.2747252747252746,0.821917808219178,-7.240118503570557,-102.03089904785156,79.11599731445312,64.80290985107422,-1.8303377628326416,0.7374875545501709
023_brown,put the brown pouch on the tray,2,0,3,1.878,1788424133.729987,00001_front_put_the_brown_pouch_on_the_tray.png,00001_wrist_put_the_brown_pouch_on_the_tray.png,recap.png,50,9,39,40,-5.538461538461538,-101.58241758241758,90.32967032967034,73.4065934065934,-1.2747252747252746,0.821917808219178,-7.418948173522949,-101.70758056640625,78.81991577148438,64.82974243164062,-1.928443431854248,0.729058563709259
023_brown,put the brown pouch on the tray,2,0,3,1.878,1788424133.729987,00001_front_put_the_brown_pouch_on_the_tray.png,00001_wrist_put_the_brown_pouch_on_the_tray.png,recap.png,50,10,40,41,-5.538461538461538,-101.58241758241758,90.32967032967034,73.4065934065934,-1.2747252747252746,0.821917808219178,-7.667280673980713,-101.83335876464844,79.04584503173828,65.27035522460938,-1.9004685878753662,0.6963346600532532
023_brown,put the brown pouch on the tray,2,0,3,1.878,1788424133.729987,00001_front_put_the_brown_pouch_on_the_tray.png,00001_wrist_put_the_brown_pouch_on_the_tray.png,recap.png,50,11,41,42,-5.538461538461538,-101.58241758241758,90.32967032967034,73.4065934065934,-1.2747252747252746,0.821917808219178,-7.752824783325195,-101.38372039794922,77.67167663574219,65.33733367919922,-1.8959017992019653,0.7370645403862
023_brown,put the brown pouch on the tray,2,0,3,1.878,1788424133.729987,00001_front_put_the_brown_pouch_on_the_tray.png,00001_wrist_put_the_brown_pouch_on_the_tray.png,recap.png,50,12,42,43,-5.538461538461538,-101.58241758241758,90.32967032967034,73.4065934065934,-1.2747252747252746,0.821917808219178,-7.863441467285156,-101.4852294921875,77.64453125,65.4778823852539,-1.8864468336105347,0.6278983354568481
023_brown,put the brown pouch on the tray,2,0,3,1.878,1788424133.729987,00001_front_put_the_brown_pouch_on_the_tray.png,00001_wrist_put_the_brown_pouch_on_the_tray.png,recap.png,50,13,43,44,-5.538461538461538,-101.58241758241758,90.32967032967034,73.4065934065934,-1.2747252747252746,0.821917808219178,-7.688055992126465,-101.27006530761719,76.94758605957031,65.58828735351562,-1.9779685735702515,0.7127165198326111
023_brown,put the brown pouch on the tray,2,0,3,1.878,1788424133.729987,00001_front_put_the_brown_pouch_on_the_tray.png,00001_wrist_put_the_brown_pouch_on_the_tray.png,recap.png,50,14,44,45,-5.538461538461538,-101.58241758241758,90.32967032967034,73.4065934065934,-1.2747252747252746,0.821917808219178,-7.752058029174805,-101.45008850097656,77.00190734863281,65.72468566894531,-1.9766536951065063,0.6251382827758789
023_brown,put the brown pouch on the tray,2,0,3,1.878,1788424133.729987,00001_front_put_the_brown_pouch_on_the_tray.png,00001_wrist_put_the_brown_pouch_on_the_tray.png,recap.png,50,15,45,46,-5.538461538461538,-101.58241758241758,90.32967032967034,73.4065934065934,-1.2747252747252746,0.821917808219178,-7.718510627746582,-101.48402404785156,76.58914947509766,65.85588073730469,-2.0039963722229004,0.6504338979721069
023_brown,put the brown pouch on the tray,2,0,3,1.878,1788424133.729987,00001_front_put_the_brown_pouch_on_the_tray.png,00001_wrist_put_the_brown_pouch_on_the_tray.png,recap.png,50,16,46,47,-5.538461538461538,-101.58241758241758,90.32967032967034,73.4065934065934,-1.2747252747252746,0.821917808219178,-7.87903356552124,-101.70726013183594,76.01347351074219,66.22722625732422,-2.0018675327301025,0.5869216918945312
023_brown,put the brown pouch on the tray,2,0,3,1.878,1788424133.729987,00001_front_put_the_brown_pouch_on_the_tray.png,00001_wrist_put_the_brown_pouch_on_the_tray.png,recap.png,50,17,47,48,-5.538461538461538,-101.58241758241758,90.32967032967034,73.4065934065934,-1.2747252747252746,0.821917808219178,-7.665163993835449,-101.2529525756836,75.86177825927734,66.2386245727539,-2.0639984607696533,0.5655003786087036
023_brown,put the brown pouch on the tray,2,0,3,1.878,1788424133.729987,00001_front_put_the_brown_pouch_on_the_tray.png,00001_wrist_put_the_brown_pouch_on_the_tray.png,recap.png,50,18,48,49,-5.538461538461538,-101.58241758241758,90.32967032967034,73.4065934065934,-1.2747252747252746,0.821917808219178,-7.667605876922607,-101.47064208984375,75.09966278076172,66.39540100097656,-1.986846923828125,0.6521726250648499
023_brown,put the brown pouch on the tray,2,0,3,1.878,1788424133.729987,00001_front_put_the_brown_pouch_on_the_tray.png,00001_wrist_put_the_brown_pouch_on_the_tray.png,recap.png,50,19,49,50,-5.538461538461538,-101.58241758241758,90.32967032967034,73.4065934065934,-1.2747252747252746,0.821917808219178,-7.6101603507995605,-100.88336181640625,74.87638854980469,66.71976470947266,-2.0963246822357178,0.6745604276657104
023_brown,put the brown pouch on the tray,2,0,3,1.878,1788424133.729987,00001_front_put_the_brown_pouch_on_the_tray.png,00001_wrist_put_the_brown_pouch_on_the_tray.png,recap.png,50,20,50,51,-5.538461538461538,-101.58241758241758,90.32967032967034,73.4065934065934,-1.2747252747252746,0.821917808219178,-7.69340705871582,-101.4923324584961,75.00344848632812,66.56812286376953,-2.1402454376220703,0.5138103365898132
023_brown,put the brown pouch on the tray,2,0,3,1.878,1788424133.729987,00001_front_put_the_brown_pouch_on_the_tray.png,00001_wrist_put_the_brown_pouch_on_the_tray.png,recap.png,50,21,51,52,-5.538461538461538,-101.58241758241758,90.32967032967034,73.4065934065934,-1.2747252747252746,0.821917808219178,-7.764537811279297,-101.97940063476562,74.99896240234375,66.93124389648438,-2.246244430541992,0.6624370813369751
023_brown,put the brown pouch on the tray,2,0,3,1.878,1788424133.729987,00001_front_put_the_brown_pouch_on_the_tray.png,00001_wrist_put_the_brown_pouch_on_the_tray.png,recap.png,50,22,52,53,-5.538461538461538,-101.58241758241758,90.32967032967034,73.4065934065934,-1.2747252747252746,0.821917808219178,-7.523172378540039,-101.32289123535156,74.29133605957031,67.22929382324219,-2.339313507080078,0.5631850957870483
023_brown,put the brown pouch on the tray,3,0,29,2.748,1788424134.6022549,00002_front_put_the_brown_pouch_on_the_tray.png,00002_wrist_put_the_brown_pouch_on_the_tray.png,recap.png,50,0,53,54,-7.208791208791209,-101.67032967032966,84.26373626373626,65.84615384615384,-1.2747252747252746,0.821917808219178,-8.146486282348633,-101.04011535644531,70.79553985595703,66.02300262451172,-0.18638324737548828,1.1843647956848145
023_brown,put the brown pouch on the tray,3,0,29,2.748,1788424134.6022549,00002_front_put_the_brown_pouch_on_the_tray.png,00002_wrist_put_the_brown_pouch_on_the_tray.png,recap.png,50,1,54,55,-7.208791208791209,-101.67032967032966,84.26373626373626,65.84615384615384,-1.2747252747252746,0.821917808219178,-8.172857284545898,-101.03009796142578,70.43315887451172,66.0223159790039,0.026925086975097656,1.106116533279419
023_brown,put the brown pouch on the tray,3,0,29,2.748,1788424134.6022549,00002_front_put_the_brown_pouch_on_the_tray.png,00002_wrist_put_the_brown_pouch_on_the_tray.png,recap.png,50,2,55,56,-7.208791208791209,-101.67032967032966,84.26373626373626,65.84615384615384,-1.2747252747252746,0.821917808219178,-8.083110809326172,-101.32783508300781,71.4702377319336,66.14004516601562,0.036136627197265625,1.1102876663208008
023_brown,put the brown pouch on the tray,3,0,29,2.748,1788424134.6022549,00002_front_put_the_brown_pouch_on_the_tray.png,00002_wrist_put_the_brown_pouch_on_the_tray.png,recap.png,50,3,56,57,-7.208791208791209,-101.67032967032966,84.26373626373626,65.84615384615384,-1.2747252747252746,0.821917808219178,-8.304105758666992,-100.96538543701172,71.10736846923828,65.91927337646484,0.039696693420410156,1.1312255859375
023_brown,put the brown pouch on the tray,3,0,29,2.748,1788424134.6022549,00002_front_put_the_brown_pouch_on_the_tray.png,00002_wrist_put_the_brown_pouch_on_the_tray.png,recap.png,50,4,57,58,-7.208791208791209,-101.67032967032966,84.26373626373626,65.84615384615384,-1.2747252747252746,0.821917808219178,-8.390632629394531,-100.04261779785156,70.91483306884766,66.17093658447266,0.04050922393798828,0.9968231320381165
023_brown,put the brown pouch on the tray,3,0,29,2.748,1788424134.6022549,00002_front_put_the_brown_pouch_on_the_tray.png,00002_wrist_put_the_brown_pouch_on_the_tray.png,recap.png,50,5,58,59,-7.208791208791209,-101.67032967032966,84.26373626373626,65.84615384615384,-1.2747252747252746,0.821917808219178,-8.158723831176758,-100.55502319335938,70.6927490234375,65.80801391601562,-0.2082681655883789,1.1498513221740723
023_brown,put the brown pouch on the tray,3,0,29,2.748,1788424134.6022549,00002_front_put_the_brown_pouch_on_the_tray.png,00002_wrist_put_the_brown_pouch_on_the_tray.png,recap.png,50,6,59,60,-7.208791208791209,-101.67032967032966,84.26373626373626,65.84615384615384,-1.2747252747252746,0.821917808219178,-8.11973762512207,-98.08621978759766,70.00052642822266,65.92133331298828,-0.25632762908935547,1.0589160919189453
023_brown,put the brown pouch on the tray,3,0,29,2.748,1788424134.6022549,00002_front_put_the_brown_pouch_on_the_tray.png,00002_wrist_put_the_brown_pouch_on_the_tray.png,recap.png,50,7,60,61,-7.208791208791209,-101.67032967032966,84.26373626373626,65.84615384615384,-1.2747252747252746,0.821917808219178,-8.081378936767578,-96.80315399169922,69.76468658447266,65.8786849975586,-0.3196582794189453,1.1841542720794678
023_brown,put the brown pouch on the tray,3,0,29,2.748,1788424134.6022549,00002_front_put_the_brown_pouch_on_the_tray.png,00002_wrist_put_the_brown_pouch_on_the_tray.png,recap.png,50,8,61,62,-7.208791208791209,-101.67032967032966,84.26373626373626,65.84615384615384,-1.2747252747252746,0.821917808219178,-8.042591094970703,-95.10218811035156,69.1063232421875,65.75656127929688,-0.4718351364135742,1.1264820098876953
023_brown,put the brown pouch on the tray,3,0,29,2.748,1788424134.6022549,00002_front_put_the_brown_pouch_on_the_tray.png,00002_wrist_put_the_brown_pouch_on_the_tray.png,recap.png,50,9,62,63,-7.208791208791209,-101.67032967032966,84.26373626373626,65.84615384615384,-1.2747252747252746,0.821917808219178,-8.22354507446289,-92.39226531982422,67.58735656738281,65.70265197753906,-0.6583147048950195,1.1163098812103271
023_brown,put the brown pouch on the tray,3,0,29,2.748,1788424134.6022549,00002_front_put_the_brown_pouch_on_the_tray.png,00002_wrist_put_the_brown_pouch_on_the_tray.png,recap.png,50,10,63,64,-7.208791208791209,-101.67032967032966,84.26373626373626,65.84615384615384,-1.2747252747252746,0.821917808219178,-8.549291610717773,-90.79252624511719,66.30779266357422,65.64137268066406,-0.8798732757568359,0.8690133094787598
023_brown,put the brown pouch on the tray,3,0,29,2.748,1788424134.6022549,00002_front_put_the_brown_pouch_on_the_tray.png,00002_wrist_put_the_brown_pouch_on_the_tray.png,recap.png,50,11,64,65,-7.208791208791209,-101.67032967032966,84.26373626373626,65.84615384615384,-1.2747252747252746,0.821917808219178,-8.454774856567383,-88.49630737304688,64.84313201904297,65.48738861083984,-1.0269699096679688,0.9764437675476074
023_brown,put the brown pouch on the tray,3,0,29,2.748,1788424134.6022549,00002_front_put_the_brown_pouch_on_the_tray.png,00002_wrist_put_the_brown_pouch_on_the_tray.png,recap.png,50,12,65,66,-7.208791208791209,-101.67032967032966,84.26373626373626,65.84615384615384,-1.2747252747252746,0.821917808219178,-8.789180755615234,-85.9761962890625,63.763336181640625,65.27909851074219,-1.227147102355957,0.8988329768180847
023_brown,put the brown pouch on the tray,3,0,29,2.748,1788424134.6022549,00002_front_put_the_brown_pouch_on_the_tray.png,00002_wrist_put_the_brown_pouch_on_the_tray.png,recap.png,50,13,66,67,-7.208791208791209,-101.67032967032966,84.26373626373626,65.84615384615384,-1.2747252747252746,0.821917808219178,-8.726398468017578,-83.97667694091797,61.844825744628906,65.20227813720703,-1.3880596160888672,1.003833293914795
023_brown,put the brown pouch on the tray,3,0,29,2.748,1788424134.6022549,00002_front_put_the_brown_pouch_on_the_tray.png,00002_wrist_put_the_brown_pouch_on_the_tray.png,recap.png,50,14,67,68,-7.208791208791209,-101.67032967032966,84.26373626373626,65.84615384615384,-1.2747252747252746,0.821917808219178,-8.738887786865234,-81.64990234375,60.854888916015625,64.94210052490234,-1.5975542068481445,1.0249221324920654
023_brown,put the brown pouch on the tray,3,0,29,2.748,1788424134.6022549,00002_front_put_the_brown_pouch_on_the_tray.png,00002_wrist_put_the_brown_pouch_on_the_tray.png,recap.png,50,15,68,69,-7.208791208791209,-101.67032967032966,84.26373626373626,65.84615384615384,-1.2747252747252746,0.821917808219178,-8.709949493408203,-79.0611572265625,59.32526397705078,64.71449279785156,-1.8396501541137695,0.8602325916290283
023_brown,put the brown pouch on the tray,3,0,29,2.748,1788424134.6022549,00002_front_put_the_brown_pouch_on_the_tray.png,00002_wrist_put_the_brown_pouch_on_the_tray.png,recap.png,50,16,69,70,-7.208791208791209,-101.67032967032966,84.26373626373626,65.84615384615384,-1.2747252747252746,0.821917808219178,-8.518125534057617,-76.74520874023438,58.03333282470703,64.64126586914062,-1.945296287536621,0.8969073295593262
023_brown,put the brown pouch on the tray,3,0,29,2.748,1788424134.6022549,00002_front_put_the_brown_pouch_on_the_tray.png,00002_wrist_put_the_brown_pouch_on_the_tray.png,recap.png,50,17,70,71,-7.208791208791209,-101.67032967032966,84.26373626373626,65.84615384615384,-1.2747252747252746,0.821917808219178,-8.647716522216797,-74.77527618408203,56.382835388183594,64.31209564208984,-2.0321149826049805,0.998731791973114
023_brown,put the brown pouch on the tray,3,0,29,2.748,1788424134.6022549,00002_front_put_the_brown_pouch_on_the_tray.png,00002_wrist_put_the_brown_pouch_on_the_tray.png,recap.png,50,18,71,72,-7.208791208791209,-101.67032967032966,84.26373626373626,65.84615384615384,-1.2747252747252746,0.821917808219178,-8.579992294311523,-72.70767211914062,55.45018768310547,64.44845581054688,-2.2673749923706055,0.9813253879547119
023_brown,put the brown pouch on the tray,3,0,29,2.748,1788424134.6022549,00002_front_put_the_brown_pouch_on_the_tray.png,00002_wrist_put_the_brown_pouch_on_the_tray.png,recap.png,50,19,72,73,-7.208791208791209,-101.67032967032966,84.26373626373626,65.84615384615384,-1.2747252747252746,0.821917808219178,-8.582210540771484,-70.9939956665039,54.17399597167969,64.1376953125,-2.221019744873047,0.8482749462127686
023_brown,put the brown pouch on the tray,3,0,29,2.748,1788424134.6022549,00002_front_put_the_brown_pouch_on_the_tray.png,00002_wrist_put_the_brown_pouch_on_the_tray.png,recap.png,50,20,73,74,-7.208791208791209,-101.67032967032966,84.26373626373626,65.84615384615384,-1.2747252747252746,0.821917808219178,-8.7325439453125,-69.14005279541016,52.75395965576172,64.3667984008789,-2.34633731842041,1.022518515586853
023_brown,put the brown pouch on the tray,3,0,29,2.748,1788424134.6022549,00002_front_put_the_brown_pouch_on_the_tray.png,00002_wrist_put_the_brown_pouch_on_the_tray.png,recap.png,50,21,74,75,-7.208791208791209,-101.67032967032966,84.26373626373626,65.84615384615384,-1.2747252747252746,0.821917808219178,-8.50094985961914,-67.35784149169922,51.91517639160156,64.4109115600586,-2.3310537338256836,1.0015422105789185
023_brown,put the brown pouch on the tray,3,0,29,2.748,1788424134.6022549,00002_front_put_the_brown_pouch_on_the_tray.png,00002_wrist_put_the_brown_pouch_on_the_tray.png,recap.png,50,22,75,76,-7.208791208791209,-101.67032967032966,84.26373626373626,65.84615384615384,-1.2747252747252746,0.821917808219178,-8.64076042175293,-65.30852508544922,50.60419464111328,64.30713653564453,-2.3641157150268555,0.9937492609024048
023_brown,put the brown pouch on the tray,3,0,29,2.748,1788424134.6022549,00002_front_put_the_brown_pouch_on_the_tray.png,00002_wrist_put_the_brown_pouch_on_the_tray.png,recap.png,50,23,76,77,-7.208791208791209,-101.67032967032966,84.26373626373626,65.84615384615384,-1.2747252747252746,0.821917808219178,-8.51567268371582,-63.53445816040039,49.993690490722656,64.214599609375,-2.453951835632324,1.0131237506866455
023_brown,put the brown pouch on the tray,3,0,29,2.748,1788424134.6022549,00002_front_put_the_brown_pouch_on_the_tray.png,00002_wrist_put_the_brown_pouch_on_the_tray.png,recap.png,50,24,77,78,-7.208791208791209,-101.67032967032966,84.26373626373626,65.84615384615384,-1.2747252747252746,0.821917808219178,-8.453451156616211,-62.14938735961914,48.731712341308594,64.19676971435547,-2.530919075012207,0.945557713508606
023_brown,put the brown pouch on the tray,3,0,29,2.748,1788424134.6022549,00002_front_put_the_brown_pouch_on_the_tray.png,00002_wrist_put_the_brown_pouch_on_the_tray.png,recap.png,50,25,78,79,-7.208791208791209,-101.67032967032966,84.26373626373626,65.84615384615384,-1.2747252747252746,0.821917808219178,-8.605268478393555,-60.50099182128906,48.601524353027344,63.998077392578125,-2.7156848907470703,0.8878217339515686
023_brown,put the brown pouch on the tray,4,1,52,3.517,1788424135.366213,00003_front_put_the_brown_pouch_on_the_tray.png,00003_wrist_put_the_brown_pouch_on_the_tray.png,recap.png,50,0,79,80,-7.56043956043956,-101.67032967032966,77.67032967032966,66.54945054945055,-1.3626373626373627,0.821917808219178,-7.79780387878418,-68.46315002441406,53.75305938720703,64.63822937011719,-2.7743730545043945,0.9789292216300964
023_brown,put the brown pouch on the tray,4,1,52,3.517,1788424135.366213,00003_front_put_the_brown_pouch_on_the_tray.png,00003_wrist_put_the_brown_pouch_on_the_tray.png,recap.png,50,1,80,81,-7.56043956043956,-101.67032967032966,77.67032967032966,66.54945054945055,-1.3626373626373627,0.821917808219178,-7.545454025268555,-66.61572265625,52.37461853027344,64.75344848632812,-2.9329452514648438,0.8776676654815674
023_brown,put the brown pouch on the tray,4,1,52,3.517,1788424135.366213,00003_front_put_the_brown_pouch_on_the_tray.png,00003_wrist_put_the_brown_pouch_on_the_tray.png,recap.png,50,2,81,82,-7.56043956043956,-101.67032967032966,77.67032967032966,66.54945054945055,-1.3626373626373627,0.821917808219178,-7.571235656738281,-64.9039535522461,50.989227294921875,64.97847747802734,-3.1541061401367188,0.7607734799385071
023_brown,put the brown pouch on the tray,4,1,52,3.517,1788424135.366213,00003_front_put_the_brown_pouch_on_the_tray.png,00003_wrist_put_the_brown_pouch_on_the_tray.png,recap.png,50,3,82,83,-7.56043956043956,-101.67032967032966,77.67032967032966,66.54945054945055,-1.3626373626373627,0.821917808219178,-7.443115234375,-63.08711242675781,49.63221740722656,65.22940826416016,-3.293398857116699,0.8204967379570007
023_brown,put the brown pouch on the tray,4,1,52,3.517,1788424135.366213,00003_front_put_the_brown_pouch_on_the_tray.png,00003_wrist_put_the_brown_pouch_on_the_tray.png,recap.png,50,4,83,84,-7.56043956043956,-101.67032967032966,77.67032967032966,66.54945054945055,-1.3626373626373627,0.821917808219178,-7.416233062744141,-60.89707565307617,47.50312805175781,65.54913330078125,-3.622833251953125,0.9038580060005188
023_brown,put the brown pouch on the tray,4,1,52,3.517,1788424135.366213,00003_front_put_the_brown_pouch_on_the_tray.png,00003_wrist_put_the_brown_pouch_on_the_tray.png,recap.png,50,5,84,85,-7.56043956043956,-101.67032967032966,77.67032967032966,66.54945054945055,-1.3626373626373627,0.821917808219178,-7.278390884399414,-59.112483978271484,46.05127716064453,66.1094741821289,-3.983814239501953,0.9008064270019531
023_brown,put the brown pouch on the tray,4,1,52,3.517,1788424135.366213,00003_front_put_the_brown_pouch_on_the_tray.png,00003_wrist_put_the_brown_pouch_on_the_tray.png,recap.png,50,6,85,86,-7.56043956043956,-101.67032967032966,77.67032967032966,66.54945054945055,-1.3626373626373627,0.821917808219178,-7.251794815063477,-57.273502349853516,44.41651916503906,66.68768310546875,-4.313601493835449,0.8873979449272156
023_brown,put the brown pouch on the tray,4,1,52,3.517,1788424135.366213,00003_front_put_the_brown_pouch_on_the_tray.png,00003_wrist_put_the_brown_pouch_on_the_tray.png,recap.png,50,7,86,87,-7.56043956043956,-101.67032967032966,77.67032967032966,66.54945054945055,-1.3626373626373627,0.821917808219178,-7.175983428955078,-55.638309478759766,42.615509033203125,67.25384521484375,-4.464662075042725,0.824674129486084
023_brown,put the brown pouch on the tray,4,1,52,3.517,1788424135.366213,00003_front_put_the_brown_pouch_on_the_tray.png,00003_wrist_put_the_brown_pouch_on_the_tray.png,recap.png,50,8,87,88,-7.56043956043956,-101.67032967032966,77.67032967032966,66.54945054945055,-1.3626373626373627,0.821917808219178,-7.364091873168945,-53.830345153808594,41.140037536621094,67.81414794921875,-4.695417881011963,0.7922256588935852
023_brown,put the brown pouch on the tray,4,1,52,3.517,1788424135.366213,00003_front_put_the_brown_pouch_on_the_tray.png,00003_wrist_put_the_brown_pouch_on_the_tray.png,recap.png,50,9,88,89,-7.56043956043956,-101.67032967032966,77.67032967032966,66.54945054945055,-1.3626373626373627,0.821917808219178,-7.192167282104492,-52.17995071411133,39.847450256347656,68.09889221191406,-4.716480255126953,0.8355515599250793
023_brown,put the brown pouch on the tray,4,1,52,3.517,1788424135.366213,00003_front_put_the_brown_pouch_on_the_tray.png,00003_wrist_put_the_brown_pouch_on_the_tray.png,recap.png,50,10,89,90,-7.56043956043956,-101.67032967032966,77.67032967032966,66.54945054945055,-1.3626373626373627,0.821917808219178,-7.345294952392578,-50.75309753417969,38.43800354003906,68.59356689453125,-4.679701805114746,0.7240265011787415
023_brown,put the brown pouch on the tray,4,1,52,3.517,1788424135.366213,00003_front_put_the_brown_pouch_on_the_tray.png,00003_wrist_put_the_brown_pouch_on_the_tray.png,recap.png,50,11,90,91,-7.56043956043956,-101.67032967032966,77.67032967032966,66.54945054945055,-1.3626373626373627,0.821917808219178,-6.833574295043945,-49.70658493041992,37.66767883300781,68.707275390625,-4.664734363555908,0.7870126962661743
023_brown,put the brown pouch on the tray,4,1,52,3.517,1788424135.366213,00003_front_put_the_brown_pouch_on_the_tray.png,00003_wrist_put_the_brown_pouch_on_the_tray.png,recap.png,50,12,91,92,-7.56043956043956,-101.67032967032966,77.67032967032966,66.54945054945055,-1.3626373626373627,0.821917808219178,-6.992919921875,-48.58445358276367,37.366661071777344,68.94364929199219,-4.75159215927124,0.9397817850112915
023_brown,put the brown pouch on the tray,4,1,52,3.517,1788424135.366213,00003_front_put_the_brown_pouch_on_the_tray.png,00003_wrist_put_the_brown_pouch_on_the_tray.png,recap.png,50,13,92,93,-7.56043956043956,-101.67032967032966,77.67032967032966,66.54945054945055,-1.3626373626373627,0.821917808219178,-7.195404052734375,-47.37009811401367,36.268333435058594,69.1399917602539,-4.598658561706543,0.7955331802368164
023_brown,put the brown pouch on the tray,4,1,52,3.517,1788424135.366213,00003_front_put_the_brown_pouch_on_the_tray.png,00003_wrist_put_the_brown_pouch_on_the_tray.png,recap.png,50,14,93,94,-7.56043956043956,-101.67032967032966,77.67032967032966,66.54945054945055,-1.3626373626373627,0.821917808219178,-7.027315139770508,-46.861454010009766,35.525604248046875,69.26457214355469,-4.6534881591796875,0.8223597407341003
023_brown,put the brown pouch on the tray,4,1,52,3.517,1788424135.366213,00003_front_put_the_brown_pouch_on_the_tray.png,00003_wrist_put_the_brown_pouch_on_the_tray.png,recap.png,50,15,94,95,-7.56043956043956,-101.67032967032966,77.67032967032966,66.54945054945055,-1.3626373626373627,0.821917808219178,-7.06536865234375,-46.10463333129883,35.47369384765625,69.50811004638672,-4.6105427742004395,0.8000079989433289
023_brown,put the brown pouch on the tray,4,1,52,3.517,1788424135.366213,00003_front_put_the_brown_pouch_on_the_tray.png,00003_wrist_put_the_brown_pouch_on_the_tray.png,recap.png,50,16,95,96,-7.56043956043956,-101.67032967032966,77.67032967032966,66.54945054945055,-1.3626373626373627,0.821917808219178,-6.9994049072265625,-45.48382568359375,34.44133758544922,69.79365539550781,-4.579624176025391,0.7521988153457642
023_brown,put the brown pouch on the tray,4,1,52,3.517,1788424135.366213,00003_front_put_the_brown_pouch_on_the_tray.png,00003_wrist_put_the_brown_pouch_on_the_tray.png,recap.png,50,17,96,97,-7.56043956043956,-101.67032967032966,77.67032967032966,66.54945054945055,-1.3626373626373627,0.821917808219178,-7.008460998535156,-44.85020065307617,34.62385559082031,69.65282440185547,-4.492343425750732,0.8219954371452332
023_brown,put the brown pouch on the tray,4,1,52,3.517,1788424135.366213,00003_front_put_the_brown_pouch_on_the_tray.png,00003_wrist_put_the_brown_pouch_on_the_tray.png,recap.png,50,18,97,98,-7.56043956043956,-101.67032967032966,77.67032967032966,66.54945054945055,-1.3626373626373627,0.821917808219178,-7.272745132446289,-44.22673797607422,34.034141540527344,69.78617095947266,-4.506040573120117,0.7113530039787292
023_brown,put the brown pouch on the tray,4,1,52,3.517,1788424135.366213,00003_front_put_the_brown_pouch_on_the_tray.png,00003_wrist_put_the_brown_pouch_on_the_tray.png,recap.png,50,19,98,99,-7.56043956043956,-101.67032967032966,77.67032967032966,66.54945054945055,-1.3626373626373627,0.821917808219178,-6.851640701293945,-43.60688018798828,34.384033203125,69.43620300292969,-4.554303169250488,0.9137507677078247
023_brown,put the brown pouch on the tray,4,1,52,3.517,1788424135.366213,00003_front_put_the_brown_pouch_on_the_tray.png,00003_wrist_put_the_brown_pouch_on_the_tray.png,recap.png,50,20,99,100,-7.56043956043956,-101.67032967032966,77.67032967032966,66.54945054945055,-1.3626373626373627,0.821917808219178,-6.909036636352539,-43.150028228759766,33.99896240234375,69.5925064086914,-4.476573944091797,0.8677228093147278
023_brown,put the brown pouch on the tray,4,1,52,3.517,1788424135.366213,00003_front_put_the_brown_pouch_on_the_tray.png,00003_wrist_put_the_brown_pouch_on_the_tray.png,recap.png,50,21,100,101,-7.56043956043956,-101.67032967032966,77.67032967032966,66.54945054945055,-1.3626373626373627,0.821917808219178,-6.9427032470703125,-42.75364303588867,33.035133361816406,69.81658935546875,-4.410278797149658,0.7866271138191223
023_brown,put the brown pouch on the tray,4,1,52,3.517,1788424135.366213,00003_front_put_the_brown_pouch_on_the_tray.png,00003_wrist_put_the_brown_pouch_on_the_tray.png,recap.png,50,22,101,102,-7.56043956043956,-101.67032967032966,77.67032967032966,66.54945054945055,-1.3626373626373627,0.821917808219178,-6.430438995361328,-42.0895881652832,32.91101837158203,70.13921356201172,-4.515590190887451,0.7541159987449646
023_brown,put the brown pouch on the tray,5,1,78,4.52,1788424136.3694065,00004_front_put_the_brown_pouch_on_the_tray.png,00004_wrist_put_the_brown_pouch_on_the_tray.png,recap.png,50,0,102,103,-8.43956043956044,-65.71428571428571,53.494505494505496,65.49450549450549,-1.978021978021978,0.821917808219178,-7.947135925292969,-39.133140563964844,31.48352813720703,66.99482727050781,-3.388829231262207,1.2997090816497803
023_brown,put the brown pouch on the tray,5,1,78,4.52,1788424136.3694065,00004_front_put_the_brown_pouch_on_the_tray.png,00004_wrist_put_the_brown_pouch_on_the_tray.png,recap.png,50,1,103,104,-8.43956043956044,-65.71428571428571,53.494505494505496,65.49450549450549,-1.978021978021978,0.821917808219178,-7.87237548828125,-38.9682731628418,30.442138671875,67.21118927001953,-3.4684438705444336,1.3448119163513184
023_brown,put the brown pouch on the tray,5,1,78,4.52,1788424136.3694065,00004_front_put_the_brown_pouch_on_the_tray.png,00004_wrist_put_the_brown_pouch_on_the_tray.png,recap.png,50,2,104,105,-8.43956043956044,-65.71428571428571,53.494505494505496,65.49450549450549,-1.978021978021978,0.821917808219178,-7.8913726806640625,-37.55760955810547,29.74974822998047,67.06214904785156,-3.465146064758301,1.454512357711792
023_brown,put the brown pouch on the tray,5,1,78,4.52,1788424136.3694065,00004_front_put_the_brown_pouch_on_the_tray.png,00004_wrist_put_the_brown_pouch_on_the_tray.png,recap.png,50,3,105,106,-8.43956043956044,-65.71428571428571,53.494505494505496,65.49450549450549,-1.978021978021978,0.821917808219178,-7.649852752685547,-37.002281188964844,29.39411163330078,67.4039535522461,-3.4239845275878906,1.3785414695739746
023_brown,put the brown pouch on the tray,5,1,78,4.52,1788424136.3694065,00004_front_put_the_brown_pouch_on_the_tray.png,00004_wrist_put_the_brown_pouch_on_the_tray.png,recap.png,50,4,106,107,-8.43956043956044,-65.71428571428571,53.494505494505496,65.49450549450549,-1.978021978021978,0.821917808219178,-7.429193496704102,-36.53484344482422,28.131072998046875,67.4511947631836,-3.3839759826660156,1.2373199462890625
023_brown,put the brown pouch on the tray,5,1,78,4.52,1788424136.3694065,00004_front_put_the_brown_pouch_on_the_tray.png,00004_wrist_put_the_brown_pouch_on_the_tray.png,recap.png,50,5,107,108,-8.43956043956044,-65.71428571428571,53.494505494505496,65.49450549450549,-1.978021978021978,0.821917808219178,-6.771596908569336,-35.38005828857422,28.150306701660156,67.8078842163086,-3.426630973815918,1.4709584712982178
023_brown,put the brown pouch on the tray,5,1,78,4.52,1788424136.3694065,00004_front_put_the_brown_pouch_on_the_tray.png,00004_wrist_put_the_brown_pouch_on_the_tray.png,recap.png,50,6,108,109,-8.43956043956044,-65.71428571428571,53.494505494505496,65.49450549450549,-1.978021978021978,0.821917808219178,-6.608308792114258,-35.616539001464844,27.332435607910156,67.82843780517578,-3.371734619140625,1.4323549270629883
023_brown,put the brown pouch on the tray,5,1,78,4.52,1788424136.3694065,00004_front_put_the_brown_pouch_on_the_tray.png,00004_wrist_put_the_brown_pouch_on_the_tray.png,recap.png,50,7,109,110,-8.43956043956044,-65.71428571428571,53.494505494505496,65.49450549450549,-1.978021978021978,0.821917808219178,-6.827493667602539,-34.09333038330078,26.2672119140625,67.95176696777344,-3.4323110580444336,1.2410778999328613
023_brown,put the brown pouch on the tray,5,1,78,4.52,1788424136.3694065,00004_front_put_the_brown_pouch_on_the_tray.png,00004_wrist_put_the_brown_pouch_on_the_tray.png,recap.png,50,8,110,111,-8.43956043956044,-65.71428571428571,53.494505494505496,65.49450549450549,-1.978021978021978,0.821917808219178,-6.160301208496094,-33.382110595703125,26.79228973388672,68.2942123413086,-3.307063102722168,1.4321393966674805
023_brown,put the brown pouch on the tray,5,1,78,4.52,1788424136.3694065,00004_front_put_the_brown_pouch_on_the_tray.png,00004_wrist_put_the_brown_pouch_on_the_tray.png,recap.png,50,9,111,112,-8.43956043956044,-65.71428571428571,53.494505494505496,65.49450549450549,-1.978021978021978,0.821917808219178,-6.053125381469727,-33.14231872558594,25.307662963867188,68.74118041992188,-3.266110420227051,1.27052903175354
023_brown,put the brown pouch on the tray,5,1,78,4.52,1788424136.3694065,00004_front_put_the_brown_pouch_on_the_tray.png,00004_wrist_put_the_brown_pouch_on_the_tray.png,recap.png,50,10,112,113,-8.43956043956044,-65.71428571428571,53.494505494505496,65.49450549450549,-1.978021978021978,0.821917808219178,-6.269863128662109,-32.83171081542969,25.720626831054688,68.68257141113281,-3.36411190032959,1.3250253200531006
023_brown,put the brown pouch on the tray,5,1,78,4.52,1788424136.3694065,00004_front_put_the_brown_pouch_on_the_tray.png,00004_wrist_put_the_brown_pouch_on_the_tray.png,recap.png,50,11,113,114,-8.43956043956044,-65.71428571428571,53.494505494505496,65.49450549450549,-1.978021978021978,0.821917808219178,-5.921443939208984,-31.31749725341797,25.019805908203125,68.99700927734375,-3.3531923294067383,1.258298397064209
023_brown,put the brown pouch on the tray,5,1,78,4.52,1788424136.3694065,00004_front_put_the_brown_pouch_on_the_tray.png,00004_wrist_put_the_brown_pouch_on_the_tray.png,recap.png,50,12,114,115,-8.43956043956044,-65.71428571428571,53.494505494505496,65.49450549450549,-1.978021978021978,0.821917808219178,-5.657293319702148,-31.00762176513672,24.880630493164062,69.00666046142578,-3.1743955612182617,1.1837964057922363
023_brown,put the brown pouch on the tray,5,1,78,4.52,1788424136.3694065,00004_front_put_the_brown_pouch_on_the_tray.png,00004_wrist_put_the_brown_pouch_on_the_tray.png,recap.png,50,13,115,116,-8.43956043956044,-65.71428571428571,53.494505494505496,65.49450549450549,-1.978021978021978,0.821917808219178,-5.372365951538086,-29.539642333984375,24.012222290039062,69.03937530517578,-3.1936330795288086,1.2306337356567383
023_brown,put the brown pouch on the tray,5,1,78,4.52,1788424136.3694065,00004_front_put_the_brown_pouch_on_the_tray.png,00004_wrist_put_the_brown_pouch_on_the_tray.png,recap.png,50,14,116,117,-8.43956043956044,-65.71428571428571,53.494505494505496,65.49450549450549,-1.978021978021978,0.821917808219178,-5.31977653503418,-28.76750946044922,23.730972290039062,69.08705139160156,-3.1966552734375,1.32861328125
023_brown,put the brown pouch on the tray,5,1,78,4.52,1788424136.3694065,00004_front_put_the_brown_pouch_on_the_tray.png,00004_wrist_put_the_brown_pouch_on_the_tray.png,recap.png,50,15,117,118,-8.43956043956044,-65.71428571428571,53.494505494505496,65.49450549450549,-1.978021978021978,0.821917808219178,-5.096525192260742,-28.269607543945312,22.513214111328125,69.53189086914062,-3.413323402404785,1.1894333362579346
023_brown,put the brown pouch on the tray,5,1,78,4.52,1788424136.3694065,00004_front_put_the_brown_pouch_on_the_tray.png,00004_wrist_put_the_brown_pouch_on_the_tray.png,recap.png,50,16,118,119,-8.43956043956044,-65.71428571428571,53.494505494505496,65.49450549450549,-1.978021978021978,0.821917808219178,-4.76439094543457,-26.796295166015625,21.730331420898438,69.85271453857422,-3.308237075805664,1.4611518383026123
023_brown,put the brown pouch on the tray,5,1,78,4.52,1788424136.3694065,00004_front_put_the_brown_pouch_on_the_tray.png,00004_wrist_put_the_brown_pouch_on_the_tray.png,recap.png,50,17,119,120,-8.43956043956044,-65.71428571428571,53.494505494505496,65.49450549450549,-1.978021978021978,0.821917808219178,-4.6470489501953125,-25.843551635742188,20.470413208007812,70.42398071289062,-3.102396011352539,1.2364459037780762
023_brown,put the brown pouch on the tray,5,1,78,4.52,1788424136.3694065,00004_front_put_the_brown_pouch_on_the_tray.png,00004_wrist_put_the_brown_pouch_on_the_tray.png,recap.png,50,18,120,121,-8.43956043956044,-65.71428571428571,53.494505494505496,65.49450549450549,-1.978021978021978,0.821917808219178,-4.493471145629883,-24.309799194335938,19.58654022216797,70.65027618408203,-3.2346439361572266,1.1765854358673096
023_brown,put the brown pouch on the tray,5,1,78,4.52,1788424136.3694065,00004_front_put_the_brown_pouch_on_the_tray.png,00004_wrist_put_the_brown_pouch_on_the_tray.png,recap.png,50,19,121,122,-8.43956043956044,-65.71428571428571,53.494505494505496,65.49450549450549,-1.978021978021978,0.821917808219178,-4.849800109863281,-23.849105834960938,18.43328857421875,71.15007781982422,-3.209819793701172,1.3262267112731934
023_brown,put the brown pouch on the tray,5,1,78,4.52,1788424136.3694065,00004_front_put_the_brown_pouch_on_the_tray.png,00004_wrist_put_the_brown_pouch_on_the_tray.png,recap.png,50,20,122,123,-8.43956043956044,-65.71428571428571,53.494505494505496,65.49450549450549,-1.978021978021978,0.821917808219178,-4.412109375,-21.972190856933594,16.866668701171875,71.87371826171875,-3.278275489807129,1.286668300628662
023_brown,put the brown pouch on the tray,5,1,78,4.52,1788424136.3694065,00004_front_put_the_brown_pouch_on_the_tray.png,00004_wrist_put_the_brown_pouch_on_the_tray.png,recap.png,50,21,123,124,-8.43956043956044,-65.71428571428571,53.494505494505496,65.49450549450549,-1.978021978021978,0.821917808219178,-4.573217391967773,-21.345306396484375,15.779380798339844,72.40995025634766,-3.1306581497192383,1.3147704601287842
023_brown,put the brown pouch on the tray,5,1,78,4.52,1788424136.3694065,00004_front_put_the_brown_pouch_on_the_tray.png,00004_wrist_put_the_brown_pouch_on_the_tray.png,recap.png,50,22,124,125,-8.43956043956044,-65.71428571428571,53.494505494505496,65.49450549450549,-1.978021978021978,0.821917808219178,-4.459493637084961,-19.467269897460938,13.722198486328125,73.02311706542969,-3.2603282928466797,1.3514461517333984
023_brown,put the brown pouch on the tray,5,1,78,4.52,1788424136.3694065,00004_front_put_the_brown_pouch_on_the_tray.png,00004_wrist_put_the_brown_pouch_on_the_tray.png,recap.png,50,23,125,126,-8.43956043956044,-65.71428571428571,53.494505494505496,65.49450549450549,-1.978021978021978,0.821917808219178,-4.447847366333008,-18.891868591308594,12.860549926757812,73.87469482421875,-3.1492576599121094,1.2878353595733643
023_brown,put the brown pouch on the tray,5,1,78,4.52,1788424136.3694065,00004_front_put_the_brown_pouch_on_the_tray.png,00004_wrist_put_the_brown_pouch_on_the_tray.png,recap.png,50,24,126,127,-8.43956043956044,-65.71428571428571,53.494505494505496,65.49450549450549,-1.978021978021978,0.821917808219178,-4.773809432983398,-17.6370849609375,11.856452941894531,74.17240142822266,-3.168328285217285,1.2556493282318115
023_brown,put the brown pouch on the tray,5,1,78,4.52,1788424136.3694065,00004_front_put_the_brown_pouch_on_the_tray.png,00004_wrist_put_the_brown_pouch_on_the_tray.png,recap.png,50,25,127,128,-8.43956043956044,-65.71428571428571,53.494505494505496,65.49450549450549,-1.978021978021978,0.821917808219178,-4.553197860717773,-16.190109252929688,11.053359985351562,74.63493347167969,-3.274907112121582,1.3865690231323242
023_brown,put the brown pouch on the tray,6,1,101,5.289,1788424137.135514,00005_front_put_the_brown_pouch_on_the_tray.png,00005_wrist_put_the_brown_pouch_on_the_tray.png,recap.png,50,0,128,129,-7.2967032967032965,-43.472527472527474,37.05494505494506,69.45054945054945,-4.175824175824176,0.821917808219178,-7.071559906005859,-14.986915588378906,9.722198486328125,75.55497741699219,-4.59398078918457,2.142184019088745
023_brown,put the brown pouch on the tray,6,1,101,5.289,1788424137.135514,00005_front_put_the_brown_pouch_on_the_tray.png,00005_wrist_put_the_brown_pouch_on_the_tray.png,recap.png,50,1,129,130,-7.2967032967032965,-43.472527472527474,37.05494505494506,69.45054945054945,-4.175824175824176,0.821917808219178,-7.024532318115234,-13.128608703613281,8.512741088867188,76.17948913574219,-4.499591827392578,2.051501512527466
023_brown,put the brown pouch on the tray,6,1,101,5.289,1788424137.135514,00005_front_put_the_brown_pouch_on_the_tray.png,00005_wrist_put_the_brown_pouch_on_the_tray.png,recap.png,50,2,130,131,-7.2967032967032965,-43.472527472527474,37.05494505494506,69.45054945054945,-4.175824175824176,0.821917808219178,-6.864389419555664,-12.495101928710938,7.822223663330078,76.71484375,-4.456377983093262,2.232722282409668
023_brown,put the brown pouch on the tray,6,1,101,5.289,1788424137.135514,00005_front_put_the_brown_pouch_on_the_tray.png,00005_wrist_put_the_brown_pouch_on_the_tray.png,recap.png,50,3,131,132,-7.2967032967032965,-43.472527472527474,37.05494505494506,69.45054945054945,-4.175824175824176,0.821917808219178,-6.970306396484375,-11.440811157226562,6.352039337158203,77.4785385131836,-4.329679489135742,2.387861967086792
023_brown,put the brown pouch on the tray,6,1,101,5.289,1788424137.135514,00005_front_put_the_brown_pouch_on_the_tray.png,00005_wrist_put_the_brown_pouch_on_the_tray.png,recap.png,50,4,132,133,-7.2967032967032965,-43.472527472527474,37.05494505494506,69.45054945054945,-4.175824175824176,0.821917808219178,-6.799310684204102,-9.591964721679688,5.2344818115234375,78.36209869384766,-4.473857879638672,2.5216166973114014
023_brown,put the brown pouch on the tray,6,1,101,5.289,1788424137.135514,00005_front_put_the_brown_pouch_on_the_tray.png,00005_wrist_put_the_brown_pouch_on_the_tray.png,recap.png,50,5,133,134,-7.2967032967032965,-43.472527472527474,37.05494505494506,69.45054945054945,-4.175824175824176,0.821917808219178,-6.750665664672852,-9.435409545898438,3.9771728515625,78.96018981933594,-4.534356117248535,3.305971145629883
023_brown,put the brown pouch on the tray,6,1,101,5.289,1788424137.135514,00005_front_put_the_brown_pouch_on_the_tray.png,00005_wrist_put_the_brown_pouch_on_the_tray.png,recap.png,50,6,134,135,-7.2967032967032965,-43.472527472527474,37.05494505494506,69.45054945054945,-4.175824175824176,0.821917808219178,-6.6058197021484375,-8.1826171875,2.874736785888672,79.53575134277344,-4.339613914489746,4.497956275939941
023_brown,put the brown pouch on the tray,6,1,101,5.289,1788424137.135514,00005_front_put_the_brown_pouch_on_the_tray.png,00005_wrist_put_the_brown_pouch_on_the_tray.png,recap.png,50,7,135,136,-7.2967032967032965,-43.472527472527474,37.05494505494506,69.45054945054945,-4.175824175824176,0.821917808219178,-6.8392486572265625,-6.7334136962890625,2.642749786376953,80.47908020019531,-4.402119159698486,5.515804767608643
023_brown,put the brown pouch on the tray,6,1,101,5.289,1788424137.135514,00005_front_put_the_brown_pouch_on_the_tray.png,00005_wrist_put_the_brown_pouch_on_the_tray.png,recap.png,50,8,136,137,-7.2967032967032965,-43.472527472527474,37.05494505494506,69.45054945054945,-4.175824175824176,0.821917808219178,-6.573442459106445,-6.132667541503906,1.200164794921875,80.60781860351562,-4.167060375213623,6.887320518493652
023_brown,put the brown pouch on the tray,6,1,101,5.289,1788424137.135514,00005_front_put_the_brown_pouch_on_the_tray.png,00005_wrist_put_the_brown_pouch_on_the_tray.png,recap.png,50,9,137,138,-7.2967032967032965,-43.472527472527474,37.05494505494506,69.45054945054945,-4.175824175824176,0.821917808219178,-6.374185562133789,-5.276557922363281,0.7424888610839844,80.94184875488281,-4.285370349884033,8.069828987121582
023_brown,put the brown pouch on the tray,6,1,101,5.289,1788424137.135514,00005_front_put_the_brown_pouch_on_the_tray.png,00005_wrist_put_the_brown_pouch_on_the_tray.png,recap.png,50,10,138,139,-7.2967032967032965,-43.472527472527474,37.05494505494506,69.45054945054945,-4.175824175824176,0.821917808219178,-6.45075798034668,-4.756965637207031,0.03961944580078125,81.14712524414062,-4.21299409866333,9.369436264038086
023_brown,put the brown pouch on the tray,6,1,101,5.289,1788424137.135514,00005_front_put_the_brown_pouch_on_the_tray.png,00005_wrist_put_the_brown_pouch_on_the_tray.png,recap.png,50,11,139,140,-7.2967032967032965,-43.472527472527474,37.05494505494506,69.45054945054945,-4.175824175824176,0.821917808219178,-5.969579696655273,-3.94744873046875,-0.6852684020996094,81.31687927246094,-4.142227649688721,10.661494255065918
023_brown,put the brown pouch on the tray,6,1,101,5.289,1788424137.135514,00005_front_put_the_brown_pouch_on_the_tray.png,00005_wrist_put_the_brown_pouch_on_the_tray.png,recap.png,50,12,140,141,-7.2967032967032965,-43.472527472527474,37.05494505494506,69.45054945054945,-4.175824175824176,0.821917808219178,-6.258083343505859,-3.723236083984375,-0.7039222717285156,81.62774658203125,-3.952652931213379,12.061917304992676
023_brown,put the brown pouch on the tray,6,1,101,5.289,1788424137.135514,00005_front_put_the_brown_pouch_on_the_tray.png,00005_wrist_put_the_brown_pouch_on_the_tray.png,recap.png,50,13,141,142,-7.2967032967032965,-43.472527472527474,37.05494505494506,69.45054945054945,-4.175824175824176,0.821917808219178,-5.99455451965332,-3.0318984985351562,-1.3259010314941406,81.98426818847656,-3.9632692337036133,13.417439460754395
023_brown,put the brown pouch on the tray,6,1,101,5.289,1788424137.135514,00005_front_put_the_brown_pouch_on_the_tray.png,00005_wrist_put_the_brown_pouch_on_the_tray.png,recap.png,50,14,142,143,-7.2967032967032965,-43.472527472527474,37.05494505494506,69.45054945054945,-4.175824175824176,0.821917808219178,-6.000789642333984,-1.9774398803710938,-1.3559150695800781,82.17393493652344,-4.010777473449707,14.541735649108887
023_brown,put the brown pouch on the tray,6,1,101,5.289,1788424137.135514,00005_front_put_the_brown_pouch_on_the_tray.png,00005_wrist_put_the_brown_pouch_on_the_tray.png,recap.png,50,15,143,144,-7.2967032967032965,-43.472527472527474,37.05494505494506,69.45054945054945,-4.175824175824176,0.821917808219178,-6.044591903686523,-1.3568801879882812,-1.7041053771972656,82.3474349975586,-3.892214775085449,15.36443042755127
023_brown,put the brown pouch on the tray,6,1,101,5.289,1788424137.135514,00005_front_put_the_brown_pouch_on_the_tray.png,00005_wrist_put_the_brown_pouch_on_the_tray.png,recap.png,50,16,144,145,-7.2967032967032965,-43.472527472527474,37.05494505494506,69.45054945054945,-4.175824175824176,0.821917808219178,-5.671821594238281,-1.1313018798828125,-1.9580764770507812,82.47671508789062,-3.946103096008301,15.953315734863281
023_brown,put the brown pouch on the tray,6,1,101,5.289,1788424137.135514,00005_front_put_the_brown_pouch_on_the_tray.png,00005_wrist_put_the_brown_pouch_on_the_tray.png,recap.png,50,17,145,146,-7.2967032967032965,-43.472527472527474,37.05494505494506,69.45054945054945,-4.175824175824176,0.821917808219178,-6.048852920532227,-0.21250152587890625,-2.120647430419922,83.09320068359375,-3.719898223876953,16.499998092651367
023_brown,put the brown pouch on the tray,6,1,101,5.289,1788424137.135514,00005_front_put_the_brown_pouch_on_the_tray.png,00005_wrist_put_the_brown_pouch_on_the_tray.png,recap.png,50,18,146,147,-7.2967032967032965,-43.472527472527474,37.05494505494506,69.45054945054945,-4.175824175824176,0.821917808219178,-5.774477005004883,-0.18315887451171875,-2.6949806213378906,82.97470092773438,-3.8099422454833984,17.689929962158203
023_brown,put the brown pouch on the tray,6,1,101,5.289,1788424137.135514,00005_front_put_the_brown_pouch_on_the_tray.png,00005_wrist_put_the_brown_pouch_on_the_tray.png,recap.png,50,19,147,148,-7.2967032967032965,-43.472527472527474,37.05494505494506,69.45054945054945,-4.175824175824176,0.821917808219178,-5.798149108886719,1.2021408081054688,-3.1117210388183594,83.21940612792969,-3.755263328552246,18.79564666748047
023_brown,put the brown pouch on the tray,6,1,101,5.289,1788424137.135514,00005_front_put_the_brown_pouch_on_the_tray.png,00005_wrist_put_the_brown_pouch_on_the_tray.png,recap.png,50,20,148,149,-7.2967032967032965,-43.472527472527474,37.05494505494506,69.45054945054945,-4.175824175824176,0.821917808219178,-5.827154159545898,2.1642608642578125,-3.3484268188476562,83.53758239746094,-3.5675792694091797,20.157438278198242
023_brown,put the brown pouch on the tray,6,1,101,5.289,1788424137.135514,00005_front_put_the_brown_pouch_on_the_tray.png,00005_wrist_put_the_brown_pouch_on_the_tray.png,recap.png,50,21,149,150,-7.2967032967032965,-43.472527472527474,37.05494505494506,69.45054945054945,-4.175824175824176,0.821917808219178,-6.145135879516602,2.1404571533203125,-4.117805480957031,83.89112854003906,-3.58754825592041,21.254356384277344
023_brown,put the brown pouch on the tray,6,1,101,5.289,1788424137.135514,00005_front_put_the_brown_pouch_on_the_tray.png,00005_wrist_put_the_brown_pouch_on_the_tray.png,recap.png,50,22,150,151,-7.2967032967032965,-43.472527472527474,37.05494505494506,69.45054945054945,-4.175824175824176,0.821917808219178,-6.127195358276367,2.986297607421875,-4.417751312255859,83.95046997070312,-3.3745670318603516,22.176725387573242
023_brown,put the brown pouch on the tray,7,1,127,6.292,1788424138.139383,00006_front_put_the_brown_pouch_on_the_tray.png,00006_wrist_put_the_brown_pouch_on_the_tray.png,recap.png,50,0,151,152,-5.0989010989010985,-19.296703296703296,16.747252747252748,72.96703296703296,-3.4725274725274726,1.095890410958904,-6.132730484008789,4.614227294921875,-10.411827087402344,83.13877868652344,-5.052178382873535,20.941423416137695
023_brown,put the brown pouch on the tray,7,1,127,6.292,1788424138.139383,00006_front_put_the_brown_pouch_on_the_tray.png,00006_wrist_put_the_brown_pouch_on_the_tray.png,recap.png,50,1,152,153,-5.0989010989010985,-19.296703296703296,16.747252747252748,72.96703296703296,-3.4725274725274726,1.095890410958904,-6.2401123046875,5.986930847167969,-11.162883758544922,83.7154541015625,-4.939452171325684,21.15012550354004
023_brown,put the brown pouch on the tray,7,1,127,6.292,1788424138.139383,00006_front_put_the_brown_pouch_on_the_tray.png,00006_wrist_put_the_brown_pouch_on_the_tray.png,recap.png,50,2,153,154,-5.0989010989010985,-19.296703296703296,16.747252747252748,72.96703296703296,-3.4725274725274726,1.095890410958904,-6.237331390380859,6.485221862792969,-11.96493148803711,83.86251831054688,-4.674448490142822,21.596418380737305
023_brown,put the brown pouch on the tray,7,1,127,6.292,1788424138.139383,00006_front_put_the_brown_pouch_on_the_tray.png,00006_wrist_put_the_brown_pouch_on_the_tray.png,recap.png,50,3,154,155,-5.0989010989010985,-19.296703296703296,16.747252747252748,72.96703296703296,-3.4725274725274726,1.095890410958904,-6.167659759521484,6.733299255371094,-12.32168960571289,83.97894287109375,-4.4654154777526855,21.732789993286133
023_brown,put the brown pouch on the tray,7,1,127,6.292,1788424138.139383,00006_front_put_the_brown_pouch_on_the_tray.png,00006_wrist_put_the_brown_pouch_on_the_tray.png,recap.png,50,4,155,156,-5.0989010989010985,-19.296703296703296,16.747252747252748,72.96703296703296,-3.4725274725274726,1.095890410958904,-6.134006500244141,8.063827514648438,-12.950584411621094,84.17898559570312,-4.276618003845215,22.16429901123047
023_brown,put the brown pouch on the tray,7,1,127,6.292,1788424138.139383,00006_front_put_the_brown_pouch_on_the_tray.png,00006_wrist_put_the_brown_pouch_on_the_tray.png,recap.png,50,5,156,157,-5.0989010989010985,-19.296703296703296,16.747252747252748,72.96703296703296,-3.4725274725274726,1.095890410958904,-6.316280364990234,8.835594177246094,-13.387569427490234,84.36009216308594,-4.169260025024414,22.612714767456055
023_brown,put the brown pouch on the tray,7,1,127,6.292,1788424138.139383,00006_front_put_the_brown_pouch_on_the_tray.png,00006_wrist_put_the_brown_pouch_on_the_tray.png,recap.png,50,6,157,158,-5.0989010989010985,-19.296703296703296,16.747252747252748,72.96703296703296,-3.4725274725274726,1.095890410958904,-6.295200347900391,9.211250305175781,-13.8609619140625,84.60897827148438,-4.028292655944824,23.090309143066406
023_brown,put the brown pouch on the tray,7,1,127,6.292,1788424138.139383,00006_front_put_the_brown_pouch_on_the_tray.png,00006_wrist_put_the_brown_pouch_on_the_tray.png,recap.png,50,7,158,159,-5.0989010989010985,-19.296703296703296,16.747252747252748,72.96703296703296,-3.4725274725274726,1.095890410958904,-6.21537971496582,9.885078430175781,-14.78350830078125,84.66497802734375,-3.838149070739746,23.35230827331543
023_brown,put the brown pouch on the tray,7,1,127,6.292,1788424138.139383,00006_front_put_the_brown_pouch_on_the_tray.png,00006_wrist_put_the_brown_pouch_on_the_tray.png,recap.png,50,8,159,160,-5.0989010989010985,-19.296703296703296,16.747252747252748,72.96703296703296,-3.4725274725274726,1.095890410958904,-6.168340682983398,10.703437805175781,-15.057899475097656,84.79582214355469,-3.6921329498291016,23.476329803466797
023_brown,put the brown pouch on the tray,7,1,127,6.292,1788424138.139383,00006_front_put_the_brown_pouch_on_the_tray.png,00006_wrist_put_the_brown_pouch_on_the_tray.png,recap.png,50,9,160,161,-5.0989010989010985,-19.296703296703296,16.747252747252748,72.96703296703296,-3.4725274725274726,1.095890410958904,-6.451484680175781,11.506996154785156,-15.781288146972656,84.90943908691406,-3.4903974533081055,23.33519172668457
023_brown,put the brown pouch on the tray,7,1,127,6.292,1788424138.139383,00006_front_put_the_brown_pouch_on_the_tray.png,00006_wrist_put_the_brown_pouch_on_the_tray.png,recap.png,50,10,161,162,-5.0989010989010985,-19.296703296703296,16.747252747252748,72.96703296703296,-3.4725274725274726,1.095890410958904,-6.374504089355469,12.655693054199219,-16.252544403076172,85.01608276367188,-3.2631607055664062,23.045482635498047
023_brown,put the brown pouch on the tray,7,1,127,6.292,1788424138.139383,00006_front_put_the_brown_pouch_on_the_tray.png,00006_wrist_put_the_brown_pouch_on_the_tray.png,recap.png,50,11,162,163,-5.0989010989010985,-19.296703296703296,16.747252747252748,72.96703296703296,-3.4725274725274726,1.095890410958904,-6.302143096923828,13.45648193359375,-16.46737289428711,84.94561004638672,-3.0837478637695312,23.261741638183594
023_brown,put the brown pouch on the tray,7,1,127,6.292,1788424138.139383,00006_front_put_the_brown_pouch_on_the_tray.png,00006_wrist_put_the_brown_pouch_on_the_tray.png,recap.png,50,12,163,164,-5.0989010989010985,-19.296703296703296,16.747252747252748,72.96703296703296,-3.4725274725274726,1.095890410958904,-6.211557388305664,14.267013549804688,-17.156131744384766,84.98947143554688,-2.9153213500976562,23.687973022460938
023_brown,put the brown pouch on the tray,7,1,127,6.292,1788424138.139383,00006_front_put_the_brown_pouch_on_the_tray.png,00006_wrist_put_the_brown_pouch_on_the_tray.png,recap.png,50,13,164,165,-5.0989010989010985,-19.296703296703296,16.747252747252748,72.96703296703296,-3.4725274725274726,1.095890410958904,-6.100286483764648,14.373771667480469,-17.454559326171875,85.0021743774414,-3.00540828704834,24.57529640197754
023_brown,put the brown pouch on the tray,7,1,127,6.292,1788424138.139383,00006_front_put_the_brown_pouch_on_the_tray.png,00006_wrist_put_the_brown_pouch_on_the_tray.png,recap.png,50,14,165,166,-5.0989010989010985,-19.296703296703296,16.747252747252748,72.96703296703296,-3.4725274725274726,1.095890410958904,-6.208547592163086,15.153160095214844,-17.9476318359375,85.0206298828125,-3.0580615997314453,26.12015151977539
023_brown,put the brown pouch on the tray,7,1,127,6.292,1788424138.139383,00006_front_put_the_brown_pouch_on_the_tray.png,00006_wrist_put_the_brown_pouch_on_the_tray.png,recap.png,50,15,166,167,-5.0989010989010985,-19.296703296703296,16.747252747252748,72.96703296703296,-3.4725274725274726,1.095890410958904,-5.961753845214844,16.205963134765625,-18.192386627197266,85.37482452392578,-3.0541305541992188,26.933378219604492
023_brown,put the brown pouch on the tray,7,1,127,6.292,1788424138.139383,00006_front_put_the_brown_pouch_on_the_tray.png,00006_wrist_put_the_brown_pouch_on_the_tray.png,recap.png,50,16,167,168,-5.0989010989010985,-19.296703296703296,16.747252747252748,72.96703296703296,-3.4725274725274726,1.095890410958904,-5.887550354003906,17.600723266601562,-19.166667938232422,85.44322204589844,-3.0130081176757812,28.049697875976562
023_brown,put the brown pouch on the tray,7,1,127,6.292,1788424138.139383,00006_front_put_the_brown_pouch_on_the_tray.png,00006_wrist_put_the_brown_pouch_on_the_tray.png,recap.png,50,17,168,169,-5.0989010989010985,-19.296703296703296,16.747252747252748,72.96703296703296,-3.4725274725274726,1.095890410958904,-6.073974609375,17.893531799316406,-19.558135986328125,85.65242767333984,-2.81893253326416,28.68769645690918
023_brown,put the brown pouch on the tray,7,1,127,6.292,1788424138.139383,00006_front_put_the_brown_pouch_on_the_tray.png,00006_wrist_put_the_brown_pouch_on_the_tray.png,recap.png,50,18,169,170,-5.0989010989010985,-19.296703296703296,16.747252747252748,72.96703296703296,-3.4725274725274726,1.095890410958904,-6.03887939453125,18.606887817382812,-20.39200210571289,85.82595825195312,-2.814737319946289,29.34942054748535
023_brown,put the brown pouch on the tray,7,1,127,6.292,1788424138.139383,00006_front_put_the_brown_pouch_on_the_tray.png,00006_wrist_put_the_brown_pouch_on_the_tray.png,recap.png,50,19,170,171,-5.0989010989010985,-19.296703296703296,16.747252747252748,72.96703296703296,-3.4725274725274726,1.095890410958904,-5.923551559448242,19.62415313720703,-20.5616455078125,85.90745544433594,-2.667172431945801,29.659269332885742
023_brown,put the brown pouch on the tray,7,1,127,6.292,1788424138.139383,00006_front_put_the_brown_pouch_on_the_tray.png,00006_wrist_put_the_brown_pouch_on_the_tray.png,recap.png,50,20,171,172,-5.0989010989010985,-19.296703296703296,16.747252747252748,72.96703296703296,-3.4725274725274726,1.095890410958904,-5.982503890991211,20.713226318359375,-21.282604217529297,86.08448028564453,-2.6081323623657227,29.688568115234375
023_brown,put the brown pouch on the tray,7,1,127,6.292,1788424138.139383,00006_front_put_the_brown_pouch_on_the_tray.png,00006_wrist_put_the_brown_pouch_on_the_tray.png,recap.png,50,21,172,173,-5.0989010989010985,-19.296703296703296,16.747252747252748,72.96703296703296,-3.4725274725274726,1.095890410958904,-5.998559951782227,21.534866333007812,-21.864089965820312,85.91972351074219,-2.5264663696289062,29.51849365234375
023_brown,put the brown pouch on the tray,7,1,127,6.292,1788424138.139383,00006_front_put_the_brown_pouch_on_the_tray.png,00006_wrist_put_the_brown_pouch_on_the_tray.png,recap.png,50,22,173,174,-5.0989010989010985,-19.296703296703296,16.747252747252748,72.96703296703296,-3.4725274725274726,1.095890410958904,-6.00007438659668,21.813690185546875,-22.251888275146484,86.02376556396484,-2.365222930908203,29.588241577148438
023_brown,put the brown pouch on the tray,7,1,127,6.292,1788424138.139383,00006_front_put_the_brown_pouch_on_the_tray.png,00006_wrist_put_the_brown_pouch_on_the_tray.png,recap.png,50,23,174,175,-5.0989010989010985,-19.296703296703296,16.747252747252748,72.96703296703296,-3.4725274725274726,1.095890410958904,-5.904151916503906,22.67395782470703,-22.470008850097656,86.00733947753906,-2.2192907333374023,29.75611114501953
023_brown,put the brown pouch on the tray,7,1,127,6.292,1788424138.139383,00006_front_put_the_brown_pouch_on_the_tray.png,00006_wrist_put_the_brown_pouch_on_the_tray.png,recap.png,50,24,175,176,-5.0989010989010985,-19.296703296703296,16.747252747252748,72.96703296703296,-3.4725274725274726,1.095890410958904,-6.007040023803711,24.362091064453125,-23.257556915283203,86.07731628417969,-2.18648624420166,29.932010650634766
023_brown,put the brown pouch on the tray,7,1,127,6.292,1788424138.139383,00006_front_put_the_brown_pouch_on_the_tray.png,00006_wrist_put_the_brown_pouch_on_the_tray.png,recap.png,50,25,176,177,-5.0989010989010985,-19.296703296703296,16.747252747252748,72.96703296703296,-3.4725274725274726,1.095890410958904,-6.152168273925781,24.61457061767578,-23.36382293701172,86.33660888671875,-2.1731863021850586,30.06726837158203
023_brown,put the brown pouch on the tray,8,1,150,7.127,1788424138.9746947,00007_front_put_the_brown_pouch_on_the_tray.png,00007_wrist_put_the_brown_pouch_on_the_tray.png,recap.png,50,0,177,178,-6.153846153846154,1.978021978021978,-1.010989010989011,83.16483516483517,-4.0,18.561643835616437,-6.406164169311523,21.149147033691406,-22.41147232055664,87.67684936523438,-2.918668746948242,27.10097312927246
023_brown,put the brown pouch on the tray,8,1,150,7.127,1788424138.9746947,00007_front_put_the_brown_pouch_on_the_tray.png,00007_wrist_put_the_brown_pouch_on_the_tray.png,recap.png,50,1,178,179,-6.153846153846154,1.978021978021978,-1.010989010989011,83.16483516483517,-4.0,18.561643835616437,-6.286388397216797,21.758338928222656,-22.920513153076172,87.58319854736328,-2.789412498474121,27.156009674072266
023_brown,put the brown pouch on the tray,8,1,150,7.127,1788424138.9746947,00007_front_put_the_brown_pouch_on_the_tray.png,00007_wrist_put_the_brown_pouch_on_the_tray.png,recap.png,50,2,179,180,-6.153846153846154,1.978021978021978,-1.010989010989011,83.16483516483517,-4.0,18.561643835616437,-6.3746185302734375,22.288543701171875,-22.616737365722656,87.2684097290039,-2.815572738647461,27.103233337402344
023_brown,put the brown pouch on the tray,8,1,150,7.127,1788424138.9746947,00007_front_put_the_brown_pouch_on_the_tray.png,00007_wrist_put_the_brown_pouch_on_the_tray.png,recap.png,50,3,180,181,-6.153846153846154,1.978021978021978,-1.010989010989011,83.16483516483517,-4.0,18.561643835616437,-6.569095611572266,22.405433654785156,-22.746639251708984,87.30644989013672,-2.5294418334960938,27.187191009521484
023_brown,put the brown pouch on the tray,8,1,150,7.127,1788424138.9746947,00007_front_put_the_brown_pouch_on_the_tray.png,00007_wrist_put_the_brown_pouch_on_the_tray.png,recap.png,50,4,181,182,-6.153846153846154,1.978021978021978,-1.010989010989011,83.16483516483517,-4.0,18.561643835616437,-6.58929443359375,23.1142578125,-22.769084930419922,87.07077026367188,-2.3715219497680664,27.3483829498291
023_brown,put the brown pouch on the tray,8,1,150,7.127,1788424138.9746947,00007_front_put_the_brown_pouch_on_the_tray.png,00007_wrist_put_the_brown_pouch_on_the_tray.png,recap.png,50,5,182,183,-6.153846153846154,1.978021978021978,-1.010989010989011,83.16483516483517,-4.0,18.561643835616437,-6.6501922607421875,23.57128143310547,-23.033042907714844,87.08515167236328,-2.25848388671875,27.500764846801758
023_brown,put the brown pouch on the tray,8,1,150,7.127,1788424138.9746947,00007_front_put_the_brown_pouch_on_the_tray.png,00007_wrist_put_the_brown_pouch_on_the_tray.png,recap.png,50,6,183,184,-6.153846153846154,1.978021978021978,-1.010989010989011,83.16483516483517,-4.0,18.561643835616437,-6.772050857543945,24.17828369140625,-23.179996490478516,87.07029724121094,-2.169438362121582,27.802715301513672
023_brown,put the brown pouch on the tray,8,1,150,7.127,1788424138.9746947,00007_front_put_the_brown_pouch_on_the_tray.png,00007_wrist_put_the_brown_pouch_on_the_tray.png,recap.png,50,7,184,185,-6.153846153846154,1.978021978021978,-1.010989010989011,83.16483516483517,-4.0,18.561643835616437,-6.866798400878906,24.679283142089844,-23.311912536621094,87.04918670654297,-2.1048059463500977,28.243083953857422
023_brown,put the brown pouch on the tray,8,1,150,7.127,1788424138.9746947,00007_front_put_the_brown_pouch_on_the_tray.png,00007_wrist_put_the_brown_pouch_on_the_tray.png,recap.png,50,8,185,186,-6.153846153846154,1.978021978021978,-1.010989010989011,83.16483516483517,-4.0,18.561643835616437,-7.064144134521484,25.34746551513672,-24.13388442993164,87.16854858398438,-1.949406623840332,28.936668395996094
023_brown,put the brown pouch on the tray,8,1,150,7.127,1788424138.9746947,00007_front_put_the_brown_pouch_on_the_tray.png,00007_wrist_put_the_brown_pouch_on_the_tray.png,recap.png,50,9,186,187,-6.153846153846154,1.978021978021978,-1.010989010989011,83.16483516483517,-4.0,18.561643835616437,-6.9830322265625,25.79364776611328,-24.317338943481445,87.20223999023438,-1.8532209396362305,29.764833450317383
023_brown,put the brown pouch on the tray,8,1,150,7.127,1788424138.9746947,00007_front_put_the_brown_pouch_on_the_tray.png,00007_wrist_put_the_brown_pouch_on_the_tray.png,recap.png,50,10,187,188,-6.153846153846154,1.978021978021978,-1.010989010989011,83.16483516483517,-4.0,18.561643835616437,-7.038053512573242,26.601295471191406,-24.96063804626465,87.269287109375,-1.7874889373779297,30.393238067626953
023_brown,put the brown pouch on the tray,8,1,150,7.127,1788424138.9746947,00007_front_put_the_brown_pouch_on_the_tray.png,00007_wrist_put_the_brown_pouch_on_the_tray.png,recap.png,50,11,188,189,-6.153846153846154,1.978021978021978,-1.010989010989011,83.16483516483517,-4.0,18.561643835616437,-7.201454162597656,27.00025177001953,-25.4149112701416,87.33583068847656,-1.827275276184082,31.048973083496094
023_brown,put the brown pouch on the tray,8,1,150,7.127,1788424138.9746947,00007_front_put_the_brown_pouch_on_the_tray.png,00007_wrist_put_the_brown_pouch_on_the_tray.png,recap.png,50,12,189,190,-6.153846153846154,1.978021978021978,-1.010989010989011,83.16483516483517,-4.0,18.561643835616437,-7.186855316162109,27.215065002441406,-25.59284019470215,87.34233093261719,-1.8852672576904297,31.51380157470703
023_brown,put the brown pouch on the tray,8,1,150,7.127,1788424138.9746947,00007_front_put_the_brown_pouch_on_the_tray.png,00007_wrist_put_the_brown_pouch_on_the_tray.png,recap.png,50,13,190,191,-6.153846153846154,1.978021978021978,-1.010989010989011,83.16483516483517,-4.0,18.561643835616437,-7.36895751953125,28.043556213378906,-26.259796142578125,87.31271362304688,-1.7724647521972656,31.602510452270508
023_brown,put the brown pouch on the tray,8,1,150,7.127,1788424138.9746947,00007_front_put_the_brown_pouch_on_the_tray.png,00007_wrist_put_the_brown_pouch_on_the_tray.png,recap.png,50,14,191,192,-6.153846153846154,1.978021978021978,-1.010989010989011,83.16483516483517,-4.0,18.561643835616437,-7.355751037597656,28.59357452392578,-26.40639305114746,87.54357147216797,-1.8350858688354492,31.87179183959961
023_brown,put the brown pouch on the tray,8,1,150,7.127,1788424138.9746947,00007_front_put_the_brown_pouch_on_the_tray.png,00007_wrist_put_the_brown_pouch_on_the_tray.png,recap.png,50,15,192,193,-6.153846153846154,1.978021978021978,-1.010989010989011,83.16483516483517,-4.0,18.561643835616437,-7.4949493408203125,29.45551300048828,-26.791210174560547,87.51458740234375,-1.7415685653686523,31.7308349609375
023_brown,put the brown pouch on the tray,8,1,150,7.127,1788424138.9746947,00007_front_put_the_brown_pouch_on_the_tray.png,00007_wrist_put_the_brown_pouch_on_the_tray.png,recap.png,50,16,193,194,-6.153846153846154,1.978021978021978,-1.010989010989011,83.16483516483517,-4.0,18.561643835616437,-7.688846588134766,29.75688934326172,-26.991241455078125,87.5918197631836,-1.7146892547607422,31.816814422607422
023_brown,put the brown pouch on the tray,8,1,150,7.127,1788424138.9746947,00007_front_put_the_brown_pouch_on_the_tray.png,00007_wrist_put_the_brown_pouch_on_the_tray.png,recap.png,50,17,194,195,-6.153846153846154,1.978021978021978,-1.010989010989011,83.16483516483517,-4.0,18.561643835616437,-7.882678985595703,30.25847625732422,-27.095821380615234,87.60151672363281,-1.7836236953735352,31.98847007751465
023_brown,put the brown pouch on the tray,8,1,150,7.127,1788424138.9746947,00007_front_put_the_brown_pouch_on_the_tray.png,00007_wrist_put_the_brown_pouch_on_the_tray.png,recap.png,50,18,195,196,-6.153846153846154,1.978021978021978,-1.010989010989011,83.16483516483517,-4.0,18.561643835616437,-8.02914810180664,30.93610382080078,-27.693418502807617,87.73027038574219,-1.7446556091308594,32.12175369262695
023_brown,put the brown pouch on the tray,8,1,150,7.127,1788424138.9746947,00007_front_put_the_brown_pouch_on_the_tray.png,00007_wrist_put_the_brown_pouch_on_the_tray.png,recap.png,50,19,196,197,-6.153846153846154,1.978021978021978,-1.010989010989011,83.16483516483517,-4.0,18.561643835616437,-8.316278457641602,31.351097106933594,-27.735876083374023,87.71685791015625,-1.6956157684326172,31.953426361083984
023_brown,put the brown pouch on the tray,8,1,150,7.127,1788424138.9746947,00007_front_put_the_brown_pouch_on_the_tray.png,00007_wrist_put_the_brown_pouch_on_the_tray.png,recap.png,50,20,197,198,-6.153846153846154,1.978021978021978,-1.010989010989011,83.16483516483517,-4.0,18.561643835616437,-8.334508895874023,32.003822326660156,-28.137998580932617,87.87913513183594,-1.8215141296386719,32.11115264892578
023_brown,put the brown pouch on the tray,8,1,150,7.127,1788424138.9746947,00007_front_put_the_brown_pouch_on_the_tray.png,00007_wrist_put_the_brown_pouch_on_the_tray.png,recap.png,50,21,198,199,-6.153846153846154,1.978021978021978,-1.010989010989011,83.16483516483517,-4.0,18.561643835616437,-8.399213790893555,33.02696990966797,-28.27760887145996,87.94841003417969,-1.8222761154174805,32.110565185546875
023_brown,put the brown pouch on the tray,8,1,150,7.127,1788424138.9746947,00007_front_put_the_brown_pouch_on_the_tray.png,00007_wrist_put_the_brown_pouch_on_the_tray.png,recap.png,50,22,199,200,-6.153846153846154,1.978021978021978,-1.010989010989011,83.16483516483517,-4.0,18.561643835616437,-8.495681762695312,34.11206817626953,-28.860122680664062,87.86659240722656,-1.752518653869629,32.06262969970703
023_brown,put the brown pouch on the tray,9,1,176,8.197,1788424140.0457406,00008_front_put_the_brown_pouch_on_the_tray.png,00008_wrist_put_the_brown_pouch_on_the_tray.png,recap.png,50,0,200,201,-6.241758241758242,23.164835164835164,-19.736263736263737,85.71428571428571,-2.769230769230769,29.383561643835616,-6.95753288269043,43.22772979736328,-41.97370910644531,89.98097229003906,-1.0267505645751953,32.352317810058594
023_brown,put the brown pouch on the tray,9,1,176,8.197,1788424140.0457406,00008_front_put_the_brown_pouch_on_the_tray.png,00008_wrist_put_the_brown_pouch_on_the_tray.png,recap.png,50,1,201,202,-6.241758241758242,23.164835164835164,-19.736263736263737,85.71428571428571,-2.769230769230769,29.383561643835616,-6.837268829345703,44.45983123779297,-43.033817291259766,89.99588775634766,-1.0712041854858398,32.32209777832031
023_brown,put the brown pouch on the tray,9,1,176,8.197,1788424140.0457406,00008_front_put_the_brown_pouch_on_the_tray.png,00008_wrist_put_the_brown_pouch_on_the_tray.png,recap.png,50,2,202,203,-6.241758241758242,23.164835164835164,-19.736263736263737,85.71428571428571,-2.769230769230769,29.383561643835616,-6.794391632080078,44.676246643066406,-43.026554107666016,90.1473617553711,-0.895350456237793,32.300010681152344
023_brown,put the brown pouch on the tray,9,1,176,8.197,1788424140.0457406,00008_front_put_the_brown_pouch_on_the_tray.png,00008_wrist_put_the_brown_pouch_on_the_tray.png,recap.png,50,3,203,204,-6.241758241758242,23.164835164835164,-19.736263736263737,85.71428571428571,-2.769230769230769,29.383561643835616,-7.139364242553711,44.85108184814453,-43.37728500366211,90.48993682861328,-0.7910871505737305,32.300262451171875
023_brown,put the brown pouch on the tray,9,1,176,8.197,1788424140.0457406,00008_front_put_the_brown_pouch_on_the_tray.png,00008_wrist_put_the_brown_pouch_on_the_tray.png,recap.png,50,4,204,205,-6.241758241758242,23.164835164835164,-19.736263736263737,85.71428571428571,-2.769230769230769,29.383561643835616,-7.032859802246094,45.901451110839844,-44.15087127685547,90.53477478027344,-0.8681488037109375,32.33772659301758
023_brown,put the brown pouch on the tray,9,1,176,8.197,1788424140.0457406,00008_front_put_the_brown_pouch_on_the_tray.png,00008_wrist_put_the_brown_pouch_on_the_tray.png,recap.png,50,5,205,206,-6.241758241758242,23.164835164835164,-19.736263736263737,85.71428571428571,-2.769230769230769,29.383561643835616,-7.006114959716797,46.486228942871094,-44.8514289855957,90.5028305053711,-1.0047645568847656,32.2218017578125
023_brown,put the brown pouch on the tray,9,1,176,8.197,1788424140.0457406,00008_front_put_the_brown_pouch_on_the_tray.png,00008_wrist_put_the_brown_pouch_on_the_tray.png,recap.png,50,6,206,207,-6.241758241758242,23.164835164835164,-19.736263736263737,85.71428571428571,-2.769230769230769,29.383561643835616,-6.767580032348633,47.46807098388672,-45.31230163574219,90.76739501953125,-0.8934774398803711,32.37887954711914
023_brown,put the brown pouch on the tray,9,1,176,8.197,1788424140.0457406,00008_front_put_the_brown_pouch_on_the_tray.png,00008_wrist_put_the_brown_pouch_on_the_tray.png,recap.png,50,7,207,208,-6.241758241758242,23.164835164835164,-19.736263736263737,85.71428571428571,-2.769230769230769,29.383561643835616,-6.963155746459961,48.043739318847656,-45.660640716552734,90.73689270019531,-0.8299560546875,32.30854415893555
023_brown,put the brown pouch on the tray,9,1,176,8.197,1788424140.0457406,00008_front_put_the_brown_pouch_on_the_tray.png,00008_wrist_put_the_brown_pouch_on_the_tray.png,recap.png,50,8,208,209,-6.241758241758242,23.164835164835164,-19.736263736263737,85.71428571428571,-2.769230769230769,29.383561643835616,-6.928775787353516,47.793251037597656,-45.596519470214844,90.65398406982422,-0.7666873931884766,32.086734771728516
023_brown,put the brown pouch on the tray,9,1,176,8.197,1788424140.0457406,00008_front_put_the_brown_pouch_on_the_tray.png,00008_wrist_put_the_brown_pouch_on_the_tray.png,recap.png,50,9,209,210,-6.241758241758242,23.164835164835164,-19.736263736263737,85.71428571428571,-2.769230769230769,29.383561643835616,-6.86064338684082,48.81916046142578,-45.63819122314453,90.77605438232422,-0.7138519287109375,31.50896453857422
023_brown,put the brown pouch on the tray,9,1,176,8.197,1788424140.0457406,00008_front_put_the_brown_pouch_on_the_tray.png,00008_wrist_put_the_brown_pouch_on_the_tray.png,recap.png,50,10,210,211,-6.241758241758242,23.164835164835164,-19.736263736263737,85.71428571428571,-2.769230769230769,29.383561643835616,-6.856515884399414,48.54875946044922,-46.51401901245117,91.03657531738281,-0.6491422653198242,30.508277893066406
023_brown,put the brown pouch on the tray,9,1,176,8.197,1788424140.0457406,00008_front_put_the_brown_pouch_on_the_tray.png,00008_wrist_put_the_brown_pouch_on_the_tray.png,recap.png,50,11,211,212,-6.241758241758242,23.164835164835164,-19.736263736263737,85.71428571428571,-2.769230769230769,29.383561643835616,-6.727832794189453,49.281394958496094,-45.21089172363281,91.14551544189453,-0.6524953842163086,28.51816177368164
023_brown,put the brown pouch on the tray,9,1,176,8.197,1788424140.0457406,00008_front_put_the_brown_pouch_on_the_tray.png,00008_wrist_put_the_brown_pouch_on_the_tray.png,recap.png,50,12,212,213,-6.241758241758242,23.164835164835164,-19.736263736263737,85.71428571428571,-2.769230769230769,29.383561643835616,-6.395904541015625,49.601280212402344,-45.65159225463867,91.11260986328125,-0.7093715667724609,26.3165225982666
023_brown,put the brown pouch on the tray,9,1,176,8.197,1788424140.0457406,00008_front_put_the_brown_pouch_on_the_tray.png,00008_wrist_put_the_brown_pouch_on_the_tray.png,recap.png,50,13,213,214,-6.241758241758242,23.164835164835164,-19.736263736263737,85.71428571428571,-2.769230769230769,29.383561643835616,-6.419712066650391,49.84593963623047,-46.0129280090332,91.19438171386719,-0.5641088485717773,23.631755828857422
023_brown,put the brown pouch on the tray,9,1,176,8.197,1788424140.0457406,00008_front_put_the_brown_pouch_on_the_tray.png,00008_wrist_put_the_brown_pouch_on_the_tray.png,recap.png,50,14,214,215,-6.241758241758242,23.164835164835164,-19.736263736263737,85.71428571428571,-2.769230769230769,29.383561643835616,-6.463464736938477,50.13463592529297,-45.85945129394531,91.35406494140625,-0.5803070068359375,21.00529670715332
023_brown,put the brown pouch on the tray,9,1,176,8.197,1788424140.0457406,00008_front_put_the_brown_pouch_on_the_tray.png,00008_wrist_put_the_brown_pouch_on_the_tray.png,recap.png,50,15,215,216,-6.241758241758242,23.164835164835164,-19.736263736263737,85.71428571428571,-2.769230769230769,29.383561643835616,-6.369941711425781,51.026878356933594,-46.05384826660156,91.1078109741211,-0.44266319274902344,18.396085739135742
023_brown,put the brown pouch on the tray,9,1,176,8.197,1788424140.0457406,00008_front_put_the_brown_pouch_on_the_tray.png,00008_wrist_put_the_brown_pouch_on_the_tray.png,recap.png,50,16,216,217,-6.241758241758242,23.164835164835164,-19.736263736263737,85.71428571428571,-2.769230769230769,29.383561643835616,-6.377813339233398,50.22907257080078,-45.89045715332031,91.12996673583984,-0.3966798782348633,15.886825561523438
023_brown,put the brown pouch on the tray,9,1,176,8.197,1788424140.0457406,00008_front_put_the_brown_pouch_on_the_tray.png,00008_wrist_put_the_brown_pouch_on_the_tray.png,recap.png,50,17,217,218,-6.241758241758242,23.164835164835164,-19.736263736263737,85.71428571428571,-2.769230769230769,29.383561643835616,-6.304048538208008,50.633995056152344,-46.136268615722656,91.14935302734375,-0.3164634704589844,13.897664070129395
023_brown,put the brown pouch on the tray,9,1,176,8.197,1788424140.0457406,00008_front_put_the_brown_pouch_on_the_tray.png,00008_wrist_put_the_brown_pouch_on_the_tray.png,recap.png,50,18,218,219,-6.241758241758242,23.164835164835164,-19.736263736263737,85.71428571428571,-2.769230769230769,29.383561643835616,-6.183160781860352,50.75641632080078,-46.115657806396484,91.00398254394531,-0.21172237396240234,12.077281951904297
023_brown,put the brown pouch on the tray,9,1,176,8.197,1788424140.0457406,00008_front_put_the_brown_pouch_on_the_tray.png,00008_wrist_put_the_brown_pouch_on_the_tray.png,recap.png,50,19,219,220,-6.241758241758242,23.164835164835164,-19.736263736263737,85.71428571428571,-2.769230769230769,29.383561643835616,-6.09259033203125,50.112327575683594,-46.23108673095703,91.00242614746094,-0.2152423858642578,10.653794288635254
023_brown,put the brown pouch on the tray,9,1,176,8.197,1788424140.0457406,00008_front_put_the_brown_pouch_on_the_tray.png,00008_wrist_put_the_brown_pouch_on_the_tray.png,recap.png,50,20,220,221,-6.241758241758242,23.164835164835164,-19.736263736263737,85.71428571428571,-2.769230769230769,29.383561643835616,-6.14543342590332,50.65338897705078,-46.07499694824219,91.23898315429688,-0.29290199279785156,9.383854866027832
023_brown,put the brown pouch on the tray,9,1,176,8.197,1788424140.0457406,00008_front_put_the_brown_pouch_on_the_tray.png,00008_wrist_put_the_brown_pouch_on_the_tray.png,recap.png,50,21,221,222,-6.241758241758242,23.164835164835164,-19.736263736263737,85.71428571428571,-2.769230769230769,29.383561643835616,-6.210411071777344,50.49596405029297,-46.16987991333008,91.15367889404297,-0.35748958587646484,8.303984642028809
023_brown,put the brown pouch on the tray,9,1,176,8.197,1788424140.0457406,00008_front_put_the_brown_pouch_on_the_tray.png,00008_wrist_put_the_brown_pouch_on_the_tray.png,recap.png,50,22,222,223,-6.241758241758242,23.164835164835164,-19.736263736263737,85.71428571428571,-2.769230769230769,29.383561643835616,-6.100984573364258,50.50756072998047,-46.52191162109375,91.19388580322266,-0.24343490600585938,7.355489730834961
023_brown,put the brown pouch on the tray,9,1,176,8.197,1788424140.0457406,00008_front_put_the_brown_pouch_on_the_tray.png,00008_wrist_put_the_brown_pouch_on_the_tray.png,recap.png,50,23,223,224,-6.241758241758242,23.164835164835164,-19.736263736263737,85.71428571428571,-2.769230769230769,29.383561643835616,-6.291328430175781,50.46056365966797,-46.768959045410156,91.09593200683594,-0.19370174407958984,6.530959606170654
023_brown,put the brown pouch on the tray,9,1,176,8.197,1788424140.0457406,00008_front_put_the_brown_pouch_on_the_tray.png,00008_wrist_put_the_brown_pouch_on_the_tray.png,recap.png,50,24,224,225,-6.241758241758242,23.164835164835164,-19.736263736263737,85.71428571428571,-2.769230769230769,29.383561643835616,-6.296791076660156,50.345970153808594,-47.364837646484375,91.22573852539062,-0.06911659240722656,5.807600975036621
023_brown,put the brown pouch on the tray,9,1,176,8.197,1788424140.0457406,00008_front_put_the_brown_pouch_on_the_tray.png,00008_wrist_put_the_brown_pouch_on_the_tray.png,recap.png,50,25,225,226,-6.241758241758242,23.164835164835164,-19.736263736263737,85.71428571428571,-2.769230769230769,29.383561643835616,-6.365781784057617,50.60222625732422,-47.2318229675293,91.5002670288086,-0.08690357208251953,5.226460933685303
023_brown,put the brown pouch on the tray,10,1,199,9.0,1788424140.8473663,00009_front_put_the_brown_pouch_on_the_tray.png,00009_wrist_put_the_brown_pouch_on_the_tray.png,recap.png,50,0,226,227,-7.472527472527473,32.21978021978022,-26.153846153846153,87.2967032967033,-2.32967032967033,31.780821917808222,-6.746452331542969,46.592689514160156,-43.11559295654297,90.40121459960938,-1.1848926544189453,23.34282684326172
023_brown,put the brown pouch on the tray,10,1,199,9.0,1788424140.8473663,00009_front_put_the_brown_pouch_on_the_tray.png,00009_wrist_put_the_brown_pouch_on_the_tray.png,recap.png,50,1,227,228,-7.472527472527473,32.21978021978022,-26.153846153846153,87.2967032967033,-2.32967032967033,31.780821917808222,-6.898931503295898,46.73035430908203,-44.08843231201172,90.08058166503906,-0.9718246459960938,18.985532760620117
023_brown,put the brown pouch on the tray,10,1,199,9.0,1788424140.8473663,00009_front_put_the_brown_pouch_on_the_tray.png,00009_wrist_put_the_brown_pouch_on_the_tray.png,recap.png,50,2,228,229,-7.472527472527473,32.21978021978022,-26.153846153846153,87.2967032967033,-2.32967032967033,31.780821917808222,-6.636510848999023,46.740699768066406,-43.53197479248047,89.58924865722656,-0.9914741516113281,14.898110389709473
023_brown,put the brown pouch on the tray,10,1,199,9.0,1788424140.8473663,00009_front_put_the_brown_pouch_on_the_tray.png,00009_wrist_put_the_brown_pouch_on_the_tray.png,recap.png,50,3,229,230,-7.472527472527473,32.21978021978022,-26.153846153846153,87.2967032967033,-2.32967032967033,31.780821917808222,-6.53498649597168,45.995521545410156,-43.37051773071289,89.67710876464844,-0.87579345703125,11.604902267456055
023_brown,put the brown pouch on the tray,10,1,199,9.0,1788424140.8473663,00009_front_put_the_brown_pouch_on_the_tray.png,00009_wrist_put_the_brown_pouch_on_the_tray.png,recap.png,50,4,230,231,-7.472527472527473,32.21978021978022,-26.153846153846153,87.2967032967033,-2.32967032967033,31.780821917808222,-6.4462127685546875,47.301673889160156,-43.796485900878906,89.50045776367188,-1.0380687713623047,9.065753936767578
023_brown,put the brown pouch on the tray,10,1,199,9.0,1788424140.8473663,00009_front_put_the_brown_pouch_on_the_tray.png,00009_wrist_put_the_brown_pouch_on_the_tray.png,recap.png,50,5,231,232,-7.472527472527473,32.21978021978022,-26.153846153846153,87.2967032967033,-2.32967032967033,31.780821917808222,-6.611301422119141,46.630577087402344,-44.127647399902344,89.79815673828125,-0.9600009918212891,7.5135345458984375
023_brown,put the brown pouch on the tray,10,1,199,9.0,1788424140.8473663,00009_front_put_the_brown_pouch_on_the_tray.png,00009_wrist_put_the_brown_pouch_on_the_tray.png,recap.png,50,6,232,233,-7.472527472527473,32.21978021978022,-26.153846153846153,87.2967032967033,-2.32967032967033,31.780821917808222,-6.442049026489258,46.47400665283203,-44.028499603271484,90.14564514160156,-0.9918737411499023,6.776333808898926
023_brown,put the brown pouch on the tray,10,1,199,9.0,1788424140.8473663,00009_front_put_the_brown_pouch_on_the_tray.png,00009_wrist_put_the_brown_pouch_on_the_tray.png,recap.png,50,7,233,234,-7.472527472527473,32.21978021978022,-26.153846153846153,87.2967032967033,-2.32967032967033,31.780821917808222,-6.682676315307617,46.059288024902344,-45.354576110839844,90.239990234375,-0.8840856552124023,6.372893810272217
023_brown,put the brown pouch on the tray,10,1,199,9.0,1788424140.8473663,00009_front_put_the_brown_pouch_on_the_tray.png,00009_wrist_put_the_brown_pouch_on_the_tray.png,recap.png,50,8,234,235,-7.472527472527473,32.21978021978022,-26.153846153846153,87.2967032967033,-2.32967032967033,31.780821917808222,-6.836603164672852,45.494773864746094,-45.35580062866211,91.02758026123047,-0.8960800170898438,6.136099815368652
023_brown,put the brown pouch on the tray,10,1,199,9.0,1788424140.8473663,00009_front_put_the_brown_pouch_on_the_tray.png,00009_wrist_put_the_brown_pouch_on_the_tray.png,recap.png,50,9,235,236,-7.472527472527473,32.21978021978022,-26.153846153846153,87.2967032967033,-2.32967032967033,31.780821917808222,-6.723117828369141,45.939659118652344,-46.11630630493164,91.67630004882812,-1.0126142501831055,6.046082973480225
023_brown,put the brown pouch on the tray,10,1,199,9.0,1788424140.8473663,00009_front_put_the_brown_pouch_on_the_tray.png,00009_wrist_put_the_brown_pouch_on_the_tray.png,recap.png,50,10,236,237,-7.472527472527473,32.21978021978022,-26.153846153846153,87.2967032967033,-2.32967032967033,31.780821917808222,-6.573722839355469,45.702125549316406,-46.838706970214844,92.2940673828125,-1.1157054901123047,5.7190375328063965
023_brown,put the brown pouch on the tray,10,1,199,9.0,1788424140.8473663,00009_front_put_the_brown_pouch_on_the_tray.png,00009_wrist_put_the_brown_pouch_on_the_tray.png,recap.png,50,11,237,238,-7.472527472527473,32.21978021978022,-26.153846153846153,87.2967032967033,-2.32967032967033,31.780821917808222,-6.828601837158203,45.265724182128906,-47.77013397216797,93.2968521118164,-0.9728851318359375,5.717653274536133
023_brown,put the brown pouch on the tray,10,1,199,9.0,1788424140.8473663,00009_front_put_the_brown_pouch_on_the_tray.png,00009_wrist_put_the_brown_pouch_on_the_tray.png,recap.png,50,12,238,239,-7.472527472527473,32.21978021978022,-26.153846153846153,87.2967032967033,-2.32967032967033,31.780821917808222,-7.209648132324219,45.709510803222656,-49.0527229309082,94.11576843261719,-1.045323371887207,5.540370941162109
023_brown,put the brown pouch on the tray,10,1,199,9.0,1788424140.8473663,00009_front_put_the_brown_pouch_on_the_tray.png,00009_wrist_put_the_brown_pouch_on_the_tray.png,recap.png,50,13,239,240,-7.472527472527473,32.21978021978022,-26.153846153846153,87.2967032967033,-2.32967032967033,31.780821917808222,-6.995281219482422,45.93286895751953,-50.61550521850586,94.89598083496094,-1.029083251953125,5.405726432800293
023_brown,put the brown pouch on the tray,10,1,199,9.0,1788424140.8473663,00009_front_put_the_brown_pouch_on_the_tray.png,00009_wrist_put_the_brown_pouch_on_the_tray.png,recap.png,50,14,240,241,-7.472527472527473,32.21978021978022,-26.153846153846153,87.2967032967033,-2.32967032967033,31.780821917808222,-6.813102722167969,45.683250427246094,-51.2496452331543,95.76223754882812,-1.1092033386230469,5.535038948059082
023_brown,put the brown pouch on the tray,10,1,199,9.0,1788424140.8473663,00009_front_put_the_brown_pouch_on_the_tray.png,00009_wrist_put_the_brown_pouch_on_the_tray.png,recap.png,50,15,241,242,-7.472527472527473,32.21978021978022,-26.153846153846153,87.2967032967033,-2.32967032967033,31.780821917808222,-7.077692031860352,46.03728485107422,-52.77053451538086,96.52810668945312,-1.057694435119629,5.7028069496154785
023_brown,put the brown pouch on the tray,10,1,199,9.0,1788424140.8473663,00009_front_put_the_brown_pouch_on_the_tray.png,00009_wrist_put_the_brown_pouch_on_the_tray.png,recap.png,50,16,242,243,-7.472527472527473,32.21978021978022,-26.153846153846153,87.2967032967033,-2.32967032967033,31.780821917808222,-7.091951370239258,44.823829650878906,-53.29697799682617,97.22198486328125,-1.0776033401489258,5.7405853271484375
023_brown,put the brown pouch on the tray,10,1,199,9.0,1788424140.8473663,00009_front_put_the_brown_pouch_on_the_tray.png,00009_wrist_put_the_brown_pouch_on_the_tray.png,recap.png,50,17,243,244,-7.472527472527473,32.21978021978022,-26.153846153846153,87.2967032967033,-2.32967032967033,31.780821917808222,-6.946876525878906,45.406578063964844,-54.44091033935547,97.90634155273438,-1.1076412200927734,5.882562637329102
023_brown,put the brown pouch on the tray,10,1,199,9.0,1788424140.8473663,00009_front_put_the_brown_pouch_on_the_tray.png,00009_wrist_put_the_brown_pouch_on_the_tray.png,recap.png,50,18,244,245,-7.472527472527473,32.21978021978022,-26.153846153846153,87.2967032967033,-2.32967032967033,31.780821917808222,-6.964424133300781,45.49059295654297,-55.475894927978516,98.63239288330078,-1.1876239776611328,5.969221115112305
023_brown,put the brown pouch on the tray,10,1,199,9.0,1788424140.8473663,00009_front_put_the_brown_pouch_on_the_tray.png,00009_wrist_put_the_brown_pouch_on_the_tray.png,recap.png,50,19,245,246,-7.472527472527473,32.21978021978022,-26.153846153846153,87.2967032967033,-2.32967032967033,31.780821917808222,-7.05731201171875,44.81305694580078,-55.944854736328125,99.17494201660156,-1.1997261047363281,5.80186653137207
023_brown,put the brown pouch on the tray,10,1,199,9.0,1788424140.8473663,00009_front_put_the_brown_pouch_on_the_tray.png,00009_wrist_put_the_brown_pouch_on_the_tray.png,recap.png,50,20,246,247,-7.472527472527473,32.21978021978022,-26.153846153846153,87.2967032967033,-2.32967032967033,31.780821917808222,-6.953813552856445,44.388511657714844,-56.61097717285156,99.4638442993164,-1.1187734603881836,5.839678764343262
023_brown,put the brown pouch on the tray,10,1,199,9.0,1788424140.8473663,00009_front_put_the_brown_pouch_on_the_tray.png,00009_wrist_put_the_brown_pouch_on_the_tray.png,recap.png,50,21,247,248,-7.472527472527473,32.21978021978022,-26.153846153846153,87.2967032967033,-2.32967032967033,31.780821917808222,-6.755521774291992,43.451560974121094,-57.0447883605957,99.68500518798828,-1.1556901931762695,5.775378704071045
023_brown,put the brown pouch on the tray,10,1,199,9.0,1788424140.8473663,00009_front_put_the_brown_pouch_on_the_tray.png,00009_wrist_put_the_brown_pouch_on_the_tray.png,recap.png,50,22,248,249,-7.472527472527473,32.21978021978022,-26.153846153846153,87.2967032967033,-2.32967032967033,31.780821917808222,-6.716983795166016,43.157432556152344,-57.73586654663086,100.06109619140625,-1.0680055618286133,5.89128303527832
023_brown,put the brown pouch on the tray,11,1,225,9.97,1788424141.8166988,00010_front_put_the_brown_pouch_on_the_tray.png,00010_wrist_put_the_brown_pouch_on_the_tray.png,recap.png,50,0,249,250,-6.857142857142857,49.18681318681319,-47.07692307692308,90.1978021978022,-0.3956043956043956,12.876712328767123,-5.90669059753418,39.716026306152344,-60.992027282714844,103.18959045410156,-3.0297470092773438,4.086465835571289
023_brown,put the brown pouch on the tray,11,1,225,9.97,1788424141.8166988,00010_front_put_the_brown_pouch_on_the_tray.png,00010_wrist_put_the_brown_pouch_on_the_tray.png,recap.png,50,1,250,251,-6.857142857142857,49.18681318681319,-47.07692307692308,90.1978021978022,-0.3956043956043956,12.876712328767123,-5.803791046142578,38.393821716308594,-60.54011154174805,103.36776733398438,-3.123157501220703,4.2663092613220215
023_brown,put the brown pouch on the tray,11,1,225,9.97,1788424141.8166988,00010_front_put_the_brown_pouch_on_the_tray.png,00010_wrist_put_the_brown_pouch_on_the_tray.png,recap.png,50,2,251,252,-6.857142857142857,49.18681318681319,-47.07692307692308,90.1978021978022,-0.3956043956043956,12.876712328767123,-5.58503532409668,37.102439880371094,-60.142452239990234,103.42247009277344,-3.118032455444336,4.262834072113037
023_brown,put the brown pouch on the tray,11,1,225,9.97,1788424141.8166988,00010_front_put_the_brown_pouch_on_the_tray.png,00010_wrist_put_the_brown_pouch_on_the_tray.png,recap.png,50,3,252,253,-6.857142857142857,49.18681318681319,-47.07692307692308,90.1978021978022,-0.3956043956043956,12.876712328767123,-5.180599212646484,35.83637237548828,-60.1419792175293,103.50614166259766,-3.2142419815063477,4.217105388641357
023_brown,put the brown pouch on the tray,11,1,225,9.97,1788424141.8166988,00010_front_put_the_brown_pouch_on_the_tray.png,00010_wrist_put_the_brown_pouch_on_the_tray.png,recap.png,50,4,253,254,-6.857142857142857,49.18681318681319,-47.07692307692308,90.1978021978022,-0.3956043956043956,12.876712328767123,-4.758161544799805,34.992271423339844,-59.55007553100586,103.52114868164062,-3.19313907623291,4.101809501647949
023_brown,put the brown pouch on the tray,11,1,225,9.97,1788424141.8166988,00010_front_put_the_brown_pouch_on_the_tray.png,00010_wrist_put_the_brown_pouch_on_the_tray.png,recap.png,50,5,254,255,-6.857142857142857,49.18681318681319,-47.07692307692308,90.1978021978022,-0.3956043956043956,12.876712328767123,-4.384021759033203,33.314170837402344,-59.069339752197266,103.754150390625,-3.184504508972168,4.271844863891602
023_brown,put the brown pouch on the tray,11,1,225,9.97,1788424141.8166988,00010_front_put_the_brown_pouch_on_the_tray.png,00010_wrist_put_the_brown_pouch_on_the_tray.png,recap.png,50,6,255,256,-6.857142857142857,49.18681318681319,-47.07692307692308,90.1978021978022,-0.3956043956043956,12.876712328767123,-3.659536361694336,32.35521697998047,-58.610591888427734,103.72186279296875,-3.421982765197754,4.2442708015441895
023_brown,put the brown pouch on the tray,11,1,225,9.97,1788424141.8166988,00010_front_put_the_brown_pouch_on_the_tray.png,00010_wrist_put_the_brown_pouch_on_the_tray.png,recap.png,50,7,256,257,-6.857142857142857,49.18681318681319,-47.07692307692308,90.1978021978022,-0.3956043956043956,12.876712328767123,-3.1830482482910156,31.42609405517578,-58.46683120727539,103.85589599609375,-3.439347267150879,4.25742244720459
023_brown,put the brown pouch on the tray,11,1,225,9.97,1788424141.8166988,00010_front_put_the_brown_pouch_on_the_tray.png,00010_wrist_put_the_brown_pouch_on_the_tray.png,recap.png,50,8,257,258,-6.857142857142857,49.18681318681319,-47.07692307692308,90.1978021978022,-0.3956043956043956,12.876712328767123,-2.166095733642578,30.02581024169922,-58.346675872802734,104.09144592285156,-3.317631721496582,4.224832534790039
023_brown,put the brown pouch on the tray,11,1,225,9.97,1788424141.8166988,00010_front_put_the_brown_pouch_on_the_tray.png,00010_wrist_put_the_brown_pouch_on_the_tray.png,recap.png,50,9,258,259,-6.857142857142857,49.18681318681319,-47.07692307692308,90.1978021978022,-0.3956043956043956,12.876712328767123,-1.4277839660644531,28.97614288330078,-57.42672348022461,103.96781921386719,-3.476778030395508,4.270359992980957
023_brown,put the brown pouch on the tray,11,1,225,9.97,1788424141.8166988,00010_front_put_the_brown_pouch_on_the_tray.png,00010_wrist_put_the_brown_pouch_on_the_tray.png,recap.png,50,10,259,260,-6.857142857142857,49.18681318681319,-47.07692307692308,90.1978021978022,-0.3956043956043956,12.876712328767123,-0.26065826416015625,28.654991149902344,-57.017555236816406,103.98310852050781,-3.59366512298584,4.301351547241211
023_brown,put the brown pouch on the tray,11,1,225,9.97,1788424141.8166988,00010_front_put_the_brown_pouch_on_the_tray.png,00010_wrist_put_the_brown_pouch_on_the_tray.png,recap.png,50,11,260,261,-6.857142857142857,49.18681318681319,-47.07692307692308,90.1978021978022,-0.3956043956043956,12.876712328767123,0.621978759765625,27.282737731933594,-57.05814743041992,104.05625915527344,-3.6689586639404297,4.200399875640869
023_brown,put the brown pouch on the tray,11,1,225,9.97,1788424141.8166988,00010_front_put_the_brown_pouch_on_the_tray.png,00010_wrist_put_the_brown_pouch_on_the_tray.png,recap.png,50,12,261,262,-6.857142857142857,49.18681318681319,-47.07692307692308,90.1978021978022,-0.3956043956043956,12.876712328767123,1.5556983947753906,26.465721130371094,-57.075077056884766,104.10521697998047,-3.6997318267822266,4.385712146759033
023_brown,put the brown pouch on the tray,11,1,225,9.97,1788424141.8166988,00010_front_put_the_brown_pouch_on_the_tray.png,00010_wrist_put_the_brown_pouch_on_the_tray.png,recap.png,50,13,262,263,-6.857142857142857,49.18681318681319,-47.07692307692308,90.1978021978022,-0.3956043956043956,12.876712328767123,2.742584228515625,25.32659149169922,-56.4334716796875,104.14635467529297,-3.853384017944336,4.336610317230225
023_brown,put the brown pouch on the tray,11,1,225,9.97,1788424141.8166988,00010_front_put_the_brown_pouch_on_the_tray.png,00010_wrist_put_the_brown_pouch_on_the_tray.png,recap.png,50,14,263,264,-6.857142857142857,49.18681318681319,-47.07692307692308,90.1978021978022,-0.3956043956043956,12.876712328767123,4.026874542236328,24.416793823242188,-55.55145263671875,104.11238861083984,-3.971895217895508,4.332735538482666
023_brown,put the brown pouch on the tray,11,1,225,9.97,1788424141.8166988,00010_front_put_the_brown_pouch_on_the_tray.png,00010_wrist_put_the_brown_pouch_on_the_tray.png,recap.png,50,15,264,265,-6.857142857142857,49.18681318681319,-47.07692307692308,90.1978021978022,-0.3956043956043956,12.876712328767123,4.912628173828125,23.5887451171875,-55.605831146240234,104.32894897460938,-4.001309394836426,4.309741497039795
023_brown,put the brown pouch on the tray,11,1,225,9.97,1788424141.8166988,00010_front_put_the_brown_pouch_on_the_tray.png,00010_wrist_put_the_brown_pouch_on_the_tray.png,recap.png,50,16,265,266,-6.857142857142857,49.18681318681319,-47.07692307692308,90.1978021978022,-0.3956043956043956,12.876712328767123,6.07159423828125,23.337692260742188,-55.251251220703125,104.11837768554688,-4.220302581787109,4.325738430023193
023_brown,put the brown pouch on the tray,11,1,225,9.97,1788424141.8166988,00010_front_put_the_brown_pouch_on_the_tray.png,00010_wrist_put_the_brown_pouch_on_the_tray.png,recap.png,50,17,266,267,-6.857142857142857,49.18681318681319,-47.07692307692308,90.1978021978022,-0.3956043956043956,12.876712328767123,7.189556121826172,23.1241455078125,-54.05785369873047,104.2426986694336,-4.415476322174072,4.391066551208496
023_brown,put the brown pouch on the tray,11,1,225,9.97,1788424141.8166988,00010_front_put_the_brown_pouch_on_the_tray.png,00010_wrist_put_the_brown_pouch_on_the_tray.png,recap.png,50,18,267,268,-6.857142857142857,49.18681318681319,-47.07692307692308,90.1978021978022,-0.3956043956043956,12.876712328767123,8.233661651611328,22.18927001953125,-54.36338424682617,104.29244232177734,-4.250455856323242,4.373293399810791
023_brown,put the brown pouch on the tray,11,1,225,9.97,1788424141.8166988,00010_front_put_the_brown_pouch_on_the_tray.png,00010_wrist_put_the_brown_pouch_on_the_tray.png,recap.png,50,19,268,269,-6.857142857142857,49.18681318681319,-47.07692307692308,90.1978021978022,-0.3956043956043956,12.876712328767123,9.272262573242188,21.301345825195312,-53.53822326660156,104.20475006103516,-4.335461139678955,4.313998222351074
023_brown,put the brown pouch on the tray,11,1,225,9.97,1788424141.8166988,00010_front_put_the_brown_pouch_on_the_tray.png,00010_wrist_put_the_brown_pouch_on_the_tray.png,recap.png,50,20,269,270,-6.857142857142857,49.18681318681319,-47.07692307692308,90.1978021978022,-0.3956043956043956,12.876712328767123,10.090400695800781,21.79737091064453,-53.442726135253906,104.17808532714844,-4.445951461791992,4.408056259155273
023_brown,put the brown pouch on the tray,11,1,225,9.97,1788424141.8166988,00010_front_put_the_brown_pouch_on_the_tray.png,00010_wrist_put_the_brown_pouch_on_the_tray.png,recap.png,50,21,270,271,-6.857142857142857,49.18681318681319,-47.07692307692308,90.1978021978022,-0.3956043956043956,12.876712328767123,11.586502075195312,20.727020263671875,-53.18292999267578,104.10845947265625,-4.331047058105469,4.320524215698242
023_brown,put the brown pouch on the tray,11,1,225,9.97,1788424141.8166988,00010_front_put_the_brown_pouch_on_the_tray.png,00010_wrist_put_the_brown_pouch_on_the_tray.png,recap.png,50,22,271,272,-6.857142857142857,49.18681318681319,-47.07692307692308,90.1978021978022,-0.3956043956043956,12.876712328767123,12.644397735595703,20.000404357910156,-52.834442138671875,104.11935424804688,-4.328606605529785,4.39810848236084
023_brown,put the brown pouch on the tray,11,1,225,9.97,1788424141.8166988,00010_front_put_the_brown_pouch_on_the_tray.png,00010_wrist_put_the_brown_pouch_on_the_tray.png,recap.png,50,23,272,273,-6.857142857142857,49.18681318681319,-47.07692307692308,90.1978021978022,-0.3956043956043956,12.876712328767123,13.880733489990234,19.68659210205078,-52.197166442871094,104.23757934570312,-4.187426567077637,4.54817008972168
023_brown,put the brown pouch on the tray,11,1,225,9.97,1788424141.8166988,00010_front_put_the_brown_pouch_on_the_tray.png,00010_wrist_put_the_brown_pouch_on_the_tray.png,recap.png,50,24,273,274,-6.857142857142857,49.18681318681319,-47.07692307692308,90.1978021978022,-0.3956043956043956,12.876712328767123,14.998649597167969,19.696006774902344,-51.3892936706543,104.18656921386719,-4.233407020568848,4.478076934814453
023_brown,put the brown pouch on the tray,11,1,225,9.97,1788424141.8166988,00010_front_put_the_brown_pouch_on_the_tray.png,00010_wrist_put_the_brown_pouch_on_the_tray.png,recap.png,50,25,274,275,-6.857142857142857,49.18681318681319,-47.07692307692308,90.1978021978022,-0.3956043956043956,12.876712328767123,16.264686584472656,19.548851013183594,-51.21649169921875,104.18798828125,-4.296947956085205,4.50250768661499
023_brown,put the brown pouch on the tray,12,1,248,10.773,1788424142.6200197,00011_front_put_the_brown_pouch_on_the_tray.png,00011_wrist_put_the_brown_pouch_on_the_tray.png,recap.png,50,0,275,276,-6.681318681318682,46.9010989010989,-54.37362637362637,97.67032967032966,-0.4835164835164835,9.178082191780822,8.077693939208984,25.326454162597656,-54.55418395996094,102.30307006835938,-2.5992164611816406,3.414533853530884
023_brown,put the brown pouch on the tray,12,1,248,10.773,1788424142.6200197,00011_front_put_the_brown_pouch_on_the_tray.png,00011_wrist_put_the_brown_pouch_on_the_tray.png,recap.png,50,1,276,277,-6.681318681318682,46.9010989010989,-54.37362637362637,97.67032967032966,-0.4835164835164835,9.178082191780822,9.463714599609375,25.32842254638672,-54.266788482666016,102.1717529296875,-2.7069387435913086,3.3695425987243652
023_brown,put the brown pouch on the tray,12,1,248,10.773,1788424142.6200197,00011_front_put_the_brown_pouch_on_the_tray.png,00011_wrist_put_the_brown_pouch_on_the_tray.png,recap.png,50,2,277,278,-6.681318681318682,46.9010989010989,-54.37362637362637,97.67032967032966,-0.4835164835164835,9.178082191780822,10.982711791992188,24.719161987304688,-54.541236877441406,102.14100646972656,-2.805978775024414,3.1802568435668945
023_brown,put the brown pouch on the tray,12,1,248,10.773,1788424142.6200197,00011_front_put_the_brown_pouch_on_the_tray.png,00011_wrist_put_the_brown_pouch_on_the_tray.png,recap.png,50,3,278,279,-6.681318681318682,46.9010989010989,-54.37362637362637,97.67032967032966,-0.4835164835164835,9.178082191780822,12.02169418334961,24.89252471923828,-53.598533630371094,102.23429107666016,-2.7805957794189453,3.152235507965088
023_brown,put the brown pouch on the tray,12,1,248,10.773,1788424142.6200197,00011_front_put_the_brown_pouch_on_the_tray.png,00011_wrist_put_the_brown_pouch_on_the_tray.png,recap.png,50,4,279,280,-6.681318681318682,46.9010989010989,-54.37362637362637,97.67032967032966,-0.4835164835164835,9.178082191780822,13.593929290771484,23.841949462890625,-54.143707275390625,102.12983703613281,-2.929759979248047,3.3065383434295654
023_brown,put the brown pouch on the tray,12,1,248,10.773,1788424142.6200197,00011_front_put_the_brown_pouch_on_the_tray.png,00011_wrist_put_the_brown_pouch_on_the_tray.png,recap.png,50,5,280,281,-6.681318681318682,46.9010989010989,-54.37362637362637,97.67032967032966,-0.4835164835164835,9.178082191780822,14.583892822265625,23.266448974609375,-53.87181854248047,102.05364990234375,-2.9570112228393555,3.1046483516693115
023_brown,put the brown pouch on the tray,12,1,248,10.773,1788424142.6200197,00011_front_put_the_brown_pouch_on_the_tray.png,00011_wrist_put_the_brown_pouch_on_the_tray.png,recap.png,50,6,281,282,-6.681318681318682,46.9010989010989,-54.37362637362637,97.67032967032966,-0.4835164835164835,9.178082191780822,15.9268798828125,23.47309112548828,-54.20001983642578,101.91170501708984,-2.9811410903930664,3.147387742996216
023_brown,put the brown pouch on the tray,12,1,248,10.773,1788424142.6200197,00011_front_put_the_brown_pouch_on_the_tray.png,00011_wrist_put_the_brown_pouch_on_the_tray.png,recap.png,50,7,282,283,-6.681318681318682,46.9010989010989,-54.37362637362637,97.67032967032966,-0.4835164835164835,9.178082191780822,17.088027954101562,23.560592651367188,-53.348350524902344,101.92733764648438,-3.0127649307250977,3.352980613708496
023_brown,put the brown pouch on the tray,12,1,248,10.773,1788424142.6200197,00011_front_put_the_brown_pouch_on_the_tray.png,00011_wrist_put_the_brown_pouch_on_the_tray.png,recap.png,50,8,283,284,-6.681318681318682,46.9010989010989,-54.37362637362637,97.67032967032966,-0.4835164835164835,9.178082191780822,18.560054779052734,22.816871643066406,-53.05662155151367,101.48764038085938,-3.0325756072998047,3.049044132232666
023_brown,put the brown pouch on the tray,12,1,248,10.773,1788424142.6200197,00011_front_put_the_brown_pouch_on_the_tray.png,00011_wrist_put_the_brown_pouch_on_the_tray.png,recap.png,50,9,284,285,-6.681318681318682,46.9010989010989,-54.37362637362637,97.67032967032966,-0.4835164835164835,9.178082191780822,19.545654296875,22.502685546875,-53.87821960449219,101.41268920898438,-2.975200653076172,3.250347852706909
023_brown,put the brown pouch on the tray,12,1,248,10.773,1788424142.6200197,00011_front_put_the_brown_pouch_on_the_tray.png,00011_wrist_put_the_brown_pouch_on_the_tray.png,recap.png,50,10,285,286,-6.681318681318682,46.9010989010989,-54.37362637362637,97.67032967032966,-0.4835164835164835,9.178082191780822,20.78832244873047,22.54095458984375,-53.14826583862305,101.01043701171875,-2.949167251586914,3.2431209087371826
023_brown,put the brown pouch on the tray,12,1,248,10.773,1788424142.6200197,00011_front_put_the_brown_pouch_on_the_tray.png,00011_wrist_put_the_brown_pouch_on_the_tray.png,recap.png,50,11,286,287,-6.681318681318682,46.9010989010989,-54.37362637362637,97.67032967032966,-0.4835164835164835,9.178082191780822,21.91490936279297,22.70038604736328,-52.856849670410156,100.8033447265625,-3.027806282043457,3.204697847366333
023_brown,put the brown pouch on the tray,12,1,248,10.773,1788424142.6200197,00011_front_put_the_brown_pouch_on_the_tray.png,00011_wrist_put_the_brown_pouch_on_the_tray.png,recap.png,50,12,287,288,-6.681318681318682,46.9010989010989,-54.37362637362637,97.67032967032966,-0.4835164835164835,9.178082191780822,23.181316375732422,22.66594696044922,-52.872920989990234,100.81499481201172,-2.869105339050293,3.2168691158294678
023_brown,put the brown pouch on the tray,12,1,248,10.773,1788424142.6200197,00011_front_put_the_brown_pouch_on_the_tray.png,00011_wrist_put_the_brown_pouch_on_the_tray.png,recap.png,50,13,288,289,-6.681318681318682,46.9010989010989,-54.37362637362637,97.67032967032966,-0.4835164835164835,9.178082191780822,24.524837493896484,22.481964111328125,-52.24871826171875,100.41865539550781,-3.042130470275879,3.143946409225464
023_brown,put the brown pouch on the tray,12,1,248,10.773,1788424142.6200197,00011_front_put_the_brown_pouch_on_the_tray.png,00011_wrist_put_the_brown_pouch_on_the_tray.png,recap.png,50,14,289,290,-6.681318681318682,46.9010989010989,-54.37362637362637,97.67032967032966,-0.4835164835164835,9.178082191780822,25.51190185546875,23.271865844726562,-52.87968826293945,100.55469512939453,-2.8432493209838867,3.0533785820007324
023_brown,put the brown pouch on the tray,12,1,248,10.773,1788424142.6200197,00011_front_put_the_brown_pouch_on_the_tray.png,00011_wrist_put_the_brown_pouch_on_the_tray.png,recap.png,50,15,290,291,-6.681318681318682,46.9010989010989,-54.37362637362637,97.67032967032966,-0.4835164835164835,9.178082191780822,26.527828216552734,22.797836303710938,-52.627044677734375,100.33373260498047,-2.9454641342163086,3.2294766902923584
023_brown,put the brown pouch on the tray,12,1,248,10.773,1788424142.6200197,00011_front_put_the_brown_pouch_on_the_tray.png,00011_wrist_put_the_brown_pouch_on_the_tray.png,recap.png,50,16,291,292,-6.681318681318682,46.9010989010989,-54.37362637362637,97.67032967032966,-0.4835164835164835,9.178082191780822,27.297348022460938,23.467987060546875,-52.545127868652344,100.24333190917969,-2.9464120864868164,3.2186119556427
023_brown,put the brown pouch on the tray,12,1,248,10.773,1788424142.6200197,00011_front_put_the_brown_pouch_on_the_tray.png,00011_wrist_put_the_brown_pouch_on_the_tray.png,recap.png,50,17,292,293,-6.681318681318682,46.9010989010989,-54.37362637362637,97.67032967032966,-0.4835164835164835,9.178082191780822,28.328975677490234,22.99285888671875,-51.64279556274414,99.92332458496094,-3.0310726165771484,3.2498326301574707
023_brown,put the brown pouch on the tray,12,1,248,10.773,1788424142.6200197,00011_front_put_the_brown_pouch_on_the_tray.png,00011_wrist_put_the_brown_pouch_on_the_tray.png,recap.png,50,18,293,294,-6.681318681318682,46.9010989010989,-54.37362637362637,97.67032967032966,-0.4835164835164835,9.178082191780822,29.228839874267578,23.543052673339844,-52.01414108276367,99.95557403564453,-2.8580617904663086,3.2454640865325928
023_brown,put the brown pouch on the tray,12,1,248,10.773,1788424142.6200197,00011_front_put_the_brown_pouch_on_the_tray.png,00011_wrist_put_the_brown_pouch_on_the_tray.png,recap.png,50,19,294,295,-6.681318681318682,46.9010989010989,-54.37362637362637,97.67032967032966,-0.4835164835164835,9.178082191780822,30.139915466308594,23.43890380859375,-51.96555709838867,99.68093872070312,-2.8925676345825195,3.133692502975464
023_brown,put the brown pouch on the tray,12,1,248,10.773,1788424142.6200197,00011_front_put_the_brown_pouch_on_the_tray.png,00011_wrist_put_the_brown_pouch_on_the_tray.png,recap.png,50,20,295,296,-6.681318681318682,46.9010989010989,-54.37362637362637,97.67032967032966,-0.4835164835164835,9.178082191780822,31.209369659423828,23.194976806640625,-52.15231704711914,99.31471252441406,-3.077181816101074,3.189511299133301
023_brown,put the brown pouch on the tray,12,1,248,10.773,1788424142.6200197,00011_front_put_the_brown_pouch_on_the_tray.png,00011_wrist_put_the_brown_pouch_on_the_tray.png,recap.png,50,21,296,297,-6.681318681318682,46.9010989010989,-54.37362637362637,97.67032967032966,-0.4835164835164835,9.178082191780822,32.0401496887207,22.92034912109375,-51.04458236694336,98.80883026123047,-3.0988950729370117,3.0784568786621094
023_brown,put the brown pouch on the tray,12,1,248,10.773,1788424142.6200197,00011_front_put_the_brown_pouch_on_the_tray.png,00011_wrist_put_the_brown_pouch_on_the_tray.png,recap.png,50,22,297,298,-6.681318681318682,46.9010989010989,-54.37362637362637,97.67032967032966,-0.4835164835164835,9.178082191780822,32.38774490356445,23.33264923095703,-50.82313919067383,98.50027465820312,-3.069051742553711,3.269226312637329
023_brown,put the brown pouch on the tray,13,1,274,11.776,1788424143.626999,00012_front_put_the_brown_pouch_on_the_tray.png,00012_wrist_put_the_brown_pouch_on_the_tray.png,recap.png,50,0,298,299,11.956043956043956,27.560439560439562,-51.472527472527474,100.74725274725274,-3.6483516483516483,8.21917808219178,29.572040557861328,15.422981262207031,-34.78516387939453,93.031494140625,-3.15032958984375,3.033433675765991
023_brown,put the brown pouch on the tray,13,1,274,11.776,1788424143.626999,00012_front_put_the_brown_pouch_on_the_tray.png,00012_wrist_put_the_brown_pouch_on_the_tray.png,recap.png,50,1,299,300,11.956043956043956,27.560439560439562,-51.472527472527474,100.74725274725274,-3.6483516483516483,8.21917808219178,29.678321838378906,16.1026611328125,-35.20439910888672,92.26165771484375,-3.146176338195801,2.884307861328125
023_brown,put the brown pouch on the tray,13,1,274,11.776,1788424143.626999,00012_front_put_the_brown_pouch_on_the_tray.png,00012_wrist_put_the_brown_pouch_on_the_tray.png,recap.png,50,2,300,301,11.956043956043956,27.560439560439562,-51.472527472527474,100.74725274725274,-3.6483516483516483,8.21917808219178,29.835472106933594,16.68877410888672,-34.6884765625,91.61803436279297,-3.054091453552246,2.8846890926361084
023_brown,put the brown pouch on the tray,13,1,274,11.776,1788424143.626999,00012_front_put_the_brown_pouch_on_the_tray.png,00012_wrist_put_the_brown_pouch_on_the_tray.png,recap.png,50,3,301,302,11.956043956043956,27.560439560439562,-51.472527472527474,100.74725274725274,-3.6483516483516483,8.21917808219178,29.921051025390625,17.640480041503906,-34.395538330078125,90.90182495117188,-3.0981502532958984,2.9046742916107178
023_brown,put the brown pouch on the tray,13,1,274,11.776,1788424143.626999,00012_front_put_the_brown_pouch_on_the_tray.png,00012_wrist_put_the_brown_pouch_on_the_tray.png,recap.png,50,4,302,303,11.956043956043956,27.560439560439562,-51.472527472527474,100.74725274725274,-3.6483516483516483,8.21917808219178,30.321544647216797,17.804641723632812,-34.104042053222656,90.01326751708984,-3.2471933364868164,2.974707841873169
023_brown,put the brown pouch on the tray,13,1,274,11.776,1788424143.626999,00012_front_put_the_brown_pouch_on_the_tray.png,00012_wrist_put_the_brown_pouch_on_the_tray.png,recap.png,50,5,303,304,11.956043956043956,27.560439560439562,-51.472527472527474,100.74725274725274,-3.6483516483516483,8.21917808219178,30.050968170166016,18.806541442871094,-33.999847412109375,89.21846771240234,-3.111724853515625,2.9084737300872803
023_brown,put the brown pouch on the tray,13,1,274,11.776,1788424143.626999,00012_front_put_the_brown_pouch_on_the_tray.png,00012_wrist_put_the_brown_pouch_on_the_tray.png,recap.png,50,6,304,305,11.956043956043956,27.560439560439562,-51.472527472527474,100.74725274725274,-3.6483516483516483,8.21917808219178,30.329116821289062,19.121009826660156,-33.49403381347656,88.59152221679688,-3.252321243286133,2.9618918895721436
023_brown,put the brown pouch on the tray,13,1,274,11.776,1788424143.626999,00012_front_put_the_brown_pouch_on_the_tray.png,00012_wrist_put_the_brown_pouch_on_the_tray.png,recap.png,50,7,305,306,11.956043956043956,27.560439560439562,-51.472527472527474,100.74725274725274,-3.6483516483516483,8.21917808219178,30.24808120727539,19.975326538085938,-33.703834533691406,87.75424194335938,-3.1162242889404297,3.1245880126953125
023_brown,put the brown pouch on the tray,13,1,274,11.776,1788424143.626999,00012_front_put_the_brown_pouch_on_the_tray.png,00012_wrist_put_the_brown_pouch_on_the_tray.png,recap.png,50,8,306,307,11.956043956043956,27.560439560439562,-51.472527472527474,100.74725274725274,-3.6483516483516483,8.21917808219178,30.31515121459961,20.473464965820312,-33.04521179199219,87.33644104003906,-3.223085403442383,3.004969358444214
023_brown,put the brown pouch on the tray,13,1,274,11.776,1788424143.626999,00012_front_put_the_brown_pouch_on_the_tray.png,00012_wrist_put_the_brown_pouch_on_the_tray.png,recap.png,50,9,307,308,11.956043956043956,27.560439560439562,-51.472527472527474,100.74725274725274,-3.6483516483516483,8.21917808219178,30.42888641357422,20.617469787597656,-32.48874282836914,86.73921203613281,-3.292743682861328,3.1534855365753174
023_brown,put the brown pouch on the tray,13,1,274,11.776,1788424143.626999,00012_front_put_the_brown_pouch_on_the_tray.png,00012_wrist_put_the_brown_pouch_on_the_tray.png,recap.png,50,10,308,309,11.956043956043956,27.560439560439562,-51.472527472527474,100.74725274725274,-3.6483516483516483,8.21917808219178,30.906024932861328,21.759727478027344,-32.65930938720703,86.45420837402344,-3.171097755432129,3.009101152420044
023_brown,put the brown pouch on the tray,13,1,274,11.776,1788424143.626999,00012_front_put_the_brown_pouch_on_the_tray.png,00012_wrist_put_the_brown_pouch_on_the_tray.png,recap.png,50,11,309,310,11.956043956043956,27.560439560439562,-51.472527472527474,100.74725274725274,-3.6483516483516483,8.21917808219178,31.130477905273438,22.372779846191406,-33.02193832397461,86.04694366455078,-3.4272375106811523,3.0828211307525635
023_brown,put the brown pouch on the tray,13,1,274,11.776,1788424143.626999,00012_front_put_the_brown_pouch_on_the_tray.png,00012_wrist_put_the_brown_pouch_on_the_tray.png,recap.png,50,12,310,311,11.956043956043956,27.560439560439562,-51.472527472527474,100.74725274725274,-3.6483516483516483,8.21917808219178,31.064990997314453,22.34808349609375,-31.727006912231445,85.44210815429688,-3.2614593505859375,3.1622016429901123
023_brown,put the brown pouch on the tray,13,1,274,11.776,1788424143.626999,00012_front_put_the_brown_pouch_on_the_tray.png,00012_wrist_put_the_brown_pouch_on_the_tray.png,recap.png,50,13,311,312,11.956043956043956,27.560439560439562,-51.472527472527474,100.74725274725274,-3.6483516483516483,8.21917808219178,31.08979034423828,22.97076416015625,-32.40343475341797,85.39222717285156,-3.280454635620117,3.336409091949463
023_brown,put the brown pouch on the tray,13,1,274,11.776,1788424143.626999,00012_front_put_the_brown_pouch_on_the_tray.png,00012_wrist_put_the_brown_pouch_on_the_tray.png,recap.png,50,14,312,313,11.956043956043956,27.560439560439562,-51.472527472527474,100.74725274725274,-3.6483516483516483,8.21917808219178,31.204418182373047,23.771224975585938,-32.1501579284668,84.89781188964844,-3.45839786529541,3.2954952716827393
023_brown,put the brown pouch on the tray,13,1,274,11.776,1788424143.626999,00012_front_put_the_brown_pouch_on_the_tray.png,00012_wrist_put_the_brown_pouch_on_the_tray.png,recap.png,50,15,313,314,11.956043956043956,27.560439560439562,-51.472527472527474,100.74725274725274,-3.6483516483516483,8.21917808219178,31.259925842285156,23.901351928710938,-31.570968627929688,84.59817504882812,-3.460704803466797,3.1829674243927
023_brown,put the brown pouch on the tray,13,1,274,11.776,1788424143.626999,00012_front_put_the_brown_pouch_on_the_tray.png,00012_wrist_put_the_brown_pouch_on_the_tray.png,recap.png,50,16,314,315,11.956043956043956,27.560439560439562,-51.472527472527474,100.74725274725274,-3.6483516483516483,8.21917808219178,31.395923614501953,24.626937866210938,-30.943330764770508,84.05458068847656,-3.5352964401245117,3.4614083766937256
023_brown,put the brown pouch on the tray,13,1,274,11.776,1788424143.626999,00012_front_put_the_brown_pouch_on_the_tray.png,00012_wrist_put_the_brown_pouch_on_the_tray.png,recap.png,50,17,315,316,11.956043956043956,27.560439560439562,-51.472527472527474,100.74725274725274,-3.6483516483516483,8.21917808219178,31.231338500976562,24.758529663085938,-31.488513946533203,83.49444580078125,-3.504854202270508,3.9741387367248535
023_brown,put the brown pouch on the tray,13,1,274,11.776,1788424143.626999,00012_front_put_the_brown_pouch_on_the_tray.png,00012_wrist_put_the_brown_pouch_on_the_tray.png,recap.png,50,18,316,317,11.956043956043956,27.560439560439562,-51.472527472527474,100.74725274725274,-3.6483516483516483,8.21917808219178,31.29452896118164,24.9276123046875,-30.92392349243164,83.26177978515625,-3.5079517364501953,4.974485874176025
023_brown,put the brown pouch on the tray,13,1,274,11.776,1788424143.626999,00012_front_put_the_brown_pouch_on_the_tray.png,00012_wrist_put_the_brown_pouch_on_the_tray.png,recap.png,50,19,317,318,11.956043956043956,27.560439560439562,-51.472527472527474,100.74725274725274,-3.6483516483516483,8.21917808219178,30.875858306884766,26.255775451660156,-31.731361389160156,83.11407470703125,-3.5519819259643555,6.433156490325928
023_brown,put the brown pouch on the tray,13,1,274,11.776,1788424143.626999,00012_front_put_the_brown_pouch_on_the_tray.png,00012_wrist_put_the_brown_pouch_on_the_tray.png,recap.png,50,20,318,319,11.956043956043956,27.560439560439562,-51.472527472527474,100.74725274725274,-3.6483516483516483,8.21917808219178,30.778656005859375,26.23796844482422,-31.18595314025879,83.48711395263672,-3.7731494903564453,8.602526664733887
023_brown,put the brown pouch on the tray,13,1,274,11.776,1788424143.626999,00012_front_put_the_brown_pouch_on_the_tray.png,00012_wrist_put_the_brown_pouch_on_the_tray.png,recap.png,50,21,319,320,11.956043956043956,27.560439560439562,-51.472527472527474,100.74725274725274,-3.6483516483516483,8.21917808219178,30.80602264404297,26.072120666503906,-31.987407684326172,83.82913208007812,-3.885979652404785,11.449519157409668
023_brown,put the brown pouch on the tray,13,1,274,11.776,1788424143.626999,00012_front_put_the_brown_pouch_on_the_tray.png,00012_wrist_put_the_brown_pouch_on_the_tray.png,recap.png,50,22,320,321,11.956043956043956,27.560439560439562,-51.472527472527474,100.74725274725274,-3.6483516483516483,8.21917808219178,30.480796813964844,27.26459503173828,-31.667804718017578,84.19110107421875,-3.907052993774414,14.717756271362305
023_brown,put the brown pouch on the tray,13,1,274,11.776,1788424143.626999,00012_front_put_the_brown_pouch_on_the_tray.png,00012_wrist_put_the_brown_pouch_on_the_tray.png,recap.png,50,23,321,322,11.956043956043956,27.560439560439562,-51.472527472527474,100.74725274725274,-3.6483516483516483,8.21917808219178,29.65576171875,27.447227478027344,-32.53894805908203,84.45094299316406,-4.002023696899414,17.50223159790039
023_brown,put the brown pouch on the tray,13,1,274,11.776,1788424143.626999,00012_front_put_the_brown_pouch_on_the_tray.png,00012_wrist_put_the_brown_pouch_on_the_tray.png,recap.png,50,24,322,323,11.956043956043956,27.560439560439562,-51.472527472527474,100.74725274725274,-3.6483516483516483,8.21917808219178,29.779788970947266,27.540550231933594,-32.944705963134766,84.57591247558594,-4.052280426025391,19.125452041625977
023_brown,put the brown pouch on the tray,13,1,274,11.776,1788424143.626999,00012_front_put_the_brown_pouch_on_the_tray.png,00012_wrist_put_the_brown_pouch_on_the_tray.png,recap.png,50,25,323,324,11.956043956043956,27.560439560439562,-51.472527472527474,100.74725274725274,-3.6483516483516483,8.21917808219178,29.60088348388672,27.80937957763672,-33.077693939208984,85.18162536621094,-3.9920740127563477,20.21369171142578
023_brown,put the brown pouch on the tray,14,1,297,12.545,1788424144.3944192,00013_front_put_the_brown_pouch_on_the_tray.png,00013_wrist_put_the_brown_pouch_on_the_tray.png,recap.png,50,0,324,325,28.307692307692307,27.824175824175825,-50.68131868131868,100.13186813186813,-3.120879120879121,7.876712328767123,33.571231842041016,29.18042755126953,-34.302024841308594,84.6517333984375,-4.076264381408691,15.978706359863281
023_brown,put the brown pouch on the tray,14,1,297,12.545,1788424144.3944192,00013_front_put_the_brown_pouch_on_the_tray.png,00013_wrist_put_the_brown_pouch_on_the_tray.png,recap.png,50,1,325,326,28.307692307692307,27.824175824175825,-50.68131868131868,100.13186813186813,-3.120879120879121,7.876712328767123,33.612125396728516,29.60399627685547,-34.475589752197266,84.73442077636719,-3.988522529602051,20.260190963745117
023_brown,put the brown pouch on the tray,14,1,297,12.545,1788424144.3944192,00013_front_put_the_brown_pouch_on_the_tray.png,00013_wrist_put_the_brown_pouch_on_the_tray.png,recap.png,50,2,326,327,28.307692307692307,27.824175824175825,-50.68131868131868,100.13186813186813,-3.120879120879121,7.876712328767123,33.62944412231445,29.247840881347656,-34.32747268676758,84.8552017211914,-3.8819656372070312,23.623563766479492
023_brown,put the brown pouch on the tray,14,1,297,12.545,1788424144.3944192,00013_front_put_the_brown_pouch_on_the_tray.png,00013_wrist_put_the_brown_pouch_on_the_tray.png,recap.png,50,3,327,328,28.307692307692307,27.824175824175825,-50.68131868131868,100.13186813186813,-3.120879120879121,7.876712328767123,33.798641204833984,30.072288513183594,-34.11168670654297,85.16554260253906,-3.8967790603637695,25.878067016601562
023_brown,put the brown pouch on the tray,14,1,297,12.545,1788424144.3944192,00013_front_put_the_brown_pouch_on_the_tray.png,00013_wrist_put_the_brown_pouch_on_the_tray.png,recap.png,50,4,328,329,28.307692307692307,27.824175824175825,-50.68131868131868,100.13186813186813,-3.120879120879121,7.876712328767123,33.67915725708008,29.22307586669922,-33.851776123046875,85.24549865722656,-3.667365074157715,26.749061584472656
023_brown,put the brown pouch on the tray,14,1,297,12.545,1788424144.3944192,00013_front_put_the_brown_pouch_on_the_tray.png,00013_wrist_put_the_brown_pouch_on_the_tray.png,recap.png,50,5,329,330,28.307692307692307,27.824175824175825,-50.68131868131868,100.13186813186813,-3.120879120879121,7.876712328767123,33.72354507446289,29.710426330566406,-34.51152801513672,85.36527252197266,-3.556572914123535,26.98524284362793
023_brown,put the brown pouch on the tray,14,1,297,12.545,1788424144.3944192,00013_front_put_the_brown_pouch_on_the_tray.png,00013_wrist_put_the_brown_pouch_on_the_tray.png,recap.png,50,6,330,331,28.307692307692307,27.824175824175825,-50.68131868131868,100.13186813186813,-3.120879120879121,7.876712328767123,34.01362991333008,30.060646057128906,-34.50474548339844,85.65818786621094,-3.425417900085449,26.743282318115234
023_brown,put the brown pouch on the tray,14,1,297,12.545,1788424144.3944192,00013_front_put_the_brown_pouch_on_the_tray.png,00013_wrist_put_the_brown_pouch_on_the_tray.png,recap.png,50,7,331,332,28.307692307692307,27.824175824175825,-50.68131868131868,100.13186813186813,-3.120879120879121,7.876712328767123,34.069515228271484,29.983604431152344,-35.03369140625,85.81344604492188,-3.2897987365722656,26.33189582824707
023_brown,put the brown pouch on the tray,14,1,297,12.545,1788424144.3944192,00013_front_put_the_brown_pouch_on_the_tray.png,00013_wrist_put_the_brown_pouch_on_the_tray.png,recap.png,50,8,332,333,28.307692307692307,27.824175824175825,-50.68131868131868,100.13186813186813,-3.120879120879121,7.876712328767123,34.245426177978516,30.091697692871094,-35.024932861328125,85.98644256591797,-3.1682472229003906,25.77222442626953
023_brown,put the brown pouch on the tray,14,1,297,12.545,1788424144.3944192,00013_front_put_the_brown_pouch_on_the_tray.png,00013_wrist_put_the_brown_pouch_on_the_tray.png,recap.png,50,9,333,334,28.307692307692307,27.824175824175825,-50.68131868131868,100.13186813186813,-3.120879120879121,7.876712328767123,34.229061126708984,30.03485870361328,-35.6060905456543,86.29441833496094,-3.041576385498047,25.31787872314453
023_brown,put the brown pouch on the tray,14,1,297,12.545,1788424144.3944192,00013_front_put_the_brown_pouch_on_the_tray.png,00013_wrist_put_the_brown_pouch_on_the_tray.png,recap.png,50,10,334,335,28.307692307692307,27.824175824175825,-50.68131868131868,100.13186813186813,-3.120879120879121,7.876712328767123,34.010196685791016,30.555946350097656,-36.45034408569336,86.54922485351562,-2.960134506225586,25.067293167114258
023_brown,put the brown pouch on the tray,14,1,297,12.545,1788424144.3944192,00013_front_put_the_brown_pouch_on_the_tray.png,00013_wrist_put_the_brown_pouch_on_the_tray.png,recap.png,50,11,335,336,28.307692307692307,27.824175824175825,-50.68131868131868,100.13186813186813,-3.120879120879121,7.876712328767123,33.99673080444336,29.96990203857422,-36.49221420288086,86.95027160644531,-2.759066581726074,25.013975143432617
023_brown,put the brown pouch on the tray,14,1,297,12.545,1788424144.3944192,00013_front_put_the_brown_pouch_on_the_tray.png,00013_wrist_put_the_brown_pouch_on_the_tray.png,recap.png,50,12,336,337,28.307692307692307,27.824175824175825,-50.68131868131868,100.13186813186813,-3.120879120879121,7.876712328767123,34.01333999633789,29.84815216064453,-37.50764465332031,87.53507995605469,-2.772446632385254,25.047677993774414
023_brown,put the brown pouch on the tray,14,1,297,12.545,1788424144.3944192,00013_front_put_the_brown_pouch_on_the_tray.png,00013_wrist_put_the_brown_pouch_on_the_tray.png,recap.png,50,13,337,338,28.307692307692307,27.824175824175825,-50.68131868131868,100.13186813186813,-3.120879120879121,7.876712328767123,33.64033889770508,30.24616241455078,-38.73717498779297,88.35627746582031,-2.5543060302734375,25.13188934326172
023_brown,put the brown pouch on the tray,14,1,297,12.545,1788424144.3944192,00013_front_put_the_brown_pouch_on_the_tray.png,00013_wrist_put_the_brown_pouch_on_the_tray.png,recap.png,50,14,338,339,28.307692307692307,27.824175824175825,-50.68131868131868,100.13186813186813,-3.120879120879121,7.876712328767123,33.42550277709961,30.481727600097656,-40.20259094238281,89.25932312011719,-2.6374502182006836,25.322134017944336
023_brown,put the brown pouch on the tray,14,1,297,12.545,1788424144.3944192,00013_front_put_the_brown_pouch_on_the_tray.png,00013_wrist_put_the_brown_pouch_on_the_tray.png,recap.png,50,15,339,340,28.307692307692307,27.824175824175825,-50.68131868131868,100.13186813186813,-3.120879120879121,7.876712328767123,32.88193130493164,30.70496368408203,-40.95296096801758,90.49678039550781,-2.526007652282715,25.356182098388672
023_brown,put the brown pouch on the tray,14,1,297,12.545,1788424144.3944192,00013_front_put_the_brown_pouch_on_the_tray.png,00013_wrist_put_the_brown_pouch_on_the_tray.png,recap.png,50,16,340,341,28.307692307692307,27.824175824175825,-50.68131868131868,100.13186813186813,-3.120879120879121,7.876712328767123,32.36906051635742,30.559181213378906,-42.141117095947266,91.703857421875,-2.4397144317626953,25.40681266784668
023_brown,put the brown pouch on the tray,14,1,297,12.545,1788424144.3944192,00013_front_put_the_brown_pouch_on_the_tray.png,00013_wrist_put_the_brown_pouch_on_the_tray.png,recap.png,50,17,341,342,28.307692307692307,27.824175824175825,-50.68131868131868,100.13186813186813,-3.120879120879121,7.876712328767123,31.755863189697266,30.71729278564453,-44.1490478515625,93.19752502441406,-2.416327476501465,25.581026077270508
023_brown,put the brown pouch on the tray,14,1,297,12.545,1788424144.3944192,00013_front_put_the_brown_pouch_on_the_tray.png,00013_wrist_put_the_brown_pouch_on_the_tray.png,recap.png,50,18,342,343,28.307692307692307,27.824175824175825,-50.68131868131868,100.13186813186813,-3.120879120879121,7.876712328767123,30.583213806152344,30.66472625732422,-45.21587371826172,94.61519622802734,-2.406683921813965,25.781869888305664
023_brown,put the brown pouch on the tray,14,1,297,12.545,1788424144.3944192,00013_front_put_the_brown_pouch_on_the_tray.png,00013_wrist_put_the_brown_pouch_on_the_tray.png,recap.png,50,19,343,344,28.307692307692307,27.824175824175825,-50.68131868131868,100.13186813186813,-3.120879120879121,7.876712328767123,29.68329620361328,30.885154724121094,-46.38836669921875,96.04006958007812,-2.376951217651367,26.105388641357422
023_brown,put the brown pouch on the tray,14,1,297,12.545,1788424144.3944192,00013_front_put_the_brown_pouch_on_the_tray.png,00013_wrist_put_the_brown_pouch_on_the_tray.png,recap.png,50,20,344,345,28.307692307692307,27.824175824175825,-50.68131868131868,100.13186813186813,-3.120879120879121,7.876712328767123,28.691356658935547,30.42003631591797,-47.38103485107422,97.21099853515625,-2.42801570892334,26.550338745117188
023_brown,put the brown pouch on the tray,14,1,297,12.545,1788424144.3944192,00013_front_put_the_brown_pouch_on_the_tray.png,00013_wrist_put_the_brown_pouch_on_the_tray.png,recap.png,50,21,345,346,28.307692307692307,27.824175824175825,-50.68131868131868,100.13186813186813,-3.120879120879121,7.876712328767123,27.893287658691406,29.974143981933594,-48.31243896484375,98.18075561523438,-2.3988046646118164,26.978227615356445
023_brown,put the brown pouch on the tray,14,1,297,12.545,1788424144.3944192,00013_front_put_the_brown_pouch_on_the_tray.png,00013_wrist_put_the_brown_pouch_on_the_tray.png,recap.png,50,22,346,347,28.307692307692307,27.824175824175825,-50.68131868131868,100.13186813186813,-3.120879120879121,7.876712328767123,27.10308837890625,29.784690856933594,-49.06760787963867,99.10589599609375,-2.35445499420166,27.066543579101562
023_brown,put the brown pouch on the tray,15,1,323,13.582,1788424145.4308832,00014_front_put_the_brown_pouch_on_the_tray.png,00014_wrist_put_the_brown_pouch_on_the_tray.png,recap.png,50,0,347,348,30.417582417582416,28.0,-30.813186813186814,84.65934065934066,-3.208791208791209,13.835616438356164,19.84455108642578,13.688240051269531,-37.06455993652344,100.259521484375,-1.4559335708618164,9.547560691833496
023_brown,put the brown pouch on the tray,15,1,323,13.582,1788424145.4308832,00014_front_put_the_brown_pouch_on_the_tray.png,00014_wrist_put_the_brown_pouch_on_the_tray.png,recap.png,50,1,348,349,30.417582417582416,28.0,-30.813186813186814,84.65934065934066,-3.208791208791209,13.835616438356164,19.025104522705078,12.557243347167969,-35.59679412841797,100.5346908569336,-1.2698993682861328,5.107204914093018
023_brown,put the brown pouch on the tray,15,1,323,13.582,1788424145.4308832,00014_front_put_the_brown_pouch_on_the_tray.png,00014_wrist_put_the_brown_pouch_on_the_tray.png,recap.png,50,2,349,350,30.417582417582416,28.0,-30.813186813186814,84.65934065934066,-3.208791208791209,13.835616438356164,18.229000091552734,10.655906677246094,-34.0182991027832,100.647705078125,-1.088949203491211,2.700183153152466
023_brown,put the brown pouch on the tray,15,1,323,13.582,1788424145.4308832,00014_front_put_the_brown_pouch_on_the_tray.png,00014_wrist_put_the_brown_pouch_on_the_tray.png,recap.png,50,3,350,351,30.417582417582416,28.0,-30.813186813186814,84.65934065934066,-3.208791208791209,13.835616438356164,17.414207458496094,9.617172241210938,-32.81160354614258,100.69384765625,-0.8831300735473633,1.8700366020202637
023_brown,put the brown pouch on the tray,15,1,323,13.582,1788424145.4308832,00014_front_put_the_brown_pouch_on_the_tray.png,00014_wrist_put_the_brown_pouch_on_the_tray.png,recap.png,50,4,351,352,30.417582417582416,28.0,-30.813186813186814,84.65934065934066,-3.208791208791209,13.835616438356164,16.27071762084961,7.159385681152344,-31.598499298095703,100.82028198242188,-0.9638662338256836,1.6959309577941895
023_brown,put the brown pouch on the tray,15,1,323,13.582,1788424145.4308832,00014_front_put_the_brown_pouch_on_the_tray.png,00014_wrist_put_the_brown_pouch_on_the_tray.png,recap.png,50,5,352,353,30.417582417582416,28.0,-30.813186813186814,84.65934065934066,-3.208791208791209,13.835616438356164,15.400337219238281,5.679656982421875,-28.772640228271484,100.80854797363281,-1.0378913879394531,1.5842764377593994
023_brown,put the brown pouch on the tray,15,1,323,13.582,1788424145.4308832,00014_front_put_the_brown_pouch_on_the_tray.png,00014_wrist_put_the_brown_pouch_on_the_tray.png,recap.png,50,6,353,354,30.417582417582416,28.0,-30.813186813186814,84.65934065934066,-3.208791208791209,13.835616438356164,14.517860412597656,3.14654541015625,-26.661121368408203,100.76979064941406,-1.140517234802246,1.7164347171783447
023_brown,put the brown pouch on the tray,15,1,323,13.582,1788424145.4308832,00014_front_put_the_brown_pouch_on_the_tray.png,00014_wrist_put_the_brown_pouch_on_the_tray.png,recap.png,50,7,354,355,30.417582417582416,28.0,-30.813186813186814,84.65934065934066,-3.208791208791209,13.835616438356164,13.597972869873047,0.889801025390625,-24.504220962524414,100.7877197265625,-1.178990364074707,1.5426669120788574
023_brown,put the brown pouch on the tray,15,1,323,13.582,1788424145.4308832,00014_front_put_the_brown_pouch_on_the_tray.png,00014_wrist_put_the_brown_pouch_on_the_tray.png,recap.png,50,8,355,356,30.417582417582416,28.0,-30.813186813186814,84.65934065934066,-3.208791208791209,13.835616438356164,12.695472717285156,-1.8223190307617188,-21.804855346679688,100.71735382080078,-1.1760625839233398,1.4928302764892578
023_brown,put the brown pouch on the tray,15,1,323,13.582,1788424145.4308832,00014_front_put_the_brown_pouch_on_the_tray.png,00014_wrist_put_the_brown_pouch_on_the_tray.png,recap.png,50,9,356,357,30.417582417582416,28.0,-30.813186813186814,84.65934065934066,-3.208791208791209,13.835616438356164,11.734626770019531,-4.972801208496094,-19.32373809814453,100.50811767578125,-1.2585201263427734,1.0958913564682007
023_brown,put the brown pouch on the tray,15,1,323,13.582,1788424145.4308832,00014_front_put_the_brown_pouch_on_the_tray.png,00014_wrist_put_the_brown_pouch_on_the_tray.png,recap.png,50,10,357,358,30.417582417582416,28.0,-30.813186813186814,84.65934065934066,-3.208791208791209,13.835616438356164,10.75564193725586,-7.176322937011719,-16.74073028564453,100.29649353027344,-1.1968841552734375,1.1948351860046387
023_brown,put the brown pouch on the tray,15,1,323,13.582,1788424145.4308832,00014_front_put_the_brown_pouch_on_the_tray.png,00014_wrist_put_the_brown_pouch_on_the_tray.png,recap.png,50,11,358,359,30.417582417582416,28.0,-30.813186813186814,84.65934065934066,-3.208791208791209,13.835616438356164,9.845672607421875,-9.820243835449219,-14.032569885253906,100.18525695800781,-1.3008975982666016,1.1246159076690674
023_brown,put the brown pouch on the tray,15,1,323,13.582,1788424145.4308832,00014_front_put_the_brown_pouch_on_the_tray.png,00014_wrist_put_the_brown_pouch_on_the_tray.png,recap.png,50,12,359,360,30.417582417582416,28.0,-30.813186813186814,84.65934065934066,-3.208791208791209,13.835616438356164,8.980449676513672,-12.679580688476562,-10.928009033203125,99.92947387695312,-1.3905048370361328,1.1871910095214844
023_brown,put the brown pouch on the tray,15,1,323,13.582,1788424145.4308832,00014_front_put_the_brown_pouch_on_the_tray.png,00014_wrist_put_the_brown_pouch_on_the_tray.png,recap.png,50,13,360,361,30.417582417582416,28.0,-30.813186813186814,84.65934065934066,-3.208791208791209,13.835616438356164,8.12939453125,-15.457626342773438,-8.974639892578125,99.6130142211914,-1.3376922607421875,1.2221620082855225
023_brown,put the brown pouch on the tray,15,1,323,13.582,1788424145.4308832,00014_front_put_the_brown_pouch_on_the_tray.png,00014_wrist_put_the_brown_pouch_on_the_tray.png,recap.png,50,14,361,362,30.417582417582416,28.0,-30.813186813186814,84.65934065934066,-3.208791208791209,13.835616438356164,7.31231689453125,-18.859100341796875,-6.017864227294922,99.33909606933594,-1.501734733581543,1.2846980094909668
023_brown,put the brown pouch on the tray,15,1,323,13.582,1788424145.4308832,00014_front_put_the_brown_pouch_on_the_tray.png,00014_wrist_put_the_brown_pouch_on_the_tray.png,recap.png,50,15,362,363,30.417582417582416,28.0,-30.813186813186814,84.65934065934066,-3.208791208791209,13.835616438356164,6.6211700439453125,-21.149871826171875,-3.304737091064453,99.00100708007812,-1.5535039901733398,1.206498622894287
023_brown,put the brown pouch on the tray,15,1,323,13.582,1788424145.4308832,00014_front_put_the_brown_pouch_on_the_tray.png,00014_wrist_put_the_brown_pouch_on_the_tray.png,recap.png,50,16,363,364,30.417582417582416,28.0,-30.813186813186814,84.65934065934066,-3.208791208791209,13.835616438356164,5.8408355712890625,-23.976524353027344,-0.6311264038085938,98.43060302734375,-1.6399879455566406,1.170212745666504
023_brown,put the brown pouch on the tray,15,1,323,13.582,1788424145.4308832,00014_front_put_the_brown_pouch_on_the_tray.png,00014_wrist_put_the_brown_pouch_on_the_tray.png,recap.png,50,17,364,365,30.417582417582416,28.0,-30.813186813186814,84.65934065934066,-3.208791208791209,13.835616438356164,5.163043975830078,-26.622779846191406,2.2429237365722656,97.93721008300781,-1.60498046875,1.2517766952514648
023_brown,put the brown pouch on the tray,15,1,323,13.582,1788424145.4308832,00014_front_put_the_brown_pouch_on_the_tray.png,00014_wrist_put_the_brown_pouch_on_the_tray.png,recap.png,50,18,365,366,30.417582417582416,28.0,-30.813186813186814,84.65934065934066,-3.208791208791209,13.835616438356164,4.648258209228516,-29.52922821044922,5.055797576904297,97.16842651367188,-1.6560697555541992,1.2653064727783203
023_brown,put the brown pouch on the tray,15,1,323,13.582,1788424145.4308832,00014_front_put_the_brown_pouch_on_the_tray.png,00014_wrist_put_the_brown_pouch_on_the_tray.png,recap.png,50,19,366,367,30.417582417582416,28.0,-30.813186813186814,84.65934065934066,-3.208791208791209,13.835616438356164,3.9799766540527344,-32.121826171875,7.7163238525390625,96.09773254394531,-1.6858367919921875,1.1692471504211426
023_brown,put the brown pouch on the tray,15,1,323,13.582,1788424145.4308832,00014_front_put_the_brown_pouch_on_the_tray.png,00014_wrist_put_the_brown_pouch_on_the_tray.png,recap.png,50,20,367,368,30.417582417582416,28.0,-30.813186813186814,84.65934065934066,-3.208791208791209,13.835616438356164,3.5903778076171875,-34.81816101074219,10.728546142578125,95.21441650390625,-1.5893926620483398,1.091850996017456
023_brown,put the brown pouch on the tray,15,1,323,13.582,1788424145.4308832,00014_front_put_the_brown_pouch_on_the_tray.png,00014_wrist_put_the_brown_pouch_on_the_tray.png,recap.png,50,21,368,369,30.417582417582416,28.0,-30.813186813186814,84.65934065934066,-3.208791208791209,13.835616438356164,3.090984344482422,-37.078102111816406,13.069725036621094,94.24909210205078,-1.5448846817016602,1.1375336647033691
023_brown,put the brown pouch on the tray,16,1,346,14.419,1788424146.2669008,00015_front_put_the_brown_pouch_on_the_tray.png,00015_wrist_put_the_brown_pouch_on_the_tray.png,recap.png,50,0,369,370,30.32967032967033,31.34065934065934,-43.91208791208791,95.56043956043956,-2.769230769230769,25.958904109589042,6.09571647644043,-22.266204833984375,-2.0633487701416016,97.72492980957031,-0.7659473419189453,1.0243327617645264
023_brown,put the brown pouch on the tray,16,1,346,14.419,1788424146.2669008,00015_front_put_the_brown_pouch_on_the_tray.png,00015_wrist_put_the_brown_pouch_on_the_tray.png,recap.png,50,1,370,371,30.32967032967033,31.34065934065934,-43.91208791208791,95.56043956043956,-2.769230769230769,25.958904109589042,5.553205490112305,-24.61434555053711,0.07242918014526367,97.08100891113281,-0.7501534819602966,1.0351860523223877
023_brown,put the brown pouch on the tray,16,1,346,14.419,1788424146.2669008,00015_front_put_the_brown_pouch_on_the_tray.png,00015_wrist_put_the_brown_pouch_on_the_tray.png,recap.png,50,2,371,372,30.32967032967033,31.34065934065934,-43.91208791208791,95.56043956043956,-2.769230769230769,25.958904109589042,5.026507377624512,-26.562484741210938,2.271580219268799,96.70083618164062,-0.7408360242843628,1.005373477935791
023_brown,put the brown pouch on the tray,16,1,346,14.419,1788424146.2669008,00015_front_put_the_brown_pouch_on_the_tray.png,00015_wrist_put_the_brown_pouch_on_the_tray.png,recap.png,50,3,372,373,30.32967032967033,31.34065934065934,-43.91208791208791,95.56043956043956,-2.769230769230769,25.958904109589042,4.273478031158447,-28.644926071166992,4.120975017547607,96.06521606445312,-0.6812300682067871,1.0858922004699707
023_brown,put the brown pouch on the tray,16,1,346,14.419,1788424146.2669008,00015_front_put_the_brown_pouch_on_the_tray.png,00015_wrist_put_the_brown_pouch_on_the_tray.png,recap.png,50,4,373,374,30.32967032967033,31.34065934065934,-43.91208791208791,95.56043956043956,-2.769230769230769,25.958904109589042,4.506355285644531,-22.753219604492188,-2.434314727783203,98.71593475341797,-0.6552009582519531,0.9092749357223511
023_brown,put the brown pouch on the tray,16,1,346,14.419,1788424146.2669008,00015_front_put_the_brown_pouch_on_the_tray.png,00015_wrist_put_the_brown_pouch_on_the_tray.png,recap.png,50,5,374,375,30.32967032967033,31.34065934065934,-43.91208791208791,95.56043956043956,-2.769230769230769,25.958904109589042,3.871753692626953,-24.305328369140625,-0.63946533203125,98.60188293457031,-0.5913572311401367,1.0443041324615479
023_brown,put the brown pouch on the tray,16,1,346,14.419,1788424146.2669008,00015_front_put_the_brown_pouch_on_the_tray.png,00015_wrist_put_the_brown_pouch_on_the_tray.png,recap.png,50,6,375,376,30.32967032967033,31.34065934065934,-43.91208791208791,95.56043956043956,-2.769230769230769,25.958904109589042,3.190013885498047,-25.89165496826172,1.3442459106445312,98.18960571289062,-0.6516590118408203,1.078805685043335
023_brown,put the brown pouch on the tray,16,1,346,14.419,1788424146.2669008,00015_front_put_the_brown_pouch_on_the_tray.png,00015_wrist_put_the_brown_pouch_on_the_tray.png,recap.png,50,7,376,377,30.32967032967033,31.34065934065934,-43.91208791208791,95.56043956043956,-2.769230769230769,25.958904109589042,2.6458053588867188,-27.818023681640625,4.246768951416016,97.76405334472656,-0.6359624862670898,1.027097463607788
023_brown,put the brown pouch on the tray,16,1,346,14.419,1788424146.2669008,00015_front_put_the_brown_pouch_on_the_tray.png,00015_wrist_put_the_brown_pouch_on_the_tray.png,recap.png,50,8,377,378,30.32967032967033,31.34065934065934,-43.91208791208791,95.56043956043956,-2.769230769230769,25.958904109589042,2.29638671875,-29.28533172607422,5.8470611572265625,96.81027221679688,-0.6030149459838867,1.031904697418213
023_brown,put the brown pouch on the tray,16,1,346,14.419,1788424146.2669008,00015_front_put_the_brown_pouch_on_the_tray.png,00015_wrist_put_the_brown_pouch_on_the_tray.png,recap.png,50,9,378,379,30.32967032967033,31.34065934065934,-43.91208791208791,95.56043956043956,-2.769230769230769,25.958904109589042,2.2357406616210938,-31.453819274902344,7.851264953613281,95.83251953125,-0.6272783279418945,1.0590031147003174
023_brown,put the brown pouch on the tray,16,1,346,14.419,1788424146.2669008,00015_front_put_the_brown_pouch_on_the_tray.png,00015_wrist_put_the_brown_pouch_on_the_tray.png,recap.png,50,10,379,380,30.32967032967033,31.34065934065934,-43.91208791208791,95.56043956043956,-2.769230769230769,25.958904109589042,1.9885215759277344,-33.44634246826172,10.820686340332031,94.70350646972656,-0.660491943359375,1.1232457160949707
023_brown,put the brown pouch on the tray,16,1,346,14.419,1788424146.2669008,00015_front_put_the_brown_pouch_on_the_tray.png,00015_wrist_put_the_brown_pouch_on_the_tray.png,recap.png,50,11,380,381,30.32967032967033,31.34065934065934,-43.91208791208791,95.56043956043956,-2.769230769230769,25.958904109589042,1.759918212890625,-34.784400939941406,13.266807556152344,93.36891174316406,-0.6636514663696289,1.0525314807891846
023_brown,put the brown pouch on the tray,16,1,346,14.419,1788424146.2669008,00015_front_put_the_brown_pouch_on_the_tray.png,00015_wrist_put_the_brown_pouch_on_the_tray.png,recap.png,50,12,381,382,30.32967032967033,31.34065934065934,-43.91208791208791,95.56043956043956,-2.769230769230769,25.958904109589042,1.4233665466308594,-36.47099304199219,15.928535461425781,92.2934341430664,-0.6298255920410156,1.1051967144012451
023_brown,put the brown pouch on the tray,16,1,346,14.419,1788424146.2669008,00015_front_put_the_brown_pouch_on_the_tray.png,00015_wrist_put_the_brown_pouch_on_the_tray.png,recap.png,50,13,382,383,30.32967032967033,31.34065934065934,-43.91208791208791,95.56043956043956,-2.769230769230769,25.958904109589042,1.3320198059082031,-37.91851806640625,16.946998596191406,91.26151275634766,-0.5569906234741211,0.9523459076881409
023_brown,put the brown pouch on the tray,16,1,346,14.419,1788424146.2669008,00015_front_put_the_brown_pouch_on_the_tray.png,00015_wrist_put_the_brown_pouch_on_the_tray.png,recap.png,50,14,383,384,30.32967032967033,31.34065934065934,-43.91208791208791,95.56043956043956,-2.769230769230769,25.958904109589042,1.0687332153320312,-39.85323715209961,20.087615966796875,90.31874084472656,-0.6931982040405273,1.0465770959854126
023_brown,put the brown pouch on the tray,16,1,346,14.419,1788424146.2669008,00015_front_put_the_brown_pouch_on_the_tray.png,00015_wrist_put_the_brown_pouch_on_the_tray.png,recap.png,50,15,384,385,30.32967032967033,31.34065934065934,-43.91208791208791,95.56043956043956,-2.769230769230769,25.958904109589042,0.7782821655273438,-41.43244552612305,21.580833435058594,89.50094604492188,-0.8786306381225586,1.0007275342941284
023_brown,put the brown pouch on the tray,16,1,346,14.419,1788424146.2669008,00015_front_put_the_brown_pouch_on_the_tray.png,00015_wrist_put_the_brown_pouch_on_the_tray.png,recap.png,50,16,385,386,30.32967032967033,31.34065934065934,-43.91208791208791,95.56043956043956,-2.769230769230769,25.958904109589042,0.17996978759765625,-43.52024459838867,23.549285888671875,88.76982116699219,-0.6418914794921875,1.0466876029968262
023_brown,put the brown pouch on the tray,16,1,346,14.419,1788424146.2669008,00015_front_put_the_brown_pouch_on_the_tray.png,00015_wrist_put_the_brown_pouch_on_the_tray.png,recap.png,50,17,386,387,30.32967032967033,31.34065934065934,-43.91208791208791,95.56043956043956,-2.769230769230769,25.958904109589042,-0.09939193725585938,-44.52827835083008,24.79547119140625,88.28864288330078,-0.8815279006958008,1.1223821640014648
023_brown,put the brown pouch on the tray,16,1,346,14.419,1788424146.2669008,00015_front_put_the_brown_pouch_on_the_tray.png,00015_wrist_put_the_brown_pouch_on_the_tray.png,recap.png,50,18,387,388,30.32967032967033,31.34065934065934,-43.91208791208791,95.56043956043956,-2.769230769230769,25.958904109589042,-0.15694046020507812,-46.621978759765625,26.745086669921875,87.53877258300781,-0.7515659332275391,1.143949031829834
023_brown,put the brown pouch on the tray,16,1,346,14.419,1788424146.2669008,00015_front_put_the_brown_pouch_on_the_tray.png,00015_wrist_put_the_brown_pouch_on_the_tray.png,recap.png,50,19,388,389,30.32967032967033,31.34065934065934,-43.91208791208791,95.56043956043956,-2.769230769230769,25.958904109589042,-0.3981056213378906,-47.79058837890625,28.214988708496094,86.80448913574219,-0.7534389495849609,1.2781403064727783
023_brown,put the brown pouch on the tray,16,1,346,14.419,1788424146.2669008,00015_front_put_the_brown_pouch_on_the_tray.png,00015_wrist_put_the_brown_pouch_on_the_tray.png,recap.png,50,20,389,390,30.32967032967033,31.34065934065934,-43.91208791208791,95.56043956043956,-2.769230769230769,25.958904109589042,-0.5486888885498047,-49.200355529785156,29.99060821533203,86.0543441772461,-0.9714145660400391,1.3179683685302734
023_brown,put the brown pouch on the tray,16,1,346,14.419,1788424146.2669008,00015_front_put_the_brown_pouch_on_the_tray.png,00015_wrist_put_the_brown_pouch_on_the_tray.png,recap.png,50,21,390,391,30.32967032967033,31.34065934065934,-43.91208791208791,95.56043956043956,-2.769230769230769,25.958904109589042,-0.5396671295166016,-50.7918701171875,32.10638427734375,85.37315368652344,-0.8675241470336914,1.2273399829864502
023_brown,put the brown pouch on the tray,16,1,346,14.419,1788424146.2669008,00015_front_put_the_brown_pouch_on_the_tray.png,00015_wrist_put_the_brown_pouch_on_the_tray.png,recap.png,50,22,391,392,30.32967032967033,31.34065934065934,-43.91208791208791,95.56043956043956,-2.769230769230769,25.958904109589042,-0.22489547729492188,-52.00877380371094,33.92028045654297,84.31372833251953,-0.9035711288452148,1.1733715534210205
023_brown,put the brown pouch on the tray,16,1,346,14.419,1788424146.2669008,00015_front_put_the_brown_pouch_on_the_tray.png,00015_wrist_put_the_brown_pouch_on_the_tray.png,recap.png,50,23,392,393,30.32967032967033,31.34065934065934,-43.91208791208791,95.56043956043956,-2.769230769230769,25.958904109589042,0.09265899658203125,-53.254817962646484,35.46063995361328,83.4415283203125,-0.9552822113037109,1.110271692276001
023_brown,put the brown pouch on the tray,16,1,346,14.419,1788424146.2669008,00015_front_put_the_brown_pouch_on_the_tray.png,00015_wrist_put_the_brown_pouch_on_the_tray.png,recap.png,50,24,393,394,30.32967032967033,31.34065934065934,-43.91208791208791,95.56043956043956,-2.769230769230769,25.958904109589042,0.32901763916015625,-55.488258361816406,38.0009765625,82.6112060546875,-0.9225482940673828,1.2539360523223877
023_brown,put the brown pouch on the tray,16,1,346,14.419,1788424146.2669008,00015_front_put_the_brown_pouch_on_the_tray.png,00015_wrist_put_the_brown_pouch_on_the_tray.png,recap.png,50,25,394,395,30.32967032967033,31.34065934065934,-43.91208791208791,95.56043956043956,-2.769230769230769,25.958904109589042,0.81280517578125,-57.18238830566406,39.69828796386719,81.35437774658203,-1.003483772277832,1.1059849262237549
023_brown,put the brown pouch on the tray,16,1,346,14.419,1788424146.2669008,00015_front_put_the_brown_pouch_on_the_tray.png,00015_wrist_put_the_brown_pouch_on_the_tray.png,recap.png,50,26,395,396,30.32967032967033,31.34065934065934,-43.91208791208791,95.56043956043956,-2.769230769230769,25.958904109589042,1.114410400390625,-59.50217056274414,42.039390563964844,80.4310531616211,-1.347508430480957,1.0201053619384766
023_brown,put the brown pouch on the tray,17,0,368,15.289,1788424147.135921,00016_front_put_the_brown_pouch_on_the_tray.png,00016_wrist_put_the_brown_pouch_on_the_tray.png,recap.png,50,0,396,397,4.835164835164835,-26.945054945054945,4.7032967032967035,97.49450549450549,-1.4505494505494505,1.4383561643835616,-1.2516098022460938,-73.83436584472656,59.64623260498047,74.65101623535156,-1.0275888442993164,1.2757322788238525
023_brown,put the brown pouch on the tray,17,0,368,15.289,1788424147.135921,00016_front_put_the_brown_pouch_on_the_tray.png,00016_wrist_put_the_brown_pouch_on_the_tray.png,recap.png,50,1,397,398,4.835164835164835,-26.945054945054945,4.7032967032967035,97.49450549450549,-1.4505494505494505,1.4383561643835616,-1.5918540954589844,-76.07625579833984,60.504730224609375,74.8694076538086,-1.056051254272461,1.1720852851867676
023_brown,put the brown pouch on the tray,17,0,368,15.289,1788424147.135921,00016_front_put_the_brown_pouch_on_the_tray.png,00016_wrist_put_the_brown_pouch_on_the_tray.png,recap.png,50,2,398,399,4.835164835164835,-26.945054945054945,4.7032967032967035,97.49450549450549,-1.4505494505494505,1.4383561643835616,-1.7169437408447266,-78.46229553222656,62.51348876953125,74.92210388183594,-1.0543203353881836,1.2128334045410156
023_brown,put the brown pouch on the tray,17,0,368,15.289,1788424147.135921,00016_front_put_the_brown_pouch_on_the_tray.png,00016_wrist_put_the_brown_pouch_on_the_tray.png,recap.png,50,3,399,400,4.835164835164835,-26.945054945054945,4.7032967032967035,97.49450549450549,-1.4505494505494505,1.4383561643835616,-2.0521087646484375,-80.8333511352539,64.23211669921875,75.19407653808594,-1.124232292175293,1.2137818336486816
023_brown,put the brown pouch on the tray,17,0,368,15.289,1788424147.135921,00016_front_put_the_brown_pouch_on_the_tray.png,00016_wrist_put_the_brown_pouch_on_the_tray.png,recap.png,50,4,400,401,4.835164835164835,-26.945054945054945,4.7032967032967035,97.49450549450549,-1.4505494505494505,1.4383561643835616,-2.3629226684570312,-83.513427734375,65.35851287841797,75.175537109375,-1.035543441772461,1.294067144393921
023_brown,put the brown pouch on the tray,17,0,368,15.289,1788424147.135921,00016_front_put_the_brown_pouch_on_the_tray.png,00016_wrist_put_the_brown_pouch_on_the_tray.png,recap.png,50,5,401,402,4.835164835164835,-26.945054945054945,4.7032967032967035,97.49450549450549,-1.4505494505494505,1.4383561643835616,-2.347402572631836,-86.24181365966797,66.79080963134766,75.25556182861328,-1.0167732238769531,1.185246229171753
023_brown,put the brown pouch on the tray,17,0,368,15.289,1788424147.135921,00016_front_put_the_brown_pouch_on_the_tray.png,00016_wrist_put_the_brown_pouch_on_the_tray.png,recap.png,50,6,402,403,4.835164835164835,-26.945054945054945,4.7032967032967035,97.49450549450549,-1.4505494505494505,1.4383561643835616,-2.7470932006835938,-88.94994354248047,68.91681671142578,75.37586975097656,-1.1910982131958008,1.3596882820129395
023_brown,put the brown pouch on the tray,17,0,368,15.289,1788424147.135921,00016_front_put_the_brown_pouch_on_the_tray.png,00016_wrist_put_the_brown_pouch_on_the_tray.png,recap.png,50,7,403,404,4.835164835164835,-26.945054945054945,4.7032967032967035,97.49450549450549,-1.4505494505494505,1.4383561643835616,-2.926971435546875,-91.12547302246094,69.37932586669922,75.46007537841797,-1.209172248840332,1.24942946434021
023_brown,put the brown pouch on the tray,17,0,368,15.289,1788424147.135921,00016_front_put_the_brown_pouch_on_the_tray.png,00016_wrist_put_the_brown_pouch_on_the_tray.png,recap.png,50,8,404,405,4.835164835164835,-26.945054945054945,4.7032967032967035,97.49450549450549,-1.4505494505494505,1.4383561643835616,-3.200756072998047,-93.21768951416016,71.26576232910156,75.82283020019531,-1.1033544540405273,1.230586051940918
023_brown,put the brown pouch on the tray,17,0,368,15.289,1788424147.135921,00016_front_put_the_brown_pouch_on_the_tray.png,00016_wrist_put_the_brown_pouch_on_the_tray.png,recap.png,50,9,405,406,4.835164835164835,-26.945054945054945,4.7032967032967035,97.49450549450549,-1.4505494505494505,1.4383561643835616,-3.020212173461914,-95.3519058227539,72.30363464355469,76.09098052978516,-1.3212203979492188,1.1610910892486572
023_brown,put the brown pouch on the tray,17,0,368,15.289,1788424147.135921,00016_front_put_the_brown_pouch_on_the_tray.png,00016_wrist_put_the_brown_pouch_on_the_tray.png,recap.png,50,10,406,407,4.835164835164835,-26.945054945054945,4.7032967032967035,97.49450549450549,-1.4505494505494505,1.4383561643835616,-3.3226795196533203,-96.87236022949219,73.82162475585938,76.491455078125,-1.2385787963867188,1.1978538036346436
023_brown,put the brown pouch on the tray,17,0,368,15.289,1788424147.135921,00016_front_put_the_brown_pouch_on_the_tray.png,00016_wrist_put_the_brown_pouch_on_the_tray.png,recap.png,50,11,407,408,4.835164835164835,-26.945054945054945,4.7032967032967035,97.49450549450549,-1.4505494505494505,1.4383561643835616,-3.545978546142578,-99.57951354980469,74.99803161621094,76.72604370117188,-1.1151151657104492,1.1496210098266602
023_brown,put the brown pouch on the tray,17,0,368,15.289,1788424147.135921,00016_front_put_the_brown_pouch_on_the_tray.png,00016_wrist_put_the_brown_pouch_on_the_tray.png,recap.png,50,12,408,409,4.835164835164835,-26.945054945054945,4.7032967032967035,97.49450549450549,-1.4505494505494505,1.4383561643835616,-3.4096832275390625,-101.37826538085938,76.07528686523438,77.4723129272461,-1.2289562225341797,1.2972917556762695
023_brown,put the brown pouch on the tray,17,0,368,15.289,1788424147.135921,00016_front_put_the_brown_pouch_on_the_tray.png,00016_wrist_put_the_brown_pouch_on_the_tray.png,recap.png,50,13,409,410,4.835164835164835,-26.945054945054945,4.7032967032967035,97.49450549450549,-1.4505494505494505,1.4383561643835616,-3.1589279174804688,-102.67804718017578,78.01937866210938,78.269775390625,-1.1443462371826172,1.4330666065216064
023_brown,put the brown pouch on the tray,17,0,368,15.289,1788424147.135921,00016_front_put_the_brown_pouch_on_the_tray.png,00016_wrist_put_the_brown_pouch_on_the_tray.png,recap.png,50,14,410,411,4.835164835164835,-26.945054945054945,4.7032967032967035,97.49450549450549,-1.4505494505494505,1.4383561643835616,-3.012714385986328,-104.73976135253906,78.38739013671875,78.5963134765625,-1.2442617416381836,1.2015044689178467
023_brown,put the brown pouch on the tray,17,0,368,15.289,1788424147.135921,00016_front_put_the_brown_pouch_on_the_tray.png,00016_wrist_put_the_brown_pouch_on_the_tray.png,recap.png,50,15,411,412,4.835164835164835,-26.945054945054945,4.7032967032967035,97.49450549450549,-1.4505494505494505,1.4383561643835616,-3.0149154663085938,-105.07164764404297,79.63717651367188,79.4176025390625,-0.9727897644042969,1.409898042678833
023_brown,put the brown pouch on the tray,17,0,368,15.289,1788424147.135921,00016_front_put_the_brown_pouch_on_the_tray.png,00016_wrist_put_the_brown_pouch_on_the_tray.png,recap.png,50,16,412,413,4.835164835164835,-26.945054945054945,4.7032967032967035,97.49450549450549,-1.4505494505494505,1.4383561643835616,-2.8164100646972656,-106.26846313476562,79.60733032226562,79.6521224975586,-1.0876750946044922,1.3278188705444336
023_brown,put the brown pouch on the tray,17,0,368,15.289,1788424147.135921,00016_front_put_the_brown_pouch_on_the_tray.png,00016_wrist_put_the_brown_pouch_on_the_tray.png,recap.png,50,17,413,414,4.835164835164835,-26.945054945054945,4.7032967032967035,97.49450549450549,-1.4505494505494505,1.4383561643835616,-2.833700180053711,-106.43173217773438,80.47496032714844,80.4471664428711,-1.006422996520996,1.3534696102142334
023_brown,put the brown pouch on the tray,17,0,368,15.289,1788424147.135921,00016_front_put_the_brown_pouch_on_the_tray.png,00016_wrist_put_the_brown_pouch_on_the_tray.png,recap.png,50,18,414,415,4.835164835164835,-26.945054945054945,4.7032967032967035,97.49450549450549,-1.4505494505494505,1.4383561643835616,-2.676959991455078,-106.57492065429688,81.63449096679688,80.73357391357422,-0.8885478973388672,1.299905776977539
023_brown,put the brown pouch on the tray,17,0,368,15.289,1788424147.135921,00016_front_put_the_brown_pouch_on_the_tray.png,00016_wrist_put_the_brown_pouch_on_the_tray.png,recap.png,50,19,415,416,4.835164835164835,-26.945054945054945,4.7032967032967035,97.49450549450549,-1.4505494505494505,1.4383561643835616,-2.7031211853027344,-106.8470687866211,82.67262268066406,80.74846649169922,-0.9131288528442383,1.4516105651855469
023_brown,put the brown pouch on the tray,17,0,368,15.289,1788424147.135921,00016_front_put_the_brown_pouch_on_the_tray.png,00016_wrist_put_the_brown_pouch_on_the_tray.png,recap.png,50,20,416,417,4.835164835164835,-26.945054945054945,4.7032967032967035,97.49450549450549,-1.4505494505494505,1.4383561643835616,-2.4620742797851562,-107.16746520996094,83.80064392089844,80.43013000488281,-0.7882795333862305,1.3059747219085693
023_brown,put the brown pouch on the tray,17,0,368,15.289,1788424147.135921,00016_front_put_the_brown_pouch_on_the_tray.png,00016_wrist_put_the_brown_pouch_on_the_tray.png,recap.png,50,21,417,418,4.835164835164835,-26.945054945054945,4.7032967032967035,97.49450549450549,-1.4505494505494505,1.4383561643835616,-2.542421340942383,-106.47854614257812,83.68743896484375,80.70629119873047,-0.8234443664550781,1.4434278011322021
023_brown,put the brown pouch on the tray,18,1,395,16.191,1788424148.038617,00017_front_put_the_brown_pouch_on_the_tray.png,00017_wrist_put_the_brown_pouch_on_the_tray.png,recap.png,50,0,418,419,-0.17582417582417584,-52.7032967032967,36.26373626373626,84.21978021978022,-1.098901098901099,1.3013698630136987,-2.9602508544921875,-92.58570861816406,71.68663024902344,76.94623565673828,-1.7710084915161133,0.642427384853363
023_brown,put the brown pouch on the tray,18,1,395,16.191,1788424148.038617,00017_front_put_the_brown_pouch_on_the_tray.png,00017_wrist_put_the_brown_pouch_on_the_tray.png,recap.png,50,1,419,420,-0.17582417582417584,-52.7032967032967,36.26373626373626,84.21978021978022,-1.098901098901099,1.3013698630136987,-2.935626983642578,-94.41397857666016,72.73309326171875,76.84269714355469,-1.6709165573120117,0.7290292382240295
023_brown,put the brown pouch on the tray,18,1,395,16.191,1788424148.038617,00017_front_put_the_brown_pouch_on_the_tray.png,00017_wrist_put_the_brown_pouch_on_the_tray.png,recap.png,50,2,420,421,-0.17582417582417584,-52.7032967032967,36.26373626373626,84.21978021978022,-1.098901098901099,1.3013698630136987,-2.9509334564208984,-96.06343841552734,73.76792907714844,76.82444763183594,-1.8060932159423828,0.8806873559951782
023_brown,put the brown pouch on the tray,18,1,395,16.191,1788424148.038617,00017_front_put_the_brown_pouch_on_the_tray.png,00017_wrist_put_the_brown_pouch_on_the_tray.png,recap.png,50,3,421,422,-0.17582417582417584,-52.7032967032967,36.26373626373626,84.21978021978022,-1.098901098901099,1.3013698630136987,-3.26739501953125,-96.42080688476562,75.243408203125,76.88217163085938,-1.7889213562011719,0.7340934872627258
023_brown,put the brown pouch on the tray,18,1,395,16.191,1788424148.038617,00017_front_put_the_brown_pouch_on_the_tray.png,00017_wrist_put_the_brown_pouch_on_the_tray.png,recap.png,50,4,422,423,-0.17582417582417584,-52.7032967032967,36.26373626373626,84.21978021978022,-1.098901098901099,1.3013698630136987,-3.0783653259277344,-97.59087371826172,75.75650024414062,77.02825927734375,-1.6704397201538086,0.78974449634552
023_brown,put the brown pouch on the tray,18,1,395,16.191,1788424148.038617,00017_front_put_the_brown_pouch_on_the_tray.png,00017_wrist_put_the_brown_pouch_on_the_tray.png,recap.png,50,5,423,424,-0.17582417582417584,-52.7032967032967,36.26373626373626,84.21978021978022,-1.098901098901099,1.3013698630136987,-2.9506282806396484,-98.95411682128906,77.35333251953125,77.08274841308594,-1.7938613891601562,0.7904540300369263
023_brown,put the brown pouch on the tray,18,1,395,16.191,1788424148.038617,00017_front_put_the_brown_pouch_on_the_tray.png,00017_wrist_put_the_brown_pouch_on_the_tray.png,recap.png,50,6,424,425,-0.17582417582417584,-52.7032967032967,36.26373626373626,84.21978021978022,-1.098901098901099,1.3013698630136987,-2.8930015563964844,-99.71163940429688,78.36770629882812,77.33132934570312,-1.8250694274902344,0.6836788654327393
023_brown,put the brown pouch on the tray,18,1,395,16.191,1788424148.038617,00017_front_put_the_brown_pouch_on_the_tray.png,00017_wrist_put_the_brown_pouch_on_the_tray.png,recap.png,50,7,425,426,-0.17582417582417584,-52.7032967032967,36.26373626373626,84.21978021978022,-1.098901098901099,1.3013698630136987,-2.7750110626220703,-100.34534454345703,79.37080383300781,77.65711975097656,-1.8483686447143555,0.7546438574790955
023_brown,put the brown pouch on the tray,18,1,395,16.191,1788424148.038617,00017_front_put_the_brown_pouch_on_the_tray.png,00017_wrist_put_the_brown_pouch_on_the_tray.png,recap.png,50,8,426,427,-0.17582417582417584,-52.7032967032967,36.26373626373626,84.21978021978022,-1.098901098901099,1.3013698630136987,-2.7019577026367188,-101.09752655029297,79.97492980957031,77.9465103149414,-1.8551959991455078,0.619519054889679
023_brown,put the brown pouch on the tray,18,1,395,16.191,1788424148.038617,00017_front_put_the_brown_pouch_on_the_tray.png,00017_wrist_put_the_brown_pouch_on_the_tray.png,recap.png,50,9,427,428,-0.17582417582417584,-52.7032967032967,36.26373626373626,84.21978021978022,-1.098901098901099,1.3013698630136987,-2.519075393676758,-101.83686828613281,80.93095397949219,78.2392578125,-1.8569917678833008,0.6830373406410217
023_brown,put the brown pouch on the tray,18,1,395,16.191,1788424148.038617,00017_front_put_the_brown_pouch_on_the_tray.png,00017_wrist_put_the_brown_pouch_on_the_tray.png,recap.png,50,10,428,429,-0.17582417582417584,-52.7032967032967,36.26373626373626,84.21978021978022,-1.098901098901099,1.3013698630136987,-2.4190235137939453,-102.00080871582031,81.7464599609375,78.4871826171875,-1.8521652221679688,0.7387552857398987
023_brown,put the brown pouch on the tray,18,1,395,16.191,1788424148.038617,00017_front_put_the_brown_pouch_on_the_tray.png,00017_wrist_put_the_brown_pouch_on_the_tray.png,recap.png,50,11,429,430,-0.17582417582417584,-52.7032967032967,36.26373626373626,84.21978021978022,-1.098901098901099,1.3013698630136987,-2.3138046264648438,-102.5676498413086,82.42459106445312,78.61083221435547,-1.914438247680664,0.6661822199821472
023_brown,put the brown pouch on the tray,18,1,395,16.191,1788424148.038617,00017_front_put_the_brown_pouch_on_the_tray.png,00017_wrist_put_the_brown_pouch_on_the_tray.png,recap.png,50,12,430,431,-0.17582417582417584,-52.7032967032967,36.26373626373626,84.21978021978022,-1.098901098901099,1.3013698630136987,-2.2198944091796875,-102.5321044921875,83.14622497558594,78.78556823730469,-1.9967889785766602,0.7094072103500366
023_brown,put the brown pouch on the tray,18,1,395,16.191,1788424148.038617,00017_front_put_the_brown_pouch_on_the_tray.png,00017_wrist_put_the_brown_pouch_on_the_tray.png,recap.png,50,13,431,432,-0.17582417582417584,-52.7032967032967,36.26373626373626,84.21978021978022,-1.098901098901099,1.3013698630136987,-2.122722625732422,-103.03934478759766,84.15003967285156,78.64822387695312,-1.9535322189331055,0.6484348773956299
023_brown,put the brown pouch on the tray,18,1,395,16.191,1788424148.038617,00017_front_put_the_brown_pouch_on_the_tray.png,00017_wrist_put_the_brown_pouch_on_the_tray.png,recap.png,50,14,432,433,-0.17582417582417584,-52.7032967032967,36.26373626373626,84.21978021978022,-1.098901098901099,1.3013698630136987,-1.9309349060058594,-103.99564361572266,84.82943725585938,78.40869903564453,-1.920668601989746,0.662428617477417
023_brown,put the brown pouch on the tray,18,1,395,16.191,1788424148.038617,00017_front_put_the_brown_pouch_on_the_tray.png,00017_wrist_put_the_brown_pouch_on_the_tray.png,recap.png,50,15,433,434,-0.17582417582417584,-52.7032967032967,36.26373626373626,84.21978021978022,-1.098901098901099,1.3013698630136987,-1.9279899597167969,-103.75422668457031,85.53266906738281,78.4832992553711,-2.011880874633789,0.6528990268707275
023_brown,put the brown pouch on the tray,18,1,395,16.191,1788424148.038617,00017_front_put_the_brown_pouch_on_the_tray.png,00017_wrist_put_the_brown_pouch_on_the_tray.png,recap.png,50,16,434,435,-0.17582417582417584,-52.7032967032967,36.26373626373626,84.21978021978022,-1.098901098901099,1.3013698630136987,-1.810821533203125,-104.31549835205078,86.21401977539062,78.2440185546875,-2.0094709396362305,0.5422927737236023
023_brown,put the brown pouch on the tray,18,1,395,16.191,1788424148.038617,00017_front_put_the_brown_pouch_on_the_tray.png,00017_wrist_put_the_brown_pouch_on_the_tray.png,recap.png,50,17,435,436,-0.17582417582417584,-52.7032967032967,36.26373626373626,84.21978021978022,-1.098901098901099,1.3013698630136987,-1.5722312927246094,-104.25545501708984,86.4703369140625,78.15813446044922,-1.9900226593017578,0.6521651148796082
023_brown,put the brown pouch on the tray,18,1,395,16.191,1788424148.038617,00017_front_put_the_brown_pouch_on_the_tray.png,00017_wrist_put_the_brown_pouch_on_the_tray.png,recap.png,50,18,436,437,-0.17582417582417584,-52.7032967032967,36.26373626373626,84.21978021978022,-1.098901098901099,1.3013698630136987,-1.2396793365478516,-103.6252670288086,86.26266479492188,78.12232971191406,-2.072535514831543,0.36723247170448303
023_brown,put the brown pouch on the tray,18,1,395,16.191,1788424148.038617,00017_front_put_the_brown_pouch_on_the_tray.png,00017_wrist_put_the_brown_pouch_on_the_tray.png,recap.png,50,19,437,438,-0.17582417582417584,-52.7032967032967,36.26373626373626,84.21978021978022,-1.098901098901099,1.3013698630136987,-0.9679222106933594,-103.59131622314453,87.02847290039062,78.18827819824219,-2.1810293197631836,0.4210480749607086
023_brown,put the brown pouch on the tray,18,1,395,16.191,1788424148.038617,00017_front_put_the_brown_pouch_on_the_tray.png,00017_wrist_put_the_brown_pouch_on_the_tray.png,recap.png,50,20,438,439,-0.17582417582417584,-52.7032967032967,36.26373626373626,84.21978021978022,-1.098901098901099,1.3013698630136987,-0.855438232421875,-103.5801773071289,87.00344848632812,78.03662109375,-2.133920669555664,0.3696562647819519
023_brown,put the brown pouch on the tray,18,1,395,16.191,1788424148.038617,00017_front_put_the_brown_pouch_on_the_tray.png,00017_wrist_put_the_brown_pouch_on_the_tray.png,recap.png,50,21,439,440,-0.17582417582417584,-52.7032967032967,36.26373626373626,84.21978021978022,-1.098901098901099,1.3013698630136987,-0.6902980804443359,-103.72577667236328,87.4864501953125,78.01106262207031,-2.1159610748291016,0.3279310464859009
023_brown,put the brown pouch on the tray,18,1,395,16.191,1788424148.038617,00017_front_put_the_brown_pouch_on_the_tray.png,00017_wrist_put_the_brown_pouch_on_the_tray.png,recap.png,50,22,440,441,-0.17582417582417584,-52.7032967032967,36.26373626373626,84.21978021978022,-1.098901098901099,1.3013698630136987,-0.5876197814941406,-103.19005584716797,87.29756164550781,78.01396942138672,-2.309239387512207,0.35324403643608093
023_brown,put the brown pouch on the tray,18,1,395,16.191,1788424148.038617,00017_front_put_the_brown_pouch_on_the_tray.png,00017_wrist_put_the_brown_pouch_on_the_tray.png,recap.png,50,23,441,442,-0.17582417582417584,-52.7032967032967,36.26373626373626,84.21978021978022,-1.098901098901099,1.3013698630136987,-0.3444976806640625,-103.25465393066406,87.47366333007812,78.12158203125,-2.2958784103393555,0.3515743613243103
023_brown,put the brown pouch on the tray,18,1,395,16.191,1788424148.038617,00017_front_put_the_brown_pouch_on_the_tray.png,00017_wrist_put_the_brown_pouch_on_the_tray.png,recap.png,50,24,442,443,-0.17582417582417584,-52.7032967032967,36.26373626373626,84.21978021978022,-1.098901098901099,1.3013698630136987,-0.22694778442382812,-103.83243560791016,87.62899780273438,78.11422729492188,-2.320279121398926,0.33899539709091187
023_brown,put the brown pouch on the tray,18,1,395,16.191,1788424148.038617,00017_front_put_the_brown_pouch_on_the_tray.png,00017_wrist_put_the_brown_pouch_on_the_tray.png,recap.png,50,25,443,444,-0.17582417582417584,-52.7032967032967,36.26373626373626,84.21978021978022,-1.098901098901099,1.3013698630136987,-0.2929878234863281,-103.20214080810547,87.55072021484375,78.2041244506836,-2.425596237182617,0.45373764634132385
023_brown,put the brown pouch on the tray,18,1,395,16.191,1788424148.038617,00017_front_put_the_brown_pouch_on_the_tray.png,00017_wrist_put_the_brown_pouch_on_the_tray.png,recap.png,50,26,444,445,-0.17582417582417584,-52.7032967032967,36.26373626373626,84.21978021978022,-1.098901098901099,1.3013698630136987,-0.3454475402832031,-103.60404205322266,88.31843566894531,78.21988677978516,-2.421072006225586,0.5885236263275146
023_brown,put the brown pouch on the tray,19,1,417,16.994,1788424148.8411262,00018_front_put_the_brown_pouch_on_the_tray.png,00018_wrist_put_the_brown_pouch_on_the_tray.png,recap.png,50,0,445,446,-3.340659340659341,-102.28571428571429,82.06593406593407,79.73626373626374,-1.098901098901099,1.1643835616438356,-2.994436264038086,-102.809326171875,87.38888549804688,78.83865356445312,-1.1458539962768555,1.1408061981201172
023_brown,put the brown pouch on the tray,19,1,417,16.994,1788424148.8411262,00018_front_put_the_brown_pouch_on_the_tray.png,00018_wrist_put_the_brown_pouch_on_the_tray.png,recap.png,50,1,446,447,-3.340659340659341,-102.28571428571429,82.06593406593407,79.73626373626374,-1.098901098901099,1.1643835616438356,-3.1082935333251953,-102.33300018310547,87.73150634765625,79.02449798583984,-1.2024822235107422,0.9054384231567383
023_brown,put the brown pouch on the tray,19,1,417,16.994,1788424148.8411262,00018_front_put_the_brown_pouch_on_the_tray.png,00018_wrist_put_the_brown_pouch_on_the_tray.png,recap.png,50,2,447,448,-3.340659340659341,-102.28571428571429,82.06593406593407,79.73626373626374,-1.098901098901099,1.1643835616438356,-3.0859947204589844,-102.1678466796875,87.15635681152344,78.96443176269531,-1.183344841003418,1.103980541229248
023_brown,put the brown pouch on the tray,19,1,417,16.994,1788424148.8411262,00018_front_put_the_brown_pouch_on_the_tray.png,00018_wrist_put_the_brown_pouch_on_the_tray.png,recap.png,50,3,448,449,-3.340659340659341,-102.28571428571429,82.06593406593407,79.73626373626374,-1.098901098901099,1.1643835616438356,-2.7667675018310547,-102.5915298461914,86.75202941894531,78.785888671875,-1.179429054260254,1.1357207298278809
023_brown,put the brown pouch on the tray,19,1,417,16.994,1788424148.8411262,00018_front_put_the_brown_pouch_on_the_tray.png,00018_wrist_put_the_brown_pouch_on_the_tray.png,recap.png,50,4,449,450,-3.340659340659341,-102.28571428571429,82.06593406593407,79.73626373626374,-1.098901098901099,1.1643835616438356,-2.9929275512695312,-101.83760070800781,87.10491943359375,78.84515380859375,-1.1848440170288086,1.1298820972442627
023_brown,put the brown pouch on the tray,19,1,417,16.994,1788424148.8411262,00018_front_put_the_brown_pouch_on_the_tray.png,00018_wrist_put_the_brown_pouch_on_the_tray.png,recap.png,50,5,450,451,-3.340659340659341,-102.28571428571429,82.06593406593407,79.73626373626374,-1.098901098901099,1.1643835616438356,-2.943277359008789,-102.03018188476562,86.95173645019531,78.81453704833984,-1.1874313354492188,1.0840983390808105
023_brown,put the brown pouch on the tray,19,1,417,16.994,1788424148.8411262,00018_front_put_the_brown_pouch_on_the_tray.png,00018_wrist_put_the_brown_pouch_on_the_tray.png,recap.png,50,6,451,452,-3.340659340659341,-102.28571428571429,82.06593406593407,79.73626373626374,-1.098901098901099,1.1643835616438356,-3.010080337524414,-101.34870147705078,87.10293579101562,79.02644348144531,-1.1188993453979492,1.0389223098754883
023_brown,put the brown pouch on the tray,19,1,417,16.994,1788424148.8411262,00018_front_put_the_brown_pouch_on_the_tray.png,00018_wrist_put_the_brown_pouch_on_the_tray.png,recap.png,50,7,452,453,-3.340659340659341,-102.28571428571429,82.06593406593407,79.73626373626374,-1.098901098901099,1.1643835616438356,-2.8465099334716797,-101.81830596923828,87.14128112792969,79.04883575439453,-1.1322479248046875,0.9860646724700928
023_brown,put the brown pouch on the tray,19,1,417,16.994,1788424148.8411262,00018_front_put_the_brown_pouch_on_the_tray.png,00018_wrist_put_the_brown_pouch_on_the_tray.png,recap.png,50,8,453,454,-3.340659340659341,-102.28571428571429,82.06593406593407,79.73626373626374,-1.098901098901099,1.1643835616438356,-2.9175796508789062,-101.95787048339844,87.03756713867188,78.94599914550781,-1.272944450378418,1.0018630027770996
023_brown,put the brown pouch on the tray,19,1,417,16.994,1788424148.8411262,00018_front_put_the_brown_pouch_on_the_tray.png,00018_wrist_put_the_brown_pouch_on_the_tray.png,recap.png,50,9,454,455,-3.340659340659341,-102.28571428571429,82.06593406593407,79.73626373626374,-1.098901098901099,1.1643835616438356,-2.9833011627197266,-102.13665771484375,87.24606323242188,78.7077865600586,-1.2067852020263672,0.9906308054924011
023_brown,put the brown pouch on the tray,19,1,417,16.994,1788424148.8411262,00018_front_put_the_brown_pouch_on_the_tray.png,00018_wrist_put_the_brown_pouch_on_the_tray.png,recap.png,50,10,455,456,-3.340659340659341,-102.28571428571429,82.06593406593407,79.73626373626374,-1.098901098901099,1.1643835616438356,-2.851299285888672,-101.7091064453125,88.09625244140625,79.02192687988281,-1.231475830078125,1.0050568580627441
023_brown,put the brown pouch on the tray,19,1,417,16.994,1788424148.8411262,00018_front_put_the_brown_pouch_on_the_tray.png,00018_wrist_put_the_brown_pouch_on_the_tray.png,recap.png,50,11,456,457,-3.340659340659341,-102.28571428571429,82.06593406593407,79.73626373626374,-1.098901098901099,1.1643835616438356,-2.735239028930664,-102.01837158203125,87.49696350097656,78.92304992675781,-1.2214365005493164,0.988940954208374
023_brown,put the brown pouch on the tray,19,1,417,16.994,1788424148.8411262,00018_front_put_the_brown_pouch_on_the_tray.png,00018_wrist_put_the_brown_pouch_on_the_tray.png,recap.png,50,12,457,458,-3.340659340659341,-102.28571428571429,82.06593406593407,79.73626373626374,-1.098901098901099,1.1643835616438356,-2.9295520782470703,-102.00897979736328,87.12705993652344,78.9815673828125,-1.280059814453125,0.9064995050430298
023_brown,put the brown pouch on the tray,19,1,417,16.994,1788424148.8411262,00018_front_put_the_brown_pouch_on_the_tray.png,00018_wrist_put_the_brown_pouch_on_the_tray.png,recap.png,50,13,458,459,-3.340659340659341,-102.28571428571429,82.06593406593407,79.73626373626374,-1.098901098901099,1.1643835616438356,-2.6194229125976562,-102.21292114257812,87.05319213867188,78.73261260986328,-1.3123388290405273,0.9950546622276306
023_brown,put the brown pouch on the tray,19,1,417,16.994,1788424148.8411262,00018_front_put_the_brown_pouch_on_the_tray.png,00018_wrist_put_the_brown_pouch_on_the_tray.png,recap.png,50,14,459,460,-3.340659340659341,-102.28571428571429,82.06593406593407,79.73626373626374,-1.098901098901099,1.1643835616438356,-2.920503616333008,-101.97734069824219,87.24276733398438,78.86004638671875,-1.2795190811157227,0.9757353067398071
023_brown,put the brown pouch on the tray,19,1,417,16.994,1788424148.8411262,00018_front_put_the_brown_pouch_on_the_tray.png,00018_wrist_put_the_brown_pouch_on_the_tray.png,recap.png,50,15,460,461,-3.340659340659341,-102.28571428571429,82.06593406593407,79.73626373626374,-1.098901098901099,1.1643835616438356,-2.9552783966064453,-101.69209289550781,87.12776184082031,78.83024597167969,-1.2319822311401367,1.080858826637268
023_brown,put the brown pouch on the tray,19,1,417,16.994,1788424148.8411262,00018_front_put_the_brown_pouch_on_the_tray.png,00018_wrist_put_the_brown_pouch_on_the_tray.png,recap.png,50,16,461,462,-3.340659340659341,-102.28571428571429,82.06593406593407,79.73626373626374,-1.098901098901099,1.1643835616438356,-2.980680465698242,-101.64403533935547,86.42800903320312,78.99781799316406,-1.2856464385986328,0.8584280014038086
023_brown,put the brown pouch on the tray,19,1,417,16.994,1788424148.8411262,00018_front_put_the_brown_pouch_on_the_tray.png,00018_wrist_put_the_brown_pouch_on_the_tray.png,recap.png,50,17,462,463,-3.340659340659341,-102.28571428571429,82.06593406593407,79.73626373626374,-1.098901098901099,1.1643835616438356,-2.9125289916992188,-101.48573303222656,86.89872741699219,78.75760650634766,-1.2400970458984375,0.9953998327255249
023_brown,put the brown pouch on the tray,19,1,417,16.994,1788424148.8411262,00018_front_put_the_brown_pouch_on_the_tray.png,00018_wrist_put_the_brown_pouch_on_the_tray.png,recap.png,50,18,463,464,-3.340659340659341,-102.28571428571429,82.06593406593407,79.73626373626374,-1.098901098901099,1.1643835616438356,-3.063486099243164,-102.26614379882812,87.6585693359375,78.8553695678711,-1.328317642211914,0.9946489334106445
023_brown,put the brown pouch on the tray,19,1,417,16.994,1788424148.8411262,00018_front_put_the_brown_pouch_on_the_tray.png,00018_wrist_put_the_brown_pouch_on_the_tray.png,recap.png,50,19,464,465,-3.340659340659341,-102.28571428571429,82.06593406593407,79.73626373626374,-1.098901098901099,1.1643835616438356,-2.887052536010742,-102.35639953613281,87.51748657226562,78.85888671875,-1.256657600402832,0.9654123783111572
023_brown,put the brown pouch on the tray,19,1,417,16.994,1788424148.8411262,00018_front_put_the_brown_pouch_on_the_tray.png,00018_wrist_put_the_brown_pouch_on_the_tray.png,recap.png,50,20,465,466,-3.340659340659341,-102.28571428571429,82.06593406593407,79.73626373626374,-1.098901098901099,1.1643835616438356,-2.8304672241210938,-101.98615264892578,87.35319519042969,78.91311645507812,-1.286818504333496,1.0389466285705566
023_brown,put the brown pouch on the tray,19,1,417,16.994,1788424148.8411262,00018_front_put_the_brown_pouch_on_the_tray.png,00018_wrist_put_the_brown_pouch_on_the_tray.png,recap.png,50,21,466,467,-3.340659340659341,-102.28571428571429,82.06593406593407,79.73626373626374,-1.098901098901099,1.1643835616438356,-2.8202285766601562,-101.77226257324219,86.68585205078125,78.74331665039062,-1.2706918716430664,1.1657114028930664
023_brown,put the brown pouch on the tray,20,1,444,18.131,1788424149.9779074,00019_front_put_the_brown_pouch_on_the_tray.png,00019_wrist_put_the_brown_pouch_on_the_tray.png,recap.png,50,0,467,468,-0.7032967032967034,-102.28571428571429,86.81318681318682,77.71428571428571,-1.4505494505494505,0.7534246575342466,-0.039592742919921875,-101.66352081298828,87.18746948242188,78.12220001220703,-1.3942394256591797,0.6419738531112671
023_brown,put the brown pouch on the tray,20,1,444,18.131,1788424149.9779074,00019_front_put_the_brown_pouch_on_the_tray.png,00019_wrist_put_the_brown_pouch_on_the_tray.png,recap.png,50,1,468,469,-0.7032967032967034,-102.28571428571429,86.81318681318682,77.71428571428571,-1.4505494505494505,0.7534246575342466,-0.23143386840820312,-101.90540313720703,87.10121154785156,78.16001892089844,-1.49658203125,0.7827917337417603
023_brown,put the brown pouch on the tray,20,1,444,18.131,1788424149.9779074,00019_front_put_the_brown_pouch_on_the_tray.png,00019_wrist_put_the_brown_pouch_on_the_tray.png,recap.png,50,2,469,470,-0.7032967032967034,-102.28571428571429,86.81318681318682,77.71428571428571,-1.4505494505494505,0.7534246575342466,0.032718658447265625,-101.66678619384766,87.41255187988281,77.99885559082031,-1.4048271179199219,0.6946486830711365
023_brown,put the brown pouch on the tray,20,1,444,18.131,1788424149.9779074,00019_front_put_the_brown_pouch_on_the_tray.png,00019_wrist_put_the_brown_pouch_on_the_tray.png,recap.png,50,3,470,471,-0.7032967032967034,-102.28571428571429,86.81318681318682,77.71428571428571,-1.4505494505494505,0.7534246575342466,-0.18657302856445312,-101.68670654296875,87.38505554199219,78.01850891113281,-1.38934326171875,0.6665974855422974
023_brown,put the brown pouch on the tray,20,1,444,18.131,1788424149.9779074,00019_front_put_the_brown_pouch_on_the_tray.png,00019_wrist_put_the_brown_pouch_on_the_tray.png,recap.png,50,4,471,472,-0.7032967032967034,-102.28571428571429,86.81318681318682,77.71428571428571,-1.4505494505494505,0.7534246575342466,-0.17264556884765625,-101.61502838134766,87.21705627441406,78.0313949584961,-1.3828849792480469,0.6862726211547852
023_brown,put the brown pouch on the tray,20,1,444,18.131,1788424149.9779074,00019_front_put_the_brown_pouch_on_the_tray.png,00019_wrist_put_the_brown_pouch_on_the_tray.png,recap.png,50,5,472,473,-0.7032967032967034,-102.28571428571429,86.81318681318682,77.71428571428571,-1.4505494505494505,0.7534246575342466,-0.22314834594726562,-101.89828491210938,87.33370971679688,78.18612670898438,-1.389190673828125,0.6768642067909241
023_brown,put the brown pouch on the tray,20,1,444,18.131,1788424149.9779074,00019_front_put_the_brown_pouch_on_the_tray.png,00019_wrist_put_the_brown_pouch_on_the_tray.png,recap.png,50,6,473,474,-0.7032967032967034,-102.28571428571429,86.81318681318682,77.71428571428571,-1.4505494505494505,0.7534246575342466,-0.067962646484375,-101.82426452636719,87.16873168945312,78.0401840209961,-1.388051986694336,0.6627801656723022
023_brown,put the brown pouch on the tray,20,1,444,18.131,1788424149.9779074,00019_front_put_the_brown_pouch_on_the_tray.png,00019_wrist_put_the_brown_pouch_on_the_tray.png,recap.png,50,7,474,475,-0.7032967032967034,-102.28571428571429,86.81318681318682,77.71428571428571,-1.4505494505494505,0.7534246575342466,-0.09457778930664062,-102.1645278930664,87.06808471679688,77.93461608886719,-1.3144035339355469,0.5978184342384338
023_brown,put the brown pouch on the tray,20,1,444,18.131,1788424149.9779074,00019_front_put_the_brown_pouch_on_the_tray.png,00019_wrist_put_the_brown_pouch_on_the_tray.png,recap.png,50,8,475,476,-0.7032967032967034,-102.28571428571429,86.81318681318682,77.71428571428571,-1.4505494505494505,0.7534246575342466,-0.25384521484375,-101.96853637695312,87.16239929199219,78.05748748779297,-1.3682098388671875,0.6335861086845398
023_brown,put the brown pouch on the tray,20,1,444,18.131,1788424149.9779074,00019_front_put_the_brown_pouch_on_the_tray.png,00019_wrist_put_the_brown_pouch_on_the_tray.png,recap.png,50,9,476,477,-0.7032967032967034,-102.28571428571429,86.81318681318682,77.71428571428571,-1.4505494505494505,0.7534246575342466,-0.14712905883789062,-101.27274322509766,86.53584289550781,78.1900634765625,-1.3960542678833008,0.7222346663475037
023_brown,put the brown pouch on the tray,20,1,444,18.131,1788424149.9779074,00019_front_put_the_brown_pouch_on_the_tray.png,00019_wrist_put_the_brown_pouch_on_the_tray.png,recap.png,50,10,477,478,-0.7032967032967034,-102.28571428571429,86.81318681318682,77.71428571428571,-1.4505494505494505,0.7534246575342466,-0.19697952270507812,-101.5768814086914,86.68356323242188,77.89358520507812,-1.3657159805297852,0.6043410301208496
023_brown,put the brown pouch on the tray,20,1,444,18.131,1788424149.9779074,00019_front_put_the_brown_pouch_on_the_tray.png,00019_wrist_put_the_brown_pouch_on_the_tray.png,recap.png,50,11,478,479,-0.7032967032967034,-102.28571428571429,86.81318681318682,77.71428571428571,-1.4505494505494505,0.7534246575342466,-0.1529998779296875,-101.86759185791016,86.97645568847656,78.09306335449219,-1.3722419738769531,0.659472644329071
023_brown,put the brown pouch on the tray,20,1,444,18.131,1788424149.9779074,00019_front_put_the_brown_pouch_on_the_tray.png,00019_wrist_put_the_brown_pouch_on_the_tray.png,recap.png,50,12,479,480,-0.7032967032967034,-102.28571428571429,86.81318681318682,77.71428571428571,-1.4505494505494505,0.7534246575342466,0.022289276123046875,-102.40782928466797,86.52020263671875,77.94194793701172,-1.2463998794555664,0.5368970632553101
023_brown,put the brown pouch on the tray,20,1,444,18.131,1788424149.9779074,00019_front_put_the_brown_pouch_on_the_tray.png,00019_wrist_put_the_brown_pouch_on_the_tray.png,recap.png,50,13,480,481,-0.7032967032967034,-102.28571428571429,86.81318681318682,77.71428571428571,-1.4505494505494505,0.7534246575342466,-0.043918609619140625,-102.09774780273438,87.17424011230469,77.84934997558594,-1.2769851684570312,0.6734769940376282
023_brown,put the brown pouch on the tray,20,1,444,18.131,1788424149.9779074,00019_front_put_the_brown_pouch_on_the_tray.png,00019_wrist_put_the_brown_pouch_on_the_tray.png,recap.png,50,14,481,482,-0.7032967032967034,-102.28571428571429,86.81318681318682,77.71428571428571,-1.4505494505494505,0.7534246575342466,-0.0781402587890625,-101.75350952148438,86.98335266113281,78.12425994873047,-1.3702812194824219,0.6520503759384155
023_brown,put the brown pouch on the tray,20,1,444,18.131,1788424149.9779074,00019_front_put_the_brown_pouch_on_the_tray.png,00019_wrist_put_the_brown_pouch_on_the_tray.png,recap.png,50,15,482,483,-0.7032967032967034,-102.28571428571429,86.81318681318682,77.71428571428571,-1.4505494505494505,0.7534246575342466,0.14990234375,-101.75703430175781,86.63868713378906,77.85752868652344,-1.3076181411743164,0.5627284049987793
023_brown,put the brown pouch on the tray,20,1,444,18.131,1788424149.9779074,00019_front_put_the_brown_pouch_on_the_tray.png,00019_wrist_put_the_brown_pouch_on_the_tray.png,recap.png,50,16,483,484,-0.7032967032967034,-102.28571428571429,86.81318681318682,77.71428571428571,-1.4505494505494505,0.7534246575342466,0.22291183471679688,-101.88584899902344,86.89811706542969,78.18293762207031,-1.2847261428833008,0.5734050273895264
023_brown,put the brown pouch on the tray,20,1,444,18.131,1788424149.9779074,00019_front_put_the_brown_pouch_on_the_tray.png,00019_wrist_put_the_brown_pouch_on_the_tray.png,recap.png,50,17,484,485,-0.7032967032967034,-102.28571428571429,86.81318681318682,77.71428571428571,-1.4505494505494505,0.7534246575342466,0.132537841796875,-102.17994689941406,87.25917053222656,78.27171325683594,-1.3400468826293945,0.4732353985309601
023_brown,put the brown pouch on the tray,20,1,444,18.131,1788424149.9779074,00019_front_put_the_brown_pouch_on_the_tray.png,00019_wrist_put_the_brown_pouch_on_the_tray.png,recap.png,50,18,485,486,-0.7032967032967034,-102.28571428571429,86.81318681318682,77.71428571428571,-1.4505494505494505,0.7534246575342466,-0.08746719360351562,-101.80692291259766,86.72862243652344,78.05799102783203,-1.4582624435424805,0.5633985996246338
023_brown,put the brown pouch on the tray,20,1,444,18.131,1788424149.9779074,00019_front_put_the_brown_pouch_on_the_tray.png,00019_wrist_put_the_brown_pouch_on_the_tray.png,recap.png,50,19,486,487,-0.7032967032967034,-102.28571428571429,86.81318681318682,77.71428571428571,-1.4505494505494505,0.7534246575342466,-0.19957733154296875,-101.90423583984375,86.82797241210938,78.07907104492188,-1.3275108337402344,0.6775928139686584
023_brown,put the brown pouch on the tray,20,1,444,18.131,1788424149.9779074,00019_front_put_the_brown_pouch_on_the_tray.png,00019_wrist_put_the_brown_pouch_on_the_tray.png,recap.png,50,20,487,488,-0.7032967032967034,-102.28571428571429,86.81318681318682,77.71428571428571,-1.4505494505494505,0.7534246575342466,0.08388900756835938,-101.6791000366211,86.81489562988281,77.79385375976562,-1.2872886657714844,0.6125715970993042
023_brown,put the brown pouch on the tray,20,1,444,18.131,1788424149.9779074,00019_front_put_the_brown_pouch_on_the_tray.png,00019_wrist_put_the_brown_pouch_on_the_tray.png,recap.png,50,21,488,489,-0.7032967032967034,-102.28571428571429,86.81318681318682,77.71428571428571,-1.4505494505494505,0.7534246575342466,0.07941436767578125,-102.03291320800781,86.60519409179688,78.05667114257812,-1.2513561248779297,0.6221308708190918
023_brown,put the brown pouch on the tray,20,1,444,18.131,1788424149.9779074,00019_front_put_the_brown_pouch_on_the_tray.png,00019_wrist_put_the_brown_pouch_on_the_tray.png,recap.png,50,22,489,490,-0.7032967032967034,-102.28571428571429,86.81318681318682,77.71428571428571,-1.4505494505494505,0.7534246575342466,-0.052806854248046875,-101.85515594482422,86.415283203125,78.01172637939453,-1.4484052658081055,0.546728253364563
023_brown,put the brown pouch on the tray,20,1,444,18.131,1788424149.9779074,00019_front_put_the_brown_pouch_on_the_tray.png,00019_wrist_put_the_brown_pouch_on_the_tray.png,recap.png,50,23,490,491,-0.7032967032967034,-102.28571428571429,86.81318681318682,77.71428571428571,-1.4505494505494505,0.7534246575342466,0.03734588623046875,-101.5494155883789,86.24659729003906,78.03807067871094,-1.4408292770385742,0.6042900681495667
023_brown,put the brown pouch on the tray,20,1,444,18.131,1788424149.9779074,00019_front_put_the_brown_pouch_on_the_tray.png,00019_wrist_put_the_brown_pouch_on_the_tray.png,recap.png,50,24,491,492,-0.7032967032967034,-102.28571428571429,86.81318681318682,77.71428571428571,-1.4505494505494505,0.7534246575342466,-0.2895660400390625,-101.80754852294922,86.90150451660156,77.89794921875,-1.3743524551391602,0.4573202431201935
