episode_dir,task,chunk_id,must_go,input_timestep,input_elapsed,unix_ts,front_img,wrist_img,recap_img,returned_len,exec_index,exec_timestep,exec_action_n,in_shoulder_pan.pos,in_shoulder_lift.pos,in_elbow_flex.pos,in_wrist_flex.pos,in_wrist_roll.pos,in_gripper.pos,act_shoulder_pan.pos,act_shoulder_lift.pos,act_elbow_flex.pos,act_wrist_flex.pos,act_wrist_roll.pos,act_gripper.pos
075_bag,put the bag on the tray,1,1,0,0.0,1788428080.9290066,00000_front_put_the_bag_on_the_tray.png,00000_wrist_put_the_bag_on_the_tray.png,recap.png,50,0,0,1,-4.835164835164835,-101.84615384615384,91.82417582417582,73.49450549450549,-1.2747252747252746,0.8904109589041096,-4.61329460144043,-102.18913269042969,89.12271118164062,71.2391128540039,-1.2405052185058594,1.2212731838226318
075_bag,put the bag on the tray,1,1,0,0.0,1788428080.9290066,00000_front_put_the_bag_on_the_tray.png,00000_wrist_put_the_bag_on_the_tray.png,recap.png,50,1,1,2,-4.835164835164835,-101.84615384615384,91.82417582417582,73.49450549450549,-1.2747252747252746,0.8904109589041096,-4.790271759033203,-101.5555191040039,89.0828857421875,70.67010498046875,-1.3745651245117188,1.2783622741699219
075_bag,put the bag on the tray,1,1,0,0.0,1788428080.9290066,00000_front_put_the_bag_on_the_tray.png,00000_wrist_put_the_bag_on_the_tray.png,recap.png,50,2,2,3,-4.835164835164835,-101.84615384615384,91.82417582417582,73.49450549450549,-1.2747252747252746,0.8904109589041096,-4.581846237182617,-101.61421966552734,88.75796508789062,70.2296371459961,-1.3095941543579102,1.1800150871276855
075_bag,put the bag on the tray,1,1,0,0.0,1788428080.9290066,00000_front_put_the_bag_on_the_tray.png,00000_wrist_put_the_bag_on_the_tray.png,recap.png,50,3,3,4,-4.835164835164835,-101.84615384615384,91.82417582417582,73.49450549450549,-1.2747252747252746,0.8904109589041096,-4.50282096862793,-101.66207122802734,88.49942016601562,69.79021453857422,-1.3018360137939453,1.2552266120910645
075_bag,put the bag on the tray,1,1,0,0.0,1788428080.9290066,00000_front_put_the_bag_on_the_tray.png,00000_wrist_put_the_bag_on_the_tray.png,recap.png,50,4,4,5,-4.835164835164835,-101.84615384615384,91.82417582417582,73.49450549450549,-1.2747252747252746,0.8904109589041096,-4.462224960327148,-101.83599090576172,88.94656372070312,69.52651977539062,-1.3201236724853516,1.3619985580444336
075_bag,put the bag on the tray,1,1,0,0.0,1788428080.9290066,00000_front_put_the_bag_on_the_tray.png,00000_wrist_put_the_bag_on_the_tray.png,recap.png,50,5,5,6,-4.835164835164835,-101.84615384615384,91.82417582417582,73.49450549450549,-1.2747252747252746,0.8904109589041096,-4.79179573059082,-101.54885864257812,88.59194946289062,69.36583709716797,-1.3776845932006836,1.1692588329315186
075_bag,put the bag on the tray,1,1,0,0.0,1788428080.9290066,00000_front_put_the_bag_on_the_tray.png,00000_wrist_put_the_bag_on_the_tray.png,recap.png,50,6,6,7,-4.835164835164835,-101.84615384615384,91.82417582417582,73.49450549450549,-1.2747252747252746,0.8904109589041096,-4.631587982177734,-101.3646240234375,88.40849304199219,69.14933013916016,-1.4340505599975586,1.1554350852966309
075_bag,put the bag on the tray,1,1,0,0.0,1788428080.9290066,00000_front_put_the_bag_on_the_tray.png,00000_wrist_put_the_bag_on_the_tray.png,recap.png,50,7,7,8,-4.835164835164835,-101.84615384615384,91.82417582417582,73.49450549450549,-1.2747252747252746,0.8904109589041096,-4.562929153442383,-101.57527923583984,87.99656677246094,68.9972152709961,-1.4055099487304688,1.273787498474121
075_bag,put the bag on the tray,1,1,0,0.0,1788428080.9290066,00000_front_put_the_bag_on_the_tray.png,00000_wrist_put_the_bag_on_the_tray.png,recap.png,50,8,8,9,-4.835164835164835,-101.84615384615384,91.82417582417582,73.49450549450549,-1.2747252747252746,0.8904109589041096,-4.637960433959961,-101.94011688232422,88.15086364746094,68.74116516113281,-1.4493112564086914,1.2683026790618896
075_bag,put the bag on the tray,1,1,0,0.0,1788428080.9290066,00000_front_put_the_bag_on_the_tray.png,00000_wrist_put_the_bag_on_the_tray.png,recap.png,50,9,9,10,-4.835164835164835,-101.84615384615384,91.82417582417582,73.49450549450549,-1.2747252747252746,0.8904109589041096,-4.824464797973633,-101.2278060913086,88.09916687011719,68.61988067626953,-1.2684955596923828,1.2591416835784912
075_bag,put the bag on the tray,1,1,0,0.0,1788428080.9290066,00000_front_put_the_bag_on_the_tray.png,00000_wrist_put_the_bag_on_the_tray.png,recap.png,50,10,10,11,-4.835164835164835,-101.84615384615384,91.82417582417582,73.49450549450549,-1.2747252747252746,0.8904109589041096,-4.729679107666016,-102.3681869506836,88.3516845703125,68.15025329589844,-1.4218120574951172,1.0895886421203613
075_bag,put the bag on the tray,1,1,0,0.0,1788428080.9290066,00000_front_put_the_bag_on_the_tray.png,00000_wrist_put_the_bag_on_the_tray.png,recap.png,50,11,11,12,-4.835164835164835,-101.84615384615384,91.82417582417582,73.49450549450549,-1.2747252747252746,0.8904109589041096,-4.858705520629883,-102.09465789794922,87.90809631347656,67.93949127197266,-1.377751350402832,1.0560853481292725
075_bag,put the bag on the tray,1,1,0,0.0,1788428080.9290066,00000_front_put_the_bag_on_the_tray.png,00000_wrist_put_the_bag_on_the_tray.png,recap.png,50,12,12,13,-4.835164835164835,-101.84615384615384,91.82417582417582,73.49450549450549,-1.2747252747252746,0.8904109589041096,-4.468631744384766,-101.80912780761719,87.93812561035156,67.59424591064453,-1.3765068054199219,1.118781566619873
075_bag,put the bag on the tray,1,1,0,0.0,1788428080.9290066,00000_front_put_the_bag_on_the_tray.png,00000_wrist_put_the_bag_on_the_tray.png,recap.png,50,13,13,14,-4.835164835164835,-101.84615384615384,91.82417582417582,73.49450549450549,-1.2747252747252746,0.8904109589041096,-4.775678634643555,-101.68360900878906,87.85798645019531,67.28760528564453,-1.2809839248657227,1.0581097602844238
075_bag,put the bag on the tray,1,1,0,0.0,1788428080.9290066,00000_front_put_the_bag_on_the_tray.png,00000_wrist_put_the_bag_on_the_tray.png,recap.png,50,14,14,15,-4.835164835164835,-101.84615384615384,91.82417582417582,73.49450549450549,-1.2747252747252746,0.8904109589041096,-4.9404144287109375,-101.77389526367188,87.07711791992188,66.83623504638672,-1.2822370529174805,0.9751851558685303
075_bag,put the bag on the tray,1,1,0,0.0,1788428080.9290066,00000_front_put_the_bag_on_the_tray.png,00000_wrist_put_the_bag_on_the_tray.png,recap.png,50,15,15,16,-4.835164835164835,-101.84615384615384,91.82417582417582,73.49450549450549,-1.2747252747252746,0.8904109589041096,-4.833179473876953,-101.85718536376953,87.80718994140625,66.43667602539062,-1.3214826583862305,1.000035047531128
075_bag,put the bag on the tray,1,1,0,0.0,1788428080.9290066,00000_front_put_the_bag_on_the_tray.png,00000_wrist_put_the_bag_on_the_tray.png,recap.png,50,16,16,17,-4.835164835164835,-101.84615384615384,91.82417582417582,73.49450549450549,-1.2747252747252746,0.8904109589041096,-4.592014312744141,-101.85903930664062,87.61203002929688,66.25814056396484,-1.2339067459106445,1.0368106365203857
075_bag,put the bag on the tray,1,1,0,0.0,1788428080.9290066,00000_front_put_the_bag_on_the_tray.png,00000_wrist_put_the_bag_on_the_tray.png,recap.png,50,17,17,18,-4.835164835164835,-101.84615384615384,91.82417582417582,73.49450549450549,-1.2747252747252746,0.8904109589041096,-4.710180282592773,-102.06304931640625,86.772705078125,65.99815368652344,-1.3589591979980469,1.1021983623504639
075_bag,put the bag on the tray,1,1,0,0.0,1788428080.9290066,00000_front_put_the_bag_on_the_tray.png,00000_wrist_put_the_bag_on_the_tray.png,recap.png,50,18,18,19,-4.835164835164835,-101.84615384615384,91.82417582417582,73.49450549450549,-1.2747252747252746,0.8904109589041096,-4.797451019287109,-101.39691925048828,86.67156982421875,65.84709167480469,-1.3967313766479492,1.1227328777313232
075_bag,put the bag on the tray,1,1,0,0.0,1788428080.9290066,00000_front_put_the_bag_on_the_tray.png,00000_wrist_put_the_bag_on_the_tray.png,recap.png,50,19,19,20,-4.835164835164835,-101.84615384615384,91.82417582417582,73.49450549450549,-1.2747252747252746,0.8904109589041096,-4.577547073364258,-101.86531829833984,86.72366333007812,65.57167053222656,-1.2706079483032227,1.080502986907959
075_bag,put the bag on the tray,1,1,0,0.0,1788428080.9290066,00000_front_put_the_bag_on_the_tray.png,00000_wrist_put_the_bag_on_the_tray.png,recap.png,50,20,20,21,-4.835164835164835,-101.84615384615384,91.82417582417582,73.49450549450549,-1.2747252747252746,0.8904109589041096,-4.815763473510742,-101.7514419555664,86.01643371582031,65.47956848144531,-1.4025907516479492,1.1408443450927734
075_bag,put the bag on the tray,1,1,0,0.0,1788428080.9290066,00000_front_put_the_bag_on_the_tray.png,00000_wrist_put_the_bag_on_the_tray.png,recap.png,50,21,21,22,-4.835164835164835,-101.84615384615384,91.82417582417582,73.49450549450549,-1.2747252747252746,0.8904109589041096,-5.071756362915039,-101.95845031738281,86.12728881835938,65.2396011352539,-1.2723703384399414,1.173837661743164
075_bag,put the bag on the tray,1,1,0,0.0,1788428080.9290066,00000_front_put_the_bag_on_the_tray.png,00000_wrist_put_the_bag_on_the_tray.png,recap.png,50,22,22,23,-4.835164835164835,-101.84615384615384,91.82417582417582,73.49450549450549,-1.2747252747252746,0.8904109589041096,-4.8063507080078125,-101.88471984863281,85.74000549316406,65.05220031738281,-1.3023099899291992,1.2280325889587402
075_bag,put the bag on the tray,1,1,0,0.0,1788428080.9290066,00000_front_put_the_bag_on_the_tray.png,00000_wrist_put_the_bag_on_the_tray.png,recap.png,50,23,23,24,-4.835164835164835,-101.84615384615384,91.82417582417582,73.49450549450549,-1.2747252747252746,0.8904109589041096,-5.134538650512695,-102.02371215820312,85.79075622558594,65.28006744384766,-1.4438552856445312,1.12943696975708
075_bag,put the bag on the tray,1,1,0,0.0,1788428080.9290066,00000_front_put_the_bag_on_the_tray.png,00000_wrist_put_the_bag_on_the_tray.png,recap.png,50,24,24,25,-4.835164835164835,-101.84615384615384,91.82417582417582,73.49450549450549,-1.2747252747252746,0.8904109589041096,-4.835241317749023,-101.71839141845703,85.17829895019531,65.27688598632812,-1.3503494262695312,1.1331417560577393
075_bag,put the bag on the tray,1,1,0,0.0,1788428080.9290066,00000_front_put_the_bag_on_the_tray.png,00000_wrist_put_the_bag_on_the_tray.png,recap.png,50,25,25,26,-4.835164835164835,-101.84615384615384,91.82417582417582,73.49450549450549,-1.2747252747252746,0.8904109589041096,-4.98048210144043,-101.85562133789062,84.61294555664062,65.63002014160156,-1.3088417053222656,1.0835322141647339
075_bag,put the bag on the tray,3,0,25,2.644,1788428083.5769765,00001_front_put_the_bag_on_the_tray.png,00001_wrist_put_the_bag_on_the_tray.png,recap.png,50,0,50,51,-5.010989010989011,-101.67032967032966,88.3076923076923,66.1978021978022,-1.2747252747252746,0.8904109589041096,-4.251630783081055,-96.957275390625,72.4146728515625,69.33729553222656,-1.4238624572753906,0.8682570457458496
075_bag,put the bag on the tray,3,0,25,2.644,1788428083.5769765,00001_front_put_the_bag_on_the_tray.png,00001_wrist_put_the_bag_on_the_tray.png,recap.png,50,1,51,52,-5.010989010989011,-101.67032967032966,88.3076923076923,66.1978021978022,-1.2747252747252746,0.8904109589041096,-4.527042388916016,-95.37422943115234,71.94564819335938,69.17858123779297,-1.436065673828125,0.7998667359352112
075_bag,put the bag on the tray,3,0,25,2.644,1788428083.5769765,00001_front_put_the_bag_on_the_tray.png,00001_wrist_put_the_bag_on_the_tray.png,recap.png,50,2,52,53,-5.010989010989011,-101.67032967032966,88.3076923076923,66.1978021978022,-1.2747252747252746,0.8904109589041096,-4.428680419921875,-92.79730224609375,70.47746276855469,68.66152954101562,-1.524754524230957,0.7671569585800171
075_bag,put the bag on the tray,3,0,25,2.644,1788428083.5769765,00001_front_put_the_bag_on_the_tray.png,00001_wrist_put_the_bag_on_the_tray.png,recap.png,50,3,53,54,-5.010989010989011,-101.67032967032966,88.3076923076923,66.1978021978022,-1.2747252747252746,0.8904109589041096,-4.247575759887695,-90.2083511352539,69.17510223388672,68.09459686279297,-1.7484941482543945,0.8193677067756653
075_bag,put the bag on the tray,3,0,25,2.644,1788428083.5769765,00001_front_put_the_bag_on_the_tray.png,00001_wrist_put_the_bag_on_the_tray.png,recap.png,50,4,54,55,-5.010989010989011,-101.67032967032966,88.3076923076923,66.1978021978022,-1.2747252747252746,0.8904109589041096,-4.164854049682617,-87.46795654296875,68.02108001708984,67.63941955566406,-1.9794425964355469,0.716145396232605
075_bag,put the bag on the tray,3,0,25,2.644,1788428083.5769765,00001_front_put_the_bag_on_the_tray.png,00001_wrist_put_the_bag_on_the_tray.png,recap.png,50,5,55,56,-5.010989010989011,-101.67032967032966,88.3076923076923,66.1978021978022,-1.2747252747252746,0.8904109589041096,-4.076557159423828,-83.84883117675781,66.26677703857422,66.95091247558594,-2.0752696990966797,0.7099159359931946
075_bag,put the bag on the tray,3,0,25,2.644,1788428083.5769765,00001_front_put_the_bag_on_the_tray.png,00001_wrist_put_the_bag_on_the_tray.png,recap.png,50,6,56,57,-5.010989010989011,-101.67032967032966,88.3076923076923,66.1978021978022,-1.2747252747252746,0.8904109589041096,-4.161863327026367,-81.07183837890625,64.9930191040039,66.50736999511719,-2.3647212982177734,0.6741833090782166
075_bag,put the bag on the tray,3,0,25,2.644,1788428083.5769765,00001_front_put_the_bag_on_the_tray.png,00001_wrist_put_the_bag_on_the_tray.png,recap.png,50,7,57,58,-5.010989010989011,-101.67032967032966,88.3076923076923,66.1978021978022,-1.2747252747252746,0.8904109589041096,-4.296236038208008,-78.32469177246094,63.55158233642578,66.22457885742188,-2.2711267471313477,0.6886985898017883
075_bag,put the bag on the tray,3,0,25,2.644,1788428083.5769765,00001_front_put_the_bag_on_the_tray.png,00001_wrist_put_the_bag_on_the_tray.png,recap.png,50,8,58,59,-5.010989010989011,-101.67032967032966,88.3076923076923,66.1978021978022,-1.2747252747252746,0.8904109589041096,-4.298879623413086,-76.15254974365234,62.980430603027344,66.13800811767578,-2.357234001159668,0.679472804069519
075_bag,put the bag on the tray,3,0,25,2.644,1788428083.5769765,00001_front_put_the_bag_on_the_tray.png,00001_wrist_put_the_bag_on_the_tray.png,recap.png,50,9,59,60,-5.010989010989011,-101.67032967032966,88.3076923076923,66.1978021978022,-1.2747252747252746,0.8904109589041096,-4.153951644897461,-74.1880874633789,61.88237762451172,65.99156188964844,-2.3461341857910156,0.5923908948898315
075_bag,put the bag on the tray,3,0,25,2.644,1788428083.5769765,00001_front_put_the_bag_on_the_tray.png,00001_wrist_put_the_bag_on_the_tray.png,recap.png,50,10,60,61,-5.010989010989011,-101.67032967032966,88.3076923076923,66.1978021978022,-1.2747252747252746,0.8904109589041096,-4.2715301513671875,-72.38796997070312,60.33103942871094,65.806640625,-2.3699779510498047,0.600702166557312
075_bag,put the bag on the tray,3,0,25,2.644,1788428083.5769765,00001_front_put_the_bag_on_the_tray.png,00001_wrist_put_the_bag_on_the_tray.png,recap.png,50,11,61,62,-5.010989010989011,-101.67032967032966,88.3076923076923,66.1978021978022,-1.2747252747252746,0.8904109589041096,-4.384361267089844,-70.6357650756836,59.37140655517578,65.94153594970703,-2.4207048416137695,0.6228329539299011
075_bag,put the bag on the tray,3,0,25,2.644,1788428083.5769765,00001_front_put_the_bag_on_the_tray.png,00001_wrist_put_the_bag_on_the_tray.png,recap.png,50,12,62,63,-5.010989010989011,-101.67032967032966,88.3076923076923,66.1978021978022,-1.2747252747252746,0.8904109589041096,-4.599271774291992,-69.36235046386719,58.608741760253906,65.65837097167969,-2.4561729431152344,0.5119717717170715
075_bag,put the bag on the tray,3,0,25,2.644,1788428083.5769765,00001_front_put_the_bag_on_the_tray.png,00001_wrist_put_the_bag_on_the_tray.png,recap.png,50,13,63,64,-5.010989010989011,-101.67032967032966,88.3076923076923,66.1978021978022,-1.2747252747252746,0.8904109589041096,-4.620903015136719,-67.91769409179688,57.76026153564453,65.53408813476562,-2.40753173828125,0.5925555229187012
075_bag,put the bag on the tray,3,0,25,2.644,1788428083.5769765,00001_front_put_the_bag_on_the_tray.png,00001_wrist_put_the_bag_on_the_tray.png,recap.png,50,14,64,65,-5.010989010989011,-101.67032967032966,88.3076923076923,66.1978021978022,-1.2747252747252746,0.8904109589041096,-4.501590728759766,-66.41688537597656,57.17723846435547,65.70076751708984,-2.439861297607422,0.6075221300125122
075_bag,put the bag on the tray,3,0,25,2.644,1788428083.5769765,00001_front_put_the_bag_on_the_tray.png,00001_wrist_put_the_bag_on_the_tray.png,recap.png,50,15,65,66,-5.010989010989011,-101.67032967032966,88.3076923076923,66.1978021978022,-1.2747252747252746,0.8904109589041096,-4.671623229980469,-65.34507751464844,56.64708709716797,65.5130615234375,-2.538022994995117,0.6038800477981567
075_bag,put the bag on the tray,3,0,25,2.644,1788428083.5769765,00001_front_put_the_bag_on_the_tray.png,00001_wrist_put_the_bag_on_the_tray.png,recap.png,50,16,66,67,-5.010989010989011,-101.67032967032966,88.3076923076923,66.1978021978022,-1.2747252747252746,0.8904109589041096,-4.486888885498047,-63.53352737426758,55.55564880371094,65.37754821777344,-2.5370025634765625,0.5998831987380981
075_bag,put the bag on the tray,3,0,25,2.644,1788428083.5769765,00001_front_put_the_bag_on_the_tray.png,00001_wrist_put_the_bag_on_the_tray.png,recap.png,50,17,67,68,-5.010989010989011,-101.67032967032966,88.3076923076923,66.1978021978022,-1.2747252747252746,0.8904109589041096,-4.732881546020508,-61.93682098388672,55.05634307861328,65.36048126220703,-2.5459041595458984,0.5573890209197998
075_bag,put the bag on the tray,3,0,25,2.644,1788428083.5769765,00001_front_put_the_bag_on_the_tray.png,00001_wrist_put_the_bag_on_the_tray.png,recap.png,50,18,68,69,-5.010989010989011,-101.67032967032966,88.3076923076923,66.1978021978022,-1.2747252747252746,0.8904109589041096,-4.788846969604492,-60.71167755126953,54.09815216064453,65.26567077636719,-2.6210079193115234,0.542432963848114
075_bag,put the bag on the tray,3,0,25,2.644,1788428083.5769765,00001_front_put_the_bag_on_the_tray.png,00001_wrist_put_the_bag_on_the_tray.png,recap.png,50,19,69,70,-5.010989010989011,-101.67032967032966,88.3076923076923,66.1978021978022,-1.2747252747252746,0.8904109589041096,-4.578790664672852,-59.313629150390625,53.123443603515625,65.2335433959961,-2.7525243759155273,0.5229331254959106
075_bag,put the bag on the tray,3,0,25,2.644,1788428083.5769765,00001_front_put_the_bag_on_the_tray.png,00001_wrist_put_the_bag_on_the_tray.png,recap.png,50,20,70,71,-5.010989010989011,-101.67032967032966,88.3076923076923,66.1978021978022,-1.2747252747252746,0.8904109589041096,-4.528236389160156,-57.81433868408203,52.77070617675781,65.1919937133789,-2.7739171981811523,0.40592846274375916
075_bag,put the bag on the tray,3,0,25,2.644,1788428083.5769765,00001_front_put_the_bag_on_the_tray.png,00001_wrist_put_the_bag_on_the_tray.png,recap.png,50,21,71,72,-5.010989010989011,-101.67032967032966,88.3076923076923,66.1978021978022,-1.2747252747252746,0.8904109589041096,-4.699283599853516,-56.50705337524414,51.79998016357422,65.19609832763672,-2.903411865234375,0.3891827166080475
075_bag,put the bag on the tray,3,0,25,2.644,1788428083.5769765,00001_front_put_the_bag_on_the_tray.png,00001_wrist_put_the_bag_on_the_tray.png,recap.png,50,22,72,73,-5.010989010989011,-101.67032967032966,88.3076923076923,66.1978021978022,-1.2747252747252746,0.8904109589041096,-4.59068489074707,-55.114654541015625,51.00495910644531,65.28277587890625,-2.9613027572631836,0.4955563545227051
075_bag,put the bag on the tray,3,0,25,2.644,1788428083.5769765,00001_front_put_the_bag_on_the_tray.png,00001_wrist_put_the_bag_on_the_tray.png,recap.png,50,23,73,74,-5.010989010989011,-101.67032967032966,88.3076923076923,66.1978021978022,-1.2747252747252746,0.8904109589041096,-4.598682403564453,-53.87648391723633,50.59220886230469,65.41014862060547,-3.1156349182128906,0.4401177763938904
075_bag,put the bag on the tray,3,0,25,2.644,1788428083.5769765,00001_front_put_the_bag_on_the_tray.png,00001_wrist_put_the_bag_on_the_tray.png,recap.png,50,24,74,75,-5.010989010989011,-101.67032967032966,88.3076923076923,66.1978021978022,-1.2747252747252746,0.8904109589041096,-4.389444351196289,-52.69409942626953,50.02855682373047,65.75120544433594,-3.1220474243164062,0.3522583842277527
075_bag,put the bag on the tray,4,1,49,3.447,1788428084.3764927,00002_front_put_the_bag_on_the_tray.png,00002_wrist_put_the_bag_on_the_tray.png,recap.png,50,0,75,76,-5.186813186813187,-99.38461538461539,78.54945054945055,67.6923076923077,-1.2747252747252746,0.8904109589041096,-3.3961849212646484,-59.35776901245117,53.21208953857422,72.57051086425781,-2.8647327423095703,22.441059112548828
075_bag,put the bag on the tray,4,1,49,3.447,1788428084.3764927,00002_front_put_the_bag_on_the_tray.png,00002_wrist_put_the_bag_on_the_tray.png,recap.png,50,1,76,77,-5.186813186813187,-99.38461538461539,78.54945054945055,67.6923076923077,-1.2747252747252746,0.8904109589041096,-3.580598831176758,-58.679603576660156,53.605690002441406,72.76065063476562,-2.8326120376586914,24.591501235961914
075_bag,put the bag on the tray,4,1,49,3.447,1788428084.3764927,00002_front_put_the_bag_on_the_tray.png,00002_wrist_put_the_bag_on_the_tray.png,recap.png,50,2,77,78,-5.186813186813187,-99.38461538461539,78.54945054945055,67.6923076923077,-1.2747252747252746,0.8904109589041096,-3.6041412353515625,-58.20533752441406,53.653465270996094,73.18258666992188,-2.7026166915893555,26.82943344116211
075_bag,put the bag on the tray,4,1,49,3.447,1788428084.3764927,00002_front_put_the_bag_on_the_tray.png,00002_wrist_put_the_bag_on_the_tray.png,recap.png,50,3,78,79,-5.186813186813187,-99.38461538461539,78.54945054945055,67.6923076923077,-1.2747252747252746,0.8904109589041096,-3.6676712036132812,-58.10158920288086,53.16473388671875,73.47726440429688,-2.6167688369750977,28.881114959716797
075_bag,put the bag on the tray,4,1,49,3.447,1788428084.3764927,00002_front_put_the_bag_on_the_tray.png,00002_wrist_put_the_bag_on_the_tray.png,recap.png,50,4,79,80,-5.186813186813187,-99.38461538461539,78.54945054945055,67.6923076923077,-1.2747252747252746,0.8904109589041096,-3.824045181274414,-58.005157470703125,53.645484924316406,73.53336334228516,-2.3865718841552734,30.919265747070312
075_bag,put the bag on the tray,4,1,49,3.447,1788428084.3764927,00002_front_put_the_bag_on_the_tray.png,00002_wrist_put_the_bag_on_the_tray.png,recap.png,50,5,80,81,-5.186813186813187,-99.38461538461539,78.54945054945055,67.6923076923077,-1.2747252747252746,0.8904109589041096,-3.9132461547851562,-57.007904052734375,53.169830322265625,73.57689666748047,-2.370497703552246,32.297786712646484
075_bag,put the bag on the tray,4,1,49,3.447,1788428084.3764927,00002_front_put_the_bag_on_the_tray.png,00002_wrist_put_the_bag_on_the_tray.png,recap.png,50,6,81,82,-5.186813186813187,-99.38461538461539,78.54945054945055,67.6923076923077,-1.2747252747252746,0.8904109589041096,-3.744638442993164,-57.70721435546875,53.38554382324219,73.38907623291016,-2.2439746856689453,32.914615631103516
075_bag,put the bag on the tray,4,1,49,3.447,1788428084.3764927,00002_front_put_the_bag_on_the_tray.png,00002_wrist_put_the_bag_on_the_tray.png,recap.png,50,7,82,83,-5.186813186813187,-99.38461538461539,78.54945054945055,67.6923076923077,-1.2747252747252746,0.8904109589041096,-3.918426513671875,-56.962215423583984,53.5694580078125,73.49041748046875,-2.185238838195801,33.40208053588867
075_bag,put the bag on the tray,4,1,49,3.447,1788428084.3764927,00002_front_put_the_bag_on_the_tray.png,00002_wrist_put_the_bag_on_the_tray.png,recap.png,50,8,83,84,-5.186813186813187,-99.38461538461539,78.54945054945055,67.6923076923077,-1.2747252747252746,0.8904109589041096,-3.9970550537109375,-56.035823822021484,53.25755310058594,73.41465759277344,-2.1614694595336914,33.71879577636719
075_bag,put the bag on the tray,4,1,49,3.447,1788428084.3764927,00002_front_put_the_bag_on_the_tray.png,00002_wrist_put_the_bag_on_the_tray.png,recap.png,50,9,84,85,-5.186813186813187,-99.38461538461539,78.54945054945055,67.6923076923077,-1.2747252747252746,0.8904109589041096,-4.031732559204102,-55.85300064086914,53.732704162597656,73.70368957519531,-2.136359214782715,33.87337875366211
075_bag,put the bag on the tray,4,1,49,3.447,1788428084.3764927,00002_front_put_the_bag_on_the_tray.png,00002_wrist_put_the_bag_on_the_tray.png,recap.png,50,10,85,86,-5.186813186813187,-99.38461538461539,78.54945054945055,67.6923076923077,-1.2747252747252746,0.8904109589041096,-4.017133712768555,-55.119266510009766,52.872100830078125,73.74147033691406,-2.03109073638916,34.443946838378906
075_bag,put the bag on the tray,4,1,49,3.447,1788428084.3764927,00002_front_put_the_bag_on_the_tray.png,00002_wrist_put_the_bag_on_the_tray.png,recap.png,50,11,86,87,-5.186813186813187,-99.38461538461539,78.54945054945055,67.6923076923077,-1.2747252747252746,0.8904109589041096,-4.157865524291992,-54.65386199951172,52.16785430908203,73.82283020019531,-2.0303173065185547,35.37370300292969
075_bag,put the bag on the tray,4,1,49,3.447,1788428084.3764927,00002_front_put_the_bag_on_the_tray.png,00002_wrist_put_the_bag_on_the_tray.png,recap.png,50,12,87,88,-5.186813186813187,-99.38461538461539,78.54945054945055,67.6923076923077,-1.2747252747252746,0.8904109589041096,-4.304174423217773,-54.03086853027344,52.41731262207031,74.09432983398438,-2.1906957626342773,36.887874603271484
075_bag,put the bag on the tray,4,1,49,3.447,1788428084.3764927,00002_front_put_the_bag_on_the_tray.png,00002_wrist_put_the_bag_on_the_tray.png,recap.png,50,13,88,89,-5.186813186813187,-99.38461538461539,78.54945054945055,67.6923076923077,-1.2747252747252746,0.8904109589041096,-4.300785064697266,-53.06224822998047,51.55540466308594,74.46844482421875,-2.098250389099121,38.87587356567383
075_bag,put the bag on the tray,4,1,49,3.447,1788428084.3764927,00002_front_put_the_bag_on_the_tray.png,00002_wrist_put_the_bag_on_the_tray.png,recap.png,50,14,89,90,-5.186813186813187,-99.38461538461539,78.54945054945055,67.6923076923077,-1.2747252747252746,0.8904109589041096,-4.546333312988281,-51.88420104980469,51.663909912109375,74.59646606445312,-2.0626583099365234,40.17689895629883
075_bag,put the bag on the tray,4,1,49,3.447,1788428084.3764927,00002_front_put_the_bag_on_the_tray.png,00002_wrist_put_the_bag_on_the_tray.png,recap.png,50,15,90,91,-5.186813186813187,-99.38461538461539,78.54945054945055,67.6923076923077,-1.2747252747252746,0.8904109589041096,-4.936517715454102,-52.01131820678711,51.091773986816406,74.94436645507812,-2.0758848190307617,40.653621673583984
075_bag,put the bag on the tray,4,1,49,3.447,1788428084.3764927,00002_front_put_the_bag_on_the_tray.png,00002_wrist_put_the_bag_on_the_tray.png,recap.png,50,16,91,92,-5.186813186813187,-99.38461538461539,78.54945054945055,67.6923076923077,-1.2747252747252746,0.8904109589041096,-4.750217437744141,-51.098114013671875,50.51849365234375,74.86396789550781,-2.127810478210449,40.77848815917969
075_bag,put the bag on the tray,4,1,49,3.447,1788428084.3764927,00002_front_put_the_bag_on_the_tray.png,00002_wrist_put_the_bag_on_the_tray.png,recap.png,50,17,92,93,-5.186813186813187,-99.38461538461539,78.54945054945055,67.6923076923077,-1.2747252747252746,0.8904109589041096,-5.146690368652344,-49.80354690551758,50.4027099609375,74.67892456054688,-2.1531028747558594,40.82046890258789
075_bag,put the bag on the tray,4,1,49,3.447,1788428084.3764927,00002_front_put_the_bag_on_the_tray.png,00002_wrist_put_the_bag_on_the_tray.png,recap.png,50,18,93,94,-5.186813186813187,-99.38461538461539,78.54945054945055,67.6923076923077,-1.2747252747252746,0.8904109589041096,-5.467952728271484,-49.418514251708984,50.55541229248047,74.67807006835938,-2.0823097229003906,40.571659088134766
075_bag,put the bag on the tray,4,1,49,3.447,1788428084.3764927,00002_front_put_the_bag_on_the_tray.png,00002_wrist_put_the_bag_on_the_tray.png,recap.png,50,19,94,95,-5.186813186813187,-99.38461538461539,78.54945054945055,67.6923076923077,-1.2747252747252746,0.8904109589041096,-5.479101181030273,-47.84293746948242,49.617042541503906,74.4993667602539,-2.0536766052246094,40.41986083984375
075_bag,put the bag on the tray,4,1,49,3.447,1788428084.3764927,00002_front_put_the_bag_on_the_tray.png,00002_wrist_put_the_bag_on_the_tray.png,recap.png,50,20,95,96,-5.186813186813187,-99.38461538461539,78.54945054945055,67.6923076923077,-1.2747252747252746,0.8904109589041096,-5.847969055175781,-47.05742263793945,49.397979736328125,74.42652893066406,-2.1145448684692383,40.41344451904297
075_bag,put the bag on the tray,4,1,49,3.447,1788428084.3764927,00002_front_put_the_bag_on_the_tray.png,00002_wrist_put_the_bag_on_the_tray.png,recap.png,50,21,96,97,-5.186813186813187,-99.38461538461539,78.54945054945055,67.6923076923077,-1.2747252747252746,0.8904109589041096,-5.744165420532227,-46.04283905029297,49.31611633300781,74.3729476928711,-2.088381767272949,40.232147216796875
075_bag,put the bag on the tray,4,1,49,3.447,1788428084.3764927,00002_front_put_the_bag_on_the_tray.png,00002_wrist_put_the_bag_on_the_tray.png,recap.png,50,22,97,98,-5.186813186813187,-99.38461538461539,78.54945054945055,67.6923076923077,-1.2747252747252746,0.8904109589041096,-5.736833572387695,-44.22438430786133,48.677154541015625,74.1763916015625,-2.1078853607177734,40.23155212402344
075_bag,put the bag on the tray,4,1,49,3.447,1788428084.3764927,00002_front_put_the_bag_on_the_tray.png,00002_wrist_put_the_bag_on_the_tray.png,recap.png,50,23,98,99,-5.186813186813187,-99.38461538461539,78.54945054945055,67.6923076923077,-1.2747252747252746,0.8904109589041096,-5.668701171875,-42.62766647338867,48.720848083496094,73.93872833251953,-2.0912294387817383,40.35968780517578
075_bag,put the bag on the tray,5,1,74,4.383,1788428085.309725,00003_front_put_the_bag_on_the_tray.png,00003_wrist_put_the_bag_on_the_tray.png,recap.png,50,0,99,100,-4.571428571428571,-56.48351648351648,54.1978021978022,66.37362637362638,-2.32967032967033,0.7534246575342466,-5.431728363037109,-51.12670135498047,49.40968322753906,74.23074340820312,-0.13098430633544922,37.972068786621094
075_bag,put the bag on the tray,5,1,74,4.383,1788428085.309725,00003_front_put_the_bag_on_the_tray.png,00003_wrist_put_the_bag_on_the_tray.png,recap.png,50,1,100,101,-4.571428571428571,-56.48351648351648,54.1978021978022,66.37362637362638,-2.32967032967033,0.7534246575342466,-5.309566497802734,-50.737159729003906,49.532958984375,74.43461608886719,-0.02700328826904297,38.75025939941406
075_bag,put the bag on the tray,5,1,74,4.383,1788428085.309725,00003_front_put_the_bag_on_the_tray.png,00003_wrist_put_the_bag_on_the_tray.png,recap.png,50,2,101,102,-4.571428571428571,-56.48351648351648,54.1978021978022,66.37362637362638,-2.32967032967033,0.7534246575342466,-5.278501510620117,-50.909515380859375,49.36222839355469,74.43486785888672,0.07840728759765625,39.96363067626953
075_bag,put the bag on the tray,5,1,74,4.383,1788428085.309725,00003_front_put_the_bag_on_the_tray.png,00003_wrist_put_the_bag_on_the_tray.png,recap.png,50,3,102,103,-4.571428571428571,-56.48351648351648,54.1978021978022,66.37362637362638,-2.32967032967033,0.7534246575342466,-5.487094879150391,-50.70037078857422,50.16658020019531,74.11705017089844,0.15349388122558594,41.11872863769531
075_bag,put the bag on the tray,5,1,74,4.383,1788428085.309725,00003_front_put_the_bag_on_the_tray.png,00003_wrist_put_the_bag_on_the_tray.png,recap.png,50,4,103,104,-4.571428571428571,-56.48351648351648,54.1978021978022,66.37362637362638,-2.32967032967033,0.7534246575342466,-5.550886154174805,-50.767391204833984,50.00572967529297,74.18270874023438,0.2733917236328125,42.145809173583984
075_bag,put the bag on the tray,5,1,74,4.383,1788428085.309725,00003_front_put_the_bag_on_the_tray.png,00003_wrist_put_the_bag_on_the_tray.png,recap.png,50,5,104,105,-4.571428571428571,-56.48351648351648,54.1978021978022,66.37362637362638,-2.32967032967033,0.7534246575342466,-5.520233154296875,-50.13359832763672,50.0888671875,73.8174057006836,0.49210357666015625,42.334651947021484
075_bag,put the bag on the tray,5,1,74,4.383,1788428085.309725,00003_front_put_the_bag_on_the_tray.png,00003_wrist_put_the_bag_on_the_tray.png,recap.png,50,6,105,106,-4.571428571428571,-56.48351648351648,54.1978021978022,66.37362637362638,-2.32967032967033,0.7534246575342466,-5.653409957885742,-49.92946243286133,50.207252502441406,73.70541381835938,0.5823945999145508,42.26676559448242
075_bag,put the bag on the tray,5,1,74,4.383,1788428085.309725,00003_front_put_the_bag_on_the_tray.png,00003_wrist_put_the_bag_on_the_tray.png,recap.png,50,7,106,107,-4.571428571428571,-56.48351648351648,54.1978021978022,66.37362637362638,-2.32967032967033,0.7534246575342466,-5.893697738647461,-49.611961364746094,50.06678009033203,73.23866271972656,0.6912641525268555,42.19552993774414
075_bag,put the bag on the tray,5,1,74,4.383,1788428085.309725,00003_front_put_the_bag_on_the_tray.png,00003_wrist_put_the_bag_on_the_tray.png,recap.png,50,8,107,108,-4.571428571428571,-56.48351648351648,54.1978021978022,66.37362637362638,-2.32967032967033,0.7534246575342466,-5.933279037475586,-49.41754913330078,50.694175720214844,72.89250946044922,0.7041311264038086,42.19792938232422
075_bag,put the bag on the tray,5,1,74,4.383,1788428085.309725,00003_front_put_the_bag_on_the_tray.png,00003_wrist_put_the_bag_on_the_tray.png,recap.png,50,9,108,109,-4.571428571428571,-56.48351648351648,54.1978021978022,66.37362637362638,-2.32967032967033,0.7534246575342466,-6.121854782104492,-48.058502197265625,50.40934753417969,72.40392303466797,0.6289567947387695,41.99544143676758
075_bag,put the bag on the tray,5,1,74,4.383,1788428085.309725,00003_front_put_the_bag_on_the_tray.png,00003_wrist_put_the_bag_on_the_tray.png,recap.png,50,10,109,110,-4.571428571428571,-56.48351648351648,54.1978021978022,66.37362637362638,-2.32967032967033,0.7534246575342466,-6.141475677490234,-47.88842010498047,50.38505554199219,71.97728729248047,0.6774082183837891,42.02607345581055
075_bag,put the bag on the tray,5,1,74,4.383,1788428085.309725,00003_front_put_the_bag_on_the_tray.png,00003_wrist_put_the_bag_on_the_tray.png,recap.png,50,11,110,111,-4.571428571428571,-56.48351648351648,54.1978021978022,66.37362637362638,-2.32967032967033,0.7534246575342466,-6.458580017089844,-47.247161865234375,50.908599853515625,71.5429458618164,0.5943984985351562,42.02903366088867
075_bag,put the bag on the tray,5,1,74,4.383,1788428085.309725,00003_front_put_the_bag_on_the_tray.png,00003_wrist_put_the_bag_on_the_tray.png,recap.png,50,12,111,112,-4.571428571428571,-56.48351648351648,54.1978021978022,66.37362637362638,-2.32967032967033,0.7534246575342466,-6.539997100830078,-46.93893051147461,50.476318359375,71.024169921875,0.6702804565429688,41.78728485107422
075_bag,put the bag on the tray,5,1,74,4.383,1788428085.309725,00003_front_put_the_bag_on_the_tray.png,00003_wrist_put_the_bag_on_the_tray.png,recap.png,50,13,112,113,-4.571428571428571,-56.48351648351648,54.1978021978022,66.37362637362638,-2.32967032967033,0.7534246575342466,-6.672763824462891,-45.47010803222656,50.60529327392578,70.30380249023438,0.623779296875,41.65271759033203
075_bag,put the bag on the tray,5,1,74,4.383,1788428085.309725,00003_front_put_the_bag_on_the_tray.png,00003_wrist_put_the_bag_on_the_tray.png,recap.png,50,14,113,114,-4.571428571428571,-56.48351648351648,54.1978021978022,66.37362637362638,-2.32967032967033,0.7534246575342466,-6.732385635375977,-44.456695556640625,50.08538055419922,69.70549774169922,0.5956096649169922,41.62191390991211
075_bag,put the bag on the tray,5,1,74,4.383,1788428085.309725,00003_front_put_the_bag_on_the_tray.png,00003_wrist_put_the_bag_on_the_tray.png,recap.png,50,15,114,115,-4.571428571428571,-56.48351648351648,54.1978021978022,66.37362637362638,-2.32967032967033,0.7534246575342466,-6.942089080810547,-44.054168701171875,50.7733154296875,69.29490661621094,0.541386604309082,41.725669860839844
075_bag,put the bag on the tray,5,1,74,4.383,1788428085.309725,00003_front_put_the_bag_on_the_tray.png,00003_wrist_put_the_bag_on_the_tray.png,recap.png,50,16,115,116,-4.571428571428571,-56.48351648351648,54.1978021978022,66.37362637362638,-2.32967032967033,0.7534246575342466,-7.097568511962891,-42.04683303833008,50.17720031738281,68.77570343017578,0.4834098815917969,41.5960578918457
075_bag,put the bag on the tray,5,1,74,4.383,1788428085.309725,00003_front_put_the_bag_on_the_tray.png,00003_wrist_put_the_bag_on_the_tray.png,recap.png,50,17,116,117,-4.571428571428571,-56.48351648351648,54.1978021978022,66.37362637362638,-2.32967032967033,0.7534246575342466,-7.435426712036133,-41.312503814697266,50.062294006347656,68.4973373413086,0.5655126571655273,41.44987106323242
075_bag,put the bag on the tray,5,1,74,4.383,1788428085.309725,00003_front_put_the_bag_on_the_tray.png,00003_wrist_put_the_bag_on_the_tray.png,recap.png,50,18,117,118,-4.571428571428571,-56.48351648351648,54.1978021978022,66.37362637362638,-2.32967032967033,0.7534246575342466,-7.275472640991211,-40.240447998046875,50.05121612548828,68.08687591552734,0.4254646301269531,41.490623474121094
075_bag,put the bag on the tray,5,1,74,4.383,1788428085.309725,00003_front_put_the_bag_on_the_tray.png,00003_wrist_put_the_bag_on_the_tray.png,recap.png,50,19,118,119,-4.571428571428571,-56.48351648351648,54.1978021978022,66.37362637362638,-2.32967032967033,0.7534246575342466,-7.574464797973633,-38.438385009765625,49.708152770996094,67.82659149169922,0.4197711944580078,41.342227935791016
075_bag,put the bag on the tray,5,1,74,4.383,1788428085.309725,00003_front_put_the_bag_on_the_tray.png,00003_wrist_put_the_bag_on_the_tray.png,recap.png,50,20,119,120,-4.571428571428571,-56.48351648351648,54.1978021978022,66.37362637362638,-2.32967032967033,0.7534246575342466,-7.881935119628906,-36.94163513183594,49.72344970703125,67.62118530273438,0.43909263610839844,41.258270263671875
075_bag,put the bag on the tray,5,1,74,4.383,1788428085.309725,00003_front_put_the_bag_on_the_tray.png,00003_wrist_put_the_bag_on_the_tray.png,recap.png,50,21,120,121,-4.571428571428571,-56.48351648351648,54.1978021978022,66.37362637362638,-2.32967032967033,0.7534246575342466,-8.1231689453125,-35.58647155761719,49.232566833496094,67.35678100585938,0.22740745544433594,41.39589309692383
075_bag,put the bag on the tray,5,1,74,4.383,1788428085.309725,00003_front_put_the_bag_on_the_tray.png,00003_wrist_put_the_bag_on_the_tray.png,recap.png,50,22,121,122,-4.571428571428571,-56.48351648351648,54.1978021978022,66.37362637362638,-2.32967032967033,0.7534246575342466,-7.987592697143555,-34.568389892578125,48.855735778808594,67.17832946777344,0.234771728515625,41.01124954223633
075_bag,put the bag on the tray,5,1,74,4.383,1788428085.309725,00003_front_put_the_bag_on_the_tray.png,00003_wrist_put_the_bag_on_the_tray.png,recap.png,50,23,122,123,-4.571428571428571,-56.48351648351648,54.1978021978022,66.37362637362638,-2.32967032967033,0.7534246575342466,-8.330648422241211,-33.385704040527344,48.92052459716797,67.2600326538086,0.2247772216796875,41.115135192871094
075_bag,put the bag on the tray,5,1,74,4.383,1788428085.309725,00003_front_put_the_bag_on_the_tray.png,00003_wrist_put_the_bag_on_the_tray.png,recap.png,50,24,123,124,-4.571428571428571,-56.48351648351648,54.1978021978022,66.37362637362638,-2.32967032967033,0.7534246575342466,-7.973472595214844,-31.42144012451172,48.67112731933594,67.53563690185547,0.013883590698242188,41.08604049682617
075_bag,put the bag on the tray,6,1,98,5.253,1788428086.1801965,00004_front_put_the_bag_on_the_tray.png,00004_wrist_put_the_bag_on_the_tray.png,recap.png,50,0,124,125,-5.626373626373627,-46.9010989010989,51.73626373626374,74.54945054945055,-2.5934065934065935,40.06849315068493,-6.332584381103516,-14.97747802734375,37.28154754638672,67.23228454589844,-3.468348503112793,41.96616744995117
075_bag,put the bag on the tray,6,1,98,5.253,1788428086.1801965,00004_front_put_the_bag_on_the_tray.png,00004_wrist_put_the_bag_on_the_tray.png,recap.png,50,1,125,126,-5.626373626373627,-46.9010989010989,51.73626373626374,74.54945054945055,-2.5934065934065935,40.06849315068493,-6.416828155517578,-14.255577087402344,36.438453674316406,67.00882720947266,-3.5946130752563477,42.10737228393555
075_bag,put the bag on the tray,6,1,98,5.253,1788428086.1801965,00004_front_put_the_bag_on_the_tray.png,00004_wrist_put_the_bag_on_the_tray.png,recap.png,50,2,126,127,-5.626373626373627,-46.9010989010989,51.73626373626374,74.54945054945055,-2.5934065934065935,40.06849315068493,-6.55174446105957,-13.146110534667969,36.50459289550781,66.67579650878906,-3.512507438659668,41.91754150390625
075_bag,put the bag on the tray,6,1,98,5.253,1788428086.1801965,00004_front_put_the_bag_on_the_tray.png,00004_wrist_put_the_bag_on_the_tray.png,recap.png,50,3,127,128,-5.626373626373627,-46.9010989010989,51.73626373626374,74.54945054945055,-2.5934065934065935,40.06849315068493,-6.368997573852539,-11.568504333496094,36.28382110595703,66.41107177734375,-3.503941535949707,41.987754821777344
075_bag,put the bag on the tray,6,1,98,5.253,1788428086.1801965,00004_front_put_the_bag_on_the_tray.png,00004_wrist_put_the_bag_on_the_tray.png,recap.png,50,4,128,129,-5.626373626373627,-46.9010989010989,51.73626373626374,74.54945054945055,-2.5934065934065935,40.06849315068493,-6.291698455810547,-10.780670166015625,34.89512634277344,65.73250579833984,-3.490449905395508,42.14047622680664
075_bag,put the bag on the tray,6,1,98,5.253,1788428086.1801965,00004_front_put_the_bag_on_the_tray.png,00004_wrist_put_the_bag_on_the_tray.png,recap.png,50,5,129,130,-5.626373626373627,-46.9010989010989,51.73626373626374,74.54945054945055,-2.5934065934065935,40.06849315068493,-6.249980926513672,-9.717704772949219,35.05418395996094,65.30664825439453,-3.520857810974121,42.01363754272461
075_bag,put the bag on the tray,6,1,98,5.253,1788428086.1801965,00004_front_put_the_bag_on_the_tray.png,00004_wrist_put_the_bag_on_the_tray.png,recap.png,50,6,130,131,-5.626373626373627,-46.9010989010989,51.73626373626374,74.54945054945055,-2.5934065934065935,40.06849315068493,-6.353742599487305,-8.775955200195312,34.76507568359375,65.29702758789062,-3.529806137084961,41.950225830078125
075_bag,put the bag on the tray,6,1,98,5.253,1788428086.1801965,00004_front_put_the_bag_on_the_tray.png,00004_wrist_put_the_bag_on_the_tray.png,recap.png,50,7,131,132,-5.626373626373627,-46.9010989010989,51.73626373626374,74.54945054945055,-2.5934065934065935,40.06849315068493,-6.459135055541992,-7.451904296875,33.94078826904297,65.02664184570312,-3.4663562774658203,42.113311767578125
075_bag,put the bag on the tray,6,1,98,5.253,1788428086.1801965,00004_front_put_the_bag_on_the_tray.png,00004_wrist_put_the_bag_on_the_tray.png,recap.png,50,8,132,133,-5.626373626373627,-46.9010989010989,51.73626373626374,74.54945054945055,-2.5934065934065935,40.06849315068493,-6.355503082275391,-6.6191864013671875,34.41162872314453,64.7201156616211,-3.430177688598633,42.12080001831055
075_bag,put the bag on the tray,6,1,98,5.253,1788428086.1801965,00004_front_put_the_bag_on_the_tray.png,00004_wrist_put_the_bag_on_the_tray.png,recap.png,50,9,133,134,-5.626373626373627,-46.9010989010989,51.73626373626374,74.54945054945055,-2.5934065934065935,40.06849315068493,-6.447662353515625,-5.869712829589844,33.58759307861328,64.610107421875,-3.5076475143432617,42.16313171386719
075_bag,put the bag on the tray,6,1,98,5.253,1788428086.1801965,00004_front_put_the_bag_on_the_tray.png,00004_wrist_put_the_bag_on_the_tray.png,recap.png,50,10,134,135,-5.626373626373627,-46.9010989010989,51.73626373626374,74.54945054945055,-2.5934065934065935,40.06849315068493,-6.385828018188477,-6.33154296875,33.22357177734375,64.59968566894531,-3.5780820846557617,41.873870849609375
075_bag,put the bag on the tray,6,1,98,5.253,1788428086.1801965,00004_front_put_the_bag_on_the_tray.png,00004_wrist_put_the_bag_on_the_tray.png,recap.png,50,11,135,136,-5.626373626373627,-46.9010989010989,51.73626373626374,74.54945054945055,-2.5934065934065935,40.06849315068493,-6.549217224121094,-5.0659332275390625,32.985862731933594,64.63326263427734,-3.468686103820801,41.71167755126953
075_bag,put the bag on the tray,6,1,98,5.253,1788428086.1801965,00004_front_put_the_bag_on_the_tray.png,00004_wrist_put_the_bag_on_the_tray.png,recap.png,50,12,136,137,-5.626373626373627,-46.9010989010989,51.73626373626374,74.54945054945055,-2.5934065934065935,40.06849315068493,-6.678895950317383,-4.97344970703125,33.34461212158203,64.73246765136719,-3.49163818359375,40.73318862915039
075_bag,put the bag on the tray,6,1,98,5.253,1788428086.1801965,00004_front_put_the_bag_on_the_tray.png,00004_wrist_put_the_bag_on_the_tray.png,recap.png,50,13,137,138,-5.626373626373627,-46.9010989010989,51.73626373626374,74.54945054945055,-2.5934065934065935,40.06849315068493,-6.572290420532227,-4.741264343261719,32.83690643310547,64.96719360351562,-3.663087844848633,38.93532180786133
075_bag,put the bag on the tray,6,1,98,5.253,1788428086.1801965,00004_front_put_the_bag_on_the_tray.png,00004_wrist_put_the_bag_on_the_tray.png,recap.png,50,14,138,139,-5.626373626373627,-46.9010989010989,51.73626373626374,74.54945054945055,-2.5934065934065935,40.06849315068493,-6.610157012939453,-5.276130676269531,31.80577850341797,65.10382080078125,-3.6554994583129883,35.3799934387207
075_bag,put the bag on the tray,6,1,98,5.253,1788428086.1801965,00004_front_put_the_bag_on_the_tray.png,00004_wrist_put_the_bag_on_the_tray.png,recap.png,50,15,139,140,-5.626373626373627,-46.9010989010989,51.73626373626374,74.54945054945055,-2.5934065934065935,40.06849315068493,-6.685647964477539,-4.65020751953125,31.961044311523438,64.9009017944336,-3.7854528427124023,31.715246200561523
075_bag,put the bag on the tray,6,1,98,5.253,1788428086.1801965,00004_front_put_the_bag_on_the_tray.png,00004_wrist_put_the_bag_on_the_tray.png,recap.png,50,16,140,141,-5.626373626373627,-46.9010989010989,51.73626373626374,74.54945054945055,-2.5934065934065935,40.06849315068493,-6.539520263671875,-5.496009826660156,33.000572204589844,64.78703308105469,-3.885329246520996,27.40230941772461
075_bag,put the bag on the tray,6,1,98,5.253,1788428086.1801965,00004_front_put_the_bag_on_the_tray.png,00004_wrist_put_the_bag_on_the_tray.png,recap.png,50,17,141,142,-5.626373626373627,-46.9010989010989,51.73626373626374,74.54945054945055,-2.5934065934065935,40.06849315068493,-6.327760696411133,-5.201835632324219,32.5728759765625,64.63298797607422,-3.794095993041992,23.30116844177246
075_bag,put the bag on the tray,6,1,98,5.253,1788428086.1801965,00004_front_put_the_bag_on_the_tray.png,00004_wrist_put_the_bag_on_the_tray.png,recap.png,50,18,142,143,-5.626373626373627,-46.9010989010989,51.73626373626374,74.54945054945055,-2.5934065934065935,40.06849315068493,-5.996206283569336,-5.295570373535156,32.866600036621094,64.7445297241211,-3.7195510864257812,20.206819534301758
075_bag,put the bag on the tray,6,1,98,5.253,1788428086.1801965,00004_front_put_the_bag_on_the_tray.png,00004_wrist_put_the_bag_on_the_tray.png,recap.png,50,19,143,144,-5.626373626373627,-46.9010989010989,51.73626373626374,74.54945054945055,-2.5934065934065935,40.06849315068493,-5.8943939208984375,-5.911094665527344,32.81517028808594,65.05812072753906,-3.6392459869384766,18.067659378051758
075_bag,put the bag on the tray,6,1,98,5.253,1788428086.1801965,00004_front_put_the_bag_on_the_tray.png,00004_wrist_put_the_bag_on_the_tray.png,recap.png,50,20,144,145,-5.626373626373627,-46.9010989010989,51.73626373626374,74.54945054945055,-2.5934065934065935,40.06849315068493,-5.790182113647461,-6.114540100097656,33.72283172607422,64.88420104980469,-3.676661491394043,16.565876007080078
075_bag,put the bag on the tray,6,1,98,5.253,1788428086.1801965,00004_front_put_the_bag_on_the_tray.png,00004_wrist_put_the_bag_on_the_tray.png,recap.png,50,21,145,146,-5.626373626373627,-46.9010989010989,51.73626373626374,74.54945054945055,-2.5934065934065935,40.06849315068493,-5.726583480834961,-6.12738037109375,32.59373474121094,65.25003051757812,-3.712787628173828,15.491616249084473
075_bag,put the bag on the tray,6,1,98,5.253,1788428086.1801965,00004_front_put_the_bag_on_the_tray.png,00004_wrist_put_the_bag_on_the_tray.png,recap.png,50,22,146,147,-5.626373626373627,-46.9010989010989,51.73626373626374,74.54945054945055,-2.5934065934065935,40.06849315068493,-5.495182037353516,-6.569572448730469,32.694671630859375,65.4023208618164,-3.927687644958496,14.63277530670166
075_bag,put the bag on the tray,6,1,98,5.253,1788428086.1801965,00004_front_put_the_bag_on_the_tray.png,00004_wrist_put_the_bag_on_the_tray.png,recap.png,50,23,147,148,-5.626373626373627,-46.9010989010989,51.73626373626374,74.54945054945055,-2.5934065934065935,40.06849315068493,-5.356922149658203,-6.9989471435546875,32.068328857421875,65.8903579711914,-3.760702133178711,14.122113227844238
075_bag,put the bag on the tray,7,1,123,6.189,1788428087.1169765,00005_front_put_the_bag_on_the_tray.png,00005_wrist_put_the_bag_on_the_tray.png,recap.png,50,0,148,149,-8.0,-35.73626373626374,50.857142857142854,67.86813186813187,0.3076923076923077,41.50684931506849,-6.39747428894043,-6.5207061767578125,37.00047302246094,64.64956665039062,-1.4227914810180664,33.1136360168457
075_bag,put the bag on the tray,7,1,123,6.189,1788428087.1169765,00005_front_put_the_bag_on_the_tray.png,00005_wrist_put_the_bag_on_the_tray.png,recap.png,50,1,149,150,-8.0,-35.73626373626374,50.857142857142854,67.86813186813187,0.3076923076923077,41.50684931506849,-6.478910446166992,-6.231544494628906,37.05895233154297,64.72789001464844,-1.3223600387573242,29.620258331298828
075_bag,put the bag on the tray,7,1,123,6.189,1788428087.1169765,00005_front_put_the_bag_on_the_tray.png,00005_wrist_put_the_bag_on_the_tray.png,recap.png,50,2,150,151,-8.0,-35.73626373626374,50.857142857142854,67.86813186813187,0.3076923076923077,41.50684931506849,-6.3934783935546875,-6.3423309326171875,36.667869567871094,64.87513732910156,-1.366506576538086,26.02464485168457
075_bag,put the bag on the tray,7,1,123,6.189,1788428087.1169765,00005_front_put_the_bag_on_the_tray.png,00005_wrist_put_the_bag_on_the_tray.png,recap.png,50,3,151,152,-8.0,-35.73626373626374,50.857142857142854,67.86813186813187,0.3076923076923077,41.50684931506849,-6.33143424987793,-5.963775634765625,36.3568115234375,64.65667724609375,-1.3154621124267578,22.460254669189453
075_bag,put the bag on the tray,7,1,123,6.189,1788428087.1169765,00005_front_put_the_bag_on_the_tray.png,00005_wrist_put_the_bag_on_the_tray.png,recap.png,50,4,152,153,-8.0,-35.73626373626374,50.857142857142854,67.86813186813187,0.3076923076923077,41.50684931506849,-6.001285552978516,-5.710533142089844,36.005706787109375,64.65902709960938,-1.3743619918823242,19.41802978515625
075_bag,put the bag on the tray,7,1,123,6.189,1788428087.1169765,00005_front_put_the_bag_on_the_tray.png,00005_wrist_put_the_bag_on_the_tray.png,recap.png,50,5,153,154,-8.0,-35.73626373626374,50.857142857142854,67.86813186813187,0.3076923076923077,41.50684931506849,-5.84016227722168,-6.546852111816406,36.346710205078125,64.83372497558594,-1.3630294799804688,17.20121955871582
075_bag,put the bag on the tray,7,1,123,6.189,1788428087.1169765,00005_front_put_the_bag_on_the_tray.png,00005_wrist_put_the_bag_on_the_tray.png,recap.png,50,6,154,155,-8.0,-35.73626373626374,50.857142857142854,67.86813186813187,0.3076923076923077,41.50684931506849,-5.692842483520508,-5.352134704589844,34.93565368652344,64.80763244628906,-1.4436941146850586,15.586779594421387
075_bag,put the bag on the tray,7,1,123,6.189,1788428087.1169765,00005_front_put_the_bag_on_the_tray.png,00005_wrist_put_the_bag_on_the_tray.png,recap.png,50,7,155,156,-8.0,-35.73626373626374,50.857142857142854,67.86813186813187,0.3076923076923077,41.50684931506849,-5.568065643310547,-5.536773681640625,34.90858459472656,64.87043762207031,-1.5798368453979492,14.64881706237793
075_bag,put the bag on the tray,7,1,123,6.189,1788428087.1169765,00005_front_put_the_bag_on_the_tray.png,00005_wrist_put_the_bag_on_the_tray.png,recap.png,50,8,156,157,-8.0,-35.73626373626374,50.857142857142854,67.86813186813187,0.3076923076923077,41.50684931506849,-5.61567497253418,-5.374610900878906,34.81846618652344,65.18738555908203,-1.6399421691894531,14.054289817810059
075_bag,put the bag on the tray,7,1,123,6.189,1788428087.1169765,00005_front_put_the_bag_on_the_tray.png,00005_wrist_put_the_bag_on_the_tray.png,recap.png,50,9,157,158,-8.0,-35.73626373626374,50.857142857142854,67.86813186813187,0.3076923076923077,41.50684931506849,-5.611101150512695,-6.4567718505859375,33.921348571777344,65.22014617919922,-1.7891778945922852,13.527875900268555
075_bag,put the bag on the tray,7,1,123,6.189,1788428087.1169765,00005_front_put_the_bag_on_the_tray.png,00005_wrist_put_the_bag_on_the_tray.png,recap.png,50,10,158,159,-8.0,-35.73626373626374,50.857142857142854,67.86813186813187,0.3076923076923077,41.50684931506849,-5.339315414428711,-6.450599670410156,32.81451416015625,65.72628784179688,-1.7783737182617188,13.415254592895508
075_bag,put the bag on the tray,7,1,123,6.189,1788428087.1169765,00005_front_put_the_bag_on_the_tray.png,00005_wrist_put_the_bag_on_the_tray.png,recap.png,50,11,159,160,-8.0,-35.73626373626374,50.857142857142854,67.86813186813187,0.3076923076923077,41.50684931506849,-5.375629425048828,-5.741539001464844,32.67005920410156,66.1090316772461,-1.8780784606933594,13.415081977844238
075_bag,put the bag on the tray,7,1,123,6.189,1788428087.1169765,00005_front_put_the_bag_on_the_tray.png,00005_wrist_put_the_bag_on_the_tray.png,recap.png,50,12,160,161,-8.0,-35.73626373626374,50.857142857142854,67.86813186813187,0.3076923076923077,41.50684931506849,-5.28679084777832,-6.4312744140625,31.932220458984375,66.68412017822266,-1.9679431915283203,13.289979934692383
075_bag,put the bag on the tray,7,1,123,6.189,1788428087.1169765,00005_front_put_the_bag_on_the_tray.png,00005_wrist_put_the_bag_on_the_tray.png,recap.png,50,13,161,162,-8.0,-35.73626373626374,50.857142857142854,67.86813186813187,0.3076923076923077,41.50684931506849,-5.031589508056641,-6.306617736816406,30.752410888671875,67.10398864746094,-2.0489110946655273,13.16632080078125
075_bag,put the bag on the tray,7,1,123,6.189,1788428087.1169765,00005_front_put_the_bag_on_the_tray.png,00005_wrist_put_the_bag_on_the_tray.png,recap.png,50,14,162,163,-8.0,-35.73626373626374,50.857142857142854,67.86813186813187,0.3076923076923077,41.50684931506849,-5.24482536315918,-6.127326965332031,29.72796630859375,67.98394775390625,-2.1095829010009766,12.999095916748047
075_bag,put the bag on the tray,7,1,123,6.189,1788428087.1169765,00005_front_put_the_bag_on_the_tray.png,00005_wrist_put_the_bag_on_the_tray.png,recap.png,50,15,163,164,-8.0,-35.73626373626374,50.857142857142854,67.86813186813187,0.3076923076923077,41.50684931506849,-5.132965087890625,-6.344482421875,30.05510711669922,68.59371948242188,-2.23105525970459,12.867749214172363
075_bag,put the bag on the tray,7,1,123,6.189,1788428087.1169765,00005_front_put_the_bag_on_the_tray.png,00005_wrist_put_the_bag_on_the_tray.png,recap.png,50,16,164,165,-8.0,-35.73626373626374,50.857142857142854,67.86813186813187,0.3076923076923077,41.50684931506849,-4.938993453979492,-5.928619384765625,28.74073028564453,69.71137237548828,-2.178481101989746,12.631884574890137
075_bag,put the bag on the tray,7,1,123,6.189,1788428087.1169765,00005_front_put_the_bag_on_the_tray.png,00005_wrist_put_the_bag_on_the_tray.png,recap.png,50,17,165,166,-8.0,-35.73626373626374,50.857142857142854,67.86813186813187,0.3076923076923077,41.50684931506849,-4.921436309814453,-5.8608245849609375,27.302169799804688,70.59326171875,-2.4405508041381836,12.489363670349121
075_bag,put the bag on the tray,7,1,123,6.189,1788428087.1169765,00005_front_put_the_bag_on_the_tray.png,00005_wrist_put_the_bag_on_the_tray.png,recap.png,50,18,166,167,-8.0,-35.73626373626374,50.857142857142854,67.86813186813187,0.3076923076923077,41.50684931506849,-5.028324127197266,-6.682792663574219,26.51897430419922,71.7545166015625,-2.2329587936401367,12.382134437561035
075_bag,put the bag on the tray,7,1,123,6.189,1788428087.1169765,00005_front_put_the_bag_on_the_tray.png,00005_wrist_put_the_bag_on_the_tray.png,recap.png,50,19,167,168,-8.0,-35.73626373626374,50.857142857142854,67.86813186813187,0.3076923076923077,41.50684931506849,-4.727855682373047,-6.897674560546875,25.512977600097656,72.81674194335938,-2.3584957122802734,12.484140396118164
075_bag,put the bag on the tray,7,1,123,6.189,1788428087.1169765,00005_front_put_the_bag_on_the_tray.png,00005_wrist_put_the_bag_on_the_tray.png,recap.png,50,20,168,169,-8.0,-35.73626373626374,50.857142857142854,67.86813186813187,0.3076923076923077,41.50684931506849,-4.709962844848633,-7.287689208984375,24.32099151611328,74.00819396972656,-2.3653650283813477,12.444045066833496
075_bag,put the bag on the tray,7,1,123,6.189,1788428087.1169765,00005_front_put_the_bag_on_the_tray.png,00005_wrist_put_the_bag_on_the_tray.png,recap.png,50,21,169,170,-8.0,-35.73626373626374,50.857142857142854,67.86813186813187,0.3076923076923077,41.50684931506849,-4.420221328735352,-7.366508483886719,22.534942626953125,75.27828979492188,-2.3400630950927734,12.321706771850586
075_bag,put the bag on the tray,7,1,123,6.189,1788428087.1169765,00005_front_put_the_bag_on_the_tray.png,00005_wrist_put_the_bag_on_the_tray.png,recap.png,50,22,170,171,-8.0,-35.73626373626374,50.857142857142854,67.86813186813187,0.3076923076923077,41.50684931506849,-4.068613052368164,-7.8258514404296875,21.171470642089844,76.47660064697266,-2.342836380004883,12.31075382232666
075_bag,put the bag on the tray,7,1,123,6.189,1788428087.1169765,00005_front_put_the_bag_on_the_tray.png,00005_wrist_put_the_bag_on_the_tray.png,recap.png,50,23,171,172,-8.0,-35.73626373626374,50.857142857142854,67.86813186813187,0.3076923076923077,41.50684931506849,-3.8545989990234375,-8.431632995605469,20.13092803955078,77.68856048583984,-2.357579231262207,12.196418762207031
075_bag,put the bag on the tray,7,1,123,6.189,1788428087.1169765,00005_front_put_the_bag_on_the_tray.png,00005_wrist_put_the_bag_on_the_tray.png,recap.png,50,24,172,173,-8.0,-35.73626373626374,50.857142857142854,67.86813186813187,0.3076923076923077,41.50684931506849,-3.7129077911376953,-9.383872985839844,18.692184448242188,78.58833312988281,-2.4623031616210938,12.187335014343262
075_bag,put the bag on the tray,8,1,147,7.093,1788428088.0201554,00006_front_put_the_bag_on_the_tray.png,00006_wrist_put_the_bag_on_the_tray.png,recap.png,50,0,173,174,-6.153846153846154,-6.197802197802198,32.21978021978022,64.7032967032967,-3.3846153846153846,19.589041095890412,3.547229766845703,-21.91533660888672,10.153045654296875,83.14990234375,-4.139019966125488,11.023661613464355
075_bag,put the bag on the tray,8,1,147,7.093,1788428088.0201554,00006_front_put_the_bag_on_the_tray.png,00006_wrist_put_the_bag_on_the_tray.png,recap.png,50,1,174,175,-6.153846153846154,-6.197802197802198,32.21978021978022,64.7032967032967,-3.3846153846153846,19.589041095890412,4.821235656738281,-21.355125427246094,9.723854064941406,82.76274871826172,-3.9051027297973633,11.122742652893066
075_bag,put the bag on the tray,8,1,147,7.093,1788428088.0201554,00006_front_put_the_bag_on_the_tray.png,00006_wrist_put_the_bag_on_the_tray.png,recap.png,50,2,175,176,-6.153846153846154,-6.197802197802198,32.21978021978022,64.7032967032967,-3.3846153846153846,19.589041095890412,6.337455749511719,-21.909347534179688,8.029884338378906,82.77659606933594,-3.8569984436035156,11.182415962219238
075_bag,put the bag on the tray,8,1,147,7.093,1788428088.0201554,00006_front_put_the_bag_on_the_tray.png,00006_wrist_put_the_bag_on_the_tray.png,recap.png,50,3,176,177,-6.153846153846154,-6.197802197802198,32.21978021978022,64.7032967032967,-3.3846153846153846,19.589041095890412,6.805576324462891,-21.304527282714844,7.85772705078125,82.74395751953125,-3.450855255126953,11.134428024291992
075_bag,put the bag on the tray,8,1,147,7.093,1788428088.0201554,00006_front_put_the_bag_on_the_tray.png,00006_wrist_put_the_bag_on_the_tray.png,recap.png,50,4,177,178,-6.153846153846154,-6.197802197802198,32.21978021978022,64.7032967032967,-3.3846153846153846,19.589041095890412,7.74127197265625,-22.571365356445312,6.758914947509766,82.57849884033203,-3.290093421936035,11.288689613342285
075_bag,put the bag on the tray,8,1,147,7.093,1788428088.0201554,00006_front_put_the_bag_on_the_tray.png,00006_wrist_put_the_bag_on_the_tray.png,recap.png,50,5,178,179,-6.153846153846154,-6.197802197802198,32.21978021978022,64.7032967032967,-3.3846153846153846,19.589041095890412,9.14316177368164,-21.158477783203125,6.227607727050781,82.77030944824219,-3.062307357788086,11.394638061523438
075_bag,put the bag on the tray,8,1,147,7.093,1788428088.0201554,00006_front_put_the_bag_on_the_tray.png,00006_wrist_put_the_bag_on_the_tray.png,recap.png,50,6,179,180,-6.153846153846154,-6.197802197802198,32.21978021978022,64.7032967032967,-3.3846153846153846,19.589041095890412,10.159488677978516,-21.66259765625,5.289833068847656,82.39102172851562,-2.8222103118896484,11.106125831604004
075_bag,put the bag on the tray,8,1,147,7.093,1788428088.0201554,00006_front_put_the_bag_on_the_tray.png,00006_wrist_put_the_bag_on_the_tray.png,recap.png,50,7,180,181,-6.153846153846154,-6.197802197802198,32.21978021978022,64.7032967032967,-3.3846153846153846,19.589041095890412,11.037078857421875,-20.937911987304688,4.748497009277344,81.9061279296875,-2.804684638977051,11.459168434143066
075_bag,put the bag on the tray,8,1,147,7.093,1788428088.0201554,00006_front_put_the_bag_on_the_tray.png,00006_wrist_put_the_bag_on_the_tray.png,recap.png,50,8,181,182,-6.153846153846154,-6.197802197802198,32.21978021978022,64.7032967032967,-3.3846153846153846,19.589041095890412,12.097618103027344,-20.095741271972656,3.6470375061035156,82.01596069335938,-2.6853485107421875,11.554095268249512
075_bag,put the bag on the tray,8,1,147,7.093,1788428088.0201554,00006_front_put_the_bag_on_the_tray.png,00006_wrist_put_the_bag_on_the_tray.png,recap.png,50,9,182,183,-6.153846153846154,-6.197802197802198,32.21978021978022,64.7032967032967,-3.3846153846153846,19.589041095890412,12.878227233886719,-20.184356689453125,3.154327392578125,81.55245208740234,-2.8265151977539062,11.364824295043945
075_bag,put the bag on the tray,8,1,147,7.093,1788428088.0201554,00006_front_put_the_bag_on_the_tray.png,00006_wrist_put_the_bag_on_the_tray.png,recap.png,50,10,183,184,-6.153846153846154,-6.197802197802198,32.21978021978022,64.7032967032967,-3.3846153846153846,19.589041095890412,14.166435241699219,-20.26532745361328,2.7293701171875,81.05685424804688,-2.6869001388549805,11.448369979858398
075_bag,put the bag on the tray,8,1,147,7.093,1788428088.0201554,00006_front_put_the_bag_on_the_tray.png,00006_wrist_put_the_bag_on_the_tray.png,recap.png,50,11,184,185,-6.153846153846154,-6.197802197802198,32.21978021978022,64.7032967032967,-3.3846153846153846,19.589041095890412,15.308555603027344,-18.23834991455078,1.6667747497558594,81.07020568847656,-2.4439611434936523,11.520951271057129
075_bag,put the bag on the tray,8,1,147,7.093,1788428088.0201554,00006_front_put_the_bag_on_the_tray.png,00006_wrist_put_the_bag_on_the_tray.png,recap.png,50,12,185,186,-6.153846153846154,-6.197802197802198,32.21978021978022,64.7032967032967,-3.3846153846153846,19.589041095890412,16.395278930664062,-18.444808959960938,1.4113960266113281,81.1903305053711,-2.405670166015625,11.426362991333008
075_bag,put the bag on the tray,8,1,147,7.093,1788428088.0201554,00006_front_put_the_bag_on_the_tray.png,00006_wrist_put_the_bag_on_the_tray.png,recap.png,50,13,186,187,-6.153846153846154,-6.197802197802198,32.21978021978022,64.7032967032967,-3.3846153846153846,19.589041095890412,17.12177276611328,-17.707275390625,-0.22532272338867188,80.72388458251953,-2.272049903869629,11.527984619140625
075_bag,put the bag on the tray,8,1,147,7.093,1788428088.0201554,00006_front_put_the_bag_on_the_tray.png,00006_wrist_put_the_bag_on_the_tray.png,recap.png,50,14,187,188,-6.153846153846154,-6.197802197802198,32.21978021978022,64.7032967032967,-3.3846153846153846,19.589041095890412,17.609153747558594,-17.83997344970703,-0.5358657836914062,80.4945068359375,-2.097153663635254,11.61569595336914
075_bag,put the bag on the tray,8,1,147,7.093,1788428088.0201554,00006_front_put_the_bag_on_the_tray.png,00006_wrist_put_the_bag_on_the_tray.png,recap.png,50,15,188,189,-6.153846153846154,-6.197802197802198,32.21978021978022,64.7032967032967,-3.3846153846153846,19.589041095890412,18.49200439453125,-16.513763427734375,-1.9144134521484375,80.11053466796875,-2.0424652099609375,11.510114669799805
075_bag,put the bag on the tray,8,1,147,7.093,1788428088.0201554,00006_front_put_the_bag_on_the_tray.png,00006_wrist_put_the_bag_on_the_tray.png,recap.png,50,16,189,190,-6.153846153846154,-6.197802197802198,32.21978021978022,64.7032967032967,-3.3846153846153846,19.589041095890412,19.280292510986328,-16.589828491210938,-2.380382537841797,79.66324615478516,-1.9883975982666016,11.718642234802246
075_bag,put the bag on the tray,8,1,147,7.093,1788428088.0201554,00006_front_put_the_bag_on_the_tray.png,00006_wrist_put_the_bag_on_the_tray.png,recap.png,50,17,190,191,-6.153846153846154,-6.197802197802198,32.21978021978022,64.7032967032967,-3.3846153846153846,19.589041095890412,19.697208404541016,-14.918434143066406,-2.984477996826172,78.99899291992188,-2.0015859603881836,11.888885498046875
075_bag,put the bag on the tray,8,1,147,7.093,1788428088.0201554,00006_front_put_the_bag_on_the_tray.png,00006_wrist_put_the_bag_on_the_tray.png,recap.png,50,18,191,192,-6.153846153846154,-6.197802197802198,32.21978021978022,64.7032967032967,-3.3846153846153846,19.589041095890412,20.675830841064453,-14.391563415527344,-4.028953552246094,78.83585357666016,-2.007004737854004,11.922059059143066
075_bag,put the bag on the tray,8,1,147,7.093,1788428088.0201554,00006_front_put_the_bag_on_the_tray.png,00006_wrist_put_the_bag_on_the_tray.png,recap.png,50,19,192,193,-6.153846153846154,-6.197802197802198,32.21978021978022,64.7032967032967,-3.3846153846153846,19.589041095890412,20.69280242919922,-12.140579223632812,-4.930488586425781,78.38094329833984,-1.7731294631958008,11.983172416687012
075_bag,put the bag on the tray,8,1,147,7.093,1788428088.0201554,00006_front_put_the_bag_on_the_tray.png,00006_wrist_put_the_bag_on_the_tray.png,recap.png,50,20,193,194,-6.153846153846154,-6.197802197802198,32.21978021978022,64.7032967032967,-3.3846153846153846,19.589041095890412,21.24854278564453,-11.438682556152344,-5.064735412597656,77.54462432861328,-1.9757556915283203,11.896356582641602
075_bag,put the bag on the tray,8,1,147,7.093,1788428088.0201554,00006_front_put_the_bag_on_the_tray.png,00006_wrist_put_the_bag_on_the_tray.png,recap.png,50,21,194,195,-6.153846153846154,-6.197802197802198,32.21978021978022,64.7032967032967,-3.3846153846153846,19.589041095890412,21.944499969482422,-10.020370483398438,-5.900012969970703,76.76712036132812,-1.722611427307129,12.232054710388184
075_bag,put the bag on the tray,8,1,147,7.093,1788428088.0201554,00006_front_put_the_bag_on_the_tray.png,00006_wrist_put_the_bag_on_the_tray.png,recap.png,50,22,195,196,-6.153846153846154,-6.197802197802198,32.21978021978022,64.7032967032967,-3.3846153846153846,19.589041095890412,22.39419174194336,-8.89056396484375,-6.701679229736328,76.58805847167969,-1.8247318267822266,12.103301048278809
075_bag,put the bag on the tray,8,1,147,7.093,1788428088.0201554,00006_front_put_the_bag_on_the_tray.png,00006_wrist_put_the_bag_on_the_tray.png,recap.png,50,23,196,197,-6.153846153846154,-6.197802197802198,32.21978021978022,64.7032967032967,-3.3846153846153846,19.589041095890412,22.634517669677734,-6.99603271484375,-7.762042999267578,76.43228149414062,-1.8226566314697266,11.99161434173584
075_bag,put the bag on the tray,9,1,172,8.062,1788428088.991039,00007_front_put_the_bag_on_the_tray.png,00007_wrist_put_the_bag_on_the_tray.png,recap.png,50,0,197,198,-4.747252747252747,-5.582417582417582,24.21978021978022,74.28571428571429,-1.89010989010989,14.04109589041096,12.470195770263672,-21.37261962890625,3.924365997314453,85.35823059082031,-0.8578615188598633,10.664693832397461
075_bag,put the bag on the tray,9,1,172,8.062,1788428088.991039,00007_front_put_the_bag_on_the_tray.png,00007_wrist_put_the_bag_on_the_tray.png,recap.png,50,1,198,199,-4.747252747252747,-5.582417582417582,24.21978021978022,74.28571428571429,-1.89010989010989,14.04109589041096,12.999759674072266,-21.587677001953125,3.7835617065429688,85.07642364501953,-0.9403152465820312,11.033164978027344
075_bag,put the bag on the tray,9,1,172,8.062,1788428088.991039,00007_front_put_the_bag_on_the_tray.png,00007_wrist_put_the_bag_on_the_tray.png,recap.png,50,2,199,200,-4.747252747252747,-5.582417582417582,24.21978021978022,74.28571428571429,-1.89010989010989,14.04109589041096,14.467109680175781,-21.737136840820312,3.4665451049804688,83.90135192871094,-0.995610237121582,10.839634895324707
075_bag,put the bag on the tray,9,1,172,8.062,1788428088.991039,00007_front_put_the_bag_on_the_tray.png,00007_wrist_put_the_bag_on_the_tray.png,recap.png,50,3,200,201,-4.747252747252747,-5.582417582417582,24.21978021978022,74.28571428571429,-1.89010989010989,14.04109589041096,15.285137176513672,-20.782913208007812,2.036968231201172,83.69168090820312,-0.7007484436035156,11.00005054473877
075_bag,put the bag on the tray,9,1,172,8.062,1788428088.991039,00007_front_put_the_bag_on_the_tray.png,00007_wrist_put_the_bag_on_the_tray.png,recap.png,50,4,201,202,-4.747252747252747,-5.582417582417582,24.21978021978022,74.28571428571429,-1.89010989010989,14.04109589041096,16.028247833251953,-19.531517028808594,0.6413307189941406,83.47212219238281,-0.6850910186767578,10.980834007263184
075_bag,put the bag on the tray,9,1,172,8.062,1788428088.991039,00007_front_put_the_bag_on_the_tray.png,00007_wrist_put_the_bag_on_the_tray.png,recap.png,50,5,202,203,-4.747252747252747,-5.582417582417582,24.21978021978022,74.28571428571429,-1.89010989010989,14.04109589041096,17.322612762451172,-18.742156982421875,0.5961685180664062,83.04353332519531,-0.30846500396728516,10.980430603027344
075_bag,put the bag on the tray,9,1,172,8.062,1788428088.991039,00007_front_put_the_bag_on_the_tray.png,00007_wrist_put_the_bag_on_the_tray.png,recap.png,50,6,203,204,-4.747252747252747,-5.582417582417582,24.21978021978022,74.28571428571429,-1.89010989010989,14.04109589041096,17.613590240478516,-19.045196533203125,-1.0451202392578125,82.41464233398438,-0.5262365341186523,10.982718467712402
075_bag,put the bag on the tray,9,1,172,8.062,1788428088.991039,00007_front_put_the_bag_on_the_tray.png,00007_wrist_put_the_bag_on_the_tray.png,recap.png,50,7,204,205,-4.747252747252747,-5.582417582417582,24.21978021978022,74.28571428571429,-1.89010989010989,14.04109589041096,18.528385162353516,-16.422348022460938,-2.845050811767578,82.13719177246094,-0.24249744415283203,11.071613311767578
075_bag,put the bag on the tray,9,1,172,8.062,1788428088.991039,00007_front_put_the_bag_on_the_tray.png,00007_wrist_put_the_bag_on_the_tray.png,recap.png,50,8,205,206,-4.747252747252747,-5.582417582417582,24.21978021978022,74.28571428571429,-1.89010989010989,14.04109589041096,19.801612854003906,-15.709480285644531,-2.9245262145996094,81.39750671386719,-0.32340335845947266,10.96422004699707
075_bag,put the bag on the tray,9,1,172,8.062,1788428088.991039,00007_front_put_the_bag_on_the_tray.png,00007_wrist_put_the_bag_on_the_tray.png,recap.png,50,9,206,207,-4.747252747252747,-5.582417582417582,24.21978021978022,74.28571428571429,-1.89010989010989,14.04109589041096,19.940994262695312,-14.447959899902344,-2.83709716796875,81.29927062988281,-0.41472625732421875,11.03994369506836
075_bag,put the bag on the tray,9,1,172,8.062,1788428088.991039,00007_front_put_the_bag_on_the_tray.png,00007_wrist_put_the_bag_on_the_tray.png,recap.png,50,10,207,208,-4.747252747252747,-5.582417582417582,24.21978021978022,74.28571428571429,-1.89010989010989,14.04109589041096,21.46609878540039,-13.127487182617188,-5.150321960449219,80.68939208984375,0.0402374267578125,10.97730541229248
075_bag,put the bag on the tray,9,1,172,8.062,1788428088.991039,00007_front_put_the_bag_on_the_tray.png,00007_wrist_put_the_bag_on_the_tray.png,recap.png,50,11,208,209,-4.747252747252747,-5.582417582417582,24.21978021978022,74.28571428571429,-1.89010989010989,14.04109589041096,21.664905548095703,-12.203536987304688,-5.381797790527344,80.48283386230469,-0.12941265106201172,11.06540584564209
075_bag,put the bag on the tray,9,1,172,8.062,1788428088.991039,00007_front_put_the_bag_on_the_tray.png,00007_wrist_put_the_bag_on_the_tray.png,recap.png,50,12,209,210,-4.747252747252747,-5.582417582417582,24.21978021978022,74.28571428571429,-1.89010989010989,14.04109589041096,22.46219253540039,-12.583404541015625,-6.531787872314453,79.88337707519531,0.14481353759765625,11.089860916137695
075_bag,put the bag on the tray,9,1,172,8.062,1788428088.991039,00007_front_put_the_bag_on_the_tray.png,00007_wrist_put_the_bag_on_the_tray.png,recap.png,50,13,210,211,-4.747252747252747,-5.582417582417582,24.21978021978022,74.28571428571429,-1.89010989010989,14.04109589041096,23.4833984375,-10.66455078125,-7.2273406982421875,79.69727325439453,-0.11324119567871094,11.100386619567871
075_bag,put the bag on the tray,9,1,172,8.062,1788428088.991039,00007_front_put_the_bag_on_the_tray.png,00007_wrist_put_the_bag_on_the_tray.png,recap.png,50,14,211,212,-4.747252747252747,-5.582417582417582,24.21978021978022,74.28571428571429,-1.89010989010989,14.04109589041096,23.967727661132812,-9.674720764160156,-8.289852142333984,79.41753387451172,-0.1083536148071289,11.215612411499023
075_bag,put the bag on the tray,9,1,172,8.062,1788428088.991039,00007_front_put_the_bag_on_the_tray.png,00007_wrist_put_the_bag_on_the_tray.png,recap.png,50,15,212,213,-4.747252747252747,-5.582417582417582,24.21978021978022,74.28571428571429,-1.89010989010989,14.04109589041096,24.868865966796875,-7.831031799316406,-9.687816619873047,78.66481018066406,0.088104248046875,11.01932144165039
075_bag,put the bag on the tray,9,1,172,8.062,1788428088.991039,00007_front_put_the_bag_on_the_tray.png,00007_wrist_put_the_bag_on_the_tray.png,recap.png,50,16,213,214,-4.747252747252747,-5.582417582417582,24.21978021978022,74.28571428571429,-1.89010989010989,14.04109589041096,25.769763946533203,-6.8689422607421875,-9.880733489990234,78.39954376220703,0.08780097961425781,11.250783920288086
075_bag,put the bag on the tray,9,1,172,8.062,1788428088.991039,00007_front_put_the_bag_on_the_tray.png,00007_wrist_put_the_bag_on_the_tray.png,recap.png,50,17,214,215,-4.747252747252747,-5.582417582417582,24.21978021978022,74.28571428571429,-1.89010989010989,14.04109589041096,26.344905853271484,-5.686309814453125,-10.86862564086914,77.86360168457031,0.14039897918701172,11.158377647399902
075_bag,put the bag on the tray,9,1,172,8.062,1788428088.991039,00007_front_put_the_bag_on_the_tray.png,00007_wrist_put_the_bag_on_the_tray.png,recap.png,50,18,215,216,-4.747252747252747,-5.582417582417582,24.21978021978022,74.28571428571429,-1.89010989010989,14.04109589041096,27.32012176513672,-3.4597091674804688,-10.704010009765625,77.27444458007812,0.1200113296508789,11.085833549499512
075_bag,put the bag on the tray,9,1,172,8.062,1788428088.991039,00007_front_put_the_bag_on_the_tray.png,00007_wrist_put_the_bag_on_the_tray.png,recap.png,50,19,216,217,-4.747252747252747,-5.582417582417582,24.21978021978022,74.28571428571429,-1.89010989010989,14.04109589041096,27.99942398071289,-2.3660812377929688,-12.008899688720703,76.51189422607422,0.37952709197998047,11.073060035705566
075_bag,put the bag on the tray,9,1,172,8.062,1788428088.991039,00007_front_put_the_bag_on_the_tray.png,00007_wrist_put_the_bag_on_the_tray.png,recap.png,50,20,217,218,-4.747252747252747,-5.582417582417582,24.21978021978022,74.28571428571429,-1.89010989010989,14.04109589041096,28.499935150146484,-1.4660186767578125,-12.731376647949219,76.2074966430664,0.05093097686767578,11.071989059448242
075_bag,put the bag on the tray,9,1,172,8.062,1788428088.991039,00007_front_put_the_bag_on_the_tray.png,00007_wrist_put_the_bag_on_the_tray.png,recap.png,50,21,218,219,-4.747252747252747,-5.582417582417582,24.21978021978022,74.28571428571429,-1.89010989010989,14.04109589041096,28.95669937133789,-0.030853271484375,-11.97702407836914,75.89432525634766,0.14927196502685547,11.228492736816406
075_bag,put the bag on the tray,9,1,172,8.062,1788428088.991039,00007_front_put_the_bag_on_the_tray.png,00007_wrist_put_the_bag_on_the_tray.png,recap.png,50,22,219,220,-4.747252747252747,-5.582417582417582,24.21978021978022,74.28571428571429,-1.89010989010989,14.04109589041096,29.29625701904297,0.6638336181640625,-14.250720977783203,75.70975494384766,0.39513206481933594,11.173134803771973
075_bag,put the bag on the tray,10,1,196,8.899,1788428089.8264933,00008_front_put_the_bag_on_the_tray.png,00008_wrist_put_the_bag_on_the_tray.png,recap.png,50,0,220,221,21.0989010989011,-10.241758241758241,-2.4175824175824174,78.94505494505495,-2.241758241758242,12.945205479452055,31.835447311401367,4.763087749481201,-8.496716499328613,67.32562255859375,-0.7345390319824219,10.244909286499023
075_bag,put the bag on the tray,10,1,196,8.899,1788428089.8264933,00008_front_put_the_bag_on_the_tray.png,00008_wrist_put_the_bag_on_the_tray.png,recap.png,50,1,221,222,21.0989010989011,-10.241758241758241,-2.4175824175824174,78.94505494505495,-2.241758241758242,12.945205479452055,31.95432472229004,5.561249256134033,-9.267934799194336,66.98045349121094,-0.7173394560813904,10.154230117797852
075_bag,put the bag on the tray,10,1,196,8.899,1788428089.8264933,00008_front_put_the_bag_on_the_tray.png,00008_wrist_put_the_bag_on_the_tray.png,recap.png,50,2,222,223,21.0989010989011,-10.241758241758241,-2.4175824175824174,78.94505494505495,-2.241758241758242,12.945205479452055,32.95945358276367,6.210548400878906,-6.389183044433594,63.15599060058594,-1.2754192352294922,9.64531421661377
075_bag,put the bag on the tray,10,1,196,8.899,1788428089.8264933,00008_front_put_the_bag_on_the_tray.png,00008_wrist_put_the_bag_on_the_tray.png,recap.png,50,3,223,224,21.0989010989011,-10.241758241758241,-2.4175824175824174,78.94505494505495,-2.241758241758242,12.945205479452055,33.23643112182617,7.8109588623046875,-7.0041351318359375,62.95518493652344,-1.2369661331176758,9.849143028259277
075_bag,put the bag on the tray,10,1,196,8.899,1788428089.8264933,00008_front_put_the_bag_on_the_tray.png,00008_wrist_put_the_bag_on_the_tray.png,recap.png,50,4,224,225,21.0989010989011,-10.241758241758241,-2.4175824175824174,78.94505494505495,-2.241758241758242,12.945205479452055,33.41939926147461,8.703498840332031,-6.718494415283203,62.82032775878906,-1.1823577880859375,9.764650344848633
075_bag,put the bag on the tray,10,1,196,8.899,1788428089.8264933,00008_front_put_the_bag_on_the_tray.png,00008_wrist_put_the_bag_on_the_tray.png,recap.png,50,5,225,226,21.0989010989011,-10.241758241758241,-2.4175824175824174,78.94505494505495,-2.241758241758242,12.945205479452055,33.73906326293945,8.659759521484375,-6.510150909423828,62.789310455322266,-1.3777408599853516,9.68342399597168
075_bag,put the bag on the tray,10,1,196,8.899,1788428089.8264933,00008_front_put_the_bag_on_the_tray.png,00008_wrist_put_the_bag_on_the_tray.png,recap.png,50,6,226,227,21.0989010989011,-10.241758241758241,-2.4175824175824174,78.94505494505495,-2.241758241758242,12.945205479452055,34.4297981262207,9.754440307617188,-6.871204376220703,62.464813232421875,-1.2133092880249023,9.888228416442871
075_bag,put the bag on the tray,10,1,196,8.899,1788428089.8264933,00008_front_put_the_bag_on_the_tray.png,00008_wrist_put_the_bag_on_the_tray.png,recap.png,50,7,227,228,21.0989010989011,-10.241758241758241,-2.4175824175824174,78.94505494505495,-2.241758241758242,12.945205479452055,34.356937408447266,10.90289306640625,-7.067295074462891,62.47550582885742,-1.1903152465820312,9.801767349243164
075_bag,put the bag on the tray,10,1,196,8.899,1788428089.8264933,00008_front_put_the_bag_on_the_tray.png,00008_wrist_put_the_bag_on_the_tray.png,recap.png,50,8,228,229,21.0989010989011,-10.241758241758241,-2.4175824175824174,78.94505494505495,-2.241758241758242,12.945205479452055,34.59273147583008,11.456443786621094,-7.2946014404296875,62.2659912109375,-1.2340660095214844,9.794596672058105
075_bag,put the bag on the tray,10,1,196,8.899,1788428089.8264933,00008_front_put_the_bag_on_the_tray.png,00008_wrist_put_the_bag_on_the_tray.png,recap.png,50,9,229,230,21.0989010989011,-10.241758241758241,-2.4175824175824174,78.94505494505495,-2.241758241758242,12.945205479452055,34.48003005981445,12.666267395019531,-8.008346557617188,62.0961799621582,-1.0720758438110352,9.766938209533691
075_bag,put the bag on the tray,10,1,196,8.899,1788428089.8264933,00008_front_put_the_bag_on_the_tray.png,00008_wrist_put_the_bag_on_the_tray.png,recap.png,50,10,230,231,21.0989010989011,-10.241758241758241,-2.4175824175824174,78.94505494505495,-2.241758241758242,12.945205479452055,34.741695404052734,13.113594055175781,-7.771602630615234,62.12339782714844,-1.3474922180175781,9.827940940856934
075_bag,put the bag on the tray,10,1,196,8.899,1788428089.8264933,00008_front_put_the_bag_on_the_tray.png,00008_wrist_put_the_bag_on_the_tray.png,recap.png,50,11,231,232,21.0989010989011,-10.241758241758241,-2.4175824175824174,78.94505494505495,-2.241758241758242,12.945205479452055,34.76628494262695,13.789657592773438,-7.983402252197266,62.2252311706543,-1.2060661315917969,9.9766263961792
075_bag,put the bag on the tray,10,1,196,8.899,1788428089.8264933,00008_front_put_the_bag_on_the_tray.png,00008_wrist_put_the_bag_on_the_tray.png,recap.png,50,12,232,233,21.0989010989011,-10.241758241758241,-2.4175824175824174,78.94505494505495,-2.241758241758242,12.945205479452055,34.77787399291992,13.858856201171875,-7.860797882080078,62.2022590637207,-1.1068849563598633,10.884664535522461
075_bag,put the bag on the tray,10,1,196,8.899,1788428089.8264933,00008_front_put_the_bag_on_the_tray.png,00008_wrist_put_the_bag_on_the_tray.png,recap.png,50,13,233,234,21.0989010989011,-10.241758241758241,-2.4175824175824174,78.94505494505495,-2.241758241758242,12.945205479452055,34.80771255493164,14.357856750488281,-7.891822814941406,62.312034606933594,-1.2158985137939453,12.791352272033691
075_bag,put the bag on the tray,10,1,196,8.899,1788428089.8264933,00008_front_put_the_bag_on_the_tray.png,00008_wrist_put_the_bag_on_the_tray.png,recap.png,50,14,234,235,21.0989010989011,-10.241758241758241,-2.4175824175824174,78.94505494505495,-2.241758241758242,12.945205479452055,34.7816276550293,13.917251586914062,-8.742019653320312,62.890586853027344,-1.083688735961914,16.15772247314453
075_bag,put the bag on the tray,10,1,196,8.899,1788428089.8264933,00008_front_put_the_bag_on_the_tray.png,00008_wrist_put_the_bag_on_the_tray.png,recap.png,50,15,235,236,21.0989010989011,-10.241758241758241,-2.4175824175824174,78.94505494505495,-2.241758241758242,12.945205479452055,34.6157341003418,14.873374938964844,-8.318958282470703,62.92713928222656,-1.0822763442993164,19.91197395324707
075_bag,put the bag on the tray,10,1,196,8.899,1788428089.8264933,00008_front_put_the_bag_on_the_tray.png,00008_wrist_put_the_bag_on_the_tray.png,recap.png,50,16,236,237,21.0989010989011,-10.241758241758241,-2.4175824175824174,78.94505494505495,-2.241758241758242,12.945205479452055,34.476016998291016,14.407394409179688,-8.078964233398438,63.20473861694336,-0.9512462615966797,23.32871437072754
075_bag,put the bag on the tray,10,1,196,8.899,1788428089.8264933,00008_front_put_the_bag_on_the_tray.png,00008_wrist_put_the_bag_on_the_tray.png,recap.png,50,17,237,238,21.0989010989011,-10.241758241758241,-2.4175824175824174,78.94505494505495,-2.241758241758242,12.945205479452055,33.92873764038086,14.596672058105469,-7.879825592041016,63.423797607421875,-0.9364995956420898,26.357440948486328
075_bag,put the bag on the tray,10,1,196,8.899,1788428089.8264933,00008_front_put_the_bag_on_the_tray.png,00008_wrist_put_the_bag_on_the_tray.png,recap.png,50,18,238,239,21.0989010989011,-10.241758241758241,-2.4175824175824174,78.94505494505495,-2.241758241758242,12.945205479452055,33.81094741821289,14.63824462890625,-7.742015838623047,63.537437438964844,-0.6696510314941406,28.615108489990234
075_bag,put the bag on the tray,10,1,196,8.899,1788428089.8264933,00008_front_put_the_bag_on_the_tray.png,00008_wrist_put_the_bag_on_the_tray.png,recap.png,50,19,239,240,21.0989010989011,-10.241758241758241,-2.4175824175824174,78.94505494505495,-2.241758241758242,12.945205479452055,33.29617691040039,15.316268920898438,-7.186027526855469,63.44244384765625,-0.4525642395019531,30.39695167541504
075_bag,put the bag on the tray,10,1,196,8.899,1788428089.8264933,00008_front_put_the_bag_on_the_tray.png,00008_wrist_put_the_bag_on_the_tray.png,recap.png,50,20,240,241,21.0989010989011,-10.241758241758241,-2.4175824175824174,78.94505494505495,-2.241758241758242,12.945205479452055,33.2791862487793,14.935028076171875,-7.424266815185547,63.66117477416992,-0.3662090301513672,31.40782928466797
075_bag,put the bag on the tray,10,1,196,8.899,1788428089.8264933,00008_front_put_the_bag_on_the_tray.png,00008_wrist_put_the_bag_on_the_tray.png,recap.png,50,21,241,242,21.0989010989011,-10.241758241758241,-2.4175824175824174,78.94505494505495,-2.241758241758242,12.945205479452055,33.083797454833984,15.456001281738281,-6.774055480957031,63.857818603515625,-0.2727975845336914,32.165992736816406
075_bag,put the bag on the tray,10,1,196,8.899,1788428089.8264933,00008_front_put_the_bag_on_the_tray.png,00008_wrist_put_the_bag_on_the_tray.png,recap.png,50,22,242,243,21.0989010989011,-10.241758241758241,-2.4175824175824174,78.94505494505495,-2.241758241758242,12.945205479452055,32.9724235534668,15.848175048828125,-7.1237640380859375,63.928123474121094,-0.1752948760986328,32.440673828125
075_bag,put the bag on the tray,10,1,196,8.899,1788428089.8264933,00008_front_put_the_bag_on_the_tray.png,00008_wrist_put_the_bag_on_the_tray.png,recap.png,50,23,243,244,21.0989010989011,-10.241758241758241,-2.4175824175824174,78.94505494505495,-2.241758241758242,12.945205479452055,32.76681137084961,15.525917053222656,-6.759708404541016,64.27275085449219,-0.0876607894897461,32.75484085083008
075_bag,put the bag on the tray,10,1,196,8.899,1788428089.8264933,00008_front_put_the_bag_on_the_tray.png,00008_wrist_put_the_bag_on_the_tray.png,recap.png,50,24,244,245,21.0989010989011,-10.241758241758241,-2.4175824175824174,78.94505494505495,-2.241758241758242,12.945205479452055,32.58669662475586,15.257553100585938,-6.6310882568359375,64.6233901977539,-0.038994789123535156,32.90827941894531
075_bag,put the bag on the tray,10,1,196,8.899,1788428089.8264933,00008_front_put_the_bag_on_the_tray.png,00008_wrist_put_the_bag_on_the_tray.png,recap.png,50,25,245,246,21.0989010989011,-10.241758241758241,-2.4175824175824174,78.94505494505495,-2.241758241758242,12.945205479452055,32.49123764038086,15.496047973632812,-6.692054748535156,65.10903930664062,-0.1660327911376953,33.43006134033203
075_bag,put the bag on the tray,11,0,219,9.735,1788428090.6731591,00009_front_put_the_bag_on_the_tray.png,00009_wrist_put_the_bag_on_the_tray.png,recap.png,50,0,246,247,27.076923076923077,-1.1868131868131868,-8.747252747252746,77.97802197802197,-0.21978021978021978,12.397260273972604,35.57194137573242,10.253890991210938,-8.94710922241211,63.48189926147461,-0.0625925064086914,9.76541519165039
075_bag,put the bag on the tray,11,0,219,9.735,1788428090.6731591,00009_front_put_the_bag_on_the_tray.png,00009_wrist_put_the_bag_on_the_tray.png,recap.png,50,1,247,248,27.076923076923077,-1.1868131868131868,-8.747252747252746,77.97802197802197,-0.21978021978021978,12.397260273972604,35.66411209106445,10.858436584472656,-9.341064453125,62.91056442260742,-0.04024028778076172,9.820242881774902
075_bag,put the bag on the tray,11,0,219,9.735,1788428090.6731591,00009_front_put_the_bag_on_the_tray.png,00009_wrist_put_the_bag_on_the_tray.png,recap.png,50,2,248,249,27.076923076923077,-1.1868131868131868,-8.747252747252746,77.97802197802197,-0.21978021978021978,12.397260273972604,35.53486251831055,11.089462280273438,-8.772796630859375,62.54788589477539,-0.1097707748413086,9.787940979003906
075_bag,put the bag on the tray,11,0,219,9.735,1788428090.6731591,00009_front_put_the_bag_on_the_tray.png,00009_wrist_put_the_bag_on_the_tray.png,recap.png,50,3,249,250,27.076923076923077,-1.1868131868131868,-8.747252747252746,77.97802197802197,-0.21978021978021978,12.397260273972604,35.47859573364258,11.421409606933594,-8.476036071777344,62.34258270263672,-0.21118450164794922,9.836870193481445
075_bag,put the bag on the tray,11,0,219,9.735,1788428090.6731591,00009_front_put_the_bag_on_the_tray.png,00009_wrist_put_the_bag_on_the_tray.png,recap.png,50,4,250,251,27.076923076923077,-1.1868131868131868,-8.747252747252746,77.97802197802197,-0.21978021978021978,12.397260273972604,35.758060455322266,11.392135620117188,-8.503093719482422,62.07421875,-0.047049522399902344,10.426133155822754
075_bag,put the bag on the tray,11,0,219,9.735,1788428090.6731591,00009_front_put_the_bag_on_the_tray.png,00009_wrist_put_the_bag_on_the_tray.png,recap.png,50,5,251,252,27.076923076923077,-1.1868131868131868,-8.747252747252746,77.97802197802197,-0.21978021978021978,12.397260273972604,35.430240631103516,11.512222290039062,-8.238601684570312,62.20988464355469,-0.08587932586669922,11.718884468078613
075_bag,put the bag on the tray,11,0,219,9.735,1788428090.6731591,00009_front_put_the_bag_on_the_tray.png,00009_wrist_put_the_bag_on_the_tray.png,recap.png,50,6,252,253,27.076923076923077,-1.1868131868131868,-8.747252747252746,77.97802197802197,-0.21978021978021978,12.397260273972604,35.34720230102539,11.668113708496094,-7.605167388916016,62.25745391845703,-0.12145328521728516,14.721256256103516
075_bag,put the bag on the tray,11,0,219,9.735,1788428090.6731591,00009_front_put_the_bag_on_the_tray.png,00009_wrist_put_the_bag_on_the_tray.png,recap.png,50,7,253,254,27.076923076923077,-1.1868131868131868,-8.747252747252746,77.97802197802197,-0.21978021978021978,12.397260273972604,35.291561126708984,11.448875427246094,-7.956188201904297,62.245853424072266,-0.12394428253173828,18.55061149597168
075_bag,put the bag on the tray,11,0,219,9.735,1788428090.6731591,00009_front_put_the_bag_on_the_tray.png,00009_wrist_put_the_bag_on_the_tray.png,recap.png,50,8,254,255,27.076923076923077,-1.1868131868131868,-8.747252747252746,77.97802197802197,-0.21978021978021978,12.397260273972604,35.198177337646484,11.377662658691406,-7.645229339599609,62.2095832824707,-0.0911417007446289,21.874359130859375
075_bag,put the bag on the tray,11,0,219,9.735,1788428090.6731591,00009_front_put_the_bag_on_the_tray.png,00009_wrist_put_the_bag_on_the_tray.png,recap.png,50,9,255,256,27.076923076923077,-1.1868131868131868,-8.747252747252746,77.97802197802197,-0.21978021978021978,12.397260273972604,35.26176071166992,11.767135620117188,-7.548187255859375,62.21712875366211,-0.20320796966552734,24.5733585357666
075_bag,put the bag on the tray,11,0,219,9.735,1788428090.6731591,00009_front_put_the_bag_on_the_tray.png,00009_wrist_put_the_bag_on_the_tray.png,recap.png,50,10,256,257,27.076923076923077,-1.1868131868131868,-8.747252747252746,77.97802197802197,-0.21978021978021978,12.397260273972604,35.2616081237793,11.674461364746094,-7.118473052978516,62.400001525878906,-0.23136329650878906,26.609107971191406
075_bag,put the bag on the tray,11,0,219,9.735,1788428090.6731591,00009_front_put_the_bag_on_the_tray.png,00009_wrist_put_the_bag_on_the_tray.png,recap.png,50,11,257,258,27.076923076923077,-1.1868131868131868,-8.747252747252746,77.97802197802197,-0.21978021978021978,12.397260273972604,35.328914642333984,11.591293334960938,-7.158226013183594,62.44880676269531,-0.1710214614868164,28.197513580322266
075_bag,put the bag on the tray,11,0,219,9.735,1788428090.6731591,00009_front_put_the_bag_on_the_tray.png,00009_wrist_put_the_bag_on_the_tray.png,recap.png,50,12,258,259,27.076923076923077,-1.1868131868131868,-8.747252747252746,77.97802197802197,-0.21978021978021978,12.397260273972604,35.24600601196289,11.802703857421875,-6.964393615722656,62.50513458251953,-0.18868446350097656,29.455204010009766
075_bag,put the bag on the tray,11,0,219,9.735,1788428090.6731591,00009_front_put_the_bag_on_the_tray.png,00009_wrist_put_the_bag_on_the_tray.png,recap.png,50,13,259,260,27.076923076923077,-1.1868131868131868,-8.747252747252746,77.97802197802197,-0.21978021978021978,12.397260273972604,35.40310287475586,11.576416015625,-7.193778991699219,62.649986267089844,-0.18958187103271484,30.492874145507812
075_bag,put the bag on the tray,11,0,219,9.735,1788428090.6731591,00009_front_put_the_bag_on_the_tray.png,00009_wrist_put_the_bag_on_the_tray.png,recap.png,50,14,260,261,27.076923076923077,-1.1868131868131868,-8.747252747252746,77.97802197802197,-0.21978021978021978,12.397260273972604,35.21064376831055,12.297523498535156,-6.558616638183594,62.676090240478516,-0.10348033905029297,31.30862045288086
075_bag,put the bag on the tray,11,0,219,9.735,1788428090.6731591,00009_front_put_the_bag_on_the_tray.png,00009_wrist_put_the_bag_on_the_tray.png,recap.png,50,15,261,262,27.076923076923077,-1.1868131868131868,-8.747252747252746,77.97802197802197,-0.21978021978021978,12.397260273972604,35.297664642333984,12.36871337890625,-6.514255523681641,62.7397575378418,-0.07080841064453125,31.802045822143555
075_bag,put the bag on the tray,11,0,219,9.735,1788428090.6731591,00009_front_put_the_bag_on_the_tray.png,00009_wrist_put_the_bag_on_the_tray.png,recap.png,50,16,262,263,27.076923076923077,-1.1868131868131868,-8.747252747252746,77.97802197802197,-0.21978021978021978,12.397260273972604,35.204280853271484,12.381637573242188,-6.078342437744141,62.835182189941406,-0.14756298065185547,32.15340042114258
075_bag,put the bag on the tray,11,0,219,9.735,1788428090.6731591,00009_front_put_the_bag_on_the_tray.png,00009_wrist_put_the_bag_on_the_tray.png,recap.png,50,17,263,264,27.076923076923077,-1.1868131868131868,-8.747252747252746,77.97802197802197,-0.21978021978021978,12.397260273972604,35.34431076049805,12.258979797363281,-6.246604919433594,62.99199295043945,-0.010989189147949219,32.491798400878906
075_bag,put the bag on the tray,11,0,219,9.735,1788428090.6731591,00009_front_put_the_bag_on_the_tray.png,00009_wrist_put_the_bag_on_the_tray.png,recap.png,50,18,264,265,27.076923076923077,-1.1868131868131868,-8.747252747252746,77.97802197802197,-0.21978021978021978,12.397260273972604,35.2957878112793,12.3546142578125,-6.223480224609375,63.04933547973633,0.12000179290771484,32.79873275756836
075_bag,put the bag on the tray,11,0,219,9.735,1788428090.6731591,00009_front_put_the_bag_on_the_tray.png,00009_wrist_put_the_bag_on_the_tray.png,recap.png,50,19,265,266,27.076923076923077,-1.1868131868131868,-8.747252747252746,77.97802197802197,-0.21978021978021978,12.397260273972604,35.19663619995117,12.572319030761719,-5.738677978515625,63.047401428222656,0.07301998138427734,33.219520568847656
075_bag,put the bag on the tray,11,0,219,9.735,1788428090.6731591,00009_front_put_the_bag_on_the_tray.png,00009_wrist_put_the_bag_on_the_tray.png,recap.png,50,20,266,267,27.076923076923077,-1.1868131868131868,-8.747252747252746,77.97802197802197,-0.21978021978021978,12.397260273972604,35.19760513305664,12.630973815917969,-5.469566345214844,63.14310073852539,0.029140472412109375,33.606632232666016
075_bag,put the bag on the tray,11,0,219,9.735,1788428090.6731591,00009_front_put_the_bag_on_the_tray.png,00009_wrist_put_the_bag_on_the_tray.png,recap.png,50,21,267,268,27.076923076923077,-1.1868131868131868,-8.747252747252746,77.97802197802197,-0.21978021978021978,12.397260273972604,34.99540328979492,11.682357788085938,-5.544609069824219,63.525421142578125,0.07826423645019531,34.024757385253906
075_bag,put the bag on the tray,11,0,219,9.735,1788428090.6731591,00009_front_put_the_bag_on_the_tray.png,00009_wrist_put_the_bag_on_the_tray.png,recap.png,50,22,268,269,27.076923076923077,-1.1868131868131868,-8.747252747252746,77.97802197802197,-0.21978021978021978,12.397260273972604,34.86198806762695,11.67047119140625,-5.331920623779297,63.84929656982422,0.2746419906616211,34.72738265991211
075_bag,put the bag on the tray,12,1,245,10.605,1788428091.532692,00010_front_put_the_bag_on_the_tray.png,00010_wrist_put_the_bag_on_the_tray.png,recap.png,50,0,269,270,32.61538461538461,15.692307692307692,-6.637362637362638,63.64835164835165,-0.7472527472527473,31.780821917808222,27.40609359741211,13.154518127441406,-12.59604263305664,83.57864379882812,1.2245121002197266,38.480594635009766
075_bag,put the bag on the tray,12,1,245,10.605,1788428091.532692,00010_front_put_the_bag_on_the_tray.png,00010_wrist_put_the_bag_on_the_tray.png,recap.png,50,1,270,271,32.61538461538461,15.692307692307692,-6.637362637362638,63.64835164835165,-0.7472527472527473,31.780821917808222,27.035564422607422,12.222099304199219,-12.595867156982422,84.66338348388672,1.230691909790039,38.291221618652344
075_bag,put the bag on the tray,12,1,245,10.605,1788428091.532692,00010_front_put_the_bag_on_the_tray.png,00010_wrist_put_the_bag_on_the_tray.png,recap.png,50,2,271,272,32.61538461538461,15.692307692307692,-6.637362637362638,63.64835164835165,-0.7472527472527473,31.780821917808222,26.697303771972656,11.737815856933594,-13.45473861694336,85.71678161621094,1.371293067932129,38.03050994873047
075_bag,put the bag on the tray,12,1,245,10.605,1788428091.532692,00010_front_put_the_bag_on_the_tray.png,00010_wrist_put_the_bag_on_the_tray.png,recap.png,50,3,272,273,32.61538461538461,15.692307692307692,-6.637362637362638,63.64835164835165,-0.7472527472527473,31.780821917808222,26.407028198242188,11.975776672363281,-13.982379913330078,87.04174041748047,1.353567123413086,38.16332244873047
075_bag,put the bag on the tray,12,1,245,10.605,1788428091.532692,00010_front_put_the_bag_on_the_tray.png,00010_wrist_put_the_bag_on_the_tray.png,recap.png,50,4,273,274,32.61538461538461,15.692307692307692,-6.637362637362638,63.64835164835165,-0.7472527472527473,31.780821917808222,25.932876586914062,11.444770812988281,-14.21673583984375,88.34258270263672,1.5691022872924805,38.08827590942383
075_bag,put the bag on the tray,12,1,245,10.605,1788428091.532692,00010_front_put_the_bag_on_the_tray.png,00010_wrist_put_the_bag_on_the_tray.png,recap.png,50,5,274,275,32.61538461538461,15.692307692307692,-6.637362637362638,63.64835164835165,-0.7472527472527473,31.780821917808222,25.635345458984375,10.973533630371094,-14.295635223388672,89.55271911621094,1.6116294860839844,38.32683563232422
075_bag,put the bag on the tray,12,1,245,10.605,1788428091.532692,00010_front_put_the_bag_on_the_tray.png,00010_wrist_put_the_bag_on_the_tray.png,recap.png,50,6,275,276,32.61538461538461,15.692307692307692,-6.637362637362638,63.64835164835165,-0.7472527472527473,31.780821917808222,25.044910430908203,9.888259887695312,-15.728893280029297,90.6400146484375,1.8089780807495117,38.010047912597656
075_bag,put the bag on the tray,12,1,245,10.605,1788428091.532692,00010_front_put_the_bag_on_the_tray.png,00010_wrist_put_the_bag_on_the_tray.png,recap.png,50,7,276,277,32.61538461538461,15.692307692307692,-6.637362637362638,63.64835164835165,-0.7472527472527473,31.780821917808222,24.368919372558594,9.772590637207031,-16.490753173828125,91.67617797851562,1.992340087890625,37.85544204711914
075_bag,put the bag on the tray,12,1,245,10.605,1788428091.532692,00010_front_put_the_bag_on_the_tray.png,00010_wrist_put_the_bag_on_the_tray.png,recap.png,50,8,277,278,32.61538461538461,15.692307692307692,-6.637362637362638,63.64835164835165,-0.7472527472527473,31.780821917808222,23.889114379882812,8.388099670410156,-16.40328598022461,92.68628692626953,1.9320354461669922,38.34708786010742
075_bag,put the bag on the tray,12,1,245,10.605,1788428091.532692,00010_front_put_the_bag_on_the_tray.png,00010_wrist_put_the_bag_on_the_tray.png,recap.png,50,9,278,279,32.61538461538461,15.692307692307692,-6.637362637362638,63.64835164835165,-0.7472527472527473,31.780821917808222,23.22917938232422,7.1784515380859375,-15.36358642578125,93.42559051513672,2.36832332611084,38.07438659667969
075_bag,put the bag on the tray,12,1,245,10.605,1788428091.532692,00010_front_put_the_bag_on_the_tray.png,00010_wrist_put_the_bag_on_the_tray.png,recap.png,50,10,279,280,32.61538461538461,15.692307692307692,-6.637362637362638,63.64835164835165,-0.7472527472527473,31.780821917808222,22.603015899658203,6.812324523925781,-15.732994079589844,93.57511901855469,2.308260917663574,37.91105651855469
075_bag,put the bag on the tray,12,1,245,10.605,1788428091.532692,00010_front_put_the_bag_on_the_tray.png,00010_wrist_put_the_bag_on_the_tray.png,recap.png,50,11,280,281,32.61538461538461,15.692307692307692,-6.637362637362638,63.64835164835165,-0.7472527472527473,31.780821917808222,21.868499755859375,5.073585510253906,-16.10601806640625,93.89535522460938,2.5550012588500977,37.07127380371094
075_bag,put the bag on the tray,12,1,245,10.605,1788428091.532692,00010_front_put_the_bag_on_the_tray.png,00010_wrist_put_the_bag_on_the_tray.png,recap.png,50,12,281,282,32.61538461538461,15.692307692307692,-6.637362637362638,63.64835164835165,-0.7472527472527473,31.780821917808222,20.970645904541016,3.6663818359375,-14.112075805664062,94.60389709472656,3.0183115005493164,36.11835479736328
075_bag,put the bag on the tray,12,1,245,10.605,1788428091.532692,00010_front_put_the_bag_on_the_tray.png,00010_wrist_put_the_bag_on_the_tray.png,recap.png,50,13,282,283,32.61538461538461,15.692307692307692,-6.637362637362638,63.64835164835165,-0.7472527472527473,31.780821917808222,20.545948028564453,2.3848114013671875,-12.568992614746094,94.86326599121094,3.1400394439697266,34.777687072753906
075_bag,put the bag on the tray,12,1,245,10.605,1788428091.532692,00010_front_put_the_bag_on_the_tray.png,00010_wrist_put_the_bag_on_the_tray.png,recap.png,50,14,283,284,32.61538461538461,15.692307692307692,-6.637362637362638,63.64835164835165,-0.7472527472527473,31.780821917808222,19.75141143798828,0.955291748046875,-12.156291961669922,95.24036407470703,3.549502372741699,33.14128875732422
075_bag,put the bag on the tray,12,1,245,10.605,1788428091.532692,00010_front_put_the_bag_on_the_tray.png,00010_wrist_put_the_bag_on_the_tray.png,recap.png,50,15,284,285,32.61538461538461,15.692307692307692,-6.637362637362638,63.64835164835165,-0.7472527472527473,31.780821917808222,19.163455963134766,-0.5789718627929688,-10.854694366455078,95.32034301757812,3.6524038314819336,31.224409103393555
075_bag,put the bag on the tray,12,1,245,10.605,1788428091.532692,00010_front_put_the_bag_on_the_tray.png,00010_wrist_put_the_bag_on_the_tray.png,recap.png,50,16,285,286,32.61538461538461,15.692307692307692,-6.637362637362638,63.64835164835165,-0.7472527472527473,31.780821917808222,18.87195587158203,-2.4056167602539062,-8.750926971435547,95.2757339477539,3.7814083099365234,28.86956214904785
075_bag,put the bag on the tray,12,1,245,10.605,1788428091.532692,00010_front_put_the_bag_on_the_tray.png,00010_wrist_put_the_bag_on_the_tray.png,recap.png,50,17,286,287,32.61538461538461,15.692307692307692,-6.637362637362638,63.64835164835165,-0.7472527472527473,31.780821917808222,18.330318450927734,-3.7074356079101562,-7.577888488769531,95.26886749267578,3.983163833618164,26.21590805053711
075_bag,put the bag on the tray,12,1,245,10.605,1788428091.532692,00010_front_put_the_bag_on_the_tray.png,00010_wrist_put_the_bag_on_the_tray.png,recap.png,50,18,287,288,32.61538461538461,15.692307692307692,-6.637362637362638,63.64835164835165,-0.7472527472527473,31.780821917808222,18.315414428710938,-5.45281982421875,-6.137714385986328,94.91935729980469,4.152225494384766,22.654953002929688
075_bag,put the bag on the tray,12,1,245,10.605,1788428091.532692,00010_front_put_the_bag_on_the_tray.png,00010_wrist_put_the_bag_on_the_tray.png,recap.png,50,19,288,289,32.61538461538461,15.692307692307692,-6.637362637362638,63.64835164835165,-0.7472527472527473,31.780821917808222,18.01653289794922,-6.747749328613281,-4.134578704833984,94.62837219238281,4.196043014526367,19.504295349121094
075_bag,put the bag on the tray,12,1,245,10.605,1788428091.532692,00010_front_put_the_bag_on_the_tray.png,00010_wrist_put_the_bag_on_the_tray.png,recap.png,50,20,289,290,32.61538461538461,15.692307692307692,-6.637362637362638,63.64835164835165,-0.7472527472527473,31.780821917808222,17.59015655517578,-7.793212890625,-1.7306594848632812,94.15585327148438,4.175117492675781,15.785562515258789
075_bag,put the bag on the tray,12,1,245,10.605,1788428091.532692,00010_front_put_the_bag_on_the_tray.png,00010_wrist_put_the_bag_on_the_tray.png,recap.png,50,21,290,291,32.61538461538461,15.692307692307692,-6.637362637362638,63.64835164835165,-0.7472527472527473,31.780821917808222,17.539649963378906,-10.335723876953125,0.5514945983886719,93.59190368652344,4.189340591430664,12.251836776733398
075_bag,put the bag on the tray,12,1,245,10.605,1788428091.532692,00010_front_put_the_bag_on_the_tray.png,00010_wrist_put_the_bag_on_the_tray.png,recap.png,50,22,291,292,32.61538461538461,15.692307692307692,-6.637362637362638,63.64835164835165,-0.7472527472527473,31.780821917808222,16.91616439819336,-10.90777587890625,2.8489303588867188,92.98487854003906,4.234296798706055,8.944705963134766
075_bag,put the bag on the tray,12,1,245,10.605,1788428091.532692,00010_front_put_the_bag_on_the_tray.png,00010_wrist_put_the_bag_on_the_tray.png,recap.png,50,23,292,293,32.61538461538461,15.692307692307692,-6.637362637362638,63.64835164835165,-0.7472527472527473,31.780821917808222,16.205215454101562,-13.0618896484375,5.167636871337891,92.20953369140625,4.159360885620117,5.909186363220215
075_bag,put the bag on the tray,12,1,245,10.605,1788428091.532692,00010_front_put_the_bag_on_the_tray.png,00010_wrist_put_the_bag_on_the_tray.png,recap.png,50,24,293,294,32.61538461538461,15.692307692307692,-6.637362637362638,63.64835164835165,-0.7472527472527473,31.780821917808222,15.715827941894531,-14.88861083984375,7.381603240966797,91.12504577636719,4.262842178344727,4.079204082489014
075_bag,put the bag on the tray,13,1,268,11.408,1788428092.3354857,00011_front_put_the_bag_on_the_tray.png,00011_wrist_put_the_bag_on_the_tray.png,recap.png,50,0,294,295,34.10989010989011,13.67032967032967,-5.406593406593407,63.38461538461539,-0.3076923076923077,33.013698630136986,14.985843658447266,-17.073326110839844,9.639068603515625,89.811767578125,3.912006378173828,3.127072334289551
075_bag,put the bag on the tray,13,1,268,11.408,1788428092.3354857,00011_front_put_the_bag_on_the_tray.png,00011_wrist_put_the_bag_on_the_tray.png,recap.png,50,1,294,296,34.10989010989011,13.67032967032967,-5.406593406593407,63.38461538461539,-0.3076923076923077,33.013698630136986,27.617015838623047,10.31317138671875,-11.438007354736328,83.13568115234375,1.0897703170776367,38.96796798706055
075_bag,put the bag on the tray,13,1,268,11.408,1788428092.3354857,00011_front_put_the_bag_on_the_tray.png,00011_wrist_put_the_bag_on_the_tray.png,recap.png,50,2,295,297,34.10989010989011,13.67032967032967,-5.406593406593407,63.38461538461539,-0.3076923076923077,33.013698630136986,27.217796325683594,9.868904113769531,-12.71157455444336,84.51673889160156,1.0711030960083008,38.97721481323242
075_bag,put the bag on the tray,13,1,268,11.408,1788428092.3354857,00011_front_put_the_bag_on_the_tray.png,00011_wrist_put_the_bag_on_the_tray.png,recap.png,50,3,296,298,34.10989010989011,13.67032967032967,-5.406593406593407,63.38461538461539,-0.3076923076923077,33.013698630136986,26.71111297607422,10.000335693359375,-13.176445007324219,85.98698425292969,0.9670562744140625,38.863372802734375
075_bag,put the bag on the tray,13,1,268,11.408,1788428092.3354857,00011_front_put_the_bag_on_the_tray.png,00011_wrist_put_the_bag_on_the_tray.png,recap.png,50,4,297,299,34.10989010989011,13.67032967032967,-5.406593406593407,63.38461538461539,-0.3076923076923077,33.013698630136986,26.135498046875,8.834159851074219,-14.042369842529297,87.27442169189453,1.034078598022461,38.83695602416992
075_bag,put the bag on the tray,13,1,268,11.408,1788428092.3354857,00011_front_put_the_bag_on_the_tray.png,00011_wrist_put_the_bag_on_the_tray.png,recap.png,50,5,298,300,34.10989010989011,13.67032967032967,-5.406593406593407,63.38461538461539,-0.3076923076923077,33.013698630136986,25.589099884033203,8.764862060546875,-14.75302505493164,88.37420654296875,1.0492439270019531,38.72612380981445
075_bag,put the bag on the tray,13,1,268,11.408,1788428092.3354857,00011_front_put_the_bag_on_the_tray.png,00011_wrist_put_the_bag_on_the_tray.png,recap.png,50,6,299,301,34.10989010989011,13.67032967032967,-5.406593406593407,63.38461538461539,-0.3076923076923077,33.013698630136986,24.999935150146484,7.8625946044921875,-14.544605255126953,89.44328308105469,1.0235862731933594,38.674068450927734
075_bag,put the bag on the tray,13,1,268,11.408,1788428092.3354857,00011_front_put_the_bag_on_the_tray.png,00011_wrist_put_the_bag_on_the_tray.png,recap.png,50,7,300,302,34.10989010989011,13.67032967032967,-5.406593406593407,63.38461538461539,-0.3076923076923077,33.013698630136986,24.316715240478516,7.693511962890625,-14.957801818847656,90.29547882080078,1.2404603958129883,38.80160903930664
075_bag,put the bag on the tray,13,1,268,11.408,1788428092.3354857,00011_front_put_the_bag_on_the_tray.png,00011_wrist_put_the_bag_on_the_tray.png,recap.png,50,8,301,303,34.10989010989011,13.67032967032967,-5.406593406593407,63.38461538461539,-0.3076923076923077,33.013698630136986,23.629093170166016,6.610710144042969,-14.346141815185547,91.22540283203125,1.2429866790771484,38.89354705810547
075_bag,put the bag on the tray,13,1,268,11.408,1788428092.3354857,00011_front_put_the_bag_on_the_tray.png,00011_wrist_put_the_bag_on_the_tray.png,recap.png,50,9,302,304,34.10989010989011,13.67032967032967,-5.406593406593407,63.38461538461539,-0.3076923076923077,33.013698630136986,22.981422424316406,5.172981262207031,-13.801063537597656,91.71987915039062,1.448150634765625,38.838741302490234
075_bag,put the bag on the tray,13,1,268,11.408,1788428092.3354857,00011_front_put_the_bag_on_the_tray.png,00011_wrist_put_the_bag_on_the_tray.png,recap.png,50,10,303,305,34.10989010989011,13.67032967032967,-5.406593406593407,63.38461538461539,-0.3076923076923077,33.013698630136986,22.176128387451172,4.547782897949219,-13.83475112915039,92.04344177246094,1.5896987915039062,38.35403060913086
075_bag,put the bag on the tray,13,1,268,11.408,1788428092.3354857,00011_front_put_the_bag_on_the_tray.png,00011_wrist_put_the_bag_on_the_tray.png,recap.png,50,11,304,306,34.10989010989011,13.67032967032967,-5.406593406593407,63.38461538461539,-0.3076923076923077,33.013698630136986,21.199878692626953,2.9075088500976562,-12.783557891845703,92.48121643066406,2.134805679321289,37.725921630859375
075_bag,put the bag on the tray,13,1,268,11.408,1788428092.3354857,00011_front_put_the_bag_on_the_tray.png,00011_wrist_put_the_bag_on_the_tray.png,recap.png,50,12,305,307,34.10989010989011,13.67032967032967,-5.406593406593407,63.38461538461539,-0.3076923076923077,33.013698630136986,20.480236053466797,1.3223953247070312,-11.395763397216797,92.44080352783203,2.4388246536254883,36.440460205078125
075_bag,put the bag on the tray,13,1,268,11.408,1788428092.3354857,00011_front_put_the_bag_on_the_tray.png,00011_wrist_put_the_bag_on_the_tray.png,recap.png,50,13,306,308,34.10989010989011,13.67032967032967,-5.406593406593407,63.38461538461539,-0.3076923076923077,33.013698630136986,19.529159545898438,-0.1140899658203125,-9.996292114257812,92.66030883789062,2.9210777282714844,34.85614776611328
075_bag,put the bag on the tray,13,1,268,11.408,1788428092.3354857,00011_front_put_the_bag_on_the_tray.png,00011_wrist_put_the_bag_on_the_tray.png,recap.png,50,14,307,309,34.10989010989011,13.67032967032967,-5.406593406593407,63.38461538461539,-0.3076923076923077,33.013698630136986,19.012126922607422,-1.62518310546875,-8.540390014648438,92.50506591796875,3.3248605728149414,32.74610900878906
075_bag,put the bag on the tray,13,1,268,11.408,1788428092.3354857,00011_front_put_the_bag_on_the_tray.png,00011_wrist_put_the_bag_on_the_tray.png,recap.png,50,15,308,310,34.10989010989011,13.67032967032967,-5.406593406593407,63.38461538461539,-0.3076923076923077,33.013698630136986,17.874698638916016,-2.8955230712890625,-6.530223846435547,92.44955444335938,3.540620803833008,30.562482833862305
075_bag,put the bag on the tray,13,1,268,11.408,1788428092.3354857,00011_front_put_the_bag_on_the_tray.png,00011_wrist_put_the_bag_on_the_tray.png,recap.png,50,16,309,311,34.10989010989011,13.67032967032967,-5.406593406593407,63.38461538461539,-0.3076923076923077,33.013698630136986,17.001049041748047,-4.5359039306640625,-5.116092681884766,92.30020141601562,3.851663589477539,27.924020767211914
075_bag,put the bag on the tray,13,1,268,11.408,1788428092.3354857,00011_front_put_the_bag_on_the_tray.png,00011_wrist_put_the_bag_on_the_tray.png,recap.png,50,17,310,312,34.10989010989011,13.67032967032967,-5.406593406593407,63.38461538461539,-0.3076923076923077,33.013698630136986,16.181751251220703,-6.6526031494140625,-2.495128631591797,92.12858581542969,4.034908294677734,24.970327377319336
075_bag,put the bag on the tray,13,1,268,11.408,1788428092.3354857,00011_front_put_the_bag_on_the_tray.png,00011_wrist_put_the_bag_on_the_tray.png,recap.png,50,18,311,313,34.10989010989011,13.67032967032967,-5.406593406593407,63.38461538461539,-0.3076923076923077,33.013698630136986,15.839351654052734,-7.5712738037109375,-1.8228378295898438,91.91910552978516,4.359699249267578,21.642757415771484
075_bag,put the bag on the tray,13,1,268,11.408,1788428092.3354857,00011_front_put_the_bag_on_the_tray.png,00011_wrist_put_the_bag_on_the_tray.png,recap.png,50,19,312,314,34.10989010989011,13.67032967032967,-5.406593406593407,63.38461538461539,-0.3076923076923077,33.013698630136986,15.054672241210938,-9.270851135253906,0.36280059814453125,91.41455841064453,4.5092010498046875,18.43931007385254
075_bag,put the bag on the tray,13,1,268,11.408,1788428092.3354857,00011_front_put_the_bag_on_the_tray.png,00011_wrist_put_the_bag_on_the_tray.png,recap.png,50,20,313,315,34.10989010989011,13.67032967032967,-5.406593406593407,63.38461538461539,-0.3076923076923077,33.013698630136986,14.29568862915039,-11.347320556640625,2.45703125,91.1767578125,4.655603408813477,15.383174896240234
075_bag,put the bag on the tray,13,1,268,11.408,1788428092.3354857,00011_front_put_the_bag_on_the_tray.png,00011_wrist_put_the_bag_on_the_tray.png,recap.png,50,21,314,316,34.10989010989011,13.67032967032967,-5.406593406593407,63.38461538461539,-0.3076923076923077,33.013698630136986,13.606891632080078,-12.97735595703125,4.812358856201172,90.53899383544922,4.638454437255859,12.816385269165039
075_bag,put the bag on the tray,13,1,268,11.408,1788428092.3354857,00011_front_put_the_bag_on_the_tray.png,00011_wrist_put_the_bag_on_the_tray.png,recap.png,50,22,315,317,34.10989010989011,13.67032967032967,-5.406593406593407,63.38461538461539,-0.3076923076923077,33.013698630136986,13.15066909790039,-14.76171875,6.051044464111328,89.77975463867188,4.610012054443359,10.756214141845703
075_bag,put the bag on the tray,13,1,268,11.408,1788428092.3354857,00011_front_put_the_bag_on_the_tray.png,00011_wrist_put_the_bag_on_the_tray.png,recap.png,50,23,316,318,34.10989010989011,13.67032967032967,-5.406593406593407,63.38461538461539,-0.3076923076923077,33.013698630136986,11.966751098632812,-17.195388793945312,8.823188781738281,89.06993103027344,4.4187774658203125,8.785843849182129
075_bag,put the bag on the tray,13,1,268,11.408,1788428092.3354857,00011_front_put_the_bag_on_the_tray.png,00011_wrist_put_the_bag_on_the_tray.png,recap.png,50,24,317,319,34.10989010989011,13.67032967032967,-5.406593406593407,63.38461538461539,-0.3076923076923077,33.013698630136986,11.353153228759766,-19.40345001220703,11.037437438964844,88.06295013427734,4.254838943481445,7.44151496887207
075_bag,put the bag on the tray,14,0,293,12.377,1788428093.3045838,00012_front_put_the_bag_on_the_tray.png,00012_wrist_put_the_bag_on_the_tray.png,recap.png,50,0,318,320,17.494505494505493,-6.989010989010989,0.8351648351648352,93.89010989010988,3.7362637362637363,14.520547945205479,-1.0416011810302734,-55.2595100402832,55.97124481201172,71.7857666015625,1.5747270584106445,0.9302161335945129
075_bag,put the bag on the tray,14,0,293,12.377,1788428093.3045838,00012_front_put_the_bag_on_the_tray.png,00012_wrist_put_the_bag_on_the_tray.png,recap.png,50,1,319,321,17.494505494505493,-6.989010989010989,0.8351648351648352,93.89010989010988,3.7362637362637363,14.520547945205479,-1.297821044921875,-55.55071258544922,56.32423400878906,71.33428192138672,1.62408447265625,1.1560554504394531
075_bag,put the bag on the tray,14,0,293,12.377,1788428093.3045838,00012_front_put_the_bag_on_the_tray.png,00012_wrist_put_the_bag_on_the_tray.png,recap.png,50,2,320,322,17.494505494505493,-6.989010989010989,0.8351648351648352,93.89010989010988,3.7362637362637363,14.520547945205479,-1.1119747161865234,-57.21892547607422,58.46839904785156,70.49405670166016,1.5467519760131836,1.1235644817352295
075_bag,put the bag on the tray,14,0,293,12.377,1788428093.3045838,00012_front_put_the_bag_on_the_tray.png,00012_wrist_put_the_bag_on_the_tray.png,recap.png,50,3,321,323,17.494505494505493,-6.989010989010989,0.8351648351648352,93.89010989010988,3.7362637362637363,14.520547945205479,-1.0338001251220703,-58.722835540771484,59.51570129394531,69.92610168457031,1.5484466552734375,1.1404757499694824
075_bag,put the bag on the tray,14,0,293,12.377,1788428093.3045838,00012_front_put_the_bag_on_the_tray.png,00012_wrist_put_the_bag_on_the_tray.png,recap.png,50,4,322,324,17.494505494505493,-6.989010989010989,0.8351648351648352,93.89010989010988,3.7362637362637363,14.520547945205479,-0.9515190124511719,-60.036991119384766,61.00941467285156,69.1156997680664,1.4208831787109375,0.9639720916748047
075_bag,put the bag on the tray,14,0,293,12.377,1788428093.3045838,00012_front_put_the_bag_on_the_tray.png,00012_wrist_put_the_bag_on_the_tray.png,recap.png,50,5,323,325,17.494505494505493,-6.989010989010989,0.8351648351648352,93.89010989010988,3.7362637362637363,14.520547945205479,-1.3049278259277344,-61.86393737792969,61.986419677734375,68.6350326538086,1.5488061904907227,0.8982158899307251
075_bag,put the bag on the tray,14,0,293,12.377,1788428093.3045838,00012_front_put_the_bag_on_the_tray.png,00012_wrist_put_the_bag_on_the_tray.png,recap.png,50,6,324,326,17.494505494505493,-6.989010989010989,0.8351648351648352,93.89010989010988,3.7362637362637363,14.520547945205479,-1.7017364501953125,-63.16060256958008,62.467567443847656,68.25797271728516,1.3969202041625977,0.8470301628112793
075_bag,put the bag on the tray,14,0,293,12.377,1788428093.3045838,00012_front_put_the_bag_on_the_tray.png,00012_wrist_put_the_bag_on_the_tray.png,recap.png,50,7,325,327,17.494505494505493,-6.989010989010989,0.8351648351648352,93.89010989010988,3.7362637362637363,14.520547945205479,-2.072376251220703,-65.71299743652344,64.36033630371094,67.77305603027344,1.533721923828125,0.9914965033531189
075_bag,put the bag on the tray,14,0,293,12.377,1788428093.3045838,00012_front_put_the_bag_on_the_tray.png,00012_wrist_put_the_bag_on_the_tray.png,recap.png,50,8,326,328,17.494505494505493,-6.989010989010989,0.8351648351648352,93.89010989010988,3.7362637362637363,14.520547945205479,-2.2974605560302734,-68.08885192871094,65.34551239013672,67.5767593383789,1.4450798034667969,0.9605275392532349
075_bag,put the bag on the tray,14,0,293,12.377,1788428093.3045838,00012_front_put_the_bag_on_the_tray.png,00012_wrist_put_the_bag_on_the_tray.png,recap.png,50,9,327,329,17.494505494505493,-6.989010989010989,0.8351648351648352,93.89010989010988,3.7362637362637363,14.520547945205479,-2.217226028442383,-69.6851577758789,66.381591796875,67.3212661743164,1.5523033142089844,0.7715330123901367
075_bag,put the bag on the tray,14,0,293,12.377,1788428093.3045838,00012_front_put_the_bag_on_the_tray.png,00012_wrist_put_the_bag_on_the_tray.png,recap.png,50,10,328,330,17.494505494505493,-6.989010989010989,0.8351648351648352,93.89010989010988,3.7362637362637363,14.520547945205479,-2.692689895629883,-71.68783569335938,68.49291229248047,67.09224700927734,1.522390365600586,0.7809393405914307
075_bag,put the bag on the tray,14,0,293,12.377,1788428093.3045838,00012_front_put_the_bag_on_the_tray.png,00012_wrist_put_the_bag_on_the_tray.png,recap.png,50,11,329,331,17.494505494505493,-6.989010989010989,0.8351648351648352,93.89010989010988,3.7362637362637363,14.520547945205479,-2.667154312133789,-74.70819091796875,69.4151611328125,66.54053497314453,1.4563255310058594,0.5669907927513123
075_bag,put the bag on the tray,14,0,293,12.377,1788428093.3045838,00012_front_put_the_bag_on_the_tray.png,00012_wrist_put_the_bag_on_the_tray.png,recap.png,50,12,330,332,17.494505494505493,-6.989010989010989,0.8351648351648352,93.89010989010988,3.7362637362637363,14.520547945205479,-2.914318084716797,-76.45500183105469,70.42210388183594,66.73922729492188,1.6733455657958984,0.47814780473709106
075_bag,put the bag on the tray,14,0,293,12.377,1788428093.3045838,00012_front_put_the_bag_on_the_tray.png,00012_wrist_put_the_bag_on_the_tray.png,recap.png,50,13,331,333,17.494505494505493,-6.989010989010989,0.8351648351648352,93.89010989010988,3.7362637362637363,14.520547945205479,-2.2618160247802734,-79.3752670288086,71.48846435546875,66.76263427734375,1.4485244750976562,0.22203004360198975
075_bag,put the bag on the tray,14,0,293,12.377,1788428093.3045838,00012_front_put_the_bag_on_the_tray.png,00012_wrist_put_the_bag_on_the_tray.png,recap.png,50,14,332,334,17.494505494505493,-6.989010989010989,0.8351648351648352,93.89010989010988,3.7362637362637363,14.520547945205479,-2.4948673248291016,-81.92164611816406,72.30702209472656,66.56576538085938,1.5864458084106445,-0.11664597690105438
075_bag,put the bag on the tray,14,0,293,12.377,1788428093.3045838,00012_front_put_the_bag_on_the_tray.png,00012_wrist_put_the_bag_on_the_tray.png,recap.png,50,15,333,335,17.494505494505493,-6.989010989010989,0.8351648351648352,93.89010989010988,3.7362637362637363,14.520547945205479,-2.805543899536133,-83.42855834960938,73.61569213867188,66.84375,1.4797897338867188,-0.15720921754837036
075_bag,put the bag on the tray,14,0,293,12.377,1788428093.3045838,00012_front_put_the_bag_on_the_tray.png,00012_wrist_put_the_bag_on_the_tray.png,recap.png,50,16,334,336,17.494505494505493,-6.989010989010989,0.8351648351648352,93.89010989010988,3.7362637362637363,14.520547945205479,-2.8427677154541016,-86.08462524414062,74.45545959472656,66.99501037597656,1.5769424438476562,-0.4603576064109802
075_bag,put the bag on the tray,14,0,293,12.377,1788428093.3045838,00012_front_put_the_bag_on_the_tray.png,00012_wrist_put_the_bag_on_the_tray.png,recap.png,50,17,335,337,17.494505494505493,-6.989010989010989,0.8351648351648352,93.89010989010988,3.7362637362637363,14.520547945205479,-3.0242385864257812,-87.35533142089844,75.74031066894531,66.78551483154297,1.5691108703613281,-0.7596015930175781
075_bag,put the bag on the tray,14,0,293,12.377,1788428093.3045838,00012_front_put_the_bag_on_the_tray.png,00012_wrist_put_the_bag_on_the_tray.png,recap.png,50,18,336,338,17.494505494505493,-6.989010989010989,0.8351648351648352,93.89010989010988,3.7362637362637363,14.520547945205479,-2.4946155548095703,-89.34281921386719,77.575927734375,66.85205078125,1.398360252380371,-0.9432100653648376
075_bag,put the bag on the tray,14,0,293,12.377,1788428093.3045838,00012_front_put_the_bag_on_the_tray.png,00012_wrist_put_the_bag_on_the_tray.png,recap.png,50,19,337,339,17.494505494505493,-6.989010989010989,0.8351648351648352,93.89010989010988,3.7362637362637363,14.520547945205479,-1.9378070831298828,-90.845703125,78.79283142089844,66.52505493164062,1.532419204711914,-0.8700559735298157
075_bag,put the bag on the tray,14,0,293,12.377,1788428093.3045838,00012_front_put_the_bag_on_the_tray.png,00012_wrist_put_the_bag_on_the_tray.png,recap.png,50,20,338,340,17.494505494505493,-6.989010989010989,0.8351648351648352,93.89010989010988,3.7362637362637363,14.520547945205479,-1.8198528289794922,-92.67627716064453,80.23554992675781,66.74066925048828,1.4491825103759766,-0.8710692524909973
075_bag,put the bag on the tray,14,0,293,12.377,1788428093.3045838,00012_front_put_the_bag_on_the_tray.png,00012_wrist_put_the_bag_on_the_tray.png,recap.png,50,21,339,341,17.494505494505493,-6.989010989010989,0.8351648351648352,93.89010989010988,3.7362637362637363,14.520547945205479,-1.4781608581542969,-95.00200653076172,80.05915832519531,66.89472198486328,0.8519105911254883,-0.909489095211029
075_bag,put the bag on the tray,14,0,293,12.377,1788428093.3045838,00012_front_put_the_bag_on_the_tray.png,00012_wrist_put_the_bag_on_the_tray.png,recap.png,50,22,340,342,17.494505494505493,-6.989010989010989,0.8351648351648352,93.89010989010988,3.7362637362637363,14.520547945205479,-1.502115249633789,-95.81376647949219,81.85966491699219,67.22627258300781,0.23506927490234375,-0.5781450271606445
075_bag,put the bag on the tray,14,0,293,12.377,1788428093.3045838,00012_front_put_the_bag_on_the_tray.png,00012_wrist_put_the_bag_on_the_tray.png,recap.png,50,23,341,343,17.494505494505493,-6.989010989010989,0.8351648351648352,93.89010989010988,3.7362637362637363,14.520547945205479,-0.7841796875,-97.39585876464844,82.44338989257812,66.96952056884766,-0.8621892929077148,-0.5531719326972961
075_bag,put the bag on the tray,14,0,293,12.377,1788428093.3045838,00012_front_put_the_bag_on_the_tray.png,00012_wrist_put_the_bag_on_the_tray.png,recap.png,50,24,342,344,17.494505494505493,-6.989010989010989,0.8351648351648352,93.89010989010988,3.7362637362637363,14.520547945205479,-0.5373878479003906,-96.45288848876953,82.66348266601562,67.04597473144531,-1.3939762115478516,-0.5787143707275391
075_bag,put the bag on the tray,15,1,317,13.213,1788428094.1402483,00013_front_put_the_bag_on_the_tray.png,00013_wrist_put_the_bag_on_the_tray.png,recap.png,50,0,343,345,13.714285714285714,-10.505494505494505,4.791208791208791,90.81318681318682,4.087912087912088,14.520547945205479,-1.2536468505859375,-62.606563568115234,64.6104507446289,65.9089584350586,1.7324800491333008,1.4659123420715332
075_bag,put the bag on the tray,15,1,317,13.213,1788428094.1402483,00013_front_put_the_bag_on_the_tray.png,00013_wrist_put_the_bag_on_the_tray.png,recap.png,50,1,344,346,13.714285714285714,-10.505494505494505,4.791208791208791,90.81318681318682,4.087912087912088,14.520547945205479,-1.1958999633789062,-64.0689697265625,65.37355041503906,65.73722076416016,1.6969127655029297,1.4891126155853271
075_bag,put the bag on the tray,15,1,317,13.213,1788428094.1402483,00013_front_put_the_bag_on_the_tray.png,00013_wrist_put_the_bag_on_the_tray.png,recap.png,50,2,345,347,13.714285714285714,-10.505494505494505,4.791208791208791,90.81318681318682,4.087912087912088,14.520547945205479,-1.3988819122314453,-65.87068176269531,66.57469177246094,65.34892272949219,1.6329717636108398,1.3185579776763916
075_bag,put the bag on the tray,15,1,317,13.213,1788428094.1402483,00013_front_put_the_bag_on_the_tray.png,00013_wrist_put_the_bag_on_the_tray.png,recap.png,50,3,346,348,13.714285714285714,-10.505494505494505,4.791208791208791,90.81318681318682,4.087912087912088,14.520547945205479,-1.5238533020019531,-67.53150939941406,67.59506225585938,65.3275375366211,1.7468976974487305,1.2713510990142822
075_bag,put the bag on the tray,15,1,317,13.213,1788428094.1402483,00013_front_put_the_bag_on_the_tray.png,00013_wrist_put_the_bag_on_the_tray.png,recap.png,50,4,347,349,13.714285714285714,-10.505494505494505,4.791208791208791,90.81318681318682,4.087912087912088,14.520547945205479,-1.3731307983398438,-69.35397338867188,68.4127197265625,65.17224884033203,1.763235092163086,1.2171711921691895
075_bag,put the bag on the tray,15,1,317,13.213,1788428094.1402483,00013_front_put_the_bag_on_the_tray.png,00013_wrist_put_the_bag_on_the_tray.png,recap.png,50,5,348,350,13.714285714285714,-10.505494505494505,4.791208791208791,90.81318681318682,4.087912087912088,14.520547945205479,-1.4882392883300781,-71.19144439697266,69.74187469482422,65.1512680053711,1.8094758987426758,1.1028482913970947
075_bag,put the bag on the tray,15,1,317,13.213,1788428094.1402483,00013_front_put_the_bag_on_the_tray.png,00013_wrist_put_the_bag_on_the_tray.png,recap.png,50,6,349,351,13.714285714285714,-10.505494505494505,4.791208791208791,90.81318681318682,4.087912087912088,14.520547945205479,-1.774343490600586,-73.15420532226562,70.32361602783203,65.09976196289062,1.864471435546875,1.0414150953292847
075_bag,put the bag on the tray,15,1,317,13.213,1788428094.1402483,00013_front_put_the_bag_on_the_tray.png,00013_wrist_put_the_bag_on_the_tray.png,recap.png,50,7,350,352,13.714285714285714,-10.505494505494505,4.791208791208791,90.81318681318682,4.087912087912088,14.520547945205479,-1.646514892578125,-75.47811126708984,71.48036193847656,65.24069213867188,1.8366403579711914,0.8680276274681091
075_bag,put the bag on the tray,15,1,317,13.213,1788428094.1402483,00013_front_put_the_bag_on_the_tray.png,00013_wrist_put_the_bag_on_the_tray.png,recap.png,50,8,351,353,13.714285714285714,-10.505494505494505,4.791208791208791,90.81318681318682,4.087912087912088,14.520547945205479,-1.6291446685791016,-76.93742370605469,71.72126770019531,65.72461700439453,1.774907112121582,1.000379204750061
075_bag,put the bag on the tray,15,1,317,13.213,1788428094.1402483,00013_front_put_the_bag_on_the_tray.png,00013_wrist_put_the_bag_on_the_tray.png,recap.png,50,9,352,354,13.714285714285714,-10.505494505494505,4.791208791208791,90.81318681318682,4.087912087912088,14.520547945205479,-1.6161060333251953,-79.20051574707031,72.48921203613281,65.82666778564453,1.7980890274047852,0.8711460828781128
075_bag,put the bag on the tray,15,1,317,13.213,1788428094.1402483,00013_front_put_the_bag_on_the_tray.png,00013_wrist_put_the_bag_on_the_tray.png,recap.png,50,10,353,355,13.714285714285714,-10.505494505494505,4.791208791208791,90.81318681318682,4.087912087912088,14.520547945205479,-1.7589187622070312,-81.31562805175781,74.05653381347656,65.9847183227539,1.774470329284668,0.9286611676216125
075_bag,put the bag on the tray,15,1,317,13.213,1788428094.1402483,00013_front_put_the_bag_on_the_tray.png,00013_wrist_put_the_bag_on_the_tray.png,recap.png,50,11,354,356,13.714285714285714,-10.505494505494505,4.791208791208791,90.81318681318682,4.087912087912088,14.520547945205479,-1.7138843536376953,-82.99108123779297,75.76872253417969,66.25462341308594,1.6861028671264648,0.8104637265205383
075_bag,put the bag on the tray,15,1,317,13.213,1788428094.1402483,00013_front_put_the_bag_on_the_tray.png,00013_wrist_put_the_bag_on_the_tray.png,recap.png,50,12,355,357,13.714285714285714,-10.505494505494505,4.791208791208791,90.81318681318682,4.087912087912088,14.520547945205479,-1.7585811614990234,-85.53523254394531,76.21772766113281,66.67081451416016,1.5404348373413086,0.9427090287208557
075_bag,put the bag on the tray,15,1,317,13.213,1788428094.1402483,00013_front_put_the_bag_on_the_tray.png,00013_wrist_put_the_bag_on_the_tray.png,recap.png,50,13,356,358,13.714285714285714,-10.505494505494505,4.791208791208791,90.81318681318682,4.087912087912088,14.520547945205479,-1.5692768096923828,-88.03866577148438,77.20286560058594,67.1693344116211,1.2127714157104492,0.8074036836624146
075_bag,put the bag on the tray,15,1,317,13.213,1788428094.1402483,00013_front_put_the_bag_on_the_tray.png,00013_wrist_put_the_bag_on_the_tray.png,recap.png,50,14,357,359,13.714285714285714,-10.505494505494505,4.791208791208791,90.81318681318682,4.087912087912088,14.520547945205479,-1.2750911712646484,-91.12254333496094,78.83572387695312,67.76024627685547,0.7091064453125,0.6023346185684204
075_bag,put the bag on the tray,15,1,317,13.213,1788428094.1402483,00013_front_put_the_bag_on_the_tray.png,00013_wrist_put_the_bag_on_the_tray.png,recap.png,50,15,358,360,13.714285714285714,-10.505494505494505,4.791208791208791,90.81318681318682,4.087912087912088,14.520547945205479,-1.3169193267822266,-92.8238296508789,79.56265258789062,68.27311706542969,0.47119140625,0.4938856065273285
075_bag,put the bag on the tray,15,1,317,13.213,1788428094.1402483,00013_front_put_the_bag_on_the_tray.png,00013_wrist_put_the_bag_on_the_tray.png,recap.png,50,16,359,361,13.714285714285714,-10.505494505494505,4.791208791208791,90.81318681318682,4.087912087912088,14.520547945205479,-1.4178390502929688,-95.27486419677734,81.2430419921875,69.43636322021484,0.5389022827148438,0.5065866708755493
075_bag,put the bag on the tray,15,1,317,13.213,1788428094.1402483,00013_front_put_the_bag_on_the_tray.png,00013_wrist_put_the_bag_on_the_tray.png,recap.png,50,17,360,362,13.714285714285714,-10.505494505494505,4.791208791208791,90.81318681318682,4.087912087912088,14.520547945205479,-1.4388790130615234,-96.8338851928711,81.51974487304688,70.76634216308594,0.7188863754272461,0.4349164664745331
075_bag,put the bag on the tray,15,1,317,13.213,1788428094.1402483,00013_front_put_the_bag_on_the_tray.png,00013_wrist_put_the_bag_on_the_tray.png,recap.png,50,18,361,363,13.714285714285714,-10.505494505494505,4.791208791208791,90.81318681318682,4.087912087912088,14.520547945205479,-1.2536334991455078,-99.04953002929688,81.60481262207031,72.03268432617188,0.9195241928100586,0.39214715361595154
075_bag,put the bag on the tray,15,1,317,13.213,1788428094.1402483,00013_front_put_the_bag_on_the_tray.png,00013_wrist_put_the_bag_on_the_tray.png,recap.png,50,19,362,364,13.714285714285714,-10.505494505494505,4.791208791208791,90.81318681318682,4.087912087912088,14.520547945205479,-1.5930061340332031,-101.28968811035156,82.66444396972656,73.59871673583984,0.8925666809082031,0.43095043301582336
075_bag,put the bag on the tray,15,1,317,13.213,1788428094.1402483,00013_front_put_the_bag_on_the_tray.png,00013_wrist_put_the_bag_on_the_tray.png,recap.png,50,20,363,365,13.714285714285714,-10.505494505494505,4.791208791208791,90.81318681318682,4.087912087912088,14.520547945205479,-1.90447998046875,-102.9072265625,83.29788208007812,75.23405456542969,0.3370647430419922,0.2693442702293396
075_bag,put the bag on the tray,15,1,317,13.213,1788428094.1402483,00013_front_put_the_bag_on_the_tray.png,00013_wrist_put_the_bag_on_the_tray.png,recap.png,50,21,364,366,13.714285714285714,-10.505494505494505,4.791208791208791,90.81318681318682,4.087912087912088,14.520547945205479,-2.1147117614746094,-104.17306518554688,82.73234558105469,76.9361572265625,-0.2972278594970703,0.19215939939022064
075_bag,put the bag on the tray,15,1,317,13.213,1788428094.1402483,00013_front_put_the_bag_on_the_tray.png,00013_wrist_put_the_bag_on_the_tray.png,recap.png,50,22,365,367,13.714285714285714,-10.505494505494505,4.791208791208791,90.81318681318682,4.087912087912088,14.520547945205479,-2.136577606201172,-105.72346496582031,83.03492736816406,78.33686828613281,-1.5289297103881836,-0.014331847429275513
075_bag,put the bag on the tray,15,1,317,13.213,1788428094.1402483,00013_front_put_the_bag_on_the_tray.png,00013_wrist_put_the_bag_on_the_tray.png,recap.png,50,23,366,368,13.714285714285714,-10.505494505494505,4.791208791208791,90.81318681318682,4.087912087912088,14.520547945205479,-2.702280044555664,-105.93440246582031,82.81851196289062,79.70640563964844,-3.152289390563965,-0.14493510127067566
075_bag,put the bag on the tray,16,1,342,14.116,1788428095.0435207,00014_front_put_the_bag_on_the_tray.png,00014_wrist_put_the_bag_on_the_tray.png,recap.png,50,0,367,369,-2.021978021978022,-94.37362637362638,81.01098901098901,67.51648351648352,1.098901098901099,0.3424657534246575,-4.179327011108398,-102.51484680175781,83.61776733398438,74.50454711914062,-0.9352655410766602,-0.26071932911872864
075_bag,put the bag on the tray,16,1,342,14.116,1788428095.0435207,00014_front_put_the_bag_on_the_tray.png,00014_wrist_put_the_bag_on_the_tray.png,recap.png,50,1,368,370,-2.021978021978022,-94.37362637362638,81.01098901098901,67.51648351648352,1.098901098901099,0.3424657534246575,-4.216764450073242,-102.44141387939453,83.669921875,74.43557739257812,-0.9627113342285156,-0.20904392004013062
075_bag,put the bag on the tray,16,1,342,14.116,1788428095.0435207,00014_front_put_the_bag_on_the_tray.png,00014_wrist_put_the_bag_on_the_tray.png,recap.png,50,2,369,371,-2.021978021978022,-94.37362637362638,81.01098901098901,67.51648351648352,1.098901098901099,0.3424657534246575,-4.543233871459961,-102.25553131103516,83.45751953125,74.3352279663086,-1.1019468307495117,-0.2878570854663849
075_bag,put the bag on the tray,16,1,342,14.116,1788428095.0435207,00014_front_put_the_bag_on_the_tray.png,00014_wrist_put_the_bag_on_the_tray.png,recap.png,50,3,370,372,-2.021978021978022,-94.37362637362638,81.01098901098901,67.51648351648352,1.098901098901099,0.3424657534246575,-4.334236145019531,-101.37312316894531,82.78868103027344,74.23352813720703,-1.2138137817382812,-0.07145178318023682
075_bag,put the bag on the tray,16,1,342,14.116,1788428095.0435207,00014_front_put_the_bag_on_the_tray.png,00014_wrist_put_the_bag_on_the_tray.png,recap.png,50,4,371,373,-2.021978021978022,-94.37362637362638,81.01098901098901,67.51648351648352,1.098901098901099,0.3424657534246575,-4.257720947265625,-100.43020629882812,82.72309875488281,74.04259490966797,-1.5752363204956055,-0.3154090642929077
075_bag,put the bag on the tray,16,1,342,14.116,1788428095.0435207,00014_front_put_the_bag_on_the_tray.png,00014_wrist_put_the_bag_on_the_tray.png,recap.png,50,5,372,374,-2.021978021978022,-94.37362637362638,81.01098901098901,67.51648351648352,1.098901098901099,0.3424657534246575,-4.438409805297852,-98.31719207763672,82.13224792480469,73.3438491821289,-1.9743070602416992,-0.45906180143356323
075_bag,put the bag on the tray,16,1,342,14.116,1788428095.0435207,00014_front_put_the_bag_on_the_tray.png,00014_wrist_put_the_bag_on_the_tray.png,recap.png,50,6,373,375,-2.021978021978022,-94.37362637362638,81.01098901098901,67.51648351648352,1.098901098901099,0.3424657534246575,-4.701427459716797,-96.4959945678711,80.93391418457031,72.45399475097656,-2.3949995040893555,-0.27998873591423035
075_bag,put the bag on the tray,16,1,342,14.116,1788428095.0435207,00014_front_put_the_bag_on_the_tray.png,00014_wrist_put_the_bag_on_the_tray.png,recap.png,50,7,374,376,-2.021978021978022,-94.37362637362638,81.01098901098901,67.51648351648352,1.098901098901099,0.3424657534246575,-4.661128997802734,-94.07768249511719,79.70791625976562,71.28671264648438,-2.882038116455078,-0.29017892479896545
075_bag,put the bag on the tray,16,1,342,14.116,1788428095.0435207,00014_front_put_the_bag_on_the_tray.png,00014_wrist_put_the_bag_on_the_tray.png,recap.png,50,8,375,377,-2.021978021978022,-94.37362637362638,81.01098901098901,67.51648351648352,1.098901098901099,0.3424657534246575,-4.479265213012695,-92.19703674316406,78.5863037109375,70.5496597290039,-3.2417984008789062,-0.29463991522789
075_bag,put the bag on the tray,16,1,342,14.116,1788428095.0435207,00014_front_put_the_bag_on_the_tray.png,00014_wrist_put_the_bag_on_the_tray.png,recap.png,50,9,376,378,-2.021978021978022,-94.37362637362638,81.01098901098901,67.51648351648352,1.098901098901099,0.3424657534246575,-4.51789665222168,-89.31452941894531,76.17205810546875,69.88275146484375,-3.8830718994140625,-0.3023192286491394
075_bag,put the bag on the tray,16,1,342,14.116,1788428095.0435207,00014_front_put_the_bag_on_the_tray.png,00014_wrist_put_the_bag_on_the_tray.png,recap.png,50,10,377,379,-2.021978021978022,-94.37362637362638,81.01098901098901,67.51648351648352,1.098901098901099,0.3424657534246575,-4.619056701660156,-86.3197250366211,73.92103576660156,69.40708923339844,-4.577726364135742,-0.2615605294704437
075_bag,put the bag on the tray,16,1,342,14.116,1788428095.0435207,00014_front_put_the_bag_on_the_tray.png,00014_wrist_put_the_bag_on_the_tray.png,recap.png,50,11,378,380,-2.021978021978022,-94.37362637362638,81.01098901098901,67.51648351648352,1.098901098901099,0.3424657534246575,-4.234321594238281,-82.63052368164062,71.0166244506836,69.03225708007812,-5.268286228179932,-0.24335965514183044
075_bag,put the bag on the tray,16,1,342,14.116,1788428095.0435207,00014_front_put_the_bag_on_the_tray.png,00014_wrist_put_the_bag_on_the_tray.png,recap.png,50,12,379,381,-2.021978021978022,-94.37362637362638,81.01098901098901,67.51648351648352,1.098901098901099,0.3424657534246575,-4.206686019897461,-79.65985107421875,69.32875061035156,68.64613342285156,-5.812934398651123,-0.27206724882125854
075_bag,put the bag on the tray,16,1,342,14.116,1788428095.0435207,00014_front_put_the_bag_on_the_tray.png,00014_wrist_put_the_bag_on_the_tray.png,recap.png,50,13,380,382,-2.021978021978022,-94.37362637362638,81.01098901098901,67.51648351648352,1.098901098901099,0.3424657534246575,-4.282392501831055,-76.0049819946289,67.72526550292969,68.14715576171875,-6.014235019683838,-0.1318940967321396
075_bag,put the bag on the tray,16,1,342,14.116,1788428095.0435207,00014_front_put_the_bag_on_the_tray.png,00014_wrist_put_the_bag_on_the_tray.png,recap.png,50,14,381,383,-2.021978021978022,-94.37362637362638,81.01098901098901,67.51648351648352,1.098901098901099,0.3424657534246575,-3.807821273803711,-73.78419494628906,64.77703094482422,67.55441284179688,-6.405248641967773,-0.085410475730896
075_bag,put the bag on the tray,16,1,342,14.116,1788428095.0435207,00014_front_put_the_bag_on_the_tray.png,00014_wrist_put_the_bag_on_the_tray.png,recap.png,50,15,382,384,-2.021978021978022,-94.37362637362638,81.01098901098901,67.51648351648352,1.098901098901099,0.3424657534246575,-3.9292240142822266,-70.66102600097656,62.75148010253906,67.28076171875,-6.646480560302734,-0.2943234145641327
075_bag,put the bag on the tray,16,1,342,14.116,1788428095.0435207,00014_front_put_the_bag_on_the_tray.png,00014_wrist_put_the_bag_on_the_tray.png,recap.png,50,16,383,385,-2.021978021978022,-94.37362637362638,81.01098901098901,67.51648351648352,1.098901098901099,0.3424657534246575,-3.971273422241211,-67.66850280761719,61.36566162109375,66.87715148925781,-6.73972225189209,0.10138652473688126
075_bag,put the bag on the tray,16,1,342,14.116,1788428095.0435207,00014_front_put_the_bag_on_the_tray.png,00014_wrist_put_the_bag_on_the_tray.png,recap.png,50,17,384,386,-2.021978021978022,-94.37362637362638,81.01098901098901,67.51648351648352,1.098901098901099,0.3424657534246575,-3.960325241088867,-64.47271728515625,60.16443634033203,66.23033142089844,-6.911694049835205,-0.03196130692958832
075_bag,put the bag on the tray,16,1,342,14.116,1788428095.0435207,00014_front_put_the_bag_on_the_tray.png,00014_wrist_put_the_bag_on_the_tray.png,recap.png,50,18,385,387,-2.021978021978022,-94.37362637362638,81.01098901098901,67.51648351648352,1.098901098901099,0.3424657534246575,-3.8893985748291016,-62.79127502441406,57.713836669921875,65.4279556274414,-7.191008567810059,-0.1387959122657776
075_bag,put the bag on the tray,16,1,342,14.116,1788428095.0435207,00014_front_put_the_bag_on_the_tray.png,00014_wrist_put_the_bag_on_the_tray.png,recap.png,50,19,386,388,-2.021978021978022,-94.37362637362638,81.01098901098901,67.51648351648352,1.098901098901099,0.3424657534246575,-3.715669631958008,-60.602272033691406,56.489410400390625,64.89447021484375,-7.291131019592285,-0.027442947030067444
075_bag,put the bag on the tray,16,1,342,14.116,1788428095.0435207,00014_front_put_the_bag_on_the_tray.png,00014_wrist_put_the_bag_on_the_tray.png,recap.png,50,20,387,389,-2.021978021978022,-94.37362637362638,81.01098901098901,67.51648351648352,1.098901098901099,0.3424657534246575,-3.6533355712890625,-58.90591812133789,55.94342041015625,64.51697540283203,-7.390125751495361,0.0296345055103302
075_bag,put the bag on the tray,16,1,342,14.116,1788428095.0435207,00014_front_put_the_bag_on_the_tray.png,00014_wrist_put_the_bag_on_the_tray.png,recap.png,50,21,388,390,-2.021978021978022,-94.37362637362638,81.01098901098901,67.51648351648352,1.098901098901099,0.3424657534246575,-3.996725082397461,-56.965003967285156,54.77643585205078,64.1449966430664,-7.27576208114624,-0.040554046630859375
075_bag,put the bag on the tray,16,1,342,14.116,1788428095.0435207,00014_front_put_the_bag_on_the_tray.png,00014_wrist_put_the_bag_on_the_tray.png,recap.png,50,22,389,391,-2.021978021978022,-94.37362637362638,81.01098901098901,67.51648351648352,1.098901098901099,0.3424657534246575,-4.073516845703125,-55.27058029174805,54.06262969970703,63.84101486206055,-7.289229869842529,0.07274264097213745
075_bag,put the bag on the tray,16,1,342,14.116,1788428095.0435207,00014_front_put_the_bag_on_the_tray.png,00014_wrist_put_the_bag_on_the_tray.png,recap.png,50,23,390,392,-2.021978021978022,-94.37362637362638,81.01098901098901,67.51648351648352,1.098901098901099,0.3424657534246575,-3.995738983154297,-53.886924743652344,52.89659118652344,63.77545928955078,-7.252920150756836,0.21678411960601807
075_bag,put the bag on the tray,16,1,342,14.116,1788428095.0435207,00014_front_put_the_bag_on_the_tray.png,00014_wrist_put_the_bag_on_the_tray.png,recap.png,50,24,391,393,-2.021978021978022,-94.37362637362638,81.01098901098901,67.51648351648352,1.098901098901099,0.3424657534246575,-4.112621307373047,-52.59801483154297,50.84174346923828,63.82564926147461,-7.127200603485107,0.23789528012275696
075_bag,put the bag on the tray,17,1,366,14.985,1788428095.9135537,00015_front_put_the_bag_on_the_tray.png,00015_wrist_put_the_bag_on_the_tray.png,recap.png,50,0,392,394,-1.7582417582417582,-101.05494505494505,83.12087912087912,74.81318681318682,0.3956043956043956,0.410958904109589,-5.072032928466797,-101.77511596679688,85.5126953125,74.24510192871094,-2.008991241455078,-0.04651053249835968
075_bag,put the bag on the tray,17,1,366,14.985,1788428095.9135537,00015_front_put_the_bag_on_the_tray.png,00015_wrist_put_the_bag_on_the_tray.png,recap.png,50,1,393,395,-1.7582417582417582,-101.05494505494505,83.12087912087912,74.81318681318682,0.3956043956043956,0.410958904109589,-5.664472579956055,-101.94369506835938,85.09014892578125,73.63751220703125,-2.130215644836426,-0.017460927367210388
075_bag,put the bag on the tray,17,1,366,14.985,1788428095.9135537,00015_front_put_the_bag_on_the_tray.png,00015_wrist_put_the_bag_on_the_tray.png,recap.png,50,2,394,396,-1.7582417582417582,-101.05494505494505,83.12087912087912,74.81318681318682,0.3956043956043956,0.410958904109589,-6.127622604370117,-101.77843475341797,84.47360229492188,72.9944076538086,-2.4295616149902344,0.05146154388785362
075_bag,put the bag on the tray,17,1,366,14.985,1788428095.9135537,00015_front_put_the_bag_on_the_tray.png,00015_wrist_put_the_bag_on_the_tray.png,recap.png,50,3,395,397,-1.7582417582417582,-101.05494505494505,83.12087912087912,74.81318681318682,0.3956043956043956,0.410958904109589,-6.742237091064453,-101.959716796875,84.90977478027344,72.35530090332031,-2.6937875747680664,-0.0024847090244293213
075_bag,put the bag on the tray,17,1,366,14.985,1788428095.9135537,00015_front_put_the_bag_on_the_tray.png,00015_wrist_put_the_bag_on_the_tray.png,recap.png,50,4,396,398,-1.7582417582417582,-101.05494505494505,83.12087912087912,74.81318681318682,0.3956043956043956,0.410958904109589,-6.860118865966797,-101.53900909423828,84.45803833007812,72.07299041748047,-2.83837890625,0.029823563992977142
075_bag,put the bag on the tray,17,1,366,14.985,1788428095.9135537,00015_front_put_the_bag_on_the_tray.png,00015_wrist_put_the_bag_on_the_tray.png,recap.png,50,5,397,399,-1.7582417582417582,-101.05494505494505,83.12087912087912,74.81318681318682,0.3956043956043956,0.410958904109589,-6.818059921264648,-101.27049255371094,84.50482177734375,71.65499114990234,-3.052292823791504,-0.0448918342590332
075_bag,put the bag on the tray,17,1,366,14.985,1788428095.9135537,00015_front_put_the_bag_on_the_tray.png,00015_wrist_put_the_bag_on_the_tray.png,recap.png,50,6,398,400,-1.7582417582417582,-101.05494505494505,83.12087912087912,74.81318681318682,0.3956043956043956,0.410958904109589,-7.085639953613281,-101.96817016601562,84.89810180664062,71.41267395019531,-3.079836845397949,-0.10554233193397522
075_bag,put the bag on the tray,17,1,366,14.985,1788428095.9135537,00015_front_put_the_bag_on_the_tray.png,00015_wrist_put_the_bag_on_the_tray.png,recap.png,50,7,399,401,-1.7582417582417582,-101.05494505494505,83.12087912087912,74.81318681318682,0.3956043956043956,0.410958904109589,-7.065071105957031,-101.49754333496094,84.10914611816406,71.55201721191406,-3.153559684753418,0.08068747818470001
075_bag,put the bag on the tray,17,1,366,14.985,1788428095.9135537,00015_front_put_the_bag_on_the_tray.png,00015_wrist_put_the_bag_on_the_tray.png,recap.png,50,8,400,402,-1.7582417582417582,-101.05494505494505,83.12087912087912,74.81318681318682,0.3956043956043956,0.410958904109589,-7.200767517089844,-101.91053009033203,83.7646484375,71.79924774169922,-3.1858558654785156,0.07871188968420029
075_bag,put the bag on the tray,17,1,366,14.985,1788428095.9135537,00015_front_put_the_bag_on_the_tray.png,00015_wrist_put_the_bag_on_the_tray.png,recap.png,50,9,401,403,-1.7582417582417582,-101.05494505494505,83.12087912087912,74.81318681318682,0.3956043956043956,0.410958904109589,-7.230730056762695,-101.40825653076172,83.31239318847656,72.05477142333984,-3.1870813369750977,0.05354759469628334
075_bag,put the bag on the tray,17,1,366,14.985,1788428095.9135537,00015_front_put_the_bag_on_the_tray.png,00015_wrist_put_the_bag_on_the_tray.png,recap.png,50,10,402,404,-1.7582417582417582,-101.05494505494505,83.12087912087912,74.81318681318682,0.3956043956043956,0.410958904109589,-7.4761505126953125,-101.8011703491211,83.10494995117188,72.23178100585938,-3.299014091491699,0.14527533948421478
075_bag,put the bag on the tray,17,1,366,14.985,1788428095.9135537,00015_front_put_the_bag_on_the_tray.png,00015_wrist_put_the_bag_on_the_tray.png,recap.png,50,11,403,405,-1.7582417582417582,-101.05494505494505,83.12087912087912,74.81318681318682,0.3956043956043956,0.410958904109589,-7.522676467895508,-101.60984802246094,83.19357299804688,72.29595947265625,-3.2210512161254883,0.059841856360435486
075_bag,put the bag on the tray,17,1,366,14.985,1788428095.9135537,00015_front_put_the_bag_on_the_tray.png,00015_wrist_put_the_bag_on_the_tray.png,recap.png,50,12,404,406,-1.7582417582417582,-101.05494505494505,83.12087912087912,74.81318681318682,0.3956043956043956,0.410958904109589,-7.409626007080078,-102.04893493652344,82.68977355957031,72.2784652709961,-3.393278121948242,0.1297096312046051
075_bag,put the bag on the tray,17,1,366,14.985,1788428095.9135537,00015_front_put_the_bag_on_the_tray.png,00015_wrist_put_the_bag_on_the_tray.png,recap.png,50,13,405,407,-1.7582417582417582,-101.05494505494505,83.12087912087912,74.81318681318682,0.3956043956043956,0.410958904109589,-7.185707092285156,-101.4092788696289,82.95889282226562,72.072998046875,-3.3961496353149414,0.0608530156314373
075_bag,put the bag on the tray,17,1,366,14.985,1788428095.9135537,00015_front_put_the_bag_on_the_tray.png,00015_wrist_put_the_bag_on_the_tray.png,recap.png,50,14,406,408,-1.7582417582417582,-101.05494505494505,83.12087912087912,74.81318681318682,0.3956043956043956,0.410958904109589,-7.235063552856445,-101.18151092529297,82.69749450683594,72.0133056640625,-3.424262046813965,0.12946321070194244
075_bag,put the bag on the tray,17,1,366,14.985,1788428095.9135537,00015_front_put_the_bag_on_the_tray.png,00015_wrist_put_the_bag_on_the_tray.png,recap.png,50,15,407,409,-1.7582417582417582,-101.05494505494505,83.12087912087912,74.81318681318682,0.3956043956043956,0.410958904109589,-7.036947250366211,-101.44647216796875,83.20755004882812,71.7161636352539,-3.4476613998413086,0.03160583972930908
075_bag,put the bag on the tray,17,1,366,14.985,1788428095.9135537,00015_front_put_the_bag_on_the_tray.png,00015_wrist_put_the_bag_on_the_tray.png,recap.png,50,16,408,410,-1.7582417582417582,-101.05494505494505,83.12087912087912,74.81318681318682,0.3956043956043956,0.410958904109589,-7.1058197021484375,-101.34864807128906,82.93611145019531,71.67575073242188,-3.5412797927856445,0.06318335235118866
075_bag,put the bag on the tray,17,1,366,14.985,1788428095.9135537,00015_front_put_the_bag_on_the_tray.png,00015_wrist_put_the_bag_on_the_tray.png,recap.png,50,17,409,411,-1.7582417582417582,-101.05494505494505,83.12087912087912,74.81318681318682,0.3956043956043956,0.410958904109589,-6.880758285522461,-101.30729675292969,82.71324157714844,71.20794677734375,-3.6306724548339844,0.07599705457687378
075_bag,put the bag on the tray,17,1,366,14.985,1788428095.9135537,00015_front_put_the_bag_on_the_tray.png,00015_wrist_put_the_bag_on_the_tray.png,recap.png,50,18,410,412,-1.7582417582417582,-101.05494505494505,83.12087912087912,74.81318681318682,0.3956043956043956,0.410958904109589,-6.856683731079102,-101.46022033691406,83.1605224609375,71.0188980102539,-3.7771244049072266,0.19270746409893036
075_bag,put the bag on the tray,17,1,366,14.985,1788428095.9135537,00015_front_put_the_bag_on_the_tray.png,00015_wrist_put_the_bag_on_the_tray.png,recap.png,50,19,411,413,-1.7582417582417582,-101.05494505494505,83.12087912087912,74.81318681318682,0.3956043956043956,0.410958904109589,-6.822063446044922,-101.31871032714844,82.96244812011719,70.48319244384766,-3.8881874084472656,0.0840948298573494
075_bag,put the bag on the tray,17,1,366,14.985,1788428095.9135537,00015_front_put_the_bag_on_the_tray.png,00015_wrist_put_the_bag_on_the_tray.png,recap.png,50,20,412,414,-1.7582417582417582,-101.05494505494505,83.12087912087912,74.81318681318682,0.3956043956043956,0.410958904109589,-6.884870529174805,-100.91460418701172,83.02635192871094,70.29039001464844,-3.979649543762207,0.21796417236328125
075_bag,put the bag on the tray,17,1,366,14.985,1788428095.9135537,00015_front_put_the_bag_on_the_tray.png,00015_wrist_put_the_bag_on_the_tray.png,recap.png,50,21,413,415,-1.7582417582417582,-101.05494505494505,83.12087912087912,74.81318681318682,0.3956043956043956,0.410958904109589,-6.618291854858398,-100.57583618164062,82.7705078125,70.01334381103516,-4.165229320526123,0.10274393856525421
075_bag,put the bag on the tray,17,1,366,14.985,1788428095.9135537,00015_front_put_the_bag_on_the_tray.png,00015_wrist_put_the_bag_on_the_tray.png,recap.png,50,22,414,416,-1.7582417582417582,-101.05494505494505,83.12087912087912,74.81318681318682,0.3956043956043956,0.410958904109589,-6.877790451049805,-101.06597137451172,83.37210083007812,69.72960662841797,-4.231959342956543,0.12866342067718506
075_bag,put the bag on the tray,17,1,366,14.985,1788428095.9135537,00015_front_put_the_bag_on_the_tray.png,00015_wrist_put_the_bag_on_the_tray.png,recap.png,50,23,415,417,-1.7582417582417582,-101.05494505494505,83.12087912087912,74.81318681318682,0.3956043956043956,0.410958904109589,-7.119312286376953,-99.96986389160156,82.08500671386719,69.21188354492188,-4.475144386291504,0.18079128861427307
075_bag,put the bag on the tray,18,1,391,15.888,1788428096.816789,00016_front_put_the_bag_on_the_tray.png,00016_wrist_put_the_bag_on_the_tray.png,recap.png,50,0,416,418,-4.21978021978022,-57.362637362637365,57.45054945054945,65.14285714285714,-6.637362637362638,0.3424657534246575,-3.9777259826660156,-103.31916046142578,88.55093383789062,67.23597717285156,-4.665236473083496,-0.07997654378414154
075_bag,put the bag on the tray,18,1,391,15.888,1788428096.816789,00016_front_put_the_bag_on_the_tray.png,00016_wrist_put_the_bag_on_the_tray.png,recap.png,50,1,417,419,-4.21978021978022,-57.362637362637365,57.45054945054945,65.14285714285714,-6.637362637362638,0.3424657534246575,-4.397396087646484,-102.97373962402344,89.33027648925781,68.83773040771484,-4.554427146911621,-0.09118002653121948
075_bag,put the bag on the tray,18,1,391,15.888,1788428096.816789,00016_front_put_the_bag_on_the_tray.png,00016_wrist_put_the_bag_on_the_tray.png,recap.png,50,2,418,420,-4.21978021978022,-57.362637362637365,57.45054945054945,65.14285714285714,-6.637362637362638,0.3424657534246575,-4.539987564086914,-103.16089630126953,88.86679077148438,69.9595947265625,-4.355379581451416,0.1897069215774536
075_bag,put the bag on the tray,18,1,391,15.888,1788428096.816789,00016_front_put_the_bag_on_the_tray.png,00016_wrist_put_the_bag_on_the_tray.png,recap.png,50,3,419,421,-4.21978021978022,-57.362637362637365,57.45054945054945,65.14285714285714,-6.637362637362638,0.3424657534246575,-4.514774322509766,-103.4998550415039,89.16276550292969,71.24419403076172,-4.162500858306885,-0.08156551420688629
075_bag,put the bag on the tray,18,1,391,15.888,1788428096.816789,00016_front_put_the_bag_on_the_tray.png,00016_wrist_put_the_bag_on_the_tray.png,recap.png,50,4,420,422,-4.21978021978022,-57.362637362637365,57.45054945054945,65.14285714285714,-6.637362637362638,0.3424657534246575,-4.329282760620117,-103.46524810791016,89.0166015625,72.2694091796875,-4.24550724029541,-0.03453381359577179
075_bag,put the bag on the tray,18,1,391,15.888,1788428096.816789,00016_front_put_the_bag_on_the_tray.png,00016_wrist_put_the_bag_on_the_tray.png,recap.png,50,5,421,423,-4.21978021978022,-57.362637362637365,57.45054945054945,65.14285714285714,-6.637362637362638,0.3424657534246575,-4.613426208496094,-102.76435089111328,89.08332824707031,72.94287109375,-4.225155830383301,0.0409080907702446
075_bag,put the bag on the tray,18,1,391,15.888,1788428096.816789,00016_front_put_the_bag_on_the_tray.png,00016_wrist_put_the_bag_on_the_tray.png,recap.png,50,6,422,424,-4.21978021978022,-57.362637362637365,57.45054945054945,65.14285714285714,-6.637362637362638,0.3424657534246575,-4.629106521606445,-103.12200164794922,89.26405334472656,73.72016906738281,-4.17315673828125,-0.011187903583049774
075_bag,put the bag on the tray,18,1,391,15.888,1788428096.816789,00016_front_put_the_bag_on_the_tray.png,00016_wrist_put_the_bag_on_the_tray.png,recap.png,50,7,423,425,-4.21978021978022,-57.362637362637365,57.45054945054945,65.14285714285714,-6.637362637362638,0.3424657534246575,-4.444524765014648,-103.39923858642578,88.87593078613281,74.23507690429688,-4.087124824523926,-0.13316655158996582
075_bag,put the bag on the tray,18,1,391,15.888,1788428096.816789,00016_front_put_the_bag_on_the_tray.png,00016_wrist_put_the_bag_on_the_tray.png,recap.png,50,8,424,426,-4.21978021978022,-57.362637362637365,57.45054945054945,65.14285714285714,-6.637362637362638,0.3424657534246575,-4.299009323120117,-102.54259490966797,88.3648681640625,74.974609375,-4.124729156494141,-0.04510851204395294
075_bag,put the bag on the tray,18,1,391,15.888,1788428096.816789,00016_front_put_the_bag_on_the_tray.png,00016_wrist_put_the_bag_on_the_tray.png,recap.png,50,9,425,427,-4.21978021978022,-57.362637362637365,57.45054945054945,65.14285714285714,-6.637362637362638,0.3424657534246575,-4.435354232788086,-102.33670043945312,88.6297607421875,75.79534912109375,-4.121885299682617,-0.03850410878658295
075_bag,put the bag on the tray,18,1,391,15.888,1788428096.816789,00016_front_put_the_bag_on_the_tray.png,00016_wrist_put_the_bag_on_the_tray.png,recap.png,50,10,426,428,-4.21978021978022,-57.362637362637365,57.45054945054945,65.14285714285714,-6.637362637362638,0.3424657534246575,-4.3273468017578125,-102.64515686035156,88.51264953613281,76.67372131347656,-4.041569709777832,-0.11379943788051605
075_bag,put the bag on the tray,18,1,391,15.888,1788428096.816789,00016_front_put_the_bag_on_the_tray.png,00016_wrist_put_the_bag_on_the_tray.png,recap.png,50,11,427,429,-4.21978021978022,-57.362637362637365,57.45054945054945,65.14285714285714,-6.637362637362638,0.3424657534246575,-4.433956146240234,-102.08855438232422,88.48933410644531,77.27117156982422,-3.9394264221191406,-0.012623921036720276
075_bag,put the bag on the tray,18,1,391,15.888,1788428096.816789,00016_front_put_the_bag_on_the_tray.png,00016_wrist_put_the_bag_on_the_tray.png,recap.png,50,12,428,430,-4.21978021978022,-57.362637362637365,57.45054945054945,65.14285714285714,-6.637362637362638,0.3424657534246575,-4.468912124633789,-101.63253021240234,88.18669128417969,77.71087646484375,-4.16051721572876,0.03732442110776901
075_bag,put the bag on the tray,18,1,391,15.888,1788428096.816789,00016_front_put_the_bag_on_the_tray.png,00016_wrist_put_the_bag_on_the_tray.png,recap.png,50,13,429,431,-4.21978021978022,-57.362637362637365,57.45054945054945,65.14285714285714,-6.637362637362638,0.3424657534246575,-4.32032585144043,-101.80644226074219,88.25445556640625,77.8548583984375,-4.127820014953613,0.008572205901145935
075_bag,put the bag on the tray,18,1,391,15.888,1788428096.816789,00016_front_put_the_bag_on_the_tray.png,00016_wrist_put_the_bag_on_the_tray.png,recap.png,50,14,430,432,-4.21978021978022,-57.362637362637365,57.45054945054945,65.14285714285714,-6.637362637362638,0.3424657534246575,-4.427547454833984,-101.6030502319336,88.00413513183594,77.96891784667969,-4.124260902404785,0.10176677256822586
075_bag,put the bag on the tray,18,1,391,15.888,1788428096.816789,00016_front_put_the_bag_on_the_tray.png,00016_wrist_put_the_bag_on_the_tray.png,recap.png,50,15,431,433,-4.21978021978022,-57.362637362637365,57.45054945054945,65.14285714285714,-6.637362637362638,0.3424657534246575,-4.484584808349609,-101.99211120605469,88.64767456054688,78.04618835449219,-4.06003475189209,0.053972452878952026
075_bag,put the bag on the tray,18,1,391,15.888,1788428096.816789,00016_front_put_the_bag_on_the_tray.png,00016_wrist_put_the_bag_on_the_tray.png,recap.png,50,16,432,434,-4.21978021978022,-57.362637362637365,57.45054945054945,65.14285714285714,-6.637362637362638,0.3424657534246575,-4.396503448486328,-101.95490264892578,88.67680358886719,78.14701843261719,-4.035024642944336,0.023006729781627655
075_bag,put the bag on the tray,18,1,391,15.888,1788428096.816789,00016_front_put_the_bag_on_the_tray.png,00016_wrist_put_the_bag_on_the_tray.png,recap.png,50,17,433,435,-4.21978021978022,-57.362637362637365,57.45054945054945,65.14285714285714,-6.637362637362638,0.3424657534246575,-4.35951042175293,-101.46344757080078,88.99102783203125,77.96493530273438,-4.062281608581543,0.055399972945451736
075_bag,put the bag on the tray,18,1,391,15.888,1788428096.816789,00016_front_put_the_bag_on_the_tray.png,00016_wrist_put_the_bag_on_the_tray.png,recap.png,50,18,434,436,-4.21978021978022,-57.362637362637365,57.45054945054945,65.14285714285714,-6.637362637362638,0.3424657534246575,-4.287347793579102,-100.92945098876953,88.82466125488281,77.83587646484375,-3.716428756713867,0.04927140474319458
075_bag,put the bag on the tray,18,1,391,15.888,1788428096.816789,00016_front_put_the_bag_on_the_tray.png,00016_wrist_put_the_bag_on_the_tray.png,recap.png,50,19,435,437,-4.21978021978022,-57.362637362637365,57.45054945054945,65.14285714285714,-6.637362637362638,0.3424657534246575,-4.172445297241211,-101.53697967529297,88.77503967285156,77.90567016601562,-3.3627567291259766,-0.1121913492679596
075_bag,put the bag on the tray,18,1,391,15.888,1788428096.816789,00016_front_put_the_bag_on_the_tray.png,00016_wrist_put_the_bag_on_the_tray.png,recap.png,50,20,436,438,-4.21978021978022,-57.362637362637365,57.45054945054945,65.14285714285714,-6.637362637362638,0.3424657534246575,-4.120260238647461,-101.73890686035156,88.79667663574219,77.63597106933594,-3.071383476257324,0.03391706198453903
075_bag,put the bag on the tray,18,1,391,15.888,1788428096.816789,00016_front_put_the_bag_on_the_tray.png,00016_wrist_put_the_bag_on_the_tray.png,recap.png,50,21,437,439,-4.21978021978022,-57.362637362637365,57.45054945054945,65.14285714285714,-6.637362637362638,0.3424657534246575,-4.07292366027832,-101.41020965576172,88.8240966796875,77.54488372802734,-2.83609676361084,0.1556939035654068
075_bag,put the bag on the tray,18,1,391,15.888,1788428096.816789,00016_front_put_the_bag_on_the_tray.png,00016_wrist_put_the_bag_on_the_tray.png,recap.png,50,22,438,440,-4.21978021978022,-57.362637362637365,57.45054945054945,65.14285714285714,-6.637362637362638,0.3424657534246575,-4.166316986083984,-101.50874328613281,88.867431640625,77.65758514404297,-2.5992021560668945,0.07956372946500778
075_bag,put the bag on the tray,18,1,391,15.888,1788428096.816789,00016_front_put_the_bag_on_the_tray.png,00016_wrist_put_the_bag_on_the_tray.png,recap.png,50,23,439,441,-4.21978021978022,-57.362637362637365,57.45054945054945,65.14285714285714,-6.637362637362638,0.3424657534246575,-4.134372711181641,-101.5482406616211,89.59107971191406,77.52273559570312,-2.536431312561035,0.12612596154212952
075_bag,put the bag on the tray,18,1,391,15.888,1788428096.816789,00016_front_put_the_bag_on_the_tray.png,00016_wrist_put_the_bag_on_the_tray.png,recap.png,50,24,440,442,-4.21978021978022,-57.362637362637365,57.45054945054945,65.14285714285714,-6.637362637362638,0.3424657534246575,-3.9056968688964844,-101.55226135253906,89.29008483886719,77.48966979980469,-2.563436508178711,0.23693935573101044
075_bag,put the bag on the tray,19,1,415,16.758,1788428097.6865041,00017_front_put_the_bag_on_the_tray.png,00017_wrist_put_the_bag_on_the_tray.png,recap.png,50,0,441,443,-7.032967032967033,-100.87912087912088,83.64835164835165,71.2967032967033,-3.4725274725274726,0.3424657534246575,-4.597969055175781,-102.29067993164062,83.8350830078125,75.0617446899414,-3.1323699951171875,0.04226551204919815
075_bag,put the bag on the tray,19,1,415,16.758,1788428097.6865041,00017_front_put_the_bag_on_the_tray.png,00017_wrist_put_the_bag_on_the_tray.png,recap.png,50,1,442,444,-7.032967032967033,-100.87912087912088,83.64835164835165,71.2967032967033,-3.4725274725274726,0.3424657534246575,-4.873870849609375,-102.48621368408203,84.04684448242188,75.10298156738281,-3.255596160888672,0.01845225691795349
075_bag,put the bag on the tray,19,1,415,16.758,1788428097.6865041,00017_front_put_the_bag_on_the_tray.png,00017_wrist_put_the_bag_on_the_tray.png,recap.png,50,2,443,445,-7.032967032967033,-100.87912087912088,83.64835164835165,71.2967032967033,-3.4725274725274726,0.3424657534246575,-5.27435302734375,-101.3691177368164,83.17849731445312,74.69439697265625,-3.379518508911133,-0.019733905792236328
075_bag,put the bag on the tray,19,1,415,16.758,1788428097.6865041,00017_front_put_the_bag_on_the_tray.png,00017_wrist_put_the_bag_on_the_tray.png,recap.png,50,3,444,446,-7.032967032967033,-100.87912087912088,83.64835164835165,71.2967032967033,-3.4725274725274726,0.3424657534246575,-5.128042221069336,-100.18169403076172,82.60191345214844,74.36659240722656,-3.489786148071289,0.07764549553394318
075_bag,put the bag on the tray,19,1,415,16.758,1788428097.6865041,00017_front_put_the_bag_on_the_tray.png,00017_wrist_put_the_bag_on_the_tray.png,recap.png,50,4,445,447,-7.032967032967033,-100.87912087912088,83.64835164835165,71.2967032967033,-3.4725274725274726,0.3424657534246575,-5.078083038330078,-98.37154388427734,81.37037658691406,74.04619598388672,-3.75808048248291,0.044948481023311615
075_bag,put the bag on the tray,19,1,415,16.758,1788428097.6865041,00017_front_put_the_bag_on_the_tray.png,00017_wrist_put_the_bag_on_the_tray.png,recap.png,50,5,446,448,-7.032967032967033,-100.87912087912088,83.64835164835165,71.2967032967033,-3.4725274725274726,0.3424657534246575,-5.412565231323242,-96.0665512084961,79.71798706054688,73.48915100097656,-4.152397632598877,-0.05636085569858551
075_bag,put the bag on the tray,19,1,415,16.758,1788428097.6865041,00017_front_put_the_bag_on_the_tray.png,00017_wrist_put_the_bag_on_the_tray.png,recap.png,50,6,447,449,-7.032967032967033,-100.87912087912088,83.64835164835165,71.2967032967033,-3.4725274725274726,0.3424657534246575,-5.2136383056640625,-92.9589614868164,77.90583801269531,73.02101135253906,-4.444459915161133,0.09891597926616669
075_bag,put the bag on the tray,19,1,415,16.758,1788428097.6865041,00017_front_put_the_bag_on_the_tray.png,00017_wrist_put_the_bag_on_the_tray.png,recap.png,50,7,448,450,-7.032967032967033,-100.87912087912088,83.64835164835165,71.2967032967033,-3.4725274725274726,0.3424657534246575,-5.688121795654297,-90.48353576660156,75.52497863769531,72.29710388183594,-4.70025634765625,0.06697733700275421
075_bag,put the bag on the tray,19,1,415,16.758,1788428097.6865041,00017_front_put_the_bag_on_the_tray.png,00017_wrist_put_the_bag_on_the_tray.png,recap.png,50,8,449,451,-7.032967032967033,-100.87912087912088,83.64835164835165,71.2967032967033,-3.4725274725274726,0.3424657534246575,-5.400783538818359,-87.2251968383789,73.4739990234375,71.9593505859375,-4.837502479553223,0.12473349273204803
075_bag,put the bag on the tray,19,1,415,16.758,1788428097.6865041,00017_front_put_the_bag_on_the_tray.png,00017_wrist_put_the_bag_on_the_tray.png,recap.png,50,9,450,452,-7.032967032967033,-100.87912087912088,83.64835164835165,71.2967032967033,-3.4725274725274726,0.3424657534246575,-5.6598968505859375,-83.22430419921875,71.20092010498047,71.40001678466797,-5.144094467163086,-0.012770496308803558
075_bag,put the bag on the tray,19,1,415,16.758,1788428097.6865041,00017_front_put_the_bag_on_the_tray.png,00017_wrist_put_the_bag_on_the_tray.png,recap.png,50,10,451,453,-7.032967032967033,-100.87912087912088,83.64835164835165,71.2967032967033,-3.4725274725274726,0.3424657534246575,-5.553447723388672,-79.21560668945312,67.80927276611328,70.53125,-5.377383232116699,0.1775549352169037
075_bag,put the bag on the tray,19,1,415,16.758,1788428097.6865041,00017_front_put_the_bag_on_the_tray.png,00017_wrist_put_the_bag_on_the_tray.png,recap.png,50,11,452,454,-7.032967032967033,-100.87912087912088,83.64835164835165,71.2967032967033,-3.4725274725274726,0.3424657534246575,-5.436254501342773,-76.16726684570312,65.59368896484375,69.70076751708984,-5.770443439483643,0.06680526584386826
075_bag,put the bag on the tray,19,1,415,16.758,1788428097.6865041,00017_front_put_the_bag_on_the_tray.png,00017_wrist_put_the_bag_on_the_tray.png,recap.png,50,12,453,455,-7.032967032967033,-100.87912087912088,83.64835164835165,71.2967032967033,-3.4725274725274726,0.3424657534246575,-5.489534378051758,-73.48974609375,63.20330047607422,68.96969604492188,-6.017755508422852,0.2222350537776947
075_bag,put the bag on the tray,19,1,415,16.758,1788428097.6865041,00017_front_put_the_bag_on_the_tray.png,00017_wrist_put_the_bag_on_the_tray.png,recap.png,50,13,454,456,-7.032967032967033,-100.87912087912088,83.64835164835165,71.2967032967033,-3.4725274725274726,0.3424657534246575,-5.3846282958984375,-71.00773620605469,62.902130126953125,68.09595489501953,-6.309887886047363,0.283638596534729
075_bag,put the bag on the tray,19,1,415,16.758,1788428097.6865041,00017_front_put_the_bag_on_the_tray.png,00017_wrist_put_the_bag_on_the_tray.png,recap.png,50,14,455,457,-7.032967032967033,-100.87912087912088,83.64835164835165,71.2967032967033,-3.4725274725274726,0.3424657534246575,-5.278202056884766,-68.96432495117188,60.83831787109375,67.27384185791016,-6.582998752593994,0.2750830352306366
075_bag,put the bag on the tray,19,1,415,16.758,1788428097.6865041,00017_front_put_the_bag_on_the_tray.png,00017_wrist_put_the_bag_on_the_tray.png,recap.png,50,15,456,458,-7.032967032967033,-100.87912087912088,83.64835164835165,71.2967032967033,-3.4725274725274726,0.3424657534246575,-5.424243927001953,-67.1881103515625,59.49119567871094,66.57943725585938,-6.7939324378967285,0.3650369942188263
075_bag,put the bag on the tray,19,1,415,16.758,1788428097.6865041,00017_front_put_the_bag_on_the_tray.png,00017_wrist_put_the_bag_on_the_tray.png,recap.png,50,16,457,459,-7.032967032967033,-100.87912087912088,83.64835164835165,71.2967032967033,-3.4725274725274726,0.3424657534246575,-5.2031402587890625,-65.12055969238281,57.47570037841797,66.18988037109375,-6.994313716888428,0.4063023328781128
075_bag,put the bag on the tray,19,1,415,16.758,1788428097.6865041,00017_front_put_the_bag_on_the_tray.png,00017_wrist_put_the_bag_on_the_tray.png,recap.png,50,17,458,460,-7.032967032967033,-100.87912087912088,83.64835164835165,71.2967032967033,-3.4725274725274726,0.3424657534246575,-5.401433944702148,-63.93756866455078,56.42997741699219,65.840087890625,-7.302548408508301,0.2317890226840973
075_bag,put the bag on the tray,19,1,415,16.758,1788428097.6865041,00017_front_put_the_bag_on_the_tray.png,00017_wrist_put_the_bag_on_the_tray.png,recap.png,50,18,459,461,-7.032967032967033,-100.87912087912088,83.64835164835165,71.2967032967033,-3.4725274725274726,0.3424657534246575,-5.107912063598633,-61.95258712768555,55.534820556640625,65.5093002319336,-7.323079586029053,0.39966392517089844
075_bag,put the bag on the tray,19,1,415,16.758,1788428097.6865041,00017_front_put_the_bag_on_the_tray.png,00017_wrist_put_the_bag_on_the_tray.png,recap.png,50,19,460,462,-7.032967032967033,-100.87912087912088,83.64835164835165,71.2967032967033,-3.4725274725274726,0.3424657534246575,-5.443918228149414,-60.37092590332031,54.555999755859375,65.06300354003906,-7.768498420715332,0.3257525861263275
075_bag,put the bag on the tray,19,1,415,16.758,1788428097.6865041,00017_front_put_the_bag_on_the_tray.png,00017_wrist_put_the_bag_on_the_tray.png,recap.png,50,20,461,463,-7.032967032967033,-100.87912087912088,83.64835164835165,71.2967032967033,-3.4725274725274726,0.3424657534246575,-4.9909210205078125,-58.75839614868164,52.82549285888672,64.57575225830078,-7.915403842926025,0.49992918968200684
075_bag,put the bag on the tray,19,1,415,16.758,1788428097.6865041,00017_front_put_the_bag_on_the_tray.png,00017_wrist_put_the_bag_on_the_tray.png,recap.png,50,21,462,464,-7.032967032967033,-100.87912087912088,83.64835164835165,71.2967032967033,-3.4725274725274726,0.3424657534246575,-4.923879623413086,-57.322444915771484,51.96790313720703,64.42041778564453,-8.0232515335083,0.4905589520931244
075_bag,put the bag on the tray,19,1,415,16.758,1788428097.6865041,00017_front_put_the_bag_on_the_tray.png,00017_wrist_put_the_bag_on_the_tray.png,recap.png,50,22,463,465,-7.032967032967033,-100.87912087912088,83.64835164835165,71.2967032967033,-3.4725274725274726,0.3424657534246575,-4.7482757568359375,-55.87194061279297,50.933929443359375,64.14081573486328,-8.091885566711426,0.5482205748558044
075_bag,put the bag on the tray,19,1,415,16.758,1788428097.6865041,00017_front_put_the_bag_on_the_tray.png,00017_wrist_put_the_bag_on_the_tray.png,recap.png,50,23,464,466,-7.032967032967033,-100.87912087912088,83.64835164835165,71.2967032967033,-3.4725274725274726,0.3424657534246575,-4.752054214477539,-54.991477966308594,50.648826599121094,64.23014831542969,-8.302801132202148,0.4409547448158264
075_bag,put the bag on the tray,20,1,440,17.695,1788428098.6232944,00018_front_put_the_bag_on_the_tray.png,00018_wrist_put_the_bag_on_the_tray.png,recap.png,50,0,465,467,-4.571428571428571,-102.02197802197803,89.27472527472527,76.21978021978022,-3.208791208791209,0.3424657534246575,-6.377927780151367,-101.5647201538086,88.76394653320312,71.8704833984375,-2.8868331909179688,0.029194779694080353
075_bag,put the bag on the tray,20,1,440,17.695,1788428098.6232944,00018_front_put_the_bag_on_the_tray.png,00018_wrist_put_the_bag_on_the_tray.png,recap.png,50,1,466,468,-4.571428571428571,-102.02197802197803,89.27472527472527,76.21978021978022,-3.208791208791209,0.3424657534246575,-6.284612655639648,-101.57288360595703,88.44790649414062,71.76200866699219,-2.9358396530151367,0.003964625298976898
075_bag,put the bag on the tray,20,1,440,17.695,1788428098.6232944,00018_front_put_the_bag_on_the_tray.png,00018_wrist_put_the_bag_on_the_tray.png,recap.png,50,2,467,469,-4.571428571428571,-102.02197802197803,89.27472527472527,76.21978021978022,-3.208791208791209,0.3424657534246575,-6.377641677856445,-101.64994049072266,88.72248840332031,71.74219512939453,-2.9570817947387695,0.13168415427207947
075_bag,put the bag on the tray,20,1,440,17.695,1788428098.6232944,00018_front_put_the_bag_on_the_tray.png,00018_wrist_put_the_bag_on_the_tray.png,recap.png,50,3,468,470,-4.571428571428571,-102.02197802197803,89.27472527472527,76.21978021978022,-3.208791208791209,0.3424657534246575,-6.445350646972656,-102.26289367675781,88.8360595703125,71.65274047851562,-3.0180091857910156,0.1392359882593155
075_bag,put the bag on the tray,20,1,440,17.695,1788428098.6232944,00018_front_put_the_bag_on_the_tray.png,00018_wrist_put_the_bag_on_the_tray.png,recap.png,50,4,469,471,-4.571428571428571,-102.02197802197803,89.27472527472527,76.21978021978022,-3.208791208791209,0.3424657534246575,-6.70075798034668,-101.5715560913086,88.07635498046875,71.46131896972656,-3.039008140563965,-0.02383802831172943
075_bag,put the bag on the tray,20,1,440,17.695,1788428098.6232944,00018_front_put_the_bag_on_the_tray.png,00018_wrist_put_the_bag_on_the_tray.png,recap.png,50,5,470,472,-4.571428571428571,-102.02197802197803,89.27472527472527,76.21978021978022,-3.208791208791209,0.3424657534246575,-6.9006500244140625,-101.82093811035156,87.66522216796875,71.34854125976562,-3.15225887298584,0.11211204528808594
075_bag,put the bag on the tray,20,1,440,17.695,1788428098.6232944,00018_front_put_the_bag_on_the_tray.png,00018_wrist_put_the_bag_on_the_tray.png,recap.png,50,6,471,473,-4.571428571428571,-102.02197802197803,89.27472527472527,76.21978021978022,-3.208791208791209,0.3424657534246575,-6.7813873291015625,-101.17176055908203,87.48005676269531,71.26518249511719,-3.117389678955078,0.08821594715118408
075_bag,put the bag on the tray,20,1,440,17.695,1788428098.6232944,00018_front_put_the_bag_on_the_tray.png,00018_wrist_put_the_bag_on_the_tray.png,recap.png,50,7,472,474,-4.571428571428571,-102.02197802197803,89.27472527472527,76.21978021978022,-3.208791208791209,0.3424657534246575,-6.960939407348633,-101.26869201660156,87.30459594726562,70.97181701660156,-3.2327051162719727,0.06812657415866852
075_bag,put the bag on the tray,20,1,440,17.695,1788428098.6232944,00018_front_put_the_bag_on_the_tray.png,00018_wrist_put_the_bag_on_the_tray.png,recap.png,50,8,473,475,-4.571428571428571,-102.02197802197803,89.27472527472527,76.21978021978022,-3.208791208791209,0.3424657534246575,-6.854175567626953,-101.31655883789062,87.2159423828125,70.74262237548828,-3.333538055419922,0.08188344538211823
075_bag,put the bag on the tray,20,1,440,17.695,1788428098.6232944,00018_front_put_the_bag_on_the_tray.png,00018_wrist_put_the_bag_on_the_tray.png,recap.png,50,9,474,476,-4.571428571428571,-102.02197802197803,89.27472527472527,76.21978021978022,-3.208791208791209,0.3424657534246575,-7.151004791259766,-101.54773712158203,86.75492858886719,70.18355560302734,-3.2480669021606445,0.1697322428226471
075_bag,put the bag on the tray,20,1,440,17.695,1788428098.6232944,00018_front_put_the_bag_on_the_tray.png,00018_wrist_put_the_bag_on_the_tray.png,recap.png,50,10,475,477,-4.571428571428571,-102.02197802197803,89.27472527472527,76.21978021978022,-3.208791208791209,0.3424657534246575,-7.07049560546875,-100.70227813720703,86.476318359375,69.85572814941406,-3.3111190795898438,0.055102571845054626
075_bag,put the bag on the tray,20,1,440,17.695,1788428098.6232944,00018_front_put_the_bag_on_the_tray.png,00018_wrist_put_the_bag_on_the_tray.png,recap.png,50,11,476,478,-4.571428571428571,-102.02197802197803,89.27472527472527,76.21978021978022,-3.208791208791209,0.3424657534246575,-7.256589889526367,-100.74815368652344,86.17430114746094,69.66067504882812,-3.407383918762207,0.1128353625535965
075_bag,put the bag on the tray,20,1,440,17.695,1788428098.6232944,00018_front_put_the_bag_on_the_tray.png,00018_wrist_put_the_bag_on_the_tray.png,recap.png,50,12,477,479,-4.571428571428571,-102.02197802197803,89.27472527472527,76.21978021978022,-3.208791208791209,0.3424657534246575,-7.336084365844727,-100.3563461303711,86.34527587890625,69.07843780517578,-3.4334259033203125,0.17485815286636353
075_bag,put the bag on the tray,20,1,440,17.695,1788428098.6232944,00018_front_put_the_bag_on_the_tray.png,00018_wrist_put_the_bag_on_the_tray.png,recap.png,50,13,478,480,-4.571428571428571,-102.02197802197803,89.27472527472527,76.21978021978022,-3.208791208791209,0.3424657534246575,-7.505744934082031,-100.27826690673828,85.28474426269531,68.59062194824219,-3.5145015716552734,0.25016728043556213
075_bag,put the bag on the tray,20,1,440,17.695,1788428098.6232944,00018_front_put_the_bag_on_the_tray.png,00018_wrist_put_the_bag_on_the_tray.png,recap.png,50,14,479,481,-4.571428571428571,-102.02197802197803,89.27472527472527,76.21978021978022,-3.208791208791209,0.3424657534246575,-7.470394134521484,-100.48622131347656,85.12699890136719,68.09593963623047,-3.7036123275756836,0.19585779309272766
075_bag,put the bag on the tray,20,1,440,17.695,1788428098.6232944,00018_front_put_the_bag_on_the_tray.png,00018_wrist_put_the_bag_on_the_tray.png,recap.png,50,15,480,482,-4.571428571428571,-102.02197802197803,89.27472527472527,76.21978021978022,-3.208791208791209,0.3424657534246575,-7.489532470703125,-98.93070983886719,84.40463256835938,67.552490234375,-3.88846492767334,0.2555077373981476
075_bag,put the bag on the tray,20,1,440,17.695,1788428098.6232944,00018_front_put_the_bag_on_the_tray.png,00018_wrist_put_the_bag_on_the_tray.png,recap.png,50,16,481,483,-4.571428571428571,-102.02197802197803,89.27472527472527,76.21978021978022,-3.208791208791209,0.3424657534246575,-7.532432556152344,-97.9629135131836,83.69747924804688,66.894287109375,-4.131924152374268,0.14240755140781403
075_bag,put the bag on the tray,20,1,440,17.695,1788428098.6232944,00018_front_put_the_bag_on_the_tray.png,00018_wrist_put_the_bag_on_the_tray.png,recap.png,50,17,482,484,-4.571428571428571,-102.02197802197803,89.27472527472527,76.21978021978022,-3.208791208791209,0.3424657534246575,-7.151119232177734,-97.1619644165039,83.30239868164062,66.40933990478516,-4.360381603240967,0.29877519607543945
075_bag,put the bag on the tray,20,1,440,17.695,1788428098.6232944,00018_front_put_the_bag_on_the_tray.png,00018_wrist_put_the_bag_on_the_tray.png,recap.png,50,18,483,485,-4.571428571428571,-102.02197802197803,89.27472527472527,76.21978021978022,-3.208791208791209,0.3424657534246575,-7.1298980712890625,-95.7913589477539,82.43455505371094,65.75907135009766,-4.435086250305176,0.2971968650817871
075_bag,put the bag on the tray,20,1,440,17.695,1788428098.6232944,00018_front_put_the_bag_on_the_tray.png,00018_wrist_put_the_bag_on_the_tray.png,recap.png,50,19,484,486,-4.571428571428571,-102.02197802197803,89.27472527472527,76.21978021978022,-3.208791208791209,0.3424657534246575,-7.449888229370117,-94.65856170654297,81.13626098632812,65.23770141601562,-4.633028030395508,0.44416773319244385
075_bag,put the bag on the tray,20,1,440,17.695,1788428098.6232944,00018_front_put_the_bag_on_the_tray.png,00018_wrist_put_the_bag_on_the_tray.png,recap.png,50,20,485,487,-4.571428571428571,-102.02197802197803,89.27472527472527,76.21978021978022,-3.208791208791209,0.3424657534246575,-7.3031005859375,-92.44599914550781,80.00631713867188,64.89356994628906,-4.841456413269043,0.5262405872344971
075_bag,put the bag on the tray,20,1,440,17.695,1788428098.6232944,00018_front_put_the_bag_on_the_tray.png,00018_wrist_put_the_bag_on_the_tray.png,recap.png,50,21,486,488,-4.571428571428571,-102.02197802197803,89.27472527472527,76.21978021978022,-3.208791208791209,0.3424657534246575,-7.196529388427734,-90.8350601196289,78.80564880371094,64.41851043701172,-4.914956569671631,0.48973366618156433
075_bag,put the bag on the tray,20,1,440,17.695,1788428098.6232944,00018_front_put_the_bag_on_the_tray.png,00018_wrist_put_the_bag_on_the_tray.png,recap.png,50,22,487,489,-4.571428571428571,-102.02197802197803,89.27472527472527,76.21978021978022,-3.208791208791209,0.3424657534246575,-7.088634490966797,-89.91289520263672,77.77622985839844,64.23290252685547,-5.0403032302856445,0.43067002296447754
075_bag,put the bag on the tray,20,1,440,17.695,1788428098.6232944,00018_front_put_the_bag_on_the_tray.png,00018_wrist_put_the_bag_on_the_tray.png,recap.png,50,23,488,490,-4.571428571428571,-102.02197802197803,89.27472527472527,76.21978021978022,-3.208791208791209,0.3424657534246575,-7.146350860595703,-88.47512817382812,77.46553039550781,64.15705108642578,-5.060140609741211,0.4021833539009094
075_bag,put the bag on the tray,20,1,440,17.695,1788428098.6232944,00018_front_put_the_bag_on_the_tray.png,00018_wrist_put_the_bag_on_the_tray.png,recap.png,50,24,489,491,-4.571428571428571,-102.02197802197803,89.27472527472527,76.21978021978022,-3.208791208791209,0.3424657534246575,-7.147062301635742,-87.87334442138672,75.66041564941406,63.959808349609375,-5.048487186431885,0.5239920616149902
075_bag,put the bag on the tray,21,1,464,18.636,1788428099.563011,00019_front_put_the_bag_on_the_tray.png,00019_wrist_put_the_bag_on_the_tray.png,recap.png,50,0,490,492,-5.274725274725275,-59.032967032967036,55.604395604395606,65.67032967032966,-7.34065934065934,0.3424657534246575,-5.552341461181641,-99.17464447021484,85.8765869140625,68.26256561279297,-2.775242805480957,0.49539703130722046
075_bag,put the bag on the tray,21,1,464,18.636,1788428099.563011,00019_front_put_the_bag_on_the_tray.png,00019_wrist_put_the_bag_on_the_tray.png,recap.png,50,1,491,493,-5.274725274725275,-59.032967032967036,55.604395604395606,65.67032967032966,-7.34065934065934,0.3424657534246575,-4.918745040893555,-100.03340148925781,86.33657836914062,69.19888305664062,-2.856656074523926,0.2081998884677887
075_bag,put the bag on the tray,21,1,464,18.636,1788428099.563011,00019_front_put_the_bag_on_the_tray.png,00019_wrist_put_the_bag_on_the_tray.png,recap.png,50,2,492,494,-5.274725274725275,-59.032967032967036,55.604395604395606,65.67032967032966,-7.34065934065934,0.3424657534246575,-5.150615692138672,-99.20085144042969,86.35043334960938,71.12531280517578,-3.1212940216064453,0.21716968715190887
075_bag,put the bag on the tray,21,1,464,18.636,1788428099.563011,00019_front_put_the_bag_on_the_tray.png,00019_wrist_put_the_bag_on_the_tray.png,recap.png,50,3,493,495,-5.274725274725275,-59.032967032967036,55.604395604395606,65.67032967032966,-7.34065934065934,0.3424657534246575,-5.312211990356445,-98.64485931396484,85.78132629394531,72.76051330566406,-2.9756240844726562,0.41879525780677795
075_bag,put the bag on the tray,21,1,464,18.636,1788428099.563011,00019_front_put_the_bag_on_the_tray.png,00019_wrist_put_the_bag_on_the_tray.png,recap.png,50,4,494,496,-5.274725274725275,-59.032967032967036,55.604395604395606,65.67032967032966,-7.34065934065934,0.3424657534246575,-4.796232223510742,-100.15495300292969,85.19477844238281,74.52162170410156,-2.940401077270508,0.1814275085926056
075_bag,put the bag on the tray,21,1,464,18.636,1788428099.563011,00019_front_put_the_bag_on_the_tray.png,00019_wrist_put_the_bag_on_the_tray.png,recap.png,50,5,495,497,-5.274725274725275,-59.032967032967036,55.604395604395606,65.67032967032966,-7.34065934065934,0.3424657534246575,-5.147911071777344,-99.77589416503906,84.40841674804688,75.86654663085938,-2.8912792205810547,0.17578327655792236
075_bag,put the bag on the tray,21,1,464,18.636,1788428099.563011,00019_front_put_the_bag_on_the_tray.png,00019_wrist_put_the_bag_on_the_tray.png,recap.png,50,6,496,498,-5.274725274725275,-59.032967032967036,55.604395604395606,65.67032967032966,-7.34065934065934,0.3424657534246575,-5.145267486572266,-100.20367431640625,85.6090087890625,76.97257232666016,-3.1539506912231445,0.30605196952819824
075_bag,put the bag on the tray,21,1,464,18.636,1788428099.563011,00019_front_put_the_bag_on_the_tray.png,00019_wrist_put_the_bag_on_the_tray.png,recap.png,50,7,497,499,-5.274725274725275,-59.032967032967036,55.604395604395606,65.67032967032966,-7.34065934065934,0.3424657534246575,-5.269931793212891,-99.35399627685547,85.67926025390625,77.84392547607422,-3.03476619720459,0.17444178462028503
075_bag,put the bag on the tray,21,1,464,18.636,1788428099.563011,00019_front_put_the_bag_on_the_tray.png,00019_wrist_put_the_bag_on_the_tray.png,recap.png,50,8,498,500,-5.274725274725275,-59.032967032967036,55.604395604395606,65.67032967032966,-7.34065934065934,0.3424657534246575,-5.254844665527344,-100.52552795410156,84.80424499511719,78.44544982910156,-3.1148672103881836,0.42954307794570923
075_bag,put the bag on the tray,21,1,464,18.636,1788428099.563011,00019_front_put_the_bag_on_the_tray.png,00019_wrist_put_the_bag_on_the_tray.png,recap.png,50,9,499,501,-5.274725274725275,-59.032967032967036,55.604395604395606,65.67032967032966,-7.34065934065934,0.3424657534246575,-5.02269172668457,-100.89649200439453,85.79664611816406,78.8030776977539,-3.3332786560058594,0.321047306060791
075_bag,put the bag on the tray,21,1,464,18.636,1788428099.563011,00019_front_put_the_bag_on_the_tray.png,00019_wrist_put_the_bag_on_the_tray.png,recap.png,50,10,500,502,-5.274725274725275,-59.032967032967036,55.604395604395606,65.67032967032966,-7.34065934065934,0.3424657534246575,-5.0294647216796875,-100.83708190917969,85.81114196777344,79.03116607666016,-3.1062631607055664,0.23772534728050232
075_bag,put the bag on the tray,21,1,464,18.636,1788428099.563011,00019_front_put_the_bag_on_the_tray.png,00019_wrist_put_the_bag_on_the_tray.png,recap.png,50,11,501,503,-5.274725274725275,-59.032967032967036,55.604395604395606,65.67032967032966,-7.34065934065934,0.3424657534246575,-5.336931228637695,-100.89341735839844,84.37567138671875,78.73921966552734,-3.10195255279541,-0.06614319980144501
075_bag,put the bag on the tray,21,1,464,18.636,1788428099.563011,00019_front_put_the_bag_on_the_tray.png,00019_wrist_put_the_bag_on_the_tray.png,recap.png,50,12,502,504,-5.274725274725275,-59.032967032967036,55.604395604395606,65.67032967032966,-7.34065934065934,0.3424657534246575,-5.697526931762695,-100.24656677246094,85.88973999023438,78.54178619384766,-3.110529899597168,0.1014736145734787
075_bag,put the bag on the tray,21,1,464,18.636,1788428099.563011,00019_front_put_the_bag_on_the_tray.png,00019_wrist_put_the_bag_on_the_tray.png,recap.png,50,13,503,505,-5.274725274725275,-59.032967032967036,55.604395604395606,65.67032967032966,-7.34065934065934,0.3424657534246575,-5.461664199829102,-100.8292236328125,85.75276184082031,78.96310424804688,-3.1217756271362305,0.170622318983078
075_bag,put the bag on the tray,21,1,464,18.636,1788428099.563011,00019_front_put_the_bag_on_the_tray.png,00019_wrist_put_the_bag_on_the_tray.png,recap.png,50,14,504,506,-5.274725274725275,-59.032967032967036,55.604395604395606,65.67032967032966,-7.34065934065934,0.3424657534246575,-5.614240646362305,-99.89700317382812,86.15757751464844,78.7613525390625,-3.0889968872070312,0.22800354659557343
075_bag,put the bag on the tray,21,1,464,18.636,1788428099.563011,00019_front_put_the_bag_on_the_tray.png,00019_wrist_put_the_bag_on_the_tray.png,recap.png,50,15,505,507,-5.274725274725275,-59.032967032967036,55.604395604395606,65.67032967032966,-7.34065934065934,0.3424657534246575,-5.295307159423828,-100.4931640625,85.25729370117188,78.9583511352539,-3.108610153198242,0.2590786814689636
075_bag,put the bag on the tray,21,1,464,18.636,1788428099.563011,00019_front_put_the_bag_on_the_tray.png,00019_wrist_put_the_bag_on_the_tray.png,recap.png,50,16,506,508,-5.274725274725275,-59.032967032967036,55.604395604395606,65.67032967032966,-7.34065934065934,0.3424657534246575,-5.00474739074707,-100.69001770019531,86.21519470214844,78.9334945678711,-3.069293975830078,0.24246887862682343
075_bag,put the bag on the tray,21,1,464,18.636,1788428099.563011,00019_front_put_the_bag_on_the_tray.png,00019_wrist_put_the_bag_on_the_tray.png,recap.png,50,17,507,509,-5.274725274725275,-59.032967032967036,55.604395604395606,65.67032967032966,-7.34065934065934,0.3424657534246575,-4.674257278442383,-100.33297729492188,85.73910522460938,78.98844909667969,-3.1293716430664062,-0.029023408889770508
075_bag,put the bag on the tray,21,1,464,18.636,1788428099.563011,00019_front_put_the_bag_on_the_tray.png,00019_wrist_put_the_bag_on_the_tray.png,recap.png,50,18,508,510,-5.274725274725275,-59.032967032967036,55.604395604395606,65.67032967032966,-7.34065934065934,0.3424657534246575,-4.647470474243164,-99.54712677001953,86.30709838867188,78.80560302734375,-2.981612205505371,-0.020762071013450623
075_bag,put the bag on the tray,21,1,464,18.636,1788428099.563011,00019_front_put_the_bag_on_the_tray.png,00019_wrist_put_the_bag_on_the_tray.png,recap.png,50,19,509,511,-5.274725274725275,-59.032967032967036,55.604395604395606,65.67032967032966,-7.34065934065934,0.3424657534246575,-4.637151718139648,-99.99626159667969,85.70458984375,79.19805908203125,-3.1036529541015625,-0.08066694438457489
075_bag,put the bag on the tray,21,1,464,18.636,1788428099.563011,00019_front_put_the_bag_on_the_tray.png,00019_wrist_put_the_bag_on_the_tray.png,recap.png,50,20,510,512,-5.274725274725275,-59.032967032967036,55.604395604395606,65.67032967032966,-7.34065934065934,0.3424657534246575,-4.380962371826172,-99.8957748413086,85.90223693847656,79.02311706542969,-3.0532989501953125,0.14673790335655212
075_bag,put the bag on the tray,21,1,464,18.636,1788428099.563011,00019_front_put_the_bag_on_the_tray.png,00019_wrist_put_the_bag_on_the_tray.png,recap.png,50,21,511,513,-5.274725274725275,-59.032967032967036,55.604395604395606,65.67032967032966,-7.34065934065934,0.3424657534246575,-3.89959716796875,-99.9687271118164,86.08839416503906,79.23342895507812,-3.2230405807495117,0.12134631723165512
075_bag,put the bag on the tray,21,1,464,18.636,1788428099.563011,00019_front_put_the_bag_on_the_tray.png,00019_wrist_put_the_bag_on_the_tray.png,recap.png,50,22,512,514,-5.274725274725275,-59.032967032967036,55.604395604395606,65.67032967032966,-7.34065934065934,0.3424657534246575,-4.13054084777832,-99.75365447998047,86.267822265625,78.91781616210938,-3.0459957122802734,-0.029465273022651672
075_bag,put the bag on the tray,21,1,464,18.636,1788428099.563011,00019_front_put_the_bag_on_the_tray.png,00019_wrist_put_the_bag_on_the_tray.png,recap.png,50,23,513,515,-5.274725274725275,-59.032967032967036,55.604395604395606,65.67032967032966,-7.34065934065934,0.3424657534246575,-3.528545379638672,-100.11499786376953,85.21566772460938,79.05256652832031,-3.158064842224121,0.0421677902340889
075_bag,put the bag on the tray,22,1,489,19.606,1788428100.5331426,00020_front_put_the_bag_on_the_tray.png,00020_wrist_put_the_bag_on_the_tray.png,recap.png,50,0,514,516,-7.208791208791209,-91.38461538461539,81.01098901098901,65.58241758241758,-4.43956043956044,0.3424657534246575,-5.138675689697266,-62.399471282958984,59.10291290283203,62.563148498535156,-4.709942817687988,0.2097601741552353
075_bag,put the bag on the tray,22,1,489,19.606,1788428100.5331426,00020_front_put_the_bag_on_the_tray.png,00020_wrist_put_the_bag_on_the_tray.png,recap.png,50,1,515,517,-7.208791208791209,-91.38461538461539,81.01098901098901,65.58241758241758,-4.43956043956044,0.3424657534246575,-5.023168563842773,-61.03456497192383,58.00078582763672,62.759010314941406,-4.647485733032227,0.1471160352230072
075_bag,put the bag on the tray,22,1,489,19.606,1788428100.5331426,00020_front_put_the_bag_on_the_tray.png,00020_wrist_put_the_bag_on_the_tray.png,recap.png,50,2,516,518,-7.208791208791209,-91.38461538461539,81.01098901098901,65.58241758241758,-4.43956043956044,0.3424657534246575,-5.106895446777344,-60.0010986328125,56.715065002441406,63.2730712890625,-4.785678863525391,0.25616201758384705
075_bag,put the bag on the tray,22,1,489,19.606,1788428100.5331426,00020_front_put_the_bag_on_the_tray.png,00020_wrist_put_the_bag_on_the_tray.png,recap.png,50,3,517,519,-7.208791208791209,-91.38461538461539,81.01098901098901,65.58241758241758,-4.43956043956044,0.3424657534246575,-5.005138397216797,-58.89472198486328,55.47833251953125,63.41227340698242,-4.978808879852295,0.152942955493927
075_bag,put the bag on the tray,22,1,489,19.606,1788428100.5331426,00020_front_put_the_bag_on_the_tray.png,00020_wrist_put_the_bag_on_the_tray.png,recap.png,50,4,518,520,-7.208791208791209,-91.38461538461539,81.01098901098901,65.58241758241758,-4.43956043956044,0.3424657534246575,-5.307832717895508,-57.88529586791992,54.584083557128906,63.567115783691406,-5.212078094482422,0.32133299112319946
075_bag,put the bag on the tray,22,1,489,19.606,1788428100.5331426,00020_front_put_the_bag_on_the_tray.png,00020_wrist_put_the_bag_on_the_tray.png,recap.png,50,5,519,521,-7.208791208791209,-91.38461538461539,81.01098901098901,65.58241758241758,-4.43956043956044,0.3424657534246575,-5.096403121948242,-57.01750564575195,53.33868408203125,63.66565704345703,-5.352147579193115,0.14831838011741638
075_bag,put the bag on the tray,22,1,489,19.606,1788428100.5331426,00020_front_put_the_bag_on_the_tray.png,00020_wrist_put_the_bag_on_the_tray.png,recap.png,50,6,520,522,-7.208791208791209,-91.38461538461539,81.01098901098901,65.58241758241758,-4.43956043956044,0.3424657534246575,-5.218820571899414,-55.7740592956543,52.37757110595703,63.58896255493164,-5.610593795776367,0.14304377138614655
075_bag,put the bag on the tray,22,1,489,19.606,1788428100.5331426,00020_front_put_the_bag_on_the_tray.png,00020_wrist_put_the_bag_on_the_tray.png,recap.png,50,7,521,523,-7.208791208791209,-91.38461538461539,81.01098901098901,65.58241758241758,-4.43956043956044,0.3424657534246575,-5.036680221557617,-54.9080810546875,51.435523986816406,63.66759490966797,-6.086252689361572,0.26960664987564087
075_bag,put the bag on the tray,22,1,489,19.606,1788428100.5331426,00020_front_put_the_bag_on_the_tray.png,00020_wrist_put_the_bag_on_the_tray.png,recap.png,50,8,522,524,-7.208791208791209,-91.38461538461539,81.01098901098901,65.58241758241758,-4.43956043956044,0.3424657534246575,-5.322055816650391,-53.652976989746094,50.63459014892578,63.70305633544922,-6.108283996582031,0.22366787493228912
075_bag,put the bag on the tray,22,1,489,19.606,1788428100.5331426,00020_front_put_the_bag_on_the_tray.png,00020_wrist_put_the_bag_on_the_tray.png,recap.png,50,9,523,525,-7.208791208791209,-91.38461538461539,81.01098901098901,65.58241758241758,-4.43956043956044,0.3424657534246575,-5.159950256347656,-52.42887878417969,48.71925354003906,63.32875061035156,-6.616741180419922,0.30454903841018677
075_bag,put the bag on the tray,22,1,489,19.606,1788428100.5331426,00020_front_put_the_bag_on_the_tray.png,00020_wrist_put_the_bag_on_the_tray.png,recap.png,50,10,524,526,-7.208791208791209,-91.38461538461539,81.01098901098901,65.58241758241758,-4.43956043956044,0.3424657534246575,-5.464115142822266,-51.37147521972656,47.997467041015625,63.42129135131836,-6.928340435028076,0.11002174764871597
075_bag,put the bag on the tray,22,1,489,19.606,1788428100.5331426,00020_front_put_the_bag_on_the_tray.png,00020_wrist_put_the_bag_on_the_tray.png,recap.png,50,11,525,527,-7.208791208791209,-91.38461538461539,81.01098901098901,65.58241758241758,-4.43956043956044,0.3424657534246575,-5.083034515380859,-49.41145706176758,46.2012939453125,63.05571746826172,-7.368646144866943,0.21933963894844055
075_bag,put the bag on the tray,22,1,489,19.606,1788428100.5331426,00020_front_put_the_bag_on_the_tray.png,00020_wrist_put_the_bag_on_the_tray.png,recap.png,50,12,526,528,-7.208791208791209,-91.38461538461539,81.01098901098901,65.58241758241758,-4.43956043956044,0.3424657534246575,-5.8757476806640625,-48.4571647644043,44.99440002441406,63.17674255371094,-7.643772602081299,0.2610606253147125
075_bag,put the bag on the tray,22,1,489,19.606,1788428100.5331426,00020_front_put_the_bag_on_the_tray.png,00020_wrist_put_the_bag_on_the_tray.png,recap.png,50,13,527,529,-7.208791208791209,-91.38461538461539,81.01098901098901,65.58241758241758,-4.43956043956044,0.3424657534246575,-5.419345855712891,-48.135765075683594,44.76671600341797,63.31387710571289,-7.719184875488281,0.16237159073352814
075_bag,put the bag on the tray,22,1,489,19.606,1788428100.5331426,00020_front_put_the_bag_on_the_tray.png,00020_wrist_put_the_bag_on_the_tray.png,recap.png,50,14,528,530,-7.208791208791209,-91.38461538461539,81.01098901098901,65.58241758241758,-4.43956043956044,0.3424657534246575,-5.594657897949219,-47.22782897949219,43.840904235839844,63.38677215576172,-7.797947406768799,0.2775174677371979
075_bag,put the bag on the tray,22,1,489,19.606,1788428100.5331426,00020_front_put_the_bag_on_the_tray.png,00020_wrist_put_the_bag_on_the_tray.png,recap.png,50,15,529,531,-7.208791208791209,-91.38461538461539,81.01098901098901,65.58241758241758,-4.43956043956044,0.3424657534246575,-5.4152984619140625,-46.350284576416016,42.442237854003906,63.06267547607422,-8.048250198364258,0.21715056896209717
075_bag,put the bag on the tray,22,1,489,19.606,1788428100.5331426,00020_front_put_the_bag_on_the_tray.png,00020_wrist_put_the_bag_on_the_tray.png,recap.png,50,16,530,532,-7.208791208791209,-91.38461538461539,81.01098901098901,65.58241758241758,-4.43956043956044,0.3424657534246575,-5.688640594482422,-44.811283111572266,41.61444854736328,62.77011489868164,-8.064508438110352,0.23107632994651794
075_bag,put the bag on the tray,22,1,489,19.606,1788428100.5331426,00020_front_put_the_bag_on_the_tray.png,00020_wrist_put_the_bag_on_the_tray.png,recap.png,50,17,531,533,-7.208791208791209,-91.38461538461539,81.01098901098901,65.58241758241758,-4.43956043956044,0.3424657534246575,-5.541269302368164,-43.47451400756836,40.67594909667969,62.712608337402344,-8.339496612548828,0.28722333908081055
075_bag,put the bag on the tray,22,1,489,19.606,1788428100.5331426,00020_front_put_the_bag_on_the_tray.png,00020_wrist_put_the_bag_on_the_tray.png,recap.png,50,18,532,534,-7.208791208791209,-91.38461538461539,81.01098901098901,65.58241758241758,-4.43956043956044,0.3424657534246575,-6.102705001831055,-41.803646087646484,39.33642578125,62.42094421386719,-8.543557167053223,0.1703270524740219
075_bag,put the bag on the tray,22,1,489,19.606,1788428100.5331426,00020_front_put_the_bag_on_the_tray.png,00020_wrist_put_the_bag_on_the_tray.png,recap.png,50,19,533,535,-7.208791208791209,-91.38461538461539,81.01098901098901,65.58241758241758,-4.43956043956044,0.3424657534246575,-5.53434944152832,-41.34404754638672,38.595367431640625,62.854820251464844,-8.680673599243164,0.35717183351516724
075_bag,put the bag on the tray,22,1,489,19.606,1788428100.5331426,00020_front_put_the_bag_on_the_tray.png,00020_wrist_put_the_bag_on_the_tray.png,recap.png,50,20,534,536,-7.208791208791209,-91.38461538461539,81.01098901098901,65.58241758241758,-4.43956043956044,0.3424657534246575,-5.792793273925781,-39.77547836303711,36.89397430419922,62.749263763427734,-8.674400329589844,0.23642103374004364
075_bag,put the bag on the tray,22,1,489,19.606,1788428100.5331426,00020_front_put_the_bag_on_the_tray.png,00020_wrist_put_the_bag_on_the_tray.png,recap.png,50,21,535,537,-7.208791208791209,-91.38461538461539,81.01098901098901,65.58241758241758,-4.43956043956044,0.3424657534246575,-5.918375015258789,-37.95757293701172,36.083290100097656,62.61846160888672,-8.462349891662598,0.26184552907943726
075_bag,put the bag on the tray,22,1,489,19.606,1788428100.5331426,00020_front_put_the_bag_on_the_tray.png,00020_wrist_put_the_bag_on_the_tray.png,recap.png,50,22,536,538,-7.208791208791209,-91.38461538461539,81.01098901098901,65.58241758241758,-4.43956043956044,0.3424657534246575,-5.732379913330078,-37.47553253173828,35.03003692626953,62.821556091308594,-8.62002182006836,0.2576097249984741
075_bag,put the bag on the tray,22,1,489,19.606,1788428100.5331426,00020_front_put_the_bag_on_the_tray.png,00020_wrist_put_the_bag_on_the_tray.png,recap.png,50,23,537,539,-7.208791208791209,-91.38461538461539,81.01098901098901,65.58241758241758,-4.43956043956044,0.3424657534246575,-5.835302352905273,-36.67064666748047,34.49909973144531,62.93777847290039,-8.454257011413574,0.16962391138076782
075_bag,put the bag on the tray,22,1,489,19.606,1788428100.5331426,00020_front_put_the_bag_on_the_tray.png,00020_wrist_put_the_bag_on_the_tray.png,recap.png,50,24,538,540,-7.208791208791209,-91.38461538461539,81.01098901098901,65.58241758241758,-4.43956043956044,0.3424657534246575,-5.891946792602539,-35.4840087890625,33.19007110595703,62.90386199951172,-8.483856201171875,0.15353456139564514
075_bag,put the bag on the tray,23,1,513,20.508,1788428101.436034,00021_front_put_the_bag_on_the_tray.png,00021_wrist_put_the_bag_on_the_tray.png,recap.png,50,0,539,541,-4.571428571428571,-100.52747252747253,86.02197802197803,77.0989010989011,-3.4725274725274726,0.3424657534246575,-5.225208282470703,-101.99038696289062,88.40000915527344,72.4602279663086,-3.3305206298828125,-0.04471126198768616
075_bag,put the bag on the tray,23,1,513,20.508,1788428101.436034,00021_front_put_the_bag_on_the_tray.png,00021_wrist_put_the_bag_on_the_tray.png,recap.png,50,1,540,542,-4.571428571428571,-100.52747252747253,86.02197802197803,77.0989010989011,-3.4725274725274726,0.3424657534246575,-5.449060440063477,-101.53600311279297,88.55924987792969,71.106689453125,-3.599119186401367,-0.07834084331989288
075_bag,put the bag on the tray,23,1,513,20.508,1788428101.436034,00021_front_put_the_bag_on_the_tray.png,00021_wrist_put_the_bag_on_the_tray.png,recap.png,50,2,541,543,-4.571428571428571,-100.52747252747253,86.02197802197803,77.0989010989011,-3.4725274725274726,0.3424657534246575,-5.61650276184082,-101.36527252197266,87.95053100585938,70.31458282470703,-3.7244653701782227,0.05255343019962311
075_bag,put the bag on the tray,23,1,513,20.508,1788428101.436034,00021_front_put_the_bag_on_the_tray.png,00021_wrist_put_the_bag_on_the_tray.png,recap.png,50,3,542,544,-4.571428571428571,-100.52747252747253,86.02197802197803,77.0989010989011,-3.4725274725274726,0.3424657534246575,-5.810171127319336,-101.92118072509766,88.51150512695312,69.95367431640625,-4.058841705322266,0.11822573840618134
075_bag,put the bag on the tray,23,1,513,20.508,1788428101.436034,00021_front_put_the_bag_on_the_tray.png,00021_wrist_put_the_bag_on_the_tray.png,recap.png,50,4,543,545,-4.571428571428571,-100.52747252747253,86.02197802197803,77.0989010989011,-3.4725274725274726,0.3424657534246575,-5.7703399658203125,-101.76434326171875,88.38105773925781,69.4247055053711,-4.322845935821533,-0.10296982526779175
075_bag,put the bag on the tray,23,1,513,20.508,1788428101.436034,00021_front_put_the_bag_on_the_tray.png,00021_wrist_put_the_bag_on_the_tray.png,recap.png,50,5,544,546,-4.571428571428571,-100.52747252747253,86.02197802197803,77.0989010989011,-3.4725274725274726,0.3424657534246575,-5.777721405029297,-101.74706268310547,88.24943542480469,69.74427795410156,-4.64804744720459,-0.013968594372272491
075_bag,put the bag on the tray,23,1,513,20.508,1788428101.436034,00021_front_put_the_bag_on_the_tray.png,00021_wrist_put_the_bag_on_the_tray.png,recap.png,50,6,545,547,-4.571428571428571,-100.52747252747253,86.02197802197803,77.0989010989011,-3.4725274725274726,0.3424657534246575,-6.014873504638672,-101.61719512939453,87.82771301269531,69.55860900878906,-4.22880220413208,0.15802212059497833
075_bag,put the bag on the tray,23,1,513,20.508,1788428101.436034,00021_front_put_the_bag_on_the_tray.png,00021_wrist_put_the_bag_on_the_tray.png,recap.png,50,7,546,548,-4.571428571428571,-100.52747252747253,86.02197802197803,77.0989010989011,-3.4725274725274726,0.3424657534246575,-5.864236831665039,-102.04112243652344,88.16580200195312,69.57492065429688,-4.178622722625732,0.07365821301937103
075_bag,put the bag on the tray,23,1,513,20.508,1788428101.436034,00021_front_put_the_bag_on_the_tray.png,00021_wrist_put_the_bag_on_the_tray.png,recap.png,50,8,547,549,-4.571428571428571,-100.52747252747253,86.02197802197803,77.0989010989011,-3.4725274725274726,0.3424657534246575,-5.827375411987305,-102.28033447265625,88.55810546875,69.70520782470703,-4.026071548461914,-0.05776289105415344
075_bag,put the bag on the tray,23,1,513,20.508,1788428101.436034,00021_front_put_the_bag_on_the_tray.png,00021_wrist_put_the_bag_on_the_tray.png,recap.png,50,9,548,550,-4.571428571428571,-100.52747252747253,86.02197802197803,77.0989010989011,-3.4725274725274726,0.3424657534246575,-6.136257171630859,-101.64282989501953,88.22749328613281,69.46308135986328,-3.8644046783447266,0.03773015737533569
075_bag,put the bag on the tray,23,1,513,20.508,1788428101.436034,00021_front_put_the_bag_on_the_tray.png,00021_wrist_put_the_bag_on_the_tray.png,recap.png,50,10,549,551,-4.571428571428571,-100.52747252747253,86.02197802197803,77.0989010989011,-3.4725274725274726,0.3424657534246575,-6.018476486206055,-102.80699157714844,88.93293762207031,69.23957061767578,-3.9226856231689453,-0.019370660185813904
075_bag,put the bag on the tray,23,1,513,20.508,1788428101.436034,00021_front_put_the_bag_on_the_tray.png,00021_wrist_put_the_bag_on_the_tray.png,recap.png,50,11,550,552,-4.571428571428571,-100.52747252747253,86.02197802197803,77.0989010989011,-3.4725274725274726,0.3424657534246575,-5.708841323852539,-102.06927490234375,88.06492614746094,69.31689453125,-3.906919479370117,0.00011329352855682373
075_bag,put the bag on the tray,23,1,513,20.508,1788428101.436034,00021_front_put_the_bag_on_the_tray.png,00021_wrist_put_the_bag_on_the_tray.png,recap.png,50,12,551,553,-4.571428571428571,-100.52747252747253,86.02197802197803,77.0989010989011,-3.4725274725274726,0.3424657534246575,-6.024843215942383,-102.16510009765625,88.85888671875,69.2523193359375,-3.8644351959228516,0.07877136766910553
075_bag,put the bag on the tray,23,1,513,20.508,1788428101.436034,00021_front_put_the_bag_on_the_tray.png,00021_wrist_put_the_bag_on_the_tray.png,recap.png,50,13,552,554,-4.571428571428571,-100.52747252747253,86.02197802197803,77.0989010989011,-3.4725274725274726,0.3424657534246575,-5.91741943359375,-102.55023956298828,88.12957763671875,69.21576690673828,-3.808126449584961,0.09759891778230667
075_bag,put the bag on the tray,23,1,513,20.508,1788428101.436034,00021_front_put_the_bag_on_the_tray.png,00021_wrist_put_the_bag_on_the_tray.png,recap.png,50,14,553,555,-4.571428571428571,-100.52747252747253,86.02197802197803,77.0989010989011,-3.4725274725274726,0.3424657534246575,-5.700468063354492,-101.82027435302734,88.3289794921875,69.3617935180664,-3.8058061599731445,0.12422578781843185
075_bag,put the bag on the tray,23,1,513,20.508,1788428101.436034,00021_front_put_the_bag_on_the_tray.png,00021_wrist_put_the_bag_on_the_tray.png,recap.png,50,15,554,556,-4.571428571428571,-100.52747252747253,86.02197802197803,77.0989010989011,-3.4725274725274726,0.3424657534246575,-5.845058441162109,-101.98961639404297,88.22932434082031,69.48827362060547,-3.8380002975463867,0.10610031336545944
075_bag,put the bag on the tray,23,1,513,20.508,1788428101.436034,00021_front_put_the_bag_on_the_tray.png,00021_wrist_put_the_bag_on_the_tray.png,recap.png,50,16,555,557,-4.571428571428571,-100.52747252747253,86.02197802197803,77.0989010989011,-3.4725274725274726,0.3424657534246575,-5.514265060424805,-102.82833099365234,88.26820373535156,69.68330383300781,-3.824761390686035,0.18276050686836243
075_bag,put the bag on the tray,23,1,513,20.508,1788428101.436034,00021_front_put_the_bag_on_the_tray.png,00021_wrist_put_the_bag_on_the_tray.png,recap.png,50,17,556,558,-4.571428571428571,-100.52747252747253,86.02197802197803,77.0989010989011,-3.4725274725274726,0.3424657534246575,-5.731269836425781,-102.7951431274414,88.25234985351562,69.59443664550781,-3.842437744140625,0.025606855750083923
075_bag,put the bag on the tray,23,1,513,20.508,1788428101.436034,00021_front_put_the_bag_on_the_tray.png,00021_wrist_put_the_bag_on_the_tray.png,recap.png,50,18,557,559,-4.571428571428571,-100.52747252747253,86.02197802197803,77.0989010989011,-3.4725274725274726,0.3424657534246575,-5.6898345947265625,-102.22749328613281,87.99665832519531,70.01049041748047,-3.9011049270629883,0.12297989428043365
075_bag,put the bag on the tray,23,1,513,20.508,1788428101.436034,00021_front_put_the_bag_on_the_tray.png,00021_wrist_put_the_bag_on_the_tray.png,recap.png,50,19,558,560,-4.571428571428571,-100.52747252747253,86.02197802197803,77.0989010989011,-3.4725274725274726,0.3424657534246575,-5.734262466430664,-102.01184844970703,88.26309204101562,70.1682357788086,-3.9012136459350586,0.09114958345890045
075_bag,put the bag on the tray,23,1,513,20.508,1788428101.436034,00021_front_put_the_bag_on_the_tray.png,00021_wrist_put_the_bag_on_the_tray.png,recap.png,50,20,559,561,-4.571428571428571,-100.52747252747253,86.02197802197803,77.0989010989011,-3.4725274725274726,0.3424657534246575,-5.491704940795898,-102.05289459228516,88.34892272949219,70.1406478881836,-3.896498680114746,0.18830594420433044
075_bag,put the bag on the tray,23,1,513,20.508,1788428101.436034,00021_front_put_the_bag_on_the_tray.png,00021_wrist_put_the_bag_on_the_tray.png,recap.png,50,21,560,562,-4.571428571428571,-100.52747252747253,86.02197802197803,77.0989010989011,-3.4725274725274726,0.3424657534246575,-5.6402130126953125,-102.3329086303711,87.895263671875,70.36197662353516,-3.871662139892578,0.13875378668308258
075_bag,put the bag on the tray,23,1,513,20.508,1788428101.436034,00021_front_put_the_bag_on_the_tray.png,00021_wrist_put_the_bag_on_the_tray.png,recap.png,50,22,561,563,-4.571428571428571,-100.52747252747253,86.02197802197803,77.0989010989011,-3.4725274725274726,0.3424657534246575,-5.70042610168457,-101.53797912597656,87.59689331054688,70.32731628417969,-3.9324703216552734,0.06784616410732269
075_bag,put the bag on the tray,23,1,513,20.508,1788428101.436034,00021_front_put_the_bag_on_the_tray.png,00021_wrist_put_the_bag_on_the_tray.png,recap.png,50,23,562,564,-4.571428571428571,-100.52747252747253,86.02197802197803,77.0989010989011,-3.4725274725274726,0.3424657534246575,-5.566295623779297,-101.9395980834961,87.67324829101562,70.63682556152344,-3.8374013900756836,0.08261208236217499
075_bag,put the bag on the tray,24,1,538,21.444,1788428102.3720415,00022_front_put_the_bag_on_the_tray.png,00022_wrist_put_the_bag_on_the_tray.png,recap.png,50,0,563,565,-5.626373626373627,-38.1978021978022,38.637362637362635,63.56043956043956,-8.131868131868131,0.3424657534246575,-7.528846740722656,-54.168724060058594,56.69776153564453,56.71089172363281,-6.147482872009277,-0.11600443720817566
075_bag,put the bag on the tray,24,1,538,21.444,1788428102.3720415,00022_front_put_the_bag_on_the_tray.png,00022_wrist_put_the_bag_on_the_tray.png,recap.png,50,1,564,566,-5.626373626373627,-38.1978021978022,38.637362637362635,63.56043956043956,-8.131868131868131,0.3424657534246575,-7.8827972412109375,-56.696311950683594,58.42488098144531,56.380008697509766,-6.185481548309326,0.17177368700504303
075_bag,put the bag on the tray,24,1,538,21.444,1788428102.3720415,00022_front_put_the_bag_on_the_tray.png,00022_wrist_put_the_bag_on_the_tray.png,recap.png,50,2,565,567,-5.626373626373627,-38.1978021978022,38.637362637362635,63.56043956043956,-8.131868131868131,0.3424657534246575,-7.834070205688477,-58.79856491088867,59.95093536376953,56.55845260620117,-6.165436267852783,0.04149651527404785
075_bag,put the bag on the tray,24,1,538,21.444,1788428102.3720415,00022_front_put_the_bag_on_the_tray.png,00022_wrist_put_the_bag_on_the_tray.png,recap.png,50,3,566,568,-5.626373626373627,-38.1978021978022,38.637362637362635,63.56043956043956,-8.131868131868131,0.3424657534246575,-8.021276473999023,-61.401084899902344,62.50218963623047,56.33907699584961,-6.186258316040039,0.2551179528236389
075_bag,put the bag on the tray,24,1,538,21.444,1788428102.3720415,00022_front_put_the_bag_on_the_tray.png,00022_wrist_put_the_bag_on_the_tray.png,recap.png,50,4,567,569,-5.626373626373627,-38.1978021978022,38.637362637362635,63.56043956043956,-8.131868131868131,0.3424657534246575,-8.078266143798828,-63.95195007324219,63.518768310546875,56.56266403198242,-6.0149030685424805,-0.08053523302078247
075_bag,put the bag on the tray,24,1,538,21.444,1788428102.3720415,00022_front_put_the_bag_on_the_tray.png,00022_wrist_put_the_bag_on_the_tray.png,recap.png,50,5,568,570,-5.626373626373627,-38.1978021978022,38.637362637362635,63.56043956043956,-8.131868131868131,0.3424657534246575,-8.190380096435547,-66.45379638671875,65.57423400878906,56.708377838134766,-6.171142101287842,0.010898299515247345
075_bag,put the bag on the tray,24,1,538,21.444,1788428102.3720415,00022_front_put_the_bag_on_the_tray.png,00022_wrist_put_the_bag_on_the_tray.png,recap.png,50,6,569,571,-5.626373626373627,-38.1978021978022,38.637362637362635,63.56043956043956,-8.131868131868131,0.3424657534246575,-8.236957550048828,-69.35359191894531,66.6742935180664,56.972267150878906,-6.043061256408691,0.09449108690023422
075_bag,put the bag on the tray,24,1,538,21.444,1788428102.3720415,00022_front_put_the_bag_on_the_tray.png,00022_wrist_put_the_bag_on_the_tray.png,recap.png,50,7,570,572,-5.626373626373627,-38.1978021978022,38.637362637362635,63.56043956043956,-8.131868131868131,0.3424657534246575,-8.452672958374023,-71.75617218017578,68.89411163330078,57.617610931396484,-6.167291164398193,0.09861220419406891
075_bag,put the bag on the tray,24,1,538,21.444,1788428102.3720415,00022_front_put_the_bag_on_the_tray.png,00022_wrist_put_the_bag_on_the_tray.png,recap.png,50,8,571,573,-5.626373626373627,-38.1978021978022,38.637362637362635,63.56043956043956,-8.131868131868131,0.3424657534246575,-8.096677780151367,-74.92266082763672,69.74933624267578,58.34322738647461,-6.210073947906494,0.24449118971824646
075_bag,put the bag on the tray,24,1,538,21.444,1788428102.3720415,00022_front_put_the_bag_on_the_tray.png,00022_wrist_put_the_bag_on_the_tray.png,recap.png,50,9,572,574,-5.626373626373627,-38.1978021978022,38.637362637362635,63.56043956043956,-8.131868131868131,0.3424657534246575,-8.019689559936523,-77.72093200683594,71.55615234375,59.329410552978516,-6.037113666534424,0.038652099668979645
075_bag,put the bag on the tray,24,1,538,21.444,1788428102.3720415,00022_front_put_the_bag_on_the_tray.png,00022_wrist_put_the_bag_on_the_tray.png,recap.png,50,10,573,575,-5.626373626373627,-38.1978021978022,38.637362637362635,63.56043956043956,-8.131868131868131,0.3424657534246575,-8.03176498413086,-79.69913482666016,71.18032836914062,60.489654541015625,-6.058290958404541,0.19521623849868774
075_bag,put the bag on the tray,24,1,538,21.444,1788428102.3720415,00022_front_put_the_bag_on_the_tray.png,00022_wrist_put_the_bag_on_the_tray.png,recap.png,50,11,574,576,-5.626373626373627,-38.1978021978022,38.637362637362635,63.56043956043956,-8.131868131868131,0.3424657534246575,-7.895101547241211,-82.01490020751953,73.46061706542969,61.10424041748047,-6.157297134399414,0.2080150842666626
075_bag,put the bag on the tray,24,1,538,21.444,1788428102.3720415,00022_front_put_the_bag_on_the_tray.png,00022_wrist_put_the_bag_on_the_tray.png,recap.png,50,12,575,577,-5.626373626373627,-38.1978021978022,38.637362637362635,63.56043956043956,-8.131868131868131,0.3424657534246575,-8.398351669311523,-84.7947998046875,73.66249084472656,61.91485595703125,-6.017115592956543,-0.03926672041416168
075_bag,put the bag on the tray,24,1,538,21.444,1788428102.3720415,00022_front_put_the_bag_on_the_tray.png,00022_wrist_put_the_bag_on_the_tray.png,recap.png,50,13,576,578,-5.626373626373627,-38.1978021978022,38.637362637362635,63.56043956043956,-8.131868131868131,0.3424657534246575,-7.9083709716796875,-85.69979858398438,74.72569274902344,62.55085754394531,-6.027245044708252,0.31422728300094604
075_bag,put the bag on the tray,24,1,538,21.444,1788428102.3720415,00022_front_put_the_bag_on_the_tray.png,00022_wrist_put_the_bag_on_the_tray.png,recap.png,50,14,577,579,-5.626373626373627,-38.1978021978022,38.637362637362635,63.56043956043956,-8.131868131868131,0.3424657534246575,-7.63178825378418,-88.81574249267578,76.1849365234375,63.748844146728516,-5.6823272705078125,0.23850388824939728
075_bag,put the bag on the tray,24,1,538,21.444,1788428102.3720415,00022_front_put_the_bag_on_the_tray.png,00022_wrist_put_the_bag_on_the_tray.png,recap.png,50,15,578,580,-5.626373626373627,-38.1978021978022,38.637362637362635,63.56043956043956,-8.131868131868131,0.3424657534246575,-7.737005233764648,-90.04693603515625,75.84243774414062,64.613525390625,-5.5952653884887695,0.022628605365753174
075_bag,put the bag on the tray,24,1,538,21.444,1788428102.3720415,00022_front_put_the_bag_on_the_tray.png,00022_wrist_put_the_bag_on_the_tray.png,recap.png,50,16,579,581,-5.626373626373627,-38.1978021978022,38.637362637362635,63.56043956043956,-8.131868131868131,0.3424657534246575,-7.59284782409668,-92.49655151367188,77.89424133300781,65.66117858886719,-5.548883438110352,0.19585247337818146
075_bag,put the bag on the tray,24,1,538,21.444,1788428102.3720415,00022_front_put_the_bag_on_the_tray.png,00022_wrist_put_the_bag_on_the_tray.png,recap.png,50,17,580,582,-5.626373626373627,-38.1978021978022,38.637362637362635,63.56043956043956,-8.131868131868131,0.3424657534246575,-7.425695419311523,-94.0864486694336,77.45237731933594,65.75908660888672,-5.558888912200928,0.2683320641517639
075_bag,put the bag on the tray,24,1,538,21.444,1788428102.3720415,00022_front_put_the_bag_on_the_tray.png,00022_wrist_put_the_bag_on_the_tray.png,recap.png,50,18,581,583,-5.626373626373627,-38.1978021978022,38.637362637362635,63.56043956043956,-8.131868131868131,0.3424657534246575,-7.478900909423828,-95.28280639648438,78.42582702636719,67.37017822265625,-5.323475360870361,0.018180347979068756
075_bag,put the bag on the tray,24,1,538,21.444,1788428102.3720415,00022_front_put_the_bag_on_the_tray.png,00022_wrist_put_the_bag_on_the_tray.png,recap.png,50,19,582,584,-5.626373626373627,-38.1978021978022,38.637362637362635,63.56043956043956,-8.131868131868131,0.3424657534246575,-7.146421432495117,-96.05359649658203,78.55120849609375,68.25462341308594,-5.120687961578369,0.0694776177406311
075_bag,put the bag on the tray,24,1,538,21.444,1788428102.3720415,00022_front_put_the_bag_on_the_tray.png,00022_wrist_put_the_bag_on_the_tray.png,recap.png,50,20,583,585,-5.626373626373627,-38.1978021978022,38.637362637362635,63.56043956043956,-8.131868131868131,0.3424657534246575,-7.114387512207031,-96.77755737304688,78.71649169921875,69.7485122680664,-4.781039714813232,0.28644585609436035
075_bag,put the bag on the tray,24,1,538,21.444,1788428102.3720415,00022_front_put_the_bag_on_the_tray.png,00022_wrist_put_the_bag_on_the_tray.png,recap.png,50,21,584,586,-5.626373626373627,-38.1978021978022,38.637362637362635,63.56043956043956,-8.131868131868131,0.3424657534246575,-7.459377288818359,-95.81114196777344,78.0938720703125,70.8577880859375,-4.108608245849609,0.22130674123764038
075_bag,put the bag on the tray,24,1,538,21.444,1788428102.3720415,00022_front_put_the_bag_on_the_tray.png,00022_wrist_put_the_bag_on_the_tray.png,recap.png,50,22,585,587,-5.626373626373627,-38.1978021978022,38.637362637362635,63.56043956043956,-8.131868131868131,0.3424657534246575,-7.831565856933594,-95.1294174194336,77.94384765625,71.70429992675781,-3.9353418350219727,0.030792236328125
075_bag,put the bag on the tray,24,1,538,21.444,1788428102.3720415,00022_front_put_the_bag_on_the_tray.png,00022_wrist_put_the_bag_on_the_tray.png,recap.png,50,23,586,588,-5.626373626373627,-38.1978021978022,38.637362637362635,63.56043956043956,-8.131868131868131,0.3424657534246575,-7.626415252685547,-94.77252197265625,78.27903747558594,72.53649139404297,-3.4653711318969727,0.08436673879623413
075_bag,put the bag on the tray,24,1,538,21.444,1788428102.3720415,00022_front_put_the_bag_on_the_tray.png,00022_wrist_put_the_bag_on_the_tray.png,recap.png,50,24,587,589,-5.626373626373627,-38.1978021978022,38.637362637362635,63.56043956043956,-8.131868131868131,0.3424657534246575,-8.123476028442383,-93.07148742675781,77.30558776855469,73.84188842773438,-2.7528247833251953,0.25819921493530273
075_bag,put the bag on the tray,25,1,562,22.314,1788428103.2416084,00023_front_put_the_bag_on_the_tray.png,00023_wrist_put_the_bag_on_the_tray.png,recap.png,50,0,588,590,-5.802197802197802,-101.84615384615384,88.57142857142857,69.8021978021978,-4.351648351648351,0.3424657534246575,-6.220735549926758,-101.57870483398438,86.62702941894531,72.15554809570312,-4.005794525146484,0.21043145656585693
075_bag,put the bag on the tray,25,1,562,22.314,1788428103.2416084,00023_front_put_the_bag_on_the_tray.png,00023_wrist_put_the_bag_on_the_tray.png,recap.png,50,1,589,591,-5.802197802197802,-101.84615384615384,88.57142857142857,69.8021978021978,-4.351648351648351,0.3424657534246575,-6.093317031860352,-100.88705444335938,86.04275512695312,71.64300537109375,-3.976024627685547,0.12611322104930878
075_bag,put the bag on the tray,25,1,562,22.314,1788428103.2416084,00023_front_put_the_bag_on_the_tray.png,00023_wrist_put_the_bag_on_the_tray.png,recap.png,50,2,590,592,-5.802197802197802,-101.84615384615384,88.57142857142857,69.8021978021978,-4.351648351648351,0.3424657534246575,-6.107105255126953,-100.94499206542969,85.95365905761719,71.71586608886719,-3.990243911743164,0.1385328471660614
075_bag,put the bag on the tray,25,1,562,22.314,1788428103.2416084,00023_front_put_the_bag_on_the_tray.png,00023_wrist_put_the_bag_on_the_tray.png,recap.png,50,3,591,593,-5.802197802197802,-101.84615384615384,88.57142857142857,69.8021978021978,-4.351648351648351,0.3424657534246575,-6.083929061889648,-100.79546356201172,85.45533752441406,71.86076354980469,-3.980166435241699,0.12900330126285553
075_bag,put the bag on the tray,25,1,562,22.314,1788428103.2416084,00023_front_put_the_bag_on_the_tray.png,00023_wrist_put_the_bag_on_the_tray.png,recap.png,50,4,592,594,-5.802197802197802,-101.84615384615384,88.57142857142857,69.8021978021978,-4.351648351648351,0.3424657534246575,-5.904748916625977,-101.2081527709961,85.74224853515625,71.75747680664062,-3.9577274322509766,0.08639755845069885
075_bag,put the bag on the tray,25,1,562,22.314,1788428103.2416084,00023_front_put_the_bag_on_the_tray.png,00023_wrist_put_the_bag_on_the_tray.png,recap.png,50,5,593,595,-5.802197802197802,-101.84615384615384,88.57142857142857,69.8021978021978,-4.351648351648351,0.3424657534246575,-5.980794906616211,-100.9432144165039,85.811279296875,71.94823455810547,-4.004579544067383,0.09260472655296326
075_bag,put the bag on the tray,25,1,562,22.314,1788428103.2416084,00023_front_put_the_bag_on_the_tray.png,00023_wrist_put_the_bag_on_the_tray.png,recap.png,50,6,594,596,-5.802197802197802,-101.84615384615384,88.57142857142857,69.8021978021978,-4.351648351648351,0.3424657534246575,-6.329952239990234,-100.49993896484375,85.21900939941406,71.96061706542969,-3.9855403900146484,0.13090772926807404
075_bag,put the bag on the tray,25,1,562,22.314,1788428103.2416084,00023_front_put_the_bag_on_the_tray.png,00023_wrist_put_the_bag_on_the_tray.png,recap.png,50,7,595,597,-5.802197802197802,-101.84615384615384,88.57142857142857,69.8021978021978,-4.351648351648351,0.3424657534246575,-6.139341354370117,-101.00345611572266,85.61991882324219,71.7566909790039,-4.198588848114014,0.08886173367500305
075_bag,put the bag on the tray,25,1,562,22.314,1788428103.2416084,00023_front_put_the_bag_on_the_tray.png,00023_wrist_put_the_bag_on_the_tray.png,recap.png,50,8,596,598,-5.802197802197802,-101.84615384615384,88.57142857142857,69.8021978021978,-4.351648351648351,0.3424657534246575,-6.20545768737793,-100.9339599609375,85.96092224121094,71.8736801147461,-4.107481002807617,0.16777577996253967
075_bag,put the bag on the tray,25,1,562,22.314,1788428103.2416084,00023_front_put_the_bag_on_the_tray.png,00023_wrist_put_the_bag_on_the_tray.png,recap.png,50,9,597,599,-5.802197802197802,-101.84615384615384,88.57142857142857,69.8021978021978,-4.351648351648351,0.3424657534246575,-6.324831008911133,-100.50508880615234,85.48759460449219,71.70864868164062,-4.180366516113281,0.14799335598945618
075_bag,put the bag on the tray,25,1,562,22.314,1788428103.2416084,00023_front_put_the_bag_on_the_tray.png,00023_wrist_put_the_bag_on_the_tray.png,recap.png,50,10,598,600,-5.802197802197802,-101.84615384615384,88.57142857142857,69.8021978021978,-4.351648351648351,0.3424657534246575,-6.318706512451172,-101.07829284667969,85.84921264648438,71.56156921386719,-4.134918689727783,0.0627245157957077
075_bag,put the bag on the tray,25,1,562,22.314,1788428103.2416084,00023_front_put_the_bag_on_the_tray.png,00023_wrist_put_the_bag_on_the_tray.png,recap.png,50,11,599,601,-5.802197802197802,-101.84615384615384,88.57142857142857,69.8021978021978,-4.351648351648351,0.3424657534246575,-6.154024124145508,-100.2129898071289,85.70582580566406,71.4588623046875,-4.106847763061523,0.11591663956642151
075_bag,put the bag on the tray,25,1,562,22.314,1788428103.2416084,00023_front_put_the_bag_on_the_tray.png,00023_wrist_put_the_bag_on_the_tray.png,recap.png,50,12,600,602,-5.802197802197802,-101.84615384615384,88.57142857142857,69.8021978021978,-4.351648351648351,0.3424657534246575,-6.497278213500977,-100.53617095947266,86.09765625,71.48141479492188,-4.093477249145508,0.018838882446289062
075_bag,put the bag on the tray,25,1,562,22.314,1788428103.2416084,00023_front_put_the_bag_on_the_tray.png,00023_wrist_put_the_bag_on_the_tray.png,recap.png,50,13,601,603,-5.802197802197802,-101.84615384615384,88.57142857142857,69.8021978021978,-4.351648351648351,0.3424657534246575,-6.4821319580078125,-100.7584457397461,85.82557678222656,71.7285385131836,-4.126644134521484,0.11623209714889526
075_bag,put the bag on the tray,25,1,562,22.314,1788428103.2416084,00023_front_put_the_bag_on_the_tray.png,00023_wrist_put_the_bag_on_the_tray.png,recap.png,50,14,602,604,-5.802197802197802,-101.84615384615384,88.57142857142857,69.8021978021978,-4.351648351648351,0.3424657534246575,-6.689298629760742,-100.42179870605469,85.31513977050781,71.4596939086914,-4.123701095581055,0.03866271674633026
075_bag,put the bag on the tray,25,1,562,22.314,1788428103.2416084,00023_front_put_the_bag_on_the_tray.png,00023_wrist_put_the_bag_on_the_tray.png,recap.png,50,15,603,605,-5.802197802197802,-101.84615384615384,88.57142857142857,69.8021978021978,-4.351648351648351,0.3424657534246575,-6.421342849731445,-100.46408081054688,85.2645263671875,71.4578857421875,-4.115300178527832,0.04071477800607681
075_bag,put the bag on the tray,25,1,562,22.314,1788428103.2416084,00023_front_put_the_bag_on_the_tray.png,00023_wrist_put_the_bag_on_the_tray.png,recap.png,50,16,604,606,-5.802197802197802,-101.84615384615384,88.57142857142857,69.8021978021978,-4.351648351648351,0.3424657534246575,-6.514383316040039,-100.32125854492188,84.73779296875,71.5374755859375,-4.188925743103027,0.07203525304794312
075_bag,put the bag on the tray,25,1,562,22.314,1788428103.2416084,00023_front_put_the_bag_on_the_tray.png,00023_wrist_put_the_bag_on_the_tray.png,recap.png,50,17,605,607,-5.802197802197802,-101.84615384615384,88.57142857142857,69.8021978021978,-4.351648351648351,0.3424657534246575,-6.525310516357422,-100.3419418334961,84.95295715332031,71.28215026855469,-4.237408638000488,0.1114736944437027
075_bag,put the bag on the tray,25,1,562,22.314,1788428103.2416084,00023_front_put_the_bag_on_the_tray.png,00023_wrist_put_the_bag_on_the_tray.png,recap.png,50,18,606,608,-5.802197802197802,-101.84615384615384,88.57142857142857,69.8021978021978,-4.351648351648351,0.3424657534246575,-6.475736618041992,-99.92647552490234,84.36367797851562,71.09541320800781,-4.231100082397461,0.17453844845294952
075_bag,put the bag on the tray,25,1,562,22.314,1788428103.2416084,00023_front_put_the_bag_on_the_tray.png,00023_wrist_put_the_bag_on_the_tray.png,recap.png,50,19,607,609,-5.802197802197802,-101.84615384615384,88.57142857142857,69.8021978021978,-4.351648351648351,0.3424657534246575,-6.639701843261719,-99.3037338256836,83.80467224121094,70.864990234375,-4.276111602783203,0.16149108111858368
075_bag,put the bag on the tray,25,1,562,22.314,1788428103.2416084,00023_front_put_the_bag_on_the_tray.png,00023_wrist_put_the_bag_on_the_tray.png,recap.png,50,20,608,610,-5.802197802197802,-101.84615384615384,88.57142857142857,69.8021978021978,-4.351648351648351,0.3424657534246575,-6.496801376342773,-98.25418853759766,83.60205078125,70.17997741699219,-4.433994770050049,0.10512526333332062
075_bag,put the bag on the tray,25,1,562,22.314,1788428103.2416084,00023_front_put_the_bag_on_the_tray.png,00023_wrist_put_the_bag_on_the_tray.png,recap.png,50,21,609,611,-5.802197802197802,-101.84615384615384,88.57142857142857,69.8021978021978,-4.351648351648351,0.3424657534246575,-6.444465637207031,-97.61066436767578,82.18881225585938,69.98037719726562,-4.539245128631592,0.12471118569374084
075_bag,put the bag on the tray,25,1,562,22.314,1788428103.2416084,00023_front_put_the_bag_on_the_tray.png,00023_wrist_put_the_bag_on_the_tray.png,recap.png,50,22,610,612,-5.802197802197802,-101.84615384615384,88.57142857142857,69.8021978021978,-4.351648351648351,0.3424657534246575,-6.575458526611328,-97.26667022705078,81.69328308105469,69.39496612548828,-4.639729976654053,0.12603673338890076
075_bag,put the bag on the tray,25,1,562,22.314,1788428103.2416084,00023_front_put_the_bag_on_the_tray.png,00023_wrist_put_the_bag_on_the_tray.png,recap.png,50,23,611,613,-5.802197802197802,-101.84615384615384,88.57142857142857,69.8021978021978,-4.351648351648351,0.3424657534246575,-6.174196243286133,-96.02664184570312,81.45738220214844,68.96054077148438,-4.786917686462402,0.38141101598739624
075_bag,put the bag on the tray,26,1,587,23.216,1788428104.1433308,00024_front_put_the_bag_on_the_tray.png,00024_wrist_put_the_bag_on_the_tray.png,recap.png,50,0,612,614,-8.0,-95.42857142857143,78.72527472527473,70.50549450549451,-4.615384615384615,0.3424657534246575,-5.819576263427734,-68.09541320800781,61.589378356933594,70.121826171875,-3.6658926010131836,-0.36575889587402344
075_bag,put the bag on the tray,26,1,587,23.216,1788428104.1433308,00024_front_put_the_bag_on_the_tray.png,00024_wrist_put_the_bag_on_the_tray.png,recap.png,50,1,613,615,-8.0,-95.42857142857143,78.72527472527473,70.50549450549451,-4.615384615384615,0.3424657534246575,-5.635185241699219,-65.27671813964844,59.33543395996094,70.1133041381836,-3.6725292205810547,-0.291861355304718
075_bag,put the bag on the tray,26,1,587,23.216,1788428104.1433308,00024_front_put_the_bag_on_the_tray.png,00024_wrist_put_the_bag_on_the_tray.png,recap.png,50,2,614,616,-8.0,-95.42857142857143,78.72527472527473,70.50549450549451,-4.615384615384615,0.3424657534246575,-5.551614761352539,-62.727569580078125,56.68067932128906,69.81230163574219,-4.017346382141113,-0.2922564744949341
075_bag,put the bag on the tray,26,1,587,23.216,1788428104.1433308,00024_front_put_the_bag_on_the_tray.png,00024_wrist_put_the_bag_on_the_tray.png,recap.png,50,3,615,617,-8.0,-95.42857142857143,78.72527472527473,70.50549450549451,-4.615384615384615,0.3424657534246575,-5.914314270019531,-59.634647369384766,55.16752624511719,69.69902038574219,-4.049542427062988,-0.3214038014411926
075_bag,put the bag on the tray,26,1,587,23.216,1788428104.1433308,00024_front_put_the_bag_on_the_tray.png,00024_wrist_put_the_bag_on_the_tray.png,recap.png,50,4,616,618,-8.0,-95.42857142857143,78.72527472527473,70.50549450549451,-4.615384615384615,0.3424657534246575,-5.588397979736328,-57.43536376953125,53.26698303222656,69.53789520263672,-4.150375843048096,-0.2884030342102051
075_bag,put the bag on the tray,26,1,587,23.216,1788428104.1433308,00024_front_put_the_bag_on_the_tray.png,00024_wrist_put_the_bag_on_the_tray.png,recap.png,50,5,617,619,-8.0,-95.42857142857143,78.72527472527473,70.50549450549451,-4.615384615384615,0.3424657534246575,-5.550111770629883,-55.426673889160156,51.76948547363281,69.35584259033203,-4.619455337524414,-0.2541297972202301
075_bag,put the bag on the tray,26,1,587,23.216,1788428104.1433308,00024_front_put_the_bag_on_the_tray.png,00024_wrist_put_the_bag_on_the_tray.png,recap.png,50,6,618,620,-8.0,-95.42857142857143,78.72527472527473,70.50549450549451,-4.615384615384615,0.3424657534246575,-5.846405029296875,-53.12343215942383,50.08183288574219,69.01270294189453,-4.5933661460876465,-0.2546651065349579
075_bag,put the bag on the tray,26,1,587,23.216,1788428104.1433308,00024_front_put_the_bag_on_the_tray.png,00024_wrist_put_the_bag_on_the_tray.png,recap.png,50,7,619,621,-8.0,-95.42857142857143,78.72527472527473,70.50549450549451,-4.615384615384615,0.3424657534246575,-5.660257339477539,-51.749420166015625,48.97102355957031,68.80198669433594,-4.874755382537842,-0.17073455452919006
075_bag,put the bag on the tray,26,1,587,23.216,1788428104.1433308,00024_front_put_the_bag_on_the_tray.png,00024_wrist_put_the_bag_on_the_tray.png,recap.png,50,8,620,622,-8.0,-95.42857142857143,78.72527472527473,70.50549450549451,-4.615384615384615,0.3424657534246575,-6.04615592956543,-49.8925895690918,47.18031311035156,68.53599548339844,-4.801181793212891,-0.06614531576633453
075_bag,put the bag on the tray,26,1,587,23.216,1788428104.1433308,00024_front_put_the_bag_on_the_tray.png,00024_wrist_put_the_bag_on_the_tray.png,recap.png,50,9,621,623,-8.0,-95.42857142857143,78.72527472527473,70.50549450549451,-4.615384615384615,0.3424657534246575,-5.780918121337891,-48.05400848388672,45.78773498535156,68.08226013183594,-5.0979084968566895,-0.19100025296211243
075_bag,put the bag on the tray,26,1,587,23.216,1788428104.1433308,00024_front_put_the_bag_on_the_tray.png,00024_wrist_put_the_bag_on_the_tray.png,recap.png,50,10,622,624,-8.0,-95.42857142857143,78.72527472527473,70.50549450549451,-4.615384615384615,0.3424657534246575,-5.871095657348633,-45.908058166503906,44.14485168457031,67.6060791015625,-5.338421821594238,-0.1416509449481964
075_bag,put the bag on the tray,26,1,587,23.216,1788428104.1433308,00024_front_put_the_bag_on_the_tray.png,00024_wrist_put_the_bag_on_the_tray.png,recap.png,50,11,623,625,-8.0,-95.42857142857143,78.72527472527473,70.50549450549451,-4.615384615384615,0.3424657534246575,-6.060091018676758,-44.05158615112305,42.80189514160156,67.25578308105469,-5.520488739013672,-0.12967422604560852
075_bag,put the bag on the tray,26,1,587,23.216,1788428104.1433308,00024_front_put_the_bag_on_the_tray.png,00024_wrist_put_the_bag_on_the_tray.png,recap.png,50,12,624,626,-8.0,-95.42857142857143,78.72527472527473,70.50549450549451,-4.615384615384615,0.3424657534246575,-5.885671615600586,-42.21548843383789,41.09173583984375,66.49445343017578,-5.8929524421691895,-0.1099587231874466
075_bag,put the bag on the tray,26,1,587,23.216,1788428104.1433308,00024_front_put_the_bag_on_the_tray.png,00024_wrist_put_the_bag_on_the_tray.png,recap.png,50,13,625,627,-8.0,-95.42857142857143,78.72527472527473,70.50549450549451,-4.615384615384615,0.3424657534246575,-5.986974716186523,-40.273216247558594,40.29094696044922,66.65560913085938,-6.087047576904297,-0.002701379358768463
075_bag,put the bag on the tray,26,1,587,23.216,1788428104.1433308,00024_front_put_the_bag_on_the_tray.png,00024_wrist_put_the_bag_on_the_tray.png,recap.png,50,14,626,628,-8.0,-95.42857142857143,78.72527472527473,70.50549450549451,-4.615384615384615,0.3424657534246575,-6.10694694519043,-38.90789031982422,38.445228576660156,66.11273193359375,-6.253008842468262,-0.08151452243328094
075_bag,put the bag on the tray,26,1,587,23.216,1788428104.1433308,00024_front_put_the_bag_on_the_tray.png,00024_wrist_put_the_bag_on_the_tray.png,recap.png,50,15,627,629,-8.0,-95.42857142857143,78.72527472527473,70.50549450549451,-4.615384615384615,0.3424657534246575,-6.225852966308594,-37.81444549560547,37.23162078857422,66.32469177246094,-6.493668556213379,-0.10554657876491547
075_bag,put the bag on the tray,26,1,587,23.216,1788428104.1433308,00024_front_put_the_bag_on_the_tray.png,00024_wrist_put_the_bag_on_the_tray.png,recap.png,50,16,628,630,-8.0,-95.42857142857143,78.72527472527473,70.50549450549451,-4.615384615384615,0.3424657534246575,-6.536035537719727,-36.930946350097656,35.92205810546875,66.33744049072266,-6.582794189453125,-0.05233320593833923
075_bag,put the bag on the tray,26,1,587,23.216,1788428104.1433308,00024_front_put_the_bag_on_the_tray.png,00024_wrist_put_the_bag_on_the_tray.png,recap.png,50,17,629,631,-8.0,-95.42857142857143,78.72527472527473,70.50549450549451,-4.615384615384615,0.3424657534246575,-6.293048858642578,-35.793975830078125,35.072540283203125,66.18209075927734,-6.759975910186768,-0.09798198938369751
075_bag,put the bag on the tray,26,1,587,23.216,1788428104.1433308,00024_front_put_the_bag_on_the_tray.png,00024_wrist_put_the_bag_on_the_tray.png,recap.png,50,18,630,632,-8.0,-95.42857142857143,78.72527472527473,70.50549450549451,-4.615384615384615,0.3424657534246575,-6.441139221191406,-34.613525390625,33.74890899658203,66.38285827636719,-6.748755931854248,-0.2058638632297516
075_bag,put the bag on the tray,26,1,587,23.216,1788428104.1433308,00024_front_put_the_bag_on_the_tray.png,00024_wrist_put_the_bag_on_the_tray.png,recap.png,50,19,631,633,-8.0,-95.42857142857143,78.72527472527473,70.50549450549451,-4.615384615384615,0.3424657534246575,-6.259788513183594,-33.936981201171875,33.16572570800781,66.7248764038086,-6.838329315185547,-0.04611542820930481
075_bag,put the bag on the tray,26,1,587,23.216,1788428104.1433308,00024_front_put_the_bag_on_the_tray.png,00024_wrist_put_the_bag_on_the_tray.png,recap.png,50,20,632,634,-8.0,-95.42857142857143,78.72527472527473,70.50549450549451,-4.615384615384615,0.3424657534246575,-6.429166793823242,-32.07545471191406,32.0220947265625,67.08483123779297,-6.885741233825684,-0.10671068727970123
075_bag,put the bag on the tray,26,1,587,23.216,1788428104.1433308,00024_front_put_the_bag_on_the_tray.png,00024_wrist_put_the_bag_on_the_tray.png,recap.png,50,21,633,635,-8.0,-95.42857142857143,78.72527472527473,70.50549450549451,-4.615384615384615,0.3424657534246575,-6.394830703735352,-32.18248748779297,30.51477813720703,67.1943359375,-6.932531833648682,0.009260475635528564
075_bag,put the bag on the tray,26,1,587,23.216,1788428104.1433308,00024_front_put_the_bag_on_the_tray.png,00024_wrist_put_the_bag_on_the_tray.png,recap.png,50,22,634,636,-8.0,-95.42857142857143,78.72527472527473,70.50549450549451,-4.615384615384615,0.3424657534246575,-6.532442092895508,-30.75201416015625,29.575592041015625,67.65924072265625,-6.9225311279296875,-0.10537238419055939
075_bag,put the bag on the tray,26,1,587,23.216,1788428104.1433308,00024_front_put_the_bag_on_the_tray.png,00024_wrist_put_the_bag_on_the_tray.png,recap.png,50,23,635,637,-8.0,-95.42857142857143,78.72527472527473,70.50549450549451,-4.615384615384615,0.3424657534246575,-6.485492706298828,-30.037559509277344,29.069381713867188,67.8392562866211,-6.877667427062988,-0.041408002376556396
075_bag,put the bag on the tray,26,1,587,23.216,1788428104.1433308,00024_front_put_the_bag_on_the_tray.png,00024_wrist_put_the_bag_on_the_tray.png,recap.png,50,24,636,638,-8.0,-95.42857142857143,78.72527472527473,70.50549450549451,-4.615384615384615,0.3424657534246575,-6.351856231689453,-28.92986297607422,27.516952514648438,68.36489868164062,-6.972752094268799,0.07936404645442963
075_bag,put the bag on the tray,27,1,611,24.086,1788428105.013809,00025_front_put_the_bag_on_the_tray.png,00025_wrist_put_the_bag_on_the_tray.png,recap.png,50,0,637,639,-6.5054945054945055,-98.41758241758242,85.31868131868131,71.38461538461539,-3.8241758241758244,0.3424657534246575,-6.17112922668457,-97.9168472290039,81.90379333496094,70.87686157226562,-3.1359329223632812,0.03251715749502182
075_bag,put the bag on the tray,27,1,611,24.086,1788428105.013809,00025_front_put_the_bag_on_the_tray.png,00025_wrist_put_the_bag_on_the_tray.png,recap.png,50,1,638,640,-6.5054945054945055,-98.41758241758242,85.31868131868131,71.38461538461539,-3.8241758241758244,0.3424657534246575,-6.135156631469727,-95.8261947631836,80.46809387207031,69.98460388183594,-3.190135955810547,0.0792684555053711
075_bag,put the bag on the tray,27,1,611,24.086,1788428105.013809,00025_front_put_the_bag_on_the_tray.png,00025_wrist_put_the_bag_on_the_tray.png,recap.png,50,2,639,641,-6.5054945054945055,-98.41758241758242,85.31868131868131,71.38461538461539,-3.8241758241758244,0.3424657534246575,-6.132322311401367,-94.28221130371094,79.52516174316406,69.57664489746094,-3.425591468811035,0.09175713360309601
075_bag,put the bag on the tray,27,1,611,24.086,1788428105.013809,00025_front_put_the_bag_on_the_tray.png,00025_wrist_put_the_bag_on_the_tray.png,recap.png,50,3,640,642,-6.5054945054945055,-98.41758241758242,85.31868131868131,71.38461538461539,-3.8241758241758244,0.3424657534246575,-6.088838577270508,-92.26551055908203,78.37086486816406,68.75181579589844,-3.533658981323242,0.1836293339729309
075_bag,put the bag on the tray,27,1,611,24.086,1788428105.013809,00025_front_put_the_bag_on_the_tray.png,00025_wrist_put_the_bag_on_the_tray.png,recap.png,50,4,641,643,-6.5054945054945055,-98.41758241758242,85.31868131868131,71.38461538461539,-3.8241758241758244,0.3424657534246575,-6.282108306884766,-90.22624206542969,77.60720825195312,67.9103012084961,-3.719715118408203,0.20188438892364502
075_bag,put the bag on the tray,27,1,611,24.086,1788428105.013809,00025_front_put_the_bag_on_the_tray.png,00025_wrist_put_the_bag_on_the_tray.png,recap.png,50,5,642,644,-6.5054945054945055,-98.41758241758242,85.31868131868131,71.38461538461539,-3.8241758241758244,0.3424657534246575,-6.210550308227539,-88.07633209228516,76.42100524902344,67.0528335571289,-3.8203439712524414,0.21255679428577423
075_bag,put the bag on the tray,27,1,611,24.086,1788428105.013809,00025_front_put_the_bag_on_the_tray.png,00025_wrist_put_the_bag_on_the_tray.png,recap.png,50,6,643,645,-6.5054945054945055,-98.41758241758242,85.31868131868131,71.38461538461539,-3.8241758241758244,0.3424657534246575,-6.165679931640625,-85.79871368408203,75.14808654785156,66.38725280761719,-4.005335807800293,0.2732604146003723
075_bag,put the bag on the tray,27,1,611,24.086,1788428105.013809,00025_front_put_the_bag_on_the_tray.png,00025_wrist_put_the_bag_on_the_tray.png,recap.png,50,7,644,646,-6.5054945054945055,-98.41758241758242,85.31868131868131,71.38461538461539,-3.8241758241758244,0.3424657534246575,-6.307949066162109,-83.56414794921875,73.49267578125,65.49833679199219,-4.168323993682861,0.19197776913642883
075_bag,put the bag on the tray,27,1,611,24.086,1788428105.013809,00025_front_put_the_bag_on_the_tray.png,00025_wrist_put_the_bag_on_the_tray.png,recap.png,50,8,645,647,-6.5054945054945055,-98.41758241758242,85.31868131868131,71.38461538461539,-3.8241758241758244,0.3424657534246575,-6.172393798828125,-80.94908142089844,72.03305053710938,64.779541015625,-4.421606063842773,0.23744812607765198
075_bag,put the bag on the tray,27,1,611,24.086,1788428105.013809,00025_front_put_the_bag_on_the_tray.png,00025_wrist_put_the_bag_on_the_tray.png,recap.png,50,9,646,648,-6.5054945054945055,-98.41758241758242,85.31868131868131,71.38461538461539,-3.8241758241758244,0.3424657534246575,-6.266359329223633,-78.588623046875,70.3739242553711,64.17435455322266,-4.741061687469482,0.27637672424316406
075_bag,put the bag on the tray,27,1,611,24.086,1788428105.013809,00025_front_put_the_bag_on_the_tray.png,00025_wrist_put_the_bag_on_the_tray.png,recap.png,50,10,647,649,-6.5054945054945055,-98.41758241758242,85.31868131868131,71.38461538461539,-3.8241758241758244,0.3424657534246575,-6.183437347412109,-75.89620208740234,68.61968994140625,63.61865997314453,-5.2528605461120605,0.2682056427001953
075_bag,put the bag on the tray,27,1,611,24.086,1788428105.013809,00025_front_put_the_bag_on_the_tray.png,00025_wrist_put_the_bag_on_the_tray.png,recap.png,50,11,648,650,-6.5054945054945055,-98.41758241758242,85.31868131868131,71.38461538461539,-3.8241758241758244,0.3424657534246575,-6.41850471496582,-73.589111328125,67.19583892822266,63.146766662597656,-5.8054375648498535,0.316604346036911
075_bag,put the bag on the tray,27,1,611,24.086,1788428105.013809,00025_front_put_the_bag_on_the_tray.png,00025_wrist_put_the_bag_on_the_tray.png,recap.png,50,12,649,651,-6.5054945054945055,-98.41758241758242,85.31868131868131,71.38461538461539,-3.8241758241758244,0.3424657534246575,-6.497051239013672,-71.33930206298828,65.22559356689453,63.05140686035156,-6.344021797180176,0.4082396924495697
075_bag,put the bag on the tray,27,1,611,24.086,1788428105.013809,00025_front_put_the_bag_on_the_tray.png,00025_wrist_put_the_bag_on_the_tray.png,recap.png,50,13,650,652,-6.5054945054945055,-98.41758241758242,85.31868131868131,71.38461538461539,-3.8241758241758244,0.3424657534246575,-6.433082580566406,-69.68659973144531,63.83665466308594,62.782020568847656,-6.782468795776367,0.3850785791873932
075_bag,put the bag on the tray,27,1,611,24.086,1788428105.013809,00025_front_put_the_bag_on_the_tray.png,00025_wrist_put_the_bag_on_the_tray.png,recap.png,50,14,651,653,-6.5054945054945055,-98.41758241758242,85.31868131868131,71.38461538461539,-3.8241758241758244,0.3424657534246575,-6.459268569946289,-67.97650146484375,61.947120666503906,62.755699157714844,-7.3124098777771,0.48954248428344727
075_bag,put the bag on the tray,27,1,611,24.086,1788428105.013809,00025_front_put_the_bag_on_the_tray.png,00025_wrist_put_the_bag_on_the_tray.png,recap.png,50,15,652,654,-6.5054945054945055,-98.41758241758242,85.31868131868131,71.38461538461539,-3.8241758241758244,0.3424657534246575,-6.526851654052734,-66.11945343017578,60.796234130859375,62.58971405029297,-7.599184513092041,0.5054364204406738
075_bag,put the bag on the tray,27,1,611,24.086,1788428105.013809,00025_front_put_the_bag_on_the_tray.png,00025_wrist_put_the_bag_on_the_tray.png,recap.png,50,16,653,655,-6.5054945054945055,-98.41758241758242,85.31868131868131,71.38461538461539,-3.8241758241758244,0.3424657534246575,-6.5526885986328125,-64.17891693115234,59.52268981933594,62.574424743652344,-7.803402900695801,0.43583735823631287
075_bag,put the bag on the tray,27,1,611,24.086,1788428105.013809,00025_front_put_the_bag_on_the_tray.png,00025_wrist_put_the_bag_on_the_tray.png,recap.png,50,17,654,656,-6.5054945054945055,-98.41758241758242,85.31868131868131,71.38461538461539,-3.8241758241758244,0.3424657534246575,-6.563901901245117,-62.44493103027344,58.264564514160156,62.20857238769531,-7.869992256164551,0.5824311971664429
075_bag,put the bag on the tray,27,1,611,24.086,1788428105.013809,00025_front_put_the_bag_on_the_tray.png,00025_wrist_put_the_bag_on_the_tray.png,recap.png,50,18,655,657,-6.5054945054945055,-98.41758241758242,85.31868131868131,71.38461538461539,-3.8241758241758244,0.3424657534246575,-6.639026641845703,-60.897464752197266,56.83361053466797,61.90211868286133,-7.933908939361572,0.4997560679912567
075_bag,put the bag on the tray,27,1,611,24.086,1788428105.013809,00025_front_put_the_bag_on_the_tray.png,00025_wrist_put_the_bag_on_the_tray.png,recap.png,50,19,656,658,-6.5054945054945055,-98.41758241758242,85.31868131868131,71.38461538461539,-3.8241758241758244,0.3424657534246575,-6.532634735107422,-59.059967041015625,55.796607971191406,61.578697204589844,-7.974644660949707,0.523728609085083
075_bag,put the bag on the tray,27,1,611,24.086,1788428105.013809,00025_front_put_the_bag_on_the_tray.png,00025_wrist_put_the_bag_on_the_tray.png,recap.png,50,20,657,659,-6.5054945054945055,-98.41758241758242,85.31868131868131,71.38461538461539,-3.8241758241758244,0.3424657534246575,-6.369512557983398,-57.71706771850586,54.842063903808594,61.23807907104492,-8.034285545349121,0.4926970601081848
075_bag,put the bag on the tray,27,1,611,24.086,1788428105.013809,00025_front_put_the_bag_on_the_tray.png,00025_wrist_put_the_bag_on_the_tray.png,recap.png,50,21,658,660,-6.5054945054945055,-98.41758241758242,85.31868131868131,71.38461538461539,-3.8241758241758244,0.3424657534246575,-6.471647262573242,-55.95908737182617,54.13751983642578,60.8995246887207,-8.092872619628906,0.5866287350654602
075_bag,put the bag on the tray,27,1,611,24.086,1788428105.013809,00025_front_put_the_bag_on_the_tray.png,00025_wrist_put_the_bag_on_the_tray.png,recap.png,50,22,659,661,-6.5054945054945055,-98.41758241758242,85.31868131868131,71.38461538461539,-3.8241758241758244,0.3424657534246575,-6.324125289916992,-54.73222732543945,52.768310546875,60.43342971801758,-8.22404956817627,0.6120033264160156
075_bag,put the bag on the tray,27,1,611,24.086,1788428105.013809,00025_front_put_the_bag_on_the_tray.png,00025_wrist_put_the_bag_on_the_tray.png,recap.png,50,23,660,662,-6.5054945054945055,-98.41758241758242,85.31868131868131,71.38461538461539,-3.8241758241758244,0.3424657534246575,-6.461771011352539,-53.20176696777344,51.39427947998047,60.12333679199219,-8.431589126586914,0.7304737567901611
075_bag,put the bag on the tray,28,1,636,25.023,1788428105.9508283,00026_front_put_the_bag_on_the_tray.png,00026_wrist_put_the_bag_on_the_tray.png,recap.png,50,0,661,663,-6.329670329670329,-31.516483516483518,33.18681318681319,67.51648351648352,-6.197802197802198,0.3424657534246575,-7.623973846435547,-72.03407287597656,71.5652847290039,56.37092208862305,-5.613681316375732,0.5357935428619385
075_bag,put the bag on the tray,28,1,636,25.023,1788428105.9508283,00026_front_put_the_bag_on_the_tray.png,00026_wrist_put_the_bag_on_the_tray.png,recap.png,50,1,662,664,-6.329670329670329,-31.516483516483518,33.18681318681319,67.51648351648352,-6.197802197802198,0.3424657534246575,-7.70976448059082,-73.6114730834961,73.21574401855469,56.38898849487305,-5.676460266113281,0.61989825963974
075_bag,put the bag on the tray,28,1,636,25.023,1788428105.9508283,00026_front_put_the_bag_on_the_tray.png,00026_wrist_put_the_bag_on_the_tray.png,recap.png,50,2,663,665,-6.329670329670329,-31.516483516483518,33.18681318681319,67.51648351648352,-6.197802197802198,0.3424657534246575,-7.632354736328125,-75.32774353027344,73.95603942871094,56.389434814453125,-5.51131010055542,0.509285569190979
075_bag,put the bag on the tray,28,1,636,25.023,1788428105.9508283,00026_front_put_the_bag_on_the_tray.png,00026_wrist_put_the_bag_on_the_tray.png,recap.png,50,3,664,666,-6.329670329670329,-31.516483516483518,33.18681318681319,67.51648351648352,-6.197802197802198,0.3424657534246575,-7.445863723754883,-77.42630767822266,75.52186584472656,56.6000862121582,-5.641907691955566,0.5498085021972656
075_bag,put the bag on the tray,28,1,636,25.023,1788428105.9508283,00026_front_put_the_bag_on_the_tray.png,00026_wrist_put_the_bag_on_the_tray.png,recap.png,50,4,665,667,-6.329670329670329,-31.516483516483518,33.18681318681319,67.51648351648352,-6.197802197802198,0.3424657534246575,-7.401035308837891,-79.33443450927734,76.70962524414062,56.57091522216797,-5.4393839836120605,0.665465235710144
075_bag,put the bag on the tray,28,1,636,25.023,1788428105.9508283,00026_front_put_the_bag_on_the_tray.png,00026_wrist_put_the_bag_on_the_tray.png,recap.png,50,5,666,668,-6.329670329670329,-31.516483516483518,33.18681318681319,67.51648351648352,-6.197802197802198,0.3424657534246575,-7.290826797485352,-80.95655822753906,77.88287353515625,56.68596649169922,-5.528395175933838,0.6602395176887512
075_bag,put the bag on the tray,28,1,636,25.023,1788428105.9508283,00026_front_put_the_bag_on_the_tray.png,00026_wrist_put_the_bag_on_the_tray.png,recap.png,50,6,667,669,-6.329670329670329,-31.516483516483518,33.18681318681319,67.51648351648352,-6.197802197802198,0.3424657534246575,-7.213428497314453,-83.30882263183594,79.58815002441406,56.778690338134766,-5.37346887588501,0.5174598693847656
075_bag,put the bag on the tray,28,1,636,25.023,1788428105.9508283,00026_front_put_the_bag_on_the_tray.png,00026_wrist_put_the_bag_on_the_tray.png,recap.png,50,7,668,670,-6.329670329670329,-31.516483516483518,33.18681318681319,67.51648351648352,-6.197802197802198,0.3424657534246575,-7.122570037841797,-85.02836608886719,81.00865173339844,56.88920593261719,-5.293463230133057,0.5576205253601074
075_bag,put the bag on the tray,28,1,636,25.023,1788428105.9508283,00026_front_put_the_bag_on_the_tray.png,00026_wrist_put_the_bag_on_the_tray.png,recap.png,50,8,669,671,-6.329670329670329,-31.516483516483518,33.18681318681319,67.51648351648352,-6.197802197802198,0.3424657534246575,-7.002019882202148,-86.7942123413086,81.94039916992188,56.99881362915039,-5.234357833862305,0.47210952639579773
075_bag,put the bag on the tray,28,1,636,25.023,1788428105.9508283,00026_front_put_the_bag_on_the_tray.png,00026_wrist_put_the_bag_on_the_tray.png,recap.png,50,9,670,672,-6.329670329670329,-31.516483516483518,33.18681318681319,67.51648351648352,-6.197802197802198,0.3424657534246575,-6.928651809692383,-88.57286071777344,83.10096740722656,57.611671447753906,-5.193359851837158,0.4750272333621979
075_bag,put the bag on the tray,28,1,636,25.023,1788428105.9508283,00026_front_put_the_bag_on_the_tray.png,00026_wrist_put_the_bag_on_the_tray.png,recap.png,50,10,671,673,-6.329670329670329,-31.516483516483518,33.18681318681319,67.51648351648352,-6.197802197802198,0.3424657534246575,-7.162981033325195,-89.84990692138672,84.16810607910156,58.34917449951172,-5.193814754486084,0.5721825361251831
075_bag,put the bag on the tray,28,1,636,25.023,1788428105.9508283,00026_front_put_the_bag_on_the_tray.png,00026_wrist_put_the_bag_on_the_tray.png,recap.png,50,11,672,674,-6.329670329670329,-31.516483516483518,33.18681318681319,67.51648351648352,-6.197802197802198,0.3424657534246575,-6.993894577026367,-91.37894439697266,84.60877990722656,59.20553970336914,-5.105957508087158,0.6003835201263428
075_bag,put the bag on the tray,28,1,636,25.023,1788428105.9508283,00026_front_put_the_bag_on_the_tray.png,00026_wrist_put_the_bag_on_the_tray.png,recap.png,50,12,673,675,-6.329670329670329,-31.516483516483518,33.18681318681319,67.51648351648352,-6.197802197802198,0.3424657534246575,-7.131811141967773,-92.30838012695312,85.07722473144531,60.09571075439453,-5.12267541885376,0.5116775631904602
075_bag,put the bag on the tray,28,1,636,25.023,1788428105.9508283,00026_front_put_the_bag_on_the_tray.png,00026_wrist_put_the_bag_on_the_tray.png,recap.png,50,13,674,676,-6.329670329670329,-31.516483516483518,33.18681318681319,67.51648351648352,-6.197802197802198,0.3424657534246575,-7.138324737548828,-93.27021789550781,86.01055908203125,61.06874084472656,-5.016067028045654,0.4558417499065399
075_bag,put the bag on the tray,28,1,636,25.023,1788428105.9508283,00026_front_put_the_bag_on_the_tray.png,00026_wrist_put_the_bag_on_the_tray.png,recap.png,50,14,675,677,-6.329670329670329,-31.516483516483518,33.18681318681319,67.51648351648352,-6.197802197802198,0.3424657534246575,-6.9823760986328125,-94.76737976074219,86.073974609375,62.09882736206055,-4.944472789764404,0.5777279734611511
075_bag,put the bag on the tray,28,1,636,25.023,1788428105.9508283,00026_front_put_the_bag_on_the_tray.png,00026_wrist_put_the_bag_on_the_tray.png,recap.png,50,15,676,678,-6.329670329670329,-31.516483516483518,33.18681318681319,67.51648351648352,-6.197802197802198,0.3424657534246575,-7.1812286376953125,-95.42533874511719,86.72111511230469,63.39409255981445,-4.870499134063721,0.3910233974456787
075_bag,put the bag on the tray,28,1,636,25.023,1788428105.9508283,00026_front_put_the_bag_on_the_tray.png,00026_wrist_put_the_bag_on_the_tray.png,recap.png,50,16,677,679,-6.329670329670329,-31.516483516483518,33.18681318681319,67.51648351648352,-6.197802197802198,0.3424657534246575,-6.958757400512695,-96.63673400878906,86.41744995117188,64.9009780883789,-4.800512790679932,0.44813165068626404
075_bag,put the bag on the tray,28,1,636,25.023,1788428105.9508283,00026_front_put_the_bag_on_the_tray.png,00026_wrist_put_the_bag_on_the_tray.png,recap.png,50,17,678,680,-6.329670329670329,-31.516483516483518,33.18681318681319,67.51648351648352,-6.197802197802198,0.3424657534246575,-7.4982757568359375,-97.90133666992188,86.78684997558594,66.34127044677734,-4.588305950164795,0.38042744994163513
075_bag,put the bag on the tray,28,1,636,25.023,1788428105.9508283,00026_front_put_the_bag_on_the_tray.png,00026_wrist_put_the_bag_on_the_tray.png,recap.png,50,18,679,681,-6.329670329670329,-31.516483516483518,33.18681318681319,67.51648351648352,-6.197802197802198,0.3424657534246575,-7.638156890869141,-98.87547302246094,87.39785766601562,67.91682434082031,-4.566643238067627,0.35637205839157104
075_bag,put the bag on the tray,28,1,636,25.023,1788428105.9508283,00026_front_put_the_bag_on_the_tray.png,00026_wrist_put_the_bag_on_the_tray.png,recap.png,50,19,680,682,-6.329670329670329,-31.516483516483518,33.18681318681319,67.51648351648352,-6.197802197802198,0.3424657534246575,-7.604461669921875,-99.72421264648438,87.51109313964844,69.25138854980469,-4.493659019470215,0.3610847592353821
075_bag,put the bag on the tray,28,1,636,25.023,1788428105.9508283,00026_front_put_the_bag_on_the_tray.png,00026_wrist_put_the_bag_on_the_tray.png,recap.png,50,20,681,683,-6.329670329670329,-31.516483516483518,33.18681318681319,67.51648351648352,-6.197802197802198,0.3424657534246575,-7.497966766357422,-100.0299072265625,87.26358032226562,70.71833038330078,-4.468667984008789,0.48341605067253113
075_bag,put the bag on the tray,28,1,636,25.023,1788428105.9508283,00026_front_put_the_bag_on_the_tray.png,00026_wrist_put_the_bag_on_the_tray.png,recap.png,50,21,682,684,-6.329670329670329,-31.516483516483518,33.18681318681319,67.51648351648352,-6.197802197802198,0.3424657534246575,-7.783895492553711,-100.57496643066406,87.16009521484375,72.36751556396484,-4.2150068283081055,0.3960675299167633
075_bag,put the bag on the tray,28,1,636,25.023,1788428105.9508283,00026_front_put_the_bag_on_the_tray.png,00026_wrist_put_the_bag_on_the_tray.png,recap.png,50,22,683,685,-6.329670329670329,-31.516483516483518,33.18681318681319,67.51648351648352,-6.197802197802198,0.3424657534246575,-7.661474227905273,-100.56842041015625,87.32536315917969,73.4525146484375,-4.29116678237915,0.3424239754676819
075_bag,put the bag on the tray,28,1,636,25.023,1788428105.9508283,00026_front_put_the_bag_on_the_tray.png,00026_wrist_put_the_bag_on_the_tray.png,recap.png,50,23,684,686,-6.329670329670329,-31.516483516483518,33.18681318681319,67.51648351648352,-6.197802197802198,0.3424657534246575,-7.872753143310547,-100.16499328613281,86.60916137695312,74.49073028564453,-4.157778739929199,0.4502060115337372
075_bag,put the bag on the tray,28,1,636,25.023,1788428105.9508283,00026_front_put_the_bag_on_the_tray.png,00026_wrist_put_the_bag_on_the_tray.png,recap.png,50,24,685,687,-6.329670329670329,-31.516483516483518,33.18681318681319,67.51648351648352,-6.197802197802198,0.3424657534246575,-7.52082633972168,-101.04348754882812,86.75593566894531,75.76358032226562,-4.066534042358398,0.41039690375328064
075_bag,put the bag on the tray,29,1,660,25.892,1788428106.824505,00027_front_put_the_bag_on_the_tray.png,00027_wrist_put_the_bag_on_the_tray.png,recap.png,50,0,686,688,-6.329670329670329,-57.97802197802198,57.53846153846154,62.15384615384615,-7.516483516483516,0.273972602739726,-4.5266876220703125,-102.30836486816406,86.4560546875,73.00406646728516,-1.6607227325439453,0.018637076020240784
075_bag,put the bag on the tray,29,1,660,25.892,1788428106.824505,00027_front_put_the_bag_on_the_tray.png,00027_wrist_put_the_bag_on_the_tray.png,recap.png,50,1,687,689,-6.329670329670329,-57.97802197802198,57.53846153846154,62.15384615384615,-7.516483516483516,0.273972602739726,-4.506629943847656,-101.38909149169922,85.57087707519531,73.83666229248047,-1.7247695922851562,-0.10580362379550934
075_bag,put the bag on the tray,29,1,660,25.892,1788428106.824505,00027_front_put_the_bag_on_the_tray.png,00027_wrist_put_the_bag_on_the_tray.png,recap.png,50,2,688,690,-6.329670329670329,-57.97802197802198,57.53846153846154,62.15384615384615,-7.516483516483516,0.273972602739726,-4.388374328613281,-101.93032836914062,85.58688354492188,74.46809387207031,-1.9440946578979492,-0.1007329523563385
075_bag,put the bag on the tray,29,1,660,25.892,1788428106.824505,00027_front_put_the_bag_on_the_tray.png,00027_wrist_put_the_bag_on_the_tray.png,recap.png,50,3,689,691,-6.329670329670329,-57.97802197802198,57.53846153846154,62.15384615384615,-7.516483516483516,0.273972602739726,-4.074554443359375,-102.25077819824219,86.13079833984375,75.4073715209961,-2.1886205673217773,-0.20008370280265808
075_bag,put the bag on the tray,29,1,660,25.892,1788428106.824505,00027_front_put_the_bag_on_the_tray.png,00027_wrist_put_the_bag_on_the_tray.png,recap.png,50,4,690,692,-6.329670329670329,-57.97802197802198,57.53846153846154,62.15384615384615,-7.516483516483516,0.273972602739726,-4.102449417114258,-101.35446166992188,86.05104064941406,75.93539428710938,-2.527820587158203,-0.13710922002792358
075_bag,put the bag on the tray,29,1,660,25.892,1788428106.824505,00027_front_put_the_bag_on_the_tray.png,00027_wrist_put_the_bag_on_the_tray.png,recap.png,50,5,691,693,-6.329670329670329,-57.97802197802198,57.53846153846154,62.15384615384615,-7.516483516483516,0.273972602739726,-4.0474700927734375,-101.75579071044922,86.08448791503906,76.04421997070312,-2.427992820739746,-0.1085418313741684
075_bag,put the bag on the tray,29,1,660,25.892,1788428106.824505,00027_front_put_the_bag_on_the_tray.png,00027_wrist_put_the_bag_on_the_tray.png,recap.png,50,6,692,694,-6.329670329670329,-57.97802197802198,57.53846153846154,62.15384615384615,-7.516483516483516,0.273972602739726,-3.7585487365722656,-101.52523040771484,87.15711975097656,76.09896087646484,-2.6449508666992188,-0.27531105279922485
075_bag,put the bag on the tray,29,1,660,25.892,1788428106.824505,00027_front_put_the_bag_on_the_tray.png,00027_wrist_put_the_bag_on_the_tray.png,recap.png,50,7,693,695,-6.329670329670329,-57.97802197802198,57.53846153846154,62.15384615384615,-7.516483516483516,0.273972602739726,-3.5476150512695312,-101.39830017089844,86.13409423828125,76.1551284790039,-2.9090147018432617,-0.2706163823604584
075_bag,put the bag on the tray,29,1,660,25.892,1788428106.824505,00027_front_put_the_bag_on_the_tray.png,00027_wrist_put_the_bag_on_the_tray.png,recap.png,50,8,694,696,-6.329670329670329,-57.97802197802198,57.53846153846154,62.15384615384615,-7.516483516483516,0.273972602739726,-4.021476745605469,-101.33084106445312,86.4261474609375,76.04683685302734,-2.9790868759155273,-0.07797759771347046
075_bag,put the bag on the tray,29,1,660,25.892,1788428106.824505,00027_front_put_the_bag_on_the_tray.png,00027_wrist_put_the_bag_on_the_tray.png,recap.png,50,9,695,697,-6.329670329670329,-57.97802197802198,57.53846153846154,62.15384615384615,-7.516483516483516,0.273972602739726,-3.711416244506836,-100.57540893554688,86.50192260742188,76.18931579589844,-2.8629016876220703,-0.332959920167923
075_bag,put the bag on the tray,29,1,660,25.892,1788428106.824505,00027_front_put_the_bag_on_the_tray.png,00027_wrist_put_the_bag_on_the_tray.png,recap.png,50,10,696,698,-6.329670329670329,-57.97802197802198,57.53846153846154,62.15384615384615,-7.516483516483516,0.273972602739726,-3.808553695678711,-100.88680267333984,87.34040832519531,76.39320373535156,-3.0017404556274414,-0.16829800605773926
075_bag,put the bag on the tray,29,1,660,25.892,1788428106.824505,00027_front_put_the_bag_on_the_tray.png,00027_wrist_put_the_bag_on_the_tray.png,recap.png,50,11,697,699,-6.329670329670329,-57.97802197802198,57.53846153846154,62.15384615384615,-7.516483516483516,0.273972602739726,-3.7616024017333984,-100.57609558105469,86.97813415527344,76.73563385009766,-3.0177669525146484,-0.2971784472465515
075_bag,put the bag on the tray,29,1,660,25.892,1788428106.824505,00027_front_put_the_bag_on_the_tray.png,00027_wrist_put_the_bag_on_the_tray.png,recap.png,50,12,698,700,-6.329670329670329,-57.97802197802198,57.53846153846154,62.15384615384615,-7.516483516483516,0.273972602739726,-3.819385528564453,-100.35621643066406,86.89265441894531,76.83887481689453,-3.062417984008789,-0.10411906242370605
075_bag,put the bag on the tray,29,1,660,25.892,1788428106.824505,00027_front_put_the_bag_on_the_tray.png,00027_wrist_put_the_bag_on_the_tray.png,recap.png,50,13,699,701,-6.329670329670329,-57.97802197802198,57.53846153846154,62.15384615384615,-7.516483516483516,0.273972602739726,-3.5391082763671875,-100.16997528076172,87.07826232910156,77.08869934082031,-3.179014205932617,-0.087643101811409
075_bag,put the bag on the tray,29,1,660,25.892,1788428106.824505,00027_front_put_the_bag_on_the_tray.png,00027_wrist_put_the_bag_on_the_tray.png,recap.png,50,14,700,702,-6.329670329670329,-57.97802197802198,57.53846153846154,62.15384615384615,-7.516483516483516,0.273972602739726,-3.4423675537109375,-100.12767791748047,87.02197265625,77.13705444335938,-3.1886119842529297,-0.11062149703502655
075_bag,put the bag on the tray,29,1,660,25.892,1788428106.824505,00027_front_put_the_bag_on_the_tray.png,00027_wrist_put_the_bag_on_the_tray.png,recap.png,50,15,701,703,-6.329670329670329,-57.97802197802198,57.53846153846154,62.15384615384615,-7.516483516483516,0.273972602739726,-3.4722652435302734,-99.66310119628906,86.81315612792969,77.31319427490234,-3.180002212524414,-0.07010073959827423
075_bag,put the bag on the tray,29,1,660,25.892,1788428106.824505,00027_front_put_the_bag_on_the_tray.png,00027_wrist_put_the_bag_on_the_tray.png,recap.png,50,16,702,704,-6.329670329670329,-57.97802197802198,57.53846153846154,62.15384615384615,-7.516483516483516,0.273972602739726,-3.1942882537841797,-100.28144073486328,87.24223327636719,77.46728515625,-3.329439163208008,-0.3563143312931061
075_bag,put the bag on the tray,29,1,660,25.892,1788428106.824505,00027_front_put_the_bag_on_the_tray.png,00027_wrist_put_the_bag_on_the_tray.png,recap.png,50,17,703,705,-6.329670329670329,-57.97802197802198,57.53846153846154,62.15384615384615,-7.516483516483516,0.273972602739726,-3.343130111694336,-100.04650115966797,87.05537414550781,77.51264953613281,-3.269240379333496,-0.41892343759536743
075_bag,put the bag on the tray,29,1,660,25.892,1788428106.824505,00027_front_put_the_bag_on_the_tray.png,00027_wrist_put_the_bag_on_the_tray.png,recap.png,50,18,704,706,-6.329670329670329,-57.97802197802198,57.53846153846154,62.15384615384615,-7.516483516483516,0.273972602739726,-3.2270774841308594,-99.94166564941406,87.22909545898438,77.518310546875,-3.488546371459961,-0.2557314932346344
075_bag,put the bag on the tray,29,1,660,25.892,1788428106.824505,00027_front_put_the_bag_on_the_tray.png,00027_wrist_put_the_bag_on_the_tray.png,recap.png,50,19,705,707,-6.329670329670329,-57.97802197802198,57.53846153846154,62.15384615384615,-7.516483516483516,0.273972602739726,-3.429922103881836,-99.86402893066406,86.88157653808594,77.51475524902344,-3.3694496154785156,-0.18471235036849976
075_bag,put the bag on the tray,29,1,660,25.892,1788428106.824505,00027_front_put_the_bag_on_the_tray.png,00027_wrist_put_the_bag_on_the_tray.png,recap.png,50,20,706,708,-6.329670329670329,-57.97802197802198,57.53846153846154,62.15384615384615,-7.516483516483516,0.273972602739726,-3.4701290130615234,-100.1193618774414,87.03170776367188,77.38983917236328,-3.3013830184936523,-0.2582615315914154
075_bag,put the bag on the tray,29,1,660,25.892,1788428106.824505,00027_front_put_the_bag_on_the_tray.png,00027_wrist_put_the_bag_on_the_tray.png,recap.png,50,21,707,709,-6.329670329670329,-57.97802197802198,57.53846153846154,62.15384615384615,-7.516483516483516,0.273972602739726,-3.4347686767578125,-99.95986938476562,87.30265808105469,77.42903900146484,-3.568765640258789,-0.3979036211967468
075_bag,put the bag on the tray,29,1,660,25.892,1788428106.824505,00027_front_put_the_bag_on_the_tray.png,00027_wrist_put_the_bag_on_the_tray.png,recap.png,50,22,708,710,-6.329670329670329,-57.97802197802198,57.53846153846154,62.15384615384615,-7.516483516483516,0.273972602739726,-3.3215980529785156,-100.12004089355469,87.31890869140625,77.36001586914062,-3.6894969940185547,-0.27858030796051025
075_bag,put the bag on the tray,30,1,685,26.728,1788428107.6553764,00028_front_put_the_bag_on_the_tray.png,00028_wrist_put_the_bag_on_the_tray.png,recap.png,50,0,709,711,-7.384615384615385,-99.91208791208791,87.6923076923077,71.73626373626374,-4.7032967032967035,0.273972602739726,-6.727164268493652,-100.98347473144531,87.05008697509766,70.87315368652344,-4.153990268707275,-0.07722751051187515
075_bag,put the bag on the tray,30,1,685,26.728,1788428107.6553764,00028_front_put_the_bag_on_the_tray.png,00028_wrist_put_the_bag_on_the_tray.png,recap.png,50,1,710,712,-7.384615384615385,-99.91208791208791,87.6923076923077,71.73626373626374,-4.7032967032967035,0.273972602739726,-8.422409057617188,-101.3861312866211,86.85498046875,67.73860931396484,-4.398080348968506,0.06340428441762924
075_bag,put the bag on the tray,30,1,685,26.728,1788428107.6553764,00028_front_put_the_bag_on_the_tray.png,00028_wrist_put_the_bag_on_the_tray.png,recap.png,50,2,711,713,-7.384615384615385,-99.91208791208791,87.6923076923077,71.73626373626374,-4.7032967032967035,0.273972602739726,-8.567928314208984,-101.93115234375,87.39193725585938,67.44805145263672,-4.362319469451904,0.01899607479572296
075_bag,put the bag on the tray,30,1,685,26.728,1788428107.6553764,00028_front_put_the_bag_on_the_tray.png,00028_wrist_put_the_bag_on_the_tray.png,recap.png,50,3,712,714,-7.384615384615385,-99.91208791208791,87.6923076923077,71.73626373626374,-4.7032967032967035,0.273972602739726,-8.826013565063477,-101.60125732421875,86.60061645507812,67.11744689941406,-4.348480701446533,-0.00153302401304245
075_bag,put the bag on the tray,30,1,685,26.728,1788428107.6553764,00028_front_put_the_bag_on_the_tray.png,00028_wrist_put_the_bag_on_the_tray.png,recap.png,50,4,713,715,-7.384615384615385,-99.91208791208791,87.6923076923077,71.73626373626374,-4.7032967032967035,0.273972602739726,-8.741645812988281,-101.51813507080078,87.39558410644531,67.083740234375,-4.3859710693359375,0.15586596727371216
075_bag,put the bag on the tray,30,1,685,26.728,1788428107.6553764,00028_front_put_the_bag_on_the_tray.png,00028_wrist_put_the_bag_on_the_tray.png,recap.png,50,5,714,716,-7.384615384615385,-99.91208791208791,87.6923076923077,71.73626373626374,-4.7032967032967035,0.273972602739726,-8.791061401367188,-101.70976257324219,86.88760375976562,67.13897705078125,-4.378985404968262,0.14865508675575256
075_bag,put the bag on the tray,30,1,685,26.728,1788428107.6553764,00028_front_put_the_bag_on_the_tray.png,00028_wrist_put_the_bag_on_the_tray.png,recap.png,50,6,715,717,-7.384615384615385,-99.91208791208791,87.6923076923077,71.73626373626374,-4.7032967032967035,0.273972602739726,-9.022907257080078,-101.2461166381836,86.61386108398438,67.25540924072266,-4.466609954833984,0.12053059041500092
075_bag,put the bag on the tray,30,1,685,26.728,1788428107.6553764,00028_front_put_the_bag_on_the_tray.png,00028_wrist_put_the_bag_on_the_tray.png,recap.png,50,7,716,718,-7.384615384615385,-99.91208791208791,87.6923076923077,71.73626373626374,-4.7032967032967035,0.273972602739726,-8.629388809204102,-101.401123046875,86.9481201171875,67.01959991455078,-4.446035861968994,0.13596777617931366
075_bag,put the bag on the tray,30,1,685,26.728,1788428107.6553764,00028_front_put_the_bag_on_the_tray.png,00028_wrist_put_the_bag_on_the_tray.png,recap.png,50,8,717,719,-7.384615384615385,-99.91208791208791,87.6923076923077,71.73626373626374,-4.7032967032967035,0.273972602739726,-8.711099624633789,-101.46306610107422,85.99444580078125,67.05587768554688,-4.330702781677246,-0.027052074670791626
075_bag,put the bag on the tray,30,1,685,26.728,1788428107.6553764,00028_front_put_the_bag_on_the_tray.png,00028_wrist_put_the_bag_on_the_tray.png,recap.png,50,9,718,720,-7.384615384615385,-99.91208791208791,87.6923076923077,71.73626373626374,-4.7032967032967035,0.273972602739726,-8.662910461425781,-100.96774291992188,85.64607238769531,67.31053161621094,-4.4536261558532715,0.13448715209960938
075_bag,put the bag on the tray,30,1,685,26.728,1788428107.6553764,00028_front_put_the_bag_on_the_tray.png,00028_wrist_put_the_bag_on_the_tray.png,recap.png,50,10,719,721,-7.384615384615385,-99.91208791208791,87.6923076923077,71.73626373626374,-4.7032967032967035,0.273972602739726,-8.051046371459961,-101.1435775756836,85.4932861328125,67.46243286132812,-4.333815574645996,-0.04151208698749542
075_bag,put the bag on the tray,30,1,685,26.728,1788428107.6553764,00028_front_put_the_bag_on_the_tray.png,00028_wrist_put_the_bag_on_the_tray.png,recap.png,50,11,720,722,-7.384615384615385,-99.91208791208791,87.6923076923077,71.73626373626374,-4.7032967032967035,0.273972602739726,-8.384105682373047,-101.42601013183594,85.28662109375,67.36988830566406,-4.327985763549805,-0.08407004177570343
075_bag,put the bag on the tray,30,1,685,26.728,1788428107.6553764,00028_front_put_the_bag_on_the_tray.png,00028_wrist_put_the_bag_on_the_tray.png,recap.png,50,12,721,723,-7.384615384615385,-99.91208791208791,87.6923076923077,71.73626373626374,-4.7032967032967035,0.273972602739726,-8.307838439941406,-100.93435668945312,84.57929992675781,67.66590881347656,-4.419480800628662,0.04229100048542023
075_bag,put the bag on the tray,30,1,685,26.728,1788428107.6553764,00028_front_put_the_bag_on_the_tray.png,00028_wrist_put_the_bag_on_the_tray.png,recap.png,50,13,722,724,-7.384615384615385,-99.91208791208791,87.6923076923077,71.73626373626374,-4.7032967032967035,0.273972602739726,-8.267570495605469,-100.27883911132812,83.4951171875,67.90239715576172,-4.463317394256592,0.057862021028995514
075_bag,put the bag on the tray,30,1,685,26.728,1788428107.6553764,00028_front_put_the_bag_on_the_tray.png,00028_wrist_put_the_bag_on_the_tray.png,recap.png,50,14,723,725,-7.384615384615385,-99.91208791208791,87.6923076923077,71.73626373626374,-4.7032967032967035,0.273972602739726,-8.403684616088867,-101.065185546875,83.65107727050781,67.99513244628906,-4.4128546714782715,0.10554587841033936
075_bag,put the bag on the tray,30,1,685,26.728,1788428107.6553764,00028_front_put_the_bag_on_the_tray.png,00028_wrist_put_the_bag_on_the_tray.png,recap.png,50,15,724,726,-7.384615384615385,-99.91208791208791,87.6923076923077,71.73626373626374,-4.7032967032967035,0.273972602739726,-8.245296478271484,-101.0538558959961,82.93428039550781,67.87378692626953,-4.309083461761475,0.07886695861816406
075_bag,put the bag on the tray,30,1,685,26.728,1788428107.6553764,00028_front_put_the_bag_on_the_tray.png,00028_wrist_put_the_bag_on_the_tray.png,recap.png,50,16,725,727,-7.384615384615385,-99.91208791208791,87.6923076923077,71.73626373626374,-4.7032967032967035,0.273972602739726,-8.483949661254883,-100.54322814941406,82.83676147460938,68.05665588378906,-4.375491142272949,0.017396487295627594
075_bag,put the bag on the tray,30,1,685,26.728,1788428107.6553764,00028_front_put_the_bag_on_the_tray.png,00028_wrist_put_the_bag_on_the_tray.png,recap.png,50,17,726,728,-7.384615384615385,-99.91208791208791,87.6923076923077,71.73626373626374,-4.7032967032967035,0.273972602739726,-8.284656524658203,-100.5979995727539,82.24885559082031,67.98258972167969,-4.400553226470947,0.10238706320524216
075_bag,put the bag on the tray,30,1,685,26.728,1788428107.6553764,00028_front_put_the_bag_on_the_tray.png,00028_wrist_put_the_bag_on_the_tray.png,recap.png,50,18,727,729,-7.384615384615385,-99.91208791208791,87.6923076923077,71.73626373626374,-4.7032967032967035,0.273972602739726,-8.416055679321289,-99.87958526611328,82.2291259765625,68.07377624511719,-4.347062110900879,0.06335117667913437
075_bag,put the bag on the tray,30,1,685,26.728,1788428107.6553764,00028_front_put_the_bag_on_the_tray.png,00028_wrist_put_the_bag_on_the_tray.png,recap.png,50,19,728,730,-7.384615384615385,-99.91208791208791,87.6923076923077,71.73626373626374,-4.7032967032967035,0.273972602739726,-8.145917892456055,-100.17893981933594,81.8016357421875,68.35749053955078,-4.354858875274658,0.05886680632829666
075_bag,put the bag on the tray,30,1,685,26.728,1788428107.6553764,00028_front_put_the_bag_on_the_tray.png,00028_wrist_put_the_bag_on_the_tray.png,recap.png,50,20,729,731,-7.384615384615385,-99.91208791208791,87.6923076923077,71.73626373626374,-4.7032967032967035,0.273972602739726,-8.301521301269531,-99.98604583740234,80.86665344238281,68.37654113769531,-4.348562717437744,0.06314724683761597
075_bag,put the bag on the tray,30,1,685,26.728,1788428107.6553764,00028_front_put_the_bag_on_the_tray.png,00028_wrist_put_the_bag_on_the_tray.png,recap.png,50,21,730,732,-7.384615384615385,-99.91208791208791,87.6923076923077,71.73626373626374,-4.7032967032967035,0.273972602739726,-8.175054550170898,-99.78316497802734,81.29551696777344,68.91053009033203,-4.268591403961182,0.07514096796512604
075_bag,put the bag on the tray,30,1,685,26.728,1788428107.6553764,00028_front_put_the_bag_on_the_tray.png,00028_wrist_put_the_bag_on_the_tray.png,recap.png,50,22,731,733,-7.384615384615385,-99.91208791208791,87.6923076923077,71.73626373626374,-4.7032967032967035,0.273972602739726,-7.677064895629883,-98.8558578491211,80.97935485839844,68.78025817871094,-4.206010341644287,0.03187137842178345
075_bag,put the bag on the tray,30,1,685,26.728,1788428107.6553764,00028_front_put_the_bag_on_the_tray.png,00028_wrist_put_the_bag_on_the_tray.png,recap.png,50,23,732,734,-7.384615384615385,-99.91208791208791,87.6923076923077,71.73626373626374,-4.7032967032967035,0.273972602739726,-8.081037521362305,-98.53176879882812,80.69068908691406,68.96174621582031,-4.02906608581543,0.08274590969085693
075_bag,put the bag on the tray,30,1,685,26.728,1788428107.6553764,00028_front_put_the_bag_on_the_tray.png,00028_wrist_put_the_bag_on_the_tray.png,recap.png,50,24,733,735,-7.384615384615385,-99.91208791208791,87.6923076923077,71.73626373626374,-4.7032967032967035,0.273972602739726,-7.919574737548828,-97.16361236572266,79.71031188964844,69.16957092285156,-4.075860977172852,0.16595950722694397
075_bag,put the bag on the tray,30,1,685,26.728,1788428107.6553764,00028_front_put_the_bag_on_the_tray.png,00028_wrist_put_the_bag_on_the_tray.png,recap.png,50,25,734,736,-7.384615384615385,-99.91208791208791,87.6923076923077,71.73626373626374,-4.7032967032967035,0.273972602739726,-7.757255554199219,-96.83253479003906,79.28512573242188,69.21149444580078,-3.862668037414551,0.23788467049598694
075_bag,put the bag on the tray,31,0,708,27.597,1788428108.5310526,00029_front_put_the_bag_on_the_tray.png,00029_wrist_put_the_bag_on_the_tray.png,recap.png,50,0,735,737,-3.6923076923076925,-100.61538461538461,87.6043956043956,76.13186813186813,-2.769230769230769,0.273972602739726,-5.053958892822266,-101.83718872070312,86.90702819824219,76.31926727294922,-2.7174301147460938,0.07036557048559189
075_bag,put the bag on the tray,31,0,708,27.597,1788428108.5310526,00029_front_put_the_bag_on_the_tray.png,00029_wrist_put_the_bag_on_the_tray.png,recap.png,50,1,736,738,-3.6923076923076925,-100.61538461538461,87.6043956043956,76.13186813186813,-2.769230769230769,0.273972602739726,-5.480253219604492,-100.96585083007812,86.44351196289062,76.2066879272461,-2.753561019897461,0.00486532598733902
075_bag,put the bag on the tray,31,0,708,27.597,1788428108.5310526,00029_front_put_the_bag_on_the_tray.png,00029_wrist_put_the_bag_on_the_tray.png,recap.png,50,2,737,739,-3.6923076923076925,-100.61538461538461,87.6043956043956,76.13186813186813,-2.769230769230769,0.273972602739726,-5.771900177001953,-101.54370880126953,86.41523742675781,75.94931030273438,-2.742971420288086,0.06010526791214943
075_bag,put the bag on the tray,31,0,708,27.597,1788428108.5310526,00029_front_put_the_bag_on_the_tray.png,00029_wrist_put_the_bag_on_the_tray.png,recap.png,50,3,738,740,-3.6923076923076925,-100.61538461538461,87.6043956043956,76.13186813186813,-2.769230769230769,0.273972602739726,-5.942905426025391,-101.29216766357422,85.97663879394531,75.85485076904297,-2.7127904891967773,0.03206043690443039
075_bag,put the bag on the tray,31,0,708,27.597,1788428108.5310526,00029_front_put_the_bag_on_the_tray.png,00029_wrist_put_the_bag_on_the_tray.png,recap.png,50,4,739,741,-3.6923076923076925,-100.61538461538461,87.6043956043956,76.13186813186813,-2.769230769230769,0.273972602739726,-6.183042526245117,-101.27946472167969,86.19512939453125,75.77288055419922,-2.7912778854370117,0.09647516906261444
075_bag,put the bag on the tray,31,0,708,27.597,1788428108.5310526,00029_front_put_the_bag_on_the_tray.png,00029_wrist_put_the_bag_on_the_tray.png,recap.png,50,5,740,742,-3.6923076923076925,-100.61538461538461,87.6043956043956,76.13186813186813,-2.769230769230769,0.273972602739726,-6.340299606323242,-101.2831039428711,86.33918762207031,75.56783294677734,-2.8000144958496094,0.06006702780723572
075_bag,put the bag on the tray,31,0,708,27.597,1788428108.5310526,00029_front_put_the_bag_on_the_tray.png,00029_wrist_put_the_bag_on_the_tray.png,recap.png,50,6,741,743,-3.6923076923076925,-100.61538461538461,87.6043956043956,76.13186813186813,-2.769230769230769,0.273972602739726,-6.408651351928711,-101.29579162597656,86.131591796875,75.39938354492188,-2.824540138244629,0.10742374509572983
075_bag,put the bag on the tray,31,0,708,27.597,1788428108.5310526,00029_front_put_the_bag_on_the_tray.png,00029_wrist_put_the_bag_on_the_tray.png,recap.png,50,7,742,744,-3.6923076923076925,-100.61538461538461,87.6043956043956,76.13186813186813,-2.769230769230769,0.273972602739726,-6.528738021850586,-100.92550659179688,86.30270385742188,75.16545867919922,-2.7969789505004883,0.03469667583703995
075_bag,put the bag on the tray,31,0,708,27.597,1788428108.5310526,00029_front_put_the_bag_on_the_tray.png,00029_wrist_put_the_bag_on_the_tray.png,recap.png,50,8,743,745,-3.6923076923076925,-100.61538461538461,87.6043956043956,76.13186813186813,-2.769230769230769,0.273972602739726,-6.612394332885742,-100.82244873046875,86.18827819824219,74.95697021484375,-2.8867673873901367,0.18593841791152954
075_bag,put the bag on the tray,31,0,708,27.597,1788428108.5310526,00029_front_put_the_bag_on_the_tray.png,00029_wrist_put_the_bag_on_the_tray.png,recap.png,50,9,744,746,-3.6923076923076925,-100.61538461538461,87.6043956043956,76.13186813186813,-2.769230769230769,0.273972602739726,-6.659061431884766,-100.98726654052734,86.15261840820312,74.94544982910156,-2.907895088195801,0.14218662679195404
075_bag,put the bag on the tray,31,0,708,27.597,1788428108.5310526,00029_front_put_the_bag_on_the_tray.png,00029_wrist_put_the_bag_on_the_tray.png,recap.png,50,10,745,747,-3.6923076923076925,-100.61538461538461,87.6043956043956,76.13186813186813,-2.769230769230769,0.273972602739726,-6.788129806518555,-100.68714141845703,86.03350830078125,74.60711669921875,-2.902088165283203,0.13631191849708557
075_bag,put the bag on the tray,31,0,708,27.597,1788428108.5310526,00029_front_put_the_bag_on_the_tray.png,00029_wrist_put_the_bag_on_the_tray.png,recap.png,50,11,746,748,-3.6923076923076925,-100.61538461538461,87.6043956043956,76.13186813186813,-2.769230769230769,0.273972602739726,-6.667240142822266,-100.77934265136719,86.25396728515625,74.27903747558594,-3.0705060958862305,0.0901447981595993
075_bag,put the bag on the tray,31,0,708,27.597,1788428108.5310526,00029_front_put_the_bag_on_the_tray.png,00029_wrist_put_the_bag_on_the_tray.png,recap.png,50,12,747,749,-3.6923076923076925,-100.61538461538461,87.6043956043956,76.13186813186813,-2.769230769230769,0.273972602739726,-6.561931610107422,-100.75965118408203,86.11618041992188,73.90480041503906,-3.1493616104125977,0.20198847353458405
075_bag,put the bag on the tray,31,0,708,27.597,1788428108.5310526,00029_front_put_the_bag_on_the_tray.png,00029_wrist_put_the_bag_on_the_tray.png,recap.png,50,13,748,750,-3.6923076923076925,-100.61538461538461,87.6043956043956,76.13186813186813,-2.769230769230769,0.273972602739726,-6.755533218383789,-100.2359390258789,85.85336303710938,73.42762756347656,-3.3101768493652344,0.21537147462368011
075_bag,put the bag on the tray,31,0,708,27.597,1788428108.5310526,00029_front_put_the_bag_on_the_tray.png,00029_wrist_put_the_bag_on_the_tray.png,recap.png,50,14,749,751,-3.6923076923076925,-100.61538461538461,87.6043956043956,76.13186813186813,-2.769230769230769,0.273972602739726,-6.752782821655273,-100.80371856689453,85.71678161621094,72.85067749023438,-3.4643163681030273,0.10410135984420776
075_bag,put the bag on the tray,31,0,708,27.597,1788428108.5310526,00029_front_put_the_bag_on_the_tray.png,00029_wrist_put_the_bag_on_the_tray.png,recap.png,50,15,750,752,-3.6923076923076925,-100.61538461538461,87.6043956043956,76.13186813186813,-2.769230769230769,0.273972602739726,-6.583486557006836,-100.41743469238281,85.85954284667969,72.32005310058594,-3.541311264038086,0.38381674885749817
075_bag,put the bag on the tray,31,0,708,27.597,1788428108.5310526,00029_front_put_the_bag_on_the_tray.png,00029_wrist_put_the_bag_on_the_tray.png,recap.png,50,16,751,753,-3.6923076923076925,-100.61538461538461,87.6043956043956,76.13186813186813,-2.769230769230769,0.273972602739726,-7.019460678100586,-100.44136047363281,85.68901062011719,71.869384765625,-3.6866989135742188,0.3623104989528656
075_bag,put the bag on the tray,31,0,708,27.597,1788428108.5310526,00029_front_put_the_bag_on_the_tray.png,00029_wrist_put_the_bag_on_the_tray.png,recap.png,50,17,752,754,-3.6923076923076925,-100.61538461538461,87.6043956043956,76.13186813186813,-2.769230769230769,0.273972602739726,-7.052448272705078,-99.59883117675781,85.20326232910156,71.40353393554688,-3.8118200302124023,0.3554723858833313
075_bag,put the bag on the tray,31,0,708,27.597,1788428108.5310526,00029_front_put_the_bag_on_the_tray.png,00029_wrist_put_the_bag_on_the_tray.png,recap.png,50,18,753,755,-3.6923076923076925,-100.61538461538461,87.6043956043956,76.13186813186813,-2.769230769230769,0.273972602739726,-6.927400588989258,-99.80907440185547,85.47181701660156,70.66722106933594,-3.9581708908081055,0.3805527985095978
075_bag,put the bag on the tray,31,0,708,27.597,1788428108.5310526,00029_front_put_the_bag_on_the_tray.png,00029_wrist_put_the_bag_on_the_tray.png,recap.png,50,19,754,756,-3.6923076923076925,-100.61538461538461,87.6043956043956,76.13186813186813,-2.769230769230769,0.273972602739726,-7.021022796630859,-99.196044921875,85.36801147460938,70.09336853027344,-4.32851505279541,0.30230575799942017
075_bag,put the bag on the tray,31,0,708,27.597,1788428108.5310526,00029_front_put_the_bag_on_the_tray.png,00029_wrist_put_the_bag_on_the_tray.png,recap.png,50,20,755,757,-3.6923076923076925,-100.61538461538461,87.6043956043956,76.13186813186813,-2.769230769230769,0.273972602739726,-6.796733856201172,-98.83551788330078,84.6236572265625,69.40929412841797,-4.291274547576904,0.3741714358329773
075_bag,put the bag on the tray,31,0,708,27.597,1788428108.5310526,00029_front_put_the_bag_on_the_tray.png,00029_wrist_put_the_bag_on_the_tray.png,recap.png,50,21,756,758,-3.6923076923076925,-100.61538461538461,87.6043956043956,76.13186813186813,-2.769230769230769,0.273972602739726,-6.986532211303711,-97.89128112792969,83.75749206542969,69.05511474609375,-4.638419151306152,0.2608821988105774
075_bag,put the bag on the tray,31,0,708,27.597,1788428108.5310526,00029_front_put_the_bag_on_the_tray.png,00029_wrist_put_the_bag_on_the_tray.png,recap.png,50,22,757,759,-3.6923076923076925,-100.61538461538461,87.6043956043956,76.13186813186813,-2.769230769230769,0.273972602739726,-7.191314697265625,-96.33540344238281,83.52656555175781,68.454345703125,-4.644550800323486,0.384114146232605
075_bag,put the bag on the tray,32,1,734,28.466,1788428109.3943176,00030_front_put_the_bag_on_the_tray.png,00030_wrist_put_the_bag_on_the_tray.png,recap.png,50,0,758,760,-8.263736263736265,-99.2967032967033,83.12087912087912,68.74725274725274,-4.0,0.273972602739726,-5.885381698608398,-71.11712646484375,66.33760833740234,64.35955047607422,-4.918554782867432,0.1989826112985611
075_bag,put the bag on the tray,32,1,734,28.466,1788428109.3943176,00030_front_put_the_bag_on_the_tray.png,00030_wrist_put_the_bag_on_the_tray.png,recap.png,50,1,759,761,-8.263736263736265,-99.2967032967033,83.12087912087912,68.74725274725274,-4.0,0.273972602739726,-5.839998245239258,-69.75808715820312,65.7147445678711,64.15067291259766,-5.018016815185547,0.32104623317718506
075_bag,put the bag on the tray,32,1,734,28.466,1788428109.3943176,00030_front_put_the_bag_on_the_tray.png,00030_wrist_put_the_bag_on_the_tray.png,recap.png,50,2,760,762,-8.263736263736265,-99.2967032967033,83.12087912087912,68.74725274725274,-4.0,0.273972602739726,-5.863519668579102,-68.34138488769531,64.29398345947266,64.12614440917969,-5.083194732666016,0.34479254484176636
075_bag,put the bag on the tray,32,1,734,28.466,1788428109.3943176,00030_front_put_the_bag_on_the_tray.png,00030_wrist_put_the_bag_on_the_tray.png,recap.png,50,3,761,763,-8.263736263736265,-99.2967032967033,83.12087912087912,68.74725274725274,-4.0,0.273972602739726,-6.011821746826172,-66.56689453125,62.66059112548828,63.971649169921875,-5.192381858825684,0.24963515996932983
075_bag,put the bag on the tray,32,1,734,28.466,1788428109.3943176,00030_front_put_the_bag_on_the_tray.png,00030_wrist_put_the_bag_on_the_tray.png,recap.png,50,4,762,764,-8.263736263736265,-99.2967032967033,83.12087912087912,68.74725274725274,-4.0,0.273972602739726,-5.823392868041992,-64.71986389160156,61.232215881347656,63.612281799316406,-5.203531265258789,0.31976741552352905
075_bag,put the bag on the tray,32,1,734,28.466,1788428109.3943176,00030_front_put_the_bag_on_the_tray.png,00030_wrist_put_the_bag_on_the_tray.png,recap.png,50,5,763,765,-8.263736263736265,-99.2967032967033,83.12087912087912,68.74725274725274,-4.0,0.273972602739726,-5.745695114135742,-62.81736755371094,59.96454620361328,63.516117095947266,-5.276163101196289,0.3827015161514282
075_bag,put the bag on the tray,32,1,734,28.466,1788428109.3943176,00030_front_put_the_bag_on_the_tray.png,00030_wrist_put_the_bag_on_the_tray.png,recap.png,50,6,764,766,-8.263736263736265,-99.2967032967033,83.12087912087912,68.74725274725274,-4.0,0.273972602739726,-5.664670944213867,-61.24140548706055,58.58760070800781,63.027442932128906,-5.355589866638184,0.3145533502101898
075_bag,put the bag on the tray,32,1,734,28.466,1788428109.3943176,00030_front_put_the_bag_on_the_tray.png,00030_wrist_put_the_bag_on_the_tray.png,recap.png,50,7,765,767,-8.263736263736265,-99.2967032967033,83.12087912087912,68.74725274725274,-4.0,0.273972602739726,-5.34504508972168,-59.58308410644531,57.688629150390625,62.74916076660156,-5.5488104820251465,0.27972885966300964
075_bag,put the bag on the tray,32,1,734,28.466,1788428109.3943176,00030_front_put_the_bag_on_the_tray.png,00030_wrist_put_the_bag_on_the_tray.png,recap.png,50,8,766,768,-8.263736263736265,-99.2967032967033,83.12087912087912,68.74725274725274,-4.0,0.273972602739726,-5.485084533691406,-58.063907623291016,56.124794006347656,62.46574783325195,-5.620744705200195,0.2979966402053833
075_bag,put the bag on the tray,32,1,734,28.466,1788428109.3943176,00030_front_put_the_bag_on_the_tray.png,00030_wrist_put_the_bag_on_the_tray.png,recap.png,50,9,767,769,-8.263736263736265,-99.2967032967033,83.12087912087912,68.74725274725274,-4.0,0.273972602739726,-5.208311080932617,-56.61530303955078,54.96598815917969,62.263187408447266,-5.606350898742676,0.3403124213218689
075_bag,put the bag on the tray,32,1,734,28.466,1788428109.3943176,00030_front_put_the_bag_on_the_tray.png,00030_wrist_put_the_bag_on_the_tray.png,recap.png,50,10,768,770,-8.263736263736265,-99.2967032967033,83.12087912087912,68.74725274725274,-4.0,0.273972602739726,-5.156869888305664,-55.05522155761719,53.85071563720703,62.30516815185547,-5.618666648864746,0.3797614872455597
075_bag,put the bag on the tray,32,1,734,28.466,1788428109.3943176,00030_front_put_the_bag_on_the_tray.png,00030_wrist_put_the_bag_on_the_tray.png,recap.png,50,11,769,771,-8.263736263736265,-99.2967032967033,83.12087912087912,68.74725274725274,-4.0,0.273972602739726,-5.465703964233398,-53.79747009277344,52.70481872558594,62.176692962646484,-5.694794654846191,0.40654873847961426
075_bag,put the bag on the tray,32,1,734,28.466,1788428109.3943176,00030_front_put_the_bag_on_the_tray.png,00030_wrist_put_the_bag_on_the_tray.png,recap.png,50,12,770,772,-8.263736263736265,-99.2967032967033,83.12087912087912,68.74725274725274,-4.0,0.273972602739726,-5.369035720825195,-52.16257858276367,51.405784606933594,61.95732116699219,-5.625531196594238,0.33266180753707886
075_bag,put the bag on the tray,32,1,734,28.466,1788428109.3943176,00030_front_put_the_bag_on_the_tray.png,00030_wrist_put_the_bag_on_the_tray.png,recap.png,50,13,771,773,-8.263736263736265,-99.2967032967033,83.12087912087912,68.74725274725274,-4.0,0.273972602739726,-5.299827575683594,-50.68206024169922,49.95404052734375,62.057884216308594,-5.6764726638793945,0.38131752610206604
075_bag,put the bag on the tray,32,1,734,28.466,1788428109.3943176,00030_front_put_the_bag_on_the_tray.png,00030_wrist_put_the_bag_on_the_tray.png,recap.png,50,14,772,774,-8.263736263736265,-99.2967032967033,83.12087912087912,68.74725274725274,-4.0,0.273972602739726,-5.453561782836914,-49.39525604248047,48.48236846923828,62.09114456176758,-5.64534330368042,0.2597414255142212
075_bag,put the bag on the tray,32,1,734,28.466,1788428109.3943176,00030_front_put_the_bag_on_the_tray.png,00030_wrist_put_the_bag_on_the_tray.png,recap.png,50,15,773,775,-8.263736263736265,-99.2967032967033,83.12087912087912,68.74725274725274,-4.0,0.273972602739726,-5.502092361450195,-47.4933967590332,47.334922790527344,62.19327163696289,-5.758512496948242,0.49231573939323425
075_bag,put the bag on the tray,32,1,734,28.466,1788428109.3943176,00030_front_put_the_bag_on_the_tray.png,00030_wrist_put_the_bag_on_the_tray.png,recap.png,50,16,774,776,-8.263736263736265,-99.2967032967033,83.12087912087912,68.74725274725274,-4.0,0.273972602739726,-5.382516860961914,-46.44835662841797,45.78022003173828,62.184181213378906,-5.840312480926514,0.3491133451461792
075_bag,put the bag on the tray,32,1,734,28.466,1788428109.3943176,00030_front_put_the_bag_on_the_tray.png,00030_wrist_put_the_bag_on_the_tray.png,recap.png,50,17,775,777,-8.263736263736265,-99.2967032967033,83.12087912087912,68.74725274725274,-4.0,0.273972602739726,-5.477865219116211,-44.48616027832031,44.522804260253906,62.08396911621094,-5.942292213439941,0.4225308299064636
075_bag,put the bag on the tray,32,1,734,28.466,1788428109.3943176,00030_front_put_the_bag_on_the_tray.png,00030_wrist_put_the_bag_on_the_tray.png,recap.png,50,18,776,778,-8.263736263736265,-99.2967032967033,83.12087912087912,68.74725274725274,-4.0,0.273972602739726,-5.330078125,-43.51773452758789,42.858856201171875,62.087764739990234,-6.073225498199463,0.48761895298957825
075_bag,put the bag on the tray,32,1,734,28.466,1788428109.3943176,00030_front_put_the_bag_on_the_tray.png,00030_wrist_put_the_bag_on_the_tray.png,recap.png,50,19,777,779,-8.263736263736265,-99.2967032967033,83.12087912087912,68.74725274725274,-4.0,0.273972602739726,-5.332740783691406,-42.1948127746582,42.723976135253906,61.74723434448242,-6.151235580444336,0.5053726434707642
075_bag,put the bag on the tray,32,1,734,28.466,1788428109.3943176,00030_front_put_the_bag_on_the_tray.png,00030_wrist_put_the_bag_on_the_tray.png,recap.png,50,20,778,780,-8.263736263736265,-99.2967032967033,83.12087912087912,68.74725274725274,-4.0,0.273972602739726,-5.316926956176758,-40.619712829589844,41.07965087890625,61.65488815307617,-6.623783588409424,0.38233399391174316
075_bag,put the bag on the tray,32,1,734,28.466,1788428109.3943176,00030_front_put_the_bag_on_the_tray.png,00030_wrist_put_the_bag_on_the_tray.png,recap.png,50,21,779,781,-8.263736263736265,-99.2967032967033,83.12087912087912,68.74725274725274,-4.0,0.273972602739726,-5.692888259887695,-39.77390670776367,39.46757507324219,61.38585662841797,-6.954300403594971,0.46455344557762146
075_bag,put the bag on the tray,32,1,734,28.466,1788428109.3943176,00030_front_put_the_bag_on_the_tray.png,00030_wrist_put_the_bag_on_the_tray.png,recap.png,50,22,780,782,-8.263736263736265,-99.2967032967033,83.12087912087912,68.74725274725274,-4.0,0.273972602739726,-5.559650421142578,-38.520198822021484,38.94520568847656,61.34739685058594,-7.532715797424316,0.3576890826225281
075_bag,put the bag on the tray,32,1,734,28.466,1788428109.3943176,00030_front_put_the_bag_on_the_tray.png,00030_wrist_put_the_bag_on_the_tray.png,recap.png,50,23,781,783,-8.263736263736265,-99.2967032967033,83.12087912087912,68.74725274725274,-4.0,0.273972602739726,-5.581668853759766,-37.07292938232422,38.180335998535156,61.157737731933594,-7.850611209869385,0.4416939914226532
075_bag,put the bag on the tray,32,1,734,28.466,1788428109.3943176,00030_front_put_the_bag_on_the_tray.png,00030_wrist_put_the_bag_on_the_tray.png,recap.png,50,24,782,784,-8.263736263736265,-99.2967032967033,83.12087912087912,68.74725274725274,-4.0,0.273972602739726,-5.576656341552734,-36.336463928222656,36.845184326171875,60.835533142089844,-8.127466201782227,0.5325518846511841
075_bag,put the bag on the tray,32,1,734,28.466,1788428109.3943176,00030_front_put_the_bag_on_the_tray.png,00030_wrist_put_the_bag_on_the_tray.png,recap.png,50,25,783,785,-8.263736263736265,-99.2967032967033,83.12087912087912,68.74725274725274,-4.0,0.273972602739726,-5.772296905517578,-35.61112976074219,36.812042236328125,60.88441848754883,-8.38070297241211,0.4835413694381714
075_bag,put the bag on the tray,33,1,757,29.302,1788428110.229879,00031_front_put_the_bag_on_the_tray.png,00031_wrist_put_the_bag_on_the_tray.png,recap.png,50,0,784,786,-6.857142857142857,-98.94505494505495,86.46153846153847,71.12087912087912,-3.7362637362637363,0.273972602739726,-6.741567611694336,-90.4356689453125,76.65885925292969,67.896484375,-4.039986610412598,0.23542261123657227
075_bag,put the bag on the tray,33,1,757,29.302,1788428110.229879,00031_front_put_the_bag_on_the_tray.png,00031_wrist_put_the_bag_on_the_tray.png,recap.png,50,1,785,787,-6.857142857142857,-98.94505494505495,86.46153846153847,71.12087912087912,-3.7362637362637363,0.273972602739726,-6.6107330322265625,-87.85845947265625,75.24745178222656,67.51822662353516,-4.081803321838379,0.2677457630634308
075_bag,put the bag on the tray,33,1,757,29.302,1788428110.229879,00031_front_put_the_bag_on_the_tray.png,00031_wrist_put_the_bag_on_the_tray.png,recap.png,50,2,786,788,-6.857142857142857,-98.94505494505495,86.46153846153847,71.12087912087912,-3.7362637362637363,0.273972602739726,-6.38477897644043,-85.98530578613281,73.73689270019531,66.9400634765625,-4.179224014282227,0.23432648181915283
075_bag,put the bag on the tray,33,1,757,29.302,1788428110.229879,00031_front_put_the_bag_on_the_tray.png,00031_wrist_put_the_bag_on_the_tray.png,recap.png,50,3,787,789,-6.857142857142857,-98.94505494505495,86.46153846153847,71.12087912087912,-3.7362637362637363,0.273972602739726,-6.721832275390625,-83.14617919921875,71.92919921875,66.36176300048828,-4.28620719909668,0.050528984516859055
075_bag,put the bag on the tray,33,1,757,29.302,1788428110.229879,00031_front_put_the_bag_on_the_tray.png,00031_wrist_put_the_bag_on_the_tray.png,recap.png,50,4,788,790,-6.857142857142857,-98.94505494505495,86.46153846153847,71.12087912087912,-3.7362637362637363,0.273972602739726,-6.368724822998047,-80.93806457519531,70.690673828125,66.25945281982422,-4.4106550216674805,0.24929101765155792
075_bag,put the bag on the tray,33,1,757,29.302,1788428110.229879,00031_front_put_the_bag_on_the_tray.png,00031_wrist_put_the_bag_on_the_tray.png,recap.png,50,5,789,791,-6.857142857142857,-98.94505494505495,86.46153846153847,71.12087912087912,-3.7362637362637363,0.273972602739726,-6.26283073425293,-78.42723083496094,69.18412780761719,66.01486206054688,-4.63463020324707,0.2516511082649231
075_bag,put the bag on the tray,33,1,757,29.302,1788428110.229879,00031_front_put_the_bag_on_the_tray.png,00031_wrist_put_the_bag_on_the_tray.png,recap.png,50,6,790,792,-6.857142857142857,-98.94505494505495,86.46153846153847,71.12087912087912,-3.7362637362637363,0.273972602739726,-6.3403472900390625,-76.61776733398438,67.5111083984375,66.05647277832031,-4.8831868171691895,0.3048825263977051
075_bag,put the bag on the tray,33,1,757,29.302,1788428110.229879,00031_front_put_the_bag_on_the_tray.png,00031_wrist_put_the_bag_on_the_tray.png,recap.png,50,7,791,793,-6.857142857142857,-98.94505494505495,86.46153846153847,71.12087912087912,-3.7362637362637363,0.273972602739726,-6.495340347290039,-74.68598175048828,65.80199432373047,66.01419067382812,-5.12285041809082,0.3987080156803131
075_bag,put the bag on the tray,33,1,757,29.302,1788428110.229879,00031_front_put_the_bag_on_the_tray.png,00031_wrist_put_the_bag_on_the_tray.png,recap.png,50,8,792,794,-6.857142857142857,-98.94505494505495,86.46153846153847,71.12087912087912,-3.7362637362637363,0.273972602739726,-6.310552597045898,-72.69920349121094,64.20909881591797,66.01402282714844,-5.524981498718262,0.2774781584739685
075_bag,put the bag on the tray,33,1,757,29.302,1788428110.229879,00031_front_put_the_bag_on_the_tray.png,00031_wrist_put_the_bag_on_the_tray.png,recap.png,50,9,793,795,-6.857142857142857,-98.94505494505495,86.46153846153847,71.12087912087912,-3.7362637362637363,0.273972602739726,-6.483503341674805,-70.91651153564453,62.57353210449219,65.94695281982422,-5.783018112182617,0.4127803444862366
075_bag,put the bag on the tray,33,1,757,29.302,1788428110.229879,00031_front_put_the_bag_on_the_tray.png,00031_wrist_put_the_bag_on_the_tray.png,recap.png,50,10,794,796,-6.857142857142857,-98.94505494505495,86.46153846153847,71.12087912087912,-3.7362637362637363,0.273972602739726,-6.225618362426758,-68.95387268066406,60.83672332763672,66.0350341796875,-6.20347261428833,0.27633529901504517
075_bag,put the bag on the tray,33,1,757,29.302,1788428110.229879,00031_front_put_the_bag_on_the_tray.png,00031_wrist_put_the_bag_on_the_tray.png,recap.png,50,11,795,797,-6.857142857142857,-98.94505494505495,86.46153846153847,71.12087912087912,-3.7362637362637363,0.273972602739726,-6.481964111328125,-67.34905242919922,59.431419372558594,65.95352935791016,-6.490434169769287,0.33672770857810974
075_bag,put the bag on the tray,33,1,757,29.302,1788428110.229879,00031_front_put_the_bag_on_the_tray.png,00031_wrist_put_the_bag_on_the_tray.png,recap.png,50,12,796,798,-6.857142857142857,-98.94505494505495,86.46153846153847,71.12087912087912,-3.7362637362637363,0.273972602739726,-6.689308166503906,-65.02537536621094,57.82567596435547,65.71338653564453,-6.6051177978515625,0.3638017475605011
075_bag,put the bag on the tray,33,1,757,29.302,1788428110.229879,00031_front_put_the_bag_on_the_tray.png,00031_wrist_put_the_bag_on_the_tray.png,recap.png,50,13,797,799,-6.857142857142857,-98.94505494505495,86.46153846153847,71.12087912087912,-3.7362637362637363,0.273972602739726,-6.58338737487793,-63.38599395751953,56.88842010498047,65.03368377685547,-7.127519130706787,0.47498050332069397
075_bag,put the bag on the tray,33,1,757,29.302,1788428110.229879,00031_front_put_the_bag_on_the_tray.png,00031_wrist_put_the_bag_on_the_tray.png,recap.png,50,14,798,800,-6.857142857142857,-98.94505494505495,86.46153846153847,71.12087912087912,-3.7362637362637363,0.273972602739726,-6.56883430480957,-61.16646957397461,54.934715270996094,64.807861328125,-7.285517692565918,0.43498656153678894
075_bag,put the bag on the tray,33,1,757,29.302,1788428110.229879,00031_front_put_the_bag_on_the_tray.png,00031_wrist_put_the_bag_on_the_tray.png,recap.png,50,15,799,801,-6.857142857142857,-98.94505494505495,86.46153846153847,71.12087912087912,-3.7362637362637363,0.273972602739726,-6.427711486816406,-59.74671936035156,52.878501892089844,64.44039154052734,-7.456577301025391,0.44744551181793213
075_bag,put the bag on the tray,33,1,757,29.302,1788428110.229879,00031_front_put_the_bag_on_the_tray.png,00031_wrist_put_the_bag_on_the_tray.png,recap.png,50,16,800,802,-6.857142857142857,-98.94505494505495,86.46153846153847,71.12087912087912,-3.7362637362637363,0.273972602739726,-6.724771499633789,-58.17036819458008,52.45021057128906,64.38201141357422,-7.656623840332031,0.5122479200363159
075_bag,put the bag on the tray,33,1,757,29.302,1788428110.229879,00031_front_put_the_bag_on_the_tray.png,00031_wrist_put_the_bag_on_the_tray.png,recap.png,50,17,801,803,-6.857142857142857,-98.94505494505495,86.46153846153847,71.12087912087912,-3.7362637362637363,0.273972602739726,-6.581663131713867,-56.77862548828125,50.70836639404297,64.18248748779297,-7.80413818359375,0.44868290424346924
075_bag,put the bag on the tray,33,1,757,29.302,1788428110.229879,00031_front_put_the_bag_on_the_tray.png,00031_wrist_put_the_bag_on_the_tray.png,recap.png,50,18,802,804,-6.857142857142857,-98.94505494505495,86.46153846153847,71.12087912087912,-3.7362637362637363,0.273972602739726,-6.826137542724609,-55.451194763183594,50.148353576660156,64.13032531738281,-7.8853864669799805,0.6076899766921997
075_bag,put the bag on the tray,33,1,757,29.302,1788428110.229879,00031_front_put_the_bag_on_the_tray.png,00031_wrist_put_the_bag_on_the_tray.png,recap.png,50,19,803,805,-6.857142857142857,-98.94505494505495,86.46153846153847,71.12087912087912,-3.7362637362637363,0.273972602739726,-6.586530685424805,-54.25971984863281,49.134490966796875,63.75543212890625,-8.008798599243164,0.5895624160766602
075_bag,put the bag on the tray,33,1,757,29.302,1788428110.229879,00031_front_put_the_bag_on_the_tray.png,00031_wrist_put_the_bag_on_the_tray.png,recap.png,50,20,804,806,-6.857142857142857,-98.94505494505495,86.46153846153847,71.12087912087912,-3.7362637362637363,0.273972602739726,-6.328069686889648,-53.114112854003906,47.6121826171875,63.65901565551758,-7.996021747589111,0.611771821975708
075_bag,put the bag on the tray,33,1,757,29.302,1788428110.229879,00031_front_put_the_bag_on_the_tray.png,00031_wrist_put_the_bag_on_the_tray.png,recap.png,50,21,805,807,-6.857142857142857,-98.94505494505495,86.46153846153847,71.12087912087912,-3.7362637362637363,0.273972602739726,-6.291330337524414,-51.948089599609375,46.86650848388672,63.41193771362305,-8.113607406616211,0.5747168064117432
075_bag,put the bag on the tray,33,1,757,29.302,1788428110.229879,00031_front_put_the_bag_on_the_tray.png,00031_wrist_put_the_bag_on_the_tray.png,recap.png,50,22,806,808,-6.857142857142857,-98.94505494505495,86.46153846153847,71.12087912087912,-3.7362637362637363,0.273972602739726,-6.434213638305664,-50.39448547363281,45.11927032470703,63.000030517578125,-8.227813720703125,0.6498485803604126
075_bag,put the bag on the tray,34,1,783,30.339,1788428111.268827,00032_front_put_the_bag_on_the_tray.png,00032_wrist_put_the_bag_on_the_tray.png,recap.png,50,0,807,809,-5.626373626373627,-38.1978021978022,41.53846153846154,62.24175824175824,-7.076923076923077,0.273972602739726,-7.915287017822266,-67.10165405273438,67.29837799072266,53.44465637207031,-6.006102085113525,0.32769736647605896
075_bag,put the bag on the tray,34,1,783,30.339,1788428111.268827,00032_front_put_the_bag_on_the_tray.png,00032_wrist_put_the_bag_on_the_tray.png,recap.png,50,1,808,810,-5.626373626373627,-38.1978021978022,41.53846153846154,62.24175824175824,-7.076923076923077,0.273972602739726,-8.008953094482422,-68.86123657226562,68.44287109375,53.25944900512695,-5.649487018585205,0.23456971347332
075_bag,put the bag on the tray,34,1,783,30.339,1788428111.268827,00032_front_put_the_bag_on_the_tray.png,00032_wrist_put_the_bag_on_the_tray.png,recap.png,50,2,809,811,-5.626373626373627,-38.1978021978022,41.53846153846154,62.24175824175824,-7.076923076923077,0.273972602739726,-7.891826629638672,-70.2646713256836,70.0381088256836,53.22464370727539,-4.508392333984375,0.2720888555049896
075_bag,put the bag on the tray,34,1,783,30.339,1788428111.268827,00032_front_put_the_bag_on_the_tray.png,00032_wrist_put_the_bag_on_the_tray.png,recap.png,50,3,810,812,-5.626373626373627,-38.1978021978022,41.53846153846154,62.24175824175824,-7.076923076923077,0.273972602739726,-8.151113510131836,-72.48779296875,71.79683685302734,53.33097839355469,-3.7977542877197266,0.2520207166671753
075_bag,put the bag on the tray,34,1,783,30.339,1788428111.268827,00032_front_put_the_bag_on_the_tray.png,00032_wrist_put_the_bag_on_the_tray.png,recap.png,50,4,811,813,-5.626373626373627,-38.1978021978022,41.53846153846154,62.24175824175824,-7.076923076923077,0.273972602739726,-8.09185791015625,-74.31864929199219,73.01113891601562,53.58553695678711,-3.291447639465332,0.25420236587524414
075_bag,put the bag on the tray,34,1,783,30.339,1788428111.268827,00032_front_put_the_bag_on_the_tray.png,00032_wrist_put_the_bag_on_the_tray.png,recap.png,50,5,812,814,-5.626373626373627,-38.1978021978022,41.53846153846154,62.24175824175824,-7.076923076923077,0.273972602739726,-7.866861343383789,-76.52242279052734,73.974365234375,53.63581848144531,-2.998586654663086,0.2967592477798462
075_bag,put the bag on the tray,34,1,783,30.339,1788428111.268827,00032_front_put_the_bag_on_the_tray.png,00032_wrist_put_the_bag_on_the_tray.png,recap.png,50,6,813,815,-5.626373626373627,-38.1978021978022,41.53846153846154,62.24175824175824,-7.076923076923077,0.273972602739726,-7.782312393188477,-79.00566101074219,76.11624145507812,53.8187255859375,-2.9520254135131836,0.1539296805858612
075_bag,put the bag on the tray,34,1,783,30.339,1788428111.268827,00032_front_put_the_bag_on_the_tray.png,00032_wrist_put_the_bag_on_the_tray.png,recap.png,50,7,814,816,-5.626373626373627,-38.1978021978022,41.53846153846154,62.24175824175824,-7.076923076923077,0.273972602739726,-7.566196441650391,-81.46769714355469,77.83001708984375,54.18690490722656,-3.220973014831543,0.30727341771125793
075_bag,put the bag on the tray,34,1,783,30.339,1788428111.268827,00032_front_put_the_bag_on_the_tray.png,00032_wrist_put_the_bag_on_the_tray.png,recap.png,50,8,815,817,-5.626373626373627,-38.1978021978022,41.53846153846154,62.24175824175824,-7.076923076923077,0.273972602739726,-7.427766799926758,-83.48379516601562,78.70034790039062,55.156803131103516,-3.382636070251465,0.23992715775966644
075_bag,put the bag on the tray,34,1,783,30.339,1788428111.268827,00032_front_put_the_bag_on_the_tray.png,00032_wrist_put_the_bag_on_the_tray.png,recap.png,50,9,816,818,-5.626373626373627,-38.1978021978022,41.53846153846154,62.24175824175824,-7.076923076923077,0.273972602739726,-7.209436416625977,-85.59771728515625,80.53538513183594,56.17687225341797,-3.730971336364746,-0.017520397901535034
075_bag,put the bag on the tray,34,1,783,30.339,1788428111.268827,00032_front_put_the_bag_on_the_tray.png,00032_wrist_put_the_bag_on_the_tray.png,recap.png,50,10,817,819,-5.626373626373627,-38.1978021978022,41.53846153846154,62.24175824175824,-7.076923076923077,0.273972602739726,-7.09471321105957,-87.92447662353516,80.76751708984375,57.54078674316406,-3.9381017684936523,-0.11085093021392822
075_bag,put the bag on the tray,34,1,783,30.339,1788428111.268827,00032_front_put_the_bag_on_the_tray.png,00032_wrist_put_the_bag_on_the_tray.png,recap.png,50,11,818,820,-5.626373626373627,-38.1978021978022,41.53846153846154,62.24175824175824,-7.076923076923077,0.273972602739726,-7.269275665283203,-89.52838134765625,81.86299133300781,58.58247756958008,-3.77718448638916,0.10969460755586624
075_bag,put the bag on the tray,34,1,783,30.339,1788428111.268827,00032_front_put_the_bag_on_the_tray.png,00032_wrist_put_the_bag_on_the_tray.png,recap.png,50,12,819,821,-5.626373626373627,-38.1978021978022,41.53846153846154,62.24175824175824,-7.076923076923077,0.273972602739726,-6.917383193969727,-91.45665740966797,82.37863159179688,59.71587371826172,-3.670344352722168,0.07815107703208923
075_bag,put the bag on the tray,34,1,783,30.339,1788428111.268827,00032_front_put_the_bag_on_the_tray.png,00032_wrist_put_the_bag_on_the_tray.png,recap.png,50,13,820,822,-5.626373626373627,-38.1978021978022,41.53846153846154,62.24175824175824,-7.076923076923077,0.273972602739726,-6.819456100463867,-92.9815673828125,83.75431823730469,60.698585510253906,-3.6983518600463867,0.19471809267997742
075_bag,put the bag on the tray,34,1,783,30.339,1788428111.268827,00032_front_put_the_bag_on_the_tray.png,00032_wrist_put_the_bag_on_the_tray.png,recap.png,50,14,821,823,-5.626373626373627,-38.1978021978022,41.53846153846154,62.24175824175824,-7.076923076923077,0.273972602739726,-6.740026473999023,-94.83706665039062,83.716064453125,61.913719177246094,-3.3692941665649414,0.16390851140022278
075_bag,put the bag on the tray,34,1,783,30.339,1788428111.268827,00032_front_put_the_bag_on_the_tray.png,00032_wrist_put_the_bag_on_the_tray.png,recap.png,50,15,822,824,-5.626373626373627,-38.1978021978022,41.53846153846154,62.24175824175824,-7.076923076923077,0.273972602739726,-6.727474212646484,-96.04879760742188,84.1776123046875,63.452789306640625,-3.031031608581543,0.019369952380657196
075_bag,put the bag on the tray,34,1,783,30.339,1788428111.268827,00032_front_put_the_bag_on_the_tray.png,00032_wrist_put_the_bag_on_the_tray.png,recap.png,50,16,823,825,-5.626373626373627,-38.1978021978022,41.53846153846154,62.24175824175824,-7.076923076923077,0.273972602739726,-6.860723495483398,-97.41004943847656,84.53500366210938,65.62164306640625,-3.0720443725585938,0.11341104656457901
075_bag,put the bag on the tray,34,1,783,30.339,1788428111.268827,00032_front_put_the_bag_on_the_tray.png,00032_wrist_put_the_bag_on_the_tray.png,recap.png,50,17,824,826,-5.626373626373627,-38.1978021978022,41.53846153846154,62.24175824175824,-7.076923076923077,0.273972602739726,-6.928140640258789,-98.78046417236328,84.60169982910156,67.43506622314453,-2.967761993408203,0.1898779273033142
075_bag,put the bag on the tray,34,1,783,30.339,1788428111.268827,00032_front_put_the_bag_on_the_tray.png,00032_wrist_put_the_bag_on_the_tray.png,recap.png,50,18,825,827,-5.626373626373627,-38.1978021978022,41.53846153846154,62.24175824175824,-7.076923076923077,0.273972602739726,-7.123590469360352,-98.91266632080078,84.80252075195312,69.06591033935547,-2.799788475036621,-0.023585245013237
075_bag,put the bag on the tray,34,1,783,30.339,1788428111.268827,00032_front_put_the_bag_on_the_tray.png,00032_wrist_put_the_bag_on_the_tray.png,recap.png,50,19,826,828,-5.626373626373627,-38.1978021978022,41.53846153846154,62.24175824175824,-7.076923076923077,0.273972602739726,-6.769975662231445,-100.2550048828125,85.15809631347656,70.49679565429688,-2.6506471633911133,-0.042459532618522644
075_bag,put the bag on the tray,34,1,783,30.339,1788428111.268827,00032_front_put_the_bag_on_the_tray.png,00032_wrist_put_the_bag_on_the_tray.png,recap.png,50,20,827,829,-5.626373626373627,-38.1978021978022,41.53846153846154,62.24175824175824,-7.076923076923077,0.273972602739726,-6.828901290893555,-100.93171691894531,86.38127136230469,71.83013153076172,-2.5679874420166016,-0.05168105661869049
075_bag,put the bag on the tray,34,1,783,30.339,1788428111.268827,00032_front_put_the_bag_on_the_tray.png,00032_wrist_put_the_bag_on_the_tray.png,recap.png,50,21,828,830,-5.626373626373627,-38.1978021978022,41.53846153846154,62.24175824175824,-7.076923076923077,0.273972602739726,-6.639331817626953,-100.37953186035156,85.52357482910156,72.67655944824219,-2.606372833251953,0.13342925906181335
075_bag,put the bag on the tray,34,1,783,30.339,1788428111.268827,00032_front_put_the_bag_on_the_tray.png,00032_wrist_put_the_bag_on_the_tray.png,recap.png,50,22,829,831,-5.626373626373627,-38.1978021978022,41.53846153846154,62.24175824175824,-7.076923076923077,0.273972602739726,-6.426198959350586,-100.58521270751953,85.35554504394531,73.24853515625,-2.6135215759277344,-0.02631494402885437
075_bag,put the bag on the tray,34,1,783,30.339,1788428111.268827,00032_front_put_the_bag_on_the_tray.png,00032_wrist_put_the_bag_on_the_tray.png,recap.png,50,23,830,832,-5.626373626373627,-38.1978021978022,41.53846153846154,62.24175824175824,-7.076923076923077,0.273972602739726,-6.26019287109375,-100.33961486816406,85.22325134277344,73.67979431152344,-2.364442825317383,0.04587254673242569
075_bag,put the bag on the tray,34,1,783,30.339,1788428111.268827,00032_front_put_the_bag_on_the_tray.png,00032_wrist_put_the_bag_on_the_tray.png,recap.png,50,24,831,833,-5.626373626373627,-38.1978021978022,41.53846153846154,62.24175824175824,-7.076923076923077,0.273972602739726,-5.761688232421875,-100.5768051147461,85.43537902832031,74.1592025756836,-2.303849220275879,0.06477019935846329
075_bag,put the bag on the tray,34,1,783,30.339,1788428111.268827,00032_front_put_the_bag_on_the_tray.png,00032_wrist_put_the_bag_on_the_tray.png,recap.png,50,25,832,834,-5.626373626373627,-38.1978021978022,41.53846153846154,62.24175824175824,-7.076923076923077,0.273972602739726,-5.807342529296875,-100.43989562988281,85.69915771484375,74.55889892578125,-2.3070144653320312,0.03347308933734894
075_bag,put the bag on the tray,35,0,806,31.108,1788428112.0345218,00033_front_put_the_bag_on_the_tray.png,00033_wrist_put_the_bag_on_the_tray.png,recap.png,50,0,833,835,-6.5054945054945055,-54.37362637362637,51.64835164835165,64.87912087912088,-7.428571428571429,0.273972602739726,-4.490909576416016,-96.12186431884766,83.36529541015625,64.66593933105469,-5.041812896728516,0.43346771597862244
075_bag,put the bag on the tray,35,0,806,31.108,1788428112.0345218,00033_front_put_the_bag_on_the_tray.png,00033_wrist_put_the_bag_on_the_tray.png,recap.png,50,1,834,836,-6.5054945054945055,-54.37362637362637,51.64835164835165,64.87912087912088,-7.428571428571429,0.273972602739726,-4.171306610107422,-96.9003677368164,83.54241943359375,65.4122543334961,-4.624513149261475,0.4208281934261322
075_bag,put the bag on the tray,35,0,806,31.108,1788428112.0345218,00033_front_put_the_bag_on_the_tray.png,00033_wrist_put_the_bag_on_the_tray.png,recap.png,50,2,835,837,-6.5054945054945055,-54.37362637362637,51.64835164835165,64.87912087912088,-7.428571428571429,0.273972602739726,-4.118246078491211,-98.0453872680664,84.16816711425781,66.22907257080078,-3.9186229705810547,0.3454532027244568
075_bag,put the bag on the tray,35,0,806,31.108,1788428112.0345218,00033_front_put_the_bag_on_the_tray.png,00033_wrist_put_the_bag_on_the_tray.png,recap.png,50,3,836,838,-6.5054945054945055,-54.37362637362637,51.64835164835165,64.87912087912088,-7.428571428571429,0.273972602739726,-3.924224853515625,-98.08768463134766,84.55062866210938,67.41334533691406,-3.850461959838867,0.2773039937019348
075_bag,put the bag on the tray,35,0,806,31.108,1788428112.0345218,00033_front_put_the_bag_on_the_tray.png,00033_wrist_put_the_bag_on_the_tray.png,recap.png,50,4,837,839,-6.5054945054945055,-54.37362637362637,51.64835164835165,64.87912087912088,-7.428571428571429,0.273972602739726,-3.791553497314453,-99.74125671386719,84.95745849609375,68.7853775024414,-3.4768733978271484,0.26158958673477173
075_bag,put the bag on the tray,35,0,806,31.108,1788428112.0345218,00033_front_put_the_bag_on_the_tray.png,00033_wrist_put_the_bag_on_the_tray.png,recap.png,50,5,838,840,-6.5054945054945055,-54.37362637362637,51.64835164835165,64.87912087912088,-7.428571428571429,0.273972602739726,-3.715423583984375,-100.02658081054688,85.12704467773438,70.13838195800781,-3.2050857543945312,0.13512125611305237
075_bag,put the bag on the tray,35,0,806,31.108,1788428112.0345218,00033_front_put_the_bag_on_the_tray.png,00033_wrist_put_the_bag_on_the_tray.png,recap.png,50,6,839,841,-6.5054945054945055,-54.37362637362637,51.64835164835165,64.87912087912088,-7.428571428571429,0.273972602739726,-3.806428909301758,-100.43245697021484,84.25096130371094,71.3253173828125,-2.557358741760254,0.19464907050132751
075_bag,put the bag on the tray,35,0,806,31.108,1788428112.0345218,00033_front_put_the_bag_on_the_tray.png,00033_wrist_put_the_bag_on_the_tray.png,recap.png,50,7,840,842,-6.5054945054945055,-54.37362637362637,51.64835164835165,64.87912087912088,-7.428571428571429,0.273972602739726,-3.790201187133789,-100.82726287841797,84.8360595703125,72.2324447631836,-2.1435747146606445,0.24323467910289764
075_bag,put the bag on the tray,35,0,806,31.108,1788428112.0345218,00033_front_put_the_bag_on_the_tray.png,00033_wrist_put_the_bag_on_the_tray.png,recap.png,50,8,841,843,-6.5054945054945055,-54.37362637362637,51.64835164835165,64.87912087912088,-7.428571428571429,0.273972602739726,-4.117103576660156,-100.09986114501953,85.0042724609375,73.42620086669922,-2.0528507232666016,0.11246679723262787
075_bag,put the bag on the tray,35,0,806,31.108,1788428112.0345218,00033_front_put_the_bag_on_the_tray.png,00033_wrist_put_the_bag_on_the_tray.png,recap.png,50,9,842,844,-6.5054945054945055,-54.37362637362637,51.64835164835165,64.87912087912088,-7.428571428571429,0.273972602739726,-3.5396251678466797,-100.68144226074219,84.39738464355469,74.45161437988281,-2.0118703842163086,-0.03337395191192627
075_bag,put the bag on the tray,35,0,806,31.108,1788428112.0345218,00033_front_put_the_bag_on_the_tray.png,00033_wrist_put_the_bag_on_the_tray.png,recap.png,50,10,843,845,-6.5054945054945055,-54.37362637362637,51.64835164835165,64.87912087912088,-7.428571428571429,0.273972602739726,-4.142843246459961,-100.48448944091797,85.09669494628906,75.29866790771484,-2.138047218322754,0.2603224515914917
075_bag,put the bag on the tray,35,0,806,31.108,1788428112.0345218,00033_front_put_the_bag_on_the_tray.png,00033_wrist_put_the_bag_on_the_tray.png,recap.png,50,11,844,846,-6.5054945054945055,-54.37362637362637,51.64835164835165,64.87912087912088,-7.428571428571429,0.273972602739726,-3.9142417907714844,-101.05059051513672,85.51661682128906,76.08894348144531,-2.380599021911621,0.32395225763320923
075_bag,put the bag on the tray,35,0,806,31.108,1788428112.0345218,00033_front_put_the_bag_on_the_tray.png,00033_wrist_put_the_bag_on_the_tray.png,recap.png,50,12,845,847,-6.5054945054945055,-54.37362637362637,51.64835164835165,64.87912087912088,-7.428571428571429,0.273972602739726,-3.490083694458008,-100.88314056396484,84.988525390625,76.60296630859375,-2.492001533508301,0.3286171853542328
075_bag,put the bag on the tray,35,0,806,31.108,1788428112.0345218,00033_front_put_the_bag_on_the_tray.png,00033_wrist_put_the_bag_on_the_tray.png,recap.png,50,13,846,848,-6.5054945054945055,-54.37362637362637,51.64835164835165,64.87912087912088,-7.428571428571429,0.273972602739726,-3.5301170349121094,-100.491455078125,85.29118347167969,77.18130493164062,-2.5768423080444336,0.03822724521160126
075_bag,put the bag on the tray,35,0,806,31.108,1788428112.0345218,00033_front_put_the_bag_on_the_tray.png,00033_wrist_put_the_bag_on_the_tray.png,recap.png,50,14,847,849,-6.5054945054945055,-54.37362637362637,51.64835164835165,64.87912087912088,-7.428571428571429,0.273972602739726,-3.5829620361328125,-99.99532318115234,84.5146484375,77.46320343017578,-2.5620527267456055,0.023166052997112274
075_bag,put the bag on the tray,35,0,806,31.108,1788428112.0345218,00033_front_put_the_bag_on_the_tray.png,00033_wrist_put_the_bag_on_the_tray.png,recap.png,50,15,848,850,-6.5054945054945055,-54.37362637362637,51.64835164835165,64.87912087912088,-7.428571428571429,0.273972602739726,-3.514253616333008,-100.15951538085938,84.76828002929688,77.517822265625,-2.785707473754883,-0.01770097017288208
075_bag,put the bag on the tray,35,0,806,31.108,1788428112.0345218,00033_front_put_the_bag_on_the_tray.png,00033_wrist_put_the_bag_on_the_tray.png,recap.png,50,16,849,851,-6.5054945054945055,-54.37362637362637,51.64835164835165,64.87912087912088,-7.428571428571429,0.273972602739726,-3.1791934967041016,-100.71186065673828,85.49118041992188,77.38787078857422,-2.7124547958374023,-0.06957603991031647
075_bag,put the bag on the tray,35,0,806,31.108,1788428112.0345218,00033_front_put_the_bag_on_the_tray.png,00033_wrist_put_the_bag_on_the_tray.png,recap.png,50,17,850,852,-6.5054945054945055,-54.37362637362637,51.64835164835165,64.87912087912088,-7.428571428571429,0.273972602739726,-3.163942337036133,-100.85980224609375,85.49424743652344,77.44697570800781,-2.6252756118774414,-0.1344814896583557
075_bag,put the bag on the tray,35,0,806,31.108,1788428112.0345218,00033_front_put_the_bag_on_the_tray.png,00033_wrist_put_the_bag_on_the_tray.png,recap.png,50,18,851,853,-6.5054945054945055,-54.37362637362637,51.64835164835165,64.87912087912088,-7.428571428571429,0.273972602739726,-2.8187942504882812,-101.53752136230469,86.39404296875,77.21576690673828,-2.443023681640625,0.04265637695789337
075_bag,put the bag on the tray,35,0,806,31.108,1788428112.0345218,00033_front_put_the_bag_on_the_tray.png,00033_wrist_put_the_bag_on_the_tray.png,recap.png,50,19,852,854,-6.5054945054945055,-54.37362637362637,51.64835164835165,64.87912087912088,-7.428571428571429,0.273972602739726,-2.9077377319335938,-101.45018005371094,87.16749572753906,76.83750915527344,-2.2970809936523438,-0.09113118052482605
075_bag,put the bag on the tray,35,0,806,31.108,1788428112.0345218,00033_front_put_the_bag_on_the_tray.png,00033_wrist_put_the_bag_on_the_tray.png,recap.png,50,20,853,855,-6.5054945054945055,-54.37362637362637,51.64835164835165,64.87912087912088,-7.428571428571429,0.273972602739726,-2.6471920013427734,-100.81238555908203,86.273681640625,76.88395690917969,-2.526102066040039,-0.210758239030838
075_bag,put the bag on the tray,35,0,806,31.108,1788428112.0345218,00033_front_put_the_bag_on_the_tray.png,00033_wrist_put_the_bag_on_the_tray.png,recap.png,50,21,854,856,-6.5054945054945055,-54.37362637362637,51.64835164835165,64.87912087912088,-7.428571428571429,0.273972602739726,-2.378589630126953,-101.0053482055664,86.40008544921875,77.31136322021484,-2.4972944259643555,0.08087228983640671
075_bag,put the bag on the tray,35,0,806,31.108,1788428112.0345218,00033_front_put_the_bag_on_the_tray.png,00033_wrist_put_the_bag_on_the_tray.png,recap.png,50,22,855,857,-6.5054945054945055,-54.37362637362637,51.64835164835165,64.87912087912088,-7.428571428571429,0.273972602739726,-2.387266159057617,-101.04067993164062,86.79270935058594,77.44673156738281,-2.502495765686035,0.11957891285419464
075_bag,put the bag on the tray,36,1,832,32.011,1788428112.9381628,00034_front_put_the_bag_on_the_tray.png,00034_wrist_put_the_bag_on_the_tray.png,recap.png,50,0,856,858,-6.681318681318682,-99.91208791208791,86.1978021978022,72.79120879120879,-3.032967032967033,0.273972602739726,-5.640666961669922,-100.84439849853516,84.51808166503906,70.08795928955078,-3.4149084091186523,0.055535927414894104
075_bag,put the bag on the tray,36,1,832,32.011,1788428112.9381628,00034_front_put_the_bag_on_the_tray.png,00034_wrist_put_the_bag_on_the_tray.png,recap.png,50,1,857,859,-6.681318681318682,-99.91208791208791,86.1978021978022,72.79120879120879,-3.032967032967033,0.273972602739726,-5.811107635498047,-101.24565887451172,83.90144348144531,69.88259887695312,-3.2609758377075195,-0.0823812335729599
075_bag,put the bag on the tray,36,1,832,32.011,1788428112.9381628,00034_front_put_the_bag_on_the_tray.png,00034_wrist_put_the_bag_on_the_tray.png,recap.png,50,2,858,860,-6.681318681318682,-99.91208791208791,86.1978021978022,72.79120879120879,-3.032967032967033,0.273972602739726,-5.789701461791992,-101.65911865234375,84.17161560058594,70.26624298095703,-3.2062768936157227,-0.046907782554626465
075_bag,put the bag on the tray,36,1,832,32.011,1788428112.9381628,00034_front_put_the_bag_on_the_tray.png,00034_wrist_put_the_bag_on_the_tray.png,recap.png,50,3,859,861,-6.681318681318682,-99.91208791208791,86.1978021978022,72.79120879120879,-3.032967032967033,0.273972602739726,-5.873222351074219,-101.30427551269531,84.23110961914062,70.2938232421875,-3.230039596557617,0.02558349072933197
075_bag,put the bag on the tray,36,1,832,32.011,1788428112.9381628,00034_front_put_the_bag_on_the_tray.png,00034_wrist_put_the_bag_on_the_tray.png,recap.png,50,4,860,862,-6.681318681318682,-99.91208791208791,86.1978021978022,72.79120879120879,-3.032967032967033,0.273972602739726,-6.044958114624023,-101.58269500732422,83.7122802734375,70.4739990234375,-3.169224739074707,0.033615417778491974
075_bag,put the bag on the tray,36,1,832,32.011,1788428112.9381628,00034_front_put_the_bag_on_the_tray.png,00034_wrist_put_the_bag_on_the_tray.png,recap.png,50,5,861,863,-6.681318681318682,-99.91208791208791,86.1978021978022,72.79120879120879,-3.032967032967033,0.273972602739726,-5.70164680480957,-101.2027816772461,83.39126586914062,70.67243957519531,-3.164308547973633,0.04428570717573166
075_bag,put the bag on the tray,36,1,832,32.011,1788428112.9381628,00034_front_put_the_bag_on_the_tray.png,00034_wrist_put_the_bag_on_the_tray.png,recap.png,50,6,862,864,-6.681318681318682,-99.91208791208791,86.1978021978022,72.79120879120879,-3.032967032967033,0.273972602739726,-5.991554260253906,-100.41694641113281,83.56556701660156,70.92218780517578,-3.1385412216186523,0.19164320826530457
075_bag,put the bag on the tray,36,1,832,32.011,1788428112.9381628,00034_front_put_the_bag_on_the_tray.png,00034_wrist_put_the_bag_on_the_tray.png,recap.png,50,7,863,865,-6.681318681318682,-99.91208791208791,86.1978021978022,72.79120879120879,-3.032967032967033,0.273972602739726,-5.882820129394531,-100.62013244628906,82.76605224609375,71.138427734375,-3.130441665649414,-0.042844027280807495
075_bag,put the bag on the tray,36,1,832,32.011,1788428112.9381628,00034_front_put_the_bag_on_the_tray.png,00034_wrist_put_the_bag_on_the_tray.png,recap.png,50,8,864,866,-6.681318681318682,-99.91208791208791,86.1978021978022,72.79120879120879,-3.032967032967033,0.273972602739726,-5.890186309814453,-101.1147689819336,83.02091979980469,71.30579376220703,-2.9758834838867188,-0.03370533883571625
075_bag,put the bag on the tray,36,1,832,32.011,1788428112.9381628,00034_front_put_the_bag_on_the_tray.png,00034_wrist_put_the_bag_on_the_tray.png,recap.png,50,9,865,867,-6.681318681318682,-99.91208791208791,86.1978021978022,72.79120879120879,-3.032967032967033,0.273972602739726,-6.134176254272461,-100.84038543701172,83.01548767089844,71.11029052734375,-3.033672332763672,-0.0938311368227005
075_bag,put the bag on the tray,36,1,832,32.011,1788428112.9381628,00034_front_put_the_bag_on_the_tray.png,00034_wrist_put_the_bag_on_the_tray.png,recap.png,50,10,866,868,-6.681318681318682,-99.91208791208791,86.1978021978022,72.79120879120879,-3.032967032967033,0.273972602739726,-6.030052185058594,-100.01912689208984,82.64532470703125,71.04883575439453,-3.157496452331543,-0.023988857865333557
075_bag,put the bag on the tray,36,1,832,32.011,1788428112.9381628,00034_front_put_the_bag_on_the_tray.png,00034_wrist_put_the_bag_on_the_tray.png,recap.png,50,11,867,869,-6.681318681318682,-99.91208791208791,86.1978021978022,72.79120879120879,-3.032967032967033,0.273972602739726,-5.730243682861328,-100.25511932373047,82.4678955078125,70.82693481445312,-3.036478042602539,0.06333205848932266
075_bag,put the bag on the tray,36,1,832,32.011,1788428112.9381628,00034_front_put_the_bag_on_the_tray.png,00034_wrist_put_the_bag_on_the_tray.png,recap.png,50,12,868,870,-6.681318681318682,-99.91208791208791,86.1978021978022,72.79120879120879,-3.032967032967033,0.273972602739726,-5.911571502685547,-98.87606811523438,82.01704406738281,70.5475845336914,-3.18485164642334,0.15557600557804108
075_bag,put the bag on the tray,36,1,832,32.011,1788428112.9381628,00034_front_put_the_bag_on_the_tray.png,00034_wrist_put_the_bag_on_the_tray.png,recap.png,50,13,869,871,-6.681318681318682,-99.91208791208791,86.1978021978022,72.79120879120879,-3.032967032967033,0.273972602739726,-6.079736709594727,-97.346923828125,81.20573425292969,70.03005981445312,-3.141512870788574,0.028599977493286133
075_bag,put the bag on the tray,36,1,832,32.011,1788428112.9381628,00034_front_put_the_bag_on_the_tray.png,00034_wrist_put_the_bag_on_the_tray.png,recap.png,50,14,870,872,-6.681318681318682,-99.91208791208791,86.1978021978022,72.79120879120879,-3.032967032967033,0.273972602739726,-6.071599960327148,-95.8858871459961,79.81756591796875,69.39399719238281,-3.2503509521484375,-0.10105584561824799
075_bag,put the bag on the tray,36,1,832,32.011,1788428112.9381628,00034_front_put_the_bag_on_the_tray.png,00034_wrist_put_the_bag_on_the_tray.png,recap.png,50,15,871,873,-6.681318681318682,-99.91208791208791,86.1978021978022,72.79120879120879,-3.032967032967033,0.273972602739726,-6.075185775756836,-93.64645385742188,78.82681274414062,68.6200180053711,-3.363248825073242,-0.009042374789714813
075_bag,put the bag on the tray,36,1,832,32.011,1788428112.9381628,00034_front_put_the_bag_on_the_tray.png,00034_wrist_put_the_bag_on_the_tray.png,recap.png,50,16,872,874,-6.681318681318682,-99.91208791208791,86.1978021978022,72.79120879120879,-3.032967032967033,0.273972602739726,-6.373880386352539,-91.20172119140625,77.03236389160156,68.06681060791016,-3.4712371826171875,0.04565586894750595
075_bag,put the bag on the tray,36,1,832,32.011,1788428112.9381628,00034_front_put_the_bag_on_the_tray.png,00034_wrist_put_the_bag_on_the_tray.png,recap.png,50,17,873,875,-6.681318681318682,-99.91208791208791,86.1978021978022,72.79120879120879,-3.032967032967033,0.273972602739726,-6.258893966674805,-88.12276458740234,75.19505310058594,66.95392608642578,-3.7328433990478516,-0.16446790099143982
075_bag,put the bag on the tray,36,1,832,32.011,1788428112.9381628,00034_front_put_the_bag_on_the_tray.png,00034_wrist_put_the_bag_on_the_tray.png,recap.png,50,18,874,876,-6.681318681318682,-99.91208791208791,86.1978021978022,72.79120879120879,-3.032967032967033,0.273972602739726,-5.990711212158203,-84.5640869140625,72.86138916015625,66.04190063476562,-3.9228382110595703,0.19591090083122253
075_bag,put the bag on the tray,36,1,832,32.011,1788428112.9381628,00034_front_put_the_bag_on_the_tray.png,00034_wrist_put_the_bag_on_the_tray.png,recap.png,50,19,875,877,-6.681318681318682,-99.91208791208791,86.1978021978022,72.79120879120879,-3.032967032967033,0.273972602739726,-5.818248748779297,-81.61026763916016,70.52436065673828,64.85043334960938,-4.474270820617676,0.0456601157784462
075_bag,put the bag on the tray,36,1,832,32.011,1788428112.9381628,00034_front_put_the_bag_on_the_tray.png,00034_wrist_put_the_bag_on_the_tray.png,recap.png,50,20,876,878,-6.681318681318682,-99.91208791208791,86.1978021978022,72.79120879120879,-3.032967032967033,0.273972602739726,-5.771961212158203,-78.14954376220703,68.65434265136719,63.97364044189453,-5.085140228271484,0.21948516368865967
075_bag,put the bag on the tray,36,1,832,32.011,1788428112.9381628,00034_front_put_the_bag_on_the_tray.png,00034_wrist_put_the_bag_on_the_tray.png,recap.png,50,21,877,879,-6.681318681318682,-99.91208791208791,86.1978021978022,72.79120879120879,-3.032967032967033,0.273972602739726,-5.75897216796875,-75.28814697265625,67.03376770019531,63.365516662597656,-5.635199546813965,0.21486058831214905
075_bag,put the bag on the tray,36,1,832,32.011,1788428112.9381628,00034_front_put_the_bag_on_the_tray.png,00034_wrist_put_the_bag_on_the_tray.png,recap.png,50,22,878,880,-6.681318681318682,-99.91208791208791,86.1978021978022,72.79120879120879,-3.032967032967033,0.273972602739726,-5.845407485961914,-72.66686248779297,64.91827392578125,62.70136260986328,-6.136106014251709,0.3209294080734253
075_bag,put the bag on the tray,36,1,832,32.011,1788428112.9381628,00034_front_put_the_bag_on_the_tray.png,00034_wrist_put_the_bag_on_the_tray.png,recap.png,50,23,879,881,-6.681318681318682,-99.91208791208791,86.1978021978022,72.79120879120879,-3.032967032967033,0.273972602739726,-5.735067367553711,-70.5264663696289,63.14036560058594,62.32829666137695,-6.536754131317139,0.27893543243408203
075_bag,put the bag on the tray,36,1,832,32.011,1788428112.9381628,00034_front_put_the_bag_on_the_tray.png,00034_wrist_put_the_bag_on_the_tray.png,recap.png,50,24,880,882,-6.681318681318682,-99.91208791208791,86.1978021978022,72.79120879120879,-3.032967032967033,0.273972602739726,-5.786565780639648,-69.03462219238281,61.81268310546875,62.06524658203125,-6.846717357635498,0.4194559156894684
075_bag,put the bag on the tray,36,1,832,32.011,1788428112.9381628,00034_front_put_the_bag_on_the_tray.png,00034_wrist_put_the_bag_on_the_tray.png,recap.png,50,25,881,883,-6.681318681318682,-99.91208791208791,86.1978021978022,72.79120879120879,-3.032967032967033,0.273972602739726,-5.5888214111328125,-67.74893188476562,61.01023864746094,61.921051025390625,-7.026618957519531,0.4499712884426117
075_bag,put the bag on the tray,37,1,855,32.847,1788428113.774482,00035_front_put_the_bag_on_the_tray.png,00035_wrist_put_the_bag_on_the_tray.png,recap.png,50,0,882,884,-3.1648351648351647,-101.23076923076923,86.9010989010989,76.3956043956044,-2.5934065934065935,0.273972602739726,-4.1703033447265625,-101.36514282226562,86.77604675292969,74.18319702148438,-2.867593765258789,0.03142527490854263
075_bag,put the bag on the tray,37,1,855,32.847,1788428113.774482,00035_front_put_the_bag_on_the_tray.png,00035_wrist_put_the_bag_on_the_tray.png,recap.png,50,1,883,885,-3.1648351648351647,-101.23076923076923,86.9010989010989,76.3956043956044,-2.5934065934065935,0.273972602739726,-4.039026260375977,-102.03031158447266,87.17385864257812,74.22600555419922,-2.894473075866699,0.07202038913965225
075_bag,put the bag on the tray,37,1,855,32.847,1788428113.774482,00035_front_put_the_bag_on_the_tray.png,00035_wrist_put_the_bag_on_the_tray.png,recap.png,50,2,884,886,-3.1648351648351647,-101.23076923076923,86.9010989010989,76.3956043956044,-2.5934065934065935,0.273972602739726,-4.457710266113281,-102.50228118896484,86.67161560058594,74.07421875,-2.872774124145508,0.05619870498776436
075_bag,put the bag on the tray,37,1,855,32.847,1788428113.774482,00035_front_put_the_bag_on_the_tray.png,00035_wrist_put_the_bag_on_the_tray.png,recap.png,50,3,885,887,-3.1648351648351647,-101.23076923076923,86.9010989010989,76.3956043956044,-2.5934065934065935,0.273972602739726,-4.430002212524414,-101.73050689697266,86.97660827636719,74.19660186767578,-2.9552011489868164,0.13869749009609222
075_bag,put the bag on the tray,37,1,855,32.847,1788428113.774482,00035_front_put_the_bag_on_the_tray.png,00035_wrist_put_the_bag_on_the_tray.png,recap.png,50,4,886,888,-3.1648351648351647,-101.23076923076923,86.9010989010989,76.3956043956044,-2.5934065934065935,0.273972602739726,-4.282192230224609,-101.71709442138672,86.75897216796875,74.2481689453125,-2.925558090209961,0.19496452808380127
075_bag,put the bag on the tray,37,1,855,32.847,1788428113.774482,00035_front_put_the_bag_on_the_tray.png,00035_wrist_put_the_bag_on_the_tray.png,recap.png,50,5,887,889,-3.1648351648351647,-101.23076923076923,86.9010989010989,76.3956043956044,-2.5934065934065935,0.273972602739726,-4.425868988037109,-101.52272033691406,86.16596984863281,74.09822082519531,-2.9831504821777344,0.05246845632791519
075_bag,put the bag on the tray,37,1,855,32.847,1788428113.774482,00035_front_put_the_bag_on_the_tray.png,00035_wrist_put_the_bag_on_the_tray.png,recap.png,50,6,888,890,-3.1648351648351647,-101.23076923076923,86.9010989010989,76.3956043956044,-2.5934065934065935,0.273972602739726,-4.4102935791015625,-101.64754486083984,86.33070373535156,74.12943267822266,-2.905764579772949,0.08048991858959198
075_bag,put the bag on the tray,37,1,855,32.847,1788428113.774482,00035_front_put_the_bag_on_the_tray.png,00035_wrist_put_the_bag_on_the_tray.png,recap.png,50,7,889,891,-3.1648351648351647,-101.23076923076923,86.9010989010989,76.3956043956044,-2.5934065934065935,0.273972602739726,-4.225790023803711,-102.20012664794922,86.24705505371094,74.25003051757812,-2.959413528442383,0.1921636462211609
075_bag,put the bag on the tray,37,1,855,32.847,1788428113.774482,00035_front_put_the_bag_on_the_tray.png,00035_wrist_put_the_bag_on_the_tray.png,recap.png,50,8,890,892,-3.1648351648351647,-101.23076923076923,86.9010989010989,76.3956043956044,-2.5934065934065935,0.273972602739726,-4.239219665527344,-101.31744384765625,86.03376770019531,74.09550476074219,-2.995443344116211,0.08290310949087143
075_bag,put the bag on the tray,37,1,855,32.847,1788428113.774482,00035_front_put_the_bag_on_the_tray.png,00035_wrist_put_the_bag_on_the_tray.png,recap.png,50,9,891,893,-3.1648351648351647,-101.23076923076923,86.9010989010989,76.3956043956044,-2.5934065934065935,0.273972602739726,-4.215669631958008,-101.52792358398438,86.17572021484375,74.19995880126953,-2.9799795150756836,0.08404384553432465
075_bag,put the bag on the tray,37,1,855,32.847,1788428113.774482,00035_front_put_the_bag_on_the_tray.png,00035_wrist_put_the_bag_on_the_tray.png,recap.png,50,10,892,894,-3.1648351648351647,-101.23076923076923,86.9010989010989,76.3956043956044,-2.5934065934065935,0.273972602739726,-4.416608810424805,-101.50835418701172,85.94354248046875,74.12494659423828,-3.076052665710449,0.054514143615961075
075_bag,put the bag on the tray,37,1,855,32.847,1788428113.774482,00035_front_put_the_bag_on_the_tray.png,00035_wrist_put_the_bag_on_the_tray.png,recap.png,50,11,893,895,-3.1648351648351647,-101.23076923076923,86.9010989010989,76.3956043956044,-2.5934065934065935,0.273972602739726,-4.216876983642578,-101.50118255615234,85.35012817382812,74.09208679199219,-3.0973243713378906,0.08983465284109116
075_bag,put the bag on the tray,37,1,855,32.847,1788428113.774482,00035_front_put_the_bag_on_the_tray.png,00035_wrist_put_the_bag_on_the_tray.png,recap.png,50,12,894,896,-3.1648351648351647,-101.23076923076923,86.9010989010989,76.3956043956044,-2.5934065934065935,0.273972602739726,-4.374992370605469,-101.5282974243164,85.45274353027344,73.99252319335938,-2.9543819427490234,0.09920700639486313
075_bag,put the bag on the tray,37,1,855,32.847,1788428113.774482,00035_front_put_the_bag_on_the_tray.png,00035_wrist_put_the_bag_on_the_tray.png,recap.png,50,13,895,897,-3.1648351648351647,-101.23076923076923,86.9010989010989,76.3956043956044,-2.5934065934065935,0.273972602739726,-4.472795486450195,-101.54964447021484,85.79899597167969,74.07684326171875,-3.121549606323242,0.06029432639479637
075_bag,put the bag on the tray,37,1,855,32.847,1788428113.774482,00035_front_put_the_bag_on_the_tray.png,00035_wrist_put_the_bag_on_the_tray.png,recap.png,50,14,896,898,-3.1648351648351647,-101.23076923076923,86.9010989010989,76.3956043956044,-2.5934065934065935,0.273972602739726,-4.406700134277344,-101.40880584716797,85.27828979492188,74.0787582397461,-3.1783676147460938,-0.006049260497093201
075_bag,put the bag on the tray,37,1,855,32.847,1788428113.774482,00035_front_put_the_bag_on_the_tray.png,00035_wrist_put_the_bag_on_the_tray.png,recap.png,50,15,897,899,-3.1648351648351647,-101.23076923076923,86.9010989010989,76.3956043956044,-2.5934065934065935,0.273972602739726,-4.485893249511719,-101.40542602539062,85.51919555664062,74.12583923339844,-3.0978078842163086,0.10034987330436707
075_bag,put the bag on the tray,37,1,855,32.847,1788428113.774482,00035_front_put_the_bag_on_the_tray.png,00035_wrist_put_the_bag_on_the_tray.png,recap.png,50,16,898,900,-3.1648351648351647,-101.23076923076923,86.9010989010989,76.3956043956044,-2.5934065934065935,0.273972602739726,-4.511043548583984,-101.16168975830078,85.02865600585938,73.96040344238281,-3.1220388412475586,0.04479978233575821
075_bag,put the bag on the tray,37,1,855,32.847,1788428113.774482,00035_front_put_the_bag_on_the_tray.png,00035_wrist_put_the_bag_on_the_tray.png,recap.png,50,17,899,901,-3.1648351648351647,-101.23076923076923,86.9010989010989,76.3956043956044,-2.5934065934065935,0.273972602739726,-4.561668395996094,-101.61285400390625,84.9085693359375,74.12749481201172,-3.1613969802856445,0.07890520244836807
075_bag,put the bag on the tray,37,1,855,32.847,1788428113.774482,00035_front_put_the_bag_on_the_tray.png,00035_wrist_put_the_bag_on_the_tray.png,recap.png,50,18,900,902,-3.1648351648351647,-101.23076923076923,86.9010989010989,76.3956043956044,-2.5934065934065935,0.273972602739726,-4.549814224243164,-101.53564453125,85.07215881347656,74.1179428100586,-3.208782196044922,0.10656340420246124
075_bag,put the bag on the tray,37,1,855,32.847,1788428113.774482,00035_front_put_the_bag_on_the_tray.png,00035_wrist_put_the_bag_on_the_tray.png,recap.png,50,19,901,903,-3.1648351648351647,-101.23076923076923,86.9010989010989,76.3956043956044,-2.5934065934065935,0.273972602739726,-4.493833541870117,-101.56912231445312,84.88420104980469,73.88214111328125,-3.2502336502075195,0.00946652889251709
075_bag,put the bag on the tray,37,1,855,32.847,1788428113.774482,00035_front_put_the_bag_on_the_tray.png,00035_wrist_put_the_bag_on_the_tray.png,recap.png,50,20,902,904,-3.1648351648351647,-101.23076923076923,86.9010989010989,76.3956043956044,-2.5934065934065935,0.273972602739726,-4.430259704589844,-101.37106323242188,84.4586181640625,74.02142333984375,-3.344493865966797,0.016997121274471283
075_bag,put the bag on the tray,37,1,855,32.847,1788428113.774482,00035_front_put_the_bag_on_the_tray.png,00035_wrist_put_the_bag_on_the_tray.png,recap.png,50,21,903,905,-3.1648351648351647,-101.23076923076923,86.9010989010989,76.3956043956044,-2.5934065934065935,0.273972602739726,-4.525615692138672,-101.22803497314453,84.51579284667969,73.63180541992188,-3.3962831497192383,0.12537820637226105
075_bag,put the bag on the tray,37,1,855,32.847,1788428113.774482,00035_front_put_the_bag_on_the_tray.png,00035_wrist_put_the_bag_on_the_tray.png,recap.png,50,22,904,906,-3.1648351648351647,-101.23076923076923,86.9010989010989,76.3956043956044,-2.5934065934065935,0.273972602739726,-4.701229095458984,-101.47247314453125,84.24005126953125,73.58582305908203,-3.5146188735961914,0.10629362612962723
075_bag,put the bag on the tray,38,1,881,33.817,1788428114.7475646,00036_front_put_the_bag_on_the_tray.png,00036_wrist_put_the_bag_on_the_tray.png,recap.png,50,0,905,907,-5.978021978021978,-73.97802197802197,67.82417582417582,64.0,-5.582417582417582,0.273972602739726,-5.072074890136719,-101.9727783203125,85.87054443359375,75.71224975585938,-3.666414260864258,0.15444058179855347
075_bag,put the bag on the tray,38,1,881,33.817,1788428114.7475646,00036_front_put_the_bag_on_the_tray.png,00036_wrist_put_the_bag_on_the_tray.png,recap.png,50,1,906,908,-5.978021978021978,-73.97802197802197,67.82417582417582,64.0,-5.582417582417582,0.273972602739726,-5.136556625366211,-101.59520721435547,85.84440612792969,75.86430358886719,-3.7494421005249023,-0.07646296918392181
075_bag,put the bag on the tray,38,1,881,33.817,1788428114.7475646,00036_front_put_the_bag_on_the_tray.png,00036_wrist_put_the_bag_on_the_tray.png,recap.png,50,2,907,909,-5.978021978021978,-73.97802197802197,67.82417582417582,64.0,-5.582417582417582,0.273972602739726,-5.198631286621094,-101.44176483154297,85.80282592773438,75.99264526367188,-3.7748022079467773,0.11367127299308777
075_bag,put the bag on the tray,38,1,881,33.817,1788428114.7475646,00036_front_put_the_bag_on_the_tray.png,00036_wrist_put_the_bag_on_the_tray.png,recap.png,50,3,908,910,-5.978021978021978,-73.97802197802197,67.82417582417582,64.0,-5.582417582417582,0.273972602739726,-5.281208038330078,-101.65386962890625,86.29423522949219,76.02928924560547,-3.736238479614258,-0.02896180748939514
075_bag,put the bag on the tray,38,1,881,33.817,1788428114.7475646,00036_front_put_the_bag_on_the_tray.png,00036_wrist_put_the_bag_on_the_tray.png,recap.png,50,4,909,911,-5.978021978021978,-73.97802197802197,67.82417582417582,64.0,-5.582417582417582,0.273972602739726,-5.309078216552734,-101.03645324707031,85.91560363769531,76.00593566894531,-3.7521238327026367,-0.10394273698329926
075_bag,put the bag on the tray,38,1,881,33.817,1788428114.7475646,00036_front_put_the_bag_on_the_tray.png,00036_wrist_put_the_bag_on_the_tray.png,recap.png,50,5,910,912,-5.978021978021978,-73.97802197802197,67.82417582417582,64.0,-5.582417582417582,0.273972602739726,-5.041875839233398,-100.60904693603516,85.5166015625,76.04977416992188,-3.7307090759277344,-0.024836450815200806
075_bag,put the bag on the tray,38,1,881,33.817,1788428114.7475646,00036_front_put_the_bag_on_the_tray.png,00036_wrist_put_the_bag_on_the_tray.png,recap.png,50,6,911,913,-5.978021978021978,-73.97802197802197,67.82417582417582,64.0,-5.582417582417582,0.273972602739726,-5.101543426513672,-100.7676010131836,85.79296875,76.09331512451172,-3.7859010696411133,-0.020071670413017273
075_bag,put the bag on the tray,38,1,881,33.817,1788428114.7475646,00036_front_put_the_bag_on_the_tray.png,00036_wrist_put_the_bag_on_the_tray.png,recap.png,50,7,912,914,-5.978021978021978,-73.97802197802197,67.82417582417582,64.0,-5.582417582417582,0.273972602739726,-4.746028900146484,-100.58244323730469,85.46157836914062,76.25108337402344,-3.8408021926879883,-0.11315365135669708
075_bag,put the bag on the tray,38,1,881,33.817,1788428114.7475646,00036_front_put_the_bag_on_the_tray.png,00036_wrist_put_the_bag_on_the_tray.png,recap.png,50,8,913,915,-5.978021978021978,-73.97802197802197,67.82417582417582,64.0,-5.582417582417582,0.273972602739726,-4.969682693481445,-100.50898742675781,85.71194458007812,76.46685791015625,-3.917649269104004,-0.07970039546489716
075_bag,put the bag on the tray,38,1,881,33.817,1788428114.7475646,00036_front_put_the_bag_on_the_tray.png,00036_wrist_put_the_bag_on_the_tray.png,recap.png,50,9,914,916,-5.978021978021978,-73.97802197802197,67.82417582417582,64.0,-5.582417582417582,0.273972602739726,-4.892976760864258,-100.42460632324219,86.01319885253906,76.41915893554688,-3.8995180130004883,-0.015000998973846436
075_bag,put the bag on the tray,38,1,881,33.817,1788428114.7475646,00036_front_put_the_bag_on_the_tray.png,00036_wrist_put_the_bag_on_the_tray.png,recap.png,50,10,915,917,-5.978021978021978,-73.97802197802197,67.82417582417582,64.0,-5.582417582417582,0.273972602739726,-4.56097412109375,-100.65531158447266,85.94801330566406,76.37533569335938,-3.9002485275268555,-0.1186024397611618
075_bag,put the bag on the tray,38,1,881,33.817,1788428114.7475646,00036_front_put_the_bag_on_the_tray.png,00036_wrist_put_the_bag_on_the_tray.png,recap.png,50,11,916,918,-5.978021978021978,-73.97802197802197,67.82417582417582,64.0,-5.582417582417582,0.273972602739726,-4.497661590576172,-100.77693176269531,85.53118896484375,76.24417114257812,-3.9024343490600586,-0.08766858279705048
075_bag,put the bag on the tray,38,1,881,33.817,1788428114.7475646,00036_front_put_the_bag_on_the_tray.png,00036_wrist_put_the_bag_on_the_tray.png,recap.png,50,12,917,919,-5.978021978021978,-73.97802197802197,67.82417582417582,64.0,-5.582417582417582,0.273972602739726,-4.630575180053711,-100.59741973876953,86.18260192871094,76.29736328125,-3.998048782348633,-0.1396201252937317
075_bag,put the bag on the tray,38,1,881,33.817,1788428114.7475646,00036_front_put_the_bag_on_the_tray.png,00036_wrist_put_the_bag_on_the_tray.png,recap.png,50,13,918,920,-5.978021978021978,-73.97802197802197,67.82417582417582,64.0,-5.582417582417582,0.273972602739726,-4.51252555847168,-100.71160888671875,85.68896484375,76.33649444580078,-3.9421730041503906,-0.05092056095600128
075_bag,put the bag on the tray,38,1,881,33.817,1788428114.7475646,00036_front_put_the_bag_on_the_tray.png,00036_wrist_put_the_bag_on_the_tray.png,recap.png,50,14,919,921,-5.978021978021978,-73.97802197802197,67.82417582417582,64.0,-5.582417582417582,0.273972602739726,-4.50164794921875,-100.79576873779297,86.01112365722656,76.40997314453125,-3.9800825119018555,-0.03243926167488098
075_bag,put the bag on the tray,38,1,881,33.817,1788428114.7475646,00036_front_put_the_bag_on_the_tray.png,00036_wrist_put_the_bag_on_the_tray.png,recap.png,50,15,920,922,-5.978021978021978,-73.97802197802197,67.82417582417582,64.0,-5.582417582417582,0.273972602739726,-4.456645965576172,-100.18325805664062,86.21873474121094,76.54002380371094,-4.064915657043457,-0.08200736343860626
075_bag,put the bag on the tray,38,1,881,33.817,1788428114.7475646,00036_front_put_the_bag_on_the_tray.png,00036_wrist_put_the_bag_on_the_tray.png,recap.png,50,16,921,923,-5.978021978021978,-73.97802197802197,67.82417582417582,64.0,-5.582417582417582,0.273972602739726,-4.643516540527344,-99.9336166381836,86.21517944335938,76.34773254394531,-3.97091007232666,-0.016024909913539886
075_bag,put the bag on the tray,38,1,881,33.817,1788428114.7475646,00036_front_put_the_bag_on_the_tray.png,00036_wrist_put_the_bag_on_the_tray.png,recap.png,50,17,922,924,-5.978021978021978,-73.97802197802197,67.82417582417582,64.0,-5.582417582417582,0.273972602739726,-4.777042388916016,-100.29803466796875,85.92529296875,76.46774291992188,-4.040163040161133,-0.10999058187007904
075_bag,put the bag on the tray,38,1,881,33.817,1788428114.7475646,00036_front_put_the_bag_on_the_tray.png,00036_wrist_put_the_bag_on_the_tray.png,recap.png,50,18,923,925,-5.978021978021978,-73.97802197802197,67.82417582417582,64.0,-5.582417582417582,0.273972602739726,-4.65184211730957,-100.16044616699219,85.9405517578125,76.24763488769531,-3.938321113586426,-0.10685727000236511
075_bag,put the bag on the tray,38,1,881,33.817,1788428114.7475646,00036_front_put_the_bag_on_the_tray.png,00036_wrist_put_the_bag_on_the_tray.png,recap.png,50,19,924,926,-5.978021978021978,-73.97802197802197,67.82417582417582,64.0,-5.582417582417582,0.273972602739726,-4.592748641967773,-100.3497543334961,86.58877563476562,76.31300354003906,-3.998270034790039,-0.17659544944763184
075_bag,put the bag on the tray,38,1,881,33.817,1788428114.7475646,00036_front_put_the_bag_on_the_tray.png,00036_wrist_put_the_bag_on_the_tray.png,recap.png,50,20,925,927,-5.978021978021978,-73.97802197802197,67.82417582417582,64.0,-5.582417582417582,0.273972602739726,-4.475000381469727,-100.09129333496094,86.31770324707031,76.40291595458984,-3.980301856994629,-0.13778261840343475
075_bag,put the bag on the tray,38,1,881,33.817,1788428114.7475646,00036_front_put_the_bag_on_the_tray.png,00036_wrist_put_the_bag_on_the_tray.png,recap.png,50,21,926,928,-5.978021978021978,-73.97802197802197,67.82417582417582,64.0,-5.582417582417582,0.273972602739726,-4.544109344482422,-99.79331970214844,85.90882873535156,76.32298278808594,-4.050387382507324,-0.22796708345413208
075_bag,put the bag on the tray,38,1,881,33.817,1788428114.7475646,00036_front_put_the_bag_on_the_tray.png,00036_wrist_put_the_bag_on_the_tray.png,recap.png,50,22,927,929,-5.978021978021978,-73.97802197802197,67.82417582417582,64.0,-5.582417582417582,0.273972602739726,-4.432334899902344,-98.49009704589844,86.47499084472656,76.39576721191406,-4.12928581237793,-0.17953336238861084
075_bag,put the bag on the tray,38,1,881,33.817,1788428114.7475646,00036_front_put_the_bag_on_the_tray.png,00036_wrist_put_the_bag_on_the_tray.png,recap.png,50,23,928,930,-5.978021978021978,-73.97802197802197,67.82417582417582,64.0,-5.582417582417582,0.273972602739726,-4.643316268920898,-98.60542297363281,86.55621337890625,76.42789459228516,-4.152544975280762,-0.26852181553840637
075_bag,put the bag on the tray,38,1,881,33.817,1788428114.7475646,00036_front_put_the_bag_on_the_tray.png,00036_wrist_put_the_bag_on_the_tray.png,recap.png,50,24,929,931,-5.978021978021978,-73.97802197802197,67.82417582417582,64.0,-5.582417582417582,0.273972602739726,-4.38801383972168,-98.5006332397461,85.58512878417969,76.36468505859375,-4.202579498291016,-0.036471158266067505
075_bag,put the bag on the tray,39,1,904,34.587,1788428115.513628,00037_front_put_the_bag_on_the_tray.png,00037_wrist_put_the_bag_on_the_tray.png,recap.png,50,0,930,932,-4.571428571428571,-101.31868131868131,86.02197802197803,73.75824175824175,-3.4725274725274726,0.273972602739726,-6.922303199768066,-100.14765930175781,84.78538513183594,74.39860534667969,-4.026638031005859,-0.025370916351675987
075_bag,put the bag on the tray,39,1,904,34.587,1788428115.513628,00037_front_put_the_bag_on_the_tray.png,00037_wrist_put_the_bag_on_the_tray.png,recap.png,50,1,931,933,-4.571428571428571,-101.31868131868131,86.02197802197803,73.75824175824175,-3.4725274725274726,0.273972602739726,-7.9581756591796875,-101.8873062133789,85.15156555175781,73.55400085449219,-3.8142127990722656,-0.00555642694234848
075_bag,put the bag on the tray,39,1,904,34.587,1788428115.513628,00037_front_put_the_bag_on_the_tray.png,00037_wrist_put_the_bag_on_the_tray.png,recap.png,50,2,932,934,-4.571428571428571,-101.31868131868131,86.02197802197803,73.75824175824175,-3.4725274725274726,0.273972602739726,-8.226587295532227,-101.61750793457031,84.82148742675781,73.60220336914062,-3.8593015670776367,-0.09016461670398712
075_bag,put the bag on the tray,39,1,904,34.587,1788428115.513628,00037_front_put_the_bag_on_the_tray.png,00037_wrist_put_the_bag_on_the_tray.png,recap.png,50,3,933,935,-4.571428571428571,-101.31868131868131,86.02197802197803,73.75824175824175,-3.4725274725274726,0.273972602739726,-8.139150619506836,-101.20360565185547,84.76844787597656,73.20530700683594,-3.7918663024902344,-0.04838629066944122
075_bag,put the bag on the tray,39,1,904,34.587,1788428115.513628,00037_front_put_the_bag_on_the_tray.png,00037_wrist_put_the_bag_on_the_tray.png,recap.png,50,4,934,936,-4.571428571428571,-101.31868131868131,86.02197802197803,73.75824175824175,-3.4725274725274726,0.273972602739726,-8.090970993041992,-102.03073120117188,85.25588989257812,73.1916732788086,-3.8165979385375977,-0.040609270334243774
075_bag,put the bag on the tray,39,1,904,34.587,1788428115.513628,00037_front_put_the_bag_on_the_tray.png,00037_wrist_put_the_bag_on_the_tray.png,recap.png,50,5,935,937,-4.571428571428571,-101.31868131868131,86.02197802197803,73.75824175824175,-3.4725274725274726,0.273972602739726,-8.00309944152832,-101.4335708618164,84.42903137207031,73.06230163574219,-3.7896881103515625,-0.06954418122768402
075_bag,put the bag on the tray,39,1,904,34.587,1788428115.513628,00037_front_put_the_bag_on_the_tray.png,00037_wrist_put_the_bag_on_the_tray.png,recap.png,50,6,936,938,-4.571428571428571,-101.31868131868131,86.02197802197803,73.75824175824175,-3.4725274725274726,0.273972602739726,-7.793737411499023,-101.53611755371094,84.67466735839844,72.59526062011719,-3.8451614379882812,0.004759110510349274
075_bag,put the bag on the tray,39,1,904,34.587,1788428115.513628,00037_front_put_the_bag_on_the_tray.png,00037_wrist_put_the_bag_on_the_tray.png,recap.png,50,7,937,939,-4.571428571428571,-101.31868131868131,86.02197802197803,73.75824175824175,-3.4725274725274726,0.273972602739726,-7.82029914855957,-100.8758544921875,85.18019104003906,72.04801940917969,-3.7941436767578125,-0.057945579290390015
075_bag,put the bag on the tray,39,1,904,34.587,1788428115.513628,00037_front_put_the_bag_on_the_tray.png,00037_wrist_put_the_bag_on_the_tray.png,recap.png,50,8,938,940,-4.571428571428571,-101.31868131868131,86.02197802197803,73.75824175824175,-3.4725274725274726,0.273972602739726,-7.913293838500977,-101.53173828125,84.64228820800781,71.92351531982422,-3.7596702575683594,0.021817132830619812
075_bag,put the bag on the tray,39,1,904,34.587,1788428115.513628,00037_front_put_the_bag_on_the_tray.png,00037_wrist_put_the_bag_on_the_tray.png,recap.png,50,9,939,941,-4.571428571428571,-101.31868131868131,86.02197802197803,73.75824175824175,-3.4725274725274726,0.273972602739726,-7.898782730102539,-100.80928039550781,84.69467163085938,71.24858093261719,-3.782172203063965,-0.11233791708946228
075_bag,put the bag on the tray,39,1,904,34.587,1788428115.513628,00037_front_put_the_bag_on_the_tray.png,00037_wrist_put_the_bag_on_the_tray.png,recap.png,50,10,940,942,-4.571428571428571,-101.31868131868131,86.02197802197803,73.75824175824175,-3.4725274725274726,0.273972602739726,-7.729698181152344,-100.9313735961914,84.69996643066406,71.06639099121094,-3.8101797103881836,-0.08315660059452057
075_bag,put the bag on the tray,39,1,904,34.587,1788428115.513628,00037_front_put_the_bag_on_the_tray.png,00037_wrist_put_the_bag_on_the_tray.png,recap.png,50,11,941,943,-4.571428571428571,-101.31868131868131,86.02197802197803,73.75824175824175,-3.4725274725274726,0.273972602739726,-7.672389984130859,-100.88211059570312,83.77650451660156,70.559814453125,-3.7018966674804688,-0.019670188426971436
075_bag,put the bag on the tray,39,1,904,34.587,1788428115.513628,00037_front_put_the_bag_on_the_tray.png,00037_wrist_put_the_bag_on_the_tray.png,recap.png,50,12,942,944,-4.571428571428571,-101.31868131868131,86.02197802197803,73.75824175824175,-3.4725274725274726,0.273972602739726,-7.731718063354492,-100.86347961425781,83.66123962402344,70.16571807861328,-3.775423049926758,0.0696156919002533
075_bag,put the bag on the tray,39,1,904,34.587,1788428115.513628,00037_front_put_the_bag_on_the_tray.png,00037_wrist_put_the_bag_on_the_tray.png,recap.png,50,13,943,945,-4.571428571428571,-101.31868131868131,86.02197802197803,73.75824175824175,-3.4725274725274726,0.273972602739726,-7.664768218994141,-100.31784057617188,83.72425842285156,69.7821273803711,-3.7648305892944336,-0.032993704080581665
075_bag,put the bag on the tray,39,1,904,34.587,1788428115.513628,00037_front_put_the_bag_on_the_tray.png,00037_wrist_put_the_bag_on_the_tray.png,recap.png,50,14,944,946,-4.571428571428571,-101.31868131868131,86.02197802197803,73.75824175824175,-3.4725274725274726,0.273972602739726,-7.791231155395508,-99.81499481201172,83.71078491210938,69.082763671875,-3.9711246490478516,0.06088700518012047
075_bag,put the bag on the tray,39,1,904,34.587,1788428115.513628,00037_front_put_the_bag_on_the_tray.png,00037_wrist_put_the_bag_on_the_tray.png,recap.png,50,15,945,947,-4.571428571428571,-101.31868131868131,86.02197802197803,73.75824175824175,-3.4725274725274726,0.273972602739726,-7.803321838378906,-99.68282318115234,82.77204895019531,68.4023666381836,-4.132424831390381,0.14557486772537231
075_bag,put the bag on the tray,39,1,904,34.587,1788428115.513628,00037_front_put_the_bag_on_the_tray.png,00037_wrist_put_the_bag_on_the_tray.png,recap.png,50,16,946,948,-4.571428571428571,-101.31868131868131,86.02197802197803,73.75824175824175,-3.4725274725274726,0.273972602739726,-7.639457702636719,-96.98644256591797,81.64842224121094,67.97034454345703,-4.417125225067139,0.08299019932746887
075_bag,put the bag on the tray,39,1,904,34.587,1788428115.513628,00037_front_put_the_bag_on_the_tray.png,00037_wrist_put_the_bag_on_the_tray.png,recap.png,50,17,947,949,-4.571428571428571,-101.31868131868131,86.02197802197803,73.75824175824175,-3.4725274725274726,0.273972602739726,-7.516422271728516,-94.22671508789062,80.493408203125,67.03951263427734,-4.709623336791992,0.0666247010231018
075_bag,put the bag on the tray,39,1,904,34.587,1788428115.513628,00037_front_put_the_bag_on_the_tray.png,00037_wrist_put_the_bag_on_the_tray.png,recap.png,50,18,948,950,-4.571428571428571,-101.31868131868131,86.02197802197803,73.75824175824175,-3.4725274725274726,0.273972602739726,-7.51531982421875,-91.44471740722656,77.70823669433594,66.37046813964844,-5.222298622131348,0.15406139194965363
075_bag,put the bag on the tray,39,1,904,34.587,1788428115.513628,00037_front_put_the_bag_on_the_tray.png,00037_wrist_put_the_bag_on_the_tray.png,recap.png,50,19,949,951,-4.571428571428571,-101.31868131868131,86.02197802197803,73.75824175824175,-3.4725274725274726,0.273972602739726,-7.643955230712891,-87.37039947509766,75.83648681640625,65.68911743164062,-5.698465824127197,0.3011501431465149
075_bag,put the bag on the tray,39,1,904,34.587,1788428115.513628,00037_front_put_the_bag_on_the_tray.png,00037_wrist_put_the_bag_on_the_tray.png,recap.png,50,20,950,952,-4.571428571428571,-101.31868131868131,86.02197802197803,73.75824175824175,-3.4725274725274726,0.273972602739726,-7.3961029052734375,-83.97699737548828,74.21624755859375,64.98436737060547,-6.1588521003723145,0.36867591738700867
075_bag,put the bag on the tray,39,1,904,34.587,1788428115.513628,00037_front_put_the_bag_on_the_tray.png,00037_wrist_put_the_bag_on_the_tray.png,recap.png,50,21,951,953,-4.571428571428571,-101.31868131868131,86.02197802197803,73.75824175824175,-3.4725274725274726,0.273972602739726,-7.272052764892578,-80.25018310546875,72.05427551269531,63.901634216308594,-6.587388515472412,0.41295453906059265
075_bag,put the bag on the tray,39,1,904,34.587,1788428115.513628,00037_front_put_the_bag_on_the_tray.png,00037_wrist_put_the_bag_on_the_tray.png,recap.png,50,22,952,954,-4.571428571428571,-101.31868131868131,86.02197802197803,73.75824175824175,-3.4725274725274726,0.273972602739726,-7.337106704711914,-77.29094696044922,70.42156219482422,63.13260269165039,-7.096986770629883,0.6186449527740479
075_bag,put the bag on the tray,39,1,904,34.587,1788428115.513628,00037_front_put_the_bag_on_the_tray.png,00037_wrist_put_the_bag_on_the_tray.png,recap.png,50,23,953,955,-4.571428571428571,-101.31868131868131,86.02197802197803,73.75824175824175,-3.4725274725274726,0.273972602739726,-7.12501335144043,-74.442626953125,67.9793701171875,62.259544372558594,-7.366104602813721,0.6401416659355164
075_bag,put the bag on the tray,40,0,929,35.59,1788428116.5187373,00038_front_put_the_bag_on_the_tray.png,00038_wrist_put_the_bag_on_the_tray.png,recap.png,50,0,954,956,-4.923076923076923,-99.73626373626374,86.81318681318682,75.6923076923077,-3.4725274725274726,0.273972602739726,-7.416501998901367,-101.24175262451172,86.37528991699219,69.92599487304688,-3.2407617568969727,-0.030476421117782593
075_bag,put the bag on the tray,40,0,929,35.59,1788428116.5187373,00038_front_put_the_bag_on_the_tray.png,00038_wrist_put_the_bag_on_the_tray.png,recap.png,50,1,955,957,-4.923076923076923,-99.73626373626374,86.81318681318682,75.6923076923077,-3.4725274725274726,0.273972602739726,-7.839578628540039,-101.60969543457031,86.16596984863281,70.07722473144531,-3.2568721771240234,0.0988246351480484
075_bag,put the bag on the tray,40,0,929,35.59,1788428116.5187373,00038_front_put_the_bag_on_the_tray.png,00038_wrist_put_the_bag_on_the_tray.png,recap.png,50,2,956,958,-4.923076923076923,-99.73626373626374,86.81318681318682,75.6923076923077,-3.4725274725274726,0.273972602739726,-7.7821197509765625,-101.54037475585938,85.81889343261719,70.01463317871094,-3.181428909301758,0.12148014456033707
075_bag,put the bag on the tray,40,0,929,35.59,1788428116.5187373,00038_front_put_the_bag_on_the_tray.png,00038_wrist_put_the_bag_on_the_tray.png,recap.png,50,3,957,959,-4.923076923076923,-99.73626373626374,86.81318681318682,75.6923076923077,-3.4725274725274726,0.273972602739726,-8.004951477050781,-101.05289459228516,85.73435974121094,70.31929016113281,-3.3261804580688477,0.14658071100711823
075_bag,put the bag on the tray,40,0,929,35.59,1788428116.5187373,00038_front_put_the_bag_on_the_tray.png,00038_wrist_put_the_bag_on_the_tray.png,recap.png,50,4,958,960,-4.923076923076923,-99.73626373626374,86.81318681318682,75.6923076923077,-3.4725274725274726,0.273972602739726,-8.22950553894043,-101.63348388671875,85.22744750976562,70.3990478515625,-3.265801429748535,0.2402426153421402
075_bag,put the bag on the tray,40,0,929,35.59,1788428116.5187373,00038_front_put_the_bag_on_the_tray.png,00038_wrist_put_the_bag_on_the_tray.png,recap.png,50,5,959,961,-4.923076923076923,-99.73626373626374,86.81318681318682,75.6923076923077,-3.4725274725274726,0.273972602739726,-8.052600860595703,-101.39863586425781,85.15425109863281,70.36933135986328,-3.27951717376709,0.1781805455684662
075_bag,put the bag on the tray,40,0,929,35.59,1788428116.5187373,00038_front_put_the_bag_on_the_tray.png,00038_wrist_put_the_bag_on_the_tray.png,recap.png,50,6,960,962,-4.923076923076923,-99.73626373626374,86.81318681318682,75.6923076923077,-3.4725274725274726,0.273972602739726,-8.23154067993164,-101.71296691894531,84.44332885742188,70.65202331542969,-3.4948577880859375,0.1734996736049652
075_bag,put the bag on the tray,40,0,929,35.59,1788428116.5187373,00038_front_put_the_bag_on_the_tray.png,00038_wrist_put_the_bag_on_the_tray.png,recap.png,50,7,961,963,-4.923076923076923,-99.73626373626374,86.81318681318682,75.6923076923077,-3.4725274725274726,0.273972602739726,-8.436908721923828,-101.13011169433594,84.63713073730469,70.6261978149414,-3.5175771713256836,0.2610287666320801
075_bag,put the bag on the tray,40,0,929,35.59,1788428116.5187373,00038_front_put_the_bag_on_the_tray.png,00038_wrist_put_the_bag_on_the_tray.png,recap.png,50,8,962,964,-4.923076923076923,-99.73626373626374,86.81318681318682,75.6923076923077,-3.4725274725274726,0.273972602739726,-8.645401000976562,-100.91699981689453,84.09214782714844,70.52503967285156,-3.477437973022461,0.2315298616886139
075_bag,put the bag on the tray,40,0,929,35.59,1788428116.5187373,00038_front_put_the_bag_on_the_tray.png,00038_wrist_put_the_bag_on_the_tray.png,recap.png,50,9,963,965,-4.923076923076923,-99.73626373626374,86.81318681318682,75.6923076923077,-3.4725274725274726,0.273972602739726,-8.269451141357422,-101.46206665039062,83.92884826660156,70.55564880371094,-3.4570512771606445,0.27375537157058716
075_bag,put the bag on the tray,40,0,929,35.59,1788428116.5187373,00038_front_put_the_bag_on_the_tray.png,00038_wrist_put_the_bag_on_the_tray.png,recap.png,50,10,964,966,-4.923076923076923,-99.73626373626374,86.81318681318682,75.6923076923077,-3.4725274725274726,0.273972602739726,-8.406608581542969,-100.67245483398438,84.140380859375,70.49500274658203,-3.4095869064331055,0.1961849331855774
075_bag,put the bag on the tray,40,0,929,35.59,1788428116.5187373,00038_front_put_the_bag_on_the_tray.png,00038_wrist_put_the_bag_on_the_tray.png,recap.png,50,11,965,967,-4.923076923076923,-99.73626373626374,86.81318681318682,75.6923076923077,-3.4725274725274726,0.273972602739726,-8.351114273071289,-101.12371826171875,84.13479614257812,70.35183715820312,-3.383981704711914,0.19910475611686707
075_bag,put the bag on the tray,40,0,929,35.59,1788428116.5187373,00038_front_put_the_bag_on_the_tray.png,00038_wrist_put_the_bag_on_the_tray.png,recap.png,50,12,966,968,-4.923076923076923,-99.73626373626374,86.81318681318682,75.6923076923077,-3.4725274725274726,0.273972602739726,-8.584512710571289,-100.87345886230469,84.297607421875,70.48400115966797,-3.4768476486206055,0.15245436131954193
075_bag,put the bag on the tray,40,0,929,35.59,1788428116.5187373,00038_front_put_the_bag_on_the_tray.png,00038_wrist_put_the_bag_on_the_tray.png,recap.png,50,13,967,969,-4.923076923076923,-99.73626373626374,86.81318681318682,75.6923076923077,-3.4725274725274726,0.273972602739726,-8.318326950073242,-100.84101104736328,84.01702880859375,70.02462005615234,-3.396821975708008,0.26470908522605896
075_bag,put the bag on the tray,40,0,929,35.59,1788428116.5187373,00038_front_put_the_bag_on_the_tray.png,00038_wrist_put_the_bag_on_the_tray.png,recap.png,50,14,968,970,-4.923076923076923,-99.73626373626374,86.81318681318682,75.6923076923077,-3.4725274725274726,0.273972602739726,-8.408740997314453,-100.69692993164062,83.97145080566406,69.89424896240234,-3.395491600036621,0.20823174715042114
075_bag,put the bag on the tray,40,0,929,35.59,1788428116.5187373,00038_front_put_the_bag_on_the_tray.png,00038_wrist_put_the_bag_on_the_tray.png,recap.png,50,15,969,971,-4.923076923076923,-99.73626373626374,86.81318681318682,75.6923076923077,-3.4725274725274726,0.273972602739726,-8.255573272705078,-100.54014587402344,83.76370239257812,69.3962173461914,-3.475642204284668,0.18303877115249634
075_bag,put the bag on the tray,40,0,929,35.59,1788428116.5187373,00038_front_put_the_bag_on_the_tray.png,00038_wrist_put_the_bag_on_the_tray.png,recap.png,50,16,970,972,-4.923076923076923,-99.73626373626374,86.81318681318682,75.6923076923077,-3.4725274725274726,0.273972602739726,-8.189390182495117,-99.91471862792969,83.03297424316406,69.10986328125,-3.330693244934082,0.14211121201515198
075_bag,put the bag on the tray,40,0,929,35.59,1788428116.5187373,00038_front_put_the_bag_on_the_tray.png,00038_wrist_put_the_bag_on_the_tray.png,recap.png,50,17,971,973,-4.923076923076923,-99.73626373626374,86.81318681318682,75.6923076923077,-3.4725274725274726,0.273972602739726,-8.371078491210938,-99.88938903808594,83.29649353027344,68.47071075439453,-3.504612922668457,0.2481810748577118
075_bag,put the bag on the tray,40,0,929,35.59,1788428116.5187373,00038_front_put_the_bag_on_the_tray.png,00038_wrist_put_the_bag_on_the_tray.png,recap.png,50,18,972,974,-4.923076923076923,-99.73626373626374,86.81318681318682,75.6923076923077,-3.4725274725274726,0.273972602739726,-8.204782485961914,-99.6949691772461,83.33714294433594,67.9542465209961,-3.5053701400756836,0.22967854142189026
075_bag,put the bag on the tray,40,0,929,35.59,1788428116.5187373,00038_front_put_the_bag_on_the_tray.png,00038_wrist_put_the_bag_on_the_tray.png,recap.png,50,19,973,975,-4.923076923076923,-99.73626373626374,86.81318681318682,75.6923076923077,-3.4725274725274726,0.273972602739726,-8.272968292236328,-98.68344116210938,83.22865295410156,67.17498016357422,-3.615841865539551,0.1928912103176117
075_bag,put the bag on the tray,40,0,929,35.59,1788428116.5187373,00038_front_put_the_bag_on_the_tray.png,00038_wrist_put_the_bag_on_the_tray.png,recap.png,50,20,974,976,-4.923076923076923,-99.73626373626374,86.81318681318682,75.6923076923077,-3.4725274725274726,0.273972602739726,-8.141372680664062,-97.2940673828125,82.70454406738281,66.2237548828125,-3.798558235168457,0.06944575160741806
075_bag,put the bag on the tray,40,0,929,35.59,1788428116.5187373,00038_front_put_the_bag_on_the_tray.png,00038_wrist_put_the_bag_on_the_tray.png,recap.png,50,21,975,977,-4.923076923076923,-99.73626373626374,86.81318681318682,75.6923076923077,-3.4725274725274726,0.273972602739726,-7.951410293579102,-93.8492431640625,81.46952819824219,65.04611206054688,-4.304586887359619,0.23212040960788727
075_bag,put the bag on the tray,40,0,929,35.59,1788428116.5187373,00038_front_put_the_bag_on_the_tray.png,00038_wrist_put_the_bag_on_the_tray.png,recap.png,50,22,976,978,-4.923076923076923,-99.73626373626374,86.81318681318682,75.6923076923077,-3.4725274725274726,0.273972602739726,-7.854408264160156,-89.01545715332031,77.59262084960938,63.63341522216797,-5.246756076812744,0.27260082960128784
075_bag,put the bag on the tray,40,0,929,35.59,1788428116.5187373,00038_front_put_the_bag_on_the_tray.png,00038_wrist_put_the_bag_on_the_tray.png,recap.png,50,23,977,979,-4.923076923076923,-99.73626373626374,86.81318681318682,75.6923076923077,-3.4725274725274726,0.273972602739726,-7.510614395141602,-83.68498229980469,74.52876281738281,62.66411209106445,-6.375118732452393,0.5632456541061401
075_bag,put the bag on the tray,40,0,929,35.59,1788428116.5187373,00038_front_put_the_bag_on_the_tray.png,00038_wrist_put_the_bag_on_the_tray.png,recap.png,50,24,978,980,-4.923076923076923,-99.73626373626374,86.81318681318682,75.6923076923077,-3.4725274725274726,0.273972602739726,-7.516157150268555,-80.88340759277344,71.67666625976562,62.122283935546875,-6.967701435089111,0.6874176263809204
075_bag,put the bag on the tray,41,1,953,36.393,1788428117.319937,00039_front_put_the_bag_on_the_tray.png,00039_wrist_put_the_bag_on_the_tray.png,recap.png,50,0,979,981,-7.736263736263736,-85.4065934065934,76.61538461538461,65.84615384615384,-5.758241758241758,0.273972602739726,-5.943059921264648,-101.43012237548828,84.93272399902344,76.09690856933594,-4.715027809143066,0.1313825100660324
075_bag,put the bag on the tray,41,1,953,36.393,1788428117.319937,00039_front_put_the_bag_on_the_tray.png,00039_wrist_put_the_bag_on_the_tray.png,recap.png,50,1,980,982,-7.736263736263736,-85.4065934065934,76.61538461538461,65.84615384615384,-5.758241758241758,0.273972602739726,-5.549016952514648,-101.25102996826172,85.16450500488281,76.18317413330078,-4.615296363830566,0.014059238135814667
075_bag,put the bag on the tray,41,1,953,36.393,1788428117.319937,00039_front_put_the_bag_on_the_tray.png,00039_wrist_put_the_bag_on_the_tray.png,recap.png,50,2,981,983,-7.736263736263736,-85.4065934065934,76.61538461538461,65.84615384615384,-5.758241758241758,0.273972602739726,-4.983945846557617,-101.0498275756836,84.92140197753906,76.10975646972656,-4.48913049697876,0.119486503303051
075_bag,put the bag on the tray,41,1,953,36.393,1788428117.319937,00039_front_put_the_bag_on_the_tray.png,00039_wrist_put_the_bag_on_the_tray.png,recap.png,50,3,982,984,-7.736263736263736,-85.4065934065934,76.61538461538461,65.84615384615384,-5.758241758241758,0.273972602739726,-4.791656494140625,-101.26759338378906,85.5325927734375,76.37342834472656,-4.336790084838867,-0.12138737738132477
075_bag,put the bag on the tray,41,1,953,36.393,1788428117.319937,00039_front_put_the_bag_on_the_tray.png,00039_wrist_put_the_bag_on_the_tray.png,recap.png,50,4,983,985,-7.736263736263736,-85.4065934065934,76.61538461538461,65.84615384615384,-5.758241758241758,0.273972602739726,-4.470863342285156,-101.0172348022461,85.36474609375,76.36664581298828,-4.201764106750488,-0.15806743502616882
075_bag,put the bag on the tray,41,1,953,36.393,1788428117.319937,00039_front_put_the_bag_on_the_tray.png,00039_wrist_put_the_bag_on_the_tray.png,recap.png,50,5,984,986,-7.736263736263736,-85.4065934065934,76.61538461538461,65.84615384615384,-5.758241758241758,0.273972602739726,-4.255468368530273,-100.80239868164062,84.87059020996094,76.17381286621094,-4.0654096603393555,-0.11753180623054504
075_bag,put the bag on the tray,41,1,953,36.393,1788428117.319937,00039_front_put_the_bag_on_the_tray.png,00039_wrist_put_the_bag_on_the_tray.png,recap.png,50,6,985,987,-7.736263736263736,-85.4065934065934,76.61538461538461,65.84615384615384,-5.758241758241758,0.273972602739726,-4.012828826904297,-101.46451568603516,85.26803588867188,76.25811767578125,-4.012453079223633,-0.1332026571035385
075_bag,put the bag on the tray,41,1,953,36.393,1788428117.319937,00039_front_put_the_bag_on_the_tray.png,00039_wrist_put_the_bag_on_the_tray.png,recap.png,50,7,986,988,-7.736263736263736,-85.4065934065934,76.61538461538461,65.84615384615384,-5.758241758241758,0.273972602739726,-3.843629837036133,-100.92475128173828,85.23017883300781,76.1826400756836,-3.981247901916504,-0.1456318497657776
075_bag,put the bag on the tray,41,1,953,36.393,1788428117.319937,00039_front_put_the_bag_on_the_tray.png,00039_wrist_put_the_bag_on_the_tray.png,recap.png,50,8,987,989,-7.736263736263736,-85.4065934065934,76.61538461538461,65.84615384615384,-5.758241758241758,0.273972602739726,-3.6311187744140625,-100.59541320800781,85.1007080078125,76.0959701538086,-3.988400459289551,-0.1604636311531067
075_bag,put the bag on the tray,41,1,953,36.393,1788428117.319937,00039_front_put_the_bag_on_the_tray.png,00039_wrist_put_the_bag_on_the_tray.png,recap.png,50,9,988,990,-7.736263736263736,-85.4065934065934,76.61538461538461,65.84615384615384,-5.758241758241758,0.273972602739726,-3.675098419189453,-100.12674713134766,85.25587463378906,76.19583129882812,-4.012022018432617,-0.03317001461982727
075_bag,put the bag on the tray,41,1,953,36.393,1788428117.319937,00039_front_put_the_bag_on_the_tray.png,00039_wrist_put_the_bag_on_the_tray.png,recap.png,50,10,989,991,-7.736263736263736,-85.4065934065934,76.61538461538461,65.84615384615384,-5.758241758241758,0.273972602739726,-3.5640220642089844,-100.37567901611328,85.29850769042969,76.03323364257812,-3.9647226333618164,-0.1793995201587677
075_bag,put the bag on the tray,41,1,953,36.393,1788428117.319937,00039_front_put_the_bag_on_the_tray.png,00039_wrist_put_the_bag_on_the_tray.png,recap.png,50,11,990,992,-7.736263736263736,-85.4065934065934,76.61538461538461,65.84615384615384,-5.758241758241758,0.273972602739726,-3.1849803924560547,-100.483642578125,85.37760925292969,76.09708404541016,-3.8764867782592773,-0.23296552896499634
075_bag,put the bag on the tray,41,1,953,36.393,1788428117.319937,00039_front_put_the_bag_on_the_tray.png,00039_wrist_put_the_bag_on_the_tray.png,recap.png,50,12,991,993,-7.736263736263736,-85.4065934065934,76.61538461538461,65.84615384615384,-5.758241758241758,0.273972602739726,-3.360544204711914,-100.50492095947266,85.03895568847656,76.1057357788086,-4.058589935302734,-0.21727979183197021
075_bag,put the bag on the tray,41,1,953,36.393,1788428117.319937,00039_front_put_the_bag_on_the_tray.png,00039_wrist_put_the_bag_on_the_tray.png,recap.png,50,13,992,994,-7.736263736263736,-85.4065934065934,76.61538461538461,65.84615384615384,-5.758241758241758,0.273972602739726,-3.2450332641601562,-99.83831787109375,84.99073791503906,75.9946517944336,-4.05732536315918,-0.2099425196647644
075_bag,put the bag on the tray,41,1,953,36.393,1788428117.319937,00039_front_put_the_bag_on_the_tray.png,00039_wrist_put_the_bag_on_the_tray.png,recap.png,50,14,993,995,-7.736263736263736,-85.4065934065934,76.61538461538461,65.84615384615384,-5.758241758241758,0.273972602739726,-3.3172683715820312,-99.6948013305664,85.03739929199219,76.00416564941406,-4.0987443923950195,-0.1404464840888977
075_bag,put the bag on the tray,41,1,953,36.393,1788428117.319937,00039_front_put_the_bag_on_the_tray.png,00039_wrist_put_the_bag_on_the_tray.png,recap.png,50,15,994,996,-7.736263736263736,-85.4065934065934,76.61538461538461,65.84615384615384,-5.758241758241758,0.273972602739726,-3.113821029663086,-99.55347442626953,85.11529541015625,75.88030242919922,-4.03127384185791,-0.26130351424217224
075_bag,put the bag on the tray,41,1,953,36.393,1788428117.319937,00039_front_put_the_bag_on_the_tray.png,00039_wrist_put_the_bag_on_the_tray.png,recap.png,50,16,995,997,-7.736263736263736,-85.4065934065934,76.61538461538461,65.84615384615384,-5.758241758241758,0.273972602739726,-3.2104339599609375,-99.5700454711914,84.89375305175781,75.7158203125,-4.046674728393555,-0.15620654821395874
075_bag,put the bag on the tray,41,1,953,36.393,1788428117.319937,00039_front_put_the_bag_on_the_tray.png,00039_wrist_put_the_bag_on_the_tray.png,recap.png,50,17,996,998,-7.736263736263736,-85.4065934065934,76.61538461538461,65.84615384615384,-5.758241758241758,0.273972602739726,-3.278003692626953,-99.21153259277344,85.23851013183594,75.74148559570312,-4.068737030029297,-0.35424739122390747
075_bag,put the bag on the tray,41,1,953,36.393,1788428117.319937,00039_front_put_the_bag_on_the_tray.png,00039_wrist_put_the_bag_on_the_tray.png,recap.png,50,18,997,999,-7.736263736263736,-85.4065934065934,76.61538461538461,65.84615384615384,-5.758241758241758,0.273972602739726,-3.2706451416015625,-98.27119445800781,84.34580993652344,75.61151123046875,-3.977349281311035,-0.3563823103904724
075_bag,put the bag on the tray,41,1,953,36.393,1788428117.319937,00039_front_put_the_bag_on_the_tray.png,00039_wrist_put_the_bag_on_the_tray.png,recap.png,50,19,998,1000,-7.736263736263736,-85.4065934065934,76.61538461538461,65.84615384615384,-5.758241758241758,0.273972602739726,-3.190431594848633,-97.60063171386719,84.71331787109375,75.4745101928711,-4.101716995239258,-0.3929072618484497
075_bag,put the bag on the tray,41,1,953,36.393,1788428117.319937,00039_front_put_the_bag_on_the_tray.png,00039_wrist_put_the_bag_on_the_tray.png,recap.png,50,20,999,1001,-7.736263736263736,-85.4065934065934,76.61538461538461,65.84615384615384,-5.758241758241758,0.273972602739726,-3.3806190490722656,-97.5653305053711,84.60084533691406,75.2803726196289,-4.121417999267578,-0.46559399366378784
075_bag,put the bag on the tray,41,1,953,36.393,1788428117.319937,00039_front_put_the_bag_on_the_tray.png,00039_wrist_put_the_bag_on_the_tray.png,recap.png,50,21,1000,1002,-7.736263736263736,-85.4065934065934,76.61538461538461,65.84615384615384,-5.758241758241758,0.273972602739726,-3.309476852416992,-96.07308197021484,84.23782348632812,75.01982879638672,-4.175576210021973,-0.37272655963897705
075_bag,put the bag on the tray,41,1,953,36.393,1788428117.319937,00039_front_put_the_bag_on_the_tray.png,00039_wrist_put_the_bag_on_the_tray.png,recap.png,50,22,1001,1003,-7.736263736263736,-85.4065934065934,76.61538461538461,65.84615384615384,-5.758241758241758,0.273972602739726,-3.4736900329589844,-95.40229797363281,83.70228576660156,74.76919555664062,-4.193345546722412,-0.486378014087677
075_bag,put the bag on the tray,41,1,953,36.393,1788428117.319937,00039_front_put_the_bag_on_the_tray.png,00039_wrist_put_the_bag_on_the_tray.png,recap.png,50,23,1002,1004,-7.736263736263736,-85.4065934065934,76.61538461538461,65.84615384615384,-5.758241758241758,0.273972602739726,-3.6658477783203125,-94.20719909667969,83.29747009277344,74.60784149169922,-4.248744964599609,-0.3463960289955139
075_bag,put the bag on the tray,42,1,978,37.329,1788428118.256742,00040_front_put_the_bag_on_the_tray.png,00040_wrist_put_the_bag_on_the_tray.png,recap.png,50,0,1003,1005,-8.263736263736265,-92.87912087912088,82.50549450549451,65.93406593406593,-4.351648351648351,0.273972602739726,-4.7602996826171875,-90.57415771484375,76.8758544921875,72.64753723144531,-3.935779571533203,0.10797393321990967
075_bag,put the bag on the tray,42,1,978,37.329,1788428118.256742,00040_front_put_the_bag_on_the_tray.png,00040_wrist_put_the_bag_on_the_tray.png,recap.png,50,1,1004,1006,-8.263736263736265,-92.87912087912088,82.50549450549451,65.93406593406593,-4.351648351648351,0.273972602739726,-4.882574081420898,-87.76497650146484,75.09233093261719,72.24981689453125,-4.326738357543945,0.2040596604347229
075_bag,put the bag on the tray,42,1,978,37.329,1788428118.256742,00040_front_put_the_bag_on_the_tray.png,00040_wrist_put_the_bag_on_the_tray.png,recap.png,50,2,1005,1007,-8.263736263736265,-92.87912087912088,82.50549450549451,65.93406593406593,-4.351648351648351,0.273972602739726,-4.722429275512695,-85.45677185058594,73.16213989257812,72.03775024414062,-4.684568881988525,0.07825729250907898
075_bag,put the bag on the tray,42,1,978,37.329,1788428118.256742,00040_front_put_the_bag_on_the_tray.png,00040_wrist_put_the_bag_on_the_tray.png,recap.png,50,3,1006,1008,-8.263736263736265,-92.87912087912088,82.50549450549451,65.93406593406593,-4.351648351648351,0.273972602739726,-4.700197219848633,-82.7750015258789,71.49115753173828,71.46503448486328,-4.977869033813477,0.15127751231193542
075_bag,put the bag on the tray,42,1,978,37.329,1788428118.256742,00040_front_put_the_bag_on_the_tray.png,00040_wrist_put_the_bag_on_the_tray.png,recap.png,50,4,1007,1009,-8.263736263736265,-92.87912087912088,82.50549450549451,65.93406593406593,-4.351648351648351,0.273972602739726,-4.777730941772461,-80.12837219238281,69.75740814208984,70.98062133789062,-5.3212127685546875,0.23759150505065918
075_bag,put the bag on the tray,42,1,978,37.329,1788428118.256742,00040_front_put_the_bag_on_the_tray.png,00040_wrist_put_the_bag_on_the_tray.png,recap.png,50,5,1008,1010,-8.263736263736265,-92.87912087912088,82.50549450549451,65.93406593406593,-4.351648351648351,0.273972602739726,-4.762287139892578,-77.66043090820312,67.98825073242188,70.17668151855469,-5.475172519683838,0.2005344033241272
075_bag,put the bag on the tray,42,1,978,37.329,1788428118.256742,00040_front_put_the_bag_on_the_tray.png,00040_wrist_put_the_bag_on_the_tray.png,recap.png,50,6,1009,1011,-8.263736263736265,-92.87912087912088,82.50549450549451,65.93406593406593,-4.351648351648351,0.273972602739726,-4.652744293212891,-75.9031982421875,66.05137634277344,69.41552734375,-5.66906213760376,0.1992141604423523
075_bag,put the bag on the tray,42,1,978,37.329,1788428118.256742,00040_front_put_the_bag_on_the_tray.png,00040_wrist_put_the_bag_on_the_tray.png,recap.png,50,7,1010,1012,-8.263736263736265,-92.87912087912088,82.50549450549451,65.93406593406593,-4.351648351648351,0.273972602739726,-4.657033920288086,-73.4114990234375,64.45526885986328,68.41728210449219,-5.7027387619018555,0.15661372244358063
075_bag,put the bag on the tray,42,1,978,37.329,1788428118.256742,00040_front_put_the_bag_on_the_tray.png,00040_wrist_put_the_bag_on_the_tray.png,recap.png,50,8,1011,1013,-8.263736263736265,-92.87912087912088,82.50549450549451,65.93406593406593,-4.351648351648351,0.273972602739726,-4.478063583374023,-70.73387908935547,63.824623107910156,67.62399291992188,-5.874342441558838,0.29046499729156494
075_bag,put the bag on the tray,42,1,978,37.329,1788428118.256742,00040_front_put_the_bag_on_the_tray.png,00040_wrist_put_the_bag_on_the_tray.png,recap.png,50,9,1012,1014,-8.263736263736265,-92.87912087912088,82.50549450549451,65.93406593406593,-4.351648351648351,0.273972602739726,-4.5424346923828125,-68.59957885742188,62.60981750488281,66.74510955810547,-6.033344745635986,0.38446998596191406
075_bag,put the bag on the tray,42,1,978,37.329,1788428118.256742,00040_front_put_the_bag_on_the_tray.png,00040_wrist_put_the_bag_on_the_tray.png,recap.png,50,10,1013,1015,-8.263736263736265,-92.87912087912088,82.50549450549451,65.93406593406593,-4.351648351648351,0.273972602739726,-4.802106857299805,-66.05200958251953,60.4691162109375,66.23675537109375,-6.272730350494385,0.41872939467430115
075_bag,put the bag on the tray,42,1,978,37.329,1788428118.256742,00040_front_put_the_bag_on_the_tray.png,00040_wrist_put_the_bag_on_the_tray.png,recap.png,50,11,1014,1016,-8.263736263736265,-92.87912087912088,82.50549450549451,65.93406593406593,-4.351648351648351,0.273972602739726,-4.790618896484375,-63.46234893798828,58.80341339111328,65.69920349121094,-6.553072452545166,0.36788249015808105
075_bag,put the bag on the tray,42,1,978,37.329,1788428118.256742,00040_front_put_the_bag_on_the_tray.png,00040_wrist_put_the_bag_on_the_tray.png,recap.png,50,12,1015,1017,-8.263736263736265,-92.87912087912088,82.50549450549451,65.93406593406593,-4.351648351648351,0.273972602739726,-4.893623352050781,-61.14936828613281,57.025352478027344,65.24688720703125,-6.853837013244629,0.3462933599948883
075_bag,put the bag on the tray,42,1,978,37.329,1788428118.256742,00040_front_put_the_bag_on_the_tray.png,00040_wrist_put_the_bag_on_the_tray.png,recap.png,50,13,1016,1018,-8.263736263736265,-92.87912087912088,82.50549450549451,65.93406593406593,-4.351648351648351,0.273972602739726,-4.978158950805664,-59.01386260986328,55.82209777832031,64.8998031616211,-7.197965621948242,0.3594798743724823
075_bag,put the bag on the tray,42,1,978,37.329,1788428118.256742,00040_front_put_the_bag_on_the_tray.png,00040_wrist_put_the_bag_on_the_tray.png,recap.png,50,14,1017,1019,-8.263736263736265,-92.87912087912088,82.50549450549451,65.93406593406593,-4.351648351648351,0.273972602739726,-4.610239028930664,-57.10457229614258,54.293548583984375,64.7384033203125,-7.335445880889893,0.5326835513114929
075_bag,put the bag on the tray,42,1,978,37.329,1788428118.256742,00040_front_put_the_bag_on_the_tray.png,00040_wrist_put_the_bag_on_the_tray.png,recap.png,50,15,1018,1020,-8.263736263736265,-92.87912087912088,82.50549450549451,65.93406593406593,-4.351648351648351,0.273972602739726,-4.84895133972168,-55.527587890625,52.77459716796875,64.1690673828125,-7.5416717529296875,0.5274631381034851
075_bag,put the bag on the tray,42,1,978,37.329,1788428118.256742,00040_front_put_the_bag_on_the_tray.png,00040_wrist_put_the_bag_on_the_tray.png,recap.png,50,16,1019,1021,-8.263736263736265,-92.87912087912088,82.50549450549451,65.93406593406593,-4.351648351648351,0.273972602739726,-4.958709716796875,-53.96147155761719,52.037635803222656,64.02360534667969,-7.371963024139404,0.6338197588920593
075_bag,put the bag on the tray,42,1,978,37.329,1788428118.256742,00040_front_put_the_bag_on_the_tray.png,00040_wrist_put_the_bag_on_the_tray.png,recap.png,50,17,1020,1022,-8.263736263736265,-92.87912087912088,82.50549450549451,65.93406593406593,-4.351648351648351,0.273972602739726,-4.916707992553711,-53.15385818481445,50.675018310546875,63.64511489868164,-7.359074115753174,0.4719332158565521
075_bag,put the bag on the tray,42,1,978,37.329,1788428118.256742,00040_front_put_the_bag_on_the_tray.png,00040_wrist_put_the_bag_on_the_tray.png,recap.png,50,18,1021,1023,-8.263736263736265,-92.87912087912088,82.50549450549451,65.93406593406593,-4.351648351648351,0.273972602739726,-4.883174896240234,-51.97206115722656,49.78971862792969,63.64784240722656,-7.345950126647949,0.5874413251876831
075_bag,put the bag on the tray,42,1,978,37.329,1788428118.256742,00040_front_put_the_bag_on_the_tray.png,00040_wrist_put_the_bag_on_the_tray.png,recap.png,50,19,1022,1024,-8.263736263736265,-92.87912087912088,82.50549450549451,65.93406593406593,-4.351648351648351,0.273972602739726,-5.187713623046875,-50.99223327636719,48.587745666503906,63.67063903808594,-7.224905967712402,0.5605987906455994
075_bag,put the bag on the tray,42,1,978,37.329,1788428118.256742,00040_front_put_the_bag_on_the_tray.png,00040_wrist_put_the_bag_on_the_tray.png,recap.png,50,20,1023,1025,-8.263736263736265,-92.87912087912088,82.50549450549451,65.93406593406593,-4.351648351648351,0.273972602739726,-5.079730987548828,-49.95782470703125,49.082763671875,63.61480712890625,-7.272126197814941,0.5057252645492554
075_bag,put the bag on the tray,42,1,978,37.329,1788428118.256742,00040_front_put_the_bag_on_the_tray.png,00040_wrist_put_the_bag_on_the_tray.png,recap.png,50,21,1024,1026,-8.263736263736265,-92.87912087912088,82.50549450549451,65.93406593406593,-4.351648351648351,0.273972602739726,-5.123773574829102,-49.214111328125,47.516395568847656,63.53877258300781,-7.159959316253662,0.5060874819755554
075_bag,put the bag on the tray,42,1,978,37.329,1788428118.256742,00040_front_put_the_bag_on_the_tray.png,00040_wrist_put_the_bag_on_the_tray.png,recap.png,50,22,1025,1027,-8.263736263736265,-92.87912087912088,82.50549450549451,65.93406593406593,-4.351648351648351,0.273972602739726,-5.230018615722656,-48.15235900878906,46.91880798339844,63.58671569824219,-7.313642978668213,0.4988277554512024
075_bag,put the bag on the tray,42,1,978,37.329,1788428118.256742,00040_front_put_the_bag_on_the_tray.png,00040_wrist_put_the_bag_on_the_tray.png,recap.png,50,23,1026,1028,-8.263736263736265,-92.87912087912088,82.50549450549451,65.93406593406593,-4.351648351648351,0.273972602739726,-5.153623580932617,-46.85649871826172,45.981109619140625,63.71248245239258,-7.356399059295654,0.49566787481307983
075_bag,put the bag on the tray,42,1,978,37.329,1788428118.256742,00040_front_put_the_bag_on_the_tray.png,00040_wrist_put_the_bag_on_the_tray.png,recap.png,50,24,1027,1029,-8.263736263736265,-92.87912087912088,82.50549450549451,65.93406593406593,-4.351648351648351,0.273972602739726,-5.154239654541016,-45.8906364440918,44.58668518066406,63.781288146972656,-7.623514175415039,0.6318601369857788
075_bag,put the bag on the tray,43,1,1002,38.164,1788428119.0919242,00041_front_put_the_bag_on_the_tray.png,00041_wrist_put_the_bag_on_the_tray.png,recap.png,50,0,1028,1030,-3.6043956043956045,-97.45054945054945,85.23076923076923,75.34065934065934,-4.263736263736264,0.2054794520547945,-6.171777725219727,-91.1118392944336,78.89218139648438,67.38941955566406,-5.573486804962158,0.22504973411560059
075_bag,put the bag on the tray,43,1,1002,38.164,1788428119.0919242,00041_front_put_the_bag_on_the_tray.png,00041_wrist_put_the_bag_on_the_tray.png,recap.png,50,1,1029,1031,-3.6043956043956045,-97.45054945054945,85.23076923076923,75.34065934065934,-4.263736263736264,0.2054794520547945,-6.318994522094727,-89.79872131347656,77.19737243652344,67.17241668701172,-5.878194332122803,0.21653558313846588
075_bag,put the bag on the tray,43,1,1002,38.164,1788428119.0919242,00041_front_put_the_bag_on_the_tray.png,00041_wrist_put_the_bag_on_the_tray.png,recap.png,50,2,1030,1032,-3.6043956043956045,-97.45054945054945,85.23076923076923,75.34065934065934,-4.263736263736264,0.2054794520547945,-6.304533004760742,-87.98934936523438,76.58430480957031,67.3348388671875,-6.055701732635498,0.18778973817825317
075_bag,put the bag on the tray,43,1,1002,38.164,1788428119.0919242,00041_front_put_the_bag_on_the_tray.png,00041_wrist_put_the_bag_on_the_tray.png,recap.png,50,3,1031,1033,-3.6043956043956045,-97.45054945054945,85.23076923076923,75.34065934065934,-4.263736263736264,0.2054794520547945,-6.701143264770508,-86.43051147460938,74.61483764648438,67.21424865722656,-6.261507034301758,0.19822105765342712
075_bag,put the bag on the tray,43,1,1002,38.164,1788428119.0919242,00041_front_put_the_bag_on_the_tray.png,00041_wrist_put_the_bag_on_the_tray.png,recap.png,50,4,1032,1034,-3.6043956043956045,-97.45054945054945,85.23076923076923,75.34065934065934,-4.263736263736264,0.2054794520547945,-6.595266342163086,-84.61653137207031,73.6365966796875,67.39776611328125,-6.489778518676758,0.23499244451522827
075_bag,put the bag on the tray,43,1,1002,38.164,1788428119.0919242,00041_front_put_the_bag_on_the_tray.png,00041_wrist_put_the_bag_on_the_tray.png,recap.png,50,5,1033,1035,-3.6043956043956045,-97.45054945054945,85.23076923076923,75.34065934065934,-4.263736263736264,0.2054794520547945,-6.842628479003906,-83.0937271118164,72.52243041992188,67.09500885009766,-6.666878700256348,0.3364260494709015
075_bag,put the bag on the tray,43,1,1002,38.164,1788428119.0919242,00041_front_put_the_bag_on_the_tray.png,00041_wrist_put_the_bag_on_the_tray.png,recap.png,50,6,1034,1036,-3.6043956043956045,-97.45054945054945,85.23076923076923,75.34065934065934,-4.263736263736264,0.2054794520547945,-6.763118743896484,-81.29582977294922,71.21623992919922,66.91787719726562,-6.897022247314453,0.44512367248535156
075_bag,put the bag on the tray,43,1,1002,38.164,1788428119.0919242,00041_front_put_the_bag_on_the_tray.png,00041_wrist_put_the_bag_on_the_tray.png,recap.png,50,7,1035,1037,-3.6043956043956045,-97.45054945054945,85.23076923076923,75.34065934065934,-4.263736263736264,0.2054794520547945,-6.75214958190918,-78.72844696044922,69.9909896850586,66.90583801269531,-6.949443340301514,0.32830810546875
075_bag,put the bag on the tray,43,1,1002,38.164,1788428119.0919242,00041_front_put_the_bag_on_the_tray.png,00041_wrist_put_the_bag_on_the_tray.png,recap.png,50,8,1036,1038,-3.6043956043956045,-97.45054945054945,85.23076923076923,75.34065934065934,-4.263736263736264,0.2054794520547945,-6.883815765380859,-76.31056213378906,68.31560516357422,66.62401580810547,-6.969809055328369,0.37422773241996765
075_bag,put the bag on the tray,43,1,1002,38.164,1788428119.0919242,00041_front_put_the_bag_on_the_tray.png,00041_wrist_put_the_bag_on_the_tray.png,recap.png,50,9,1037,1039,-3.6043956043956045,-97.45054945054945,85.23076923076923,75.34065934065934,-4.263736263736264,0.2054794520547945,-7.204645156860352,-73.6690673828125,66.07955932617188,66.35432434082031,-6.959927558898926,0.45668721199035645
075_bag,put the bag on the tray,43,1,1002,38.164,1788428119.0919242,00041_front_put_the_bag_on_the_tray.png,00041_wrist_put_the_bag_on_the_tray.png,recap.png,50,10,1038,1040,-3.6043956043956045,-97.45054945054945,85.23076923076923,75.34065934065934,-4.263736263736264,0.2054794520547945,-7.366697311401367,-71.33187866210938,64.52368927001953,66.2232666015625,-7.224550247192383,0.3209378719329834
075_bag,put the bag on the tray,43,1,1002,38.164,1788428119.0919242,00041_front_put_the_bag_on_the_tray.png,00041_wrist_put_the_bag_on_the_tray.png,recap.png,50,11,1039,1041,-3.6043956043956045,-97.45054945054945,85.23076923076923,75.34065934065934,-4.263736263736264,0.2054794520547945,-7.143610000610352,-68.9595947265625,62.89580535888672,65.95245361328125,-7.36154842376709,0.3534766435623169
075_bag,put the bag on the tray,43,1,1002,38.164,1788428119.0919242,00041_front_put_the_bag_on_the_tray.png,00041_wrist_put_the_bag_on_the_tray.png,recap.png,50,12,1040,1042,-3.6043956043956045,-97.45054945054945,85.23076923076923,75.34065934065934,-4.263736263736264,0.2054794520547945,-6.955549240112305,-66.35284423828125,61.665924072265625,65.57367706298828,-7.450586795806885,0.2578316926956177
075_bag,put the bag on the tray,43,1,1002,38.164,1788428119.0919242,00041_front_put_the_bag_on_the_tray.png,00041_wrist_put_the_bag_on_the_tray.png,recap.png,50,13,1041,1043,-3.6043956043956045,-97.45054945054945,85.23076923076923,75.34065934065934,-4.263736263736264,0.2054794520547945,-6.885396957397461,-64.55756378173828,60.21769714355469,65.09400939941406,-7.720561981201172,0.3099372684955597
075_bag,put the bag on the tray,43,1,1002,38.164,1788428119.0919242,00041_front_put_the_bag_on_the_tray.png,00041_wrist_put_the_bag_on_the_tray.png,recap.png,50,14,1042,1044,-3.6043956043956045,-97.45054945054945,85.23076923076923,75.34065934065934,-4.263736263736264,0.2054794520547945,-6.938955307006836,-63.13639831542969,58.74385070800781,64.59318542480469,-8.001848220825195,0.3712994158267975
075_bag,put the bag on the tray,43,1,1002,38.164,1788428119.0919242,00041_front_put_the_bag_on_the_tray.png,00041_wrist_put_the_bag_on_the_tray.png,recap.png,50,15,1043,1045,-3.6043956043956045,-97.45054945054945,85.23076923076923,75.34065934065934,-4.263736263736264,0.2054794520547945,-7.187812805175781,-60.62833023071289,57.534210205078125,64.41161346435547,-8.224322319030762,0.4869976043701172
075_bag,put the bag on the tray,43,1,1002,38.164,1788428119.0919242,00041_front_put_the_bag_on_the_tray.png,00041_wrist_put_the_bag_on_the_tray.png,recap.png,50,16,1044,1046,-3.6043956043956045,-97.45054945054945,85.23076923076923,75.34065934065934,-4.263736263736264,0.2054794520547945,-6.888866424560547,-59.3874397277832,56.15016174316406,63.77470397949219,-8.547609329223633,0.41550686955451965
075_bag,put the bag on the tray,43,1,1002,38.164,1788428119.0919242,00041_front_put_the_bag_on_the_tray.png,00041_wrist_put_the_bag_on_the_tray.png,recap.png,50,17,1045,1047,-3.6043956043956045,-97.45054945054945,85.23076923076923,75.34065934065934,-4.263736263736264,0.2054794520547945,-6.771976470947266,-57.83068084716797,54.99176788330078,63.31575393676758,-8.842403411865234,0.5189606547355652
075_bag,put the bag on the tray,43,1,1002,38.164,1788428119.0919242,00041_front_put_the_bag_on_the_tray.png,00041_wrist_put_the_bag_on_the_tray.png,recap.png,50,18,1046,1048,-3.6043956043956045,-97.45054945054945,85.23076923076923,75.34065934065934,-4.263736263736264,0.2054794520547945,-7.247297286987305,-55.71137619018555,53.63874053955078,62.756893157958984,-9.216621398925781,0.46159112453460693
075_bag,put the bag on the tray,43,1,1002,38.164,1788428119.0919242,00041_front_put_the_bag_on_the_tray.png,00041_wrist_put_the_bag_on_the_tray.png,recap.png,50,19,1047,1049,-3.6043956043956045,-97.45054945054945,85.23076923076923,75.34065934065934,-4.263736263736264,0.2054794520547945,-6.997320175170898,-55.20400619506836,52.354209899902344,62.63529586791992,-9.348489761352539,0.5382948517799377
075_bag,put the bag on the tray,43,1,1002,38.164,1788428119.0919242,00041_front_put_the_bag_on_the_tray.png,00041_wrist_put_the_bag_on_the_tray.png,recap.png,50,20,1048,1050,-3.6043956043956045,-97.45054945054945,85.23076923076923,75.34065934065934,-4.263736263736264,0.2054794520547945,-6.976655960083008,-53.8000373840332,52.049041748046875,62.15054702758789,-9.338376998901367,0.7586396336555481
075_bag,put the bag on the tray,43,1,1002,38.164,1788428119.0919242,00041_front_put_the_bag_on_the_tray.png,00041_wrist_put_the_bag_on_the_tray.png,recap.png,50,21,1049,1051,-3.6043956043956045,-97.45054945054945,85.23076923076923,75.34065934065934,-4.263736263736264,0.2054794520547945,-6.835809707641602,-53.27363967895508,51.179412841796875,61.999183654785156,-9.423898696899414,0.6487599015235901
075_bag,put the bag on the tray,43,1,1002,38.164,1788428119.0919242,00041_front_put_the_bag_on_the_tray.png,00041_wrist_put_the_bag_on_the_tray.png,recap.png,50,22,1050,1052,-3.6043956043956045,-97.45054945054945,85.23076923076923,75.34065934065934,-4.263736263736264,0.2054794520547945,-7.178609848022461,-52.576473236083984,50.56928253173828,61.59666061401367,-9.46467113494873,0.709270179271698
075_bag,put the bag on the tray,43,1,1002,38.164,1788428119.0919242,00041_front_put_the_bag_on_the_tray.png,00041_wrist_put_the_bag_on_the_tray.png,recap.png,50,23,1051,1053,-3.6043956043956045,-97.45054945054945,85.23076923076923,75.34065934065934,-4.263736263736264,0.2054794520547945,-6.737947463989258,-51.43717575073242,49.69061279296875,61.537567138671875,-9.481931686401367,0.6567737460136414
075_bag,put the bag on the tray,44,1,1027,39.168,1788428120.0953815,00042_front_put_the_bag_on_the_tray.png,00042_wrist_put_the_bag_on_the_tray.png,recap.png,50,0,1052,1054,-5.010989010989011,-49.010989010989015,50.32967032967033,64.61538461538461,-6.9010989010989015,0.273972602739726,-4.792041778564453,-99.728271484375,87.72102355957031,64.60585021972656,-4.8243536949157715,0.1848975270986557
075_bag,put the bag on the tray,44,1,1027,39.168,1788428120.0953815,00042_front_put_the_bag_on_the_tray.png,00042_wrist_put_the_bag_on_the_tray.png,recap.png,50,1,1053,1055,-5.010989010989011,-49.010989010989015,50.32967032967033,64.61538461538461,-6.9010989010989015,0.273972602739726,-5.1031951904296875,-100.82679748535156,88.29345703125,66.39533233642578,-4.788239002227783,0.07060986757278442
075_bag,put the bag on the tray,44,1,1027,39.168,1788428120.0953815,00042_front_put_the_bag_on_the_tray.png,00042_wrist_put_the_bag_on_the_tray.png,recap.png,50,2,1054,1056,-5.010989010989011,-49.010989010989015,50.32967032967033,64.61538461538461,-6.9010989010989015,0.273972602739726,-5.005195617675781,-101.7798080444336,88.29792785644531,67.42908477783203,-4.534743785858154,0.08309004455804825
075_bag,put the bag on the tray,44,1,1027,39.168,1788428120.0953815,00042_front_put_the_bag_on_the_tray.png,00042_wrist_put_the_bag_on_the_tray.png,recap.png,50,3,1055,1057,-5.010989010989011,-49.010989010989015,50.32967032967033,64.61538461538461,-6.9010989010989015,0.273972602739726,-5.052646636962891,-101.69771575927734,87.98936462402344,68.92689514160156,-4.434326648712158,-0.11414994299411774
075_bag,put the bag on the tray,44,1,1027,39.168,1788428120.0953815,00042_front_put_the_bag_on_the_tray.png,00042_wrist_put_the_bag_on_the_tray.png,recap.png,50,4,1056,1058,-5.010989010989011,-49.010989010989015,50.32967032967033,64.61538461538461,-6.9010989010989015,0.273972602739726,-4.981544494628906,-102.12188720703125,88.12850952148438,70.26386260986328,-4.2547454833984375,-0.09468510746955872
075_bag,put the bag on the tray,44,1,1027,39.168,1788428120.0953815,00042_front_put_the_bag_on_the_tray.png,00042_wrist_put_the_bag_on_the_tray.png,recap.png,50,5,1057,1059,-5.010989010989011,-49.010989010989015,50.32967032967033,64.61538461538461,-6.9010989010989015,0.273972602739726,-4.918369293212891,-102.018798828125,87.72883605957031,71.75115966796875,-4.447357654571533,-0.011268630623817444
075_bag,put the bag on the tray,44,1,1027,39.168,1788428120.0953815,00042_front_put_the_bag_on_the_tray.png,00042_wrist_put_the_bag_on_the_tray.png,recap.png,50,6,1058,1060,-5.010989010989011,-49.010989010989015,50.32967032967033,64.61538461538461,-6.9010989010989015,0.273972602739726,-4.818244934082031,-102.55156707763672,87.69192504882812,73.34270477294922,-4.354727745056152,-0.11670120060443878
075_bag,put the bag on the tray,44,1,1027,39.168,1788428120.0953815,00042_front_put_the_bag_on_the_tray.png,00042_wrist_put_the_bag_on_the_tray.png,recap.png,50,7,1059,1061,-5.010989010989011,-49.010989010989015,50.32967032967033,64.61538461538461,-6.9010989010989015,0.273972602739726,-4.647464752197266,-102.32666015625,87.55140686035156,74.53414154052734,-4.2028489112854,-0.09440894424915314
075_bag,put the bag on the tray,44,1,1027,39.168,1788428120.0953815,00042_front_put_the_bag_on_the_tray.png,00042_wrist_put_the_bag_on_the_tray.png,recap.png,50,8,1060,1062,-5.010989010989011,-49.010989010989015,50.32967032967033,64.61538461538461,-6.9010989010989015,0.273972602739726,-4.617238998413086,-102.21615600585938,86.9141845703125,75.71612548828125,-4.248568534851074,-0.07782676815986633
075_bag,put the bag on the tray,44,1,1027,39.168,1788428120.0953815,00042_front_put_the_bag_on_the_tray.png,00042_wrist_put_the_bag_on_the_tray.png,recap.png,50,9,1061,1063,-5.010989010989011,-49.010989010989015,50.32967032967033,64.61538461538461,-6.9010989010989015,0.273972602739726,-4.624866485595703,-101.01066589355469,86.68421936035156,76.54324340820312,-4.070350646972656,-0.16119012236595154
075_bag,put the bag on the tray,44,1,1027,39.168,1788428120.0953815,00042_front_put_the_bag_on_the_tray.png,00042_wrist_put_the_bag_on_the_tray.png,recap.png,50,10,1062,1064,-5.010989010989011,-49.010989010989015,50.32967032967033,64.61538461538461,-6.9010989010989015,0.273972602739726,-4.789089202880859,-100.71842193603516,86.04542541503906,77.44522094726562,-4.02667236328125,-0.13526110351085663
075_bag,put the bag on the tray,44,1,1027,39.168,1788428120.0953815,00042_front_put_the_bag_on_the_tray.png,00042_wrist_put_the_bag_on_the_tray.png,recap.png,50,11,1063,1065,-5.010989010989011,-49.010989010989015,50.32967032967033,64.61538461538461,-6.9010989010989015,0.273972602739726,-4.70207405090332,-100.41545104980469,86.08869934082031,78.04531860351562,-4.059059143066406,-0.002520821988582611
075_bag,put the bag on the tray,44,1,1027,39.168,1788428120.0953815,00042_front_put_the_bag_on_the_tray.png,00042_wrist_put_the_bag_on_the_tray.png,recap.png,50,12,1064,1066,-5.010989010989011,-49.010989010989015,50.32967032967033,64.61538461538461,-6.9010989010989015,0.273972602739726,-4.650108337402344,-100.49624633789062,86.10716247558594,78.4642333984375,-3.9794769287109375,0.009585492312908173
075_bag,put the bag on the tray,44,1,1027,39.168,1788428120.0953815,00042_front_put_the_bag_on_the_tray.png,00042_wrist_put_the_bag_on_the_tray.png,recap.png,50,13,1065,1067,-5.010989010989011,-49.010989010989015,50.32967032967033,64.61538461538461,-6.9010989010989015,0.273972602739726,-4.630495071411133,-100.0395736694336,85.91500854492188,78.45455932617188,-3.990764617919922,0.00825781375169754
075_bag,put the bag on the tray,44,1,1027,39.168,1788428120.0953815,00042_front_put_the_bag_on_the_tray.png,00042_wrist_put_the_bag_on_the_tray.png,recap.png,50,14,1066,1068,-5.010989010989011,-49.010989010989015,50.32967032967033,64.61538461538461,-6.9010989010989015,0.273972602739726,-4.579124450683594,-100.22836303710938,86.39617919921875,78.57125854492188,-3.858187675476074,0.021252065896987915
075_bag,put the bag on the tray,44,1,1027,39.168,1788428120.0953815,00042_front_put_the_bag_on_the_tray.png,00042_wrist_put_the_bag_on_the_tray.png,recap.png,50,15,1067,1069,-5.010989010989011,-49.010989010989015,50.32967032967033,64.61538461538461,-6.9010989010989015,0.273972602739726,-4.657434463500977,-99.61420440673828,86.40625,78.4227294921875,-3.9008779525756836,0.09540878236293793
075_bag,put the bag on the tray,44,1,1027,39.168,1788428120.0953815,00042_front_put_the_bag_on_the_tray.png,00042_wrist_put_the_bag_on_the_tray.png,recap.png,50,16,1068,1070,-5.010989010989011,-49.010989010989015,50.32967032967033,64.61538461538461,-6.9010989010989015,0.273972602739726,-4.745607376098633,-99.52686309814453,85.93363952636719,78.38565063476562,-3.7827415466308594,-0.16743767261505127
075_bag,put the bag on the tray,44,1,1027,39.168,1788428120.0953815,00042_front_put_the_bag_on_the_tray.png,00042_wrist_put_the_bag_on_the_tray.png,recap.png,50,17,1069,1071,-5.010989010989011,-49.010989010989015,50.32967032967033,64.61538461538461,-6.9010989010989015,0.273972602739726,-4.681884765625,-99.72270202636719,86.38265991210938,78.19253540039062,-3.784541130065918,-0.2153063416481018
075_bag,put the bag on the tray,44,1,1027,39.168,1788428120.0953815,00042_front_put_the_bag_on_the_tray.png,00042_wrist_put_the_bag_on_the_tray.png,recap.png,50,18,1070,1072,-5.010989010989011,-49.010989010989015,50.32967032967033,64.61538461538461,-6.9010989010989015,0.273972602739726,-4.79399299621582,-99.66234588623047,86.6578369140625,78.32218170166016,-3.701350212097168,-0.24016684293746948
075_bag,put the bag on the tray,44,1,1027,39.168,1788428120.0953815,00042_front_put_the_bag_on_the_tray.png,00042_wrist_put_the_bag_on_the_tray.png,recap.png,50,19,1071,1073,-5.010989010989011,-49.010989010989015,50.32967032967033,64.61538461538461,-6.9010989010989015,0.273972602739726,-4.58551025390625,-99.84246826171875,86.50688171386719,78.14226531982422,-3.64239501953125,-0.22471478581428528
075_bag,put the bag on the tray,44,1,1027,39.168,1788428120.0953815,00042_front_put_the_bag_on_the_tray.png,00042_wrist_put_the_bag_on_the_tray.png,recap.png,50,20,1072,1074,-5.010989010989011,-49.010989010989015,50.32967032967033,64.61538461538461,-6.9010989010989015,0.273972602739726,-4.490697860717773,-99.12796783447266,86.72926330566406,78.01304626464844,-3.4091310501098633,-0.3046644330024719
075_bag,put the bag on the tray,44,1,1027,39.168,1788428120.0953815,00042_front_put_the_bag_on_the_tray.png,00042_wrist_put_the_bag_on_the_tray.png,recap.png,50,21,1073,1075,-5.010989010989011,-49.010989010989015,50.32967032967033,64.61538461538461,-6.9010989010989015,0.273972602739726,-4.540887832641602,-99.17617797851562,87.15135192871094,77.97864532470703,-3.3103294372558594,-0.2795787453651428
075_bag,put the bag on the tray,44,1,1027,39.168,1788428120.0953815,00042_front_put_the_bag_on_the_tray.png,00042_wrist_put_the_bag_on_the_tray.png,recap.png,50,22,1074,1076,-5.010989010989011,-49.010989010989015,50.32967032967033,64.61538461538461,-6.9010989010989015,0.273972602739726,-4.4779205322265625,-99.07848358154297,87.09848022460938,77.86383056640625,-3.2150449752807617,-0.18796250224113464
075_bag,put the bag on the tray,44,1,1027,39.168,1788428120.0953815,00042_front_put_the_bag_on_the_tray.png,00042_wrist_put_the_bag_on_the_tray.png,recap.png,50,23,1075,1077,-5.010989010989011,-49.010989010989015,50.32967032967033,64.61538461538461,-6.9010989010989015,0.273972602739726,-4.685754776000977,-99.41818237304688,87.88633728027344,77.67741394042969,-3.08414363861084,-0.2421509325504303
075_bag,put the bag on the tray,45,1,1051,39.97,1788428120.898677,00043_front_put_the_bag_on_the_tray.png,00043_wrist_put_the_bag_on_the_tray.png,recap.png,50,0,1076,1078,-7.032967032967033,-54.285714285714285,54.637362637362635,63.20879120879121,-8.659340659340659,0.273972602739726,-5.25482177734375,-99.045654296875,87.84405517578125,71.27664947509766,-4.548962593078613,0.25837063789367676
075_bag,put the bag on the tray,45,1,1051,39.97,1788428120.898677,00043_front_put_the_bag_on_the_tray.png,00043_wrist_put_the_bag_on_the_tray.png,recap.png,50,1,1077,1079,-7.032967032967033,-54.285714285714285,54.637362637362635,63.20879120879121,-8.659340659340659,0.273972602739726,-5.5083160400390625,-98.83892059326172,88.12351989746094,69.6218490600586,-4.360774040222168,0.18184491991996765
075_bag,put the bag on the tray,45,1,1051,39.97,1788428120.898677,00043_front_put_the_bag_on_the_tray.png,00043_wrist_put_the_bag_on_the_tray.png,recap.png,50,2,1078,1080,-7.032967032967033,-54.285714285714285,54.637362637362635,63.20879120879121,-8.659340659340659,0.273972602739726,-5.009395599365234,-99.45747375488281,87.48526000976562,70.726806640625,-3.8248977661132812,0.12357044219970703
075_bag,put the bag on the tray,45,1,1051,39.97,1788428120.898677,00043_front_put_the_bag_on_the_tray.png,00043_wrist_put_the_bag_on_the_tray.png,recap.png,50,3,1079,1081,-7.032967032967033,-54.285714285714285,54.637362637362635,63.20879120879121,-8.659340659340659,0.273972602739726,-5.584232330322266,-99.87662506103516,87.90614318847656,71.83003997802734,-3.1402740478515625,0.057585861533880234
075_bag,put the bag on the tray,45,1,1051,39.97,1788428120.898677,00043_front_put_the_bag_on_the_tray.png,00043_wrist_put_the_bag_on_the_tray.png,recap.png,50,4,1080,1082,-7.032967032967033,-54.285714285714285,54.637362637362635,63.20879120879121,-8.659340659340659,0.273972602739726,-5.490856170654297,-99.75872802734375,88.00918579101562,72.97895812988281,-2.6820974349975586,0.11640947312116623
075_bag,put the bag on the tray,45,1,1051,39.97,1788428120.898677,00043_front_put_the_bag_on_the_tray.png,00043_wrist_put_the_bag_on_the_tray.png,recap.png,50,5,1081,1083,-7.032967032967033,-54.285714285714285,54.637362637362635,63.20879120879121,-8.659340659340659,0.273972602739726,-5.8933868408203125,-99.92646789550781,88.42001342773438,74.09502410888672,-2.56854248046875,0.25568830966949463
075_bag,put the bag on the tray,45,1,1051,39.97,1788428120.898677,00043_front_put_the_bag_on_the_tray.png,00043_wrist_put_the_bag_on_the_tray.png,recap.png,50,6,1082,1084,-7.032967032967033,-54.285714285714285,54.637362637362635,63.20879120879121,-8.659340659340659,0.273972602739726,-6.004854202270508,-99.81405639648438,88.03050231933594,74.96945190429688,-2.520627021789551,0.13947497308254242
075_bag,put the bag on the tray,45,1,1051,39.97,1788428120.898677,00043_front_put_the_bag_on_the_tray.png,00043_wrist_put_the_bag_on_the_tray.png,recap.png,50,7,1083,1085,-7.032967032967033,-54.285714285714285,54.637362637362635,63.20879120879121,-8.659340659340659,0.273972602739726,-5.920892715454102,-99.66648864746094,87.55294799804688,75.75396728515625,-2.415347099304199,0.06215732544660568
075_bag,put the bag on the tray,45,1,1051,39.97,1788428120.898677,00043_front_put_the_bag_on_the_tray.png,00043_wrist_put_the_bag_on_the_tray.png,recap.png,50,8,1084,1086,-7.032967032967033,-54.285714285714285,54.637362637362635,63.20879120879121,-8.659340659340659,0.273972602739726,-6.288677215576172,-100.15614318847656,87.74102783203125,76.7107162475586,-2.8294992446899414,0.21348512172698975
075_bag,put the bag on the tray,45,1,1051,39.97,1788428120.898677,00043_front_put_the_bag_on_the_tray.png,00043_wrist_put_the_bag_on_the_tray.png,recap.png,50,9,1085,1087,-7.032967032967033,-54.285714285714285,54.637362637362635,63.20879120879121,-8.659340659340659,0.273972602739726,-5.908496856689453,-99.4471206665039,87.5599365234375,77.28245544433594,-2.858431816101074,0.15020261704921722
075_bag,put the bag on the tray,45,1,1051,39.97,1788428120.898677,00043_front_put_the_bag_on_the_tray.png,00043_wrist_put_the_bag_on_the_tray.png,recap.png,50,10,1086,1088,-7.032967032967033,-54.285714285714285,54.637362637362635,63.20879120879121,-8.659340659340659,0.273972602739726,-5.999467849731445,-99.39056396484375,87.58879089355469,77.56120300292969,-3.247953414916992,0.3160180449485779
075_bag,put the bag on the tray,45,1,1051,39.97,1788428120.898677,00043_front_put_the_bag_on_the_tray.png,00043_wrist_put_the_bag_on_the_tray.png,recap.png,50,11,1087,1089,-7.032967032967033,-54.285714285714285,54.637362637362635,63.20879120879121,-8.659340659340659,0.273972602739726,-5.774383544921875,-99.11505126953125,86.85018920898438,77.71732330322266,-3.307114601135254,0.08294771611690521
075_bag,put the bag on the tray,45,1,1051,39.97,1788428120.898677,00043_front_put_the_bag_on_the_tray.png,00043_wrist_put_the_bag_on_the_tray.png,recap.png,50,12,1088,1090,-7.032967032967033,-54.285714285714285,54.637362637362635,63.20879120879121,-8.659340659340659,0.273972602739726,-5.790456771850586,-99.04475402832031,86.9627685546875,77.70491027832031,-3.377317428588867,0.34428590536117554
075_bag,put the bag on the tray,45,1,1051,39.97,1788428120.898677,00043_front_put_the_bag_on_the_tray.png,00043_wrist_put_the_bag_on_the_tray.png,recap.png,50,13,1089,1091,-7.032967032967033,-54.285714285714285,54.637362637362635,63.20879120879121,-8.659340659340659,0.273972602739726,-5.777704238891602,-99.32726287841797,86.37344360351562,77.56297302246094,-3.2335662841796875,0.04855552315711975
075_bag,put the bag on the tray,45,1,1051,39.97,1788428120.898677,00043_front_put_the_bag_on_the_tray.png,00043_wrist_put_the_bag_on_the_tray.png,recap.png,50,14,1090,1092,-7.032967032967033,-54.285714285714285,54.637362637362635,63.20879120879121,-8.659340659340659,0.273972602739726,-5.528369903564453,-99.2037353515625,87.08042907714844,77.43258666992188,-3.2423954010009766,0.14009420573711395
075_bag,put the bag on the tray,45,1,1051,39.97,1788428120.898677,00043_front_put_the_bag_on_the_tray.png,00043_wrist_put_the_bag_on_the_tray.png,recap.png,50,15,1091,1093,-7.032967032967033,-54.285714285714285,54.637362637362635,63.20879120879121,-8.659340659340659,0.273972602739726,-5.232427597045898,-99.14492797851562,87.25918579101562,77.73667907714844,-3.292792320251465,-0.020188510417938232
075_bag,put the bag on the tray,45,1,1051,39.97,1788428120.898677,00043_front_put_the_bag_on_the_tray.png,00043_wrist_put_the_bag_on_the_tray.png,recap.png,50,16,1092,1094,-7.032967032967033,-54.285714285714285,54.637362637362635,63.20879120879121,-8.659340659340659,0.273972602739726,-5.492853164672852,-98.58697509765625,86.565185546875,77.18834686279297,-3.255826950073242,-0.13405238091945648
075_bag,put the bag on the tray,45,1,1051,39.97,1788428120.898677,00043_front_put_the_bag_on_the_tray.png,00043_wrist_put_the_bag_on_the_tray.png,recap.png,50,17,1093,1095,-7.032967032967033,-54.285714285714285,54.637362637362635,63.20879120879121,-8.659340659340659,0.273972602739726,-5.195974349975586,-98.4567642211914,87.20816040039062,77.23570251464844,-3.3178510665893555,-0.04678457975387573
075_bag,put the bag on the tray,45,1,1051,39.97,1788428120.898677,00043_front_put_the_bag_on_the_tray.png,00043_wrist_put_the_bag_on_the_tray.png,recap.png,50,18,1094,1096,-7.032967032967033,-54.285714285714285,54.637362637362635,63.20879120879121,-8.659340659340659,0.273972602739726,-5.486309051513672,-99.17750549316406,87.62089538574219,77.1730728149414,-3.286482810974121,0.21539802849292755
075_bag,put the bag on the tray,45,1,1051,39.97,1788428120.898677,00043_front_put_the_bag_on_the_tray.png,00043_wrist_put_the_bag_on_the_tray.png,recap.png,50,19,1095,1097,-7.032967032967033,-54.285714285714285,54.637362637362635,63.20879120879121,-8.659340659340659,0.273972602739726,-4.988588333129883,-98.71347045898438,87.58639526367188,77.19384002685547,-3.351400375366211,0.12093207985162735
075_bag,put the bag on the tray,45,1,1051,39.97,1788428120.898677,00043_front_put_the_bag_on_the_tray.png,00043_wrist_put_the_bag_on_the_tray.png,recap.png,50,20,1096,1098,-7.032967032967033,-54.285714285714285,54.637362637362635,63.20879120879121,-8.659340659340659,0.273972602739726,-4.935699462890625,-98.32352447509766,87.31744384765625,77.62626647949219,-3.293442726135254,0.13982972502708435
075_bag,put the bag on the tray,45,1,1051,39.97,1788428120.898677,00043_front_put_the_bag_on_the_tray.png,00043_wrist_put_the_bag_on_the_tray.png,recap.png,50,21,1097,1099,-7.032967032967033,-54.285714285714285,54.637362637362635,63.20879120879121,-8.659340659340659,0.273972602739726,-5.182826995849609,-99.28324890136719,88.34744262695312,77.41192626953125,-3.3818607330322266,0.17140936851501465
075_bag,put the bag on the tray,45,1,1051,39.97,1788428120.898677,00043_front_put_the_bag_on_the_tray.png,00043_wrist_put_the_bag_on_the_tray.png,recap.png,50,22,1098,1100,-7.032967032967033,-54.285714285714285,54.637362637362635,63.20879120879121,-8.659340659340659,0.273972602739726,-4.879762649536133,-98.89143371582031,88.45075988769531,77.3925552368164,-3.394899368286133,0.20697417855262756
075_bag,put the bag on the tray,45,1,1051,39.97,1788428120.898677,00043_front_put_the_bag_on_the_tray.png,00043_wrist_put_the_bag_on_the_tray.png,recap.png,50,23,1099,1101,-7.032967032967033,-54.285714285714285,54.637362637362635,63.20879120879121,-8.659340659340659,0.273972602739726,-4.687856674194336,-98.55992126464844,87.99725341796875,77.5017318725586,-3.518252372741699,0.19169524312019348
075_bag,put the bag on the tray,45,1,1051,39.97,1788428120.898677,00043_front_put_the_bag_on_the_tray.png,00043_wrist_put_the_bag_on_the_tray.png,recap.png,50,24,1100,1102,-7.032967032967033,-54.285714285714285,54.637362637362635,63.20879120879121,-8.659340659340659,0.273972602739726,-4.476833343505859,-99.08609771728516,87.97337341308594,77.51942443847656,-3.6465816497802734,0.2878085970878601
075_bag,put the bag on the tray,46,0,1074,40.806,1788428121.7343152,00044_front_put_the_bag_on_the_tray.png,00044_wrist_put_the_bag_on_the_tray.png,recap.png,50,0,1101,1103,-5.0989010989010985,-100.08791208791209,86.46153846153847,76.65934065934066,-3.912087912087912,0.273972602739726,-6.054832458496094,-101.08786010742188,86.38174438476562,74.69242858886719,-4.16394567489624,0.04139455407857895
075_bag,put the bag on the tray,46,0,1074,40.806,1788428121.7343152,00044_front_put_the_bag_on_the_tray.png,00044_wrist_put_the_bag_on_the_tray.png,recap.png,50,1,1102,1104,-5.0989010989010985,-100.08791208791209,86.46153846153847,76.65934065934066,-3.912087912087912,0.273972602739726,-5.59063720703125,-101.19290161132812,86.62504577636719,74.63720703125,-4.086841583251953,0.14004959166049957
075_bag,put the bag on the tray,46,0,1074,40.806,1788428121.7343152,00044_front_put_the_bag_on_the_tray.png,00044_wrist_put_the_bag_on_the_tray.png,recap.png,50,2,1103,1105,-5.0989010989010985,-100.08791208791209,86.46153846153847,76.65934065934066,-3.912087912087912,0.273972602739726,-5.865289688110352,-102.03435516357422,86.9716796875,74.39558410644531,-4.064925193786621,0.1873648762702942
075_bag,put the bag on the tray,46,0,1074,40.806,1788428121.7343152,00044_front_put_the_bag_on_the_tray.png,00044_wrist_put_the_bag_on_the_tray.png,recap.png,50,3,1104,1106,-5.0989010989010985,-100.08791208791209,86.46153846153847,76.65934065934066,-3.912087912087912,0.273972602739726,-5.821611404418945,-101.37432861328125,86.39395141601562,74.29267120361328,-4.11195182800293,0.05388747900724411
075_bag,put the bag on the tray,46,0,1074,40.806,1788428121.7343152,00044_front_put_the_bag_on_the_tray.png,00044_wrist_put_the_bag_on_the_tray.png,recap.png,50,4,1105,1107,-5.0989010989010985,-100.08791208791209,86.46153846153847,76.65934065934066,-3.912087912087912,0.273972602739726,-5.674568176269531,-101.70613098144531,86.98979187011719,74.21232604980469,-4.093108177185059,0.15106932818889618
075_bag,put the bag on the tray,46,0,1074,40.806,1788428121.7343152,00044_front_put_the_bag_on_the_tray.png,00044_wrist_put_the_bag_on_the_tray.png,recap.png,50,5,1106,1108,-5.0989010989010985,-100.08791208791209,86.46153846153847,76.65934065934066,-3.912087912087912,0.273972602739726,-5.94432258605957,-101.48637390136719,87.12847900390625,73.86756896972656,-4.07597541809082,0.0260678231716156
075_bag,put the bag on the tray,46,0,1074,40.806,1788428121.7343152,00044_front_put_the_bag_on_the_tray.png,00044_wrist_put_the_bag_on_the_tray.png,recap.png,50,6,1107,1109,-5.0989010989010985,-100.08791208791209,86.46153846153847,76.65934065934066,-3.912087912087912,0.273972602739726,-5.752885818481445,-101.48543548583984,86.85072326660156,73.42188262939453,-4.052289962768555,0.035824671387672424
075_bag,put the bag on the tray,46,0,1074,40.806,1788428121.7343152,00044_front_put_the_bag_on_the_tray.png,00044_wrist_put_the_bag_on_the_tray.png,recap.png,50,7,1108,1110,-5.0989010989010985,-100.08791208791209,86.46153846153847,76.65934065934066,-3.912087912087912,0.273972602739726,-5.553823471069336,-100.92324829101562,86.866455078125,72.80811309814453,-4.102296829223633,0.07079467177391052
075_bag,put the bag on the tray,46,0,1074,40.806,1788428121.7343152,00044_front_put_the_bag_on_the_tray.png,00044_wrist_put_the_bag_on_the_tray.png,recap.png,50,8,1109,1111,-5.0989010989010985,-100.08791208791209,86.46153846153847,76.65934065934066,-3.912087912087912,0.273972602739726,-5.779317855834961,-101.28810119628906,87.00987243652344,72.49549865722656,-4.102828025817871,0.09031686186790466
075_bag,put the bag on the tray,46,0,1074,40.806,1788428121.7343152,00044_front_put_the_bag_on_the_tray.png,00044_wrist_put_the_bag_on_the_tray.png,recap.png,50,9,1110,1112,-5.0989010989010985,-100.08791208791209,86.46153846153847,76.65934065934066,-3.912087912087912,0.273972602739726,-5.76043701171875,-101.3818359375,86.90353393554688,72.25863647460938,-4.0810546875,0.09499666839838028
075_bag,put the bag on the tray,46,0,1074,40.806,1788428121.7343152,00044_front_put_the_bag_on_the_tray.png,00044_wrist_put_the_bag_on_the_tray.png,recap.png,50,10,1111,1113,-5.0989010989010985,-100.08791208791209,86.46153846153847,76.65934065934066,-3.912087912087912,0.273972602739726,-5.752660751342773,-101.3414306640625,86.73333740234375,72.11479187011719,-4.108214378356934,0.19385883212089539
075_bag,put the bag on the tray,46,0,1074,40.806,1788428121.7343152,00044_front_put_the_bag_on_the_tray.png,00044_wrist_put_the_bag_on_the_tray.png,recap.png,50,11,1112,1114,-5.0989010989010985,-100.08791208791209,86.46153846153847,76.65934065934066,-3.912087912087912,0.273972602739726,-5.757963180541992,-101.55656433105469,86.8546142578125,71.91200256347656,-4.045083999633789,0.17874878644943237
075_bag,put the bag on the tray,46,0,1074,40.806,1788428121.7343152,00044_front_put_the_bag_on_the_tray.png,00044_wrist_put_the_bag_on_the_tray.png,recap.png,50,12,1113,1115,-5.0989010989010985,-100.08791208791209,86.46153846153847,76.65934065934066,-3.912087912087912,0.273972602739726,-5.80345344543457,-101.1989517211914,86.76911926269531,71.79084777832031,-4.1204833984375,0.09549162536859512
075_bag,put the bag on the tray,46,0,1074,40.806,1788428121.7343152,00044_front_put_the_bag_on_the_tray.png,00044_wrist_put_the_bag_on_the_tray.png,recap.png,50,13,1114,1116,-5.0989010989010985,-100.08791208791209,86.46153846153847,76.65934065934066,-3.912087912087912,0.273972602739726,-6.004373550415039,-101.1413803100586,86.74287414550781,71.69053649902344,-4.076071739196777,0.0936923548579216
075_bag,put the bag on the tray,46,0,1074,40.806,1788428121.7343152,00044_front_put_the_bag_on_the_tray.png,00044_wrist_put_the_bag_on_the_tray.png,recap.png,50,14,1115,1117,-5.0989010989010985,-100.08791208791209,86.46153846153847,76.65934065934066,-3.912087912087912,0.273972602739726,-5.909978866577148,-101.21713256835938,86.61697387695312,71.62777709960938,-4.130056381225586,0.1635272055864334
075_bag,put the bag on the tray,46,0,1074,40.806,1788428121.7343152,00044_front_put_the_bag_on_the_tray.png,00044_wrist_put_the_bag_on_the_tray.png,recap.png,50,15,1116,1118,-5.0989010989010985,-100.08791208791209,86.46153846153847,76.65934065934066,-3.912087912087912,0.273972602739726,-5.920137405395508,-101.11891174316406,86.50248718261719,71.63764953613281,-4.094357490539551,0.02393079549074173
075_bag,put the bag on the tray,46,0,1074,40.806,1788428121.7343152,00044_front_put_the_bag_on_the_tray.png,00044_wrist_put_the_bag_on_the_tray.png,recap.png,50,16,1117,1119,-5.0989010989010985,-100.08791208791209,86.46153846153847,76.65934065934066,-3.912087912087912,0.273972602739726,-6.066289901733398,-101.16264343261719,86.36039733886719,71.50602722167969,-4.092069625854492,0.18781204521656036
075_bag,put the bag on the tray,46,0,1074,40.806,1788428121.7343152,00044_front_put_the_bag_on_the_tray.png,00044_wrist_put_the_bag_on_the_tray.png,recap.png,50,17,1118,1120,-5.0989010989010985,-100.08791208791209,86.46153846153847,76.65934065934066,-3.912087912087912,0.273972602739726,-5.992494583129883,-101.10490417480469,85.99276733398438,71.382568359375,-4.134016513824463,0.12558744847774506
075_bag,put the bag on the tray,46,0,1074,40.806,1788428121.7343152,00044_front_put_the_bag_on_the_tray.png,00044_wrist_put_the_bag_on_the_tray.png,recap.png,50,18,1119,1121,-5.0989010989010985,-100.08791208791209,86.46153846153847,76.65934065934066,-3.912087912087912,0.273972602739726,-6.026300430297852,-101.15225982666016,86.36585998535156,71.42256164550781,-4.038476943969727,0.136360764503479
075_bag,put the bag on the tray,46,0,1074,40.806,1788428121.7343152,00044_front_put_the_bag_on_the_tray.png,00044_wrist_put_the_bag_on_the_tray.png,recap.png,50,19,1120,1122,-5.0989010989010985,-100.08791208791209,86.46153846153847,76.65934065934066,-3.912087912087912,0.273972602739726,-5.997001647949219,-101.39636993408203,86.634765625,71.42523193359375,-4.071910858154297,0.08745332807302475
075_bag,put the bag on the tray,46,0,1074,40.806,1788428121.7343152,00044_front_put_the_bag_on_the_tray.png,00044_wrist_put_the_bag_on_the_tray.png,recap.png,50,20,1121,1123,-5.0989010989010985,-100.08791208791209,86.46153846153847,76.65934065934066,-3.912087912087912,0.273972602739726,-6.090606689453125,-101.06818389892578,86.63664245605469,71.21688079833984,-4.066471099853516,0.04222089797258377
075_bag,put the bag on the tray,46,0,1074,40.806,1788428121.7343152,00044_front_put_the_bag_on_the_tray.png,00044_wrist_put_the_bag_on_the_tray.png,recap.png,50,21,1122,1124,-5.0989010989010985,-100.08791208791209,86.46153846153847,76.65934065934066,-3.912087912087912,0.273972602739726,-6.194858551025391,-100.84814453125,86.28318786621094,71.49700164794922,-4.120645523071289,0.14518505334854126
075_bag,put the bag on the tray,46,0,1074,40.806,1788428121.7343152,00044_front_put_the_bag_on_the_tray.png,00044_wrist_put_the_bag_on_the_tray.png,recap.png,50,22,1123,1125,-5.0989010989010985,-100.08791208791209,86.46153846153847,76.65934065934066,-3.912087912087912,0.273972602739726,-5.886348724365234,-101.47005462646484,86.45071411132812,71.48936462402344,-4.089381217956543,0.1625850796699524
075_bag,put the bag on the tray,47,1,1100,41.676,1788428122.6044939,00045_front_put_the_bag_on_the_tray.png,00045_wrist_put_the_bag_on_the_tray.png,recap.png,50,0,1124,1126,-5.362637362637362,-99.47252747252747,88.74725274725274,75.86813186813187,-3.120879120879121,0.273972602739726,-5.138410568237305,-101.54493713378906,88.57926940917969,69.95581817626953,-2.991880416870117,0.11463357508182526
075_bag,put the bag on the tray,47,1,1100,41.676,1788428122.6044939,00045_front_put_the_bag_on_the_tray.png,00045_wrist_put_the_bag_on_the_tray.png,recap.png,50,1,1125,1127,-5.362637362637362,-99.47252747252747,88.74725274725274,75.86813186813187,-3.120879120879121,0.273972602739726,-5.208644866943359,-101.6270751953125,88.44218444824219,69.99179077148438,-2.935375213623047,0.12359380722045898
075_bag,put the bag on the tray,47,1,1100,41.676,1788428122.6044939,00045_front_put_the_bag_on_the_tray.png,00045_wrist_put_the_bag_on_the_tray.png,recap.png,50,2,1126,1128,-5.362637362637362,-99.47252747252747,88.74725274725274,75.86813186813187,-3.120879120879121,0.273972602739726,-4.9822540283203125,-101.08435821533203,88.38877868652344,69.85240173339844,-2.990133285522461,0.031183108687400818
075_bag,put the bag on the tray,47,1,1100,41.676,1788428122.6044939,00045_front_put_the_bag_on_the_tray.png,00045_wrist_put_the_bag_on_the_tray.png,recap.png,50,3,1127,1129,-5.362637362637362,-99.47252747252747,88.74725274725274,75.86813186813187,-3.120879120879121,0.273972602739726,-5.162166595458984,-100.72792053222656,88.05116271972656,69.96356201171875,-2.9583072662353516,0.07837200164794922
075_bag,put the bag on the tray,47,1,1100,41.676,1788428122.6044939,00045_front_put_the_bag_on_the_tray.png,00045_wrist_put_the_bag_on_the_tray.png,recap.png,50,4,1128,1130,-5.362637362637362,-99.47252747252747,88.74725274725274,75.86813186813187,-3.120879120879121,0.273972602739726,-5.112199783325195,-101.36756896972656,87.93585205078125,69.72660064697266,-3.02764892578125,0.14911922812461853
075_bag,put the bag on the tray,47,1,1100,41.676,1788428122.6044939,00045_front_put_the_bag_on_the_tray.png,00045_wrist_put_the_bag_on_the_tray.png,recap.png,50,5,1129,1131,-5.362637362637362,-99.47252747252747,88.74725274725274,75.86813186813187,-3.120879120879121,0.273972602739726,-5.111392974853516,-101.16642761230469,87.81112670898438,69.68212127685547,-2.917306900024414,0.11466012895107269
075_bag,put the bag on the tray,47,1,1100,41.676,1788428122.6044939,00045_front_put_the_bag_on_the_tray.png,00045_wrist_put_the_bag_on_the_tray.png,recap.png,50,6,1130,1132,-5.362637362637362,-99.47252747252747,88.74725274725274,75.86813186813187,-3.120879120879121,0.273972602739726,-5.239231109619141,-100.93990325927734,88.01263427734375,69.333984375,-3.0129318237304688,0.08419467508792877
075_bag,put the bag on the tray,47,1,1100,41.676,1788428122.6044939,00045_front_put_the_bag_on_the_tray.png,00045_wrist_put_the_bag_on_the_tray.png,recap.png,50,7,1131,1133,-5.362637362637362,-99.47252747252747,88.74725274725274,75.86813186813187,-3.120879120879121,0.273972602739726,-5.115346908569336,-100.56774139404297,87.80796813964844,69.3858642578125,-2.9601240158081055,0.12622368335723877
075_bag,put the bag on the tray,47,1,1100,41.676,1788428122.6044939,00045_front_put_the_bag_on_the_tray.png,00045_wrist_put_the_bag_on_the_tray.png,recap.png,50,8,1132,1134,-5.362637362637362,-99.47252747252747,88.74725274725274,75.86813186813187,-3.120879120879121,0.273972602739726,-5.095693588256836,-100.74114990234375,87.94061279296875,69.20828247070312,-2.983306884765625,0.25997406244277954
075_bag,put the bag on the tray,47,1,1100,41.676,1788428122.6044939,00045_front_put_the_bag_on_the_tray.png,00045_wrist_put_the_bag_on_the_tray.png,recap.png,50,9,1133,1135,-5.362637362637362,-99.47252747252747,88.74725274725274,75.86813186813187,-3.120879120879121,0.273972602739726,-5.107780456542969,-100.4473648071289,87.55410766601562,69.26276397705078,-3.0820960998535156,0.12409726530313492
075_bag,put the bag on the tray,47,1,1100,41.676,1788428122.6044939,00045_front_put_the_bag_on_the_tray.png,00045_wrist_put_the_bag_on_the_tray.png,recap.png,50,10,1134,1136,-5.362637362637362,-99.47252747252747,88.74725274725274,75.86813186813187,-3.120879120879121,0.273972602739726,-5.114202499389648,-100.30036163330078,87.91856384277344,69.20862579345703,-3.0158605575561523,0.03490060567855835
075_bag,put the bag on the tray,47,1,1100,41.676,1788428122.6044939,00045_front_put_the_bag_on_the_tray.png,00045_wrist_put_the_bag_on_the_tray.png,recap.png,50,11,1135,1137,-5.362637362637362,-99.47252747252747,88.74725274725274,75.86813186813187,-3.120879120879121,0.273972602739726,-5.306396484375,-101.21244049072266,87.70805358886719,69.44419860839844,-3.078947067260742,0.2500408887863159
075_bag,put the bag on the tray,47,1,1100,41.676,1788428122.6044939,00045_front_put_the_bag_on_the_tray.png,00045_wrist_put_the_bag_on_the_tray.png,recap.png,50,12,1136,1138,-5.362637362637362,-99.47252747252747,88.74725274725274,75.86813186813187,-3.120879120879121,0.273972602739726,-5.24180793762207,-101.26837921142578,87.38313293457031,69.36386108398438,-3.068783760070801,0.2172982096672058
075_bag,put the bag on the tray,47,1,1100,41.676,1788428122.6044939,00045_front_put_the_bag_on_the_tray.png,00045_wrist_put_the_bag_on_the_tray.png,recap.png,50,13,1137,1139,-5.362637362637362,-99.47252747252747,88.74725274725274,75.86813186813187,-3.120879120879121,0.273972602739726,-5.555131912231445,-100.72381591796875,87.24363708496094,69.37262725830078,-3.095322608947754,0.26472926139831543
075_bag,put the bag on the tray,47,1,1100,41.676,1788428122.6044939,00045_front_put_the_bag_on_the_tray.png,00045_wrist_put_the_bag_on_the_tray.png,recap.png,50,14,1138,1140,-5.362637362637362,-99.47252747252747,88.74725274725274,75.86813186813187,-3.120879120879121,0.273972602739726,-5.509517669677734,-100.89472198486328,87.4228515625,69.43136596679688,-3.1836795806884766,0.12528793513774872
075_bag,put the bag on the tray,47,1,1100,41.676,1788428122.6044939,00045_front_put_the_bag_on_the_tray.png,00045_wrist_put_the_bag_on_the_tray.png,recap.png,50,15,1139,1141,-5.362637362637362,-99.47252747252747,88.74725274725274,75.86813186813187,-3.120879120879121,0.273972602739726,-5.719882965087891,-101.12145233154297,87.83833312988281,69.61036682128906,-3.1058645248413086,0.17576096951961517
075_bag,put the bag on the tray,47,1,1100,41.676,1788428122.6044939,00045_front_put_the_bag_on_the_tray.png,00045_wrist_put_the_bag_on_the_tray.png,recap.png,50,16,1140,1142,-5.362637362637362,-99.47252747252747,88.74725274725274,75.86813186813187,-3.120879120879121,0.273972602739726,-5.764589309692383,-100.98049926757812,87.01771545410156,69.59538269042969,-3.0817031860351562,0.2896471619606018
075_bag,put the bag on the tray,47,1,1100,41.676,1788428122.6044939,00045_front_put_the_bag_on_the_tray.png,00045_wrist_put_the_bag_on_the_tray.png,recap.png,50,17,1141,1143,-5.362637362637362,-99.47252747252747,88.74725274725274,75.86813186813187,-3.120879120879121,0.273972602739726,-5.964363098144531,-101.12449645996094,86.8115234375,69.81442260742188,-3.2043333053588867,0.2287183701992035
075_bag,put the bag on the tray,47,1,1100,41.676,1788428122.6044939,00045_front_put_the_bag_on_the_tray.png,00045_wrist_put_the_bag_on_the_tray.png,recap.png,50,18,1142,1144,-5.362637362637362,-99.47252747252747,88.74725274725274,75.86813186813187,-3.120879120879121,0.273972602739726,-5.84400749206543,-101.43383026123047,86.92349243164062,69.61799621582031,-3.1746902465820312,0.060079775750637054
075_bag,put the bag on the tray,47,1,1100,41.676,1788428122.6044939,00045_front_put_the_bag_on_the_tray.png,00045_wrist_put_the_bag_on_the_tray.png,recap.png,50,19,1143,1145,-5.362637362637362,-99.47252747252747,88.74725274725274,75.86813186813187,-3.120879120879121,0.273972602739726,-5.9855499267578125,-101.49810791015625,87.3516845703125,69.64485168457031,-3.111151695251465,0.0808064341545105
075_bag,put the bag on the tray,47,1,1100,41.676,1788428122.6044939,00045_front_put_the_bag_on_the_tray.png,00045_wrist_put_the_bag_on_the_tray.png,recap.png,50,20,1144,1146,-5.362637362637362,-99.47252747252747,88.74725274725274,75.86813186813187,-3.120879120879121,0.273972602739726,-6.060049057006836,-100.7575454711914,86.79692077636719,69.75852966308594,-3.0833311080932617,0.08133751153945923
075_bag,put the bag on the tray,47,1,1100,41.676,1788428122.6044939,00045_front_put_the_bag_on_the_tray.png,00045_wrist_put_the_bag_on_the_tray.png,recap.png,50,21,1145,1147,-5.362637362637362,-99.47252747252747,88.74725274725274,75.86813186813187,-3.120879120879121,0.273972602739726,-6.004711151123047,-100.42501068115234,86.86672973632812,69.70155334472656,-3.16751766204834,0.14145055413246155
075_bag,put the bag on the tray,47,1,1100,41.676,1788428122.6044939,00045_front_put_the_bag_on_the_tray.png,00045_wrist_put_the_bag_on_the_tray.png,recap.png,50,22,1146,1148,-5.362637362637362,-99.47252747252747,88.74725274725274,75.86813186813187,-3.120879120879121,0.273972602739726,-6.221078872680664,-100.35515594482422,86.794921875,69.72828674316406,-3.1695823669433594,-0.02586035430431366
075_bag,put the bag on the tray,47,1,1100,41.676,1788428122.6044939,00045_front_put_the_bag_on_the_tray.png,00045_wrist_put_the_bag_on_the_tray.png,recap.png,50,23,1147,1149,-5.362637362637362,-99.47252747252747,88.74725274725274,75.86813186813187,-3.120879120879121,0.273972602739726,-6.402372360229492,-100.97299194335938,86.94200134277344,69.83560943603516,-3.136455535888672,-0.010435909032821655
075_bag,put the bag on the tray,47,1,1100,41.676,1788428122.6044939,00045_front_put_the_bag_on_the_tray.png,00045_wrist_put_the_bag_on_the_tray.png,recap.png,50,24,1148,1150,-5.362637362637362,-99.47252747252747,88.74725274725274,75.86813186813187,-3.120879120879121,0.273972602739726,-6.233057022094727,-100.21244812011719,86.71275329589844,69.69112396240234,-3.0683650970458984,0.11203131824731827
