DEBUG 2026-09-03 10:01:11 === episode start | task: 'put the brown pouch on the tray' | duration: 50.0s ===
DEBUG 2026-09-03 10:01:12 [chunk] received 50 actions, timesteps 0..49 | first: shoulder_pan.pos=-5.18 shoulder_lift.pos=-101.88 elbow_flex.pos=+88.99 wrist_flex.pos=+75.56 wrist_roll.pos=-0.54 gripper.pos=+0.97 | last: shoulder_pan.pos=-6.64 shoulder_lift.pos=-102.04 elbow_flex.pos=+89.19 wrist_flex.pos=+73.33 wrist_roll.pos=-0.64 gripper.pos=+0.74
DEBUG 2026-09-03 10:01:12 [action #1] t=0.94s step=0 queue=50 dmax=n/a | shoulder_pan.pos=-5.18 shoulder_lift.pos=-101.88 elbow_flex.pos=+88.99 wrist_flex.pos=+75.56 wrist_roll.pos=-0.54 gripper.pos=+0.97
DEBUG 2026-09-03 10:01:12 [action #2] t=0.97s step=1 queue=49 dmax=0.686 | shoulder_pan.pos=-5.41 shoulder_lift.pos=-101.31 elbow_flex.pos=+89.68 wrist_flex.pos=+75.90 wrist_roll.pos=-0.62 gripper.pos=+0.92
DEBUG 2026-09-03 10:01:12 [action #3] t=1.00s step=2 queue=48 dmax=0.963 | shoulder_pan.pos=-5.11 shoulder_lift.pos=-102.27 elbow_flex.pos=+89.33 wrist_flex.pos=+75.61 wrist_roll.pos=-0.50 gripper.pos=+1.09
DEBUG 2026-09-03 10:01:12 [action #4] t=1.04s step=3 queue=47 dmax=0.306 | shoulder_pan.pos=-5.23 shoulder_lift.pos=-101.96 elbow_flex.pos=+89.45 wrist_flex.pos=+75.49 wrist_roll.pos=-0.54 gripper.pos=+1.07
DEBUG 2026-09-03 10:01:12 [action #5] t=1.07s step=4 queue=46 dmax=0.725 | shoulder_pan.pos=-5.19 shoulder_lift.pos=-101.63 elbow_flex.pos=+88.72 wrist_flex.pos=+75.54 wrist_roll.pos=-0.50 gripper.pos=+0.88
DEBUG 2026-09-03 10:01:12 [action #6] t=1.10s step=5 queue=45 dmax=0.371 | shoulder_pan.pos=-5.10 shoulder_lift.pos=-101.26 elbow_flex.pos=+89.03 wrist_flex.pos=+75.50 wrist_roll.pos=-0.51 gripper.pos=+0.96
DEBUG 2026-09-03 10:01:12 [action #7] t=1.14s step=6 queue=44 dmax=0.464 | shoulder_pan.pos=-5.01 shoulder_lift.pos=-101.46 elbow_flex.pos=+89.50 wrist_flex.pos=+75.25 wrist_roll.pos=-0.45 gripper.pos=+1.12
DEBUG 2026-09-03 10:01:12 [action #8] t=1.17s step=7 queue=43 dmax=0.289 | shoulder_pan.pos=-5.27 shoulder_lift.pos=-101.44 elbow_flex.pos=+89.22 wrist_flex.pos=+75.54 wrist_roll.pos=-0.48 gripper.pos=+1.04
DEBUG 2026-09-03 10:01:12 [action #9] t=1.20s step=8 queue=42 dmax=0.323 | shoulder_pan.pos=-5.29 shoulder_lift.pos=-101.12 elbow_flex.pos=+89.05 wrist_flex.pos=+75.53 wrist_roll.pos=-0.54 gripper.pos=+0.92
DEBUG 2026-09-03 10:01:12 [action #10] t=1.24s step=9 queue=41 dmax=0.514 | shoulder_pan.pos=-5.13 shoulder_lift.pos=-101.63 elbow_flex.pos=+88.90 wrist_flex.pos=+75.31 wrist_roll.pos=-0.48 gripper.pos=+0.96
DEBUG 2026-09-03 10:01:12 [action #11] t=1.27s step=10 queue=40 dmax=0.401 | shoulder_pan.pos=-5.14 shoulder_lift.pos=-101.32 elbow_flex.pos=+89.30 wrist_flex.pos=+75.25 wrist_roll.pos=-0.42 gripper.pos=+0.93
DEBUG 2026-09-03 10:01:12 [action #12] t=1.30s step=11 queue=39 dmax=0.558 | shoulder_pan.pos=-5.09 shoulder_lift.pos=-101.36 elbow_flex.pos=+88.74 wrist_flex.pos=+75.21 wrist_roll.pos=-0.46 gripper.pos=+1.00
DEBUG 2026-09-03 10:01:12 [action #13] t=1.34s step=12 queue=38 dmax=0.479 | shoulder_pan.pos=-5.07 shoulder_lift.pos=-101.62 elbow_flex.pos=+89.22 wrist_flex.pos=+75.13 wrist_roll.pos=-0.42 gripper.pos=+0.87
DEBUG 2026-09-03 10:01:12 [action #14] t=1.37s step=13 queue=37 dmax=0.166 | shoulder_pan.pos=-4.99 shoulder_lift.pos=-101.59 elbow_flex.pos=+89.30 wrist_flex.pos=+74.97 wrist_roll.pos=-0.48 gripper.pos=+0.92
DEBUG 2026-09-03 10:01:12 [action #15] t=1.40s step=14 queue=36 dmax=0.378 | shoulder_pan.pos=-5.05 shoulder_lift.pos=-101.44 elbow_flex.pos=+88.92 wrist_flex.pos=+74.85 wrist_roll.pos=-0.53 gripper.pos=+0.96
DEBUG 2026-09-03 10:01:12 [action #16] t=1.44s step=15 queue=35 dmax=0.373 | shoulder_pan.pos=-5.04 shoulder_lift.pos=-101.07 elbow_flex.pos=+89.18 wrist_flex.pos=+74.93 wrist_roll.pos=-0.51 gripper.pos=+0.82
DEBUG 2026-09-03 10:01:12 [action #17] t=1.47s step=16 queue=34 dmax=0.762 | shoulder_pan.pos=-5.15 shoulder_lift.pos=-101.83 elbow_flex.pos=+88.93 wrist_flex.pos=+74.74 wrist_roll.pos=-0.49 gripper.pos=+0.83
DEBUG 2026-09-03 10:01:12 [action #18] t=1.51s step=17 queue=33 dmax=0.375 | shoulder_pan.pos=-5.20 shoulder_lift.pos=-101.46 elbow_flex.pos=+88.96 wrist_flex.pos=+74.75 wrist_roll.pos=-0.55 gripper.pos=+0.81
DEBUG 2026-09-03 10:01:12 [action #19] t=1.54s step=18 queue=32 dmax=0.825 | shoulder_pan.pos=-5.23 shoulder_lift.pos=-101.62 elbow_flex.pos=+89.78 wrist_flex.pos=+74.82 wrist_roll.pos=-0.51 gripper.pos=+0.85
DEBUG 2026-09-03 10:01:12 [action #20] t=1.57s step=19 queue=31 dmax=0.859 | shoulder_pan.pos=-5.26 shoulder_lift.pos=-101.57 elbow_flex.pos=+88.92 wrist_flex.pos=+74.76 wrist_roll.pos=-0.50 gripper.pos=+0.90
DEBUG 2026-09-03 10:01:12 [action #21] t=1.61s step=20 queue=30 dmax=0.545 | shoulder_pan.pos=-5.39 shoulder_lift.pos=-102.11 elbow_flex.pos=+89.34 wrist_flex.pos=+74.81 wrist_roll.pos=-0.48 gripper.pos=+0.93
DEBUG 2026-09-03 10:01:12 [action #22] t=1.64s step=21 queue=29 dmax=0.810 | shoulder_pan.pos=-5.31 shoulder_lift.pos=-101.30 elbow_flex.pos=+88.95 wrist_flex.pos=+74.75 wrist_roll.pos=-0.43 gripper.pos=+0.85
DEBUG 2026-09-03 10:01:12 [action #23] t=1.67s step=22 queue=28 dmax=0.183 | shoulder_pan.pos=-5.14 shoulder_lift.pos=-101.12 elbow_flex.pos=+89.02 wrist_flex.pos=+74.78 wrist_roll.pos=-0.42 gripper.pos=+0.93
DEBUG 2026-09-03 10:01:12 [action #24] t=1.71s step=23 queue=27 dmax=0.225 | shoulder_pan.pos=-5.35 shoulder_lift.pos=-101.35 elbow_flex.pos=+88.82 wrist_flex.pos=+74.80 wrist_roll.pos=-0.49 gripper.pos=+0.98
DEBUG 2026-09-03 10:01:12 [action #25] t=1.74s step=24 queue=26 dmax=0.103 | shoulder_pan.pos=-5.34 shoulder_lift.pos=-101.26 elbow_flex.pos=+88.92 wrist_flex.pos=+74.75 wrist_roll.pos=-0.52 gripper.pos=+0.94
DEBUG 2026-09-03 10:01:12 [action #26] t=1.77s step=25 queue=25 dmax=0.424 | shoulder_pan.pos=-5.35 shoulder_lift.pos=-101.68 elbow_flex.pos=+89.20 wrist_flex.pos=+74.60 wrist_roll.pos=-0.49 gripper.pos=+0.93
DEBUG 2026-09-03 10:01:13 [action #27] t=1.81s step=26 queue=24 dmax=0.247 | shoulder_pan.pos=-5.60 shoulder_lift.pos=-101.58 elbow_flex.pos=+89.38 wrist_flex.pos=+74.58 wrist_roll.pos=-0.58 gripper.pos=+0.97
DEBUG 2026-09-03 10:01:13 [action #28] t=1.84s step=27 queue=23 dmax=0.548 | shoulder_pan.pos=-5.64 shoulder_lift.pos=-101.04 elbow_flex.pos=+88.97 wrist_flex.pos=+74.61 wrist_roll.pos=-0.56 gripper.pos=+0.85
DEBUG 2026-09-03 10:01:13 [action #29] t=1.87s step=28 queue=22 dmax=0.451 | shoulder_pan.pos=-5.57 shoulder_lift.pos=-101.23 elbow_flex.pos=+89.42 wrist_flex.pos=+74.47 wrist_roll.pos=-0.58 gripper.pos=+0.87
DEBUG 2026-09-03 10:01:13 [action #30] t=1.91s step=29 queue=21 dmax=0.395 | shoulder_pan.pos=-5.58 shoulder_lift.pos=-101.00 elbow_flex.pos=+89.03 wrist_flex.pos=+74.30 wrist_roll.pos=-0.58 gripper.pos=+0.92
DEBUG 2026-09-03 10:01:13 [action #31] t=1.94s step=30 queue=20 dmax=0.075 | shoulder_pan.pos=-5.63 shoulder_lift.pos=-100.93 elbow_flex.pos=+89.09 wrist_flex.pos=+74.32 wrist_roll.pos=-0.52 gripper.pos=+0.96
DEBUG 2026-09-03 10:01:13 [action #32] t=1.97s step=31 queue=19 dmax=0.841 | shoulder_pan.pos=-5.82 shoulder_lift.pos=-101.10 elbow_flex.pos=+89.93 wrist_flex.pos=+74.24 wrist_roll.pos=-0.59 gripper.pos=+0.86
DEBUG 2026-09-03 10:01:13 [action #33] t=2.01s step=32 queue=18 dmax=0.684 | shoulder_pan.pos=-5.67 shoulder_lift.pos=-101.26 elbow_flex.pos=+89.24 wrist_flex.pos=+74.42 wrist_roll.pos=-0.58 gripper.pos=+0.93
DEBUG 2026-09-03 10:01:13 [action #34] t=2.04s step=33 queue=17 dmax=0.338 | shoulder_pan.pos=-5.79 shoulder_lift.pos=-101.60 elbow_flex.pos=+89.13 wrist_flex.pos=+74.42 wrist_roll.pos=-0.44 gripper.pos=+0.85
DEBUG 2026-09-03 10:01:13 [action #35] t=2.07s step=34 queue=16 dmax=0.588 | shoulder_pan.pos=-5.66 shoulder_lift.pos=-101.01 elbow_flex.pos=+89.24 wrist_flex.pos=+74.44 wrist_roll.pos=-0.54 gripper.pos=+0.96
DEBUG 2026-09-03 10:01:13 [action #36] t=2.11s step=35 queue=15 dmax=0.372 | shoulder_pan.pos=-5.54 shoulder_lift.pos=-101.38 elbow_flex.pos=+89.40 wrist_flex.pos=+74.50 wrist_roll.pos=-0.46 gripper.pos=+0.91
DEBUG 2026-09-03 10:01:13 [action #37] t=2.14s step=36 queue=14 dmax=0.270 | shoulder_pan.pos=-5.65 shoulder_lift.pos=-101.37 elbow_flex.pos=+89.30 wrist_flex.pos=+74.23 wrist_roll.pos=-0.42 gripper.pos=+1.01
DEBUG 2026-09-03 10:01:13 [action #38] t=2.17s step=37 queue=13 dmax=0.423 | shoulder_pan.pos=-5.82 shoulder_lift.pos=-101.80 elbow_flex.pos=+89.41 wrist_flex.pos=+74.39 wrist_roll.pos=-0.50 gripper.pos=+0.96
DEBUG 2026-09-03 10:01:13 [action #39] t=2.21s step=38 queue=12 dmax=0.409 | shoulder_pan.pos=-5.60 shoulder_lift.pos=-101.39 elbow_flex.pos=+89.20 wrist_flex.pos=+74.36 wrist_roll.pos=-0.44 gripper.pos=+0.95
DEBUG 2026-09-03 10:01:13 [action #40] t=2.24s step=39 queue=11 dmax=0.266 | shoulder_pan.pos=-5.87 shoulder_lift.pos=-101.25 elbow_flex.pos=+89.03 wrist_flex.pos=+74.43 wrist_roll.pos=-0.42 gripper.pos=+0.96
DEBUG 2026-09-03 10:01:13 [action #41] t=2.27s step=40 queue=10 dmax=0.177 | shoulder_pan.pos=-5.77 shoulder_lift.pos=-101.27 elbow_flex.pos=+89.21 wrist_flex.pos=+74.31 wrist_roll.pos=-0.48 gripper.pos=+0.96
DEBUG 2026-09-03 10:01:13 [action #42] t=2.31s step=41 queue=9 dmax=0.307 | shoulder_pan.pos=-5.98 shoulder_lift.pos=-101.58 elbow_flex.pos=+89.03 wrist_flex.pos=+74.31 wrist_roll.pos=-0.56 gripper.pos=+0.97
DEBUG 2026-09-03 10:01:13 [action #43] t=2.34s step=42 queue=8 dmax=0.222 | shoulder_pan.pos=-6.02 shoulder_lift.pos=-101.36 elbow_flex.pos=+89.07 wrist_flex.pos=+74.15 wrist_roll.pos=-0.52 gripper.pos=+0.94
DEBUG 2026-09-03 10:01:13 [action #44] t=2.37s step=43 queue=7 dmax=0.366 | shoulder_pan.pos=-6.07 shoulder_lift.pos=-101.32 elbow_flex.pos=+88.70 wrist_flex.pos=+74.26 wrist_roll.pos=-0.47 gripper.pos=+0.83
DEBUG 2026-09-03 10:01:13 [action #45] t=2.41s step=44 queue=6 dmax=0.602 | shoulder_pan.pos=-6.08 shoulder_lift.pos=-100.72 elbow_flex.pos=+88.87 wrist_flex.pos=+74.09 wrist_roll.pos=-0.53 gripper.pos=+0.93
DEBUG 2026-09-03 10:01:13 [action #46] t=2.44s step=45 queue=5 dmax=0.579 | shoulder_pan.pos=-6.35 shoulder_lift.pos=-101.30 elbow_flex.pos=+88.80 wrist_flex.pos=+73.97 wrist_roll.pos=-0.59 gripper.pos=+1.00
DEBUG 2026-09-03 10:01:13 [action #47] t=2.47s step=46 queue=4 dmax=0.654 | shoulder_pan.pos=-6.41 shoulder_lift.pos=-101.76 elbow_flex.pos=+89.45 wrist_flex.pos=+73.75 wrist_roll.pos=-0.64 gripper.pos=+0.89
DEBUG 2026-09-03 10:01:13 [action #48] t=2.51s step=47 queue=3 dmax=0.328 | shoulder_pan.pos=-6.54 shoulder_lift.pos=-101.94 elbow_flex.pos=+89.12 wrist_flex.pos=+73.66 wrist_roll.pos=-0.66 gripper.pos=+0.83
DEBUG 2026-09-03 10:01:13 [action #49] t=2.54s step=48 queue=2 dmax=0.899 | shoulder_pan.pos=-6.47 shoulder_lift.pos=-101.04 elbow_flex.pos=+89.43 wrist_flex.pos=+73.16 wrist_roll.pos=-0.57 gripper.pos=+0.64
DEBUG 2026-09-03 10:01:13 [action #50] t=2.58s step=49 queue=1 dmax=0.998 | shoulder_pan.pos=-6.64 shoulder_lift.pos=-102.04 elbow_flex.pos=+89.19 wrist_flex.pos=+73.33 wrist_roll.pos=-0.64 gripper.pos=+0.74
DEBUG 2026-09-03 10:01:14 [chunk] received 50 actions, timesteps 31..80 | first: shoulder_pan.pos=-5.49 shoulder_lift.pos=-101.84 elbow_flex.pos=+88.82 wrist_flex.pos=+76.19 wrist_roll.pos=-0.73 gripper.pos=+1.20 | last: shoulder_pan.pos=-9.22 shoulder_lift.pos=-101.28 elbow_flex.pos=+88.93 wrist_flex.pos=+69.64 wrist_roll.pos=-1.14 gripper.pos=+1.03
DEBUG 2026-09-03 10:01:14 [action #51] t=2.91s step=50 queue=31 dmax=1.543 | shoulder_pan.pos=-8.19 shoulder_lift.pos=-100.87 elbow_flex.pos=+88.79 wrist_flex.pos=+73.73 wrist_roll.pos=-0.73 gripper.pos=+1.08
DEBUG 2026-09-03 10:01:14 [action #52] t=2.94s step=51 queue=30 dmax=0.524 | shoulder_pan.pos=-8.11 shoulder_lift.pos=-101.39 elbow_flex.pos=+88.86 wrist_flex.pos=+73.77 wrist_roll.pos=-0.75 gripper.pos=+1.20
DEBUG 2026-09-03 10:01:14 [action #53] t=2.98s step=52 queue=29 dmax=0.407 | shoulder_pan.pos=-8.40 shoulder_lift.pos=-101.40 elbow_flex.pos=+88.45 wrist_flex.pos=+73.74 wrist_roll.pos=-0.76 gripper.pos=+1.22
DEBUG 2026-09-03 10:01:14 [action #54] t=3.01s step=53 queue=28 dmax=0.187 | shoulder_pan.pos=-8.30 shoulder_lift.pos=-101.44 elbow_flex.pos=+88.64 wrist_flex.pos=+73.85 wrist_roll.pos=-0.81 gripper.pos=+1.09
DEBUG 2026-09-03 10:01:14 [action #55] t=3.04s step=54 queue=27 dmax=0.365 | shoulder_pan.pos=-8.58 shoulder_lift.pos=-101.07 elbow_flex.pos=+88.54 wrist_flex.pos=+73.87 wrist_roll.pos=-0.81 gripper.pos=+1.06
DEBUG 2026-09-03 10:01:14 [action #56] t=3.08s step=55 queue=26 dmax=0.259 | shoulder_pan.pos=-8.70 shoulder_lift.pos=-101.19 elbow_flex.pos=+88.66 wrist_flex.pos=+73.61 wrist_roll.pos=-0.85 gripper.pos=+1.10
DEBUG 2026-09-03 10:01:14 [action #57] t=3.11s step=56 queue=25 dmax=0.513 | shoulder_pan.pos=-8.43 shoulder_lift.pos=-101.70 elbow_flex.pos=+88.34 wrist_flex.pos=+73.70 wrist_roll.pos=-0.71 gripper.pos=+1.12
DEBUG 2026-09-03 10:01:14 [action #58] t=3.14s step=57 queue=24 dmax=0.416 | shoulder_pan.pos=-8.45 shoulder_lift.pos=-101.28 elbow_flex.pos=+88.68 wrist_flex.pos=+73.71 wrist_roll.pos=-0.85 gripper.pos=+1.07
DEBUG 2026-09-03 10:01:14 [action #59] t=3.18s step=58 queue=23 dmax=0.267 | shoulder_pan.pos=-8.72 shoulder_lift.pos=-101.32 elbow_flex.pos=+88.55 wrist_flex.pos=+73.50 wrist_roll.pos=-0.84 gripper.pos=+1.03
DEBUG 2026-09-03 10:01:14 [action #60] t=3.21s step=59 queue=22 dmax=0.362 | shoulder_pan.pos=-8.36 shoulder_lift.pos=-101.65 elbow_flex.pos=+88.76 wrist_flex.pos=+73.50 wrist_roll.pos=-0.80 gripper.pos=+1.06
DEBUG 2026-09-03 10:01:14 [action #61] t=3.24s step=60 queue=21 dmax=0.491 | shoulder_pan.pos=-8.31 shoulder_lift.pos=-101.15 elbow_flex.pos=+88.49 wrist_flex.pos=+73.28 wrist_roll.pos=-0.71 gripper.pos=+1.10
DEBUG 2026-09-03 10:01:14 [action #62] t=3.28s step=61 queue=20 dmax=0.192 | shoulder_pan.pos=-8.50 shoulder_lift.pos=-101.31 elbow_flex.pos=+88.45 wrist_flex.pos=+73.09 wrist_roll.pos=-0.82 gripper.pos=+0.97
DEBUG 2026-09-03 10:01:14 [action #63] t=3.31s step=62 queue=19 dmax=0.447 | shoulder_pan.pos=-8.28 shoulder_lift.pos=-100.91 elbow_flex.pos=+88.89 wrist_flex.pos=+72.99 wrist_roll.pos=-0.76 gripper.pos=+1.06
DEBUG 2026-09-03 10:01:14 [action #64] t=3.34s step=63 queue=18 dmax=0.670 | shoulder_pan.pos=-8.38 shoulder_lift.pos=-101.58 elbow_flex.pos=+88.44 wrist_flex.pos=+72.76 wrist_roll.pos=-0.79 gripper.pos=+1.05
DEBUG 2026-09-03 10:01:14 [action #65] t=3.38s step=64 queue=17 dmax=0.502 | shoulder_pan.pos=-8.47 shoulder_lift.pos=-101.08 elbow_flex.pos=+88.76 wrist_flex.pos=+72.79 wrist_roll.pos=-0.80 gripper.pos=+1.11
DEBUG 2026-09-03 10:01:14 [action #66] t=3.41s step=65 queue=16 dmax=0.423 | shoulder_pan.pos=-8.30 shoulder_lift.pos=-101.34 elbow_flex.pos=+88.74 wrist_flex.pos=+72.37 wrist_roll.pos=-0.86 gripper.pos=+1.15
DEBUG 2026-09-03 10:01:14 [action #67] t=3.44s step=66 queue=15 dmax=0.288 | shoulder_pan.pos=-8.12 shoulder_lift.pos=-101.48 elbow_flex.pos=+88.70 wrist_flex.pos=+72.08 wrist_roll.pos=-0.89 gripper.pos=+1.06
DEBUG 2026-09-03 10:01:14 [action #68] t=3.48s step=67 queue=14 dmax=0.397 | shoulder_pan.pos=-8.13 shoulder_lift.pos=-101.24 elbow_flex.pos=+89.10 wrist_flex.pos=+71.85 wrist_roll.pos=-0.84 gripper.pos=+1.04
DEBUG 2026-09-03 10:01:14 [action #69] t=3.51s step=68 queue=13 dmax=0.496 | shoulder_pan.pos=-8.38 shoulder_lift.pos=-101.49 elbow_flex.pos=+89.60 wrist_flex.pos=+71.65 wrist_roll.pos=-0.76 gripper.pos=+1.09
DEBUG 2026-09-03 10:01:14 [action #70] t=3.54s step=69 queue=12 dmax=0.533 | shoulder_pan.pos=-8.47 shoulder_lift.pos=-101.25 elbow_flex.pos=+89.06 wrist_flex.pos=+71.39 wrist_roll.pos=-0.81 gripper.pos=+1.01
DEBUG 2026-09-03 10:01:14 [action #71] t=3.58s step=70 queue=11 dmax=0.302 | shoulder_pan.pos=-8.39 shoulder_lift.pos=-100.95 elbow_flex.pos=+89.16 wrist_flex.pos=+71.39 wrist_roll.pos=-0.80 gripper.pos=+1.13
DEBUG 2026-09-03 10:01:14 [action #72] t=3.61s step=71 queue=10 dmax=0.430 | shoulder_pan.pos=-8.52 shoulder_lift.pos=-101.18 elbow_flex.pos=+88.78 wrist_flex.pos=+70.96 wrist_roll.pos=-0.87 gripper.pos=+1.04
DEBUG 2026-09-03 10:01:14 [action #73] t=3.65s step=72 queue=9 dmax=0.435 | shoulder_pan.pos=-8.62 shoulder_lift.pos=-101.61 elbow_flex.pos=+88.75 wrist_flex.pos=+71.04 wrist_roll.pos=-0.86 gripper.pos=+1.00
DEBUG 2026-09-03 10:01:14 [action #74] t=3.68s step=73 queue=8 dmax=0.543 | shoulder_pan.pos=-8.68 shoulder_lift.pos=-101.07 elbow_flex.pos=+88.81 wrist_flex.pos=+70.93 wrist_roll.pos=-0.85 gripper.pos=+1.13
DEBUG 2026-09-03 10:01:14 [action #75] t=3.71s step=74 queue=7 dmax=0.137 | shoulder_pan.pos=-8.81 shoulder_lift.pos=-101.04 elbow_flex.pos=+88.74 wrist_flex.pos=+70.84 wrist_roll.pos=-0.94 gripper.pos=+1.13
DEBUG 2026-09-03 10:01:14 [action #76] t=3.75s step=75 queue=6 dmax=0.117 | shoulder_pan.pos=-8.92 shoulder_lift.pos=-100.92 elbow_flex.pos=+88.82 wrist_flex.pos=+70.76 wrist_roll.pos=-0.89 gripper.pos=+1.21
DEBUG 2026-09-03 10:01:14 [action #77] t=3.78s step=76 queue=5 dmax=0.232 | shoulder_pan.pos=-8.96 shoulder_lift.pos=-101.16 elbow_flex.pos=+88.75 wrist_flex.pos=+70.68 wrist_roll.pos=-0.94 gripper.pos=+1.10
DEBUG 2026-09-03 10:01:15 [chunk] received 50 actions, timesteps 49..98 | first: shoulder_pan.pos=-6.67 shoulder_lift.pos=-102.11 elbow_flex.pos=+89.05 wrist_flex.pos=+74.50 wrist_roll.pos=-0.45 gripper.pos=+1.08 | last: shoulder_pan.pos=-12.78 shoulder_lift.pos=-102.23 elbow_flex.pos=+88.59 wrist_flex.pos=+70.10 wrist_roll.pos=-1.45 gripper.pos=+1.08
DEBUG 2026-09-03 10:01:15 [action #78] t=3.81s step=77 queue=22 dmax=0.382 | shoulder_pan.pos=-9.13 shoulder_lift.pos=-101.45 elbow_flex.pos=+89.02 wrist_flex.pos=+70.30 wrist_roll.pos=-0.71 gripper.pos=+1.09
DEBUG 2026-09-03 10:01:15 [action #79] t=3.85s step=78 queue=21 dmax=0.163 | shoulder_pan.pos=-9.11 shoulder_lift.pos=-101.61 elbow_flex.pos=+89.00 wrist_flex.pos=+70.19 wrist_roll.pos=-0.68 gripper.pos=+0.97
DEBUG 2026-09-03 10:01:15 [action #80] t=3.88s step=79 queue=20 dmax=0.324 | shoulder_pan.pos=-9.25 shoulder_lift.pos=-101.78 elbow_flex.pos=+89.33 wrist_flex.pos=+70.09 wrist_roll.pos=-0.71 gripper.pos=+0.98
DEBUG 2026-09-03 10:01:15 [action #81] t=3.91s step=80 queue=19 dmax=0.399 | shoulder_pan.pos=-9.33 shoulder_lift.pos=-101.61 elbow_flex.pos=+88.93 wrist_flex.pos=+70.01 wrist_roll.pos=-0.77 gripper.pos=+0.94
DEBUG 2026-09-03 10:01:15 [action #82] t=3.95s step=81 queue=18 dmax=0.203 | shoulder_pan.pos=-9.31 shoulder_lift.pos=-101.50 elbow_flex.pos=+88.76 wrist_flex.pos=+70.10 wrist_roll.pos=-0.56 gripper.pos=+0.98
DEBUG 2026-09-03 10:01:15 [action #83] t=3.98s step=82 queue=17 dmax=0.438 | shoulder_pan.pos=-9.66 shoulder_lift.pos=-101.74 elbow_flex.pos=+89.20 wrist_flex.pos=+70.34 wrist_roll.pos=-0.60 gripper.pos=+0.98
DEBUG 2026-09-03 10:01:15 [action #84] t=4.01s step=83 queue=16 dmax=0.245 | shoulder_pan.pos=-9.79 shoulder_lift.pos=-101.50 elbow_flex.pos=+89.19 wrist_flex.pos=+70.37 wrist_roll.pos=-0.57 gripper.pos=+0.83
DEBUG 2026-09-03 10:01:15 [action #85] t=4.05s step=84 queue=15 dmax=0.315 | shoulder_pan.pos=-9.81 shoulder_lift.pos=-101.18 elbow_flex.pos=+89.07 wrist_flex.pos=+70.40 wrist_roll.pos=-0.55 gripper.pos=+0.99
DEBUG 2026-09-03 10:01:15 [action #86] t=4.08s step=85 queue=14 dmax=0.459 | shoulder_pan.pos=-9.82 shoulder_lift.pos=-101.64 elbow_flex.pos=+88.91 wrist_flex.pos=+70.30 wrist_roll.pos=-0.63 gripper.pos=+1.04
DEBUG 2026-09-03 10:01:15 [action #87] t=4.11s step=86 queue=13 dmax=0.586 | shoulder_pan.pos=-9.82 shoulder_lift.pos=-101.05 elbow_flex.pos=+88.72 wrist_flex.pos=+70.32 wrist_roll.pos=-0.60 gripper.pos=+1.03
DEBUG 2026-09-03 10:01:15 [action #88] t=4.15s step=87 queue=12 dmax=0.378 | shoulder_pan.pos=-10.04 shoulder_lift.pos=-101.43 elbow_flex.pos=+88.84 wrist_flex.pos=+70.35 wrist_roll.pos=-0.67 gripper.pos=+0.99
DEBUG 2026-09-03 10:01:15 [action #89] t=4.18s step=88 queue=11 dmax=0.286 | shoulder_pan.pos=-10.21 shoulder_lift.pos=-101.43 elbow_flex.pos=+88.56 wrist_flex.pos=+70.38 wrist_roll.pos=-0.63 gripper.pos=+1.00
DEBUG 2026-09-03 10:01:15 [action #90] t=4.21s step=89 queue=10 dmax=0.222 | shoulder_pan.pos=-10.35 shoulder_lift.pos=-101.21 elbow_flex.pos=+88.65 wrist_flex.pos=+70.28 wrist_roll.pos=-0.58 gripper.pos=+1.00
DEBUG 2026-09-03 10:01:15 [action #91] t=4.25s step=90 queue=9 dmax=0.275 | shoulder_pan.pos=-10.61 shoulder_lift.pos=-100.94 elbow_flex.pos=+88.37 wrist_flex.pos=+70.47 wrist_roll.pos=-0.64 gripper.pos=+1.03
DEBUG 2026-09-03 10:01:15 [action #92] t=4.28s step=91 queue=8 dmax=0.845 | shoulder_pan.pos=-10.63 shoulder_lift.pos=-101.79 elbow_flex.pos=+89.02 wrist_flex.pos=+70.41 wrist_roll.pos=-0.66 gripper.pos=+0.93
DEBUG 2026-09-03 10:01:15 [action #93] t=4.31s step=92 queue=7 dmax=1.131 | shoulder_pan.pos=-11.15 shoulder_lift.pos=-101.33 elbow_flex.pos=+87.89 wrist_flex.pos=+70.43 wrist_roll.pos=-0.63 gripper.pos=+1.10
DEBUG 2026-09-03 10:01:15 [action #94] t=4.35s step=93 queue=6 dmax=0.331 | shoulder_pan.pos=-11.14 shoulder_lift.pos=-101.57 elbow_flex.pos=+88.22 wrist_flex.pos=+70.47 wrist_roll.pos=-0.74 gripper.pos=+1.12
DEBUG 2026-09-03 10:01:15 [action #95] t=4.38s step=94 queue=5 dmax=0.588 | shoulder_pan.pos=-11.73 shoulder_lift.pos=-101.43 elbow_flex.pos=+88.18 wrist_flex.pos=+70.42 wrist_roll.pos=-0.89 gripper.pos=+1.04
DEBUG 2026-09-03 10:01:15 [action #96] t=4.41s step=95 queue=4 dmax=0.430 | shoulder_pan.pos=-11.94 shoulder_lift.pos=-101.00 elbow_flex.pos=+88.38 wrist_flex.pos=+70.32 wrist_roll.pos=-0.80 gripper.pos=+1.06
DEBUG 2026-09-03 10:01:15 [action #97] t=4.45s step=96 queue=3 dmax=0.367 | shoulder_pan.pos=-12.20 shoulder_lift.pos=-101.37 elbow_flex.pos=+88.04 wrist_flex.pos=+70.14 wrist_roll.pos=-1.04 gripper.pos=+1.01
DEBUG 2026-09-03 10:01:15 [action #98] t=4.48s step=97 queue=2 dmax=0.319 | shoulder_pan.pos=-12.39 shoulder_lift.pos=-101.69 elbow_flex.pos=+88.34 wrist_flex.pos=+70.16 wrist_roll.pos=-1.19 gripper.pos=+0.98
DEBUG 2026-09-03 10:01:15 [action #99] t=4.51s step=98 queue=1 dmax=0.539 | shoulder_pan.pos=-12.78 shoulder_lift.pos=-102.23 elbow_flex.pos=+88.59 wrist_flex.pos=+70.10 wrist_roll.pos=-1.45 gripper.pos=+1.08
DEBUG 2026-09-03 10:01:15 [chunk] received 50 actions, timesteps 76..125 | first: shoulder_pan.pos=-8.73 shoulder_lift.pos=-101.24 elbow_flex.pos=+89.03 wrist_flex.pos=+71.75 wrist_roll.pos=-0.46 gripper.pos=+0.95 | last: shoulder_pan.pos=-10.73 shoulder_lift.pos=-100.52 elbow_flex.pos=+85.63 wrist_flex.pos=+65.37 wrist_roll.pos=-4.64 gripper.pos=+0.97
DEBUG 2026-09-03 10:01:15 [action #100] t=4.72s step=99 queue=27 dmax=3.347 | shoulder_pan.pos=-9.43 shoulder_lift.pos=-100.95 elbow_flex.pos=+89.05 wrist_flex.pos=+69.68 wrist_roll.pos=-0.53 gripper.pos=+0.99
DEBUG 2026-09-03 10:01:15 [action #101] t=4.75s step=100 queue=26 dmax=0.298 | shoulder_pan.pos=-9.65 shoulder_lift.pos=-101.10 elbow_flex.pos=+88.75 wrist_flex.pos=+69.73 wrist_roll.pos=-0.53 gripper.pos=+0.97
DEBUG 2026-09-03 10:01:15 [action #102] t=4.78s step=101 queue=25 dmax=0.192 | shoulder_pan.pos=-9.73 shoulder_lift.pos=-101.03 elbow_flex.pos=+88.79 wrist_flex.pos=+69.92 wrist_roll.pos=-0.57 gripper.pos=+1.00
DEBUG 2026-09-03 10:01:16 [action #103] t=4.82s step=102 queue=24 dmax=0.345 | shoulder_pan.pos=-9.56 shoulder_lift.pos=-100.85 elbow_flex.pos=+89.12 wrist_flex.pos=+69.58 wrist_roll.pos=-0.60 gripper.pos=+1.00
DEBUG 2026-09-03 10:01:16 [action #104] t=4.85s step=103 queue=23 dmax=0.766 | shoulder_pan.pos=-9.59 shoulder_lift.pos=-101.16 elbow_flex.pos=+88.36 wrist_flex.pos=+69.44 wrist_roll.pos=-0.64 gripper.pos=+0.91
DEBUG 2026-09-03 10:01:16 [action #105] t=4.88s step=104 queue=22 dmax=0.280 | shoulder_pan.pos=-9.69 shoulder_lift.pos=-101.19 elbow_flex.pos=+88.64 wrist_flex.pos=+69.22 wrist_roll.pos=-0.61 gripper.pos=+0.91
DEBUG 2026-09-03 10:01:16 [action #106] t=4.92s step=105 queue=21 dmax=0.485 | shoulder_pan.pos=-9.75 shoulder_lift.pos=-101.21 elbow_flex.pos=+88.15 wrist_flex.pos=+68.93 wrist_roll.pos=-0.72 gripper.pos=+0.95
DEBUG 2026-09-03 10:01:16 [action #107] t=4.95s step=106 queue=20 dmax=0.340 | shoulder_pan.pos=-9.77 shoulder_lift.pos=-101.12 elbow_flex.pos=+87.81 wrist_flex.pos=+68.72 wrist_roll.pos=-0.88 gripper.pos=+1.08
DEBUG 2026-09-03 10:01:16 [action #108] t=4.98s step=107 queue=19 dmax=0.444 | shoulder_pan.pos=-10.11 shoulder_lift.pos=-100.68 elbow_flex.pos=+88.14 wrist_flex.pos=+68.30 wrist_roll.pos=-1.02 gripper.pos=+0.88
DEBUG 2026-09-03 10:01:16 [action #109] t=5.02s step=108 queue=18 dmax=0.621 | shoulder_pan.pos=-9.90 shoulder_lift.pos=-101.12 elbow_flex.pos=+88.25 wrist_flex.pos=+67.67 wrist_roll.pos=-1.12 gripper.pos=+0.92
DEBUG 2026-09-03 10:01:16 [action #110] t=5.05s step=109 queue=17 dmax=0.548 | shoulder_pan.pos=-9.92 shoulder_lift.pos=-101.05 elbow_flex.pos=+87.70 wrist_flex.pos=+67.35 wrist_roll.pos=-1.38 gripper.pos=+0.97
DEBUG 2026-09-03 10:01:16 [action #111] t=5.08s step=110 queue=16 dmax=0.415 | shoulder_pan.pos=-9.99 shoulder_lift.pos=-100.99 elbow_flex.pos=+87.95 wrist_flex.pos=+66.93 wrist_roll.pos=-1.69 gripper.pos=+1.00
DEBUG 2026-09-03 10:01:16 [action #112] t=5.12s step=111 queue=15 dmax=0.252 | shoulder_pan.pos=-10.03 shoulder_lift.pos=-101.13 elbow_flex.pos=+87.81 wrist_flex.pos=+66.68 wrist_roll.pos=-1.77 gripper.pos=+0.99
DEBUG 2026-09-03 10:01:16 [action #113] t=5.15s step=112 queue=14 dmax=0.331 | shoulder_pan.pos=-10.01 shoulder_lift.pos=-100.80 elbow_flex.pos=+87.72 wrist_flex.pos=+66.52 wrist_roll.pos=-1.77 gripper.pos=+1.07
DEBUG 2026-09-03 10:01:16 [action #114] t=5.18s step=113 queue=13 dmax=0.366 | shoulder_pan.pos=-9.86 shoulder_lift.pos=-101.17 elbow_flex.pos=+87.80 wrist_flex.pos=+66.45 wrist_roll.pos=-1.96 gripper.pos=+0.89
DEBUG 2026-09-03 10:01:16 [action #115] t=5.22s step=114 queue=12 dmax=0.257 | shoulder_pan.pos=-9.98 shoulder_lift.pos=-101.19 elbow_flex.pos=+87.54 wrist_flex.pos=+66.35 wrist_roll.pos=-2.11 gripper.pos=+0.95
DEBUG 2026-09-03 10:01:16 [action #116] t=5.25s step=115 queue=11 dmax=0.216 | shoulder_pan.pos=-10.20 shoulder_lift.pos=-101.33 elbow_flex.pos=+87.38 wrist_flex.pos=+66.34 wrist_roll.pos=-2.20 gripper.pos=+0.92
DEBUG 2026-09-03 10:01:16 [action #117] t=5.28s step=116 queue=10 dmax=0.521 | shoulder_pan.pos=-10.10 shoulder_lift.pos=-101.31 elbow_flex.pos=+86.86 wrist_flex.pos=+66.20 wrist_roll.pos=-2.38 gripper.pos=+0.94
DEBUG 2026-09-03 10:01:16 [action #118] t=5.32s step=117 queue=9 dmax=0.265 | shoulder_pan.pos=-10.36 shoulder_lift.pos=-101.30 elbow_flex.pos=+86.95 wrist_flex.pos=+66.38 wrist_roll.pos=-2.65 gripper.pos=+0.98
DEBUG 2026-09-03 10:01:16 [action #119] t=5.35s step=118 queue=8 dmax=0.286 | shoulder_pan.pos=-10.61 shoulder_lift.pos=-101.18 elbow_flex.pos=+87.06 wrist_flex.pos=+66.09 wrist_roll.pos=-2.83 gripper.pos=+1.00
DEBUG 2026-09-03 10:01:16 [action #120] t=5.38s step=119 queue=7 dmax=0.455 | shoulder_pan.pos=-10.16 shoulder_lift.pos=-101.35 elbow_flex.pos=+86.99 wrist_flex.pos=+66.07 wrist_roll.pos=-3.25 gripper.pos=+0.96
DEBUG 2026-09-03 10:01:16 [action #121] t=5.42s step=120 queue=6 dmax=0.331 | shoulder_pan.pos=-10.35 shoulder_lift.pos=-101.13 elbow_flex.pos=+86.66 wrist_flex.pos=+66.07 wrist_roll.pos=-3.50 gripper.pos=+0.90
DEBUG 2026-09-03 10:01:16 [action #122] t=5.45s step=121 queue=5 dmax=0.359 | shoulder_pan.pos=-10.43 shoulder_lift.pos=-101.13 elbow_flex.pos=+86.53 wrist_flex.pos=+65.87 wrist_roll.pos=-3.85 gripper.pos=+0.81
DEBUG 2026-09-03 10:01:16 [action #123] t=5.48s step=122 queue=4 dmax=0.443 | shoulder_pan.pos=-10.42 shoulder_lift.pos=-100.69 elbow_flex.pos=+86.09 wrist_flex.pos=+65.68 wrist_roll.pos=-4.28 gripper.pos=+0.90
DEBUG 2026-09-03 10:01:16 [action #124] t=5.52s step=123 queue=3 dmax=0.346 | shoulder_pan.pos=-10.33 shoulder_lift.pos=-100.86 elbow_flex.pos=+85.74 wrist_flex.pos=+65.65 wrist_roll.pos=-4.45 gripper.pos=+1.02
DEBUG 2026-09-03 10:01:16 [action #125] t=5.55s step=124 queue=2 dmax=0.480 | shoulder_pan.pos=-10.81 shoulder_lift.pos=-100.45 elbow_flex.pos=+85.55 wrist_flex.pos=+65.60 wrist_roll.pos=-4.56 gripper.pos=+0.87
DEBUG 2026-09-03 10:01:16 [action #126] t=5.58s step=125 queue=1 dmax=0.230 | shoulder_pan.pos=-10.73 shoulder_lift.pos=-100.52 elbow_flex.pos=+85.63 wrist_flex.pos=+65.37 wrist_roll.pos=-4.64 gripper.pos=+0.97
DEBUG 2026-09-03 10:01:16 [chunk] received 50 actions, timesteps 98..147 | first: shoulder_pan.pos=-13.24 shoulder_lift.pos=-101.50 elbow_flex.pos=+88.80 wrist_flex.pos=+68.82 wrist_roll.pos=-1.24 gripper.pos=+1.10 | last: shoulder_pan.pos=-14.17 shoulder_lift.pos=-101.37 elbow_flex.pos=+85.46 wrist_flex.pos=+67.24 wrist_roll.pos=-2.15 gripper.pos=+1.19
DEBUG 2026-09-03 10:01:16 [action #127] t=5.62s step=126 queue=22 dmax=3.173 | shoulder_pan.pos=-13.82 shoulder_lift.pos=-102.01 elbow_flex.pos=+87.70 wrist_flex.pos=+66.47 wrist_roll.pos=-1.47 gripper.pos=+1.01
DEBUG 2026-09-03 10:01:16 [action #128] t=5.65s step=127 queue=21 dmax=0.426 | shoulder_pan.pos=-13.88 shoulder_lift.pos=-102.09 elbow_flex.pos=+88.13 wrist_flex.pos=+66.29 wrist_roll.pos=-1.48 gripper.pos=+0.95
DEBUG 2026-09-03 10:01:16 [action #129] t=5.69s step=128 queue=20 dmax=0.588 | shoulder_pan.pos=-14.35 shoulder_lift.pos=-101.52 elbow_flex.pos=+87.54 wrist_flex.pos=+66.13 wrist_roll.pos=-1.52 gripper.pos=+0.98
DEBUG 2026-09-03 10:01:16 [action #130] t=5.72s step=129 queue=19 dmax=0.459 | shoulder_pan.pos=-14.12 shoulder_lift.pos=-101.06 elbow_flex.pos=+87.36 wrist_flex.pos=+66.41 wrist_roll.pos=-1.54 gripper.pos=+0.99
DEBUG 2026-09-03 10:01:16 [action #131] t=5.75s step=130 queue=18 dmax=0.971 | shoulder_pan.pos=-14.34 shoulder_lift.pos=-102.03 elbow_flex.pos=+87.47 wrist_flex.pos=+66.17 wrist_roll.pos=-1.62 gripper.pos=+0.99
DEBUG 2026-09-03 10:01:16 [action #132] t=5.79s step=131 queue=17 dmax=0.429 | shoulder_pan.pos=-14.30 shoulder_lift.pos=-101.60 elbow_flex.pos=+87.05 wrist_flex.pos=+66.60 wrist_roll.pos=-1.62 gripper.pos=+1.08
DEBUG 2026-09-03 10:01:17 [action #133] t=5.82s step=132 queue=16 dmax=0.350 | shoulder_pan.pos=-14.50 shoulder_lift.pos=-101.95 elbow_flex.pos=+86.78 wrist_flex.pos=+66.74 wrist_roll.pos=-1.53 gripper.pos=+1.07
DEBUG 2026-09-03 10:01:17 [action #134] t=5.85s step=133 queue=15 dmax=0.353 | shoulder_pan.pos=-14.44 shoulder_lift.pos=-101.60 elbow_flex.pos=+86.79 wrist_flex.pos=+66.68 wrist_roll.pos=-1.58 gripper.pos=+1.04
DEBUG 2026-09-03 10:01:17 [action #135] t=5.89s step=134 queue=14 dmax=0.289 | shoulder_pan.pos=-14.15 shoulder_lift.pos=-101.77 elbow_flex.pos=+86.89 wrist_flex.pos=+66.64 wrist_roll.pos=-1.65 gripper.pos=+0.87
DEBUG 2026-09-03 10:01:17 [action #136] t=5.92s step=135 queue=13 dmax=0.834 | shoulder_pan.pos=-14.17 shoulder_lift.pos=-101.16 elbow_flex.pos=+86.05 wrist_flex.pos=+66.93 wrist_roll.pos=-1.75 gripper.pos=+0.91
DEBUG 2026-09-03 10:01:17 [action #137] t=5.95s step=136 queue=12 dmax=0.957 | shoulder_pan.pos=-14.25 shoulder_lift.pos=-101.97 elbow_flex.pos=+87.01 wrist_flex.pos=+66.88 wrist_roll.pos=-1.66 gripper.pos=+1.00
DEBUG 2026-09-03 10:01:17 [action #138] t=5.99s step=137 queue=11 dmax=0.691 | shoulder_pan.pos=-13.99 shoulder_lift.pos=-101.62 elbow_flex.pos=+86.32 wrist_flex.pos=+66.89 wrist_roll.pos=-1.63 gripper.pos=+1.01
DEBUG 2026-09-03 10:01:17 [action #139] t=6.02s step=138 queue=10 dmax=0.411 | shoulder_pan.pos=-14.24 shoulder_lift.pos=-101.21 elbow_flex.pos=+86.25 wrist_flex.pos=+66.80 wrist_roll.pos=-1.70 gripper.pos=+0.97
DEBUG 2026-09-03 10:01:17 [action #140] t=6.05s step=139 queue=9 dmax=0.262 | shoulder_pan.pos=-14.25 shoulder_lift.pos=-101.21 elbow_flex.pos=+85.99 wrist_flex.pos=+66.98 wrist_roll.pos=-1.71 gripper.pos=+0.99
DEBUG 2026-09-03 10:01:17 [action #141] t=6.09s step=140 queue=8 dmax=0.582 | shoulder_pan.pos=-14.34 shoulder_lift.pos=-101.79 elbow_flex.pos=+86.29 wrist_flex.pos=+67.13 wrist_roll.pos=-1.71 gripper.pos=+1.04
DEBUG 2026-09-03 10:01:17 [action #142] t=6.12s step=141 queue=7 dmax=0.310 | shoulder_pan.pos=-14.34 shoulder_lift.pos=-101.48 elbow_flex.pos=+86.39 wrist_flex.pos=+67.18 wrist_roll.pos=-1.88 gripper.pos=+1.01
DEBUG 2026-09-03 10:01:17 [action #143] t=6.15s step=142 queue=6 dmax=0.982 | shoulder_pan.pos=-14.36 shoulder_lift.pos=-100.97 elbow_flex.pos=+85.41 wrist_flex.pos=+67.17 wrist_roll.pos=-1.87 gripper.pos=+0.97
DEBUG 2026-09-03 10:01:17 [action #144] t=6.19s step=143 queue=5 dmax=0.643 | shoulder_pan.pos=-14.23 shoulder_lift.pos=-101.62 elbow_flex.pos=+85.54 wrist_flex.pos=+67.19 wrist_roll.pos=-2.00 gripper.pos=+1.05
DEBUG 2026-09-03 10:01:17 [action #145] t=6.22s step=144 queue=4 dmax=0.517 | shoulder_pan.pos=-14.39 shoulder_lift.pos=-101.10 elbow_flex.pos=+85.19 wrist_flex.pos=+67.29 wrist_roll.pos=-2.00 gripper.pos=+1.00
DEBUG 2026-09-03 10:01:17 [action #146] t=6.25s step=145 queue=3 dmax=0.436 | shoulder_pan.pos=-14.38 shoulder_lift.pos=-101.53 elbow_flex.pos=+85.33 wrist_flex.pos=+67.33 wrist_roll.pos=-2.05 gripper.pos=+1.02
DEBUG 2026-09-03 10:01:17 [action #147] t=6.29s step=146 queue=2 dmax=0.481 | shoulder_pan.pos=-14.12 shoulder_lift.pos=-102.02 elbow_flex.pos=+85.33 wrist_flex.pos=+67.35 wrist_roll.pos=-2.19 gripper.pos=+1.18
DEBUG 2026-09-03 10:01:17 [action #148] t=6.32s step=147 queue=1 dmax=0.649 | shoulder_pan.pos=-14.17 shoulder_lift.pos=-101.37 elbow_flex.pos=+85.46 wrist_flex.pos=+67.24 wrist_roll.pos=-2.15 gripper.pos=+1.19
DEBUG 2026-09-03 10:01:17 [chunk] received 50 actions, timesteps 125..174 | first: shoulder_pan.pos=-12.08 shoulder_lift.pos=-100.59 elbow_flex.pos=+86.47 wrist_flex.pos=+66.55 wrist_roll.pos=-5.16 gripper.pos=+1.17 | last: shoulder_pan.pos=-14.34 shoulder_lift.pos=-70.51 elbow_flex.pos=+67.33 wrist_flex.pos=+58.03 wrist_roll.pos=-4.33 gripper.pos=+0.83
DEBUG 2026-09-03 10:01:17 [action #149] t=6.52s step=148 queue=27 dmax=3.407 | shoulder_pan.pos=-12.42 shoulder_lift.pos=-101.24 elbow_flex.pos=+85.52 wrist_flex.pos=+63.83 wrist_roll.pos=-1.75 gripper.pos=+0.69
DEBUG 2026-09-03 10:01:17 [action #150] t=6.55s step=149 queue=26 dmax=0.216 | shoulder_pan.pos=-12.63 shoulder_lift.pos=-101.12 elbow_flex.pos=+85.48 wrist_flex.pos=+63.97 wrist_roll.pos=-1.97 gripper.pos=+0.74
DEBUG 2026-09-03 10:01:17 [action #151] t=6.59s step=150 queue=25 dmax=0.427 | shoulder_pan.pos=-12.54 shoulder_lift.pos=-100.77 elbow_flex.pos=+85.05 wrist_flex.pos=+64.20 wrist_roll.pos=-2.07 gripper.pos=+0.82
DEBUG 2026-09-03 10:01:17 [action #152] t=6.62s step=151 queue=24 dmax=0.409 | shoulder_pan.pos=-12.60 shoulder_lift.pos=-100.36 elbow_flex.pos=+84.84 wrist_flex.pos=+64.16 wrist_roll.pos=-2.20 gripper.pos=+0.93
DEBUG 2026-09-03 10:01:17 [action #153] t=6.66s step=152 queue=23 dmax=0.602 | shoulder_pan.pos=-12.44 shoulder_lift.pos=-100.97 elbow_flex.pos=+85.15 wrist_flex.pos=+64.07 wrist_roll.pos=-2.35 gripper.pos=+0.83
DEBUG 2026-09-03 10:01:17 [action #154] t=6.69s step=153 queue=22 dmax=0.236 | shoulder_pan.pos=-12.47 shoulder_lift.pos=-100.85 elbow_flex.pos=+85.04 wrist_flex.pos=+63.92 wrist_roll.pos=-2.58 gripper.pos=+0.71
DEBUG 2026-09-03 10:01:17 [action #155] t=6.72s step=154 queue=21 dmax=0.959 | shoulder_pan.pos=-12.37 shoulder_lift.pos=-101.31 elbow_flex.pos=+84.08 wrist_flex.pos=+64.10 wrist_roll.pos=-2.81 gripper.pos=+0.86
DEBUG 2026-09-03 10:01:17 [action #156] t=6.76s step=155 queue=20 dmax=0.805 | shoulder_pan.pos=-12.81 shoulder_lift.pos=-101.42 elbow_flex.pos=+84.88 wrist_flex.pos=+64.08 wrist_roll.pos=-2.81 gripper.pos=+0.79
DEBUG 2026-09-03 10:01:17 [action #157] t=6.79s step=156 queue=19 dmax=0.854 | shoulder_pan.pos=-12.38 shoulder_lift.pos=-100.57 elbow_flex.pos=+84.29 wrist_flex.pos=+64.12 wrist_roll.pos=-2.89 gripper.pos=+0.85
DEBUG 2026-09-03 10:01:18 [action #158] t=6.82s step=157 queue=18 dmax=0.423 | shoulder_pan.pos=-12.80 shoulder_lift.pos=-100.78 elbow_flex.pos=+84.61 wrist_flex.pos=+64.39 wrist_roll.pos=-2.78 gripper.pos=+0.85
DEBUG 2026-09-03 10:01:18 [action #159] t=6.86s step=158 queue=17 dmax=0.371 | shoulder_pan.pos=-12.89 shoulder_lift.pos=-101.07 elbow_flex.pos=+84.30 wrist_flex.pos=+64.01 wrist_roll.pos=-2.76 gripper.pos=+0.90
DEBUG 2026-09-03 10:01:18 [action #160] t=6.89s step=159 queue=16 dmax=0.765 | shoulder_pan.pos=-13.06 shoulder_lift.pos=-100.31 elbow_flex.pos=+84.61 wrist_flex.pos=+64.22 wrist_roll.pos=-2.77 gripper.pos=+0.78
DEBUG 2026-09-03 10:01:18 [action #161] t=6.92s step=160 queue=15 dmax=0.378 | shoulder_pan.pos=-13.37 shoulder_lift.pos=-99.93 elbow_flex.pos=+84.75 wrist_flex.pos=+64.39 wrist_roll.pos=-2.77 gripper.pos=+0.83
DEBUG 2026-09-03 10:01:18 [action #162] t=6.96s step=161 queue=14 dmax=0.756 | shoulder_pan.pos=-13.60 shoulder_lift.pos=-99.81 elbow_flex.pos=+83.99 wrist_flex.pos=+64.23 wrist_roll.pos=-2.90 gripper.pos=+0.86
DEBUG 2026-09-03 10:01:18 [action #163] t=6.99s step=162 queue=13 dmax=0.343 | shoulder_pan.pos=-13.94 shoulder_lift.pos=-99.81 elbow_flex.pos=+83.96 wrist_flex.pos=+64.11 wrist_roll.pos=-2.87 gripper.pos=+0.83
DEBUG 2026-09-03 10:01:18 [action #164] t=7.02s step=163 queue=12 dmax=1.071 | shoulder_pan.pos=-13.95 shoulder_lift.pos=-98.74 elbow_flex.pos=+83.13 wrist_flex.pos=+63.86 wrist_roll.pos=-3.03 gripper.pos=+0.83
DEBUG 2026-09-03 10:01:18 [action #165] t=7.06s step=164 queue=11 dmax=1.633 | shoulder_pan.pos=-13.96 shoulder_lift.pos=-97.11 elbow_flex.pos=+82.83 wrist_flex.pos=+63.56 wrist_roll.pos=-3.08 gripper.pos=+0.80
DEBUG 2026-09-03 10:01:18 [action #166] t=7.09s step=165 queue=10 dmax=2.100 | shoulder_pan.pos=-13.81 shoulder_lift.pos=-95.01 elbow_flex.pos=+80.95 wrist_flex.pos=+62.87 wrist_roll.pos=-3.27 gripper.pos=+0.84
DEBUG 2026-09-03 10:01:18 [action #167] t=7.12s step=166 queue=9 dmax=2.025 | shoulder_pan.pos=-13.84 shoulder_lift.pos=-92.98 elbow_flex.pos=+79.86 wrist_flex.pos=+62.63 wrist_roll.pos=-3.44 gripper.pos=+0.95
DEBUG 2026-09-03 10:01:18 [action #168] t=7.16s step=167 queue=8 dmax=3.139 | shoulder_pan.pos=-13.98 shoulder_lift.pos=-89.85 elbow_flex.pos=+77.90 wrist_flex.pos=+62.09 wrist_roll.pos=-3.54 gripper.pos=+0.75
DEBUG 2026-09-03 10:01:18 [action #169] t=7.19s step=168 queue=7 dmax=2.759 | shoulder_pan.pos=-14.04 shoulder_lift.pos=-87.09 elbow_flex.pos=+76.40 wrist_flex.pos=+61.62 wrist_roll.pos=-3.62 gripper.pos=+0.74
DEBUG 2026-09-03 10:01:18 [action #170] t=7.22s step=169 queue=6 dmax=2.722 | shoulder_pan.pos=-14.14 shoulder_lift.pos=-84.36 elbow_flex.pos=+74.75 wrist_flex.pos=+61.33 wrist_roll.pos=-3.67 gripper.pos=+0.68
DEBUG 2026-09-03 10:01:18 [action #171] t=7.26s step=170 queue=5 dmax=3.031 | shoulder_pan.pos=-14.30 shoulder_lift.pos=-81.33 elbow_flex.pos=+72.93 wrist_flex.pos=+60.68 wrist_roll.pos=-3.70 gripper.pos=+0.73
DEBUG 2026-09-03 10:01:18 [action #172] t=7.29s step=171 queue=4 dmax=3.844 | shoulder_pan.pos=-14.13 shoulder_lift.pos=-77.49 elbow_flex.pos=+71.54 wrist_flex.pos=+59.93 wrist_roll.pos=-3.75 gripper.pos=+0.77
DEBUG 2026-09-03 10:01:18 [action #173] t=7.32s step=172 queue=3 dmax=2.641 | shoulder_pan.pos=-13.93 shoulder_lift.pos=-74.85 elbow_flex.pos=+69.42 wrist_flex.pos=+59.32 wrist_roll.pos=-3.84 gripper.pos=+0.91
DEBUG 2026-09-03 10:01:18 [action #174] t=7.36s step=173 queue=2 dmax=1.795 | shoulder_pan.pos=-14.23 shoulder_lift.pos=-73.05 elbow_flex.pos=+68.51 wrist_flex.pos=+58.53 wrist_roll.pos=-4.07 gripper.pos=+0.91
DEBUG 2026-09-03 10:01:18 [action #175] t=7.39s step=174 queue=1 dmax=2.547 | shoulder_pan.pos=-14.34 shoulder_lift.pos=-70.51 elbow_flex.pos=+67.33 wrist_flex.pos=+58.03 wrist_roll.pos=-4.33 gripper.pos=+0.83
DEBUG 2026-09-03 10:01:18 [chunk] received 50 actions, timesteps 147..196 | first: shoulder_pan.pos=-14.68 shoulder_lift.pos=-98.58 elbow_flex.pos=+84.47 wrist_flex.pos=+66.81 wrist_roll.pos=-2.30 gripper.pos=+1.22 | last: shoulder_pan.pos=-13.60 shoulder_lift.pos=-43.14 elbow_flex.pos=+45.48 wrist_flex.pos=+60.67 wrist_roll.pos=-7.93 gripper.pos=+1.34
DEBUG 2026-09-03 10:01:18 [action #176] t=7.46s step=175 queue=22 dmax=11.909 | shoulder_pan.pos=-13.87 shoulder_lift.pos=-82.42 elbow_flex.pos=+73.76 wrist_flex.pos=+60.61 wrist_roll.pos=-5.04 gripper.pos=+0.80
DEBUG 2026-09-03 10:01:18 [action #177] t=7.49s step=176 queue=21 dmax=2.947 | shoulder_pan.pos=-13.85 shoulder_lift.pos=-79.47 elbow_flex.pos=+72.03 wrist_flex.pos=+60.02 wrist_roll.pos=-5.08 gripper.pos=+0.76
DEBUG 2026-09-03 10:01:18 [action #178] t=7.52s step=177 queue=20 dmax=2.361 | shoulder_pan.pos=-13.68 shoulder_lift.pos=-77.11 elbow_flex.pos=+70.37 wrist_flex.pos=+59.95 wrist_roll.pos=-5.46 gripper.pos=+0.81
DEBUG 2026-09-03 10:01:18 [action #179] t=7.56s step=178 queue=19 dmax=1.838 | shoulder_pan.pos=-13.65 shoulder_lift.pos=-75.27 elbow_flex.pos=+70.04 wrist_flex.pos=+59.95 wrist_roll.pos=-5.60 gripper.pos=+0.91
DEBUG 2026-09-03 10:01:18 [action #180] t=7.59s step=179 queue=18 dmax=2.894 | shoulder_pan.pos=-13.75 shoulder_lift.pos=-72.38 elbow_flex.pos=+67.94 wrist_flex.pos=+59.66 wrist_roll.pos=-5.77 gripper.pos=+0.97
DEBUG 2026-09-03 10:01:18 [action #181] t=7.63s step=180 queue=17 dmax=1.859 | shoulder_pan.pos=-14.13 shoulder_lift.pos=-70.52 elbow_flex.pos=+66.64 wrist_flex.pos=+59.38 wrist_roll.pos=-5.86 gripper.pos=+0.80
DEBUG 2026-09-03 10:01:18 [action #182] t=7.66s step=181 queue=16 dmax=2.095 | shoulder_pan.pos=-13.79 shoulder_lift.pos=-68.42 elbow_flex.pos=+65.23 wrist_flex.pos=+59.09 wrist_roll.pos=-6.11 gripper.pos=+0.71
DEBUG 2026-09-03 10:01:18 [action #183] t=7.69s step=182 queue=15 dmax=2.345 | shoulder_pan.pos=-13.88 shoulder_lift.pos=-66.08 elbow_flex.pos=+64.02 wrist_flex.pos=+59.16 wrist_roll.pos=-6.37 gripper.pos=+0.99
DEBUG 2026-09-03 10:01:18 [action #184] t=7.73s step=183 queue=14 dmax=2.523 | shoulder_pan.pos=-14.04 shoulder_lift.pos=-63.55 elbow_flex.pos=+62.65 wrist_flex.pos=+58.86 wrist_roll.pos=-6.77 gripper.pos=+0.91
DEBUG 2026-09-03 10:01:18 [action #185] t=7.76s step=184 queue=13 dmax=2.191 | shoulder_pan.pos=-13.85 shoulder_lift.pos=-61.36 elbow_flex.pos=+61.36 wrist_flex.pos=+58.59 wrist_roll.pos=-7.09 gripper.pos=+0.99
DEBUG 2026-09-03 10:01:18 [action #186] t=7.79s step=185 queue=12 dmax=2.365 | shoulder_pan.pos=-13.69 shoulder_lift.pos=-59.00 elbow_flex.pos=+59.01 wrist_flex.pos=+58.84 wrist_roll.pos=-7.57 gripper.pos=+0.99
DEBUG 2026-09-03 10:01:19 [action #187] t=7.83s step=186 queue=11 dmax=1.827 | shoulder_pan.pos=-13.75 shoulder_lift.pos=-57.17 elbow_flex.pos=+58.40 wrist_flex.pos=+58.68 wrist_roll.pos=-7.66 gripper.pos=+1.03
DEBUG 2026-09-03 10:01:19 [action #188] t=7.86s step=187 queue=10 dmax=1.714 | shoulder_pan.pos=-14.20 shoulder_lift.pos=-55.46 elbow_flex.pos=+57.26 wrist_flex.pos=+58.64 wrist_roll.pos=-7.80 gripper.pos=+1.04
DEBUG 2026-09-03 10:01:19 [action #189] t=7.89s step=188 queue=9 dmax=2.199 | shoulder_pan.pos=-13.99 shoulder_lift.pos=-54.66 elbow_flex.pos=+55.07 wrist_flex.pos=+58.54 wrist_roll.pos=-7.78 gripper.pos=+0.95
DEBUG 2026-09-03 10:01:19 [action #190] t=7.93s step=189 queue=8 dmax=1.745 | shoulder_pan.pos=-14.26 shoulder_lift.pos=-52.91 elbow_flex.pos=+54.10 wrist_flex.pos=+58.42 wrist_roll.pos=-7.83 gripper.pos=+0.94
DEBUG 2026-09-03 10:01:19 [action #191] t=7.96s step=190 queue=7 dmax=1.603 | shoulder_pan.pos=-14.02 shoulder_lift.pos=-51.31 elbow_flex.pos=+53.39 wrist_flex.pos=+58.77 wrist_roll.pos=-7.86 gripper.pos=+1.10
DEBUG 2026-09-03 10:01:19 [action #192] t=7.99s step=191 queue=6 dmax=1.404 | shoulder_pan.pos=-14.14 shoulder_lift.pos=-49.91 elbow_flex.pos=+52.43 wrist_flex.pos=+58.87 wrist_roll.pos=-7.78 gripper.pos=+1.09
DEBUG 2026-09-03 10:01:19 [action #193] t=8.03s step=192 queue=5 dmax=1.642 | shoulder_pan.pos=-13.99 shoulder_lift.pos=-48.62 elbow_flex.pos=+50.79 wrist_flex.pos=+58.92 wrist_roll.pos=-7.74 gripper.pos=+1.02
DEBUG 2026-09-03 10:01:19 [action #194] t=8.06s step=193 queue=4 dmax=1.373 | shoulder_pan.pos=-13.43 shoulder_lift.pos=-47.25 elbow_flex.pos=+50.22 wrist_flex.pos=+59.31 wrist_roll.pos=-7.60 gripper.pos=+1.01
DEBUG 2026-09-03 10:01:19 [action #195] t=8.09s step=194 queue=3 dmax=1.496 | shoulder_pan.pos=-13.82 shoulder_lift.pos=-45.76 elbow_flex.pos=+48.98 wrist_flex.pos=+59.86 wrist_roll.pos=-7.65 gripper.pos=+1.06
DEBUG 2026-09-03 10:01:19 [action #196] t=8.13s step=195 queue=2 dmax=1.689 | shoulder_pan.pos=-13.54 shoulder_lift.pos=-44.55 elbow_flex.pos=+47.29 wrist_flex.pos=+60.22 wrist_roll.pos=-7.70 gripper.pos=+1.10
DEBUG 2026-09-03 10:01:19 [action #197] t=8.16s step=196 queue=1 dmax=1.814 | shoulder_pan.pos=-13.60 shoulder_lift.pos=-43.14 elbow_flex.pos=+45.48 wrist_flex.pos=+60.67 wrist_roll.pos=-7.93 gripper.pos=+1.34
DEBUG 2026-09-03 10:01:19 [chunk] received 50 actions, timesteps 174..223 | first: shoulder_pan.pos=-13.71 shoulder_lift.pos=-76.33 elbow_flex.pos=+70.55 wrist_flex.pos=+60.08 wrist_roll.pos=-3.75 gripper.pos=+1.09 | last: shoulder_pan.pos=-11.84 shoulder_lift.pos=+3.92 elbow_flex.pos=+8.11 wrist_flex.pos=+71.85 wrist_roll.pos=-6.38 gripper.pos=+17.01
DEBUG 2026-09-03 10:01:19 [action #198] t=8.43s step=197 queue=27 dmax=7.745 | shoulder_pan.pos=-12.00 shoulder_lift.pos=-35.40 elbow_flex.pos=+40.48 wrist_flex.pos=+62.79 wrist_roll.pos=-5.75 gripper.pos=+0.62
DEBUG 2026-09-03 10:01:19 [action #199] t=8.46s step=198 queue=26 dmax=1.822 | shoulder_pan.pos=-12.06 shoulder_lift.pos=-33.57 elbow_flex.pos=+38.89 wrist_flex.pos=+62.84 wrist_roll.pos=-5.85 gripper.pos=+0.78
DEBUG 2026-09-03 10:01:19 [action #200] t=8.49s step=199 queue=25 dmax=1.829 | shoulder_pan.pos=-12.07 shoulder_lift.pos=-31.96 elbow_flex.pos=+37.06 wrist_flex.pos=+62.85 wrist_roll.pos=-5.82 gripper.pos=+0.64
DEBUG 2026-09-03 10:01:19 [action #201] t=8.53s step=200 queue=24 dmax=2.101 | shoulder_pan.pos=-12.15 shoulder_lift.pos=-29.86 elbow_flex.pos=+35.81 wrist_flex.pos=+62.84 wrist_roll.pos=-5.99 gripper.pos=+0.64
DEBUG 2026-09-03 10:01:19 [action #202] t=8.56s step=201 queue=23 dmax=2.948 | shoulder_pan.pos=-11.86 shoulder_lift.pos=-26.91 elbow_flex.pos=+34.10 wrist_flex.pos=+62.77 wrist_roll.pos=-6.16 gripper.pos=+0.49
DEBUG 2026-09-03 10:01:19 [action #203] t=8.60s step=202 queue=22 dmax=1.944 | shoulder_pan.pos=-12.13 shoulder_lift.pos=-25.42 elbow_flex.pos=+32.15 wrist_flex.pos=+62.89 wrist_roll.pos=-6.36 gripper.pos=+0.64
DEBUG 2026-09-03 10:01:19 [action #204] t=8.63s step=203 queue=21 dmax=2.186 | shoulder_pan.pos=-12.28 shoulder_lift.pos=-23.23 elbow_flex.pos=+30.47 wrist_flex.pos=+62.88 wrist_roll.pos=-6.57 gripper.pos=+0.67
DEBUG 2026-09-03 10:01:19 [action #205] t=8.66s step=204 queue=20 dmax=1.263 | shoulder_pan.pos=-12.51 shoulder_lift.pos=-21.97 elbow_flex.pos=+29.29 wrist_flex.pos=+63.04 wrist_roll.pos=-6.69 gripper.pos=+0.49
DEBUG 2026-09-03 10:01:19 [action #206] t=8.70s step=205 queue=19 dmax=2.085 | shoulder_pan.pos=-12.52 shoulder_lift.pos=-19.88 elbow_flex.pos=+28.10 wrist_flex.pos=+62.98 wrist_roll.pos=-6.79 gripper.pos=+0.53
DEBUG 2026-09-03 10:01:19 [action #207] t=8.73s step=206 queue=18 dmax=1.876 | shoulder_pan.pos=-12.69 shoulder_lift.pos=-18.30 elbow_flex.pos=+26.22 wrist_flex.pos=+63.05 wrist_roll.pos=-6.89 gripper.pos=+0.60
DEBUG 2026-09-03 10:01:19 [action #208] t=8.76s step=207 queue=17 dmax=2.259 | shoulder_pan.pos=-12.36 shoulder_lift.pos=-16.04 elbow_flex.pos=+25.09 wrist_flex.pos=+63.20 wrist_roll.pos=-6.88 gripper.pos=+0.90
DEBUG 2026-09-03 10:01:20 [action #209] t=8.80s step=208 queue=16 dmax=2.198 | shoulder_pan.pos=-12.49 shoulder_lift.pos=-14.56 elbow_flex.pos=+22.89 wrist_flex.pos=+63.25 wrist_roll.pos=-6.87 gripper.pos=+1.30
DEBUG 2026-09-03 10:01:20 [action #210] t=8.83s step=209 queue=15 dmax=2.097 | shoulder_pan.pos=-12.47 shoulder_lift.pos=-12.46 elbow_flex.pos=+21.26 wrist_flex.pos=+63.49 wrist_roll.pos=-6.83 gripper.pos=+2.24
DEBUG 2026-09-03 10:01:20 [action #211] t=8.86s step=210 queue=14 dmax=1.704 | shoulder_pan.pos=-12.56 shoulder_lift.pos=-10.75 elbow_flex.pos=+19.84 wrist_flex.pos=+63.70 wrist_roll.pos=-6.91 gripper.pos=+3.41
DEBUG 2026-09-03 10:01:20 [action #212] t=8.90s step=211 queue=13 dmax=1.389 | shoulder_pan.pos=-12.72 shoulder_lift.pos=-9.36 elbow_flex.pos=+18.56 wrist_flex.pos=+64.11 wrist_roll.pos=-6.90 gripper.pos=+4.37
DEBUG 2026-09-03 10:01:20 [action #213] t=8.93s step=212 queue=12 dmax=1.663 | shoulder_pan.pos=-12.59 shoulder_lift.pos=-7.70 elbow_flex.pos=+17.04 wrist_flex.pos=+64.38 wrist_roll.pos=-6.75 gripper.pos=+4.76
DEBUG 2026-09-03 10:01:20 [action #214] t=8.96s step=213 queue=11 dmax=1.408 | shoulder_pan.pos=-12.73 shoulder_lift.pos=-6.29 elbow_flex.pos=+15.91 wrist_flex.pos=+64.78 wrist_roll.pos=-6.78 gripper.pos=+4.84
DEBUG 2026-09-03 10:01:20 [action #215] t=9.00s step=214 queue=10 dmax=1.578 | shoulder_pan.pos=-12.52 shoulder_lift.pos=-4.72 elbow_flex.pos=+14.48 wrist_flex.pos=+65.20 wrist_roll.pos=-6.78 gripper.pos=+4.61
DEBUG 2026-09-03 10:01:20 [action #216] t=9.03s step=215 queue=9 dmax=1.342 | shoulder_pan.pos=-12.25 shoulder_lift.pos=-3.37 elbow_flex.pos=+13.23 wrist_flex.pos=+65.66 wrist_roll.pos=-6.65 gripper.pos=+4.35
DEBUG 2026-09-03 10:01:20 [action #217] t=9.06s step=216 queue=8 dmax=1.447 | shoulder_pan.pos=-12.17 shoulder_lift.pos=-1.93 elbow_flex.pos=+12.05 wrist_flex.pos=+65.97 wrist_roll.pos=-6.62 gripper.pos=+4.24
DEBUG 2026-09-03 10:01:20 [action #218] t=9.10s step=217 queue=7 dmax=0.891 | shoulder_pan.pos=-12.41 shoulder_lift.pos=-1.04 elbow_flex.pos=+11.37 wrist_flex.pos=+66.52 wrist_roll.pos=-6.74 gripper.pos=+4.50
DEBUG 2026-09-03 10:01:20 [action #219] t=9.13s step=218 queue=6 dmax=1.196 | shoulder_pan.pos=-12.23 shoulder_lift.pos=+0.16 elbow_flex.pos=+10.67 wrist_flex.pos=+67.08 wrist_roll.pos=-6.64 gripper.pos=+5.33
DEBUG 2026-09-03 10:01:20 [action #220] t=9.16s step=219 queue=5 dmax=1.703 | shoulder_pan.pos=-11.99 shoulder_lift.pos=+1.41 elbow_flex.pos=+10.36 wrist_flex.pos=+67.82 wrist_roll.pos=-6.54 gripper.pos=+7.03
DEBUG 2026-09-03 10:01:20 [action #221] t=9.20s step=220 queue=4 dmax=2.690 | shoulder_pan.pos=-12.04 shoulder_lift.pos=+1.89 elbow_flex.pos=+9.22 wrist_flex.pos=+68.76 wrist_roll.pos=-6.52 gripper.pos=+9.72
DEBUG 2026-09-03 10:01:20 [action #222] t=9.23s step=221 queue=3 dmax=2.896 | shoulder_pan.pos=-12.04 shoulder_lift.pos=+2.31 elbow_flex.pos=+8.65 wrist_flex.pos=+70.09 wrist_roll.pos=-6.54 gripper.pos=+12.62
DEBUG 2026-09-03 10:01:20 [action #223] t=9.26s step=222 queue=2 dmax=2.376 | shoulder_pan.pos=-11.91 shoulder_lift.pos=+3.57 elbow_flex.pos=+8.16 wrist_flex.pos=+70.97 wrist_roll.pos=-6.42 gripper.pos=+14.99
DEBUG 2026-09-03 10:01:20 [action #224] t=9.30s step=223 queue=1 dmax=2.016 | shoulder_pan.pos=-11.84 shoulder_lift.pos=+3.92 elbow_flex.pos=+8.11 wrist_flex.pos=+71.85 wrist_roll.pos=-6.38 gripper.pos=+17.01
DEBUG 2026-09-03 10:01:20 [chunk] received 50 actions, timesteps 196..245 | first: shoulder_pan.pos=-13.61 shoulder_lift.pos=-38.09 elbow_flex.pos=+43.35 wrist_flex.pos=+59.40 wrist_roll.pos=-7.50 gripper.pos=+1.82 | last: shoulder_pan.pos=-12.83 shoulder_lift.pos=+10.88 elbow_flex.pos=+1.02 wrist_flex.pos=+73.22 wrist_roll.pos=-7.48 gripper.pos=+35.29
DEBUG 2026-09-03 10:01:20 [action #225] t=9.43s step=224 queue=22 dmax=10.266 | shoulder_pan.pos=-13.56 shoulder_lift.pos=-6.35 elbow_flex.pos=+14.60 wrist_flex.pos=+66.97 wrist_roll.pos=-7.84 gripper.pos=+13.59
DEBUG 2026-09-03 10:01:20 [action #226] t=9.47s step=225 queue=21 dmax=2.249 | shoulder_pan.pos=-13.72 shoulder_lift.pos=-5.35 elbow_flex.pos=+14.39 wrist_flex.pos=+67.39 wrist_roll.pos=-7.80 gripper.pos=+15.84
DEBUG 2026-09-03 10:01:20 [action #227] t=9.50s step=226 queue=20 dmax=1.700 | shoulder_pan.pos=-13.72 shoulder_lift.pos=-4.80 elbow_flex.pos=+13.65 wrist_flex.pos=+67.91 wrist_roll.pos=-7.84 gripper.pos=+17.54
DEBUG 2026-09-03 10:01:20 [action #228] t=9.53s step=227 queue=19 dmax=1.645 | shoulder_pan.pos=-13.69 shoulder_lift.pos=-3.95 elbow_flex.pos=+13.62 wrist_flex.pos=+68.15 wrist_roll.pos=-7.89 gripper.pos=+19.18
DEBUG 2026-09-03 10:01:20 [action #229] t=9.57s step=228 queue=18 dmax=1.372 | shoulder_pan.pos=-13.86 shoulder_lift.pos=-3.41 elbow_flex.pos=+12.84 wrist_flex.pos=+68.56 wrist_roll.pos=-7.83 gripper.pos=+20.55
DEBUG 2026-09-03 10:01:20 [action #230] t=9.60s step=229 queue=17 dmax=1.225 | shoulder_pan.pos=-13.68 shoulder_lift.pos=-2.79 elbow_flex.pos=+12.01 wrist_flex.pos=+68.69 wrist_roll.pos=-7.91 gripper.pos=+21.78
DEBUG 2026-09-03 10:01:20 [action #231] t=9.63s step=230 queue=16 dmax=1.436 | shoulder_pan.pos=-13.47 shoulder_lift.pos=-2.28 elbow_flex.pos=+11.51 wrist_flex.pos=+68.88 wrist_roll.pos=-7.83 gripper.pos=+23.22
DEBUG 2026-09-03 10:01:20 [action #232] t=9.67s step=231 queue=15 dmax=1.400 | shoulder_pan.pos=-13.49 shoulder_lift.pos=-1.05 elbow_flex.pos=+10.78 wrist_flex.pos=+68.99 wrist_roll.pos=-7.92 gripper.pos=+24.62
DEBUG 2026-09-03 10:01:20 [action #233] t=9.70s step=232 queue=14 dmax=1.186 | shoulder_pan.pos=-13.61 shoulder_lift.pos=-0.79 elbow_flex.pos=+10.46 wrist_flex.pos=+69.10 wrist_roll.pos=-8.00 gripper.pos=+25.80
DEBUG 2026-09-03 10:01:20 [action #234] t=9.73s step=233 queue=13 dmax=1.056 | shoulder_pan.pos=-13.49 shoulder_lift.pos=+0.09 elbow_flex.pos=+9.79 wrist_flex.pos=+69.06 wrist_roll.pos=-7.88 gripper.pos=+26.86
DEBUG 2026-09-03 10:01:20 [action #235] t=9.77s step=234 queue=12 dmax=1.427 | shoulder_pan.pos=-13.36 shoulder_lift.pos=+1.52 elbow_flex.pos=+9.08 wrist_flex.pos=+69.15 wrist_roll.pos=-7.85 gripper.pos=+27.65
DEBUG 2026-09-03 10:01:21 [action #236] t=9.80s step=235 queue=11 dmax=0.597 | shoulder_pan.pos=-13.38 shoulder_lift.pos=+1.93 elbow_flex.pos=+8.81 wrist_flex.pos=+69.31 wrist_roll.pos=-7.71 gripper.pos=+28.25
DEBUG 2026-09-03 10:01:21 [action #237] t=9.83s step=236 queue=10 dmax=0.704 | shoulder_pan.pos=-13.21 shoulder_lift.pos=+2.63 elbow_flex.pos=+8.25 wrist_flex.pos=+69.33 wrist_roll.pos=-7.53 gripper.pos=+28.70
DEBUG 2026-09-03 10:01:21 [action #238] t=9.87s step=237 queue=9 dmax=1.477 | shoulder_pan.pos=-13.04 shoulder_lift.pos=+4.11 elbow_flex.pos=+7.24 wrist_flex.pos=+69.41 wrist_roll.pos=-7.53 gripper.pos=+28.88
DEBUG 2026-09-03 10:01:21 [action #239] t=9.90s step=238 queue=8 dmax=0.853 | shoulder_pan.pos=-13.01 shoulder_lift.pos=+4.96 elbow_flex.pos=+6.83 wrist_flex.pos=+69.78 wrist_roll.pos=-7.36 gripper.pos=+29.12
DEBUG 2026-09-03 10:01:21 [action #240] t=9.93s step=239 queue=7 dmax=1.038 | shoulder_pan.pos=-12.96 shoulder_lift.pos=+5.88 elbow_flex.pos=+5.79 wrist_flex.pos=+69.88 wrist_roll.pos=-7.28 gripper.pos=+29.41
DEBUG 2026-09-03 10:01:21 [action #241] t=9.97s step=240 queue=6 dmax=0.748 | shoulder_pan.pos=-12.81 shoulder_lift.pos=+6.06 elbow_flex.pos=+5.12 wrist_flex.pos=+70.31 wrist_roll.pos=-7.31 gripper.pos=+30.16
DEBUG 2026-09-03 10:01:21 [action #242] t=10.00s step=241 queue=5 dmax=1.145 | shoulder_pan.pos=-13.09 shoulder_lift.pos=+7.08 elbow_flex.pos=+4.55 wrist_flex.pos=+70.98 wrist_roll.pos=-7.36 gripper.pos=+31.30
DEBUG 2026-09-03 10:01:21 [action #243] t=10.03s step=242 queue=4 dmax=1.605 | shoulder_pan.pos=-12.89 shoulder_lift.pos=+7.93 elbow_flex.pos=+3.61 wrist_flex.pos=+71.48 wrist_roll.pos=-7.42 gripper.pos=+32.91
DEBUG 2026-09-03 10:01:21 [action #244] t=10.07s step=243 queue=3 dmax=1.417 | shoulder_pan.pos=-12.98 shoulder_lift.pos=+8.84 elbow_flex.pos=+2.71 wrist_flex.pos=+72.21 wrist_roll.pos=-7.43 gripper.pos=+34.32
DEBUG 2026-09-03 10:01:21 [action #245] t=10.10s step=244 queue=2 dmax=1.087 | shoulder_pan.pos=-12.94 shoulder_lift.pos=+9.92 elbow_flex.pos=+1.69 wrist_flex.pos=+72.80 wrist_roll.pos=-7.41 gripper.pos=+34.96
DEBUG 2026-09-03 10:01:21 [action #246] t=10.13s step=245 queue=1 dmax=0.954 | shoulder_pan.pos=-12.83 shoulder_lift.pos=+10.88 elbow_flex.pos=+1.02 wrist_flex.pos=+73.22 wrist_roll.pos=-7.48 gripper.pos=+35.29
DEBUG 2026-09-03 10:01:21 [chunk] received 50 actions, timesteps 223..272 | first: shoulder_pan.pos=-13.08 shoulder_lift.pos=+4.45 elbow_flex.pos=+3.68 wrist_flex.pos=+71.74 wrist_roll.pos=-7.50 gripper.pos=+20.86 | last: shoulder_pan.pos=-14.94 shoulder_lift.pos=+38.36 elbow_flex.pos=-28.60 wrist_flex.pos=+83.54 wrist_roll.pos=-5.82 gripper.pos=+20.94
DEBUG 2026-09-03 10:01:21 [action #247] t=10.44s step=246 queue=27 dmax=3.530 | shoulder_pan.pos=-14.45 shoulder_lift.pos=+14.41 elbow_flex.pos=-2.12 wrist_flex.pos=+74.45 wrist_roll.pos=-6.63 gripper.pos=+32.62
DEBUG 2026-09-03 10:01:21 [action #248] t=10.47s step=247 queue=26 dmax=0.815 | shoulder_pan.pos=-14.42 shoulder_lift.pos=+15.22 elbow_flex.pos=-2.74 wrist_flex.pos=+74.42 wrist_roll.pos=-6.63 gripper.pos=+32.90
DEBUG 2026-09-03 10:01:21 [action #249] t=10.50s step=248 queue=25 dmax=0.526 | shoulder_pan.pos=-14.22 shoulder_lift.pos=+15.75 elbow_flex.pos=-3.08 wrist_flex.pos=+74.57 wrist_roll.pos=-6.56 gripper.pos=+33.05
DEBUG 2026-09-03 10:01:21 [action #250] t=10.54s step=249 queue=24 dmax=1.255 | shoulder_pan.pos=-14.22 shoulder_lift.pos=+17.00 elbow_flex.pos=-3.85 wrist_flex.pos=+74.29 wrist_roll.pos=-6.49 gripper.pos=+33.59
DEBUG 2026-09-03 10:01:21 [action #251] t=10.57s step=250 queue=23 dmax=0.881 | shoulder_pan.pos=-14.21 shoulder_lift.pos=+17.41 elbow_flex.pos=-4.73 wrist_flex.pos=+74.70 wrist_roll.pos=-6.40 gripper.pos=+34.16
DEBUG 2026-09-03 10:01:21 [action #252] t=10.60s step=251 queue=22 dmax=1.417 | shoulder_pan.pos=-14.25 shoulder_lift.pos=+18.82 elbow_flex.pos=-5.20 wrist_flex.pos=+74.81 wrist_roll.pos=-6.40 gripper.pos=+34.71
DEBUG 2026-09-03 10:01:21 [action #253] t=10.64s step=252 queue=21 dmax=1.384 | shoulder_pan.pos=-14.44 shoulder_lift.pos=+20.21 elbow_flex.pos=-5.95 wrist_flex.pos=+75.02 wrist_roll.pos=-6.29 gripper.pos=+35.12
DEBUG 2026-09-03 10:01:21 [action #254] t=10.67s step=253 queue=20 dmax=1.191 | shoulder_pan.pos=-14.25 shoulder_lift.pos=+21.40 elbow_flex.pos=-6.81 wrist_flex.pos=+75.26 wrist_roll.pos=-6.31 gripper.pos=+35.65
DEBUG 2026-09-03 10:01:21 [action #255] t=10.70s step=254 queue=19 dmax=1.794 | shoulder_pan.pos=-14.50 shoulder_lift.pos=+23.19 elbow_flex.pos=-8.28 wrist_flex.pos=+75.44 wrist_roll.pos=-6.42 gripper.pos=+36.16
DEBUG 2026-09-03 10:01:21 [action #256] t=10.74s step=255 queue=18 dmax=1.597 | shoulder_pan.pos=-14.19 shoulder_lift.pos=+24.79 elbow_flex.pos=-9.23 wrist_flex.pos=+75.95 wrist_roll.pos=-6.39 gripper.pos=+36.40
DEBUG 2026-09-03 10:01:21 [action #257] t=10.77s step=256 queue=17 dmax=1.705 | shoulder_pan.pos=-14.28 shoulder_lift.pos=+26.00 elbow_flex.pos=-10.94 wrist_flex.pos=+76.18 wrist_roll.pos=-6.30 gripper.pos=+36.33
DEBUG 2026-09-03 10:01:22 [action #258] t=10.80s step=257 queue=16 dmax=1.576 | shoulder_pan.pos=-14.55 shoulder_lift.pos=+27.58 elbow_flex.pos=-12.08 wrist_flex.pos=+76.78 wrist_roll.pos=-6.33 gripper.pos=+36.19
DEBUG 2026-09-03 10:01:22 [action #259] t=10.84s step=258 queue=15 dmax=1.281 | shoulder_pan.pos=-14.39 shoulder_lift.pos=+28.59 elbow_flex.pos=-13.36 wrist_flex.pos=+77.44 wrist_roll.pos=-6.33 gripper.pos=+36.06
DEBUG 2026-09-03 10:01:22 [action #260] t=10.87s step=259 queue=14 dmax=1.530 | shoulder_pan.pos=-14.44 shoulder_lift.pos=+30.12 elbow_flex.pos=-14.86 wrist_flex.pos=+77.87 wrist_roll.pos=-6.31 gripper.pos=+35.87
DEBUG 2026-09-03 10:01:22 [action #261] t=10.90s step=260 queue=13 dmax=1.424 | shoulder_pan.pos=-14.67 shoulder_lift.pos=+31.55 elbow_flex.pos=-15.57 wrist_flex.pos=+78.13 wrist_roll.pos=-6.33 gripper.pos=+35.60
DEBUG 2026-09-03 10:01:22 [action #262] t=10.94s step=261 queue=12 dmax=2.220 | shoulder_pan.pos=-14.68 shoulder_lift.pos=+31.24 elbow_flex.pos=-17.79 wrist_flex.pos=+78.90 wrist_roll.pos=-6.34 gripper.pos=+35.46
DEBUG 2026-09-03 10:01:22 [action #263] t=10.97s step=262 queue=11 dmax=2.214 | shoulder_pan.pos=-14.63 shoulder_lift.pos=+33.46 elbow_flex.pos=-18.69 wrist_flex.pos=+79.30 wrist_roll.pos=-6.33 gripper.pos=+35.53
DEBUG 2026-09-03 10:01:22 [action #264] t=11.00s step=263 queue=10 dmax=1.909 | shoulder_pan.pos=-14.64 shoulder_lift.pos=+34.35 elbow_flex.pos=-20.60 wrist_flex.pos=+79.70 wrist_roll.pos=-6.40 gripper.pos=+35.43
DEBUG 2026-09-03 10:01:22 [action #265] t=11.04s step=264 queue=9 dmax=1.120 | shoulder_pan.pos=-14.86 shoulder_lift.pos=+35.46 elbow_flex.pos=-21.42 wrist_flex.pos=+80.13 wrist_roll.pos=-6.30 gripper.pos=+35.26
DEBUG 2026-09-03 10:01:22 [action #266] t=11.07s step=265 queue=8 dmax=1.068 | shoulder_pan.pos=-15.01 shoulder_lift.pos=+36.18 elbow_flex.pos=-22.49 wrist_flex.pos=+80.46 wrist_roll.pos=-6.25 gripper.pos=+34.96
DEBUG 2026-09-03 10:01:22 [action #267] t=11.11s step=266 queue=7 dmax=1.419 | shoulder_pan.pos=-14.94 shoulder_lift.pos=+36.90 elbow_flex.pos=-23.91 wrist_flex.pos=+81.26 wrist_roll.pos=-6.23 gripper.pos=+34.60
DEBUG 2026-09-03 10:01:22 [action #268] t=11.14s step=267 queue=6 dmax=0.907 | shoulder_pan.pos=-14.76 shoulder_lift.pos=+37.81 elbow_flex.pos=-24.78 wrist_flex.pos=+81.99 wrist_roll.pos=-6.31 gripper.pos=+33.86
DEBUG 2026-09-03 10:01:22 [action #269] t=11.17s step=268 queue=5 dmax=1.603 | shoulder_pan.pos=-14.79 shoulder_lift.pos=+38.41 elbow_flex.pos=-26.17 wrist_flex.pos=+82.66 wrist_roll.pos=-6.25 gripper.pos=+32.25
DEBUG 2026-09-03 10:01:22 [action #270] t=11.21s step=269 queue=4 dmax=2.609 | shoulder_pan.pos=-14.96 shoulder_lift.pos=+38.67 elbow_flex.pos=-27.46 wrist_flex.pos=+83.37 wrist_roll.pos=-6.13 gripper.pos=+29.64
DEBUG 2026-09-03 10:01:22 [action #271] t=11.24s step=270 queue=3 dmax=3.154 | shoulder_pan.pos=-14.99 shoulder_lift.pos=+38.87 elbow_flex.pos=-27.98 wrist_flex.pos=+83.48 wrist_roll.pos=-6.04 gripper.pos=+26.49
DEBUG 2026-09-03 10:01:22 [action #272] t=11.27s step=271 queue=2 dmax=2.660 | shoulder_pan.pos=-15.39 shoulder_lift.pos=+38.77 elbow_flex.pos=-28.09 wrist_flex.pos=+83.71 wrist_roll.pos=-5.93 gripper.pos=+23.83
DEBUG 2026-09-03 10:01:22 [action #273] t=11.31s step=272 queue=1 dmax=2.892 | shoulder_pan.pos=-14.94 shoulder_lift.pos=+38.36 elbow_flex.pos=-28.60 wrist_flex.pos=+83.54 wrist_roll.pos=-5.82 gripper.pos=+20.94
DEBUG 2026-09-03 10:01:22 [chunk] received 50 actions, timesteps 245..294 | first: shoulder_pan.pos=-13.01 shoulder_lift.pos=+12.04 elbow_flex.pos=+0.08 wrist_flex.pos=+73.11 wrist_roll.pos=-7.74 gripper.pos=+34.98 | last: shoulder_pan.pos=-13.23 shoulder_lift.pos=+37.08 elbow_flex.pos=-32.65 wrist_flex.pos=+89.28 wrist_roll.pos=-8.46 gripper.pos=+8.21
DEBUG 2026-09-03 10:01:22 [action #274] t=11.37s step=273 queue=22 dmax=13.038 | shoulder_pan.pos=-13.07 shoulder_lift.pos=+37.36 elbow_flex.pos=-23.02 wrist_flex.pos=+81.96 wrist_roll.pos=-7.65 gripper.pos=+33.98
DEBUG 2026-09-03 10:01:22 [action #275] t=11.41s step=274 queue=21 dmax=2.701 | shoulder_pan.pos=-13.14 shoulder_lift.pos=+37.70 elbow_flex.pos=-24.57 wrist_flex.pos=+82.21 wrist_roll.pos=-7.75 gripper.pos=+31.27
DEBUG 2026-09-03 10:01:22 [action #276] t=11.44s step=275 queue=20 dmax=2.628 | shoulder_pan.pos=-13.10 shoulder_lift.pos=+37.52 elbow_flex.pos=-23.91 wrist_flex.pos=+82.47 wrist_roll.pos=-7.67 gripper.pos=+28.65
DEBUG 2026-09-03 10:01:22 [action #277] t=11.47s step=276 queue=19 dmax=2.298 | shoulder_pan.pos=-13.30 shoulder_lift.pos=+38.33 elbow_flex.pos=-25.35 wrist_flex.pos=+82.67 wrist_roll.pos=-7.73 gripper.pos=+26.35
DEBUG 2026-09-03 10:01:22 [action #278] t=11.51s step=277 queue=18 dmax=2.457 | shoulder_pan.pos=-12.98 shoulder_lift.pos=+37.43 elbow_flex.pos=-24.72 wrist_flex.pos=+83.16 wrist_roll.pos=-7.73 gripper.pos=+23.89
DEBUG 2026-09-03 10:01:22 [action #279] t=11.54s step=278 queue=17 dmax=2.105 | shoulder_pan.pos=-13.62 shoulder_lift.pos=+38.32 elbow_flex.pos=-25.54 wrist_flex.pos=+83.77 wrist_roll.pos=-7.81 gripper.pos=+21.79
DEBUG 2026-09-03 10:01:22 [action #280] t=11.57s step=279 queue=16 dmax=2.481 | shoulder_pan.pos=-13.42 shoulder_lift.pos=+38.44 elbow_flex.pos=-26.03 wrist_flex.pos=+83.92 wrist_roll.pos=-7.71 gripper.pos=+19.31
DEBUG 2026-09-03 10:01:22 [action #281] t=11.61s step=280 queue=15 dmax=2.407 | shoulder_pan.pos=-13.62 shoulder_lift.pos=+38.07 elbow_flex.pos=-26.51 wrist_flex.pos=+84.41 wrist_roll.pos=-7.81 gripper.pos=+16.90
DEBUG 2026-09-03 10:01:22 [action #282] t=11.64s step=281 queue=14 dmax=2.346 | shoulder_pan.pos=-13.55 shoulder_lift.pos=+37.93 elbow_flex.pos=-26.59 wrist_flex.pos=+84.34 wrist_roll.pos=-7.86 gripper.pos=+14.55
DEBUG 2026-09-03 10:01:22 [action #283] t=11.67s step=282 queue=13 dmax=1.885 | shoulder_pan.pos=-13.44 shoulder_lift.pos=+38.40 elbow_flex.pos=-26.37 wrist_flex.pos=+84.31 wrist_roll.pos=-7.87 gripper.pos=+12.67
DEBUG 2026-09-03 10:01:22 [action #284] t=11.71s step=283 queue=12 dmax=1.391 | shoulder_pan.pos=-13.67 shoulder_lift.pos=+37.52 elbow_flex.pos=-27.21 wrist_flex.pos=+84.39 wrist_roll.pos=-7.93 gripper.pos=+11.28
DEBUG 2026-09-03 10:01:22 [action #285] t=11.74s step=284 queue=11 dmax=1.182 | shoulder_pan.pos=-13.33 shoulder_lift.pos=+37.76 elbow_flex.pos=-26.82 wrist_flex.pos=+84.34 wrist_roll.pos=-7.91 gripper.pos=+10.10
DEBUG 2026-09-03 10:01:22 [action #286] t=11.77s step=285 queue=10 dmax=0.699 | shoulder_pan.pos=-13.49 shoulder_lift.pos=+37.64 elbow_flex.pos=-27.50 wrist_flex.pos=+84.38 wrist_roll.pos=-8.11 gripper.pos=+9.40
DEBUG 2026-09-03 10:01:23 [action #287] t=11.81s step=286 queue=9 dmax=0.806 | shoulder_pan.pos=-13.51 shoulder_lift.pos=+37.59 elbow_flex.pos=-27.38 wrist_flex.pos=+84.43 wrist_roll.pos=-8.10 gripper.pos=+8.59
DEBUG 2026-09-03 10:01:23 [action #288] t=11.84s step=287 queue=8 dmax=0.313 | shoulder_pan.pos=-13.39 shoulder_lift.pos=+37.61 elbow_flex.pos=-27.69 wrist_flex.pos=+84.74 wrist_roll.pos=-8.16 gripper.pos=+8.33
DEBUG 2026-09-03 10:01:23 [action #289] t=11.87s step=288 queue=7 dmax=0.746 | shoulder_pan.pos=-13.38 shoulder_lift.pos=+36.86 elbow_flex.pos=-27.97 wrist_flex.pos=+85.13 wrist_roll.pos=-8.08 gripper.pos=+8.21
DEBUG 2026-09-03 10:01:23 [action #290] t=11.91s step=289 queue=6 dmax=0.631 | shoulder_pan.pos=-13.43 shoulder_lift.pos=+37.50 elbow_flex.pos=-28.40 wrist_flex.pos=+85.49 wrist_roll.pos=-8.21 gripper.pos=+7.98
DEBUG 2026-09-03 10:01:23 [action #291] t=11.94s step=290 queue=5 dmax=0.445 | shoulder_pan.pos=-13.28 shoulder_lift.pos=+37.34 elbow_flex.pos=-28.82 wrist_flex.pos=+85.94 wrist_roll.pos=-8.39 gripper.pos=+7.88
DEBUG 2026-09-03 10:01:23 [action #292] t=11.97s step=291 queue=4 dmax=1.203 | shoulder_pan.pos=-13.15 shoulder_lift.pos=+37.59 elbow_flex.pos=-30.02 wrist_flex.pos=+86.71 wrist_roll.pos=-8.43 gripper.pos=+8.04
DEBUG 2026-09-03 10:01:23 [action #293] t=12.01s step=292 queue=3 dmax=0.916 | shoulder_pan.pos=-13.21 shoulder_lift.pos=+37.52 elbow_flex.pos=-30.65 wrist_flex.pos=+87.63 wrist_roll.pos=-8.39 gripper.pos=+8.17
DEBUG 2026-09-03 10:01:23 [action #294] t=12.04s step=293 queue=2 dmax=1.010 | shoulder_pan.pos=-13.54 shoulder_lift.pos=+36.86 elbow_flex.pos=-31.36 wrist_flex.pos=+88.64 wrist_roll.pos=-8.48 gripper.pos=+8.36
DEBUG 2026-09-03 10:01:23 [action #295] t=12.08s step=294 queue=1 dmax=1.295 | shoulder_pan.pos=-13.23 shoulder_lift.pos=+37.08 elbow_flex.pos=-32.65 wrist_flex.pos=+89.28 wrist_roll.pos=-8.46 gripper.pos=+8.21
DEBUG 2026-09-03 10:01:23 [chunk] received 50 actions, timesteps 272..321 | first: shoulder_pan.pos=-14.49 shoulder_lift.pos=+40.79 elbow_flex.pos=-28.21 wrist_flex.pos=+83.04 wrist_roll.pos=-6.10 gripper.pos=+29.27 | last: shoulder_pan.pos=-11.16 shoulder_lift.pos=+38.19 elbow_flex.pos=-57.91 wrist_flex.pos=+103.89 wrist_roll.pos=-7.78 gripper.pos=+5.91
DEBUG 2026-09-03 10:01:23 [action #296] t=12.18s step=295 queue=27 dmax=9.849 | shoulder_pan.pos=-14.15 shoulder_lift.pos=+46.93 elbow_flex.pos=-42.50 wrist_flex.pos=+90.14 wrist_roll.pos=-7.23 gripper.pos=+5.89
DEBUG 2026-09-03 10:01:23 [action #297] t=12.21s step=296 queue=26 dmax=1.155 | shoulder_pan.pos=-14.10 shoulder_lift.pos=+48.09 elbow_flex.pos=-43.65 wrist_flex.pos=+90.67 wrist_roll.pos=-7.28 gripper.pos=+6.13
DEBUG 2026-09-03 10:01:23 [action #298] t=12.24s step=297 queue=25 dmax=1.071 | shoulder_pan.pos=-14.08 shoulder_lift.pos=+48.60 elbow_flex.pos=-44.72 wrist_flex.pos=+91.36 wrist_roll.pos=-7.39 gripper.pos=+6.41
DEBUG 2026-09-03 10:01:23 [action #299] t=12.28s step=298 queue=24 dmax=0.636 | shoulder_pan.pos=-14.28 shoulder_lift.pos=+47.97 elbow_flex.pos=-44.97 wrist_flex.pos=+91.99 wrist_roll.pos=-7.42 gripper.pos=+6.53
DEBUG 2026-09-03 10:01:23 [action #300] t=12.31s step=299 queue=23 dmax=1.490 | shoulder_pan.pos=-14.13 shoulder_lift.pos=+48.55 elbow_flex.pos=-46.46 wrist_flex.pos=+92.58 wrist_roll.pos=-7.47 gripper.pos=+6.63
DEBUG 2026-09-03 10:01:23 [action #301] t=12.34s step=300 queue=22 dmax=0.551 | shoulder_pan.pos=-14.06 shoulder_lift.pos=+48.84 elbow_flex.pos=-46.76 wrist_flex.pos=+93.13 wrist_roll.pos=-7.42 gripper.pos=+6.80
DEBUG 2026-09-03 10:01:23 [action #302] t=12.38s step=301 queue=21 dmax=1.727 | shoulder_pan.pos=-14.04 shoulder_lift.pos=+48.06 elbow_flex.pos=-48.49 wrist_flex.pos=+93.81 wrist_roll.pos=-7.57 gripper.pos=+6.76
DEBUG 2026-09-03 10:01:23 [action #303] t=12.41s step=302 queue=20 dmax=0.866 | shoulder_pan.pos=-13.97 shoulder_lift.pos=+48.84 elbow_flex.pos=-48.26 wrist_flex.pos=+94.68 wrist_roll.pos=-7.66 gripper.pos=+6.76
DEBUG 2026-09-03 10:01:23 [action #304] t=12.44s step=303 queue=19 dmax=1.021 | shoulder_pan.pos=-13.92 shoulder_lift.pos=+48.78 elbow_flex.pos=-49.28 wrist_flex.pos=+95.08 wrist_roll.pos=-7.68 gripper.pos=+6.70
DEBUG 2026-09-03 10:01:23 [action #305] t=12.48s step=304 queue=18 dmax=1.123 | shoulder_pan.pos=-14.11 shoulder_lift.pos=+48.70 elbow_flex.pos=-50.40 wrist_flex.pos=+96.07 wrist_roll.pos=-7.79 gripper.pos=+6.53
DEBUG 2026-09-03 10:01:23 [action #306] t=12.51s step=305 queue=17 dmax=1.643 | shoulder_pan.pos=-13.71 shoulder_lift.pos=+49.09 elbow_flex.pos=-52.04 wrist_flex.pos=+97.05 wrist_roll.pos=-7.82 gripper.pos=+6.27
DEBUG 2026-09-03 10:01:23 [action #307] t=12.54s step=306 queue=16 dmax=1.163 | shoulder_pan.pos=-13.96 shoulder_lift.pos=+48.84 elbow_flex.pos=-52.81 wrist_flex.pos=+98.22 wrist_roll.pos=-7.87 gripper.pos=+5.92
DEBUG 2026-09-03 10:01:23 [action #308] t=12.58s step=307 queue=15 dmax=1.179 | shoulder_pan.pos=-13.58 shoulder_lift.pos=+49.45 elbow_flex.pos=-53.99 wrist_flex.pos=+99.13 wrist_roll.pos=-7.82 gripper.pos=+5.74
DEBUG 2026-09-03 10:01:23 [action #309] t=12.61s step=308 queue=14 dmax=0.734 | shoulder_pan.pos=-13.73 shoulder_lift.pos=+49.24 elbow_flex.pos=-54.21 wrist_flex.pos=+99.86 wrist_roll.pos=-7.98 gripper.pos=+5.41
DEBUG 2026-09-03 10:01:23 [action #310] t=12.64s step=309 queue=13 dmax=2.205 | shoulder_pan.pos=-13.90 shoulder_lift.pos=+48.89 elbow_flex.pos=-56.42 wrist_flex.pos=+100.89 wrist_roll.pos=-7.88 gripper.pos=+5.39
DEBUG 2026-09-03 10:01:23 [action #311] t=12.68s step=310 queue=12 dmax=0.897 | shoulder_pan.pos=-13.88 shoulder_lift.pos=+49.01 elbow_flex.pos=-57.31 wrist_flex.pos=+101.57 wrist_roll.pos=-7.94 gripper.pos=+5.59
DEBUG 2026-09-03 10:01:23 [action #312] t=12.71s step=311 queue=11 dmax=0.782 | shoulder_pan.pos=-13.30 shoulder_lift.pos=+48.40 elbow_flex.pos=-58.09 wrist_flex.pos=+101.77 wrist_roll.pos=-7.88 gripper.pos=+5.75
DEBUG 2026-09-03 10:01:23 [action #313] t=12.74s step=312 queue=10 dmax=0.892 | shoulder_pan.pos=-13.46 shoulder_lift.pos=+47.51 elbow_flex.pos=-58.51 wrist_flex.pos=+102.24 wrist_roll.pos=-8.00 gripper.pos=+6.02
DEBUG 2026-09-03 10:01:23 [action #314] t=12.78s step=313 queue=9 dmax=0.581 | shoulder_pan.pos=-13.08 shoulder_lift.pos=+46.97 elbow_flex.pos=-59.06 wrist_flex.pos=+102.82 wrist_roll.pos=-8.07 gripper.pos=+5.87
DEBUG 2026-09-03 10:01:24 [action #315] t=12.81s step=314 queue=8 dmax=0.986 | shoulder_pan.pos=-13.13 shoulder_lift.pos=+45.98 elbow_flex.pos=-59.12 wrist_flex.pos=+103.04 wrist_roll.pos=-8.03 gripper.pos=+5.91
DEBUG 2026-09-03 10:01:24 [action #316] t=12.84s step=315 queue=7 dmax=1.082 | shoulder_pan.pos=-13.03 shoulder_lift.pos=+44.90 elbow_flex.pos=-58.63 wrist_flex.pos=+103.66 wrist_roll.pos=-8.01 gripper.pos=+5.87
DEBUG 2026-09-03 10:01:24 [action #317] t=12.88s step=316 queue=6 dmax=0.924 | shoulder_pan.pos=-12.53 shoulder_lift.pos=+44.32 elbow_flex.pos=-59.55 wrist_flex.pos=+103.59 wrist_roll.pos=-7.91 gripper.pos=+5.94
DEBUG 2026-09-03 10:01:24 [action #318] t=12.91s step=317 queue=5 dmax=1.517 | shoulder_pan.pos=-12.75 shoulder_lift.pos=+42.80 elbow_flex.pos=-59.46 wrist_flex.pos=+103.85 wrist_roll.pos=-8.08 gripper.pos=+6.00
DEBUG 2026-09-03 10:01:24 [action #319] t=12.94s step=318 queue=4 dmax=1.077 | shoulder_pan.pos=-12.31 shoulder_lift.pos=+41.72 elbow_flex.pos=-58.68 wrist_flex.pos=+103.90 wrist_roll.pos=-7.98 gripper.pos=+5.83
DEBUG 2026-09-03 10:01:24 [action #320] t=12.98s step=319 queue=3 dmax=1.653 | shoulder_pan.pos=-11.80 shoulder_lift.pos=+40.07 elbow_flex.pos=-59.04 wrist_flex.pos=+103.86 wrist_roll.pos=-7.89 gripper.pos=+5.97
DEBUG 2026-09-03 10:01:24 [action #321] t=13.01s step=320 queue=2 dmax=1.180 | shoulder_pan.pos=-11.77 shoulder_lift.pos=+38.89 elbow_flex.pos=-58.01 wrist_flex.pos=+104.01 wrist_roll.pos=-7.94 gripper.pos=+5.82
DEBUG 2026-09-03 10:01:24 [action #322] t=13.05s step=321 queue=1 dmax=0.702 | shoulder_pan.pos=-11.16 shoulder_lift.pos=+38.19 elbow_flex.pos=-57.91 wrist_flex.pos=+103.89 wrist_roll.pos=-7.78 gripper.pos=+5.91
DEBUG 2026-09-03 10:01:24 [chunk] received 50 actions, timesteps 294..343 | first: shoulder_pan.pos=-13.49 shoulder_lift.pos=+37.25 elbow_flex.pos=-35.27 wrist_flex.pos=+89.32 wrist_roll.pos=-8.14 gripper.pos=+6.04 | last: shoulder_pan.pos=+21.12 shoulder_lift.pos=+6.32 elbow_flex.pos=-33.91 wrist_flex.pos=+95.77 wrist_roll.pos=-0.87 gripper.pos=+5.34
DEBUG 2026-09-03 10:01:24 [action #323] t=13.18s step=322 queue=22 dmax=15.786 | shoulder_pan.pos=-2.07 shoulder_lift.pos=+22.40 elbow_flex.pos=-51.21 wrist_flex.pos=+102.41 wrist_roll.pos=-7.49 gripper.pos=+5.74
DEBUG 2026-09-03 10:01:24 [action #324] t=13.21s step=323 queue=21 dmax=1.802 | shoulder_pan.pos=-1.03 shoulder_lift.pos=+20.60 elbow_flex.pos=-50.34 wrist_flex.pos=+102.45 wrist_roll.pos=-7.18 gripper.pos=+5.74
DEBUG 2026-09-03 10:01:24 [action #325] t=13.25s step=324 queue=20 dmax=1.093 | shoulder_pan.pos=-0.17 shoulder_lift.pos=+19.51 elbow_flex.pos=-49.43 wrist_flex.pos=+102.55 wrist_roll.pos=-7.18 gripper.pos=+5.53
DEBUG 2026-09-03 10:01:24 [action #326] t=13.28s step=325 queue=19 dmax=1.498 | shoulder_pan.pos=+0.50 shoulder_lift.pos=+18.42 elbow_flex.pos=-47.93 wrist_flex.pos=+102.15 wrist_roll.pos=-7.24 gripper.pos=+5.67
DEBUG 2026-09-03 10:01:24 [action #327] t=13.31s step=326 queue=18 dmax=1.382 | shoulder_pan.pos=+1.69 shoulder_lift.pos=+17.04 elbow_flex.pos=-47.61 wrist_flex.pos=+102.23 wrist_roll.pos=-6.87 gripper.pos=+5.58
DEBUG 2026-09-03 10:01:24 [action #328] t=13.35s step=327 queue=17 dmax=1.180 | shoulder_pan.pos=+2.58 shoulder_lift.pos=+15.92 elbow_flex.pos=-46.43 wrist_flex.pos=+102.08 wrist_roll.pos=-6.56 gripper.pos=+5.69
DEBUG 2026-09-03 10:01:24 [action #329] t=13.38s step=328 queue=16 dmax=1.377 | shoulder_pan.pos=+3.61 shoulder_lift.pos=+14.54 elbow_flex.pos=-45.63 wrist_flex.pos=+101.89 wrist_roll.pos=-6.19 gripper.pos=+5.76
DEBUG 2026-09-03 10:01:24 [action #330] t=13.41s step=329 queue=15 dmax=1.140 | shoulder_pan.pos=+4.75 shoulder_lift.pos=+13.55 elbow_flex.pos=-44.72 wrist_flex.pos=+101.89 wrist_roll.pos=-5.91 gripper.pos=+5.63
DEBUG 2026-09-03 10:01:24 [action #331] t=13.45s step=330 queue=14 dmax=1.318 | shoulder_pan.pos=+6.07 shoulder_lift.pos=+12.79 elbow_flex.pos=-43.91 wrist_flex.pos=+102.10 wrist_roll.pos=-5.44 gripper.pos=+5.57
DEBUG 2026-09-03 10:01:24 [action #332] t=13.48s step=331 queue=13 dmax=0.969 | shoulder_pan.pos=+7.04 shoulder_lift.pos=+11.86 elbow_flex.pos=-43.83 wrist_flex.pos=+101.80 wrist_roll.pos=-4.98 gripper.pos=+5.62
DEBUG 2026-09-03 10:01:24 [action #333] t=13.51s step=332 queue=12 dmax=1.693 | shoulder_pan.pos=+8.40 shoulder_lift.pos=+11.31 elbow_flex.pos=-42.14 wrist_flex.pos=+101.54 wrist_roll.pos=-4.79 gripper.pos=+5.67
DEBUG 2026-09-03 10:01:24 [action #334] t=13.55s step=333 queue=11 dmax=1.456 | shoulder_pan.pos=+9.76 shoulder_lift.pos=+9.85 elbow_flex.pos=-41.65 wrist_flex.pos=+101.44 wrist_roll.pos=-4.41 gripper.pos=+5.53
DEBUG 2026-09-03 10:01:24 [action #335] t=13.58s step=334 queue=10 dmax=1.101 | shoulder_pan.pos=+10.87 shoulder_lift.pos=+9.35 elbow_flex.pos=-41.21 wrist_flex.pos=+101.51 wrist_roll.pos=-4.01 gripper.pos=+5.59
DEBUG 2026-09-03 10:01:24 [action #336] t=13.61s step=335 queue=9 dmax=1.602 | shoulder_pan.pos=+12.47 shoulder_lift.pos=+9.04 elbow_flex.pos=-40.32 wrist_flex.pos=+101.19 wrist_roll.pos=-3.61 gripper.pos=+5.58
DEBUG 2026-09-03 10:01:24 [action #337] t=13.65s step=336 queue=8 dmax=1.229 | shoulder_pan.pos=+13.70 shoulder_lift.pos=+8.56 elbow_flex.pos=-40.67 wrist_flex.pos=+100.85 wrist_roll.pos=-3.04 gripper.pos=+5.56
DEBUG 2026-09-03 10:01:24 [action #338] t=13.68s step=337 queue=7 dmax=1.702 | shoulder_pan.pos=+14.64 shoulder_lift.pos=+7.92 elbow_flex.pos=-38.97 wrist_flex.pos=+100.73 wrist_roll.pos=-2.55 gripper.pos=+5.50
DEBUG 2026-09-03 10:01:24 [action #339] t=13.71s step=338 queue=6 dmax=1.060 | shoulder_pan.pos=+15.70 shoulder_lift.pos=+8.02 elbow_flex.pos=-38.14 wrist_flex.pos=+100.11 wrist_roll.pos=-2.04 gripper.pos=+5.59
DEBUG 2026-09-03 10:01:24 [action #340] t=13.75s step=339 queue=5 dmax=1.367 | shoulder_pan.pos=+17.07 shoulder_lift.pos=+7.26 elbow_flex.pos=-37.74 wrist_flex.pos=+99.30 wrist_roll.pos=-1.61 gripper.pos=+5.43
DEBUG 2026-09-03 10:01:24 [action #341] t=13.78s step=340 queue=4 dmax=1.074 | shoulder_pan.pos=+18.14 shoulder_lift.pos=+7.57 elbow_flex.pos=-37.15 wrist_flex.pos=+98.69 wrist_roll.pos=-1.24 gripper.pos=+5.36
DEBUG 2026-09-03 10:01:25 [action #342] t=13.81s step=341 queue=3 dmax=1.324 | shoulder_pan.pos=+19.29 shoulder_lift.pos=+7.68 elbow_flex.pos=-35.82 wrist_flex.pos=+97.69 wrist_roll.pos=-1.10 gripper.pos=+5.55
DEBUG 2026-09-03 10:01:25 [action #343] t=13.85s step=342 queue=2 dmax=1.012 | shoulder_pan.pos=+20.20 shoulder_lift.pos=+6.67 elbow_flex.pos=-35.33 wrist_flex.pos=+96.90 wrist_roll.pos=-0.93 gripper.pos=+5.49
DEBUG 2026-09-03 10:01:25 [action #344] t=13.88s step=343 queue=1 dmax=1.418 | shoulder_pan.pos=+21.12 shoulder_lift.pos=+6.32 elbow_flex.pos=-33.91 wrist_flex.pos=+95.77 wrist_roll.pos=-0.87 gripper.pos=+5.34
DEBUG 2026-09-03 10:01:25 [chunk] received 50 actions, timesteps 321..370 | first: shoulder_pan.pos=-12.20 shoulder_lift.pos=+43.09 elbow_flex.pos=-59.67 wrist_flex.pos=+100.28 wrist_roll.pos=-7.13 gripper.pos=+3.54 | last: shoulder_pan.pos=-12.70 shoulder_lift.pos=+54.66 elbow_flex.pos=-55.60 wrist_flex.pos=+87.90 wrist_roll.pos=-0.46 gripper.pos=+28.73
DEBUG 2026-09-03 10:01:25 [action #345] t=13.95s step=344 queue=27 dmax=35.173 | shoulder_pan.pos=-11.52 shoulder_lift.pos=+41.50 elbow_flex.pos=-52.66 wrist_flex.pos=+98.89 wrist_roll.pos=-6.44 gripper.pos=+29.69
DEBUG 2026-09-03 10:01:25 [action #346] t=13.98s step=345 queue=26 dmax=0.630 | shoulder_pan.pos=-11.51 shoulder_lift.pos=+41.52 elbow_flex.pos=-52.03 wrist_flex.pos=+98.44 wrist_roll.pos=-6.38 gripper.pos=+30.22
DEBUG 2026-09-03 10:01:25 [action #347] t=14.02s step=346 queue=25 dmax=0.810 | shoulder_pan.pos=-11.70 shoulder_lift.pos=+42.01 elbow_flex.pos=-52.00 wrist_flex.pos=+97.63 wrist_roll.pos=-5.91 gripper.pos=+30.63
DEBUG 2026-09-03 10:01:25 [action #348] t=14.05s step=347 queue=24 dmax=0.855 | shoulder_pan.pos=-11.74 shoulder_lift.pos=+42.43 elbow_flex.pos=-52.20 wrist_flex.pos=+96.78 wrist_roll.pos=-5.62 gripper.pos=+30.46
DEBUG 2026-09-03 10:01:25 [action #349] t=14.08s step=348 queue=23 dmax=0.624 | shoulder_pan.pos=-11.78 shoulder_lift.pos=+42.59 elbow_flex.pos=-52.16 wrist_flex.pos=+96.30 wrist_roll.pos=-5.22 gripper.pos=+29.84
DEBUG 2026-09-03 10:01:25 [action #350] t=14.12s step=349 queue=22 dmax=0.713 | shoulder_pan.pos=-12.14 shoulder_lift.pos=+43.10 elbow_flex.pos=-52.69 wrist_flex.pos=+95.77 wrist_roll.pos=-4.77 gripper.pos=+29.12
DEBUG 2026-09-03 10:01:25 [action #351] t=14.15s step=350 queue=21 dmax=0.767 | shoulder_pan.pos=-12.14 shoulder_lift.pos=+43.87 elbow_flex.pos=-53.42 wrist_flex.pos=+95.43 wrist_roll.pos=-4.47 gripper.pos=+28.89
DEBUG 2026-09-03 10:01:25 [action #352] t=14.18s step=351 queue=20 dmax=0.487 | shoulder_pan.pos=-12.10 shoulder_lift.pos=+44.36 elbow_flex.pos=-52.96 wrist_flex.pos=+95.28 wrist_roll.pos=-4.17 gripper.pos=+28.58
DEBUG 2026-09-03 10:01:25 [action #353] t=14.22s step=352 queue=19 dmax=1.152 | shoulder_pan.pos=-12.43 shoulder_lift.pos=+45.51 elbow_flex.pos=-53.29 wrist_flex.pos=+94.96 wrist_roll.pos=-3.87 gripper.pos=+28.58
DEBUG 2026-09-03 10:01:25 [action #354] t=14.25s step=353 queue=18 dmax=1.955 | shoulder_pan.pos=-12.70 shoulder_lift.pos=+46.39 elbow_flex.pos=-55.24 wrist_flex.pos=+94.84 wrist_roll.pos=-3.62 gripper.pos=+28.66
DEBUG 2026-09-03 10:01:25 [action #355] t=14.28s step=354 queue=17 dmax=1.195 | shoulder_pan.pos=-12.33 shoulder_lift.pos=+46.07 elbow_flex.pos=-54.05 wrist_flex.pos=+94.64 wrist_roll.pos=-3.16 gripper.pos=+28.50
DEBUG 2026-09-03 10:01:25 [action #356] t=14.32s step=355 queue=16 dmax=1.584 | shoulder_pan.pos=-12.74 shoulder_lift.pos=+47.65 elbow_flex.pos=-54.79 wrist_flex.pos=+94.40 wrist_roll.pos=-2.80 gripper.pos=+28.43
DEBUG 2026-09-03 10:01:25 [action #357] t=14.35s step=356 queue=15 dmax=0.367 | shoulder_pan.pos=-12.97 shoulder_lift.pos=+48.02 elbow_flex.pos=-54.90 wrist_flex.pos=+94.06 wrist_roll.pos=-2.44 gripper.pos=+28.23
DEBUG 2026-09-03 10:01:25 [action #358] t=14.38s step=357 queue=14 dmax=0.153 | shoulder_pan.pos=-12.94 shoulder_lift.pos=+48.11 elbow_flex.pos=-54.78 wrist_flex.pos=+93.91 wrist_roll.pos=-2.37 gripper.pos=+28.18
DEBUG 2026-09-03 10:01:25 [action #359] t=14.42s step=358 queue=13 dmax=0.764 | shoulder_pan.pos=-12.89 shoulder_lift.pos=+48.88 elbow_flex.pos=-55.06 wrist_flex.pos=+93.64 wrist_roll.pos=-1.99 gripper.pos=+28.10
DEBUG 2026-09-03 10:01:25 [action #360] t=14.45s step=359 queue=12 dmax=0.897 | shoulder_pan.pos=-12.79 shoulder_lift.pos=+49.77 elbow_flex.pos=-55.02 wrist_flex.pos=+93.41 wrist_roll.pos=-1.85 gripper.pos=+28.07
DEBUG 2026-09-03 10:01:25 [action #361] t=14.48s step=360 queue=11 dmax=0.474 | shoulder_pan.pos=-12.85 shoulder_lift.pos=+50.25 elbow_flex.pos=-55.35 wrist_flex.pos=+93.05 wrist_roll.pos=-1.51 gripper.pos=+27.73
DEBUG 2026-09-03 10:01:25 [action #362] t=14.52s step=361 queue=10 dmax=0.574 | shoulder_pan.pos=-12.88 shoulder_lift.pos=+50.43 elbow_flex.pos=-55.49 wrist_flex.pos=+92.47 wrist_roll.pos=-1.20 gripper.pos=+27.96
DEBUG 2026-09-03 10:01:25 [action #363] t=14.55s step=362 queue=9 dmax=1.028 | shoulder_pan.pos=-12.76 shoulder_lift.pos=+51.46 elbow_flex.pos=-54.81 wrist_flex.pos=+92.06 wrist_roll.pos=-1.10 gripper.pos=+28.06
DEBUG 2026-09-03 10:01:25 [action #364] t=14.58s step=363 queue=8 dmax=0.656 | shoulder_pan.pos=-12.58 shoulder_lift.pos=+52.00 elbow_flex.pos=-55.18 wrist_flex.pos=+91.40 wrist_roll.pos=-1.14 gripper.pos=+28.06
DEBUG 2026-09-03 10:01:25 [action #365] t=14.62s step=364 queue=7 dmax=0.639 | shoulder_pan.pos=-12.66 shoulder_lift.pos=+52.49 elbow_flex.pos=-55.82 wrist_flex.pos=+90.83 wrist_roll.pos=-0.97 gripper.pos=+28.22
DEBUG 2026-09-03 10:01:25 [action #366] t=14.65s step=365 queue=6 dmax=0.680 | shoulder_pan.pos=-12.72 shoulder_lift.pos=+53.00 elbow_flex.pos=-55.14 wrist_flex.pos=+90.23 wrist_roll.pos=-0.84 gripper.pos=+28.24
DEBUG 2026-09-03 10:01:25 [action #367] t=14.68s step=366 queue=5 dmax=0.618 | shoulder_pan.pos=-12.61 shoulder_lift.pos=+53.25 elbow_flex.pos=-55.09 wrist_flex.pos=+89.62 wrist_roll.pos=-0.58 gripper.pos=+28.24
DEBUG 2026-09-03 10:01:25 [action #368] t=14.72s step=367 queue=4 dmax=0.646 | shoulder_pan.pos=-12.55 shoulder_lift.pos=+53.90 elbow_flex.pos=-54.84 wrist_flex.pos=+89.16 wrist_roll.pos=-0.70 gripper.pos=+28.39
DEBUG 2026-09-03 10:01:25 [action #369] t=14.75s step=368 queue=3 dmax=0.530 | shoulder_pan.pos=-12.70 shoulder_lift.pos=+54.41 elbow_flex.pos=-55.03 wrist_flex.pos=+88.63 wrist_roll.pos=-0.41 gripper.pos=+28.62
DEBUG 2026-09-03 10:01:25 [action #370] t=14.78s step=369 queue=2 dmax=0.517 | shoulder_pan.pos=-12.95 shoulder_lift.pos=+53.89 elbow_flex.pos=-55.14 wrist_flex.pos=+88.19 wrist_roll.pos=-0.51 gripper.pos=+28.70
DEBUG 2026-09-03 10:01:26 [action #371] t=14.82s step=370 queue=1 dmax=0.762 | shoulder_pan.pos=-12.70 shoulder_lift.pos=+54.66 elbow_flex.pos=-55.60 wrist_flex.pos=+87.90 wrist_roll.pos=-0.46 gripper.pos=+28.73
DEBUG 2026-09-03 10:01:26 [chunk] received 50 actions, timesteps 343..392 | first: shoulder_pan.pos=+14.05 shoulder_lift.pos=-2.44 elbow_flex.pos=-21.72 wrist_flex.pos=+99.71 wrist_roll.pos=-1.48 gripper.pos=+1.63 | last: shoulder_pan.pos=-4.14 shoulder_lift.pos=-81.97 elbow_flex.pos=+72.12 wrist_flex.pos=+67.12 wrist_roll.pos=-2.17 gripper.pos=+0.72
DEBUG 2026-09-03 10:01:26 [action #372] t=14.92s step=371 queue=22 dmax=102.273 | shoulder_pan.pos=-2.55 shoulder_lift.pos=-47.62 elbow_flex.pos=+41.07 wrist_flex.pos=+76.33 wrist_roll.pos=-2.16 gripper.pos=+0.78
DEBUG 2026-09-03 10:01:26 [action #373] t=14.95s step=372 queue=21 dmax=1.583 | shoulder_pan.pos=-2.55 shoulder_lift.pos=-48.59 elbow_flex.pos=+42.65 wrist_flex.pos=+76.18 wrist_roll.pos=-2.22 gripper.pos=+0.79
DEBUG 2026-09-03 10:01:26 [action #374] t=14.99s step=373 queue=20 dmax=0.967 | shoulder_pan.pos=-2.44 shoulder_lift.pos=-49.56 elbow_flex.pos=+43.57 wrist_flex.pos=+75.56 wrist_roll.pos=-2.26 gripper.pos=+0.75
DEBUG 2026-09-03 10:01:26 [action #375] t=15.02s step=374 queue=19 dmax=1.348 | shoulder_pan.pos=-2.29 shoulder_lift.pos=-50.75 elbow_flex.pos=+44.91 wrist_flex.pos=+75.11 wrist_roll.pos=-2.33 gripper.pos=+0.75
DEBUG 2026-09-03 10:01:26 [action #376] t=15.05s step=375 queue=18 dmax=1.909 | shoulder_pan.pos=-2.38 shoulder_lift.pos=-52.66 elbow_flex.pos=+46.63 wrist_flex.pos=+74.50 wrist_roll.pos=-2.27 gripper.pos=+0.76
DEBUG 2026-09-03 10:01:26 [action #377] t=15.09s step=376 queue=17 dmax=1.490 | shoulder_pan.pos=-2.18 shoulder_lift.pos=-54.15 elbow_flex.pos=+48.00 wrist_flex.pos=+74.06 wrist_roll.pos=-2.28 gripper.pos=+0.85
DEBUG 2026-09-03 10:01:26 [action #378] t=15.12s step=377 queue=16 dmax=1.861 | shoulder_pan.pos=-2.10 shoulder_lift.pos=-56.01 elbow_flex.pos=+49.17 wrist_flex.pos=+73.27 wrist_roll.pos=-2.29 gripper.pos=+0.80
DEBUG 2026-09-03 10:01:26 [action #379] t=15.15s step=378 queue=15 dmax=1.946 | shoulder_pan.pos=-2.03 shoulder_lift.pos=-57.89 elbow_flex.pos=+51.11 wrist_flex.pos=+72.69 wrist_roll.pos=-2.35 gripper.pos=+0.78
DEBUG 2026-09-03 10:01:26 [action #380] t=15.19s step=379 queue=14 dmax=2.360 | shoulder_pan.pos=-1.79 shoulder_lift.pos=-60.25 elbow_flex.pos=+52.48 wrist_flex.pos=+72.05 wrist_roll.pos=-2.25 gripper.pos=+0.73
DEBUG 2026-09-03 10:01:26 [action #381] t=15.22s step=380 queue=13 dmax=2.050 | shoulder_pan.pos=-1.89 shoulder_lift.pos=-61.78 elbow_flex.pos=+54.53 wrist_flex.pos=+71.36 wrist_roll.pos=-2.36 gripper.pos=+0.84
DEBUG 2026-09-03 10:01:26 [action #382] t=15.25s step=381 queue=12 dmax=1.641 | shoulder_pan.pos=-1.99 shoulder_lift.pos=-63.42 elbow_flex.pos=+56.00 wrist_flex.pos=+70.69 wrist_roll.pos=-2.23 gripper.pos=+0.79
DEBUG 2026-09-03 10:01:26 [action #383] t=15.29s step=382 queue=11 dmax=2.125 | shoulder_pan.pos=-1.77 shoulder_lift.pos=-65.54 elbow_flex.pos=+58.06 wrist_flex.pos=+69.94 wrist_roll.pos=-2.45 gripper.pos=+0.72
DEBUG 2026-09-03 10:01:26 [action #384] t=15.32s step=383 queue=10 dmax=1.849 | shoulder_pan.pos=-1.78 shoulder_lift.pos=-67.39 elbow_flex.pos=+59.57 wrist_flex.pos=+69.13 wrist_roll.pos=-2.39 gripper.pos=+0.75
DEBUG 2026-09-03 10:01:26 [action #385] t=15.35s step=384 queue=9 dmax=2.093 | shoulder_pan.pos=-1.82 shoulder_lift.pos=-69.49 elbow_flex.pos=+60.97 wrist_flex.pos=+68.34 wrist_roll.pos=-2.42 gripper.pos=+0.81
DEBUG 2026-09-03 10:01:26 [action #386] t=15.39s step=385 queue=8 dmax=1.941 | shoulder_pan.pos=-2.01 shoulder_lift.pos=-70.60 elbow_flex.pos=+62.92 wrist_flex.pos=+67.84 wrist_roll.pos=-2.51 gripper.pos=+0.87
DEBUG 2026-09-03 10:01:26 [action #387] t=15.42s step=386 queue=7 dmax=1.239 | shoulder_pan.pos=-2.13 shoulder_lift.pos=-71.84 elbow_flex.pos=+64.00 wrist_flex.pos=+67.48 wrist_roll.pos=-2.47 gripper.pos=+0.85
DEBUG 2026-09-03 10:01:26 [action #388] t=15.45s step=387 queue=6 dmax=2.185 | shoulder_pan.pos=-2.34 shoulder_lift.pos=-74.03 elbow_flex.pos=+65.89 wrist_flex.pos=+67.22 wrist_roll.pos=-2.32 gripper.pos=+0.80
DEBUG 2026-09-03 10:01:26 [action #389] t=15.49s step=388 queue=5 dmax=1.482 | shoulder_pan.pos=-2.62 shoulder_lift.pos=-75.51 elbow_flex.pos=+66.56 wrist_flex.pos=+66.97 wrist_roll.pos=-2.21 gripper.pos=+0.79
DEBUG 2026-09-03 10:01:26 [action #390] t=15.52s step=389 queue=4 dmax=1.407 | shoulder_pan.pos=-2.73 shoulder_lift.pos=-76.92 elbow_flex.pos=+67.52 wrist_flex.pos=+66.82 wrist_roll.pos=-2.27 gripper.pos=+0.84
DEBUG 2026-09-03 10:01:26 [action #391] t=15.55s step=390 queue=3 dmax=1.961 | shoulder_pan.pos=-3.44 shoulder_lift.pos=-78.46 elbow_flex.pos=+69.49 wrist_flex.pos=+66.86 wrist_roll.pos=-2.28 gripper.pos=+0.82
DEBUG 2026-09-03 10:01:26 [action #392] t=15.59s step=391 queue=2 dmax=1.905 | shoulder_pan.pos=-3.77 shoulder_lift.pos=-80.37 elbow_flex.pos=+71.06 wrist_flex.pos=+66.89 wrist_roll.pos=-2.30 gripper.pos=+0.89
DEBUG 2026-09-03 10:01:26 [action #393] t=15.62s step=392 queue=1 dmax=1.603 | shoulder_pan.pos=-4.14 shoulder_lift.pos=-81.97 elbow_flex.pos=+72.12 wrist_flex.pos=+67.12 wrist_roll.pos=-2.17 gripper.pos=+0.72
DEBUG 2026-09-03 10:01:26 [chunk] received 50 actions, timesteps 370..419 | first: shoulder_pan.pos=-12.41 shoulder_lift.pos=+50.09 elbow_flex.pos=-57.94 wrist_flex.pos=+97.92 wrist_roll.pos=-1.02 gripper.pos=+29.25 | last: shoulder_pan.pos=-13.89 shoulder_lift.pos=+54.15 elbow_flex.pos=-59.26 wrist_flex.pos=+100.48 wrist_roll.pos=-3.01 gripper.pos=+2.31
DEBUG 2026-09-03 10:01:26 [action #394] t=15.75s step=393 queue=27 dmax=141.688 | shoulder_pan.pos=-13.51 shoulder_lift.pos=+59.72 elbow_flex.pos=-56.13 wrist_flex.pos=+93.78 wrist_roll.pos=-1.45 gripper.pos=+30.87
DEBUG 2026-09-03 10:01:26 [action #395] t=15.79s step=394 queue=26 dmax=0.601 | shoulder_pan.pos=-13.42 shoulder_lift.pos=+60.32 elbow_flex.pos=-56.24 wrist_flex.pos=+93.90 wrist_roll.pos=-1.42 gripper.pos=+30.86
DEBUG 2026-09-03 10:01:27 [action #396] t=15.82s step=395 queue=25 dmax=0.496 | shoulder_pan.pos=-13.15 shoulder_lift.pos=+60.44 elbow_flex.pos=-56.18 wrist_flex.pos=+94.12 wrist_roll.pos=-1.39 gripper.pos=+30.36
DEBUG 2026-09-03 10:01:27 [action #397] t=15.85s step=396 queue=24 dmax=1.495 | shoulder_pan.pos=-12.97 shoulder_lift.pos=+61.00 elbow_flex.pos=-56.32 wrist_flex.pos=+94.24 wrist_roll.pos=-1.41 gripper.pos=+28.87
DEBUG 2026-09-03 10:01:27 [action #398] t=15.89s step=397 queue=23 dmax=3.375 | shoulder_pan.pos=-12.64 shoulder_lift.pos=+61.16 elbow_flex.pos=-56.58 wrist_flex.pos=+94.33 wrist_roll.pos=-1.44 gripper.pos=+25.49
DEBUG 2026-09-03 10:01:27 [action #399] t=15.92s step=398 queue=22 dmax=4.993 | shoulder_pan.pos=-12.51 shoulder_lift.pos=+61.26 elbow_flex.pos=-56.81 wrist_flex.pos=+94.58 wrist_roll.pos=-1.44 gripper.pos=+20.50
DEBUG 2026-09-03 10:01:27 [action #400] t=15.95s step=399 queue=21 dmax=5.798 | shoulder_pan.pos=-12.57 shoulder_lift.pos=+60.81 elbow_flex.pos=-56.72 wrist_flex.pos=+94.63 wrist_roll.pos=-1.49 gripper.pos=+14.70
DEBUG 2026-09-03 10:01:27 [action #401] t=15.99s step=400 queue=20 dmax=5.076 | shoulder_pan.pos=-12.39 shoulder_lift.pos=+61.15 elbow_flex.pos=-56.55 wrist_flex.pos=+94.84 wrist_roll.pos=-1.57 gripper.pos=+9.62
DEBUG 2026-09-03 10:01:27 [action #402] t=16.02s step=401 queue=19 dmax=3.123 | shoulder_pan.pos=-12.36 shoulder_lift.pos=+61.01 elbow_flex.pos=-56.33 wrist_flex.pos=+95.00 wrist_roll.pos=-1.62 gripper.pos=+6.50
DEBUG 2026-09-03 10:01:27 [action #403] t=16.06s step=402 queue=18 dmax=1.514 | shoulder_pan.pos=-12.20 shoulder_lift.pos=+60.08 elbow_flex.pos=-56.47 wrist_flex.pos=+95.35 wrist_roll.pos=-1.73 gripper.pos=+4.99
DEBUG 2026-09-03 10:01:27 [action #404] t=16.09s step=403 queue=17 dmax=0.964 | shoulder_pan.pos=-12.25 shoulder_lift.pos=+60.18 elbow_flex.pos=-56.27 wrist_flex.pos=+95.60 wrist_roll.pos=-1.73 gripper.pos=+4.02
DEBUG 2026-09-03 10:01:27 [action #405] t=16.12s step=404 queue=16 dmax=0.482 | shoulder_pan.pos=-12.34 shoulder_lift.pos=+60.00 elbow_flex.pos=-56.67 wrist_flex.pos=+95.67 wrist_roll.pos=-1.90 gripper.pos=+3.54
DEBUG 2026-09-03 10:01:27 [action #406] t=16.16s step=405 queue=15 dmax=0.365 | shoulder_pan.pos=-12.30 shoulder_lift.pos=+59.64 elbow_flex.pos=-56.50 wrist_flex.pos=+95.99 wrist_roll.pos=-1.96 gripper.pos=+3.31
DEBUG 2026-09-03 10:01:27 [action #407] t=16.19s step=406 queue=14 dmax=0.356 | shoulder_pan.pos=-12.27 shoulder_lift.pos=+59.69 elbow_flex.pos=-56.71 wrist_flex.pos=+96.35 wrist_roll.pos=-2.05 gripper.pos=+3.22
DEBUG 2026-09-03 10:01:27 [action #408] t=16.22s step=407 queue=13 dmax=0.363 | shoulder_pan.pos=-12.51 shoulder_lift.pos=+59.69 elbow_flex.pos=-57.08 wrist_flex.pos=+96.54 wrist_roll.pos=-2.08 gripper.pos=+3.29
DEBUG 2026-09-03 10:01:27 [action #409] t=16.26s step=408 queue=12 dmax=0.295 | shoulder_pan.pos=-12.53 shoulder_lift.pos=+59.39 elbow_flex.pos=-57.24 wrist_flex.pos=+96.80 wrist_roll.pos=-2.14 gripper.pos=+3.12
DEBUG 2026-09-03 10:01:27 [action #410] t=16.29s step=409 queue=11 dmax=0.256 | shoulder_pan.pos=-12.78 shoulder_lift.pos=+59.53 elbow_flex.pos=-57.20 wrist_flex.pos=+97.03 wrist_roll.pos=-2.31 gripper.pos=+2.94
DEBUG 2026-09-03 10:01:27 [action #411] t=16.32s step=410 queue=10 dmax=0.394 | shoulder_pan.pos=-12.84 shoulder_lift.pos=+59.13 elbow_flex.pos=-57.37 wrist_flex.pos=+97.25 wrist_roll.pos=-2.39 gripper.pos=+2.63
DEBUG 2026-09-03 10:01:27 [action #412] t=16.36s step=411 queue=9 dmax=0.456 | shoulder_pan.pos=-13.03 shoulder_lift.pos=+58.86 elbow_flex.pos=-57.50 wrist_flex.pos=+97.70 wrist_roll.pos=-2.57 gripper.pos=+2.28
DEBUG 2026-09-03 10:01:27 [action #413] t=16.39s step=412 queue=8 dmax=0.463 | shoulder_pan.pos=-13.07 shoulder_lift.pos=+58.75 elbow_flex.pos=-57.83 wrist_flex.pos=+97.81 wrist_roll.pos=-2.67 gripper.pos=+1.82
DEBUG 2026-09-03 10:01:27 [action #414] t=16.42s step=413 queue=7 dmax=0.598 | shoulder_pan.pos=-13.33 shoulder_lift.pos=+58.15 elbow_flex.pos=-57.61 wrist_flex.pos=+98.25 wrist_roll.pos=-2.73 gripper.pos=+1.63
DEBUG 2026-09-03 10:01:27 [action #415] t=16.46s step=414 queue=6 dmax=0.381 | shoulder_pan.pos=-13.35 shoulder_lift.pos=+57.87 elbow_flex.pos=-57.89 wrist_flex.pos=+98.63 wrist_roll.pos=-2.77 gripper.pos=+1.51
DEBUG 2026-09-03 10:01:27 [action #416] t=16.49s step=415 queue=5 dmax=0.506 | shoulder_pan.pos=-13.46 shoulder_lift.pos=+57.63 elbow_flex.pos=-58.40 wrist_flex.pos=+99.10 wrist_roll.pos=-2.83 gripper.pos=+1.59
DEBUG 2026-09-03 10:01:27 [action #417] t=16.52s step=416 queue=4 dmax=0.890 | shoulder_pan.pos=-13.66 shoulder_lift.pos=+56.74 elbow_flex.pos=-58.79 wrist_flex.pos=+99.61 wrist_roll.pos=-2.89 gripper.pos=+1.76
DEBUG 2026-09-03 10:01:27 [action #418] t=16.56s step=417 queue=3 dmax=0.659 | shoulder_pan.pos=-13.63 shoulder_lift.pos=+56.08 elbow_flex.pos=-59.36 wrist_flex.pos=+99.89 wrist_roll.pos=-2.97 gripper.pos=+1.95
DEBUG 2026-09-03 10:01:27 [action #419] t=16.59s step=418 queue=2 dmax=1.175 | shoulder_pan.pos=-13.86 shoulder_lift.pos=+54.90 elbow_flex.pos=-59.36 wrist_flex.pos=+100.18 wrist_roll.pos=-2.92 gripper.pos=+2.28
DEBUG 2026-09-03 10:01:27 [action #420] t=16.62s step=419 queue=1 dmax=0.750 | shoulder_pan.pos=-13.89 shoulder_lift.pos=+54.15 elbow_flex.pos=-59.26 wrist_flex.pos=+100.48 wrist_roll.pos=-3.01 gripper.pos=+2.31
DEBUG 2026-09-03 10:01:27 [chunk] received 50 actions, timesteps 392..441 | first: shoulder_pan.pos=-3.96 shoulder_lift.pos=-84.87 elbow_flex.pos=+73.32 wrist_flex.pos=+67.89 wrist_roll.pos=-3.34 gripper.pos=+0.75 | last: shoulder_pan.pos=-1.52 shoulder_lift.pos=-105.20 elbow_flex.pos=+89.23 wrist_flex.pos=+77.42 wrist_roll.pos=-2.59 gripper.pos=+0.52
DEBUG 2026-09-03 10:01:27 [action #421] t=16.66s step=420 queue=22 dmax=159.285 | shoulder_pan.pos=-5.88 shoulder_lift.pos=-105.13 elbow_flex.pos=+88.17 wrist_flex.pos=+76.12 wrist_roll.pos=-2.79 gripper.pos=+0.49
DEBUG 2026-09-03 10:01:27 [action #422] t=16.69s step=421 queue=21 dmax=0.733 | shoulder_pan.pos=-6.07 shoulder_lift.pos=-105.06 elbow_flex.pos=+88.90 wrist_flex.pos=+75.99 wrist_roll.pos=-2.80 gripper.pos=+0.57
DEBUG 2026-09-03 10:01:27 [action #423] t=16.72s step=422 queue=20 dmax=0.420 | shoulder_pan.pos=-5.93 shoulder_lift.pos=-104.64 elbow_flex.pos=+89.20 wrist_flex.pos=+75.84 wrist_roll.pos=-2.84 gripper.pos=+0.39
DEBUG 2026-09-03 10:01:27 [action #424] t=16.76s step=423 queue=19 dmax=0.442 | shoulder_pan.pos=-5.82 shoulder_lift.pos=-105.08 elbow_flex.pos=+89.26 wrist_flex.pos=+75.89 wrist_roll.pos=-2.94 gripper.pos=+0.46
DEBUG 2026-09-03 10:01:27 [action #425] t=16.79s step=424 queue=18 dmax=0.240 | shoulder_pan.pos=-5.76 shoulder_lift.pos=-104.84 elbow_flex.pos=+89.29 wrist_flex.pos=+75.88 wrist_roll.pos=-2.88 gripper.pos=+0.37
DEBUG 2026-09-03 10:01:28 [action #426] t=16.82s step=425 queue=17 dmax=0.316 | shoulder_pan.pos=-5.85 shoulder_lift.pos=-104.52 elbow_flex.pos=+89.55 wrist_flex.pos=+75.98 wrist_roll.pos=-2.91 gripper.pos=+0.43
DEBUG 2026-09-03 10:01:28 [action #427] t=16.86s step=426 queue=16 dmax=0.522 | shoulder_pan.pos=-5.65 shoulder_lift.pos=-104.38 elbow_flex.pos=+89.03 wrist_flex.pos=+75.98 wrist_roll.pos=-3.07 gripper.pos=+0.50
DEBUG 2026-09-03 10:01:28 [action #428] t=16.89s step=427 queue=15 dmax=0.293 | shoulder_pan.pos=-5.81 shoulder_lift.pos=-104.09 elbow_flex.pos=+88.79 wrist_flex.pos=+76.03 wrist_roll.pos=-3.07 gripper.pos=+0.53
DEBUG 2026-09-03 10:01:28 [action #429] t=16.92s step=428 queue=14 dmax=0.428 | shoulder_pan.pos=-5.43 shoulder_lift.pos=-104.52 elbow_flex.pos=+88.87 wrist_flex.pos=+76.13 wrist_roll.pos=-2.92 gripper.pos=+0.44
DEBUG 2026-09-03 10:01:28 [action #430] t=16.96s step=429 queue=13 dmax=0.130 | shoulder_pan.pos=-5.32 shoulder_lift.pos=-104.46 elbow_flex.pos=+88.89 wrist_flex.pos=+76.22 wrist_roll.pos=-2.88 gripper.pos=+0.57
DEBUG 2026-09-03 10:01:28 [action #431] t=16.99s step=430 queue=12 dmax=0.976 | shoulder_pan.pos=-5.12 shoulder_lift.pos=-104.65 elbow_flex.pos=+89.86 wrist_flex.pos=+76.39 wrist_roll.pos=-2.85 gripper.pos=+0.31
DEBUG 2026-09-03 10:01:28 [action #432] t=17.02s step=431 queue=11 dmax=0.865 | shoulder_pan.pos=-4.48 shoulder_lift.pos=-103.86 elbow_flex.pos=+89.00 wrist_flex.pos=+76.43 wrist_roll.pos=-2.91 gripper.pos=+0.61
DEBUG 2026-09-03 10:01:28 [action #433] t=17.06s step=432 queue=10 dmax=0.305 | shoulder_pan.pos=-4.17 shoulder_lift.pos=-103.86 elbow_flex.pos=+89.20 wrist_flex.pos=+76.73 wrist_roll.pos=-2.80 gripper.pos=+0.64
DEBUG 2026-09-03 10:01:28 [action #434] t=17.09s step=433 queue=9 dmax=1.452 | shoulder_pan.pos=-3.51 shoulder_lift.pos=-105.31 elbow_flex.pos=+89.42 wrist_flex.pos=+76.88 wrist_roll.pos=-2.78 gripper.pos=+0.49
DEBUG 2026-09-03 10:01:28 [action #435] t=17.12s step=434 queue=8 dmax=0.684 | shoulder_pan.pos=-2.82 shoulder_lift.pos=-105.08 elbow_flex.pos=+89.60 wrist_flex.pos=+76.98 wrist_roll.pos=-2.75 gripper.pos=+0.35
DEBUG 2026-09-03 10:01:28 [action #436] t=17.16s step=435 queue=7 dmax=0.621 | shoulder_pan.pos=-2.20 shoulder_lift.pos=-105.35 elbow_flex.pos=+88.99 wrist_flex.pos=+76.91 wrist_roll.pos=-2.69 gripper.pos=+0.48
DEBUG 2026-09-03 10:01:28 [action #437] t=17.19s step=436 queue=6 dmax=0.242 | shoulder_pan.pos=-1.96 shoulder_lift.pos=-105.14 elbow_flex.pos=+89.21 wrist_flex.pos=+76.96 wrist_roll.pos=-2.61 gripper.pos=+0.39
DEBUG 2026-09-03 10:01:28 [action #438] t=17.23s step=437 queue=5 dmax=0.446 | shoulder_pan.pos=-1.51 shoulder_lift.pos=-105.17 elbow_flex.pos=+88.83 wrist_flex.pos=+77.11 wrist_roll.pos=-2.49 gripper.pos=+0.51
DEBUG 2026-09-03 10:01:28 [action #439] t=17.26s step=438 queue=4 dmax=0.199 | shoulder_pan.pos=-1.31 shoulder_lift.pos=-105.06 elbow_flex.pos=+88.84 wrist_flex.pos=+77.27 wrist_roll.pos=-2.59 gripper.pos=+0.43
DEBUG 2026-09-03 10:01:28 [action #440] t=17.29s step=439 queue=3 dmax=0.172 | shoulder_pan.pos=-1.38 shoulder_lift.pos=-105.23 elbow_flex.pos=+88.83 wrist_flex.pos=+77.41 wrist_roll.pos=-2.51 gripper.pos=+0.48
DEBUG 2026-09-03 10:01:28 [action #441] t=17.33s step=440 queue=2 dmax=0.218 | shoulder_pan.pos=-1.34 shoulder_lift.pos=-105.02 elbow_flex.pos=+88.94 wrist_flex.pos=+77.40 wrist_roll.pos=-2.54 gripper.pos=+0.52
DEBUG 2026-09-03 10:01:28 [action #442] t=17.36s step=441 queue=1 dmax=0.293 | shoulder_pan.pos=-1.52 shoulder_lift.pos=-105.20 elbow_flex.pos=+89.23 wrist_flex.pos=+77.42 wrist_roll.pos=-2.59 gripper.pos=+0.52
DEBUG 2026-09-03 10:01:28 [chunk] received 50 actions, timesteps 419..468 | first: shoulder_pan.pos=-13.87 shoulder_lift.pos=+50.02 elbow_flex.pos=-59.33 wrist_flex.pos=+95.74 wrist_roll.pos=-2.63 gripper.pos=+0.75 | last: shoulder_pan.pos=-14.79 shoulder_lift.pos=+50.66 elbow_flex.pos=-53.75 wrist_flex.pos=+96.81 wrist_roll.pos=-1.62 gripper.pos=+22.84
DEBUG 2026-09-03 10:01:28 [action #443] t=17.56s step=442 queue=27 dmax=152.314 | shoulder_pan.pos=-14.70 shoulder_lift.pos=+47.12 elbow_flex.pos=-49.59 wrist_flex.pos=+96.33 wrist_roll.pos=-2.18 gripper.pos=+29.98
DEBUG 2026-09-03 10:01:28 [action #444] t=17.59s step=443 queue=26 dmax=0.590 | shoulder_pan.pos=-14.87 shoulder_lift.pos=+46.53 elbow_flex.pos=-49.79 wrist_flex.pos=+96.39 wrist_roll.pos=-1.98 gripper.pos=+30.57
DEBUG 2026-09-03 10:01:28 [action #445] t=17.63s step=444 queue=25 dmax=0.621 | shoulder_pan.pos=-14.72 shoulder_lift.pos=+46.62 elbow_flex.pos=-49.17 wrist_flex.pos=+96.54 wrist_roll.pos=-1.93 gripper.pos=+30.90
DEBUG 2026-09-03 10:01:28 [action #446] t=17.66s step=445 queue=24 dmax=0.822 | shoulder_pan.pos=-14.87 shoulder_lift.pos=+45.80 elbow_flex.pos=-49.12 wrist_flex.pos=+96.60 wrist_roll.pos=-1.74 gripper.pos=+30.88
DEBUG 2026-09-03 10:01:28 [action #447] t=17.69s step=446 queue=23 dmax=0.296 | shoulder_pan.pos=-14.84 shoulder_lift.pos=+46.09 elbow_flex.pos=-48.86 wrist_flex.pos=+96.77 wrist_roll.pos=-1.69 gripper.pos=+30.99
DEBUG 2026-09-03 10:01:28 [action #448] t=17.73s step=447 queue=22 dmax=0.580 | shoulder_pan.pos=-14.87 shoulder_lift.pos=+45.51 elbow_flex.pos=-48.94 wrist_flex.pos=+97.01 wrist_roll.pos=-1.62 gripper.pos=+30.74
DEBUG 2026-09-03 10:01:28 [action #449] t=17.76s step=448 queue=21 dmax=0.581 | shoulder_pan.pos=-14.88 shoulder_lift.pos=+44.93 elbow_flex.pos=-48.79 wrist_flex.pos=+96.95 wrist_roll.pos=-1.58 gripper.pos=+30.48
DEBUG 2026-09-03 10:01:29 [action #450] t=17.80s step=449 queue=20 dmax=0.649 | shoulder_pan.pos=-15.10 shoulder_lift.pos=+45.09 elbow_flex.pos=-49.43 wrist_flex.pos=+97.28 wrist_roll.pos=-1.45 gripper.pos=+30.26
DEBUG 2026-09-03 10:01:29 [action #451] t=17.83s step=450 queue=19 dmax=0.307 | shoulder_pan.pos=-15.03 shoulder_lift.pos=+44.78 elbow_flex.pos=-49.31 wrist_flex.pos=+97.59 wrist_roll.pos=-1.48 gripper.pos=+29.96
DEBUG 2026-09-03 10:01:29 [action #452] t=17.86s step=451 queue=18 dmax=0.782 | shoulder_pan.pos=-14.98 shoulder_lift.pos=+44.75 elbow_flex.pos=-48.53 wrist_flex.pos=+97.90 wrist_roll.pos=-1.34 gripper.pos=+29.77
DEBUG 2026-09-03 10:01:29 [action #453] t=17.90s step=452 queue=17 dmax=0.617 | shoulder_pan.pos=-15.11 shoulder_lift.pos=+44.32 elbow_flex.pos=-49.15 wrist_flex.pos=+98.20 wrist_roll.pos=-1.48 gripper.pos=+29.55
DEBUG 2026-09-03 10:01:29 [action #454] t=17.93s step=453 queue=16 dmax=0.566 | shoulder_pan.pos=-15.23 shoulder_lift.pos=+44.45 elbow_flex.pos=-49.71 wrist_flex.pos=+98.44 wrist_roll.pos=-1.42 gripper.pos=+29.52
DEBUG 2026-09-03 10:01:29 [action #455] t=17.96s step=454 queue=15 dmax=0.274 | shoulder_pan.pos=-15.29 shoulder_lift.pos=+44.32 elbow_flex.pos=-49.97 wrist_flex.pos=+98.72 wrist_roll.pos=-1.59 gripper.pos=+29.30
DEBUG 2026-09-03 10:01:29 [action #456] t=18.00s step=455 queue=14 dmax=0.599 | shoulder_pan.pos=-15.33 shoulder_lift.pos=+44.92 elbow_flex.pos=-50.08 wrist_flex.pos=+98.88 wrist_roll.pos=-1.56 gripper.pos=+28.93
DEBUG 2026-09-03 10:01:29 [action #457] t=18.03s step=456 queue=13 dmax=0.412 | shoulder_pan.pos=-15.26 shoulder_lift.pos=+44.76 elbow_flex.pos=-50.03 wrist_flex.pos=+99.11 wrist_roll.pos=-1.57 gripper.pos=+28.51
DEBUG 2026-09-03 10:01:29 [action #458] t=18.06s step=457 queue=12 dmax=0.748 | shoulder_pan.pos=-15.01 shoulder_lift.pos=+44.67 elbow_flex.pos=-50.25 wrist_flex.pos=+99.03 wrist_roll.pos=-1.63 gripper.pos=+27.77
DEBUG 2026-09-03 10:01:29 [action #459] t=18.10s step=458 queue=11 dmax=0.873 | shoulder_pan.pos=-15.16 shoulder_lift.pos=+45.54 elbow_flex.pos=-50.31 wrist_flex.pos=+99.25 wrist_roll.pos=-1.67 gripper.pos=+27.25
DEBUG 2026-09-03 10:01:29 [action #460] t=18.13s step=459 queue=10 dmax=1.195 | shoulder_pan.pos=-15.10 shoulder_lift.pos=+45.83 elbow_flex.pos=-51.50 wrist_flex.pos=+99.08 wrist_roll.pos=-1.82 gripper.pos=+26.45
DEBUG 2026-09-03 10:01:29 [chunk] received 50 actions, timesteps 441..490 | first: shoulder_pan.pos=-1.74 shoulder_lift.pos=-101.68 elbow_flex.pos=+88.62 wrist_flex.pos=+76.33 wrist_roll.pos=-2.44 gripper.pos=+0.28 | last: shoulder_pan.pos=-7.77 shoulder_lift.pos=-100.58 elbow_flex.pos=+87.03 wrist_flex.pos=+68.71 wrist_roll.pos=-2.59 gripper.pos=+0.21
INFO 2026-09-03 10:01:34 Final action sent: shoulder_pan.pos=-15.10 shoulder_lift.pos=+45.83 elbow_flex.pos=-51.50 wrist_flex.pos=+99.08 wrist_roll.pos=-1.82 gripper.pos=+26.45
DEBUG 2026-09-03 10:01:34 === episode end | 23.4s | converged=False | actions=460 ===
