episode_dir,task,chunk_id,must_go,input_timestep,input_elapsed,unix_ts,front_img,wrist_img,recap_img,returned_len,exec_index,exec_timestep,exec_action_n,in_shoulder_pan.pos,in_shoulder_lift.pos,in_elbow_flex.pos,in_wrist_flex.pos,in_wrist_roll.pos,in_gripper.pos,act_shoulder_pan.pos,act_shoulder_lift.pos,act_elbow_flex.pos,act_wrist_flex.pos,act_wrist_roll.pos,act_gripper.pos
014_brown,put the brown cylinder on the tray,1,1,0,0.0,1788423672.8460436,00000_front_put_the_brown_cylinder_on_the_tray.png,00000_wrist_put_the_brown_cylinder_on_the_tray.png,recap.png,50,0,0,1,-4.571428571428571,-101.75824175824175,91.82417582417582,74.9010989010989,-1.2747252747252746,0.821917808219178,-6.07777214050293,-101.29643249511719,88.32363891601562,74.83060455322266,-1.0634546279907227,0.9575270414352417
014_brown,put the brown cylinder on the tray,1,1,0,0.0,1788423672.8460436,00000_front_put_the_brown_cylinder_on_the_tray.png,00000_wrist_put_the_brown_cylinder_on_the_tray.png,recap.png,50,1,1,2,-4.571428571428571,-101.75824175824175,91.82417582417582,74.9010989010989,-1.2747252747252746,0.821917808219178,-6.231046676635742,-101.9273910522461,87.73130798339844,74.47470092773438,-1.0972566604614258,0.8903528451919556
014_brown,put the brown cylinder on the tray,1,1,0,0.0,1788423672.8460436,00000_front_put_the_brown_cylinder_on_the_tray.png,00000_wrist_put_the_brown_cylinder_on_the_tray.png,recap.png,50,2,2,3,-4.571428571428571,-101.75824175824175,91.82417582417582,74.9010989010989,-1.2747252747252746,0.821917808219178,-6.667961120605469,-101.60537719726562,88.30487060546875,74.26544189453125,-1.0604238510131836,1.069342017173767
014_brown,put the brown cylinder on the tray,1,1,0,0.0,1788423672.8460436,00000_front_put_the_brown_cylinder_on_the_tray.png,00000_wrist_put_the_brown_cylinder_on_the_tray.png,recap.png,50,3,3,4,-4.571428571428571,-101.75824175824175,91.82417582417582,74.9010989010989,-1.2747252747252746,0.821917808219178,-7.137916564941406,-101.59907531738281,87.50471496582031,73.8411636352539,-1.118234634399414,0.8174706697463989
014_brown,put the brown cylinder on the tray,1,1,0,0.0,1788423672.8460436,00000_front_put_the_brown_cylinder_on_the_tray.png,00000_wrist_put_the_brown_cylinder_on_the_tray.png,recap.png,50,4,4,5,-4.571428571428571,-101.75824175824175,91.82417582417582,74.9010989010989,-1.2747252747252746,0.821917808219178,-7.054729461669922,-101.96363067626953,87.95674133300781,73.79409790039062,-1.064286231994629,1.1448018550872803
014_brown,put the brown cylinder on the tray,1,1,0,0.0,1788423672.8460436,00000_front_put_the_brown_cylinder_on_the_tray.png,00000_wrist_put_the_brown_cylinder_on_the_tray.png,recap.png,50,5,5,6,-4.571428571428571,-101.75824175824175,91.82417582417582,74.9010989010989,-1.2747252747252746,0.821917808219178,-7.283954620361328,-101.29066467285156,87.77944946289062,73.44978332519531,-1.086714744567871,0.9349415898323059
014_brown,put the brown cylinder on the tray,1,1,0,0.0,1788423672.8460436,00000_front_put_the_brown_cylinder_on_the_tray.png,00000_wrist_put_the_brown_cylinder_on_the_tray.png,recap.png,50,6,6,7,-4.571428571428571,-101.75824175824175,91.82417582417582,74.9010989010989,-1.2747252747252746,0.821917808219178,-7.4434967041015625,-102.13460540771484,88.07054138183594,73.2334213256836,-1.069870948791504,0.8496557474136353
014_brown,put the brown cylinder on the tray,1,1,0,0.0,1788423672.8460436,00000_front_put_the_brown_cylinder_on_the_tray.png,00000_wrist_put_the_brown_cylinder_on_the_tray.png,recap.png,50,7,7,8,-4.571428571428571,-101.75824175824175,91.82417582417582,74.9010989010989,-1.2747252747252746,0.821917808219178,-7.968847274780273,-101.76900482177734,87.76988220214844,73.1060791015625,-1.1250696182250977,0.9542471170425415
014_brown,put the brown cylinder on the tray,1,1,0,0.0,1788423672.8460436,00000_front_put_the_brown_cylinder_on_the_tray.png,00000_wrist_put_the_brown_cylinder_on_the_tray.png,recap.png,50,8,8,9,-4.571428571428571,-101.75824175824175,91.82417582417582,74.9010989010989,-1.2747252747252746,0.821917808219178,-8.351425170898438,-101.57064056396484,87.88479614257812,73.10845947265625,-1.1232004165649414,0.8951356410980225
014_brown,put the brown cylinder on the tray,1,1,0,0.0,1788423672.8460436,00000_front_put_the_brown_cylinder_on_the_tray.png,00000_wrist_put_the_brown_cylinder_on_the_tray.png,recap.png,50,9,9,10,-4.571428571428571,-101.75824175824175,91.82417582417582,74.9010989010989,-1.2747252747252746,0.821917808219178,-8.795557022094727,-101.64503479003906,87.90852355957031,72.75526428222656,-1.1206188201904297,1.0414023399353027
014_brown,put the brown cylinder on the tray,1,1,0,0.0,1788423672.8460436,00000_front_put_the_brown_cylinder_on_the_tray.png,00000_wrist_put_the_brown_cylinder_on_the_tray.png,recap.png,50,10,10,11,-4.571428571428571,-101.75824175824175,91.82417582417582,74.9010989010989,-1.2747252747252746,0.821917808219178,-8.94679069519043,-101.42090606689453,88.01968383789062,72.51300048828125,-1.0564994812011719,1.0235826969146729
014_brown,put the brown cylinder on the tray,1,1,0,0.0,1788423672.8460436,00000_front_put_the_brown_cylinder_on_the_tray.png,00000_wrist_put_the_brown_cylinder_on_the_tray.png,recap.png,50,11,11,12,-4.571428571428571,-101.75824175824175,91.82417582417582,74.9010989010989,-1.2747252747252746,0.821917808219178,-9.171089172363281,-101.42684173583984,87.09716796875,72.60964965820312,-1.0436506271362305,1.0040180683135986
014_brown,put the brown cylinder on the tray,1,1,0,0.0,1788423672.8460436,00000_front_put_the_brown_cylinder_on_the_tray.png,00000_wrist_put_the_brown_cylinder_on_the_tray.png,recap.png,50,12,12,13,-4.571428571428571,-101.75824175824175,91.82417582417582,74.9010989010989,-1.2747252747252746,0.821917808219178,-9.316192626953125,-101.32466125488281,87.60752868652344,72.34766387939453,-1.15069580078125,1.1483643054962158
014_brown,put the brown cylinder on the tray,1,1,0,0.0,1788423672.8460436,00000_front_put_the_brown_cylinder_on_the_tray.png,00000_wrist_put_the_brown_cylinder_on_the_tray.png,recap.png,50,13,13,14,-4.571428571428571,-101.75824175824175,91.82417582417582,74.9010989010989,-1.2747252747252746,0.821917808219178,-9.107969284057617,-101.72148132324219,87.41619873046875,72.11628723144531,-1.1151618957519531,0.8470821976661682
014_brown,put the brown cylinder on the tray,1,1,0,0.0,1788423672.8460436,00000_front_put_the_brown_cylinder_on_the_tray.png,00000_wrist_put_the_brown_cylinder_on_the_tray.png,recap.png,50,14,14,15,-4.571428571428571,-101.75824175824175,91.82417582417582,74.9010989010989,-1.2747252747252746,0.821917808219178,-9.263334274291992,-100.77455139160156,86.80227661132812,71.96975708007812,-1.0703964233398438,0.8108991980552673
014_brown,put the brown cylinder on the tray,1,1,0,0.0,1788423672.8460436,00000_front_put_the_brown_cylinder_on_the_tray.png,00000_wrist_put_the_brown_cylinder_on_the_tray.png,recap.png,50,15,15,16,-4.571428571428571,-101.75824175824175,91.82417582417582,74.9010989010989,-1.2747252747252746,0.821917808219178,-9.315719604492188,-101.6068115234375,87.57276916503906,71.94338989257812,-1.0555753707885742,0.952716588973999
014_brown,put the brown cylinder on the tray,1,1,0,0.0,1788423672.8460436,00000_front_put_the_brown_cylinder_on_the_tray.png,00000_wrist_put_the_brown_cylinder_on_the_tray.png,recap.png,50,16,16,17,-4.571428571428571,-101.75824175824175,91.82417582417582,74.9010989010989,-1.2747252747252746,0.821917808219178,-9.086576461791992,-101.43089294433594,87.69363403320312,71.60214233398438,-1.0043525695800781,0.9394100308418274
014_brown,put the brown cylinder on the tray,1,1,0,0.0,1788423672.8460436,00000_front_put_the_brown_cylinder_on_the_tray.png,00000_wrist_put_the_brown_cylinder_on_the_tray.png,recap.png,50,17,17,18,-4.571428571428571,-101.75824175824175,91.82417582417582,74.9010989010989,-1.2747252747252746,0.821917808219178,-9.152982711791992,-101.58134460449219,87.42347717285156,71.47188568115234,-1.0594358444213867,1.0725772380828857
014_brown,put the brown cylinder on the tray,1,1,0,0.0,1788423672.8460436,00000_front_put_the_brown_cylinder_on_the_tray.png,00000_wrist_put_the_brown_cylinder_on_the_tray.png,recap.png,50,18,18,19,-4.571428571428571,-101.75824175824175,91.82417582417582,74.9010989010989,-1.2747252747252746,0.821917808219178,-8.851848602294922,-101.43023681640625,86.75929260253906,71.45091247558594,-1.1414566040039062,1.056992530822754
014_brown,put the brown cylinder on the tray,1,1,0,0.0,1788423672.8460436,00000_front_put_the_brown_cylinder_on_the_tray.png,00000_wrist_put_the_brown_cylinder_on_the_tray.png,recap.png,50,19,19,20,-4.571428571428571,-101.75824175824175,91.82417582417582,74.9010989010989,-1.2747252747252746,0.821917808219178,-9.008255004882812,-101.60281372070312,86.39826965332031,71.59707641601562,-1.126570701599121,0.9992044568061829
014_brown,put the brown cylinder on the tray,1,1,0,0.0,1788423672.8460436,00000_front_put_the_brown_cylinder_on_the_tray.png,00000_wrist_put_the_brown_cylinder_on_the_tray.png,recap.png,50,20,20,21,-4.571428571428571,-101.75824175824175,91.82417582417582,74.9010989010989,-1.2747252747252746,0.821917808219178,-8.661407470703125,-101.4751205444336,87.068603515625,71.56436920166016,-1.0358238220214844,1.0041890144348145
014_brown,put the brown cylinder on the tray,1,1,0,0.0,1788423672.8460436,00000_front_put_the_brown_cylinder_on_the_tray.png,00000_wrist_put_the_brown_cylinder_on_the_tray.png,recap.png,50,21,21,22,-4.571428571428571,-101.75824175824175,91.82417582417582,74.9010989010989,-1.2747252747252746,0.821917808219178,-8.72317886352539,-101.39898681640625,86.43370056152344,71.72722625732422,-1.2108774185180664,1.1464271545410156
014_brown,put the brown cylinder on the tray,1,1,0,0.0,1788423672.8460436,00000_front_put_the_brown_cylinder_on_the_tray.png,00000_wrist_put_the_brown_cylinder_on_the_tray.png,recap.png,50,22,22,23,-4.571428571428571,-101.75824175824175,91.82417582417582,74.9010989010989,-1.2747252747252746,0.821917808219178,-8.713001251220703,-101.50224304199219,86.03584289550781,71.65512084960938,-1.0959405899047852,0.9973807334899902
014_brown,put the brown cylinder on the tray,1,1,0,0.0,1788423672.8460436,00000_front_put_the_brown_cylinder_on_the_tray.png,00000_wrist_put_the_brown_cylinder_on_the_tray.png,recap.png,50,23,23,24,-4.571428571428571,-101.75824175824175,91.82417582417582,74.9010989010989,-1.2747252747252746,0.821917808219178,-8.802970886230469,-101.84058380126953,85.72669982910156,71.81781768798828,-1.1532649993896484,1.0028126239776611
014_brown,put the brown cylinder on the tray,1,1,0,0.0,1788423672.8460436,00000_front_put_the_brown_cylinder_on_the_tray.png,00000_wrist_put_the_brown_cylinder_on_the_tray.png,recap.png,50,24,24,25,-4.571428571428571,-101.75824175824175,91.82417582417582,74.9010989010989,-1.2747252747252746,0.821917808219178,-9.039623260498047,-102.04568481445312,85.463623046875,72.03395080566406,-1.0766162872314453,0.8821477890014648
014_brown,put the brown cylinder on the tray,1,1,0,0.0,1788423672.8460436,00000_front_put_the_brown_cylinder_on_the_tray.png,00000_wrist_put_the_brown_cylinder_on_the_tray.png,recap.png,50,25,25,26,-4.571428571428571,-101.75824175824175,91.82417582417582,74.9010989010989,-1.2747252747252746,0.821917808219178,-9.430425643920898,-101.61347961425781,85.68049621582031,71.96125793457031,-1.007899284362793,0.9835569262504578
014_brown,put the brown cylinder on the tray,1,1,0,0.0,1788423672.8460436,00000_front_put_the_brown_cylinder_on_the_tray.png,00000_wrist_put_the_brown_cylinder_on_the_tray.png,recap.png,50,26,26,27,-4.571428571428571,-101.75824175824175,91.82417582417582,74.9010989010989,-1.2747252747252746,0.821917808219178,-9.551580429077148,-102.26451110839844,85.11167907714844,72.00065612792969,-1.087458610534668,0.970230221748352
014_brown,put the brown cylinder on the tray,1,1,0,0.0,1788423672.8460436,00000_front_put_the_brown_cylinder_on_the_tray.png,00000_wrist_put_the_brown_cylinder_on_the_tray.png,recap.png,50,27,27,28,-4.571428571428571,-101.75824175824175,91.82417582417582,74.9010989010989,-1.2747252747252746,0.821917808219178,-10.060541152954102,-101.75704956054688,85.79595947265625,72.11233520507812,-1.1462478637695312,0.9410149455070496
014_brown,put the brown cylinder on the tray,1,1,0,0.0,1788423672.8460436,00000_front_put_the_brown_cylinder_on_the_tray.png,00000_wrist_put_the_brown_cylinder_on_the_tray.png,recap.png,50,28,28,29,-4.571428571428571,-101.75824175824175,91.82417582417582,74.9010989010989,-1.2747252747252746,0.821917808219178,-10.5135498046875,-101.5218505859375,85.58981323242188,71.79449462890625,-1.113795280456543,0.9164422750473022
014_brown,put the brown cylinder on the tray,1,1,0,0.0,1788423672.8460436,00000_front_put_the_brown_cylinder_on_the_tray.png,00000_wrist_put_the_brown_cylinder_on_the_tray.png,recap.png,50,29,29,30,-4.571428571428571,-101.75824175824175,91.82417582417582,74.9010989010989,-1.2747252747252746,0.821917808219178,-10.654951095581055,-101.90120697021484,84.79644775390625,71.56122589111328,-1.2641420364379883,1.0449903011322021
014_brown,put the brown cylinder on the tray,1,1,0,0.0,1788423672.8460436,00000_front_put_the_brown_cylinder_on_the_tray.png,00000_wrist_put_the_brown_cylinder_on_the_tray.png,recap.png,50,30,30,31,-4.571428571428571,-101.75824175824175,91.82417582417582,74.9010989010989,-1.2747252747252746,0.821917808219178,-11.211591720581055,-101.78234100341797,85.1451416015625,71.32027435302734,-1.1041831970214844,0.9752680063247681
014_brown,put the brown cylinder on the tray,1,1,0,0.0,1788423672.8460436,00000_front_put_the_brown_cylinder_on_the_tray.png,00000_wrist_put_the_brown_cylinder_on_the_tray.png,recap.png,50,31,31,32,-4.571428571428571,-101.75824175824175,91.82417582417582,74.9010989010989,-1.2747252747252746,0.821917808219178,-11.198205947875977,-101.76528930664062,85.30912780761719,70.63255310058594,-1.177412986755371,0.7919920086860657
014_brown,put the brown cylinder on the tray,1,1,0,0.0,1788423672.8460436,00000_front_put_the_brown_cylinder_on_the_tray.png,00000_wrist_put_the_brown_cylinder_on_the_tray.png,recap.png,50,32,32,33,-4.571428571428571,-101.75824175824175,91.82417582417582,74.9010989010989,-1.2747252747252746,0.821917808219178,-11.455360412597656,-101.51200103759766,85.367919921875,70.43344116210938,-1.2624530792236328,0.9099355936050415
014_brown,put the brown cylinder on the tray,2,0,3,1.104,1788423673.9451346,00001_front_put_the_brown_cylinder_on_the_tray.png,00001_wrist_put_the_brown_cylinder_on_the_tray.png,recap.png,50,0,33,34,-5.714285714285714,-101.05494505494505,90.5934065934066,74.9010989010989,-1.2747252747252746,0.821917808219178,-12.484865188598633,-101.83540344238281,83.9735336303711,71.81664276123047,-1.2038164138793945,0.9054098129272461
014_brown,put the brown cylinder on the tray,2,0,3,1.104,1788423673.9451346,00001_front_put_the_brown_cylinder_on_the_tray.png,00001_wrist_put_the_brown_cylinder_on_the_tray.png,recap.png,50,1,34,35,-5.714285714285714,-101.05494505494505,90.5934065934066,74.9010989010989,-1.2747252747252746,0.821917808219178,-12.372184753417969,-101.72402954101562,83.81950378417969,71.52233123779297,-1.247199296951294,0.8627430200576782
014_brown,put the brown cylinder on the tray,2,0,3,1.104,1788423673.9451346,00001_front_put_the_brown_cylinder_on_the_tray.png,00001_wrist_put_the_brown_cylinder_on_the_tray.png,recap.png,50,2,35,36,-5.714285714285714,-101.05494505494505,90.5934065934066,74.9010989010989,-1.2747252747252746,0.821917808219178,-12.32363224029541,-101.83197021484375,83.71318054199219,71.38236999511719,-1.211564064025879,0.9768840074539185
014_brown,put the brown cylinder on the tray,2,0,3,1.104,1788423673.9451346,00001_front_put_the_brown_cylinder_on_the_tray.png,00001_wrist_put_the_brown_cylinder_on_the_tray.png,recap.png,50,3,36,37,-5.714285714285714,-101.05494505494505,90.5934065934066,74.9010989010989,-1.2747252747252746,0.821917808219178,-11.98151969909668,-101.83827209472656,83.3536605834961,71.3429946899414,-1.1628854274749756,0.9242461919784546
014_brown,put the brown cylinder on the tray,2,0,3,1.104,1788423673.9451346,00001_front_put_the_brown_cylinder_on_the_tray.png,00001_wrist_put_the_brown_cylinder_on_the_tray.png,recap.png,50,4,37,38,-5.714285714285714,-101.05494505494505,90.5934065934066,74.9010989010989,-1.2747252747252746,0.821917808219178,-12.08091926574707,-101.946533203125,83.05892944335938,71.30201721191406,-1.2881555557250977,0.8161676526069641
014_brown,put the brown cylinder on the tray,2,0,3,1.104,1788423673.9451346,00001_front_put_the_brown_cylinder_on_the_tray.png,00001_wrist_put_the_brown_cylinder_on_the_tray.png,recap.png,50,5,38,39,-5.714285714285714,-101.05494505494505,90.5934065934066,74.9010989010989,-1.2747252747252746,0.821917808219178,-11.815948486328125,-101.96472930908203,83.1397705078125,71.2507553100586,-1.2202649116516113,0.8840052485466003
014_brown,put the brown cylinder on the tray,2,0,3,1.104,1788423673.9451346,00001_front_put_the_brown_cylinder_on_the_tray.png,00001_wrist_put_the_brown_cylinder_on_the_tray.png,recap.png,50,6,39,40,-5.714285714285714,-101.05494505494505,90.5934065934066,74.9010989010989,-1.2747252747252746,0.821917808219178,-11.724289894104004,-101.27714538574219,82.56522369384766,71.45553588867188,-1.2495338916778564,0.9493830800056458
014_brown,put the brown cylinder on the tray,2,0,3,1.104,1788423673.9451346,00001_front_put_the_brown_cylinder_on_the_tray.png,00001_wrist_put_the_brown_cylinder_on_the_tray.png,recap.png,50,7,40,41,-5.714285714285714,-101.05494505494505,90.5934065934066,74.9010989010989,-1.2747252747252746,0.821917808219178,-11.208534240722656,-101.61904907226562,82.21769714355469,71.5390625,-1.3522261381149292,0.810166597366333
014_brown,put the brown cylinder on the tray,2,0,3,1.104,1788423673.9451346,00001_front_put_the_brown_cylinder_on_the_tray.png,00001_wrist_put_the_brown_cylinder_on_the_tray.png,recap.png,50,8,41,42,-5.714285714285714,-101.05494505494505,90.5934065934066,74.9010989010989,-1.2747252747252746,0.821917808219178,-11.20925235748291,-101.19770812988281,82.1015853881836,71.37588500976562,-1.314193844795227,0.9488037824630737
014_brown,put the brown cylinder on the tray,2,0,3,1.104,1788423673.9451346,00001_front_put_the_brown_cylinder_on_the_tray.png,00001_wrist_put_the_brown_cylinder_on_the_tray.png,recap.png,50,9,42,43,-5.714285714285714,-101.05494505494505,90.5934065934066,74.9010989010989,-1.2747252747252746,0.821917808219178,-11.00166130065918,-101.1131362915039,81.83294677734375,71.46935272216797,-1.3864758014678955,0.8376525044441223
014_brown,put the brown cylinder on the tray,2,0,3,1.104,1788423673.9451346,00001_front_put_the_brown_cylinder_on_the_tray.png,00001_wrist_put_the_brown_cylinder_on_the_tray.png,recap.png,50,10,43,44,-5.714285714285714,-101.05494505494505,90.5934065934066,74.9010989010989,-1.2747252747252746,0.821917808219178,-10.63759994506836,-100.46854400634766,80.4889907836914,71.66761779785156,-1.4980953931808472,0.9004212021827698
014_brown,put the brown cylinder on the tray,2,0,3,1.104,1788423673.9451346,00001_front_put_the_brown_cylinder_on_the_tray.png,00001_wrist_put_the_brown_cylinder_on_the_tray.png,recap.png,50,11,44,45,-5.714285714285714,-101.05494505494505,90.5934065934066,74.9010989010989,-1.2747252747252746,0.821917808219178,-10.905248641967773,-100.12166595458984,80.52584838867188,71.63468170166016,-1.6991132497787476,0.8175939321517944
014_brown,put the brown cylinder on the tray,2,0,3,1.104,1788423673.9451346,00001_front_put_the_brown_cylinder_on_the_tray.png,00001_wrist_put_the_brown_cylinder_on_the_tray.png,recap.png,50,12,45,46,-5.714285714285714,-101.05494505494505,90.5934065934066,74.9010989010989,-1.2747252747252746,0.821917808219178,-10.476733207702637,-98.71446228027344,79.38887786865234,71.68356323242188,-1.852734088897705,0.8958758115768433
014_brown,put the brown cylinder on the tray,2,0,3,1.104,1788423673.9451346,00001_front_put_the_brown_cylinder_on_the_tray.png,00001_wrist_put_the_brown_cylinder_on_the_tray.png,recap.png,50,13,46,47,-5.714285714285714,-101.05494505494505,90.5934065934066,74.9010989010989,-1.2747252747252746,0.821917808219178,-10.40598201751709,-97.64616394042969,78.87745666503906,71.58265686035156,-2.1021056175231934,0.7443721890449524
014_brown,put the brown cylinder on the tray,2,0,3,1.104,1788423673.9451346,00001_front_put_the_brown_cylinder_on_the_tray.png,00001_wrist_put_the_brown_cylinder_on_the_tray.png,recap.png,50,14,47,48,-5.714285714285714,-101.05494505494505,90.5934065934066,74.9010989010989,-1.2747252747252746,0.821917808219178,-10.098634719848633,-96.26766967773438,77.88435363769531,71.39828491210938,-2.260669708251953,0.7999395132064819
014_brown,put the brown cylinder on the tray,2,0,3,1.104,1788423673.9451346,00001_front_put_the_brown_cylinder_on_the_tray.png,00001_wrist_put_the_brown_cylinder_on_the_tray.png,recap.png,50,15,48,49,-5.714285714285714,-101.05494505494505,90.5934065934066,74.9010989010989,-1.2747252747252746,0.821917808219178,-9.96794605255127,-95.02320098876953,76.57707977294922,71.3004150390625,-2.3904175758361816,0.8532571792602539
014_brown,put the brown cylinder on the tray,2,0,3,1.104,1788423673.9451346,00001_front_put_the_brown_cylinder_on_the_tray.png,00001_wrist_put_the_brown_cylinder_on_the_tray.png,recap.png,50,16,49,50,-5.714285714285714,-101.05494505494505,90.5934065934066,74.9010989010989,-1.2747252747252746,0.821917808219178,-9.844319343566895,-93.5395278930664,76.00288391113281,71.1871337890625,-2.4526259899139404,0.8312565684318542
014_brown,put the brown cylinder on the tray,2,0,3,1.104,1788423673.9451346,00001_front_put_the_brown_cylinder_on_the_tray.png,00001_wrist_put_the_brown_cylinder_on_the_tray.png,recap.png,50,17,50,51,-5.714285714285714,-101.05494505494505,90.5934065934066,74.9010989010989,-1.2747252747252746,0.821917808219178,-8.998039245605469,-88.59940338134766,72.974365234375,71.21497344970703,-2.7432422637939453,0.7120944261550903
014_brown,put the brown cylinder on the tray,2,0,3,1.104,1788423673.9451346,00001_front_put_the_brown_cylinder_on_the_tray.png,00001_wrist_put_the_brown_cylinder_on_the_tray.png,recap.png,50,18,51,52,-5.714285714285714,-101.05494505494505,90.5934065934066,74.9010989010989,-1.2747252747252746,0.821917808219178,-8.640220642089844,-86.70804595947266,71.48611450195312,71.07093048095703,-2.9533042907714844,0.6762077808380127
014_brown,put the brown cylinder on the tray,2,0,3,1.104,1788423673.9451346,00001_front_put_the_brown_cylinder_on_the_tray.png,00001_wrist_put_the_brown_cylinder_on_the_tray.png,recap.png,50,19,52,53,-5.714285714285714,-101.05494505494505,90.5934065934066,74.9010989010989,-1.2747252747252746,0.821917808219178,-8.641485214233398,-84.85260772705078,71.04214477539062,70.85063171386719,-3.1406383514404297,0.6954315304756165
014_brown,put the brown cylinder on the tray,3,0,32,2.075,1788423674.9205532,00002_front_put_the_brown_cylinder_on_the_tray.png,00002_wrist_put_the_brown_cylinder_on_the_tray.png,recap.png,50,0,53,54,-10.813186813186814,-101.75824175824175,87.6043956043956,72.43956043956044,-1.2747252747252746,0.821917808219178,-10.456287384033203,-99.73423767089844,77.80891418457031,72.23888397216797,-2.3955745697021484,1.0092597007751465
014_brown,put the brown cylinder on the tray,3,0,32,2.075,1788423674.9205532,00002_front_put_the_brown_cylinder_on_the_tray.png,00002_wrist_put_the_brown_cylinder_on_the_tray.png,recap.png,50,1,54,55,-10.813186813186814,-101.75824175824175,87.6043956043956,72.43956043956044,-1.2747252747252746,0.821917808219178,-10.297161102294922,-99.25617218017578,76.59039306640625,72.13040161132812,-2.3964405059814453,1.0985615253448486
014_brown,put the brown cylinder on the tray,3,0,32,2.075,1788423674.9205532,00002_front_put_the_brown_cylinder_on_the_tray.png,00002_wrist_put_the_brown_cylinder_on_the_tray.png,recap.png,50,2,55,56,-10.813186813186814,-101.75824175824175,87.6043956043956,72.43956043956044,-1.2747252747252746,0.821917808219178,-10.292919158935547,-99.28114318847656,76.87409973144531,72.33712005615234,-2.463200569152832,1.0082061290740967
014_brown,put the brown cylinder on the tray,3,0,32,2.075,1788423674.9205532,00002_front_put_the_brown_cylinder_on_the_tray.png,00002_wrist_put_the_brown_cylinder_on_the_tray.png,recap.png,50,3,56,57,-10.813186813186814,-101.75824175824175,87.6043956043956,72.43956043956044,-1.2747252747252746,0.821917808219178,-10.255407333374023,-98.58062744140625,76.55979919433594,72.14752197265625,-2.4695253372192383,1.0524518489837646
014_brown,put the brown cylinder on the tray,3,0,32,2.075,1788423674.9205532,00002_front_put_the_brown_cylinder_on_the_tray.png,00002_wrist_put_the_brown_cylinder_on_the_tray.png,recap.png,50,4,57,58,-10.813186813186814,-101.75824175824175,87.6043956043956,72.43956043956044,-1.2747252747252746,0.821917808219178,-10.177837371826172,-97.49008178710938,75.13288879394531,71.9690170288086,-2.559886932373047,1.054978609085083
014_brown,put the brown cylinder on the tray,3,0,32,2.075,1788423674.9205532,00002_front_put_the_brown_cylinder_on_the_tray.png,00002_wrist_put_the_brown_cylinder_on_the_tray.png,recap.png,50,5,58,59,-10.813186813186814,-101.75824175824175,87.6043956043956,72.43956043956044,-1.2747252747252746,0.821917808219178,-10.545845031738281,-96.42230987548828,74.81785583496094,72.10028076171875,-2.7014732360839844,0.9249521493911743
014_brown,put the brown cylinder on the tray,3,0,32,2.075,1788423674.9205532,00002_front_put_the_brown_cylinder_on_the_tray.png,00002_wrist_put_the_brown_cylinder_on_the_tray.png,recap.png,50,6,59,60,-10.813186813186814,-101.75824175824175,87.6043956043956,72.43956043956044,-1.2747252747252746,0.821917808219178,-10.268184661865234,-95.0613784790039,73.90425109863281,72.19528198242188,-2.754340171813965,1.0181052684783936
014_brown,put the brown cylinder on the tray,3,0,32,2.075,1788423674.9205532,00002_front_put_the_brown_cylinder_on_the_tray.png,00002_wrist_put_the_brown_cylinder_on_the_tray.png,recap.png,50,7,60,61,-10.813186813186814,-101.75824175824175,87.6043956043956,72.43956043956044,-1.2747252747252746,0.821917808219178,-9.975534439086914,-93.2918701171875,72.80143737792969,71.89859771728516,-2.7755470275878906,0.9724596738815308
014_brown,put the brown cylinder on the tray,3,0,32,2.075,1788423674.9205532,00002_front_put_the_brown_cylinder_on_the_tray.png,00002_wrist_put_the_brown_cylinder_on_the_tray.png,recap.png,50,8,61,62,-10.813186813186814,-101.75824175824175,87.6043956043956,72.43956043956044,-1.2747252747252746,0.821917808219178,-10.742530822753906,-91.644775390625,71.80863952636719,71.73930358886719,-2.867776870727539,0.9672307372093201
014_brown,put the brown cylinder on the tray,3,0,32,2.075,1788423674.9205532,00002_front_put_the_brown_cylinder_on_the_tray.png,00002_wrist_put_the_brown_cylinder_on_the_tray.png,recap.png,50,9,62,63,-10.813186813186814,-101.75824175824175,87.6043956043956,72.43956043956044,-1.2747252747252746,0.821917808219178,-10.699409484863281,-89.48922729492188,70.97695922851562,71.52469635009766,-2.836200714111328,1.0093743801116943
014_brown,put the brown cylinder on the tray,3,0,32,2.075,1788423674.9205532,00002_front_put_the_brown_cylinder_on_the_tray.png,00002_wrist_put_the_brown_cylinder_on_the_tray.png,recap.png,50,10,63,64,-10.813186813186814,-101.75824175824175,87.6043956043956,72.43956043956044,-1.2747252747252746,0.821917808219178,-10.388248443603516,-87.71163940429688,69.5984115600586,71.27993774414062,-2.896526336669922,0.997446596622467
014_brown,put the brown cylinder on the tray,3,0,32,2.075,1788423674.9205532,00002_front_put_the_brown_cylinder_on_the_tray.png,00002_wrist_put_the_brown_cylinder_on_the_tray.png,recap.png,50,11,64,65,-10.813186813186814,-101.75824175824175,87.6043956043956,72.43956043956044,-1.2747252747252746,0.821917808219178,-10.393295288085938,-85.82740783691406,69.07624053955078,71.1474380493164,-2.8965511322021484,1.0655734539031982
014_brown,put the brown cylinder on the tray,3,0,32,2.075,1788423674.9205532,00002_front_put_the_brown_cylinder_on_the_tray.png,00002_wrist_put_the_brown_cylinder_on_the_tray.png,recap.png,50,12,65,66,-10.813186813186814,-101.75824175824175,87.6043956043956,72.43956043956044,-1.2747252747252746,0.821917808219178,-10.536376953125,-84.15214538574219,67.54730987548828,70.8748550415039,-2.9515161514282227,0.9330053329467773
014_brown,put the brown cylinder on the tray,3,0,32,2.075,1788423674.9205532,00002_front_put_the_brown_cylinder_on_the_tray.png,00002_wrist_put_the_brown_cylinder_on_the_tray.png,recap.png,50,13,66,67,-10.813186813186814,-101.75824175824175,87.6043956043956,72.43956043956044,-1.2747252747252746,0.821917808219178,-10.649293899536133,-82.94068145751953,67.10200500488281,70.51991271972656,-2.886922836303711,1.0126183032989502
014_brown,put the brown cylinder on the tray,3,0,32,2.075,1788423674.9205532,00002_front_put_the_brown_cylinder_on_the_tray.png,00002_wrist_put_the_brown_cylinder_on_the_tray.png,recap.png,50,14,67,68,-10.813186813186814,-101.75824175824175,87.6043956043956,72.43956043956044,-1.2747252747252746,0.821917808219178,-10.631513595581055,-81.0921630859375,66.49573516845703,70.34552001953125,-2.9652414321899414,1.0497901439666748
014_brown,put the brown cylinder on the tray,3,0,32,2.075,1788423674.9205532,00002_front_put_the_brown_cylinder_on_the_tray.png,00002_wrist_put_the_brown_cylinder_on_the_tray.png,recap.png,50,15,68,69,-10.813186813186814,-101.75824175824175,87.6043956043956,72.43956043956044,-1.2747252747252746,0.821917808219178,-10.71533203125,-78.87315368652344,65.14033508300781,70.15535736083984,-3.089384078979492,1.018338918685913
014_brown,put the brown cylinder on the tray,3,0,32,2.075,1788423674.9205532,00002_front_put_the_brown_cylinder_on_the_tray.png,00002_wrist_put_the_brown_cylinder_on_the_tray.png,recap.png,50,16,69,70,-10.813186813186814,-101.75824175824175,87.6043956043956,72.43956043956044,-1.2747252747252746,0.821917808219178,-10.964820861816406,-76.95417785644531,63.70252227783203,69.71085357666016,-3.4255285263061523,0.9823025465011597
014_brown,put the brown cylinder on the tray,3,0,32,2.075,1788423674.9205532,00002_front_put_the_brown_cylinder_on_the_tray.png,00002_wrist_put_the_brown_cylinder_on_the_tray.png,recap.png,50,17,70,71,-10.813186813186814,-101.75824175824175,87.6043956043956,72.43956043956044,-1.2747252747252746,0.821917808219178,-10.909896850585938,-75.1683578491211,62.62897491455078,69.63516998291016,-3.983020782470703,0.9174799919128418
014_brown,put the brown cylinder on the tray,3,0,32,2.075,1788423674.9205532,00002_front_put_the_brown_cylinder_on_the_tray.png,00002_wrist_put_the_brown_cylinder_on_the_tray.png,recap.png,50,18,71,72,-10.813186813186814,-101.75824175824175,87.6043956043956,72.43956043956044,-1.2747252747252746,0.821917808219178,-10.851493835449219,-73.79878234863281,61.39733123779297,69.51564025878906,-4.5676045417785645,0.7712154388427734
014_brown,put the brown cylinder on the tray,3,0,32,2.075,1788423674.9205532,00002_front_put_the_brown_cylinder_on_the_tray.png,00002_wrist_put_the_brown_cylinder_on_the_tray.png,recap.png,50,19,72,73,-10.813186813186814,-101.75824175824175,87.6043956043956,72.43956043956044,-1.2747252747252746,0.821917808219178,-10.932287216186523,-72.28861999511719,60.55748748779297,69.42620849609375,-5.26951265335083,0.6633473634719849
014_brown,put the brown cylinder on the tray,3,0,32,2.075,1788423674.9205532,00002_front_put_the_brown_cylinder_on_the_tray.png,00002_wrist_put_the_brown_cylinder_on_the_tray.png,recap.png,50,20,73,74,-10.813186813186814,-101.75824175824175,87.6043956043956,72.43956043956044,-1.2747252747252746,0.821917808219178,-11.041326522827148,-70.20634460449219,59.204345703125,69.23733520507812,-5.781942844390869,0.791470468044281
014_brown,put the brown cylinder on the tray,3,0,32,2.075,1788423674.9205532,00002_front_put_the_brown_cylinder_on_the_tray.png,00002_wrist_put_the_brown_cylinder_on_the_tray.png,recap.png,50,21,74,75,-10.813186813186814,-101.75824175824175,87.6043956043956,72.43956043956044,-1.2747252747252746,0.821917808219178,-10.890230178833008,-68.93769073486328,58.21620178222656,69.13391876220703,-5.9973320960998535,0.8036458492279053
014_brown,put the brown cylinder on the tray,3,0,32,2.075,1788423674.9205532,00002_front_put_the_brown_cylinder_on_the_tray.png,00002_wrist_put_the_brown_cylinder_on_the_tray.png,recap.png,50,22,75,76,-10.813186813186814,-101.75824175824175,87.6043956043956,72.43956043956044,-1.2747252747252746,0.821917808219178,-10.90284538269043,-67.66329956054688,56.76519012451172,69.24170684814453,-6.109928131103516,0.8937155604362488
014_brown,put the brown cylinder on the tray,3,0,32,2.075,1788423674.9205532,00002_front_put_the_brown_cylinder_on_the_tray.png,00002_wrist_put_the_brown_cylinder_on_the_tray.png,recap.png,50,23,76,77,-10.813186813186814,-101.75824175824175,87.6043956043956,72.43956043956044,-1.2747252747252746,0.821917808219178,-11.173284530639648,-66.24591064453125,56.658287048339844,69.32859802246094,-6.108650207519531,0.7998932600021362
014_brown,put the brown cylinder on the tray,3,0,32,2.075,1788423674.9205532,00002_front_put_the_brown_cylinder_on_the_tray.png,00002_wrist_put_the_brown_cylinder_on_the_tray.png,recap.png,50,24,77,78,-10.813186813186814,-101.75824175824175,87.6043956043956,72.43956043956044,-1.2747252747252746,0.821917808219178,-11.295866012573242,-65.83039855957031,55.7464599609375,69.41260528564453,-6.080393314361572,0.8026389479637146
014_brown,put the brown cylinder on the tray,3,0,32,2.075,1788423674.9205532,00002_front_put_the_brown_cylinder_on_the_tray.png,00002_wrist_put_the_brown_cylinder_on_the_tray.png,recap.png,50,25,78,79,-10.813186813186814,-101.75824175824175,87.6043956043956,72.43956043956044,-1.2747252747252746,0.821917808219178,-11.414812088012695,-64.686767578125,54.777862548828125,69.6109390258789,-6.112107276916504,0.7860885858535767
014_brown,put the brown cylinder on the tray,3,0,32,2.075,1788423674.9205532,00002_front_put_the_brown_cylinder_on_the_tray.png,00002_wrist_put_the_brown_cylinder_on_the_tray.png,recap.png,50,26,79,80,-10.813186813186814,-101.75824175824175,87.6043956043956,72.43956043956044,-1.2747252747252746,0.821917808219178,-11.381937026977539,-63.89863586425781,54.27489471435547,69.96678161621094,-6.20342493057251,0.9544733762741089
014_brown,put the brown cylinder on the tray,3,0,32,2.075,1788423674.9205532,00002_front_put_the_brown_cylinder_on_the_tray.png,00002_wrist_put_the_brown_cylinder_on_the_tray.png,recap.png,50,27,80,81,-10.813186813186814,-101.75824175824175,87.6043956043956,72.43956043956044,-1.2747252747252746,0.821917808219178,-11.503011703491211,-62.634395599365234,53.60301208496094,70.18115997314453,-6.224045276641846,1.0459961891174316
014_brown,put the brown cylinder on the tray,3,0,32,2.075,1788423674.9205532,00002_front_put_the_brown_cylinder_on_the_tray.png,00002_wrist_put_the_brown_cylinder_on_the_tray.png,recap.png,50,28,81,82,-10.813186813186814,-101.75824175824175,87.6043956043956,72.43956043956044,-1.2747252747252746,0.821917808219178,-11.2579345703125,-62.13676071166992,52.958839416503906,70.53166198730469,-6.324166297912598,0.9553772211074829
014_brown,put the brown cylinder on the tray,4,1,52,2.744,1788423675.5857766,00003_front_put_the_brown_cylinder_on_the_tray.png,00003_wrist_put_the_brown_cylinder_on_the_tray.png,recap.png,50,0,82,83,-9.846153846153847,-93.58241758241758,77.93406593406593,72.0,-2.1538461538461537,0.821917808219178,-8.838350296020508,-50.487571716308594,47.353721618652344,71.06724548339844,-5.903024673461914,3.0929338932037354
014_brown,put the brown cylinder on the tray,4,1,52,2.744,1788423675.5857766,00003_front_put_the_brown_cylinder_on_the_tray.png,00003_wrist_put_the_brown_cylinder_on_the_tray.png,recap.png,50,1,83,84,-9.846153846153847,-93.58241758241758,77.93406593406593,72.0,-2.1538461538461537,0.821917808219178,-8.88079833984375,-49.865386962890625,47.455963134765625,71.213623046875,-5.98286247253418,5.974613666534424
014_brown,put the brown cylinder on the tray,4,1,52,2.744,1788423675.5857766,00003_front_put_the_brown_cylinder_on_the_tray.png,00003_wrist_put_the_brown_cylinder_on_the_tray.png,recap.png,50,2,84,85,-9.846153846153847,-93.58241758241758,77.93406593406593,72.0,-2.1538461538461537,0.821917808219178,-9.000886917114258,-49.43101119995117,47.20652770996094,71.17062377929688,-6.226171493530273,9.079243659973145
014_brown,put the brown cylinder on the tray,4,1,52,2.744,1788423675.5857766,00003_front_put_the_brown_cylinder_on_the_tray.png,00003_wrist_put_the_brown_cylinder_on_the_tray.png,recap.png,50,3,85,86,-9.846153846153847,-93.58241758241758,77.93406593406593,72.0,-2.1538461538461537,0.821917808219178,-8.946117401123047,-48.32148742675781,46.97083282470703,71.20320892333984,-6.385400295257568,11.85949420928955
014_brown,put the brown cylinder on the tray,4,1,52,2.744,1788423675.5857766,00003_front_put_the_brown_cylinder_on_the_tray.png,00003_wrist_put_the_brown_cylinder_on_the_tray.png,recap.png,50,4,86,87,-9.846153846153847,-93.58241758241758,77.93406593406593,72.0,-2.1538461538461537,0.821917808219178,-9.029420852661133,-48.112918853759766,47.19709014892578,71.26882934570312,-6.554905891418457,14.275211334228516
014_brown,put the brown cylinder on the tray,4,1,52,2.744,1788423675.5857766,00003_front_put_the_brown_cylinder_on_the_tray.png,00003_wrist_put_the_brown_cylinder_on_the_tray.png,recap.png,50,5,87,88,-9.846153846153847,-93.58241758241758,77.93406593406593,72.0,-2.1538461538461537,0.821917808219178,-9.036529541015625,-47.28712844848633,47.135986328125,71.2743911743164,-6.602041244506836,16.361614227294922
014_brown,put the brown cylinder on the tray,4,1,52,2.744,1788423675.5857766,00003_front_put_the_brown_cylinder_on_the_tray.png,00003_wrist_put_the_brown_cylinder_on_the_tray.png,recap.png,50,6,88,89,-9.846153846153847,-93.58241758241758,77.93406593406593,72.0,-2.1538461538461537,0.821917808219178,-9.025724411010742,-46.013526916503906,46.47003173828125,71.33953857421875,-6.535447120666504,17.9709529876709
014_brown,put the brown cylinder on the tray,4,1,52,2.744,1788423675.5857766,00003_front_put_the_brown_cylinder_on_the_tray.png,00003_wrist_put_the_brown_cylinder_on_the_tray.png,recap.png,50,7,89,90,-9.846153846153847,-93.58241758241758,77.93406593406593,72.0,-2.1538461538461537,0.821917808219178,-9.168827056884766,-45.946006774902344,46.22618865966797,71.24942016601562,-6.562448978424072,19.258399963378906
014_brown,put the brown cylinder on the tray,4,1,52,2.744,1788423675.5857766,00003_front_put_the_brown_cylinder_on_the_tray.png,00003_wrist_put_the_brown_cylinder_on_the_tray.png,recap.png,50,8,90,91,-9.846153846153847,-93.58241758241758,77.93406593406593,72.0,-2.1538461538461537,0.821917808219178,-9.014749526977539,-45.69378662109375,46.50286102294922,71.34814453125,-6.470090389251709,20.312198638916016
014_brown,put the brown cylinder on the tray,4,1,52,2.744,1788423675.5857766,00003_front_put_the_brown_cylinder_on_the_tray.png,00003_wrist_put_the_brown_cylinder_on_the_tray.png,recap.png,50,9,91,92,-9.846153846153847,-93.58241758241758,77.93406593406593,72.0,-2.1538461538461537,0.821917808219178,-9.149280548095703,-45.27445983886719,46.206504821777344,71.33296203613281,-6.609225273132324,20.990480422973633
014_brown,put the brown cylinder on the tray,4,1,52,2.744,1788423675.5857766,00003_front_put_the_brown_cylinder_on_the_tray.png,00003_wrist_put_the_brown_cylinder_on_the_tray.png,recap.png,50,10,92,93,-9.846153846153847,-93.58241758241758,77.93406593406593,72.0,-2.1538461538461537,0.821917808219178,-9.096424102783203,-44.31757354736328,45.81871032714844,71.3348388671875,-6.462344169616699,21.590572357177734
014_brown,put the brown cylinder on the tray,4,1,52,2.744,1788423675.5857766,00003_front_put_the_brown_cylinder_on_the_tray.png,00003_wrist_put_the_brown_cylinder_on_the_tray.png,recap.png,50,11,93,94,-9.846153846153847,-93.58241758241758,77.93406593406593,72.0,-2.1538461538461537,0.821917808219178,-8.941888809204102,-43.531959533691406,44.92420959472656,71.53692626953125,-6.48734188079834,21.719646453857422
014_brown,put the brown cylinder on the tray,4,1,52,2.744,1788423675.5857766,00003_front_put_the_brown_cylinder_on_the_tray.png,00003_wrist_put_the_brown_cylinder_on_the_tray.png,recap.png,50,12,94,95,-9.846153846153847,-93.58241758241758,77.93406593406593,72.0,-2.1538461538461537,0.821917808219178,-9.124435424804688,-42.60539627075195,44.99835205078125,71.44900512695312,-6.591120719909668,22.058115005493164
014_brown,put the brown cylinder on the tray,4,1,52,2.744,1788423675.5857766,00003_front_put_the_brown_cylinder_on_the_tray.png,00003_wrist_put_the_brown_cylinder_on_the_tray.png,recap.png,50,13,95,96,-9.846153846153847,-93.58241758241758,77.93406593406593,72.0,-2.1538461538461537,0.821917808219178,-9.1552734375,-43.205684661865234,45.67719268798828,71.44209289550781,-6.396122932434082,22.505556106567383
014_brown,put the brown cylinder on the tray,4,1,52,2.744,1788423675.5857766,00003_front_put_the_brown_cylinder_on_the_tray.png,00003_wrist_put_the_brown_cylinder_on_the_tray.png,recap.png,50,14,96,97,-9.846153846153847,-93.58241758241758,77.93406593406593,72.0,-2.1538461538461537,0.821917808219178,-8.834766387939453,-42.17354965209961,44.902244567871094,71.48942565917969,-6.406333923339844,23.274858474731445
014_brown,put the brown cylinder on the tray,4,1,52,2.744,1788423675.5857766,00003_front_put_the_brown_cylinder_on_the_tray.png,00003_wrist_put_the_brown_cylinder_on_the_tray.png,recap.png,50,15,97,98,-9.846153846153847,-93.58241758241758,77.93406593406593,72.0,-2.1538461538461537,0.821917808219178,-8.996797561645508,-41.562740325927734,45.17561340332031,71.34722900390625,-6.423957824707031,24.260297775268555
014_brown,put the brown cylinder on the tray,4,1,52,2.744,1788423675.5857766,00003_front_put_the_brown_cylinder_on_the_tray.png,00003_wrist_put_the_brown_cylinder_on_the_tray.png,recap.png,50,16,98,99,-9.846153846153847,-93.58241758241758,77.93406593406593,72.0,-2.1538461538461537,0.821917808219178,-9.065366744995117,-41.025909423828125,44.922119140625,71.47505187988281,-6.329715728759766,25.44621467590332
014_brown,put the brown cylinder on the tray,4,1,52,2.744,1788423675.5857766,00003_front_put_the_brown_cylinder_on_the_tray.png,00003_wrist_put_the_brown_cylinder_on_the_tray.png,recap.png,50,17,99,100,-9.846153846153847,-93.58241758241758,77.93406593406593,72.0,-2.1538461538461537,0.821917808219178,-9.15047836303711,-40.67930221557617,44.90959930419922,71.31732177734375,-6.335731029510498,27.025470733642578
014_brown,put the brown cylinder on the tray,4,1,52,2.744,1788423675.5857766,00003_front_put_the_brown_cylinder_on_the_tray.png,00003_wrist_put_the_brown_cylinder_on_the_tray.png,recap.png,50,18,100,101,-9.846153846153847,-93.58241758241758,77.93406593406593,72.0,-2.1538461538461537,0.821917808219178,-9.104438781738281,-39.76921463012695,45.18888854980469,71.12369537353516,-6.275453567504883,28.487695693969727
014_brown,put the brown cylinder on the tray,4,1,52,2.744,1788423675.5857766,00003_front_put_the_brown_cylinder_on_the_tray.png,00003_wrist_put_the_brown_cylinder_on_the_tray.png,recap.png,50,19,101,102,-9.846153846153847,-93.58241758241758,77.93406593406593,72.0,-2.1538461538461537,0.821917808219178,-9.199949264526367,-39.35349655151367,45.53302001953125,71.1629867553711,-6.162208557128906,30.279922485351562
014_brown,put the brown cylinder on the tray,5,1,81,4.015,1788423676.8636668,00004_front_put_the_brown_cylinder_on_the_tray.png,00004_wrist_put_the_brown_cylinder_on_the_tray.png,recap.png,50,0,102,103,-11.076923076923077,-65.01098901098901,57.362637362637365,70.24175824175825,-5.582417582417582,0.821917808219178,-11.149927139282227,-42.77320861816406,44.23352813720703,72.46365356445312,-6.894374847412109,23.75035858154297
014_brown,put the brown cylinder on the tray,5,1,81,4.015,1788423676.8636668,00004_front_put_the_brown_cylinder_on_the_tray.png,00004_wrist_put_the_brown_cylinder_on_the_tray.png,recap.png,50,1,103,104,-11.076923076923077,-65.01098901098901,57.362637362637365,70.24175824175825,-5.582417582417582,0.821917808219178,-10.987262725830078,-42.18174362182617,44.43830108642578,72.52809143066406,-6.877424240112305,24.21358871459961
014_brown,put the brown cylinder on the tray,5,1,81,4.015,1788423676.8636668,00004_front_put_the_brown_cylinder_on_the_tray.png,00004_wrist_put_the_brown_cylinder_on_the_tray.png,recap.png,50,2,104,105,-11.076923076923077,-65.01098901098901,57.362637362637365,70.24175824175825,-5.582417582417582,0.821917808219178,-11.12061882019043,-42.76613235473633,44.379112243652344,72.61470031738281,-6.861778259277344,24.668970108032227
014_brown,put the brown cylinder on the tray,5,1,81,4.015,1788423676.8636668,00004_front_put_the_brown_cylinder_on_the_tray.png,00004_wrist_put_the_brown_cylinder_on_the_tray.png,recap.png,50,3,105,106,-11.076923076923077,-65.01098901098901,57.362637362637365,70.24175824175825,-5.582417582417582,0.821917808219178,-10.941102981567383,-41.82838439941406,44.09208679199219,72.42759704589844,-6.794022560119629,24.98845863342285
014_brown,put the brown cylinder on the tray,5,1,81,4.015,1788423676.8636668,00004_front_put_the_brown_cylinder_on_the_tray.png,00004_wrist_put_the_brown_cylinder_on_the_tray.png,recap.png,50,4,106,107,-11.076923076923077,-65.01098901098901,57.362637362637365,70.24175824175825,-5.582417582417582,0.821917808219178,-11.361724853515625,-42.429752349853516,44.93804931640625,72.8249740600586,-6.858038902282715,25.470640182495117
014_brown,put the brown cylinder on the tray,5,1,81,4.015,1788423676.8636668,00004_front_put_the_brown_cylinder_on_the_tray.png,00004_wrist_put_the_brown_cylinder_on_the_tray.png,recap.png,50,5,107,108,-11.076923076923077,-65.01098901098901,57.362637362637365,70.24175824175825,-5.582417582417582,0.821917808219178,-11.064767837524414,-42.0526237487793,44.39988708496094,72.98509979248047,-6.846529483795166,26.026811599731445
014_brown,put the brown cylinder on the tray,5,1,81,4.015,1788423676.8636668,00004_front_put_the_brown_cylinder_on_the_tray.png,00004_wrist_put_the_brown_cylinder_on_the_tray.png,recap.png,50,6,108,109,-11.076923076923077,-65.01098901098901,57.362637362637365,70.24175824175825,-5.582417582417582,0.821917808219178,-11.266544342041016,-41.332427978515625,44.26336669921875,73.12004852294922,-6.8371148109436035,26.619890213012695
014_brown,put the brown cylinder on the tray,5,1,81,4.015,1788423676.8636668,00004_front_put_the_brown_cylinder_on_the_tray.png,00004_wrist_put_the_brown_cylinder_on_the_tray.png,recap.png,50,7,109,110,-11.076923076923077,-65.01098901098901,57.362637362637365,70.24175824175825,-5.582417582417582,0.821917808219178,-11.354469299316406,-41.86422348022461,43.726837158203125,73.3148422241211,-6.818166732788086,27.267269134521484
014_brown,put the brown cylinder on the tray,5,1,81,4.015,1788423676.8636668,00004_front_put_the_brown_cylinder_on_the_tray.png,00004_wrist_put_the_brown_cylinder_on_the_tray.png,recap.png,50,8,110,111,-11.076923076923077,-65.01098901098901,57.362637362637365,70.24175824175825,-5.582417582417582,0.821917808219178,-11.126008987426758,-40.75530242919922,44.59345245361328,73.25628662109375,-6.698587894439697,28.084421157836914
014_brown,put the brown cylinder on the tray,5,1,81,4.015,1788423676.8636668,00004_front_put_the_brown_cylinder_on_the_tray.png,00004_wrist_put_the_brown_cylinder_on_the_tray.png,recap.png,50,9,111,112,-11.076923076923077,-65.01098901098901,57.362637362637365,70.24175824175825,-5.582417582417582,0.821917808219178,-11.259288787841797,-40.951663970947266,44.981056213378906,73.24903869628906,-6.638518333435059,28.75798988342285
014_brown,put the brown cylinder on the tray,5,1,81,4.015,1788423676.8636668,00004_front_put_the_brown_cylinder_on_the_tray.png,00004_wrist_put_the_brown_cylinder_on_the_tray.png,recap.png,50,10,112,113,-11.076923076923077,-65.01098901098901,57.362637362637365,70.24175824175825,-5.582417582417582,0.821917808219178,-11.490219116210938,-40.09092712402344,44.436798095703125,72.90375518798828,-6.611885070800781,29.774354934692383
014_brown,put the brown cylinder on the tray,5,1,81,4.015,1788423676.8636668,00004_front_put_the_brown_cylinder_on_the_tray.png,00004_wrist_put_the_brown_cylinder_on_the_tray.png,recap.png,50,11,113,114,-11.076923076923077,-65.01098901098901,57.362637362637365,70.24175824175825,-5.582417582417582,0.821917808219178,-11.574338912963867,-39.49506759643555,44.189788818359375,73.17436218261719,-6.584674835205078,30.091238021850586
014_brown,put the brown cylinder on the tray,5,1,81,4.015,1788423676.8636668,00004_front_put_the_brown_cylinder_on_the_tray.png,00004_wrist_put_the_brown_cylinder_on_the_tray.png,recap.png,50,12,114,115,-11.076923076923077,-65.01098901098901,57.362637362637365,70.24175824175825,-5.582417582417582,0.821917808219178,-11.448431015014648,-38.55863571166992,44.030364990234375,72.8978042602539,-6.563791275024414,30.700407028198242
014_brown,put the brown cylinder on the tray,5,1,81,4.015,1788423676.8636668,00004_front_put_the_brown_cylinder_on_the_tray.png,00004_wrist_put_the_brown_cylinder_on_the_tray.png,recap.png,50,13,115,116,-11.076923076923077,-65.01098901098901,57.362637362637365,70.24175824175825,-5.582417582417582,0.821917808219178,-12.027612686157227,-38.348846435546875,43.89972686767578,72.64984130859375,-6.430140495300293,30.77767562866211
014_brown,put the brown cylinder on the tray,5,1,81,4.015,1788423676.8636668,00004_front_put_the_brown_cylinder_on_the_tray.png,00004_wrist_put_the_brown_cylinder_on_the_tray.png,recap.png,50,14,116,117,-11.076923076923077,-65.01098901098901,57.362637362637365,70.24175824175825,-5.582417582417582,0.821917808219178,-11.736364364624023,-36.957496643066406,42.991111755371094,72.61751556396484,-6.43920373916626,30.869436264038086
014_brown,put the brown cylinder on the tray,5,1,81,4.015,1788423676.8636668,00004_front_put_the_brown_cylinder_on_the_tray.png,00004_wrist_put_the_brown_cylinder_on_the_tray.png,recap.png,50,15,117,118,-11.076923076923077,-65.01098901098901,57.362637362637365,70.24175824175825,-5.582417582417582,0.821917808219178,-11.790393829345703,-36.69026184082031,43.29518127441406,72.50360107421875,-6.350282669067383,30.714508056640625
014_brown,put the brown cylinder on the tray,5,1,81,4.015,1788423676.8636668,00004_front_put_the_brown_cylinder_on_the_tray.png,00004_wrist_put_the_brown_cylinder_on_the_tray.png,recap.png,50,16,118,119,-11.076923076923077,-65.01098901098901,57.362637362637365,70.24175824175825,-5.582417582417582,0.821917808219178,-11.815872192382812,-36.21538543701172,43.083221435546875,72.31009674072266,-6.357753753662109,30.340238571166992
014_brown,put the brown cylinder on the tray,5,1,81,4.015,1788423676.8636668,00004_front_put_the_brown_cylinder_on_the_tray.png,00004_wrist_put_the_brown_cylinder_on_the_tray.png,recap.png,50,17,119,120,-11.076923076923077,-65.01098901098901,57.362637362637365,70.24175824175825,-5.582417582417582,0.821917808219178,-11.82529067993164,-35.11865234375,43.01811981201172,72.12039184570312,-6.305675983428955,30.142866134643555
014_brown,put the brown cylinder on the tray,5,1,81,4.015,1788423676.8636668,00004_front_put_the_brown_cylinder_on_the_tray.png,00004_wrist_put_the_brown_cylinder_on_the_tray.png,recap.png,50,18,120,121,-11.076923076923077,-65.01098901098901,57.362637362637365,70.24175824175825,-5.582417582417582,0.821917808219178,-12.142488479614258,-34.30078887939453,43.00032043457031,72.03541564941406,-6.213441848754883,30.218305587768555
014_brown,put the brown cylinder on the tray,5,1,81,4.015,1788423676.8636668,00004_front_put_the_brown_cylinder_on_the_tray.png,00004_wrist_put_the_brown_cylinder_on_the_tray.png,recap.png,50,19,121,122,-11.076923076923077,-65.01098901098901,57.362637362637365,70.24175824175825,-5.582417582417582,0.821917808219178,-11.899621963500977,-33.3406982421875,41.673736572265625,71.80720520019531,-6.210160732269287,30.139102935791016
014_brown,put the brown cylinder on the tray,5,1,81,4.015,1788423676.8636668,00004_front_put_the_brown_cylinder_on_the_tray.png,00004_wrist_put_the_brown_cylinder_on_the_tray.png,recap.png,50,20,122,123,-11.076923076923077,-65.01098901098901,57.362637362637365,70.24175824175825,-5.582417582417582,0.821917808219178,-11.599708557128906,-32.51734924316406,41.99291229248047,71.55506134033203,-6.235588073730469,30.295515060424805
014_brown,put the brown cylinder on the tray,5,1,81,4.015,1788423676.8636668,00004_front_put_the_brown_cylinder_on_the_tray.png,00004_wrist_put_the_brown_cylinder_on_the_tray.png,recap.png,50,21,123,124,-11.076923076923077,-65.01098901098901,57.362637362637365,70.24175824175825,-5.582417582417582,0.821917808219178,-11.937751770019531,-31.091270446777344,41.546104431152344,71.48921203613281,-6.144344329833984,30.272193908691406
014_brown,put the brown cylinder on the tray,5,1,81,4.015,1788423676.8636668,00004_front_put_the_brown_cylinder_on_the_tray.png,00004_wrist_put_the_brown_cylinder_on_the_tray.png,recap.png,50,22,124,125,-11.076923076923077,-65.01098901098901,57.362637362637365,70.24175824175825,-5.582417582417582,0.821917808219178,-11.817564010620117,-31.083251953125,41.14985656738281,71.18144226074219,-6.092753887176514,30.131954193115234
014_brown,put the brown cylinder on the tray,5,1,81,4.015,1788423676.8636668,00004_front_put_the_brown_cylinder_on_the_tray.png,00004_wrist_put_the_brown_cylinder_on_the_tray.png,recap.png,50,23,125,126,-11.076923076923077,-65.01098901098901,57.362637362637365,70.24175824175825,-5.582417582417582,0.821917808219178,-12.033782958984375,-29.068923950195312,41.60802459716797,70.931396484375,-6.046502113342285,30.228378295898438
014_brown,put the brown cylinder on the tray,5,1,81,4.015,1788423676.8636668,00004_front_put_the_brown_cylinder_on_the_tray.png,00004_wrist_put_the_brown_cylinder_on_the_tray.png,recap.png,50,24,126,127,-11.076923076923077,-65.01098901098901,57.362637362637365,70.24175824175825,-5.582417582417582,0.821917808219178,-11.744455337524414,-28.940704345703125,40.934608459472656,70.5814208984375,-6.033776760101318,30.331512451171875
014_brown,put the brown cylinder on the tray,5,1,81,4.015,1788423676.8636668,00004_front_put_the_brown_cylinder_on_the_tray.png,00004_wrist_put_the_brown_cylinder_on_the_tray.png,recap.png,50,25,127,128,-11.076923076923077,-65.01098901098901,57.362637362637365,70.24175824175825,-5.582417582417582,0.821917808219178,-11.672393798828125,-28.163192749023438,41.14752197265625,70.09305572509766,-6.038983345031738,30.372426986694336
014_brown,put the brown cylinder on the tray,5,1,81,4.015,1788423676.8636668,00004_front_put_the_brown_cylinder_on_the_tray.png,00004_wrist_put_the_brown_cylinder_on_the_tray.png,recap.png,50,26,128,129,-11.076923076923077,-65.01098901098901,57.362637362637365,70.24175824175825,-5.582417582417582,0.821917808219178,-11.898136138916016,-27.15558624267578,40.54142761230469,70.10710906982422,-5.954772472381592,30.42252540588379
014_brown,put the brown cylinder on the tray,5,1,81,4.015,1788423676.8636668,00004_front_put_the_brown_cylinder_on_the_tray.png,00004_wrist_put_the_brown_cylinder_on_the_tray.png,recap.png,50,27,129,130,-11.076923076923077,-65.01098901098901,57.362637362637365,70.24175824175825,-5.582417582417582,0.821917808219178,-11.72012710571289,-25.795066833496094,40.32526397705078,69.97129821777344,-5.881802558898926,30.2692928314209
014_brown,put the brown cylinder on the tray,5,1,81,4.015,1788423676.8636668,00004_front_put_the_brown_cylinder_on_the_tray.png,00004_wrist_put_the_brown_cylinder_on_the_tray.png,recap.png,50,28,130,131,-11.076923076923077,-65.01098901098901,57.362637362637365,70.24175824175825,-5.582417582417582,0.821917808219178,-11.601036071777344,-24.64519500732422,40.087493896484375,69.39789581298828,-5.821112632751465,30.48659324645996
014_brown,put the brown cylinder on the tray,6,1,101,4.718,1788423677.5561783,00005_front_put_the_brown_cylinder_on_the_tray.png,00005_wrist_put_the_brown_cylinder_on_the_tray.png,recap.png,50,0,131,132,-9.31868131868132,-40.92307692307692,47.604395604395606,71.12087912087912,-6.021978021978022,25.410958904109588,-10.478866577148438,-11.183837890625,35.524749755859375,67.98868560791016,-5.8510422706604,33.125492095947266
014_brown,put the brown cylinder on the tray,6,1,101,4.718,1788423677.5561783,00005_front_put_the_brown_cylinder_on_the_tray.png,00005_wrist_put_the_brown_cylinder_on_the_tray.png,recap.png,50,1,132,133,-9.31868131868132,-40.92307692307692,47.604395604395606,71.12087912087912,-6.021978021978022,25.410958904109588,-10.735067367553711,-10.131027221679688,35.13743591308594,68.16674041748047,-5.810109615325928,33.153446197509766
014_brown,put the brown cylinder on the tray,6,1,101,4.718,1788423677.5561783,00005_front_put_the_brown_cylinder_on_the_tray.png,00005_wrist_put_the_brown_cylinder_on_the_tray.png,recap.png,50,2,133,134,-9.31868131868132,-40.92307692307692,47.604395604395606,71.12087912087912,-6.021978021978022,25.410958904109588,-10.85610580444336,-9.806236267089844,34.655799865722656,67.99534606933594,-5.851977825164795,33.091915130615234
014_brown,put the brown cylinder on the tray,6,1,101,4.718,1788423677.5561783,00005_front_put_the_brown_cylinder_on_the_tray.png,00005_wrist_put_the_brown_cylinder_on_the_tray.png,recap.png,50,3,134,135,-9.31868131868132,-40.92307692307692,47.604395604395606,71.12087912087912,-6.021978021978022,25.410958904109588,-10.769815444946289,-8.278793334960938,33.98235321044922,68.09630584716797,-5.937875747680664,33.11157989501953
014_brown,put the brown cylinder on the tray,6,1,101,4.718,1788423677.5561783,00005_front_put_the_brown_cylinder_on_the_tray.png,00005_wrist_put_the_brown_cylinder_on_the_tray.png,recap.png,50,4,135,136,-9.31868131868132,-40.92307692307692,47.604395604395606,71.12087912087912,-6.021978021978022,25.410958904109588,-10.901901245117188,-7.925559997558594,33.72454071044922,67.88016510009766,-5.884835720062256,33.100730895996094
014_brown,put the brown cylinder on the tray,6,1,101,4.718,1788423677.5561783,00005_front_put_the_brown_cylinder_on_the_tray.png,00005_wrist_put_the_brown_cylinder_on_the_tray.png,recap.png,50,5,136,137,-9.31868131868132,-40.92307692307692,47.604395604395606,71.12087912087912,-6.021978021978022,25.410958904109588,-10.933816909790039,-6.477210998535156,33.48786926269531,67.73451232910156,-5.834954738616943,33.04590606689453
014_brown,put the brown cylinder on the tray,6,1,101,4.718,1788423677.5561783,00005_front_put_the_brown_cylinder_on_the_tray.png,00005_wrist_put_the_brown_cylinder_on_the_tray.png,recap.png,50,6,137,138,-9.31868131868132,-40.92307692307692,47.604395604395606,71.12087912087912,-6.021978021978022,25.410958904109588,-10.94537353515625,-6.091835021972656,32.5438232421875,67.62195587158203,-5.901707649230957,33.20004653930664
014_brown,put the brown cylinder on the tray,6,1,101,4.718,1788423677.5561783,00005_front_put_the_brown_cylinder_on_the_tray.png,00005_wrist_put_the_brown_cylinder_on_the_tray.png,recap.png,50,7,138,139,-9.31868131868132,-40.92307692307692,47.604395604395606,71.12087912087912,-6.021978021978022,25.410958904109588,-10.878091812133789,-5.502433776855469,32.523353576660156,67.35324096679688,-5.88169002532959,33.137840270996094
014_brown,put the brown cylinder on the tray,6,1,101,4.718,1788423677.5561783,00005_front_put_the_brown_cylinder_on_the_tray.png,00005_wrist_put_the_brown_cylinder_on_the_tray.png,recap.png,50,8,139,140,-9.31868131868132,-40.92307692307692,47.604395604395606,71.12087912087912,-6.021978021978022,25.410958904109588,-10.784828186035156,-4.8603668212890625,32.677093505859375,67.14254760742188,-5.888088226318359,33.076499938964844
014_brown,put the brown cylinder on the tray,6,1,101,4.718,1788423677.5561783,00005_front_put_the_brown_cylinder_on_the_tray.png,00005_wrist_put_the_brown_cylinder_on_the_tray.png,recap.png,50,9,140,141,-9.31868131868132,-40.92307692307692,47.604395604395606,71.12087912087912,-6.021978021978022,25.410958904109588,-10.891670227050781,-3.6772384643554688,32.09705352783203,66.97386169433594,-5.808328151702881,33.08805847167969
014_brown,put the brown cylinder on the tray,6,1,101,4.718,1788423677.5561783,00005_front_put_the_brown_cylinder_on_the_tray.png,00005_wrist_put_the_brown_cylinder_on_the_tray.png,recap.png,50,10,141,142,-9.31868131868132,-40.92307692307692,47.604395604395606,71.12087912087912,-6.021978021978022,25.410958904109588,-10.761398315429688,-2.8026504516601562,32.42778015136719,66.67642211914062,-5.9200897216796875,33.02434539794922
014_brown,put the brown cylinder on the tray,6,1,101,4.718,1788423677.5561783,00005_front_put_the_brown_cylinder_on_the_tray.png,00005_wrist_put_the_brown_cylinder_on_the_tray.png,recap.png,50,11,142,143,-9.31868131868132,-40.92307692307692,47.604395604395606,71.12087912087912,-6.021978021978022,25.410958904109588,-10.932226181030273,-2.1765213012695312,32.18267822265625,66.63545227050781,-5.830578327178955,32.98740768432617
014_brown,put the brown cylinder on the tray,6,1,101,4.718,1788423677.5561783,00005_front_put_the_brown_cylinder_on_the_tray.png,00005_wrist_put_the_brown_cylinder_on_the_tray.png,recap.png,50,12,143,144,-9.31868131868132,-40.92307692307692,47.604395604395606,71.12087912087912,-6.021978021978022,25.410958904109588,-10.840278625488281,-1.4128189086914062,31.27635955810547,66.61677551269531,-5.77679967880249,32.76365280151367
014_brown,put the brown cylinder on the tray,6,1,101,4.718,1788423677.5561783,00005_front_put_the_brown_cylinder_on_the_tray.png,00005_wrist_put_the_brown_cylinder_on_the_tray.png,recap.png,50,13,144,145,-9.31868131868132,-40.92307692307692,47.604395604395606,71.12087912087912,-6.021978021978022,25.410958904109588,-10.544950485229492,-1.3618850708007812,31.708206176757812,66.5432357788086,-5.845575332641602,32.7444953918457
014_brown,put the brown cylinder on the tray,6,1,101,4.718,1788423677.5561783,00005_front_put_the_brown_cylinder_on_the_tray.png,00005_wrist_put_the_brown_cylinder_on_the_tray.png,recap.png,50,14,145,146,-9.31868131868132,-40.92307692307692,47.604395604395606,71.12087912087912,-6.021978021978022,25.410958904109588,-10.817512512207031,-1.0562820434570312,31.925247192382812,66.68661499023438,-5.791184425354004,32.74534225463867
014_brown,put the brown cylinder on the tray,6,1,101,4.718,1788423677.5561783,00005_front_put_the_brown_cylinder_on_the_tray.png,00005_wrist_put_the_brown_cylinder_on_the_tray.png,recap.png,50,15,146,147,-9.31868131868132,-40.92307692307692,47.604395604395606,71.12087912087912,-6.021978021978022,25.410958904109588,-10.59684944152832,-0.2320098876953125,31.437461853027344,66.45092010498047,-5.8958940505981445,32.13302993774414
014_brown,put the brown cylinder on the tray,6,1,101,4.718,1788423677.5561783,00005_front_put_the_brown_cylinder_on_the_tray.png,00005_wrist_put_the_brown_cylinder_on_the_tray.png,recap.png,50,16,147,148,-9.31868131868132,-40.92307692307692,47.604395604395606,71.12087912087912,-6.021978021978022,25.410958904109588,-10.467828750610352,-0.1891326904296875,31.250518798828125,66.42494201660156,-5.718495845794678,31.554458618164062
014_brown,put the brown cylinder on the tray,6,1,101,4.718,1788423677.5561783,00005_front_put_the_brown_cylinder_on_the_tray.png,00005_wrist_put_the_brown_cylinder_on_the_tray.png,recap.png,50,17,148,149,-9.31868131868132,-40.92307692307692,47.604395604395606,71.12087912087912,-6.021978021978022,25.410958904109588,-10.51694107055664,0.34445953369140625,32.07405090332031,66.72254943847656,-5.744186878204346,29.728788375854492
014_brown,put the brown cylinder on the tray,6,1,101,4.718,1788423677.5561783,00005_front_put_the_brown_cylinder_on_the_tray.png,00005_wrist_put_the_brown_cylinder_on_the_tray.png,recap.png,50,18,149,150,-9.31868131868132,-40.92307692307692,47.604395604395606,71.12087912087912,-6.021978021978022,25.410958904109588,-10.93344497680664,0.6627120971679688,31.078590393066406,66.53060913085938,-5.813994884490967,27.735864639282227
014_brown,put the brown cylinder on the tray,6,1,101,4.718,1788423677.5561783,00005_front_put_the_brown_cylinder_on_the_tray.png,00005_wrist_put_the_brown_cylinder_on_the_tray.png,recap.png,50,19,150,151,-9.31868131868132,-40.92307692307692,47.604395604395606,71.12087912087912,-6.021978021978022,25.410958904109588,-10.41790771484375,1.234375,31.03833770751953,66.78597259521484,-5.779356002807617,24.74570655822754
014_brown,put the brown cylinder on the tray,7,1,130,5.822,1788423678.661158,00006_front_put_the_brown_cylinder_on_the_tray.png,00006_wrist_put_the_brown_cylinder_on_the_tray.png,recap.png,50,0,151,152,-11.868131868131869,-27.64835164835165,43.20879120879121,71.03296703296704,-6.461538461538462,30.34246575342466,-11.517131805419922,-6.861793518066406,33.90357971191406,69.3794937133789,-6.061956405639648,32.51285934448242
014_brown,put the brown cylinder on the tray,7,1,130,5.822,1788423678.661158,00006_front_put_the_brown_cylinder_on_the_tray.png,00006_wrist_put_the_brown_cylinder_on_the_tray.png,recap.png,50,1,152,153,-11.868131868131869,-27.64835164835165,43.20879120879121,71.03296703296704,-6.461538461538462,30.34246575342466,-11.722719192504883,-6.242546081542969,33.186134338378906,69.54012298583984,-6.097682476043701,32.57367706298828
014_brown,put the brown cylinder on the tray,7,1,130,5.822,1788423678.661158,00006_front_put_the_brown_cylinder_on_the_tray.png,00006_wrist_put_the_brown_cylinder_on_the_tray.png,recap.png,50,2,153,154,-11.868131868131869,-27.64835164835165,43.20879120879121,71.03296703296704,-6.461538461538462,30.34246575342466,-11.984090805053711,-5.2140960693359375,33.6226806640625,69.41804504394531,-5.961416244506836,32.78322982788086
014_brown,put the brown cylinder on the tray,7,1,130,5.822,1788423678.661158,00006_front_put_the_brown_cylinder_on_the_tray.png,00006_wrist_put_the_brown_cylinder_on_the_tray.png,recap.png,50,3,154,155,-11.868131868131869,-27.64835164835165,43.20879120879121,71.03296703296704,-6.461538461538462,30.34246575342466,-12.049797058105469,-4.031951904296875,32.72196960449219,69.16712188720703,-6.091865062713623,32.86105728149414
014_brown,put the brown cylinder on the tray,7,1,130,5.822,1788423678.661158,00006_front_put_the_brown_cylinder_on_the_tray.png,00006_wrist_put_the_brown_cylinder_on_the_tray.png,recap.png,50,4,155,156,-11.868131868131869,-27.64835164835165,43.20879120879121,71.03296703296704,-6.461538461538462,30.34246575342466,-12.038442611694336,-3.1711654663085938,33.3671875,68.66751098632812,-5.998742580413818,32.98927307128906
014_brown,put the brown cylinder on the tray,7,1,130,5.822,1788423678.661158,00006_front_put_the_brown_cylinder_on_the_tray.png,00006_wrist_put_the_brown_cylinder_on_the_tray.png,recap.png,50,5,156,157,-11.868131868131869,-27.64835164835165,43.20879120879121,71.03296703296704,-6.461538461538462,30.34246575342466,-12.221725463867188,-3.4373779296875,32.651824951171875,68.50072479248047,-6.00413179397583,33.13710403442383
014_brown,put the brown cylinder on the tray,7,1,130,5.822,1788423678.661158,00006_front_put_the_brown_cylinder_on_the_tray.png,00006_wrist_put_the_brown_cylinder_on_the_tray.png,recap.png,50,6,157,158,-11.868131868131869,-27.64835164835165,43.20879120879121,71.03296703296704,-6.461538461538462,30.34246575342466,-12.32375717163086,-2.5318145751953125,32.60363006591797,68.03079223632812,-6.008279323577881,33.33940505981445
014_brown,put the brown cylinder on the tray,7,1,130,5.822,1788423678.661158,00006_front_put_the_brown_cylinder_on_the_tray.png,00006_wrist_put_the_brown_cylinder_on_the_tray.png,recap.png,50,7,158,159,-11.868131868131869,-27.64835164835165,43.20879120879121,71.03296703296704,-6.461538461538462,30.34246575342466,-12.588077545166016,-2.0852813720703125,32.50726318359375,67.81962585449219,-6.105785846710205,33.574127197265625
014_brown,put the brown cylinder on the tray,7,1,130,5.822,1788423678.661158,00006_front_put_the_brown_cylinder_on_the_tray.png,00006_wrist_put_the_brown_cylinder_on_the_tray.png,recap.png,50,8,159,160,-11.868131868131869,-27.64835164835165,43.20879120879121,71.03296703296704,-6.461538461538462,30.34246575342466,-12.474943161010742,-1.032501220703125,32.087623596191406,67.57861328125,-6.124867916107178,33.57682418823242
014_brown,put the brown cylinder on the tray,7,1,130,5.822,1788423678.661158,00006_front_put_the_brown_cylinder_on_the_tray.png,00006_wrist_put_the_brown_cylinder_on_the_tray.png,recap.png,50,9,160,161,-11.868131868131869,-27.64835164835165,43.20879120879121,71.03296703296704,-6.461538461538462,30.34246575342466,-12.321359634399414,-0.45653533935546875,32.180328369140625,67.51307678222656,-6.107736110687256,33.434425354003906
014_brown,put the brown cylinder on the tray,7,1,130,5.822,1788423678.661158,00006_front_put_the_brown_cylinder_on_the_tray.png,00006_wrist_put_the_brown_cylinder_on_the_tray.png,recap.png,50,10,161,162,-11.868131868131869,-27.64835164835165,43.20879120879121,71.03296703296704,-6.461538461538462,30.34246575342466,-12.401922225952148,-0.8848114013671875,32.068511962890625,67.36064147949219,-6.192020893096924,33.41002655029297
014_brown,put the brown cylinder on the tray,7,1,130,5.822,1788423678.661158,00006_front_put_the_brown_cylinder_on_the_tray.png,00006_wrist_put_the_brown_cylinder_on_the_tray.png,recap.png,50,11,162,163,-11.868131868131869,-27.64835164835165,43.20879120879121,71.03296703296704,-6.461538461538462,30.34246575342466,-12.443971633911133,-0.087432861328125,32.45960998535156,67.20162963867188,-6.202324867248535,32.945167541503906
014_brown,put the brown cylinder on the tray,7,1,130,5.822,1788423678.661158,00006_front_put_the_brown_cylinder_on_the_tray.png,00006_wrist_put_the_brown_cylinder_on_the_tray.png,recap.png,50,12,163,164,-11.868131868131869,-27.64835164835165,43.20879120879121,71.03296703296704,-6.461538461538462,30.34246575342466,-12.419759750366211,0.5875778198242188,32.353614807128906,67.28038024902344,-6.1960601806640625,32.249515533447266
014_brown,put the brown cylinder on the tray,7,1,130,5.822,1788423678.661158,00006_front_put_the_brown_cylinder_on_the_tray.png,00006_wrist_put_the_brown_cylinder_on_the_tray.png,recap.png,50,13,164,165,-11.868131868131869,-27.64835164835165,43.20879120879121,71.03296703296704,-6.461538461538462,30.34246575342466,-12.105058670043945,0.5260543823242188,31.707992553710938,67.19263458251953,-6.288535118103027,29.912811279296875
014_brown,put the brown cylinder on the tray,7,1,130,5.822,1788423678.661158,00006_front_put_the_brown_cylinder_on_the_tray.png,00006_wrist_put_the_brown_cylinder_on_the_tray.png,recap.png,50,14,165,166,-11.868131868131869,-27.64835164835165,43.20879120879121,71.03296703296704,-6.461538461538462,30.34246575342466,-12.074113845825195,1.0247344970703125,31.981887817382812,67.57222747802734,-6.389200687408447,26.86788558959961
014_brown,put the brown cylinder on the tray,7,1,130,5.822,1788423678.661158,00006_front_put_the_brown_cylinder_on_the_tray.png,00006_wrist_put_the_brown_cylinder_on_the_tray.png,recap.png,50,15,166,167,-11.868131868131869,-27.64835164835165,43.20879120879121,71.03296703296704,-6.461538461538462,30.34246575342466,-12.163496017456055,0.8408889770507812,31.59813690185547,67.6972885131836,-6.560841083526611,23.60047149658203
014_brown,put the brown cylinder on the tray,7,1,130,5.822,1788423678.661158,00006_front_put_the_brown_cylinder_on_the_tray.png,00006_wrist_put_the_brown_cylinder_on_the_tray.png,recap.png,50,16,167,168,-11.868131868131869,-27.64835164835165,43.20879120879121,71.03296703296704,-6.461538461538462,30.34246575342466,-11.88408088684082,0.6082992553710938,31.727035522460938,67.54345703125,-6.532762050628662,20.213274002075195
014_brown,put the brown cylinder on the tray,7,1,130,5.822,1788423678.661158,00006_front_put_the_brown_cylinder_on_the_tray.png,00006_wrist_put_the_brown_cylinder_on_the_tray.png,recap.png,50,17,168,169,-11.868131868131869,-27.64835164835165,43.20879120879121,71.03296703296704,-6.461538461538462,30.34246575342466,-11.856475830078125,0.03920745849609375,31.3863525390625,67.96310424804688,-6.541825294494629,17.118066787719727
014_brown,put the brown cylinder on the tray,7,1,130,5.822,1788423678.661158,00006_front_put_the_brown_cylinder_on_the_tray.png,00006_wrist_put_the_brown_cylinder_on_the_tray.png,recap.png,50,18,169,170,-11.868131868131869,-27.64835164835165,43.20879120879121,71.03296703296704,-6.461538461538462,30.34246575342466,-11.874229431152344,-0.0756988525390625,30.854202270507812,67.74095153808594,-6.657862186431885,14.292762756347656
014_brown,put the brown cylinder on the tray,7,1,130,5.822,1788423678.661158,00006_front_put_the_brown_cylinder_on_the_tray.png,00006_wrist_put_the_brown_cylinder_on_the_tray.png,recap.png,50,19,170,171,-11.868131868131869,-27.64835164835165,43.20879120879121,71.03296703296704,-6.461538461538462,30.34246575342466,-11.598947525024414,-0.01331329345703125,31.659446716308594,67.35502624511719,-7.020744800567627,12.138812065124512
014_brown,put the brown cylinder on the tray,7,1,130,5.822,1788423678.661158,00006_front_put_the_brown_cylinder_on_the_tray.png,00006_wrist_put_the_brown_cylinder_on_the_tray.png,recap.png,50,20,171,172,-11.868131868131869,-27.64835164835165,43.20879120879121,71.03296703296704,-6.461538461538462,30.34246575342466,-11.441213607788086,-0.1576995849609375,29.79638671875,67.52656555175781,-7.090235233306885,10.852579116821289
014_brown,put the brown cylinder on the tray,7,1,130,5.822,1788423678.661158,00006_front_put_the_brown_cylinder_on_the_tray.png,00006_wrist_put_the_brown_cylinder_on_the_tray.png,recap.png,50,21,172,173,-11.868131868131869,-27.64835164835165,43.20879120879121,71.03296703296704,-6.461538461538462,30.34246575342466,-11.848529815673828,0.27027130126953125,30.784393310546875,67.58661651611328,-7.14987850189209,9.920445442199707
014_brown,put the brown cylinder on the tray,7,1,130,5.822,1788423678.661158,00006_front_put_the_brown_cylinder_on_the_tray.png,00006_wrist_put_the_brown_cylinder_on_the_tray.png,recap.png,50,22,173,174,-11.868131868131869,-27.64835164835165,43.20879120879121,71.03296703296704,-6.461538461538462,30.34246575342466,-11.398954391479492,-0.065155029296875,30.293701171875,67.64205932617188,-7.241860866546631,9.542834281921387
014_brown,put the brown cylinder on the tray,7,1,130,5.822,1788423678.661158,00006_front_put_the_brown_cylinder_on_the_tray.png,00006_wrist_put_the_brown_cylinder_on_the_tray.png,recap.png,50,23,174,175,-11.868131868131869,-27.64835164835165,43.20879120879121,71.03296703296704,-6.461538461538462,30.34246575342466,-12.11845588684082,0.5502243041992188,30.161766052246094,67.56930541992188,-7.235114097595215,9.430144309997559
014_brown,put the brown cylinder on the tray,7,1,130,5.822,1788423678.661158,00006_front_put_the_brown_cylinder_on_the_tray.png,00006_wrist_put_the_brown_cylinder_on_the_tray.png,recap.png,50,24,175,176,-11.868131868131869,-27.64835164835165,43.20879120879121,71.03296703296704,-6.461538461538462,30.34246575342466,-11.603067398071289,0.7091522216796875,30.283294677734375,67.51310729980469,-7.303891658782959,9.212267875671387
014_brown,put the brown cylinder on the tray,7,1,130,5.822,1788423678.661158,00006_front_put_the_brown_cylinder_on_the_tray.png,00006_wrist_put_the_brown_cylinder_on_the_tray.png,recap.png,50,25,176,177,-11.868131868131869,-27.64835164835165,43.20879120879121,71.03296703296704,-6.461538461538462,30.34246575342466,-11.753829956054688,0.42311859130859375,29.527420043945312,67.64096069335938,-7.264197826385498,8.5768404006958
014_brown,put the brown cylinder on the tray,7,1,130,5.822,1788423678.661158,00006_front_put_the_brown_cylinder_on_the_tray.png,00006_wrist_put_the_brown_cylinder_on_the_tray.png,recap.png,50,26,177,178,-11.868131868131869,-27.64835164835165,43.20879120879121,71.03296703296704,-6.461538461538462,30.34246575342466,-11.863449096679688,0.2944488525390625,29.51787567138672,67.2547607421875,-7.36325740814209,8.45876693725586
014_brown,put the brown cylinder on the tray,7,1,130,5.822,1788423678.661158,00006_front_put_the_brown_cylinder_on_the_tray.png,00006_wrist_put_the_brown_cylinder_on_the_tray.png,recap.png,50,27,178,179,-11.868131868131869,-27.64835164835165,43.20879120879121,71.03296703296704,-6.461538461538462,30.34246575342466,-11.716758728027344,0.6522064208984375,29.04125213623047,67.66706848144531,-7.36131477355957,7.644837856292725
014_brown,put the brown cylinder on the tray,7,1,130,5.822,1788423678.661158,00006_front_put_the_brown_cylinder_on_the_tray.png,00006_wrist_put_the_brown_cylinder_on_the_tray.png,recap.png,50,28,179,180,-11.868131868131869,-27.64835164835165,43.20879120879121,71.03296703296704,-6.461538461538462,30.34246575342466,-12.158369064331055,1.8850555419921875,28.48027801513672,68.02214050292969,-7.218343734741211,7.32626485824585
014_brown,put the brown cylinder on the tray,8,1,150,6.524,1788423679.3639483,00007_front_put_the_brown_cylinder_on_the_tray.png,00007_wrist_put_the_brown_cylinder_on_the_tray.png,recap.png,50,0,180,181,-11.164835164835164,-2.4175824175824174,31.252747252747252,69.0989010989011,-6.285714285714286,31.438356164383563,-9.586711883544922,-5.92633056640625,14.438247680664062,79.9192123413086,-9.396639823913574,4.81879997253418
014_brown,put the brown cylinder on the tray,8,1,150,6.524,1788423679.3639483,00007_front_put_the_brown_cylinder_on_the_tray.png,00007_wrist_put_the_brown_cylinder_on_the_tray.png,recap.png,50,1,181,182,-11.164835164835164,-2.4175824175824174,31.252747252747252,69.0989010989011,-6.285714285714286,31.438356164383563,-9.093442916870117,-6.4390869140625,13.60528564453125,80.58815002441406,-9.31456184387207,4.877918720245361
014_brown,put the brown cylinder on the tray,8,1,150,6.524,1788423679.3639483,00007_front_put_the_brown_cylinder_on_the_tray.png,00007_wrist_put_the_brown_cylinder_on_the_tray.png,recap.png,50,2,182,183,-11.164835164835164,-2.4175824175824174,31.252747252747252,69.0989010989011,-6.285714285714286,31.438356164383563,-8.264263153076172,-7.1461181640625,12.590507507324219,81.011962890625,-9.38824462890625,4.815784454345703
014_brown,put the brown cylinder on the tray,8,1,150,6.524,1788423679.3639483,00007_front_put_the_brown_cylinder_on_the_tray.png,00007_wrist_put_the_brown_cylinder_on_the_tray.png,recap.png,50,3,183,184,-11.164835164835164,-2.4175824175824174,31.252747252747252,69.0989010989011,-6.285714285714286,31.438356164383563,-7.717193603515625,-8.201736450195312,12.008537292480469,81.57563781738281,-9.396909713745117,4.793018341064453
014_brown,put the brown cylinder on the tray,8,1,150,6.524,1788423679.3639483,00007_front_put_the_brown_cylinder_on_the_tray.png,00007_wrist_put_the_brown_cylinder_on_the_tray.png,recap.png,50,4,184,185,-11.164835164835164,-2.4175824175824174,31.252747252747252,69.0989010989011,-6.285714285714286,31.438356164383563,-6.914396286010742,-9.353912353515625,11.251617431640625,82.12743377685547,-9.53420639038086,4.819248199462891
014_brown,put the brown cylinder on the tray,8,1,150,6.524,1788423679.3639483,00007_front_put_the_brown_cylinder_on_the_tray.png,00007_wrist_put_the_brown_cylinder_on_the_tray.png,recap.png,50,5,185,186,-11.164835164835164,-2.4175824175824174,31.252747252747252,69.0989010989011,-6.285714285714286,31.438356164383563,-6.323513031005859,-9.959243774414062,10.165969848632812,82.54733276367188,-9.400882720947266,4.770727157592773
014_brown,put the brown cylinder on the tray,8,1,150,6.524,1788423679.3639483,00007_front_put_the_brown_cylinder_on_the_tray.png,00007_wrist_put_the_brown_cylinder_on_the_tray.png,recap.png,50,6,186,187,-11.164835164835164,-2.4175824175824174,31.252747252747252,69.0989010989011,-6.285714285714286,31.438356164383563,-5.569114685058594,-10.7471923828125,9.895729064941406,83.07284545898438,-9.2586669921875,4.664518356323242
014_brown,put the brown cylinder on the tray,8,1,150,6.524,1788423679.3639483,00007_front_put_the_brown_cylinder_on_the_tray.png,00007_wrist_put_the_brown_cylinder_on_the_tray.png,recap.png,50,7,187,188,-11.164835164835164,-2.4175824175824174,31.252747252747252,69.0989010989011,-6.285714285714286,31.438356164383563,-4.475849151611328,-10.751091003417969,8.912246704101562,83.55723571777344,-9.231195449829102,4.785964012145996
014_brown,put the brown cylinder on the tray,8,1,150,6.524,1788423679.3639483,00007_front_put_the_brown_cylinder_on_the_tray.png,00007_wrist_put_the_brown_cylinder_on_the_tray.png,recap.png,50,8,188,189,-11.164835164835164,-2.4175824175824174,31.252747252747252,69.0989010989011,-6.285714285714286,31.438356164383563,-4.012460708618164,-11.67010498046875,7.7919464111328125,83.78092956542969,-9.141390800476074,4.81843900680542
014_brown,put the brown cylinder on the tray,8,1,150,6.524,1788423679.3639483,00007_front_put_the_brown_cylinder_on_the_tray.png,00007_wrist_put_the_brown_cylinder_on_the_tray.png,recap.png,50,9,189,190,-11.164835164835164,-2.4175824175824174,31.252747252747252,69.0989010989011,-6.285714285714286,31.438356164383563,-2.8594818115234375,-12.067085266113281,7.2954864501953125,84.1876449584961,-9.117124557495117,4.955580711364746
014_brown,put the brown cylinder on the tray,8,1,150,6.524,1788423679.3639483,00007_front_put_the_brown_cylinder_on_the_tray.png,00007_wrist_put_the_brown_cylinder_on_the_tray.png,recap.png,50,10,190,191,-11.164835164835164,-2.4175824175824174,31.252747252747252,69.0989010989011,-6.285714285714286,31.438356164383563,-2.038778305053711,-12.6954345703125,7.254230499267578,84.076171875,-9.019431114196777,4.8271284103393555
014_brown,put the brown cylinder on the tray,8,1,150,6.524,1788423679.3639483,00007_front_put_the_brown_cylinder_on_the_tray.png,00007_wrist_put_the_brown_cylinder_on_the_tray.png,recap.png,50,11,191,192,-11.164835164835164,-2.4175824175824174,31.252747252747252,69.0989010989011,-6.285714285714286,31.438356164383563,-1.0483074188232422,-13.022926330566406,6.588489532470703,84.31208801269531,-8.890854835510254,4.900394916534424
014_brown,put the brown cylinder on the tray,8,1,150,6.524,1788423679.3639483,00007_front_put_the_brown_cylinder_on_the_tray.png,00007_wrist_put_the_brown_cylinder_on_the_tray.png,recap.png,50,12,192,193,-11.164835164835164,-2.4175824175824174,31.252747252747252,69.0989010989011,-6.285714285714286,31.438356164383563,0.11085891723632812,-12.899238586425781,6.054767608642578,84.28753662109375,-8.771516799926758,4.856220245361328
014_brown,put the brown cylinder on the tray,8,1,150,6.524,1788423679.3639483,00007_front_put_the_brown_cylinder_on_the_tray.png,00007_wrist_put_the_brown_cylinder_on_the_tray.png,recap.png,50,13,193,194,-11.164835164835164,-2.4175824175824174,31.252747252747252,69.0989010989011,-6.285714285714286,31.438356164383563,1.0514450073242188,-12.832244873046875,5.990608215332031,84.26422882080078,-8.604134559631348,4.939425468444824
014_brown,put the brown cylinder on the tray,8,1,150,6.524,1788423679.3639483,00007_front_put_the_brown_cylinder_on_the_tray.png,00007_wrist_put_the_brown_cylinder_on_the_tray.png,recap.png,50,14,194,195,-11.164835164835164,-2.4175824175824174,31.252747252747252,69.0989010989011,-6.285714285714286,31.438356164383563,2.184803009033203,-12.761619567871094,5.67022705078125,84.24674987792969,-8.395750045776367,5.049030303955078
014_brown,put the brown cylinder on the tray,8,1,150,6.524,1788423679.3639483,00007_front_put_the_brown_cylinder_on_the_tray.png,00007_wrist_put_the_brown_cylinder_on_the_tray.png,recap.png,50,15,195,196,-11.164835164835164,-2.4175824175824174,31.252747252747252,69.0989010989011,-6.285714285714286,31.438356164383563,2.8190460205078125,-12.992851257324219,5.255119323730469,84.00249481201172,-8.278850555419922,4.881965637207031
014_brown,put the brown cylinder on the tray,8,1,150,6.524,1788423679.3639483,00007_front_put_the_brown_cylinder_on_the_tray.png,00007_wrist_put_the_brown_cylinder_on_the_tray.png,recap.png,50,16,196,197,-11.164835164835164,-2.4175824175824174,31.252747252747252,69.0989010989011,-6.285714285714286,31.438356164383563,3.7148704528808594,-12.403945922851562,4.646148681640625,83.91972351074219,-8.286584854125977,5.024575233459473
014_brown,put the brown cylinder on the tray,8,1,150,6.524,1788423679.3639483,00007_front_put_the_brown_cylinder_on_the_tray.png,00007_wrist_put_the_brown_cylinder_on_the_tray.png,recap.png,50,17,197,198,-11.164835164835164,-2.4175824175824174,31.252747252747252,69.0989010989011,-6.285714285714286,31.438356164383563,4.444572448730469,-13.090888977050781,4.669044494628906,83.8378677368164,-8.133487701416016,5.095149517059326
014_brown,put the brown cylinder on the tray,8,1,150,6.524,1788423679.3639483,00007_front_put_the_brown_cylinder_on_the_tray.png,00007_wrist_put_the_brown_cylinder_on_the_tray.png,recap.png,50,18,198,199,-11.164835164835164,-2.4175824175824174,31.252747252747252,69.0989010989011,-6.285714285714286,31.438356164383563,5.419647216796875,-12.913009643554688,4.514446258544922,83.57392883300781,-8.074104309082031,4.972658634185791
014_brown,put the brown cylinder on the tray,8,1,150,6.524,1788423679.3639483,00007_front_put_the_brown_cylinder_on_the_tray.png,00007_wrist_put_the_brown_cylinder_on_the_tray.png,recap.png,50,19,199,200,-11.164835164835164,-2.4175824175824174,31.252747252747252,69.0989010989011,-6.285714285714286,31.438356164383563,6.037746429443359,-12.346138000488281,3.0092811584472656,83.52314758300781,-7.874074935913086,4.876810073852539
014_brown,put the brown cylinder on the tray,9,1,179,7.828,1788423680.6677125,00008_front_put_the_brown_cylinder_on_the_tray.png,00008_wrist_put_the_brown_cylinder_on_the_tray.png,recap.png,50,0,200,201,-12.043956043956044,-1.7142857142857142,29.75824175824176,69.36263736263736,-6.461538461538462,16.095890410958905,-9.522720336914062,-10.0771484375,14.061355590820312,79.82997131347656,-9.400742530822754,6.283756732940674
014_brown,put the brown cylinder on the tray,9,1,179,7.828,1788423680.6677125,00008_front_put_the_brown_cylinder_on_the_tray.png,00008_wrist_put_the_brown_cylinder_on_the_tray.png,recap.png,50,1,201,202,-12.043956043956044,-1.7142857142857142,29.75824175824176,69.36263736263736,-6.461538461538462,16.095890410958905,-8.847770690917969,-10.176536560058594,12.626304626464844,80.28893280029297,-9.38397216796875,6.3439226150512695
014_brown,put the brown cylinder on the tray,9,1,179,7.828,1788423680.6677125,00008_front_put_the_brown_cylinder_on_the_tray.png,00008_wrist_put_the_brown_cylinder_on_the_tray.png,recap.png,50,2,202,203,-12.043956043956044,-1.7142857142857142,29.75824175824176,69.36263736263736,-6.461538461538462,16.095890410958905,-8.18405532836914,-10.901145935058594,11.79388427734375,80.58447265625,-9.245792388916016,6.540495872497559
014_brown,put the brown cylinder on the tray,9,1,179,7.828,1788423680.6677125,00008_front_put_the_brown_cylinder_on_the_tray.png,00008_wrist_put_the_brown_cylinder_on_the_tray.png,recap.png,50,3,203,204,-12.043956043956044,-1.7142857142857142,29.75824175824176,69.36263736263736,-6.461538461538462,16.095890410958905,-7.375545501708984,-10.191886901855469,10.916511535644531,80.63700103759766,-9.088659286499023,6.471782684326172
014_brown,put the brown cylinder on the tray,9,1,179,7.828,1788423680.6677125,00008_front_put_the_brown_cylinder_on_the_tray.png,00008_wrist_put_the_brown_cylinder_on_the_tray.png,recap.png,50,4,204,205,-12.043956043956044,-1.7142857142857142,29.75824175824176,69.36263736263736,-6.461538461538462,16.095890410958905,-6.372762680053711,-11.496932983398438,11.141227722167969,80.83168029785156,-9.058444023132324,6.489143371582031
014_brown,put the brown cylinder on the tray,9,1,179,7.828,1788423680.6677125,00008_front_put_the_brown_cylinder_on_the_tray.png,00008_wrist_put_the_brown_cylinder_on_the_tray.png,recap.png,50,5,205,206,-12.043956043956044,-1.7142857142857142,29.75824175824176,69.36263736263736,-6.461538461538462,16.095890410958905,-5.267906188964844,-10.955154418945312,9.737136840820312,81.06702423095703,-9.017154693603516,6.476315975189209
014_brown,put the brown cylinder on the tray,9,1,179,7.828,1788423680.6677125,00008_front_put_the_brown_cylinder_on_the_tray.png,00008_wrist_put_the_brown_cylinder_on_the_tray.png,recap.png,50,6,206,207,-12.043956043956044,-1.7142857142857142,29.75824175824176,69.36263736263736,-6.461538461538462,16.095890410958905,-4.540189743041992,-11.72943115234375,8.84552001953125,81.02128601074219,-8.854297637939453,6.546515941619873
014_brown,put the brown cylinder on the tray,9,1,179,7.828,1788423680.6677125,00008_front_put_the_brown_cylinder_on_the_tray.png,00008_wrist_put_the_brown_cylinder_on_the_tray.png,recap.png,50,7,207,208,-12.043956043956044,-1.7142857142857142,29.75824175824176,69.36263736263736,-6.461538461538462,16.095890410958905,-3.458587646484375,-11.711128234863281,8.777854919433594,81.33368682861328,-8.717924118041992,6.482603549957275
014_brown,put the brown cylinder on the tray,9,1,179,7.828,1788423680.6677125,00008_front_put_the_brown_cylinder_on_the_tray.png,00008_wrist_put_the_brown_cylinder_on_the_tray.png,recap.png,50,8,208,209,-12.043956043956044,-1.7142857142857142,29.75824175824176,69.36263736263736,-6.461538461538462,16.095890410958905,-2.0709228515625,-12.563758850097656,7.9197235107421875,81.49560546875,-8.496091842651367,6.739842891693115
014_brown,put the brown cylinder on the tray,9,1,179,7.828,1788423680.6677125,00008_front_put_the_brown_cylinder_on_the_tray.png,00008_wrist_put_the_brown_cylinder_on_the_tray.png,recap.png,50,9,209,210,-12.043956043956044,-1.7142857142857142,29.75824175824176,69.36263736263736,-6.461538461538462,16.095890410958905,-1.0750293731689453,-12.179878234863281,7.8198394775390625,81.56369018554688,-8.231924057006836,6.571953296661377
014_brown,put the brown cylinder on the tray,9,1,179,7.828,1788423680.6677125,00008_front_put_the_brown_cylinder_on_the_tray.png,00008_wrist_put_the_brown_cylinder_on_the_tray.png,recap.png,50,10,210,211,-12.043956043956044,-1.7142857142857142,29.75824175824176,69.36263736263736,-6.461538461538462,16.095890410958905,-0.019191741943359375,-12.579437255859375,7.184864044189453,81.43748474121094,-8.211221694946289,6.500100135803223
014_brown,put the brown cylinder on the tray,9,1,179,7.828,1788423680.6677125,00008_front_put_the_brown_cylinder_on_the_tray.png,00008_wrist_put_the_brown_cylinder_on_the_tray.png,recap.png,50,11,211,212,-12.043956043956044,-1.7142857142857142,29.75824175824176,69.36263736263736,-6.461538461538462,16.095890410958905,0.7902908325195312,-12.67657470703125,6.154502868652344,81.5865478515625,-7.673670768737793,6.742559909820557
014_brown,put the brown cylinder on the tray,9,1,179,7.828,1788423680.6677125,00008_front_put_the_brown_cylinder_on_the_tray.png,00008_wrist_put_the_brown_cylinder_on_the_tray.png,recap.png,50,12,212,213,-12.043956043956044,-1.7142857142857142,29.75824175824176,69.36263736263736,-6.461538461538462,16.095890410958905,1.4866065979003906,-13.307647705078125,6.658847808837891,81.56371307373047,-7.87811279296875,6.735172748565674
014_brown,put the brown cylinder on the tray,9,1,179,7.828,1788423680.6677125,00008_front_put_the_brown_cylinder_on_the_tray.png,00008_wrist_put_the_brown_cylinder_on_the_tray.png,recap.png,50,13,213,214,-12.043956043956044,-1.7142857142857142,29.75824175824176,69.36263736263736,-6.461538461538462,16.095890410958905,2.1797523498535156,-13.50274658203125,5.636543273925781,81.69293212890625,-7.627326965332031,6.539819240570068
014_brown,put the brown cylinder on the tray,9,1,179,7.828,1788423680.6677125,00008_front_put_the_brown_cylinder_on_the_tray.png,00008_wrist_put_the_brown_cylinder_on_the_tray.png,recap.png,50,14,214,215,-12.043956043956044,-1.7142857142857142,29.75824175824176,69.36263736263736,-6.461538461538462,16.095890410958905,2.8253517150878906,-12.8865966796875,5.790149688720703,81.9265365600586,-7.678868293762207,6.757922649383545
014_brown,put the brown cylinder on the tray,9,1,179,7.828,1788423680.6677125,00008_front_put_the_brown_cylinder_on_the_tray.png,00008_wrist_put_the_brown_cylinder_on_the_tray.png,recap.png,50,15,215,216,-12.043956043956044,-1.7142857142857142,29.75824175824176,69.36263736263736,-6.461538461538462,16.095890410958905,3.557025909423828,-12.502944946289062,5.076389312744141,82.10140991210938,-7.766031742095947,6.704070091247559
014_brown,put the brown cylinder on the tray,9,1,179,7.828,1788423680.6677125,00008_front_put_the_brown_cylinder_on_the_tray.png,00008_wrist_put_the_brown_cylinder_on_the_tray.png,recap.png,50,16,216,217,-12.043956043956044,-1.7142857142857142,29.75824175824176,69.36263736263736,-6.461538461538462,16.095890410958905,4.156135559082031,-13.442436218261719,4.458984375,82.35863494873047,-7.567188262939453,6.603668689727783
014_brown,put the brown cylinder on the tray,9,1,179,7.828,1788423680.6677125,00008_front_put_the_brown_cylinder_on_the_tray.png,00008_wrist_put_the_brown_cylinder_on_the_tray.png,recap.png,50,17,217,218,-12.043956043956044,-1.7142857142857142,29.75824175824176,69.36263736263736,-6.461538461538462,16.095890410958905,4.87188720703125,-13.204856872558594,3.7915000915527344,82.88574981689453,-7.5998406410217285,6.5523905754089355
014_brown,put the brown cylinder on the tray,9,1,179,7.828,1788423680.6677125,00008_front_put_the_brown_cylinder_on_the_tray.png,00008_wrist_put_the_brown_cylinder_on_the_tray.png,recap.png,50,18,218,219,-12.043956043956044,-1.7142857142857142,29.75824175824176,69.36263736263736,-6.461538461538462,16.095890410958905,5.926967620849609,-13.764945983886719,3.510997772216797,82.75466918945312,-7.564268112182617,6.550766468048096
014_brown,put the brown cylinder on the tray,9,1,179,7.828,1788423680.6677125,00008_front_put_the_brown_cylinder_on_the_tray.png,00008_wrist_put_the_brown_cylinder_on_the_tray.png,recap.png,50,19,219,220,-12.043956043956044,-1.7142857142857142,29.75824175824176,69.36263736263736,-6.461538461538462,16.095890410958905,6.3568267822265625,-13.430335998535156,2.1227378845214844,83.22027587890625,-7.531867027282715,6.711785316467285
014_brown,put the brown cylinder on the tray,9,1,179,7.828,1788423680.6677125,00008_front_put_the_brown_cylinder_on_the_tray.png,00008_wrist_put_the_brown_cylinder_on_the_tray.png,recap.png,50,20,220,221,-12.043956043956044,-1.7142857142857142,29.75824175824176,69.36263736263736,-6.461538461538462,16.095890410958905,7.238773345947266,-13.957687377929688,1.9595603942871094,82.99594116210938,-7.541600704193115,6.698153972625732
014_brown,put the brown cylinder on the tray,9,1,179,7.828,1788423680.6677125,00008_front_put_the_brown_cylinder_on_the_tray.png,00008_wrist_put_the_brown_cylinder_on_the_tray.png,recap.png,50,21,221,222,-12.043956043956044,-1.7142857142857142,29.75824175824176,69.36263736263736,-6.461538461538462,16.095890410958905,8.290897369384766,-14.079795837402344,1.6342391967773438,83.04389953613281,-7.544474124908447,6.453265190124512
014_brown,put the brown cylinder on the tray,9,1,179,7.828,1788423680.6677125,00008_front_put_the_brown_cylinder_on_the_tray.png,00008_wrist_put_the_brown_cylinder_on_the_tray.png,recap.png,50,22,222,223,-12.043956043956044,-1.7142857142857142,29.75824175824176,69.36263736263736,-6.461538461538462,16.095890410958905,9.001575469970703,-13.912551879882812,0.9502029418945312,82.96540832519531,-7.505182266235352,6.6165971755981445
014_brown,put the brown cylinder on the tray,9,1,179,7.828,1788423680.6677125,00008_front_put_the_brown_cylinder_on_the_tray.png,00008_wrist_put_the_brown_cylinder_on_the_tray.png,recap.png,50,23,223,224,-12.043956043956044,-1.7142857142857142,29.75824175824176,69.36263736263736,-6.461538461538462,16.095890410958905,10.260601043701172,-14.388938903808594,1.0351219177246094,82.74765014648438,-7.406094074249268,6.704711437225342
014_brown,put the brown cylinder on the tray,9,1,179,7.828,1788423680.6677125,00008_front_put_the_brown_cylinder_on_the_tray.png,00008_wrist_put_the_brown_cylinder_on_the_tray.png,recap.png,50,24,224,225,-12.043956043956044,-1.7142857142857142,29.75824175824176,69.36263736263736,-6.461538461538462,16.095890410958905,11.50235366821289,-13.076324462890625,-0.0601043701171875,82.60546875,-7.298892974853516,6.64459228515625
014_brown,put the brown cylinder on the tray,9,1,179,7.828,1788423680.6677125,00008_front_put_the_brown_cylinder_on_the_tray.png,00008_wrist_put_the_brown_cylinder_on_the_tray.png,recap.png,50,25,225,226,-12.043956043956044,-1.7142857142857142,29.75824175824176,69.36263736263736,-6.461538461538462,16.095890410958905,12.46225357055664,-13.5382080078125,-0.9000625610351562,82.10273742675781,-7.36626672744751,6.485529899597168
014_brown,put the brown cylinder on the tray,9,1,179,7.828,1788423680.6677125,00008_front_put_the_brown_cylinder_on_the_tray.png,00008_wrist_put_the_brown_cylinder_on_the_tray.png,recap.png,50,26,226,227,-12.043956043956044,-1.7142857142857142,29.75824175824176,69.36263736263736,-6.461538461538462,16.095890410958905,13.623310089111328,-12.535758972167969,-1.7084426879882812,81.84091186523438,-7.36716890335083,6.742538928985596
014_brown,put the brown cylinder on the tray,10,1,199,8.531,1788423681.3701096,00009_front_put_the_brown_cylinder_on_the_tray.png,00009_wrist_put_the_brown_cylinder_on_the_tray.png,recap.png,50,0,227,228,3.2527472527472527,-8.131868131868131,9.89010989010989,84.13186813186813,-8.659340659340659,11.027397260273974,25.2755126953125,0.17364788055419922,-15.436188697814941,79.17059326171875,-7.571502685546875,4.8670454025268555
014_brown,put the brown cylinder on the tray,10,1,199,8.531,1788423681.3701096,00009_front_put_the_brown_cylinder_on_the_tray.png,00009_wrist_put_the_brown_cylinder_on_the_tray.png,recap.png,50,1,228,229,3.2527472527472527,-8.131868131868131,9.89010989010989,84.13186813186813,-8.659340659340659,11.027397260273974,25.65522575378418,1.8277175426483154,-16.477725982666016,78.91746520996094,-7.731990814208984,4.994007110595703
014_brown,put the brown cylinder on the tray,10,1,199,8.531,1788423681.3701096,00009_front_put_the_brown_cylinder_on_the_tray.png,00009_wrist_put_the_brown_cylinder_on_the_tray.png,recap.png,50,2,229,230,3.2527472527472527,-8.131868131868131,9.89010989010989,84.13186813186813,-8.659340659340659,11.027397260273974,30.573711395263672,8.909477233886719,-22.39710235595703,78.08370971679688,-8.227743148803711,4.331604480743408
014_brown,put the brown cylinder on the tray,10,1,199,8.531,1788423681.3701096,00009_front_put_the_brown_cylinder_on_the_tray.png,00009_wrist_put_the_brown_cylinder_on_the_tray.png,recap.png,50,3,230,231,3.2527472527472527,-8.131868131868131,9.89010989010989,84.13186813186813,-8.659340659340659,11.027397260273974,31.12613296508789,9.287925720214844,-23.633800506591797,77.83018493652344,-8.313008308410645,4.233466625213623
014_brown,put the brown cylinder on the tray,10,1,199,8.531,1788423681.3701096,00009_front_put_the_brown_cylinder_on_the_tray.png,00009_wrist_put_the_brown_cylinder_on_the_tray.png,recap.png,50,4,231,232,3.2527472527472527,-8.131868131868131,9.89010989010989,84.13186813186813,-8.659340659340659,11.027397260273974,31.267807006835938,11.490425109863281,-24.014732360839844,77.82853698730469,-8.504524230957031,4.257334232330322
014_brown,put the brown cylinder on the tray,10,1,199,8.531,1788423681.3701096,00009_front_put_the_brown_cylinder_on_the_tray.png,00009_wrist_put_the_brown_cylinder_on_the_tray.png,recap.png,50,5,232,233,3.2527472527472527,-8.131868131868131,9.89010989010989,84.13186813186813,-8.659340659340659,11.027397260273974,31.524799346923828,12.434280395507812,-24.97921371459961,77.7579345703125,-8.706506729125977,4.116713523864746
014_brown,put the brown cylinder on the tray,10,1,199,8.531,1788423681.3701096,00009_front_put_the_brown_cylinder_on_the_tray.png,00009_wrist_put_the_brown_cylinder_on_the_tray.png,recap.png,50,6,233,234,3.2527472527472527,-8.131868131868131,9.89010989010989,84.13186813186813,-8.659340659340659,11.027397260273974,31.147090911865234,13.505226135253906,-25.246145248413086,77.83195495605469,-8.732160568237305,4.431386470794678
014_brown,put the brown cylinder on the tray,10,1,199,8.531,1788423681.3701096,00009_front_put_the_brown_cylinder_on_the_tray.png,00009_wrist_put_the_brown_cylinder_on_the_tray.png,recap.png,50,7,234,235,3.2527472527472527,-8.131868131868131,9.89010989010989,84.13186813186813,-8.659340659340659,11.027397260273974,31.634342193603516,14.708404541015625,-25.86835289001465,77.77335357666016,-8.912551879882812,4.2391862869262695
014_brown,put the brown cylinder on the tray,10,1,199,8.531,1788423681.3701096,00009_front_put_the_brown_cylinder_on_the_tray.png,00009_wrist_put_the_brown_cylinder_on_the_tray.png,recap.png,50,8,235,236,3.2527472527472527,-8.131868131868131,9.89010989010989,84.13186813186813,-8.659340659340659,11.027397260273974,32.076847076416016,15.573387145996094,-26.384830474853516,77.79234313964844,-8.945051193237305,4.2521562576293945
014_brown,put the brown cylinder on the tray,10,1,199,8.531,1788423681.3701096,00009_front_put_the_brown_cylinder_on_the_tray.png,00009_wrist_put_the_brown_cylinder_on_the_tray.png,recap.png,50,9,236,237,3.2527472527472527,-8.131868131868131,9.89010989010989,84.13186813186813,-8.659340659340659,11.027397260273974,31.937572479248047,15.906379699707031,-26.171735763549805,77.482666015625,-9.291844367980957,4.221568584442139
014_brown,put the brown cylinder on the tray,10,1,199,8.531,1788423681.3701096,00009_front_put_the_brown_cylinder_on_the_tray.png,00009_wrist_put_the_brown_cylinder_on_the_tray.png,recap.png,50,10,237,238,3.2527472527472527,-8.131868131868131,9.89010989010989,84.13186813186813,-8.659340659340659,11.027397260273974,32.546016693115234,16.911636352539062,-27.062000274658203,77.61402130126953,-9.14263916015625,4.125533580780029
014_brown,put the brown cylinder on the tray,10,1,199,8.531,1788423681.3701096,00009_front_put_the_brown_cylinder_on_the_tray.png,00009_wrist_put_the_brown_cylinder_on_the_tray.png,recap.png,50,11,238,239,3.2527472527472527,-8.131868131868131,9.89010989010989,84.13186813186813,-8.659340659340659,11.027397260273974,32.7447624206543,17.656997680664062,-28.029550552368164,77.41596984863281,-9.040356636047363,4.3725385665893555
014_brown,put the brown cylinder on the tray,10,1,199,8.531,1788423681.3701096,00009_front_put_the_brown_cylinder_on_the_tray.png,00009_wrist_put_the_brown_cylinder_on_the_tray.png,recap.png,50,12,239,240,3.2527472527472527,-8.131868131868131,9.89010989010989,84.13186813186813,-8.659340659340659,11.027397260273974,32.84123611450195,18.49724578857422,-28.405231475830078,77.4510269165039,-9.149286270141602,4.251195907592773
014_brown,put the brown cylinder on the tray,10,1,199,8.531,1788423681.3701096,00009_front_put_the_brown_cylinder_on_the_tray.png,00009_wrist_put_the_brown_cylinder_on_the_tray.png,recap.png,50,13,240,241,3.2527472527472527,-8.131868131868131,9.89010989010989,84.13186813186813,-8.659340659340659,11.027397260273974,33.28755569458008,18.861618041992188,-27.94503402709961,77.15872955322266,-9.08782958984375,4.169137001037598
014_brown,put the brown cylinder on the tray,10,1,199,8.531,1788423681.3701096,00009_front_put_the_brown_cylinder_on_the_tray.png,00009_wrist_put_the_brown_cylinder_on_the_tray.png,recap.png,50,14,241,242,3.2527472527472527,-8.131868131868131,9.89010989010989,84.13186813186813,-8.659340659340659,11.027397260273974,33.33491134643555,20.04803466796875,-28.991397857666016,77.08836364746094,-8.890507698059082,4.4134521484375
014_brown,put the brown cylinder on the tray,10,1,199,8.531,1788423681.3701096,00009_front_put_the_brown_cylinder_on_the_tray.png,00009_wrist_put_the_brown_cylinder_on_the_tray.png,recap.png,50,15,242,243,3.2527472527472527,-8.131868131868131,9.89010989010989,84.13186813186813,-8.659340659340659,11.027397260273974,33.666683197021484,20.91278839111328,-29.756855010986328,77.09358215332031,-9.030988693237305,4.317826271057129
014_brown,put the brown cylinder on the tray,10,1,199,8.531,1788423681.3701096,00009_front_put_the_brown_cylinder_on_the_tray.png,00009_wrist_put_the_brown_cylinder_on_the_tray.png,recap.png,50,16,243,244,3.2527472527472527,-8.131868131868131,9.89010989010989,84.13186813186813,-8.659340659340659,11.027397260273974,33.6530647277832,21.371551513671875,-30.149145126342773,76.8482666015625,-8.745848655700684,4.325058460235596
014_brown,put the brown cylinder on the tray,10,1,199,8.531,1788423681.3701096,00009_front_put_the_brown_cylinder_on_the_tray.png,00009_wrist_put_the_brown_cylinder_on_the_tray.png,recap.png,50,17,244,245,3.2527472527472527,-8.131868131868131,9.89010989010989,84.13186813186813,-8.659340659340659,11.027397260273974,33.7056999206543,22.548500061035156,-30.498943328857422,77.1136245727539,-8.831255912780762,4.641887187957764
014_brown,put the brown cylinder on the tray,10,1,199,8.531,1788423681.3701096,00009_front_put_the_brown_cylinder_on_the_tray.png,00009_wrist_put_the_brown_cylinder_on_the_tray.png,recap.png,50,18,245,246,3.2527472527472527,-8.131868131868131,9.89010989010989,84.13186813186813,-8.659340659340659,11.027397260273974,33.84148025512695,23.383705139160156,-31.479793548583984,76.68949127197266,-8.869348526000977,4.779277801513672
014_brown,put the brown cylinder on the tray,10,1,199,8.531,1788423681.3701096,00009_front_put_the_brown_cylinder_on_the_tray.png,00009_wrist_put_the_brown_cylinder_on_the_tray.png,recap.png,50,19,246,247,3.2527472527472527,-8.131868131868131,9.89010989010989,84.13186813186813,-8.659340659340659,11.027397260273974,33.55161666870117,24.810592651367188,-31.920331954956055,76.49372100830078,-8.727412223815918,4.744779109954834
014_brown,put the brown cylinder on the tray,10,1,199,8.531,1788423681.3701096,00009_front_put_the_brown_cylinder_on_the_tray.png,00009_wrist_put_the_brown_cylinder_on_the_tray.png,recap.png,50,20,247,248,3.2527472527472527,-8.131868131868131,9.89010989010989,84.13186813186813,-8.659340659340659,11.027397260273974,33.5312385559082,25.40875244140625,-32.23944091796875,76.51860809326172,-8.73742389678955,5.023057460784912
014_brown,put the brown cylinder on the tray,10,1,199,8.531,1788423681.3701096,00009_front_put_the_brown_cylinder_on_the_tray.png,00009_wrist_put_the_brown_cylinder_on_the_tray.png,recap.png,50,21,248,249,3.2527472527472527,-8.131868131868131,9.89010989010989,84.13186813186813,-8.659340659340659,11.027397260273974,33.35224533081055,26.556602478027344,-33.14350509643555,76.56092071533203,-8.729201316833496,5.408009052276611
014_brown,put the brown cylinder on the tray,11,0,225,9.635,1788423682.475031,00010_front_put_the_brown_cylinder_on_the_tray.png,00010_wrist_put_the_brown_cylinder_on_the_tray.png,recap.png,50,0,249,250,8.527472527472527,-8.747252747252746,5.846153846153846,82.9010989010989,-7.956043956043956,10.89041095890411,29.878955841064453,-1.0654144287109375,-13.97342300415039,76.114013671875,-5.9196577072143555,4.072551727294922
014_brown,put the brown cylinder on the tray,11,0,225,9.635,1788423682.475031,00010_front_put_the_brown_cylinder_on_the_tray.png,00010_wrist_put_the_brown_cylinder_on_the_tray.png,recap.png,50,1,250,251,8.527472527472527,-8.747252747252746,5.846153846153846,82.9010989010989,-7.956043956043956,10.89041095890411,30.27865982055664,2.0713577270507812,-15.918155670166016,76.40652465820312,-6.202213287353516,3.8357553482055664
014_brown,put the brown cylinder on the tray,11,0,225,9.635,1788423682.475031,00010_front_put_the_brown_cylinder_on_the_tray.png,00010_wrist_put_the_brown_cylinder_on_the_tray.png,recap.png,50,2,251,252,8.527472527472527,-8.747252747252746,5.846153846153846,82.9010989010989,-7.956043956043956,10.89041095890411,30.738338470458984,3.3459320068359375,-17.22005844116211,76.55856323242188,-6.284030437469482,3.815084934234619
014_brown,put the brown cylinder on the tray,11,0,225,9.635,1788423682.475031,00010_front_put_the_brown_cylinder_on_the_tray.png,00010_wrist_put_the_brown_cylinder_on_the_tray.png,recap.png,50,3,252,253,8.527472527472527,-8.747252747252746,5.846153846153846,82.9010989010989,-7.956043956043956,10.89041095890411,31.18124008178711,4.304954528808594,-18.608158111572266,76.56201934814453,-6.498270034790039,4.162810802459717
014_brown,put the brown cylinder on the tray,11,0,225,9.635,1788423682.475031,00010_front_put_the_brown_cylinder_on_the_tray.png,00010_wrist_put_the_brown_cylinder_on_the_tray.png,recap.png,50,4,253,254,8.527472527472527,-8.747252747252746,5.846153846153846,82.9010989010989,-7.956043956043956,10.89041095890411,31.19662094116211,6.506996154785156,-20.416271209716797,76.63201904296875,-6.670965194702148,4.02301025390625
014_brown,put the brown cylinder on the tray,11,0,225,9.635,1788423682.475031,00010_front_put_the_brown_cylinder_on_the_tray.png,00010_wrist_put_the_brown_cylinder_on_the_tray.png,recap.png,50,5,254,255,8.527472527472527,-8.747252747252746,5.846153846153846,82.9010989010989,-7.956043956043956,10.89041095890411,31.383625030517578,8.300987243652344,-21.019710540771484,76.37996673583984,-6.992555141448975,3.9681525230407715
014_brown,put the brown cylinder on the tray,11,0,225,9.635,1788423682.475031,00010_front_put_the_brown_cylinder_on_the_tray.png,00010_wrist_put_the_brown_cylinder_on_the_tray.png,recap.png,50,6,255,256,8.527472527472527,-8.747252747252746,5.846153846153846,82.9010989010989,-7.956043956043956,10.89041095890411,31.506221771240234,9.188804626464844,-22.178184509277344,76.33716583251953,-7.211108207702637,4.071895599365234
014_brown,put the brown cylinder on the tray,11,0,225,9.635,1788423682.475031,00010_front_put_the_brown_cylinder_on_the_tray.png,00010_wrist_put_the_brown_cylinder_on_the_tray.png,recap.png,50,7,256,257,8.527472527472527,-8.747252747252746,5.846153846153846,82.9010989010989,-7.956043956043956,10.89041095890411,32.35342788696289,11.000633239746094,-22.240509033203125,76.11756134033203,-7.534515857696533,3.782505989074707
014_brown,put the brown cylinder on the tray,11,0,225,9.635,1788423682.475031,00010_front_put_the_brown_cylinder_on_the_tray.png,00010_wrist_put_the_brown_cylinder_on_the_tray.png,recap.png,50,8,257,258,8.527472527472527,-8.747252747252746,5.846153846153846,82.9010989010989,-7.956043956043956,10.89041095890411,31.950016021728516,11.316360473632812,-23.363845825195312,76.06526184082031,-7.560642242431641,4.032137393951416
014_brown,put the brown cylinder on the tray,11,0,225,9.635,1788423682.475031,00010_front_put_the_brown_cylinder_on_the_tray.png,00010_wrist_put_the_brown_cylinder_on_the_tray.png,recap.png,50,9,258,259,8.527472527472527,-8.747252747252746,5.846153846153846,82.9010989010989,-7.956043956043956,10.89041095890411,32.17805862426758,13.14959716796875,-23.564327239990234,75.99703979492188,-7.740525245666504,4.043158054351807
014_brown,put the brown cylinder on the tray,11,0,225,9.635,1788423682.475031,00010_front_put_the_brown_cylinder_on_the_tray.png,00010_wrist_put_the_brown_cylinder_on_the_tray.png,recap.png,50,10,259,260,8.527472527472527,-8.747252747252746,5.846153846153846,82.9010989010989,-7.956043956043956,10.89041095890411,32.50570297241211,13.799003601074219,-23.879169464111328,75.96803283691406,-7.853030204772949,4.187563896179199
014_brown,put the brown cylinder on the tray,11,0,225,9.635,1788423682.475031,00010_front_put_the_brown_cylinder_on_the_tray.png,00010_wrist_put_the_brown_cylinder_on_the_tray.png,recap.png,50,11,260,261,8.527472527472527,-8.747252747252746,5.846153846153846,82.9010989010989,-7.956043956043956,10.89041095890411,32.69533157348633,15.091911315917969,-25.401838302612305,75.56879425048828,-7.698296546936035,3.9790608882904053
014_brown,put the brown cylinder on the tray,11,0,225,9.635,1788423682.475031,00010_front_put_the_brown_cylinder_on_the_tray.png,00010_wrist_put_the_brown_cylinder_on_the_tray.png,recap.png,50,12,261,262,8.527472527472527,-8.747252747252746,5.846153846153846,82.9010989010989,-7.956043956043956,10.89041095890411,33.0140495300293,15.69561767578125,-24.762439727783203,75.8642349243164,-7.712613105773926,4.143788814544678
014_brown,put the brown cylinder on the tray,11,0,225,9.635,1788423682.475031,00010_front_put_the_brown_cylinder_on_the_tray.png,00010_wrist_put_the_brown_cylinder_on_the_tray.png,recap.png,50,13,262,263,8.527472527472527,-8.747252747252746,5.846153846153846,82.9010989010989,-7.956043956043956,10.89041095890411,33.31130599975586,17.128318786621094,-25.773012161254883,75.64137268066406,-7.716610431671143,4.138267993927002
014_brown,put the brown cylinder on the tray,11,0,225,9.635,1788423682.475031,00010_front_put_the_brown_cylinder_on_the_tray.png,00010_wrist_put_the_brown_cylinder_on_the_tray.png,recap.png,50,14,263,264,8.527472527472527,-8.747252747252746,5.846153846153846,82.9010989010989,-7.956043956043956,10.89041095890411,33.47110366821289,18.380218505859375,-26.669281005859375,75.66607666015625,-7.735069274902344,3.915091037750244
014_brown,put the brown cylinder on the tray,11,0,225,9.635,1788423682.475031,00010_front_put_the_brown_cylinder_on_the_tray.png,00010_wrist_put_the_brown_cylinder_on_the_tray.png,recap.png,50,15,264,265,8.527472527472527,-8.747252747252746,5.846153846153846,82.9010989010989,-7.956043956043956,10.89041095890411,33.6814079284668,19.424522399902344,-27.162446975708008,75.59475708007812,-7.624441146850586,4.048026084899902
014_brown,put the brown cylinder on the tray,11,0,225,9.635,1788423682.475031,00010_front_put_the_brown_cylinder_on_the_tray.png,00010_wrist_put_the_brown_cylinder_on_the_tray.png,recap.png,50,16,265,266,8.527472527472527,-8.747252747252746,5.846153846153846,82.9010989010989,-7.956043956043956,10.89041095890411,33.79341506958008,19.77513885498047,-28.215932846069336,75.48771667480469,-7.904006481170654,4.059333324432373
014_brown,put the brown cylinder on the tray,11,0,225,9.635,1788423682.475031,00010_front_put_the_brown_cylinder_on_the_tray.png,00010_wrist_put_the_brown_cylinder_on_the_tray.png,recap.png,50,17,266,267,8.527472527472527,-8.747252747252746,5.846153846153846,82.9010989010989,-7.956043956043956,10.89041095890411,34.25234603881836,20.262367248535156,-28.22015953063965,75.13848114013672,-7.783971786499023,4.2575297355651855
014_brown,put the brown cylinder on the tray,11,0,225,9.635,1788423682.475031,00010_front_put_the_brown_cylinder_on_the_tray.png,00010_wrist_put_the_brown_cylinder_on_the_tray.png,recap.png,50,18,267,268,8.527472527472527,-8.747252747252746,5.846153846153846,82.9010989010989,-7.956043956043956,10.89041095890411,33.94135665893555,22.148345947265625,-27.346126556396484,75.36363983154297,-7.783125400543213,4.240676403045654
014_brown,put the brown cylinder on the tray,11,0,225,9.635,1788423682.475031,00010_front_put_the_brown_cylinder_on_the_tray.png,00010_wrist_put_the_brown_cylinder_on_the_tray.png,recap.png,50,19,268,269,8.527472527472527,-8.747252747252746,5.846153846153846,82.9010989010989,-7.956043956043956,10.89041095890411,34.33237838745117,22.880416870117188,-28.21040153503418,75.23870086669922,-7.999004364013672,3.9977376461029053
014_brown,put the brown cylinder on the tray,11,0,225,9.635,1788423682.475031,00010_front_put_the_brown_cylinder_on_the_tray.png,00010_wrist_put_the_brown_cylinder_on_the_tray.png,recap.png,50,20,269,270,8.527472527472527,-8.747252747252746,5.846153846153846,82.9010989010989,-7.956043956043956,10.89041095890411,34.136539459228516,22.856040954589844,-28.189149856567383,75.21078491210938,-7.999888896942139,3.9803969860076904
014_brown,put the brown cylinder on the tray,11,0,225,9.635,1788423682.475031,00010_front_put_the_brown_cylinder_on_the_tray.png,00010_wrist_put_the_brown_cylinder_on_the_tray.png,recap.png,50,21,270,271,8.527472527472527,-8.747252747252746,5.846153846153846,82.9010989010989,-7.956043956043956,10.89041095890411,33.74625015258789,23.759239196777344,-27.957427978515625,74.94646453857422,-7.896744728088379,4.415989398956299
014_brown,put the brown cylinder on the tray,11,0,225,9.635,1788423682.475031,00010_front_put_the_brown_cylinder_on_the_tray.png,00010_wrist_put_the_brown_cylinder_on_the_tray.png,recap.png,50,22,271,272,8.527472527472527,-8.747252747252746,5.846153846153846,82.9010989010989,-7.956043956043956,10.89041095890411,34.03020095825195,23.558387756347656,-26.66236114501953,75.00639343261719,-8.116981506347656,4.845726490020752
014_brown,put the brown cylinder on the tray,11,0,225,9.635,1788423682.475031,00010_front_put_the_brown_cylinder_on_the_tray.png,00010_wrist_put_the_brown_cylinder_on_the_tray.png,recap.png,50,23,272,273,8.527472527472527,-8.747252747252746,5.846153846153846,82.9010989010989,-7.956043956043956,10.89041095890411,33.9188346862793,24.159423828125,-26.711254119873047,75.15081787109375,-8.285371780395508,5.160624980926514
014_brown,put the brown cylinder on the tray,11,0,225,9.635,1788423682.475031,00010_front_put_the_brown_cylinder_on_the_tray.png,00010_wrist_put_the_brown_cylinder_on_the_tray.png,recap.png,50,24,273,274,8.527472527472527,-8.747252747252746,5.846153846153846,82.9010989010989,-7.956043956043956,10.89041095890411,33.677425384521484,23.350669860839844,-26.735727310180664,74.96886444091797,-8.25377082824707,5.5392537117004395
014_brown,put the brown cylinder on the tray,12,1,248,10.411,1788423683.249951,00011_front_put_the_brown_cylinder_on_the_tray.png,00011_wrist_put_the_brown_cylinder_on_the_tray.png,recap.png,50,0,274,275,32.61538461538461,26.065934065934066,-26.32967032967033,78.41758241758242,-8.747252747252746,10.479452054794521,31.911535263061523,25.16840171813965,-32.74017333984375,82.45449829101562,-8.94478702545166,21.765737533569336
014_brown,put the brown cylinder on the tray,12,1,248,10.411,1788423683.249951,00011_front_put_the_brown_cylinder_on_the_tray.png,00011_wrist_put_the_brown_cylinder_on_the_tray.png,recap.png,50,1,275,276,32.61538461538461,26.065934065934066,-26.32967032967033,78.41758241758242,-8.747252747252746,10.479452054794521,30.821731567382812,25.68238067626953,-37.02010726928711,87.3427963256836,-8.942770957946777,28.611953735351562
014_brown,put the brown cylinder on the tray,12,1,248,10.411,1788423683.249951,00011_front_put_the_brown_cylinder_on_the_tray.png,00011_wrist_put_the_brown_cylinder_on_the_tray.png,recap.png,50,2,276,277,32.61538461538461,26.065934065934066,-26.32967032967033,78.41758241758242,-8.747252747252746,10.479452054794521,30.219844818115234,25.105079650878906,-37.395973205566406,89.20207214355469,-8.785361289978027,28.787885665893555
014_brown,put the brown cylinder on the tray,12,1,248,10.411,1788423683.249951,00011_front_put_the_brown_cylinder_on_the_tray.png,00011_wrist_put_the_brown_cylinder_on_the_tray.png,recap.png,50,3,277,278,32.61538461538461,26.065934065934066,-26.32967032967033,78.41758241758242,-8.747252747252746,10.479452054794521,29.188819885253906,24.95751190185547,-39.53321075439453,91.1785659790039,-8.776505470275879,28.934768676757812
014_brown,put the brown cylinder on the tray,12,1,248,10.411,1788423683.249951,00011_front_put_the_brown_cylinder_on_the_tray.png,00011_wrist_put_the_brown_cylinder_on_the_tray.png,recap.png,50,4,278,279,32.61538461538461,26.065934065934066,-26.32967032967033,78.41758241758242,-8.747252747252746,10.479452054794521,29.107154846191406,24.976722717285156,-42.249244689941406,93.33251953125,-8.72191047668457,29.180967330932617
014_brown,put the brown cylinder on the tray,12,1,248,10.411,1788423683.249951,00011_front_put_the_brown_cylinder_on_the_tray.png,00011_wrist_put_the_brown_cylinder_on_the_tray.png,recap.png,50,5,279,280,32.61538461538461,26.065934065934066,-26.32967032967033,78.41758241758242,-8.747252747252746,10.479452054794521,28.558204650878906,24.97699737548828,-43.36836624145508,95.45307922363281,-8.435909271240234,29.363487243652344
014_brown,put the brown cylinder on the tray,12,1,248,10.411,1788423683.249951,00011_front_put_the_brown_cylinder_on_the_tray.png,00011_wrist_put_the_brown_cylinder_on_the_tray.png,recap.png,50,6,280,281,32.61538461538461,26.065934065934066,-26.32967032967033,78.41758241758242,-8.747252747252746,10.479452054794521,27.449462890625,24.701187133789062,-43.990257263183594,96.83433532714844,-8.003389358520508,29.15931510925293
014_brown,put the brown cylinder on the tray,12,1,248,10.411,1788423683.249951,00011_front_put_the_brown_cylinder_on_the_tray.png,00011_wrist_put_the_brown_cylinder_on_the_tray.png,recap.png,50,7,281,282,32.61538461538461,26.065934065934066,-26.32967032967033,78.41758241758242,-8.747252747252746,10.479452054794521,27.095802307128906,24.209365844726562,-45.75981903076172,98.24752044677734,-7.993546485900879,29.127946853637695
014_brown,put the brown cylinder on the tray,12,1,248,10.411,1788423683.249951,00011_front_put_the_brown_cylinder_on_the_tray.png,00011_wrist_put_the_brown_cylinder_on_the_tray.png,recap.png,50,8,282,283,32.61538461538461,26.065934065934066,-26.32967032967033,78.41758241758242,-8.747252747252746,10.479452054794521,26.090045928955078,23.533538818359375,-46.227943420410156,99.57228088378906,-7.812053203582764,29.063791275024414
014_brown,put the brown cylinder on the tray,12,1,248,10.411,1788423683.249951,00011_front_put_the_brown_cylinder_on_the_tray.png,00011_wrist_put_the_brown_cylinder_on_the_tray.png,recap.png,50,9,283,284,32.61538461538461,26.065934065934066,-26.32967032967033,78.41758241758242,-8.747252747252746,10.479452054794521,25.472084045410156,22.75444793701172,-46.92622756958008,100.51029968261719,-7.603774547576904,29.156831741333008
014_brown,put the brown cylinder on the tray,12,1,248,10.411,1788423683.249951,00011_front_put_the_brown_cylinder_on_the_tray.png,00011_wrist_put_the_brown_cylinder_on_the_tray.png,recap.png,50,10,284,285,32.61538461538461,26.065934065934066,-26.32967032967033,78.41758241758242,-8.747252747252746,10.479452054794521,24.699199676513672,22.619766235351562,-46.506591796875,101.26116943359375,-7.419755935668945,29.209766387939453
014_brown,put the brown cylinder on the tray,12,1,248,10.411,1788423683.249951,00011_front_put_the_brown_cylinder_on_the_tray.png,00011_wrist_put_the_brown_cylinder_on_the_tray.png,recap.png,50,11,285,286,32.61538461538461,26.065934065934066,-26.32967032967033,78.41758241758242,-8.747252747252746,10.479452054794521,24.080257415771484,20.593116760253906,-45.303855895996094,102.02053833007812,-7.196819305419922,29.041730880737305
014_brown,put the brown cylinder on the tray,12,1,248,10.411,1788423683.249951,00011_front_put_the_brown_cylinder_on_the_tray.png,00011_wrist_put_the_brown_cylinder_on_the_tray.png,recap.png,50,12,286,287,32.61538461538461,26.065934065934066,-26.32967032967033,78.41758241758242,-8.747252747252746,10.479452054794521,23.35593032836914,20.197265625,-45.60417556762695,102.57014465332031,-6.851441860198975,28.84040641784668
014_brown,put the brown cylinder on the tray,12,1,248,10.411,1788423683.249951,00011_front_put_the_brown_cylinder_on_the_tray.png,00011_wrist_put_the_brown_cylinder_on_the_tray.png,recap.png,50,13,287,288,32.61538461538461,26.065934065934066,-26.32967032967033,78.41758241758242,-8.747252747252746,10.479452054794521,22.51044464111328,19.191436767578125,-45.273921966552734,102.64814758300781,-6.806221008300781,28.051958084106445
014_brown,put the brown cylinder on the tray,12,1,248,10.411,1788423683.249951,00011_front_put_the_brown_cylinder_on_the_tray.png,00011_wrist_put_the_brown_cylinder_on_the_tray.png,recap.png,50,14,288,289,32.61538461538461,26.065934065934066,-26.32967032967033,78.41758241758242,-8.747252747252746,10.479452054794521,21.957538604736328,18.052978515625,-43.647377014160156,102.62921905517578,-6.439701080322266,26.414417266845703
014_brown,put the brown cylinder on the tray,12,1,248,10.411,1788423683.249951,00011_front_put_the_brown_cylinder_on_the_tray.png,00011_wrist_put_the_brown_cylinder_on_the_tray.png,recap.png,50,15,289,290,32.61538461538461,26.065934065934066,-26.32967032967033,78.41758241758242,-8.747252747252746,10.479452054794521,21.527629852294922,16.595802307128906,-42.277565002441406,102.69065856933594,-6.102503776550293,24.265737533569336
014_brown,put the brown cylinder on the tray,12,1,248,10.411,1788423683.249951,00011_front_put_the_brown_cylinder_on_the_tray.png,00011_wrist_put_the_brown_cylinder_on_the_tray.png,recap.png,50,16,290,291,32.61538461538461,26.065934065934066,-26.32967032967033,78.41758241758242,-8.747252747252746,10.479452054794521,21.07248306274414,15.75830078125,-42.37149429321289,102.42422485351562,-6.032184600830078,21.82280921936035
014_brown,put the brown cylinder on the tray,12,1,248,10.411,1788423683.249951,00011_front_put_the_brown_cylinder_on_the_tray.png,00011_wrist_put_the_brown_cylinder_on_the_tray.png,recap.png,50,17,291,292,32.61538461538461,26.065934065934066,-26.32967032967033,78.41758241758242,-8.747252747252746,10.479452054794521,20.50847625732422,14.148567199707031,-39.202720642089844,102.30517578125,-5.723928928375244,19.08599281311035
014_brown,put the brown cylinder on the tray,12,1,248,10.411,1788423683.249951,00011_front_put_the_brown_cylinder_on_the_tray.png,00011_wrist_put_the_brown_cylinder_on_the_tray.png,recap.png,50,18,292,293,32.61538461538461,26.065934065934066,-26.32967032967033,78.41758241758242,-8.747252747252746,10.479452054794521,19.722076416015625,12.449302673339844,-37.734954833984375,101.93323516845703,-5.4622979164123535,16.502744674682617
014_brown,put the brown cylinder on the tray,12,1,248,10.411,1788423683.249951,00011_front_put_the_brown_cylinder_on_the_tray.png,00011_wrist_put_the_brown_cylinder_on_the_tray.png,recap.png,50,19,293,294,32.61538461538461,26.065934065934066,-26.32967032967033,78.41758241758242,-8.747252747252746,10.479452054794521,18.732704162597656,10.600410461425781,-35.51255798339844,101.27539825439453,-5.068144798278809,14.325212478637695
014_brown,put the brown cylinder on the tray,12,1,248,10.411,1788423683.249951,00011_front_put_the_brown_cylinder_on_the_tray.png,00011_wrist_put_the_brown_cylinder_on_the_tray.png,recap.png,50,20,294,295,32.61538461538461,26.065934065934066,-26.32967032967033,78.41758241758242,-8.747252747252746,10.479452054794521,17.68352508544922,9.281150817871094,-33.29012680053711,101.1771011352539,-4.989694118499756,12.015280723571777
014_brown,put the brown cylinder on the tray,12,1,248,10.411,1788423683.249951,00011_front_put_the_brown_cylinder_on_the_tray.png,00011_wrist_put_the_brown_cylinder_on_the_tray.png,recap.png,50,21,295,296,32.61538461538461,26.065934065934066,-26.32967032967033,78.41758241758242,-8.747252747252746,10.479452054794521,16.884815216064453,7.475776672363281,-31.36709213256836,100.66161346435547,-4.874234676361084,10.354968070983887
014_brown,put the brown cylinder on the tray,12,1,248,10.411,1788423683.249951,00011_front_put_the_brown_cylinder_on_the_tray.png,00011_wrist_put_the_brown_cylinder_on_the_tray.png,recap.png,50,22,296,297,32.61538461538461,26.065934065934066,-26.32967032967033,78.41758241758242,-8.747252747252746,10.479452054794521,15.542133331298828,5.6781463623046875,-28.77452850341797,100.33490753173828,-4.794841766357422,9.057703018188477
014_brown,put the brown cylinder on the tray,12,1,248,10.411,1788423683.249951,00011_front_put_the_brown_cylinder_on_the_tray.png,00011_wrist_put_the_brown_cylinder_on_the_tray.png,recap.png,50,23,297,298,32.61538461538461,26.065934065934066,-26.32967032967033,78.41758241758242,-8.747252747252746,10.479452054794521,14.564048767089844,3.435455322265625,-25.923309326171875,99.74691009521484,-4.724860668182373,7.743368625640869
014_brown,put the brown cylinder on the tray,13,0,273,11.447,1788423684.3045042,00012_front_put_the_brown_cylinder_on_the_tray.png,00012_wrist_put_the_brown_cylinder_on_the_tray.png,recap.png,50,0,298,299,32.879120879120876,25.36263736263736,-23.34065934065934,76.48351648351648,-7.516483516483516,10.479452054794521,31.587093353271484,24.79212188720703,-30.125450134277344,83.07198333740234,-7.295869827270508,29.30573272705078
014_brown,put the brown cylinder on the tray,13,0,273,11.447,1788423684.3045042,00012_front_put_the_brown_cylinder_on_the_tray.png,00012_wrist_put_the_brown_cylinder_on_the_tray.png,recap.png,50,1,299,300,32.879120879120876,25.36263736263736,-23.34065934065934,76.48351648351648,-7.516483516483516,10.479452054794521,31.32421112060547,25.576271057128906,-31.142501831054688,84.57595825195312,-7.296471118927002,29.24488067626953
014_brown,put the brown cylinder on the tray,13,0,273,11.447,1788423684.3045042,00012_front_put_the_brown_cylinder_on_the_tray.png,00012_wrist_put_the_brown_cylinder_on_the_tray.png,recap.png,50,2,300,301,32.879120879120876,25.36263736263736,-23.34065934065934,76.48351648351648,-7.516483516483516,10.479452054794521,30.901058197021484,25.920005798339844,-32.46190643310547,85.87326049804688,-7.184357643127441,29.214563369750977
014_brown,put the brown cylinder on the tray,13,0,273,11.447,1788423684.3045042,00012_front_put_the_brown_cylinder_on_the_tray.png,00012_wrist_put_the_brown_cylinder_on_the_tray.png,recap.png,50,3,301,302,32.879120879120876,25.36263736263736,-23.34065934065934,76.48351648351648,-7.516483516483516,10.479452054794521,30.439403533935547,26.151268005371094,-33.57374572753906,87.3052978515625,-7.064131736755371,29.153120040893555
014_brown,put the brown cylinder on the tray,13,0,273,11.447,1788423684.3045042,00012_front_put_the_brown_cylinder_on_the_tray.png,00012_wrist_put_the_brown_cylinder_on_the_tray.png,recap.png,50,4,302,303,32.879120879120876,25.36263736263736,-23.34065934065934,76.48351648351648,-7.516483516483516,10.479452054794521,29.924312591552734,26.111656188964844,-34.39692687988281,88.9085693359375,-7.005738258361816,29.00390625
014_brown,put the brown cylinder on the tray,13,0,273,11.447,1788423684.3045042,00012_front_put_the_brown_cylinder_on_the_tray.png,00012_wrist_put_the_brown_cylinder_on_the_tray.png,recap.png,50,5,303,304,32.879120879120876,25.36263736263736,-23.34065934065934,76.48351648351648,-7.516483516483516,10.479452054794521,29.798961639404297,26.491722106933594,-35.91552734375,90.28494262695312,-6.968235492706299,29.045490264892578
014_brown,put the brown cylinder on the tray,13,0,273,11.447,1788423684.3045042,00012_front_put_the_brown_cylinder_on_the_tray.png,00012_wrist_put_the_brown_cylinder_on_the_tray.png,recap.png,50,6,304,305,32.879120879120876,25.36263736263736,-23.34065934065934,76.48351648351648,-7.516483516483516,10.479452054794521,29.19672393798828,26.50542449951172,-37.04711151123047,91.78019714355469,-6.901748180389404,28.955968856811523
014_brown,put the brown cylinder on the tray,13,0,273,11.447,1788423684.3045042,00012_front_put_the_brown_cylinder_on_the_tray.png,00012_wrist_put_the_brown_cylinder_on_the_tray.png,recap.png,50,7,305,306,32.879120879120876,25.36263736263736,-23.34065934065934,76.48351648351648,-7.516483516483516,10.479452054794521,29.158550262451172,26.01001739501953,-38.293758392333984,92.95629119873047,-6.76975679397583,29.083742141723633
014_brown,put the brown cylinder on the tray,13,0,273,11.447,1788423684.3045042,00012_front_put_the_brown_cylinder_on_the_tray.png,00012_wrist_put_the_brown_cylinder_on_the_tray.png,recap.png,50,8,306,307,32.879120879120876,25.36263736263736,-23.34065934065934,76.48351648351648,-7.516483516483516,10.479452054794521,28.72576904296875,25.86066436767578,-39.44244384765625,94.13372039794922,-6.812250137329102,29.059783935546875
014_brown,put the brown cylinder on the tray,13,0,273,11.447,1788423684.3045042,00012_front_put_the_brown_cylinder_on_the_tray.png,00012_wrist_put_the_brown_cylinder_on_the_tray.png,recap.png,50,9,307,308,32.879120879120876,25.36263736263736,-23.34065934065934,76.48351648351648,-7.516483516483516,10.479452054794521,28.256877899169922,25.48699951171875,-40.44117736816406,95.15229797363281,-6.728242874145508,29.104524612426758
014_brown,put the brown cylinder on the tray,13,0,273,11.447,1788423684.3045042,00012_front_put_the_brown_cylinder_on_the_tray.png,00012_wrist_put_the_brown_cylinder_on_the_tray.png,recap.png,50,10,308,309,32.879120879120876,25.36263736263736,-23.34065934065934,76.48351648351648,-7.516483516483516,10.479452054794521,27.714874267578125,24.949378967285156,-40.670249938964844,96.23107147216797,-6.51395845413208,28.887252807617188
014_brown,put the brown cylinder on the tray,13,0,273,11.447,1788423684.3045042,00012_front_put_the_brown_cylinder_on_the_tray.png,00012_wrist_put_the_brown_cylinder_on_the_tray.png,recap.png,50,11,309,310,32.879120879120876,25.36263736263736,-23.34065934065934,76.48351648351648,-7.516483516483516,10.479452054794521,27.518089294433594,24.749313354492188,-41.92262268066406,97.44031524658203,-6.41459321975708,28.99633026123047
014_brown,put the brown cylinder on the tray,13,0,273,11.447,1788423684.3045042,00012_front_put_the_brown_cylinder_on_the_tray.png,00012_wrist_put_the_brown_cylinder_on_the_tray.png,recap.png,50,12,310,311,32.879120879120876,25.36263736263736,-23.34065934065934,76.48351648351648,-7.516483516483516,10.479452054794521,26.967792510986328,23.834449768066406,-42.441322326660156,98.46690368652344,-6.301802635192871,28.995040893554688
014_brown,put the brown cylinder on the tray,13,0,273,11.447,1788423684.3045042,00012_front_put_the_brown_cylinder_on_the_tray.png,00012_wrist_put_the_brown_cylinder_on_the_tray.png,recap.png,50,13,311,312,32.879120879120876,25.36263736263736,-23.34065934065934,76.48351648351648,-7.516483516483516,10.479452054794521,26.241668701171875,22.750404357910156,-42.98107147216797,99.14817810058594,-6.082629203796387,28.944026947021484
014_brown,put the brown cylinder on the tray,13,0,273,11.447,1788423684.3045042,00012_front_put_the_brown_cylinder_on_the_tray.png,00012_wrist_put_the_brown_cylinder_on_the_tray.png,recap.png,50,14,312,313,32.879120879120876,25.36263736263736,-23.34065934065934,76.48351648351648,-7.516483516483516,10.479452054794521,25.55017852783203,21.81134796142578,-42.85192108154297,100.06804656982422,-5.8115739822387695,28.818029403686523
014_brown,put the brown cylinder on the tray,13,0,273,11.447,1788423684.3045042,00012_front_put_the_brown_cylinder_on_the_tray.png,00012_wrist_put_the_brown_cylinder_on_the_tray.png,recap.png,50,15,313,314,32.879120879120876,25.36263736263736,-23.34065934065934,76.48351648351648,-7.516483516483516,10.479452054794521,24.804115295410156,20.322189331054688,-42.19920349121094,100.61544036865234,-5.5601935386657715,28.218673706054688
014_brown,put the brown cylinder on the tray,13,0,273,11.447,1788423684.3045042,00012_front_put_the_brown_cylinder_on_the_tray.png,00012_wrist_put_the_brown_cylinder_on_the_tray.png,recap.png,50,16,314,315,32.879120879120876,25.36263736263736,-23.34065934065934,76.48351648351648,-7.516483516483516,10.479452054794521,24.4422607421875,19.59784698486328,-41.94457244873047,101.01361083984375,-5.05552339553833,27.020366668701172
014_brown,put the brown cylinder on the tray,13,0,273,11.447,1788423684.3045042,00012_front_put_the_brown_cylinder_on_the_tray.png,00012_wrist_put_the_brown_cylinder_on_the_tray.png,recap.png,50,17,315,316,32.879120879120876,25.36263736263736,-23.34065934065934,76.48351648351648,-7.516483516483516,10.479452054794521,23.764205932617188,18.826698303222656,-41.364593505859375,101.19378662109375,-4.516060829162598,24.433626174926758
014_brown,put the brown cylinder on the tray,13,0,273,11.447,1788423684.3045042,00012_front_put_the_brown_cylinder_on_the_tray.png,00012_wrist_put_the_brown_cylinder_on_the_tray.png,recap.png,50,18,316,317,32.879120879120876,25.36263736263736,-23.34065934065934,76.48351648351648,-7.516483516483516,10.479452054794521,22.60416030883789,17.782691955566406,-40.007511138916016,101.48367309570312,-4.176702499389648,20.722129821777344
014_brown,put the brown cylinder on the tray,13,0,273,11.447,1788423684.3045042,00012_front_put_the_brown_cylinder_on_the_tray.png,00012_wrist_put_the_brown_cylinder_on_the_tray.png,recap.png,50,19,317,318,32.879120879120876,25.36263736263736,-23.34065934065934,76.48351648351648,-7.516483516483516,10.479452054794521,21.861377716064453,16.927902221679688,-38.66842269897461,101.57781982421875,-3.884812355041504,16.462352752685547
014_brown,put the brown cylinder on the tray,13,0,273,11.447,1788423684.3045042,00012_front_put_the_brown_cylinder_on_the_tray.png,00012_wrist_put_the_brown_cylinder_on_the_tray.png,recap.png,50,20,318,319,32.879120879120876,25.36263736263736,-23.34065934065934,76.48351648351648,-7.516483516483516,10.479452054794521,21.74740219116211,16.58429718017578,-38.179725646972656,101.7982406616211,-3.724231719970703,12.051558494567871
014_brown,put the brown cylinder on the tray,13,0,273,11.447,1788423684.3045042,00012_front_put_the_brown_cylinder_on_the_tray.png,00012_wrist_put_the_brown_cylinder_on_the_tray.png,recap.png,50,21,319,320,32.879120879120876,25.36263736263736,-23.34065934065934,76.48351648351648,-7.516483516483516,10.479452054794521,20.890235900878906,15.208793640136719,-36.6859245300293,101.75511169433594,-3.5075721740722656,8.868223190307617
014_brown,put the brown cylinder on the tray,13,0,273,11.447,1788423684.3045042,00012_front_put_the_brown_cylinder_on_the_tray.png,00012_wrist_put_the_brown_cylinder_on_the_tray.png,recap.png,50,22,320,321,32.879120879120876,25.36263736263736,-23.34065934065934,76.48351648351648,-7.516483516483516,10.479452054794521,19.979225158691406,13.692337036132812,-35.060638427734375,101.76070404052734,-3.325000762939453,6.751664638519287
014_brown,put the brown cylinder on the tray,13,0,273,11.447,1788423684.3045042,00012_front_put_the_brown_cylinder_on_the_tray.png,00012_wrist_put_the_brown_cylinder_on_the_tray.png,recap.png,50,23,321,322,32.879120879120876,25.36263736263736,-23.34065934065934,76.48351648351648,-7.516483516483516,10.479452054794521,19.222564697265625,12.301620483398438,-34.05846405029297,101.34784698486328,-3.2449398040771484,4.92710542678833
014_brown,put the brown cylinder on the tray,13,0,273,11.447,1788423684.3045042,00012_front_put_the_brown_cylinder_on_the_tray.png,00012_wrist_put_the_brown_cylinder_on_the_tray.png,recap.png,50,24,322,323,32.879120879120876,25.36263736263736,-23.34065934065934,76.48351648351648,-7.516483516483516,10.479452054794521,18.567771911621094,9.979293823242188,-32.038917541503906,100.79901123046875,-3.307194709777832,3.7355730533599854
014_brown,put the brown cylinder on the tray,14,1,297,12.251,1788423685.090722,00013_front_put_the_brown_cylinder_on_the_tray.png,00013_wrist_put_the_brown_cylinder_on_the_tray.png,recap.png,50,0,323,324,18.021978021978022,12.43956043956044,-32.92307692307692,100.21978021978022,-5.230769230769231,13.287671232876713,-2.87762451171875,-45.1414680480957,43.10993957519531,74.13905334472656,-3.0456790924072266,1.957378625869751
014_brown,put the brown cylinder on the tray,14,1,297,12.251,1788423685.090722,00013_front_put_the_brown_cylinder_on_the_tray.png,00013_wrist_put_the_brown_cylinder_on_the_tray.png,recap.png,50,1,324,325,18.021978021978022,12.43956043956044,-32.92307692307692,100.21978021978022,-5.230769230769231,13.287671232876713,-3.4414615631103516,-45.783905029296875,44.81121063232422,73.5785903930664,-3.0986032485961914,2.018970251083374
014_brown,put the brown cylinder on the tray,14,1,297,12.251,1788423685.090722,00013_front_put_the_brown_cylinder_on_the_tray.png,00013_wrist_put_the_brown_cylinder_on_the_tray.png,recap.png,50,2,325,326,18.021978021978022,12.43956043956044,-32.92307692307692,100.21978021978022,-5.230769230769231,13.287671232876713,-3.6941680908203125,-47.281700134277344,45.64885711669922,73.00372314453125,-3.1934919357299805,1.7943651676177979
014_brown,put the brown cylinder on the tray,14,1,297,12.251,1788423685.090722,00013_front_put_the_brown_cylinder_on_the_tray.png,00013_wrist_put_the_brown_cylinder_on_the_tray.png,recap.png,50,3,326,327,18.021978021978022,12.43956043956044,-32.92307692307692,100.21978021978022,-5.230769230769231,13.287671232876713,-4.010808944702148,-48.57024002075195,46.844764709472656,72.66891479492188,-3.2506771087646484,1.7708301544189453
014_brown,put the brown cylinder on the tray,14,1,297,12.251,1788423685.090722,00013_front_put_the_brown_cylinder_on_the_tray.png,00013_wrist_put_the_brown_cylinder_on_the_tray.png,recap.png,50,4,327,328,18.021978021978022,12.43956043956044,-32.92307692307692,100.21978021978022,-5.230769230769231,13.287671232876713,-4.326091766357422,-49.50543975830078,48.28527069091797,72.377197265625,-3.256052017211914,1.6677875518798828
014_brown,put the brown cylinder on the tray,14,1,297,12.251,1788423685.090722,00013_front_put_the_brown_cylinder_on_the_tray.png,00013_wrist_put_the_brown_cylinder_on_the_tray.png,recap.png,50,5,328,329,18.021978021978022,12.43956043956044,-32.92307692307692,100.21978021978022,-5.230769230769231,13.287671232876713,-4.735542297363281,-50.895084381103516,49.99779510498047,71.96765899658203,-3.4640121459960938,1.6195714473724365
014_brown,put the brown cylinder on the tray,14,1,297,12.251,1788423685.090722,00013_front_put_the_brown_cylinder_on_the_tray.png,00013_wrist_put_the_brown_cylinder_on_the_tray.png,recap.png,50,6,329,330,18.021978021978022,12.43956043956044,-32.92307692307692,100.21978021978022,-5.230769230769231,13.287671232876713,-4.890796661376953,-52.294742584228516,51.27265930175781,71.3781967163086,-3.5250768661499023,1.6452741622924805
014_brown,put the brown cylinder on the tray,14,1,297,12.251,1788423685.090722,00013_front_put_the_brown_cylinder_on_the_tray.png,00013_wrist_put_the_brown_cylinder_on_the_tray.png,recap.png,50,7,330,331,18.021978021978022,12.43956043956044,-32.92307692307692,100.21978021978022,-5.230769230769231,13.287671232876713,-4.937593460083008,-54.225608825683594,52.588768005371094,70.98580932617188,-3.549574851989746,1.7163188457489014
014_brown,put the brown cylinder on the tray,14,1,297,12.251,1788423685.090722,00013_front_put_the_brown_cylinder_on_the_tray.png,00013_wrist_put_the_brown_cylinder_on_the_tray.png,recap.png,50,8,331,332,18.021978021978022,12.43956043956044,-32.92307692307692,100.21978021978022,-5.230769230769231,13.287671232876713,-4.936590194702148,-55.71547317504883,53.478904724121094,70.4074935913086,-3.5526838302612305,1.6121852397918701
014_brown,put the brown cylinder on the tray,14,1,297,12.251,1788423685.090722,00013_front_put_the_brown_cylinder_on_the_tray.png,00013_wrist_put_the_brown_cylinder_on_the_tray.png,recap.png,50,9,332,333,18.021978021978022,12.43956043956044,-32.92307692307692,100.21978021978022,-5.230769230769231,13.287671232876713,-4.98942756652832,-57.68837356567383,55.00749969482422,70.2137680053711,-3.613823890686035,1.6233792304992676
014_brown,put the brown cylinder on the tray,14,1,297,12.251,1788423685.090722,00013_front_put_the_brown_cylinder_on_the_tray.png,00013_wrist_put_the_brown_cylinder_on_the_tray.png,recap.png,50,10,333,334,18.021978021978022,12.43956043956044,-32.92307692307692,100.21978021978022,-5.230769230769231,13.287671232876713,-5.09202766418457,-60.120601654052734,56.680206298828125,69.86569213867188,-3.604485511779785,1.5459446907043457
014_brown,put the brown cylinder on the tray,14,1,297,12.251,1788423685.090722,00013_front_put_the_brown_cylinder_on_the_tray.png,00013_wrist_put_the_brown_cylinder_on_the_tray.png,recap.png,50,11,334,335,18.021978021978022,12.43956043956044,-32.92307692307692,100.21978021978022,-5.230769230769231,13.287671232876713,-5.060371398925781,-62.06797409057617,58.169586181640625,69.65916442871094,-3.594864845275879,1.5749666690826416
014_brown,put the brown cylinder on the tray,14,1,297,12.251,1788423685.090722,00013_front_put_the_brown_cylinder_on_the_tray.png,00013_wrist_put_the_brown_cylinder_on_the_tray.png,recap.png,50,12,335,336,18.021978021978022,12.43956043956044,-32.92307692307692,100.21978021978022,-5.230769230769231,13.287671232876713,-5.3193817138671875,-63.40180587768555,59.015045166015625,69.71578979492188,-3.7123517990112305,1.6238210201263428
014_brown,put the brown cylinder on the tray,14,1,297,12.251,1788423685.090722,00013_front_put_the_brown_cylinder_on_the_tray.png,00013_wrist_put_the_brown_cylinder_on_the_tray.png,recap.png,50,13,336,337,18.021978021978022,12.43956043956044,-32.92307692307692,100.21978021978022,-5.230769230769231,13.287671232876713,-5.086536407470703,-65.48245239257812,59.698455810546875,69.4249267578125,-3.755497932434082,1.7154850959777832
014_brown,put the brown cylinder on the tray,14,1,297,12.251,1788423685.090722,00013_front_put_the_brown_cylinder_on_the_tray.png,00013_wrist_put_the_brown_cylinder_on_the_tray.png,recap.png,50,14,337,338,18.021978021978022,12.43956043956044,-32.92307692307692,100.21978021978022,-5.230769230769231,13.287671232876713,-5.486337661743164,-68.35625457763672,62.00164031982422,69.44042205810547,-3.732111930847168,1.4896554946899414
014_brown,put the brown cylinder on the tray,14,1,297,12.251,1788423685.090722,00013_front_put_the_brown_cylinder_on_the_tray.png,00013_wrist_put_the_brown_cylinder_on_the_tray.png,recap.png,50,15,338,339,18.021978021978022,12.43956043956044,-32.92307692307692,100.21978021978022,-5.230769230769231,13.287671232876713,-5.235771179199219,-71.5696029663086,63.716697692871094,69.45745086669922,-3.707474708557129,1.52191162109375
014_brown,put the brown cylinder on the tray,14,1,297,12.251,1788423685.090722,00013_front_put_the_brown_cylinder_on_the_tray.png,00013_wrist_put_the_brown_cylinder_on_the_tray.png,recap.png,50,16,339,340,18.021978021978022,12.43956043956044,-32.92307692307692,100.21978021978022,-5.230769230769231,13.287671232876713,-5.304058074951172,-73.95661163330078,64.62660217285156,69.8763427734375,-3.705934524536133,1.709468126296997
014_brown,put the brown cylinder on the tray,14,1,297,12.251,1788423685.090722,00013_front_put_the_brown_cylinder_on_the_tray.png,00013_wrist_put_the_brown_cylinder_on_the_tray.png,recap.png,50,17,340,341,18.021978021978022,12.43956043956044,-32.92307692307692,100.21978021978022,-5.230769230769231,13.287671232876713,-5.480796813964844,-76.25056457519531,66.95191955566406,69.45896911621094,-3.7456846237182617,1.6372370719909668
014_brown,put the brown cylinder on the tray,14,1,297,12.251,1788423685.090722,00013_front_put_the_brown_cylinder_on_the_tray.png,00013_wrist_put_the_brown_cylinder_on_the_tray.png,recap.png,50,18,341,342,18.021978021978022,12.43956043956044,-32.92307692307692,100.21978021978022,-5.230769230769231,13.287671232876713,-5.110097885131836,-78.62212371826172,67.71376037597656,69.68467712402344,-3.8365535736083984,1.4809319972991943
014_brown,put the brown cylinder on the tray,14,1,297,12.251,1788423685.090722,00013_front_put_the_brown_cylinder_on_the_tray.png,00013_wrist_put_the_brown_cylinder_on_the_tray.png,recap.png,50,19,342,343,18.021978021978022,12.43956043956044,-32.92307692307692,100.21978021978022,-5.230769230769231,13.287671232876713,-4.991525650024414,-81.15674591064453,68.83493041992188,69.80110168457031,-3.7967605590820312,1.5494053363800049
014_brown,put the brown cylinder on the tray,14,1,297,12.251,1788423685.090722,00013_front_put_the_brown_cylinder_on_the_tray.png,00013_wrist_put_the_brown_cylinder_on_the_tray.png,recap.png,50,20,343,344,18.021978021978022,12.43956043956044,-32.92307692307692,100.21978021978022,-5.230769230769231,13.287671232876713,-5.175676345825195,-83.24762725830078,70.75934600830078,69.61190795898438,-3.8525657653808594,1.7245323657989502
014_brown,put the brown cylinder on the tray,14,1,297,12.251,1788423685.090722,00013_front_put_the_brown_cylinder_on_the_tray.png,00013_wrist_put_the_brown_cylinder_on_the_tray.png,recap.png,50,21,344,345,18.021978021978022,12.43956043956044,-32.92307692307692,100.21978021978022,-5.230769230769231,13.287671232876713,-4.865987777709961,-85.34478759765625,70.78314208984375,69.66641235351562,-3.9082746505737305,1.6494760513305664
014_brown,put the brown cylinder on the tray,14,1,297,12.251,1788423685.090722,00013_front_put_the_brown_cylinder_on_the_tray.png,00013_wrist_put_the_brown_cylinder_on_the_tray.png,recap.png,50,22,345,346,18.021978021978022,12.43956043956044,-32.92307692307692,100.21978021978022,-5.230769230769231,13.287671232876713,-5.155170440673828,-86.12355041503906,71.88230895996094,69.77323913574219,-3.864720344543457,1.5722157955169678
014_brown,put the brown cylinder on the tray,14,1,297,12.251,1788423685.090722,00013_front_put_the_brown_cylinder_on_the_tray.png,00013_wrist_put_the_brown_cylinder_on_the_tray.png,recap.png,50,23,346,347,18.021978021978022,12.43956043956044,-32.92307692307692,100.21978021978022,-5.230769230769231,13.287671232876713,-5.25115966796875,-88.0780258178711,73.76560974121094,69.95918273925781,-3.85159969329834,1.6142077445983887
014_brown,put the brown cylinder on the tray,15,1,322,13.222,1788423686.0606194,00014_front_put_the_brown_cylinder_on_the_tray.png,00014_wrist_put_the_brown_cylinder_on_the_tray.png,recap.png,50,0,347,348,20.923076923076923,18.24175824175824,-35.56043956043956,100.48351648351648,-3.8241758241758244,11.849315068493151,1.0865325927734375,-42.063446044921875,34.865142822265625,76.48664855957031,-3.083087921142578,1.0521256923675537
014_brown,put the brown cylinder on the tray,15,1,322,13.222,1788423686.0606194,00014_front_put_the_brown_cylinder_on_the_tray.png,00014_wrist_put_the_brown_cylinder_on_the_tray.png,recap.png,50,1,348,349,20.923076923076923,18.24175824175824,-35.56043956043956,100.48351648351648,-3.8241758241758244,11.849315068493151,0.4798736572265625,-43.741004943847656,36.44353485107422,76.27684020996094,-2.9480018615722656,1.2087047100067139
014_brown,put the brown cylinder on the tray,15,1,322,13.222,1788423686.0606194,00014_front_put_the_brown_cylinder_on_the_tray.png,00014_wrist_put_the_brown_cylinder_on_the_tray.png,recap.png,50,2,349,350,20.923076923076923,18.24175824175824,-35.56043956043956,100.48351648351648,-3.8241758241758244,11.849315068493151,0.0428009033203125,-45.55391311645508,38.33637237548828,76.21820068359375,-3.0275611877441406,0.8541953563690186
014_brown,put the brown cylinder on the tray,15,1,322,13.222,1788423686.0606194,00014_front_put_the_brown_cylinder_on_the_tray.png,00014_wrist_put_the_brown_cylinder_on_the_tray.png,recap.png,50,3,350,351,20.923076923076923,18.24175824175824,-35.56043956043956,100.48351648351648,-3.8241758241758244,11.849315068493151,-0.5330009460449219,-46.902164459228516,39.784339904785156,75.92588806152344,-2.953202247619629,1.2037572860717773
014_brown,put the brown cylinder on the tray,15,1,322,13.222,1788423686.0606194,00014_front_put_the_brown_cylinder_on_the_tray.png,00014_wrist_put_the_brown_cylinder_on_the_tray.png,recap.png,50,4,351,352,20.923076923076923,18.24175824175824,-35.56043956043956,100.48351648351648,-3.8241758241758244,11.849315068493151,-0.7786197662353516,-48.75941848754883,40.72046661376953,75.31082153320312,-2.9650087356567383,1.0804147720336914
014_brown,put the brown cylinder on the tray,15,1,322,13.222,1788423686.0606194,00014_front_put_the_brown_cylinder_on_the_tray.png,00014_wrist_put_the_brown_cylinder_on_the_tray.png,recap.png,50,5,352,353,20.923076923076923,18.24175824175824,-35.56043956043956,100.48351648351648,-3.8241758241758244,11.849315068493151,-0.7824440002441406,-49.19369888305664,42.45813751220703,74.80724334716797,-2.9665584564208984,1.0933995246887207
014_brown,put the brown cylinder on the tray,15,1,322,13.222,1788423686.0606194,00014_front_put_the_brown_cylinder_on_the_tray.png,00014_wrist_put_the_brown_cylinder_on_the_tray.png,recap.png,50,6,353,354,20.923076923076923,18.24175824175824,-35.56043956043956,100.48351648351648,-3.8241758241758244,11.849315068493151,-1.241933822631836,-51.96379089355469,44.49208068847656,73.87734985351562,-2.958770751953125,0.9792658686637878
014_brown,put the brown cylinder on the tray,15,1,322,13.222,1788423686.0606194,00014_front_put_the_brown_cylinder_on_the_tray.png,00014_wrist_put_the_brown_cylinder_on_the_tray.png,recap.png,50,7,354,355,20.923076923076923,18.24175824175824,-35.56043956043956,100.48351648351648,-3.8241758241758244,11.849315068493151,-1.7448177337646484,-53.174617767333984,46.515541076660156,73.61524963378906,-3.183603286743164,0.8230947256088257
014_brown,put the brown cylinder on the tray,15,1,322,13.222,1788423686.0606194,00014_front_put_the_brown_cylinder_on_the_tray.png,00014_wrist_put_the_brown_cylinder_on_the_tray.png,recap.png,50,8,355,356,20.923076923076923,18.24175824175824,-35.56043956043956,100.48351648351648,-3.8241758241758244,11.849315068493151,-1.8562908172607422,-55.501930236816406,48.46356201171875,72.76773071289062,-2.885129928588867,1.0163516998291016
014_brown,put the brown cylinder on the tray,15,1,322,13.222,1788423686.0606194,00014_front_put_the_brown_cylinder_on_the_tray.png,00014_wrist_put_the_brown_cylinder_on_the_tray.png,recap.png,50,9,356,357,20.923076923076923,18.24175824175824,-35.56043956043956,100.48351648351648,-3.8241758241758244,11.849315068493151,-1.978128433227539,-56.46635818481445,49.979736328125,72.43116760253906,-2.939603805541992,1.0325833559036255
014_brown,put the brown cylinder on the tray,15,1,322,13.222,1788423686.0606194,00014_front_put_the_brown_cylinder_on_the_tray.png,00014_wrist_put_the_brown_cylinder_on_the_tray.png,recap.png,50,10,357,358,20.923076923076923,18.24175824175824,-35.56043956043956,100.48351648351648,-3.8241758241758244,11.849315068493151,-2.572582244873047,-59.05328369140625,51.018104553222656,72.04387664794922,-2.9094972610473633,1.1347997188568115
014_brown,put the brown cylinder on the tray,15,1,322,13.222,1788423686.0606194,00014_front_put_the_brown_cylinder_on_the_tray.png,00014_wrist_put_the_brown_cylinder_on_the_tray.png,recap.png,50,11,358,359,20.923076923076923,18.24175824175824,-35.56043956043956,100.48351648351648,-3.8241758241758244,11.849315068493151,-2.4929676055908203,-60.68826675415039,52.93208312988281,71.90701293945312,-2.859325408935547,0.9347928762435913
014_brown,put the brown cylinder on the tray,15,1,322,13.222,1788423686.0606194,00014_front_put_the_brown_cylinder_on_the_tray.png,00014_wrist_put_the_brown_cylinder_on_the_tray.png,recap.png,50,12,359,360,20.923076923076923,18.24175824175824,-35.56043956043956,100.48351648351648,-3.8241758241758244,11.849315068493151,-2.743560791015625,-62.79021072387695,54.561363220214844,71.8811264038086,-2.9384689331054688,1.0925943851470947
014_brown,put the brown cylinder on the tray,15,1,322,13.222,1788423686.0606194,00014_front_put_the_brown_cylinder_on_the_tray.png,00014_wrist_put_the_brown_cylinder_on_the_tray.png,recap.png,50,13,360,361,20.923076923076923,18.24175824175824,-35.56043956043956,100.48351648351648,-3.8241758241758244,11.849315068493151,-2.734027862548828,-63.97905349731445,55.858360290527344,71.91934204101562,-3.0008974075317383,1.1382050514221191
014_brown,put the brown cylinder on the tray,15,1,322,13.222,1788423686.0606194,00014_front_put_the_brown_cylinder_on_the_tray.png,00014_wrist_put_the_brown_cylinder_on_the_tray.png,recap.png,50,14,361,362,20.923076923076923,18.24175824175824,-35.56043956043956,100.48351648351648,-3.8241758241758244,11.849315068493151,-3.4102935791015625,-66.36772155761719,57.2105712890625,71.52789306640625,-2.8691558837890625,1.0223177671432495
014_brown,put the brown cylinder on the tray,15,1,322,13.222,1788423686.0606194,00014_front_put_the_brown_cylinder_on_the_tray.png,00014_wrist_put_the_brown_cylinder_on_the_tray.png,recap.png,50,15,362,363,20.923076923076923,18.24175824175824,-35.56043956043956,100.48351648351648,-3.8241758241758244,11.849315068493151,-3.2227840423583984,-67.6241455078125,57.76349639892578,71.32112121582031,-2.8609848022460938,1.100831389427185
014_brown,put the brown cylinder on the tray,15,1,322,13.222,1788423686.0606194,00014_front_put_the_brown_cylinder_on_the_tray.png,00014_wrist_put_the_brown_cylinder_on_the_tray.png,recap.png,50,16,363,364,20.923076923076923,18.24175824175824,-35.56043956043956,100.48351648351648,-3.8241758241758244,11.849315068493151,-3.626941680908203,-69.95814514160156,59.661170959472656,71.33513641357422,-2.825592041015625,1.2747445106506348
014_brown,put the brown cylinder on the tray,15,1,322,13.222,1788423686.0606194,00014_front_put_the_brown_cylinder_on_the_tray.png,00014_wrist_put_the_brown_cylinder_on_the_tray.png,recap.png,50,17,364,365,20.923076923076923,18.24175824175824,-35.56043956043956,100.48351648351648,-3.8241758241758244,11.849315068493151,-3.7293262481689453,-71.52074432373047,61.16503143310547,71.12110137939453,-2.689146041870117,1.1751337051391602
014_brown,put the brown cylinder on the tray,15,1,322,13.222,1788423686.0606194,00014_front_put_the_brown_cylinder_on_the_tray.png,00014_wrist_put_the_brown_cylinder_on_the_tray.png,recap.png,50,18,365,366,20.923076923076923,18.24175824175824,-35.56043956043956,100.48351648351648,-3.8241758241758244,11.849315068493151,-4.064970016479492,-73.16326141357422,62.23301696777344,70.67031860351562,-2.924833297729492,1.1890902519226074
014_brown,put the brown cylinder on the tray,15,1,322,13.222,1788423686.0606194,00014_front_put_the_brown_cylinder_on_the_tray.png,00014_wrist_put_the_brown_cylinder_on_the_tray.png,recap.png,50,19,366,367,20.923076923076923,18.24175824175824,-35.56043956043956,100.48351648351648,-3.8241758241758244,11.849315068493151,-4.147743225097656,-74.62477111816406,63.7647705078125,70.44197082519531,-2.865645408630371,1.2041852474212646
014_brown,put the brown cylinder on the tray,15,1,322,13.222,1788423686.0606194,00014_front_put_the_brown_cylinder_on_the_tray.png,00014_wrist_put_the_brown_cylinder_on_the_tray.png,recap.png,50,20,367,368,20.923076923076923,18.24175824175824,-35.56043956043956,100.48351648351648,-3.8241758241758244,11.849315068493151,-4.166105270385742,-76.87110900878906,64.90380096435547,70.10479736328125,-2.8306751251220703,1.1565525531768799
014_brown,put the brown cylinder on the tray,15,1,322,13.222,1788423686.0606194,00014_front_put_the_brown_cylinder_on_the_tray.png,00014_wrist_put_the_brown_cylinder_on_the_tray.png,recap.png,50,21,368,369,20.923076923076923,18.24175824175824,-35.56043956043956,100.48351648351648,-3.8241758241758244,11.849315068493151,-4.3396453857421875,-78.1082763671875,66.28955841064453,69.44741821289062,-2.9719934463500977,0.9737140536308289
014_brown,put the brown cylinder on the tray,15,1,322,13.222,1788423686.0606194,00014_front_put_the_brown_cylinder_on_the_tray.png,00014_wrist_put_the_brown_cylinder_on_the_tray.png,recap.png,50,22,369,370,20.923076923076923,18.24175824175824,-35.56043956043956,100.48351648351648,-3.8241758241758244,11.849315068493151,-4.615533828735352,-79.58682250976562,67.18275451660156,69.23499298095703,-2.824748992919922,1.246403455734253
014_brown,put the brown cylinder on the tray,16,1,346,14.158,1788423686.998661,00015_front_put_the_brown_cylinder_on_the_tray.png,00015_wrist_put_the_brown_cylinder_on_the_tray.png,recap.png,50,0,370,371,-4.923076923076923,-81.97802197802197,70.37362637362638,70.50549450549451,-3.4725274725274726,1.7123287671232876,-4.869772434234619,-97.7164306640625,83.72904968261719,74.69449615478516,-3.068251371383667,1.321855068206787
014_brown,put the brown cylinder on the tray,16,1,346,14.158,1788423686.998661,00015_front_put_the_brown_cylinder_on_the_tray.png,00015_wrist_put_the_brown_cylinder_on_the_tray.png,recap.png,50,1,371,372,-4.923076923076923,-81.97802197802197,70.37362637362638,70.50549450549451,-3.4725274725274726,1.7123287671232876,-5.02891731262207,-97.99751281738281,83.86622619628906,74.97489929199219,-3.027881383895874,1.3410096168518066
014_brown,put the brown cylinder on the tray,16,1,346,14.158,1788423686.998661,00015_front_put_the_brown_cylinder_on_the_tray.png,00015_wrist_put_the_brown_cylinder_on_the_tray.png,recap.png,50,2,372,373,-4.923076923076923,-81.97802197802197,70.37362637362638,70.50549450549451,-3.4725274725274726,1.7123287671232876,-5.007755279541016,-103.8376693725586,89.80633544921875,77.0081558227539,-3.065704345703125,1.4791390895843506
014_brown,put the brown cylinder on the tray,16,1,346,14.158,1788423686.998661,00015_front_put_the_brown_cylinder_on_the_tray.png,00015_wrist_put_the_brown_cylinder_on_the_tray.png,recap.png,50,3,373,374,-4.923076923076923,-81.97802197802197,70.37362637362638,70.50549450549451,-3.4725274725274726,1.7123287671232876,-5.030252456665039,-103.76554870605469,89.80021667480469,77.15560913085938,-3.0226869583129883,1.2267463207244873
014_brown,put the brown cylinder on the tray,16,1,346,14.158,1788423686.998661,00015_front_put_the_brown_cylinder_on_the_tray.png,00015_wrist_put_the_brown_cylinder_on_the_tray.png,recap.png,50,4,374,375,-4.923076923076923,-81.97802197802197,70.37362637362638,70.50549450549451,-3.4725274725274726,1.7123287671232876,-5.056730270385742,-103.74779510498047,89.5771484375,77.18418884277344,-3.047445297241211,1.4544951915740967
014_brown,put the brown cylinder on the tray,16,1,346,14.158,1788423686.998661,00015_front_put_the_brown_cylinder_on_the_tray.png,00015_wrist_put_the_brown_cylinder_on_the_tray.png,recap.png,50,5,375,376,-4.923076923076923,-81.97802197802197,70.37362637362638,70.50549450549451,-3.4725274725274726,1.7123287671232876,-4.9566802978515625,-103.50733184814453,89.64556884765625,77.30115509033203,-3.0463180541992188,1.2727551460266113
014_brown,put the brown cylinder on the tray,16,1,346,14.158,1788423686.998661,00015_front_put_the_brown_cylinder_on_the_tray.png,00015_wrist_put_the_brown_cylinder_on_the_tray.png,recap.png,50,6,376,377,-4.923076923076923,-81.97802197802197,70.37362637362638,70.50549450549451,-3.4725274725274726,1.7123287671232876,-4.77647590637207,-103.97799682617188,89.36424255371094,77.58441162109375,-2.9208269119262695,1.463836908340454
014_brown,put the brown cylinder on the tray,16,1,346,14.158,1788423686.998661,00015_front_put_the_brown_cylinder_on_the_tray.png,00015_wrist_put_the_brown_cylinder_on_the_tray.png,recap.png,50,7,377,378,-4.923076923076923,-81.97802197802197,70.37362637362638,70.50549450549451,-3.4725274725274726,1.7123287671232876,-5.2398529052734375,-103.91446685791016,89.66297912597656,77.62142181396484,-2.8726072311401367,1.4824552536010742
014_brown,put the brown cylinder on the tray,16,1,346,14.158,1788423686.998661,00015_front_put_the_brown_cylinder_on_the_tray.png,00015_wrist_put_the_brown_cylinder_on_the_tray.png,recap.png,50,8,378,379,-4.923076923076923,-81.97802197802197,70.37362637362638,70.50549450549451,-3.4725274725274726,1.7123287671232876,-5.046989440917969,-103.25602722167969,89.19670104980469,77.902099609375,-2.762575149536133,1.4474670886993408
014_brown,put the brown cylinder on the tray,16,1,346,14.158,1788423686.998661,00015_front_put_the_brown_cylinder_on_the_tray.png,00015_wrist_put_the_brown_cylinder_on_the_tray.png,recap.png,50,9,379,380,-4.923076923076923,-81.97802197802197,70.37362637362638,70.50549450549451,-3.4725274725274726,1.7123287671232876,-5.203849792480469,-103.79005432128906,89.341064453125,77.93050384521484,-2.76259708404541,1.4522795677185059
014_brown,put the brown cylinder on the tray,16,1,346,14.158,1788423686.998661,00015_front_put_the_brown_cylinder_on_the_tray.png,00015_wrist_put_the_brown_cylinder_on_the_tray.png,recap.png,50,10,380,381,-4.923076923076923,-81.97802197802197,70.37362637362638,70.50549450549451,-3.4725274725274726,1.7123287671232876,-5.202503204345703,-103.59102630615234,89.36590576171875,78.02407836914062,-2.575995445251465,1.5224151611328125
014_brown,put the brown cylinder on the tray,16,1,346,14.158,1788423686.998661,00015_front_put_the_brown_cylinder_on_the_tray.png,00015_wrist_put_the_brown_cylinder_on_the_tray.png,recap.png,50,11,381,382,-4.923076923076923,-81.97802197802197,70.37362637362638,70.50549450549451,-3.4725274725274726,1.7123287671232876,-5.323259353637695,-103.53312683105469,89.40994262695312,77.87963104248047,-2.52133846282959,1.374018907546997
014_brown,put the brown cylinder on the tray,16,1,346,14.158,1788423686.998661,00015_front_put_the_brown_cylinder_on_the_tray.png,00015_wrist_put_the_brown_cylinder_on_the_tray.png,recap.png,50,12,382,383,-4.923076923076923,-81.97802197802197,70.37362637362638,70.50549450549451,-3.4725274725274726,1.7123287671232876,-5.156898498535156,-104.08959197998047,89.9766845703125,77.93382263183594,-2.4325103759765625,1.4003791809082031
014_brown,put the brown cylinder on the tray,16,1,346,14.158,1788423686.998661,00015_front_put_the_brown_cylinder_on_the_tray.png,00015_wrist_put_the_brown_cylinder_on_the_tray.png,recap.png,50,13,383,384,-4.923076923076923,-81.97802197802197,70.37362637362638,70.50549450549451,-3.4725274725274726,1.7123287671232876,-5.15538215637207,-103.1363754272461,89.445068359375,77.88607788085938,-2.530594825744629,1.442270040512085
014_brown,put the brown cylinder on the tray,16,1,346,14.158,1788423686.998661,00015_front_put_the_brown_cylinder_on_the_tray.png,00015_wrist_put_the_brown_cylinder_on_the_tray.png,recap.png,50,14,384,385,-4.923076923076923,-81.97802197802197,70.37362637362638,70.50549450549451,-3.4725274725274726,1.7123287671232876,-5.206506729125977,-103.31983184814453,89.4599609375,77.92985534667969,-2.449777603149414,1.4216282367706299
014_brown,put the brown cylinder on the tray,16,1,346,14.158,1788423686.998661,00015_front_put_the_brown_cylinder_on_the_tray.png,00015_wrist_put_the_brown_cylinder_on_the_tray.png,recap.png,50,15,385,386,-4.923076923076923,-81.97802197802197,70.37362637362638,70.50549450549451,-3.4725274725274726,1.7123287671232876,-5.2553253173828125,-103.56448364257812,89.60113525390625,77.95643615722656,-2.4045228958129883,1.3166725635528564
014_brown,put the brown cylinder on the tray,16,1,346,14.158,1788423686.998661,00015_front_put_the_brown_cylinder_on_the_tray.png,00015_wrist_put_the_brown_cylinder_on_the_tray.png,recap.png,50,16,386,387,-4.923076923076923,-81.97802197802197,70.37362637362638,70.50549450549451,-3.4725274725274726,1.7123287671232876,-5.12144660949707,-103.53450775146484,89.5611572265625,77.96849060058594,-2.4635725021362305,1.459916591644287
014_brown,put the brown cylinder on the tray,16,1,346,14.158,1788423686.998661,00015_front_put_the_brown_cylinder_on_the_tray.png,00015_wrist_put_the_brown_cylinder_on_the_tray.png,recap.png,50,17,387,388,-4.923076923076923,-81.97802197802197,70.37362637362638,70.50549450549451,-3.4725274725274726,1.7123287671232876,-5.004264831542969,-103.64546203613281,89.59944152832031,77.86115264892578,-2.6112184524536133,1.4080042839050293
014_brown,put the brown cylinder on the tray,16,1,346,14.158,1788423686.998661,00015_front_put_the_brown_cylinder_on_the_tray.png,00015_wrist_put_the_brown_cylinder_on_the_tray.png,recap.png,50,18,388,389,-4.923076923076923,-81.97802197802197,70.37362637362638,70.50549450549451,-3.4725274725274726,1.7123287671232876,-5.110713958740234,-103.33448791503906,89.41082763671875,77.94982147216797,-2.54495906829834,1.5113708972930908
014_brown,put the brown cylinder on the tray,16,1,346,14.158,1788423686.998661,00015_front_put_the_brown_cylinder_on_the_tray.png,00015_wrist_put_the_brown_cylinder_on_the_tray.png,recap.png,50,19,389,390,-4.923076923076923,-81.97802197802197,70.37362637362638,70.50549450549451,-3.4725274725274726,1.7123287671232876,-5.290718078613281,-103.53898620605469,89.61488342285156,78.02952575683594,-2.4708242416381836,1.257539987564087
014_brown,put the brown cylinder on the tray,16,1,346,14.158,1788423686.998661,00015_front_put_the_brown_cylinder_on_the_tray.png,00015_wrist_put_the_brown_cylinder_on_the_tray.png,recap.png,50,20,390,391,-4.923076923076923,-81.97802197802197,70.37362637362638,70.50549450549451,-3.4725274725274726,1.7123287671232876,-4.983427047729492,-103.35701751708984,89.64433288574219,77.92739868164062,-2.4910287857055664,1.3465943336486816
014_brown,put the brown cylinder on the tray,16,1,346,14.158,1788423686.998661,00015_front_put_the_brown_cylinder_on_the_tray.png,00015_wrist_put_the_brown_cylinder_on_the_tray.png,recap.png,50,21,391,392,-4.923076923076923,-81.97802197802197,70.37362637362638,70.50549450549451,-3.4725274725274726,1.7123287671232876,-5.152044296264648,-103.67547607421875,89.67503356933594,77.98062133789062,-2.427806854248047,1.3794314861297607
014_brown,put the brown cylinder on the tray,16,1,346,14.158,1788423686.998661,00015_front_put_the_brown_cylinder_on_the_tray.png,00015_wrist_put_the_brown_cylinder_on_the_tray.png,recap.png,50,22,392,393,-4.923076923076923,-81.97802197802197,70.37362637362638,70.50549450549451,-3.4725274725274726,1.7123287671232876,-5.134220123291016,-103.35734558105469,89.44734191894531,78.09715270996094,-2.433389663696289,1.3788940906524658
014_brown,put the brown cylinder on the tray,16,1,346,14.158,1788423686.998661,00015_front_put_the_brown_cylinder_on_the_tray.png,00015_wrist_put_the_brown_cylinder_on_the_tray.png,recap.png,50,23,393,394,-4.923076923076923,-81.97802197802197,70.37362637362638,70.50549450549451,-3.4725274725274726,1.7123287671232876,-5.165887832641602,-103.21179962158203,89.71797180175781,77.86751556396484,-2.4482622146606445,1.471869945526123
014_brown,put the brown cylinder on the tray,16,1,346,14.158,1788423686.998661,00015_front_put_the_brown_cylinder_on_the_tray.png,00015_wrist_put_the_brown_cylinder_on_the_tray.png,recap.png,50,24,394,395,-4.923076923076923,-81.97802197802197,70.37362637362638,70.50549450549451,-3.4725274725274726,1.7123287671232876,-5.330453872680664,-103.45252227783203,89.48956298828125,77.8698501586914,-2.4967737197875977,1.2677502632141113
014_brown,put the brown cylinder on the tray,16,1,346,14.158,1788423686.998661,00015_front_put_the_brown_cylinder_on_the_tray.png,00015_wrist_put_the_brown_cylinder_on_the_tray.png,recap.png,50,25,395,396,-4.923076923076923,-81.97802197802197,70.37362637362638,70.50549450549451,-3.4725274725274726,1.7123287671232876,-5.211713790893555,-103.19184112548828,89.9066162109375,78.07098388671875,-2.3973779678344727,1.3563597202301025
014_brown,put the brown cylinder on the tray,17,0,369,15.095,1788423687.9399388,00016_front_put_the_brown_cylinder_on_the_tray.png,00016_wrist_put_the_brown_cylinder_on_the_tray.png,recap.png,50,0,396,397,-4.043956043956044,-74.24175824175825,64.3076923076923,71.12087912087912,-3.2967032967032965,1.1643835616438356,-5.0330352783203125,-104.33548736572266,86.89190673828125,78.09056091308594,-2.209902763366699,0.9697926640510559
014_brown,put the brown cylinder on the tray,17,0,369,15.095,1788423687.9399388,00016_front_put_the_brown_cylinder_on_the_tray.png,00016_wrist_put_the_brown_cylinder_on_the_tray.png,recap.png,50,1,397,398,-4.043956043956044,-74.24175824175825,64.3076923076923,71.12087912087912,-3.2967032967032965,1.1643835616438356,-5.348249435424805,-104.39814758300781,87.1317138671875,78.0556411743164,-1.9097528457641602,0.9692052602767944
014_brown,put the brown cylinder on the tray,17,0,369,15.095,1788423687.9399388,00016_front_put_the_brown_cylinder_on_the_tray.png,00016_wrist_put_the_brown_cylinder_on_the_tray.png,recap.png,50,2,398,399,-4.043956043956044,-74.24175824175825,64.3076923076923,71.12087912087912,-3.2967032967032965,1.1643835616438356,-4.921875,-104.80162811279297,87.46702575683594,78.18278503417969,-1.7895231246948242,0.8662804365158081
014_brown,put the brown cylinder on the tray,17,0,369,15.095,1788423687.9399388,00016_front_put_the_brown_cylinder_on_the_tray.png,00016_wrist_put_the_brown_cylinder_on_the_tray.png,recap.png,50,3,399,400,-4.043956043956044,-74.24175824175825,64.3076923076923,71.12087912087912,-3.2967032967032965,1.1643835616438356,-4.870174407958984,-103.44109344482422,87.85360717773438,78.16097259521484,-1.3979272842407227,0.8760064840316772
014_brown,put the brown cylinder on the tray,17,0,369,15.095,1788423687.9399388,00016_front_put_the_brown_cylinder_on_the_tray.png,00016_wrist_put_the_brown_cylinder_on_the_tray.png,recap.png,50,4,400,401,-4.043956043956044,-74.24175824175825,64.3076923076923,71.12087912087912,-3.2967032967032965,1.1643835616438356,-4.760122299194336,-103.35511016845703,87.63346862792969,78.28312683105469,-1.2587003707885742,0.8478320837020874
014_brown,put the brown cylinder on the tray,17,0,369,15.095,1788423687.9399388,00016_front_put_the_brown_cylinder_on_the_tray.png,00016_wrist_put_the_brown_cylinder_on_the_tray.png,recap.png,50,5,401,402,-4.043956043956044,-74.24175824175825,64.3076923076923,71.12087912087912,-3.2967032967032965,1.1643835616438356,-4.834514617919922,-103.5860824584961,88.08912658691406,78.039306640625,-1.309809684753418,0.9518318176269531
014_brown,put the brown cylinder on the tray,17,0,369,15.095,1788423687.9399388,00016_front_put_the_brown_cylinder_on_the_tray.png,00016_wrist_put_the_brown_cylinder_on_the_tray.png,recap.png,50,6,402,403,-4.043956043956044,-74.24175824175825,64.3076923076923,71.12087912087912,-3.2967032967032965,1.1643835616438356,-4.89720344543457,-104.46111297607422,88.12155151367188,78.20870971679688,-1.139974594116211,0.9273377060890198
014_brown,put the brown cylinder on the tray,17,0,369,15.095,1788423687.9399388,00016_front_put_the_brown_cylinder_on_the_tray.png,00016_wrist_put_the_brown_cylinder_on_the_tray.png,recap.png,50,7,403,404,-4.043956043956044,-74.24175824175825,64.3076923076923,71.12087912087912,-3.2967032967032965,1.1643835616438356,-4.951438903808594,-103.63063049316406,87.76358032226562,78.23928833007812,-1.3557558059692383,0.9363138675689697
014_brown,put the brown cylinder on the tray,17,0,369,15.095,1788423687.9399388,00016_front_put_the_brown_cylinder_on_the_tray.png,00016_wrist_put_the_brown_cylinder_on_the_tray.png,recap.png,50,8,404,405,-4.043956043956044,-74.24175824175825,64.3076923076923,71.12087912087912,-3.2967032967032965,1.1643835616438356,-4.835517883300781,-103.96017456054688,88.3414306640625,78.29288482666016,-1.5489864349365234,0.8941075205802917
014_brown,put the brown cylinder on the tray,17,0,369,15.095,1788423687.9399388,00016_front_put_the_brown_cylinder_on_the_tray.png,00016_wrist_put_the_brown_cylinder_on_the_tray.png,recap.png,50,9,405,406,-4.043956043956044,-74.24175824175825,64.3076923076923,71.12087912087912,-3.2967032967032965,1.1643835616438356,-4.771829605102539,-103.45183563232422,88.52590942382812,78.4269790649414,-1.502274513244629,0.9085983037948608
014_brown,put the brown cylinder on the tray,17,0,369,15.095,1788423687.9399388,00016_front_put_the_brown_cylinder_on_the_tray.png,00016_wrist_put_the_brown_cylinder_on_the_tray.png,recap.png,50,10,406,407,-4.043956043956044,-74.24175824175825,64.3076923076923,71.12087912087912,-3.2967032967032965,1.1643835616438356,-4.716360092163086,-103.81725311279297,88.33555603027344,78.30743408203125,-1.4368696212768555,0.7727364301681519
014_brown,put the brown cylinder on the tray,17,0,369,15.095,1788423687.9399388,00016_front_put_the_brown_cylinder_on_the_tray.png,00016_wrist_put_the_brown_cylinder_on_the_tray.png,recap.png,50,11,407,408,-4.043956043956044,-74.24175824175825,64.3076923076923,71.12087912087912,-3.2967032967032965,1.1643835616438356,-4.808771133422852,-103.6956787109375,88.28555297851562,78.47674560546875,-1.4370250701904297,0.8095619678497314
014_brown,put the brown cylinder on the tray,17,0,369,15.095,1788423687.9399388,00016_front_put_the_brown_cylinder_on_the_tray.png,00016_wrist_put_the_brown_cylinder_on_the_tray.png,recap.png,50,12,408,409,-4.043956043956044,-74.24175824175825,64.3076923076923,71.12087912087912,-3.2967032967032965,1.1643835616438356,-4.7244720458984375,-103.0082015991211,88.31779479980469,78.4524154663086,-1.361093521118164,1.0626940727233887
014_brown,put the brown cylinder on the tray,17,0,369,15.095,1788423687.9399388,00016_front_put_the_brown_cylinder_on_the_tray.png,00016_wrist_put_the_brown_cylinder_on_the_tray.png,recap.png,50,13,409,410,-4.043956043956044,-74.24175824175825,64.3076923076923,71.12087912087912,-3.2967032967032965,1.1643835616438356,-4.834415435791016,-103.43494415283203,88.43234252929688,78.74909210205078,-1.5587749481201172,0.9851745963096619
014_brown,put the brown cylinder on the tray,17,0,369,15.095,1788423687.9399388,00016_front_put_the_brown_cylinder_on_the_tray.png,00016_wrist_put_the_brown_cylinder_on_the_tray.png,recap.png,50,14,410,411,-4.043956043956044,-74.24175824175825,64.3076923076923,71.12087912087912,-3.2967032967032965,1.1643835616438356,-4.908010482788086,-103.27241516113281,88.25901794433594,78.54386901855469,-1.5421180725097656,0.8749400973320007
014_brown,put the brown cylinder on the tray,17,0,369,15.095,1788423687.9399388,00016_front_put_the_brown_cylinder_on_the_tray.png,00016_wrist_put_the_brown_cylinder_on_the_tray.png,recap.png,50,15,411,412,-4.043956043956044,-74.24175824175825,64.3076923076923,71.12087912087912,-3.2967032967032965,1.1643835616438356,-5.133241653442383,-102.8378677368164,89.65402221679688,78.79066467285156,-1.3531684875488281,0.616468608379364
014_brown,put the brown cylinder on the tray,17,0,369,15.095,1788423687.9399388,00016_front_put_the_brown_cylinder_on_the_tray.png,00016_wrist_put_the_brown_cylinder_on_the_tray.png,recap.png,50,16,412,413,-4.043956043956044,-74.24175824175825,64.3076923076923,71.12087912087912,-3.2967032967032965,1.1643835616438356,-5.1588287353515625,-103.72904205322266,89.05197143554688,78.70521545410156,-1.405771255493164,0.9375332593917847
014_brown,put the brown cylinder on the tray,17,0,369,15.095,1788423687.9399388,00016_front_put_the_brown_cylinder_on_the_tray.png,00016_wrist_put_the_brown_cylinder_on_the_tray.png,recap.png,50,17,413,414,-4.043956043956044,-74.24175824175825,64.3076923076923,71.12087912087912,-3.2967032967032965,1.1643835616438356,-4.785421371459961,-103.02620697021484,88.52801513671875,78.53044128417969,-1.2896995544433594,0.8490992188453674
014_brown,put the brown cylinder on the tray,17,0,369,15.095,1788423687.9399388,00016_front_put_the_brown_cylinder_on_the_tray.png,00016_wrist_put_the_brown_cylinder_on_the_tray.png,recap.png,50,18,414,415,-4.043956043956044,-74.24175824175825,64.3076923076923,71.12087912087912,-3.2967032967032965,1.1643835616438356,-4.947225570678711,-103.58299255371094,89.26104736328125,78.61054992675781,-1.2968425750732422,0.8973172903060913
014_brown,put the brown cylinder on the tray,17,0,369,15.095,1788423687.9399388,00016_front_put_the_brown_cylinder_on_the_tray.png,00016_wrist_put_the_brown_cylinder_on_the_tray.png,recap.png,50,19,415,416,-4.043956043956044,-74.24175824175825,64.3076923076923,71.12087912087912,-3.2967032967032965,1.1643835616438356,-4.948572158813477,-103.4294662475586,89.10012817382812,78.59104919433594,-1.171457290649414,0.7563039660453796
014_brown,put the brown cylinder on the tray,17,0,369,15.095,1788423687.9399388,00016_front_put_the_brown_cylinder_on_the_tray.png,00016_wrist_put_the_brown_cylinder_on_the_tray.png,recap.png,50,20,416,417,-4.043956043956044,-74.24175824175825,64.3076923076923,71.12087912087912,-3.2967032967032965,1.1643835616438356,-5.014135360717773,-103.36885070800781,88.99594116210938,78.45761108398438,-1.17120361328125,0.9390913844108582
014_brown,put the brown cylinder on the tray,17,0,369,15.095,1788423687.9399388,00016_front_put_the_brown_cylinder_on_the_tray.png,00016_wrist_put_the_brown_cylinder_on_the_tray.png,recap.png,50,21,417,418,-4.043956043956044,-74.24175824175825,64.3076923076923,71.12087912087912,-3.2967032967032965,1.1643835616438356,-5.118679046630859,-103.43550872802734,89.61967468261719,78.37092590332031,-0.9698410034179688,0.7774533629417419
014_brown,put the brown cylinder on the tray,17,0,369,15.095,1788423687.9399388,00016_front_put_the_brown_cylinder_on_the_tray.png,00016_wrist_put_the_brown_cylinder_on_the_tray.png,recap.png,50,22,418,419,-4.043956043956044,-74.24175824175825,64.3076923076923,71.12087912087912,-3.2967032967032965,1.1643835616438356,-5.192838668823242,-103.3833236694336,89.83503723144531,78.4095458984375,-0.8354482650756836,0.7836722135543823
014_brown,put the brown cylinder on the tray,18,1,395,15.965,1788423688.803023,00017_front_put_the_brown_cylinder_on_the_tray.png,00017_wrist_put_the_brown_cylinder_on_the_tray.png,recap.png,50,0,419,420,-4.923076923076923,-102.28571428571429,89.36263736263736,76.48351648351648,-2.769230769230769,1.1643835616438356,-5.233860015869141,-102.39739990234375,89.74954223632812,77.63143157958984,-2.6521215438842773,0.9264805912971497
014_brown,put the brown cylinder on the tray,18,1,395,15.965,1788423688.803023,00017_front_put_the_brown_cylinder_on_the_tray.png,00017_wrist_put_the_brown_cylinder_on_the_tray.png,recap.png,50,1,420,421,-4.923076923076923,-102.28571428571429,89.36263736263736,76.48351648351648,-2.769230769230769,1.1643835616438356,-5.293285369873047,-102.24081420898438,89.43716430664062,77.54586029052734,-2.6523618698120117,0.9912256002426147
014_brown,put the brown cylinder on the tray,18,1,395,15.965,1788423688.803023,00017_front_put_the_brown_cylinder_on_the_tray.png,00017_wrist_put_the_brown_cylinder_on_the_tray.png,recap.png,50,2,421,422,-4.923076923076923,-102.28571428571429,89.36263736263736,76.48351648351648,-2.769230769230769,1.1643835616438356,-5.280494689941406,-102.47603607177734,89.44215393066406,77.54818725585938,-2.732576370239258,0.9973765015602112
014_brown,put the brown cylinder on the tray,18,1,395,15.965,1788423688.803023,00017_front_put_the_brown_cylinder_on_the_tray.png,00017_wrist_put_the_brown_cylinder_on_the_tray.png,recap.png,50,3,422,423,-4.923076923076923,-102.28571428571429,89.36263736263736,76.48351648351648,-2.769230769230769,1.1643835616438356,-5.10917854309082,-102.36955261230469,89.44758605957031,77.51313781738281,-2.7032060623168945,1.0685018301010132
014_brown,put the brown cylinder on the tray,18,1,395,15.965,1788423688.803023,00017_front_put_the_brown_cylinder_on_the_tray.png,00017_wrist_put_the_brown_cylinder_on_the_tray.png,recap.png,50,4,423,424,-4.923076923076923,-102.28571428571429,89.36263736263736,76.48351648351648,-2.769230769230769,1.1643835616438356,-5.148983001708984,-102.36140441894531,90.22648620605469,77.73622131347656,-2.709567070007324,1.0154191255569458
014_brown,put the brown cylinder on the tray,18,1,395,15.965,1788423688.803023,00017_front_put_the_brown_cylinder_on_the_tray.png,00017_wrist_put_the_brown_cylinder_on_the_tray.png,recap.png,50,5,424,425,-4.923076923076923,-102.28571428571429,89.36263736263736,76.48351648351648,-2.769230769230769,1.1643835616438356,-5.173828125,-101.85104370117188,89.58843994140625,77.54489135742188,-2.694520950317383,1.0776617527008057
014_brown,put the brown cylinder on the tray,18,1,395,15.965,1788423688.803023,00017_front_put_the_brown_cylinder_on_the_tray.png,00017_wrist_put_the_brown_cylinder_on_the_tray.png,recap.png,50,6,425,426,-4.923076923076923,-102.28571428571429,89.36263736263736,76.48351648351648,-2.769230769230769,1.1643835616438356,-5.150974273681641,-102.27655029296875,90.03016662597656,77.68934631347656,-2.754598617553711,1.1569221019744873
014_brown,put the brown cylinder on the tray,18,1,395,15.965,1788423688.803023,00017_front_put_the_brown_cylinder_on_the_tray.png,00017_wrist_put_the_brown_cylinder_on_the_tray.png,recap.png,50,7,426,427,-4.923076923076923,-102.28571428571429,89.36263736263736,76.48351648351648,-2.769230769230769,1.1643835616438356,-5.258565902709961,-102.4671859741211,89.82064819335938,77.57315063476562,-2.6903629302978516,1.0428946018218994
014_brown,put the brown cylinder on the tray,18,1,395,15.965,1788423688.803023,00017_front_put_the_brown_cylinder_on_the_tray.png,00017_wrist_put_the_brown_cylinder_on_the_tray.png,recap.png,50,8,427,428,-4.923076923076923,-102.28571428571429,89.36263736263736,76.48351648351648,-2.769230769230769,1.1643835616438356,-5.274816513061523,-102.03668975830078,90.29559326171875,77.66690063476562,-2.749270439147949,1.1689486503601074
014_brown,put the brown cylinder on the tray,18,1,395,15.965,1788423688.803023,00017_front_put_the_brown_cylinder_on_the_tray.png,00017_wrist_put_the_brown_cylinder_on_the_tray.png,recap.png,50,9,428,429,-4.923076923076923,-102.28571428571429,89.36263736263736,76.48351648351648,-2.769230769230769,1.1643835616438356,-5.264432907104492,-102.26431274414062,89.97518920898438,77.56685638427734,-2.7301530838012695,1.0004174709320068
014_brown,put the brown cylinder on the tray,18,1,395,15.965,1788423688.803023,00017_front_put_the_brown_cylinder_on_the_tray.png,00017_wrist_put_the_brown_cylinder_on_the_tray.png,recap.png,50,10,429,430,-4.923076923076923,-102.28571428571429,89.36263736263736,76.48351648351648,-2.769230769230769,1.1643835616438356,-5.390605926513672,-101.78702545166016,89.70530700683594,77.6988525390625,-2.7616405487060547,1.0098726749420166
014_brown,put the brown cylinder on the tray,18,1,395,15.965,1788423688.803023,00017_front_put_the_brown_cylinder_on_the_tray.png,00017_wrist_put_the_brown_cylinder_on_the_tray.png,recap.png,50,11,430,431,-4.923076923076923,-102.28571428571429,89.36263736263736,76.48351648351648,-2.769230769230769,1.1643835616438356,-5.357666015625,-101.76881408691406,90.45281982421875,77.754638671875,-2.7284927368164062,1.265197992324829
014_brown,put the brown cylinder on the tray,18,1,395,15.965,1788423688.803023,00017_front_put_the_brown_cylinder_on_the_tray.png,00017_wrist_put_the_brown_cylinder_on_the_tray.png,recap.png,50,12,431,432,-4.923076923076923,-102.28571428571429,89.36263736263736,76.48351648351648,-2.769230769230769,1.1643835616438356,-5.337629318237305,-101.71121978759766,90.23947143554688,77.53308868408203,-2.6820898056030273,1.1204607486724854
014_brown,put the brown cylinder on the tray,18,1,395,15.965,1788423688.803023,00017_front_put_the_brown_cylinder_on_the_tray.png,00017_wrist_put_the_brown_cylinder_on_the_tray.png,recap.png,50,13,432,433,-4.923076923076923,-102.28571428571429,89.36263736263736,76.48351648351648,-2.769230769230769,1.1643835616438356,-5.588705062866211,-101.63429260253906,90.25001525878906,77.53819274902344,-2.714362144470215,0.9843089580535889
014_brown,put the brown cylinder on the tray,18,1,395,15.965,1788423688.803023,00017_front_put_the_brown_cylinder_on_the_tray.png,00017_wrist_put_the_brown_cylinder_on_the_tray.png,recap.png,50,14,433,434,-4.923076923076923,-102.28571428571429,89.36263736263736,76.48351648351648,-2.769230769230769,1.1643835616438356,-5.5398712158203125,-101.18199157714844,90.14041137695312,77.62073516845703,-2.702944755554199,1.0998488664627075
014_brown,put the brown cylinder on the tray,18,1,395,15.965,1788423688.803023,00017_front_put_the_brown_cylinder_on_the_tray.png,00017_wrist_put_the_brown_cylinder_on_the_tray.png,recap.png,50,15,434,435,-4.923076923076923,-102.28571428571429,89.36263736263736,76.48351648351648,-2.769230769230769,1.1643835616438356,-5.247385025024414,-102.2659912109375,90.26620483398438,77.41139221191406,-2.633983612060547,0.9590745568275452
014_brown,put the brown cylinder on the tray,18,1,395,15.965,1788423688.803023,00017_front_put_the_brown_cylinder_on_the_tray.png,00017_wrist_put_the_brown_cylinder_on_the_tray.png,recap.png,50,16,435,436,-4.923076923076923,-102.28571428571429,89.36263736263736,76.48351648351648,-2.769230769230769,1.1643835616438356,-5.4167633056640625,-102.06832885742188,90.30461120605469,77.52828216552734,-2.648733139038086,1.1231565475463867
014_brown,put the brown cylinder on the tray,18,1,395,15.965,1788423688.803023,00017_front_put_the_brown_cylinder_on_the_tray.png,00017_wrist_put_the_brown_cylinder_on_the_tray.png,recap.png,50,17,436,437,-4.923076923076923,-102.28571428571429,89.36263736263736,76.48351648351648,-2.769230769230769,1.1643835616438356,-5.292079925537109,-101.76024627685547,90.05305480957031,77.55712890625,-2.62060546875,1.0673813819885254
014_brown,put the brown cylinder on the tray,18,1,395,15.965,1788423688.803023,00017_front_put_the_brown_cylinder_on_the_tray.png,00017_wrist_put_the_brown_cylinder_on_the_tray.png,recap.png,50,18,437,438,-4.923076923076923,-102.28571428571429,89.36263736263736,76.48351648351648,-2.769230769230769,1.1643835616438356,-5.440191268920898,-101.48814392089844,90.19300842285156,77.63606262207031,-2.6955366134643555,0.9092430472373962
014_brown,put the brown cylinder on the tray,18,1,395,15.965,1788423688.803023,00017_front_put_the_brown_cylinder_on_the_tray.png,00017_wrist_put_the_brown_cylinder_on_the_tray.png,recap.png,50,19,438,439,-4.923076923076923,-102.28571428571429,89.36263736263736,76.48351648351648,-2.769230769230769,1.1643835616438356,-5.234371185302734,-101.93354034423828,90.47158813476562,77.5169906616211,-2.6161537170410156,1.102149486541748
014_brown,put the brown cylinder on the tray,18,1,395,15.965,1788423688.803023,00017_front_put_the_brown_cylinder_on_the_tray.png,00017_wrist_put_the_brown_cylinder_on_the_tray.png,recap.png,50,20,439,440,-4.923076923076923,-102.28571428571429,89.36263736263736,76.48351648351648,-2.769230769230769,1.1643835616438356,-5.265626907348633,-101.9996109008789,89.45443725585938,77.53539276123047,-2.633852958679199,1.2000524997711182
014_brown,put the brown cylinder on the tray,18,1,395,15.965,1788423688.803023,00017_front_put_the_brown_cylinder_on_the_tray.png,00017_wrist_put_the_brown_cylinder_on_the_tray.png,recap.png,50,21,440,441,-4.923076923076923,-102.28571428571429,89.36263736263736,76.48351648351648,-2.769230769230769,1.1643835616438356,-5.315128326416016,-101.56465911865234,90.19075012207031,77.5466079711914,-2.670602798461914,1.0279662609100342
014_brown,put the brown cylinder on the tray,18,1,395,15.965,1788423688.803023,00017_front_put_the_brown_cylinder_on_the_tray.png,00017_wrist_put_the_brown_cylinder_on_the_tray.png,recap.png,50,22,441,442,-4.923076923076923,-102.28571428571429,89.36263736263736,76.48351648351648,-2.769230769230769,1.1643835616438356,-5.466667175292969,-101.90042877197266,89.96044921875,77.4669189453125,-2.630204200744629,1.076249122619629
014_brown,put the brown cylinder on the tray,18,1,395,15.965,1788423688.803023,00017_front_put_the_brown_cylinder_on_the_tray.png,00017_wrist_put_the_brown_cylinder_on_the_tray.png,recap.png,50,23,442,443,-4.923076923076923,-102.28571428571429,89.36263736263736,76.48351648351648,-2.769230769230769,1.1643835616438356,-5.486333847045898,-101.34844207763672,90.11564636230469,77.37849426269531,-2.714657783508301,1.0588915348052979
014_brown,put the brown cylinder on the tray,18,1,395,15.965,1788423688.803023,00017_front_put_the_brown_cylinder_on_the_tray.png,00017_wrist_put_the_brown_cylinder_on_the_tray.png,recap.png,50,24,443,444,-4.923076923076923,-102.28571428571429,89.36263736263736,76.48351648351648,-2.769230769230769,1.1643835616438356,-5.443546295166016,-101.8274154663086,89.69300842285156,77.41944885253906,-2.6311521530151367,0.992710530757904
014_brown,put the brown cylinder on the tray,19,1,418,16.767,1788423689.6061835,00018_front_put_the_brown_cylinder_on_the_tray.png,00018_wrist_put_the_brown_cylinder_on_the_tray.png,recap.png,50,0,444,445,-4.923076923076923,-102.28571428571429,89.36263736263736,76.83516483516483,-1.7142857142857142,1.095890410958904,-5.286172866821289,-101.5186996459961,89.59904479980469,77.55010223388672,-1.8017852306365967,1.0929473638534546
014_brown,put the brown cylinder on the tray,19,1,418,16.767,1788423689.6061835,00018_front_put_the_brown_cylinder_on_the_tray.png,00018_wrist_put_the_brown_cylinder_on_the_tray.png,recap.png,50,1,445,446,-4.923076923076923,-102.28571428571429,89.36263736263736,76.83516483516483,-1.7142857142857142,1.095890410958904,-5.375759124755859,-101.82648468017578,89.45086669921875,77.46382904052734,-1.3989067077636719,1.0590784549713135
014_brown,put the brown cylinder on the tray,19,1,418,16.767,1788423689.6061835,00018_front_put_the_brown_cylinder_on_the_tray.png,00018_wrist_put_the_brown_cylinder_on_the_tray.png,recap.png,50,2,446,447,-4.923076923076923,-102.28571428571429,89.36263736263736,76.83516483516483,-1.7142857142857142,1.095890410958904,-5.165304183959961,-101.88884735107422,89.30177307128906,77.60774993896484,-1.372610092163086,1.1435656547546387
014_brown,put the brown cylinder on the tray,19,1,418,16.767,1788423689.6061835,00018_front_put_the_brown_cylinder_on_the_tray.png,00018_wrist_put_the_brown_cylinder_on_the_tray.png,recap.png,50,3,447,448,-4.923076923076923,-102.28571428571429,89.36263736263736,76.83516483516483,-1.7142857142857142,1.095890410958904,-5.052347183227539,-101.58338928222656,89.26370239257812,77.3638916015625,-1.3797578811645508,1.1795766353607178
014_brown,put the brown cylinder on the tray,19,1,418,16.767,1788423689.6061835,00018_front_put_the_brown_cylinder_on_the_tray.png,00018_wrist_put_the_brown_cylinder_on_the_tray.png,recap.png,50,4,448,449,-4.923076923076923,-102.28571428571429,89.36263736263736,76.83516483516483,-1.7142857142857142,1.095890410958904,-4.977787017822266,-102.3101806640625,89.37922668457031,77.42964172363281,-1.3950738906860352,1.0482648611068726
014_brown,put the brown cylinder on the tray,19,1,418,16.767,1788423689.6061835,00018_front_put_the_brown_cylinder_on_the_tray.png,00018_wrist_put_the_brown_cylinder_on_the_tray.png,recap.png,50,5,449,450,-4.923076923076923,-102.28571428571429,89.36263736263736,76.83516483516483,-1.7142857142857142,1.095890410958904,-4.986980438232422,-101.75740051269531,89.16175842285156,77.3914566040039,-1.3276147842407227,1.1417546272277832
014_brown,put the brown cylinder on the tray,19,1,418,16.767,1788423689.6061835,00018_front_put_the_brown_cylinder_on_the_tray.png,00018_wrist_put_the_brown_cylinder_on_the_tray.png,recap.png,50,6,450,451,-4.923076923076923,-102.28571428571429,89.36263736263736,76.83516483516483,-1.7142857142857142,1.095890410958904,-4.991096496582031,-102.29072570800781,89.57603454589844,77.54483795166016,-1.3832015991210938,1.1614701747894287
014_brown,put the brown cylinder on the tray,19,1,418,16.767,1788423689.6061835,00018_front_put_the_brown_cylinder_on_the_tray.png,00018_wrist_put_the_brown_cylinder_on_the_tray.png,recap.png,50,7,451,452,-4.923076923076923,-102.28571428571429,89.36263736263736,76.83516483516483,-1.7142857142857142,1.095890410958904,-5.058813095092773,-101.76995849609375,89.63677978515625,77.40571594238281,-1.440199851989746,1.1623623371124268
014_brown,put the brown cylinder on the tray,19,1,418,16.767,1788423689.6061835,00018_front_put_the_brown_cylinder_on_the_tray.png,00018_wrist_put_the_brown_cylinder_on_the_tray.png,recap.png,50,8,452,453,-4.923076923076923,-102.28571428571429,89.36263736263736,76.83516483516483,-1.7142857142857142,1.095890410958904,-5.291477203369141,-102.0693588256836,89.3431396484375,77.45760345458984,-1.4527502059936523,1.1640946865081787
014_brown,put the brown cylinder on the tray,19,1,418,16.767,1788423689.6061835,00018_front_put_the_brown_cylinder_on_the_tray.png,00018_wrist_put_the_brown_cylinder_on_the_tray.png,recap.png,50,9,453,454,-4.923076923076923,-102.28571428571429,89.36263736263736,76.83516483516483,-1.7142857142857142,1.095890410958904,-5.016716003417969,-102.10609436035156,89.2515869140625,77.43865966796875,-1.4541406631469727,1.0832347869873047
014_brown,put the brown cylinder on the tray,19,1,418,16.767,1788423689.6061835,00018_front_put_the_brown_cylinder_on_the_tray.png,00018_wrist_put_the_brown_cylinder_on_the_tray.png,recap.png,50,10,454,455,-4.923076923076923,-102.28571428571429,89.36263736263736,76.83516483516483,-1.7142857142857142,1.095890410958904,-5.068119049072266,-101.81373596191406,89.27236938476562,77.40725708007812,-1.4202032089233398,1.061387538909912
014_brown,put the brown cylinder on the tray,19,1,418,16.767,1788423689.6061835,00018_front_put_the_brown_cylinder_on_the_tray.png,00018_wrist_put_the_brown_cylinder_on_the_tray.png,recap.png,50,11,455,456,-4.923076923076923,-102.28571428571429,89.36263736263736,76.83516483516483,-1.7142857142857142,1.095890410958904,-5.16131591796875,-101.50909423828125,89.45700073242188,77.49462890625,-1.3385677337646484,1.2310948371887207
014_brown,put the brown cylinder on the tray,19,1,418,16.767,1788423689.6061835,00018_front_put_the_brown_cylinder_on_the_tray.png,00018_wrist_put_the_brown_cylinder_on_the_tray.png,recap.png,50,12,456,457,-4.923076923076923,-102.28571428571429,89.36263736263736,76.83516483516483,-1.7142857142857142,1.095890410958904,-5.167581558227539,-101.80500793457031,89.43019104003906,77.53779602050781,-1.3406686782836914,1.0603116750717163
014_brown,put the brown cylinder on the tray,19,1,418,16.767,1788423689.6061835,00018_front_put_the_brown_cylinder_on_the_tray.png,00018_wrist_put_the_brown_cylinder_on_the_tray.png,recap.png,50,13,457,458,-4.923076923076923,-102.28571428571429,89.36263736263736,76.83516483516483,-1.7142857142857142,1.095890410958904,-5.14942741394043,-102.0390853881836,89.59878540039062,77.49131774902344,-1.4720163345336914,1.151106834411621
014_brown,put the brown cylinder on the tray,19,1,418,16.767,1788423689.6061835,00018_front_put_the_brown_cylinder_on_the_tray.png,00018_wrist_put_the_brown_cylinder_on_the_tray.png,recap.png,50,14,458,459,-4.923076923076923,-102.28571428571429,89.36263736263736,76.83516483516483,-1.7142857142857142,1.095890410958904,-5.168523788452148,-101.4016342163086,89.70103454589844,77.42729949951172,-1.3575468063354492,1.0234606266021729
014_brown,put the brown cylinder on the tray,19,1,418,16.767,1788423689.6061835,00018_front_put_the_brown_cylinder_on_the_tray.png,00018_wrist_put_the_brown_cylinder_on_the_tray.png,recap.png,50,15,459,460,-4.923076923076923,-102.28571428571429,89.36263736263736,76.83516483516483,-1.7142857142857142,1.095890410958904,-5.097660064697266,-102.17028045654297,89.92692565917969,77.48358917236328,-1.3843059539794922,1.1652131080627441
014_brown,put the brown cylinder on the tray,19,1,418,16.767,1788423689.6061835,00018_front_put_the_brown_cylinder_on_the_tray.png,00018_wrist_put_the_brown_cylinder_on_the_tray.png,recap.png,50,16,460,461,-4.923076923076923,-102.28571428571429,89.36263736263736,76.83516483516483,-1.7142857142857142,1.095890410958904,-5.227024078369141,-101.55912780761719,89.50396728515625,77.50776672363281,-1.4020023345947266,1.0599749088287354
014_brown,put the brown cylinder on the tray,19,1,418,16.767,1788423689.6061835,00018_front_put_the_brown_cylinder_on_the_tray.png,00018_wrist_put_the_brown_cylinder_on_the_tray.png,recap.png,50,17,461,462,-4.923076923076923,-102.28571428571429,89.36263736263736,76.83516483516483,-1.7142857142857142,1.095890410958904,-5.310131072998047,-101.8585433959961,89.42436218261719,77.31991577148438,-1.4350929260253906,1.0824764966964722
014_brown,put the brown cylinder on the tray,19,1,418,16.767,1788423689.6061835,00018_front_put_the_brown_cylinder_on_the_tray.png,00018_wrist_put_the_brown_cylinder_on_the_tray.png,recap.png,50,18,462,463,-4.923076923076923,-102.28571428571429,89.36263736263736,76.83516483516483,-1.7142857142857142,1.095890410958904,-5.470611572265625,-101.14447021484375,89.39842224121094,77.70670318603516,-1.3476839065551758,1.2076692581176758
014_brown,put the brown cylinder on the tray,19,1,418,16.767,1788423689.6061835,00018_front_put_the_brown_cylinder_on_the_tray.png,00018_wrist_put_the_brown_cylinder_on_the_tray.png,recap.png,50,19,463,464,-4.923076923076923,-102.28571428571429,89.36263736263736,76.83516483516483,-1.7142857142857142,1.095890410958904,-5.521522521972656,-102.11527252197266,90.177734375,77.36270141601562,-1.426870346069336,1.2097222805023193
