episode_dir,task,chunk_id,must_go,input_timestep,input_elapsed,unix_ts,front_img,wrist_img,recap_img,returned_len,exec_index,exec_timestep,exec_action_n,in_shoulder_pan.pos,in_shoulder_lift.pos,in_elbow_flex.pos,in_wrist_flex.pos,in_wrist_roll.pos,in_gripper.pos,act_shoulder_pan.pos,act_shoulder_lift.pos,act_elbow_flex.pos,act_wrist_flex.pos,act_wrist_roll.pos,act_gripper.pos
083_cylinder,put the cylinder on the tray,1,1,0,0.0,1788428629.7999268,00000_front_put_the_cylinder_on_the_tray.png,00000_wrist_put_the_cylinder_on_the_tray.png,recap.png,50,0,0,1,-4.21978021978022,-101.93406593406593,92.17582417582418,74.9010989010989,-0.3956043956043956,0.4794520547945206,-4.29075813293457,-102.44646453857422,89.07051086425781,75.82965087890625,0.09988880157470703,0.22448360919952393
083_cylinder,put the cylinder on the tray,1,1,0,0.0,1788428629.7999268,00000_front_put_the_cylinder_on_the_tray.png,00000_wrist_put_the_cylinder_on_the_tray.png,recap.png,50,1,1,2,-4.21978021978022,-101.93406593406593,92.17582417582418,74.9010989010989,-0.3956043956043956,0.4794520547945206,-4.176534652709961,-102.2532958984375,88.76629638671875,75.87031555175781,-0.019112586975097656,0.18253107368946075
083_cylinder,put the cylinder on the tray,1,1,0,0.0,1788428629.7999268,00000_front_put_the_cylinder_on_the_tray.png,00000_wrist_put_the_cylinder_on_the_tray.png,recap.png,50,2,2,3,-4.21978021978022,-101.93406593406593,92.17582417582418,74.9010989010989,-0.3956043956043956,0.4794520547945206,-4.186004638671875,-102.81741333007812,88.58935546875,75.82032775878906,0.016402244567871094,0.23392711579799652
083_cylinder,put the cylinder on the tray,1,1,0,0.0,1788428629.7999268,00000_front_put_the_cylinder_on_the_tray.png,00000_wrist_put_the_cylinder_on_the_tray.png,recap.png,50,3,3,4,-4.21978021978022,-101.93406593406593,92.17582417582418,74.9010989010989,-0.3956043956043956,0.4794520547945206,-4.295930862426758,-103.03102111816406,89.66835021972656,75.82325744628906,-0.05528068542480469,0.22360733151435852
083_cylinder,put the cylinder on the tray,1,1,0,0.0,1788428629.7999268,00000_front_put_the_cylinder_on_the_tray.png,00000_wrist_put_the_cylinder_on_the_tray.png,recap.png,50,4,4,5,-4.21978021978022,-101.93406593406593,92.17582417582418,74.9010989010989,-0.3956043956043956,0.4794520547945206,-4.326190948486328,-102.9710922241211,89.08845520019531,75.67575073242188,-0.07901954650878906,0.23021599650382996
083_cylinder,put the cylinder on the tray,1,1,0,0.0,1788428629.7999268,00000_front_put_the_cylinder_on_the_tray.png,00000_wrist_put_the_cylinder_on_the_tray.png,recap.png,50,5,5,6,-4.21978021978022,-101.93406593406593,92.17582417582418,74.9010989010989,-0.3956043956043956,0.4794520547945206,-4.449445724487305,-102.5173110961914,89.13497924804688,75.81560516357422,0.035594940185546875,0.15363122522830963
083_cylinder,put the cylinder on the tray,1,1,0,0.0,1788428629.7999268,00000_front_put_the_cylinder_on_the_tray.png,00000_wrist_put_the_cylinder_on_the_tray.png,recap.png,50,6,6,7,-4.21978021978022,-101.93406593406593,92.17582417582418,74.9010989010989,-0.3956043956043956,0.4794520547945206,-4.567338943481445,-102.49815368652344,88.93118286132812,75.94828033447266,0.044838905334472656,0.11637017875909805
083_cylinder,put the cylinder on the tray,1,1,0,0.0,1788428629.7999268,00000_front_put_the_cylinder_on_the_tray.png,00000_wrist_put_the_cylinder_on_the_tray.png,recap.png,50,7,7,8,-4.21978021978022,-101.93406593406593,92.17582417582418,74.9010989010989,-0.3956043956043956,0.4794520547945206,-4.5898284912109375,-102.76244354248047,88.68434143066406,76.05709838867188,0.06346893310546875,0.28037676215171814
083_cylinder,put the cylinder on the tray,1,1,0,0.0,1788428629.7999268,00000_front_put_the_cylinder_on_the_tray.png,00000_wrist_put_the_cylinder_on_the_tray.png,recap.png,50,8,8,9,-4.21978021978022,-101.93406593406593,92.17582417582418,74.9010989010989,-0.3956043956043956,0.4794520547945206,-4.623737335205078,-102.67919158935547,89.42701721191406,76.17932891845703,0.0848388671875,0.1899331510066986
083_cylinder,put the cylinder on the tray,1,1,0,0.0,1788428629.7999268,00000_front_put_the_cylinder_on_the_tray.png,00000_wrist_put_the_cylinder_on_the_tray.png,recap.png,50,9,9,10,-4.21978021978022,-101.93406593406593,92.17582417582418,74.9010989010989,-0.3956043956043956,0.4794520547945206,-4.918510437011719,-102.21117401123047,89.0623779296875,76.10977935791016,0.09615325927734375,0.355104923248291
083_cylinder,put the cylinder on the tray,1,1,0,0.0,1788428629.7999268,00000_front_put_the_cylinder_on_the_tray.png,00000_wrist_put_the_cylinder_on_the_tray.png,recap.png,50,10,10,11,-4.21978021978022,-101.93406593406593,92.17582417582418,74.9010989010989,-0.3956043956043956,0.4794520547945206,-5.053426742553711,-101.9625244140625,88.66616821289062,76.27877044677734,0.13833236694335938,0.2062731683254242
083_cylinder,put the cylinder on the tray,1,1,0,0.0,1788428629.7999268,00000_front_put_the_cylinder_on_the_tray.png,00000_wrist_put_the_cylinder_on_the_tray.png,recap.png,50,11,11,12,-4.21978021978022,-101.93406593406593,92.17582417582418,74.9010989010989,-0.3956043956043956,0.4794520547945206,-5.273735046386719,-102.71090698242188,88.49197387695312,76.73252868652344,0.04732227325439453,0.24905522167682648
083_cylinder,put the cylinder on the tray,1,1,0,0.0,1788428629.7999268,00000_front_put_the_cylinder_on_the_tray.png,00000_wrist_put_the_cylinder_on_the_tray.png,recap.png,50,12,12,13,-4.21978021978022,-101.93406593406593,92.17582417582418,74.9010989010989,-0.3956043956043956,0.4794520547945206,-5.778421401977539,-102.40678405761719,88.74980163574219,76.69729614257812,-0.061214447021484375,0.13022370636463165
083_cylinder,put the cylinder on the tray,1,1,0,0.0,1788428629.7999268,00000_front_put_the_cylinder_on_the_tray.png,00000_wrist_put_the_cylinder_on_the_tray.png,recap.png,50,13,13,14,-4.21978021978022,-101.93406593406593,92.17582417582418,74.9010989010989,-0.3956043956043956,0.4794520547945206,-6.358180999755859,-102.0628890991211,88.184326171875,76.92120361328125,-0.2765216827392578,0.20311221480369568
083_cylinder,put the cylinder on the tray,1,1,0,0.0,1788428629.7999268,00000_front_put_the_cylinder_on_the_tray.png,00000_wrist_put_the_cylinder_on_the_tray.png,recap.png,50,14,14,15,-4.21978021978022,-101.93406593406593,92.17582417582418,74.9010989010989,-0.3956043956043956,0.4794520547945206,-7.289175033569336,-102.45697021484375,88.18775939941406,77.13574981689453,-0.6118850708007812,0.23300199210643768
083_cylinder,put the cylinder on the tray,1,1,0,0.0,1788428629.7999268,00000_front_put_the_cylinder_on_the_tray.png,00000_wrist_put_the_cylinder_on_the_tray.png,recap.png,50,15,15,16,-4.21978021978022,-101.93406593406593,92.17582417582418,74.9010989010989,-0.3956043956043956,0.4794520547945206,-8.229513168334961,-102.18856811523438,88.34478759765625,77.19631958007812,-1.187713623046875,0.26450303196907043
083_cylinder,put the cylinder on the tray,1,1,0,0.0,1788428629.7999268,00000_front_put_the_cylinder_on_the_tray.png,00000_wrist_put_the_cylinder_on_the_tray.png,recap.png,50,16,16,17,-4.21978021978022,-101.93406593406593,92.17582417582418,74.9010989010989,-0.3956043956043956,0.4794520547945206,-9.169055938720703,-102.16605377197266,87.37495422363281,77.26689147949219,-1.6635990142822266,0.21332579851150513
083_cylinder,put the cylinder on the tray,1,1,0,0.0,1788428629.7999268,00000_front_put_the_cylinder_on_the_tray.png,00000_wrist_put_the_cylinder_on_the_tray.png,recap.png,50,17,17,18,-4.21978021978022,-101.93406593406593,92.17582417582418,74.9010989010989,-0.3956043956043956,0.4794520547945206,-10.182289123535156,-101.71927642822266,87.857421875,77.26141357421875,-2.222825050354004,0.2971968650817871
083_cylinder,put the cylinder on the tray,1,1,0,0.0,1788428629.7999268,00000_front_put_the_cylinder_on_the_tray.png,00000_wrist_put_the_cylinder_on_the_tray.png,recap.png,50,18,18,19,-4.21978021978022,-101.93406593406593,92.17582417582418,74.9010989010989,-0.3956043956043956,0.4794520547945206,-10.943056106567383,-101.49507904052734,87.69424438476562,77.10501098632812,-2.6550750732421875,0.2166014313697815
083_cylinder,put the cylinder on the tray,1,1,0,0.0,1788428629.7999268,00000_front_put_the_cylinder_on_the_tray.png,00000_wrist_put_the_cylinder_on_the_tray.png,recap.png,50,19,19,20,-4.21978021978022,-101.93406593406593,92.17582417582418,74.9010989010989,-0.3956043956043956,0.4794520547945206,-11.613750457763672,-101.54698944091797,86.93356323242188,77.15927124023438,-3.7806873321533203,0.2546080946922302
083_cylinder,put the cylinder on the tray,1,1,0,0.0,1788428629.7999268,00000_front_put_the_cylinder_on_the_tray.png,00000_wrist_put_the_cylinder_on_the_tray.png,recap.png,50,20,20,21,-4.21978021978022,-101.93406593406593,92.17582417582418,74.9010989010989,-0.3956043956043956,0.4794520547945206,-12.116626739501953,-101.69812774658203,87.56300354003906,77.35771942138672,-4.555996894836426,0.32060542702674866
083_cylinder,put the cylinder on the tray,1,1,0,0.0,1788428629.7999268,00000_front_put_the_cylinder_on_the_tray.png,00000_wrist_put_the_cylinder_on_the_tray.png,recap.png,50,21,21,22,-4.21978021978022,-101.93406593406593,92.17582417582418,74.9010989010989,-0.3956043956043956,0.4794520547945206,-12.56153678894043,-101.5256118774414,87.08682250976562,77.35420227050781,-4.759230136871338,0.3497219681739807
083_cylinder,put the cylinder on the tray,1,1,0,0.0,1788428629.7999268,00000_front_put_the_cylinder_on_the_tray.png,00000_wrist_put_the_cylinder_on_the_tray.png,recap.png,50,22,22,23,-4.21978021978022,-101.93406593406593,92.17582417582418,74.9010989010989,-0.3956043956043956,0.4794520547945206,-13.334609985351562,-102.09757232666016,87.26969909667969,77.4112777709961,-5.2348856925964355,0.43122977018356323
083_cylinder,put the cylinder on the tray,1,1,0,0.0,1788428629.7999268,00000_front_put_the_cylinder_on_the_tray.png,00000_wrist_put_the_cylinder_on_the_tray.png,recap.png,50,23,23,24,-4.21978021978022,-101.93406593406593,92.17582417582418,74.9010989010989,-0.3956043956043956,0.4794520547945206,-13.691417694091797,-101.66967010498047,87.12721252441406,77.28258514404297,-5.269134044647217,0.4429473280906677
083_cylinder,put the cylinder on the tray,1,1,0,0.0,1788428629.7999268,00000_front_put_the_cylinder_on_the_tray.png,00000_wrist_put_the_cylinder_on_the_tray.png,recap.png,50,24,24,25,-4.21978021978022,-101.93406593406593,92.17582417582418,74.9010989010989,-0.3956043956043956,0.4794520547945206,-14.183345794677734,-101.65702056884766,86.80831909179688,77.53443908691406,-5.202833652496338,0.5583969950675964
083_cylinder,put the cylinder on the tray,1,1,0,0.0,1788428629.7999268,00000_front_put_the_cylinder_on_the_tray.png,00000_wrist_put_the_cylinder_on_the_tray.png,recap.png,50,25,25,26,-4.21978021978022,-101.93406593406593,92.17582417582418,74.9010989010989,-0.3956043956043956,0.4794520547945206,-14.511760711669922,-101.94050598144531,86.92584228515625,77.22152709960938,-5.2163190841674805,0.46037498116493225
083_cylinder,put the cylinder on the tray,1,1,0,0.0,1788428629.7999268,00000_front_put_the_cylinder_on_the_tray.png,00000_wrist_put_the_cylinder_on_the_tray.png,recap.png,50,26,26,27,-4.21978021978022,-101.93406593406593,92.17582417582418,74.9010989010989,-0.3956043956043956,0.4794520547945206,-14.889930725097656,-101.94954681396484,86.833251953125,77.22673034667969,-5.062184810638428,0.48304641246795654
083_cylinder,put the cylinder on the tray,1,1,0,0.0,1788428629.7999268,00000_front_put_the_cylinder_on_the_tray.png,00000_wrist_put_the_cylinder_on_the_tray.png,recap.png,50,27,27,28,-4.21978021978022,-101.93406593406593,92.17582417582418,74.9010989010989,-0.3956043956043956,0.4794520547945206,-15.010089874267578,-101.52587127685547,87.0250244140625,77.31175994873047,-4.889591693878174,0.5233441591262817
083_cylinder,put the cylinder on the tray,1,1,0,0.0,1788428629.7999268,00000_front_put_the_cylinder_on_the_tray.png,00000_wrist_put_the_cylinder_on_the_tray.png,recap.png,50,28,28,29,-4.21978021978022,-101.93406593406593,92.17582417582418,74.9010989010989,-0.3956043956043956,0.4794520547945206,-15.260082244873047,-101.7995834350586,87.02154541015625,77.2675552368164,-4.540502071380615,0.37173062562942505
083_cylinder,put the cylinder on the tray,1,1,0,0.0,1788428629.7999268,00000_front_put_the_cylinder_on_the_tray.png,00000_wrist_put_the_cylinder_on_the_tray.png,recap.png,50,29,29,30,-4.21978021978022,-101.93406593406593,92.17582417582418,74.9010989010989,-0.3956043956043956,0.4794520547945206,-15.248163223266602,-101.97998809814453,87.2772216796875,77.41963195800781,-4.459258556365967,0.6145917773246765
083_cylinder,put the cylinder on the tray,1,1,0,0.0,1788428629.7999268,00000_front_put_the_cylinder_on_the_tray.png,00000_wrist_put_the_cylinder_on_the_tray.png,recap.png,50,30,30,31,-4.21978021978022,-101.93406593406593,92.17582417582418,74.9010989010989,-0.3956043956043956,0.4794520547945206,-15.231952667236328,-101.7928466796875,86.91748046875,77.18262481689453,-4.24213981628418,0.4573552906513214
083_cylinder,put the cylinder on the tray,2,0,3,1.873,1788428631.675589,00001_front_put_the_cylinder_on_the_tray.png,00001_wrist_put_the_cylinder_on_the_tray.png,recap.png,50,0,31,32,-4.21978021978022,-101.75824175824175,91.2967032967033,75.34065934065934,-0.3956043956043956,0.273972602739726,-8.771139144897461,-101.95674133300781,88.31723022460938,77.3658676147461,-1.5080559253692627,0.2001715749502182
083_cylinder,put the cylinder on the tray,2,0,3,1.873,1788428631.675589,00001_front_put_the_cylinder_on_the_tray.png,00001_wrist_put_the_cylinder_on_the_tray.png,recap.png,50,1,32,33,-4.21978021978022,-101.75824175824175,91.2967032967033,75.34065934065934,-0.3956043956043956,0.273972602739726,-8.78427505493164,-101.4591293334961,88.11173248291016,77.32635498046875,-1.4924514293670654,0.2570563554763794
083_cylinder,put the cylinder on the tray,2,0,3,1.873,1788428631.675589,00001_front_put_the_cylinder_on_the_tray.png,00001_wrist_put_the_cylinder_on_the_tray.png,recap.png,50,2,33,34,-4.21978021978022,-101.75824175824175,91.2967032967033,75.34065934065934,-0.3956043956043956,0.273972602739726,-8.764354705810547,-101.74653625488281,88.27286529541016,77.40626525878906,-1.4761492013931274,0.19630855321884155
083_cylinder,put the cylinder on the tray,2,0,3,1.873,1788428631.675589,00001_front_put_the_cylinder_on_the_tray.png,00001_wrist_put_the_cylinder_on_the_tray.png,recap.png,50,3,34,35,-4.21978021978022,-101.75824175824175,91.2967032967033,75.34065934065934,-0.3956043956043956,0.273972602739726,-8.88320541381836,-101.97400665283203,88.01625061035156,77.35101318359375,-1.3814337253570557,0.21385282278060913
083_cylinder,put the cylinder on the tray,2,0,3,1.873,1788428631.675589,00001_front_put_the_cylinder_on_the_tray.png,00001_wrist_put_the_cylinder_on_the_tray.png,recap.png,50,4,35,36,-4.21978021978022,-101.75824175824175,91.2967032967033,75.34065934065934,-0.3956043956043956,0.273972602739726,-8.82241439819336,-102.08164978027344,88.23030090332031,77.19181060791016,-1.3988395929336548,0.2434985339641571
083_cylinder,put the cylinder on the tray,2,0,3,1.873,1788428631.675589,00001_front_put_the_cylinder_on_the_tray.png,00001_wrist_put_the_cylinder_on_the_tray.png,recap.png,50,5,36,37,-4.21978021978022,-101.75824175824175,91.2967032967033,75.34065934065934,-0.3956043956043956,0.273972602739726,-8.82154655456543,-101.80078887939453,87.96961975097656,77.32270812988281,-1.330739140510559,0.1741267442703247
083_cylinder,put the cylinder on the tray,2,0,3,1.873,1788428631.675589,00001_front_put_the_cylinder_on_the_tray.png,00001_wrist_put_the_cylinder_on_the_tray.png,recap.png,50,6,37,38,-4.21978021978022,-101.75824175824175,91.2967032967033,75.34065934065934,-0.3956043956043956,0.273972602739726,-8.81103515625,-101.77059936523438,88.20211791992188,77.3455810546875,-1.3168387413024902,0.25617676973342896
083_cylinder,put the cylinder on the tray,2,0,3,1.873,1788428631.675589,00001_front_put_the_cylinder_on_the_tray.png,00001_wrist_put_the_cylinder_on_the_tray.png,recap.png,50,7,38,39,-4.21978021978022,-101.75824175824175,91.2967032967033,75.34065934065934,-0.3956043956043956,0.273972602739726,-8.647314071655273,-101.7531967163086,87.95269012451172,77.31014251708984,-1.2496607303619385,0.2285369634628296
083_cylinder,put the cylinder on the tray,2,0,3,1.873,1788428631.675589,00001_front_put_the_cylinder_on_the_tray.png,00001_wrist_put_the_cylinder_on_the_tray.png,recap.png,50,8,39,40,-4.21978021978022,-101.75824175824175,91.2967032967033,75.34065934065934,-0.3956043956043956,0.273972602739726,-8.754566192626953,-101.91421508789062,88.60357666015625,77.25581359863281,-1.2371273040771484,0.15611951053142548
083_cylinder,put the cylinder on the tray,2,0,3,1.873,1788428631.675589,00001_front_put_the_cylinder_on_the_tray.png,00001_wrist_put_the_cylinder_on_the_tray.png,recap.png,50,9,40,41,-4.21978021978022,-101.75824175824175,91.2967032967033,75.34065934065934,-0.3956043956043956,0.273972602739726,-8.818002700805664,-101.9081802368164,88.07222747802734,77.25697326660156,-1.2317943572998047,0.28610074520111084
083_cylinder,put the cylinder on the tray,2,0,3,1.873,1788428631.675589,00001_front_put_the_cylinder_on_the_tray.png,00001_wrist_put_the_cylinder_on_the_tray.png,recap.png,50,10,41,42,-4.21978021978022,-101.75824175824175,91.2967032967033,75.34065934065934,-0.3956043956043956,0.273972602739726,-8.810575485229492,-101.73947143554688,87.89037322998047,77.302001953125,-1.2466140985488892,0.3131176233291626
083_cylinder,put the cylinder on the tray,2,0,3,1.873,1788428631.675589,00001_front_put_the_cylinder_on_the_tray.png,00001_wrist_put_the_cylinder_on_the_tray.png,recap.png,50,11,42,43,-4.21978021978022,-101.75824175824175,91.2967032967033,75.34065934065934,-0.3956043956043956,0.273972602739726,-9.006118774414062,-102.12317657470703,87.78636169433594,77.19110107421875,-1.2419174909591675,0.21625454723834991
083_cylinder,put the cylinder on the tray,2,0,3,1.873,1788428631.675589,00001_front_put_the_cylinder_on_the_tray.png,00001_wrist_put_the_cylinder_on_the_tray.png,recap.png,50,12,43,44,-4.21978021978022,-101.75824175824175,91.2967032967033,75.34065934065934,-0.3956043956043956,0.273972602739726,-9.12601089477539,-102.2723388671875,88.13095092773438,77.25550079345703,-1.2818710803985596,0.21831563115119934
083_cylinder,put the cylinder on the tray,2,0,3,1.873,1788428631.675589,00001_front_put_the_cylinder_on_the_tray.png,00001_wrist_put_the_cylinder_on_the_tray.png,recap.png,50,13,44,45,-4.21978021978022,-101.75824175824175,91.2967032967033,75.34065934065934,-0.3956043956043956,0.273972602739726,-9.26016902923584,-101.86775207519531,87.85575866699219,77.20587158203125,-1.1654115915298462,0.2599796652793884
083_cylinder,put the cylinder on the tray,2,0,3,1.873,1788428631.675589,00001_front_put_the_cylinder_on_the_tray.png,00001_wrist_put_the_cylinder_on_the_tray.png,recap.png,50,14,45,46,-4.21978021978022,-101.75824175824175,91.2967032967033,75.34065934065934,-0.3956043956043956,0.273972602739726,-9.47492790222168,-101.82569885253906,87.874267578125,77.18122863769531,-1.0885612964630127,0.1804271787405014
083_cylinder,put the cylinder on the tray,2,0,3,1.873,1788428631.675589,00001_front_put_the_cylinder_on_the_tray.png,00001_wrist_put_the_cylinder_on_the_tray.png,recap.png,50,15,46,47,-4.21978021978022,-101.75824175824175,91.2967032967033,75.34065934065934,-0.3956043956043956,0.273972602739726,-9.60055160522461,-101.43873596191406,88.07796478271484,77.17937469482422,-1.076149344444275,0.13046066462993622
083_cylinder,put the cylinder on the tray,2,0,3,1.873,1788428631.675589,00001_front_put_the_cylinder_on_the_tray.png,00001_wrist_put_the_cylinder_on_the_tray.png,recap.png,50,16,47,48,-4.21978021978022,-101.75824175824175,91.2967032967033,75.34065934065934,-0.3956043956043956,0.273972602739726,-9.63206958770752,-101.71044158935547,88.13060760498047,77.14602661132812,-1.127136468887329,0.10202837735414505
083_cylinder,put the cylinder on the tray,2,0,3,1.873,1788428631.675589,00001_front_put_the_cylinder_on_the_tray.png,00001_wrist_put_the_cylinder_on_the_tray.png,recap.png,50,17,48,49,-4.21978021978022,-101.75824175824175,91.2967032967033,75.34065934065934,-0.3956043956043956,0.273972602739726,-9.689192771911621,-101.99275207519531,88.27517700195312,77.13330078125,-1.0733907222747803,0.09850131720304489
083_cylinder,put the cylinder on the tray,2,0,3,1.873,1788428631.675589,00001_front_put_the_cylinder_on_the_tray.png,00001_wrist_put_the_cylinder_on_the_tray.png,recap.png,50,18,49,50,-4.21978021978022,-101.75824175824175,91.2967032967033,75.34065934065934,-0.3956043956043956,0.273972602739726,-9.810554504394531,-101.54967498779297,88.03182983398438,77.19532775878906,-1.0664621591567993,0.1593175232410431
083_cylinder,put the cylinder on the tray,2,0,3,1.873,1788428631.675589,00001_front_put_the_cylinder_on_the_tray.png,00001_wrist_put_the_cylinder_on_the_tray.png,recap.png,50,19,50,51,-4.21978021978022,-101.75824175824175,91.2967032967033,75.34065934065934,-0.3956043956043956,0.273972602739726,-7.879705429077148,-101.78350830078125,88.25581359863281,77.04800415039062,-0.5137939453125,0.05780891329050064
083_cylinder,put the cylinder on the tray,2,0,3,1.873,1788428631.675589,00001_front_put_the_cylinder_on_the_tray.png,00001_wrist_put_the_cylinder_on_the_tray.png,recap.png,50,20,51,52,-4.21978021978022,-101.75824175824175,91.2967032967033,75.34065934065934,-0.3956043956043956,0.273972602739726,-7.909574508666992,-101.88529968261719,88.45504760742188,77.1807632446289,-0.5135517120361328,0.09951715171337128
083_cylinder,put the cylinder on the tray,2,0,3,1.873,1788428631.675589,00001_front_put_the_cylinder_on_the_tray.png,00001_wrist_put_the_cylinder_on_the_tray.png,recap.png,50,21,52,53,-4.21978021978022,-101.75824175824175,91.2967032967033,75.34065934065934,-0.3956043956043956,0.273972602739726,-8.141176223754883,-101.59095001220703,88.36566162109375,77.0684814453125,-0.48515796661376953,0.11044872552156448
083_cylinder,put the cylinder on the tray,3,0,30,2.776,1788428632.5831294,00002_front_put_the_cylinder_on_the_tray.png,00002_wrist_put_the_cylinder_on_the_tray.png,recap.png,50,0,53,54,-14.857142857142858,-102.02197802197803,89.45054945054945,76.13186813186813,-4.175824175824176,0.273972602739726,-28.541748046875,-101.25288391113281,84.91050720214844,74.52825927734375,-2.7980804443359375,0.3779919743537903
083_cylinder,put the cylinder on the tray,3,0,30,2.776,1788428632.5831294,00002_front_put_the_cylinder_on_the_tray.png,00002_wrist_put_the_cylinder_on_the_tray.png,recap.png,50,1,54,55,-14.857142857142858,-102.02197802197803,89.45054945054945,76.13186813186813,-4.175824175824176,0.273972602739726,-28.92984962463379,-101.92598724365234,85.13676452636719,74.37104797363281,-2.8635597229003906,0.37587618827819824
083_cylinder,put the cylinder on the tray,3,0,30,2.776,1788428632.5831294,00002_front_put_the_cylinder_on_the_tray.png,00002_wrist_put_the_cylinder_on_the_tray.png,recap.png,50,2,55,56,-14.857142857142858,-102.02197802197803,89.45054945054945,76.13186813186813,-4.175824175824176,0.273972602739726,-29.279510498046875,-101.17750549316406,85.58453369140625,74.38308715820312,-2.8793020248413086,0.3097025156021118
083_cylinder,put the cylinder on the tray,3,0,30,2.776,1788428632.5831294,00002_front_put_the_cylinder_on_the_tray.png,00002_wrist_put_the_cylinder_on_the_tray.png,recap.png,50,3,56,57,-14.857142857142858,-102.02197802197803,89.45054945054945,76.13186813186813,-4.175824175824176,0.273972602739726,-29.19450569152832,-101.46095275878906,84.7864990234375,74.31558227539062,-2.8668975830078125,0.31868720054626465
083_cylinder,put the cylinder on the tray,3,0,30,2.776,1788428632.5831294,00002_front_put_the_cylinder_on_the_tray.png,00002_wrist_put_the_cylinder_on_the_tray.png,recap.png,50,4,57,58,-14.857142857142858,-102.02197802197803,89.45054945054945,76.13186813186813,-4.175824175824176,0.273972602739726,-29.377649307250977,-101.00888061523438,85.1947021484375,74.15999603271484,-3.014227867126465,0.26113075017929077
083_cylinder,put the cylinder on the tray,3,0,30,2.776,1788428632.5831294,00002_front_put_the_cylinder_on_the_tray.png,00002_wrist_put_the_cylinder_on_the_tray.png,recap.png,50,5,58,59,-14.857142857142858,-102.02197802197803,89.45054945054945,76.13186813186813,-4.175824175824176,0.273972602739726,-29.634506225585938,-100.71831512451172,84.54527282714844,74.28515625,-2.907979965209961,0.273406982421875
083_cylinder,put the cylinder on the tray,3,0,30,2.776,1788428632.5831294,00002_front_put_the_cylinder_on_the_tray.png,00002_wrist_put_the_cylinder_on_the_tray.png,recap.png,50,6,59,60,-14.857142857142858,-102.02197802197803,89.45054945054945,76.13186813186813,-4.175824175824176,0.273972602739726,-30.005084991455078,-101.04386138916016,84.50056457519531,74.27749633789062,-2.963503837585449,0.36275020241737366
083_cylinder,put the cylinder on the tray,3,0,30,2.776,1788428632.5831294,00002_front_put_the_cylinder_on_the_tray.png,00002_wrist_put_the_cylinder_on_the_tray.png,recap.png,50,7,60,61,-14.857142857142858,-102.02197802197803,89.45054945054945,76.13186813186813,-4.175824175824176,0.273972602739726,-30.074337005615234,-100.8061752319336,84.03788757324219,74.13727569580078,-2.952885627746582,0.3093148469924927
083_cylinder,put the cylinder on the tray,3,0,30,2.776,1788428632.5831294,00002_front_put_the_cylinder_on_the_tray.png,00002_wrist_put_the_cylinder_on_the_tray.png,recap.png,50,8,61,62,-14.857142857142858,-102.02197802197803,89.45054945054945,76.13186813186813,-4.175824175824176,0.273972602739726,-30.620281219482422,-101.32559967041016,84.68722534179688,74.00921630859375,-3.003525733947754,0.18307381868362427
083_cylinder,put the cylinder on the tray,3,0,30,2.776,1788428632.5831294,00002_front_put_the_cylinder_on_the_tray.png,00002_wrist_put_the_cylinder_on_the_tray.png,recap.png,50,9,62,63,-14.857142857142858,-102.02197802197803,89.45054945054945,76.13186813186813,-4.175824175824176,0.273972602739726,-30.82398796081543,-100.7024917602539,84.01588439941406,73.87347412109375,-3.017716407775879,0.14436295628547668
083_cylinder,put the cylinder on the tray,3,0,30,2.776,1788428632.5831294,00002_front_put_the_cylinder_on_the_tray.png,00002_wrist_put_the_cylinder_on_the_tray.png,recap.png,50,10,63,64,-14.857142857142858,-102.02197802197803,89.45054945054945,76.13186813186813,-4.175824175824176,0.273972602739726,-31.17257308959961,-100.61601257324219,84.29737854003906,74.06298828125,-3.005091667175293,0.32491666078567505
083_cylinder,put the cylinder on the tray,3,0,30,2.776,1788428632.5831294,00002_front_put_the_cylinder_on_the_tray.png,00002_wrist_put_the_cylinder_on_the_tray.png,recap.png,50,11,64,65,-14.857142857142858,-102.02197802197803,89.45054945054945,76.13186813186813,-4.175824175824176,0.273972602739726,-31.870582580566406,-101.23749542236328,84.53289794921875,73.56229400634766,-3.1775522232055664,0.21784520149230957
083_cylinder,put the cylinder on the tray,3,0,30,2.776,1788428632.5831294,00002_front_put_the_cylinder_on_the_tray.png,00002_wrist_put_the_cylinder_on_the_tray.png,recap.png,50,12,65,66,-14.857142857142858,-102.02197802197803,89.45054945054945,76.13186813186813,-4.175824175824176,0.273972602739726,-31.83405876159668,-101.1827392578125,84.24085998535156,73.2959213256836,-3.2155656814575195,0.31892088055610657
083_cylinder,put the cylinder on the tray,3,0,30,2.776,1788428632.5831294,00002_front_put_the_cylinder_on_the_tray.png,00002_wrist_put_the_cylinder_on_the_tray.png,recap.png,50,13,66,67,-14.857142857142858,-102.02197802197803,89.45054945054945,76.13186813186813,-4.175824175824176,0.273972602739726,-32.1834602355957,-100.86375427246094,83.82426452636719,73.16035461425781,-3.1975746154785156,0.3126468062400818
083_cylinder,put the cylinder on the tray,3,0,30,2.776,1788428632.5831294,00002_front_put_the_cylinder_on_the_tray.png,00002_wrist_put_the_cylinder_on_the_tray.png,recap.png,50,14,67,68,-14.857142857142858,-102.02197802197803,89.45054945054945,76.13186813186813,-4.175824175824176,0.273972602739726,-32.40237045288086,-100.1314926147461,83.76971435546875,72.97293090820312,-3.1664466857910156,0.2000606805086136
083_cylinder,put the cylinder on the tray,3,0,30,2.776,1788428632.5831294,00002_front_put_the_cylinder_on_the_tray.png,00002_wrist_put_the_cylinder_on_the_tray.png,recap.png,50,15,68,69,-14.857142857142858,-102.02197802197803,89.45054945054945,76.13186813186813,-4.175824175824176,0.273972602739726,-32.54405212402344,-100.6065902709961,84.10385131835938,72.81034851074219,-3.246551513671875,0.15256163477897644
083_cylinder,put the cylinder on the tray,3,0,30,2.776,1788428632.5831294,00002_front_put_the_cylinder_on_the_tray.png,00002_wrist_put_the_cylinder_on_the_tray.png,recap.png,50,16,69,70,-14.857142857142858,-102.02197802197803,89.45054945054945,76.13186813186813,-4.175824175824176,0.273972602739726,-32.76739501953125,-100.60725402832031,83.50477600097656,72.87248992919922,-3.295413017272949,0.13142924010753632
083_cylinder,put the cylinder on the tray,3,0,30,2.776,1788428632.5831294,00002_front_put_the_cylinder_on_the_tray.png,00002_wrist_put_the_cylinder_on_the_tray.png,recap.png,50,17,70,71,-14.857142857142858,-102.02197802197803,89.45054945054945,76.13186813186813,-4.175824175824176,0.273972602739726,-33.08979797363281,-100.64897918701172,83.95948791503906,72.82621002197266,-3.2304019927978516,0.29430997371673584
083_cylinder,put the cylinder on the tray,3,0,30,2.776,1788428632.5831294,00002_front_put_the_cylinder_on_the_tray.png,00002_wrist_put_the_cylinder_on_the_tray.png,recap.png,50,18,71,72,-14.857142857142858,-102.02197802197803,89.45054945054945,76.13186813186813,-4.175824175824176,0.273972602739726,-33.075897216796875,-100.74605560302734,83.93621826171875,72.58348846435547,-3.320873260498047,0.16800308227539062
083_cylinder,put the cylinder on the tray,3,0,30,2.776,1788428632.5831294,00002_front_put_the_cylinder_on_the_tray.png,00002_wrist_put_the_cylinder_on_the_tray.png,recap.png,50,19,72,73,-14.857142857142858,-102.02197802197803,89.45054945054945,76.13186813186813,-4.175824175824176,0.273972602739726,-33.38267517089844,-100.17320251464844,84.14860534667969,72.53341674804688,-3.3733625411987305,0.25135159492492676
083_cylinder,put the cylinder on the tray,3,0,30,2.776,1788428632.5831294,00002_front_put_the_cylinder_on_the_tray.png,00002_wrist_put_the_cylinder_on_the_tray.png,recap.png,50,20,73,74,-14.857142857142858,-102.02197802197803,89.45054945054945,76.13186813186813,-4.175824175824176,0.273972602739726,-33.66413116455078,-100.27503204345703,84.33273315429688,72.49354553222656,-3.280776023864746,0.18545091152191162
083_cylinder,put the cylinder on the tray,3,0,30,2.776,1788428632.5831294,00002_front_put_the_cylinder_on_the_tray.png,00002_wrist_put_the_cylinder_on_the_tray.png,recap.png,50,21,74,75,-14.857142857142858,-102.02197802197803,89.45054945054945,76.13186813186813,-4.175824175824176,0.273972602739726,-33.770599365234375,-99.16727447509766,83.92976379394531,72.47389221191406,-3.3903064727783203,-0.10831877589225769
083_cylinder,put the cylinder on the tray,3,0,30,2.776,1788428632.5831294,00002_front_put_the_cylinder_on_the_tray.png,00002_wrist_put_the_cylinder_on_the_tray.png,recap.png,50,22,75,76,-14.857142857142858,-102.02197802197803,89.45054945054945,76.13186813186813,-4.175824175824176,0.273972602739726,-33.843223571777344,-99.349365234375,83.25111389160156,72.37569427490234,-3.363711357116699,0.08875127136707306
083_cylinder,put the cylinder on the tray,3,0,30,2.776,1788428632.5831294,00002_front_put_the_cylinder_on_the_tray.png,00002_wrist_put_the_cylinder_on_the_tray.png,recap.png,50,23,76,77,-14.857142857142858,-102.02197802197803,89.45054945054945,76.13186813186813,-4.175824175824176,0.273972602739726,-34.005531311035156,-98.6503677368164,83.29933166503906,72.38475036621094,-3.438730239868164,0.1066611260175705
083_cylinder,put the cylinder on the tray,3,0,30,2.776,1788428632.5831294,00002_front_put_the_cylinder_on_the_tray.png,00002_wrist_put_the_cylinder_on_the_tray.png,recap.png,50,24,77,78,-14.857142857142858,-102.02197802197803,89.45054945054945,76.13186813186813,-4.175824175824176,0.273972602739726,-34.05171585083008,-98.78755950927734,82.83943176269531,72.6820068359375,-3.477569580078125,-0.029711678624153137
083_cylinder,put the cylinder on the tray,3,0,30,2.776,1788428632.5831294,00002_front_put_the_cylinder_on_the_tray.png,00002_wrist_put_the_cylinder_on_the_tray.png,recap.png,50,25,78,79,-14.857142857142858,-102.02197802197803,89.45054945054945,76.13186813186813,-4.175824175824176,0.273972602739726,-34.516014099121094,-98.70809173583984,83.44972229003906,72.83453369140625,-3.4670629501342773,-0.07992981374263763
083_cylinder,put the cylinder on the tray,3,0,30,2.776,1788428632.5831294,00002_front_put_the_cylinder_on_the_tray.png,00002_wrist_put_the_cylinder_on_the_tray.png,recap.png,50,26,79,80,-14.857142857142858,-102.02197802197803,89.45054945054945,76.13186813186813,-4.175824175824176,0.273972602739726,-34.444400787353516,-98.71248626708984,83.0223388671875,72.79100036621094,-3.4402875900268555,-0.10380890965461731
083_cylinder,put the cylinder on the tray,4,1,52,3.512,1788428633.3137732,00003_front_put_the_cylinder_on_the_tray.png,00003_wrist_put_the_cylinder_on_the_tray.png,recap.png,50,0,80,81,-8.87912087912088,-102.02197802197803,89.45054945054945,76.3076923076923,-1.4505494505494505,0.273972602739726,-20.053218841552734,-102.07994842529297,85.58393859863281,76.57347869873047,-1.1714420318603516,0.26715946197509766
083_cylinder,put the cylinder on the tray,4,1,52,3.512,1788428633.3137732,00003_front_put_the_cylinder_on_the_tray.png,00003_wrist_put_the_cylinder_on_the_tray.png,recap.png,50,1,81,82,-8.87912087912088,-102.02197802197803,89.45054945054945,76.3076923076923,-1.4505494505494505,0.273972602739726,-20.57908821105957,-102.14064025878906,86.07939147949219,76.766845703125,-1.1253557205200195,0.25933995842933655
083_cylinder,put the cylinder on the tray,4,1,52,3.512,1788428633.3137732,00003_front_put_the_cylinder_on_the_tray.png,00003_wrist_put_the_cylinder_on_the_tray.png,recap.png,50,2,82,83,-8.87912087912088,-102.02197802197803,89.45054945054945,76.3076923076923,-1.4505494505494505,0.273972602739726,-21.51534080505371,-102.00939178466797,85.63688659667969,76.67852020263672,-1.172410011291504,0.23297011852264404
083_cylinder,put the cylinder on the tray,4,1,52,3.512,1788428633.3137732,00003_front_put_the_cylinder_on_the_tray.png,00003_wrist_put_the_cylinder_on_the_tray.png,recap.png,50,3,83,84,-8.87912087912088,-102.02197802197803,89.45054945054945,76.3076923076923,-1.4505494505494505,0.273972602739726,-22.09457778930664,-101.28204345703125,85.8248291015625,76.74272155761719,-1.2675762176513672,0.3761194050312042
083_cylinder,put the cylinder on the tray,4,1,52,3.512,1788428633.3137732,00003_front_put_the_cylinder_on_the_tray.png,00003_wrist_put_the_cylinder_on_the_tray.png,recap.png,50,4,84,85,-8.87912087912088,-102.02197802197803,89.45054945054945,76.3076923076923,-1.4505494505494505,0.273972602739726,-22.751996994018555,-101.75274658203125,86.32479858398438,76.55484008789062,-1.1825227737426758,0.32924702763557434
083_cylinder,put the cylinder on the tray,4,1,52,3.512,1788428633.3137732,00003_front_put_the_cylinder_on_the_tray.png,00003_wrist_put_the_cylinder_on_the_tray.png,recap.png,50,5,85,86,-8.87912087912088,-102.02197802197803,89.45054945054945,76.3076923076923,-1.4505494505494505,0.273972602739726,-23.623971939086914,-101.6952133178711,86.05006408691406,76.59671783447266,-1.2905006408691406,0.3103865385055542
083_cylinder,put the cylinder on the tray,4,1,52,3.512,1788428633.3137732,00003_front_put_the_cylinder_on_the_tray.png,00003_wrist_put_the_cylinder_on_the_tray.png,recap.png,50,6,86,87,-8.87912087912088,-102.02197802197803,89.45054945054945,76.3076923076923,-1.4505494505494505,0.273972602739726,-24.252410888671875,-101.21395111083984,86.79698181152344,76.6803970336914,-1.242635726928711,0.4955882132053375
083_cylinder,put the cylinder on the tray,4,1,52,3.512,1788428633.3137732,00003_front_put_the_cylinder_on_the_tray.png,00003_wrist_put_the_cylinder_on_the_tray.png,recap.png,50,7,87,88,-8.87912087912088,-102.02197802197803,89.45054945054945,76.3076923076923,-1.4505494505494505,0.273972602739726,-24.876422882080078,-101.63362121582031,86.11820983886719,76.44375610351562,-1.2370738983154297,0.3631984293460846
083_cylinder,put the cylinder on the tray,4,1,52,3.512,1788428633.3137732,00003_front_put_the_cylinder_on_the_tray.png,00003_wrist_put_the_cylinder_on_the_tray.png,recap.png,50,8,88,89,-8.87912087912088,-102.02197802197803,89.45054945054945,76.3076923076923,-1.4505494505494505,0.273972602739726,-25.16246795654297,-101.35334777832031,86.4537353515625,76.27853393554688,-1.2772197723388672,0.18989278376102448
083_cylinder,put the cylinder on the tray,4,1,52,3.512,1788428633.3137732,00003_front_put_the_cylinder_on_the_tray.png,00003_wrist_put_the_cylinder_on_the_tray.png,recap.png,50,9,89,90,-8.87912087912088,-102.02197802197803,89.45054945054945,76.3076923076923,-1.4505494505494505,0.273972602739726,-25.615478515625,-101.47969055175781,86.55960083007812,76.31812286376953,-1.3222236633300781,0.4448145925998688
083_cylinder,put the cylinder on the tray,4,1,52,3.512,1788428633.3137732,00003_front_put_the_cylinder_on_the_tray.png,00003_wrist_put_the_cylinder_on_the_tray.png,recap.png,50,10,90,91,-8.87912087912088,-102.02197802197803,89.45054945054945,76.3076923076923,-1.4505494505494505,0.273972602739726,-25.790733337402344,-101.79717254638672,86.05572509765625,76.13194274902344,-1.344538688659668,0.49020740389823914
083_cylinder,put the cylinder on the tray,4,1,52,3.512,1788428633.3137732,00003_front_put_the_cylinder_on_the_tray.png,00003_wrist_put_the_cylinder_on_the_tray.png,recap.png,50,11,91,92,-8.87912087912088,-102.02197802197803,89.45054945054945,76.3076923076923,-1.4505494505494505,0.273972602739726,-26.327417373657227,-101.82212829589844,86.46745300292969,75.8599624633789,-1.2885026931762695,0.4119253158569336
083_cylinder,put the cylinder on the tray,4,1,52,3.512,1788428633.3137732,00003_front_put_the_cylinder_on_the_tray.png,00003_wrist_put_the_cylinder_on_the_tray.png,recap.png,50,12,92,93,-8.87912087912088,-102.02197802197803,89.45054945054945,76.3076923076923,-1.4505494505494505,0.273972602739726,-26.642560958862305,-102.22624969482422,86.1611328125,75.63072204589844,-1.3527584075927734,0.41523706912994385
083_cylinder,put the cylinder on the tray,4,1,52,3.512,1788428633.3137732,00003_front_put_the_cylinder_on_the_tray.png,00003_wrist_put_the_cylinder_on_the_tray.png,recap.png,50,13,93,94,-8.87912087912088,-102.02197802197803,89.45054945054945,76.3076923076923,-1.4505494505494505,0.273972602739726,-26.54555320739746,-101.37448120117188,86.01315307617188,75.39237213134766,-1.4593448638916016,0.3809298574924469
083_cylinder,put the cylinder on the tray,4,1,52,3.512,1788428633.3137732,00003_front_put_the_cylinder_on_the_tray.png,00003_wrist_put_the_cylinder_on_the_tray.png,recap.png,50,14,94,95,-8.87912087912088,-102.02197802197803,89.45054945054945,76.3076923076923,-1.4505494505494505,0.273972602739726,-26.503543853759766,-101.54706573486328,86.13421630859375,75.17503356933594,-1.508331298828125,0.42263171076774597
083_cylinder,put the cylinder on the tray,4,1,52,3.512,1788428633.3137732,00003_front_put_the_cylinder_on_the_tray.png,00003_wrist_put_the_cylinder_on_the_tray.png,recap.png,50,15,95,96,-8.87912087912088,-102.02197802197803,89.45054945054945,76.3076923076923,-1.4505494505494505,0.273972602739726,-26.66749382019043,-101.11274719238281,85.78474426269531,75.09505462646484,-1.7196578979492188,0.4932323694229126
083_cylinder,put the cylinder on the tray,4,1,52,3.512,1788428633.3137732,00003_front_put_the_cylinder_on_the_tray.png,00003_wrist_put_the_cylinder_on_the_tray.png,recap.png,50,16,96,97,-8.87912087912088,-102.02197802197803,89.45054945054945,76.3076923076923,-1.4505494505494505,0.273972602739726,-27.498016357421875,-101.78409576416016,85.67173767089844,75.11283111572266,-2.139690399169922,0.1532658338546753
083_cylinder,put the cylinder on the tray,4,1,52,3.512,1788428633.3137732,00003_front_put_the_cylinder_on_the_tray.png,00003_wrist_put_the_cylinder_on_the_tray.png,recap.png,50,17,97,98,-8.87912087912088,-102.02197802197803,89.45054945054945,76.3076923076923,-1.4505494505494505,0.273972602739726,-27.73995590209961,-101.21064758300781,85.21476745605469,75.28068542480469,-2.6388587951660156,0.23586872220039368
083_cylinder,put the cylinder on the tray,4,1,52,3.512,1788428633.3137732,00003_front_put_the_cylinder_on_the_tray.png,00003_wrist_put_the_cylinder_on_the_tray.png,recap.png,50,18,98,99,-8.87912087912088,-102.02197802197803,89.45054945054945,76.3076923076923,-1.4505494505494505,0.273972602739726,-28.185075759887695,-102.07642364501953,84.92782592773438,75.1693344116211,-3.1023082733154297,0.2723788022994995
083_cylinder,put the cylinder on the tray,4,1,52,3.512,1788428633.3137732,00003_front_put_the_cylinder_on_the_tray.png,00003_wrist_put_the_cylinder_on_the_tray.png,recap.png,50,19,99,100,-8.87912087912088,-102.02197802197803,89.45054945054945,76.3076923076923,-1.4505494505494505,0.273972602739726,-28.370487213134766,-100.72932434082031,85.16012573242188,75.18511199951172,-3.5476036071777344,0.3641182482242584
083_cylinder,put the cylinder on the tray,4,1,52,3.512,1788428633.3137732,00003_front_put_the_cylinder_on_the_tray.png,00003_wrist_put_the_cylinder_on_the_tray.png,recap.png,50,20,100,101,-8.87912087912088,-102.02197802197803,89.45054945054945,76.3076923076923,-1.4505494505494505,0.273972602739726,-28.5771484375,-100.19892883300781,85.25486755371094,75.05683898925781,-3.908005714416504,0.3699982762336731
083_cylinder,put the cylinder on the tray,4,1,52,3.512,1788428633.3137732,00003_front_put_the_cylinder_on_the_tray.png,00003_wrist_put_the_cylinder_on_the_tray.png,recap.png,50,21,101,102,-8.87912087912088,-102.02197802197803,89.45054945054945,76.3076923076923,-1.4505494505494505,0.273972602739726,-28.959672927856445,-100.9236068725586,84.47540283203125,75.32792663574219,-4.127987861633301,0.2324369251728058
083_cylinder,put the cylinder on the tray,5,1,79,4.583,1788428634.3820558,00004_front_put_the_cylinder_on_the_tray.png,00004_wrist_put_the_cylinder_on_the_tray.png,recap.png,50,0,102,103,-33.67032967032967,-99.20879120879121,85.23076923076923,73.67032967032966,-2.9450549450549453,0.273972602739726,-36.96808624267578,-94.90837860107422,77.70291137695312,68.78883361816406,-2.258509635925293,0.3266755938529968
083_cylinder,put the cylinder on the tray,5,1,79,4.583,1788428634.3820558,00004_front_put_the_cylinder_on_the_tray.png,00004_wrist_put_the_cylinder_on_the_tray.png,recap.png,50,1,103,104,-33.67032967032967,-99.20879120879121,85.23076923076923,73.67032967032966,-2.9450549450549453,0.273972602739726,-37.01603698730469,-93.7237777709961,77.41325378417969,68.60101318359375,-2.298595428466797,0.33185988664627075
083_cylinder,put the cylinder on the tray,5,1,79,4.583,1788428634.3820558,00004_front_put_the_cylinder_on_the_tray.png,00004_wrist_put_the_cylinder_on_the_tray.png,recap.png,50,2,104,105,-33.67032967032967,-99.20879120879121,85.23076923076923,73.67032967032966,-2.9450549450549453,0.273972602739726,-36.894107818603516,-92.19500732421875,76.26947021484375,68.29017639160156,-2.2345399856567383,0.32292407751083374
083_cylinder,put the cylinder on the tray,5,1,79,4.583,1788428634.3820558,00004_front_put_the_cylinder_on_the_tray.png,00004_wrist_put_the_cylinder_on_the_tray.png,recap.png,50,3,105,106,-33.67032967032967,-99.20879120879121,85.23076923076923,73.67032967032966,-2.9450549450549453,0.273972602739726,-37.0377197265625,-91.09950256347656,75.88491821289062,68.01940155029297,-2.337374687194824,0.28427374362945557
083_cylinder,put the cylinder on the tray,5,1,79,4.583,1788428634.3820558,00004_front_put_the_cylinder_on_the_tray.png,00004_wrist_put_the_cylinder_on_the_tray.png,recap.png,50,4,106,107,-33.67032967032967,-99.20879120879121,85.23076923076923,73.67032967032966,-2.9450549450549453,0.273972602739726,-37.08728790283203,-90.15298461914062,74.78038024902344,68.0255126953125,-2.314173698425293,0.2962876558303833
083_cylinder,put the cylinder on the tray,5,1,79,4.583,1788428634.3820558,00004_front_put_the_cylinder_on_the_tray.png,00004_wrist_put_the_cylinder_on_the_tray.png,recap.png,50,5,107,108,-33.67032967032967,-99.20879120879121,85.23076923076923,73.67032967032966,-2.9450549450549453,0.273972602739726,-37.04880142211914,-87.92314147949219,74.14852905273438,67.59709930419922,-2.392955780029297,0.3409730792045593
083_cylinder,put the cylinder on the tray,5,1,79,4.583,1788428634.3820558,00004_front_put_the_cylinder_on_the_tray.png,00004_wrist_put_the_cylinder_on_the_tray.png,recap.png,50,6,108,109,-33.67032967032967,-99.20879120879121,85.23076923076923,73.67032967032966,-2.9450549450549453,0.273972602739726,-37.22160339355469,-86.54745483398438,72.95835876464844,67.33332824707031,-2.375727653503418,0.40116792917251587
083_cylinder,put the cylinder on the tray,5,1,79,4.583,1788428634.3820558,00004_front_put_the_cylinder_on_the_tray.png,00004_wrist_put_the_cylinder_on_the_tray.png,recap.png,50,7,109,110,-33.67032967032967,-99.20879120879121,85.23076923076923,73.67032967032966,-2.9450549450549453,0.273972602739726,-37.12693786621094,-85.4230728149414,71.79875946044922,67.30674743652344,-2.5701770782470703,0.28410807251930237
083_cylinder,put the cylinder on the tray,5,1,79,4.583,1788428634.3820558,00004_front_put_the_cylinder_on_the_tray.png,00004_wrist_put_the_cylinder_on_the_tray.png,recap.png,50,8,110,111,-33.67032967032967,-99.20879120879121,85.23076923076923,73.67032967032966,-2.9450549450549453,0.273972602739726,-37.33595657348633,-83.4073486328125,70.98616790771484,67.08070373535156,-2.7007503509521484,0.4373466372489929
083_cylinder,put the cylinder on the tray,5,1,79,4.583,1788428634.3820558,00004_front_put_the_cylinder_on_the_tray.png,00004_wrist_put_the_cylinder_on_the_tray.png,recap.png,50,9,111,112,-33.67032967032967,-99.20879120879121,85.23076923076923,73.67032967032966,-2.9450549450549453,0.273972602739726,-37.35358428955078,-82.15709686279297,70.11553192138672,66.92092895507812,-2.8649415969848633,0.30400732159614563
083_cylinder,put the cylinder on the tray,5,1,79,4.583,1788428634.3820558,00004_front_put_the_cylinder_on_the_tray.png,00004_wrist_put_the_cylinder_on_the_tray.png,recap.png,50,10,112,113,-33.67032967032967,-99.20879120879121,85.23076923076923,73.67032967032966,-2.9450549450549453,0.273972602739726,-37.516929626464844,-80.30935668945312,68.67459106445312,66.86107635498047,-3.183816909790039,0.35291051864624023
083_cylinder,put the cylinder on the tray,5,1,79,4.583,1788428634.3820558,00004_front_put_the_cylinder_on_the_tray.png,00004_wrist_put_the_cylinder_on_the_tray.png,recap.png,50,11,113,114,-33.67032967032967,-99.20879120879121,85.23076923076923,73.67032967032966,-2.9450549450549453,0.273972602739726,-37.38041687011719,-78.39089965820312,67.54161071777344,66.54911041259766,-3.4408979415893555,0.35587283968925476
083_cylinder,put the cylinder on the tray,5,1,79,4.583,1788428634.3820558,00004_front_put_the_cylinder_on_the_tray.png,00004_wrist_put_the_cylinder_on_the_tray.png,recap.png,50,12,114,115,-33.67032967032967,-99.20879120879121,85.23076923076923,73.67032967032966,-2.9450549450549453,0.273972602739726,-37.37294006347656,-76.8035888671875,66.64053344726562,66.3199462890625,-4.000148773193359,0.4654977023601532
083_cylinder,put the cylinder on the tray,5,1,79,4.583,1788428634.3820558,00004_front_put_the_cylinder_on_the_tray.png,00004_wrist_put_the_cylinder_on_the_tray.png,recap.png,50,13,115,116,-33.67032967032967,-99.20879120879121,85.23076923076923,73.67032967032966,-2.9450549450549453,0.273972602739726,-37.29890441894531,-75.33007049560547,65.74160766601562,66.04705810546875,-4.29564094543457,0.45593947172164917
083_cylinder,put the cylinder on the tray,5,1,79,4.583,1788428634.3820558,00004_front_put_the_cylinder_on_the_tray.png,00004_wrist_put_the_cylinder_on_the_tray.png,recap.png,50,14,116,117,-33.67032967032967,-99.20879120879121,85.23076923076923,73.67032967032966,-2.9450549450549453,0.273972602739726,-37.471343994140625,-73.90082550048828,64.89662170410156,65.75505065917969,-4.537942409515381,0.4124733805656433
083_cylinder,put the cylinder on the tray,5,1,79,4.583,1788428634.3820558,00004_front_put_the_cylinder_on_the_tray.png,00004_wrist_put_the_cylinder_on_the_tray.png,recap.png,50,15,117,118,-33.67032967032967,-99.20879120879121,85.23076923076923,73.67032967032966,-2.9450549450549453,0.273972602739726,-37.52898406982422,-72.6504898071289,64.12054443359375,65.8070297241211,-4.63055944442749,0.3142750561237335
083_cylinder,put the cylinder on the tray,5,1,79,4.583,1788428634.3820558,00004_front_put_the_cylinder_on_the_tray.png,00004_wrist_put_the_cylinder_on_the_tray.png,recap.png,50,16,118,119,-33.67032967032967,-99.20879120879121,85.23076923076923,73.67032967032966,-2.9450549450549453,0.273972602739726,-37.58783721923828,-71.76371002197266,63.912620544433594,65.56243133544922,-4.519541263580322,0.2867995500564575
083_cylinder,put the cylinder on the tray,5,1,79,4.583,1788428634.3820558,00004_front_put_the_cylinder_on_the_tray.png,00004_wrist_put_the_cylinder_on_the_tray.png,recap.png,50,17,119,120,-33.67032967032967,-99.20879120879121,85.23076923076923,73.67032967032966,-2.9450549450549453,0.273972602739726,-37.83438491821289,-71.02236938476562,63.101219177246094,65.91868591308594,-4.665521621704102,0.42195725440979004
083_cylinder,put the cylinder on the tray,5,1,79,4.583,1788428634.3820558,00004_front_put_the_cylinder_on_the_tray.png,00004_wrist_put_the_cylinder_on_the_tray.png,recap.png,50,18,120,121,-33.67032967032967,-99.20879120879121,85.23076923076923,73.67032967032966,-2.9450549450549453,0.273972602739726,-37.9222297668457,-69.99595642089844,62.93347930908203,65.79680633544922,-4.580605506896973,0.3803042471408844
083_cylinder,put the cylinder on the tray,5,1,79,4.583,1788428634.3820558,00004_front_put_the_cylinder_on_the_tray.png,00004_wrist_put_the_cylinder_on_the_tray.png,recap.png,50,19,121,122,-33.67032967032967,-99.20879120879121,85.23076923076923,73.67032967032966,-2.9450549450549453,0.273972602739726,-38.054500579833984,-69.66281127929688,62.52076721191406,65.81373596191406,-4.543713569641113,0.35446232557296753
083_cylinder,put the cylinder on the tray,5,1,79,4.583,1788428634.3820558,00004_front_put_the_cylinder_on_the_tray.png,00004_wrist_put_the_cylinder_on_the_tray.png,recap.png,50,20,122,123,-33.67032967032967,-99.20879120879121,85.23076923076923,73.67032967032966,-2.9450549450549453,0.273972602739726,-37.905269622802734,-69.0491943359375,61.71040344238281,66.03421020507812,-4.516209125518799,0.40545791387557983
083_cylinder,put the cylinder on the tray,5,1,79,4.583,1788428634.3820558,00004_front_put_the_cylinder_on_the_tray.png,00004_wrist_put_the_cylinder_on_the_tray.png,recap.png,50,21,123,124,-33.67032967032967,-99.20879120879121,85.23076923076923,73.67032967032966,-2.9450549450549453,0.273972602739726,-38.18857955932617,-68.31051635742188,60.97846984863281,66.2236557006836,-4.510422229766846,0.31683802604675293
083_cylinder,put the cylinder on the tray,5,1,79,4.583,1788428634.3820558,00004_front_put_the_cylinder_on_the_tray.png,00004_wrist_put_the_cylinder_on_the_tray.png,recap.png,50,22,124,125,-33.67032967032967,-99.20879120879121,85.23076923076923,73.67032967032966,-2.9450549450549453,0.273972602739726,-38.365970611572266,-66.98442840576172,60.56024169921875,66.28071594238281,-4.500364780426025,0.34074366092681885
083_cylinder,put the cylinder on the tray,5,1,79,4.583,1788428634.3820558,00004_front_put_the_cylinder_on_the_tray.png,00004_wrist_put_the_cylinder_on_the_tray.png,recap.png,50,23,125,126,-33.67032967032967,-99.20879120879121,85.23076923076923,73.67032967032966,-2.9450549450549453,0.273972602739726,-38.555946350097656,-66.49153137207031,59.76068878173828,66.96751403808594,-4.453007698059082,0.40932732820510864
083_cylinder,put the cylinder on the tray,5,1,79,4.583,1788428634.3820558,00004_front_put_the_cylinder_on_the_tray.png,00004_wrist_put_the_cylinder_on_the_tray.png,recap.png,50,24,126,127,-33.67032967032967,-99.20879120879121,85.23076923076923,73.67032967032966,-2.9450549450549453,0.273972602739726,-38.6654052734375,-65.43638610839844,58.588623046875,67.36419677734375,-4.514486312866211,0.3948906660079956
083_cylinder,put the cylinder on the tray,6,1,101,5.319,1788428635.1165392,00005_front_put_the_cylinder_on_the_tray.png,00005_wrist_put_the_cylinder_on_the_tray.png,recap.png,50,0,127,128,-28.13186813186813,-101.49450549450549,86.81318681318682,75.78021978021978,-2.681318681318681,0.3424657534246575,-35.551727294921875,-88.3770523071289,72.1211166381836,71.709716796875,-3.541187286376953,0.06333714723587036
083_cylinder,put the cylinder on the tray,6,1,101,5.319,1788428635.1165392,00005_front_put_the_cylinder_on_the_tray.png,00005_wrist_put_the_cylinder_on_the_tray.png,recap.png,50,1,128,129,-28.13186813186813,-101.49450549450549,86.81318681318682,75.78021978021978,-2.681318681318681,0.3424657534246575,-35.6712646484375,-87.97246551513672,71.89341735839844,71.7835693359375,-3.511458396911621,0.10601841658353806
083_cylinder,put the cylinder on the tray,6,1,101,5.319,1788428635.1165392,00005_front_put_the_cylinder_on_the_tray.png,00005_wrist_put_the_cylinder_on_the_tray.png,recap.png,50,2,129,130,-28.13186813186813,-101.49450549450549,86.81318681318682,75.78021978021978,-2.681318681318681,0.3424657534246575,-34.00493240356445,-97.46704864501953,78.04924011230469,73.48009490966797,-3.0396509170532227,-0.048110127449035645
083_cylinder,put the cylinder on the tray,6,1,101,5.319,1788428635.1165392,00005_front_put_the_cylinder_on_the_tray.png,00005_wrist_put_the_cylinder_on_the_tray.png,recap.png,50,3,130,131,-28.13186813186813,-101.49450549450549,86.81318681318682,75.78021978021978,-2.681318681318681,0.3424657534246575,-33.87328338623047,-98.3424301147461,78.05085754394531,73.9259033203125,-3.1073379516601562,0.011004514992237091
083_cylinder,put the cylinder on the tray,6,1,101,5.319,1788428635.1165392,00005_front_put_the_cylinder_on_the_tray.png,00005_wrist_put_the_cylinder_on_the_tray.png,recap.png,50,4,131,132,-28.13186813186813,-101.49450549450549,86.81318681318682,75.78021978021978,-2.681318681318681,0.3424657534246575,-33.94051742553711,-97.84215545654297,77.99427795410156,73.80989837646484,-3.0630722045898438,-0.017552271485328674
083_cylinder,put the cylinder on the tray,6,1,101,5.319,1788428635.1165392,00005_front_put_the_cylinder_on_the_tray.png,00005_wrist_put_the_cylinder_on_the_tray.png,recap.png,50,5,132,133,-28.13186813186813,-101.49450549450549,86.81318681318682,75.78021978021978,-2.681318681318681,0.3424657534246575,-34.1375846862793,-97.76991271972656,77.57759094238281,73.65276336669922,-3.049715995788574,-0.030287370085716248
083_cylinder,put the cylinder on the tray,6,1,101,5.319,1788428635.1165392,00005_front_put_the_cylinder_on_the_tray.png,00005_wrist_put_the_cylinder_on_the_tray.png,recap.png,50,6,133,134,-28.13186813186813,-101.49450549450549,86.81318681318682,75.78021978021978,-2.681318681318681,0.3424657534246575,-34.04389190673828,-97.34223937988281,77.66259765625,73.84439086914062,-3.034695625305176,-0.0944981724023819
083_cylinder,put the cylinder on the tray,6,1,101,5.319,1788428635.1165392,00005_front_put_the_cylinder_on_the_tray.png,00005_wrist_put_the_cylinder_on_the_tray.png,recap.png,50,7,134,135,-28.13186813186813,-101.49450549450549,86.81318681318682,75.78021978021978,-2.681318681318681,0.3424657534246575,-34.06672668457031,-98.1076889038086,77.5318603515625,73.9559097290039,-3.0040903091430664,0.042985640466213226
083_cylinder,put the cylinder on the tray,6,1,101,5.319,1788428635.1165392,00005_front_put_the_cylinder_on_the_tray.png,00005_wrist_put_the_cylinder_on_the_tray.png,recap.png,50,8,135,136,-28.13186813186813,-101.49450549450549,86.81318681318682,75.78021978021978,-2.681318681318681,0.3424657534246575,-34.34938049316406,-97.76810455322266,76.7864990234375,74.09428405761719,-3.0640764236450195,-0.1147957295179367
083_cylinder,put the cylinder on the tray,6,1,101,5.319,1788428635.1165392,00005_front_put_the_cylinder_on_the_tray.png,00005_wrist_put_the_cylinder_on_the_tray.png,recap.png,50,9,136,137,-28.13186813186813,-101.49450549450549,86.81318681318682,75.78021978021978,-2.681318681318681,0.3424657534246575,-34.3172721862793,-97.83541870117188,76.90751647949219,74.25652313232422,-3.0748233795166016,-0.025101974606513977
083_cylinder,put the cylinder on the tray,6,1,101,5.319,1788428635.1165392,00005_front_put_the_cylinder_on_the_tray.png,00005_wrist_put_the_cylinder_on_the_tray.png,recap.png,50,10,137,138,-28.13186813186813,-101.49450549450549,86.81318681318682,75.78021978021978,-2.681318681318681,0.3424657534246575,-34.26586151123047,-97.0654296875,76.98200988769531,73.92202758789062,-2.9494752883911133,-0.0465402752161026
083_cylinder,put the cylinder on the tray,6,1,101,5.319,1788428635.1165392,00005_front_put_the_cylinder_on_the_tray.png,00005_wrist_put_the_cylinder_on_the_tray.png,recap.png,50,11,138,139,-28.13186813186813,-101.49450549450549,86.81318681318682,75.78021978021978,-2.681318681318681,0.3424657534246575,-34.45122146606445,-96.90290069580078,76.29241943359375,74.09770965576172,-3.070948600769043,-0.1575108766555786
083_cylinder,put the cylinder on the tray,6,1,101,5.319,1788428635.1165392,00005_front_put_the_cylinder_on_the_tray.png,00005_wrist_put_the_cylinder_on_the_tray.png,recap.png,50,12,139,140,-28.13186813186813,-101.49450549450549,86.81318681318682,75.78021978021978,-2.681318681318681,0.3424657534246575,-34.341373443603516,-96.64289855957031,76.29104614257812,74.25564575195312,-3.0498905181884766,-0.3540540933609009
083_cylinder,put the cylinder on the tray,6,1,101,5.319,1788428635.1165392,00005_front_put_the_cylinder_on_the_tray.png,00005_wrist_put_the_cylinder_on_the_tray.png,recap.png,50,13,140,141,-28.13186813186813,-101.49450549450549,86.81318681318682,75.78021978021978,-2.681318681318681,0.3424657534246575,-34.393367767333984,-96.25147247314453,76.23081970214844,74.09405517578125,-3.263895034790039,-0.10420402884483337
083_cylinder,put the cylinder on the tray,6,1,101,5.319,1788428635.1165392,00005_front_put_the_cylinder_on_the_tray.png,00005_wrist_put_the_cylinder_on_the_tray.png,recap.png,50,14,141,142,-28.13186813186813,-101.49450549450549,86.81318681318682,75.78021978021978,-2.681318681318681,0.3424657534246575,-34.10386276245117,-95.3209228515625,75.8787841796875,74.21694946289062,-3.2280073165893555,-0.24738094210624695
083_cylinder,put the cylinder on the tray,6,1,101,5.319,1788428635.1165392,00005_front_put_the_cylinder_on_the_tray.png,00005_wrist_put_the_cylinder_on_the_tray.png,recap.png,50,15,142,143,-28.13186813186813,-101.49450549450549,86.81318681318682,75.78021978021978,-2.681318681318681,0.3424657534246575,-34.23080825805664,-94.3266830444336,75.44398498535156,74.23361206054688,-3.2375478744506836,-0.3069969117641449
083_cylinder,put the cylinder on the tray,6,1,101,5.319,1788428635.1165392,00005_front_put_the_cylinder_on_the_tray.png,00005_wrist_put_the_cylinder_on_the_tray.png,recap.png,50,16,143,144,-28.13186813186813,-101.49450549450549,86.81318681318682,75.78021978021978,-2.681318681318681,0.3424657534246575,-34.365989685058594,-93.4161376953125,74.37699890136719,74.14201354980469,-3.4460086822509766,-0.23400428891181946
083_cylinder,put the cylinder on the tray,6,1,101,5.319,1788428635.1165392,00005_front_put_the_cylinder_on_the_tray.png,00005_wrist_put_the_cylinder_on_the_tray.png,recap.png,50,17,144,145,-28.13186813186813,-101.49450549450549,86.81318681318682,75.78021978021978,-2.681318681318681,0.3424657534246575,-34.26701354980469,-92.98855590820312,74.23963928222656,74.14813232421875,-3.484342575073242,-0.18890145421028137
083_cylinder,put the cylinder on the tray,6,1,101,5.319,1788428635.1165392,00005_front_put_the_cylinder_on_the_tray.png,00005_wrist_put_the_cylinder_on_the_tray.png,recap.png,50,18,145,146,-28.13186813186813,-101.49450549450549,86.81318681318682,75.78021978021978,-2.681318681318681,0.3424657534246575,-34.372676849365234,-91.87464141845703,74.22976684570312,74.20503997802734,-3.4373912811279297,-0.38690829277038574
083_cylinder,put the cylinder on the tray,6,1,101,5.319,1788428635.1165392,00005_front_put_the_cylinder_on_the_tray.png,00005_wrist_put_the_cylinder_on_the_tray.png,recap.png,50,19,146,147,-28.13186813186813,-101.49450549450549,86.81318681318682,75.78021978021978,-2.681318681318681,0.3424657534246575,-34.446170806884766,-91.10091400146484,73.84225463867188,73.98462677001953,-3.431145668029785,-0.2979198098182678
083_cylinder,put the cylinder on the tray,6,1,101,5.319,1788428635.1165392,00005_front_put_the_cylinder_on_the_tray.png,00005_wrist_put_the_cylinder_on_the_tray.png,recap.png,50,20,147,148,-28.13186813186813,-101.49450549450549,86.81318681318682,75.78021978021978,-2.681318681318681,0.3424657534246575,-34.47077560424805,-89.95916748046875,73.18180847167969,73.91859436035156,-3.5484180450439453,-0.07260739803314209
083_cylinder,put the cylinder on the tray,6,1,101,5.319,1788428635.1165392,00005_front_put_the_cylinder_on_the_tray.png,00005_wrist_put_the_cylinder_on_the_tray.png,recap.png,50,21,148,149,-28.13186813186813,-101.49450549450549,86.81318681318682,75.78021978021978,-2.681318681318681,0.3424657534246575,-34.269412994384766,-89.69090270996094,73.04264831542969,73.56244659423828,-3.575760841369629,-0.22166645526885986
083_cylinder,put the cylinder on the tray,6,1,101,5.319,1788428635.1165392,00005_front_put_the_cylinder_on_the_tray.png,00005_wrist_put_the_cylinder_on_the_tray.png,recap.png,50,22,149,150,-28.13186813186813,-101.49450549450549,86.81318681318682,75.78021978021978,-2.681318681318681,0.3424657534246575,-34.23248291015625,-88.70233917236328,72.28472900390625,73.2907485961914,-3.5636682510375977,-0.13013094663619995
083_cylinder,put the cylinder on the tray,6,1,101,5.319,1788428635.1165392,00005_front_put_the_cylinder_on_the_tray.png,00005_wrist_put_the_cylinder_on_the_tray.png,recap.png,50,23,150,151,-28.13186813186813,-101.49450549450549,86.81318681318682,75.78021978021978,-2.681318681318681,0.3424657534246575,-34.21696853637695,-88.42423248291016,72.10482788085938,73.13731384277344,-3.6689510345458984,-0.16976162791252136
083_cylinder,put the cylinder on the tray,7,0,126,6.389,1788428636.1927876,00006_front_put_the_cylinder_on_the_tray.png,00006_wrist_put_the_cylinder_on_the_tray.png,recap.png,50,0,151,152,-38.15384615384615,-68.08791208791209,63.34065934065934,66.81318681318682,-4.0,0.3424657534246575,-35.290985107421875,-59.38018798828125,53.55303955078125,67.28298950195312,-5.206239700317383,1.1540584564208984
083_cylinder,put the cylinder on the tray,7,0,126,6.389,1788428636.1927876,00006_front_put_the_cylinder_on_the_tray.png,00006_wrist_put_the_cylinder_on_the_tray.png,recap.png,50,1,152,153,-38.15384615384615,-68.08791208791209,63.34065934065934,66.81318681318682,-4.0,0.3424657534246575,-35.56647491455078,-58.48875427246094,53.40074920654297,67.30799865722656,-5.114988803863525,1.2232751846313477
083_cylinder,put the cylinder on the tray,7,0,126,6.389,1788428636.1927876,00006_front_put_the_cylinder_on_the_tray.png,00006_wrist_put_the_cylinder_on_the_tray.png,recap.png,50,2,153,154,-38.15384615384615,-68.08791208791209,63.34065934065934,66.81318681318682,-4.0,0.3424657534246575,-35.40092086791992,-57.23650360107422,51.831382751464844,67.2120361328125,-5.2804274559021,1.2442388534545898
083_cylinder,put the cylinder on the tray,7,0,126,6.389,1788428636.1927876,00006_front_put_the_cylinder_on_the_tray.png,00006_wrist_put_the_cylinder_on_the_tray.png,recap.png,50,3,154,155,-38.15384615384615,-68.08791208791209,63.34065934065934,66.81318681318682,-4.0,0.3424657534246575,-35.58961868286133,-55.85697937011719,51.34724426269531,67.66398620605469,-5.295670509338379,1.285485029220581
083_cylinder,put the cylinder on the tray,7,0,126,6.389,1788428636.1927876,00006_front_put_the_cylinder_on_the_tray.png,00006_wrist_put_the_cylinder_on_the_tray.png,recap.png,50,4,155,156,-38.15384615384615,-68.08791208791209,63.34065934065934,66.81318681318682,-4.0,0.3424657534246575,-35.576229095458984,-55.0050163269043,49.687171936035156,67.82317352294922,-5.195292949676514,1.1415815353393555
083_cylinder,put the cylinder on the tray,7,0,126,6.389,1788428636.1927876,00006_front_put_the_cylinder_on_the_tray.png,00006_wrist_put_the_cylinder_on_the_tray.png,recap.png,50,5,156,157,-38.15384615384615,-68.08791208791209,63.34065934065934,66.81318681318682,-4.0,0.3424657534246575,-35.619903564453125,-53.390560150146484,49.12708282470703,67.67432403564453,-5.16219425201416,1.2636175155639648
083_cylinder,put the cylinder on the tray,7,0,126,6.389,1788428636.1927876,00006_front_put_the_cylinder_on_the_tray.png,00006_wrist_put_the_cylinder_on_the_tray.png,recap.png,50,6,157,158,-38.15384615384615,-68.08791208791209,63.34065934065934,66.81318681318682,-4.0,0.3424657534246575,-35.78239822387695,-52.5493049621582,47.650054931640625,68.08128356933594,-5.253100872039795,1.2850441932678223
083_cylinder,put the cylinder on the tray,7,0,126,6.389,1788428636.1927876,00006_front_put_the_cylinder_on_the_tray.png,00006_wrist_put_the_cylinder_on_the_tray.png,recap.png,50,7,158,159,-38.15384615384615,-68.08791208791209,63.34065934065934,66.81318681318682,-4.0,0.3424657534246575,-35.51282501220703,-50.10673522949219,47.305931091308594,68.03750610351562,-5.245645523071289,1.3115031719207764
083_cylinder,put the cylinder on the tray,7,0,126,6.389,1788428636.1927876,00006_front_put_the_cylinder_on_the_tray.png,00006_wrist_put_the_cylinder_on_the_tray.png,recap.png,50,8,159,160,-38.15384615384615,-68.08791208791209,63.34065934065934,66.81318681318682,-4.0,0.3424657534246575,-35.60697555541992,-49.49971389770508,45.54200744628906,68.17253112792969,-5.2512054443359375,1.2747604846954346
083_cylinder,put the cylinder on the tray,7,0,126,6.389,1788428636.1927876,00006_front_put_the_cylinder_on_the_tray.png,00006_wrist_put_the_cylinder_on_the_tray.png,recap.png,50,9,160,161,-38.15384615384615,-68.08791208791209,63.34065934065934,66.81318681318682,-4.0,0.3424657534246575,-35.744693756103516,-47.54856872558594,44.888832092285156,68.11495971679688,-5.276943206787109,1.4501214027404785
083_cylinder,put the cylinder on the tray,7,0,126,6.389,1788428636.1927876,00006_front_put_the_cylinder_on_the_tray.png,00006_wrist_put_the_cylinder_on_the_tray.png,recap.png,50,10,161,162,-38.15384615384615,-68.08791208791209,63.34065934065934,66.81318681318682,-4.0,0.3424657534246575,-35.62468338012695,-46.19561004638672,43.620460510253906,68.09550476074219,-5.415523052215576,1.688345193862915
083_cylinder,put the cylinder on the tray,7,0,126,6.389,1788428636.1927876,00006_front_put_the_cylinder_on_the_tray.png,00006_wrist_put_the_cylinder_on_the_tray.png,recap.png,50,11,162,163,-38.15384615384615,-68.08791208791209,63.34065934065934,66.81318681318682,-4.0,0.3424657534246575,-35.86368179321289,-44.80595397949219,42.29570007324219,68.18179321289062,-5.520495891571045,1.6970176696777344
083_cylinder,put the cylinder on the tray,7,0,126,6.389,1788428636.1927876,00006_front_put_the_cylinder_on_the_tray.png,00006_wrist_put_the_cylinder_on_the_tray.png,recap.png,50,12,163,164,-38.15384615384615,-68.08791208791209,63.34065934065934,66.81318681318682,-4.0,0.3424657534246575,-35.98283004760742,-43.449859619140625,41.86579895019531,67.78650665283203,-5.576704978942871,1.8476178646087646
083_cylinder,put the cylinder on the tray,7,0,126,6.389,1788428636.1927876,00006_front_put_the_cylinder_on_the_tray.png,00006_wrist_put_the_cylinder_on_the_tray.png,recap.png,50,13,164,165,-38.15384615384615,-68.08791208791209,63.34065934065934,66.81318681318682,-4.0,0.3424657534246575,-36.06336975097656,-42.02492141723633,42.21977996826172,67.29826354980469,-5.635559558868408,2.1875927448272705
083_cylinder,put the cylinder on the tray,7,0,126,6.389,1788428636.1927876,00006_front_put_the_cylinder_on_the_tray.png,00006_wrist_put_the_cylinder_on_the_tray.png,recap.png,50,14,165,166,-38.15384615384615,-68.08791208791209,63.34065934065934,66.81318681318682,-4.0,0.3424657534246575,-36.04259490966797,-40.86065673828125,42.35407257080078,66.95301818847656,-5.557229995727539,2.4846816062927246
083_cylinder,put the cylinder on the tray,7,0,126,6.389,1788428636.1927876,00006_front_put_the_cylinder_on_the_tray.png,00006_wrist_put_the_cylinder_on_the_tray.png,recap.png,50,15,166,167,-38.15384615384615,-68.08791208791209,63.34065934065934,66.81318681318682,-4.0,0.3424657534246575,-36.27750778198242,-40.37068557739258,41.81346893310547,66.38644409179688,-5.649602890014648,2.916274070739746
083_cylinder,put the cylinder on the tray,7,0,126,6.389,1788428636.1927876,00006_front_put_the_cylinder_on_the_tray.png,00006_wrist_put_the_cylinder_on_the_tray.png,recap.png,50,16,167,168,-38.15384615384615,-68.08791208791209,63.34065934065934,66.81318681318682,-4.0,0.3424657534246575,-35.991973876953125,-39.91355514526367,42.05437469482422,66.01309967041016,-5.649193286895752,4.090181350708008
083_cylinder,put the cylinder on the tray,7,0,126,6.389,1788428636.1927876,00006_front_put_the_cylinder_on_the_tray.png,00006_wrist_put_the_cylinder_on_the_tray.png,recap.png,50,17,168,169,-38.15384615384615,-68.08791208791209,63.34065934065934,66.81318681318682,-4.0,0.3424657534246575,-36.15140914916992,-39.71644592285156,41.489707946777344,65.63876342773438,-5.550585746765137,5.5832390785217285
083_cylinder,put the cylinder on the tray,7,0,126,6.389,1788428636.1927876,00006_front_put_the_cylinder_on_the_tray.png,00006_wrist_put_the_cylinder_on_the_tray.png,recap.png,50,18,169,170,-38.15384615384615,-68.08791208791209,63.34065934065934,66.81318681318682,-4.0,0.3424657534246575,-36.351829528808594,-39.8462028503418,42.171966552734375,65.31158447265625,-5.548582553863525,7.462974548339844
083_cylinder,put the cylinder on the tray,7,0,126,6.389,1788428636.1927876,00006_front_put_the_cylinder_on_the_tray.png,00006_wrist_put_the_cylinder_on_the_tray.png,recap.png,50,19,170,171,-38.15384615384615,-68.08791208791209,63.34065934065934,66.81318681318682,-4.0,0.3424657534246575,-36.250492095947266,-39.832420349121094,43.10643768310547,65.14047241210938,-5.527173042297363,10.071996688842773
083_cylinder,put the cylinder on the tray,7,0,126,6.389,1788428636.1927876,00006_front_put_the_cylinder_on_the_tray.png,00006_wrist_put_the_cylinder_on_the_tray.png,recap.png,50,20,171,172,-38.15384615384615,-68.08791208791209,63.34065934065934,66.81318681318682,-4.0,0.3424657534246575,-36.389183044433594,-39.591312408447266,43.573280334472656,65.33599853515625,-5.491947650909424,12.536828994750977
083_cylinder,put the cylinder on the tray,7,0,126,6.389,1788428636.1927876,00006_front_put_the_cylinder_on_the_tray.png,00006_wrist_put_the_cylinder_on_the_tray.png,recap.png,50,21,172,173,-38.15384615384615,-68.08791208791209,63.34065934065934,66.81318681318682,-4.0,0.3424657534246575,-36.520755767822266,-39.139305114746094,43.099403381347656,65.60261535644531,-5.492518901824951,14.968632698059082
083_cylinder,put the cylinder on the tray,7,0,126,6.389,1788428636.1927876,00006_front_put_the_cylinder_on_the_tray.png,00006_wrist_put_the_cylinder_on_the_tray.png,recap.png,50,22,173,174,-38.15384615384615,-68.08791208791209,63.34065934065934,66.81318681318682,-4.0,0.3424657534246575,-36.61490249633789,-38.53136444091797,43.445838928222656,65.57015228271484,-5.393360137939453,16.871427536010742
083_cylinder,put the cylinder on the tray,7,0,126,6.389,1788428636.1927876,00006_front_put_the_cylinder_on_the_tray.png,00006_wrist_put_the_cylinder_on_the_tray.png,recap.png,50,23,174,175,-38.15384615384615,-68.08791208791209,63.34065934065934,66.81318681318682,-4.0,0.3424657534246575,-36.48167419433594,-38.45484161376953,42.934059143066406,65.93134307861328,-5.589771270751953,18.228816986083984
083_cylinder,put the cylinder on the tray,7,0,126,6.389,1788428636.1927876,00006_front_put_the_cylinder_on_the_tray.png,00006_wrist_put_the_cylinder_on_the_tray.png,recap.png,50,24,175,176,-38.15384615384615,-68.08791208791209,63.34065934065934,66.81318681318682,-4.0,0.3424657534246575,-36.31870651245117,-37.037513732910156,43.129478454589844,65.98078155517578,-5.529155731201172,19.504398345947266
083_cylinder,put the cylinder on the tray,8,1,150,7.192,1788428636.9896228,00007_front_put_the_cylinder_on_the_tray.png,00007_wrist_put_the_cylinder_on_the_tray.png,recap.png,50,0,176,177,-34.54945054945055,-90.06593406593407,75.47252747252747,73.75824175824175,-3.4725274725274726,0.3424657534246575,-32.708168029785156,-97.24575805664062,79.54426574707031,71.86483764648438,-2.939724922180176,0.8248823285102844
083_cylinder,put the cylinder on the tray,8,1,150,7.192,1788428636.9896228,00007_front_put_the_cylinder_on_the_tray.png,00007_wrist_put_the_cylinder_on_the_tray.png,recap.png,50,1,177,178,-34.54945054945055,-90.06593406593407,75.47252747252747,73.75824175824175,-3.4725274725274726,0.3424657534246575,-32.7203483581543,-97.28325653076172,79.607666015625,71.86321258544922,-3.0397958755493164,1.005002737045288
083_cylinder,put the cylinder on the tray,8,1,150,7.192,1788428636.9896228,00007_front_put_the_cylinder_on_the_tray.png,00007_wrist_put_the_cylinder_on_the_tray.png,recap.png,50,2,178,179,-34.54945054945055,-90.06593406593407,75.47252747252747,73.75824175824175,-3.4725274725274726,0.3424657534246575,-32.95359420776367,-97.33638000488281,79.60162353515625,71.75132751464844,-3.0970535278320312,0.8238732814788818
083_cylinder,put the cylinder on the tray,8,1,150,7.192,1788428636.9896228,00007_front_put_the_cylinder_on_the_tray.png,00007_wrist_put_the_cylinder_on_the_tray.png,recap.png,50,3,179,180,-34.54945054945055,-90.06593406593407,75.47252747252747,73.75824175824175,-3.4725274725274726,0.3424657534246575,-33.0117073059082,-97.3682632446289,80.063720703125,71.74789428710938,-3.0110034942626953,0.8811907768249512
083_cylinder,put the cylinder on the tray,8,1,150,7.192,1788428636.9896228,00007_front_put_the_cylinder_on_the_tray.png,00007_wrist_put_the_cylinder_on_the_tray.png,recap.png,50,4,180,181,-34.54945054945055,-90.06593406593407,75.47252747252747,73.75824175824175,-3.4725274725274726,0.3424657534246575,-32.982521057128906,-97.01953887939453,79.93365478515625,71.54114532470703,-3.0755996704101562,0.8865270018577576
083_cylinder,put the cylinder on the tray,8,1,150,7.192,1788428636.9896228,00007_front_put_the_cylinder_on_the_tray.png,00007_wrist_put_the_cylinder_on_the_tray.png,recap.png,50,5,181,182,-34.54945054945055,-90.06593406593407,75.47252747252747,73.75824175824175,-3.4725274725274726,0.3424657534246575,-33.121665954589844,-97.24163818359375,79.89599609375,71.77891540527344,-3.1389217376708984,0.7685993313789368
083_cylinder,put the cylinder on the tray,8,1,150,7.192,1788428636.9896228,00007_front_put_the_cylinder_on_the_tray.png,00007_wrist_put_the_cylinder_on_the_tray.png,recap.png,50,6,182,183,-34.54945054945055,-90.06593406593407,75.47252747252747,73.75824175824175,-3.4725274725274726,0.3424657534246575,-33.146018981933594,-97.23471069335938,79.85406494140625,71.59980773925781,-3.031113624572754,0.8639564514160156
083_cylinder,put the cylinder on the tray,8,1,150,7.192,1788428636.9896228,00007_front_put_the_cylinder_on_the_tray.png,00007_wrist_put_the_cylinder_on_the_tray.png,recap.png,50,7,183,184,-34.54945054945055,-90.06593406593407,75.47252747252747,73.75824175824175,-3.4725274725274726,0.3424657534246575,-33.10899353027344,-97.11559295654297,80.40379333496094,71.67706298828125,-3.0118303298950195,0.756066083908081
083_cylinder,put the cylinder on the tray,8,1,150,7.192,1788428636.9896228,00007_front_put_the_cylinder_on_the_tray.png,00007_wrist_put_the_cylinder_on_the_tray.png,recap.png,50,8,184,185,-34.54945054945055,-90.06593406593407,75.47252747252747,73.75824175824175,-3.4725274725274726,0.3424657534246575,-32.95079040527344,-96.35072326660156,80.10397338867188,71.38224792480469,-3.0683860778808594,0.7402104139328003
083_cylinder,put the cylinder on the tray,8,1,150,7.192,1788428636.9896228,00007_front_put_the_cylinder_on_the_tray.png,00007_wrist_put_the_cylinder_on_the_tray.png,recap.png,50,9,185,186,-34.54945054945055,-90.06593406593407,75.47252747252747,73.75824175824175,-3.4725274725274726,0.3424657534246575,-32.946773529052734,-96.76036834716797,79.97746276855469,71.59644317626953,-3.024367332458496,0.7833982110023499
083_cylinder,put the cylinder on the tray,8,1,150,7.192,1788428636.9896228,00007_front_put_the_cylinder_on_the_tray.png,00007_wrist_put_the_cylinder_on_the_tray.png,recap.png,50,10,186,187,-34.54945054945055,-90.06593406593407,75.47252747252747,73.75824175824175,-3.4725274725274726,0.3424657534246575,-32.96221160888672,-96.54796600341797,80.35430908203125,71.30332946777344,-3.121840476989746,0.6387183666229248
083_cylinder,put the cylinder on the tray,8,1,150,7.192,1788428636.9896228,00007_front_put_the_cylinder_on_the_tray.png,00007_wrist_put_the_cylinder_on_the_tray.png,recap.png,50,11,187,188,-34.54945054945055,-90.06593406593407,75.47252747252747,73.75824175824175,-3.4725274725274726,0.3424657534246575,-32.74260711669922,-96.1607894897461,80.00599670410156,71.2205810546875,-3.0688695907592773,0.6580642461776733
083_cylinder,put the cylinder on the tray,8,1,150,7.192,1788428636.9896228,00007_front_put_the_cylinder_on_the_tray.png,00007_wrist_put_the_cylinder_on_the_tray.png,recap.png,50,12,188,189,-34.54945054945055,-90.06593406593407,75.47252747252747,73.75824175824175,-3.4725274725274726,0.3424657534246575,-32.88360595703125,-96.69861602783203,80.08958435058594,71.26793670654297,-3.06973934173584,0.7567617893218994
083_cylinder,put the cylinder on the tray,8,1,150,7.192,1788428636.9896228,00007_front_put_the_cylinder_on_the_tray.png,00007_wrist_put_the_cylinder_on_the_tray.png,recap.png,50,13,189,190,-34.54945054945055,-90.06593406593407,75.47252747252747,73.75824175824175,-3.4725274725274726,0.3424657534246575,-32.78663635253906,-96.93596649169922,79.47050476074219,71.32059478759766,-3.0514707565307617,0.6533069014549255
083_cylinder,put the cylinder on the tray,8,1,150,7.192,1788428636.9896228,00007_front_put_the_cylinder_on_the_tray.png,00007_wrist_put_the_cylinder_on_the_tray.png,recap.png,50,14,190,191,-34.54945054945055,-90.06593406593407,75.47252747252747,73.75824175824175,-3.4725274725274726,0.3424657534246575,-32.89156723022461,-96.01220703125,79.54612731933594,71.40496063232422,-3.0708608627319336,0.7417058944702148
083_cylinder,put the cylinder on the tray,8,1,150,7.192,1788428636.9896228,00007_front_put_the_cylinder_on_the_tray.png,00007_wrist_put_the_cylinder_on_the_tray.png,recap.png,50,15,191,192,-34.54945054945055,-90.06593406593407,75.47252747252747,73.75824175824175,-3.4725274725274726,0.3424657534246575,-32.76173400878906,-95.49663543701172,79.80207824707031,71.36083221435547,-3.002178192138672,0.6920942664146423
083_cylinder,put the cylinder on the tray,8,1,150,7.192,1788428636.9896228,00007_front_put_the_cylinder_on_the_tray.png,00007_wrist_put_the_cylinder_on_the_tray.png,recap.png,50,16,192,193,-34.54945054945055,-90.06593406593407,75.47252747252747,73.75824175824175,-3.4725274725274726,0.3424657534246575,-32.63225555419922,-95.47903442382812,79.10629272460938,71.31564331054688,-3.0178375244140625,0.6331421136856079
083_cylinder,put the cylinder on the tray,8,1,150,7.192,1788428636.9896228,00007_front_put_the_cylinder_on_the_tray.png,00007_wrist_put_the_cylinder_on_the_tray.png,recap.png,50,17,193,194,-34.54945054945055,-90.06593406593407,75.47252747252747,73.75824175824175,-3.4725274725274726,0.3424657534246575,-32.662879943847656,-95.94143676757812,78.9732666015625,71.32827758789062,-3.0391387939453125,0.6473334431648254
083_cylinder,put the cylinder on the tray,8,1,150,7.192,1788428636.9896228,00007_front_put_the_cylinder_on_the_tray.png,00007_wrist_put_the_cylinder_on_the_tray.png,recap.png,50,18,194,195,-34.54945054945055,-90.06593406593407,75.47252747252747,73.75824175824175,-3.4725274725274726,0.3424657534246575,-32.462013244628906,-96.06952667236328,78.90789794921875,71.53409576416016,-3.0520706176757812,0.636875569820404
083_cylinder,put the cylinder on the tray,8,1,150,7.192,1788428636.9896228,00007_front_put_the_cylinder_on_the_tray.png,00007_wrist_put_the_cylinder_on_the_tray.png,recap.png,50,19,195,196,-34.54945054945055,-90.06593406593407,75.47252747252747,73.75824175824175,-3.4725274725274726,0.3424657534246575,-32.168365478515625,-96.2263412475586,78.54496765136719,71.37438201904297,-3.061600685119629,0.6947612762451172
083_cylinder,put the cylinder on the tray,8,1,150,7.192,1788428636.9896228,00007_front_put_the_cylinder_on_the_tray.png,00007_wrist_put_the_cylinder_on_the_tray.png,recap.png,50,20,196,197,-34.54945054945055,-90.06593406593407,75.47252747252747,73.75824175824175,-3.4725274725274726,0.3424657534246575,-31.854167938232422,-95.4785385131836,78.29830932617188,71.63731384277344,-3.1577138900756836,0.7589635848999023
083_cylinder,put the cylinder on the tray,8,1,150,7.192,1788428636.9896228,00007_front_put_the_cylinder_on_the_tray.png,00007_wrist_put_the_cylinder_on_the_tray.png,recap.png,50,21,197,198,-34.54945054945055,-90.06593406593407,75.47252747252747,73.75824175824175,-3.4725274725274726,0.3424657534246575,-31.552885055541992,-95.38287353515625,77.81491088867188,71.5177001953125,-3.0404109954833984,0.700730562210083
083_cylinder,put the cylinder on the tray,8,1,150,7.192,1788428636.9896228,00007_front_put_the_cylinder_on_the_tray.png,00007_wrist_put_the_cylinder_on_the_tray.png,recap.png,50,22,198,199,-34.54945054945055,-90.06593406593407,75.47252747252747,73.75824175824175,-3.4725274725274726,0.3424657534246575,-30.681669235229492,-95.25807189941406,78.28627014160156,71.44276428222656,-3.1786975860595703,0.8714169263839722
083_cylinder,put the cylinder on the tray,8,1,150,7.192,1788428636.9896228,00007_front_put_the_cylinder_on_the_tray.png,00007_wrist_put_the_cylinder_on_the_tray.png,recap.png,50,23,199,200,-34.54945054945055,-90.06593406593407,75.47252747252747,73.75824175824175,-3.4725274725274726,0.3424657534246575,-30.428316116333008,-95.79251098632812,77.87081909179688,71.38526153564453,-3.190281867980957,0.6592198610305786
083_cylinder,put the cylinder on the tray,9,1,175,8.161,1788428637.9586878,00008_front_put_the_cylinder_on_the_tray.png,00008_wrist_put_the_cylinder_on_the_tray.png,recap.png,50,0,200,201,-36.21978021978022,-38.637362637362635,44.43956043956044,66.46153846153847,-5.230769230769231,13.904109589041097,-36.470481872558594,-35.045249938964844,41.806678771972656,66.98670959472656,-3.5888214111328125,29.373863220214844
083_cylinder,put the cylinder on the tray,9,1,175,8.161,1788428637.9586878,00008_front_put_the_cylinder_on_the_tray.png,00008_wrist_put_the_cylinder_on_the_tray.png,recap.png,50,1,201,202,-36.21978021978022,-38.637362637362635,44.43956043956044,66.46153846153847,-5.230769230769231,13.904109589041097,-36.771583557128906,-34.8883056640625,41.623207092285156,66.98509216308594,-3.4826297760009766,29.70718002319336
083_cylinder,put the cylinder on the tray,9,1,175,8.161,1788428637.9586878,00008_front_put_the_cylinder_on_the_tray.png,00008_wrist_put_the_cylinder_on_the_tray.png,recap.png,50,2,202,203,-36.21978021978022,-38.637362637362635,44.43956043956044,66.46153846153847,-5.230769230769231,13.904109589041097,-36.85122299194336,-33.99492645263672,41.38124084472656,66.79794311523438,-3.392080307006836,30.027000427246094
083_cylinder,put the cylinder on the tray,9,1,175,8.161,1788428637.9586878,00008_front_put_the_cylinder_on_the_tray.png,00008_wrist_put_the_cylinder_on_the_tray.png,recap.png,50,3,203,204,-36.21978021978022,-38.637362637362635,44.43956043956044,66.46153846153847,-5.230769230769231,13.904109589041097,-37.20436096191406,-33.623687744140625,41.31114196777344,66.79280090332031,-3.3907995223999023,30.397705078125
083_cylinder,put the cylinder on the tray,9,1,175,8.161,1788428637.9586878,00008_front_put_the_cylinder_on_the_tray.png,00008_wrist_put_the_cylinder_on_the_tray.png,recap.png,50,4,204,205,-36.21978021978022,-38.637362637362635,44.43956043956044,66.46153846153847,-5.230769230769231,13.904109589041097,-37.33207702636719,-33.131072998046875,40.66778564453125,66.8555679321289,-3.36592960357666,30.784381866455078
083_cylinder,put the cylinder on the tray,9,1,175,8.161,1788428637.9586878,00008_front_put_the_cylinder_on_the_tray.png,00008_wrist_put_the_cylinder_on_the_tray.png,recap.png,50,5,205,206,-36.21978021978022,-38.637362637362635,44.43956043956044,66.46153846153847,-5.230769230769231,13.904109589041097,-37.3082160949707,-32.22422790527344,40.09796905517578,66.85749053955078,-3.3996353149414062,31.162460327148438
083_cylinder,put the cylinder on the tray,9,1,175,8.161,1788428637.9586878,00008_front_put_the_cylinder_on_the_tray.png,00008_wrist_put_the_cylinder_on_the_tray.png,recap.png,50,6,206,207,-36.21978021978022,-38.637362637362635,44.43956043956044,66.46153846153847,-5.230769230769231,13.904109589041097,-37.402565002441406,-31.592910766601562,39.71794128417969,66.71931457519531,-3.331317901611328,31.42085075378418
083_cylinder,put the cylinder on the tray,9,1,175,8.161,1788428637.9586878,00008_front_put_the_cylinder_on_the_tray.png,00008_wrist_put_the_cylinder_on_the_tray.png,recap.png,50,7,207,208,-36.21978021978022,-38.637362637362635,44.43956043956044,66.46153846153847,-5.230769230769231,13.904109589041097,-37.65798568725586,-30.8712158203125,39.47015380859375,66.93838500976562,-3.1225547790527344,31.633846282958984
083_cylinder,put the cylinder on the tray,9,1,175,8.161,1788428637.9586878,00008_front_put_the_cylinder_on_the_tray.png,00008_wrist_put_the_cylinder_on_the_tray.png,recap.png,50,8,208,209,-36.21978021978022,-38.637362637362635,44.43956043956044,66.46153846153847,-5.230769230769231,13.904109589041097,-37.590049743652344,-30.618362426757812,39.344322204589844,66.88845825195312,-3.136075019836426,31.850200653076172
083_cylinder,put the cylinder on the tray,9,1,175,8.161,1788428637.9586878,00008_front_put_the_cylinder_on_the_tray.png,00008_wrist_put_the_cylinder_on_the_tray.png,recap.png,50,9,209,210,-36.21978021978022,-38.637362637362635,44.43956043956044,66.46153846153847,-5.230769230769231,13.904109589041097,-37.69660949707031,-30.576858520507812,39.004356384277344,66.92996215820312,-3.0135269165039062,31.906158447265625
083_cylinder,put the cylinder on the tray,9,1,175,8.161,1788428637.9586878,00008_front_put_the_cylinder_on_the_tray.png,00008_wrist_put_the_cylinder_on_the_tray.png,recap.png,50,10,210,211,-36.21978021978022,-38.637362637362635,44.43956043956044,66.46153846153847,-5.230769230769231,13.904109589041097,-37.64907455444336,-28.94024658203125,38.36735534667969,66.9674072265625,-2.884659767150879,32.15439224243164
083_cylinder,put the cylinder on the tray,9,1,175,8.161,1788428637.9586878,00008_front_put_the_cylinder_on_the_tray.png,00008_wrist_put_the_cylinder_on_the_tray.png,recap.png,50,11,211,212,-36.21978021978022,-38.637362637362635,44.43956043956044,66.46153846153847,-5.230769230769231,13.904109589041097,-37.78467559814453,-29.084136962890625,38.14069366455078,66.89645385742188,-2.9255905151367188,32.23988723754883
083_cylinder,put the cylinder on the tray,9,1,175,8.161,1788428637.9586878,00008_front_put_the_cylinder_on_the_tray.png,00008_wrist_put_the_cylinder_on_the_tray.png,recap.png,50,12,212,213,-36.21978021978022,-38.637362637362635,44.43956043956044,66.46153846153847,-5.230769230769231,13.904109589041097,-37.658531188964844,-27.32928466796875,37.70869445800781,67.03082275390625,-2.761673927307129,32.34160614013672
083_cylinder,put the cylinder on the tray,9,1,175,8.161,1788428637.9586878,00008_front_put_the_cylinder_on_the_tray.png,00008_wrist_put_the_cylinder_on_the_tray.png,recap.png,50,13,213,214,-36.21978021978022,-38.637362637362635,44.43956043956044,66.46153846153847,-5.230769230769231,13.904109589041097,-37.927860260009766,-26.606590270996094,37.54191589355469,67.08405303955078,-2.667513847351074,32.23672866821289
083_cylinder,put the cylinder on the tray,9,1,175,8.161,1788428637.9586878,00008_front_put_the_cylinder_on_the_tray.png,00008_wrist_put_the_cylinder_on_the_tray.png,recap.png,50,14,214,215,-36.21978021978022,-38.637362637362635,44.43956043956044,66.46153846153847,-5.230769230769231,13.904109589041097,-37.717002868652344,-24.931602478027344,36.440185546875,66.9469223022461,-2.7211074829101562,32.536739349365234
083_cylinder,put the cylinder on the tray,9,1,175,8.161,1788428637.9586878,00008_front_put_the_cylinder_on_the_tray.png,00008_wrist_put_the_cylinder_on_the_tray.png,recap.png,50,15,215,216,-36.21978021978022,-38.637362637362635,44.43956043956044,66.46153846153847,-5.230769230769231,13.904109589041097,-37.95372009277344,-23.92803192138672,36.067665100097656,67.13289642333984,-2.830702781677246,32.55839538574219
083_cylinder,put the cylinder on the tray,9,1,175,8.161,1788428637.9586878,00008_front_put_the_cylinder_on_the_tray.png,00008_wrist_put_the_cylinder_on_the_tray.png,recap.png,50,16,216,217,-36.21978021978022,-38.637362637362635,44.43956043956044,66.46153846153847,-5.230769230769231,13.904109589041097,-38.03050231933594,-22.881546020507812,34.852813720703125,66.99481964111328,-2.8707752227783203,32.86691665649414
083_cylinder,put the cylinder on the tray,9,1,175,8.161,1788428637.9586878,00008_front_put_the_cylinder_on_the_tray.png,00008_wrist_put_the_cylinder_on_the_tray.png,recap.png,50,17,217,218,-36.21978021978022,-38.637362637362635,44.43956043956044,66.46153846153847,-5.230769230769231,13.904109589041097,-38.068607330322266,-21.142715454101562,34.09485626220703,67.05294799804688,-2.9367103576660156,33.25240707397461
083_cylinder,put the cylinder on the tray,9,1,175,8.161,1788428637.9586878,00008_front_put_the_cylinder_on_the_tray.png,00008_wrist_put_the_cylinder_on_the_tray.png,recap.png,50,18,218,219,-36.21978021978022,-38.637362637362635,44.43956043956044,66.46153846153847,-5.230769230769231,13.904109589041097,-38.1317253112793,-20.025123596191406,33.056488037109375,67.13504028320312,-3.0237178802490234,33.455772399902344
083_cylinder,put the cylinder on the tray,9,1,175,8.161,1788428637.9586878,00008_front_put_the_cylinder_on_the_tray.png,00008_wrist_put_the_cylinder_on_the_tray.png,recap.png,50,19,219,220,-36.21978021978022,-38.637362637362635,44.43956043956044,66.46153846153847,-5.230769230769231,13.904109589041097,-38.240196228027344,-19.597366333007812,32.43921661376953,67.05193328857422,-3.092583656311035,33.44709014892578
083_cylinder,put the cylinder on the tray,9,1,175,8.161,1788428637.9586878,00008_front_put_the_cylinder_on_the_tray.png,00008_wrist_put_the_cylinder_on_the_tray.png,recap.png,50,20,220,221,-36.21978021978022,-38.637362637362635,44.43956043956044,66.46153846153847,-5.230769230769231,13.904109589041097,-38.71529006958008,-18.357223510742188,32.506591796875,67.29550170898438,-3.138861656188965,33.279502868652344
083_cylinder,put the cylinder on the tray,9,1,175,8.161,1788428637.9586878,00008_front_put_the_cylinder_on_the_tray.png,00008_wrist_put_the_cylinder_on_the_tray.png,recap.png,50,21,221,222,-36.21978021978022,-38.637362637362635,44.43956043956044,66.46153846153847,-5.230769230769231,13.904109589041097,-38.627742767333984,-17.218727111816406,31.93614959716797,67.14163208007812,-3.1612701416015625,33.291236877441406
083_cylinder,put the cylinder on the tray,9,1,175,8.161,1788428637.9586878,00008_front_put_the_cylinder_on_the_tray.png,00008_wrist_put_the_cylinder_on_the_tray.png,recap.png,50,22,222,223,-36.21978021978022,-38.637362637362635,44.43956043956044,66.46153846153847,-5.230769230769231,13.904109589041097,-38.728904724121094,-16.357742309570312,31.256263732910156,67.26517486572266,-3.2020912170410156,33.416107177734375
083_cylinder,put the cylinder on the tray,9,1,175,8.161,1788428637.9586878,00008_front_put_the_cylinder_on_the_tray.png,00008_wrist_put_the_cylinder_on_the_tray.png,recap.png,50,23,223,224,-36.21978021978022,-38.637362637362635,44.43956043956044,66.46153846153847,-5.230769230769231,13.904109589041097,-38.779945373535156,-15.669761657714844,30.2830810546875,67.39573669433594,-3.1964874267578125,33.429054260253906
083_cylinder,put the cylinder on the tray,9,1,175,8.161,1788428637.9586878,00008_front_put_the_cylinder_on_the_tray.png,00008_wrist_put_the_cylinder_on_the_tray.png,recap.png,50,24,224,225,-36.21978021978022,-38.637362637362635,44.43956043956044,66.46153846153847,-5.230769230769231,13.904109589041097,-39.14614486694336,-14.833015441894531,30.456878662109375,67.41048431396484,-3.187558174133301,33.42946243286133
083_cylinder,put the cylinder on the tray,10,1,199,8.997,1788428638.7945259,00009_front_put_the_cylinder_on_the_tray.png,00009_wrist_put_the_cylinder_on_the_tray.png,recap.png,50,0,225,226,-32.0,-95.34065934065934,80.13186813186813,71.47252747252747,-3.4725274725274726,0.9589041095890412,-33.5219612121582,-100.05876159667969,80.5782470703125,72.72369384765625,-1.9139204025268555,1.149477481842041
083_cylinder,put the cylinder on the tray,10,1,199,8.997,1788428638.7945259,00009_front_put_the_cylinder_on_the_tray.png,00009_wrist_put_the_cylinder_on_the_tray.png,recap.png,50,1,226,227,-32.0,-95.34065934065934,80.13186813186813,71.47252747252747,-3.4725274725274726,0.9589041095890412,-33.524044036865234,-99.97889709472656,80.8602294921875,72.90510559082031,-1.9849863052368164,1.0618783235549927
083_cylinder,put the cylinder on the tray,10,1,199,8.997,1788428638.7945259,00009_front_put_the_cylinder_on_the_tray.png,00009_wrist_put_the_cylinder_on_the_tray.png,recap.png,50,2,227,228,-32.0,-95.34065934065934,80.13186813186813,71.47252747252747,-3.4725274725274726,0.9589041095890412,-33.511959075927734,-100.53439331054688,81.15629577636719,73.10852813720703,-1.8830652236938477,0.9054628610610962
083_cylinder,put the cylinder on the tray,10,1,199,8.997,1788428638.7945259,00009_front_put_the_cylinder_on_the_tray.png,00009_wrist_put_the_cylinder_on_the_tray.png,recap.png,50,3,228,229,-32.0,-95.34065934065934,80.13186813186813,71.47252747252747,-3.4725274725274726,0.9589041095890412,-33.33076477050781,-99.95321655273438,80.83906555175781,73.00186157226562,-1.9423446655273438,0.8916327357292175
083_cylinder,put the cylinder on the tray,10,1,199,8.997,1788428638.7945259,00009_front_put_the_cylinder_on_the_tray.png,00009_wrist_put_the_cylinder_on_the_tray.png,recap.png,50,4,229,230,-32.0,-95.34065934065934,80.13186813186813,71.47252747252747,-3.4725274725274726,0.9589041095890412,-33.227840423583984,-100.48694610595703,81.30174255371094,73.26470947265625,-2.092182159423828,1.02726411819458
083_cylinder,put the cylinder on the tray,10,1,199,8.997,1788428638.7945259,00009_front_put_the_cylinder_on_the_tray.png,00009_wrist_put_the_cylinder_on_the_tray.png,recap.png,50,5,230,231,-32.0,-95.34065934065934,80.13186813186813,71.47252747252747,-3.4725274725274726,0.9589041095890412,-33.08252716064453,-100.56826782226562,80.97389221191406,73.18848419189453,-2.2483720779418945,1.028573751449585
083_cylinder,put the cylinder on the tray,10,1,199,8.997,1788428638.7945259,00009_front_put_the_cylinder_on_the_tray.png,00009_wrist_put_the_cylinder_on_the_tray.png,recap.png,50,6,231,232,-32.0,-95.34065934065934,80.13186813186813,71.47252747252747,-3.4725274725274726,0.9589041095890412,-32.980953216552734,-100.37638854980469,81.10899353027344,73.39506530761719,-2.365250587463379,1.062598466873169
083_cylinder,put the cylinder on the tray,10,1,199,8.997,1788428638.7945259,00009_front_put_the_cylinder_on_the_tray.png,00009_wrist_put_the_cylinder_on_the_tray.png,recap.png,50,7,232,233,-32.0,-95.34065934065934,80.13186813186813,71.47252747252747,-3.4725274725274726,0.9589041095890412,-33.16767120361328,-100.14239501953125,81.16424560546875,73.23626708984375,-2.4666757583618164,1.0592453479766846
083_cylinder,put the cylinder on the tray,10,1,199,8.997,1788428638.7945259,00009_front_put_the_cylinder_on_the_tray.png,00009_wrist_put_the_cylinder_on_the_tray.png,recap.png,50,8,233,234,-32.0,-95.34065934065934,80.13186813186813,71.47252747252747,-3.4725274725274726,0.9589041095890412,-33.237953186035156,-100.39263153076172,81.526611328125,73.40047454833984,-2.7192773818969727,1.0663117170333862
083_cylinder,put the cylinder on the tray,10,1,199,8.997,1788428638.7945259,00009_front_put_the_cylinder_on_the_tray.png,00009_wrist_put_the_cylinder_on_the_tray.png,recap.png,50,9,234,235,-32.0,-95.34065934065934,80.13186813186813,71.47252747252747,-3.4725274725274726,0.9589041095890412,-32.48640060424805,-100.18756103515625,81.16545104980469,73.47425842285156,-2.590949058532715,0.984680712223053
083_cylinder,put the cylinder on the tray,10,1,199,8.997,1788428638.7945259,00009_front_put_the_cylinder_on_the_tray.png,00009_wrist_put_the_cylinder_on_the_tray.png,recap.png,50,10,235,236,-32.0,-95.34065934065934,80.13186813186813,71.47252747252747,-3.4725274725274726,0.9589041095890412,-32.15223693847656,-100.41465759277344,81.74467468261719,73.92902374267578,-2.6574020385742188,1.0007041692733765
083_cylinder,put the cylinder on the tray,10,1,199,8.997,1788428638.7945259,00009_front_put_the_cylinder_on_the_tray.png,00009_wrist_put_the_cylinder_on_the_tray.png,recap.png,50,11,236,237,-32.0,-95.34065934065934,80.13186813186813,71.47252747252747,-3.4725274725274726,0.9589041095890412,-31.173471450805664,-100.73538208007812,81.37037658691406,74.11653137207031,-2.5944509506225586,1.0581661462783813
083_cylinder,put the cylinder on the tray,10,1,199,8.997,1788428638.7945259,00009_front_put_the_cylinder_on_the_tray.png,00009_wrist_put_the_cylinder_on_the_tray.png,recap.png,50,12,237,238,-32.0,-95.34065934065934,80.13186813186813,71.47252747252747,-3.4725274725274726,0.9589041095890412,-30.326522827148438,-101.03614044189453,82.0345458984375,74.53954315185547,-2.660933494567871,0.9716216325759888
083_cylinder,put the cylinder on the tray,10,1,199,8.997,1788428638.7945259,00009_front_put_the_cylinder_on_the_tray.png,00009_wrist_put_the_cylinder_on_the_tray.png,recap.png,50,13,238,239,-32.0,-95.34065934065934,80.13186813186813,71.47252747252747,-3.4725274725274726,0.9589041095890412,-29.489486694335938,-101.77310180664062,82.21522521972656,74.74618530273438,-2.60174560546875,0.9437202215194702
083_cylinder,put the cylinder on the tray,10,1,199,8.997,1788428638.7945259,00009_front_put_the_cylinder_on_the_tray.png,00009_wrist_put_the_cylinder_on_the_tray.png,recap.png,50,14,239,240,-32.0,-95.34065934065934,80.13186813186813,71.47252747252747,-3.4725274725274726,0.9589041095890412,-28.5153751373291,-101.66576385498047,81.97100830078125,75.13316345214844,-2.5795249938964844,0.8764929175376892
083_cylinder,put the cylinder on the tray,10,1,199,8.997,1788428638.7945259,00009_front_put_the_cylinder_on_the_tray.png,00009_wrist_put_the_cylinder_on_the_tray.png,recap.png,50,15,240,241,-32.0,-95.34065934065934,80.13186813186813,71.47252747252747,-3.4725274725274726,0.9589041095890412,-27.446571350097656,-101.55360412597656,82.53257751464844,75.44254302978516,-2.536137580871582,0.722505509853363
083_cylinder,put the cylinder on the tray,10,1,199,8.997,1788428638.7945259,00009_front_put_the_cylinder_on_the_tray.png,00009_wrist_put_the_cylinder_on_the_tray.png,recap.png,50,16,241,242,-32.0,-95.34065934065934,80.13186813186813,71.47252747252747,-3.4725274725274726,0.9589041095890412,-26.66966438293457,-101.9131088256836,82.89274597167969,75.46915435791016,-2.5066356658935547,0.7513724565505981
083_cylinder,put the cylinder on the tray,10,1,199,8.997,1788428638.7945259,00009_front_put_the_cylinder_on_the_tray.png,00009_wrist_put_the_cylinder_on_the_tray.png,recap.png,50,17,242,243,-32.0,-95.34065934065934,80.13186813186813,71.47252747252747,-3.4725274725274726,0.9589041095890412,-26.15079116821289,-101.6624984741211,82.53431701660156,75.22264099121094,-2.4199085235595703,0.8485181927680969
083_cylinder,put the cylinder on the tray,10,1,199,8.997,1788428638.7945259,00009_front_put_the_cylinder_on_the_tray.png,00009_wrist_put_the_cylinder_on_the_tray.png,recap.png,50,18,243,244,-32.0,-95.34065934065934,80.13186813186813,71.47252747252747,-3.4725274725274726,0.9589041095890412,-25.341102600097656,-101.22019958496094,83.01670837402344,75.28204345703125,-2.4366989135742188,0.6832848191261292
083_cylinder,put the cylinder on the tray,10,1,199,8.997,1788428638.7945259,00009_front_put_the_cylinder_on_the_tray.png,00009_wrist_put_the_cylinder_on_the_tray.png,recap.png,50,19,244,245,-32.0,-95.34065934065934,80.13186813186813,71.47252747252747,-3.4725274725274726,0.9589041095890412,-24.8669376373291,-101.52210998535156,82.94345092773438,75.16116333007812,-2.4443187713623047,0.7150354981422424
083_cylinder,put the cylinder on the tray,10,1,199,8.997,1788428638.7945259,00009_front_put_the_cylinder_on_the_tray.png,00009_wrist_put_the_cylinder_on_the_tray.png,recap.png,50,20,245,246,-32.0,-95.34065934065934,80.13186813186813,71.47252747252747,-3.4725274725274726,0.9589041095890412,-24.282817840576172,-102.11386108398438,83.40754699707031,75.48255157470703,-2.510525703430176,0.663276195526123
083_cylinder,put the cylinder on the tray,10,1,199,8.997,1788428638.7945259,00009_front_put_the_cylinder_on_the_tray.png,00009_wrist_put_the_cylinder_on_the_tray.png,recap.png,50,21,246,247,-32.0,-95.34065934065934,80.13186813186813,71.47252747252747,-3.4725274725274726,0.9589041095890412,-23.486465454101562,-101.48149871826172,83.46234130859375,75.2846908569336,-2.5827560424804688,0.6273056268692017
083_cylinder,put the cylinder on the tray,10,1,199,8.997,1788428638.7945259,00009_front_put_the_cylinder_on_the_tray.png,00009_wrist_put_the_cylinder_on_the_tray.png,recap.png,50,22,247,248,-32.0,-95.34065934065934,80.13186813186813,71.47252747252747,-3.4725274725274726,0.9589041095890412,-22.93359375,-101.60038757324219,83.66596984863281,75.27839660644531,-2.6859006881713867,0.8498108386993408
083_cylinder,put the cylinder on the tray,10,1,199,8.997,1788428638.7945259,00009_front_put_the_cylinder_on_the_tray.png,00009_wrist_put_the_cylinder_on_the_tray.png,recap.png,50,23,248,249,-32.0,-95.34065934065934,80.13186813186813,71.47252747252747,-3.4725274725274726,0.9589041095890412,-22.354930877685547,-101.2506103515625,83.51065063476562,75.06788635253906,-2.5948572158813477,0.5531351566314697
083_cylinder,put the cylinder on the tray,11,1,224,9.967,1788428639.7643712,00010_front_put_the_cylinder_on_the_tray.png,00010_wrist_put_the_cylinder_on_the_tray.png,recap.png,50,0,249,250,-38.417582417582416,-16.65934065934066,34.065934065934066,67.6043956043956,-3.2967032967032965,33.013698630136986,-41.743804931640625,1.9122085571289062,22.783042907714844,67.55638122558594,-3.394773483276367,33.94085693359375
083_cylinder,put the cylinder on the tray,11,1,224,9.967,1788428639.7643712,00010_front_put_the_cylinder_on_the_tray.png,00010_wrist_put_the_cylinder_on_the_tray.png,recap.png,50,1,250,251,-38.417582417582416,-16.65934065934066,34.065934065934066,67.6043956043956,-3.2967032967032965,33.013698630136986,-41.931297302246094,2.555511474609375,22.379226684570312,67.42916870117188,-3.57769775390625,33.80074691772461
083_cylinder,put the cylinder on the tray,11,1,224,9.967,1788428639.7643712,00010_front_put_the_cylinder_on_the_tray.png,00010_wrist_put_the_cylinder_on_the_tray.png,recap.png,50,2,251,252,-38.417582417582416,-16.65934065934066,34.065934065934066,67.6043956043956,-3.2967032967032965,33.013698630136986,-41.912200927734375,3.5528182983398438,21.55396270751953,67.46517181396484,-3.5506668090820312,33.726295471191406
083_cylinder,put the cylinder on the tray,11,1,224,9.967,1788428639.7643712,00010_front_put_the_cylinder_on_the_tray.png,00010_wrist_put_the_cylinder_on_the_tray.png,recap.png,50,3,252,253,-38.417582417582416,-16.65934065934066,34.065934065934066,67.6043956043956,-3.2967032967032965,33.013698630136986,-42.05061340332031,3.5030059814453125,21.126129150390625,67.3502197265625,-3.530148506164551,33.636451721191406
083_cylinder,put the cylinder on the tray,11,1,224,9.967,1788428639.7643712,00010_front_put_the_cylinder_on_the_tray.png,00010_wrist_put_the_cylinder_on_the_tray.png,recap.png,50,4,253,254,-38.417582417582416,-16.65934065934066,34.065934065934066,67.6043956043956,-3.2967032967032965,33.013698630136986,-42.0484733581543,5.0474853515625,20.964324951171875,66.84809112548828,-3.523770332336426,33.64142990112305
083_cylinder,put the cylinder on the tray,11,1,224,9.967,1788428639.7643712,00010_front_put_the_cylinder_on_the_tray.png,00010_wrist_put_the_cylinder_on_the_tray.png,recap.png,50,5,254,255,-38.417582417582416,-16.65934065934066,34.065934065934066,67.6043956043956,-3.2967032967032965,33.013698630136986,-42.113380432128906,5.8550567626953125,20.789566040039062,66.46258544921875,-3.5638885498046875,33.418128967285156
083_cylinder,put the cylinder on the tray,11,1,224,9.967,1788428639.7643712,00010_front_put_the_cylinder_on_the_tray.png,00010_wrist_put_the_cylinder_on_the_tray.png,recap.png,50,6,255,256,-38.417582417582416,-16.65934065934066,34.065934065934066,67.6043956043956,-3.2967032967032965,33.013698630136986,-42.330299377441406,6.5582427978515625,19.378334045410156,66.17588806152344,-3.6834115982055664,33.438114166259766
083_cylinder,put the cylinder on the tray,11,1,224,9.967,1788428639.7643712,00010_front_put_the_cylinder_on_the_tray.png,00010_wrist_put_the_cylinder_on_the_tray.png,recap.png,50,7,256,257,-38.417582417582416,-16.65934065934066,34.065934065934066,67.6043956043956,-3.2967032967032965,33.013698630136986,-42.17710876464844,7.634849548339844,18.87316131591797,65.63306427001953,-3.6523780822753906,33.40773391723633
083_cylinder,put the cylinder on the tray,11,1,224,9.967,1788428639.7643712,00010_front_put_the_cylinder_on_the_tray.png,00010_wrist_put_the_cylinder_on_the_tray.png,recap.png,50,8,257,258,-38.417582417582416,-16.65934065934066,34.065934065934066,67.6043956043956,-3.2967032967032965,33.013698630136986,-42.057655334472656,9.090911865234375,18.58654022216797,65.50615692138672,-3.706965446472168,33.492408752441406
083_cylinder,put the cylinder on the tray,11,1,224,9.967,1788428639.7643712,00010_front_put_the_cylinder_on_the_tray.png,00010_wrist_put_the_cylinder_on_the_tray.png,recap.png,50,9,258,259,-38.417582417582416,-16.65934065934066,34.065934065934066,67.6043956043956,-3.2967032967032965,33.013698630136986,-42.148582458496094,9.316535949707031,17.512535095214844,65.50581359863281,-3.7419052124023438,33.35871505737305
083_cylinder,put the cylinder on the tray,11,1,224,9.967,1788428639.7643712,00010_front_put_the_cylinder_on_the_tray.png,00010_wrist_put_the_cylinder_on_the_tray.png,recap.png,50,10,259,260,-38.417582417582416,-16.65934065934066,34.065934065934066,67.6043956043956,-3.2967032967032965,33.013698630136986,-42.30181121826172,10.149734497070312,16.880088806152344,65.09769439697266,-3.8247766494750977,33.46665573120117
083_cylinder,put the cylinder on the tray,11,1,224,9.967,1788428639.7643712,00010_front_put_the_cylinder_on_the_tray.png,00010_wrist_put_the_cylinder_on_the_tray.png,recap.png,50,11,260,261,-38.417582417582416,-16.65934065934066,34.065934065934066,67.6043956043956,-3.2967032967032965,33.013698630136986,-42.28284454345703,11.26165771484375,16.740081787109375,65.23514556884766,-3.9139251708984375,33.22990417480469
083_cylinder,put the cylinder on the tray,11,1,224,9.967,1788428639.7643712,00010_front_put_the_cylinder_on_the_tray.png,00010_wrist_put_the_cylinder_on_the_tray.png,recap.png,50,12,261,262,-38.417582417582416,-16.65934065934066,34.065934065934066,67.6043956043956,-3.2967032967032965,33.013698630136986,-42.26744079589844,11.149826049804688,15.392082214355469,64.87735748291016,-3.8608360290527344,32.85337448120117
083_cylinder,put the cylinder on the tray,11,1,224,9.967,1788428639.7643712,00010_front_put_the_cylinder_on_the_tray.png,00010_wrist_put_the_cylinder_on_the_tray.png,recap.png,50,13,262,263,-38.417582417582416,-16.65934065934066,34.065934065934066,67.6043956043956,-3.2967032967032965,33.013698630136986,-42.0631103515625,12.373336791992188,14.775436401367188,65.1314926147461,-3.9613571166992188,32.432289123535156
083_cylinder,put the cylinder on the tray,11,1,224,9.967,1788428639.7643712,00010_front_put_the_cylinder_on_the_tray.png,00010_wrist_put_the_cylinder_on_the_tray.png,recap.png,50,14,263,264,-38.417582417582416,-16.65934065934066,34.065934065934066,67.6043956043956,-3.2967032967032965,33.013698630136986,-42.388301849365234,12.641937255859375,13.813552856445312,65.25052642822266,-3.9921207427978516,31.658937454223633
083_cylinder,put the cylinder on the tray,11,1,224,9.967,1788428639.7643712,00010_front_put_the_cylinder_on_the_tray.png,00010_wrist_put_the_cylinder_on_the_tray.png,recap.png,50,15,264,265,-38.417582417582416,-16.65934065934066,34.065934065934066,67.6043956043956,-3.2967032967032965,33.013698630136986,-42.18117141723633,13.023704528808594,13.130989074707031,65.32737731933594,-4.011298179626465,30.185070037841797
083_cylinder,put the cylinder on the tray,11,1,224,9.967,1788428639.7643712,00010_front_put_the_cylinder_on_the_tray.png,00010_wrist_put_the_cylinder_on_the_tray.png,recap.png,50,16,265,266,-38.417582417582416,-16.65934065934066,34.065934065934066,67.6043956043956,-3.2967032967032965,33.013698630136986,-42.472267150878906,13.934974670410156,12.635261535644531,65.07466888427734,-4.04109001159668,28.703388214111328
083_cylinder,put the cylinder on the tray,11,1,224,9.967,1788428639.7643712,00010_front_put_the_cylinder_on_the_tray.png,00010_wrist_put_the_cylinder_on_the_tray.png,recap.png,50,17,266,267,-38.417582417582416,-16.65934065934066,34.065934065934066,67.6043956043956,-3.2967032967032965,33.013698630136986,-42.30248260498047,13.949615478515625,11.782180786132812,65.04147338867188,-4.1219892501831055,26.319181442260742
083_cylinder,put the cylinder on the tray,11,1,224,9.967,1788428639.7643712,00010_front_put_the_cylinder_on_the_tray.png,00010_wrist_put_the_cylinder_on_the_tray.png,recap.png,50,18,267,268,-38.417582417582416,-16.65934065934066,34.065934065934066,67.6043956043956,-3.2967032967032965,33.013698630136986,-42.23076248168945,14.921554565429688,11.185478210449219,65.01364135742188,-4.0883331298828125,23.97469139099121
083_cylinder,put the cylinder on the tray,11,1,224,9.967,1788428639.7643712,00010_front_put_the_cylinder_on_the_tray.png,00010_wrist_put_the_cylinder_on_the_tray.png,recap.png,50,19,268,269,-38.417582417582416,-16.65934065934066,34.065934065934066,67.6043956043956,-3.2967032967032965,33.013698630136986,-42.13779830932617,15.593574523925781,10.694259643554688,64.99559020996094,-3.9937143325805664,21.75185775756836
083_cylinder,put the cylinder on the tray,11,1,224,9.967,1788428639.7643712,00010_front_put_the_cylinder_on_the_tray.png,00010_wrist_put_the_cylinder_on_the_tray.png,recap.png,50,20,269,270,-38.417582417582416,-16.65934065934066,34.065934065934066,67.6043956043956,-3.2967032967032965,33.013698630136986,-42.17308807373047,15.492851257324219,10.986419677734375,65.11921691894531,-4.061090469360352,20.301753997802734
083_cylinder,put the cylinder on the tray,11,1,224,9.967,1788428639.7643712,00010_front_put_the_cylinder_on_the_tray.png,00010_wrist_put_the_cylinder_on_the_tray.png,recap.png,50,21,270,271,-38.417582417582416,-16.65934065934066,34.065934065934066,67.6043956043956,-3.2967032967032965,33.013698630136986,-42.18268585205078,16.082908630371094,10.219772338867188,65.00721740722656,-3.9653282165527344,19.110687255859375
083_cylinder,put the cylinder on the tray,11,1,224,9.967,1788428639.7643712,00010_front_put_the_cylinder_on_the_tray.png,00010_wrist_put_the_cylinder_on_the_tray.png,recap.png,50,22,271,272,-38.417582417582416,-16.65934065934066,34.065934065934066,67.6043956043956,-3.2967032967032965,33.013698630136986,-42.171043395996094,16.146438598632812,9.764205932617188,65.26852416992188,-4.035727500915527,18.550186157226562
083_cylinder,put the cylinder on the tray,11,1,224,9.967,1788428639.7643712,00010_front_put_the_cylinder_on_the_tray.png,00010_wrist_put_the_cylinder_on_the_tray.png,recap.png,50,23,272,273,-38.417582417582416,-16.65934065934066,34.065934065934066,67.6043956043956,-3.2967032967032965,33.013698630136986,-42.36591720581055,16.02056121826172,9.099128723144531,65.46279907226562,-4.051051139831543,18.155494689941406
083_cylinder,put the cylinder on the tray,11,1,224,9.967,1788428639.7643712,00010_front_put_the_cylinder_on_the_tray.png,00010_wrist_put_the_cylinder_on_the_tray.png,recap.png,50,24,273,274,-38.417582417582416,-16.65934065934066,34.065934065934066,67.6043956043956,-3.2967032967032965,33.013698630136986,-42.33368682861328,17.30457305908203,8.34271240234375,65.60529327392578,-3.993535041809082,17.21674346923828
083_cylinder,put the cylinder on the tray,12,1,248,10.803,1788428640.6004913,00011_front_put_the_cylinder_on_the_tray.png,00011_wrist_put_the_cylinder_on_the_tray.png,recap.png,50,0,274,275,-24.52747252747253,-101.75824175824175,83.73626373626374,75.07692307692308,-2.5054945054945055,0.9589041095890412,-24.234458923339844,-100.83110809326172,80.0469970703125,77.89924621582031,-2.2315587997436523,0.5323022603988647
083_cylinder,put the cylinder on the tray,12,1,248,10.803,1788428640.6004913,00011_front_put_the_cylinder_on_the_tray.png,00011_wrist_put_the_cylinder_on_the_tray.png,recap.png,50,1,275,276,-24.52747252747253,-101.75824175824175,83.73626373626374,75.07692307692308,-2.5054945054945055,0.9589041095890412,-23.947837829589844,-100.86720275878906,80.47331237792969,77.94123077392578,-2.2252941131591797,0.6783023476600647
083_cylinder,put the cylinder on the tray,12,1,248,10.803,1788428640.6004913,00011_front_put_the_cylinder_on_the_tray.png,00011_wrist_put_the_cylinder_on_the_tray.png,recap.png,50,2,276,277,-24.52747252747253,-101.75824175824175,83.73626373626374,75.07692307692308,-2.5054945054945055,0.9589041095890412,-23.66666030883789,-100.42261505126953,80.03236389160156,77.87429809570312,-2.191359519958496,0.5236659646034241
083_cylinder,put the cylinder on the tray,12,1,248,10.803,1788428640.6004913,00011_front_put_the_cylinder_on_the_tray.png,00011_wrist_put_the_cylinder_on_the_tray.png,recap.png,50,3,277,278,-24.52747252747253,-101.75824175824175,83.73626373626374,75.07692307692308,-2.5054945054945055,0.9589041095890412,-23.89678382873535,-101.10262298583984,79.85795593261719,77.61975860595703,-2.15364933013916,0.7162813544273376
083_cylinder,put the cylinder on the tray,12,1,248,10.803,1788428640.6004913,00011_front_put_the_cylinder_on_the_tray.png,00011_wrist_put_the_cylinder_on_the_tray.png,recap.png,50,4,278,279,-24.52747252747253,-101.75824175824175,83.73626373626374,75.07692307692308,-2.5054945054945055,0.9589041095890412,-23.27053451538086,-100.41934967041016,80.04931640625,77.89623260498047,-2.1547327041625977,0.5574718713760376
083_cylinder,put the cylinder on the tray,12,1,248,10.803,1788428640.6004913,00011_front_put_the_cylinder_on_the_tray.png,00011_wrist_put_the_cylinder_on_the_tray.png,recap.png,50,5,279,280,-24.52747252747253,-101.75824175824175,83.73626373626374,75.07692307692308,-2.5054945054945055,0.9589041095890412,-23.326847076416016,-100.97823333740234,80.52517700195312,77.84727478027344,-2.0220022201538086,0.4342547655105591
083_cylinder,put the cylinder on the tray,12,1,248,10.803,1788428640.6004913,00011_front_put_the_cylinder_on_the_tray.png,00011_wrist_put_the_cylinder_on_the_tray.png,recap.png,50,6,280,281,-24.52747252747253,-101.75824175824175,83.73626373626374,75.07692307692308,-2.5054945054945055,0.9589041095890412,-23.053924560546875,-100.47323608398438,80.69264221191406,77.767333984375,-2.1235055923461914,0.5991630554199219
083_cylinder,put the cylinder on the tray,12,1,248,10.803,1788428640.6004913,00011_front_put_the_cylinder_on_the_tray.png,00011_wrist_put_the_cylinder_on_the_tray.png,recap.png,50,7,281,282,-24.52747252747253,-101.75824175824175,83.73626373626374,75.07692307692308,-2.5054945054945055,0.9589041095890412,-22.852781295776367,-100.7516860961914,80.30406188964844,78.04972839355469,-2.096835136413574,0.5052409768104553
083_cylinder,put the cylinder on the tray,12,1,248,10.803,1788428640.6004913,00011_front_put_the_cylinder_on_the_tray.png,00011_wrist_put_the_cylinder_on_the_tray.png,recap.png,50,8,282,283,-24.52747252747253,-101.75824175824175,83.73626373626374,75.07692307692308,-2.5054945054945055,0.9589041095890412,-22.872512817382812,-101.6128921508789,80.81800842285156,77.82276153564453,-2.0268144607543945,0.8198828101158142
083_cylinder,put the cylinder on the tray,12,1,248,10.803,1788428640.6004913,00011_front_put_the_cylinder_on_the_tray.png,00011_wrist_put_the_cylinder_on_the_tray.png,recap.png,50,9,283,284,-24.52747252747253,-101.75824175824175,83.73626373626374,75.07692307692308,-2.5054945054945055,0.9589041095890412,-22.468894958496094,-100.48515319824219,79.79936218261719,77.93588256835938,-2.061703681945801,0.7903414368629456
083_cylinder,put the cylinder on the tray,12,1,248,10.803,1788428640.6004913,00011_front_put_the_cylinder_on_the_tray.png,00011_wrist_put_the_cylinder_on_the_tray.png,recap.png,50,10,284,285,-24.52747252747253,-101.75824175824175,83.73626373626374,75.07692307692308,-2.5054945054945055,0.9589041095890412,-22.424793243408203,-100.917724609375,80.44685363769531,78.0039291381836,-1.9743528366088867,0.5358275175094604
083_cylinder,put the cylinder on the tray,12,1,248,10.803,1788428640.6004913,00011_front_put_the_cylinder_on_the_tray.png,00011_wrist_put_the_cylinder_on_the_tray.png,recap.png,50,11,285,286,-24.52747252747253,-101.75824175824175,83.73626373626374,75.07692307692308,-2.5054945054945055,0.9589041095890412,-22.11600112915039,-100.74935150146484,80.19284057617188,78.17015075683594,-1.888814926147461,0.6064748764038086
083_cylinder,put the cylinder on the tray,12,1,248,10.803,1788428640.6004913,00011_front_put_the_cylinder_on_the_tray.png,00011_wrist_put_the_cylinder_on_the_tray.png,recap.png,50,12,286,287,-24.52747252747253,-101.75824175824175,83.73626373626374,75.07692307692308,-2.5054945054945055,0.9589041095890412,-21.67070770263672,-100.2396469116211,80.77195739746094,77.83668518066406,-1.9297494888305664,0.5367940664291382
083_cylinder,put the cylinder on the tray,12,1,248,10.803,1788428640.6004913,00011_front_put_the_cylinder_on_the_tray.png,00011_wrist_put_the_cylinder_on_the_tray.png,recap.png,50,13,287,288,-24.52747252747253,-101.75824175824175,83.73626373626374,75.07692307692308,-2.5054945054945055,0.9589041095890412,-21.81551742553711,-100.39562225341797,80.25230407714844,77.93788146972656,-1.980647087097168,0.47447386384010315
083_cylinder,put the cylinder on the tray,12,1,248,10.803,1788428640.6004913,00011_front_put_the_cylinder_on_the_tray.png,00011_wrist_put_the_cylinder_on_the_tray.png,recap.png,50,14,288,289,-24.52747252747253,-101.75824175824175,83.73626373626374,75.07692307692308,-2.5054945054945055,0.9589041095890412,-21.724014282226562,-100.6319580078125,81.10488891601562,77.82865142822266,-2.002894401550293,0.7187572121620178
083_cylinder,put the cylinder on the tray,12,1,248,10.803,1788428640.6004913,00011_front_put_the_cylinder_on_the_tray.png,00011_wrist_put_the_cylinder_on_the_tray.png,recap.png,50,15,289,290,-24.52747252747253,-101.75824175824175,83.73626373626374,75.07692307692308,-2.5054945054945055,0.9589041095890412,-21.412099838256836,-100.06149291992188,80.45191955566406,77.83597564697266,-2.074024200439453,0.6405707597732544
083_cylinder,put the cylinder on the tray,12,1,248,10.803,1788428640.6004913,00011_front_put_the_cylinder_on_the_tray.png,00011_wrist_put_the_cylinder_on_the_tray.png,recap.png,50,16,290,291,-24.52747252747253,-101.75824175824175,83.73626373626374,75.07692307692308,-2.5054945054945055,0.9589041095890412,-20.762828826904297,-100.40247344970703,79.695556640625,77.7979507446289,-2.1282358169555664,0.4783092737197876
083_cylinder,put the cylinder on the tray,12,1,248,10.803,1788428640.6004913,00011_front_put_the_cylinder_on_the_tray.png,00011_wrist_put_the_cylinder_on_the_tray.png,recap.png,50,17,291,292,-24.52747252747253,-101.75824175824175,83.73626373626374,75.07692307692308,-2.5054945054945055,0.9589041095890412,-20.26889991760254,-99.66400146484375,80.29513549804688,77.91400146484375,-2.2310190200805664,0.45775890350341797
083_cylinder,put the cylinder on the tray,12,1,248,10.803,1788428640.6004913,00011_front_put_the_cylinder_on_the_tray.png,00011_wrist_put_the_cylinder_on_the_tray.png,recap.png,50,18,292,293,-24.52747252747253,-101.75824175824175,83.73626373626374,75.07692307692308,-2.5054945054945055,0.9589041095890412,-19.779998779296875,-99.48490142822266,80.56575012207031,77.94956970214844,-2.1988563537597656,0.48870551586151123
083_cylinder,put the cylinder on the tray,12,1,248,10.803,1788428640.6004913,00011_front_put_the_cylinder_on_the_tray.png,00011_wrist_put_the_cylinder_on_the_tray.png,recap.png,50,19,293,294,-24.52747252747253,-101.75824175824175,83.73626373626374,75.07692307692308,-2.5054945054945055,0.9589041095890412,-19.161895751953125,-99.86046600341797,80.33256530761719,77.9085693359375,-2.318605422973633,0.2417306900024414
083_cylinder,put the cylinder on the tray,12,1,248,10.803,1788428640.6004913,00011_front_put_the_cylinder_on_the_tray.png,00011_wrist_put_the_cylinder_on_the_tray.png,recap.png,50,20,294,295,-24.52747252747253,-101.75824175824175,83.73626373626374,75.07692307692308,-2.5054945054945055,0.9589041095890412,-19.1807861328125,-99.36492919921875,80.0755615234375,77.71786499023438,-2.20632266998291,0.3378748297691345
083_cylinder,put the cylinder on the tray,12,1,248,10.803,1788428640.6004913,00011_front_put_the_cylinder_on_the_tray.png,00011_wrist_put_the_cylinder_on_the_tray.png,recap.png,50,21,295,296,-24.52747252747253,-101.75824175824175,83.73626373626374,75.07692307692308,-2.5054945054945055,0.9589041095890412,-19.055557250976562,-99.50523376464844,80.265380859375,77.71377563476562,-2.155381202697754,0.3790689706802368
083_cylinder,put the cylinder on the tray,12,1,248,10.803,1788428640.6004913,00011_front_put_the_cylinder_on_the_tray.png,00011_wrist_put_the_cylinder_on_the_tray.png,recap.png,50,22,296,297,-24.52747252747253,-101.75824175824175,83.73626373626374,75.07692307692308,-2.5054945054945055,0.9589041095890412,-18.600332260131836,-99.48249053955078,80.46946716308594,77.83126831054688,-2.130446434020996,0.23683632910251617
083_cylinder,put the cylinder on the tray,12,1,248,10.803,1788428640.6004913,00011_front_put_the_cylinder_on_the_tray.png,00011_wrist_put_the_cylinder_on_the_tray.png,recap.png,50,23,297,298,-24.52747252747253,-101.75824175824175,83.73626373626374,75.07692307692308,-2.5054945054945055,0.9589041095890412,-18.537670135498047,-99.646240234375,80.59504699707031,77.73826599121094,-2.0940284729003906,0.1946023404598236
083_cylinder,put the cylinder on the tray,13,1,273,11.84,1788428641.6384833,00012_front_put_the_cylinder_on_the_tray.png,00012_wrist_put_the_cylinder_on_the_tray.png,recap.png,50,0,298,299,-42.02197802197802,14.54945054945055,9.89010989010989,65.05494505494505,-3.5604395604395602,20.616438356164384,-42.82796096801758,24.26598358154297,-0.46038818359375,67.80113220214844,-4.3496413230896,32.453609466552734
083_cylinder,put the cylinder on the tray,13,1,273,11.84,1788428641.6384833,00012_front_put_the_cylinder_on_the_tray.png,00012_wrist_put_the_cylinder_on_the_tray.png,recap.png,50,1,299,300,-42.02197802197802,14.54945054945055,9.89010989010989,65.05494505494505,-3.5604395604395602,20.616438356164384,-42.770530700683594,26.026283264160156,-2.0420913696289062,68.26412200927734,-4.517636775970459,32.23599624633789
083_cylinder,put the cylinder on the tray,13,1,273,11.84,1788428641.6384833,00012_front_put_the_cylinder_on_the_tray.png,00012_wrist_put_the_cylinder_on_the_tray.png,recap.png,50,2,300,301,-42.02197802197802,14.54945054945055,9.89010989010989,65.05494505494505,-3.5604395604395602,20.616438356164384,-42.64190673828125,27.29877471923828,-2.3928794860839844,68.76676940917969,-4.504092693328857,32.00345993041992
083_cylinder,put the cylinder on the tray,13,1,273,11.84,1788428641.6384833,00012_front_put_the_cylinder_on_the_tray.png,00012_wrist_put_the_cylinder_on_the_tray.png,recap.png,50,3,301,302,-42.02197802197802,14.54945054945055,9.89010989010989,65.05494505494505,-3.5604395604395602,20.616438356164384,-42.634098052978516,27.84296417236328,-4.298671722412109,69.41608428955078,-4.650538921356201,31.173341751098633
083_cylinder,put the cylinder on the tray,13,1,273,11.84,1788428641.6384833,00012_front_put_the_cylinder_on_the_tray.png,00012_wrist_put_the_cylinder_on_the_tray.png,recap.png,50,4,302,303,-42.02197802197802,14.54945054945055,9.89010989010989,65.05494505494505,-3.5604395604395602,20.616438356164384,-42.62076950073242,28.23834991455078,-4.773448944091797,69.77903747558594,-4.671995162963867,29.368701934814453
083_cylinder,put the cylinder on the tray,13,1,273,11.84,1788428641.6384833,00012_front_put_the_cylinder_on_the_tray.png,00012_wrist_put_the_cylinder_on_the_tray.png,recap.png,50,5,303,304,-42.02197802197802,14.54945054945055,9.89010989010989,65.05494505494505,-3.5604395604395602,20.616438356164384,-42.52135467529297,28.888221740722656,-5.699958801269531,70.13713073730469,-4.701761722564697,26.826644897460938
083_cylinder,put the cylinder on the tray,13,1,273,11.84,1788428641.6384833,00012_front_put_the_cylinder_on_the_tray.png,00012_wrist_put_the_cylinder_on_the_tray.png,recap.png,50,6,304,305,-42.02197802197802,14.54945054945055,9.89010989010989,65.05494505494505,-3.5604395604395602,20.616438356164384,-42.35673904418945,29.065467834472656,-5.831268310546875,70.45872497558594,-4.69268798828125,24.364608764648438
083_cylinder,put the cylinder on the tray,13,1,273,11.84,1788428641.6384833,00012_front_put_the_cylinder_on_the_tray.png,00012_wrist_put_the_cylinder_on_the_tray.png,recap.png,50,7,305,306,-42.02197802197802,14.54945054945055,9.89010989010989,65.05494505494505,-3.5604395604395602,20.616438356164384,-42.296630859375,29.465370178222656,-6.667327880859375,70.73714447021484,-4.714365005493164,22.261938095092773
083_cylinder,put the cylinder on the tray,13,1,273,11.84,1788428641.6384833,00012_front_put_the_cylinder_on_the_tray.png,00012_wrist_put_the_cylinder_on_the_tray.png,recap.png,50,8,306,307,-42.02197802197802,14.54945054945055,9.89010989010989,65.05494505494505,-3.5604395604395602,20.616438356164384,-41.996360778808594,29.49921417236328,-7.037036895751953,70.96974182128906,-4.716767311096191,20.248748779296875
083_cylinder,put the cylinder on the tray,13,1,273,11.84,1788428641.6384833,00012_front_put_the_cylinder_on_the_tray.png,00012_wrist_put_the_cylinder_on_the_tray.png,recap.png,50,9,307,308,-42.02197802197802,14.54945054945055,9.89010989010989,65.05494505494505,-3.5604395604395602,20.616438356164384,-41.95710754394531,29.64916229248047,-7.8354034423828125,71.71688842773438,-4.712567329406738,18.323572158813477
083_cylinder,put the cylinder on the tray,13,1,273,11.84,1788428641.6384833,00012_front_put_the_cylinder_on_the_tray.png,00012_wrist_put_the_cylinder_on_the_tray.png,recap.png,50,10,308,309,-42.02197802197802,14.54945054945055,9.89010989010989,65.05494505494505,-3.5604395604395602,20.616438356164384,-41.882080078125,30.258323669433594,-9.067344665527344,72.13737487792969,-4.7165632247924805,16.158485412597656
083_cylinder,put the cylinder on the tray,13,1,273,11.84,1788428641.6384833,00012_front_put_the_cylinder_on_the_tray.png,00012_wrist_put_the_cylinder_on_the_tray.png,recap.png,50,11,309,310,-42.02197802197802,14.54945054945055,9.89010989010989,65.05494505494505,-3.5604395604395602,20.616438356164384,-41.79644012451172,29.28527069091797,-8.659618377685547,72.75820922851562,-4.843574047088623,13.665011405944824
083_cylinder,put the cylinder on the tray,13,1,273,11.84,1788428641.6384833,00012_front_put_the_cylinder_on_the_tray.png,00012_wrist_put_the_cylinder_on_the_tray.png,recap.png,50,12,310,311,-42.02197802197802,14.54945054945055,9.89010989010989,65.05494505494505,-3.5604395604395602,20.616438356164384,-41.74290466308594,29.85613250732422,-10.251838684082031,73.19210815429688,-4.833559036254883,11.385563850402832
083_cylinder,put the cylinder on the tray,13,1,273,11.84,1788428641.6384833,00012_front_put_the_cylinder_on_the_tray.png,00012_wrist_put_the_cylinder_on_the_tray.png,recap.png,50,13,311,312,-42.02197802197802,14.54945054945055,9.89010989010989,65.05494505494505,-3.5604395604395602,20.616438356164384,-41.59088897705078,29.861305236816406,-10.72574234008789,73.66397094726562,-5.005285739898682,9.482966423034668
083_cylinder,put the cylinder on the tray,13,1,273,11.84,1788428641.6384833,00012_front_put_the_cylinder_on_the_tray.png,00012_wrist_put_the_cylinder_on_the_tray.png,recap.png,50,14,312,313,-42.02197802197802,14.54945054945055,9.89010989010989,65.05494505494505,-3.5604395604395602,20.616438356164384,-41.68874740600586,29.494911193847656,-11.999473571777344,74.22541809082031,-5.020474910736084,8.111215591430664
083_cylinder,put the cylinder on the tray,13,1,273,11.84,1788428641.6384833,00012_front_put_the_cylinder_on_the_tray.png,00012_wrist_put_the_cylinder_on_the_tray.png,recap.png,50,15,313,314,-42.02197802197802,14.54945054945055,9.89010989010989,65.05494505494505,-3.5604395604395602,20.616438356164384,-41.36051559448242,29.675086975097656,-12.276100158691406,75.22572326660156,-5.086681842803955,7.374959945678711
083_cylinder,put the cylinder on the tray,13,1,273,11.84,1788428641.6384833,00012_front_put_the_cylinder_on_the_tray.png,00012_wrist_put_the_cylinder_on_the_tray.png,recap.png,50,16,314,315,-42.02197802197802,14.54945054945055,9.89010989010989,65.05494505494505,-3.5604395604395602,20.616438356164384,-41.355567932128906,29.45642852783203,-12.87789535522461,75.7814712524414,-5.159428596496582,6.953171253204346
083_cylinder,put the cylinder on the tray,13,1,273,11.84,1788428641.6384833,00012_front_put_the_cylinder_on_the_tray.png,00012_wrist_put_the_cylinder_on_the_tray.png,recap.png,50,17,315,316,-42.02197802197802,14.54945054945055,9.89010989010989,65.05494505494505,-3.5604395604395602,20.616438356164384,-41.38814163208008,29.75139617919922,-12.91989517211914,76.71768188476562,-5.462608337402344,7.118242263793945
083_cylinder,put the cylinder on the tray,13,1,273,11.84,1788428641.6384833,00012_front_put_the_cylinder_on_the_tray.png,00012_wrist_put_the_cylinder_on_the_tray.png,recap.png,50,18,316,317,-42.02197802197802,14.54945054945055,9.89010989010989,65.05494505494505,-3.5604395604395602,20.616438356164384,-41.156158447265625,29.65709686279297,-14.28500747680664,77.65411376953125,-5.247409820556641,6.821706771850586
083_cylinder,put the cylinder on the tray,13,1,273,11.84,1788428641.6384833,00012_front_put_the_cylinder_on_the_tray.png,00012_wrist_put_the_cylinder_on_the_tray.png,recap.png,50,19,317,318,-42.02197802197802,14.54945054945055,9.89010989010989,65.05494505494505,-3.5604395604395602,20.616438356164384,-41.332916259765625,29.33580780029297,-15.302791595458984,78.59622192382812,-5.506222248077393,6.880547046661377
083_cylinder,put the cylinder on the tray,13,1,273,11.84,1788428641.6384833,00012_front_put_the_cylinder_on_the_tray.png,00012_wrist_put_the_cylinder_on_the_tray.png,recap.png,50,20,318,319,-42.02197802197802,14.54945054945055,9.89010989010989,65.05494505494505,-3.5604395604395602,20.616438356164384,-41.102935791015625,28.93529510498047,-16.674278259277344,79.77098846435547,-5.565804958343506,6.581843852996826
083_cylinder,put the cylinder on the tray,13,1,273,11.84,1788428641.6384833,00012_front_put_the_cylinder_on_the_tray.png,00012_wrist_put_the_cylinder_on_the_tray.png,recap.png,50,21,319,320,-42.02197802197802,14.54945054945055,9.89010989010989,65.05494505494505,-3.5604395604395602,20.616438356164384,-41.26696014404297,29.06841278076172,-17.419647216796875,81.04375457763672,-5.75461483001709,6.392657279968262
083_cylinder,put the cylinder on the tray,13,1,273,11.84,1788428641.6384833,00012_front_put_the_cylinder_on_the_tray.png,00012_wrist_put_the_cylinder_on_the_tray.png,recap.png,50,22,320,321,-42.02197802197802,14.54945054945055,9.89010989010989,65.05494505494505,-3.5604395604395602,20.616438356164384,-41.22703552246094,28.73564910888672,-19.083789825439453,82.24299621582031,-5.956125736236572,5.996401309967041
083_cylinder,put the cylinder on the tray,13,1,273,11.84,1788428641.6384833,00012_front_put_the_cylinder_on_the_tray.png,00012_wrist_put_the_cylinder_on_the_tray.png,recap.png,50,23,321,322,-42.02197802197802,14.54945054945055,9.89010989010989,65.05494505494505,-3.5604395604395602,20.616438356164384,-41.16135787963867,29.034767150878906,-20.31432342529297,83.54621887207031,-6.140108585357666,5.9293999671936035
083_cylinder,put the cylinder on the tray,13,1,273,11.84,1788428641.6384833,00012_front_put_the_cylinder_on_the_tray.png,00012_wrist_put_the_cylinder_on_the_tray.png,recap.png,50,24,322,323,-42.02197802197802,14.54945054945055,9.89010989010989,65.05494505494505,-3.5604395604395602,20.616438356164384,-41.24095916748047,28.76593780517578,-22.141357421875,84.90837097167969,-6.3480000495910645,5.757693290710449
083_cylinder,put the cylinder on the tray,14,1,297,12.676,1788428642.4732933,00013_front_put_the_cylinder_on_the_tray.png,00013_wrist_put_the_cylinder_on_the_tray.png,recap.png,50,0,323,324,-19.516483516483518,-99.2967032967033,80.92307692307692,77.71428571428571,-2.241758241758242,0.4794520547945206,-28.445661544799805,-100.26238250732422,81.91496276855469,76.44497680664062,-1.9017133712768555,0.8525575399398804
083_cylinder,put the cylinder on the tray,14,1,297,12.676,1788428642.4732933,00013_front_put_the_cylinder_on_the_tray.png,00013_wrist_put_the_cylinder_on_the_tray.png,recap.png,50,1,324,325,-19.516483516483518,-99.2967032967033,80.92307692307692,77.71428571428571,-2.241758241758242,0.4794520547945206,-28.877971649169922,-99.1884765625,81.51416015625,76.30435943603516,-1.9940519332885742,0.6669214367866516
083_cylinder,put the cylinder on the tray,14,1,297,12.676,1788428642.4732933,00013_front_put_the_cylinder_on_the_tray.png,00013_wrist_put_the_cylinder_on_the_tray.png,recap.png,50,2,325,326,-19.516483516483518,-99.2967032967033,80.92307692307692,77.71428571428571,-2.241758241758242,0.4794520547945206,-29.138858795166016,-99.39725494384766,81.28564453125,75.95109558105469,-2.131732940673828,0.5485265254974365
083_cylinder,put the cylinder on the tray,14,1,297,12.676,1788428642.4732933,00013_front_put_the_cylinder_on_the_tray.png,00013_wrist_put_the_cylinder_on_the_tray.png,recap.png,50,3,326,327,-19.516483516483518,-99.2967032967033,80.92307692307692,77.71428571428571,-2.241758241758242,0.4794520547945206,-28.884891510009766,-99.52342987060547,81.43119812011719,75.61336517333984,-2.2367076873779297,0.6869916915893555
083_cylinder,put the cylinder on the tray,14,1,297,12.676,1788428642.4732933,00013_front_put_the_cylinder_on_the_tray.png,00013_wrist_put_the_cylinder_on_the_tray.png,recap.png,50,4,327,328,-19.516483516483518,-99.2967032967033,80.92307692307692,77.71428571428571,-2.241758241758242,0.4794520547945206,-29.12607765197754,-98.99486541748047,81.6363525390625,75.4770278930664,-2.591202735900879,0.6562936305999756
083_cylinder,put the cylinder on the tray,14,1,297,12.676,1788428642.4732933,00013_front_put_the_cylinder_on_the_tray.png,00013_wrist_put_the_cylinder_on_the_tray.png,recap.png,50,5,328,329,-19.516483516483518,-99.2967032967033,80.92307692307692,77.71428571428571,-2.241758241758242,0.4794520547945206,-29.025676727294922,-99.1345443725586,81.45198059082031,75.14444732666016,-3.0718297958374023,0.5262140035629272
083_cylinder,put the cylinder on the tray,14,1,297,12.676,1788428642.4732933,00013_front_put_the_cylinder_on_the_tray.png,00013_wrist_put_the_cylinder_on_the_tray.png,recap.png,50,6,329,330,-19.516483516483518,-99.2967032967033,80.92307692307692,77.71428571428571,-2.241758241758242,0.4794520547945206,-28.94879150390625,-98.5411605834961,81.32229614257812,75.06160736083984,-3.4925498962402344,0.4693957567214966
083_cylinder,put the cylinder on the tray,14,1,297,12.676,1788428642.4732933,00013_front_put_the_cylinder_on_the_tray.png,00013_wrist_put_the_cylinder_on_the_tray.png,recap.png,50,7,330,331,-19.516483516483518,-99.2967032967033,80.92307692307692,77.71428571428571,-2.241758241758242,0.4794520547945206,-29.246646881103516,-99.0571060180664,81.1085205078125,74.9136734008789,-3.67134952545166,0.37397387623786926
083_cylinder,put the cylinder on the tray,14,1,297,12.676,1788428642.4732933,00013_front_put_the_cylinder_on_the_tray.png,00013_wrist_put_the_cylinder_on_the_tray.png,recap.png,50,8,331,332,-19.516483516483518,-99.2967032967033,80.92307692307692,77.71428571428571,-2.241758241758242,0.4794520547945206,-29.23748016357422,-98.90715789794922,81.13265991210938,74.87401580810547,-3.95102596282959,0.627606213092804
083_cylinder,put the cylinder on the tray,14,1,297,12.676,1788428642.4732933,00013_front_put_the_cylinder_on_the_tray.png,00013_wrist_put_the_cylinder_on_the_tray.png,recap.png,50,9,332,333,-19.516483516483518,-99.2967032967033,80.92307692307692,77.71428571428571,-2.241758241758242,0.4794520547945206,-29.260709762573242,-98.38233947753906,80.99003601074219,74.64837646484375,-3.8105688095092773,0.6162051558494568
083_cylinder,put the cylinder on the tray,14,1,297,12.676,1788428642.4732933,00013_front_put_the_cylinder_on_the_tray.png,00013_wrist_put_the_cylinder_on_the_tray.png,recap.png,50,10,333,334,-19.516483516483518,-99.2967032967033,80.92307692307692,77.71428571428571,-2.241758241758242,0.4794520547945206,-29.346702575683594,-98.62556457519531,80.78762817382812,74.78777313232422,-4.194103717803955,0.4704515337944031
083_cylinder,put the cylinder on the tray,14,1,297,12.676,1788428642.4732933,00013_front_put_the_cylinder_on_the_tray.png,00013_wrist_put_the_cylinder_on_the_tray.png,recap.png,50,11,334,335,-19.516483516483518,-99.2967032967033,80.92307692307692,77.71428571428571,-2.241758241758242,0.4794520547945206,-29.16691017150879,-97.9689712524414,80.40625,74.96768188476562,-4.520012378692627,0.46135851740837097
083_cylinder,put the cylinder on the tray,14,1,297,12.676,1788428642.4732933,00013_front_put_the_cylinder_on_the_tray.png,00013_wrist_put_the_cylinder_on_the_tray.png,recap.png,50,12,335,336,-19.516483516483518,-99.2967032967033,80.92307692307692,77.71428571428571,-2.241758241758242,0.4794520547945206,-29.20256996154785,-98.22677612304688,80.57646179199219,75.1734390258789,-5.130330562591553,0.3501489460468292
083_cylinder,put the cylinder on the tray,14,1,297,12.676,1788428642.4732933,00013_front_put_the_cylinder_on_the_tray.png,00013_wrist_put_the_cylinder_on_the_tray.png,recap.png,50,13,336,337,-19.516483516483518,-99.2967032967033,80.92307692307692,77.71428571428571,-2.241758241758242,0.4794520547945206,-29.233264923095703,-98.70873260498047,80.22346496582031,75.19928741455078,-5.3229570388793945,0.4444035291671753
083_cylinder,put the cylinder on the tray,14,1,297,12.676,1788428642.4732933,00013_front_put_the_cylinder_on_the_tray.png,00013_wrist_put_the_cylinder_on_the_tray.png,recap.png,50,14,337,338,-19.516483516483518,-99.2967032967033,80.92307692307692,77.71428571428571,-2.241758241758242,0.4794520547945206,-29.288307189941406,-98.86503601074219,80.15641784667969,75.40345764160156,-5.731757164001465,0.3714374899864197
083_cylinder,put the cylinder on the tray,14,1,297,12.676,1788428642.4732933,00013_front_put_the_cylinder_on_the_tray.png,00013_wrist_put_the_cylinder_on_the_tray.png,recap.png,50,15,338,339,-19.516483516483518,-99.2967032967033,80.92307692307692,77.71428571428571,-2.241758241758242,0.4794520547945206,-29.260498046875,-98.33997344970703,79.86325073242188,75.54432678222656,-5.633662700653076,0.4465225040912628
083_cylinder,put the cylinder on the tray,14,1,297,12.676,1788428642.4732933,00013_front_put_the_cylinder_on_the_tray.png,00013_wrist_put_the_cylinder_on_the_tray.png,recap.png,50,16,339,340,-19.516483516483518,-99.2967032967033,80.92307692307692,77.71428571428571,-2.241758241758242,0.4794520547945206,-29.115447998046875,-98.18534088134766,80.03004455566406,75.63153076171875,-5.747420787811279,0.3365365266799927
083_cylinder,put the cylinder on the tray,14,1,297,12.676,1788428642.4732933,00013_front_put_the_cylinder_on_the_tray.png,00013_wrist_put_the_cylinder_on_the_tray.png,recap.png,50,17,340,341,-19.516483516483518,-99.2967032967033,80.92307692307692,77.71428571428571,-2.241758241758242,0.4794520547945206,-29.071727752685547,-98.46925354003906,79.58169555664062,75.90597534179688,-6.029117107391357,0.3240202069282532
083_cylinder,put the cylinder on the tray,14,1,297,12.676,1788428642.4732933,00013_front_put_the_cylinder_on_the_tray.png,00013_wrist_put_the_cylinder_on_the_tray.png,recap.png,50,18,341,342,-19.516483516483518,-99.2967032967033,80.92307692307692,77.71428571428571,-2.241758241758242,0.4794520547945206,-28.864442825317383,-97.74929809570312,79.1171875,76.29025268554688,-5.903725624084473,0.2328033745288849
083_cylinder,put the cylinder on the tray,14,1,297,12.676,1788428642.4732933,00013_front_put_the_cylinder_on_the_tray.png,00013_wrist_put_the_cylinder_on_the_tray.png,recap.png,50,19,342,343,-19.516483516483518,-99.2967032967033,80.92307692307692,77.71428571428571,-2.241758241758242,0.4794520547945206,-28.7280330657959,-98.20367431640625,78.16212463378906,76.45762634277344,-6.066409587860107,0.22077566385269165
083_cylinder,put the cylinder on the tray,14,1,297,12.676,1788428642.4732933,00013_front_put_the_cylinder_on_the_tray.png,00013_wrist_put_the_cylinder_on_the_tray.png,recap.png,50,20,343,344,-19.516483516483518,-99.2967032967033,80.92307692307692,77.71428571428571,-2.241758241758242,0.4794520547945206,-28.70766830444336,-97.48233795166016,78.06573486328125,76.70263671875,-6.005764961242676,0.21372409164905548
083_cylinder,put the cylinder on the tray,14,1,297,12.676,1788428642.4732933,00013_front_put_the_cylinder_on_the_tray.png,00013_wrist_put_the_cylinder_on_the_tray.png,recap.png,50,21,344,345,-19.516483516483518,-99.2967032967033,80.92307692307692,77.71428571428571,-2.241758241758242,0.4794520547945206,-28.418804168701172,-97.83390808105469,77.41671752929688,76.76068878173828,-6.145337104797363,0.10423731803894043
083_cylinder,put the cylinder on the tray,14,1,297,12.676,1788428642.4732933,00013_front_put_the_cylinder_on_the_tray.png,00013_wrist_put_the_cylinder_on_the_tray.png,recap.png,50,22,345,346,-19.516483516483518,-99.2967032967033,80.92307692307692,77.71428571428571,-2.241758241758242,0.4794520547945206,-28.201200485229492,-97.29985046386719,76.74929809570312,76.9984130859375,-6.172755241394043,0.34201398491859436
083_cylinder,put the cylinder on the tray,14,1,297,12.676,1788428642.4732933,00013_front_put_the_cylinder_on_the_tray.png,00013_wrist_put_the_cylinder_on_the_tray.png,recap.png,50,23,346,347,-19.516483516483518,-99.2967032967033,80.92307692307692,77.71428571428571,-2.241758241758242,0.4794520547945206,-28.526769638061523,-97.38204956054688,77.29747009277344,76.9235610961914,-6.304643154144287,0.31783005595207214
083_cylinder,put the cylinder on the tray,15,1,322,13.579,1788428643.3760931,00014_front_put_the_cylinder_on_the_tray.png,00014_wrist_put_the_cylinder_on_the_tray.png,recap.png,50,0,347,348,-41.75824175824176,28.87912087912088,-17.274725274725274,80.52747252747253,-5.318681318681318,6.506849315068493,-42.510841369628906,26.509315490722656,-21.935546875,83.76657104492188,-4.9162726402282715,32.50082015991211
083_cylinder,put the cylinder on the tray,15,1,322,13.579,1788428643.3760931,00014_front_put_the_cylinder_on_the_tray.png,00014_wrist_put_the_cylinder_on_the_tray.png,recap.png,50,1,348,349,-41.75824175824176,28.87912087912088,-17.274725274725274,80.52747252747253,-5.318681318681318,6.506849315068493,-42.38388442993164,26.012351989746094,-21.759307861328125,83.85441589355469,-4.940582752227783,32.478790283203125
083_cylinder,put the cylinder on the tray,15,1,322,13.579,1788428643.3760931,00014_front_put_the_cylinder_on_the_tray.png,00014_wrist_put_the_cylinder_on_the_tray.png,recap.png,50,2,349,350,-41.75824175824176,28.87912087912088,-17.274725274725274,80.52747252747253,-5.318681318681318,6.506849315068493,-42.47560119628906,26.658973693847656,-22.09616470336914,83.64297485351562,-4.886855602264404,32.620216369628906
083_cylinder,put the cylinder on the tray,15,1,322,13.579,1788428643.3760931,00014_front_put_the_cylinder_on_the_tray.png,00014_wrist_put_the_cylinder_on_the_tray.png,recap.png,50,3,350,351,-41.75824175824176,28.87912087912088,-17.274725274725274,80.52747252747253,-5.318681318681318,6.506849315068493,-42.21757507324219,26.77202606201172,-21.738956451416016,83.47152709960938,-4.791100978851318,32.609962463378906
083_cylinder,put the cylinder on the tray,15,1,322,13.579,1788428643.3760931,00014_front_put_the_cylinder_on_the_tray.png,00014_wrist_put_the_cylinder_on_the_tray.png,recap.png,50,4,351,352,-41.75824175824176,28.87912087912088,-17.274725274725274,80.52747252747253,-5.318681318681318,6.506849315068493,-42.16374969482422,26.761375427246094,-21.250629425048828,83.23985290527344,-4.851527214050293,32.7659912109375
083_cylinder,put the cylinder on the tray,15,1,322,13.579,1788428643.3760931,00014_front_put_the_cylinder_on_the_tray.png,00014_wrist_put_the_cylinder_on_the_tray.png,recap.png,50,5,352,353,-41.75824175824176,28.87912087912088,-17.274725274725274,80.52747252747253,-5.318681318681318,6.506849315068493,-42.06149673461914,27.355369567871094,-21.81753158569336,82.93736267089844,-4.784436225891113,32.821685791015625
083_cylinder,put the cylinder on the tray,15,1,322,13.579,1788428643.3760931,00014_front_put_the_cylinder_on_the_tray.png,00014_wrist_put_the_cylinder_on_the_tray.png,recap.png,50,6,353,354,-41.75824175824176,28.87912087912088,-17.274725274725274,80.52747252747253,-5.318681318681318,6.506849315068493,-42.016090393066406,27.537452697753906,-21.66403579711914,82.74404907226562,-4.692873001098633,32.81977081298828
083_cylinder,put the cylinder on the tray,15,1,322,13.579,1788428643.3760931,00014_front_put_the_cylinder_on_the_tray.png,00014_wrist_put_the_cylinder_on_the_tray.png,recap.png,50,7,354,355,-41.75824175824176,28.87912087912088,-17.274725274725274,80.52747252747253,-5.318681318681318,6.506849315068493,-42.07901382446289,27.73442840576172,-21.410194396972656,82.73918151855469,-4.616730690002441,32.93708038330078
083_cylinder,put the cylinder on the tray,15,1,322,13.579,1788428643.3760931,00014_front_put_the_cylinder_on_the_tray.png,00014_wrist_put_the_cylinder_on_the_tray.png,recap.png,50,8,355,356,-41.75824175824176,28.87912087912088,-17.274725274725274,80.52747252747253,-5.318681318681318,6.506849315068493,-42.04237747192383,28.211753845214844,-21.94497299194336,82.517333984375,-4.5704145431518555,33.028953552246094
083_cylinder,put the cylinder on the tray,15,1,322,13.579,1788428643.3760931,00014_front_put_the_cylinder_on_the_tray.png,00014_wrist_put_the_cylinder_on_the_tray.png,recap.png,50,9,356,357,-41.75824175824176,28.87912087912088,-17.274725274725274,80.52747252747253,-5.318681318681318,6.506849315068493,-41.74285125732422,28.49372100830078,-21.93893814086914,82.35553741455078,-4.467812538146973,32.85703659057617
083_cylinder,put the cylinder on the tray,15,1,322,13.579,1788428643.3760931,00014_front_put_the_cylinder_on_the_tray.png,00014_wrist_put_the_cylinder_on_the_tray.png,recap.png,50,10,357,358,-41.75824175824176,28.87912087912088,-17.274725274725274,80.52747252747253,-5.318681318681318,6.506849315068493,-41.85310363769531,28.652015686035156,-21.95726776123047,82.27739715576172,-4.550289154052734,32.85552215576172
