episode_dir,task,chunk_id,must_go,input_timestep,input_elapsed,unix_ts,front_img,wrist_img,recap_img,returned_len,exec_index,exec_timestep,exec_action_n,in_shoulder_pan.pos,in_shoulder_lift.pos,in_elbow_flex.pos,in_wrist_flex.pos,in_wrist_roll.pos,in_gripper.pos,act_shoulder_pan.pos,act_shoulder_lift.pos,act_elbow_flex.pos,act_wrist_flex.pos,act_wrist_roll.pos,act_gripper.pos
061_bag,put the bag on the tray,1,1,0,0.0,1788427230.8127413,00000_front_put_the_bag_on_the_tray.png,00000_wrist_put_the_bag_on_the_tray.png,recap.png,50,0,0,1,-4.21978021978022,-101.93406593406593,92.17582417582418,74.9010989010989,-0.21978021978021978,0.821917808219178,-3.7589492797851562,-101.23970794677734,88.81147766113281,76.2478256225586,0.09729766845703125,0.8407465219497681
061_bag,put the bag on the tray,1,1,0,0.0,1788427230.8127413,00000_front_put_the_bag_on_the_tray.png,00000_wrist_put_the_bag_on_the_tray.png,recap.png,50,1,1,2,-4.21978021978022,-101.93406593406593,92.17582417582418,74.9010989010989,-0.21978021978021978,0.821917808219178,-3.8384227752685547,-101.40335083007812,88.67042541503906,76.27244567871094,0.13375186920166016,0.8237309455871582
061_bag,put the bag on the tray,1,1,0,0.0,1788427230.8127413,00000_front_put_the_bag_on_the_tray.png,00000_wrist_put_the_bag_on_the_tray.png,recap.png,50,2,2,3,-4.21978021978022,-101.93406593406593,92.17582417582418,74.9010989010989,-0.21978021978021978,0.821917808219178,-3.9052963256835938,-100.92693328857422,88.87614440917969,76.27716064453125,0.181915283203125,0.8400635123252869
061_bag,put the bag on the tray,1,1,0,0.0,1788427230.8127413,00000_front_put_the_bag_on_the_tray.png,00000_wrist_put_the_bag_on_the_tray.png,recap.png,50,3,3,4,-4.21978021978022,-101.93406593406593,92.17582417582418,74.9010989010989,-0.21978021978021978,0.821917808219178,-3.8306617736816406,-101.06185913085938,88.74244689941406,76.27822875976562,0.1495227813720703,0.7990446090698242
061_bag,put the bag on the tray,1,1,0,0.0,1788427230.8127413,00000_front_put_the_bag_on_the_tray.png,00000_wrist_put_the_bag_on_the_tray.png,recap.png,50,4,4,5,-4.21978021978022,-101.93406593406593,92.17582417582418,74.9010989010989,-0.21978021978021978,0.821917808219178,-3.910867691040039,-101.1651382446289,88.50199890136719,76.38005828857422,0.12513351440429688,0.8566765189170837
061_bag,put the bag on the tray,1,1,0,0.0,1788427230.8127413,00000_front_put_the_bag_on_the_tray.png,00000_wrist_put_the_bag_on_the_tray.png,recap.png,50,5,5,6,-4.21978021978022,-101.93406593406593,92.17582417582418,74.9010989010989,-0.21978021978021978,0.821917808219178,-3.936288833618164,-100.8079833984375,88.52507019042969,76.4476318359375,0.15325164794921875,0.8340995907783508
061_bag,put the bag on the tray,1,1,0,0.0,1788427230.8127413,00000_front_put_the_bag_on_the_tray.png,00000_wrist_put_the_bag_on_the_tray.png,recap.png,50,6,6,7,-4.21978021978022,-101.93406593406593,92.17582417582418,74.9010989010989,-0.21978021978021978,0.821917808219178,-4.033222198486328,-101.16813659667969,88.42970275878906,76.39765167236328,0.16177749633789062,0.7426151037216187
061_bag,put the bag on the tray,1,1,0,0.0,1788427230.8127413,00000_front_put_the_bag_on_the_tray.png,00000_wrist_put_the_bag_on_the_tray.png,recap.png,50,7,7,8,-4.21978021978022,-101.93406593406593,92.17582417582418,74.9010989010989,-0.21978021978021978,0.821917808219178,-3.881906509399414,-100.52294921875,88.75669860839844,76.56198120117188,0.11420154571533203,0.8223353028297424
061_bag,put the bag on the tray,1,1,0,0.0,1788427230.8127413,00000_front_put_the_bag_on_the_tray.png,00000_wrist_put_the_bag_on_the_tray.png,recap.png,50,8,8,9,-4.21978021978022,-101.93406593406593,92.17582417582418,74.9010989010989,-0.21978021978021978,0.821917808219178,-3.91094970703125,-101.06739044189453,88.20814514160156,76.69127655029297,0.06841754913330078,0.7468264698982239
061_bag,put the bag on the tray,1,1,0,0.0,1788427230.8127413,00000_front_put_the_bag_on_the_tray.png,00000_wrist_put_the_bag_on_the_tray.png,recap.png,50,9,9,10,-4.21978021978022,-101.93406593406593,92.17582417582418,74.9010989010989,-0.21978021978021978,0.821917808219178,-3.9214611053466797,-101.2517318725586,88.22090148925781,76.64486694335938,0.1356792449951172,0.6690691113471985
061_bag,put the bag on the tray,1,1,0,0.0,1788427230.8127413,00000_front_put_the_bag_on_the_tray.png,00000_wrist_put_the_bag_on_the_tray.png,recap.png,50,10,10,11,-4.21978021978022,-101.93406593406593,92.17582417582418,74.9010989010989,-0.21978021978021978,0.821917808219178,-3.82379150390625,-101.13893127441406,88.38194274902344,76.78271484375,0.1721172332763672,0.7268571257591248
061_bag,put the bag on the tray,1,1,0,0.0,1788427230.8127413,00000_front_put_the_bag_on_the_tray.png,00000_wrist_put_the_bag_on_the_tray.png,recap.png,50,11,11,12,-4.21978021978022,-101.93406593406593,92.17582417582418,74.9010989010989,-0.21978021978021978,0.821917808219178,-3.8906383514404297,-101.17566680908203,88.59814453125,76.93209838867188,0.12054729461669922,0.6939317584037781
061_bag,put the bag on the tray,1,1,0,0.0,1788427230.8127413,00000_front_put_the_bag_on_the_tray.png,00000_wrist_put_the_bag_on_the_tray.png,recap.png,50,12,12,13,-4.21978021978022,-101.93406593406593,92.17582417582418,74.9010989010989,-0.21978021978021978,0.821917808219178,-4.253839492797852,-101.28821563720703,88.13929748535156,77.17195892333984,0.1931743621826172,0.6742534041404724
061_bag,put the bag on the tray,1,1,0,0.0,1788427230.8127413,00000_front_put_the_bag_on_the_tray.png,00000_wrist_put_the_bag_on_the_tray.png,recap.png,50,13,13,14,-4.21978021978022,-101.93406593406593,92.17582417582418,74.9010989010989,-0.21978021978021978,0.821917808219178,-4.613197326660156,-100.99927520751953,88.1123046875,77.17912292480469,0.1434459686279297,0.7168167233467102
061_bag,put the bag on the tray,1,1,0,0.0,1788427230.8127413,00000_front_put_the_bag_on_the_tray.png,00000_wrist_put_the_bag_on_the_tray.png,recap.png,50,14,14,15,-4.21978021978022,-101.93406593406593,92.17582417582418,74.9010989010989,-0.21978021978021978,0.821917808219178,-5.113239288330078,-101.11597442626953,87.81515502929688,77.18370056152344,0.13743305206298828,0.7906940579414368
061_bag,put the bag on the tray,1,1,0,0.0,1788427230.8127413,00000_front_put_the_bag_on_the_tray.png,00000_wrist_put_the_bag_on_the_tray.png,recap.png,50,15,15,16,-4.21978021978022,-101.93406593406593,92.17582417582418,74.9010989010989,-0.21978021978021978,0.821917808219178,-6.010404586791992,-100.92961883544922,88.006103515625,77.15376281738281,0.10930824279785156,0.6581683158874512
061_bag,put the bag on the tray,1,1,0,0.0,1788427230.8127413,00000_front_put_the_bag_on_the_tray.png,00000_wrist_put_the_bag_on_the_tray.png,recap.png,50,16,16,17,-4.21978021978022,-101.93406593406593,92.17582417582418,74.9010989010989,-0.21978021978021978,0.821917808219178,-7.366243362426758,-101.3464126586914,87.90126037597656,77.46194458007812,0.23641300201416016,0.7030757665634155
061_bag,put the bag on the tray,1,1,0,0.0,1788427230.8127413,00000_front_put_the_bag_on_the_tray.png,00000_wrist_put_the_bag_on_the_tray.png,recap.png,50,17,17,18,-4.21978021978022,-101.93406593406593,92.17582417582418,74.9010989010989,-0.21978021978021978,0.821917808219178,-8.498790740966797,-100.93145751953125,88.0341796875,77.35674285888672,0.17119121551513672,0.69134122133255
061_bag,put the bag on the tray,1,1,0,0.0,1788427230.8127413,00000_front_put_the_bag_on_the_tray.png,00000_wrist_put_the_bag_on_the_tray.png,recap.png,50,18,18,19,-4.21978021978022,-101.93406593406593,92.17582417582418,74.9010989010989,-0.21978021978021978,0.821917808219178,-10.136772155761719,-101.94910430908203,87.57516479492188,77.33114624023438,0.14392757415771484,0.6437784433364868
061_bag,put the bag on the tray,1,1,0,0.0,1788427230.8127413,00000_front_put_the_bag_on_the_tray.png,00000_wrist_put_the_bag_on_the_tray.png,recap.png,50,19,19,20,-4.21978021978022,-101.93406593406593,92.17582417582418,74.9010989010989,-0.21978021978021978,0.821917808219178,-11.925987243652344,-101.86253356933594,88.16557312011719,77.34654235839844,0.09724140167236328,0.798273503780365
061_bag,put the bag on the tray,1,1,0,0.0,1788427230.8127413,00000_front_put_the_bag_on_the_tray.png,00000_wrist_put_the_bag_on_the_tray.png,recap.png,50,20,20,21,-4.21978021978022,-101.93406593406593,92.17582417582418,74.9010989010989,-0.21978021978021978,0.821917808219178,-13.631685256958008,-101.99542236328125,87.46202087402344,77.22953796386719,0.06536006927490234,0.7811432480812073
061_bag,put the bag on the tray,1,1,0,0.0,1788427230.8127413,00000_front_put_the_bag_on_the_tray.png,00000_wrist_put_the_bag_on_the_tray.png,recap.png,50,21,21,22,-4.21978021978022,-101.93406593406593,92.17582417582418,74.9010989010989,-0.21978021978021978,0.821917808219178,-14.690914154052734,-101.718505859375,87.94100952148438,77.21565246582031,0.09781742095947266,0.6040309071540833
061_bag,put the bag on the tray,1,1,0,0.0,1788427230.8127413,00000_front_put_the_bag_on_the_tray.png,00000_wrist_put_the_bag_on_the_tray.png,recap.png,50,22,22,23,-4.21978021978022,-101.93406593406593,92.17582417582418,74.9010989010989,-0.21978021978021978,0.821917808219178,-16.60025405883789,-102.2901840209961,87.77357482910156,77.09674072265625,0.04783153533935547,0.8660488724708557
061_bag,put the bag on the tray,1,1,0,0.0,1788427230.8127413,00000_front_put_the_bag_on_the_tray.png,00000_wrist_put_the_bag_on_the_tray.png,recap.png,50,23,23,24,-4.21978021978022,-101.93406593406593,92.17582417582418,74.9010989010989,-0.21978021978021978,0.821917808219178,-17.59276580810547,-102.74281311035156,87.53594970703125,77.26551818847656,0.08968734741210938,0.7805399894714355
061_bag,put the bag on the tray,1,1,0,0.0,1788427230.8127413,00000_front_put_the_bag_on_the_tray.png,00000_wrist_put_the_bag_on_the_tray.png,recap.png,50,24,24,25,-4.21978021978022,-101.93406593406593,92.17582417582418,74.9010989010989,-0.21978021978021978,0.821917808219178,-18.61168670654297,-102.5594711303711,88.04147338867188,77.2452621459961,0.030663490295410156,0.8010053634643555
061_bag,put the bag on the tray,1,1,0,0.0,1788427230.8127413,00000_front_put_the_bag_on_the_tray.png,00000_wrist_put_the_bag_on_the_tray.png,recap.png,50,25,25,26,-4.21978021978022,-101.93406593406593,92.17582417582418,74.9010989010989,-0.21978021978021978,0.821917808219178,-19.591156005859375,-102.20079803466797,87.83802795410156,77.43440246582031,0.017057418823242188,0.8004403114318848
061_bag,put the bag on the tray,1,1,0,0.0,1788427230.8127413,00000_front_put_the_bag_on_the_tray.png,00000_wrist_put_the_bag_on_the_tray.png,recap.png,50,26,26,27,-4.21978021978022,-101.93406593406593,92.17582417582418,74.9010989010989,-0.21978021978021978,0.821917808219178,-20.57119369506836,-102.09673309326172,87.83442687988281,77.24845886230469,0.04386615753173828,0.9494664072990417
061_bag,put the bag on the tray,1,1,0,0.0,1788427230.8127413,00000_front_put_the_bag_on_the_tray.png,00000_wrist_put_the_bag_on_the_tray.png,recap.png,50,27,27,28,-4.21978021978022,-101.93406593406593,92.17582417582418,74.9010989010989,-0.21978021978021978,0.821917808219178,-21.52079200744629,-102.71725463867188,88.21295166015625,77.1131591796875,0.06692981719970703,1.0117599964141846
061_bag,put the bag on the tray,1,1,0,0.0,1788427230.8127413,00000_front_put_the_bag_on_the_tray.png,00000_wrist_put_the_bag_on_the_tray.png,recap.png,50,28,28,29,-4.21978021978022,-101.93406593406593,92.17582417582418,74.9010989010989,-0.21978021978021978,0.821917808219178,-22.723182678222656,-102.38150024414062,88.65380859375,77.3034896850586,0.02440166473388672,0.9122552871704102
061_bag,put the bag on the tray,1,1,0,0.0,1788427230.8127413,00000_front_put_the_bag_on_the_tray.png,00000_wrist_put_the_bag_on_the_tray.png,recap.png,50,29,29,30,-4.21978021978022,-101.93406593406593,92.17582417582418,74.9010989010989,-0.21978021978021978,0.821917808219178,-23.60608673095703,-101.85625457763672,88.56265258789062,77.16334533691406,-0.017009735107421875,0.7286893129348755
061_bag,put the bag on the tray,1,1,0,0.0,1788427230.8127413,00000_front_put_the_bag_on_the_tray.png,00000_wrist_put_the_bag_on_the_tray.png,recap.png,50,30,30,31,-4.21978021978022,-101.93406593406593,92.17582417582418,74.9010989010989,-0.21978021978021978,0.821917808219178,-24.108760833740234,-102.32586669921875,88.84269714355469,77.16064453125,0.055207252502441406,0.7325873970985413
061_bag,put the bag on the tray,1,1,0,0.0,1788427230.8127413,00000_front_put_the_bag_on_the_tray.png,00000_wrist_put_the_bag_on_the_tray.png,recap.png,50,31,31,32,-4.21978021978022,-101.93406593406593,92.17582417582418,74.9010989010989,-0.21978021978021978,0.821917808219178,-25.010189056396484,-102.10308074951172,88.70729064941406,77.1143798828125,-0.037339210510253906,0.8863963484764099
061_bag,put the bag on the tray,2,0,4,1.07,1788427231.8859613,00001_front_put_the_bag_on_the_tray.png,00001_wrist_put_the_bag_on_the_tray.png,recap.png,50,0,32,33,-4.131868131868132,-101.75824175824175,91.20879120879121,75.42857142857143,-0.21978021978021978,0.821917808219178,-25.972087860107422,-101.638916015625,88.6882553100586,77.23017883300781,0.12268905341625214,1.1267445087432861
061_bag,put the bag on the tray,2,0,4,1.07,1788427231.8859613,00001_front_put_the_bag_on_the_tray.png,00001_wrist_put_the_bag_on_the_tray.png,recap.png,50,1,33,34,-4.131868131868132,-101.75824175824175,91.20879120879121,75.42857142857143,-0.21978021978021978,0.821917808219178,-26.665407180786133,-101.83170318603516,89.02557373046875,77.18409729003906,0.060227006673812866,1.0744702816009521
061_bag,put the bag on the tray,2,0,4,1.07,1788427231.8859613,00001_front_put_the_bag_on_the_tray.png,00001_wrist_put_the_bag_on_the_tray.png,recap.png,50,2,34,35,-4.131868131868132,-101.75824175824175,91.20879120879121,75.42857142857143,-0.21978021978021978,0.821917808219178,-27.465784072875977,-102.15409851074219,88.98871612548828,77.16476440429688,0.12087183445692062,1.0965399742126465
061_bag,put the bag on the tray,2,0,4,1.07,1788427231.8859613,00001_front_put_the_bag_on_the_tray.png,00001_wrist_put_the_bag_on_the_tray.png,recap.png,50,3,35,36,-4.131868131868132,-101.75824175824175,91.20879120879121,75.42857142857143,-0.21978021978021978,0.821917808219178,-28.455791473388672,-101.77120208740234,88.86888885498047,77.17172241210938,0.08301801234483719,1.0003443956375122
061_bag,put the bag on the tray,2,0,4,1.07,1788427231.8859613,00001_front_put_the_bag_on_the_tray.png,00001_wrist_put_the_bag_on_the_tray.png,recap.png,50,4,36,37,-4.131868131868132,-101.75824175824175,91.20879120879121,75.42857142857143,-0.21978021978021978,0.821917808219178,-29.01189422607422,-102.47062683105469,88.9923324584961,77.13522338867188,0.06464977562427521,0.9906119108200073
061_bag,put the bag on the tray,2,0,4,1.07,1788427231.8859613,00001_front_put_the_bag_on_the_tray.png,00001_wrist_put_the_bag_on_the_tray.png,recap.png,50,5,37,38,-4.131868131868132,-101.75824175824175,91.20879120879121,75.42857142857143,-0.21978021978021978,0.821917808219178,-29.98321533203125,-102.08492279052734,88.96939086914062,77.0892562866211,0.031496334820985794,0.9677386283874512
061_bag,put the bag on the tray,2,0,4,1.07,1788427231.8859613,00001_front_put_the_bag_on_the_tray.png,00001_wrist_put_the_bag_on_the_tray.png,recap.png,50,6,38,39,-4.131868131868132,-101.75824175824175,91.20879120879121,75.42857142857143,-0.21978021978021978,0.821917808219178,-30.681608200073242,-102.2060317993164,89.35845947265625,77.08517456054688,0.0016416534781455994,1.014003038406372
061_bag,put the bag on the tray,2,0,4,1.07,1788427231.8859613,00001_front_put_the_bag_on_the_tray.png,00001_wrist_put_the_bag_on_the_tray.png,recap.png,50,7,39,40,-4.131868131868132,-101.75824175824175,91.20879120879121,75.42857142857143,-0.21978021978021978,0.821917808219178,-31.418106079101562,-102.25730895996094,88.63438415527344,77.02877044677734,0.05342550203204155,1.0029213428497314
061_bag,put the bag on the tray,2,0,4,1.07,1788427231.8859613,00001_front_put_the_bag_on_the_tray.png,00001_wrist_put_the_bag_on_the_tray.png,recap.png,50,8,40,41,-4.131868131868132,-101.75824175824175,91.20879120879121,75.42857142857143,-0.21978021978021978,0.821917808219178,-31.980270385742188,-102.08160400390625,88.69000244140625,77.21177673339844,0.025952719151973724,1.1571135520935059
061_bag,put the bag on the tray,2,0,4,1.07,1788427231.8859613,00001_front_put_the_bag_on_the_tray.png,00001_wrist_put_the_bag_on_the_tray.png,recap.png,50,9,41,42,-4.131868131868132,-101.75824175824175,91.20879120879121,75.42857142857143,-0.21978021978021978,0.821917808219178,-32.601844787597656,-101.63949584960938,88.86621856689453,76.90017700195312,-0.024842644110322,0.9835755825042725
061_bag,put the bag on the tray,2,0,4,1.07,1788427231.8859613,00001_front_put_the_bag_on_the_tray.png,00001_wrist_put_the_bag_on_the_tray.png,recap.png,50,10,42,43,-4.131868131868132,-101.75824175824175,91.20879120879121,75.42857142857143,-0.21978021978021978,0.821917808219178,-33.333251953125,-101.93331909179688,88.64366912841797,76.97974395751953,0.027193639427423477,0.9631349444389343
061_bag,put the bag on the tray,2,0,4,1.07,1788427231.8859613,00001_front_put_the_bag_on_the_tray.png,00001_wrist_put_the_bag_on_the_tray.png,recap.png,50,11,43,44,-4.131868131868132,-101.75824175824175,91.20879120879121,75.42857142857143,-0.21978021978021978,0.821917808219178,-33.85176086425781,-102.21556091308594,88.6534652709961,77.03948974609375,-0.007351207081228495,0.9484583139419556
061_bag,put the bag on the tray,2,0,4,1.07,1788427231.8859613,00001_front_put_the_bag_on_the_tray.png,00001_wrist_put_the_bag_on_the_tray.png,recap.png,50,12,44,45,-4.131868131868132,-101.75824175824175,91.20879120879121,75.42857142857143,-0.21978021978021978,0.821917808219178,-34.15082931518555,-101.79676818847656,89.26042175292969,76.8606185913086,-0.052327439188957214,0.8774616122245789
061_bag,put the bag on the tray,2,0,4,1.07,1788427231.8859613,00001_front_put_the_bag_on_the_tray.png,00001_wrist_put_the_bag_on_the_tray.png,recap.png,50,13,45,46,-4.131868131868132,-101.75824175824175,91.20879120879121,75.42857142857143,-0.21978021978021978,0.821917808219178,-34.45684051513672,-101.93570709228516,88.80888366699219,76.78644561767578,-0.09004315733909607,0.8386849761009216
061_bag,put the bag on the tray,2,0,4,1.07,1788427231.8859613,00001_front_put_the_bag_on_the_tray.png,00001_wrist_put_the_bag_on_the_tray.png,recap.png,50,14,46,47,-4.131868131868132,-101.75824175824175,91.20879120879121,75.42857142857143,-0.21978021978021978,0.821917808219178,-34.942222595214844,-102.41887664794922,88.96138000488281,76.8345718383789,-0.012120438739657402,0.8634381294250488
061_bag,put the bag on the tray,2,0,4,1.07,1788427231.8859613,00001_front_put_the_bag_on_the_tray.png,00001_wrist_put_the_bag_on_the_tray.png,recap.png,50,15,47,48,-4.131868131868132,-101.75824175824175,91.20879120879121,75.42857142857143,-0.21978021978021978,0.821917808219178,-34.98473358154297,-101.36853790283203,88.927490234375,76.62581634521484,-0.07502642273902893,0.9707674384117126
061_bag,put the bag on the tray,2,0,4,1.07,1788427231.8859613,00001_front_put_the_bag_on_the_tray.png,00001_wrist_put_the_bag_on_the_tray.png,recap.png,50,16,48,49,-4.131868131868132,-101.75824175824175,91.20879120879121,75.42857142857143,-0.21978021978021978,0.821917808219178,-35.40152359008789,-101.76525115966797,89.31963348388672,76.6103286743164,-0.12020568549633026,0.9041343331336975
061_bag,put the bag on the tray,2,0,4,1.07,1788427231.8859613,00001_front_put_the_bag_on_the_tray.png,00001_wrist_put_the_bag_on_the_tray.png,recap.png,50,17,49,50,-4.131868131868132,-101.75824175824175,91.20879120879121,75.42857142857143,-0.21978021978021978,0.821917808219178,-35.65141296386719,-101.57609558105469,88.93196868896484,76.64554595947266,-0.08142547309398651,0.8305329084396362
061_bag,put the bag on the tray,2,0,4,1.07,1788427231.8859613,00001_front_put_the_bag_on_the_tray.png,00001_wrist_put_the_bag_on_the_tray.png,recap.png,50,18,50,51,-4.131868131868132,-101.75824175824175,91.20879120879121,75.42857142857143,-0.21978021978021978,0.821917808219178,-37.35841751098633,-101.0023422241211,89.10090637207031,76.67597198486328,-0.1655721664428711,0.7604973316192627
061_bag,put the bag on the tray,2,0,4,1.07,1788427231.8859613,00001_front_put_the_bag_on_the_tray.png,00001_wrist_put_the_bag_on_the_tray.png,recap.png,50,19,51,52,-4.131868131868132,-101.75824175824175,91.20879120879121,75.42857142857143,-0.21978021978021978,0.821917808219178,-37.46037292480469,-101.33435821533203,88.92494201660156,76.44871520996094,-0.11504840850830078,0.8134101033210754
061_bag,put the bag on the tray,2,0,4,1.07,1788427231.8859613,00001_front_put_the_bag_on_the_tray.png,00001_wrist_put_the_bag_on_the_tray.png,recap.png,50,20,52,53,-4.131868131868132,-101.75824175824175,91.20879120879121,75.42857142857143,-0.21978021978021978,0.821917808219178,-37.67310333251953,-101.45256042480469,89.16830444335938,76.35557556152344,-0.06785964965820312,0.8045985698699951
061_bag,put the bag on the tray,2,0,4,1.07,1788427231.8859613,00001_front_put_the_bag_on_the_tray.png,00001_wrist_put_the_bag_on_the_tray.png,recap.png,50,21,53,54,-4.131868131868132,-101.75824175824175,91.20879120879121,75.42857142857143,-0.21978021978021978,0.821917808219178,-37.88737106323242,-102.28899383544922,89.58169555664062,76.26758575439453,-0.09269428253173828,0.6676957607269287
061_bag,put the bag on the tray,3,0,31,1.973,1788427232.7905033,00002_front_put_the_bag_on_the_tray.png,00002_wrist_put_the_bag_on_the_tray.png,recap.png,50,0,54,55,-22.681318681318682,-102.10989010989012,90.5934065934066,76.04395604395604,-0.21978021978021978,0.821917808219178,-38.75536346435547,-102.97294616699219,90.35470581054688,75.2931900024414,-0.166900634765625,0.69734126329422
061_bag,put the bag on the tray,3,0,31,1.973,1788427232.7905033,00002_front_put_the_bag_on_the_tray.png,00002_wrist_put_the_bag_on_the_tray.png,recap.png,50,1,55,56,-22.681318681318682,-102.10989010989012,90.5934065934066,76.04395604395604,-0.21978021978021978,0.821917808219178,-39.079410552978516,-103.21156311035156,90.49838256835938,75.28276824951172,-0.11885738372802734,0.7286489605903625
061_bag,put the bag on the tray,3,0,31,1.973,1788427232.7905033,00002_front_put_the_bag_on_the_tray.png,00002_wrist_put_the_bag_on_the_tray.png,recap.png,50,2,56,57,-22.681318681318682,-102.10989010989012,90.5934065934066,76.04395604395604,-0.21978021978021978,0.821917808219178,-39.03989791870117,-102.67816162109375,90.73948669433594,74.83441162109375,-0.20651721954345703,0.729287326335907
061_bag,put the bag on the tray,3,0,31,1.973,1788427232.7905033,00002_front_put_the_bag_on_the_tray.png,00002_wrist_put_the_bag_on_the_tray.png,recap.png,50,3,57,58,-22.681318681318682,-102.10989010989012,90.5934065934066,76.04395604395604,-0.21978021978021978,0.821917808219178,-39.51202392578125,-102.87691497802734,90.14199829101562,74.54985046386719,-0.12615203857421875,0.7130259275436401
061_bag,put the bag on the tray,3,0,31,1.973,1788427232.7905033,00002_front_put_the_bag_on_the_tray.png,00002_wrist_put_the_bag_on_the_tray.png,recap.png,50,4,58,59,-22.681318681318682,-102.10989010989012,90.5934065934066,76.04395604395604,-0.21978021978021978,0.821917808219178,-40.04160690307617,-103.06796264648438,90.27462768554688,74.04545593261719,-0.13370800018310547,0.8417704105377197
061_bag,put the bag on the tray,3,0,31,1.973,1788427232.7905033,00002_front_put_the_bag_on_the_tray.png,00002_wrist_put_the_bag_on_the_tray.png,recap.png,50,5,59,60,-22.681318681318682,-102.10989010989012,90.5934065934066,76.04395604395604,-0.21978021978021978,0.821917808219178,-40.15684127807617,-102.678955078125,90.32821655273438,73.41651916503906,-0.21474838256835938,0.6791902780532837
061_bag,put the bag on the tray,3,0,31,1.973,1788427232.7905033,00002_front_put_the_bag_on_the_tray.png,00002_wrist_put_the_bag_on_the_tray.png,recap.png,50,6,60,61,-22.681318681318682,-102.10989010989012,90.5934065934066,76.04395604395604,-0.21978021978021978,0.821917808219178,-40.28208541870117,-102.64302825927734,90.3624267578125,72.50325775146484,-0.23310375213623047,0.7359809279441833
061_bag,put the bag on the tray,3,0,31,1.973,1788427232.7905033,00002_front_put_the_bag_on_the_tray.png,00002_wrist_put_the_bag_on_the_tray.png,recap.png,50,7,61,62,-22.681318681318682,-102.10989010989012,90.5934065934066,76.04395604395604,-0.21978021978021978,0.821917808219178,-40.752891540527344,-103.18014526367188,90.66270446777344,71.7633056640625,-0.23800945281982422,0.6064802408218384
061_bag,put the bag on the tray,3,0,31,1.973,1788427232.7905033,00002_front_put_the_bag_on_the_tray.png,00002_wrist_put_the_bag_on_the_tray.png,recap.png,50,8,62,63,-22.681318681318682,-102.10989010989012,90.5934065934066,76.04395604395604,-0.21978021978021978,0.821917808219178,-40.77570343017578,-102.66223907470703,90.72036743164062,71.19712829589844,-0.21469593048095703,0.6299716234207153
061_bag,put the bag on the tray,3,0,31,1.973,1788427232.7905033,00002_front_put_the_bag_on_the_tray.png,00002_wrist_put_the_bag_on_the_tray.png,recap.png,50,9,63,64,-22.681318681318682,-102.10989010989012,90.5934065934066,76.04395604395604,-0.21978021978021978,0.821917808219178,-40.873653411865234,-102.89237976074219,90.83367919921875,70.49736022949219,-0.3294687271118164,0.794849157333374
061_bag,put the bag on the tray,3,0,31,1.973,1788427232.7905033,00002_front_put_the_bag_on_the_tray.png,00002_wrist_put_the_bag_on_the_tray.png,recap.png,50,10,64,65,-22.681318681318682,-102.10989010989012,90.5934065934066,76.04395604395604,-0.21978021978021978,0.821917808219178,-40.82297134399414,-102.29015350341797,91.50894165039062,70.03495025634766,-0.3792104721069336,0.7101326584815979
061_bag,put the bag on the tray,3,0,31,1.973,1788427232.7905033,00002_front_put_the_bag_on_the_tray.png,00002_wrist_put_the_bag_on_the_tray.png,recap.png,50,11,65,66,-22.681318681318682,-102.10989010989012,90.5934065934066,76.04395604395604,-0.21978021978021978,0.821917808219178,-41.13294982910156,-102.35659790039062,91.29075622558594,69.48689270019531,-0.3388500213623047,0.7780842781066895
061_bag,put the bag on the tray,3,0,31,1.973,1788427232.7905033,00002_front_put_the_bag_on_the_tray.png,00002_wrist_put_the_bag_on_the_tray.png,recap.png,50,12,66,67,-22.681318681318682,-102.10989010989012,90.5934065934066,76.04395604395604,-0.21978021978021978,0.821917808219178,-41.15320587158203,-102.65219116210938,91.51023864746094,68.8824462890625,-0.3326454162597656,0.612251877784729
061_bag,put the bag on the tray,3,0,31,1.973,1788427232.7905033,00002_front_put_the_bag_on_the_tray.png,00002_wrist_put_the_bag_on_the_tray.png,recap.png,50,13,67,68,-22.681318681318682,-102.10989010989012,90.5934065934066,76.04395604395604,-0.21978021978021978,0.821917808219178,-41.39939880371094,-102.89991760253906,91.37992858886719,68.05259704589844,-0.30921459197998047,0.5134672522544861
061_bag,put the bag on the tray,3,0,31,1.973,1788427232.7905033,00002_front_put_the_bag_on_the_tray.png,00002_wrist_put_the_bag_on_the_tray.png,recap.png,50,14,68,69,-22.681318681318682,-102.10989010989012,90.5934065934066,76.04395604395604,-0.21978021978021978,0.821917808219178,-41.00376892089844,-102.60466766357422,92.41546630859375,67.5774154663086,-0.33394336700439453,0.8199104070663452
061_bag,put the bag on the tray,3,0,31,1.973,1788427232.7905033,00002_front_put_the_bag_on_the_tray.png,00002_wrist_put_the_bag_on_the_tray.png,recap.png,50,15,69,70,-22.681318681318682,-102.10989010989012,90.5934065934066,76.04395604395604,-0.21978021978021978,0.821917808219178,-40.91921615600586,-102.71304321289062,92.12466430664062,66.90652465820312,-0.4245147705078125,0.6693728566169739
061_bag,put the bag on the tray,3,0,31,1.973,1788427232.7905033,00002_front_put_the_bag_on_the_tray.png,00002_wrist_put_the_bag_on_the_tray.png,recap.png,50,16,70,71,-22.681318681318682,-102.10989010989012,90.5934065934066,76.04395604395604,-0.21978021978021978,0.821917808219178,-40.8004035949707,-102.3630142211914,92.2452392578125,66.21283721923828,-0.4475259780883789,0.781205952167511
061_bag,put the bag on the tray,3,0,31,1.973,1788427232.7905033,00002_front_put_the_bag_on_the_tray.png,00002_wrist_put_the_bag_on_the_tray.png,recap.png,50,17,71,72,-22.681318681318682,-102.10989010989012,90.5934065934066,76.04395604395604,-0.21978021978021978,0.821917808219178,-40.5953254699707,-102.10078430175781,92.57345581054688,65.62541198730469,-0.5149145126342773,0.7636997103691101
061_bag,put the bag on the tray,3,0,31,1.973,1788427232.7905033,00002_front_put_the_bag_on_the_tray.png,00002_wrist_put_the_bag_on_the_tray.png,recap.png,50,18,72,73,-22.681318681318682,-102.10989010989012,90.5934065934066,76.04395604395604,-0.21978021978021978,0.821917808219178,-40.66038513183594,-102.0108413696289,93.00970458984375,65.21417236328125,-0.598475456237793,0.7141996026039124
061_bag,put the bag on the tray,3,0,31,1.973,1788427232.7905033,00002_front_put_the_bag_on_the_tray.png,00002_wrist_put_the_bag_on_the_tray.png,recap.png,50,19,73,74,-22.681318681318682,-102.10989010989012,90.5934065934066,76.04395604395604,-0.21978021978021978,0.821917808219178,-40.66362380981445,-102.59452819824219,92.77168273925781,64.8472671508789,-0.5961503982543945,0.6785954833030701
061_bag,put the bag on the tray,3,0,31,1.973,1788427232.7905033,00002_front_put_the_bag_on_the_tray.png,00002_wrist_put_the_bag_on_the_tray.png,recap.png,50,20,74,75,-22.681318681318682,-102.10989010989012,90.5934065934066,76.04395604395604,-0.21978021978021978,0.821917808219178,-41.085845947265625,-102.61738586425781,93.24252319335938,64.66688537597656,-0.5255851745605469,0.7152765989303589
061_bag,put the bag on the tray,3,0,31,1.973,1788427232.7905033,00002_front_put_the_bag_on_the_tray.png,00002_wrist_put_the_bag_on_the_tray.png,recap.png,50,21,75,76,-22.681318681318682,-102.10989010989012,90.5934065934066,76.04395604395604,-0.21978021978021978,0.821917808219178,-40.87466049194336,-102.38227844238281,93.14239501953125,64.32270812988281,-0.5736865997314453,0.7750561237335205
061_bag,put the bag on the tray,3,0,31,1.973,1788427232.7905033,00002_front_put_the_bag_on_the_tray.png,00002_wrist_put_the_bag_on_the_tray.png,recap.png,50,22,76,77,-22.681318681318682,-102.10989010989012,90.5934065934066,76.04395604395604,-0.21978021978021978,0.821917808219178,-41.25923538208008,-102.03023529052734,92.70234680175781,63.785091400146484,-0.6177997589111328,0.7375444173812866
061_bag,put the bag on the tray,3,0,31,1.973,1788427232.7905033,00002_front_put_the_bag_on_the_tray.png,00002_wrist_put_the_bag_on_the_tray.png,recap.png,50,23,77,78,-22.681318681318682,-102.10989010989012,90.5934065934066,76.04395604395604,-0.21978021978021978,0.821917808219178,-41.37221145629883,-102.2123794555664,92.91926574707031,63.44194793701172,-0.6569509506225586,0.6959593892097473
061_bag,put the bag on the tray,3,0,31,1.973,1788427232.7905033,00002_front_put_the_bag_on_the_tray.png,00002_wrist_put_the_bag_on_the_tray.png,recap.png,50,24,78,79,-22.681318681318682,-102.10989010989012,90.5934065934066,76.04395604395604,-0.21978021978021978,0.821917808219178,-41.51496124267578,-102.47911071777344,93.726806640625,63.19706726074219,-0.7353334426879883,0.6644509434700012
061_bag,put the bag on the tray,3,0,31,1.973,1788427232.7905033,00002_front_put_the_bag_on_the_tray.png,00002_wrist_put_the_bag_on_the_tray.png,recap.png,50,25,79,80,-22.681318681318682,-102.10989010989012,90.5934065934066,76.04395604395604,-0.21978021978021978,0.821917808219178,-41.563167572021484,-103.21147155761719,93.66026306152344,62.796119689941406,-0.8019895553588867,0.7852187156677246
061_bag,put the bag on the tray,3,0,31,1.973,1788427232.7905033,00002_front_put_the_bag_on_the_tray.png,00002_wrist_put_the_bag_on_the_tray.png,recap.png,50,26,80,81,-22.681318681318682,-102.10989010989012,90.5934065934066,76.04395604395604,-0.21978021978021978,0.821917808219178,-41.55162048339844,-101.40299987792969,93.64201354980469,61.712425231933594,-0.9751501083374023,0.309382826089859
061_bag,put the bag on the tray,4,1,53,2.709,1788427233.5247786,00003_front_put_the_bag_on_the_tray.png,00003_wrist_put_the_bag_on_the_tray.png,recap.png,50,0,81,82,-37.0989010989011,-101.93406593406593,90.5934065934066,76.04395604395604,-0.21978021978021978,0.821917808219178,-42.003501892089844,-101.28638458251953,89.37319946289062,61.881622314453125,-0.6691417694091797,0.5846903324127197
061_bag,put the bag on the tray,4,1,53,2.709,1788427233.5247786,00003_front_put_the_bag_on_the_tray.png,00003_wrist_put_the_bag_on_the_tray.png,recap.png,50,1,82,83,-37.0989010989011,-101.93406593406593,90.5934065934066,76.04395604395604,-0.21978021978021978,0.821917808219178,-42.3382568359375,-101.55412292480469,89.33631896972656,61.96019744873047,-0.7226772308349609,0.5488365888595581
061_bag,put the bag on the tray,4,1,53,2.709,1788427233.5247786,00003_front_put_the_bag_on_the_tray.png,00003_wrist_put_the_bag_on_the_tray.png,recap.png,50,2,83,84,-37.0989010989011,-101.93406593406593,90.5934065934066,76.04395604395604,-0.21978021978021978,0.821917808219178,-42.47770309448242,-101.18190002441406,89.28439331054688,61.649993896484375,-0.7793283462524414,0.49100613594055176
061_bag,put the bag on the tray,4,1,53,2.709,1788427233.5247786,00003_front_put_the_bag_on_the_tray.png,00003_wrist_put_the_bag_on_the_tray.png,recap.png,50,3,84,85,-37.0989010989011,-101.93406593406593,90.5934065934066,76.04395604395604,-0.21978021978021978,0.821917808219178,-42.77791976928711,-101.24519348144531,89.25090026855469,61.55957794189453,-0.8552083969116211,0.41514891386032104
061_bag,put the bag on the tray,4,1,53,2.709,1788427233.5247786,00003_front_put_the_bag_on_the_tray.png,00003_wrist_put_the_bag_on_the_tray.png,recap.png,50,4,85,86,-37.0989010989011,-101.93406593406593,90.5934065934066,76.04395604395604,-0.21978021978021978,0.821917808219178,-42.81444549560547,-101.42967987060547,88.96844482421875,61.391685485839844,-0.8603496551513672,0.5602642297744751
061_bag,put the bag on the tray,4,1,53,2.709,1788427233.5247786,00003_front_put_the_bag_on_the_tray.png,00003_wrist_put_the_bag_on_the_tray.png,recap.png,50,5,86,87,-37.0989010989011,-101.93406593406593,90.5934065934066,76.04395604395604,-0.21978021978021978,0.821917808219178,-43.11240005493164,-101.53936767578125,88.52810668945312,61.19132995605469,-0.8132534027099609,0.569275438785553
061_bag,put the bag on the tray,4,1,53,2.709,1788427233.5247786,00003_front_put_the_bag_on_the_tray.png,00003_wrist_put_the_bag_on_the_tray.png,recap.png,50,6,87,88,-37.0989010989011,-101.93406593406593,90.5934065934066,76.04395604395604,-0.21978021978021978,0.821917808219178,-43.101314544677734,-101.0545654296875,88.29563903808594,61.49858856201172,-0.8982162475585938,0.6918849945068359
061_bag,put the bag on the tray,4,1,53,2.709,1788427233.5247786,00003_front_put_the_bag_on_the_tray.png,00003_wrist_put_the_bag_on_the_tray.png,recap.png,50,7,88,89,-37.0989010989011,-101.93406593406593,90.5934065934066,76.04395604395604,-0.21978021978021978,0.821917808219178,-43.421966552734375,-101.54916381835938,87.64125061035156,61.341033935546875,-0.7910442352294922,0.68586266040802
061_bag,put the bag on the tray,4,1,53,2.709,1788427233.5247786,00003_front_put_the_bag_on_the_tray.png,00003_wrist_put_the_bag_on_the_tray.png,recap.png,50,8,89,90,-37.0989010989011,-101.93406593406593,90.5934065934066,76.04395604395604,-0.21978021978021978,0.821917808219178,-43.418357849121094,-101.79717254638672,87.73919677734375,61.53765106201172,-0.8639430999755859,0.34574955701828003
061_bag,put the bag on the tray,4,1,53,2.709,1788427233.5247786,00003_front_put_the_bag_on_the_tray.png,00003_wrist_put_the_bag_on_the_tray.png,recap.png,50,9,90,91,-37.0989010989011,-101.93406593406593,90.5934065934066,76.04395604395604,-0.21978021978021978,0.821917808219178,-43.23265838623047,-101.06883239746094,87.63705444335938,61.513458251953125,-1.0623207092285156,0.5331381559371948
061_bag,put the bag on the tray,4,1,53,2.709,1788427233.5247786,00003_front_put_the_bag_on_the_tray.png,00003_wrist_put_the_bag_on_the_tray.png,recap.png,50,10,91,92,-37.0989010989011,-101.93406593406593,90.5934065934066,76.04395604395604,-0.21978021978021978,0.821917808219178,-43.11125946044922,-101.49624633789062,87.913330078125,61.8251953125,-1.1184425354003906,0.4515921175479889
061_bag,put the bag on the tray,4,1,53,2.709,1788427233.5247786,00003_front_put_the_bag_on_the_tray.png,00003_wrist_put_the_bag_on_the_tray.png,recap.png,50,11,92,93,-37.0989010989011,-101.93406593406593,90.5934065934066,76.04395604395604,-0.21978021978021978,0.821917808219178,-43.05592727661133,-100.90525817871094,87.32402038574219,61.61500549316406,-1.2563467025756836,0.4018031060695648
061_bag,put the bag on the tray,4,1,53,2.709,1788427233.5247786,00003_front_put_the_bag_on_the_tray.png,00003_wrist_put_the_bag_on_the_tray.png,recap.png,50,12,93,94,-37.0989010989011,-101.93406593406593,90.5934065934066,76.04395604395604,-0.21978021978021978,0.821917808219178,-42.959999084472656,-101.38433837890625,87.2728271484375,61.798744201660156,-1.5108299255371094,0.42621752619743347
061_bag,put the bag on the tray,4,1,53,2.709,1788427233.5247786,00003_front_put_the_bag_on_the_tray.png,00003_wrist_put_the_bag_on_the_tray.png,recap.png,50,13,94,95,-37.0989010989011,-101.93406593406593,90.5934065934066,76.04395604395604,-0.21978021978021978,0.821917808219178,-42.9143180847168,-101.42166900634766,86.76298522949219,61.850807189941406,-1.887608528137207,0.33296453952789307
061_bag,put the bag on the tray,4,1,53,2.709,1788427233.5247786,00003_front_put_the_bag_on_the_tray.png,00003_wrist_put_the_bag_on_the_tray.png,recap.png,50,14,95,96,-37.0989010989011,-101.93406593406593,90.5934065934066,76.04395604395604,-0.21978021978021978,0.821917808219178,-43.13340759277344,-102.13101959228516,86.88456726074219,61.9266357421875,-2.101914405822754,0.3653036057949066
061_bag,put the bag on the tray,4,1,53,2.709,1788427233.5247786,00003_front_put_the_bag_on_the_tray.png,00003_wrist_put_the_bag_on_the_tray.png,recap.png,50,15,96,97,-37.0989010989011,-101.93406593406593,90.5934065934066,76.04395604395604,-0.21978021978021978,0.821917808219178,-42.88971710205078,-101.5402603149414,85.91513061523438,61.87294006347656,-2.460391044616699,0.29695576429367065
061_bag,put the bag on the tray,4,1,53,2.709,1788427233.5247786,00003_front_put_the_bag_on_the_tray.png,00003_wrist_put_the_bag_on_the_tray.png,recap.png,50,16,97,98,-37.0989010989011,-101.93406593406593,90.5934065934066,76.04395604395604,-0.21978021978021978,0.821917808219178,-43.028533935546875,-102.15824127197266,86.17793273925781,61.72294235229492,-2.6999282836914062,0.3328647017478943
061_bag,put the bag on the tray,4,1,53,2.709,1788427233.5247786,00003_front_put_the_bag_on_the_tray.png,00003_wrist_put_the_bag_on_the_tray.png,recap.png,50,17,98,99,-37.0989010989011,-101.93406593406593,90.5934065934066,76.04395604395604,-0.21978021978021978,0.821917808219178,-43.006874084472656,-101.70126342773438,85.60110473632812,61.57840347290039,-3.0367021560668945,0.4586065113544464
061_bag,put the bag on the tray,4,1,53,2.709,1788427233.5247786,00003_front_put_the_bag_on_the_tray.png,00003_wrist_put_the_bag_on_the_tray.png,recap.png,50,18,99,100,-37.0989010989011,-101.93406593406593,90.5934065934066,76.04395604395604,-0.21978021978021978,0.821917808219178,-42.93764114379883,-101.6393814086914,86.07475280761719,61.60283660888672,-3.4593420028686523,0.48475009202957153
061_bag,put the bag on the tray,4,1,53,2.709,1788427233.5247786,00003_front_put_the_bag_on_the_tray.png,00003_wrist_put_the_bag_on_the_tray.png,recap.png,50,19,100,101,-37.0989010989011,-101.93406593406593,90.5934065934066,76.04395604395604,-0.21978021978021978,0.821917808219178,-43.05896759033203,-102.09749603271484,85.64659118652344,61.312686920166016,-4.257278919219971,0.44498345255851746
061_bag,put the bag on the tray,4,1,53,2.709,1788427233.5247786,00003_front_put_the_bag_on_the_tray.png,00003_wrist_put_the_bag_on_the_tray.png,recap.png,50,20,101,102,-37.0989010989011,-101.93406593406593,90.5934065934066,76.04395604395604,-0.21978021978021978,0.821917808219178,-42.656761169433594,-102.06446075439453,86.08059692382812,61.05866241455078,-5.17019510269165,0.7075409889221191
061_bag,put the bag on the tray,4,1,53,2.709,1788427233.5247786,00003_front_put_the_bag_on_the_tray.png,00003_wrist_put_the_bag_on_the_tray.png,recap.png,50,21,102,103,-37.0989010989011,-101.93406593406593,90.5934065934066,76.04395604395604,-0.21978021978021978,0.821917808219178,-42.80076217651367,-101.35090637207031,86.29057312011719,60.86652374267578,-5.807438373565674,0.7971720695495605
061_bag,put the bag on the tray,5,1,80,3.746,1788427234.5645535,00004_front_put_the_bag_on_the_tray.png,00004_wrist_put_the_bag_on_the_tray.png,recap.png,50,0,103,104,-41.31868131868132,-102.10989010989012,93.93406593406593,64.26373626373626,-0.21978021978021978,0.821917808219178,-45.056304931640625,-99.61787414550781,90.69721984863281,57.129554748535156,-1.1813068389892578,0.7457186579704285
061_bag,put the bag on the tray,5,1,80,3.746,1788427234.5645535,00004_front_put_the_bag_on_the_tray.png,00004_wrist_put_the_bag_on_the_tray.png,recap.png,50,1,104,105,-41.31868131868132,-102.10989010989012,93.93406593406593,64.26373626373626,-0.21978021978021978,0.821917808219178,-45.139129638671875,-99.41609191894531,90.47117614746094,57.053184509277344,-1.2177734375,0.7482879757881165
061_bag,put the bag on the tray,5,1,80,3.746,1788427234.5645535,00004_front_put_the_bag_on_the_tray.png,00004_wrist_put_the_bag_on_the_tray.png,recap.png,50,2,105,106,-41.31868131868132,-102.10989010989012,93.93406593406593,64.26373626373626,-0.21978021978021978,0.821917808219178,-45.08540344238281,-99.5960464477539,90.7037353515625,56.994834899902344,-1.3343772888183594,0.7381784915924072
061_bag,put the bag on the tray,5,1,80,3.746,1788427234.5645535,00004_front_put_the_bag_on_the_tray.png,00004_wrist_put_the_bag_on_the_tray.png,recap.png,50,3,106,107,-41.31868131868132,-102.10989010989012,93.93406593406593,64.26373626373626,-0.21978021978021978,0.821917808219178,-44.72220230102539,-99.5665054321289,90.27743530273438,56.89854431152344,-1.4461565017700195,0.5753020644187927
061_bag,put the bag on the tray,5,1,80,3.746,1788427234.5645535,00004_front_put_the_bag_on_the_tray.png,00004_wrist_put_the_bag_on_the_tray.png,recap.png,50,4,107,108,-41.31868131868132,-102.10989010989012,93.93406593406593,64.26373626373626,-0.21978021978021978,0.821917808219178,-44.78704833984375,-99.73497772216797,90.15531921386719,57.193119049072266,-1.7482061386108398,0.6577180027961731
061_bag,put the bag on the tray,5,1,80,3.746,1788427234.5645535,00004_front_put_the_bag_on_the_tray.png,00004_wrist_put_the_bag_on_the_tray.png,recap.png,50,5,108,109,-41.31868131868132,-102.10989010989012,93.93406593406593,64.26373626373626,-0.21978021978021978,0.821917808219178,-44.8115348815918,-99.43767547607422,89.8572998046875,57.36600112915039,-2.088231086730957,0.6709650158882141
061_bag,put the bag on the tray,5,1,80,3.746,1788427234.5645535,00004_front_put_the_bag_on_the_tray.png,00004_wrist_put_the_bag_on_the_tray.png,recap.png,50,6,109,110,-41.31868131868132,-102.10989010989012,93.93406593406593,64.26373626373626,-0.21978021978021978,0.821917808219178,-44.64631652832031,-99.44544982910156,89.16610717773438,57.55224609375,-2.5837459564208984,0.653978168964386
061_bag,put the bag on the tray,5,1,80,3.746,1788427234.5645535,00004_front_put_the_bag_on_the_tray.png,00004_wrist_put_the_bag_on_the_tray.png,recap.png,50,7,110,111,-41.31868131868132,-102.10989010989012,93.93406593406593,64.26373626373626,-0.21978021978021978,0.821917808219178,-44.813682556152344,-99.484375,89.71846008300781,57.9205322265625,-2.7474822998046875,0.5871821641921997
061_bag,put the bag on the tray,5,1,80,3.746,1788427234.5645535,00004_front_put_the_bag_on_the_tray.png,00004_wrist_put_the_bag_on_the_tray.png,recap.png,50,8,111,112,-41.31868131868132,-102.10989010989012,93.93406593406593,64.26373626373626,-0.21978021978021978,0.821917808219178,-44.49213790893555,-99.85709381103516,88.79432678222656,57.86924743652344,-3.108274459838867,0.5886935591697693
061_bag,put the bag on the tray,5,1,80,3.746,1788427234.5645535,00004_front_put_the_bag_on_the_tray.png,00004_wrist_put_the_bag_on_the_tray.png,recap.png,50,9,112,113,-41.31868131868132,-102.10989010989012,93.93406593406593,64.26373626373626,-0.21978021978021978,0.821917808219178,-44.38916015625,-99.1461410522461,88.66958618164062,57.73490905761719,-3.310760498046875,0.5599668025970459
061_bag,put the bag on the tray,5,1,80,3.746,1788427234.5645535,00004_front_put_the_bag_on_the_tray.png,00004_wrist_put_the_bag_on_the_tray.png,recap.png,50,10,113,114,-41.31868131868132,-102.10989010989012,93.93406593406593,64.26373626373626,-0.21978021978021978,0.821917808219178,-44.56605529785156,-99.50138854980469,88.65003967285156,57.582401275634766,-3.36470890045166,0.6489669680595398
061_bag,put the bag on the tray,5,1,80,3.746,1788427234.5645535,00004_front_put_the_bag_on_the_tray.png,00004_wrist_put_the_bag_on_the_tray.png,recap.png,50,11,114,115,-41.31868131868132,-102.10989010989012,93.93406593406593,64.26373626373626,-0.21978021978021978,0.821917808219178,-44.56256866455078,-99.53304290771484,88.13925170898438,57.564029693603516,-3.3175745010375977,0.6652294397354126
061_bag,put the bag on the tray,5,1,80,3.746,1788427234.5645535,00004_front_put_the_bag_on_the_tray.png,00004_wrist_put_the_bag_on_the_tray.png,recap.png,50,12,115,116,-41.31868131868132,-102.10989010989012,93.93406593406593,64.26373626373626,-0.21978021978021978,0.821917808219178,-44.66997528076172,-99.40808868408203,88.36604309082031,57.688812255859375,-3.3357667922973633,0.48487117886543274
061_bag,put the bag on the tray,5,1,80,3.746,1788427234.5645535,00004_front_put_the_bag_on_the_tray.png,00004_wrist_put_the_bag_on_the_tray.png,recap.png,50,13,116,117,-41.31868131868132,-102.10989010989012,93.93406593406593,64.26373626373626,-0.21978021978021978,0.821917808219178,-44.79986572265625,-99.2366714477539,88.12580871582031,57.307151794433594,-3.325629234313965,0.41640013456344604
061_bag,put the bag on the tray,5,1,80,3.746,1788427234.5645535,00004_front_put_the_bag_on_the_tray.png,00004_wrist_put_the_bag_on_the_tray.png,recap.png,50,14,117,118,-41.31868131868132,-102.10989010989012,93.93406593406593,64.26373626373626,-0.21978021978021978,0.821917808219178,-44.87579345703125,-99.33123779296875,88.21334838867188,57.177616119384766,-3.408916473388672,0.41585949063301086
061_bag,put the bag on the tray,5,1,80,3.746,1788427234.5645535,00004_front_put_the_bag_on_the_tray.png,00004_wrist_put_the_bag_on_the_tray.png,recap.png,50,15,118,119,-41.31868131868132,-102.10989010989012,93.93406593406593,64.26373626373626,-0.21978021978021978,0.821917808219178,-45.01533508300781,-99.28557586669922,88.52297973632812,56.976402282714844,-3.4492835998535156,0.5620486736297607
061_bag,put the bag on the tray,5,1,80,3.746,1788427234.5645535,00004_front_put_the_bag_on_the_tray.png,00004_wrist_put_the_bag_on_the_tray.png,recap.png,50,16,119,120,-41.31868131868132,-102.10989010989012,93.93406593406593,64.26373626373626,-0.21978021978021978,0.821917808219178,-45.18658447265625,-99.3870849609375,87.59941101074219,56.59834671020508,-3.7426834106445312,0.5227280855178833
061_bag,put the bag on the tray,5,1,80,3.746,1788427234.5645535,00004_front_put_the_bag_on_the_tray.png,00004_wrist_put_the_bag_on_the_tray.png,recap.png,50,17,120,121,-41.31868131868132,-102.10989010989012,93.93406593406593,64.26373626373626,-0.21978021978021978,0.821917808219178,-45.183509826660156,-99.09783935546875,87.65757751464844,56.872161865234375,-4.228714466094971,0.523716926574707
061_bag,put the bag on the tray,5,1,80,3.746,1788427234.5645535,00004_front_put_the_bag_on_the_tray.png,00004_wrist_put_the_bag_on_the_tray.png,recap.png,50,18,121,122,-41.31868131868132,-102.10989010989012,93.93406593406593,64.26373626373626,-0.21978021978021978,0.821917808219178,-45.062686920166016,-98.89462280273438,87.88465881347656,56.62944793701172,-4.431630611419678,0.5496735572814941
061_bag,put the bag on the tray,5,1,80,3.746,1788427234.5645535,00004_front_put_the_bag_on_the_tray.png,00004_wrist_put_the_bag_on_the_tray.png,recap.png,50,19,122,123,-41.31868131868132,-102.10989010989012,93.93406593406593,64.26373626373626,-0.21978021978021978,0.821917808219178,-45.0579833984375,-99.35464477539062,87.32661437988281,56.566261291503906,-4.459263324737549,0.5354780554771423
061_bag,put the bag on the tray,5,1,80,3.746,1788427234.5645535,00004_front_put_the_bag_on_the_tray.png,00004_wrist_put_the_bag_on_the_tray.png,recap.png,50,20,123,124,-41.31868131868132,-102.10989010989012,93.93406593406593,64.26373626373626,-0.21978021978021978,0.821917808219178,-45.152645111083984,-98.97787475585938,87.83248901367188,56.746421813964844,-4.539127826690674,0.602914571762085
061_bag,put the bag on the tray,5,1,80,3.746,1788427234.5645535,00004_front_put_the_bag_on_the_tray.png,00004_wrist_put_the_bag_on_the_tray.png,recap.png,50,21,124,125,-41.31868131868132,-102.10989010989012,93.93406593406593,64.26373626373626,-0.21978021978021978,0.821917808219178,-45.251792907714844,-98.8033218383789,87.05596923828125,56.750892639160156,-4.5991129875183105,0.4884750247001648
061_bag,put the bag on the tray,5,1,80,3.746,1788427234.5645535,00004_front_put_the_bag_on_the_tray.png,00004_wrist_put_the_bag_on_the_tray.png,recap.png,50,22,125,126,-41.31868131868132,-102.10989010989012,93.93406593406593,64.26373626373626,-0.21978021978021978,0.821917808219178,-45.219974517822266,-98.34191131591797,86.86224365234375,56.591041564941406,-4.597989559173584,0.5514983534812927
061_bag,put the bag on the tray,5,1,80,3.746,1788427234.5645535,00004_front_put_the_bag_on_the_tray.png,00004_wrist_put_the_bag_on_the_tray.png,recap.png,50,23,126,127,-41.31868131868132,-102.10989010989012,93.93406593406593,64.26373626373626,-0.21978021978021978,0.821917808219178,-44.99203872680664,-97.6053237915039,86.00349426269531,56.28182601928711,-4.720969200134277,0.48804381489753723
061_bag,put the bag on the tray,5,1,80,3.746,1788427234.5645535,00004_front_put_the_bag_on_the_tray.png,00004_wrist_put_the_bag_on_the_tray.png,recap.png,50,24,127,128,-41.31868131868132,-102.10989010989012,93.93406593406593,64.26373626373626,-0.21978021978021978,0.821917808219178,-45.07550811767578,-97.22291564941406,85.80796813964844,56.22165298461914,-4.876358509063721,0.6783394813537598
061_bag,put the bag on the tray,5,1,80,3.746,1788427234.5645535,00004_front_put_the_bag_on_the_tray.png,00004_wrist_put_the_bag_on_the_tray.png,recap.png,50,25,128,129,-41.31868131868132,-102.10989010989012,93.93406593406593,64.26373626373626,-0.21978021978021978,0.821917808219178,-45.12438201904297,-95.71532440185547,84.816650390625,56.00788497924805,-5.213419437408447,0.6263114809989929
061_bag,put the bag on the tray,6,1,102,4.482,1788427235.2929978,00005_front_put_the_bag_on_the_tray.png,00005_wrist_put_the_bag_on_the_tray.png,recap.png,50,0,129,130,-43.16483516483517,-101.67032967032966,88.3076923076923,62.32967032967033,-3.3846153846153846,0.684931506849315,-44.27755355834961,-94.9474868774414,80.95401763916016,57.41593933105469,-6.900548934936523,0.965307354927063
061_bag,put the bag on the tray,6,1,102,4.482,1788427235.2929978,00005_front_put_the_bag_on_the_tray.png,00005_wrist_put_the_bag_on_the_tray.png,recap.png,50,1,130,131,-43.16483516483517,-101.67032967032966,88.3076923076923,62.32967032967033,-3.3846153846153846,0.684931506849315,-44.197593688964844,-94.14530944824219,79.61776733398438,57.68730926513672,-7.810730934143066,1.3891427516937256
061_bag,put the bag on the tray,6,1,102,4.482,1788427235.2929978,00005_front_put_the_bag_on_the_tray.png,00005_wrist_put_the_bag_on_the_tray.png,recap.png,50,2,131,132,-43.16483516483517,-101.67032967032966,88.3076923076923,62.32967032967033,-3.3846153846153846,0.684931506849315,-43.82586669921875,-92.11863708496094,78.349609375,56.86878204345703,-8.080328941345215,1.2023987770080566
061_bag,put the bag on the tray,6,1,102,4.482,1788427235.2929978,00005_front_put_the_bag_on_the_tray.png,00005_wrist_put_the_bag_on_the_tray.png,recap.png,50,3,132,133,-43.16483516483517,-101.67032967032966,88.3076923076923,62.32967032967033,-3.3846153846153846,0.684931506849315,-43.722747802734375,-90.03984832763672,77.54901123046875,56.394439697265625,-7.98149299621582,1.292264699935913
061_bag,put the bag on the tray,6,1,102,4.482,1788427235.2929978,00005_front_put_the_bag_on_the_tray.png,00005_wrist_put_the_bag_on_the_tray.png,recap.png,50,4,133,134,-43.16483516483517,-101.67032967032966,88.3076923076923,62.32967032967033,-3.3846153846153846,0.684931506849315,-43.540313720703125,-88.56535339355469,76.52766418457031,55.682411193847656,-8.043673515319824,1.2500593662261963
061_bag,put the bag on the tray,6,1,102,4.482,1788427235.2929978,00005_front_put_the_bag_on_the_tray.png,00005_wrist_put_the_bag_on_the_tray.png,recap.png,50,5,134,135,-43.16483516483517,-101.67032967032966,88.3076923076923,62.32967032967033,-3.3846153846153846,0.684931506849315,-43.52323532104492,-86.96217346191406,75.845947265625,55.63197708129883,-7.959834575653076,1.2320549488067627
061_bag,put the bag on the tray,6,1,102,4.482,1788427235.2929978,00005_front_put_the_bag_on_the_tray.png,00005_wrist_put_the_bag_on_the_tray.png,recap.png,50,6,135,136,-43.16483516483517,-101.67032967032966,88.3076923076923,62.32967032967033,-3.3846153846153846,0.684931506849315,-43.44941711425781,-84.7047119140625,74.50494384765625,55.24532699584961,-7.927908420562744,1.2035267353057861
061_bag,put the bag on the tray,6,1,102,4.482,1788427235.2929978,00005_front_put_the_bag_on_the_tray.png,00005_wrist_put_the_bag_on_the_tray.png,recap.png,50,7,136,137,-43.16483516483517,-101.67032967032966,88.3076923076923,62.32967032967033,-3.3846153846153846,0.684931506849315,-43.857852935791016,-82.45842742919922,73.74058532714844,55.0829963684082,-7.831941604614258,1.0768077373504639
061_bag,put the bag on the tray,6,1,102,4.482,1788427235.2929978,00005_front_put_the_bag_on_the_tray.png,00005_wrist_put_the_bag_on_the_tray.png,recap.png,50,8,137,138,-43.16483516483517,-101.67032967032966,88.3076923076923,62.32967032967033,-3.3846153846153846,0.684931506849315,-43.749366760253906,-80.17574310302734,72.13101196289062,54.77781295776367,-7.8740339279174805,0.9592997431755066
061_bag,put the bag on the tray,6,1,102,4.482,1788427235.2929978,00005_front_put_the_bag_on_the_tray.png,00005_wrist_put_the_bag_on_the_tray.png,recap.png,50,9,138,139,-43.16483516483517,-101.67032967032966,88.3076923076923,62.32967032967033,-3.3846153846153846,0.684931506849315,-43.77794647216797,-77.87948608398438,70.8477783203125,54.33686065673828,-7.893711566925049,1.0257601737976074
061_bag,put the bag on the tray,6,1,102,4.482,1788427235.2929978,00005_front_put_the_bag_on_the_tray.png,00005_wrist_put_the_bag_on_the_tray.png,recap.png,50,10,139,140,-43.16483516483517,-101.67032967032966,88.3076923076923,62.32967032967033,-3.3846153846153846,0.684931506849315,-43.793731689453125,-75.42237091064453,69.78971099853516,53.92431640625,-7.950031280517578,0.9616247415542603
061_bag,put the bag on the tray,6,1,102,4.482,1788427235.2929978,00005_front_put_the_bag_on_the_tray.png,00005_wrist_put_the_bag_on_the_tray.png,recap.png,50,11,140,141,-43.16483516483517,-101.67032967032966,88.3076923076923,62.32967032967033,-3.3846153846153846,0.684931506849315,-43.39057159423828,-73.273681640625,68.31571960449219,53.499629974365234,-7.997295379638672,1.0751785039901733
061_bag,put the bag on the tray,6,1,102,4.482,1788427235.2929978,00005_front_put_the_bag_on_the_tray.png,00005_wrist_put_the_bag_on_the_tray.png,recap.png,50,12,141,142,-43.16483516483517,-101.67032967032966,88.3076923076923,62.32967032967033,-3.3846153846153846,0.684931506849315,-43.393218994140625,-71.08992767333984,67.62728881835938,53.014976501464844,-7.978785514831543,1.0859730243682861
061_bag,put the bag on the tray,6,1,102,4.482,1788427235.2929978,00005_front_put_the_bag_on_the_tray.png,00005_wrist_put_the_bag_on_the_tray.png,recap.png,50,13,142,143,-43.16483516483517,-101.67032967032966,88.3076923076923,62.32967032967033,-3.3846153846153846,0.684931506849315,-43.18158721923828,-69.33183288574219,66.69480895996094,52.570648193359375,-8.17638874053955,1.1029589176177979
061_bag,put the bag on the tray,6,1,102,4.482,1788427235.2929978,00005_front_put_the_bag_on_the_tray.png,00005_wrist_put_the_bag_on_the_tray.png,recap.png,50,14,143,144,-43.16483516483517,-101.67032967032966,88.3076923076923,62.32967032967033,-3.3846153846153846,0.684931506849315,-43.14436340332031,-67.17973327636719,65.2835464477539,52.23967742919922,-8.40296745300293,1.004289984703064
061_bag,put the bag on the tray,6,1,102,4.482,1788427235.2929978,00005_front_put_the_bag_on_the_tray.png,00005_wrist_put_the_bag_on_the_tray.png,recap.png,50,15,144,145,-43.16483516483517,-101.67032967032966,88.3076923076923,62.32967032967033,-3.3846153846153846,0.684931506849315,-42.74480438232422,-64.94532012939453,63.95880126953125,51.38957214355469,-8.419013023376465,0.9403373003005981
061_bag,put the bag on the tray,6,1,102,4.482,1788427235.2929978,00005_front_put_the_bag_on_the_tray.png,00005_wrist_put_the_bag_on_the_tray.png,recap.png,50,16,145,146,-43.16483516483517,-101.67032967032966,88.3076923076923,62.32967032967033,-3.3846153846153846,0.684931506849315,-42.494049072265625,-62.469329833984375,63.07807159423828,50.74055862426758,-8.660755157470703,1.057516098022461
061_bag,put the bag on the tray,6,1,102,4.482,1788427235.2929978,00005_front_put_the_bag_on_the_tray.png,00005_wrist_put_the_bag_on_the_tray.png,recap.png,50,17,146,147,-43.16483516483517,-101.67032967032966,88.3076923076923,62.32967032967033,-3.3846153846153846,0.684931506849315,-42.161781311035156,-60.50439453125,62.09130859375,50.01494598388672,-8.675141334533691,1.1334762573242188
061_bag,put the bag on the tray,6,1,102,4.482,1788427235.2929978,00005_front_put_the_bag_on_the_tray.png,00005_wrist_put_the_bag_on_the_tray.png,recap.png,50,18,147,148,-43.16483516483517,-101.67032967032966,88.3076923076923,62.32967032967033,-3.3846153846153846,0.684931506849315,-41.7059326171875,-58.7270622253418,60.68640899658203,49.55927276611328,-8.817758560180664,1.128791332244873
061_bag,put the bag on the tray,6,1,102,4.482,1788427235.2929978,00005_front_put_the_bag_on_the_tray.png,00005_wrist_put_the_bag_on_the_tray.png,recap.png,50,19,148,149,-43.16483516483517,-101.67032967032966,88.3076923076923,62.32967032967033,-3.3846153846153846,0.684931506849315,-41.61201095581055,-56.771522521972656,59.0552978515625,49.12564468383789,-8.931198120117188,1.0640344619750977
061_bag,put the bag on the tray,6,1,102,4.482,1788427235.2929978,00005_front_put_the_bag_on_the_tray.png,00005_wrist_put_the_bag_on_the_tray.png,recap.png,50,20,149,150,-43.16483516483517,-101.67032967032966,88.3076923076923,62.32967032967033,-3.3846153846153846,0.684931506849315,-41.34999084472656,-54.646095275878906,58.44081115722656,49.34318542480469,-9.075189590454102,0.8797855973243713
061_bag,put the bag on the tray,6,1,102,4.482,1788427235.2929978,00005_front_put_the_bag_on_the_tray.png,00005_wrist_put_the_bag_on_the_tray.png,recap.png,50,21,150,151,-43.16483516483517,-101.67032967032966,88.3076923076923,62.32967032967033,-3.3846153846153846,0.684931506849315,-40.99403381347656,-52.24544906616211,56.78324890136719,49.393070220947266,-9.286705017089844,0.9384540915489197
061_bag,put the bag on the tray,6,1,102,4.482,1788427235.2929978,00005_front_put_the_bag_on_the_tray.png,00005_wrist_put_the_bag_on_the_tray.png,recap.png,50,22,151,152,-43.16483516483517,-101.67032967032966,88.3076923076923,62.32967032967033,-3.3846153846153846,0.684931506849315,-40.923770904541016,-50.872196197509766,55.44799041748047,49.00960922241211,-9.455537796020508,0.9959776401519775
061_bag,put the bag on the tray,7,0,128,5.518,1788427236.3324003,00006_front_put_the_bag_on_the_tray.png,00006_wrist_put_the_bag_on_the_tray.png,recap.png,50,0,152,153,-44.92307692307692,-98.06593406593407,88.83516483516483,57.67032967032967,-4.0,0.684931506849315,-43.743690490722656,-84.22140502929688,77.7635498046875,51.56886672973633,-5.470279693603516,0.7778792977333069
061_bag,put the bag on the tray,7,0,128,5.518,1788427236.3324003,00006_front_put_the_bag_on_the_tray.png,00006_wrist_put_the_bag_on_the_tray.png,recap.png,50,1,153,154,-44.92307692307692,-98.06593406593407,88.83516483516483,57.67032967032967,-4.0,0.684931506849315,-43.71427917480469,-82.14152526855469,76.85243225097656,50.84960174560547,-5.402230739593506,0.5511574149131775
061_bag,put the bag on the tray,7,0,128,5.518,1788427236.3324003,00006_front_put_the_bag_on_the_tray.png,00006_wrist_put_the_bag_on_the_tray.png,recap.png,50,2,154,155,-44.92307692307692,-98.06593406593407,88.83516483516483,57.67032967032967,-4.0,0.684931506849315,-43.61572265625,-79.78125762939453,75.8287353515625,50.51948928833008,-5.52781343460083,0.6983364820480347
061_bag,put the bag on the tray,7,0,128,5.518,1788427236.3324003,00006_front_put_the_bag_on_the_tray.png,00006_wrist_put_the_bag_on_the_tray.png,recap.png,50,3,155,156,-44.92307692307692,-98.06593406593407,88.83516483516483,57.67032967032967,-4.0,0.684931506849315,-43.59790802001953,-77.77513885498047,73.97727966308594,50.06209182739258,-5.60850191116333,0.6716012358665466
061_bag,put the bag on the tray,7,0,128,5.518,1788427236.3324003,00006_front_put_the_bag_on_the_tray.png,00006_wrist_put_the_bag_on_the_tray.png,recap.png,50,4,156,157,-44.92307692307692,-98.06593406593407,88.83516483516483,57.67032967032967,-4.0,0.684931506849315,-43.74034118652344,-75.38264465332031,73.22459411621094,49.62784194946289,-5.825131893157959,0.7298343181610107
061_bag,put the bag on the tray,7,0,128,5.518,1788427236.3324003,00006_front_put_the_bag_on_the_tray.png,00006_wrist_put_the_bag_on_the_tray.png,recap.png,50,5,157,158,-44.92307692307692,-98.06593406593407,88.83516483516483,57.67032967032967,-4.0,0.684931506849315,-43.40145492553711,-73.50141906738281,71.7296142578125,49.42147445678711,-6.033155918121338,0.7607288956642151
061_bag,put the bag on the tray,7,0,128,5.518,1788427236.3324003,00006_front_put_the_bag_on_the_tray.png,00006_wrist_put_the_bag_on_the_tray.png,recap.png,50,6,158,159,-44.92307692307692,-98.06593406593407,88.83516483516483,57.67032967032967,-4.0,0.684931506849315,-43.57014465332031,-71.03121948242188,70.05660247802734,49.171451568603516,-6.352835178375244,0.6880655288696289
061_bag,put the bag on the tray,7,0,128,5.518,1788427236.3324003,00006_front_put_the_bag_on_the_tray.png,00006_wrist_put_the_bag_on_the_tray.png,recap.png,50,7,159,160,-44.92307692307692,-98.06593406593407,88.83516483516483,57.67032967032967,-4.0,0.684931506849315,-43.423301696777344,-68.90484619140625,68.4600830078125,49.063655853271484,-6.6954851150512695,0.7435263991355896
061_bag,put the bag on the tray,7,0,128,5.518,1788427236.3324003,00006_front_put_the_bag_on_the_tray.png,00006_wrist_put_the_bag_on_the_tray.png,recap.png,50,8,160,161,-44.92307692307692,-98.06593406593407,88.83516483516483,57.67032967032967,-4.0,0.684931506849315,-43.4034423828125,-66.67301177978516,67.06071472167969,48.99055480957031,-7.069850921630859,0.6785317659378052
061_bag,put the bag on the tray,7,0,128,5.518,1788427236.3324003,00006_front_put_the_bag_on_the_tray.png,00006_wrist_put_the_bag_on_the_tray.png,recap.png,50,9,161,162,-44.92307692307692,-98.06593406593407,88.83516483516483,57.67032967032967,-4.0,0.684931506849315,-43.46332550048828,-64.77932739257812,65.634033203125,48.926795959472656,-7.467968940734863,0.6409722566604614
061_bag,put the bag on the tray,7,0,128,5.518,1788427236.3324003,00006_front_put_the_bag_on_the_tray.png,00006_wrist_put_the_bag_on_the_tray.png,recap.png,50,10,162,163,-44.92307692307692,-98.06593406593407,88.83516483516483,57.67032967032967,-4.0,0.684931506849315,-43.719566345214844,-62.88147735595703,64.07656860351562,48.85816955566406,-7.955434799194336,0.6102890372276306
061_bag,put the bag on the tray,7,0,128,5.518,1788427236.3324003,00006_front_put_the_bag_on_the_tray.png,00006_wrist_put_the_bag_on_the_tray.png,recap.png,50,11,163,164,-44.92307692307692,-98.06593406593407,88.83516483516483,57.67032967032967,-4.0,0.684931506849315,-43.50920104980469,-61.132911682128906,62.73236846923828,49.06833267211914,-8.249019622802734,0.6356455683708191
061_bag,put the bag on the tray,7,0,128,5.518,1788427236.3324003,00006_front_put_the_bag_on_the_tray.png,00006_wrist_put_the_bag_on_the_tray.png,recap.png,50,12,164,165,-44.92307692307692,-98.06593406593407,88.83516483516483,57.67032967032967,-4.0,0.684931506849315,-43.530914306640625,-59.078163146972656,61.16033172607422,49.06063461303711,-8.526599884033203,0.6818456053733826
061_bag,put the bag on the tray,7,0,128,5.518,1788427236.3324003,00006_front_put_the_bag_on_the_tray.png,00006_wrist_put_the_bag_on_the_tray.png,recap.png,50,13,165,166,-44.92307692307692,-98.06593406593407,88.83516483516483,57.67032967032967,-4.0,0.684931506849315,-43.62535095214844,-57.44504928588867,60.56824493408203,49.128055572509766,-8.638860702514648,0.5698649287223816
061_bag,put the bag on the tray,7,0,128,5.518,1788427236.3324003,00006_front_put_the_bag_on_the_tray.png,00006_wrist_put_the_bag_on_the_tray.png,recap.png,50,14,166,167,-44.92307692307692,-98.06593406593407,88.83516483516483,57.67032967032967,-4.0,0.684931506849315,-43.59675216674805,-55.861244201660156,58.907554626464844,49.08257293701172,-8.779387474060059,0.6212779879570007
061_bag,put the bag on the tray,7,0,128,5.518,1788427236.3324003,00006_front_put_the_bag_on_the_tray.png,00006_wrist_put_the_bag_on_the_tray.png,recap.png,50,15,167,168,-44.92307692307692,-98.06593406593407,88.83516483516483,57.67032967032967,-4.0,0.684931506849315,-43.69941711425781,-54.27925109863281,57.74510192871094,49.314231872558594,-8.853939056396484,0.6336965560913086
061_bag,put the bag on the tray,7,0,128,5.518,1788427236.3324003,00006_front_put_the_bag_on_the_tray.png,00006_wrist_put_the_bag_on_the_tray.png,recap.png,50,16,168,169,-44.92307692307692,-98.06593406593407,88.83516483516483,57.67032967032967,-4.0,0.684931506849315,-43.726505279541016,-52.774112701416016,56.602874755859375,49.389183044433594,-8.914839744567871,0.7155230045318604
061_bag,put the bag on the tray,7,0,128,5.518,1788427236.3324003,00006_front_put_the_bag_on_the_tray.png,00006_wrist_put_the_bag_on_the_tray.png,recap.png,50,17,169,170,-44.92307692307692,-98.06593406593407,88.83516483516483,57.67032967032967,-4.0,0.684931506849315,-43.7138557434082,-51.45499801635742,55.43415069580078,49.42514419555664,-8.977791786193848,0.765890896320343
061_bag,put the bag on the tray,7,0,128,5.518,1788427236.3324003,00006_front_put_the_bag_on_the_tray.png,00006_wrist_put_the_bag_on_the_tray.png,recap.png,50,18,170,171,-44.92307692307692,-98.06593406593407,88.83516483516483,57.67032967032967,-4.0,0.684931506849315,-43.834503173828125,-49.68560028076172,53.913856506347656,49.43777084350586,-9.065412521362305,0.6952434778213501
061_bag,put the bag on the tray,7,0,128,5.518,1788427236.3324003,00006_front_put_the_bag_on_the_tray.png,00006_wrist_put_the_bag_on_the_tray.png,recap.png,50,19,171,172,-44.92307692307692,-98.06593406593407,88.83516483516483,57.67032967032967,-4.0,0.684931506849315,-43.85416793823242,-48.24617004394531,52.796836853027344,49.87004470825195,-9.072141647338867,0.6535065770149231
061_bag,put the bag on the tray,7,0,128,5.518,1788427236.3324003,00006_front_put_the_bag_on_the_tray.png,00006_wrist_put_the_bag_on_the_tray.png,recap.png,50,20,172,173,-44.92307692307692,-98.06593406593407,88.83516483516483,57.67032967032967,-4.0,0.684931506849315,-43.882484436035156,-46.677547454833984,51.416709899902344,50.362510681152344,-9.129362106323242,0.6241117715835571
061_bag,put the bag on the tray,7,0,128,5.518,1788427236.3324003,00006_front_put_the_bag_on_the_tray.png,00006_wrist_put_the_bag_on_the_tray.png,recap.png,50,21,173,174,-44.92307692307692,-98.06593406593407,88.83516483516483,57.67032967032967,-4.0,0.684931506849315,-43.922645568847656,-45.751564025878906,49.25245666503906,50.90680694580078,-9.149215698242188,0.6623978018760681
061_bag,put the bag on the tray,7,0,128,5.518,1788427236.3324003,00006_front_put_the_bag_on_the_tray.png,00006_wrist_put_the_bag_on_the_tray.png,recap.png,50,22,174,175,-44.92307692307692,-98.06593406593407,88.83516483516483,57.67032967032967,-4.0,0.684931506849315,-44.08823013305664,-44.66328430175781,48.282554626464844,51.74790954589844,-9.167675018310547,0.638198971748352
061_bag,put the bag on the tray,7,0,128,5.518,1788427236.3324003,00006_front_put_the_bag_on_the_tray.png,00006_wrist_put_the_bag_on_the_tray.png,recap.png,50,23,175,176,-44.92307692307692,-98.06593406593407,88.83516483516483,57.67032967032967,-4.0,0.684931506849315,-44.18517303466797,-43.403785705566406,47.49983215332031,52.81773376464844,-9.248361587524414,0.7453830242156982
061_bag,put the bag on the tray,7,0,128,5.518,1788427236.3324003,00006_front_put_the_bag_on_the_tray.png,00006_wrist_put_the_bag_on_the_tray.png,recap.png,50,24,176,177,-44.92307692307692,-98.06593406593407,88.83516483516483,57.67032967032967,-4.0,0.684931506849315,-44.417022705078125,-42.10716247558594,45.94084930419922,53.823760986328125,-9.472777366638184,0.7736477255821228
061_bag,put the bag on the tray,7,0,128,5.518,1788427236.3324003,00006_front_put_the_bag_on_the_tray.png,00006_wrist_put_the_bag_on_the_tray.png,recap.png,50,25,177,178,-44.92307692307692,-98.06593406593407,88.83516483516483,57.67032967032967,-4.0,0.684931506849315,-44.50897216796875,-40.996524810791016,44.493202209472656,54.55868911743164,-9.555805206298828,1.1984922885894775
061_bag,put the bag on the tray,8,1,151,6.287,1788427237.099469,00007_front_put_the_bag_on_the_tray.png,00007_wrist_put_the_bag_on_the_tray.png,recap.png,50,0,178,179,-42.02197802197802,-57.010989010989015,61.934065934065934,50.637362637362635,-8.571428571428571,0.821917808219178,-39.6209602355957,-14.597770690917969,21.339027404785156,59.42154312133789,-13.581258773803711,1.6484405994415283
061_bag,put the bag on the tray,8,1,151,6.287,1788427237.099469,00007_front_put_the_bag_on_the_tray.png,00007_wrist_put_the_bag_on_the_tray.png,recap.png,50,1,179,180,-42.02197802197802,-57.010989010989015,61.934065934065934,50.637362637362635,-8.571428571428571,0.821917808219178,-39.84714889526367,-13.210235595703125,20.462425231933594,59.95981216430664,-13.93801498413086,2.4349095821380615
061_bag,put the bag on the tray,8,1,151,6.287,1788427237.099469,00007_front_put_the_bag_on_the_tray.png,00007_wrist_put_the_bag_on_the_tray.png,recap.png,50,2,180,181,-42.02197802197802,-57.010989010989015,61.934065934065934,50.637362637362635,-8.571428571428571,0.821917808219178,-39.83174514770508,-13.09722900390625,20.663421630859375,60.47919464111328,-14.54391098022461,4.651379585266113
061_bag,put the bag on the tray,8,1,151,6.287,1788427237.099469,00007_front_put_the_bag_on_the_tray.png,00007_wrist_put_the_bag_on_the_tray.png,recap.png,50,3,181,182,-42.02197802197802,-57.010989010989015,61.934065934065934,50.637362637362635,-8.571428571428571,0.821917808219178,-39.82363510131836,-12.888198852539062,19.247337341308594,61.030975341796875,-14.878328323364258,7.5217108726501465
061_bag,put the bag on the tray,8,1,151,6.287,1788427237.099469,00007_front_put_the_bag_on_the_tray.png,00007_wrist_put_the_bag_on_the_tray.png,recap.png,50,4,182,183,-42.02197802197802,-57.010989010989015,61.934065934065934,50.637362637362635,-8.571428571428571,0.821917808219178,-39.6845817565918,-11.434577941894531,18.26349639892578,61.56072998046875,-15.161877632141113,10.447845458984375
061_bag,put the bag on the tray,8,1,151,6.287,1788427237.099469,00007_front_put_the_bag_on_the_tray.png,00007_wrist_put_the_bag_on_the_tray.png,recap.png,50,5,183,184,-42.02197802197802,-57.010989010989015,61.934065934065934,50.637362637362635,-8.571428571428571,0.821917808219178,-39.55929946899414,-10.390434265136719,17.641357421875,62.13176345825195,-15.102581024169922,12.785552024841309
061_bag,put the bag on the tray,8,1,151,6.287,1788427237.099469,00007_front_put_the_bag_on_the_tray.png,00007_wrist_put_the_bag_on_the_tray.png,recap.png,50,6,184,185,-42.02197802197802,-57.010989010989015,61.934065934065934,50.637362637362635,-8.571428571428571,0.821917808219178,-39.82071304321289,-10.105186462402344,17.679061889648438,62.5981559753418,-15.11218547821045,14.766661643981934
061_bag,put the bag on the tray,8,1,151,6.287,1788427237.099469,00007_front_put_the_bag_on_the_tray.png,00007_wrist_put_the_bag_on_the_tray.png,recap.png,50,7,185,186,-42.02197802197802,-57.010989010989015,61.934065934065934,50.637362637362635,-8.571428571428571,0.821917808219178,-39.865928649902344,-9.482254028320312,16.399124145507812,63.124786376953125,-15.007211685180664,16.42844009399414
061_bag,put the bag on the tray,8,1,151,6.287,1788427237.099469,00007_front_put_the_bag_on_the_tray.png,00007_wrist_put_the_bag_on_the_tray.png,recap.png,50,8,186,187,-42.02197802197802,-57.010989010989015,61.934065934065934,50.637362637362635,-8.571428571428571,0.821917808219178,-39.974571228027344,-8.872711181640625,17.03131866455078,63.65993118286133,-15.079222679138184,17.68326759338379
061_bag,put the bag on the tray,8,1,151,6.287,1788427237.099469,00007_front_put_the_bag_on_the_tray.png,00007_wrist_put_the_bag_on_the_tray.png,recap.png,50,9,187,188,-42.02197802197802,-57.010989010989015,61.934065934065934,50.637362637362635,-8.571428571428571,0.821917808219178,-39.893707275390625,-7.6770477294921875,15.930503845214844,64.22327423095703,-15.064393997192383,18.734149932861328
061_bag,put the bag on the tray,8,1,151,6.287,1788427237.099469,00007_front_put_the_bag_on_the_tray.png,00007_wrist_put_the_bag_on_the_tray.png,recap.png,50,10,188,189,-42.02197802197802,-57.010989010989015,61.934065934065934,50.637362637362635,-8.571428571428571,0.821917808219178,-39.95170211791992,-7.0680084228515625,15.441665649414062,64.68467712402344,-15.106767654418945,19.38738441467285
061_bag,put the bag on the tray,8,1,151,6.287,1788427237.099469,00007_front_put_the_bag_on_the_tray.png,00007_wrist_put_the_bag_on_the_tray.png,recap.png,50,11,189,190,-42.02197802197802,-57.010989010989015,61.934065934065934,50.637362637362635,-8.571428571428571,0.821917808219178,-40.17881393432617,-6.880134582519531,14.823471069335938,65.02039337158203,-15.1083984375,20.244083404541016
061_bag,put the bag on the tray,8,1,151,6.287,1788427237.099469,00007_front_put_the_bag_on_the_tray.png,00007_wrist_put_the_bag_on_the_tray.png,recap.png,50,12,190,191,-42.02197802197802,-57.010989010989015,61.934065934065934,50.637362637362635,-8.571428571428571,0.821917808219178,-40.022640228271484,-5.707923889160156,13.949325561523438,65.75869750976562,-15.124116897583008,21.09113121032715
061_bag,put the bag on the tray,8,1,151,6.287,1788427237.099469,00007_front_put_the_bag_on_the_tray.png,00007_wrist_put_the_bag_on_the_tray.png,recap.png,50,13,191,192,-42.02197802197802,-57.010989010989015,61.934065934065934,50.637362637362635,-8.571428571428571,0.821917808219178,-40.11962127685547,-4.800605773925781,13.473091125488281,65.72708129882812,-15.106739044189453,22.211915969848633
061_bag,put the bag on the tray,8,1,151,6.287,1788427237.099469,00007_front_put_the_bag_on_the_tray.png,00007_wrist_put_the_bag_on_the_tray.png,recap.png,50,14,192,193,-42.02197802197802,-57.010989010989015,61.934065934065934,50.637362637362635,-8.571428571428571,0.821917808219178,-40.129451751708984,-4.149909973144531,12.862823486328125,66.1231460571289,-15.116857528686523,23.308794021606445
061_bag,put the bag on the tray,8,1,151,6.287,1788427237.099469,00007_front_put_the_bag_on_the_tray.png,00007_wrist_put_the_bag_on_the_tray.png,recap.png,50,15,193,194,-42.02197802197802,-57.010989010989015,61.934065934065934,50.637362637362635,-8.571428571428571,0.821917808219178,-39.97857666015625,-3.1997222900390625,12.298622131347656,66.29615020751953,-15.261703491210938,24.596372604370117
061_bag,put the bag on the tray,8,1,151,6.287,1788427237.099469,00007_front_put_the_bag_on_the_tray.png,00007_wrist_put_the_bag_on_the_tray.png,recap.png,50,16,194,195,-42.02197802197802,-57.010989010989015,61.934065934065934,50.637362637362635,-8.571428571428571,0.821917808219178,-40.05564498901367,-2.6546173095703125,11.83538818359375,66.7764892578125,-15.05807876586914,25.63104820251465
061_bag,put the bag on the tray,8,1,151,6.287,1788427237.099469,00007_front_put_the_bag_on_the_tray.png,00007_wrist_put_the_bag_on_the_tray.png,recap.png,50,17,195,196,-42.02197802197802,-57.010989010989015,61.934065934065934,50.637362637362635,-8.571428571428571,0.821917808219178,-39.947959899902344,-2.7017974853515625,11.409774780273438,67.14115142822266,-15.210115432739258,26.969011306762695
061_bag,put the bag on the tray,8,1,151,6.287,1788427237.099469,00007_front_put_the_bag_on_the_tray.png,00007_wrist_put_the_bag_on_the_tray.png,recap.png,50,18,196,197,-42.02197802197802,-57.010989010989015,61.934065934065934,50.637362637362635,-8.571428571428571,0.821917808219178,-40.08258056640625,-1.2856903076171875,10.340766906738281,67.73341369628906,-15.21815013885498,28.343259811401367
061_bag,put the bag on the tray,8,1,151,6.287,1788427237.099469,00007_front_put_the_bag_on_the_tray.png,00007_wrist_put_the_bag_on_the_tray.png,recap.png,50,19,197,198,-42.02197802197802,-57.010989010989015,61.934065934065934,50.637362637362635,-8.571428571428571,0.821917808219178,-39.91053009033203,-0.5250701904296875,9.702911376953125,68.51496887207031,-15.176530838012695,29.817222595214844
061_bag,put the bag on the tray,8,1,151,6.287,1788427237.099469,00007_front_put_the_bag_on_the_tray.png,00007_wrist_put_the_bag_on_the_tray.png,recap.png,50,20,198,199,-42.02197802197802,-57.010989010989015,61.934065934065934,50.637362637362635,-8.571428571428571,0.821917808219178,-40.129756927490234,0.5035476684570312,8.8402099609375,69.09205627441406,-15.179346084594727,31.04151725769043
061_bag,put the bag on the tray,8,1,151,6.287,1788427237.099469,00007_front_put_the_bag_on_the_tray.png,00007_wrist_put_the_bag_on_the_tray.png,recap.png,50,21,199,200,-42.02197802197802,-57.010989010989015,61.934065934065934,50.637362637362635,-8.571428571428571,0.821917808219178,-40.144866943359375,0.537994384765625,7.141166687011719,69.76608276367188,-15.223337173461914,32.26075744628906
061_bag,put the bag on the tray,8,1,151,6.287,1788427237.099469,00007_front_put_the_bag_on_the_tray.png,00007_wrist_put_the_bag_on_the_tray.png,recap.png,50,22,200,201,-42.02197802197802,-57.010989010989015,61.934065934065934,50.637362637362635,-8.571428571428571,0.821917808219178,-40.13206481933594,1.6312408447265625,6.634490966796875,70.22711944580078,-15.265746116638184,32.79227828979492
061_bag,put the bag on the tray,9,1,177,7.297,1788427238.1091602,00008_front_put_the_bag_on_the_tray.png,00008_wrist_put_the_bag_on_the_tray.png,recap.png,50,0,201,202,-43.86813186813187,-44.43956043956044,51.20879120879121,51.86813186813187,-8.571428571428571,0.821917808219178,-42.42365264892578,-6.81964111328125,16.81055450439453,65.56897735595703,-11.472033500671387,17.875844955444336
061_bag,put the bag on the tray,9,1,177,7.297,1788427238.1091602,00008_front_put_the_bag_on_the_tray.png,00008_wrist_put_the_bag_on_the_tray.png,recap.png,50,1,202,203,-43.86813186813187,-44.43956043956044,51.20879120879121,51.86813186813187,-8.571428571428571,0.821917808219178,-42.326759338378906,-5.72509765625,15.72479248046875,66.14119720458984,-11.656021118164062,18.845813751220703
061_bag,put the bag on the tray,9,1,177,7.297,1788427238.1091602,00008_front_put_the_bag_on_the_tray.png,00008_wrist_put_the_bag_on_the_tray.png,recap.png,50,2,203,204,-43.86813186813187,-44.43956043956044,51.20879120879121,51.86813186813187,-8.571428571428571,0.821917808219178,-42.202613830566406,-4.873100280761719,14.862014770507812,66.51963806152344,-11.732025146484375,20.63365936279297
061_bag,put the bag on the tray,9,1,177,7.297,1788427238.1091602,00008_front_put_the_bag_on_the_tray.png,00008_wrist_put_the_bag_on_the_tray.png,recap.png,50,3,204,205,-43.86813186813187,-44.43956043956044,51.20879120879121,51.86813186813187,-8.571428571428571,0.821917808219178,-42.36433792114258,-3.7933349609375,14.166183471679688,67.072509765625,-11.802597045898438,22.385896682739258
061_bag,put the bag on the tray,9,1,177,7.297,1788427238.1091602,00008_front_put_the_bag_on_the_tray.png,00008_wrist_put_the_bag_on_the_tray.png,recap.png,50,4,205,206,-43.86813186813187,-44.43956043956044,51.20879120879121,51.86813186813187,-8.571428571428571,0.821917808219178,-42.11952209472656,-3.2578277587890625,13.478034973144531,67.50072479248047,-11.738995552062988,24.602609634399414
061_bag,put the bag on the tray,9,1,177,7.297,1788427238.1091602,00008_front_put_the_bag_on_the_tray.png,00008_wrist_put_the_bag_on_the_tray.png,recap.png,50,5,206,207,-43.86813186813187,-44.43956043956044,51.20879120879121,51.86813186813187,-8.571428571428571,0.821917808219178,-42.30873107910156,-2.1696853637695312,12.791107177734375,67.54745483398438,-11.73375415802002,26.10782241821289
061_bag,put the bag on the tray,9,1,177,7.297,1788427238.1091602,00008_front_put_the_bag_on_the_tray.png,00008_wrist_put_the_bag_on_the_tray.png,recap.png,50,6,207,208,-43.86813186813187,-44.43956043956044,51.20879120879121,51.86813186813187,-8.571428571428571,0.821917808219178,-42.14484405517578,-0.8443527221679688,12.596565246582031,67.7479248046875,-11.646636009216309,27.26839828491211
061_bag,put the bag on the tray,9,1,177,7.297,1788427238.1091602,00008_front_put_the_bag_on_the_tray.png,00008_wrist_put_the_bag_on_the_tray.png,recap.png,50,7,208,209,-43.86813186813187,-44.43956043956044,51.20879120879121,51.86813186813187,-8.571428571428571,0.821917808219178,-42.238285064697266,-0.130157470703125,11.900978088378906,68.02454376220703,-11.751837730407715,27.940502166748047
061_bag,put the bag on the tray,9,1,177,7.297,1788427238.1091602,00008_front_put_the_bag_on_the_tray.png,00008_wrist_put_the_bag_on_the_tray.png,recap.png,50,8,209,210,-43.86813186813187,-44.43956043956044,51.20879120879121,51.86813186813187,-8.571428571428571,0.821917808219178,-42.175167083740234,0.32866668701171875,11.136749267578125,68.00929260253906,-11.772679328918457,28.386154174804688
061_bag,put the bag on the tray,9,1,177,7.297,1788427238.1091602,00008_front_put_the_bag_on_the_tray.png,00008_wrist_put_the_bag_on_the_tray.png,recap.png,50,9,210,211,-43.86813186813187,-44.43956043956044,51.20879120879121,51.86813186813187,-8.571428571428571,0.821917808219178,-42.20754623413086,1.3305740356445312,10.743186950683594,68.255859375,-11.79633903503418,28.780609130859375
061_bag,put the bag on the tray,9,1,177,7.297,1788427238.1091602,00008_front_put_the_bag_on_the_tray.png,00008_wrist_put_the_bag_on_the_tray.png,recap.png,50,10,211,212,-43.86813186813187,-44.43956043956044,51.20879120879121,51.86813186813187,-8.571428571428571,0.821917808219178,-42.04814910888672,2.282073974609375,10.12396240234375,68.27882385253906,-11.760404586791992,29.081554412841797
061_bag,put the bag on the tray,9,1,177,7.297,1788427238.1091602,00008_front_put_the_bag_on_the_tray.png,00008_wrist_put_the_bag_on_the_tray.png,recap.png,50,11,212,213,-43.86813186813187,-44.43956043956044,51.20879120879121,51.86813186813187,-8.571428571428571,0.821917808219178,-42.1556396484375,3.1872100830078125,9.730278015136719,68.54386138916016,-11.704827308654785,29.307985305786133
061_bag,put the bag on the tray,9,1,177,7.297,1788427238.1091602,00008_front_put_the_bag_on_the_tray.png,00008_wrist_put_the_bag_on_the_tray.png,recap.png,50,12,213,214,-43.86813186813187,-44.43956043956044,51.20879120879121,51.86813186813187,-8.571428571428571,0.821917808219178,-42.06590270996094,3.8383102416992188,9.302452087402344,68.61676025390625,-11.810110092163086,29.311527252197266
061_bag,put the bag on the tray,9,1,177,7.297,1788427238.1091602,00008_front_put_the_bag_on_the_tray.png,00008_wrist_put_the_bag_on_the_tray.png,recap.png,50,13,214,215,-43.86813186813187,-44.43956043956044,51.20879120879121,51.86813186813187,-8.571428571428571,0.821917808219178,-42.02760696411133,4.71136474609375,8.457046508789062,68.88265991210938,-11.779868125915527,29.367176055908203
061_bag,put the bag on the tray,9,1,177,7.297,1788427238.1091602,00008_front_put_the_bag_on_the_tray.png,00008_wrist_put_the_bag_on_the_tray.png,recap.png,50,14,215,216,-43.86813186813187,-44.43956043956044,51.20879120879121,51.86813186813187,-8.571428571428571,0.821917808219178,-41.882747650146484,5.605033874511719,8.230934143066406,69.07843780517578,-11.816370010375977,29.476924896240234
061_bag,put the bag on the tray,9,1,177,7.297,1788427238.1091602,00008_front_put_the_bag_on_the_tray.png,00008_wrist_put_the_bag_on_the_tray.png,recap.png,50,15,216,217,-43.86813186813187,-44.43956043956044,51.20879120879121,51.86813186813187,-8.571428571428571,0.821917808219178,-41.9112434387207,6.3152923583984375,7.588191986083984,69.427734375,-11.838275909423828,29.166345596313477
061_bag,put the bag on the tray,9,1,177,7.297,1788427238.1091602,00008_front_put_the_bag_on_the_tray.png,00008_wrist_put_the_bag_on_the_tray.png,recap.png,50,16,217,218,-43.86813186813187,-44.43956043956044,51.20879120879121,51.86813186813187,-8.571428571428571,0.821917808219178,-42.15293502807617,7.00439453125,6.510284423828125,69.58898162841797,-11.77364730834961,29.17778778076172
061_bag,put the bag on the tray,9,1,177,7.297,1788427238.1091602,00008_front_put_the_bag_on_the_tray.png,00008_wrist_put_the_bag_on_the_tray.png,recap.png,50,17,218,219,-43.86813186813187,-44.43956043956044,51.20879120879121,51.86813186813187,-8.571428571428571,0.821917808219178,-42.171051025390625,8.258026123046875,5.8592376708984375,69.803955078125,-11.872413635253906,29.1749210357666
061_bag,put the bag on the tray,9,1,177,7.297,1788427238.1091602,00008_front_put_the_bag_on_the_tray.png,00008_wrist_put_the_bag_on_the_tray.png,recap.png,50,18,219,220,-43.86813186813187,-44.43956043956044,51.20879120879121,51.86813186813187,-8.571428571428571,0.821917808219178,-42.20774841308594,9.267562866210938,5.0672454833984375,70.1353988647461,-11.948280334472656,29.25459098815918
061_bag,put the bag on the tray,9,1,177,7.297,1788427238.1091602,00008_front_put_the_bag_on_the_tray.png,00008_wrist_put_the_bag_on_the_tray.png,recap.png,50,19,220,221,-43.86813186813187,-44.43956043956044,51.20879120879121,51.86813186813187,-8.571428571428571,0.821917808219178,-42.1024169921875,10.46527099609375,3.9447555541992188,70.53172302246094,-11.86061954498291,29.377317428588867
061_bag,put the bag on the tray,9,1,177,7.297,1788427238.1091602,00008_front_put_the_bag_on_the_tray.png,00008_wrist_put_the_bag_on_the_tray.png,recap.png,50,20,221,222,-43.86813186813187,-44.43956043956044,51.20879120879121,51.86813186813187,-8.571428571428571,0.821917808219178,-42.08627700805664,11.371192932128906,3.3470458984375,70.99958801269531,-11.967000961303711,29.602935791015625
061_bag,put the bag on the tray,9,1,177,7.297,1788427238.1091602,00008_front_put_the_bag_on_the_tray.png,00008_wrist_put_the_bag_on_the_tray.png,recap.png,50,21,222,223,-43.86813186813187,-44.43956043956044,51.20879120879121,51.86813186813187,-8.571428571428571,0.821917808219178,-42.03427505493164,12.265167236328125,2.0697860717773438,71.49154663085938,-11.967490196228027,29.884063720703125
061_bag,put the bag on the tray,9,1,177,7.297,1788427238.1091602,00008_front_put_the_bag_on_the_tray.png,00008_wrist_put_the_bag_on_the_tray.png,recap.png,50,22,223,224,-43.86813186813187,-44.43956043956044,51.20879120879121,51.86813186813187,-8.571428571428571,0.821917808219178,-41.988685607910156,12.9598388671875,1.014984130859375,71.9260482788086,-11.993293762207031,30.029253005981445
061_bag,put the bag on the tray,9,1,177,7.297,1788427238.1091602,00008_front_put_the_bag_on_the_tray.png,00008_wrist_put_the_bag_on_the_tray.png,recap.png,50,23,224,225,-43.86813186813187,-44.43956043956044,51.20879120879121,51.86813186813187,-8.571428571428571,0.821917808219178,-41.94270324707031,14.617698669433594,0.18169403076171875,72.37002563476562,-11.979408264160156,30.48941421508789
061_bag,put the bag on the tray,9,1,177,7.297,1788427238.1091602,00008_front_put_the_bag_on_the_tray.png,00008_wrist_put_the_bag_on_the_tray.png,recap.png,50,24,225,226,-43.86813186813187,-44.43956043956044,51.20879120879121,51.86813186813187,-8.571428571428571,0.821917808219178,-41.83486557006836,15.632392883300781,0.09441757202148438,72.4893569946289,-12.164437294006348,30.784151077270508
061_bag,put the bag on the tray,9,1,177,7.297,1788427238.1091602,00008_front_put_the_bag_on_the_tray.png,00008_wrist_put_the_bag_on_the_tray.png,recap.png,50,25,226,227,-43.86813186813187,-44.43956043956044,51.20879120879121,51.86813186813187,-8.571428571428571,0.821917808219178,-41.722869873046875,16.50238037109375,-0.6855049133300781,72.85221862792969,-12.176472663879395,31.13896369934082
061_bag,put the bag on the tray,10,1,200,8.167,1788427238.9800231,00009_front_put_the_bag_on_the_tray.png,00009_wrist_put_the_bag_on_the_tray.png,recap.png,50,0,227,228,-40.35164835164835,0.4835164835164835,11.736263736263735,68.3956043956044,-14.725274725274724,29.315068493150687,-40.54335021972656,31.78948211669922,-17.795852661132812,77.48918914794922,-15.153217315673828,32.39469528198242
061_bag,put the bag on the tray,10,1,200,8.167,1788427238.9800231,00009_front_put_the_bag_on_the_tray.png,00009_wrist_put_the_bag_on_the_tray.png,recap.png,50,1,228,229,-40.35164835164835,0.4835164835164835,11.736263736263735,68.3956043956044,-14.725274725274724,29.315068493150687,-40.49158477783203,32.659523010253906,-18.17530059814453,77.50511932373047,-15.115074157714844,32.34383010864258
061_bag,put the bag on the tray,10,1,200,8.167,1788427238.9800231,00009_front_put_the_bag_on_the_tray.png,00009_wrist_put_the_bag_on_the_tray.png,recap.png,50,2,229,230,-40.35164835164835,0.4835164835164835,11.736263736263735,68.3956043956044,-14.725274725274724,29.315068493150687,-40.595726013183594,33.75189971923828,-18.407329559326172,77.73926544189453,-15.095322608947754,32.417198181152344
061_bag,put the bag on the tray,10,1,200,8.167,1788427238.9800231,00009_front_put_the_bag_on_the_tray.png,00009_wrist_put_the_bag_on_the_tray.png,recap.png,50,3,230,231,-40.35164835164835,0.4835164835164835,11.736263736263735,68.3956043956044,-14.725274725274724,29.315068493150687,-40.40904998779297,33.63426971435547,-18.931659698486328,78.01245880126953,-15.077323913574219,32.3031120300293
061_bag,put the bag on the tray,10,1,200,8.167,1788427238.9800231,00009_front_put_the_bag_on_the_tray.png,00009_wrist_put_the_bag_on_the_tray.png,recap.png,50,4,231,232,-40.35164835164835,0.4835164835164835,11.736263736263735,68.3956043956044,-14.725274725274724,29.315068493150687,-40.37109375,34.31310272216797,-19.769611358642578,78.60953521728516,-15.046268463134766,32.406494140625
061_bag,put the bag on the tray,10,1,200,8.167,1788427238.9800231,00009_front_put_the_bag_on_the_tray.png,00009_wrist_put_the_bag_on_the_tray.png,recap.png,50,5,232,233,-40.35164835164835,0.4835164835164835,11.736263736263735,68.3956043956044,-14.725274725274724,29.315068493150687,-40.28327560424805,35.022361755371094,-20.17853546142578,78.4654541015625,-15.08223819732666,32.60004806518555
061_bag,put the bag on the tray,10,1,200,8.167,1788427238.9800231,00009_front_put_the_bag_on_the_tray.png,00009_wrist_put_the_bag_on_the_tray.png,recap.png,50,6,233,234,-40.35164835164835,0.4835164835164835,11.736263736263735,68.3956043956044,-14.725274725274724,29.315068493150687,-40.46053695678711,35.534812927246094,-20.945178985595703,78.84284973144531,-14.897602081298828,32.72825241088867
061_bag,put the bag on the tray,10,1,200,8.167,1788427238.9800231,00009_front_put_the_bag_on_the_tray.png,00009_wrist_put_the_bag_on_the_tray.png,recap.png,50,7,234,235,-40.35164835164835,0.4835164835164835,11.736263736263735,68.3956043956044,-14.725274725274724,29.315068493150687,-40.25337219238281,36.908348083496094,-21.370250701904297,79.12460327148438,-14.954325675964355,32.824928283691406
061_bag,put the bag on the tray,10,1,200,8.167,1788427238.9800231,00009_front_put_the_bag_on_the_tray.png,00009_wrist_put_the_bag_on_the_tray.png,recap.png,50,8,235,236,-40.35164835164835,0.4835164835164835,11.736263736263735,68.3956043956044,-14.725274725274724,29.315068493150687,-40.184043884277344,36.892677307128906,-21.360881805419922,79.47047424316406,-14.82938003540039,32.758018493652344
061_bag,put the bag on the tray,10,1,200,8.167,1788427238.9800231,00009_front_put_the_bag_on_the_tray.png,00009_wrist_put_the_bag_on_the_tray.png,recap.png,50,9,236,237,-40.35164835164835,0.4835164835164835,11.736263736263735,68.3956043956044,-14.725274725274724,29.315068493150687,-40.4486198425293,37.06609344482422,-22.28350067138672,79.80047607421875,-14.901996612548828,32.3607292175293
061_bag,put the bag on the tray,10,1,200,8.167,1788427238.9800231,00009_front_put_the_bag_on_the_tray.png,00009_wrist_put_the_bag_on_the_tray.png,recap.png,50,10,237,238,-40.35164835164835,0.4835164835164835,11.736263736263735,68.3956043956044,-14.725274725274724,29.315068493150687,-40.54434585571289,37.17792510986328,-21.778942108154297,80.16976928710938,-14.79109001159668,31.553442001342773
061_bag,put the bag on the tray,10,1,200,8.167,1788427238.9800231,00009_front_put_the_bag_on_the_tray.png,00009_wrist_put_the_bag_on_the_tray.png,recap.png,50,11,238,239,-40.35164835164835,0.4835164835164835,11.736263736263735,68.3956043956044,-14.725274725274724,29.315068493150687,-40.440467834472656,36.794166564941406,-22.272377014160156,80.53807067871094,-14.830670356750488,30.06560516357422
061_bag,put the bag on the tray,10,1,200,8.167,1788427238.9800231,00009_front_put_the_bag_on_the_tray.png,00009_wrist_put_the_bag_on_the_tray.png,recap.png,50,12,239,240,-40.35164835164835,0.4835164835164835,11.736263736263735,68.3956043956044,-14.725274725274724,29.315068493150687,-40.648841857910156,37.272605895996094,-22.614665985107422,80.505615234375,-14.61831283569336,28.076093673706055
061_bag,put the bag on the tray,10,1,200,8.167,1788427238.9800231,00009_front_put_the_bag_on_the_tray.png,00009_wrist_put_the_bag_on_the_tray.png,recap.png,50,13,240,241,-40.35164835164835,0.4835164835164835,11.736263736263735,68.3956043956044,-14.725274725274724,29.315068493150687,-40.76605987548828,37.21361541748047,-23.235458374023438,80.67044067382812,-14.56661319732666,25.564321517944336
061_bag,put the bag on the tray,10,1,200,8.167,1788427238.9800231,00009_front_put_the_bag_on_the_tray.png,00009_wrist_put_the_bag_on_the_tray.png,recap.png,50,14,241,242,-40.35164835164835,0.4835164835164835,11.736263736263735,68.3956043956044,-14.725274725274724,29.315068493150687,-40.722808837890625,36.98664093017578,-22.550071716308594,80.77972412109375,-14.354696273803711,22.822763442993164
061_bag,put the bag on the tray,10,1,200,8.167,1788427238.9800231,00009_front_put_the_bag_on_the_tray.png,00009_wrist_put_the_bag_on_the_tray.png,recap.png,50,15,242,243,-40.35164835164835,0.4835164835164835,11.736263736263735,68.3956043956044,-14.725274725274724,29.315068493150687,-40.80510711669922,37.338356018066406,-23.180461883544922,80.46612548828125,-14.214744567871094,19.8886775970459
061_bag,put the bag on the tray,10,1,200,8.167,1788427238.9800231,00009_front_put_the_bag_on_the_tray.png,00009_wrist_put_the_bag_on_the_tray.png,recap.png,50,16,243,244,-40.35164835164835,0.4835164835164835,11.736263736263735,68.3956043956044,-14.725274725274724,29.315068493150687,-40.654808044433594,37.368507385253906,-23.164554595947266,80.54133605957031,-14.13115119934082,17.0024356842041
061_bag,put the bag on the tray,10,1,200,8.167,1788427238.9800231,00009_front_put_the_bag_on_the_tray.png,00009_wrist_put_the_bag_on_the_tray.png,recap.png,50,17,244,245,-40.35164835164835,0.4835164835164835,11.736263736263735,68.3956043956044,-14.725274725274724,29.315068493150687,-40.82453155517578,37.74144744873047,-24.2911376953125,80.61981201171875,-14.13150405883789,14.619353294372559
061_bag,put the bag on the tray,10,1,200,8.167,1788427238.9800231,00009_front_put_the_bag_on_the_tray.png,00009_wrist_put_the_bag_on_the_tray.png,recap.png,50,18,245,246,-40.35164835164835,0.4835164835164835,11.736263736263735,68.3956043956044,-14.725274725274724,29.315068493150687,-40.9085578918457,37.345359802246094,-23.687679290771484,80.49544525146484,-14.064178466796875,12.604283332824707
061_bag,put the bag on the tray,10,1,200,8.167,1788427238.9800231,00009_front_put_the_bag_on_the_tray.png,00009_wrist_put_the_bag_on_the_tray.png,recap.png,50,19,246,247,-40.35164835164835,0.4835164835164835,11.736263736263735,68.3956043956044,-14.725274725274724,29.315068493150687,-40.9324951171875,37.42095184326172,-24.802146911621094,80.4918441772461,-13.970815658569336,11.331984519958496
061_bag,put the bag on the tray,10,1,200,8.167,1788427238.9800231,00009_front_put_the_bag_on_the_tray.png,00009_wrist_put_the_bag_on_the_tray.png,recap.png,50,20,247,248,-40.35164835164835,0.4835164835164835,11.736263736263735,68.3956043956044,-14.725274725274724,29.315068493150687,-41.103797912597656,38.002723693847656,-25.131872177124023,80.77359008789062,-13.917437553405762,10.439201354980469
061_bag,put the bag on the tray,10,1,200,8.167,1788427238.9800231,00009_front_put_the_bag_on_the_tray.png,00009_wrist_put_the_bag_on_the_tray.png,recap.png,50,21,248,249,-40.35164835164835,0.4835164835164835,11.736263736263735,68.3956043956044,-14.725274725274724,29.315068493150687,-41.236907958984375,38.267845153808594,-25.394222259521484,81.16168975830078,-14.048883438110352,9.800325393676758
061_bag,put the bag on the tray,10,1,200,8.167,1788427238.9800231,00009_front_put_the_bag_on_the_tray.png,00009_wrist_put_the_bag_on_the_tray.png,recap.png,50,22,249,250,-40.35164835164835,0.4835164835164835,11.736263736263735,68.3956043956044,-14.725274725274724,29.315068493150687,-41.3741569519043,38.240074157714844,-25.968368530273438,81.76429748535156,-14.171223640441895,9.391657829284668
061_bag,put the bag on the tray,11,1,226,9.17,1788427239.9816556,00010_front_put_the_bag_on_the_tray.png,00010_wrist_put_the_bag_on_the_tray.png,recap.png,50,0,250,251,-41.934065934065934,14.285714285714286,3.032967032967033,71.64835164835165,-12.087912087912088,30.0,-41.56017303466797,29.485679626464844,-7.3082427978515625,74.31086730957031,-14.625640869140625,32.659751892089844
061_bag,put the bag on the tray,11,1,226,9.17,1788427239.9816556,00010_front_put_the_bag_on_the_tray.png,00010_wrist_put_the_bag_on_the_tray.png,recap.png,50,1,251,252,-41.934065934065934,14.285714285714286,3.032967032967033,71.64835164835165,-12.087912087912088,30.0,-41.62568664550781,30.488853454589844,-7.3340301513671875,74.81016540527344,-14.683480262756348,31.235519409179688
061_bag,put the bag on the tray,11,1,226,9.17,1788427239.9816556,00010_front_put_the_bag_on_the_tray.png,00010_wrist_put_the_bag_on_the_tray.png,recap.png,50,2,252,253,-41.934065934065934,14.285714285714286,3.032967032967033,71.64835164835165,-12.087912087912088,30.0,-41.50929641723633,30.504356384277344,-7.817508697509766,74.9735107421875,-14.61685562133789,27.98434829711914
061_bag,put the bag on the tray,11,1,226,9.17,1788427239.9816556,00010_front_put_the_bag_on_the_tray.png,00010_wrist_put_the_bag_on_the_tray.png,recap.png,50,3,253,254,-41.934065934065934,14.285714285714286,3.032967032967033,71.64835164835165,-12.087912087912088,30.0,-41.56238555908203,30.56450653076172,-8.99591064453125,75.11460876464844,-14.651422500610352,24.59417152404785
061_bag,put the bag on the tray,11,1,226,9.17,1788427239.9816556,00010_front_put_the_bag_on_the_tray.png,00010_wrist_put_the_bag_on_the_tray.png,recap.png,50,4,254,255,-41.934065934065934,14.285714285714286,3.032967032967033,71.64835164835165,-12.087912087912088,30.0,-41.294219970703125,30.982460021972656,-8.761489868164062,75.23948669433594,-14.64793586730957,21.309476852416992
061_bag,put the bag on the tray,11,1,226,9.17,1788427239.9816556,00010_front_put_the_bag_on_the_tray.png,00010_wrist_put_the_bag_on_the_tray.png,recap.png,50,5,255,256,-41.934065934065934,14.285714285714286,3.032967032967033,71.64835164835165,-12.087912087912088,30.0,-40.977073669433594,31.58515167236328,-9.760971069335938,75.48164367675781,-14.629340171813965,18.411733627319336
061_bag,put the bag on the tray,11,1,226,9.17,1788427239.9816556,00010_front_put_the_bag_on_the_tray.png,00010_wrist_put_the_bag_on_the_tray.png,recap.png,50,6,256,257,-41.934065934065934,14.285714285714286,3.032967032967033,71.64835164835165,-12.087912087912088,30.0,-41.07183074951172,31.70203399658203,-9.171745300292969,75.55789184570312,-14.571952819824219,15.811942100524902
061_bag,put the bag on the tray,11,1,226,9.17,1788427239.9816556,00010_front_put_the_bag_on_the_tray.png,00010_wrist_put_the_bag_on_the_tray.png,recap.png,50,7,257,258,-41.934065934065934,14.285714285714286,3.032967032967033,71.64835164835165,-12.087912087912088,30.0,-41.12443542480469,31.78874969482422,-9.48562240600586,75.37985229492188,-14.593503952026367,13.508289337158203
061_bag,put the bag on the tray,11,1,226,9.17,1788427239.9816556,00010_front_put_the_bag_on_the_tray.png,00010_wrist_put_the_bag_on_the_tray.png,recap.png,50,8,258,259,-41.934065934065934,14.285714285714286,3.032967032967033,71.64835164835165,-12.087912087912088,30.0,-40.987518310546875,31.103050231933594,-9.727561950683594,75.62928771972656,-14.496313095092773,11.33912181854248
061_bag,put the bag on the tray,11,1,226,9.17,1788427239.9816556,00010_front_put_the_bag_on_the_tray.png,00010_wrist_put_the_bag_on_the_tray.png,recap.png,50,9,259,260,-41.934065934065934,14.285714285714286,3.032967032967033,71.64835164835165,-12.087912087912088,30.0,-41.34954833984375,31.05677032470703,-11.178680419921875,75.66409301757812,-14.752613067626953,9.420331001281738
061_bag,put the bag on the tray,11,1,226,9.17,1788427239.9816556,00010_front_put_the_bag_on_the_tray.png,00010_wrist_put_the_bag_on_the_tray.png,recap.png,50,10,260,261,-41.934065934065934,14.285714285714286,3.032967032967033,71.64835164835165,-12.087912087912088,30.0,-40.830204010009766,31.510215759277344,-11.120857238769531,76.10484313964844,-14.689380645751953,7.961888790130615
061_bag,put the bag on the tray,11,1,226,9.17,1788427239.9816556,00010_front_put_the_bag_on_the_tray.png,00010_wrist_put_the_bag_on_the_tray.png,recap.png,50,11,261,262,-41.934065934065934,14.285714285714286,3.032967032967033,71.64835164835165,-12.087912087912088,30.0,-40.867149353027344,32.042991638183594,-10.087554931640625,76.06849670410156,-14.614852905273438,7.539651870727539
061_bag,put the bag on the tray,11,1,226,9.17,1788427239.9816556,00010_front_put_the_bag_on_the_tray.png,00010_wrist_put_the_bag_on_the_tray.png,recap.png,50,12,262,263,-41.934065934065934,14.285714285714286,3.032967032967033,71.64835164835165,-12.087912087912088,30.0,-41.09868240356445,30.874778747558594,-11.931137084960938,76.55680847167969,-14.872413635253906,7.33108377456665
061_bag,put the bag on the tray,11,1,226,9.17,1788427239.9816556,00010_front_put_the_bag_on_the_tray.png,00010_wrist_put_the_bag_on_the_tray.png,recap.png,50,13,263,264,-41.934065934065934,14.285714285714286,3.032967032967033,71.64835164835165,-12.087912087912088,30.0,-41.27886199951172,31.783592224121094,-12.154502868652344,76.81381225585938,-14.84514045715332,7.09779167175293
061_bag,put the bag on the tray,11,1,226,9.17,1788427239.9816556,00010_front_put_the_bag_on_the_tray.png,00010_wrist_put_the_bag_on_the_tray.png,recap.png,50,14,264,265,-41.934065934065934,14.285714285714286,3.032967032967033,71.64835164835165,-12.087912087912088,30.0,-41.07484436035156,31.82355499267578,-13.660736083984375,77.53792572021484,-14.95258617401123,6.870795726776123
061_bag,put the bag on the tray,11,1,226,9.17,1788427239.9816556,00010_front_put_the_bag_on_the_tray.png,00010_wrist_put_the_bag_on_the_tray.png,recap.png,50,15,265,266,-41.934065934065934,14.285714285714286,3.032967032967033,71.64835164835165,-12.087912087912088,30.0,-41.196739196777344,31.21038055419922,-13.80392837524414,78.288330078125,-15.074153900146484,6.834845542907715
061_bag,put the bag on the tray,11,1,226,9.17,1788427239.9816556,00010_front_put_the_bag_on_the_tray.png,00010_wrist_put_the_bag_on_the_tray.png,recap.png,50,16,266,267,-41.934065934065934,14.285714285714286,3.032967032967033,71.64835164835165,-12.087912087912088,30.0,-41.22404861450195,31.550880432128906,-15.425472259521484,79.20524597167969,-15.256363868713379,7.200692176818848
061_bag,put the bag on the tray,11,1,226,9.17,1788427239.9816556,00010_front_put_the_bag_on_the_tray.png,00010_wrist_put_the_bag_on_the_tray.png,recap.png,50,17,267,268,-41.934065934065934,14.285714285714286,3.032967032967033,71.64835164835165,-12.087912087912088,30.0,-41.26277160644531,31.992530822753906,-16.167835235595703,80.53108215332031,-15.719595909118652,7.178715229034424
061_bag,put the bag on the tray,11,1,226,9.17,1788427239.9816556,00010_front_put_the_bag_on_the_tray.png,00010_wrist_put_the_bag_on_the_tray.png,recap.png,50,18,268,269,-41.934065934065934,14.285714285714286,3.032967032967033,71.64835164835165,-12.087912087912088,30.0,-41.30465316772461,31.78022003173828,-17.690818786621094,81.55094909667969,-15.933988571166992,7.467052936553955
061_bag,put the bag on the tray,11,1,226,9.17,1788427239.9816556,00010_front_put_the_bag_on_the_tray.png,00010_wrist_put_the_bag_on_the_tray.png,recap.png,50,19,269,270,-41.934065934065934,14.285714285714286,3.032967032967033,71.64835164835165,-12.087912087912088,30.0,-40.93785095214844,31.853858947753906,-18.777881622314453,82.35588836669922,-16.05118179321289,7.601871967315674
061_bag,put the bag on the tray,11,1,226,9.17,1788427239.9816556,00010_front_put_the_bag_on_the_tray.png,00010_wrist_put_the_bag_on_the_tray.png,recap.png,50,20,270,271,-41.934065934065934,14.285714285714286,3.032967032967033,71.64835164835165,-12.087912087912088,30.0,-41.35431671142578,31.51451873779297,-20.34579086303711,83.73341369628906,-16.28453826904297,7.675583839416504
061_bag,put the bag on the tray,11,1,226,9.17,1788427239.9816556,00010_front_put_the_bag_on_the_tray.png,00010_wrist_put_the_bag_on_the_tray.png,recap.png,50,21,271,272,-41.934065934065934,14.285714285714286,3.032967032967033,71.64835164835165,-12.087912087912088,30.0,-41.0770378112793,33.049415588378906,-22.612003326416016,85.3260498046875,-16.375900268554688,7.625966548919678
061_bag,put the bag on the tray,11,1,226,9.17,1788427239.9816556,00010_front_put_the_bag_on_the_tray.png,00010_wrist_put_the_bag_on_the_tray.png,recap.png,50,22,272,273,-41.934065934065934,14.285714285714286,3.032967032967033,71.64835164835165,-12.087912087912088,30.0,-40.524227142333984,32.47309112548828,-24.170352935791016,86.67938995361328,-16.71879005432129,7.436347484588623
061_bag,put the bag on the tray,11,1,226,9.17,1788427239.9816556,00010_front_put_the_bag_on_the_tray.png,00010_wrist_put_the_bag_on_the_tray.png,recap.png,50,23,273,274,-41.934065934065934,14.285714285714286,3.032967032967033,71.64835164835165,-12.087912087912088,30.0,-40.67229461669922,31.87322235107422,-25.284828186035156,87.74988555908203,-16.746402740478516,7.31045389175415
061_bag,put the bag on the tray,11,1,226,9.17,1788427239.9816556,00010_front_put_the_bag_on_the_tray.png,00010_wrist_put_the_bag_on_the_tray.png,recap.png,50,24,274,275,-41.934065934065934,14.285714285714286,3.032967032967033,71.64835164835165,-12.087912087912088,30.0,-40.661685943603516,32.519081115722656,-27.49028778076172,89.0799560546875,-16.996267318725586,7.364248275756836
061_bag,put the bag on the tray,11,1,226,9.17,1788427239.9816556,00010_front_put_the_bag_on_the_tray.png,00010_wrist_put_the_bag_on_the_tray.png,recap.png,50,25,275,276,-41.934065934065934,14.285714285714286,3.032967032967033,71.64835164835165,-12.087912087912088,30.0,-40.01001739501953,32.453880310058594,-28.919065475463867,89.92975616455078,-17.046241760253906,7.30969762802124
061_bag,put the bag on the tray,12,1,249,9.972,1788427240.7849576,00011_front_put_the_bag_on_the_tray.png,00011_wrist_put_the_bag_on_the_tray.png,recap.png,50,0,276,277,-40.61538461538461,36.175824175824175,-25.01098901098901,80.7032967032967,-14.637362637362637,16.575342465753426,-31.240087509155273,30.892845153808594,-49.32535934448242,100.82260131835938,-15.332549095153809,4.661807537078857
061_bag,put the bag on the tray,12,1,249,9.972,1788427240.7849576,00011_front_put_the_bag_on_the_tray.png,00011_wrist_put_the_bag_on_the_tray.png,recap.png,50,1,277,278,-40.61538461538461,36.175824175824175,-25.01098901098901,80.7032967032967,-14.637362637362637,16.575342465753426,-30.418609619140625,30.755653381347656,-49.00664138793945,100.26969909667969,-15.284591674804688,4.666269779205322
061_bag,put the bag on the tray,12,1,249,9.972,1788427240.7849576,00011_front_put_the_bag_on_the_tray.png,00011_wrist_put_the_bag_on_the_tray.png,recap.png,50,2,278,279,-40.61538461538461,36.175824175824175,-25.01098901098901,80.7032967032967,-14.637362637362637,16.575342465753426,-29.64824676513672,29.510337829589844,-48.469120025634766,100.48440551757812,-15.20991039276123,4.549642086029053
061_bag,put the bag on the tray,12,1,249,9.972,1788427240.7849576,00011_front_put_the_bag_on_the_tray.png,00011_wrist_put_the_bag_on_the_tray.png,recap.png,50,3,279,280,-40.61538461538461,36.175824175824175,-25.01098901098901,80.7032967032967,-14.637362637362637,16.575342465753426,-28.772968292236328,28.03050994873047,-47.854164123535156,100.56913757324219,-15.07638168334961,4.561015605926514
061_bag,put the bag on the tray,12,1,249,9.972,1788427240.7849576,00011_front_put_the_bag_on_the_tray.png,00011_wrist_put_the_bag_on_the_tray.png,recap.png,50,4,280,281,-40.61538461538461,36.175824175824175,-25.01098901098901,80.7032967032967,-14.637362637362637,16.575342465753426,-27.569744110107422,28.09642791748047,-47.49749755859375,100.80955505371094,-14.59655475616455,4.488733768463135
061_bag,put the bag on the tray,12,1,249,9.972,1788427240.7849576,00011_front_put_the_bag_on_the_tray.png,00011_wrist_put_the_bag_on_the_tray.png,recap.png,50,5,281,282,-40.61538461538461,36.175824175824175,-25.01098901098901,80.7032967032967,-14.637362637362637,16.575342465753426,-26.13620948791504,26.952064514160156,-47.349430084228516,100.59793090820312,-14.765460968017578,4.495190620422363
061_bag,put the bag on the tray,12,1,249,9.972,1788427240.7849576,00011_front_put_the_bag_on_the_tray.png,00011_wrist_put_the_bag_on_the_tray.png,recap.png,50,6,282,283,-40.61538461538461,36.175824175824175,-25.01098901098901,80.7032967032967,-14.637362637362637,16.575342465753426,-24.850975036621094,26.76268768310547,-46.92115783691406,100.37277221679688,-14.521824836730957,4.601956844329834
061_bag,put the bag on the tray,12,1,249,9.972,1788427240.7849576,00011_front_put_the_bag_on_the_tray.png,00011_wrist_put_the_bag_on_the_tray.png,recap.png,50,7,283,284,-40.61538461538461,36.175824175824175,-25.01098901098901,80.7032967032967,-14.637362637362637,16.575342465753426,-23.610219955444336,24.555274963378906,-46.42888259887695,100.48411560058594,-14.399991035461426,4.699805736541748
061_bag,put the bag on the tray,12,1,249,9.972,1788427240.7849576,00011_front_put_the_bag_on_the_tray.png,00011_wrist_put_the_bag_on_the_tray.png,recap.png,50,8,284,285,-40.61538461538461,36.175824175824175,-25.01098901098901,80.7032967032967,-14.637362637362637,16.575342465753426,-22.080081939697266,23.84343719482422,-46.50566864013672,100.435302734375,-14.16921329498291,4.598458290100098
061_bag,put the bag on the tray,12,1,249,9.972,1788427240.7849576,00011_front_put_the_bag_on_the_tray.png,00011_wrist_put_the_bag_on_the_tray.png,recap.png,50,9,285,286,-40.61538461538461,36.175824175824175,-25.01098901098901,80.7032967032967,-14.637362637362637,16.575342465753426,-21.04151725769043,22.992202758789062,-45.98316192626953,100.16403198242188,-13.714699745178223,4.617107391357422
061_bag,put the bag on the tray,12,1,249,9.972,1788427240.7849576,00011_front_put_the_bag_on_the_tray.png,00011_wrist_put_the_bag_on_the_tray.png,recap.png,50,10,286,287,-40.61538461538461,36.175824175824175,-25.01098901098901,80.7032967032967,-14.637362637362637,16.575342465753426,-19.2036075592041,22.021888732910156,-45.219722747802734,100.47496032714844,-13.523987770080566,4.691106796264648
061_bag,put the bag on the tray,12,1,249,9.972,1788427240.7849576,00011_front_put_the_bag_on_the_tray.png,00011_wrist_put_the_bag_on_the_tray.png,recap.png,50,11,287,288,-40.61538461538461,36.175824175824175,-25.01098901098901,80.7032967032967,-14.637362637362637,16.575342465753426,-17.963483810424805,21.26587677001953,-45.12712860107422,100.50177764892578,-13.302459716796875,4.657619476318359
061_bag,put the bag on the tray,12,1,249,9.972,1788427240.7849576,00011_front_put_the_bag_on_the_tray.png,00011_wrist_put_the_bag_on_the_tray.png,recap.png,50,12,288,289,-40.61538461538461,36.175824175824175,-25.01098901098901,80.7032967032967,-14.637362637362637,16.575342465753426,-16.56631088256836,20.263450622558594,-43.736549377441406,100.47572326660156,-13.146807670593262,4.726251125335693
061_bag,put the bag on the tray,12,1,249,9.972,1788427240.7849576,00011_front_put_the_bag_on_the_tray.png,00011_wrist_put_the_bag_on_the_tray.png,recap.png,50,13,289,290,-40.61538461538461,36.175824175824175,-25.01098901098901,80.7032967032967,-14.637362637362637,16.575342465753426,-14.714324951171875,19.832427978515625,-43.35681915283203,100.28388977050781,-12.986994743347168,4.676767826080322
061_bag,put the bag on the tray,12,1,249,9.972,1788427240.7849576,00011_front_put_the_bag_on_the_tray.png,00011_wrist_put_the_bag_on_the_tray.png,recap.png,50,14,290,291,-40.61538461538461,36.175824175824175,-25.01098901098901,80.7032967032967,-14.637362637362637,16.575342465753426,-13.187755584716797,18.542877197265625,-42.543190002441406,100.5263671875,-12.817695617675781,4.763115882873535
061_bag,put the bag on the tray,12,1,249,9.972,1788427240.7849576,00011_front_put_the_bag_on_the_tray.png,00011_wrist_put_the_bag_on_the_tray.png,recap.png,50,15,291,292,-40.61538461538461,36.175824175824175,-25.01098901098901,80.7032967032967,-14.637362637362637,16.575342465753426,-12.245290756225586,18.239913940429688,-41.72032165527344,100.56985473632812,-12.535387992858887,4.8600993156433105
061_bag,put the bag on the tray,12,1,249,9.972,1788427240.7849576,00011_front_put_the_bag_on_the_tray.png,00011_wrist_put_the_bag_on_the_tray.png,recap.png,50,16,292,293,-40.61538461538461,36.175824175824175,-25.01098901098901,80.7032967032967,-14.637362637362637,16.575342465753426,-11.17066764831543,16.086769104003906,-40.74314880371094,100.69084930419922,-12.407962799072266,5.019693851470947
061_bag,put the bag on the tray,12,1,249,9.972,1788427240.7849576,00011_front_put_the_bag_on_the_tray.png,00011_wrist_put_the_bag_on_the_tray.png,recap.png,50,17,293,294,-40.61538461538461,36.175824175824175,-25.01098901098901,80.7032967032967,-14.637362637362637,16.575342465753426,-9.444967269897461,15.54974365234375,-39.80340576171875,100.54349517822266,-12.263442993164062,4.7522735595703125
061_bag,put the bag on the tray,12,1,249,9.972,1788427240.7849576,00011_front_put_the_bag_on_the_tray.png,00011_wrist_put_the_bag_on_the_tray.png,recap.png,50,18,294,295,-40.61538461538461,36.175824175824175,-25.01098901098901,80.7032967032967,-14.637362637362637,16.575342465753426,-8.306013107299805,14.994659423828125,-38.45319366455078,100.28616333007812,-11.974672317504883,4.958255290985107
061_bag,put the bag on the tray,12,1,249,9.972,1788427240.7849576,00011_front_put_the_bag_on_the_tray.png,00011_wrist_put_the_bag_on_the_tray.png,recap.png,50,19,295,296,-40.61538461538461,36.175824175824175,-25.01098901098901,80.7032967032967,-14.637362637362637,16.575342465753426,-6.943948745727539,13.865257263183594,-37.18763732910156,100.59013366699219,-11.731345176696777,4.948853015899658
061_bag,put the bag on the tray,12,1,249,9.972,1788427240.7849576,00011_front_put_the_bag_on_the_tray.png,00011_wrist_put_the_bag_on_the_tray.png,recap.png,50,20,296,297,-40.61538461538461,36.175824175824175,-25.01098901098901,80.7032967032967,-14.637362637362637,16.575342465753426,-5.303871154785156,13.421218872070312,-35.78129577636719,100.6934585571289,-11.759126663208008,4.869051933288574
061_bag,put the bag on the tray,12,1,249,9.972,1788427240.7849576,00011_front_put_the_bag_on_the_tray.png,00011_wrist_put_the_bag_on_the_tray.png,recap.png,50,21,297,298,-40.61538461538461,36.175824175824175,-25.01098901098901,80.7032967032967,-14.637362637362637,16.575342465753426,-3.79248046875,12.398406982421875,-35.07988357543945,100.51255798339844,-11.635943412780762,4.947065353393555
061_bag,put the bag on the tray,12,1,249,9.972,1788427240.7849576,00011_front_put_the_bag_on_the_tray.png,00011_wrist_put_the_bag_on_the_tray.png,recap.png,50,22,298,299,-40.61538461538461,36.175824175824175,-25.01098901098901,80.7032967032967,-14.637362637362637,16.575342465753426,-2.684690475463867,11.413246154785156,-34.975860595703125,100.33251953125,-11.172627449035645,4.984058856964111
061_bag,put the bag on the tray,13,1,275,11.009,1788427241.8231316,00012_front_put_the_bag_on_the_tray.png,00012_wrist_put_the_bag_on_the_tray.png,recap.png,50,0,299,300,-40.79120879120879,32.65934065934066,-23.164835164835164,84.92307692307692,-16.043956043956044,14.520547945205479,-26.880695343017578,20.411903381347656,-42.80382537841797,99.32421875,-13.946167945861816,5.9568915367126465
061_bag,put the bag on the tray,13,1,275,11.009,1788427241.8231316,00012_front_put_the_bag_on_the_tray.png,00012_wrist_put_the_bag_on_the_tray.png,recap.png,50,1,300,301,-40.79120879120879,32.65934065934066,-23.164835164835164,84.92307692307692,-16.043956043956044,14.520547945205479,-26.066926956176758,19.42145538330078,-42.54057312011719,99.33163452148438,-13.527960777282715,6.002926826477051
061_bag,put the bag on the tray,13,1,275,11.009,1788427241.8231316,00012_front_put_the_bag_on_the_tray.png,00012_wrist_put_the_bag_on_the_tray.png,recap.png,50,2,301,302,-40.79120879120879,32.65934065934066,-23.164835164835164,84.92307692307692,-16.043956043956044,14.520547945205479,-24.633739471435547,17.37249755859375,-41.191680908203125,99.39556884765625,-13.29595947265625,5.939180374145508
061_bag,put the bag on the tray,13,1,275,11.009,1788427241.8231316,00012_front_put_the_bag_on_the_tray.png,00012_wrist_put_the_bag_on_the_tray.png,recap.png,50,3,302,303,-40.79120879120879,32.65934065934066,-23.164835164835164,84.92307692307692,-16.043956043956044,14.520547945205479,-23.135520935058594,16.67609405517578,-40.98976516723633,99.40026092529297,-13.126884460449219,6.153737545013428
061_bag,put the bag on the tray,13,1,275,11.009,1788427241.8231316,00012_front_put_the_bag_on_the_tray.png,00012_wrist_put_the_bag_on_the_tray.png,recap.png,50,4,303,304,-40.79120879120879,32.65934065934066,-23.164835164835164,84.92307692307692,-16.043956043956044,14.520547945205479,-21.21639060974121,15.567657470703125,-40.68711853027344,99.52536010742188,-12.812768936157227,6.096089839935303
061_bag,put the bag on the tray,13,1,275,11.009,1788427241.8231316,00012_front_put_the_bag_on_the_tray.png,00012_wrist_put_the_bag_on_the_tray.png,recap.png,50,5,304,305,-40.79120879120879,32.65934065934066,-23.164835164835164,84.92307692307692,-16.043956043956044,14.520547945205479,-19.805757522583008,14.806076049804688,-40.3447380065918,99.51023864746094,-12.517922401428223,6.202264785766602
061_bag,put the bag on the tray,13,1,275,11.009,1788427241.8231316,00012_front_put_the_bag_on_the_tray.png,00012_wrist_put_the_bag_on_the_tray.png,recap.png,50,6,305,306,-40.79120879120879,32.65934065934066,-23.164835164835164,84.92307692307692,-16.043956043956044,14.520547945205479,-18.331485748291016,13.471832275390625,-39.81532287597656,99.48148345947266,-12.212960243225098,6.197646617889404
061_bag,put the bag on the tray,13,1,275,11.009,1788427241.8231316,00012_front_put_the_bag_on_the_tray.png,00012_wrist_put_the_bag_on_the_tray.png,recap.png,50,7,306,307,-40.79120879120879,32.65934065934066,-23.164835164835164,84.92307692307692,-16.043956043956044,14.520547945205479,-16.72779083251953,12.713768005371094,-38.978050231933594,99.577392578125,-12.028827667236328,6.243526935577393
061_bag,put the bag on the tray,13,1,275,11.009,1788427241.8231316,00012_front_put_the_bag_on_the_tray.png,00012_wrist_put_the_bag_on_the_tray.png,recap.png,50,8,307,308,-40.79120879120879,32.65934065934066,-23.164835164835164,84.92307692307692,-16.043956043956044,14.520547945205479,-15.310943603515625,12.117416381835938,-39.05238342285156,99.5146255493164,-11.71504020690918,6.259377479553223
061_bag,put the bag on the tray,13,1,275,11.009,1788427241.8231316,00012_front_put_the_bag_on_the_tray.png,00012_wrist_put_the_bag_on_the_tray.png,recap.png,50,9,308,309,-40.79120879120879,32.65934065934066,-23.164835164835164,84.92307692307692,-16.043956043956044,14.520547945205479,-13.617542266845703,11.739921569824219,-37.942626953125,99.48466491699219,-11.406686782836914,6.238397598266602
061_bag,put the bag on the tray,13,1,275,11.009,1788427241.8231316,00012_front_put_the_bag_on_the_tray.png,00012_wrist_put_the_bag_on_the_tray.png,recap.png,50,10,309,310,-40.79120879120879,32.65934065934066,-23.164835164835164,84.92307692307692,-16.043956043956044,14.520547945205479,-12.304515838623047,10.631080627441406,-37.18853759765625,99.71595764160156,-11.169645309448242,6.509183883666992
061_bag,put the bag on the tray,13,1,275,11.009,1788427241.8231316,00012_front_put_the_bag_on_the_tray.png,00012_wrist_put_the_bag_on_the_tray.png,recap.png,50,11,310,311,-40.79120879120879,32.65934065934066,-23.164835164835164,84.92307692307692,-16.043956043956044,14.520547945205479,-10.450447082519531,10.419624328613281,-36.98659896850586,99.6161880493164,-11.002339363098145,6.301656723022461
061_bag,put the bag on the tray,13,1,275,11.009,1788427241.8231316,00012_front_put_the_bag_on_the_tray.png,00012_wrist_put_the_bag_on_the_tray.png,recap.png,50,12,311,312,-40.79120879120879,32.65934065934066,-23.164835164835164,84.92307692307692,-16.043956043956044,14.520547945205479,-8.983543395996094,9.791000366210938,-36.84140396118164,99.50123596191406,-10.606876373291016,6.40234375
061_bag,put the bag on the tray,13,1,275,11.009,1788427241.8231316,00012_front_put_the_bag_on_the_tray.png,00012_wrist_put_the_bag_on_the_tray.png,recap.png,50,13,312,313,-40.79120879120879,32.65934065934066,-23.164835164835164,84.92307692307692,-16.043956043956044,14.520547945205479,-7.4170074462890625,9.306282043457031,-35.73388671875,99.42843627929688,-10.317648887634277,6.622996807098389
061_bag,put the bag on the tray,13,1,275,11.009,1788427241.8231316,00012_front_put_the_bag_on_the_tray.png,00012_wrist_put_the_bag_on_the_tray.png,recap.png,50,14,313,314,-40.79120879120879,32.65934065934066,-23.164835164835164,84.92307692307692,-16.043956043956044,14.520547945205479,-5.791986465454102,9.105972290039062,-35.31736755371094,99.53839111328125,-10.028239250183105,6.397770404815674
061_bag,put the bag on the tray,13,1,275,11.009,1788427241.8231316,00012_front_put_the_bag_on_the_tray.png,00012_wrist_put_the_bag_on_the_tray.png,recap.png,50,15,314,315,-40.79120879120879,32.65934065934066,-23.164835164835164,84.92307692307692,-16.043956043956044,14.520547945205479,-4.202976226806641,8.553688049316406,-34.75981140136719,99.5400390625,-9.819238662719727,6.5753703117370605
061_bag,put the bag on the tray,13,1,275,11.009,1788427241.8231316,00012_front_put_the_bag_on_the_tray.png,00012_wrist_put_the_bag_on_the_tray.png,recap.png,50,16,315,316,-40.79120879120879,32.65934065934066,-23.164835164835164,84.92307692307692,-16.043956043956044,14.520547945205479,-2.8008193969726562,8.5880126953125,-34.88984298706055,99.70823669433594,-9.483430862426758,6.515844345092773
061_bag,put the bag on the tray,13,1,275,11.009,1788427241.8231316,00012_front_put_the_bag_on_the_tray.png,00012_wrist_put_the_bag_on_the_tray.png,recap.png,50,17,316,317,-40.79120879120879,32.65934065934066,-23.164835164835164,84.92307692307692,-16.043956043956044,14.520547945205479,-1.257486343383789,8.77410888671875,-34.11705780029297,99.71392059326172,-9.10165786743164,6.495081901550293
061_bag,put the bag on the tray,13,1,275,11.009,1788427241.8231316,00012_front_put_the_bag_on_the_tray.png,00012_wrist_put_the_bag_on_the_tray.png,recap.png,50,18,317,318,-40.79120879120879,32.65934065934066,-23.164835164835164,84.92307692307692,-16.043956043956044,14.520547945205479,0.15885162353515625,8.46630859375,-33.30083084106445,99.91325378417969,-8.806927680969238,6.719297885894775
061_bag,put the bag on the tray,13,1,275,11.009,1788427241.8231316,00012_front_put_the_bag_on_the_tray.png,00012_wrist_put_the_bag_on_the_tray.png,recap.png,50,19,318,319,-40.79120879120879,32.65934065934066,-23.164835164835164,84.92307692307692,-16.043956043956044,14.520547945205479,1.339111328125,7.8568878173828125,-33.42289733886719,99.74468994140625,-8.51078987121582,6.643665790557861
061_bag,put the bag on the tray,13,1,275,11.009,1788427241.8231316,00012_front_put_the_bag_on_the_tray.png,00012_wrist_put_the_bag_on_the_tray.png,recap.png,50,20,319,320,-40.79120879120879,32.65934065934066,-23.164835164835164,84.92307692307692,-16.043956043956044,14.520547945205479,2.611888885498047,6.7812347412109375,-31.61973762512207,100.1099853515625,-8.263166427612305,6.714658737182617
061_bag,put the bag on the tray,13,1,275,11.009,1788427241.8231316,00012_front_put_the_bag_on_the_tray.png,00012_wrist_put_the_bag_on_the_tray.png,recap.png,50,21,320,321,-40.79120879120879,32.65934065934066,-23.164835164835164,84.92307692307692,-16.043956043956044,14.520547945205479,4.359355926513672,6.820457458496094,-31.89351463317871,99.900146484375,-7.62307596206665,6.79949951171875
061_bag,put the bag on the tray,13,1,275,11.009,1788427241.8231316,00012_front_put_the_bag_on_the_tray.png,00012_wrist_put_the_bag_on_the_tray.png,recap.png,50,22,321,322,-40.79120879120879,32.65934065934066,-23.164835164835164,84.92307692307692,-16.043956043956044,14.520547945205479,5.867900848388672,6.456062316894531,-31.248132705688477,100.16920471191406,-7.163842678070068,6.694187641143799
061_bag,put the bag on the tray,13,1,275,11.009,1788427241.8231316,00012_front_put_the_bag_on_the_tray.png,00012_wrist_put_the_bag_on_the_tray.png,recap.png,50,23,322,323,-40.79120879120879,32.65934065934066,-23.164835164835164,84.92307692307692,-16.043956043956044,14.520547945205479,7.106487274169922,6.060882568359375,-30.94595718383789,100.05625915527344,-6.639313697814941,6.769627571105957
061_bag,put the bag on the tray,13,1,275,11.009,1788427241.8231316,00012_front_put_the_bag_on_the_tray.png,00012_wrist_put_the_bag_on_the_tray.png,recap.png,50,24,323,324,-40.79120879120879,32.65934065934066,-23.164835164835164,84.92307692307692,-16.043956043956044,14.520547945205479,8.387138366699219,5.509246826171875,-30.124881744384766,100.17964935302734,-6.124391078948975,6.802792072296143
061_bag,put the bag on the tray,13,1,275,11.009,1788427241.8231316,00012_front_put_the_bag_on_the_tray.png,00012_wrist_put_the_bag_on_the_tray.png,recap.png,50,25,324,325,-40.79120879120879,32.65934065934066,-23.164835164835164,84.92307692307692,-16.043956043956044,14.520547945205479,9.64218521118164,4.08740234375,-29.28595733642578,99.59576416015625,-5.533198833465576,6.7193922996521
061_bag,put the bag on the tray,14,1,298,11.812,1788427242.6250193,00013_front_put_the_bag_on_the_tray.png,00013_wrist_put_the_bag_on_the_tray.png,recap.png,50,0,325,326,-7.56043956043956,20.35164835164835,-35.56043956043956,99.95604395604396,-12.263736263736265,12.191780821917808,28.961605072021484,6.48760986328125,-21.752952575683594,89.14508819580078,-0.1266469955444336,5.840792179107666
061_bag,put the bag on the tray,14,1,298,11.812,1788427242.6250193,00013_front_put_the_bag_on_the_tray.png,00013_wrist_put_the_bag_on_the_tray.png,recap.png,50,1,326,327,-7.56043956043956,20.35164835164835,-35.56043956043956,99.95604395604396,-12.263736263736265,12.191780821917808,28.893230438232422,6.517982482910156,-20.939453125,87.99143981933594,0.09341621398925781,6.0318522453308105
061_bag,put the bag on the tray,14,1,298,11.812,1788427242.6250193,00013_front_put_the_bag_on_the_tray.png,00013_wrist_put_the_bag_on_the_tray.png,recap.png,50,2,327,328,-7.56043956043956,20.35164835164835,-35.56043956043956,99.95604395604396,-12.263736263736265,12.191780821917808,29.462841033935547,6.2368621826171875,-20.039981842041016,86.95654296875,0.1804676055908203,5.9952168464660645
061_bag,put the bag on the tray,14,1,298,11.812,1788427242.6250193,00013_front_put_the_bag_on_the_tray.png,00013_wrist_put_the_bag_on_the_tray.png,recap.png,50,3,328,329,-7.56043956043956,20.35164835164835,-35.56043956043956,99.95604395604396,-12.263736263736265,12.191780821917808,29.779666900634766,6.568626403808594,-19.597957611083984,85.69839477539062,0.3621349334716797,5.8434343338012695
061_bag,put the bag on the tray,14,1,298,11.812,1788427242.6250193,00013_front_put_the_bag_on_the_tray.png,00013_wrist_put_the_bag_on_the_tray.png,recap.png,50,4,329,330,-7.56043956043956,20.35164835164835,-35.56043956043956,99.95604395604396,-12.263736263736265,12.191780821917808,30.125598907470703,6.8773193359375,-18.118263244628906,84.53366088867188,0.2094745635986328,5.899254322052002
061_bag,put the bag on the tray,14,1,298,11.812,1788427242.6250193,00013_front_put_the_bag_on_the_tray.png,00013_wrist_put_the_bag_on_the_tray.png,recap.png,50,5,330,331,-7.56043956043956,20.35164835164835,-35.56043956043956,99.95604395604396,-12.263736263736265,12.191780821917808,30.61188507080078,7.0587921142578125,-17.910728454589844,83.35370635986328,0.28388023376464844,5.97178840637207
061_bag,put the bag on the tray,14,1,298,11.812,1788427242.6250193,00013_front_put_the_bag_on_the_tray.png,00013_wrist_put_the_bag_on_the_tray.png,recap.png,50,6,331,332,-7.56043956043956,20.35164835164835,-35.56043956043956,99.95604395604396,-12.263736263736265,12.191780821917808,30.953399658203125,7.573577880859375,-16.41592025756836,82.45166015625,0.23277854919433594,6.106470108032227
061_bag,put the bag on the tray,14,1,298,11.812,1788427242.6250193,00013_front_put_the_bag_on_the_tray.png,00013_wrist_put_the_bag_on_the_tray.png,recap.png,50,7,332,333,-7.56043956043956,20.35164835164835,-35.56043956043956,99.95604395604396,-12.263736263736265,12.191780821917808,30.969764709472656,6.949974060058594,-15.806777954101562,81.37837982177734,0.24688434600830078,6.162459850311279
061_bag,put the bag on the tray,14,1,298,11.812,1788427242.6250193,00013_front_put_the_bag_on_the_tray.png,00013_wrist_put_the_bag_on_the_tray.png,recap.png,50,8,333,334,-7.56043956043956,20.35164835164835,-35.56043956043956,99.95604395604396,-12.263736263736265,12.191780821917808,31.90829086303711,6.954292297363281,-16.051597595214844,80.30137634277344,0.4551830291748047,6.224359512329102
061_bag,put the bag on the tray,14,1,298,11.812,1788427242.6250193,00013_front_put_the_bag_on_the_tray.png,00013_wrist_put_the_bag_on_the_tray.png,recap.png,50,9,334,335,-7.56043956043956,20.35164835164835,-35.56043956043956,99.95604395604396,-12.263736263736265,12.191780821917808,32.29366683959961,7.652961730957031,-14.689266204833984,79.43738555908203,0.31299877166748047,6.208862781524658
061_bag,put the bag on the tray,14,1,298,11.812,1788427242.6250193,00013_front_put_the_bag_on_the_tray.png,00013_wrist_put_the_bag_on_the_tray.png,recap.png,50,10,335,336,-7.56043956043956,20.35164835164835,-35.56043956043956,99.95604395604396,-12.263736263736265,12.191780821917808,32.8111686706543,7.5356292724609375,-14.397510528564453,78.55769348144531,0.3119220733642578,6.157538890838623
061_bag,put the bag on the tray,14,1,298,11.812,1788427242.6250193,00013_front_put_the_bag_on_the_tray.png,00013_wrist_put_the_bag_on_the_tray.png,recap.png,50,11,336,337,-7.56043956043956,20.35164835164835,-35.56043956043956,99.95604395604396,-12.263736263736265,12.191780821917808,32.93233871459961,7.9894866943359375,-13.449359893798828,77.75807189941406,0.46404361724853516,6.169923782348633
061_bag,put the bag on the tray,14,1,298,11.812,1788427242.6250193,00013_front_put_the_bag_on_the_tray.png,00013_wrist_put_the_bag_on_the_tray.png,recap.png,50,12,337,338,-7.56043956043956,20.35164835164835,-35.56043956043956,99.95604395604396,-12.263736263736265,12.191780821917808,33.57045364379883,8.520843505859375,-12.963691711425781,77.23685455322266,0.37486934661865234,6.115223407745361
061_bag,put the bag on the tray,14,1,298,11.812,1788427242.6250193,00013_front_put_the_bag_on_the_tray.png,00013_wrist_put_the_bag_on_the_tray.png,recap.png,50,13,338,339,-7.56043956043956,20.35164835164835,-35.56043956043956,99.95604395604396,-12.263736263736265,12.191780821917808,33.94285202026367,8.391372680664062,-12.167285919189453,76.54957580566406,0.35654449462890625,6.238913059234619
061_bag,put the bag on the tray,14,1,298,11.812,1788427242.6250193,00013_front_put_the_bag_on_the_tray.png,00013_wrist_put_the_bag_on_the_tray.png,recap.png,50,14,339,340,-7.56043956043956,20.35164835164835,-35.56043956043956,99.95604395604396,-12.263736263736265,12.191780821917808,34.33298873901367,8.879905700683594,-12.136035919189453,76.12727355957031,0.2081136703491211,6.252155780792236
061_bag,put the bag on the tray,14,1,298,11.812,1788427242.6250193,00013_front_put_the_bag_on_the_tray.png,00013_wrist_put_the_bag_on_the_tray.png,recap.png,50,15,340,341,-7.56043956043956,20.35164835164835,-35.56043956043956,99.95604395604396,-12.263736263736265,12.191780821917808,34.63975143432617,10.034172058105469,-10.874870300292969,75.92620849609375,0.21426677703857422,6.267667293548584
061_bag,put the bag on the tray,14,1,298,11.812,1788427242.6250193,00013_front_put_the_bag_on_the_tray.png,00013_wrist_put_the_bag_on_the_tray.png,recap.png,50,16,341,342,-7.56043956043956,20.35164835164835,-35.56043956043956,99.95604395604396,-12.263736263736265,12.191780821917808,34.70974349975586,9.429771423339844,-11.178119659423828,75.31311798095703,0.22201919555664062,6.187623977661133
061_bag,put the bag on the tray,14,1,298,11.812,1788427242.6250193,00013_front_put_the_bag_on_the_tray.png,00013_wrist_put_the_bag_on_the_tray.png,recap.png,50,17,342,343,-7.56043956043956,20.35164835164835,-35.56043956043956,99.95604395604396,-12.263736263736265,12.191780821917808,35.23249435424805,10.631256103515625,-11.611335754394531,74.8366928100586,0.15521526336669922,6.27791166305542
061_bag,put the bag on the tray,14,1,298,11.812,1788427242.6250193,00013_front_put_the_bag_on_the_tray.png,00013_wrist_put_the_bag_on_the_tray.png,recap.png,50,18,343,344,-7.56043956043956,20.35164835164835,-35.56043956043956,99.95604395604396,-12.263736263736265,12.191780821917808,35.17246627807617,10.845054626464844,-10.535526275634766,74.15814971923828,0.08213520050048828,6.260095119476318
061_bag,put the bag on the tray,14,1,298,11.812,1788427242.6250193,00013_front_put_the_bag_on_the_tray.png,00013_wrist_put_the_bag_on_the_tray.png,recap.png,50,19,344,345,-7.56043956043956,20.35164835164835,-35.56043956043956,99.95604395604396,-12.263736263736265,12.191780821917808,35.62883377075195,10.138351440429688,-10.148921966552734,74.08467864990234,-0.12405204772949219,6.269918918609619
061_bag,put the bag on the tray,14,1,298,11.812,1788427242.6250193,00013_front_put_the_bag_on_the_tray.png,00013_wrist_put_the_bag_on_the_tray.png,recap.png,50,20,345,346,-7.56043956043956,20.35164835164835,-35.56043956043956,99.95604395604396,-12.263736263736265,12.191780821917808,35.81502914428711,10.412277221679688,-10.286048889160156,73.38018798828125,-0.23924541473388672,6.216461181640625
061_bag,put the bag on the tray,14,1,298,11.812,1788427242.6250193,00013_front_put_the_bag_on_the_tray.png,00013_wrist_put_the_bag_on_the_tray.png,recap.png,50,21,346,347,-7.56043956043956,20.35164835164835,-35.56043956043956,99.95604395604396,-12.263736263736265,12.191780821917808,35.68825149536133,11.835639953613281,-9.951221466064453,72.77629852294922,-0.22980117797851562,6.480391025543213
061_bag,put the bag on the tray,14,1,298,11.812,1788427242.6250193,00013_front_put_the_bag_on_the_tray.png,00013_wrist_put_the_bag_on_the_tray.png,recap.png,50,22,347,348,-7.56043956043956,20.35164835164835,-35.56043956043956,99.95604395604396,-12.263736263736265,12.191780821917808,36.138736724853516,12.844711303710938,-9.977210998535156,72.18021392822266,-0.3672828674316406,6.372252464294434
061_bag,put the bag on the tray,15,1,324,12.849,1788427243.6611369,00014_front_put_the_bag_on_the_tray.png,00014_wrist_put_the_bag_on_the_tray.png,recap.png,50,0,348,349,5.274725274725275,12.43956043956044,-30.10989010989011,99.86813186813187,-7.428571428571429,12.123287671232877,32.81559371948242,7.0330047607421875,-16.311145782470703,78.85324096679688,3.7497682571411133,5.6215434074401855
061_bag,put the bag on the tray,15,1,324,12.849,1788427243.6611369,00014_front_put_the_bag_on_the_tray.png,00014_wrist_put_the_bag_on_the_tray.png,recap.png,50,1,349,350,5.274725274725275,12.43956043956044,-30.10989010989011,99.86813186813187,-7.428571428571429,12.123287671232877,33.49370193481445,7.243415832519531,-16.03696060180664,77.59800720214844,3.764195442199707,5.723541736602783
061_bag,put the bag on the tray,15,1,324,12.849,1788427243.6611369,00014_front_put_the_bag_on_the_tray.png,00014_wrist_put_the_bag_on_the_tray.png,recap.png,50,2,350,351,5.274725274725275,12.43956043956044,-30.10989010989011,99.86813186813187,-7.428571428571429,12.123287671232877,33.50102615356445,7.391960144042969,-15.306453704833984,76.28292083740234,3.7937746047973633,5.7861151695251465
061_bag,put the bag on the tray,15,1,324,12.849,1788427243.6611369,00014_front_put_the_bag_on_the_tray.png,00014_wrist_put_the_bag_on_the_tray.png,recap.png,50,3,351,352,5.274725274725275,12.43956043956044,-30.10989010989011,99.86813186813187,-7.428571428571429,12.123287671232877,33.39999008178711,8.34197998046875,-14.842643737792969,75.23228454589844,4.061763763427734,5.762568473815918
061_bag,put the bag on the tray,15,1,324,12.849,1788427243.6611369,00014_front_put_the_bag_on_the_tray.png,00014_wrist_put_the_bag_on_the_tray.png,recap.png,50,4,352,353,5.274725274725275,12.43956043956044,-30.10989010989011,99.86813186813187,-7.428571428571429,12.123287671232877,33.82638168334961,8.374794006347656,-14.004619598388672,74.05551147460938,4.064027786254883,5.85830020904541
061_bag,put the bag on the tray,15,1,324,12.849,1788427243.6611369,00014_front_put_the_bag_on_the_tray.png,00014_wrist_put_the_bag_on_the_tray.png,recap.png,50,5,353,354,5.274725274725275,12.43956043956044,-30.10989010989011,99.86813186813187,-7.428571428571429,12.123287671232877,33.90970993041992,9.433807373046875,-13.384769439697266,72.98804473876953,3.869516372680664,5.873529434204102
061_bag,put the bag on the tray,15,1,324,12.849,1788427243.6611369,00014_front_put_the_bag_on_the_tray.png,00014_wrist_put_the_bag_on_the_tray.png,recap.png,50,6,354,355,5.274725274725275,12.43956043956044,-30.10989010989011,99.86813186813187,-7.428571428571429,12.123287671232877,34.035579681396484,8.725852966308594,-12.446582794189453,72.02392578125,3.9895477294921875,5.8944292068481445
061_bag,put the bag on the tray,15,1,324,12.849,1788427243.6611369,00014_front_put_the_bag_on_the_tray.png,00014_wrist_put_the_bag_on_the_tray.png,recap.png,50,7,355,356,5.274725274725275,12.43956043956044,-30.10989010989011,99.86813186813187,-7.428571428571429,12.123287671232877,34.549922943115234,10.88079833984375,-11.0416259765625,71.3733901977539,3.858196258544922,6.0283284187316895
061_bag,put the bag on the tray,15,1,324,12.849,1788427243.6611369,00014_front_put_the_bag_on_the_tray.png,00014_wrist_put_the_bag_on_the_tray.png,recap.png,50,8,356,357,5.274725274725275,12.43956043956044,-30.10989010989011,99.86813186813187,-7.428571428571429,12.123287671232877,34.52448654174805,10.852218627929688,-11.916656494140625,70.48310852050781,3.9310054779052734,5.9659199714660645
061_bag,put the bag on the tray,15,1,324,12.849,1788427243.6611369,00014_front_put_the_bag_on_the_tray.png,00014_wrist_put_the_bag_on_the_tray.png,recap.png,50,9,357,358,5.274725274725275,12.43956043956044,-30.10989010989011,99.86813186813187,-7.428571428571429,12.123287671232877,34.47465896606445,11.477104187011719,-11.170639038085938,69.8471450805664,3.7427616119384766,5.870546817779541
061_bag,put the bag on the tray,15,1,324,12.849,1788427243.6611369,00014_front_put_the_bag_on_the_tray.png,00014_wrist_put_the_bag_on_the_tray.png,recap.png,50,10,358,359,5.274725274725275,12.43956043956044,-30.10989010989011,99.86813186813187,-7.428571428571429,12.123287671232877,34.63698959350586,11.14642333984375,-10.941551208496094,69.00994110107422,3.8167734146118164,6.071440696716309
061_bag,put the bag on the tray,15,1,324,12.849,1788427243.6611369,00014_front_put_the_bag_on_the_tray.png,00014_wrist_put_the_bag_on_the_tray.png,recap.png,50,11,359,360,5.274725274725275,12.43956043956044,-30.10989010989011,99.86813186813187,-7.428571428571429,12.123287671232877,35.07064437866211,12.23028564453125,-10.517890930175781,68.57177734375,3.6097230911254883,6.020233631134033
061_bag,put the bag on the tray,15,1,324,12.849,1788427243.6611369,00014_front_put_the_bag_on_the_tray.png,00014_wrist_put_the_bag_on_the_tray.png,recap.png,50,12,360,361,5.274725274725275,12.43956043956044,-30.10989010989011,99.86813186813187,-7.428571428571429,12.123287671232877,35.28262710571289,12.404319763183594,-9.92242431640625,68.2449722290039,3.6412973403930664,6.206093788146973
061_bag,put the bag on the tray,15,1,324,12.849,1788427243.6611369,00014_front_put_the_bag_on_the_tray.png,00014_wrist_put_the_bag_on_the_tray.png,recap.png,50,13,361,362,5.274725274725275,12.43956043956044,-30.10989010989011,99.86813186813187,-7.428571428571429,12.123287671232877,35.5645866394043,12.734283447265625,-10.372386932373047,67.56136322021484,3.6164321899414062,6.1856536865234375
061_bag,put the bag on the tray,15,1,324,12.849,1788427243.6611369,00014_front_put_the_bag_on_the_tray.png,00014_wrist_put_the_bag_on_the_tray.png,recap.png,50,14,362,363,5.274725274725275,12.43956043956044,-30.10989010989011,99.86813186813187,-7.428571428571429,12.123287671232877,35.49709701538086,13.298713684082031,-10.582927703857422,67.04212188720703,3.565793037414551,6.076919078826904
061_bag,put the bag on the tray,15,1,324,12.849,1788427243.6611369,00014_front_put_the_bag_on_the_tray.png,00014_wrist_put_the_bag_on_the_tray.png,recap.png,50,15,363,364,5.274725274725275,12.43956043956044,-30.10989010989011,99.86813186813187,-7.428571428571429,12.123287671232877,35.7333869934082,14.187782287597656,-9.599540710449219,66.73355102539062,3.4441614151000977,6.182084083557129
061_bag,put the bag on the tray,15,1,324,12.849,1788427243.6611369,00014_front_put_the_bag_on_the_tray.png,00014_wrist_put_the_bag_on_the_tray.png,recap.png,50,16,364,365,5.274725274725275,12.43956043956044,-30.10989010989011,99.86813186813187,-7.428571428571429,12.123287671232877,36.01955795288086,14.114089965820312,-9.107978820800781,66.24177551269531,3.4304628372192383,6.180820941925049
061_bag,put the bag on the tray,15,1,324,12.849,1788427243.6611369,00014_front_put_the_bag_on_the_tray.png,00014_wrist_put_the_bag_on_the_tray.png,recap.png,50,17,365,366,5.274725274725275,12.43956043956044,-30.10989010989011,99.86813186813187,-7.428571428571429,12.123287671232877,36.4491081237793,15.851661682128906,-9.070148468017578,65.66490173339844,3.4889822006225586,6.271365642547607
061_bag,put the bag on the tray,15,1,324,12.849,1788427243.6611369,00014_front_put_the_bag_on_the_tray.png,00014_wrist_put_the_bag_on_the_tray.png,recap.png,50,18,366,367,5.274725274725275,12.43956043956044,-30.10989010989011,99.86813186813187,-7.428571428571429,12.123287671232877,36.18718338012695,15.940223693847656,-8.497955322265625,65.36212921142578,3.341855049133301,6.2114691734313965
061_bag,put the bag on the tray,15,1,324,12.849,1788427243.6611369,00014_front_put_the_bag_on_the_tray.png,00014_wrist_put_the_bag_on_the_tray.png,recap.png,50,19,367,368,5.274725274725275,12.43956043956044,-30.10989010989011,99.86813186813187,-7.428571428571429,12.123287671232877,36.51676559448242,16.262527465820312,-9.030929565429688,64.93281555175781,3.433835983276367,6.4035491943359375
061_bag,put the bag on the tray,15,1,324,12.849,1788427243.6611369,00014_front_put_the_bag_on_the_tray.png,00014_wrist_put_the_bag_on_the_tray.png,recap.png,50,20,368,369,5.274725274725275,12.43956043956044,-30.10989010989011,99.86813186813187,-7.428571428571429,12.123287671232877,36.72856521606445,17.3968505859375,-9.247276306152344,65.11895751953125,3.179806709289551,6.259284973144531
061_bag,put the bag on the tray,15,1,324,12.849,1788427243.6611369,00014_front_put_the_bag_on_the_tray.png,00014_wrist_put_the_bag_on_the_tray.png,recap.png,50,21,369,370,5.274725274725275,12.43956043956044,-30.10989010989011,99.86813186813187,-7.428571428571429,12.123287671232877,36.83183670043945,18.7633056640625,-8.492233276367188,65.10139465332031,3.154233932495117,6.243314266204834
061_bag,put the bag on the tray,15,1,324,12.849,1788427243.6611369,00014_front_put_the_bag_on_the_tray.png,00014_wrist_put_the_bag_on_the_tray.png,recap.png,50,22,370,371,5.274725274725275,12.43956043956044,-30.10989010989011,99.86813186813187,-7.428571428571429,12.123287671232877,37.16472244262695,18.845550537109375,-10.366043090820312,65.26248168945312,2.874418258666992,6.480881690979004
061_bag,put the bag on the tray,15,1,324,12.849,1788427243.6611369,00014_front_put_the_bag_on_the_tray.png,00014_wrist_put_the_bag_on_the_tray.png,recap.png,50,23,371,372,5.274725274725275,12.43956043956044,-30.10989010989011,99.86813186813187,-7.428571428571429,12.123287671232877,37.65544509887695,19.860946655273438,-11.422466278076172,65.7117919921875,3.1283445358276367,6.546262264251709
061_bag,put the bag on the tray,15,1,324,12.849,1788427243.6611369,00014_front_put_the_bag_on_the_tray.png,00014_wrist_put_the_bag_on_the_tray.png,recap.png,50,24,372,373,5.274725274725275,12.43956043956044,-30.10989010989011,99.86813186813187,-7.428571428571429,12.123287671232877,37.41047286987305,21.164077758789062,-11.395313262939453,65.8001937866211,2.874155044555664,6.880153179168701
061_bag,put the bag on the tray,15,1,324,12.849,1788427243.6611369,00014_front_put_the_bag_on_the_tray.png,00014_wrist_put_the_bag_on_the_tray.png,recap.png,50,25,373,374,5.274725274725275,12.43956043956044,-30.10989010989011,99.86813186813187,-7.428571428571429,12.123287671232877,37.061832427978516,22.053062438964844,-13.26705551147461,66.31912231445312,2.7808990478515625,7.640096664428711
061_bag,put the bag on the tray,16,1,347,13.718,1788427244.5310273,00015_front_put_the_bag_on_the_tray.png,00015_wrist_put_the_bag_on_the_tray.png,recap.png,50,0,374,375,34.1978021978022,12.351648351648352,-9.186813186813186,75.42857142857143,-0.21978021978021978,12.123287671232877,33.48820877075195,22.43413543701172,-13.855934143066406,72.08181762695312,-0.7913370132446289,31.399951934814453
061_bag,put the bag on the tray,16,1,347,13.718,1788427244.5310273,00015_front_put_the_bag_on_the_tray.png,00015_wrist_put_the_bag_on_the_tray.png,recap.png,50,1,375,376,34.1978021978022,12.351648351648352,-9.186813186813186,75.42857142857143,-0.21978021978021978,12.123287671232877,33.3981819152832,22.569656372070312,-13.512733459472656,72.2017822265625,-0.5193939208984375,32.52830505371094
061_bag,put the bag on the tray,16,1,347,13.718,1788427244.5310273,00015_front_put_the_bag_on_the_tray.png,00015_wrist_put_the_bag_on_the_tray.png,recap.png,50,2,376,377,34.1978021978022,12.351648351648352,-9.186813186813186,75.42857142857143,-0.21978021978021978,12.123287671232877,33.61317825317383,21.69068145751953,-13.549980163574219,72.75288391113281,-0.2685270309448242,33.25200653076172
061_bag,put the bag on the tray,16,1,347,13.718,1788427244.5310273,00015_front_put_the_bag_on_the_tray.png,00015_wrist_put_the_bag_on_the_tray.png,recap.png,50,3,377,378,34.1978021978022,12.351648351648352,-9.186813186813186,75.42857142857143,-0.21978021978021978,12.123287671232877,33.55690383911133,22.568626403808594,-13.51938247680664,73.11824035644531,-0.11330604553222656,33.79966354370117
061_bag,put the bag on the tray,16,1,347,13.718,1788427244.5310273,00015_front_put_the_bag_on_the_tray.png,00015_wrist_put_the_bag_on_the_tray.png,recap.png,50,4,378,379,34.1978021978022,12.351648351648352,-9.186813186813186,75.42857142857143,-0.21978021978021978,12.123287671232877,33.59331130981445,21.935340881347656,-13.531200408935547,73.5067138671875,0.04186058044433594,34.16246032714844
061_bag,put the bag on the tray,16,1,347,13.718,1788427244.5310273,00015_front_put_the_bag_on_the_tray.png,00015_wrist_put_the_bag_on_the_tray.png,recap.png,50,5,379,380,34.1978021978022,12.351648351648352,-9.186813186813186,75.42857142857143,-0.21978021978021978,12.123287671232877,33.81724166870117,21.824661254882812,-13.802871704101562,73.92073822021484,0.04979896545410156,34.48977279663086
061_bag,put the bag on the tray,16,1,347,13.718,1788427244.5310273,00015_front_put_the_bag_on_the_tray.png,00015_wrist_put_the_bag_on_the_tray.png,recap.png,50,6,380,381,34.1978021978022,12.351648351648352,-9.186813186813186,75.42857142857143,-0.21978021978021978,12.123287671232877,33.7844123840332,21.6016845703125,-13.616203308105469,74.2107925415039,0.2783842086791992,34.569007873535156
061_bag,put the bag on the tray,16,1,347,13.718,1788427244.5310273,00015_front_put_the_bag_on_the_tray.png,00015_wrist_put_the_bag_on_the_tray.png,recap.png,50,7,381,382,34.1978021978022,12.351648351648352,-9.186813186813186,75.42857142857143,-0.21978021978021978,12.123287671232877,33.884578704833984,21.45831298828125,-13.45245361328125,74.99359893798828,0.45455265045166016,34.47067642211914
061_bag,put the bag on the tray,16,1,347,13.718,1788427244.5310273,00015_front_put_the_bag_on_the_tray.png,00015_wrist_put_the_bag_on_the_tray.png,recap.png,50,8,382,383,34.1978021978022,12.351648351648352,-9.186813186813186,75.42857142857143,-0.21978021978021978,12.123287671232877,33.9001350402832,20.530410766601562,-14.27383041381836,75.33949279785156,0.5626583099365234,34.20766830444336
061_bag,put the bag on the tray,16,1,347,13.718,1788427244.5310273,00015_front_put_the_bag_on_the_tray.png,00015_wrist_put_the_bag_on_the_tray.png,recap.png,50,9,383,384,34.1978021978022,12.351648351648352,-9.186813186813186,75.42857142857143,-0.21978021978021978,12.123287671232877,33.88129806518555,20.40637969970703,-13.53759765625,75.71954345703125,0.5636472702026367,34.06123733520508
061_bag,put the bag on the tray,16,1,347,13.718,1788427244.5310273,00015_front_put_the_bag_on_the_tray.png,00015_wrist_put_the_bag_on_the_tray.png,recap.png,50,10,384,385,34.1978021978022,12.351648351648352,-9.186813186813186,75.42857142857143,-0.21978021978021978,12.123287671232877,34.07168197631836,19.260108947753906,-13.81496810913086,76.28324890136719,0.6016111373901367,33.84783935546875
061_bag,put the bag on the tray,16,1,347,13.718,1788427244.5310273,00015_front_put_the_bag_on_the_tray.png,00015_wrist_put_the_bag_on_the_tray.png,recap.png,50,11,385,386,34.1978021978022,12.351648351648352,-9.186813186813186,75.42857142857143,-0.21978021978021978,12.123287671232877,34.25771713256836,19.182289123535156,-14.083423614501953,76.91896057128906,0.7160825729370117,33.732906341552734
061_bag,put the bag on the tray,16,1,347,13.718,1788427244.5310273,00015_front_put_the_bag_on_the_tray.png,00015_wrist_put_the_bag_on_the_tray.png,recap.png,50,12,386,387,34.1978021978022,12.351648351648352,-9.186813186813186,75.42857142857143,-0.21978021978021978,12.123287671232877,34.06418991088867,17.796241760253906,-14.28342056274414,77.68330383300781,0.7183055877685547,33.61588668823242
061_bag,put the bag on the tray,16,1,347,13.718,1788427244.5310273,00015_front_put_the_bag_on_the_tray.png,00015_wrist_put_the_bag_on_the_tray.png,recap.png,50,13,387,388,34.1978021978022,12.351648351648352,-9.186813186813186,75.42857142857143,-0.21978021978021978,12.123287671232877,34.37013626098633,16.313560485839844,-13.427879333496094,78.76593780517578,0.7816696166992188,33.57240676879883
061_bag,put the bag on the tray,16,1,347,13.718,1788427244.5310273,00015_front_put_the_bag_on_the_tray.png,00015_wrist_put_the_bag_on_the_tray.png,recap.png,50,14,388,389,34.1978021978022,12.351648351648352,-9.186813186813186,75.42857142857143,-0.21978021978021978,12.123287671232877,33.75886917114258,15.280235290527344,-13.689083099365234,79.63975524902344,0.8031377792358398,33.856170654296875
061_bag,put the bag on the tray,16,1,347,13.718,1788427244.5310273,00015_front_put_the_bag_on_the_tray.png,00015_wrist_put_the_bag_on_the_tray.png,recap.png,50,15,389,390,34.1978021978022,12.351648351648352,-9.186813186813186,75.42857142857143,-0.21978021978021978,12.123287671232877,33.73966598510742,13.943138122558594,-13.376640319824219,80.54621887207031,0.8548784255981445,33.95567321777344
061_bag,put the bag on the tray,16,1,347,13.718,1788427244.5310273,00015_front_put_the_bag_on_the_tray.png,00015_wrist_put_the_bag_on_the_tray.png,recap.png,50,16,390,391,34.1978021978022,12.351648351648352,-9.186813186813186,75.42857142857143,-0.21978021978021978,12.123287671232877,33.40847396850586,13.168319702148438,-14.078262329101562,81.4334487915039,0.9611063003540039,34.12885665893555
061_bag,put the bag on the tray,16,1,347,13.718,1788427244.5310273,00015_front_put_the_bag_on_the_tray.png,00015_wrist_put_the_bag_on_the_tray.png,recap.png,50,17,391,392,34.1978021978022,12.351648351648352,-9.186813186813186,75.42857142857143,-0.21978021978021978,12.123287671232877,33.22771072387695,11.818626403808594,-12.920486450195312,82.29914855957031,0.9196462631225586,34.32677459716797
061_bag,put the bag on the tray,16,1,347,13.718,1788427244.5310273,00015_front_put_the_bag_on_the_tray.png,00015_wrist_put_the_bag_on_the_tray.png,recap.png,50,18,392,393,34.1978021978022,12.351648351648352,-9.186813186813186,75.42857142857143,-0.21978021978021978,12.123287671232877,32.884151458740234,10.514091491699219,-13.01314926147461,83.28600311279297,1.0807428359985352,34.323265075683594
061_bag,put the bag on the tray,16,1,347,13.718,1788427244.5310273,00015_front_put_the_bag_on_the_tray.png,00015_wrist_put_the_bag_on_the_tray.png,recap.png,50,19,393,394,34.1978021978022,12.351648351648352,-9.186813186813186,75.42857142857143,-0.21978021978021978,12.123287671232877,32.52384567260742,10.123222351074219,-13.535964965820312,84.23212432861328,1.0917224884033203,34.3336296081543
061_bag,put the bag on the tray,16,1,347,13.718,1788427244.5310273,00015_front_put_the_bag_on_the_tray.png,00015_wrist_put_the_bag_on_the_tray.png,recap.png,50,20,394,395,34.1978021978022,12.351648351648352,-9.186813186813186,75.42857142857143,-0.21978021978021978,12.123287671232877,31.91775131225586,8.811553955078125,-13.074817657470703,85.10038757324219,1.0482797622680664,34.27040100097656
061_bag,put the bag on the tray,16,1,347,13.718,1788427244.5310273,00015_front_put_the_bag_on_the_tray.png,00015_wrist_put_the_bag_on_the_tray.png,recap.png,50,21,395,396,34.1978021978022,12.351648351648352,-9.186813186813186,75.42857142857143,-0.21978021978021978,12.123287671232877,31.363704681396484,8.298934936523438,-12.936500549316406,86.02228546142578,1.2674179077148438,34.32987594604492
061_bag,put the bag on the tray,16,1,347,13.718,1788427244.5310273,00015_front_put_the_bag_on_the_tray.png,00015_wrist_put_the_bag_on_the_tray.png,recap.png,50,22,396,397,34.1978021978022,12.351648351648352,-9.186813186813186,75.42857142857143,-0.21978021978021978,12.123287671232877,30.81863021850586,7.028465270996094,-13.244709014892578,87.0521011352539,1.3201379776000977,34.36749267578125
061_bag,put the bag on the tray,17,1,373,14.689,1788427245.500733,00016_front_put_the_bag_on_the_tray.png,00016_wrist_put_the_bag_on_the_tray.png,recap.png,50,0,397,398,35.86813186813187,19.032967032967033,-9.098901098901099,68.21978021978022,3.120879120879121,12.123287671232877,37.15192794799805,24.095199584960938,-16.602985382080078,73.8867416381836,4.77879524230957,32.901058197021484
061_bag,put the bag on the tray,17,1,373,14.689,1788427245.500733,00016_front_put_the_bag_on_the_tray.png,00016_wrist_put_the_bag_on_the_tray.png,recap.png,50,1,398,399,35.86813186813187,19.032967032967033,-9.098901098901099,68.21978021978022,3.120879120879121,12.123287671232877,37.04750442504883,24.10694122314453,-16.744853973388672,74.47703552246094,4.963249206542969,33.26390075683594
061_bag,put the bag on the tray,17,1,373,14.689,1788427245.500733,00016_front_put_the_bag_on_the_tray.png,00016_wrist_put_the_bag_on_the_tray.png,recap.png,50,2,399,400,35.86813186813187,19.032967032967033,-9.098901098901099,68.21978021978022,3.120879120879121,12.123287671232877,36.95298385620117,24.184654235839844,-17.129032135009766,75.1333236694336,5.173017501831055,33.602882385253906
061_bag,put the bag on the tray,17,1,373,14.689,1788427245.500733,00016_front_put_the_bag_on_the_tray.png,00016_wrist_put_the_bag_on_the_tray.png,recap.png,50,3,400,401,35.86813186813187,19.032967032967033,-9.098901098901099,68.21978021978022,3.120879120879121,12.123287671232877,37.2796745300293,24.092323303222656,-17.068828582763672,75.84642791748047,5.112524032592773,33.69070053100586
061_bag,put the bag on the tray,17,1,373,14.689,1788427245.500733,00016_front_put_the_bag_on_the_tray.png,00016_wrist_put_the_bag_on_the_tray.png,recap.png,50,4,401,402,35.86813186813187,19.032967032967033,-9.098901098901099,68.21978021978022,3.120879120879121,12.123287671232877,36.68423843383789,23.146835327148438,-17.303871154785156,76.7662582397461,5.395009994506836,34.1046142578125
061_bag,put the bag on the tray,17,1,373,14.689,1788427245.500733,00016_front_put_the_bag_on_the_tray.png,00016_wrist_put_the_bag_on_the_tray.png,recap.png,50,5,402,403,35.86813186813187,19.032967032967033,-9.098901098901099,68.21978021978022,3.120879120879121,12.123287671232877,36.61445999145508,22.90472412109375,-17.168357849121094,77.47795867919922,5.518840789794922,34.34782028198242
061_bag,put the bag on the tray,17,1,373,14.689,1788427245.500733,00016_front_put_the_bag_on_the_tray.png,00016_wrist_put_the_bag_on_the_tray.png,recap.png,50,6,403,404,35.86813186813187,19.032967032967033,-9.098901098901099,68.21978021978022,3.120879120879121,12.123287671232877,36.50045394897461,22.90613555908203,-17.920204162597656,78.51737213134766,5.728099822998047,34.53135681152344
061_bag,put the bag on the tray,17,1,373,14.689,1788427245.500733,00016_front_put_the_bag_on_the_tray.png,00016_wrist_put_the_bag_on_the_tray.png,recap.png,50,7,404,405,35.86813186813187,19.032967032967033,-9.098901098901099,68.21978021978022,3.120879120879121,12.123287671232877,36.24531936645508,22.044692993164062,-17.24081039428711,79.50129699707031,5.776161193847656,34.87706756591797
061_bag,put the bag on the tray,17,1,373,14.689,1788427245.500733,00016_front_put_the_bag_on_the_tray.png,00016_wrist_put_the_bag_on_the_tray.png,recap.png,50,8,405,406,35.86813186813187,19.032967032967033,-9.098901098901099,68.21978021978022,3.120879120879121,12.123287671232877,35.87686538696289,21.20281982421875,-17.649192810058594,80.5615463256836,5.908782958984375,35.04362106323242
061_bag,put the bag on the tray,17,1,373,14.689,1788427245.500733,00016_front_put_the_bag_on_the_tray.png,00016_wrist_put_the_bag_on_the_tray.png,recap.png,50,9,406,407,35.86813186813187,19.032967032967033,-9.098901098901099,68.21978021978022,3.120879120879121,12.123287671232877,35.512454986572266,20.44416046142578,-18.360881805419922,81.72843933105469,5.943626403808594,35.107852935791016
061_bag,put the bag on the tray,17,1,373,14.689,1788427245.500733,00016_front_put_the_bag_on_the_tray.png,00016_wrist_put_the_bag_on_the_tray.png,recap.png,50,10,407,408,35.86813186813187,19.032967032967033,-9.098901098901099,68.21978021978022,3.120879120879121,12.123287671232877,35.15745162963867,19.730728149414062,-17.929542541503906,82.94404602050781,5.92125129699707,35.010440826416016
061_bag,put the bag on the tray,17,1,373,14.689,1788427245.500733,00016_front_put_the_bag_on_the_tray.png,00016_wrist_put_the_bag_on_the_tray.png,recap.png,50,11,408,409,35.86813186813187,19.032967032967033,-9.098901098901099,68.21978021978022,3.120879120879121,12.123287671232877,34.90861129760742,18.494232177734375,-18.287433624267578,84.0609359741211,6.020608901977539,34.96042251586914
061_bag,put the bag on the tray,17,1,373,14.689,1788427245.500733,00016_front_put_the_bag_on_the_tray.png,00016_wrist_put_the_bag_on_the_tray.png,recap.png,50,12,409,410,35.86813186813187,19.032967032967033,-9.098901098901099,68.21978021978022,3.120879120879121,12.123287671232877,34.46230697631836,17.333160400390625,-18.564796447753906,85.18607330322266,6.022912979125977,34.81411361694336
061_bag,put the bag on the tray,17,1,373,14.689,1788427245.500733,00016_front_put_the_bag_on_the_tray.png,00016_wrist_put_the_bag_on_the_tray.png,recap.png,50,13,410,411,35.86813186813187,19.032967032967033,-9.098901098901099,68.21978021978022,3.120879120879121,12.123287671232877,34.13814926147461,16.811614990234375,-18.41824722290039,86.35102844238281,6.055582046508789,34.93751525878906
061_bag,put the bag on the tray,17,1,373,14.689,1788427245.500733,00016_front_put_the_bag_on_the_tray.png,00016_wrist_put_the_bag_on_the_tray.png,recap.png,50,14,411,412,35.86813186813187,19.032967032967033,-9.098901098901099,68.21978021978022,3.120879120879121,12.123287671232877,33.612796783447266,15.221244812011719,-18.629501342773438,87.37275695800781,6.075178146362305,34.88568115234375
061_bag,put the bag on the tray,17,1,373,14.689,1788427245.500733,00016_front_put_the_bag_on_the_tray.png,00016_wrist_put_the_bag_on_the_tray.png,recap.png,50,15,412,413,35.86813186813187,19.032967032967033,-9.098901098901099,68.21978021978022,3.120879120879121,12.123287671232877,33.32185745239258,14.379844665527344,-18.36456298828125,88.43986511230469,6.1385040283203125,34.93976593017578
061_bag,put the bag on the tray,17,1,373,14.689,1788427245.500733,00016_front_put_the_bag_on_the_tray.png,00016_wrist_put_the_bag_on_the_tray.png,recap.png,50,16,413,414,35.86813186813187,19.032967032967033,-9.098901098901099,68.21978021978022,3.120879120879121,12.123287671232877,33.0070915222168,13.119590759277344,-18.348373413085938,89.35769653320312,6.184797286987305,35.067657470703125
061_bag,put the bag on the tray,17,1,373,14.689,1788427245.500733,00016_front_put_the_bag_on_the_tray.png,00016_wrist_put_the_bag_on_the_tray.png,recap.png,50,17,414,415,35.86813186813187,19.032967032967033,-9.098901098901099,68.21978021978022,3.120879120879121,12.123287671232877,32.457828521728516,12.313362121582031,-18.393878936767578,89.94751739501953,6.160215377807617,35.060150146484375
061_bag,put the bag on the tray,17,1,373,14.689,1788427245.500733,00016_front_put_the_bag_on_the_tray.png,00016_wrist_put_the_bag_on_the_tray.png,recap.png,50,18,415,416,35.86813186813187,19.032967032967033,-9.098901098901099,68.21978021978022,3.120879120879121,12.123287671232877,32.397579193115234,10.899116516113281,-17.61490249633789,90.4645004272461,6.262643814086914,35.20886993408203
061_bag,put the bag on the tray,17,1,373,14.689,1788427245.500733,00016_front_put_the_bag_on_the_tray.png,00016_wrist_put_the_bag_on_the_tray.png,recap.png,50,19,416,417,35.86813186813187,19.032967032967033,-9.098901098901099,68.21978021978022,3.120879120879121,12.123287671232877,31.76431655883789,10.220352172851562,-16.941932678222656,90.62480163574219,6.219297409057617,35.39501190185547
061_bag,put the bag on the tray,17,1,373,14.689,1788427245.500733,00016_front_put_the_bag_on_the_tray.png,00016_wrist_put_the_bag_on_the_tray.png,recap.png,50,20,417,418,35.86813186813187,19.032967032967033,-9.098901098901099,68.21978021978022,3.120879120879121,12.123287671232877,31.342262268066406,9.010208129882812,-16.815292358398438,90.83804321289062,6.399873733520508,35.649234771728516
061_bag,put the bag on the tray,17,1,373,14.689,1788427245.500733,00016_front_put_the_bag_on_the_tray.png,00016_wrist_put_the_bag_on_the_tray.png,recap.png,50,21,418,419,35.86813186813187,19.032967032967033,-9.098901098901099,68.21978021978022,3.120879120879121,12.123287671232877,30.692676544189453,7.710395812988281,-15.61593246459961,90.94194030761719,6.357210159301758,35.95734405517578
061_bag,put the bag on the tray,17,1,373,14.689,1788427245.500733,00016_front_put_the_bag_on_the_tray.png,00016_wrist_put_the_bag_on_the_tray.png,recap.png,50,22,419,420,35.86813186813187,19.032967032967033,-9.098901098901099,68.21978021978022,3.120879120879121,12.123287671232877,29.998920440673828,5.838348388671875,-14.151885986328125,91.36144256591797,6.456388473510742,36.13944625854492
061_bag,put the bag on the tray,17,1,373,14.689,1788427245.500733,00016_front_put_the_bag_on_the_tray.png,00016_wrist_put_the_bag_on_the_tray.png,recap.png,50,23,420,421,35.86813186813187,19.032967032967033,-9.098901098901099,68.21978021978022,3.120879120879121,12.123287671232877,29.135738372802734,4.2065887451171875,-13.596179962158203,91.51739501953125,6.529621124267578,36.10853576660156
061_bag,put the bag on the tray,17,1,373,14.689,1788427245.500733,00016_front_put_the_bag_on_the_tray.png,00016_wrist_put_the_bag_on_the_tray.png,recap.png,50,24,421,422,35.86813186813187,19.032967032967033,-9.098901098901099,68.21978021978022,3.120879120879121,12.123287671232877,28.308757781982422,2.88897705078125,-12.124889373779297,91.78742980957031,6.469911575317383,36.15987777709961
061_bag,put the bag on the tray,17,1,373,14.689,1788427245.500733,00016_front_put_the_bag_on_the_tray.png,00016_wrist_put_the_bag_on_the_tray.png,recap.png,50,25,422,423,35.86813186813187,19.032967032967033,-9.098901098901099,68.21978021978022,3.120879120879121,12.123287671232877,27.51026153564453,1.1319503784179688,-11.623565673828125,91.83857727050781,6.656341552734375,35.95344161987305
061_bag,put the bag on the tray,18,1,396,15.491,1788427246.3031573,00017_front_put_the_bag_on_the_tray.png,00017_wrist_put_the_bag_on_the_tray.png,recap.png,50,0,423,424,32.7032967032967,13.23076923076923,-11.912087912087912,83.95604395604396,0.5714285714285714,34.04109589041096,4.138031005859375,-45.327728271484375,33.38360595703125,78.85420227050781,4.264074325561523,1.999323844909668
061_bag,put the bag on the tray,18,1,396,15.491,1788427246.3031573,00017_front_put_the_bag_on_the_tray.png,00017_wrist_put_the_bag_on_the_tray.png,recap.png,50,1,424,425,32.7032967032967,13.23076923076923,-11.912087912087912,83.95604395604396,0.5714285714285714,34.04109589041096,3.4114151000976562,-46.98460388183594,35.6070556640625,78.44103240966797,4.183889389038086,1.82578444480896
061_bag,put the bag on the tray,18,1,396,15.491,1788427246.3031573,00017_front_put_the_bag_on_the_tray.png,00017_wrist_put_the_bag_on_the_tray.png,recap.png,50,2,425,426,32.7032967032967,13.23076923076923,-11.912087912087912,83.95604395604396,0.5714285714285714,34.04109589041096,2.6383132934570312,-48.71980285644531,37.05790710449219,78.0595932006836,4.105224609375,1.7257146835327148
061_bag,put the bag on the tray,18,1,396,15.491,1788427246.3031573,00017_front_put_the_bag_on_the_tray.png,00017_wrist_put_the_bag_on_the_tray.png,recap.png,50,3,426,427,32.7032967032967,13.23076923076923,-11.912087912087912,83.95604395604396,0.5714285714285714,34.04109589041096,1.8793907165527344,-50.107032775878906,38.83953094482422,77.58540344238281,4.083503723144531,1.6865003108978271
061_bag,put the bag on the tray,18,1,396,15.491,1788427246.3031573,00017_front_put_the_bag_on_the_tray.png,00017_wrist_put_the_bag_on_the_tray.png,recap.png,50,4,427,428,32.7032967032967,13.23076923076923,-11.912087912087912,83.95604395604396,0.5714285714285714,34.04109589041096,1.4055595397949219,-52.544639587402344,40.9847412109375,77.32049560546875,4.281518936157227,1.445197343826294
061_bag,put the bag on the tray,18,1,396,15.491,1788427246.3031573,00017_front_put_the_bag_on_the_tray.png,00017_wrist_put_the_bag_on_the_tray.png,recap.png,50,5,428,429,32.7032967032967,13.23076923076923,-11.912087912087912,83.95604395604396,0.5714285714285714,34.04109589041096,0.5857315063476562,-54.00846481323242,42.52918243408203,76.5212173461914,4.357076644897461,1.3895187377929688
061_bag,put the bag on the tray,18,1,396,15.491,1788427246.3031573,00017_front_put_the_bag_on_the_tray.png,00017_wrist_put_the_bag_on_the_tray.png,recap.png,50,6,429,430,32.7032967032967,13.23076923076923,-11.912087912087912,83.95604395604396,0.5714285714285714,34.04109589041096,-0.02449798583984375,-56.63672637939453,44.762481689453125,75.69456481933594,4.615129470825195,1.3103082180023193
061_bag,put the bag on the tray,18,1,396,15.491,1788427246.3031573,00017_front_put_the_bag_on_the_tray.png,00017_wrist_put_the_bag_on_the_tray.png,recap.png,50,7,430,431,32.7032967032967,13.23076923076923,-11.912087912087912,83.95604395604396,0.5714285714285714,34.04109589041096,-0.11938095092773438,-57.829586029052734,45.99297332763672,75.14250183105469,4.752429962158203,1.2595868110656738
061_bag,put the bag on the tray,18,1,396,15.491,1788427246.3031573,00017_front_put_the_bag_on_the_tray.png,00017_wrist_put_the_bag_on_the_tray.png,recap.png,50,8,431,432,32.7032967032967,13.23076923076923,-11.912087912087912,83.95604395604396,0.5714285714285714,34.04109589041096,-0.419647216796875,-59.91718292236328,47.92894744873047,74.29581451416016,4.837575912475586,1.062852382659912
061_bag,put the bag on the tray,18,1,396,15.491,1788427246.3031573,00017_front_put_the_bag_on_the_tray.png,00017_wrist_put_the_bag_on_the_tray.png,recap.png,50,9,432,433,32.7032967032967,13.23076923076923,-11.912087912087912,83.95604395604396,0.5714285714285714,34.04109589041096,-0.49636268615722656,-61.50254821777344,49.905174255371094,73.83216857910156,4.979188919067383,1.0921473503112793
061_bag,put the bag on the tray,18,1,396,15.491,1788427246.3031573,00017_front_put_the_bag_on_the_tray.png,00017_wrist_put_the_bag_on_the_tray.png,recap.png,50,10,433,434,32.7032967032967,13.23076923076923,-11.912087912087912,83.95604395604396,0.5714285714285714,34.04109589041096,-0.9526329040527344,-63.27880859375,51.36705017089844,72.99209594726562,5.172187805175781,0.969846785068512
061_bag,put the bag on the tray,18,1,396,15.491,1788427246.3031573,00017_front_put_the_bag_on_the_tray.png,00017_wrist_put_the_bag_on_the_tray.png,recap.png,50,11,434,435,32.7032967032967,13.23076923076923,-11.912087912087912,83.95604395604396,0.5714285714285714,34.04109589041096,-1.0282154083251953,-65.1357421875,53.22233581542969,72.1598892211914,5.390911102294922,1.0905306339263916
061_bag,put the bag on the tray,18,1,396,15.491,1788427246.3031573,00017_front_put_the_bag_on_the_tray.png,00017_wrist_put_the_bag_on_the_tray.png,recap.png,50,12,435,436,32.7032967032967,13.23076923076923,-11.912087912087912,83.95604395604396,0.5714285714285714,34.04109589041096,-1.0428962707519531,-67.09323120117188,55.535987854003906,71.66498565673828,5.558063507080078,1.1508350372314453
061_bag,put the bag on the tray,18,1,396,15.491,1788427246.3031573,00017_front_put_the_bag_on_the_tray.png,00017_wrist_put_the_bag_on_the_tray.png,recap.png,50,13,436,437,32.7032967032967,13.23076923076923,-11.912087912087912,83.95604395604396,0.5714285714285714,34.04109589041096,-0.9624042510986328,-68.56026458740234,57.142333984375,70.89363098144531,5.654815673828125,1.0116188526153564
061_bag,put the bag on the tray,18,1,396,15.491,1788427246.3031573,00017_front_put_the_bag_on_the_tray.png,00017_wrist_put_the_bag_on_the_tray.png,recap.png,50,14,437,438,32.7032967032967,13.23076923076923,-11.912087912087912,83.95604395604396,0.5714285714285714,34.04109589041096,-1.1651725769042969,-70.04864501953125,58.45025634765625,70.40569305419922,5.686992645263672,0.9883461594581604
061_bag,put the bag on the tray,18,1,396,15.491,1788427246.3031573,00017_front_put_the_bag_on_the_tray.png,00017_wrist_put_the_bag_on_the_tray.png,recap.png,50,15,438,439,32.7032967032967,13.23076923076923,-11.912087912087912,83.95604395604396,0.5714285714285714,34.04109589041096,-0.9432163238525391,-70.92082214355469,59.356544494628906,69.997314453125,5.556722640991211,0.9796631336212158
061_bag,put the bag on the tray,18,1,396,15.491,1788427246.3031573,00017_front_put_the_bag_on_the_tray.png,00017_wrist_put_the_bag_on_the_tray.png,recap.png,50,16,439,440,32.7032967032967,13.23076923076923,-11.912087912087912,83.95604395604396,0.5714285714285714,34.04109589041096,-1.2187862396240234,-73.4405288696289,61.503761291503906,69.4398193359375,5.561367034912109,0.9391019940376282
061_bag,put the bag on the tray,18,1,396,15.491,1788427246.3031573,00017_front_put_the_bag_on_the_tray.png,00017_wrist_put_the_bag_on_the_tray.png,recap.png,50,17,440,441,32.7032967032967,13.23076923076923,-11.912087912087912,83.95604395604396,0.5714285714285714,34.04109589041096,-1.2023639678955078,-74.95416259765625,62.977752685546875,68.91787719726562,5.452814102172852,0.9686784744262695
061_bag,put the bag on the tray,18,1,396,15.491,1788427246.3031573,00017_front_put_the_bag_on_the_tray.png,00017_wrist_put_the_bag_on_the_tray.png,recap.png,50,18,441,442,32.7032967032967,13.23076923076923,-11.912087912087912,83.95604395604396,0.5714285714285714,34.04109589041096,-1.2233619689941406,-76.77210235595703,65.06480407714844,68.41907501220703,5.427448272705078,0.9269542694091797
061_bag,put the bag on the tray,18,1,396,15.491,1788427246.3031573,00017_front_put_the_bag_on_the_tray.png,00017_wrist_put_the_bag_on_the_tray.png,recap.png,50,19,442,443,32.7032967032967,13.23076923076923,-11.912087912087912,83.95604395604396,0.5714285714285714,34.04109589041096,-1.1091041564941406,-78.62557983398438,66.1524887084961,67.81468200683594,5.456541061401367,0.9890386462211609
061_bag,put the bag on the tray,18,1,396,15.491,1788427246.3031573,00017_front_put_the_bag_on_the_tray.png,00017_wrist_put_the_bag_on_the_tray.png,recap.png,50,20,443,444,32.7032967032967,13.23076923076923,-11.912087912087912,83.95604395604396,0.5714285714285714,34.04109589041096,-1.0782623291015625,-80.5531005859375,68.81710815429688,67.4046859741211,5.026880264282227,0.8882837891578674
061_bag,put the bag on the tray,18,1,396,15.491,1788427246.3031573,00017_front_put_the_bag_on_the_tray.png,00017_wrist_put_the_bag_on_the_tray.png,recap.png,50,21,444,445,32.7032967032967,13.23076923076923,-11.912087912087912,83.95604395604396,0.5714285714285714,34.04109589041096,-0.9457874298095703,-81.81766510009766,70.35643768310547,66.98637390136719,4.4415435791015625,0.9804225564002991
061_bag,put the bag on the tray,18,1,396,15.491,1788427246.3031573,00017_front_put_the_bag_on_the_tray.png,00017_wrist_put_the_bag_on_the_tray.png,recap.png,50,22,445,446,32.7032967032967,13.23076923076923,-11.912087912087912,83.95604395604396,0.5714285714285714,34.04109589041096,-1.0134048461914062,-83.38365173339844,72.28488159179688,66.53361511230469,3.8391571044921875,1.1418375968933105
061_bag,put the bag on the tray,19,1,422,16.528,1788427247.3412971,00018_front_put_the_bag_on_the_tray.png,00018_wrist_put_the_bag_on_the_tray.png,recap.png,50,0,446,447,30.24175824175824,9.098901098901099,-13.582417582417582,91.07692307692308,5.934065934065934,35.68493150684932,2.7650604248046875,-44.42722702026367,29.601226806640625,79.79277038574219,7.672231674194336,2.46952486038208
061_bag,put the bag on the tray,19,1,422,16.528,1788427247.3412971,00018_front_put_the_bag_on_the_tray.png,00018_wrist_put_the_bag_on_the_tray.png,recap.png,50,1,447,448,30.24175824175824,9.098901098901099,-13.582417582417582,91.07692307692308,5.934065934065934,35.68493150684932,2.2756500244140625,-45.426902770996094,30.817596435546875,79.45973205566406,7.545286178588867,2.716390371322632
061_bag,put the bag on the tray,19,1,422,16.528,1788427247.3412971,00018_front_put_the_bag_on_the_tray.png,00018_wrist_put_the_bag_on_the_tray.png,recap.png,50,2,448,449,30.24175824175824,9.098901098901099,-13.582417582417582,91.07692307692308,5.934065934065934,35.68493150684932,1.5517044067382812,-47.451568603515625,33.48475646972656,79.20933532714844,7.560907363891602,2.9017269611358643
061_bag,put the bag on the tray,19,1,422,16.528,1788427247.3412971,00018_front_put_the_bag_on_the_tray.png,00018_wrist_put_the_bag_on_the_tray.png,recap.png,50,3,449,450,30.24175824175824,9.098901098901099,-13.582417582417582,91.07692307692308,5.934065934065934,35.68493150684932,1.0766448974609375,-48.31358337402344,34.390037536621094,78.6734848022461,7.554256439208984,3.0602452754974365
061_bag,put the bag on the tray,19,1,422,16.528,1788427247.3412971,00018_front_put_the_bag_on_the_tray.png,00018_wrist_put_the_bag_on_the_tray.png,recap.png,50,4,450,451,30.24175824175824,9.098901098901099,-13.582417582417582,91.07692307692308,5.934065934065934,35.68493150684932,0.4445075988769531,-50.22399139404297,36.556976318359375,78.18803405761719,7.486871719360352,3.1929261684417725
061_bag,put the bag on the tray,19,1,422,16.528,1788427247.3412971,00018_front_put_the_bag_on_the_tray.png,00018_wrist_put_the_bag_on_the_tray.png,recap.png,50,5,451,452,30.24175824175824,9.098901098901099,-13.582417582417582,91.07692307692308,5.934065934065934,35.68493150684932,-0.187957763671875,-52.358367919921875,39.07935333251953,77.68461608886719,7.569644927978516,3.2214882373809814
061_bag,put the bag on the tray,19,1,422,16.528,1788427247.3412971,00018_front_put_the_bag_on_the_tray.png,00018_wrist_put_the_bag_on_the_tray.png,recap.png,50,6,452,453,30.24175824175824,9.098901098901099,-13.582417582417582,91.07692307692308,5.934065934065934,35.68493150684932,-0.6220607757568359,-53.46078109741211,41.100189208984375,76.99068450927734,7.426797866821289,3.3166000843048096
061_bag,put the bag on the tray,19,1,422,16.528,1788427247.3412971,00018_front_put_the_bag_on_the_tray.png,00018_wrist_put_the_bag_on_the_tray.png,recap.png,50,7,453,454,30.24175824175824,9.098901098901099,-13.582417582417582,91.07692307692308,5.934065934065934,35.68493150684932,-1.1535186767578125,-55.508995056152344,43.122657775878906,76.43203735351562,7.325481414794922,3.2878053188323975
061_bag,put the bag on the tray,19,1,422,16.528,1788427247.3412971,00018_front_put_the_bag_on_the_tray.png,00018_wrist_put_the_bag_on_the_tray.png,recap.png,50,8,454,455,30.24175824175824,9.098901098901099,-13.582417582417582,91.07692307692308,5.934065934065934,35.68493150684932,-1.2802085876464844,-57.04951477050781,44.83934020996094,75.82987213134766,7.126987457275391,3.263007402420044
061_bag,put the bag on the tray,19,1,422,16.528,1788427247.3412971,00018_front_put_the_bag_on_the_tray.png,00018_wrist_put_the_bag_on_the_tray.png,recap.png,50,9,455,456,30.24175824175824,9.098901098901099,-13.582417582417582,91.07692307692308,5.934065934065934,35.68493150684932,-1.4093551635742188,-57.9116325378418,46.50342559814453,75.34262084960938,7.131767272949219,3.223991632461548
061_bag,put the bag on the tray,19,1,422,16.528,1788427247.3412971,00018_front_put_the_bag_on_the_tray.png,00018_wrist_put_the_bag_on_the_tray.png,recap.png,50,10,456,457,30.24175824175824,9.098901098901099,-13.582417582417582,91.07692307692308,5.934065934065934,35.68493150684932,-1.5265789031982422,-59.41699981689453,48.43290710449219,74.58348083496094,7.109607696533203,3.079543352127075
061_bag,put the bag on the tray,19,1,422,16.528,1788427247.3412971,00018_front_put_the_bag_on_the_tray.png,00018_wrist_put_the_bag_on_the_tray.png,recap.png,50,11,457,458,30.24175824175824,9.098901098901099,-13.582417582417582,91.07692307692308,5.934065934065934,35.68493150684932,-1.9401016235351562,-61.65878677368164,50.56846618652344,73.81558990478516,7.148590087890625,2.812819242477417
061_bag,put the bag on the tray,19,1,422,16.528,1788427247.3412971,00018_front_put_the_bag_on_the_tray.png,00018_wrist_put_the_bag_on_the_tray.png,recap.png,50,12,458,459,30.24175824175824,9.098901098901099,-13.582417582417582,91.07692307692308,5.934065934065934,35.68493150684932,-1.8351993560791016,-63.23907470703125,52.742431640625,73.03429412841797,7.147214889526367,2.1736702919006348
061_bag,put the bag on the tray,19,1,422,16.528,1788427247.3412971,00018_front_put_the_bag_on_the_tray.png,00018_wrist_put_the_bag_on_the_tray.png,recap.png,50,13,459,460,30.24175824175824,9.098901098901099,-13.582417582417582,91.07692307692308,5.934065934065934,35.68493150684932,-1.6902637481689453,-64.4559326171875,54.182945251464844,72.39299011230469,7.012657165527344,1.2787892818450928
061_bag,put the bag on the tray,19,1,422,16.528,1788427247.3412971,00018_front_put_the_bag_on_the_tray.png,00018_wrist_put_the_bag_on_the_tray.png,recap.png,50,14,460,461,30.24175824175824,9.098901098901099,-13.582417582417582,91.07692307692308,5.934065934065934,35.68493150684932,-1.8683853149414062,-66.51470947265625,56.0972900390625,71.59979248046875,6.919406890869141,0.4726841449737549
061_bag,put the bag on the tray,19,1,422,16.528,1788427247.3412971,00018_front_put_the_bag_on_the_tray.png,00018_wrist_put_the_bag_on_the_tray.png,recap.png,50,15,461,462,30.24175824175824,9.098901098901099,-13.582417582417582,91.07692307692308,5.934065934065934,35.68493150684932,-1.7418479919433594,-68.1915283203125,58.25492858886719,71.16044616699219,6.822608947753906,0.021608948707580566
061_bag,put the bag on the tray,19,1,422,16.528,1788427247.3412971,00018_front_put_the_bag_on_the_tray.png,00018_wrist_put_the_bag_on_the_tray.png,recap.png,50,16,462,463,30.24175824175824,9.098901098901099,-13.582417582417582,91.07692307692308,5.934065934065934,35.68493150684932,-1.8298606872558594,-69.62301635742188,59.71794128417969,70.62184143066406,6.5991058349609375,-0.4744564890861511
061_bag,put the bag on the tray,19,1,422,16.528,1788427247.3412971,00018_front_put_the_bag_on_the_tray.png,00018_wrist_put_the_bag_on_the_tray.png,recap.png,50,17,463,464,30.24175824175824,9.098901098901099,-13.582417582417582,91.07692307692308,5.934065934065934,35.68493150684932,-2.020885467529297,-71.11296844482422,61.57121276855469,69.90697479248047,6.767343521118164,-0.30866870284080505
061_bag,put the bag on the tray,19,1,422,16.528,1788427247.3412971,00018_front_put_the_bag_on_the_tray.png,00018_wrist_put_the_bag_on_the_tray.png,recap.png,50,18,464,465,30.24175824175824,9.098901098901099,-13.582417582417582,91.07692307692308,5.934065934065934,35.68493150684932,-2.3028736114501953,-72.2444076538086,63.875030517578125,69.2779769897461,6.645252227783203,-0.07809017598628998
061_bag,put the bag on the tray,19,1,422,16.528,1788427247.3412971,00018_front_put_the_bag_on_the_tray.png,00018_wrist_put_the_bag_on_the_tray.png,recap.png,50,19,465,466,30.24175824175824,9.098901098901099,-13.582417582417582,91.07692307692308,5.934065934065934,35.68493150684932,-2.320770263671875,-73.76153564453125,65.24520111083984,68.38278198242188,6.603517532348633,0.05029531195759773
061_bag,put the bag on the tray,19,1,422,16.528,1788427247.3412971,00018_front_put_the_bag_on_the_tray.png,00018_wrist_put_the_bag_on_the_tray.png,recap.png,50,20,466,467,30.24175824175824,9.098901098901099,-13.582417582417582,91.07692307692308,5.934065934065934,35.68493150684932,-2.6584224700927734,-75.49128723144531,66.77996826171875,68.03416442871094,6.458002090454102,0.1398530900478363
061_bag,put the bag on the tray,19,1,422,16.528,1788427247.3412971,00018_front_put_the_bag_on_the_tray.png,00018_wrist_put_the_bag_on_the_tray.png,recap.png,50,21,467,468,30.24175824175824,9.098901098901099,-13.582417582417582,91.07692307692308,5.934065934065934,35.68493150684932,-2.7369022369384766,-76.36106872558594,67.5118637084961,68.07450866699219,6.174074172973633,0.10364676266908646
061_bag,put the bag on the tray,19,1,422,16.528,1788427247.3412971,00018_front_put_the_bag_on_the_tray.png,00018_wrist_put_the_bag_on_the_tray.png,recap.png,50,22,468,469,30.24175824175824,9.098901098901099,-13.582417582417582,91.07692307692308,5.934065934065934,35.68493150684932,-3.2248058319091797,-79.18952178955078,69.7338638305664,68.03926849365234,5.911949157714844,0.21121105551719666
061_bag,put the bag on the tray,19,1,422,16.528,1788427247.3412971,00018_front_put_the_bag_on_the_tray.png,00018_wrist_put_the_bag_on_the_tray.png,recap.png,50,23,469,470,30.24175824175824,9.098901098901099,-13.582417582417582,91.07692307692308,5.934065934065934,35.68493150684932,-3.320728302001953,-80.910888671875,71.09632110595703,68.29277038574219,5.701017379760742,0.10030738264322281
061_bag,put the bag on the tray,19,1,422,16.528,1788427247.3412971,00018_front_put_the_bag_on_the_tray.png,00018_wrist_put_the_bag_on_the_tray.png,recap.png,50,24,470,471,30.24175824175824,9.098901098901099,-13.582417582417582,91.07692307692308,5.934065934065934,35.68493150684932,-3.233165740966797,-82.18205261230469,71.93373107910156,68.33807373046875,5.419834136962891,0.16945183277130127
061_bag,put the bag on the tray,19,1,422,16.528,1788427247.3412971,00018_front_put_the_bag_on_the_tray.png,00018_wrist_put_the_bag_on_the_tray.png,recap.png,50,25,471,472,30.24175824175824,9.098901098901099,-13.582417582417582,91.07692307692308,5.934065934065934,35.68493150684932,-3.975362777709961,-83.98552703857422,72.85795593261719,68.44026184082031,5.380596160888672,0.2063942402601242
061_bag,put the bag on the tray,20,1,445,17.331,1788427248.144203,00019_front_put_the_bag_on_the_tray.png,00019_wrist_put_the_bag_on_the_tray.png,recap.png,50,0,472,473,-0.967032967032967,-77.93406593406593,66.85714285714286,68.74725274725274,5.054945054945055,1.2328767123287672,-3.448060989379883,-102.76115417480469,88.89762878417969,77.04658508300781,-1.2648439407348633,0.3777381181716919
061_bag,put the bag on the tray,20,1,445,17.331,1788427248.144203,00019_front_put_the_bag_on_the_tray.png,00019_wrist_put_the_bag_on_the_tray.png,recap.png,50,1,473,474,-0.967032967032967,-77.93406593406593,66.85714285714286,68.74725274725274,5.054945054945055,1.2328767123287672,-3.6296215057373047,-103.2464828491211,88.97468566894531,77.0275650024414,-1.1424636840820312,0.22875022888183594
061_bag,put the bag on the tray,20,1,445,17.331,1788427248.144203,00019_front_put_the_bag_on_the_tray.png,00019_wrist_put_the_bag_on_the_tray.png,recap.png,50,2,474,475,-0.967032967032967,-77.93406593406593,66.85714285714286,68.74725274725274,5.054945054945055,1.2328767123287672,-3.492727279663086,-103.54492950439453,89.53572082519531,77.26172637939453,-1.3543272018432617,0.4091191291809082
061_bag,put the bag on the tray,20,1,445,17.331,1788427248.144203,00019_front_put_the_bag_on_the_tray.png,00019_wrist_put_the_bag_on_the_tray.png,recap.png,50,3,475,476,-0.967032967032967,-77.93406593406593,66.85714285714286,68.74725274725274,5.054945054945055,1.2328767123287672,-3.394662857055664,-103.27838897705078,89.54736328125,77.33338928222656,-1.2533645629882812,0.2831447124481201
061_bag,put the bag on the tray,20,1,445,17.331,1788427248.144203,00019_front_put_the_bag_on_the_tray.png,00019_wrist_put_the_bag_on_the_tray.png,recap.png,50,4,476,477,-0.967032967032967,-77.93406593406593,66.85714285714286,68.74725274725274,5.054945054945055,1.2328767123287672,-3.4567012786865234,-101.89509582519531,89.82550048828125,77.20043182373047,-1.2575836181640625,0.26814407110214233
061_bag,put the bag on the tray,20,1,445,17.331,1788427248.144203,00019_front_put_the_bag_on_the_tray.png,00019_wrist_put_the_bag_on_the_tray.png,recap.png,50,5,477,478,-0.967032967032967,-77.93406593406593,66.85714285714286,68.74725274725274,5.054945054945055,1.2328767123287672,-3.499309539794922,-102.50511169433594,90.33760070800781,77.39149475097656,-1.3233461380004883,0.3612579107284546
061_bag,put the bag on the tray,20,1,445,17.331,1788427248.144203,00019_front_put_the_bag_on_the_tray.png,00019_wrist_put_the_bag_on_the_tray.png,recap.png,50,6,478,479,-0.967032967032967,-77.93406593406593,66.85714285714286,68.74725274725274,5.054945054945055,1.2328767123287672,-3.4337806701660156,-103.48824310302734,89.98686218261719,77.28520202636719,-1.2510919570922852,0.22724837064743042
061_bag,put the bag on the tray,20,1,445,17.331,1788427248.144203,00019_front_put_the_bag_on_the_tray.png,00019_wrist_put_the_bag_on_the_tray.png,recap.png,50,7,479,480,-0.967032967032967,-77.93406593406593,66.85714285714286,68.74725274725274,5.054945054945055,1.2328767123287672,-3.628185272216797,-101.54610443115234,89.57798767089844,77.58012390136719,-1.2148351669311523,0.6244856715202332
061_bag,put the bag on the tray,20,1,445,17.331,1788427248.144203,00019_front_put_the_bag_on_the_tray.png,00019_wrist_put_the_bag_on_the_tray.png,recap.png,50,8,480,481,-0.967032967032967,-77.93406593406593,66.85714285714286,68.74725274725274,5.054945054945055,1.2328767123287672,-3.1369876861572266,-102.98509979248047,90.17193603515625,77.45578002929688,-1.3306617736816406,0.4224384129047394
061_bag,put the bag on the tray,20,1,445,17.331,1788427248.144203,00019_front_put_the_bag_on_the_tray.png,00019_wrist_put_the_bag_on_the_tray.png,recap.png,50,9,481,482,-0.967032967032967,-77.93406593406593,66.85714285714286,68.74725274725274,5.054945054945055,1.2328767123287672,-3.1775951385498047,-102.5288314819336,89.50979614257812,77.33486938476562,-1.3057861328125,0.3309156596660614
061_bag,put the bag on the tray,20,1,445,17.331,1788427248.144203,00019_front_put_the_bag_on_the_tray.png,00019_wrist_put_the_bag_on_the_tray.png,recap.png,50,10,482,483,-0.967032967032967,-77.93406593406593,66.85714285714286,68.74725274725274,5.054945054945055,1.2328767123287672,-3.41741943359375,-103.11683654785156,90.58259582519531,77.42774200439453,-1.2821836471557617,0.3802745044231415
061_bag,put the bag on the tray,20,1,445,17.331,1788427248.144203,00019_front_put_the_bag_on_the_tray.png,00019_wrist_put_the_bag_on_the_tray.png,recap.png,50,11,483,484,-0.967032967032967,-77.93406593406593,66.85714285714286,68.74725274725274,5.054945054945055,1.2328767123287672,-3.1046009063720703,-102.21881866455078,90.26933288574219,77.72840881347656,-1.4361515045166016,0.40775957703590393
061_bag,put the bag on the tray,20,1,445,17.331,1788427248.144203,00019_front_put_the_bag_on_the_tray.png,00019_wrist_put_the_bag_on_the_tray.png,recap.png,50,12,484,485,-0.967032967032967,-77.93406593406593,66.85714285714286,68.74725274725274,5.054945054945055,1.2328767123287672,-3.0124759674072266,-102.15229034423828,90.15988159179688,77.78672790527344,-1.3667058944702148,0.3925390839576721
061_bag,put the bag on the tray,20,1,445,17.331,1788427248.144203,00019_front_put_the_bag_on_the_tray.png,00019_wrist_put_the_bag_on_the_tray.png,recap.png,50,13,485,486,-0.967032967032967,-77.93406593406593,66.85714285714286,68.74725274725274,5.054945054945055,1.2328767123287672,-3.2132129669189453,-102.00344848632812,90.14480590820312,77.55612182617188,-1.29052734375,0.37943753600120544
061_bag,put the bag on the tray,20,1,445,17.331,1788427248.144203,00019_front_put_the_bag_on_the_tray.png,00019_wrist_put_the_bag_on_the_tray.png,recap.png,50,14,486,487,-0.967032967032967,-77.93406593406593,66.85714285714286,68.74725274725274,5.054945054945055,1.2328767123287672,-3.042705535888672,-102.23421478271484,89.61494445800781,77.62716674804688,-1.251760482788086,0.428557425737381
061_bag,put the bag on the tray,20,1,445,17.331,1788427248.144203,00019_front_put_the_bag_on_the_tray.png,00019_wrist_put_the_bag_on_the_tray.png,recap.png,50,15,487,488,-0.967032967032967,-77.93406593406593,66.85714285714286,68.74725274725274,5.054945054945055,1.2328767123287672,-3.1780776977539062,-102.37633514404297,89.58799743652344,77.61869812011719,-1.2295722961425781,0.36751922965049744
061_bag,put the bag on the tray,20,1,445,17.331,1788427248.144203,00019_front_put_the_bag_on_the_tray.png,00019_wrist_put_the_bag_on_the_tray.png,recap.png,50,16,488,489,-0.967032967032967,-77.93406593406593,66.85714285714286,68.74725274725274,5.054945054945055,1.2328767123287672,-3.042999267578125,-102.30069732666016,89.83027648925781,77.54486083984375,-1.2183666229248047,0.4236226975917816
061_bag,put the bag on the tray,20,1,445,17.331,1788427248.144203,00019_front_put_the_bag_on_the_tray.png,00019_wrist_put_the_bag_on_the_tray.png,recap.png,50,17,489,490,-0.967032967032967,-77.93406593406593,66.85714285714286,68.74725274725274,5.054945054945055,1.2328767123287672,-3.254087448120117,-102.2679443359375,89.93138122558594,77.56629180908203,-1.1156702041625977,0.45738184452056885
061_bag,put the bag on the tray,20,1,445,17.331,1788427248.144203,00019_front_put_the_bag_on_the_tray.png,00019_wrist_put_the_bag_on_the_tray.png,recap.png,50,18,490,491,-0.967032967032967,-77.93406593406593,66.85714285714286,68.74725274725274,5.054945054945055,1.2328767123287672,-3.2188549041748047,-102.38406372070312,90.44517517089844,77.54177856445312,-1.2521295547485352,0.4526808261871338
061_bag,put the bag on the tray,20,1,445,17.331,1788427248.144203,00019_front_put_the_bag_on_the_tray.png,00019_wrist_put_the_bag_on_the_tray.png,recap.png,50,19,491,492,-0.967032967032967,-77.93406593406593,66.85714285714286,68.74725274725274,5.054945054945055,1.2328767123287672,-3.260669708251953,-101.67308044433594,90.55477905273438,77.55503845214844,-1.2257757186889648,0.27192527055740356
061_bag,put the bag on the tray,20,1,445,17.331,1788427248.144203,00019_front_put_the_bag_on_the_tray.png,00019_wrist_put_the_bag_on_the_tray.png,recap.png,50,20,492,493,-0.967032967032967,-77.93406593406593,66.85714285714286,68.74725274725274,5.054945054945055,1.2328767123287672,-3.314971923828125,-101.71269226074219,89.93827819824219,77.48265075683594,-1.3577470779418945,0.3042006492614746
061_bag,put the bag on the tray,20,1,445,17.331,1788427248.144203,00019_front_put_the_bag_on_the_tray.png,00019_wrist_put_the_bag_on_the_tray.png,recap.png,50,21,493,494,-0.967032967032967,-77.93406593406593,66.85714285714286,68.74725274725274,5.054945054945055,1.2328767123287672,-3.1634044647216797,-101.84317016601562,89.57977294921875,77.50244903564453,-1.4862785339355469,0.4637356102466583
061_bag,put the bag on the tray,20,1,445,17.331,1788427248.144203,00019_front_put_the_bag_on_the_tray.png,00019_wrist_put_the_bag_on_the_tray.png,recap.png,50,22,494,495,-0.967032967032967,-77.93406593406593,66.85714285714286,68.74725274725274,5.054945054945055,1.2328767123287672,-3.0087127685546875,-102.2008285522461,89.96293640136719,77.45389556884766,-1.4800662994384766,0.42828550934791565
061_bag,put the bag on the tray,21,1,471,18.268,1788427249.083109,00020_front_put_the_bag_on_the_tray.png,00020_wrist_put_the_bag_on_the_tray.png,recap.png,50,0,495,496,-3.2527472527472527,-78.10989010989012,70.10989010989012,69.18681318681318,6.285714285714286,0.3424657534246575,-3.687467575073242,-101.22431182861328,87.5494384765625,76.71939849853516,-0.6281099319458008,-0.062024205923080444
061_bag,put the bag on the tray,21,1,471,18.268,1788427249.083109,00020_front_put_the_bag_on_the_tray.png,00020_wrist_put_the_bag_on_the_tray.png,recap.png,50,1,496,497,-3.2527472527472527,-78.10989010989012,70.10989010989012,69.18681318681318,6.285714285714286,0.3424657534246575,-3.687582015991211,-101.60782623291016,88.17022705078125,76.8892593383789,-0.5517339706420898,0.0022715702652931213
061_bag,put the bag on the tray,21,1,471,18.268,1788427249.083109,00020_front_put_the_bag_on_the_tray.png,00020_wrist_put_the_bag_on_the_tray.png,recap.png,50,2,497,498,-3.2527472527472527,-78.10989010989012,70.10989010989012,69.18681318681318,6.285714285714286,0.3424657534246575,-3.7783241271972656,-101.21485137939453,88.005615234375,77.0811538696289,-0.41875362396240234,0.01590736210346222
061_bag,put the bag on the tray,21,1,471,18.268,1788427249.083109,00020_front_put_the_bag_on_the_tray.png,00020_wrist_put_the_bag_on_the_tray.png,recap.png,50,3,498,499,-3.2527472527472527,-78.10989010989012,70.10989010989012,69.18681318681318,6.285714285714286,0.3424657534246575,-3.4472923278808594,-101.33963775634766,88.79328918457031,77.11270904541016,-0.2818784713745117,-0.10229218006134033
061_bag,put the bag on the tray,21,1,471,18.268,1788427249.083109,00020_front_put_the_bag_on_the_tray.png,00020_wrist_put_the_bag_on_the_tray.png,recap.png,50,4,499,500,-3.2527472527472527,-78.10989010989012,70.10989010989012,69.18681318681318,6.285714285714286,0.3424657534246575,-3.6305198669433594,-100.6689224243164,88.53164672851562,77.04736328125,0.0038652420043945312,-0.1994379162788391
061_bag,put the bag on the tray,21,1,471,18.268,1788427249.083109,00020_front_put_the_bag_on_the_tray.png,00020_wrist_put_the_bag_on_the_tray.png,recap.png,50,5,500,501,-3.2527472527472527,-78.10989010989012,70.10989010989012,69.18681318681318,6.285714285714286,0.3424657534246575,-3.4788436889648438,-100.5396499633789,88.77105712890625,77.08685302734375,0.10905647277832031,-0.27816396951675415
061_bag,put the bag on the tray,21,1,471,18.268,1788427249.083109,00020_front_put_the_bag_on_the_tray.png,00020_wrist_put_the_bag_on_the_tray.png,recap.png,50,6,501,502,-3.2527472527472527,-78.10989010989012,70.10989010989012,69.18681318681318,6.285714285714286,0.3424657534246575,-3.394216537475586,-100.71463012695312,89.55305480957031,77.27764892578125,0.13700008392333984,-0.256751149892807
061_bag,put the bag on the tray,21,1,471,18.268,1788427249.083109,00020_front_put_the_bag_on_the_tray.png,00020_wrist_put_the_bag_on_the_tray.png,recap.png,50,7,502,503,-3.2527472527472527,-78.10989010989012,70.10989010989012,69.18681318681318,6.285714285714286,0.3424657534246575,-3.451862335205078,-100.67704772949219,89.21432495117188,77.09606170654297,0.28736400604248047,-0.2291927933692932
061_bag,put the bag on the tray,21,1,471,18.268,1788427249.083109,00020_front_put_the_bag_on_the_tray.png,00020_wrist_put_the_bag_on_the_tray.png,recap.png,50,8,503,504,-3.2527472527472527,-78.10989010989012,70.10989010989012,69.18681318681318,6.285714285714286,0.3424657534246575,-3.2567176818847656,-100.4629135131836,89.33326721191406,76.98805236816406,0.36602306365966797,-0.24089547991752625
061_bag,put the bag on the tray,21,1,471,18.268,1788427249.083109,00020_front_put_the_bag_on_the_tray.png,00020_wrist_put_the_bag_on_the_tray.png,recap.png,50,9,504,505,-3.2527472527472527,-78.10989010989012,70.10989010989012,69.18681318681318,6.285714285714286,0.3424657534246575,-2.9005393981933594,-100.23430633544922,89.52735900878906,77.09381103515625,0.3486948013305664,-0.31037238240242004
061_bag,put the bag on the tray,21,1,471,18.268,1788427249.083109,00020_front_put_the_bag_on_the_tray.png,00020_wrist_put_the_bag_on_the_tray.png,recap.png,50,10,505,506,-3.2527472527472527,-78.10989010989012,70.10989010989012,69.18681318681318,6.285714285714286,0.3424657534246575,-3.133699417114258,-100.68536376953125,89.78263854980469,77.07205200195312,0.29918861389160156,-0.15789750218391418
061_bag,put the bag on the tray,21,1,471,18.268,1788427249.083109,00020_front_put_the_bag_on_the_tray.png,00020_wrist_put_the_bag_on_the_tray.png,recap.png,50,11,506,507,-3.2527472527472527,-78.10989010989012,70.10989010989012,69.18681318681318,6.285714285714286,0.3424657534246575,-3.0427398681640625,-101.12626647949219,89.82083129882812,76.63021850585938,0.28368568420410156,-0.40295517444610596
061_bag,put the bag on the tray,21,1,471,18.268,1788427249.083109,00020_front_put_the_bag_on_the_tray.png,00020_wrist_put_the_bag_on_the_tray.png,recap.png,50,12,507,508,-3.2527472527472527,-78.10989010989012,70.10989010989012,69.18681318681318,6.285714285714286,0.3424657534246575,-3.0579795837402344,-100.79568481445312,89.6600341796875,76.94204711914062,-0.10927867889404297,-0.193536639213562
061_bag,put the bag on the tray,21,1,471,18.268,1788427249.083109,00020_front_put_the_bag_on_the_tray.png,00020_wrist_put_the_bag_on_the_tray.png,recap.png,50,13,508,509,-3.2527472527472527,-78.10989010989012,70.10989010989012,69.18681318681318,6.285714285714286,0.3424657534246575,-3.37359619140625,-100.41707611083984,89.96658325195312,77.12208557128906,-0.40289783477783203,-0.20343157649040222
061_bag,put the bag on the tray,21,1,471,18.268,1788427249.083109,00020_front_put_the_bag_on_the_tray.png,00020_wrist_put_the_bag_on_the_tray.png,recap.png,50,14,509,510,-3.2527472527472527,-78.10989010989012,70.10989010989012,69.18681318681318,6.285714285714286,0.3424657534246575,-3.32415771484375,-100.51565551757812,90.00323486328125,77.00960540771484,-0.7840595245361328,-0.21988415718078613
061_bag,put the bag on the tray,21,1,471,18.268,1788427249.083109,00020_front_put_the_bag_on_the_tray.png,00020_wrist_put_the_bag_on_the_tray.png,recap.png,50,15,510,511,-3.2527472527472527,-78.10989010989012,70.10989010989012,69.18681318681318,6.285714285714286,0.3424657534246575,-3.1232643127441406,-100.38965606689453,90.43438720703125,76.97682189941406,-1.1931743621826172,-0.2440585494041443
061_bag,put the bag on the tray,21,1,471,18.268,1788427249.083109,00020_front_put_the_bag_on_the_tray.png,00020_wrist_put_the_bag_on_the_tray.png,recap.png,50,16,511,512,-3.2527472527472527,-78.10989010989012,70.10989010989012,69.18681318681318,6.285714285714286,0.3424657534246575,-3.626985549926758,-100.97274780273438,90.43449401855469,77.14788818359375,-1.4482641220092773,-0.18866565823554993
061_bag,put the bag on the tray,21,1,471,18.268,1788427249.083109,00020_front_put_the_bag_on_the_tray.png,00020_wrist_put_the_bag_on_the_tray.png,recap.png,50,17,512,513,-3.2527472527472527,-78.10989010989012,70.10989010989012,69.18681318681318,6.285714285714286,0.3424657534246575,-3.417703628540039,-100.4247817993164,89.86656188964844,77.2221450805664,-1.4824724197387695,-0.25832101702690125
061_bag,put the bag on the tray,21,1,471,18.268,1788427249.083109,00020_front_put_the_bag_on_the_tray.png,00020_wrist_put_the_bag_on_the_tray.png,recap.png,50,18,513,514,-3.2527472527472527,-78.10989010989012,70.10989010989012,69.18681318681318,6.285714285714286,0.3424657534246575,-3.436412811279297,-100.6172103881836,89.88150024414062,76.95479583740234,-1.3874568939208984,-0.24287745356559753
061_bag,put the bag on the tray,21,1,471,18.268,1788427249.083109,00020_front_put_the_bag_on_the_tray.png,00020_wrist_put_the_bag_on_the_tray.png,recap.png,50,19,514,515,-3.2527472527472527,-78.10989010989012,70.10989010989012,69.18681318681318,6.285714285714286,0.3424657534246575,-3.569967269897461,-100.64773559570312,90.50271606445312,76.99039459228516,-1.3221111297607422,-0.22012421488761902
061_bag,put the bag on the tray,21,1,471,18.268,1788427249.083109,00020_front_put_the_bag_on_the_tray.png,00020_wrist_put_the_bag_on_the_tray.png,recap.png,50,20,515,516,-3.2527472527472527,-78.10989010989012,70.10989010989012,69.18681318681318,6.285714285714286,0.3424657534246575,-3.4621124267578125,-100.37036895751953,90.20193481445312,77.07174682617188,-1.4124908447265625,-0.156276673078537
061_bag,put the bag on the tray,21,1,471,18.268,1788427249.083109,00020_front_put_the_bag_on_the_tray.png,00020_wrist_put_the_bag_on_the_tray.png,recap.png,50,21,516,517,-3.2527472527472527,-78.10989010989012,70.10989010989012,69.18681318681318,6.285714285714286,0.3424657534246575,-3.5699825286865234,-100.7386474609375,90.04046630859375,77.12042999267578,-1.3693180084228516,-0.13086383044719696
061_bag,put the bag on the tray,21,1,471,18.268,1788427249.083109,00020_front_put_the_bag_on_the_tray.png,00020_wrist_put_the_bag_on_the_tray.png,recap.png,50,22,517,518,-3.2527472527472527,-78.10989010989012,70.10989010989012,69.18681318681318,6.285714285714286,0.3424657534246575,-3.544292449951172,-101.0626220703125,90.10757446289062,77.21815490722656,-1.4418258666992188,-0.35450655221939087
061_bag,put the bag on the tray,21,1,471,18.268,1788427249.083109,00020_front_put_the_bag_on_the_tray.png,00020_wrist_put_the_bag_on_the_tray.png,recap.png,50,23,518,519,-3.2527472527472527,-78.10989010989012,70.10989010989012,69.18681318681318,6.285714285714286,0.3424657534246575,-3.6593399047851562,-100.3870849609375,90.07194519042969,77.14269256591797,-1.3649263381958008,-0.22171103954315186
061_bag,put the bag on the tray,21,1,471,18.268,1788427249.083109,00020_front_put_the_bag_on_the_tray.png,00020_wrist_put_the_bag_on_the_tray.png,recap.png,50,24,519,520,-3.2527472527472527,-78.10989010989012,70.10989010989012,69.18681318681318,6.285714285714286,0.3424657534246575,-3.5011520385742188,-100.94031524658203,89.78945922851562,77.10276794433594,-1.2203598022460938,-0.23078814148902893
