DEBUG 2026-09-03 09:02:31 === episode start | task: 'put the cylinder on the tray' | duration: 50.0s ===
DEBUG 2026-09-03 09:02:32 [chunk] dropped stale chunk (ts0=419 > max_sent=0)
DEBUG 2026-09-03 09:02:33 [chunk] received 50 actions, timesteps 0..49 | first: shoulder_pan.pos=-5.75 shoulder_lift.pos=-100.59 elbow_flex.pos=+87.25 wrist_flex.pos=+74.53 wrist_roll.pos=-0.70 gripper.pos=+1.35 | last: shoulder_pan.pos=-33.49 shoulder_lift.pos=-101.91 elbow_flex.pos=+85.24 wrist_flex.pos=+72.32 wrist_roll.pos=-1.68 gripper.pos=+1.31
DEBUG 2026-09-03 09:02:33 [action #1] t=1.84s step=0 queue=50 dmax=n/a | shoulder_pan.pos=-5.75 shoulder_lift.pos=-100.59 elbow_flex.pos=+87.25 wrist_flex.pos=+74.53 wrist_roll.pos=-0.70 gripper.pos=+1.35
DEBUG 2026-09-03 09:02:33 [action #2] t=1.87s step=1 queue=49 dmax=0.804 | shoulder_pan.pos=-6.19 shoulder_lift.pos=-99.79 elbow_flex.pos=+87.71 wrist_flex.pos=+74.58 wrist_roll.pos=-0.77 gripper.pos=+1.48
DEBUG 2026-09-03 09:02:33 [action #3] t=1.91s step=2 queue=48 dmax=1.446 | shoulder_pan.pos=-6.71 shoulder_lift.pos=-101.24 elbow_flex.pos=+87.15 wrist_flex.pos=+74.63 wrist_roll.pos=-0.75 gripper.pos=+1.55
DEBUG 2026-09-03 09:02:33 [action #4] t=1.94s step=3 queue=47 dmax=0.868 | shoulder_pan.pos=-7.36 shoulder_lift.pos=-100.37 elbow_flex.pos=+87.20 wrist_flex.pos=+74.72 wrist_roll.pos=-0.69 gripper.pos=+1.61
DEBUG 2026-09-03 09:02:33 [action #5] t=1.97s step=4 queue=46 dmax=1.130 | shoulder_pan.pos=-8.49 shoulder_lift.pos=-100.80 elbow_flex.pos=+86.95 wrist_flex.pos=+74.48 wrist_roll.pos=-0.73 gripper.pos=+1.31
DEBUG 2026-09-03 09:02:33 [action #6] t=2.01s step=5 queue=45 dmax=1.369 | shoulder_pan.pos=-9.18 shoulder_lift.pos=-102.17 elbow_flex.pos=+87.31 wrist_flex.pos=+74.77 wrist_roll.pos=-0.81 gripper.pos=+1.26
DEBUG 2026-09-03 09:02:33 [action #7] t=2.04s step=6 queue=44 dmax=1.231 | shoulder_pan.pos=-10.09 shoulder_lift.pos=-100.94 elbow_flex.pos=+86.96 wrist_flex.pos=+74.83 wrist_roll.pos=-0.71 gripper.pos=+1.23
DEBUG 2026-09-03 09:02:34 [action #8] t=2.07s step=7 queue=43 dmax=0.849 | shoulder_pan.pos=-10.94 shoulder_lift.pos=-101.20 elbow_flex.pos=+86.79 wrist_flex.pos=+74.93 wrist_roll.pos=-0.77 gripper.pos=+1.27
DEBUG 2026-09-03 09:02:34 [action #9] t=2.11s step=8 queue=42 dmax=0.615 | shoulder_pan.pos=-11.55 shoulder_lift.pos=-101.62 elbow_flex.pos=+86.80 wrist_flex.pos=+74.82 wrist_roll.pos=-0.74 gripper.pos=+1.35
DEBUG 2026-09-03 09:02:34 [action #10] t=2.14s step=9 queue=41 dmax=0.547 | shoulder_pan.pos=-12.10 shoulder_lift.pos=-101.38 elbow_flex.pos=+86.82 wrist_flex.pos=+74.91 wrist_roll.pos=-0.70 gripper.pos=+1.24
DEBUG 2026-09-03 09:02:34 [action #11] t=2.17s step=10 queue=40 dmax=1.062 | shoulder_pan.pos=-13.16 shoulder_lift.pos=-101.96 elbow_flex.pos=+86.82 wrist_flex.pos=+75.03 wrist_roll.pos=-0.81 gripper.pos=+1.24
DEBUG 2026-09-03 09:02:34 [action #12] t=2.21s step=11 queue=39 dmax=1.116 | shoulder_pan.pos=-14.28 shoulder_lift.pos=-101.91 elbow_flex.pos=+86.51 wrist_flex.pos=+75.09 wrist_roll.pos=-0.88 gripper.pos=+1.29
DEBUG 2026-09-03 09:02:34 [action #13] t=2.24s step=12 queue=38 dmax=1.305 | shoulder_pan.pos=-15.58 shoulder_lift.pos=-102.44 elbow_flex.pos=+86.20 wrist_flex.pos=+75.25 wrist_roll.pos=-0.81 gripper.pos=+1.29
DEBUG 2026-09-03 09:02:34 [action #14] t=2.27s step=13 queue=37 dmax=1.184 | shoulder_pan.pos=-16.77 shoulder_lift.pos=-101.90 elbow_flex.pos=+86.11 wrist_flex.pos=+75.17 wrist_roll.pos=-0.83 gripper.pos=+1.28
DEBUG 2026-09-03 09:02:34 [action #15] t=2.31s step=14 queue=36 dmax=1.049 | shoulder_pan.pos=-17.82 shoulder_lift.pos=-102.16 elbow_flex.pos=+85.45 wrist_flex.pos=+75.13 wrist_roll.pos=-0.83 gripper.pos=+1.33
DEBUG 2026-09-03 09:02:34 [action #16] t=2.34s step=15 queue=35 dmax=1.073 | shoulder_pan.pos=-18.59 shoulder_lift.pos=-102.95 elbow_flex.pos=+86.52 wrist_flex.pos=+75.21 wrist_roll.pos=-0.90 gripper.pos=+1.38
DEBUG 2026-09-03 09:02:34 [action #17] t=2.37s step=16 queue=34 dmax=1.044 | shoulder_pan.pos=-19.23 shoulder_lift.pos=-102.96 elbow_flex.pos=+85.48 wrist_flex.pos=+75.06 wrist_roll.pos=-0.80 gripper.pos=+1.37
DEBUG 2026-09-03 09:02:34 [action #18] t=2.41s step=17 queue=33 dmax=1.272 | shoulder_pan.pos=-20.10 shoulder_lift.pos=-102.89 elbow_flex.pos=+86.75 wrist_flex.pos=+75.37 wrist_roll.pos=-0.87 gripper.pos=+1.17
DEBUG 2026-09-03 09:02:34 [action #19] t=2.44s step=18 queue=32 dmax=0.787 | shoulder_pan.pos=-20.89 shoulder_lift.pos=-102.49 elbow_flex.pos=+86.07 wrist_flex.pos=+75.32 wrist_roll.pos=-0.95 gripper.pos=+1.20
DEBUG 2026-09-03 09:02:34 [action #20] t=2.47s step=19 queue=31 dmax=0.581 | shoulder_pan.pos=-21.47 shoulder_lift.pos=-102.41 elbow_flex.pos=+85.54 wrist_flex.pos=+75.05 wrist_roll.pos=-0.96 gripper.pos=+1.25
DEBUG 2026-09-03 09:02:34 [action #21] t=2.51s step=20 queue=30 dmax=1.043 | shoulder_pan.pos=-22.51 shoulder_lift.pos=-102.69 elbow_flex.pos=+85.73 wrist_flex.pos=+75.33 wrist_roll.pos=-1.01 gripper.pos=+1.23
DEBUG 2026-09-03 09:02:34 [action #22] t=2.54s step=21 queue=29 dmax=0.615 | shoulder_pan.pos=-23.13 shoulder_lift.pos=-102.83 elbow_flex.pos=+85.88 wrist_flex.pos=+75.11 wrist_roll.pos=-0.92 gripper.pos=+1.35
DEBUG 2026-09-03 09:02:34 [action #23] t=2.57s step=22 queue=28 dmax=0.856 | shoulder_pan.pos=-23.98 shoulder_lift.pos=-102.87 elbow_flex.pos=+85.54 wrist_flex.pos=+75.37 wrist_roll.pos=-0.94 gripper.pos=+1.33
DEBUG 2026-09-03 09:02:34 [action #24] t=2.61s step=23 queue=27 dmax=0.783 | shoulder_pan.pos=-24.76 shoulder_lift.pos=-102.81 elbow_flex.pos=+85.99 wrist_flex.pos=+75.37 wrist_roll.pos=-0.96 gripper.pos=+1.14
DEBUG 2026-09-03 09:02:34 [action #25] t=2.64s step=24 queue=26 dmax=0.524 | shoulder_pan.pos=-25.29 shoulder_lift.pos=-102.55 elbow_flex.pos=+85.81 wrist_flex.pos=+75.07 wrist_roll.pos=-1.05 gripper.pos=+1.45
DEBUG 2026-09-03 09:02:34 [action #26] t=2.67s step=25 queue=25 dmax=1.011 | shoulder_pan.pos=-26.06 shoulder_lift.pos=-103.57 elbow_flex.pos=+85.74 wrist_flex.pos=+74.95 wrist_roll.pos=-1.01 gripper.pos=+1.40
DEBUG 2026-09-03 09:02:34 [action #27] t=2.71s step=26 queue=24 dmax=1.077 | shoulder_pan.pos=-26.55 shoulder_lift.pos=-102.49 elbow_flex.pos=+86.26 wrist_flex.pos=+74.74 wrist_roll.pos=-1.02 gripper.pos=+1.57
DEBUG 2026-09-03 09:02:34 [action #28] t=2.74s step=27 queue=23 dmax=0.877 | shoulder_pan.pos=-27.42 shoulder_lift.pos=-102.77 elbow_flex.pos=+85.87 wrist_flex.pos=+74.41 wrist_roll.pos=-1.06 gripper.pos=+1.44
DEBUG 2026-09-03 09:02:34 [action #29] t=2.78s step=28 queue=22 dmax=0.798 | shoulder_pan.pos=-28.22 shoulder_lift.pos=-103.05 elbow_flex.pos=+85.95 wrist_flex.pos=+74.43 wrist_roll.pos=-0.96 gripper.pos=+1.32
DEBUG 2026-09-03 09:02:34 [action #30] t=2.81s step=29 queue=21 dmax=0.658 | shoulder_pan.pos=-28.74 shoulder_lift.pos=-102.72 elbow_flex.pos=+86.10 wrist_flex.pos=+73.77 wrist_roll.pos=-1.03 gripper.pos=+1.30
DEBUG 2026-09-03 09:02:34 [action #31] t=2.84s step=30 queue=20 dmax=0.662 | shoulder_pan.pos=-29.40 shoulder_lift.pos=-102.96 elbow_flex.pos=+85.75 wrist_flex.pos=+73.66 wrist_roll.pos=-1.13 gripper.pos=+1.40
DEBUG 2026-09-03 09:02:34 [chunk] received 50 actions, timesteps 3..52 | first: shoulder_pan.pos=-5.68 shoulder_lift.pos=-98.66 elbow_flex.pos=+86.11 wrist_flex.pos=+74.80 wrist_roll.pos=-0.71 gripper.pos=+1.30 | last: shoulder_pan.pos=-34.85 shoulder_lift.pos=-99.66 elbow_flex.pos=+82.58 wrist_flex.pos=+70.59 wrist_roll.pos=-2.56 gripper.pos=+1.11
DEBUG 2026-09-03 09:02:34 [action #32] t=2.88s step=31 queue=22 dmax=2.536 | shoulder_pan.pos=-26.87 shoulder_lift.pos=-100.67 elbow_flex.pos=+84.41 wrist_flex.pos=+74.47 wrist_roll.pos=-0.66 gripper.pos=+1.32
DEBUG 2026-09-03 09:02:34 [action #33] t=2.91s step=32 queue=21 dmax=0.360 | shoulder_pan.pos=-27.17 shoulder_lift.pos=-100.98 elbow_flex.pos=+84.19 wrist_flex.pos=+74.12 wrist_roll.pos=-0.66 gripper.pos=+1.27
DEBUG 2026-09-03 09:02:34 [action #34] t=2.94s step=33 queue=20 dmax=0.843 | shoulder_pan.pos=-28.01 shoulder_lift.pos=-100.80 elbow_flex.pos=+84.36 wrist_flex.pos=+74.17 wrist_roll.pos=-0.70 gripper.pos=+1.29
DEBUG 2026-09-03 09:02:34 [action #35] t=2.98s step=34 queue=19 dmax=0.449 | shoulder_pan.pos=-28.46 shoulder_lift.pos=-100.93 elbow_flex.pos=+84.29 wrist_flex.pos=+74.05 wrist_roll.pos=-0.72 gripper.pos=+1.35
DEBUG 2026-09-03 09:02:34 [action #36] t=3.01s step=35 queue=18 dmax=0.737 | shoulder_pan.pos=-29.04 shoulder_lift.pos=-100.19 elbow_flex.pos=+84.59 wrist_flex.pos=+73.92 wrist_roll.pos=-0.80 gripper.pos=+1.31
DEBUG 2026-09-03 09:02:34 [action #37] t=3.04s step=36 queue=17 dmax=0.655 | shoulder_pan.pos=-29.42 shoulder_lift.pos=-100.85 elbow_flex.pos=+84.20 wrist_flex.pos=+74.01 wrist_roll.pos=-0.69 gripper.pos=+1.29
DEBUG 2026-09-03 09:02:35 [action #38] t=3.08s step=37 queue=16 dmax=0.471 | shoulder_pan.pos=-29.81 shoulder_lift.pos=-101.32 elbow_flex.pos=+84.25 wrist_flex.pos=+73.64 wrist_roll.pos=-0.75 gripper.pos=+1.39
DEBUG 2026-09-03 09:02:35 [action #39] t=3.11s step=38 queue=15 dmax=0.729 | shoulder_pan.pos=-30.08 shoulder_lift.pos=-100.59 elbow_flex.pos=+84.25 wrist_flex.pos=+73.55 wrist_roll.pos=-0.78 gripper.pos=+1.39
DEBUG 2026-09-03 09:02:35 [action #40] t=3.14s step=39 queue=14 dmax=0.542 | shoulder_pan.pos=-30.40 shoulder_lift.pos=-100.77 elbow_flex.pos=+83.71 wrist_flex.pos=+73.73 wrist_roll.pos=-0.75 gripper.pos=+1.34
DEBUG 2026-09-03 09:02:35 [action #41] t=3.18s step=40 queue=13 dmax=0.349 | shoulder_pan.pos=-30.75 shoulder_lift.pos=-100.67 elbow_flex.pos=+83.86 wrist_flex.pos=+73.47 wrist_roll.pos=-0.78 gripper.pos=+1.32
DEBUG 2026-09-03 09:02:35 [action #42] t=3.21s step=41 queue=12 dmax=0.558 | shoulder_pan.pos=-31.07 shoulder_lift.pos=-100.98 elbow_flex.pos=+83.30 wrist_flex.pos=+73.31 wrist_roll.pos=-0.85 gripper.pos=+1.35
DEBUG 2026-09-03 09:02:35 [action #43] t=3.24s step=42 queue=11 dmax=0.490 | shoulder_pan.pos=-31.55 shoulder_lift.pos=-100.70 elbow_flex.pos=+83.55 wrist_flex.pos=+73.31 wrist_roll.pos=-0.95 gripper.pos=+1.35
DEBUG 2026-09-03 09:02:35 [action #44] t=3.28s step=43 queue=10 dmax=0.531 | shoulder_pan.pos=-32.09 shoulder_lift.pos=-100.76 elbow_flex.pos=+83.64 wrist_flex.pos=+73.07 wrist_roll.pos=-0.87 gripper.pos=+1.17
DEBUG 2026-09-03 09:02:35 [action #45] t=3.31s step=44 queue=9 dmax=0.333 | shoulder_pan.pos=-32.42 shoulder_lift.pos=-101.09 elbow_flex.pos=+83.82 wrist_flex.pos=+72.98 wrist_roll.pos=-1.02 gripper.pos=+1.18
DEBUG 2026-09-03 09:02:35 [action #46] t=3.34s step=45 queue=8 dmax=0.708 | shoulder_pan.pos=-32.73 shoulder_lift.pos=-100.38 elbow_flex.pos=+83.59 wrist_flex.pos=+72.56 wrist_roll.pos=-1.11 gripper.pos=+1.24
DEBUG 2026-09-03 09:02:35 [action #47] t=3.38s step=46 queue=7 dmax=0.605 | shoulder_pan.pos=-32.96 shoulder_lift.pos=-100.51 elbow_flex.pos=+82.98 wrist_flex.pos=+72.18 wrist_roll.pos=-1.22 gripper.pos=+1.16
DEBUG 2026-09-03 09:02:35 [action #48] t=3.41s step=47 queue=6 dmax=0.205 | shoulder_pan.pos=-33.14 shoulder_lift.pos=-100.58 elbow_flex.pos=+83.19 wrist_flex.pos=+72.03 wrist_roll.pos=-1.38 gripper.pos=+1.17
DEBUG 2026-09-03 09:02:35 [action #49] t=3.44s step=48 queue=5 dmax=0.585 | shoulder_pan.pos=-33.52 shoulder_lift.pos=-100.00 elbow_flex.pos=+83.06 wrist_flex.pos=+71.85 wrist_roll.pos=-1.43 gripper.pos=+1.25
DEBUG 2026-09-03 09:02:35 [action #50] t=3.48s step=49 queue=4 dmax=0.404 | shoulder_pan.pos=-33.73 shoulder_lift.pos=-100.40 elbow_flex.pos=+82.72 wrist_flex.pos=+71.74 wrist_roll.pos=-1.67 gripper.pos=+1.19
DEBUG 2026-09-03 09:02:35 [action #51] t=3.51s step=50 queue=3 dmax=1.086 | shoulder_pan.pos=-34.17 shoulder_lift.pos=-99.32 elbow_flex.pos=+82.33 wrist_flex.pos=+71.22 wrist_roll.pos=-2.02 gripper.pos=+1.17
DEBUG 2026-09-03 09:02:35 [action #52] t=3.54s step=51 queue=2 dmax=0.716 | shoulder_pan.pos=-34.62 shoulder_lift.pos=-100.03 elbow_flex.pos=+82.19 wrist_flex.pos=+70.76 wrist_roll.pos=-2.14 gripper.pos=+1.11
DEBUG 2026-09-03 09:02:35 [action #53] t=3.58s step=52 queue=1 dmax=0.424 | shoulder_pan.pos=-34.85 shoulder_lift.pos=-99.66 elbow_flex.pos=+82.58 wrist_flex.pos=+70.59 wrist_roll.pos=-2.56 gripper.pos=+1.11
DEBUG 2026-09-03 09:02:35 [chunk] received 50 actions, timesteps 30..79 | first: shoulder_pan.pos=-29.20 shoulder_lift.pos=-100.99 elbow_flex.pos=+83.37 wrist_flex.pos=+75.32 wrist_roll.pos=-1.00 gripper.pos=+1.12 | last: shoulder_pan.pos=-39.55 shoulder_lift.pos=-100.25 elbow_flex.pos=+83.45 wrist_flex.pos=+67.89 wrist_roll.pos=-1.49 gripper.pos=+1.22
DEBUG 2026-09-03 09:02:35 [action #54] t=3.78s step=53 queue=27 dmax=2.563 | shoulder_pan.pos=-37.41 shoulder_lift.pos=-100.84 elbow_flex.pos=+83.40 wrist_flex.pos=+72.24 wrist_roll.pos=-1.02 gripper.pos=+1.16
DEBUG 2026-09-03 09:02:35 [action #55] t=3.81s step=54 queue=26 dmax=0.468 | shoulder_pan.pos=-37.66 shoulder_lift.pos=-100.37 elbow_flex.pos=+83.67 wrist_flex.pos=+71.86 wrist_roll.pos=-1.08 gripper.pos=+1.12
DEBUG 2026-09-03 09:02:35 [action #56] t=3.85s step=55 queue=25 dmax=0.394 | shoulder_pan.pos=-37.45 shoulder_lift.pos=-100.70 elbow_flex.pos=+83.28 wrist_flex.pos=+71.71 wrist_roll.pos=-1.17 gripper.pos=+1.05
DEBUG 2026-09-03 09:02:35 [action #57] t=3.88s step=56 queue=24 dmax=0.351 | shoulder_pan.pos=-37.26 shoulder_lift.pos=-100.85 elbow_flex.pos=+83.24 wrist_flex.pos=+71.36 wrist_roll.pos=-1.03 gripper.pos=+1.19
DEBUG 2026-09-03 09:02:35 [action #58] t=3.91s step=57 queue=23 dmax=0.706 | shoulder_pan.pos=-37.46 shoulder_lift.pos=-101.56 elbow_flex.pos=+83.50 wrist_flex.pos=+70.97 wrist_roll.pos=-1.01 gripper.pos=+1.19
DEBUG 2026-09-03 09:02:35 [action #59] t=3.95s step=58 queue=22 dmax=0.822 | shoulder_pan.pos=-37.50 shoulder_lift.pos=-100.74 elbow_flex.pos=+82.88 wrist_flex.pos=+70.88 wrist_roll.pos=-1.13 gripper.pos=+1.08
DEBUG 2026-09-03 09:02:35 [action #60] t=3.98s step=59 queue=21 dmax=0.362 | shoulder_pan.pos=-37.36 shoulder_lift.pos=-100.69 elbow_flex.pos=+83.05 wrist_flex.pos=+70.51 wrist_roll.pos=-1.08 gripper.pos=+1.21
DEBUG 2026-09-03 09:02:35 [action #61] t=4.01s step=60 queue=20 dmax=0.733 | shoulder_pan.pos=-37.62 shoulder_lift.pos=-101.42 elbow_flex.pos=+83.10 wrist_flex.pos=+70.45 wrist_roll.pos=-1.16 gripper.pos=+1.21
DEBUG 2026-09-03 09:02:35 [action #62] t=4.05s step=61 queue=19 dmax=0.613 | shoulder_pan.pos=-37.69 shoulder_lift.pos=-100.81 elbow_flex.pos=+83.23 wrist_flex.pos=+70.41 wrist_roll.pos=-1.16 gripper.pos=+1.23
DEBUG 2026-09-03 09:02:36 [action #63] t=4.08s step=62 queue=18 dmax=0.480 | shoulder_pan.pos=-38.02 shoulder_lift.pos=-101.29 elbow_flex.pos=+82.84 wrist_flex.pos=+70.20 wrist_roll.pos=-1.12 gripper.pos=+1.19
DEBUG 2026-09-03 09:02:36 [action #64] t=4.11s step=63 queue=17 dmax=0.426 | shoulder_pan.pos=-38.44 shoulder_lift.pos=-101.31 elbow_flex.pos=+82.98 wrist_flex.pos=+70.47 wrist_roll.pos=-1.16 gripper.pos=+1.15
DEBUG 2026-09-03 09:02:36 [action #65] t=4.15s step=64 queue=16 dmax=0.689 | shoulder_pan.pos=-38.76 shoulder_lift.pos=-100.62 elbow_flex.pos=+82.36 wrist_flex.pos=+70.39 wrist_roll.pos=-1.15 gripper.pos=+1.14
DEBUG 2026-09-03 09:02:36 [action #66] t=4.18s step=65 queue=15 dmax=0.551 | shoulder_pan.pos=-39.31 shoulder_lift.pos=-100.34 elbow_flex.pos=+82.89 wrist_flex.pos=+70.35 wrist_roll.pos=-1.17 gripper.pos=+1.19
DEBUG 2026-09-03 09:02:36 [action #67] t=4.21s step=66 queue=14 dmax=0.383 | shoulder_pan.pos=-39.58 shoulder_lift.pos=-100.72 elbow_flex.pos=+82.72 wrist_flex.pos=+70.37 wrist_roll.pos=-1.10 gripper.pos=+1.16
DEBUG 2026-09-03 09:02:36 [action #68] t=4.25s step=67 queue=13 dmax=0.600 | shoulder_pan.pos=-40.02 shoulder_lift.pos=-100.36 elbow_flex.pos=+82.12 wrist_flex.pos=+70.27 wrist_roll.pos=-1.17 gripper.pos=+1.16
DEBUG 2026-09-03 09:02:36 [action #69] t=4.28s step=68 queue=12 dmax=0.852 | shoulder_pan.pos=-40.29 shoulder_lift.pos=-100.22 elbow_flex.pos=+82.97 wrist_flex.pos=+70.02 wrist_roll.pos=-1.22 gripper.pos=+1.17
DEBUG 2026-09-03 09:02:36 [action #70] t=4.31s step=69 queue=11 dmax=0.450 | shoulder_pan.pos=-40.59 shoulder_lift.pos=-100.57 elbow_flex.pos=+82.52 wrist_flex.pos=+69.78 wrist_roll.pos=-1.23 gripper.pos=+1.13
DEBUG 2026-09-03 09:02:36 [action #71] t=4.35s step=70 queue=10 dmax=0.536 | shoulder_pan.pos=-40.68 shoulder_lift.pos=-101.11 elbow_flex.pos=+82.77 wrist_flex.pos=+69.48 wrist_roll.pos=-1.34 gripper.pos=+1.37
DEBUG 2026-09-03 09:02:36 [action #72] t=4.38s step=71 queue=9 dmax=0.188 | shoulder_pan.pos=-40.74 shoulder_lift.pos=-101.23 elbow_flex.pos=+82.96 wrist_flex.pos=+69.29 wrist_roll.pos=-1.36 gripper.pos=+1.35
DEBUG 2026-09-03 09:02:36 [action #73] t=4.41s step=72 queue=8 dmax=0.298 | shoulder_pan.pos=-40.62 shoulder_lift.pos=-101.14 elbow_flex.pos=+82.95 wrist_flex.pos=+68.99 wrist_roll.pos=-1.47 gripper.pos=+1.23
DEBUG 2026-09-03 09:02:36 [action #74] t=4.45s step=73 queue=7 dmax=0.441 | shoulder_pan.pos=-40.38 shoulder_lift.pos=-100.70 elbow_flex.pos=+82.93 wrist_flex.pos=+68.87 wrist_roll.pos=-1.46 gripper.pos=+1.35
DEBUG 2026-09-03 09:02:36 [action #75] t=4.48s step=74 queue=6 dmax=0.306 | shoulder_pan.pos=-40.13 shoulder_lift.pos=-100.63 elbow_flex.pos=+83.12 wrist_flex.pos=+68.57 wrist_roll.pos=-1.46 gripper.pos=+1.38
DEBUG 2026-09-03 09:02:36 [action #76] t=4.51s step=75 queue=5 dmax=0.599 | shoulder_pan.pos=-39.90 shoulder_lift.pos=-100.03 elbow_flex.pos=+83.67 wrist_flex.pos=+68.36 wrist_roll.pos=-1.41 gripper.pos=+1.28
DEBUG 2026-09-03 09:02:36 [action #77] t=4.55s step=76 queue=4 dmax=1.177 | shoulder_pan.pos=-39.79 shoulder_lift.pos=-100.89 elbow_flex.pos=+82.49 wrist_flex.pos=+68.27 wrist_roll.pos=-1.48 gripper.pos=+1.40
DEBUG 2026-09-03 09:02:36 [action #78] t=4.58s step=77 queue=3 dmax=0.320 | shoulder_pan.pos=-39.73 shoulder_lift.pos=-100.57 elbow_flex.pos=+82.78 wrist_flex.pos=+68.14 wrist_roll.pos=-1.46 gripper.pos=+1.26
DEBUG 2026-09-03 09:02:36 [action #79] t=4.61s step=78 queue=2 dmax=0.518 | shoulder_pan.pos=-39.60 shoulder_lift.pos=-100.75 elbow_flex.pos=+82.79 wrist_flex.pos=+67.63 wrist_roll.pos=-1.28 gripper.pos=+1.31
DEBUG 2026-09-03 09:02:36 [action #80] t=4.65s step=79 queue=1 dmax=0.657 | shoulder_pan.pos=-39.55 shoulder_lift.pos=-100.25 elbow_flex.pos=+83.45 wrist_flex.pos=+67.89 wrist_roll.pos=-1.49 gripper.pos=+1.22
DEBUG 2026-09-03 09:02:36 [chunk] received 50 actions, timesteps 52..101 | first: shoulder_pan.pos=-41.18 shoulder_lift.pos=-98.32 elbow_flex.pos=+80.54 wrist_flex.pos=+69.76 wrist_roll.pos=-2.14 gripper.pos=+1.30 | last: shoulder_pan.pos=-43.89 shoulder_lift.pos=-65.44 elbow_flex.pos=+60.54 wrist_flex.pos=+57.76 wrist_roll.pos=-5.88 gripper.pos=+1.89
DEBUG 2026-09-03 09:02:36 [action #81] t=4.72s step=80 queue=22 dmax=6.035 | shoulder_pan.pos=-45.58 shoulder_lift.pos=-98.38 elbow_flex.pos=+77.86 wrist_flex.pos=+66.51 wrist_roll.pos=-2.27 gripper.pos=+1.62
DEBUG 2026-09-03 09:02:36 [action #82] t=4.75s step=81 queue=21 dmax=0.258 | shoulder_pan.pos=-45.56 shoulder_lift.pos=-98.12 elbow_flex.pos=+77.92 wrist_flex.pos=+66.36 wrist_roll.pos=-2.36 gripper.pos=+1.57
DEBUG 2026-09-03 09:02:36 [action #83] t=4.78s step=82 queue=20 dmax=0.310 | shoulder_pan.pos=-45.35 shoulder_lift.pos=-97.81 elbow_flex.pos=+77.63 wrist_flex.pos=+66.16 wrist_roll.pos=-2.34 gripper.pos=+1.61
DEBUG 2026-09-03 09:02:36 [action #84] t=4.82s step=83 queue=19 dmax=0.451 | shoulder_pan.pos=-45.33 shoulder_lift.pos=-97.36 elbow_flex.pos=+77.68 wrist_flex.pos=+65.85 wrist_roll.pos=-2.41 gripper.pos=+1.43
DEBUG 2026-09-03 09:02:36 [action #85] t=4.85s step=84 queue=18 dmax=0.583 | shoulder_pan.pos=-45.30 shoulder_lift.pos=-97.23 elbow_flex.pos=+77.75 wrist_flex.pos=+65.27 wrist_roll.pos=-2.34 gripper.pos=+1.68
DEBUG 2026-09-03 09:02:36 [action #86] t=4.88s step=85 queue=17 dmax=1.146 | shoulder_pan.pos=-45.03 shoulder_lift.pos=-96.08 elbow_flex.pos=+77.41 wrist_flex.pos=+64.49 wrist_roll.pos=-2.44 gripper.pos=+1.60
DEBUG 2026-09-03 09:02:36 [action #87] t=4.92s step=86 queue=16 dmax=0.851 | shoulder_pan.pos=-45.03 shoulder_lift.pos=-95.58 elbow_flex.pos=+77.20 wrist_flex.pos=+63.64 wrist_roll.pos=-2.47 gripper.pos=+1.57
DEBUG 2026-09-03 09:02:36 [action #88] t=4.95s step=87 queue=15 dmax=1.716 | shoulder_pan.pos=-44.81 shoulder_lift.pos=-93.87 elbow_flex.pos=+76.16 wrist_flex.pos=+62.87 wrist_roll.pos=-2.65 gripper.pos=+1.45
DEBUG 2026-09-03 09:02:36 [action #89] t=4.98s step=88 queue=14 dmax=2.088 | shoulder_pan.pos=-44.67 shoulder_lift.pos=-91.78 elbow_flex.pos=+75.93 wrist_flex.pos=+61.82 wrist_roll.pos=-2.95 gripper.pos=+1.74
DEBUG 2026-09-03 09:02:36 [action #90] t=5.02s step=89 queue=13 dmax=2.625 | shoulder_pan.pos=-44.53 shoulder_lift.pos=-89.16 elbow_flex.pos=+74.48 wrist_flex.pos=+61.09 wrist_roll.pos=-3.42 gripper.pos=+1.54
DEBUG 2026-09-03 09:02:36 [action #91] t=5.05s step=90 queue=12 dmax=2.138 | shoulder_pan.pos=-44.69 shoulder_lift.pos=-87.02 elbow_flex.pos=+73.01 wrist_flex.pos=+60.23 wrist_roll.pos=-3.93 gripper.pos=+1.52
DEBUG 2026-09-03 09:02:37 [action #92] t=5.08s step=91 queue=11 dmax=2.795 | shoulder_pan.pos=-44.34 shoulder_lift.pos=-84.22 elbow_flex.pos=+71.60 wrist_flex.pos=+59.87 wrist_roll.pos=-4.11 gripper.pos=+1.60
DEBUG 2026-09-03 09:02:37 [action #93] t=5.12s step=92 queue=10 dmax=1.874 | shoulder_pan.pos=-44.53 shoulder_lift.pos=-82.35 elbow_flex.pos=+70.07 wrist_flex.pos=+59.43 wrist_roll.pos=-4.30 gripper.pos=+1.61
DEBUG 2026-09-03 09:02:37 [action #94] t=5.15s step=93 queue=9 dmax=1.736 | shoulder_pan.pos=-44.38 shoulder_lift.pos=-80.61 elbow_flex.pos=+69.69 wrist_flex.pos=+59.23 wrist_roll.pos=-4.44 gripper.pos=+1.67
DEBUG 2026-09-03 09:02:37 [action #95] t=5.18s step=94 queue=8 dmax=2.171 | shoulder_pan.pos=-44.31 shoulder_lift.pos=-78.44 elbow_flex.pos=+68.26 wrist_flex.pos=+59.20 wrist_roll.pos=-4.58 gripper.pos=+1.54
DEBUG 2026-09-03 09:02:37 [action #96] t=5.22s step=95 queue=7 dmax=1.889 | shoulder_pan.pos=-44.18 shoulder_lift.pos=-76.55 elbow_flex.pos=+66.62 wrist_flex.pos=+58.91 wrist_roll.pos=-4.72 gripper.pos=+1.52
DEBUG 2026-09-03 09:02:37 [action #97] t=5.25s step=96 queue=6 dmax=2.244 | shoulder_pan.pos=-44.20 shoulder_lift.pos=-74.31 elbow_flex.pos=+65.71 wrist_flex.pos=+58.70 wrist_roll.pos=-4.92 gripper.pos=+1.59
DEBUG 2026-09-03 09:02:37 [action #98] t=5.28s step=97 queue=5 dmax=2.104 | shoulder_pan.pos=-44.09 shoulder_lift.pos=-72.21 elbow_flex.pos=+64.53 wrist_flex.pos=+58.58 wrist_roll.pos=-5.09 gripper.pos=+1.68
DEBUG 2026-09-03 09:02:37 [action #99] t=5.32s step=98 queue=4 dmax=1.640 | shoulder_pan.pos=-44.00 shoulder_lift.pos=-70.57 elbow_flex.pos=+63.61 wrist_flex.pos=+58.24 wrist_roll.pos=-5.32 gripper.pos=+1.76
DEBUG 2026-09-03 09:02:37 [action #100] t=5.35s step=99 queue=3 dmax=1.525 | shoulder_pan.pos=-43.87 shoulder_lift.pos=-69.04 elbow_flex.pos=+62.08 wrist_flex.pos=+58.18 wrist_roll.pos=-5.49 gripper.pos=+1.85
DEBUG 2026-09-03 09:02:37 [action #101] t=5.38s step=100 queue=2 dmax=1.488 | shoulder_pan.pos=-43.86 shoulder_lift.pos=-67.55 elbow_flex.pos=+61.81 wrist_flex.pos=+57.94 wrist_roll.pos=-5.65 gripper.pos=+1.74
DEBUG 2026-09-03 09:02:37 [action #102] t=5.42s step=101 queue=1 dmax=2.118 | shoulder_pan.pos=-43.89 shoulder_lift.pos=-65.44 elbow_flex.pos=+60.54 wrist_flex.pos=+57.76 wrist_roll.pos=-5.88 gripper.pos=+1.89
DEBUG 2026-09-03 09:02:37 [chunk] received 50 actions, timesteps 79..128 | first: shoulder_pan.pos=-44.02 shoulder_lift.pos=-96.72 elbow_flex.pos=+80.41 wrist_flex.pos=+67.65 wrist_roll.pos=-2.01 gripper.pos=+1.16 | last: shoulder_pan.pos=-42.11 shoulder_lift.pos=-52.42 elbow_flex.pos=+49.62 wrist_flex.pos=+60.00 wrist_roll.pos=-5.79 gripper.pos=+1.15
DEBUG 2026-09-03 09:02:37 [action #103] t=5.65s step=102 queue=27 dmax=32.628 | shoulder_pan.pos=-41.37 shoulder_lift.pos=-98.06 elbow_flex.pos=+78.51 wrist_flex.pos=+61.97 wrist_roll.pos=-2.26 gripper.pos=+1.08
DEBUG 2026-09-03 09:02:37 [action #104] t=5.68s step=103 queue=26 dmax=1.138 | shoulder_pan.pos=-41.19 shoulder_lift.pos=-96.93 elbow_flex.pos=+77.92 wrist_flex.pos=+62.03 wrist_roll.pos=-2.35 gripper.pos=+1.19
DEBUG 2026-09-03 09:02:37 [action #105] t=5.72s step=104 queue=25 dmax=0.612 | shoulder_pan.pos=-40.95 shoulder_lift.pos=-97.41 elbow_flex.pos=+77.31 wrist_flex.pos=+61.63 wrist_roll.pos=-2.36 gripper.pos=+1.03
DEBUG 2026-09-03 09:02:37 [action #106] t=5.75s step=105 queue=24 dmax=1.357 | shoulder_pan.pos=-40.89 shoulder_lift.pos=-96.05 elbow_flex.pos=+77.44 wrist_flex.pos=+61.87 wrist_roll.pos=-2.59 gripper.pos=+1.02
DEBUG 2026-09-03 09:02:37 [action #107] t=5.78s step=106 queue=23 dmax=1.270 | shoulder_pan.pos=-40.61 shoulder_lift.pos=-94.78 elbow_flex.pos=+76.68 wrist_flex.pos=+61.30 wrist_roll.pos=-2.65 gripper.pos=+1.19
DEBUG 2026-09-03 09:02:37 [action #108] t=5.82s step=107 queue=22 dmax=1.442 | shoulder_pan.pos=-40.41 shoulder_lift.pos=-93.92 elbow_flex.pos=+75.23 wrist_flex.pos=+60.71 wrist_roll.pos=-2.68 gripper.pos=+1.03
DEBUG 2026-09-03 09:02:37 [action #109] t=5.85s step=108 queue=21 dmax=2.602 | shoulder_pan.pos=-40.04 shoulder_lift.pos=-91.32 elbow_flex.pos=+74.13 wrist_flex.pos=+60.21 wrist_roll.pos=-2.91 gripper.pos=+1.15
DEBUG 2026-09-03 09:02:37 [action #110] t=5.89s step=109 queue=20 dmax=3.428 | shoulder_pan.pos=-40.03 shoulder_lift.pos=-87.89 elbow_flex.pos=+72.90 wrist_flex.pos=+60.28 wrist_roll.pos=-3.09 gripper.pos=+0.99
DEBUG 2026-09-03 09:02:37 [action #111] t=5.92s step=110 queue=19 dmax=2.980 | shoulder_pan.pos=-40.01 shoulder_lift.pos=-84.91 elbow_flex.pos=+71.10 wrist_flex.pos=+59.68 wrist_roll.pos=-3.16 gripper.pos=+1.02
DEBUG 2026-09-03 09:02:37 [action #112] t=5.95s step=111 queue=18 dmax=2.359 | shoulder_pan.pos=-39.92 shoulder_lift.pos=-82.55 elbow_flex.pos=+69.31 wrist_flex.pos=+59.40 wrist_roll.pos=-3.27 gripper.pos=+1.05
DEBUG 2026-09-03 09:02:37 [action #113] t=5.99s step=112 queue=17 dmax=2.562 | shoulder_pan.pos=-40.26 shoulder_lift.pos=-79.99 elbow_flex.pos=+68.14 wrist_flex.pos=+59.28 wrist_roll.pos=-3.44 gripper.pos=+0.94
DEBUG 2026-09-03 09:02:37 [action #114] t=6.02s step=113 queue=16 dmax=2.667 | shoulder_pan.pos=-40.20 shoulder_lift.pos=-77.32 elbow_flex.pos=+66.08 wrist_flex.pos=+58.99 wrist_roll.pos=-3.70 gripper.pos=+1.13
DEBUG 2026-09-03 09:02:37 [action #115] t=6.05s step=114 queue=15 dmax=2.115 | shoulder_pan.pos=-40.38 shoulder_lift.pos=-75.21 elbow_flex.pos=+64.53 wrist_flex.pos=+58.79 wrist_roll.pos=-4.05 gripper.pos=+1.18
DEBUG 2026-09-03 09:02:38 [action #116] t=6.09s step=115 queue=14 dmax=2.579 | shoulder_pan.pos=-40.57 shoulder_lift.pos=-72.63 elbow_flex.pos=+63.05 wrist_flex.pos=+58.79 wrist_roll.pos=-4.44 gripper.pos=+1.10
DEBUG 2026-09-03 09:02:38 [action #117] t=6.12s step=116 queue=13 dmax=2.822 | shoulder_pan.pos=-40.52 shoulder_lift.pos=-69.81 elbow_flex.pos=+61.41 wrist_flex.pos=+59.09 wrist_roll.pos=-4.93 gripper.pos=+1.08
DEBUG 2026-09-03 09:02:38 [action #118] t=6.15s step=117 queue=12 dmax=2.776 | shoulder_pan.pos=-40.90 shoulder_lift.pos=-67.03 elbow_flex.pos=+59.67 wrist_flex.pos=+59.12 wrist_roll.pos=-5.28 gripper.pos=+1.07
DEBUG 2026-09-03 09:02:38 [action #119] t=6.19s step=118 queue=11 dmax=2.071 | shoulder_pan.pos=-40.91 shoulder_lift.pos=-64.96 elbow_flex.pos=+58.01 wrist_flex.pos=+58.84 wrist_roll.pos=-5.70 gripper.pos=+1.04
DEBUG 2026-09-03 09:02:38 [action #120] t=6.22s step=119 queue=10 dmax=2.036 | shoulder_pan.pos=-40.91 shoulder_lift.pos=-62.92 elbow_flex.pos=+56.44 wrist_flex.pos=+58.89 wrist_roll.pos=-5.92 gripper.pos=+1.00
DEBUG 2026-09-03 09:02:38 [action #121] t=6.25s step=120 queue=9 dmax=1.459 | shoulder_pan.pos=-40.98 shoulder_lift.pos=-61.46 elbow_flex.pos=+55.40 wrist_flex.pos=+59.00 wrist_roll.pos=-5.94 gripper.pos=+0.97
DEBUG 2026-09-03 09:02:38 [action #122] t=6.29s step=121 queue=8 dmax=1.761 | shoulder_pan.pos=-41.12 shoulder_lift.pos=-59.70 elbow_flex.pos=+54.66 wrist_flex.pos=+59.04 wrist_roll.pos=-6.12 gripper.pos=+1.09
DEBUG 2026-09-03 09:02:38 [action #123] t=6.32s step=122 queue=7 dmax=1.397 | shoulder_pan.pos=-41.35 shoulder_lift.pos=-58.31 elbow_flex.pos=+53.42 wrist_flex.pos=+59.26 wrist_roll.pos=-5.83 gripper.pos=+1.15
DEBUG 2026-09-03 09:02:38 [action #124] t=6.35s step=123 queue=6 dmax=0.807 | shoulder_pan.pos=-41.40 shoulder_lift.pos=-57.50 elbow_flex.pos=+53.00 wrist_flex.pos=+59.37 wrist_roll.pos=-5.72 gripper.pos=+1.04
DEBUG 2026-09-03 09:02:38 [action #125] t=6.39s step=124 queue=5 dmax=0.993 | shoulder_pan.pos=-41.83 shoulder_lift.pos=-56.51 elbow_flex.pos=+52.55 wrist_flex.pos=+59.62 wrist_roll.pos=-5.77 gripper.pos=+1.06
DEBUG 2026-09-03 09:02:38 [action #126] t=6.42s step=125 queue=4 dmax=1.439 | shoulder_pan.pos=-41.84 shoulder_lift.pos=-55.52 elbow_flex.pos=+51.11 wrist_flex.pos=+59.92 wrist_roll.pos=-5.66 gripper.pos=+1.18
DEBUG 2026-09-03 09:02:38 [action #127] t=6.45s step=126 queue=3 dmax=0.877 | shoulder_pan.pos=-41.88 shoulder_lift.pos=-54.72 elbow_flex.pos=+50.23 wrist_flex.pos=+59.92 wrist_roll.pos=-5.65 gripper.pos=+1.20
DEBUG 2026-09-03 09:02:38 [action #128] t=6.49s step=127 queue=2 dmax=1.071 | shoulder_pan.pos=-41.78 shoulder_lift.pos=-53.65 elbow_flex.pos=+50.63 wrist_flex.pos=+60.10 wrist_roll.pos=-5.67 gripper.pos=+1.16
DEBUG 2026-09-03 09:02:38 [chunk] received 50 actions, timesteps 101..150 | first: shoulder_pan.pos=-45.49 shoulder_lift.pos=-60.89 elbow_flex.pos=+58.24 wrist_flex.pos=+55.61 wrist_roll.pos=-5.42 gripper.pos=+1.85 | last: shoulder_pan.pos=-45.68 shoulder_lift.pos=-13.38 elbow_flex.pos=+22.61 wrist_flex.pos=+65.65 wrist_roll.pos=-6.87 gripper.pos=+30.83
DEBUG 2026-09-03 09:02:38 [action #129] t=6.52s step=128 queue=23 dmax=15.047 | shoulder_pan.pos=-44.35 shoulder_lift.pos=-38.60 elbow_flex.pos=+40.01 wrist_flex.pos=+57.91 wrist_roll.pos=-6.29 gripper.pos=+1.35
DEBUG 2026-09-03 09:02:38 [action #130] t=6.55s step=129 queue=22 dmax=6.830 | shoulder_pan.pos=-45.63 shoulder_lift.pos=-31.77 elbow_flex.pos=+34.14 wrist_flex.pos=+57.17 wrist_roll.pos=-6.47 gripper.pos=+1.65
DEBUG 2026-09-03 09:02:38 [action #131] t=6.59s step=130 queue=21 dmax=1.787 | shoulder_pan.pos=-45.92 shoulder_lift.pos=-29.98 elbow_flex.pos=+33.69 wrist_flex.pos=+57.87 wrist_roll.pos=-6.66 gripper.pos=+2.29
DEBUG 2026-09-03 09:02:38 [action #132] t=6.62s step=131 queue=20 dmax=1.316 | shoulder_pan.pos=-46.13 shoulder_lift.pos=-28.67 elbow_flex.pos=+33.32 wrist_flex.pos=+58.38 wrist_roll.pos=-6.63 gripper.pos=+3.49
DEBUG 2026-09-03 09:02:38 [action #133] t=6.65s step=132 queue=19 dmax=1.636 | shoulder_pan.pos=-46.07 shoulder_lift.pos=-27.89 elbow_flex.pos=+31.69 wrist_flex.pos=+59.31 wrist_roll.pos=-6.75 gripper.pos=+5.13
DEBUG 2026-09-03 09:02:38 [action #134] t=6.69s step=133 queue=18 dmax=1.960 | shoulder_pan.pos=-46.18 shoulder_lift.pos=-25.93 elbow_flex.pos=+30.14 wrist_flex.pos=+60.05 wrist_roll.pos=-6.84 gripper.pos=+6.92
DEBUG 2026-09-03 09:02:38 [action #135] t=6.72s step=134 queue=17 dmax=1.563 | shoulder_pan.pos=-46.41 shoulder_lift.pos=-24.68 elbow_flex.pos=+29.22 wrist_flex.pos=+60.90 wrist_roll.pos=-6.74 gripper.pos=+8.49
DEBUG 2026-09-03 09:02:38 [action #136] t=6.75s step=135 queue=16 dmax=1.259 | shoulder_pan.pos=-46.26 shoulder_lift.pos=-23.52 elbow_flex.pos=+28.46 wrist_flex.pos=+61.30 wrist_roll.pos=-6.76 gripper.pos=+9.75
DEBUG 2026-09-03 09:02:38 [action #137] t=6.79s step=136 queue=15 dmax=1.559 | shoulder_pan.pos=-46.49 shoulder_lift.pos=-21.96 elbow_flex.pos=+27.84 wrist_flex.pos=+61.88 wrist_roll.pos=-6.75 gripper.pos=+10.73
DEBUG 2026-09-03 09:02:38 [action #138] t=6.82s step=137 queue=14 dmax=0.994 | shoulder_pan.pos=-46.52 shoulder_lift.pos=-21.09 elbow_flex.pos=+26.85 wrist_flex.pos=+62.78 wrist_roll.pos=-6.77 gripper.pos=+11.67
DEBUG 2026-09-03 09:02:38 [action #139] t=6.85s step=138 queue=13 dmax=1.601 | shoulder_pan.pos=-46.53 shoulder_lift.pos=-19.49 elbow_flex.pos=+26.09 wrist_flex.pos=+63.38 wrist_roll.pos=-6.79 gripper.pos=+12.57
DEBUG 2026-09-03 09:02:38 [action #140] t=6.89s step=139 queue=12 dmax=1.178 | shoulder_pan.pos=-46.37 shoulder_lift.pos=-18.35 elbow_flex.pos=+25.31 wrist_flex.pos=+64.06 wrist_roll.pos=-6.85 gripper.pos=+13.75
DEBUG 2026-09-03 09:02:38 [action #141] t=6.92s step=140 queue=11 dmax=1.479 | shoulder_pan.pos=-46.22 shoulder_lift.pos=-17.40 elbow_flex.pos=+25.21 wrist_flex.pos=+64.56 wrist_roll.pos=-6.82 gripper.pos=+15.23
DEBUG 2026-09-03 09:02:38 [action #142] t=6.96s step=141 queue=10 dmax=1.984 | shoulder_pan.pos=-46.16 shoulder_lift.pos=-16.21 elbow_flex.pos=+24.36 wrist_flex.pos=+64.98 wrist_roll.pos=-6.86 gripper.pos=+17.21
DEBUG 2026-09-03 09:02:38 [action #143] t=6.99s step=142 queue=9 dmax=2.197 | shoulder_pan.pos=-45.95 shoulder_lift.pos=-15.82 elbow_flex.pos=+23.78 wrist_flex.pos=+65.36 wrist_roll.pos=-6.81 gripper.pos=+19.41
DEBUG 2026-09-03 09:02:38 [action #144] t=7.02s step=143 queue=8 dmax=2.258 | shoulder_pan.pos=-46.19 shoulder_lift.pos=-15.57 elbow_flex.pos=+24.56 wrist_flex.pos=+65.57 wrist_roll.pos=-6.71 gripper.pos=+21.66
DEBUG 2026-09-03 09:02:38 [action #145] t=7.06s step=144 queue=7 dmax=2.356 | shoulder_pan.pos=-46.11 shoulder_lift.pos=-15.31 elbow_flex.pos=+24.33 wrist_flex.pos=+65.40 wrist_roll.pos=-6.86 gripper.pos=+24.02
DEBUG 2026-09-03 09:02:39 [action #146] t=7.09s step=145 queue=6 dmax=1.899 | shoulder_pan.pos=-46.41 shoulder_lift.pos=-14.47 elbow_flex.pos=+24.33 wrist_flex.pos=+65.59 wrist_roll.pos=-6.85 gripper.pos=+25.92
DEBUG 2026-09-03 09:02:39 [action #147] t=7.12s step=146 queue=5 dmax=1.509 | shoulder_pan.pos=-46.13 shoulder_lift.pos=-14.71 elbow_flex.pos=+23.73 wrist_flex.pos=+65.45 wrist_roll.pos=-6.77 gripper.pos=+27.43
DEBUG 2026-09-03 09:02:39 [action #148] t=7.16s step=147 queue=4 dmax=1.037 | shoulder_pan.pos=-46.19 shoulder_lift.pos=-14.27 elbow_flex.pos=+23.71 wrist_flex.pos=+65.56 wrist_roll.pos=-6.85 gripper.pos=+28.47
DEBUG 2026-09-03 09:02:39 [action #149] t=7.19s step=148 queue=3 dmax=0.781 | shoulder_pan.pos=-46.16 shoulder_lift.pos=-14.50 elbow_flex.pos=+23.53 wrist_flex.pos=+65.66 wrist_roll.pos=-6.82 gripper.pos=+29.25
DEBUG 2026-09-03 09:02:39 [action #150] t=7.22s step=149 queue=2 dmax=1.190 | shoulder_pan.pos=-46.04 shoulder_lift.pos=-13.31 elbow_flex.pos=+23.20 wrist_flex.pos=+65.64 wrist_roll.pos=-6.87 gripper.pos=+30.19
DEBUG 2026-09-03 09:02:39 [action #151] t=7.26s step=150 queue=1 dmax=0.643 | shoulder_pan.pos=-45.68 shoulder_lift.pos=-13.38 elbow_flex.pos=+22.61 wrist_flex.pos=+65.65 wrist_roll.pos=-6.87 gripper.pos=+30.83
DEBUG 2026-09-03 09:02:39 [chunk] received 50 actions, timesteps 127..176 | first: shoulder_pan.pos=-41.01 shoulder_lift.pos=-52.64 elbow_flex.pos=+49.94 wrist_flex.pos=+57.84 wrist_roll.pos=-5.49 gripper.pos=+1.51 | last: shoulder_pan.pos=-44.77 shoulder_lift.pos=-3.19 elbow_flex.pos=+16.72 wrist_flex.pos=+65.74 wrist_roll.pos=-5.65 gripper.pos=+32.65
DEBUG 2026-09-03 09:02:39 [action #152] t=7.46s step=151 queue=26 dmax=24.393 | shoulder_pan.pos=-41.38 shoulder_lift.pos=-23.64 elbow_flex.pos=+29.08 wrist_flex.pos=+61.03 wrist_roll.pos=-7.13 gripper.pos=+6.44
DEBUG 2026-09-03 09:02:39 [action #153] t=7.49s step=152 queue=25 dmax=1.658 | shoulder_pan.pos=-41.36 shoulder_lift.pos=-22.89 elbow_flex.pos=+27.84 wrist_flex.pos=+61.87 wrist_roll.pos=-7.01 gripper.pos=+8.09
DEBUG 2026-09-03 09:02:39 [action #154] t=7.52s step=153 queue=24 dmax=2.136 | shoulder_pan.pos=-41.69 shoulder_lift.pos=-21.75 elbow_flex.pos=+27.53 wrist_flex.pos=+62.48 wrist_roll.pos=-6.99 gripper.pos=+10.23
DEBUG 2026-09-03 09:02:39 [action #155] t=7.56s step=154 queue=23 dmax=2.964 | shoulder_pan.pos=-42.43 shoulder_lift.pos=-20.75 elbow_flex.pos=+26.51 wrist_flex.pos=+63.02 wrist_roll.pos=-7.01 gripper.pos=+13.19
DEBUG 2026-09-03 09:02:39 [action #156] t=7.59s step=155 queue=22 dmax=3.614 | shoulder_pan.pos=-42.44 shoulder_lift.pos=-19.43 elbow_flex.pos=+26.38 wrist_flex.pos=+63.90 wrist_roll.pos=-6.96 gripper.pos=+16.81
DEBUG 2026-09-03 09:02:39 [action #157] t=7.62s step=156 queue=21 dmax=3.460 | shoulder_pan.pos=-42.35 shoulder_lift.pos=-18.70 elbow_flex.pos=+25.00 wrist_flex.pos=+64.34 wrist_roll.pos=-6.65 gripper.pos=+20.27
DEBUG 2026-09-03 09:02:39 [action #158] t=7.66s step=157 queue=20 dmax=2.628 | shoulder_pan.pos=-42.18 shoulder_lift.pos=-18.29 elbow_flex.pos=+24.37 wrist_flex.pos=+65.04 wrist_roll.pos=-6.79 gripper.pos=+22.90
DEBUG 2026-09-03 09:02:39 [action #159] t=7.69s step=158 queue=19 dmax=1.660 | shoulder_pan.pos=-42.42 shoulder_lift.pos=-17.33 elbow_flex.pos=+23.77 wrist_flex.pos=+65.16 wrist_roll.pos=-6.72 gripper.pos=+24.56
DEBUG 2026-09-03 09:02:39 [action #160] t=7.72s step=159 queue=18 dmax=1.133 | shoulder_pan.pos=-42.62 shoulder_lift.pos=-16.20 elbow_flex.pos=+22.80 wrist_flex.pos=+65.61 wrist_roll.pos=-6.59 gripper.pos=+25.18
DEBUG 2026-09-03 09:02:39 [action #161] t=7.76s step=160 queue=17 dmax=0.650 | shoulder_pan.pos=-42.66 shoulder_lift.pos=-15.63 elbow_flex.pos=+22.15 wrist_flex.pos=+65.67 wrist_roll.pos=-6.64 gripper.pos=+25.39
DEBUG 2026-09-03 09:02:39 [action #162] t=7.79s step=161 queue=16 dmax=1.335 | shoulder_pan.pos=-42.68 shoulder_lift.pos=-14.30 elbow_flex.pos=+21.79 wrist_flex.pos=+65.78 wrist_roll.pos=-6.58 gripper.pos=+25.38
DEBUG 2026-09-03 09:02:39 [action #163] t=7.83s step=162 queue=15 dmax=1.197 | shoulder_pan.pos=-42.88 shoulder_lift.pos=-13.77 elbow_flex.pos=+20.60 wrist_flex.pos=+65.86 wrist_roll.pos=-6.62 gripper.pos=+25.67
DEBUG 2026-09-03 09:02:39 [action #164] t=7.86s step=163 queue=14 dmax=0.766 | shoulder_pan.pos=-42.67 shoulder_lift.pos=-13.61 elbow_flex.pos=+21.07 wrist_flex.pos=+65.81 wrist_roll.pos=-6.54 gripper.pos=+26.44
DEBUG 2026-09-03 09:02:39 [action #165] t=7.89s step=164 queue=13 dmax=1.276 | shoulder_pan.pos=-42.85 shoulder_lift.pos=-12.33 elbow_flex.pos=+21.07 wrist_flex.pos=+65.71 wrist_roll.pos=-6.60 gripper.pos=+27.38
DEBUG 2026-09-03 09:02:39 [action #166] t=7.93s step=165 queue=12 dmax=1.245 | shoulder_pan.pos=-43.21 shoulder_lift.pos=-12.43 elbow_flex.pos=+19.82 wrist_flex.pos=+65.68 wrist_roll.pos=-6.55 gripper.pos=+28.42
DEBUG 2026-09-03 09:02:39 [action #167] t=7.96s step=166 queue=11 dmax=0.798 | shoulder_pan.pos=-43.03 shoulder_lift.pos=-12.19 elbow_flex.pos=+19.02 wrist_flex.pos=+65.81 wrist_roll.pos=-6.41 gripper.pos=+28.96
DEBUG 2026-09-03 09:02:39 [action #168] t=7.99s step=167 queue=10 dmax=0.807 | shoulder_pan.pos=-43.06 shoulder_lift.pos=-11.38 elbow_flex.pos=+19.72 wrist_flex.pos=+65.78 wrist_roll.pos=-6.45 gripper.pos=+29.61
DEBUG 2026-09-03 09:02:39 [action #169] t=8.03s step=168 queue=9 dmax=0.763 | shoulder_pan.pos=-43.30 shoulder_lift.pos=-10.62 elbow_flex.pos=+19.05 wrist_flex.pos=+65.85 wrist_roll.pos=-6.37 gripper.pos=+29.71
DEBUG 2026-09-03 09:02:39 [action #170] t=8.06s step=169 queue=8 dmax=0.544 | shoulder_pan.pos=-43.74 shoulder_lift.pos=-10.07 elbow_flex.pos=+18.65 wrist_flex.pos=+65.59 wrist_roll.pos=-6.24 gripper.pos=+29.85
DEBUG 2026-09-03 09:02:40 [action #171] t=8.09s step=170 queue=7 dmax=0.489 | shoulder_pan.pos=-43.81 shoulder_lift.pos=-9.58 elbow_flex.pos=+18.54 wrist_flex.pos=+65.60 wrist_roll.pos=-6.07 gripper.pos=+29.79
DEBUG 2026-09-03 09:02:40 [action #172] t=8.13s step=171 queue=6 dmax=1.037 | shoulder_pan.pos=-43.82 shoulder_lift.pos=-8.55 elbow_flex.pos=+18.40 wrist_flex.pos=+65.60 wrist_roll.pos=-5.90 gripper.pos=+30.05
DEBUG 2026-09-03 09:02:40 [action #173] t=8.16s step=172 queue=5 dmax=0.742 | shoulder_pan.pos=-43.95 shoulder_lift.pos=-7.80 elbow_flex.pos=+18.18 wrist_flex.pos=+65.80 wrist_roll.pos=-5.75 gripper.pos=+30.39
DEBUG 2026-09-03 09:02:40 [action #174] t=8.19s step=173 queue=4 dmax=1.286 | shoulder_pan.pos=-44.14 shoulder_lift.pos=-6.52 elbow_flex.pos=+17.63 wrist_flex.pos=+65.49 wrist_roll.pos=-5.68 gripper.pos=+30.58
DEBUG 2026-09-03 09:02:40 [chunk] received 50 actions, timesteps 150..199 | first: shoulder_pan.pos=-46.18 shoulder_lift.pos=-9.80 elbow_flex.pos=+19.90 wrist_flex.pos=+66.34 wrist_roll.pos=-5.94 gripper.pos=+29.24 | last: shoulder_pan.pos=-45.58 shoulder_lift.pos=+26.04 elbow_flex.pos=-4.87 wrist_flex.pos=+70.64 wrist_roll.pos=-5.80 gripper.pos=+5.91
DEBUG 2026-09-03 09:02:40 [action #175] t=8.23s step=174 queue=26 dmax=14.113 | shoulder_pan.pos=-45.43 shoulder_lift.pos=+7.59 elbow_flex.pos=+8.19 wrist_flex.pos=+67.81 wrist_roll.pos=-5.95 gripper.pos=+30.55
DEBUG 2026-09-03 09:02:40 [action #176] t=8.26s step=175 queue=25 dmax=1.325 | shoulder_pan.pos=-45.35 shoulder_lift.pos=+8.36 elbow_flex.pos=+6.87 wrist_flex.pos=+67.86 wrist_roll.pos=-5.90 gripper.pos=+30.85
DEBUG 2026-09-03 09:02:40 [action #177] t=8.29s step=176 queue=24 dmax=1.040 | shoulder_pan.pos=-45.39 shoulder_lift.pos=+9.40 elbow_flex.pos=+6.17 wrist_flex.pos=+67.96 wrist_roll.pos=-5.96 gripper.pos=+31.34
DEBUG 2026-09-03 09:02:40 [action #178] t=8.33s step=177 queue=23 dmax=6.673 | shoulder_pan.pos=-45.25 shoulder_lift.pos=+16.08 elbow_flex.pos=+0.93 wrist_flex.pos=+69.48 wrist_roll.pos=-6.21 gripper.pos=+30.81
DEBUG 2026-09-03 09:02:40 [action #179] t=8.36s step=178 queue=22 dmax=1.144 | shoulder_pan.pos=-45.15 shoulder_lift.pos=+17.02 elbow_flex.pos=-0.21 wrist_flex.pos=+69.46 wrist_roll.pos=-6.41 gripper.pos=+31.01
DEBUG 2026-09-03 09:02:40 [action #180] t=8.39s step=179 queue=21 dmax=1.823 | shoulder_pan.pos=-45.19 shoulder_lift.pos=+18.84 elbow_flex.pos=-1.18 wrist_flex.pos=+70.24 wrist_roll.pos=-6.39 gripper.pos=+30.68
DEBUG 2026-09-03 09:02:40 [action #181] t=8.43s step=180 queue=20 dmax=0.317 | shoulder_pan.pos=-44.94 shoulder_lift.pos=+19.13 elbow_flex.pos=-1.21 wrist_flex.pos=+70.55 wrist_roll.pos=-6.40 gripper.pos=+30.76
DEBUG 2026-09-03 09:02:40 [action #182] t=8.46s step=181 queue=19 dmax=1.530 | shoulder_pan.pos=-44.84 shoulder_lift.pos=+19.64 elbow_flex.pos=-2.74 wrist_flex.pos=+71.27 wrist_roll.pos=-6.52 gripper.pos=+30.88
DEBUG 2026-09-03 09:02:40 [action #183] t=8.49s step=182 queue=18 dmax=1.063 | shoulder_pan.pos=-44.77 shoulder_lift.pos=+20.70 elbow_flex.pos=-3.66 wrist_flex.pos=+71.56 wrist_roll.pos=-6.48 gripper.pos=+30.62
DEBUG 2026-09-03 09:02:40 [action #184] t=8.53s step=183 queue=17 dmax=1.330 | shoulder_pan.pos=-45.06 shoulder_lift.pos=+22.03 elbow_flex.pos=-4.95 wrist_flex.pos=+72.00 wrist_roll.pos=-6.68 gripper.pos=+30.96
DEBUG 2026-09-03 09:02:40 [action #185] t=8.56s step=184 queue=16 dmax=0.784 | shoulder_pan.pos=-44.28 shoulder_lift.pos=+22.34 elbow_flex.pos=-5.43 wrist_flex.pos=+72.02 wrist_roll.pos=-6.72 gripper.pos=+30.98
DEBUG 2026-09-03 09:02:40 [action #186] t=8.59s step=185 queue=15 dmax=2.012 | shoulder_pan.pos=-44.79 shoulder_lift.pos=+23.79 elbow_flex.pos=-7.44 wrist_flex.pos=+72.38 wrist_roll.pos=-6.66 gripper.pos=+31.21
DEBUG 2026-09-03 09:02:40 [action #187] t=8.63s step=186 queue=14 dmax=1.163 | shoulder_pan.pos=-44.73 shoulder_lift.pos=+24.44 elbow_flex.pos=-6.28 wrist_flex.pos=+72.49 wrist_roll.pos=-6.71 gripper.pos=+30.83
DEBUG 2026-09-03 09:02:40 [action #188] t=8.66s step=187 queue=13 dmax=0.929 | shoulder_pan.pos=-44.76 shoulder_lift.pos=+25.01 elbow_flex.pos=-7.21 wrist_flex.pos=+72.36 wrist_roll.pos=-6.80 gripper.pos=+30.22
DEBUG 2026-09-03 09:02:40 [action #189] t=8.69s step=188 queue=12 dmax=1.478 | shoulder_pan.pos=-44.62 shoulder_lift.pos=+25.13 elbow_flex.pos=-7.33 wrist_flex.pos=+72.19 wrist_roll.pos=-6.88 gripper.pos=+28.74
DEBUG 2026-09-03 09:02:40 [action #190] t=8.73s step=189 queue=11 dmax=2.866 | shoulder_pan.pos=-45.24 shoulder_lift.pos=+24.28 elbow_flex.pos=-6.82 wrist_flex.pos=+72.07 wrist_roll.pos=-6.65 gripper.pos=+25.87
DEBUG 2026-09-03 09:02:40 [action #191] t=8.76s step=190 queue=10 dmax=3.286 | shoulder_pan.pos=-45.39 shoulder_lift.pos=+25.93 elbow_flex.pos=-6.41 wrist_flex.pos=+71.49 wrist_roll.pos=-6.43 gripper.pos=+22.59
DEBUG 2026-09-03 09:02:40 [action #192] t=8.79s step=191 queue=9 dmax=3.777 | shoulder_pan.pos=-45.11 shoulder_lift.pos=+26.22 elbow_flex.pos=-4.97 wrist_flex.pos=+71.14 wrist_roll.pos=-6.39 gripper.pos=+18.81
DEBUG 2026-09-03 09:02:40 [action #193] t=8.83s step=192 queue=8 dmax=3.316 | shoulder_pan.pos=-45.49 shoulder_lift.pos=+25.79 elbow_flex.pos=-5.00 wrist_flex.pos=+70.92 wrist_roll.pos=-6.17 gripper.pos=+15.50
DEBUG 2026-09-03 09:02:40 [action #194] t=8.86s step=193 queue=7 dmax=2.608 | shoulder_pan.pos=-45.05 shoulder_lift.pos=+26.10 elbow_flex.pos=-4.80 wrist_flex.pos=+70.71 wrist_roll.pos=-6.11 gripper.pos=+12.89
DEBUG 2026-09-03 09:02:40 [action #195] t=8.90s step=194 queue=6 dmax=1.867 | shoulder_pan.pos=-45.30 shoulder_lift.pos=+26.14 elbow_flex.pos=-4.18 wrist_flex.pos=+70.77 wrist_roll.pos=-5.91 gripper.pos=+11.02
DEBUG 2026-09-03 09:02:40 [action #196] t=8.93s step=195 queue=5 dmax=1.480 | shoulder_pan.pos=-45.70 shoulder_lift.pos=+26.51 elbow_flex.pos=-5.67 wrist_flex.pos=+70.33 wrist_roll.pos=-5.81 gripper.pos=+9.72
DEBUG 2026-09-03 09:02:40 [action #197] t=8.96s step=196 queue=4 dmax=1.712 | shoulder_pan.pos=-45.50 shoulder_lift.pos=+25.89 elbow_flex.pos=-3.95 wrist_flex.pos=+70.47 wrist_roll.pos=-5.75 gripper.pos=+8.44
DEBUG 2026-09-03 09:02:40 [action #198] t=9.00s step=197 queue=3 dmax=0.884 | shoulder_pan.pos=-45.47 shoulder_lift.pos=+26.58 elbow_flex.pos=-4.40 wrist_flex.pos=+70.63 wrist_roll.pos=-5.62 gripper.pos=+7.56
DEBUG 2026-09-03 09:02:40 [action #199] t=9.03s step=198 queue=2 dmax=0.877 | shoulder_pan.pos=-45.65 shoulder_lift.pos=+26.21 elbow_flex.pos=-4.21 wrist_flex.pos=+70.43 wrist_roll.pos=-5.65 gripper.pos=+6.68
DEBUG 2026-09-03 09:02:40 [action #200] t=9.06s step=199 queue=1 dmax=0.766 | shoulder_pan.pos=-45.58 shoulder_lift.pos=+26.04 elbow_flex.pos=-4.87 wrist_flex.pos=+70.64 wrist_roll.pos=-5.80 gripper.pos=+5.91
DEBUG 2026-09-03 09:02:41 [chunk] received 50 actions, timesteps 173..222 | first: shoulder_pan.pos=-42.08 shoulder_lift.pos=-6.19 elbow_flex.pos=+15.64 wrist_flex.pos=+67.01 wrist_roll.pos=-6.17 gripper.pos=+30.21 | last: shoulder_pan.pos=-40.70 shoulder_lift.pos=+31.73 elbow_flex.pos=-14.44 wrist_flex.pos=+76.55 wrist_roll.pos=-6.46 gripper.pos=+8.82
DEBUG 2026-09-03 09:02:41 [action #201] t=9.13s step=200 queue=23 dmax=25.159 | shoulder_pan.pos=-41.67 shoulder_lift.pos=+25.59 elbow_flex.pos=-8.40 wrist_flex.pos=+73.87 wrist_roll.pos=-5.81 gripper.pos=+31.07
DEBUG 2026-09-03 09:02:41 [action #202] t=9.16s step=201 queue=22 dmax=0.713 | shoulder_pan.pos=-41.66 shoulder_lift.pos=+26.31 elbow_flex.pos=-8.83 wrist_flex.pos=+74.19 wrist_roll.pos=-5.94 gripper.pos=+31.07
DEBUG 2026-09-03 09:02:41 [action #203] t=9.20s step=202 queue=21 dmax=1.286 | shoulder_pan.pos=-41.47 shoulder_lift.pos=+27.18 elbow_flex.pos=-10.12 wrist_flex.pos=+74.55 wrist_roll.pos=-5.84 gripper.pos=+30.92
DEBUG 2026-09-03 09:02:41 [action #204] t=9.23s step=203 queue=20 dmax=1.288 | shoulder_pan.pos=-41.59 shoulder_lift.pos=+28.47 elbow_flex.pos=-10.79 wrist_flex.pos=+74.64 wrist_roll.pos=-5.86 gripper.pos=+31.08
DEBUG 2026-09-03 09:02:41 [action #205] t=9.26s step=204 queue=19 dmax=0.306 | shoulder_pan.pos=-41.52 shoulder_lift.pos=+28.75 elbow_flex.pos=-11.09 wrist_flex.pos=+74.95 wrist_roll.pos=-5.82 gripper.pos=+31.07
DEBUG 2026-09-03 09:02:41 [action #206] t=9.30s step=205 queue=18 dmax=0.945 | shoulder_pan.pos=-41.32 shoulder_lift.pos=+29.38 elbow_flex.pos=-12.04 wrist_flex.pos=+74.98 wrist_roll.pos=-5.84 gripper.pos=+31.02
DEBUG 2026-09-03 09:02:41 [action #207] t=9.33s step=206 queue=17 dmax=1.181 | shoulder_pan.pos=-41.42 shoulder_lift.pos=+30.56 elbow_flex.pos=-12.12 wrist_flex.pos=+75.12 wrist_roll.pos=-5.96 gripper.pos=+31.07
DEBUG 2026-09-03 09:02:41 [action #208] t=9.36s step=207 queue=16 dmax=0.968 | shoulder_pan.pos=-41.23 shoulder_lift.pos=+31.31 elbow_flex.pos=-13.08 wrist_flex.pos=+75.62 wrist_roll.pos=-5.79 gripper.pos=+31.16
DEBUG 2026-09-03 09:02:41 [action #209] t=9.40s step=208 queue=15 dmax=0.770 | shoulder_pan.pos=-41.25 shoulder_lift.pos=+32.08 elbow_flex.pos=-12.97 wrist_flex.pos=+75.96 wrist_roll.pos=-5.91 gripper.pos=+31.11
DEBUG 2026-09-03 09:02:41 [action #210] t=9.43s step=209 queue=14 dmax=0.728 | shoulder_pan.pos=-41.20 shoulder_lift.pos=+32.54 elbow_flex.pos=-13.69 wrist_flex.pos=+76.10 wrist_roll.pos=-5.94 gripper.pos=+31.04
DEBUG 2026-09-03 09:02:41 [action #211] t=9.46s step=210 queue=13 dmax=0.743 | shoulder_pan.pos=-40.97 shoulder_lift.pos=+32.83 elbow_flex.pos=-14.11 wrist_flex.pos=+76.07 wrist_roll.pos=-6.04 gripper.pos=+30.30
DEBUG 2026-09-03 09:02:41 [action #212] t=9.50s step=211 queue=12 dmax=1.741 | shoulder_pan.pos=-40.70 shoulder_lift.pos=+32.63 elbow_flex.pos=-13.88 wrist_flex.pos=+76.16 wrist_roll.pos=-6.03 gripper.pos=+28.56
DEBUG 2026-09-03 09:02:41 [action #213] t=9.53s step=212 queue=11 dmax=2.484 | shoulder_pan.pos=-40.81 shoulder_lift.pos=+32.83 elbow_flex.pos=-14.07 wrist_flex.pos=+76.31 wrist_roll.pos=-6.03 gripper.pos=+26.07
DEBUG 2026-09-03 09:02:41 [action #214] t=9.56s step=213 queue=10 dmax=3.173 | shoulder_pan.pos=-40.76 shoulder_lift.pos=+32.56 elbow_flex.pos=-14.61 wrist_flex.pos=+76.47 wrist_roll.pos=-6.17 gripper.pos=+22.90
DEBUG 2026-09-03 09:02:41 [action #215] t=9.60s step=214 queue=9 dmax=3.305 | shoulder_pan.pos=-40.77 shoulder_lift.pos=+32.76 elbow_flex.pos=-14.55 wrist_flex.pos=+76.64 wrist_roll.pos=-6.13 gripper.pos=+19.59
DEBUG 2026-09-03 09:02:41 [action #216] t=9.63s step=215 queue=8 dmax=3.381 | shoulder_pan.pos=-40.69 shoulder_lift.pos=+32.46 elbow_flex.pos=-14.35 wrist_flex.pos=+76.44 wrist_roll.pos=-6.23 gripper.pos=+16.21
DEBUG 2026-09-03 09:02:41 [action #217] t=9.66s step=216 queue=7 dmax=2.586 | shoulder_pan.pos=-40.53 shoulder_lift.pos=+32.56 elbow_flex.pos=-14.24 wrist_flex.pos=+76.40 wrist_roll.pos=-6.23 gripper.pos=+13.63
DEBUG 2026-09-03 09:02:41 [action #218] t=9.70s step=217 queue=6 dmax=1.742 | shoulder_pan.pos=-40.61 shoulder_lift.pos=+32.42 elbow_flex.pos=-14.43 wrist_flex.pos=+76.23 wrist_roll.pos=-6.26 gripper.pos=+11.89
DEBUG 2026-09-03 09:02:41 [action #219] t=9.73s step=218 queue=5 dmax=0.928 | shoulder_pan.pos=-40.46 shoulder_lift.pos=+32.16 elbow_flex.pos=-14.21 wrist_flex.pos=+76.18 wrist_roll.pos=-6.31 gripper.pos=+10.96
DEBUG 2026-09-03 09:02:41 [action #220] t=9.76s step=219 queue=4 dmax=0.582 | shoulder_pan.pos=-40.60 shoulder_lift.pos=+32.25 elbow_flex.pos=-13.93 wrist_flex.pos=+76.26 wrist_roll.pos=-6.40 gripper.pos=+10.38
DEBUG 2026-09-03 09:02:41 [action #221] t=9.80s step=220 queue=3 dmax=0.579 | shoulder_pan.pos=-40.56 shoulder_lift.pos=+32.12 elbow_flex.pos=-14.39 wrist_flex.pos=+76.38 wrist_roll.pos=-6.36 gripper.pos=+9.80
DEBUG 2026-09-03 09:02:41 [action #222] t=9.83s step=221 queue=2 dmax=0.651 | shoulder_pan.pos=-40.67 shoulder_lift.pos=+32.32 elbow_flex.pos=-14.60 wrist_flex.pos=+76.47 wrist_roll.pos=-6.49 gripper.pos=+9.14
DEBUG 2026-09-03 09:02:41 [action #223] t=9.87s step=222 queue=1 dmax=0.596 | shoulder_pan.pos=-40.70 shoulder_lift.pos=+31.73 elbow_flex.pos=-14.44 wrist_flex.pos=+76.55 wrist_roll.pos=-6.46 gripper.pos=+8.82
DEBUG 2026-09-03 09:02:41 [chunk] received 50 actions, timesteps 199..248 | first: shoulder_pan.pos=-43.53 shoulder_lift.pos=+25.62 elbow_flex.pos=-9.35 wrist_flex.pos=+71.73 wrist_roll.pos=-6.22 gripper.pos=+6.21 | last: shoulder_pan.pos=-32.10 shoulder_lift.pos=+4.25 elbow_flex.pos=-39.55 wrist_flex.pos=+100.73 wrist_roll.pos=-11.15 gripper.pos=+3.86
DEBUG 2026-09-03 09:02:42 [action #224] t=10.07s step=223 queue=26 dmax=15.999 | shoulder_pan.pos=-44.28 shoulder_lift.pos=+22.17 elbow_flex.pos=-30.44 wrist_flex.pos=+90.55 wrist_roll.pos=-9.23 gripper.pos=+3.53
DEBUG 2026-09-03 09:02:42 [action #225] t=10.10s step=224 queue=25 dmax=1.414 | shoulder_pan.pos=-44.27 shoulder_lift.pos=+22.93 elbow_flex.pos=-31.86 wrist_flex.pos=+91.69 wrist_roll.pos=-9.29 gripper.pos=+3.56
DEBUG 2026-09-03 09:02:42 [action #226] t=10.13s step=225 queue=24 dmax=1.674 | shoulder_pan.pos=-44.46 shoulder_lift.pos=+22.15 elbow_flex.pos=-33.53 wrist_flex.pos=+92.80 wrist_roll.pos=-9.53 gripper.pos=+3.46
DEBUG 2026-09-03 09:02:42 [action #227] t=10.17s step=226 queue=23 dmax=1.122 | shoulder_pan.pos=-44.51 shoulder_lift.pos=+21.82 elbow_flex.pos=-34.65 wrist_flex.pos=+93.87 wrist_roll.pos=-9.62 gripper.pos=+3.44
DEBUG 2026-09-03 09:02:42 [action #228] t=10.20s step=227 queue=22 dmax=0.950 | shoulder_pan.pos=-44.51 shoulder_lift.pos=+21.19 elbow_flex.pos=-34.73 wrist_flex.pos=+94.82 wrist_roll.pos=-9.78 gripper.pos=+3.58
DEBUG 2026-09-03 09:02:42 [action #229] t=10.23s step=228 queue=21 dmax=0.764 | shoulder_pan.pos=-44.85 shoulder_lift.pos=+20.60 elbow_flex.pos=-35.49 wrist_flex.pos=+95.58 wrist_roll.pos=-10.02 gripper.pos=+3.60
DEBUG 2026-09-03 09:02:42 [action #230] t=10.27s step=229 queue=20 dmax=1.027 | shoulder_pan.pos=-44.35 shoulder_lift.pos=+20.57 elbow_flex.pos=-36.51 wrist_flex.pos=+96.32 wrist_roll.pos=-10.15 gripper.pos=+3.63
DEBUG 2026-09-03 09:02:42 [action #231] t=10.30s step=230 queue=19 dmax=1.150 | shoulder_pan.pos=-44.18 shoulder_lift.pos=+19.42 elbow_flex.pos=-36.94 wrist_flex.pos=+96.65 wrist_roll.pos=-10.22 gripper.pos=+3.75
DEBUG 2026-09-03 09:02:42 [action #232] t=10.33s step=231 queue=18 dmax=0.597 | shoulder_pan.pos=-44.08 shoulder_lift.pos=+18.82 elbow_flex.pos=-36.45 wrist_flex.pos=+96.89 wrist_roll.pos=-10.33 gripper.pos=+3.56
DEBUG 2026-09-03 09:02:42 [action #233] t=10.37s step=232 queue=17 dmax=0.751 | shoulder_pan.pos=-43.77 shoulder_lift.pos=+18.07 elbow_flex.pos=-36.90 wrist_flex.pos=+97.16 wrist_roll.pos=-10.24 gripper.pos=+3.67
DEBUG 2026-09-03 09:02:42 [action #234] t=10.40s step=233 queue=16 dmax=0.787 | shoulder_pan.pos=-43.43 shoulder_lift.pos=+17.28 elbow_flex.pos=-36.93 wrist_flex.pos=+97.34 wrist_roll.pos=-10.50 gripper.pos=+3.71
DEBUG 2026-09-03 09:02:42 [action #235] t=10.43s step=234 queue=15 dmax=1.276 | shoulder_pan.pos=-43.09 shoulder_lift.pos=+16.00 elbow_flex.pos=-36.63 wrist_flex.pos=+97.54 wrist_roll.pos=-10.67 gripper.pos=+3.80
DEBUG 2026-09-03 09:02:42 [action #236] t=10.47s step=235 queue=14 dmax=0.788 | shoulder_pan.pos=-42.30 shoulder_lift.pos=+15.26 elbow_flex.pos=-37.23 wrist_flex.pos=+97.79 wrist_roll.pos=-10.74 gripper.pos=+3.80
DEBUG 2026-09-03 09:02:42 [action #237] t=10.50s step=236 queue=13 dmax=0.784 | shoulder_pan.pos=-42.00 shoulder_lift.pos=+14.71 elbow_flex.pos=-36.45 wrist_flex.pos=+98.00 wrist_roll.pos=-10.79 gripper.pos=+3.70
DEBUG 2026-09-03 09:02:42 [action #238] t=10.53s step=237 queue=12 dmax=0.912 | shoulder_pan.pos=-41.37 shoulder_lift.pos=+13.80 elbow_flex.pos=-37.15 wrist_flex.pos=+98.60 wrist_roll.pos=-10.96 gripper.pos=+3.70
DEBUG 2026-09-03 09:02:42 [action #239] t=10.57s step=238 queue=11 dmax=1.294 | shoulder_pan.pos=-40.53 shoulder_lift.pos=+12.50 elbow_flex.pos=-37.46 wrist_flex.pos=+98.56 wrist_roll.pos=-10.68 gripper.pos=+3.79
DEBUG 2026-09-03 09:02:42 [action #240] t=10.60s step=239 queue=10 dmax=1.359 | shoulder_pan.pos=-39.17 shoulder_lift.pos=+11.75 elbow_flex.pos=-37.17 wrist_flex.pos=+98.65 wrist_roll.pos=-10.75 gripper.pos=+3.76
DEBUG 2026-09-03 09:02:42 [action #241] t=10.63s step=240 queue=9 dmax=0.900 | shoulder_pan.pos=-38.43 shoulder_lift.pos=+10.85 elbow_flex.pos=-37.22 wrist_flex.pos=+98.91 wrist_roll.pos=-10.87 gripper.pos=+3.82
DEBUG 2026-09-03 09:02:42 [action #242] t=10.67s step=241 queue=8 dmax=1.210 | shoulder_pan.pos=-37.22 shoulder_lift.pos=+9.97 elbow_flex.pos=-37.35 wrist_flex.pos=+98.86 wrist_roll.pos=-10.70 gripper.pos=+3.80
DEBUG 2026-09-03 09:02:42 [action #243] t=10.70s step=242 queue=7 dmax=1.729 | shoulder_pan.pos=-36.72 shoulder_lift.pos=+8.25 elbow_flex.pos=-37.54 wrist_flex.pos=+99.06 wrist_roll.pos=-10.88 gripper.pos=+3.96
DEBUG 2026-09-03 09:02:42 [action #244] t=10.73s step=243 queue=6 dmax=1.044 | shoulder_pan.pos=-35.67 shoulder_lift.pos=+7.71 elbow_flex.pos=-37.33 wrist_flex.pos=+99.08 wrist_roll.pos=-10.77 gripper.pos=+3.84
DEBUG 2026-09-03 09:02:42 [action #245] t=10.77s step=244 queue=5 dmax=1.088 | shoulder_pan.pos=-35.28 shoulder_lift.pos=+6.62 elbow_flex.pos=-37.37 wrist_flex.pos=+99.27 wrist_roll.pos=-10.83 gripper.pos=+3.98
DEBUG 2026-09-03 09:02:42 [action #246] t=10.80s step=245 queue=4 dmax=0.722 | shoulder_pan.pos=-34.56 shoulder_lift.pos=+6.02 elbow_flex.pos=-37.78 wrist_flex.pos=+99.62 wrist_roll.pos=-10.92 gripper.pos=+3.76
DEBUG 2026-09-03 09:02:42 [action #247] t=10.84s step=246 queue=3 dmax=0.724 | shoulder_pan.pos=-34.13 shoulder_lift.pos=+5.68 elbow_flex.pos=-38.50 wrist_flex.pos=+100.16 wrist_roll.pos=-10.86 gripper.pos=+3.85
DEBUG 2026-09-03 09:02:42 [action #248] t=10.87s step=247 queue=2 dmax=1.176 | shoulder_pan.pos=-32.96 shoulder_lift.pos=+4.65 elbow_flex.pos=-39.30 wrist_flex.pos=+100.33 wrist_roll.pos=-11.05 gripper.pos=+3.84
DEBUG 2026-09-03 09:02:42 [action #249] t=10.90s step=248 queue=1 dmax=0.863 | shoulder_pan.pos=-32.10 shoulder_lift.pos=+4.25 elbow_flex.pos=-39.55 wrist_flex.pos=+100.73 wrist_roll.pos=-11.15 gripper.pos=+3.86
DEBUG 2026-09-03 09:02:42 [chunk] received 50 actions, timesteps 222..271 | first: shoulder_pan.pos=-41.43 shoulder_lift.pos=+31.09 elbow_flex.pos=-15.78 wrist_flex.pos=+77.98 wrist_roll.pos=-6.57 gripper.pos=+8.12 | last: shoulder_pan.pos=-26.95 shoulder_lift.pos=+7.47 elbow_flex.pos=-38.28 wrist_flex.pos=+101.51 wrist_roll.pos=-11.35 gripper.pos=+5.47
DEBUG 2026-09-03 09:02:42 [action #250] t=10.97s step=249 queue=23 dmax=18.451 | shoulder_pan.pos=-39.78 shoulder_lift.pos=+22.70 elbow_flex.pos=-36.73 wrist_flex.pos=+96.87 wrist_roll.pos=-10.77 gripper.pos=+5.72
DEBUG 2026-09-03 09:02:42 [action #251] t=11.00s step=250 queue=22 dmax=0.839 | shoulder_pan.pos=-39.55 shoulder_lift.pos=+22.70 elbow_flex.pos=-37.57 wrist_flex.pos=+96.99 wrist_roll.pos=-10.95 gripper.pos=+5.67
DEBUG 2026-09-03 09:02:42 [action #252] t=11.04s step=251 queue=21 dmax=1.650 | shoulder_pan.pos=-39.58 shoulder_lift.pos=+21.05 elbow_flex.pos=-38.44 wrist_flex.pos=+97.28 wrist_roll.pos=-10.84 gripper.pos=+5.66
DEBUG 2026-09-03 09:02:43 [action #253] t=11.07s step=252 queue=20 dmax=0.703 | shoulder_pan.pos=-39.25 shoulder_lift.pos=+21.69 elbow_flex.pos=-37.74 wrist_flex.pos=+97.68 wrist_roll.pos=-10.91 gripper.pos=+5.59
DEBUG 2026-09-03 09:02:43 [action #254] t=11.10s step=253 queue=19 dmax=0.799 | shoulder_pan.pos=-39.28 shoulder_lift.pos=+20.89 elbow_flex.pos=-37.79 wrist_flex.pos=+98.06 wrist_roll.pos=-10.89 gripper.pos=+5.52
DEBUG 2026-09-03 09:02:43 [action #255] t=11.14s step=254 queue=18 dmax=1.007 | shoulder_pan.pos=-38.79 shoulder_lift.pos=+20.13 elbow_flex.pos=-38.80 wrist_flex.pos=+98.44 wrist_roll.pos=-11.02 gripper.pos=+5.56
DEBUG 2026-09-03 09:02:43 [action #256] t=11.17s step=255 queue=17 dmax=1.418 | shoulder_pan.pos=-38.34 shoulder_lift.pos=+18.71 elbow_flex.pos=-38.00 wrist_flex.pos=+98.78 wrist_roll.pos=-11.02 gripper.pos=+5.73
DEBUG 2026-09-03 09:02:43 [action #257] t=11.20s step=256 queue=16 dmax=0.363 | shoulder_pan.pos=-38.13 shoulder_lift.pos=+18.40 elbow_flex.pos=-38.27 wrist_flex.pos=+99.15 wrist_roll.pos=-11.11 gripper.pos=+5.67
DEBUG 2026-09-03 09:02:43 [action #258] t=11.24s step=257 queue=15 dmax=1.185 | shoulder_pan.pos=-37.84 shoulder_lift.pos=+17.45 elbow_flex.pos=-39.45 wrist_flex.pos=+99.37 wrist_roll.pos=-11.18 gripper.pos=+5.65
DEBUG 2026-09-03 09:02:43 [action #259] t=11.27s step=258 queue=14 dmax=0.612 | shoulder_pan.pos=-37.63 shoulder_lift.pos=+17.01 elbow_flex.pos=-38.84 wrist_flex.pos=+99.39 wrist_roll.pos=-11.24 gripper.pos=+5.56
DEBUG 2026-09-03 09:02:43 [action #260] t=11.30s step=259 queue=13 dmax=1.201 | shoulder_pan.pos=-36.85 shoulder_lift.pos=+15.80 elbow_flex.pos=-38.71 wrist_flex.pos=+100.33 wrist_roll.pos=-11.21 gripper.pos=+5.61
DEBUG 2026-09-03 09:02:43 [action #261] t=11.34s step=260 queue=12 dmax=0.944 | shoulder_pan.pos=-35.90 shoulder_lift.pos=+15.15 elbow_flex.pos=-38.77 wrist_flex.pos=+100.07 wrist_roll.pos=-11.36 gripper.pos=+5.61
DEBUG 2026-09-03 09:02:43 [action #262] t=11.37s step=261 queue=11 dmax=0.693 | shoulder_pan.pos=-35.41 shoulder_lift.pos=+14.45 elbow_flex.pos=-39.06 wrist_flex.pos=+100.76 wrist_roll.pos=-11.45 gripper.pos=+5.64
DEBUG 2026-09-03 09:02:43 [action #263] t=11.40s step=262 queue=10 dmax=0.797 | shoulder_pan.pos=-34.61 shoulder_lift.pos=+13.68 elbow_flex.pos=-39.01 wrist_flex.pos=+100.84 wrist_roll.pos=-11.48 gripper.pos=+5.57
DEBUG 2026-09-03 09:02:43 [action #264] t=11.44s step=263 queue=9 dmax=0.836 | shoulder_pan.pos=-33.91 shoulder_lift.pos=+12.84 elbow_flex.pos=-38.79 wrist_flex.pos=+101.28 wrist_roll.pos=-11.56 gripper.pos=+5.53
DEBUG 2026-09-03 09:02:43 [action #265] t=11.47s step=264 queue=8 dmax=0.866 | shoulder_pan.pos=-33.04 shoulder_lift.pos=+12.14 elbow_flex.pos=-38.60 wrist_flex.pos=+101.20 wrist_roll.pos=-11.46 gripper.pos=+5.67
DEBUG 2026-09-03 09:02:43 [action #266] t=11.50s step=265 queue=7 dmax=1.083 | shoulder_pan.pos=-31.96 shoulder_lift.pos=+11.17 elbow_flex.pos=-38.59 wrist_flex.pos=+100.85 wrist_roll.pos=-11.49 gripper.pos=+5.64
DEBUG 2026-09-03 09:02:43 [action #267] t=11.54s step=266 queue=6 dmax=0.731 | shoulder_pan.pos=-31.38 shoulder_lift.pos=+10.64 elbow_flex.pos=-37.86 wrist_flex.pos=+101.01 wrist_roll.pos=-11.49 gripper.pos=+5.67
DEBUG 2026-09-03 09:02:43 [action #268] t=11.57s step=267 queue=5 dmax=1.137 | shoulder_pan.pos=-30.25 shoulder_lift.pos=+10.81 elbow_flex.pos=-37.93 wrist_flex.pos=+101.02 wrist_roll.pos=-11.51 gripper.pos=+5.63
DEBUG 2026-09-03 09:02:43 [action #269] t=11.60s step=268 queue=4 dmax=1.356 | shoulder_pan.pos=-29.49 shoulder_lift.pos=+9.46 elbow_flex.pos=-37.93 wrist_flex.pos=+101.19 wrist_roll.pos=-11.42 gripper.pos=+5.66
DEBUG 2026-09-03 09:02:43 [action #270] t=11.64s step=269 queue=3 dmax=0.781 | shoulder_pan.pos=-29.04 shoulder_lift.pos=+8.68 elbow_flex.pos=-38.02 wrist_flex.pos=+101.27 wrist_roll.pos=-11.57 gripper.pos=+5.63
DEBUG 2026-09-03 09:02:43 [action #271] t=11.67s step=270 queue=2 dmax=0.741 | shoulder_pan.pos=-28.34 shoulder_lift.pos=+8.49 elbow_flex.pos=-37.28 wrist_flex.pos=+101.44 wrist_roll.pos=-11.53 gripper.pos=+5.63
DEBUG 2026-09-03 09:02:43 [action #272] t=11.70s step=271 queue=1 dmax=1.380 | shoulder_pan.pos=-26.95 shoulder_lift.pos=+7.47 elbow_flex.pos=-38.28 wrist_flex.pos=+101.51 wrist_roll.pos=-11.35 gripper.pos=+5.47
DEBUG 2026-09-03 09:02:43 [chunk] received 50 actions, timesteps 248..297 | first: shoulder_pan.pos=-34.05 shoulder_lift.pos=+3.40 elbow_flex.pos=-31.41 wrist_flex.pos=+99.37 wrist_roll.pos=-9.85 gripper.pos=+7.41 | last: shoulder_pan.pos=+25.77 shoulder_lift.pos=+1.20 elbow_flex.pos=-33.50 wrist_flex.pos=+91.71 wrist_roll.pos=-8.65 gripper.pos=+7.12
DEBUG 2026-09-03 09:02:43 [action #273] t=11.87s step=272 queue=26 dmax=28.741 | shoulder_pan.pos=+1.79 shoulder_lift.pos=-4.75 elbow_flex.pos=-33.80 wrist_flex.pos=+100.25 wrist_roll.pos=-9.10 gripper.pos=+6.91
DEBUG 2026-09-03 09:02:43 [action #274] t=11.91s step=273 queue=25 dmax=0.989 | shoulder_pan.pos=+2.78 shoulder_lift.pos=-3.92 elbow_flex.pos=-34.30 wrist_flex.pos=+100.11 wrist_roll.pos=-9.00 gripper.pos=+7.00
DEBUG 2026-09-03 09:02:43 [action #275] t=11.94s step=274 queue=24 dmax=1.340 | shoulder_pan.pos=+4.12 shoulder_lift.pos=-4.72 elbow_flex.pos=-33.57 wrist_flex.pos=+99.84 wrist_roll.pos=-9.00 gripper.pos=+6.92
DEBUG 2026-09-03 09:02:43 [action #276] t=11.97s step=275 queue=23 dmax=1.218 | shoulder_pan.pos=+5.33 shoulder_lift.pos=-3.94 elbow_flex.pos=-34.37 wrist_flex.pos=+99.93 wrist_roll.pos=-9.18 gripper.pos=+7.02
DEBUG 2026-09-03 09:02:43 [action #277] t=12.01s step=276 queue=22 dmax=1.087 | shoulder_pan.pos=+6.42 shoulder_lift.pos=-4.73 elbow_flex.pos=-34.45 wrist_flex.pos=+99.83 wrist_roll.pos=-9.03 gripper.pos=+7.03
DEBUG 2026-09-03 09:02:43 [action #278] t=12.04s step=277 queue=21 dmax=1.020 | shoulder_pan.pos=+7.44 shoulder_lift.pos=-3.85 elbow_flex.pos=-34.20 wrist_flex.pos=+99.64 wrist_roll.pos=-8.97 gripper.pos=+6.98
DEBUG 2026-09-03 09:02:44 [action #279] t=12.07s step=278 queue=20 dmax=1.136 | shoulder_pan.pos=+8.58 shoulder_lift.pos=-4.12 elbow_flex.pos=-34.64 wrist_flex.pos=+99.50 wrist_roll.pos=-8.87 gripper.pos=+6.89
DEBUG 2026-09-03 09:02:44 [action #280] t=12.11s step=279 queue=19 dmax=1.128 | shoulder_pan.pos=+9.70 shoulder_lift.pos=-3.96 elbow_flex.pos=-34.45 wrist_flex.pos=+99.29 wrist_roll.pos=-9.05 gripper.pos=+7.07
DEBUG 2026-09-03 09:02:44 [action #281] t=12.14s step=280 queue=18 dmax=0.869 | shoulder_pan.pos=+10.41 shoulder_lift.pos=-4.50 elbow_flex.pos=-33.58 wrist_flex.pos=+99.22 wrist_roll.pos=-9.04 gripper.pos=+6.97
DEBUG 2026-09-03 09:02:44 [action #282] t=12.17s step=281 queue=17 dmax=1.323 | shoulder_pan.pos=+11.73 shoulder_lift.pos=-4.28 elbow_flex.pos=-34.79 wrist_flex.pos=+99.08 wrist_roll.pos=-8.96 gripper.pos=+7.01
DEBUG 2026-09-03 09:02:44 [action #283] t=12.21s step=282 queue=16 dmax=1.368 | shoulder_pan.pos=+13.10 shoulder_lift.pos=-4.26 elbow_flex.pos=-34.59 wrist_flex.pos=+98.83 wrist_roll.pos=-8.82 gripper.pos=+6.99
DEBUG 2026-09-03 09:02:44 [action #284] t=12.24s step=283 queue=15 dmax=1.435 | shoulder_pan.pos=+14.53 shoulder_lift.pos=-4.68 elbow_flex.pos=-35.09 wrist_flex.pos=+98.84 wrist_roll.pos=-8.97 gripper.pos=+7.09
DEBUG 2026-09-03 09:02:44 [action #285] t=12.27s step=284 queue=14 dmax=1.188 | shoulder_pan.pos=+15.72 shoulder_lift.pos=-3.70 elbow_flex.pos=-34.75 wrist_flex.pos=+98.97 wrist_roll.pos=-8.98 gripper.pos=+7.28
DEBUG 2026-09-03 09:02:44 [action #286] t=12.31s step=285 queue=13 dmax=0.938 | shoulder_pan.pos=+16.66 shoulder_lift.pos=-3.69 elbow_flex.pos=-34.02 wrist_flex.pos=+98.34 wrist_roll.pos=-8.92 gripper.pos=+6.89
DEBUG 2026-09-03 09:02:44 [action #287] t=12.34s step=286 queue=12 dmax=1.291 | shoulder_pan.pos=+17.95 shoulder_lift.pos=-2.96 elbow_flex.pos=-33.64 wrist_flex.pos=+98.02 wrist_roll.pos=-8.78 gripper.pos=+7.11
DEBUG 2026-09-03 09:02:44 [action #288] t=12.37s step=287 queue=11 dmax=0.884 | shoulder_pan.pos=+18.57 shoulder_lift.pos=-3.84 elbow_flex.pos=-33.38 wrist_flex.pos=+97.86 wrist_roll.pos=-8.82 gripper.pos=+7.07
DEBUG 2026-09-03 09:02:44 [action #289] t=12.41s step=288 queue=10 dmax=1.119 | shoulder_pan.pos=+19.68 shoulder_lift.pos=-2.96 elbow_flex.pos=-33.97 wrist_flex.pos=+97.34 wrist_roll.pos=-8.78 gripper.pos=+7.02
DEBUG 2026-09-03 09:02:44 [action #290] t=12.44s step=289 queue=9 dmax=1.086 | shoulder_pan.pos=+20.52 shoulder_lift.pos=-3.89 elbow_flex.pos=-32.89 wrist_flex.pos=+96.77 wrist_roll.pos=-8.86 gripper.pos=+7.27
DEBUG 2026-09-03 09:02:44 [action #291] t=12.47s step=290 queue=8 dmax=1.510 | shoulder_pan.pos=+21.17 shoulder_lift.pos=-2.38 elbow_flex.pos=-33.33 wrist_flex.pos=+96.06 wrist_roll.pos=-8.67 gripper.pos=+7.11
DEBUG 2026-09-03 09:02:44 [action #292] t=12.51s step=291 queue=7 dmax=0.780 | shoulder_pan.pos=+21.95 shoulder_lift.pos=-2.57 elbow_flex.pos=-33.42 wrist_flex.pos=+95.93 wrist_roll.pos=-8.58 gripper.pos=+7.02
DEBUG 2026-09-03 09:02:44 [action #293] t=12.54s step=292 queue=6 dmax=1.113 | shoulder_pan.pos=+23.06 shoulder_lift.pos=-1.98 elbow_flex.pos=-33.31 wrist_flex.pos=+95.42 wrist_roll.pos=-8.79 gripper.pos=+7.04
DEBUG 2026-09-03 09:02:44 [action #294] t=12.57s step=293 queue=5 dmax=0.979 | shoulder_pan.pos=+23.48 shoulder_lift.pos=-1.00 elbow_flex.pos=-32.97 wrist_flex.pos=+94.66 wrist_roll.pos=-8.73 gripper.pos=+6.99
DEBUG 2026-09-03 09:02:44 [action #295] t=12.61s step=294 queue=4 dmax=0.749 | shoulder_pan.pos=+24.22 shoulder_lift.pos=-0.56 elbow_flex.pos=-32.91 wrist_flex.pos=+94.11 wrist_roll.pos=-8.56 gripper.pos=+7.19
DEBUG 2026-09-03 09:02:44 [action #296] t=12.64s step=295 queue=3 dmax=1.329 | shoulder_pan.pos=+25.07 shoulder_lift.pos=+0.77 elbow_flex.pos=-33.92 wrist_flex.pos=+93.50 wrist_roll.pos=-8.71 gripper.pos=+7.22
DEBUG 2026-09-03 09:02:44 [action #297] t=12.67s step=296 queue=2 dmax=0.817 | shoulder_pan.pos=+25.42 shoulder_lift.pos=+0.82 elbow_flex.pos=-33.59 wrist_flex.pos=+92.68 wrist_roll.pos=-8.56 gripper.pos=+7.01
DEBUG 2026-09-03 09:02:44 [action #298] t=12.71s step=297 queue=1 dmax=0.969 | shoulder_pan.pos=+25.77 shoulder_lift.pos=+1.20 elbow_flex.pos=-33.50 wrist_flex.pos=+91.71 wrist_roll.pos=-8.65 gripper.pos=+7.12
DEBUG 2026-09-03 09:02:44 [chunk] received 50 actions, timesteps 271..320 | first: shoulder_pan.pos=-22.49 shoulder_lift.pos=+7.69 elbow_flex.pos=-36.35 wrist_flex.pos=+99.20 wrist_roll.pos=-10.07 gripper.pos=+5.97 | last: shoulder_pan.pos=+30.99 shoulder_lift.pos=+0.68 elbow_flex.pos=-29.00 wrist_flex.pos=+88.35 wrist_roll.pos=-7.69 gripper.pos=+6.50
DEBUG 2026-09-03 09:02:44 [action #299] t=12.74s step=298 queue=23 dmax=14.179 | shoulder_pan.pos=+11.59 shoulder_lift.pos=+0.81 elbow_flex.pos=-36.13 wrist_flex.pos=+98.52 wrist_roll.pos=-9.40 gripper.pos=+6.15
DEBUG 2026-09-03 09:02:44 [action #300] t=12.78s step=299 queue=22 dmax=0.951 | shoulder_pan.pos=+12.55 shoulder_lift.pos=+1.03 elbow_flex.pos=-35.63 wrist_flex.pos=+98.19 wrist_roll.pos=-9.38 gripper.pos=+6.27
DEBUG 2026-09-03 09:02:44 [action #301] t=12.81s step=300 queue=21 dmax=1.278 | shoulder_pan.pos=+13.82 shoulder_lift.pos=+0.70 elbow_flex.pos=-35.57 wrist_flex.pos=+97.81 wrist_roll.pos=-9.32 gripper.pos=+6.30
DEBUG 2026-09-03 09:02:44 [action #302] t=12.84s step=301 queue=20 dmax=1.009 | shoulder_pan.pos=+14.83 shoulder_lift.pos=+0.83 elbow_flex.pos=-35.34 wrist_flex.pos=+97.43 wrist_roll.pos=-9.45 gripper.pos=+6.30
DEBUG 2026-09-03 09:02:44 [action #303] t=12.88s step=302 queue=19 dmax=1.317 | shoulder_pan.pos=+16.15 shoulder_lift.pos=+1.10 elbow_flex.pos=-35.12 wrist_flex.pos=+97.26 wrist_roll.pos=-9.36 gripper.pos=+6.12
DEBUG 2026-09-03 09:02:44 [action #304] t=12.91s step=303 queue=18 dmax=1.035 | shoulder_pan.pos=+17.18 shoulder_lift.pos=+0.23 elbow_flex.pos=-34.75 wrist_flex.pos=+96.77 wrist_roll.pos=-9.36 gripper.pos=+6.05
DEBUG 2026-09-03 09:02:44 [action #305] t=12.94s step=304 queue=17 dmax=0.862 | shoulder_pan.pos=+18.05 shoulder_lift.pos=+0.96 elbow_flex.pos=-34.28 wrist_flex.pos=+96.55 wrist_roll.pos=-9.29 gripper.pos=+6.12
DEBUG 2026-09-03 09:02:44 [action #306] t=12.98s step=305 queue=16 dmax=1.048 | shoulder_pan.pos=+19.09 shoulder_lift.pos=+0.85 elbow_flex.pos=-34.04 wrist_flex.pos=+95.85 wrist_roll.pos=-9.26 gripper.pos=+6.23
DEBUG 2026-09-03 09:02:44 [action #307] t=13.01s step=306 queue=15 dmax=1.642 | shoulder_pan.pos=+19.88 shoulder_lift.pos=+0.64 elbow_flex.pos=-32.40 wrist_flex.pos=+95.84 wrist_roll.pos=-8.97 gripper.pos=+6.17
DEBUG 2026-09-03 09:02:44 [action #308] t=13.04s step=307 queue=14 dmax=1.091 | shoulder_pan.pos=+20.91 shoulder_lift.pos=+0.57 elbow_flex.pos=-33.49 wrist_flex.pos=+95.40 wrist_roll.pos=-9.10 gripper.pos=+5.85
DEBUG 2026-09-03 09:02:45 [action #309] t=13.08s step=308 queue=13 dmax=1.308 | shoulder_pan.pos=+21.75 shoulder_lift.pos=+1.14 elbow_flex.pos=-32.18 wrist_flex.pos=+95.12 wrist_roll.pos=-8.95 gripper.pos=+6.33
DEBUG 2026-09-03 09:02:45 [action #310] t=13.11s step=309 queue=12 dmax=1.131 | shoulder_pan.pos=+22.88 shoulder_lift.pos=+1.24 elbow_flex.pos=-32.62 wrist_flex.pos=+94.76 wrist_roll.pos=-9.04 gripper.pos=+6.17
DEBUG 2026-09-03 09:02:45 [action #311] t=13.14s step=310 queue=11 dmax=0.976 | shoulder_pan.pos=+23.85 shoulder_lift.pos=+0.47 elbow_flex.pos=-32.52 wrist_flex.pos=+94.43 wrist_roll.pos=-8.85 gripper.pos=+6.17
DEBUG 2026-09-03 09:02:45 [action #312] t=13.18s step=311 queue=10 dmax=1.099 | shoulder_pan.pos=+24.92 shoulder_lift.pos=+0.10 elbow_flex.pos=-31.42 wrist_flex.pos=+94.29 wrist_roll.pos=-8.72 gripper.pos=+6.21
DEBUG 2026-09-03 09:02:45 [action #313] t=13.21s step=312 queue=9 dmax=0.646 | shoulder_pan.pos=+25.57 shoulder_lift.pos=+0.00 elbow_flex.pos=-31.91 wrist_flex.pos=+94.03 wrist_roll.pos=-8.58 gripper.pos=+6.36
DEBUG 2026-09-03 09:02:45 [action #314] t=13.24s step=313 queue=8 dmax=0.975 | shoulder_pan.pos=+26.54 shoulder_lift.pos=-0.32 elbow_flex.pos=-31.62 wrist_flex.pos=+93.59 wrist_roll.pos=-8.46 gripper.pos=+6.57
DEBUG 2026-09-03 09:02:45 [action #315] t=13.28s step=314 queue=7 dmax=0.623 | shoulder_pan.pos=+27.16 shoulder_lift.pos=-0.10 elbow_flex.pos=-31.69 wrist_flex.pos=+93.02 wrist_roll.pos=-8.26 gripper.pos=+6.65
DEBUG 2026-09-03 09:02:45 [action #316] t=13.31s step=315 queue=6 dmax=0.791 | shoulder_pan.pos=+27.95 shoulder_lift.pos=-0.27 elbow_flex.pos=-31.25 wrist_flex.pos=+92.33 wrist_roll.pos=-8.14 gripper.pos=+6.78
DEBUG 2026-09-03 09:02:45 [action #317] t=13.34s step=316 queue=5 dmax=0.997 | shoulder_pan.pos=+28.95 shoulder_lift.pos=-0.10 elbow_flex.pos=-30.59 wrist_flex.pos=+91.87 wrist_roll.pos=-8.19 gripper.pos=+6.58
DEBUG 2026-09-03 09:02:45 [action #318] t=13.38s step=317 queue=4 dmax=0.669 | shoulder_pan.pos=+29.48 shoulder_lift.pos=-0.51 elbow_flex.pos=-30.47 wrist_flex.pos=+91.20 wrist_roll.pos=-8.06 gripper.pos=+6.66
DEBUG 2026-09-03 09:02:45 [action #319] t=13.41s step=318 queue=3 dmax=0.952 | shoulder_pan.pos=+29.65 shoulder_lift.pos=-0.56 elbow_flex.pos=-29.69 wrist_flex.pos=+90.25 wrist_roll.pos=-7.99 gripper.pos=+6.54
DEBUG 2026-09-03 09:02:45 [action #320] t=13.44s step=319 queue=2 dmax=0.870 | shoulder_pan.pos=+30.52 shoulder_lift.pos=+0.25 elbow_flex.pos=-30.02 wrist_flex.pos=+89.45 wrist_roll.pos=-7.61 gripper.pos=+6.58
DEBUG 2026-09-03 09:02:45 [action #321] t=13.48s step=320 queue=1 dmax=1.097 | shoulder_pan.pos=+30.99 shoulder_lift.pos=+0.68 elbow_flex.pos=-29.00 wrist_flex.pos=+88.35 wrist_roll.pos=-7.69 gripper.pos=+6.50
DEBUG 2026-09-03 09:02:45 [chunk] received 50 actions, timesteps 297..346 | first: shoulder_pan.pos=+26.24 shoulder_lift.pos=-5.83 elbow_flex.pos=-25.57 wrist_flex.pos=+93.73 wrist_roll.pos=-9.16 gripper.pos=+4.02 | last: shoulder_pan.pos=+32.55 shoulder_lift.pos=+11.08 elbow_flex.pos=-2.16 wrist_flex.pos=+62.92 wrist_roll.pos=-8.93 gripper.pos=+18.38
DEBUG 2026-09-03 09:02:45 [action #322] t=13.71s step=321 queue=26 dmax=18.577 | shoulder_pan.pos=+34.62 shoulder_lift.pos=+2.62 elbow_flex.pos=-10.42 wrist_flex.pos=+72.28 wrist_roll.pos=-9.19 gripper.pos=+4.49
DEBUG 2026-09-03 09:02:45 [action #323] t=13.74s step=322 queue=25 dmax=1.548 | shoulder_pan.pos=+34.59 shoulder_lift.pos=+3.47 elbow_flex.pos=-8.88 wrist_flex.pos=+72.05 wrist_roll.pos=-9.12 gripper.pos=+4.46
DEBUG 2026-09-03 09:02:45 [action #324] t=13.78s step=323 queue=24 dmax=0.941 | shoulder_pan.pos=+34.33 shoulder_lift.pos=+3.96 elbow_flex.pos=-8.84 wrist_flex.pos=+71.11 wrist_roll.pos=-9.15 gripper.pos=+4.36
DEBUG 2026-09-03 09:02:45 [action #325] t=13.81s step=324 queue=23 dmax=0.856 | shoulder_pan.pos=+34.82 shoulder_lift.pos=+4.38 elbow_flex.pos=-7.99 wrist_flex.pos=+70.65 wrist_roll.pos=-9.29 gripper.pos=+4.46
DEBUG 2026-09-03 09:02:45 [action #326] t=13.85s step=325 queue=22 dmax=0.839 | shoulder_pan.pos=+34.71 shoulder_lift.pos=+4.08 elbow_flex.pos=-7.24 wrist_flex.pos=+69.81 wrist_roll.pos=-9.17 gripper.pos=+4.37
DEBUG 2026-09-03 09:02:45 [action #327] t=13.88s step=326 queue=21 dmax=0.875 | shoulder_pan.pos=+34.24 shoulder_lift.pos=+4.84 elbow_flex.pos=-6.37 wrist_flex.pos=+69.01 wrist_roll.pos=-9.17 gripper.pos=+4.39
DEBUG 2026-09-03 09:02:45 [action #328] t=13.91s step=327 queue=20 dmax=0.776 | shoulder_pan.pos=+34.83 shoulder_lift.pos=+4.98 elbow_flex.pos=-5.59 wrist_flex.pos=+68.58 wrist_roll.pos=-9.20 gripper.pos=+4.50
DEBUG 2026-09-03 09:02:45 [action #329] t=13.95s step=328 queue=19 dmax=0.950 | shoulder_pan.pos=+34.56 shoulder_lift.pos=+5.51 elbow_flex.pos=-5.73 wrist_flex.pos=+67.63 wrist_roll.pos=-9.19 gripper.pos=+4.55
DEBUG 2026-09-03 09:02:45 [action #330] t=13.98s step=329 queue=18 dmax=0.911 | shoulder_pan.pos=+34.18 shoulder_lift.pos=+6.42 elbow_flex.pos=-4.91 wrist_flex.pos=+67.16 wrist_roll.pos=-9.24 gripper.pos=+4.42
DEBUG 2026-09-03 09:02:45 [action #331] t=14.01s step=330 queue=17 dmax=1.233 | shoulder_pan.pos=+34.31 shoulder_lift.pos=+6.85 elbow_flex.pos=-3.68 wrist_flex.pos=+66.48 wrist_roll.pos=-9.08 gripper.pos=+4.58
DEBUG 2026-09-03 09:02:45 [action #332] t=14.05s step=331 queue=16 dmax=0.513 | shoulder_pan.pos=+34.14 shoulder_lift.pos=+7.27 elbow_flex.pos=-3.60 wrist_flex.pos=+65.97 wrist_roll.pos=-9.08 gripper.pos=+4.54
DEBUG 2026-09-03 09:02:46 [action #333] t=14.08s step=332 queue=15 dmax=0.760 | shoulder_pan.pos=+34.12 shoulder_lift.pos=+7.68 elbow_flex.pos=-3.34 wrist_flex.pos=+65.21 wrist_roll.pos=-9.24 gripper.pos=+4.49
DEBUG 2026-09-03 09:02:46 [action #334] t=14.11s step=333 queue=14 dmax=1.026 | shoulder_pan.pos=+34.30 shoulder_lift.pos=+7.70 elbow_flex.pos=-2.31 wrist_flex.pos=+64.65 wrist_roll.pos=-9.05 gripper.pos=+4.47
DEBUG 2026-09-03 09:02:46 [action #335] t=14.15s step=334 queue=13 dmax=0.673 | shoulder_pan.pos=+34.31 shoulder_lift.pos=+8.37 elbow_flex.pos=-2.16 wrist_flex.pos=+64.10 wrist_roll.pos=-9.11 gripper.pos=+4.53
DEBUG 2026-09-03 09:02:46 [action #336] t=14.18s step=335 queue=12 dmax=0.711 | shoulder_pan.pos=+33.91 shoulder_lift.pos=+8.44 elbow_flex.pos=-2.07 wrist_flex.pos=+63.39 wrist_roll.pos=-9.15 gripper.pos=+4.38
DEBUG 2026-09-03 09:02:46 [action #337] t=14.21s step=336 queue=11 dmax=0.855 | shoulder_pan.pos=+33.81 shoulder_lift.pos=+9.30 elbow_flex.pos=-2.55 wrist_flex.pos=+62.84 wrist_roll.pos=-9.12 gripper.pos=+4.60
DEBUG 2026-09-03 09:02:46 [action #338] t=14.25s step=337 queue=10 dmax=0.739 | shoulder_pan.pos=+34.06 shoulder_lift.pos=+9.36 elbow_flex.pos=-1.81 wrist_flex.pos=+62.32 wrist_roll.pos=-8.99 gripper.pos=+4.56
DEBUG 2026-09-03 09:02:46 [action #339] t=14.28s step=338 queue=9 dmax=0.579 | shoulder_pan.pos=+33.79 shoulder_lift.pos=+9.22 elbow_flex.pos=-2.39 wrist_flex.pos=+61.84 wrist_roll.pos=-9.16 gripper.pos=+4.53
DEBUG 2026-09-03 09:02:46 [action #340] t=14.31s step=339 queue=8 dmax=0.932 | shoulder_pan.pos=+33.82 shoulder_lift.pos=+10.15 elbow_flex.pos=-1.81 wrist_flex.pos=+61.73 wrist_roll.pos=-9.04 gripper.pos=+4.54
DEBUG 2026-09-03 09:02:46 [action #341] t=14.35s step=340 queue=7 dmax=0.301 | shoulder_pan.pos=+33.52 shoulder_lift.pos=+10.41 elbow_flex.pos=-2.05 wrist_flex.pos=+61.63 wrist_roll.pos=-8.98 gripper.pos=+4.77
DEBUG 2026-09-03 09:02:46 [action #342] t=14.38s step=341 queue=6 dmax=0.476 | shoulder_pan.pos=+33.38 shoulder_lift.pos=+10.09 elbow_flex.pos=-1.57 wrist_flex.pos=+61.42 wrist_roll.pos=-9.05 gripper.pos=+4.90
DEBUG 2026-09-03 09:02:46 [action #343] t=14.41s step=342 queue=5 dmax=0.851 | shoulder_pan.pos=+32.98 shoulder_lift.pos=+10.94 elbow_flex.pos=-1.57 wrist_flex.pos=+61.35 wrist_roll.pos=-8.97 gripper.pos=+5.33
DEBUG 2026-09-03 09:02:46 [action #344] t=14.45s step=343 queue=4 dmax=1.763 | shoulder_pan.pos=+33.07 shoulder_lift.pos=+10.48 elbow_flex.pos=-1.32 wrist_flex.pos=+61.67 wrist_roll.pos=-8.98 gripper.pos=+7.09
DEBUG 2026-09-03 09:02:46 [action #345] t=14.48s step=344 queue=3 dmax=3.300 | shoulder_pan.pos=+32.81 shoulder_lift.pos=+10.83 elbow_flex.pos=-1.98 wrist_flex.pos=+61.86 wrist_roll.pos=-9.05 gripper.pos=+10.39
DEBUG 2026-09-03 09:02:46 [action #346] t=14.51s step=345 queue=2 dmax=4.140 | shoulder_pan.pos=+32.60 shoulder_lift.pos=+11.43 elbow_flex.pos=-2.00 wrist_flex.pos=+62.30 wrist_roll.pos=-8.89 gripper.pos=+14.53
DEBUG 2026-09-03 09:02:46 [action #347] t=14.55s step=346 queue=1 dmax=3.850 | shoulder_pan.pos=+32.55 shoulder_lift.pos=+11.08 elbow_flex.pos=-2.16 wrist_flex.pos=+62.92 wrist_roll.pos=-8.93 gripper.pos=+18.38
DEBUG 2026-09-03 09:02:46 [chunk] received 50 actions, timesteps 320..369 | first: shoulder_pan.pos=+34.58 shoulder_lift.pos=-3.13 elbow_flex.pos=-24.05 wrist_flex.pos=+88.10 wrist_roll.pos=-7.21 gripper.pos=+5.27 | last: shoulder_pan.pos=+34.08 shoulder_lift.pos=+13.56 elbow_flex.pos=-7.36 wrist_flex.pos=+64.27 wrist_roll.pos=-9.97 gripper.pos=+15.50
DEBUG 2026-09-03 09:02:46 [action #348] t=14.61s step=347 queue=23 dmax=12.760 | shoulder_pan.pos=+35.86 shoulder_lift.pos=+9.96 elbow_flex.pos=-11.49 wrist_flex.pos=+67.40 wrist_roll.pos=-8.82 gripper.pos=+5.62
DEBUG 2026-09-03 09:02:46 [action #349] t=14.65s step=348 queue=22 dmax=0.518 | shoulder_pan.pos=+35.99 shoulder_lift.pos=+9.44 elbow_flex.pos=-11.47 wrist_flex.pos=+66.95 wrist_roll.pos=-9.09 gripper.pos=+5.48
DEBUG 2026-09-03 09:02:46 [action #350] t=14.68s step=349 queue=21 dmax=0.672 | shoulder_pan.pos=+36.01 shoulder_lift.pos=+10.11 elbow_flex.pos=-11.09 wrist_flex.pos=+66.47 wrist_roll.pos=-9.25 gripper.pos=+5.57
DEBUG 2026-09-03 09:02:46 [action #351] t=14.71s step=350 queue=20 dmax=1.311 | shoulder_pan.pos=+36.04 shoulder_lift.pos=+9.50 elbow_flex.pos=-9.78 wrist_flex.pos=+66.41 wrist_roll.pos=-9.49 gripper.pos=+5.58
DEBUG 2026-09-03 09:02:46 [action #352] t=14.75s step=351 queue=19 dmax=0.570 | shoulder_pan.pos=+36.48 shoulder_lift.pos=+10.01 elbow_flex.pos=-9.96 wrist_flex.pos=+65.84 wrist_roll.pos=-9.88 gripper.pos=+5.47
DEBUG 2026-09-03 09:02:46 [action #353] t=14.78s step=352 queue=18 dmax=0.488 | shoulder_pan.pos=+36.18 shoulder_lift.pos=+9.52 elbow_flex.pos=-9.56 wrist_flex.pos=+65.92 wrist_roll.pos=-10.13 gripper.pos=+5.60
DEBUG 2026-09-03 09:02:46 [action #354] t=14.81s step=353 queue=17 dmax=0.510 | shoulder_pan.pos=+36.27 shoulder_lift.pos=+9.99 elbow_flex.pos=-9.46 wrist_flex.pos=+65.41 wrist_roll.pos=-10.29 gripper.pos=+5.70
DEBUG 2026-09-03 09:02:46 [action #355] t=14.85s step=354 queue=16 dmax=0.877 | shoulder_pan.pos=+36.77 shoulder_lift.pos=+9.57 elbow_flex.pos=-8.58 wrist_flex.pos=+65.20 wrist_roll.pos=-10.24 gripper.pos=+5.55
DEBUG 2026-09-03 09:02:46 [action #356] t=14.88s step=355 queue=15 dmax=0.545 | shoulder_pan.pos=+36.23 shoulder_lift.pos=+9.69 elbow_flex.pos=-8.24 wrist_flex.pos=+65.11 wrist_roll.pos=-10.24 gripper.pos=+5.65
DEBUG 2026-09-03 09:02:46 [action #357] t=14.91s step=356 queue=14 dmax=0.324 | shoulder_pan.pos=+36.40 shoulder_lift.pos=+9.38 elbow_flex.pos=-8.10 wrist_flex.pos=+64.79 wrist_roll.pos=-10.18 gripper.pos=+5.78
DEBUG 2026-09-03 09:02:46 [action #358] t=14.95s step=357 queue=13 dmax=0.993 | shoulder_pan.pos=+36.61 shoulder_lift.pos=+10.38 elbow_flex.pos=-7.99 wrist_flex.pos=+64.27 wrist_roll.pos=-10.12 gripper.pos=+5.50
DEBUG 2026-09-03 09:02:46 [action #359] t=14.98s step=358 queue=12 dmax=0.633 | shoulder_pan.pos=+36.43 shoulder_lift.pos=+10.35 elbow_flex.pos=-7.36 wrist_flex.pos=+63.98 wrist_roll.pos=-10.10 gripper.pos=+5.63
DEBUG 2026-09-03 09:02:46 [action #360] t=15.02s step=359 queue=11 dmax=0.459 | shoulder_pan.pos=+36.89 shoulder_lift.pos=+10.50 elbow_flex.pos=-7.73 wrist_flex.pos=+63.95 wrist_roll.pos=-10.07 gripper.pos=+5.73
DEBUG 2026-09-03 09:02:46 [action #361] t=15.05s step=360 queue=10 dmax=0.538 | shoulder_pan.pos=+36.55 shoulder_lift.pos=+11.04 elbow_flex.pos=-7.21 wrist_flex.pos=+63.74 wrist_roll.pos=-10.15 gripper.pos=+5.65
DEBUG 2026-09-03 09:02:47 [action #362] t=15.08s step=361 queue=9 dmax=0.358 | shoulder_pan.pos=+36.66 shoulder_lift.pos=+10.68 elbow_flex.pos=-7.37 wrist_flex.pos=+63.65 wrist_roll.pos=-10.08 gripper.pos=+5.58
DEBUG 2026-09-03 09:02:47 [action #363] t=15.12s step=362 queue=8 dmax=0.816 | shoulder_pan.pos=+36.28 shoulder_lift.pos=+11.50 elbow_flex.pos=-6.90 wrist_flex.pos=+63.40 wrist_roll.pos=-10.13 gripper.pos=+5.65
DEBUG 2026-09-03 09:02:47 [action #364] t=15.15s step=363 queue=7 dmax=0.898 | shoulder_pan.pos=+36.92 shoulder_lift.pos=+12.02 elbow_flex.pos=-6.00 wrist_flex.pos=+62.92 wrist_roll.pos=-10.22 gripper.pos=+5.59
DEBUG 2026-09-03 09:02:47 [action #365] t=15.18s step=364 queue=6 dmax=1.193 | shoulder_pan.pos=+36.01 shoulder_lift.pos=+12.46 elbow_flex.pos=-7.19 wrist_flex.pos=+63.11 wrist_roll.pos=-10.04 gripper.pos=+5.71
DEBUG 2026-09-03 09:02:47 [action #366] t=15.22s step=365 queue=5 dmax=1.160 | shoulder_pan.pos=+35.78 shoulder_lift.pos=+11.30 elbow_flex.pos=-6.95 wrist_flex.pos=+62.95 wrist_roll.pos=-10.18 gripper.pos=+6.03
DEBUG 2026-09-03 09:02:47 [action #367] t=15.25s step=366 queue=4 dmax=1.060 | shoulder_pan.pos=+35.48 shoulder_lift.pos=+12.15 elbow_flex.pos=-7.86 wrist_flex.pos=+63.24 wrist_roll.pos=-10.00 gripper.pos=+7.09
DEBUG 2026-09-03 09:02:47 [action #368] t=15.28s step=367 queue=3 dmax=3.216 | shoulder_pan.pos=+34.69 shoulder_lift.pos=+13.48 elbow_flex.pos=-7.02 wrist_flex.pos=+63.71 wrist_roll.pos=-10.12 gripper.pos=+10.31
DEBUG 2026-09-03 09:02:47 [action #369] t=15.32s step=368 queue=2 dmax=3.076 | shoulder_pan.pos=+34.15 shoulder_lift.pos=+13.75 elbow_flex.pos=-7.23 wrist_flex.pos=+63.91 wrist_roll.pos=-9.77 gripper.pos=+13.39
DEBUG 2026-09-03 09:02:47 [action #370] t=15.35s step=369 queue=1 dmax=2.113 | shoulder_pan.pos=+34.08 shoulder_lift.pos=+13.56 elbow_flex.pos=-7.36 wrist_flex.pos=+64.27 wrist_roll.pos=-9.97 gripper.pos=+15.50
DEBUG 2026-09-03 09:02:47 [chunk] received 50 actions, timesteps 346..395 | first: shoulder_pan.pos=+31.21 shoulder_lift.pos=+9.84 elbow_flex.pos=-2.66 wrist_flex.pos=+60.55 wrist_roll.pos=-10.75 gripper.pos=+6.96 | last: shoulder_pan.pos=+12.30 shoulder_lift.pos=-18.30 elbow_flex.pos=-0.09 wrist_flex.pos=+90.99 wrist_roll.pos=-5.24 gripper.pos=+6.30
DEBUG 2026-09-03 09:02:47 [action #371] t=15.52s step=370 queue=26 dmax=15.237 | shoulder_pan.pos=+31.68 shoulder_lift.pos=+8.41 elbow_flex.pos=-2.53 wrist_flex.pos=+68.02 wrist_roll.pos=-11.78 gripper.pos=+30.74
DEBUG 2026-09-03 09:02:47 [action #372] t=15.55s step=371 queue=25 dmax=1.311 | shoulder_pan.pos=+31.34 shoulder_lift.pos=+7.42 elbow_flex.pos=-3.65 wrist_flex.pos=+69.33 wrist_roll.pos=-11.47 gripper.pos=+30.91
DEBUG 2026-09-03 09:02:47 [action #373] t=15.58s step=372 queue=24 dmax=1.262 | shoulder_pan.pos=+30.87 shoulder_lift.pos=+7.22 elbow_flex.pos=-3.26 wrist_flex.pos=+70.60 wrist_roll.pos=-11.42 gripper.pos=+31.01
DEBUG 2026-09-03 09:02:47 [action #374] t=15.62s step=373 queue=23 dmax=1.464 | shoulder_pan.pos=+30.39 shoulder_lift.pos=+6.14 elbow_flex.pos=-4.24 wrist_flex.pos=+72.06 wrist_roll.pos=-11.12 gripper.pos=+31.12
DEBUG 2026-09-03 09:02:47 [action #375] t=15.65s step=374 queue=22 dmax=1.467 | shoulder_pan.pos=+29.92 shoulder_lift.pos=+5.20 elbow_flex.pos=-5.30 wrist_flex.pos=+73.53 wrist_roll.pos=-10.92 gripper.pos=+31.14
DEBUG 2026-09-03 09:02:47 [action #376] t=15.68s step=375 queue=21 dmax=1.516 | shoulder_pan.pos=+29.33 shoulder_lift.pos=+4.28 elbow_flex.pos=-5.81 wrist_flex.pos=+75.04 wrist_roll.pos=-10.79 gripper.pos=+31.30
DEBUG 2026-09-03 09:02:47 [action #377] t=15.72s step=376 queue=20 dmax=1.330 | shoulder_pan.pos=+28.60 shoulder_lift.pos=+3.33 elbow_flex.pos=-6.03 wrist_flex.pos=+76.37 wrist_roll.pos=-10.59 gripper.pos=+31.42
DEBUG 2026-09-03 09:02:47 [action #378] t=15.75s step=377 queue=19 dmax=1.623 | shoulder_pan.pos=+27.84 shoulder_lift.pos=+2.02 elbow_flex.pos=-6.89 wrist_flex.pos=+78.00 wrist_roll.pos=-10.49 gripper.pos=+31.50
DEBUG 2026-09-03 09:02:47 [action #379] t=15.78s step=378 queue=18 dmax=1.791 | shoulder_pan.pos=+27.27 shoulder_lift.pos=+0.23 elbow_flex.pos=-7.34 wrist_flex.pos=+79.54 wrist_roll.pos=-10.24 gripper.pos=+31.65
DEBUG 2026-09-03 09:02:47 [action #380] t=15.82s step=379 queue=17 dmax=1.475 | shoulder_pan.pos=+26.68 shoulder_lift.pos=+0.82 elbow_flex.pos=-8.42 wrist_flex.pos=+81.02 wrist_roll.pos=-9.93 gripper.pos=+31.93
DEBUG 2026-09-03 09:02:47 [action #381] t=15.85s step=380 queue=16 dmax=1.450 | shoulder_pan.pos=+25.71 shoulder_lift.pos=-0.42 elbow_flex.pos=-8.98 wrist_flex.pos=+82.47 wrist_roll.pos=-9.65 gripper.pos=+32.08
DEBUG 2026-09-03 09:02:47 [action #382] t=15.88s step=381 queue=15 dmax=1.873 | shoulder_pan.pos=+24.92 shoulder_lift.pos=-2.29 elbow_flex.pos=-9.54 wrist_flex.pos=+83.80 wrist_roll.pos=-9.36 gripper.pos=+32.18
DEBUG 2026-09-03 09:02:47 [action #383] t=15.92s step=382 queue=14 dmax=1.350 | shoulder_pan.pos=+24.50 shoulder_lift.pos=-3.23 elbow_flex.pos=-9.91 wrist_flex.pos=+85.15 wrist_roll.pos=-9.08 gripper.pos=+32.31
DEBUG 2026-09-03 09:02:47 [action #384] t=15.95s step=383 queue=13 dmax=1.210 | shoulder_pan.pos=+23.32 shoulder_lift.pos=-3.67 elbow_flex.pos=-10.21 wrist_flex.pos=+86.36 wrist_roll.pos=-8.80 gripper.pos=+32.35
DEBUG 2026-09-03 09:02:47 [action #385] t=15.99s step=384 queue=12 dmax=1.866 | shoulder_pan.pos=+22.00 shoulder_lift.pos=-5.53 elbow_flex.pos=-10.59 wrist_flex.pos=+87.50 wrist_roll.pos=-8.24 gripper.pos=+31.90
DEBUG 2026-09-03 09:02:47 [action #386] t=16.02s step=385 queue=11 dmax=1.194 | shoulder_pan.pos=+21.07 shoulder_lift.pos=-5.41 elbow_flex.pos=-10.66 wrist_flex.pos=+88.69 wrist_roll.pos=-7.92 gripper.pos=+30.83
DEBUG 2026-09-03 09:02:47 [action #387] t=16.05s step=386 queue=10 dmax=2.430 | shoulder_pan.pos=+20.03 shoulder_lift.pos=-6.04 elbow_flex.pos=-10.20 wrist_flex.pos=+89.56 wrist_roll.pos=-7.55 gripper.pos=+28.41
DEBUG 2026-09-03 09:02:48 [action #388] t=16.09s step=387 queue=9 dmax=2.966 | shoulder_pan.pos=+19.16 shoulder_lift.pos=-7.71 elbow_flex.pos=-9.94 wrist_flex.pos=+90.25 wrist_roll.pos=-7.40 gripper.pos=+25.44
DEBUG 2026-09-03 09:02:48 [action #389] t=16.12s step=388 queue=8 dmax=3.135 | shoulder_pan.pos=+17.97 shoulder_lift.pos=-8.98 elbow_flex.pos=-9.72 wrist_flex.pos=+90.75 wrist_roll.pos=-7.10 gripper.pos=+22.30
DEBUG 2026-09-03 09:02:48 [action #390] t=16.15s step=389 queue=7 dmax=2.921 | shoulder_pan.pos=+17.16 shoulder_lift.pos=-9.51 elbow_flex.pos=-8.99 wrist_flex.pos=+90.98 wrist_roll.pos=-6.81 gripper.pos=+19.38
DEBUG 2026-09-03 09:02:48 [action #391] t=16.19s step=390 queue=6 dmax=2.547 | shoulder_pan.pos=+16.21 shoulder_lift.pos=-10.22 elbow_flex.pos=-8.11 wrist_flex.pos=+91.09 wrist_roll.pos=-6.66 gripper.pos=+16.84
DEBUG 2026-09-03 09:02:48 [action #392] t=16.22s step=391 queue=5 dmax=1.980 | shoulder_pan.pos=+15.55 shoulder_lift.pos=-11.94 elbow_flex.pos=-7.22 wrist_flex.pos=+91.45 wrist_roll.pos=-6.26 gripper.pos=+14.86
DEBUG 2026-09-03 09:02:48 [action #393] t=16.25s step=392 queue=4 dmax=2.078 | shoulder_pan.pos=+14.85 shoulder_lift.pos=-12.97 elbow_flex.pos=-5.88 wrist_flex.pos=+91.60 wrist_roll.pos=-5.87 gripper.pos=+12.78
DEBUG 2026-09-03 09:02:48 [action #394] t=16.29s step=393 queue=3 dmax=2.276 | shoulder_pan.pos=+13.88 shoulder_lift.pos=-14.90 elbow_flex.pos=-3.61 wrist_flex.pos=+91.49 wrist_roll.pos=-5.51 gripper.pos=+10.88
DEBUG 2026-09-03 09:02:48 [action #395] t=16.32s step=394 queue=2 dmax=2.381 | shoulder_pan.pos=+13.37 shoulder_lift.pos=-16.31 elbow_flex.pos=-2.01 wrist_flex.pos=+91.28 wrist_roll.pos=-5.42 gripper.pos=+8.50
DEBUG 2026-09-03 09:02:48 [action #396] t=16.35s step=395 queue=1 dmax=2.200 | shoulder_pan.pos=+12.30 shoulder_lift.pos=-18.30 elbow_flex.pos=-0.09 wrist_flex.pos=+90.99 wrist_roll.pos=-5.24 gripper.pos=+6.30
DEBUG 2026-09-03 09:02:48 [chunk] received 50 actions, timesteps 369..418 | first: shoulder_pan.pos=+30.41 shoulder_lift.pos=+10.30 elbow_flex.pos=-10.05 wrist_flex.pos=+66.27 wrist_roll.pos=-9.48 gripper.pos=+15.72 | last: shoulder_pan.pos=+2.91 shoulder_lift.pos=-56.75 elbow_flex.pos=+49.27 wrist_flex.pos=+73.84 wrist_roll.pos=-0.13 gripper.pos=+1.55
DEBUG 2026-09-03 09:02:48 [action #397] t=16.42s step=396 queue=23 dmax=3.695 | shoulder_pan.pos=+12.35 shoulder_lift.pos=-15.26 elbow_flex.pos=-1.54 wrist_flex.pos=+87.29 wrist_roll.pos=-5.58 gripper.pos=+3.24
DEBUG 2026-09-03 09:02:48 [action #398] t=16.45s step=397 queue=22 dmax=2.544 | shoulder_pan.pos=+11.31 shoulder_lift.pos=-17.28 elbow_flex.pos=+1.00 wrist_flex.pos=+87.10 wrist_roll.pos=-5.30 gripper.pos=+2.11
DEBUG 2026-09-03 09:02:48 [action #399] t=16.49s step=398 queue=21 dmax=2.787 | shoulder_pan.pos=+10.31 shoulder_lift.pos=-20.06 elbow_flex.pos=+3.09 wrist_flex.pos=+86.73 wrist_roll.pos=-5.04 gripper.pos=+1.71
DEBUG 2026-09-03 09:02:48 [action #400] t=16.52s step=399 queue=20 dmax=2.069 | shoulder_pan.pos=+9.29 shoulder_lift.pos=-21.51 elbow_flex.pos=+5.16 wrist_flex.pos=+86.49 wrist_roll.pos=-4.57 gripper.pos=+1.69
DEBUG 2026-09-03 09:02:48 [action #401] t=16.55s step=400 queue=19 dmax=2.604 | shoulder_pan.pos=+8.40 shoulder_lift.pos=-23.74 elbow_flex.pos=+7.77 wrist_flex.pos=+86.31 wrist_roll.pos=-3.66 gripper.pos=+1.55
DEBUG 2026-09-03 09:02:48 [action #402] t=16.59s step=401 queue=18 dmax=2.596 | shoulder_pan.pos=+7.88 shoulder_lift.pos=-26.34 elbow_flex.pos=+9.65 wrist_flex.pos=+85.77 wrist_roll.pos=-3.66 gripper.pos=+1.52
DEBUG 2026-09-03 09:02:48 [action #403] t=16.62s step=402 queue=17 dmax=2.513 | shoulder_pan.pos=+7.10 shoulder_lift.pos=-28.29 elbow_flex.pos=+12.16 wrist_flex.pos=+85.48 wrist_roll.pos=-3.33 gripper.pos=+1.30
DEBUG 2026-09-03 09:02:48 [action #404] t=16.65s step=403 queue=16 dmax=2.707 | shoulder_pan.pos=+6.63 shoulder_lift.pos=-30.66 elbow_flex.pos=+14.87 wrist_flex.pos=+85.12 wrist_roll.pos=-3.17 gripper.pos=+1.31
DEBUG 2026-09-03 09:02:48 [action #405] t=16.69s step=404 queue=15 dmax=2.198 | shoulder_pan.pos=+6.61 shoulder_lift.pos=-32.53 elbow_flex.pos=+17.07 wrist_flex.pos=+84.33 wrist_roll.pos=-3.02 gripper.pos=+1.25
DEBUG 2026-09-03 09:02:48 [action #406] t=16.72s step=405 queue=14 dmax=3.117 | shoulder_pan.pos=+5.69 shoulder_lift.pos=-35.60 elbow_flex.pos=+20.18 wrist_flex.pos=+83.68 wrist_roll.pos=-2.85 gripper.pos=+1.37
DEBUG 2026-09-03 09:02:48 [action #407] t=16.75s step=406 queue=13 dmax=1.978 | shoulder_pan.pos=+5.51 shoulder_lift.pos=-36.43 elbow_flex.pos=+22.16 wrist_flex.pos=+82.97 wrist_roll.pos=-2.37 gripper.pos=+1.63
DEBUG 2026-09-03 09:02:48 [action #408] t=16.79s step=407 queue=12 dmax=2.474 | shoulder_pan.pos=+5.02 shoulder_lift.pos=-38.90 elbow_flex.pos=+24.38 wrist_flex.pos=+82.26 wrist_roll.pos=-1.96 gripper.pos=+1.76
DEBUG 2026-09-03 09:02:48 [action #409] t=16.82s step=408 queue=11 dmax=2.396 | shoulder_pan.pos=+4.59 shoulder_lift.pos=-40.81 elbow_flex.pos=+26.78 wrist_flex.pos=+81.47 wrist_roll.pos=-1.46 gripper.pos=+1.66
DEBUG 2026-09-03 09:02:48 [action #410] t=16.85s step=409 queue=10 dmax=2.683 | shoulder_pan.pos=+4.55 shoulder_lift.pos=-42.82 elbow_flex.pos=+29.46 wrist_flex.pos=+80.78 wrist_roll.pos=-0.96 gripper.pos=+1.57
DEBUG 2026-09-03 09:02:48 [action #411] t=16.89s step=410 queue=9 dmax=2.524 | shoulder_pan.pos=+4.26 shoulder_lift.pos=-44.45 elbow_flex.pos=+31.99 wrist_flex.pos=+79.99 wrist_roll.pos=-0.29 gripper.pos=+1.53
DEBUG 2026-09-03 09:02:48 [action #412] t=16.92s step=411 queue=8 dmax=1.974 | shoulder_pan.pos=+3.80 shoulder_lift.pos=-46.16 elbow_flex.pos=+33.96 wrist_flex.pos=+79.25 wrist_roll.pos=+0.46 gripper.pos=+1.69
DEBUG 2026-09-03 09:02:48 [action #413] t=16.95s step=412 queue=7 dmax=2.306 | shoulder_pan.pos=+3.63 shoulder_lift.pos=-47.69 elbow_flex.pos=+36.27 wrist_flex.pos=+78.10 wrist_roll.pos=+0.23 gripper.pos=+1.71
DEBUG 2026-09-03 09:02:48 [action #414] t=16.99s step=413 queue=6 dmax=2.302 | shoulder_pan.pos=+3.48 shoulder_lift.pos=-49.09 elbow_flex.pos=+38.57 wrist_flex.pos=+77.12 wrist_roll.pos=+0.42 gripper.pos=+1.66
DEBUG 2026-09-03 09:02:48 [action #415] t=17.02s step=414 queue=5 dmax=2.580 | shoulder_pan.pos=+3.23 shoulder_lift.pos=-50.97 elbow_flex.pos=+41.15 wrist_flex.pos=+76.27 wrist_roll.pos=+0.28 gripper.pos=+1.62
DEBUG 2026-09-03 09:02:48 [action #416] t=17.05s step=415 queue=4 dmax=2.070 | shoulder_pan.pos=+3.40 shoulder_lift.pos=-52.48 elbow_flex.pos=+43.22 wrist_flex.pos=+75.28 wrist_roll.pos=+0.14 gripper.pos=+1.56
DEBUG 2026-09-03 09:02:49 [action #417] t=17.09s step=416 queue=3 dmax=2.384 | shoulder_pan.pos=+3.10 shoulder_lift.pos=-53.44 elbow_flex.pos=+45.60 wrist_flex.pos=+74.88 wrist_roll.pos=+0.23 gripper.pos=+1.62
DEBUG 2026-09-03 09:02:49 [action #418] t=17.12s step=417 queue=2 dmax=2.079 | shoulder_pan.pos=+2.95 shoulder_lift.pos=-55.21 elbow_flex.pos=+47.68 wrist_flex.pos=+74.24 wrist_roll.pos=-0.08 gripper.pos=+1.62
DEBUG 2026-09-03 09:02:49 [action #419] t=17.16s step=418 queue=1 dmax=1.587 | shoulder_pan.pos=+2.91 shoulder_lift.pos=-56.75 elbow_flex.pos=+49.27 wrist_flex.pos=+73.84 wrist_roll.pos=-0.13 gripper.pos=+1.55
DEBUG 2026-09-03 09:02:49 [chunk] received 50 actions, timesteps 395..444 | first: shoulder_pan.pos=+9.43 shoulder_lift.pos=-22.01 elbow_flex.pos=+1.05 wrist_flex.pos=+95.22 wrist_roll.pos=-5.79 gripper.pos=+4.28 | last: shoulder_pan.pos=-5.24 shoulder_lift.pos=-105.13 elbow_flex.pos=+79.93 wrist_flex.pos=+77.12 wrist_roll.pos=+1.87 gripper.pos=+1.06
DEBUG 2026-09-03 09:02:49 [action #420] t=17.39s step=419 queue=26 dmax=5.087 | shoulder_pan.pos=-1.18 shoulder_lift.pos=-61.27 elbow_flex.pos=+45.55 wrist_flex.pos=+78.93 wrist_roll.pos=-1.75 gripper.pos=+0.76
DEBUG 2026-09-03 09:02:49 [action #421] t=17.42s step=420 queue=25 dmax=1.456 | shoulder_pan.pos=-1.56 shoulder_lift.pos=-62.73 elbow_flex.pos=+46.90 wrist_flex.pos=+78.40 wrist_roll.pos=-1.68 gripper.pos=+0.88
DEBUG 2026-09-03 09:02:49 [action #422] t=17.46s step=421 queue=24 dmax=1.840 | shoulder_pan.pos=-1.28 shoulder_lift.pos=-63.79 elbow_flex.pos=+48.74 wrist_flex.pos=+77.75 wrist_roll.pos=-1.57 gripper.pos=+0.82
DEBUG 2026-09-03 09:02:49 [action #423] t=17.49s step=422 queue=23 dmax=1.120 | shoulder_pan.pos=-1.24 shoulder_lift.pos=-64.75 elbow_flex.pos=+49.86 wrist_flex.pos=+77.37 wrist_roll.pos=-1.59 gripper.pos=+0.66
DEBUG 2026-09-03 09:02:49 [action #424] t=17.52s step=423 queue=22 dmax=0.800 | shoulder_pan.pos=-1.45 shoulder_lift.pos=-65.52 elbow_flex.pos=+50.66 wrist_flex.pos=+76.86 wrist_roll.pos=-1.54 gripper.pos=+0.59
DEBUG 2026-09-03 09:02:49 [action #425] t=17.56s step=424 queue=21 dmax=1.698 | shoulder_pan.pos=-1.09 shoulder_lift.pos=-66.90 elbow_flex.pos=+52.36 wrist_flex.pos=+76.40 wrist_roll.pos=-1.71 gripper.pos=+0.53
DEBUG 2026-09-03 09:02:49 [action #426] t=17.59s step=425 queue=20 dmax=1.543 | shoulder_pan.pos=-0.89 shoulder_lift.pos=-68.44 elbow_flex.pos=+52.97 wrist_flex.pos=+76.16 wrist_roll.pos=-1.75 gripper.pos=+0.49
DEBUG 2026-09-03 09:02:49 [action #427] t=17.62s step=426 queue=19 dmax=1.997 | shoulder_pan.pos=-1.03 shoulder_lift.pos=-70.44 elbow_flex.pos=+54.78 wrist_flex.pos=+75.70 wrist_roll.pos=-1.74 gripper.pos=+0.48
DEBUG 2026-09-03 09:02:49 [action #428] t=17.66s step=427 queue=18 dmax=1.528 | shoulder_pan.pos=-1.49 shoulder_lift.pos=-71.97 elbow_flex.pos=+56.21 wrist_flex.pos=+75.79 wrist_roll.pos=-1.78 gripper.pos=+0.46
DEBUG 2026-09-03 09:02:49 [action #429] t=17.69s step=428 queue=17 dmax=1.507 | shoulder_pan.pos=-1.55 shoulder_lift.pos=-73.47 elbow_flex.pos=+57.16 wrist_flex.pos=+76.00 wrist_roll.pos=-1.82 gripper.pos=+0.53
DEBUG 2026-09-03 09:02:49 [action #430] t=17.72s step=429 queue=16 dmax=2.468 | shoulder_pan.pos=-1.83 shoulder_lift.pos=-75.94 elbow_flex.pos=+57.89 wrist_flex.pos=+76.35 wrist_roll.pos=-1.78 gripper.pos=+0.75
DEBUG 2026-09-03 09:02:49 [action #431] t=17.76s step=430 queue=15 dmax=2.351 | shoulder_pan.pos=-1.99 shoulder_lift.pos=-78.29 elbow_flex.pos=+59.80 wrist_flex.pos=+76.31 wrist_roll.pos=-1.93 gripper.pos=+0.64
DEBUG 2026-09-03 09:02:49 [action #432] t=17.79s step=431 queue=14 dmax=1.565 | shoulder_pan.pos=-2.34 shoulder_lift.pos=-79.86 elbow_flex.pos=+60.42 wrist_flex.pos=+76.26 wrist_roll.pos=-1.85 gripper.pos=+0.76
DEBUG 2026-09-03 09:02:49 [action #433] t=17.82s step=432 queue=13 dmax=2.241 | shoulder_pan.pos=-2.86 shoulder_lift.pos=-81.99 elbow_flex.pos=+62.66 wrist_flex.pos=+76.41 wrist_roll.pos=-1.80 gripper.pos=+0.79
DEBUG 2026-09-03 09:02:49 [action #434] t=17.86s step=433 queue=12 dmax=1.486 | shoulder_pan.pos=-3.27 shoulder_lift.pos=-83.47 elbow_flex.pos=+63.90 wrist_flex.pos=+75.79 wrist_roll.pos=-1.65 gripper.pos=+0.86
DEBUG 2026-09-03 09:02:49 [action #435] t=17.89s step=434 queue=11 dmax=2.386 | shoulder_pan.pos=-3.77 shoulder_lift.pos=-85.86 elbow_flex.pos=+65.49 wrist_flex.pos=+75.51 wrist_roll.pos=-1.36 gripper.pos=+0.96
DEBUG 2026-09-03 09:02:49 [action #436] t=17.92s step=435 queue=10 dmax=2.238 | shoulder_pan.pos=-4.37 shoulder_lift.pos=-87.82 elbow_flex.pos=+67.73 wrist_flex.pos=+75.03 wrist_roll.pos=-0.97 gripper.pos=+0.68
DEBUG 2026-09-03 09:02:49 [action #437] t=17.96s step=436 queue=9 dmax=3.171 | shoulder_pan.pos=-4.76 shoulder_lift.pos=-90.99 elbow_flex.pos=+70.05 wrist_flex.pos=+74.89 wrist_roll.pos=-0.57 gripper.pos=+0.82
DEBUG 2026-09-03 09:02:49 [action #438] t=17.99s step=437 queue=8 dmax=0.984 | shoulder_pan.pos=-5.01 shoulder_lift.pos=-91.96 elbow_flex.pos=+71.03 wrist_flex.pos=+74.90 wrist_roll.pos=-0.02 gripper.pos=+0.87
DEBUG 2026-09-03 09:02:49 [action #439] t=18.02s step=438 queue=7 dmax=2.267 | shoulder_pan.pos=-5.56 shoulder_lift.pos=-94.22 elbow_flex.pos=+72.56 wrist_flex.pos=+75.14 wrist_roll.pos=+0.62 gripper.pos=+0.92
DEBUG 2026-09-03 09:02:49 [action #440] t=18.06s step=439 queue=6 dmax=2.245 | shoulder_pan.pos=-5.82 shoulder_lift.pos=-96.47 elbow_flex.pos=+73.97 wrist_flex.pos=+75.15 wrist_roll.pos=+1.05 gripper.pos=+0.92
DEBUG 2026-09-03 09:02:50 [action #441] t=18.09s step=440 queue=5 dmax=1.921 | shoulder_pan.pos=-5.76 shoulder_lift.pos=-98.39 elbow_flex.pos=+75.84 wrist_flex.pos=+75.53 wrist_roll.pos=+1.39 gripper.pos=+0.89
DEBUG 2026-09-03 09:02:50 [action #442] t=18.13s step=441 queue=4 dmax=1.912 | shoulder_pan.pos=-5.79 shoulder_lift.pos=-100.30 elbow_flex.pos=+77.00 wrist_flex.pos=+75.69 wrist_roll.pos=+1.66 gripper.pos=+0.93
DEBUG 2026-09-03 09:02:50 [action #443] t=18.16s step=442 queue=3 dmax=1.824 | shoulder_pan.pos=-5.63 shoulder_lift.pos=-102.13 elbow_flex.pos=+78.07 wrist_flex.pos=+76.11 wrist_roll.pos=+1.90 gripper.pos=+1.18
DEBUG 2026-09-03 09:02:50 [action #444] t=18.19s step=443 queue=2 dmax=2.333 | shoulder_pan.pos=-5.42 shoulder_lift.pos=-104.46 elbow_flex.pos=+79.43 wrist_flex.pos=+76.61 wrist_roll.pos=+2.08 gripper.pos=+1.19
DEBUG 2026-09-03 09:02:50 [action #445] t=18.23s step=444 queue=1 dmax=0.673 | shoulder_pan.pos=-5.24 shoulder_lift.pos=-105.13 elbow_flex.pos=+79.93 wrist_flex.pos=+77.12 wrist_roll.pos=+1.87 gripper.pos=+1.06
DEBUG 2026-09-03 09:02:50 [chunk] received 50 actions, timesteps 418..467 | first: shoulder_pan.pos=+3.03 shoulder_lift.pos=-59.81 elbow_flex.pos=+52.46 wrist_flex.pos=+74.59 wrist_roll.pos=-0.11 gripper.pos=+1.14 | last: shoulder_pan.pos=-3.89 shoulder_lift.pos=-104.20 elbow_flex.pos=+87.64 wrist_flex.pos=+78.15 wrist_roll.pos=-1.43 gripper.pos=+0.94
DEBUG 2026-09-03 09:02:50 [action #446] t=18.33s step=445 queue=23 dmax=2.495 | shoulder_pan.pos=-5.64 shoulder_lift.pos=-104.21 elbow_flex.pos=+79.62 wrist_flex.pos=+76.17 wrist_roll.pos=-0.62 gripper.pos=+1.17
DEBUG 2026-09-03 09:02:50 [action #447] t=18.36s step=446 queue=22 dmax=0.836 | shoulder_pan.pos=-5.69 shoulder_lift.pos=-105.04 elbow_flex.pos=+80.26 wrist_flex.pos=+76.91 wrist_roll.pos=-0.64 gripper.pos=+1.22
DEBUG 2026-09-03 09:02:50 [action #448] t=18.39s step=447 queue=21 dmax=0.607 | shoulder_pan.pos=-6.02 shoulder_lift.pos=-105.44 elbow_flex.pos=+80.86 wrist_flex.pos=+77.09 wrist_roll.pos=-0.70 gripper.pos=+1.12
DEBUG 2026-09-03 09:02:50 [action #449] t=18.43s step=448 queue=20 dmax=0.871 | shoulder_pan.pos=-5.88 shoulder_lift.pos=-105.49 elbow_flex.pos=+81.74 wrist_flex.pos=+77.26 wrist_roll.pos=-0.64 gripper.pos=+1.16
DEBUG 2026-09-03 09:02:50 [action #450] t=18.46s step=449 queue=19 dmax=0.893 | shoulder_pan.pos=-5.91 shoulder_lift.pos=-105.93 elbow_flex.pos=+82.63 wrist_flex.pos=+77.60 wrist_roll.pos=-0.87 gripper.pos=+1.00
DEBUG 2026-09-03 09:02:50 [action #451] t=18.49s step=450 queue=18 dmax=0.324 | shoulder_pan.pos=-5.95 shoulder_lift.pos=-106.05 elbow_flex.pos=+82.95 wrist_flex.pos=+77.48 wrist_roll.pos=-0.73 gripper.pos=+1.04
DEBUG 2026-09-03 09:02:50 [action #452] t=18.53s step=451 queue=17 dmax=0.654 | shoulder_pan.pos=-5.92 shoulder_lift.pos=-105.39 elbow_flex.pos=+83.31 wrist_flex.pos=+77.80 wrist_roll.pos=-0.93 gripper.pos=+0.89
DEBUG 2026-09-03 09:02:50 [action #453] t=18.56s step=452 queue=16 dmax=1.067 | shoulder_pan.pos=-5.71 shoulder_lift.pos=-105.68 elbow_flex.pos=+84.38 wrist_flex.pos=+77.87 wrist_roll.pos=-0.98 gripper.pos=+0.95
DEBUG 2026-09-03 09:02:50 [action #454] t=18.59s step=453 queue=15 dmax=0.595 | shoulder_pan.pos=-5.39 shoulder_lift.pos=-105.08 elbow_flex.pos=+84.94 wrist_flex.pos=+77.86 wrist_roll.pos=-0.96 gripper.pos=+0.82
DEBUG 2026-09-03 09:02:50 [action #455] t=18.63s step=454 queue=14 dmax=0.581 | shoulder_pan.pos=-5.18 shoulder_lift.pos=-105.31 elbow_flex.pos=+84.35 wrist_flex.pos=+77.61 wrist_roll.pos=-1.02 gripper.pos=+0.65
DEBUG 2026-09-03 09:02:50 [action #456] t=18.66s step=455 queue=13 dmax=1.276 | shoulder_pan.pos=-4.54 shoulder_lift.pos=-105.55 elbow_flex.pos=+85.63 wrist_flex.pos=+77.65 wrist_roll.pos=-1.03 gripper.pos=+0.56
DEBUG 2026-09-03 09:02:50 [action #457] t=18.69s step=456 queue=12 dmax=0.691 | shoulder_pan.pos=-4.60 shoulder_lift.pos=-104.86 elbow_flex.pos=+85.98 wrist_flex.pos=+77.73 wrist_roll.pos=-1.03 gripper.pos=+0.65
DEBUG 2026-09-03 09:02:50 [action #458] t=18.73s step=457 queue=11 dmax=0.169 | shoulder_pan.pos=-4.52 shoulder_lift.pos=-105.03 elbow_flex.pos=+86.14 wrist_flex.pos=+77.74 wrist_roll.pos=-1.17 gripper.pos=+0.78
DEBUG 2026-09-03 09:02:50 [action #459] t=18.76s step=458 queue=10 dmax=0.702 | shoulder_pan.pos=-4.27 shoulder_lift.pos=-104.72 elbow_flex.pos=+86.84 wrist_flex.pos=+78.03 wrist_roll.pos=-1.26 gripper.pos=+0.86
DEBUG 2026-09-03 09:02:50 [action #460] t=18.79s step=459 queue=9 dmax=0.185 | shoulder_pan.pos=-4.35 shoulder_lift.pos=-104.87 elbow_flex.pos=+86.86 wrist_flex.pos=+77.89 wrist_roll.pos=-1.18 gripper.pos=+1.04
DEBUG 2026-09-03 09:02:50 [action #461] t=18.83s step=460 queue=8 dmax=0.259 | shoulder_pan.pos=-4.17 shoulder_lift.pos=-104.85 elbow_flex.pos=+86.81 wrist_flex.pos=+77.85 wrist_roll.pos=-1.22 gripper.pos=+0.78
DEBUG 2026-09-03 09:02:50 [action #462] t=18.86s step=461 queue=7 dmax=0.351 | shoulder_pan.pos=-4.27 shoulder_lift.pos=-104.50 elbow_flex.pos=+86.69 wrist_flex.pos=+77.77 wrist_roll.pos=-1.29 gripper.pos=+0.84
DEBUG 2026-09-03 09:02:50 [action #463] t=18.89s step=462 queue=6 dmax=0.474 | shoulder_pan.pos=-4.26 shoulder_lift.pos=-104.97 elbow_flex.pos=+87.12 wrist_flex.pos=+77.90 wrist_roll.pos=-1.19 gripper.pos=+0.90
DEBUG 2026-09-03 09:02:50 [action #464] t=18.93s step=463 queue=5 dmax=0.675 | shoulder_pan.pos=-4.25 shoulder_lift.pos=-104.30 elbow_flex.pos=+87.51 wrist_flex.pos=+78.01 wrist_roll.pos=-1.26 gripper.pos=+0.93
DEBUG 2026-09-03 09:02:50 [action #465] t=18.96s step=464 queue=4 dmax=0.517 | shoulder_pan.pos=-4.04 shoulder_lift.pos=-104.77 elbow_flex.pos=+88.03 wrist_flex.pos=+78.01 wrist_roll.pos=-1.35 gripper.pos=+0.95
DEBUG 2026-09-03 09:02:50 [action #466] t=18.99s step=465 queue=3 dmax=0.296 | shoulder_pan.pos=-3.98 shoulder_lift.pos=-104.79 elbow_flex.pos=+87.73 wrist_flex.pos=+78.20 wrist_roll.pos=-1.32 gripper.pos=+0.97
DEBUG 2026-09-03 09:02:50 [action #467] t=19.03s step=466 queue=2 dmax=0.313 | shoulder_pan.pos=-3.70 shoulder_lift.pos=-104.47 elbow_flex.pos=+87.54 wrist_flex.pos=+78.08 wrist_roll.pos=-1.37 gripper.pos=+0.83
DEBUG 2026-09-03 09:02:50 [action #468] t=19.06s step=467 queue=1 dmax=0.272 | shoulder_pan.pos=-3.89 shoulder_lift.pos=-104.20 elbow_flex.pos=+87.64 wrist_flex.pos=+78.15 wrist_roll.pos=-1.43 gripper.pos=+0.94
DEBUG 2026-09-03 09:02:51 [chunk] received 50 actions, timesteps 444..493 | first: shoulder_pan.pos=-5.17 shoulder_lift.pos=-102.71 elbow_flex.pos=+82.29 wrist_flex.pos=+78.69 wrist_roll.pos=-0.44 gripper.pos=+0.50 | last: shoulder_pan.pos=-6.17 shoulder_lift.pos=-102.28 elbow_flex.pos=+89.50 wrist_flex.pos=+78.50 wrist_roll.pos=-1.11 gripper.pos=+0.59
DEBUG 2026-09-03 09:02:51 [action #469] t=19.20s step=468 queue=26 dmax=2.038 | shoulder_pan.pos=-5.93 shoulder_lift.pos=-102.39 elbow_flex.pos=+88.38 wrist_flex.pos=+78.75 wrist_roll.pos=-1.63 gripper.pos=+0.63
DEBUG 2026-09-03 09:02:51 [action #470] t=19.23s step=469 queue=25 dmax=0.631 | shoulder_pan.pos=-6.15 shoulder_lift.pos=-101.76 elbow_flex.pos=+88.44 wrist_flex.pos=+78.61 wrist_roll.pos=-1.61 gripper.pos=+0.45
DEBUG 2026-09-03 09:02:51 [action #471] t=19.26s step=470 queue=24 dmax=0.272 | shoulder_pan.pos=-5.88 shoulder_lift.pos=-101.98 elbow_flex.pos=+88.47 wrist_flex.pos=+78.66 wrist_roll.pos=-1.38 gripper.pos=+0.50
DEBUG 2026-09-03 09:02:51 [action #472] t=19.30s step=471 queue=23 dmax=0.324 | shoulder_pan.pos=-6.03 shoulder_lift.pos=-102.03 elbow_flex.pos=+88.15 wrist_flex.pos=+78.70 wrist_roll.pos=-1.38 gripper.pos=+0.48
DEBUG 2026-09-03 09:02:51 [action #473] t=19.33s step=472 queue=22 dmax=0.593 | shoulder_pan.pos=-5.86 shoulder_lift.pos=-102.03 elbow_flex.pos=+88.74 wrist_flex.pos=+78.66 wrist_roll.pos=-1.28 gripper.pos=+0.69
DEBUG 2026-09-03 09:02:51 [action #474] t=19.36s step=473 queue=21 dmax=0.189 | shoulder_pan.pos=-5.67 shoulder_lift.pos=-102.10 elbow_flex.pos=+88.86 wrist_flex.pos=+78.63 wrist_roll.pos=-1.28 gripper.pos=+0.54
DEBUG 2026-09-03 09:02:51 [action #475] t=19.40s step=474 queue=20 dmax=0.359 | shoulder_pan.pos=-5.93 shoulder_lift.pos=-102.43 elbow_flex.pos=+88.50 wrist_flex.pos=+78.62 wrist_roll.pos=-1.16 gripper.pos=+0.50
DEBUG 2026-09-03 09:02:51 [action #476] t=19.43s step=475 queue=19 dmax=0.207 | shoulder_pan.pos=-5.72 shoulder_lift.pos=-102.42 elbow_flex.pos=+88.62 wrist_flex.pos=+78.50 wrist_roll.pos=-1.09 gripper.pos=+0.69
DEBUG 2026-09-03 09:02:51 [action #477] t=19.46s step=476 queue=18 dmax=0.201 | shoulder_pan.pos=-5.71 shoulder_lift.pos=-102.48 elbow_flex.pos=+88.77 wrist_flex.pos=+78.60 wrist_roll.pos=-1.10 gripper.pos=+0.49
DEBUG 2026-09-03 09:02:51 [action #478] t=19.50s step=477 queue=17 dmax=0.293 | shoulder_pan.pos=-5.55 shoulder_lift.pos=-102.19 elbow_flex.pos=+89.01 wrist_flex.pos=+78.57 wrist_roll.pos=-1.01 gripper.pos=+0.59
DEBUG 2026-09-03 09:02:51 [action #479] t=19.53s step=478 queue=16 dmax=0.394 | shoulder_pan.pos=-5.82 shoulder_lift.pos=-101.89 elbow_flex.pos=+89.40 wrist_flex.pos=+78.53 wrist_roll.pos=-0.91 gripper.pos=+0.59
DEBUG 2026-09-03 09:02:51 [action #480] t=19.56s step=479 queue=15 dmax=0.252 | shoulder_pan.pos=-5.66 shoulder_lift.pos=-102.13 elbow_flex.pos=+89.15 wrist_flex.pos=+78.52 wrist_roll.pos=-0.93 gripper.pos=+0.62
DEBUG 2026-09-03 09:02:51 [action #481] t=19.60s step=480 queue=14 dmax=0.156 | shoulder_pan.pos=-5.69 shoulder_lift.pos=-101.98 elbow_flex.pos=+89.04 wrist_flex.pos=+78.46 wrist_roll.pos=-0.87 gripper.pos=+0.69
DEBUG 2026-09-03 09:02:51 [action #482] t=19.63s step=481 queue=13 dmax=1.103 | shoulder_pan.pos=-5.72 shoulder_lift.pos=-100.87 elbow_flex.pos=+88.64 wrist_flex.pos=+78.62 wrist_roll.pos=-0.91 gripper.pos=+0.64
DEBUG 2026-09-03 09:02:51 [action #483] t=19.66s step=482 queue=12 dmax=1.154 | shoulder_pan.pos=-5.66 shoulder_lift.pos=-102.03 elbow_flex.pos=+89.08 wrist_flex.pos=+78.36 wrist_roll.pos=-0.90 gripper.pos=+0.82
DEBUG 2026-09-03 09:02:51 [action #484] t=19.70s step=483 queue=11 dmax=0.322 | shoulder_pan.pos=-5.85 shoulder_lift.pos=-102.33 elbow_flex.pos=+89.20 wrist_flex.pos=+78.29 wrist_roll.pos=-0.87 gripper.pos=+0.50
DEBUG 2026-09-03 09:02:51 [action #485] t=19.73s step=484 queue=10 dmax=1.001 | shoulder_pan.pos=-5.91 shoulder_lift.pos=-101.33 elbow_flex.pos=+89.68 wrist_flex.pos=+78.50 wrist_roll.pos=-0.96 gripper.pos=+0.72
DEBUG 2026-09-03 09:02:51 [action #486] t=19.76s step=485 queue=9 dmax=0.719 | shoulder_pan.pos=-5.82 shoulder_lift.pos=-102.05 elbow_flex.pos=+89.64 wrist_flex.pos=+78.36 wrist_roll.pos=-0.97 gripper.pos=+0.55
DEBUG 2026-09-03 09:02:51 [action #487] t=19.80s step=486 queue=8 dmax=0.591 | shoulder_pan.pos=-5.84 shoulder_lift.pos=-102.01 elbow_flex.pos=+89.05 wrist_flex.pos=+78.45 wrist_roll.pos=-0.87 gripper.pos=+0.49
DEBUG 2026-09-03 09:02:51 [action #488] t=19.83s step=487 queue=7 dmax=0.594 | shoulder_pan.pos=-6.05 shoulder_lift.pos=-102.61 elbow_flex.pos=+89.01 wrist_flex.pos=+78.39 wrist_roll.pos=-0.91 gripper.pos=+0.50
DEBUG 2026-09-03 09:02:51 [action #489] t=19.86s step=488 queue=6 dmax=0.460 | shoulder_pan.pos=-5.84 shoulder_lift.pos=-102.15 elbow_flex.pos=+89.17 wrist_flex.pos=+78.47 wrist_roll.pos=-1.00 gripper.pos=+0.74
DEBUG 2026-09-03 09:02:51 [action #490] t=19.90s step=489 queue=5 dmax=0.489 | shoulder_pan.pos=-5.71 shoulder_lift.pos=-101.66 elbow_flex.pos=+89.43 wrist_flex.pos=+78.47 wrist_roll.pos=-0.98 gripper.pos=+0.75
DEBUG 2026-09-03 09:02:51 [action #491] t=19.93s step=490 queue=4 dmax=0.560 | shoulder_pan.pos=-6.27 shoulder_lift.pos=-102.21 elbow_flex.pos=+89.11 wrist_flex.pos=+78.45 wrist_roll.pos=-1.10 gripper.pos=+0.47
DEBUG 2026-09-03 09:02:51 [action #492] t=19.96s step=491 queue=3 dmax=0.434 | shoulder_pan.pos=-5.84 shoulder_lift.pos=-102.25 elbow_flex.pos=+89.42 wrist_flex.pos=+78.26 wrist_roll.pos=-0.99 gripper.pos=+0.55
DEBUG 2026-09-03 09:02:51 [action #493] t=20.00s step=492 queue=2 dmax=0.614 | shoulder_pan.pos=-6.22 shoulder_lift.pos=-101.76 elbow_flex.pos=+88.80 wrist_flex.pos=+78.33 wrist_roll.pos=-1.12 gripper.pos=+0.57
DEBUG 2026-09-03 09:02:51 [action #494] t=20.03s step=493 queue=1 dmax=0.697 | shoulder_pan.pos=-6.17 shoulder_lift.pos=-102.28 elbow_flex.pos=+89.50 wrist_flex.pos=+78.50 wrist_roll.pos=-1.11 gripper.pos=+0.59
DEBUG 2026-09-03 09:02:52 [chunk] received 50 actions, timesteps 467..516 | first: shoulder_pan.pos=-4.15 shoulder_lift.pos=-102.32 elbow_flex.pos=+87.55 wrist_flex.pos=+77.76 wrist_roll.pos=-1.02 gripper.pos=+1.11 | last: shoulder_pan.pos=-4.27 shoulder_lift.pos=-102.09 elbow_flex.pos=+88.01 wrist_flex.pos=+77.93 wrist_roll.pos=-1.12 gripper.pos=+1.06
DEBUG 2026-09-03 09:02:52 [action #495] t=20.13s step=494 queue=23 dmax=1.823 | shoulder_pan.pos=-4.35 shoulder_lift.pos=-102.33 elbow_flex.pos=+88.12 wrist_flex.pos=+77.70 wrist_roll.pos=-1.07 gripper.pos=+0.91
DEBUG 2026-09-03 09:02:52 [action #496] t=20.17s step=495 queue=22 dmax=0.196 | shoulder_pan.pos=-4.15 shoulder_lift.pos=-102.38 elbow_flex.pos=+87.98 wrist_flex.pos=+77.89 wrist_roll.pos=-1.03 gripper.pos=+0.93
DEBUG 2026-09-03 09:02:52 [action #497] t=20.20s step=496 queue=21 dmax=0.110 | shoulder_pan.pos=-4.15 shoulder_lift.pos=-102.27 elbow_flex.pos=+88.02 wrist_flex.pos=+77.82 wrist_roll.pos=-1.04 gripper.pos=+0.93
DEBUG 2026-09-03 09:02:52 [action #498] t=20.23s step=497 queue=20 dmax=0.626 | shoulder_pan.pos=-4.01 shoulder_lift.pos=-101.64 elbow_flex.pos=+87.55 wrist_flex.pos=+77.61 wrist_roll.pos=-0.93 gripper.pos=+1.03
DEBUG 2026-09-03 09:02:52 [action #499] t=20.27s step=498 queue=19 dmax=0.991 | shoulder_pan.pos=-4.04 shoulder_lift.pos=-102.07 elbow_flex.pos=+88.54 wrist_flex.pos=+77.74 wrist_roll.pos=-1.01 gripper.pos=+0.95
DEBUG 2026-09-03 09:02:52 [action #500] t=20.30s step=499 queue=18 dmax=0.371 | shoulder_pan.pos=-4.02 shoulder_lift.pos=-102.01 elbow_flex.pos=+88.17 wrist_flex.pos=+77.82 wrist_roll.pos=-0.97 gripper.pos=+1.09
DEBUG 2026-09-03 09:02:52 [action #501] t=20.33s step=500 queue=17 dmax=0.330 | shoulder_pan.pos=-4.01 shoulder_lift.pos=-102.13 elbow_flex.pos=+87.84 wrist_flex.pos=+77.84 wrist_roll.pos=-0.94 gripper.pos=+0.94
DEBUG 2026-09-03 09:02:52 [action #502] t=20.37s step=501 queue=16 dmax=0.324 | shoulder_pan.pos=-4.10 shoulder_lift.pos=-102.33 elbow_flex.pos=+88.16 wrist_flex.pos=+77.79 wrist_roll.pos=-0.98 gripper.pos=+1.02
DEBUG 2026-09-03 09:02:52 [action #503] t=20.40s step=502 queue=15 dmax=0.293 | shoulder_pan.pos=-4.39 shoulder_lift.pos=-102.26 elbow_flex.pos=+88.38 wrist_flex.pos=+77.88 wrist_roll.pos=-0.97 gripper.pos=+1.02
DEBUG 2026-09-03 09:02:52 [action #504] t=20.43s step=503 queue=14 dmax=0.537 | shoulder_pan.pos=-4.12 shoulder_lift.pos=-102.26 elbow_flex.pos=+87.84 wrist_flex.pos=+77.79 wrist_roll.pos=-0.97 gripper.pos=+1.01
DEBUG 2026-09-03 09:02:52 [action #505] t=20.47s step=504 queue=13 dmax=0.429 | shoulder_pan.pos=-4.04 shoulder_lift.pos=-101.83 elbow_flex.pos=+88.10 wrist_flex.pos=+77.78 wrist_roll.pos=-0.96 gripper.pos=+0.93
DEBUG 2026-09-03 09:02:52 [action #506] t=20.50s step=505 queue=12 dmax=0.842 | shoulder_pan.pos=-4.18 shoulder_lift.pos=-102.67 elbow_flex.pos=+88.06 wrist_flex.pos=+77.76 wrist_roll.pos=-1.01 gripper.pos=+0.93
DEBUG 2026-09-03 09:02:52 [action #507] t=20.53s step=506 queue=11 dmax=0.385 | shoulder_pan.pos=-4.22 shoulder_lift.pos=-102.29 elbow_flex.pos=+88.00 wrist_flex.pos=+77.74 wrist_roll.pos=-1.00 gripper.pos=+1.07
DEBUG 2026-09-03 09:02:52 [action #508] t=20.57s step=507 queue=10 dmax=0.336 | shoulder_pan.pos=-4.10 shoulder_lift.pos=-101.95 elbow_flex.pos=+87.90 wrist_flex.pos=+77.80 wrist_roll.pos=-0.99 gripper.pos=+1.05
DEBUG 2026-09-03 09:02:52 [action #509] t=20.60s step=508 queue=9 dmax=0.375 | shoulder_pan.pos=-4.26 shoulder_lift.pos=-102.33 elbow_flex.pos=+88.16 wrist_flex.pos=+77.74 wrist_roll.pos=-1.01 gripper.pos=+0.92
DEBUG 2026-09-03 09:02:52 [action #510] t=20.63s step=509 queue=8 dmax=0.600 | shoulder_pan.pos=-3.84 shoulder_lift.pos=-102.27 elbow_flex.pos=+87.56 wrist_flex.pos=+77.67 wrist_roll.pos=-0.94 gripper.pos=+1.11
DEBUG 2026-09-03 09:02:52 [action #511] t=20.67s step=510 queue=7 dmax=0.556 | shoulder_pan.pos=-4.13 shoulder_lift.pos=-101.96 elbow_flex.pos=+88.11 wrist_flex.pos=+77.73 wrist_roll.pos=-0.98 gripper.pos=+1.09
DEBUG 2026-09-03 09:02:52 [action #512] t=20.70s step=511 queue=6 dmax=0.367 | shoulder_pan.pos=-4.12 shoulder_lift.pos=-102.33 elbow_flex.pos=+87.76 wrist_flex.pos=+77.66 wrist_roll.pos=-1.05 gripper.pos=+1.00
DEBUG 2026-09-03 09:02:52 [action #513] t=20.73s step=512 queue=5 dmax=0.214 | shoulder_pan.pos=-4.06 shoulder_lift.pos=-102.54 elbow_flex.pos=+87.83 wrist_flex.pos=+77.75 wrist_roll.pos=-1.04 gripper.pos=+1.05
DEBUG 2026-09-03 09:02:52 [action #514] t=20.77s step=513 queue=4 dmax=0.270 | shoulder_pan.pos=-4.05 shoulder_lift.pos=-102.27 elbow_flex.pos=+87.67 wrist_flex.pos=+77.83 wrist_roll.pos=-1.04 gripper.pos=+1.08
DEBUG 2026-09-03 09:02:52 [action #515] t=20.80s step=514 queue=3 dmax=0.203 | shoulder_pan.pos=-4.26 shoulder_lift.pos=-102.29 elbow_flex.pos=+87.57 wrist_flex.pos=+77.91 wrist_roll.pos=-1.05 gripper.pos=+1.13
DEBUG 2026-09-03 09:02:52 [action #516] t=20.83s step=515 queue=2 dmax=0.449 | shoulder_pan.pos=-4.19 shoulder_lift.pos=-101.84 elbow_flex.pos=+87.92 wrist_flex.pos=+77.79 wrist_roll.pos=-1.05 gripper.pos=+0.98
DEBUG 2026-09-03 09:02:52 [action #517] t=20.87s step=516 queue=1 dmax=0.248 | shoulder_pan.pos=-4.27 shoulder_lift.pos=-102.09 elbow_flex.pos=+88.01 wrist_flex.pos=+77.93 wrist_roll.pos=-1.12 gripper.pos=+1.06
DEBUG 2026-09-03 09:02:52 [chunk] received 50 actions, timesteps 493..542 | first: shoulder_pan.pos=-4.97 shoulder_lift.pos=-102.05 elbow_flex.pos=+88.21 wrist_flex.pos=+77.48 wrist_roll.pos=-1.33 gripper.pos=+0.85 | last: shoulder_pan.pos=-4.56 shoulder_lift.pos=-102.08 elbow_flex.pos=+87.84 wrist_flex.pos=+77.82 wrist_roll.pos=-1.50 gripper.pos=+0.90
DEBUG 2026-09-03 09:02:52 [action #518] t=21.03s step=517 queue=26 dmax=0.380 | shoulder_pan.pos=-4.31 shoulder_lift.pos=-101.73 elbow_flex.pos=+88.36 wrist_flex.pos=+77.68 wrist_roll.pos=-1.50 gripper.pos=+0.91
DEBUG 2026-09-03 09:02:53 [action #519] t=21.07s step=518 queue=25 dmax=1.068 | shoulder_pan.pos=-4.44 shoulder_lift.pos=-102.80 elbow_flex.pos=+88.62 wrist_flex.pos=+77.62 wrist_roll.pos=-1.48 gripper.pos=+0.78
DEBUG 2026-09-03 09:02:53 [action #520] t=21.10s step=519 queue=24 dmax=0.210 | shoulder_pan.pos=-4.56 shoulder_lift.pos=-102.68 elbow_flex.pos=+88.41 wrist_flex.pos=+77.79 wrist_roll.pos=-1.50 gripper.pos=+0.90
DEBUG 2026-09-03 09:02:53 [action #521] t=21.13s step=520 queue=23 dmax=0.148 | shoulder_pan.pos=-4.64 shoulder_lift.pos=-102.56 elbow_flex.pos=+88.33 wrist_flex.pos=+77.64 wrist_roll.pos=-1.52 gripper.pos=+0.77
DEBUG 2026-09-03 09:02:53 [action #522] t=21.17s step=521 queue=22 dmax=0.142 | shoulder_pan.pos=-4.61 shoulder_lift.pos=-102.50 elbow_flex.pos=+88.46 wrist_flex.pos=+77.76 wrist_roll.pos=-1.56 gripper.pos=+0.91
DEBUG 2026-09-03 09:02:53 [action #523] t=21.20s step=522 queue=21 dmax=0.319 | shoulder_pan.pos=-4.46 shoulder_lift.pos=-102.52 elbow_flex.pos=+88.15 wrist_flex.pos=+77.77 wrist_roll.pos=-1.48 gripper.pos=+0.81
DEBUG 2026-09-03 09:02:53 [action #524] t=21.24s step=523 queue=20 dmax=0.305 | shoulder_pan.pos=-4.56 shoulder_lift.pos=-102.68 elbow_flex.pos=+88.45 wrist_flex.pos=+77.71 wrist_roll.pos=-1.49 gripper.pos=+0.91
DEBUG 2026-09-03 09:02:53 [action #525] t=21.27s step=524 queue=19 dmax=0.332 | shoulder_pan.pos=-4.54 shoulder_lift.pos=-102.71 elbow_flex.pos=+88.12 wrist_flex.pos=+77.66 wrist_roll.pos=-1.51 gripper.pos=+0.92
DEBUG 2026-09-03 09:02:53 [action #526] t=21.30s step=525 queue=18 dmax=0.415 | shoulder_pan.pos=-4.62 shoulder_lift.pos=-102.29 elbow_flex.pos=+88.37 wrist_flex.pos=+77.74 wrist_roll.pos=-1.51 gripper.pos=+0.91
DEBUG 2026-09-03 09:02:53 [action #527] t=21.34s step=526 queue=17 dmax=0.079 | shoulder_pan.pos=-4.58 shoulder_lift.pos=-102.37 elbow_flex.pos=+88.43 wrist_flex.pos=+77.81 wrist_roll.pos=-1.54 gripper.pos=+0.90
DEBUG 2026-09-03 09:02:53 [action #528] t=21.37s step=527 queue=16 dmax=0.092 | shoulder_pan.pos=-4.65 shoulder_lift.pos=-102.37 elbow_flex.pos=+88.34 wrist_flex.pos=+77.79 wrist_roll.pos=-1.49 gripper.pos=+0.89
DEBUG 2026-09-03 09:02:53 [action #529] t=21.40s step=528 queue=15 dmax=0.617 | shoulder_pan.pos=-4.56 shoulder_lift.pos=-102.40 elbow_flex.pos=+87.72 wrist_flex.pos=+77.78 wrist_roll.pos=-1.46 gripper.pos=+0.86
DEBUG 2026-09-03 09:02:53 [action #530] t=21.44s step=529 queue=14 dmax=0.315 | shoulder_pan.pos=-4.39 shoulder_lift.pos=-102.45 elbow_flex.pos=+88.04 wrist_flex.pos=+77.75 wrist_roll.pos=-1.46 gripper.pos=+0.84
DEBUG 2026-09-03 09:02:53 [action #531] t=21.47s step=530 queue=13 dmax=0.172 | shoulder_pan.pos=-4.42 shoulder_lift.pos=-102.28 elbow_flex.pos=+88.15 wrist_flex.pos=+77.78 wrist_roll.pos=-1.46 gripper.pos=+0.84
DEBUG 2026-09-03 09:02:53 [action #532] t=21.50s step=531 queue=12 dmax=0.233 | shoulder_pan.pos=-4.51 shoulder_lift.pos=-102.04 elbow_flex.pos=+88.24 wrist_flex.pos=+77.77 wrist_roll.pos=-1.49 gripper.pos=+0.96
DEBUG 2026-09-03 09:02:53 [action #533] t=21.54s step=532 queue=11 dmax=0.179 | shoulder_pan.pos=-4.58 shoulder_lift.pos=-101.86 elbow_flex.pos=+88.11 wrist_flex.pos=+77.83 wrist_roll.pos=-1.51 gripper.pos=+0.89
DEBUG 2026-09-03 09:02:53 [action #534] t=21.57s step=533 queue=10 dmax=0.431 | shoulder_pan.pos=-4.56 shoulder_lift.pos=-101.90 elbow_flex.pos=+88.54 wrist_flex.pos=+77.71 wrist_roll.pos=-1.46 gripper.pos=+0.84
DEBUG 2026-09-03 09:02:53 [action #535] t=21.60s step=534 queue=9 dmax=0.744 | shoulder_pan.pos=-4.65 shoulder_lift.pos=-102.64 elbow_flex.pos=+88.37 wrist_flex.pos=+77.76 wrist_roll.pos=-1.47 gripper.pos=+0.78
DEBUG 2026-09-03 09:02:53 [action #536] t=21.64s step=535 queue=8 dmax=0.297 | shoulder_pan.pos=-4.65 shoulder_lift.pos=-102.35 elbow_flex.pos=+88.23 wrist_flex.pos=+77.74 wrist_roll.pos=-1.53 gripper.pos=+0.95
DEBUG 2026-09-03 09:02:53 [action #537] t=21.67s step=536 queue=7 dmax=0.684 | shoulder_pan.pos=-4.46 shoulder_lift.pos=-101.66 elbow_flex.pos=+88.23 wrist_flex.pos=+77.94 wrist_roll.pos=-1.46 gripper.pos=+0.93
DEBUG 2026-09-03 09:02:53 [action #538] t=21.70s step=537 queue=6 dmax=0.763 | shoulder_pan.pos=-4.61 shoulder_lift.pos=-102.43 elbow_flex.pos=+88.23 wrist_flex.pos=+77.74 wrist_roll.pos=-1.55 gripper.pos=+0.89
DEBUG 2026-09-03 09:02:53 [action #539] t=21.74s step=538 queue=5 dmax=0.207 | shoulder_pan.pos=-4.59 shoulder_lift.pos=-102.54 elbow_flex.pos=+88.02 wrist_flex.pos=+77.79 wrist_roll.pos=-1.58 gripper.pos=+1.00
DEBUG 2026-09-03 09:02:53 [action #540] t=21.77s step=539 queue=4 dmax=1.016 | shoulder_pan.pos=-4.51 shoulder_lift.pos=-101.52 elbow_flex.pos=+87.79 wrist_flex.pos=+77.65 wrist_roll.pos=-1.62 gripper.pos=+0.95
DEBUG 2026-09-03 09:02:53 [action #541] t=21.80s step=540 queue=3 dmax=0.824 | shoulder_pan.pos=-4.63 shoulder_lift.pos=-102.35 elbow_flex.pos=+88.24 wrist_flex.pos=+77.74 wrist_roll.pos=-1.58 gripper.pos=+0.94
DEBUG 2026-09-03 09:02:53 [chunk] received 50 actions, timesteps 516..565 | first: shoulder_pan.pos=-4.07 shoulder_lift.pos=-102.77 elbow_flex.pos=+88.59 wrist_flex.pos=+78.10 wrist_roll.pos=-1.41 gripper.pos=+0.92 | last: shoulder_pan.pos=-3.97 shoulder_lift.pos=-102.42 elbow_flex.pos=+88.28 wrist_flex.pos=+77.89 wrist_roll.pos=-1.33 gripper.pos=+0.97
DEBUG 2026-09-03 09:02:53 [action #542] t=21.84s step=541 queue=25 dmax=0.823 | shoulder_pan.pos=-3.81 shoulder_lift.pos=-102.66 elbow_flex.pos=+88.26 wrist_flex.pos=+77.70 wrist_roll.pos=-1.35 gripper.pos=+0.91
DEBUG 2026-09-03 09:02:53 [action #543] t=21.87s step=542 queue=24 dmax=0.151 | shoulder_pan.pos=-3.75 shoulder_lift.pos=-102.53 elbow_flex.pos=+88.25 wrist_flex.pos=+77.85 wrist_roll.pos=-1.26 gripper.pos=+1.05
DEBUG 2026-09-03 09:02:53 [action #544] t=21.90s step=543 queue=23 dmax=0.294 | shoulder_pan.pos=-3.59 shoulder_lift.pos=-102.52 elbow_flex.pos=+88.55 wrist_flex.pos=+77.93 wrist_roll.pos=-1.33 gripper.pos=+0.92
DEBUG 2026-09-03 09:02:53 [action #545] t=21.94s step=544 queue=22 dmax=0.122 | shoulder_pan.pos=-3.66 shoulder_lift.pos=-102.61 elbow_flex.pos=+88.58 wrist_flex.pos=+77.86 wrist_roll.pos=-1.29 gripper.pos=+1.04
DEBUG 2026-09-03 09:02:53 [action #546] t=21.97s step=545 queue=21 dmax=0.349 | shoulder_pan.pos=-3.67 shoulder_lift.pos=-102.75 elbow_flex.pos=+88.93 wrist_flex.pos=+77.87 wrist_roll.pos=-1.29 gripper.pos=+0.90
DEBUG 2026-09-03 09:02:53 [action #547] t=22.00s step=546 queue=20 dmax=0.152 | shoulder_pan.pos=-3.70 shoulder_lift.pos=-102.67 elbow_flex.pos=+88.77 wrist_flex.pos=+77.82 wrist_roll.pos=-1.38 gripper.pos=+0.95
DEBUG 2026-09-03 09:02:53 [action #548] t=22.04s step=547 queue=19 dmax=0.376 | shoulder_pan.pos=-3.68 shoulder_lift.pos=-102.73 elbow_flex.pos=+89.15 wrist_flex.pos=+77.58 wrist_roll.pos=-1.29 gripper.pos=+0.93
DEBUG 2026-09-03 09:02:54 [action #549] t=22.07s step=548 queue=18 dmax=0.231 | shoulder_pan.pos=-3.76 shoulder_lift.pos=-102.81 elbow_flex.pos=+89.01 wrist_flex.pos=+77.81 wrist_roll.pos=-1.35 gripper.pos=+0.90
DEBUG 2026-09-03 09:02:54 [action #550] t=22.11s step=549 queue=17 dmax=0.353 | shoulder_pan.pos=-3.62 shoulder_lift.pos=-102.46 elbow_flex.pos=+88.90 wrist_flex.pos=+77.94 wrist_roll.pos=-1.34 gripper.pos=+0.89
DEBUG 2026-09-03 09:02:54 [action #551] t=22.14s step=550 queue=16 dmax=0.486 | shoulder_pan.pos=-3.90 shoulder_lift.pos=-102.87 elbow_flex.pos=+88.41 wrist_flex.pos=+77.78 wrist_roll.pos=-1.24 gripper.pos=+0.93
DEBUG 2026-09-03 09:02:54 [action #552] t=22.17s step=551 queue=15 dmax=0.694 | shoulder_pan.pos=-3.94 shoulder_lift.pos=-102.68 elbow_flex.pos=+89.10 wrist_flex.pos=+77.77 wrist_roll.pos=-1.20 gripper.pos=+0.91
DEBUG 2026-09-03 09:02:54 [action #553] t=22.21s step=552 queue=14 dmax=0.545 | shoulder_pan.pos=-3.73 shoulder_lift.pos=-102.14 elbow_flex.pos=+89.03 wrist_flex.pos=+77.68 wrist_roll.pos=-1.20 gripper.pos=+1.04
DEBUG 2026-09-03 09:02:54 [action #554] t=22.24s step=553 queue=13 dmax=0.368 | shoulder_pan.pos=-3.80 shoulder_lift.pos=-102.51 elbow_flex.pos=+89.00 wrist_flex.pos=+77.75 wrist_roll.pos=-1.08 gripper.pos=+0.88
DEBUG 2026-09-03 09:02:54 [action #555] t=22.27s step=554 queue=12 dmax=0.136 | shoulder_pan.pos=-3.75 shoulder_lift.pos=-102.57 elbow_flex.pos=+88.95 wrist_flex.pos=+77.75 wrist_roll.pos=-1.22 gripper.pos=+0.78
DEBUG 2026-09-03 09:02:54 [action #556] t=22.31s step=555 queue=11 dmax=0.374 | shoulder_pan.pos=-3.85 shoulder_lift.pos=-102.94 elbow_flex.pos=+89.00 wrist_flex.pos=+77.74 wrist_roll.pos=-1.22 gripper.pos=+0.83
DEBUG 2026-09-03 09:02:54 [action #557] t=22.34s step=556 queue=10 dmax=0.488 | shoulder_pan.pos=-4.02 shoulder_lift.pos=-103.43 elbow_flex.pos=+88.82 wrist_flex.pos=+77.76 wrist_roll.pos=-1.16 gripper.pos=+0.86
DEBUG 2026-09-03 09:02:54 [action #558] t=22.37s step=557 queue=9 dmax=0.979 | shoulder_pan.pos=-3.60 shoulder_lift.pos=-102.45 elbow_flex.pos=+89.50 wrist_flex.pos=+77.75 wrist_roll.pos=-1.18 gripper.pos=+1.02
DEBUG 2026-09-03 09:02:54 [action #559] t=22.41s step=558 queue=8 dmax=0.645 | shoulder_pan.pos=-3.73 shoulder_lift.pos=-102.34 elbow_flex.pos=+88.85 wrist_flex.pos=+77.78 wrist_roll.pos=-1.29 gripper.pos=+0.85
DEBUG 2026-09-03 09:02:54 [action #560] t=22.44s step=559 queue=7 dmax=0.512 | shoulder_pan.pos=-3.72 shoulder_lift.pos=-102.86 elbow_flex.pos=+89.07 wrist_flex.pos=+77.91 wrist_roll.pos=-1.23 gripper.pos=+0.78
DEBUG 2026-09-03 09:02:54 [action #561] t=22.47s step=560 queue=6 dmax=0.652 | shoulder_pan.pos=-3.81 shoulder_lift.pos=-102.20 elbow_flex.pos=+89.09 wrist_flex.pos=+77.91 wrist_roll.pos=-1.20 gripper.pos=+1.04
DEBUG 2026-09-03 09:02:54 [action #562] t=22.51s step=561 queue=5 dmax=0.173 | shoulder_pan.pos=-3.77 shoulder_lift.pos=-102.25 elbow_flex.pos=+88.91 wrist_flex.pos=+77.78 wrist_roll.pos=-1.21 gripper.pos=+0.92
DEBUG 2026-09-03 09:02:54 [action #563] t=22.54s step=562 queue=4 dmax=0.359 | shoulder_pan.pos=-3.76 shoulder_lift.pos=-102.45 elbow_flex.pos=+88.55 wrist_flex.pos=+77.78 wrist_roll.pos=-1.29 gripper.pos=+0.92
DEBUG 2026-09-03 09:02:54 [action #564] t=22.57s step=563 queue=3 dmax=0.233 | shoulder_pan.pos=-3.79 shoulder_lift.pos=-102.32 elbow_flex.pos=+88.32 wrist_flex.pos=+77.86 wrist_roll.pos=-1.33 gripper.pos=+0.93
INFO 2026-09-03 09:03:02 Final action sent: shoulder_pan.pos=-3.79 shoulder_lift.pos=-102.32 elbow_flex.pos=+88.32 wrist_flex.pos=+77.86 wrist_roll.pos=-1.33 gripper.pos=+0.93
DEBUG 2026-09-03 09:03:02 === episode end | 30.6s | converged=True | actions=564 ===
