DEBUG 2026-09-03 09:17:05 === episode start | task: 'put the box on the tray' | duration: 50.0s ===
DEBUG 2026-09-03 09:17:06 [chunk] received 50 actions, timesteps 0..49 | first: shoulder_pan.pos=-4.01 shoulder_lift.pos=-100.59 elbow_flex.pos=+87.84 wrist_flex.pos=+75.99 wrist_roll.pos=-0.99 gripper.pos=+0.87 | last: shoulder_pan.pos=-39.33 shoulder_lift.pos=-101.33 elbow_flex.pos=+89.36 wrist_flex.pos=+75.18 wrist_roll.pos=-1.79 gripper.pos=+0.67
DEBUG 2026-09-03 09:17:06 [action #1] t=0.87s step=0 queue=50 dmax=n/a | shoulder_pan.pos=-4.01 shoulder_lift.pos=-100.59 elbow_flex.pos=+87.84 wrist_flex.pos=+75.99 wrist_roll.pos=-0.99 gripper.pos=+0.87
DEBUG 2026-09-03 09:17:06 [action #2] t=0.90s step=1 queue=49 dmax=0.424 | shoulder_pan.pos=-4.01 shoulder_lift.pos=-101.01 elbow_flex.pos=+87.62 wrist_flex.pos=+76.07 wrist_roll.pos=-0.95 gripper.pos=+0.85
DEBUG 2026-09-03 09:17:06 [action #3] t=0.94s step=2 queue=48 dmax=0.348 | shoulder_pan.pos=-4.16 shoulder_lift.pos=-100.78 elbow_flex.pos=+87.97 wrist_flex.pos=+76.35 wrist_roll.pos=-0.92 gripper.pos=+0.85
DEBUG 2026-09-03 09:17:06 [action #4] t=0.97s step=3 queue=47 dmax=0.732 | shoulder_pan.pos=-4.89 shoulder_lift.pos=-101.48 elbow_flex.pos=+87.35 wrist_flex.pos=+76.15 wrist_roll.pos=-0.86 gripper.pos=+0.98
DEBUG 2026-09-03 09:17:06 [action #5] t=1.00s step=4 queue=46 dmax=0.448 | shoulder_pan.pos=-5.32 shoulder_lift.pos=-101.03 elbow_flex.pos=+87.70 wrist_flex.pos=+76.26 wrist_roll.pos=-0.88 gripper.pos=+0.91
DEBUG 2026-09-03 09:17:06 [action #6] t=1.04s step=5 queue=45 dmax=0.734 | shoulder_pan.pos=-6.06 shoulder_lift.pos=-101.58 elbow_flex.pos=+87.87 wrist_flex.pos=+76.24 wrist_roll.pos=-0.88 gripper.pos=+0.92
DEBUG 2026-09-03 09:17:06 [action #7] t=1.07s step=6 queue=44 dmax=0.773 | shoulder_pan.pos=-6.83 shoulder_lift.pos=-101.36 elbow_flex.pos=+87.15 wrist_flex.pos=+76.43 wrist_roll.pos=-0.78 gripper.pos=+0.87
DEBUG 2026-09-03 09:17:06 [action #8] t=1.10s step=7 queue=43 dmax=0.953 | shoulder_pan.pos=-7.46 shoulder_lift.pos=-101.51 elbow_flex.pos=+88.10 wrist_flex.pos=+76.34 wrist_roll.pos=-0.76 gripper.pos=+0.81
DEBUG 2026-09-03 09:17:06 [action #9] t=1.14s step=8 queue=42 dmax=0.837 | shoulder_pan.pos=-8.30 shoulder_lift.pos=-101.65 elbow_flex.pos=+88.22 wrist_flex.pos=+76.44 wrist_roll.pos=-0.80 gripper.pos=+0.76
DEBUG 2026-09-03 09:17:06 [action #10] t=1.17s step=9 queue=41 dmax=0.822 | shoulder_pan.pos=-9.12 shoulder_lift.pos=-101.21 elbow_flex.pos=+88.08 wrist_flex.pos=+76.39 wrist_roll.pos=-0.79 gripper.pos=+0.79
DEBUG 2026-09-03 09:17:06 [action #11] t=1.20s step=10 queue=40 dmax=0.680 | shoulder_pan.pos=-9.59 shoulder_lift.pos=-101.89 elbow_flex.pos=+88.21 wrist_flex.pos=+76.55 wrist_roll.pos=-0.80 gripper.pos=+0.73
DEBUG 2026-09-03 09:17:06 [action #12] t=1.24s step=11 queue=39 dmax=0.837 | shoulder_pan.pos=-10.43 shoulder_lift.pos=-101.74 elbow_flex.pos=+88.25 wrist_flex.pos=+76.40 wrist_roll.pos=-0.92 gripper.pos=+0.71
DEBUG 2026-09-03 09:17:06 [action #13] t=1.27s step=12 queue=38 dmax=0.848 | shoulder_pan.pos=-11.28 shoulder_lift.pos=-101.80 elbow_flex.pos=+88.40 wrist_flex.pos=+76.37 wrist_roll.pos=-0.83 gripper.pos=+0.83
DEBUG 2026-09-03 09:17:07 [action #14] t=1.30s step=13 queue=37 dmax=0.802 | shoulder_pan.pos=-12.08 shoulder_lift.pos=-101.91 elbow_flex.pos=+88.10 wrist_flex.pos=+76.58 wrist_roll.pos=-0.84 gripper.pos=+0.89
DEBUG 2026-09-03 09:17:07 [action #15] t=1.34s step=14 queue=36 dmax=0.944 | shoulder_pan.pos=-13.02 shoulder_lift.pos=-101.66 elbow_flex.pos=+88.08 wrist_flex.pos=+76.56 wrist_roll.pos=-0.82 gripper.pos=+0.86
DEBUG 2026-09-03 09:17:07 [action #16] t=1.37s step=15 queue=35 dmax=0.986 | shoulder_pan.pos=-14.01 shoulder_lift.pos=-101.77 elbow_flex.pos=+88.27 wrist_flex.pos=+76.74 wrist_roll.pos=-0.82 gripper.pos=+1.00
DEBUG 2026-09-03 09:17:07 [action #17] t=1.40s step=16 queue=34 dmax=0.905 | shoulder_pan.pos=-14.91 shoulder_lift.pos=-101.95 elbow_flex.pos=+88.19 wrist_flex.pos=+76.67 wrist_roll.pos=-0.75 gripper.pos=+0.98
DEBUG 2026-09-03 09:17:07 [action #18] t=1.44s step=17 queue=33 dmax=1.153 | shoulder_pan.pos=-16.07 shoulder_lift.pos=-101.89 elbow_flex.pos=+87.89 wrist_flex.pos=+77.07 wrist_roll.pos=-0.82 gripper.pos=+0.98
DEBUG 2026-09-03 09:17:07 [action #19] t=1.47s step=18 queue=32 dmax=1.150 | shoulder_pan.pos=-17.21 shoulder_lift.pos=-101.96 elbow_flex.pos=+88.31 wrist_flex.pos=+77.22 wrist_roll.pos=-0.98 gripper.pos=+0.88
DEBUG 2026-09-03 09:17:07 [action #20] t=1.50s step=19 queue=31 dmax=1.108 | shoulder_pan.pos=-18.32 shoulder_lift.pos=-101.35 elbow_flex.pos=+88.47 wrist_flex.pos=+77.17 wrist_roll.pos=-0.95 gripper.pos=+0.92
DEBUG 2026-09-03 09:17:07 [action #21] t=1.54s step=20 queue=30 dmax=1.451 | shoulder_pan.pos=-19.77 shoulder_lift.pos=-102.09 elbow_flex.pos=+88.18 wrist_flex.pos=+77.27 wrist_roll.pos=-1.03 gripper.pos=+1.07
DEBUG 2026-09-03 09:17:07 [action #22] t=1.57s step=21 queue=29 dmax=1.208 | shoulder_pan.pos=-20.98 shoulder_lift.pos=-101.94 elbow_flex.pos=+87.91 wrist_flex.pos=+77.19 wrist_roll.pos=-1.01 gripper.pos=+1.03
DEBUG 2026-09-03 09:17:07 [action #23] t=1.60s step=22 queue=28 dmax=1.227 | shoulder_pan.pos=-22.21 shoulder_lift.pos=-102.02 elbow_flex.pos=+88.55 wrist_flex.pos=+77.21 wrist_roll.pos=-1.01 gripper.pos=+1.09
DEBUG 2026-09-03 09:17:07 [action #24] t=1.64s step=23 queue=27 dmax=1.385 | shoulder_pan.pos=-23.59 shoulder_lift.pos=-101.74 elbow_flex.pos=+88.17 wrist_flex.pos=+77.16 wrist_roll.pos=-1.09 gripper.pos=+0.94
DEBUG 2026-09-03 09:17:07 [action #25] t=1.67s step=24 queue=26 dmax=1.205 | shoulder_pan.pos=-24.80 shoulder_lift.pos=-101.33 elbow_flex.pos=+88.40 wrist_flex.pos=+77.15 wrist_roll.pos=-1.07 gripper.pos=+1.03
DEBUG 2026-09-03 09:17:07 [action #26] t=1.71s step=25 queue=25 dmax=0.965 | shoulder_pan.pos=-25.76 shoulder_lift.pos=-101.79 elbow_flex.pos=+88.99 wrist_flex.pos=+77.11 wrist_roll.pos=-1.08 gripper.pos=+0.95
DEBUG 2026-09-03 09:17:07 [action #27] t=1.74s step=26 queue=24 dmax=1.359 | shoulder_pan.pos=-27.12 shoulder_lift.pos=-101.42 elbow_flex.pos=+88.49 wrist_flex.pos=+77.23 wrist_roll.pos=-1.13 gripper.pos=+0.90
DEBUG 2026-09-03 09:17:07 [action #28] t=1.77s step=27 queue=23 dmax=0.818 | shoulder_pan.pos=-27.94 shoulder_lift.pos=-102.12 elbow_flex.pos=+88.81 wrist_flex.pos=+76.97 wrist_roll.pos=-1.12 gripper.pos=+1.06
DEBUG 2026-09-03 09:17:07 [action #29] t=1.81s step=28 queue=22 dmax=1.189 | shoulder_pan.pos=-29.13 shoulder_lift.pos=-101.57 elbow_flex.pos=+88.84 wrist_flex.pos=+76.97 wrist_roll.pos=-1.32 gripper.pos=+1.08
DEBUG 2026-09-03 09:17:07 [action #30] t=1.84s step=29 queue=21 dmax=1.022 | shoulder_pan.pos=-30.15 shoulder_lift.pos=-101.88 elbow_flex.pos=+88.98 wrist_flex.pos=+77.02 wrist_roll.pos=-1.20 gripper.pos=+1.05
DEBUG 2026-09-03 09:17:07 [action #31] t=1.87s step=30 queue=20 dmax=0.481 | shoulder_pan.pos=-30.63 shoulder_lift.pos=-102.07 elbow_flex.pos=+88.75 wrist_flex.pos=+76.89 wrist_roll.pos=-1.26 gripper.pos=+0.99
DEBUG 2026-09-03 09:17:07 [chunk] received 50 actions, timesteps 3..52 | first: shoulder_pan.pos=-4.50 shoulder_lift.pos=-100.40 elbow_flex.pos=+88.89 wrist_flex.pos=+76.90 wrist_roll.pos=-1.03 gripper.pos=+0.79 | last: shoulder_pan.pos=-37.25 shoulder_lift.pos=-101.69 elbow_flex.pos=+90.09 wrist_flex.pos=+74.15 wrist_roll.pos=-1.67 gripper.pos=+0.66
DEBUG 2026-09-03 09:17:07 [action #32] t=1.91s step=31 queue=22 dmax=0.663 | shoulder_pan.pos=-30.21 shoulder_lift.pos=-102.08 elbow_flex.pos=+88.14 wrist_flex.pos=+77.55 wrist_roll.pos=-1.22 gripper.pos=+0.87
DEBUG 2026-09-03 09:17:07 [action #33] t=1.94s step=32 queue=21 dmax=0.877 | shoulder_pan.pos=-31.09 shoulder_lift.pos=-102.02 elbow_flex.pos=+88.85 wrist_flex.pos=+77.47 wrist_roll.pos=-1.29 gripper.pos=+0.84
DEBUG 2026-09-03 09:17:07 [action #34] t=1.97s step=33 queue=20 dmax=0.825 | shoulder_pan.pos=-31.81 shoulder_lift.pos=-101.66 elbow_flex.pos=+88.03 wrist_flex.pos=+77.39 wrist_roll.pos=-1.34 gripper.pos=+0.91
DEBUG 2026-09-03 09:17:07 [action #35] t=2.01s step=34 queue=19 dmax=0.747 | shoulder_pan.pos=-32.56 shoulder_lift.pos=-102.00 elbow_flex.pos=+88.66 wrist_flex.pos=+77.31 wrist_roll.pos=-1.30 gripper.pos=+0.84
DEBUG 2026-09-03 09:17:07 [action #36] t=2.04s step=35 queue=18 dmax=0.809 | shoulder_pan.pos=-32.92 shoulder_lift.pos=-101.19 elbow_flex.pos=+88.79 wrist_flex.pos=+77.31 wrist_roll.pos=-1.30 gripper.pos=+1.09
DEBUG 2026-09-03 09:17:07 [action #37] t=2.07s step=36 queue=17 dmax=0.683 | shoulder_pan.pos=-33.60 shoulder_lift.pos=-101.56 elbow_flex.pos=+88.45 wrist_flex.pos=+77.24 wrist_roll.pos=-1.34 gripper.pos=+0.95
DEBUG 2026-09-03 09:17:07 [action #38] t=2.11s step=37 queue=16 dmax=0.399 | shoulder_pan.pos=-33.90 shoulder_lift.pos=-101.23 elbow_flex.pos=+88.85 wrist_flex.pos=+77.26 wrist_roll.pos=-1.43 gripper.pos=+0.90
DEBUG 2026-09-03 09:17:07 [action #39] t=2.14s step=38 queue=15 dmax=0.285 | shoulder_pan.pos=-34.03 shoulder_lift.pos=-101.41 elbow_flex.pos=+89.13 wrist_flex.pos=+77.08 wrist_roll.pos=-1.38 gripper.pos=+1.07
DEBUG 2026-09-03 09:17:07 [action #40] t=2.17s step=39 queue=14 dmax=0.585 | shoulder_pan.pos=-34.62 shoulder_lift.pos=-101.56 elbow_flex.pos=+88.57 wrist_flex.pos=+77.04 wrist_roll.pos=-1.39 gripper.pos=+0.93
DEBUG 2026-09-03 09:17:07 [action #41] t=2.21s step=40 queue=13 dmax=0.356 | shoulder_pan.pos=-34.97 shoulder_lift.pos=-101.45 elbow_flex.pos=+88.48 wrist_flex.pos=+77.08 wrist_roll.pos=-1.40 gripper.pos=+0.94
DEBUG 2026-09-03 09:17:07 [action #42] t=2.24s step=41 queue=12 dmax=0.587 | shoulder_pan.pos=-35.39 shoulder_lift.pos=-101.49 elbow_flex.pos=+89.06 wrist_flex.pos=+76.93 wrist_roll.pos=-1.46 gripper.pos=+1.07
DEBUG 2026-09-03 09:17:07 [action #43] t=2.27s step=42 queue=11 dmax=0.238 | shoulder_pan.pos=-35.63 shoulder_lift.pos=-101.56 elbow_flex.pos=+89.14 wrist_flex.pos=+77.07 wrist_roll.pos=-1.39 gripper.pos=+0.89
DEBUG 2026-09-03 09:17:08 [action #44] t=2.31s step=43 queue=10 dmax=0.599 | shoulder_pan.pos=-35.92 shoulder_lift.pos=-101.29 elbow_flex.pos=+88.54 wrist_flex.pos=+76.77 wrist_roll.pos=-1.50 gripper.pos=+0.82
DEBUG 2026-09-03 09:17:08 [action #45] t=2.34s step=44 queue=9 dmax=0.544 | shoulder_pan.pos=-36.47 shoulder_lift.pos=-101.42 elbow_flex.pos=+88.52 wrist_flex.pos=+76.61 wrist_roll.pos=-1.42 gripper.pos=+0.67
DEBUG 2026-09-03 09:17:08 [action #46] t=2.37s step=45 queue=8 dmax=0.704 | shoulder_pan.pos=-36.69 shoulder_lift.pos=-102.13 elbow_flex.pos=+88.84 wrist_flex.pos=+76.59 wrist_roll.pos=-1.47 gripper.pos=+0.82
DEBUG 2026-09-03 09:17:08 [action #47] t=2.41s step=46 queue=7 dmax=0.285 | shoulder_pan.pos=-36.97 shoulder_lift.pos=-102.02 elbow_flex.pos=+88.65 wrist_flex.pos=+76.31 wrist_roll.pos=-1.56 gripper.pos=+0.67
DEBUG 2026-09-03 09:17:08 [action #48] t=2.44s step=47 queue=6 dmax=0.543 | shoulder_pan.pos=-37.18 shoulder_lift.pos=-101.48 elbow_flex.pos=+89.01 wrist_flex.pos=+75.87 wrist_roll.pos=-1.72 gripper.pos=+0.74
DEBUG 2026-09-03 09:17:08 [action #49] t=2.47s step=48 queue=5 dmax=0.212 | shoulder_pan.pos=-37.39 shoulder_lift.pos=-101.69 elbow_flex.pos=+88.99 wrist_flex.pos=+75.74 wrist_roll.pos=-1.68 gripper.pos=+0.81
DEBUG 2026-09-03 09:17:08 [action #50] t=2.51s step=49 queue=4 dmax=0.346 | shoulder_pan.pos=-37.56 shoulder_lift.pos=-101.82 elbow_flex.pos=+88.98 wrist_flex.pos=+75.39 wrist_roll.pos=-1.71 gripper.pos=+0.76
DEBUG 2026-09-03 09:17:08 [action #51] t=2.54s step=50 queue=3 dmax=0.726 | shoulder_pan.pos=-36.84 shoulder_lift.pos=-102.41 elbow_flex.pos=+88.75 wrist_flex.pos=+75.03 wrist_roll.pos=-1.54 gripper.pos=+0.70
DEBUG 2026-09-03 09:17:08 [action #52] t=2.57s step=51 queue=2 dmax=0.656 | shoulder_pan.pos=-36.93 shoulder_lift.pos=-102.72 elbow_flex.pos=+89.41 wrist_flex.pos=+74.74 wrist_roll.pos=-1.70 gripper.pos=+0.81
DEBUG 2026-09-03 09:17:08 [action #53] t=2.61s step=52 queue=1 dmax=1.023 | shoulder_pan.pos=-37.25 shoulder_lift.pos=-101.69 elbow_flex.pos=+90.09 wrist_flex.pos=+74.15 wrist_roll.pos=-1.67 gripper.pos=+0.66
DEBUG 2026-09-03 09:17:08 [chunk] received 50 actions, timesteps 29..78 | first: shoulder_pan.pos=-29.14 shoulder_lift.pos=-101.80 elbow_flex.pos=+88.66 wrist_flex.pos=+76.37 wrist_roll.pos=-1.20 gripper.pos=+1.03 | last: shoulder_pan.pos=-36.55 shoulder_lift.pos=-102.84 elbow_flex.pos=+87.21 wrist_flex.pos=+62.85 wrist_roll.pos=-4.17 gripper.pos=+0.84
DEBUG 2026-09-03 09:17:08 [action #54] t=2.81s step=53 queue=26 dmax=2.639 | shoulder_pan.pos=-39.89 shoulder_lift.pos=-102.39 elbow_flex.pos=+87.85 wrist_flex.pos=+72.37 wrist_roll.pos=-1.37 gripper.pos=+0.95
DEBUG 2026-09-03 09:17:08 [action #55] t=2.84s step=54 queue=25 dmax=0.860 | shoulder_pan.pos=-39.76 shoulder_lift.pos=-102.01 elbow_flex.pos=+88.71 wrist_flex.pos=+71.77 wrist_roll.pos=-1.50 gripper.pos=+0.88
DEBUG 2026-09-03 09:17:08 [action #56] t=2.88s step=55 queue=24 dmax=0.616 | shoulder_pan.pos=-39.53 shoulder_lift.pos=-102.20 elbow_flex.pos=+88.64 wrist_flex.pos=+71.15 wrist_roll.pos=-1.51 gripper.pos=+0.79
DEBUG 2026-09-03 09:17:08 [action #57] t=2.91s step=56 queue=23 dmax=0.757 | shoulder_pan.pos=-39.56 shoulder_lift.pos=-102.09 elbow_flex.pos=+89.20 wrist_flex.pos=+70.39 wrist_roll.pos=-1.45 gripper.pos=+0.93
DEBUG 2026-09-03 09:17:08 [action #58] t=2.94s step=57 queue=22 dmax=0.787 | shoulder_pan.pos=-39.10 shoulder_lift.pos=-102.18 elbow_flex.pos=+89.10 wrist_flex.pos=+69.61 wrist_roll.pos=-1.44 gripper.pos=+0.78
DEBUG 2026-09-03 09:17:08 [action #59] t=2.98s step=58 queue=21 dmax=0.951 | shoulder_pan.pos=-38.82 shoulder_lift.pos=-102.39 elbow_flex.pos=+89.02 wrist_flex.pos=+68.66 wrist_roll.pos=-1.54 gripper.pos=+0.92
DEBUG 2026-09-03 09:17:08 [action #60] t=3.01s step=59 queue=20 dmax=0.508 | shoulder_pan.pos=-38.78 shoulder_lift.pos=-102.12 elbow_flex.pos=+89.15 wrist_flex.pos=+68.15 wrist_roll.pos=-1.58 gripper.pos=+0.87
DEBUG 2026-09-03 09:17:08 [action #61] t=3.04s step=60 queue=19 dmax=0.551 | shoulder_pan.pos=-38.70 shoulder_lift.pos=-102.03 elbow_flex.pos=+88.85 wrist_flex.pos=+67.60 wrist_roll.pos=-1.63 gripper.pos=+0.88
DEBUG 2026-09-03 09:17:08 [action #62] t=3.08s step=61 queue=18 dmax=0.619 | shoulder_pan.pos=-38.41 shoulder_lift.pos=-102.35 elbow_flex.pos=+88.97 wrist_flex.pos=+66.98 wrist_roll.pos=-1.60 gripper.pos=+0.76
DEBUG 2026-09-03 09:17:08 [action #63] t=3.11s step=62 queue=17 dmax=0.598 | shoulder_pan.pos=-38.32 shoulder_lift.pos=-102.32 elbow_flex.pos=+89.57 wrist_flex.pos=+66.57 wrist_roll.pos=-1.67 gripper.pos=+0.81
DEBUG 2026-09-03 09:17:08 [action #64] t=3.14s step=63 queue=16 dmax=0.667 | shoulder_pan.pos=-37.84 shoulder_lift.pos=-101.65 elbow_flex.pos=+89.37 wrist_flex.pos=+66.08 wrist_roll.pos=-1.74 gripper.pos=+0.73
DEBUG 2026-09-03 09:17:08 [action #65] t=3.18s step=64 queue=15 dmax=0.785 | shoulder_pan.pos=-37.91 shoulder_lift.pos=-102.44 elbow_flex.pos=+89.26 wrist_flex.pos=+65.72 wrist_roll.pos=-1.68 gripper.pos=+0.72
DEBUG 2026-09-03 09:17:08 [action #66] t=3.21s step=65 queue=14 dmax=0.295 | shoulder_pan.pos=-37.66 shoulder_lift.pos=-102.42 elbow_flex.pos=+89.17 wrist_flex.pos=+65.42 wrist_roll.pos=-1.85 gripper.pos=+0.89
DEBUG 2026-09-03 09:17:08 [action #67] t=3.24s step=66 queue=13 dmax=0.585 | shoulder_pan.pos=-37.89 shoulder_lift.pos=-102.54 elbow_flex.pos=+88.85 wrist_flex.pos=+64.84 wrist_roll.pos=-1.87 gripper.pos=+0.69
DEBUG 2026-09-03 09:17:08 [action #68] t=3.28s step=67 queue=12 dmax=1.370 | shoulder_pan.pos=-37.42 shoulder_lift.pos=-101.17 elbow_flex.pos=+89.71 wrist_flex.pos=+64.34 wrist_roll.pos=-2.11 gripper.pos=+0.75
DEBUG 2026-09-03 09:17:09 [action #69] t=3.31s step=68 queue=11 dmax=1.229 | shoulder_pan.pos=-37.25 shoulder_lift.pos=-102.40 elbow_flex.pos=+89.35 wrist_flex.pos=+63.76 wrist_roll.pos=-2.14 gripper.pos=+0.75
DEBUG 2026-09-03 09:17:09 [action #70] t=3.34s step=69 queue=10 dmax=0.467 | shoulder_pan.pos=-37.15 shoulder_lift.pos=-102.09 elbow_flex.pos=+89.31 wrist_flex.pos=+63.29 wrist_roll.pos=-2.31 gripper.pos=+0.68
DEBUG 2026-09-03 09:17:09 [action #71] t=3.38s step=70 queue=9 dmax=0.568 | shoulder_pan.pos=-37.11 shoulder_lift.pos=-102.24 elbow_flex.pos=+88.91 wrist_flex.pos=+62.72 wrist_roll.pos=-2.49 gripper.pos=+0.62
DEBUG 2026-09-03 09:17:09 [action #72] t=3.41s step=71 queue=8 dmax=0.692 | shoulder_pan.pos=-37.03 shoulder_lift.pos=-102.93 elbow_flex.pos=+88.88 wrist_flex.pos=+62.33 wrist_roll.pos=-2.64 gripper.pos=+0.62
DEBUG 2026-09-03 09:17:09 [action #73] t=3.44s step=72 queue=7 dmax=0.466 | shoulder_pan.pos=-36.87 shoulder_lift.pos=-103.15 elbow_flex.pos=+89.12 wrist_flex.pos=+61.86 wrist_roll.pos=-2.80 gripper.pos=+0.75
DEBUG 2026-09-03 09:17:09 [action #74] t=3.48s step=73 queue=6 dmax=0.490 | shoulder_pan.pos=-36.54 shoulder_lift.pos=-103.19 elbow_flex.pos=+88.63 wrist_flex.pos=+62.14 wrist_roll.pos=-3.04 gripper.pos=+0.92
DEBUG 2026-09-03 09:17:09 [action #75] t=3.51s step=74 queue=5 dmax=0.702 | shoulder_pan.pos=-36.43 shoulder_lift.pos=-102.49 elbow_flex.pos=+88.15 wrist_flex.pos=+62.18 wrist_roll.pos=-3.36 gripper.pos=+0.68
DEBUG 2026-09-03 09:17:09 [action #76] t=3.54s step=75 queue=4 dmax=0.157 | shoulder_pan.pos=-36.46 shoulder_lift.pos=-102.37 elbow_flex.pos=+87.99 wrist_flex.pos=+62.13 wrist_roll.pos=-3.46 gripper.pos=+0.73
DEBUG 2026-09-03 09:17:09 [action #77] t=3.58s step=76 queue=3 dmax=0.685 | shoulder_pan.pos=-36.47 shoulder_lift.pos=-102.80 elbow_flex.pos=+88.68 wrist_flex.pos=+62.54 wrist_roll.pos=-3.72 gripper.pos=+0.66
DEBUG 2026-09-03 09:17:09 [action #78] t=3.61s step=77 queue=2 dmax=0.636 | shoulder_pan.pos=-36.50 shoulder_lift.pos=-102.99 elbow_flex.pos=+88.04 wrist_flex.pos=+62.72 wrist_roll.pos=-3.89 gripper.pos=+0.71
DEBUG 2026-09-03 09:17:09 [action #79] t=3.64s step=78 queue=1 dmax=0.833 | shoulder_pan.pos=-36.55 shoulder_lift.pos=-102.84 elbow_flex.pos=+87.21 wrist_flex.pos=+62.85 wrist_roll.pos=-4.17 gripper.pos=+0.84
DEBUG 2026-09-03 09:17:09 [chunk] received 50 actions, timesteps 52..101 | first: shoulder_pan.pos=-37.85 shoulder_lift.pos=-99.34 elbow_flex.pos=+87.16 wrist_flex.pos=+72.34 wrist_roll.pos=-1.23 gripper.pos=+1.06 | last: shoulder_pan.pos=-39.59 shoulder_lift.pos=-101.55 elbow_flex.pos=+85.57 wrist_flex.pos=+59.29 wrist_roll.pos=-4.66 gripper.pos=+0.56
DEBUG 2026-09-03 09:17:09 [action #80] t=3.68s step=79 queue=23 dmax=4.116 | shoulder_pan.pos=-38.67 shoulder_lift.pos=-100.62 elbow_flex.pos=+89.72 wrist_flex.pos=+58.73 wrist_roll.pos=-1.87 gripper.pos=+0.55
DEBUG 2026-09-03 09:17:09 [action #81] t=3.71s step=80 queue=22 dmax=0.555 | shoulder_pan.pos=-38.73 shoulder_lift.pos=-101.13 elbow_flex.pos=+89.17 wrist_flex.pos=+58.84 wrist_roll.pos=-2.15 gripper.pos=+0.52
DEBUG 2026-09-03 09:17:09 [action #82] t=3.74s step=81 queue=21 dmax=0.685 | shoulder_pan.pos=-38.73 shoulder_lift.pos=-100.44 elbow_flex.pos=+88.85 wrist_flex.pos=+58.96 wrist_roll.pos=-2.73 gripper.pos=+0.71
DEBUG 2026-09-03 09:17:09 [action #83] t=3.78s step=82 queue=20 dmax=0.534 | shoulder_pan.pos=-38.93 shoulder_lift.pos=-100.68 elbow_flex.pos=+88.33 wrist_flex.pos=+59.26 wrist_roll.pos=-3.26 gripper.pos=+0.66
DEBUG 2026-09-03 09:17:09 [action #84] t=3.81s step=83 queue=19 dmax=1.399 | shoulder_pan.pos=-38.83 shoulder_lift.pos=-100.94 elbow_flex.pos=+87.92 wrist_flex.pos=+59.41 wrist_roll.pos=-4.66 gripper.pos=+0.36
DEBUG 2026-09-03 09:17:09 [action #85] t=3.85s step=84 queue=18 dmax=0.312 | shoulder_pan.pos=-38.98 shoulder_lift.pos=-100.76 elbow_flex.pos=+88.20 wrist_flex.pos=+59.72 wrist_roll.pos=-4.68 gripper.pos=+0.42
DEBUG 2026-09-03 09:17:09 [action #86] t=3.88s step=85 queue=17 dmax=0.472 | shoulder_pan.pos=-39.09 shoulder_lift.pos=-100.94 elbow_flex.pos=+87.92 wrist_flex.pos=+59.81 wrist_roll.pos=-4.20 gripper.pos=+0.63
DEBUG 2026-09-03 09:17:09 [action #87] t=3.91s step=86 queue=16 dmax=0.325 | shoulder_pan.pos=-39.17 shoulder_lift.pos=-101.25 elbow_flex.pos=+87.60 wrist_flex.pos=+59.72 wrist_roll.pos=-3.90 gripper.pos=+0.52
DEBUG 2026-09-03 09:17:09 [action #88] t=3.95s step=87 queue=15 dmax=0.665 | shoulder_pan.pos=-39.31 shoulder_lift.pos=-100.59 elbow_flex.pos=+87.38 wrist_flex.pos=+59.71 wrist_roll.pos=-3.48 gripper.pos=+0.28
DEBUG 2026-09-03 09:17:09 [action #89] t=3.98s step=88 queue=14 dmax=0.705 | shoulder_pan.pos=-39.20 shoulder_lift.pos=-101.29 elbow_flex.pos=+87.50 wrist_flex.pos=+59.84 wrist_roll.pos=-3.48 gripper.pos=+0.43
DEBUG 2026-09-03 09:17:09 [action #90] t=4.01s step=89 queue=13 dmax=0.330 | shoulder_pan.pos=-39.37 shoulder_lift.pos=-100.96 elbow_flex.pos=+87.30 wrist_flex.pos=+59.77 wrist_roll.pos=-3.39 gripper.pos=+0.35
DEBUG 2026-09-03 09:17:09 [action #91] t=4.05s step=90 queue=12 dmax=0.222 | shoulder_pan.pos=-39.59 shoulder_lift.pos=-101.04 elbow_flex.pos=+87.26 wrist_flex.pos=+59.75 wrist_roll.pos=-3.38 gripper.pos=+0.32
DEBUG 2026-09-03 09:17:09 [action #92] t=4.08s step=91 queue=11 dmax=0.508 | shoulder_pan.pos=-39.94 shoulder_lift.pos=-101.07 elbow_flex.pos=+86.76 wrist_flex.pos=+59.74 wrist_roll.pos=-3.50 gripper.pos=+0.44
DEBUG 2026-09-03 09:17:09 [action #93] t=4.11s step=92 queue=10 dmax=0.507 | shoulder_pan.pos=-40.00 shoulder_lift.pos=-101.58 elbow_flex.pos=+87.09 wrist_flex.pos=+59.70 wrist_roll.pos=-3.69 gripper.pos=+0.57
DEBUG 2026-09-03 09:17:09 [action #94] t=4.15s step=93 queue=9 dmax=0.285 | shoulder_pan.pos=-40.10 shoulder_lift.pos=-101.52 elbow_flex.pos=+87.31 wrist_flex.pos=+59.52 wrist_roll.pos=-3.97 gripper.pos=+0.42
DEBUG 2026-09-03 09:17:09 [action #95] t=4.18s step=94 queue=8 dmax=1.283 | shoulder_pan.pos=-40.00 shoulder_lift.pos=-100.68 elbow_flex.pos=+86.03 wrist_flex.pos=+59.30 wrist_roll.pos=-4.12 gripper.pos=+0.45
DEBUG 2026-09-03 09:17:09 [action #96] t=4.21s step=95 queue=7 dmax=1.348 | shoulder_pan.pos=-39.89 shoulder_lift.pos=-100.96 elbow_flex.pos=+87.38 wrist_flex.pos=+59.57 wrist_roll.pos=-4.27 gripper.pos=+0.57
DEBUG 2026-09-03 09:17:09 [action #97] t=4.25s step=96 queue=6 dmax=0.883 | shoulder_pan.pos=-39.96 shoulder_lift.pos=-101.37 elbow_flex.pos=+86.50 wrist_flex.pos=+59.50 wrist_roll.pos=-4.24 gripper.pos=+0.56
DEBUG 2026-09-03 09:17:10 [action #98] t=4.28s step=97 queue=5 dmax=0.522 | shoulder_pan.pos=-39.95 shoulder_lift.pos=-101.89 elbow_flex.pos=+86.17 wrist_flex.pos=+59.65 wrist_roll.pos=-4.41 gripper.pos=+0.50
DEBUG 2026-09-03 09:17:10 [action #99] t=4.31s step=98 queue=4 dmax=0.504 | shoulder_pan.pos=-39.85 shoulder_lift.pos=-101.38 elbow_flex.pos=+85.86 wrist_flex.pos=+59.51 wrist_roll.pos=-4.34 gripper.pos=+0.45
DEBUG 2026-09-03 09:17:10 [action #100] t=4.35s step=99 queue=3 dmax=0.302 | shoulder_pan.pos=-39.86 shoulder_lift.pos=-101.67 elbow_flex.pos=+86.16 wrist_flex.pos=+59.78 wrist_roll.pos=-4.54 gripper.pos=+0.50
DEBUG 2026-09-03 09:17:10 [action #101] t=4.38s step=100 queue=2 dmax=0.217 | shoulder_pan.pos=-39.67 shoulder_lift.pos=-101.66 elbow_flex.pos=+86.38 wrist_flex.pos=+59.63 wrist_roll.pos=-4.67 gripper.pos=+0.48
DEBUG 2026-09-03 09:17:10 [action #102] t=4.41s step=101 queue=1 dmax=0.808 | shoulder_pan.pos=-39.59 shoulder_lift.pos=-101.55 elbow_flex.pos=+85.57 wrist_flex.pos=+59.29 wrist_roll.pos=-4.66 gripper.pos=+0.56
DEBUG 2026-09-03 09:17:10 [chunk] received 50 actions, timesteps 78..127 | first: shoulder_pan.pos=-37.45 shoulder_lift.pos=-100.29 elbow_flex.pos=+88.23 wrist_flex.pos=+62.23 wrist_roll.pos=-3.32 gripper.pos=+1.12 | last: shoulder_pan.pos=-40.61 shoulder_lift.pos=-98.48 elbow_flex.pos=+81.39 wrist_flex.pos=+59.93 wrist_roll.pos=-5.42 gripper.pos=+0.86
DEBUG 2026-09-03 09:17:10 [action #103] t=4.58s step=102 queue=26 dmax=1.876 | shoulder_pan.pos=-41.47 shoulder_lift.pos=-100.93 elbow_flex.pos=+86.08 wrist_flex.pos=+59.17 wrist_roll.pos=-4.32 gripper.pos=+0.94
DEBUG 2026-09-03 09:17:10 [action #104] t=4.61s step=103 queue=25 dmax=0.501 | shoulder_pan.pos=-41.64 shoulder_lift.pos=-100.43 elbow_flex.pos=+86.18 wrist_flex.pos=+59.12 wrist_roll.pos=-4.54 gripper.pos=+0.88
DEBUG 2026-09-03 09:17:10 [action #105] t=4.65s step=104 queue=24 dmax=0.216 | shoulder_pan.pos=-41.53 shoulder_lift.pos=-100.61 elbow_flex.pos=+85.97 wrist_flex.pos=+58.98 wrist_roll.pos=-4.73 gripper.pos=+0.95
DEBUG 2026-09-03 09:17:10 [action #106] t=4.68s step=105 queue=23 dmax=0.283 | shoulder_pan.pos=-41.81 shoulder_lift.pos=-100.84 elbow_flex.pos=+85.71 wrist_flex.pos=+59.21 wrist_roll.pos=-4.94 gripper.pos=+0.94
DEBUG 2026-09-03 09:17:10 [action #107] t=4.71s step=106 queue=22 dmax=0.310 | shoulder_pan.pos=-41.92 shoulder_lift.pos=-100.82 elbow_flex.pos=+85.40 wrist_flex.pos=+59.22 wrist_roll.pos=-5.12 gripper.pos=+0.97
DEBUG 2026-09-03 09:17:10 [action #108] t=4.75s step=107 queue=21 dmax=0.236 | shoulder_pan.pos=-41.82 shoulder_lift.pos=-100.94 elbow_flex.pos=+85.16 wrist_flex.pos=+59.23 wrist_roll.pos=-5.20 gripper.pos=+0.96
DEBUG 2026-09-03 09:17:10 [action #109] t=4.78s step=108 queue=20 dmax=0.247 | shoulder_pan.pos=-41.70 shoulder_lift.pos=-100.75 elbow_flex.pos=+84.92 wrist_flex.pos=+59.28 wrist_roll.pos=-5.32 gripper.pos=+0.89
DEBUG 2026-09-03 09:17:10 [action #110] t=4.81s step=109 queue=19 dmax=0.266 | shoulder_pan.pos=-41.55 shoulder_lift.pos=-100.92 elbow_flex.pos=+84.65 wrist_flex.pos=+59.40 wrist_roll.pos=-5.33 gripper.pos=+0.90
DEBUG 2026-09-03 09:17:10 [action #111] t=4.85s step=110 queue=18 dmax=0.275 | shoulder_pan.pos=-41.58 shoulder_lift.pos=-100.64 elbow_flex.pos=+84.53 wrist_flex.pos=+59.39 wrist_roll.pos=-5.35 gripper.pos=+0.91
DEBUG 2026-09-03 09:17:10 [action #112] t=4.88s step=111 queue=17 dmax=0.248 | shoulder_pan.pos=-41.53 shoulder_lift.pos=-100.88 elbow_flex.pos=+84.39 wrist_flex.pos=+59.64 wrist_roll.pos=-5.30 gripper.pos=+1.03
DEBUG 2026-09-03 09:17:10 [action #113] t=4.91s step=112 queue=16 dmax=0.120 | shoulder_pan.pos=-41.62 shoulder_lift.pos=-100.99 elbow_flex.pos=+84.43 wrist_flex.pos=+59.52 wrist_roll.pos=-5.33 gripper.pos=+1.00
DEBUG 2026-09-03 09:17:10 [action #114] t=4.95s step=113 queue=15 dmax=0.421 | shoulder_pan.pos=-41.47 shoulder_lift.pos=-100.91 elbow_flex.pos=+84.01 wrist_flex.pos=+59.40 wrist_roll.pos=-5.42 gripper.pos=+0.77
DEBUG 2026-09-03 09:17:10 [action #115] t=4.98s step=114 queue=14 dmax=0.150 | shoulder_pan.pos=-41.62 shoulder_lift.pos=-100.95 elbow_flex.pos=+84.00 wrist_flex.pos=+59.43 wrist_roll.pos=-5.52 gripper.pos=+0.90
DEBUG 2026-09-03 09:17:10 [action #116] t=5.01s step=115 queue=13 dmax=0.177 | shoulder_pan.pos=-41.48 shoulder_lift.pos=-100.85 elbow_flex.pos=+84.00 wrist_flex.pos=+59.54 wrist_roll.pos=-5.69 gripper.pos=+0.94
DEBUG 2026-09-03 09:17:10 [action #117] t=5.05s step=116 queue=12 dmax=0.359 | shoulder_pan.pos=-41.43 shoulder_lift.pos=-100.49 elbow_flex.pos=+83.77 wrist_flex.pos=+59.65 wrist_roll.pos=-5.66 gripper.pos=+0.94
DEBUG 2026-09-03 09:17:10 [action #118] t=5.08s step=117 queue=11 dmax=0.284 | shoulder_pan.pos=-41.40 shoulder_lift.pos=-100.78 elbow_flex.pos=+83.52 wrist_flex.pos=+59.73 wrist_roll.pos=-5.64 gripper.pos=+1.04
DEBUG 2026-09-03 09:17:10 [action #119] t=5.12s step=118 queue=10 dmax=0.350 | shoulder_pan.pos=-41.43 shoulder_lift.pos=-101.13 elbow_flex.pos=+83.37 wrist_flex.pos=+59.73 wrist_roll.pos=-5.57 gripper.pos=+0.99
DEBUG 2026-09-03 09:17:10 [action #120] t=5.15s step=119 queue=9 dmax=0.326 | shoulder_pan.pos=-41.37 shoulder_lift.pos=-100.85 elbow_flex.pos=+83.04 wrist_flex.pos=+59.78 wrist_roll.pos=-5.53 gripper.pos=+0.92
DEBUG 2026-09-03 09:17:10 [action #121] t=5.18s step=120 queue=8 dmax=0.317 | shoulder_pan.pos=-41.17 shoulder_lift.pos=-100.53 elbow_flex.pos=+83.08 wrist_flex.pos=+59.86 wrist_roll.pos=-5.46 gripper.pos=+1.00
DEBUG 2026-09-03 09:17:10 [action #122] t=5.22s step=121 queue=7 dmax=0.258 | shoulder_pan.pos=-40.91 shoulder_lift.pos=-100.69 elbow_flex.pos=+82.88 wrist_flex.pos=+59.64 wrist_roll.pos=-5.45 gripper.pos=+0.86
DEBUG 2026-09-03 09:17:10 [action #123] t=5.25s step=122 queue=6 dmax=0.214 | shoulder_pan.pos=-40.92 shoulder_lift.pos=-100.48 elbow_flex.pos=+82.90 wrist_flex.pos=+59.83 wrist_roll.pos=-5.44 gripper.pos=+1.00
DEBUG 2026-09-03 09:17:11 [action #124] t=5.28s step=123 queue=5 dmax=0.717 | shoulder_pan.pos=-40.85 shoulder_lift.pos=-100.30 elbow_flex.pos=+82.18 wrist_flex.pos=+59.70 wrist_roll.pos=-5.38 gripper.pos=+0.88
DEBUG 2026-09-03 09:17:11 [action #125] t=5.32s step=124 queue=4 dmax=0.311 | shoulder_pan.pos=-40.85 shoulder_lift.pos=-100.39 elbow_flex.pos=+82.49 wrist_flex.pos=+59.87 wrist_roll.pos=-5.33 gripper.pos=+0.98
DEBUG 2026-09-03 09:17:11 [action #126] t=5.35s step=125 queue=3 dmax=0.801 | shoulder_pan.pos=-40.78 shoulder_lift.pos=-99.59 elbow_flex.pos=+82.36 wrist_flex.pos=+59.84 wrist_roll.pos=-5.31 gripper.pos=+0.96
DEBUG 2026-09-03 09:17:11 [action #127] t=5.38s step=126 queue=2 dmax=0.631 | shoulder_pan.pos=-40.53 shoulder_lift.pos=-99.36 elbow_flex.pos=+81.73 wrist_flex.pos=+59.99 wrist_roll.pos=-5.38 gripper.pos=+1.02
DEBUG 2026-09-03 09:17:11 [action #128] t=5.42s step=127 queue=1 dmax=0.874 | shoulder_pan.pos=-40.61 shoulder_lift.pos=-98.48 elbow_flex.pos=+81.39 wrist_flex.pos=+59.93 wrist_roll.pos=-5.42 gripper.pos=+0.86
DEBUG 2026-09-03 09:17:11 [chunk] received 50 actions, timesteps 101..150 | first: shoulder_pan.pos=-40.91 shoulder_lift.pos=-99.56 elbow_flex.pos=+84.78 wrist_flex.pos=+59.42 wrist_roll.pos=-4.23 gripper.pos=+0.98 | last: shoulder_pan.pos=-39.50 shoulder_lift.pos=-45.56 elbow_flex.pos=+53.81 wrist_flex.pos=+46.74 wrist_roll.pos=-7.88 gripper.pos=+0.68
DEBUG 2026-09-03 09:17:11 [action #129] t=5.52s step=128 queue=23 dmax=7.397 | shoulder_pan.pos=-40.51 shoulder_lift.pos=-91.09 elbow_flex.pos=+78.73 wrist_flex.pos=+55.87 wrist_roll.pos=-4.67 gripper.pos=+0.77
DEBUG 2026-09-03 09:17:11 [action #130] t=5.55s step=129 queue=22 dmax=2.636 | shoulder_pan.pos=-39.98 shoulder_lift.pos=-88.45 elbow_flex.pos=+76.99 wrist_flex.pos=+55.27 wrist_roll.pos=-4.78 gripper.pos=+0.73
DEBUG 2026-09-03 09:17:11 [action #131] t=5.58s step=130 queue=21 dmax=2.398 | shoulder_pan.pos=-39.76 shoulder_lift.pos=-86.05 elbow_flex.pos=+75.06 wrist_flex.pos=+54.79 wrist_roll.pos=-5.10 gripper.pos=+0.84
DEBUG 2026-09-03 09:17:11 [action #132] t=5.62s step=131 queue=20 dmax=2.866 | shoulder_pan.pos=-39.40 shoulder_lift.pos=-83.19 elbow_flex.pos=+74.53 wrist_flex.pos=+54.11 wrist_roll.pos=-5.28 gripper.pos=+0.76
DEBUG 2026-09-03 09:17:11 [action #133] t=5.65s step=132 queue=19 dmax=2.804 | shoulder_pan.pos=-39.32 shoulder_lift.pos=-80.38 elbow_flex.pos=+73.34 wrist_flex.pos=+53.29 wrist_roll.pos=-5.43 gripper.pos=+0.70
DEBUG 2026-09-03 09:17:11 [action #134] t=5.68s step=133 queue=18 dmax=3.316 | shoulder_pan.pos=-39.25 shoulder_lift.pos=-77.07 elbow_flex.pos=+72.42 wrist_flex.pos=+52.38 wrist_roll.pos=-5.68 gripper.pos=+0.69
DEBUG 2026-09-03 09:17:11 [action #135] t=5.72s step=134 queue=17 dmax=2.724 | shoulder_pan.pos=-38.88 shoulder_lift.pos=-74.34 elbow_flex.pos=+70.67 wrist_flex.pos=+51.70 wrist_roll.pos=-5.98 gripper.pos=+0.67
DEBUG 2026-09-03 09:17:11 [action #136] t=5.75s step=135 queue=16 dmax=2.285 | shoulder_pan.pos=-39.05 shoulder_lift.pos=-72.06 elbow_flex.pos=+69.72 wrist_flex.pos=+50.62 wrist_roll.pos=-6.36 gripper.pos=+0.53
DEBUG 2026-09-03 09:17:11 [action #137] t=5.78s step=136 queue=15 dmax=2.841 | shoulder_pan.pos=-38.95 shoulder_lift.pos=-69.22 elbow_flex.pos=+68.76 wrist_flex.pos=+50.08 wrist_roll.pos=-6.52 gripper.pos=+0.60
DEBUG 2026-09-03 09:17:11 [action #138] t=5.82s step=137 queue=14 dmax=2.686 | shoulder_pan.pos=-38.88 shoulder_lift.pos=-66.53 elbow_flex.pos=+66.81 wrist_flex.pos=+49.80 wrist_roll.pos=-6.75 gripper.pos=+0.66
DEBUG 2026-09-03 09:17:11 [action #139] t=5.85s step=138 queue=13 dmax=2.220 | shoulder_pan.pos=-39.04 shoulder_lift.pos=-64.31 elbow_flex.pos=+65.73 wrist_flex.pos=+49.11 wrist_roll.pos=-6.87 gripper.pos=+0.42
DEBUG 2026-09-03 09:17:11 [action #140] t=5.88s step=139 queue=12 dmax=2.123 | shoulder_pan.pos=-38.96 shoulder_lift.pos=-62.19 elbow_flex.pos=+64.49 wrist_flex.pos=+48.66 wrist_roll.pos=-7.01 gripper.pos=+0.52
DEBUG 2026-09-03 09:17:11 [action #141] t=5.92s step=140 queue=11 dmax=2.685 | shoulder_pan.pos=-38.96 shoulder_lift.pos=-59.50 elbow_flex.pos=+63.15 wrist_flex.pos=+48.35 wrist_roll.pos=-7.15 gripper.pos=+0.62
DEBUG 2026-09-03 09:17:11 [action #142] t=5.95s step=141 queue=10 dmax=1.915 | shoulder_pan.pos=-39.04 shoulder_lift.pos=-57.59 elbow_flex.pos=+62.17 wrist_flex.pos=+47.85 wrist_roll.pos=-7.32 gripper.pos=+0.74
DEBUG 2026-09-03 09:17:11 [action #143] t=5.98s step=142 queue=9 dmax=1.819 | shoulder_pan.pos=-38.88 shoulder_lift.pos=-55.77 elbow_flex.pos=+61.17 wrist_flex.pos=+47.60 wrist_roll.pos=-7.24 gripper.pos=+0.74
DEBUG 2026-09-03 09:17:11 [action #144] t=6.02s step=143 queue=8 dmax=1.645 | shoulder_pan.pos=-39.01 shoulder_lift.pos=-54.12 elbow_flex.pos=+59.98 wrist_flex.pos=+47.25 wrist_roll.pos=-7.40 gripper.pos=+0.67
DEBUG 2026-09-03 09:17:11 [action #145] t=6.05s step=144 queue=7 dmax=0.972 | shoulder_pan.pos=-39.01 shoulder_lift.pos=-53.15 elbow_flex.pos=+59.23 wrist_flex.pos=+46.89 wrist_roll.pos=-7.41 gripper.pos=+0.62
DEBUG 2026-09-03 09:17:11 [action #146] t=6.08s step=145 queue=6 dmax=1.594 | shoulder_pan.pos=-39.04 shoulder_lift.pos=-51.56 elbow_flex.pos=+58.07 wrist_flex.pos=+46.58 wrist_roll.pos=-7.68 gripper.pos=+0.63
DEBUG 2026-09-03 09:17:11 [action #147] t=6.12s step=146 queue=5 dmax=1.418 | shoulder_pan.pos=-38.96 shoulder_lift.pos=-50.14 elbow_flex.pos=+56.92 wrist_flex.pos=+46.53 wrist_roll.pos=-7.55 gripper.pos=+0.82
DEBUG 2026-09-03 09:17:11 [action #148] t=6.15s step=147 queue=4 dmax=1.263 | shoulder_pan.pos=-39.04 shoulder_lift.pos=-48.88 elbow_flex.pos=+56.37 wrist_flex.pos=+46.82 wrist_roll.pos=-7.63 gripper.pos=+0.77
DEBUG 2026-09-03 09:17:11 [action #149] t=6.18s step=148 queue=3 dmax=0.929 | shoulder_pan.pos=-39.28 shoulder_lift.pos=-47.99 elbow_flex.pos=+55.45 wrist_flex.pos=+46.82 wrist_roll.pos=-7.76 gripper.pos=+0.83
DEBUG 2026-09-03 09:17:11 [action #150] t=6.22s step=149 queue=2 dmax=1.192 | shoulder_pan.pos=-39.49 shoulder_lift.pos=-46.79 elbow_flex.pos=+54.37 wrist_flex.pos=+46.75 wrist_roll.pos=-7.88 gripper.pos=+0.54
DEBUG 2026-09-03 09:17:11 [action #151] t=6.25s step=150 queue=1 dmax=1.232 | shoulder_pan.pos=-39.50 shoulder_lift.pos=-45.56 elbow_flex.pos=+53.81 wrist_flex.pos=+46.74 wrist_roll.pos=-7.88 gripper.pos=+0.68
DEBUG 2026-09-03 09:17:12 [chunk] received 50 actions, timesteps 127..176 | first: shoulder_pan.pos=-40.64 shoulder_lift.pos=-97.19 elbow_flex.pos=+79.57 wrist_flex.pos=+58.75 wrist_roll.pos=-4.94 gripper.pos=+1.23 | last: shoulder_pan.pos=-38.88 shoulder_lift.pos=-24.19 elbow_flex.pos=+29.20 wrist_flex.pos=+53.35 wrist_roll.pos=-9.25 gripper.pos=+1.00
DEBUG 2026-09-03 09:17:12 [action #152] t=6.39s step=151 queue=26 dmax=17.861 | shoulder_pan.pos=-38.36 shoulder_lift.pos=-63.42 elbow_flex.pos=+61.53 wrist_flex.pos=+50.25 wrist_roll.pos=-7.58 gripper.pos=+1.02
DEBUG 2026-09-03 09:17:12 [action #153] t=6.42s step=152 queue=25 dmax=1.349 | shoulder_pan.pos=-38.13 shoulder_lift.pos=-62.07 elbow_flex.pos=+60.44 wrist_flex.pos=+50.17 wrist_roll.pos=-7.71 gripper.pos=+1.08
DEBUG 2026-09-03 09:17:12 [action #154] t=6.45s step=153 queue=24 dmax=1.990 | shoulder_pan.pos=-38.24 shoulder_lift.pos=-60.08 elbow_flex.pos=+58.62 wrist_flex.pos=+50.13 wrist_roll.pos=-7.73 gripper.pos=+1.12
DEBUG 2026-09-03 09:17:12 [action #155] t=6.49s step=154 queue=23 dmax=1.002 | shoulder_pan.pos=-38.15 shoulder_lift.pos=-59.08 elbow_flex.pos=+57.74 wrist_flex.pos=+50.11 wrist_roll.pos=-8.04 gripper.pos=+0.89
DEBUG 2026-09-03 09:17:12 [action #156] t=6.52s step=155 queue=22 dmax=1.964 | shoulder_pan.pos=-38.25 shoulder_lift.pos=-57.12 elbow_flex.pos=+56.77 wrist_flex.pos=+49.90 wrist_roll.pos=-8.31 gripper.pos=+0.92
DEBUG 2026-09-03 09:17:12 [action #157] t=6.55s step=156 queue=21 dmax=1.389 | shoulder_pan.pos=-38.41 shoulder_lift.pos=-55.73 elbow_flex.pos=+55.81 wrist_flex.pos=+49.92 wrist_roll.pos=-8.43 gripper.pos=+1.11
DEBUG 2026-09-03 09:17:12 [action #158] t=6.59s step=157 queue=20 dmax=1.491 | shoulder_pan.pos=-37.98 shoulder_lift.pos=-54.64 elbow_flex.pos=+54.32 wrist_flex.pos=+49.49 wrist_roll.pos=-8.56 gripper.pos=+1.19
DEBUG 2026-09-03 09:17:12 [action #159] t=6.62s step=158 queue=19 dmax=1.184 | shoulder_pan.pos=-38.24 shoulder_lift.pos=-53.46 elbow_flex.pos=+53.66 wrist_flex.pos=+49.81 wrist_roll.pos=-8.43 gripper.pos=+1.12
DEBUG 2026-09-03 09:17:12 [action #160] t=6.65s step=159 queue=18 dmax=2.325 | shoulder_pan.pos=-38.32 shoulder_lift.pos=-51.13 elbow_flex.pos=+52.05 wrist_flex.pos=+49.58 wrist_roll.pos=-8.40 gripper.pos=+0.97
DEBUG 2026-09-03 09:17:12 [action #161] t=6.69s step=160 queue=17 dmax=1.993 | shoulder_pan.pos=-38.36 shoulder_lift.pos=-49.14 elbow_flex.pos=+50.17 wrist_flex.pos=+49.62 wrist_roll.pos=-8.34 gripper.pos=+0.94
DEBUG 2026-09-03 09:17:12 [action #162] t=6.72s step=161 queue=16 dmax=2.256 | shoulder_pan.pos=-38.20 shoulder_lift.pos=-46.88 elbow_flex.pos=+48.75 wrist_flex.pos=+50.07 wrist_roll.pos=-8.40 gripper.pos=+0.96
DEBUG 2026-09-03 09:17:12 [action #163] t=6.75s step=162 queue=15 dmax=1.838 | shoulder_pan.pos=-38.16 shoulder_lift.pos=-45.05 elbow_flex.pos=+47.20 wrist_flex.pos=+50.12 wrist_roll.pos=-8.50 gripper.pos=+1.03
DEBUG 2026-09-03 09:17:12 [action #164] t=6.79s step=163 queue=14 dmax=2.662 | shoulder_pan.pos=-38.09 shoulder_lift.pos=-42.38 elbow_flex.pos=+45.43 wrist_flex.pos=+50.66 wrist_roll.pos=-8.49 gripper.pos=+1.05
DEBUG 2026-09-03 09:17:12 [action #165] t=6.82s step=164 queue=13 dmax=1.921 | shoulder_pan.pos=-38.19 shoulder_lift.pos=-40.46 elbow_flex.pos=+43.52 wrist_flex.pos=+50.83 wrist_roll.pos=-8.53 gripper.pos=+1.19
DEBUG 2026-09-03 09:17:12 [action #166] t=6.85s step=165 queue=12 dmax=0.991 | shoulder_pan.pos=-38.08 shoulder_lift.pos=-39.48 elbow_flex.pos=+42.53 wrist_flex.pos=+51.11 wrist_roll.pos=-8.54 gripper.pos=+1.12
DEBUG 2026-09-03 09:17:12 [action #167] t=6.89s step=166 queue=11 dmax=1.788 | shoulder_pan.pos=-38.15 shoulder_lift.pos=-38.12 elbow_flex.pos=+40.74 wrist_flex.pos=+51.15 wrist_roll.pos=-8.54 gripper.pos=+1.07
DEBUG 2026-09-03 09:17:12 [action #168] t=6.92s step=167 queue=10 dmax=1.315 | shoulder_pan.pos=-38.41 shoulder_lift.pos=-36.80 elbow_flex.pos=+39.49 wrist_flex.pos=+51.44 wrist_roll.pos=-8.63 gripper.pos=+1.17
DEBUG 2026-09-03 09:17:12 [action #169] t=6.95s step=168 queue=9 dmax=2.130 | shoulder_pan.pos=-38.03 shoulder_lift.pos=-34.67 elbow_flex.pos=+38.80 wrist_flex.pos=+51.74 wrist_roll.pos=-8.55 gripper.pos=+1.11
DEBUG 2026-09-03 09:17:12 [action #170] t=6.99s step=169 queue=8 dmax=1.285 | shoulder_pan.pos=-38.29 shoulder_lift.pos=-33.39 elbow_flex.pos=+38.04 wrist_flex.pos=+51.67 wrist_roll.pos=-8.67 gripper.pos=+0.99
DEBUG 2026-09-03 09:17:12 [action #171] t=7.02s step=170 queue=7 dmax=1.114 | shoulder_pan.pos=-38.38 shoulder_lift.pos=-32.74 elbow_flex.pos=+36.92 wrist_flex.pos=+51.66 wrist_roll.pos=-8.71 gripper.pos=+1.14
DEBUG 2026-09-03 09:17:12 [action #172] t=7.05s step=171 queue=6 dmax=2.184 | shoulder_pan.pos=-38.72 shoulder_lift.pos=-30.92 elbow_flex.pos=+34.74 wrist_flex.pos=+51.65 wrist_roll.pos=-8.88 gripper.pos=+1.11
DEBUG 2026-09-03 09:17:12 [action #173] t=7.09s step=172 queue=5 dmax=1.080 | shoulder_pan.pos=-38.78 shoulder_lift.pos=-29.84 elbow_flex.pos=+33.72 wrist_flex.pos=+51.71 wrist_roll.pos=-8.96 gripper.pos=+1.11
DEBUG 2026-09-03 09:17:12 [action #174] t=7.12s step=173 queue=4 dmax=1.069 | shoulder_pan.pos=-38.80 shoulder_lift.pos=-28.77 elbow_flex.pos=+33.21 wrist_flex.pos=+51.70 wrist_roll.pos=-8.96 gripper.pos=+1.06
DEBUG 2026-09-03 09:17:12 [action #175] t=7.15s step=174 queue=3 dmax=1.230 | shoulder_pan.pos=-38.55 shoulder_lift.pos=-27.54 elbow_flex.pos=+32.09 wrist_flex.pos=+52.24 wrist_roll.pos=-8.95 gripper.pos=+0.97
DEBUG 2026-09-03 09:17:12 [action #176] t=7.19s step=175 queue=2 dmax=1.594 | shoulder_pan.pos=-38.55 shoulder_lift.pos=-25.95 elbow_flex.pos=+30.97 wrist_flex.pos=+52.52 wrist_roll.pos=-9.05 gripper.pos=+1.09
DEBUG 2026-09-03 09:17:12 [action #177] t=7.22s step=176 queue=1 dmax=1.769 | shoulder_pan.pos=-38.88 shoulder_lift.pos=-24.19 elbow_flex.pos=+29.20 wrist_flex.pos=+53.35 wrist_roll.pos=-9.25 gripper.pos=+1.00
DEBUG 2026-09-03 09:17:12 [chunk] received 50 actions, timesteps 150..199 | first: shoulder_pan.pos=-39.33 shoulder_lift.pos=-44.05 elbow_flex.pos=+51.89 wrist_flex.pos=+46.16 wrist_roll.pos=-7.98 gripper.pos=+1.22 | last: shoulder_pan.pos=-41.36 shoulder_lift.pos=-4.24 elbow_flex.pos=+16.97 wrist_flex.pos=+66.01 wrist_roll.pos=-10.86 gripper.pos=+28.14
DEBUG 2026-09-03 09:17:13 [action #178] t=7.29s step=177 queue=23 dmax=11.577 | shoulder_pan.pos=-39.71 shoulder_lift.pos=-12.61 elbow_flex.pos=+25.18 wrist_flex.pos=+57.75 wrist_roll.pos=-10.47 gripper.pos=+2.33
DEBUG 2026-09-03 09:17:13 [action #179] t=7.32s step=178 queue=22 dmax=1.142 | shoulder_pan.pos=-39.50 shoulder_lift.pos=-12.42 elbow_flex.pos=+24.31 wrist_flex.pos=+58.52 wrist_roll.pos=-10.52 gripper.pos=+3.48
DEBUG 2026-09-03 09:17:13 [action #180] t=7.36s step=179 queue=21 dmax=2.053 | shoulder_pan.pos=-39.63 shoulder_lift.pos=-11.73 elbow_flex.pos=+24.04 wrist_flex.pos=+59.28 wrist_roll.pos=-10.57 gripper.pos=+5.53
DEBUG 2026-09-03 09:17:13 [action #181] t=7.39s step=180 queue=20 dmax=2.312 | shoulder_pan.pos=-39.77 shoulder_lift.pos=-11.32 elbow_flex.pos=+23.05 wrist_flex.pos=+60.14 wrist_roll.pos=-10.58 gripper.pos=+7.84
DEBUG 2026-09-03 09:17:13 [action #182] t=7.42s step=181 queue=19 dmax=1.945 | shoulder_pan.pos=-40.02 shoulder_lift.pos=-10.85 elbow_flex.pos=+22.53 wrist_flex.pos=+61.02 wrist_roll.pos=-10.67 gripper.pos=+9.79
DEBUG 2026-09-03 09:17:13 [action #183] t=7.46s step=182 queue=18 dmax=1.613 | shoulder_pan.pos=-39.97 shoulder_lift.pos=-10.15 elbow_flex.pos=+21.49 wrist_flex.pos=+61.45 wrist_roll.pos=-10.60 gripper.pos=+11.40
DEBUG 2026-09-03 09:17:13 [action #184] t=7.49s step=183 queue=17 dmax=1.340 | shoulder_pan.pos=-40.44 shoulder_lift.pos=-9.79 elbow_flex.pos=+21.30 wrist_flex.pos=+61.99 wrist_roll.pos=-10.66 gripper.pos=+12.74
DEBUG 2026-09-03 09:17:13 [action #185] t=7.52s step=184 queue=16 dmax=0.872 | shoulder_pan.pos=-40.31 shoulder_lift.pos=-9.32 elbow_flex.pos=+21.30 wrist_flex.pos=+62.27 wrist_roll.pos=-10.63 gripper.pos=+13.61
DEBUG 2026-09-03 09:17:13 [action #186] t=7.56s step=185 queue=15 dmax=1.384 | shoulder_pan.pos=-40.38 shoulder_lift.pos=-9.24 elbow_flex.pos=+20.79 wrist_flex.pos=+62.62 wrist_roll.pos=-10.59 gripper.pos=+15.00
DEBUG 2026-09-03 09:17:13 [action #187] t=7.59s step=186 queue=14 dmax=1.480 | shoulder_pan.pos=-40.77 shoulder_lift.pos=-8.72 elbow_flex.pos=+20.53 wrist_flex.pos=+63.16 wrist_roll.pos=-10.67 gripper.pos=+16.48
DEBUG 2026-09-03 09:17:13 [action #188] t=7.62s step=187 queue=13 dmax=2.073 | shoulder_pan.pos=-40.73 shoulder_lift.pos=-8.90 elbow_flex.pos=+20.20 wrist_flex.pos=+63.42 wrist_roll.pos=-10.69 gripper.pos=+18.55
DEBUG 2026-09-03 09:17:13 [action #189] t=7.66s step=188 queue=12 dmax=2.070 | shoulder_pan.pos=-40.63 shoulder_lift.pos=-8.44 elbow_flex.pos=+20.21 wrist_flex.pos=+63.87 wrist_roll.pos=-10.78 gripper.pos=+20.62
DEBUG 2026-09-03 09:17:13 [action #190] t=7.69s step=189 queue=11 dmax=2.060 | shoulder_pan.pos=-40.90 shoulder_lift.pos=-8.24 elbow_flex.pos=+19.89 wrist_flex.pos=+64.03 wrist_roll.pos=-10.77 gripper.pos=+22.68
DEBUG 2026-09-03 09:17:13 [action #191] t=7.72s step=190 queue=10 dmax=1.644 | shoulder_pan.pos=-41.15 shoulder_lift.pos=-7.88 elbow_flex.pos=+19.88 wrist_flex.pos=+64.30 wrist_roll.pos=-10.82 gripper.pos=+24.32
DEBUG 2026-09-03 09:17:13 [action #192] t=7.76s step=191 queue=9 dmax=0.959 | shoulder_pan.pos=-41.13 shoulder_lift.pos=-7.46 elbow_flex.pos=+19.46 wrist_flex.pos=+64.56 wrist_roll.pos=-10.86 gripper.pos=+25.28
DEBUG 2026-09-03 09:17:13 [action #193] t=7.79s step=192 queue=8 dmax=0.498 | shoulder_pan.pos=-40.93 shoulder_lift.pos=-7.20 elbow_flex.pos=+19.30 wrist_flex.pos=+64.71 wrist_roll.pos=-10.79 gripper.pos=+25.78
DEBUG 2026-09-03 09:17:13 [action #194] t=7.82s step=193 queue=7 dmax=0.440 | shoulder_pan.pos=-40.94 shoulder_lift.pos=-6.84 elbow_flex.pos=+18.86 wrist_flex.pos=+64.79 wrist_roll.pos=-10.89 gripper.pos=+26.00
DEBUG 2026-09-03 09:17:13 [action #195] t=7.86s step=194 queue=6 dmax=0.187 | shoulder_pan.pos=-41.01 shoulder_lift.pos=-6.67 elbow_flex.pos=+18.93 wrist_flex.pos=+64.98 wrist_roll.pos=-10.80 gripper.pos=+26.02
DEBUG 2026-09-03 09:17:13 [action #196] t=7.89s step=195 queue=5 dmax=0.288 | shoulder_pan.pos=-41.17 shoulder_lift.pos=-6.38 elbow_flex.pos=+18.78 wrist_flex.pos=+65.16 wrist_roll.pos=-10.86 gripper.pos=+26.12
DEBUG 2026-09-03 09:17:13 [action #197] t=7.92s step=196 queue=4 dmax=0.546 | shoulder_pan.pos=-41.01 shoulder_lift.pos=-6.12 elbow_flex.pos=+18.37 wrist_flex.pos=+65.46 wrist_roll.pos=-10.89 gripper.pos=+26.66
DEBUG 2026-09-03 09:17:13 [action #198] t=7.96s step=197 queue=3 dmax=0.710 | shoulder_pan.pos=-40.91 shoulder_lift.pos=-5.97 elbow_flex.pos=+17.82 wrist_flex.pos=+65.60 wrist_roll.pos=-10.83 gripper.pos=+27.38
DEBUG 2026-09-03 09:17:13 [action #199] t=7.99s step=198 queue=2 dmax=1.410 | shoulder_pan.pos=-41.11 shoulder_lift.pos=-4.56 elbow_flex.pos=+17.43 wrist_flex.pos=+65.90 wrist_roll.pos=-10.85 gripper.pos=+27.86
DEBUG 2026-09-03 09:17:13 [action #200] t=8.02s step=199 queue=1 dmax=0.454 | shoulder_pan.pos=-41.36 shoulder_lift.pos=-4.24 elbow_flex.pos=+16.97 wrist_flex.pos=+66.01 wrist_roll.pos=-10.86 gripper.pos=+28.14
DEBUG 2026-09-03 09:17:13 [chunk] received 50 actions, timesteps 176..225 | first: shoulder_pan.pos=-37.13 shoulder_lift.pos=-22.94 elbow_flex.pos=+30.06 wrist_flex.pos=+52.69 wrist_roll.pos=-8.50 gripper.pos=+1.90 | last: shoulder_pan.pos=-39.74 shoulder_lift.pos=+24.07 elbow_flex.pos=-11.69 wrist_flex.pos=+74.75 wrist_roll.pos=-9.38 gripper.pos=+32.12
DEBUG 2026-09-03 09:17:13 [action #201] t=8.19s step=200 queue=26 dmax=12.781 | shoulder_pan.pos=-38.51 shoulder_lift.pos=+3.98 elbow_flex.pos=+4.19 wrist_flex.pos=+70.49 wrist_roll.pos=-10.54 gripper.pos=+27.28
DEBUG 2026-09-03 09:17:13 [action #202] t=8.23s step=201 queue=25 dmax=0.693 | shoulder_pan.pos=-38.60 shoulder_lift.pos=+4.67 elbow_flex.pos=+4.39 wrist_flex.pos=+70.14 wrist_roll.pos=-10.56 gripper.pos=+27.27
DEBUG 2026-09-03 09:17:13 [action #203] t=8.26s step=202 queue=24 dmax=0.754 | shoulder_pan.pos=-38.74 shoulder_lift.pos=+5.42 elbow_flex.pos=+4.50 wrist_flex.pos=+69.98 wrist_roll.pos=-10.38 gripper.pos=+27.12
DEBUG 2026-09-03 09:17:14 [action #204] t=8.29s step=203 queue=23 dmax=1.356 | shoulder_pan.pos=-38.90 shoulder_lift.pos=+4.96 elbow_flex.pos=+3.15 wrist_flex.pos=+70.14 wrist_roll.pos=-10.18 gripper.pos=+26.85
DEBUG 2026-09-03 09:17:14 [action #205] t=8.33s step=204 queue=22 dmax=1.060 | shoulder_pan.pos=-39.08 shoulder_lift.pos=+6.03 elbow_flex.pos=+2.94 wrist_flex.pos=+69.94 wrist_roll.pos=-10.15 gripper.pos=+26.89
DEBUG 2026-09-03 09:17:14 [action #206] t=8.36s step=205 queue=21 dmax=0.280 | shoulder_pan.pos=-39.13 shoulder_lift.pos=+6.31 elbow_flex.pos=+2.82 wrist_flex.pos=+69.98 wrist_roll.pos=-10.22 gripper.pos=+26.98
DEBUG 2026-09-03 09:17:14 [action #207] t=8.39s step=206 queue=20 dmax=0.639 | shoulder_pan.pos=-39.18 shoulder_lift.pos=+6.94 elbow_flex.pos=+2.75 wrist_flex.pos=+70.27 wrist_roll.pos=-10.05 gripper.pos=+27.26
DEBUG 2026-09-03 09:17:14 [action #208] t=8.43s step=207 queue=19 dmax=0.699 | shoulder_pan.pos=-39.32 shoulder_lift.pos=+7.14 elbow_flex.pos=+2.05 wrist_flex.pos=+70.41 wrist_roll.pos=-9.93 gripper.pos=+27.45
DEBUG 2026-09-03 09:17:14 [action #209] t=8.46s step=208 queue=18 dmax=1.566 | shoulder_pan.pos=-39.32 shoulder_lift.pos=+8.71 elbow_flex.pos=+1.26 wrist_flex.pos=+70.72 wrist_roll.pos=-10.08 gripper.pos=+28.31
DEBUG 2026-09-03 09:17:14 [action #210] t=8.49s step=209 queue=17 dmax=1.111 | shoulder_pan.pos=-39.25 shoulder_lift.pos=+9.73 elbow_flex.pos=+0.15 wrist_flex.pos=+71.12 wrist_roll.pos=-9.96 gripper.pos=+29.36
DEBUG 2026-09-03 09:17:14 [action #211] t=8.53s step=210 queue=16 dmax=0.836 | shoulder_pan.pos=-39.27 shoulder_lift.pos=+10.33 elbow_flex.pos=-0.35 wrist_flex.pos=+71.43 wrist_roll.pos=-9.89 gripper.pos=+30.19
DEBUG 2026-09-03 09:17:14 [action #212] t=8.56s step=211 queue=15 dmax=0.782 | shoulder_pan.pos=-39.20 shoulder_lift.pos=+10.42 elbow_flex.pos=-1.00 wrist_flex.pos=+71.60 wrist_roll.pos=-9.86 gripper.pos=+30.97
DEBUG 2026-09-03 09:17:14 [action #213] t=8.59s step=212 queue=14 dmax=1.380 | shoulder_pan.pos=-39.54 shoulder_lift.pos=+11.80 elbow_flex.pos=-1.91 wrist_flex.pos=+71.86 wrist_roll.pos=-9.82 gripper.pos=+31.55
DEBUG 2026-09-03 09:17:14 [action #214] t=8.63s step=213 queue=13 dmax=0.743 | shoulder_pan.pos=-39.42 shoulder_lift.pos=+12.55 elbow_flex.pos=-2.61 wrist_flex.pos=+71.72 wrist_roll.pos=-9.77 gripper.pos=+31.66
DEBUG 2026-09-03 09:17:14 [action #215] t=8.66s step=214 queue=12 dmax=1.572 | shoulder_pan.pos=-39.34 shoulder_lift.pos=+14.12 elbow_flex.pos=-3.16 wrist_flex.pos=+72.17 wrist_roll.pos=-9.60 gripper.pos=+31.61
DEBUG 2026-09-03 09:17:14 [action #216] t=8.69s step=215 queue=11 dmax=0.642 | shoulder_pan.pos=-39.49 shoulder_lift.pos=+14.08 elbow_flex.pos=-3.81 wrist_flex.pos=+72.13 wrist_roll.pos=-9.62 gripper.pos=+31.82
DEBUG 2026-09-03 09:17:14 [action #217] t=8.73s step=216 queue=10 dmax=1.169 | shoulder_pan.pos=-39.47 shoulder_lift.pos=+15.25 elbow_flex.pos=-4.05 wrist_flex.pos=+72.35 wrist_roll.pos=-9.59 gripper.pos=+31.76
DEBUG 2026-09-03 09:17:14 [action #218] t=8.76s step=217 queue=9 dmax=0.965 | shoulder_pan.pos=-39.16 shoulder_lift.pos=+15.84 elbow_flex.pos=-5.01 wrist_flex.pos=+72.02 wrist_roll.pos=-9.46 gripper.pos=+31.68
DEBUG 2026-09-03 09:17:14 [action #219] t=8.79s step=218 queue=8 dmax=1.171 | shoulder_pan.pos=-39.42 shoulder_lift.pos=+17.01 elbow_flex.pos=-5.05 wrist_flex.pos=+72.27 wrist_roll.pos=-9.46 gripper.pos=+31.76
DEBUG 2026-09-03 09:17:14 [action #220] t=8.83s step=219 queue=7 dmax=1.296 | shoulder_pan.pos=-39.59 shoulder_lift.pos=+17.62 elbow_flex.pos=-6.35 wrist_flex.pos=+72.62 wrist_roll.pos=-9.35 gripper.pos=+31.65
DEBUG 2026-09-03 09:17:14 [action #221] t=8.86s step=220 queue=6 dmax=0.904 | shoulder_pan.pos=-39.58 shoulder_lift.pos=+18.53 elbow_flex.pos=-6.85 wrist_flex.pos=+72.61 wrist_roll.pos=-9.45 gripper.pos=+31.89
DEBUG 2026-09-03 09:17:14 [action #222] t=8.89s step=221 queue=5 dmax=0.731 | shoulder_pan.pos=-39.35 shoulder_lift.pos=+18.92 elbow_flex.pos=-7.58 wrist_flex.pos=+73.01 wrist_roll.pos=-9.37 gripper.pos=+32.02
DEBUG 2026-09-03 09:17:14 [action #223] t=8.93s step=222 queue=4 dmax=1.547 | shoulder_pan.pos=-39.39 shoulder_lift.pos=+20.47 elbow_flex.pos=-8.08 wrist_flex.pos=+73.28 wrist_roll.pos=-9.43 gripper.pos=+32.06
DEBUG 2026-09-03 09:17:14 [action #224] t=8.96s step=223 queue=3 dmax=0.999 | shoulder_pan.pos=-39.49 shoulder_lift.pos=+21.33 elbow_flex.pos=-9.08 wrist_flex.pos=+73.69 wrist_roll.pos=-9.51 gripper.pos=+32.23
DEBUG 2026-09-03 09:17:14 [action #225] t=8.99s step=224 queue=2 dmax=1.564 | shoulder_pan.pos=-39.53 shoulder_lift.pos=+22.62 elbow_flex.pos=-10.64 wrist_flex.pos=+74.18 wrist_roll.pos=-9.57 gripper.pos=+32.24
DEBUG 2026-09-03 09:17:14 [action #226] t=9.03s step=225 queue=1 dmax=1.450 | shoulder_pan.pos=-39.74 shoulder_lift.pos=+24.07 elbow_flex.pos=-11.69 wrist_flex.pos=+74.75 wrist_roll.pos=-9.38 gripper.pos=+32.12
DEBUG 2026-09-03 09:17:14 [chunk] received 50 actions, timesteps 199..248 | first: shoulder_pan.pos=-40.67 shoulder_lift.pos=-2.92 elbow_flex.pos=+12.04 wrist_flex.pos=+66.35 wrist_roll.pos=-10.57 gripper.pos=+28.26 | last: shoulder_pan.pos=-44.50 shoulder_lift.pos=+35.53 elbow_flex.pos=-15.45 wrist_flex.pos=+76.07 wrist_roll.pos=-9.68 gripper.pos=+13.35
DEBUG 2026-09-03 09:17:14 [action #227] t=9.06s step=226 queue=23 dmax=4.980 | shoulder_pan.pos=-44.72 shoulder_lift.pos=+23.10 elbow_flex.pos=-8.53 wrist_flex.pos=+74.24 wrist_roll.pos=-11.03 gripper.pos=+33.15
DEBUG 2026-09-03 09:17:14 [action #228] t=9.09s step=227 queue=22 dmax=0.782 | shoulder_pan.pos=-44.44 shoulder_lift.pos=+23.33 elbow_flex.pos=-9.31 wrist_flex.pos=+74.36 wrist_roll.pos=-10.89 gripper.pos=+33.19
DEBUG 2026-09-03 09:17:14 [action #229] t=9.13s step=228 queue=21 dmax=1.192 | shoulder_pan.pos=-44.41 shoulder_lift.pos=+24.52 elbow_flex.pos=-8.88 wrist_flex.pos=+74.52 wrist_roll.pos=-10.81 gripper.pos=+33.67
DEBUG 2026-09-03 09:17:14 [action #230] t=9.16s step=229 queue=20 dmax=1.180 | shoulder_pan.pos=-44.52 shoulder_lift.pos=+25.18 elbow_flex.pos=-10.06 wrist_flex.pos=+74.73 wrist_roll.pos=-10.88 gripper.pos=+34.19
DEBUG 2026-09-03 09:17:14 [action #231] t=9.19s step=230 queue=19 dmax=1.845 | shoulder_pan.pos=-44.47 shoulder_lift.pos=+27.03 elbow_flex.pos=-9.40 wrist_flex.pos=+74.54 wrist_roll.pos=-10.77 gripper.pos=+34.54
DEBUG 2026-09-03 09:17:14 [action #232] t=9.23s step=231 queue=18 dmax=0.964 | shoulder_pan.pos=-44.56 shoulder_lift.pos=+26.92 elbow_flex.pos=-10.36 wrist_flex.pos=+74.73 wrist_roll.pos=-10.85 gripper.pos=+34.87
DEBUG 2026-09-03 09:17:14 [action #233] t=9.26s step=232 queue=17 dmax=0.686 | shoulder_pan.pos=-44.50 shoulder_lift.pos=+27.61 elbow_flex.pos=-10.19 wrist_flex.pos=+74.76 wrist_roll.pos=-10.88 gripper.pos=+34.94
DEBUG 2026-09-03 09:17:15 [action #234] t=9.30s step=233 queue=16 dmax=0.801 | shoulder_pan.pos=-44.33 shoulder_lift.pos=+28.41 elbow_flex.pos=-10.92 wrist_flex.pos=+74.62 wrist_roll.pos=-10.64 gripper.pos=+34.68
DEBUG 2026-09-03 09:17:15 [action #235] t=9.33s step=234 queue=15 dmax=0.318 | shoulder_pan.pos=-44.35 shoulder_lift.pos=+28.73 elbow_flex.pos=-11.02 wrist_flex.pos=+74.70 wrist_roll.pos=-10.80 gripper.pos=+34.82
DEBUG 2026-09-03 09:17:15 [action #236] t=9.36s step=235 queue=14 dmax=0.663 | shoulder_pan.pos=-44.73 shoulder_lift.pos=+28.73 elbow_flex.pos=-11.68 wrist_flex.pos=+74.88 wrist_roll.pos=-10.72 gripper.pos=+34.50
DEBUG 2026-09-03 09:17:15 [action #237] t=9.40s step=236 queue=13 dmax=0.222 | shoulder_pan.pos=-44.51 shoulder_lift.pos=+28.92 elbow_flex.pos=-11.55 wrist_flex.pos=+74.91 wrist_roll.pos=-10.74 gripper.pos=+34.54
DEBUG 2026-09-03 09:17:15 [action #238] t=9.43s step=237 queue=12 dmax=1.203 | shoulder_pan.pos=-44.60 shoulder_lift.pos=+30.12 elbow_flex.pos=-12.05 wrist_flex.pos=+75.28 wrist_roll.pos=-10.81 gripper.pos=+34.79
DEBUG 2026-09-03 09:17:15 [action #239] t=9.46s step=238 queue=11 dmax=0.277 | shoulder_pan.pos=-44.86 shoulder_lift.pos=+30.02 elbow_flex.pos=-11.88 wrist_flex.pos=+75.53 wrist_roll.pos=-10.53 gripper.pos=+34.55
DEBUG 2026-09-03 09:17:15 [action #240] t=9.50s step=239 queue=10 dmax=1.694 | shoulder_pan.pos=-45.04 shoulder_lift.pos=+31.71 elbow_flex.pos=-12.30 wrist_flex.pos=+75.84 wrist_roll.pos=-10.63 gripper.pos=+34.21
DEBUG 2026-09-03 09:17:15 [action #241] t=9.53s step=240 queue=9 dmax=1.118 | shoulder_pan.pos=-44.98 shoulder_lift.pos=+32.50 elbow_flex.pos=-13.36 wrist_flex.pos=+76.27 wrist_roll.pos=-10.73 gripper.pos=+33.09
DEBUG 2026-09-03 09:17:15 [action #242] t=9.56s step=241 queue=8 dmax=2.431 | shoulder_pan.pos=-44.89 shoulder_lift.pos=+32.44 elbow_flex.pos=-14.18 wrist_flex.pos=+76.50 wrist_roll.pos=-10.69 gripper.pos=+30.66
DEBUG 2026-09-03 09:17:15 [action #243] t=9.60s step=242 queue=7 dmax=2.558 | shoulder_pan.pos=-44.91 shoulder_lift.pos=+33.78 elbow_flex.pos=-14.56 wrist_flex.pos=+76.39 wrist_roll.pos=-10.56 gripper.pos=+28.10
DEBUG 2026-09-03 09:17:15 [action #244] t=9.63s step=243 queue=6 dmax=3.062 | shoulder_pan.pos=-44.96 shoulder_lift.pos=+33.74 elbow_flex.pos=-14.01 wrist_flex.pos=+76.59 wrist_roll.pos=-10.51 gripper.pos=+25.04
DEBUG 2026-09-03 09:17:15 [action #245] t=9.66s step=244 queue=5 dmax=2.761 | shoulder_pan.pos=-44.52 shoulder_lift.pos=+34.52 elbow_flex.pos=-14.46 wrist_flex.pos=+76.04 wrist_roll.pos=-10.39 gripper.pos=+22.28
DEBUG 2026-09-03 09:17:15 [action #246] t=9.70s step=245 queue=4 dmax=2.870 | shoulder_pan.pos=-44.69 shoulder_lift.pos=+34.46 elbow_flex.pos=-14.95 wrist_flex.pos=+76.35 wrist_roll.pos=-10.17 gripper.pos=+19.41
DEBUG 2026-09-03 09:17:15 [action #247] t=9.73s step=246 queue=3 dmax=2.233 | shoulder_pan.pos=-44.81 shoulder_lift.pos=+35.29 elbow_flex.pos=-15.25 wrist_flex.pos=+76.20 wrist_roll.pos=-9.92 gripper.pos=+17.17
DEBUG 2026-09-03 09:17:15 [action #248] t=9.76s step=247 queue=2 dmax=2.298 | shoulder_pan.pos=-44.83 shoulder_lift.pos=+35.44 elbow_flex.pos=-15.56 wrist_flex.pos=+76.24 wrist_roll.pos=-9.81 gripper.pos=+14.88
DEBUG 2026-09-03 09:17:15 [action #249] t=9.80s step=248 queue=1 dmax=1.523 | shoulder_pan.pos=-44.50 shoulder_lift.pos=+35.53 elbow_flex.pos=-15.45 wrist_flex.pos=+76.07 wrist_roll.pos=-9.68 gripper.pos=+13.35
DEBUG 2026-09-03 09:17:15 [chunk] received 50 actions, timesteps 225..274 | first: shoulder_pan.pos=-39.02 shoulder_lift.pos=+22.68 elbow_flex.pos=-9.02 wrist_flex.pos=+73.73 wrist_roll.pos=-10.51 gripper.pos=+32.33 | last: shoulder_pan.pos=-40.43 shoulder_lift.pos=+32.51 elbow_flex.pos=-35.47 wrist_flex.pos=+93.04 wrist_roll.pos=-12.97 gripper.pos=+5.28
DEBUG 2026-09-03 09:17:15 [action #250] t=10.00s step=249 queue=26 dmax=3.398 | shoulder_pan.pos=-42.14 shoulder_lift.pos=+33.93 elbow_flex.pos=-16.62 wrist_flex.pos=+76.49 wrist_roll.pos=-11.65 gripper.pos=+9.95
DEBUG 2026-09-03 09:17:15 [action #251] t=10.03s step=250 queue=25 dmax=2.059 | shoulder_pan.pos=-42.27 shoulder_lift.pos=+34.19 elbow_flex.pos=-14.56 wrist_flex.pos=+76.47 wrist_roll.pos=-11.55 gripper.pos=+8.52
DEBUG 2026-09-03 09:17:15 [action #252] t=10.06s step=251 queue=24 dmax=1.160 | shoulder_pan.pos=-42.11 shoulder_lift.pos=+34.86 elbow_flex.pos=-15.50 wrist_flex.pos=+76.43 wrist_roll.pos=-11.76 gripper.pos=+7.36
DEBUG 2026-09-03 09:17:15 [action #253] t=10.10s step=252 queue=23 dmax=1.668 | shoulder_pan.pos=-42.14 shoulder_lift.pos=+33.20 elbow_flex.pos=-15.86 wrist_flex.pos=+76.70 wrist_roll.pos=-11.60 gripper.pos=+6.80
DEBUG 2026-09-03 09:17:15 [action #254] t=10.13s step=253 queue=22 dmax=1.240 | shoulder_pan.pos=-42.55 shoulder_lift.pos=+34.12 elbow_flex.pos=-14.62 wrist_flex.pos=+76.38 wrist_roll.pos=-11.69 gripper.pos=+6.55
DEBUG 2026-09-03 09:17:15 [action #255] t=10.16s step=254 queue=21 dmax=0.509 | shoulder_pan.pos=-42.52 shoulder_lift.pos=+34.37 elbow_flex.pos=-14.62 wrist_flex.pos=+76.89 wrist_roll.pos=-11.64 gripper.pos=+6.29
DEBUG 2026-09-03 09:17:15 [action #256] t=10.20s step=255 queue=20 dmax=0.778 | shoulder_pan.pos=-42.66 shoulder_lift.pos=+34.33 elbow_flex.pos=-15.40 wrist_flex.pos=+76.85 wrist_roll.pos=-11.72 gripper.pos=+6.13
DEBUG 2026-09-03 09:17:15 [action #257] t=10.23s step=256 queue=19 dmax=1.463 | shoulder_pan.pos=-42.42 shoulder_lift.pos=+34.32 elbow_flex.pos=-16.86 wrist_flex.pos=+77.77 wrist_roll.pos=-11.87 gripper.pos=+6.01
DEBUG 2026-09-03 09:17:15 [action #258] t=10.26s step=257 queue=18 dmax=0.679 | shoulder_pan.pos=-42.46 shoulder_lift.pos=+33.64 elbow_flex.pos=-16.31 wrist_flex.pos=+78.23 wrist_roll.pos=-11.74 gripper.pos=+5.95
DEBUG 2026-09-03 09:17:16 [action #259] t=10.30s step=258 queue=17 dmax=0.909 | shoulder_pan.pos=-42.20 shoulder_lift.pos=+34.39 elbow_flex.pos=-17.22 wrist_flex.pos=+78.73 wrist_roll.pos=-11.88 gripper.pos=+6.03
DEBUG 2026-09-03 09:17:16 [action #260] t=10.33s step=259 queue=16 dmax=1.992 | shoulder_pan.pos=-42.28 shoulder_lift.pos=+34.66 elbow_flex.pos=-19.21 wrist_flex.pos=+79.92 wrist_roll.pos=-11.82 gripper.pos=+6.17
DEBUG 2026-09-03 09:17:16 [action #261] t=10.36s step=260 queue=15 dmax=1.048 | shoulder_pan.pos=-42.32 shoulder_lift.pos=+33.92 elbow_flex.pos=-19.52 wrist_flex.pos=+80.97 wrist_roll.pos=-12.17 gripper.pos=+6.52
DEBUG 2026-09-03 09:17:16 [action #262] t=10.40s step=261 queue=14 dmax=2.821 | shoulder_pan.pos=-41.87 shoulder_lift.pos=+34.38 elbow_flex.pos=-22.34 wrist_flex.pos=+81.99 wrist_roll.pos=-12.42 gripper.pos=+6.52
DEBUG 2026-09-03 09:17:16 [action #263] t=10.43s step=262 queue=13 dmax=1.175 | shoulder_pan.pos=-41.94 shoulder_lift.pos=+35.06 elbow_flex.pos=-22.58 wrist_flex.pos=+83.17 wrist_roll.pos=-12.48 gripper.pos=+6.63
DEBUG 2026-09-03 09:17:16 [action #264] t=10.47s step=263 queue=12 dmax=1.835 | shoulder_pan.pos=-41.79 shoulder_lift.pos=+34.48 elbow_flex.pos=-24.41 wrist_flex.pos=+84.23 wrist_roll.pos=-12.55 gripper.pos=+6.62
DEBUG 2026-09-03 09:17:16 [action #265] t=10.50s step=264 queue=11 dmax=1.133 | shoulder_pan.pos=-41.51 shoulder_lift.pos=+35.01 elbow_flex.pos=-25.54 wrist_flex.pos=+85.26 wrist_roll.pos=-12.69 gripper.pos=+6.58
DEBUG 2026-09-03 09:17:16 [action #266] t=10.53s step=265 queue=10 dmax=1.710 | shoulder_pan.pos=-41.47 shoulder_lift.pos=+34.49 elbow_flex.pos=-27.25 wrist_flex.pos=+86.24 wrist_roll.pos=-12.79 gripper.pos=+6.51
DEBUG 2026-09-03 09:17:16 [action #267] t=10.57s step=266 queue=9 dmax=1.377 | shoulder_pan.pos=-41.49 shoulder_lift.pos=+34.48 elbow_flex.pos=-28.63 wrist_flex.pos=+86.97 wrist_roll.pos=-12.70 gripper.pos=+6.21
DEBUG 2026-09-03 09:17:16 [action #268] t=10.60s step=267 queue=8 dmax=1.139 | shoulder_pan.pos=-41.20 shoulder_lift.pos=+35.05 elbow_flex.pos=-29.77 wrist_flex.pos=+87.96 wrist_roll.pos=-12.76 gripper.pos=+6.07
DEBUG 2026-09-03 09:17:16 [action #269] t=10.63s step=268 queue=7 dmax=1.423 | shoulder_pan.pos=-41.32 shoulder_lift.pos=+33.63 elbow_flex.pos=-30.10 wrist_flex.pos=+89.06 wrist_roll.pos=-12.79 gripper.pos=+5.85
DEBUG 2026-09-03 09:17:16 [action #270] t=10.67s step=269 queue=6 dmax=1.325 | shoulder_pan.pos=-41.11 shoulder_lift.pos=+34.52 elbow_flex.pos=-31.42 wrist_flex.pos=+89.85 wrist_roll.pos=-12.86 gripper.pos=+5.65
DEBUG 2026-09-03 09:17:16 [action #271] t=10.70s step=270 queue=5 dmax=1.154 | shoulder_pan.pos=-41.32 shoulder_lift.pos=+33.95 elbow_flex.pos=-32.58 wrist_flex.pos=+90.52 wrist_roll.pos=-12.96 gripper.pos=+5.50
DEBUG 2026-09-03 09:17:16 [action #272] t=10.73s step=271 queue=4 dmax=0.628 | shoulder_pan.pos=-40.85 shoulder_lift.pos=+33.59 elbow_flex.pos=-33.21 wrist_flex.pos=+91.06 wrist_roll.pos=-12.99 gripper.pos=+5.39
DEBUG 2026-09-03 09:17:16 [action #273] t=10.77s step=272 queue=3 dmax=0.957 | shoulder_pan.pos=-40.60 shoulder_lift.pos=+34.03 elbow_flex.pos=-34.16 wrist_flex.pos=+91.55 wrist_roll.pos=-12.84 gripper.pos=+5.35
DEBUG 2026-09-03 09:17:16 [action #274] t=10.80s step=273 queue=2 dmax=1.321 | shoulder_pan.pos=-40.45 shoulder_lift.pos=+32.71 elbow_flex.pos=-34.51 wrist_flex.pos=+92.13 wrist_roll.pos=-12.95 gripper.pos=+5.62
DEBUG 2026-09-03 09:17:16 [action #275] t=10.83s step=274 queue=1 dmax=0.960 | shoulder_pan.pos=-40.43 shoulder_lift.pos=+32.51 elbow_flex.pos=-35.47 wrist_flex.pos=+93.04 wrist_roll.pos=-12.97 gripper.pos=+5.28
DEBUG 2026-09-03 09:17:16 [chunk] received 50 actions, timesteps 248..297 | first: shoulder_pan.pos=-40.53 shoulder_lift.pos=+34.57 elbow_flex.pos=-16.81 wrist_flex.pos=+76.16 wrist_roll.pos=-11.23 gripper.pos=+9.83 | last: shoulder_pan.pos=-28.81 shoulder_lift.pos=+10.53 elbow_flex.pos=-33.73 wrist_flex.pos=+100.11 wrist_roll.pos=-11.57 gripper.pos=+4.84
DEBUG 2026-09-03 09:17:16 [action #276] t=10.90s step=275 queue=23 dmax=6.453 | shoulder_pan.pos=-40.30 shoulder_lift.pos=+32.50 elbow_flex.pos=-41.92 wrist_flex.pos=+96.52 wrist_roll.pos=-12.26 gripper.pos=+5.02
DEBUG 2026-09-03 09:17:16 [action #277] t=10.93s step=276 queue=22 dmax=0.296 | shoulder_pan.pos=-40.18 shoulder_lift.pos=+32.24 elbow_flex.pos=-42.13 wrist_flex.pos=+96.82 wrist_roll.pos=-12.43 gripper.pos=+4.95
DEBUG 2026-09-03 09:17:16 [action #278] t=10.97s step=277 queue=21 dmax=0.795 | shoulder_pan.pos=-39.85 shoulder_lift.pos=+31.44 elbow_flex.pos=-42.83 wrist_flex.pos=+96.86 wrist_roll.pos=-12.45 gripper.pos=+5.05
DEBUG 2026-09-03 09:17:16 [action #279] t=11.00s step=278 queue=20 dmax=0.810 | shoulder_pan.pos=-40.06 shoulder_lift.pos=+30.63 elbow_flex.pos=-42.42 wrist_flex.pos=+97.23 wrist_roll.pos=-12.45 gripper.pos=+5.08
DEBUG 2026-09-03 09:17:16 [action #280] t=11.03s step=279 queue=19 dmax=1.551 | shoulder_pan.pos=-40.35 shoulder_lift.pos=+29.08 elbow_flex.pos=-43.71 wrist_flex.pos=+97.56 wrist_roll.pos=-12.46 gripper.pos=+4.73
DEBUG 2026-09-03 09:17:16 [action #281] t=11.07s step=280 queue=18 dmax=1.023 | shoulder_pan.pos=-39.74 shoulder_lift.pos=+28.93 elbow_flex.pos=-42.69 wrist_flex.pos=+97.89 wrist_roll.pos=-12.41 gripper.pos=+4.92
DEBUG 2026-09-03 09:17:16 [action #282] t=11.10s step=281 queue=17 dmax=0.392 | shoulder_pan.pos=-39.35 shoulder_lift.pos=+28.65 elbow_flex.pos=-43.01 wrist_flex.pos=+97.95 wrist_roll.pos=-12.47 gripper.pos=+4.94
DEBUG 2026-09-03 09:17:16 [action #283] t=11.13s step=282 queue=16 dmax=0.970 | shoulder_pan.pos=-39.20 shoulder_lift.pos=+27.68 elbow_flex.pos=-42.21 wrist_flex.pos=+98.10 wrist_roll.pos=-12.41 gripper.pos=+4.95
DEBUG 2026-09-03 09:17:16 [action #284] t=11.17s step=283 queue=15 dmax=1.113 | shoulder_pan.pos=-38.58 shoulder_lift.pos=+26.57 elbow_flex.pos=-41.51 wrist_flex.pos=+98.58 wrist_roll.pos=-12.31 gripper.pos=+4.90
DEBUG 2026-09-03 09:17:16 [action #285] t=11.20s step=284 queue=14 dmax=0.697 | shoulder_pan.pos=-38.61 shoulder_lift.pos=+25.87 elbow_flex.pos=-41.55 wrist_flex.pos=+98.87 wrist_roll.pos=-12.20 gripper.pos=+4.68
DEBUG 2026-09-03 09:17:16 [action #286] t=11.23s step=285 queue=13 dmax=0.795 | shoulder_pan.pos=-37.82 shoulder_lift.pos=+25.12 elbow_flex.pos=-41.94 wrist_flex.pos=+98.74 wrist_roll.pos=-12.40 gripper.pos=+4.60
DEBUG 2026-09-03 09:17:16 [action #287] t=11.27s step=286 queue=12 dmax=1.843 | shoulder_pan.pos=-37.45 shoulder_lift.pos=+23.64 elbow_flex.pos=-40.10 wrist_flex.pos=+99.22 wrist_roll.pos=-12.34 gripper.pos=+4.57
DEBUG 2026-09-03 09:17:17 [action #288] t=11.30s step=287 queue=11 dmax=1.183 | shoulder_pan.pos=-36.85 shoulder_lift.pos=+22.46 elbow_flex.pos=-40.42 wrist_flex.pos=+99.07 wrist_roll.pos=-12.24 gripper.pos=+4.74
DEBUG 2026-09-03 09:17:17 [action #289] t=11.33s step=288 queue=10 dmax=2.009 | shoulder_pan.pos=-36.09 shoulder_lift.pos=+20.45 elbow_flex.pos=-39.56 wrist_flex.pos=+99.12 wrist_roll.pos=-12.22 gripper.pos=+4.77
DEBUG 2026-09-03 09:17:17 [action #290] t=11.37s step=289 queue=9 dmax=0.349 | shoulder_pan.pos=-35.86 shoulder_lift.pos=+20.77 elbow_flex.pos=-39.22 wrist_flex.pos=+99.18 wrist_roll.pos=-12.22 gripper.pos=+4.47
DEBUG 2026-09-03 09:17:17 [action #291] t=11.40s step=290 queue=8 dmax=2.315 | shoulder_pan.pos=-34.97 shoulder_lift.pos=+18.45 elbow_flex.pos=-37.76 wrist_flex.pos=+99.26 wrist_roll.pos=-12.30 gripper.pos=+4.58
DEBUG 2026-09-03 09:17:17 [action #292] t=11.43s step=291 queue=7 dmax=0.905 | shoulder_pan.pos=-34.07 shoulder_lift.pos=+17.91 elbow_flex.pos=-37.55 wrist_flex.pos=+99.15 wrist_roll.pos=-12.16 gripper.pos=+4.82
DEBUG 2026-09-03 09:17:17 [action #293] t=11.47s step=292 queue=6 dmax=2.078 | shoulder_pan.pos=-33.84 shoulder_lift.pos=+15.83 elbow_flex.pos=-36.33 wrist_flex.pos=+99.51 wrist_roll.pos=-12.02 gripper.pos=+4.52
DEBUG 2026-09-03 09:17:17 [action #294] t=11.50s step=293 queue=5 dmax=1.055 | shoulder_pan.pos=-32.79 shoulder_lift.pos=+14.79 elbow_flex.pos=-36.37 wrist_flex.pos=+99.53 wrist_roll.pos=-12.01 gripper.pos=+4.57
DEBUG 2026-09-03 09:17:17 [action #295] t=11.54s step=294 queue=4 dmax=1.617 | shoulder_pan.pos=-32.21 shoulder_lift.pos=+13.81 elbow_flex.pos=-34.75 wrist_flex.pos=+99.69 wrist_roll.pos=-11.95 gripper.pos=+4.65
DEBUG 2026-09-03 09:17:17 [action #296] t=11.57s step=295 queue=3 dmax=1.417 | shoulder_pan.pos=-30.80 shoulder_lift.pos=+12.60 elbow_flex.pos=-34.84 wrist_flex.pos=+99.78 wrist_roll.pos=-11.67 gripper.pos=+4.73
DEBUG 2026-09-03 09:17:17 [action #297] t=11.60s step=296 queue=2 dmax=1.444 | shoulder_pan.pos=-30.05 shoulder_lift.pos=+11.16 elbow_flex.pos=-33.71 wrist_flex.pos=+100.09 wrist_roll.pos=-11.72 gripper.pos=+4.68
DEBUG 2026-09-03 09:17:17 [action #298] t=11.64s step=297 queue=1 dmax=1.247 | shoulder_pan.pos=-28.81 shoulder_lift.pos=+10.53 elbow_flex.pos=-33.73 wrist_flex.pos=+100.11 wrist_roll.pos=-11.57 gripper.pos=+4.84
DEBUG 2026-09-03 09:17:17 [chunk] received 50 actions, timesteps 274..323 | first: shoulder_pan.pos=-42.56 shoulder_lift.pos=+37.04 elbow_flex.pos=-34.32 wrist_flex.pos=+94.25 wrist_roll.pos=-16.03 gripper.pos=+7.33 | last: shoulder_pan.pos=+9.25 shoulder_lift.pos=-4.07 elbow_flex.pos=-22.77 wrist_flex.pos=+99.84 wrist_roll.pos=-3.85 gripper.pos=+5.68
DEBUG 2026-09-03 09:17:17 [action #299] t=11.84s step=298 queue=26 dmax=3.362 | shoulder_pan.pos=-30.75 shoulder_lift.pos=+13.90 elbow_flex.pos=-36.06 wrist_flex.pos=+101.21 wrist_roll.pos=-13.17 gripper.pos=+6.83
DEBUG 2026-09-03 09:17:17 [action #300] t=11.87s step=299 queue=25 dmax=1.630 | shoulder_pan.pos=-29.48 shoulder_lift.pos=+12.27 elbow_flex.pos=-35.53 wrist_flex.pos=+101.23 wrist_roll.pos=-13.00 gripper.pos=+6.72
DEBUG 2026-09-03 09:17:17 [action #301] t=11.90s step=300 queue=24 dmax=1.298 | shoulder_pan.pos=-28.19 shoulder_lift.pos=+11.28 elbow_flex.pos=-35.21 wrist_flex.pos=+101.19 wrist_roll.pos=-12.76 gripper.pos=+6.75
DEBUG 2026-09-03 09:17:17 [action #302] t=11.94s step=301 queue=23 dmax=1.396 | shoulder_pan.pos=-26.79 shoulder_lift.pos=+10.61 elbow_flex.pos=-34.69 wrist_flex.pos=+101.29 wrist_roll.pos=-12.50 gripper.pos=+6.77
DEBUG 2026-09-03 09:17:17 [action #303] t=11.97s step=302 queue=22 dmax=1.527 | shoulder_pan.pos=-25.26 shoulder_lift.pos=+9.49 elbow_flex.pos=-34.77 wrist_flex.pos=+101.31 wrist_roll.pos=-12.20 gripper.pos=+6.81
DEBUG 2026-09-03 09:17:17 [action #304] t=12.00s step=303 queue=21 dmax=1.754 | shoulder_pan.pos=-23.51 shoulder_lift.pos=+8.15 elbow_flex.pos=-34.36 wrist_flex.pos=+101.56 wrist_roll.pos=-11.94 gripper.pos=+6.72
DEBUG 2026-09-03 09:17:17 [action #305] t=12.04s step=304 queue=20 dmax=1.610 | shoulder_pan.pos=-21.90 shoulder_lift.pos=+7.16 elbow_flex.pos=-34.38 wrist_flex.pos=+101.50 wrist_roll.pos=-11.59 gripper.pos=+6.66
DEBUG 2026-09-03 09:17:17 [action #306] t=12.07s step=305 queue=19 dmax=1.652 | shoulder_pan.pos=-20.25 shoulder_lift.pos=+6.48 elbow_flex.pos=-33.70 wrist_flex.pos=+101.62 wrist_roll.pos=-11.44 gripper.pos=+6.66
DEBUG 2026-09-03 09:17:17 [action #307] t=12.10s step=306 queue=18 dmax=1.627 | shoulder_pan.pos=-18.62 shoulder_lift.pos=+5.92 elbow_flex.pos=-33.48 wrist_flex.pos=+101.68 wrist_roll.pos=-11.10 gripper.pos=+6.69
DEBUG 2026-09-03 09:17:17 [action #308] t=12.14s step=307 queue=17 dmax=1.853 | shoulder_pan.pos=-16.77 shoulder_lift.pos=+4.73 elbow_flex.pos=-33.65 wrist_flex.pos=+101.68 wrist_roll.pos=-10.91 gripper.pos=+6.72
DEBUG 2026-09-03 09:17:17 [action #309] t=12.17s step=308 queue=16 dmax=1.236 | shoulder_pan.pos=-15.53 shoulder_lift.pos=+4.26 elbow_flex.pos=-32.68 wrist_flex.pos=+101.86 wrist_roll.pos=-10.49 gripper.pos=+6.66
DEBUG 2026-09-03 09:17:17 [action #310] t=12.21s step=309 queue=15 dmax=1.462 | shoulder_pan.pos=-14.07 shoulder_lift.pos=+3.41 elbow_flex.pos=-33.14 wrist_flex.pos=+101.82 wrist_roll.pos=-10.22 gripper.pos=+6.77
DEBUG 2026-09-03 09:17:17 [action #311] t=12.24s step=310 queue=14 dmax=1.402 | shoulder_pan.pos=-12.67 shoulder_lift.pos=+3.14 elbow_flex.pos=-32.56 wrist_flex.pos=+101.97 wrist_roll.pos=-10.02 gripper.pos=+6.63
DEBUG 2026-09-03 09:17:17 [action #312] t=12.27s step=311 queue=13 dmax=1.066 | shoulder_pan.pos=-11.60 shoulder_lift.pos=+2.73 elbow_flex.pos=-32.06 wrist_flex.pos=+101.82 wrist_roll.pos=-9.65 gripper.pos=+6.75
DEBUG 2026-09-03 09:17:18 [action #313] t=12.31s step=312 queue=12 dmax=1.907 | shoulder_pan.pos=-9.69 shoulder_lift.pos=+2.00 elbow_flex.pos=-31.14 wrist_flex.pos=+101.82 wrist_roll.pos=-9.33 gripper.pos=+6.41
DEBUG 2026-09-03 09:17:18 [action #314] t=12.34s step=313 queue=11 dmax=1.510 | shoulder_pan.pos=-8.18 shoulder_lift.pos=+1.57 elbow_flex.pos=-31.24 wrist_flex.pos=+101.60 wrist_roll.pos=-8.76 gripper.pos=+6.38
DEBUG 2026-09-03 09:17:18 [action #315] t=12.37s step=314 queue=10 dmax=1.966 | shoulder_pan.pos=-6.22 shoulder_lift.pos=+0.51 elbow_flex.pos=-30.29 wrist_flex.pos=+101.37 wrist_roll.pos=-8.20 gripper.pos=+6.11
DEBUG 2026-09-03 09:17:18 [action #316] t=12.41s step=315 queue=9 dmax=1.949 | shoulder_pan.pos=-4.27 shoulder_lift.pos=-0.17 elbow_flex.pos=-29.02 wrist_flex.pos=+101.08 wrist_roll.pos=-7.50 gripper.pos=+6.08
DEBUG 2026-09-03 09:17:18 [action #317] t=12.44s step=316 queue=8 dmax=1.769 | shoulder_pan.pos=-2.50 shoulder_lift.pos=-1.17 elbow_flex.pos=-29.01 wrist_flex.pos=+100.96 wrist_roll.pos=-6.86 gripper.pos=+5.96
DEBUG 2026-09-03 09:17:18 [action #318] t=12.47s step=317 queue=7 dmax=2.072 | shoulder_pan.pos=-0.43 shoulder_lift.pos=-1.54 elbow_flex.pos=-27.17 wrist_flex.pos=+100.83 wrist_roll.pos=-6.16 gripper.pos=+5.75
DEBUG 2026-09-03 09:17:18 [action #319] t=12.51s step=318 queue=6 dmax=2.023 | shoulder_pan.pos=+1.59 shoulder_lift.pos=-1.98 elbow_flex.pos=-26.65 wrist_flex.pos=+100.48 wrist_roll.pos=-5.56 gripper.pos=+5.65
DEBUG 2026-09-03 09:17:18 [action #320] t=12.54s step=319 queue=5 dmax=1.254 | shoulder_pan.pos=+2.85 shoulder_lift.pos=-1.95 elbow_flex.pos=-25.45 wrist_flex.pos=+100.45 wrist_roll.pos=-5.12 gripper.pos=+5.55
DEBUG 2026-09-03 09:17:18 [action #321] t=12.57s step=320 queue=4 dmax=1.912 | shoulder_pan.pos=+4.76 shoulder_lift.pos=-3.02 elbow_flex.pos=-24.93 wrist_flex.pos=+100.30 wrist_roll.pos=-4.47 gripper.pos=+5.71
DEBUG 2026-09-03 09:17:18 [action #322] t=12.61s step=321 queue=3 dmax=1.541 | shoulder_pan.pos=+6.30 shoulder_lift.pos=-3.48 elbow_flex.pos=-23.76 wrist_flex.pos=+100.19 wrist_roll.pos=-4.20 gripper.pos=+5.63
DEBUG 2026-09-03 09:17:18 [action #323] t=12.64s step=322 queue=2 dmax=1.731 | shoulder_pan.pos=+8.03 shoulder_lift.pos=-3.55 elbow_flex.pos=-22.87 wrist_flex.pos=+100.08 wrist_roll.pos=-3.88 gripper.pos=+5.74
DEBUG 2026-09-03 09:17:18 [action #324] t=12.67s step=323 queue=1 dmax=1.216 | shoulder_pan.pos=+9.25 shoulder_lift.pos=-4.07 elbow_flex.pos=-22.77 wrist_flex.pos=+99.84 wrist_roll.pos=-3.85 gripper.pos=+5.68
DEBUG 2026-09-03 09:17:18 [chunk] received 50 actions, timesteps 297..346 | first: shoulder_pan.pos=-26.79 shoulder_lift.pos=+9.77 elbow_flex.pos=-34.29 wrist_flex.pos=+102.55 wrist_roll.pos=-11.43 gripper.pos=+8.32 | last: shoulder_pan.pos=+31.75 shoulder_lift.pos=-9.38 elbow_flex.pos=-3.95 wrist_flex.pos=+79.47 wrist_roll.pos=+6.44 gripper.pos=+6.43
DEBUG 2026-09-03 09:17:18 [action #325] t=12.77s step=324 queue=23 dmax=4.780 | shoulder_pan.pos=+14.03 shoulder_lift.pos=-4.88 elbow_flex.pos=-22.01 wrist_flex.pos=+100.34 wrist_roll.pos=-0.29 gripper.pos=+7.10
DEBUG 2026-09-03 09:17:18 [action #326] t=12.81s step=325 queue=22 dmax=1.095 | shoulder_pan.pos=+15.11 shoulder_lift.pos=-4.75 elbow_flex.pos=-20.92 wrist_flex.pos=+99.91 wrist_roll.pos=+0.06 gripper.pos=+6.97
DEBUG 2026-09-03 09:17:18 [action #327] t=12.84s step=326 queue=21 dmax=0.965 | shoulder_pan.pos=+16.08 shoulder_lift.pos=-5.32 elbow_flex.pos=-20.77 wrist_flex.pos=+99.57 wrist_roll.pos=+0.66 gripper.pos=+6.81
DEBUG 2026-09-03 09:17:18 [action #328] t=12.87s step=327 queue=20 dmax=1.078 | shoulder_pan.pos=+17.09 shoulder_lift.pos=-5.48 elbow_flex.pos=-19.69 wrist_flex.pos=+98.68 wrist_roll.pos=+1.11 gripper.pos=+6.88
DEBUG 2026-09-03 09:17:18 [action #329] t=12.91s step=328 queue=19 dmax=0.680 | shoulder_pan.pos=+17.74 shoulder_lift.pos=-6.07 elbow_flex.pos=-19.01 wrist_flex.pos=+98.39 wrist_roll.pos=+1.41 gripper.pos=+6.83
DEBUG 2026-09-03 09:17:18 [action #330] t=12.94s step=329 queue=18 dmax=0.883 | shoulder_pan.pos=+18.63 shoulder_lift.pos=-6.23 elbow_flex.pos=-18.40 wrist_flex.pos=+97.77 wrist_roll.pos=+1.74 gripper.pos=+6.73
DEBUG 2026-09-03 09:17:18 [action #331] t=12.97s step=330 queue=17 dmax=1.019 | shoulder_pan.pos=+19.38 shoulder_lift.pos=-6.63 elbow_flex.pos=-17.53 wrist_flex.pos=+96.75 wrist_roll.pos=+2.25 gripper.pos=+6.76
DEBUG 2026-09-03 09:17:18 [action #332] t=13.01s step=331 queue=16 dmax=1.139 | shoulder_pan.pos=+20.52 shoulder_lift.pos=-6.59 elbow_flex.pos=-16.89 wrist_flex.pos=+95.81 wrist_roll.pos=+2.80 gripper.pos=+6.68
DEBUG 2026-09-03 09:17:18 [action #333] t=13.04s step=332 queue=15 dmax=1.694 | shoulder_pan.pos=+21.15 shoulder_lift.pos=-6.73 elbow_flex.pos=-15.19 wrist_flex.pos=+94.91 wrist_roll.pos=+3.20 gripper.pos=+6.69
DEBUG 2026-09-03 09:17:18 [action #334] t=13.07s step=333 queue=14 dmax=1.155 | shoulder_pan.pos=+22.30 shoulder_lift.pos=-7.37 elbow_flex.pos=-14.05 wrist_flex.pos=+93.78 wrist_roll.pos=+3.73 gripper.pos=+6.72
DEBUG 2026-09-03 09:17:18 [action #335] t=13.11s step=334 queue=13 dmax=1.212 | shoulder_pan.pos=+23.37 shoulder_lift.pos=-7.35 elbow_flex.pos=-13.19 wrist_flex.pos=+92.57 wrist_roll.pos=+4.14 gripper.pos=+6.60
DEBUG 2026-09-03 09:17:18 [action #336] t=13.14s step=335 queue=12 dmax=1.093 | shoulder_pan.pos=+24.03 shoulder_lift.pos=-7.23 elbow_flex.pos=-12.90 wrist_flex.pos=+91.48 wrist_roll.pos=+4.34 gripper.pos=+6.62
DEBUG 2026-09-03 09:17:18 [action #337] t=13.17s step=336 queue=11 dmax=1.548 | shoulder_pan.pos=+25.28 shoulder_lift.pos=-7.59 elbow_flex.pos=-11.43 wrist_flex.pos=+89.93 wrist_roll.pos=+4.59 gripper.pos=+6.49
DEBUG 2026-09-03 09:17:18 [action #338] t=13.21s step=337 queue=10 dmax=1.340 | shoulder_pan.pos=+26.34 shoulder_lift.pos=-8.12 elbow_flex.pos=-10.34 wrist_flex.pos=+88.59 wrist_roll.pos=+4.79 gripper.pos=+6.54
DEBUG 2026-09-03 09:17:18 [action #339] t=13.24s step=338 queue=9 dmax=1.288 | shoulder_pan.pos=+26.96 shoulder_lift.pos=-7.95 elbow_flex.pos=-9.08 wrist_flex.pos=+87.30 wrist_roll.pos=+4.92 gripper.pos=+6.47
DEBUG 2026-09-03 09:17:18 [action #340] t=13.27s step=339 queue=8 dmax=1.221 | shoulder_pan.pos=+27.86 shoulder_lift.pos=-8.50 elbow_flex.pos=-8.21 wrist_flex.pos=+86.08 wrist_roll.pos=+5.01 gripper.pos=+6.45
DEBUG 2026-09-03 09:17:19 [action #341] t=13.31s step=340 queue=7 dmax=1.309 | shoulder_pan.pos=+28.69 shoulder_lift.pos=-8.46 elbow_flex.pos=-6.91 wrist_flex.pos=+84.95 wrist_roll.pos=+5.14 gripper.pos=+6.57
DEBUG 2026-09-03 09:17:19 [action #342] t=13.34s step=341 queue=6 dmax=0.903 | shoulder_pan.pos=+29.26 shoulder_lift.pos=-8.83 elbow_flex.pos=-6.62 wrist_flex.pos=+84.05 wrist_roll.pos=+5.29 gripper.pos=+6.36
DEBUG 2026-09-03 09:17:19 [action #343] t=13.38s step=342 queue=5 dmax=1.011 | shoulder_pan.pos=+30.02 shoulder_lift.pos=-9.24 elbow_flex.pos=-6.18 wrist_flex.pos=+83.04 wrist_roll.pos=+5.53 gripper.pos=+6.39
DEBUG 2026-09-03 09:17:19 [action #344] t=13.41s step=343 queue=4 dmax=0.940 | shoulder_pan.pos=+30.49 shoulder_lift.pos=-9.40 elbow_flex.pos=-5.24 wrist_flex.pos=+82.24 wrist_roll.pos=+5.69 gripper.pos=+6.37
DEBUG 2026-09-03 09:17:19 [action #345] t=13.44s step=344 queue=3 dmax=0.831 | shoulder_pan.pos=+31.12 shoulder_lift.pos=-9.68 elbow_flex.pos=-4.81 wrist_flex.pos=+81.41 wrist_roll.pos=+5.81 gripper.pos=+6.62
DEBUG 2026-09-03 09:17:19 [action #346] t=13.48s step=345 queue=2 dmax=1.012 | shoulder_pan.pos=+31.54 shoulder_lift.pos=-9.79 elbow_flex.pos=-4.11 wrist_flex.pos=+80.40 wrist_roll.pos=+6.07 gripper.pos=+6.21
DEBUG 2026-09-03 09:17:19 [action #347] t=13.51s step=346 queue=1 dmax=0.928 | shoulder_pan.pos=+31.75 shoulder_lift.pos=-9.38 elbow_flex.pos=-3.95 wrist_flex.pos=+79.47 wrist_roll.pos=+6.44 gripper.pos=+6.43
DEBUG 2026-09-03 09:17:19 [chunk] received 50 actions, timesteps 323..372 | first: shoulder_pan.pos=+10.93 shoulder_lift.pos=-3.72 elbow_flex.pos=-20.60 wrist_flex.pos=+101.51 wrist_roll.pos=-3.24 gripper.pos=+8.59 | last: shoulder_pan.pos=+37.71 shoulder_lift.pos=-2.72 elbow_flex.pos=+5.22 wrist_flex.pos=+61.67 wrist_roll.pos=+8.44 gripper.pos=+7.72
DEBUG 2026-09-03 09:17:19 [action #348] t=13.64s step=347 queue=26 dmax=8.281 | shoulder_pan.pos=+32.17 shoulder_lift.pos=-4.35 elbow_flex.pos=-11.57 wrist_flex.pos=+87.75 wrist_roll.pos=+6.68 gripper.pos=+7.73
DEBUG 2026-09-03 09:17:19 [action #349] t=13.68s step=348 queue=25 dmax=0.904 | shoulder_pan.pos=+32.15 shoulder_lift.pos=-4.14 elbow_flex.pos=-11.30 wrist_flex.pos=+86.85 wrist_roll.pos=+6.68 gripper.pos=+7.58
DEBUG 2026-09-03 09:17:19 [action #350] t=13.71s step=349 queue=24 dmax=0.966 | shoulder_pan.pos=+32.27 shoulder_lift.pos=-4.64 elbow_flex.pos=-10.54 wrist_flex.pos=+85.88 wrist_roll.pos=+6.84 gripper.pos=+7.65
DEBUG 2026-09-03 09:17:19 [action #351] t=13.74s step=350 queue=23 dmax=1.513 | shoulder_pan.pos=+32.41 shoulder_lift.pos=-3.13 elbow_flex.pos=-9.58 wrist_flex.pos=+85.07 wrist_roll.pos=+6.91 gripper.pos=+7.65
DEBUG 2026-09-03 09:17:19 [action #352] t=13.78s step=351 queue=22 dmax=0.861 | shoulder_pan.pos=+32.58 shoulder_lift.pos=-3.40 elbow_flex.pos=-9.04 wrist_flex.pos=+84.21 wrist_roll.pos=+7.08 gripper.pos=+7.45
DEBUG 2026-09-03 09:17:19 [action #353] t=13.81s step=352 queue=21 dmax=0.984 | shoulder_pan.pos=+32.56 shoulder_lift.pos=-3.21 elbow_flex.pos=-8.70 wrist_flex.pos=+83.23 wrist_roll.pos=+6.98 gripper.pos=+7.55
DEBUG 2026-09-03 09:17:19 [action #354] t=13.84s step=353 queue=20 dmax=1.059 | shoulder_pan.pos=+32.94 shoulder_lift.pos=-3.33 elbow_flex.pos=-7.76 wrist_flex.pos=+82.17 wrist_roll.pos=+7.15 gripper.pos=+7.67
DEBUG 2026-09-03 09:17:19 [action #355] t=13.88s step=354 queue=19 dmax=1.402 | shoulder_pan.pos=+32.96 shoulder_lift.pos=-3.88 elbow_flex.pos=-6.36 wrist_flex.pos=+81.04 wrist_roll.pos=+7.13 gripper.pos=+7.57
DEBUG 2026-09-03 09:17:19 [action #356] t=13.91s step=355 queue=18 dmax=0.951 | shoulder_pan.pos=+33.43 shoulder_lift.pos=-3.55 elbow_flex.pos=-5.43 wrist_flex.pos=+80.09 wrist_roll.pos=+7.28 gripper.pos=+7.37
DEBUG 2026-09-03 09:17:19 [action #357] t=13.94s step=356 queue=17 dmax=1.447 | shoulder_pan.pos=+33.65 shoulder_lift.pos=-3.65 elbow_flex.pos=-5.15 wrist_flex.pos=+78.64 wrist_roll.pos=+7.57 gripper.pos=+7.50
DEBUG 2026-09-03 09:17:19 [action #358] t=13.98s step=357 queue=16 dmax=1.108 | shoulder_pan.pos=+33.97 shoulder_lift.pos=-4.10 elbow_flex.pos=-4.05 wrist_flex.pos=+77.53 wrist_roll.pos=+7.71 gripper.pos=+7.47
DEBUG 2026-09-03 09:17:19 [action #359] t=14.01s step=358 queue=15 dmax=1.366 | shoulder_pan.pos=+34.81 shoulder_lift.pos=-4.05 elbow_flex.pos=-2.88 wrist_flex.pos=+76.17 wrist_roll.pos=+8.10 gripper.pos=+7.62
DEBUG 2026-09-03 09:17:19 [action #360] t=14.04s step=359 queue=14 dmax=1.418 | shoulder_pan.pos=+34.85 shoulder_lift.pos=-4.20 elbow_flex.pos=-2.72 wrist_flex.pos=+74.75 wrist_roll.pos=+8.19 gripper.pos=+7.52
DEBUG 2026-09-03 09:17:19 [action #361] t=14.08s step=360 queue=13 dmax=1.385 | shoulder_pan.pos=+35.71 shoulder_lift.pos=-5.35 elbow_flex.pos=-2.52 wrist_flex.pos=+73.37 wrist_roll.pos=+8.47 gripper.pos=+7.43
DEBUG 2026-09-03 09:17:19 [action #362] t=14.11s step=361 queue=12 dmax=1.684 | shoulder_pan.pos=+35.63 shoulder_lift.pos=-4.59 elbow_flex.pos=-0.83 wrist_flex.pos=+72.28 wrist_roll.pos=+8.50 gripper.pos=+7.56
DEBUG 2026-09-03 09:17:19 [action #363] t=14.14s step=362 queue=11 dmax=1.332 | shoulder_pan.pos=+35.86 shoulder_lift.pos=-4.67 elbow_flex.pos=+0.05 wrist_flex.pos=+70.94 wrist_roll.pos=+8.45 gripper.pos=+7.63
DEBUG 2026-09-03 09:17:19 [action #364] t=14.18s step=363 queue=10 dmax=1.069 | shoulder_pan.pos=+36.09 shoulder_lift.pos=-4.43 elbow_flex.pos=+1.12 wrist_flex.pos=+69.97 wrist_roll.pos=+8.34 gripper.pos=+7.62
DEBUG 2026-09-03 09:17:19 [action #365] t=14.21s step=364 queue=9 dmax=1.206 | shoulder_pan.pos=+36.30 shoulder_lift.pos=-4.91 elbow_flex.pos=+1.45 wrist_flex.pos=+68.77 wrist_roll.pos=+8.47 gripper.pos=+7.58
DEBUG 2026-09-03 09:17:19 [action #366] t=14.24s step=365 queue=8 dmax=1.047 | shoulder_pan.pos=+36.43 shoulder_lift.pos=-4.82 elbow_flex.pos=+2.05 wrist_flex.pos=+67.72 wrist_roll.pos=+8.47 gripper.pos=+7.66
DEBUG 2026-09-03 09:17:20 [action #367] t=14.28s step=366 queue=7 dmax=1.097 | shoulder_pan.pos=+36.47 shoulder_lift.pos=-4.74 elbow_flex.pos=+3.15 wrist_flex.pos=+66.71 wrist_roll.pos=+8.41 gripper.pos=+7.61
DEBUG 2026-09-03 09:17:20 [action #368] t=14.31s step=367 queue=6 dmax=0.745 | shoulder_pan.pos=+37.06 shoulder_lift.pos=-4.07 elbow_flex.pos=+2.55 wrist_flex.pos=+65.96 wrist_roll.pos=+8.32 gripper.pos=+7.63
DEBUG 2026-09-03 09:17:20 [action #369] t=14.34s step=368 queue=5 dmax=1.184 | shoulder_pan.pos=+36.81 shoulder_lift.pos=-4.54 elbow_flex.pos=+3.37 wrist_flex.pos=+64.78 wrist_roll.pos=+8.47 gripper.pos=+7.61
DEBUG 2026-09-03 09:17:20 [chunk] received 50 actions, timesteps 346..395 | first: shoulder_pan.pos=+30.42 shoulder_lift.pos=-11.95 elbow_flex.pos=-1.07 wrist_flex.pos=+79.52 wrist_roll.pos=+6.33 gripper.pos=+7.56 | last: shoulder_pan.pos=+34.63 shoulder_lift.pos=+4.23 elbow_flex.pos=+9.98 wrist_flex.pos=+65.84 wrist_roll.pos=+7.60 gripper.pos=+34.70
DEBUG 2026-09-03 09:17:20 [action #370] t=14.38s step=369 queue=27 dmax=7.192 | shoulder_pan.pos=+36.21 shoulder_lift.pos=-3.89 elbow_flex.pos=+10.56 wrist_flex.pos=+60.29 wrist_roll.pos=+7.43 gripper.pos=+7.71
DEBUG 2026-09-03 09:17:20 [action #371] t=14.41s step=370 queue=26 dmax=0.521 | shoulder_pan.pos=+36.13 shoulder_lift.pos=-4.30 elbow_flex.pos=+11.08 wrist_flex.pos=+60.01 wrist_roll.pos=+7.60 gripper.pos=+7.93
DEBUG 2026-09-03 09:17:20 [action #372] t=14.45s step=371 queue=25 dmax=0.960 | shoulder_pan.pos=+36.25 shoulder_lift.pos=-3.33 elbow_flex.pos=+10.47 wrist_flex.pos=+59.49 wrist_roll.pos=+7.47 gripper.pos=+7.96
DEBUG 2026-09-03 09:17:20 [action #373] t=14.48s step=372 queue=24 dmax=0.896 | shoulder_pan.pos=+36.25 shoulder_lift.pos=-2.54 elbow_flex.pos=+11.36 wrist_flex.pos=+58.96 wrist_roll.pos=+7.48 gripper.pos=+7.97
DEBUG 2026-09-03 09:17:20 [action #374] t=14.51s step=373 queue=23 dmax=2.042 | shoulder_pan.pos=+35.64 shoulder_lift.pos=-1.81 elbow_flex.pos=+13.40 wrist_flex.pos=+57.77 wrist_roll.pos=+6.91 gripper.pos=+7.89
DEBUG 2026-09-03 09:17:20 [action #375] t=14.55s step=374 queue=22 dmax=0.367 | shoulder_pan.pos=+35.59 shoulder_lift.pos=-1.58 elbow_flex.pos=+13.61 wrist_flex.pos=+57.40 wrist_roll.pos=+6.77 gripper.pos=+7.81
DEBUG 2026-09-03 09:17:20 [action #376] t=14.58s step=375 queue=21 dmax=0.246 | shoulder_pan.pos=+35.78 shoulder_lift.pos=-1.33 elbow_flex.pos=+13.70 wrist_flex.pos=+57.61 wrist_roll.pos=+6.66 gripper.pos=+7.70
DEBUG 2026-09-03 09:17:20 [action #377] t=14.61s step=376 queue=20 dmax=0.689 | shoulder_pan.pos=+35.48 shoulder_lift.pos=-0.64 elbow_flex.pos=+13.32 wrist_flex.pos=+57.72 wrist_roll.pos=+6.58 gripper.pos=+7.87
DEBUG 2026-09-03 09:17:20 [action #378] t=14.65s step=377 queue=19 dmax=1.146 | shoulder_pan.pos=+35.74 shoulder_lift.pos=+0.51 elbow_flex.pos=+13.82 wrist_flex.pos=+57.68 wrist_roll.pos=+6.66 gripper.pos=+8.03
DEBUG 2026-09-03 09:17:20 [action #379] t=14.68s step=378 queue=18 dmax=0.873 | shoulder_pan.pos=+35.86 shoulder_lift.pos=+1.12 elbow_flex.pos=+14.02 wrist_flex.pos=+58.11 wrist_roll.pos=+6.69 gripper.pos=+8.90
DEBUG 2026-09-03 09:17:20 [action #380] t=14.71s step=379 queue=17 dmax=1.559 | shoulder_pan.pos=+35.85 shoulder_lift.pos=+1.22 elbow_flex.pos=+12.92 wrist_flex.pos=+58.50 wrist_roll.pos=+6.76 gripper.pos=+10.46
DEBUG 2026-09-03 09:17:20 [action #381] t=14.75s step=380 queue=16 dmax=2.410 | shoulder_pan.pos=+35.50 shoulder_lift.pos=+1.57 elbow_flex.pos=+12.55 wrist_flex.pos=+58.45 wrist_roll.pos=+6.72 gripper.pos=+12.87
DEBUG 2026-09-03 09:17:20 [action #382] t=14.78s step=381 queue=15 dmax=2.625 | shoulder_pan.pos=+35.39 shoulder_lift.pos=+2.38 elbow_flex.pos=+12.55 wrist_flex.pos=+58.65 wrist_roll.pos=+6.61 gripper.pos=+15.50
DEBUG 2026-09-03 09:17:20 [action #383] t=14.81s step=382 queue=14 dmax=2.216 | shoulder_pan.pos=+35.57 shoulder_lift.pos=+2.75 elbow_flex.pos=+12.00 wrist_flex.pos=+58.95 wrist_roll.pos=+6.81 gripper.pos=+17.71
DEBUG 2026-09-03 09:17:20 [action #384] t=14.85s step=383 queue=13 dmax=2.105 | shoulder_pan.pos=+35.61 shoulder_lift.pos=+3.00 elbow_flex.pos=+11.94 wrist_flex.pos=+59.37 wrist_roll.pos=+6.83 gripper.pos=+19.82
DEBUG 2026-09-03 09:17:20 [action #385] t=14.88s step=384 queue=12 dmax=1.811 | shoulder_pan.pos=+35.58 shoulder_lift.pos=+3.46 elbow_flex.pos=+11.77 wrist_flex.pos=+59.65 wrist_roll.pos=+6.81 gripper.pos=+21.63
DEBUG 2026-09-03 09:17:20 [action #386] t=14.91s step=385 queue=11 dmax=1.592 | shoulder_pan.pos=+35.68 shoulder_lift.pos=+3.05 elbow_flex.pos=+10.62 wrist_flex.pos=+60.14 wrist_roll.pos=+6.75 gripper.pos=+23.22
DEBUG 2026-09-03 09:17:20 [action #387] t=14.95s step=386 queue=10 dmax=2.018 | shoulder_pan.pos=+35.49 shoulder_lift.pos=+4.38 elbow_flex.pos=+10.92 wrist_flex.pos=+60.17 wrist_roll.pos=+6.87 gripper.pos=+25.24
DEBUG 2026-09-03 09:17:20 [action #388] t=14.98s step=387 queue=9 dmax=2.020 | shoulder_pan.pos=+35.58 shoulder_lift.pos=+3.48 elbow_flex.pos=+10.69 wrist_flex.pos=+60.89 wrist_roll.pos=+7.04 gripper.pos=+27.26
DEBUG 2026-09-03 09:17:20 [action #389] t=15.01s step=388 queue=8 dmax=2.024 | shoulder_pan.pos=+35.21 shoulder_lift.pos=+4.34 elbow_flex.pos=+10.49 wrist_flex.pos=+61.23 wrist_roll.pos=+7.13 gripper.pos=+29.28
DEBUG 2026-09-03 09:17:20 [action #390] t=15.05s step=389 queue=7 dmax=1.885 | shoulder_pan.pos=+35.26 shoulder_lift.pos=+4.71 elbow_flex.pos=+10.34 wrist_flex.pos=+61.65 wrist_roll.pos=+7.25 gripper.pos=+31.17
DEBUG 2026-09-03 09:17:20 [action #391] t=15.08s step=390 queue=6 dmax=1.365 | shoulder_pan.pos=+35.33 shoulder_lift.pos=+4.53 elbow_flex.pos=+10.12 wrist_flex.pos=+62.20 wrist_roll.pos=+7.18 gripper.pos=+32.53
DEBUG 2026-09-03 09:17:20 [action #392] t=15.11s step=391 queue=5 dmax=1.050 | shoulder_pan.pos=+35.13 shoulder_lift.pos=+5.08 elbow_flex.pos=+9.52 wrist_flex.pos=+62.92 wrist_roll.pos=+7.33 gripper.pos=+33.58
DEBUG 2026-09-03 09:17:20 [action #393] t=15.15s step=392 queue=4 dmax=1.493 | shoulder_pan.pos=+35.10 shoulder_lift.pos=+4.77 elbow_flex.pos=+11.01 wrist_flex.pos=+63.33 wrist_roll.pos=+7.28 gripper.pos=+33.94
DEBUG 2026-09-03 09:17:20 [action #394] t=15.18s step=393 queue=3 dmax=1.297 | shoulder_pan.pos=+34.93 shoulder_lift.pos=+4.69 elbow_flex.pos=+9.72 wrist_flex.pos=+64.15 wrist_roll.pos=+7.47 gripper.pos=+34.36
DEBUG 2026-09-03 09:17:20 [chunk] received 50 actions, timesteps 368..417 | first: shoulder_pan.pos=+32.58 shoulder_lift.pos=-5.97 elbow_flex.pos=+5.31 wrist_flex.pos=+67.25 wrist_roll.pos=+8.30 gripper.pos=+7.76 | last: shoulder_pan.pos=+30.65 shoulder_lift.pos=-5.63 elbow_flex.pos=+10.54 wrist_flex.pos=+74.91 wrist_roll.pos=+9.58 gripper.pos=+34.04
DEBUG 2026-09-03 09:17:20 [action #395] t=15.21s step=394 queue=24 dmax=13.130 | shoulder_pan.pos=+34.57 shoulder_lift.pos=-1.67 elbow_flex.pos=+15.97 wrist_flex.pos=+57.69 wrist_roll.pos=+7.36 gripper.pos=+21.23
DEBUG 2026-09-03 09:17:20 [action #396] t=15.25s step=395 queue=23 dmax=2.106 | shoulder_pan.pos=+34.36 shoulder_lift.pos=-1.05 elbow_flex.pos=+16.06 wrist_flex.pos=+58.14 wrist_roll.pos=+7.43 gripper.pos=+23.33
DEBUG 2026-09-03 09:17:21 [action #397] t=15.28s step=396 queue=22 dmax=3.092 | shoulder_pan.pos=+34.33 shoulder_lift.pos=-2.84 elbow_flex.pos=+19.15 wrist_flex.pos=+55.28 wrist_roll.pos=+7.44 gripper.pos=+21.12
DEBUG 2026-09-03 09:17:21 [action #398] t=15.31s step=397 queue=21 dmax=2.409 | shoulder_pan.pos=+34.57 shoulder_lift.pos=-2.60 elbow_flex.pos=+18.57 wrist_flex.pos=+56.09 wrist_roll.pos=+7.50 gripper.pos=+23.53
DEBUG 2026-09-03 09:17:21 [action #399] t=15.35s step=398 queue=20 dmax=1.917 | shoulder_pan.pos=+34.65 shoulder_lift.pos=-2.24 elbow_flex.pos=+18.78 wrist_flex.pos=+56.41 wrist_roll.pos=+7.62 gripper.pos=+25.45
DEBUG 2026-09-03 09:17:21 [action #400] t=15.38s step=399 queue=19 dmax=1.870 | shoulder_pan.pos=+34.45 shoulder_lift.pos=-1.80 elbow_flex.pos=+18.60 wrist_flex.pos=+57.36 wrist_roll.pos=+7.68 gripper.pos=+27.32
DEBUG 2026-09-03 09:17:21 [action #401] t=15.41s step=400 queue=18 dmax=1.795 | shoulder_pan.pos=+34.41 shoulder_lift.pos=-1.65 elbow_flex.pos=+17.67 wrist_flex.pos=+58.00 wrist_roll.pos=+7.80 gripper.pos=+29.11
DEBUG 2026-09-03 09:17:21 [action #402] t=15.45s step=401 queue=17 dmax=1.601 | shoulder_pan.pos=+34.33 shoulder_lift.pos=-0.93 elbow_flex.pos=+18.06 wrist_flex.pos=+58.68 wrist_roll.pos=+7.97 gripper.pos=+30.71
DEBUG 2026-09-03 09:17:21 [action #403] t=15.48s step=402 queue=16 dmax=1.488 | shoulder_pan.pos=+34.11 shoulder_lift.pos=-0.72 elbow_flex.pos=+18.21 wrist_flex.pos=+59.31 wrist_roll.pos=+8.14 gripper.pos=+32.20
DEBUG 2026-09-03 09:17:21 [action #404] t=15.52s step=403 queue=15 dmax=1.081 | shoulder_pan.pos=+34.32 shoulder_lift.pos=-0.52 elbow_flex.pos=+17.54 wrist_flex.pos=+60.03 wrist_roll.pos=+8.28 gripper.pos=+33.28
DEBUG 2026-09-03 09:17:21 [action #405] t=15.55s step=404 queue=14 dmax=0.771 | shoulder_pan.pos=+34.00 shoulder_lift.pos=-0.32 elbow_flex.pos=+17.71 wrist_flex.pos=+60.80 wrist_roll.pos=+8.38 gripper.pos=+33.95
DEBUG 2026-09-03 09:17:21 [action #406] t=15.58s step=405 queue=13 dmax=0.678 | shoulder_pan.pos=+34.12 shoulder_lift.pos=-0.41 elbow_flex.pos=+17.73 wrist_flex.pos=+61.48 wrist_roll.pos=+8.54 gripper.pos=+34.41
DEBUG 2026-09-03 09:17:21 [action #407] t=15.62s step=406 queue=12 dmax=0.679 | shoulder_pan.pos=+33.98 shoulder_lift.pos=-0.01 elbow_flex.pos=+17.26 wrist_flex.pos=+62.15 wrist_roll.pos=+8.64 gripper.pos=+34.65
DEBUG 2026-09-03 09:17:21 [action #408] t=15.65s step=407 queue=11 dmax=0.895 | shoulder_pan.pos=+33.84 shoulder_lift.pos=-0.20 elbow_flex.pos=+17.22 wrist_flex.pos=+63.05 wrist_roll.pos=+8.87 gripper.pos=+34.92
DEBUG 2026-09-03 09:17:21 [action #409] t=15.68s step=408 queue=10 dmax=0.904 | shoulder_pan.pos=+33.72 shoulder_lift.pos=+0.05 elbow_flex.pos=+16.99 wrist_flex.pos=+63.95 wrist_roll.pos=+8.92 gripper.pos=+35.08
DEBUG 2026-09-03 09:17:21 [action #410] t=15.72s step=409 queue=9 dmax=1.074 | shoulder_pan.pos=+33.63 shoulder_lift.pos=-0.67 elbow_flex.pos=+16.30 wrist_flex.pos=+65.03 wrist_roll.pos=+9.10 gripper.pos=+35.05
DEBUG 2026-09-03 09:17:21 [action #411] t=15.75s step=410 queue=8 dmax=1.181 | shoulder_pan.pos=+33.31 shoulder_lift.pos=-0.90 elbow_flex.pos=+15.46 wrist_flex.pos=+66.21 wrist_roll.pos=+9.31 gripper.pos=+34.99
DEBUG 2026-09-03 09:17:21 [action #412] t=15.78s step=411 queue=7 dmax=1.314 | shoulder_pan.pos=+33.15 shoulder_lift.pos=-1.54 elbow_flex.pos=+15.07 wrist_flex.pos=+67.52 wrist_roll.pos=+9.37 gripper.pos=+34.94
DEBUG 2026-09-03 09:17:21 [action #413] t=15.82s step=412 queue=6 dmax=1.259 | shoulder_pan.pos=+32.62 shoulder_lift.pos=-2.24 elbow_flex.pos=+14.39 wrist_flex.pos=+68.78 wrist_roll.pos=+9.49 gripper.pos=+34.60
DEBUG 2026-09-03 09:17:21 [action #414] t=15.85s step=413 queue=5 dmax=1.238 | shoulder_pan.pos=+32.38 shoulder_lift.pos=-3.02 elbow_flex.pos=+13.76 wrist_flex.pos=+70.02 wrist_roll.pos=+9.58 gripper.pos=+34.56
DEBUG 2026-09-03 09:17:21 [action #415] t=15.88s step=414 queue=4 dmax=1.176 | shoulder_pan.pos=+31.91 shoulder_lift.pos=-3.65 elbow_flex.pos=+13.63 wrist_flex.pos=+71.19 wrist_roll.pos=+9.52 gripper.pos=+34.57
DEBUG 2026-09-03 09:17:21 [action #416] t=15.92s step=415 queue=3 dmax=1.314 | shoulder_pan.pos=+31.68 shoulder_lift.pos=-4.97 elbow_flex.pos=+12.82 wrist_flex.pos=+72.40 wrist_roll.pos=+9.61 gripper.pos=+34.52
DEBUG 2026-09-03 09:17:21 [action #417] t=15.95s step=416 queue=2 dmax=1.463 | shoulder_pan.pos=+31.17 shoulder_lift.pos=-5.15 elbow_flex.pos=+11.36 wrist_flex.pos=+73.60 wrist_roll.pos=+9.65 gripper.pos=+34.41
DEBUG 2026-09-03 09:17:21 [action #418] t=15.98s step=417 queue=1 dmax=1.309 | shoulder_pan.pos=+30.65 shoulder_lift.pos=-5.63 elbow_flex.pos=+10.54 wrist_flex.pos=+74.91 wrist_roll.pos=+9.58 gripper.pos=+34.04
DEBUG 2026-09-03 09:17:21 [chunk] received 50 actions, timesteps 393..442 | first: shoulder_pan.pos=+31.49 shoulder_lift.pos=-0.31 elbow_flex.pos=+13.51 wrist_flex.pos=+61.87 wrist_roll.pos=+7.75 gripper.pos=+35.09 | last: shoulder_pan.pos=+2.45 shoulder_lift.pos=-63.99 elbow_flex.pos=+45.86 wrist_flex.pos=+78.85 wrist_roll.pos=+8.53 gripper.pos=+1.04
DEBUG 2026-09-03 09:17:21 [action #419] t=16.15s step=418 queue=25 dmax=19.543 | shoulder_pan.pos=+24.51 shoulder_lift.pos=-25.18 elbow_flex.pos=+15.66 wrist_flex.pos=+84.26 wrist_roll.pos=+10.66 gripper.pos=+38.81
DEBUG 2026-09-03 09:17:21 [action #420] t=16.18s step=419 queue=24 dmax=2.076 | shoulder_pan.pos=+23.97 shoulder_lift.pos=-27.25 elbow_flex.pos=+15.86 wrist_flex.pos=+84.85 wrist_roll.pos=+10.71 gripper.pos=+38.84
DEBUG 2026-09-03 09:17:21 [action #421] t=16.22s step=420 queue=23 dmax=0.686 | shoulder_pan.pos=+23.29 shoulder_lift.pos=-27.62 elbow_flex.pos=+16.48 wrist_flex.pos=+85.05 wrist_roll.pos=+10.52 gripper.pos=+39.08
DEBUG 2026-09-03 09:17:21 [action #422] t=16.25s step=421 queue=22 dmax=2.853 | shoulder_pan.pos=+22.43 shoulder_lift.pos=-30.47 elbow_flex.pos=+17.52 wrist_flex.pos=+85.86 wrist_roll.pos=+10.61 gripper.pos=+39.21
DEBUG 2026-09-03 09:17:22 [action #423] t=16.28s step=422 queue=21 dmax=1.315 | shoulder_pan.pos=+21.60 shoulder_lift.pos=-31.79 elbow_flex.pos=+17.98 wrist_flex.pos=+86.46 wrist_roll.pos=+10.57 gripper.pos=+39.18
DEBUG 2026-09-03 09:17:22 [action #424] t=16.32s step=423 queue=20 dmax=1.474 | shoulder_pan.pos=+20.39 shoulder_lift.pos=-33.26 elbow_flex.pos=+18.44 wrist_flex.pos=+86.80 wrist_roll.pos=+10.49 gripper.pos=+39.17
DEBUG 2026-09-03 09:17:22 [action #425] t=16.35s step=424 queue=19 dmax=1.631 | shoulder_pan.pos=+19.17 shoulder_lift.pos=-34.89 elbow_flex.pos=+19.65 wrist_flex.pos=+87.03 wrist_roll.pos=+10.40 gripper.pos=+38.56
DEBUG 2026-09-03 09:17:22 [action #426] t=16.38s step=425 queue=18 dmax=1.336 | shoulder_pan.pos=+18.21 shoulder_lift.pos=-36.20 elbow_flex.pos=+19.73 wrist_flex.pos=+87.22 wrist_roll.pos=+10.17 gripper.pos=+37.23
DEBUG 2026-09-03 09:17:22 [action #427] t=16.42s step=426 queue=17 dmax=3.299 | shoulder_pan.pos=+17.43 shoulder_lift.pos=-37.29 elbow_flex.pos=+20.47 wrist_flex.pos=+87.36 wrist_roll.pos=+9.91 gripper.pos=+33.93
DEBUG 2026-09-03 09:17:22 [action #428] t=16.45s step=427 queue=16 dmax=4.541 | shoulder_pan.pos=+16.15 shoulder_lift.pos=-39.10 elbow_flex.pos=+21.92 wrist_flex.pos=+87.60 wrist_roll.pos=+9.67 gripper.pos=+29.39
DEBUG 2026-09-03 09:17:22 [action #429] t=16.48s step=428 queue=15 dmax=5.157 | shoulder_pan.pos=+14.78 shoulder_lift.pos=-40.92 elbow_flex.pos=+23.69 wrist_flex.pos=+87.51 wrist_roll.pos=+9.67 gripper.pos=+24.23
DEBUG 2026-09-03 09:17:22 [action #430] t=16.52s step=429 queue=14 dmax=5.356 | shoulder_pan.pos=+13.91 shoulder_lift.pos=-41.49 elbow_flex.pos=+24.82 wrist_flex.pos=+87.40 wrist_roll.pos=+9.77 gripper.pos=+18.88
DEBUG 2026-09-03 09:17:22 [action #431] t=16.55s step=430 queue=13 dmax=4.684 | shoulder_pan.pos=+12.58 shoulder_lift.pos=-42.62 elbow_flex.pos=+25.50 wrist_flex.pos=+86.73 wrist_roll.pos=+9.86 gripper.pos=+14.19
DEBUG 2026-09-03 09:17:22 [action #432] t=16.59s step=431 queue=12 dmax=4.198 | shoulder_pan.pos=+11.54 shoulder_lift.pos=-44.92 elbow_flex.pos=+26.47 wrist_flex.pos=+86.38 wrist_roll.pos=+9.96 gripper.pos=+9.99
DEBUG 2026-09-03 09:17:22 [action #433] t=16.62s step=432 queue=11 dmax=3.254 | shoulder_pan.pos=+10.57 shoulder_lift.pos=-46.82 elbow_flex.pos=+28.74 wrist_flex.pos=+85.79 wrist_roll.pos=+9.85 gripper.pos=+6.74
DEBUG 2026-09-03 09:17:22 [action #434] t=16.65s step=433 queue=10 dmax=2.556 | shoulder_pan.pos=+9.74 shoulder_lift.pos=-48.00 elbow_flex.pos=+29.50 wrist_flex.pos=+85.17 wrist_roll.pos=+10.07 gripper.pos=+4.18
DEBUG 2026-09-03 09:17:22 [action #435] t=16.69s step=434 queue=9 dmax=1.917 | shoulder_pan.pos=+8.73 shoulder_lift.pos=-49.76 elbow_flex.pos=+31.42 wrist_flex.pos=+84.68 wrist_roll.pos=+10.11 gripper.pos=+2.44
DEBUG 2026-09-03 09:17:22 [action #436] t=16.72s step=435 queue=8 dmax=1.680 | shoulder_pan.pos=+7.84 shoulder_lift.pos=-50.92 elbow_flex.pos=+33.10 wrist_flex.pos=+84.17 wrist_roll.pos=+9.92 gripper.pos=+1.77
DEBUG 2026-09-03 09:17:22 [action #437] t=16.75s step=436 queue=7 dmax=1.735 | shoulder_pan.pos=+7.10 shoulder_lift.pos=-52.65 elbow_flex.pos=+34.30 wrist_flex.pos=+83.56 wrist_roll.pos=+9.71 gripper.pos=+1.54
DEBUG 2026-09-03 09:17:22 [action #438] t=16.79s step=437 queue=6 dmax=1.817 | shoulder_pan.pos=+6.22 shoulder_lift.pos=-54.47 elbow_flex.pos=+36.08 wrist_flex.pos=+82.71 wrist_roll.pos=+9.49 gripper.pos=+1.41
DEBUG 2026-09-03 09:17:22 [action #439] t=16.82s step=438 queue=5 dmax=1.876 | shoulder_pan.pos=+5.52 shoulder_lift.pos=-56.24 elbow_flex.pos=+37.96 wrist_flex.pos=+81.80 wrist_roll.pos=+9.30 gripper.pos=+1.41
DEBUG 2026-09-03 09:17:22 [action #440] t=16.85s step=439 queue=4 dmax=1.890 | shoulder_pan.pos=+4.53 shoulder_lift.pos=-58.06 elbow_flex.pos=+39.85 wrist_flex.pos=+80.94 wrist_roll.pos=+9.00 gripper.pos=+1.40
DEBUG 2026-09-03 09:17:22 [action #441] t=16.89s step=440 queue=3 dmax=1.897 | shoulder_pan.pos=+3.73 shoulder_lift.pos=-59.53 elbow_flex.pos=+41.75 wrist_flex.pos=+80.03 wrist_roll.pos=+8.79 gripper.pos=+1.41
DEBUG 2026-09-03 09:17:22 [action #442] t=16.92s step=441 queue=2 dmax=2.263 | shoulder_pan.pos=+2.98 shoulder_lift.pos=-61.79 elbow_flex.pos=+44.00 wrist_flex.pos=+79.45 wrist_roll.pos=+8.65 gripper.pos=+1.13
DEBUG 2026-09-03 09:17:22 [action #443] t=16.95s step=442 queue=1 dmax=2.203 | shoulder_pan.pos=+2.45 shoulder_lift.pos=-63.99 elbow_flex.pos=+45.86 wrist_flex.pos=+78.85 wrist_roll.pos=+8.53 gripper.pos=+1.04
DEBUG 2026-09-03 09:17:22 [chunk] received 50 actions, timesteps 417..466 | first: shoulder_pan.pos=+30.31 shoulder_lift.pos=-9.67 elbow_flex.pos=+13.35 wrist_flex.pos=+74.40 wrist_roll.pos=+9.10 gripper.pos=+35.37 | last: shoulder_pan.pos=+1.81 shoulder_lift.pos=-92.88 elbow_flex.pos=+68.48 wrist_flex.pos=+70.58 wrist_roll.pos=+4.26 gripper.pos=+0.16
DEBUG 2026-09-03 09:17:22 [action #444] t=16.99s step=443 queue=24 dmax=14.732 | shoulder_pan.pos=+9.04 shoulder_lift.pos=-49.26 elbow_flex.pos=+32.90 wrist_flex.pos=+81.89 wrist_roll.pos=+9.02 gripper.pos=-0.68
DEBUG 2026-09-03 09:17:22 [action #445] t=17.02s step=444 queue=23 dmax=2.933 | shoulder_pan.pos=+8.18 shoulder_lift.pos=-52.19 elbow_flex.pos=+34.44 wrist_flex.pos=+81.30 wrist_roll.pos=+9.16 gripper.pos=-1.76
DEBUG 2026-09-03 09:17:22 [action #446] t=17.05s step=445 queue=22 dmax=1.435 | shoulder_pan.pos=+7.72 shoulder_lift.pos=-53.14 elbow_flex.pos=+35.87 wrist_flex.pos=+80.63 wrist_roll.pos=+9.02 gripper.pos=-0.67
DEBUG 2026-09-03 09:17:22 [action #447] t=17.09s step=446 queue=21 dmax=1.204 | shoulder_pan.pos=+7.45 shoulder_lift.pos=-54.34 elbow_flex.pos=+37.08 wrist_flex.pos=+79.72 wrist_roll.pos=+9.19 gripper.pos=-0.25
DEBUG 2026-09-03 09:17:22 [action #448] t=17.12s step=447 queue=20 dmax=1.684 | shoulder_pan.pos=+7.00 shoulder_lift.pos=-55.26 elbow_flex.pos=+38.76 wrist_flex.pos=+79.03 wrist_roll.pos=+9.13 gripper.pos=+0.24
DEBUG 2026-09-03 09:17:22 [action #449] t=17.15s step=448 queue=19 dmax=2.585 | shoulder_pan.pos=+6.69 shoulder_lift.pos=-57.85 elbow_flex.pos=+40.84 wrist_flex.pos=+78.11 wrist_roll.pos=+9.30 gripper.pos=+0.42
DEBUG 2026-09-03 09:17:22 [action #450] t=17.19s step=449 queue=18 dmax=1.516 | shoulder_pan.pos=+6.38 shoulder_lift.pos=-58.11 elbow_flex.pos=+42.36 wrist_flex.pos=+77.20 wrist_roll.pos=+9.30 gripper.pos=+0.64
DEBUG 2026-09-03 09:17:22 [action #451] t=17.22s step=450 queue=17 dmax=2.038 | shoulder_pan.pos=+6.19 shoulder_lift.pos=-60.14 elbow_flex.pos=+44.14 wrist_flex.pos=+76.16 wrist_roll.pos=+9.53 gripper.pos=+0.64
DEBUG 2026-09-03 09:17:22 [action #452] t=17.25s step=451 queue=16 dmax=1.293 | shoulder_pan.pos=+5.77 shoulder_lift.pos=-61.14 elbow_flex.pos=+45.43 wrist_flex.pos=+75.19 wrist_roll.pos=+9.48 gripper.pos=+0.74
DEBUG 2026-09-03 09:17:23 [action #453] t=17.29s step=452 queue=15 dmax=2.707 | shoulder_pan.pos=+5.36 shoulder_lift.pos=-63.85 elbow_flex.pos=+47.65 wrist_flex.pos=+74.33 wrist_roll.pos=+9.51 gripper.pos=+0.74
DEBUG 2026-09-03 09:17:23 [action #454] t=17.32s step=453 queue=14 dmax=1.994 | shoulder_pan.pos=+5.04 shoulder_lift.pos=-65.84 elbow_flex.pos=+49.19 wrist_flex.pos=+73.70 wrist_roll.pos=+9.67 gripper.pos=+0.92
DEBUG 2026-09-03 09:17:23 [action #455] t=17.35s step=454 queue=13 dmax=1.686 | shoulder_pan.pos=+4.82 shoulder_lift.pos=-67.53 elbow_flex.pos=+50.58 wrist_flex.pos=+72.98 wrist_roll.pos=+9.51 gripper.pos=+0.97
DEBUG 2026-09-03 09:17:23 [action #456] t=17.39s step=455 queue=12 dmax=2.238 | shoulder_pan.pos=+4.39 shoulder_lift.pos=-69.06 elbow_flex.pos=+52.82 wrist_flex.pos=+72.44 wrist_roll.pos=+9.43 gripper.pos=+0.97
DEBUG 2026-09-03 09:17:23 [action #457] t=17.42s step=456 queue=11 dmax=1.814 | shoulder_pan.pos=+4.06 shoulder_lift.pos=-70.87 elbow_flex.pos=+54.02 wrist_flex.pos=+72.13 wrist_roll.pos=+9.52 gripper.pos=+1.09
DEBUG 2026-09-03 09:17:23 [action #458] t=17.45s step=457 queue=10 dmax=1.973 | shoulder_pan.pos=+3.92 shoulder_lift.pos=-72.70 elbow_flex.pos=+55.99 wrist_flex.pos=+71.76 wrist_roll.pos=+9.46 gripper.pos=+1.05
DEBUG 2026-09-03 09:17:23 [action #459] t=17.49s step=458 queue=9 dmax=2.057 | shoulder_pan.pos=+3.66 shoulder_lift.pos=-74.76 elbow_flex.pos=+57.57 wrist_flex.pos=+71.43 wrist_roll.pos=+9.74 gripper.pos=+1.06
DEBUG 2026-09-03 09:17:23 [action #460] t=17.52s step=459 queue=8 dmax=1.906 | shoulder_pan.pos=+3.58 shoulder_lift.pos=-76.66 elbow_flex.pos=+59.42 wrist_flex.pos=+70.82 wrist_roll.pos=+9.42 gripper.pos=+0.99
DEBUG 2026-09-03 09:17:23 [action #461] t=17.55s step=460 queue=7 dmax=1.213 | shoulder_pan.pos=+3.23 shoulder_lift.pos=-77.87 elbow_flex.pos=+60.15 wrist_flex.pos=+70.45 wrist_roll.pos=+9.55 gripper.pos=+0.84
DEBUG 2026-09-03 09:17:23 [action #462] t=17.59s step=461 queue=6 dmax=2.640 | shoulder_pan.pos=+2.68 shoulder_lift.pos=-80.51 elbow_flex.pos=+62.09 wrist_flex.pos=+69.98 wrist_roll.pos=+9.40 gripper.pos=+0.81
DEBUG 2026-09-03 09:17:23 [action #463] t=17.62s step=462 queue=5 dmax=3.091 | shoulder_pan.pos=+2.54 shoulder_lift.pos=-83.61 elbow_flex.pos=+63.77 wrist_flex.pos=+69.96 wrist_roll.pos=+9.07 gripper.pos=+0.75
DEBUG 2026-09-03 09:17:23 [action #464] t=17.66s step=463 queue=4 dmax=2.242 | shoulder_pan.pos=+2.19 shoulder_lift.pos=-85.85 elbow_flex.pos=+65.31 wrist_flex.pos=+70.17 wrist_roll.pos=+8.11 gripper.pos=+0.28
DEBUG 2026-09-03 09:17:23 [action #465] t=17.69s step=464 queue=3 dmax=3.428 | shoulder_pan.pos=+1.74 shoulder_lift.pos=-89.28 elbow_flex.pos=+66.50 wrist_flex.pos=+70.20 wrist_roll.pos=+6.65 gripper.pos=+0.26
DEBUG 2026-09-03 09:17:23 [action #466] t=17.72s step=465 queue=2 dmax=2.373 | shoulder_pan.pos=+1.52 shoulder_lift.pos=-91.65 elbow_flex.pos=+68.46 wrist_flex.pos=+70.43 wrist_roll.pos=+5.56 gripper.pos=+0.19
DEBUG 2026-09-03 09:17:23 [action #467] t=17.76s step=466 queue=1 dmax=1.291 | shoulder_pan.pos=+1.81 shoulder_lift.pos=-92.88 elbow_flex.pos=+68.48 wrist_flex.pos=+70.58 wrist_roll.pos=+4.26 gripper.pos=+0.16
DEBUG 2026-09-03 09:17:23 [chunk] received 50 actions, timesteps 442..491 | first: shoulder_pan.pos=+3.78 shoulder_lift.pos=-59.85 elbow_flex.pos=+46.33 wrist_flex.pos=+77.61 wrist_roll.pos=+10.38 gripper.pos=+1.47 | last: shoulder_pan.pos=-4.26 shoulder_lift.pos=-103.45 elbow_flex.pos=+88.73 wrist_flex.pos=+77.52 wrist_roll.pos=-2.25 gripper.pos=+0.66
DEBUG 2026-09-03 09:17:23 [action #468] t=17.92s step=467 queue=25 dmax=10.048 | shoulder_pan.pos=-3.46 shoulder_lift.pos=-99.28 elbow_flex.pos=+78.53 wrist_flex.pos=+71.05 wrist_roll.pos=-2.28 gripper.pos=+0.85
DEBUG 2026-09-03 09:17:23 [action #469] t=17.96s step=468 queue=24 dmax=1.206 | shoulder_pan.pos=-3.76 shoulder_lift.pos=-100.35 elbow_flex.pos=+79.74 wrist_flex.pos=+72.16 wrist_roll.pos=-1.77 gripper.pos=+0.68
DEBUG 2026-09-03 09:17:23 [action #470] t=17.99s step=469 queue=23 dmax=1.563 | shoulder_pan.pos=-4.66 shoulder_lift.pos=-101.91 elbow_flex.pos=+80.04 wrist_flex.pos=+73.07 wrist_roll.pos=-1.61 gripper.pos=+0.43
DEBUG 2026-09-03 09:17:23 [action #471] t=18.02s step=470 queue=22 dmax=1.728 | shoulder_pan.pos=-4.84 shoulder_lift.pos=-101.99 elbow_flex.pos=+81.77 wrist_flex.pos=+73.36 wrist_roll.pos=-1.60 gripper.pos=+0.13
DEBUG 2026-09-03 09:17:23 [action #472] t=18.06s step=471 queue=21 dmax=1.165 | shoulder_pan.pos=-5.21 shoulder_lift.pos=-102.44 elbow_flex.pos=+82.93 wrist_flex.pos=+73.94 wrist_roll.pos=-1.51 gripper.pos=+0.29
DEBUG 2026-09-03 09:17:23 [action #473] t=18.09s step=472 queue=20 dmax=0.433 | shoulder_pan.pos=-4.85 shoulder_lift.pos=-102.87 elbow_flex.pos=+83.33 wrist_flex.pos=+74.36 wrist_roll.pos=-1.54 gripper.pos=+0.42
DEBUG 2026-09-03 09:17:23 [action #474] t=18.12s step=473 queue=19 dmax=0.288 | shoulder_pan.pos=-5.13 shoulder_lift.pos=-102.61 elbow_flex.pos=+83.32 wrist_flex.pos=+74.65 wrist_roll.pos=-1.38 gripper.pos=+0.53
DEBUG 2026-09-03 09:17:23 [action #475] t=18.16s step=474 queue=18 dmax=1.577 | shoulder_pan.pos=-4.99 shoulder_lift.pos=-102.45 elbow_flex.pos=+84.90 wrist_flex.pos=+75.20 wrist_roll.pos=-1.28 gripper.pos=+0.22
DEBUG 2026-09-03 09:17:23 [action #476] t=18.19s step=475 queue=17 dmax=0.812 | shoulder_pan.pos=-5.07 shoulder_lift.pos=-101.92 elbow_flex.pos=+84.09 wrist_flex.pos=+75.40 wrist_roll.pos=-1.30 gripper.pos=+0.39
DEBUG 2026-09-03 09:17:23 [action #477] t=18.22s step=476 queue=16 dmax=0.870 | shoulder_pan.pos=-4.60 shoulder_lift.pos=-102.24 elbow_flex.pos=+84.96 wrist_flex.pos=+75.89 wrist_roll.pos=-1.37 gripper.pos=+0.22
DEBUG 2026-09-03 09:17:23 [action #478] t=18.26s step=477 queue=15 dmax=0.232 | shoulder_pan.pos=-4.63 shoulder_lift.pos=-102.47 elbow_flex.pos=+84.99 wrist_flex.pos=+76.09 wrist_roll.pos=-1.27 gripper.pos=+0.39
DEBUG 2026-09-03 09:17:24 [action #479] t=18.29s step=478 queue=14 dmax=0.900 | shoulder_pan.pos=-4.16 shoulder_lift.pos=-102.60 elbow_flex.pos=+85.89 wrist_flex.pos=+76.05 wrist_roll.pos=-1.07 gripper.pos=+0.29
DEBUG 2026-09-03 09:17:24 [action #480] t=18.32s step=479 queue=13 dmax=1.181 | shoulder_pan.pos=-4.52 shoulder_lift.pos=-103.24 elbow_flex.pos=+87.07 wrist_flex.pos=+76.44 wrist_roll.pos=-0.93 gripper.pos=+0.36
DEBUG 2026-09-03 09:17:24 [action #481] t=18.36s step=480 queue=12 dmax=0.564 | shoulder_pan.pos=-4.18 shoulder_lift.pos=-102.68 elbow_flex.pos=+87.57 wrist_flex.pos=+76.48 wrist_roll.pos=-0.97 gripper.pos=+0.57
DEBUG 2026-09-03 09:17:24 [action #482] t=18.39s step=481 queue=11 dmax=0.525 | shoulder_pan.pos=-3.97 shoulder_lift.pos=-102.15 elbow_flex.pos=+87.59 wrist_flex.pos=+76.60 wrist_roll.pos=-0.82 gripper.pos=+0.37
DEBUG 2026-09-03 09:17:24 [action #483] t=18.42s step=482 queue=10 dmax=0.690 | shoulder_pan.pos=-4.03 shoulder_lift.pos=-102.84 elbow_flex.pos=+87.37 wrist_flex.pos=+77.05 wrist_roll.pos=-1.11 gripper.pos=+0.46
DEBUG 2026-09-03 09:17:24 [action #484] t=18.46s step=483 queue=9 dmax=0.439 | shoulder_pan.pos=-4.03 shoulder_lift.pos=-102.40 elbow_flex.pos=+87.65 wrist_flex.pos=+76.71 wrist_roll.pos=-1.33 gripper.pos=+0.69
DEBUG 2026-09-03 09:17:24 [action #485] t=18.49s step=484 queue=8 dmax=1.485 | shoulder_pan.pos=-3.50 shoulder_lift.pos=-103.89 elbow_flex.pos=+88.24 wrist_flex.pos=+77.35 wrist_roll.pos=-1.30 gripper.pos=+0.51
DEBUG 2026-09-03 09:17:24 [action #486] t=18.52s step=485 queue=7 dmax=0.474 | shoulder_pan.pos=-3.73 shoulder_lift.pos=-103.51 elbow_flex.pos=+88.71 wrist_flex.pos=+77.25 wrist_roll.pos=-1.41 gripper.pos=+0.59
DEBUG 2026-09-03 09:17:24 [action #487] t=18.56s step=486 queue=6 dmax=0.806 | shoulder_pan.pos=-4.16 shoulder_lift.pos=-104.31 elbow_flex.pos=+88.91 wrist_flex.pos=+77.31 wrist_roll.pos=-1.09 gripper.pos=+0.40
DEBUG 2026-09-03 09:17:24 [action #488] t=18.59s step=487 queue=5 dmax=0.336 | shoulder_pan.pos=-3.92 shoulder_lift.pos=-104.19 elbow_flex.pos=+89.14 wrist_flex.pos=+77.26 wrist_roll.pos=-1.26 gripper.pos=+0.74
DEBUG 2026-09-03 09:17:24 [action #489] t=18.62s step=488 queue=4 dmax=0.598 | shoulder_pan.pos=-4.19 shoulder_lift.pos=-103.87 elbow_flex.pos=+88.54 wrist_flex.pos=+77.61 wrist_roll.pos=-1.60 gripper.pos=+0.65
DEBUG 2026-09-03 09:17:24 [action #490] t=18.66s step=489 queue=3 dmax=0.412 | shoulder_pan.pos=-4.17 shoulder_lift.pos=-103.95 elbow_flex.pos=+88.96 wrist_flex.pos=+77.59 wrist_roll.pos=-1.78 gripper.pos=+0.66
DEBUG 2026-09-03 09:17:24 [action #491] t=18.69s step=490 queue=2 dmax=0.534 | shoulder_pan.pos=-4.16 shoulder_lift.pos=-103.42 elbow_flex.pos=+88.98 wrist_flex.pos=+77.77 wrist_roll.pos=-2.04 gripper.pos=+0.73
DEBUG 2026-09-03 09:17:24 [action #492] t=18.73s step=491 queue=1 dmax=0.250 | shoulder_pan.pos=-4.26 shoulder_lift.pos=-103.45 elbow_flex.pos=+88.73 wrist_flex.pos=+77.52 wrist_roll.pos=-2.25 gripper.pos=+0.66
DEBUG 2026-09-03 09:17:24 [chunk] received 50 actions, timesteps 466..515 | first: shoulder_pan.pos=+1.62 shoulder_lift.pos=-95.58 elbow_flex.pos=+74.26 wrist_flex.pos=+68.81 wrist_roll.pos=+5.05 gripper.pos=+0.03 | last: shoulder_pan.pos=-1.93 shoulder_lift.pos=-99.86 elbow_flex.pos=+88.74 wrist_flex.pos=+77.56 wrist_roll.pos=-1.55 gripper.pos=+0.20
DEBUG 2026-09-03 09:17:24 [action #493] t=18.86s step=492 queue=24 dmax=3.547 | shoulder_pan.pos=-2.33 shoulder_lift.pos=-99.90 elbow_flex.pos=+86.76 wrist_flex.pos=+77.84 wrist_roll.pos=-3.29 gripper.pos=+0.41
DEBUG 2026-09-03 09:17:24 [action #494] t=18.89s step=493 queue=23 dmax=0.554 | shoulder_pan.pos=-2.40 shoulder_lift.pos=-100.24 elbow_flex.pos=+87.32 wrist_flex.pos=+78.11 wrist_roll.pos=-3.29 gripper.pos=+0.28
DEBUG 2026-09-03 09:17:24 [action #495] t=18.93s step=494 queue=22 dmax=0.245 | shoulder_pan.pos=-2.41 shoulder_lift.pos=-100.42 elbow_flex.pos=+87.56 wrist_flex.pos=+77.94 wrist_roll.pos=-3.40 gripper.pos=+0.33
DEBUG 2026-09-03 09:17:24 [action #496] t=18.96s step=495 queue=21 dmax=0.486 | shoulder_pan.pos=-2.78 shoulder_lift.pos=-100.15 elbow_flex.pos=+87.08 wrist_flex.pos=+77.79 wrist_roll.pos=-3.30 gripper.pos=+0.21
DEBUG 2026-09-03 09:17:24 [action #497] t=18.99s step=496 queue=20 dmax=0.996 | shoulder_pan.pos=-2.52 shoulder_lift.pos=-100.44 elbow_flex.pos=+88.07 wrist_flex.pos=+77.86 wrist_roll.pos=-3.22 gripper.pos=+0.20
DEBUG 2026-09-03 09:17:24 [action #498] t=19.03s step=497 queue=19 dmax=0.808 | shoulder_pan.pos=-2.33 shoulder_lift.pos=-100.32 elbow_flex.pos=+87.27 wrist_flex.pos=+77.99 wrist_roll.pos=-3.23 gripper.pos=+0.33
DEBUG 2026-09-03 09:17:24 [action #499] t=19.06s step=498 queue=18 dmax=0.857 | shoulder_pan.pos=-2.57 shoulder_lift.pos=-100.15 elbow_flex.pos=+88.12 wrist_flex.pos=+77.78 wrist_roll.pos=-3.26 gripper.pos=+0.33
DEBUG 2026-09-03 09:17:24 [action #500] t=19.09s step=499 queue=17 dmax=0.597 | shoulder_pan.pos=-2.68 shoulder_lift.pos=-100.75 elbow_flex.pos=+88.31 wrist_flex.pos=+77.70 wrist_roll.pos=-3.24 gripper.pos=+0.22
DEBUG 2026-09-03 09:17:24 [action #501] t=19.13s step=500 queue=16 dmax=0.154 | shoulder_pan.pos=-2.53 shoulder_lift.pos=-100.74 elbow_flex.pos=+88.45 wrist_flex.pos=+77.58 wrist_roll.pos=-3.14 gripper.pos=+0.14
DEBUG 2026-09-03 09:17:24 [action #502] t=19.16s step=501 queue=15 dmax=0.527 | shoulder_pan.pos=-2.81 shoulder_lift.pos=-100.42 elbow_flex.pos=+88.98 wrist_flex.pos=+77.94 wrist_roll.pos=-3.27 gripper.pos=+0.15
DEBUG 2026-09-03 09:17:24 [action #503] t=19.19s step=502 queue=14 dmax=0.491 | shoulder_pan.pos=-2.32 shoulder_lift.pos=-100.12 elbow_flex.pos=+88.86 wrist_flex.pos=+78.12 wrist_roll.pos=-3.21 gripper.pos=+0.32
DEBUG 2026-09-03 09:17:24 [action #504] t=19.23s step=503 queue=13 dmax=1.214 | shoulder_pan.pos=-2.45 shoulder_lift.pos=-100.02 elbow_flex.pos=+87.64 wrist_flex.pos=+77.62 wrist_roll.pos=-2.79 gripper.pos=+0.41
DEBUG 2026-09-03 09:17:24 [action #505] t=19.26s step=504 queue=12 dmax=0.995 | shoulder_pan.pos=-2.33 shoulder_lift.pos=-99.92 elbow_flex.pos=+88.64 wrist_flex.pos=+77.95 wrist_roll.pos=-2.47 gripper.pos=+0.31
DEBUG 2026-09-03 09:17:25 [action #506] t=19.29s step=505 queue=11 dmax=0.388 | shoulder_pan.pos=-2.06 shoulder_lift.pos=-99.79 elbow_flex.pos=+88.90 wrist_flex.pos=+77.78 wrist_roll.pos=-2.08 gripper.pos=+0.31
DEBUG 2026-09-03 09:17:25 [action #507] t=19.33s step=506 queue=10 dmax=0.332 | shoulder_pan.pos=-2.13 shoulder_lift.pos=-99.68 elbow_flex.pos=+89.07 wrist_flex.pos=+77.45 wrist_roll.pos=-2.00 gripper.pos=+0.31
DEBUG 2026-09-03 09:17:25 [action #508] t=19.36s step=507 queue=9 dmax=0.312 | shoulder_pan.pos=-2.20 shoulder_lift.pos=-99.38 elbow_flex.pos=+89.38 wrist_flex.pos=+77.68 wrist_roll.pos=-1.73 gripper.pos=+0.15
DEBUG 2026-09-03 09:17:25 [action #509] t=19.39s step=508 queue=8 dmax=0.827 | shoulder_pan.pos=-2.34 shoulder_lift.pos=-99.07 elbow_flex.pos=+88.55 wrist_flex.pos=+77.64 wrist_roll.pos=-1.67 gripper.pos=+0.24
DEBUG 2026-09-03 09:17:25 [action #510] t=19.43s step=509 queue=7 dmax=0.569 | shoulder_pan.pos=-2.45 shoulder_lift.pos=-98.84 elbow_flex.pos=+89.12 wrist_flex.pos=+77.59 wrist_roll.pos=-1.60 gripper.pos=+0.21
DEBUG 2026-09-03 09:17:25 [action #511] t=19.46s step=510 queue=6 dmax=0.455 | shoulder_pan.pos=-2.07 shoulder_lift.pos=-99.30 elbow_flex.pos=+88.88 wrist_flex.pos=+77.54 wrist_roll.pos=-1.54 gripper.pos=+0.17
DEBUG 2026-09-03 09:17:25 [action #512] t=19.49s step=511 queue=5 dmax=0.329 | shoulder_pan.pos=-2.01 shoulder_lift.pos=-98.97 elbow_flex.pos=+88.97 wrist_flex.pos=+77.58 wrist_roll.pos=-1.53 gripper.pos=+0.24
DEBUG 2026-09-03 09:17:25 [action #513] t=19.53s step=512 queue=4 dmax=0.858 | shoulder_pan.pos=-1.90 shoulder_lift.pos=-99.82 elbow_flex.pos=+88.78 wrist_flex.pos=+77.36 wrist_roll.pos=-1.39 gripper.pos=+0.27
DEBUG 2026-09-03 09:17:25 [action #514] t=19.56s step=513 queue=3 dmax=0.970 | shoulder_pan.pos=-2.07 shoulder_lift.pos=-98.85 elbow_flex.pos=+88.56 wrist_flex.pos=+77.43 wrist_roll.pos=-1.58 gripper.pos=+0.21
DEBUG 2026-09-03 09:17:25 [action #515] t=19.59s step=514 queue=2 dmax=0.257 | shoulder_pan.pos=-1.81 shoulder_lift.pos=-98.92 elbow_flex.pos=+88.56 wrist_flex.pos=+77.65 wrist_roll.pos=-1.57 gripper.pos=+0.21
DEBUG 2026-09-03 09:17:25 [action #516] t=19.63s step=515 queue=1 dmax=0.939 | shoulder_pan.pos=-1.93 shoulder_lift.pos=-99.86 elbow_flex.pos=+88.74 wrist_flex.pos=+77.56 wrist_roll.pos=-1.55 gripper.pos=+0.20
DEBUG 2026-09-03 09:17:25 [chunk] received 50 actions, timesteps 491..540 | first: shoulder_pan.pos=-3.35 shoulder_lift.pos=-101.87 elbow_flex.pos=+89.66 wrist_flex.pos=+76.95 wrist_roll.pos=-1.16 gripper.pos=+0.20 | last: shoulder_pan.pos=-3.00 shoulder_lift.pos=-101.57 elbow_flex.pos=+89.11 wrist_flex.pos=+77.76 wrist_roll.pos=-1.20 gripper.pos=+0.43
DEBUG 2026-09-03 09:17:25 [action #517] t=19.69s step=516 queue=25 dmax=2.125 | shoulder_pan.pos=-3.36 shoulder_lift.pos=-101.99 elbow_flex.pos=+89.91 wrist_flex.pos=+77.80 wrist_roll.pos=-1.17 gripper.pos=+0.36
DEBUG 2026-09-03 09:17:25 [action #518] t=19.73s step=517 queue=24 dmax=0.281 | shoulder_pan.pos=-3.22 shoulder_lift.pos=-102.27 elbow_flex.pos=+89.93 wrist_flex.pos=+77.89 wrist_roll.pos=-1.15 gripper.pos=+0.28
DEBUG 2026-09-03 09:17:25 [action #519] t=19.76s step=518 queue=23 dmax=0.128 | shoulder_pan.pos=-3.15 shoulder_lift.pos=-102.25 elbow_flex.pos=+89.87 wrist_flex.pos=+77.76 wrist_roll.pos=-1.20 gripper.pos=+0.28
DEBUG 2026-09-03 09:17:25 [action #520] t=19.80s step=519 queue=22 dmax=0.459 | shoulder_pan.pos=-3.14 shoulder_lift.pos=-101.99 elbow_flex.pos=+89.41 wrist_flex.pos=+77.80 wrist_roll.pos=-1.19 gripper.pos=+0.30
DEBUG 2026-09-03 09:17:25 [action #521] t=19.83s step=520 queue=21 dmax=0.441 | shoulder_pan.pos=-3.29 shoulder_lift.pos=-102.22 elbow_flex.pos=+89.85 wrist_flex.pos=+77.82 wrist_roll.pos=-1.26 gripper.pos=+0.35
DEBUG 2026-09-03 09:17:25 [action #522] t=19.86s step=521 queue=20 dmax=0.139 | shoulder_pan.pos=-3.31 shoulder_lift.pos=-102.11 elbow_flex.pos=+89.71 wrist_flex.pos=+77.86 wrist_roll.pos=-1.17 gripper.pos=+0.37
DEBUG 2026-09-03 09:17:25 [action #523] t=19.90s step=522 queue=19 dmax=0.078 | shoulder_pan.pos=-3.24 shoulder_lift.pos=-102.08 elbow_flex.pos=+89.77 wrist_flex.pos=+77.78 wrist_roll.pos=-1.20 gripper.pos=+0.34
DEBUG 2026-09-03 09:17:25 [action #524] t=19.93s step=523 queue=18 dmax=0.334 | shoulder_pan.pos=-3.27 shoulder_lift.pos=-101.83 elbow_flex.pos=+89.44 wrist_flex.pos=+77.74 wrist_roll.pos=-1.21 gripper.pos=+0.30
DEBUG 2026-09-03 09:17:25 [action #525] t=19.96s step=524 queue=17 dmax=0.275 | shoulder_pan.pos=-3.26 shoulder_lift.pos=-101.91 elbow_flex.pos=+89.72 wrist_flex.pos=+77.84 wrist_roll.pos=-1.21 gripper.pos=+0.30
DEBUG 2026-09-03 09:17:25 [action #526] t=20.00s step=525 queue=16 dmax=0.188 | shoulder_pan.pos=-3.25 shoulder_lift.pos=-102.09 elbow_flex.pos=+89.55 wrist_flex.pos=+77.80 wrist_roll.pos=-1.22 gripper.pos=+0.30
DEBUG 2026-09-03 09:17:25 [action #527] t=20.03s step=526 queue=15 dmax=0.157 | shoulder_pan.pos=-3.30 shoulder_lift.pos=-101.94 elbow_flex.pos=+89.50 wrist_flex.pos=+77.91 wrist_roll.pos=-1.17 gripper.pos=+0.25
DEBUG 2026-09-03 09:17:25 [action #528] t=20.06s step=527 queue=14 dmax=0.230 | shoulder_pan.pos=-3.07 shoulder_lift.pos=-101.87 elbow_flex.pos=+89.45 wrist_flex.pos=+77.82 wrist_roll.pos=-1.17 gripper.pos=+0.26
DEBUG 2026-09-03 09:17:25 [action #529] t=20.10s step=528 queue=13 dmax=0.151 | shoulder_pan.pos=-3.18 shoulder_lift.pos=-102.01 elbow_flex.pos=+89.30 wrist_flex.pos=+77.93 wrist_roll.pos=-1.22 gripper.pos=+0.26
DEBUG 2026-09-03 09:17:25 [action #530] t=20.13s step=529 queue=12 dmax=0.249 | shoulder_pan.pos=-3.15 shoulder_lift.pos=-101.99 elbow_flex.pos=+89.55 wrist_flex.pos=+77.80 wrist_roll.pos=-1.22 gripper.pos=+0.23
DEBUG 2026-09-03 09:17:25 [action #531] t=20.16s step=530 queue=11 dmax=0.222 | shoulder_pan.pos=-3.37 shoulder_lift.pos=-102.02 elbow_flex.pos=+89.56 wrist_flex.pos=+77.74 wrist_roll.pos=-1.16 gripper.pos=+0.23
DEBUG 2026-09-03 09:17:25 [action #532] t=20.20s step=531 queue=10 dmax=0.206 | shoulder_pan.pos=-3.17 shoulder_lift.pos=-101.90 elbow_flex.pos=+89.43 wrist_flex.pos=+77.71 wrist_roll.pos=-1.24 gripper.pos=+0.30
DEBUG 2026-09-03 09:17:25 [action #533] t=20.23s step=532 queue=9 dmax=0.235 | shoulder_pan.pos=-3.17 shoulder_lift.pos=-102.09 elbow_flex.pos=+89.19 wrist_flex.pos=+77.72 wrist_roll.pos=-1.23 gripper.pos=+0.25
DEBUG 2026-09-03 09:17:25 [action #534] t=20.26s step=533 queue=8 dmax=0.410 | shoulder_pan.pos=-3.16 shoulder_lift.pos=-101.68 elbow_flex.pos=+89.22 wrist_flex.pos=+77.86 wrist_roll.pos=-1.25 gripper.pos=+0.32
DEBUG 2026-09-03 09:17:26 [action #535] t=20.30s step=534 queue=7 dmax=0.323 | shoulder_pan.pos=-3.01 shoulder_lift.pos=-102.01 elbow_flex.pos=+89.36 wrist_flex.pos=+77.70 wrist_roll.pos=-1.25 gripper.pos=+0.32
DEBUG 2026-09-03 09:17:26 [action #536] t=20.33s step=535 queue=6 dmax=0.104 | shoulder_pan.pos=-3.10 shoulder_lift.pos=-101.90 elbow_flex.pos=+89.37 wrist_flex.pos=+77.79 wrist_roll.pos=-1.22 gripper.pos=+0.31
DEBUG 2026-09-03 09:17:26 [action #537] t=20.36s step=536 queue=5 dmax=0.196 | shoulder_pan.pos=-2.99 shoulder_lift.pos=-101.93 elbow_flex.pos=+89.57 wrist_flex.pos=+77.76 wrist_roll.pos=-1.24 gripper.pos=+0.34
DEBUG 2026-09-03 09:17:26 [action #538] t=20.40s step=537 queue=4 dmax=0.480 | shoulder_pan.pos=-3.16 shoulder_lift.pos=-102.23 elbow_flex.pos=+89.09 wrist_flex.pos=+77.73 wrist_roll.pos=-1.27 gripper.pos=+0.28
DEBUG 2026-09-03 09:17:26 [action #539] t=20.43s step=538 queue=3 dmax=0.340 | shoulder_pan.pos=-3.19 shoulder_lift.pos=-101.89 elbow_flex.pos=+89.00 wrist_flex.pos=+77.67 wrist_roll.pos=-1.30 gripper.pos=+0.33
DEBUG 2026-09-03 09:17:26 [action #540] t=20.46s step=539 queue=2 dmax=0.259 | shoulder_pan.pos=-2.98 shoulder_lift.pos=-101.82 elbow_flex.pos=+89.26 wrist_flex.pos=+77.84 wrist_roll.pos=-1.25 gripper.pos=+0.35
DEBUG 2026-09-03 09:17:26 [action #541] t=20.50s step=540 queue=1 dmax=0.251 | shoulder_pan.pos=-3.00 shoulder_lift.pos=-101.57 elbow_flex.pos=+89.11 wrist_flex.pos=+77.76 wrist_roll.pos=-1.20 gripper.pos=+0.43
DEBUG 2026-09-03 09:17:26 [chunk] received 50 actions, timesteps 515..564 | first: shoulder_pan.pos=-1.53 shoulder_lift.pos=-100.91 elbow_flex.pos=+88.67 wrist_flex.pos=+77.77 wrist_roll.pos=-1.58 gripper.pos=+0.25 | last: shoulder_pan.pos=-1.99 shoulder_lift.pos=-100.39 elbow_flex.pos=+89.26 wrist_flex.pos=+78.33 wrist_roll.pos=-1.81 gripper.pos=+0.38
INFO 2026-09-03 09:17:32 Final action sent: shoulder_pan.pos=-3.00 shoulder_lift.pos=-101.57 elbow_flex.pos=+89.11 wrist_flex.pos=+77.76 wrist_roll.pos=-1.20 gripper.pos=+0.43
DEBUG 2026-09-03 09:17:32 === episode end | 26.7s | converged=True | actions=541 ===
