episode_dir,task,chunk_id,must_go,input_timestep,input_elapsed,unix_ts,front_img,wrist_img,recap_img,returned_len,exec_index,exec_timestep,exec_action_n,in_shoulder_pan.pos,in_shoulder_lift.pos,in_elbow_flex.pos,in_wrist_flex.pos,in_wrist_roll.pos,in_gripper.pos,act_shoulder_pan.pos,act_shoulder_lift.pos,act_elbow_flex.pos,act_wrist_flex.pos,act_wrist_roll.pos,act_gripper.pos
057_box,put the box on the tray,1,1,0,0.0,1788427025.7419815,00000_front_put_the_box_on_the_tray.png,00000_wrist_put_the_box_on_the_tray.png,recap.png,50,0,0,1,-4.3076923076923075,-101.93406593406593,91.91208791208791,74.9010989010989,-1.2747252747252746,0.821917808219178,-4.005617141723633,-100.58993530273438,87.83830261230469,75.98545837402344,-0.9884099960327148,0.8699469566345215
057_box,put the box on the tray,1,1,0,0.0,1788427025.7419815,00000_front_put_the_box_on_the_tray.png,00000_wrist_put_the_box_on_the_tray.png,recap.png,50,1,1,2,-4.3076923076923075,-101.93406593406593,91.91208791208791,74.9010989010989,-1.2747252747252746,0.821917808219178,-4.01237678527832,-101.0143051147461,87.62193298339844,76.071533203125,-0.95233154296875,0.8537173867225647
057_box,put the box on the tray,1,1,0,0.0,1788427025.7419815,00000_front_put_the_box_on_the_tray.png,00000_wrist_put_the_box_on_the_tray.png,recap.png,50,2,2,3,-4.3076923076923075,-101.93406593406593,91.91208791208791,74.9010989010989,-1.2747252747252746,0.821917808219178,-4.159091949462891,-100.7845230102539,87.97021484375,76.34941864013672,-0.9203872680664062,0.8509558439254761
057_box,put the box on the tray,1,1,0,0.0,1788427025.7419815,00000_front_put_the_box_on_the_tray.png,00000_wrist_put_the_box_on_the_tray.png,recap.png,50,3,3,4,-4.3076923076923075,-101.93406593406593,91.91208791208791,74.9010989010989,-1.2747252747252746,0.821917808219178,-4.890726089477539,-101.47959899902344,87.35025024414062,76.14728546142578,-0.8578262329101562,0.9798022508621216
057_box,put the box on the tray,1,1,0,0.0,1788427025.7419815,00000_front_put_the_box_on_the_tray.png,00000_wrist_put_the_box_on_the_tray.png,recap.png,50,4,4,5,-4.3076923076923075,-101.93406593406593,91.91208791208791,74.9010989010989,-1.2747252747252746,0.821917808219178,-5.321012496948242,-101.03145599365234,87.69743347167969,76.25846862792969,-0.8788976669311523,0.9117539525032043
057_box,put the box on the tray,1,1,0,0.0,1788427025.7419815,00000_front_put_the_box_on_the_tray.png,00000_wrist_put_the_box_on_the_tray.png,recap.png,50,5,5,6,-4.3076923076923075,-101.93406593406593,91.91208791208791,74.9010989010989,-1.2747252747252746,0.821917808219178,-6.055294036865234,-101.57805633544922,87.87306213378906,76.23576354980469,-0.8799848556518555,0.9240663051605225
057_box,put the box on the tray,1,1,0,0.0,1788427025.7419815,00000_front_put_the_box_on_the_tray.png,00000_wrist_put_the_box_on_the_tray.png,recap.png,50,6,6,7,-4.3076923076923075,-101.93406593406593,91.91208791208791,74.9010989010989,-1.2747252747252746,0.821917808219178,-6.828149795532227,-101.35577392578125,87.14564514160156,76.42740631103516,-0.7779655456542969,0.8730271458625793
057_box,put the box on the tray,1,1,0,0.0,1788427025.7419815,00000_front_put_the_box_on_the_tray.png,00000_wrist_put_the_box_on_the_tray.png,recap.png,50,7,7,8,-4.3076923076923075,-101.93406593406593,91.91208791208791,74.9010989010989,-1.2747252747252746,0.821917808219178,-7.463764190673828,-101.51123046875,88.09864807128906,76.34368896484375,-0.758509635925293,0.8091264963150024
057_box,put the box on the tray,1,1,0,0.0,1788427025.7419815,00000_front_put_the_box_on_the_tray.png,00000_wrist_put_the_box_on_the_tray.png,recap.png,50,8,8,9,-4.3076923076923075,-101.93406593406593,91.91208791208791,74.9010989010989,-1.2747252747252746,0.821917808219178,-8.300395965576172,-101.64730072021484,88.21963500976562,76.440673828125,-0.7994308471679688,0.7630857825279236
057_box,put the box on the tray,1,1,0,0.0,1788427025.7419815,00000_front_put_the_box_on_the_tray.png,00000_wrist_put_the_box_on_the_tray.png,recap.png,50,9,9,10,-4.3076923076923075,-101.93406593406593,91.91208791208791,74.9010989010989,-1.2747252747252746,0.821917808219178,-9.122589111328125,-101.20740509033203,88.07632446289062,76.3883056640625,-0.7918243408203125,0.7870434522628784
057_box,put the box on the tray,1,1,0,0.0,1788427025.7419815,00000_front_put_the_box_on_the_tray.png,00000_wrist_put_the_box_on_the_tray.png,recap.png,50,10,10,11,-4.3076923076923075,-101.93406593406593,91.91208791208791,74.9010989010989,-1.2747252747252746,0.821917808219178,-9.591115951538086,-101.88771057128906,88.20831298828125,76.55274963378906,-0.8042526245117188,0.7341784834861755
057_box,put the box on the tray,1,1,0,0.0,1788427025.7419815,00000_front_put_the_box_on_the_tray.png,00000_wrist_put_the_box_on_the_tray.png,recap.png,50,11,11,12,-4.3076923076923075,-101.93406593406593,91.91208791208791,74.9010989010989,-1.2747252747252746,0.821917808219178,-10.427783966064453,-101.74396514892578,88.24568176269531,76.39724731445312,-0.921961784362793,0.7148177623748779
057_box,put the box on the tray,1,1,0,0.0,1788427025.7419815,00000_front_put_the_box_on_the_tray.png,00000_wrist_put_the_box_on_the_tray.png,recap.png,50,12,12,13,-4.3076923076923075,-101.93406593406593,91.91208791208791,74.9010989010989,-1.2747252747252746,0.821917808219178,-11.27566909790039,-101.80120849609375,88.39897155761719,76.37319946289062,-0.8288917541503906,0.831057608127594
057_box,put the box on the tray,1,1,0,0.0,1788427025.7419815,00000_front_put_the_box_on_the_tray.png,00000_wrist_put_the_box_on_the_tray.png,recap.png,50,13,13,14,-4.3076923076923075,-101.93406593406593,91.91208791208791,74.9010989010989,-1.2747252747252746,0.821917808219178,-12.077875137329102,-101.90726470947266,88.09857177734375,76.58143615722656,-0.8356246948242188,0.888070285320282
057_box,put the box on the tray,1,1,0,0.0,1788427025.7419815,00000_front_put_the_box_on_the_tray.png,00000_wrist_put_the_box_on_the_tray.png,recap.png,50,14,14,15,-4.3076923076923075,-101.93406593406593,91.91208791208791,74.9010989010989,-1.2747252747252746,0.821917808219178,-13.02137565612793,-101.66018676757812,88.08061218261719,76.55616760253906,-0.8231134414672852,0.8588698506355286
057_box,put the box on the tray,1,1,0,0.0,1788427025.7419815,00000_front_put_the_box_on_the_tray.png,00000_wrist_put_the_box_on_the_tray.png,recap.png,50,15,15,16,-4.3076923076923075,-101.93406593406593,91.91208791208791,74.9010989010989,-1.2747252747252746,0.821917808219178,-14.007259368896484,-101.76727294921875,88.26881408691406,76.74017333984375,-0.8232870101928711,1.0038981437683105
057_box,put the box on the tray,1,1,0,0.0,1788427025.7419815,00000_front_put_the_box_on_the_tray.png,00000_wrist_put_the_box_on_the_tray.png,recap.png,50,16,16,17,-4.3076923076923075,-101.93406593406593,91.91208791208791,74.9010989010989,-1.2747252747252746,0.821917808219178,-14.911931991577148,-101.94837951660156,88.18632507324219,76.67183685302734,-0.750004768371582,0.977503776550293
057_box,put the box on the tray,1,1,0,0.0,1788427025.7419815,00000_front_put_the_box_on_the_tray.png,00000_wrist_put_the_box_on_the_tray.png,recap.png,50,17,17,18,-4.3076923076923075,-101.93406593406593,91.91208791208791,74.9010989010989,-1.2747252747252746,0.821917808219178,-16.065202713012695,-101.8857421875,87.890380859375,77.0667724609375,-0.8173704147338867,0.9758936166763306
057_box,put the box on the tray,1,1,0,0.0,1788427025.7419815,00000_front_put_the_box_on_the_tray.png,00000_wrist_put_the_box_on_the_tray.png,recap.png,50,18,18,19,-4.3076923076923075,-101.93406593406593,91.91208791208791,74.9010989010989,-1.2747252747252746,0.821917808219178,-17.214706420898438,-101.96002197265625,88.31204223632812,77.2205581665039,-0.9762659072875977,0.8836050629615784
057_box,put the box on the tray,1,1,0,0.0,1788427025.7419815,00000_front_put_the_box_on_the_tray.png,00000_wrist_put_the_box_on_the_tray.png,recap.png,50,19,19,20,-4.3076923076923075,-101.93406593406593,91.91208791208791,74.9010989010989,-1.2747252747252746,0.821917808219178,-18.32280158996582,-101.35145568847656,88.46519470214844,77.1739273071289,-0.9520416259765625,0.9214640855789185
057_box,put the box on the tray,1,1,0,0.0,1788427025.7419815,00000_front_put_the_box_on_the_tray.png,00000_wrist_put_the_box_on_the_tray.png,recap.png,50,20,20,21,-4.3076923076923075,-101.93406593406593,91.91208791208791,74.9010989010989,-1.2747252747252746,0.821917808219178,-19.773345947265625,-102.08586120605469,88.18414306640625,77.27323913574219,-1.0263853073120117,1.073564052581787
057_box,put the box on the tray,1,1,0,0.0,1788427025.7419815,00000_front_put_the_box_on_the_tray.png,00000_wrist_put_the_box_on_the_tray.png,recap.png,50,21,21,22,-4.3076923076923075,-101.93406593406593,91.91208791208791,74.9010989010989,-1.2747252747252746,0.821917808219178,-20.981246948242188,-101.93775177001953,87.9085693359375,77.185791015625,-1.0102558135986328,1.0320703983306885
057_box,put the box on the tray,1,1,0,0.0,1788427025.7419815,00000_front_put_the_box_on_the_tray.png,00000_wrist_put_the_box_on_the_tray.png,recap.png,50,22,22,23,-4.3076923076923075,-101.93406593406593,91.91208791208791,74.9010989010989,-1.2747252747252746,0.821917808219178,-22.208145141601562,-102.01748657226562,88.54518127441406,77.20529174804688,-1.0060615539550781,1.0866092443466187
057_box,put the box on the tray,1,1,0,0.0,1788427025.7419815,00000_front_put_the_box_on_the_tray.png,00000_wrist_put_the_box_on_the_tray.png,recap.png,50,23,23,24,-4.3076923076923075,-101.93406593406593,91.91208791208791,74.9010989010989,-1.2747252747252746,0.821917808219178,-23.59288215637207,-101.74266815185547,88.16658020019531,77.1608657836914,-1.09185791015625,0.9417722225189209
057_box,put the box on the tray,1,1,0,0.0,1788427025.7419815,00000_front_put_the_box_on_the_tray.png,00000_wrist_put_the_box_on_the_tray.png,recap.png,50,24,24,25,-4.3076923076923075,-101.93406593406593,91.91208791208791,74.9010989010989,-1.2747252747252746,0.821917808219178,-24.797809600830078,-101.32728576660156,88.39981079101562,77.15038299560547,-1.0684967041015625,1.0258238315582275
057_box,put the box on the tray,1,1,0,0.0,1788427025.7419815,00000_front_put_the_box_on_the_tray.png,00000_wrist_put_the_box_on_the_tray.png,recap.png,50,25,25,26,-4.3076923076923075,-101.93406593406593,91.91208791208791,74.9010989010989,-1.2747252747252746,0.821917808219178,-25.76327896118164,-101.78699493408203,88.99134826660156,77.11392974853516,-1.077322006225586,0.9536342620849609
057_box,put the box on the tray,1,1,0,0.0,1788427025.7419815,00000_front_put_the_box_on_the_tray.png,00000_wrist_put_the_box_on_the_tray.png,recap.png,50,26,26,27,-4.3076923076923075,-101.93406593406593,91.91208791208791,74.9010989010989,-1.2747252747252746,0.821917808219178,-27.121986389160156,-101.42178344726562,88.48597717285156,77.23037719726562,-1.1310615539550781,0.8994150161743164
057_box,put the box on the tray,1,1,0,0.0,1788427025.7419815,00000_front_put_the_box_on_the_tray.png,00000_wrist_put_the_box_on_the_tray.png,recap.png,50,27,27,28,-4.3076923076923075,-101.93406593406593,91.91208791208791,74.9010989010989,-1.2747252747252746,0.821917808219178,-27.9404296875,-102.12410736083984,88.80857849121094,76.9703369140625,-1.1173925399780273,1.064639925956726
057_box,put the box on the tray,1,1,0,0.0,1788427025.7419815,00000_front_put_the_box_on_the_tray.png,00000_wrist_put_the_box_on_the_tray.png,recap.png,50,28,28,29,-4.3076923076923075,-101.93406593406593,91.91208791208791,74.9010989010989,-1.2747252747252746,0.821917808219178,-29.129539489746094,-101.5726089477539,88.83616638183594,76.96611785888672,-1.3239021301269531,1.0803203582763672
057_box,put the box on the tray,1,1,0,0.0,1788427025.7419815,00000_front_put_the_box_on_the_tray.png,00000_wrist_put_the_box_on_the_tray.png,recap.png,50,29,29,30,-4.3076923076923075,-101.93406593406593,91.91208791208791,74.9010989010989,-1.2747252747252746,0.821917808219178,-30.151782989501953,-101.88330078125,88.98333740234375,77.0167236328125,-1.2047100067138672,1.0548055171966553
057_box,put the box on the tray,1,1,0,0.0,1788427025.7419815,00000_front_put_the_box_on_the_tray.png,00000_wrist_put_the_box_on_the_tray.png,recap.png,50,30,30,31,-4.3076923076923075,-101.93406593406593,91.91208791208791,74.9010989010989,-1.2747252747252746,0.821917808219178,-30.633270263671875,-102.07406616210938,88.74604797363281,76.88754272460938,-1.2649126052856445,0.9908793568611145
057_box,put the box on the tray,2,0,3,0.97,1788427026.7110674,00001_front_put_the_box_on_the_tray.png,00001_wrist_put_the_box_on_the_tray.png,recap.png,50,0,31,32,-4.131868131868132,-101.4065934065934,90.85714285714286,75.34065934065934,-1.2747252747252746,0.821917808219178,-30.209020614624023,-102.08052825927734,88.13622283935547,77.5504150390625,-1.2184863090515137,0.866073727607727
057_box,put the box on the tray,2,0,3,0.97,1788427026.7110674,00001_front_put_the_box_on_the_tray.png,00001_wrist_put_the_box_on_the_tray.png,recap.png,50,1,32,33,-4.131868131868132,-101.4065934065934,90.85714285714286,75.34065934065934,-1.2747252747252746,0.821917808219178,-31.08599853515625,-102.01854705810547,88.85296630859375,77.47415924072266,-1.2916059494018555,0.8415845632553101
057_box,put the box on the tray,2,0,3,0.97,1788427026.7110674,00001_front_put_the_box_on_the_tray.png,00001_wrist_put_the_box_on_the_tray.png,recap.png,50,2,33,34,-4.131868131868132,-101.4065934065934,90.85714285714286,75.34065934065934,-1.2747252747252746,0.821917808219178,-31.809711456298828,-101.65859985351562,88.02748107910156,77.3896713256836,-1.3355110883712769,0.9136202335357666
057_box,put the box on the tray,2,0,3,0.97,1788427026.7110674,00001_front_put_the_box_on_the_tray.png,00001_wrist_put_the_box_on_the_tray.png,recap.png,50,3,34,35,-4.131868131868132,-101.4065934065934,90.85714285714286,75.34065934065934,-1.2747252747252746,0.821917808219178,-32.556861877441406,-101.99616241455078,88.66288757324219,77.30989074707031,-1.2967959642410278,0.8354246616363525
057_box,put the box on the tray,2,0,3,0.97,1788427026.7110674,00001_front_put_the_box_on_the_tray.png,00001_wrist_put_the_box_on_the_tray.png,recap.png,50,4,35,36,-4.131868131868132,-101.4065934065934,90.85714285714286,75.34065934065934,-1.2747252747252746,0.821917808219178,-32.91754913330078,-101.18728637695312,88.78856658935547,77.30911254882812,-1.3026546239852905,1.0931110382080078
057_box,put the box on the tray,2,0,3,0.97,1788427026.7110674,00001_front_put_the_box_on_the_tray.png,00001_wrist_put_the_box_on_the_tray.png,recap.png,50,5,36,37,-4.131868131868132,-101.4065934065934,90.85714285714286,75.34065934065934,-1.2747252747252746,0.821917808219178,-33.60044860839844,-101.56493377685547,88.44587707519531,77.23661804199219,-1.3381143808364868,0.9487559795379639
057_box,put the box on the tray,2,0,3,0.97,1788427026.7110674,00001_front_put_the_box_on_the_tray.png,00001_wrist_put_the_box_on_the_tray.png,recap.png,50,6,37,38,-4.131868131868132,-101.4065934065934,90.85714285714286,75.34065934065934,-1.2747252747252746,0.821917808219178,-33.89689636230469,-101.2303466796875,88.84513092041016,77.2592544555664,-1.4271609783172607,0.895859956741333
057_box,put the box on the tray,2,0,3,0.97,1788427026.7110674,00001_front_put_the_box_on_the_tray.png,00001_wrist_put_the_box_on_the_tray.png,recap.png,50,7,38,39,-4.131868131868132,-101.4065934065934,90.85714285714286,75.34065934065934,-1.2747252747252746,0.821917808219178,-34.03201675415039,-101.40951538085938,89.13008117675781,77.07530212402344,-1.3801243305206299,1.065935730934143
057_box,put the box on the tray,2,0,3,0.97,1788427026.7110674,00001_front_put_the_box_on_the_tray.png,00001_wrist_put_the_box_on_the_tray.png,recap.png,50,8,39,40,-4.131868131868132,-101.4065934065934,90.85714285714286,75.34065934065934,-1.2747252747252746,0.821917808219178,-34.61727523803711,-101.56254577636719,88.56597137451172,77.04096984863281,-1.3937257528305054,0.9296753406524658
057_box,put the box on the tray,2,0,3,0.97,1788427026.7110674,00001_front_put_the_box_on_the_tray.png,00001_wrist_put_the_box_on_the_tray.png,recap.png,50,9,40,41,-4.131868131868132,-101.4065934065934,90.85714285714286,75.34065934065934,-1.2747252747252746,0.821917808219178,-34.972835540771484,-101.45316314697266,88.47665405273438,77.07971954345703,-1.4045330286026,0.9365272521972656
057_box,put the box on the tray,2,0,3,0.97,1788427026.7110674,00001_front_put_the_box_on_the_tray.png,00001_wrist_put_the_box_on_the_tray.png,recap.png,50,10,41,42,-4.131868131868132,-101.4065934065934,90.85714285714286,75.34065934065934,-1.2747252747252746,0.821917808219178,-35.38804244995117,-101.48887634277344,89.06338500976562,76.9282455444336,-1.4625054597854614,1.0701473951339722
057_box,put the box on the tray,2,0,3,0.97,1788427026.7110674,00001_front_put_the_box_on_the_tray.png,00001_wrist_put_the_box_on_the_tray.png,recap.png,50,11,42,43,-4.131868131868132,-101.4065934065934,90.85714285714286,75.34065934065934,-1.2747252747252746,0.821917808219178,-35.62632751464844,-101.56361389160156,89.14188385009766,77.07135009765625,-1.3934850692749023,0.8874761462211609
057_box,put the box on the tray,2,0,3,0.97,1788427026.7110674,00001_front_put_the_box_on_the_tray.png,00001_wrist_put_the_box_on_the_tray.png,recap.png,50,12,43,44,-4.131868131868132,-101.4065934065934,90.85714285714286,75.34065934065934,-1.2747252747252746,0.821917808219178,-35.923587799072266,-101.28654479980469,88.54306030273438,76.77001953125,-1.5015205144882202,0.8171536326408386
057_box,put the box on the tray,2,0,3,0.97,1788427026.7110674,00001_front_put_the_box_on_the_tray.png,00001_wrist_put_the_box_on_the_tray.png,recap.png,50,13,44,45,-4.131868131868132,-101.4065934065934,90.85714285714286,75.34065934065934,-1.2747252747252746,0.821917808219178,-36.467620849609375,-101.42308807373047,88.52424621582031,76.61193084716797,-1.4230302572250366,0.6704109907150269
057_box,put the box on the tray,2,0,3,0.97,1788427026.7110674,00001_front_put_the_box_on_the_tray.png,00001_wrist_put_the_box_on_the_tray.png,recap.png,50,14,45,46,-4.131868131868132,-101.4065934065934,90.85714285714286,75.34065934065934,-1.2747252747252746,0.821917808219178,-36.69140625,-102.12750244140625,88.83732604980469,76.59260559082031,-1.4652868509292603,0.8186970353126526
057_box,put the box on the tray,2,0,3,0.97,1788427026.7110674,00001_front_put_the_box_on_the_tray.png,00001_wrist_put_the_box_on_the_tray.png,recap.png,50,15,46,47,-4.131868131868132,-101.4065934065934,90.85714285714286,75.34065934065934,-1.2747252747252746,0.821917808219178,-36.971858978271484,-102.02264404296875,88.65414428710938,76.30806732177734,-1.5647039413452148,0.6719869375228882
057_box,put the box on the tray,2,0,3,0.97,1788427026.7110674,00001_front_put_the_box_on_the_tray.png,00001_wrist_put_the_box_on_the_tray.png,recap.png,50,16,47,48,-4.131868131868132,-101.4065934065934,90.85714285714286,75.34065934065934,-1.2747252747252746,0.821917808219178,-37.17988586425781,-101.47915649414062,89.00615692138672,75.8720474243164,-1.7183467149734497,0.7440984845161438
057_box,put the box on the tray,2,0,3,0.97,1788427026.7110674,00001_front_put_the_box_on_the_tray.png,00001_wrist_put_the_box_on_the_tray.png,recap.png,50,17,48,49,-4.131868131868132,-101.4065934065934,90.85714285714286,75.34065934065934,-1.2747252747252746,0.821917808219178,-37.39101791381836,-101.69143676757812,88.9915771484375,75.73663330078125,-1.684340238571167,0.806246817111969
057_box,put the box on the tray,2,0,3,0.97,1788427026.7110674,00001_front_put_the_box_on_the_tray.png,00001_wrist_put_the_box_on_the_tray.png,recap.png,50,18,49,50,-4.131868131868132,-101.4065934065934,90.85714285714286,75.34065934065934,-1.2747252747252746,0.821917808219178,-37.56425857543945,-101.82490539550781,88.98409271240234,75.39053344726562,-1.714349627494812,0.7584023475646973
057_box,put the box on the tray,2,0,3,0.97,1788427026.7110674,00001_front_put_the_box_on_the_tray.png,00001_wrist_put_the_box_on_the_tray.png,recap.png,50,19,50,51,-4.131868131868132,-101.4065934065934,90.85714285714286,75.34065934065934,-1.2747252747252746,0.821917808219178,-36.83810806274414,-102.40769958496094,88.74903869628906,75.02590942382812,-1.5379304885864258,0.6962599754333496
057_box,put the box on the tray,2,0,3,0.97,1788427026.7110674,00001_front_put_the_box_on_the_tray.png,00001_wrist_put_the_box_on_the_tray.png,recap.png,50,20,51,52,-4.131868131868132,-101.4065934065934,90.85714285714286,75.34065934065934,-1.2747252747252746,0.821917808219178,-36.926300048828125,-102.71501159667969,89.40521240234375,74.73558807373047,-1.7001323699951172,0.8088864684104919
057_box,put the box on the tray,2,0,3,0.97,1788427026.7110674,00001_front_put_the_box_on_the_tray.png,00001_wrist_put_the_box_on_the_tray.png,recap.png,50,21,52,53,-4.131868131868132,-101.4065934065934,90.85714285714286,75.34065934065934,-1.2747252747252746,0.821917808219178,-37.24626159667969,-101.69231414794922,90.09297180175781,74.1512451171875,-1.6706314086914062,0.6605411767959595
057_box,put the box on the tray,3,0,29,1.839,1788427027.575607,00002_front_put_the_box_on_the_tray.png,00002_wrist_put_the_box_on_the_tray.png,recap.png,50,0,53,54,-26.813186813186814,-101.93406593406593,89.8021978021978,76.13186813186813,-1.2747252747252746,0.821917808219178,-39.88569259643555,-102.3879623413086,87.8524169921875,72.37062072753906,-1.3668174743652344,0.9524414539337158
057_box,put the box on the tray,3,0,29,1.839,1788427027.575607,00002_front_put_the_box_on_the_tray.png,00002_wrist_put_the_box_on_the_tray.png,recap.png,50,1,54,55,-26.813186813186814,-101.93406593406593,89.8021978021978,76.13186813186813,-1.2747252747252746,0.821917808219178,-39.76133728027344,-102.00900268554688,88.7122802734375,71.76786804199219,-1.495163917541504,0.8772523403167725
057_box,put the box on the tray,3,0,29,1.839,1788427027.575607,00002_front_put_the_box_on_the_tray.png,00002_wrist_put_the_box_on_the_tray.png,recap.png,50,2,55,56,-26.813186813186814,-101.93406593406593,89.8021978021978,76.13186813186813,-1.2747252747252746,0.821917808219178,-39.528629302978516,-102.19833374023438,88.64292907714844,71.15144348144531,-1.5100021362304688,0.7903977036476135
057_box,put the box on the tray,3,0,29,1.839,1788427027.575607,00002_front_put_the_box_on_the_tray.png,00002_wrist_put_the_box_on_the_tray.png,recap.png,50,3,56,57,-26.813186813186814,-101.93406593406593,89.8021978021978,76.13186813186813,-1.2747252747252746,0.821917808219178,-39.56248092651367,-102.09286499023438,89.19989013671875,70.39488220214844,-1.445577621459961,0.9335629343986511
057_box,put the box on the tray,3,0,29,1.839,1788427027.575607,00002_front_put_the_box_on_the_tray.png,00002_wrist_put_the_box_on_the_tray.png,recap.png,50,4,57,58,-26.813186813186814,-101.93406593406593,89.8021978021978,76.13186813186813,-1.2747252747252746,0.821917808219178,-39.0963134765625,-102.18006134033203,89.10490417480469,69.60768127441406,-1.4423723220825195,0.7817656993865967
057_box,put the box on the tray,3,0,29,1.839,1788427027.575607,00002_front_put_the_box_on_the_tray.png,00002_wrist_put_the_box_on_the_tray.png,recap.png,50,5,58,59,-26.813186813186814,-101.93406593406593,89.8021978021978,76.13186813186813,-1.2747252747252746,0.821917808219178,-38.8201904296875,-102.38741302490234,89.0196533203125,68.65625,-1.5404472351074219,0.9209297895431519
057_box,put the box on the tray,3,0,29,1.839,1788427027.575607,00002_front_put_the_box_on_the_tray.png,00002_wrist_put_the_box_on_the_tray.png,recap.png,50,6,59,60,-26.813186813186814,-101.93406593406593,89.8021978021978,76.13186813186813,-1.2747252747252746,0.821917808219178,-38.77619552612305,-102.12068176269531,89.15322875976562,68.14778900146484,-1.5795679092407227,0.872319757938385
057_box,put the box on the tray,3,0,29,1.839,1788427027.575607,00002_front_put_the_box_on_the_tray.png,00002_wrist_put_the_box_on_the_tray.png,recap.png,50,7,60,61,-26.813186813186814,-101.93406593406593,89.8021978021978,76.13186813186813,-1.2747252747252746,0.821917808219178,-38.7015380859375,-102.03404235839844,88.85430908203125,67.59642791748047,-1.6317224502563477,0.8815009593963623
057_box,put the box on the tray,3,0,29,1.839,1788427027.575607,00002_front_put_the_box_on_the_tray.png,00002_wrist_put_the_box_on_the_tray.png,recap.png,50,8,61,62,-26.813186813186814,-101.93406593406593,89.8021978021978,76.13186813186813,-1.2747252747252746,0.821917808219178,-38.41086959838867,-102.3495864868164,88.968505859375,66.97705078125,-1.6048545837402344,0.7605153918266296
057_box,put the box on the tray,3,0,29,1.839,1788427027.575607,00002_front_put_the_box_on_the_tray.png,00002_wrist_put_the_box_on_the_tray.png,recap.png,50,9,62,63,-26.813186813186814,-101.93406593406593,89.8021978021978,76.13186813186813,-1.2747252747252746,0.821917808219178,-38.32090759277344,-102.31736755371094,89.56608581542969,66.57345581054688,-1.6671533584594727,0.8064424395561218
057_box,put the box on the tray,3,0,29,1.839,1788427027.575607,00002_front_put_the_box_on_the_tray.png,00002_wrist_put_the_box_on_the_tray.png,recap.png,50,10,63,64,-26.813186813186814,-101.93406593406593,89.8021978021978,76.13186813186813,-1.2747252747252746,0.821917808219178,-37.841773986816406,-101.65020751953125,89.36949157714844,66.07874298095703,-1.7443218231201172,0.7344907522201538
057_box,put the box on the tray,3,0,29,1.839,1788427027.575607,00002_front_put_the_box_on_the_tray.png,00002_wrist_put_the_box_on_the_tray.png,recap.png,50,11,64,65,-26.813186813186814,-101.93406593406593,89.8021978021978,76.13186813186813,-1.2747252747252746,0.821917808219178,-37.90663528442383,-102.43526458740234,89.25762939453125,65.71910858154297,-1.682851791381836,0.7182410359382629
057_box,put the box on the tray,3,0,29,1.839,1788427027.575607,00002_front_put_the_box_on_the_tray.png,00002_wrist_put_the_box_on_the_tray.png,recap.png,50,12,65,66,-26.813186813186814,-101.93406593406593,89.8021978021978,76.13186813186813,-1.2747252747252746,0.821917808219178,-37.66443634033203,-102.42216491699219,89.16696166992188,65.42388916015625,-1.8477306365966797,0.893955647945404
057_box,put the box on the tray,3,0,29,1.839,1788427027.575607,00002_front_put_the_box_on_the_tray.png,00002_wrist_put_the_box_on_the_tray.png,recap.png,50,13,66,67,-26.813186813186814,-101.93406593406593,89.8021978021978,76.13186813186813,-1.2747252747252746,0.821917808219178,-37.8876953125,-102.53759765625,88.84707641601562,64.83906555175781,-1.8652162551879883,0.6884946227073669
057_box,put the box on the tray,3,0,29,1.839,1788427027.575607,00002_front_put_the_box_on_the_tray.png,00002_wrist_put_the_box_on_the_tray.png,recap.png,50,14,67,68,-26.813186813186814,-101.93406593406593,89.8021978021978,76.13186813186813,-1.2747252747252746,0.821917808219178,-37.42229461669922,-101.16787719726562,89.71327209472656,64.34397888183594,-2.1124343872070312,0.7545578479766846
057_box,put the box on the tray,3,0,29,1.839,1788427027.575607,00002_front_put_the_box_on_the_tray.png,00002_wrist_put_the_box_on_the_tray.png,recap.png,50,15,68,69,-26.813186813186814,-101.93406593406593,89.8021978021978,76.13186813186813,-1.2747252747252746,0.821917808219178,-37.252132415771484,-102.39659881591797,89.35002136230469,63.75657653808594,-2.1436080932617188,0.7473607659339905
057_box,put the box on the tray,3,0,29,1.839,1788427027.575607,00002_front_put_the_box_on_the_tray.png,00002_wrist_put_the_box_on_the_tray.png,recap.png,50,16,69,70,-26.813186813186814,-101.93406593406593,89.8021978021978,76.13186813186813,-1.2747252747252746,0.821917808219178,-37.15419006347656,-102.09310913085938,89.30682373046875,63.28923416137695,-2.3142995834350586,0.6761727333068848
057_box,put the box on the tray,3,0,29,1.839,1788427027.575607,00002_front_put_the_box_on_the_tray.png,00002_wrist_put_the_box_on_the_tray.png,recap.png,50,17,70,71,-26.813186813186814,-101.93406593406593,89.8021978021978,76.13186813186813,-1.2747252747252746,0.821917808219178,-37.10866928100586,-102.23646545410156,88.90890502929688,62.72116470336914,-2.487140655517578,0.6227713823318481
057_box,put the box on the tray,3,0,29,1.839,1788427027.575607,00002_front_put_the_box_on_the_tray.png,00002_wrist_put_the_box_on_the_tray.png,recap.png,50,18,71,72,-26.813186813186814,-101.93406593406593,89.8021978021978,76.13186813186813,-1.2747252747252746,0.821917808219178,-37.031898498535156,-102.92814636230469,88.88006591796875,62.32810974121094,-2.6445484161376953,0.6195403337478638
057_box,put the box on the tray,3,0,29,1.839,1788427027.575607,00002_front_put_the_box_on_the_tray.png,00002_wrist_put_the_box_on_the_tray.png,recap.png,50,19,72,73,-26.813186813186814,-101.93406593406593,89.8021978021978,76.13186813186813,-1.2747252747252746,0.821917808219178,-36.86888885498047,-103.1508560180664,89.12071228027344,61.861724853515625,-2.8000268936157227,0.7505801320075989
057_box,put the box on the tray,3,0,29,1.839,1788427027.575607,00002_front_put_the_box_on_the_tray.png,00002_wrist_put_the_box_on_the_tray.png,recap.png,50,20,73,74,-26.813186813186814,-101.93406593406593,89.8021978021978,76.13186813186813,-1.2747252747252746,0.821917808219178,-36.53703308105469,-103.18997955322266,88.630615234375,62.1398811340332,-3.037562370300293,0.9212356805801392
057_box,put the box on the tray,3,0,29,1.839,1788427027.575607,00002_front_put_the_box_on_the_tray.png,00002_wrist_put_the_box_on_the_tray.png,recap.png,50,21,74,75,-26.813186813186814,-101.93406593406593,89.8021978021978,76.13186813186813,-1.2747252747252746,0.821917808219178,-36.428218841552734,-102.4876708984375,88.15190124511719,62.181034088134766,-3.362278938293457,0.6844181418418884
057_box,put the box on the tray,3,0,29,1.839,1788427027.575607,00002_front_put_the_box_on_the_tray.png,00002_wrist_put_the_box_on_the_tray.png,recap.png,50,22,75,76,-26.813186813186814,-101.93406593406593,89.8021978021978,76.13186813186813,-1.2747252747252746,0.821917808219178,-36.45823669433594,-102.3687744140625,87.99496459960938,62.13474655151367,-3.4616317749023438,0.7295549511909485
057_box,put the box on the tray,3,0,29,1.839,1788427027.575607,00002_front_put_the_box_on_the_tray.png,00002_wrist_put_the_box_on_the_tray.png,recap.png,50,23,76,77,-26.813186813186814,-101.93406593406593,89.8021978021978,76.13186813186813,-1.2747252747252746,0.821917808219178,-36.46800994873047,-102.8037109375,88.67970275878906,62.53721237182617,-3.720168113708496,0.6626739501953125
057_box,put the box on the tray,3,0,29,1.839,1788427027.575607,00002_front_put_the_box_on_the_tray.png,00002_wrist_put_the_box_on_the_tray.png,recap.png,50,24,77,78,-26.813186813186814,-101.93406593406593,89.8021978021978,76.13186813186813,-1.2747252747252746,0.821917808219178,-36.4987907409668,-102.98631286621094,88.04408264160156,62.72486114501953,-3.8929576873779297,0.7094454169273376
057_box,put the box on the tray,3,0,29,1.839,1788427027.575607,00002_front_put_the_box_on_the_tray.png,00002_wrist_put_the_box_on_the_tray.png,recap.png,50,25,78,79,-26.813186813186814,-101.93406593406593,89.8021978021978,76.13186813186813,-1.2747252747252746,0.821917808219178,-36.54767608642578,-102.84255981445312,87.2110595703125,62.85075378417969,-4.171998977661133,0.8431267738342285
057_box,put the box on the tray,4,1,52,2.608,1788427028.3463585,00003_front_put_the_box_on_the_tray.png,00003_wrist_put_the_box_on_the_tray.png,recap.png,50,0,79,80,-37.18681318681319,-101.84615384615384,89.8021978021978,75.78021978021978,-1.2747252747252746,0.821917808219178,-38.667415618896484,-100.61520385742188,89.72349548339844,58.734458923339844,-1.8655595779418945,0.5495249032974243
057_box,put the box on the tray,4,1,52,2.608,1788427028.3463585,00003_front_put_the_box_on_the_tray.png,00003_wrist_put_the_box_on_the_tray.png,recap.png,50,1,80,81,-37.18681318681319,-101.84615384615384,89.8021978021978,75.78021978021978,-1.2747252747252746,0.821917808219178,-38.729591369628906,-101.12519073486328,89.16815185546875,58.843353271484375,-2.15035343170166,0.52410888671875
057_box,put the box on the tray,4,1,52,2.608,1788427028.3463585,00003_front_put_the_box_on_the_tray.png,00003_wrist_put_the_box_on_the_tray.png,recap.png,50,2,81,82,-37.18681318681319,-101.84615384615384,89.8021978021978,75.78021978021978,-1.2747252747252746,0.821917808219178,-38.72516632080078,-100.44041442871094,88.85197448730469,58.961761474609375,-2.7282485961914062,0.7082197070121765
057_box,put the box on the tray,4,1,52,2.608,1788427028.3463585,00003_front_put_the_box_on_the_tray.png,00003_wrist_put_the_box_on_the_tray.png,recap.png,50,3,82,83,-37.18681318681319,-101.84615384615384,89.8021978021978,75.78021978021978,-1.2747252747252746,0.821917808219178,-38.92842483520508,-100.68428802490234,88.33287048339844,59.25870895385742,-3.2623863220214844,0.6588374972343445
057_box,put the box on the tray,4,1,52,2.608,1788427028.3463585,00003_front_put_the_box_on_the_tray.png,00003_wrist_put_the_box_on_the_tray.png,recap.png,50,4,83,84,-37.18681318681319,-101.84615384615384,89.8021978021978,75.78021978021978,-1.2747252747252746,0.821917808219178,-38.834564208984375,-100.94337463378906,87.91844177246094,59.40525436401367,-4.661329746246338,0.357272744178772
057_box,put the box on the tray,4,1,52,2.608,1788427028.3463585,00003_front_put_the_box_on_the_tray.png,00003_wrist_put_the_box_on_the_tray.png,recap.png,50,5,84,85,-37.18681318681319,-101.84615384615384,89.8021978021978,75.78021978021978,-1.2747252747252746,0.821917808219178,-38.98149490356445,-100.76087951660156,88.19952392578125,59.71677780151367,-4.676828384399414,0.4232509434223175
057_box,put the box on the tray,4,1,52,2.608,1788427028.3463585,00003_front_put_the_box_on_the_tray.png,00003_wrist_put_the_box_on_the_tray.png,recap.png,50,6,85,86,-37.18681318681319,-101.84615384615384,89.8021978021978,75.78021978021978,-1.2747252747252746,0.821917808219178,-39.0861930847168,-100.93604278564453,87.92408752441406,59.805809020996094,-4.204788684844971,0.6251505613327026
057_box,put the box on the tray,4,1,52,2.608,1788427028.3463585,00003_front_put_the_box_on_the_tray.png,00003_wrist_put_the_box_on_the_tray.png,recap.png,50,7,86,87,-37.18681318681319,-101.84615384615384,89.8021978021978,75.78021978021978,-1.2747252747252746,0.821917808219178,-39.174896240234375,-101.25236511230469,87.59883117675781,59.722434997558594,-3.904979705810547,0.5190020799636841
057_box,put the box on the tray,4,1,52,2.608,1788427028.3463585,00003_front_put_the_box_on_the_tray.png,00003_wrist_put_the_box_on_the_tray.png,recap.png,50,8,87,88,-37.18681318681319,-101.84615384615384,89.8021978021978,75.78021978021978,-1.2747252747252746,0.821917808219178,-39.31309509277344,-100.58699798583984,87.38165283203125,59.705711364746094,-3.4774932861328125,0.28410807251930237
057_box,put the box on the tray,4,1,52,2.608,1788427028.3463585,00003_front_put_the_box_on_the_tray.png,00003_wrist_put_the_box_on_the_tray.png,recap.png,50,9,88,89,-37.18681318681319,-101.84615384615384,89.8021978021978,75.78021978021978,-1.2747252747252746,0.821917808219178,-39.204803466796875,-101.29237365722656,87.50401306152344,59.8381462097168,-3.479893684387207,0.42671990394592285
057_box,put the box on the tray,4,1,52,2.608,1788427028.3463585,00003_front_put_the_box_on_the_tray.png,00003_wrist_put_the_box_on_the_tray.png,recap.png,50,10,89,90,-37.18681318681319,-101.84615384615384,89.8021978021978,75.78021978021978,-1.2747252747252746,0.821917808219178,-39.36750411987305,-100.96212005615234,87.30047607421875,59.77079772949219,-3.3913774490356445,0.35038474202156067
057_box,put the box on the tray,4,1,52,2.608,1788427028.3463585,00003_front_put_the_box_on_the_tray.png,00003_wrist_put_the_box_on_the_tray.png,recap.png,50,11,90,91,-37.18681318681319,-101.84615384615384,89.8021978021978,75.78021978021978,-1.2747252747252746,0.821917808219178,-39.58980941772461,-101.04193878173828,87.26400756835938,59.75468444824219,-3.3841171264648438,0.31564947962760925
057_box,put the box on the tray,4,1,52,2.608,1788427028.3463585,00003_front_put_the_box_on_the_tray.png,00003_wrist_put_the_box_on_the_tray.png,recap.png,50,12,91,92,-37.18681318681319,-101.84615384615384,89.8021978021978,75.78021978021978,-1.2747252747252746,0.821917808219178,-39.938865661621094,-101.07295989990234,86.75592041015625,59.738677978515625,-3.503368377685547,0.4428326189517975
057_box,put the box on the tray,4,1,52,2.608,1788427028.3463585,00003_front_put_the_box_on_the_tray.png,00003_wrist_put_the_box_on_the_tray.png,recap.png,50,13,92,93,-37.18681318681319,-101.84615384615384,89.8021978021978,75.78021978021978,-1.2747252747252746,0.821917808219178,-39.99897766113281,-101.57997131347656,87.08758544921875,59.695648193359375,-3.6854209899902344,0.5718246102333069
057_box,put the box on the tray,4,1,52,2.608,1788427028.3463585,00003_front_put_the_box_on_the_tray.png,00003_wrist_put_the_box_on_the_tray.png,recap.png,50,14,93,94,-37.18681318681319,-101.84615384615384,89.8021978021978,75.78021978021978,-1.2747252747252746,0.821917808219178,-40.10483932495117,-101.52423095703125,87.31396484375,59.52471160888672,-3.970372200012207,0.4242621064186096
057_box,put the box on the tray,4,1,52,2.608,1788427028.3463585,00003_front_put_the_box_on_the_tray.png,00003_wrist_put_the_box_on_the_tray.png,recap.png,50,15,94,95,-37.18681318681319,-101.84615384615384,89.8021978021978,75.78021978021978,-1.2747252747252746,0.821917808219178,-40.00452423095703,-100.68451690673828,86.0313720703125,59.29655075073242,-4.115592956542969,0.4537259638309479
057_box,put the box on the tray,4,1,52,2.608,1788427028.3463585,00003_front_put_the_box_on_the_tray.png,00003_wrist_put_the_box_on_the_tray.png,recap.png,50,16,95,96,-37.18681318681319,-101.84615384615384,89.8021978021978,75.78021978021978,-1.2747252747252746,0.821917808219178,-39.88874053955078,-100.96449279785156,87.37960815429688,59.573951721191406,-4.270563125610352,0.5740678310394287
057_box,put the box on the tray,4,1,52,2.608,1788427028.3463585,00003_front_put_the_box_on_the_tray.png,00003_wrist_put_the_box_on_the_tray.png,recap.png,50,17,96,97,-37.18681318681319,-101.84615384615384,89.8021978021978,75.78021978021978,-1.2747252747252746,0.821917808219178,-39.957305908203125,-101.36506652832031,86.4969482421875,59.50169372558594,-4.242999076843262,0.5621813535690308
057_box,put the box on the tray,4,1,52,2.608,1788427028.3463585,00003_front_put_the_box_on_the_tray.png,00003_wrist_put_the_box_on_the_tray.png,recap.png,50,18,97,98,-37.18681318681319,-101.84615384615384,89.8021978021978,75.78021978021978,-1.2747252747252746,0.821917808219178,-39.94743347167969,-101.88703918457031,86.17208862304688,59.652923583984375,-4.408810138702393,0.503717839717865
057_box,put the box on the tray,4,1,52,2.608,1788427028.3463585,00003_front_put_the_box_on_the_tray.png,00003_wrist_put_the_box_on_the_tray.png,recap.png,50,19,98,99,-37.18681318681319,-101.84615384615384,89.8021978021978,75.78021978021978,-1.2747252747252746,0.821917808219178,-39.8500862121582,-101.382568359375,85.85687255859375,59.5142822265625,-4.337703227996826,0.44943171739578247
057_box,put the box on the tray,4,1,52,2.608,1788427028.3463585,00003_front_put_the_box_on_the_tray.png,00003_wrist_put_the_box_on_the_tray.png,recap.png,50,20,99,100,-37.18681318681319,-101.84615384615384,89.8021978021978,75.78021978021978,-1.2747252747252746,0.821917808219178,-39.864688873291016,-101.67181396484375,86.15864562988281,59.783172607421875,-4.541635513305664,0.5022765398025513
057_box,put the box on the tray,4,1,52,2.608,1788427028.3463585,00003_front_put_the_box_on_the_tray.png,00003_wrist_put_the_box_on_the_tray.png,recap.png,50,21,100,101,-37.18681318681319,-101.84615384615384,89.8021978021978,75.78021978021978,-1.2747252747252746,0.821917808219178,-39.67091751098633,-101.66197204589844,86.37588500976562,59.62803649902344,-4.672903537750244,0.4806406795978546
057_box,put the box on the tray,4,1,52,2.608,1788427028.3463585,00003_front_put_the_box_on_the_tray.png,00003_wrist_put_the_box_on_the_tray.png,recap.png,50,22,101,102,-37.18681318681319,-101.84615384615384,89.8021978021978,75.78021978021978,-1.2747252747252746,0.821917808219178,-39.59171676635742,-101.55487823486328,85.56837463378906,59.29191207885742,-4.65578031539917,0.5590300559997559
057_box,put the box on the tray,5,1,78,3.644,1788427029.3860765,00004_front_put_the_box_on_the_tray.png,00004_wrist_put_the_box_on_the_tray.png,recap.png,50,0,102,103,-36.83516483516483,-102.10989010989012,90.06593406593407,63.20879120879121,-3.120879120879121,0.821917808219178,-41.46794891357422,-100.93302154541016,86.08067321777344,59.17008972167969,-4.319757461547852,0.9392836689949036
057_box,put the box on the tray,5,1,78,3.644,1788427029.3860765,00004_front_put_the_box_on_the_tray.png,00004_wrist_put_the_box_on_the_tray.png,recap.png,50,1,103,104,-36.83516483516483,-102.10989010989012,90.06593406593407,63.20879120879121,-3.120879120879121,0.821917808219178,-41.64275360107422,-100.43170166015625,86.18153381347656,59.11865997314453,-4.541624069213867,0.8807287812232971
057_box,put the box on the tray,5,1,78,3.644,1788427029.3860765,00004_front_put_the_box_on_the_tray.png,00004_wrist_put_the_box_on_the_tray.png,recap.png,50,2,104,105,-36.83516483516483,-102.10989010989012,90.06593406593407,63.20879120879121,-3.120879120879121,0.821917808219178,-41.531517028808594,-100.61244201660156,85.96539306640625,58.98457336425781,-4.733053207397461,0.9532997012138367
057_box,put the box on the tray,5,1,78,3.644,1788427029.3860765,00004_front_put_the_box_on_the_tray.png,00004_wrist_put_the_box_on_the_tray.png,recap.png,50,3,105,106,-36.83516483516483,-102.10989010989012,90.06593406593407,63.20879120879121,-3.120879120879121,0.821917808219178,-41.814395904541016,-100.84104919433594,85.70953369140625,59.20916748046875,-4.936445236206055,0.9402427673339844
057_box,put the box on the tray,5,1,78,3.644,1788427029.3860765,00004_front_put_the_box_on_the_tray.png,00004_wrist_put_the_box_on_the_tray.png,recap.png,50,4,106,107,-36.83516483516483,-102.10989010989012,90.06593406593407,63.20879120879121,-3.120879120879121,0.821917808219178,-41.924560546875,-100.82115173339844,85.39935302734375,59.21541976928711,-5.116799831390381,0.973225474357605
057_box,put the box on the tray,5,1,78,3.644,1788427029.3860765,00004_front_put_the_box_on_the_tray.png,00004_wrist_put_the_box_on_the_tray.png,recap.png,50,5,107,108,-36.83516483516483,-102.10989010989012,90.06593406593407,63.20879120879121,-3.120879120879121,0.821917808219178,-41.823516845703125,-100.9448013305664,85.16299438476562,59.22789001464844,-5.197160720825195,0.963796854019165
057_box,put the box on the tray,5,1,78,3.644,1788427029.3860765,00004_front_put_the_box_on_the_tray.png,00004_wrist_put_the_box_on_the_tray.png,recap.png,50,6,108,109,-36.83516483516483,-102.10989010989012,90.06593406593407,63.20879120879121,-3.120879120879121,0.821917808219178,-41.703128814697266,-100.74797058105469,84.91632080078125,59.27893829345703,-5.324038982391357,0.8901085257530212
057_box,put the box on the tray,5,1,78,3.644,1788427029.3860765,00004_front_put_the_box_on_the_tray.png,00004_wrist_put_the_box_on_the_tray.png,recap.png,50,7,109,110,-36.83516483516483,-102.10989010989012,90.06593406593407,63.20879120879121,-3.120879120879121,0.821917808219178,-41.55084991455078,-100.9155044555664,84.65080261230469,59.40012741088867,-5.329439640045166,0.8987012505531311
057_box,put the box on the tray,5,1,78,3.644,1788427029.3860765,00004_front_put_the_box_on_the_tray.png,00004_wrist_put_the_box_on_the_tray.png,recap.png,50,8,110,111,-36.83516483516483,-102.10989010989012,90.06593406593407,63.20879120879121,-3.120879120879121,0.821917808219178,-41.582542419433594,-100.64004516601562,84.52644348144531,59.39408874511719,-5.3471174240112305,0.9095234274864197
057_box,put the box on the tray,5,1,78,3.644,1788427029.3860765,00004_front_put_the_box_on_the_tray.png,00004_wrist_put_the_box_on_the_tray.png,recap.png,50,9,111,112,-36.83516483516483,-102.10989010989012,90.06593406593407,63.20879120879121,-3.120879120879121,0.821917808219178,-41.52896499633789,-100.88068389892578,84.38847351074219,59.641685485839844,-5.295231819152832,1.0286650657653809
057_box,put the box on the tray,5,1,78,3.644,1788427029.3860765,00004_front_put_the_box_on_the_tray.png,00004_wrist_put_the_box_on_the_tray.png,recap.png,50,10,112,113,-36.83516483516483,-102.10989010989012,90.06593406593407,63.20879120879121,-3.120879120879121,0.821917808219178,-41.61789321899414,-100.98914337158203,84.43478393554688,59.522071838378906,-5.331132411956787,1.0041115283966064
057_box,put the box on the tray,5,1,78,3.644,1788427029.3860765,00004_front_put_the_box_on_the_tray.png,00004_wrist_put_the_box_on_the_tray.png,recap.png,50,11,113,114,-36.83516483516483,-102.10989010989012,90.06593406593407,63.20879120879121,-3.120879120879121,0.821917808219178,-41.472373962402344,-100.90869903564453,84.01364135742188,59.39836502075195,-5.417525291442871,0.7726068496704102
057_box,put the box on the tray,5,1,78,3.644,1788427029.3860765,00004_front_put_the_box_on_the_tray.png,00004_wrist_put_the_box_on_the_tray.png,recap.png,50,12,114,115,-36.83516483516483,-102.10989010989012,90.06593406593407,63.20879120879121,-3.120879120879121,0.821917808219178,-41.622413635253906,-100.95470428466797,83.99717712402344,59.431060791015625,-5.515478134155273,0.9026078581809998
057_box,put the box on the tray,5,1,78,3.644,1788427029.3860765,00004_front_put_the_box_on_the_tray.png,00004_wrist_put_the_box_on_the_tray.png,recap.png,50,13,115,116,-36.83516483516483,-102.10989010989012,90.06593406593407,63.20879120879121,-3.120879120879121,0.821917808219178,-41.47673034667969,-100.85039520263672,84.00248718261719,59.53850173950195,-5.69217586517334,0.9428120851516724
057_box,put the box on the tray,5,1,78,3.644,1788427029.3860765,00004_front_put_the_box_on_the_tray.png,00004_wrist_put_the_box_on_the_tray.png,recap.png,50,14,116,117,-36.83516483516483,-102.10989010989012,90.06593406593407,63.20879120879121,-3.120879120879121,0.821917808219178,-41.42937469482422,-100.49093627929688,83.76759338378906,59.64501190185547,-5.656696796417236,0.9381184577941895
057_box,put the box on the tray,5,1,78,3.644,1788427029.3860765,00004_front_put_the_box_on_the_tray.png,00004_wrist_put_the_box_on_the_tray.png,recap.png,50,15,117,118,-36.83516483516483,-102.10989010989012,90.06593406593407,63.20879120879121,-3.120879120879121,0.821917808219178,-41.39629364013672,-100.77536010742188,83.5208740234375,59.72951889038086,-5.63913106918335,1.0429019927978516
057_box,put the box on the tray,5,1,78,3.644,1788427029.3860765,00004_front_put_the_box_on_the_tray.png,00004_wrist_put_the_box_on_the_tray.png,recap.png,50,16,118,119,-36.83516483516483,-102.10989010989012,90.06593406593407,63.20879120879121,-3.120879120879121,0.821917808219178,-41.4301872253418,-101.1256103515625,83.36650085449219,59.727298736572266,-5.568240642547607,0.987623929977417
057_box,put the box on the tray,5,1,78,3.644,1788427029.3860765,00004_front_put_the_box_on_the_tray.png,00004_wrist_put_the_box_on_the_tray.png,recap.png,50,17,119,120,-36.83516483516483,-102.10989010989012,90.06593406593407,63.20879120879121,-3.120879120879121,0.821917808219178,-41.36696243286133,-100.85135650634766,83.04011535644531,59.776031494140625,-5.5286712646484375,0.9245846271514893
057_box,put the box on the tray,5,1,78,3.644,1788427029.3860765,00004_front_put_the_box_on_the_tray.png,00004_wrist_put_the_box_on_the_tray.png,recap.png,50,18,120,121,-36.83516483516483,-102.10989010989012,90.06593406593407,63.20879120879121,-3.120879120879121,0.821917808219178,-41.167415618896484,-100.53446960449219,83.07926940917969,59.858299255371094,-5.464240074157715,0.9988252520561218
057_box,put the box on the tray,5,1,78,3.644,1788427029.3860765,00004_front_put_the_box_on_the_tray.png,00004_wrist_put_the_box_on_the_tray.png,recap.png,50,19,121,122,-36.83516483516483,-102.10989010989012,90.06593406593407,63.20879120879121,-3.120879120879121,0.821917808219178,-40.90987014770508,-100.69377136230469,82.87744140625,59.64147186279297,-5.445445537567139,0.8580583930015564
057_box,put the box on the tray,5,1,78,3.644,1788427029.3860765,00004_front_put_the_box_on_the_tray.png,00004_wrist_put_the_box_on_the_tray.png,recap.png,50,20,122,123,-36.83516483516483,-102.10989010989012,90.06593406593407,63.20879120879121,-3.120879120879121,0.821917808219178,-40.923439025878906,-100.47944641113281,82.89810180664062,59.82506561279297,-5.436422824859619,1.0019850730895996
057_box,put the box on the tray,5,1,78,3.644,1788427029.3860765,00004_front_put_the_box_on_the_tray.png,00004_wrist_put_the_box_on_the_tray.png,recap.png,50,21,123,124,-36.83516483516483,-102.10989010989012,90.06593406593407,63.20879120879121,-3.120879120879121,0.821917808219178,-40.85398483276367,-100.30470275878906,82.18106079101562,59.70018005371094,-5.382261276245117,0.8844133019447327
057_box,put the box on the tray,5,1,78,3.644,1788427029.3860765,00004_front_put_the_box_on_the_tray.png,00004_wrist_put_the_box_on_the_tray.png,recap.png,50,22,124,125,-36.83516483516483,-102.10989010989012,90.06593406593407,63.20879120879121,-3.120879120879121,0.821917808219178,-40.85051727294922,-100.39442443847656,82.49191284179688,59.86603546142578,-5.3299665451049805,0.9814156889915466
057_box,put the box on the tray,5,1,78,3.644,1788427029.3860765,00004_front_put_the_box_on_the_tray.png,00004_wrist_put_the_box_on_the_tray.png,recap.png,50,23,125,126,-36.83516483516483,-102.10989010989012,90.06593406593407,63.20879120879121,-3.120879120879121,0.821917808219178,-40.78056716918945,-99.59383392333984,82.35719299316406,59.841068267822266,-5.305002212524414,0.9615259766578674
057_box,put the box on the tray,5,1,78,3.644,1788427029.3860765,00004_front_put_the_box_on_the_tray.png,00004_wrist_put_the_box_on_the_tray.png,recap.png,50,24,126,127,-36.83516483516483,-102.10989010989012,90.06593406593407,63.20879120879121,-3.120879120879121,0.821917808219178,-40.53417205810547,-99.35723114013672,81.72576904296875,59.991397857666016,-5.381266117095947,1.0150866508483887
057_box,put the box on the tray,5,1,78,3.644,1788427029.3860765,00004_front_put_the_box_on_the_tray.png,00004_wrist_put_the_box_on_the_tray.png,recap.png,50,25,127,128,-36.83516483516483,-102.10989010989012,90.06593406593407,63.20879120879121,-3.120879120879121,0.821917808219178,-40.61447525024414,-98.48358917236328,81.39231872558594,59.93012619018555,-5.415733814239502,0.8597163558006287
057_box,put the box on the tray,6,1,101,4.413,1788427030.1493773,00005_front_put_the_box_on_the_tray.png,00005_wrist_put_the_box_on_the_tray.png,recap.png,50,0,128,129,-39.73626373626374,-101.4065934065934,88.57142857142857,60.48351648351648,-4.0,0.684931506849315,-40.50597381591797,-91.08708190917969,78.72894287109375,55.87357711791992,-4.6699113845825195,0.7741065621376038
057_box,put the box on the tray,6,1,101,4.413,1788427030.1493773,00005_front_put_the_box_on_the_tray.png,00005_wrist_put_the_box_on_the_tray.png,recap.png,50,1,129,130,-39.73626373626374,-101.4065934065934,88.57142857142857,60.48351648351648,-4.0,0.684931506849315,-39.977142333984375,-88.45064544677734,76.99087524414062,55.26772689819336,-4.778362274169922,0.728891134262085
057_box,put the box on the tray,6,1,101,4.413,1788427030.1493773,00005_front_put_the_box_on_the_tray.png,00005_wrist_put_the_box_on_the_tray.png,recap.png,50,2,130,131,-39.73626373626374,-101.4065934065934,88.57142857142857,60.48351648351648,-4.0,0.684931506849315,-39.764469146728516,-86.05259704589844,75.06277465820312,54.789215087890625,-5.102924346923828,0.8421474695205688
057_box,put the box on the tray,6,1,101,4.413,1788427030.1493773,00005_front_put_the_box_on_the_tray.png,00005_wrist_put_the_box_on_the_tray.png,recap.png,50,3,131,132,-39.73626373626374,-101.4065934065934,88.57142857142857,60.48351648351648,-4.0,0.684931506849315,-39.39574432373047,-83.1861343383789,74.52896118164062,54.113441467285156,-5.279121398925781,0.762914776802063
057_box,put the box on the tray,6,1,101,4.413,1788427030.1493773,00005_front_put_the_box_on_the_tray.png,00005_wrist_put_the_box_on_the_tray.png,recap.png,50,4,132,133,-39.73626373626374,-101.4065934065934,88.57142857142857,60.48351648351648,-4.0,0.684931506849315,-39.3150634765625,-80.38186645507812,73.34185791015625,53.28914260864258,-5.4275078773498535,0.6956566572189331
057_box,put the box on the tray,6,1,101,4.413,1788427030.1493773,00005_front_put_the_box_on_the_tray.png,00005_wrist_put_the_box_on_the_tray.png,recap.png,50,5,133,134,-39.73626373626374,-101.4065934065934,88.57142857142857,60.48351648351648,-4.0,0.684931506849315,-39.24528503417969,-77.06635284423828,72.42446899414062,52.38268280029297,-5.676937103271484,0.688007116317749
057_box,put the box on the tray,6,1,101,4.413,1788427030.1493773,00005_front_put_the_box_on_the_tray.png,00005_wrist_put_the_box_on_the_tray.png,recap.png,50,6,134,135,-39.73626373626374,-101.4065934065934,88.57142857142857,60.48351648351648,-4.0,0.684931506849315,-38.87755584716797,-74.3427963256836,70.67098236083984,51.698524475097656,-5.97981071472168,0.6744679808616638
057_box,put the box on the tray,6,1,101,4.413,1788427030.1493773,00005_front_put_the_box_on_the_tray.png,00005_wrist_put_the_box_on_the_tray.png,recap.png,50,7,135,136,-39.73626373626374,-101.4065934065934,88.57142857142857,60.48351648351648,-4.0,0.684931506849315,-39.04914474487305,-72.0575180053711,69.72447204589844,50.62464904785156,-6.363123893737793,0.5260175466537476
057_box,put the box on the tray,6,1,101,4.413,1788427030.1493773,00005_front_put_the_box_on_the_tray.png,00005_wrist_put_the_box_on_the_tray.png,recap.png,50,8,136,137,-39.73626373626374,-101.4065934065934,88.57142857142857,60.48351648351648,-4.0,0.684931506849315,-38.95209503173828,-69.21607971191406,68.76461029052734,50.07795715332031,-6.5177226066589355,0.6014223098754883
057_box,put the box on the tray,6,1,101,4.413,1788427030.1493773,00005_front_put_the_box_on_the_tray.png,00005_wrist_put_the_box_on_the_tray.png,recap.png,50,9,137,138,-39.73626373626374,-101.4065934065934,88.57142857142857,60.48351648351648,-4.0,0.684931506849315,-38.88408660888672,-66.53019714355469,66.81006622314453,49.79841995239258,-6.747809886932373,0.656440258026123
057_box,put the box on the tray,6,1,101,4.413,1788427030.1493773,00005_front_put_the_box_on_the_tray.png,00005_wrist_put_the_box_on_the_tray.png,recap.png,50,10,138,139,-39.73626373626374,-101.4065934065934,88.57142857142857,60.48351648351648,-4.0,0.684931506849315,-39.0433349609375,-64.31047821044922,65.72518920898438,49.11370086669922,-6.865348815917969,0.4194314777851105
057_box,put the box on the tray,6,1,101,4.413,1788427030.1493773,00005_front_put_the_box_on_the_tray.png,00005_wrist_put_the_box_on_the_tray.png,recap.png,50,11,139,140,-39.73626373626374,-101.4065934065934,88.57142857142857,60.48351648351648,-4.0,0.684931506849315,-38.95710754394531,-62.18745040893555,64.49054718017578,48.65934371948242,-7.013029098510742,0.5216754674911499
057_box,put the box on the tray,6,1,101,4.413,1788427030.1493773,00005_front_put_the_box_on_the_tray.png,00005_wrist_put_the_box_on_the_tray.png,recap.png,50,12,140,141,-39.73626373626374,-101.4065934065934,88.57142857142857,60.48351648351648,-4.0,0.684931506849315,-38.96159744262695,-59.50279998779297,63.1529541015625,48.34925079345703,-7.152726173400879,0.6172025203704834
057_box,put the box on the tray,6,1,101,4.413,1788427030.1493773,00005_front_put_the_box_on_the_tray.png,00005_wrist_put_the_box_on_the_tray.png,recap.png,50,13,141,142,-39.73626373626374,-101.4065934065934,88.57142857142857,60.48351648351648,-4.0,0.684931506849315,-39.04409408569336,-57.587684631347656,62.16644287109375,47.851104736328125,-7.315536975860596,0.7401573061943054
057_box,put the box on the tray,6,1,101,4.413,1788427030.1493773,00005_front_put_the_box_on_the_tray.png,00005_wrist_put_the_box_on_the_tray.png,recap.png,50,14,142,143,-39.73626373626374,-101.4065934065934,88.57142857142857,60.48351648351648,-4.0,0.684931506849315,-38.87898254394531,-55.76831817626953,61.169395446777344,47.599388122558594,-7.242905139923096,0.7358949184417725
057_box,put the box on the tray,6,1,101,4.413,1788427030.1493773,00005_front_put_the_box_on_the_tray.png,00005_wrist_put_the_box_on_the_tray.png,recap.png,50,15,143,144,-39.73626373626374,-101.4065934065934,88.57142857142857,60.48351648351648,-4.0,0.684931506849315,-39.01094436645508,-54.12334060668945,59.98109436035156,47.2537841796875,-7.402371883392334,0.6681949496269226
057_box,put the box on the tray,6,1,101,4.413,1788427030.1493773,00005_front_put_the_box_on_the_tray.png,00005_wrist_put_the_box_on_the_tray.png,recap.png,50,16,144,145,-39.73626373626374,-101.4065934065934,88.57142857142857,60.48351648351648,-4.0,0.684931506849315,-39.009368896484375,-53.15129089355469,59.23461151123047,46.886627197265625,-7.411409378051758,0.6223889589309692
057_box,put the box on the tray,6,1,101,4.413,1788427030.1493773,00005_front_put_the_box_on_the_tray.png,00005_wrist_put_the_box_on_the_tray.png,recap.png,50,17,145,146,-39.73626373626374,-101.4065934065934,88.57142857142857,60.48351648351648,-4.0,0.684931506849315,-39.037296295166016,-51.55728530883789,58.06864929199219,46.58464431762695,-7.682651996612549,0.630146861076355
057_box,put the box on the tray,6,1,101,4.413,1788427030.1493773,00005_front_put_the_box_on_the_tray.png,00005_wrist_put_the_box_on_the_tray.png,recap.png,50,18,146,147,-39.73626373626374,-101.4065934065934,88.57142857142857,60.48351648351648,-4.0,0.684931506849315,-38.956661224365234,-50.139652252197266,56.92193603515625,46.53263854980469,-7.549544334411621,0.8180633783340454
057_box,put the box on the tray,6,1,101,4.413,1788427030.1493773,00005_front_put_the_box_on_the_tray.png,00005_wrist_put_the_box_on_the_tray.png,recap.png,50,19,147,148,-39.73626373626374,-101.4065934065934,88.57142857142857,60.48351648351648,-4.0,0.684931506849315,-39.044647216796875,-48.87705612182617,56.37458038330078,46.819007873535156,-7.629023551940918,0.7742159962654114
057_box,put the box on the tray,6,1,101,4.413,1788427030.1493773,00005_front_put_the_box_on_the_tray.png,00005_wrist_put_the_box_on_the_tray.png,recap.png,50,20,148,149,-39.73626373626374,-101.4065934065934,88.57142857142857,60.48351648351648,-4.0,0.684931506849315,-39.28022384643555,-47.986141204833984,55.4453125,46.824134826660156,-7.756767272949219,0.8340380191802979
057_box,put the box on the tray,6,1,101,4.413,1788427030.1493773,00005_front_put_the_box_on_the_tray.png,00005_wrist_put_the_box_on_the_tray.png,recap.png,50,21,149,150,-39.73626373626374,-101.4065934065934,88.57142857142857,60.48351648351648,-4.0,0.684931506849315,-39.49497604370117,-46.793846130371094,54.369659423828125,46.751243591308594,-7.8824262619018555,0.5374547243118286
057_box,put the box on the tray,6,1,101,4.413,1788427030.1493773,00005_front_put_the_box_on_the_tray.png,00005_wrist_put_the_box_on_the_tray.png,recap.png,50,22,150,151,-39.73626373626374,-101.4065934065934,88.57142857142857,60.48351648351648,-4.0,0.684931506849315,-39.49705123901367,-45.561763763427734,53.814537048339844,46.737762451171875,-7.877048969268799,0.6759900450706482
057_box,put the box on the tray,7,1,127,5.416,1788427031.1514628,00006_front_put_the_box_on_the_tray.png,00006_wrist_put_the_box_on_the_tray.png,recap.png,50,0,151,152,-41.142857142857146,-100.35164835164835,84.79120879120879,60.13186813186813,-5.230769230769231,0.684931506849315,-38.36100769042969,-63.42251968383789,61.527992248535156,50.251590728759766,-7.576309680938721,1.0202986001968384
057_box,put the box on the tray,7,1,127,5.416,1788427031.1514628,00006_front_put_the_box_on_the_tray.png,00006_wrist_put_the_box_on_the_tray.png,recap.png,50,1,152,153,-41.142857142857146,-100.35164835164835,84.79120879120879,60.13186813186813,-5.230769230769231,0.684931506849315,-38.127647399902344,-62.07365417480469,60.44268035888672,50.17359161376953,-7.714254856109619,1.0811147689819336
057_box,put the box on the tray,7,1,127,5.416,1788427031.1514628,00006_front_put_the_box_on_the_tray.png,00006_wrist_put_the_box_on_the_tray.png,recap.png,50,2,153,154,-41.142857142857146,-100.35164835164835,84.79120879120879,60.13186813186813,-5.230769230769231,0.684931506849315,-38.239078521728516,-60.0835075378418,58.619659423828125,50.13094711303711,-7.730711460113525,1.118088960647583
057_box,put the box on the tray,7,1,127,5.416,1788427031.1514628,00006_front_put_the_box_on_the_tray.png,00006_wrist_put_the_box_on_the_tray.png,recap.png,50,3,154,155,-41.142857142857146,-100.35164835164835,84.79120879120879,60.13186813186813,-5.230769230769231,0.684931506849315,-38.14794921875,-59.08108139038086,57.74424743652344,50.109439849853516,-8.035855293273926,0.8852896094322205
057_box,put the box on the tray,7,1,127,5.416,1788427031.1514628,00006_front_put_the_box_on_the_tray.png,00006_wrist_put_the_box_on_the_tray.png,recap.png,50,4,155,156,-41.142857142857146,-100.35164835164835,84.79120879120879,60.13186813186813,-5.230769230769231,0.684931506849315,-38.24525451660156,-57.11701202392578,56.77275848388672,49.89879608154297,-8.305726051330566,0.923808217048645
057_box,put the box on the tray,7,1,127,5.416,1788427031.1514628,00006_front_put_the_box_on_the_tray.png,00006_wrist_put_the_box_on_the_tray.png,recap.png,50,5,156,157,-41.142857142857146,-100.35164835164835,84.79120879120879,60.13186813186813,-5.230769230769231,0.684931506849315,-38.412353515625,-55.728267669677734,55.80732727050781,49.91622543334961,-8.433324813842773,1.1106624603271484
057_box,put the box on the tray,7,1,127,5.416,1788427031.1514628,00006_front_put_the_box_on_the_tray.png,00006_wrist_put_the_box_on_the_tray.png,recap.png,50,6,157,158,-41.142857142857146,-100.35164835164835,84.79120879120879,60.13186813186813,-5.230769230769231,0.684931506849315,-37.980857849121094,-54.64194107055664,54.31633758544922,49.49031448364258,-8.560132026672363,1.1921980381011963
057_box,put the box on the tray,7,1,127,5.416,1788427031.1514628,00006_front_put_the_box_on_the_tray.png,00006_wrist_put_the_box_on_the_tray.png,recap.png,50,7,158,159,-41.142857142857146,-100.35164835164835,84.79120879120879,60.13186813186813,-5.230769230769231,0.684931506849315,-38.24147415161133,-53.4582633972168,53.66471862792969,49.810447692871094,-8.433441162109375,1.1171979904174805
057_box,put the box on the tray,7,1,127,5.416,1788427031.1514628,00006_front_put_the_box_on_the_tray.png,00006_wrist_put_the_box_on_the_tray.png,recap.png,50,8,159,160,-41.142857142857146,-100.35164835164835,84.79120879120879,60.13186813186813,-5.230769230769231,0.684931506849315,-38.31717300415039,-51.133358001708984,52.04859924316406,49.58287811279297,-8.39872932434082,0.9694346785545349
057_box,put the box on the tray,7,1,127,5.416,1788427031.1514628,00006_front_put_the_box_on_the_tray.png,00006_wrist_put_the_box_on_the_tray.png,recap.png,50,9,160,161,-41.142857142857146,-100.35164835164835,84.79120879120879,60.13186813186813,-5.230769230769231,0.684931506849315,-38.35984420776367,-49.14013671875,50.17161560058594,49.615901947021484,-8.339094161987305,0.9418157935142517
057_box,put the box on the tray,7,1,127,5.416,1788427031.1514628,00006_front_put_the_box_on_the_tray.png,00006_wrist_put_the_box_on_the_tray.png,recap.png,50,10,161,162,-41.142857142857146,-100.35164835164835,84.79120879120879,60.13186813186813,-5.230769230769231,0.684931506849315,-38.20319747924805,-46.88398361206055,48.753448486328125,50.0700569152832,-8.399134635925293,0.9558053016662598
057_box,put the box on the tray,7,1,127,5.416,1788427031.1514628,00006_front_put_the_box_on_the_tray.png,00006_wrist_put_the_box_on_the_tray.png,recap.png,50,11,162,163,-41.142857142857146,-100.35164835164835,84.79120879120879,60.13186813186813,-5.230769230769231,0.684931506849315,-38.157196044921875,-45.04572296142578,47.20487976074219,50.1158561706543,-8.49797248840332,1.031109094619751
057_box,put the box on the tray,7,1,127,5.416,1788427031.1514628,00006_front_put_the_box_on_the_tray.png,00006_wrist_put_the_box_on_the_tray.png,recap.png,50,12,163,164,-41.142857142857146,-100.35164835164835,84.79120879120879,60.13186813186813,-5.230769230769231,0.684931506849315,-38.09389114379883,-42.383331298828125,45.42967224121094,50.65538024902344,-8.486835479736328,1.0499461889266968
057_box,put the box on the tray,7,1,127,5.416,1788427031.1514628,00006_front_put_the_box_on_the_tray.png,00006_wrist_put_the_box_on_the_tray.png,recap.png,50,13,164,165,-41.142857142857146,-100.35164835164835,84.79120879120879,60.13186813186813,-5.230769230769231,0.684931506849315,-38.18837356567383,-40.46196746826172,43.521827697753906,50.83434295654297,-8.534292221069336,1.1909244060516357
057_box,put the box on the tray,7,1,127,5.416,1788427031.1514628,00006_front_put_the_box_on_the_tray.png,00006_wrist_put_the_box_on_the_tray.png,recap.png,50,14,165,166,-41.142857142857146,-100.35164835164835,84.79120879120879,60.13186813186813,-5.230769230769231,0.684931506849315,-38.08274459838867,-39.47980880737305,42.530982971191406,51.108577728271484,-8.535593032836914,1.1249186992645264
057_box,put the box on the tray,7,1,127,5.416,1788427031.1514628,00006_front_put_the_box_on_the_tray.png,00006_wrist_put_the_box_on_the_tray.png,recap.png,50,15,166,167,-41.142857142857146,-100.35164835164835,84.79120879120879,60.13186813186813,-5.230769230769231,0.684931506849315,-38.14794921875,-38.115867614746094,40.74287414550781,51.147003173828125,-8.538196563720703,1.0700898170471191
057_box,put the box on the tray,7,1,127,5.416,1788427031.1514628,00006_front_put_the_box_on_the_tray.png,00006_wrist_put_the_box_on_the_tray.png,recap.png,50,16,167,168,-41.142857142857146,-100.35164835164835,84.79120879120879,60.13186813186813,-5.230769230769231,0.684931506849315,-38.40787124633789,-36.80064392089844,39.48858642578125,51.440330505371094,-8.626882553100586,1.165327787399292
057_box,put the box on the tray,7,1,127,5.416,1788427031.1514628,00006_front_put_the_box_on_the_tray.png,00006_wrist_put_the_box_on_the_tray.png,recap.png,50,17,168,169,-41.142857142857146,-100.35164835164835,84.79120879120879,60.13186813186813,-5.230769230769231,0.684931506849315,-38.03327941894531,-34.67027282714844,38.79700469970703,51.742271423339844,-8.551970481872559,1.1051945686340332
057_box,put the box on the tray,7,1,127,5.416,1788427031.1514628,00006_front_put_the_box_on_the_tray.png,00006_wrist_put_the_box_on_the_tray.png,recap.png,50,18,169,170,-41.142857142857146,-100.35164835164835,84.79120879120879,60.13186813186813,-5.230769230769231,0.684931506849315,-38.28523254394531,-33.38566589355469,38.03529357910156,51.66709518432617,-8.66605281829834,0.9860763549804688
057_box,put the box on the tray,7,1,127,5.416,1788427031.1514628,00006_front_put_the_box_on_the_tray.png,00006_wrist_put_the_box_on_the_tray.png,recap.png,50,19,170,171,-41.142857142857146,-100.35164835164835,84.79120879120879,60.13186813186813,-5.230769230769231,0.684931506849315,-38.37734603881836,-32.743446350097656,36.92082977294922,51.65827941894531,-8.709959030151367,1.1357026100158691
057_box,put the box on the tray,7,1,127,5.416,1788427031.1514628,00006_front_put_the_box_on_the_tray.png,00006_wrist_put_the_box_on_the_tray.png,recap.png,50,20,171,172,-41.142857142857146,-100.35164835164835,84.79120879120879,60.13186813186813,-5.230769230769231,0.684931506849315,-38.719871520996094,-30.920913696289062,34.73645782470703,51.64553451538086,-8.87634563446045,1.105905294418335
057_box,put the box on the tray,7,1,127,5.416,1788427031.1514628,00006_front_put_the_box_on_the_tray.png,00006_wrist_put_the_box_on_the_tray.png,recap.png,50,21,172,173,-41.142857142857146,-100.35164835164835,84.79120879120879,60.13186813186813,-5.230769230769231,0.684931506849315,-38.78346252441406,-29.841041564941406,33.721649169921875,51.712066650390625,-8.960051536560059,1.105924367904663
057_box,put the box on the tray,7,1,127,5.416,1788427031.1514628,00006_front_put_the_box_on_the_tray.png,00006_wrist_put_the_box_on_the_tray.png,recap.png,50,22,173,174,-41.142857142857146,-100.35164835164835,84.79120879120879,60.13186813186813,-5.230769230769231,0.684931506849315,-38.80255889892578,-28.771629333496094,33.20661926269531,51.70448684692383,-8.960354804992676,1.0637328624725342
057_box,put the box on the tray,7,1,127,5.416,1788427031.1514628,00006_front_put_the_box_on_the_tray.png,00006_wrist_put_the_box_on_the_tray.png,recap.png,50,23,174,175,-41.142857142857146,-100.35164835164835,84.79120879120879,60.13186813186813,-5.230769230769231,0.684931506849315,-38.55088806152344,-27.54137420654297,32.08546447753906,52.239723205566406,-8.947410583496094,0.9724331498146057
057_box,put the box on the tray,7,1,127,5.416,1788427031.1514628,00006_front_put_the_box_on_the_tray.png,00006_wrist_put_the_box_on_the_tray.png,recap.png,50,24,175,176,-41.142857142857146,-100.35164835164835,84.79120879120879,60.13186813186813,-5.230769230769231,0.684931506849315,-38.55278396606445,-25.947532653808594,30.96630096435547,52.524169921875,-9.050950050354004,1.0928822755813599
057_box,put the box on the tray,7,1,127,5.416,1788427031.1514628,00006_front_put_the_box_on_the_tray.png,00006_wrist_put_the_box_on_the_tray.png,recap.png,50,25,176,177,-41.142857142857146,-100.35164835164835,84.79120879120879,60.13186813186813,-5.230769230769231,0.684931506849315,-38.88361358642578,-24.189292907714844,29.197364807128906,53.347328186035156,-9.24886417388916,0.9979915022850037
057_box,put the box on the tray,8,1,150,6.252,1788427031.9886072,00007_front_put_the_box_on_the_tray.png,00007_wrist_put_the_box_on_the_tray.png,recap.png,50,0,177,178,-39.38461538461539,-49.010989010989015,58.94505494505494,47.73626373626374,-7.076923076923077,0.684931506849315,-39.709381103515625,-12.612472534179688,25.179458618164062,57.74617004394531,-10.470901489257812,2.3348610401153564
057_box,put the box on the tray,8,1,150,6.252,1788427031.9886072,00007_front_put_the_box_on_the_tray.png,00007_wrist_put_the_box_on_the_tray.png,recap.png,50,1,178,179,-39.38461538461539,-49.010989010989015,58.94505494505494,47.73626373626374,-7.076923076923077,0.684931506849315,-39.500240325927734,-12.418251037597656,24.308212280273438,58.52254104614258,-10.517751693725586,3.4769442081451416
057_box,put the box on the tray,8,1,150,6.252,1788427031.9886072,00007_front_put_the_box_on_the_tray.png,00007_wrist_put_the_box_on_the_tray.png,recap.png,50,2,179,180,-39.38461538461539,-49.010989010989015,58.94505494505494,47.73626373626374,-7.076923076923077,0.684931506849315,-39.62859344482422,-11.731849670410156,24.039886474609375,59.27861404418945,-10.569711685180664,5.530221462249756
057_box,put the box on the tray,8,1,150,6.252,1788427031.9886072,00007_front_put_the_box_on_the_tray.png,00007_wrist_put_the_box_on_the_tray.png,recap.png,50,3,180,181,-39.38461538461539,-49.010989010989015,58.94505494505494,47.73626373626374,-7.076923076923077,0.684931506849315,-39.7697639465332,-11.31988525390625,23.0482177734375,60.136024475097656,-10.578548431396484,7.842162609100342
057_box,put the box on the tray,8,1,150,6.252,1788427031.9886072,00007_front_put_the_box_on_the_tray.png,00007_wrist_put_the_box_on_the_tray.png,recap.png,50,4,181,182,-39.38461538461539,-49.010989010989015,58.94505494505494,47.73626373626374,-7.076923076923077,0.684931506849315,-40.01694107055664,-10.846504211425781,22.534080505371094,61.02252960205078,-10.671445846557617,9.787569046020508
057_box,put the box on the tray,8,1,150,6.252,1788427031.9886072,00007_front_put_the_box_on_the_tray.png,00007_wrist_put_the_box_on_the_tray.png,recap.png,50,5,182,183,-39.38461538461539,-49.010989010989015,58.94505494505494,47.73626373626374,-7.076923076923077,0.684931506849315,-39.97021484375,-10.15087890625,21.49376678466797,61.4506721496582,-10.604814529418945,11.400811195373535
057_box,put the box on the tray,8,1,150,6.252,1788427031.9886072,00007_front_put_the_box_on_the_tray.png,00007_wrist_put_the_box_on_the_tray.png,recap.png,50,6,183,184,-39.38461538461539,-49.010989010989015,58.94505494505494,47.73626373626374,-7.076923076923077,0.684931506849315,-40.4364128112793,-9.786376953125,21.297142028808594,61.99279022216797,-10.658203125,12.741164207458496
057_box,put the box on the tray,8,1,150,6.252,1788427031.9886072,00007_front_put_the_box_on_the_tray.png,00007_wrist_put_the_box_on_the_tray.png,recap.png,50,7,184,185,-39.38461538461539,-49.010989010989015,58.94505494505494,47.73626373626374,-7.076923076923077,0.684931506849315,-40.31378936767578,-9.324089050292969,21.304779052734375,62.26785659790039,-10.628629684448242,13.613262176513672
057_box,put the box on the tray,8,1,150,6.252,1788427031.9886072,00007_front_put_the_box_on_the_tray.png,00007_wrist_put_the_box_on_the_tray.png,recap.png,50,8,185,186,-39.38461538461539,-49.010989010989015,58.94505494505494,47.73626373626374,-7.076923076923077,0.684931506849315,-40.38165283203125,-9.238212585449219,20.785316467285156,62.61697006225586,-10.58846378326416,14.997296333312988
057_box,put the box on the tray,8,1,150,6.252,1788427031.9886072,00007_front_put_the_box_on_the_tray.png,00007_wrist_put_the_box_on_the_tray.png,recap.png,50,9,186,187,-39.38461538461539,-49.010989010989015,58.94505494505494,47.73626373626374,-7.076923076923077,0.684931506849315,-40.77272415161133,-8.722160339355469,20.527320861816406,63.16236114501953,-10.670842170715332,16.477149963378906
057_box,put the box on the tray,8,1,150,6.252,1788427031.9886072,00007_front_put_the_box_on_the_tray.png,00007_wrist_put_the_box_on_the_tray.png,recap.png,50,10,187,188,-39.38461538461539,-49.010989010989015,58.94505494505494,47.73626373626374,-7.076923076923077,0.684931506849315,-40.725318908691406,-8.896675109863281,20.19573211669922,63.424476623535156,-10.691767692565918,18.550403594970703
057_box,put the box on the tray,8,1,150,6.252,1788427031.9886072,00007_front_put_the_box_on_the_tray.png,00007_wrist_put_the_box_on_the_tray.png,recap.png,50,11,188,189,-39.38461538461539,-49.010989010989015,58.94505494505494,47.73626373626374,-7.076923076923077,0.684931506849315,-40.633522033691406,-8.437904357910156,20.213211059570312,63.86985778808594,-10.775224685668945,20.620758056640625
057_box,put the box on the tray,8,1,150,6.252,1788427031.9886072,00007_front_put_the_box_on_the_tray.png,00007_wrist_put_the_box_on_the_tray.png,recap.png,50,12,189,190,-39.38461538461539,-49.010989010989015,58.94505494505494,47.73626373626374,-7.076923076923077,0.684931506849315,-40.904510498046875,-8.2369384765625,19.885948181152344,64.0335693359375,-10.76900863647461,22.680524826049805
057_box,put the box on the tray,8,1,150,6.252,1788427031.9886072,00007_front_put_the_box_on_the_tray.png,00007_wrist_put_the_box_on_the_tray.png,recap.png,50,13,190,191,-39.38461538461539,-49.010989010989015,58.94505494505494,47.73626373626374,-7.076923076923077,0.684931506849315,-41.15034866333008,-7.876319885253906,19.875808715820312,64.29959106445312,-10.819770812988281,24.3243408203125
057_box,put the box on the tray,8,1,150,6.252,1788427031.9886072,00007_front_put_the_box_on_the_tray.png,00007_wrist_put_the_box_on_the_tray.png,recap.png,50,14,191,192,-39.38461538461539,-49.010989010989015,58.94505494505494,47.73626373626374,-7.076923076923077,0.684931506849315,-41.13349151611328,-7.45654296875,19.45978546142578,64.56197357177734,-10.859017372131348,25.28371238708496
057_box,put the box on the tray,8,1,150,6.252,1788427031.9886072,00007_front_put_the_box_on_the_tray.png,00007_wrist_put_the_box_on_the_tray.png,recap.png,50,15,192,193,-39.38461538461539,-49.010989010989015,58.94505494505494,47.73626373626374,-7.076923076923077,0.684931506849315,-40.93355941772461,-7.201103210449219,19.297943115234375,64.70870208740234,-10.791315078735352,25.781938552856445
057_box,put the box on the tray,8,1,150,6.252,1788427031.9886072,00007_front_put_the_box_on_the_tray.png,00007_wrist_put_the_box_on_the_tray.png,recap.png,50,16,193,194,-39.38461538461539,-49.010989010989015,58.94505494505494,47.73626373626374,-7.076923076923077,0.684931506849315,-40.93865203857422,-6.840736389160156,18.858322143554688,64.78871154785156,-10.892070770263672,25.996057510375977
057_box,put the box on the tray,8,1,150,6.252,1788427031.9886072,00007_front_put_the_box_on_the_tray.png,00007_wrist_put_the_box_on_the_tray.png,recap.png,50,17,194,195,-39.38461538461539,-49.010989010989015,58.94505494505494,47.73626373626374,-7.076923076923077,0.684931506849315,-41.01260757446289,-6.669029235839844,18.92601776123047,64.97605895996094,-10.79851245880127,26.02234649658203
057_box,put the box on the tray,8,1,150,6.252,1788427031.9886072,00007_front_put_the_box_on_the_tray.png,00007_wrist_put_the_box_on_the_tray.png,recap.png,50,18,195,196,-39.38461538461539,-49.010989010989015,58.94505494505494,47.73626373626374,-7.076923076923077,0.684931506849315,-41.16932678222656,-6.380836486816406,18.778648376464844,65.15677642822266,-10.856741905212402,26.119150161743164
057_box,put the box on the tray,8,1,150,6.252,1788427031.9886072,00007_front_put_the_box_on_the_tray.png,00007_wrist_put_the_box_on_the_tray.png,recap.png,50,19,196,197,-39.38461538461539,-49.010989010989015,58.94505494505494,47.73626373626374,-7.076923076923077,0.684931506849315,-41.00817108154297,-6.120292663574219,18.372695922851562,65.459228515625,-10.891780853271484,26.66493034362793
057_box,put the box on the tray,8,1,150,6.252,1788427031.9886072,00007_front_put_the_box_on_the_tray.png,00007_wrist_put_the_box_on_the_tray.png,recap.png,50,20,197,198,-39.38461538461539,-49.010989010989015,58.94505494505494,47.73626373626374,-7.076923076923077,0.684931506849315,-40.91009521484375,-5.968666076660156,17.824722290039062,65.596435546875,-10.825369834899902,27.37526512145996
057_box,put the box on the tray,8,1,150,6.252,1788427031.9886072,00007_front_put_the_box_on_the_tray.png,00007_wrist_put_the_box_on_the_tray.png,recap.png,50,21,198,199,-39.38461538461539,-49.010989010989015,58.94505494505494,47.73626373626374,-7.076923076923077,0.684931506849315,-41.10611343383789,-4.559043884277344,17.428489685058594,65.9000015258789,-10.846766471862793,27.862106323242188
057_box,put the box on the tray,8,1,150,6.252,1788427031.9886072,00007_front_put_the_box_on_the_tray.png,00007_wrist_put_the_box_on_the_tray.png,recap.png,50,22,199,200,-39.38461538461539,-49.010989010989015,58.94505494505494,47.73626373626374,-7.076923076923077,0.684931506849315,-41.36251449584961,-4.237678527832031,16.97467803955078,66.0142822265625,-10.858543395996094,28.14247703552246
057_box,put the box on the tray,9,1,176,7.222,1788427032.957726,00008_front_put_the_box_on_the_tray.png,00008_wrist_put_the_box_on_the_tray.png,recap.png,50,0,200,201,-38.59340659340659,-28.263736263736263,35.73626373626374,51.86813186813187,-8.307692307692308,0.821917808219178,-38.50563049316406,3.9752883911132812,4.193302154541016,70.49120330810547,-10.542750358581543,27.278650283813477
057_box,put the box on the tray,9,1,176,7.222,1788427032.957726,00008_front_put_the_box_on_the_tray.png,00008_wrist_put_the_box_on_the_tray.png,recap.png,50,1,201,202,-38.59340659340659,-28.263736263736263,35.73626373626374,51.86813186813187,-8.307692307692308,0.821917808219178,-38.60421371459961,4.668487548828125,4.392803192138672,70.1427993774414,-10.558258056640625,27.265840530395508
057_box,put the box on the tray,9,1,176,7.222,1788427032.957726,00008_front_put_the_box_on_the_tray.png,00008_wrist_put_the_box_on_the_tray.png,recap.png,50,2,202,203,-38.59340659340659,-28.263736263736263,35.73626373626374,51.86813186813187,-8.307692307692308,0.821917808219178,-38.743797302246094,5.422233581542969,4.501613616943359,69.9777603149414,-10.38339900970459,27.118907928466797
057_box,put the box on the tray,9,1,176,7.222,1788427032.957726,00008_front_put_the_box_on_the_tray.png,00008_wrist_put_the_box_on_the_tray.png,recap.png,50,3,203,204,-38.59340659340659,-28.263736263736263,35.73626373626374,51.86813186813187,-8.307692307692308,0.821917808219178,-38.89595413208008,4.9648590087890625,3.1458206176757812,70.13996124267578,-10.178825378417969,26.846200942993164
057_box,put the box on the tray,9,1,176,7.222,1788427032.957726,00008_front_put_the_box_on_the_tray.png,00008_wrist_put_the_box_on_the_tray.png,recap.png,50,4,204,205,-38.59340659340659,-28.263736263736263,35.73626373626374,51.86813186813187,-8.307692307692308,0.821917808219178,-39.08189010620117,6.025276184082031,2.941558837890625,69.94451904296875,-10.147141456604004,26.8946475982666
057_box,put the box on the tray,9,1,176,7.222,1788427032.957726,00008_front_put_the_box_on_the_tray.png,00008_wrist_put_the_box_on_the_tray.png,recap.png,50,5,205,206,-38.59340659340659,-28.263736263736263,35.73626373626374,51.86813186813187,-8.307692307692308,0.821917808219178,-39.13103485107422,6.305717468261719,2.8170509338378906,69.98223876953125,-10.219283103942871,26.980451583862305
057_box,put the box on the tray,9,1,176,7.222,1788427032.957726,00008_front_put_the_box_on_the_tray.png,00008_wrist_put_the_box_on_the_tray.png,recap.png,50,6,206,207,-38.59340659340659,-28.263736263736263,35.73626373626374,51.86813186813187,-8.307692307692308,0.821917808219178,-39.17900848388672,6.944419860839844,2.748199462890625,70.27032470703125,-10.046385765075684,27.26401710510254
057_box,put the box on the tray,9,1,176,7.222,1788427032.957726,00008_front_put_the_box_on_the_tray.png,00008_wrist_put_the_box_on_the_tray.png,recap.png,50,7,207,208,-38.59340659340659,-28.263736263736263,35.73626373626374,51.86813186813187,-8.307692307692308,0.821917808219178,-39.319114685058594,7.142662048339844,2.049091339111328,70.40979766845703,-9.926431655883789,27.44895362854004
057_box,put the box on the tray,9,1,176,7.222,1788427032.957726,00008_front_put_the_box_on_the_tray.png,00008_wrist_put_the_box_on_the_tray.png,recap.png,50,8,208,209,-38.59340659340659,-28.263736263736263,35.73626373626374,51.86813186813187,-8.307692307692308,0.821917808219178,-39.31982421875,8.7086181640625,1.2631416320800781,70.7154312133789,-10.075702667236328,28.30973243713379
057_box,put the box on the tray,9,1,176,7.222,1788427032.957726,00008_front_put_the_box_on_the_tray.png,00008_wrist_put_the_box_on_the_tray.png,recap.png,50,9,209,210,-38.59340659340659,-28.263736263736263,35.73626373626374,51.86813186813187,-8.307692307692308,0.821917808219178,-39.25494384765625,9.729202270507812,0.15190505981445312,71.12428283691406,-9.956012725830078,29.356325149536133
057_box,put the box on the tray,9,1,176,7.222,1788427032.957726,00008_front_put_the_box_on_the_tray.png,00008_wrist_put_the_box_on_the_tray.png,recap.png,50,10,210,211,-38.59340659340659,-28.263736263736263,35.73626373626374,51.86813186813187,-8.307692307692308,0.821917808219178,-39.26521682739258,10.326461791992188,-0.34926605224609375,71.42890167236328,-9.885092735290527,30.19273567199707
057_box,put the box on the tray,9,1,176,7.222,1788427032.957726,00008_front_put_the_box_on_the_tray.png,00008_wrist_put_the_box_on_the_tray.png,recap.png,50,11,211,212,-38.59340659340659,-28.263736263736263,35.73626373626374,51.86813186813187,-8.307692307692308,0.821917808219178,-39.204036712646484,10.422615051269531,-1.0037994384765625,71.5993881225586,-9.860384941101074,30.97450828552246
057_box,put the box on the tray,9,1,176,7.222,1788427032.957726,00008_front_put_the_box_on_the_tray.png,00008_wrist_put_the_box_on_the_tray.png,recap.png,50,12,212,213,-38.59340659340659,-28.263736263736263,35.73626373626374,51.86813186813187,-8.307692307692308,0.821917808219178,-39.53871154785156,11.802940368652344,-1.9112892150878906,71.86014556884766,-9.819890975952148,31.545732498168945
057_box,put the box on the tray,9,1,176,7.222,1788427032.957726,00008_front_put_the_box_on_the_tray.png,00008_wrist_put_the_box_on_the_tray.png,recap.png,50,13,213,214,-38.59340659340659,-28.263736263736263,35.73626373626374,51.86813186813187,-8.307692307692308,0.821917808219178,-39.41691207885742,12.545814514160156,-2.6148223876953125,71.72283935546875,-9.773324966430664,31.65522575378418
057_box,put the box on the tray,9,1,176,7.222,1788427032.957726,00008_front_put_the_box_on_the_tray.png,00008_wrist_put_the_box_on_the_tray.png,recap.png,50,14,214,215,-38.59340659340659,-28.263736263736263,35.73626373626374,51.86813186813187,-8.307692307692308,0.821917808219178,-39.33549118041992,14.117507934570312,-3.164600372314453,72.16744995117188,-9.602535247802734,31.609867095947266
057_box,put the box on the tray,9,1,176,7.222,1788427032.957726,00008_front_put_the_box_on_the_tray.png,00008_wrist_put_the_box_on_the_tray.png,recap.png,50,15,215,216,-38.59340659340659,-28.263736263736263,35.73626373626374,51.86813186813187,-8.307692307692308,0.821917808219178,-39.48781204223633,14.081413269042969,-3.8066368103027344,72.12824249267578,-9.615508079528809,31.81589126586914
057_box,put the box on the tray,9,1,176,7.222,1788427032.957726,00008_front_put_the_box_on_the_tray.png,00008_wrist_put_the_box_on_the_tray.png,recap.png,50,16,216,217,-38.59340659340659,-28.263736263736263,35.73626373626374,51.86813186813187,-8.307692307692308,0.821917808219178,-39.47364807128906,15.250808715820312,-4.048831939697266,72.35332489013672,-9.591339111328125,31.756454467773438
057_box,put the box on the tray,9,1,176,7.222,1788427032.957726,00008_front_put_the_box_on_the_tray.png,00008_wrist_put_the_box_on_the_tray.png,recap.png,50,17,217,218,-38.59340659340659,-28.263736263736263,35.73626373626374,51.86813186813187,-8.307692307692308,0.821917808219178,-39.15876388549805,15.840950012207031,-5.013511657714844,72.01907348632812,-9.463729858398438,31.683425903320312
057_box,put the box on the tray,9,1,176,7.222,1788427032.957726,00008_front_put_the_box_on_the_tray.png,00008_wrist_put_the_box_on_the_tray.png,recap.png,50,18,218,219,-38.59340659340659,-28.263736263736263,35.73626373626374,51.86813186813187,-8.307692307692308,0.821917808219178,-39.421043395996094,17.01232147216797,-5.053897857666016,72.26535034179688,-9.45742130279541,31.757627487182617
057_box,put the box on the tray,9,1,176,7.222,1788427032.957726,00008_front_put_the_box_on_the_tray.png,00008_wrist_put_the_box_on_the_tray.png,recap.png,50,19,219,220,-38.59340659340659,-28.263736263736263,35.73626373626374,51.86813186813187,-8.307692307692308,0.821917808219178,-39.59254455566406,17.62494659423828,-6.349678039550781,72.61552429199219,-9.346919059753418,31.652523040771484
057_box,put the box on the tray,9,1,176,7.222,1788427032.957726,00008_front_put_the_box_on_the_tray.png,00008_wrist_put_the_box_on_the_tray.png,recap.png,50,20,220,221,-38.59340659340659,-28.263736263736263,35.73626373626374,51.86813186813187,-8.307692307692308,0.821917808219178,-39.580047607421875,18.529251098632812,-6.852092742919922,72.60842895507812,-9.448984146118164,31.894805908203125
057_box,put the box on the tray,9,1,176,7.222,1788427032.957726,00008_front_put_the_box_on_the_tray.png,00008_wrist_put_the_box_on_the_tray.png,recap.png,50,21,221,222,-38.59340659340659,-28.263736263736263,35.73626373626374,51.86813186813187,-8.307692307692308,0.821917808219178,-39.351444244384766,18.919715881347656,-7.582607269287109,73.00862121582031,-9.368847846984863,32.019535064697266
057_box,put the box on the tray,9,1,176,7.222,1788427032.957726,00008_front_put_the_box_on_the_tray.png,00008_wrist_put_the_box_on_the_tray.png,recap.png,50,22,222,223,-38.59340659340659,-28.263736263736263,35.73626373626374,51.86813186813187,-8.307692307692308,0.821917808219178,-39.39457321166992,20.467041015625,-8.080272674560547,73.27665710449219,-9.42578125,32.063968658447266
057_box,put the box on the tray,9,1,176,7.222,1788427032.957726,00008_front_put_the_box_on_the_tray.png,00008_wrist_put_the_box_on_the_tray.png,recap.png,50,23,223,224,-38.59340659340659,-28.263736263736263,35.73626373626374,51.86813186813187,-8.307692307692308,0.821917808219178,-39.49088668823242,21.33075714111328,-9.079383850097656,73.69415283203125,-9.510168075561523,32.22724151611328
057_box,put the box on the tray,9,1,176,7.222,1788427032.957726,00008_front_put_the_box_on_the_tray.png,00008_wrist_put_the_box_on_the_tray.png,recap.png,50,24,224,225,-38.59340659340659,-28.263736263736263,35.73626373626374,51.86813186813187,-8.307692307692308,0.821917808219178,-39.53249740600586,22.62177276611328,-10.643177032470703,74.18414306640625,-9.567880630493164,32.240699768066406
057_box,put the box on the tray,9,1,176,7.222,1788427032.957726,00008_front_put_the_box_on_the_tray.png,00008_wrist_put_the_box_on_the_tray.png,recap.png,50,25,225,226,-38.59340659340659,-28.263736263736263,35.73626373626374,51.86813186813187,-8.307692307692308,0.821917808219178,-39.736812591552734,24.07219696044922,-11.693206787109375,74.74700164794922,-9.37761402130127,32.12279510498047
057_box,put the box on the tray,10,1,199,8.024,1788427033.7617688,00009_front_put_the_box_on_the_tray.png,00009_wrist_put_the_box_on_the_tray.png,recap.png,50,0,226,227,-40.79120879120879,-5.582417582417582,20.52747252747253,65.4065934065934,-10.241758241758241,26.506849315068493,-44.71709442138672,23.10454559326172,-8.531913757324219,74.23884582519531,-11.033401489257812,33.151546478271484
057_box,put the box on the tray,10,1,199,8.024,1788427033.7617688,00009_front_put_the_box_on_the_tray.png,00009_wrist_put_the_box_on_the_tray.png,recap.png,50,1,227,228,-40.79120879120879,-5.582417582417582,20.52747252747253,65.4065934065934,-10.241758241758241,26.506849315068493,-44.440818786621094,23.327682495117188,-9.313758850097656,74.3638916015625,-10.893571853637695,33.19242477416992
057_box,put the box on the tray,10,1,199,8.024,1788427033.7617688,00009_front_put_the_box_on_the_tray.png,00009_wrist_put_the_box_on_the_tray.png,recap.png,50,2,228,229,-40.79120879120879,-5.582417582417582,20.52747252747253,65.4065934065934,-10.241758241758241,26.506849315068493,-44.414859771728516,24.520095825195312,-8.883026123046875,74.52410888671875,-10.810370445251465,33.673683166503906
057_box,put the box on the tray,10,1,199,8.024,1788427033.7617688,00009_front_put_the_box_on_the_tray.png,00009_wrist_put_the_box_on_the_tray.png,recap.png,50,3,229,230,-40.79120879120879,-5.582417582417582,20.52747252747253,65.4065934065934,-10.241758241758241,26.506849315068493,-44.52214050292969,25.182098388671875,-10.063072204589844,74.72882080078125,-10.881219863891602,34.18626022338867
057_box,put the box on the tray,10,1,199,8.024,1788427033.7617688,00009_front_put_the_box_on_the_tray.png,00009_wrist_put_the_box_on_the_tray.png,recap.png,50,4,230,231,-40.79120879120879,-5.582417582417582,20.52747252747253,65.4065934065934,-10.241758241758241,26.506849315068493,-44.47059631347656,27.02672576904297,-9.397483825683594,74.53651428222656,-10.770797729492188,34.53606414794922
057_box,put the box on the tray,10,1,199,8.024,1788427033.7617688,00009_front_put_the_box_on_the_tray.png,00009_wrist_put_the_box_on_the_tray.png,recap.png,50,5,231,232,-40.79120879120879,-5.582417582417582,20.52747252747253,65.4065934065934,-10.241758241758241,26.506849315068493,-44.55781555175781,26.919700622558594,-10.361339569091797,74.72784423828125,-10.849344253540039,34.86778259277344
057_box,put the box on the tray,10,1,199,8.024,1788427033.7617688,00009_front_put_the_box_on_the_tray.png,00009_wrist_put_the_box_on_the_tray.png,recap.png,50,6,232,233,-40.79120879120879,-5.582417582417582,20.52747252747253,65.4065934065934,-10.241758241758241,26.506849315068493,-44.49503707885742,27.606163024902344,-10.192062377929688,74.75836181640625,-10.884200096130371,34.93667984008789
057_box,put the box on the tray,10,1,199,8.024,1788427033.7617688,00009_front_put_the_box_on_the_tray.png,00009_wrist_put_the_box_on_the_tray.png,recap.png,50,7,233,234,-40.79120879120879,-5.582417582417582,20.52747252747253,65.4065934065934,-10.241758241758241,26.506849315068493,-44.327579498291016,28.407127380371094,-10.917831420898438,74.61781311035156,-10.63556957244873,34.6787223815918
057_box,put the box on the tray,10,1,199,8.024,1788427033.7617688,00009_front_put_the_box_on_the_tray.png,00009_wrist_put_the_box_on_the_tray.png,recap.png,50,8,234,235,-40.79120879120879,-5.582417582417582,20.52747252747253,65.4065934065934,-10.241758241758241,26.506849315068493,-44.351806640625,28.725257873535156,-11.017860412597656,74.7021255493164,-10.803304672241211,34.82493591308594
057_box,put the box on the tray,10,1,199,8.024,1788427033.7617688,00009_front_put_the_box_on_the_tray.png,00009_wrist_put_the_box_on_the_tray.png,recap.png,50,9,235,236,-40.79120879120879,-5.582417582417582,20.52747252747253,65.4065934065934,-10.241758241758241,26.506849315068493,-44.72877883911133,28.72606658935547,-11.680683135986328,74.88241577148438,-10.717592239379883,34.50352478027344
057_box,put the box on the tray,10,1,199,8.024,1788427033.7617688,00009_front_put_the_box_on_the_tray.png,00009_wrist_put_the_box_on_the_tray.png,recap.png,50,10,236,237,-40.79120879120879,-5.582417582417582,20.52747252747253,65.4065934065934,-10.241758241758241,26.506849315068493,-44.507041931152344,28.92121124267578,-11.552406311035156,74.91449737548828,-10.740493774414062,34.542396545410156
057_box,put the box on the tray,10,1,199,8.024,1788427033.7617688,00009_front_put_the_box_on_the_tray.png,00009_wrist_put_the_box_on_the_tray.png,recap.png,50,11,237,238,-40.79120879120879,-5.582417582417582,20.52747252747253,65.4065934065934,-10.241758241758241,26.506849315068493,-44.5989875793457,30.124305725097656,-12.047332763671875,75.28334045410156,-10.806554794311523,34.79264831542969
057_box,put the box on the tray,10,1,199,8.024,1788427033.7617688,00009_front_put_the_box_on_the_tray.png,00009_wrist_put_the_box_on_the_tray.png,recap.png,50,12,238,239,-40.79120879120879,-5.582417582417582,20.52747252747253,65.4065934065934,-10.241758241758241,26.506849315068493,-44.859169006347656,30.01854705810547,-11.883769989013672,75.52608489990234,-10.52977466583252,34.5516357421875
057_box,put the box on the tray,10,1,199,8.024,1788427033.7617688,00009_front_put_the_box_on_the_tray.png,00009_wrist_put_the_box_on_the_tray.png,recap.png,50,13,239,240,-40.79120879120879,-5.582417582417582,20.52747252747253,65.4065934065934,-10.241758241758241,26.506849315068493,-45.043212890625,31.712074279785156,-12.299556732177734,75.84415435791016,-10.629777908325195,34.206504821777344
057_box,put the box on the tray,10,1,199,8.024,1788427033.7617688,00009_front_put_the_box_on_the_tray.png,00009_wrist_put_the_box_on_the_tray.png,recap.png,50,14,240,241,-40.79120879120879,-5.582417582417582,20.52747252747253,65.4065934065934,-10.241758241758241,26.506849315068493,-44.976585388183594,32.498695373535156,-13.362239837646484,76.26708221435547,-10.728863716125488,33.088226318359375
057_box,put the box on the tray,10,1,199,8.024,1788427033.7617688,00009_front_put_the_box_on_the_tray.png,00009_wrist_put_the_box_on_the_tray.png,recap.png,50,15,241,242,-40.79120879120879,-5.582417582417582,20.52747252747253,65.4065934065934,-10.241758241758241,26.506849315068493,-44.893646240234375,32.43914031982422,-14.179733276367188,76.49567413330078,-10.688762664794922,30.65688133239746
057_box,put the box on the tray,10,1,199,8.024,1788427033.7617688,00009_front_put_the_box_on_the_tray.png,00009_wrist_put_the_box_on_the_tray.png,recap.png,50,16,242,243,-40.79120879120879,-5.582417582417582,20.52747252747253,65.4065934065934,-10.241758241758241,26.506849315068493,-44.91146469116211,33.78064727783203,-14.557464599609375,76.38619995117188,-10.564573287963867,28.0988712310791
057_box,put the box on the tray,10,1,199,8.024,1788427033.7617688,00009_front_put_the_box_on_the_tray.png,00009_wrist_put_the_box_on_the_tray.png,recap.png,50,17,243,244,-40.79120879120879,-5.582417582417582,20.52747252747253,65.4065934065934,-10.241758241758241,26.506849315068493,-44.957984924316406,33.740028381347656,-14.00893783569336,76.58695220947266,-10.508147239685059,25.036712646484375
057_box,put the box on the tray,10,1,199,8.024,1788427033.7617688,00009_front_put_the_box_on_the_tray.png,00009_wrist_put_the_box_on_the_tray.png,recap.png,50,18,244,245,-40.79120879120879,-5.582417582417582,20.52747252747253,65.4065934065934,-10.241758241758241,26.506849315068493,-44.520423889160156,34.52204132080078,-14.463005065917969,76.04234313964844,-10.390142440795898,22.276151657104492
057_box,put the box on the tray,10,1,199,8.024,1788427033.7617688,00009_front_put_the_box_on_the_tray.png,00009_wrist_put_the_box_on_the_tray.png,recap.png,50,19,245,246,-40.79120879120879,-5.582417582417582,20.52747252747253,65.4065934065934,-10.241758241758241,26.506849315068493,-44.688743591308594,34.459449768066406,-14.94515609741211,76.3508529663086,-10.170276641845703,19.406639099121094
057_box,put the box on the tray,10,1,199,8.024,1788427033.7617688,00009_front_put_the_box_on_the_tray.png,00009_wrist_put_the_box_on_the_tray.png,recap.png,50,20,246,247,-40.79120879120879,-5.582417582417582,20.52747252747253,65.4065934065934,-10.241758241758241,26.506849315068493,-44.80818557739258,35.28821563720703,-15.245311737060547,76.19802856445312,-9.915044784545898,17.173540115356445
057_box,put the box on the tray,10,1,199,8.024,1788427033.7617688,00009_front_put_the_box_on_the_tray.png,00009_wrist_put_the_box_on_the_tray.png,recap.png,50,21,247,248,-40.79120879120879,-5.582417582417582,20.52747252747253,65.4065934065934,-10.241758241758241,26.506849315068493,-44.82660675048828,35.443641662597656,-15.558837890625,76.23843383789062,-9.806584358215332,14.87555980682373
057_box,put the box on the tray,10,1,199,8.024,1788427033.7617688,00009_front_put_the_box_on_the_tray.png,00009_wrist_put_the_box_on_the_tray.png,recap.png,50,22,248,249,-40.79120879120879,-5.582417582417582,20.52747252747253,65.4065934065934,-10.241758241758241,26.506849315068493,-44.50294494628906,35.52855682373047,-15.454353332519531,76.06898498535156,-9.67779541015625,13.352932929992676
057_box,put the box on the tray,11,1,225,9.028,1788427034.766014,00010_front_put_the_box_on_the_tray.png,00010_wrist_put_the_box_on_the_tray.png,recap.png,50,0,249,250,-39.56043956043956,21.494505494505493,-6.197802197802198,73.14285714285714,-10.065934065934066,31.780821917808222,-42.14473342895508,33.926795959472656,-16.621280670166016,76.491455078125,-11.648307800292969,9.954907417297363
057_box,put the box on the tray,11,1,225,9.028,1788427034.766014,00010_front_put_the_box_on_the_tray.png,00010_wrist_put_the_box_on_the_tray.png,recap.png,50,1,250,251,-39.56043956043956,21.494505494505493,-6.197802197802198,73.14285714285714,-10.065934065934066,31.780821917808222,-42.2722053527832,34.19220733642578,-14.562538146972656,76.47451782226562,-11.553611755371094,8.521397590637207
057_box,put the box on the tray,11,1,225,9.028,1788427034.766014,00010_front_put_the_box_on_the_tray.png,00010_wrist_put_the_box_on_the_tray.png,recap.png,50,2,251,252,-39.56043956043956,21.494505494505493,-6.197802197802198,73.14285714285714,-10.065934065934066,31.780821917808222,-42.11240768432617,34.86432647705078,-15.500431060791016,76.42862701416016,-11.763432502746582,7.361282825469971
057_box,put the box on the tray,11,1,225,9.028,1788427034.766014,00010_front_put_the_box_on_the_tray.png,00010_wrist_put_the_box_on_the_tray.png,recap.png,50,3,252,253,-39.56043956043956,21.494505494505493,-6.197802197802198,73.14285714285714,-10.065934065934066,31.780821917808222,-42.14317321777344,33.196388244628906,-15.855567932128906,76.70111846923828,-11.603470802307129,6.803561210632324
057_box,put the box on the tray,11,1,225,9.028,1788427034.766014,00010_front_put_the_box_on_the_tray.png,00010_wrist_put_the_box_on_the_tray.png,recap.png,50,4,253,254,-39.56043956043956,21.494505494505493,-6.197802197802198,73.14285714285714,-10.065934065934066,31.780821917808222,-42.552024841308594,34.115272521972656,-14.615211486816406,76.3824691772461,-11.686503410339355,6.5468974113464355
057_box,put the box on the tray,11,1,225,9.028,1788427034.766014,00010_front_put_the_box_on_the_tray.png,00010_wrist_put_the_box_on_the_tray.png,recap.png,50,5,254,255,-39.56043956043956,21.494505494505493,-6.197802197802198,73.14285714285714,-10.065934065934066,31.780821917808222,-42.51698684692383,34.37104034423828,-14.621315002441406,76.8917236328125,-11.644088745117188,6.294301509857178
057_box,put the box on the tray,11,1,225,9.028,1788427034.766014,00010_front_put_the_box_on_the_tray.png,00010_wrist_put_the_box_on_the_tray.png,recap.png,50,6,255,256,-39.56043956043956,21.494505494505493,-6.197802197802198,73.14285714285714,-10.065934065934066,31.780821917808222,-42.663116455078125,34.330894470214844,-15.399200439453125,76.85218048095703,-11.718210220336914,6.129761695861816
057_box,put the box on the tray,11,1,225,9.028,1788427034.766014,00010_front_put_the_box_on_the_tray.png,00010_wrist_put_the_box_on_the_tray.png,recap.png,50,7,256,257,-39.56043956043956,21.494505494505493,-6.197802197802198,73.14285714285714,-10.065934065934066,31.780821917808222,-42.41796875,34.32244110107422,-16.862056732177734,77.77169036865234,-11.86751937866211,6.005660057067871
057_box,put the box on the tray,11,1,225,9.028,1788427034.766014,00010_front_put_the_box_on_the_tray.png,00010_wrist_put_the_box_on_the_tray.png,recap.png,50,8,257,258,-39.56043956043956,21.494505494505493,-6.197802197802198,73.14285714285714,-10.065934065934066,31.780821917808222,-42.45550537109375,33.64344024658203,-16.307655334472656,78.23161315917969,-11.73570728302002,5.954500675201416
057_box,put the box on the tray,11,1,225,9.028,1788427034.766014,00010_front_put_the_box_on_the_tray.png,00010_wrist_put_the_box_on_the_tray.png,recap.png,50,9,258,259,-39.56043956043956,21.494505494505493,-6.197802197802198,73.14285714285714,-10.065934065934066,31.780821917808222,-42.20088195800781,34.388343811035156,-17.216815948486328,78.73278045654297,-11.8811674118042,6.029314041137695
057_box,put the box on the tray,11,1,225,9.028,1788427034.766014,00010_front_put_the_box_on_the_tray.png,00010_wrist_put_the_box_on_the_tray.png,recap.png,50,10,259,260,-39.56043956043956,21.494505494505493,-6.197802197802198,73.14285714285714,-10.065934065934066,31.780821917808222,-42.281646728515625,34.66120147705078,-19.20842742919922,79.92288208007812,-11.823848724365234,6.16993522644043
057_box,put the box on the tray,11,1,225,9.028,1788427034.766014,00010_front_put_the_box_on_the_tray.png,00010_wrist_put_the_box_on_the_tray.png,recap.png,50,11,260,261,-39.56043956043956,21.494505494505493,-6.197802197802198,73.14285714285714,-10.065934065934066,31.780821917808222,-42.32450485229492,33.91967010498047,-19.520374298095703,80.97061157226562,-12.1650390625,6.524240493774414
057_box,put the box on the tray,11,1,225,9.028,1788427034.766014,00010_front_put_the_box_on_the_tray.png,00010_wrist_put_the_box_on_the_tray.png,recap.png,50,12,261,262,-39.56043956043956,21.494505494505493,-6.197802197802198,73.14285714285714,-10.065934065934066,31.780821917808222,-41.86919021606445,34.38311004638672,-22.34121322631836,81.99041748046875,-12.423918724060059,6.522728443145752
057_box,put the box on the tray,11,1,225,9.028,1788427034.766014,00010_front_put_the_box_on_the_tray.png,00010_wrist_put_the_box_on_the_tray.png,recap.png,50,13,262,263,-39.56043956043956,21.494505494505493,-6.197802197802198,73.14285714285714,-10.065934065934066,31.780821917808222,-41.93762969970703,35.06420135498047,-22.575252532958984,83.16502380371094,-12.481392860412598,6.6302361488342285
057_box,put the box on the tray,11,1,225,9.028,1788427034.766014,00010_front_put_the_box_on_the_tray.png,00010_wrist_put_the_box_on_the_tray.png,recap.png,50,14,263,264,-39.56043956043956,21.494505494505493,-6.197802197802198,73.14285714285714,-10.065934065934066,31.780821917808222,-41.786346435546875,34.482933044433594,-24.410444259643555,84.22518920898438,-12.554807662963867,6.6223063468933105
057_box,put the box on the tray,11,1,225,9.028,1788427034.766014,00010_front_put_the_box_on_the_tray.png,00010_wrist_put_the_box_on_the_tray.png,recap.png,50,15,264,265,-39.56043956043956,21.494505494505493,-6.197802197802198,73.14285714285714,-10.065934065934066,31.780821917808222,-41.507320404052734,35.00666046142578,-25.543350219726562,85.25770568847656,-12.692882537841797,6.57977294921875
057_box,put the box on the tray,11,1,225,9.028,1788427034.766014,00010_front_put_the_box_on_the_tray.png,00010_wrist_put_the_box_on_the_tray.png,recap.png,50,16,265,266,-39.56043956043956,21.494505494505493,-6.197802197802198,73.14285714285714,-10.065934065934066,31.780821917808222,-41.46510314941406,34.493431091308594,-27.25303077697754,86.23789978027344,-12.793654441833496,6.51060152053833
057_box,put the box on the tray,11,1,225,9.028,1788427034.766014,00010_front_put_the_box_on_the_tray.png,00010_wrist_put_the_box_on_the_tray.png,recap.png,50,17,266,267,-39.56043956043956,21.494505494505493,-6.197802197802198,73.14285714285714,-10.065934065934066,31.780821917808222,-41.48876190185547,34.47821807861328,-28.63038444519043,86.96868133544922,-12.70360279083252,6.205882549285889
057_box,put the box on the tray,11,1,225,9.028,1788427034.766014,00010_front_put_the_box_on_the_tray.png,00010_wrist_put_the_box_on_the_tray.png,recap.png,50,18,267,268,-39.56043956043956,21.494505494505493,-6.197802197802198,73.14285714285714,-10.065934065934066,31.780821917808222,-41.198951721191406,35.050132751464844,-29.769561767578125,87.96163940429688,-12.755867958068848,6.068787574768066
057_box,put the box on the tray,11,1,225,9.028,1788427034.766014,00010_front_put_the_box_on_the_tray.png,00010_wrist_put_the_box_on_the_tray.png,recap.png,50,19,268,269,-39.56043956043956,21.494505494505493,-6.197802197802198,73.14285714285714,-10.065934065934066,31.780821917808222,-41.320316314697266,33.62688446044922,-30.099409103393555,89.05664825439453,-12.792716979980469,5.8505635261535645
057_box,put the box on the tray,11,1,225,9.028,1788427034.766014,00010_front_put_the_box_on_the_tray.png,00010_wrist_put_the_box_on_the_tray.png,recap.png,50,20,269,270,-39.56043956043956,21.494505494505493,-6.197802197802198,73.14285714285714,-10.065934065934066,31.780821917808222,-41.112247467041016,34.52234649658203,-31.42452049255371,89.85440826416016,-12.864497184753418,5.64710807800293
057_box,put the box on the tray,11,1,225,9.028,1788427034.766014,00010_front_put_the_box_on_the_tray.png,00010_wrist_put_the_box_on_the_tray.png,recap.png,50,21,270,271,-39.56043956043956,21.494505494505493,-6.197802197802198,73.14285714285714,-10.065934065934066,31.780821917808222,-41.3222541809082,33.95098114013672,-32.57830810546875,90.51508331298828,-12.96239948272705,5.502468585968018
057_box,put the box on the tray,11,1,225,9.028,1788427034.766014,00010_front_put_the_box_on_the_tray.png,00010_wrist_put_the_box_on_the_tray.png,recap.png,50,22,271,272,-39.56043956043956,21.494505494505493,-6.197802197802198,73.14285714285714,-10.065934065934066,31.780821917808222,-40.84502029418945,33.585166931152344,-33.20598602294922,91.05651092529297,-12.985126495361328,5.3925347328186035
057_box,put the box on the tray,11,1,225,9.028,1788427034.766014,00010_front_put_the_box_on_the_tray.png,00010_wrist_put_the_box_on_the_tray.png,recap.png,50,23,272,273,-39.56043956043956,21.494505494505493,-6.197802197802198,73.14285714285714,-10.065934065934066,31.780821917808222,-40.59998321533203,34.03105926513672,-34.16323471069336,91.55034637451172,-12.844639778137207,5.351579666137695
057_box,put the box on the tray,11,1,225,9.028,1788427034.766014,00010_front_put_the_box_on_the_tray.png,00010_wrist_put_the_box_on_the_tray.png,recap.png,50,24,273,274,-39.56043956043956,21.494505494505493,-6.197802197802198,73.14285714285714,-10.065934065934066,31.780821917808222,-40.452919006347656,32.710044860839844,-34.505409240722656,92.12712097167969,-12.954133033752441,5.62100887298584
057_box,put the box on the tray,11,1,225,9.028,1788427034.766014,00010_front_put_the_box_on_the_tray.png,00010_wrist_put_the_box_on_the_tray.png,recap.png,50,25,274,275,-39.56043956043956,21.494505494505493,-6.197802197802198,73.14285714285714,-10.065934065934066,31.780821917808222,-40.433349609375,32.51482391357422,-35.46525573730469,93.04354858398438,-12.965938568115234,5.280772686004639
057_box,put the box on the tray,12,1,248,9.796,1788427035.5325677,00011_front_put_the_box_on_the_tray.png,00011_wrist_put_the_box_on_the_tray.png,recap.png,50,0,275,276,-43.956043956043956,33.0989010989011,-15.516483516483516,75.6923076923077,-10.593406593406593,23.424657534246577,-40.301124572753906,32.498573303222656,-41.9179573059082,96.5194320678711,-12.261249542236328,5.020389556884766
057_box,put the box on the tray,12,1,248,9.796,1788427035.5325677,00011_front_put_the_box_on_the_tray.png,00011_wrist_put_the_box_on_the_tray.png,recap.png,50,1,276,277,-43.956043956043956,33.0989010989011,-15.516483516483516,75.6923076923077,-10.593406593406593,23.424657534246577,-40.18402099609375,32.239402770996094,-42.12867736816406,96.81591033935547,-12.427062034606934,4.948911190032959
057_box,put the box on the tray,12,1,248,9.796,1788427035.5325677,00011_front_put_the_box_on_the_tray.png,00011_wrist_put_the_box_on_the_tray.png,recap.png,50,2,277,278,-43.956043956043956,33.0989010989011,-15.516483516483516,75.6923076923077,-10.593406593406593,23.424657534246577,-39.84919738769531,31.444313049316406,-42.830169677734375,96.85896301269531,-12.452288627624512,5.051938056945801
057_box,put the box on the tray,12,1,248,9.796,1788427035.5325677,00011_front_put_the_box_on_the_tray.png,00011_wrist_put_the_box_on_the_tray.png,recap.png,50,3,278,279,-43.956043956043956,33.0989010989011,-15.516483516483516,75.6923076923077,-10.593406593406593,23.424657534246577,-40.05701446533203,30.63402557373047,-42.417320251464844,97.2251968383789,-12.449946403503418,5.080503463745117
057_box,put the box on the tray,12,1,248,9.796,1788427035.5325677,00011_front_put_the_box_on_the_tray.png,00011_wrist_put_the_box_on_the_tray.png,recap.png,50,4,279,280,-43.956043956043956,33.0989010989011,-15.516483516483516,75.6923076923077,-10.593406593406593,23.424657534246577,-40.34632873535156,29.08269500732422,-43.7084846496582,97.56165313720703,-12.464049339294434,4.7326812744140625
057_box,put the box on the tray,12,1,248,9.796,1788427035.5325677,00011_front_put_the_box_on_the_tray.png,00011_wrist_put_the_box_on_the_tray.png,recap.png,50,5,280,281,-43.956043956043956,33.0989010989011,-15.516483516483516,75.6923076923077,-10.593406593406593,23.424657534246577,-39.74217987060547,28.927085876464844,-42.685420989990234,97.88835144042969,-12.413826942443848,4.922182559967041
057_box,put the box on the tray,12,1,248,9.796,1788427035.5325677,00011_front_put_the_box_on_the_tray.png,00011_wrist_put_the_box_on_the_tray.png,recap.png,50,6,281,282,-43.956043956043956,33.0989010989011,-15.516483516483516,75.6923076923077,-10.593406593406593,23.424657534246577,-39.34989547729492,28.654258728027344,-43.007564544677734,97.95089721679688,-12.465107917785645,4.938526630401611
057_box,put the box on the tray,12,1,248,9.796,1788427035.5325677,00011_front_put_the_box_on_the_tray.png,00011_wrist_put_the_box_on_the_tray.png,recap.png,50,7,282,283,-43.956043956043956,33.0989010989011,-15.516483516483516,75.6923076923077,-10.593406593406593,23.424657534246577,-39.19791793823242,27.683921813964844,-42.21160125732422,98.10452270507812,-12.408699035644531,4.947850227355957
057_box,put the box on the tray,12,1,248,9.796,1788427035.5325677,00011_front_put_the_box_on_the_tray.png,00011_wrist_put_the_box_on_the_tray.png,recap.png,50,8,283,284,-43.956043956043956,33.0989010989011,-15.516483516483516,75.6923076923077,-10.593406593406593,23.424657534246577,-38.5841064453125,26.57128143310547,-41.50798034667969,98.58187866210938,-12.309405326843262,4.898680686950684
057_box,put the box on the tray,12,1,248,9.796,1788427035.5325677,00011_front_put_the_box_on_the_tray.png,00011_wrist_put_the_box_on_the_tray.png,recap.png,50,9,284,285,-43.956043956043956,33.0989010989011,-15.516483516483516,75.6923076923077,-10.593406593406593,23.424657534246577,-38.610877990722656,25.87419891357422,-41.54889678955078,98.87028503417969,-12.200380325317383,4.68245267868042
057_box,put the box on the tray,12,1,248,9.796,1788427035.5325677,00011_front_put_the_box_on_the_tray.png,00011_wrist_put_the_box_on_the_tray.png,recap.png,50,10,285,286,-43.956043956043956,33.0989010989011,-15.516483516483516,75.6923076923077,-10.593406593406593,23.424657534246577,-37.81580352783203,25.124771118164062,-41.941349029541016,98.73997497558594,-12.401247024536133,4.603346347808838
057_box,put the box on the tray,12,1,248,9.796,1788427035.5325677,00011_front_put_the_box_on_the_tray.png,00011_wrist_put_the_box_on_the_tray.png,recap.png,50,11,286,287,-43.956043956043956,33.0989010989011,-15.516483516483516,75.6923076923077,-10.593406593406593,23.424657534246577,-37.450416564941406,23.641883850097656,-40.09855651855469,99.21554565429688,-12.337363243103027,4.570124626159668
057_box,put the box on the tray,12,1,248,9.796,1788427035.5325677,00011_front_put_the_box_on_the_tray.png,00011_wrist_put_the_box_on_the_tray.png,recap.png,50,12,287,288,-43.956043956043956,33.0989010989011,-15.516483516483516,75.6923076923077,-10.593406593406593,23.424657534246577,-36.852481842041016,22.458946228027344,-40.42243957519531,99.06712341308594,-12.237574577331543,4.744278907775879
057_box,put the box on the tray,12,1,248,9.796,1788427035.5325677,00011_front_put_the_box_on_the_tray.png,00011_wrist_put_the_box_on_the_tray.png,recap.png,50,13,288,289,-43.956043956043956,33.0989010989011,-15.516483516483516,75.6923076923077,-10.593406593406593,23.424657534246577,-36.09120559692383,20.4503173828125,-39.56389617919922,99.11566925048828,-12.223609924316406,4.770693302154541
057_box,put the box on the tray,12,1,248,9.796,1788427035.5325677,00011_front_put_the_box_on_the_tray.png,00011_wrist_put_the_box_on_the_tray.png,recap.png,50,14,289,290,-43.956043956043956,33.0989010989011,-15.516483516483516,75.6923076923077,-10.593406593406593,23.424657534246577,-35.86048126220703,20.765396118164062,-39.215118408203125,99.17894744873047,-12.215554237365723,4.472872734069824
057_box,put the box on the tray,12,1,248,9.796,1788427035.5325677,00011_front_put_the_box_on_the_tray.png,00011_wrist_put_the_box_on_the_tray.png,recap.png,50,15,290,291,-43.956043956043956,33.0989010989011,-15.516483516483516,75.6923076923077,-10.593406593406593,23.424657534246577,-34.973358154296875,18.44995880126953,-37.76478576660156,99.25740051269531,-12.303061485290527,4.582931995391846
057_box,put the box on the tray,12,1,248,9.796,1788427035.5325677,00011_front_put_the_box_on_the_tray.png,00011_wrist_put_the_box_on_the_tray.png,recap.png,50,16,291,292,-43.956043956043956,33.0989010989011,-15.516483516483516,75.6923076923077,-10.593406593406593,23.424657534246577,-34.0682373046875,17.909500122070312,-37.55098342895508,99.14736938476562,-12.162428855895996,4.8172502517700195
057_box,put the box on the tray,12,1,248,9.796,1788427035.5325677,00011_front_put_the_box_on_the_tray.png,00011_wrist_put_the_box_on_the_tray.png,recap.png,50,17,292,293,-43.956043956043956,33.0989010989011,-15.516483516483516,75.6923076923077,-10.593406593406593,23.424657534246577,-33.84125900268555,15.831451416015625,-36.327266693115234,99.50527954101562,-12.022796630859375,4.51662015914917
057_box,put the box on the tray,12,1,248,9.796,1788427035.5325677,00011_front_put_the_box_on_the_tray.png,00011_wrist_put_the_box_on_the_tray.png,recap.png,50,18,293,294,-43.956043956043956,33.0989010989011,-15.516483516483516,75.6923076923077,-10.593406593406593,23.424657534246577,-32.78654098510742,14.785690307617188,-36.3660774230957,99.53380584716797,-12.012077331542969,4.568475246429443
057_box,put the box on the tray,12,1,248,9.796,1788427035.5325677,00011_front_put_the_box_on_the_tray.png,00011_wrist_put_the_box_on_the_tray.png,recap.png,50,19,294,295,-43.956043956043956,33.0989010989011,-15.516483516483516,75.6923076923077,-10.593406593406593,23.424657534246577,-32.21495819091797,13.805625915527344,-34.7491340637207,99.69386291503906,-11.945303916931152,4.654139995574951
057_box,put the box on the tray,12,1,248,9.796,1788427035.5325677,00011_front_put_the_box_on_the_tray.png,00011_wrist_put_the_box_on_the_tray.png,recap.png,50,20,295,296,-43.956043956043956,33.0989010989011,-15.516483516483516,75.6923076923077,-10.593406593406593,23.424657534246577,-30.79793357849121,12.602775573730469,-34.84174346923828,99.78248596191406,-11.668660163879395,4.733287811279297
057_box,put the box on the tray,12,1,248,9.796,1788427035.5325677,00011_front_put_the_box_on_the_tray.png,00011_wrist_put_the_box_on_the_tray.png,recap.png,50,21,296,297,-43.956043956043956,33.0989010989011,-15.516483516483516,75.6923076923077,-10.593406593406593,23.424657534246577,-30.05323028564453,11.15875244140625,-33.71092987060547,100.09310913085938,-11.719698905944824,4.681725025177002
057_box,put the box on the tray,12,1,248,9.796,1788427035.5325677,00011_front_put_the_box_on_the_tray.png,00011_wrist_put_the_box_on_the_tray.png,recap.png,50,22,297,298,-43.956043956043956,33.0989010989011,-15.516483516483516,75.6923076923077,-10.593406593406593,23.424657534246577,-28.80628204345703,10.534751892089844,-33.7261962890625,100.11213684082031,-11.568049430847168,4.838302135467529
057_box,put the box on the tray,13,1,274,10.833,1788427036.5695114,00012_front_put_the_box_on_the_tray.png,00012_wrist_put_the_box_on_the_tray.png,recap.png,50,0,298,299,-41.67032967032967,36.08791208791209,-30.98901098901099,89.49450549450549,-12.351648351648352,18.08219178082192,-30.74571990966797,13.897026062011719,-36.05586242675781,101.20878601074219,-13.174749374389648,6.832252502441406
057_box,put the box on the tray,13,1,274,10.833,1788427036.5695114,00012_front_put_the_box_on_the_tray.png,00012_wrist_put_the_box_on_the_tray.png,recap.png,50,1,299,300,-41.67032967032967,36.08791208791209,-30.98901098901099,89.49450549450549,-12.351648351648352,18.08219178082192,-29.48495864868164,12.267486572265625,-35.53156280517578,101.22514343261719,-13.001729011535645,6.7244367599487305
057_box,put the box on the tray,13,1,274,10.833,1788427036.5695114,00012_front_put_the_box_on_the_tray.png,00012_wrist_put_the_box_on_the_tray.png,recap.png,50,2,300,301,-41.67032967032967,36.08791208791209,-30.98901098901099,89.49450549450549,-12.351648351648352,18.08219178082192,-28.186729431152344,11.284088134765625,-35.206626892089844,101.1946029663086,-12.7644624710083,6.751626491546631
057_box,put the box on the tray,13,1,274,10.833,1788427036.5695114,00012_front_put_the_box_on_the_tray.png,00012_wrist_put_the_box_on_the_tray.png,recap.png,50,3,301,302,-41.67032967032967,36.08791208791209,-30.98901098901099,89.49450549450549,-12.351648351648352,18.08219178082192,-26.79064178466797,10.614013671875,-34.68721008300781,101.28717803955078,-12.499898910522461,6.769618034362793
057_box,put the box on the tray,13,1,274,10.833,1788427036.5695114,00012_front_put_the_box_on_the_tray.png,00012_wrist_put_the_box_on_the_tray.png,recap.png,50,4,302,303,-41.67032967032967,36.08791208791209,-30.98901098901099,89.49450549450549,-12.351648351648352,18.08219178082192,-25.26340675354004,9.488899230957031,-34.77312469482422,101.31015014648438,-12.19704532623291,6.8058319091796875
057_box,put the box on the tray,13,1,274,10.833,1788427036.5695114,00012_front_put_the_box_on_the_tray.png,00012_wrist_put_the_box_on_the_tray.png,recap.png,50,5,303,304,-41.67032967032967,36.08791208791209,-30.98901098901099,89.49450549450549,-12.351648351648352,18.08219178082192,-23.509410858154297,8.153358459472656,-34.35898208618164,101.5643081665039,-11.93535041809082,6.71517276763916
057_box,put the box on the tray,13,1,274,10.833,1788427036.5695114,00012_front_put_the_box_on_the_tray.png,00012_wrist_put_the_box_on_the_tray.png,recap.png,50,6,304,305,-41.67032967032967,36.08791208791209,-30.98901098901099,89.49450549450549,-12.351648351648352,18.08219178082192,-21.899791717529297,7.161766052246094,-34.38489532470703,101.50257873535156,-11.591516494750977,6.661086082458496
057_box,put the box on the tray,13,1,274,10.833,1788427036.5695114,00012_front_put_the_box_on_the_tray.png,00012_wrist_put_the_box_on_the_tray.png,recap.png,50,7,305,306,-41.67032967032967,36.08791208791209,-30.98901098901099,89.49450549450549,-12.351648351648352,18.08219178082192,-20.248260498046875,6.481925964355469,-33.70433044433594,101.61900329589844,-11.435128211975098,6.657763957977295
057_box,put the box on the tray,13,1,274,10.833,1788427036.5695114,00012_front_put_the_box_on_the_tray.png,00012_wrist_put_the_box_on_the_tray.png,recap.png,50,8,306,307,-41.67032967032967,36.08791208791209,-30.98901098901099,89.49450549450549,-12.351648351648352,18.08219178082192,-18.621280670166016,5.91888427734375,-33.48139953613281,101.6784896850586,-11.101415634155273,6.690229415893555
057_box,put the box on the tray,13,1,274,10.833,1788427036.5695114,00012_front_put_the_box_on_the_tray.png,00012_wrist_put_the_box_on_the_tray.png,recap.png,50,9,307,308,-41.67032967032967,36.08791208791209,-30.98901098901099,89.49450549450549,-12.351648351648352,18.08219178082192,-16.768268585205078,4.726531982421875,-33.647865295410156,101.68121337890625,-10.913336753845215,6.721520900726318
057_box,put the box on the tray,13,1,274,10.833,1788427036.5695114,00012_front_put_the_box_on_the_tray.png,00012_wrist_put_the_box_on_the_tray.png,recap.png,50,10,308,309,-41.67032967032967,36.08791208791209,-30.98901098901099,89.49450549450549,-12.351648351648352,18.08219178082192,-15.532365798950195,4.259986877441406,-32.678001403808594,101.86293029785156,-10.485892295837402,6.65763521194458
057_box,put the box on the tray,13,1,274,10.833,1788427036.5695114,00012_front_put_the_box_on_the_tray.png,00012_wrist_put_the_box_on_the_tray.png,recap.png,50,11,309,310,-41.67032967032967,36.08791208791209,-30.98901098901099,89.49450549450549,-12.351648351648352,18.08219178082192,-14.070528030395508,3.4122085571289062,-33.140708923339844,101.81851959228516,-10.222912788391113,6.772613525390625
057_box,put the box on the tray,13,1,274,10.833,1788427036.5695114,00012_front_put_the_box_on_the_tray.png,00012_wrist_put_the_box_on_the_tray.png,recap.png,50,12,310,311,-41.67032967032967,36.08791208791209,-30.98901098901099,89.49450549450549,-12.351648351648352,18.08219178082192,-12.668167114257812,3.1356201171875,-32.558692932128906,101.96603393554688,-10.015494346618652,6.629078388214111
057_box,put the box on the tray,13,1,274,10.833,1788427036.5695114,00012_front_put_the_box_on_the_tray.png,00012_wrist_put_the_box_on_the_tray.png,recap.png,50,13,311,312,-41.67032967032967,36.08791208791209,-30.98901098901099,89.49450549450549,-12.351648351648352,18.08219178082192,-11.6019287109375,2.7250823974609375,-32.062896728515625,101.8230209350586,-9.654495239257812,6.752771377563477
057_box,put the box on the tray,13,1,274,10.833,1788427036.5695114,00012_front_put_the_box_on_the_tray.png,00012_wrist_put_the_box_on_the_tray.png,recap.png,50,14,312,313,-41.67032967032967,36.08791208791209,-30.98901098901099,89.49450549450549,-12.351648351648352,18.08219178082192,-9.694473266601562,2.0040512084960938,-31.143367767333984,101.81790161132812,-9.325496673583984,6.4097819328308105
057_box,put the box on the tray,13,1,274,10.833,1788427036.5695114,00012_front_put_the_box_on_the_tray.png,00012_wrist_put_the_box_on_the_tray.png,recap.png,50,15,313,314,-41.67032967032967,36.08791208791209,-30.98901098901099,89.49450549450549,-12.351648351648352,18.08219178082192,-8.184869766235352,1.5707550048828125,-31.241209030151367,101.59687805175781,-8.755864143371582,6.378490447998047
057_box,put the box on the tray,13,1,274,10.833,1788427036.5695114,00012_front_put_the_box_on_the_tray.png,00012_wrist_put_the_box_on_the_tray.png,recap.png,50,16,314,315,-41.67032967032967,36.08791208791209,-30.98901098901099,89.49450549450549,-12.351648351648352,18.08219178082192,-6.218564987182617,0.5065536499023438,-30.290626525878906,101.36784362792969,-8.202577590942383,6.112534999847412
057_box,put the box on the tray,13,1,274,10.833,1788427036.5695114,00012_front_put_the_box_on_the_tray.png,00012_wrist_put_the_box_on_the_tray.png,recap.png,50,17,315,316,-41.67032967032967,36.08791208791209,-30.98901098901099,89.49450549450549,-12.351648351648352,18.08219178082192,-4.269411087036133,-0.1715850830078125,-29.022958755493164,101.07855224609375,-7.504629611968994,6.081571102142334
057_box,put the box on the tray,13,1,274,10.833,1788427036.5695114,00012_front_put_the_box_on_the_tray.png,00012_wrist_put_the_box_on_the_tray.png,recap.png,50,18,316,317,-41.67032967032967,36.08791208791209,-30.98901098901099,89.49450549450549,-12.351648351648352,18.08219178082192,-2.5008182525634766,-1.1745681762695312,-29.00675392150879,100.96127319335938,-6.864469528198242,5.961148738861084
057_box,put the box on the tray,13,1,274,10.833,1788427036.5695114,00012_front_put_the_box_on_the_tray.png,00012_wrist_put_the_box_on_the_tray.png,recap.png,50,19,317,318,-41.67032967032967,36.08791208791209,-30.98901098901099,89.49450549450549,-12.351648351648352,18.08219178082192,-0.42853546142578125,-1.54443359375,-27.170785903930664,100.8302001953125,-6.156077861785889,5.751243591308594
057_box,put the box on the tray,13,1,274,10.833,1788427036.5695114,00012_front_put_the_box_on_the_tray.png,00012_wrist_put_the_box_on_the_tray.png,recap.png,50,20,318,319,-41.67032967032967,36.08791208791209,-30.98901098901099,89.49450549450549,-12.351648351648352,18.08219178082192,1.5948143005371094,-1.9803466796875,-26.65088653564453,100.47781372070312,-5.557647228240967,5.649566650390625
057_box,put the box on the tray,13,1,274,10.833,1788427036.5695114,00012_front_put_the_box_on_the_tray.png,00012_wrist_put_the_box_on_the_tray.png,recap.png,50,21,319,320,-41.67032967032967,36.08791208791209,-30.98901098901099,89.49450549450549,-12.351648351648352,18.08219178082192,2.8492660522460938,-1.9458389282226562,-25.4534854888916,100.45428466796875,-5.115755081176758,5.54802942276001
057_box,put the box on the tray,13,1,274,10.833,1788427036.5695114,00012_front_put_the_box_on_the_tray.png,00012_wrist_put_the_box_on_the_tray.png,recap.png,50,22,320,321,-41.67032967032967,36.08791208791209,-30.98901098901099,89.49450549450549,-12.351648351648352,18.08219178082192,4.761020660400391,-3.0171661376953125,-24.934864044189453,100.3009262084961,-4.467206954956055,5.705475807189941
057_box,put the box on the tray,13,1,274,10.833,1788427036.5695114,00012_front_put_the_box_on_the_tray.png,00012_wrist_put_the_box_on_the_tray.png,recap.png,50,23,321,322,-41.67032967032967,36.08791208791209,-30.98901098901099,89.49450549450549,-12.351648351648352,18.08219178082192,6.301971435546875,-3.4848556518554688,-23.763526916503906,100.18890380859375,-4.202207088470459,5.634140491485596
057_box,put the box on the tray,13,1,274,10.833,1788427036.5695114,00012_front_put_the_box_on_the_tray.png,00012_wrist_put_the_box_on_the_tray.png,recap.png,50,24,322,323,-41.67032967032967,36.08791208791209,-30.98901098901099,89.49450549450549,-12.351648351648352,18.08219178082192,8.032527923583984,-3.5541229248046875,-22.868324279785156,100.0761489868164,-3.88254451751709,5.740732669830322
057_box,put the box on the tray,13,1,274,10.833,1788427036.5695114,00012_front_put_the_box_on_the_tray.png,00012_wrist_put_the_box_on_the_tray.png,recap.png,50,25,323,324,-41.67032967032967,36.08791208791209,-30.98901098901099,89.49450549450549,-12.351648351648352,18.08219178082192,9.24831771850586,-4.073234558105469,-22.765377044677734,99.84487915039062,-3.8503522872924805,5.678100109100342
057_box,put the box on the tray,14,1,297,11.636,1788427037.372183,00013_front_put_the_box_on_the_tray.png,00013_wrist_put_the_box_on_the_tray.png,recap.png,50,0,324,325,-33.40659340659341,20.52747252747253,-33.97802197802198,99.16483516483517,-12.263736263736265,17.945205479452056,14.028434753417969,-4.8848724365234375,-22.014095306396484,100.34041595458984,-0.28975486755371094,7.0982208251953125
057_box,put the box on the tray,14,1,297,11.636,1788427037.372183,00013_front_put_the_box_on_the_tray.png,00013_wrist_put_the_box_on_the_tray.png,recap.png,50,1,325,326,-33.40659340659341,20.52747252747253,-33.97802197802198,99.16483516483517,-12.263736263736265,17.945205479452056,15.113544464111328,-4.752372741699219,-20.91937255859375,99.90516662597656,0.05859184265136719,6.972368240356445
057_box,put the box on the tray,14,1,297,11.636,1788427037.372183,00013_front_put_the_box_on_the_tray.png,00013_wrist_put_the_box_on_the_tray.png,recap.png,50,2,326,327,-33.40659340659341,20.52747252747253,-33.97802197802198,99.16483516483517,-12.263736263736265,17.945205479452056,16.078201293945312,-5.316703796386719,-20.772113800048828,99.56892395019531,0.6630373001098633,6.807714939117432
057_box,put the box on the tray,14,1,297,11.636,1788427037.372183,00013_front_put_the_box_on_the_tray.png,00013_wrist_put_the_box_on_the_tray.png,recap.png,50,3,327,328,-33.40659340659341,20.52747252747253,-33.97802197802198,99.16483516483517,-12.263736263736265,17.945205479452056,17.08892822265625,-5.4792022705078125,-19.694351196289062,98.68302917480469,1.113321304321289,6.884209632873535
057_box,put the box on the tray,14,1,297,11.636,1788427037.372183,00013_front_put_the_box_on_the_tray.png,00013_wrist_put_the_box_on_the_tray.png,recap.png,50,4,328,329,-33.40659340659341,20.52747252747253,-33.97802197802198,99.16483516483517,-12.263736263736265,17.945205479452056,17.742774963378906,-6.066841125488281,-19.014686584472656,98.38740539550781,1.4130077362060547,6.827553749084473
057_box,put the box on the tray,14,1,297,11.636,1788427037.372183,00013_front_put_the_box_on_the_tray.png,00013_wrist_put_the_box_on_the_tray.png,recap.png,50,5,329,330,-33.40659340659341,20.52747252747253,-33.97802197802198,99.16483516483517,-12.263736263736265,17.945205479452056,18.62533950805664,-6.23028564453125,-18.396709442138672,97.76982116699219,1.741745948791504,6.7255659103393555
057_box,put the box on the tray,14,1,297,11.636,1788427037.372183,00013_front_put_the_box_on_the_tray.png,00013_wrist_put_the_box_on_the_tray.png,recap.png,50,6,330,331,-33.40659340659341,20.52747252747253,-33.97802197802198,99.16483516483517,-12.263736263736265,17.945205479452056,19.384769439697266,-6.631675720214844,-17.531078338623047,96.75045013427734,2.246283531188965,6.76015567779541
057_box,put the box on the tray,14,1,297,11.636,1788427037.372183,00013_front_put_the_box_on_the_tray.png,00013_wrist_put_the_box_on_the_tray.png,recap.png,50,7,331,332,-33.40659340659341,20.52747252747253,-33.97802197802198,99.16483516483517,-12.263736263736265,17.945205479452056,20.523521423339844,-6.586631774902344,-16.886260986328125,95.8126220703125,2.8028717041015625,6.678714752197266
057_box,put the box on the tray,14,1,297,11.636,1788427037.372183,00013_front_put_the_box_on_the_tray.png,00013_wrist_put_the_box_on_the_tray.png,recap.png,50,8,332,333,-33.40659340659341,20.52747252747253,-33.97802197802198,99.16483516483517,-12.263736263736265,17.945205479452056,21.146846771240234,-6.732902526855469,-15.192329406738281,94.90737915039062,3.2044668197631836,6.688339710235596
057_box,put the box on the tray,14,1,297,11.636,1788427037.372183,00013_front_put_the_box_on_the_tray.png,00013_wrist_put_the_box_on_the_tray.png,recap.png,50,9,333,334,-33.40659340659341,20.52747252747253,-33.97802197802198,99.16483516483517,-12.263736263736265,17.945205479452056,22.302146911621094,-7.372955322265625,-14.045921325683594,93.78451538085938,3.7281579971313477,6.723564624786377
057_box,put the box on the tray,14,1,297,11.636,1788427037.372183,00013_front_put_the_box_on_the_tray.png,00013_wrist_put_the_box_on_the_tray.png,recap.png,50,10,334,335,-33.40659340659341,20.52747252747253,-33.97802197802198,99.16483516483517,-12.263736263736265,17.945205479452056,23.368793487548828,-7.351570129394531,-13.187923431396484,92.57266998291016,4.13934326171875,6.599979877471924
057_box,put the box on the tray,14,1,297,11.636,1788427037.372183,00013_front_put_the_box_on_the_tray.png,00013_wrist_put_the_box_on_the_tray.png,recap.png,50,11,335,336,-33.40659340659341,20.52747252747253,-33.97802197802198,99.16483516483517,-12.263736263736265,17.945205479452056,24.031848907470703,-7.2261505126953125,-12.897296905517578,91.4793930053711,4.34388542175293,6.619083881378174
057_box,put the box on the tray,14,1,297,11.636,1788427037.372183,00013_front_put_the_box_on_the_tray.png,00013_wrist_put_the_box_on_the_tray.png,recap.png,50,12,336,337,-33.40659340659341,20.52747252747253,-33.97802197802198,99.16483516483517,-12.263736263736265,17.945205479452056,25.280235290527344,-7.587776184082031,-11.42538833618164,89.93133544921875,4.588701248168945,6.493288993835449
057_box,put the box on the tray,14,1,297,11.636,1788427037.372183,00013_front_put_the_box_on_the_tray.png,00013_wrist_put_the_box_on_the_tray.png,recap.png,50,13,337,338,-33.40659340659341,20.52747252747253,-33.97802197802198,99.16483516483517,-12.263736263736265,17.945205479452056,26.335670471191406,-8.117713928222656,-10.33614730834961,88.59130859375,4.787988662719727,6.535106658935547
057_box,put the box on the tray,14,1,297,11.636,1788427037.372183,00013_front_put_the_box_on_the_tray.png,00013_wrist_put_the_box_on_the_tray.png,recap.png,50,14,338,339,-33.40659340659341,20.52747252747253,-33.97802197802198,99.16483516483517,-12.263736263736265,17.945205479452056,26.959644317626953,-7.9515380859375,-9.084300994873047,87.30288696289062,4.923891067504883,6.4653000831604
057_box,put the box on the tray,14,1,297,11.636,1788427037.372183,00013_front_put_the_box_on_the_tray.png,00013_wrist_put_the_box_on_the_tray.png,recap.png,50,15,339,340,-33.40659340659341,20.52747252747253,-33.97802197802198,99.16483516483517,-12.263736263736265,17.945205479452056,27.86056137084961,-8.498016357421875,-8.214229583740234,86.08216857910156,5.010648727416992,6.453631401062012
057_box,put the box on the tray,14,1,297,11.636,1788427037.372183,00013_front_put_the_box_on_the_tray.png,00013_wrist_put_the_box_on_the_tray.png,recap.png,50,16,340,341,-33.40659340659341,20.52747252747253,-33.97802197802198,99.16483516483517,-12.263736263736265,17.945205479452056,28.693477630615234,-8.458549499511719,-6.905265808105469,84.95487976074219,5.142238616943359,6.566873073577881
057_box,put the box on the tray,14,1,297,11.636,1788427037.372183,00013_front_put_the_box_on_the_tray.png,00013_wrist_put_the_box_on_the_tray.png,recap.png,50,17,341,342,-33.40659340659341,20.52747252747253,-33.97802197802198,99.16483516483517,-12.263736263736265,17.945205479452056,29.26348114013672,-8.827522277832031,-6.622592926025391,84.05183410644531,5.288339614868164,6.364685535430908
057_box,put the box on the tray,14,1,297,11.636,1788427037.372183,00013_front_put_the_box_on_the_tray.png,00013_wrist_put_the_box_on_the_tray.png,recap.png,50,18,342,343,-33.40659340659341,20.52747252747253,-33.97802197802198,99.16483516483517,-12.263736263736265,17.945205479452056,30.018783569335938,-9.240280151367188,-6.180240631103516,83.041015625,5.530790328979492,6.387801170349121
057_box,put the box on the tray,14,1,297,11.636,1788427037.372183,00013_front_put_the_box_on_the_tray.png,00013_wrist_put_the_box_on_the_tray.png,recap.png,50,19,343,344,-33.40659340659341,20.52747252747253,-33.97802197802198,99.16483516483517,-12.263736263736265,17.945205479452056,30.494609832763672,-9.398796081542969,-5.240089416503906,82.24156188964844,5.685375213623047,6.369969844818115
057_box,put the box on the tray,14,1,297,11.636,1788427037.372183,00013_front_put_the_box_on_the_tray.png,00013_wrist_put_the_box_on_the_tray.png,recap.png,50,20,344,345,-33.40659340659341,20.52747252747253,-33.97802197802198,99.16483516483517,-12.263736263736265,17.945205479452056,31.12282943725586,-9.684341430664062,-4.807796478271484,81.41035461425781,5.805974960327148,6.622103214263916
057_box,put the box on the tray,14,1,297,11.636,1788427037.372183,00013_front_put_the_box_on_the_tray.png,00013_wrist_put_the_box_on_the_tray.png,recap.png,50,21,345,346,-33.40659340659341,20.52747252747253,-33.97802197802198,99.16483516483517,-12.263736263736265,17.945205479452056,31.541934967041016,-9.791526794433594,-4.107624053955078,80.39830017089844,6.068016052246094,6.212626934051514
057_box,put the box on the tray,14,1,297,11.636,1788427037.372183,00013_front_put_the_box_on_the_tray.png,00013_wrist_put_the_box_on_the_tray.png,recap.png,50,22,346,347,-33.40659340659341,20.52747252747253,-33.97802197802198,99.16483516483517,-12.263736263736265,17.945205479452056,31.747257232666016,-9.382392883300781,-3.947406768798828,79.47010040283203,6.44493293762207,6.428628921508789
057_box,put the box on the tray,15,1,323,12.673,1788427038.409528,00014_front_put_the_box_on_the_tray.png,00014_wrist_put_the_box_on_the_tray.png,recap.png,50,0,347,348,4.131868131868132,2.5054945054945055,-23.428571428571427,100.57142857142857,-5.054945054945055,17.945205479452056,32.16544723510742,-4.354057312011719,-11.567420959472656,87.75079345703125,6.676443099975586,7.729205131530762
057_box,put the box on the tray,15,1,323,12.673,1788427038.409528,00014_front_put_the_box_on_the_tray.png,00014_wrist_put_the_box_on_the_tray.png,recap.png,50,1,348,349,4.131868131868132,2.5054945054945055,-23.428571428571427,100.57142857142857,-5.054945054945055,17.945205479452056,32.15042495727539,-4.143547058105469,-11.30080795288086,86.84635925292969,6.677225112915039,7.580495357513428
057_box,put the box on the tray,15,1,323,12.673,1788427038.409528,00014_front_put_the_box_on_the_tray.png,00014_wrist_put_the_box_on_the_tray.png,recap.png,50,2,349,350,4.131868131868132,2.5054945054945055,-23.428571428571427,100.57142857142857,-5.054945054945055,17.945205479452056,32.273258209228516,-4.644371032714844,-10.54217529296875,85.88018798828125,6.838104248046875,7.654535293579102
057_box,put the box on the tray,15,1,323,12.673,1788427038.409528,00014_front_put_the_box_on_the_tray.png,00014_wrist_put_the_box_on_the_tray.png,recap.png,50,3,350,351,4.131868131868132,2.5054945054945055,-23.428571428571427,100.57142857142857,-5.054945054945055,17.945205479452056,32.407588958740234,-3.1310348510742188,-9.58389663696289,85.07269287109375,6.912275314331055,7.652061462402344
057_box,put the box on the tray,15,1,323,12.673,1788427038.409528,00014_front_put_the_box_on_the_tray.png,00014_wrist_put_the_box_on_the_tray.png,recap.png,50,4,351,352,4.131868131868132,2.5054945054945055,-23.428571428571427,100.57142857142857,-5.054945054945055,17.945205479452056,32.57601547241211,-3.4002609252929688,-9.040477752685547,84.2115478515625,7.078859329223633,7.449774265289307
057_box,put the box on the tray,15,1,323,12.673,1788427038.409528,00014_front_put_the_box_on_the_tray.png,00014_wrist_put_the_box_on_the_tray.png,recap.png,50,5,352,353,4.131868131868132,2.5054945054945055,-23.428571428571427,100.57142857142857,-5.054945054945055,17.945205479452056,32.56032943725586,-3.2142715454101562,-8.695587158203125,83.22772216796875,6.983560562133789,7.548829555511475
057_box,put the box on the tray,15,1,323,12.673,1788427038.409528,00014_front_put_the_box_on_the_tray.png,00014_wrist_put_the_box_on_the_tray.png,recap.png,50,6,353,354,4.131868131868132,2.5054945054945055,-23.428571428571427,100.57142857142857,-5.054945054945055,17.945205479452056,32.938480377197266,-3.3307952880859375,-7.760292053222656,82.16888427734375,7.147022247314453,7.672933578491211
057_box,put the box on the tray,15,1,323,12.673,1788427038.409528,00014_front_put_the_box_on_the_tray.png,00014_wrist_put_the_box_on_the_tray.png,recap.png,50,7,354,355,4.131868131868132,2.5054945054945055,-23.428571428571427,100.57142857142857,-5.054945054945055,17.945205479452056,32.9626350402832,-3.8800277709960938,-6.357990264892578,81.0414047241211,7.132205963134766,7.574495315551758
057_box,put the box on the tray,15,1,323,12.673,1788427038.409528,00014_front_put_the_box_on_the_tray.png,00014_wrist_put_the_box_on_the_tray.png,recap.png,50,8,355,356,4.131868131868132,2.5054945054945055,-23.428571428571427,100.57142857142857,-5.054945054945055,17.945205479452056,33.43356704711914,-3.5455245971679688,-5.4269561767578125,80.09014892578125,7.277990341186523,7.374692440032959
057_box,put the box on the tray,15,1,323,12.673,1788427038.409528,00014_front_put_the_box_on_the_tray.png,00014_wrist_put_the_box_on_the_tray.png,recap.png,50,9,356,357,4.131868131868132,2.5054945054945055,-23.428571428571427,100.57142857142857,-5.054945054945055,17.945205479452056,33.64900588989258,-3.6505508422851562,-5.153118133544922,78.64295959472656,7.567323684692383,7.499668598175049
057_box,put the box on the tray,15,1,323,12.673,1788427038.409528,00014_front_put_the_box_on_the_tray.png,00014_wrist_put_the_box_on_the_tray.png,recap.png,50,10,357,358,4.131868131868132,2.5054945054945055,-23.428571428571427,100.57142857142857,-5.054945054945055,17.945205479452056,33.9655876159668,-4.098976135253906,-4.050457000732422,77.53468322753906,7.714887619018555,7.472367286682129
057_box,put the box on the tray,15,1,323,12.673,1788427038.409528,00014_front_put_the_box_on_the_tray.png,00014_wrist_put_the_box_on_the_tray.png,recap.png,50,11,358,359,4.131868131868132,2.5054945054945055,-23.428571428571427,100.57142857142857,-5.054945054945055,17.945205479452056,34.81118392944336,-4.0544281005859375,-2.879283905029297,76.16850280761719,8.100894927978516,7.621605396270752
057_box,put the box on the tray,15,1,323,12.673,1788427038.409528,00014_front_put_the_box_on_the_tray.png,00014_wrist_put_the_box_on_the_tray.png,recap.png,50,12,359,360,4.131868131868132,2.5054945054945055,-23.428571428571427,100.57142857142857,-5.054945054945055,17.945205479452056,34.848934173583984,-4.203239440917969,-2.7178192138671875,74.75039672851562,8.19455337524414,7.521951198577881
057_box,put the box on the tray,15,1,323,12.673,1788427038.409528,00014_front_put_the_box_on_the_tray.png,00014_wrist_put_the_box_on_the_tray.png,recap.png,50,13,360,361,4.131868131868132,2.5054945054945055,-23.428571428571427,100.57142857142857,-5.054945054945055,17.945205479452056,35.70711898803711,-5.3496551513671875,-2.5156631469726562,73.36587524414062,8.474405288696289,7.434419631958008
057_box,put the box on the tray,15,1,323,12.673,1788427038.409528,00014_front_put_the_box_on_the_tray.png,00014_wrist_put_the_box_on_the_tray.png,recap.png,50,14,361,362,4.131868131868132,2.5054945054945055,-23.428571428571427,100.57142857142857,-5.054945054945055,17.945205479452056,35.630496978759766,-4.587066650390625,-0.8312759399414062,72.27549743652344,8.49854850769043,7.5579609870910645
057_box,put the box on the tray,15,1,323,12.673,1788427038.409528,00014_front_put_the_box_on_the_tray.png,00014_wrist_put_the_box_on_the_tray.png,recap.png,50,15,362,363,4.131868131868132,2.5054945054945055,-23.428571428571427,100.57142857142857,-5.054945054945055,17.945205479452056,35.85689163208008,-4.673255920410156,0.050624847412109375,70.94397735595703,8.445436477661133,7.632007122039795
057_box,put the box on the tray,15,1,323,12.673,1788427038.409528,00014_front_put_the_box_on_the_tray.png,00014_wrist_put_the_box_on_the_tray.png,recap.png,50,16,363,364,4.131868131868132,2.5054945054945055,-23.428571428571427,100.57142857142857,-5.054945054945055,17.945205479452056,36.08871841430664,-4.42523193359375,1.1198310852050781,69.97216796875,8.343896865844727,7.620048522949219
057_box,put the box on the tray,15,1,323,12.673,1788427038.409528,00014_front_put_the_box_on_the_tray.png,00014_wrist_put_the_box_on_the_tray.png,recap.png,50,17,364,365,4.131868131868132,2.5054945054945055,-23.428571428571427,100.57142857142857,-5.054945054945055,17.945205479452056,36.30318069458008,-4.9077606201171875,1.449737548828125,68.76570129394531,8.466753005981445,7.58436918258667
057_box,put the box on the tray,15,1,323,12.673,1788427038.409528,00014_front_put_the_box_on_the_tray.png,00014_wrist_put_the_box_on_the_tray.png,recap.png,50,18,365,366,4.131868131868132,2.5054945054945055,-23.428571428571427,100.57142857142857,-5.054945054945055,17.945205479452056,36.42696762084961,-4.823768615722656,2.0479888916015625,67.71858215332031,8.466161727905273,7.664539337158203
057_box,put the box on the tray,15,1,323,12.673,1788427038.409528,00014_front_put_the_box_on_the_tray.png,00014_wrist_put_the_box_on_the_tray.png,recap.png,50,19,366,367,4.131868131868132,2.5054945054945055,-23.428571428571427,100.57142857142857,-5.054945054945055,17.945205479452056,36.471805572509766,-4.7382354736328125,3.145160675048828,66.70548248291016,8.412830352783203,7.613886833190918
057_box,put the box on the tray,15,1,323,12.673,1788427038.409528,00014_front_put_the_box_on_the_tray.png,00014_wrist_put_the_box_on_the_tray.png,recap.png,50,20,367,368,4.131868131868132,2.5054945054945055,-23.428571428571427,100.57142857142857,-5.054945054945055,17.945205479452056,37.058292388916016,-4.073371887207031,2.5483932495117188,65.96016693115234,8.320899963378906,7.627665042877197
057_box,put the box on the tray,15,1,323,12.673,1788427038.409528,00014_front_put_the_box_on_the_tray.png,00014_wrist_put_the_box_on_the_tray.png,recap.png,50,21,368,369,4.131868131868132,2.5054945054945055,-23.428571428571427,100.57142857142857,-5.054945054945055,17.945205479452056,36.81222915649414,-4.5374908447265625,3.3712997436523438,64.77655792236328,8.465423583984375,7.607877254486084
057_box,put the box on the tray,16,1,346,13.509,1788427039.2455063,00015_front_put_the_box_on_the_tray.png,00015_wrist_put_the_box_on_the_tray.png,recap.png,50,0,369,370,29.186813186813186,-3.912087912087912,-4.087912087912088,84.04395604395604,5.318681318681318,17.945205479452056,36.21449661254883,-3.8864121437072754,10.563485145568848,60.28758239746094,7.432810306549072,7.705813884735107
057_box,put the box on the tray,16,1,346,13.509,1788427039.2455063,00015_front_put_the_box_on_the_tray.png,00015_wrist_put_the_box_on_the_tray.png,recap.png,50,1,370,371,29.186813186813186,-3.912087912087912,-4.087912087912088,84.04395604395604,5.318681318681318,17.945205479452056,36.13030242919922,-4.2952880859375,11.084002494812012,60.01217269897461,7.598331928253174,7.925616264343262
057_box,put the box on the tray,16,1,346,13.509,1788427039.2455063,00015_front_put_the_box_on_the_tray.png,00015_wrist_put_the_box_on_the_tray.png,recap.png,50,2,371,372,29.186813186813186,-3.912087912087912,-4.087912087912088,84.04395604395604,5.318681318681318,17.945205479452056,36.24680709838867,-3.334841728210449,10.465316772460938,59.49307632446289,7.474595546722412,7.9583024978637695
057_box,put the box on the tray,16,1,346,13.509,1788427039.2455063,00015_front_put_the_box_on_the_tray.png,00015_wrist_put_the_box_on_the_tray.png,recap.png,50,3,372,373,29.186813186813186,-3.912087912087912,-4.087912087912088,84.04395604395604,5.318681318681318,17.945205479452056,36.24931716918945,-2.535388946533203,11.36160659790039,58.96432113647461,7.477020263671875,7.969744682312012
057_box,put the box on the tray,16,1,346,13.509,1788427039.2455063,00015_front_put_the_box_on_the_tray.png,00015_wrist_put_the_box_on_the_tray.png,recap.png,50,4,373,374,29.186813186813186,-3.912087912087912,-4.087912087912088,84.04395604395604,5.318681318681318,17.945205479452056,35.63846206665039,-1.8075714111328125,13.403450012207031,57.76604080200195,6.912595748901367,7.886998176574707
057_box,put the box on the tray,16,1,346,13.509,1788427039.2455063,00015_front_put_the_box_on_the_tray.png,00015_wrist_put_the_box_on_the_tray.png,recap.png,50,5,374,375,29.186813186813186,-3.912087912087912,-4.087912087912088,84.04395604395604,5.318681318681318,17.945205479452056,35.594425201416016,-1.575164794921875,13.613746643066406,57.39924621582031,6.77412223815918,7.8088178634643555
057_box,put the box on the tray,16,1,346,13.509,1788427039.2455063,00015_front_put_the_box_on_the_tray.png,00015_wrist_put_the_box_on_the_tray.png,recap.png,50,6,375,376,29.186813186813186,-3.912087912087912,-4.087912087912088,84.04395604395604,5.318681318681318,17.945205479452056,35.776737213134766,-1.3293609619140625,13.700065612792969,57.61231231689453,6.658781051635742,7.698780059814453
057_box,put the box on the tray,16,1,346,13.509,1788427039.2455063,00015_front_put_the_box_on_the_tray.png,00015_wrist_put_the_box_on_the_tray.png,recap.png,50,7,376,377,29.186813186813186,-3.912087912087912,-4.087912087912088,84.04395604395604,5.318681318681318,17.945205479452056,35.48381423950195,-0.640167236328125,13.318084716796875,57.72344970703125,6.584054946899414,7.873892307281494
057_box,put the box on the tray,16,1,346,13.509,1788427039.2455063,00015_front_put_the_box_on_the_tray.png,00015_wrist_put_the_box_on_the_tray.png,recap.png,50,8,377,378,29.186813186813186,-3.912087912087912,-4.087912087912088,84.04395604395604,5.318681318681318,17.945205479452056,35.73893356323242,0.505615234375,13.820091247558594,57.6776008605957,6.656335830688477,8.030000686645508
057_box,put the box on the tray,16,1,346,13.509,1788427039.2455063,00015_front_put_the_box_on_the_tray.png,00015_wrist_put_the_box_on_the_tray.png,recap.png,50,9,378,379,29.186813186813186,-3.912087912087912,-4.087912087912088,84.04395604395604,5.318681318681318,17.945205479452056,35.86342239379883,1.1248931884765625,14.017127990722656,58.1078987121582,6.689243316650391,8.902771949768066
057_box,put the box on the tray,16,1,346,13.509,1788427039.2455063,00015_front_put_the_box_on_the_tray.png,00015_wrist_put_the_box_on_the_tray.png,recap.png,50,10,379,380,29.186813186813186,-3.912087912087912,-4.087912087912088,84.04395604395604,5.318681318681318,17.945205479452056,35.854373931884766,1.217132568359375,12.918716430664062,58.50414276123047,6.760110855102539,10.462172508239746
057_box,put the box on the tray,16,1,346,13.509,1788427039.2455063,00015_front_put_the_box_on_the_tray.png,00015_wrist_put_the_box_on_the_tray.png,recap.png,50,11,380,381,29.186813186813186,-3.912087912087912,-4.087912087912088,84.04395604395604,5.318681318681318,17.945205479452056,35.49973678588867,1.5748519897460938,12.553253173828125,58.44892883300781,6.719257354736328,12.872163772583008
057_box,put the box on the tray,16,1,346,13.509,1788427039.2455063,00015_front_put_the_box_on_the_tray.png,00015_wrist_put_the_box_on_the_tray.png,recap.png,50,12,381,382,29.186813186813186,-3.912087912087912,-4.087912087912088,84.04395604395604,5.318681318681318,17.945205479452056,35.38938522338867,2.3785781860351562,12.551422119140625,58.65486526489258,6.6082916259765625,15.496935844421387
057_box,put the box on the tray,16,1,346,13.509,1788427039.2455063,00015_front_put_the_box_on_the_tray.png,00015_wrist_put_the_box_on_the_tray.png,recap.png,50,13,382,383,29.186813186813186,-3.912087912087912,-4.087912087912088,84.04395604395604,5.318681318681318,17.945205479452056,35.56557083129883,2.7510528564453125,12.000495910644531,58.954078674316406,6.811916351318359,17.712888717651367
057_box,put the box on the tray,16,1,346,13.509,1788427039.2455063,00015_front_put_the_box_on_the_tray.png,00015_wrist_put_the_box_on_the_tray.png,recap.png,50,14,383,384,29.186813186813186,-3.912087912087912,-4.087912087912088,84.04395604395604,5.318681318681318,17.945205479452056,35.60550308227539,3.0043182373046875,11.938133239746094,59.37459182739258,6.829959869384766,19.818382263183594
057_box,put the box on the tray,16,1,346,13.509,1788427039.2455063,00015_front_put_the_box_on_the_tray.png,00015_wrist_put_the_box_on_the_tray.png,recap.png,50,15,384,385,29.186813186813186,-3.912087912087912,-4.087912087912088,84.04395604395604,5.318681318681318,17.945205479452056,35.5782585144043,3.4623489379882812,11.77349853515625,59.652706146240234,6.808509826660156,21.62933921813965
057_box,put the box on the tray,16,1,346,13.509,1788427039.2455063,00015_front_put_the_box_on_the_tray.png,00015_wrist_put_the_box_on_the_tray.png,recap.png,50,16,385,386,29.186813186813186,-3.912087912087912,-4.087912087912088,84.04395604395604,5.318681318681318,17.945205479452056,35.67562484741211,3.0478134155273438,10.624107360839844,60.137657165527344,6.754966735839844,23.22134780883789
057_box,put the box on the tray,16,1,346,13.509,1788427039.2455063,00015_front_put_the_box_on_the_tray.png,00015_wrist_put_the_box_on_the_tray.png,recap.png,50,17,386,387,29.186813186813186,-3.912087912087912,-4.087912087912088,84.04395604395604,5.318681318681318,17.945205479452056,35.48939895629883,4.383216857910156,10.918296813964844,60.17342758178711,6.872264862060547,25.239797592163086
057_box,put the box on the tray,16,1,346,13.509,1788427039.2455063,00015_front_put_the_box_on_the_tray.png,00015_wrist_put_the_box_on_the_tray.png,recap.png,50,18,387,388,29.186813186813186,-3.912087912087912,-4.087912087912088,84.04395604395604,5.318681318681318,17.945205479452056,35.579036712646484,3.47882080078125,10.692344665527344,60.889339447021484,7.038568496704102,27.25946617126465
057_box,put the box on the tray,16,1,346,13.509,1788427039.2455063,00015_front_put_the_box_on_the_tray.png,00015_wrist_put_the_box_on_the_tray.png,recap.png,50,19,388,389,29.186813186813186,-3.912087912087912,-4.087912087912088,84.04395604395604,5.318681318681318,17.945205479452056,35.20927047729492,4.3429107666015625,10.488609313964844,61.227256774902344,7.129117965698242,29.283472061157227
057_box,put the box on the tray,16,1,346,13.509,1788427039.2455063,00015_front_put_the_box_on_the_tray.png,00015_wrist_put_the_box_on_the_tray.png,recap.png,50,20,389,390,29.186813186813186,-3.912087912087912,-4.087912087912088,84.04395604395604,5.318681318681318,17.945205479452056,35.25504684448242,4.707267761230469,10.337753295898438,61.64938735961914,7.24592399597168,31.168445587158203
057_box,put the box on the tray,16,1,346,13.509,1788427039.2455063,00015_front_put_the_box_on_the_tray.png,00015_wrist_put_the_box_on_the_tray.png,recap.png,50,21,390,391,29.186813186813186,-3.912087912087912,-4.087912087912088,84.04395604395604,5.318681318681318,17.945205479452056,35.33322525024414,4.52728271484375,10.119293212890625,62.202484130859375,7.184961318969727,32.53325271606445
057_box,put the box on the tray,16,1,346,13.509,1788427039.2455063,00015_front_put_the_box_on_the_tray.png,00015_wrist_put_the_box_on_the_tray.png,recap.png,50,22,391,392,29.186813186813186,-3.912087912087912,-4.087912087912088,84.04395604395604,5.318681318681318,17.945205479452056,35.13148880004883,5.0820465087890625,9.52008056640625,62.916629791259766,7.325172424316406,33.58299255371094
057_box,put the box on the tray,16,1,346,13.509,1788427039.2455063,00015_front_put_the_box_on_the_tray.png,00015_wrist_put_the_box_on_the_tray.png,recap.png,50,23,392,393,29.186813186813186,-3.912087912087912,-4.087912087912088,84.04395604395604,5.318681318681318,17.945205479452056,35.10049819946289,4.7672119140625,11.012847900390625,63.3314323425293,7.275043487548828,33.93673324584961
057_box,put the box on the tray,16,1,346,13.509,1788427039.2455063,00015_front_put_the_box_on_the_tray.png,00015_wrist_put_the_box_on_the_tray.png,recap.png,50,24,393,394,29.186813186813186,-3.912087912087912,-4.087912087912088,84.04395604395604,5.318681318681318,17.945205479452056,34.934391021728516,4.693229675292969,9.716270446777344,64.1546401977539,7.474235534667969,34.35517120361328
057_box,put the box on the tray,17,0,368,14.345,1788427040.082067,00016_front_put_the_box_on_the_tray.png,00016_wrist_put_the_box_on_the_tray.png,recap.png,50,0,394,395,35.07692307692308,-1.7142857142857142,3.6483516483516483,69.71428571428571,8.043956043956044,17.945205479452056,34.57002639770508,-1.6691116094589233,15.965633392333984,57.692161560058594,7.358570098876953,21.22561264038086
057_box,put the box on the tray,17,0,368,14.345,1788427040.082067,00016_front_put_the_box_on_the_tray.png,00016_wrist_put_the_box_on_the_tray.png,recap.png,50,1,395,396,35.07692307692308,-1.7142857142857142,3.6483516483516483,69.71428571428571,8.043956043956044,17.945205479452056,34.36063003540039,-1.046728491783142,16.058921813964844,58.14397048950195,7.429924488067627,23.331661224365234
057_box,put the box on the tray,17,0,368,14.345,1788427040.082067,00016_front_put_the_box_on_the_tray.png,00016_wrist_put_the_box_on_the_tray.png,recap.png,50,2,396,397,35.07692307692308,-1.7142857142857142,3.6483516483516483,69.71428571428571,8.043956043956044,17.945205479452056,34.33284378051758,-2.840057373046875,19.150543212890625,55.27880859375,7.4423065185546875,21.120746612548828
057_box,put the box on the tray,17,0,368,14.345,1788427040.082067,00016_front_put_the_box_on_the_tray.png,00016_wrist_put_the_box_on_the_tray.png,recap.png,50,3,397,398,35.07692307692308,-1.7142857142857142,3.6483516483516483,69.71428571428571,8.043956043956044,17.945205479452056,34.56956100463867,-2.5961761474609375,18.572242736816406,56.0943603515625,7.500799179077148,23.529638290405273
057_box,put the box on the tray,17,0,368,14.345,1788427040.082067,00016_front_put_the_box_on_the_tray.png,00016_wrist_put_the_box_on_the_tray.png,recap.png,50,4,398,399,35.07692307692308,-1.7142857142857142,3.6483516483516483,69.71428571428571,8.043956043956044,17.945205479452056,34.65493392944336,-2.2354354858398438,18.77587127685547,56.41119384765625,7.6221771240234375,25.446880340576172
057_box,put the box on the tray,17,0,368,14.345,1788427040.082067,00016_front_put_the_box_on_the_tray.png,00016_wrist_put_the_box_on_the_tray.png,recap.png,50,5,399,400,35.07692307692308,-1.7142857142857142,3.6483516483516483,69.71428571428571,8.043956043956044,17.945205479452056,34.45148849487305,-1.7972183227539062,18.603958129882812,57.36479949951172,7.684131622314453,27.317378997802734
057_box,put the box on the tray,17,0,368,14.345,1788427040.082067,00016_front_put_the_box_on_the_tray.png,00016_wrist_put_the_box_on_the_tray.png,recap.png,50,6,400,401,35.07692307692308,-1.7142857142857142,3.6483516483516483,69.71428571428571,8.043956043956044,17.945205479452056,34.41486740112305,-1.6519775390625,17.66919708251953,57.998653411865234,7.798004150390625,29.112035751342773
057_box,put the box on the tray,17,0,368,14.345,1788427040.082067,00016_front_put_the_box_on_the_tray.png,00016_wrist_put_the_box_on_the_tray.png,recap.png,50,7,401,402,35.07692307692308,-1.7142857142857142,3.6483516483516483,69.71428571428571,8.043956043956044,17.945205479452056,34.33096694946289,-0.9296417236328125,18.059120178222656,58.67951965332031,7.966285705566406,30.712596893310547
057_box,put the box on the tray,17,0,368,14.345,1788427040.082067,00016_front_put_the_box_on_the_tray.png,00016_wrist_put_the_box_on_the_tray.png,recap.png,50,8,402,403,35.07692307692308,-1.7142857142857142,3.6483516483516483,69.71428571428571,8.043956043956044,17.945205479452056,34.10917282104492,-0.7193984985351562,18.208282470703125,59.311553955078125,8.140344619750977,32.20057678222656
057_box,put the box on the tray,17,0,368,14.345,1788427040.082067,00016_front_put_the_box_on_the_tray.png,00016_wrist_put_the_box_on_the_tray.png,recap.png,50,9,403,404,35.07692307692308,-1.7142857142857142,3.6483516483516483,69.71428571428571,8.043956043956044,17.945205479452056,34.31926345825195,-0.519989013671875,17.536834716796875,60.02611541748047,8.279535293579102,33.28150177001953
057_box,put the box on the tray,17,0,368,14.345,1788427040.082067,00016_front_put_the_box_on_the_tray.png,00016_wrist_put_the_box_on_the_tray.png,recap.png,50,10,404,405,35.07692307692308,-1.7142857142857142,3.6483516483516483,69.71428571428571,8.043956043956044,17.945205479452056,34.00429916381836,-0.31829071044921875,17.705596923828125,60.796627044677734,8.377908706665039,33.94985580444336
057_box,put the box on the tray,17,0,368,14.345,1788427040.082067,00016_front_put_the_box_on_the_tray.png,00016_wrist_put_the_box_on_the_tray.png,recap.png,50,11,405,406,35.07692307692308,-1.7142857142857142,3.6483516483516483,69.71428571428571,8.043956043956044,17.945205479452056,34.117855072021484,-0.40779876708984375,17.729164123535156,61.47503662109375,8.539438247680664,34.41063690185547
057_box,put the box on the tray,17,0,368,14.345,1788427040.082067,00016_front_put_the_box_on_the_tray.png,00016_wrist_put_the_box_on_the_tray.png,recap.png,50,12,406,407,35.07692307692308,-1.7142857142857142,3.6483516483516483,69.71428571428571,8.043956043956044,17.945205479452056,33.984798431396484,-0.0124969482421875,17.25621795654297,62.1545295715332,8.640777587890625,34.653629302978516
057_box,put the box on the tray,17,0,368,14.345,1788427040.082067,00016_front_put_the_box_on_the_tray.png,00016_wrist_put_the_box_on_the_tray.png,recap.png,50,13,407,408,35.07692307692308,-1.7142857142857142,3.6483516483516483,69.71428571428571,8.043956043956044,17.945205479452056,33.8398323059082,-0.20438385009765625,17.22064208984375,63.049495697021484,8.872119903564453,34.91695785522461
057_box,put the box on the tray,17,0,368,14.345,1788427040.082067,00016_front_put_the_box_on_the_tray.png,00016_wrist_put_the_box_on_the_tray.png,recap.png,50,14,408,409,35.07692307692308,-1.7142857142857142,3.6483516483516483,69.71428571428571,8.043956043956044,17.945205479452056,33.72170639038086,0.05224609375,16.992584228515625,63.95338439941406,8.917238235473633,35.075347900390625
057_box,put the box on the tray,17,0,368,14.345,1788427040.082067,00016_front_put_the_box_on_the_tray.png,00016_wrist_put_the_box_on_the_tray.png,recap.png,50,15,409,410,35.07692307692308,-1.7142857142857142,3.6483516483516483,69.71428571428571,8.043956043956044,17.945205479452056,33.632144927978516,-0.6730804443359375,16.300994873046875,65.02698516845703,9.09970474243164,35.05492401123047
057_box,put the box on the tray,17,0,368,14.345,1788427040.082067,00016_front_put_the_box_on_the_tray.png,00016_wrist_put_the_box_on_the_tray.png,recap.png,50,16,410,411,35.07692307692308,-1.7142857142857142,3.6483516483516483,69.71428571428571,8.043956043956044,17.945205479452056,33.31191635131836,-0.9037551879882812,15.459442138671875,66.2080078125,9.3125,34.9915771484375
057_box,put the box on the tray,17,0,368,14.345,1788427040.082067,00016_front_put_the_box_on_the_tray.png,00016_wrist_put_the_box_on_the_tray.png,recap.png,50,17,411,412,35.07692307692308,-1.7142857142857142,3.6483516483516483,69.71428571428571,8.043956043956044,17.945205479452056,33.1479606628418,-1.5368270874023438,15.071823120117188,67.52156829833984,9.374095916748047,34.936893463134766
057_box,put the box on the tray,17,0,368,14.345,1788427040.082067,00016_front_put_the_box_on_the_tray.png,00016_wrist_put_the_box_on_the_tray.png,recap.png,50,18,412,413,35.07692307692308,-1.7142857142857142,3.6483516483516483,69.71428571428571,8.043956043956044,17.945205479452056,32.61935806274414,-2.2390975952148438,14.390251159667969,68.7806625366211,9.488809585571289,34.60418701171875
057_box,put the box on the tray,17,0,368,14.345,1788427040.082067,00016_front_put_the_box_on_the_tray.png,00016_wrist_put_the_box_on_the_tray.png,recap.png,50,19,413,414,35.07692307692308,-1.7142857142857142,3.6483516483516483,69.71428571428571,8.043956043956044,17.945205479452056,32.37688064575195,-3.015289306640625,13.7640380859375,70.01834106445312,9.580038070678711,34.564083099365234
057_box,put the box on the tray,17,0,368,14.345,1788427040.082067,00016_front_put_the_box_on_the_tray.png,00016_wrist_put_the_box_on_the_tray.png,recap.png,50,20,414,415,35.07692307692308,-1.7142857142857142,3.6483516483516483,69.71428571428571,8.043956043956044,17.945205479452056,31.905834197998047,-3.6509170532226562,13.634231567382812,71.19477844238281,9.517112731933594,34.56625747680664
057_box,put the box on the tray,17,0,368,14.345,1788427040.082067,00016_front_put_the_box_on_the_tray.png,00016_wrist_put_the_box_on_the_tray.png,recap.png,50,21,415,416,35.07692307692308,-1.7142857142857142,3.6483516483516483,69.71428571428571,8.043956043956044,17.945205479452056,31.680469512939453,-4.9652099609375,12.824119567871094,72.3956298828125,9.614789962768555,34.52373504638672
057_box,put the box on the tray,17,0,368,14.345,1788427040.082067,00016_front_put_the_box_on_the_tray.png,00016_wrist_put_the_box_on_the_tray.png,recap.png,50,22,416,417,35.07692307692308,-1.7142857142857142,3.6483516483516483,69.71428571428571,8.043956043956044,17.945205479452056,31.170482635498047,-5.145805358886719,11.361495971679688,73.60279083251953,9.647512435913086,34.40959167480469
057_box,put the box on the tray,17,0,368,14.345,1788427040.082067,00016_front_put_the_box_on_the_tray.png,00016_wrist_put_the_box_on_the_tray.png,recap.png,50,23,417,418,35.07692307692308,-1.7142857142857142,3.6483516483516483,69.71428571428571,8.043956043956044,17.945205479452056,30.645538330078125,-5.633842468261719,10.544769287109375,74.9117431640625,9.576972961425781,34.04456329345703
057_box,put the box on the tray,18,0,393,15.181,1788427040.9235802,00017_front_put_the_box_on_the_tray.png,00017_wrist_put_the_box_on_the_tray.png,recap.png,50,0,418,419,35.51648351648352,5.670329670329671,12.615384615384615,62.15384615384615,7.34065934065934,31.506849315068493,24.513042449951172,-25.176597595214844,15.663864135742188,84.26199340820312,10.655603408813477,38.805145263671875
057_box,put the box on the tray,18,0,393,15.181,1788427040.9235802,00017_front_put_the_box_on_the_tray.png,00017_wrist_put_the_box_on_the_tray.png,recap.png,50,1,419,420,35.51648351648352,5.670329670329671,12.615384615384615,62.15384615384615,7.34065934065934,31.506849315068493,23.97073745727539,-27.25281524658203,15.861335754394531,84.84672546386719,10.712100982666016,38.83763122558594
057_box,put the box on the tray,18,0,393,15.181,1788427040.9235802,00017_front_put_the_box_on_the_tray.png,00017_wrist_put_the_box_on_the_tray.png,recap.png,50,2,420,421,35.51648351648352,5.670329670329671,12.615384615384615,62.15384615384615,7.34065934065934,31.506849315068493,23.28515625,-27.621543884277344,16.476844787597656,85.05203247070312,10.519817352294922,39.07683181762695
057_box,put the box on the tray,18,0,393,15.181,1788427040.9235802,00017_front_put_the_box_on_the_tray.png,00017_wrist_put_the_box_on_the_tray.png,recap.png,50,3,421,422,35.51648351648352,5.670329670329671,12.615384615384615,62.15384615384615,7.34065934065934,31.506849315068493,22.430259704589844,-30.474830627441406,17.515846252441406,85.86228942871094,10.614389419555664,39.212276458740234
057_box,put the box on the tray,18,0,393,15.181,1788427040.9235802,00017_front_put_the_box_on_the_tray.png,00017_wrist_put_the_box_on_the_tray.png,recap.png,50,4,422,423,35.51648351648352,5.670329670329671,12.615384615384615,62.15384615384615,7.34065934065934,31.506849315068493,21.598037719726562,-31.79010009765625,17.976951599121094,86.45504760742188,10.568460464477539,39.17717742919922
057_box,put the box on the tray,18,0,393,15.181,1788427040.9235802,00017_front_put_the_box_on_the_tray.png,00017_wrist_put_the_box_on_the_tray.png,recap.png,50,5,423,424,35.51648351648352,5.670329670329671,12.615384615384615,62.15384615384615,7.34065934065934,31.506849315068493,20.391677856445312,-33.26377868652344,18.44226837158203,86.79607391357422,10.485370635986328,39.166954040527344
057_box,put the box on the tray,18,0,393,15.181,1788427040.9235802,00017_front_put_the_box_on_the_tray.png,00017_wrist_put_the_box_on_the_tray.png,recap.png,50,6,424,425,35.51648351648352,5.670329670329671,12.615384615384615,62.15384615384615,7.34065934065934,31.506849315068493,19.16724395751953,-34.89458465576172,19.652862548828125,87.03236389160156,10.404640197753906,38.56485366821289
057_box,put the box on the tray,18,0,393,15.181,1788427040.9235802,00017_front_put_the_box_on_the_tray.png,00017_wrist_put_the_box_on_the_tray.png,recap.png,50,7,425,426,35.51648351648352,5.670329670329671,12.615384615384615,62.15384615384615,7.34065934065934,31.506849315068493,18.209407806396484,-36.200286865234375,19.733299255371094,87.22151184082031,10.169271469116211,37.228965759277344
057_box,put the box on the tray,18,0,393,15.181,1788427040.9235802,00017_front_put_the_box_on_the_tray.png,00017_wrist_put_the_box_on_the_tray.png,recap.png,50,8,426,427,35.51648351648352,5.670329670329671,12.615384615384615,62.15384615384615,7.34065934065934,31.506849315068493,17.429882049560547,-37.290367126464844,20.473106384277344,87.35589599609375,9.912422180175781,33.93040084838867
057_box,put the box on the tray,18,0,393,15.181,1788427040.9235802,00017_front_put_the_box_on_the_tray.png,00017_wrist_put_the_box_on_the_tray.png,recap.png,50,9,427,428,35.51648351648352,5.670329670329671,12.615384615384615,62.15384615384615,7.34065934065934,31.506849315068493,16.14529800415039,-39.096168518066406,21.919021606445312,87.601318359375,9.67030143737793,29.38970947265625
057_box,put the box on the tray,18,0,393,15.181,1788427040.9235802,00017_front_put_the_box_on_the_tray.png,00017_wrist_put_the_box_on_the_tray.png,recap.png,50,10,428,429,35.51648351648352,5.670329670329671,12.615384615384615,62.15384615384615,7.34065934065934,31.506849315068493,14.781890869140625,-40.9207878112793,23.68902587890625,87.51115417480469,9.666961669921875,24.232540130615234
057_box,put the box on the tray,18,0,393,15.181,1788427040.9235802,00017_front_put_the_box_on_the_tray.png,00017_wrist_put_the_box_on_the_tray.png,recap.png,50,11,429,430,35.51648351648352,5.670329670329671,12.615384615384615,62.15384615384615,7.34065934065934,31.506849315068493,13.90869140625,-41.489593505859375,24.815292358398438,87.39888000488281,9.772317886352539,18.876211166381836
057_box,put the box on the tray,18,0,393,15.181,1788427040.9235802,00017_front_put_the_box_on_the_tray.png,00017_wrist_put_the_box_on_the_tray.png,recap.png,50,12,430,431,35.51648351648352,5.670329670329671,12.615384615384615,62.15384615384615,7.34065934065934,31.506849315068493,12.580413818359375,-42.619102478027344,25.503326416015625,86.72610473632812,9.861412048339844,14.192207336425781
057_box,put the box on the tray,18,0,393,15.181,1788427040.9235802,00017_front_put_the_box_on_the_tray.png,00017_wrist_put_the_box_on_the_tray.png,recap.png,50,13,431,432,35.51648351648352,5.670329670329671,12.615384615384615,62.15384615384615,7.34065934065934,31.506849315068493,11.541065216064453,-44.920326232910156,26.470260620117188,86.37954711914062,9.955602645874023,9.994068145751953
057_box,put the box on the tray,18,0,393,15.181,1788427040.9235802,00017_front_put_the_box_on_the_tray.png,00017_wrist_put_the_box_on_the_tray.png,recap.png,50,14,432,433,35.51648351648352,5.670329670329671,12.615384615384615,62.15384615384615,7.34065934065934,31.506849315068493,10.572532653808594,-46.8156623840332,28.74236297607422,85.79318237304688,9.845222473144531,6.740392208099365
057_box,put the box on the tray,18,0,393,15.181,1788427040.9235802,00017_front_put_the_box_on_the_tray.png,00017_wrist_put_the_box_on_the_tray.png,recap.png,50,15,433,434,35.51648351648352,5.670329670329671,12.615384615384615,62.15384615384615,7.34065934065934,31.506849315068493,9.739856719970703,-47.99519729614258,29.50457763671875,85.17320251464844,10.074800491333008,4.184792995452881
057_box,put the box on the tray,18,0,393,15.181,1788427040.9235802,00017_front_put_the_box_on_the_tray.png,00017_wrist_put_the_box_on_the_tray.png,recap.png,50,16,434,435,35.51648351648352,5.670329670329671,12.615384615384615,62.15384615384615,7.34065934065934,31.506849315068493,8.729419708251953,-49.75617980957031,31.42192840576172,84.68013000488281,10.106555938720703,2.4367353916168213
057_box,put the box on the tray,18,0,393,15.181,1788427040.9235802,00017_front_put_the_box_on_the_tray.png,00017_wrist_put_the_box_on_the_tray.png,recap.png,50,17,435,436,35.51648351648352,5.670329670329671,12.615384615384615,62.15384615384615,7.34065934065934,31.506849315068493,7.841819763183594,-50.9195556640625,33.10179138183594,84.17012023925781,9.91897964477539,1.7735545635223389
057_box,put the box on the tray,18,0,393,15.181,1788427040.9235802,00017_front_put_the_box_on_the_tray.png,00017_wrist_put_the_box_on_the_tray.png,recap.png,50,18,436,437,35.51648351648352,5.670329670329671,12.615384615384615,62.15384615384615,7.34065934065934,31.506849315068493,7.101432800292969,-52.65476608276367,34.298126220703125,83.56255340576172,9.711904525756836,1.5362708568572998
057_box,put the box on the tray,18,0,393,15.181,1788427040.9235802,00017_front_put_the_box_on_the_tray.png,00017_wrist_put_the_box_on_the_tray.png,recap.png,50,19,437,438,35.51648351648352,5.670329670329671,12.615384615384615,62.15384615384615,7.34065934065934,31.506849315068493,6.2247161865234375,-54.47193908691406,36.08397674560547,82.71389770507812,9.491052627563477,1.4117355346679688
057_box,put the box on the tray,18,0,393,15.181,1788427040.9235802,00017_front_put_the_box_on_the_tray.png,00017_wrist_put_the_box_on_the_tray.png,recap.png,50,20,438,439,35.51648351648352,5.670329670329671,12.615384615384615,62.15384615384615,7.34065934065934,31.506849315068493,5.515960693359375,-56.24139404296875,37.959632873535156,81.80421447753906,9.301862716674805,1.4144036769866943
057_box,put the box on the tray,18,0,393,15.181,1788427040.9235802,00017_front_put_the_box_on_the_tray.png,00017_wrist_put_the_box_on_the_tray.png,recap.png,50,21,439,440,35.51648351648352,5.670329670329671,12.615384615384615,62.15384615384615,7.34065934065934,31.506849315068493,4.532672882080078,-58.06278991699219,39.850074768066406,80.93807220458984,8.997821807861328,1.402491807937622
057_box,put the box on the tray,18,0,393,15.181,1788427040.9235802,00017_front_put_the_box_on_the_tray.png,00017_wrist_put_the_box_on_the_tray.png,recap.png,50,22,440,441,35.51648351648352,5.670329670329671,12.615384615384615,62.15384615384615,7.34065934065934,31.506849315068493,3.7276954650878906,-59.526100158691406,41.747528076171875,80.03165435791016,8.794069290161133,1.4092109203338623
057_box,put the box on the tray,18,0,393,15.181,1788427040.9235802,00017_front_put_the_box_on_the_tray.png,00017_wrist_put_the_box_on_the_tray.png,recap.png,50,23,441,442,35.51648351648352,5.670329670329671,12.615384615384615,62.15384615384615,7.34065934065934,31.506849315068493,2.9791221618652344,-61.78958511352539,44.00468444824219,79.44830322265625,8.651174545288086,1.132725477218628
057_box,put the box on the tray,18,0,393,15.181,1788427040.9235802,00017_front_put_the_box_on_the_tray.png,00017_wrist_put_the_box_on_the_tray.png,recap.png,50,24,442,443,35.51648351648352,5.670329670329671,12.615384615384615,62.15384615384615,7.34065934065934,31.506849315068493,2.4461898803710938,-63.99262237548828,45.8565673828125,78.84561920166016,8.533502578735352,1.0414490699768066
057_box,put the box on the tray,19,1,417,15.983,1788427041.7213814,00018_front_put_the_box_on_the_tray.png,00018_wrist_put_the_box_on_the_tray.png,recap.png,50,0,443,444,32.35164835164835,-1.098901098901099,15.340659340659341,70.5934065934066,9.010989010989011,34.52054794520548,9.038387298583984,-49.26059341430664,32.89653015136719,81.88710021972656,9.016206741333008,-0.6765738725662231
057_box,put the box on the tray,19,1,417,15.983,1788427041.7213814,00018_front_put_the_box_on_the_tray.png,00018_wrist_put_the_box_on_the_tray.png,recap.png,50,1,444,445,32.35164835164835,-1.098901098901099,15.340659340659341,70.5934065934066,9.010989010989011,34.52054794520548,8.175643920898438,-52.193382263183594,34.436309814453125,81.30376434326172,9.156505584716797,-1.7591207027435303
057_box,put the box on the tray,19,1,417,15.983,1788427041.7213814,00018_front_put_the_box_on_the_tray.png,00018_wrist_put_the_box_on_the_tray.png,recap.png,50,2,445,446,32.35164835164835,-1.098901098901099,15.340659340659341,70.5934065934066,9.010989010989011,34.52054794520548,7.721317291259766,-53.144405364990234,35.87120056152344,80.63045501708984,9.02220344543457,-0.6683507561683655
057_box,put the box on the tray,19,1,417,15.983,1788427041.7213814,00018_front_put_the_box_on_the_tray.png,00018_wrist_put_the_box_on_the_tray.png,recap.png,50,3,446,447,32.35164835164835,-1.098901098901099,15.340659340659341,70.5934065934066,9.010989010989011,34.52054794520548,7.4529876708984375,-54.342281341552734,37.07555389404297,79.72147369384766,9.187362670898438,-0.2469220757484436
057_box,put the box on the tray,19,1,417,15.983,1788427041.7213814,00018_front_put_the_box_on_the_tray.png,00018_wrist_put_the_box_on_the_tray.png,recap.png,50,4,447,448,32.35164835164835,-1.098901098901099,15.340659340659341,70.5934065934066,9.010989010989011,34.52054794520548,7.004032135009766,-55.264034271240234,38.759727478027344,79.02598571777344,9.130559921264648,0.23919323086738586
057_box,put the box on the tray,19,1,417,15.983,1788427041.7213814,00018_front_put_the_box_on_the_tray.png,00018_wrist_put_the_box_on_the_tray.png,recap.png,50,5,448,449,32.35164835164835,-1.098901098901099,15.340659340659341,70.5934065934066,9.010989010989011,34.52054794520548,6.693584442138672,-57.848976135253906,40.84027862548828,78.10848236083984,9.299989700317383,0.4153369069099426
057_box,put the box on the tray,19,1,417,15.983,1788427041.7213814,00018_front_put_the_box_on_the_tray.png,00018_wrist_put_the_box_on_the_tray.png,recap.png,50,6,449,450,32.35164835164835,-1.098901098901099,15.340659340659341,70.5934065934066,9.010989010989011,34.52054794520548,6.38250732421875,-58.10602569580078,42.356475830078125,77.19697570800781,9.303239822387695,0.6377943158149719
057_box,put the box on the tray,19,1,417,15.983,1788427041.7213814,00018_front_put_the_box_on_the_tray.png,00018_wrist_put_the_box_on_the_tray.png,recap.png,50,7,450,451,32.35164835164835,-1.098901098901099,15.340659340659341,70.5934065934066,9.010989010989011,34.52054794520548,6.19439697265625,-60.144065856933594,44.14213562011719,76.15835571289062,9.525371551513672,0.6417890191078186
057_box,put the box on the tray,19,1,417,15.983,1788427041.7213814,00018_front_put_the_box_on_the_tray.png,00018_wrist_put_the_box_on_the_tray.png,recap.png,50,8,451,452,32.35164835164835,-1.098901098901099,15.340659340659341,70.5934065934066,9.010989010989011,34.52054794520548,5.770854949951172,-61.14164733886719,45.43468475341797,75.1911392211914,9.484838485717773,0.7395964860916138
057_box,put the box on the tray,19,1,417,15.983,1788427041.7213814,00018_front_put_the_box_on_the_tray.png,00018_wrist_put_the_box_on_the_tray.png,recap.png,50,9,452,453,32.35164835164835,-1.098901098901099,15.340659340659341,70.5934065934066,9.010989010989011,34.52054794520548,5.362556457519531,-63.84815216064453,47.648155212402344,74.32878112792969,9.507940292358398,0.7357717156410217
057_box,put the box on the tray,19,1,417,15.983,1788427041.7213814,00018_front_put_the_box_on_the_tray.png,00018_wrist_put_the_box_on_the_tray.png,recap.png,50,10,453,454,32.35164835164835,-1.098901098901099,15.340659340659341,70.5934065934066,9.010989010989011,34.52054794520548,5.0429229736328125,-65.8421630859375,49.19202423095703,73.70307159423828,9.669532775878906,0.9158729314804077
057_box,put the box on the tray,19,1,417,15.983,1788427041.7213814,00018_front_put_the_box_on_the_tray.png,00018_wrist_put_the_box_on_the_tray.png,recap.png,50,11,454,455,32.35164835164835,-1.098901098901099,15.340659340659341,70.5934065934066,9.010989010989011,34.52054794520548,4.824176788330078,-67.52836608886719,50.58283233642578,72.97630310058594,9.512327194213867,0.9717448353767395
057_box,put the box on the tray,19,1,417,15.983,1788427041.7213814,00018_front_put_the_box_on_the_tray.png,00018_wrist_put_the_box_on_the_tray.png,recap.png,50,12,455,456,32.35164835164835,-1.098901098901099,15.340659340659341,70.5934065934066,9.010989010989011,34.52054794520548,4.394500732421875,-69.06098937988281,52.82067108154297,72.43736267089844,9.426109313964844,0.9716163277626038
057_box,put the box on the tray,19,1,417,15.983,1788427041.7213814,00018_front_put_the_box_on_the_tray.png,00018_wrist_put_the_box_on_the_tray.png,recap.png,50,13,456,457,32.35164835164835,-1.098901098901099,15.340659340659341,70.5934065934066,9.010989010989011,34.52054794520548,4.0629730224609375,-70.87451171875,54.015480041503906,72.13006591796875,9.51527214050293,1.0885848999023438
057_box,put the box on the tray,19,1,417,15.983,1788427041.7213814,00018_front_put_the_box_on_the_tray.png,00018_wrist_put_the_box_on_the_tray.png,recap.png,50,14,457,458,32.35164835164835,-1.098901098901099,15.340659340659341,70.5934065934066,9.010989010989011,34.52054794520548,3.9190635681152344,-72.69884490966797,55.98847961425781,71.75865173339844,9.461767196655273,1.0499632358551025
057_box,put the box on the tray,19,1,417,15.983,1788427041.7213814,00018_front_put_the_box_on_the_tray.png,00018_wrist_put_the_box_on_the_tray.png,recap.png,50,15,458,459,32.35164835164835,-1.098901098901099,15.340659340659341,70.5934065934066,9.010989010989011,34.52054794520548,3.6620826721191406,-74.75604248046875,57.56756591796875,71.43387603759766,9.738319396972656,1.0636987686157227
057_box,put the box on the tray,19,1,417,15.983,1788427041.7213814,00018_front_put_the_box_on_the_tray.png,00018_wrist_put_the_box_on_the_tray.png,recap.png,50,16,459,460,32.35164835164835,-1.098901098901099,15.340659340659341,70.5934065934066,9.010989010989011,34.52054794520548,3.575042724609375,-76.66216278076172,59.42271423339844,70.82139587402344,9.416128158569336,0.9861305356025696
057_box,put the box on the tray,19,1,417,15.983,1788427041.7213814,00018_front_put_the_box_on_the_tray.png,00018_wrist_put_the_box_on_the_tray.png,recap.png,50,17,460,461,32.35164835164835,-1.098901098901099,15.340659340659341,70.5934065934066,9.010989010989011,34.52054794520548,3.227588653564453,-77.87468719482422,60.146568298339844,70.44939422607422,9.551786422729492,0.8447847366333008
057_box,put the box on the tray,19,1,417,15.983,1788427041.7213814,00018_front_put_the_box_on_the_tray.png,00018_wrist_put_the_box_on_the_tray.png,recap.png,50,18,461,462,32.35164835164835,-1.098901098901099,15.340659340659341,70.5934065934066,9.010989010989011,34.52054794520548,2.6848716735839844,-80.51493072509766,62.09459686279297,69.97603607177734,9.401094436645508,0.8145572543144226
057_box,put the box on the tray,19,1,417,15.983,1788427041.7213814,00018_front_put_the_box_on_the_tray.png,00018_wrist_put_the_box_on_the_tray.png,recap.png,50,19,462,463,32.35164835164835,-1.098901098901099,15.340659340659341,70.5934065934066,9.010989010989011,34.52054794520548,2.5406227111816406,-83.60596466064453,63.76531982421875,69.95503234863281,9.066621780395508,0.7473193407058716
057_box,put the box on the tray,19,1,417,15.983,1788427041.7213814,00018_front_put_the_box_on_the_tray.png,00018_wrist_put_the_box_on_the_tray.png,recap.png,50,20,463,464,32.35164835164835,-1.098901098901099,15.340659340659341,70.5934065934066,9.010989010989011,34.52054794520548,2.187122344970703,-85.84844970703125,65.3133773803711,70.16950988769531,8.10699462890625,0.280639111995697
057_box,put the box on the tray,19,1,417,15.983,1788427041.7213814,00018_front_put_the_box_on_the_tray.png,00018_wrist_put_the_box_on_the_tray.png,recap.png,50,21,464,465,32.35164835164835,-1.098901098901099,15.340659340659341,70.5934065934066,9.010989010989011,34.52054794520548,1.7419929504394531,-89.27596282958984,66.5045166015625,70.2005615234375,6.647686004638672,0.25636810064315796
057_box,put the box on the tray,19,1,417,15.983,1788427041.7213814,00018_front_put_the_box_on_the_tray.png,00018_wrist_put_the_box_on_the_tray.png,recap.png,50,22,465,466,32.35164835164835,-1.098901098901099,15.340659340659341,70.5934065934066,9.010989010989011,34.52054794520548,1.52392578125,-91.6492919921875,68.46222686767578,70.43059539794922,5.555360794067383,0.1883293092250824
057_box,put the box on the tray,19,1,417,15.983,1788427041.7213814,00018_front_put_the_box_on_the_tray.png,00018_wrist_put_the_box_on_the_tray.png,recap.png,50,23,466,467,32.35164835164835,-1.098901098901099,15.340659340659341,70.5934065934066,9.010989010989011,34.52054794520548,1.8055839538574219,-92.87906646728516,68.48222351074219,70.57986450195312,4.264558792114258,0.16094088554382324
057_box,put the box on the tray,20,1,442,16.953,1788427042.6905265,00019_front_put_the_box_on_the_tray.png,00019_wrist_put_the_box_on_the_tray.png,recap.png,50,0,467,468,4.571428571428571,-57.0989010989011,40.48351648351648,81.75824175824175,9.362637362637363,1.9178082191780823,-3.4639205932617188,-99.27633666992188,78.52992248535156,71.05108642578125,-2.275773048400879,0.8523695468902588
057_box,put the box on the tray,20,1,442,16.953,1788427042.6905265,00019_front_put_the_box_on_the_tray.png,00019_wrist_put_the_box_on_the_tray.png,recap.png,50,1,468,469,4.571428571428571,-57.0989010989011,40.48351648351648,81.75824175824175,9.362637362637363,1.9178082191780823,-3.759939193725586,-100.35123443603516,79.73635864257812,72.16217041015625,-1.7690105438232422,0.6776300072669983
057_box,put the box on the tray,20,1,442,16.953,1788427042.6905265,00019_front_put_the_box_on_the_tray.png,00019_wrist_put_the_box_on_the_tray.png,recap.png,50,2,469,470,4.571428571428571,-57.0989010989011,40.48351648351648,81.75824175824175,9.362637362637363,1.9178082191780823,-4.655895233154297,-101.91404724121094,80.041259765625,73.0652084350586,-1.6082763671875,0.4340285062789917
057_box,put the box on the tray,20,1,442,16.953,1788427042.6905265,00019_front_put_the_box_on_the_tray.png,00019_wrist_put_the_box_on_the_tray.png,recap.png,50,3,470,471,4.571428571428571,-57.0989010989011,40.48351648351648,81.75824175824175,9.362637362637363,1.9178082191780823,-4.841386795043945,-101.98698425292969,81.76890563964844,73.36344909667969,-1.6005668640136719,0.13338039815425873
057_box,put the box on the tray,20,1,442,16.953,1788427042.6905265,00019_front_put_the_box_on_the_tray.png,00019_wrist_put_the_box_on_the_tray.png,recap.png,50,4,471,472,4.571428571428571,-57.0989010989011,40.48351648351648,81.75824175824175,9.362637362637363,1.9178082191780823,-5.21186637878418,-102.43563842773438,82.93409729003906,73.939697265625,-1.5135574340820312,0.29228657484054565
057_box,put the box on the tray,20,1,442,16.953,1788427042.6905265,00019_front_put_the_box_on_the_tray.png,00019_wrist_put_the_box_on_the_tray.png,recap.png,50,5,472,473,4.571428571428571,-57.0989010989011,40.48351648351648,81.75824175824175,9.362637362637363,1.9178082191780823,-4.8543243408203125,-102.8686752319336,83.33035278320312,74.36383819580078,-1.5375680923461914,0.42298540472984314
057_box,put the box on the tray,20,1,442,16.953,1788427042.6905265,00019_front_put_the_box_on_the_tray.png,00019_wrist_put_the_box_on_the_tray.png,recap.png,50,6,473,474,4.571428571428571,-57.0989010989011,40.48351648351648,81.75824175824175,9.362637362637363,1.9178082191780823,-5.13157844543457,-102.60751342773438,83.32469177246094,74.6521224975586,-1.383584976196289,0.5292836427688599
057_box,put the box on the tray,20,1,442,16.953,1788427042.6905265,00019_front_put_the_box_on_the_tray.png,00019_wrist_put_the_box_on_the_tray.png,recap.png,50,7,474,475,4.571428571428571,-57.0989010989011,40.48351648351648,81.75824175824175,9.362637362637363,1.9178082191780823,-4.990810394287109,-102.44979095458984,84.90205383300781,75.197509765625,-1.2814455032348633,0.22026053071022034
057_box,put the box on the tray,20,1,442,16.953,1788427042.6905265,00019_front_put_the_box_on_the_tray.png,00019_wrist_put_the_box_on_the_tray.png,recap.png,50,8,475,476,4.571428571428571,-57.0989010989011,40.48351648351648,81.75824175824175,9.362637362637363,1.9178082191780823,-5.071598052978516,-101.9203109741211,84.09011840820312,75.40021514892578,-1.3004388809204102,0.3938741981983185
057_box,put the box on the tray,20,1,442,16.953,1788427042.6905265,00019_front_put_the_box_on_the_tray.png,00019_wrist_put_the_box_on_the_tray.png,recap.png,50,9,476,477,4.571428571428571,-57.0989010989011,40.48351648351648,81.75824175824175,9.362637362637363,1.9178082191780823,-4.597003936767578,-102.23881530761719,84.95964050292969,75.89422607421875,-1.3691015243530273,0.22292543947696686
057_box,put the box on the tray,20,1,442,16.953,1788427042.6905265,00019_front_put_the_box_on_the_tray.png,00019_wrist_put_the_box_on_the_tray.png,recap.png,50,10,477,478,4.571428571428571,-57.0989010989011,40.48351648351648,81.75824175824175,9.362637362637363,1.9178082191780823,-4.63359260559082,-102.47122192382812,84.98858642578125,76.0914535522461,-1.265787124633789,0.38519543409347534
057_box,put the box on the tray,20,1,442,16.953,1788427042.6905265,00019_front_put_the_box_on_the_tray.png,00019_wrist_put_the_box_on_the_tray.png,recap.png,50,11,478,479,4.571428571428571,-57.0989010989011,40.48351648351648,81.75824175824175,9.362637362637363,1.9178082191780823,-4.155094146728516,-102.59732818603516,85.88906860351562,76.05375671386719,-1.0704212188720703,0.2912764549255371
057_box,put the box on the tray,20,1,442,16.953,1788427042.6905265,00019_front_put_the_box_on_the_tray.png,00019_wrist_put_the_box_on_the_tray.png,recap.png,50,12,479,480,4.571428571428571,-57.0989010989011,40.48351648351648,81.75824175824175,9.362637362637363,1.9178082191780823,-4.519582748413086,-103.24036407470703,87.06993103027344,76.43617248535156,-0.9313516616821289,0.3639812469482422
057_box,put the box on the tray,20,1,442,16.953,1788427042.6905265,00019_front_put_the_box_on_the_tray.png,00019_wrist_put_the_box_on_the_tray.png,recap.png,50,13,480,481,4.571428571428571,-57.0989010989011,40.48351648351648,81.75824175824175,9.362637362637363,1.9178082191780823,-4.181583404541016,-102.67658233642578,87.56704711914062,76.47550201416016,-0.9679698944091797,0.5739743709564209
057_box,put the box on the tray,20,1,442,16.953,1788427042.6905265,00019_front_put_the_box_on_the_tray.png,00019_wrist_put_the_box_on_the_tray.png,recap.png,50,14,481,482,4.571428571428571,-57.0989010989011,40.48351648351648,81.75824175824175,9.362637362637363,1.9178082191780823,-3.9697208404541016,-102.15158081054688,87.58700561523438,76.60314178466797,-0.8160572052001953,0.3728395104408264
057_box,put the box on the tray,20,1,442,16.953,1788427042.6905265,00019_front_put_the_box_on_the_tray.png,00019_wrist_put_the_box_on_the_tray.png,recap.png,50,15,482,483,4.571428571428571,-57.0989010989011,40.48351648351648,81.75824175824175,9.362637362637363,1.9178082191780823,-4.025457382202148,-102.84171295166016,87.36553955078125,77.05308532714844,-1.1137847900390625,0.46253111958503723
057_box,put the box on the tray,20,1,442,16.953,1788427042.6905265,00019_front_put_the_box_on_the_tray.png,00019_wrist_put_the_box_on_the_tray.png,recap.png,50,16,483,484,4.571428571428571,-57.0989010989011,40.48351648351648,81.75824175824175,9.362637362637363,1.9178082191780823,-4.025226593017578,-102.40250396728516,87.64839172363281,76.70551300048828,-1.3320684432983398,0.6922822594642639
057_box,put the box on the tray,20,1,442,16.953,1788427042.6905265,00019_front_put_the_box_on_the_tray.png,00019_wrist_put_the_box_on_the_tray.png,recap.png,50,17,484,485,4.571428571428571,-57.0989010989011,40.48351648351648,81.75824175824175,9.362637362637363,1.9178082191780823,-3.495943069458008,-103.88721466064453,88.23654174804688,77.3539810180664,-1.3031673431396484,0.5098209381103516
057_box,put the box on the tray,20,1,442,16.953,1788427042.6905265,00019_front_put_the_box_on_the_tray.png,00019_wrist_put_the_box_on_the_tray.png,recap.png,50,18,485,486,4.571428571428571,-57.0989010989011,40.48351648351648,81.75824175824175,9.362637362637363,1.9178082191780823,-3.7327651977539062,-103.5083236694336,88.71028137207031,77.25343322753906,-1.4129047393798828,0.5899680852890015
057_box,put the box on the tray,20,1,442,16.953,1788427042.6905265,00019_front_put_the_box_on_the_tray.png,00019_wrist_put_the_box_on_the_tray.png,recap.png,50,19,486,487,4.571428571428571,-57.0989010989011,40.48351648351648,81.75824175824175,9.362637362637363,1.9178082191780823,-4.157861709594727,-104.31438446044922,88.91188049316406,77.31471252441406,-1.0920848846435547,0.4022226333618164
057_box,put the box on the tray,20,1,442,16.953,1788427042.6905265,00019_front_put_the_box_on_the_tray.png,00019_wrist_put_the_box_on_the_tray.png,recap.png,50,20,487,488,4.571428571428571,-57.0989010989011,40.48351648351648,81.75824175824175,9.362637362637363,1.9178082191780823,-3.916339874267578,-104.18932342529297,89.14213562011719,77.25830841064453,-1.2565860748291016,0.7385151982307434
057_box,put the box on the tray,20,1,442,16.953,1788427042.6905265,00019_front_put_the_box_on_the_tray.png,00019_wrist_put_the_box_on_the_tray.png,recap.png,50,21,488,489,4.571428571428571,-57.0989010989011,40.48351648351648,81.75824175824175,9.362637362637363,1.9178082191780823,-4.188987731933594,-103.86775207519531,88.54412841796875,77.609619140625,-1.6046905517578125,0.6510233283042908
057_box,put the box on the tray,20,1,442,16.953,1788427042.6905265,00019_front_put_the_box_on_the_tray.png,00019_wrist_put_the_box_on_the_tray.png,recap.png,50,22,489,490,4.571428571428571,-57.0989010989011,40.48351648351648,81.75824175824175,9.362637362637363,1.9178082191780823,-4.173259735107422,-103.94947052001953,88.95620727539062,77.58903503417969,-1.7772417068481445,0.6644753217697144
057_box,put the box on the tray,20,1,442,16.953,1788427042.6905265,00019_front_put_the_box_on_the_tray.png,00019_wrist_put_the_box_on_the_tray.png,recap.png,50,23,490,491,4.571428571428571,-57.0989010989011,40.48351648351648,81.75824175824175,9.362637362637363,1.9178082191780823,-4.160472869873047,-103.41558837890625,88.97544860839844,77.76732635498047,-2.036947250366211,0.7344982028007507
057_box,put the box on the tray,20,1,442,16.953,1788427042.6905265,00019_front_put_the_box_on_the_tray.png,00019_wrist_put_the_box_on_the_tray.png,recap.png,50,24,491,492,4.571428571428571,-57.0989010989011,40.48351648351648,81.75824175824175,9.362637362637363,1.9178082191780823,-4.255823135375977,-103.4510498046875,88.7303466796875,77.51725769042969,-2.2478981018066406,0.6559675931930542
057_box,put the box on the tray,21,1,466,17.755,1788427043.491832,00020_front_put_the_box_on_the_tray.png,00020_wrist_put_the_box_on_the_tray.png,recap.png,50,0,492,493,2.3736263736263736,-85.14285714285714,65.8021978021978,71.20879120879121,7.78021978021978,0.3424657534246575,-2.333751678466797,-99.90372467041016,86.76443481445312,77.83726501464844,-3.2874755859375,0.4054250121116638
057_box,put the box on the tray,21,1,466,17.755,1788427043.491832,00020_front_put_the_box_on_the_tray.png,00020_wrist_put_the_box_on_the_tray.png,recap.png,50,1,493,494,2.3736263736263736,-85.14285714285714,65.8021978021978,71.20879120879121,7.78021978021978,0.3424657534246575,-2.396129608154297,-100.23786163330078,87.31822204589844,78.1066665649414,-3.290494918823242,0.2750352621078491
057_box,put the box on the tray,21,1,466,17.755,1788427043.491832,00020_front_put_the_box_on_the_tray.png,00020_wrist_put_the_box_on_the_tray.png,recap.png,50,2,494,495,2.3736263736263736,-85.14285714285714,65.8021978021978,71.20879120879121,7.78021978021978,0.3424657534246575,-2.4133548736572266,-100.41795349121094,87.56315612792969,77.94214630126953,-3.4000682830810547,0.33125555515289307
057_box,put the box on the tray,21,1,466,17.755,1788427043.491832,00020_front_put_the_box_on_the_tray.png,00020_wrist_put_the_box_on_the_tray.png,recap.png,50,3,495,496,2.3736263736263736,-85.14285714285714,65.8021978021978,71.20879120879121,7.78021978021978,0.3424657534246575,-2.7810630798339844,-100.14595031738281,87.07749938964844,77.78644561767578,-3.2986345291137695,0.2117559313774109
057_box,put the box on the tray,21,1,466,17.755,1788427043.491832,00020_front_put_the_box_on_the_tray.png,00020_wrist_put_the_box_on_the_tray.png,recap.png,50,4,496,497,2.3736263736263736,-85.14285714285714,65.8021978021978,71.20879120879121,7.78021978021978,0.3424657534246575,-2.5242691040039062,-100.44380187988281,88.073486328125,77.86100769042969,-3.2155818939208984,0.19874043762683868
057_box,put the box on the tray,21,1,466,17.755,1788427043.491832,00020_front_put_the_box_on_the_tray.png,00020_wrist_put_the_box_on_the_tray.png,recap.png,50,5,497,498,2.3736263736263736,-85.14285714285714,65.8021978021978,71.20879120879121,7.78021978021978,0.3424657534246575,-2.3320789337158203,-100.3153305053711,87.26542663574219,77.99069213867188,-3.225818634033203,0.330463171005249
057_box,put the box on the tray,21,1,466,17.755,1788427043.491832,00020_front_put_the_box_on_the_tray.png,00020_wrist_put_the_box_on_the_tray.png,recap.png,50,6,498,499,2.3736263736263736,-85.14285714285714,65.8021978021978,71.20879120879121,7.78021978021978,0.3424657534246575,-2.5717315673828125,-100.15278625488281,88.12289428710938,77.77713012695312,-3.2599267959594727,0.33207762241363525
057_box,put the box on the tray,21,1,466,17.755,1788427043.491832,00020_front_put_the_box_on_the_tray.png,00020_wrist_put_the_box_on_the_tray.png,recap.png,50,7,499,500,2.3736263736263736,-85.14285714285714,65.8021978021978,71.20879120879121,7.78021978021978,0.3424657534246575,-2.682008743286133,-100.75004577636719,88.31245422363281,77.70309448242188,-3.24379825592041,0.22017130255699158
057_box,put the box on the tray,21,1,466,17.755,1788427043.491832,00020_front_put_the_box_on_the_tray.png,00020_wrist_put_the_box_on_the_tray.png,recap.png,50,8,500,501,2.3736263736263736,-85.14285714285714,65.8021978021978,71.20879120879121,7.78021978021978,0.3424657534246575,-2.527860641479492,-100.7440185546875,88.44865417480469,77.57963562011719,-3.141265869140625,0.14060509204864502
057_box,put the box on the tray,21,1,466,17.755,1788427043.491832,00020_front_put_the_box_on_the_tray.png,00020_wrist_put_the_box_on_the_tray.png,recap.png,50,9,501,502,2.3736263736263736,-85.14285714285714,65.8021978021978,71.20879120879121,7.78021978021978,0.3424657534246575,-2.8057079315185547,-100.41830444335938,88.97604370117188,77.94293212890625,-3.2668352127075195,0.15384046733379364
057_box,put the box on the tray,21,1,466,17.755,1788427043.491832,00020_front_put_the_box_on_the_tray.png,00020_wrist_put_the_box_on_the_tray.png,recap.png,50,10,502,503,2.3736263736263736,-85.14285714285714,65.8021978021978,71.20879120879121,7.78021978021978,0.3424657534246575,-2.3150405883789062,-100.12354278564453,88.85835266113281,78.12409973144531,-3.205768585205078,0.32007646560668945
057_box,put the box on the tray,21,1,466,17.755,1788427043.491832,00020_front_put_the_box_on_the_tray.png,00020_wrist_put_the_box_on_the_tray.png,recap.png,50,11,503,504,2.3736263736263736,-85.14285714285714,65.8021978021978,71.20879120879121,7.78021978021978,0.3424657534246575,-2.4524154663085938,-100.0174331665039,87.64443969726562,77.62417602539062,-2.7937965393066406,0.40553122758865356
057_box,put the box on the tray,21,1,466,17.755,1788427043.491832,00020_front_put_the_box_on_the_tray.png,00020_wrist_put_the_box_on_the_tray.png,recap.png,50,12,504,505,2.3736263736263736,-85.14285714285714,65.8021978021978,71.20879120879121,7.78021978021978,0.3424657534246575,-2.327625274658203,-99.9184341430664,88.63909912109375,77.9526596069336,-2.4692792892456055,0.3124099373817444
057_box,put the box on the tray,21,1,466,17.755,1788427043.491832,00020_front_put_the_box_on_the_tray.png,00020_wrist_put_the_box_on_the_tray.png,recap.png,50,13,505,506,2.3736263736263736,-85.14285714285714,65.8021978021978,71.20879120879121,7.78021978021978,0.3424657534246575,-2.0596847534179688,-99.78941345214844,88.89581298828125,77.7809829711914,-2.0808334350585938,0.3074975311756134
057_box,put the box on the tray,21,1,466,17.755,1788427043.491832,00020_front_put_the_box_on_the_tray.png,00020_wrist_put_the_box_on_the_tray.png,recap.png,50,14,506,507,2.3736263736263736,-85.14285714285714,65.8021978021978,71.20879120879121,7.78021978021978,0.3424657534246575,-2.128751754760742,-99.68055725097656,89.06910705566406,77.4485092163086,-2.000311851501465,0.30690377950668335
057_box,put the box on the tray,21,1,466,17.755,1788427043.491832,00020_front_put_the_box_on_the_tray.png,00020_wrist_put_the_box_on_the_tray.png,recap.png,50,15,507,508,2.3736263736263736,-85.14285714285714,65.8021978021978,71.20879120879121,7.78021978021978,0.3424657534246575,-2.198995590209961,-99.3802719116211,89.38069152832031,77.67607879638672,-1.7308082580566406,0.15458501875400543
057_box,put the box on the tray,21,1,466,17.755,1788427043.491832,00020_front_put_the_box_on_the_tray.png,00020_wrist_put_the_box_on_the_tray.png,recap.png,50,16,508,509,2.3736263736263736,-85.14285714285714,65.8021978021978,71.20879120879121,7.78021978021978,0.3424657534246575,-2.3378353118896484,-99.07010650634766,88.55363464355469,77.6399154663086,-1.6680622100830078,0.24124634265899658
057_box,put the box on the tray,21,1,466,17.755,1788427043.491832,00020_front_put_the_box_on_the_tray.png,00020_wrist_put_the_box_on_the_tray.png,recap.png,50,17,509,510,2.3736263736263736,-85.14285714285714,65.8021978021978,71.20879120879121,7.78021978021978,0.3424657534246575,-2.4479446411132812,-98.84088134765625,89.12297058105469,77.5859375,-1.5990915298461914,0.2121383100748062
057_box,put the box on the tray,21,1,466,17.755,1788427043.491832,00020_front_put_the_box_on_the_tray.png,00020_wrist_put_the_box_on_the_tray.png,recap.png,50,18,510,511,2.3736263736263736,-85.14285714285714,65.8021978021978,71.20879120879121,7.78021978021978,0.3424657534246575,-2.0668697357177734,-99.29621887207031,88.87759399414062,77.53565979003906,-1.5449066162109375,0.1715485155582428
057_box,put the box on the tray,21,1,466,17.755,1788427043.491832,00020_front_put_the_box_on_the_tray.png,00020_wrist_put_the_box_on_the_tray.png,recap.png,50,19,511,512,2.3736263736263736,-85.14285714285714,65.8021978021978,71.20879120879121,7.78021978021978,0.3424657534246575,-2.0050926208496094,-98.96672821044922,88.97259521484375,77.57804870605469,-1.5348215103149414,0.242110937833786
057_box,put the box on the tray,21,1,466,17.755,1788427043.491832,00020_front_put_the_box_on_the_tray.png,00020_wrist_put_the_box_on_the_tray.png,recap.png,50,20,512,513,2.3736263736263736,-85.14285714285714,65.8021978021978,71.20879120879121,7.78021978021978,0.3424657534246575,-1.9003314971923828,-99.82429504394531,88.77877807617188,77.35658264160156,-1.3885259628295898,0.2744606137275696
057_box,put the box on the tray,21,1,466,17.755,1788427043.491832,00020_front_put_the_box_on_the_tray.png,00020_wrist_put_the_box_on_the_tray.png,recap.png,50,21,513,514,2.3736263736263736,-85.14285714285714,65.8021978021978,71.20879120879121,7.78021978021978,0.3424657534246575,-2.066732406616211,-98.85436248779297,88.55831909179688,77.43006896972656,-1.5844049453735352,0.21317921578884125
057_box,put the box on the tray,21,1,466,17.755,1788427043.491832,00020_front_put_the_box_on_the_tray.png,00020_wrist_put_the_box_on_the_tray.png,recap.png,50,22,514,515,2.3736263736263736,-85.14285714285714,65.8021978021978,71.20879120879121,7.78021978021978,0.3424657534246575,-1.809366226196289,-98.92207336425781,88.55996704101562,77.65010833740234,-1.570206642150879,0.21303263306617737
057_box,put the box on the tray,21,1,466,17.755,1788427043.491832,00020_front_put_the_box_on_the_tray.png,00020_wrist_put_the_box_on_the_tray.png,recap.png,50,23,515,516,2.3736263736263736,-85.14285714285714,65.8021978021978,71.20879120879121,7.78021978021978,0.3424657534246575,-1.9330768585205078,-99.86128997802734,88.74015808105469,77.56475067138672,-1.5538196563720703,0.19604897499084473
057_box,put the box on the tray,22,1,491,18.725,1788427044.461396,00021_front_put_the_box_on_the_tray.png,00021_wrist_put_the_box_on_the_tray.png,recap.png,50,0,516,517,-4.131868131868132,-102.37362637362638,89.0989010989011,76.3076923076923,-0.9230769230769231,0.3424657534246575,-3.3605003356933594,-101.98672485351562,89.90959167480469,77.8028793334961,-1.1650829315185547,0.35527801513671875
057_box,put the box on the tray,22,1,491,18.725,1788427044.461396,00021_front_put_the_box_on_the_tray.png,00021_wrist_put_the_box_on_the_tray.png,recap.png,50,1,517,518,-4.131868131868132,-102.37362637362638,89.0989010989011,76.3076923076923,-0.9230769230769231,0.3424657534246575,-3.2219104766845703,-102.26768493652344,89.92774963378906,77.89118957519531,-1.1544418334960938,0.2763236165046692
057_box,put the box on the tray,22,1,491,18.725,1788427044.461396,00021_front_put_the_box_on_the_tray.png,00021_wrist_put_the_box_on_the_tray.png,recap.png,50,2,518,519,-4.131868131868132,-102.37362637362638,89.0989010989011,76.3076923076923,-0.9230769230769231,0.3424657534246575,-3.153228759765625,-102.24604797363281,89.87155151367188,77.76329040527344,-1.1960697174072266,0.27575433254241943
057_box,put the box on the tray,22,1,491,18.725,1788427044.461396,00021_front_put_the_box_on_the_tray.png,00021_wrist_put_the_box_on_the_tray.png,recap.png,50,3,519,520,-4.131868131868132,-102.37362637362638,89.0989010989011,76.3076923076923,-0.9230769230769231,0.3424657534246575,-3.138275146484375,-101.9949722290039,89.41250610351562,77.80282592773438,-1.189382553100586,0.29858827590942383
057_box,put the box on the tray,22,1,491,18.725,1788427044.461396,00021_front_put_the_box_on_the_tray.png,00021_wrist_put_the_box_on_the_tray.png,recap.png,50,4,520,521,-4.131868131868132,-102.37362637362638,89.0989010989011,76.3076923076923,-0.9230769230769231,0.3424657534246575,-3.2870845794677734,-102.2164306640625,89.85319519042969,77.82353210449219,-1.2582111358642578,0.34673094749450684
057_box,put the box on the tray,22,1,491,18.725,1788427044.461396,00021_front_put_the_box_on_the_tray.png,00021_wrist_put_the_box_on_the_tray.png,recap.png,50,5,521,522,-4.131868131868132,-102.37362637362638,89.0989010989011,76.3076923076923,-0.9230769230769231,0.3424657534246575,-3.305055618286133,-102.10626220703125,89.7139892578125,77.85670471191406,-1.1748552322387695,0.36520588397979736
057_box,put the box on the tray,22,1,491,18.725,1788427044.461396,00021_front_put_the_box_on_the_tray.png,00021_wrist_put_the_box_on_the_tray.png,recap.png,50,6,522,523,-4.131868131868132,-102.37362637362638,89.0989010989011,76.3076923076923,-0.9230769230769231,0.3424657534246575,-3.235006332397461,-102.0789566040039,89.77444458007812,77.77904510498047,-1.1964054107666016,0.33772504329681396
057_box,put the box on the tray,22,1,491,18.725,1788427044.461396,00021_front_put_the_box_on_the_tray.png,00021_wrist_put_the_box_on_the_tray.png,recap.png,50,7,523,524,-4.131868131868132,-102.37362637362638,89.0989010989011,76.3076923076923,-0.9230769230769231,0.3424657534246575,-3.271810531616211,-101.82970428466797,89.44068908691406,77.7384033203125,-1.2060174942016602,0.30431002378463745
057_box,put the box on the tray,22,1,491,18.725,1788427044.461396,00021_front_put_the_box_on_the_tray.png,00021_wrist_put_the_box_on_the_tray.png,recap.png,50,8,524,525,-4.131868131868132,-102.37362637362638,89.0989010989011,76.3076923076923,-0.9230769230769231,0.3424657534246575,-3.259073257446289,-101.90613555908203,89.71578979492188,77.83515930175781,-1.2073097229003906,0.2950311303138733
057_box,put the box on the tray,22,1,491,18.725,1788427044.461396,00021_front_put_the_box_on_the_tray.png,00021_wrist_put_the_box_on_the_tray.png,recap.png,50,9,525,526,-4.131868131868132,-102.37362637362638,89.0989010989011,76.3076923076923,-0.9230769230769231,0.3424657534246575,-3.2503280639648438,-102.09429931640625,89.550048828125,77.79584503173828,-1.2206430435180664,0.30213263630867004
057_box,put the box on the tray,22,1,491,18.725,1788427044.461396,00021_front_put_the_box_on_the_tray.png,00021_wrist_put_the_box_on_the_tray.png,recap.png,50,10,526,527,-4.131868131868132,-102.37362637362638,89.0989010989011,76.3076923076923,-0.9230769230769231,0.3424657534246575,-3.300710678100586,-101.93766021728516,89.49554443359375,77.9119873046875,-1.172043800354004,0.2541736960411072
057_box,put the box on the tray,22,1,491,18.725,1788427044.461396,00021_front_put_the_box_on_the_tray.png,00021_wrist_put_the_box_on_the_tray.png,recap.png,50,11,527,528,-4.131868131868132,-102.37362637362638,89.0989010989011,76.3076923076923,-0.9230769230769231,0.3424657534246575,-3.0712051391601562,-101.86613464355469,89.44728088378906,77.82069396972656,-1.174635887145996,0.2606644630432129
057_box,put the box on the tray,22,1,491,18.725,1788427044.461396,00021_front_put_the_box_on_the_tray.png,00021_wrist_put_the_box_on_the_tray.png,recap.png,50,12,528,529,-4.131868131868132,-102.37362637362638,89.0989010989011,76.3076923076923,-0.9230769230769231,0.3424657534246575,-3.1834068298339844,-102.01142883300781,89.29669189453125,77.92887115478516,-1.221848487854004,0.2588014602661133
057_box,put the box on the tray,22,1,491,18.725,1788427044.461396,00021_front_put_the_box_on_the_tray.png,00021_wrist_put_the_box_on_the_tray.png,recap.png,50,13,529,530,-4.131868131868132,-102.37362637362638,89.0989010989011,76.3076923076923,-0.9230769230769231,0.3424657534246575,-3.150543212890625,-101.99440002441406,89.54551696777344,77.79576110839844,-1.2221946716308594,0.23069927096366882
057_box,put the box on the tray,22,1,491,18.725,1788427044.461396,00021_front_put_the_box_on_the_tray.png,00021_wrist_put_the_box_on_the_tray.png,recap.png,50,14,530,531,-4.131868131868132,-102.37362637362638,89.0989010989011,76.3076923076923,-0.9230769230769231,0.3424657534246575,-3.373035430908203,-102.01573181152344,89.55514526367188,77.74469757080078,-1.1648235321044922,0.22518037259578705
057_box,put the box on the tray,22,1,491,18.725,1788427044.461396,00021_front_put_the_box_on_the_tray.png,00021_wrist_put_the_box_on_the_tray.png,recap.png,50,15,531,532,-4.131868131868132,-102.37362637362638,89.0989010989011,76.3076923076923,-0.9230769230769231,0.3424657534246575,-3.1673412322998047,-101.9011459350586,89.4254150390625,77.7059555053711,-1.2386369705200195,0.3012924790382385
057_box,put the box on the tray,22,1,491,18.725,1788427044.461396,00021_front_put_the_box_on_the_tray.png,00021_wrist_put_the_box_on_the_tray.png,recap.png,50,16,532,533,-4.131868131868132,-102.37362637362638,89.0989010989011,76.3076923076923,-0.9230769230769231,0.3424657534246575,-3.1729183197021484,-102.09239196777344,89.19003295898438,77.72216033935547,-1.2310161590576172,0.2481258511543274
057_box,put the box on the tray,22,1,491,18.725,1788427044.461396,00021_front_put_the_box_on_the_tray.png,00021_wrist_put_the_box_on_the_tray.png,recap.png,50,17,533,534,-4.131868131868132,-102.37362637362638,89.0989010989011,76.3076923076923,-0.9230769230769231,0.3424657534246575,-3.1573543548583984,-101.68262481689453,89.22030639648438,77.85978698730469,-1.2490119934082031,0.3209294080734253
057_box,put the box on the tray,22,1,491,18.725,1788427044.461396,00021_front_put_the_box_on_the_tray.png,00021_wrist_put_the_box_on_the_tray.png,recap.png,50,18,534,535,-4.131868131868132,-102.37362637362638,89.0989010989011,76.3076923076923,-0.9230769230769231,0.3424657534246575,-3.0068225860595703,-102.00572967529297,89.35546875,77.70310974121094,-1.246006965637207,0.3249952793121338
057_box,put the box on the tray,22,1,491,18.725,1788427044.461396,00021_front_put_the_box_on_the_tray.png,00021_wrist_put_the_box_on_the_tray.png,recap.png,50,19,535,536,-4.131868131868132,-102.37362637362638,89.0989010989011,76.3076923076923,-0.9230769230769231,0.3424657534246575,-3.0980224609375,-101.90166473388672,89.37326049804688,77.78787994384766,-1.2213668823242188,0.31005197763442993
057_box,put the box on the tray,22,1,491,18.725,1788427044.461396,00021_front_put_the_box_on_the_tray.png,00021_wrist_put_the_box_on_the_tray.png,recap.png,50,20,536,537,-4.131868131868132,-102.37362637362638,89.0989010989011,76.3076923076923,-0.9230769230769231,0.3424657534246575,-2.989776611328125,-101.93185424804688,89.56954956054688,77.76420593261719,-1.2448492050170898,0.3406151533126831
057_box,put the box on the tray,22,1,491,18.725,1788427044.461396,00021_front_put_the_box_on_the_tray.png,00021_wrist_put_the_box_on_the_tray.png,recap.png,50,21,537,538,-4.131868131868132,-102.37362637362638,89.0989010989011,76.3076923076923,-0.9230769230769231,0.3424657534246575,-3.162321090698242,-102.2346420288086,89.08995056152344,77.73351287841797,-1.266098976135254,0.2802514433860779
057_box,put the box on the tray,22,1,491,18.725,1788427044.461396,00021_front_put_the_box_on_the_tray.png,00021_wrist_put_the_box_on_the_tray.png,recap.png,50,22,538,539,-4.131868131868132,-102.37362637362638,89.0989010989011,76.3076923076923,-0.9230769230769231,0.3424657534246575,-3.1941280364990234,-101.89482116699219,89.00350952148438,77.66513061523438,-1.299239158630371,0.3311365842819214
057_box,put the box on the tray,22,1,491,18.725,1788427044.461396,00021_front_put_the_box_on_the_tray.png,00021_wrist_put_the_box_on_the_tray.png,recap.png,50,23,539,540,-4.131868131868132,-102.37362637362638,89.0989010989011,76.3076923076923,-0.9230769230769231,0.3424657534246575,-2.977388381958008,-101.81723022460938,89.26261901855469,77.83708953857422,-1.252253532409668,0.3450230360031128
057_box,put the box on the tray,22,1,491,18.725,1788427044.461396,00021_front_put_the_box_on_the_tray.png,00021_wrist_put_the_box_on_the_tray.png,recap.png,50,24,540,541,-4.131868131868132,-102.37362637362638,89.0989010989011,76.3076923076923,-0.9230769230769231,0.3424657534246575,-3.0008678436279297,-101.56573486328125,89.10859680175781,77.75653076171875,-1.199629783630371,0.4346849322319031
