DEBUG 2026-09-03 08:59:25 === episode start | task: 'put the roll on the tray' | duration: 50.0s ===
DEBUG 2026-09-03 08:59:26 [chunk] dropped stale chunk (ts0=539 > max_sent=0)
DEBUG 2026-09-03 08:59:27 [chunk] received 50 actions, timesteps 0..49 | first: shoulder_pan.pos=-4.45 shoulder_lift.pos=-101.69 elbow_flex.pos=+88.17 wrist_flex.pos=+74.76 wrist_roll.pos=-0.95 gripper.pos=+1.00 | last: shoulder_pan.pos=-14.46 shoulder_lift.pos=-102.38 elbow_flex.pos=+85.32 wrist_flex.pos=+73.17 wrist_roll.pos=-0.90 gripper.pos=+0.94
DEBUG 2026-09-03 08:59:27 [action #1] t=1.77s step=0 queue=50 dmax=n/a | shoulder_pan.pos=-4.45 shoulder_lift.pos=-101.69 elbow_flex.pos=+88.17 wrist_flex.pos=+74.76 wrist_roll.pos=-0.95 gripper.pos=+1.00
DEBUG 2026-09-03 08:59:27 [action #2] t=1.81s step=1 queue=49 dmax=0.294 | shoulder_pan.pos=-4.52 shoulder_lift.pos=-101.55 elbow_flex.pos=+88.46 wrist_flex.pos=+74.80 wrist_roll.pos=-1.01 gripper.pos=+0.99
DEBUG 2026-09-03 08:59:27 [action #3] t=1.84s step=2 queue=48 dmax=0.314 | shoulder_pan.pos=-4.36 shoulder_lift.pos=-101.86 elbow_flex.pos=+88.19 wrist_flex.pos=+74.70 wrist_roll.pos=-0.94 gripper.pos=+1.02
DEBUG 2026-09-03 08:59:27 [action #4] t=1.87s step=3 queue=47 dmax=0.335 | shoulder_pan.pos=-4.41 shoulder_lift.pos=-101.71 elbow_flex.pos=+88.52 wrist_flex.pos=+74.60 wrist_roll.pos=-0.97 gripper.pos=+1.11
DEBUG 2026-09-03 08:59:27 [action #5] t=1.91s step=4 queue=46 dmax=0.237 | shoulder_pan.pos=-4.49 shoulder_lift.pos=-101.95 elbow_flex.pos=+88.31 wrist_flex.pos=+74.50 wrist_roll.pos=-0.96 gripper.pos=+0.93
DEBUG 2026-09-03 08:59:27 [action #6] t=1.94s step=5 queue=45 dmax=0.523 | shoulder_pan.pos=-4.31 shoulder_lift.pos=-101.43 elbow_flex.pos=+88.64 wrist_flex.pos=+74.52 wrist_roll.pos=-0.97 gripper.pos=+0.86
DEBUG 2026-09-03 08:59:27 [action #7] t=1.97s step=6 queue=44 dmax=0.555 | shoulder_pan.pos=-4.48 shoulder_lift.pos=-101.98 elbow_flex.pos=+88.10 wrist_flex.pos=+74.51 wrist_roll.pos=-1.01 gripper.pos=+0.89
DEBUG 2026-09-03 08:59:27 [action #8] t=2.01s step=7 queue=43 dmax=0.347 | shoulder_pan.pos=-4.13 shoulder_lift.pos=-101.80 elbow_flex.pos=+88.22 wrist_flex.pos=+74.35 wrist_roll.pos=-0.99 gripper.pos=+0.90
DEBUG 2026-09-03 08:59:27 [action #9] t=2.04s step=8 queue=42 dmax=0.393 | shoulder_pan.pos=-4.53 shoulder_lift.pos=-101.98 elbow_flex.pos=+88.20 wrist_flex.pos=+74.56 wrist_roll.pos=-0.90 gripper.pos=+0.79
DEBUG 2026-09-03 08:59:27 [action #10] t=2.07s step=9 queue=41 dmax=0.515 | shoulder_pan.pos=-4.34 shoulder_lift.pos=-102.50 elbow_flex.pos=+88.24 wrist_flex.pos=+74.34 wrist_roll.pos=-0.88 gripper.pos=+0.81
DEBUG 2026-09-03 08:59:27 [action #11] t=2.11s step=10 queue=40 dmax=0.849 | shoulder_pan.pos=-4.59 shoulder_lift.pos=-101.73 elbow_flex.pos=+87.39 wrist_flex.pos=+74.52 wrist_roll.pos=-1.02 gripper.pos=+0.94
DEBUG 2026-09-03 08:59:27 [action #12] t=2.14s step=11 queue=39 dmax=0.442 | shoulder_pan.pos=-4.42 shoulder_lift.pos=-102.06 elbow_flex.pos=+87.83 wrist_flex.pos=+74.61 wrist_roll.pos=-0.94 gripper.pos=+1.06
DEBUG 2026-09-03 08:59:27 [action #13] t=2.17s step=12 queue=38 dmax=0.388 | shoulder_pan.pos=-4.69 shoulder_lift.pos=-101.67 elbow_flex.pos=+87.70 wrist_flex.pos=+74.29 wrist_roll.pos=-0.87 gripper.pos=+0.91
DEBUG 2026-09-03 08:59:27 [action #14] t=2.21s step=13 queue=37 dmax=0.275 | shoulder_pan.pos=-4.83 shoulder_lift.pos=-101.73 elbow_flex.pos=+87.80 wrist_flex.pos=+74.57 wrist_roll.pos=-0.96 gripper.pos=+0.85
DEBUG 2026-09-03 08:59:27 [action #15] t=2.24s step=14 queue=36 dmax=0.664 | shoulder_pan.pos=-5.25 shoulder_lift.pos=-101.81 elbow_flex.pos=+87.13 wrist_flex.pos=+74.64 wrist_roll.pos=-0.92 gripper.pos=+0.85
DEBUG 2026-09-03 08:59:27 [action #16] t=2.27s step=15 queue=35 dmax=0.524 | shoulder_pan.pos=-5.46 shoulder_lift.pos=-101.61 elbow_flex.pos=+87.65 wrist_flex.pos=+74.42 wrist_roll.pos=-0.86 gripper.pos=+0.80
DEBUG 2026-09-03 08:59:27 [action #17] t=2.31s step=16 queue=34 dmax=0.615 | shoulder_pan.pos=-5.92 shoulder_lift.pos=-101.69 elbow_flex.pos=+87.04 wrist_flex.pos=+74.50 wrist_roll.pos=-0.83 gripper.pos=+0.85
DEBUG 2026-09-03 08:59:27 [action #18] t=2.34s step=17 queue=33 dmax=0.548 | shoulder_pan.pos=-6.47 shoulder_lift.pos=-101.92 elbow_flex.pos=+87.36 wrist_flex.pos=+74.45 wrist_roll.pos=-0.91 gripper.pos=+0.83
DEBUG 2026-09-03 08:59:27 [action #19] t=2.37s step=18 queue=32 dmax=0.635 | shoulder_pan.pos=-7.10 shoulder_lift.pos=-101.42 elbow_flex.pos=+87.34 wrist_flex.pos=+74.47 wrist_roll.pos=-0.86 gripper.pos=+0.90
DEBUG 2026-09-03 08:59:27 [action #20] t=2.41s step=19 queue=31 dmax=0.528 | shoulder_pan.pos=-7.55 shoulder_lift.pos=-101.46 elbow_flex.pos=+87.87 wrist_flex.pos=+74.53 wrist_roll.pos=-0.86 gripper.pos=+0.93
DEBUG 2026-09-03 08:59:27 [action #21] t=2.44s step=20 queue=30 dmax=0.627 | shoulder_pan.pos=-7.86 shoulder_lift.pos=-102.08 elbow_flex.pos=+87.46 wrist_flex.pos=+74.23 wrist_roll.pos=-0.94 gripper.pos=+0.89
DEBUG 2026-09-03 08:59:27 [action #22] t=2.47s step=21 queue=29 dmax=0.493 | shoulder_pan.pos=-8.36 shoulder_lift.pos=-102.12 elbow_flex.pos=+87.25 wrist_flex.pos=+74.25 wrist_roll.pos=-0.91 gripper.pos=+0.87
DEBUG 2026-09-03 08:59:27 [action #23] t=2.51s step=22 queue=28 dmax=0.972 | shoulder_pan.pos=-9.33 shoulder_lift.pos=-101.86 elbow_flex.pos=+86.52 wrist_flex.pos=+74.24 wrist_roll.pos=-0.91 gripper.pos=+0.83
DEBUG 2026-09-03 08:59:27 [action #24] t=2.54s step=23 queue=27 dmax=0.446 | shoulder_pan.pos=-9.77 shoulder_lift.pos=-101.47 elbow_flex.pos=+86.84 wrist_flex.pos=+74.14 wrist_roll.pos=-0.87 gripper.pos=+0.91
DEBUG 2026-09-03 08:59:27 [action #25] t=2.57s step=24 queue=26 dmax=0.613 | shoulder_pan.pos=-10.39 shoulder_lift.pos=-101.67 elbow_flex.pos=+86.99 wrist_flex.pos=+74.28 wrist_roll.pos=-0.92 gripper.pos=+0.92
DEBUG 2026-09-03 08:59:27 [action #26] t=2.61s step=25 queue=25 dmax=0.585 | shoulder_pan.pos=-10.97 shoulder_lift.pos=-101.70 elbow_flex.pos=+86.81 wrist_flex.pos=+74.16 wrist_roll.pos=-0.94 gripper.pos=+0.80
DEBUG 2026-09-03 08:59:27 [action #27] t=2.64s step=26 queue=24 dmax=0.684 | shoulder_pan.pos=-11.66 shoulder_lift.pos=-101.57 elbow_flex.pos=+86.81 wrist_flex.pos=+73.92 wrist_roll.pos=-0.95 gripper.pos=+0.81
DEBUG 2026-09-03 08:59:27 [action #28] t=2.68s step=27 queue=23 dmax=0.534 | shoulder_pan.pos=-12.19 shoulder_lift.pos=-101.64 elbow_flex.pos=+86.48 wrist_flex.pos=+73.97 wrist_roll.pos=-0.95 gripper.pos=+0.82
DEBUG 2026-09-03 08:59:27 [action #29] t=2.71s step=28 queue=22 dmax=0.439 | shoulder_pan.pos=-12.63 shoulder_lift.pos=-101.95 elbow_flex.pos=+86.71 wrist_flex.pos=+74.20 wrist_roll.pos=-0.89 gripper.pos=+0.83
DEBUG 2026-09-03 08:59:28 [action #30] t=2.74s step=29 queue=21 dmax=0.471 | shoulder_pan.pos=-12.96 shoulder_lift.pos=-101.67 elbow_flex.pos=+86.24 wrist_flex.pos=+74.21 wrist_roll.pos=-0.88 gripper.pos=+0.82
DEBUG 2026-09-03 08:59:28 [chunk] received 50 actions, timesteps 3..52 | first: shoulder_pan.pos=-4.34 shoulder_lift.pos=-101.57 elbow_flex.pos=+88.48 wrist_flex.pos=+74.26 wrist_roll.pos=-1.11 gripper.pos=+0.89 | last: shoulder_pan.pos=-10.93 shoulder_lift.pos=-95.21 elbow_flex.pos=+78.17 wrist_flex.pos=+73.15 wrist_roll.pos=-1.70 gripper.pos=+0.70
DEBUG 2026-09-03 08:59:28 [action #31] t=2.78s step=30 queue=23 dmax=2.103 | shoulder_pan.pos=-15.06 shoulder_lift.pos=-102.18 elbow_flex.pos=+86.05 wrist_flex.pos=+73.77 wrist_roll.pos=-1.10 gripper.pos=+0.79
DEBUG 2026-09-03 08:59:28 [action #32] t=2.81s step=31 queue=22 dmax=0.682 | shoulder_pan.pos=-15.18 shoulder_lift.pos=-101.95 elbow_flex.pos=+85.37 wrist_flex.pos=+73.75 wrist_roll.pos=-1.15 gripper.pos=+0.72
DEBUG 2026-09-03 08:59:28 [action #33] t=2.84s step=32 queue=21 dmax=0.605 | shoulder_pan.pos=-15.04 shoulder_lift.pos=-102.13 elbow_flex.pos=+85.98 wrist_flex.pos=+73.97 wrist_roll.pos=-1.09 gripper.pos=+0.80
DEBUG 2026-09-03 08:59:28 [action #34] t=2.88s step=33 queue=20 dmax=0.258 | shoulder_pan.pos=-15.00 shoulder_lift.pos=-102.02 elbow_flex.pos=+85.72 wrist_flex.pos=+73.96 wrist_roll.pos=-1.20 gripper.pos=+0.65
DEBUG 2026-09-03 08:59:28 [action #35] t=2.91s step=34 queue=19 dmax=0.424 | shoulder_pan.pos=-15.18 shoulder_lift.pos=-102.45 elbow_flex.pos=+85.76 wrist_flex.pos=+73.80 wrist_roll.pos=-1.18 gripper.pos=+0.73
DEBUG 2026-09-03 08:59:28 [action #36] t=2.94s step=35 queue=18 dmax=0.384 | shoulder_pan.pos=-14.82 shoulder_lift.pos=-102.06 elbow_flex.pos=+85.68 wrist_flex.pos=+73.82 wrist_roll.pos=-1.13 gripper.pos=+0.76
DEBUG 2026-09-03 08:59:28 [action #37] t=2.98s step=36 queue=17 dmax=0.913 | shoulder_pan.pos=-14.98 shoulder_lift.pos=-102.33 elbow_flex.pos=+84.77 wrist_flex.pos=+73.72 wrist_roll.pos=-1.04 gripper.pos=+0.75
DEBUG 2026-09-03 08:59:28 [action #38] t=3.01s step=37 queue=16 dmax=0.309 | shoulder_pan.pos=-14.68 shoulder_lift.pos=-102.16 elbow_flex.pos=+84.94 wrist_flex.pos=+73.81 wrist_roll.pos=-1.22 gripper.pos=+0.75
DEBUG 2026-09-03 08:59:28 [action #39] t=3.04s step=38 queue=15 dmax=0.314 | shoulder_pan.pos=-14.84 shoulder_lift.pos=-102.01 elbow_flex.pos=+84.62 wrist_flex.pos=+73.80 wrist_roll.pos=-1.15 gripper.pos=+0.74
DEBUG 2026-09-03 08:59:28 [action #40] t=3.08s step=39 queue=14 dmax=0.285 | shoulder_pan.pos=-14.64 shoulder_lift.pos=-102.18 elbow_flex.pos=+84.91 wrist_flex.pos=+73.83 wrist_roll.pos=-1.17 gripper.pos=+0.83
DEBUG 2026-09-03 08:59:28 [action #41] t=3.11s step=40 queue=13 dmax=0.552 | shoulder_pan.pos=-14.86 shoulder_lift.pos=-101.79 elbow_flex.pos=+84.36 wrist_flex.pos=+73.82 wrist_roll.pos=-1.20 gripper.pos=+0.90
DEBUG 2026-09-03 08:59:28 [action #42] t=3.14s step=41 queue=12 dmax=0.263 | shoulder_pan.pos=-14.80 shoulder_lift.pos=-101.53 elbow_flex.pos=+84.48 wrist_flex.pos=+73.95 wrist_roll.pos=-1.28 gripper.pos=+0.90
DEBUG 2026-09-03 08:59:28 [action #43] t=3.18s step=42 queue=11 dmax=0.521 | shoulder_pan.pos=-14.88 shoulder_lift.pos=-102.05 elbow_flex.pos=+84.17 wrist_flex.pos=+74.02 wrist_roll.pos=-1.30 gripper.pos=+0.72
DEBUG 2026-09-03 08:59:28 [action #44] t=3.21s step=43 queue=10 dmax=0.188 | shoulder_pan.pos=-14.69 shoulder_lift.pos=-102.04 elbow_flex.pos=+84.26 wrist_flex.pos=+74.05 wrist_roll.pos=-1.24 gripper.pos=+0.85
DEBUG 2026-09-03 08:59:28 [action #45] t=3.24s step=44 queue=9 dmax=0.941 | shoulder_pan.pos=-14.48 shoulder_lift.pos=-101.51 elbow_flex.pos=+83.32 wrist_flex.pos=+73.90 wrist_roll.pos=-1.30 gripper.pos=+0.79
DEBUG 2026-09-03 08:59:28 [action #46] t=3.28s step=45 queue=8 dmax=0.298 | shoulder_pan.pos=-14.38 shoulder_lift.pos=-101.22 elbow_flex.pos=+83.47 wrist_flex.pos=+73.82 wrist_roll.pos=-1.34 gripper.pos=+0.81
DEBUG 2026-09-03 08:59:28 [action #47] t=3.31s step=46 queue=7 dmax=0.614 | shoulder_pan.pos=-13.99 shoulder_lift.pos=-101.16 elbow_flex.pos=+82.85 wrist_flex.pos=+73.89 wrist_roll.pos=-1.39 gripper.pos=+0.82
DEBUG 2026-09-03 08:59:28 [action #48] t=3.34s step=47 queue=6 dmax=0.645 | shoulder_pan.pos=-13.76 shoulder_lift.pos=-100.51 elbow_flex.pos=+82.35 wrist_flex.pos=+73.53 wrist_roll.pos=-1.32 gripper.pos=+0.81
DEBUG 2026-09-03 08:59:28 [action #49] t=3.38s step=48 queue=5 dmax=0.598 | shoulder_pan.pos=-13.16 shoulder_lift.pos=-100.34 elbow_flex.pos=+82.40 wrist_flex.pos=+73.73 wrist_roll.pos=-1.35 gripper.pos=+0.83
DEBUG 2026-09-03 08:59:28 [action #50] t=3.41s step=49 queue=4 dmax=0.506 | shoulder_pan.pos=-12.78 shoulder_lift.pos=-99.84 elbow_flex.pos=+82.11 wrist_flex.pos=+73.52 wrist_roll.pos=-1.33 gripper.pos=+0.62
DEBUG 2026-09-03 08:59:28 [action #51] t=3.44s step=50 queue=3 dmax=2.445 | shoulder_pan.pos=-11.91 shoulder_lift.pos=-97.46 elbow_flex.pos=+79.66 wrist_flex.pos=+73.77 wrist_roll.pos=-1.51 gripper.pos=+0.60
DEBUG 2026-09-03 08:59:28 [action #52] t=3.48s step=51 queue=2 dmax=1.231 | shoulder_pan.pos=-11.32 shoulder_lift.pos=-96.23 elbow_flex.pos=+78.51 wrist_flex.pos=+73.22 wrist_roll.pos=-1.67 gripper.pos=+0.64
DEBUG 2026-09-03 08:59:28 [action #53] t=3.51s step=52 queue=1 dmax=1.023 | shoulder_pan.pos=-10.93 shoulder_lift.pos=-95.21 elbow_flex.pos=+78.17 wrist_flex.pos=+73.15 wrist_roll.pos=-1.70 gripper.pos=+0.70
DEBUG 2026-09-03 08:59:28 [chunk] received 50 actions, timesteps 29..78 | first: shoulder_pan.pos=-14.25 shoulder_lift.pos=-101.78 elbow_flex.pos=+87.54 wrist_flex.pos=+73.61 wrist_roll.pos=-1.13 gripper.pos=+0.79 | last: shoulder_pan.pos=-17.45 shoulder_lift.pos=-94.56 elbow_flex.pos=+78.23 wrist_flex.pos=+68.56 wrist_roll.pos=-1.61 gripper.pos=+0.34
DEBUG 2026-09-03 08:59:28 [action #54] t=3.68s step=53 queue=26 dmax=14.302 | shoulder_pan.pos=-25.23 shoulder_lift.pos=-101.92 elbow_flex.pos=+86.05 wrist_flex.pos=+72.02 wrist_roll.pos=-1.09 gripper.pos=+0.63
DEBUG 2026-09-03 08:59:28 [action #55] t=3.71s step=54 queue=25 dmax=0.938 | shoulder_pan.pos=-25.88 shoulder_lift.pos=-102.46 elbow_flex.pos=+85.11 wrist_flex.pos=+72.15 wrist_roll.pos=-1.04 gripper.pos=+0.63
DEBUG 2026-09-03 08:59:29 [action #56] t=3.75s step=55 queue=24 dmax=0.296 | shoulder_pan.pos=-26.01 shoulder_lift.pos=-102.54 elbow_flex.pos=+85.40 wrist_flex.pos=+72.07 wrist_roll.pos=-1.08 gripper.pos=+0.70
DEBUG 2026-09-03 08:59:29 [action #57] t=3.78s step=56 queue=23 dmax=0.308 | shoulder_pan.pos=-26.05 shoulder_lift.pos=-102.69 elbow_flex.pos=+85.10 wrist_flex.pos=+71.82 wrist_roll.pos=-1.08 gripper.pos=+0.71
DEBUG 2026-09-03 08:59:29 [action #58] t=3.81s step=57 queue=22 dmax=0.638 | shoulder_pan.pos=-26.48 shoulder_lift.pos=-102.84 elbow_flex.pos=+85.73 wrist_flex.pos=+71.95 wrist_roll.pos=-1.03 gripper.pos=+0.73
DEBUG 2026-09-03 08:59:29 [action #59] t=3.85s step=58 queue=21 dmax=1.015 | shoulder_pan.pos=-26.19 shoulder_lift.pos=-102.55 elbow_flex.pos=+84.72 wrist_flex.pos=+71.82 wrist_roll.pos=-1.03 gripper.pos=+0.50
DEBUG 2026-09-03 08:59:29 [action #60] t=3.88s step=59 queue=20 dmax=0.376 | shoulder_pan.pos=-25.86 shoulder_lift.pos=-102.62 elbow_flex.pos=+84.34 wrist_flex.pos=+71.70 wrist_roll.pos=-1.10 gripper.pos=+0.58
DEBUG 2026-09-03 08:59:29 [action #61] t=3.91s step=60 queue=19 dmax=0.134 | shoulder_pan.pos=-25.91 shoulder_lift.pos=-102.72 elbow_flex.pos=+84.31 wrist_flex.pos=+71.56 wrist_roll.pos=-1.03 gripper.pos=+0.55
DEBUG 2026-09-03 08:59:29 [action #62] t=3.95s step=61 queue=18 dmax=0.301 | shoulder_pan.pos=-25.86 shoulder_lift.pos=-102.58 elbow_flex.pos=+84.01 wrist_flex.pos=+71.66 wrist_roll.pos=-1.05 gripper.pos=+0.75
DEBUG 2026-09-03 08:59:29 [action #63] t=3.98s step=62 queue=17 dmax=0.548 | shoulder_pan.pos=-25.92 shoulder_lift.pos=-103.13 elbow_flex.pos=+84.04 wrist_flex.pos=+71.83 wrist_roll.pos=-1.11 gripper.pos=+0.56
DEBUG 2026-09-03 08:59:29 [action #64] t=4.01s step=63 queue=16 dmax=0.631 | shoulder_pan.pos=-25.66 shoulder_lift.pos=-102.83 elbow_flex.pos=+83.41 wrist_flex.pos=+71.86 wrist_roll.pos=-1.14 gripper.pos=+0.37
DEBUG 2026-09-03 08:59:29 [action #65] t=4.05s step=64 queue=15 dmax=0.329 | shoulder_pan.pos=-25.33 shoulder_lift.pos=-102.50 elbow_flex.pos=+83.11 wrist_flex.pos=+71.69 wrist_roll.pos=-1.07 gripper.pos=+0.33
DEBUG 2026-09-03 08:59:29 [action #66] t=4.08s step=65 queue=14 dmax=0.779 | shoulder_pan.pos=-25.25 shoulder_lift.pos=-103.28 elbow_flex.pos=+83.38 wrist_flex.pos=+71.76 wrist_roll.pos=-1.06 gripper.pos=+0.51
DEBUG 2026-09-03 08:59:29 [action #67] t=4.11s step=66 queue=13 dmax=0.806 | shoulder_pan.pos=-24.81 shoulder_lift.pos=-102.48 elbow_flex.pos=+82.73 wrist_flex.pos=+71.50 wrist_roll.pos=-1.13 gripper.pos=+0.40
DEBUG 2026-09-03 08:59:29 [action #68] t=4.15s step=67 queue=12 dmax=0.179 | shoulder_pan.pos=-24.93 shoulder_lift.pos=-102.65 elbow_flex.pos=+82.55 wrist_flex.pos=+71.48 wrist_roll.pos=-1.09 gripper.pos=+0.47
DEBUG 2026-09-03 08:59:29 [action #69] t=4.18s step=68 queue=11 dmax=0.360 | shoulder_pan.pos=-24.71 shoulder_lift.pos=-102.29 elbow_flex.pos=+82.34 wrist_flex.pos=+71.74 wrist_roll.pos=-1.03 gripper.pos=+0.52
DEBUG 2026-09-03 08:59:29 [action #70] t=4.21s step=69 queue=10 dmax=0.484 | shoulder_pan.pos=-24.57 shoulder_lift.pos=-102.77 elbow_flex.pos=+82.43 wrist_flex.pos=+71.45 wrist_roll.pos=-1.13 gripper.pos=+0.45
DEBUG 2026-09-03 08:59:29 [action #71] t=4.25s step=70 queue=9 dmax=1.184 | shoulder_pan.pos=-24.08 shoulder_lift.pos=-101.59 elbow_flex.pos=+81.69 wrist_flex.pos=+71.36 wrist_roll.pos=-1.07 gripper.pos=+0.54
DEBUG 2026-09-03 08:59:29 [action #72] t=4.28s step=71 queue=8 dmax=0.596 | shoulder_pan.pos=-23.48 shoulder_lift.pos=-101.96 elbow_flex.pos=+81.54 wrist_flex.pos=+71.11 wrist_roll.pos=-1.11 gripper.pos=+0.37
DEBUG 2026-09-03 08:59:29 [action #73] t=4.31s step=72 queue=7 dmax=0.522 | shoulder_pan.pos=-23.30 shoulder_lift.pos=-101.61 elbow_flex.pos=+81.02 wrist_flex.pos=+70.99 wrist_roll.pos=-0.98 gripper.pos=+0.40
DEBUG 2026-09-03 08:59:29 [action #74] t=4.35s step=73 queue=6 dmax=0.859 | shoulder_pan.pos=-22.44 shoulder_lift.pos=-101.15 elbow_flex.pos=+80.54 wrist_flex.pos=+70.62 wrist_roll.pos=-1.15 gripper.pos=+0.35
DEBUG 2026-09-03 08:59:29 [action #75] t=4.38s step=74 queue=5 dmax=1.590 | shoulder_pan.pos=-21.52 shoulder_lift.pos=-99.56 elbow_flex.pos=+80.60 wrist_flex.pos=+70.26 wrist_roll.pos=-1.09 gripper.pos=+0.34
DEBUG 2026-09-03 08:59:29 [action #76] t=4.41s step=75 queue=4 dmax=1.211 | shoulder_pan.pos=-20.58 shoulder_lift.pos=-98.35 elbow_flex.pos=+80.01 wrist_flex.pos=+69.29 wrist_roll.pos=-1.16 gripper.pos=+0.49
DEBUG 2026-09-03 08:59:29 [action #77] t=4.45s step=76 queue=3 dmax=1.309 | shoulder_pan.pos=-19.64 shoulder_lift.pos=-97.04 elbow_flex.pos=+78.98 wrist_flex.pos=+69.19 wrist_roll.pos=-1.17 gripper.pos=+0.27
DEBUG 2026-09-03 08:59:29 [action #78] t=4.48s step=77 queue=2 dmax=1.333 | shoulder_pan.pos=-18.53 shoulder_lift.pos=-95.71 elbow_flex.pos=+77.96 wrist_flex.pos=+68.56 wrist_roll.pos=-1.40 gripper.pos=+0.52
DEBUG 2026-09-03 08:59:29 [action #79] t=4.51s step=78 queue=1 dmax=1.145 | shoulder_pan.pos=-17.45 shoulder_lift.pos=-94.56 elbow_flex.pos=+78.23 wrist_flex.pos=+68.56 wrist_roll.pos=-1.61 gripper.pos=+0.34
DEBUG 2026-09-03 08:59:29 [chunk] received 50 actions, timesteps 52..101 | first: shoulder_pan.pos=-11.40 shoulder_lift.pos=-95.24 elbow_flex.pos=+76.64 wrist_flex.pos=+73.03 wrist_roll.pos=-1.34 gripper.pos=+1.23 | last: shoulder_pan.pos=-6.97 shoulder_lift.pos=-56.02 elbow_flex.pos=+43.16 wrist_flex.pos=+75.02 wrist_roll.pos=+1.94 gripper.pos=+0.74
DEBUG 2026-09-03 08:59:29 [action #80] t=4.62s step=79 queue=23 dmax=21.461 | shoulder_pan.pos=-8.38 shoulder_lift.pos=-73.46 elbow_flex.pos=+56.77 wrist_flex.pos=+73.77 wrist_roll.pos=-1.41 gripper.pos=+0.56
DEBUG 2026-09-03 08:59:29 [action #81] t=4.65s step=80 queue=22 dmax=1.774 | shoulder_pan.pos=-8.36 shoulder_lift.pos=-71.69 elbow_flex.pos=+55.44 wrist_flex.pos=+73.48 wrist_roll.pos=-1.38 gripper.pos=+0.58
DEBUG 2026-09-03 08:59:29 [action #82] t=4.68s step=81 queue=21 dmax=1.379 | shoulder_pan.pos=-8.80 shoulder_lift.pos=-70.87 elbow_flex.pos=+54.06 wrist_flex.pos=+73.70 wrist_roll.pos=-1.42 gripper.pos=+0.64
DEBUG 2026-09-03 08:59:29 [action #83] t=4.72s step=82 queue=20 dmax=1.648 | shoulder_pan.pos=-8.86 shoulder_lift.pos=-69.22 elbow_flex.pos=+53.77 wrist_flex.pos=+73.64 wrist_roll.pos=-1.52 gripper.pos=+0.62
DEBUG 2026-09-03 08:59:30 [action #84] t=4.75s step=83 queue=19 dmax=0.928 | shoulder_pan.pos=-8.73 shoulder_lift.pos=-68.89 elbow_flex.pos=+52.84 wrist_flex.pos=+73.82 wrist_roll.pos=-1.59 gripper.pos=+0.72
DEBUG 2026-09-03 08:59:30 [action #85] t=4.78s step=84 queue=18 dmax=0.786 | shoulder_pan.pos=-8.63 shoulder_lift.pos=-68.46 elbow_flex.pos=+52.06 wrist_flex.pos=+74.05 wrist_roll.pos=-1.72 gripper.pos=+0.55
DEBUG 2026-09-03 08:59:30 [action #86] t=4.82s step=85 queue=17 dmax=0.787 | shoulder_pan.pos=-8.83 shoulder_lift.pos=-67.67 elbow_flex.pos=+51.33 wrist_flex.pos=+73.82 wrist_roll.pos=-1.72 gripper.pos=+0.67
DEBUG 2026-09-03 08:59:30 [action #87] t=4.85s step=86 queue=16 dmax=1.245 | shoulder_pan.pos=-8.63 shoulder_lift.pos=-66.43 elbow_flex.pos=+50.59 wrist_flex.pos=+74.18 wrist_roll.pos=-1.89 gripper.pos=+0.58
DEBUG 2026-09-03 08:59:30 [action #88] t=4.88s step=87 queue=15 dmax=0.617 | shoulder_pan.pos=-8.73 shoulder_lift.pos=-65.81 elbow_flex.pos=+50.33 wrist_flex.pos=+74.01 wrist_roll.pos=-1.98 gripper.pos=+0.73
DEBUG 2026-09-03 08:59:30 [action #89] t=4.92s step=88 queue=14 dmax=0.602 | shoulder_pan.pos=-8.39 shoulder_lift.pos=-65.73 elbow_flex.pos=+49.73 wrist_flex.pos=+73.88 wrist_roll.pos=-1.96 gripper.pos=+0.81
DEBUG 2026-09-03 08:59:30 [action #90] t=4.95s step=89 queue=13 dmax=1.097 | shoulder_pan.pos=-8.78 shoulder_lift.pos=-64.63 elbow_flex.pos=+49.88 wrist_flex.pos=+73.88 wrist_roll.pos=-1.96 gripper.pos=+0.69
DEBUG 2026-09-03 08:59:30 [action #91] t=4.98s step=90 queue=12 dmax=1.164 | shoulder_pan.pos=-8.50 shoulder_lift.pos=-63.47 elbow_flex.pos=+49.83 wrist_flex.pos=+74.10 wrist_roll.pos=-2.01 gripper.pos=+0.53
DEBUG 2026-09-03 08:59:30 [action #92] t=5.02s step=91 queue=11 dmax=1.589 | shoulder_pan.pos=-8.62 shoulder_lift.pos=-63.31 elbow_flex.pos=+48.24 wrist_flex.pos=+74.05 wrist_roll.pos=-1.71 gripper.pos=+0.46
DEBUG 2026-09-03 08:59:30 [action #93] t=5.05s step=92 queue=10 dmax=0.202 | shoulder_pan.pos=-8.63 shoulder_lift.pos=-63.18 elbow_flex.pos=+48.18 wrist_flex.pos=+73.92 wrist_roll.pos=-1.64 gripper.pos=+0.66
DEBUG 2026-09-03 08:59:30 [action #94] t=5.08s step=93 queue=9 dmax=0.805 | shoulder_pan.pos=-8.47 shoulder_lift.pos=-62.54 elbow_flex.pos=+47.37 wrist_flex.pos=+74.06 wrist_roll.pos=-1.33 gripper.pos=+0.74
DEBUG 2026-09-03 08:59:30 [action #95] t=5.12s step=94 queue=8 dmax=0.330 | shoulder_pan.pos=-8.80 shoulder_lift.pos=-62.35 elbow_flex.pos=+47.29 wrist_flex.pos=+74.20 wrist_roll.pos=-1.00 gripper.pos=+0.56
DEBUG 2026-09-03 08:59:30 [action #96] t=5.15s step=95 queue=7 dmax=1.091 | shoulder_pan.pos=-8.40 shoulder_lift.pos=-62.22 elbow_flex.pos=+46.89 wrist_flex.pos=+74.82 wrist_roll.pos=+0.09 gripper.pos=+0.60
DEBUG 2026-09-03 08:59:30 [action #97] t=5.18s step=96 queue=6 dmax=0.982 | shoulder_pan.pos=-8.43 shoulder_lift.pos=-62.46 elbow_flex.pos=+47.87 wrist_flex.pos=+74.90 wrist_roll.pos=+0.77 gripper.pos=+0.82
DEBUG 2026-09-03 08:59:30 [action #98] t=5.22s step=97 queue=5 dmax=1.659 | shoulder_pan.pos=-8.47 shoulder_lift.pos=-60.80 elbow_flex.pos=+47.27 wrist_flex.pos=+74.98 wrist_roll.pos=+1.37 gripper.pos=+0.57
DEBUG 2026-09-03 08:59:30 [action #99] t=5.25s step=98 queue=4 dmax=0.582 | shoulder_pan.pos=-8.10 shoulder_lift.pos=-60.30 elbow_flex.pos=+46.69 wrist_flex.pos=+74.90 wrist_roll.pos=+1.50 gripper.pos=+0.72
DEBUG 2026-09-03 08:59:30 [action #100] t=5.28s step=99 queue=3 dmax=1.341 | shoulder_pan.pos=-7.97 shoulder_lift.pos=-58.96 elbow_flex.pos=+45.84 wrist_flex.pos=+75.04 wrist_roll.pos=+1.60 gripper.pos=+0.51
DEBUG 2026-09-03 08:59:30 [action #101] t=5.32s step=100 queue=2 dmax=1.196 | shoulder_pan.pos=-7.68 shoulder_lift.pos=-57.77 elbow_flex.pos=+45.35 wrist_flex.pos=+74.89 wrist_roll.pos=+1.70 gripper.pos=+0.71
DEBUG 2026-09-03 08:59:30 [action #102] t=5.35s step=101 queue=1 dmax=2.191 | shoulder_pan.pos=-6.97 shoulder_lift.pos=-56.02 elbow_flex.pos=+43.16 wrist_flex.pos=+75.02 wrist_roll.pos=+1.94 gripper.pos=+0.74
DEBUG 2026-09-03 08:59:30 [chunk] received 50 actions, timesteps 78..127 | first: shoulder_pan.pos=-19.71 shoulder_lift.pos=-96.46 elbow_flex.pos=+76.39 wrist_flex.pos=+69.68 wrist_roll.pos=-1.53 gripper.pos=+1.18 | last: shoulder_pan.pos=-25.28 shoulder_lift.pos=-61.98 elbow_flex.pos=+55.99 wrist_flex.pos=+67.89 wrist_roll.pos=-2.28 gripper.pos=+0.44
DEBUG 2026-09-03 08:59:30 [action #103] t=5.49s step=102 queue=26 dmax=32.397 | shoulder_pan.pos=-30.68 shoulder_lift.pos=-88.42 elbow_flex.pos=+72.24 wrist_flex.pos=+67.74 wrist_roll.pos=-2.14 gripper.pos=+0.76
DEBUG 2026-09-03 08:59:30 [action #104] t=5.52s step=103 queue=25 dmax=1.466 | shoulder_pan.pos=-31.10 shoulder_lift.pos=-86.95 elbow_flex.pos=+71.91 wrist_flex.pos=+67.92 wrist_roll.pos=-2.23 gripper.pos=+0.71
DEBUG 2026-09-03 08:59:30 [action #105] t=5.55s step=104 queue=24 dmax=1.842 | shoulder_pan.pos=-30.79 shoulder_lift.pos=-86.22 elbow_flex.pos=+70.07 wrist_flex.pos=+67.80 wrist_roll.pos=-2.27 gripper.pos=+0.78
DEBUG 2026-09-03 08:59:30 [action #106] t=5.59s step=105 queue=23 dmax=1.510 | shoulder_pan.pos=-30.19 shoulder_lift.pos=-84.71 elbow_flex.pos=+70.13 wrist_flex.pos=+67.51 wrist_roll.pos=-2.43 gripper.pos=+0.60
DEBUG 2026-09-03 08:59:30 [action #107] t=5.62s step=106 queue=22 dmax=0.771 | shoulder_pan.pos=-30.70 shoulder_lift.pos=-83.94 elbow_flex.pos=+69.79 wrist_flex.pos=+67.56 wrist_roll.pos=-2.42 gripper.pos=+0.69
DEBUG 2026-09-03 08:59:30 [action #108] t=5.65s step=107 queue=21 dmax=2.001 | shoulder_pan.pos=-30.48 shoulder_lift.pos=-81.94 elbow_flex.pos=+68.48 wrist_flex.pos=+67.44 wrist_roll.pos=-2.57 gripper.pos=+0.74
DEBUG 2026-09-03 08:59:30 [action #109] t=5.69s step=108 queue=20 dmax=1.310 | shoulder_pan.pos=-30.21 shoulder_lift.pos=-80.63 elbow_flex.pos=+67.63 wrist_flex.pos=+67.47 wrist_roll.pos=-2.77 gripper.pos=+0.57
DEBUG 2026-09-03 08:59:30 [action #110] t=5.72s step=109 queue=19 dmax=1.348 | shoulder_pan.pos=-30.01 shoulder_lift.pos=-79.28 elbow_flex.pos=+66.82 wrist_flex.pos=+67.27 wrist_roll.pos=-2.82 gripper.pos=+0.45
DEBUG 2026-09-03 08:59:31 [action #111] t=5.75s step=110 queue=18 dmax=1.808 | shoulder_pan.pos=-30.08 shoulder_lift.pos=-77.47 elbow_flex.pos=+65.93 wrist_flex.pos=+67.17 wrist_roll.pos=-3.21 gripper.pos=+0.39
DEBUG 2026-09-03 08:59:31 [action #112] t=5.79s step=111 queue=17 dmax=1.069 | shoulder_pan.pos=-30.10 shoulder_lift.pos=-76.41 elbow_flex.pos=+64.92 wrist_flex.pos=+66.81 wrist_roll.pos=-3.60 gripper.pos=+0.28
DEBUG 2026-09-03 08:59:31 [action #113] t=5.82s step=112 queue=16 dmax=1.715 | shoulder_pan.pos=-29.73 shoulder_lift.pos=-74.69 elbow_flex.pos=+63.98 wrist_flex.pos=+66.48 wrist_roll.pos=-3.56 gripper.pos=+0.28
DEBUG 2026-09-03 08:59:31 [action #114] t=5.85s step=113 queue=15 dmax=1.160 | shoulder_pan.pos=-29.55 shoulder_lift.pos=-73.53 elbow_flex.pos=+63.03 wrist_flex.pos=+66.13 wrist_roll.pos=-3.72 gripper.pos=+0.29
DEBUG 2026-09-03 08:59:31 [action #115] t=5.89s step=114 queue=14 dmax=1.116 | shoulder_pan.pos=-29.41 shoulder_lift.pos=-72.41 elbow_flex.pos=+62.49 wrist_flex.pos=+65.96 wrist_roll.pos=-3.71 gripper.pos=+0.23
DEBUG 2026-09-03 08:59:31 [action #116] t=5.92s step=115 queue=13 dmax=1.529 | shoulder_pan.pos=-29.02 shoulder_lift.pos=-70.88 elbow_flex.pos=+62.20 wrist_flex.pos=+65.80 wrist_roll.pos=-3.81 gripper.pos=+0.19
DEBUG 2026-09-03 08:59:31 [action #117] t=5.95s step=116 queue=12 dmax=0.845 | shoulder_pan.pos=-28.99 shoulder_lift.pos=-70.04 elbow_flex.pos=+61.44 wrist_flex.pos=+65.69 wrist_roll.pos=-3.76 gripper.pos=+0.22
DEBUG 2026-09-03 08:59:31 [action #118] t=5.99s step=117 queue=11 dmax=1.566 | shoulder_pan.pos=-28.92 shoulder_lift.pos=-68.47 elbow_flex.pos=+60.40 wrist_flex.pos=+65.87 wrist_roll.pos=-3.71 gripper.pos=+0.51
DEBUG 2026-09-03 08:59:31 [action #119] t=6.02s step=118 queue=10 dmax=1.040 | shoulder_pan.pos=-28.77 shoulder_lift.pos=-67.43 elbow_flex.pos=+60.18 wrist_flex.pos=+65.61 wrist_roll.pos=-3.57 gripper.pos=+0.40
DEBUG 2026-09-03 08:59:31 [action #120] t=6.05s step=119 queue=9 dmax=0.514 | shoulder_pan.pos=-28.56 shoulder_lift.pos=-66.92 elbow_flex.pos=+59.92 wrist_flex.pos=+65.56 wrist_roll.pos=-3.44 gripper.pos=+0.28
DEBUG 2026-09-03 08:59:31 [action #121] t=6.09s step=120 queue=8 dmax=1.165 | shoulder_pan.pos=-28.13 shoulder_lift.pos=-65.75 elbow_flex.pos=+59.24 wrist_flex.pos=+65.90 wrist_roll.pos=-3.40 gripper.pos=+0.42
DEBUG 2026-09-03 08:59:31 [action #122] t=6.12s step=121 queue=7 dmax=0.669 | shoulder_pan.pos=-27.46 shoulder_lift.pos=-65.09 elbow_flex.pos=+58.65 wrist_flex.pos=+65.97 wrist_roll.pos=-3.22 gripper.pos=+0.29
DEBUG 2026-09-03 08:59:31 [action #123] t=6.15s step=122 queue=6 dmax=0.486 | shoulder_pan.pos=-27.43 shoulder_lift.pos=-64.66 elbow_flex.pos=+58.26 wrist_flex.pos=+66.46 wrist_roll.pos=-3.12 gripper.pos=+0.41
DEBUG 2026-09-03 08:59:31 [action #124] t=6.19s step=123 queue=5 dmax=0.737 | shoulder_pan.pos=-26.69 shoulder_lift.pos=-64.31 elbow_flex.pos=+58.11 wrist_flex.pos=+66.78 wrist_roll.pos=-2.82 gripper.pos=+0.42
DEBUG 2026-09-03 08:59:31 [action #125] t=6.22s step=124 queue=4 dmax=0.497 | shoulder_pan.pos=-26.40 shoulder_lift.pos=-64.20 elbow_flex.pos=+58.26 wrist_flex.pos=+67.28 wrist_roll.pos=-2.57 gripper.pos=+0.34
DEBUG 2026-09-03 08:59:31 [action #126] t=6.25s step=125 queue=3 dmax=1.051 | shoulder_pan.pos=-25.82 shoulder_lift.pos=-63.15 elbow_flex.pos=+57.61 wrist_flex.pos=+67.41 wrist_roll.pos=-2.32 gripper.pos=+0.50
DEBUG 2026-09-03 08:59:31 [action #127] t=6.29s step=126 queue=2 dmax=0.602 | shoulder_pan.pos=-25.39 shoulder_lift.pos=-62.69 elbow_flex.pos=+57.01 wrist_flex.pos=+67.69 wrist_roll.pos=-2.22 gripper.pos=+0.37
DEBUG 2026-09-03 08:59:31 [action #128] t=6.32s step=127 queue=1 dmax=1.017 | shoulder_pan.pos=-25.28 shoulder_lift.pos=-61.98 elbow_flex.pos=+55.99 wrist_flex.pos=+67.89 wrist_roll.pos=-2.28 gripper.pos=+0.44
DEBUG 2026-09-03 08:59:31 [chunk] received 50 actions, timesteps 101..150 | first: shoulder_pan.pos=-6.61 shoulder_lift.pos=-54.49 elbow_flex.pos=+46.10 wrist_flex.pos=+75.10 wrist_roll.pos=+1.41 gripper.pos=+2.51 | last: shoulder_pan.pos=-5.37 shoulder_lift.pos=-26.53 elbow_flex.pos=+38.28 wrist_flex.pos=+73.01 wrist_roll.pos=+8.66 gripper.pos=+39.71
DEBUG 2026-09-03 08:59:31 [action #129] t=6.35s step=128 queue=23 dmax=31.422 | shoulder_pan.pos=-4.89 shoulder_lift.pos=-46.20 elbow_flex.pos=+43.34 wrist_flex.pos=+78.93 wrist_roll.pos=+8.18 gripper.pos=+31.86
DEBUG 2026-09-03 08:59:31 [action #130] t=6.39s step=129 queue=22 dmax=1.574 | shoulder_pan.pos=-4.74 shoulder_lift.pos=-45.74 elbow_flex.pos=+44.01 wrist_flex.pos=+78.71 wrist_roll.pos=+8.36 gripper.pos=+33.43
DEBUG 2026-09-03 08:59:31 [action #131] t=6.42s step=130 queue=21 dmax=1.263 | shoulder_pan.pos=-4.65 shoulder_lift.pos=-45.65 elbow_flex.pos=+43.44 wrist_flex.pos=+78.61 wrist_roll.pos=+8.35 gripper.pos=+34.70
DEBUG 2026-09-03 08:59:31 [action #132] t=6.45s step=131 queue=20 dmax=0.367 | shoulder_pan.pos=-4.48 shoulder_lift.pos=-45.28 elbow_flex.pos=+43.43 wrist_flex.pos=+78.40 wrist_roll.pos=+8.39 gripper.pos=+34.83
DEBUG 2026-09-03 08:59:31 [action #133] t=6.49s step=132 queue=19 dmax=0.546 | shoulder_pan.pos=-4.69 shoulder_lift.pos=-45.10 elbow_flex.pos=+42.89 wrist_flex.pos=+78.27 wrist_roll.pos=+8.51 gripper.pos=+34.86
DEBUG 2026-09-03 08:59:31 [action #134] t=6.52s step=133 queue=18 dmax=1.186 | shoulder_pan.pos=-4.47 shoulder_lift.pos=-44.00 elbow_flex.pos=+44.07 wrist_flex.pos=+77.81 wrist_roll.pos=+8.57 gripper.pos=+34.90
DEBUG 2026-09-03 08:59:31 [action #135] t=6.56s step=134 queue=17 dmax=1.466 | shoulder_pan.pos=-4.45 shoulder_lift.pos=-43.92 elbow_flex.pos=+42.61 wrist_flex.pos=+77.64 wrist_roll.pos=+8.52 gripper.pos=+35.03
DEBUG 2026-09-03 08:59:31 [action #136] t=6.59s step=135 queue=16 dmax=0.914 | shoulder_pan.pos=-4.37 shoulder_lift.pos=-43.01 elbow_flex.pos=+43.43 wrist_flex.pos=+77.43 wrist_roll.pos=+8.58 gripper.pos=+35.32
DEBUG 2026-09-03 08:59:31 [action #137] t=6.62s step=136 queue=15 dmax=1.251 | shoulder_pan.pos=-4.56 shoulder_lift.pos=-42.23 elbow_flex.pos=+42.18 wrist_flex.pos=+77.49 wrist_roll.pos=+8.52 gripper.pos=+35.55
DEBUG 2026-09-03 08:59:31 [action #138] t=6.66s step=137 queue=14 dmax=0.535 | shoulder_pan.pos=-4.76 shoulder_lift.pos=-41.69 elbow_flex.pos=+42.10 wrist_flex.pos=+77.31 wrist_roll.pos=+8.62 gripper.pos=+35.66
DEBUG 2026-09-03 08:59:31 [action #139] t=6.69s step=138 queue=13 dmax=0.777 | shoulder_pan.pos=-4.73 shoulder_lift.pos=-40.92 elbow_flex.pos=+41.80 wrist_flex.pos=+77.27 wrist_roll.pos=+8.40 gripper.pos=+35.82
DEBUG 2026-09-03 08:59:32 [action #140] t=6.72s step=139 queue=12 dmax=1.284 | shoulder_pan.pos=-5.03 shoulder_lift.pos=-39.63 elbow_flex.pos=+41.85 wrist_flex.pos=+76.87 wrist_roll.pos=+8.51 gripper.pos=+35.84
DEBUG 2026-09-03 08:59:32 [action #141] t=6.76s step=140 queue=11 dmax=1.273 | shoulder_pan.pos=-5.04 shoulder_lift.pos=-38.36 elbow_flex.pos=+41.41 wrist_flex.pos=+76.59 wrist_roll.pos=+8.43 gripper.pos=+36.15
DEBUG 2026-09-03 08:59:32 [action #142] t=6.79s step=141 queue=10 dmax=0.540 | shoulder_pan.pos=-5.01 shoulder_lift.pos=-37.82 elbow_flex.pos=+41.31 wrist_flex.pos=+76.34 wrist_roll.pos=+8.49 gripper.pos=+36.36
DEBUG 2026-09-03 08:59:32 [action #143] t=6.82s step=142 queue=9 dmax=1.642 | shoulder_pan.pos=-5.08 shoulder_lift.pos=-36.18 elbow_flex.pos=+40.64 wrist_flex.pos=+75.90 wrist_roll.pos=+8.45 gripper.pos=+36.77
DEBUG 2026-09-03 08:59:32 [action #144] t=6.86s step=143 queue=8 dmax=1.469 | shoulder_pan.pos=-5.02 shoulder_lift.pos=-34.71 elbow_flex.pos=+39.68 wrist_flex.pos=+75.96 wrist_roll.pos=+8.43 gripper.pos=+37.26
DEBUG 2026-09-03 08:59:32 [action #145] t=6.89s step=144 queue=7 dmax=0.781 | shoulder_pan.pos=-5.03 shoulder_lift.pos=-34.25 elbow_flex.pos=+40.10 wrist_flex.pos=+75.18 wrist_roll.pos=+8.46 gripper.pos=+37.75
DEBUG 2026-09-03 08:59:32 [action #146] t=6.92s step=145 queue=6 dmax=0.799 | shoulder_pan.pos=-4.94 shoulder_lift.pos=-33.45 elbow_flex.pos=+39.82 wrist_flex.pos=+74.77 wrist_roll.pos=+8.48 gripper.pos=+38.40
DEBUG 2026-09-03 08:59:32 [action #147] t=6.96s step=146 queue=5 dmax=1.645 | shoulder_pan.pos=-5.22 shoulder_lift.pos=-31.80 elbow_flex.pos=+39.62 wrist_flex.pos=+74.45 wrist_roll.pos=+8.55 gripper.pos=+38.99
DEBUG 2026-09-03 08:59:32 [action #148] t=6.99s step=147 queue=4 dmax=1.411 | shoulder_pan.pos=-5.10 shoulder_lift.pos=-30.39 elbow_flex.pos=+39.55 wrist_flex.pos=+74.10 wrist_roll.pos=+8.62 gripper.pos=+39.61
DEBUG 2026-09-03 08:59:32 [action #149] t=7.02s step=148 queue=3 dmax=1.327 | shoulder_pan.pos=-5.17 shoulder_lift.pos=-29.07 elbow_flex.pos=+38.57 wrist_flex.pos=+73.64 wrist_roll.pos=+8.59 gripper.pos=+39.70
DEBUG 2026-09-03 08:59:32 [action #150] t=7.06s step=149 queue=2 dmax=0.677 | shoulder_pan.pos=-5.12 shoulder_lift.pos=-28.39 elbow_flex.pos=+38.77 wrist_flex.pos=+73.28 wrist_roll.pos=+8.50 gripper.pos=+39.65
DEBUG 2026-09-03 08:59:32 [action #151] t=7.09s step=150 queue=1 dmax=1.857 | shoulder_pan.pos=-5.37 shoulder_lift.pos=-26.53 elbow_flex.pos=+38.28 wrist_flex.pos=+73.01 wrist_roll.pos=+8.66 gripper.pos=+39.71
DEBUG 2026-09-03 08:59:32 [chunk] received 50 actions, timesteps 127..176 | first: shoulder_pan.pos=-28.53 shoulder_lift.pos=-61.52 elbow_flex.pos=+55.79 wrist_flex.pos=+66.75 wrist_roll.pos=-2.84 gripper.pos=+1.14 | last: shoulder_pan.pos=-27.43 shoulder_lift.pos=-29.79 elbow_flex.pos=+32.13 wrist_flex.pos=+68.11 wrist_roll.pos=-2.03 gripper.pos=+25.80
DEBUG 2026-09-03 08:59:32 [action #152] t=7.29s step=151 queue=26 dmax=38.913 | shoulder_pan.pos=-27.67 shoulder_lift.pos=-41.12 elbow_flex.pos=+39.62 wrist_flex.pos=+67.21 wrist_roll.pos=-3.80 gripper.pos=+0.79
DEBUG 2026-09-03 08:59:32 [action #153] t=7.32s step=152 queue=25 dmax=1.439 | shoulder_pan.pos=-27.82 shoulder_lift.pos=-39.99 elbow_flex.pos=+38.19 wrist_flex.pos=+66.59 wrist_roll.pos=-3.88 gripper.pos=+1.02
DEBUG 2026-09-03 08:59:32 [action #154] t=7.36s step=153 queue=24 dmax=0.864 | shoulder_pan.pos=-27.62 shoulder_lift.pos=-39.12 elbow_flex.pos=+37.66 wrist_flex.pos=+66.66 wrist_roll.pos=-4.07 gripper.pos=+1.06
DEBUG 2026-09-03 08:59:32 [action #155] t=7.39s step=154 queue=23 dmax=1.336 | shoulder_pan.pos=-27.75 shoulder_lift.pos=-37.79 elbow_flex.pos=+36.45 wrist_flex.pos=+66.58 wrist_roll.pos=-4.10 gripper.pos=+0.95
DEBUG 2026-09-03 08:59:32 [action #156] t=7.42s step=155 queue=22 dmax=1.765 | shoulder_pan.pos=-27.61 shoulder_lift.pos=-36.02 elbow_flex.pos=+35.70 wrist_flex.pos=+66.12 wrist_roll.pos=-4.20 gripper.pos=+1.11
DEBUG 2026-09-03 08:59:32 [action #157] t=7.46s step=156 queue=21 dmax=0.823 | shoulder_pan.pos=-27.65 shoulder_lift.pos=-35.47 elbow_flex.pos=+34.88 wrist_flex.pos=+66.15 wrist_roll.pos=-4.27 gripper.pos=+0.90
DEBUG 2026-09-03 08:59:32 [action #158] t=7.49s step=157 queue=20 dmax=1.776 | shoulder_pan.pos=-27.73 shoulder_lift.pos=-33.70 elbow_flex.pos=+34.98 wrist_flex.pos=+66.00 wrist_roll.pos=-4.29 gripper.pos=+1.44
DEBUG 2026-09-03 08:59:32 [action #159] t=7.52s step=158 queue=19 dmax=1.200 | shoulder_pan.pos=-27.82 shoulder_lift.pos=-32.69 elbow_flex.pos=+33.78 wrist_flex.pos=+65.79 wrist_roll.pos=-4.30 gripper.pos=+1.36
DEBUG 2026-09-03 08:59:32 [action #160] t=7.56s step=159 queue=18 dmax=0.403 | shoulder_pan.pos=-27.79 shoulder_lift.pos=-32.59 elbow_flex.pos=+33.37 wrist_flex.pos=+65.70 wrist_roll.pos=-4.34 gripper.pos=+1.70
DEBUG 2026-09-03 08:59:32 [action #161] t=7.59s step=160 queue=17 dmax=0.888 | shoulder_pan.pos=-27.79 shoulder_lift.pos=-31.70 elbow_flex.pos=+33.43 wrist_flex.pos=+65.26 wrist_roll.pos=-4.54 gripper.pos=+1.79
DEBUG 2026-09-03 08:59:32 [action #162] t=7.62s step=161 queue=16 dmax=1.010 | shoulder_pan.pos=-27.44 shoulder_lift.pos=-30.69 elbow_flex.pos=+32.44 wrist_flex.pos=+65.06 wrist_roll.pos=-4.54 gripper.pos=+2.59
DEBUG 2026-09-03 08:59:32 [action #163] t=7.66s step=162 queue=15 dmax=0.890 | shoulder_pan.pos=-27.58 shoulder_lift.pos=-30.57 elbow_flex.pos=+32.24 wrist_flex.pos=+64.91 wrist_roll.pos=-4.28 gripper.pos=+3.48
DEBUG 2026-09-03 08:59:32 [action #164] t=7.69s step=163 queue=14 dmax=1.179 | shoulder_pan.pos=-27.50 shoulder_lift.pos=-30.11 elbow_flex.pos=+31.74 wrist_flex.pos=+64.88 wrist_roll.pos=-4.22 gripper.pos=+4.66
DEBUG 2026-09-03 08:59:33 [action #165] t=7.73s step=164 queue=13 dmax=1.158 | shoulder_pan.pos=-27.50 shoulder_lift.pos=-30.03 elbow_flex.pos=+31.65 wrist_flex.pos=+65.13 wrist_roll.pos=-4.27 gripper.pos=+5.82
DEBUG 2026-09-03 08:59:33 [action #166] t=7.76s step=165 queue=12 dmax=1.591 | shoulder_pan.pos=-27.25 shoulder_lift.pos=-29.44 elbow_flex.pos=+31.63 wrist_flex.pos=+65.46 wrist_roll.pos=-3.83 gripper.pos=+7.41
DEBUG 2026-09-03 08:59:33 [action #167] t=7.79s step=166 queue=11 dmax=1.680 | shoulder_pan.pos=-27.38 shoulder_lift.pos=-29.39 elbow_flex.pos=+31.36 wrist_flex.pos=+65.55 wrist_roll.pos=-3.69 gripper.pos=+9.09
DEBUG 2026-09-03 08:59:33 [action #168] t=7.83s step=167 queue=10 dmax=1.687 | shoulder_pan.pos=-27.13 shoulder_lift.pos=-29.48 elbow_flex.pos=+30.55 wrist_flex.pos=+65.91 wrist_roll.pos=-3.26 gripper.pos=+10.78
DEBUG 2026-09-03 08:59:33 [action #169] t=7.86s step=168 queue=9 dmax=1.855 | shoulder_pan.pos=-27.02 shoulder_lift.pos=-28.72 elbow_flex.pos=+30.22 wrist_flex.pos=+66.22 wrist_roll.pos=-3.15 gripper.pos=+12.63
DEBUG 2026-09-03 08:59:33 [action #170] t=7.89s step=169 queue=8 dmax=1.709 | shoulder_pan.pos=-27.10 shoulder_lift.pos=-29.20 elbow_flex.pos=+31.52 wrist_flex.pos=+66.32 wrist_roll.pos=-3.02 gripper.pos=+14.34
DEBUG 2026-09-03 08:59:33 [action #171] t=7.93s step=170 queue=7 dmax=1.963 | shoulder_pan.pos=-27.12 shoulder_lift.pos=-30.20 elbow_flex.pos=+31.67 wrist_flex.pos=+66.78 wrist_roll.pos=-2.76 gripper.pos=+16.31
DEBUG 2026-09-03 08:59:33 [action #172] t=7.96s step=171 queue=6 dmax=1.590 | shoulder_pan.pos=-26.81 shoulder_lift.pos=-30.26 elbow_flex.pos=+31.39 wrist_flex.pos=+66.88 wrist_roll.pos=-2.60 gripper.pos=+17.90
DEBUG 2026-09-03 08:59:33 [action #173] t=7.99s step=172 queue=5 dmax=2.048 | shoulder_pan.pos=-26.97 shoulder_lift.pos=-30.05 elbow_flex.pos=+31.47 wrist_flex.pos=+67.18 wrist_roll.pos=-2.50 gripper.pos=+19.94
DEBUG 2026-09-03 08:59:33 [action #174] t=8.03s step=173 queue=4 dmax=1.673 | shoulder_pan.pos=-27.58 shoulder_lift.pos=-29.98 elbow_flex.pos=+32.00 wrist_flex.pos=+67.34 wrist_roll.pos=-2.41 gripper.pos=+21.62
DEBUG 2026-09-03 08:59:33 [action #175] t=8.06s step=174 queue=3 dmax=1.600 | shoulder_pan.pos=-27.75 shoulder_lift.pos=-29.56 elbow_flex.pos=+31.01 wrist_flex.pos=+67.96 wrist_roll.pos=-2.21 gripper.pos=+23.22
DEBUG 2026-09-03 08:59:33 [action #176] t=8.09s step=175 queue=2 dmax=1.338 | shoulder_pan.pos=-27.57 shoulder_lift.pos=-29.37 elbow_flex.pos=+31.76 wrist_flex.pos=+68.05 wrist_roll.pos=-2.28 gripper.pos=+24.55
DEBUG 2026-09-03 08:59:33 [action #177] t=8.13s step=176 queue=1 dmax=1.243 | shoulder_pan.pos=-27.43 shoulder_lift.pos=-29.79 elbow_flex.pos=+32.13 wrist_flex.pos=+68.11 wrist_roll.pos=-2.03 gripper.pos=+25.80
DEBUG 2026-09-03 08:59:33 [chunk] received 50 actions, timesteps 150..199 | first: shoulder_pan.pos=-5.99 shoulder_lift.pos=-23.74 elbow_flex.pos=+36.92 wrist_flex.pos=+71.50 wrist_roll.pos=+8.57 gripper.pos=+37.41 | last: shoulder_pan.pos=-7.08 shoulder_lift.pos=+5.62 elbow_flex.pos=+20.37 wrist_flex.pos=+71.44 wrist_roll.pos=+3.25 gripper.pos=+7.29
DEBUG 2026-09-03 08:59:33 [action #178] t=8.19s step=177 queue=23 dmax=28.716 | shoulder_pan.pos=-6.36 shoulder_lift.pos=-1.07 elbow_flex.pos=+27.54 wrist_flex.pos=+66.76 wrist_roll.pos=+5.64 gripper.pos=+37.60
DEBUG 2026-09-03 08:59:33 [action #179] t=8.23s step=178 queue=22 dmax=0.575 | shoulder_pan.pos=-6.62 shoulder_lift.pos=-0.50 elbow_flex.pos=+27.47 wrist_flex.pos=+66.81 wrist_roll.pos=+5.40 gripper.pos=+37.14
DEBUG 2026-09-03 08:59:33 [action #180] t=8.26s step=179 queue=21 dmax=0.833 | shoulder_pan.pos=-6.29 shoulder_lift.pos=+0.31 elbow_flex.pos=+26.71 wrist_flex.pos=+66.78 wrist_roll.pos=+5.22 gripper.pos=+36.31
DEBUG 2026-09-03 08:59:33 [action #181] t=8.29s step=180 queue=20 dmax=1.390 | shoulder_pan.pos=-6.23 shoulder_lift.pos=+0.88 elbow_flex.pos=+26.11 wrist_flex.pos=+66.77 wrist_roll.pos=+5.03 gripper.pos=+34.92
DEBUG 2026-09-03 08:59:33 [action #182] t=8.33s step=181 queue=19 dmax=2.200 | shoulder_pan.pos=-6.20 shoulder_lift.pos=+1.40 elbow_flex.pos=+26.39 wrist_flex.pos=+66.75 wrist_roll.pos=+5.02 gripper.pos=+32.72
DEBUG 2026-09-03 08:59:33 [action #183] t=8.36s step=182 queue=18 dmax=2.808 | shoulder_pan.pos=-6.18 shoulder_lift.pos=+1.99 elbow_flex.pos=+26.76 wrist_flex.pos=+66.91 wrist_roll.pos=+5.05 gripper.pos=+29.91
DEBUG 2026-09-03 08:59:33 [action #184] t=8.39s step=183 queue=17 dmax=3.107 | shoulder_pan.pos=-6.05 shoulder_lift.pos=+2.64 elbow_flex.pos=+26.53 wrist_flex.pos=+66.85 wrist_roll.pos=+5.01 gripper.pos=+26.80
DEBUG 2026-09-03 08:59:33 [action #185] t=8.43s step=184 queue=16 dmax=3.371 | shoulder_pan.pos=-6.06 shoulder_lift.pos=+2.26 elbow_flex.pos=+27.23 wrist_flex.pos=+66.77 wrist_roll.pos=+5.01 gripper.pos=+23.43
DEBUG 2026-09-03 08:59:33 [action #186] t=8.46s step=185 queue=15 dmax=3.128 | shoulder_pan.pos=-6.22 shoulder_lift.pos=+2.43 elbow_flex.pos=+27.11 wrist_flex.pos=+66.81 wrist_roll.pos=+5.08 gripper.pos=+20.30
DEBUG 2026-09-03 08:59:33 [action #187] t=8.49s step=186 queue=14 dmax=2.777 | shoulder_pan.pos=-6.07 shoulder_lift.pos=+2.02 elbow_flex.pos=+27.66 wrist_flex.pos=+66.71 wrist_roll.pos=+5.04 gripper.pos=+17.53
DEBUG 2026-09-03 08:59:33 [action #188] t=8.53s step=187 queue=13 dmax=2.189 | shoulder_pan.pos=-6.15 shoulder_lift.pos=+3.02 elbow_flex.pos=+27.90 wrist_flex.pos=+66.59 wrist_roll.pos=+4.91 gripper.pos=+15.34
DEBUG 2026-09-03 08:59:33 [action #189] t=8.56s step=188 queue=12 dmax=1.679 | shoulder_pan.pos=-6.29 shoulder_lift.pos=+2.51 elbow_flex.pos=+27.99 wrist_flex.pos=+66.50 wrist_roll.pos=+4.99 gripper.pos=+13.66
DEBUG 2026-09-03 08:59:33 [action #190] t=8.59s step=189 queue=11 dmax=1.307 | shoulder_pan.pos=-6.36 shoulder_lift.pos=+3.25 elbow_flex.pos=+27.41 wrist_flex.pos=+66.54 wrist_roll.pos=+4.78 gripper.pos=+12.35
DEBUG 2026-09-03 08:59:33 [action #191] t=8.63s step=190 queue=10 dmax=1.021 | shoulder_pan.pos=-6.47 shoulder_lift.pos=+3.11 elbow_flex.pos=+27.36 wrist_flex.pos=+66.92 wrist_roll.pos=+4.70 gripper.pos=+11.33
DEBUG 2026-09-03 08:59:33 [action #192] t=8.66s step=191 queue=9 dmax=0.983 | shoulder_pan.pos=-6.61 shoulder_lift.pos=+4.09 elbow_flex.pos=+26.77 wrist_flex.pos=+66.80 wrist_roll.pos=+4.47 gripper.pos=+10.43
DEBUG 2026-09-03 08:59:33 [action #193] t=8.69s step=192 queue=8 dmax=0.565 | shoulder_pan.pos=-6.92 shoulder_lift.pos=+3.86 elbow_flex.pos=+26.54 wrist_flex.pos=+66.94 wrist_roll.pos=+4.40 gripper.pos=+9.86
DEBUG 2026-09-03 08:59:34 [action #194] t=8.73s step=193 queue=7 dmax=0.627 | shoulder_pan.pos=-6.87 shoulder_lift.pos=+3.97 elbow_flex.pos=+26.75 wrist_flex.pos=+67.02 wrist_roll.pos=+4.06 gripper.pos=+9.24
DEBUG 2026-09-03 08:59:34 [action #195] t=8.76s step=194 queue=6 dmax=0.866 | shoulder_pan.pos=-7.17 shoulder_lift.pos=+4.46 elbow_flex.pos=+25.88 wrist_flex.pos=+67.22 wrist_roll.pos=+4.17 gripper.pos=+8.49
DEBUG 2026-09-03 08:59:34 [action #196] t=8.80s step=195 queue=5 dmax=0.435 | shoulder_pan.pos=-6.93 shoulder_lift.pos=+4.61 elbow_flex.pos=+25.49 wrist_flex.pos=+67.66 wrist_roll.pos=+3.84 gripper.pos=+8.11
DEBUG 2026-09-03 08:59:34 [action #197] t=8.83s step=196 queue=4 dmax=1.555 | shoulder_pan.pos=-7.15 shoulder_lift.pos=+4.77 elbow_flex.pos=+23.94 wrist_flex.pos=+68.29 wrist_roll.pos=+3.80 gripper.pos=+7.88
DEBUG 2026-09-03 08:59:34 [action #198] t=8.86s step=197 queue=3 dmax=0.924 | shoulder_pan.pos=-7.05 shoulder_lift.pos=+5.17 elbow_flex.pos=+23.24 wrist_flex.pos=+69.21 wrist_roll.pos=+3.46 gripper.pos=+7.56
DEBUG 2026-09-03 08:59:34 [action #199] t=8.90s step=198 queue=2 dmax=1.540 | shoulder_pan.pos=-7.03 shoulder_lift.pos=+5.42 elbow_flex.pos=+21.70 wrist_flex.pos=+70.44 wrist_roll.pos=+3.44 gripper.pos=+7.52
DEBUG 2026-09-03 08:59:34 [action #200] t=8.93s step=199 queue=1 dmax=1.333 | shoulder_pan.pos=-7.08 shoulder_lift.pos=+5.62 elbow_flex.pos=+20.37 wrist_flex.pos=+71.44 wrist_roll.pos=+3.25 gripper.pos=+7.29
DEBUG 2026-09-03 08:59:34 [chunk] received 50 actions, timesteps 176..225 | first: shoulder_pan.pos=-27.58 shoulder_lift.pos=-25.84 elbow_flex.pos=+27.54 wrist_flex.pos=+68.43 wrist_roll.pos=-2.32 gripper.pos=+23.59 | last: shoulder_pan.pos=-31.86 shoulder_lift.pos=+18.73 elbow_flex.pos=-3.72 wrist_flex.pos=+71.61 wrist_roll.pos=+0.51 gripper.pos=+31.48
DEBUG 2026-09-03 08:59:34 [action #201] t=9.10s step=200 queue=26 dmax=23.737 | shoulder_pan.pos=-30.81 shoulder_lift.pos=-7.89 elbow_flex.pos=+15.98 wrist_flex.pos=+71.16 wrist_roll.pos=-0.23 gripper.pos=+30.01
DEBUG 2026-09-03 08:59:34 [action #202] t=9.13s step=201 queue=25 dmax=0.903 | shoulder_pan.pos=-30.74 shoulder_lift.pos=-6.99 elbow_flex.pos=+15.16 wrist_flex.pos=+71.11 wrist_roll.pos=-0.17 gripper.pos=+29.94
DEBUG 2026-09-03 08:59:34 [action #203] t=9.16s step=202 queue=24 dmax=0.845 | shoulder_pan.pos=-30.78 shoulder_lift.pos=-6.14 elbow_flex.pos=+14.63 wrist_flex.pos=+71.04 wrist_roll.pos=-0.16 gripper.pos=+29.99
DEBUG 2026-09-03 08:59:34 [action #204] t=9.20s step=203 queue=23 dmax=1.277 | shoulder_pan.pos=-30.71 shoulder_lift.pos=-4.87 elbow_flex.pos=+13.84 wrist_flex.pos=+71.06 wrist_roll.pos=-0.15 gripper.pos=+29.98
DEBUG 2026-09-03 08:59:34 [action #205] t=9.23s step=204 queue=22 dmax=1.156 | shoulder_pan.pos=-30.67 shoulder_lift.pos=-3.71 elbow_flex.pos=+12.95 wrist_flex.pos=+71.03 wrist_roll.pos=-0.20 gripper.pos=+30.15
DEBUG 2026-09-03 08:59:34 [action #206] t=9.26s step=205 queue=21 dmax=1.149 | shoulder_pan.pos=-30.64 shoulder_lift.pos=-2.56 elbow_flex.pos=+11.81 wrist_flex.pos=+71.19 wrist_roll.pos=-0.15 gripper.pos=+30.17
DEBUG 2026-09-03 08:59:34 [action #207] t=9.30s step=206 queue=20 dmax=1.289 | shoulder_pan.pos=-30.27 shoulder_lift.pos=-1.27 elbow_flex.pos=+11.00 wrist_flex.pos=+71.15 wrist_roll.pos=-0.11 gripper.pos=+30.29
DEBUG 2026-09-03 08:59:34 [action #208] t=9.33s step=207 queue=19 dmax=1.421 | shoulder_pan.pos=-30.24 shoulder_lift.pos=+0.15 elbow_flex.pos=+10.23 wrist_flex.pos=+71.38 wrist_roll.pos=-0.25 gripper.pos=+30.39
DEBUG 2026-09-03 08:59:34 [action #209] t=9.36s step=208 queue=18 dmax=1.602 | shoulder_pan.pos=-29.98 shoulder_lift.pos=+1.75 elbow_flex.pos=+8.65 wrist_flex.pos=+71.34 wrist_roll.pos=-0.21 gripper.pos=+30.21
DEBUG 2026-09-03 08:59:34 [action #210] t=9.40s step=209 queue=17 dmax=1.725 | shoulder_pan.pos=-30.37 shoulder_lift.pos=+3.48 elbow_flex.pos=+7.65 wrist_flex.pos=+71.52 wrist_roll.pos=-0.16 gripper.pos=+30.34
DEBUG 2026-09-03 08:59:34 [action #211] t=9.43s step=210 queue=16 dmax=0.920 | shoulder_pan.pos=-30.26 shoulder_lift.pos=+4.25 elbow_flex.pos=+6.73 wrist_flex.pos=+71.37 wrist_roll.pos=-0.17 gripper.pos=+30.55
DEBUG 2026-09-03 08:59:34 [action #212] t=9.46s step=211 queue=15 dmax=1.042 | shoulder_pan.pos=-29.95 shoulder_lift.pos=+5.29 elbow_flex.pos=+6.32 wrist_flex.pos=+71.36 wrist_roll.pos=-0.12 gripper.pos=+30.58
DEBUG 2026-09-03 08:59:34 [action #213] t=9.50s step=212 queue=14 dmax=1.164 | shoulder_pan.pos=-30.41 shoulder_lift.pos=+6.44 elbow_flex.pos=+5.16 wrist_flex.pos=+71.46 wrist_roll.pos=-0.09 gripper.pos=+30.59
DEBUG 2026-09-03 08:59:34 [action #214] t=9.53s step=213 queue=13 dmax=0.916 | shoulder_pan.pos=-30.12 shoulder_lift.pos=+7.22 elbow_flex.pos=+4.24 wrist_flex.pos=+71.26 wrist_roll.pos=-0.04 gripper.pos=+30.63
DEBUG 2026-09-03 08:59:34 [action #215] t=9.56s step=214 queue=12 dmax=1.147 | shoulder_pan.pos=-30.43 shoulder_lift.pos=+8.37 elbow_flex.pos=+4.00 wrist_flex.pos=+71.27 wrist_roll.pos=+0.00 gripper.pos=+30.68
DEBUG 2026-09-03 08:59:34 [action #216] t=9.60s step=215 queue=11 dmax=0.776 | shoulder_pan.pos=-30.43 shoulder_lift.pos=+8.92 elbow_flex.pos=+3.22 wrist_flex.pos=+71.27 wrist_roll.pos=+0.01 gripper.pos=+30.66
DEBUG 2026-09-03 08:59:34 [action #217] t=9.63s step=216 queue=10 dmax=1.032 | shoulder_pan.pos=-30.65 shoulder_lift.pos=+9.95 elbow_flex.pos=+2.29 wrist_flex.pos=+71.00 wrist_roll.pos=+0.04 gripper.pos=+30.76
DEBUG 2026-09-03 08:59:34 [action #218] t=9.66s step=217 queue=9 dmax=0.640 | shoulder_pan.pos=-30.68 shoulder_lift.pos=+10.59 elbow_flex.pos=+1.84 wrist_flex.pos=+71.06 wrist_roll.pos=+0.08 gripper.pos=+30.78
DEBUG 2026-09-03 08:59:34 [action #219] t=9.70s step=218 queue=8 dmax=0.914 | shoulder_pan.pos=-31.02 shoulder_lift.pos=+11.51 elbow_flex.pos=+1.22 wrist_flex.pos=+71.09 wrist_roll.pos=+0.17 gripper.pos=+30.84
DEBUG 2026-09-03 08:59:35 [action #220] t=9.73s step=219 queue=7 dmax=1.097 | shoulder_pan.pos=-31.26 shoulder_lift.pos=+12.61 elbow_flex.pos=+1.04 wrist_flex.pos=+71.09 wrist_roll.pos=+0.14 gripper.pos=+30.92
DEBUG 2026-09-03 08:59:35 [action #221] t=9.77s step=220 queue=6 dmax=0.892 | shoulder_pan.pos=-31.53 shoulder_lift.pos=+13.35 elbow_flex.pos=+0.15 wrist_flex.pos=+71.26 wrist_roll.pos=+0.14 gripper.pos=+30.91
DEBUG 2026-09-03 08:59:35 [action #222] t=9.80s step=221 queue=5 dmax=0.831 | shoulder_pan.pos=-31.61 shoulder_lift.pos=+14.10 elbow_flex.pos=-0.68 wrist_flex.pos=+71.10 wrist_roll.pos=+0.27 gripper.pos=+31.00
DEBUG 2026-09-03 08:59:35 [action #223] t=9.83s step=222 queue=4 dmax=0.974 | shoulder_pan.pos=-31.53 shoulder_lift.pos=+15.04 elbow_flex.pos=-1.66 wrist_flex.pos=+71.27 wrist_roll.pos=+0.34 gripper.pos=+31.10
DEBUG 2026-09-03 08:59:35 [action #224] t=9.87s step=223 queue=3 dmax=0.854 | shoulder_pan.pos=-31.57 shoulder_lift.pos=+15.89 elbow_flex.pos=-2.22 wrist_flex.pos=+71.25 wrist_roll.pos=+0.38 gripper.pos=+31.07
DEBUG 2026-09-03 08:59:35 [action #225] t=9.90s step=224 queue=2 dmax=0.954 | shoulder_pan.pos=-31.89 shoulder_lift.pos=+16.85 elbow_flex.pos=-3.02 wrist_flex.pos=+71.48 wrist_roll.pos=+0.22 gripper.pos=+31.37
DEBUG 2026-09-03 08:59:35 [action #226] t=9.93s step=225 queue=1 dmax=1.879 | shoulder_pan.pos=-31.86 shoulder_lift.pos=+18.73 elbow_flex.pos=-3.72 wrist_flex.pos=+71.61 wrist_roll.pos=+0.51 gripper.pos=+31.48
DEBUG 2026-09-03 08:59:35 [chunk] received 50 actions, timesteps 199..248 | first: shoulder_pan.pos=-7.99 shoulder_lift.pos=+4.81 elbow_flex.pos=+19.29 wrist_flex.pos=+71.57 wrist_roll.pos=+3.04 gripper.pos=+7.06 | last: shoulder_pan.pos=+18.35 shoulder_lift.pos=-6.02 elbow_flex.pos=-9.80 wrist_flex.pos=+80.35 wrist_roll.pos=+2.07 gripper.pos=+5.92
DEBUG 2026-09-03 08:59:35 [action #227] t=10.00s step=226 queue=23 dmax=31.436 | shoulder_pan.pos=-3.29 shoulder_lift.pos=-12.71 elbow_flex.pos=+6.68 wrist_flex.pos=+84.90 wrist_roll.pos=-0.45 gripper.pos=+6.21
DEBUG 2026-09-03 08:59:35 [action #228] t=10.03s step=227 queue=22 dmax=0.877 | shoulder_pan.pos=-2.41 shoulder_lift.pos=-13.12 elbow_flex.pos=+5.96 wrist_flex.pos=+85.28 wrist_roll.pos=-0.37 gripper.pos=+6.26
DEBUG 2026-09-03 08:59:35 [action #229] t=10.07s step=228 queue=21 dmax=1.017 | shoulder_pan.pos=-1.40 shoulder_lift.pos=-13.60 elbow_flex.pos=+5.54 wrist_flex.pos=+85.50 wrist_roll.pos=-0.31 gripper.pos=+6.19
DEBUG 2026-09-03 08:59:35 [action #230] t=10.10s step=229 queue=20 dmax=1.165 | shoulder_pan.pos=-0.68 shoulder_lift.pos=-13.62 elbow_flex.pos=+4.38 wrist_flex.pos=+85.47 wrist_roll.pos=-0.20 gripper.pos=+6.27
DEBUG 2026-09-03 08:59:35 [action #231] t=10.13s step=230 queue=19 dmax=0.995 | shoulder_pan.pos=+0.32 shoulder_lift.pos=-13.65 elbow_flex.pos=+3.43 wrist_flex.pos=+85.46 wrist_roll.pos=-0.17 gripper.pos=+6.09
DEBUG 2026-09-03 08:59:35 [action #232] t=10.17s step=231 queue=18 dmax=0.740 | shoulder_pan.pos=+1.06 shoulder_lift.pos=-13.89 elbow_flex.pos=+2.89 wrist_flex.pos=+85.61 wrist_roll.pos=-0.15 gripper.pos=+6.08
DEBUG 2026-09-03 08:59:35 [action #233] t=10.20s step=232 queue=17 dmax=1.112 | shoulder_pan.pos=+1.78 shoulder_lift.pos=-14.00 elbow_flex.pos=+1.78 wrist_flex.pos=+85.57 wrist_roll.pos=-0.08 gripper.pos=+6.10
DEBUG 2026-09-03 08:59:35 [action #234] t=10.23s step=233 queue=16 dmax=1.197 | shoulder_pan.pos=+2.98 shoulder_lift.pos=-14.26 elbow_flex.pos=+1.73 wrist_flex.pos=+85.38 wrist_roll.pos=-0.07 gripper.pos=+6.18
DEBUG 2026-09-03 08:59:35 [action #235] t=10.27s step=234 queue=15 dmax=1.325 | shoulder_pan.pos=+3.48 shoulder_lift.pos=-14.01 elbow_flex.pos=+0.40 wrist_flex.pos=+85.48 wrist_roll.pos=+0.01 gripper.pos=+6.06
DEBUG 2026-09-03 08:59:35 [action #236] t=10.30s step=235 queue=14 dmax=1.127 | shoulder_pan.pos=+4.61 shoulder_lift.pos=-13.96 elbow_flex.pos=-0.39 wrist_flex.pos=+85.25 wrist_roll.pos=+0.00 gripper.pos=+6.19
DEBUG 2026-09-03 08:59:35 [action #237] t=10.33s step=236 queue=13 dmax=0.989 | shoulder_pan.pos=+5.59 shoulder_lift.pos=-14.05 elbow_flex.pos=-0.96 wrist_flex.pos=+85.41 wrist_roll.pos=+0.13 gripper.pos=+5.98
DEBUG 2026-09-03 08:59:35 [action #238] t=10.37s step=237 queue=12 dmax=1.222 | shoulder_pan.pos=+6.82 shoulder_lift.pos=-13.65 elbow_flex.pos=-2.05 wrist_flex.pos=+85.14 wrist_roll.pos=+0.05 gripper.pos=+6.05
DEBUG 2026-09-03 08:59:35 [action #239] t=10.40s step=238 queue=11 dmax=1.232 | shoulder_pan.pos=+8.05 shoulder_lift.pos=-13.34 elbow_flex.pos=-2.48 wrist_flex.pos=+84.94 wrist_roll.pos=+0.19 gripper.pos=+6.00
DEBUG 2026-09-03 08:59:35 [action #240] t=10.43s step=239 queue=10 dmax=1.021 | shoulder_pan.pos=+9.07 shoulder_lift.pos=-13.33 elbow_flex.pos=-3.35 wrist_flex.pos=+84.72 wrist_roll.pos=+0.23 gripper.pos=+6.07
DEBUG 2026-09-03 08:59:35 [action #241] t=10.47s step=240 queue=9 dmax=1.207 | shoulder_pan.pos=+10.28 shoulder_lift.pos=-12.45 elbow_flex.pos=-4.20 wrist_flex.pos=+84.45 wrist_roll.pos=+0.29 gripper.pos=+6.11
DEBUG 2026-09-03 08:59:35 [action #242] t=10.50s step=241 queue=8 dmax=0.841 | shoulder_pan.pos=+11.12 shoulder_lift.pos=-12.17 elbow_flex.pos=-4.72 wrist_flex.pos=+84.18 wrist_roll.pos=+0.66 gripper.pos=+5.96
DEBUG 2026-09-03 08:59:35 [action #243] t=10.53s step=242 queue=7 dmax=1.251 | shoulder_pan.pos=+12.37 shoulder_lift.pos=-11.59 elbow_flex.pos=-5.18 wrist_flex.pos=+83.75 wrist_roll.pos=+0.78 gripper.pos=+6.09
DEBUG 2026-09-03 08:59:35 [action #244] t=10.57s step=243 queue=6 dmax=1.294 | shoulder_pan.pos=+13.56 shoulder_lift.pos=-10.30 elbow_flex.pos=-6.07 wrist_flex.pos=+83.26 wrist_roll.pos=+0.98 gripper.pos=+6.13
DEBUG 2026-09-03 08:59:35 [action #245] t=10.60s step=244 queue=5 dmax=0.939 | shoulder_pan.pos=+14.50 shoulder_lift.pos=-10.00 elbow_flex.pos=-6.74 wrist_flex.pos=+82.63 wrist_roll.pos=+1.23 gripper.pos=+5.95
DEBUG 2026-09-03 08:59:35 [action #246] t=10.63s step=245 queue=4 dmax=1.055 | shoulder_pan.pos=+15.55 shoulder_lift.pos=-8.95 elbow_flex.pos=-7.55 wrist_flex.pos=+81.94 wrist_roll.pos=+1.39 gripper.pos=+6.08
DEBUG 2026-09-03 08:59:35 [action #247] t=10.67s step=246 queue=3 dmax=1.118 | shoulder_pan.pos=+16.67 shoulder_lift.pos=-8.20 elbow_flex.pos=-8.31 wrist_flex.pos=+81.28 wrist_roll.pos=+1.53 gripper.pos=+6.05
DEBUG 2026-09-03 08:59:35 [action #248] t=10.70s step=247 queue=2 dmax=1.393 | shoulder_pan.pos=+17.61 shoulder_lift.pos=-6.81 elbow_flex.pos=-9.37 wrist_flex.pos=+80.80 wrist_roll.pos=+1.65 gripper.pos=+5.94
DEBUG 2026-09-03 08:59:36 [action #249] t=10.73s step=248 queue=1 dmax=0.783 | shoulder_pan.pos=+18.35 shoulder_lift.pos=-6.02 elbow_flex.pos=-9.80 wrist_flex.pos=+80.35 wrist_roll.pos=+2.07 gripper.pos=+5.92
DEBUG 2026-09-03 08:59:36 [chunk] received 50 actions, timesteps 225..274 | first: shoulder_pan.pos=-31.79 shoulder_lift.pos=+19.19 elbow_flex.pos=-1.73 wrist_flex.pos=+71.11 wrist_roll.pos=+0.75 gripper.pos=+31.38 | last: shoulder_pan.pos=-23.43 shoulder_lift.pos=-1.30 elbow_flex.pos=-17.62 wrist_flex.pos=+91.78 wrist_roll.pos=-4.41 gripper.pos=+6.54
DEBUG 2026-09-03 08:59:36 [action #250] t=10.87s step=249 queue=26 dmax=53.043 | shoulder_pan.pos=-34.69 shoulder_lift.pos=+22.44 elbow_flex.pos=-13.58 wrist_flex.pos=+79.84 wrist_roll.pos=-4.18 gripper.pos=+8.59
DEBUG 2026-09-03 08:59:36 [action #251] t=10.90s step=250 queue=25 dmax=0.877 | shoulder_pan.pos=-34.88 shoulder_lift.pos=+22.01 elbow_flex.pos=-14.41 wrist_flex.pos=+80.72 wrist_roll.pos=-4.34 gripper.pos=+8.38
DEBUG 2026-09-03 08:59:36 [action #252] t=10.94s step=251 queue=24 dmax=0.720 | shoulder_pan.pos=-34.71 shoulder_lift.pos=+21.29 elbow_flex.pos=-14.40 wrist_flex.pos=+81.38 wrist_roll.pos=-4.38 gripper.pos=+8.34
DEBUG 2026-09-03 08:59:36 [action #253] t=10.97s step=252 queue=23 dmax=0.736 | shoulder_pan.pos=-34.67 shoulder_lift.pos=+20.70 elbow_flex.pos=-15.13 wrist_flex.pos=+82.07 wrist_roll.pos=-4.37 gripper.pos=+8.09
DEBUG 2026-09-03 08:59:36 [action #254] t=11.00s step=253 queue=22 dmax=0.932 | shoulder_pan.pos=-34.37 shoulder_lift.pos=+19.77 elbow_flex.pos=-15.58 wrist_flex.pos=+82.62 wrist_roll.pos=-4.43 gripper.pos=+7.87
DEBUG 2026-09-03 08:59:36 [action #255] t=11.04s step=254 queue=21 dmax=1.069 | shoulder_pan.pos=-34.72 shoulder_lift.pos=+18.70 elbow_flex.pos=-15.94 wrist_flex.pos=+83.08 wrist_roll.pos=-4.52 gripper.pos=+7.48
DEBUG 2026-09-03 08:59:36 [action #256] t=11.07s step=255 queue=20 dmax=0.902 | shoulder_pan.pos=-34.10 shoulder_lift.pos=+17.79 elbow_flex.pos=-16.61 wrist_flex.pos=+83.50 wrist_roll.pos=-4.47 gripper.pos=+7.22
DEBUG 2026-09-03 08:59:36 [action #257] t=11.10s step=256 queue=19 dmax=0.609 | shoulder_pan.pos=-34.24 shoulder_lift.pos=+18.02 elbow_flex.pos=-16.80 wrist_flex.pos=+84.11 wrist_roll.pos=-4.62 gripper.pos=+6.88
DEBUG 2026-09-03 08:59:36 [action #258] t=11.14s step=257 queue=18 dmax=1.407 | shoulder_pan.pos=-33.79 shoulder_lift.pos=+16.61 elbow_flex.pos=-17.25 wrist_flex.pos=+84.51 wrist_roll.pos=-4.57 gripper.pos=+6.99
DEBUG 2026-09-03 08:59:36 [action #259] t=11.17s step=258 queue=17 dmax=0.995 | shoulder_pan.pos=-33.38 shoulder_lift.pos=+15.62 elbow_flex.pos=-17.09 wrist_flex.pos=+84.96 wrist_roll.pos=-4.48 gripper.pos=+7.03
DEBUG 2026-09-03 08:59:36 [action #260] t=11.20s step=259 queue=16 dmax=1.113 | shoulder_pan.pos=-33.39 shoulder_lift.pos=+14.51 elbow_flex.pos=-17.42 wrist_flex.pos=+85.70 wrist_roll.pos=-4.44 gripper.pos=+7.07
DEBUG 2026-09-03 08:59:36 [action #261] t=11.24s step=260 queue=15 dmax=1.168 | shoulder_pan.pos=-33.13 shoulder_lift.pos=+13.34 elbow_flex.pos=-17.09 wrist_flex.pos=+86.05 wrist_roll.pos=-4.41 gripper.pos=+7.07
DEBUG 2026-09-03 08:59:36 [action #262] t=11.27s step=261 queue=14 dmax=1.401 | shoulder_pan.pos=-32.62 shoulder_lift.pos=+11.94 elbow_flex.pos=-17.47 wrist_flex.pos=+86.44 wrist_roll.pos=-4.44 gripper.pos=+7.16
DEBUG 2026-09-03 08:59:36 [action #263] t=11.30s step=262 queue=13 dmax=0.611 | shoulder_pan.pos=-32.01 shoulder_lift.pos=+11.65 elbow_flex.pos=-17.06 wrist_flex.pos=+86.90 wrist_roll.pos=-4.28 gripper.pos=+7.13
DEBUG 2026-09-03 08:59:36 [action #264] t=11.34s step=263 queue=12 dmax=1.834 | shoulder_pan.pos=-31.42 shoulder_lift.pos=+9.81 elbow_flex.pos=-17.96 wrist_flex.pos=+87.29 wrist_roll.pos=-4.40 gripper.pos=+7.10
DEBUG 2026-09-03 08:59:36 [action #265] t=11.37s step=264 queue=11 dmax=0.863 | shoulder_pan.pos=-30.78 shoulder_lift.pos=+8.95 elbow_flex.pos=-17.33 wrist_flex.pos=+87.68 wrist_roll.pos=-4.40 gripper.pos=+6.92
DEBUG 2026-09-03 08:59:36 [action #266] t=11.40s step=265 queue=10 dmax=1.073 | shoulder_pan.pos=-30.02 shoulder_lift.pos=+7.88 elbow_flex.pos=-17.33 wrist_flex.pos=+88.26 wrist_roll.pos=-4.39 gripper.pos=+6.94
DEBUG 2026-09-03 08:59:36 [action #267] t=11.44s step=266 queue=9 dmax=0.614 | shoulder_pan.pos=-30.01 shoulder_lift.pos=+7.28 elbow_flex.pos=-17.95 wrist_flex.pos=+88.87 wrist_roll.pos=-4.39 gripper.pos=+6.99
DEBUG 2026-09-03 08:59:36 [action #268] t=11.47s step=267 queue=8 dmax=1.022 | shoulder_pan.pos=-28.98 shoulder_lift.pos=+6.34 elbow_flex.pos=-18.05 wrist_flex.pos=+89.17 wrist_roll.pos=-4.21 gripper.pos=+6.88
DEBUG 2026-09-03 08:59:36 [action #269] t=11.50s step=268 queue=7 dmax=1.263 | shoulder_pan.pos=-28.48 shoulder_lift.pos=+5.07 elbow_flex.pos=-17.75 wrist_flex.pos=+89.64 wrist_roll.pos=-4.31 gripper.pos=+6.66
DEBUG 2026-09-03 08:59:36 [action #270] t=11.54s step=269 queue=6 dmax=1.068 | shoulder_pan.pos=-27.55 shoulder_lift.pos=+4.01 elbow_flex.pos=-18.10 wrist_flex.pos=+90.03 wrist_roll.pos=-4.41 gripper.pos=+6.83
DEBUG 2026-09-03 08:59:36 [action #271] t=11.57s step=270 queue=5 dmax=0.947 | shoulder_pan.pos=-26.60 shoulder_lift.pos=+3.36 elbow_flex.pos=-17.80 wrist_flex.pos=+90.36 wrist_roll.pos=-4.21 gripper.pos=+6.76
DEBUG 2026-09-03 08:59:36 [action #272] t=11.60s step=271 queue=4 dmax=1.739 | shoulder_pan.pos=-25.98 shoulder_lift.pos=+1.62 elbow_flex.pos=-17.78 wrist_flex.pos=+90.72 wrist_roll.pos=-4.30 gripper.pos=+6.67
DEBUG 2026-09-03 08:59:36 [action #273] t=11.64s step=272 queue=3 dmax=0.608 | shoulder_pan.pos=-25.37 shoulder_lift.pos=+1.03 elbow_flex.pos=-18.20 wrist_flex.pos=+91.04 wrist_roll.pos=-4.33 gripper.pos=+6.51
DEBUG 2026-09-03 08:59:36 [action #274] t=11.67s step=273 queue=2 dmax=1.232 | shoulder_pan.pos=-24.45 shoulder_lift.pos=-0.21 elbow_flex.pos=-17.76 wrist_flex.pos=+91.32 wrist_roll.pos=-4.38 gripper.pos=+6.56
DEBUG 2026-09-03 08:59:36 [action #275] t=11.70s step=274 queue=1 dmax=1.096 | shoulder_pan.pos=-23.43 shoulder_lift.pos=-1.30 elbow_flex.pos=-17.62 wrist_flex.pos=+91.78 wrist_roll.pos=-4.41 gripper.pos=+6.54
DEBUG 2026-09-03 08:59:37 [chunk] received 50 actions, timesteps 248..297 | first: shoulder_pan.pos=+14.20 shoulder_lift.pos=-17.47 elbow_flex.pos=+3.53 wrist_flex.pos=+81.47 wrist_roll.pos=+0.93 gripper.pos=+3.82 | last: shoulder_pan.pos=+1.33 shoulder_lift.pos=-78.89 elbow_flex.pos=+67.86 wrist_flex.pos=+67.50 wrist_roll.pos=-0.97 gripper.pos=+1.05
DEBUG 2026-09-03 08:59:37 [action #276] t=11.74s step=275 queue=23 dmax=58.259 | shoulder_pan.pos=-2.05 shoulder_lift.pos=-54.49 elbow_flex.pos=+40.63 wrist_flex.pos=+76.18 wrist_roll.pos=+1.91 gripper.pos=+2.32
DEBUG 2026-09-03 08:59:37 [action #277] t=11.77s step=276 queue=22 dmax=0.827 | shoulder_pan.pos=-2.62 shoulder_lift.pos=-55.31 elbow_flex.pos=+40.95 wrist_flex.pos=+75.58 wrist_roll.pos=+2.05 gripper.pos=+2.64
DEBUG 2026-09-03 08:59:37 [action #278] t=11.80s step=277 queue=21 dmax=2.182 | shoulder_pan.pos=-3.03 shoulder_lift.pos=-56.79 elbow_flex.pos=+43.14 wrist_flex.pos=+75.14 wrist_roll.pos=+2.13 gripper.pos=+2.29
DEBUG 2026-09-03 08:59:37 [action #279] t=11.84s step=278 queue=20 dmax=1.952 | shoulder_pan.pos=-3.24 shoulder_lift.pos=-58.69 elbow_flex.pos=+45.09 wrist_flex.pos=+74.71 wrist_roll.pos=+2.03 gripper.pos=+2.24
DEBUG 2026-09-03 08:59:37 [action #280] t=11.87s step=279 queue=19 dmax=1.113 | shoulder_pan.pos=-3.39 shoulder_lift.pos=-59.73 elbow_flex.pos=+46.20 wrist_flex.pos=+74.26 wrist_roll.pos=+1.94 gripper.pos=+2.22
DEBUG 2026-09-03 08:59:37 [action #281] t=11.91s step=280 queue=18 dmax=1.676 | shoulder_pan.pos=-3.56 shoulder_lift.pos=-61.41 elbow_flex.pos=+46.97 wrist_flex.pos=+74.24 wrist_roll.pos=+2.09 gripper.pos=+2.26
DEBUG 2026-09-03 08:59:37 [action #282] t=11.94s step=281 queue=17 dmax=1.614 | shoulder_pan.pos=-3.46 shoulder_lift.pos=-63.02 elbow_flex.pos=+48.01 wrist_flex.pos=+73.65 wrist_roll.pos=+2.02 gripper.pos=+2.26
DEBUG 2026-09-03 08:59:37 [action #283] t=11.97s step=282 queue=16 dmax=1.680 | shoulder_pan.pos=-2.99 shoulder_lift.pos=-64.12 elbow_flex.pos=+49.69 wrist_flex.pos=+73.46 wrist_roll.pos=+2.02 gripper.pos=+2.23
DEBUG 2026-09-03 08:59:37 [action #284] t=12.01s step=283 queue=15 dmax=2.636 | shoulder_pan.pos=-2.86 shoulder_lift.pos=-66.76 elbow_flex.pos=+50.80 wrist_flex.pos=+73.21 wrist_roll.pos=+2.10 gripper.pos=+1.92
DEBUG 2026-09-03 08:59:37 [action #285] t=12.04s step=284 queue=14 dmax=2.535 | shoulder_pan.pos=-2.53 shoulder_lift.pos=-67.15 elbow_flex.pos=+53.34 wrist_flex.pos=+72.68 wrist_roll.pos=+1.97 gripper.pos=+2.16
DEBUG 2026-09-03 08:59:37 [action #286] t=12.07s step=285 queue=13 dmax=1.417 | shoulder_pan.pos=-2.26 shoulder_lift.pos=-68.57 elbow_flex.pos=+54.16 wrist_flex.pos=+72.20 wrist_roll.pos=+2.06 gripper.pos=+1.89
DEBUG 2026-09-03 08:59:37 [action #287] t=12.11s step=286 queue=12 dmax=1.391 | shoulder_pan.pos=-2.00 shoulder_lift.pos=-69.96 elbow_flex.pos=+55.21 wrist_flex.pos=+71.71 wrist_roll.pos=+2.01 gripper.pos=+1.88
DEBUG 2026-09-03 08:59:37 [action #288] t=12.14s step=287 queue=11 dmax=1.020 | shoulder_pan.pos=-1.32 shoulder_lift.pos=-70.63 elbow_flex.pos=+56.23 wrist_flex.pos=+71.15 wrist_roll.pos=+2.00 gripper.pos=+1.75
DEBUG 2026-09-03 08:59:37 [action #289] t=12.17s step=288 queue=10 dmax=1.809 | shoulder_pan.pos=-0.81 shoulder_lift.pos=-71.59 elbow_flex.pos=+58.04 wrist_flex.pos=+70.74 wrist_roll.pos=+1.98 gripper.pos=+1.73
DEBUG 2026-09-03 08:59:37 [action #290] t=12.21s step=289 queue=9 dmax=0.540 | shoulder_pan.pos=-0.65 shoulder_lift.pos=-72.13 elbow_flex.pos=+58.52 wrist_flex.pos=+70.28 wrist_roll.pos=+2.06 gripper.pos=+1.72
DEBUG 2026-09-03 08:59:37 [action #291] t=12.24s step=290 queue=8 dmax=1.501 | shoulder_pan.pos=-0.25 shoulder_lift.pos=-73.63 elbow_flex.pos=+59.52 wrist_flex.pos=+70.19 wrist_roll.pos=+1.99 gripper.pos=+1.69
DEBUG 2026-09-03 08:59:37 [action #292] t=12.27s step=291 queue=7 dmax=1.450 | shoulder_pan.pos=+0.14 shoulder_lift.pos=-74.20 elbow_flex.pos=+60.97 wrist_flex.pos=+69.58 wrist_roll.pos=+1.89 gripper.pos=+1.29
DEBUG 2026-09-03 08:59:37 [action #293] t=12.31s step=292 queue=6 dmax=1.116 | shoulder_pan.pos=+0.27 shoulder_lift.pos=-75.32 elbow_flex.pos=+62.07 wrist_flex.pos=+69.35 wrist_roll.pos=+1.70 gripper.pos=+1.17
DEBUG 2026-09-03 08:59:37 [action #294] t=12.34s step=293 queue=5 dmax=0.783 | shoulder_pan.pos=+0.96 shoulder_lift.pos=-75.92 elbow_flex.pos=+62.85 wrist_flex.pos=+68.93 wrist_roll.pos=+1.33 gripper.pos=+1.24
DEBUG 2026-09-03 08:59:37 [action #295] t=12.37s step=294 queue=4 dmax=1.603 | shoulder_pan.pos=+0.73 shoulder_lift.pos=-76.51 elbow_flex.pos=+64.45 wrist_flex.pos=+68.68 wrist_roll.pos=+0.29 gripper.pos=+1.09
DEBUG 2026-09-03 08:59:37 [action #296] t=12.41s step=295 queue=3 dmax=0.883 | shoulder_pan.pos=+0.96 shoulder_lift.pos=-77.33 elbow_flex.pos=+65.34 wrist_flex.pos=+68.24 wrist_roll.pos=-0.51 gripper.pos=+1.03
DEBUG 2026-09-03 08:59:37 [action #297] t=12.44s step=296 queue=2 dmax=1.163 | shoulder_pan.pos=+1.32 shoulder_lift.pos=-78.49 elbow_flex.pos=+65.70 wrist_flex.pos=+67.81 wrist_roll.pos=-0.66 gripper.pos=+1.09
DEBUG 2026-09-03 08:59:37 [action #298] t=12.47s step=297 queue=1 dmax=2.154 | shoulder_pan.pos=+1.33 shoulder_lift.pos=-78.89 elbow_flex.pos=+67.86 wrist_flex.pos=+67.50 wrist_roll.pos=-0.97 gripper.pos=+1.05
DEBUG 2026-09-03 08:59:37 [chunk] received 50 actions, timesteps 274..323 | first: shoulder_pan.pos=-28.20 shoulder_lift.pos=+6.19 elbow_flex.pos=-16.69 wrist_flex.pos=+90.88 wrist_roll.pos=-4.16 gripper.pos=+8.21 | last: shoulder_pan.pos=-31.86 shoulder_lift.pos=+26.67 elbow_flex.pos=-12.41 wrist_flex.pos=+89.03 wrist_roll.pos=-1.18 gripper.pos=+33.93
DEBUG 2026-09-03 08:59:37 [action #299] t=12.64s step=298 queue=26 dmax=94.171 | shoulder_pan.pos=-31.30 shoulder_lift.pos=+15.28 elbow_flex.pos=-9.74 wrist_flex.pos=+87.20 wrist_roll.pos=-1.22 gripper.pos=+30.78
DEBUG 2026-09-03 08:59:37 [action #300] t=12.67s step=299 queue=25 dmax=0.737 | shoulder_pan.pos=-31.30 shoulder_lift.pos=+15.34 elbow_flex.pos=-9.01 wrist_flex.pos=+86.93 wrist_roll.pos=-1.13 gripper.pos=+30.71
DEBUG 2026-09-03 08:59:37 [action #301] t=12.71s step=300 queue=24 dmax=0.438 | shoulder_pan.pos=-31.18 shoulder_lift.pos=+15.78 elbow_flex.pos=-8.80 wrist_flex.pos=+86.61 wrist_roll.pos=-1.03 gripper.pos=+30.52
DEBUG 2026-09-03 08:59:38 [action #302] t=12.74s step=301 queue=23 dmax=0.427 | shoulder_pan.pos=-31.23 shoulder_lift.pos=+15.37 elbow_flex.pos=-8.37 wrist_flex.pos=+86.22 wrist_roll.pos=-1.00 gripper.pos=+30.28
DEBUG 2026-09-03 08:59:38 [action #303] t=12.77s step=302 queue=22 dmax=1.117 | shoulder_pan.pos=-30.99 shoulder_lift.pos=+16.49 elbow_flex.pos=-7.94 wrist_flex.pos=+85.99 wrist_roll.pos=-0.97 gripper.pos=+30.24
DEBUG 2026-09-03 08:59:38 [action #304] t=12.81s step=303 queue=21 dmax=0.431 | shoulder_pan.pos=-31.06 shoulder_lift.pos=+16.33 elbow_flex.pos=-8.37 wrist_flex.pos=+86.07 wrist_roll.pos=-0.84 gripper.pos=+30.31
DEBUG 2026-09-03 08:59:38 [action #305] t=12.84s step=304 queue=20 dmax=0.644 | shoulder_pan.pos=-31.20 shoulder_lift.pos=+16.98 elbow_flex.pos=-8.06 wrist_flex.pos=+86.04 wrist_roll.pos=-0.86 gripper.pos=+30.17
DEBUG 2026-09-03 08:59:38 [action #306] t=12.87s step=305 queue=19 dmax=0.449 | shoulder_pan.pos=-30.75 shoulder_lift.pos=+17.07 elbow_flex.pos=-8.26 wrist_flex.pos=+85.89 wrist_roll.pos=-0.88 gripper.pos=+30.33
DEBUG 2026-09-03 08:59:38 [action #307] t=12.91s step=306 queue=18 dmax=0.274 | shoulder_pan.pos=-30.99 shoulder_lift.pos=+17.35 elbow_flex.pos=-8.16 wrist_flex.pos=+85.75 wrist_roll.pos=-0.98 gripper.pos=+30.42
DEBUG 2026-09-03 08:59:38 [action #308] t=12.94s step=307 queue=17 dmax=0.553 | shoulder_pan.pos=-30.90 shoulder_lift.pos=+17.90 elbow_flex.pos=-8.49 wrist_flex.pos=+86.12 wrist_roll.pos=-1.08 gripper.pos=+30.52
DEBUG 2026-09-03 08:59:38 [action #309] t=12.98s step=308 queue=16 dmax=0.471 | shoulder_pan.pos=-30.89 shoulder_lift.pos=+18.37 elbow_flex.pos=-8.78 wrist_flex.pos=+86.43 wrist_roll.pos=-1.15 gripper.pos=+30.79
DEBUG 2026-09-03 08:59:38 [action #310] t=13.01s step=309 queue=15 dmax=0.493 | shoulder_pan.pos=-30.94 shoulder_lift.pos=+18.86 elbow_flex.pos=-8.98 wrist_flex.pos=+86.58 wrist_roll.pos=-1.31 gripper.pos=+31.20
DEBUG 2026-09-03 08:59:38 [action #311] t=13.04s step=310 queue=14 dmax=0.576 | shoulder_pan.pos=-30.95 shoulder_lift.pos=+19.05 elbow_flex.pos=-9.24 wrist_flex.pos=+86.94 wrist_roll.pos=-1.30 gripper.pos=+31.77
DEBUG 2026-09-03 08:59:38 [action #312] t=13.08s step=311 queue=13 dmax=0.951 | shoulder_pan.pos=-31.12 shoulder_lift.pos=+19.88 elbow_flex.pos=-9.73 wrist_flex.pos=+87.43 wrist_roll.pos=-1.33 gripper.pos=+32.73
DEBUG 2026-09-03 08:59:38 [action #313] t=13.11s step=312 queue=12 dmax=0.673 | shoulder_pan.pos=-31.02 shoulder_lift.pos=+20.56 elbow_flex.pos=-9.95 wrist_flex.pos=+87.85 wrist_roll.pos=-1.22 gripper.pos=+33.22
DEBUG 2026-09-03 08:59:38 [action #314] t=13.14s step=313 queue=11 dmax=1.228 | shoulder_pan.pos=-31.15 shoulder_lift.pos=+21.78 elbow_flex.pos=-10.37 wrist_flex.pos=+87.95 wrist_roll.pos=-1.23 gripper.pos=+33.37
DEBUG 2026-09-03 08:59:38 [action #315] t=13.18s step=314 queue=10 dmax=0.375 | shoulder_pan.pos=-31.30 shoulder_lift.pos=+21.92 elbow_flex.pos=-10.68 wrist_flex.pos=+88.33 wrist_roll.pos=-1.22 gripper.pos=+33.56
DEBUG 2026-09-03 08:59:38 [action #316] t=13.21s step=315 queue=9 dmax=0.490 | shoulder_pan.pos=-31.35 shoulder_lift.pos=+22.41 elbow_flex.pos=-10.65 wrist_flex.pos=+88.52 wrist_roll.pos=-1.24 gripper.pos=+33.77
DEBUG 2026-09-03 08:59:38 [action #317] t=13.24s step=316 queue=8 dmax=0.984 | shoulder_pan.pos=-31.57 shoulder_lift.pos=+23.39 elbow_flex.pos=-10.99 wrist_flex.pos=+88.78 wrist_roll.pos=-1.21 gripper.pos=+33.84
DEBUG 2026-09-03 08:59:38 [action #318] t=13.28s step=317 queue=7 dmax=0.582 | shoulder_pan.pos=-31.51 shoulder_lift.pos=+23.97 elbow_flex.pos=-11.51 wrist_flex.pos=+89.16 wrist_roll.pos=-1.13 gripper.pos=+33.81
DEBUG 2026-09-03 08:59:38 [action #319] t=13.31s step=318 queue=6 dmax=0.593 | shoulder_pan.pos=-31.66 shoulder_lift.pos=+24.57 elbow_flex.pos=-11.15 wrist_flex.pos=+89.10 wrist_roll.pos=-1.13 gripper.pos=+33.90
DEBUG 2026-09-03 08:59:38 [action #320] t=13.34s step=319 queue=5 dmax=0.473 | shoulder_pan.pos=-31.85 shoulder_lift.pos=+25.04 elbow_flex.pos=-11.51 wrist_flex.pos=+89.34 wrist_roll.pos=-1.05 gripper.pos=+33.88
DEBUG 2026-09-03 08:59:38 [action #321] t=13.38s step=320 queue=4 dmax=0.282 | shoulder_pan.pos=-31.56 shoulder_lift.pos=+25.20 elbow_flex.pos=-11.62 wrist_flex.pos=+89.11 wrist_roll.pos=-1.22 gripper.pos=+33.84
DEBUG 2026-09-03 08:59:38 [action #322] t=13.41s step=321 queue=3 dmax=0.634 | shoulder_pan.pos=-31.75 shoulder_lift.pos=+25.84 elbow_flex.pos=-12.16 wrist_flex.pos=+89.17 wrist_roll.pos=-0.99 gripper.pos=+33.94
DEBUG 2026-09-03 08:59:38 [action #323] t=13.44s step=322 queue=2 dmax=0.938 | shoulder_pan.pos=-31.75 shoulder_lift.pos=+26.78 elbow_flex.pos=-12.60 wrist_flex.pos=+88.94 wrist_roll.pos=-1.01 gripper.pos=+33.96
DEBUG 2026-09-03 08:59:38 [action #324] t=13.48s step=323 queue=1 dmax=0.192 | shoulder_pan.pos=-31.86 shoulder_lift.pos=+26.67 elbow_flex.pos=-12.41 wrist_flex.pos=+89.03 wrist_roll.pos=-1.18 gripper.pos=+33.93
DEBUG 2026-09-03 08:59:38 [chunk] received 50 actions, timesteps 297..346 | first: shoulder_pan.pos=+2.22 shoulder_lift.pos=-76.38 elbow_flex.pos=+61.88 wrist_flex.pos=+69.37 wrist_roll.pos=-1.13 gripper.pos=+0.88 | last: shoulder_pan.pos=+0.86 shoulder_lift.pos=-61.01 elbow_flex.pos=+48.65 wrist_flex.pos=+77.25 wrist_roll.pos=+8.61 gripper.pos=+36.17
DEBUG 2026-09-03 08:59:38 [action #325] t=13.54s step=324 queue=23 dmax=88.347 | shoulder_pan.pos=-0.25 shoulder_lift.pos=-61.68 elbow_flex.pos=+45.45 wrist_flex.pos=+76.26 wrist_roll.pos=+3.32 gripper.pos=+0.45
DEBUG 2026-09-03 08:59:38 [action #326] t=13.58s step=325 queue=22 dmax=1.164 | shoulder_pan.pos=-0.14 shoulder_lift.pos=-60.51 elbow_flex.pos=+44.72 wrist_flex.pos=+76.68 wrist_roll.pos=+3.56 gripper.pos=+1.29
DEBUG 2026-09-03 08:59:38 [action #327] t=13.61s step=326 queue=21 dmax=2.274 | shoulder_pan.pos=-0.05 shoulder_lift.pos=-60.60 elbow_flex.pos=+43.82 wrist_flex.pos=+76.88 wrist_roll.pos=+3.73 gripper.pos=+3.56
DEBUG 2026-09-03 08:59:38 [action #328] t=13.64s step=327 queue=20 dmax=3.001 | shoulder_pan.pos=-0.05 shoulder_lift.pos=-59.89 elbow_flex.pos=+43.56 wrist_flex.pos=+77.56 wrist_roll.pos=+3.91 gripper.pos=+6.56
DEBUG 2026-09-03 08:59:38 [action #329] t=13.68s step=328 queue=19 dmax=3.000 | shoulder_pan.pos=+0.04 shoulder_lift.pos=-59.86 elbow_flex.pos=+43.12 wrist_flex.pos=+77.98 wrist_roll.pos=+3.85 gripper.pos=+9.56
DEBUG 2026-09-03 08:59:38 [action #330] t=13.71s step=329 queue=18 dmax=2.797 | shoulder_pan.pos=-0.11 shoulder_lift.pos=-59.69 elbow_flex.pos=+43.52 wrist_flex.pos=+78.69 wrist_roll.pos=+3.86 gripper.pos=+12.36
DEBUG 2026-09-03 08:59:39 [action #331] t=13.74s step=330 queue=17 dmax=2.277 | shoulder_pan.pos=-0.49 shoulder_lift.pos=-59.49 elbow_flex.pos=+42.97 wrist_flex.pos=+78.86 wrist_roll.pos=+3.76 gripper.pos=+14.64
DEBUG 2026-09-03 08:59:39 [action #332] t=13.78s step=331 queue=16 dmax=1.976 | shoulder_pan.pos=+0.10 shoulder_lift.pos=-59.17 elbow_flex.pos=+43.52 wrist_flex.pos=+78.90 wrist_roll.pos=+3.86 gripper.pos=+16.61
DEBUG 2026-09-03 08:59:39 [action #333] t=13.81s step=332 queue=15 dmax=1.687 | shoulder_pan.pos=-0.00 shoulder_lift.pos=-60.16 elbow_flex.pos=+43.60 wrist_flex.pos=+79.31 wrist_roll.pos=+3.95 gripper.pos=+18.30
DEBUG 2026-09-03 08:59:39 [action #334] t=13.84s step=333 queue=14 dmax=1.569 | shoulder_pan.pos=+0.06 shoulder_lift.pos=-59.73 elbow_flex.pos=+43.64 wrist_flex.pos=+79.37 wrist_roll.pos=+4.30 gripper.pos=+19.87
DEBUG 2026-09-03 08:59:39 [action #335] t=13.88s step=334 queue=13 dmax=1.706 | shoulder_pan.pos=+0.39 shoulder_lift.pos=-59.75 elbow_flex.pos=+44.63 wrist_flex.pos=+79.33 wrist_roll.pos=+4.81 gripper.pos=+21.58
DEBUG 2026-09-03 08:59:39 [action #336] t=13.91s step=335 queue=12 dmax=1.615 | shoulder_pan.pos=+0.57 shoulder_lift.pos=-59.76 elbow_flex.pos=+44.62 wrist_flex.pos=+79.22 wrist_roll.pos=+5.08 gripper.pos=+23.19
DEBUG 2026-09-03 08:59:39 [action #337] t=13.95s step=336 queue=11 dmax=1.670 | shoulder_pan.pos=+0.84 shoulder_lift.pos=-59.74 elbow_flex.pos=+44.65 wrist_flex.pos=+79.16 wrist_roll.pos=+5.45 gripper.pos=+24.86
DEBUG 2026-09-03 08:59:39 [action #338] t=13.98s step=337 queue=10 dmax=1.450 | shoulder_pan.pos=+0.83 shoulder_lift.pos=-60.24 elbow_flex.pos=+45.27 wrist_flex.pos=+79.12 wrist_roll.pos=+5.87 gripper.pos=+26.31
DEBUG 2026-09-03 08:59:39 [action #339] t=14.01s step=338 queue=9 dmax=1.349 | shoulder_pan.pos=+0.78 shoulder_lift.pos=-60.63 elbow_flex.pos=+45.99 wrist_flex.pos=+78.99 wrist_roll.pos=+6.36 gripper.pos=+27.66
DEBUG 2026-09-03 08:59:39 [action #340] t=14.05s step=339 queue=8 dmax=0.988 | shoulder_pan.pos=+1.16 shoulder_lift.pos=-60.45 elbow_flex.pos=+45.67 wrist_flex.pos=+78.73 wrist_roll.pos=+6.65 gripper.pos=+28.65
DEBUG 2026-09-03 08:59:39 [action #341] t=14.08s step=340 queue=7 dmax=1.290 | shoulder_pan.pos=+1.11 shoulder_lift.pos=-60.87 elbow_flex.pos=+46.96 wrist_flex.pos=+78.45 wrist_roll.pos=+7.05 gripper.pos=+29.44
DEBUG 2026-09-03 08:59:39 [action #342] t=14.11s step=341 queue=6 dmax=0.765 | shoulder_pan.pos=+0.86 shoulder_lift.pos=-60.85 elbow_flex.pos=+47.41 wrist_flex.pos=+78.30 wrist_roll.pos=+7.30 gripper.pos=+30.21
DEBUG 2026-09-03 08:59:39 [action #343] t=14.15s step=342 queue=5 dmax=1.220 | shoulder_pan.pos=+1.11 shoulder_lift.pos=-61.53 elbow_flex.pos=+48.10 wrist_flex.pos=+77.98 wrist_roll.pos=+7.37 gripper.pos=+31.43
DEBUG 2026-09-03 08:59:39 [action #344] t=14.18s step=343 queue=4 dmax=1.131 | shoulder_pan.pos=+0.89 shoulder_lift.pos=-61.22 elbow_flex.pos=+48.13 wrist_flex.pos=+77.82 wrist_roll.pos=+7.69 gripper.pos=+32.56
DEBUG 2026-09-03 08:59:39 [action #345] t=14.21s step=344 queue=3 dmax=1.239 | shoulder_pan.pos=+0.64 shoulder_lift.pos=-61.35 elbow_flex.pos=+48.89 wrist_flex.pos=+77.70 wrist_roll.pos=+7.82 gripper.pos=+33.80
DEBUG 2026-09-03 08:59:39 [action #346] t=14.25s step=345 queue=2 dmax=1.514 | shoulder_pan.pos=+0.73 shoulder_lift.pos=-61.05 elbow_flex.pos=+49.21 wrist_flex.pos=+77.53 wrist_roll.pos=+8.38 gripper.pos=+35.31
DEBUG 2026-09-03 08:59:39 [action #347] t=14.28s step=346 queue=1 dmax=0.854 | shoulder_pan.pos=+0.86 shoulder_lift.pos=-61.01 elbow_flex.pos=+48.65 wrist_flex.pos=+77.25 wrist_roll.pos=+8.61 gripper.pos=+36.17
DEBUG 2026-09-03 08:59:39 [chunk] received 50 actions, timesteps 323..372 | first: shoulder_pan.pos=-32.45 shoulder_lift.pos=+26.26 elbow_flex.pos=-14.82 wrist_flex.pos=+89.81 wrist_roll.pos=-0.63 gripper.pos=+33.57 | last: shoulder_pan.pos=-33.94 shoulder_lift.pos=+28.62 elbow_flex.pos=-34.05 wrist_flex.pos=+97.21 wrist_roll.pos=-4.49 gripper.pos=+4.87
DEBUG 2026-09-03 08:59:39 [action #348] t=14.41s step=347 queue=26 dmax=98.365 | shoulder_pan.pos=-33.35 shoulder_lift.pos=+37.36 elbow_flex.pos=-18.51 wrist_flex.pos=+84.60 wrist_roll.pos=-1.75 gripper.pos=+13.97
DEBUG 2026-09-03 08:59:39 [action #349] t=14.45s step=348 queue=25 dmax=1.486 | shoulder_pan.pos=-33.53 shoulder_lift.pos=+37.64 elbow_flex.pos=-18.96 wrist_flex.pos=+84.42 wrist_roll.pos=-2.08 gripper.pos=+12.48
DEBUG 2026-09-03 08:59:39 [action #350] t=14.48s step=349 queue=24 dmax=1.267 | shoulder_pan.pos=-33.47 shoulder_lift.pos=+37.35 elbow_flex.pos=-18.80 wrist_flex.pos=+84.43 wrist_roll.pos=-2.38 gripper.pos=+11.21
DEBUG 2026-09-03 08:59:39 [action #351] t=14.51s step=350 queue=23 dmax=1.006 | shoulder_pan.pos=-33.31 shoulder_lift.pos=+37.27 elbow_flex.pos=-19.81 wrist_flex.pos=+84.29 wrist_roll.pos=-2.75 gripper.pos=+10.24
DEBUG 2026-09-03 08:59:39 [action #352] t=14.55s step=351 queue=22 dmax=0.822 | shoulder_pan.pos=-33.52 shoulder_lift.pos=+37.24 elbow_flex.pos=-20.38 wrist_flex.pos=+84.12 wrist_roll.pos=-2.99 gripper.pos=+9.42
DEBUG 2026-09-03 08:59:39 [action #353] t=14.58s step=352 queue=21 dmax=0.961 | shoulder_pan.pos=-33.68 shoulder_lift.pos=+36.86 elbow_flex.pos=-19.42 wrist_flex.pos=+84.36 wrist_roll.pos=-3.10 gripper.pos=+8.69
DEBUG 2026-09-03 08:59:39 [action #354] t=14.61s step=353 queue=20 dmax=0.979 | shoulder_pan.pos=-33.55 shoulder_lift.pos=+37.22 elbow_flex.pos=-20.40 wrist_flex.pos=+84.45 wrist_roll.pos=-3.16 gripper.pos=+7.76
DEBUG 2026-09-03 08:59:39 [action #355] t=14.65s step=354 queue=19 dmax=0.916 | shoulder_pan.pos=-33.77 shoulder_lift.pos=+37.28 elbow_flex.pos=-20.78 wrist_flex.pos=+84.54 wrist_roll.pos=-3.22 gripper.pos=+6.85
DEBUG 2026-09-03 08:59:39 [action #356] t=14.68s step=355 queue=18 dmax=0.502 | shoulder_pan.pos=-33.70 shoulder_lift.pos=+37.38 elbow_flex.pos=-21.22 wrist_flex.pos=+84.81 wrist_roll.pos=-3.13 gripper.pos=+6.35
DEBUG 2026-09-03 08:59:39 [action #357] t=14.71s step=356 queue=17 dmax=0.659 | shoulder_pan.pos=-33.78 shoulder_lift.pos=+36.72 elbow_flex.pos=-21.57 wrist_flex.pos=+85.30 wrist_roll.pos=-3.28 gripper.pos=+6.18
DEBUG 2026-09-03 08:59:40 [action #358] t=14.75s step=357 queue=16 dmax=1.092 | shoulder_pan.pos=-33.95 shoulder_lift.pos=+36.90 elbow_flex.pos=-22.67 wrist_flex.pos=+85.85 wrist_roll.pos=-3.32 gripper.pos=+5.81
DEBUG 2026-09-03 08:59:40 [action #359] t=14.78s step=358 queue=15 dmax=0.522 | shoulder_pan.pos=-34.00 shoulder_lift.pos=+36.94 elbow_flex.pos=-23.02 wrist_flex.pos=+86.37 wrist_roll.pos=-3.58 gripper.pos=+5.72
DEBUG 2026-09-03 08:59:40 [action #360] t=14.81s step=359 queue=14 dmax=1.083 | shoulder_pan.pos=-34.04 shoulder_lift.pos=+36.39 elbow_flex.pos=-24.00 wrist_flex.pos=+87.45 wrist_roll.pos=-3.67 gripper.pos=+5.72
DEBUG 2026-09-03 08:59:40 [action #361] t=14.85s step=360 queue=13 dmax=0.639 | shoulder_pan.pos=-33.97 shoulder_lift.pos=+35.85 elbow_flex.pos=-24.24 wrist_flex.pos=+88.09 wrist_roll.pos=-3.74 gripper.pos=+5.74
DEBUG 2026-09-03 08:59:40 [action #362] t=14.88s step=361 queue=12 dmax=0.838 | shoulder_pan.pos=-34.34 shoulder_lift.pos=+35.98 elbow_flex.pos=-25.08 wrist_flex.pos=+88.86 wrist_roll.pos=-3.93 gripper.pos=+5.61
DEBUG 2026-09-03 08:59:40 [action #363] t=14.91s step=362 queue=11 dmax=1.420 | shoulder_pan.pos=-34.84 shoulder_lift.pos=+35.30 elbow_flex.pos=-26.50 wrist_flex.pos=+89.59 wrist_roll.pos=-3.81 gripper.pos=+5.31
DEBUG 2026-09-03 08:59:40 [action #364] t=14.95s step=363 queue=10 dmax=0.902 | shoulder_pan.pos=-34.67 shoulder_lift.pos=+34.40 elbow_flex.pos=-26.30 wrist_flex.pos=+90.06 wrist_roll.pos=-3.85 gripper.pos=+5.13
DEBUG 2026-09-03 08:59:40 [action #365] t=14.98s step=364 queue=9 dmax=0.756 | shoulder_pan.pos=-34.45 shoulder_lift.pos=+33.85 elbow_flex.pos=-26.85 wrist_flex.pos=+90.82 wrist_roll.pos=-3.95 gripper.pos=+5.00
DEBUG 2026-09-03 08:59:40 [action #366] t=15.02s step=365 queue=8 dmax=0.901 | shoulder_pan.pos=-34.53 shoulder_lift.pos=+33.64 elbow_flex.pos=-27.75 wrist_flex.pos=+91.58 wrist_roll.pos=-4.10 gripper.pos=+4.83
DEBUG 2026-09-03 08:59:40 [action #367] t=15.05s step=366 queue=7 dmax=1.272 | shoulder_pan.pos=-34.58 shoulder_lift.pos=+33.23 elbow_flex.pos=-29.02 wrist_flex.pos=+92.63 wrist_roll.pos=-4.14 gripper.pos=+4.72
DEBUG 2026-09-03 08:59:40 [action #368] t=15.08s step=367 queue=6 dmax=1.041 | shoulder_pan.pos=-34.61 shoulder_lift.pos=+32.19 elbow_flex.pos=-29.87 wrist_flex.pos=+93.46 wrist_roll.pos=-4.12 gripper.pos=+4.60
DEBUG 2026-09-03 08:59:40 [action #369] t=15.12s step=368 queue=5 dmax=0.859 | shoulder_pan.pos=-34.32 shoulder_lift.pos=+31.85 elbow_flex.pos=-30.73 wrist_flex.pos=+94.25 wrist_roll.pos=-4.26 gripper.pos=+4.67
DEBUG 2026-09-03 08:59:40 [action #370] t=15.15s step=369 queue=4 dmax=1.026 | shoulder_pan.pos=-34.26 shoulder_lift.pos=+31.40 elbow_flex.pos=-31.75 wrist_flex.pos=+94.86 wrist_roll.pos=-4.40 gripper.pos=+4.70
DEBUG 2026-09-03 08:59:40 [action #371] t=15.18s step=370 queue=3 dmax=0.935 | shoulder_pan.pos=-34.23 shoulder_lift.pos=+30.54 elbow_flex.pos=-32.69 wrist_flex.pos=+95.60 wrist_roll.pos=-4.38 gripper.pos=+4.77
DEBUG 2026-09-03 08:59:40 [action #372] t=15.22s step=371 queue=2 dmax=1.221 | shoulder_pan.pos=-34.12 shoulder_lift.pos=+29.32 elbow_flex.pos=-33.78 wrist_flex.pos=+96.52 wrist_roll.pos=-4.44 gripper.pos=+4.81
DEBUG 2026-09-03 08:59:40 [action #373] t=15.25s step=372 queue=1 dmax=0.700 | shoulder_pan.pos=-33.94 shoulder_lift.pos=+28.62 elbow_flex.pos=-34.05 wrist_flex.pos=+97.21 wrist_roll.pos=-4.49 gripper.pos=+4.87
DEBUG 2026-09-03 08:59:40 [chunk] received 50 actions, timesteps 346..395 | first: shoulder_pan.pos=+0.71 shoulder_lift.pos=-62.02 elbow_flex.pos=+51.60 wrist_flex.pos=+78.09 wrist_roll.pos=+8.14 gripper.pos=+35.98 | last: shoulder_pan.pos=-3.20 shoulder_lift.pos=-46.40 elbow_flex.pos=+54.44 wrist_flex.pos=+72.38 wrist_roll.pos=+9.41 gripper.pos=+40.27
DEBUG 2026-09-03 08:59:40 [action #374] t=15.35s step=373 queue=23 dmax=89.801 | shoulder_pan.pos=-2.23 shoulder_lift.pos=-61.18 elbow_flex.pos=+53.93 wrist_flex.pos=+81.08 wrist_roll.pos=+9.70 gripper.pos=+38.69
DEBUG 2026-09-03 08:59:40 [action #375] t=15.38s step=374 queue=22 dmax=0.758 | shoulder_pan.pos=-2.11 shoulder_lift.pos=-60.42 elbow_flex.pos=+53.84 wrist_flex.pos=+80.54 wrist_roll.pos=+9.64 gripper.pos=+38.62
DEBUG 2026-09-03 08:59:40 [action #376] t=15.42s step=375 queue=21 dmax=1.718 | shoulder_pan.pos=-2.13 shoulder_lift.pos=-58.71 elbow_flex.pos=+53.20 wrist_flex.pos=+80.18 wrist_roll.pos=+9.43 gripper.pos=+38.54
DEBUG 2026-09-03 08:59:40 [action #377] t=15.45s step=376 queue=20 dmax=1.112 | shoulder_pan.pos=-2.19 shoulder_lift.pos=-57.59 elbow_flex.pos=+53.05 wrist_flex.pos=+79.63 wrist_roll.pos=+9.16 gripper.pos=+38.69
DEBUG 2026-09-03 08:59:40 [action #378] t=15.48s step=377 queue=19 dmax=1.327 | shoulder_pan.pos=-2.27 shoulder_lift.pos=-56.27 elbow_flex.pos=+53.26 wrist_flex.pos=+79.20 wrist_roll.pos=+9.27 gripper.pos=+38.44
DEBUG 2026-09-03 08:59:40 [action #379] t=15.52s step=378 queue=18 dmax=1.334 | shoulder_pan.pos=-2.27 shoulder_lift.pos=-54.93 elbow_flex.pos=+53.08 wrist_flex.pos=+78.71 wrist_roll.pos=+9.22 gripper.pos=+38.64
DEBUG 2026-09-03 08:59:40 [action #380] t=15.55s step=379 queue=17 dmax=0.614 | shoulder_pan.pos=-2.53 shoulder_lift.pos=-55.00 elbow_flex.pos=+53.69 wrist_flex.pos=+78.49 wrist_roll.pos=+9.48 gripper.pos=+38.49
DEBUG 2026-09-03 08:59:40 [action #381] t=15.58s step=380 queue=16 dmax=0.647 | shoulder_pan.pos=-2.40 shoulder_lift.pos=-54.35 elbow_flex.pos=+53.37 wrist_flex.pos=+78.07 wrist_roll.pos=+9.52 gripper.pos=+38.65
DEBUG 2026-09-03 08:59:40 [action #382] t=15.62s step=381 queue=15 dmax=1.055 | shoulder_pan.pos=-2.40 shoulder_lift.pos=-53.29 elbow_flex.pos=+53.43 wrist_flex.pos=+77.66 wrist_roll.pos=+9.51 gripper.pos=+38.63
DEBUG 2026-09-03 08:59:40 [action #383] t=15.65s step=382 queue=14 dmax=0.512 | shoulder_pan.pos=-2.44 shoulder_lift.pos=-53.06 elbow_flex.pos=+53.34 wrist_flex.pos=+77.15 wrist_roll.pos=+9.51 gripper.pos=+38.66
DEBUG 2026-09-03 08:59:40 [action #384] t=15.68s step=383 queue=13 dmax=0.705 | shoulder_pan.pos=-2.40 shoulder_lift.pos=-52.36 elbow_flex.pos=+53.95 wrist_flex.pos=+76.93 wrist_roll.pos=+9.65 gripper.pos=+38.91
DEBUG 2026-09-03 08:59:40 [action #385] t=15.72s step=384 queue=12 dmax=0.536 | shoulder_pan.pos=-2.30 shoulder_lift.pos=-52.19 elbow_flex.pos=+53.47 wrist_flex.pos=+76.39 wrist_roll.pos=+9.61 gripper.pos=+38.91
DEBUG 2026-09-03 08:59:41 [action #386] t=15.75s step=385 queue=11 dmax=0.609 | shoulder_pan.pos=-2.51 shoulder_lift.pos=-51.58 elbow_flex.pos=+53.53 wrist_flex.pos=+76.38 wrist_roll.pos=+9.50 gripper.pos=+39.25
DEBUG 2026-09-03 08:59:41 [action #387] t=15.78s step=386 queue=10 dmax=0.530 | shoulder_pan.pos=-2.33 shoulder_lift.pos=-51.13 elbow_flex.pos=+53.18 wrist_flex.pos=+75.85 wrist_roll.pos=+9.56 gripper.pos=+39.43
DEBUG 2026-09-03 08:59:41 [action #388] t=15.82s step=387 queue=9 dmax=0.772 | shoulder_pan.pos=-2.51 shoulder_lift.pos=-50.36 elbow_flex.pos=+53.49 wrist_flex.pos=+75.47 wrist_roll.pos=+9.42 gripper.pos=+39.59
DEBUG 2026-09-03 08:59:41 [action #389] t=15.85s step=388 queue=8 dmax=0.516 | shoulder_pan.pos=-2.48 shoulder_lift.pos=-50.20 elbow_flex.pos=+53.59 wrist_flex.pos=+74.96 wrist_roll.pos=+9.52 gripper.pos=+39.86
DEBUG 2026-09-03 08:59:41 [action #390] t=15.89s step=389 queue=7 dmax=0.583 | shoulder_pan.pos=-2.46 shoulder_lift.pos=-49.92 elbow_flex.pos=+54.18 wrist_flex.pos=+74.54 wrist_roll.pos=+9.48 gripper.pos=+39.89
DEBUG 2026-09-03 08:59:41 [action #391] t=15.92s step=390 queue=6 dmax=0.400 | shoulder_pan.pos=-2.29 shoulder_lift.pos=-49.57 elbow_flex.pos=+54.10 wrist_flex.pos=+74.14 wrist_roll.pos=+9.60 gripper.pos=+39.91
DEBUG 2026-09-03 08:59:41 [action #392] t=15.95s step=391 queue=5 dmax=0.834 | shoulder_pan.pos=-2.57 shoulder_lift.pos=-48.74 elbow_flex.pos=+54.42 wrist_flex.pos=+73.72 wrist_roll.pos=+9.45 gripper.pos=+40.04
DEBUG 2026-09-03 08:59:41 [action #393] t=15.99s step=392 queue=4 dmax=0.616 | shoulder_pan.pos=-2.67 shoulder_lift.pos=-48.12 elbow_flex.pos=+54.17 wrist_flex.pos=+73.17 wrist_roll.pos=+9.61 gripper.pos=+39.99
DEBUG 2026-09-03 08:59:41 [action #394] t=16.02s step=393 queue=3 dmax=0.474 | shoulder_pan.pos=-3.08 shoulder_lift.pos=-47.65 elbow_flex.pos=+54.19 wrist_flex.pos=+72.93 wrist_roll.pos=+9.43 gripper.pos=+40.09
DEBUG 2026-09-03 08:59:41 [action #395] t=16.05s step=394 queue=2 dmax=0.534 | shoulder_pan.pos=-2.95 shoulder_lift.pos=-47.11 elbow_flex.pos=+54.49 wrist_flex.pos=+72.74 wrist_roll.pos=+9.42 gripper.pos=+40.16
DEBUG 2026-09-03 08:59:41 [action #396] t=16.09s step=395 queue=1 dmax=0.709 | shoulder_pan.pos=-3.20 shoulder_lift.pos=-46.40 elbow_flex.pos=+54.44 wrist_flex.pos=+72.38 wrist_roll.pos=+9.41 gripper.pos=+40.27
DEBUG 2026-09-03 08:59:41 [chunk] received 50 actions, timesteps 372..421 | first: shoulder_pan.pos=-38.74 shoulder_lift.pos=+34.32 elbow_flex.pos=-30.10 wrist_flex.pos=+88.70 wrist_roll.pos=-3.85 gripper.pos=+11.81 | last: shoulder_pan.pos=-42.01 shoulder_lift.pos=+41.77 elbow_flex.pos=-26.48 wrist_flex.pos=+87.33 wrist_roll.pos=-4.28 gripper.pos=+8.51
DEBUG 2026-09-03 08:59:41 [action #397] t=16.22s step=396 queue=26 dmax=81.611 | shoulder_pan.pos=-39.88 shoulder_lift.pos=+31.54 elbow_flex.pos=-27.17 wrist_flex.pos=+88.93 wrist_roll.pos=-4.35 gripper.pos=+33.81
DEBUG 2026-09-03 08:59:41 [action #398] t=16.25s step=397 queue=25 dmax=0.517 | shoulder_pan.pos=-39.79 shoulder_lift.pos=+31.80 elbow_flex.pos=-26.74 wrist_flex.pos=+88.41 wrist_roll.pos=-4.46 gripper.pos=+34.12
DEBUG 2026-09-03 08:59:41 [action #399] t=16.29s step=398 queue=24 dmax=0.564 | shoulder_pan.pos=-39.73 shoulder_lift.pos=+31.29 elbow_flex.pos=-26.18 wrist_flex.pos=+88.06 wrist_roll.pos=-4.48 gripper.pos=+34.14
DEBUG 2026-09-03 08:59:41 [action #400] t=16.32s step=399 queue=23 dmax=0.512 | shoulder_pan.pos=-39.94 shoulder_lift.pos=+31.80 elbow_flex.pos=-25.89 wrist_flex.pos=+87.75 wrist_roll.pos=-4.54 gripper.pos=+34.14
DEBUG 2026-09-03 08:59:41 [action #401] t=16.35s step=400 queue=22 dmax=0.679 | shoulder_pan.pos=-40.09 shoulder_lift.pos=+32.48 elbow_flex.pos=-25.63 wrist_flex.pos=+87.46 wrist_roll.pos=-4.51 gripper.pos=+33.99
DEBUG 2026-09-03 08:59:41 [action #402] t=16.39s step=401 queue=21 dmax=0.599 | shoulder_pan.pos=-40.02 shoulder_lift.pos=+33.08 elbow_flex.pos=-25.34 wrist_flex.pos=+87.04 wrist_roll.pos=-4.50 gripper.pos=+33.68
DEBUG 2026-09-03 08:59:41 [action #403] t=16.42s step=402 queue=20 dmax=0.531 | shoulder_pan.pos=-39.97 shoulder_lift.pos=+33.61 elbow_flex.pos=-25.26 wrist_flex.pos=+86.75 wrist_roll.pos=-4.50 gripper.pos=+33.45
DEBUG 2026-09-03 08:59:41 [action #404] t=16.45s step=403 queue=19 dmax=0.971 | shoulder_pan.pos=-40.24 shoulder_lift.pos=+34.58 elbow_flex.pos=-25.05 wrist_flex.pos=+86.75 wrist_roll.pos=-4.60 gripper.pos=+33.34
DEBUG 2026-09-03 08:59:41 [action #405] t=16.49s step=404 queue=18 dmax=0.539 | shoulder_pan.pos=-40.04 shoulder_lift.pos=+35.02 elbow_flex.pos=-25.59 wrist_flex.pos=+86.40 wrist_roll.pos=-4.50 gripper.pos=+33.23
DEBUG 2026-09-03 08:59:41 [action #406] t=16.52s step=405 queue=17 dmax=0.998 | shoulder_pan.pos=-40.08 shoulder_lift.pos=+36.02 elbow_flex.pos=-25.14 wrist_flex.pos=+86.25 wrist_roll.pos=-4.54 gripper.pos=+33.26
DEBUG 2026-09-03 08:59:41 [action #407] t=16.55s step=406 queue=16 dmax=0.955 | shoulder_pan.pos=-40.46 shoulder_lift.pos=+36.97 elbow_flex.pos=-25.55 wrist_flex.pos=+86.11 wrist_roll.pos=-4.52 gripper.pos=+33.16
DEBUG 2026-09-03 08:59:41 [action #408] t=16.59s step=407 queue=15 dmax=0.494 | shoulder_pan.pos=-40.55 shoulder_lift.pos=+37.47 elbow_flex.pos=-25.59 wrist_flex.pos=+85.92 wrist_roll.pos=-4.64 gripper.pos=+33.16
DEBUG 2026-09-03 08:59:41 [action #409] t=16.62s step=408 queue=14 dmax=0.789 | shoulder_pan.pos=-40.50 shoulder_lift.pos=+38.26 elbow_flex.pos=-25.81 wrist_flex.pos=+85.76 wrist_roll.pos=-4.59 gripper.pos=+33.03
DEBUG 2026-09-03 08:59:41 [action #410] t=16.65s step=409 queue=13 dmax=0.812 | shoulder_pan.pos=-40.93 shoulder_lift.pos=+39.07 elbow_flex.pos=-25.78 wrist_flex.pos=+85.70 wrist_roll.pos=-4.63 gripper.pos=+33.07
DEBUG 2026-09-03 08:59:41 [action #411] t=16.69s step=410 queue=12 dmax=0.137 | shoulder_pan.pos=-40.95 shoulder_lift.pos=+39.21 elbow_flex.pos=-25.67 wrist_flex.pos=+85.60 wrist_roll.pos=-4.62 gripper.pos=+33.06
DEBUG 2026-09-03 08:59:41 [action #412] t=16.72s step=411 queue=11 dmax=0.977 | shoulder_pan.pos=-41.04 shoulder_lift.pos=+40.18 elbow_flex.pos=-25.86 wrist_flex.pos=+85.47 wrist_roll.pos=-4.67 gripper.pos=+33.02
DEBUG 2026-09-03 08:59:42 [action #413] t=16.75s step=412 queue=10 dmax=0.460 | shoulder_pan.pos=-40.91 shoulder_lift.pos=+40.64 elbow_flex.pos=-25.82 wrist_flex.pos=+85.59 wrist_roll.pos=-4.59 gripper.pos=+32.87
DEBUG 2026-09-03 08:59:42 [action #414] t=16.79s step=413 queue=9 dmax=0.563 | shoulder_pan.pos=-41.05 shoulder_lift.pos=+40.78 elbow_flex.pos=-25.25 wrist_flex.pos=+85.63 wrist_roll.pos=-4.60 gripper.pos=+32.79
DEBUG 2026-09-03 08:59:42 [action #415] t=16.82s step=414 queue=8 dmax=0.730 | shoulder_pan.pos=-41.33 shoulder_lift.pos=+41.51 elbow_flex.pos=-25.91 wrist_flex.pos=+85.56 wrist_roll.pos=-4.54 gripper.pos=+32.62
DEBUG 2026-09-03 08:59:42 [action #416] t=16.85s step=415 queue=7 dmax=0.509 | shoulder_pan.pos=-41.42 shoulder_lift.pos=+42.02 elbow_flex.pos=-25.93 wrist_flex.pos=+85.52 wrist_roll.pos=-4.48 gripper.pos=+32.36
DEBUG 2026-09-03 08:59:42 [action #417] t=16.89s step=416 queue=6 dmax=0.731 | shoulder_pan.pos=-41.44 shoulder_lift.pos=+41.91 elbow_flex.pos=-26.04 wrist_flex.pos=+85.65 wrist_roll.pos=-4.49 gripper.pos=+31.63
DEBUG 2026-09-03 08:59:42 [action #418] t=16.92s step=417 queue=5 dmax=2.046 | shoulder_pan.pos=-41.69 shoulder_lift.pos=+42.24 elbow_flex.pos=-25.93 wrist_flex.pos=+86.03 wrist_roll.pos=-4.45 gripper.pos=+29.59
DEBUG 2026-09-03 08:59:42 [action #419] t=16.95s step=418 queue=4 dmax=4.178 | shoulder_pan.pos=-41.72 shoulder_lift.pos=+43.11 elbow_flex.pos=-26.71 wrist_flex.pos=+86.29 wrist_roll.pos=-4.39 gripper.pos=+25.41
DEBUG 2026-09-03 08:59:42 [action #420] t=16.99s step=419 queue=3 dmax=5.588 | shoulder_pan.pos=-42.02 shoulder_lift.pos=+43.12 elbow_flex.pos=-26.80 wrist_flex.pos=+86.54 wrist_roll.pos=-4.17 gripper.pos=+19.82
DEBUG 2026-09-03 08:59:42 [action #421] t=17.02s step=420 queue=2 dmax=6.954 | shoulder_pan.pos=-42.05 shoulder_lift.pos=+42.73 elbow_flex.pos=-26.71 wrist_flex.pos=+87.00 wrist_roll.pos=-4.16 gripper.pos=+12.87
DEBUG 2026-09-03 08:59:42 [action #422] t=17.06s step=421 queue=1 dmax=4.359 | shoulder_pan.pos=-42.01 shoulder_lift.pos=+41.77 elbow_flex.pos=-26.48 wrist_flex.pos=+87.33 wrist_roll.pos=-4.28 gripper.pos=+8.51
DEBUG 2026-09-03 08:59:42 [chunk] received 50 actions, timesteps 395..444 | first: shoulder_pan.pos=-3.34 shoulder_lift.pos=-45.24 elbow_flex.pos=+55.49 wrist_flex.pos=+72.99 wrist_roll.pos=+8.52 gripper.pos=+40.77 | last: shoulder_pan.pos=-2.84 shoulder_lift.pos=-31.80 elbow_flex.pos=+40.56 wrist_flex.pos=+74.67 wrist_roll.pos=+2.24 gripper.pos=+10.68
DEBUG 2026-09-03 08:59:42 [action #423] t=17.16s step=422 queue=23 dmax=77.963 | shoulder_pan.pos=-2.59 shoulder_lift.pos=-27.11 elbow_flex.pos=+51.48 wrist_flex.pos=+68.76 wrist_roll.pos=+5.23 gripper.pos=+25.93
DEBUG 2026-09-03 08:59:42 [action #424] t=17.19s step=423 queue=22 dmax=2.734 | shoulder_pan.pos=-2.49 shoulder_lift.pos=-27.23 elbow_flex.pos=+51.35 wrist_flex.pos=+68.60 wrist_roll.pos=+4.93 gripper.pos=+23.20
DEBUG 2026-09-03 08:59:42 [action #425] t=17.22s step=424 queue=21 dmax=2.380 | shoulder_pan.pos=-2.55 shoulder_lift.pos=-27.13 elbow_flex.pos=+51.32 wrist_flex.pos=+68.66 wrist_roll.pos=+4.64 gripper.pos=+20.82
DEBUG 2026-09-03 08:59:42 [action #426] t=17.26s step=425 queue=20 dmax=1.951 | shoulder_pan.pos=-2.67 shoulder_lift.pos=-27.44 elbow_flex.pos=+50.64 wrist_flex.pos=+68.88 wrist_roll.pos=+4.51 gripper.pos=+18.87
DEBUG 2026-09-03 08:59:42 [action #427] t=17.29s step=426 queue=19 dmax=1.513 | shoulder_pan.pos=-2.61 shoulder_lift.pos=-28.27 elbow_flex.pos=+50.73 wrist_flex.pos=+69.06 wrist_roll.pos=+4.46 gripper.pos=+17.35
DEBUG 2026-09-03 08:59:42 [action #428] t=17.32s step=427 queue=18 dmax=1.534 | shoulder_pan.pos=-2.30 shoulder_lift.pos=-27.65 elbow_flex.pos=+50.59 wrist_flex.pos=+68.78 wrist_roll.pos=+4.49 gripper.pos=+15.82
DEBUG 2026-09-03 08:59:42 [action #429] t=17.36s step=428 queue=17 dmax=1.055 | shoulder_pan.pos=-2.44 shoulder_lift.pos=-27.41 elbow_flex.pos=+49.84 wrist_flex.pos=+68.97 wrist_roll.pos=+4.46 gripper.pos=+14.77
DEBUG 2026-09-03 08:59:42 [action #430] t=17.39s step=429 queue=16 dmax=0.951 | shoulder_pan.pos=-2.15 shoulder_lift.pos=-28.35 elbow_flex.pos=+49.24 wrist_flex.pos=+69.02 wrist_roll.pos=+4.47 gripper.pos=+13.81
DEBUG 2026-09-03 08:59:42 [action #431] t=17.42s step=430 queue=15 dmax=0.591 | shoulder_pan.pos=-2.31 shoulder_lift.pos=-28.18 elbow_flex.pos=+49.21 wrist_flex.pos=+69.02 wrist_roll.pos=+4.45 gripper.pos=+13.22
DEBUG 2026-09-03 08:59:42 [action #432] t=17.46s step=431 queue=14 dmax=0.644 | shoulder_pan.pos=-2.58 shoulder_lift.pos=-27.53 elbow_flex.pos=+49.62 wrist_flex.pos=+69.23 wrist_roll.pos=+4.41 gripper.pos=+12.94
DEBUG 2026-09-03 08:59:42 [action #433] t=17.49s step=432 queue=13 dmax=1.369 | shoulder_pan.pos=-2.49 shoulder_lift.pos=-27.94 elbow_flex.pos=+48.25 wrist_flex.pos=+69.31 wrist_roll.pos=+4.53 gripper.pos=+12.73
DEBUG 2026-09-03 08:59:42 [action #434] t=17.52s step=433 queue=12 dmax=0.231 | shoulder_pan.pos=-2.51 shoulder_lift.pos=-27.98 elbow_flex.pos=+48.04 wrist_flex.pos=+69.54 wrist_roll.pos=+4.41 gripper.pos=+12.60
DEBUG 2026-09-03 08:59:42 [action #435] t=17.56s step=434 queue=11 dmax=0.403 | shoulder_pan.pos=-2.43 shoulder_lift.pos=-28.32 elbow_flex.pos=+48.31 wrist_flex.pos=+69.57 wrist_roll.pos=+4.46 gripper.pos=+12.20
DEBUG 2026-09-03 08:59:42 [action #436] t=17.59s step=435 queue=10 dmax=0.939 | shoulder_pan.pos=-2.34 shoulder_lift.pos=-28.46 elbow_flex.pos=+47.37 wrist_flex.pos=+70.13 wrist_roll.pos=+4.32 gripper.pos=+12.30
DEBUG 2026-09-03 08:59:42 [action #437] t=17.62s step=436 queue=9 dmax=0.787 | shoulder_pan.pos=-2.50 shoulder_lift.pos=-28.05 elbow_flex.pos=+46.58 wrist_flex.pos=+70.47 wrist_roll.pos=+4.17 gripper.pos=+12.08
DEBUG 2026-09-03 08:59:42 [action #438] t=17.66s step=437 queue=8 dmax=0.708 | shoulder_pan.pos=-2.65 shoulder_lift.pos=-28.03 elbow_flex.pos=+46.06 wrist_flex.pos=+71.18 wrist_roll.pos=+4.03 gripper.pos=+12.09
DEBUG 2026-09-03 08:59:42 [action #439] t=17.69s step=438 queue=7 dmax=0.743 | shoulder_pan.pos=-2.60 shoulder_lift.pos=-28.07 elbow_flex.pos=+45.32 wrist_flex.pos=+71.39 wrist_roll.pos=+3.99 gripper.pos=+11.95
DEBUG 2026-09-03 08:59:43 [action #440] t=17.72s step=439 queue=6 dmax=0.767 | shoulder_pan.pos=-2.66 shoulder_lift.pos=-28.77 elbow_flex.pos=+44.55 wrist_flex.pos=+72.08 wrist_roll.pos=+3.82 gripper.pos=+11.62
DEBUG 2026-09-03 08:59:43 [action #441] t=17.76s step=440 queue=5 dmax=0.387 | shoulder_pan.pos=-2.67 shoulder_lift.pos=-28.81 elbow_flex.pos=+44.31 wrist_flex.pos=+72.47 wrist_roll.pos=+3.49 gripper.pos=+11.46
DEBUG 2026-09-03 08:59:43 [action #442] t=17.79s step=441 queue=4 dmax=1.850 | shoulder_pan.pos=-2.65 shoulder_lift.pos=-29.52 elbow_flex.pos=+42.46 wrist_flex.pos=+72.74 wrist_roll.pos=+3.23 gripper.pos=+11.16
DEBUG 2026-09-03 08:59:43 [action #443] t=17.82s step=442 queue=3 dmax=0.664 | shoulder_pan.pos=-2.83 shoulder_lift.pos=-29.91 elbow_flex.pos=+42.45 wrist_flex.pos=+73.40 wrist_roll.pos=+2.99 gripper.pos=+10.97
DEBUG 2026-09-03 08:59:43 [action #444] t=17.86s step=443 queue=2 dmax=0.906 | shoulder_pan.pos=-2.82 shoulder_lift.pos=-30.81 elbow_flex.pos=+41.77 wrist_flex.pos=+74.06 wrist_roll.pos=+2.51 gripper.pos=+10.81
DEBUG 2026-09-03 08:59:43 [action #445] t=17.89s step=444 queue=1 dmax=1.207 | shoulder_pan.pos=-2.84 shoulder_lift.pos=-31.80 elbow_flex.pos=+40.56 wrist_flex.pos=+74.67 wrist_roll.pos=+2.24 gripper.pos=+10.68
DEBUG 2026-09-03 08:59:43 [chunk] received 50 actions, timesteps 421..470 | first: shoulder_pan.pos=-39.31 shoulder_lift.pos=+39.21 elbow_flex.pos=-24.57 wrist_flex.pos=+86.73 wrist_roll.pos=-4.14 gripper.pos=+13.22 | last: shoulder_pan.pos=-31.29 shoulder_lift.pos=+16.48 elbow_flex.pos=-46.12 wrist_flex.pos=+101.21 wrist_roll.pos=-8.22 gripper.pos=+3.50
DEBUG 2026-09-03 08:59:43 [action #446] t=18.03s step=445 queue=26 dmax=83.885 | shoulder_pan.pos=-40.16 shoulder_lift.pos=+34.52 elbow_flex.pos=-43.32 wrist_flex.pos=+98.77 wrist_roll.pos=-6.85 gripper.pos=+3.78
DEBUG 2026-09-03 08:59:43 [action #447] t=18.06s step=446 queue=25 dmax=0.892 | shoulder_pan.pos=-39.82 shoulder_lift.pos=+34.62 elbow_flex.pos=-44.22 wrist_flex.pos=+99.18 wrist_roll.pos=-6.97 gripper.pos=+3.70
DEBUG 2026-09-03 08:59:43 [action #448] t=18.09s step=447 queue=24 dmax=0.345 | shoulder_pan.pos=-39.89 shoulder_lift.pos=+34.32 elbow_flex.pos=-44.56 wrist_flex.pos=+99.36 wrist_roll.pos=-7.01 gripper.pos=+3.78
DEBUG 2026-09-03 08:59:43 [action #449] t=18.13s step=448 queue=23 dmax=1.062 | shoulder_pan.pos=-39.84 shoulder_lift.pos=+34.38 elbow_flex.pos=-45.62 wrist_flex.pos=+99.56 wrist_roll.pos=-7.13 gripper.pos=+3.80
DEBUG 2026-09-03 08:59:43 [action #450] t=18.16s step=449 queue=22 dmax=0.836 | shoulder_pan.pos=-39.67 shoulder_lift.pos=+33.55 elbow_flex.pos=-45.23 wrist_flex.pos=+99.63 wrist_roll.pos=-7.13 gripper.pos=+3.81
DEBUG 2026-09-03 08:59:43 [action #451] t=18.19s step=450 queue=21 dmax=1.239 | shoulder_pan.pos=-39.28 shoulder_lift.pos=+33.29 elbow_flex.pos=-46.47 wrist_flex.pos=+99.54 wrist_roll.pos=-7.23 gripper.pos=+3.91
DEBUG 2026-09-03 08:59:43 [action #452] t=18.23s step=451 queue=20 dmax=0.594 | shoulder_pan.pos=-39.15 shoulder_lift.pos=+32.69 elbow_flex.pos=-46.57 wrist_flex.pos=+99.70 wrist_roll.pos=-7.15 gripper.pos=+3.75
DEBUG 2026-09-03 08:59:43 [action #453] t=18.26s step=452 queue=19 dmax=0.831 | shoulder_pan.pos=-39.09 shoulder_lift.pos=+31.86 elbow_flex.pos=-46.34 wrist_flex.pos=+99.70 wrist_roll.pos=-7.16 gripper.pos=+3.75
DEBUG 2026-09-03 08:59:43 [action #454] t=18.29s step=453 queue=18 dmax=0.910 | shoulder_pan.pos=-39.02 shoulder_lift.pos=+31.81 elbow_flex.pos=-47.25 wrist_flex.pos=+99.86 wrist_roll.pos=-7.31 gripper.pos=+3.82
DEBUG 2026-09-03 08:59:43 [action #455] t=18.33s step=454 queue=17 dmax=0.442 | shoulder_pan.pos=-38.68 shoulder_lift.pos=+31.37 elbow_flex.pos=-46.84 wrist_flex.pos=+99.93 wrist_roll.pos=-7.23 gripper.pos=+3.86
DEBUG 2026-09-03 08:59:43 [action #456] t=18.36s step=455 queue=16 dmax=1.066 | shoulder_pan.pos=-38.37 shoulder_lift.pos=+30.31 elbow_flex.pos=-47.57 wrist_flex.pos=+100.14 wrist_roll.pos=-7.53 gripper.pos=+3.78
DEBUG 2026-09-03 08:59:43 [action #457] t=18.39s step=456 queue=15 dmax=0.486 | shoulder_pan.pos=-38.05 shoulder_lift.pos=+29.82 elbow_flex.pos=-47.47 wrist_flex.pos=+100.25 wrist_roll.pos=-7.57 gripper.pos=+3.80
DEBUG 2026-09-03 08:59:43 [action #458] t=18.43s step=457 queue=14 dmax=1.111 | shoulder_pan.pos=-37.63 shoulder_lift.pos=+28.71 elbow_flex.pos=-47.48 wrist_flex.pos=+100.26 wrist_roll.pos=-7.59 gripper.pos=+3.68
DEBUG 2026-09-03 08:59:43 [action #459] t=18.46s step=458 queue=13 dmax=1.148 | shoulder_pan.pos=-37.48 shoulder_lift.pos=+27.56 elbow_flex.pos=-47.57 wrist_flex.pos=+100.53 wrist_roll.pos=-7.86 gripper.pos=+3.66
DEBUG 2026-09-03 08:59:43 [action #460] t=18.49s step=459 queue=12 dmax=0.393 | shoulder_pan.pos=-37.12 shoulder_lift.pos=+27.95 elbow_flex.pos=-47.87 wrist_flex.pos=+100.52 wrist_roll.pos=-7.76 gripper.pos=+3.75
DEBUG 2026-09-03 08:59:43 [action #461] t=18.53s step=460 queue=11 dmax=1.396 | shoulder_pan.pos=-36.36 shoulder_lift.pos=+26.56 elbow_flex.pos=-48.43 wrist_flex.pos=+100.71 wrist_roll.pos=-7.71 gripper.pos=+3.77
DEBUG 2026-09-03 08:59:43 [action #462] t=18.56s step=461 queue=10 dmax=1.257 | shoulder_pan.pos=-36.22 shoulder_lift.pos=+25.30 elbow_flex.pos=-48.14 wrist_flex.pos=+100.71 wrist_roll.pos=-7.88 gripper.pos=+3.74
DEBUG 2026-09-03 08:59:43 [action #463] t=18.59s step=462 queue=9 dmax=0.752 | shoulder_pan.pos=-35.83 shoulder_lift.pos=+24.55 elbow_flex.pos=-47.71 wrist_flex.pos=+100.77 wrist_roll.pos=-7.91 gripper.pos=+3.63
DEBUG 2026-09-03 08:59:43 [action #464] t=18.63s step=463 queue=8 dmax=0.770 | shoulder_pan.pos=-35.52 shoulder_lift.pos=+23.78 elbow_flex.pos=-47.76 wrist_flex.pos=+100.74 wrist_roll.pos=-8.03 gripper.pos=+3.75
DEBUG 2026-09-03 08:59:43 [action #465] t=18.66s step=464 queue=7 dmax=1.131 | shoulder_pan.pos=-34.86 shoulder_lift.pos=+22.65 elbow_flex.pos=-47.62 wrist_flex.pos=+100.95 wrist_roll.pos=-8.01 gripper.pos=+3.63
DEBUG 2026-09-03 08:59:43 [action #466] t=18.69s step=465 queue=6 dmax=1.514 | shoulder_pan.pos=-34.50 shoulder_lift.pos=+21.14 elbow_flex.pos=-47.41 wrist_flex.pos=+100.87 wrist_roll.pos=-8.08 gripper.pos=+3.52
DEBUG 2026-09-03 08:59:44 [action #467] t=18.73s step=466 queue=5 dmax=0.766 | shoulder_pan.pos=-33.88 shoulder_lift.pos=+20.37 elbow_flex.pos=-47.17 wrist_flex.pos=+100.91 wrist_roll.pos=-8.07 gripper.pos=+3.69
DEBUG 2026-09-03 08:59:44 [action #468] t=18.76s step=467 queue=4 dmax=1.113 | shoulder_pan.pos=-33.38 shoulder_lift.pos=+19.26 elbow_flex.pos=-47.30 wrist_flex.pos=+101.12 wrist_roll.pos=-8.02 gripper.pos=+3.59
DEBUG 2026-09-03 08:59:44 [action #469] t=18.79s step=468 queue=3 dmax=0.691 | shoulder_pan.pos=-32.81 shoulder_lift.pos=+18.95 elbow_flex.pos=-46.61 wrist_flex.pos=+101.25 wrist_roll.pos=-8.15 gripper.pos=+3.60
DEBUG 2026-09-03 08:59:44 [action #470] t=18.83s step=469 queue=2 dmax=1.793 | shoulder_pan.pos=-32.20 shoulder_lift.pos=+17.15 elbow_flex.pos=-46.56 wrist_flex.pos=+101.21 wrist_roll.pos=-8.27 gripper.pos=+3.53
DEBUG 2026-09-03 08:59:44 [action #471] t=18.86s step=470 queue=1 dmax=0.910 | shoulder_pan.pos=-31.29 shoulder_lift.pos=+16.48 elbow_flex.pos=-46.12 wrist_flex.pos=+101.21 wrist_roll.pos=-8.22 gripper.pos=+3.50
DEBUG 2026-09-03 08:59:44 [chunk] received 50 actions, timesteps 444..493 | first: shoulder_pan.pos=-3.72 shoulder_lift.pos=-32.41 elbow_flex.pos=+41.78 wrist_flex.pos=+74.25 wrist_roll.pos=+3.20 gripper.pos=+10.87 | last: shoulder_pan.pos=-6.10 shoulder_lift.pos=-38.77 elbow_flex.pos=+54.77 wrist_flex.pos=+63.42 wrist_roll.pos=+4.95 gripper.pos=+41.12
DEBUG 2026-09-03 08:59:44 [action #472] t=18.93s step=471 queue=23 dmax=92.314 | shoulder_pan.pos=-3.53 shoulder_lift.pos=-40.82 elbow_flex.pos=+46.19 wrist_flex.pos=+75.40 wrist_roll.pos=+4.14 gripper.pos=+39.07
DEBUG 2026-09-03 08:59:44 [action #473] t=18.96s step=472 queue=22 dmax=0.539 | shoulder_pan.pos=-3.53 shoulder_lift.pos=-40.78 elbow_flex.pos=+46.16 wrist_flex.pos=+74.86 wrist_roll.pos=+4.17 gripper.pos=+38.80
DEBUG 2026-09-03 08:59:44 [action #474] t=19.00s step=473 queue=21 dmax=0.887 | shoulder_pan.pos=-3.48 shoulder_lift.pos=-40.74 elbow_flex.pos=+46.11 wrist_flex.pos=+73.98 wrist_roll.pos=+4.18 gripper.pos=+38.40
DEBUG 2026-09-03 08:59:44 [action #475] t=19.03s step=474 queue=20 dmax=1.116 | shoulder_pan.pos=-3.35 shoulder_lift.pos=-41.54 elbow_flex.pos=+47.22 wrist_flex.pos=+73.40 wrist_roll.pos=+4.35 gripper.pos=+38.22
DEBUG 2026-09-03 08:59:44 [action #476] t=19.06s step=475 queue=19 dmax=0.397 | shoulder_pan.pos=-3.57 shoulder_lift.pos=-41.16 elbow_flex.pos=+47.34 wrist_flex.pos=+73.00 wrist_roll.pos=+4.26 gripper.pos=+38.22
DEBUG 2026-09-03 08:59:44 [action #477] t=19.10s step=476 queue=18 dmax=0.539 | shoulder_pan.pos=-3.59 shoulder_lift.pos=-40.62 elbow_flex.pos=+47.33 wrist_flex.pos=+72.56 wrist_roll.pos=+4.32 gripper.pos=+38.28
DEBUG 2026-09-03 08:59:44 [action #478] t=19.13s step=477 queue=17 dmax=0.747 | shoulder_pan.pos=-3.65 shoulder_lift.pos=-40.56 elbow_flex.pos=+46.59 wrist_flex.pos=+72.34 wrist_roll.pos=+4.28 gripper.pos=+38.55
DEBUG 2026-09-03 08:59:44 [action #479] t=19.16s step=478 queue=16 dmax=0.744 | shoulder_pan.pos=-3.75 shoulder_lift.pos=-41.04 elbow_flex.pos=+47.33 wrist_flex.pos=+72.15 wrist_roll.pos=+4.34 gripper.pos=+38.91
DEBUG 2026-09-03 08:59:44 [action #480] t=19.20s step=479 queue=15 dmax=0.528 | shoulder_pan.pos=-3.82 shoulder_lift.pos=-40.65 elbow_flex.pos=+47.14 wrist_flex.pos=+71.79 wrist_roll.pos=+4.42 gripper.pos=+39.44
DEBUG 2026-09-03 08:59:44 [action #481] t=19.23s step=480 queue=14 dmax=0.549 | shoulder_pan.pos=-4.10 shoulder_lift.pos=-40.75 elbow_flex.pos=+47.69 wrist_flex.pos=+71.48 wrist_roll.pos=+4.59 gripper.pos=+39.90
DEBUG 2026-09-03 08:59:44 [action #482] t=19.26s step=481 queue=13 dmax=0.455 | shoulder_pan.pos=-4.07 shoulder_lift.pos=-40.44 elbow_flex.pos=+47.33 wrist_flex.pos=+71.07 wrist_roll.pos=+4.65 gripper.pos=+40.36
DEBUG 2026-09-03 08:59:44 [action #483] t=19.30s step=482 queue=12 dmax=0.991 | shoulder_pan.pos=-4.40 shoulder_lift.pos=-40.35 elbow_flex.pos=+48.32 wrist_flex.pos=+70.53 wrist_roll.pos=+4.81 gripper.pos=+40.62
DEBUG 2026-09-03 08:59:44 [action #484] t=19.33s step=483 queue=11 dmax=0.676 | shoulder_pan.pos=-4.58 shoulder_lift.pos=-40.46 elbow_flex.pos=+49.00 wrist_flex.pos=+69.85 wrist_roll.pos=+4.99 gripper.pos=+40.76
DEBUG 2026-09-03 08:59:44 [action #485] t=19.36s step=484 queue=10 dmax=0.857 | shoulder_pan.pos=-4.82 shoulder_lift.pos=-40.08 elbow_flex.pos=+49.29 wrist_flex.pos=+69.00 wrist_roll.pos=+5.04 gripper.pos=+40.75
DEBUG 2026-09-03 08:59:44 [action #486] t=19.40s step=485 queue=9 dmax=0.851 | shoulder_pan.pos=-5.07 shoulder_lift.pos=-40.46 elbow_flex.pos=+50.09 wrist_flex.pos=+68.15 wrist_roll.pos=+5.06 gripper.pos=+40.67
DEBUG 2026-09-03 08:59:44 [action #487] t=19.43s step=486 queue=8 dmax=0.875 | shoulder_pan.pos=-5.28 shoulder_lift.pos=-40.48 elbow_flex.pos=+50.97 wrist_flex.pos=+67.32 wrist_roll.pos=+5.13 gripper.pos=+40.71
DEBUG 2026-09-03 08:59:44 [action #488] t=19.46s step=487 queue=7 dmax=0.945 | shoulder_pan.pos=-5.44 shoulder_lift.pos=-40.33 elbow_flex.pos=+51.55 wrist_flex.pos=+66.38 wrist_roll.pos=+5.17 gripper.pos=+40.81
DEBUG 2026-09-03 08:59:44 [action #489] t=19.50s step=488 queue=6 dmax=0.880 | shoulder_pan.pos=-5.49 shoulder_lift.pos=-40.25 elbow_flex.pos=+52.43 wrist_flex.pos=+65.66 wrist_roll.pos=+5.14 gripper.pos=+40.88
DEBUG 2026-09-03 08:59:44 [action #490] t=19.53s step=489 queue=5 dmax=0.599 | shoulder_pan.pos=-5.58 shoulder_lift.pos=-40.32 elbow_flex.pos=+53.03 wrist_flex.pos=+65.13 wrist_roll.pos=+5.10 gripper.pos=+41.04
DEBUG 2026-09-03 08:59:44 [action #491] t=19.56s step=490 queue=4 dmax=0.562 | shoulder_pan.pos=-5.68 shoulder_lift.pos=-40.17 elbow_flex.pos=+53.36 wrist_flex.pos=+64.56 wrist_roll.pos=+5.06 gripper.pos=+41.08
DEBUG 2026-09-03 08:59:44 [action #492] t=19.60s step=491 queue=3 dmax=0.560 | shoulder_pan.pos=-5.85 shoulder_lift.pos=-39.61 elbow_flex.pos=+53.84 wrist_flex.pos=+64.14 wrist_roll.pos=+5.09 gripper.pos=+41.09
DEBUG 2026-09-03 08:59:44 [action #493] t=19.63s step=492 queue=2 dmax=0.615 | shoulder_pan.pos=-5.91 shoulder_lift.pos=-39.20 elbow_flex.pos=+54.45 wrist_flex.pos=+63.86 wrist_roll.pos=+5.11 gripper.pos=+41.07
DEBUG 2026-09-03 08:59:44 [action #494] t=19.66s step=493 queue=1 dmax=0.432 | shoulder_pan.pos=-6.10 shoulder_lift.pos=-38.77 elbow_flex.pos=+54.77 wrist_flex.pos=+63.42 wrist_roll.pos=+4.95 gripper.pos=+41.12
DEBUG 2026-09-03 08:59:45 [chunk] received 50 actions, timesteps 470..519 | first: shoulder_pan.pos=-36.50 shoulder_lift.pos=+21.67 elbow_flex.pos=-35.72 wrist_flex.pos=+100.00 wrist_roll.pos=-7.93 gripper.pos=+10.24 | last: shoulder_pan.pos=-38.07 shoulder_lift.pos=+25.35 elbow_flex.pos=-12.88 wrist_flex.pos=+90.15 wrist_roll.pos=-8.04 gripper.pos=+30.11
DEBUG 2026-09-03 08:59:45 [action #495] t=19.80s step=494 queue=26 dmax=68.863 | shoulder_pan.pos=-36.48 shoulder_lift.pos=+19.00 elbow_flex.pos=-14.10 wrist_flex.pos=+93.50 wrist_roll.pos=-7.05 gripper.pos=+27.08
DEBUG 2026-09-03 08:59:45 [action #496] t=19.83s step=495 queue=25 dmax=0.846 | shoulder_pan.pos=-36.21 shoulder_lift.pos=+19.01 elbow_flex.pos=-13.25 wrist_flex.pos=+93.39 wrist_roll.pos=-7.13 gripper.pos=+27.20
DEBUG 2026-09-03 08:59:45 [action #497] t=19.87s step=496 queue=24 dmax=0.477 | shoulder_pan.pos=-36.43 shoulder_lift.pos=+18.59 elbow_flex.pos=-12.83 wrist_flex.pos=+93.41 wrist_roll.pos=-7.12 gripper.pos=+27.67
DEBUG 2026-09-03 08:59:45 [action #498] t=19.90s step=497 queue=23 dmax=0.703 | shoulder_pan.pos=-36.18 shoulder_lift.pos=+18.51 elbow_flex.pos=-12.78 wrist_flex.pos=+93.34 wrist_roll.pos=-7.32 gripper.pos=+28.38
DEBUG 2026-09-03 08:59:45 [action #499] t=19.93s step=498 queue=22 dmax=0.790 | shoulder_pan.pos=-36.25 shoulder_lift.pos=+18.18 elbow_flex.pos=-13.02 wrist_flex.pos=+93.32 wrist_roll.pos=-7.37 gripper.pos=+29.17
DEBUG 2026-09-03 08:59:45 [action #500] t=19.97s step=499 queue=21 dmax=0.576 | shoulder_pan.pos=-36.18 shoulder_lift.pos=+18.17 elbow_flex.pos=-12.82 wrist_flex.pos=+93.28 wrist_roll.pos=-7.41 gripper.pos=+29.74
DEBUG 2026-09-03 08:59:45 [action #501] t=20.00s step=500 queue=20 dmax=0.467 | shoulder_pan.pos=-36.09 shoulder_lift.pos=+18.13 elbow_flex.pos=-12.35 wrist_flex.pos=+93.17 wrist_roll.pos=-7.37 gripper.pos=+30.19
DEBUG 2026-09-03 08:59:45 [action #502] t=20.03s step=501 queue=19 dmax=0.440 | shoulder_pan.pos=-36.05 shoulder_lift.pos=+18.44 elbow_flex.pos=-12.07 wrist_flex.pos=+92.99 wrist_roll.pos=-7.33 gripper.pos=+30.63
DEBUG 2026-09-03 08:59:45 [action #503] t=20.07s step=502 queue=18 dmax=0.302 | shoulder_pan.pos=-36.13 shoulder_lift.pos=+18.36 elbow_flex.pos=-12.23 wrist_flex.pos=+92.69 wrist_roll.pos=-7.37 gripper.pos=+30.58
DEBUG 2026-09-03 08:59:45 [action #504] t=20.10s step=503 queue=17 dmax=0.376 | shoulder_pan.pos=-36.28 shoulder_lift.pos=+18.38 elbow_flex.pos=-11.85 wrist_flex.pos=+92.33 wrist_roll.pos=-7.40 gripper.pos=+30.50
DEBUG 2026-09-03 08:59:45 [action #505] t=20.13s step=504 queue=16 dmax=0.751 | shoulder_pan.pos=-36.52 shoulder_lift.pos=+19.14 elbow_flex.pos=-11.72 wrist_flex.pos=+91.89 wrist_roll.pos=-7.41 gripper.pos=+30.42
DEBUG 2026-09-03 08:59:45 [action #506] t=20.17s step=505 queue=15 dmax=0.546 | shoulder_pan.pos=-36.57 shoulder_lift.pos=+18.92 elbow_flex.pos=-11.17 wrist_flex.pos=+91.51 wrist_roll.pos=-7.32 gripper.pos=+30.43
DEBUG 2026-09-03 08:59:45 [action #507] t=20.20s step=506 queue=14 dmax=0.616 | shoulder_pan.pos=-36.55 shoulder_lift.pos=+19.05 elbow_flex.pos=-11.03 wrist_flex.pos=+90.90 wrist_roll.pos=-7.48 gripper.pos=+30.34
DEBUG 2026-09-03 08:59:45 [action #508] t=20.23s step=507 queue=13 dmax=0.417 | shoulder_pan.pos=-36.83 shoulder_lift.pos=+19.47 elbow_flex.pos=-10.73 wrist_flex.pos=+90.61 wrist_roll.pos=-7.45 gripper.pos=+30.24
DEBUG 2026-09-03 08:59:45 [action #509] t=20.27s step=508 queue=12 dmax=0.306 | shoulder_pan.pos=-36.81 shoulder_lift.pos=+19.78 elbow_flex.pos=-10.85 wrist_flex.pos=+90.37 wrist_roll.pos=-7.42 gripper.pos=+30.23
DEBUG 2026-09-03 08:59:45 [action #510] t=20.30s step=509 queue=11 dmax=0.449 | shoulder_pan.pos=-36.85 shoulder_lift.pos=+20.23 elbow_flex.pos=-10.73 wrist_flex.pos=+90.06 wrist_roll.pos=-7.45 gripper.pos=+30.13
DEBUG 2026-09-03 08:59:45 [action #511] t=20.33s step=510 queue=10 dmax=0.578 | shoulder_pan.pos=-37.24 shoulder_lift.pos=+20.80 elbow_flex.pos=-11.08 wrist_flex.pos=+89.94 wrist_roll.pos=-7.54 gripper.pos=+30.32
DEBUG 2026-09-03 08:59:45 [action #512] t=20.37s step=511 queue=9 dmax=0.079 | shoulder_pan.pos=-37.25 shoulder_lift.pos=+20.84 elbow_flex.pos=-11.00 wrist_flex.pos=+89.91 wrist_roll.pos=-7.56 gripper.pos=+30.24
DEBUG 2026-09-03 08:59:45 [action #513] t=20.40s step=512 queue=8 dmax=0.781 | shoulder_pan.pos=-37.41 shoulder_lift.pos=+21.62 elbow_flex.pos=-11.10 wrist_flex.pos=+89.82 wrist_roll.pos=-7.56 gripper.pos=+30.29
DEBUG 2026-09-03 08:59:45 [action #514] t=20.43s step=513 queue=7 dmax=0.417 | shoulder_pan.pos=-37.43 shoulder_lift.pos=+22.03 elbow_flex.pos=-11.17 wrist_flex.pos=+89.84 wrist_roll.pos=-7.63 gripper.pos=+30.21
DEBUG 2026-09-03 08:59:45 [action #515] t=20.47s step=514 queue=6 dmax=0.559 | shoulder_pan.pos=-37.63 shoulder_lift.pos=+22.15 elbow_flex.pos=-10.61 wrist_flex.pos=+89.76 wrist_roll.pos=-7.66 gripper.pos=+30.26
DEBUG 2026-09-03 08:59:45 [action #516] t=20.50s step=515 queue=5 dmax=0.529 | shoulder_pan.pos=-37.54 shoulder_lift.pos=+22.68 elbow_flex.pos=-10.96 wrist_flex.pos=+89.76 wrist_roll.pos=-7.76 gripper.pos=+30.32
DEBUG 2026-09-03 08:59:45 [action #517] t=20.53s step=516 queue=4 dmax=0.653 | shoulder_pan.pos=-37.69 shoulder_lift.pos=+23.33 elbow_flex.pos=-11.51 wrist_flex.pos=+89.96 wrist_roll.pos=-7.81 gripper.pos=+30.24
DEBUG 2026-09-03 08:59:45 [action #518] t=20.57s step=517 queue=3 dmax=0.706 | shoulder_pan.pos=-37.70 shoulder_lift.pos=+23.58 elbow_flex.pos=-12.21 wrist_flex.pos=+90.15 wrist_roll.pos=-7.83 gripper.pos=+30.17
DEBUG 2026-09-03 08:59:45 [action #519] t=20.60s step=518 queue=2 dmax=1.105 | shoulder_pan.pos=-37.78 shoulder_lift.pos=+24.68 elbow_flex.pos=-12.14 wrist_flex.pos=+90.00 wrist_roll.pos=-7.98 gripper.pos=+30.11
DEBUG 2026-09-03 08:59:45 [action #520] t=20.63s step=519 queue=1 dmax=0.731 | shoulder_pan.pos=-38.07 shoulder_lift.pos=+25.35 elbow_flex.pos=-12.88 wrist_flex.pos=+90.15 wrist_roll.pos=-8.04 gripper.pos=+30.11
DEBUG 2026-09-03 08:59:45 [chunk] received 50 actions, timesteps 493..542 | first: shoulder_pan.pos=-6.35 shoulder_lift.pos=-37.80 elbow_flex.pos=+53.79 wrist_flex.pos=+64.78 wrist_roll.pos=+4.99 gripper.pos=+38.57 | last: shoulder_pan.pos=-5.14 shoulder_lift.pos=-25.05 elbow_flex.pos=+31.05 wrist_flex.pos=+80.22 wrist_roll.pos=+0.65 gripper.pos=+5.91
DEBUG 2026-09-03 08:59:46 [action #521] t=20.73s step=520 queue=23 dmax=62.084 | shoulder_pan.pos=-4.92 shoulder_lift.pos=-20.88 elbow_flex.pos=+49.21 wrist_flex.pos=+65.20 wrist_roll.pos=+1.10 gripper.pos=+20.45
DEBUG 2026-09-03 08:59:46 [action #522] t=20.77s step=521 queue=22 dmax=2.589 | shoulder_pan.pos=-5.04 shoulder_lift.pos=-21.08 elbow_flex.pos=+49.28 wrist_flex.pos=+65.35 wrist_roll.pos=+1.06 gripper.pos=+17.86
DEBUG 2026-09-03 08:59:46 [action #523] t=20.80s step=522 queue=21 dmax=2.395 | shoulder_pan.pos=-4.89 shoulder_lift.pos=-20.25 elbow_flex.pos=+48.83 wrist_flex.pos=+65.34 wrist_roll.pos=+1.05 gripper.pos=+15.46
DEBUG 2026-09-03 08:59:46 [action #524] t=20.83s step=523 queue=20 dmax=2.155 | shoulder_pan.pos=-4.78 shoulder_lift.pos=-20.49 elbow_flex.pos=+48.70 wrist_flex.pos=+65.28 wrist_roll.pos=+1.21 gripper.pos=+13.31
DEBUG 2026-09-03 08:59:46 [action #525] t=20.87s step=524 queue=19 dmax=1.470 | shoulder_pan.pos=-4.86 shoulder_lift.pos=-20.13 elbow_flex.pos=+48.76 wrist_flex.pos=+65.42 wrist_roll.pos=+1.05 gripper.pos=+11.84
DEBUG 2026-09-03 08:59:46 [action #526] t=20.90s step=525 queue=18 dmax=1.298 | shoulder_pan.pos=-5.19 shoulder_lift.pos=-20.46 elbow_flex.pos=+48.73 wrist_flex.pos=+65.79 wrist_roll.pos=+0.98 gripper.pos=+10.54
DEBUG 2026-09-03 08:59:46 [action #527] t=20.94s step=526 queue=17 dmax=1.578 | shoulder_pan.pos=-4.70 shoulder_lift.pos=-19.97 elbow_flex.pos=+47.16 wrist_flex.pos=+65.61 wrist_roll.pos=+0.96 gripper.pos=+9.54
DEBUG 2026-09-03 08:59:46 [action #528] t=20.97s step=527 queue=16 dmax=0.577 | shoulder_pan.pos=-4.66 shoulder_lift.pos=-20.23 elbow_flex.pos=+47.12 wrist_flex.pos=+66.11 wrist_roll.pos=+0.81 gripper.pos=+8.96
DEBUG 2026-09-03 08:59:46 [action #529] t=21.00s step=528 queue=15 dmax=0.693 | shoulder_pan.pos=-4.71 shoulder_lift.pos=-20.55 elbow_flex.pos=+46.43 wrist_flex.pos=+66.44 wrist_roll.pos=+0.82 gripper.pos=+8.62
DEBUG 2026-09-03 08:59:46 [action #530] t=21.04s step=529 queue=14 dmax=0.585 | shoulder_pan.pos=-4.72 shoulder_lift.pos=-20.10 elbow_flex.pos=+46.88 wrist_flex.pos=+67.03 wrist_roll.pos=+0.84 gripper.pos=+8.52
DEBUG 2026-09-03 08:59:46 [action #531] t=21.07s step=530 queue=13 dmax=1.671 | shoulder_pan.pos=-4.83 shoulder_lift.pos=-20.55 elbow_flex.pos=+45.21 wrist_flex.pos=+67.63 wrist_roll.pos=+0.85 gripper.pos=+8.26
DEBUG 2026-09-03 08:59:46 [action #532] t=21.10s step=531 queue=12 dmax=0.633 | shoulder_pan.pos=-4.63 shoulder_lift.pos=-20.40 elbow_flex.pos=+44.71 wrist_flex.pos=+68.27 wrist_roll.pos=+0.79 gripper.pos=+8.06
DEBUG 2026-09-03 08:59:46 [action #533] t=21.14s step=532 queue=11 dmax=1.023 | shoulder_pan.pos=-4.58 shoulder_lift.pos=-20.50 elbow_flex.pos=+44.06 wrist_flex.pos=+69.29 wrist_roll.pos=+0.84 gripper.pos=+7.55
DEBUG 2026-09-03 08:59:46 [action #534] t=21.17s step=533 queue=10 dmax=0.924 | shoulder_pan.pos=-4.47 shoulder_lift.pos=-19.97 elbow_flex.pos=+43.37 wrist_flex.pos=+70.21 wrist_roll.pos=+0.61 gripper.pos=+7.35
DEBUG 2026-09-03 08:59:46 [action #535] t=21.20s step=534 queue=9 dmax=1.606 | shoulder_pan.pos=-4.62 shoulder_lift.pos=-20.71 elbow_flex.pos=+41.76 wrist_flex.pos=+71.03 wrist_roll.pos=+0.63 gripper.pos=+6.59
DEBUG 2026-09-03 08:59:46 [action #536] t=21.24s step=535 queue=8 dmax=0.925 | shoulder_pan.pos=-4.61 shoulder_lift.pos=-21.21 elbow_flex.pos=+41.00 wrist_flex.pos=+71.95 wrist_roll.pos=+0.76 gripper.pos=+6.30
DEBUG 2026-09-03 08:59:46 [action #537] t=21.27s step=536 queue=7 dmax=1.252 | shoulder_pan.pos=-4.46 shoulder_lift.pos=-20.79 elbow_flex.pos=+39.74 wrist_flex.pos=+73.00 wrist_roll.pos=+0.76 gripper.pos=+6.22
DEBUG 2026-09-03 08:59:46 [action #538] t=21.30s step=537 queue=6 dmax=1.656 | shoulder_pan.pos=-4.34 shoulder_lift.pos=-22.07 elbow_flex.pos=+38.09 wrist_flex.pos=+74.12 wrist_roll.pos=+0.70 gripper.pos=+6.20
DEBUG 2026-09-03 08:59:46 [action #539] t=21.34s step=538 queue=5 dmax=1.334 | shoulder_pan.pos=-4.65 shoulder_lift.pos=-22.07 elbow_flex.pos=+36.92 wrist_flex.pos=+75.45 wrist_roll.pos=+0.80 gripper.pos=+6.18
DEBUG 2026-09-03 08:59:46 [action #540] t=21.37s step=539 queue=4 dmax=1.766 | shoulder_pan.pos=-4.78 shoulder_lift.pos=-23.29 elbow_flex.pos=+35.15 wrist_flex.pos=+76.69 wrist_roll.pos=+0.73 gripper.pos=+6.18
DEBUG 2026-09-03 08:59:46 [action #541] t=21.40s step=540 queue=3 dmax=1.167 | shoulder_pan.pos=-4.95 shoulder_lift.pos=-23.89 elbow_flex.pos=+34.42 wrist_flex.pos=+77.86 wrist_roll.pos=+0.70 gripper.pos=+6.21
DEBUG 2026-09-03 08:59:46 [action #542] t=21.44s step=541 queue=2 dmax=1.833 | shoulder_pan.pos=-4.95 shoulder_lift.pos=-24.97 elbow_flex.pos=+32.59 wrist_flex.pos=+79.07 wrist_roll.pos=+0.52 gripper.pos=+5.99
DEBUG 2026-09-03 08:59:46 [action #543] t=21.47s step=542 queue=1 dmax=1.538 | shoulder_pan.pos=-5.14 shoulder_lift.pos=-25.05 elbow_flex.pos=+31.05 wrist_flex.pos=+80.22 wrist_roll.pos=+0.65 gripper.pos=+5.91
DEBUG 2026-09-03 08:59:46 [chunk] received 50 actions, timesteps 519..568 | first: shoulder_pan.pos=-38.93 shoulder_lift.pos=+18.32 elbow_flex.pos=-9.19 wrist_flex.pos=+88.28 wrist_roll.pos=-7.26 gripper.pos=+34.47 | last: shoulder_pan.pos=-40.55 shoulder_lift.pos=+38.52 elbow_flex.pos=-27.56 wrist_flex.pos=+84.95 wrist_roll.pos=-7.53 gripper.pos=+3.99
DEBUG 2026-09-03 08:59:46 [action #544] t=21.67s step=543 queue=26 dmax=51.760 | shoulder_pan.pos=-41.64 shoulder_lift.pos=+26.71 elbow_flex.pos=-11.62 wrist_flex.pos=+81.13 wrist_roll.pos=-7.23 gripper.pos=+34.16
DEBUG 2026-09-03 08:59:46 [action #545] t=21.70s step=544 queue=25 dmax=1.238 | shoulder_pan.pos=-41.76 shoulder_lift.pos=+27.95 elbow_flex.pos=-11.95 wrist_flex.pos=+80.65 wrist_roll.pos=-7.29 gripper.pos=+34.18
DEBUG 2026-09-03 08:59:47 [action #546] t=21.74s step=545 queue=24 dmax=0.561 | shoulder_pan.pos=-41.72 shoulder_lift.pos=+28.51 elbow_flex.pos=-12.50 wrist_flex.pos=+80.41 wrist_roll.pos=-7.24 gripper.pos=+33.98
DEBUG 2026-09-03 08:59:47 [action #547] t=21.77s step=546 queue=23 dmax=0.784 | shoulder_pan.pos=-41.70 shoulder_lift.pos=+29.29 elbow_flex.pos=-12.72 wrist_flex.pos=+80.12 wrist_roll.pos=-7.31 gripper.pos=+33.91
DEBUG 2026-09-03 08:59:47 [action #548] t=21.80s step=547 queue=22 dmax=1.299 | shoulder_pan.pos=-41.69 shoulder_lift.pos=+30.51 elbow_flex.pos=-14.02 wrist_flex.pos=+79.83 wrist_roll.pos=-7.32 gripper.pos=+33.96
DEBUG 2026-09-03 08:59:47 [action #549] t=21.84s step=548 queue=21 dmax=1.176 | shoulder_pan.pos=-41.54 shoulder_lift.pos=+31.69 elbow_flex.pos=-14.29 wrist_flex.pos=+79.90 wrist_roll.pos=-7.33 gripper.pos=+33.88
DEBUG 2026-09-03 08:59:47 [action #550] t=21.87s step=549 queue=20 dmax=0.775 | shoulder_pan.pos=-41.53 shoulder_lift.pos=+32.17 elbow_flex.pos=-15.07 wrist_flex.pos=+80.14 wrist_roll.pos=-7.39 gripper.pos=+33.81
DEBUG 2026-09-03 08:59:47 [action #551] t=21.90s step=550 queue=19 dmax=1.737 | shoulder_pan.pos=-41.72 shoulder_lift.pos=+33.91 elbow_flex.pos=-16.09 wrist_flex.pos=+80.37 wrist_roll.pos=-7.36 gripper.pos=+33.66
DEBUG 2026-09-03 08:59:47 [action #552] t=21.94s step=551 queue=18 dmax=0.968 | shoulder_pan.pos=-41.65 shoulder_lift.pos=+34.74 elbow_flex.pos=-17.06 wrist_flex.pos=+80.41 wrist_roll.pos=-7.45 gripper.pos=+32.88
DEBUG 2026-09-03 08:59:47 [action #553] t=21.97s step=552 queue=17 dmax=1.509 | shoulder_pan.pos=-41.55 shoulder_lift.pos=+35.21 elbow_flex.pos=-17.61 wrist_flex.pos=+80.98 wrist_roll.pos=-7.54 gripper.pos=+31.37
DEBUG 2026-09-03 08:59:47 [action #554] t=22.01s step=553 queue=16 dmax=2.221 | shoulder_pan.pos=-41.61 shoulder_lift.pos=+36.57 elbow_flex.pos=-18.35 wrist_flex.pos=+81.31 wrist_roll.pos=-7.59 gripper.pos=+29.15
DEBUG 2026-09-03 08:59:47 [action #555] t=22.04s step=554 queue=15 dmax=3.021 | shoulder_pan.pos=-41.51 shoulder_lift.pos=+37.13 elbow_flex.pos=-19.08 wrist_flex.pos=+81.60 wrist_roll.pos=-7.58 gripper.pos=+26.12
DEBUG 2026-09-03 08:59:47 [action #556] t=22.07s step=555 queue=14 dmax=3.313 | shoulder_pan.pos=-41.56 shoulder_lift.pos=+37.87 elbow_flex.pos=-20.05 wrist_flex.pos=+81.78 wrist_roll.pos=-7.61 gripper.pos=+22.81
DEBUG 2026-09-03 08:59:47 [action #557] t=22.11s step=556 queue=13 dmax=3.570 | shoulder_pan.pos=-41.36 shoulder_lift.pos=+38.40 elbow_flex.pos=-20.22 wrist_flex.pos=+81.91 wrist_roll.pos=-7.60 gripper.pos=+19.24
DEBUG 2026-09-03 08:59:47 [action #558] t=22.14s step=557 queue=12 dmax=3.419 | shoulder_pan.pos=-41.09 shoulder_lift.pos=+38.51 elbow_flex.pos=-20.70 wrist_flex.pos=+81.70 wrist_roll.pos=-7.42 gripper.pos=+15.82
DEBUG 2026-09-03 08:59:47 [action #559] t=22.17s step=558 queue=11 dmax=3.109 | shoulder_pan.pos=-41.25 shoulder_lift.pos=+38.81 elbow_flex.pos=-20.39 wrist_flex.pos=+81.62 wrist_roll.pos=-7.41 gripper.pos=+12.71
DEBUG 2026-09-03 08:59:47 [action #560] t=22.21s step=559 queue=10 dmax=2.495 | shoulder_pan.pos=-41.10 shoulder_lift.pos=+38.66 elbow_flex.pos=-21.27 wrist_flex.pos=+81.73 wrist_roll.pos=-7.25 gripper.pos=+10.22
DEBUG 2026-09-03 08:59:47 [action #561] t=22.24s step=560 queue=9 dmax=1.668 | shoulder_pan.pos=-41.18 shoulder_lift.pos=+39.01 elbow_flex.pos=-21.29 wrist_flex.pos=+81.87 wrist_roll.pos=-7.20 gripper.pos=+8.55
DEBUG 2026-09-03 08:59:47 [action #562] t=22.27s step=561 queue=8 dmax=1.491 | shoulder_pan.pos=-40.95 shoulder_lift.pos=+38.59 elbow_flex.pos=-21.28 wrist_flex.pos=+81.71 wrist_roll.pos=-7.17 gripper.pos=+7.06
DEBUG 2026-09-03 08:59:47 [action #563] t=22.31s step=562 queue=7 dmax=1.214 | shoulder_pan.pos=-40.74 shoulder_lift.pos=+38.47 elbow_flex.pos=-21.79 wrist_flex.pos=+81.81 wrist_roll.pos=-7.06 gripper.pos=+5.85
DEBUG 2026-09-03 08:59:47 [action #564] t=22.34s step=563 queue=6 dmax=1.067 | shoulder_pan.pos=-40.76 shoulder_lift.pos=+38.43 elbow_flex.pos=-22.07 wrist_flex.pos=+81.89 wrist_roll.pos=-7.09 gripper.pos=+4.78
DEBUG 2026-09-03 08:59:47 [action #565] t=22.37s step=564 queue=5 dmax=0.886 | shoulder_pan.pos=-40.84 shoulder_lift.pos=+38.52 elbow_flex.pos=-22.96 wrist_flex.pos=+82.13 wrist_roll.pos=-7.12 gripper.pos=+4.23
DEBUG 2026-09-03 08:59:47 [action #566] t=22.41s step=565 queue=4 dmax=0.928 | shoulder_pan.pos=-40.72 shoulder_lift.pos=+38.65 elbow_flex.pos=-23.89 wrist_flex.pos=+82.57 wrist_roll.pos=-7.27 gripper.pos=+3.99
DEBUG 2026-09-03 08:59:47 [action #567] t=22.44s step=566 queue=3 dmax=0.699 | shoulder_pan.pos=-40.65 shoulder_lift.pos=+38.55 elbow_flex.pos=-24.59 wrist_flex.pos=+83.21 wrist_roll.pos=-7.42 gripper.pos=+3.91
DEBUG 2026-09-03 08:59:47 [action #568] t=22.47s step=567 queue=2 dmax=1.407 | shoulder_pan.pos=-40.51 shoulder_lift.pos=+38.51 elbow_flex.pos=-25.99 wrist_flex.pos=+83.99 wrist_roll.pos=-7.42 gripper.pos=+4.00
DEBUG 2026-09-03 08:59:47 [action #569] t=22.51s step=568 queue=1 dmax=1.568 | shoulder_pan.pos=-40.55 shoulder_lift.pos=+38.52 elbow_flex.pos=-27.56 wrist_flex.pos=+84.95 wrist_roll.pos=-7.53 gripper.pos=+3.99
DEBUG 2026-09-03 08:59:47 [chunk] received 50 actions, timesteps 542..591 | first: shoulder_pan.pos=-5.04 shoulder_lift.pos=-24.85 elbow_flex.pos=+32.15 wrist_flex.pos=+79.12 wrist_roll.pos=+0.67 gripper.pos=+9.14 | last: shoulder_pan.pos=-4.38 shoulder_lift.pos=-17.74 elbow_flex.pos=+42.10 wrist_flex.pos=+69.08 wrist_roll.pos=+3.23 gripper.pos=+43.69
DEBUG 2026-09-03 08:59:47 [action #570] t=22.57s step=569 queue=23 dmax=68.381 | shoulder_pan.pos=-4.93 shoulder_lift.pos=-29.86 elbow_flex.pos=+34.90 wrist_flex.pos=+76.42 wrist_roll.pos=+5.07 gripper.pos=+38.98
DEBUG 2026-09-03 08:59:47 [action #571] t=22.61s step=570 queue=22 dmax=0.555 | shoulder_pan.pos=-4.56 shoulder_lift.pos=-29.33 elbow_flex.pos=+35.05 wrist_flex.pos=+75.91 wrist_roll.pos=+5.07 gripper.pos=+39.53
DEBUG 2026-09-03 08:59:47 [action #572] t=22.64s step=571 queue=21 dmax=0.737 | shoulder_pan.pos=-4.51 shoulder_lift.pos=-29.76 elbow_flex.pos=+35.70 wrist_flex.pos=+75.92 wrist_roll.pos=+4.86 gripper.pos=+40.27
DEBUG 2026-09-03 08:59:47 [action #573] t=22.67s step=572 queue=20 dmax=0.749 | shoulder_pan.pos=-4.26 shoulder_lift.pos=-29.85 elbow_flex.pos=+36.20 wrist_flex.pos=+75.71 wrist_roll.pos=+4.84 gripper.pos=+41.02
DEBUG 2026-09-03 08:59:47 [action #574] t=22.71s step=573 queue=19 dmax=0.717 | shoulder_pan.pos=-4.18 shoulder_lift.pos=-30.43 elbow_flex.pos=+36.73 wrist_flex.pos=+75.60 wrist_roll.pos=+4.72 gripper.pos=+41.74
DEBUG 2026-09-03 08:59:48 [action #575] t=22.74s step=574 queue=18 dmax=0.472 | shoulder_pan.pos=-4.12 shoulder_lift.pos=-30.57 elbow_flex.pos=+37.15 wrist_flex.pos=+75.42 wrist_roll.pos=+4.80 gripper.pos=+42.21
DEBUG 2026-09-03 08:59:48 [action #576] t=22.77s step=575 queue=17 dmax=1.004 | shoulder_pan.pos=-3.90 shoulder_lift.pos=-30.66 elbow_flex.pos=+38.15 wrist_flex.pos=+75.46 wrist_roll.pos=+4.71 gripper.pos=+42.71
DEBUG 2026-09-03 08:59:48 [action #577] t=22.81s step=576 queue=16 dmax=0.625 | shoulder_pan.pos=-3.54 shoulder_lift.pos=-30.59 elbow_flex.pos=+38.75 wrist_flex.pos=+74.84 wrist_roll.pos=+4.59 gripper.pos=+43.31
DEBUG 2026-09-03 08:59:48 [action #578] t=22.84s step=577 queue=15 dmax=1.153 | shoulder_pan.pos=-3.35 shoulder_lift.pos=-30.24 elbow_flex.pos=+39.91 wrist_flex.pos=+74.26 wrist_roll.pos=+4.59 gripper.pos=+43.36
DEBUG 2026-09-03 08:59:48 [action #579] t=22.87s step=578 queue=14 dmax=0.921 | shoulder_pan.pos=-2.99 shoulder_lift.pos=-31.16 elbow_flex.pos=+39.95 wrist_flex.pos=+73.77 wrist_roll.pos=+4.63 gripper.pos=+43.56
DEBUG 2026-09-03 08:59:48 [action #580] t=22.91s step=579 queue=13 dmax=0.450 | shoulder_pan.pos=-2.76 shoulder_lift.pos=-30.81 elbow_flex.pos=+40.40 wrist_flex.pos=+73.44 wrist_roll.pos=+4.48 gripper.pos=+43.70
DEBUG 2026-09-03 08:59:48 [action #581] t=22.94s step=580 queue=12 dmax=1.241 | shoulder_pan.pos=-2.92 shoulder_lift.pos=-30.12 elbow_flex.pos=+41.64 wrist_flex.pos=+72.94 wrist_roll.pos=+4.56 gripper.pos=+43.74
DEBUG 2026-09-03 08:59:48 [action #582] t=22.97s step=581 queue=11 dmax=0.595 | shoulder_pan.pos=-2.91 shoulder_lift.pos=-29.53 elbow_flex.pos=+42.13 wrist_flex.pos=+72.90 wrist_roll.pos=+4.54 gripper.pos=+43.66
DEBUG 2026-09-03 08:59:48 [action #583] t=23.01s step=582 queue=10 dmax=0.567 | shoulder_pan.pos=-2.61 shoulder_lift.pos=-29.01 elbow_flex.pos=+41.57 wrist_flex.pos=+72.82 wrist_roll.pos=+4.48 gripper.pos=+43.71
DEBUG 2026-09-03 08:59:48 [action #584] t=23.04s step=583 queue=9 dmax=1.415 | shoulder_pan.pos=-2.84 shoulder_lift.pos=-27.60 elbow_flex.pos=+41.82 wrist_flex.pos=+72.48 wrist_roll.pos=+4.33 gripper.pos=+44.03
DEBUG 2026-09-03 08:59:48 [action #585] t=23.08s step=584 queue=8 dmax=0.827 | shoulder_pan.pos=-2.91 shoulder_lift.pos=-26.77 elbow_flex.pos=+41.98 wrist_flex.pos=+72.00 wrist_roll.pos=+4.31 gripper.pos=+43.92
DEBUG 2026-09-03 08:59:48 [action #586] t=23.11s step=585 queue=7 dmax=1.475 | shoulder_pan.pos=-3.22 shoulder_lift.pos=-25.29 elbow_flex.pos=+42.27 wrist_flex.pos=+71.80 wrist_roll.pos=+4.42 gripper.pos=+43.93
DEBUG 2026-09-03 08:59:48 [action #587] t=23.14s step=586 queue=6 dmax=0.984 | shoulder_pan.pos=-3.21 shoulder_lift.pos=-24.31 elbow_flex.pos=+41.97 wrist_flex.pos=+71.28 wrist_roll.pos=+4.23 gripper.pos=+43.91
DEBUG 2026-09-03 08:59:48 [action #588] t=23.18s step=587 queue=5 dmax=0.624 | shoulder_pan.pos=-3.36 shoulder_lift.pos=-23.69 elbow_flex.pos=+41.92 wrist_flex.pos=+71.15 wrist_roll.pos=+4.17 gripper.pos=+43.88
DEBUG 2026-09-03 08:59:48 [action #589] t=23.21s step=588 queue=4 dmax=1.309 | shoulder_pan.pos=-3.63 shoulder_lift.pos=-22.38 elbow_flex.pos=+42.32 wrist_flex.pos=+70.56 wrist_roll.pos=+4.05 gripper.pos=+43.87
DEBUG 2026-09-03 08:59:48 [action #590] t=23.24s step=589 queue=3 dmax=1.880 | shoulder_pan.pos=-3.76 shoulder_lift.pos=-20.50 elbow_flex.pos=+42.01 wrist_flex.pos=+70.06 wrist_roll.pos=+3.73 gripper.pos=+43.83
DEBUG 2026-09-03 08:59:48 [action #591] t=23.28s step=590 queue=2 dmax=1.344 | shoulder_pan.pos=-4.20 shoulder_lift.pos=-19.15 elbow_flex.pos=+41.71 wrist_flex.pos=+69.55 wrist_roll.pos=+3.46 gripper.pos=+43.77
DEBUG 2026-09-03 08:59:48 [action #592] t=23.31s step=591 queue=1 dmax=1.414 | shoulder_pan.pos=-4.38 shoulder_lift.pos=-17.74 elbow_flex.pos=+42.10 wrist_flex.pos=+69.08 wrist_roll.pos=+3.23 gripper.pos=+43.69
DEBUG 2026-09-03 08:59:48 [chunk] received 50 actions, timesteps 568..617 | first: shoulder_pan.pos=-40.73 shoulder_lift.pos=+35.82 elbow_flex.pos=-27.59 wrist_flex.pos=+85.69 wrist_roll.pos=-7.90 gripper.pos=+3.07 | last: shoulder_pan.pos=-7.14 shoulder_lift.pos=+5.48 elbow_flex.pos=-38.33 wrist_flex.pos=+100.76 wrist_roll.pos=-8.50 gripper.pos=+4.40
DEBUG 2026-09-03 08:59:48 [action #593] t=23.48s step=592 queue=26 dmax=91.662 | shoulder_pan.pos=-37.44 shoulder_lift.pos=+28.84 elbow_flex.pos=-49.56 wrist_flex.pos=+101.01 wrist_roll.pos=-9.29 gripper.pos=+4.31
DEBUG 2026-09-03 08:59:48 [action #594] t=23.51s step=593 queue=25 dmax=1.698 | shoulder_pan.pos=-36.61 shoulder_lift.pos=+27.14 elbow_flex.pos=-49.46 wrist_flex.pos=+100.78 wrist_roll.pos=-9.34 gripper.pos=+4.34
DEBUG 2026-09-03 08:59:48 [action #595] t=23.54s step=594 queue=24 dmax=1.477 | shoulder_pan.pos=-36.17 shoulder_lift.pos=+25.66 elbow_flex.pos=-49.04 wrist_flex.pos=+100.68 wrist_roll.pos=-9.54 gripper.pos=+4.18
DEBUG 2026-09-03 08:59:48 [action #596] t=23.58s step=595 queue=23 dmax=1.406 | shoulder_pan.pos=-35.20 shoulder_lift.pos=+24.26 elbow_flex.pos=-49.07 wrist_flex.pos=+100.59 wrist_roll.pos=-9.44 gripper.pos=+4.22
DEBUG 2026-09-03 08:59:48 [action #597] t=23.61s step=596 queue=22 dmax=1.042 | shoulder_pan.pos=-34.48 shoulder_lift.pos=+23.42 elbow_flex.pos=-48.03 wrist_flex.pos=+100.71 wrist_roll.pos=-9.44 gripper.pos=+4.45
DEBUG 2026-09-03 08:59:48 [action #598] t=23.64s step=597 queue=21 dmax=2.163 | shoulder_pan.pos=-33.17 shoulder_lift.pos=+21.26 elbow_flex.pos=-48.16 wrist_flex.pos=+100.74 wrist_roll.pos=-9.34 gripper.pos=+4.41
DEBUG 2026-09-03 08:59:48 [action #599] t=23.68s step=598 queue=20 dmax=1.430 | shoulder_pan.pos=-32.60 shoulder_lift.pos=+19.83 elbow_flex.pos=-47.89 wrist_flex.pos=+100.86 wrist_roll.pos=-9.32 gripper.pos=+4.25
DEBUG 2026-09-03 08:59:48 [action #600] t=23.71s step=599 queue=19 dmax=1.180 | shoulder_pan.pos=-31.43 shoulder_lift.pos=+18.66 elbow_flex.pos=-47.27 wrist_flex.pos=+101.12 wrist_roll.pos=-9.24 gripper.pos=+4.48
DEBUG 2026-09-03 08:59:49 [action #601] t=23.74s step=600 queue=18 dmax=1.202 | shoulder_pan.pos=-30.38 shoulder_lift.pos=+17.46 elbow_flex.pos=-46.90 wrist_flex.pos=+100.91 wrist_roll.pos=-9.28 gripper.pos=+4.26
DEBUG 2026-09-03 08:59:49 [action #602] t=23.78s step=601 queue=17 dmax=2.096 | shoulder_pan.pos=-29.39 shoulder_lift.pos=+15.36 elbow_flex.pos=-45.90 wrist_flex.pos=+100.93 wrist_roll.pos=-9.33 gripper.pos=+4.54
DEBUG 2026-09-03 08:59:49 [action #603] t=23.81s step=602 queue=16 dmax=1.520 | shoulder_pan.pos=-27.87 shoulder_lift.pos=+15.10 elbow_flex.pos=-46.13 wrist_flex.pos=+100.82 wrist_roll.pos=-9.21 gripper.pos=+4.48
DEBUG 2026-09-03 08:59:49 [action #604] t=23.84s step=603 queue=15 dmax=1.689 | shoulder_pan.pos=-26.72 shoulder_lift.pos=+13.41 elbow_flex.pos=-44.89 wrist_flex.pos=+100.84 wrist_roll.pos=-8.89 gripper.pos=+4.59
DEBUG 2026-09-03 08:59:49 [action #605] t=23.88s step=604 queue=14 dmax=1.357 | shoulder_pan.pos=-25.37 shoulder_lift.pos=+12.25 elbow_flex.pos=-44.13 wrist_flex.pos=+100.76 wrist_roll.pos=-8.88 gripper.pos=+4.55
DEBUG 2026-09-03 08:59:49 [action #606] t=23.91s step=605 queue=13 dmax=1.218 | shoulder_pan.pos=-24.15 shoulder_lift.pos=+11.87 elbow_flex.pos=-43.80 wrist_flex.pos=+100.74 wrist_roll.pos=-8.78 gripper.pos=+4.55
DEBUG 2026-09-03 08:59:49 [action #607] t=23.94s step=606 queue=12 dmax=1.155 | shoulder_pan.pos=-22.99 shoulder_lift.pos=+11.95 elbow_flex.pos=-43.08 wrist_flex.pos=+100.85 wrist_roll.pos=-8.88 gripper.pos=+4.54
DEBUG 2026-09-03 08:59:49 [action #608] t=23.98s step=607 queue=11 dmax=1.646 | shoulder_pan.pos=-21.35 shoulder_lift.pos=+10.79 elbow_flex.pos=-43.94 wrist_flex.pos=+100.79 wrist_roll.pos=-8.74 gripper.pos=+4.54
DEBUG 2026-09-03 08:59:49 [action #609] t=24.01s step=608 queue=10 dmax=1.546 | shoulder_pan.pos=-19.80 shoulder_lift.pos=+11.15 elbow_flex.pos=-43.07 wrist_flex.pos=+100.84 wrist_roll.pos=-8.61 gripper.pos=+4.66
DEBUG 2026-09-03 08:59:49 [action #610] t=24.05s step=609 queue=9 dmax=1.775 | shoulder_pan.pos=-18.74 shoulder_lift.pos=+9.38 elbow_flex.pos=-42.28 wrist_flex.pos=+100.87 wrist_roll.pos=-8.76 gripper.pos=+4.53
DEBUG 2026-09-03 08:59:49 [action #611] t=24.08s step=610 queue=8 dmax=1.559 | shoulder_pan.pos=-17.18 shoulder_lift.pos=+9.21 elbow_flex.pos=-42.02 wrist_flex.pos=+100.95 wrist_roll.pos=-8.62 gripper.pos=+4.41
DEBUG 2026-09-03 08:59:49 [action #612] t=24.11s step=611 queue=7 dmax=1.907 | shoulder_pan.pos=-15.28 shoulder_lift.pos=+8.80 elbow_flex.pos=-42.61 wrist_flex.pos=+100.96 wrist_roll.pos=-8.51 gripper.pos=+4.59
DEBUG 2026-09-03 08:59:49 [action #613] t=24.15s step=612 queue=6 dmax=1.188 | shoulder_pan.pos=-14.39 shoulder_lift.pos=+8.48 elbow_flex.pos=-41.42 wrist_flex.pos=+100.75 wrist_roll.pos=-8.61 gripper.pos=+4.55
DEBUG 2026-09-03 08:59:49 [action #614] t=24.18s step=613 queue=5 dmax=1.459 | shoulder_pan.pos=-12.93 shoulder_lift.pos=+7.44 elbow_flex.pos=-40.49 wrist_flex.pos=+101.07 wrist_roll.pos=-8.52 gripper.pos=+4.51
DEBUG 2026-09-03 08:59:49 [action #615] t=24.21s step=614 queue=4 dmax=1.591 | shoulder_pan.pos=-11.34 shoulder_lift.pos=+6.60 elbow_flex.pos=-40.60 wrist_flex.pos=+100.79 wrist_roll.pos=-8.60 gripper.pos=+4.62
DEBUG 2026-09-03 08:59:49 [action #616] t=24.25s step=615 queue=3 dmax=1.305 | shoulder_pan.pos=-10.04 shoulder_lift.pos=+6.70 elbow_flex.pos=-39.66 wrist_flex.pos=+100.96 wrist_roll.pos=-8.54 gripper.pos=+4.48
DEBUG 2026-09-03 08:59:49 [action #617] t=24.28s step=616 queue=2 dmax=1.406 | shoulder_pan.pos=-8.63 shoulder_lift.pos=+6.53 elbow_flex.pos=-39.55 wrist_flex.pos=+100.82 wrist_roll.pos=-8.48 gripper.pos=+4.49
DEBUG 2026-09-03 08:59:49 [action #618] t=24.31s step=617 queue=1 dmax=1.487 | shoulder_pan.pos=-7.14 shoulder_lift.pos=+5.48 elbow_flex.pos=-38.33 wrist_flex.pos=+100.76 wrist_roll.pos=-8.50 gripper.pos=+4.40
DEBUG 2026-09-03 08:59:49 [chunk] received 50 actions, timesteps 591..640 | first: shoulder_pan.pos=-4.22 shoulder_lift.pos=-15.86 elbow_flex.pos=+42.76 wrist_flex.pos=+70.29 wrist_roll.pos=+3.84 gripper.pos=+41.82 | last: shoulder_pan.pos=-3.71 shoulder_lift.pos=-26.55 elbow_flex.pos=+12.04 wrist_flex.pos=+90.93 wrist_roll.pos=-1.16 gripper.pos=+4.51
DEBUG 2026-09-03 08:59:49 [action #619] t=24.38s step=618 queue=23 dmax=74.758 | shoulder_pan.pos=-5.09 shoulder_lift.pos=-6.80 elbow_flex.pos=+36.43 wrist_flex.pos=+71.85 wrist_roll.pos=+0.63 gripper.pos=+5.72
DEBUG 2026-09-03 08:59:49 [action #620] t=24.41s step=619 queue=22 dmax=0.593 | shoulder_pan.pos=-5.29 shoulder_lift.pos=-6.86 elbow_flex.pos=+36.46 wrist_flex.pos=+72.45 wrist_roll.pos=+0.31 gripper.pos=+5.69
DEBUG 2026-09-03 08:59:49 [action #621] t=24.45s step=620 queue=21 dmax=1.024 | shoulder_pan.pos=-5.24 shoulder_lift.pos=-7.55 elbow_flex.pos=+35.44 wrist_flex.pos=+73.15 wrist_roll.pos=+0.04 gripper.pos=+5.84
DEBUG 2026-09-03 08:59:49 [action #622] t=24.48s step=621 queue=20 dmax=1.394 | shoulder_pan.pos=-5.20 shoulder_lift.pos=-7.43 elbow_flex.pos=+34.04 wrist_flex.pos=+73.66 wrist_roll.pos=-0.01 gripper.pos=+5.83
DEBUG 2026-09-03 08:59:49 [action #623] t=24.51s step=622 queue=19 dmax=1.380 | shoulder_pan.pos=-5.23 shoulder_lift.pos=-8.50 elbow_flex.pos=+32.66 wrist_flex.pos=+74.44 wrist_roll.pos=-0.18 gripper.pos=+5.58
DEBUG 2026-09-03 08:59:49 [action #624] t=24.55s step=623 queue=18 dmax=1.067 | shoulder_pan.pos=-5.48 shoulder_lift.pos=-8.81 elbow_flex.pos=+31.60 wrist_flex.pos=+75.33 wrist_roll.pos=-0.29 gripper.pos=+5.41
DEBUG 2026-09-03 08:59:49 [action #625] t=24.58s step=624 queue=17 dmax=1.103 | shoulder_pan.pos=-5.37 shoulder_lift.pos=-9.92 elbow_flex.pos=+31.26 wrist_flex.pos=+76.30 wrist_roll.pos=-0.49 gripper.pos=+5.37
DEBUG 2026-09-03 08:59:49 [action #626] t=24.61s step=625 queue=16 dmax=1.028 | shoulder_pan.pos=-5.23 shoulder_lift.pos=-9.70 elbow_flex.pos=+30.23 wrist_flex.pos=+77.19 wrist_roll.pos=-0.74 gripper.pos=+5.32
DEBUG 2026-09-03 08:59:49 [action #627] t=24.65s step=626 queue=15 dmax=1.000 | shoulder_pan.pos=-5.13 shoulder_lift.pos=-10.56 elbow_flex.pos=+29.42 wrist_flex.pos=+78.19 wrist_roll.pos=-0.77 gripper.pos=+5.38
DEBUG 2026-09-03 08:59:49 [action #628] t=24.68s step=627 queue=14 dmax=0.994 | shoulder_pan.pos=-5.28 shoulder_lift.pos=-11.12 elbow_flex.pos=+28.50 wrist_flex.pos=+79.18 wrist_roll.pos=-0.89 gripper.pos=+5.50
DEBUG 2026-09-03 08:59:49 [action #629] t=24.71s step=628 queue=13 dmax=1.856 | shoulder_pan.pos=-5.13 shoulder_lift.pos=-12.23 elbow_flex.pos=+26.64 wrist_flex.pos=+80.36 wrist_roll.pos=-1.05 gripper.pos=+5.45
DEBUG 2026-09-03 08:59:50 [action #630] t=24.75s step=629 queue=12 dmax=1.382 | shoulder_pan.pos=-5.20 shoulder_lift.pos=-12.37 elbow_flex.pos=+25.26 wrist_flex.pos=+81.52 wrist_roll.pos=-1.01 gripper.pos=+5.32
DEBUG 2026-09-03 08:59:50 [action #631] t=24.78s step=630 queue=11 dmax=1.477 | shoulder_pan.pos=-5.07 shoulder_lift.pos=-13.85 elbow_flex.pos=+24.27 wrist_flex.pos=+82.61 wrist_roll.pos=-0.96 gripper.pos=+4.94
DEBUG 2026-09-03 08:59:50 [action #632] t=24.81s step=631 queue=10 dmax=1.996 | shoulder_pan.pos=-5.30 shoulder_lift.pos=-14.67 elbow_flex.pos=+22.28 wrist_flex.pos=+83.73 wrist_roll.pos=-0.79 gripper.pos=+4.65
DEBUG 2026-09-03 08:59:50 [action #633] t=24.85s step=632 queue=9 dmax=1.359 | shoulder_pan.pos=-5.45 shoulder_lift.pos=-15.74 elbow_flex.pos=+20.92 wrist_flex.pos=+85.00 wrist_roll.pos=-0.85 gripper.pos=+4.47
DEBUG 2026-09-03 08:59:50 [action #634] t=24.88s step=633 queue=8 dmax=1.256 | shoulder_pan.pos=-5.01 shoulder_lift.pos=-16.49 elbow_flex.pos=+19.66 wrist_flex.pos=+86.18 wrist_roll.pos=-0.98 gripper.pos=+4.61
DEBUG 2026-09-03 08:59:50 [action #635] t=24.91s step=634 queue=7 dmax=1.938 | shoulder_pan.pos=-4.96 shoulder_lift.pos=-18.43 elbow_flex.pos=+18.13 wrist_flex.pos=+87.10 wrist_roll.pos=-1.01 gripper.pos=+4.58
DEBUG 2026-09-03 08:59:50 [action #636] t=24.95s step=635 queue=6 dmax=1.843 | shoulder_pan.pos=-4.83 shoulder_lift.pos=-19.71 elbow_flex.pos=+16.28 wrist_flex.pos=+88.08 wrist_roll.pos=-0.98 gripper.pos=+4.68
DEBUG 2026-09-03 08:59:50 [action #637] t=24.98s step=636 queue=5 dmax=1.429 | shoulder_pan.pos=-4.68 shoulder_lift.pos=-21.14 elbow_flex.pos=+15.19 wrist_flex.pos=+88.86 wrist_roll.pos=-0.98 gripper.pos=+4.57
DEBUG 2026-09-03 08:59:50 [action #638] t=25.02s step=637 queue=4 dmax=1.651 | shoulder_pan.pos=-4.36 shoulder_lift.pos=-22.79 elbow_flex.pos=+14.68 wrist_flex.pos=+89.28 wrist_roll.pos=-0.97 gripper.pos=+4.49
DEBUG 2026-09-03 08:59:50 [action #639] t=25.05s step=638 queue=3 dmax=1.504 | shoulder_pan.pos=-4.19 shoulder_lift.pos=-24.29 elbow_flex.pos=+14.20 wrist_flex.pos=+89.96 wrist_roll.pos=-1.15 gripper.pos=+4.44
DEBUG 2026-09-03 08:59:50 [action #640] t=25.08s step=639 queue=2 dmax=1.222 | shoulder_pan.pos=-3.92 shoulder_lift.pos=-25.13 elbow_flex.pos=+12.98 wrist_flex.pos=+90.43 wrist_roll.pos=-1.17 gripper.pos=+4.50
DEBUG 2026-09-03 08:59:50 [action #641] t=25.12s step=640 queue=1 dmax=1.424 | shoulder_pan.pos=-3.71 shoulder_lift.pos=-26.55 elbow_flex.pos=+12.04 wrist_flex.pos=+90.93 wrist_roll.pos=-1.16 gripper.pos=+4.51
DEBUG 2026-09-03 08:59:50 [chunk] received 50 actions, timesteps 617..666 | first: shoulder_pan.pos=-10.80 shoulder_lift.pos=+9.11 elbow_flex.pos=-38.33 wrist_flex.pos=+98.62 wrist_roll.pos=-8.97 gripper.pos=+3.62 | last: shoulder_pan.pos=-9.50 shoulder_lift.pos=+32.10 elbow_flex.pos=-34.43 wrist_flex.pos=+89.81 wrist_roll.pos=-5.62 gripper.pos=+27.25
DEBUG 2026-09-03 08:59:50 [action #642] t=25.28s step=641 queue=26 dmax=42.773 | shoulder_pan.pos=-9.86 shoulder_lift.pos=+16.22 elbow_flex.pos=-27.93 wrist_flex.pos=+87.77 wrist_roll.pos=-5.82 gripper.pos=+7.89
DEBUG 2026-09-03 08:59:50 [action #643] t=25.32s step=642 queue=25 dmax=0.831 | shoulder_pan.pos=-9.74 shoulder_lift.pos=+17.05 elbow_flex.pos=-27.77 wrist_flex.pos=+87.60 wrist_roll.pos=-5.73 gripper.pos=+8.44
DEBUG 2026-09-03 08:59:50 [action #644] t=25.35s step=643 queue=24 dmax=1.168 | shoulder_pan.pos=-9.65 shoulder_lift.pos=+17.21 elbow_flex.pos=-27.90 wrist_flex.pos=+87.59 wrist_roll.pos=-5.79 gripper.pos=+9.61
DEBUG 2026-09-03 08:59:50 [action #645] t=25.38s step=644 queue=23 dmax=1.629 | shoulder_pan.pos=-9.72 shoulder_lift.pos=+17.44 elbow_flex.pos=-28.02 wrist_flex.pos=+87.72 wrist_roll.pos=-5.83 gripper.pos=+11.24
DEBUG 2026-09-03 08:59:50 [action #646] t=25.42s step=645 queue=22 dmax=1.924 | shoulder_pan.pos=-9.70 shoulder_lift.pos=+18.00 elbow_flex.pos=-28.13 wrist_flex.pos=+87.66 wrist_roll.pos=-5.81 gripper.pos=+13.16
DEBUG 2026-09-03 08:59:50 [action #647] t=25.45s step=646 queue=21 dmax=1.397 | shoulder_pan.pos=-9.96 shoulder_lift.pos=+17.94 elbow_flex.pos=-28.25 wrist_flex.pos=+87.50 wrist_roll.pos=-5.71 gripper.pos=+14.56
DEBUG 2026-09-03 08:59:50 [action #648] t=25.48s step=647 queue=20 dmax=1.065 | shoulder_pan.pos=-9.89 shoulder_lift.pos=+18.54 elbow_flex.pos=-28.06 wrist_flex.pos=+87.19 wrist_roll.pos=-5.70 gripper.pos=+15.62
DEBUG 2026-09-03 08:59:50 [action #649] t=25.52s step=648 queue=19 dmax=0.809 | shoulder_pan.pos=-9.79 shoulder_lift.pos=+19.35 elbow_flex.pos=-27.85 wrist_flex.pos=+87.04 wrist_roll.pos=-5.63 gripper.pos=+15.93
DEBUG 2026-09-03 08:59:50 [action #650] t=25.55s step=649 queue=18 dmax=0.500 | shoulder_pan.pos=-9.83 shoulder_lift.pos=+19.83 elbow_flex.pos=-28.13 wrist_flex.pos=+86.88 wrist_roll.pos=-5.64 gripper.pos=+16.43
DEBUG 2026-09-03 08:59:50 [action #651] t=25.58s step=650 queue=17 dmax=0.699 | shoulder_pan.pos=-9.93 shoulder_lift.pos=+20.52 elbow_flex.pos=-28.11 wrist_flex.pos=+86.88 wrist_roll.pos=-5.65 gripper.pos=+16.81
DEBUG 2026-09-03 08:59:50 [action #652] t=25.62s step=651 queue=16 dmax=0.705 | shoulder_pan.pos=-9.83 shoulder_lift.pos=+21.23 elbow_flex.pos=-28.29 wrist_flex.pos=+86.87 wrist_roll.pos=-5.68 gripper.pos=+17.48
DEBUG 2026-09-03 08:59:50 [action #653] t=25.65s step=652 queue=15 dmax=0.864 | shoulder_pan.pos=-9.90 shoulder_lift.pos=+21.96 elbow_flex.pos=-28.55 wrist_flex.pos=+87.05 wrist_roll.pos=-5.69 gripper.pos=+18.34
DEBUG 2026-09-03 08:59:50 [action #654] t=25.68s step=653 queue=14 dmax=1.207 | shoulder_pan.pos=-9.90 shoulder_lift.pos=+22.84 elbow_flex.pos=-28.77 wrist_flex.pos=+87.33 wrist_roll.pos=-5.73 gripper.pos=+19.55
DEBUG 2026-09-03 08:59:50 [action #655] t=25.72s step=654 queue=13 dmax=1.503 | shoulder_pan.pos=-9.94 shoulder_lift.pos=+23.32 elbow_flex.pos=-29.21 wrist_flex.pos=+87.66 wrist_roll.pos=-5.69 gripper.pos=+21.05
DEBUG 2026-09-03 08:59:51 [action #656] t=25.75s step=655 queue=12 dmax=1.609 | shoulder_pan.pos=-9.80 shoulder_lift.pos=+23.90 elbow_flex.pos=-29.80 wrist_flex.pos=+88.07 wrist_roll.pos=-5.75 gripper.pos=+22.66
DEBUG 2026-09-03 08:59:51 [action #657] t=25.78s step=656 queue=11 dmax=1.483 | shoulder_pan.pos=-9.89 shoulder_lift.pos=+24.54 elbow_flex.pos=-30.09 wrist_flex.pos=+88.50 wrist_roll.pos=-5.83 gripper.pos=+24.14
DEBUG 2026-09-03 08:59:51 [action #658] t=25.82s step=657 queue=10 dmax=1.217 | shoulder_pan.pos=-9.72 shoulder_lift.pos=+25.56 elbow_flex.pos=-30.23 wrist_flex.pos=+88.78 wrist_roll.pos=-5.92 gripper.pos=+25.36
DEBUG 2026-09-03 08:59:51 [action #659] t=25.85s step=658 queue=9 dmax=0.868 | shoulder_pan.pos=-9.87 shoulder_lift.pos=+26.20 elbow_flex.pos=-30.98 wrist_flex.pos=+89.16 wrist_roll.pos=-5.89 gripper.pos=+26.23
DEBUG 2026-09-03 08:59:51 [action #660] t=25.88s step=659 queue=8 dmax=0.738 | shoulder_pan.pos=-9.79 shoulder_lift.pos=+26.93 elbow_flex.pos=-31.56 wrist_flex.pos=+89.41 wrist_roll.pos=-5.88 gripper.pos=+26.68
DEBUG 2026-09-03 08:59:51 [action #661] t=25.92s step=660 queue=7 dmax=0.663 | shoulder_pan.pos=-9.72 shoulder_lift.pos=+27.60 elbow_flex.pos=-32.21 wrist_flex.pos=+89.60 wrist_roll.pos=-5.84 gripper.pos=+26.54
DEBUG 2026-09-03 08:59:51 [action #662] t=25.95s step=661 queue=6 dmax=0.906 | shoulder_pan.pos=-9.82 shoulder_lift.pos=+28.50 elbow_flex.pos=-32.84 wrist_flex.pos=+89.75 wrist_roll.pos=-5.85 gripper.pos=+26.42
DEBUG 2026-09-03 08:59:51 [action #663] t=25.98s step=662 queue=5 dmax=0.979 | shoulder_pan.pos=-9.54 shoulder_lift.pos=+29.48 elbow_flex.pos=-32.98 wrist_flex.pos=+89.81 wrist_roll.pos=-5.76 gripper.pos=+26.23
DEBUG 2026-09-03 08:59:51 [action #664] t=26.02s step=663 queue=4 dmax=0.592 | shoulder_pan.pos=-9.51 shoulder_lift.pos=+30.07 elbow_flex.pos=-33.21 wrist_flex.pos=+89.89 wrist_roll.pos=-5.73 gripper.pos=+26.22
DEBUG 2026-09-03 08:59:51 [action #665] t=26.05s step=664 queue=3 dmax=0.585 | shoulder_pan.pos=-9.55 shoulder_lift.pos=+30.64 elbow_flex.pos=-33.79 wrist_flex.pos=+89.77 wrist_roll.pos=-5.67 gripper.pos=+26.47
DEBUG 2026-09-03 08:59:51 [chunk] received 50 actions, timesteps 640..689 | first: shoulder_pan.pos=-4.20 shoulder_lift.pos=-27.43 elbow_flex.pos=+16.99 wrist_flex.pos=+87.72 wrist_roll.pos=-0.84 gripper.pos=+7.78 | last: shoulder_pan.pos=-3.05 shoulder_lift.pos=-13.68 elbow_flex.pos=+30.79 wrist_flex.pos=+74.28 wrist_roll.pos=+1.90 gripper.pos=+38.54
DEBUG 2026-09-03 08:59:51 [action #666] t=26.09s step=665 queue=25 dmax=45.478 | shoulder_pan.pos=-3.77 shoulder_lift.pos=-12.54 elbow_flex.pos=+11.69 wrist_flex.pos=+83.54 wrist_roll.pos=+0.37 gripper.pos=+34.82
DEBUG 2026-09-03 08:59:51 [action #667] t=26.12s step=666 queue=24 dmax=0.811 | shoulder_pan.pos=-3.54 shoulder_lift.pos=-11.72 elbow_flex.pos=+11.45 wrist_flex.pos=+83.26 wrist_roll.pos=+0.38 gripper.pos=+35.07
DEBUG 2026-09-03 08:59:51 [action #668] t=26.15s step=667 queue=23 dmax=20.403 | shoulder_pan.pos=-1.14 shoulder_lift.pos=-30.77 elbow_flex.pos=+31.85 wrist_flex.pos=+80.14 wrist_roll.pos=+2.97 gripper.pos=+38.53
DEBUG 2026-09-03 08:59:51 [action #669] t=26.19s step=668 queue=22 dmax=0.756 | shoulder_pan.pos=-1.18 shoulder_lift.pos=-30.02 elbow_flex.pos=+32.05 wrist_flex.pos=+79.99 wrist_roll.pos=+3.28 gripper.pos=+38.81
DEBUG 2026-09-03 08:59:51 [action #670] t=26.22s step=669 queue=21 dmax=0.639 | shoulder_pan.pos=-0.97 shoulder_lift.pos=-29.46 elbow_flex.pos=+31.98 wrist_flex.pos=+79.60 wrist_roll.pos=+3.33 gripper.pos=+39.45
DEBUG 2026-09-03 08:59:51 [action #671] t=26.25s step=670 queue=20 dmax=1.389 | shoulder_pan.pos=-0.99 shoulder_lift.pos=-30.03 elbow_flex.pos=+32.14 wrist_flex.pos=+79.56 wrist_roll.pos=+3.28 gripper.pos=+40.84
DEBUG 2026-09-03 08:59:51 [action #672] t=26.29s step=671 queue=19 dmax=1.511 | shoulder_pan.pos=-1.12 shoulder_lift.pos=-28.52 elbow_flex.pos=+31.78 wrist_flex.pos=+79.64 wrist_roll.pos=+3.26 gripper.pos=+42.18
DEBUG 2026-09-03 08:59:51 [action #673] t=26.32s step=672 queue=18 dmax=0.868 | shoulder_pan.pos=-0.92 shoulder_lift.pos=-27.94 elbow_flex.pos=+32.36 wrist_flex.pos=+79.67 wrist_roll.pos=+3.16 gripper.pos=+43.05
DEBUG 2026-09-03 08:59:51 [action #674] t=26.35s step=673 queue=17 dmax=1.074 | shoulder_pan.pos=-1.08 shoulder_lift.pos=-26.86 elbow_flex.pos=+31.60 wrist_flex.pos=+79.67 wrist_roll.pos=+3.14 gripper.pos=+43.97
DEBUG 2026-09-03 08:59:51 [action #675] t=26.39s step=674 queue=16 dmax=0.789 | shoulder_pan.pos=-1.14 shoulder_lift.pos=-26.08 elbow_flex.pos=+31.83 wrist_flex.pos=+79.50 wrist_roll.pos=+3.07 gripper.pos=+44.04
DEBUG 2026-09-03 08:59:51 [action #676] t=26.42s step=675 queue=15 dmax=0.833 | shoulder_pan.pos=-1.03 shoulder_lift.pos=-26.19 elbow_flex.pos=+32.67 wrist_flex.pos=+79.38 wrist_roll.pos=+3.13 gripper.pos=+44.12
DEBUG 2026-09-03 08:59:51 [action #677] t=26.45s step=676 queue=14 dmax=0.381 | shoulder_pan.pos=-1.22 shoulder_lift.pos=-25.97 elbow_flex.pos=+32.75 wrist_flex.pos=+79.00 wrist_roll.pos=+3.28 gripper.pos=+43.93
DEBUG 2026-09-03 08:59:51 [action #678] t=26.49s step=677 queue=13 dmax=1.559 | shoulder_pan.pos=-1.65 shoulder_lift.pos=-24.41 elbow_flex.pos=+32.86 wrist_flex.pos=+78.69 wrist_roll.pos=+3.23 gripper.pos=+43.72
DEBUG 2026-09-03 08:59:51 [action #679] t=26.52s step=678 queue=12 dmax=0.220 | shoulder_pan.pos=-1.43 shoulder_lift.pos=-24.52 elbow_flex.pos=+32.76 wrist_flex.pos=+78.75 wrist_roll.pos=+3.19 gripper.pos=+43.78
DEBUG 2026-09-03 08:59:51 [action #680] t=26.55s step=679 queue=11 dmax=0.634 | shoulder_pan.pos=-1.70 shoulder_lift.pos=-23.89 elbow_flex.pos=+32.72 wrist_flex.pos=+78.57 wrist_roll.pos=+3.08 gripper.pos=+43.81
DEBUG 2026-09-03 08:59:51 [action #681] t=26.59s step=680 queue=10 dmax=1.182 | shoulder_pan.pos=-1.74 shoulder_lift.pos=-22.70 elbow_flex.pos=+32.70 wrist_flex.pos=+78.65 wrist_roll.pos=+3.08 gripper.pos=+43.76
DEBUG 2026-09-03 08:59:51 [action #682] t=26.62s step=681 queue=9 dmax=0.538 | shoulder_pan.pos=-1.77 shoulder_lift.pos=-22.17 elbow_flex.pos=+32.70 wrist_flex.pos=+78.18 wrist_roll.pos=+3.04 gripper.pos=+43.74
DEBUG 2026-09-03 08:59:51 [action #683] t=26.65s step=682 queue=8 dmax=0.562 | shoulder_pan.pos=-1.84 shoulder_lift.pos=-21.60 elbow_flex.pos=+32.16 wrist_flex.pos=+78.08 wrist_roll.pos=+3.11 gripper.pos=+43.65
DEBUG 2026-09-03 08:59:51 [action #684] t=26.69s step=683 queue=7 dmax=1.494 | shoulder_pan.pos=-1.99 shoulder_lift.pos=-20.11 elbow_flex.pos=+32.47 wrist_flex.pos=+77.39 wrist_roll.pos=+2.95 gripper.pos=+43.41
DEBUG 2026-09-03 08:59:51 [action #685] t=26.72s step=684 queue=6 dmax=0.742 | shoulder_pan.pos=-2.27 shoulder_lift.pos=-19.37 elbow_flex.pos=+32.11 wrist_flex.pos=+77.03 wrist_roll.pos=+2.87 gripper.pos=+43.22
DEBUG 2026-09-03 08:59:52 [action #686] t=26.75s step=685 queue=5 dmax=1.367 | shoulder_pan.pos=-2.41 shoulder_lift.pos=-18.00 elbow_flex.pos=+31.79 wrist_flex.pos=+76.55 wrist_roll.pos=+2.78 gripper.pos=+42.47
DEBUG 2026-09-03 08:59:52 [action #687] t=26.79s step=686 queue=4 dmax=1.099 | shoulder_pan.pos=-2.62 shoulder_lift.pos=-17.06 elbow_flex.pos=+31.18 wrist_flex.pos=+75.84 wrist_roll.pos=+2.49 gripper.pos=+41.37
DEBUG 2026-09-03 08:59:52 [action #688] t=26.82s step=687 queue=3 dmax=1.155 | shoulder_pan.pos=-2.65 shoulder_lift.pos=-16.46 elbow_flex.pos=+31.07 wrist_flex.pos=+75.12 wrist_roll.pos=+2.26 gripper.pos=+40.21
DEBUG 2026-09-03 08:59:52 [chunk] received 50 actions, timesteps 664..713 | first: shoulder_pan.pos=-10.19 shoulder_lift.pos=+29.66 elbow_flex.pos=-33.70 wrist_flex.pos=+91.07 wrist_roll.pos=-4.76 gripper.pos=+27.75 | last: shoulder_pan.pos=-11.72 shoulder_lift.pos=+51.93 elbow_flex.pos=-45.97 wrist_flex.pos=+93.41 wrist_roll.pos=-3.42 gripper.pos=+22.14
INFO 2026-09-03 08:59:59 Final action sent: shoulder_pan.pos=-2.65 shoulder_lift.pos=-16.46 elbow_flex.pos=+31.07 wrist_flex.pos=+75.12 wrist_roll.pos=+2.26 gripper.pos=+40.21
DEBUG 2026-09-03 08:59:59 === episode end | 34.0s | converged=False | actions=688 ===
