DEBUG 2026-08-19 07:33:33 === episode start | task: 'put the stuffed animal on the tray' | duration: 30.0s ===
DEBUG 2026-08-19 07:33:34 [chunk] received 50 actions, timesteps 2579..2628 | first: shoulder_pan.pos=-35.58 shoulder_lift.pos=-9.19 elbow_flex.pos=-7.84 wrist_flex.pos=+76.07 wrist_roll.pos=-2.51 gripper.pos=+3.65 | last: shoulder_pan.pos=-39.45 shoulder_lift.pos=+17.11 elbow_flex.pos=-20.04 wrist_flex.pos=+76.69 wrist_roll.pos=+19.79 gripper.pos=+37.71
DEBUG 2026-08-19 07:33:34 [action #1] t=1.00s step=2579 queue=50 dmax=n/a | shoulder_pan.pos=-35.58 shoulder_lift.pos=-9.19 elbow_flex.pos=-7.84 wrist_flex.pos=+76.07 wrist_roll.pos=-2.51 gripper.pos=+3.65
DEBUG 2026-08-19 07:33:34 [action #2] t=1.04s step=2580 queue=49 dmax=0.639 | shoulder_pan.pos=-35.39 shoulder_lift.pos=-9.83 elbow_flex.pos=-8.41 wrist_flex.pos=+76.61 wrist_roll.pos=-2.07 gripper.pos=+3.59
DEBUG 2026-08-19 07:33:34 [action #3] t=1.07s step=2581 queue=48 dmax=1.911 | shoulder_pan.pos=-35.10 shoulder_lift.pos=-7.92 elbow_flex.pos=-9.44 wrist_flex.pos=+77.49 wrist_roll.pos=-1.46 gripper.pos=+3.76
DEBUG 2026-08-19 07:33:34 [action #4] t=1.10s step=2582 queue=47 dmax=0.497 | shoulder_pan.pos=-35.49 shoulder_lift.pos=-7.42 elbow_flex.pos=-9.87 wrist_flex.pos=+77.76 wrist_roll.pos=-0.99 gripper.pos=+3.74
DEBUG 2026-08-19 07:33:34 [action #5] t=1.14s step=2583 queue=46 dmax=0.819 | shoulder_pan.pos=-35.12 shoulder_lift.pos=-6.73 elbow_flex.pos=-10.69 wrist_flex.pos=+78.03 wrist_roll.pos=-0.27 gripper.pos=+3.88
DEBUG 2026-08-19 07:33:34 [action #6] t=1.17s step=2584 queue=45 dmax=0.799 | shoulder_pan.pos=-35.35 shoulder_lift.pos=-5.93 elbow_flex.pos=-11.20 wrist_flex.pos=+78.57 wrist_roll.pos=+0.35 gripper.pos=+4.02
DEBUG 2026-08-19 07:33:34 [action #7] t=1.20s step=2585 queue=44 dmax=0.868 | shoulder_pan.pos=-35.50 shoulder_lift.pos=-6.18 elbow_flex.pos=-11.73 wrist_flex.pos=+78.69 wrist_roll.pos=+1.22 gripper.pos=+4.07
DEBUG 2026-08-19 07:33:34 [action #8] t=1.24s step=2586 queue=43 dmax=0.962 | shoulder_pan.pos=-35.69 shoulder_lift.pos=-5.22 elbow_flex.pos=-12.08 wrist_flex.pos=+79.10 wrist_roll.pos=+1.77 gripper.pos=+4.02
DEBUG 2026-08-19 07:33:34 [action #9] t=1.27s step=2587 queue=42 dmax=0.737 | shoulder_pan.pos=-35.75 shoulder_lift.pos=-4.48 elbow_flex.pos=-12.80 wrist_flex.pos=+79.21 wrist_roll.pos=+2.50 gripper.pos=+4.21
DEBUG 2026-08-19 07:33:34 [action #10] t=1.30s step=2588 queue=41 dmax=0.700 | shoulder_pan.pos=-36.18 shoulder_lift.pos=-4.08 elbow_flex.pos=-12.86 wrist_flex.pos=+79.67 wrist_roll.pos=+3.20 gripper.pos=+4.07
DEBUG 2026-08-19 07:33:34 [action #11] t=1.34s step=2589 queue=40 dmax=1.010 | shoulder_pan.pos=-36.36 shoulder_lift.pos=-3.51 elbow_flex.pos=-13.87 wrist_flex.pos=+80.07 wrist_roll.pos=+3.82 gripper.pos=+3.93
DEBUG 2026-08-19 07:33:34 [action #12] t=1.37s step=2590 queue=39 dmax=0.509 | shoulder_pan.pos=-36.30 shoulder_lift.pos=-3.46 elbow_flex.pos=-14.13 wrist_flex.pos=+80.00 wrist_roll.pos=+4.32 gripper.pos=+4.06
DEBUG 2026-08-19 07:33:34 [action #13] t=1.40s step=2591 queue=38 dmax=0.648 | shoulder_pan.pos=-36.31 shoulder_lift.pos=-3.79 elbow_flex.pos=-14.58 wrist_flex.pos=+80.65 wrist_roll.pos=+4.79 gripper.pos=+3.92
DEBUG 2026-08-19 07:33:34 [action #14] t=1.44s step=2592 queue=37 dmax=1.053 | shoulder_pan.pos=-36.45 shoulder_lift.pos=-2.92 elbow_flex.pos=-15.64 wrist_flex.pos=+80.58 wrist_roll.pos=+5.21 gripper.pos=+3.95
DEBUG 2026-08-19 07:33:34 [action #15] t=1.47s step=2593 queue=36 dmax=0.284 | shoulder_pan.pos=-36.38 shoulder_lift.pos=-3.20 elbow_flex.pos=-15.41 wrist_flex.pos=+80.84 wrist_roll.pos=+5.45 gripper.pos=+4.00
DEBUG 2026-08-19 07:33:34 [action #16] t=1.51s step=2594 queue=35 dmax=1.422 | shoulder_pan.pos=-36.42 shoulder_lift.pos=-1.78 elbow_flex.pos=-16.08 wrist_flex.pos=+80.98 wrist_roll.pos=+5.88 gripper.pos=+3.75
DEBUG 2026-08-19 07:33:34 [action #17] t=1.54s step=2595 queue=34 dmax=0.436 | shoulder_pan.pos=-36.52 shoulder_lift.pos=-2.09 elbow_flex.pos=-16.26 wrist_flex.pos=+81.23 wrist_roll.pos=+6.32 gripper.pos=+3.83
DEBUG 2026-08-19 07:33:34 [action #18] t=1.57s step=2596 queue=33 dmax=0.686 | shoulder_pan.pos=-36.64 shoulder_lift.pos=-1.42 elbow_flex.pos=-16.72 wrist_flex.pos=+81.14 wrist_roll.pos=+7.00 gripper.pos=+3.72
DEBUG 2026-08-19 07:33:34 [action #19] t=1.61s step=2597 queue=32 dmax=0.707 | shoulder_pan.pos=-36.60 shoulder_lift.pos=-0.78 elbow_flex.pos=-16.90 wrist_flex.pos=+81.06 wrist_roll.pos=+7.71 gripper.pos=+3.57
DEBUG 2026-08-19 07:33:34 [action #20] t=1.64s step=2598 queue=31 dmax=0.818 | shoulder_pan.pos=-36.74 shoulder_lift.pos=-0.97 elbow_flex.pos=-17.01 wrist_flex.pos=+81.16 wrist_roll.pos=+8.53 gripper.pos=+3.71
DEBUG 2026-08-19 07:33:34 [action #21] t=1.67s step=2599 queue=30 dmax=0.980 | shoulder_pan.pos=-37.29 shoulder_lift.pos=-0.61 elbow_flex.pos=-16.67 wrist_flex.pos=+81.31 wrist_roll.pos=+9.51 gripper.pos=+3.88
DEBUG 2026-08-19 07:33:34 [action #22] t=1.71s step=2600 queue=29 dmax=0.766 | shoulder_pan.pos=-37.47 shoulder_lift.pos=-1.23 elbow_flex.pos=-16.94 wrist_flex.pos=+81.34 wrist_roll.pos=+10.18 gripper.pos=+4.65
DEBUG 2026-08-19 07:33:34 [chunk] received 50 actions, timesteps 0..49 | first: shoulder_pan.pos=-5.53 shoulder_lift.pos=-100.65 elbow_flex.pos=+89.49 wrist_flex.pos=+73.60 wrist_roll.pos=-1.20 gripper.pos=+1.83 | last: shoulder_pan.pos=-30.76 shoulder_lift.pos=-101.66 elbow_flex.pos=+87.54 wrist_flex.pos=+68.97 wrist_roll.pos=-2.02 gripper.pos=+1.69
DEBUG 2026-08-19 07:33:35 [chunk] received 50 actions, timesteps 2600..2649 | first: shoulder_pan.pos=-40.80 shoulder_lift.pos=+2.62 elbow_flex.pos=-15.70 wrist_flex.pos=+82.84 wrist_roll.pos=+9.29 gripper.pos=+12.43 | last: shoulder_pan.pos=-41.37 shoulder_lift.pos=+28.98 elbow_flex.pos=-16.76 wrist_flex.pos=+75.07 wrist_roll.pos=+18.72 gripper.pos=+38.72
DEBUG 2026-08-19 07:33:35 [action #23] t=2.61s step=2601 queue=49 dmax=8.949 | shoulder_pan.pos=-41.01 shoulder_lift.pos=+2.96 elbow_flex.pos=-16.39 wrist_flex.pos=+83.11 wrist_roll.pos=+9.59 gripper.pos=+13.60
DEBUG 2026-08-19 07:33:35 [action #24] t=2.64s step=2602 queue=48 dmax=1.156 | shoulder_pan.pos=-40.77 shoulder_lift.pos=+3.67 elbow_flex.pos=-16.61 wrist_flex.pos=+83.49 wrist_roll.pos=+9.99 gripper.pos=+14.75
DEBUG 2026-08-19 07:33:35 [action #25] t=2.68s step=2603 queue=47 dmax=1.193 | shoulder_pan.pos=-41.18 shoulder_lift.pos=+4.03 elbow_flex.pos=-16.45 wrist_flex.pos=+83.70 wrist_roll.pos=+10.41 gripper.pos=+15.94
DEBUG 2026-08-19 07:33:35 [action #26] t=2.71s step=2604 queue=46 dmax=1.807 | shoulder_pan.pos=-41.27 shoulder_lift.pos=+4.87 elbow_flex.pos=-16.16 wrist_flex.pos=+83.99 wrist_roll.pos=+10.98 gripper.pos=+17.75
DEBUG 2026-08-19 07:33:35 [action #27] t=2.74s step=2605 queue=45 dmax=2.409 | shoulder_pan.pos=-41.34 shoulder_lift.pos=+4.95 elbow_flex.pos=-15.90 wrist_flex.pos=+83.87 wrist_roll.pos=+11.60 gripper.pos=+20.16
DEBUG 2026-08-19 07:33:35 [action #28] t=2.78s step=2606 queue=44 dmax=3.385 | shoulder_pan.pos=-41.50 shoulder_lift.pos=+5.14 elbow_flex.pos=-15.16 wrist_flex.pos=+84.09 wrist_roll.pos=+12.19 gripper.pos=+23.55
DEBUG 2026-08-19 07:33:35 [action #29] t=2.81s step=2607 queue=43 dmax=3.371 | shoulder_pan.pos=-41.41 shoulder_lift.pos=+5.39 elbow_flex.pos=-14.65 wrist_flex.pos=+84.27 wrist_roll.pos=+12.76 gripper.pos=+26.92
DEBUG 2026-08-19 07:33:35 [action #30] t=2.84s step=2608 queue=42 dmax=2.939 | shoulder_pan.pos=-41.46 shoulder_lift.pos=+4.94 elbow_flex.pos=-14.66 wrist_flex.pos=+84.54 wrist_roll.pos=+13.35 gripper.pos=+29.86
DEBUG 2026-08-19 07:33:35 [action #31] t=2.88s step=2609 queue=41 dmax=2.872 | shoulder_pan.pos=-41.58 shoulder_lift.pos=+5.80 elbow_flex.pos=-14.11 wrist_flex.pos=+84.96 wrist_roll.pos=+13.88 gripper.pos=+32.73
DEBUG 2026-08-19 07:33:35 [action #32] t=2.91s step=2610 queue=40 dmax=1.854 | shoulder_pan.pos=-42.22 shoulder_lift.pos=+5.47 elbow_flex.pos=-13.29 wrist_flex.pos=+85.44 wrist_roll.pos=+14.28 gripper.pos=+34.58
DEBUG 2026-08-19 07:33:35 [action #33] t=2.94s step=2611 queue=39 dmax=1.252 | shoulder_pan.pos=-42.14 shoulder_lift.pos=+5.56 elbow_flex.pos=-13.03 wrist_flex.pos=+85.88 wrist_roll.pos=+14.56 gripper.pos=+35.83
DEBUG 2026-08-19 07:33:36 [action #34] t=2.98s step=2612 queue=38 dmax=0.777 | shoulder_pan.pos=-42.20 shoulder_lift.pos=+5.89 elbow_flex.pos=-12.25 wrist_flex.pos=+85.91 wrist_roll.pos=+15.02 gripper.pos=+36.33
DEBUG 2026-08-19 07:33:36 [action #35] t=3.01s step=2613 queue=37 dmax=0.454 | shoulder_pan.pos=-42.23 shoulder_lift.pos=+5.49 elbow_flex.pos=-12.48 wrist_flex.pos=+86.10 wrist_roll.pos=+15.48 gripper.pos=+36.22
DEBUG 2026-08-19 07:33:36 [action #36] t=3.04s step=2614 queue=36 dmax=0.634 | shoulder_pan.pos=-42.52 shoulder_lift.pos=+5.69 elbow_flex.pos=-11.85 wrist_flex.pos=+86.52 wrist_roll.pos=+15.84 gripper.pos=+35.96
DEBUG 2026-08-19 07:33:36 [action #37] t=3.08s step=2615 queue=35 dmax=0.605 | shoulder_pan.pos=-42.41 shoulder_lift.pos=+5.75 elbow_flex.pos=-11.53 wrist_flex.pos=+86.27 wrist_roll.pos=+16.45 gripper.pos=+35.54
DEBUG 2026-08-19 07:33:36 [action #38] t=3.11s step=2616 queue=34 dmax=0.888 | shoulder_pan.pos=-42.65 shoulder_lift.pos=+5.58 elbow_flex.pos=-11.31 wrist_flex.pos=+85.94 wrist_roll.pos=+17.34 gripper.pos=+35.56
DEBUG 2026-08-19 07:33:36 [action #39] t=3.14s step=2617 queue=33 dmax=0.735 | shoulder_pan.pos=-42.57 shoulder_lift.pos=+6.19 elbow_flex.pos=-10.89 wrist_flex.pos=+85.83 wrist_roll.pos=+18.07 gripper.pos=+35.73
DEBUG 2026-08-19 07:33:36 [action #40] t=3.18s step=2618 queue=32 dmax=0.751 | shoulder_pan.pos=-42.58 shoulder_lift.pos=+5.99 elbow_flex.pos=-10.14 wrist_flex.pos=+86.17 wrist_roll.pos=+18.65 gripper.pos=+36.02
DEBUG 2026-08-19 07:33:36 [action #41] t=3.21s step=2619 queue=31 dmax=0.919 | shoulder_pan.pos=-42.45 shoulder_lift.pos=+6.91 elbow_flex.pos=-10.34 wrist_flex.pos=+85.54 wrist_roll.pos=+19.20 gripper.pos=+36.24
DEBUG 2026-08-19 07:33:36 [action #42] t=3.24s step=2620 queue=30 dmax=0.299 | shoulder_pan.pos=-42.30 shoulder_lift.pos=+6.79 elbow_flex.pos=-10.04 wrist_flex.pos=+85.51 wrist_roll.pos=+19.38 gripper.pos=+36.30
DEBUG 2026-08-19 07:33:36 [action #43] t=3.28s step=2621 queue=29 dmax=0.590 | shoulder_pan.pos=-42.65 shoulder_lift.pos=+6.95 elbow_flex.pos=-9.45 wrist_flex.pos=+85.19 wrist_roll.pos=+19.85 gripper.pos=+36.53
DEBUG 2026-08-19 07:33:36 [action #44] t=3.31s step=2622 queue=28 dmax=1.175 | shoulder_pan.pos=-42.31 shoulder_lift.pos=+8.13 elbow_flex.pos=-9.70 wrist_flex.pos=+85.03 wrist_roll.pos=+19.76 gripper.pos=+36.61
DEBUG 2026-08-19 07:33:36 [action #45] t=3.34s step=2623 queue=27 dmax=0.661 | shoulder_pan.pos=-42.16 shoulder_lift.pos=+8.79 elbow_flex.pos=-9.55 wrist_flex.pos=+84.84 wrist_roll.pos=+19.89 gripper.pos=+36.92
DEBUG 2026-08-19 07:33:36 [chunk] received 50 actions, timesteps 2600..2649 | first: shoulder_pan.pos=-39.94 shoulder_lift.pos=+0.21 elbow_flex.pos=-12.93 wrist_flex.pos=+84.94 wrist_roll.pos=+9.15 gripper.pos=+19.88 | last: shoulder_pan.pos=-41.37 shoulder_lift.pos=+31.78 elbow_flex.pos=-18.82 wrist_flex.pos=+75.73 wrist_roll.pos=+18.86 gripper.pos=+36.59
DEBUG 2026-08-19 07:33:36 [action #46] t=3.38s step=2624 queue=26 dmax=2.986 | shoulder_pan.pos=-42.88 shoulder_lift.pos=+9.44 elbow_flex.pos=-9.89 wrist_flex.pos=+83.26 wrist_roll.pos=+20.16 gripper.pos=+33.94
DEBUG 2026-08-19 07:33:36 [action #47] t=3.41s step=2625 queue=25 dmax=1.132 | shoulder_pan.pos=-43.06 shoulder_lift.pos=+10.57 elbow_flex.pos=-10.12 wrist_flex.pos=+83.57 wrist_roll.pos=+20.28 gripper.pos=+34.11
DEBUG 2026-08-19 07:33:36 [action #48] t=3.45s step=2626 queue=24 dmax=1.069 | shoulder_pan.pos=-42.69 shoulder_lift.pos=+11.64 elbow_flex.pos=-11.08 wrist_flex.pos=+83.67 wrist_roll.pos=+20.39 gripper.pos=+34.26
DEBUG 2026-08-19 07:33:36 [action #49] t=3.48s step=2627 queue=23 dmax=0.499 | shoulder_pan.pos=-43.03 shoulder_lift.pos=+12.07 elbow_flex.pos=-10.71 wrist_flex.pos=+83.47 wrist_roll.pos=+20.48 gripper.pos=+34.76
DEBUG 2026-08-19 07:33:36 [action #50] t=3.51s step=2628 queue=22 dmax=0.995 | shoulder_pan.pos=-42.47 shoulder_lift.pos=+13.07 elbow_flex.pos=-10.99 wrist_flex.pos=+83.44 wrist_roll.pos=+20.51 gripper.pos=+34.91
DEBUG 2026-08-19 07:33:36 [action #51] t=3.55s step=2629 queue=21 dmax=1.186 | shoulder_pan.pos=-42.60 shoulder_lift.pos=+14.25 elbow_flex.pos=-11.06 wrist_flex.pos=+83.43 wrist_roll.pos=+20.54 gripper.pos=+35.20
DEBUG 2026-08-19 07:33:36 [action #52] t=3.58s step=2630 queue=20 dmax=0.596 | shoulder_pan.pos=-42.65 shoulder_lift.pos=+14.85 elbow_flex.pos=-11.26 wrist_flex.pos=+83.43 wrist_roll.pos=+20.62 gripper.pos=+35.59
DEBUG 2026-08-19 07:33:36 [action #53] t=3.61s step=2631 queue=19 dmax=1.282 | shoulder_pan.pos=-42.48 shoulder_lift.pos=+16.13 elbow_flex.pos=-12.08 wrist_flex.pos=+83.25 wrist_roll.pos=+20.67 gripper.pos=+35.82
DEBUG 2026-08-19 07:33:36 [action #54] t=3.65s step=2632 queue=18 dmax=0.662 | shoulder_pan.pos=-43.07 shoulder_lift.pos=+16.37 elbow_flex.pos=-12.55 wrist_flex.pos=+83.41 wrist_roll.pos=+20.93 gripper.pos=+36.48
DEBUG 2026-08-19 07:33:36 [action #55] t=3.68s step=2633 queue=17 dmax=1.734 | shoulder_pan.pos=-42.82 shoulder_lift.pos=+18.11 elbow_flex.pos=-12.65 wrist_flex.pos=+83.13 wrist_roll.pos=+20.95 gripper.pos=+37.03
DEBUG 2026-08-19 07:33:36 [action #56] t=3.71s step=2634 queue=16 dmax=0.733 | shoulder_pan.pos=-42.42 shoulder_lift.pos=+18.57 elbow_flex.pos=-13.38 wrist_flex.pos=+83.00 wrist_roll.pos=+20.96 gripper.pos=+37.68
DEBUG 2026-08-19 07:33:36 [action #57] t=3.75s step=2635 queue=15 dmax=1.460 | shoulder_pan.pos=-42.59 shoulder_lift.pos=+20.03 elbow_flex.pos=-13.58 wrist_flex.pos=+82.74 wrist_roll.pos=+21.08 gripper.pos=+37.84
DEBUG 2026-08-19 07:33:36 [action #58] t=3.78s step=2636 queue=14 dmax=0.876 | shoulder_pan.pos=-42.56 shoulder_lift.pos=+20.91 elbow_flex.pos=-14.31 wrist_flex.pos=+82.24 wrist_roll.pos=+20.87 gripper.pos=+37.85
DEBUG 2026-08-19 07:33:36 [action #59] t=3.81s step=2637 queue=13 dmax=0.976 | shoulder_pan.pos=-42.71 shoulder_lift.pos=+21.88 elbow_flex.pos=-15.01 wrist_flex.pos=+81.83 wrist_roll.pos=+20.90 gripper.pos=+37.79
DEBUG 2026-08-19 07:33:36 [action #60] t=3.85s step=2638 queue=12 dmax=0.620 | shoulder_pan.pos=-42.33 shoulder_lift.pos=+22.48 elbow_flex.pos=-15.63 wrist_flex.pos=+81.62 wrist_roll.pos=+20.70 gripper.pos=+37.75
DEBUG 2026-08-19 07:33:36 [action #61] t=3.88s step=2639 queue=11 dmax=1.134 | shoulder_pan.pos=-42.12 shoulder_lift.pos=+23.61 elbow_flex.pos=-16.01 wrist_flex.pos=+81.29 wrist_roll.pos=+20.67 gripper.pos=+37.51
DEBUG 2026-08-19 07:33:36 [action #62] t=3.91s step=2640 queue=10 dmax=0.638 | shoulder_pan.pos=-42.06 shoulder_lift.pos=+24.07 elbow_flex.pos=-16.21 wrist_flex.pos=+80.65 wrist_roll.pos=+20.65 gripper.pos=+37.49
DEBUG 2026-08-19 07:33:36 [action #63] t=3.95s step=2641 queue=9 dmax=1.155 | shoulder_pan.pos=-42.24 shoulder_lift.pos=+25.22 elbow_flex.pos=-16.55 wrist_flex.pos=+79.98 wrist_roll.pos=+20.53 gripper.pos=+37.48
DEBUG 2026-08-19 07:33:37 [action #64] t=3.98s step=2642 queue=8 dmax=0.792 | shoulder_pan.pos=-42.28 shoulder_lift.pos=+26.01 elbow_flex.pos=-17.20 wrist_flex.pos=+79.60 wrist_roll.pos=+20.39 gripper.pos=+37.51
DEBUG 2026-08-19 07:33:37 [action #65] t=4.01s step=2643 queue=7 dmax=1.285 | shoulder_pan.pos=-42.16 shoulder_lift.pos=+27.30 elbow_flex.pos=-17.73 wrist_flex.pos=+78.79 wrist_roll.pos=+20.13 gripper.pos=+37.29
DEBUG 2026-08-19 07:33:37 [action #66] t=4.05s step=2644 queue=6 dmax=0.842 | shoulder_pan.pos=-41.73 shoulder_lift.pos=+28.14 elbow_flex.pos=-18.03 wrist_flex.pos=+78.17 wrist_roll.pos=+19.97 gripper.pos=+37.19
DEBUG 2026-08-19 07:33:37 [action #67] t=4.08s step=2645 queue=5 dmax=0.777 | shoulder_pan.pos=-41.74 shoulder_lift.pos=+28.92 elbow_flex.pos=-17.77 wrist_flex.pos=+77.54 wrist_roll.pos=+19.83 gripper.pos=+37.27
DEBUG 2026-08-19 07:33:37 [action #68] t=4.11s step=2646 queue=4 dmax=1.153 | shoulder_pan.pos=-41.74 shoulder_lift.pos=+30.07 elbow_flex.pos=-17.58 wrist_flex.pos=+77.05 wrist_roll.pos=+19.71 gripper.pos=+37.08
DEBUG 2026-08-19 07:33:37 [action #69] t=4.15s step=2647 queue=3 dmax=0.777 | shoulder_pan.pos=-41.61 shoulder_lift.pos=+30.58 elbow_flex.pos=-18.14 wrist_flex.pos=+76.27 wrist_roll.pos=+19.40 gripper.pos=+37.19
DEBUG 2026-08-19 07:33:37 [action #70] t=4.18s step=2648 queue=2 dmax=1.005 | shoulder_pan.pos=-41.87 shoulder_lift.pos=+31.59 elbow_flex.pos=-18.84 wrist_flex.pos=+76.06 wrist_roll.pos=+18.95 gripper.pos=+37.26
DEBUG 2026-08-19 07:33:37 [action #71] t=4.21s step=2649 queue=1 dmax=0.647 | shoulder_pan.pos=-41.37 shoulder_lift.pos=+30.94 elbow_flex.pos=-18.20 wrist_flex.pos=+75.53 wrist_roll.pos=+18.82 gripper.pos=+37.23
DEBUG 2026-08-19 07:33:37 [chunk] received 50 actions, timesteps 2623..2672 | first: shoulder_pan.pos=-39.90 shoulder_lift.pos=+8.75 elbow_flex.pos=-12.77 wrist_flex.pos=+83.12 wrist_roll.pos=+18.63 gripper.pos=+38.61 | last: shoulder_pan.pos=-41.40 shoulder_lift.pos=+33.85 elbow_flex.pos=-36.54 wrist_flex.pos=+86.08 wrist_roll.pos=+6.73 gripper.pos=+9.88
DEBUG 2026-08-19 07:33:37 [action #72] t=4.28s step=2650 queue=23 dmax=7.121 | shoulder_pan.pos=-40.20 shoulder_lift.pos=+31.64 elbow_flex.pos=-13.99 wrist_flex.pos=+69.13 wrist_roll.pos=+15.54 gripper.pos=+30.11
DEBUG 2026-08-19 07:33:37 [action #73] t=4.32s step=2651 queue=22 dmax=3.040 | shoulder_pan.pos=-40.11 shoulder_lift.pos=+31.11 elbow_flex.pos=-14.40 wrist_flex.pos=+69.41 wrist_roll.pos=+15.60 gripper.pos=+27.07
DEBUG 2026-08-19 07:33:37 [action #74] t=4.35s step=2652 queue=21 dmax=2.993 | shoulder_pan.pos=-40.22 shoulder_lift.pos=+32.07 elbow_flex.pos=-15.22 wrist_flex.pos=+69.79 wrist_roll.pos=+15.52 gripper.pos=+24.08
DEBUG 2026-08-19 07:33:37 [action #75] t=4.38s step=2653 queue=20 dmax=2.928 | shoulder_pan.pos=-40.18 shoulder_lift.pos=+32.52 elbow_flex.pos=-15.32 wrist_flex.pos=+70.11 wrist_roll.pos=+15.50 gripper.pos=+21.15
DEBUG 2026-08-19 07:33:37 [action #76] t=4.42s step=2654 queue=19 dmax=2.769 | shoulder_pan.pos=-40.17 shoulder_lift.pos=+32.52 elbow_flex.pos=-16.33 wrist_flex.pos=+70.38 wrist_roll.pos=+15.34 gripper.pos=+18.38
DEBUG 2026-08-19 07:33:37 [action #77] t=4.45s step=2655 queue=18 dmax=2.582 | shoulder_pan.pos=-40.51 shoulder_lift.pos=+32.66 elbow_flex.pos=-16.43 wrist_flex.pos=+71.13 wrist_roll.pos=+15.43 gripper.pos=+15.80
DEBUG 2026-08-19 07:33:37 [action #78] t=4.48s step=2656 queue=17 dmax=2.391 | shoulder_pan.pos=-40.24 shoulder_lift.pos=+33.29 elbow_flex.pos=-17.48 wrist_flex.pos=+71.31 wrist_roll.pos=+15.25 gripper.pos=+13.40
DEBUG 2026-08-19 07:33:37 [action #79] t=4.52s step=2657 queue=16 dmax=1.836 | shoulder_pan.pos=-40.42 shoulder_lift.pos=+32.85 elbow_flex.pos=-17.67 wrist_flex.pos=+71.63 wrist_roll.pos=+15.11 gripper.pos=+11.57
DEBUG 2026-08-19 07:33:37 [action #80] t=4.55s step=2658 queue=15 dmax=1.178 | shoulder_pan.pos=-40.44 shoulder_lift.pos=+33.32 elbow_flex.pos=-18.02 wrist_flex.pos=+72.08 wrist_roll.pos=+14.77 gripper.pos=+10.39
DEBUG 2026-08-19 07:33:37 [action #81] t=4.58s step=2659 queue=14 dmax=1.144 | shoulder_pan.pos=-40.55 shoulder_lift.pos=+33.44 elbow_flex.pos=-19.17 wrist_flex.pos=+72.31 wrist_roll.pos=+14.56 gripper.pos=+9.78
DEBUG 2026-08-19 07:33:37 [action #82] t=4.62s step=2660 queue=13 dmax=0.679 | shoulder_pan.pos=-40.57 shoulder_lift.pos=+33.63 elbow_flex.pos=-19.84 wrist_flex.pos=+72.76 wrist_roll.pos=+13.88 gripper.pos=+9.61
DEBUG 2026-08-19 07:33:37 [action #83] t=4.65s step=2661 queue=12 dmax=0.723 | shoulder_pan.pos=-40.50 shoulder_lift.pos=+33.06 elbow_flex.pos=-20.56 wrist_flex.pos=+73.44 wrist_roll.pos=+13.33 gripper.pos=+9.44
DEBUG 2026-08-19 07:33:37 [action #84] t=4.68s step=2662 queue=11 dmax=0.604 | shoulder_pan.pos=-40.55 shoulder_lift.pos=+33.49 elbow_flex.pos=-21.02 wrist_flex.pos=+74.04 wrist_roll.pos=+12.78 gripper.pos=+9.78
DEBUG 2026-08-19 07:33:37 [action #85] t=4.72s step=2663 queue=10 dmax=1.061 | shoulder_pan.pos=-40.95 shoulder_lift.pos=+33.41 elbow_flex.pos=-22.08 wrist_flex.pos=+74.48 wrist_roll.pos=+11.92 gripper.pos=+9.88
DEBUG 2026-08-19 07:33:37 [action #86] t=4.75s step=2664 queue=9 dmax=1.223 | shoulder_pan.pos=-40.84 shoulder_lift.pos=+34.42 elbow_flex.pos=-23.13 wrist_flex.pos=+75.71 wrist_roll.pos=+11.47 gripper.pos=+9.98
DEBUG 2026-08-19 07:33:37 [action #87] t=4.78s step=2665 queue=8 dmax=1.034 | shoulder_pan.pos=-40.77 shoulder_lift.pos=+33.96 elbow_flex.pos=-24.16 wrist_flex.pos=+76.46 wrist_roll.pos=+10.65 gripper.pos=+9.75
DEBUG 2026-08-19 07:33:37 [action #88] t=4.82s step=2666 queue=7 dmax=1.738 | shoulder_pan.pos=-40.86 shoulder_lift.pos=+34.25 elbow_flex.pos=-25.90 wrist_flex.pos=+77.76 wrist_roll.pos=+10.00 gripper.pos=+9.95
DEBUG 2026-08-19 07:33:37 [action #89] t=4.85s step=2667 queue=6 dmax=1.520 | shoulder_pan.pos=-41.17 shoulder_lift.pos=+33.83 elbow_flex.pos=-27.42 wrist_flex.pos=+79.07 wrist_roll.pos=+9.34 gripper.pos=+10.05
DEBUG 2026-08-19 07:33:37 [action #90] t=4.88s step=2668 queue=5 dmax=1.321 | shoulder_pan.pos=-41.27 shoulder_lift.pos=+34.32 elbow_flex.pos=-27.99 wrist_flex.pos=+80.39 wrist_roll.pos=+8.68 gripper.pos=+9.96
DEBUG 2026-08-19 07:33:37 [action #91] t=4.92s step=2669 queue=4 dmax=3.048 | shoulder_pan.pos=-41.34 shoulder_lift.pos=+34.25 elbow_flex.pos=-31.04 wrist_flex.pos=+82.04 wrist_roll.pos=+7.93 gripper.pos=+10.12
DEBUG 2026-08-19 07:33:37 [action #92] t=4.95s step=2670 queue=3 dmax=2.130 | shoulder_pan.pos=-41.29 shoulder_lift.pos=+34.47 elbow_flex.pos=-33.17 wrist_flex.pos=+83.25 wrist_roll.pos=+7.56 gripper.pos=+10.22
DEBUG 2026-08-19 07:33:38 [action #93] t=4.98s step=2671 queue=2 dmax=1.574 | shoulder_pan.pos=-41.10 shoulder_lift.pos=+33.73 elbow_flex.pos=-34.74 wrist_flex.pos=+84.79 wrist_roll.pos=+7.08 gripper.pos=+10.07
DEBUG 2026-08-19 07:33:38 [action #94] t=5.02s step=2672 queue=1 dmax=1.799 | shoulder_pan.pos=-41.40 shoulder_lift.pos=+33.85 elbow_flex.pos=-36.54 wrist_flex.pos=+86.08 wrist_roll.pos=+6.73 gripper.pos=+9.88
DEBUG 2026-08-19 07:33:38 [chunk] received 50 actions, timesteps 2649..2698 | first: shoulder_pan.pos=-44.89 shoulder_lift.pos=+29.46 elbow_flex.pos=-17.56 wrist_flex.pos=+75.29 wrist_roll.pos=+17.29 gripper.pos=+41.77 | last: shoulder_pan.pos=-30.47 shoulder_lift.pos=+7.27 elbow_flex.pos=-45.55 wrist_flex.pos=+98.88 wrist_roll.pos=-4.30 gripper.pos=+7.42
DEBUG 2026-08-19 07:33:38 [action #95] t=5.15s step=2673 queue=26 dmax=5.527 | shoulder_pan.pos=-41.55 shoulder_lift.pos=+33.35 elbow_flex.pos=-31.12 wrist_flex.pos=+80.55 wrist_roll.pos=+8.57 gripper.pos=+9.99
DEBUG 2026-08-19 07:33:38 [action #96] t=5.19s step=2674 queue=25 dmax=1.553 | shoulder_pan.pos=-41.64 shoulder_lift.pos=+32.55 elbow_flex.pos=-32.33 wrist_flex.pos=+82.10 wrist_roll.pos=+7.89 gripper.pos=+9.86
DEBUG 2026-08-19 07:33:38 [action #97] t=5.22s step=2675 queue=24 dmax=2.239 | shoulder_pan.pos=-41.63 shoulder_lift.pos=+32.97 elbow_flex.pos=-34.57 wrist_flex.pos=+83.55 wrist_roll.pos=+6.85 gripper.pos=+10.13
DEBUG 2026-08-19 07:33:38 [action #98] t=5.25s step=2676 queue=23 dmax=1.800 | shoulder_pan.pos=-41.77 shoulder_lift.pos=+31.17 elbow_flex.pos=-34.93 wrist_flex.pos=+84.83 wrist_roll.pos=+6.07 gripper.pos=+10.10
DEBUG 2026-08-19 07:33:38 [action #99] t=5.29s step=2677 queue=22 dmax=1.658 | shoulder_pan.pos=-41.76 shoulder_lift.pos=+30.97 elbow_flex.pos=-36.59 wrist_flex.pos=+86.06 wrist_roll.pos=+5.39 gripper.pos=+9.89
DEBUG 2026-08-19 07:33:38 [action #100] t=5.32s step=2678 queue=21 dmax=1.194 | shoulder_pan.pos=-41.94 shoulder_lift.pos=+30.06 elbow_flex.pos=-37.54 wrist_flex.pos=+87.26 wrist_roll.pos=+4.78 gripper.pos=+9.86
DEBUG 2026-08-19 07:33:38 [action #101] t=5.35s step=2679 queue=20 dmax=1.390 | shoulder_pan.pos=-42.25 shoulder_lift.pos=+28.75 elbow_flex.pos=-37.85 wrist_flex.pos=+88.65 wrist_roll.pos=+4.20 gripper.pos=+9.74
DEBUG 2026-08-19 07:33:38 [action #102] t=5.39s step=2680 queue=19 dmax=1.058 | shoulder_pan.pos=-42.30 shoulder_lift.pos=+27.79 elbow_flex.pos=-38.64 wrist_flex.pos=+89.71 wrist_roll.pos=+3.67 gripper.pos=+9.72
DEBUG 2026-08-19 07:33:38 [action #103] t=5.42s step=2681 queue=18 dmax=1.037 | shoulder_pan.pos=-42.21 shoulder_lift.pos=+26.75 elbow_flex.pos=-39.59 wrist_flex.pos=+90.66 wrist_roll.pos=+2.95 gripper.pos=+9.75
DEBUG 2026-08-19 07:33:38 [action #104] t=5.45s step=2682 queue=17 dmax=1.286 | shoulder_pan.pos=-41.98 shoulder_lift.pos=+25.63 elbow_flex.pos=-40.87 wrist_flex.pos=+91.72 wrist_roll.pos=+2.16 gripper.pos=+9.54
DEBUG 2026-08-19 07:33:38 [action #105] t=5.49s step=2683 queue=16 dmax=1.452 | shoulder_pan.pos=-41.72 shoulder_lift.pos=+24.17 elbow_flex.pos=-41.59 wrist_flex.pos=+92.49 wrist_roll.pos=+1.71 gripper.pos=+9.55
DEBUG 2026-08-19 07:33:38 [action #106] t=5.52s step=2684 queue=15 dmax=0.990 | shoulder_pan.pos=-41.25 shoulder_lift.pos=+23.18 elbow_flex.pos=-40.91 wrist_flex.pos=+93.29 wrist_roll.pos=+1.30 gripper.pos=+9.57
DEBUG 2026-08-19 07:33:38 [action #107] t=5.55s step=2685 queue=14 dmax=1.638 | shoulder_pan.pos=-40.91 shoulder_lift.pos=+21.55 elbow_flex.pos=-41.82 wrist_flex.pos=+93.92 wrist_roll.pos=+0.92 gripper.pos=+9.55
DEBUG 2026-08-19 07:33:38 [action #108] t=5.59s step=2686 queue=13 dmax=1.795 | shoulder_pan.pos=-40.85 shoulder_lift.pos=+19.75 elbow_flex.pos=-42.10 wrist_flex.pos=+94.51 wrist_roll.pos=+0.62 gripper.pos=+9.58
DEBUG 2026-08-19 07:33:38 [action #109] t=5.62s step=2687 queue=12 dmax=1.377 | shoulder_pan.pos=-40.32 shoulder_lift.pos=+18.37 elbow_flex.pos=-42.37 wrist_flex.pos=+95.32 wrist_roll.pos=+0.33 gripper.pos=+9.51
DEBUG 2026-08-19 07:33:38 [action #110] t=5.65s step=2688 queue=11 dmax=1.387 | shoulder_pan.pos=-39.88 shoulder_lift.pos=+16.99 elbow_flex.pos=-43.10 wrist_flex.pos=+95.90 wrist_roll.pos=+0.20 gripper.pos=+9.66
DEBUG 2026-08-19 07:33:38 [action #111] t=5.69s step=2689 queue=10 dmax=0.536 | shoulder_pan.pos=-39.35 shoulder_lift.pos=+16.79 elbow_flex.pos=-43.21 wrist_flex.pos=+96.43 wrist_roll.pos=-0.01 gripper.pos=+9.64
DEBUG 2026-08-19 07:33:38 [action #112] t=5.72s step=2690 queue=9 dmax=1.326 | shoulder_pan.pos=-39.18 shoulder_lift.pos=+15.46 elbow_flex.pos=-43.44 wrist_flex.pos=+97.04 wrist_roll.pos=-0.46 gripper.pos=+9.63
DEBUG 2026-08-19 07:33:38 [action #113] t=5.75s step=2691 queue=8 dmax=1.147 | shoulder_pan.pos=-38.04 shoulder_lift.pos=+14.32 elbow_flex.pos=-42.96 wrist_flex.pos=+97.50 wrist_roll.pos=-1.05 gripper.pos=+9.44
DEBUG 2026-08-19 07:33:38 [action #114] t=5.79s step=2692 queue=7 dmax=1.498 | shoulder_pan.pos=-37.14 shoulder_lift.pos=+13.18 elbow_flex.pos=-44.46 wrist_flex.pos=+97.77 wrist_roll.pos=-1.64 gripper.pos=+9.32
DEBUG 2026-08-19 07:33:38 [action #115] t=5.82s step=2693 queue=6 dmax=0.848 | shoulder_pan.pos=-36.45 shoulder_lift.pos=+12.33 elbow_flex.pos=-44.00 wrist_flex.pos=+98.07 wrist_roll.pos=-2.19 gripper.pos=+9.11
DEBUG 2026-08-19 07:33:38 [chunk] received 50 actions, timesteps 2672..2721 | first: shoulder_pan.pos=-41.55 shoulder_lift.pos=+35.26 elbow_flex.pos=-33.78 wrist_flex.pos=+87.42 wrist_roll.pos=+5.44 gripper.pos=+8.36 | last: shoulder_pan.pos=+14.20 shoulder_lift.pos=+3.28 elbow_flex.pos=-34.61 wrist_flex.pos=+90.64 wrist_roll.pos=-6.09 gripper.pos=+9.99
DEBUG 2026-08-19 07:33:38 [action #116] t=5.85s step=2694 queue=28 dmax=6.420 | shoulder_pan.pos=-30.03 shoulder_lift.pos=+9.08 elbow_flex.pos=-41.25 wrist_flex.pos=+98.86 wrist_roll.pos=-1.49 gripper.pos=+9.01
DEBUG 2026-08-19 07:33:38 [action #117] t=5.89s step=2695 queue=27 dmax=1.539 | shoulder_pan.pos=-28.49 shoulder_lift.pos=+8.30 elbow_flex.pos=-41.20 wrist_flex.pos=+99.09 wrist_roll.pos=-1.76 gripper.pos=+8.75
DEBUG 2026-08-19 07:33:38 [action #118] t=5.92s step=2696 queue=26 dmax=1.510 | shoulder_pan.pos=-26.98 shoulder_lift.pos=+8.22 elbow_flex.pos=-41.95 wrist_flex.pos=+99.08 wrist_roll.pos=-2.34 gripper.pos=+8.69
DEBUG 2026-08-19 07:33:38 [action #119] t=5.95s step=2697 queue=25 dmax=1.700 | shoulder_pan.pos=-25.28 shoulder_lift.pos=+6.93 elbow_flex.pos=-42.66 wrist_flex.pos=+99.15 wrist_roll.pos=-2.97 gripper.pos=+8.82
DEBUG 2026-08-19 07:33:39 [action #120] t=5.99s step=2698 queue=24 dmax=1.437 | shoulder_pan.pos=-23.84 shoulder_lift.pos=+7.02 elbow_flex.pos=-43.03 wrist_flex.pos=+99.18 wrist_roll.pos=-3.11 gripper.pos=+8.75
DEBUG 2026-08-19 07:33:39 [action #121] t=6.02s step=2699 queue=23 dmax=4.937 | shoulder_pan.pos=-18.90 shoulder_lift.pos=+6.56 elbow_flex.pos=-42.75 wrist_flex.pos=+99.17 wrist_roll.pos=-2.77 gripper.pos=+9.37
DEBUG 2026-08-19 07:33:39 [action #122] t=6.05s step=2700 queue=22 dmax=1.428 | shoulder_pan.pos=-17.48 shoulder_lift.pos=+6.57 elbow_flex.pos=-42.50 wrist_flex.pos=+98.97 wrist_roll.pos=-2.67 gripper.pos=+9.35
DEBUG 2026-08-19 07:33:39 [action #123] t=6.09s step=2701 queue=21 dmax=1.680 | shoulder_pan.pos=-15.79 shoulder_lift.pos=+7.05 elbow_flex.pos=-42.60 wrist_flex.pos=+99.34 wrist_roll.pos=-2.41 gripper.pos=+9.25
DEBUG 2026-08-19 07:33:39 [action #124] t=6.12s step=2702 queue=20 dmax=1.701 | shoulder_pan.pos=-14.09 shoulder_lift.pos=+6.04 elbow_flex.pos=-43.21 wrist_flex.pos=+99.30 wrist_roll.pos=-2.43 gripper.pos=+9.45
DEBUG 2026-08-19 07:33:39 [action #125] t=6.15s step=2703 queue=19 dmax=1.806 | shoulder_pan.pos=-12.29 shoulder_lift.pos=+6.34 elbow_flex.pos=-43.13 wrist_flex.pos=+99.19 wrist_roll.pos=-2.56 gripper.pos=+9.54
DEBUG 2026-08-19 07:33:39 [action #126] t=6.19s step=2704 queue=18 dmax=1.795 | shoulder_pan.pos=-10.49 shoulder_lift.pos=+6.05 elbow_flex.pos=-43.94 wrist_flex.pos=+99.07 wrist_roll.pos=-2.66 gripper.pos=+9.43
DEBUG 2026-08-19 07:33:39 [action #127] t=6.22s step=2705 queue=17 dmax=1.229 | shoulder_pan.pos=-9.26 shoulder_lift.pos=+5.68 elbow_flex.pos=-43.15 wrist_flex.pos=+98.70 wrist_roll.pos=-2.63 gripper.pos=+9.52
DEBUG 2026-08-19 07:33:39 [action #128] t=6.26s step=2706 queue=16 dmax=2.233 | shoulder_pan.pos=-7.03 shoulder_lift.pos=+5.60 elbow_flex.pos=-43.75 wrist_flex.pos=+98.86 wrist_roll.pos=-2.74 gripper.pos=+9.46
DEBUG 2026-08-19 07:33:39 [action #129] t=6.29s step=2707 queue=15 dmax=1.182 | shoulder_pan.pos=-5.85 shoulder_lift.pos=+5.73 elbow_flex.pos=-44.02 wrist_flex.pos=+98.33 wrist_roll.pos=-2.84 gripper.pos=+9.63
DEBUG 2026-08-19 07:33:39 [action #130] t=6.32s step=2708 queue=14 dmax=1.935 | shoulder_pan.pos=-3.91 shoulder_lift.pos=+5.43 elbow_flex.pos=-43.70 wrist_flex.pos=+98.31 wrist_roll.pos=-3.20 gripper.pos=+9.69
DEBUG 2026-08-19 07:33:39 [action #131] t=6.36s step=2709 queue=13 dmax=1.443 | shoulder_pan.pos=-2.47 shoulder_lift.pos=+6.29 elbow_flex.pos=-43.40 wrist_flex.pos=+98.18 wrist_roll.pos=-3.04 gripper.pos=+9.59
DEBUG 2026-08-19 07:33:39 [action #132] t=6.39s step=2710 queue=12 dmax=1.348 | shoulder_pan.pos=-1.13 shoulder_lift.pos=+5.72 elbow_flex.pos=-42.05 wrist_flex.pos=+97.72 wrist_roll.pos=-3.21 gripper.pos=+9.77
DEBUG 2026-08-19 07:33:39 [action #133] t=6.42s step=2711 queue=11 dmax=2.096 | shoulder_pan.pos=+0.96 shoulder_lift.pos=+4.26 elbow_flex.pos=-41.21 wrist_flex.pos=+97.07 wrist_roll.pos=-3.49 gripper.pos=+9.71
DEBUG 2026-08-19 07:33:39 [action #134] t=6.46s step=2712 queue=10 dmax=1.306 | shoulder_pan.pos=+2.27 shoulder_lift.pos=+5.41 elbow_flex.pos=-41.27 wrist_flex.pos=+96.67 wrist_roll.pos=-3.51 gripper.pos=+9.56
DEBUG 2026-08-19 07:33:39 [action #135] t=6.49s step=2713 queue=9 dmax=1.952 | shoulder_pan.pos=+4.22 shoulder_lift.pos=+4.82 elbow_flex.pos=-40.09 wrist_flex.pos=+95.86 wrist_roll.pos=-3.38 gripper.pos=+9.69
DEBUG 2026-08-19 07:33:39 [action #136] t=6.52s step=2714 queue=8 dmax=1.655 | shoulder_pan.pos=+5.88 shoulder_lift.pos=+4.50 elbow_flex.pos=-38.79 wrist_flex.pos=+95.06 wrist_roll.pos=-3.80 gripper.pos=+9.78
DEBUG 2026-08-19 07:33:39 [action #137] t=6.56s step=2715 queue=7 dmax=0.934 | shoulder_pan.pos=+6.81 shoulder_lift.pos=+4.01 elbow_flex.pos=-37.96 wrist_flex.pos=+94.55 wrist_roll.pos=-4.06 gripper.pos=+9.73
DEBUG 2026-08-19 07:33:39 [action #138] t=6.59s step=2716 queue=6 dmax=2.249 | shoulder_pan.pos=+9.06 shoulder_lift.pos=+4.62 elbow_flex.pos=-37.05 wrist_flex.pos=+93.74 wrist_roll.pos=-4.33 gripper.pos=+10.01
DEBUG 2026-08-19 07:33:39 [action #139] t=6.62s step=2717 queue=5 dmax=1.050 | shoulder_pan.pos=+9.79 shoulder_lift.pos=+3.65 elbow_flex.pos=-36.00 wrist_flex.pos=+93.30 wrist_roll.pos=-4.69 gripper.pos=+9.82
DEBUG 2026-08-19 07:33:39 [action #140] t=6.66s step=2718 queue=4 dmax=1.681 | shoulder_pan.pos=+11.47 shoulder_lift.pos=+3.23 elbow_flex.pos=-36.32 wrist_flex.pos=+92.64 wrist_roll.pos=-5.12 gripper.pos=+9.85
DEBUG 2026-08-19 07:33:39 [action #141] t=6.69s step=2719 queue=3 dmax=0.692 | shoulder_pan.pos=+12.16 shoulder_lift.pos=+3.15 elbow_flex.pos=-35.81 wrist_flex.pos=+92.34 wrist_roll.pos=-5.36 gripper.pos=+9.80
DEBUG 2026-08-19 07:33:39 [action #142] t=6.72s step=2720 queue=2 dmax=1.260 | shoulder_pan.pos=+13.42 shoulder_lift.pos=+2.72 elbow_flex.pos=-34.90 wrist_flex.pos=+91.14 wrist_roll.pos=-5.67 gripper.pos=+10.01
DEBUG 2026-08-19 07:33:39 [action #143] t=6.76s step=2721 queue=1 dmax=0.782 | shoulder_pan.pos=+14.20 shoulder_lift.pos=+3.28 elbow_flex.pos=-34.61 wrist_flex.pos=+90.64 wrist_roll.pos=-6.09 gripper.pos=+9.99
DEBUG 2026-08-19 07:33:39 [chunk] received 50 actions, timesteps 2693..2742 | first: shoulder_pan.pos=-32.03 shoulder_lift.pos=+6.66 elbow_flex.pos=-34.14 wrist_flex.pos=+98.05 wrist_roll.pos=-2.35 gripper.pos=+9.79 | last: shoulder_pan.pos=+31.29 shoulder_lift.pos=+1.35 elbow_flex.pos=-25.59 wrist_flex.pos=+81.09 wrist_roll.pos=-9.52 gripper.pos=+10.08
DEBUG 2026-08-19 07:33:39 [action #144] t=6.96s step=2722 queue=21 dmax=4.868 | shoulder_pan.pos=+18.65 shoulder_lift.pos=-1.59 elbow_flex.pos=-31.33 wrist_flex.pos=+90.36 wrist_roll.pos=-2.63 gripper.pos=+9.75
DEBUG 2026-08-19 07:33:40 [action #145] t=6.99s step=2723 queue=20 dmax=1.420 | shoulder_pan.pos=+20.07 shoulder_lift.pos=-1.43 elbow_flex.pos=-31.46 wrist_flex.pos=+89.54 wrist_roll.pos=-2.53 gripper.pos=+9.57
DEBUG 2026-08-19 07:33:40 [action #146] t=7.02s step=2724 queue=19 dmax=1.244 | shoulder_pan.pos=+21.31 shoulder_lift.pos=-1.19 elbow_flex.pos=-30.72 wrist_flex.pos=+89.16 wrist_roll.pos=-2.83 gripper.pos=+9.65
DEBUG 2026-08-19 07:33:40 [action #147] t=7.06s step=2725 queue=18 dmax=0.758 | shoulder_pan.pos=+22.07 shoulder_lift.pos=-1.22 elbow_flex.pos=-30.28 wrist_flex.pos=+88.77 wrist_roll.pos=-3.04 gripper.pos=+9.71
DEBUG 2026-08-19 07:33:40 [action #148] t=7.09s step=2726 queue=17 dmax=1.389 | shoulder_pan.pos=+23.46 shoulder_lift.pos=-1.80 elbow_flex.pos=-29.75 wrist_flex.pos=+88.23 wrist_roll.pos=-3.31 gripper.pos=+9.67
DEBUG 2026-08-19 07:33:40 [action #149] t=7.12s step=2727 queue=16 dmax=0.783 | shoulder_pan.pos=+24.25 shoulder_lift.pos=-1.63 elbow_flex.pos=-29.47 wrist_flex.pos=+87.78 wrist_roll.pos=-3.71 gripper.pos=+9.65
DEBUG 2026-08-19 07:33:40 [action #150] t=7.16s step=2728 queue=15 dmax=1.052 | shoulder_pan.pos=+25.30 shoulder_lift.pos=-1.44 elbow_flex.pos=-29.31 wrist_flex.pos=+87.37 wrist_roll.pos=-4.33 gripper.pos=+9.75
DEBUG 2026-08-19 07:33:40 [action #151] t=7.19s step=2729 queue=14 dmax=0.920 | shoulder_pan.pos=+26.19 shoulder_lift.pos=-2.36 elbow_flex.pos=-28.58 wrist_flex.pos=+86.66 wrist_roll.pos=-5.04 gripper.pos=+9.76
DEBUG 2026-08-19 07:33:40 [action #152] t=7.22s step=2730 queue=13 dmax=1.333 | shoulder_pan.pos=+26.64 shoulder_lift.pos=-1.03 elbow_flex.pos=-28.13 wrist_flex.pos=+86.31 wrist_roll.pos=-5.50 gripper.pos=+9.70
DEBUG 2026-08-19 07:33:40 [action #153] t=7.26s step=2731 queue=12 dmax=1.005 | shoulder_pan.pos=+27.52 shoulder_lift.pos=-2.04 elbow_flex.pos=-27.42 wrist_flex.pos=+85.72 wrist_roll.pos=-6.12 gripper.pos=+9.67
DEBUG 2026-08-19 07:33:40 [action #154] t=7.29s step=2732 queue=11 dmax=1.045 | shoulder_pan.pos=+28.57 shoulder_lift.pos=-2.06 elbow_flex.pos=-27.08 wrist_flex.pos=+84.91 wrist_roll.pos=-6.46 gripper.pos=+9.73
DEBUG 2026-08-19 07:33:40 [action #155] t=7.33s step=2733 queue=10 dmax=0.805 | shoulder_pan.pos=+29.10 shoulder_lift.pos=-1.55 elbow_flex.pos=-26.27 wrist_flex.pos=+84.49 wrist_roll.pos=-6.90 gripper.pos=+9.91
DEBUG 2026-08-19 07:33:40 [action #156] t=7.36s step=2734 queue=9 dmax=0.488 | shoulder_pan.pos=+29.53 shoulder_lift.pos=-1.68 elbow_flex.pos=-26.18 wrist_flex.pos=+84.19 wrist_roll.pos=-7.39 gripper.pos=+9.83
DEBUG 2026-08-19 07:33:40 [action #157] t=7.39s step=2735 queue=8 dmax=1.193 | shoulder_pan.pos=+29.97 shoulder_lift.pos=-1.74 elbow_flex.pos=-24.99 wrist_flex.pos=+83.63 wrist_roll.pos=-7.85 gripper.pos=+9.72
DEBUG 2026-08-19 07:33:40 [action #158] t=7.43s step=2736 queue=7 dmax=0.656 | shoulder_pan.pos=+30.09 shoulder_lift.pos=-1.31 elbow_flex.pos=-25.65 wrist_flex.pos=+83.12 wrist_roll.pos=-8.20 gripper.pos=+9.89
DEBUG 2026-08-19 07:33:40 [action #159] t=7.46s step=2737 queue=6 dmax=0.435 | shoulder_pan.pos=+30.33 shoulder_lift.pos=-1.41 elbow_flex.pos=-25.21 wrist_flex.pos=+82.76 wrist_roll.pos=-8.29 gripper.pos=+9.76
DEBUG 2026-08-19 07:33:40 [action #160] t=7.49s step=2738 queue=5 dmax=0.644 | shoulder_pan.pos=+30.98 shoulder_lift.pos=-1.31 elbow_flex.pos=-25.58 wrist_flex.pos=+82.45 wrist_roll.pos=-8.69 gripper.pos=+9.83
DEBUG 2026-08-19 07:33:40 [action #161] t=7.53s step=2739 queue=4 dmax=1.348 | shoulder_pan.pos=+30.79 shoulder_lift.pos=-0.61 elbow_flex.pos=-24.23 wrist_flex.pos=+82.24 wrist_roll.pos=-8.89 gripper.pos=+10.05
DEBUG 2026-08-19 07:33:40 [action #162] t=7.56s step=2740 queue=3 dmax=1.296 | shoulder_pan.pos=+31.08 shoulder_lift.pos=+0.24 elbow_flex.pos=-25.53 wrist_flex.pos=+81.77 wrist_roll.pos=-9.08 gripper.pos=+10.03
DEBUG 2026-08-19 07:33:40 [action #163] t=7.59s step=2741 queue=2 dmax=0.565 | shoulder_pan.pos=+31.41 shoulder_lift.pos=+0.80 elbow_flex.pos=-25.16 wrist_flex.pos=+81.64 wrist_roll.pos=-9.34 gripper.pos=+9.93
DEBUG 2026-08-19 07:33:40 [action #164] t=7.63s step=2742 queue=1 dmax=0.555 | shoulder_pan.pos=+31.29 shoulder_lift.pos=+1.35 elbow_flex.pos=-25.59 wrist_flex.pos=+81.09 wrist_roll.pos=-9.52 gripper.pos=+10.08
DEBUG 2026-08-19 07:33:40 [chunk] received 50 actions, timesteps 2721..2770 | first: shoulder_pan.pos=+17.40 shoulder_lift.pos=+2.59 elbow_flex.pos=-33.69 wrist_flex.pos=+95.49 wrist_roll.pos=-5.41 gripper.pos=+9.14 | last: shoulder_pan.pos=+33.00 shoulder_lift.pos=+13.93 elbow_flex.pos=-8.14 wrist_flex.pos=+62.71 wrist_roll.pos=-5.60 gripper.pos=+12.11
DEBUG 2026-08-19 07:33:40 [action #165] t=7.93s step=2743 queue=28 dmax=11.116 | shoulder_pan.pos=+30.95 shoulder_lift.pos=+0.62 elbow_flex.pos=-14.47 wrist_flex.pos=+74.45 wrist_roll.pos=-4.75 gripper.pos=+9.38
DEBUG 2026-08-19 07:33:40 [action #166] t=7.96s step=2744 queue=27 dmax=0.846 | shoulder_pan.pos=+31.38 shoulder_lift.pos=+0.88 elbow_flex.pos=-13.63 wrist_flex.pos=+73.81 wrist_roll.pos=-4.90 gripper.pos=+9.24
DEBUG 2026-08-19 07:33:41 [action #167] t=7.99s step=2745 queue=26 dmax=0.372 | shoulder_pan.pos=+31.60 shoulder_lift.pos=+1.18 elbow_flex.pos=-13.53 wrist_flex.pos=+73.59 wrist_roll.pos=-5.27 gripper.pos=+9.38
DEBUG 2026-08-19 07:33:41 [action #168] t=8.03s step=2746 queue=25 dmax=0.325 | shoulder_pan.pos=+31.59 shoulder_lift.pos=+0.97 elbow_flex.pos=-13.29 wrist_flex.pos=+73.26 wrist_roll.pos=-5.32 gripper.pos=+9.26
DEBUG 2026-08-19 07:33:41 [action #169] t=8.06s step=2747 queue=24 dmax=0.477 | shoulder_pan.pos=+31.79 shoulder_lift.pos=+1.45 elbow_flex.pos=-13.02 wrist_flex.pos=+73.06 wrist_roll.pos=-5.44 gripper.pos=+9.44
DEBUG 2026-08-19 07:33:41 [action #170] t=8.09s step=2748 queue=23 dmax=0.482 | shoulder_pan.pos=+31.80 shoulder_lift.pos=+1.93 elbow_flex.pos=-12.90 wrist_flex.pos=+72.78 wrist_roll.pos=-5.45 gripper.pos=+9.49
DEBUG 2026-08-19 07:33:41 [action #171] t=8.13s step=2749 queue=22 dmax=0.212 | shoulder_pan.pos=+32.01 shoulder_lift.pos=+1.98 elbow_flex.pos=-12.87 wrist_flex.pos=+72.66 wrist_roll.pos=-5.46 gripper.pos=+9.47
DEBUG 2026-08-19 07:33:41 [action #172] t=8.16s step=2750 queue=21 dmax=0.904 | shoulder_pan.pos=+32.09 shoulder_lift.pos=+2.89 elbow_flex.pos=-12.69 wrist_flex.pos=+72.47 wrist_roll.pos=-5.50 gripper.pos=+9.43
DEBUG 2026-08-19 07:33:41 [action #173] t=8.19s step=2751 queue=20 dmax=0.498 | shoulder_pan.pos=+32.00 shoulder_lift.pos=+3.19 elbow_flex.pos=-12.19 wrist_flex.pos=+72.03 wrist_roll.pos=-5.56 gripper.pos=+9.44
DEBUG 2026-08-19 07:33:41 [action #174] t=8.23s step=2752 queue=19 dmax=0.647 | shoulder_pan.pos=+31.98 shoulder_lift.pos=+3.83 elbow_flex.pos=-12.21 wrist_flex.pos=+71.76 wrist_roll.pos=-5.53 gripper.pos=+9.41
DEBUG 2026-08-19 07:33:41 [action #175] t=8.26s step=2753 queue=18 dmax=0.450 | shoulder_pan.pos=+32.34 shoulder_lift.pos=+3.90 elbow_flex.pos=-11.95 wrist_flex.pos=+71.31 wrist_roll.pos=-5.48 gripper.pos=+9.38
DEBUG 2026-08-19 07:33:41 [action #176] t=8.30s step=2754 queue=17 dmax=1.321 | shoulder_pan.pos=+32.43 shoulder_lift.pos=+5.22 elbow_flex.pos=-12.33 wrist_flex.pos=+70.69 wrist_roll.pos=-5.52 gripper.pos=+9.45
DEBUG 2026-08-19 07:33:41 [action #177] t=8.33s step=2755 queue=16 dmax=0.544 | shoulder_pan.pos=+32.33 shoulder_lift.pos=+5.52 elbow_flex.pos=-11.78 wrist_flex.pos=+70.29 wrist_roll.pos=-5.55 gripper.pos=+9.46
DEBUG 2026-08-19 07:33:41 [action #178] t=8.36s step=2756 queue=15 dmax=0.547 | shoulder_pan.pos=+32.33 shoulder_lift.pos=+5.96 elbow_flex.pos=-11.34 wrist_flex.pos=+69.74 wrist_roll.pos=-5.52 gripper.pos=+9.50
DEBUG 2026-08-19 07:33:41 [action #179] t=8.40s step=2757 queue=14 dmax=0.490 | shoulder_pan.pos=+32.37 shoulder_lift.pos=+6.33 elbow_flex.pos=-11.19 wrist_flex.pos=+69.25 wrist_roll.pos=-5.66 gripper.pos=+9.26
DEBUG 2026-08-19 07:33:41 [action #180] t=8.43s step=2758 queue=13 dmax=0.639 | shoulder_pan.pos=+32.31 shoulder_lift.pos=+6.97 elbow_flex.pos=-11.08 wrist_flex.pos=+68.78 wrist_roll.pos=-5.61 gripper.pos=+9.32
DEBUG 2026-08-19 07:33:41 [action #181] t=8.46s step=2759 queue=12 dmax=0.842 | shoulder_pan.pos=+32.53 shoulder_lift.pos=+7.81 elbow_flex.pos=-10.52 wrist_flex.pos=+68.01 wrist_roll.pos=-5.58 gripper.pos=+9.38
DEBUG 2026-08-19 07:33:41 [action #182] t=8.50s step=2760 queue=11 dmax=0.586 | shoulder_pan.pos=+32.53 shoulder_lift.pos=+8.34 elbow_flex.pos=-10.68 wrist_flex.pos=+67.42 wrist_roll.pos=-5.60 gripper.pos=+9.33
DEBUG 2026-08-19 07:33:41 [action #183] t=8.53s step=2761 queue=10 dmax=0.712 | shoulder_pan.pos=+32.58 shoulder_lift.pos=+9.00 elbow_flex.pos=-9.97 wrist_flex.pos=+67.09 wrist_roll.pos=-5.71 gripper.pos=+9.43
DEBUG 2026-08-19 07:33:41 [action #184] t=8.56s step=2762 queue=9 dmax=0.954 | shoulder_pan.pos=+32.84 shoulder_lift.pos=+9.95 elbow_flex.pos=-10.40 wrist_flex.pos=+66.46 wrist_roll.pos=-5.72 gripper.pos=+9.26
DEBUG 2026-08-19 07:33:41 [action #185] t=8.60s step=2763 queue=8 dmax=0.912 | shoulder_pan.pos=+32.57 shoulder_lift.pos=+10.86 elbow_flex.pos=-10.05 wrist_flex.pos=+65.93 wrist_roll.pos=-5.64 gripper.pos=+9.32
DEBUG 2026-08-19 07:33:41 [action #186] t=8.63s step=2764 queue=7 dmax=0.372 | shoulder_pan.pos=+32.71 shoulder_lift.pos=+11.07 elbow_flex.pos=-9.90 wrist_flex.pos=+65.56 wrist_roll.pos=-5.64 gripper.pos=+9.27
DEBUG 2026-08-19 07:33:41 [action #187] t=8.66s step=2765 queue=6 dmax=0.694 | shoulder_pan.pos=+32.77 shoulder_lift.pos=+11.76 elbow_flex.pos=-9.32 wrist_flex.pos=+64.98 wrist_roll.pos=-5.85 gripper.pos=+9.32
DEBUG 2026-08-19 07:33:41 [action #188] t=8.70s step=2766 queue=5 dmax=0.773 | shoulder_pan.pos=+32.74 shoulder_lift.pos=+12.54 elbow_flex.pos=-9.60 wrist_flex.pos=+64.34 wrist_roll.pos=-5.76 gripper.pos=+9.35
DEBUG 2026-08-19 07:33:41 [action #189] t=8.73s step=2767 queue=4 dmax=0.915 | shoulder_pan.pos=+32.94 shoulder_lift.pos=+12.59 elbow_flex.pos=-8.68 wrist_flex.pos=+63.83 wrist_roll.pos=-5.74 gripper.pos=+9.45
DEBUG 2026-08-19 07:33:41 [action #190] t=8.76s step=2768 queue=3 dmax=0.696 | shoulder_pan.pos=+32.76 shoulder_lift.pos=+13.29 elbow_flex.pos=-8.80 wrist_flex.pos=+63.61 wrist_roll.pos=-5.70 gripper.pos=+9.60
DEBUG 2026-08-19 07:33:41 [chunk] received 50 actions, timesteps 2742..2791 | first: shoulder_pan.pos=+29.27 shoulder_lift.pos=+1.54 elbow_flex.pos=-23.44 wrist_flex.pos=+80.19 wrist_roll.pos=-8.85 gripper.pos=+9.35 | last: shoulder_pan.pos=+29.83 shoulder_lift.pos=+7.63 elbow_flex.pos=+0.78 wrist_flex.pos=+67.56 wrist_roll.pos=-7.23 gripper.pos=+33.28
DEBUG 2026-08-19 07:33:41 [action #191] t=8.80s step=2769 queue=23 dmax=4.503 | shoulder_pan.pos=+31.61 shoulder_lift.pos=+8.79 elbow_flex.pos=-4.83 wrist_flex.pos=+64.29 wrist_roll.pos=-8.18 gripper.pos=+9.96
DEBUG 2026-08-19 07:33:41 [action #192] t=8.83s step=2770 queue=22 dmax=0.417 | shoulder_pan.pos=+31.56 shoulder_lift.pos=+9.03 elbow_flex.pos=-4.49 wrist_flex.pos=+64.09 wrist_roll.pos=-8.16 gripper.pos=+10.38
DEBUG 2026-08-19 07:33:41 [action #193] t=8.86s step=2771 queue=21 dmax=1.663 | shoulder_pan.pos=+30.93 shoulder_lift.pos=+7.40 elbow_flex.pos=-2.83 wrist_flex.pos=+64.50 wrist_roll.pos=-9.22 gripper.pos=+9.72
DEBUG 2026-08-19 07:33:41 [action #194] t=8.90s step=2772 queue=20 dmax=0.678 | shoulder_pan.pos=+30.87 shoulder_lift.pos=+7.10 elbow_flex.pos=-2.15 wrist_flex.pos=+64.49 wrist_roll.pos=-9.18 gripper.pos=+9.69
DEBUG 2026-08-19 07:33:41 [action #195] t=8.93s step=2773 queue=19 dmax=1.100 | shoulder_pan.pos=+30.80 shoulder_lift.pos=+8.20 elbow_flex.pos=-2.64 wrist_flex.pos=+64.25 wrist_roll.pos=-9.24 gripper.pos=+9.60
DEBUG 2026-08-19 07:33:41 [action #196] t=8.96s step=2774 queue=18 dmax=0.400 | shoulder_pan.pos=+30.94 shoulder_lift.pos=+7.87 elbow_flex.pos=-2.24 wrist_flex.pos=+64.28 wrist_roll.pos=-9.19 gripper.pos=+9.55
DEBUG 2026-08-19 07:33:42 [action #197] t=9.00s step=2775 queue=17 dmax=0.307 | shoulder_pan.pos=+30.88 shoulder_lift.pos=+7.99 elbow_flex.pos=-1.93 wrist_flex.pos=+64.08 wrist_roll.pos=-9.12 gripper.pos=+9.77
DEBUG 2026-08-19 07:33:42 [action #198] t=9.03s step=2776 queue=16 dmax=0.294 | shoulder_pan.pos=+30.97 shoulder_lift.pos=+8.25 elbow_flex.pos=-1.63 wrist_flex.pos=+64.12 wrist_roll.pos=-8.99 gripper.pos=+9.82
DEBUG 2026-08-19 07:33:42 [action #199] t=9.06s step=2777 queue=15 dmax=0.474 | shoulder_pan.pos=+31.10 shoulder_lift.pos=+8.50 elbow_flex.pos=-1.67 wrist_flex.pos=+63.88 wrist_roll.pos=-9.17 gripper.pos=+10.29
DEBUG 2026-08-19 07:33:42 [action #200] t=9.10s step=2778 queue=14 dmax=1.307 | shoulder_pan.pos=+31.15 shoulder_lift.pos=+8.11 elbow_flex.pos=-0.92 wrist_flex.pos=+63.95 wrist_roll.pos=-9.07 gripper.pos=+11.60
DEBUG 2026-08-19 07:33:42 [action #201] t=9.13s step=2779 queue=13 dmax=2.866 | shoulder_pan.pos=+31.14 shoulder_lift.pos=+7.84 elbow_flex.pos=-1.19 wrist_flex.pos=+64.14 wrist_roll.pos=-8.86 gripper.pos=+14.46
DEBUG 2026-08-19 07:33:42 [action #202] t=9.16s step=2780 queue=12 dmax=3.987 | shoulder_pan.pos=+31.31 shoulder_lift.pos=+7.36 elbow_flex.pos=-0.72 wrist_flex.pos=+64.32 wrist_roll.pos=-8.93 gripper.pos=+18.45
DEBUG 2026-08-19 07:33:42 [action #203] t=9.20s step=2781 queue=11 dmax=4.156 | shoulder_pan.pos=+31.37 shoulder_lift.pos=+7.69 elbow_flex.pos=-0.17 wrist_flex.pos=+64.60 wrist_roll.pos=-8.75 gripper.pos=+22.60
DEBUG 2026-08-19 07:33:42 [action #204] t=9.23s step=2782 queue=10 dmax=4.209 | shoulder_pan.pos=+31.38 shoulder_lift.pos=+8.26 elbow_flex.pos=-0.66 wrist_flex.pos=+64.98 wrist_roll.pos=-8.56 gripper.pos=+26.81
DEBUG 2026-08-19 07:33:42 [action #205] t=9.26s step=2783 queue=9 dmax=3.108 | shoulder_pan.pos=+30.89 shoulder_lift.pos=+7.67 elbow_flex.pos=+0.23 wrist_flex.pos=+65.14 wrist_roll.pos=-8.34 gripper.pos=+29.92
DEBUG 2026-08-19 07:33:42 [action #206] t=9.30s step=2784 queue=8 dmax=2.301 | shoulder_pan.pos=+30.72 shoulder_lift.pos=+6.99 elbow_flex.pos=+0.32 wrist_flex.pos=+65.65 wrist_roll.pos=-8.08 gripper.pos=+32.22
DEBUG 2026-08-19 07:33:42 [action #207] t=9.33s step=2785 queue=7 dmax=1.151 | shoulder_pan.pos=+30.74 shoulder_lift.pos=+7.64 elbow_flex.pos=+0.17 wrist_flex.pos=+65.88 wrist_roll.pos=-7.88 gripper.pos=+33.37
DEBUG 2026-08-19 07:33:42 [action #208] t=9.37s step=2786 queue=6 dmax=0.657 | shoulder_pan.pos=+30.83 shoulder_lift.pos=+7.51 elbow_flex.pos=+0.70 wrist_flex.pos=+66.03 wrist_roll.pos=-7.68 gripper.pos=+34.03
DEBUG 2026-08-19 07:33:42 [action #209] t=9.40s step=2787 queue=5 dmax=0.336 | shoulder_pan.pos=+30.59 shoulder_lift.pos=+7.19 elbow_flex.pos=+0.75 wrist_flex.pos=+66.36 wrist_roll.pos=-7.53 gripper.pos=+34.09
DEBUG 2026-08-19 07:33:42 [action #210] t=9.43s step=2788 queue=4 dmax=0.352 | shoulder_pan.pos=+30.47 shoulder_lift.pos=+7.04 elbow_flex.pos=+0.97 wrist_flex.pos=+66.71 wrist_roll.pos=-7.39 gripper.pos=+33.91
DEBUG 2026-08-19 07:33:42 [action #211] t=9.47s step=2789 queue=3 dmax=0.342 | shoulder_pan.pos=+30.21 shoulder_lift.pos=+7.25 elbow_flex.pos=+1.07 wrist_flex.pos=+66.99 wrist_roll.pos=-7.33 gripper.pos=+33.57
DEBUG 2026-08-19 07:33:42 [action #212] t=9.50s step=2790 queue=2 dmax=0.403 | shoulder_pan.pos=+29.94 shoulder_lift.pos=+7.21 elbow_flex.pos=+0.91 wrist_flex.pos=+67.28 wrist_roll.pos=-7.26 gripper.pos=+33.16
DEBUG 2026-08-19 07:33:42 [action #213] t=9.53s step=2791 queue=1 dmax=0.414 | shoulder_pan.pos=+29.83 shoulder_lift.pos=+7.63 elbow_flex.pos=+0.78 wrist_flex.pos=+67.56 wrist_roll.pos=-7.23 gripper.pos=+33.28
DEBUG 2026-08-19 07:33:42 [chunk] received 50 actions, timesteps 2768..2817 | first: shoulder_pan.pos=+32.51 shoulder_lift.pos=+12.09 elbow_flex.pos=-11.17 wrist_flex.pos=+62.28 wrist_roll.pos=-6.08 gripper.pos=+9.18 | last: shoulder_pan.pos=+24.73 shoulder_lift.pos=+1.74 elbow_flex.pos=-7.68 wrist_flex.pos=+88.86 wrist_roll.pos=-4.50 gripper.pos=+34.38
DEBUG 2026-08-19 07:33:42 [action #214] t=9.67s step=2792 queue=26 dmax=9.860 | shoulder_pan.pos=+33.62 shoulder_lift.pos=+17.49 elbow_flex.pos=-7.09 wrist_flex.pos=+63.71 wrist_roll.pos=-5.59 gripper.pos=+26.78
DEBUG 2026-08-19 07:33:42 [action #215] t=9.70s step=2793 queue=25 dmax=1.399 | shoulder_pan.pos=+33.91 shoulder_lift.pos=+16.79 elbow_flex.pos=-6.32 wrist_flex.pos=+64.14 wrist_roll.pos=-5.67 gripper.pos=+28.18
DEBUG 2026-08-19 07:33:42 [action #216] t=9.73s step=2794 queue=24 dmax=1.388 | shoulder_pan.pos=+33.48 shoulder_lift.pos=+16.89 elbow_flex.pos=-6.24 wrist_flex.pos=+64.21 wrist_roll.pos=-5.46 gripper.pos=+29.57
DEBUG 2026-08-19 07:33:42 [action #217] t=9.77s step=2795 queue=23 dmax=0.812 | shoulder_pan.pos=+33.72 shoulder_lift.pos=+16.56 elbow_flex.pos=-5.43 wrist_flex.pos=+64.38 wrist_roll.pos=-5.49 gripper.pos=+30.17
DEBUG 2026-08-19 07:33:42 [action #218] t=9.80s step=2796 queue=22 dmax=1.434 | shoulder_pan.pos=+33.09 shoulder_lift.pos=+16.46 elbow_flex.pos=-6.08 wrist_flex.pos=+64.74 wrist_roll.pos=-5.44 gripper.pos=+31.61
DEBUG 2026-08-19 07:33:42 [action #219] t=9.83s step=2797 queue=21 dmax=1.309 | shoulder_pan.pos=+33.08 shoulder_lift.pos=+16.27 elbow_flex.pos=-5.12 wrist_flex.pos=+64.79 wrist_roll.pos=-5.43 gripper.pos=+32.91
DEBUG 2026-08-19 07:33:42 [action #220] t=9.87s step=2798 queue=20 dmax=0.916 | shoulder_pan.pos=+32.97 shoulder_lift.pos=+15.64 elbow_flex.pos=-5.32 wrist_flex.pos=+65.20 wrist_roll.pos=-5.33 gripper.pos=+33.83
DEBUG 2026-08-19 07:33:42 [action #221] t=9.90s step=2799 queue=19 dmax=0.833 | shoulder_pan.pos=+32.90 shoulder_lift.pos=+15.90 elbow_flex.pos=-4.60 wrist_flex.pos=+65.61 wrist_roll.pos=-5.33 gripper.pos=+34.66
DEBUG 2026-08-19 07:33:42 [action #222] t=9.93s step=2800 queue=18 dmax=0.740 | shoulder_pan.pos=+32.71 shoulder_lift.pos=+15.16 elbow_flex.pos=-4.30 wrist_flex.pos=+66.17 wrist_roll.pos=-5.18 gripper.pos=+34.92
DEBUG 2026-08-19 07:33:43 [action #223] t=9.97s step=2801 queue=17 dmax=0.908 | shoulder_pan.pos=+32.43 shoulder_lift.pos=+15.29 elbow_flex.pos=-4.68 wrist_flex.pos=+67.07 wrist_roll.pos=-5.12 gripper.pos=+35.14
DEBUG 2026-08-19 07:33:43 [action #224] t=10.00s step=2802 queue=16 dmax=1.274 | shoulder_pan.pos=+31.99 shoulder_lift.pos=+14.01 elbow_flex.pos=-4.33 wrist_flex.pos=+67.91 wrist_roll.pos=-5.13 gripper.pos=+34.86
DEBUG 2026-08-19 07:33:43 [action #225] t=10.03s step=2803 queue=15 dmax=1.293 | shoulder_pan.pos=+31.49 shoulder_lift.pos=+13.84 elbow_flex.pos=-4.76 wrist_flex.pos=+69.21 wrist_roll.pos=-5.00 gripper.pos=+34.70
DEBUG 2026-08-19 07:33:43 [action #226] t=10.07s step=2804 queue=14 dmax=1.692 | shoulder_pan.pos=+31.59 shoulder_lift.pos=+12.15 elbow_flex.pos=-4.15 wrist_flex.pos=+70.23 wrist_roll.pos=-4.94 gripper.pos=+34.47
DEBUG 2026-08-19 07:33:43 [action #227] t=10.10s step=2805 queue=13 dmax=1.597 | shoulder_pan.pos=+30.99 shoulder_lift.pos=+12.31 elbow_flex.pos=-4.70 wrist_flex.pos=+71.83 wrist_roll.pos=-4.95 gripper.pos=+34.46
DEBUG 2026-08-19 07:33:43 [action #228] t=10.13s step=2806 queue=12 dmax=1.204 | shoulder_pan.pos=+31.13 shoulder_lift.pos=+12.15 elbow_flex.pos=-5.46 wrist_flex.pos=+73.03 wrist_roll.pos=-4.98 gripper.pos=+34.46
DEBUG 2026-08-19 07:33:43 [action #229] t=10.17s step=2807 queue=11 dmax=1.467 | shoulder_pan.pos=+30.56 shoulder_lift.pos=+10.73 elbow_flex.pos=-5.04 wrist_flex.pos=+74.50 wrist_roll.pos=-4.87 gripper.pos=+34.43
DEBUG 2026-08-19 07:33:43 [action #230] t=10.20s step=2808 queue=10 dmax=1.590 | shoulder_pan.pos=+30.24 shoulder_lift.pos=+10.55 elbow_flex.pos=-6.01 wrist_flex.pos=+76.09 wrist_roll.pos=-4.78 gripper.pos=+34.59
DEBUG 2026-08-19 07:33:43 [action #231] t=10.23s step=2809 queue=9 dmax=1.491 | shoulder_pan.pos=+29.73 shoulder_lift.pos=+9.91 elbow_flex.pos=-6.32 wrist_flex.pos=+77.58 wrist_roll.pos=-4.76 gripper.pos=+34.47
DEBUG 2026-08-19 07:33:43 [action #232] t=10.27s step=2810 queue=8 dmax=1.606 | shoulder_pan.pos=+29.44 shoulder_lift.pos=+10.06 elbow_flex.pos=-6.99 wrist_flex.pos=+79.19 wrist_roll.pos=-4.77 gripper.pos=+34.57
DEBUG 2026-08-19 07:33:43 [action #233] t=10.30s step=2811 queue=7 dmax=1.568 | shoulder_pan.pos=+28.63 shoulder_lift.pos=+9.02 elbow_flex.pos=-6.52 wrist_flex.pos=+80.76 wrist_roll.pos=-4.87 gripper.pos=+34.53
DEBUG 2026-08-19 07:33:43 [action #234] t=10.34s step=2812 queue=6 dmax=1.553 | shoulder_pan.pos=+28.25 shoulder_lift.pos=+8.11 elbow_flex.pos=-7.04 wrist_flex.pos=+82.31 wrist_roll.pos=-4.74 gripper.pos=+34.50
DEBUG 2026-08-19 07:33:43 [action #235] t=10.37s step=2813 queue=5 dmax=1.395 | shoulder_pan.pos=+27.46 shoulder_lift.pos=+7.14 elbow_flex.pos=-7.73 wrist_flex.pos=+83.70 wrist_roll.pos=-4.73 gripper.pos=+34.49
DEBUG 2026-08-19 07:33:43 [action #236] t=10.40s step=2814 queue=4 dmax=1.454 | shoulder_pan.pos=+26.66 shoulder_lift.pos=+5.86 elbow_flex.pos=-7.27 wrist_flex.pos=+85.16 wrist_roll.pos=-4.76 gripper.pos=+34.49
DEBUG 2026-08-19 07:33:43 [action #237] t=10.44s step=2815 queue=3 dmax=1.327 | shoulder_pan.pos=+26.10 shoulder_lift.pos=+4.56 elbow_flex.pos=-7.49 wrist_flex.pos=+86.49 wrist_roll.pos=-4.63 gripper.pos=+34.50
DEBUG 2026-08-19 07:33:43 [action #238] t=10.47s step=2816 queue=2 dmax=1.258 | shoulder_pan.pos=+25.27 shoulder_lift.pos=+3.30 elbow_flex.pos=-7.50 wrist_flex.pos=+87.73 wrist_roll.pos=-4.65 gripper.pos=+34.40
DEBUG 2026-08-19 07:33:43 [action #239] t=10.50s step=2817 queue=1 dmax=1.557 | shoulder_pan.pos=+24.73 shoulder_lift.pos=+1.74 elbow_flex.pos=-7.68 wrist_flex.pos=+88.86 wrist_roll.pos=-4.50 gripper.pos=+34.38
DEBUG 2026-08-19 07:33:43 [chunk] received 50 actions, timesteps 2791..2840 | first: shoulder_pan.pos=+31.24 shoulder_lift.pos=+10.26 elbow_flex.pos=-4.82 wrist_flex.pos=+67.67 wrist_roll.pos=-8.58 gripper.pos=+35.40 | last: shoulder_pan.pos=+8.55 shoulder_lift.pos=-55.17 elbow_flex.pos=+32.65 wrist_flex.pos=+83.71 wrist_roll.pos=+0.13 gripper.pos=+4.68
DEBUG 2026-08-19 07:33:43 [action #240] t=10.60s step=2818 queue=23 dmax=12.076 | shoulder_pan.pos=+22.01 shoulder_lift.pos=-10.33 elbow_flex.pos=-3.88 wrist_flex.pos=+91.89 wrist_roll.pos=-5.33 gripper.pos=+36.48
DEBUG 2026-08-19 07:33:43 [action #241] t=10.64s step=2819 queue=22 dmax=1.743 | shoulder_pan.pos=+21.18 shoulder_lift.pos=-12.08 elbow_flex.pos=-2.68 wrist_flex.pos=+92.29 wrist_roll.pos=-5.23 gripper.pos=+36.21
DEBUG 2026-08-19 07:33:43 [action #242] t=10.67s step=2820 queue=21 dmax=1.354 | shoulder_pan.pos=+20.26 shoulder_lift.pos=-13.43 elbow_flex.pos=-1.43 wrist_flex.pos=+92.57 wrist_roll.pos=-5.19 gripper.pos=+36.04
DEBUG 2026-08-19 07:33:43 [action #243] t=10.70s step=2821 queue=20 dmax=1.339 | shoulder_pan.pos=+19.02 shoulder_lift.pos=-14.68 elbow_flex.pos=-0.09 wrist_flex.pos=+92.74 wrist_roll.pos=-5.14 gripper.pos=+35.97
DEBUG 2026-08-19 07:33:43 [action #244] t=10.74s step=2822 queue=19 dmax=1.484 | shoulder_pan.pos=+17.95 shoulder_lift.pos=-16.16 elbow_flex.pos=+0.34 wrist_flex.pos=+93.03 wrist_roll.pos=-4.88 gripper.pos=+35.78
DEBUG 2026-08-19 07:33:43 [action #245] t=10.77s step=2823 queue=18 dmax=1.715 | shoulder_pan.pos=+17.26 shoulder_lift.pos=-17.88 elbow_flex.pos=+1.46 wrist_flex.pos=+93.04 wrist_roll.pos=-4.81 gripper.pos=+35.73
DEBUG 2026-08-19 07:33:43 [action #246] t=10.80s step=2824 queue=17 dmax=1.762 | shoulder_pan.pos=+16.55 shoulder_lift.pos=-19.64 elbow_flex.pos=+2.58 wrist_flex.pos=+93.10 wrist_roll.pos=-4.59 gripper.pos=+35.39
DEBUG 2026-08-19 07:33:43 [action #247] t=10.84s step=2825 queue=16 dmax=1.348 | shoulder_pan.pos=+15.96 shoulder_lift.pos=-20.99 elbow_flex.pos=+3.50 wrist_flex.pos=+92.82 wrist_roll.pos=-4.18 gripper.pos=+34.77
DEBUG 2026-08-19 07:33:43 [action #248] t=10.87s step=2826 queue=15 dmax=1.929 | shoulder_pan.pos=+15.29 shoulder_lift.pos=-22.92 elbow_flex.pos=+5.43 wrist_flex.pos=+92.47 wrist_roll.pos=-3.76 gripper.pos=+33.57
DEBUG 2026-08-19 07:33:43 [action #249] t=10.90s step=2827 queue=14 dmax=1.953 | shoulder_pan.pos=+14.82 shoulder_lift.pos=-24.49 elbow_flex.pos=+7.20 wrist_flex.pos=+91.87 wrist_roll.pos=-3.36 gripper.pos=+31.61
DEBUG 2026-08-19 07:33:43 [action #250] t=10.94s step=2828 queue=13 dmax=2.362 | shoulder_pan.pos=+13.94 shoulder_lift.pos=-26.68 elbow_flex.pos=+9.11 wrist_flex.pos=+91.45 wrist_roll.pos=-2.69 gripper.pos=+29.25
DEBUG 2026-08-19 07:33:44 [action #251] t=10.97s step=2829 queue=12 dmax=3.032 | shoulder_pan.pos=+13.25 shoulder_lift.pos=-28.82 elbow_flex.pos=+11.39 wrist_flex.pos=+90.92 wrist_roll.pos=-2.08 gripper.pos=+26.22
DEBUG 2026-08-19 07:33:44 [action #252] t=11.00s step=2830 queue=11 dmax=3.449 | shoulder_pan.pos=+12.52 shoulder_lift.pos=-31.17 elbow_flex.pos=+13.63 wrist_flex.pos=+90.15 wrist_roll.pos=-1.51 gripper.pos=+22.77
DEBUG 2026-08-19 07:33:44 [action #253] t=11.04s step=2831 queue=10 dmax=3.888 | shoulder_pan.pos=+12.20 shoulder_lift.pos=-32.88 elbow_flex.pos=+15.03 wrist_flex.pos=+89.28 wrist_roll.pos=-1.06 gripper.pos=+18.88
DEBUG 2026-08-19 07:33:44 [action #254] t=11.07s step=2832 queue=9 dmax=3.728 | shoulder_pan.pos=+11.50 shoulder_lift.pos=-35.28 elbow_flex.pos=+17.38 wrist_flex.pos=+88.59 wrist_roll.pos=-0.76 gripper.pos=+15.15
DEBUG 2026-08-19 07:33:44 [action #255] t=11.10s step=2833 queue=8 dmax=3.675 | shoulder_pan.pos=+11.43 shoulder_lift.pos=-37.70 elbow_flex.pos=+19.14 wrist_flex.pos=+87.75 wrist_roll.pos=-0.60 gripper.pos=+11.48
DEBUG 2026-08-19 07:33:44 [action #256] t=11.14s step=2834 queue=7 dmax=2.910 | shoulder_pan.pos=+11.28 shoulder_lift.pos=-40.43 elbow_flex.pos=+21.21 wrist_flex.pos=+87.07 wrist_roll.pos=-0.39 gripper.pos=+8.57
DEBUG 2026-08-19 07:33:44 [action #257] t=11.17s step=2835 queue=6 dmax=2.141 | shoulder_pan.pos=+10.68 shoulder_lift.pos=-42.46 elbow_flex.pos=+22.88 wrist_flex.pos=+86.56 wrist_roll.pos=-0.30 gripper.pos=+6.43
DEBUG 2026-08-19 07:33:44 [action #258] t=11.20s step=2836 queue=5 dmax=2.343 | shoulder_pan.pos=+10.47 shoulder_lift.pos=-44.80 elbow_flex.pos=+24.54 wrist_flex.pos=+85.96 wrist_roll.pos=-0.20 gripper.pos=+5.20
DEBUG 2026-08-19 07:33:44 [action #259] t=11.24s step=2837 queue=4 dmax=2.643 | shoulder_pan.pos=+9.80 shoulder_lift.pos=-47.44 elbow_flex.pos=+26.83 wrist_flex.pos=+85.48 wrist_roll.pos=-0.03 gripper.pos=+4.74
DEBUG 2026-08-19 07:33:44 [action #260] t=11.27s step=2838 queue=3 dmax=2.184 | shoulder_pan.pos=+9.40 shoulder_lift.pos=-49.63 elbow_flex.pos=+28.64 wrist_flex.pos=+84.95 wrist_roll.pos=-0.10 gripper.pos=+4.62
DEBUG 2026-08-19 07:33:44 [action #261] t=11.31s step=2839 queue=2 dmax=3.149 | shoulder_pan.pos=+8.94 shoulder_lift.pos=-52.78 elbow_flex.pos=+30.99 wrist_flex.pos=+84.38 wrist_roll.pos=+0.08 gripper.pos=+4.61
DEBUG 2026-08-19 07:33:44 [action #262] t=11.34s step=2840 queue=1 dmax=2.391 | shoulder_pan.pos=+8.55 shoulder_lift.pos=-55.17 elbow_flex.pos=+32.65 wrist_flex.pos=+83.71 wrist_roll.pos=+0.13 gripper.pos=+4.68
DEBUG 2026-08-19 07:33:44 [chunk] received 50 actions, timesteps 2817..2866 | first: shoulder_pan.pos=+27.93 shoulder_lift.pos=-2.38 elbow_flex.pos=-2.00 wrist_flex.pos=+86.59 wrist_roll.pos=-4.62 gripper.pos=+36.37 | last: shoulder_pan.pos=+0.27 shoulder_lift.pos=-80.24 elbow_flex.pos=+55.97 wrist_flex.pos=+79.68 wrist_roll.pos=+5.99 gripper.pos=+1.15
DEBUG 2026-08-19 07:33:44 [action #263] t=11.51s step=2841 queue=26 dmax=23.937 | shoulder_pan.pos=+10.21 shoulder_lift.pos=-40.56 elbow_flex.pos=+27.21 wrist_flex.pos=+88.07 wrist_roll.pos=+3.05 gripper.pos=+28.62
DEBUG 2026-08-19 07:33:44 [action #264] t=11.54s step=2842 queue=25 dmax=4.796 | shoulder_pan.pos=+9.29 shoulder_lift.pos=-42.39 elbow_flex.pos=+28.83 wrist_flex.pos=+87.96 wrist_roll.pos=+3.84 gripper.pos=+23.82
DEBUG 2026-08-19 07:33:44 [action #265] t=11.57s step=2843 queue=24 dmax=4.461 | shoulder_pan.pos=+8.61 shoulder_lift.pos=-44.20 elbow_flex.pos=+29.91 wrist_flex.pos=+87.77 wrist_roll.pos=+4.59 gripper.pos=+19.36
DEBUG 2026-08-19 07:33:44 [action #266] t=11.61s step=2844 queue=23 dmax=4.061 | shoulder_pan.pos=+7.70 shoulder_lift.pos=-46.03 elbow_flex.pos=+31.54 wrist_flex.pos=+87.51 wrist_roll.pos=+5.22 gripper.pos=+15.30
DEBUG 2026-08-19 07:33:44 [action #267] t=11.64s step=2845 queue=22 dmax=3.658 | shoulder_pan.pos=+7.15 shoulder_lift.pos=-47.93 elbow_flex.pos=+32.40 wrist_flex.pos=+86.83 wrist_roll.pos=+5.86 gripper.pos=+11.64
DEBUG 2026-08-19 07:33:44 [action #268] t=11.67s step=2846 queue=21 dmax=3.304 | shoulder_pan.pos=+6.56 shoulder_lift.pos=-49.70 elbow_flex.pos=+33.95 wrist_flex.pos=+86.69 wrist_roll.pos=+6.38 gripper.pos=+8.34
DEBUG 2026-08-19 07:33:44 [action #269] t=11.71s step=2847 queue=20 dmax=2.182 | shoulder_pan.pos=+5.95 shoulder_lift.pos=-51.43 elbow_flex.pos=+35.19 wrist_flex.pos=+86.44 wrist_roll.pos=+6.81 gripper.pos=+6.15
DEBUG 2026-08-19 07:33:44 [action #270] t=11.74s step=2848 queue=19 dmax=1.818 | shoulder_pan.pos=+5.82 shoulder_lift.pos=-53.25 elbow_flex.pos=+35.90 wrist_flex.pos=+86.20 wrist_roll.pos=+6.93 gripper.pos=+4.55
DEBUG 2026-08-19 07:33:44 [action #271] t=11.77s step=2849 queue=18 dmax=2.007 | shoulder_pan.pos=+4.96 shoulder_lift.pos=-54.83 elbow_flex.pos=+37.91 wrist_flex.pos=+86.03 wrist_roll.pos=+7.06 gripper.pos=+3.74
DEBUG 2026-08-19 07:33:44 [action #272] t=11.81s step=2850 queue=17 dmax=1.246 | shoulder_pan.pos=+4.57 shoulder_lift.pos=-56.07 elbow_flex.pos=+38.66 wrist_flex.pos=+85.46 wrist_roll.pos=+6.96 gripper.pos=+3.63
DEBUG 2026-08-19 07:33:44 [action #273] t=11.84s step=2851 queue=16 dmax=1.737 | shoulder_pan.pos=+3.97 shoulder_lift.pos=-57.69 elbow_flex.pos=+40.39 wrist_flex.pos=+84.97 wrist_roll.pos=+7.03 gripper.pos=+3.35
DEBUG 2026-08-19 07:33:44 [action #274] t=11.87s step=2852 queue=15 dmax=1.787 | shoulder_pan.pos=+3.43 shoulder_lift.pos=-59.48 elbow_flex.pos=+41.71 wrist_flex.pos=+84.32 wrist_roll.pos=+6.91 gripper.pos=+3.25
DEBUG 2026-08-19 07:33:44 [action #275] t=11.91s step=2853 queue=14 dmax=1.256 | shoulder_pan.pos=+2.94 shoulder_lift.pos=-60.73 elbow_flex.pos=+42.52 wrist_flex.pos=+83.78 wrist_roll.pos=+7.07 gripper.pos=+3.20
DEBUG 2026-08-19 07:33:44 [action #276] t=11.94s step=2854 queue=13 dmax=2.479 | shoulder_pan.pos=+2.26 shoulder_lift.pos=-63.21 elbow_flex.pos=+44.46 wrist_flex.pos=+83.25 wrist_roll.pos=+6.91 gripper.pos=+3.07
DEBUG 2026-08-19 07:33:45 [action #277] t=11.97s step=2855 queue=12 dmax=0.824 | shoulder_pan.pos=+1.80 shoulder_lift.pos=-63.97 elbow_flex.pos=+45.28 wrist_flex.pos=+82.85 wrist_roll.pos=+6.78 gripper.pos=+3.09
DEBUG 2026-08-19 07:33:45 [action #278] t=12.01s step=2856 queue=11 dmax=1.851 | shoulder_pan.pos=+1.36 shoulder_lift.pos=-65.82 elbow_flex.pos=+46.65 wrist_flex.pos=+82.14 wrist_roll.pos=+6.81 gripper.pos=+2.90
DEBUG 2026-08-19 07:33:45 [action #279] t=12.04s step=2857 queue=10 dmax=1.465 | shoulder_pan.pos=+1.04 shoulder_lift.pos=-67.28 elbow_flex.pos=+47.89 wrist_flex.pos=+81.50 wrist_roll.pos=+6.75 gripper.pos=+2.62
DEBUG 2026-08-19 07:33:45 [action #280] t=12.08s step=2858 queue=9 dmax=1.322 | shoulder_pan.pos=+0.83 shoulder_lift.pos=-68.61 elbow_flex.pos=+48.54 wrist_flex.pos=+80.90 wrist_roll.pos=+6.52 gripper.pos=+2.38
DEBUG 2026-08-19 07:33:45 [action #281] t=12.11s step=2859 queue=8 dmax=1.715 | shoulder_pan.pos=+0.60 shoulder_lift.pos=-70.32 elbow_flex.pos=+49.94 wrist_flex.pos=+80.47 wrist_roll.pos=+6.52 gripper.pos=+2.15
DEBUG 2026-08-19 07:33:45 [action #282] t=12.14s step=2860 queue=7 dmax=1.407 | shoulder_pan.pos=+0.35 shoulder_lift.pos=-71.73 elbow_flex.pos=+50.97 wrist_flex.pos=+80.17 wrist_roll.pos=+6.46 gripper.pos=+1.89
DEBUG 2026-08-19 07:33:45 [action #283] t=12.18s step=2861 queue=6 dmax=1.450 | shoulder_pan.pos=+0.54 shoulder_lift.pos=-73.18 elbow_flex.pos=+51.99 wrist_flex.pos=+79.96 wrist_roll.pos=+6.19 gripper.pos=+1.58
DEBUG 2026-08-19 07:33:45 [action #284] t=12.21s step=2862 queue=5 dmax=1.116 | shoulder_pan.pos=+0.31 shoulder_lift.pos=-74.29 elbow_flex.pos=+52.47 wrist_flex.pos=+79.94 wrist_roll.pos=+6.15 gripper.pos=+1.35
DEBUG 2026-08-19 07:33:45 [chunk] received 50 actions, timesteps 2840..2889 | first: shoulder_pan.pos=+8.56 shoulder_lift.pos=-55.26 elbow_flex.pos=+40.74 wrist_flex.pos=+79.95 wrist_roll.pos=+0.42 gripper.pos=+3.68 | last: shoulder_pan.pos=-1.42 shoulder_lift.pos=-104.68 elbow_flex.pos=+85.67 wrist_flex.pos=+80.12 wrist_roll.pos=-2.52 gripper.pos=+0.92
DEBUG 2026-08-19 07:33:45 [action #285] t=12.24s step=2863 queue=27 dmax=12.162 | shoulder_pan.pos=-1.67 shoulder_lift.pos=-82.92 elbow_flex.pos=+64.63 wrist_flex.pos=+76.40 wrist_roll.pos=+2.53 gripper.pos=+0.87
DEBUG 2026-08-19 07:33:45 [action #286] t=12.28s step=2864 queue=26 dmax=1.634 | shoulder_pan.pos=-1.58 shoulder_lift.pos=-84.56 elbow_flex.pos=+65.72 wrist_flex.pos=+76.52 wrist_roll.pos=+2.54 gripper.pos=+0.99
DEBUG 2026-08-19 07:33:45 [action #287] t=12.31s step=2865 queue=25 dmax=1.667 | shoulder_pan.pos=-1.53 shoulder_lift.pos=-86.22 elbow_flex.pos=+66.91 wrist_flex.pos=+76.59 wrist_roll.pos=+2.62 gripper.pos=+1.08
DEBUG 2026-08-19 07:33:45 [action #288] t=12.34s step=2866 queue=24 dmax=1.437 | shoulder_pan.pos=-1.19 shoulder_lift.pos=-87.66 elbow_flex.pos=+68.11 wrist_flex.pos=+76.75 wrist_roll.pos=+2.56 gripper.pos=+1.13
DEBUG 2026-08-19 07:33:45 [action #289] t=12.38s step=2867 queue=23 dmax=5.313 | shoulder_pan.pos=-2.09 shoulder_lift.pos=-92.46 elbow_flex.pos=+73.42 wrist_flex.pos=+75.56 wrist_roll.pos=+1.09 gripper.pos=+1.04
DEBUG 2026-08-19 07:33:45 [action #290] t=12.41s step=2868 queue=22 dmax=2.605 | shoulder_pan.pos=-1.68 shoulder_lift.pos=-95.06 elbow_flex.pos=+74.11 wrist_flex.pos=+75.71 wrist_roll.pos=+1.04 gripper.pos=+1.10
DEBUG 2026-08-19 07:33:45 [action #291] t=12.44s step=2869 queue=21 dmax=1.449 | shoulder_pan.pos=-1.54 shoulder_lift.pos=-96.45 elbow_flex.pos=+75.56 wrist_flex.pos=+76.13 wrist_roll.pos=+0.93 gripper.pos=+1.14
DEBUG 2026-08-19 07:33:45 [action #292] t=12.48s step=2870 queue=20 dmax=2.368 | shoulder_pan.pos=-1.32 shoulder_lift.pos=-98.82 elbow_flex.pos=+76.17 wrist_flex.pos=+76.47 wrist_roll.pos=+0.93 gripper.pos=+0.98
DEBUG 2026-08-19 07:33:45 [action #293] t=12.51s step=2871 queue=19 dmax=0.911 | shoulder_pan.pos=-1.21 shoulder_lift.pos=-99.73 elbow_flex.pos=+76.76 wrist_flex.pos=+76.94 wrist_roll.pos=+0.93 gripper.pos=+1.09
DEBUG 2026-08-19 07:33:45 [action #294] t=12.54s step=2872 queue=18 dmax=0.859 | shoulder_pan.pos=-1.43 shoulder_lift.pos=-99.65 elbow_flex.pos=+77.62 wrist_flex.pos=+77.23 wrist_roll.pos=+0.88 gripper.pos=+1.10
DEBUG 2026-08-19 07:33:45 [action #295] t=12.58s step=2873 queue=17 dmax=1.657 | shoulder_pan.pos=-1.63 shoulder_lift.pos=-101.31 elbow_flex.pos=+78.32 wrist_flex.pos=+77.49 wrist_roll.pos=+0.94 gripper.pos=+1.07
DEBUG 2026-08-19 07:33:45 [action #296] t=12.61s step=2874 queue=16 dmax=0.866 | shoulder_pan.pos=-1.77 shoulder_lift.pos=-101.43 elbow_flex.pos=+79.19 wrist_flex.pos=+78.20 wrist_roll.pos=+0.88 gripper.pos=+1.28
DEBUG 2026-08-19 07:33:45 [action #297] t=12.64s step=2875 queue=15 dmax=1.344 | shoulder_pan.pos=-1.43 shoulder_lift.pos=-102.77 elbow_flex.pos=+79.19 wrist_flex.pos=+78.48 wrist_roll.pos=+0.98 gripper.pos=+1.22
DEBUG 2026-08-19 07:33:45 [action #298] t=12.68s step=2876 queue=14 dmax=1.034 | shoulder_pan.pos=-1.76 shoulder_lift.pos=-103.41 elbow_flex.pos=+80.22 wrist_flex.pos=+78.76 wrist_roll.pos=+0.91 gripper.pos=+1.08
DEBUG 2026-08-19 07:33:45 [action #299] t=12.71s step=2877 queue=13 dmax=0.656 | shoulder_pan.pos=-1.10 shoulder_lift.pos=-103.93 elbow_flex.pos=+80.83 wrist_flex.pos=+79.16 wrist_roll.pos=+0.91 gripper.pos=+1.14
DEBUG 2026-08-19 07:33:45 [action #300] t=12.74s step=2878 queue=12 dmax=0.526 | shoulder_pan.pos=-1.13 shoulder_lift.pos=-104.05 elbow_flex.pos=+81.36 wrist_flex.pos=+79.63 wrist_roll.pos=+0.83 gripper.pos=+1.26
DEBUG 2026-08-19 07:33:45 [action #301] t=12.78s step=2879 queue=11 dmax=0.395 | shoulder_pan.pos=-1.38 shoulder_lift.pos=-103.66 elbow_flex.pos=+81.56 wrist_flex.pos=+79.42 wrist_roll.pos=+0.66 gripper.pos=+1.17
DEBUG 2026-08-19 07:33:45 [action #302] t=12.81s step=2880 queue=10 dmax=0.475 | shoulder_pan.pos=-1.57 shoulder_lift.pos=-103.59 elbow_flex.pos=+81.98 wrist_flex.pos=+79.85 wrist_roll.pos=+0.18 gripper.pos=+1.00
DEBUG 2026-08-19 07:33:45 [action #303] t=12.84s step=2881 queue=9 dmax=1.202 | shoulder_pan.pos=-1.50 shoulder_lift.pos=-104.79 elbow_flex.pos=+82.61 wrist_flex.pos=+79.85 wrist_roll.pos=-0.49 gripper.pos=+1.12
DEBUG 2026-08-19 07:33:45 [action #304] t=12.88s step=2882 queue=8 dmax=0.675 | shoulder_pan.pos=-1.48 shoulder_lift.pos=-105.44 elbow_flex.pos=+82.91 wrist_flex.pos=+79.90 wrist_roll.pos=-1.17 gripper.pos=+0.87
DEBUG 2026-08-19 07:33:45 [action #305] t=12.91s step=2883 queue=7 dmax=0.780 | shoulder_pan.pos=-1.22 shoulder_lift.pos=-104.71 elbow_flex.pos=+83.60 wrist_flex.pos=+80.05 wrist_roll.pos=-1.95 gripper.pos=+1.01
DEBUG 2026-08-19 07:33:45 [action #306] t=12.94s step=2884 queue=6 dmax=0.532 | shoulder_pan.pos=-1.40 shoulder_lift.pos=-105.25 elbow_flex.pos=+84.00 wrist_flex.pos=+80.10 wrist_roll.pos=-2.41 gripper.pos=+0.86
DEBUG 2026-08-19 07:33:46 [action #307] t=12.98s step=2885 queue=5 dmax=0.381 | shoulder_pan.pos=-1.54 shoulder_lift.pos=-105.11 elbow_flex.pos=+84.38 wrist_flex.pos=+80.12 wrist_roll.pos=-2.39 gripper.pos=+0.88
DEBUG 2026-08-19 07:33:46 [action #308] t=13.01s step=2886 queue=4 dmax=0.396 | shoulder_pan.pos=-1.42 shoulder_lift.pos=-104.71 elbow_flex.pos=+84.49 wrist_flex.pos=+80.29 wrist_roll.pos=-2.42 gripper.pos=+0.93
DEBUG 2026-08-19 07:33:46 [action #309] t=13.04s step=2887 queue=3 dmax=0.843 | shoulder_pan.pos=-1.87 shoulder_lift.pos=-104.98 elbow_flex.pos=+85.33 wrist_flex.pos=+80.33 wrist_roll.pos=-2.40 gripper.pos=+0.79
DEBUG 2026-08-19 07:33:46 [action #310] t=13.08s step=2888 queue=2 dmax=0.792 | shoulder_pan.pos=-1.82 shoulder_lift.pos=-104.19 elbow_flex.pos=+85.11 wrist_flex.pos=+80.29 wrist_roll.pos=-2.42 gripper.pos=+0.91
DEBUG 2026-08-19 07:33:46 [action #311] t=13.11s step=2889 queue=1 dmax=0.552 | shoulder_pan.pos=-1.42 shoulder_lift.pos=-104.68 elbow_flex.pos=+85.67 wrist_flex.pos=+80.12 wrist_roll.pos=-2.52 gripper.pos=+0.92
DEBUG 2026-08-19 07:33:46 [chunk] received 50 actions, timesteps 2862..2911 | first: shoulder_pan.pos=+0.71 shoulder_lift.pos=-70.41 elbow_flex.pos=+51.24 wrist_flex.pos=+77.30 wrist_roll.pos=+7.31 gripper.pos=+2.58 | last: shoulder_pan.pos=-0.11 shoulder_lift.pos=-7.75 elbow_flex.pos=+19.81 wrist_flex.pos=+74.41 wrist_roll.pos=+3.53 gripper.pos=+27.35
DEBUG 2026-08-19 07:33:46 [action #312] t=13.15s step=2890 queue=22 dmax=55.659 | shoulder_pan.pos=-1.48 shoulder_lift.pos=-49.02 elbow_flex.pos=+47.95 wrist_flex.pos=+68.66 wrist_roll.pos=+2.66 gripper.pos=+3.53
DEBUG 2026-08-19 07:33:46 [action #313] t=13.18s step=2891 queue=21 dmax=2.126 | shoulder_pan.pos=-1.47 shoulder_lift.pos=-46.89 elbow_flex.pos=+46.93 wrist_flex.pos=+68.33 wrist_roll.pos=+2.77 gripper.pos=+5.52
DEBUG 2026-08-19 07:33:46 [action #314] t=13.21s step=2892 queue=20 dmax=2.259 | shoulder_pan.pos=-1.08 shoulder_lift.pos=-44.64 elbow_flex.pos=+45.17 wrist_flex.pos=+68.20 wrist_roll.pos=+2.76 gripper.pos=+7.75
DEBUG 2026-08-19 07:33:46 [action #315] t=13.25s step=2893 queue=19 dmax=2.420 | shoulder_pan.pos=-1.03 shoulder_lift.pos=-43.02 elbow_flex.pos=+43.75 wrist_flex.pos=+68.24 wrist_roll.pos=+2.71 gripper.pos=+10.17
DEBUG 2026-08-19 07:33:46 [action #316] t=13.28s step=2894 queue=18 dmax=2.445 | shoulder_pan.pos=-0.91 shoulder_lift.pos=-40.57 elbow_flex.pos=+41.80 wrist_flex.pos=+68.50 wrist_roll.pos=+2.83 gripper.pos=+12.12
DEBUG 2026-08-19 07:33:46 [action #317] t=13.31s step=2895 queue=17 dmax=2.406 | shoulder_pan.pos=-0.61 shoulder_lift.pos=-38.17 elbow_flex.pos=+39.76 wrist_flex.pos=+69.07 wrist_roll.pos=+2.89 gripper.pos=+13.78
DEBUG 2026-08-19 07:33:46 [action #318] t=13.35s step=2896 queue=16 dmax=2.709 | shoulder_pan.pos=-0.83 shoulder_lift.pos=-35.46 elbow_flex.pos=+37.91 wrist_flex.pos=+69.73 wrist_roll.pos=+2.95 gripper.pos=+16.03
DEBUG 2026-08-19 07:33:46 [action #319] t=13.38s step=2897 queue=15 dmax=2.503 | shoulder_pan.pos=-0.66 shoulder_lift.pos=-32.95 elbow_flex.pos=+35.78 wrist_flex.pos=+70.55 wrist_roll.pos=+2.98 gripper.pos=+17.48
DEBUG 2026-08-19 07:33:46 [action #320] t=13.41s step=2898 queue=14 dmax=2.630 | shoulder_pan.pos=-0.54 shoulder_lift.pos=-30.32 elbow_flex.pos=+34.13 wrist_flex.pos=+71.26 wrist_roll.pos=+3.05 gripper.pos=+19.08
DEBUG 2026-08-19 07:33:46 [action #321] t=13.45s step=2899 queue=13 dmax=2.435 | shoulder_pan.pos=-0.55 shoulder_lift.pos=-27.89 elbow_flex.pos=+32.31 wrist_flex.pos=+71.97 wrist_roll.pos=+3.12 gripper.pos=+20.38
DEBUG 2026-08-19 07:33:46 [action #322] t=13.48s step=2900 queue=12 dmax=2.058 | shoulder_pan.pos=-0.44 shoulder_lift.pos=-25.83 elbow_flex.pos=+30.54 wrist_flex.pos=+72.47 wrist_roll.pos=+3.10 gripper.pos=+21.36
DEBUG 2026-08-19 07:33:46 [action #323] t=13.51s step=2901 queue=11 dmax=2.281 | shoulder_pan.pos=-0.23 shoulder_lift.pos=-23.55 elbow_flex.pos=+29.15 wrist_flex.pos=+72.97 wrist_roll.pos=+3.10 gripper.pos=+22.40
DEBUG 2026-08-19 07:33:46 [action #324] t=13.55s step=2902 queue=10 dmax=2.336 | shoulder_pan.pos=-0.21 shoulder_lift.pos=-21.21 elbow_flex.pos=+27.55 wrist_flex.pos=+73.10 wrist_roll.pos=+3.14 gripper.pos=+23.37
DEBUG 2026-08-19 07:33:46 [action #325] t=13.58s step=2903 queue=9 dmax=1.904 | shoulder_pan.pos=-0.33 shoulder_lift.pos=-19.31 elbow_flex.pos=+26.35 wrist_flex.pos=+73.28 wrist_roll.pos=+3.35 gripper.pos=+24.31
DEBUG 2026-08-19 07:33:46 [action #326] t=13.61s step=2904 queue=8 dmax=2.092 | shoulder_pan.pos=+0.03 shoulder_lift.pos=-17.22 elbow_flex.pos=+24.86 wrist_flex.pos=+73.38 wrist_roll.pos=+3.23 gripper.pos=+25.32
DEBUG 2026-08-19 07:33:46 [action #327] t=13.65s step=2905 queue=7 dmax=1.983 | shoulder_pan.pos=-0.22 shoulder_lift.pos=-15.23 elbow_flex.pos=+24.55 wrist_flex.pos=+73.54 wrist_roll.pos=+3.43 gripper.pos=+26.17
DEBUG 2026-08-19 07:33:46 [action #328] t=13.68s step=2906 queue=6 dmax=1.439 | shoulder_pan.pos=-0.17 shoulder_lift.pos=-13.79 elbow_flex.pos=+23.30 wrist_flex.pos=+73.79 wrist_roll.pos=+3.55 gripper.pos=+26.81
DEBUG 2026-08-19 07:33:46 [action #329] t=13.71s step=2907 queue=5 dmax=1.034 | shoulder_pan.pos=+0.05 shoulder_lift.pos=-12.76 elbow_flex.pos=+22.90 wrist_flex.pos=+73.84 wrist_roll.pos=+3.52 gripper.pos=+27.15
DEBUG 2026-08-19 07:33:46 [action #330] t=13.75s step=2908 queue=4 dmax=1.359 | shoulder_pan.pos=-0.06 shoulder_lift.pos=-11.40 elbow_flex.pos=+21.61 wrist_flex.pos=+73.97 wrist_roll.pos=+3.56 gripper.pos=+27.29
DEBUG 2026-08-19 07:33:46 [action #331] t=13.78s step=2909 queue=3 dmax=1.633 | shoulder_pan.pos=-0.04 shoulder_lift.pos=-9.77 elbow_flex.pos=+20.71 wrist_flex.pos=+73.99 wrist_roll.pos=+3.55 gripper.pos=+27.42
DEBUG 2026-08-19 07:33:46 [action #332] t=13.81s step=2910 queue=2 dmax=1.014 | shoulder_pan.pos=-0.14 shoulder_lift.pos=-8.76 elbow_flex.pos=+20.18 wrist_flex.pos=+74.25 wrist_roll.pos=+3.57 gripper.pos=+27.32
DEBUG 2026-08-19 07:33:46 [action #333] t=13.85s step=2911 queue=1 dmax=1.000 | shoulder_pan.pos=-0.11 shoulder_lift.pos=-7.75 elbow_flex.pos=+19.81 wrist_flex.pos=+74.41 wrist_roll.pos=+3.53 gripper.pos=+27.35
DEBUG 2026-08-19 07:33:47 [chunk] received 50 actions, timesteps 2889..2938 | first: shoulder_pan.pos=-2.00 shoulder_lift.pos=-102.18 elbow_flex.pos=+87.20 wrist_flex.pos=+78.51 wrist_roll.pos=-1.44 gripper.pos=+0.62 | last: shoulder_pan.pos=-4.41 shoulder_lift.pos=-102.48 elbow_flex.pos=+88.62 wrist_flex.pos=+78.55 wrist_roll.pos=-1.51 gripper.pos=+0.85
DEBUG 2026-08-19 07:33:47 [action #334] t=14.05s step=2912 queue=27 dmax=94.803 | shoulder_pan.pos=-4.62 shoulder_lift.pos=-102.56 elbow_flex.pos=+89.26 wrist_flex.pos=+78.68 wrist_roll.pos=-1.33 gripper.pos=+0.81
DEBUG 2026-08-19 07:33:47 [action #335] t=14.08s step=2913 queue=26 dmax=0.199 | shoulder_pan.pos=-4.79 shoulder_lift.pos=-102.38 elbow_flex.pos=+89.06 wrist_flex.pos=+78.76 wrist_roll.pos=-1.43 gripper.pos=+0.96
DEBUG 2026-08-19 07:33:47 [action #336] t=14.12s step=2914 queue=25 dmax=0.418 | shoulder_pan.pos=-4.92 shoulder_lift.pos=-102.79 elbow_flex.pos=+89.27 wrist_flex.pos=+78.66 wrist_roll.pos=-1.46 gripper.pos=+0.68
DEBUG 2026-08-19 07:33:47 [action #337] t=14.15s step=2915 queue=24 dmax=0.476 | shoulder_pan.pos=-4.65 shoulder_lift.pos=-102.32 elbow_flex.pos=+89.06 wrist_flex.pos=+78.73 wrist_roll.pos=-1.38 gripper.pos=+0.74
DEBUG 2026-08-19 07:33:47 [action #338] t=14.18s step=2916 queue=23 dmax=0.111 | shoulder_pan.pos=-4.70 shoulder_lift.pos=-102.30 elbow_flex.pos=+89.18 wrist_flex.pos=+78.79 wrist_roll.pos=-1.42 gripper.pos=+0.83
DEBUG 2026-08-19 07:33:47 [action #339] t=14.22s step=2917 queue=22 dmax=0.423 | shoulder_pan.pos=-4.51 shoulder_lift.pos=-101.88 elbow_flex.pos=+89.17 wrist_flex.pos=+78.88 wrist_roll.pos=-1.29 gripper.pos=+0.72
DEBUG 2026-08-19 07:33:47 [action #340] t=14.25s step=2918 queue=21 dmax=0.218 | shoulder_pan.pos=-4.68 shoulder_lift.pos=-102.03 elbow_flex.pos=+89.25 wrist_flex.pos=+78.66 wrist_roll.pos=-1.42 gripper.pos=+0.77
DEBUG 2026-08-19 07:33:47 [action #341] t=14.28s step=2919 queue=20 dmax=0.612 | shoulder_pan.pos=-4.70 shoulder_lift.pos=-102.65 elbow_flex.pos=+89.53 wrist_flex.pos=+78.66 wrist_roll.pos=-1.39 gripper.pos=+0.84
DEBUG 2026-08-19 07:33:47 [action #342] t=14.32s step=2920 queue=19 dmax=0.534 | shoulder_pan.pos=-4.63 shoulder_lift.pos=-102.33 elbow_flex.pos=+89.00 wrist_flex.pos=+78.54 wrist_roll.pos=-1.40 gripper.pos=+0.78
DEBUG 2026-08-19 07:33:47 [action #343] t=14.35s step=2921 queue=18 dmax=1.128 | shoulder_pan.pos=-4.77 shoulder_lift.pos=-103.45 elbow_flex.pos=+89.10 wrist_flex.pos=+78.58 wrist_roll.pos=-1.46 gripper.pos=+0.82
DEBUG 2026-08-19 07:33:47 [action #344] t=14.38s step=2922 queue=17 dmax=0.555 | shoulder_pan.pos=-4.68 shoulder_lift.pos=-102.90 elbow_flex.pos=+89.44 wrist_flex.pos=+78.75 wrist_roll.pos=-1.35 gripper.pos=+0.87
DEBUG 2026-08-19 07:33:47 [action #345] t=14.42s step=2923 queue=16 dmax=0.302 | shoulder_pan.pos=-4.61 shoulder_lift.pos=-102.61 elbow_flex.pos=+89.14 wrist_flex.pos=+78.63 wrist_roll.pos=-1.46 gripper.pos=+0.89
DEBUG 2026-08-19 07:33:47 [action #346] t=14.45s step=2924 queue=15 dmax=0.493 | shoulder_pan.pos=-4.53 shoulder_lift.pos=-102.46 elbow_flex.pos=+88.65 wrist_flex.pos=+78.69 wrist_roll.pos=-1.49 gripper.pos=+0.73
DEBUG 2026-08-19 07:33:47 [action #347] t=14.48s step=2925 queue=14 dmax=0.570 | shoulder_pan.pos=-4.56 shoulder_lift.pos=-103.03 elbow_flex.pos=+89.04 wrist_flex.pos=+78.75 wrist_roll.pos=-1.46 gripper.pos=+0.70
DEBUG 2026-08-19 07:33:47 [action #348] t=14.52s step=2926 queue=13 dmax=0.387 | shoulder_pan.pos=-4.36 shoulder_lift.pos=-102.67 elbow_flex.pos=+88.65 wrist_flex.pos=+78.66 wrist_roll.pos=-1.55 gripper.pos=+0.73
DEBUG 2026-08-19 07:33:47 [action #349] t=14.55s step=2927 queue=12 dmax=0.304 | shoulder_pan.pos=-4.60 shoulder_lift.pos=-102.81 elbow_flex.pos=+88.95 wrist_flex.pos=+78.62 wrist_roll.pos=-1.43 gripper.pos=+0.80
DEBUG 2026-08-19 07:33:47 [action #350] t=14.58s step=2928 queue=11 dmax=0.443 | shoulder_pan.pos=-4.16 shoulder_lift.pos=-102.89 elbow_flex.pos=+88.98 wrist_flex.pos=+78.89 wrist_roll.pos=-1.33 gripper.pos=+0.91
DEBUG 2026-08-19 07:33:47 [action #351] t=14.62s step=2929 queue=10 dmax=0.326 | shoulder_pan.pos=-4.33 shoulder_lift.pos=-102.66 elbow_flex.pos=+88.65 wrist_flex.pos=+78.57 wrist_roll.pos=-1.35 gripper.pos=+0.85
DEBUG 2026-08-19 07:33:47 [action #352] t=14.65s step=2930 queue=9 dmax=0.483 | shoulder_pan.pos=-4.25 shoulder_lift.pos=-102.81 elbow_flex.pos=+89.13 wrist_flex.pos=+78.71 wrist_roll.pos=-1.39 gripper.pos=+0.96
DEBUG 2026-08-19 07:33:47 [action #353] t=14.68s step=2931 queue=8 dmax=0.260 | shoulder_pan.pos=-4.36 shoulder_lift.pos=-102.94 elbow_flex.pos=+89.15 wrist_flex.pos=+78.67 wrist_roll.pos=-1.36 gripper.pos=+0.70
DEBUG 2026-08-19 07:33:47 [action #354] t=14.72s step=2932 queue=7 dmax=0.812 | shoulder_pan.pos=-4.25 shoulder_lift.pos=-102.74 elbow_flex.pos=+88.34 wrist_flex.pos=+78.58 wrist_roll.pos=-1.40 gripper.pos=+0.89
DEBUG 2026-08-19 07:33:47 [action #355] t=14.75s step=2933 queue=6 dmax=0.558 | shoulder_pan.pos=-4.40 shoulder_lift.pos=-102.43 elbow_flex.pos=+88.89 wrist_flex.pos=+78.48 wrist_roll.pos=-1.44 gripper.pos=+0.77
DEBUG 2026-08-19 07:33:47 [action #356] t=14.78s step=2934 queue=5 dmax=0.743 | shoulder_pan.pos=-4.12 shoulder_lift.pos=-103.07 elbow_flex.pos=+88.15 wrist_flex.pos=+78.48 wrist_roll.pos=-1.39 gripper.pos=+0.82
DEBUG 2026-08-19 07:33:47 [action #357] t=14.82s step=2935 queue=4 dmax=0.853 | shoulder_pan.pos=-4.10 shoulder_lift.pos=-102.22 elbow_flex.pos=+88.97 wrist_flex.pos=+78.53 wrist_roll.pos=-1.32 gripper.pos=+0.92
DEBUG 2026-08-19 07:33:47 [chunk] received 50 actions, timesteps 2911..2960 | first: shoulder_pan.pos=-1.12 shoulder_lift.pos=-9.26 elbow_flex.pos=+23.82 wrist_flex.pos=+73.02 wrist_roll.pos=+4.32 gripper.pos=+28.59 | last: shoulder_pan.pos=-1.13 shoulder_lift.pos=+14.04 elbow_flex.pos=+15.86 wrist_flex.pos=+69.90 wrist_roll.pos=+5.59 gripper.pos=+8.05
DEBUG 2026-08-19 07:33:47 [action #358] t=14.85s step=2936 queue=25 dmax=75.322 | shoulder_pan.pos=-3.59 shoulder_lift.pos=-26.90 elbow_flex.pos=+44.23 wrist_flex.pos=+70.91 wrist_roll.pos=+3.87 gripper.pos=+22.94
DEBUG 2026-08-19 07:33:47 [action #359] t=14.88s step=2937 queue=24 dmax=0.621 | shoulder_pan.pos=-3.71 shoulder_lift.pos=-26.28 elbow_flex.pos=+44.13 wrist_flex.pos=+70.67 wrist_roll.pos=+3.96 gripper.pos=+23.06
DEBUG 2026-08-19 07:33:47 [action #360] t=14.92s step=2938 queue=23 dmax=0.597 | shoulder_pan.pos=-3.65 shoulder_lift.pos=-25.68 elbow_flex.pos=+43.98 wrist_flex.pos=+70.38 wrist_roll.pos=+3.94 gripper.pos=+23.07
DEBUG 2026-08-19 07:33:47 [action #361] t=14.95s step=2939 queue=22 dmax=33.775 | shoulder_pan.pos=-3.43 shoulder_lift.pos=+8.09 elbow_flex.pos=+24.05 wrist_flex.pos=+66.14 wrist_roll.pos=+6.20 gripper.pos=+32.41
DEBUG 2026-08-19 07:33:48 [action #362] t=14.98s step=2940 queue=21 dmax=0.383 | shoulder_pan.pos=-3.09 shoulder_lift.pos=+8.48 elbow_flex.pos=+23.80 wrist_flex.pos=+65.78 wrist_roll.pos=+6.09 gripper.pos=+32.11
DEBUG 2026-08-19 07:33:48 [action #363] t=15.02s step=2941 queue=20 dmax=0.839 | shoulder_pan.pos=-2.98 shoulder_lift.pos=+8.84 elbow_flex.pos=+24.63 wrist_flex.pos=+65.47 wrist_roll.pos=+6.24 gripper.pos=+31.27
DEBUG 2026-08-19 07:33:48 [action #364] t=15.05s step=2942 queue=19 dmax=0.821 | shoulder_pan.pos=-3.03 shoulder_lift.pos=+9.66 elbow_flex.pos=+23.83 wrist_flex.pos=+65.20 wrist_roll.pos=+6.21 gripper.pos=+30.50
DEBUG 2026-08-19 07:33:48 [action #365] t=15.09s step=2943 queue=18 dmax=1.044 | shoulder_pan.pos=-2.84 shoulder_lift.pos=+10.05 elbow_flex.pos=+24.00 wrist_flex.pos=+65.27 wrist_roll.pos=+6.30 gripper.pos=+29.45
DEBUG 2026-08-19 07:33:48 [action #366] t=15.12s step=2944 queue=17 dmax=0.817 | shoulder_pan.pos=-2.59 shoulder_lift.pos=+10.37 elbow_flex.pos=+23.59 wrist_flex.pos=+65.31 wrist_roll.pos=+6.15 gripper.pos=+28.64
DEBUG 2026-08-19 07:33:48 [action #367] t=15.15s step=2945 queue=16 dmax=0.730 | shoulder_pan.pos=-2.87 shoulder_lift.pos=+10.70 elbow_flex.pos=+23.15 wrist_flex.pos=+65.31 wrist_roll.pos=+6.29 gripper.pos=+27.91
DEBUG 2026-08-19 07:33:48 [action #368] t=15.19s step=2946 queue=15 dmax=1.035 | shoulder_pan.pos=-2.52 shoulder_lift.pos=+11.26 elbow_flex.pos=+22.11 wrist_flex.pos=+65.22 wrist_roll.pos=+6.20 gripper.pos=+27.12
DEBUG 2026-08-19 07:33:48 [action #369] t=15.22s step=2947 queue=14 dmax=0.670 | shoulder_pan.pos=-2.34 shoulder_lift.pos=+11.93 elbow_flex.pos=+22.01 wrist_flex.pos=+65.37 wrist_roll.pos=+6.11 gripper.pos=+26.50
DEBUG 2026-08-19 07:33:48 [action #370] t=15.25s step=2948 queue=13 dmax=0.813 | shoulder_pan.pos=-2.36 shoulder_lift.pos=+11.80 elbow_flex.pos=+21.99 wrist_flex.pos=+65.56 wrist_roll.pos=+6.08 gripper.pos=+25.68
DEBUG 2026-08-19 07:33:48 [action #371] t=15.29s step=2949 queue=12 dmax=0.864 | shoulder_pan.pos=-2.10 shoulder_lift.pos=+12.41 elbow_flex.pos=+21.85 wrist_flex.pos=+65.81 wrist_roll.pos=+6.19 gripper.pos=+24.82
DEBUG 2026-08-19 07:33:48 [action #372] t=15.32s step=2950 queue=11 dmax=1.175 | shoulder_pan.pos=-2.07 shoulder_lift.pos=+12.39 elbow_flex.pos=+21.65 wrist_flex.pos=+66.07 wrist_roll.pos=+6.17 gripper.pos=+23.64
DEBUG 2026-08-19 07:33:48 [action #373] t=15.35s step=2951 queue=10 dmax=1.512 | shoulder_pan.pos=-1.72 shoulder_lift.pos=+13.17 elbow_flex.pos=+20.77 wrist_flex.pos=+66.11 wrist_roll.pos=+6.03 gripper.pos=+22.13
DEBUG 2026-08-19 07:33:48 [action #374] t=15.39s step=2952 queue=9 dmax=1.772 | shoulder_pan.pos=-1.71 shoulder_lift.pos=+13.32 elbow_flex.pos=+20.62 wrist_flex.pos=+66.66 wrist_roll.pos=+6.20 gripper.pos=+20.36
DEBUG 2026-08-19 07:33:48 [action #375] t=15.42s step=2953 queue=8 dmax=1.686 | shoulder_pan.pos=-1.43 shoulder_lift.pos=+13.20 elbow_flex.pos=+19.41 wrist_flex.pos=+66.80 wrist_roll.pos=+5.91 gripper.pos=+18.67
DEBUG 2026-08-19 07:33:48 [action #376] t=15.45s step=2954 queue=7 dmax=1.766 | shoulder_pan.pos=-1.42 shoulder_lift.pos=+14.14 elbow_flex.pos=+19.81 wrist_flex.pos=+67.41 wrist_roll.pos=+6.04 gripper.pos=+16.91
DEBUG 2026-08-19 07:33:48 [action #377] t=15.49s step=2955 queue=6 dmax=1.748 | shoulder_pan.pos=-1.23 shoulder_lift.pos=+13.72 elbow_flex.pos=+19.94 wrist_flex.pos=+67.68 wrist_roll.pos=+5.91 gripper.pos=+15.16
DEBUG 2026-08-19 07:33:48 [action #378] t=15.52s step=2956 queue=5 dmax=1.742 | shoulder_pan.pos=-1.50 shoulder_lift.pos=+14.14 elbow_flex.pos=+18.73 wrist_flex.pos=+67.91 wrist_roll.pos=+6.02 gripper.pos=+13.42
DEBUG 2026-08-19 07:33:48 [action #379] t=15.55s step=2957 queue=4 dmax=1.624 | shoulder_pan.pos=-1.27 shoulder_lift.pos=+14.67 elbow_flex.pos=+18.45 wrist_flex.pos=+68.36 wrist_roll.pos=+5.94 gripper.pos=+11.79
DEBUG 2026-08-19 07:33:48 [action #380] t=15.59s step=2958 queue=3 dmax=1.501 | shoulder_pan.pos=-1.24 shoulder_lift.pos=+14.35 elbow_flex.pos=+17.93 wrist_flex.pos=+68.68 wrist_roll.pos=+5.83 gripper.pos=+10.29
DEBUG 2026-08-19 07:33:48 [action #381] t=15.62s step=2959 queue=2 dmax=1.348 | shoulder_pan.pos=-0.93 shoulder_lift.pos=+13.61 elbow_flex.pos=+17.47 wrist_flex.pos=+69.18 wrist_roll.pos=+5.80 gripper.pos=+8.95
DEBUG 2026-08-19 07:33:48 [action #382] t=15.65s step=2960 queue=1 dmax=1.616 | shoulder_pan.pos=-1.13 shoulder_lift.pos=+14.04 elbow_flex.pos=+15.86 wrist_flex.pos=+69.90 wrist_roll.pos=+5.59 gripper.pos=+8.05
DEBUG 2026-08-19 07:33:48 [chunk] received 50 actions, timesteps 2935..2984 | first: shoulder_pan.pos=-4.30 shoulder_lift.pos=-102.57 elbow_flex.pos=+89.00 wrist_flex.pos=+77.59 wrist_roll.pos=-1.29 gripper.pos=+0.88 | last: shoulder_pan.pos=-4.67 shoulder_lift.pos=-102.11 elbow_flex.pos=+88.78 wrist_flex.pos=+77.68 wrist_roll.pos=-1.26 gripper.pos=+1.07
DEBUG 2026-08-19 07:33:48 [action #383] t=15.75s step=2961 queue=24 dmax=116.229 | shoulder_pan.pos=-4.79 shoulder_lift.pos=-102.19 elbow_flex.pos=+89.36 wrist_flex.pos=+77.75 wrist_roll.pos=-1.24 gripper.pos=+0.91
DEBUG 2026-08-19 07:33:48 [action #384] t=15.79s step=2962 queue=23 dmax=0.084 | shoulder_pan.pos=-4.79 shoulder_lift.pos=-102.14 elbow_flex.pos=+89.27 wrist_flex.pos=+77.75 wrist_roll.pos=-1.20 gripper.pos=+0.97
DEBUG 2026-08-19 07:33:48 [action #385] t=15.82s step=2963 queue=22 dmax=0.141 | shoulder_pan.pos=-4.85 shoulder_lift.pos=-102.03 elbow_flex.pos=+89.41 wrist_flex.pos=+77.67 wrist_roll.pos=-1.21 gripper.pos=+0.96
DEBUG 2026-08-19 07:33:48 [action #386] t=15.85s step=2964 queue=21 dmax=0.107 | shoulder_pan.pos=-4.93 shoulder_lift.pos=-102.14 elbow_flex.pos=+89.50 wrist_flex.pos=+77.74 wrist_roll.pos=-1.23 gripper.pos=+1.02
DEBUG 2026-08-19 07:33:48 [action #387] t=15.89s step=2965 queue=20 dmax=0.126 | shoulder_pan.pos=-4.90 shoulder_lift.pos=-102.01 elbow_flex.pos=+89.38 wrist_flex.pos=+77.69 wrist_roll.pos=-1.23 gripper.pos=+0.92
DEBUG 2026-08-19 07:33:48 [action #388] t=15.92s step=2966 queue=19 dmax=0.123 | shoulder_pan.pos=-4.84 shoulder_lift.pos=-102.14 elbow_flex.pos=+89.33 wrist_flex.pos=+77.76 wrist_roll.pos=-1.25 gripper.pos=+1.02
DEBUG 2026-08-19 07:33:48 [action #389] t=15.95s step=2967 queue=18 dmax=0.286 | shoulder_pan.pos=-4.76 shoulder_lift.pos=-102.23 elbow_flex.pos=+89.04 wrist_flex.pos=+77.68 wrist_roll.pos=-1.21 gripper.pos=+1.03
DEBUG 2026-08-19 07:33:49 [action #390] t=15.99s step=2968 queue=17 dmax=0.252 | shoulder_pan.pos=-4.84 shoulder_lift.pos=-102.34 elbow_flex.pos=+89.29 wrist_flex.pos=+77.73 wrist_roll.pos=-1.27 gripper.pos=+0.97
DEBUG 2026-08-19 07:33:49 [action #391] t=16.02s step=2969 queue=16 dmax=0.252 | shoulder_pan.pos=-4.67 shoulder_lift.pos=-102.09 elbow_flex.pos=+89.05 wrist_flex.pos=+77.68 wrist_roll.pos=-1.22 gripper.pos=+0.98
DEBUG 2026-08-19 07:33:49 [action #392] t=16.06s step=2970 queue=15 dmax=0.127 | shoulder_pan.pos=-4.79 shoulder_lift.pos=-102.21 elbow_flex.pos=+89.09 wrist_flex.pos=+77.78 wrist_roll.pos=-1.26 gripper.pos=+1.01
DEBUG 2026-08-19 07:33:49 [action #393] t=16.09s step=2971 queue=14 dmax=0.218 | shoulder_pan.pos=-4.70 shoulder_lift.pos=-102.02 elbow_flex.pos=+88.87 wrist_flex.pos=+77.72 wrist_roll.pos=-1.24 gripper.pos=+1.05
DEBUG 2026-08-19 07:33:49 [action #394] t=16.12s step=2972 queue=13 dmax=0.400 | shoulder_pan.pos=-4.81 shoulder_lift.pos=-102.05 elbow_flex.pos=+89.27 wrist_flex.pos=+77.73 wrist_roll.pos=-1.29 gripper.pos=+0.95
DEBUG 2026-08-19 07:33:49 [action #395] t=16.16s step=2973 queue=12 dmax=0.136 | shoulder_pan.pos=-4.67 shoulder_lift.pos=-102.14 elbow_flex.pos=+89.13 wrist_flex.pos=+77.63 wrist_roll.pos=-1.23 gripper.pos=+0.99
DEBUG 2026-08-19 07:33:49 [action #396] t=16.19s step=2974 queue=11 dmax=0.194 | shoulder_pan.pos=-4.69 shoulder_lift.pos=-101.97 elbow_flex.pos=+88.94 wrist_flex.pos=+77.67 wrist_roll.pos=-1.28 gripper.pos=+1.01
DEBUG 2026-08-19 07:33:49 [action #397] t=16.22s step=2975 queue=10 dmax=0.304 | shoulder_pan.pos=-4.66 shoulder_lift.pos=-102.27 elbow_flex.pos=+88.97 wrist_flex.pos=+77.62 wrist_roll.pos=-1.23 gripper.pos=+0.90
DEBUG 2026-08-19 07:33:49 [action #398] t=16.26s step=2976 queue=9 dmax=0.126 | shoulder_pan.pos=-4.79 shoulder_lift.pos=-102.35 elbow_flex.pos=+89.08 wrist_flex.pos=+77.67 wrist_roll.pos=-1.26 gripper.pos=+0.96
DEBUG 2026-08-19 07:33:49 [action #399] t=16.29s step=2977 queue=8 dmax=0.341 | shoulder_pan.pos=-4.79 shoulder_lift.pos=-102.21 elbow_flex.pos=+88.74 wrist_flex.pos=+77.65 wrist_roll.pos=-1.28 gripper.pos=+0.92
DEBUG 2026-08-19 07:33:49 [action #400] t=16.32s step=2978 queue=7 dmax=0.303 | shoulder_pan.pos=-4.74 shoulder_lift.pos=-102.51 elbow_flex.pos=+88.86 wrist_flex.pos=+77.58 wrist_roll.pos=-1.25 gripper.pos=+0.94
DEBUG 2026-08-19 07:33:49 [action #401] t=16.36s step=2979 queue=6 dmax=0.299 | shoulder_pan.pos=-4.95 shoulder_lift.pos=-102.40 elbow_flex.pos=+89.16 wrist_flex.pos=+77.68 wrist_roll.pos=-1.28 gripper.pos=+0.99
DEBUG 2026-08-19 07:33:49 [action #402] t=16.39s step=2980 queue=5 dmax=0.417 | shoulder_pan.pos=-4.77 shoulder_lift.pos=-101.98 elbow_flex.pos=+88.75 wrist_flex.pos=+77.67 wrist_roll.pos=-1.27 gripper.pos=+0.95
DEBUG 2026-08-19 07:33:49 [action #403] t=16.42s step=2981 queue=4 dmax=0.376 | shoulder_pan.pos=-4.79 shoulder_lift.pos=-102.36 elbow_flex.pos=+88.88 wrist_flex.pos=+77.70 wrist_roll.pos=-1.24 gripper.pos=+1.00
DEBUG 2026-08-19 07:33:49 [action #404] t=16.46s step=2982 queue=3 dmax=0.253 | shoulder_pan.pos=-4.76 shoulder_lift.pos=-102.11 elbow_flex.pos=+88.88 wrist_flex.pos=+77.68 wrist_roll.pos=-1.27 gripper.pos=+0.95
DEBUG 2026-08-19 07:33:49 [action #405] t=16.49s step=2983 queue=2 dmax=0.112 | shoulder_pan.pos=-4.78 shoulder_lift.pos=-102.16 elbow_flex.pos=+88.77 wrist_flex.pos=+77.75 wrist_roll.pos=-1.25 gripper.pos=+1.03
DEBUG 2026-08-19 07:33:49 [action #406] t=16.52s step=2984 queue=1 dmax=0.110 | shoulder_pan.pos=-4.67 shoulder_lift.pos=-102.11 elbow_flex.pos=+88.78 wrist_flex.pos=+77.68 wrist_roll.pos=-1.26 gripper.pos=+1.07
DEBUG 2026-08-19 07:33:49 [chunk] received 50 actions, timesteps 2960..3009 | first: shoulder_pan.pos=-1.78 shoulder_lift.pos=+11.03 elbow_flex.pos=+14.23 wrist_flex.pos=+68.33 wrist_roll.pos=+6.04 gripper.pos=+11.07 | last: shoulder_pan.pos=+16.66 shoulder_lift.pos=+19.22 elbow_flex.pos=-50.37 wrist_flex.pos=+98.09 wrist_roll.pos=+5.04 gripper.pos=+4.70
DEBUG 2026-08-19 07:33:49 [action #407] t=16.62s step=2985 queue=25 dmax=117.764 | shoulder_pan.pos=+2.69 shoulder_lift.pos=+15.65 elbow_flex.pos=-13.43 wrist_flex.pos=+90.39 wrist_roll.pos=+3.52 gripper.pos=+4.05
DEBUG 2026-08-19 07:33:49 [action #408] t=16.66s step=2986 queue=24 dmax=2.764 | shoulder_pan.pos=+3.05 shoulder_lift.pos=+14.75 elbow_flex.pos=-16.20 wrist_flex.pos=+91.81 wrist_roll.pos=+3.49 gripper.pos=+4.24
DEBUG 2026-08-19 07:33:49 [action #409] t=16.69s step=2987 queue=23 dmax=2.567 | shoulder_pan.pos=+3.72 shoulder_lift.pos=+15.95 elbow_flex.pos=-18.76 wrist_flex.pos=+93.02 wrist_roll.pos=+3.56 gripper.pos=+4.09
DEBUG 2026-08-19 07:33:49 [action #410] t=16.72s step=2988 queue=22 dmax=3.123 | shoulder_pan.pos=+4.04 shoulder_lift.pos=+16.38 elbow_flex.pos=-21.89 wrist_flex.pos=+93.85 wrist_roll.pos=+3.42 gripper.pos=+4.15
DEBUG 2026-08-19 07:33:49 [action #411] t=16.76s step=2989 queue=21 dmax=2.418 | shoulder_pan.pos=+4.87 shoulder_lift.pos=+16.50 elbow_flex.pos=-24.31 wrist_flex.pos=+94.89 wrist_roll.pos=+3.52 gripper.pos=+4.16
DEBUG 2026-08-19 07:33:49 [action #412] t=16.79s step=2990 queue=20 dmax=2.127 | shoulder_pan.pos=+5.02 shoulder_lift.pos=+16.46 elbow_flex.pos=-26.43 wrist_flex.pos=+95.67 wrist_roll.pos=+3.47 gripper.pos=+4.18
DEBUG 2026-08-19 07:33:49 [action #413] t=16.82s step=2991 queue=19 dmax=2.475 | shoulder_pan.pos=+5.65 shoulder_lift.pos=+17.40 elbow_flex.pos=-28.91 wrist_flex.pos=+96.49 wrist_roll.pos=+3.51 gripper.pos=+4.23
DEBUG 2026-08-19 07:33:49 [action #414] t=16.86s step=2992 queue=18 dmax=2.695 | shoulder_pan.pos=+6.00 shoulder_lift.pos=+18.25 elbow_flex.pos=-31.60 wrist_flex.pos=+97.67 wrist_roll.pos=+3.72 gripper.pos=+4.37
DEBUG 2026-08-19 07:33:49 [action #415] t=16.89s step=2993 queue=17 dmax=1.621 | shoulder_pan.pos=+6.66 shoulder_lift.pos=+16.95 elbow_flex.pos=-33.22 wrist_flex.pos=+98.16 wrist_roll.pos=+3.68 gripper.pos=+4.29
DEBUG 2026-08-19 07:33:49 [action #416] t=16.92s step=2994 queue=16 dmax=3.188 | shoulder_pan.pos=+7.30 shoulder_lift.pos=+17.74 elbow_flex.pos=-36.41 wrist_flex.pos=+98.82 wrist_roll.pos=+3.86 gripper.pos=+4.31
DEBUG 2026-08-19 07:33:49 [action #417] t=16.96s step=2995 queue=15 dmax=1.020 | shoulder_pan.pos=+7.74 shoulder_lift.pos=+17.63 elbow_flex.pos=-37.43 wrist_flex.pos=+99.54 wrist_roll.pos=+3.81 gripper.pos=+4.64
DEBUG 2026-08-19 07:33:50 [action #418] t=16.99s step=2996 queue=14 dmax=1.943 | shoulder_pan.pos=+8.27 shoulder_lift.pos=+18.58 elbow_flex.pos=-39.37 wrist_flex.pos=+99.99 wrist_roll.pos=+3.95 gripper.pos=+4.43
DEBUG 2026-08-19 07:33:50 [action #419] t=17.02s step=2997 queue=13 dmax=0.735 | shoulder_pan.pos=+8.82 shoulder_lift.pos=+18.54 elbow_flex.pos=-40.11 wrist_flex.pos=+100.30 wrist_roll.pos=+3.97 gripper.pos=+4.33
DEBUG 2026-08-19 07:33:50 [action #420] t=17.06s step=2998 queue=12 dmax=2.121 | shoulder_pan.pos=+9.86 shoulder_lift.pos=+18.63 elbow_flex.pos=-42.23 wrist_flex.pos=+100.24 wrist_roll.pos=+3.93 gripper.pos=+4.50
DEBUG 2026-08-19 07:33:50 [action #421] t=17.09s step=2999 queue=11 dmax=1.320 | shoulder_pan.pos=+10.49 shoulder_lift.pos=+18.59 elbow_flex.pos=-43.55 wrist_flex.pos=+100.32 wrist_roll.pos=+3.99 gripper.pos=+4.29
DEBUG 2026-08-19 07:33:50 [action #422] t=17.13s step=3000 queue=10 dmax=0.835 | shoulder_pan.pos=+11.33 shoulder_lift.pos=+17.98 elbow_flex.pos=-44.28 wrist_flex.pos=+100.27 wrist_roll.pos=+4.05 gripper.pos=+4.40
DEBUG 2026-08-19 07:33:50 [action #423] t=17.16s step=3001 queue=9 dmax=0.921 | shoulder_pan.pos=+11.47 shoulder_lift.pos=+18.83 elbow_flex.pos=-45.20 wrist_flex.pos=+100.29 wrist_roll.pos=+3.99 gripper.pos=+4.45
DEBUG 2026-08-19 07:33:50 [action #424] t=17.19s step=3002 queue=8 dmax=0.612 | shoulder_pan.pos=+12.05 shoulder_lift.pos=+18.98 elbow_flex.pos=-45.82 wrist_flex.pos=+100.35 wrist_roll.pos=+3.96 gripper.pos=+4.67
DEBUG 2026-08-19 07:33:50 [action #425] t=17.23s step=3003 queue=7 dmax=1.064 | shoulder_pan.pos=+12.78 shoulder_lift.pos=+19.03 elbow_flex.pos=-46.88 wrist_flex.pos=+100.05 wrist_roll.pos=+4.20 gripper.pos=+4.47
DEBUG 2026-08-19 07:33:50 [action #426] t=17.26s step=3004 queue=6 dmax=0.663 | shoulder_pan.pos=+13.45 shoulder_lift.pos=+18.90 elbow_flex.pos=-47.32 wrist_flex.pos=+99.99 wrist_roll.pos=+4.25 gripper.pos=+4.44
DEBUG 2026-08-19 07:33:50 [action #427] t=17.29s step=3005 queue=5 dmax=0.701 | shoulder_pan.pos=+14.15 shoulder_lift.pos=+18.74 elbow_flex.pos=-48.00 wrist_flex.pos=+99.81 wrist_roll.pos=+4.33 gripper.pos=+4.59
DEBUG 2026-08-19 07:33:50 [action #428] t=17.33s step=3006 queue=4 dmax=0.920 | shoulder_pan.pos=+14.79 shoulder_lift.pos=+19.35 elbow_flex.pos=-48.92 wrist_flex.pos=+99.40 wrist_roll.pos=+4.59 gripper.pos=+4.67
DEBUG 2026-08-19 07:33:50 [action #429] t=17.36s step=3007 queue=3 dmax=0.867 | shoulder_pan.pos=+15.29 shoulder_lift.pos=+18.48 elbow_flex.pos=-49.06 wrist_flex.pos=+99.01 wrist_roll.pos=+4.56 gripper.pos=+4.62
DEBUG 2026-08-19 07:33:50 [action #430] t=17.39s step=3008 queue=2 dmax=1.079 | shoulder_pan.pos=+16.27 shoulder_lift.pos=+18.51 elbow_flex.pos=-50.14 wrist_flex.pos=+98.53 wrist_roll.pos=+4.98 gripper.pos=+4.53
DEBUG 2026-08-19 07:33:50 [action #431] t=17.43s step=3009 queue=1 dmax=0.716 | shoulder_pan.pos=+16.66 shoulder_lift.pos=+19.22 elbow_flex.pos=-50.37 wrist_flex.pos=+98.09 wrist_roll.pos=+5.04 gripper.pos=+4.70
DEBUG 2026-08-19 07:33:50 [chunk] received 50 actions, timesteps 2984..3033 | first: shoulder_pan.pos=-4.64 shoulder_lift.pos=-102.69 elbow_flex.pos=+87.45 wrist_flex.pos=+76.82 wrist_roll.pos=-0.34 gripper.pos=+3.09 | last: shoulder_pan.pos=+9.18 shoulder_lift.pos=-42.92 elbow_flex.pos=+26.97 wrist_flex.pos=+74.42 wrist_roll.pos=-3.80 gripper.pos=+2.43
DEBUG 2026-08-19 07:33:50 [action #432] t=17.56s step=3010 queue=24 dmax=126.905 | shoulder_pan.pos=+3.03 shoulder_lift.pos=-98.35 elbow_flex.pos=+76.54 wrist_flex.pos=+75.98 wrist_roll.pos=-0.69 gripper.pos=+2.44
DEBUG 2026-08-19 07:33:50 [action #433] t=17.59s step=3011 queue=23 dmax=1.903 | shoulder_pan.pos=+3.42 shoulder_lift.pos=-97.25 elbow_flex.pos=+74.63 wrist_flex.pos=+75.68 wrist_roll.pos=-0.67 gripper.pos=+2.50
DEBUG 2026-08-19 07:33:50 [action #434] t=17.63s step=3012 queue=22 dmax=1.870 | shoulder_pan.pos=+3.80 shoulder_lift.pos=-95.38 elbow_flex.pos=+72.84 wrist_flex.pos=+75.75 wrist_roll.pos=-0.79 gripper.pos=+2.40
DEBUG 2026-08-19 07:33:50 [action #435] t=17.66s step=3013 queue=21 dmax=1.670 | shoulder_pan.pos=+4.21 shoulder_lift.pos=-93.94 elbow_flex.pos=+71.17 wrist_flex.pos=+75.48 wrist_roll.pos=-0.81 gripper.pos=+2.38
DEBUG 2026-08-19 07:33:50 [action #436] t=17.69s step=3014 queue=20 dmax=1.697 | shoulder_pan.pos=+4.73 shoulder_lift.pos=-92.51 elbow_flex.pos=+69.47 wrist_flex.pos=+75.14 wrist_roll.pos=-0.73 gripper.pos=+2.37
DEBUG 2026-08-19 07:33:50 [action #437] t=17.73s step=3015 queue=19 dmax=2.556 | shoulder_pan.pos=+5.01 shoulder_lift.pos=-89.95 elbow_flex.pos=+67.72 wrist_flex.pos=+75.16 wrist_roll.pos=-0.76 gripper.pos=+2.34
DEBUG 2026-08-19 07:33:50 [action #438] t=17.76s step=3016 queue=18 dmax=2.569 | shoulder_pan.pos=+5.06 shoulder_lift.pos=-87.38 elbow_flex.pos=+65.78 wrist_flex.pos=+74.95 wrist_roll.pos=-0.87 gripper.pos=+2.32
DEBUG 2026-08-19 07:33:50 [action #439] t=17.79s step=3017 queue=17 dmax=2.724 | shoulder_pan.pos=+5.52 shoulder_lift.pos=-84.78 elbow_flex.pos=+63.06 wrist_flex.pos=+75.27 wrist_roll.pos=-1.28 gripper.pos=+2.05
DEBUG 2026-08-19 07:33:50 [action #440] t=17.83s step=3018 queue=16 dmax=3.354 | shoulder_pan.pos=+5.69 shoulder_lift.pos=-81.43 elbow_flex.pos=+60.81 wrist_flex.pos=+74.78 wrist_roll.pos=-1.61 gripper.pos=+2.18
DEBUG 2026-08-19 07:33:50 [action #441] t=17.86s step=3019 queue=15 dmax=4.158 | shoulder_pan.pos=+5.72 shoulder_lift.pos=-77.27 elbow_flex.pos=+57.68 wrist_flex.pos=+74.85 wrist_roll.pos=-2.23 gripper.pos=+2.18
DEBUG 2026-08-19 07:33:50 [action #442] t=17.90s step=3020 queue=14 dmax=3.721 | shoulder_pan.pos=+6.11 shoulder_lift.pos=-73.55 elbow_flex.pos=+54.54 wrist_flex.pos=+74.81 wrist_roll.pos=-3.21 gripper.pos=+2.25
DEBUG 2026-08-19 07:33:50 [action #443] t=17.93s step=3021 queue=13 dmax=3.097 | shoulder_pan.pos=+6.10 shoulder_lift.pos=-70.45 elbow_flex.pos=+51.95 wrist_flex.pos=+74.84 wrist_roll.pos=-3.77 gripper.pos=+2.16
DEBUG 2026-08-19 07:33:50 [action #444] t=17.96s step=3022 queue=12 dmax=2.641 | shoulder_pan.pos=+6.57 shoulder_lift.pos=-67.81 elbow_flex.pos=+49.52 wrist_flex.pos=+74.77 wrist_roll.pos=-4.07 gripper.pos=+2.16
DEBUG 2026-08-19 07:33:51 [action #445] t=18.00s step=3023 queue=11 dmax=2.480 | shoulder_pan.pos=+6.61 shoulder_lift.pos=-65.61 elbow_flex.pos=+47.04 wrist_flex.pos=+74.90 wrist_roll.pos=-4.17 gripper.pos=+2.16
DEBUG 2026-08-19 07:33:51 [action #446] t=18.03s step=3024 queue=10 dmax=2.828 | shoulder_pan.pos=+6.76 shoulder_lift.pos=-62.78 elbow_flex.pos=+45.35 wrist_flex.pos=+74.79 wrist_roll.pos=-3.87 gripper.pos=+2.33
DEBUG 2026-08-19 07:33:51 [action #447] t=18.06s step=3025 queue=9 dmax=2.202 | shoulder_pan.pos=+6.98 shoulder_lift.pos=-60.58 elbow_flex.pos=+43.36 wrist_flex.pos=+74.85 wrist_roll.pos=-3.78 gripper.pos=+2.30
DEBUG 2026-08-19 07:33:51 [action #448] t=18.10s step=3026 queue=8 dmax=2.373 | shoulder_pan.pos=+6.87 shoulder_lift.pos=-58.61 elbow_flex.pos=+40.99 wrist_flex.pos=+74.89 wrist_roll.pos=-3.46 gripper.pos=+2.21
DEBUG 2026-08-19 07:33:51 [action #449] t=18.13s step=3027 queue=7 dmax=2.002 | shoulder_pan.pos=+7.48 shoulder_lift.pos=-56.87 elbow_flex.pos=+38.99 wrist_flex.pos=+74.84 wrist_roll.pos=-3.48 gripper.pos=+2.22
DEBUG 2026-08-19 07:33:51 [action #450] t=18.16s step=3028 queue=6 dmax=1.602 | shoulder_pan.pos=+7.71 shoulder_lift.pos=-55.27 elbow_flex.pos=+37.50 wrist_flex.pos=+74.94 wrist_roll.pos=-3.52 gripper.pos=+2.47
DEBUG 2026-08-19 07:33:51 [action #451] t=18.20s step=3029 queue=5 dmax=2.461 | shoulder_pan.pos=+7.82 shoulder_lift.pos=-52.81 elbow_flex.pos=+35.60 wrist_flex.pos=+74.87 wrist_roll.pos=-3.51 gripper.pos=+2.56
DEBUG 2026-08-19 07:33:51 [action #452] t=18.23s step=3030 queue=4 dmax=2.476 | shoulder_pan.pos=+8.04 shoulder_lift.pos=-50.34 elbow_flex.pos=+33.74 wrist_flex.pos=+74.87 wrist_roll.pos=-3.61 gripper.pos=+2.48
DEBUG 2026-08-19 07:33:51 [action #453] t=18.26s step=3031 queue=3 dmax=2.516 | shoulder_pan.pos=+8.42 shoulder_lift.pos=-47.82 elbow_flex.pos=+32.06 wrist_flex.pos=+74.90 wrist_roll.pos=-3.72 gripper.pos=+2.47
DEBUG 2026-08-19 07:33:51 [action #454] t=18.30s step=3032 queue=2 dmax=2.808 | shoulder_pan.pos=+8.93 shoulder_lift.pos=-45.12 elbow_flex.pos=+29.25 wrist_flex.pos=+74.49 wrist_roll.pos=-3.74 gripper.pos=+2.53
DEBUG 2026-08-19 07:33:51 [action #455] t=18.33s step=3033 queue=1 dmax=2.287 | shoulder_pan.pos=+9.18 shoulder_lift.pos=-42.92 elbow_flex.pos=+26.97 wrist_flex.pos=+74.42 wrist_roll.pos=-3.80 gripper.pos=+2.43
DEBUG 2026-08-19 07:33:51 [chunk] received 50 actions, timesteps 3009..3058 | first: shoulder_pan.pos=+19.71 shoulder_lift.pos=+11.30 elbow_flex.pos=-38.04 wrist_flex.pos=+102.88 wrist_roll.pos=+6.99 gripper.pos=+4.21 | last: shoulder_pan.pos=+32.71 shoulder_lift.pos=+14.79 elbow_flex.pos=-12.44 wrist_flex.pos=+69.73 wrist_roll.pos=+10.18 gripper.pos=+14.40
DEBUG 2026-08-19 07:33:51 [action #456] t=18.43s step=3034 queue=25 dmax=50.585 | shoulder_pan.pos=+34.04 shoulder_lift.pos=+7.66 elbow_flex.pos=-16.95 wrist_flex.pos=+78.43 wrist_roll.pos=+10.93 gripper.pos=+4.56
DEBUG 2026-08-19 07:33:51 [action #457] t=18.46s step=3035 queue=24 dmax=1.705 | shoulder_pan.pos=+33.83 shoulder_lift.pos=+7.62 elbow_flex.pos=-15.24 wrist_flex.pos=+77.48 wrist_roll.pos=+10.88 gripper.pos=+4.33
DEBUG 2026-08-19 07:33:51 [action #458] t=18.50s step=3036 queue=23 dmax=0.891 | shoulder_pan.pos=+33.73 shoulder_lift.pos=+7.95 elbow_flex.pos=-15.86 wrist_flex.pos=+76.59 wrist_roll.pos=+10.83 gripper.pos=+4.68
DEBUG 2026-08-19 07:33:51 [action #459] t=18.53s step=3037 queue=22 dmax=0.985 | shoulder_pan.pos=+33.95 shoulder_lift.pos=+7.99 elbow_flex.pos=-14.88 wrist_flex.pos=+75.90 wrist_roll.pos=+10.88 gripper.pos=+4.39
DEBUG 2026-08-19 07:33:51 [action #460] t=18.56s step=3038 queue=21 dmax=0.724 | shoulder_pan.pos=+33.66 shoulder_lift.pos=+8.32 elbow_flex.pos=-15.44 wrist_flex.pos=+75.17 wrist_roll.pos=+10.85 gripper.pos=+4.71
DEBUG 2026-08-19 07:33:51 [action #461] t=18.60s step=3039 queue=20 dmax=0.751 | shoulder_pan.pos=+33.56 shoulder_lift.pos=+8.38 elbow_flex.pos=-14.69 wrist_flex.pos=+74.46 wrist_roll.pos=+10.89 gripper.pos=+4.46
DEBUG 2026-08-19 07:33:51 [action #462] t=18.63s step=3040 queue=19 dmax=0.914 | shoulder_pan.pos=+33.55 shoulder_lift.pos=+8.19 elbow_flex.pos=-14.42 wrist_flex.pos=+73.55 wrist_roll.pos=+10.98 gripper.pos=+4.34
DEBUG 2026-08-19 07:33:51 [action #463] t=18.66s step=3041 queue=18 dmax=0.675 | shoulder_pan.pos=+33.29 shoulder_lift.pos=+8.87 elbow_flex.pos=-14.01 wrist_flex.pos=+73.11 wrist_roll.pos=+10.80 gripper.pos=+4.53
DEBUG 2026-08-19 07:33:51 [action #464] t=18.70s step=3042 queue=17 dmax=0.676 | shoulder_pan.pos=+33.31 shoulder_lift.pos=+8.71 elbow_flex.pos=-13.65 wrist_flex.pos=+72.43 wrist_roll.pos=+10.84 gripper.pos=+4.56
DEBUG 2026-08-19 07:33:51 [action #465] t=18.73s step=3043 queue=16 dmax=0.789 | shoulder_pan.pos=+33.13 shoulder_lift.pos=+9.01 elbow_flex.pos=-12.86 wrist_flex.pos=+71.99 wrist_roll.pos=+10.78 gripper.pos=+4.56
DEBUG 2026-08-19 07:33:51 [action #466] t=18.76s step=3044 queue=15 dmax=0.802 | shoulder_pan.pos=+33.12 shoulder_lift.pos=+9.81 elbow_flex.pos=-13.11 wrist_flex.pos=+71.68 wrist_roll.pos=+10.87 gripper.pos=+4.50
DEBUG 2026-08-19 07:33:51 [action #467] t=18.80s step=3045 queue=14 dmax=0.948 | shoulder_pan.pos=+33.04 shoulder_lift.pos=+9.71 elbow_flex.pos=-12.16 wrist_flex.pos=+71.12 wrist_roll.pos=+10.74 gripper.pos=+4.49
DEBUG 2026-08-19 07:33:51 [action #468] t=18.83s step=3046 queue=13 dmax=0.532 | shoulder_pan.pos=+33.02 shoulder_lift.pos=+10.24 elbow_flex.pos=-12.27 wrist_flex.pos=+70.73 wrist_roll.pos=+10.83 gripper.pos=+4.36
DEBUG 2026-08-19 07:33:51 [action #469] t=18.87s step=3047 queue=12 dmax=0.654 | shoulder_pan.pos=+32.70 shoulder_lift.pos=+10.89 elbow_flex.pos=-12.40 wrist_flex.pos=+70.39 wrist_roll.pos=+10.81 gripper.pos=+4.28
DEBUG 2026-08-19 07:33:51 [action #470] t=18.90s step=3048 queue=11 dmax=0.693 | shoulder_pan.pos=+33.12 shoulder_lift.pos=+11.28 elbow_flex.pos=-11.71 wrist_flex.pos=+70.21 wrist_roll.pos=+10.71 gripper.pos=+4.49
DEBUG 2026-08-19 07:33:51 [action #471] t=18.93s step=3049 queue=10 dmax=0.808 | shoulder_pan.pos=+32.93 shoulder_lift.pos=+12.09 elbow_flex.pos=-11.45 wrist_flex.pos=+69.88 wrist_roll.pos=+10.79 gripper.pos=+4.10
DEBUG 2026-08-19 07:33:52 [action #472] t=18.97s step=3050 queue=9 dmax=0.629 | shoulder_pan.pos=+32.82 shoulder_lift.pos=+12.72 elbow_flex.pos=-11.14 wrist_flex.pos=+69.82 wrist_roll.pos=+10.70 gripper.pos=+4.13
DEBUG 2026-08-19 07:33:52 [action #473] t=19.00s step=3051 queue=8 dmax=0.425 | shoulder_pan.pos=+33.14 shoulder_lift.pos=+12.49 elbow_flex.pos=-11.57 wrist_flex.pos=+69.44 wrist_roll.pos=+10.51 gripper.pos=+4.26
DEBUG 2026-08-19 07:33:52 [action #474] t=19.03s step=3052 queue=7 dmax=0.573 | shoulder_pan.pos=+33.03 shoulder_lift.pos=+12.71 elbow_flex.pos=-11.00 wrist_flex.pos=+69.46 wrist_roll.pos=+10.55 gripper.pos=+4.28
DEBUG 2026-08-19 07:33:52 [action #475] t=19.07s step=3053 queue=6 dmax=0.682 | shoulder_pan.pos=+32.95 shoulder_lift.pos=+13.39 elbow_flex.pos=-10.89 wrist_flex.pos=+69.44 wrist_roll.pos=+10.51 gripper.pos=+4.59
DEBUG 2026-08-19 07:33:52 [action #476] t=19.10s step=3054 queue=5 dmax=0.743 | shoulder_pan.pos=+32.76 shoulder_lift.pos=+13.92 elbow_flex.pos=-10.45 wrist_flex.pos=+69.53 wrist_roll.pos=+10.44 gripper.pos=+5.34
DEBUG 2026-08-19 07:33:52 [action #477] t=19.13s step=3055 queue=4 dmax=1.878 | shoulder_pan.pos=+33.28 shoulder_lift.pos=+13.67 elbow_flex.pos=-11.42 wrist_flex.pos=+69.53 wrist_roll.pos=+10.47 gripper.pos=+7.22
DEBUG 2026-08-19 07:33:52 [action #478] t=19.17s step=3056 queue=3 dmax=2.187 | shoulder_pan.pos=+32.93 shoulder_lift.pos=+14.12 elbow_flex.pos=-11.05 wrist_flex.pos=+69.52 wrist_roll.pos=+10.52 gripper.pos=+9.40
DEBUG 2026-08-19 07:33:52 [action #479] t=19.20s step=3057 queue=2 dmax=2.733 | shoulder_pan.pos=+32.83 shoulder_lift.pos=+14.62 elbow_flex.pos=-11.58 wrist_flex.pos=+69.40 wrist_roll.pos=+10.28 gripper.pos=+12.13
DEBUG 2026-08-19 07:33:52 [action #480] t=19.23s step=3058 queue=1 dmax=2.262 | shoulder_pan.pos=+32.71 shoulder_lift.pos=+14.79 elbow_flex.pos=-12.44 wrist_flex.pos=+69.73 wrist_roll.pos=+10.18 gripper.pos=+14.40
DEBUG 2026-08-19 07:33:52 [chunk] received 50 actions, timesteps 3033..3082 | first: shoulder_pan.pos=+10.90 shoulder_lift.pos=-48.88 elbow_flex.pos=+34.71 wrist_flex.pos=+75.46 wrist_roll.pos=-2.95 gripper.pos=+2.69 | last: shoulder_pan.pos=+29.69 shoulder_lift.pos=+13.08 elbow_flex.pos=-13.64 wrist_flex.pos=+65.28 wrist_roll.pos=-8.16 gripper.pos=+3.50
DEBUG 2026-08-19 07:33:52 [action #481] t=19.37s step=3059 queue=24 dmax=28.146 | shoulder_pan.pos=+26.82 shoulder_lift.pos=-13.36 elbow_flex.pos=+5.80 wrist_flex.pos=+65.61 wrist_roll.pos=-4.89 gripper.pos=+3.53
DEBUG 2026-08-19 07:33:52 [action #482] t=19.40s step=3060 queue=23 dmax=1.643 | shoulder_pan.pos=+27.08 shoulder_lift.pos=-11.72 elbow_flex.pos=+5.43 wrist_flex.pos=+65.54 wrist_roll.pos=-5.29 gripper.pos=+3.22
DEBUG 2026-08-19 07:33:52 [action #483] t=19.43s step=3061 queue=22 dmax=0.969 | shoulder_pan.pos=+27.18 shoulder_lift.pos=-10.75 elbow_flex.pos=+4.57 wrist_flex.pos=+65.45 wrist_roll.pos=-5.58 gripper.pos=+3.35
DEBUG 2026-08-19 07:33:52 [action #484] t=19.47s step=3062 queue=21 dmax=1.775 | shoulder_pan.pos=+27.39 shoulder_lift.pos=-8.97 elbow_flex.pos=+3.95 wrist_flex.pos=+65.25 wrist_roll.pos=-5.74 gripper.pos=+3.44
DEBUG 2026-08-19 07:33:52 [action #485] t=19.50s step=3063 queue=20 dmax=1.349 | shoulder_pan.pos=+27.61 shoulder_lift.pos=-8.61 elbow_flex.pos=+2.60 wrist_flex.pos=+65.34 wrist_roll.pos=-5.79 gripper.pos=+3.11
DEBUG 2026-08-19 07:33:52 [action #486] t=19.53s step=3064 queue=19 dmax=1.780 | shoulder_pan.pos=+28.04 shoulder_lift.pos=-6.83 elbow_flex.pos=+1.69 wrist_flex.pos=+65.04 wrist_roll.pos=-5.92 gripper.pos=+3.28
DEBUG 2026-08-19 07:33:52 [action #487] t=19.57s step=3065 queue=18 dmax=1.570 | shoulder_pan.pos=+27.79 shoulder_lift.pos=-5.26 elbow_flex.pos=+0.71 wrist_flex.pos=+65.29 wrist_roll.pos=-6.04 gripper.pos=+3.27
DEBUG 2026-08-19 07:33:52 [action #488] t=19.60s step=3066 queue=17 dmax=1.062 | shoulder_pan.pos=+27.98 shoulder_lift.pos=-4.28 elbow_flex.pos=-0.36 wrist_flex.pos=+65.03 wrist_roll.pos=-6.12 gripper.pos=+3.23
DEBUG 2026-08-19 07:33:52 [action #489] t=19.63s step=3067 queue=16 dmax=1.554 | shoulder_pan.pos=+28.43 shoulder_lift.pos=-2.73 elbow_flex.pos=-0.54 wrist_flex.pos=+64.94 wrist_roll.pos=-6.51 gripper.pos=+3.36
DEBUG 2026-08-19 07:33:52 [action #490] t=19.67s step=3068 queue=15 dmax=1.958 | shoulder_pan.pos=+28.36 shoulder_lift.pos=-1.65 elbow_flex.pos=-2.50 wrist_flex.pos=+65.08 wrist_roll.pos=-6.75 gripper.pos=+3.14
DEBUG 2026-08-19 07:33:52 [action #491] t=19.70s step=3069 queue=14 dmax=2.189 | shoulder_pan.pos=+28.98 shoulder_lift.pos=+0.54 elbow_flex.pos=-3.18 wrist_flex.pos=+65.12 wrist_roll.pos=-7.01 gripper.pos=+3.15
DEBUG 2026-08-19 07:33:52 [action #492] t=19.73s step=3070 queue=13 dmax=1.377 | shoulder_pan.pos=+28.63 shoulder_lift.pos=+1.00 elbow_flex.pos=-4.56 wrist_flex.pos=+65.10 wrist_roll.pos=-7.14 gripper.pos=+3.47
DEBUG 2026-08-19 07:33:52 [action #493] t=19.77s step=3071 queue=12 dmax=1.571 | shoulder_pan.pos=+29.02 shoulder_lift.pos=+2.57 elbow_flex.pos=-5.25 wrist_flex.pos=+65.11 wrist_roll.pos=-7.55 gripper.pos=+3.35
DEBUG 2026-08-19 07:33:52 [action #494] t=19.80s step=3072 queue=11 dmax=1.179 | shoulder_pan.pos=+28.69 shoulder_lift.pos=+3.75 elbow_flex.pos=-6.38 wrist_flex.pos=+65.14 wrist_roll.pos=-7.81 gripper.pos=+3.18
DEBUG 2026-08-19 07:33:52 [action #495] t=19.83s step=3073 queue=10 dmax=1.722 | shoulder_pan.pos=+29.39 shoulder_lift.pos=+5.47 elbow_flex.pos=-7.05 wrist_flex.pos=+65.14 wrist_roll.pos=-8.02 gripper.pos=+3.29
DEBUG 2026-08-19 07:33:52 [action #496] t=19.87s step=3074 queue=9 dmax=1.335 | shoulder_pan.pos=+29.00 shoulder_lift.pos=+6.52 elbow_flex.pos=-8.38 wrist_flex.pos=+65.21 wrist_roll.pos=-8.23 gripper.pos=+3.21
DEBUG 2026-08-19 07:33:52 [action #497] t=19.90s step=3075 queue=8 dmax=0.676 | shoulder_pan.pos=+29.36 shoulder_lift.pos=+7.20 elbow_flex.pos=-8.80 wrist_flex.pos=+65.15 wrist_roll.pos=-8.22 gripper.pos=+3.22
DEBUG 2026-08-19 07:33:52 [action #498] t=19.94s step=3076 queue=7 dmax=1.319 | shoulder_pan.pos=+28.89 shoulder_lift.pos=+8.17 elbow_flex.pos=-10.12 wrist_flex.pos=+65.36 wrist_roll.pos=-8.27 gripper.pos=+3.30
DEBUG 2026-08-19 07:33:53 [action #499] t=19.97s step=3077 queue=6 dmax=1.341 | shoulder_pan.pos=+29.53 shoulder_lift.pos=+9.51 elbow_flex.pos=-10.54 wrist_flex.pos=+65.22 wrist_roll.pos=-8.24 gripper.pos=+3.32
DEBUG 2026-08-19 07:33:53 [action #500] t=20.00s step=3078 queue=5 dmax=0.759 | shoulder_pan.pos=+29.33 shoulder_lift.pos=+10.27 elbow_flex.pos=-11.14 wrist_flex.pos=+65.30 wrist_roll.pos=-8.30 gripper.pos=+3.31
DEBUG 2026-08-19 07:33:53 [action #501] t=20.04s step=3079 queue=4 dmax=1.057 | shoulder_pan.pos=+29.29 shoulder_lift.pos=+11.33 elbow_flex.pos=-12.19 wrist_flex.pos=+65.07 wrist_roll.pos=-8.25 gripper.pos=+3.31
DEBUG 2026-08-19 07:33:53 [action #502] t=20.07s step=3080 queue=3 dmax=0.406 | shoulder_pan.pos=+29.48 shoulder_lift.pos=+11.44 elbow_flex.pos=-12.59 wrist_flex.pos=+65.46 wrist_roll.pos=-8.36 gripper.pos=+3.14
DEBUG 2026-08-19 07:33:53 [action #503] t=20.10s step=3081 queue=2 dmax=1.096 | shoulder_pan.pos=+29.47 shoulder_lift.pos=+12.54 elbow_flex.pos=-13.20 wrist_flex.pos=+65.36 wrist_roll.pos=-8.26 gripper.pos=+3.30
DEBUG 2026-08-19 07:33:53 [action #504] t=20.14s step=3082 queue=1 dmax=0.547 | shoulder_pan.pos=+29.69 shoulder_lift.pos=+13.08 elbow_flex.pos=-13.64 wrist_flex.pos=+65.28 wrist_roll.pos=-8.16 gripper.pos=+3.50
DEBUG 2026-08-19 07:33:53 [chunk] received 50 actions, timesteps 3058..3107 | first: shoulder_pan.pos=+33.72 shoulder_lift.pos=+14.68 elbow_flex.pos=-7.75 wrist_flex.pos=+69.33 wrist_roll.pos=+9.93 gripper.pos=+12.40 | last: shoulder_pan.pos=+10.60 shoulder_lift.pos=-31.37 elbow_flex.pos=+20.99 wrist_flex.pos=+80.09 wrist_roll.pos=+9.21 gripper.pos=+6.09
DEBUG 2026-08-19 07:33:53 [action #505] t=20.30s step=3083 queue=25 dmax=27.998 | shoulder_pan.pos=+29.56 shoulder_lift.pos=+0.65 elbow_flex.pos=-2.03 wrist_flex.pos=+82.25 wrist_roll.pos=+11.12 gripper.pos=+31.50
DEBUG 2026-08-19 07:33:53 [action #506] t=20.34s step=3084 queue=24 dmax=2.099 | shoulder_pan.pos=+28.62 shoulder_lift.pos=-1.44 elbow_flex.pos=-2.12 wrist_flex.pos=+83.52 wrist_roll.pos=+11.06 gripper.pos=+31.59
DEBUG 2026-08-19 07:33:53 [action #507] t=20.37s step=3085 queue=23 dmax=0.800 | shoulder_pan.pos=+28.48 shoulder_lift.pos=-2.15 elbow_flex.pos=-2.83 wrist_flex.pos=+84.32 wrist_roll.pos=+11.08 gripper.pos=+31.53
DEBUG 2026-08-19 07:33:53 [action #508] t=20.40s step=3086 queue=22 dmax=1.091 | shoulder_pan.pos=+28.07 shoulder_lift.pos=-3.24 elbow_flex.pos=-3.79 wrist_flex.pos=+85.13 wrist_roll.pos=+10.92 gripper.pos=+31.41
DEBUG 2026-08-19 07:33:53 [action #509] t=20.44s step=3087 queue=21 dmax=1.377 | shoulder_pan.pos=+27.56 shoulder_lift.pos=-3.90 elbow_flex.pos=-3.35 wrist_flex.pos=+86.51 wrist_roll.pos=+11.04 gripper.pos=+31.46
DEBUG 2026-08-19 07:33:53 [action #510] t=20.47s step=3088 queue=20 dmax=0.917 | shoulder_pan.pos=+26.79 shoulder_lift.pos=-4.74 elbow_flex.pos=-3.93 wrist_flex.pos=+87.43 wrist_roll.pos=+11.01 gripper.pos=+31.28
DEBUG 2026-08-19 07:33:53 [action #511] t=20.50s step=3089 queue=19 dmax=1.076 | shoulder_pan.pos=+26.28 shoulder_lift.pos=-5.81 elbow_flex.pos=-3.27 wrist_flex.pos=+88.41 wrist_roll.pos=+10.99 gripper.pos=+31.11
DEBUG 2026-08-19 07:33:53 [action #512] t=20.54s step=3090 queue=18 dmax=1.539 | shoulder_pan.pos=+25.76 shoulder_lift.pos=-7.35 elbow_flex.pos=-3.52 wrist_flex.pos=+89.34 wrist_roll.pos=+11.07 gripper.pos=+31.04
DEBUG 2026-08-19 07:33:53 [action #513] t=20.57s step=3091 queue=17 dmax=0.678 | shoulder_pan.pos=+25.11 shoulder_lift.pos=-8.03 elbow_flex.pos=-3.02 wrist_flex.pos=+89.95 wrist_roll.pos=+10.95 gripper.pos=+30.65
DEBUG 2026-08-19 07:33:53 [action #514] t=20.60s step=3092 queue=16 dmax=1.195 | shoulder_pan.pos=+24.49 shoulder_lift.pos=-9.22 elbow_flex.pos=-2.50 wrist_flex.pos=+90.41 wrist_roll.pos=+10.97 gripper.pos=+29.93
DEBUG 2026-08-19 07:33:53 [action #515] t=20.64s step=3093 queue=15 dmax=1.879 | shoulder_pan.pos=+23.58 shoulder_lift.pos=-11.10 elbow_flex.pos=-2.28 wrist_flex.pos=+90.71 wrist_roll.pos=+10.83 gripper.pos=+28.99
DEBUG 2026-08-19 07:33:53 [action #516] t=20.67s step=3094 queue=14 dmax=1.591 | shoulder_pan.pos=+22.59 shoulder_lift.pos=-12.22 elbow_flex.pos=-0.69 wrist_flex.pos=+90.77 wrist_roll.pos=+10.83 gripper.pos=+27.43
DEBUG 2026-08-19 07:33:53 [action #517] t=20.70s step=3095 queue=13 dmax=2.270 | shoulder_pan.pos=+21.43 shoulder_lift.pos=-13.69 elbow_flex.pos=-0.26 wrist_flex.pos=+90.73 wrist_roll.pos=+10.71 gripper.pos=+25.16
DEBUG 2026-08-19 07:33:53 [action #518] t=20.74s step=3096 queue=12 dmax=2.810 | shoulder_pan.pos=+20.52 shoulder_lift.pos=-14.71 elbow_flex.pos=+1.34 wrist_flex.pos=+90.37 wrist_roll.pos=+10.61 gripper.pos=+22.35
DEBUG 2026-08-19 07:33:53 [action #519] t=20.77s step=3097 queue=11 dmax=3.039 | shoulder_pan.pos=+19.35 shoulder_lift.pos=-16.21 elbow_flex.pos=+2.01 wrist_flex.pos=+90.36 wrist_roll.pos=+10.51 gripper.pos=+19.31
DEBUG 2026-08-19 07:33:53 [action #520] t=20.80s step=3098 queue=10 dmax=2.755 | shoulder_pan.pos=+18.36 shoulder_lift.pos=-16.96 elbow_flex.pos=+3.75 wrist_flex.pos=+89.97 wrist_roll.pos=+10.46 gripper.pos=+16.55
DEBUG 2026-08-19 07:33:53 [action #521] t=20.84s step=3099 queue=9 dmax=2.244 | shoulder_pan.pos=+17.66 shoulder_lift.pos=-17.92 elbow_flex.pos=+5.27 wrist_flex.pos=+89.15 wrist_roll.pos=+10.37 gripper.pos=+14.31
DEBUG 2026-08-19 07:33:53 [action #522] t=20.87s step=3100 queue=8 dmax=1.629 | shoulder_pan.pos=+16.39 shoulder_lift.pos=-19.54 elbow_flex.pos=+6.90 wrist_flex.pos=+88.28 wrist_roll.pos=+10.30 gripper.pos=+12.74
DEBUG 2026-08-19 07:33:53 [action #523] t=20.91s step=3101 queue=7 dmax=1.592 | shoulder_pan.pos=+15.53 shoulder_lift.pos=-20.39 elbow_flex.pos=+8.49 wrist_flex.pos=+87.55 wrist_roll.pos=+10.28 gripper.pos=+11.63
DEBUG 2026-08-19 07:33:53 [action #524] t=20.94s step=3102 queue=6 dmax=1.615 | shoulder_pan.pos=+15.06 shoulder_lift.pos=-22.00 elbow_flex.pos=+9.99 wrist_flex.pos=+86.48 wrist_roll.pos=+10.22 gripper.pos=+10.72
DEBUG 2026-08-19 07:33:54 [action #525] t=20.97s step=3103 queue=5 dmax=1.683 | shoulder_pan.pos=+13.81 shoulder_lift.pos=-23.28 elbow_flex.pos=+11.68 wrist_flex.pos=+85.35 wrist_roll.pos=+9.98 gripper.pos=+9.75
DEBUG 2026-08-19 07:33:54 [action #526] t=21.01s step=3104 queue=4 dmax=2.379 | shoulder_pan.pos=+13.14 shoulder_lift.pos=-24.90 elbow_flex.pos=+14.06 wrist_flex.pos=+84.28 wrist_roll.pos=+9.88 gripper.pos=+8.67
DEBUG 2026-08-19 07:33:54 [action #527] t=21.04s step=3105 queue=3 dmax=1.914 | shoulder_pan.pos=+12.38 shoulder_lift.pos=-26.82 elbow_flex.pos=+15.87 wrist_flex.pos=+82.77 wrist_roll.pos=+9.70 gripper.pos=+7.87
DEBUG 2026-08-19 07:33:54 [action #528] t=21.07s step=3106 queue=2 dmax=2.742 | shoulder_pan.pos=+11.37 shoulder_lift.pos=-29.20 elbow_flex.pos=+18.61 wrist_flex.pos=+81.43 wrist_roll.pos=+9.55 gripper.pos=+6.75
DEBUG 2026-08-19 07:33:54 [action #529] t=21.11s step=3107 queue=1 dmax=2.382 | shoulder_pan.pos=+10.60 shoulder_lift.pos=-31.37 elbow_flex.pos=+20.99 wrist_flex.pos=+80.09 wrist_roll.pos=+9.21 gripper.pos=+6.09
DEBUG 2026-08-19 07:33:54 [chunk] received 50 actions, timesteps 3082..3131 | first: shoulder_pan.pos=+30.61 shoulder_lift.pos=+12.90 elbow_flex.pos=-9.46 wrist_flex.pos=+65.35 wrist_roll.pos=-8.26 gripper.pos=+2.78 | last: shoulder_pan.pos=+13.55 shoulder_lift.pos=-8.28 elbow_flex.pos=+3.13 wrist_flex.pos=+83.54 wrist_roll.pos=-6.27 gripper.pos=+14.63
DEBUG 2026-08-19 07:33:54 [action #530] t=21.21s step=3108 queue=24 dmax=47.956 | shoulder_pan.pos=+29.68 shoulder_lift.pos=+16.58 elbow_flex.pos=-7.63 wrist_flex.pos=+71.22 wrist_roll.pos=-8.60 gripper.pos=+34.77
DEBUG 2026-08-19 07:33:54 [action #531] t=21.24s step=3109 queue=23 dmax=0.752 | shoulder_pan.pos=+29.25 shoulder_lift.pos=+16.90 elbow_flex.pos=-7.27 wrist_flex.pos=+71.97 wrist_roll.pos=-8.50 gripper.pos=+34.98
DEBUG 2026-08-19 07:33:54 [action #532] t=21.27s step=3110 queue=22 dmax=1.215 | shoulder_pan.pos=+29.08 shoulder_lift.pos=+15.95 elbow_flex.pos=-7.95 wrist_flex.pos=+73.19 wrist_roll.pos=-8.53 gripper.pos=+35.07
DEBUG 2026-08-19 07:33:54 [action #533] t=21.31s step=3111 queue=21 dmax=0.739 | shoulder_pan.pos=+28.36 shoulder_lift.pos=+15.53 elbow_flex.pos=-7.42 wrist_flex.pos=+73.93 wrist_roll.pos=-8.62 gripper.pos=+34.92
DEBUG 2026-08-19 07:33:54 [action #534] t=21.34s step=3112 queue=20 dmax=1.303 | shoulder_pan.pos=+27.98 shoulder_lift.pos=+14.95 elbow_flex.pos=-8.00 wrist_flex.pos=+75.23 wrist_roll.pos=-8.47 gripper.pos=+34.70
DEBUG 2026-08-19 07:33:54 [action #535] t=21.37s step=3113 queue=19 dmax=2.367 | shoulder_pan.pos=+27.51 shoulder_lift.pos=+12.58 elbow_flex.pos=-7.25 wrist_flex.pos=+76.29 wrist_roll.pos=-8.34 gripper.pos=+34.44
DEBUG 2026-08-19 07:33:54 [action #536] t=21.41s step=3114 queue=18 dmax=1.120 | shoulder_pan.pos=+27.20 shoulder_lift.pos=+12.29 elbow_flex.pos=-7.22 wrist_flex.pos=+77.41 wrist_roll.pos=-8.33 gripper.pos=+34.44
DEBUG 2026-08-19 07:33:54 [action #537] t=21.44s step=3115 queue=17 dmax=1.098 | shoulder_pan.pos=+26.79 shoulder_lift.pos=+12.37 elbow_flex.pos=-8.19 wrist_flex.pos=+78.51 wrist_roll.pos=-8.38 gripper.pos=+34.55
DEBUG 2026-08-19 07:33:54 [action #538] t=21.47s step=3116 queue=16 dmax=1.017 | shoulder_pan.pos=+26.12 shoulder_lift.pos=+11.41 elbow_flex.pos=-8.56 wrist_flex.pos=+79.53 wrist_roll.pos=-8.26 gripper.pos=+34.52
DEBUG 2026-08-19 07:33:54 [action #539] t=21.51s step=3117 queue=15 dmax=1.026 | shoulder_pan.pos=+25.95 shoulder_lift.pos=+10.38 elbow_flex.pos=-8.60 wrist_flex.pos=+80.38 wrist_roll.pos=-8.13 gripper.pos=+34.43
DEBUG 2026-08-19 07:33:54 [action #540] t=21.54s step=3118 queue=14 dmax=1.109 | shoulder_pan.pos=+25.15 shoulder_lift.pos=+9.27 elbow_flex.pos=-8.73 wrist_flex.pos=+81.31 wrist_roll.pos=-7.90 gripper.pos=+34.36
DEBUG 2026-08-19 07:33:54 [action #541] t=21.57s step=3119 queue=13 dmax=2.036 | shoulder_pan.pos=+24.43 shoulder_lift.pos=+7.24 elbow_flex.pos=-8.25 wrist_flex.pos=+82.21 wrist_roll.pos=-7.83 gripper.pos=+34.06
DEBUG 2026-08-19 07:33:54 [action #542] t=21.61s step=3120 queue=12 dmax=1.531 | shoulder_pan.pos=+23.84 shoulder_lift.pos=+6.78 elbow_flex.pos=-9.78 wrist_flex.pos=+83.18 wrist_roll.pos=-7.42 gripper.pos=+34.01
DEBUG 2026-08-19 07:33:54 [action #543] t=21.64s step=3121 queue=11 dmax=1.090 | shoulder_pan.pos=+22.84 shoulder_lift.pos=+5.90 elbow_flex.pos=-8.69 wrist_flex.pos=+84.10 wrist_roll.pos=-7.15 gripper.pos=+33.65
DEBUG 2026-08-19 07:33:54 [action #544] t=21.67s step=3122 queue=10 dmax=1.474 | shoulder_pan.pos=+21.92 shoulder_lift.pos=+4.42 elbow_flex.pos=-9.36 wrist_flex.pos=+84.87 wrist_roll.pos=-6.90 gripper.pos=+33.16
DEBUG 2026-08-19 07:33:54 [action #545] t=21.71s step=3123 queue=9 dmax=1.666 | shoulder_pan.pos=+21.31 shoulder_lift.pos=+2.76 elbow_flex.pos=-8.47 wrist_flex.pos=+85.47 wrist_roll.pos=-6.75 gripper.pos=+32.33
DEBUG 2026-08-19 07:33:54 [action #546] t=21.74s step=3124 queue=8 dmax=1.072 | shoulder_pan.pos=+20.68 shoulder_lift.pos=+2.64 elbow_flex.pos=-7.76 wrist_flex.pos=+85.79 wrist_roll.pos=-6.82 gripper.pos=+31.26
DEBUG 2026-08-19 07:33:54 [action #547] t=21.77s step=3125 queue=7 dmax=2.018 | shoulder_pan.pos=+19.49 shoulder_lift.pos=+1.22 elbow_flex.pos=-6.58 wrist_flex.pos=+85.61 wrist_roll.pos=-6.77 gripper.pos=+29.24
DEBUG 2026-08-19 07:33:54 [action #548] t=21.81s step=3126 queue=6 dmax=2.523 | shoulder_pan.pos=+18.57 shoulder_lift.pos=-0.06 elbow_flex.pos=-4.58 wrist_flex.pos=+85.19 wrist_roll.pos=-6.66 gripper.pos=+26.72
DEBUG 2026-08-19 07:33:54 [action #549] t=21.84s step=3127 queue=5 dmax=2.761 | shoulder_pan.pos=+17.60 shoulder_lift.pos=-1.65 elbow_flex.pos=-3.28 wrist_flex.pos=+84.67 wrist_roll.pos=-6.60 gripper.pos=+23.95
DEBUG 2026-08-19 07:33:54 [action #550] t=21.87s step=3128 queue=4 dmax=3.168 | shoulder_pan.pos=+16.36 shoulder_lift.pos=-3.23 elbow_flex.pos=-1.43 wrist_flex.pos=+84.21 wrist_roll.pos=-6.64 gripper.pos=+20.79
DEBUG 2026-08-19 07:33:54 [action #551] t=21.91s step=3129 queue=3 dmax=2.398 | shoulder_pan.pos=+15.40 shoulder_lift.pos=-4.79 elbow_flex.pos=-0.18 wrist_flex.pos=+84.07 wrist_roll.pos=-6.45 gripper.pos=+18.39
DEBUG 2026-08-19 07:33:54 [action #552] t=21.94s step=3130 queue=2 dmax=2.173 | shoulder_pan.pos=+14.58 shoulder_lift.pos=-6.79 elbow_flex.pos=+0.97 wrist_flex.pos=+83.69 wrist_roll.pos=-6.48 gripper.pos=+16.22
DEBUG 2026-08-19 07:33:55 [action #553] t=21.98s step=3131 queue=1 dmax=2.158 | shoulder_pan.pos=+13.55 shoulder_lift.pos=-8.28 elbow_flex.pos=+3.13 wrist_flex.pos=+83.54 wrist_roll.pos=-6.27 gripper.pos=+14.63
DEBUG 2026-08-19 07:33:55 [chunk] received 50 actions, timesteps 3107..3156 | first: shoulder_pan.pos=+9.81 shoulder_lift.pos=-34.76 elbow_flex.pos=+26.84 wrist_flex.pos=+78.32 wrist_roll.pos=+8.42 gripper.pos=+5.06 | last: shoulder_pan.pos=-6.99 shoulder_lift.pos=-103.03 elbow_flex.pos=+87.14 wrist_flex.pos=+71.97 wrist_roll.pos=+3.45 gripper.pos=+1.47
DEBUG 2026-08-19 07:33:55 [action #554] t=22.18s step=3132 queue=25 dmax=62.186 | shoulder_pan.pos=-5.08 shoulder_lift.pos=-69.93 elbow_flex.pos=+65.31 wrist_flex.pos=+65.54 wrist_roll.pos=+6.49 gripper.pos=+1.53
DEBUG 2026-08-19 07:33:55 [action #555] t=22.21s step=3133 queue=24 dmax=1.732 | shoulder_pan.pos=-5.52 shoulder_lift.pos=-71.66 elbow_flex.pos=+66.27 wrist_flex.pos=+65.29 wrist_roll.pos=+6.48 gripper.pos=+1.42
DEBUG 2026-08-19 07:33:55 [action #556] t=22.24s step=3134 queue=23 dmax=2.429 | shoulder_pan.pos=-5.39 shoulder_lift.pos=-74.03 elbow_flex.pos=+68.70 wrist_flex.pos=+65.24 wrist_roll.pos=+6.34 gripper.pos=+1.41
DEBUG 2026-08-19 07:33:55 [action #557] t=22.28s step=3135 queue=22 dmax=1.358 | shoulder_pan.pos=-5.31 shoulder_lift.pos=-75.39 elbow_flex.pos=+69.69 wrist_flex.pos=+65.07 wrist_roll.pos=+6.21 gripper.pos=+1.75
DEBUG 2026-08-19 07:33:55 [action #558] t=22.31s step=3136 queue=21 dmax=1.763 | shoulder_pan.pos=-5.50 shoulder_lift.pos=-77.15 elbow_flex.pos=+70.90 wrist_flex.pos=+65.36 wrist_roll.pos=+5.81 gripper.pos=+1.45
DEBUG 2026-08-19 07:33:55 [action #559] t=22.34s step=3137 queue=20 dmax=1.805 | shoulder_pan.pos=-5.59 shoulder_lift.pos=-78.96 elbow_flex.pos=+72.09 wrist_flex.pos=+64.96 wrist_roll.pos=+5.16 gripper.pos=+1.62
DEBUG 2026-08-19 07:33:55 [action #560] t=22.38s step=3138 queue=19 dmax=1.303 | shoulder_pan.pos=-5.74 shoulder_lift.pos=-80.26 elbow_flex.pos=+72.34 wrist_flex.pos=+64.98 wrist_roll.pos=+4.34 gripper.pos=+1.51
DEBUG 2026-08-19 07:33:55 [action #561] t=22.41s step=3139 queue=18 dmax=2.165 | shoulder_pan.pos=-5.82 shoulder_lift.pos=-82.43 elbow_flex.pos=+73.88 wrist_flex.pos=+64.74 wrist_roll.pos=+2.80 gripper.pos=+1.71
DEBUG 2026-08-19 07:33:55 [action #562] t=22.44s step=3140 queue=17 dmax=1.515 | shoulder_pan.pos=-5.75 shoulder_lift.pos=-83.94 elbow_flex.pos=+75.28 wrist_flex.pos=+65.02 wrist_roll.pos=+1.45 gripper.pos=+1.62
DEBUG 2026-08-19 07:33:55 [action #563] t=22.48s step=3141 queue=16 dmax=2.129 | shoulder_pan.pos=-5.51 shoulder_lift.pos=-86.07 elbow_flex.pos=+75.73 wrist_flex.pos=+64.95 wrist_roll.pos=+0.13 gripper.pos=+1.42
DEBUG 2026-08-19 07:33:55 [action #564] t=22.51s step=3142 queue=15 dmax=1.880 | shoulder_pan.pos=-5.53 shoulder_lift.pos=-87.95 elbow_flex.pos=+76.97 wrist_flex.pos=+65.09 wrist_roll.pos=-0.32 gripper.pos=+1.53
DEBUG 2026-08-19 07:33:55 [action #565] t=22.54s step=3143 queue=14 dmax=1.086 | shoulder_pan.pos=-5.44 shoulder_lift.pos=-89.04 elbow_flex.pos=+77.18 wrist_flex.pos=+65.18 wrist_roll.pos=-0.67 gripper.pos=+1.50
DEBUG 2026-08-19 07:33:55 [action #566] t=22.58s step=3144 queue=13 dmax=1.885 | shoulder_pan.pos=-5.70 shoulder_lift.pos=-90.92 elbow_flex.pos=+78.18 wrist_flex.pos=+65.54 wrist_roll.pos=-0.55 gripper.pos=+1.59
DEBUG 2026-08-19 07:33:55 [action #567] t=22.61s step=3145 queue=12 dmax=1.292 | shoulder_pan.pos=-5.34 shoulder_lift.pos=-92.21 elbow_flex.pos=+78.47 wrist_flex.pos=+65.34 wrist_roll.pos=-0.45 gripper.pos=+1.43
DEBUG 2026-08-19 07:33:55 [action #568] t=22.64s step=3146 queue=11 dmax=1.278 | shoulder_pan.pos=-5.44 shoulder_lift.pos=-93.49 elbow_flex.pos=+79.13 wrist_flex.pos=+65.71 wrist_roll.pos=-0.07 gripper.pos=+1.70
DEBUG 2026-08-19 07:33:55 [action #569] t=22.68s step=3147 queue=10 dmax=0.981 | shoulder_pan.pos=-5.65 shoulder_lift.pos=-94.47 elbow_flex.pos=+80.01 wrist_flex.pos=+65.90 wrist_roll.pos=+0.19 gripper.pos=+1.24
DEBUG 2026-08-19 07:33:55 [action #570] t=22.71s step=3148 queue=9 dmax=1.553 | shoulder_pan.pos=-5.73 shoulder_lift.pos=-96.03 elbow_flex.pos=+80.67 wrist_flex.pos=+66.21 wrist_roll.pos=+0.56 gripper.pos=+1.36
DEBUG 2026-08-19 07:33:55 [action #571] t=22.74s step=3149 queue=8 dmax=1.895 | shoulder_pan.pos=-5.75 shoulder_lift.pos=-96.69 elbow_flex.pos=+82.56 wrist_flex.pos=+66.72 wrist_roll.pos=+1.25 gripper.pos=+1.46
DEBUG 2026-08-19 07:33:55 [action #572] t=22.78s step=3150 queue=7 dmax=1.258 | shoulder_pan.pos=-6.27 shoulder_lift.pos=-97.03 elbow_flex.pos=+82.39 wrist_flex.pos=+67.16 wrist_roll.pos=+2.51 gripper.pos=+1.40
DEBUG 2026-08-19 07:33:55 [action #573] t=22.81s step=3151 queue=6 dmax=1.247 | shoulder_pan.pos=-6.24 shoulder_lift.pos=-98.28 elbow_flex.pos=+82.77 wrist_flex.pos=+68.05 wrist_roll.pos=+3.06 gripper.pos=+1.34
DEBUG 2026-08-19 07:33:55 [action #574] t=22.84s step=3152 queue=5 dmax=1.538 | shoulder_pan.pos=-6.70 shoulder_lift.pos=-99.17 elbow_flex.pos=+84.31 wrist_flex.pos=+68.62 wrist_roll.pos=+3.28 gripper.pos=+1.32
DEBUG 2026-08-19 07:33:55 [action #575] t=22.88s step=3153 queue=4 dmax=0.841 | shoulder_pan.pos=-6.81 shoulder_lift.pos=-100.01 elbow_flex.pos=+84.69 wrist_flex.pos=+69.13 wrist_roll.pos=+3.05 gripper.pos=+1.26
DEBUG 2026-08-19 07:33:55 [action #576] t=22.91s step=3154 queue=3 dmax=1.351 | shoulder_pan.pos=-7.15 shoulder_lift.pos=-101.36 elbow_flex.pos=+84.94 wrist_flex.pos=+69.69 wrist_roll.pos=+3.30 gripper.pos=+1.39
DEBUG 2026-08-19 07:33:55 [action #577] t=22.94s step=3155 queue=2 dmax=1.602 | shoulder_pan.pos=-6.93 shoulder_lift.pos=-102.43 elbow_flex.pos=+86.54 wrist_flex.pos=+70.75 wrist_roll.pos=+3.44 gripper.pos=+1.43
DEBUG 2026-08-19 07:33:56 [action #578] t=22.98s step=3156 queue=1 dmax=1.217 | shoulder_pan.pos=-6.99 shoulder_lift.pos=-103.03 elbow_flex.pos=+87.14 wrist_flex.pos=+71.97 wrist_roll.pos=+3.45 gripper.pos=+1.47
DEBUG 2026-08-19 07:33:56 [chunk] received 50 actions, timesteps 3131..3180 | first: shoulder_pan.pos=+10.51 shoulder_lift.pos=-14.33 elbow_flex.pos=+11.82 wrist_flex.pos=+80.06 wrist_roll.pos=-5.78 gripper.pos=+9.09 | last: shoulder_pan.pos=-2.78 shoulder_lift.pos=-93.56 elbow_flex.pos=+79.30 wrist_flex.pos=+66.75 wrist_roll.pos=+0.42 gripper.pos=+2.01
DEBUG 2026-08-19 07:33:56 [action #579] t=23.28s step=3157 queue=24 dmax=52.589 | shoulder_pan.pos=-4.49 shoulder_lift.pos=-50.44 elbow_flex.pos=+51.91 wrist_flex.pos=+67.70 wrist_roll.pos=-2.86 gripper.pos=+2.33
DEBUG 2026-08-19 07:33:56 [action #580] t=23.31s step=3158 queue=23 dmax=2.382 | shoulder_pan.pos=-4.82 shoulder_lift.pos=-52.06 elbow_flex.pos=+54.29 wrist_flex.pos=+66.98 wrist_roll.pos=-2.66 gripper.pos=+2.23
DEBUG 2026-08-19 07:33:56 [action #581] t=23.35s step=3159 queue=22 dmax=2.186 | shoulder_pan.pos=-5.02 shoulder_lift.pos=-54.24 elbow_flex.pos=+56.00 wrist_flex.pos=+66.09 wrist_roll.pos=-2.75 gripper.pos=+2.31
DEBUG 2026-08-19 07:33:56 [action #582] t=23.38s step=3160 queue=21 dmax=1.403 | shoulder_pan.pos=-5.23 shoulder_lift.pos=-55.65 elbow_flex.pos=+57.39 wrist_flex.pos=+65.26 wrist_roll.pos=-2.50 gripper.pos=+2.23
DEBUG 2026-08-19 07:33:56 [action #583] t=23.41s step=3161 queue=20 dmax=1.696 | shoulder_pan.pos=-5.18 shoulder_lift.pos=-57.34 elbow_flex.pos=+59.08 wrist_flex.pos=+64.75 wrist_roll.pos=-2.36 gripper.pos=+2.13
DEBUG 2026-08-19 07:33:56 [action #584] t=23.45s step=3162 queue=19 dmax=2.208 | shoulder_pan.pos=-4.97 shoulder_lift.pos=-59.55 elbow_flex.pos=+61.05 wrist_flex.pos=+64.36 wrist_roll.pos=-2.12 gripper.pos=+2.14
DEBUG 2026-08-19 07:33:56 [action #585] t=23.48s step=3163 queue=18 dmax=1.721 | shoulder_pan.pos=-5.02 shoulder_lift.pos=-61.27 elbow_flex.pos=+62.47 wrist_flex.pos=+64.14 wrist_roll.pos=-1.78 gripper.pos=+2.25
DEBUG 2026-08-19 07:33:56 [action #586] t=23.51s step=3164 queue=17 dmax=1.631 | shoulder_pan.pos=-4.76 shoulder_lift.pos=-62.90 elbow_flex.pos=+63.68 wrist_flex.pos=+64.13 wrist_roll.pos=-1.26 gripper.pos=+2.23
DEBUG 2026-08-19 07:33:56 [action #587] t=23.55s step=3165 queue=16 dmax=2.174 | shoulder_pan.pos=-4.45 shoulder_lift.pos=-65.07 elbow_flex.pos=+64.75 wrist_flex.pos=+64.13 wrist_roll.pos=-0.98 gripper.pos=+2.18
DEBUG 2026-08-19 07:33:56 [action #588] t=23.58s step=3166 queue=15 dmax=1.936 | shoulder_pan.pos=-4.09 shoulder_lift.pos=-66.97 elbow_flex.pos=+66.69 wrist_flex.pos=+64.45 wrist_roll.pos=-0.66 gripper.pos=+2.31
DEBUG 2026-08-19 07:33:56 [action #589] t=23.61s step=3167 queue=14 dmax=2.015 | shoulder_pan.pos=-3.79 shoulder_lift.pos=-68.99 elbow_flex.pos=+67.48 wrist_flex.pos=+64.54 wrist_roll.pos=-0.27 gripper.pos=+2.22
DEBUG 2026-08-19 07:33:56 [action #590] t=23.65s step=3168 queue=13 dmax=2.382 | shoulder_pan.pos=-3.46 shoulder_lift.pos=-71.37 elbow_flex.pos=+68.67 wrist_flex.pos=+64.52 wrist_roll.pos=-0.29 gripper.pos=+2.25
DEBUG 2026-08-19 07:33:56 [action #591] t=23.68s step=3169 queue=12 dmax=1.973 | shoulder_pan.pos=-3.11 shoulder_lift.pos=-73.34 elbow_flex.pos=+70.07 wrist_flex.pos=+64.56 wrist_roll.pos=-0.37 gripper.pos=+2.22
DEBUG 2026-08-19 07:33:56 [action #592] t=23.71s step=3170 queue=11 dmax=1.722 | shoulder_pan.pos=-2.84 shoulder_lift.pos=-75.06 elbow_flex.pos=+71.07 wrist_flex.pos=+64.60 wrist_roll.pos=-0.29 gripper.pos=+2.09
DEBUG 2026-08-19 07:33:56 [action #593] t=23.75s step=3171 queue=10 dmax=1.693 | shoulder_pan.pos=-2.71 shoulder_lift.pos=-76.76 elbow_flex.pos=+71.62 wrist_flex.pos=+64.63 wrist_roll.pos=-0.29 gripper.pos=+2.16
DEBUG 2026-08-19 07:33:56 [action #594] t=23.78s step=3172 queue=9 dmax=2.355 | shoulder_pan.pos=-2.58 shoulder_lift.pos=-79.11 elbow_flex.pos=+73.34 wrist_flex.pos=+65.02 wrist_roll.pos=-0.31 gripper.pos=+2.24
DEBUG 2026-08-19 07:33:56 [action #595] t=23.81s step=3173 queue=8 dmax=1.652 | shoulder_pan.pos=-2.53 shoulder_lift.pos=-80.76 elbow_flex.pos=+74.34 wrist_flex.pos=+65.06 wrist_roll.pos=-0.28 gripper.pos=+2.06
DEBUG 2026-08-19 07:33:56 [action #596] t=23.85s step=3174 queue=7 dmax=1.596 | shoulder_pan.pos=-2.72 shoulder_lift.pos=-82.36 elbow_flex.pos=+75.06 wrist_flex.pos=+64.89 wrist_roll.pos=-0.34 gripper.pos=+2.06
DEBUG 2026-08-19 07:33:56 [action #597] t=23.88s step=3175 queue=6 dmax=1.475 | shoulder_pan.pos=-2.73 shoulder_lift.pos=-83.84 elbow_flex.pos=+75.93 wrist_flex.pos=+65.25 wrist_roll.pos=-0.04 gripper.pos=+2.08
DEBUG 2026-08-19 07:33:56 [action #598] t=23.91s step=3176 queue=5 dmax=0.934 | shoulder_pan.pos=-2.83 shoulder_lift.pos=-84.77 elbow_flex.pos=+76.05 wrist_flex.pos=+65.07 wrist_roll.pos=-0.07 gripper.pos=+1.89
DEBUG 2026-08-19 07:33:56 [action #599] t=23.95s step=3177 queue=4 dmax=2.241 | shoulder_pan.pos=-2.66 shoulder_lift.pos=-87.01 elbow_flex.pos=+77.18 wrist_flex.pos=+65.92 wrist_roll.pos=+0.23 gripper.pos=+1.99
DEBUG 2026-08-19 07:33:57 [action #600] t=23.98s step=3178 queue=3 dmax=1.942 | shoulder_pan.pos=-2.99 shoulder_lift.pos=-88.95 elbow_flex.pos=+78.14 wrist_flex.pos=+66.07 wrist_roll.pos=+0.29 gripper.pos=+2.08
DEBUG 2026-08-19 07:33:57 [action #601] t=24.02s step=3179 queue=2 dmax=1.889 | shoulder_pan.pos=-2.82 shoulder_lift.pos=-90.84 elbow_flex.pos=+78.91 wrist_flex.pos=+66.53 wrist_roll.pos=+0.35 gripper.pos=+2.00
DEBUG 2026-08-19 07:33:57 [action #602] t=24.05s step=3180 queue=1 dmax=2.720 | shoulder_pan.pos=-2.78 shoulder_lift.pos=-93.56 elbow_flex.pos=+79.30 wrist_flex.pos=+66.75 wrist_roll.pos=+0.42 gripper.pos=+2.01
DEBUG 2026-08-19 07:33:57 [chunk] received 50 actions, timesteps 3156..3205 | first: shoulder_pan.pos=-6.44 shoulder_lift.pos=-100.94 elbow_flex.pos=+88.09 wrist_flex.pos=+73.06 wrist_roll.pos=+2.70 gripper.pos=+1.48 | last: shoulder_pan.pos=-5.18 shoulder_lift.pos=-101.48 elbow_flex.pos=+87.15 wrist_flex.pos=+78.45 wrist_roll.pos=+1.62 gripper.pos=+1.55
DEBUG 2026-08-19 07:33:57 [action #603] t=24.18s step=3181 queue=25 dmax=11.536 | shoulder_pan.pos=-5.77 shoulder_lift.pos=-101.20 elbow_flex.pos=+87.44 wrist_flex.pos=+78.28 wrist_roll.pos=+1.45 gripper.pos=+1.53
DEBUG 2026-08-19 07:33:57 [action #604] t=24.22s step=3182 queue=24 dmax=0.235 | shoulder_pan.pos=-5.69 shoulder_lift.pos=-100.97 elbow_flex.pos=+87.40 wrist_flex.pos=+78.45 wrist_roll.pos=+1.44 gripper.pos=+1.63
DEBUG 2026-08-19 07:33:57 [action #605] t=24.25s step=3183 queue=23 dmax=0.138 | shoulder_pan.pos=-5.72 shoulder_lift.pos=-101.11 elbow_flex.pos=+87.50 wrist_flex.pos=+78.49 wrist_roll.pos=+1.50 gripper.pos=+1.72
DEBUG 2026-08-19 07:33:57 [action #606] t=24.28s step=3184 queue=22 dmax=0.529 | shoulder_pan.pos=-5.53 shoulder_lift.pos=-100.65 elbow_flex.pos=+86.97 wrist_flex.pos=+78.39 wrist_roll.pos=+1.61 gripper.pos=+1.56
DEBUG 2026-08-19 07:33:57 [action #607] t=24.32s step=3185 queue=21 dmax=0.442 | shoulder_pan.pos=-5.59 shoulder_lift.pos=-101.09 elbow_flex.pos=+87.01 wrist_flex.pos=+78.43 wrist_roll.pos=+1.60 gripper.pos=+1.57
DEBUG 2026-08-19 07:33:57 [action #608] t=24.35s step=3186 queue=20 dmax=0.543 | shoulder_pan.pos=-5.53 shoulder_lift.pos=-101.05 elbow_flex.pos=+87.55 wrist_flex.pos=+78.43 wrist_roll.pos=+1.58 gripper.pos=+1.53
DEBUG 2026-08-19 07:33:57 [action #609] t=24.38s step=3187 queue=19 dmax=0.306 | shoulder_pan.pos=-5.27 shoulder_lift.pos=-100.75 elbow_flex.pos=+87.30 wrist_flex.pos=+78.37 wrist_roll.pos=+1.72 gripper.pos=+1.63
DEBUG 2026-08-19 07:33:57 [action #610] t=24.42s step=3188 queue=18 dmax=0.231 | shoulder_pan.pos=-5.47 shoulder_lift.pos=-100.77 elbow_flex.pos=+87.21 wrist_flex.pos=+78.60 wrist_roll.pos=+1.64 gripper.pos=+1.65
DEBUG 2026-08-19 07:33:57 [action #611] t=24.45s step=3189 queue=17 dmax=0.220 | shoulder_pan.pos=-5.49 shoulder_lift.pos=-100.55 elbow_flex.pos=+87.27 wrist_flex.pos=+78.57 wrist_roll.pos=+1.65 gripper.pos=+1.59
DEBUG 2026-08-19 07:33:57 [action #612] t=24.48s step=3190 queue=16 dmax=0.632 | shoulder_pan.pos=-5.44 shoulder_lift.pos=-101.18 elbow_flex.pos=+87.16 wrist_flex.pos=+78.56 wrist_roll.pos=+1.65 gripper.pos=+1.64
DEBUG 2026-08-19 07:33:57 [action #613] t=24.52s step=3191 queue=15 dmax=0.155 | shoulder_pan.pos=-5.45 shoulder_lift.pos=-101.10 elbow_flex.pos=+87.07 wrist_flex.pos=+78.41 wrist_roll.pos=+1.68 gripper.pos=+1.51
DEBUG 2026-08-19 07:33:57 [action #614] t=24.55s step=3192 queue=14 dmax=0.147 | shoulder_pan.pos=-5.32 shoulder_lift.pos=-101.22 elbow_flex.pos=+87.22 wrist_flex.pos=+78.48 wrist_roll.pos=+1.70 gripper.pos=+1.56
DEBUG 2026-08-19 07:33:57 [action #615] t=24.58s step=3193 queue=13 dmax=0.212 | shoulder_pan.pos=-5.53 shoulder_lift.pos=-101.01 elbow_flex.pos=+87.19 wrist_flex.pos=+78.61 wrist_roll.pos=+1.71 gripper.pos=+1.56
DEBUG 2026-08-19 07:33:57 [action #616] t=24.62s step=3194 queue=12 dmax=0.296 | shoulder_pan.pos=-5.24 shoulder_lift.pos=-100.71 elbow_flex.pos=+87.32 wrist_flex.pos=+78.45 wrist_roll.pos=+1.66 gripper.pos=+1.63
DEBUG 2026-08-19 07:33:57 [action #617] t=24.65s step=3195 queue=11 dmax=0.238 | shoulder_pan.pos=-5.39 shoulder_lift.pos=-100.95 elbow_flex.pos=+87.56 wrist_flex.pos=+78.26 wrist_roll.pos=+1.73 gripper.pos=+1.63
DEBUG 2026-08-19 07:33:57 [action #618] t=24.68s step=3196 queue=10 dmax=0.283 | shoulder_pan.pos=-5.59 shoulder_lift.pos=-101.14 elbow_flex.pos=+87.28 wrist_flex.pos=+78.19 wrist_roll.pos=+1.72 gripper.pos=+1.53
DEBUG 2026-08-19 07:33:57 [action #619] t=24.72s step=3197 queue=9 dmax=0.587 | shoulder_pan.pos=-5.35 shoulder_lift.pos=-100.55 elbow_flex.pos=+87.32 wrist_flex.pos=+78.29 wrist_roll.pos=+1.78 gripper.pos=+1.52
DEBUG 2026-08-19 07:33:57 [action #620] t=24.75s step=3198 queue=8 dmax=0.374 | shoulder_pan.pos=-5.32 shoulder_lift.pos=-100.93 elbow_flex.pos=+87.13 wrist_flex.pos=+78.40 wrist_roll.pos=+1.73 gripper.pos=+1.69
DEBUG 2026-08-19 07:33:57 [action #621] t=24.78s step=3199 queue=7 dmax=0.261 | shoulder_pan.pos=-5.23 shoulder_lift.pos=-101.19 elbow_flex.pos=+87.16 wrist_flex.pos=+78.31 wrist_roll.pos=+1.71 gripper.pos=+1.51
DEBUG 2026-08-19 07:33:57 [action #622] t=24.82s step=3200 queue=6 dmax=0.157 | shoulder_pan.pos=-5.39 shoulder_lift.pos=-101.20 elbow_flex.pos=+87.13 wrist_flex.pos=+78.27 wrist_roll.pos=+1.73 gripper.pos=+1.53
DEBUG 2026-08-19 07:33:57 [action #623] t=24.85s step=3201 queue=5 dmax=0.204 | shoulder_pan.pos=-5.44 shoulder_lift.pos=-101.00 elbow_flex.pos=+87.33 wrist_flex.pos=+78.18 wrist_roll.pos=+1.68 gripper.pos=+1.60
DEBUG 2026-08-19 07:33:57 [action #624] t=24.88s step=3202 queue=4 dmax=0.585 | shoulder_pan.pos=-5.29 shoulder_lift.pos=-101.21 elbow_flex.pos=+86.74 wrist_flex.pos=+78.20 wrist_roll.pos=+1.70 gripper.pos=+1.56
DEBUG 2026-08-19 07:33:57 [action #625] t=24.92s step=3203 queue=3 dmax=0.358 | shoulder_pan.pos=-5.20 shoulder_lift.pos=-101.50 elbow_flex.pos=+87.10 wrist_flex.pos=+78.15 wrist_roll.pos=+1.70 gripper.pos=+1.45
DEBUG 2026-08-19 07:33:57 [action #626] t=24.95s step=3204 queue=2 dmax=0.179 | shoulder_pan.pos=-5.31 shoulder_lift.pos=-101.65 elbow_flex.pos=+87.10 wrist_flex.pos=+78.33 wrist_roll.pos=+1.72 gripper.pos=+1.48
DEBUG 2026-08-19 07:33:58 [action #627] t=24.99s step=3205 queue=1 dmax=0.163 | shoulder_pan.pos=-5.18 shoulder_lift.pos=-101.48 elbow_flex.pos=+87.15 wrist_flex.pos=+78.45 wrist_roll.pos=+1.62 gripper.pos=+1.55
DEBUG 2026-08-19 07:33:58 [chunk] received 50 actions, timesteps 3180..3229 | first: shoulder_pan.pos=-3.69 shoulder_lift.pos=-97.08 elbow_flex.pos=+83.22 wrist_flex.pos=+67.03 wrist_roll.pos=-0.22 gripper.pos=+1.58 | last: shoulder_pan.pos=-6.07 shoulder_lift.pos=-102.57 elbow_flex.pos=+89.51 wrist_flex.pos=+77.93 wrist_roll.pos=-0.46 gripper.pos=+1.30
INFO 2026-08-19 07:33:58 Final action sent: shoulder_pan.pos=-5.18 shoulder_lift.pos=-101.48 elbow_flex.pos=+87.15 wrist_flex.pos=+78.45 wrist_roll.pos=+1.62 gripper.pos=+1.55
DEBUG 2026-08-19 07:33:58 === episode end | 25.1s | converged=True | actions=627 ===
DEBUG 2026-08-19 07:34:04 === episode start | task: 'put the banana on the tray' | duration: 30.0s ===
DEBUG 2026-08-19 07:34:05 [chunk] received 50 actions, timesteps 3204..3253 | first: shoulder_pan.pos=-5.32 shoulder_lift.pos=-101.41 elbow_flex.pos=+88.36 wrist_flex.pos=+77.64 wrist_roll.pos=+1.04 gripper.pos=+1.59 | last: shoulder_pan.pos=-5.44 shoulder_lift.pos=-102.03 elbow_flex.pos=+89.29 wrist_flex.pos=+77.77 wrist_roll.pos=+0.66 gripper.pos=+1.50
DEBUG 2026-08-19 07:34:05 [action #1] t=0.80s step=3204 queue=50 dmax=n/a | shoulder_pan.pos=-5.32 shoulder_lift.pos=-101.41 elbow_flex.pos=+88.36 wrist_flex.pos=+77.64 wrist_roll.pos=+1.04 gripper.pos=+1.59
DEBUG 2026-08-19 07:34:05 [action #2] t=0.84s step=3205 queue=49 dmax=0.480 | shoulder_pan.pos=-5.43 shoulder_lift.pos=-100.93 elbow_flex.pos=+88.30 wrist_flex.pos=+77.71 wrist_roll.pos=+0.94 gripper.pos=+1.57
DEBUG 2026-08-19 07:34:05 [action #3] t=0.87s step=3206 queue=48 dmax=0.152 | shoulder_pan.pos=-5.56 shoulder_lift.pos=-100.90 elbow_flex.pos=+88.33 wrist_flex.pos=+77.59 wrist_roll.pos=+0.78 gripper.pos=+1.57
DEBUG 2026-08-19 07:34:05 [action #4] t=0.90s step=3207 queue=47 dmax=0.261 | shoulder_pan.pos=-5.52 shoulder_lift.pos=-100.88 elbow_flex.pos=+88.07 wrist_flex.pos=+77.83 wrist_roll.pos=+0.73 gripper.pos=+1.54
DEBUG 2026-08-19 07:34:05 [action #5] t=0.94s step=3208 queue=46 dmax=0.584 | shoulder_pan.pos=-5.60 shoulder_lift.pos=-101.46 elbow_flex.pos=+88.41 wrist_flex.pos=+77.58 wrist_roll.pos=+0.58 gripper.pos=+1.50
DEBUG 2026-08-19 07:34:05 [action #6] t=0.97s step=3209 queue=45 dmax=0.415 | shoulder_pan.pos=-5.60 shoulder_lift.pos=-101.24 elbow_flex.pos=+88.83 wrist_flex.pos=+77.73 wrist_roll.pos=+0.52 gripper.pos=+1.46
DEBUG 2026-08-19 07:34:05 [action #7] t=1.00s step=3210 queue=44 dmax=0.149 | shoulder_pan.pos=-5.74 shoulder_lift.pos=-101.11 elbow_flex.pos=+88.98 wrist_flex.pos=+77.71 wrist_roll.pos=+0.45 gripper.pos=+1.57
DEBUG 2026-08-19 07:34:05 [action #8] t=1.04s step=3211 queue=43 dmax=0.205 | shoulder_pan.pos=-5.79 shoulder_lift.pos=-101.06 elbow_flex.pos=+88.77 wrist_flex.pos=+77.62 wrist_roll.pos=+0.61 gripper.pos=+1.55
DEBUG 2026-08-19 07:34:05 [action #9] t=1.07s step=3212 queue=42 dmax=0.831 | shoulder_pan.pos=-5.65 shoulder_lift.pos=-101.64 elbow_flex.pos=+89.60 wrist_flex.pos=+77.71 wrist_roll.pos=+0.65 gripper.pos=+1.60
DEBUG 2026-08-19 07:34:06 [action #10] t=1.10s step=3213 queue=41 dmax=0.710 | shoulder_pan.pos=-5.78 shoulder_lift.pos=-101.68 elbow_flex.pos=+88.89 wrist_flex.pos=+77.80 wrist_roll.pos=+0.72 gripper.pos=+1.62
DEBUG 2026-08-19 07:34:06 [action #11] t=1.14s step=3214 queue=40 dmax=0.296 | shoulder_pan.pos=-5.87 shoulder_lift.pos=-101.89 elbow_flex.pos=+89.16 wrist_flex.pos=+77.51 wrist_roll.pos=+0.72 gripper.pos=+1.62
DEBUG 2026-08-19 07:34:06 [action #12] t=1.17s step=3215 queue=39 dmax=0.645 | shoulder_pan.pos=-5.82 shoulder_lift.pos=-101.24 elbow_flex.pos=+88.97 wrist_flex.pos=+77.79 wrist_roll.pos=+0.70 gripper.pos=+1.55
DEBUG 2026-08-19 07:34:06 [action #13] t=1.20s step=3216 queue=38 dmax=0.175 | shoulder_pan.pos=-5.91 shoulder_lift.pos=-101.14 elbow_flex.pos=+88.89 wrist_flex.pos=+77.62 wrist_roll.pos=+0.77 gripper.pos=+1.58
DEBUG 2026-08-19 07:34:06 [action #14] t=1.24s step=3217 queue=37 dmax=0.318 | shoulder_pan.pos=-6.02 shoulder_lift.pos=-100.95 elbow_flex.pos=+89.04 wrist_flex.pos=+77.94 wrist_roll.pos=+0.74 gripper.pos=+1.58
DEBUG 2026-08-19 07:34:06 [action #15] t=1.27s step=3218 queue=36 dmax=0.487 | shoulder_pan.pos=-5.80 shoulder_lift.pos=-101.43 elbow_flex.pos=+88.80 wrist_flex.pos=+77.94 wrist_roll.pos=+0.79 gripper.pos=+1.56
DEBUG 2026-08-19 07:34:06 [action #16] t=1.30s step=3219 queue=35 dmax=0.617 | shoulder_pan.pos=-5.60 shoulder_lift.pos=-102.05 elbow_flex.pos=+89.18 wrist_flex.pos=+77.53 wrist_roll.pos=+0.78 gripper.pos=+1.55
DEBUG 2026-08-19 07:34:06 [action #17] t=1.34s step=3220 queue=34 dmax=0.578 | shoulder_pan.pos=-5.84 shoulder_lift.pos=-101.47 elbow_flex.pos=+89.03 wrist_flex.pos=+77.94 wrist_roll.pos=+0.71 gripper.pos=+1.63
DEBUG 2026-08-19 07:34:06 [action #18] t=1.37s step=3221 queue=33 dmax=0.198 | shoulder_pan.pos=-5.80 shoulder_lift.pos=-101.28 elbow_flex.pos=+89.17 wrist_flex.pos=+77.93 wrist_roll.pos=+0.75 gripper.pos=+1.61
DEBUG 2026-08-19 07:34:06 [action #19] t=1.40s step=3222 queue=32 dmax=0.654 | shoulder_pan.pos=-5.86 shoulder_lift.pos=-101.55 elbow_flex.pos=+89.82 wrist_flex.pos=+77.62 wrist_roll.pos=+0.78 gripper.pos=+1.64
DEBUG 2026-08-19 07:34:06 [action #20] t=1.44s step=3223 queue=31 dmax=1.181 | shoulder_pan.pos=-5.67 shoulder_lift.pos=-101.34 elbow_flex.pos=+88.64 wrist_flex.pos=+77.63 wrist_roll.pos=+0.83 gripper.pos=+1.47
DEBUG 2026-08-19 07:34:06 [action #21] t=1.47s step=3224 queue=30 dmax=0.996 | shoulder_pan.pos=-5.73 shoulder_lift.pos=-102.34 elbow_flex.pos=+89.44 wrist_flex.pos=+77.66 wrist_roll.pos=+0.72 gripper.pos=+1.60
DEBUG 2026-08-19 07:34:06 [action #22] t=1.51s step=3225 queue=29 dmax=0.624 | shoulder_pan.pos=-5.86 shoulder_lift.pos=-101.71 elbow_flex.pos=+89.36 wrist_flex.pos=+77.82 wrist_roll.pos=+0.87 gripper.pos=+1.54
DEBUG 2026-08-19 07:34:06 [action #23] t=1.54s step=3226 queue=28 dmax=0.338 | shoulder_pan.pos=-5.62 shoulder_lift.pos=-101.91 elbow_flex.pos=+89.02 wrist_flex.pos=+77.60 wrist_roll.pos=+0.79 gripper.pos=+1.51
DEBUG 2026-08-19 07:34:06 [action #24] t=1.57s step=3227 queue=27 dmax=0.727 | shoulder_pan.pos=-5.74 shoulder_lift.pos=-101.18 elbow_flex.pos=+89.11 wrist_flex.pos=+77.57 wrist_roll.pos=+0.76 gripper.pos=+1.57
DEBUG 2026-08-19 07:34:06 [action #25] t=1.61s step=3228 queue=26 dmax=0.346 | shoulder_pan.pos=-5.85 shoulder_lift.pos=-101.19 elbow_flex.pos=+89.46 wrist_flex.pos=+77.55 wrist_roll.pos=+0.72 gripper.pos=+1.57
DEBUG 2026-08-19 07:34:06 [action #26] t=1.64s step=3229 queue=25 dmax=0.469 | shoulder_pan.pos=-5.65 shoulder_lift.pos=-101.16 elbow_flex.pos=+88.99 wrist_flex.pos=+77.61 wrist_roll.pos=+0.76 gripper.pos=+1.54
DEBUG 2026-08-19 07:34:06 [action #27] t=1.67s step=3230 queue=24 dmax=0.261 | shoulder_pan.pos=-5.72 shoulder_lift.pos=-101.42 elbow_flex.pos=+89.21 wrist_flex.pos=+77.85 wrist_roll.pos=+0.80 gripper.pos=+1.53
DEBUG 2026-08-19 07:34:06 [chunk] received 50 actions, timesteps 0..49 | first: shoulder_pan.pos=-4.83 shoulder_lift.pos=-101.44 elbow_flex.pos=+88.39 wrist_flex.pos=+75.25 wrist_roll.pos=-0.14 gripper.pos=+1.87 | last: shoulder_pan.pos=-8.27 shoulder_lift.pos=-82.18 elbow_flex.pos=+75.40 wrist_flex.pos=+57.97 wrist_roll.pos=-6.41 gripper.pos=+1.71
DEBUG 2026-08-19 07:34:06 [action #28] t=1.71s step=3231 queue=23 dmax=0.478 | shoulder_pan.pos=-5.93 shoulder_lift.pos=-101.78 elbow_flex.pos=+88.74 wrist_flex.pos=+77.60 wrist_roll.pos=+0.73 gripper.pos=+1.60
DEBUG 2026-08-19 07:34:07 [chunk] received 50 actions, timesteps 3230..3279 | first: shoulder_pan.pos=-5.54 shoulder_lift.pos=-102.71 elbow_flex.pos=+88.58 wrist_flex.pos=+75.54 wrist_roll.pos=+0.46 gripper.pos=+1.88 | last: shoulder_pan.pos=-8.29 shoulder_lift.pos=-97.84 elbow_flex.pos=+82.10 wrist_flex.pos=+60.78 wrist_roll.pos=-2.76 gripper.pos=+1.59
DEBUG 2026-08-19 07:34:07 [action #29] t=2.61s step=3232 queue=48 dmax=2.854 | shoulder_pan.pos=-5.29 shoulder_lift.pos=-102.39 elbow_flex.pos=+88.69 wrist_flex.pos=+74.75 wrist_roll.pos=+0.51 gripper.pos=+1.92
DEBUG 2026-08-19 07:34:07 [action #30] t=2.64s step=3233 queue=47 dmax=0.458 | shoulder_pan.pos=-5.42 shoulder_lift.pos=-102.58 elbow_flex.pos=+88.99 wrist_flex.pos=+74.29 wrist_roll.pos=+0.49 gripper.pos=+1.90
DEBUG 2026-08-19 07:34:07 [action #31] t=2.68s step=3234 queue=46 dmax=0.544 | shoulder_pan.pos=-5.67 shoulder_lift.pos=-102.08 elbow_flex.pos=+88.79 wrist_flex.pos=+73.74 wrist_roll.pos=+0.55 gripper.pos=+1.83
DEBUG 2026-08-19 07:34:07 [action #32] t=2.71s step=3235 queue=45 dmax=0.605 | shoulder_pan.pos=-5.57 shoulder_lift.pos=-102.65 elbow_flex.pos=+89.33 wrist_flex.pos=+73.14 wrist_roll.pos=+0.56 gripper.pos=+1.80
DEBUG 2026-08-19 07:34:07 [action #33] t=2.74s step=3236 queue=44 dmax=0.373 | shoulder_pan.pos=-5.52 shoulder_lift.pos=-102.33 elbow_flex.pos=+89.49 wrist_flex.pos=+72.77 wrist_roll.pos=+0.47 gripper.pos=+1.80
DEBUG 2026-08-19 07:34:07 [action #34] t=2.78s step=3237 queue=43 dmax=0.591 | shoulder_pan.pos=-5.58 shoulder_lift.pos=-102.57 elbow_flex.pos=+89.68 wrist_flex.pos=+72.18 wrist_roll.pos=+0.49 gripper.pos=+1.79
DEBUG 2026-08-19 07:34:07 [action #35] t=2.81s step=3238 queue=42 dmax=0.464 | shoulder_pan.pos=-5.48 shoulder_lift.pos=-102.46 elbow_flex.pos=+89.83 wrist_flex.pos=+71.71 wrist_roll.pos=+0.48 gripper.pos=+1.82
DEBUG 2026-08-19 07:34:07 [action #36] t=2.84s step=3239 queue=41 dmax=0.687 | shoulder_pan.pos=-5.55 shoulder_lift.pos=-102.73 elbow_flex.pos=+89.88 wrist_flex.pos=+71.02 wrist_roll.pos=+0.55 gripper.pos=+1.72
DEBUG 2026-08-19 07:34:07 [action #37] t=2.88s step=3240 queue=40 dmax=0.345 | shoulder_pan.pos=-5.55 shoulder_lift.pos=-102.52 elbow_flex.pos=+90.20 wrist_flex.pos=+70.68 wrist_roll.pos=+0.49 gripper.pos=+1.71
DEBUG 2026-08-19 07:34:07 [action #38] t=2.91s step=3241 queue=39 dmax=0.857 | shoulder_pan.pos=-5.51 shoulder_lift.pos=-103.38 elbow_flex.pos=+90.18 wrist_flex.pos=+70.01 wrist_roll.pos=+0.54 gripper.pos=+1.80
DEBUG 2026-08-19 07:34:07 [action #39] t=2.94s step=3242 queue=38 dmax=0.838 | shoulder_pan.pos=-5.42 shoulder_lift.pos=-102.54 elbow_flex.pos=+89.94 wrist_flex.pos=+69.62 wrist_roll.pos=+0.45 gripper.pos=+1.78
DEBUG 2026-08-19 07:34:07 [action #40] t=2.98s step=3243 queue=37 dmax=0.710 | shoulder_pan.pos=-5.33 shoulder_lift.pos=-102.71 elbow_flex.pos=+90.03 wrist_flex.pos=+68.91 wrist_roll.pos=+0.47 gripper.pos=+1.88
DEBUG 2026-08-19 07:34:07 [action #41] t=3.01s step=3244 queue=36 dmax=0.797 | shoulder_pan.pos=-5.45 shoulder_lift.pos=-102.73 elbow_flex.pos=+90.32 wrist_flex.pos=+68.12 wrist_roll.pos=+0.37 gripper.pos=+1.89
DEBUG 2026-08-19 07:34:07 [action #42] t=3.04s step=3245 queue=35 dmax=0.942 | shoulder_pan.pos=-5.27 shoulder_lift.pos=-102.67 elbow_flex.pos=+90.45 wrist_flex.pos=+67.17 wrist_roll.pos=+0.32 gripper.pos=+1.90
DEBUG 2026-08-19 07:34:08 [action #43] t=3.08s step=3246 queue=34 dmax=0.955 | shoulder_pan.pos=-5.38 shoulder_lift.pos=-102.56 elbow_flex.pos=+90.66 wrist_flex.pos=+66.22 wrist_roll.pos=+0.27 gripper.pos=+1.90
DEBUG 2026-08-19 07:34:08 [action #44] t=3.11s step=3247 queue=33 dmax=0.874 | shoulder_pan.pos=-5.51 shoulder_lift.pos=-103.05 elbow_flex.pos=+90.20 wrist_flex.pos=+65.34 wrist_roll.pos=+0.25 gripper.pos=+1.90
DEBUG 2026-08-19 07:34:08 [action #45] t=3.14s step=3248 queue=32 dmax=0.541 | shoulder_pan.pos=-5.42 shoulder_lift.pos=-102.66 elbow_flex.pos=+90.04 wrist_flex.pos=+64.80 wrist_roll.pos=+0.27 gripper.pos=+1.91
DEBUG 2026-08-19 07:34:08 [action #46] t=3.18s step=3249 queue=31 dmax=0.567 | shoulder_pan.pos=-5.60 shoulder_lift.pos=-103.18 elbow_flex.pos=+90.61 wrist_flex.pos=+64.36 wrist_roll.pos=+0.30 gripper.pos=+1.82
DEBUG 2026-08-19 07:34:08 [action #47] t=3.21s step=3250 queue=30 dmax=0.688 | shoulder_pan.pos=-5.52 shoulder_lift.pos=-102.81 elbow_flex.pos=+89.92 wrist_flex.pos=+63.91 wrist_roll.pos=+0.33 gripper.pos=+1.94
DEBUG 2026-08-19 07:34:08 [action #48] t=3.24s step=3251 queue=29 dmax=0.371 | shoulder_pan.pos=-5.89 shoulder_lift.pos=-102.66 elbow_flex.pos=+89.90 wrist_flex.pos=+63.61 wrist_roll.pos=+0.31 gripper.pos=+1.83
DEBUG 2026-08-19 07:34:08 [action #49] t=3.28s step=3252 queue=28 dmax=0.631 | shoulder_pan.pos=-5.77 shoulder_lift.pos=-103.12 elbow_flex.pos=+90.53 wrist_flex.pos=+63.20 wrist_roll.pos=+0.36 gripper.pos=+1.96
DEBUG 2026-08-19 07:34:08 [action #50] t=3.31s step=3253 queue=27 dmax=1.000 | shoulder_pan.pos=-5.65 shoulder_lift.pos=-102.94 elbow_flex.pos=+89.53 wrist_flex.pos=+63.12 wrist_roll.pos=+0.38 gripper.pos=+1.90
DEBUG 2026-08-19 07:34:08 [action #51] t=3.35s step=3254 queue=26 dmax=0.428 | shoulder_pan.pos=-5.40 shoulder_lift.pos=-103.10 elbow_flex.pos=+89.96 wrist_flex.pos=+62.92 wrist_roll.pos=+0.28 gripper.pos=+1.85
DEBUG 2026-08-19 07:34:08 [action #52] t=3.38s step=3255 queue=25 dmax=0.643 | shoulder_pan.pos=-5.67 shoulder_lift.pos=-102.45 elbow_flex.pos=+89.60 wrist_flex.pos=+62.88 wrist_roll.pos=+0.28 gripper.pos=+1.91
DEBUG 2026-08-19 07:34:08 [chunk] received 50 actions, timesteps 3231..3280 | first: shoulder_pan.pos=-6.57 shoulder_lift.pos=-103.00 elbow_flex.pos=+88.69 wrist_flex.pos=+76.21 wrist_roll.pos=+0.52 gripper.pos=+1.81 | last: shoulder_pan.pos=-6.14 shoulder_lift.pos=-100.58 elbow_flex.pos=+80.02 wrist_flex.pos=+58.95 wrist_roll.pos=-1.79 gripper.pos=+1.83
DEBUG 2026-08-19 07:34:08 [action #53] t=3.41s step=3256 queue=25 dmax=1.004 | shoulder_pan.pos=-5.57 shoulder_lift.pos=-102.45 elbow_flex.pos=+89.30 wrist_flex.pos=+61.87 wrist_roll.pos=+0.46 gripper.pos=+1.89
DEBUG 2026-08-19 07:34:08 [action #54] t=3.45s step=3257 queue=24 dmax=0.296 | shoulder_pan.pos=-5.53 shoulder_lift.pos=-102.43 elbow_flex.pos=+89.00 wrist_flex.pos=+61.93 wrist_roll.pos=+0.42 gripper.pos=+1.84
DEBUG 2026-08-19 07:34:08 [action #55] t=3.48s step=3258 queue=23 dmax=0.165 | shoulder_pan.pos=-5.55 shoulder_lift.pos=-102.26 elbow_flex.pos=+88.94 wrist_flex.pos=+61.83 wrist_roll.pos=+0.47 gripper.pos=+1.80
DEBUG 2026-08-19 07:34:08 [action #56] t=3.51s step=3259 queue=22 dmax=0.502 | shoulder_pan.pos=-5.58 shoulder_lift.pos=-102.30 elbow_flex.pos=+88.44 wrist_flex.pos=+61.78 wrist_roll.pos=+0.48 gripper.pos=+1.78
DEBUG 2026-08-19 07:34:08 [action #57] t=3.55s step=3260 queue=21 dmax=0.084 | shoulder_pan.pos=-5.63 shoulder_lift.pos=-102.22 elbow_flex.pos=+88.45 wrist_flex.pos=+61.80 wrist_roll.pos=+0.49 gripper.pos=+1.76
DEBUG 2026-08-19 07:34:08 [action #58] t=3.58s step=3261 queue=20 dmax=0.436 | shoulder_pan.pos=-5.53 shoulder_lift.pos=-101.89 elbow_flex.pos=+88.02 wrist_flex.pos=+61.91 wrist_roll.pos=+0.48 gripper.pos=+1.83
DEBUG 2026-08-19 07:34:08 [action #59] t=3.61s step=3262 queue=19 dmax=0.213 | shoulder_pan.pos=-5.57 shoulder_lift.pos=-102.10 elbow_flex.pos=+87.93 wrist_flex.pos=+61.85 wrist_roll.pos=+0.51 gripper.pos=+1.80
DEBUG 2026-08-19 07:34:08 [action #60] t=3.65s step=3263 queue=18 dmax=0.433 | shoulder_pan.pos=-5.67 shoulder_lift.pos=-101.74 elbow_flex.pos=+87.50 wrist_flex.pos=+61.83 wrist_roll.pos=+0.46 gripper.pos=+1.77
DEBUG 2026-08-19 07:34:08 [action #61] t=3.68s step=3264 queue=17 dmax=0.197 | shoulder_pan.pos=-5.71 shoulder_lift.pos=-101.69 elbow_flex.pos=+87.30 wrist_flex.pos=+61.85 wrist_roll.pos=+0.50 gripper.pos=+1.67
DEBUG 2026-08-19 07:34:08 [action #62] t=3.71s step=3265 queue=16 dmax=0.630 | shoulder_pan.pos=-5.76 shoulder_lift.pos=-101.73 elbow_flex.pos=+86.67 wrist_flex.pos=+61.74 wrist_roll.pos=+0.52 gripper.pos=+1.71
DEBUG 2026-08-19 07:34:08 [action #63] t=3.75s step=3266 queue=15 dmax=0.209 | shoulder_pan.pos=-5.74 shoulder_lift.pos=-101.85 elbow_flex.pos=+86.68 wrist_flex.pos=+61.53 wrist_roll.pos=+0.48 gripper.pos=+1.81
DEBUG 2026-08-19 07:34:08 [action #64] t=3.78s step=3267 queue=14 dmax=0.481 | shoulder_pan.pos=-5.86 shoulder_lift.pos=-101.61 elbow_flex.pos=+86.20 wrist_flex.pos=+61.41 wrist_roll.pos=+0.43 gripper.pos=+1.75
DEBUG 2026-08-19 07:34:08 [action #65] t=3.81s step=3268 queue=13 dmax=0.234 | shoulder_pan.pos=-5.74 shoulder_lift.pos=-101.71 elbow_flex.pos=+86.05 wrist_flex.pos=+61.17 wrist_roll.pos=+0.36 gripper.pos=+1.75
DEBUG 2026-08-19 07:34:08 [action #66] t=3.85s step=3269 queue=12 dmax=0.498 | shoulder_pan.pos=-5.81 shoulder_lift.pos=-101.67 elbow_flex.pos=+85.56 wrist_flex.pos=+60.99 wrist_roll.pos=+0.30 gripper.pos=+1.75
DEBUG 2026-08-19 07:34:08 [action #67] t=3.88s step=3270 queue=11 dmax=0.417 | shoulder_pan.pos=-5.84 shoulder_lift.pos=-101.58 elbow_flex.pos=+85.14 wrist_flex.pos=+60.79 wrist_roll.pos=+0.10 gripper.pos=+1.81
DEBUG 2026-08-19 07:34:08 [action #68] t=3.91s step=3271 queue=10 dmax=0.290 | shoulder_pan.pos=-5.96 shoulder_lift.pos=-101.51 elbow_flex.pos=+84.89 wrist_flex.pos=+60.67 wrist_roll.pos=-0.19 gripper.pos=+1.72
DEBUG 2026-08-19 07:34:08 [action #69] t=3.95s step=3272 queue=9 dmax=0.886 | shoulder_pan.pos=-5.89 shoulder_lift.pos=-101.21 elbow_flex.pos=+84.00 wrist_flex.pos=+60.40 wrist_roll.pos=-0.38 gripper.pos=+1.68
DEBUG 2026-08-19 07:34:08 [action #70] t=3.98s step=3273 queue=8 dmax=0.581 | shoulder_pan.pos=-5.94 shoulder_lift.pos=-101.14 elbow_flex.pos=+83.80 wrist_flex.pos=+60.22 wrist_roll.pos=-0.96 gripper.pos=+1.62
DEBUG 2026-08-19 07:34:08 [action #71] t=4.01s step=3274 queue=7 dmax=0.801 | shoulder_pan.pos=-6.08 shoulder_lift.pos=-101.21 elbow_flex.pos=+83.00 wrist_flex.pos=+60.02 wrist_roll.pos=-1.15 gripper.pos=+1.67
DEBUG 2026-08-19 07:34:08 [action #72] t=4.05s step=3275 queue=6 dmax=0.446 | shoulder_pan.pos=-5.99 shoulder_lift.pos=-100.95 elbow_flex.pos=+82.56 wrist_flex.pos=+60.02 wrist_roll.pos=-1.39 gripper.pos=+1.68
DEBUG 2026-08-19 07:34:09 [action #73] t=4.08s step=3276 queue=5 dmax=0.528 | shoulder_pan.pos=-6.19 shoulder_lift.pos=-101.04 elbow_flex.pos=+82.03 wrist_flex.pos=+59.94 wrist_roll.pos=-1.58 gripper.pos=+1.68
DEBUG 2026-08-19 07:34:09 [action #74] t=4.11s step=3277 queue=4 dmax=0.534 | shoulder_pan.pos=-6.46 shoulder_lift.pos=-100.50 elbow_flex.pos=+81.52 wrist_flex.pos=+60.03 wrist_roll.pos=-1.77 gripper.pos=+1.60
DEBUG 2026-08-19 07:34:09 [action #75] t=4.15s step=3278 queue=3 dmax=0.541 | shoulder_pan.pos=-6.62 shoulder_lift.pos=-100.37 elbow_flex.pos=+80.97 wrist_flex.pos=+59.79 wrist_roll.pos=-1.94 gripper.pos=+1.72
DEBUG 2026-08-19 07:34:09 [action #76] t=4.18s step=3279 queue=2 dmax=0.530 | shoulder_pan.pos=-6.86 shoulder_lift.pos=-99.96 elbow_flex.pos=+80.45 wrist_flex.pos=+59.61 wrist_roll.pos=-2.07 gripper.pos=+1.64
DEBUG 2026-08-19 07:34:09 [action #77] t=4.21s step=3280 queue=1 dmax=0.715 | shoulder_pan.pos=-6.14 shoulder_lift.pos=-100.58 elbow_flex.pos=+80.02 wrist_flex.pos=+58.95 wrist_roll.pos=-1.79 gripper.pos=+1.83
DEBUG 2026-08-19 07:34:09 [chunk] received 50 actions, timesteps 3255..3304 | first: shoulder_pan.pos=-6.35 shoulder_lift.pos=-101.28 elbow_flex.pos=+90.20 wrist_flex.pos=+64.02 wrist_roll.pos=+0.08 gripper.pos=+1.60 | last: shoulder_pan.pos=-7.85 shoulder_lift.pos=-72.22 elbow_flex.pos=+71.88 wrist_flex.pos=+53.03 wrist_roll.pos=-5.19 gripper.pos=+1.53
DEBUG 2026-08-19 07:34:09 [action #78] t=4.28s step=3281 queue=24 dmax=7.733 | shoulder_pan.pos=-7.01 shoulder_lift.pos=-101.00 elbow_flex.pos=+87.75 wrist_flex.pos=+61.55 wrist_roll.pos=+0.74 gripper.pos=+1.45
DEBUG 2026-08-19 07:34:09 [action #79] t=4.32s step=3282 queue=23 dmax=0.393 | shoulder_pan.pos=-7.26 shoulder_lift.pos=-100.85 elbow_flex.pos=+87.36 wrist_flex.pos=+61.25 wrist_roll.pos=+0.72 gripper.pos=+1.29
DEBUG 2026-08-19 07:34:09 [action #80] t=4.35s step=3283 queue=22 dmax=0.276 | shoulder_pan.pos=-7.17 shoulder_lift.pos=-101.09 elbow_flex.pos=+87.26 wrist_flex.pos=+60.98 wrist_roll.pos=+0.63 gripper.pos=+1.38
DEBUG 2026-08-19 07:34:09 [action #81] t=4.38s step=3284 queue=21 dmax=0.448 | shoulder_pan.pos=-7.34 shoulder_lift.pos=-101.01 elbow_flex.pos=+87.21 wrist_flex.pos=+60.53 wrist_roll.pos=+0.57 gripper.pos=+1.30
DEBUG 2026-08-19 07:34:09 [action #82] t=4.42s step=3285 queue=20 dmax=0.477 | shoulder_pan.pos=-7.33 shoulder_lift.pos=-100.54 elbow_flex.pos=+86.88 wrist_flex.pos=+60.49 wrist_roll.pos=+0.49 gripper.pos=+1.41
DEBUG 2026-08-19 07:34:09 [action #83] t=4.45s step=3286 queue=19 dmax=0.329 | shoulder_pan.pos=-7.66 shoulder_lift.pos=-100.54 elbow_flex.pos=+86.82 wrist_flex.pos=+60.23 wrist_roll.pos=+0.31 gripper.pos=+1.43
DEBUG 2026-08-19 07:34:09 [action #84] t=4.48s step=3287 queue=18 dmax=0.710 | shoulder_pan.pos=-7.40 shoulder_lift.pos=-99.95 elbow_flex.pos=+86.11 wrist_flex.pos=+60.25 wrist_roll.pos=+0.07 gripper.pos=+1.34
DEBUG 2026-08-19 07:34:09 [action #85] t=4.52s step=3288 queue=17 dmax=0.227 | shoulder_pan.pos=-7.61 shoulder_lift.pos=-99.98 elbow_flex.pos=+85.89 wrist_flex.pos=+60.15 wrist_roll.pos=-0.16 gripper.pos=+1.34
DEBUG 2026-08-19 07:34:09 [action #86] t=4.55s step=3289 queue=16 dmax=0.468 | shoulder_pan.pos=-7.55 shoulder_lift.pos=-99.51 elbow_flex.pos=+85.87 wrist_flex.pos=+60.11 wrist_roll.pos=-0.46 gripper.pos=+1.40
DEBUG 2026-08-19 07:34:09 [action #87] t=4.58s step=3290 queue=15 dmax=1.181 | shoulder_pan.pos=-7.33 shoulder_lift.pos=-98.33 elbow_flex.pos=+85.55 wrist_flex.pos=+59.69 wrist_roll.pos=-1.06 gripper.pos=+1.42
DEBUG 2026-08-19 07:34:09 [action #88] t=4.62s step=3291 queue=14 dmax=1.740 | shoulder_pan.pos=-7.17 shoulder_lift.pos=-96.59 elbow_flex.pos=+85.07 wrist_flex.pos=+59.06 wrist_roll.pos=-1.72 gripper.pos=+1.40
DEBUG 2026-08-19 07:34:09 [action #89] t=4.65s step=3292 queue=13 dmax=2.158 | shoulder_pan.pos=-7.26 shoulder_lift.pos=-94.43 elbow_flex.pos=+84.18 wrist_flex.pos=+58.27 wrist_roll.pos=-2.52 gripper.pos=+1.41
DEBUG 2026-08-19 07:34:09 [action #90] t=4.68s step=3293 queue=12 dmax=2.390 | shoulder_pan.pos=-7.07 shoulder_lift.pos=-92.04 elbow_flex.pos=+83.18 wrist_flex.pos=+57.42 wrist_roll.pos=-3.16 gripper.pos=+1.37
DEBUG 2026-08-19 07:34:09 [action #91] t=4.72s step=3294 queue=11 dmax=2.081 | shoulder_pan.pos=-7.18 shoulder_lift.pos=-89.96 elbow_flex.pos=+82.36 wrist_flex.pos=+56.71 wrist_roll.pos=-3.58 gripper.pos=+1.39
DEBUG 2026-08-19 07:34:09 [action #92] t=4.75s step=3295 queue=10 dmax=1.961 | shoulder_pan.pos=-7.11 shoulder_lift.pos=-88.00 elbow_flex.pos=+81.09 wrist_flex.pos=+56.25 wrist_roll.pos=-3.81 gripper.pos=+1.32
DEBUG 2026-08-19 07:34:09 [action #93] t=4.78s step=3296 queue=9 dmax=1.960 | shoulder_pan.pos=-7.30 shoulder_lift.pos=-86.04 elbow_flex.pos=+80.47 wrist_flex.pos=+55.67 wrist_roll.pos=-3.85 gripper.pos=+1.47
DEBUG 2026-08-19 07:34:09 [action #94] t=4.82s step=3297 queue=8 dmax=1.503 | shoulder_pan.pos=-7.35 shoulder_lift.pos=-84.54 elbow_flex.pos=+79.79 wrist_flex.pos=+55.31 wrist_roll.pos=-3.78 gripper.pos=+1.45
DEBUG 2026-08-19 07:34:09 [action #95] t=4.85s step=3298 queue=7 dmax=2.433 | shoulder_pan.pos=-7.24 shoulder_lift.pos=-82.11 elbow_flex.pos=+78.66 wrist_flex.pos=+54.80 wrist_roll.pos=-3.84 gripper.pos=+1.61
DEBUG 2026-08-19 07:34:09 [action #96] t=4.88s step=3299 queue=6 dmax=1.511 | shoulder_pan.pos=-7.39 shoulder_lift.pos=-80.59 elbow_flex.pos=+77.52 wrist_flex.pos=+54.34 wrist_roll.pos=-3.84 gripper.pos=+1.53
DEBUG 2026-08-19 07:34:09 [action #97] t=4.92s step=3300 queue=5 dmax=2.327 | shoulder_pan.pos=-7.53 shoulder_lift.pos=-78.27 elbow_flex.pos=+76.43 wrist_flex.pos=+54.00 wrist_roll.pos=-4.12 gripper.pos=+1.58
DEBUG 2026-08-19 07:34:09 [action #98] t=4.95s step=3301 queue=4 dmax=1.482 | shoulder_pan.pos=-7.59 shoulder_lift.pos=-76.78 elbow_flex.pos=+74.99 wrist_flex.pos=+53.65 wrist_roll.pos=-4.39 gripper.pos=+1.68
DEBUG 2026-08-19 07:34:09 [action #99] t=4.98s step=3302 queue=3 dmax=1.468 | shoulder_pan.pos=-7.36 shoulder_lift.pos=-75.32 elbow_flex.pos=+74.29 wrist_flex.pos=+53.57 wrist_roll.pos=-4.70 gripper.pos=+1.83
DEBUG 2026-08-19 07:34:09 [action #100] t=5.02s step=3303 queue=2 dmax=1.987 | shoulder_pan.pos=-7.66 shoulder_lift.pos=-73.33 elbow_flex.pos=+73.06 wrist_flex.pos=+53.39 wrist_roll.pos=-4.93 gripper.pos=+1.82
DEBUG 2026-08-19 07:34:09 [action #101] t=5.05s step=3304 queue=1 dmax=1.185 | shoulder_pan.pos=-7.85 shoulder_lift.pos=-72.22 elbow_flex.pos=+71.88 wrist_flex.pos=+53.03 wrist_roll.pos=-5.19 gripper.pos=+1.53
DEBUG 2026-08-19 07:34:10 [chunk] received 50 actions, timesteps 3280..3329 | first: shoulder_pan.pos=-7.55 shoulder_lift.pos=-98.82 elbow_flex.pos=+80.00 wrist_flex.pos=+60.21 wrist_roll.pos=-1.94 gripper.pos=+1.46 | last: shoulder_pan.pos=-8.23 shoulder_lift.pos=-22.75 elbow_flex.pos=+33.55 wrist_flex.pos=+46.80 wrist_roll.pos=-7.34 gripper.pos=+1.14
DEBUG 2026-08-19 07:34:10 [action #102] t=5.35s step=3305 queue=25 dmax=11.729 | shoulder_pan.pos=-8.11 shoulder_lift.pos=-60.49 elbow_flex.pos=+61.88 wrist_flex.pos=+49.35 wrist_roll.pos=-3.43 gripper.pos=+1.02
DEBUG 2026-08-19 07:34:10 [action #103] t=5.39s step=3306 queue=24 dmax=1.953 | shoulder_pan.pos=-8.03 shoulder_lift.pos=-58.53 elbow_flex.pos=+60.32 wrist_flex.pos=+49.05 wrist_roll.pos=-3.68 gripper.pos=+0.95
DEBUG 2026-08-19 07:34:10 [action #104] t=5.42s step=3307 queue=23 dmax=2.422 | shoulder_pan.pos=-8.02 shoulder_lift.pos=-56.11 elbow_flex.pos=+58.79 wrist_flex.pos=+48.91 wrist_roll.pos=-4.18 gripper.pos=+0.96
DEBUG 2026-08-19 07:34:10 [action #105] t=5.45s step=3308 queue=22 dmax=2.063 | shoulder_pan.pos=-7.94 shoulder_lift.pos=-54.05 elbow_flex.pos=+57.20 wrist_flex.pos=+48.65 wrist_roll.pos=-4.75 gripper.pos=+0.79
DEBUG 2026-08-19 07:34:10 [action #106] t=5.49s step=3309 queue=21 dmax=2.070 | shoulder_pan.pos=-7.87 shoulder_lift.pos=-51.98 elbow_flex.pos=+55.79 wrist_flex.pos=+48.30 wrist_roll.pos=-5.47 gripper.pos=+0.82
DEBUG 2026-08-19 07:34:10 [action #107] t=5.52s step=3310 queue=20 dmax=2.126 | shoulder_pan.pos=-7.95 shoulder_lift.pos=-49.85 elbow_flex.pos=+54.36 wrist_flex.pos=+48.02 wrist_roll.pos=-6.06 gripper.pos=+0.75
DEBUG 2026-08-19 07:34:10 [action #108] t=5.55s step=3311 queue=19 dmax=2.027 | shoulder_pan.pos=-7.90 shoulder_lift.pos=-47.83 elbow_flex.pos=+53.17 wrist_flex.pos=+47.57 wrist_roll.pos=-6.88 gripper.pos=+0.88
DEBUG 2026-08-19 07:34:10 [action #109] t=5.59s step=3312 queue=18 dmax=1.818 | shoulder_pan.pos=-8.10 shoulder_lift.pos=-46.01 elbow_flex.pos=+51.93 wrist_flex.pos=+47.58 wrist_roll.pos=-7.19 gripper.pos=+0.81
DEBUG 2026-08-19 07:34:10 [action #110] t=5.62s step=3313 queue=17 dmax=1.750 | shoulder_pan.pos=-8.12 shoulder_lift.pos=-44.26 elbow_flex.pos=+50.91 wrist_flex.pos=+47.27 wrist_roll.pos=-7.31 gripper.pos=+0.86
DEBUG 2026-08-19 07:34:10 [action #111] t=5.65s step=3314 queue=16 dmax=1.465 | shoulder_pan.pos=-8.12 shoulder_lift.pos=-42.79 elbow_flex.pos=+49.67 wrist_flex.pos=+47.30 wrist_roll.pos=-7.37 gripper.pos=+0.96
DEBUG 2026-08-19 07:34:10 [action #112] t=5.69s step=3315 queue=15 dmax=1.419 | shoulder_pan.pos=-8.07 shoulder_lift.pos=-41.45 elbow_flex.pos=+48.25 wrist_flex.pos=+47.03 wrist_roll.pos=-7.30 gripper.pos=+0.91
DEBUG 2026-08-19 07:34:10 [action #113] t=5.72s step=3316 queue=14 dmax=1.583 | shoulder_pan.pos=-8.23 shoulder_lift.pos=-39.87 elbow_flex.pos=+47.41 wrist_flex.pos=+47.00 wrist_roll.pos=-7.25 gripper.pos=+0.96
DEBUG 2026-08-19 07:34:10 [action #114] t=5.75s step=3317 queue=13 dmax=1.390 | shoulder_pan.pos=-8.27 shoulder_lift.pos=-38.48 elbow_flex.pos=+46.14 wrist_flex.pos=+47.05 wrist_roll.pos=-7.22 gripper.pos=+0.95
DEBUG 2026-08-19 07:34:10 [action #115] t=5.79s step=3318 queue=12 dmax=1.443 | shoulder_pan.pos=-8.32 shoulder_lift.pos=-37.03 elbow_flex.pos=+45.06 wrist_flex.pos=+46.84 wrist_roll.pos=-7.17 gripper.pos=+0.88
DEBUG 2026-08-19 07:34:10 [action #116] t=5.82s step=3319 queue=11 dmax=1.416 | shoulder_pan.pos=-8.40 shoulder_lift.pos=-35.83 elbow_flex.pos=+43.64 wrist_flex.pos=+46.97 wrist_roll.pos=-7.16 gripper.pos=+0.97
DEBUG 2026-08-19 07:34:10 [action #117] t=5.85s step=3320 queue=10 dmax=1.114 | shoulder_pan.pos=-8.41 shoulder_lift.pos=-34.77 elbow_flex.pos=+42.53 wrist_flex.pos=+46.94 wrist_roll.pos=-7.17 gripper.pos=+0.93
DEBUG 2026-08-19 07:34:10 [action #118] t=5.89s step=3321 queue=9 dmax=1.140 | shoulder_pan.pos=-8.34 shoulder_lift.pos=-33.63 elbow_flex.pos=+42.10 wrist_flex.pos=+47.07 wrist_roll.pos=-7.19 gripper.pos=+0.92
DEBUG 2026-08-19 07:34:10 [action #119] t=5.92s step=3322 queue=8 dmax=0.849 | shoulder_pan.pos=-8.41 shoulder_lift.pos=-32.78 elbow_flex.pos=+41.34 wrist_flex.pos=+47.08 wrist_roll.pos=-7.18 gripper.pos=+0.89
DEBUG 2026-08-19 07:34:10 [action #120] t=5.95s step=3323 queue=7 dmax=1.230 | shoulder_pan.pos=-8.48 shoulder_lift.pos=-31.86 elbow_flex.pos=+40.11 wrist_flex.pos=+46.99 wrist_roll.pos=-7.13 gripper.pos=+1.05
DEBUG 2026-08-19 07:34:10 [action #121] t=5.99s step=3324 queue=6 dmax=1.156 | shoulder_pan.pos=-8.44 shoulder_lift.pos=-30.70 elbow_flex.pos=+39.49 wrist_flex.pos=+47.02 wrist_roll.pos=-7.26 gripper.pos=+0.94
DEBUG 2026-08-19 07:34:10 [action #122] t=6.02s step=3325 queue=5 dmax=1.710 | shoulder_pan.pos=-8.35 shoulder_lift.pos=-28.99 elbow_flex.pos=+38.12 wrist_flex.pos=+46.76 wrist_roll.pos=-7.25 gripper.pos=+0.94
DEBUG 2026-08-19 07:34:10 [action #123] t=6.05s step=3326 queue=4 dmax=1.773 | shoulder_pan.pos=-8.46 shoulder_lift.pos=-27.22 elbow_flex.pos=+37.33 wrist_flex.pos=+46.73 wrist_roll.pos=-7.28 gripper.pos=+1.04
DEBUG 2026-08-19 07:34:11 [action #124] t=6.09s step=3327 queue=3 dmax=1.517 | shoulder_pan.pos=-8.19 shoulder_lift.pos=-25.85 elbow_flex.pos=+35.81 wrist_flex.pos=+46.93 wrist_roll.pos=-7.32 gripper.pos=+1.04
DEBUG 2026-08-19 07:34:11 [action #125] t=6.12s step=3328 queue=2 dmax=1.873 | shoulder_pan.pos=-8.26 shoulder_lift.pos=-23.98 elbow_flex.pos=+34.53 wrist_flex.pos=+46.59 wrist_roll.pos=-7.29 gripper.pos=+1.12
DEBUG 2026-08-19 07:34:11 [action #126] t=6.15s step=3329 queue=1 dmax=1.233 | shoulder_pan.pos=-8.23 shoulder_lift.pos=-22.75 elbow_flex.pos=+33.55 wrist_flex.pos=+46.80 wrist_roll.pos=-7.34 gripper.pos=+1.14
DEBUG 2026-08-19 07:34:11 [chunk] received 50 actions, timesteps 3304..3353 | first: shoulder_pan.pos=-8.28 shoulder_lift.pos=-71.44 elbow_flex.pos=+71.64 wrist_flex.pos=+52.89 wrist_roll.pos=-5.41 gripper.pos=+1.57 | last: shoulder_pan.pos=-9.07 shoulder_lift.pos=-3.28 elbow_flex.pos=+17.33 wrist_flex.pos=+55.79 wrist_roll.pos=-10.48 gripper.pos=+2.33
DEBUG 2026-08-19 07:34:11 [action #127] t=6.19s step=3330 queue=24 dmax=16.476 | shoulder_pan.pos=-10.90 shoulder_lift.pos=-36.61 elbow_flex.pos=+50.03 wrist_flex.pos=+46.13 wrist_roll.pos=-7.13 gripper.pos=+1.12
DEBUG 2026-08-19 07:34:11 [action #128] t=6.22s step=3331 queue=23 dmax=1.229 | shoulder_pan.pos=-11.18 shoulder_lift.pos=-35.46 elbow_flex.pos=+48.80 wrist_flex.pos=+46.01 wrist_roll.pos=-7.36 gripper.pos=+1.44
DEBUG 2026-08-19 07:34:11 [action #129] t=6.25s step=3332 queue=22 dmax=1.415 | shoulder_pan.pos=-10.88 shoulder_lift.pos=-34.04 elbow_flex.pos=+47.94 wrist_flex.pos=+46.49 wrist_roll.pos=-7.49 gripper.pos=+1.25
DEBUG 2026-08-19 07:34:11 [action #130] t=6.29s step=3333 queue=21 dmax=1.898 | shoulder_pan.pos=-10.81 shoulder_lift.pos=-32.15 elbow_flex.pos=+46.23 wrist_flex.pos=+46.51 wrist_roll.pos=-7.46 gripper.pos=+1.24
DEBUG 2026-08-19 07:34:11 [action #131] t=6.32s step=3334 queue=20 dmax=1.145 | shoulder_pan.pos=-10.74 shoulder_lift.pos=-31.28 elbow_flex.pos=+45.08 wrist_flex.pos=+46.85 wrist_roll.pos=-7.57 gripper.pos=+1.59
DEBUG 2026-08-19 07:34:11 [action #132] t=6.36s step=3335 queue=19 dmax=1.546 | shoulder_pan.pos=-10.26 shoulder_lift.pos=-30.03 elbow_flex.pos=+43.54 wrist_flex.pos=+47.27 wrist_roll.pos=-7.74 gripper.pos=+1.36
DEBUG 2026-08-19 07:34:11 [action #133] t=6.39s step=3336 queue=18 dmax=1.816 | shoulder_pan.pos=-10.51 shoulder_lift.pos=-28.22 elbow_flex.pos=+42.42 wrist_flex.pos=+47.91 wrist_roll.pos=-7.68 gripper.pos=+1.42
DEBUG 2026-08-19 07:34:11 [action #134] t=6.42s step=3337 queue=17 dmax=1.254 | shoulder_pan.pos=-10.48 shoulder_lift.pos=-26.96 elbow_flex.pos=+41.24 wrist_flex.pos=+48.34 wrist_roll.pos=-7.80 gripper.pos=+1.38
DEBUG 2026-08-19 07:34:11 [action #135] t=6.46s step=3338 queue=16 dmax=2.198 | shoulder_pan.pos=-10.28 shoulder_lift.pos=-26.41 elbow_flex.pos=+39.04 wrist_flex.pos=+49.30 wrist_roll.pos=-7.85 gripper.pos=+1.35
DEBUG 2026-08-19 07:34:11 [action #136] t=6.49s step=3339 queue=15 dmax=1.839 | shoulder_pan.pos=-10.41 shoulder_lift.pos=-24.72 elbow_flex.pos=+37.20 wrist_flex.pos=+49.92 wrist_roll.pos=-7.89 gripper.pos=+1.02
DEBUG 2026-08-19 07:34:11 [action #137] t=6.52s step=3340 queue=14 dmax=2.029 | shoulder_pan.pos=-10.11 shoulder_lift.pos=-22.69 elbow_flex.pos=+35.84 wrist_flex.pos=+50.28 wrist_roll.pos=-8.17 gripper.pos=+1.49
DEBUG 2026-08-19 07:34:11 [action #138] t=6.56s step=3341 queue=13 dmax=2.591 | shoulder_pan.pos=-10.06 shoulder_lift.pos=-20.10 elbow_flex.pos=+34.39 wrist_flex.pos=+51.02 wrist_roll.pos=-8.29 gripper.pos=+1.45
DEBUG 2026-08-19 07:34:11 [action #139] t=6.59s step=3342 queue=12 dmax=1.815 | shoulder_pan.pos=-9.84 shoulder_lift.pos=-18.72 elbow_flex.pos=+32.58 wrist_flex.pos=+52.13 wrist_roll.pos=-8.55 gripper.pos=+1.34
DEBUG 2026-08-19 07:34:11 [action #140] t=6.62s step=3343 queue=11 dmax=1.643 | shoulder_pan.pos=-9.43 shoulder_lift.pos=-17.35 elbow_flex.pos=+30.93 wrist_flex.pos=+52.76 wrist_roll.pos=-8.85 gripper.pos=+1.35
DEBUG 2026-08-19 07:34:11 [action #141] t=6.66s step=3344 queue=10 dmax=2.506 | shoulder_pan.pos=-9.41 shoulder_lift.pos=-15.69 elbow_flex.pos=+28.43 wrist_flex.pos=+53.34 wrist_roll.pos=-9.13 gripper.pos=+1.28
DEBUG 2026-08-19 07:34:11 [action #142] t=6.69s step=3345 queue=9 dmax=1.770 | shoulder_pan.pos=-9.56 shoulder_lift.pos=-13.92 elbow_flex.pos=+27.09 wrist_flex.pos=+53.66 wrist_roll.pos=-9.48 gripper.pos=+1.32
DEBUG 2026-08-19 07:34:11 [action #143] t=6.72s step=3346 queue=8 dmax=1.588 | shoulder_pan.pos=-9.68 shoulder_lift.pos=-12.33 elbow_flex.pos=+26.79 wrist_flex.pos=+54.14 wrist_roll.pos=-9.82 gripper.pos=+1.27
DEBUG 2026-08-19 07:34:11 [action #144] t=6.76s step=3347 queue=7 dmax=2.161 | shoulder_pan.pos=-9.23 shoulder_lift.pos=-11.31 elbow_flex.pos=+24.63 wrist_flex.pos=+54.08 wrist_roll.pos=-10.30 gripper.pos=+1.50
DEBUG 2026-08-19 07:34:11 [action #145] t=6.79s step=3348 queue=6 dmax=1.796 | shoulder_pan.pos=-9.45 shoulder_lift.pos=-9.54 elbow_flex.pos=+22.83 wrist_flex.pos=+54.25 wrist_roll.pos=-10.34 gripper.pos=+1.46
DEBUG 2026-08-19 07:34:11 [action #146] t=6.82s step=3349 queue=5 dmax=1.559 | shoulder_pan.pos=-9.14 shoulder_lift.pos=-7.98 elbow_flex.pos=+22.48 wrist_flex.pos=+54.62 wrist_roll.pos=-10.51 gripper.pos=+1.52
DEBUG 2026-08-19 07:34:11 [action #147] t=6.86s step=3350 queue=4 dmax=1.747 | shoulder_pan.pos=-9.17 shoulder_lift.pos=-6.23 elbow_flex.pos=+21.16 wrist_flex.pos=+54.79 wrist_roll.pos=-10.39 gripper.pos=+1.68
DEBUG 2026-08-19 07:34:11 [action #148] t=6.89s step=3351 queue=3 dmax=1.139 | shoulder_pan.pos=-9.00 shoulder_lift.pos=-5.25 elbow_flex.pos=+20.02 wrist_flex.pos=+55.08 wrist_roll.pos=-10.49 gripper.pos=+1.90
DEBUG 2026-08-19 07:34:11 [action #149] t=6.92s step=3352 queue=2 dmax=1.511 | shoulder_pan.pos=-9.24 shoulder_lift.pos=-4.29 elbow_flex.pos=+18.51 wrist_flex.pos=+55.21 wrist_roll.pos=-10.52 gripper.pos=+1.84
DEBUG 2026-08-19 07:34:11 [action #150] t=6.96s step=3353 queue=1 dmax=1.175 | shoulder_pan.pos=-9.07 shoulder_lift.pos=-3.28 elbow_flex.pos=+17.33 wrist_flex.pos=+55.79 wrist_roll.pos=-10.48 gripper.pos=+2.33
DEBUG 2026-08-19 07:34:11 [chunk] received 50 actions, timesteps 3329..3378 | first: shoulder_pan.pos=-7.65 shoulder_lift.pos=-20.56 elbow_flex.pos=+34.07 wrist_flex.pos=+47.86 wrist_roll.pos=-7.04 gripper.pos=+1.95 | last: shoulder_pan.pos=-5.21 shoulder_lift.pos=+27.97 elbow_flex.pos=-10.55 wrist_flex.pos=+65.39 wrist_roll.pos=-6.85 gripper.pos=+25.83
DEBUG 2026-08-19 07:34:11 [action #151] t=7.06s step=3354 queue=25 dmax=21.962 | shoulder_pan.pos=-7.33 shoulder_lift.pos=+9.68 elbow_flex.pos=+7.81 wrist_flex.pos=+59.29 wrist_roll.pos=-8.82 gripper.pos=+24.29
DEBUG 2026-08-19 07:34:12 [action #152] t=7.09s step=3355 queue=24 dmax=1.309 | shoulder_pan.pos=-7.51 shoulder_lift.pos=+10.99 elbow_flex.pos=+7.03 wrist_flex.pos=+59.79 wrist_roll.pos=-8.72 gripper.pos=+24.56
DEBUG 2026-08-19 07:34:12 [action #153] t=7.12s step=3356 queue=23 dmax=1.137 | shoulder_pan.pos=-7.36 shoulder_lift.pos=+12.01 elbow_flex.pos=+5.90 wrist_flex.pos=+60.15 wrist_roll.pos=-8.60 gripper.pos=+24.82
DEBUG 2026-08-19 07:34:12 [action #154] t=7.16s step=3357 queue=22 dmax=0.586 | shoulder_pan.pos=-7.02 shoulder_lift.pos=+12.20 elbow_flex.pos=+5.72 wrist_flex.pos=+60.43 wrist_roll.pos=-8.59 gripper.pos=+25.41
DEBUG 2026-08-19 07:34:12 [action #155] t=7.19s step=3358 queue=21 dmax=1.627 | shoulder_pan.pos=-7.27 shoulder_lift.pos=+13.59 elbow_flex.pos=+4.09 wrist_flex.pos=+60.83 wrist_roll.pos=-8.41 gripper.pos=+25.71
DEBUG 2026-08-19 07:34:12 [action #156] t=7.22s step=3359 queue=20 dmax=1.046 | shoulder_pan.pos=-7.02 shoulder_lift.pos=+14.54 elbow_flex.pos=+3.05 wrist_flex.pos=+61.10 wrist_roll.pos=-8.55 gripper.pos=+25.83
DEBUG 2026-08-19 07:34:12 [action #157] t=7.26s step=3360 queue=19 dmax=0.820 | shoulder_pan.pos=-7.15 shoulder_lift.pos=+15.37 elbow_flex.pos=+2.59 wrist_flex.pos=+61.80 wrist_roll.pos=-8.32 gripper.pos=+25.84
DEBUG 2026-08-19 07:34:12 [action #158] t=7.29s step=3361 queue=18 dmax=1.506 | shoulder_pan.pos=-6.85 shoulder_lift.pos=+16.87 elbow_flex.pos=+2.04 wrist_flex.pos=+61.98 wrist_roll.pos=-8.27 gripper.pos=+25.74
DEBUG 2026-08-19 07:34:12 [action #159] t=7.33s step=3362 queue=17 dmax=1.685 | shoulder_pan.pos=-6.80 shoulder_lift.pos=+18.36 elbow_flex.pos=+0.36 wrist_flex.pos=+62.78 wrist_roll.pos=-8.15 gripper.pos=+25.63
DEBUG 2026-08-19 07:34:12 [action #160] t=7.36s step=3363 queue=16 dmax=1.453 | shoulder_pan.pos=-7.01 shoulder_lift.pos=+18.44 elbow_flex.pos=-1.09 wrist_flex.pos=+63.39 wrist_roll.pos=-8.10 gripper.pos=+25.72
DEBUG 2026-08-19 07:34:12 [action #161] t=7.39s step=3364 queue=15 dmax=1.127 | shoulder_pan.pos=-6.70 shoulder_lift.pos=+19.57 elbow_flex.pos=-1.41 wrist_flex.pos=+63.64 wrist_roll.pos=-8.13 gripper.pos=+25.78
DEBUG 2026-08-19 07:34:12 [action #162] t=7.43s step=3365 queue=14 dmax=0.989 | shoulder_pan.pos=-6.84 shoulder_lift.pos=+20.01 elbow_flex.pos=-2.40 wrist_flex.pos=+64.12 wrist_roll.pos=-8.06 gripper.pos=+25.99
DEBUG 2026-08-19 07:34:12 [action #163] t=7.46s step=3366 queue=13 dmax=1.178 | shoulder_pan.pos=-6.91 shoulder_lift.pos=+21.18 elbow_flex.pos=-3.07 wrist_flex.pos=+64.28 wrist_roll.pos=-7.89 gripper.pos=+25.98
DEBUG 2026-08-19 07:34:12 [action #164] t=7.49s step=3367 queue=12 dmax=0.895 | shoulder_pan.pos=-6.66 shoulder_lift.pos=+22.08 elbow_flex.pos=-3.78 wrist_flex.pos=+64.66 wrist_roll.pos=-8.03 gripper.pos=+25.83
DEBUG 2026-08-19 07:34:12 [action #165] t=7.53s step=3368 queue=11 dmax=1.180 | shoulder_pan.pos=-6.66 shoulder_lift.pos=+23.26 elbow_flex.pos=-4.27 wrist_flex.pos=+64.74 wrist_roll.pos=-7.97 gripper.pos=+25.92
DEBUG 2026-08-19 07:34:12 [action #166] t=7.56s step=3369 queue=10 dmax=0.400 | shoulder_pan.pos=-6.26 shoulder_lift.pos=+23.14 elbow_flex.pos=-4.42 wrist_flex.pos=+64.75 wrist_roll.pos=-7.91 gripper.pos=+25.87
DEBUG 2026-08-19 07:34:12 [action #167] t=7.59s step=3370 queue=9 dmax=1.603 | shoulder_pan.pos=-6.37 shoulder_lift.pos=+24.65 elbow_flex.pos=-6.03 wrist_flex.pos=+64.92 wrist_roll.pos=-7.74 gripper.pos=+25.76
DEBUG 2026-08-19 07:34:12 [action #168] t=7.63s step=3371 queue=8 dmax=0.630 | shoulder_pan.pos=-6.30 shoulder_lift.pos=+24.38 elbow_flex.pos=-6.66 wrist_flex.pos=+64.97 wrist_roll.pos=-7.71 gripper.pos=+25.90
DEBUG 2026-08-19 07:34:12 [action #169] t=7.66s step=3372 queue=7 dmax=0.474 | shoulder_pan.pos=-5.91 shoulder_lift.pos=+24.86 elbow_flex.pos=-7.00 wrist_flex.pos=+65.12 wrist_roll.pos=-7.45 gripper.pos=+25.82
DEBUG 2026-08-19 07:34:12 [action #170] t=7.69s step=3373 queue=6 dmax=1.262 | shoulder_pan.pos=-5.76 shoulder_lift.pos=+26.12 elbow_flex.pos=-7.26 wrist_flex.pos=+64.95 wrist_roll.pos=-7.42 gripper.pos=+25.82
DEBUG 2026-08-19 07:34:12 [action #171] t=7.73s step=3374 queue=5 dmax=1.097 | shoulder_pan.pos=-5.43 shoulder_lift.pos=+26.10 elbow_flex.pos=-8.36 wrist_flex.pos=+64.96 wrist_roll.pos=-7.30 gripper.pos=+25.84
DEBUG 2026-08-19 07:34:12 [action #172] t=7.76s step=3375 queue=4 dmax=0.595 | shoulder_pan.pos=-5.42 shoulder_lift.pos=+26.33 elbow_flex.pos=-8.96 wrist_flex.pos=+65.06 wrist_roll.pos=-7.14 gripper.pos=+25.93
DEBUG 2026-08-19 07:34:12 [action #173] t=7.79s step=3376 queue=3 dmax=0.833 | shoulder_pan.pos=-5.37 shoulder_lift.pos=+27.17 elbow_flex.pos=-9.48 wrist_flex.pos=+65.26 wrist_roll.pos=-7.11 gripper.pos=+25.86
DEBUG 2026-08-19 07:34:12 [action #174] t=7.83s step=3377 queue=2 dmax=0.775 | shoulder_pan.pos=-5.05 shoulder_lift.pos=+27.94 elbow_flex.pos=-9.78 wrist_flex.pos=+65.24 wrist_roll.pos=-6.97 gripper.pos=+25.88
DEBUG 2026-08-19 07:34:12 [action #175] t=7.86s step=3378 queue=1 dmax=0.764 | shoulder_pan.pos=-5.21 shoulder_lift.pos=+27.97 elbow_flex.pos=-10.55 wrist_flex.pos=+65.39 wrist_roll.pos=-6.85 gripper.pos=+25.83
DEBUG 2026-08-19 07:34:12 [chunk] received 50 actions, timesteps 3353..3402 | first: shoulder_pan.pos=-9.58 shoulder_lift.pos=+1.22 elbow_flex.pos=+13.53 wrist_flex.pos=+54.72 wrist_roll.pos=-10.71 gripper.pos=+6.20 | last: shoulder_pan.pos=-9.44 shoulder_lift.pos=+38.19 elbow_flex.pos=-26.89 wrist_flex.pos=+75.26 wrist_roll.pos=-10.12 gripper.pos=+29.04
DEBUG 2026-08-19 07:34:12 [action #176] t=7.96s step=3379 queue=24 dmax=8.617 | shoulder_pan.pos=-9.14 shoulder_lift.pos=+19.35 elbow_flex.pos=-4.45 wrist_flex.pos=+63.17 wrist_roll.pos=-8.78 gripper.pos=+29.48
DEBUG 2026-08-19 07:34:12 [action #177] t=7.99s step=3380 queue=23 dmax=1.897 | shoulder_pan.pos=-9.30 shoulder_lift.pos=+21.25 elbow_flex.pos=-5.95 wrist_flex.pos=+63.94 wrist_roll.pos=-8.63 gripper.pos=+29.47
DEBUG 2026-08-19 07:34:12 [action #178] t=8.03s step=3381 queue=22 dmax=1.194 | shoulder_pan.pos=-9.56 shoulder_lift.pos=+21.48 elbow_flex.pos=-7.14 wrist_flex.pos=+64.40 wrist_roll.pos=-8.78 gripper.pos=+29.60
DEBUG 2026-08-19 07:34:12 [action #179] t=8.06s step=3382 queue=21 dmax=1.143 | shoulder_pan.pos=-9.48 shoulder_lift.pos=+22.62 elbow_flex.pos=-7.97 wrist_flex.pos=+65.04 wrist_roll.pos=-8.69 gripper.pos=+29.60
DEBUG 2026-08-19 07:34:13 [action #180] t=8.09s step=3383 queue=20 dmax=0.851 | shoulder_pan.pos=-9.36 shoulder_lift.pos=+23.36 elbow_flex.pos=-8.82 wrist_flex.pos=+65.55 wrist_roll.pos=-8.72 gripper.pos=+29.64
DEBUG 2026-08-19 07:34:13 [action #181] t=8.13s step=3384 queue=19 dmax=1.169 | shoulder_pan.pos=-9.37 shoulder_lift.pos=+24.52 elbow_flex.pos=-9.85 wrist_flex.pos=+65.84 wrist_roll.pos=-8.79 gripper.pos=+29.72
DEBUG 2026-08-19 07:34:13 [action #182] t=8.16s step=3385 queue=18 dmax=0.656 | shoulder_pan.pos=-9.27 shoulder_lift.pos=+24.60 elbow_flex.pos=-10.51 wrist_flex.pos=+66.42 wrist_roll.pos=-8.84 gripper.pos=+29.45
DEBUG 2026-08-19 07:34:13 [action #183] t=8.20s step=3386 queue=17 dmax=1.544 | shoulder_pan.pos=-9.46 shoulder_lift.pos=+26.14 elbow_flex.pos=-11.55 wrist_flex.pos=+66.76 wrist_roll.pos=-8.71 gripper.pos=+29.38
DEBUG 2026-08-19 07:34:13 [action #184] t=8.23s step=3387 queue=16 dmax=0.525 | shoulder_pan.pos=-9.38 shoulder_lift.pos=+26.51 elbow_flex.pos=-11.63 wrist_flex.pos=+67.28 wrist_roll.pos=-8.94 gripper.pos=+29.52
DEBUG 2026-08-19 07:34:13 [action #185] t=8.26s step=3388 queue=15 dmax=1.317 | shoulder_pan.pos=-9.73 shoulder_lift.pos=+27.82 elbow_flex.pos=-12.47 wrist_flex.pos=+67.24 wrist_roll.pos=-9.00 gripper.pos=+29.41
DEBUG 2026-08-19 07:34:13 [action #186] t=8.30s step=3389 queue=14 dmax=0.570 | shoulder_pan.pos=-9.18 shoulder_lift.pos=+27.87 elbow_flex.pos=-13.04 wrist_flex.pos=+67.25 wrist_roll.pos=-8.83 gripper.pos=+29.35
DEBUG 2026-08-19 07:34:13 [action #187] t=8.33s step=3390 queue=13 dmax=0.730 | shoulder_pan.pos=-9.51 shoulder_lift.pos=+28.60 elbow_flex.pos=-13.58 wrist_flex.pos=+67.31 wrist_roll.pos=-8.93 gripper.pos=+29.14
DEBUG 2026-08-19 07:34:13 [action #188] t=8.36s step=3391 queue=12 dmax=0.691 | shoulder_pan.pos=-9.60 shoulder_lift.pos=+29.26 elbow_flex.pos=-14.28 wrist_flex.pos=+67.44 wrist_roll.pos=-8.93 gripper.pos=+29.19
DEBUG 2026-08-19 07:34:13 [action #189] t=8.40s step=3392 queue=11 dmax=0.979 | shoulder_pan.pos=-9.25 shoulder_lift.pos=+30.24 elbow_flex.pos=-15.19 wrist_flex.pos=+67.79 wrist_roll.pos=-9.02 gripper.pos=+29.13
DEBUG 2026-08-19 07:34:13 [action #190] t=8.43s step=3393 queue=10 dmax=0.995 | shoulder_pan.pos=-9.49 shoulder_lift.pos=+30.14 elbow_flex.pos=-16.18 wrist_flex.pos=+68.30 wrist_roll.pos=-9.07 gripper.pos=+29.08
DEBUG 2026-08-19 07:34:13 [action #191] t=8.46s step=3394 queue=9 dmax=1.027 | shoulder_pan.pos=-9.39 shoulder_lift.pos=+31.16 elbow_flex.pos=-16.81 wrist_flex.pos=+68.59 wrist_roll.pos=-9.37 gripper.pos=+29.02
DEBUG 2026-08-19 07:34:13 [action #192] t=8.50s step=3395 queue=8 dmax=0.949 | shoulder_pan.pos=-9.64 shoulder_lift.pos=+31.64 elbow_flex.pos=-17.76 wrist_flex.pos=+69.44 wrist_roll.pos=-9.18 gripper.pos=+28.85
DEBUG 2026-08-19 07:34:13 [action #193] t=8.53s step=3396 queue=7 dmax=2.308 | shoulder_pan.pos=-9.47 shoulder_lift.pos=+33.95 elbow_flex.pos=-18.87 wrist_flex.pos=+70.19 wrist_roll.pos=-9.41 gripper.pos=+29.04
DEBUG 2026-08-19 07:34:13 [action #194] t=8.56s step=3397 queue=6 dmax=1.672 | shoulder_pan.pos=-9.40 shoulder_lift.pos=+34.42 elbow_flex.pos=-20.54 wrist_flex.pos=+71.09 wrist_roll.pos=-9.51 gripper.pos=+28.90
DEBUG 2026-08-19 07:34:13 [action #195] t=8.60s step=3398 queue=5 dmax=1.269 | shoulder_pan.pos=-9.38 shoulder_lift.pos=+34.93 elbow_flex.pos=-21.81 wrist_flex.pos=+72.16 wrist_roll.pos=-9.73 gripper.pos=+29.07
DEBUG 2026-08-19 07:34:13 [action #196] t=8.63s step=3399 queue=4 dmax=1.178 | shoulder_pan.pos=-9.78 shoulder_lift.pos=+36.10 elbow_flex.pos=-22.82 wrist_flex.pos=+73.34 wrist_roll.pos=-9.70 gripper.pos=+29.17
DEBUG 2026-08-19 07:34:13 [action #197] t=8.66s step=3400 queue=3 dmax=1.686 | shoulder_pan.pos=-9.69 shoulder_lift.pos=+35.93 elbow_flex.pos=-24.51 wrist_flex.pos=+73.86 wrist_roll.pos=-9.88 gripper.pos=+29.13
DEBUG 2026-08-19 07:34:13 [action #198] t=8.70s step=3401 queue=2 dmax=1.222 | shoulder_pan.pos=-9.48 shoulder_lift.pos=+36.43 elbow_flex.pos=-25.73 wrist_flex.pos=+74.71 wrist_roll.pos=-10.09 gripper.pos=+29.17
DEBUG 2026-08-19 07:34:13 [action #199] t=8.73s step=3402 queue=1 dmax=1.758 | shoulder_pan.pos=-9.44 shoulder_lift.pos=+38.19 elbow_flex.pos=-26.89 wrist_flex.pos=+75.26 wrist_roll.pos=-10.12 gripper.pos=+29.04
DEBUG 2026-08-19 07:34:13 [chunk] received 50 actions, timesteps 3378..3427 | first: shoulder_pan.pos=-5.48 shoulder_lift.pos=+29.57 elbow_flex.pos=-17.14 wrist_flex.pos=+66.93 wrist_roll.pos=-7.04 gripper.pos=+25.54 | last: shoulder_pan.pos=-5.48 shoulder_lift.pos=+48.13 elbow_flex.pos=-46.19 wrist_flex.pos=+79.30 wrist_roll.pos=-5.04 gripper.pos=+4.39
DEBUG 2026-08-19 07:34:13 [action #200] t=8.83s step=3403 queue=25 dmax=11.830 | shoulder_pan.pos=-5.92 shoulder_lift.pos=+44.46 elbow_flex.pos=-38.72 wrist_flex.pos=+76.32 wrist_roll.pos=-6.66 gripper.pos=+26.95
DEBUG 2026-08-19 07:34:13 [action #201] t=8.86s step=3404 queue=24 dmax=0.169 | shoulder_pan.pos=-5.92 shoulder_lift.pos=+44.62 elbow_flex.pos=-38.88 wrist_flex.pos=+76.44 wrist_roll.pos=-6.76 gripper.pos=+26.87
DEBUG 2026-08-19 07:34:13 [action #202] t=8.90s step=3405 queue=23 dmax=1.190 | shoulder_pan.pos=-5.96 shoulder_lift.pos=+45.28 elbow_flex.pos=-40.07 wrist_flex.pos=+76.63 wrist_roll.pos=-6.65 gripper.pos=+26.99
DEBUG 2026-08-19 07:34:13 [action #203] t=8.93s step=3406 queue=22 dmax=0.270 | shoulder_pan.pos=-5.77 shoulder_lift.pos=+45.46 elbow_flex.pos=-40.01 wrist_flex.pos=+76.90 wrist_roll.pos=-6.55 gripper.pos=+27.04
DEBUG 2026-08-19 07:34:13 [action #204] t=8.96s step=3407 queue=21 dmax=0.529 | shoulder_pan.pos=-6.02 shoulder_lift.pos=+45.99 elbow_flex.pos=-40.30 wrist_flex.pos=+77.15 wrist_roll.pos=-6.61 gripper.pos=+27.02
DEBUG 2026-08-19 07:34:13 [action #205] t=9.00s step=3408 queue=20 dmax=0.370 | shoulder_pan.pos=-6.18 shoulder_lift.pos=+45.82 elbow_flex.pos=-40.59 wrist_flex.pos=+77.52 wrist_roll.pos=-6.60 gripper.pos=+27.03
DEBUG 2026-08-19 07:34:13 [action #206] t=9.03s step=3409 queue=19 dmax=0.495 | shoulder_pan.pos=-6.01 shoulder_lift.pos=+46.25 elbow_flex.pos=-40.67 wrist_flex.pos=+78.01 wrist_roll.pos=-6.50 gripper.pos=+26.84
DEBUG 2026-08-19 07:34:13 [action #207] t=9.06s step=3410 queue=18 dmax=1.089 | shoulder_pan.pos=-6.12 shoulder_lift.pos=+47.12 elbow_flex.pos=-41.76 wrist_flex.pos=+78.06 wrist_roll.pos=-6.41 gripper.pos=+26.16
DEBUG 2026-08-19 07:34:14 [action #208] t=9.10s step=3411 queue=17 dmax=1.270 | shoulder_pan.pos=-5.93 shoulder_lift.pos=+46.72 elbow_flex.pos=-42.12 wrist_flex.pos=+78.31 wrist_roll.pos=-6.43 gripper.pos=+24.89
DEBUG 2026-08-19 07:34:14 [action #209] t=9.13s step=3412 queue=16 dmax=1.884 | shoulder_pan.pos=-5.96 shoulder_lift.pos=+47.41 elbow_flex.pos=-42.93 wrist_flex.pos=+78.63 wrist_roll.pos=-6.28 gripper.pos=+23.01
DEBUG 2026-08-19 07:34:14 [action #210] t=9.16s step=3413 queue=15 dmax=2.425 | shoulder_pan.pos=-5.76 shoulder_lift.pos=+47.24 elbow_flex.pos=-42.94 wrist_flex.pos=+78.86 wrist_roll.pos=-6.31 gripper.pos=+20.58
DEBUG 2026-08-19 07:34:14 [action #211] t=9.20s step=3414 queue=14 dmax=2.713 | shoulder_pan.pos=-5.68 shoulder_lift.pos=+47.80 elbow_flex.pos=-43.52 wrist_flex.pos=+78.82 wrist_roll.pos=-6.20 gripper.pos=+17.87
DEBUG 2026-08-19 07:34:14 [action #212] t=9.23s step=3415 queue=13 dmax=3.048 | shoulder_pan.pos=-5.54 shoulder_lift.pos=+48.27 elbow_flex.pos=-43.32 wrist_flex.pos=+78.70 wrist_roll.pos=-6.16 gripper.pos=+14.82
DEBUG 2026-08-19 07:34:14 [action #213] t=9.26s step=3416 queue=12 dmax=2.686 | shoulder_pan.pos=-5.52 shoulder_lift.pos=+48.39 elbow_flex.pos=-43.55 wrist_flex.pos=+78.51 wrist_roll.pos=-5.94 gripper.pos=+12.13
DEBUG 2026-08-19 07:34:14 [action #214] t=9.30s step=3417 queue=11 dmax=2.448 | shoulder_pan.pos=-5.51 shoulder_lift.pos=+48.23 elbow_flex.pos=-43.90 wrist_flex.pos=+78.69 wrist_roll.pos=-5.80 gripper.pos=+9.68
DEBUG 2026-08-19 07:34:14 [action #215] t=9.33s step=3418 queue=10 dmax=2.089 | shoulder_pan.pos=-5.51 shoulder_lift.pos=+48.61 elbow_flex.pos=-44.03 wrist_flex.pos=+78.51 wrist_roll.pos=-5.77 gripper.pos=+7.60
DEBUG 2026-08-19 07:34:14 [action #216] t=9.37s step=3419 queue=9 dmax=1.599 | shoulder_pan.pos=-5.50 shoulder_lift.pos=+48.26 elbow_flex.pos=-44.01 wrist_flex.pos=+78.68 wrist_roll.pos=-5.76 gripper.pos=+6.00
DEBUG 2026-08-19 07:34:14 [action #217] t=9.40s step=3420 queue=8 dmax=1.213 | shoulder_pan.pos=-5.47 shoulder_lift.pos=+48.07 elbow_flex.pos=-44.57 wrist_flex.pos=+78.64 wrist_roll.pos=-5.65 gripper.pos=+4.78
DEBUG 2026-08-19 07:34:14 [action #218] t=9.43s step=3421 queue=7 dmax=0.404 | shoulder_pan.pos=-5.38 shoulder_lift.pos=+47.92 elbow_flex.pos=-44.67 wrist_flex.pos=+78.73 wrist_roll.pos=-5.47 gripper.pos=+4.38
DEBUG 2026-08-19 07:34:14 [action #219] t=9.47s step=3422 queue=6 dmax=0.471 | shoulder_pan.pos=-5.42 shoulder_lift.pos=+48.17 elbow_flex.pos=-44.56 wrist_flex.pos=+78.84 wrist_roll.pos=-5.41 gripper.pos=+3.91
DEBUG 2026-08-19 07:34:14 [action #220] t=9.50s step=3423 queue=5 dmax=0.325 | shoulder_pan.pos=-5.63 shoulder_lift.pos=+48.20 elbow_flex.pos=-44.88 wrist_flex.pos=+79.09 wrist_roll.pos=-5.30 gripper.pos=+3.98
DEBUG 2026-08-19 07:34:14 [action #221] t=9.53s step=3424 queue=4 dmax=0.499 | shoulder_pan.pos=-5.33 shoulder_lift.pos=+48.70 elbow_flex.pos=-45.21 wrist_flex.pos=+78.90 wrist_roll.pos=-5.28 gripper.pos=+3.97
DEBUG 2026-08-19 07:34:14 [action #222] t=9.57s step=3425 queue=3 dmax=0.288 | shoulder_pan.pos=-5.49 shoulder_lift.pos=+48.42 elbow_flex.pos=-45.47 wrist_flex.pos=+79.05 wrist_roll.pos=-5.15 gripper.pos=+4.12
DEBUG 2026-08-19 07:34:14 [action #223] t=9.60s step=3426 queue=2 dmax=0.962 | shoulder_pan.pos=-5.58 shoulder_lift.pos=+48.14 elbow_flex.pos=-46.43 wrist_flex.pos=+79.28 wrist_roll.pos=-5.14 gripper.pos=+4.20
DEBUG 2026-08-19 07:34:14 [action #224] t=9.63s step=3427 queue=1 dmax=0.241 | shoulder_pan.pos=-5.48 shoulder_lift.pos=+48.13 elbow_flex.pos=-46.19 wrist_flex.pos=+79.30 wrist_roll.pos=-5.04 gripper.pos=+4.39
DEBUG 2026-08-19 07:34:14 [chunk] received 50 actions, timesteps 3402..3451 | first: shoulder_pan.pos=-9.14 shoulder_lift.pos=+37.15 elbow_flex.pos=-30.98 wrist_flex.pos=+75.35 wrist_roll.pos=-8.49 gripper.pos=+29.87 | last: shoulder_pan.pos=-7.31 shoulder_lift.pos=+49.80 elbow_flex.pos=-49.78 wrist_flex.pos=+83.04 wrist_roll.pos=-5.67 gripper.pos=+6.96
DEBUG 2026-08-19 07:34:14 [action #225] t=9.67s step=3428 queue=24 dmax=25.118 | shoulder_pan.pos=-9.38 shoulder_lift.pos=+48.82 elbow_flex.pos=-47.83 wrist_flex.pos=+83.87 wrist_roll.pos=-7.06 gripper.pos=+29.51
DEBUG 2026-08-19 07:34:14 [action #226] t=9.70s step=3429 queue=23 dmax=0.387 | shoulder_pan.pos=-9.34 shoulder_lift.pos=+49.14 elbow_flex.pos=-48.18 wrist_flex.pos=+84.25 wrist_roll.pos=-7.16 gripper.pos=+29.56
DEBUG 2026-08-19 07:34:14 [action #227] t=9.73s step=3430 queue=22 dmax=0.252 | shoulder_pan.pos=-9.37 shoulder_lift.pos=+49.03 elbow_flex.pos=-48.22 wrist_flex.pos=+84.51 wrist_roll.pos=-7.12 gripper.pos=+29.57
DEBUG 2026-08-19 07:34:14 [action #228] t=9.77s step=3431 queue=21 dmax=0.364 | shoulder_pan.pos=-9.45 shoulder_lift.pos=+49.12 elbow_flex.pos=-48.59 wrist_flex.pos=+84.64 wrist_roll.pos=-7.07 gripper.pos=+29.55
DEBUG 2026-08-19 07:34:14 [action #229] t=9.80s step=3432 queue=20 dmax=0.191 | shoulder_pan.pos=-9.26 shoulder_lift.pos=+49.20 elbow_flex.pos=-48.71 wrist_flex.pos=+84.62 wrist_roll.pos=-7.03 gripper.pos=+29.60
DEBUG 2026-08-19 07:34:14 [action #230] t=9.83s step=3433 queue=19 dmax=0.124 | shoulder_pan.pos=-9.32 shoulder_lift.pos=+49.33 elbow_flex.pos=-48.73 wrist_flex.pos=+84.56 wrist_roll.pos=-7.00 gripper.pos=+29.58
DEBUG 2026-08-19 07:34:14 [action #231] t=9.87s step=3434 queue=18 dmax=0.573 | shoulder_pan.pos=-9.25 shoulder_lift.pos=+49.02 elbow_flex.pos=-48.16 wrist_flex.pos=+84.48 wrist_roll.pos=-6.97 gripper.pos=+29.65
DEBUG 2026-08-19 07:34:14 [action #232] t=9.90s step=3435 queue=17 dmax=0.562 | shoulder_pan.pos=-9.09 shoulder_lift.pos=+49.58 elbow_flex.pos=-48.44 wrist_flex.pos=+84.38 wrist_roll.pos=-6.86 gripper.pos=+29.63
DEBUG 2026-08-19 07:34:14 [action #233] t=9.93s step=3436 queue=16 dmax=0.492 | shoulder_pan.pos=-8.98 shoulder_lift.pos=+49.09 elbow_flex.pos=-48.43 wrist_flex.pos=+84.12 wrist_roll.pos=-6.83 gripper.pos=+29.36
DEBUG 2026-08-19 07:34:14 [action #234] t=9.97s step=3437 queue=15 dmax=0.975 | shoulder_pan.pos=-8.77 shoulder_lift.pos=+49.16 elbow_flex.pos=-48.37 wrist_flex.pos=+83.76 wrist_roll.pos=-6.69 gripper.pos=+28.38
DEBUG 2026-08-19 07:34:14 [action #235] t=10.00s step=3438 queue=14 dmax=1.652 | shoulder_pan.pos=-8.72 shoulder_lift.pos=+49.17 elbow_flex.pos=-48.77 wrist_flex.pos=+83.49 wrist_roll.pos=-6.63 gripper.pos=+26.73
DEBUG 2026-08-19 07:34:14 [action #236] t=10.03s step=3439 queue=13 dmax=2.395 | shoulder_pan.pos=-8.60 shoulder_lift.pos=+48.80 elbow_flex.pos=-48.33 wrist_flex.pos=+83.36 wrist_roll.pos=-6.59 gripper.pos=+24.33
DEBUG 2026-08-19 07:34:14 [action #237] t=10.07s step=3440 queue=12 dmax=2.477 | shoulder_pan.pos=-8.39 shoulder_lift.pos=+48.34 elbow_flex.pos=-48.28 wrist_flex.pos=+83.26 wrist_roll.pos=-6.40 gripper.pos=+21.86
DEBUG 2026-08-19 07:34:15 [action #238] t=10.10s step=3441 queue=11 dmax=2.703 | shoulder_pan.pos=-7.91 shoulder_lift.pos=+48.88 elbow_flex.pos=-48.14 wrist_flex.pos=+83.04 wrist_roll.pos=-6.36 gripper.pos=+19.15
DEBUG 2026-08-19 07:34:15 [action #239] t=10.13s step=3442 queue=10 dmax=2.576 | shoulder_pan.pos=-7.77 shoulder_lift.pos=+49.03 elbow_flex.pos=-48.45 wrist_flex.pos=+82.88 wrist_roll.pos=-6.26 gripper.pos=+16.58
DEBUG 2026-08-19 07:34:15 [action #240] t=10.17s step=3443 queue=9 dmax=2.284 | shoulder_pan.pos=-7.59 shoulder_lift.pos=+49.02 elbow_flex.pos=-48.13 wrist_flex.pos=+82.66 wrist_roll.pos=-6.06 gripper.pos=+14.29
DEBUG 2026-08-19 07:34:15 [action #241] t=10.20s step=3444 queue=8 dmax=2.141 | shoulder_pan.pos=-7.62 shoulder_lift.pos=+49.05 elbow_flex.pos=-48.27 wrist_flex.pos=+82.43 wrist_roll.pos=-5.93 gripper.pos=+12.15
DEBUG 2026-08-19 07:34:15 [action #242] t=10.23s step=3445 queue=7 dmax=1.726 | shoulder_pan.pos=-7.32 shoulder_lift.pos=+49.15 elbow_flex.pos=-47.92 wrist_flex.pos=+82.40 wrist_roll.pos=-5.78 gripper.pos=+10.42
DEBUG 2026-08-19 07:34:15 [action #243] t=10.27s step=3446 queue=6 dmax=1.323 | shoulder_pan.pos=-7.36 shoulder_lift.pos=+48.93 elbow_flex.pos=-48.22 wrist_flex.pos=+82.38 wrist_roll.pos=-5.74 gripper.pos=+9.10
DEBUG 2026-08-19 07:34:15 [action #244] t=10.30s step=3447 queue=5 dmax=0.875 | shoulder_pan.pos=-7.29 shoulder_lift.pos=+48.73 elbow_flex.pos=-47.89 wrist_flex.pos=+82.42 wrist_roll.pos=-5.62 gripper.pos=+8.23
DEBUG 2026-08-19 07:34:15 [action #245] t=10.34s step=3448 queue=4 dmax=0.516 | shoulder_pan.pos=-7.28 shoulder_lift.pos=+48.97 elbow_flex.pos=-48.13 wrist_flex.pos=+82.49 wrist_roll.pos=-5.72 gripper.pos=+7.71
DEBUG 2026-08-19 07:34:15 [action #246] t=10.37s step=3449 queue=3 dmax=0.213 | shoulder_pan.pos=-7.32 shoulder_lift.pos=+49.08 elbow_flex.pos=-48.34 wrist_flex.pos=+82.51 wrist_roll.pos=-5.65 gripper.pos=+7.59
DEBUG 2026-08-19 07:34:15 [action #247] t=10.40s step=3450 queue=2 dmax=0.605 | shoulder_pan.pos=-7.18 shoulder_lift.pos=+49.24 elbow_flex.pos=-48.95 wrist_flex.pos=+82.81 wrist_roll.pos=-5.70 gripper.pos=+7.39
DEBUG 2026-08-19 07:34:15 [action #248] t=10.44s step=3451 queue=1 dmax=0.830 | shoulder_pan.pos=-7.31 shoulder_lift.pos=+49.80 elbow_flex.pos=-49.78 wrist_flex.pos=+83.04 wrist_roll.pos=-5.67 gripper.pos=+6.96
DEBUG 2026-08-19 07:34:15 [chunk] received 50 actions, timesteps 3427..3476 | first: shoulder_pan.pos=-5.77 shoulder_lift.pos=+47.55 elbow_flex.pos=-52.96 wrist_flex.pos=+83.71 wrist_roll.pos=-5.80 gripper.pos=+5.67 | last: shoulder_pan.pos=-2.80 shoulder_lift.pos=+53.80 elbow_flex.pos=-56.36 wrist_flex.pos=+84.51 wrist_roll.pos=-4.62 gripper.pos=+14.35
DEBUG 2026-08-19 07:34:15 [action #249] t=10.77s step=3452 queue=25 dmax=21.296 | shoulder_pan.pos=-7.87 shoulder_lift.pos=+49.17 elbow_flex.pos=-59.37 wrist_flex.pos=+91.99 wrist_roll.pos=-5.87 gripper.pos=+28.26
DEBUG 2026-08-19 07:34:15 [action #250] t=10.80s step=3453 queue=24 dmax=0.413 | shoulder_pan.pos=-7.98 shoulder_lift.pos=+48.98 elbow_flex.pos=-59.29 wrist_flex.pos=+91.58 wrist_roll.pos=-5.85 gripper.pos=+28.48
DEBUG 2026-08-19 07:34:15 [action #251] t=10.84s step=3454 queue=23 dmax=0.305 | shoulder_pan.pos=-7.91 shoulder_lift.pos=+48.91 elbow_flex.pos=-59.08 wrist_flex.pos=+91.27 wrist_roll.pos=-5.80 gripper.pos=+28.40
DEBUG 2026-08-19 07:34:15 [action #252] t=10.87s step=3455 queue=22 dmax=0.323 | shoulder_pan.pos=-8.06 shoulder_lift.pos=+48.63 elbow_flex.pos=-59.09 wrist_flex.pos=+90.95 wrist_roll.pos=-5.76 gripper.pos=+28.24
DEBUG 2026-08-19 07:34:15 [action #253] t=10.90s step=3456 queue=21 dmax=0.552 | shoulder_pan.pos=-8.02 shoulder_lift.pos=+49.18 elbow_flex.pos=-59.15 wrist_flex.pos=+90.47 wrist_roll.pos=-5.76 gripper.pos=+27.96
DEBUG 2026-08-19 07:34:15 [action #254] t=10.94s step=3457 queue=20 dmax=0.481 | shoulder_pan.pos=-7.95 shoulder_lift.pos=+48.94 elbow_flex.pos=-59.06 wrist_flex.pos=+89.99 wrist_roll.pos=-5.69 gripper.pos=+27.70
DEBUG 2026-08-19 07:34:15 [action #255] t=10.97s step=3458 queue=19 dmax=0.575 | shoulder_pan.pos=-7.78 shoulder_lift.pos=+49.36 elbow_flex.pos=-58.94 wrist_flex.pos=+89.41 wrist_roll.pos=-5.62 gripper.pos=+27.52
DEBUG 2026-08-19 07:34:15 [action #256] t=11.00s step=3459 queue=18 dmax=0.893 | shoulder_pan.pos=-7.59 shoulder_lift.pos=+49.93 elbow_flex.pos=-58.99 wrist_flex.pos=+88.52 wrist_roll.pos=-5.57 gripper.pos=+27.46
DEBUG 2026-08-19 07:34:15 [action #257] t=11.04s step=3460 queue=17 dmax=0.531 | shoulder_pan.pos=-7.36 shoulder_lift.pos=+50.02 elbow_flex.pos=-58.96 wrist_flex.pos=+87.99 wrist_roll.pos=-5.57 gripper.pos=+27.34
DEBUG 2026-08-19 07:34:15 [action #258] t=11.07s step=3461 queue=16 dmax=0.895 | shoulder_pan.pos=-7.10 shoulder_lift.pos=+50.19 elbow_flex.pos=-58.06 wrist_flex.pos=+87.16 wrist_roll.pos=-5.49 gripper.pos=+27.31
DEBUG 2026-08-19 07:34:16 [action #259] t=11.10s step=3462 queue=15 dmax=0.531 | shoulder_pan.pos=-6.86 shoulder_lift.pos=+50.03 elbow_flex.pos=-58.22 wrist_flex.pos=+86.63 wrist_roll.pos=-5.46 gripper.pos=+27.25
DEBUG 2026-08-19 07:34:16 [action #260] t=11.14s step=3463 queue=14 dmax=0.870 | shoulder_pan.pos=-6.63 shoulder_lift.pos=+50.90 elbow_flex.pos=-57.75 wrist_flex.pos=+86.11 wrist_roll.pos=-5.38 gripper.pos=+27.15
DEBUG 2026-08-19 07:34:16 [action #261] t=11.17s step=3464 queue=13 dmax=0.465 | shoulder_pan.pos=-6.39 shoulder_lift.pos=+50.67 elbow_flex.pos=-57.46 wrist_flex.pos=+85.64 wrist_roll.pos=-5.42 gripper.pos=+27.29
DEBUG 2026-08-19 07:34:16 [action #262] t=11.20s step=3465 queue=12 dmax=0.444 | shoulder_pan.pos=-6.18 shoulder_lift.pos=+50.83 elbow_flex.pos=-57.10 wrist_flex.pos=+85.20 wrist_roll.pos=-5.29 gripper.pos=+27.11
DEBUG 2026-08-19 07:34:16 [action #263] t=11.24s step=3466 queue=11 dmax=0.878 | shoulder_pan.pos=-5.65 shoulder_lift.pos=+51.71 elbow_flex.pos=-57.26 wrist_flex.pos=+84.77 wrist_roll.pos=-5.31 gripper.pos=+27.08
DEBUG 2026-08-19 07:34:16 [action #264] t=11.27s step=3467 queue=10 dmax=0.673 | shoulder_pan.pos=-5.47 shoulder_lift.pos=+51.55 elbow_flex.pos=-56.58 wrist_flex.pos=+84.53 wrist_roll.pos=-5.20 gripper.pos=+26.67
DEBUG 2026-08-19 07:34:16 [action #265] t=11.30s step=3468 queue=9 dmax=0.893 | shoulder_pan.pos=-5.19 shoulder_lift.pos=+52.45 elbow_flex.pos=-56.22 wrist_flex.pos=+84.30 wrist_roll.pos=-5.18 gripper.pos=+25.99
DEBUG 2026-08-19 07:34:16 [action #266] t=11.34s step=3469 queue=8 dmax=1.330 | shoulder_pan.pos=-4.75 shoulder_lift.pos=+52.56 elbow_flex.pos=-55.67 wrist_flex.pos=+84.20 wrist_roll.pos=-5.17 gripper.pos=+24.66
DEBUG 2026-08-19 07:34:16 [action #267] t=11.37s step=3470 queue=7 dmax=2.145 | shoulder_pan.pos=-4.55 shoulder_lift.pos=+52.59 elbow_flex.pos=-55.93 wrist_flex.pos=+84.10 wrist_roll.pos=-4.91 gripper.pos=+22.51
DEBUG 2026-08-19 07:34:16 [action #268] t=11.41s step=3471 queue=6 dmax=1.998 | shoulder_pan.pos=-4.21 shoulder_lift.pos=+53.06 elbow_flex.pos=-56.39 wrist_flex.pos=+84.40 wrist_roll.pos=-4.92 gripper.pos=+20.51
DEBUG 2026-08-19 07:34:16 [action #269] t=11.44s step=3472 queue=5 dmax=2.348 | shoulder_pan.pos=-4.10 shoulder_lift.pos=+52.79 elbow_flex.pos=-55.03 wrist_flex.pos=+84.09 wrist_roll.pos=-4.85 gripper.pos=+18.16
DEBUG 2026-08-19 07:34:16 [action #270] t=11.47s step=3473 queue=4 dmax=1.586 | shoulder_pan.pos=-3.65 shoulder_lift.pos=+53.03 elbow_flex.pos=-55.17 wrist_flex.pos=+84.22 wrist_roll.pos=-4.77 gripper.pos=+16.58
DEBUG 2026-08-19 07:34:16 [action #271] t=11.51s step=3474 queue=3 dmax=1.183 | shoulder_pan.pos=-3.14 shoulder_lift.pos=+53.16 elbow_flex.pos=-55.21 wrist_flex.pos=+84.27 wrist_roll.pos=-4.67 gripper.pos=+15.40
DEBUG 2026-08-19 07:34:16 [action #272] t=11.54s step=3475 queue=2 dmax=0.909 | shoulder_pan.pos=-2.95 shoulder_lift.pos=+53.13 elbow_flex.pos=-55.73 wrist_flex.pos=+84.40 wrist_roll.pos=-4.62 gripper.pos=+14.49
DEBUG 2026-08-19 07:34:16 [action #273] t=11.57s step=3476 queue=1 dmax=0.668 | shoulder_pan.pos=-2.80 shoulder_lift.pos=+53.80 elbow_flex.pos=-56.36 wrist_flex.pos=+84.51 wrist_roll.pos=-4.62 gripper.pos=+14.35
DEBUG 2026-08-19 07:34:16 [chunk] received 50 actions, timesteps 3451..3500 | first: shoulder_pan.pos=-6.64 shoulder_lift.pos=+50.61 elbow_flex.pos=-58.83 wrist_flex.pos=+84.30 wrist_roll.pos=-6.16 gripper.pos=+5.29 | last: shoulder_pan.pos=-11.25 shoulder_lift.pos=-5.89 elbow_flex.pos=+13.36 wrist_flex.pos=+71.08 wrist_roll.pos=-2.44 gripper.pos=+2.78
DEBUG 2026-08-19 07:34:16 [action #274] t=11.67s step=3477 queue=24 dmax=9.588 | shoulder_pan.pos=-6.87 shoulder_lift.pos=+46.78 elbow_flex.pos=-53.68 wrist_flex.pos=+90.85 wrist_roll.pos=-4.35 gripper.pos=+23.94
DEBUG 2026-08-19 07:34:16 [action #275] t=11.71s step=3478 queue=23 dmax=1.517 | shoulder_pan.pos=-6.71 shoulder_lift.pos=+46.08 elbow_flex.pos=-53.53 wrist_flex.pos=+90.60 wrist_roll.pos=-4.19 gripper.pos=+22.42
DEBUG 2026-08-19 07:34:16 [action #276] t=11.74s step=3479 queue=22 dmax=2.112 | shoulder_pan.pos=-6.73 shoulder_lift.pos=+46.12 elbow_flex.pos=-53.07 wrist_flex.pos=+90.00 wrist_roll.pos=-4.07 gripper.pos=+20.31
DEBUG 2026-08-19 07:34:16 [action #277] t=11.77s step=3480 queue=21 dmax=2.613 | shoulder_pan.pos=-6.68 shoulder_lift.pos=+45.10 elbow_flex.pos=-52.27 wrist_flex.pos=+89.23 wrist_roll.pos=-4.04 gripper.pos=+17.70
DEBUG 2026-08-19 07:34:16 [action #278] t=11.81s step=3481 queue=20 dmax=2.734 | shoulder_pan.pos=-6.64 shoulder_lift.pos=+44.30 elbow_flex.pos=-50.91 wrist_flex.pos=+88.32 wrist_roll.pos=-3.97 gripper.pos=+14.96
DEBUG 2026-08-19 07:34:16 [action #279] t=11.84s step=3482 queue=19 dmax=2.992 | shoulder_pan.pos=-6.82 shoulder_lift.pos=+43.02 elbow_flex.pos=-48.90 wrist_flex.pos=+87.20 wrist_roll.pos=-3.82 gripper.pos=+11.97
DEBUG 2026-08-19 07:34:16 [action #280] t=11.87s step=3483 queue=18 dmax=2.751 | shoulder_pan.pos=-6.88 shoulder_lift.pos=+40.52 elbow_flex.pos=-46.15 wrist_flex.pos=+85.96 wrist_roll.pos=-3.66 gripper.pos=+9.46
DEBUG 2026-08-19 07:34:16 [action #281] t=11.91s step=3484 queue=17 dmax=3.185 | shoulder_pan.pos=-7.32 shoulder_lift.pos=+38.41 elbow_flex.pos=-42.96 wrist_flex.pos=+84.52 wrist_roll.pos=-3.78 gripper.pos=+7.32
DEBUG 2026-08-19 07:34:16 [action #282] t=11.94s step=3485 queue=16 dmax=3.393 | shoulder_pan.pos=-7.64 shoulder_lift.pos=+35.93 elbow_flex.pos=-39.57 wrist_flex.pos=+83.28 wrist_roll.pos=-3.66 gripper.pos=+5.63
DEBUG 2026-08-19 07:34:16 [action #283] t=11.97s step=3486 queue=15 dmax=3.742 | shoulder_pan.pos=-7.89 shoulder_lift.pos=+33.56 elbow_flex.pos=-35.83 wrist_flex.pos=+81.93 wrist_roll.pos=-3.75 gripper.pos=+4.42
DEBUG 2026-08-19 07:34:16 [action #284] t=12.01s step=3487 queue=14 dmax=3.686 | shoulder_pan.pos=-8.26 shoulder_lift.pos=+30.06 elbow_flex.pos=-32.14 wrist_flex.pos=+80.77 wrist_roll.pos=-3.63 gripper.pos=+3.64
DEBUG 2026-08-19 07:34:16 [action #285] t=12.04s step=3488 queue=13 dmax=3.862 | shoulder_pan.pos=-8.42 shoulder_lift.pos=+27.23 elbow_flex.pos=-28.28 wrist_flex.pos=+79.85 wrist_roll.pos=-3.67 gripper.pos=+3.23
DEBUG 2026-08-19 07:34:17 [action #286] t=12.07s step=3489 queue=12 dmax=3.862 | shoulder_pan.pos=-9.07 shoulder_lift.pos=+24.30 elbow_flex.pos=-24.42 wrist_flex.pos=+78.93 wrist_roll.pos=-3.59 gripper.pos=+2.88
DEBUG 2026-08-19 07:34:17 [action #287] t=12.11s step=3490 queue=11 dmax=3.706 | shoulder_pan.pos=-9.07 shoulder_lift.pos=+21.88 elbow_flex.pos=-20.71 wrist_flex.pos=+77.97 wrist_roll.pos=-3.74 gripper.pos=+2.66
DEBUG 2026-08-19 07:34:17 [action #288] t=12.14s step=3491 queue=10 dmax=3.439 | shoulder_pan.pos=-9.36 shoulder_lift.pos=+18.87 elbow_flex.pos=-17.27 wrist_flex.pos=+77.10 wrist_roll.pos=-3.70 gripper.pos=+2.47
DEBUG 2026-08-19 07:34:17 [action #289] t=12.17s step=3492 queue=9 dmax=3.907 | shoulder_pan.pos=-9.49 shoulder_lift.pos=+16.13 elbow_flex.pos=-13.37 wrist_flex.pos=+76.11 wrist_roll.pos=-3.78 gripper.pos=+2.25
DEBUG 2026-08-19 07:34:17 [action #290] t=12.21s step=3493 queue=8 dmax=3.206 | shoulder_pan.pos=-9.77 shoulder_lift.pos=+13.56 elbow_flex.pos=-10.16 wrist_flex.pos=+75.30 wrist_roll.pos=-3.68 gripper.pos=+1.94
DEBUG 2026-08-19 07:34:17 [action #291] t=12.24s step=3494 queue=7 dmax=3.942 | shoulder_pan.pos=-10.22 shoulder_lift.pos=+10.93 elbow_flex.pos=-6.22 wrist_flex.pos=+74.60 wrist_roll.pos=-3.58 gripper.pos=+1.77
DEBUG 2026-08-19 07:34:17 [action #292] t=12.27s step=3495 queue=6 dmax=2.921 | shoulder_pan.pos=-10.28 shoulder_lift.pos=+8.52 elbow_flex.pos=-3.30 wrist_flex.pos=+74.00 wrist_roll.pos=-3.50 gripper.pos=+1.95
DEBUG 2026-08-19 07:34:17 [action #293] t=12.31s step=3496 queue=5 dmax=3.731 | shoulder_pan.pos=-10.41 shoulder_lift.pos=+6.00 elbow_flex.pos=+0.43 wrist_flex.pos=+73.30 wrist_roll.pos=-3.45 gripper.pos=+2.41
DEBUG 2026-08-19 07:34:17 [action #294] t=12.34s step=3497 queue=4 dmax=3.444 | shoulder_pan.pos=-10.62 shoulder_lift.pos=+3.34 elbow_flex.pos=+3.88 wrist_flex.pos=+72.84 wrist_roll.pos=-3.24 gripper.pos=+2.70
DEBUG 2026-08-19 07:34:17 [action #295] t=12.37s step=3498 queue=3 dmax=3.741 | shoulder_pan.pos=-10.88 shoulder_lift.pos=-0.01 elbow_flex.pos=+7.62 wrist_flex.pos=+72.20 wrist_roll.pos=-2.99 gripper.pos=+2.77
DEBUG 2026-08-19 07:34:17 [action #296] t=12.41s step=3499 queue=2 dmax=3.042 | shoulder_pan.pos=-11.09 shoulder_lift.pos=-2.74 elbow_flex.pos=+10.66 wrist_flex.pos=+71.57 wrist_roll.pos=-2.70 gripper.pos=+2.81
DEBUG 2026-08-19 07:34:17 [action #297] t=12.44s step=3500 queue=1 dmax=3.151 | shoulder_pan.pos=-11.25 shoulder_lift.pos=-5.89 elbow_flex.pos=+13.36 wrist_flex.pos=+71.08 wrist_roll.pos=-2.44 gripper.pos=+2.78
DEBUG 2026-08-19 07:34:17 [chunk] received 50 actions, timesteps 3476..3525 | first: shoulder_pan.pos=-3.60 shoulder_lift.pos=+53.46 elbow_flex.pos=-62.57 wrist_flex.pos=+80.77 wrist_roll.pos=-4.82 gripper.pos=+10.81 | last: shoulder_pan.pos=-7.87 shoulder_lift.pos=+58.77 elbow_flex.pos=-66.89 wrist_flex.pos=+85.42 wrist_roll.pos=-2.55 gripper.pos=+5.05
DEBUG 2026-08-19 07:34:17 [action #298] t=12.71s step=3501 queue=25 dmax=83.247 | shoulder_pan.pos=-5.35 shoulder_lift.pos=+59.23 elbow_flex.pos=-69.88 wrist_flex.pos=+85.23 wrist_roll.pos=-3.13 gripper.pos=+21.88
DEBUG 2026-08-19 07:34:17 [action #299] t=12.74s step=3502 queue=24 dmax=0.342 | shoulder_pan.pos=-5.44 shoulder_lift.pos=+59.56 elbow_flex.pos=-69.54 wrist_flex.pos=+85.04 wrist_roll.pos=-3.10 gripper.pos=+21.87
DEBUG 2026-08-19 07:34:17 [action #300] t=12.78s step=3503 queue=23 dmax=0.231 | shoulder_pan.pos=-5.47 shoulder_lift.pos=+59.35 elbow_flex.pos=-69.66 wrist_flex.pos=+84.81 wrist_roll.pos=-3.08 gripper.pos=+21.95
DEBUG 2026-08-19 07:34:17 [action #301] t=12.81s step=3504 queue=22 dmax=0.264 | shoulder_pan.pos=-5.68 shoulder_lift.pos=+59.38 elbow_flex.pos=-69.39 wrist_flex.pos=+84.73 wrist_roll.pos=-3.00 gripper.pos=+22.12
DEBUG 2026-08-19 07:34:17 [action #302] t=12.84s step=3505 queue=21 dmax=0.559 | shoulder_pan.pos=-5.70 shoulder_lift.pos=+59.18 elbow_flex.pos=-68.84 wrist_flex.pos=+84.77 wrist_roll.pos=-2.90 gripper.pos=+22.02
DEBUG 2026-08-19 07:34:17 [action #303] t=12.88s step=3506 queue=20 dmax=0.468 | shoulder_pan.pos=-5.85 shoulder_lift.pos=+59.65 elbow_flex.pos=-68.54 wrist_flex.pos=+84.69 wrist_roll.pos=-2.82 gripper.pos=+21.95
DEBUG 2026-08-19 07:34:17 [action #304] t=12.91s step=3507 queue=19 dmax=0.667 | shoulder_pan.pos=-6.09 shoulder_lift.pos=+59.58 elbow_flex.pos=-69.21 wrist_flex.pos=+84.58 wrist_roll.pos=-2.62 gripper.pos=+21.65
DEBUG 2026-08-19 07:34:17 [action #305] t=12.94s step=3508 queue=18 dmax=0.643 | shoulder_pan.pos=-6.33 shoulder_lift.pos=+59.06 elbow_flex.pos=-68.86 wrist_flex.pos=+84.59 wrist_roll.pos=-2.56 gripper.pos=+21.01
DEBUG 2026-08-19 07:34:17 [action #306] t=12.98s step=3509 queue=17 dmax=1.224 | shoulder_pan.pos=-6.32 shoulder_lift.pos=+59.32 elbow_flex.pos=-68.46 wrist_flex.pos=+84.62 wrist_roll.pos=-2.34 gripper.pos=+19.78
DEBUG 2026-08-19 07:34:17 [action #307] t=13.01s step=3510 queue=16 dmax=2.075 | shoulder_pan.pos=-6.30 shoulder_lift.pos=+58.89 elbow_flex.pos=-67.82 wrist_flex.pos=+84.64 wrist_roll.pos=-2.18 gripper.pos=+17.71
DEBUG 2026-08-19 07:34:17 [action #308] t=13.04s step=3511 queue=15 dmax=2.037 | shoulder_pan.pos=-6.38 shoulder_lift.pos=+58.38 elbow_flex.pos=-67.50 wrist_flex.pos=+84.75 wrist_roll.pos=-2.24 gripper.pos=+15.67
DEBUG 2026-08-19 07:34:18 [action #309] t=13.08s step=3512 queue=14 dmax=1.862 | shoulder_pan.pos=-6.27 shoulder_lift.pos=+58.85 elbow_flex.pos=-67.36 wrist_flex.pos=+84.91 wrist_roll.pos=-2.37 gripper.pos=+13.81
DEBUG 2026-08-19 07:34:18 [action #310] t=13.11s step=3513 queue=13 dmax=1.106 | shoulder_pan.pos=-6.34 shoulder_lift.pos=+58.80 elbow_flex.pos=-67.26 wrist_flex.pos=+84.89 wrist_roll.pos=-2.45 gripper.pos=+12.70
DEBUG 2026-08-19 07:34:18 [action #311] t=13.14s step=3514 queue=12 dmax=0.823 | shoulder_pan.pos=-6.50 shoulder_lift.pos=+58.43 elbow_flex.pos=-67.26 wrist_flex.pos=+84.91 wrist_roll.pos=-2.46 gripper.pos=+11.88
DEBUG 2026-08-19 07:34:18 [action #312] t=13.18s step=3515 queue=11 dmax=0.297 | shoulder_pan.pos=-6.57 shoulder_lift.pos=+58.29 elbow_flex.pos=-67.17 wrist_flex.pos=+85.01 wrist_roll.pos=-2.36 gripper.pos=+11.58
DEBUG 2026-08-19 07:34:18 [action #313] t=13.21s step=3516 queue=10 dmax=0.281 | shoulder_pan.pos=-6.53 shoulder_lift.pos=+58.15 elbow_flex.pos=-66.88 wrist_flex.pos=+85.18 wrist_roll.pos=-2.31 gripper.pos=+11.46
DEBUG 2026-08-19 07:34:18 [action #314] t=13.24s step=3517 queue=9 dmax=0.335 | shoulder_pan.pos=-6.71 shoulder_lift.pos=+57.82 elbow_flex.pos=-66.77 wrist_flex.pos=+85.07 wrist_roll.pos=-2.37 gripper.pos=+11.38
DEBUG 2026-08-19 07:34:18 [action #315] t=13.28s step=3518 queue=8 dmax=0.565 | shoulder_pan.pos=-6.84 shoulder_lift.pos=+57.79 elbow_flex.pos=-66.69 wrist_flex.pos=+85.16 wrist_roll.pos=-2.34 gripper.pos=+10.82
DEBUG 2026-08-19 07:34:18 [action #316] t=13.31s step=3519 queue=7 dmax=0.525 | shoulder_pan.pos=-7.23 shoulder_lift.pos=+57.54 elbow_flex.pos=-66.45 wrist_flex.pos=+85.20 wrist_roll.pos=-2.35 gripper.pos=+10.29
DEBUG 2026-08-19 07:34:18 [action #317] t=13.35s step=3520 queue=6 dmax=1.041 | shoulder_pan.pos=-7.25 shoulder_lift.pos=+57.95 elbow_flex.pos=-66.95 wrist_flex.pos=+85.20 wrist_roll.pos=-2.31 gripper.pos=+9.25
DEBUG 2026-08-19 07:34:18 [action #318] t=13.38s step=3521 queue=5 dmax=0.714 | shoulder_pan.pos=-7.42 shoulder_lift.pos=+58.16 elbow_flex.pos=-66.65 wrist_flex.pos=+85.05 wrist_roll.pos=-2.41 gripper.pos=+8.54
DEBUG 2026-08-19 07:34:18 [action #319] t=13.41s step=3522 queue=4 dmax=0.865 | shoulder_pan.pos=-7.49 shoulder_lift.pos=+57.87 elbow_flex.pos=-66.43 wrist_flex.pos=+85.04 wrist_roll.pos=-2.49 gripper.pos=+7.67
DEBUG 2026-08-19 07:34:18 [action #320] t=13.45s step=3523 queue=3 dmax=0.914 | shoulder_pan.pos=-7.66 shoulder_lift.pos=+57.99 elbow_flex.pos=-66.73 wrist_flex.pos=+85.16 wrist_roll.pos=-2.47 gripper.pos=+6.76
DEBUG 2026-08-19 07:34:18 [action #321] t=13.48s step=3524 queue=2 dmax=0.774 | shoulder_pan.pos=-7.73 shoulder_lift.pos=+58.77 elbow_flex.pos=-66.91 wrist_flex.pos=+85.15 wrist_roll.pos=-2.50 gripper.pos=+6.00
DEBUG 2026-08-19 07:34:18 [action #322] t=13.51s step=3525 queue=1 dmax=0.946 | shoulder_pan.pos=-7.87 shoulder_lift.pos=+58.77 elbow_flex.pos=-66.89 wrist_flex.pos=+85.42 wrist_roll.pos=-2.55 gripper.pos=+5.05
DEBUG 2026-08-19 07:34:18 [chunk] received 50 actions, timesteps 3500..3549 | first: shoulder_pan.pos=-11.54 shoulder_lift.pos=-6.99 elbow_flex.pos=+15.83 wrist_flex.pos=+71.07 wrist_roll.pos=-3.50 gripper.pos=+1.70 | last: shoulder_pan.pos=-11.80 shoulder_lift.pos=-29.90 elbow_flex.pos=+49.96 wrist_flex.pos=+51.72 wrist_roll.pos=-1.50 gripper.pos=+21.80
DEBUG 2026-08-19 07:34:18 [action #323] t=13.58s step=3526 queue=24 dmax=113.458 | shoulder_pan.pos=-12.77 shoulder_lift.pos=-29.89 elbow_flex.pos=+46.56 wrist_flex.pos=+55.46 wrist_roll.pos=-3.15 gripper.pos=+1.78
DEBUG 2026-08-19 07:34:18 [action #324] t=13.61s step=3527 queue=23 dmax=1.582 | shoulder_pan.pos=-13.04 shoulder_lift.pos=-31.08 elbow_flex.pos=+48.15 wrist_flex.pos=+54.68 wrist_roll.pos=-2.97 gripper.pos=+1.73
DEBUG 2026-08-19 07:34:18 [action #325] t=13.65s step=3528 queue=22 dmax=1.709 | shoulder_pan.pos=-12.84 shoulder_lift.pos=-32.79 elbow_flex.pos=+49.34 wrist_flex.pos=+54.10 wrist_roll.pos=-2.90 gripper.pos=+1.71
DEBUG 2026-08-19 07:34:18 [action #326] t=13.68s step=3529 queue=21 dmax=1.371 | shoulder_pan.pos=-12.91 shoulder_lift.pos=-33.83 elbow_flex.pos=+50.72 wrist_flex.pos=+53.61 wrist_roll.pos=-2.85 gripper.pos=+1.61
DEBUG 2026-08-19 07:34:18 [action #327] t=13.71s step=3530 queue=20 dmax=1.101 | shoulder_pan.pos=-12.88 shoulder_lift.pos=-34.93 elbow_flex.pos=+51.59 wrist_flex.pos=+53.04 wrist_roll.pos=-2.78 gripper.pos=+1.62
DEBUG 2026-08-19 07:34:18 [action #328] t=13.75s step=3531 queue=19 dmax=1.163 | shoulder_pan.pos=-12.73 shoulder_lift.pos=-36.09 elbow_flex.pos=+52.38 wrist_flex.pos=+52.64 wrist_roll.pos=-2.72 gripper.pos=+1.71
DEBUG 2026-08-19 07:34:18 [action #329] t=13.78s step=3532 queue=18 dmax=1.389 | shoulder_pan.pos=-12.90 shoulder_lift.pos=-37.01 elbow_flex.pos=+53.77 wrist_flex.pos=+52.46 wrist_roll.pos=-2.67 gripper.pos=+1.65
DEBUG 2026-08-19 07:34:18 [action #330] t=13.81s step=3533 queue=17 dmax=1.423 | shoulder_pan.pos=-12.67 shoulder_lift.pos=-37.94 elbow_flex.pos=+55.19 wrist_flex.pos=+51.74 wrist_roll.pos=-2.63 gripper.pos=+1.65
DEBUG 2026-08-19 07:34:18 [action #331] t=13.85s step=3534 queue=16 dmax=0.516 | shoulder_pan.pos=-13.02 shoulder_lift.pos=-38.38 elbow_flex.pos=+55.71 wrist_flex.pos=+51.31 wrist_roll.pos=-2.57 gripper.pos=+1.74
DEBUG 2026-08-19 07:34:18 [action #332] t=13.88s step=3535 queue=15 dmax=1.020 | shoulder_pan.pos=-12.79 shoulder_lift.pos=-39.24 elbow_flex.pos=+56.73 wrist_flex.pos=+50.78 wrist_roll.pos=-2.57 gripper.pos=+1.75
DEBUG 2026-08-19 07:34:18 [action #333] t=13.91s step=3536 queue=14 dmax=0.640 | shoulder_pan.pos=-12.67 shoulder_lift.pos=-39.88 elbow_flex.pos=+57.09 wrist_flex.pos=+50.35 wrist_roll.pos=-2.44 gripper.pos=+1.84
DEBUG 2026-08-19 07:34:18 [action #334] t=13.95s step=3537 queue=13 dmax=1.275 | shoulder_pan.pos=-12.64 shoulder_lift.pos=-40.54 elbow_flex.pos=+58.37 wrist_flex.pos=+49.78 wrist_roll.pos=-2.49 gripper.pos=+1.78
DEBUG 2026-08-19 07:34:18 [action #335] t=13.98s step=3538 queue=12 dmax=0.608 | shoulder_pan.pos=-12.60 shoulder_lift.pos=-40.88 elbow_flex.pos=+58.97 wrist_flex.pos=+49.37 wrist_roll.pos=-2.53 gripper.pos=+2.00
DEBUG 2026-08-19 07:34:18 [action #336] t=14.01s step=3539 queue=11 dmax=0.341 | shoulder_pan.pos=-12.75 shoulder_lift.pos=-40.93 elbow_flex.pos=+59.04 wrist_flex.pos=+49.25 wrist_roll.pos=-2.37 gripper.pos=+2.35
DEBUG 2026-08-19 07:34:18 [action #337] t=14.05s step=3540 queue=10 dmax=1.211 | shoulder_pan.pos=-12.85 shoulder_lift.pos=-40.75 elbow_flex.pos=+59.43 wrist_flex.pos=+49.61 wrist_roll.pos=-2.28 gripper.pos=+3.56
DEBUG 2026-08-19 07:34:19 [action #338] t=14.08s step=3541 queue=9 dmax=2.222 | shoulder_pan.pos=-12.97 shoulder_lift.pos=-40.65 elbow_flex.pos=+59.29 wrist_flex.pos=+49.92 wrist_roll.pos=-2.21 gripper.pos=+5.78
DEBUG 2026-08-19 07:34:19 [action #339] t=14.11s step=3542 queue=8 dmax=2.726 | shoulder_pan.pos=-12.59 shoulder_lift.pos=-39.91 elbow_flex.pos=+59.13 wrist_flex.pos=+50.41 wrist_roll.pos=-2.15 gripper.pos=+8.51
DEBUG 2026-08-19 07:34:19 [action #340] t=14.15s step=3543 queue=7 dmax=2.677 | shoulder_pan.pos=-12.65 shoulder_lift.pos=-38.53 elbow_flex.pos=+58.31 wrist_flex.pos=+50.77 wrist_roll.pos=-2.09 gripper.pos=+11.18
DEBUG 2026-08-19 07:34:19 [action #341] t=14.18s step=3544 queue=6 dmax=2.405 | shoulder_pan.pos=-12.34 shoulder_lift.pos=-37.83 elbow_flex.pos=+57.07 wrist_flex.pos=+51.09 wrist_roll.pos=-1.90 gripper.pos=+13.59
DEBUG 2026-08-19 07:34:19 [action #342] t=14.21s step=3545 queue=5 dmax=2.202 | shoulder_pan.pos=-12.22 shoulder_lift.pos=-36.50 elbow_flex.pos=+56.15 wrist_flex.pos=+51.45 wrist_roll.pos=-1.83 gripper.pos=+15.79
DEBUG 2026-08-19 07:34:19 [action #343] t=14.25s step=3546 queue=4 dmax=1.852 | shoulder_pan.pos=-12.11 shoulder_lift.pos=-35.32 elbow_flex.pos=+55.03 wrist_flex.pos=+51.46 wrist_roll.pos=-1.74 gripper.pos=+17.64
DEBUG 2026-08-19 07:34:19 [action #344] t=14.28s step=3547 queue=3 dmax=1.614 | shoulder_pan.pos=-12.04 shoulder_lift.pos=-34.10 elbow_flex.pos=+53.47 wrist_flex.pos=+51.29 wrist_roll.pos=-1.66 gripper.pos=+19.26
DEBUG 2026-08-19 07:34:19 [action #345] t=14.32s step=3548 queue=2 dmax=1.843 | shoulder_pan.pos=-11.87 shoulder_lift.pos=-32.39 elbow_flex.pos=+51.63 wrist_flex.pos=+51.31 wrist_roll.pos=-1.55 gripper.pos=+20.75
DEBUG 2026-08-19 07:34:19 [action #346] t=14.35s step=3549 queue=1 dmax=2.484 | shoulder_pan.pos=-11.80 shoulder_lift.pos=-29.90 elbow_flex.pos=+49.96 wrist_flex.pos=+51.72 wrist_roll.pos=-1.50 gripper.pos=+21.80
DEBUG 2026-08-19 07:34:19 [chunk] received 50 actions, timesteps 3525..3574 | first: shoulder_pan.pos=-7.72 shoulder_lift.pos=+57.97 elbow_flex.pos=-70.03 wrist_flex.pos=+87.15 wrist_roll.pos=-2.90 gripper.pos=+4.76 | last: shoulder_pan.pos=-8.25 shoulder_lift.pos=+63.72 elbow_flex.pos=-69.87 wrist_flex.pos=+86.27 wrist_roll.pos=-1.07 gripper.pos=+5.13
DEBUG 2026-08-19 07:34:19 [action #347] t=14.48s step=3550 queue=25 dmax=120.685 | shoulder_pan.pos=-9.32 shoulder_lift.pos=+60.39 elbow_flex.pos=-70.72 wrist_flex.pos=+85.44 wrist_roll.pos=-0.45 gripper.pos=+22.39
DEBUG 2026-08-19 07:34:19 [action #348] t=14.52s step=3551 queue=24 dmax=0.586 | shoulder_pan.pos=-9.00 shoulder_lift.pos=+60.64 elbow_flex.pos=-70.41 wrist_flex.pos=+85.47 wrist_roll.pos=-0.36 gripper.pos=+21.80
DEBUG 2026-08-19 07:34:19 [action #349] t=14.55s step=3552 queue=23 dmax=1.211 | shoulder_pan.pos=-8.98 shoulder_lift.pos=+60.86 elbow_flex.pos=-70.43 wrist_flex.pos=+85.50 wrist_roll.pos=-0.25 gripper.pos=+20.59
DEBUG 2026-08-19 07:34:19 [action #350] t=14.58s step=3553 queue=22 dmax=2.130 | shoulder_pan.pos=-8.85 shoulder_lift.pos=+60.88 elbow_flex.pos=-70.20 wrist_flex.pos=+85.75 wrist_roll.pos=+0.02 gripper.pos=+18.46
DEBUG 2026-08-19 07:34:19 [action #351] t=14.62s step=3554 queue=21 dmax=2.439 | shoulder_pan.pos=-8.74 shoulder_lift.pos=+61.63 elbow_flex.pos=-70.32 wrist_flex.pos=+85.77 wrist_roll.pos=+0.08 gripper.pos=+16.02
DEBUG 2026-08-19 07:34:19 [action #352] t=14.65s step=3555 queue=20 dmax=2.067 | shoulder_pan.pos=-8.65 shoulder_lift.pos=+61.53 elbow_flex.pos=-70.01 wrist_flex.pos=+85.91 wrist_roll.pos=+0.11 gripper.pos=+13.96
DEBUG 2026-08-19 07:34:19 [action #353] t=14.68s step=3556 queue=19 dmax=1.721 | shoulder_pan.pos=-8.51 shoulder_lift.pos=+62.18 elbow_flex.pos=-69.76 wrist_flex.pos=+85.90 wrist_roll.pos=+0.17 gripper.pos=+12.23
DEBUG 2026-08-19 07:34:19 [action #354] t=14.72s step=3557 queue=18 dmax=1.373 | shoulder_pan.pos=-8.39 shoulder_lift.pos=+62.40 elbow_flex.pos=-69.85 wrist_flex.pos=+85.80 wrist_roll.pos=+0.04 gripper.pos=+10.86
DEBUG 2026-08-19 07:34:19 [action #355] t=14.75s step=3558 queue=17 dmax=1.137 | shoulder_pan.pos=-8.47 shoulder_lift.pos=+62.15 elbow_flex.pos=-69.27 wrist_flex.pos=+85.88 wrist_roll.pos=+0.12 gripper.pos=+9.72
DEBUG 2026-08-19 07:34:19 [action #356] t=14.78s step=3559 queue=16 dmax=1.167 | shoulder_pan.pos=-8.33 shoulder_lift.pos=+62.33 elbow_flex.pos=-69.17 wrist_flex.pos=+86.00 wrist_roll.pos=+0.11 gripper.pos=+8.56
DEBUG 2026-08-19 07:34:19 [action #357] t=14.82s step=3560 queue=15 dmax=0.970 | shoulder_pan.pos=-8.34 shoulder_lift.pos=+62.17 elbow_flex.pos=-68.97 wrist_flex.pos=+85.99 wrist_roll.pos=+0.05 gripper.pos=+7.59
DEBUG 2026-08-19 07:34:19 [action #358] t=14.85s step=3561 queue=14 dmax=1.088 | shoulder_pan.pos=-8.37 shoulder_lift.pos=+61.79 elbow_flex.pos=-68.77 wrist_flex.pos=+85.96 wrist_roll.pos=-0.02 gripper.pos=+6.50
DEBUG 2026-08-19 07:34:19 [action #359] t=14.88s step=3562 queue=13 dmax=1.160 | shoulder_pan.pos=-8.46 shoulder_lift.pos=+62.08 elbow_flex.pos=-68.57 wrist_flex.pos=+86.05 wrist_roll.pos=-0.07 gripper.pos=+5.34
DEBUG 2026-08-19 07:34:19 [action #360] t=14.92s step=3563 queue=12 dmax=0.650 | shoulder_pan.pos=-8.40 shoulder_lift.pos=+62.29 elbow_flex.pos=-68.48 wrist_flex.pos=+85.89 wrist_roll.pos=-0.16 gripper.pos=+4.69
DEBUG 2026-08-19 07:34:19 [action #361] t=14.95s step=3564 queue=11 dmax=0.689 | shoulder_pan.pos=-8.46 shoulder_lift.pos=+61.82 elbow_flex.pos=-68.26 wrist_flex.pos=+85.95 wrist_roll.pos=-0.22 gripper.pos=+4.00
DEBUG 2026-08-19 07:34:19 [action #362] t=14.98s step=3565 queue=10 dmax=0.441 | shoulder_pan.pos=-8.47 shoulder_lift.pos=+61.63 elbow_flex.pos=-67.82 wrist_flex.pos=+86.11 wrist_roll.pos=-0.22 gripper.pos=+3.68
DEBUG 2026-08-19 07:34:19 [action #363] t=15.02s step=3566 queue=9 dmax=0.244 | shoulder_pan.pos=-8.53 shoulder_lift.pos=+61.79 elbow_flex.pos=-68.06 wrist_flex.pos=+86.15 wrist_roll.pos=-0.34 gripper.pos=+3.66
DEBUG 2026-08-19 07:34:19 [action #364] t=15.05s step=3567 queue=8 dmax=0.451 | shoulder_pan.pos=-8.53 shoulder_lift.pos=+62.24 elbow_flex.pos=-68.14 wrist_flex.pos=+86.04 wrist_roll.pos=-0.53 gripper.pos=+3.74
DEBUG 2026-08-19 07:34:20 [action #365] t=15.08s step=3568 queue=7 dmax=0.326 | shoulder_pan.pos=-8.60 shoulder_lift.pos=+62.21 elbow_flex.pos=-68.32 wrist_flex.pos=+86.36 wrist_roll.pos=-0.68 gripper.pos=+3.94
DEBUG 2026-08-19 07:34:20 [action #366] t=15.12s step=3569 queue=6 dmax=0.260 | shoulder_pan.pos=-8.57 shoulder_lift.pos=+61.98 elbow_flex.pos=-68.51 wrist_flex.pos=+86.31 wrist_roll.pos=-0.94 gripper.pos=+4.03
DEBUG 2026-08-19 07:34:20 [action #367] t=15.15s step=3570 queue=5 dmax=0.340 | shoulder_pan.pos=-8.72 shoulder_lift.pos=+62.07 elbow_flex.pos=-68.85 wrist_flex.pos=+86.46 wrist_roll.pos=-1.17 gripper.pos=+4.23
DEBUG 2026-08-19 07:34:20 [action #368] t=15.18s step=3571 queue=4 dmax=0.597 | shoulder_pan.pos=-8.64 shoulder_lift.pos=+62.67 elbow_flex.pos=-69.02 wrist_flex.pos=+86.44 wrist_roll.pos=-1.26 gripper.pos=+4.43
DEBUG 2026-08-19 07:34:20 [action #369] t=15.22s step=3572 queue=3 dmax=0.305 | shoulder_pan.pos=-8.67 shoulder_lift.pos=+62.91 elbow_flex.pos=-68.80 wrist_flex.pos=+86.49 wrist_roll.pos=-1.12 gripper.pos=+4.74
DEBUG 2026-08-19 07:34:20 [action #370] t=15.25s step=3573 queue=2 dmax=0.274 | shoulder_pan.pos=-8.47 shoulder_lift.pos=+63.18 elbow_flex.pos=-68.83 wrist_flex.pos=+86.32 wrist_roll.pos=-1.06 gripper.pos=+4.82
DEBUG 2026-08-19 07:34:20 [action #371] t=15.28s step=3574 queue=1 dmax=1.046 | shoulder_pan.pos=-8.25 shoulder_lift.pos=+63.72 elbow_flex.pos=-69.87 wrist_flex.pos=+86.27 wrist_roll.pos=-1.07 gripper.pos=+5.13
DEBUG 2026-08-19 07:34:20 [chunk] received 50 actions, timesteps 3549..3598 | first: shoulder_pan.pos=-10.96 shoulder_lift.pos=-36.72 elbow_flex.pos=+54.55 wrist_flex.pos=+48.58 wrist_roll.pos=+0.36 gripper.pos=+15.43 | last: shoulder_pan.pos=-5.61 shoulder_lift.pos=-99.19 elbow_flex.pos=+91.16 wrist_flex.pos=+67.54 wrist_roll.pos=-0.36 gripper.pos=+1.12
DEBUG 2026-08-19 07:34:20 [action #372] t=15.35s step=3575 queue=24 dmax=150.088 | shoulder_pan.pos=-10.99 shoulder_lift.pos=-72.79 elbow_flex.pos=+80.22 wrist_flex.pos=+48.48 wrist_roll.pos=-0.21 gripper.pos=+1.73
DEBUG 2026-08-19 07:34:20 [action #373] t=15.39s step=3576 queue=23 dmax=1.400 | shoulder_pan.pos=-10.79 shoulder_lift.pos=-74.19 elbow_flex.pos=+80.78 wrist_flex.pos=+48.92 wrist_roll.pos=-0.19 gripper.pos=+1.50
DEBUG 2026-08-19 07:34:20 [action #374] t=15.42s step=3577 queue=22 dmax=2.084 | shoulder_pan.pos=-10.90 shoulder_lift.pos=-76.28 elbow_flex.pos=+81.44 wrist_flex.pos=+49.57 wrist_roll.pos=-0.29 gripper.pos=+1.33
DEBUG 2026-08-19 07:34:20 [action #375] t=15.45s step=3578 queue=21 dmax=2.214 | shoulder_pan.pos=-10.86 shoulder_lift.pos=-78.49 elbow_flex.pos=+83.21 wrist_flex.pos=+50.15 wrist_roll.pos=-0.24 gripper.pos=+1.26
DEBUG 2026-08-19 07:34:20 [action #376] t=15.49s step=3579 queue=20 dmax=1.414 | shoulder_pan.pos=-10.63 shoulder_lift.pos=-79.90 elbow_flex.pos=+83.81 wrist_flex.pos=+51.07 wrist_roll.pos=-0.35 gripper.pos=+1.31
DEBUG 2026-08-19 07:34:20 [action #377] t=15.52s step=3580 queue=19 dmax=1.268 | shoulder_pan.pos=-10.41 shoulder_lift.pos=-81.17 elbow_flex.pos=+84.04 wrist_flex.pos=+51.64 wrist_roll.pos=-0.38 gripper.pos=+1.20
DEBUG 2026-08-19 07:34:20 [action #378] t=15.55s step=3581 queue=18 dmax=1.381 | shoulder_pan.pos=-10.44 shoulder_lift.pos=-82.55 elbow_flex.pos=+84.65 wrist_flex.pos=+52.19 wrist_roll.pos=-0.39 gripper.pos=+1.32
DEBUG 2026-08-19 07:34:20 [action #379] t=15.59s step=3582 queue=17 dmax=1.791 | shoulder_pan.pos=-10.15 shoulder_lift.pos=-84.34 elbow_flex.pos=+85.98 wrist_flex.pos=+52.96 wrist_roll.pos=-0.39 gripper.pos=+1.51
DEBUG 2026-08-19 07:34:20 [action #380] t=15.62s step=3583 queue=16 dmax=0.952 | shoulder_pan.pos=-9.69 shoulder_lift.pos=-85.30 elbow_flex.pos=+86.10 wrist_flex.pos=+53.81 wrist_roll.pos=-0.40 gripper.pos=+1.57
DEBUG 2026-08-19 07:34:20 [action #381] t=15.65s step=3584 queue=15 dmax=1.729 | shoulder_pan.pos=-9.67 shoulder_lift.pos=-87.03 elbow_flex.pos=+87.05 wrist_flex.pos=+54.52 wrist_roll.pos=-0.41 gripper.pos=+1.47
DEBUG 2026-08-19 07:34:20 [action #382] t=15.69s step=3585 queue=14 dmax=1.112 | shoulder_pan.pos=-9.33 shoulder_lift.pos=-88.14 elbow_flex.pos=+87.52 wrist_flex.pos=+55.18 wrist_roll.pos=-0.47 gripper.pos=+1.25
DEBUG 2026-08-19 07:34:20 [action #383] t=15.72s step=3586 queue=13 dmax=0.869 | shoulder_pan.pos=-9.05 shoulder_lift.pos=-89.01 elbow_flex.pos=+87.99 wrist_flex.pos=+55.62 wrist_roll.pos=-0.38 gripper.pos=+1.11
DEBUG 2026-08-19 07:34:20 [action #384] t=15.75s step=3587 queue=12 dmax=1.344 | shoulder_pan.pos=-8.71 shoulder_lift.pos=-90.35 elbow_flex.pos=+88.86 wrist_flex.pos=+56.09 wrist_roll.pos=-0.26 gripper.pos=+1.12
DEBUG 2026-08-19 07:34:20 [action #385] t=15.79s step=3588 queue=11 dmax=0.919 | shoulder_pan.pos=-8.47 shoulder_lift.pos=-91.11 elbow_flex.pos=+89.40 wrist_flex.pos=+57.01 wrist_roll.pos=-0.36 gripper.pos=+1.12
DEBUG 2026-08-19 07:34:20 [action #386] t=15.82s step=3589 queue=10 dmax=1.427 | shoulder_pan.pos=-8.14 shoulder_lift.pos=-92.53 elbow_flex.pos=+90.11 wrist_flex.pos=+57.66 wrist_roll.pos=-0.43 gripper.pos=+1.32
DEBUG 2026-08-19 07:34:20 [action #387] t=15.85s step=3590 queue=9 dmax=0.844 | shoulder_pan.pos=-7.65 shoulder_lift.pos=-93.12 elbow_flex.pos=+90.40 wrist_flex.pos=+58.50 wrist_roll.pos=-0.41 gripper.pos=+1.33
DEBUG 2026-08-19 07:34:20 [action #388] t=15.89s step=3591 queue=8 dmax=1.300 | shoulder_pan.pos=-7.12 shoulder_lift.pos=-94.42 elbow_flex.pos=+90.25 wrist_flex.pos=+59.64 wrist_roll.pos=-0.43 gripper.pos=+1.26
DEBUG 2026-08-19 07:34:20 [action #389] t=15.92s step=3592 queue=7 dmax=1.099 | shoulder_pan.pos=-6.97 shoulder_lift.pos=-94.99 elbow_flex.pos=+90.59 wrist_flex.pos=+60.74 wrist_roll.pos=-0.35 gripper.pos=+1.29
DEBUG 2026-08-19 07:34:20 [action #390] t=15.95s step=3593 queue=6 dmax=1.411 | shoulder_pan.pos=-7.00 shoulder_lift.pos=-95.73 elbow_flex.pos=+90.74 wrist_flex.pos=+62.15 wrist_roll.pos=-0.50 gripper.pos=+1.44
DEBUG 2026-08-19 07:34:20 [action #391] t=15.99s step=3594 queue=5 dmax=1.462 | shoulder_pan.pos=-7.03 shoulder_lift.pos=-96.66 elbow_flex.pos=+90.21 wrist_flex.pos=+63.61 wrist_roll.pos=-0.46 gripper.pos=+1.27
DEBUG 2026-08-19 07:34:20 [action #392] t=16.02s step=3595 queue=4 dmax=1.350 | shoulder_pan.pos=-6.96 shoulder_lift.pos=-98.01 elbow_flex.pos=+91.01 wrist_flex.pos=+64.40 wrist_roll.pos=-0.39 gripper.pos=+1.22
DEBUG 2026-08-19 07:34:20 [action #393] t=16.05s step=3596 queue=3 dmax=1.430 | shoulder_pan.pos=-6.53 shoulder_lift.pos=-98.34 elbow_flex.pos=+91.40 wrist_flex.pos=+65.83 wrist_roll.pos=-0.38 gripper.pos=+1.24
DEBUG 2026-08-19 07:34:21 [action #394] t=16.09s step=3597 queue=2 dmax=0.846 | shoulder_pan.pos=-6.23 shoulder_lift.pos=-98.54 elbow_flex.pos=+90.84 wrist_flex.pos=+66.68 wrist_roll.pos=-0.30 gripper.pos=+1.13
DEBUG 2026-08-19 07:34:21 [action #395] t=16.12s step=3598 queue=1 dmax=0.858 | shoulder_pan.pos=-5.61 shoulder_lift.pos=-99.19 elbow_flex.pos=+91.16 wrist_flex.pos=+67.54 wrist_roll.pos=-0.36 gripper.pos=+1.12
DEBUG 2026-08-19 07:34:21 [chunk] received 50 actions, timesteps 3574..3623 | first: shoulder_pan.pos=-9.23 shoulder_lift.pos=+60.30 elbow_flex.pos=-66.35 wrist_flex.pos=+82.80 wrist_roll.pos=-0.56 gripper.pos=+5.02 | last: shoulder_pan.pos=-8.20 shoulder_lift.pos=+55.12 elbow_flex.pos=-60.18 wrist_flex.pos=+88.65 wrist_roll.pos=-0.32 gripper.pos=+8.71
DEBUG 2026-08-19 07:34:21 [action #396] t=16.25s step=3599 queue=25 dmax=163.474 | shoulder_pan.pos=-9.25 shoulder_lift.pos=+55.37 elbow_flex.pos=-72.32 wrist_flex.pos=+98.03 wrist_roll.pos=-2.20 gripper.pos=+26.19
DEBUG 2026-08-19 07:34:21 [action #397] t=16.29s step=3600 queue=24 dmax=1.116 | shoulder_pan.pos=-8.99 shoulder_lift.pos=+54.26 elbow_flex.pos=-72.38 wrist_flex.pos=+97.91 wrist_roll.pos=-2.06 gripper.pos=+26.21
DEBUG 2026-08-19 07:34:21 [action #398] t=16.32s step=3601 queue=23 dmax=0.413 | shoulder_pan.pos=-9.41 shoulder_lift.pos=+54.52 elbow_flex.pos=-72.04 wrist_flex.pos=+97.55 wrist_roll.pos=-1.92 gripper.pos=+25.94
DEBUG 2026-08-19 07:34:21 [action #399] t=16.36s step=3602 queue=22 dmax=1.278 | shoulder_pan.pos=-9.06 shoulder_lift.pos=+54.11 elbow_flex.pos=-70.76 wrist_flex.pos=+97.32 wrist_roll.pos=-2.08 gripper.pos=+25.59
DEBUG 2026-08-19 07:34:21 [chunk] received 50 actions, timesteps 3598..3647 | first: shoulder_pan.pos=-6.11 shoulder_lift.pos=-98.86 elbow_flex.pos=+87.93 wrist_flex.pos=+66.52 wrist_roll.pos=-0.29 gripper.pos=+1.61 | last: shoulder_pan.pos=-9.78 shoulder_lift.pos=-53.15 elbow_flex.pos=+57.50 wrist_flex.pos=+50.63 wrist_roll.pos=-8.61 gripper.pos=+1.77
INFO 2026-08-19 07:34:21 Final action sent: shoulder_pan.pos=-9.06 shoulder_lift.pos=+54.11 elbow_flex.pos=-70.76 wrist_flex.pos=+97.32 wrist_roll.pos=-2.08 gripper.pos=+25.59
DEBUG 2026-08-19 07:34:21 === episode end | 17.1s | converged=False | actions=399 ===
DEBUG 2026-08-19 07:34:24 === episode start | task: 'put the banana on the tray' | duration: 30.0s ===
DEBUG 2026-08-19 07:34:24 [chunk] received 50 actions, timesteps 3602..3651 | first: shoulder_pan.pos=-8.50 shoulder_lift.pos=-98.62 elbow_flex.pos=+87.06 wrist_flex.pos=+70.64 wrist_roll.pos=-1.18 gripper.pos=+3.10 | last: shoulder_pan.pos=-7.30 shoulder_lift.pos=-59.73 elbow_flex.pos=+63.53 wrist_flex.pos=+56.08 wrist_roll.pos=-6.37 gripper.pos=+2.36
