DEBUG 2026-09-03 08:27:11 === episode start | task: 'put the brown cylinder on the tray' | duration: 50.0s ===
DEBUG 2026-09-03 08:27:12 [chunk] received 50 actions, timesteps 0..49 | first: shoulder_pan.pos=-3.98 shoulder_lift.pos=-102.49 elbow_flex.pos=+89.45 wrist_flex.pos=+74.48 wrist_roll.pos=-0.39 gripper.pos=+0.78 | last: shoulder_pan.pos=-5.47 shoulder_lift.pos=-102.03 elbow_flex.pos=+85.68 wrist_flex.pos=+67.00 wrist_roll.pos=-2.77 gripper.pos=+0.58
DEBUG 2026-09-03 08:27:12 [action #1] t=1.00s step=0 queue=50 dmax=n/a | shoulder_pan.pos=-3.98 shoulder_lift.pos=-102.49 elbow_flex.pos=+89.45 wrist_flex.pos=+74.48 wrist_roll.pos=-0.39 gripper.pos=+0.78
DEBUG 2026-09-03 08:27:12 [action #2] t=1.04s step=1 queue=49 dmax=0.349 | shoulder_pan.pos=-4.19 shoulder_lift.pos=-102.36 elbow_flex.pos=+89.41 wrist_flex.pos=+74.14 wrist_roll.pos=-0.45 gripper.pos=+0.80
DEBUG 2026-09-03 08:27:12 [action #3] t=1.07s step=2 queue=48 dmax=0.384 | shoulder_pan.pos=-4.06 shoulder_lift.pos=-102.17 elbow_flex.pos=+89.80 wrist_flex.pos=+73.79 wrist_roll.pos=-0.59 gripper.pos=+0.69
DEBUG 2026-09-03 08:27:12 [action #4] t=1.10s step=3 queue=47 dmax=0.349 | shoulder_pan.pos=-4.22 shoulder_lift.pos=-102.21 elbow_flex.pos=+89.78 wrist_flex.pos=+73.44 wrist_roll.pos=-0.52 gripper.pos=+0.70
DEBUG 2026-09-03 08:27:12 [action #5] t=1.14s step=4 queue=46 dmax=0.562 | shoulder_pan.pos=-4.04 shoulder_lift.pos=-102.22 elbow_flex.pos=+89.22 wrist_flex.pos=+73.23 wrist_roll.pos=-0.35 gripper.pos=+0.69
DEBUG 2026-09-03 08:27:12 [action #6] t=1.17s step=5 queue=45 dmax=0.595 | shoulder_pan.pos=-4.34 shoulder_lift.pos=-102.46 elbow_flex.pos=+89.82 wrist_flex.pos=+73.03 wrist_roll.pos=-0.36 gripper.pos=+0.65
DEBUG 2026-09-03 08:27:12 [action #7] t=1.20s step=6 queue=44 dmax=0.488 | shoulder_pan.pos=-4.23 shoulder_lift.pos=-102.95 elbow_flex.pos=+89.73 wrist_flex.pos=+72.73 wrist_roll.pos=-0.41 gripper.pos=+0.59
DEBUG 2026-09-03 08:27:12 [action #8] t=1.24s step=7 queue=43 dmax=0.541 | shoulder_pan.pos=-4.15 shoulder_lift.pos=-102.41 elbow_flex.pos=+89.49 wrist_flex.pos=+72.57 wrist_roll.pos=-0.45 gripper.pos=+0.48
DEBUG 2026-09-03 08:27:12 [action #9] t=1.27s step=8 queue=42 dmax=0.352 | shoulder_pan.pos=-4.45 shoulder_lift.pos=-102.06 elbow_flex.pos=+89.50 wrist_flex.pos=+72.50 wrist_roll.pos=-0.44 gripper.pos=+0.75
DEBUG 2026-09-03 08:27:12 [action #10] t=1.30s step=9 queue=41 dmax=0.550 | shoulder_pan.pos=-4.56 shoulder_lift.pos=-102.61 elbow_flex.pos=+89.63 wrist_flex.pos=+72.30 wrist_roll.pos=-0.43 gripper.pos=+0.67
DEBUG 2026-09-03 08:27:12 [action #11] t=1.34s step=10 queue=40 dmax=0.368 | shoulder_pan.pos=-4.72 shoulder_lift.pos=-102.34 elbow_flex.pos=+89.78 wrist_flex.pos=+71.93 wrist_roll.pos=-0.41 gripper.pos=+0.65
DEBUG 2026-09-03 08:27:12 [action #12] t=1.37s step=11 queue=39 dmax=0.533 | shoulder_pan.pos=-4.86 shoulder_lift.pos=-102.07 elbow_flex.pos=+89.25 wrist_flex.pos=+71.85 wrist_roll.pos=-0.41 gripper.pos=+0.49
DEBUG 2026-09-03 08:27:12 [action #13] t=1.40s step=12 queue=38 dmax=0.381 | shoulder_pan.pos=-5.24 shoulder_lift.pos=-102.12 elbow_flex.pos=+89.13 wrist_flex.pos=+71.56 wrist_roll.pos=-0.35 gripper.pos=+0.54
DEBUG 2026-09-03 08:27:12 [action #14] t=1.44s step=13 queue=37 dmax=0.281 | shoulder_pan.pos=-5.36 shoulder_lift.pos=-102.40 elbow_flex.pos=+89.06 wrist_flex.pos=+71.55 wrist_roll.pos=-0.33 gripper.pos=+0.59
DEBUG 2026-09-03 08:27:12 [action #15] t=1.47s step=14 queue=36 dmax=0.238 | shoulder_pan.pos=-5.46 shoulder_lift.pos=-102.56 elbow_flex.pos=+88.82 wrist_flex.pos=+71.44 wrist_roll.pos=-0.34 gripper.pos=+0.55
DEBUG 2026-09-03 08:27:12 [action #16] t=1.50s step=15 queue=35 dmax=0.499 | shoulder_pan.pos=-5.14 shoulder_lift.pos=-102.06 elbow_flex.pos=+89.13 wrist_flex.pos=+71.12 wrist_roll.pos=-0.32 gripper.pos=+0.67
DEBUG 2026-09-03 08:27:12 [action #17] t=1.54s step=16 queue=34 dmax=0.304 | shoulder_pan.pos=-5.28 shoulder_lift.pos=-102.06 elbow_flex.pos=+88.83 wrist_flex.pos=+71.24 wrist_roll.pos=-0.42 gripper.pos=+0.60
DEBUG 2026-09-03 08:27:12 [action #18] t=1.57s step=17 queue=33 dmax=0.546 | shoulder_pan.pos=-5.04 shoulder_lift.pos=-102.61 elbow_flex.pos=+89.30 wrist_flex.pos=+71.25 wrist_roll.pos=-0.32 gripper.pos=+0.60
DEBUG 2026-09-03 08:27:12 [action #19] t=1.61s step=18 queue=32 dmax=0.225 | shoulder_pan.pos=-5.24 shoulder_lift.pos=-102.41 elbow_flex.pos=+89.22 wrist_flex.pos=+71.02 wrist_roll.pos=-0.34 gripper.pos=+0.57
DEBUG 2026-09-03 08:27:12 [action #20] t=1.64s step=19 queue=31 dmax=0.611 | shoulder_pan.pos=-5.06 shoulder_lift.pos=-101.91 elbow_flex.pos=+88.61 wrist_flex.pos=+71.01 wrist_roll.pos=-0.33 gripper.pos=+0.58
DEBUG 2026-09-03 08:27:12 [action #21] t=1.67s step=20 queue=30 dmax=0.901 | shoulder_pan.pos=-5.20 shoulder_lift.pos=-102.81 elbow_flex.pos=+89.36 wrist_flex.pos=+70.90 wrist_roll.pos=-0.39 gripper.pos=+0.60
DEBUG 2026-09-03 08:27:12 [action #22] t=1.71s step=21 queue=29 dmax=1.076 | shoulder_pan.pos=-5.00 shoulder_lift.pos=-101.73 elbow_flex.pos=+88.67 wrist_flex.pos=+70.99 wrist_roll.pos=-0.43 gripper.pos=+0.60
DEBUG 2026-09-03 08:27:13 [action #23] t=1.74s step=22 queue=28 dmax=1.140 | shoulder_pan.pos=-4.97 shoulder_lift.pos=-102.87 elbow_flex.pos=+89.13 wrist_flex.pos=+70.84 wrist_roll.pos=-0.49 gripper.pos=+0.64
DEBUG 2026-09-03 08:27:13 [action #24] t=1.77s step=23 queue=27 dmax=1.099 | shoulder_pan.pos=-4.93 shoulder_lift.pos=-101.77 elbow_flex.pos=+89.00 wrist_flex.pos=+71.00 wrist_roll.pos=-0.46 gripper.pos=+0.69
DEBUG 2026-09-03 08:27:13 [action #25] t=1.81s step=24 queue=26 dmax=0.763 | shoulder_pan.pos=-4.73 shoulder_lift.pos=-102.53 elbow_flex.pos=+88.83 wrist_flex.pos=+70.92 wrist_roll.pos=-0.41 gripper.pos=+0.57
DEBUG 2026-09-03 08:27:13 [action #26] t=1.84s step=25 queue=25 dmax=0.246 | shoulder_pan.pos=-4.79 shoulder_lift.pos=-102.33 elbow_flex.pos=+88.59 wrist_flex.pos=+70.85 wrist_roll.pos=-0.30 gripper.pos=+0.52
DEBUG 2026-09-03 08:27:13 [action #27] t=1.87s step=26 queue=24 dmax=0.134 | shoulder_pan.pos=-4.90 shoulder_lift.pos=-102.44 elbow_flex.pos=+88.46 wrist_flex.pos=+70.89 wrist_roll.pos=-0.44 gripper.pos=+0.53
DEBUG 2026-09-03 08:27:13 [action #28] t=1.91s step=27 queue=23 dmax=0.372 | shoulder_pan.pos=-4.67 shoulder_lift.pos=-102.34 elbow_flex.pos=+88.51 wrist_flex.pos=+70.52 wrist_roll.pos=-0.50 gripper.pos=+0.67
DEBUG 2026-09-03 08:27:13 [action #29] t=1.94s step=28 queue=22 dmax=0.610 | shoulder_pan.pos=-4.71 shoulder_lift.pos=-102.52 elbow_flex.pos=+87.90 wrist_flex.pos=+70.40 wrist_roll.pos=-0.45 gripper.pos=+0.67
DEBUG 2026-09-03 08:27:13 [action #30] t=1.97s step=29 queue=21 dmax=0.205 | shoulder_pan.pos=-4.90 shoulder_lift.pos=-102.48 elbow_flex.pos=+87.93 wrist_flex.pos=+70.20 wrist_roll.pos=-0.43 gripper.pos=+0.57
DEBUG 2026-09-03 08:27:13 [action #31] t=2.01s step=30 queue=20 dmax=0.676 | shoulder_pan.pos=-4.60 shoulder_lift.pos=-102.45 elbow_flex.pos=+88.60 wrist_flex.pos=+70.01 wrist_roll.pos=-0.51 gripper.pos=+0.60
DEBUG 2026-09-03 08:27:13 [action #32] t=2.04s step=31 queue=19 dmax=0.681 | shoulder_pan.pos=-5.05 shoulder_lift.pos=-102.30 elbow_flex.pos=+87.92 wrist_flex.pos=+69.93 wrist_roll.pos=-0.57 gripper.pos=+0.61
DEBUG 2026-09-03 08:27:13 [action #33] t=2.07s step=32 queue=18 dmax=0.329 | shoulder_pan.pos=-4.90 shoulder_lift.pos=-102.47 elbow_flex.pos=+87.97 wrist_flex.pos=+69.60 wrist_roll.pos=-0.54 gripper.pos=+0.62
DEBUG 2026-09-03 08:27:13 [action #34] t=2.11s step=33 queue=17 dmax=0.262 | shoulder_pan.pos=-4.63 shoulder_lift.pos=-102.31 elbow_flex.pos=+87.96 wrist_flex.pos=+69.47 wrist_roll.pos=-0.67 gripper.pos=+0.48
DEBUG 2026-09-03 08:27:13 [action #35] t=2.14s step=34 queue=16 dmax=0.576 | shoulder_pan.pos=-4.77 shoulder_lift.pos=-102.88 elbow_flex.pos=+88.27 wrist_flex.pos=+69.42 wrist_roll.pos=-0.71 gripper.pos=+0.51
DEBUG 2026-09-03 08:27:13 [chunk] received 50 actions, timesteps 7..56 | first: shoulder_pan.pos=-4.05 shoulder_lift.pos=-102.48 elbow_flex.pos=+88.11 wrist_flex.pos=+72.87 wrist_roll.pos=-0.75 gripper.pos=+1.06 | last: shoulder_pan.pos=-5.38 shoulder_lift.pos=-101.59 elbow_flex.pos=+85.30 wrist_flex.pos=+68.88 wrist_roll.pos=-0.90 gripper.pos=+0.77
DEBUG 2026-09-03 08:27:13 [action #36] t=2.17s step=35 queue=22 dmax=0.781 | shoulder_pan.pos=-4.73 shoulder_lift.pos=-102.10 elbow_flex.pos=+87.96 wrist_flex.pos=+69.44 wrist_roll.pos=-0.76 gripper.pos=+0.80
DEBUG 2026-09-03 08:27:13 [action #37] t=2.21s step=36 queue=21 dmax=0.305 | shoulder_pan.pos=-5.04 shoulder_lift.pos=-101.96 elbow_flex.pos=+87.85 wrist_flex.pos=+69.30 wrist_roll.pos=-0.89 gripper.pos=+0.67
DEBUG 2026-09-03 08:27:13 [action #38] t=2.24s step=37 queue=20 dmax=0.363 | shoulder_pan.pos=-4.99 shoulder_lift.pos=-101.64 elbow_flex.pos=+87.49 wrist_flex.pos=+69.05 wrist_roll.pos=-0.91 gripper.pos=+0.71
DEBUG 2026-09-03 08:27:13 [action #39] t=2.27s step=38 queue=19 dmax=0.544 | shoulder_pan.pos=-5.17 shoulder_lift.pos=-102.19 elbow_flex.pos=+87.58 wrist_flex.pos=+69.02 wrist_roll.pos=-0.98 gripper.pos=+0.73
DEBUG 2026-09-03 08:27:13 [action #40] t=2.31s step=39 queue=18 dmax=0.306 | shoulder_pan.pos=-5.20 shoulder_lift.pos=-101.88 elbow_flex.pos=+87.54 wrist_flex.pos=+68.76 wrist_roll.pos=-0.99 gripper.pos=+0.62
DEBUG 2026-09-03 08:27:13 [action #41] t=2.34s step=40 queue=17 dmax=0.314 | shoulder_pan.pos=-5.44 shoulder_lift.pos=-102.14 elbow_flex.pos=+87.23 wrist_flex.pos=+68.77 wrist_roll.pos=-1.06 gripper.pos=+0.66
DEBUG 2026-09-03 08:27:13 [action #42] t=2.37s step=41 queue=16 dmax=0.558 | shoulder_pan.pos=-5.10 shoulder_lift.pos=-101.59 elbow_flex.pos=+87.23 wrist_flex.pos=+68.40 wrist_roll.pos=-1.10 gripper.pos=+0.70
DEBUG 2026-09-03 08:27:13 [action #43] t=2.41s step=42 queue=15 dmax=0.827 | shoulder_pan.pos=-5.51 shoulder_lift.pos=-102.41 elbow_flex.pos=+87.20 wrist_flex.pos=+68.38 wrist_roll.pos=-1.17 gripper.pos=+0.64
DEBUG 2026-09-03 08:27:13 [action #44] t=2.44s step=43 queue=14 dmax=0.695 | shoulder_pan.pos=-5.39 shoulder_lift.pos=-101.72 elbow_flex.pos=+86.91 wrist_flex.pos=+68.23 wrist_roll.pos=-1.25 gripper.pos=+0.63
DEBUG 2026-09-03 08:27:13 [action #45] t=2.48s step=44 queue=13 dmax=0.087 | shoulder_pan.pos=-5.42 shoulder_lift.pos=-101.70 elbow_flex.pos=+86.96 wrist_flex.pos=+68.15 wrist_roll.pos=-1.25 gripper.pos=+0.65
DEBUG 2026-09-03 08:27:13 [action #46] t=2.51s step=45 queue=12 dmax=0.547 | shoulder_pan.pos=-5.29 shoulder_lift.pos=-102.24 elbow_flex.pos=+87.09 wrist_flex.pos=+67.94 wrist_roll.pos=-1.26 gripper.pos=+0.55
DEBUG 2026-09-03 08:27:13 [action #47] t=2.54s step=46 queue=11 dmax=0.621 | shoulder_pan.pos=-5.30 shoulder_lift.pos=-102.45 elbow_flex.pos=+86.47 wrist_flex.pos=+67.81 wrist_roll.pos=-1.36 gripper.pos=+0.61
DEBUG 2026-09-03 08:27:13 [action #48] t=2.58s step=47 queue=10 dmax=0.349 | shoulder_pan.pos=-5.36 shoulder_lift.pos=-102.12 elbow_flex.pos=+86.12 wrist_flex.pos=+67.99 wrist_roll.pos=-1.35 gripper.pos=+0.66
DEBUG 2026-09-03 08:27:13 [action #49] t=2.61s step=48 queue=9 dmax=0.332 | shoulder_pan.pos=-5.41 shoulder_lift.pos=-102.04 elbow_flex.pos=+86.45 wrist_flex.pos=+67.72 wrist_roll.pos=-1.48 gripper.pos=+0.57
DEBUG 2026-09-03 08:27:13 [action #50] t=2.64s step=49 queue=8 dmax=0.393 | shoulder_pan.pos=-5.24 shoulder_lift.pos=-102.21 elbow_flex.pos=+86.06 wrist_flex.pos=+67.82 wrist_roll.pos=-1.43 gripper.pos=+0.69
DEBUG 2026-09-03 08:27:13 [action #51] t=2.68s step=50 queue=7 dmax=1.084 | shoulder_pan.pos=-5.45 shoulder_lift.pos=-101.12 elbow_flex.pos=+86.18 wrist_flex.pos=+68.18 wrist_roll.pos=-0.95 gripper.pos=+0.82
DEBUG 2026-09-03 08:27:13 [action #52] t=2.71s step=51 queue=6 dmax=0.537 | shoulder_pan.pos=-5.25 shoulder_lift.pos=-101.45 elbow_flex.pos=+85.65 wrist_flex.pos=+68.23 wrist_roll.pos=-0.89 gripper.pos=+0.73
DEBUG 2026-09-03 08:27:14 [action #53] t=2.74s step=52 queue=5 dmax=0.582 | shoulder_pan.pos=-5.29 shoulder_lift.pos=-101.78 elbow_flex.pos=+85.06 wrist_flex.pos=+68.25 wrist_roll.pos=-0.97 gripper.pos=+0.67
DEBUG 2026-09-03 08:27:14 [action #54] t=2.78s step=53 queue=4 dmax=0.449 | shoulder_pan.pos=-5.22 shoulder_lift.pos=-101.66 elbow_flex.pos=+85.51 wrist_flex.pos=+68.42 wrist_roll.pos=-0.93 gripper.pos=+0.66
DEBUG 2026-09-03 08:27:14 [action #55] t=2.81s step=54 queue=3 dmax=0.417 | shoulder_pan.pos=-5.41 shoulder_lift.pos=-101.83 elbow_flex.pos=+85.93 wrist_flex.pos=+68.61 wrist_roll.pos=-0.95 gripper.pos=+0.61
DEBUG 2026-09-03 08:27:14 [action #56] t=2.84s step=55 queue=2 dmax=0.317 | shoulder_pan.pos=-5.28 shoulder_lift.pos=-101.74 elbow_flex.pos=+85.61 wrist_flex.pos=+68.58 wrist_roll.pos=-0.90 gripper.pos=+0.71
DEBUG 2026-09-03 08:27:14 [action #57] t=2.88s step=56 queue=1 dmax=0.316 | shoulder_pan.pos=-5.38 shoulder_lift.pos=-101.59 elbow_flex.pos=+85.30 wrist_flex.pos=+68.88 wrist_roll.pos=-0.90 gripper.pos=+0.77
DEBUG 2026-09-03 08:27:14 [chunk] received 50 actions, timesteps 34..83 | first: shoulder_pan.pos=-5.00 shoulder_lift.pos=-101.45 elbow_flex.pos=+87.43 wrist_flex.pos=+68.83 wrist_roll.pos=-0.58 gripper.pos=+1.08 | last: shoulder_pan.pos=-4.75 shoulder_lift.pos=-101.52 elbow_flex.pos=+78.09 wrist_flex.pos=+67.18 wrist_roll.pos=-1.10 gripper.pos=+0.64
DEBUG 2026-09-03 08:27:14 [action #58] t=3.04s step=57 queue=27 dmax=6.733 | shoulder_pan.pos=-4.86 shoulder_lift.pos=-102.43 elbow_flex.pos=+87.36 wrist_flex.pos=+62.15 wrist_roll.pos=-0.89 gripper.pos=+0.59
DEBUG 2026-09-03 08:27:14 [action #59] t=3.08s step=58 queue=26 dmax=0.248 | shoulder_pan.pos=-4.91 shoulder_lift.pos=-102.26 elbow_flex.pos=+87.14 wrist_flex.pos=+62.40 wrist_roll.pos=-0.97 gripper.pos=+0.77
DEBUG 2026-09-03 08:27:14 [action #60] t=3.11s step=59 queue=25 dmax=0.453 | shoulder_pan.pos=-4.99 shoulder_lift.pos=-102.39 elbow_flex.pos=+86.68 wrist_flex.pos=+62.71 wrist_roll.pos=-0.94 gripper.pos=+0.73
DEBUG 2026-09-03 08:27:14 [action #61] t=3.14s step=60 queue=24 dmax=0.415 | shoulder_pan.pos=-5.08 shoulder_lift.pos=-102.60 elbow_flex.pos=+86.51 wrist_flex.pos=+63.13 wrist_roll.pos=-0.91 gripper.pos=+0.49
DEBUG 2026-09-03 08:27:14 [action #62] t=3.18s step=61 queue=23 dmax=1.047 | shoulder_pan.pos=-5.00 shoulder_lift.pos=-101.89 elbow_flex.pos=+85.47 wrist_flex.pos=+63.33 wrist_roll.pos=-0.97 gripper.pos=+0.81
DEBUG 2026-09-03 08:27:14 [action #63] t=3.21s step=62 queue=22 dmax=0.574 | shoulder_pan.pos=-4.85 shoulder_lift.pos=-102.47 elbow_flex.pos=+85.16 wrist_flex.pos=+63.44 wrist_roll.pos=-0.90 gripper.pos=+0.77
DEBUG 2026-09-03 08:27:14 [action #64] t=3.24s step=63 queue=21 dmax=0.646 | shoulder_pan.pos=-4.81 shoulder_lift.pos=-102.35 elbow_flex.pos=+84.51 wrist_flex.pos=+63.90 wrist_roll.pos=-0.95 gripper.pos=+0.81
DEBUG 2026-09-03 08:27:14 [action #65] t=3.28s step=64 queue=20 dmax=0.224 | shoulder_pan.pos=-4.93 shoulder_lift.pos=-102.26 elbow_flex.pos=+84.59 wrist_flex.pos=+64.12 wrist_roll.pos=-0.96 gripper.pos=+0.67
DEBUG 2026-09-03 08:27:14 [action #66] t=3.31s step=65 queue=19 dmax=0.479 | shoulder_pan.pos=-4.92 shoulder_lift.pos=-102.27 elbow_flex.pos=+84.11 wrist_flex.pos=+64.49 wrist_roll.pos=-0.99 gripper.pos=+0.78
DEBUG 2026-09-03 08:27:14 [action #67] t=3.34s step=66 queue=18 dmax=1.229 | shoulder_pan.pos=-4.86 shoulder_lift.pos=-101.80 elbow_flex.pos=+82.88 wrist_flex.pos=+64.61 wrist_roll.pos=-0.97 gripper.pos=+0.77
DEBUG 2026-09-03 08:27:14 [action #68] t=3.38s step=67 queue=17 dmax=0.410 | shoulder_pan.pos=-4.58 shoulder_lift.pos=-101.69 elbow_flex.pos=+82.75 wrist_flex.pos=+65.02 wrist_roll.pos=-1.00 gripper.pos=+0.78
DEBUG 2026-09-03 08:27:14 [action #69] t=3.41s step=68 queue=16 dmax=0.787 | shoulder_pan.pos=-4.60 shoulder_lift.pos=-101.84 elbow_flex.pos=+81.96 wrist_flex.pos=+65.18 wrist_roll.pos=-1.01 gripper.pos=+0.72
DEBUG 2026-09-03 08:27:14 [action #70] t=3.45s step=69 queue=15 dmax=0.471 | shoulder_pan.pos=-4.70 shoulder_lift.pos=-101.51 elbow_flex.pos=+81.83 wrist_flex.pos=+65.65 wrist_roll.pos=-1.07 gripper.pos=+0.61
DEBUG 2026-09-03 08:27:14 [action #71] t=3.48s step=70 queue=14 dmax=0.608 | shoulder_pan.pos=-4.50 shoulder_lift.pos=-101.65 elbow_flex.pos=+81.22 wrist_flex.pos=+65.69 wrist_roll.pos=-1.05 gripper.pos=+0.77
DEBUG 2026-09-03 08:27:14 [action #72] t=3.51s step=71 queue=13 dmax=0.736 | shoulder_pan.pos=-4.35 shoulder_lift.pos=-101.04 elbow_flex.pos=+80.48 wrist_flex.pos=+65.80 wrist_roll.pos=-1.03 gripper.pos=+0.68
DEBUG 2026-09-03 08:27:14 [action #73] t=3.55s step=72 queue=12 dmax=0.674 | shoulder_pan.pos=-4.62 shoulder_lift.pos=-101.71 elbow_flex.pos=+80.86 wrist_flex.pos=+66.19 wrist_roll.pos=-1.09 gripper.pos=+0.63
DEBUG 2026-09-03 08:27:14 [action #74] t=3.58s step=73 queue=11 dmax=0.506 | shoulder_pan.pos=-4.68 shoulder_lift.pos=-101.54 elbow_flex.pos=+80.36 wrist_flex.pos=+66.38 wrist_roll.pos=-1.05 gripper.pos=+0.80
DEBUG 2026-09-03 08:27:14 [action #75] t=3.61s step=74 queue=10 dmax=0.537 | shoulder_pan.pos=-4.72 shoulder_lift.pos=-101.27 elbow_flex.pos=+79.82 wrist_flex.pos=+66.67 wrist_roll.pos=-0.98 gripper.pos=+0.63
DEBUG 2026-09-03 08:27:14 [action #76] t=3.65s step=75 queue=9 dmax=0.677 | shoulder_pan.pos=-4.73 shoulder_lift.pos=-101.13 elbow_flex.pos=+79.14 wrist_flex.pos=+66.92 wrist_roll.pos=-1.00 gripper.pos=+0.71
DEBUG 2026-09-03 08:27:14 [action #77] t=3.68s step=76 queue=8 dmax=0.266 | shoulder_pan.pos=-4.56 shoulder_lift.pos=-101.11 elbow_flex.pos=+79.41 wrist_flex.pos=+67.12 wrist_roll.pos=-1.11 gripper.pos=+0.75
DEBUG 2026-09-03 08:27:14 [action #78] t=3.71s step=77 queue=7 dmax=0.512 | shoulder_pan.pos=-4.81 shoulder_lift.pos=-101.24 elbow_flex.pos=+78.90 wrist_flex.pos=+67.35 wrist_roll.pos=-1.03 gripper.pos=+0.76
DEBUG 2026-09-03 08:27:15 [action #79] t=3.75s step=78 queue=6 dmax=0.528 | shoulder_pan.pos=-4.89 shoulder_lift.pos=-101.77 elbow_flex.pos=+78.40 wrist_flex.pos=+67.18 wrist_roll.pos=-1.00 gripper.pos=+0.57
DEBUG 2026-09-03 08:27:15 [action #80] t=3.78s step=79 queue=5 dmax=0.320 | shoulder_pan.pos=-4.77 shoulder_lift.pos=-101.45 elbow_flex.pos=+78.28 wrist_flex.pos=+67.02 wrist_roll.pos=-1.08 gripper.pos=+0.65
DEBUG 2026-09-03 08:27:15 [chunk] received 50 actions, timesteps 56..105 | first: shoulder_pan.pos=-5.65 shoulder_lift.pos=-100.89 elbow_flex.pos=+85.37 wrist_flex.pos=+68.04 wrist_roll.pos=-0.92 gripper.pos=+0.68 | last: shoulder_pan.pos=-5.41 shoulder_lift.pos=-74.13 elbow_flex.pos=+65.94 wrist_flex.pos=+60.41 wrist_roll.pos=-7.45 gripper.pos=+0.78
DEBUG 2026-09-03 08:27:15 [action #81] t=3.81s step=80 queue=26 dmax=2.696 | shoulder_pan.pos=-5.98 shoulder_lift.pos=-100.64 elbow_flex.pos=+80.97 wrist_flex.pos=+67.73 wrist_roll.pos=-0.87 gripper.pos=+0.46
DEBUG 2026-09-03 08:27:15 [action #82] t=3.85s step=81 queue=25 dmax=0.364 | shoulder_pan.pos=-5.97 shoulder_lift.pos=-101.00 elbow_flex.pos=+80.96 wrist_flex.pos=+67.86 wrist_roll.pos=-0.99 gripper.pos=+0.60
DEBUG 2026-09-03 08:27:15 [action #83] t=3.88s step=82 queue=24 dmax=0.585 | shoulder_pan.pos=-5.84 shoulder_lift.pos=-100.61 elbow_flex.pos=+80.37 wrist_flex.pos=+67.63 wrist_roll.pos=-0.94 gripper.pos=+0.53
DEBUG 2026-09-03 08:27:15 [action #84] t=3.91s step=83 queue=23 dmax=0.322 | shoulder_pan.pos=-5.63 shoulder_lift.pos=-100.80 elbow_flex.pos=+80.69 wrist_flex.pos=+67.69 wrist_roll.pos=-1.00 gripper.pos=+0.58
DEBUG 2026-09-03 08:27:15 [action #85] t=3.95s step=84 queue=22 dmax=0.425 | shoulder_pan.pos=-5.68 shoulder_lift.pos=-100.50 elbow_flex.pos=+81.12 wrist_flex.pos=+67.66 wrist_roll.pos=-0.97 gripper.pos=+0.41
DEBUG 2026-09-03 08:27:15 [action #86] t=3.98s step=85 queue=21 dmax=1.554 | shoulder_pan.pos=-6.05 shoulder_lift.pos=-98.95 elbow_flex.pos=+81.08 wrist_flex.pos=+67.62 wrist_roll.pos=-0.89 gripper.pos=+0.55
DEBUG 2026-09-03 08:27:15 [action #87] t=4.01s step=86 queue=20 dmax=1.119 | shoulder_pan.pos=-5.56 shoulder_lift.pos=-100.07 elbow_flex.pos=+80.61 wrist_flex.pos=+67.76 wrist_roll.pos=-1.20 gripper.pos=+0.46
DEBUG 2026-09-03 08:27:15 [action #88] t=4.05s step=87 queue=19 dmax=0.774 | shoulder_pan.pos=-5.54 shoulder_lift.pos=-99.29 elbow_flex.pos=+80.30 wrist_flex.pos=+67.49 wrist_roll.pos=-1.53 gripper.pos=+0.56
DEBUG 2026-09-03 08:27:15 [action #89] t=4.08s step=88 queue=18 dmax=1.439 | shoulder_pan.pos=-5.49 shoulder_lift.pos=-98.88 elbow_flex.pos=+78.86 wrist_flex.pos=+67.25 wrist_roll.pos=-2.11 gripper.pos=+0.37
DEBUG 2026-09-03 08:27:15 [action #90] t=4.11s step=89 queue=17 dmax=0.657 | shoulder_pan.pos=-5.93 shoulder_lift.pos=-99.06 elbow_flex.pos=+79.24 wrist_flex.pos=+66.97 wrist_roll.pos=-2.77 gripper.pos=+0.40
DEBUG 2026-09-03 08:27:15 [action #91] t=4.15s step=90 queue=16 dmax=1.264 | shoulder_pan.pos=-5.70 shoulder_lift.pos=-97.80 elbow_flex.pos=+78.68 wrist_flex.pos=+66.58 wrist_roll.pos=-3.05 gripper.pos=+0.46
DEBUG 2026-09-03 08:27:15 [action #92] t=4.18s step=91 queue=15 dmax=0.268 | shoulder_pan.pos=-5.80 shoulder_lift.pos=-97.56 elbow_flex.pos=+78.41 wrist_flex.pos=+66.53 wrist_roll.pos=-3.31 gripper.pos=+0.53
DEBUG 2026-09-03 08:27:15 [action #93] t=4.21s step=92 queue=14 dmax=0.644 | shoulder_pan.pos=-6.04 shoulder_lift.pos=-96.91 elbow_flex.pos=+78.19 wrist_flex.pos=+66.40 wrist_roll.pos=-3.35 gripper.pos=+0.54
DEBUG 2026-09-03 08:27:15 [action #94] t=4.25s step=93 queue=13 dmax=0.470 | shoulder_pan.pos=-6.14 shoulder_lift.pos=-96.44 elbow_flex.pos=+77.73 wrist_flex.pos=+66.12 wrist_roll.pos=-3.49 gripper.pos=+0.56
DEBUG 2026-09-03 08:27:15 [action #95] t=4.28s step=94 queue=12 dmax=1.711 | shoulder_pan.pos=-5.61 shoulder_lift.pos=-94.73 elbow_flex.pos=+77.25 wrist_flex.pos=+65.63 wrist_roll.pos=-3.74 gripper.pos=+0.34
DEBUG 2026-09-03 08:27:15 [action #96] t=4.31s step=95 queue=11 dmax=1.312 | shoulder_pan.pos=-5.47 shoulder_lift.pos=-93.42 elbow_flex.pos=+76.65 wrist_flex.pos=+65.30 wrist_roll.pos=-4.04 gripper.pos=+0.44
DEBUG 2026-09-03 08:27:15 [action #97] t=4.35s step=96 queue=10 dmax=2.058 | shoulder_pan.pos=-5.67 shoulder_lift.pos=-91.36 elbow_flex.pos=+75.41 wrist_flex.pos=+64.60 wrist_roll.pos=-4.39 gripper.pos=+0.43
DEBUG 2026-09-03 08:27:15 [action #98] t=4.38s step=97 queue=9 dmax=2.014 | shoulder_pan.pos=-5.75 shoulder_lift.pos=-89.35 elbow_flex.pos=+74.55 wrist_flex.pos=+64.39 wrist_roll.pos=-4.85 gripper.pos=+0.66
DEBUG 2026-09-03 08:27:15 [action #99] t=4.41s step=98 queue=8 dmax=2.539 | shoulder_pan.pos=-5.41 shoulder_lift.pos=-86.81 elbow_flex.pos=+73.16 wrist_flex.pos=+63.57 wrist_roll.pos=-5.38 gripper.pos=+0.52
DEBUG 2026-09-03 08:27:15 [action #100] t=4.45s step=99 queue=7 dmax=2.495 | shoulder_pan.pos=-5.57 shoulder_lift.pos=-84.31 elbow_flex.pos=+71.67 wrist_flex.pos=+62.96 wrist_roll.pos=-6.20 gripper.pos=+0.63
DEBUG 2026-09-03 08:27:15 [action #101] t=4.48s step=100 queue=6 dmax=2.638 | shoulder_pan.pos=-5.49 shoulder_lift.pos=-81.68 elbow_flex.pos=+70.26 wrist_flex.pos=+62.52 wrist_roll.pos=-6.81 gripper.pos=+0.44
DEBUG 2026-09-03 08:27:15 [action #102] t=4.52s step=101 queue=5 dmax=2.714 | shoulder_pan.pos=-5.26 shoulder_lift.pos=-78.96 elbow_flex.pos=+68.97 wrist_flex.pos=+61.63 wrist_roll.pos=-7.47 gripper.pos=+0.67
DEBUG 2026-09-03 08:27:15 [action #103] t=4.55s step=102 queue=4 dmax=2.608 | shoulder_pan.pos=-5.16 shoulder_lift.pos=-76.35 elbow_flex.pos=+67.51 wrist_flex.pos=+61.19 wrist_roll.pos=-7.64 gripper.pos=+0.68
DEBUG 2026-09-03 08:27:15 [action #104] t=4.58s step=103 queue=3 dmax=0.876 | shoulder_pan.pos=-5.47 shoulder_lift.pos=-75.72 elbow_flex.pos=+66.63 wrist_flex.pos=+60.95 wrist_roll.pos=-7.48 gripper.pos=+0.70
DEBUG 2026-09-03 08:27:15 [chunk] received 50 actions, timesteps 79..128 | first: shoulder_pan.pos=-4.48 shoulder_lift.pos=-100.06 elbow_flex.pos=+78.80 wrist_flex.pos=+66.83 wrist_roll.pos=-0.65 gripper.pos=+0.87 | last: shoulder_pan.pos=-8.59 shoulder_lift.pos=-66.62 elbow_flex.pos=+63.84 wrist_flex.pos=+55.64 wrist_roll.pos=-2.49 gripper.pos=+0.92
DEBUG 2026-09-03 08:27:15 [action #105] t=4.62s step=104 queue=25 dmax=14.679 | shoulder_pan.pos=-8.33 shoulder_lift.pos=-90.40 elbow_flex.pos=+72.21 wrist_flex.pos=+64.18 wrist_roll.pos=-2.84 gripper.pos=+0.81
DEBUG 2026-09-03 08:27:15 [action #106] t=4.65s step=105 queue=24 dmax=0.559 | shoulder_pan.pos=-8.40 shoulder_lift.pos=-89.84 elbow_flex.pos=+72.34 wrist_flex.pos=+64.10 wrist_roll.pos=-2.84 gripper.pos=+0.86
DEBUG 2026-09-03 08:27:15 [action #107] t=4.68s step=106 queue=23 dmax=6.667 | shoulder_pan.pos=-9.76 shoulder_lift.pos=-96.51 elbow_flex.pos=+75.15 wrist_flex.pos=+65.48 wrist_roll.pos=-1.02 gripper.pos=+0.90
DEBUG 2026-09-03 08:27:15 [action #108] t=4.72s step=107 queue=22 dmax=0.513 | shoulder_pan.pos=-9.82 shoulder_lift.pos=-96.00 elbow_flex.pos=+75.41 wrist_flex.pos=+65.19 wrist_roll.pos=-1.10 gripper.pos=+0.88
DEBUG 2026-09-03 08:27:16 [action #109] t=4.75s step=108 queue=21 dmax=0.551 | shoulder_pan.pos=-9.59 shoulder_lift.pos=-95.45 elbow_flex.pos=+75.69 wrist_flex.pos=+64.86 wrist_roll.pos=-1.14 gripper.pos=+0.88
DEBUG 2026-09-03 08:27:16 [action #110] t=4.78s step=109 queue=20 dmax=1.578 | shoulder_pan.pos=-9.31 shoulder_lift.pos=-93.87 elbow_flex.pos=+74.78 wrist_flex.pos=+64.14 wrist_roll.pos=-1.17 gripper.pos=+0.88
DEBUG 2026-09-03 08:27:16 [action #111] t=4.82s step=110 queue=19 dmax=1.046 | shoulder_pan.pos=-9.44 shoulder_lift.pos=-92.82 elbow_flex.pos=+75.59 wrist_flex.pos=+63.56 wrist_roll.pos=-1.18 gripper.pos=+0.72
DEBUG 2026-09-03 08:27:16 [action #112] t=4.85s step=111 queue=18 dmax=1.334 | shoulder_pan.pos=-9.12 shoulder_lift.pos=-91.49 elbow_flex.pos=+74.31 wrist_flex.pos=+63.12 wrist_roll.pos=-1.29 gripper.pos=+0.65
DEBUG 2026-09-03 08:27:16 [action #113] t=4.88s step=112 queue=17 dmax=2.043 | shoulder_pan.pos=-9.10 shoulder_lift.pos=-89.45 elbow_flex.pos=+73.90 wrist_flex.pos=+62.44 wrist_roll.pos=-1.45 gripper.pos=+0.92
DEBUG 2026-09-03 08:27:16 [action #114] t=4.92s step=113 queue=16 dmax=1.948 | shoulder_pan.pos=-9.10 shoulder_lift.pos=-87.50 elbow_flex.pos=+73.12 wrist_flex.pos=+62.09 wrist_roll.pos=-1.59 gripper.pos=+0.99
DEBUG 2026-09-03 08:27:16 [action #115] t=4.95s step=114 queue=15 dmax=1.938 | shoulder_pan.pos=-8.96 shoulder_lift.pos=-85.56 elbow_flex.pos=+72.47 wrist_flex.pos=+61.46 wrist_roll.pos=-1.77 gripper.pos=+0.80
DEBUG 2026-09-03 08:27:16 [action #116] t=4.98s step=115 queue=14 dmax=1.875 | shoulder_pan.pos=-9.09 shoulder_lift.pos=-83.69 elbow_flex.pos=+71.07 wrist_flex.pos=+61.05 wrist_roll.pos=-1.80 gripper.pos=+0.88
DEBUG 2026-09-03 08:27:16 [action #117] t=5.02s step=116 queue=13 dmax=1.291 | shoulder_pan.pos=-8.97 shoulder_lift.pos=-82.40 elbow_flex.pos=+70.63 wrist_flex.pos=+60.67 wrist_roll.pos=-1.81 gripper.pos=+0.77
DEBUG 2026-09-03 08:27:16 [action #118] t=5.05s step=117 queue=12 dmax=1.569 | shoulder_pan.pos=-9.10 shoulder_lift.pos=-80.83 elbow_flex.pos=+70.37 wrist_flex.pos=+59.92 wrist_roll.pos=-1.81 gripper.pos=+0.76
DEBUG 2026-09-03 08:27:16 [action #119] t=5.08s step=118 queue=11 dmax=2.045 | shoulder_pan.pos=-9.04 shoulder_lift.pos=-78.78 elbow_flex.pos=+69.53 wrist_flex.pos=+59.56 wrist_roll.pos=-1.73 gripper.pos=+0.83
DEBUG 2026-09-03 08:27:16 [action #120] t=5.12s step=119 queue=10 dmax=1.409 | shoulder_pan.pos=-9.14 shoulder_lift.pos=-77.37 elbow_flex.pos=+68.59 wrist_flex.pos=+59.21 wrist_roll.pos=-1.84 gripper.pos=+0.90
DEBUG 2026-09-03 08:27:16 [action #121] t=5.15s step=120 queue=9 dmax=1.492 | shoulder_pan.pos=-9.00 shoulder_lift.pos=-75.88 elbow_flex.pos=+67.36 wrist_flex.pos=+58.30 wrist_roll.pos=-1.88 gripper.pos=+0.78
DEBUG 2026-09-03 08:27:16 [action #122] t=5.18s step=121 queue=8 dmax=1.247 | shoulder_pan.pos=-8.82 shoulder_lift.pos=-74.63 elbow_flex.pos=+67.11 wrist_flex.pos=+57.90 wrist_roll.pos=-1.91 gripper.pos=+0.93
DEBUG 2026-09-03 08:27:16 [action #123] t=5.22s step=122 queue=7 dmax=1.052 | shoulder_pan.pos=-8.81 shoulder_lift.pos=-73.58 elbow_flex.pos=+67.46 wrist_flex.pos=+57.63 wrist_roll.pos=-2.10 gripper.pos=+0.95
DEBUG 2026-09-03 08:27:16 [action #124] t=5.25s step=123 queue=6 dmax=0.972 | shoulder_pan.pos=-8.79 shoulder_lift.pos=-72.61 elbow_flex.pos=+66.50 wrist_flex.pos=+57.13 wrist_roll.pos=-2.07 gripper.pos=+0.77
DEBUG 2026-09-03 08:27:16 [action #125] t=5.28s step=124 queue=5 dmax=0.377 | shoulder_pan.pos=-8.82 shoulder_lift.pos=-72.24 elbow_flex.pos=+66.45 wrist_flex.pos=+56.75 wrist_roll.pos=-2.19 gripper.pos=+0.92
DEBUG 2026-09-03 08:27:16 [action #126] t=5.32s step=125 queue=4 dmax=1.807 | shoulder_pan.pos=-8.76 shoulder_lift.pos=-70.44 elbow_flex.pos=+65.23 wrist_flex.pos=+56.40 wrist_roll.pos=-2.30 gripper.pos=+0.94
DEBUG 2026-09-03 08:27:16 [action #127] t=5.35s step=126 queue=3 dmax=1.011 | shoulder_pan.pos=-8.67 shoulder_lift.pos=-69.42 elbow_flex.pos=+64.51 wrist_flex.pos=+56.05 wrist_roll.pos=-2.35 gripper.pos=+1.01
DEBUG 2026-09-03 08:27:16 [action #128] t=5.38s step=127 queue=2 dmax=1.228 | shoulder_pan.pos=-8.82 shoulder_lift.pos=-68.20 elbow_flex.pos=+64.72 wrist_flex.pos=+55.76 wrist_roll.pos=-2.43 gripper.pos=+0.96
DEBUG 2026-09-03 08:27:16 [action #129] t=5.42s step=128 queue=1 dmax=1.581 | shoulder_pan.pos=-8.59 shoulder_lift.pos=-66.62 elbow_flex.pos=+63.84 wrist_flex.pos=+55.64 wrist_roll.pos=-2.49 gripper.pos=+0.92
DEBUG 2026-09-03 08:27:16 [chunk] received 50 actions, timesteps 102..151 | first: shoulder_pan.pos=-5.47 shoulder_lift.pos=-81.04 elbow_flex.pos=+71.26 wrist_flex.pos=+61.86 wrist_roll.pos=-6.12 gripper.pos=+1.02 | last: shoulder_pan.pos=-6.66 shoulder_lift.pos=-67.11 elbow_flex.pos=+59.92 wrist_flex.pos=+60.51 wrist_roll.pos=-6.15 gripper.pos=+1.56
DEBUG 2026-09-03 08:27:16 [action #130] t=5.45s step=129 queue=23 dmax=6.711 | shoulder_pan.pos=-8.35 shoulder_lift.pos=-73.33 elbow_flex.pos=+65.33 wrist_flex.pos=+60.05 wrist_roll.pos=-6.15 gripper.pos=+1.03
DEBUG 2026-09-03 08:27:16 [action #131] t=5.49s step=130 queue=22 dmax=0.589 | shoulder_pan.pos=-8.19 shoulder_lift.pos=-72.74 elbow_flex.pos=+65.74 wrist_flex.pos=+59.79 wrist_roll.pos=-6.21 gripper.pos=+1.28
DEBUG 2026-09-03 08:27:16 [action #132] t=5.52s step=131 queue=21 dmax=0.868 | shoulder_pan.pos=-8.27 shoulder_lift.pos=-72.39 elbow_flex.pos=+64.87 wrist_flex.pos=+59.37 wrist_roll.pos=-6.20 gripper.pos=+0.85
DEBUG 2026-09-03 08:27:16 [action #133] t=5.55s step=132 queue=20 dmax=0.357 | shoulder_pan.pos=-8.36 shoulder_lift.pos=-72.05 elbow_flex.pos=+64.59 wrist_flex.pos=+59.02 wrist_roll.pos=-6.19 gripper.pos=+0.92
DEBUG 2026-09-03 08:27:16 [action #134] t=5.59s step=133 queue=19 dmax=0.655 | shoulder_pan.pos=-7.87 shoulder_lift.pos=-71.40 elbow_flex.pos=+64.80 wrist_flex.pos=+58.87 wrist_roll.pos=-6.28 gripper.pos=+0.92
DEBUG 2026-09-03 08:27:16 [action #135] t=5.62s step=134 queue=18 dmax=0.508 | shoulder_pan.pos=-8.02 shoulder_lift.pos=-71.23 elbow_flex.pos=+64.29 wrist_flex.pos=+58.72 wrist_roll.pos=-6.07 gripper.pos=+0.89
DEBUG 2026-09-03 08:27:16 [action #136] t=5.65s step=135 queue=17 dmax=0.583 | shoulder_pan.pos=-8.26 shoulder_lift.pos=-70.65 elbow_flex.pos=+63.91 wrist_flex.pos=+58.63 wrist_roll.pos=-6.11 gripper.pos=+0.97
DEBUG 2026-09-03 08:27:16 [action #137] t=5.69s step=136 queue=16 dmax=0.271 | shoulder_pan.pos=-8.08 shoulder_lift.pos=-70.53 elbow_flex.pos=+64.19 wrist_flex.pos=+58.48 wrist_roll.pos=-6.06 gripper.pos=+1.00
DEBUG 2026-09-03 08:27:16 [action #138] t=5.72s step=137 queue=15 dmax=0.450 | shoulder_pan.pos=-8.04 shoulder_lift.pos=-70.25 elbow_flex.pos=+63.74 wrist_flex.pos=+58.56 wrist_roll.pos=-6.06 gripper.pos=+1.15
DEBUG 2026-09-03 08:27:17 [action #139] t=5.75s step=138 queue=14 dmax=0.378 | shoulder_pan.pos=-7.92 shoulder_lift.pos=-69.88 elbow_flex.pos=+63.71 wrist_flex.pos=+58.29 wrist_roll.pos=-6.08 gripper.pos=+1.03
DEBUG 2026-09-03 08:27:17 [action #140] t=5.79s step=139 queue=13 dmax=0.672 | shoulder_pan.pos=-7.81 shoulder_lift.pos=-69.53 elbow_flex.pos=+63.04 wrist_flex.pos=+58.95 wrist_roll.pos=-6.09 gripper.pos=+1.02
DEBUG 2026-09-03 08:27:17 [action #141] t=5.82s step=140 queue=12 dmax=0.253 | shoulder_pan.pos=-7.73 shoulder_lift.pos=-69.32 elbow_flex.pos=+62.78 wrist_flex.pos=+58.76 wrist_roll.pos=-6.03 gripper.pos=+0.99
DEBUG 2026-09-03 08:27:17 [action #142] t=5.85s step=141 queue=11 dmax=0.658 | shoulder_pan.pos=-7.92 shoulder_lift.pos=-68.66 elbow_flex.pos=+62.32 wrist_flex.pos=+58.93 wrist_roll.pos=-6.03 gripper.pos=+0.96
DEBUG 2026-09-03 08:27:17 [action #143] t=5.89s step=142 queue=10 dmax=0.985 | shoulder_pan.pos=-7.71 shoulder_lift.pos=-67.97 elbow_flex.pos=+61.34 wrist_flex.pos=+58.76 wrist_roll.pos=-6.10 gripper.pos=+0.87
DEBUG 2026-09-03 08:27:17 [action #144] t=5.92s step=143 queue=9 dmax=0.690 | shoulder_pan.pos=-7.38 shoulder_lift.pos=-67.55 elbow_flex.pos=+60.65 wrist_flex.pos=+59.06 wrist_roll.pos=-6.04 gripper.pos=+0.96
DEBUG 2026-09-03 08:27:17 [action #145] t=5.95s step=144 queue=8 dmax=0.775 | shoulder_pan.pos=-7.72 shoulder_lift.pos=-67.43 elbow_flex.pos=+61.42 wrist_flex.pos=+59.40 wrist_roll.pos=-6.10 gripper.pos=+0.95
DEBUG 2026-09-03 08:27:17 [action #146] t=5.99s step=145 queue=7 dmax=0.854 | shoulder_pan.pos=-7.43 shoulder_lift.pos=-67.35 elbow_flex.pos=+60.57 wrist_flex.pos=+59.45 wrist_roll.pos=-6.05 gripper.pos=+0.90
DEBUG 2026-09-03 08:27:17 [action #147] t=6.02s step=146 queue=6 dmax=0.389 | shoulder_pan.pos=-7.34 shoulder_lift.pos=-67.26 elbow_flex.pos=+60.54 wrist_flex.pos=+59.84 wrist_roll.pos=-6.11 gripper.pos=+0.80
DEBUG 2026-09-03 08:27:17 [action #148] t=6.05s step=147 queue=5 dmax=0.394 | shoulder_pan.pos=-7.18 shoulder_lift.pos=-67.65 elbow_flex.pos=+60.56 wrist_flex.pos=+60.20 wrist_roll.pos=-6.08 gripper.pos=+1.04
DEBUG 2026-09-03 08:27:17 [action #149] t=6.09s step=148 queue=4 dmax=0.370 | shoulder_pan.pos=-7.07 shoulder_lift.pos=-67.28 elbow_flex.pos=+60.39 wrist_flex.pos=+60.47 wrist_roll.pos=-6.20 gripper.pos=+1.05
DEBUG 2026-09-03 08:27:17 [action #150] t=6.12s step=149 queue=3 dmax=0.793 | shoulder_pan.pos=-6.55 shoulder_lift.pos=-67.45 elbow_flex.pos=+61.18 wrist_flex.pos=+60.58 wrist_roll.pos=-6.17 gripper.pos=+1.07
DEBUG 2026-09-03 08:27:17 [action #151] t=6.15s step=150 queue=2 dmax=0.280 | shoulder_pan.pos=-6.69 shoulder_lift.pos=-67.57 elbow_flex.pos=+61.15 wrist_flex.pos=+60.78 wrist_roll.pos=-6.12 gripper.pos=+1.35
DEBUG 2026-09-03 08:27:17 [action #152] t=6.19s step=151 queue=1 dmax=1.237 | shoulder_pan.pos=-6.66 shoulder_lift.pos=-67.11 elbow_flex.pos=+59.92 wrist_flex.pos=+60.51 wrist_roll.pos=-6.15 gripper.pos=+1.56
DEBUG 2026-09-03 08:27:17 [chunk] received 50 actions, timesteps 128..177 | first: shoulder_pan.pos=-9.32 shoulder_lift.pos=-66.25 elbow_flex.pos=+63.39 wrist_flex.pos=+56.22 wrist_roll.pos=-1.95 gripper.pos=+1.40 | last: shoulder_pan.pos=-8.42 shoulder_lift.pos=-33.06 elbow_flex.pos=+40.19 wrist_flex.pos=+56.00 wrist_roll.pos=-3.93 gripper.pos=+13.58
DEBUG 2026-09-03 08:27:17 [action #153] t=6.29s step=152 queue=26 dmax=17.025 | shoulder_pan.pos=-8.49 shoulder_lift.pos=-50.09 elbow_flex.pos=+52.75 wrist_flex.pos=+55.25 wrist_roll.pos=-2.39 gripper.pos=+1.39
DEBUG 2026-09-03 08:27:17 [action #154] t=6.32s step=153 queue=25 dmax=1.228 | shoulder_pan.pos=-8.00 shoulder_lift.pos=-49.24 elbow_flex.pos=+51.52 wrist_flex.pos=+55.38 wrist_roll.pos=-2.46 gripper.pos=+1.40
DEBUG 2026-09-03 08:27:17 [action #155] t=6.35s step=154 queue=24 dmax=0.452 | shoulder_pan.pos=-7.89 shoulder_lift.pos=-48.79 elbow_flex.pos=+51.54 wrist_flex.pos=+55.32 wrist_roll.pos=-2.64 gripper.pos=+1.48
DEBUG 2026-09-03 08:27:17 [action #156] t=6.39s step=155 queue=23 dmax=1.557 | shoulder_pan.pos=-7.84 shoulder_lift.pos=-47.24 elbow_flex.pos=+50.57 wrist_flex.pos=+55.17 wrist_roll.pos=-2.79 gripper.pos=+1.38
DEBUG 2026-09-03 08:27:17 [action #157] t=6.42s step=156 queue=22 dmax=0.404 | shoulder_pan.pos=-7.63 shoulder_lift.pos=-47.04 elbow_flex.pos=+50.16 wrist_flex.pos=+55.18 wrist_roll.pos=-2.89 gripper.pos=+1.42
DEBUG 2026-09-03 08:27:17 [action #158] t=6.46s step=157 queue=21 dmax=0.947 | shoulder_pan.pos=-7.34 shoulder_lift.pos=-46.09 elbow_flex.pos=+49.79 wrist_flex.pos=+55.47 wrist_roll.pos=-3.01 gripper.pos=+1.29
DEBUG 2026-09-03 08:27:17 [action #159] t=6.49s step=158 queue=20 dmax=1.420 | shoulder_pan.pos=-7.46 shoulder_lift.pos=-44.67 elbow_flex.pos=+48.61 wrist_flex.pos=+55.31 wrist_roll.pos=-3.22 gripper.pos=+1.39
DEBUG 2026-09-03 08:27:17 [action #160] t=6.52s step=159 queue=19 dmax=1.333 | shoulder_pan.pos=-7.23 shoulder_lift.pos=-43.68 elbow_flex.pos=+47.28 wrist_flex.pos=+55.57 wrist_roll.pos=-3.43 gripper.pos=+1.48
DEBUG 2026-09-03 08:27:17 [action #161] t=6.56s step=160 queue=18 dmax=0.828 | shoulder_pan.pos=-7.28 shoulder_lift.pos=-42.85 elbow_flex.pos=+46.61 wrist_flex.pos=+55.49 wrist_roll.pos=-3.55 gripper.pos=+1.43
DEBUG 2026-09-03 08:27:17 [action #162] t=6.59s step=161 queue=17 dmax=1.247 | shoulder_pan.pos=-7.23 shoulder_lift.pos=-41.60 elbow_flex.pos=+46.85 wrist_flex.pos=+55.32 wrist_roll.pos=-3.61 gripper.pos=+1.21
DEBUG 2026-09-03 08:27:17 [action #163] t=6.62s step=162 queue=16 dmax=1.399 | shoulder_pan.pos=-7.23 shoulder_lift.pos=-40.86 elbow_flex.pos=+45.45 wrist_flex.pos=+55.27 wrist_roll.pos=-3.58 gripper.pos=+1.19
DEBUG 2026-09-03 08:27:17 [action #164] t=6.66s step=163 queue=15 dmax=0.752 | shoulder_pan.pos=-7.07 shoulder_lift.pos=-40.11 elbow_flex.pos=+45.00 wrist_flex.pos=+55.39 wrist_roll.pos=-3.62 gripper.pos=+1.17
DEBUG 2026-09-03 08:27:17 [action #165] t=6.69s step=164 queue=14 dmax=1.113 | shoulder_pan.pos=-7.07 shoulder_lift.pos=-39.54 elbow_flex.pos=+43.89 wrist_flex.pos=+55.21 wrist_roll.pos=-3.73 gripper.pos=+1.44
DEBUG 2026-09-03 08:27:17 [action #166] t=6.72s step=165 queue=13 dmax=1.148 | shoulder_pan.pos=-7.39 shoulder_lift.pos=-38.40 elbow_flex.pos=+43.77 wrist_flex.pos=+55.16 wrist_roll.pos=-3.74 gripper.pos=+1.34
DEBUG 2026-09-03 08:27:18 [action #167] t=6.76s step=166 queue=12 dmax=0.415 | shoulder_pan.pos=-7.49 shoulder_lift.pos=-38.35 elbow_flex.pos=+43.36 wrist_flex.pos=+55.01 wrist_roll.pos=-3.71 gripper.pos=+1.19
DEBUG 2026-09-03 08:27:18 [action #168] t=6.79s step=167 queue=11 dmax=1.472 | shoulder_pan.pos=-7.53 shoulder_lift.pos=-36.88 elbow_flex.pos=+43.04 wrist_flex.pos=+55.39 wrist_roll.pos=-3.71 gripper.pos=+1.19
DEBUG 2026-09-03 08:27:18 [action #169] t=6.82s step=168 queue=10 dmax=0.850 | shoulder_pan.pos=-7.52 shoulder_lift.pos=-36.55 elbow_flex.pos=+43.16 wrist_flex.pos=+55.38 wrist_roll.pos=-3.78 gripper.pos=+2.04
DEBUG 2026-09-03 08:27:18 [action #170] t=6.86s step=169 queue=9 dmax=0.577 | shoulder_pan.pos=-7.73 shoulder_lift.pos=-36.91 elbow_flex.pos=+42.58 wrist_flex.pos=+55.68 wrist_roll.pos=-3.84 gripper.pos=+2.31
DEBUG 2026-09-03 08:27:18 [action #171] t=6.89s step=170 queue=8 dmax=1.321 | shoulder_pan.pos=-7.94 shoulder_lift.pos=-36.07 elbow_flex.pos=+42.05 wrist_flex.pos=+55.70 wrist_roll.pos=-4.04 gripper.pos=+3.63
DEBUG 2026-09-03 08:27:18 [action #172] t=6.92s step=171 queue=7 dmax=1.954 | shoulder_pan.pos=-7.83 shoulder_lift.pos=-35.92 elbow_flex.pos=+41.98 wrist_flex.pos=+55.68 wrist_roll.pos=-3.94 gripper.pos=+5.59
DEBUG 2026-09-03 08:27:18 [action #173] t=6.96s step=172 queue=6 dmax=1.860 | shoulder_pan.pos=-8.27 shoulder_lift.pos=-34.79 elbow_flex.pos=+41.69 wrist_flex.pos=+55.74 wrist_roll.pos=-3.94 gripper.pos=+7.45
DEBUG 2026-09-03 08:27:18 [action #174] t=6.99s step=173 queue=5 dmax=1.582 | shoulder_pan.pos=-8.24 shoulder_lift.pos=-34.53 elbow_flex.pos=+41.13 wrist_flex.pos=+55.90 wrist_roll.pos=-3.88 gripper.pos=+9.03
DEBUG 2026-09-03 08:27:18 [action #175] t=7.02s step=174 queue=4 dmax=1.322 | shoulder_pan.pos=-7.94 shoulder_lift.pos=-34.56 elbow_flex.pos=+40.83 wrist_flex.pos=+56.01 wrist_roll.pos=-4.03 gripper.pos=+10.35
DEBUG 2026-09-03 08:27:18 [action #176] t=7.06s step=175 queue=3 dmax=1.193 | shoulder_pan.pos=-8.14 shoulder_lift.pos=-33.59 elbow_flex.pos=+40.50 wrist_flex.pos=+56.06 wrist_roll.pos=-3.91 gripper.pos=+11.54
DEBUG 2026-09-03 08:27:18 [action #177] t=7.09s step=176 queue=2 dmax=0.889 | shoulder_pan.pos=-8.31 shoulder_lift.pos=-34.12 elbow_flex.pos=+40.46 wrist_flex.pos=+55.78 wrist_roll.pos=-3.98 gripper.pos=+12.43
DEBUG 2026-09-03 08:27:18 [action #178] t=7.12s step=177 queue=1 dmax=1.143 | shoulder_pan.pos=-8.42 shoulder_lift.pos=-33.06 elbow_flex.pos=+40.19 wrist_flex.pos=+56.00 wrist_roll.pos=-3.93 gripper.pos=+13.58
DEBUG 2026-09-03 08:27:18 [chunk] received 50 actions, timesteps 151..200 | first: shoulder_pan.pos=-6.92 shoulder_lift.pos=-64.78 elbow_flex.pos=+59.76 wrist_flex.pos=+60.12 wrist_roll.pos=-5.65 gripper.pos=+1.68 | last: shoulder_pan.pos=-5.84 shoulder_lift.pos=-33.78 elbow_flex.pos=+40.66 wrist_flex.pos=+63.75 wrist_roll.pos=-4.77 gripper.pos=+25.93
DEBUG 2026-09-03 08:27:18 [action #179] t=7.22s step=178 queue=23 dmax=11.876 | shoulder_pan.pos=-7.37 shoulder_lift.pos=-44.92 elbow_flex.pos=+43.79 wrist_flex.pos=+62.44 wrist_roll.pos=-5.21 gripper.pos=+1.70
DEBUG 2026-09-03 08:27:18 [action #180] t=7.26s step=179 queue=22 dmax=0.705 | shoulder_pan.pos=-7.42 shoulder_lift.pos=-44.44 elbow_flex.pos=+43.50 wrist_flex.pos=+62.75 wrist_roll.pos=-5.16 gripper.pos=+2.41
DEBUG 2026-09-03 08:27:18 [action #181] t=7.29s step=180 queue=21 dmax=1.613 | shoulder_pan.pos=-7.34 shoulder_lift.pos=-43.45 elbow_flex.pos=+43.38 wrist_flex.pos=+62.92 wrist_roll.pos=-5.14 gripper.pos=+4.02
DEBUG 2026-09-03 08:27:18 [action #182] t=7.32s step=181 queue=20 dmax=1.318 | shoulder_pan.pos=-7.56 shoulder_lift.pos=-44.39 elbow_flex.pos=+43.34 wrist_flex.pos=+63.06 wrist_roll.pos=-5.20 gripper.pos=+5.34
DEBUG 2026-09-03 08:27:18 [action #183] t=7.36s step=182 queue=19 dmax=0.834 | shoulder_pan.pos=-7.52 shoulder_lift.pos=-43.84 elbow_flex.pos=+43.11 wrist_flex.pos=+63.07 wrist_roll.pos=-5.24 gripper.pos=+6.17
DEBUG 2026-09-03 08:27:18 [action #184] t=7.39s step=183 queue=18 dmax=0.667 | shoulder_pan.pos=-7.33 shoulder_lift.pos=-43.46 elbow_flex.pos=+42.45 wrist_flex.pos=+63.08 wrist_roll.pos=-5.10 gripper.pos=+6.84
DEBUG 2026-09-03 08:27:18 [action #185] t=7.42s step=184 queue=17 dmax=0.734 | shoulder_pan.pos=-7.20 shoulder_lift.pos=-42.73 elbow_flex.pos=+42.52 wrist_flex.pos=+63.06 wrist_roll.pos=-5.04 gripper.pos=+7.57
DEBUG 2026-09-03 08:27:18 [action #186] t=7.46s step=185 queue=16 dmax=0.867 | shoulder_pan.pos=-7.04 shoulder_lift.pos=-42.35 elbow_flex.pos=+42.34 wrist_flex.pos=+63.23 wrist_roll.pos=-5.04 gripper.pos=+8.44
DEBUG 2026-09-03 08:27:18 [action #187] t=7.49s step=186 queue=15 dmax=1.416 | shoulder_pan.pos=-7.16 shoulder_lift.pos=-41.71 elbow_flex.pos=+42.46 wrist_flex.pos=+63.47 wrist_roll.pos=-5.00 gripper.pos=+9.85
DEBUG 2026-09-03 08:27:18 [action #188] t=7.53s step=187 queue=14 dmax=1.853 | shoulder_pan.pos=-6.70 shoulder_lift.pos=-41.90 elbow_flex.pos=+42.64 wrist_flex.pos=+63.44 wrist_roll.pos=-5.04 gripper.pos=+11.71
DEBUG 2026-09-03 08:27:18 [action #189] t=7.56s step=188 queue=13 dmax=2.136 | shoulder_pan.pos=-6.54 shoulder_lift.pos=-41.13 elbow_flex.pos=+42.52 wrist_flex.pos=+63.65 wrist_roll.pos=-4.97 gripper.pos=+13.84
DEBUG 2026-09-03 08:27:18 [action #190] t=7.59s step=189 queue=12 dmax=1.880 | shoulder_pan.pos=-6.58 shoulder_lift.pos=-40.54 elbow_flex.pos=+42.46 wrist_flex.pos=+63.77 wrist_roll.pos=-4.75 gripper.pos=+15.72
DEBUG 2026-09-03 08:27:18 [action #191] t=7.63s step=190 queue=11 dmax=1.539 | shoulder_pan.pos=-6.23 shoulder_lift.pos=-40.47 elbow_flex.pos=+43.55 wrist_flex.pos=+63.89 wrist_roll.pos=-4.61 gripper.pos=+17.26
DEBUG 2026-09-03 08:27:18 [action #192] t=7.66s step=191 queue=10 dmax=1.135 | shoulder_pan.pos=-6.15 shoulder_lift.pos=-39.33 elbow_flex.pos=+42.61 wrist_flex.pos=+64.07 wrist_roll.pos=-4.47 gripper.pos=+18.27
DEBUG 2026-09-03 08:27:18 [action #193] t=7.69s step=192 queue=9 dmax=0.778 | shoulder_pan.pos=-5.77 shoulder_lift.pos=-38.55 elbow_flex.pos=+42.07 wrist_flex.pos=+63.96 wrist_roll.pos=-4.49 gripper.pos=+18.92
DEBUG 2026-09-03 08:27:19 [action #194] t=7.73s step=193 queue=8 dmax=0.626 | shoulder_pan.pos=-5.66 shoulder_lift.pos=-37.94 elbow_flex.pos=+42.00 wrist_flex.pos=+64.26 wrist_roll.pos=-4.35 gripper.pos=+19.54
DEBUG 2026-09-03 08:27:19 [action #195] t=7.76s step=194 queue=7 dmax=0.732 | shoulder_pan.pos=-5.68 shoulder_lift.pos=-37.33 elbow_flex.pos=+41.56 wrist_flex.pos=+64.16 wrist_roll.pos=-4.39 gripper.pos=+20.28
DEBUG 2026-09-03 08:27:19 [action #196] t=7.79s step=195 queue=6 dmax=1.166 | shoulder_pan.pos=-5.68 shoulder_lift.pos=-36.42 elbow_flex.pos=+41.32 wrist_flex.pos=+64.26 wrist_roll.pos=-4.35 gripper.pos=+21.44
DEBUG 2026-09-03 08:27:19 [action #197] t=7.83s step=196 queue=5 dmax=1.066 | shoulder_pan.pos=-5.74 shoulder_lift.pos=-36.26 elbow_flex.pos=+41.41 wrist_flex.pos=+64.15 wrist_roll.pos=-4.46 gripper.pos=+22.51
DEBUG 2026-09-03 08:27:19 [action #198] t=7.86s step=197 queue=4 dmax=1.251 | shoulder_pan.pos=-5.67 shoulder_lift.pos=-36.14 elbow_flex.pos=+41.01 wrist_flex.pos=+64.21 wrist_roll.pos=-4.34 gripper.pos=+23.76
DEBUG 2026-09-03 08:27:19 [action #199] t=7.89s step=198 queue=3 dmax=0.798 | shoulder_pan.pos=-5.94 shoulder_lift.pos=-35.42 elbow_flex.pos=+40.62 wrist_flex.pos=+64.12 wrist_roll.pos=-4.34 gripper.pos=+24.56
DEBUG 2026-09-03 08:27:19 [action #200] t=7.93s step=199 queue=2 dmax=1.090 | shoulder_pan.pos=-6.18 shoulder_lift.pos=-34.33 elbow_flex.pos=+40.63 wrist_flex.pos=+64.12 wrist_roll.pos=-4.63 gripper.pos=+25.41
DEBUG 2026-09-03 08:27:19 [action #201] t=7.96s step=200 queue=1 dmax=0.542 | shoulder_pan.pos=-5.84 shoulder_lift.pos=-33.78 elbow_flex.pos=+40.66 wrist_flex.pos=+63.75 wrist_roll.pos=-4.77 gripper.pos=+25.93
DEBUG 2026-09-03 08:27:19 [chunk] received 50 actions, timesteps 177..226 | first: shoulder_pan.pos=-7.05 shoulder_lift.pos=-30.16 elbow_flex.pos=+38.72 wrist_flex.pos=+57.24 wrist_roll.pos=-3.71 gripper.pos=+14.31 | last: shoulder_pan.pos=-6.23 shoulder_lift.pos=+12.07 elbow_flex.pos=+7.73 wrist_flex.pos=+61.50 wrist_roll.pos=-2.71 gripper.pos=+31.49
DEBUG 2026-09-03 08:27:19 [action #202] t=8.09s step=201 queue=26 dmax=23.369 | shoulder_pan.pos=-5.98 shoulder_lift.pos=-10.42 elbow_flex.pos=+21.62 wrist_flex.pos=+62.50 wrist_roll.pos=-2.91 gripper.pos=+26.95
DEBUG 2026-09-03 08:27:19 [action #203] t=8.13s step=202 queue=25 dmax=0.710 | shoulder_pan.pos=-6.29 shoulder_lift.pos=-10.12 elbow_flex.pos=+21.52 wrist_flex.pos=+62.37 wrist_roll.pos=-2.92 gripper.pos=+27.66
DEBUG 2026-09-03 08:27:19 [action #204] t=8.16s step=203 queue=24 dmax=0.746 | shoulder_pan.pos=-6.26 shoulder_lift.pos=-9.37 elbow_flex.pos=+21.61 wrist_flex.pos=+62.66 wrist_roll.pos=-2.95 gripper.pos=+28.28
DEBUG 2026-09-03 08:27:19 [action #205] t=8.19s step=204 queue=23 dmax=0.828 | shoulder_pan.pos=-6.33 shoulder_lift.pos=-8.54 elbow_flex.pos=+20.87 wrist_flex.pos=+62.29 wrist_roll.pos=-2.85 gripper.pos=+28.97
DEBUG 2026-09-03 08:27:19 [action #206] t=8.23s step=205 queue=22 dmax=0.705 | shoulder_pan.pos=-6.21 shoulder_lift.pos=-8.00 elbow_flex.pos=+20.39 wrist_flex.pos=+62.32 wrist_roll.pos=-2.97 gripper.pos=+29.67
DEBUG 2026-09-03 08:27:19 [action #207] t=8.26s step=206 queue=21 dmax=0.830 | shoulder_pan.pos=-6.34 shoulder_lift.pos=-7.19 elbow_flex.pos=+20.16 wrist_flex.pos=+62.21 wrist_roll.pos=-2.95 gripper.pos=+30.50
DEBUG 2026-09-03 08:27:19 [action #208] t=8.29s step=207 queue=20 dmax=0.875 | shoulder_pan.pos=-6.35 shoulder_lift.pos=-6.31 elbow_flex.pos=+19.60 wrist_flex.pos=+62.05 wrist_roll.pos=-3.04 gripper.pos=+31.24
DEBUG 2026-09-03 08:27:19 [action #209] t=8.33s step=208 queue=19 dmax=0.831 | shoulder_pan.pos=-6.21 shoulder_lift.pos=-5.48 elbow_flex.pos=+18.91 wrist_flex.pos=+62.17 wrist_roll.pos=-3.01 gripper.pos=+31.81
DEBUG 2026-09-03 08:27:19 [action #210] t=8.36s step=209 queue=18 dmax=0.917 | shoulder_pan.pos=-6.32 shoulder_lift.pos=-4.56 elbow_flex.pos=+18.81 wrist_flex.pos=+62.03 wrist_roll.pos=-3.12 gripper.pos=+31.74
DEBUG 2026-09-03 08:27:19 [action #211] t=8.39s step=210 queue=17 dmax=0.907 | shoulder_pan.pos=-6.24 shoulder_lift.pos=-3.78 elbow_flex.pos=+17.91 wrist_flex.pos=+61.96 wrist_roll.pos=-3.05 gripper.pos=+31.31
DEBUG 2026-09-03 08:27:19 [action #212] t=8.43s step=211 queue=16 dmax=0.509 | shoulder_pan.pos=-6.23 shoulder_lift.pos=-3.27 elbow_flex.pos=+17.64 wrist_flex.pos=+61.88 wrist_roll.pos=-3.15 gripper.pos=+30.85
DEBUG 2026-09-03 08:27:19 [action #213] t=8.46s step=212 queue=15 dmax=0.924 | shoulder_pan.pos=-6.26 shoulder_lift.pos=-2.35 elbow_flex.pos=+16.91 wrist_flex.pos=+61.84 wrist_roll.pos=-3.19 gripper.pos=+30.73
DEBUG 2026-09-03 08:27:19 [action #214] t=8.50s step=213 queue=14 dmax=0.696 | shoulder_pan.pos=-6.27 shoulder_lift.pos=-1.65 elbow_flex.pos=+16.78 wrist_flex.pos=+61.80 wrist_roll.pos=-3.09 gripper.pos=+30.75
DEBUG 2026-09-03 08:27:19 [action #215] t=8.53s step=214 queue=13 dmax=1.307 | shoulder_pan.pos=-6.01 shoulder_lift.pos=-0.34 elbow_flex.pos=+15.75 wrist_flex.pos=+61.63 wrist_roll.pos=-3.13 gripper.pos=+30.63
DEBUG 2026-09-03 08:27:19 [action #216] t=8.56s step=215 queue=12 dmax=0.877 | shoulder_pan.pos=-6.20 shoulder_lift.pos=+0.53 elbow_flex.pos=+15.35 wrist_flex.pos=+61.59 wrist_roll.pos=-3.02 gripper.pos=+30.77
DEBUG 2026-09-03 08:27:19 [action #217] t=8.60s step=216 queue=11 dmax=0.663 | shoulder_pan.pos=-6.24 shoulder_lift.pos=+1.20 elbow_flex.pos=+14.75 wrist_flex.pos=+61.70 wrist_roll.pos=-3.06 gripper.pos=+30.84
DEBUG 2026-09-03 08:27:19 [action #218] t=8.63s step=217 queue=10 dmax=1.624 | shoulder_pan.pos=-6.06 shoulder_lift.pos=+2.82 elbow_flex.pos=+14.35 wrist_flex.pos=+61.51 wrist_roll.pos=-2.98 gripper.pos=+30.89
DEBUG 2026-09-03 08:27:19 [action #219] t=8.66s step=218 queue=9 dmax=0.711 | shoulder_pan.pos=-6.36 shoulder_lift.pos=+3.53 elbow_flex.pos=+13.89 wrist_flex.pos=+61.71 wrist_roll.pos=-2.96 gripper.pos=+31.01
DEBUG 2026-09-03 08:27:19 [action #220] t=8.70s step=219 queue=8 dmax=1.389 | shoulder_pan.pos=-6.23 shoulder_lift.pos=+4.92 elbow_flex.pos=+13.43 wrist_flex.pos=+61.71 wrist_roll.pos=-2.88 gripper.pos=+31.07
DEBUG 2026-09-03 08:27:20 [action #221] t=8.73s step=220 queue=7 dmax=0.701 | shoulder_pan.pos=-6.11 shoulder_lift.pos=+5.62 elbow_flex.pos=+12.82 wrist_flex.pos=+61.70 wrist_roll.pos=-2.85 gripper.pos=+31.30
DEBUG 2026-09-03 08:27:20 [action #222] t=8.76s step=221 queue=6 dmax=1.024 | shoulder_pan.pos=-6.32 shoulder_lift.pos=+6.09 elbow_flex.pos=+11.80 wrist_flex.pos=+61.60 wrist_roll.pos=-2.80 gripper.pos=+31.24
DEBUG 2026-09-03 08:27:20 [action #223] t=8.80s step=222 queue=5 dmax=1.280 | shoulder_pan.pos=-6.18 shoulder_lift.pos=+7.37 elbow_flex.pos=+11.21 wrist_flex.pos=+61.68 wrist_roll.pos=-2.85 gripper.pos=+31.33
DEBUG 2026-09-03 08:27:20 [action #224] t=8.83s step=223 queue=4 dmax=1.629 | shoulder_pan.pos=-6.18 shoulder_lift.pos=+9.00 elbow_flex.pos=+10.63 wrist_flex.pos=+61.47 wrist_roll.pos=-2.75 gripper.pos=+31.32
DEBUG 2026-09-03 08:27:20 [action #225] t=8.86s step=224 queue=3 dmax=1.347 | shoulder_pan.pos=-6.18 shoulder_lift.pos=+9.63 elbow_flex.pos=+9.29 wrist_flex.pos=+61.49 wrist_roll.pos=-2.73 gripper.pos=+31.38
DEBUG 2026-09-03 08:27:20 [action #226] t=8.90s step=225 queue=2 dmax=0.967 | shoulder_pan.pos=-6.35 shoulder_lift.pos=+10.60 elbow_flex.pos=+9.14 wrist_flex.pos=+61.53 wrist_roll.pos=-2.73 gripper.pos=+31.43
DEBUG 2026-09-03 08:27:20 [action #227] t=8.93s step=226 queue=1 dmax=1.468 | shoulder_pan.pos=-6.23 shoulder_lift.pos=+12.07 elbow_flex.pos=+7.73 wrist_flex.pos=+61.50 wrist_roll.pos=-2.71 gripper.pos=+31.49
DEBUG 2026-09-03 08:27:20 [chunk] received 50 actions, timesteps 200..249 | first: shoulder_pan.pos=-6.66 shoulder_lift.pos=-30.39 elbow_flex.pos=+40.24 wrist_flex.pos=+65.02 wrist_roll.pos=-4.96 gripper.pos=+26.04 | last: shoulder_pan.pos=-7.85 shoulder_lift.pos=+12.42 elbow_flex.pos=+9.19 wrist_flex.pos=+64.90 wrist_roll.pos=-4.94 gripper.pos=+29.75
DEBUG 2026-09-03 08:27:20 [action #228] t=8.96s step=227 queue=23 dmax=21.363 | shoulder_pan.pos=-7.53 shoulder_lift.pos=-9.30 elbow_flex.pos=+24.47 wrist_flex.pos=+64.56 wrist_roll.pos=-5.08 gripper.pos=+28.54
DEBUG 2026-09-03 08:27:20 [action #229] t=9.00s step=228 queue=22 dmax=0.650 | shoulder_pan.pos=-7.58 shoulder_lift.pos=-8.65 elbow_flex.pos=+24.05 wrist_flex.pos=+64.43 wrist_roll.pos=-5.13 gripper.pos=+28.37
DEBUG 2026-09-03 08:27:20 [action #230] t=9.03s step=229 queue=21 dmax=1.041 | shoulder_pan.pos=-7.68 shoulder_lift.pos=-7.61 elbow_flex.pos=+23.34 wrist_flex.pos=+64.14 wrist_roll.pos=-5.18 gripper.pos=+28.35
DEBUG 2026-09-03 08:27:20 [action #231] t=9.06s step=230 queue=20 dmax=0.577 | shoulder_pan.pos=-7.95 shoulder_lift.pos=-7.03 elbow_flex.pos=+22.94 wrist_flex.pos=+64.07 wrist_roll.pos=-5.13 gripper.pos=+28.39
DEBUG 2026-09-03 08:27:20 [action #232] t=9.10s step=231 queue=19 dmax=1.244 | shoulder_pan.pos=-7.87 shoulder_lift.pos=-5.78 elbow_flex.pos=+22.22 wrist_flex.pos=+64.01 wrist_roll.pos=-5.12 gripper.pos=+28.45
DEBUG 2026-09-03 08:27:20 [action #233] t=9.13s step=232 queue=18 dmax=1.138 | shoulder_pan.pos=-7.93 shoulder_lift.pos=-4.65 elbow_flex.pos=+21.17 wrist_flex.pos=+64.18 wrist_roll.pos=-5.10 gripper.pos=+28.41
DEBUG 2026-09-03 08:27:20 [action #234] t=9.16s step=233 queue=17 dmax=1.096 | shoulder_pan.pos=-8.02 shoulder_lift.pos=-3.55 elbow_flex.pos=+20.40 wrist_flex.pos=+64.35 wrist_roll.pos=-5.11 gripper.pos=+28.50
DEBUG 2026-09-03 08:27:20 [action #235] t=9.20s step=234 queue=16 dmax=1.212 | shoulder_pan.pos=-7.97 shoulder_lift.pos=-2.66 elbow_flex.pos=+19.19 wrist_flex.pos=+64.23 wrist_roll.pos=-5.15 gripper.pos=+28.50
DEBUG 2026-09-03 08:27:20 [action #236] t=9.23s step=235 queue=15 dmax=1.346 | shoulder_pan.pos=-7.91 shoulder_lift.pos=-1.31 elbow_flex.pos=+18.30 wrist_flex.pos=+64.25 wrist_roll.pos=-5.11 gripper.pos=+28.65
DEBUG 2026-09-03 08:27:20 [action #237] t=9.26s step=236 queue=14 dmax=0.413 | shoulder_pan.pos=-8.00 shoulder_lift.pos=-0.97 elbow_flex.pos=+17.88 wrist_flex.pos=+64.51 wrist_roll.pos=-5.11 gripper.pos=+28.65
DEBUG 2026-09-03 08:27:20 [action #238] t=9.30s step=237 queue=13 dmax=1.059 | shoulder_pan.pos=-7.93 shoulder_lift.pos=+0.09 elbow_flex.pos=+17.03 wrist_flex.pos=+64.60 wrist_roll.pos=-5.09 gripper.pos=+29.15
DEBUG 2026-09-03 08:27:20 [action #239] t=9.33s step=238 queue=12 dmax=1.351 | shoulder_pan.pos=-7.78 shoulder_lift.pos=+1.44 elbow_flex.pos=+16.63 wrist_flex.pos=+64.46 wrist_roll.pos=-5.05 gripper.pos=+29.20
DEBUG 2026-09-03 08:27:20 [action #240] t=9.37s step=239 queue=11 dmax=1.075 | shoulder_pan.pos=-7.69 shoulder_lift.pos=+2.09 elbow_flex.pos=+15.56 wrist_flex.pos=+64.54 wrist_roll.pos=-5.11 gripper.pos=+29.44
DEBUG 2026-09-03 08:27:20 [action #241] t=9.40s step=240 queue=10 dmax=1.096 | shoulder_pan.pos=-7.88 shoulder_lift.pos=+3.18 elbow_flex.pos=+15.14 wrist_flex.pos=+64.47 wrist_roll.pos=-5.15 gripper.pos=+29.58
DEBUG 2026-09-03 08:27:20 [action #242] t=9.43s step=241 queue=9 dmax=0.997 | shoulder_pan.pos=-7.77 shoulder_lift.pos=+4.18 elbow_flex.pos=+14.46 wrist_flex.pos=+64.57 wrist_roll.pos=-5.06 gripper.pos=+29.58
DEBUG 2026-09-03 08:27:20 [action #243] t=9.47s step=242 queue=8 dmax=0.566 | shoulder_pan.pos=-7.91 shoulder_lift.pos=+4.73 elbow_flex.pos=+13.90 wrist_flex.pos=+64.60 wrist_roll.pos=-5.10 gripper.pos=+29.53
DEBUG 2026-09-03 08:27:20 [action #244] t=9.50s step=243 queue=7 dmax=1.207 | shoulder_pan.pos=-7.88 shoulder_lift.pos=+5.94 elbow_flex.pos=+13.42 wrist_flex.pos=+64.72 wrist_roll.pos=-5.15 gripper.pos=+29.58
DEBUG 2026-09-03 08:27:20 [action #245] t=9.53s step=244 queue=6 dmax=1.063 | shoulder_pan.pos=-7.80 shoulder_lift.pos=+6.78 elbow_flex.pos=+12.36 wrist_flex.pos=+64.74 wrist_roll.pos=-5.04 gripper.pos=+29.66
DEBUG 2026-09-03 08:27:20 [action #246] t=9.57s step=245 queue=5 dmax=1.025 | shoulder_pan.pos=-7.81 shoulder_lift.pos=+7.81 elbow_flex.pos=+11.84 wrist_flex.pos=+64.70 wrist_roll.pos=-4.99 gripper.pos=+29.69
DEBUG 2026-09-03 08:27:20 [action #247] t=9.60s step=246 queue=4 dmax=0.767 | shoulder_pan.pos=-7.76 shoulder_lift.pos=+8.51 elbow_flex.pos=+11.07 wrist_flex.pos=+64.94 wrist_roll.pos=-5.05 gripper.pos=+29.66
DEBUG 2026-09-03 08:27:20 [action #248] t=9.63s step=247 queue=3 dmax=1.455 | shoulder_pan.pos=-7.84 shoulder_lift.pos=+9.97 elbow_flex.pos=+10.75 wrist_flex.pos=+64.81 wrist_roll.pos=-4.95 gripper.pos=+29.57
DEBUG 2026-09-03 08:27:20 [action #249] t=9.67s step=248 queue=2 dmax=1.158 | shoulder_pan.pos=-8.01 shoulder_lift.pos=+11.12 elbow_flex.pos=+9.87 wrist_flex.pos=+64.85 wrist_roll.pos=-4.94 gripper.pos=+29.71
DEBUG 2026-09-03 08:27:20 [action #250] t=9.70s step=249 queue=1 dmax=1.296 | shoulder_pan.pos=-7.85 shoulder_lift.pos=+12.42 elbow_flex.pos=+9.19 wrist_flex.pos=+64.90 wrist_roll.pos=-4.94 gripper.pos=+29.75
DEBUG 2026-09-03 08:27:21 [chunk] received 50 actions, timesteps 226..275 | first: shoulder_pan.pos=-5.63 shoulder_lift.pos=+10.98 elbow_flex.pos=+10.45 wrist_flex.pos=+62.48 wrist_roll.pos=-3.13 gripper.pos=+32.01 | last: shoulder_pan.pos=-2.88 shoulder_lift.pos=+32.36 elbow_flex.pos=-31.53 wrist_flex.pos=+86.01 wrist_roll.pos=-5.02 gripper.pos=+6.86
DEBUG 2026-09-03 08:27:21 [action #251] t=9.80s step=250 queue=26 dmax=22.686 | shoulder_pan.pos=-4.80 shoulder_lift.pos=+32.93 elbow_flex.pos=-13.49 wrist_flex.pos=+74.45 wrist_roll.pos=-3.54 gripper.pos=+19.32
DEBUG 2026-09-03 08:27:21 [action #252] t=9.83s step=251 queue=25 dmax=2.474 | shoulder_pan.pos=-4.85 shoulder_lift.pos=+32.27 elbow_flex.pos=-13.87 wrist_flex.pos=+74.52 wrist_roll.pos=-3.52 gripper.pos=+16.84
DEBUG 2026-09-03 08:27:21 [action #253] t=9.87s step=252 queue=24 dmax=2.326 | shoulder_pan.pos=-4.67 shoulder_lift.pos=+32.76 elbow_flex.pos=-14.32 wrist_flex.pos=+74.43 wrist_roll.pos=-3.54 gripper.pos=+14.52
DEBUG 2026-09-03 08:27:21 [action #254] t=9.90s step=253 queue=23 dmax=2.095 | shoulder_pan.pos=-4.60 shoulder_lift.pos=+32.70 elbow_flex.pos=-13.97 wrist_flex.pos=+74.27 wrist_roll.pos=-3.63 gripper.pos=+12.42
DEBUG 2026-09-03 08:27:21 [action #255] t=9.93s step=254 queue=22 dmax=1.668 | shoulder_pan.pos=-4.57 shoulder_lift.pos=+32.34 elbow_flex.pos=-13.92 wrist_flex.pos=+74.19 wrist_roll.pos=-3.54 gripper.pos=+10.75
DEBUG 2026-09-03 08:27:21 [action #256] t=9.97s step=255 queue=21 dmax=1.192 | shoulder_pan.pos=-4.61 shoulder_lift.pos=+32.85 elbow_flex.pos=-14.36 wrist_flex.pos=+74.24 wrist_roll.pos=-3.61 gripper.pos=+9.56
DEBUG 2026-09-03 08:27:21 [action #257] t=10.00s step=256 queue=20 dmax=0.941 | shoulder_pan.pos=-4.36 shoulder_lift.pos=+32.41 elbow_flex.pos=-14.15 wrist_flex.pos=+74.23 wrist_roll.pos=-3.71 gripper.pos=+8.62
DEBUG 2026-09-03 08:27:21 [action #258] t=10.03s step=257 queue=19 dmax=0.669 | shoulder_pan.pos=-4.42 shoulder_lift.pos=+32.07 elbow_flex.pos=-14.34 wrist_flex.pos=+74.18 wrist_roll.pos=-3.71 gripper.pos=+7.95
DEBUG 2026-09-03 08:27:21 [action #259] t=10.07s step=258 queue=18 dmax=0.795 | shoulder_pan.pos=-4.48 shoulder_lift.pos=+32.87 elbow_flex.pos=-14.66 wrist_flex.pos=+74.09 wrist_roll.pos=-3.78 gripper.pos=+7.49
DEBUG 2026-09-03 08:27:21 [action #260] t=10.10s step=259 queue=17 dmax=0.695 | shoulder_pan.pos=-4.23 shoulder_lift.pos=+32.17 elbow_flex.pos=-15.16 wrist_flex.pos=+74.43 wrist_roll.pos=-3.80 gripper.pos=+7.17
DEBUG 2026-09-03 08:27:21 [action #261] t=10.13s step=260 queue=16 dmax=0.424 | shoulder_pan.pos=-4.13 shoulder_lift.pos=+32.54 elbow_flex.pos=-15.54 wrist_flex.pos=+74.85 wrist_roll.pos=-3.81 gripper.pos=+6.98
DEBUG 2026-09-03 08:27:21 [action #262] t=10.17s step=261 queue=15 dmax=0.458 | shoulder_pan.pos=-4.12 shoulder_lift.pos=+32.09 elbow_flex.pos=-15.47 wrist_flex.pos=+75.07 wrist_roll.pos=-4.04 gripper.pos=+6.97
DEBUG 2026-09-03 08:27:21 [action #263] t=10.20s step=262 queue=14 dmax=0.973 | shoulder_pan.pos=-4.15 shoulder_lift.pos=+31.81 elbow_flex.pos=-16.45 wrist_flex.pos=+75.77 wrist_roll.pos=-4.13 gripper.pos=+6.96
DEBUG 2026-09-03 08:27:21 [action #264] t=10.24s step=263 queue=13 dmax=0.953 | shoulder_pan.pos=-3.96 shoulder_lift.pos=+32.07 elbow_flex.pos=-17.40 wrist_flex.pos=+76.54 wrist_roll.pos=-4.10 gripper.pos=+7.04
DEBUG 2026-09-03 08:27:21 [action #265] t=10.27s step=264 queue=12 dmax=0.598 | shoulder_pan.pos=-3.96 shoulder_lift.pos=+32.60 elbow_flex.pos=-18.00 wrist_flex.pos=+76.88 wrist_roll.pos=-4.30 gripper.pos=+7.25
DEBUG 2026-09-03 08:27:21 [action #266] t=10.30s step=265 queue=11 dmax=1.193 | shoulder_pan.pos=-3.66 shoulder_lift.pos=+32.24 elbow_flex.pos=-19.19 wrist_flex.pos=+77.80 wrist_roll.pos=-4.29 gripper.pos=+7.41
DEBUG 2026-09-03 08:27:21 [action #267] t=10.34s step=266 queue=10 dmax=1.434 | shoulder_pan.pos=-3.53 shoulder_lift.pos=+32.65 elbow_flex.pos=-20.62 wrist_flex.pos=+78.61 wrist_roll.pos=-4.45 gripper.pos=+7.46
DEBUG 2026-09-03 08:27:21 [action #268] t=10.37s step=267 queue=9 dmax=1.097 | shoulder_pan.pos=-3.40 shoulder_lift.pos=+32.23 elbow_flex.pos=-21.72 wrist_flex.pos=+79.38 wrist_roll.pos=-4.49 gripper.pos=+7.39
DEBUG 2026-09-03 08:27:21 [action #269] t=10.40s step=268 queue=8 dmax=1.460 | shoulder_pan.pos=-3.15 shoulder_lift.pos=+32.68 elbow_flex.pos=-23.18 wrist_flex.pos=+80.08 wrist_roll.pos=-4.62 gripper.pos=+7.41
DEBUG 2026-09-03 08:27:21 [action #270] t=10.44s step=269 queue=7 dmax=1.025 | shoulder_pan.pos=-3.29 shoulder_lift.pos=+32.07 elbow_flex.pos=-24.20 wrist_flex.pos=+80.98 wrist_roll.pos=-4.69 gripper.pos=+7.30
DEBUG 2026-09-03 08:27:21 [action #271] t=10.47s step=270 queue=6 dmax=0.990 | shoulder_pan.pos=-3.21 shoulder_lift.pos=+32.23 elbow_flex.pos=-25.19 wrist_flex.pos=+81.70 wrist_roll.pos=-4.64 gripper.pos=+7.19
DEBUG 2026-09-03 08:27:21 [action #272] t=10.50s step=271 queue=5 dmax=1.025 | shoulder_pan.pos=-3.19 shoulder_lift.pos=+32.48 elbow_flex.pos=-26.22 wrist_flex.pos=+82.50 wrist_roll.pos=-4.70 gripper.pos=+7.10
DEBUG 2026-09-03 08:27:21 [action #273] t=10.54s step=272 queue=4 dmax=1.130 | shoulder_pan.pos=-3.01 shoulder_lift.pos=+32.00 elbow_flex.pos=-27.35 wrist_flex.pos=+83.14 wrist_roll.pos=-4.80 gripper.pos=+7.06
DEBUG 2026-09-03 08:27:21 [action #274] t=10.57s step=273 queue=3 dmax=1.044 | shoulder_pan.pos=-2.87 shoulder_lift.pos=+32.25 elbow_flex.pos=-28.39 wrist_flex.pos=+84.04 wrist_roll.pos=-5.00 gripper.pos=+6.93
DEBUG 2026-09-03 08:27:21 [action #275] t=10.60s step=274 queue=2 dmax=1.969 | shoulder_pan.pos=-2.91 shoulder_lift.pos=+31.86 elbow_flex.pos=-30.36 wrist_flex.pos=+85.00 wrist_roll.pos=-5.06 gripper.pos=+6.84
DEBUG 2026-09-03 08:27:21 [action #276] t=10.64s step=275 queue=1 dmax=1.170 | shoulder_pan.pos=-2.88 shoulder_lift.pos=+32.36 elbow_flex.pos=-31.53 wrist_flex.pos=+86.01 wrist_roll.pos=-5.02 gripper.pos=+6.86
DEBUG 2026-09-03 08:27:21 [chunk] received 50 actions, timesteps 249..298 | first: shoulder_pan.pos=-8.17 shoulder_lift.pos=+12.98 elbow_flex.pos=+8.02 wrist_flex.pos=+64.11 wrist_roll.pos=-4.83 gripper.pos=+29.10 | last: shoulder_pan.pos=-3.10 shoulder_lift.pos=+23.81 elbow_flex.pos=-29.49 wrist_flex.pos=+87.58 wrist_roll.pos=-6.94 gripper.pos=+6.10
DEBUG 2026-09-03 08:27:21 [action #277] t=10.70s step=276 queue=23 dmax=17.934 | shoulder_pan.pos=-6.70 shoulder_lift.pos=+28.93 elbow_flex.pos=-13.60 wrist_flex.pos=+74.75 wrist_roll.pos=-6.03 gripper.pos=+7.82
DEBUG 2026-09-03 08:27:22 [action #278] t=10.74s step=277 queue=22 dmax=0.873 | shoulder_pan.pos=-6.57 shoulder_lift.pos=+28.06 elbow_flex.pos=-14.24 wrist_flex.pos=+74.94 wrist_roll.pos=-6.14 gripper.pos=+7.42
DEBUG 2026-09-03 08:27:22 [action #279] t=10.77s step=278 queue=21 dmax=0.621 | shoulder_pan.pos=-6.63 shoulder_lift.pos=+28.43 elbow_flex.pos=-14.40 wrist_flex.pos=+75.07 wrist_roll.pos=-6.09 gripper.pos=+6.80
DEBUG 2026-09-03 08:27:22 [action #280] t=10.80s step=279 queue=20 dmax=0.853 | shoulder_pan.pos=-6.46 shoulder_lift.pos=+28.78 elbow_flex.pos=-15.25 wrist_flex.pos=+75.34 wrist_roll.pos=-6.14 gripper.pos=+6.66
DEBUG 2026-09-03 08:27:22 [action #281] t=10.84s step=280 queue=19 dmax=0.638 | shoulder_pan.pos=-6.68 shoulder_lift.pos=+28.31 elbow_flex.pos=-15.89 wrist_flex.pos=+75.93 wrist_roll.pos=-6.08 gripper.pos=+6.55
DEBUG 2026-09-03 08:27:22 [action #282] t=10.87s step=281 queue=18 dmax=0.616 | shoulder_pan.pos=-6.40 shoulder_lift.pos=+28.74 elbow_flex.pos=-15.45 wrist_flex.pos=+76.54 wrist_roll.pos=-6.26 gripper.pos=+6.77
DEBUG 2026-09-03 08:27:22 [action #283] t=10.90s step=282 queue=17 dmax=0.875 | shoulder_pan.pos=-6.82 shoulder_lift.pos=+29.02 elbow_flex.pos=-16.32 wrist_flex.pos=+76.75 wrist_roll.pos=-6.39 gripper.pos=+6.92
DEBUG 2026-09-03 08:27:22 [action #284] t=10.94s step=283 queue=16 dmax=1.319 | shoulder_pan.pos=-6.42 shoulder_lift.pos=+28.52 elbow_flex.pos=-17.64 wrist_flex.pos=+77.31 wrist_roll.pos=-6.32 gripper.pos=+6.91
DEBUG 2026-09-03 08:27:22 [action #285] t=10.97s step=284 queue=15 dmax=0.629 | shoulder_pan.pos=-6.53 shoulder_lift.pos=+28.98 elbow_flex.pos=-18.22 wrist_flex.pos=+77.94 wrist_roll.pos=-6.47 gripper.pos=+7.03
DEBUG 2026-09-03 08:27:22 [action #286] t=11.01s step=285 queue=14 dmax=1.708 | shoulder_pan.pos=-6.81 shoulder_lift.pos=+28.61 elbow_flex.pos=-19.93 wrist_flex.pos=+78.38 wrist_roll.pos=-6.66 gripper.pos=+7.10
DEBUG 2026-09-03 08:27:22 [action #287] t=11.04s step=286 queue=13 dmax=0.951 | shoulder_pan.pos=-6.34 shoulder_lift.pos=+28.42 elbow_flex.pos=-20.19 wrist_flex.pos=+79.33 wrist_roll.pos=-6.68 gripper.pos=+6.92
DEBUG 2026-09-03 08:27:22 [action #288] t=11.07s step=287 queue=12 dmax=0.733 | shoulder_pan.pos=-6.41 shoulder_lift.pos=+27.84 elbow_flex.pos=-20.68 wrist_flex.pos=+80.07 wrist_roll.pos=-6.82 gripper.pos=+7.07
DEBUG 2026-09-03 08:27:22 [action #289] t=11.11s step=288 queue=11 dmax=1.440 | shoulder_pan.pos=-6.15 shoulder_lift.pos=+27.78 elbow_flex.pos=-22.12 wrist_flex.pos=+80.94 wrist_roll.pos=-6.98 gripper.pos=+7.09
DEBUG 2026-09-03 08:27:22 [action #290] t=11.14s step=289 queue=10 dmax=1.149 | shoulder_pan.pos=-6.42 shoulder_lift.pos=+26.63 elbow_flex.pos=-23.13 wrist_flex.pos=+81.95 wrist_roll.pos=-7.21 gripper.pos=+6.94
DEBUG 2026-09-03 08:27:22 [action #291] t=11.17s step=290 queue=9 dmax=1.860 | shoulder_pan.pos=-5.96 shoulder_lift.pos=+27.01 elbow_flex.pos=-24.99 wrist_flex.pos=+83.10 wrist_roll.pos=-7.31 gripper.pos=+7.00
DEBUG 2026-09-03 08:27:22 [action #292] t=11.21s step=291 queue=8 dmax=0.943 | shoulder_pan.pos=-5.89 shoulder_lift.pos=+26.66 elbow_flex.pos=-25.92 wrist_flex.pos=+84.04 wrist_roll.pos=-7.36 gripper.pos=+6.93
DEBUG 2026-09-03 08:27:22 [action #293] t=11.24s step=292 queue=7 dmax=0.979 | shoulder_pan.pos=-5.62 shoulder_lift.pos=+26.01 elbow_flex.pos=-26.75 wrist_flex.pos=+85.02 wrist_roll.pos=-7.45 gripper.pos=+6.80
DEBUG 2026-09-03 08:27:22 [action #294] t=11.27s step=293 queue=6 dmax=0.983 | shoulder_pan.pos=-5.43 shoulder_lift.pos=+25.02 elbow_flex.pos=-26.85 wrist_flex.pos=+85.37 wrist_roll.pos=-7.48 gripper.pos=+6.89
DEBUG 2026-09-03 08:27:22 [action #295] t=11.31s step=294 queue=5 dmax=1.391 | shoulder_pan.pos=-4.93 shoulder_lift.pos=+25.31 elbow_flex.pos=-28.24 wrist_flex.pos=+86.04 wrist_roll.pos=-7.50 gripper.pos=+6.81
DEBUG 2026-09-03 08:27:22 [action #296] t=11.34s step=295 queue=4 dmax=0.692 | shoulder_pan.pos=-4.51 shoulder_lift.pos=+24.63 elbow_flex.pos=-27.55 wrist_flex.pos=+86.43 wrist_roll.pos=-7.35 gripper.pos=+6.78
DEBUG 2026-09-03 08:27:22 [action #297] t=11.37s step=296 queue=3 dmax=1.129 | shoulder_pan.pos=-3.99 shoulder_lift.pos=+24.62 elbow_flex.pos=-28.68 wrist_flex.pos=+86.72 wrist_roll.pos=-7.37 gripper.pos=+6.70
DEBUG 2026-09-03 08:27:22 [action #298] t=11.41s step=297 queue=2 dmax=0.828 | shoulder_pan.pos=-3.63 shoulder_lift.pos=+23.79 elbow_flex.pos=-29.05 wrist_flex.pos=+87.09 wrist_roll.pos=-7.12 gripper.pos=+6.40
DEBUG 2026-09-03 08:27:22 [action #299] t=11.44s step=298 queue=1 dmax=0.527 | shoulder_pan.pos=-3.10 shoulder_lift.pos=+23.81 elbow_flex.pos=-29.49 wrist_flex.pos=+87.58 wrist_roll.pos=-6.94 gripper.pos=+6.10
DEBUG 2026-09-03 08:27:22 [chunk] received 50 actions, timesteps 275..324 | first: shoulder_pan.pos=-4.48 shoulder_lift.pos=+33.67 elbow_flex.pos=-26.83 wrist_flex.pos=+82.11 wrist_roll.pos=-4.26 gripper.pos=+8.83 | last: shoulder_pan.pos=+21.86 shoulder_lift.pos=+26.07 elbow_flex.pos=-52.60 wrist_flex.pos=+98.14 wrist_roll.pos=-6.13 gripper.pos=+5.33
DEBUG 2026-09-03 08:27:22 [action #300] t=11.54s step=299 queue=26 dmax=25.083 | shoulder_pan.pos=-0.63 shoulder_lift.pos=+37.66 elbow_flex.pos=-54.57 wrist_flex.pos=+97.86 wrist_roll.pos=-6.20 gripper.pos=+5.38
DEBUG 2026-09-03 08:27:22 [action #301] t=11.57s step=300 queue=25 dmax=1.309 | shoulder_pan.pos=-0.36 shoulder_lift.pos=+37.51 elbow_flex.pos=-55.88 wrist_flex.pos=+98.18 wrist_roll.pos=-6.42 gripper.pos=+5.32
DEBUG 2026-09-03 08:27:22 [action #302] t=11.61s step=301 queue=24 dmax=0.629 | shoulder_pan.pos=+0.27 shoulder_lift.pos=+37.85 elbow_flex.pos=-56.17 wrist_flex.pos=+98.48 wrist_roll.pos=-6.52 gripper.pos=+5.38
DEBUG 2026-09-03 08:27:22 [action #303] t=11.64s step=302 queue=23 dmax=1.202 | shoulder_pan.pos=+0.89 shoulder_lift.pos=+36.99 elbow_flex.pos=-57.38 wrist_flex.pos=+98.67 wrist_roll.pos=-6.41 gripper.pos=+5.38
DEBUG 2026-09-03 08:27:22 [action #304] t=11.67s step=303 queue=22 dmax=0.680 | shoulder_pan.pos=+1.57 shoulder_lift.pos=+36.66 elbow_flex.pos=-57.66 wrist_flex.pos=+98.78 wrist_roll.pos=-6.52 gripper.pos=+5.20
DEBUG 2026-09-03 08:27:22 [action #305] t=11.71s step=304 queue=21 dmax=0.838 | shoulder_pan.pos=+2.08 shoulder_lift.pos=+35.82 elbow_flex.pos=-57.93 wrist_flex.pos=+98.75 wrist_roll.pos=-6.55 gripper.pos=+5.39
DEBUG 2026-09-03 08:27:23 [action #306] t=11.74s step=305 queue=20 dmax=1.023 | shoulder_pan.pos=+3.10 shoulder_lift.pos=+35.35 elbow_flex.pos=-57.41 wrist_flex.pos=+98.88 wrist_roll.pos=-6.56 gripper.pos=+5.19
DEBUG 2026-09-03 08:27:23 [action #307] t=11.78s step=306 queue=19 dmax=0.912 | shoulder_pan.pos=+4.01 shoulder_lift.pos=+34.64 elbow_flex.pos=-57.12 wrist_flex.pos=+98.86 wrist_roll.pos=-6.56 gripper.pos=+5.32
DEBUG 2026-09-03 08:27:23 [action #308] t=11.81s step=307 queue=18 dmax=0.976 | shoulder_pan.pos=+4.99 shoulder_lift.pos=+34.04 elbow_flex.pos=-57.23 wrist_flex.pos=+99.02 wrist_roll.pos=-6.65 gripper.pos=+5.29
DEBUG 2026-09-03 08:27:23 [action #309] t=11.84s step=308 queue=17 dmax=0.886 | shoulder_pan.pos=+5.88 shoulder_lift.pos=+33.25 elbow_flex.pos=-57.12 wrist_flex.pos=+99.01 wrist_roll.pos=-6.62 gripper.pos=+5.27
DEBUG 2026-09-03 08:27:23 [action #310] t=11.88s step=309 queue=16 dmax=0.962 | shoulder_pan.pos=+6.84 shoulder_lift.pos=+32.89 elbow_flex.pos=-57.31 wrist_flex.pos=+98.95 wrist_roll.pos=-6.62 gripper.pos=+5.26
DEBUG 2026-09-03 08:27:23 [action #311] t=11.91s step=310 queue=15 dmax=0.906 | shoulder_pan.pos=+7.74 shoulder_lift.pos=+31.98 elbow_flex.pos=-57.36 wrist_flex.pos=+99.05 wrist_roll.pos=-6.62 gripper.pos=+5.37
DEBUG 2026-09-03 08:27:23 [action #312] t=11.94s step=311 queue=14 dmax=1.074 | shoulder_pan.pos=+8.82 shoulder_lift.pos=+31.79 elbow_flex.pos=-56.91 wrist_flex.pos=+98.79 wrist_roll.pos=-6.80 gripper.pos=+5.22
DEBUG 2026-09-03 08:27:23 [action #313] t=11.98s step=312 queue=13 dmax=1.202 | shoulder_pan.pos=+9.64 shoulder_lift.pos=+30.58 elbow_flex.pos=-56.11 wrist_flex.pos=+99.16 wrist_roll.pos=-6.77 gripper.pos=+5.35
DEBUG 2026-09-03 08:27:23 [action #314] t=12.01s step=313 queue=12 dmax=0.863 | shoulder_pan.pos=+10.51 shoulder_lift.pos=+30.48 elbow_flex.pos=-56.49 wrist_flex.pos=+99.18 wrist_roll.pos=-6.74 gripper.pos=+5.25
DEBUG 2026-09-03 08:27:23 [action #315] t=12.04s step=314 queue=11 dmax=1.274 | shoulder_pan.pos=+11.78 shoulder_lift.pos=+30.08 elbow_flex.pos=-55.54 wrist_flex.pos=+99.14 wrist_roll.pos=-6.82 gripper.pos=+5.39
DEBUG 2026-09-03 08:27:23 [action #316] t=12.08s step=315 queue=10 dmax=0.781 | shoulder_pan.pos=+12.56 shoulder_lift.pos=+29.43 elbow_flex.pos=-55.81 wrist_flex.pos=+99.04 wrist_roll.pos=-6.61 gripper.pos=+5.35
DEBUG 2026-09-03 08:27:23 [action #317] t=12.11s step=316 queue=9 dmax=1.233 | shoulder_pan.pos=+13.80 shoulder_lift.pos=+28.98 elbow_flex.pos=-55.44 wrist_flex.pos=+99.05 wrist_roll.pos=-6.59 gripper.pos=+5.34
DEBUG 2026-09-03 08:27:23 [action #318] t=12.14s step=317 queue=8 dmax=0.798 | shoulder_pan.pos=+14.59 shoulder_lift.pos=+28.46 elbow_flex.pos=-55.29 wrist_flex.pos=+98.86 wrist_roll.pos=-6.62 gripper.pos=+5.30
DEBUG 2026-09-03 08:27:23 [action #319] t=12.18s step=318 queue=7 dmax=1.110 | shoulder_pan.pos=+15.70 shoulder_lift.pos=+28.38 elbow_flex.pos=-54.86 wrist_flex.pos=+98.91 wrist_roll.pos=-6.43 gripper.pos=+5.44
DEBUG 2026-09-03 08:27:23 [action #320] t=12.21s step=319 queue=6 dmax=0.905 | shoulder_pan.pos=+16.58 shoulder_lift.pos=+27.47 elbow_flex.pos=-54.01 wrist_flex.pos=+99.08 wrist_roll.pos=-6.43 gripper.pos=+5.30
DEBUG 2026-09-03 08:27:23 [action #321] t=12.24s step=320 queue=5 dmax=1.053 | shoulder_pan.pos=+17.63 shoulder_lift.pos=+27.52 elbow_flex.pos=-53.64 wrist_flex.pos=+98.90 wrist_roll.pos=-6.31 gripper.pos=+5.38
DEBUG 2026-09-03 08:27:23 [action #322] t=12.28s step=321 queue=4 dmax=1.069 | shoulder_pan.pos=+18.70 shoulder_lift.pos=+26.83 elbow_flex.pos=-53.46 wrist_flex.pos=+98.79 wrist_roll.pos=-6.35 gripper.pos=+5.34
DEBUG 2026-09-03 08:27:23 [action #323] t=12.31s step=322 queue=3 dmax=1.256 | shoulder_pan.pos=+19.96 shoulder_lift.pos=+27.02 elbow_flex.pos=-53.57 wrist_flex.pos=+98.62 wrist_roll.pos=-6.23 gripper.pos=+5.31
DEBUG 2026-09-03 08:27:23 [action #324] t=12.34s step=323 queue=2 dmax=1.170 | shoulder_pan.pos=+20.82 shoulder_lift.pos=+26.28 elbow_flex.pos=-52.40 wrist_flex.pos=+98.35 wrist_roll.pos=-6.22 gripper.pos=+5.29
DEBUG 2026-09-03 08:27:23 [action #325] t=12.38s step=324 queue=1 dmax=1.040 | shoulder_pan.pos=+21.86 shoulder_lift.pos=+26.07 elbow_flex.pos=-52.60 wrist_flex.pos=+98.14 wrist_roll.pos=-6.13 gripper.pos=+5.33
DEBUG 2026-09-03 08:27:23 [chunk] received 50 actions, timesteps 298..347 | first: shoulder_pan.pos=-3.78 shoulder_lift.pos=+29.95 elbow_flex.pos=-28.53 wrist_flex.pos=+86.11 wrist_roll.pos=-7.56 gripper.pos=+5.23 | last: shoulder_pan.pos=+29.41 shoulder_lift.pos=+17.77 elbow_flex.pos=-45.58 wrist_flex.pos=+98.36 wrist_roll.pos=-6.25 gripper.pos=+4.45
DEBUG 2026-09-03 08:27:23 [action #326] t=12.41s step=325 queue=23 dmax=14.258 | shoulder_pan.pos=+7.60 shoulder_lift.pos=+23.73 elbow_flex.pos=-50.82 wrist_flex.pos=+99.61 wrist_roll.pos=-9.60 gripper.pos=+4.96
DEBUG 2026-09-03 08:27:23 [action #327] t=12.45s step=326 queue=22 dmax=0.835 | shoulder_pan.pos=+8.21 shoulder_lift.pos=+22.89 elbow_flex.pos=-50.05 wrist_flex.pos=+99.53 wrist_roll.pos=-9.56 gripper.pos=+4.96
DEBUG 2026-09-03 08:27:23 [action #328] t=12.48s step=327 queue=21 dmax=0.778 | shoulder_pan.pos=+8.99 shoulder_lift.pos=+22.26 elbow_flex.pos=-49.96 wrist_flex.pos=+99.57 wrist_roll.pos=-9.48 gripper.pos=+5.03
DEBUG 2026-09-03 08:27:23 [action #329] t=12.51s step=328 queue=20 dmax=0.717 | shoulder_pan.pos=+9.71 shoulder_lift.pos=+21.65 elbow_flex.pos=-49.68 wrist_flex.pos=+99.51 wrist_roll.pos=-9.52 gripper.pos=+4.86
DEBUG 2026-09-03 08:27:23 [action #330] t=12.55s step=329 queue=19 dmax=1.353 | shoulder_pan.pos=+10.93 shoulder_lift.pos=+22.06 elbow_flex.pos=-48.33 wrist_flex.pos=+99.69 wrist_roll.pos=-9.45 gripper.pos=+4.89
DEBUG 2026-09-03 08:27:23 [action #331] t=12.58s step=330 queue=18 dmax=1.296 | shoulder_pan.pos=+12.22 shoulder_lift.pos=+21.06 elbow_flex.pos=-49.16 wrist_flex.pos=+99.71 wrist_roll.pos=-9.27 gripper.pos=+4.72
DEBUG 2026-09-03 08:27:23 [action #332] t=12.61s step=331 queue=17 dmax=1.344 | shoulder_pan.pos=+13.33 shoulder_lift.pos=+19.72 elbow_flex.pos=-48.64 wrist_flex.pos=+99.68 wrist_roll.pos=-8.97 gripper.pos=+4.76
DEBUG 2026-09-03 08:27:23 [action #333] t=12.65s step=332 queue=16 dmax=1.125 | shoulder_pan.pos=+14.45 shoulder_lift.pos=+20.03 elbow_flex.pos=-48.40 wrist_flex.pos=+99.56 wrist_roll.pos=-8.78 gripper.pos=+4.55
DEBUG 2026-09-03 08:27:23 [action #334] t=12.68s step=333 queue=15 dmax=0.843 | shoulder_pan.pos=+15.29 shoulder_lift.pos=+19.19 elbow_flex.pos=-47.72 wrist_flex.pos=+99.56 wrist_roll.pos=-8.57 gripper.pos=+4.70
DEBUG 2026-09-03 08:27:23 [action #335] t=12.71s step=334 queue=14 dmax=1.347 | shoulder_pan.pos=+16.64 shoulder_lift.pos=+18.89 elbow_flex.pos=-48.73 wrist_flex.pos=+99.70 wrist_roll.pos=-8.47 gripper.pos=+4.66
DEBUG 2026-09-03 08:27:24 [action #336] t=12.75s step=335 queue=13 dmax=0.887 | shoulder_pan.pos=+17.51 shoulder_lift.pos=+18.00 elbow_flex.pos=-48.03 wrist_flex.pos=+99.63 wrist_roll.pos=-8.24 gripper.pos=+4.69
DEBUG 2026-09-03 08:27:24 [action #337] t=12.78s step=336 queue=12 dmax=1.154 | shoulder_pan.pos=+18.66 shoulder_lift.pos=+18.27 elbow_flex.pos=-47.00 wrist_flex.pos=+99.49 wrist_roll.pos=-8.15 gripper.pos=+4.75
DEBUG 2026-09-03 08:27:24 [action #338] t=12.81s step=337 queue=11 dmax=1.089 | shoulder_pan.pos=+19.75 shoulder_lift.pos=+18.30 elbow_flex.pos=-47.09 wrist_flex.pos=+99.66 wrist_roll.pos=-7.88 gripper.pos=+4.54
DEBUG 2026-09-03 08:27:24 [action #339] t=12.85s step=338 queue=10 dmax=1.017 | shoulder_pan.pos=+20.73 shoulder_lift.pos=+17.29 elbow_flex.pos=-47.16 wrist_flex.pos=+99.44 wrist_roll.pos=-7.79 gripper.pos=+4.79
DEBUG 2026-09-03 08:27:24 [action #340] t=12.88s step=339 queue=9 dmax=1.451 | shoulder_pan.pos=+22.18 shoulder_lift.pos=+17.88 elbow_flex.pos=-46.94 wrist_flex.pos=+99.34 wrist_roll.pos=-7.56 gripper.pos=+4.71
DEBUG 2026-09-03 08:27:24 [action #341] t=12.91s step=340 queue=8 dmax=1.162 | shoulder_pan.pos=+23.34 shoulder_lift.pos=+18.04 elbow_flex.pos=-47.39 wrist_flex.pos=+99.49 wrist_roll.pos=-7.27 gripper.pos=+4.62
DEBUG 2026-09-03 08:27:24 [action #342] t=12.95s step=341 queue=7 dmax=0.940 | shoulder_pan.pos=+24.26 shoulder_lift.pos=+18.22 elbow_flex.pos=-46.45 wrist_flex.pos=+99.45 wrist_roll.pos=-7.20 gripper.pos=+4.71
DEBUG 2026-09-03 08:27:24 [action #343] t=12.98s step=342 queue=6 dmax=1.034 | shoulder_pan.pos=+25.29 shoulder_lift.pos=+18.09 elbow_flex.pos=-46.81 wrist_flex.pos=+99.12 wrist_roll.pos=-7.10 gripper.pos=+4.80
DEBUG 2026-09-03 08:27:24 [action #344] t=13.01s step=343 queue=5 dmax=1.219 | shoulder_pan.pos=+26.37 shoulder_lift.pos=+16.87 elbow_flex.pos=-46.80 wrist_flex.pos=+99.34 wrist_roll.pos=-6.93 gripper.pos=+4.48
DEBUG 2026-09-03 08:27:24 [action #345] t=13.05s step=344 queue=4 dmax=1.134 | shoulder_pan.pos=+27.51 shoulder_lift.pos=+17.73 elbow_flex.pos=-46.34 wrist_flex.pos=+99.06 wrist_roll.pos=-6.85 gripper.pos=+4.65
DEBUG 2026-09-03 08:27:24 [action #346] t=13.08s step=345 queue=3 dmax=0.631 | shoulder_pan.pos=+28.14 shoulder_lift.pos=+17.34 elbow_flex.pos=-46.12 wrist_flex.pos=+98.99 wrist_roll.pos=-6.60 gripper.pos=+4.60
DEBUG 2026-09-03 08:27:24 [action #347] t=13.11s step=346 queue=2 dmax=0.771 | shoulder_pan.pos=+28.91 shoulder_lift.pos=+17.54 elbow_flex.pos=-45.85 wrist_flex.pos=+98.72 wrist_roll.pos=-6.49 gripper.pos=+4.54
DEBUG 2026-09-03 08:27:24 [action #348] t=13.15s step=347 queue=1 dmax=0.504 | shoulder_pan.pos=+29.41 shoulder_lift.pos=+17.77 elbow_flex.pos=-45.58 wrist_flex.pos=+98.36 wrist_roll.pos=-6.25 gripper.pos=+4.45
DEBUG 2026-09-03 08:27:24 [chunk] received 50 actions, timesteps 324..373 | first: shoulder_pan.pos=+9.21 shoulder_lift.pos=+28.83 elbow_flex.pos=-54.51 wrist_flex.pos=+102.99 wrist_roll.pos=-7.48 gripper.pos=+5.37 | last: shoulder_pan.pos=+40.79 shoulder_lift.pos=+18.20 elbow_flex.pos=-28.99 wrist_flex.pos=+89.56 wrist_roll.pos=-9.41 gripper.pos=+6.03
DEBUG 2026-09-03 08:27:24 [action #349] t=13.32s step=348 queue=26 dmax=4.349 | shoulder_pan.pos=+29.76 shoulder_lift.pos=+18.46 elbow_flex.pos=-46.30 wrist_flex.pos=+102.71 wrist_roll.pos=-9.34 gripper.pos=+5.83
DEBUG 2026-09-03 08:27:24 [action #350] t=13.35s step=349 queue=25 dmax=1.241 | shoulder_pan.pos=+31.00 shoulder_lift.pos=+18.17 elbow_flex.pos=-45.94 wrist_flex.pos=+102.65 wrist_roll.pos=-9.42 gripper.pos=+5.75
DEBUG 2026-09-03 08:27:24 [action #351] t=13.38s step=350 queue=24 dmax=1.176 | shoulder_pan.pos=+31.81 shoulder_lift.pos=+18.33 elbow_flex.pos=-44.77 wrist_flex.pos=+102.48 wrist_roll.pos=-9.46 gripper.pos=+5.97
DEBUG 2026-09-03 08:27:24 [action #352] t=13.42s step=351 queue=23 dmax=0.954 | shoulder_pan.pos=+32.77 shoulder_lift.pos=+17.38 elbow_flex.pos=-44.64 wrist_flex.pos=+102.39 wrist_roll.pos=-9.42 gripper.pos=+5.82
DEBUG 2026-09-03 08:27:24 [action #353] t=13.45s step=352 queue=22 dmax=0.712 | shoulder_pan.pos=+33.47 shoulder_lift.pos=+18.09 elbow_flex.pos=-44.67 wrist_flex.pos=+102.45 wrist_roll.pos=-9.51 gripper.pos=+5.90
DEBUG 2026-09-03 08:27:24 [action #354] t=13.48s step=353 queue=21 dmax=1.146 | shoulder_pan.pos=+34.62 shoulder_lift.pos=+18.65 elbow_flex.pos=-44.53 wrist_flex.pos=+102.42 wrist_roll.pos=-9.33 gripper.pos=+6.03
DEBUG 2026-09-03 08:27:24 [action #355] t=13.52s step=354 queue=20 dmax=1.027 | shoulder_pan.pos=+35.64 shoulder_lift.pos=+18.68 elbow_flex.pos=-44.39 wrist_flex.pos=+102.11 wrist_roll.pos=-9.44 gripper.pos=+5.77
DEBUG 2026-09-03 08:27:24 [action #356] t=13.55s step=355 queue=19 dmax=0.499 | shoulder_pan.pos=+36.05 shoulder_lift.pos=+18.31 elbow_flex.pos=-43.89 wrist_flex.pos=+102.01 wrist_roll.pos=-9.36 gripper.pos=+6.00
DEBUG 2026-09-03 08:27:24 [action #357] t=13.58s step=356 queue=18 dmax=1.452 | shoulder_pan.pos=+37.50 shoulder_lift.pos=+18.38 elbow_flex.pos=-43.86 wrist_flex.pos=+102.19 wrist_roll.pos=-9.41 gripper.pos=+5.82
DEBUG 2026-09-03 08:27:24 [action #358] t=13.62s step=357 queue=17 dmax=0.723 | shoulder_pan.pos=+37.19 shoulder_lift.pos=+19.10 elbow_flex.pos=-43.33 wrist_flex.pos=+101.48 wrist_roll.pos=-9.34 gripper.pos=+5.87
DEBUG 2026-09-03 08:27:24 [action #359] t=13.65s step=358 queue=16 dmax=0.673 | shoulder_pan.pos=+37.80 shoulder_lift.pos=+18.95 elbow_flex.pos=-42.66 wrist_flex.pos=+101.27 wrist_roll.pos=-9.46 gripper.pos=+6.09
DEBUG 2026-09-03 08:27:24 [action #360] t=13.68s step=359 queue=15 dmax=0.831 | shoulder_pan.pos=+38.35 shoulder_lift.pos=+19.38 elbow_flex.pos=-41.83 wrist_flex.pos=+100.52 wrist_roll.pos=-9.26 gripper.pos=+5.94
DEBUG 2026-09-03 08:27:24 [action #361] t=13.72s step=360 queue=14 dmax=0.747 | shoulder_pan.pos=+38.75 shoulder_lift.pos=+19.06 elbow_flex.pos=-41.14 wrist_flex.pos=+99.77 wrist_roll.pos=-9.25 gripper.pos=+5.96
DEBUG 2026-09-03 08:27:25 [action #362] t=13.75s step=361 queue=13 dmax=1.087 | shoulder_pan.pos=+38.52 shoulder_lift.pos=+19.56 elbow_flex.pos=-40.06 wrist_flex.pos=+99.27 wrist_roll.pos=-9.29 gripper.pos=+5.87
DEBUG 2026-09-03 08:27:25 [action #363] t=13.78s step=362 queue=12 dmax=0.707 | shoulder_pan.pos=+39.23 shoulder_lift.pos=+18.98 elbow_flex.pos=-40.28 wrist_flex.pos=+98.60 wrist_roll.pos=-9.47 gripper.pos=+5.98
DEBUG 2026-09-03 08:27:25 [action #364] t=13.82s step=363 queue=11 dmax=1.368 | shoulder_pan.pos=+39.15 shoulder_lift.pos=+19.79 elbow_flex.pos=-38.91 wrist_flex.pos=+98.04 wrist_roll.pos=-9.33 gripper.pos=+6.02
DEBUG 2026-09-03 08:27:25 [action #365] t=13.85s step=364 queue=10 dmax=0.956 | shoulder_pan.pos=+39.84 shoulder_lift.pos=+18.83 elbow_flex.pos=-38.11 wrist_flex.pos=+97.30 wrist_roll.pos=-9.34 gripper.pos=+5.92
DEBUG 2026-09-03 08:27:25 [action #366] t=13.88s step=365 queue=9 dmax=0.789 | shoulder_pan.pos=+39.91 shoulder_lift.pos=+18.93 elbow_flex.pos=-37.44 wrist_flex.pos=+96.52 wrist_roll.pos=-9.34 gripper.pos=+5.95
DEBUG 2026-09-03 08:27:25 [action #367] t=13.92s step=366 queue=8 dmax=1.203 | shoulder_pan.pos=+40.34 shoulder_lift.pos=+18.99 elbow_flex.pos=-36.24 wrist_flex.pos=+95.68 wrist_roll.pos=-9.25 gripper.pos=+6.01
DEBUG 2026-09-03 08:27:25 [action #368] t=13.95s step=367 queue=7 dmax=0.778 | shoulder_pan.pos=+40.32 shoulder_lift.pos=+18.69 elbow_flex.pos=-35.68 wrist_flex.pos=+94.90 wrist_roll.pos=-9.29 gripper.pos=+6.03
DEBUG 2026-09-03 08:27:25 [action #369] t=13.99s step=368 queue=6 dmax=1.473 | shoulder_pan.pos=+40.83 shoulder_lift.pos=+18.56 elbow_flex.pos=-34.21 wrist_flex.pos=+94.13 wrist_roll.pos=-9.31 gripper.pos=+6.04
DEBUG 2026-09-03 08:27:25 [action #370] t=14.02s step=369 queue=5 dmax=1.915 | shoulder_pan.pos=+40.94 shoulder_lift.pos=+18.48 elbow_flex.pos=-32.29 wrist_flex.pos=+93.25 wrist_roll.pos=-9.31 gripper.pos=+5.98
DEBUG 2026-09-03 08:27:25 [action #371] t=14.05s step=370 queue=4 dmax=0.959 | shoulder_pan.pos=+40.95 shoulder_lift.pos=+18.34 elbow_flex.pos=-31.87 wrist_flex.pos=+92.29 wrist_roll.pos=-9.36 gripper.pos=+6.07
DEBUG 2026-09-03 08:27:25 [action #372] t=14.09s step=371 queue=3 dmax=1.330 | shoulder_pan.pos=+41.08 shoulder_lift.pos=+18.37 elbow_flex.pos=-30.54 wrist_flex.pos=+91.59 wrist_roll.pos=-9.27 gripper.pos=+6.20
DEBUG 2026-09-03 08:27:25 [action #373] t=14.12s step=372 queue=2 dmax=1.232 | shoulder_pan.pos=+40.92 shoulder_lift.pos=+18.30 elbow_flex.pos=-30.10 wrist_flex.pos=+90.36 wrist_roll.pos=-9.30 gripper.pos=+6.26
DEBUG 2026-09-03 08:27:25 [action #374] t=14.15s step=373 queue=1 dmax=1.111 | shoulder_pan.pos=+40.79 shoulder_lift.pos=+18.20 elbow_flex.pos=-28.99 wrist_flex.pos=+89.56 wrist_roll.pos=-9.41 gripper.pos=+6.03
DEBUG 2026-09-03 08:27:25 [chunk] received 50 actions, timesteps 347..396 | first: shoulder_pan.pos=+30.98 shoulder_lift.pos=+16.61 elbow_flex.pos=-43.02 wrist_flex.pos=+95.28 wrist_roll.pos=-7.04 gripper.pos=+2.77 | last: shoulder_pan.pos=+31.68 shoulder_lift.pos=+21.47 elbow_flex.pos=-21.69 wrist_flex.pos=+79.80 wrist_roll.pos=-6.14 gripper.pos=+29.31
DEBUG 2026-09-03 08:27:25 [action #375] t=14.22s step=374 queue=23 dmax=13.651 | shoulder_pan.pos=+35.62 shoulder_lift.pos=+20.20 elbow_flex.pos=-23.54 wrist_flex.pos=+75.91 wrist_roll.pos=-6.74 gripper.pos=+3.01
DEBUG 2026-09-03 08:27:25 [action #376] t=14.25s step=375 queue=22 dmax=0.423 | shoulder_pan.pos=+35.66 shoulder_lift.pos=+20.09 elbow_flex.pos=-23.26 wrist_flex.pos=+75.49 wrist_roll.pos=-6.77 gripper.pos=+3.10
DEBUG 2026-09-03 08:27:25 [action #377] t=14.29s step=376 queue=21 dmax=0.785 | shoulder_pan.pos=+35.53 shoulder_lift.pos=+19.90 elbow_flex.pos=-22.48 wrist_flex.pos=+75.24 wrist_roll.pos=-6.75 gripper.pos=+3.16
DEBUG 2026-09-03 08:27:25 [action #378] t=14.32s step=377 queue=20 dmax=0.429 | shoulder_pan.pos=+35.54 shoulder_lift.pos=+19.69 elbow_flex.pos=-22.05 wrist_flex.pos=+75.03 wrist_roll.pos=-6.80 gripper.pos=+3.08
DEBUG 2026-09-03 08:27:25 [action #379] t=14.35s step=378 queue=19 dmax=0.392 | shoulder_pan.pos=+35.49 shoulder_lift.pos=+19.82 elbow_flex.pos=-21.66 wrist_flex.pos=+74.68 wrist_roll.pos=-6.75 gripper.pos=+3.10
DEBUG 2026-09-03 08:27:25 [action #380] t=14.39s step=379 queue=18 dmax=0.681 | shoulder_pan.pos=+35.52 shoulder_lift.pos=+20.50 elbow_flex.pos=-21.09 wrist_flex.pos=+74.52 wrist_roll.pos=-6.94 gripper.pos=+3.27
DEBUG 2026-09-03 08:27:25 [action #381] t=14.42s step=380 queue=17 dmax=0.415 | shoulder_pan.pos=+35.50 shoulder_lift.pos=+20.48 elbow_flex.pos=-21.38 wrist_flex.pos=+74.45 wrist_roll.pos=-7.01 gripper.pos=+3.68
DEBUG 2026-09-03 08:27:25 [action #382] t=14.45s step=381 queue=16 dmax=2.542 | shoulder_pan.pos=+35.58 shoulder_lift.pos=+20.53 elbow_flex.pos=-21.29 wrist_flex.pos=+74.54 wrist_roll.pos=-6.88 gripper.pos=+6.23
DEBUG 2026-09-03 08:27:25 [action #383] t=14.49s step=382 queue=15 dmax=4.492 | shoulder_pan.pos=+35.73 shoulder_lift.pos=+20.51 elbow_flex.pos=-21.48 wrist_flex.pos=+74.68 wrist_roll.pos=-6.83 gripper.pos=+10.72
DEBUG 2026-09-03 08:27:25 [action #384] t=14.52s step=383 queue=14 dmax=3.726 | shoulder_pan.pos=+35.56 shoulder_lift.pos=+20.78 elbow_flex.pos=-21.16 wrist_flex.pos=+75.19 wrist_roll.pos=-7.09 gripper.pos=+14.44
DEBUG 2026-09-03 08:27:25 [action #385] t=14.55s step=384 queue=13 dmax=2.694 | shoulder_pan.pos=+35.57 shoulder_lift.pos=+20.43 elbow_flex.pos=-21.15 wrist_flex.pos=+75.29 wrist_roll.pos=-7.20 gripper.pos=+17.14
DEBUG 2026-09-03 08:27:25 [action #386] t=14.59s step=385 queue=12 dmax=1.961 | shoulder_pan.pos=+35.71 shoulder_lift.pos=+20.84 elbow_flex.pos=-21.14 wrist_flex.pos=+75.68 wrist_roll.pos=-7.17 gripper.pos=+19.10
DEBUG 2026-09-03 08:27:25 [action #387] t=14.62s step=386 queue=11 dmax=1.188 | shoulder_pan.pos=+35.57 shoulder_lift.pos=+20.82 elbow_flex.pos=-22.15 wrist_flex.pos=+75.49 wrist_roll.pos=-7.03 gripper.pos=+20.29
DEBUG 2026-09-03 08:27:25 [action #388] t=14.65s step=387 queue=10 dmax=0.955 | shoulder_pan.pos=+35.17 shoulder_lift.pos=+20.63 elbow_flex.pos=-21.37 wrist_flex.pos=+76.02 wrist_roll.pos=-7.26 gripper.pos=+21.24
DEBUG 2026-09-03 08:27:25 [action #389] t=14.69s step=388 queue=9 dmax=0.762 | shoulder_pan.pos=+34.99 shoulder_lift.pos=+21.30 elbow_flex.pos=-21.32 wrist_flex.pos=+76.18 wrist_roll.pos=-7.23 gripper.pos=+22.00
DEBUG 2026-09-03 08:27:25 [action #390] t=14.72s step=389 queue=8 dmax=0.654 | shoulder_pan.pos=+34.63 shoulder_lift.pos=+21.22 elbow_flex.pos=-21.97 wrist_flex.pos=+76.37 wrist_roll.pos=-6.99 gripper.pos=+22.55
DEBUG 2026-09-03 08:27:26 [action #391] t=14.75s step=390 queue=7 dmax=0.987 | shoulder_pan.pos=+34.16 shoulder_lift.pos=+20.91 elbow_flex.pos=-21.15 wrist_flex.pos=+76.58 wrist_roll.pos=-6.78 gripper.pos=+23.54
DEBUG 2026-09-03 08:27:26 [action #392] t=14.79s step=391 queue=6 dmax=1.132 | shoulder_pan.pos=+33.80 shoulder_lift.pos=+21.01 elbow_flex.pos=-21.44 wrist_flex.pos=+76.98 wrist_roll.pos=-6.65 gripper.pos=+24.67
DEBUG 2026-09-03 08:27:26 [action #393] t=14.82s step=392 queue=5 dmax=1.345 | shoulder_pan.pos=+33.44 shoulder_lift.pos=+21.02 elbow_flex.pos=-20.67 wrist_flex.pos=+77.33 wrist_roll.pos=-6.55 gripper.pos=+26.01
DEBUG 2026-09-03 08:27:26 [action #394] t=14.85s step=393 queue=4 dmax=1.214 | shoulder_pan.pos=+32.98 shoulder_lift.pos=+21.06 elbow_flex.pos=-21.80 wrist_flex.pos=+77.80 wrist_roll.pos=-6.32 gripper.pos=+27.23
DEBUG 2026-09-03 08:27:26 [action #395] t=14.89s step=394 queue=3 dmax=0.727 | shoulder_pan.pos=+32.68 shoulder_lift.pos=+21.24 elbow_flex.pos=-21.39 wrist_flex.pos=+78.41 wrist_roll.pos=-6.31 gripper.pos=+27.95
DEBUG 2026-09-03 08:27:26 [action #396] t=14.92s step=395 queue=2 dmax=0.821 | shoulder_pan.pos=+32.13 shoulder_lift.pos=+21.28 elbow_flex.pos=-21.82 wrist_flex.pos=+79.01 wrist_roll.pos=-6.22 gripper.pos=+28.77
DEBUG 2026-09-03 08:27:26 [action #397] t=14.95s step=396 queue=1 dmax=0.795 | shoulder_pan.pos=+31.68 shoulder_lift.pos=+21.47 elbow_flex.pos=-21.69 wrist_flex.pos=+79.80 wrist_roll.pos=-6.14 gripper.pos=+29.31
DEBUG 2026-09-03 08:27:26 [chunk] received 50 actions, timesteps 373..422 | first: shoulder_pan.pos=+35.03 shoulder_lift.pos=+19.75 elbow_flex.pos=-26.48 wrist_flex.pos=+88.15 wrist_roll.pos=-10.76 gripper.pos=+3.75 | last: shoulder_pan.pos=+17.79 shoulder_lift.pos=+4.24 elbow_flex.pos=-23.90 wrist_flex.pos=+101.55 wrist_roll.pos=-9.60 gripper.pos=+32.64
DEBUG 2026-09-03 08:27:26 [action #398] t=15.12s step=397 queue=26 dmax=6.193 | shoulder_pan.pos=+37.53 shoulder_lift.pos=+21.91 elbow_flex.pos=-19.90 wrist_flex.pos=+79.66 wrist_roll.pos=-12.33 gripper.pos=+30.10
DEBUG 2026-09-03 08:27:26 [action #399] t=15.16s step=398 queue=25 dmax=0.315 | shoulder_pan.pos=+37.51 shoulder_lift.pos=+21.60 elbow_flex.pos=-19.58 wrist_flex.pos=+79.72 wrist_roll.pos=-12.30 gripper.pos=+30.41
DEBUG 2026-09-03 08:27:26 [action #400] t=15.19s step=399 queue=24 dmax=0.575 | shoulder_pan.pos=+37.51 shoulder_lift.pos=+21.03 elbow_flex.pos=-19.05 wrist_flex.pos=+79.89 wrist_roll.pos=-12.34 gripper.pos=+30.61
DEBUG 2026-09-03 08:27:26 [action #401] t=15.22s step=400 queue=23 dmax=0.647 | shoulder_pan.pos=+37.27 shoulder_lift.pos=+21.68 elbow_flex.pos=-19.31 wrist_flex.pos=+79.82 wrist_roll.pos=-12.25 gripper.pos=+30.56
DEBUG 2026-09-03 08:27:26 [action #402] t=15.26s step=401 queue=22 dmax=0.795 | shoulder_pan.pos=+37.07 shoulder_lift.pos=+21.13 elbow_flex.pos=-18.51 wrist_flex.pos=+79.84 wrist_roll.pos=-12.20 gripper.pos=+30.48
DEBUG 2026-09-03 08:27:26 [action #403] t=15.29s step=402 queue=21 dmax=0.255 | shoulder_pan.pos=+36.82 shoulder_lift.pos=+21.03 elbow_flex.pos=-18.61 wrist_flex.pos=+80.09 wrist_roll.pos=-12.23 gripper.pos=+30.53
DEBUG 2026-09-03 08:27:26 [action #404] t=15.32s step=403 queue=20 dmax=0.365 | shoulder_pan.pos=+36.57 shoulder_lift.pos=+20.87 elbow_flex.pos=-18.25 wrist_flex.pos=+80.35 wrist_roll.pos=-12.19 gripper.pos=+30.69
DEBUG 2026-09-03 08:27:26 [action #405] t=15.36s step=404 queue=19 dmax=0.607 | shoulder_pan.pos=+35.97 shoulder_lift.pos=+20.45 elbow_flex.pos=-18.04 wrist_flex.pos=+80.60 wrist_roll.pos=-12.15 gripper.pos=+30.76
DEBUG 2026-09-03 08:27:26 [action #406] t=15.39s step=405 queue=18 dmax=0.442 | shoulder_pan.pos=+35.60 shoulder_lift.pos=+20.01 elbow_flex.pos=-18.05 wrist_flex.pos=+80.94 wrist_roll.pos=-12.24 gripper.pos=+30.99
DEBUG 2026-09-03 08:27:26 [action #407] t=15.42s step=406 queue=17 dmax=0.730 | shoulder_pan.pos=+35.10 shoulder_lift.pos=+19.53 elbow_flex.pos=-18.53 wrist_flex.pos=+81.67 wrist_roll.pos=-12.12 gripper.pos=+31.39
DEBUG 2026-09-03 08:27:26 [action #408] t=15.46s step=407 queue=16 dmax=0.800 | shoulder_pan.pos=+34.42 shoulder_lift.pos=+19.33 elbow_flex.pos=-19.16 wrist_flex.pos=+82.47 wrist_roll.pos=-12.21 gripper.pos=+31.78
DEBUG 2026-09-03 08:27:26 [action #409] t=15.49s step=408 queue=15 dmax=1.181 | shoulder_pan.pos=+33.70 shoulder_lift.pos=+18.49 elbow_flex.pos=-18.17 wrist_flex.pos=+83.65 wrist_roll.pos=-12.06 gripper.pos=+32.17
DEBUG 2026-09-03 08:27:26 [action #410] t=15.52s step=409 queue=14 dmax=1.574 | shoulder_pan.pos=+32.73 shoulder_lift.pos=+18.05 elbow_flex.pos=-19.52 wrist_flex.pos=+85.22 wrist_roll.pos=-12.15 gripper.pos=+32.69
DEBUG 2026-09-03 08:27:26 [action #411] t=15.56s step=410 queue=13 dmax=2.051 | shoulder_pan.pos=+31.49 shoulder_lift.pos=+17.22 elbow_flex.pos=-20.91 wrist_flex.pos=+87.28 wrist_roll.pos=-12.03 gripper.pos=+32.94
DEBUG 2026-09-03 08:27:26 [action #412] t=15.59s step=411 queue=12 dmax=1.763 | shoulder_pan.pos=+30.34 shoulder_lift.pos=+16.22 elbow_flex.pos=-21.44 wrist_flex.pos=+89.04 wrist_roll.pos=-12.02 gripper.pos=+33.19
DEBUG 2026-09-03 08:27:26 [action #413] t=15.62s step=412 queue=11 dmax=1.831 | shoulder_pan.pos=+29.36 shoulder_lift.pos=+15.68 elbow_flex.pos=-22.62 wrist_flex.pos=+90.87 wrist_roll.pos=-12.02 gripper.pos=+33.40
DEBUG 2026-09-03 08:27:26 [action #414] t=15.66s step=413 queue=10 dmax=1.528 | shoulder_pan.pos=+28.10 shoulder_lift.pos=+14.86 elbow_flex.pos=-22.65 wrist_flex.pos=+92.40 wrist_roll.pos=-11.75 gripper.pos=+33.42
DEBUG 2026-09-03 08:27:26 [action #415] t=15.69s step=414 queue=9 dmax=1.421 | shoulder_pan.pos=+26.97 shoulder_lift.pos=+14.07 elbow_flex.pos=-24.02 wrist_flex.pos=+93.82 wrist_roll.pos=-11.81 gripper.pos=+33.51
DEBUG 2026-09-03 08:27:26 [action #416] t=15.72s step=415 queue=8 dmax=1.410 | shoulder_pan.pos=+25.90 shoulder_lift.pos=+13.05 elbow_flex.pos=-23.99 wrist_flex.pos=+95.23 wrist_roll.pos=-11.63 gripper.pos=+33.37
DEBUG 2026-09-03 08:27:27 [action #417] t=15.76s step=416 queue=7 dmax=1.359 | shoulder_pan.pos=+24.69 shoulder_lift.pos=+11.69 elbow_flex.pos=-24.52 wrist_flex.pos=+96.17 wrist_roll.pos=-11.33 gripper.pos=+33.26
DEBUG 2026-09-03 08:27:27 [action #418] t=15.79s step=417 queue=6 dmax=1.141 | shoulder_pan.pos=+23.66 shoulder_lift.pos=+10.85 elbow_flex.pos=-24.87 wrist_flex.pos=+97.31 wrist_roll.pos=-11.16 gripper.pos=+33.20
DEBUG 2026-09-03 08:27:27 [action #419] t=15.82s step=418 queue=5 dmax=1.340 | shoulder_pan.pos=+22.46 shoulder_lift.pos=+9.51 elbow_flex.pos=-24.49 wrist_flex.pos=+98.21 wrist_roll.pos=-10.99 gripper.pos=+33.29
DEBUG 2026-09-03 08:27:27 [action #420] t=15.86s step=419 queue=4 dmax=1.385 | shoulder_pan.pos=+21.11 shoulder_lift.pos=+8.13 elbow_flex.pos=-23.67 wrist_flex.pos=+99.05 wrist_roll.pos=-10.63 gripper.pos=+33.08
DEBUG 2026-09-03 08:27:27 [action #421] t=15.89s step=420 queue=3 dmax=1.201 | shoulder_pan.pos=+19.91 shoulder_lift.pos=+7.15 elbow_flex.pos=-24.02 wrist_flex.pos=+100.02 wrist_roll.pos=-10.34 gripper.pos=+32.98
DEBUG 2026-09-03 08:27:27 [action #422] t=15.92s step=421 queue=2 dmax=1.874 | shoulder_pan.pos=+18.76 shoulder_lift.pos=+5.28 elbow_flex.pos=-24.24 wrist_flex.pos=+100.96 wrist_roll.pos=-9.92 gripper.pos=+32.83
DEBUG 2026-09-03 08:27:27 [action #423] t=15.96s step=422 queue=1 dmax=1.036 | shoulder_pan.pos=+17.79 shoulder_lift.pos=+4.24 elbow_flex.pos=-23.90 wrist_flex.pos=+101.55 wrist_roll.pos=-9.60 gripper.pos=+32.64
DEBUG 2026-09-03 08:27:27 [chunk] received 50 actions, timesteps 396..445 | first: shoulder_pan.pos=+26.61 shoulder_lift.pos=+19.71 elbow_flex.pos=-26.27 wrist_flex.pos=+83.97 wrist_roll.pos=-6.52 gripper.pos=+30.16 | last: shoulder_pan.pos=-4.91 shoulder_lift.pos=-56.46 elbow_flex.pos=+55.09 wrist_flex.pos=+70.05 wrist_roll.pos=-0.52 gripper.pos=+1.10
DEBUG 2026-09-03 08:27:27 [action #424] t=16.06s step=423 queue=23 dmax=33.570 | shoulder_pan.pos=+5.16 shoulder_lift.pos=-18.79 elbow_flex.pos=+9.67 wrist_flex.pos=+87.10 wrist_roll.pos=-4.69 gripper.pos=+1.71
DEBUG 2026-09-03 08:27:27 [action #425] t=16.09s step=424 queue=22 dmax=2.664 | shoulder_pan.pos=+4.53 shoulder_lift.pos=-20.49 elbow_flex.pos=+12.33 wrist_flex.pos=+86.10 wrist_roll.pos=-4.86 gripper.pos=+1.87
DEBUG 2026-09-03 08:27:27 [action #426] t=16.13s step=425 queue=21 dmax=3.048 | shoulder_pan.pos=+3.48 shoulder_lift.pos=-22.60 elbow_flex.pos=+15.38 wrist_flex.pos=+84.89 wrist_roll.pos=-4.60 gripper.pos=+1.49
DEBUG 2026-09-03 08:27:27 [action #427] t=16.16s step=426 queue=20 dmax=1.872 | shoulder_pan.pos=+3.24 shoulder_lift.pos=-23.95 elbow_flex.pos=+17.25 wrist_flex.pos=+84.03 wrist_roll.pos=-4.54 gripper.pos=+1.34
DEBUG 2026-09-03 08:27:27 [action #428] t=16.19s step=427 queue=19 dmax=2.405 | shoulder_pan.pos=+2.25 shoulder_lift.pos=-26.13 elbow_flex.pos=+19.65 wrist_flex.pos=+82.94 wrist_roll.pos=-4.55 gripper.pos=+1.47
DEBUG 2026-09-03 08:27:27 [action #429] t=16.23s step=428 queue=18 dmax=3.234 | shoulder_pan.pos=+1.81 shoulder_lift.pos=-28.14 elbow_flex.pos=+22.89 wrist_flex.pos=+81.99 wrist_roll.pos=-4.48 gripper.pos=+1.55
DEBUG 2026-09-03 08:27:27 [action #430] t=16.26s step=429 queue=17 dmax=1.958 | shoulder_pan.pos=+0.88 shoulder_lift.pos=-30.10 elbow_flex.pos=+24.25 wrist_flex.pos=+80.94 wrist_roll.pos=-4.47 gripper.pos=+1.54
DEBUG 2026-09-03 08:27:27 [action #431] t=16.29s step=430 queue=16 dmax=3.043 | shoulder_pan.pos=+0.28 shoulder_lift.pos=-31.37 elbow_flex.pos=+27.30 wrist_flex.pos=+79.91 wrist_roll.pos=-4.50 gripper.pos=+1.65
DEBUG 2026-09-03 08:27:27 [action #432] t=16.33s step=431 queue=15 dmax=2.190 | shoulder_pan.pos=-0.01 shoulder_lift.pos=-33.18 elbow_flex.pos=+29.48 wrist_flex.pos=+79.06 wrist_roll.pos=-4.54 gripper.pos=+1.54
DEBUG 2026-09-03 08:27:27 [action #433] t=16.36s step=432 queue=14 dmax=1.883 | shoulder_pan.pos=-0.46 shoulder_lift.pos=-34.45 elbow_flex.pos=+31.37 wrist_flex.pos=+78.27 wrist_roll.pos=-4.36 gripper.pos=+1.37
DEBUG 2026-09-03 08:27:27 [action #434] t=16.39s step=433 queue=13 dmax=2.437 | shoulder_pan.pos=-0.71 shoulder_lift.pos=-36.88 elbow_flex.pos=+32.98 wrist_flex.pos=+77.50 wrist_roll.pos=-4.22 gripper.pos=+1.67
DEBUG 2026-09-03 08:27:27 [action #435] t=16.43s step=434 queue=12 dmax=3.208 | shoulder_pan.pos=-1.37 shoulder_lift.pos=-38.28 elbow_flex.pos=+36.19 wrist_flex.pos=+76.55 wrist_roll.pos=-4.03 gripper.pos=+1.56
DEBUG 2026-09-03 08:27:27 [action #436] t=16.46s step=435 queue=11 dmax=2.210 | shoulder_pan.pos=-1.88 shoulder_lift.pos=-40.16 elbow_flex.pos=+38.40 wrist_flex.pos=+75.61 wrist_roll.pos=-3.63 gripper.pos=+1.52
DEBUG 2026-09-03 08:27:27 [action #437] t=16.49s step=436 queue=10 dmax=1.631 | shoulder_pan.pos=-2.05 shoulder_lift.pos=-41.69 elbow_flex.pos=+40.03 wrist_flex.pos=+74.72 wrist_roll.pos=-3.22 gripper.pos=+1.58
DEBUG 2026-09-03 08:27:27 [action #438] t=16.53s step=437 queue=9 dmax=2.304 | shoulder_pan.pos=-2.40 shoulder_lift.pos=-43.31 elbow_flex.pos=+42.34 wrist_flex.pos=+73.59 wrist_roll.pos=-2.69 gripper.pos=+1.44
DEBUG 2026-09-03 08:27:27 [action #439] t=16.56s step=438 queue=8 dmax=1.801 | shoulder_pan.pos=-2.67 shoulder_lift.pos=-45.05 elbow_flex.pos=+44.14 wrist_flex.pos=+72.58 wrist_roll.pos=-1.96 gripper.pos=+1.30
DEBUG 2026-09-03 08:27:27 [action #440] t=16.59s step=439 queue=7 dmax=1.454 | shoulder_pan.pos=-2.86 shoulder_lift.pos=-46.28 elbow_flex.pos=+45.59 wrist_flex.pos=+71.97 wrist_roll.pos=-1.37 gripper.pos=+1.19
DEBUG 2026-09-03 08:27:27 [action #441] t=16.63s step=440 queue=6 dmax=1.820 | shoulder_pan.pos=-3.28 shoulder_lift.pos=-47.94 elbow_flex.pos=+47.41 wrist_flex.pos=+71.48 wrist_roll.pos=-1.00 gripper.pos=+1.19
DEBUG 2026-09-03 08:27:27 [action #442] t=16.66s step=441 queue=5 dmax=1.647 | shoulder_pan.pos=-3.70 shoulder_lift.pos=-49.28 elbow_flex.pos=+49.06 wrist_flex.pos=+70.90 wrist_roll.pos=-0.63 gripper.pos=+1.22
DEBUG 2026-09-03 08:27:27 [action #443] t=16.69s step=442 queue=4 dmax=2.153 | shoulder_pan.pos=-4.22 shoulder_lift.pos=-51.43 elbow_flex.pos=+50.67 wrist_flex.pos=+70.83 wrist_roll.pos=-0.32 gripper.pos=+1.16
DEBUG 2026-09-03 08:27:28 [action #444] t=16.73s step=443 queue=3 dmax=1.462 | shoulder_pan.pos=-4.48 shoulder_lift.pos=-52.80 elbow_flex.pos=+52.14 wrist_flex.pos=+70.46 wrist_roll.pos=-0.47 gripper.pos=+1.08
DEBUG 2026-09-03 08:27:28 [action #445] t=16.76s step=444 queue=2 dmax=2.015 | shoulder_pan.pos=-4.75 shoulder_lift.pos=-54.81 elbow_flex.pos=+53.38 wrist_flex.pos=+70.01 wrist_roll.pos=-0.38 gripper.pos=+0.99
DEBUG 2026-09-03 08:27:28 [action #446] t=16.79s step=445 queue=1 dmax=1.707 | shoulder_pan.pos=-4.91 shoulder_lift.pos=-56.46 elbow_flex.pos=+55.09 wrist_flex.pos=+70.05 wrist_roll.pos=-0.52 gripper.pos=+1.10
DEBUG 2026-09-03 08:27:28 [chunk] received 50 actions, timesteps 422..471 | first: shoulder_pan.pos=+14.67 shoulder_lift.pos=+0.72 elbow_flex.pos=-21.19 wrist_flex.pos=+102.25 wrist_roll.pos=-9.23 gripper.pos=+27.09 | last: shoulder_pan.pos=-5.84 shoulder_lift.pos=-82.74 elbow_flex.pos=+71.78 wrist_flex.pos=+65.16 wrist_roll.pos=-0.96 gripper.pos=+0.76
DEBUG 2026-09-03 08:27:28 [action #447] t=16.93s step=446 queue=26 dmax=24.974 | shoulder_pan.pos=+0.51 shoulder_lift.pos=-42.14 elbow_flex.pos=+30.12 wrist_flex.pos=+77.86 wrist_roll.pos=-3.95 gripper.pos=+0.92
DEBUG 2026-09-03 08:27:28 [action #448] t=16.96s step=447 queue=25 dmax=2.116 | shoulder_pan.pos=+0.01 shoulder_lift.pos=-43.58 elbow_flex.pos=+32.23 wrist_flex.pos=+77.14 wrist_roll.pos=-3.12 gripper.pos=+0.40
DEBUG 2026-09-03 08:27:28 [action #449] t=17.00s step=448 queue=24 dmax=1.619 | shoulder_pan.pos=-0.08 shoulder_lift.pos=-44.81 elbow_flex.pos=+33.85 wrist_flex.pos=+76.37 wrist_roll.pos=-2.42 gripper.pos=+0.12
DEBUG 2026-09-03 08:27:28 [action #450] t=17.03s step=449 queue=23 dmax=0.741 | shoulder_pan.pos=-0.25 shoulder_lift.pos=-45.30 elbow_flex.pos=+34.59 wrist_flex.pos=+75.85 wrist_roll.pos=-1.92 gripper.pos=+0.10
DEBUG 2026-09-03 08:27:28 [action #451] t=17.06s step=450 queue=22 dmax=2.556 | shoulder_pan.pos=-0.47 shoulder_lift.pos=-46.39 elbow_flex.pos=+37.15 wrist_flex.pos=+75.30 wrist_roll.pos=-1.66 gripper.pos=+0.24
DEBUG 2026-09-03 08:27:28 [action #452] t=17.10s step=451 queue=21 dmax=1.626 | shoulder_pan.pos=-0.43 shoulder_lift.pos=-48.02 elbow_flex.pos=+38.40 wrist_flex.pos=+74.55 wrist_roll.pos=-1.16 gripper.pos=+0.13
DEBUG 2026-09-03 08:27:28 [action #453] t=17.13s step=452 queue=20 dmax=1.496 | shoulder_pan.pos=-0.63 shoulder_lift.pos=-49.52 elbow_flex.pos=+39.54 wrist_flex.pos=+74.21 wrist_roll.pos=-0.71 gripper.pos=+0.14
DEBUG 2026-09-03 08:27:28 [action #454] t=17.16s step=453 queue=19 dmax=1.555 | shoulder_pan.pos=-0.61 shoulder_lift.pos=-51.01 elbow_flex.pos=+41.10 wrist_flex.pos=+73.72 wrist_roll.pos=-0.66 gripper.pos=+0.24
DEBUG 2026-09-03 08:27:28 [action #455] t=17.20s step=454 queue=18 dmax=0.997 | shoulder_pan.pos=-0.83 shoulder_lift.pos=-51.96 elbow_flex.pos=+42.09 wrist_flex.pos=+73.37 wrist_roll.pos=-0.33 gripper.pos=+0.38
DEBUG 2026-09-03 08:27:28 [action #456] t=17.23s step=455 queue=17 dmax=1.979 | shoulder_pan.pos=-0.57 shoulder_lift.pos=-53.89 elbow_flex.pos=+44.07 wrist_flex.pos=+72.78 wrist_roll.pos=-0.29 gripper.pos=+0.29
DEBUG 2026-09-03 08:27:28 [action #457] t=17.26s step=456 queue=16 dmax=1.391 | shoulder_pan.pos=-1.07 shoulder_lift.pos=-55.03 elbow_flex.pos=+45.46 wrist_flex.pos=+72.19 wrist_roll.pos=-0.57 gripper.pos=+0.46
DEBUG 2026-09-03 08:27:28 [action #458] t=17.30s step=457 queue=15 dmax=1.858 | shoulder_pan.pos=-1.30 shoulder_lift.pos=-56.89 elbow_flex.pos=+46.80 wrist_flex.pos=+71.78 wrist_roll.pos=-0.54 gripper.pos=+0.34
DEBUG 2026-09-03 08:27:28 [action #459] t=17.33s step=458 queue=14 dmax=1.510 | shoulder_pan.pos=-1.31 shoulder_lift.pos=-58.40 elbow_flex.pos=+48.16 wrist_flex.pos=+71.44 wrist_roll.pos=-0.77 gripper.pos=+0.30
DEBUG 2026-09-03 08:27:28 [action #460] t=17.36s step=459 queue=13 dmax=1.940 | shoulder_pan.pos=-1.85 shoulder_lift.pos=-60.15 elbow_flex.pos=+50.10 wrist_flex.pos=+71.00 wrist_roll.pos=-0.39 gripper.pos=+0.48
DEBUG 2026-09-03 08:27:28 [action #461] t=17.40s step=460 queue=12 dmax=1.841 | shoulder_pan.pos=-2.29 shoulder_lift.pos=-61.98 elbow_flex.pos=+51.94 wrist_flex.pos=+70.24 wrist_roll.pos=-0.24 gripper.pos=+0.43
DEBUG 2026-09-03 08:27:28 [action #462] t=17.43s step=461 queue=11 dmax=1.321 | shoulder_pan.pos=-2.59 shoulder_lift.pos=-63.30 elbow_flex.pos=+52.98 wrist_flex.pos=+70.16 wrist_roll.pos=-0.11 gripper.pos=+0.43
DEBUG 2026-09-03 08:27:28 [action #463] t=17.46s step=462 queue=10 dmax=2.292 | shoulder_pan.pos=-2.92 shoulder_lift.pos=-65.26 elbow_flex.pos=+55.27 wrist_flex.pos=+69.44 wrist_roll.pos=-0.36 gripper.pos=+0.52
DEBUG 2026-09-03 08:27:28 [action #464] t=17.50s step=463 queue=9 dmax=2.071 | shoulder_pan.pos=-3.33 shoulder_lift.pos=-67.33 elbow_flex.pos=+56.18 wrist_flex.pos=+69.34 wrist_roll.pos=-0.35 gripper.pos=+0.60
DEBUG 2026-09-03 08:27:28 [action #465] t=17.53s step=464 queue=8 dmax=2.868 | shoulder_pan.pos=-3.77 shoulder_lift.pos=-69.26 elbow_flex.pos=+59.05 wrist_flex.pos=+68.70 wrist_roll.pos=-0.58 gripper.pos=+0.55
DEBUG 2026-09-03 08:27:28 [action #466] t=17.56s step=465 queue=7 dmax=2.043 | shoulder_pan.pos=-3.89 shoulder_lift.pos=-71.30 elbow_flex.pos=+60.72 wrist_flex.pos=+67.84 wrist_roll.pos=-0.55 gripper.pos=+0.51
DEBUG 2026-09-03 08:27:28 [action #467] t=17.60s step=466 queue=6 dmax=2.029 | shoulder_pan.pos=-4.16 shoulder_lift.pos=-73.33 elbow_flex.pos=+61.97 wrist_flex.pos=+67.39 wrist_roll.pos=-0.85 gripper.pos=+0.58
DEBUG 2026-09-03 08:27:28 [action #468] t=17.63s step=467 queue=5 dmax=2.229 | shoulder_pan.pos=-4.41 shoulder_lift.pos=-74.60 elbow_flex.pos=+64.20 wrist_flex.pos=+66.87 wrist_roll.pos=-1.02 gripper.pos=+0.63
DEBUG 2026-09-03 08:27:28 [action #469] t=17.66s step=468 queue=4 dmax=2.046 | shoulder_pan.pos=-5.01 shoulder_lift.pos=-76.65 elbow_flex.pos=+65.63 wrist_flex.pos=+66.52 wrist_roll.pos=-0.94 gripper.pos=+0.56
DEBUG 2026-09-03 08:27:28 [action #470] t=17.70s step=469 queue=3 dmax=1.102 | shoulder_pan.pos=-5.38 shoulder_lift.pos=-77.75 elbow_flex.pos=+66.48 wrist_flex.pos=+66.19 wrist_roll.pos=-0.97 gripper.pos=+0.47
DEBUG 2026-09-03 08:27:29 [action #471] t=17.73s step=470 queue=2 dmax=2.697 | shoulder_pan.pos=-5.44 shoulder_lift.pos=-80.29 elbow_flex.pos=+69.18 wrist_flex.pos=+65.56 wrist_roll.pos=-0.96 gripper.pos=+0.65
DEBUG 2026-09-03 08:27:29 [action #472] t=17.76s step=471 queue=1 dmax=2.607 | shoulder_pan.pos=-5.84 shoulder_lift.pos=-82.74 elbow_flex.pos=+71.78 wrist_flex.pos=+65.16 wrist_roll.pos=-0.96 gripper.pos=+0.76
DEBUG 2026-09-03 08:27:29 [chunk] received 50 actions, timesteps 445..494 | first: shoulder_pan.pos=-5.25 shoulder_lift.pos=-61.44 elbow_flex.pos=+57.49 wrist_flex.pos=+70.13 wrist_roll.pos=-0.99 gripper.pos=+0.97 | last: shoulder_pan.pos=-2.90 shoulder_lift.pos=-102.01 elbow_flex.pos=+85.07 wrist_flex.pos=+81.05 wrist_roll.pos=-0.90 gripper.pos=+0.31
DEBUG 2026-09-03 08:27:29 [action #473] t=17.86s step=472 queue=23 dmax=22.130 | shoulder_pan.pos=-5.81 shoulder_lift.pos=-104.87 elbow_flex.pos=+84.73 wrist_flex.pos=+74.29 wrist_roll.pos=-2.51 gripper.pos=+0.84
DEBUG 2026-09-03 08:27:29 [action #474] t=17.90s step=473 queue=22 dmax=0.430 | shoulder_pan.pos=-5.38 shoulder_lift.pos=-104.94 elbow_flex.pos=+84.77 wrist_flex.pos=+74.49 wrist_roll.pos=-2.40 gripper.pos=+0.57
DEBUG 2026-09-03 08:27:29 [action #475] t=17.93s step=474 queue=21 dmax=0.351 | shoulder_pan.pos=-5.45 shoulder_lift.pos=-104.90 elbow_flex.pos=+85.12 wrist_flex.pos=+74.71 wrist_roll.pos=-2.39 gripper.pos=+0.78
DEBUG 2026-09-03 08:27:29 [action #476] t=17.96s step=475 queue=20 dmax=0.845 | shoulder_pan.pos=-5.02 shoulder_lift.pos=-104.86 elbow_flex.pos=+85.96 wrist_flex.pos=+74.79 wrist_roll.pos=-2.32 gripper.pos=+0.61
DEBUG 2026-09-03 08:27:29 [action #477] t=18.00s step=476 queue=19 dmax=0.225 | shoulder_pan.pos=-5.08 shoulder_lift.pos=-104.77 elbow_flex.pos=+85.74 wrist_flex.pos=+74.84 wrist_roll.pos=-2.44 gripper.pos=+0.77
DEBUG 2026-09-03 08:27:29 [action #478] t=18.03s step=477 queue=18 dmax=0.359 | shoulder_pan.pos=-4.91 shoulder_lift.pos=-104.84 elbow_flex.pos=+85.97 wrist_flex.pos=+75.20 wrist_roll.pos=-2.29 gripper.pos=+0.56
DEBUG 2026-09-03 08:27:29 [action #479] t=18.07s step=478 queue=17 dmax=0.545 | shoulder_pan.pos=-5.14 shoulder_lift.pos=-104.87 elbow_flex.pos=+86.32 wrist_flex.pos=+75.75 wrist_roll.pos=-2.16 gripper.pos=+0.59
DEBUG 2026-09-03 08:27:29 [action #480] t=18.10s step=479 queue=16 dmax=0.598 | shoulder_pan.pos=-5.11 shoulder_lift.pos=-104.77 elbow_flex.pos=+86.09 wrist_flex.pos=+76.35 wrist_roll.pos=-2.20 gripper.pos=+0.56
DEBUG 2026-09-03 08:27:29 [action #481] t=18.13s step=480 queue=15 dmax=0.738 | shoulder_pan.pos=-4.95 shoulder_lift.pos=-104.84 elbow_flex.pos=+86.79 wrist_flex.pos=+77.08 wrist_roll.pos=-2.05 gripper.pos=+0.67
DEBUG 2026-09-03 08:27:29 [action #482] t=18.17s step=481 queue=14 dmax=0.874 | shoulder_pan.pos=-5.05 shoulder_lift.pos=-103.97 elbow_flex.pos=+86.77 wrist_flex.pos=+77.67 wrist_roll.pos=-2.03 gripper.pos=+0.72
DEBUG 2026-09-03 08:27:29 [action #483] t=18.20s step=482 queue=13 dmax=0.726 | shoulder_pan.pos=-4.86 shoulder_lift.pos=-104.52 elbow_flex.pos=+86.57 wrist_flex.pos=+78.39 wrist_roll.pos=-1.86 gripper.pos=+0.54
DEBUG 2026-09-03 08:27:29 [action #484] t=18.23s step=483 queue=12 dmax=1.166 | shoulder_pan.pos=-5.15 shoulder_lift.pos=-103.36 elbow_flex.pos=+85.62 wrist_flex.pos=+78.78 wrist_roll.pos=-1.63 gripper.pos=+0.65
DEBUG 2026-09-03 08:27:29 [action #485] t=18.27s step=484 queue=11 dmax=0.784 | shoulder_pan.pos=-4.96 shoulder_lift.pos=-104.11 elbow_flex.pos=+86.41 wrist_flex.pos=+79.53 wrist_roll.pos=-1.59 gripper.pos=+0.67
DEBUG 2026-09-03 08:27:29 [action #486] t=18.30s step=485 queue=10 dmax=1.032 | shoulder_pan.pos=-4.37 shoulder_lift.pos=-103.14 elbow_flex.pos=+85.37 wrist_flex.pos=+79.46 wrist_roll.pos=-1.66 gripper.pos=+0.80
DEBUG 2026-09-03 08:27:29 [action #487] t=18.33s step=486 queue=9 dmax=0.814 | shoulder_pan.pos=-4.37 shoulder_lift.pos=-103.95 elbow_flex.pos=+85.63 wrist_flex.pos=+79.66 wrist_roll.pos=-1.33 gripper.pos=+0.50
DEBUG 2026-09-03 08:27:29 [action #488] t=18.37s step=487 queue=8 dmax=1.552 | shoulder_pan.pos=-4.31 shoulder_lift.pos=-102.40 elbow_flex.pos=+86.33 wrist_flex.pos=+80.13 wrist_roll.pos=-1.32 gripper.pos=+0.45
DEBUG 2026-09-03 08:27:29 [action #489] t=18.40s step=488 queue=7 dmax=0.472 | shoulder_pan.pos=-3.84 shoulder_lift.pos=-102.74 elbow_flex.pos=+85.98 wrist_flex.pos=+80.05 wrist_roll.pos=-1.25 gripper.pos=+0.62
DEBUG 2026-09-03 08:27:29 [action #490] t=18.43s step=489 queue=6 dmax=0.491 | shoulder_pan.pos=-3.35 shoulder_lift.pos=-102.56 elbow_flex.pos=+85.65 wrist_flex.pos=+80.48 wrist_roll.pos=-1.37 gripper.pos=+0.70
DEBUG 2026-09-03 08:27:29 [action #491] t=18.47s step=490 queue=5 dmax=0.496 | shoulder_pan.pos=-3.26 shoulder_lift.pos=-102.68 elbow_flex.pos=+85.16 wrist_flex.pos=+80.78 wrist_roll.pos=-1.20 gripper.pos=+0.46
DEBUG 2026-09-03 08:27:29 [action #492] t=18.50s step=491 queue=4 dmax=1.068 | shoulder_pan.pos=-3.17 shoulder_lift.pos=-101.62 elbow_flex.pos=+84.58 wrist_flex.pos=+81.12 wrist_roll.pos=-1.25 gripper.pos=+0.42
DEBUG 2026-09-03 08:27:29 [action #493] t=18.53s step=492 queue=3 dmax=0.651 | shoulder_pan.pos=-2.87 shoulder_lift.pos=-102.27 elbow_flex.pos=+85.16 wrist_flex.pos=+81.15 wrist_roll.pos=-1.16 gripper.pos=+0.69
DEBUG 2026-09-03 08:27:29 [action #494] t=18.57s step=493 queue=2 dmax=0.385 | shoulder_pan.pos=-2.81 shoulder_lift.pos=-102.47 elbow_flex.pos=+85.54 wrist_flex.pos=+81.10 wrist_roll.pos=-1.00 gripper.pos=+0.52
DEBUG 2026-09-03 08:27:29 [action #495] t=18.60s step=494 queue=1 dmax=0.468 | shoulder_pan.pos=-2.90 shoulder_lift.pos=-102.01 elbow_flex.pos=+85.07 wrist_flex.pos=+81.05 wrist_roll.pos=-0.90 gripper.pos=+0.31
DEBUG 2026-09-03 08:27:30 [chunk] received 50 actions, timesteps 471..520 | first: shoulder_pan.pos=-4.82 shoulder_lift.pos=-86.61 elbow_flex.pos=+73.18 wrist_flex.pos=+65.71 wrist_roll.pos=-1.11 gripper.pos=+0.29 | last: shoulder_pan.pos=-3.98 shoulder_lift.pos=-102.62 elbow_flex.pos=+90.35 wrist_flex.pos=+78.37 wrist_roll.pos=-0.84 gripper.pos=-0.17
DEBUG 2026-09-03 08:27:30 [action #496] t=18.77s step=495 queue=26 dmax=3.261 | shoulder_pan.pos=-4.23 shoulder_lift.pos=-103.83 elbow_flex.pos=+88.17 wrist_flex.pos=+77.79 wrist_roll.pos=-1.57 gripper.pos=+0.18
DEBUG 2026-09-03 08:27:30 [action #497] t=18.80s step=496 queue=25 dmax=0.249 | shoulder_pan.pos=-4.17 shoulder_lift.pos=-103.84 elbow_flex.pos=+88.34 wrist_flex.pos=+77.90 wrist_roll.pos=-1.49 gripper.pos=-0.07
DEBUG 2026-09-03 08:27:30 [action #498] t=18.83s step=497 queue=24 dmax=0.278 | shoulder_pan.pos=-4.18 shoulder_lift.pos=-103.59 elbow_flex.pos=+88.62 wrist_flex.pos=+77.73 wrist_roll.pos=-1.51 gripper.pos=+0.16
DEBUG 2026-09-03 08:27:30 [action #499] t=18.87s step=498 queue=23 dmax=0.242 | shoulder_pan.pos=-4.25 shoulder_lift.pos=-103.40 elbow_flex.pos=+88.53 wrist_flex.pos=+77.84 wrist_roll.pos=-1.47 gripper.pos=-0.08
DEBUG 2026-09-03 08:27:30 [action #500] t=18.90s step=499 queue=22 dmax=0.334 | shoulder_pan.pos=-4.58 shoulder_lift.pos=-103.07 elbow_flex.pos=+88.26 wrist_flex.pos=+77.82 wrist_roll.pos=-1.40 gripper.pos=+0.10
DEBUG 2026-09-03 08:27:30 [action #501] t=18.93s step=500 queue=21 dmax=1.476 | shoulder_pan.pos=-4.32 shoulder_lift.pos=-103.73 elbow_flex.pos=+89.74 wrist_flex.pos=+78.19 wrist_roll.pos=-1.39 gripper.pos=+0.09
DEBUG 2026-09-03 08:27:30 [action #502] t=18.97s step=501 queue=20 dmax=0.967 | shoulder_pan.pos=-4.40 shoulder_lift.pos=-102.88 elbow_flex.pos=+88.77 wrist_flex.pos=+78.04 wrist_roll.pos=-1.34 gripper.pos=-0.01
DEBUG 2026-09-03 08:27:30 [action #503] t=19.00s step=502 queue=19 dmax=0.719 | shoulder_pan.pos=-4.39 shoulder_lift.pos=-103.53 elbow_flex.pos=+89.49 wrist_flex.pos=+77.81 wrist_roll.pos=-1.13 gripper.pos=+0.05
DEBUG 2026-09-03 08:27:30 [action #504] t=19.03s step=503 queue=18 dmax=1.015 | shoulder_pan.pos=-4.43 shoulder_lift.pos=-102.52 elbow_flex.pos=+89.09 wrist_flex.pos=+77.80 wrist_roll.pos=-1.06 gripper.pos=-0.04
DEBUG 2026-09-03 08:27:30 [action #505] t=19.07s step=504 queue=17 dmax=0.800 | shoulder_pan.pos=-4.65 shoulder_lift.pos=-103.32 elbow_flex.pos=+89.38 wrist_flex.pos=+77.89 wrist_roll.pos=-1.04 gripper.pos=-0.04
DEBUG 2026-09-03 08:27:30 [action #506] t=19.10s step=505 queue=16 dmax=0.256 | shoulder_pan.pos=-4.65 shoulder_lift.pos=-103.10 elbow_flex.pos=+89.63 wrist_flex.pos=+77.93 wrist_roll.pos=-1.03 gripper.pos=-0.08
DEBUG 2026-09-03 08:27:30 [action #507] t=19.14s step=506 queue=15 dmax=0.437 | shoulder_pan.pos=-4.55 shoulder_lift.pos=-103.30 elbow_flex.pos=+89.20 wrist_flex.pos=+77.84 wrist_roll.pos=-1.05 gripper.pos=-0.06
DEBUG 2026-09-03 08:27:30 [action #508] t=19.17s step=507 queue=14 dmax=0.971 | shoulder_pan.pos=-4.42 shoulder_lift.pos=-102.98 elbow_flex.pos=+90.17 wrist_flex.pos=+77.87 wrist_roll.pos=-1.10 gripper.pos=-0.02
DEBUG 2026-09-03 08:27:30 [action #509] t=19.20s step=508 queue=13 dmax=0.215 | shoulder_pan.pos=-4.32 shoulder_lift.pos=-102.76 elbow_flex.pos=+90.30 wrist_flex.pos=+77.86 wrist_roll.pos=-0.97 gripper.pos=-0.23
DEBUG 2026-09-03 08:27:30 [action #510] t=19.24s step=509 queue=12 dmax=0.836 | shoulder_pan.pos=-4.61 shoulder_lift.pos=-103.40 elbow_flex.pos=+89.46 wrist_flex.pos=+77.79 wrist_roll.pos=-1.02 gripper.pos=-0.09
DEBUG 2026-09-03 08:27:30 [action #511] t=19.27s step=510 queue=11 dmax=0.434 | shoulder_pan.pos=-4.29 shoulder_lift.pos=-103.32 elbow_flex.pos=+89.90 wrist_flex.pos=+77.98 wrist_roll.pos=-0.93 gripper.pos=+0.01
DEBUG 2026-09-03 08:27:30 [action #512] t=19.30s step=511 queue=10 dmax=0.679 | shoulder_pan.pos=-4.17 shoulder_lift.pos=-102.64 elbow_flex.pos=+89.27 wrist_flex.pos=+77.78 wrist_roll.pos=-1.04 gripper.pos=+0.04
DEBUG 2026-09-03 08:27:30 [action #513] t=19.34s step=512 queue=9 dmax=0.958 | shoulder_pan.pos=-4.21 shoulder_lift.pos=-103.60 elbow_flex.pos=+90.00 wrist_flex.pos=+78.08 wrist_roll.pos=-1.06 gripper.pos=+0.09
DEBUG 2026-09-03 08:27:30 [action #514] t=19.37s step=513 queue=8 dmax=0.841 | shoulder_pan.pos=-4.21 shoulder_lift.pos=-102.76 elbow_flex.pos=+89.78 wrist_flex.pos=+78.05 wrist_roll.pos=-1.03 gripper.pos=-0.13
DEBUG 2026-09-03 08:27:30 [action #515] t=19.40s step=514 queue=7 dmax=0.238 | shoulder_pan.pos=-4.34 shoulder_lift.pos=-102.84 elbow_flex.pos=+89.54 wrist_flex.pos=+78.15 wrist_roll.pos=-0.99 gripper.pos=-0.08
DEBUG 2026-09-03 08:27:30 [action #516] t=19.44s step=515 queue=6 dmax=0.233 | shoulder_pan.pos=-4.10 shoulder_lift.pos=-102.65 elbow_flex.pos=+89.38 wrist_flex.pos=+78.03 wrist_roll.pos=-0.95 gripper.pos=+0.00
DEBUG 2026-09-03 08:27:30 [action #517] t=19.47s step=516 queue=5 dmax=0.505 | shoulder_pan.pos=-4.03 shoulder_lift.pos=-102.96 elbow_flex.pos=+89.89 wrist_flex.pos=+78.12 wrist_roll.pos=-0.94 gripper.pos=-0.12
DEBUG 2026-09-03 08:27:30 [action #518] t=19.50s step=517 queue=4 dmax=0.939 | shoulder_pan.pos=-4.16 shoulder_lift.pos=-102.02 elbow_flex.pos=+89.90 wrist_flex.pos=+78.27 wrist_roll.pos=-1.04 gripper.pos=-0.12
DEBUG 2026-09-03 08:27:30 [action #519] t=19.54s step=518 queue=3 dmax=1.126 | shoulder_pan.pos=-4.22 shoulder_lift.pos=-103.15 elbow_flex.pos=+90.29 wrist_flex.pos=+78.28 wrist_roll.pos=-0.89 gripper.pos=-0.19
DEBUG 2026-09-03 08:27:30 [action #520] t=19.57s step=519 queue=2 dmax=0.297 | shoulder_pan.pos=-3.98 shoulder_lift.pos=-103.28 elbow_flex.pos=+90.49 wrist_flex.pos=+77.98 wrist_roll.pos=-0.84 gripper.pos=-0.02
DEBUG 2026-09-03 08:27:30 [action #521] t=19.60s step=520 queue=1 dmax=0.660 | shoulder_pan.pos=-3.98 shoulder_lift.pos=-102.62 elbow_flex.pos=+90.35 wrist_flex.pos=+78.37 wrist_roll.pos=-0.84 gripper.pos=-0.17
DEBUG 2026-09-03 08:27:30 [chunk] received 50 actions, timesteps 494..543 | first: shoulder_pan.pos=-2.91 shoulder_lift.pos=-102.04 elbow_flex.pos=+87.96 wrist_flex.pos=+78.40 wrist_roll.pos=-1.22 gripper.pos=+0.09 | last: shoulder_pan.pos=-1.81 shoulder_lift.pos=-102.01 elbow_flex.pos=+88.31 wrist_flex.pos=+78.32 wrist_roll.pos=-3.49 gripper.pos=+0.08
DEBUG 2026-09-03 08:27:30 [action #522] t=19.64s step=521 queue=23 dmax=2.255 | shoulder_pan.pos=-2.64 shoulder_lift.pos=-101.75 elbow_flex.pos=+88.09 wrist_flex.pos=+78.44 wrist_roll.pos=-1.61 gripper.pos=+0.14
DEBUG 2026-09-03 08:27:30 [action #523] t=19.67s step=522 queue=22 dmax=0.518 | shoulder_pan.pos=-2.50 shoulder_lift.pos=-101.98 elbow_flex.pos=+88.61 wrist_flex.pos=+78.58 wrist_roll.pos=-1.64 gripper.pos=+0.23
DEBUG 2026-09-03 08:27:30 [action #524] t=19.70s step=523 queue=21 dmax=0.522 | shoulder_pan.pos=-2.48 shoulder_lift.pos=-101.46 elbow_flex.pos=+88.52 wrist_flex.pos=+78.40 wrist_roll.pos=-1.63 gripper.pos=+0.27
DEBUG 2026-09-03 08:27:31 [action #525] t=19.74s step=524 queue=20 dmax=0.279 | shoulder_pan.pos=-2.36 shoulder_lift.pos=-101.74 elbow_flex.pos=+88.40 wrist_flex.pos=+78.34 wrist_roll.pos=-1.77 gripper.pos=+0.07
DEBUG 2026-09-03 08:27:31 [action #526] t=19.77s step=525 queue=19 dmax=0.154 | shoulder_pan.pos=-2.21 shoulder_lift.pos=-101.76 elbow_flex.pos=+88.53 wrist_flex.pos=+78.45 wrist_roll.pos=-1.92 gripper.pos=+0.14
DEBUG 2026-09-03 08:27:31 [action #527] t=19.80s step=526 queue=18 dmax=0.308 | shoulder_pan.pos=-2.33 shoulder_lift.pos=-102.07 elbow_flex.pos=+88.27 wrist_flex.pos=+78.35 wrist_roll.pos=-1.95 gripper.pos=+0.11
DEBUG 2026-09-03 08:27:31 [action #528] t=19.84s step=527 queue=17 dmax=0.345 | shoulder_pan.pos=-2.27 shoulder_lift.pos=-102.16 elbow_flex.pos=+88.54 wrist_flex.pos=+78.46 wrist_roll.pos=-2.29 gripper.pos=+0.16
DEBUG 2026-09-03 08:27:31 [action #529] t=19.87s step=528 queue=16 dmax=0.652 | shoulder_pan.pos=-2.30 shoulder_lift.pos=-101.50 elbow_flex.pos=+88.78 wrist_flex.pos=+78.52 wrist_roll.pos=-2.48 gripper.pos=+0.25
DEBUG 2026-09-03 08:27:31 [action #530] t=19.90s step=529 queue=15 dmax=0.348 | shoulder_pan.pos=-2.31 shoulder_lift.pos=-101.85 elbow_flex.pos=+88.56 wrist_flex.pos=+78.43 wrist_roll.pos=-2.64 gripper.pos=+0.18
DEBUG 2026-09-03 08:27:31 [action #531] t=19.94s step=530 queue=14 dmax=0.725 | shoulder_pan.pos=-2.39 shoulder_lift.pos=-101.42 elbow_flex.pos=+87.84 wrist_flex.pos=+78.49 wrist_roll.pos=-2.76 gripper.pos=+0.12
DEBUG 2026-09-03 08:27:31 [action #532] t=19.97s step=531 queue=13 dmax=0.885 | shoulder_pan.pos=-2.32 shoulder_lift.pos=-102.04 elbow_flex.pos=+88.72 wrist_flex.pos=+78.32 wrist_roll.pos=-2.92 gripper.pos=+0.16
DEBUG 2026-09-03 08:27:31 [action #533] t=20.01s step=532 queue=12 dmax=0.628 | shoulder_pan.pos=-2.44 shoulder_lift.pos=-101.69 elbow_flex.pos=+88.10 wrist_flex.pos=+78.45 wrist_roll.pos=-3.06 gripper.pos=+0.17
DEBUG 2026-09-03 08:27:31 [action #534] t=20.04s step=533 queue=11 dmax=0.411 | shoulder_pan.pos=-2.24 shoulder_lift.pos=-102.10 elbow_flex.pos=+88.25 wrist_flex.pos=+78.22 wrist_roll.pos=-3.28 gripper.pos=+0.17
DEBUG 2026-09-03 08:27:31 [action #535] t=20.07s step=534 queue=10 dmax=0.524 | shoulder_pan.pos=-2.08 shoulder_lift.pos=-102.25 elbow_flex.pos=+88.77 wrist_flex.pos=+78.20 wrist_roll.pos=-3.58 gripper.pos=+0.10
DEBUG 2026-09-03 08:27:31 [action #536] t=20.11s step=535 queue=9 dmax=0.268 | shoulder_pan.pos=-1.83 shoulder_lift.pos=-101.99 elbow_flex.pos=+88.51 wrist_flex.pos=+78.35 wrist_roll.pos=-3.59 gripper.pos=+0.19
DEBUG 2026-09-03 08:27:31 [action #537] t=20.14s step=536 queue=8 dmax=0.454 | shoulder_pan.pos=-2.21 shoulder_lift.pos=-101.92 elbow_flex.pos=+88.06 wrist_flex.pos=+78.25 wrist_roll.pos=-3.67 gripper.pos=-0.01
DEBUG 2026-09-03 08:27:31 [action #538] t=20.17s step=537 queue=7 dmax=0.504 | shoulder_pan.pos=-1.71 shoulder_lift.pos=-101.64 elbow_flex.pos=+88.23 wrist_flex.pos=+78.29 wrist_roll.pos=-3.75 gripper.pos=+0.04
DEBUG 2026-09-03 08:27:31 [action #539] t=20.21s step=538 queue=6 dmax=0.270 | shoulder_pan.pos=-1.96 shoulder_lift.pos=-101.92 elbow_flex.pos=+88.20 wrist_flex.pos=+78.22 wrist_roll.pos=-3.65 gripper.pos=+0.02
DEBUG 2026-09-03 08:27:31 [action #540] t=20.24s step=539 queue=5 dmax=0.224 | shoulder_pan.pos=-1.92 shoulder_lift.pos=-101.90 elbow_flex.pos=+88.42 wrist_flex.pos=+78.33 wrist_roll.pos=-3.53 gripper.pos=+0.08
DEBUG 2026-09-03 08:27:31 [action #541] t=20.27s step=540 queue=4 dmax=0.247 | shoulder_pan.pos=-1.68 shoulder_lift.pos=-101.93 elbow_flex.pos=+88.28 wrist_flex.pos=+78.28 wrist_roll.pos=-3.48 gripper.pos=+0.12
DEBUG 2026-09-03 08:27:31 [action #542] t=20.31s step=541 queue=3 dmax=0.414 | shoulder_pan.pos=-1.70 shoulder_lift.pos=-101.52 elbow_flex.pos=+88.69 wrist_flex.pos=+78.41 wrist_roll.pos=-3.48 gripper.pos=+0.19
DEBUG 2026-09-03 08:27:31 [action #543] t=20.34s step=542 queue=2 dmax=1.285 | shoulder_pan.pos=-1.72 shoulder_lift.pos=-102.81 elbow_flex.pos=+89.03 wrist_flex.pos=+78.35 wrist_roll.pos=-3.45 gripper.pos=+0.05
DEBUG 2026-09-03 08:27:31 [action #544] t=20.37s step=543 queue=1 dmax=0.797 | shoulder_pan.pos=-1.81 shoulder_lift.pos=-102.01 elbow_flex.pos=+88.31 wrist_flex.pos=+78.32 wrist_roll.pos=-3.49 gripper.pos=+0.08
DEBUG 2026-09-03 08:27:31 [chunk] received 50 actions, timesteps 520..569 | first: shoulder_pan.pos=-4.27 shoulder_lift.pos=-102.72 elbow_flex.pos=+89.99 wrist_flex.pos=+77.98 wrist_roll.pos=-1.12 gripper.pos=+0.21 | last: shoulder_pan.pos=-5.27 shoulder_lift.pos=-102.23 elbow_flex.pos=+89.39 wrist_flex.pos=+78.06 wrist_roll.pos=-1.04 gripper.pos=+0.18
DEBUG 2026-09-03 08:27:31 [action #545] t=20.51s step=544 queue=26 dmax=3.755 | shoulder_pan.pos=-5.57 shoulder_lift.pos=-102.81 elbow_flex.pos=+90.03 wrist_flex.pos=+78.08 wrist_roll.pos=-1.08 gripper.pos=+0.06
DEBUG 2026-09-03 08:27:31 [action #546] t=20.54s step=545 queue=25 dmax=0.251 | shoulder_pan.pos=-5.53 shoulder_lift.pos=-102.56 elbow_flex.pos=+90.22 wrist_flex.pos=+78.11 wrist_roll.pos=-1.06 gripper.pos=+0.09
DEBUG 2026-09-03 08:27:31 [action #547] t=20.57s step=546 queue=24 dmax=0.155 | shoulder_pan.pos=-5.56 shoulder_lift.pos=-102.40 elbow_flex.pos=+90.26 wrist_flex.pos=+78.07 wrist_roll.pos=-1.06 gripper.pos=+0.00
DEBUG 2026-09-03 08:27:31 [action #548] t=20.61s step=547 queue=23 dmax=0.656 | shoulder_pan.pos=-5.68 shoulder_lift.pos=-101.95 elbow_flex.pos=+89.61 wrist_flex.pos=+78.17 wrist_roll.pos=-1.03 gripper.pos=+0.12
DEBUG 2026-09-03 08:27:31 [action #549] t=20.64s step=548 queue=22 dmax=0.758 | shoulder_pan.pos=-5.65 shoulder_lift.pos=-102.70 elbow_flex.pos=+89.99 wrist_flex.pos=+78.30 wrist_roll.pos=-1.03 gripper.pos=+0.08
DEBUG 2026-09-03 08:27:31 [action #550] t=20.67s step=549 queue=21 dmax=0.250 | shoulder_pan.pos=-5.87 shoulder_lift.pos=-102.55 elbow_flex.pos=+89.74 wrist_flex.pos=+78.17 wrist_roll.pos=-1.08 gripper.pos=+0.07
DEBUG 2026-09-03 08:27:31 [action #551] t=20.71s step=550 queue=20 dmax=0.483 | shoulder_pan.pos=-5.65 shoulder_lift.pos=-102.82 elbow_flex.pos=+90.22 wrist_flex.pos=+78.25 wrist_roll.pos=-1.11 gripper.pos=+0.05
DEBUG 2026-09-03 08:27:32 [action #552] t=20.74s step=551 queue=19 dmax=0.311 | shoulder_pan.pos=-5.65 shoulder_lift.pos=-102.75 elbow_flex.pos=+89.91 wrist_flex.pos=+78.06 wrist_roll.pos=-1.05 gripper.pos=+0.10
DEBUG 2026-09-03 08:27:32 [action #553] t=20.77s step=552 queue=18 dmax=0.614 | shoulder_pan.pos=-5.65 shoulder_lift.pos=-102.14 elbow_flex.pos=+89.91 wrist_flex.pos=+78.15 wrist_roll.pos=-1.07 gripper.pos=+0.04
DEBUG 2026-09-03 08:27:32 [action #554] t=20.81s step=553 queue=17 dmax=0.241 | shoulder_pan.pos=-5.63 shoulder_lift.pos=-102.13 elbow_flex.pos=+90.15 wrist_flex.pos=+78.19 wrist_roll.pos=-1.10 gripper.pos=+0.09
DEBUG 2026-09-03 08:27:32 [action #555] t=20.84s step=554 queue=16 dmax=0.434 | shoulder_pan.pos=-5.50 shoulder_lift.pos=-102.56 elbow_flex.pos=+90.05 wrist_flex.pos=+78.03 wrist_roll.pos=-1.11 gripper.pos=+0.14
DEBUG 2026-09-03 08:27:32 [action #556] t=20.88s step=555 queue=15 dmax=0.303 | shoulder_pan.pos=-5.60 shoulder_lift.pos=-102.75 elbow_flex.pos=+90.35 wrist_flex.pos=+78.13 wrist_roll.pos=-1.08 gripper.pos=+0.16
DEBUG 2026-09-03 08:27:32 [action #557] t=20.91s step=556 queue=14 dmax=0.921 | shoulder_pan.pos=-5.36 shoulder_lift.pos=-101.83 elbow_flex.pos=+89.71 wrist_flex.pos=+78.25 wrist_roll.pos=-1.14 gripper.pos=+0.13
DEBUG 2026-09-03 08:27:32 [action #558] t=20.94s step=557 queue=13 dmax=0.647 | shoulder_pan.pos=-5.44 shoulder_lift.pos=-102.47 elbow_flex.pos=+89.80 wrist_flex.pos=+78.24 wrist_roll.pos=-1.08 gripper.pos=+0.11
DEBUG 2026-09-03 08:27:32 [action #559] t=20.98s step=558 queue=12 dmax=0.544 | shoulder_pan.pos=-5.46 shoulder_lift.pos=-102.43 elbow_flex.pos=+89.25 wrist_flex.pos=+78.11 wrist_roll.pos=-1.11 gripper.pos=+0.15
DEBUG 2026-09-03 08:27:32 [action #560] t=21.01s step=559 queue=11 dmax=0.323 | shoulder_pan.pos=-5.55 shoulder_lift.pos=-102.35 elbow_flex.pos=+89.58 wrist_flex.pos=+78.24 wrist_roll.pos=-1.06 gripper.pos=+0.21
DEBUG 2026-09-03 08:27:32 [action #561] t=21.04s step=560 queue=10 dmax=0.515 | shoulder_pan.pos=-5.50 shoulder_lift.pos=-102.29 elbow_flex.pos=+90.09 wrist_flex.pos=+78.19 wrist_roll.pos=-1.14 gripper.pos=+0.20
DEBUG 2026-09-03 08:27:32 [action #562] t=21.08s step=561 queue=9 dmax=0.347 | shoulder_pan.pos=-5.67 shoulder_lift.pos=-102.25 elbow_flex.pos=+89.74 wrist_flex.pos=+78.31 wrist_roll.pos=-1.11 gripper.pos=+0.21
DEBUG 2026-09-03 08:27:32 [action #563] t=21.11s step=562 queue=8 dmax=0.157 | shoulder_pan.pos=-5.53 shoulder_lift.pos=-102.23 elbow_flex.pos=+89.64 wrist_flex.pos=+78.15 wrist_roll.pos=-1.08 gripper.pos=+0.19
DEBUG 2026-09-03 08:27:32 [action #564] t=21.14s step=563 queue=7 dmax=0.175 | shoulder_pan.pos=-5.53 shoulder_lift.pos=-102.12 elbow_flex.pos=+89.82 wrist_flex.pos=+78.27 wrist_roll.pos=-1.06 gripper.pos=+0.19
DEBUG 2026-09-03 08:27:32 [action #565] t=21.18s step=564 queue=6 dmax=0.555 | shoulder_pan.pos=-5.44 shoulder_lift.pos=-102.22 elbow_flex.pos=+89.26 wrist_flex.pos=+78.25 wrist_roll.pos=-1.07 gripper.pos=+0.20
DEBUG 2026-09-03 08:27:32 [action #566] t=21.21s step=565 queue=5 dmax=0.429 | shoulder_pan.pos=-5.52 shoulder_lift.pos=-102.22 elbow_flex.pos=+89.69 wrist_flex.pos=+78.41 wrist_roll.pos=-1.12 gripper.pos=+0.05
DEBUG 2026-09-03 08:27:32 [action #567] t=21.24s step=566 queue=4 dmax=0.287 | shoulder_pan.pos=-5.41 shoulder_lift.pos=-101.94 elbow_flex.pos=+89.71 wrist_flex.pos=+78.12 wrist_roll.pos=-1.11 gripper.pos=+0.12
DEBUG 2026-09-03 08:27:32 [action #568] t=21.28s step=567 queue=3 dmax=0.205 | shoulder_pan.pos=-5.22 shoulder_lift.pos=-102.14 elbow_flex.pos=+89.50 wrist_flex.pos=+78.20 wrist_roll.pos=-1.02 gripper.pos=+0.13
DEBUG 2026-09-03 08:27:32 [action #569] t=21.31s step=568 queue=2 dmax=0.411 | shoulder_pan.pos=-5.21 shoulder_lift.pos=-101.97 elbow_flex.pos=+89.09 wrist_flex.pos=+78.22 wrist_roll.pos=-1.04 gripper.pos=+0.17
DEBUG 2026-09-03 08:27:32 [chunk] received 50 actions, timesteps 543..592 | first: shoulder_pan.pos=-2.03 shoulder_lift.pos=-102.60 elbow_flex.pos=+88.88 wrist_flex.pos=+77.84 wrist_roll.pos=-2.01 gripper.pos=+0.22 | last: shoulder_pan.pos=-3.21 shoulder_lift.pos=-101.67 elbow_flex.pos=+89.08 wrist_flex.pos=+78.02 wrist_roll.pos=-1.85 gripper.pos=+0.33
INFO 2026-09-03 08:27:39 Final action sent: shoulder_pan.pos=-5.21 shoulder_lift.pos=-101.97 elbow_flex.pos=+89.09 wrist_flex.pos=+78.22 wrist_roll.pos=-1.04 gripper.pos=+0.17
DEBUG 2026-09-03 08:27:39 === episode end | 27.7s | converged=True | actions=569 ===
