DEBUG 2026-09-03 09:38:29 === episode start | task: 'put the box on the tray' | duration: 50.0s ===
DEBUG 2026-09-03 09:38:30 [chunk] received 50 actions, timesteps 0..49 | first: shoulder_pan.pos=-3.69 shoulder_lift.pos=-101.00 elbow_flex.pos=+88.36 wrist_flex.pos=+76.01 wrist_roll.pos=-0.98 gripper.pos=+0.91 | last: shoulder_pan.pos=-23.62 shoulder_lift.pos=-102.44 elbow_flex.pos=+86.70 wrist_flex.pos=+73.61 wrist_roll.pos=-1.45 gripper.pos=+0.86
DEBUG 2026-09-03 09:38:30 [action #1] t=0.94s step=0 queue=50 dmax=n/a | shoulder_pan.pos=-3.69 shoulder_lift.pos=-101.00 elbow_flex.pos=+88.36 wrist_flex.pos=+76.01 wrist_roll.pos=-0.98 gripper.pos=+0.91
DEBUG 2026-09-03 09:38:30 [action #2] t=0.97s step=1 queue=49 dmax=0.168 | shoulder_pan.pos=-3.66 shoulder_lift.pos=-101.08 elbow_flex.pos=+88.19 wrist_flex.pos=+76.17 wrist_roll.pos=-1.04 gripper.pos=+0.95
DEBUG 2026-09-03 09:38:30 [action #3] t=1.00s step=2 queue=48 dmax=1.110 | shoulder_pan.pos=-3.64 shoulder_lift.pos=-100.57 elbow_flex.pos=+87.08 wrist_flex.pos=+76.24 wrist_roll.pos=-1.05 gripper.pos=+0.82
DEBUG 2026-09-03 09:38:30 [action #4] t=1.04s step=3 queue=47 dmax=0.136 | shoulder_pan.pos=-3.67 shoulder_lift.pos=-100.56 elbow_flex.pos=+87.20 wrist_flex.pos=+76.31 wrist_roll.pos=-1.09 gripper.pos=+0.96
DEBUG 2026-09-03 09:38:30 [action #5] t=1.07s step=4 queue=46 dmax=0.275 | shoulder_pan.pos=-3.72 shoulder_lift.pos=-100.35 elbow_flex.pos=+87.48 wrist_flex.pos=+76.27 wrist_roll.pos=-1.07 gripper.pos=+0.76
DEBUG 2026-09-03 09:38:30 [action #6] t=1.10s step=5 queue=45 dmax=0.537 | shoulder_pan.pos=-3.80 shoulder_lift.pos=-100.89 elbow_flex.pos=+87.57 wrist_flex.pos=+76.42 wrist_roll.pos=-0.97 gripper.pos=+0.78
DEBUG 2026-09-03 09:38:30 [action #7] t=1.14s step=6 queue=44 dmax=0.359 | shoulder_pan.pos=-4.05 shoulder_lift.pos=-101.25 elbow_flex.pos=+87.69 wrist_flex.pos=+76.22 wrist_roll.pos=-0.90 gripper.pos=+0.76
DEBUG 2026-09-03 09:38:31 [action #8] t=1.17s step=7 queue=43 dmax=0.416 | shoulder_pan.pos=-3.95 shoulder_lift.pos=-101.11 elbow_flex.pos=+88.11 wrist_flex.pos=+76.24 wrist_roll.pos=-0.91 gripper.pos=+0.77
DEBUG 2026-09-03 09:38:31 [action #9] t=1.20s step=8 queue=42 dmax=1.115 | shoulder_pan.pos=-4.13 shoulder_lift.pos=-100.40 elbow_flex.pos=+86.99 wrist_flex.pos=+76.49 wrist_roll.pos=-0.97 gripper.pos=+0.94
DEBUG 2026-09-03 09:38:31 [action #10] t=1.24s step=9 queue=41 dmax=0.938 | shoulder_pan.pos=-4.29 shoulder_lift.pos=-101.34 elbow_flex.pos=+87.42 wrist_flex.pos=+76.16 wrist_roll.pos=-0.92 gripper.pos=+0.82
DEBUG 2026-09-03 09:38:31 [action #11] t=1.27s step=10 queue=40 dmax=0.514 | shoulder_pan.pos=-4.80 shoulder_lift.pos=-101.20 elbow_flex.pos=+87.16 wrist_flex.pos=+76.44 wrist_roll.pos=-0.95 gripper.pos=+0.66
DEBUG 2026-09-03 09:38:31 [action #12] t=1.30s step=11 queue=39 dmax=0.293 | shoulder_pan.pos=-5.10 shoulder_lift.pos=-101.20 elbow_flex.pos=+87.44 wrist_flex.pos=+76.38 wrist_roll.pos=-0.96 gripper.pos=+0.85
DEBUG 2026-09-03 09:38:31 [action #13] t=1.34s step=12 queue=38 dmax=0.597 | shoulder_pan.pos=-5.66 shoulder_lift.pos=-101.00 elbow_flex.pos=+86.85 wrist_flex.pos=+76.14 wrist_roll.pos=-0.96 gripper.pos=+0.88
DEBUG 2026-09-03 09:38:31 [action #14] t=1.37s step=13 queue=37 dmax=0.818 | shoulder_pan.pos=-6.48 shoulder_lift.pos=-101.19 elbow_flex.pos=+87.17 wrist_flex.pos=+76.35 wrist_roll.pos=-0.92 gripper.pos=+0.79
DEBUG 2026-09-03 09:38:31 [action #15] t=1.40s step=14 queue=36 dmax=0.930 | shoulder_pan.pos=-7.41 shoulder_lift.pos=-101.44 elbow_flex.pos=+86.50 wrist_flex.pos=+76.55 wrist_roll.pos=-0.96 gripper.pos=+0.88
DEBUG 2026-09-03 09:38:31 [action #16] t=1.44s step=15 queue=35 dmax=1.068 | shoulder_pan.pos=-8.48 shoulder_lift.pos=-101.83 elbow_flex.pos=+86.54 wrist_flex.pos=+76.32 wrist_roll.pos=-0.88 gripper.pos=+0.65
DEBUG 2026-09-03 09:38:31 [action #17] t=1.47s step=16 queue=34 dmax=0.906 | shoulder_pan.pos=-9.39 shoulder_lift.pos=-101.64 elbow_flex.pos=+86.51 wrist_flex.pos=+76.62 wrist_roll.pos=-0.87 gripper.pos=+0.82
DEBUG 2026-09-03 09:38:31 [action #18] t=1.50s step=17 queue=33 dmax=0.986 | shoulder_pan.pos=-10.37 shoulder_lift.pos=-101.81 elbow_flex.pos=+86.89 wrist_flex.pos=+76.42 wrist_roll.pos=-1.00 gripper.pos=+0.72
DEBUG 2026-09-03 09:38:31 [action #19] t=1.54s step=18 queue=32 dmax=1.090 | shoulder_pan.pos=-11.46 shoulder_lift.pos=-101.35 elbow_flex.pos=+86.89 wrist_flex.pos=+76.47 wrist_roll.pos=-0.82 gripper.pos=+0.78
DEBUG 2026-09-03 09:38:31 [action #20] t=1.57s step=19 queue=31 dmax=1.192 | shoulder_pan.pos=-12.65 shoulder_lift.pos=-101.98 elbow_flex.pos=+86.73 wrist_flex.pos=+76.35 wrist_roll.pos=-0.96 gripper.pos=+0.83
DEBUG 2026-09-03 09:38:31 [action #21] t=1.61s step=20 queue=30 dmax=1.062 | shoulder_pan.pos=-13.72 shoulder_lift.pos=-101.54 elbow_flex.pos=+86.90 wrist_flex.pos=+76.40 wrist_roll.pos=-0.95 gripper.pos=+0.83
DEBUG 2026-09-03 09:38:31 [action #22] t=1.64s step=21 queue=29 dmax=1.284 | shoulder_pan.pos=-15.00 shoulder_lift.pos=-101.52 elbow_flex.pos=+86.45 wrist_flex.pos=+76.17 wrist_roll.pos=-0.97 gripper.pos=+0.85
DEBUG 2026-09-03 09:38:31 [action #23] t=1.67s step=22 queue=28 dmax=1.054 | shoulder_pan.pos=-15.53 shoulder_lift.pos=-102.57 elbow_flex.pos=+86.55 wrist_flex.pos=+76.37 wrist_roll.pos=-1.01 gripper.pos=+0.86
DEBUG 2026-09-03 09:38:31 [action #24] t=1.71s step=23 queue=27 dmax=0.712 | shoulder_pan.pos=-16.24 shoulder_lift.pos=-102.05 elbow_flex.pos=+86.34 wrist_flex.pos=+76.27 wrist_roll.pos=-1.00 gripper.pos=+0.71
DEBUG 2026-09-03 09:38:31 [action #25] t=1.74s step=24 queue=26 dmax=0.614 | shoulder_pan.pos=-16.85 shoulder_lift.pos=-101.70 elbow_flex.pos=+86.50 wrist_flex.pos=+76.37 wrist_roll.pos=-1.00 gripper.pos=+0.75
DEBUG 2026-09-03 09:38:31 [action #26] t=1.77s step=25 queue=25 dmax=0.517 | shoulder_pan.pos=-17.37 shoulder_lift.pos=-102.14 elbow_flex.pos=+86.35 wrist_flex.pos=+76.45 wrist_roll.pos=-1.00 gripper.pos=+0.76
DEBUG 2026-09-03 09:38:31 [action #27] t=1.81s step=26 queue=24 dmax=0.645 | shoulder_pan.pos=-18.02 shoulder_lift.pos=-102.45 elbow_flex.pos=+86.54 wrist_flex.pos=+76.42 wrist_roll.pos=-1.06 gripper.pos=+0.88
DEBUG 2026-09-03 09:38:31 [action #28] t=1.84s step=27 queue=23 dmax=0.779 | shoulder_pan.pos=-18.79 shoulder_lift.pos=-102.64 elbow_flex.pos=+86.21 wrist_flex.pos=+76.18 wrist_roll.pos=-1.04 gripper.pos=+0.85
DEBUG 2026-09-03 09:38:31 [action #29] t=1.87s step=28 queue=22 dmax=0.877 | shoulder_pan.pos=-19.67 shoulder_lift.pos=-102.51 elbow_flex.pos=+86.57 wrist_flex.pos=+76.38 wrist_roll.pos=-1.04 gripper.pos=+0.86
DEBUG 2026-09-03 09:38:31 [action #30] t=1.91s step=29 queue=21 dmax=0.625 | shoulder_pan.pos=-19.92 shoulder_lift.pos=-101.88 elbow_flex.pos=+86.48 wrist_flex.pos=+76.05 wrist_roll.pos=-1.13 gripper.pos=+0.99
DEBUG 2026-09-03 09:38:31 [action #31] t=1.94s step=30 queue=20 dmax=0.491 | shoulder_pan.pos=-20.23 shoulder_lift.pos=-101.39 elbow_flex.pos=+86.16 wrist_flex.pos=+76.31 wrist_roll.pos=-1.05 gripper.pos=+0.82
DEBUG 2026-09-03 09:38:31 [action #32] t=1.97s step=31 queue=19 dmax=0.960 | shoulder_pan.pos=-20.57 shoulder_lift.pos=-102.35 elbow_flex.pos=+86.68 wrist_flex.pos=+75.99 wrist_roll.pos=-1.08 gripper.pos=+0.96
DEBUG 2026-09-03 09:38:31 [chunk] received 50 actions, timesteps 3..52 | first: shoulder_pan.pos=-3.79 shoulder_lift.pos=-100.51 elbow_flex.pos=+87.66 wrist_flex.pos=+76.16 wrist_roll.pos=-1.12 gripper.pos=+0.82 | last: shoulder_pan.pos=-20.28 shoulder_lift.pos=-101.06 elbow_flex.pos=+82.96 wrist_flex.pos=+74.64 wrist_roll.pos=-1.86 gripper.pos=+0.45
DEBUG 2026-09-03 09:38:31 [action #33] t=2.01s step=32 queue=21 dmax=1.425 | shoulder_pan.pos=-19.26 shoulder_lift.pos=-100.93 elbow_flex.pos=+85.89 wrist_flex.pos=+75.99 wrist_roll.pos=-1.05 gripper.pos=+0.69
DEBUG 2026-09-03 09:38:31 [action #34] t=2.04s step=33 queue=20 dmax=0.548 | shoulder_pan.pos=-19.64 shoulder_lift.pos=-100.70 elbow_flex.pos=+85.34 wrist_flex.pos=+75.98 wrist_roll.pos=-1.03 gripper.pos=+0.76
DEBUG 2026-09-03 09:38:31 [action #35] t=2.07s step=34 queue=19 dmax=0.603 | shoulder_pan.pos=-19.93 shoulder_lift.pos=-101.30 elbow_flex.pos=+85.13 wrist_flex.pos=+75.92 wrist_roll.pos=-1.03 gripper.pos=+0.70
DEBUG 2026-09-03 09:38:31 [action #36] t=2.11s step=35 queue=18 dmax=0.599 | shoulder_pan.pos=-20.51 shoulder_lift.pos=-101.75 elbow_flex.pos=+85.73 wrist_flex.pos=+75.92 wrist_roll.pos=-1.01 gripper.pos=+0.85
DEBUG 2026-09-03 09:38:31 [action #37] t=2.14s step=36 queue=17 dmax=0.433 | shoulder_pan.pos=-20.56 shoulder_lift.pos=-101.31 elbow_flex.pos=+85.32 wrist_flex.pos=+75.92 wrist_roll.pos=-1.06 gripper.pos=+0.71
DEBUG 2026-09-03 09:38:32 [action #38] t=2.17s step=37 queue=16 dmax=0.405 | shoulder_pan.pos=-20.97 shoulder_lift.pos=-101.20 elbow_flex.pos=+85.35 wrist_flex.pos=+75.78 wrist_roll.pos=-1.13 gripper.pos=+0.81
DEBUG 2026-09-03 09:38:32 [action #39] t=2.21s step=38 queue=15 dmax=0.293 | shoulder_pan.pos=-20.89 shoulder_lift.pos=-101.49 elbow_flex.pos=+85.45 wrist_flex.pos=+75.75 wrist_roll.pos=-1.11 gripper.pos=+0.71
DEBUG 2026-09-03 09:38:32 [action #40] t=2.24s step=39 queue=14 dmax=0.505 | shoulder_pan.pos=-21.10 shoulder_lift.pos=-100.98 elbow_flex.pos=+85.23 wrist_flex.pos=+75.73 wrist_roll.pos=-1.16 gripper.pos=+0.69
DEBUG 2026-09-03 09:38:32 [action #41] t=2.27s step=40 queue=13 dmax=0.187 | shoulder_pan.pos=-21.27 shoulder_lift.pos=-101.11 elbow_flex.pos=+85.04 wrist_flex.pos=+75.67 wrist_roll.pos=-1.11 gripper.pos=+0.75
DEBUG 2026-09-03 09:38:32 [action #42] t=2.31s step=41 queue=12 dmax=0.137 | shoulder_pan.pos=-21.39 shoulder_lift.pos=-101.01 elbow_flex.pos=+84.90 wrist_flex.pos=+75.72 wrist_roll.pos=-1.10 gripper.pos=+0.69
DEBUG 2026-09-03 09:38:32 [action #43] t=2.34s step=42 queue=11 dmax=0.102 | shoulder_pan.pos=-21.41 shoulder_lift.pos=-101.10 elbow_flex.pos=+84.93 wrist_flex.pos=+75.63 wrist_roll.pos=-1.20 gripper.pos=+0.71
DEBUG 2026-09-03 09:38:32 [action #44] t=2.37s step=43 queue=10 dmax=0.396 | shoulder_pan.pos=-21.32 shoulder_lift.pos=-101.50 elbow_flex.pos=+84.94 wrist_flex.pos=+75.51 wrist_roll.pos=-1.15 gripper.pos=+0.67
DEBUG 2026-09-03 09:38:32 [action #45] t=2.41s step=44 queue=9 dmax=0.575 | shoulder_pan.pos=-21.12 shoulder_lift.pos=-100.92 elbow_flex.pos=+84.42 wrist_flex.pos=+75.44 wrist_roll.pos=-1.20 gripper.pos=+0.62
DEBUG 2026-09-03 09:38:32 [action #46] t=2.44s step=45 queue=8 dmax=0.248 | shoulder_pan.pos=-21.15 shoulder_lift.pos=-100.91 elbow_flex.pos=+84.18 wrist_flex.pos=+75.19 wrist_roll.pos=-1.21 gripper.pos=+0.59
DEBUG 2026-09-03 09:38:32 [action #47] t=2.47s step=46 queue=7 dmax=0.397 | shoulder_pan.pos=-21.14 shoulder_lift.pos=-101.14 elbow_flex.pos=+84.58 wrist_flex.pos=+75.03 wrist_roll.pos=-1.28 gripper.pos=+0.71
DEBUG 2026-09-03 09:38:32 [action #48] t=2.51s step=47 queue=6 dmax=0.483 | shoulder_pan.pos=-21.07 shoulder_lift.pos=-101.32 elbow_flex.pos=+84.10 wrist_flex.pos=+74.94 wrist_roll.pos=-1.27 gripper.pos=+0.66
DEBUG 2026-09-03 09:38:32 [action #49] t=2.54s step=48 queue=5 dmax=0.368 | shoulder_pan.pos=-21.00 shoulder_lift.pos=-100.95 elbow_flex.pos=+84.20 wrist_flex.pos=+74.70 wrist_roll.pos=-1.47 gripper.pos=+0.61
DEBUG 2026-09-03 09:38:32 [action #50] t=2.57s step=49 queue=4 dmax=0.531 | shoulder_pan.pos=-21.12 shoulder_lift.pos=-101.49 elbow_flex.pos=+84.23 wrist_flex.pos=+74.63 wrist_roll.pos=-1.44 gripper.pos=+0.69
DEBUG 2026-09-03 09:38:32 [action #51] t=2.61s step=50 queue=3 dmax=1.246 | shoulder_pan.pos=-20.00 shoulder_lift.pos=-100.54 elbow_flex.pos=+82.98 wrist_flex.pos=+74.73 wrist_roll.pos=-1.59 gripper.pos=+0.63
DEBUG 2026-09-03 09:38:32 [action #52] t=2.64s step=51 queue=2 dmax=0.529 | shoulder_pan.pos=-19.92 shoulder_lift.pos=-100.32 elbow_flex.pos=+82.45 wrist_flex.pos=+74.73 wrist_roll.pos=-1.67 gripper.pos=+0.69
DEBUG 2026-09-03 09:38:32 [action #53] t=2.68s step=52 queue=1 dmax=0.733 | shoulder_pan.pos=-20.28 shoulder_lift.pos=-101.06 elbow_flex.pos=+82.96 wrist_flex.pos=+74.64 wrist_roll.pos=-1.86 gripper.pos=+0.45
DEBUG 2026-09-03 09:38:32 [chunk] received 50 actions, timesteps 31..80 | first: shoulder_pan.pos=-22.10 shoulder_lift.pos=-101.96 elbow_flex.pos=+85.83 wrist_flex.pos=+75.72 wrist_roll.pos=-1.41 gripper.pos=+1.20 | last: shoulder_pan.pos=-25.67 shoulder_lift.pos=-100.76 elbow_flex.pos=+82.03 wrist_flex.pos=+68.06 wrist_roll.pos=-1.77 gripper.pos=+0.73
DEBUG 2026-09-03 09:38:32 [action #54] t=2.84s step=53 queue=28 dmax=4.982 | shoulder_pan.pos=-25.26 shoulder_lift.pos=-100.63 elbow_flex.pos=+84.13 wrist_flex.pos=+72.21 wrist_roll.pos=-1.57 gripper.pos=+0.91
DEBUG 2026-09-03 09:38:32 [action #55] t=2.88s step=54 queue=27 dmax=2.132 | shoulder_pan.pos=-25.58 shoulder_lift.pos=-102.76 elbow_flex.pos=+84.32 wrist_flex.pos=+72.22 wrist_roll.pos=-1.68 gripper.pos=+0.91
DEBUG 2026-09-03 09:38:32 [action #56] t=2.91s step=55 queue=26 dmax=1.578 | shoulder_pan.pos=-25.60 shoulder_lift.pos=-101.18 elbow_flex.pos=+84.41 wrist_flex.pos=+71.89 wrist_roll.pos=-1.62 gripper.pos=+0.94
DEBUG 2026-09-03 09:38:32 [action #57] t=2.94s step=56 queue=25 dmax=0.150 | shoulder_pan.pos=-25.75 shoulder_lift.pos=-101.28 elbow_flex.pos=+84.52 wrist_flex.pos=+72.02 wrist_roll.pos=-1.62 gripper.pos=+0.88
DEBUG 2026-09-03 09:38:32 [action #58] t=2.98s step=57 queue=24 dmax=0.462 | shoulder_pan.pos=-25.95 shoulder_lift.pos=-100.82 elbow_flex.pos=+84.38 wrist_flex.pos=+71.88 wrist_roll.pos=-1.60 gripper.pos=+0.90
DEBUG 2026-09-03 09:38:32 [action #59] t=3.01s step=58 queue=23 dmax=0.451 | shoulder_pan.pos=-25.84 shoulder_lift.pos=-101.27 elbow_flex.pos=+84.19 wrist_flex.pos=+71.85 wrist_roll.pos=-1.61 gripper.pos=+0.86
DEBUG 2026-09-03 09:38:32 [action #60] t=3.04s step=59 queue=22 dmax=0.318 | shoulder_pan.pos=-25.52 shoulder_lift.pos=-101.17 elbow_flex.pos=+84.02 wrist_flex.pos=+71.54 wrist_roll.pos=-1.59 gripper.pos=+0.76
DEBUG 2026-09-03 09:38:32 [action #61] t=3.08s step=60 queue=21 dmax=0.277 | shoulder_pan.pos=-25.80 shoulder_lift.pos=-101.10 elbow_flex.pos=+83.94 wrist_flex.pos=+71.44 wrist_roll.pos=-1.68 gripper.pos=+0.89
DEBUG 2026-09-03 09:38:32 [action #62] t=3.11s step=61 queue=20 dmax=0.452 | shoulder_pan.pos=-25.87 shoulder_lift.pos=-101.16 elbow_flex.pos=+83.68 wrist_flex.pos=+70.98 wrist_roll.pos=-1.62 gripper.pos=+0.90
DEBUG 2026-09-03 09:38:32 [action #63] t=3.14s step=62 queue=19 dmax=0.649 | shoulder_pan.pos=-25.98 shoulder_lift.pos=-101.43 elbow_flex.pos=+84.33 wrist_flex.pos=+70.77 wrist_roll.pos=-1.74 gripper.pos=+0.98
DEBUG 2026-09-03 09:38:33 [action #64] t=3.18s step=63 queue=18 dmax=0.890 | shoulder_pan.pos=-26.05 shoulder_lift.pos=-101.25 elbow_flex.pos=+83.44 wrist_flex.pos=+70.68 wrist_roll.pos=-1.65 gripper.pos=+0.85
DEBUG 2026-09-03 09:38:33 [action #65] t=3.21s step=64 queue=17 dmax=0.362 | shoulder_pan.pos=-26.14 shoulder_lift.pos=-100.89 elbow_flex.pos=+83.47 wrist_flex.pos=+70.67 wrist_roll.pos=-1.80 gripper.pos=+1.03
DEBUG 2026-09-03 09:38:33 [action #66] t=3.24s step=65 queue=16 dmax=0.450 | shoulder_pan.pos=-26.23 shoulder_lift.pos=-101.34 elbow_flex.pos=+83.26 wrist_flex.pos=+70.30 wrist_roll.pos=-1.68 gripper.pos=+1.02
DEBUG 2026-09-03 09:38:33 [action #67] t=3.28s step=66 queue=15 dmax=0.422 | shoulder_pan.pos=-26.19 shoulder_lift.pos=-100.92 elbow_flex.pos=+83.33 wrist_flex.pos=+70.16 wrist_roll.pos=-1.64 gripper.pos=+0.76
DEBUG 2026-09-03 09:38:33 [action #68] t=3.31s step=67 queue=14 dmax=0.518 | shoulder_pan.pos=-26.44 shoulder_lift.pos=-100.94 elbow_flex.pos=+83.85 wrist_flex.pos=+70.08 wrist_roll.pos=-1.64 gripper.pos=+0.77
DEBUG 2026-09-03 09:38:33 [action #69] t=3.34s step=68 queue=13 dmax=1.014 | shoulder_pan.pos=-26.59 shoulder_lift.pos=-100.83 elbow_flex.pos=+82.83 wrist_flex.pos=+69.87 wrist_roll.pos=-1.71 gripper.pos=+0.82
DEBUG 2026-09-03 09:38:33 [action #70] t=3.38s step=69 queue=12 dmax=0.951 | shoulder_pan.pos=-26.49 shoulder_lift.pos=-101.03 elbow_flex.pos=+83.79 wrist_flex.pos=+69.63 wrist_roll.pos=-1.68 gripper.pos=+0.88
DEBUG 2026-09-03 09:38:33 [action #71] t=3.41s step=70 queue=11 dmax=0.740 | shoulder_pan.pos=-26.68 shoulder_lift.pos=-101.03 elbow_flex.pos=+83.04 wrist_flex.pos=+69.43 wrist_roll.pos=-1.81 gripper.pos=+0.87
DEBUG 2026-09-03 09:38:33 [action #72] t=3.44s step=71 queue=10 dmax=0.401 | shoulder_pan.pos=-26.77 shoulder_lift.pos=-101.43 elbow_flex.pos=+83.34 wrist_flex.pos=+69.47 wrist_roll.pos=-1.62 gripper.pos=+0.91
DEBUG 2026-09-03 09:38:33 [action #73] t=3.48s step=72 queue=9 dmax=0.579 | shoulder_pan.pos=-26.73 shoulder_lift.pos=-100.85 elbow_flex.pos=+83.35 wrist_flex.pos=+69.29 wrist_roll.pos=-1.83 gripper.pos=+0.89
DEBUG 2026-09-03 09:38:33 [action #74] t=3.51s step=73 queue=8 dmax=0.839 | shoulder_pan.pos=-26.30 shoulder_lift.pos=-101.69 elbow_flex.pos=+83.24 wrist_flex.pos=+68.90 wrist_roll.pos=-1.84 gripper.pos=+0.76
DEBUG 2026-09-03 09:38:33 [action #75] t=3.54s step=74 queue=7 dmax=0.679 | shoulder_pan.pos=-26.17 shoulder_lift.pos=-101.18 elbow_flex.pos=+82.56 wrist_flex.pos=+68.83 wrist_roll.pos=-1.84 gripper.pos=+0.71
DEBUG 2026-09-03 09:38:33 [action #76] t=3.58s step=75 queue=6 dmax=0.415 | shoulder_pan.pos=-26.09 shoulder_lift.pos=-101.47 elbow_flex.pos=+82.98 wrist_flex.pos=+68.66 wrist_roll.pos=-1.69 gripper.pos=+0.92
DEBUG 2026-09-03 09:38:33 [action #77] t=3.61s step=76 queue=5 dmax=0.509 | shoulder_pan.pos=-26.18 shoulder_lift.pos=-101.25 elbow_flex.pos=+82.47 wrist_flex.pos=+68.56 wrist_roll.pos=-1.72 gripper.pos=+0.72
DEBUG 2026-09-03 09:38:33 [action #78] t=3.64s step=77 queue=4 dmax=0.395 | shoulder_pan.pos=-26.11 shoulder_lift.pos=-100.86 elbow_flex.pos=+82.69 wrist_flex.pos=+68.67 wrist_roll.pos=-1.76 gripper.pos=+0.71
DEBUG 2026-09-03 09:38:33 [action #79] t=3.68s step=78 queue=3 dmax=0.502 | shoulder_pan.pos=-25.92 shoulder_lift.pos=-100.35 elbow_flex.pos=+82.46 wrist_flex.pos=+68.55 wrist_roll.pos=-1.83 gripper.pos=+0.66
DEBUG 2026-09-03 09:38:33 [chunk] received 50 actions, timesteps 52..101 | first: shoulder_pan.pos=-20.70 shoulder_lift.pos=-99.99 elbow_flex.pos=+81.31 wrist_flex.pos=+75.21 wrist_roll.pos=-1.90 gripper.pos=+1.17 | last: shoulder_pan.pos=-20.80 shoulder_lift.pos=-77.54 elbow_flex.pos=+61.76 wrist_flex.pos=+65.97 wrist_roll.pos=-4.14 gripper.pos=+0.95
DEBUG 2026-09-03 09:38:33 [action #80] t=3.71s step=79 queue=23 dmax=4.091 | shoulder_pan.pos=-23.81 shoulder_lift.pos=-100.10 elbow_flex.pos=+78.37 wrist_flex.pos=+68.47 wrist_roll.pos=-2.17 gripper.pos=+0.94
DEBUG 2026-09-03 09:38:33 [action #81] t=3.74s step=80 queue=22 dmax=0.836 | shoulder_pan.pos=-24.00 shoulder_lift.pos=-99.27 elbow_flex.pos=+77.54 wrist_flex.pos=+68.36 wrist_roll.pos=-2.11 gripper.pos=+0.92
DEBUG 2026-09-03 09:38:33 [action #82] t=3.78s step=81 queue=21 dmax=1.644 | shoulder_pan.pos=-23.28 shoulder_lift.pos=-99.51 elbow_flex.pos=+75.90 wrist_flex.pos=+68.45 wrist_roll.pos=-2.30 gripper.pos=+0.99
DEBUG 2026-09-03 09:38:33 [action #83] t=3.81s step=82 queue=20 dmax=0.955 | shoulder_pan.pos=-23.45 shoulder_lift.pos=-99.56 elbow_flex.pos=+74.94 wrist_flex.pos=+68.45 wrist_roll.pos=-2.30 gripper.pos=+0.83
DEBUG 2026-09-03 09:38:33 [action #84] t=3.85s step=83 queue=19 dmax=0.604 | shoulder_pan.pos=-23.38 shoulder_lift.pos=-98.96 elbow_flex.pos=+74.89 wrist_flex.pos=+68.41 wrist_roll.pos=-2.49 gripper.pos=+0.92
DEBUG 2026-09-03 09:38:33 [action #85] t=3.88s step=84 queue=18 dmax=1.117 | shoulder_pan.pos=-23.33 shoulder_lift.pos=-97.84 elbow_flex.pos=+75.07 wrist_flex.pos=+68.61 wrist_roll.pos=-2.38 gripper.pos=+0.83
DEBUG 2026-09-03 09:38:33 [action #86] t=3.91s step=85 queue=17 dmax=0.985 | shoulder_pan.pos=-23.26 shoulder_lift.pos=-97.83 elbow_flex.pos=+74.08 wrist_flex.pos=+68.64 wrist_roll.pos=-2.50 gripper.pos=+0.96
DEBUG 2026-09-03 09:38:33 [action #87] t=3.95s step=86 queue=16 dmax=0.179 | shoulder_pan.pos=-23.25 shoulder_lift.pos=-98.01 elbow_flex.pos=+73.94 wrist_flex.pos=+68.72 wrist_roll.pos=-2.46 gripper.pos=+0.87
DEBUG 2026-09-03 09:38:33 [action #88] t=3.98s step=87 queue=15 dmax=0.379 | shoulder_pan.pos=-22.87 shoulder_lift.pos=-98.19 elbow_flex.pos=+73.80 wrist_flex.pos=+68.76 wrist_roll.pos=-2.74 gripper.pos=+0.86
DEBUG 2026-09-03 09:38:33 [action #89] t=4.01s step=88 queue=14 dmax=0.676 | shoulder_pan.pos=-22.71 shoulder_lift.pos=-97.52 elbow_flex.pos=+73.18 wrist_flex.pos=+68.82 wrist_roll.pos=-2.87 gripper.pos=+0.86
DEBUG 2026-09-03 09:38:33 [action #90] t=4.05s step=89 queue=13 dmax=1.187 | shoulder_pan.pos=-22.85 shoulder_lift.pos=-96.33 elbow_flex.pos=+72.11 wrist_flex.pos=+68.98 wrist_roll.pos=-2.97 gripper.pos=+0.87
DEBUG 2026-09-03 09:38:33 [action #91] t=4.08s step=90 queue=12 dmax=2.101 | shoulder_pan.pos=-22.29 shoulder_lift.pos=-94.23 elbow_flex.pos=+71.35 wrist_flex.pos=+68.65 wrist_roll.pos=-3.39 gripper.pos=+0.89
DEBUG 2026-09-03 09:38:33 [action #92] t=4.11s step=91 queue=11 dmax=1.725 | shoulder_pan.pos=-22.25 shoulder_lift.pos=-92.50 elbow_flex.pos=+70.20 wrist_flex.pos=+68.64 wrist_roll.pos=-3.59 gripper.pos=+0.89
DEBUG 2026-09-03 09:38:33 [action #93] t=4.15s step=92 queue=10 dmax=2.422 | shoulder_pan.pos=-21.74 shoulder_lift.pos=-90.08 elbow_flex.pos=+68.68 wrist_flex.pos=+68.25 wrist_roll.pos=-3.77 gripper.pos=+0.85
DEBUG 2026-09-03 09:38:34 [action #94] t=4.18s step=93 queue=9 dmax=2.181 | shoulder_pan.pos=-21.87 shoulder_lift.pos=-87.90 elbow_flex.pos=+67.53 wrist_flex.pos=+68.08 wrist_roll.pos=-4.13 gripper.pos=+0.77
DEBUG 2026-09-03 09:38:34 [action #95] t=4.21s step=94 queue=8 dmax=2.456 | shoulder_pan.pos=-21.75 shoulder_lift.pos=-85.44 elbow_flex.pos=+66.64 wrist_flex.pos=+67.89 wrist_roll.pos=-4.23 gripper.pos=+0.87
DEBUG 2026-09-03 09:38:34 [action #96] t=4.25s step=95 queue=7 dmax=1.469 | shoulder_pan.pos=-21.47 shoulder_lift.pos=-83.98 elbow_flex.pos=+65.64 wrist_flex.pos=+67.42 wrist_roll.pos=-4.40 gripper.pos=+0.91
DEBUG 2026-09-03 09:38:34 [action #97] t=4.28s step=96 queue=6 dmax=1.007 | shoulder_pan.pos=-21.52 shoulder_lift.pos=-82.97 elbow_flex.pos=+65.06 wrist_flex.pos=+66.98 wrist_roll.pos=-4.36 gripper.pos=+0.86
DEBUG 2026-09-03 09:38:34 [action #98] t=4.31s step=97 queue=5 dmax=0.992 | shoulder_pan.pos=-21.45 shoulder_lift.pos=-81.98 elbow_flex.pos=+64.15 wrist_flex.pos=+66.81 wrist_roll.pos=-4.27 gripper.pos=+0.88
DEBUG 2026-09-03 09:38:34 [action #99] t=4.35s step=98 queue=4 dmax=0.998 | shoulder_pan.pos=-21.42 shoulder_lift.pos=-80.98 elbow_flex.pos=+63.50 wrist_flex.pos=+66.63 wrist_roll.pos=-4.17 gripper.pos=+0.93
DEBUG 2026-09-03 09:38:34 [action #100] t=4.38s step=99 queue=3 dmax=0.282 | shoulder_pan.pos=-21.14 shoulder_lift.pos=-80.79 elbow_flex.pos=+63.34 wrist_flex.pos=+66.61 wrist_roll.pos=-4.33 gripper.pos=+0.89
DEBUG 2026-09-03 09:38:34 [action #101] t=4.41s step=100 queue=2 dmax=1.739 | shoulder_pan.pos=-20.84 shoulder_lift.pos=-79.05 elbow_flex.pos=+62.67 wrist_flex.pos=+66.20 wrist_roll.pos=-4.16 gripper.pos=+0.93
DEBUG 2026-09-03 09:38:34 [action #102] t=4.45s step=101 queue=1 dmax=1.515 | shoulder_pan.pos=-20.80 shoulder_lift.pos=-77.54 elbow_flex.pos=+61.76 wrist_flex.pos=+65.97 wrist_roll.pos=-4.14 gripper.pos=+0.95
DEBUG 2026-09-03 09:38:34 [chunk] received 50 actions, timesteps 78..127 | first: shoulder_pan.pos=-27.33 shoulder_lift.pos=-99.63 elbow_flex.pos=+80.35 wrist_flex.pos=+68.80 wrist_roll.pos=-1.13 gripper.pos=+1.10 | last: shoulder_pan.pos=-20.56 shoulder_lift.pos=-96.85 elbow_flex.pos=+72.64 wrist_flex.pos=+70.89 wrist_roll.pos=-2.99 gripper.pos=+0.45
DEBUG 2026-09-03 09:38:34 [action #103] t=4.65s step=102 queue=26 dmax=21.911 | shoulder_pan.pos=-27.93 shoulder_lift.pos=-99.45 elbow_flex.pos=+77.77 wrist_flex.pos=+67.67 wrist_roll.pos=-1.76 gripper.pos=+0.78
DEBUG 2026-09-03 09:38:34 [action #104] t=4.68s step=103 queue=25 dmax=0.514 | shoulder_pan.pos=-28.29 shoulder_lift.pos=-99.44 elbow_flex.pos=+77.25 wrist_flex.pos=+67.69 wrist_roll.pos=-1.81 gripper.pos=+0.77
DEBUG 2026-09-03 09:38:34 [action #105] t=4.71s step=104 queue=24 dmax=0.208 | shoulder_pan.pos=-28.25 shoulder_lift.pos=-99.65 elbow_flex.pos=+77.29 wrist_flex.pos=+67.83 wrist_roll.pos=-1.93 gripper.pos=+0.62
DEBUG 2026-09-03 09:38:34 [action #106] t=4.75s step=105 queue=23 dmax=0.209 | shoulder_pan.pos=-28.19 shoulder_lift.pos=-99.70 elbow_flex.pos=+77.11 wrist_flex.pos=+67.65 wrist_roll.pos=-2.10 gripper.pos=+0.83
DEBUG 2026-09-03 09:38:34 [action #107] t=4.78s step=106 queue=22 dmax=0.168 | shoulder_pan.pos=-28.06 shoulder_lift.pos=-99.86 elbow_flex.pos=+77.26 wrist_flex.pos=+67.52 wrist_roll.pos=-2.14 gripper.pos=+0.86
DEBUG 2026-09-03 09:38:34 [action #108] t=4.81s step=107 queue=21 dmax=0.966 | shoulder_pan.pos=-28.00 shoulder_lift.pos=-98.90 elbow_flex.pos=+77.21 wrist_flex.pos=+67.69 wrist_roll.pos=-2.16 gripper.pos=+0.79
DEBUG 2026-09-03 09:38:34 [action #109] t=4.85s step=108 queue=20 dmax=0.956 | shoulder_pan.pos=-28.39 shoulder_lift.pos=-99.85 elbow_flex.pos=+76.64 wrist_flex.pos=+67.66 wrist_roll.pos=-2.47 gripper.pos=+0.84
DEBUG 2026-09-03 09:38:34 [action #110] t=4.88s step=109 queue=19 dmax=0.415 | shoulder_pan.pos=-28.15 shoulder_lift.pos=-99.44 elbow_flex.pos=+76.55 wrist_flex.pos=+67.80 wrist_roll.pos=-2.69 gripper.pos=+0.60
DEBUG 2026-09-03 09:38:34 [action #111] t=4.92s step=110 queue=18 dmax=0.574 | shoulder_pan.pos=-27.77 shoulder_lift.pos=-99.81 elbow_flex.pos=+75.97 wrist_flex.pos=+67.59 wrist_roll.pos=-2.74 gripper.pos=+0.72
DEBUG 2026-09-03 09:38:34 [action #112] t=4.95s step=111 queue=17 dmax=1.503 | shoulder_pan.pos=-27.67 shoulder_lift.pos=-98.31 elbow_flex.pos=+76.23 wrist_flex.pos=+67.74 wrist_roll.pos=-2.94 gripper.pos=+0.82
DEBUG 2026-09-03 09:38:34 [action #113] t=4.98s step=112 queue=16 dmax=0.631 | shoulder_pan.pos=-27.55 shoulder_lift.pos=-98.55 elbow_flex.pos=+75.60 wrist_flex.pos=+67.78 wrist_roll.pos=-2.86 gripper.pos=+0.51
DEBUG 2026-09-03 09:38:34 [action #114] t=5.02s step=113 queue=15 dmax=0.328 | shoulder_pan.pos=-27.37 shoulder_lift.pos=-98.58 elbow_flex.pos=+75.93 wrist_flex.pos=+67.90 wrist_roll.pos=-2.97 gripper.pos=+0.54
DEBUG 2026-09-03 09:38:34 [action #115] t=5.05s step=114 queue=14 dmax=0.326 | shoulder_pan.pos=-27.21 shoulder_lift.pos=-98.69 elbow_flex.pos=+75.93 wrist_flex.pos=+68.23 wrist_roll.pos=-2.97 gripper.pos=+0.66
DEBUG 2026-09-03 09:38:34 [action #116] t=5.08s step=115 queue=13 dmax=1.069 | shoulder_pan.pos=-26.87 shoulder_lift.pos=-97.62 elbow_flex.pos=+76.09 wrist_flex.pos=+68.31 wrist_roll.pos=-3.02 gripper.pos=+0.79
DEBUG 2026-09-03 09:38:34 [action #117] t=5.12s step=116 queue=12 dmax=0.630 | shoulder_pan.pos=-26.49 shoulder_lift.pos=-97.80 elbow_flex.pos=+75.46 wrist_flex.pos=+68.05 wrist_roll.pos=-2.90 gripper.pos=+0.48
DEBUG 2026-09-03 09:38:34 [action #118] t=5.15s step=117 queue=11 dmax=0.531 | shoulder_pan.pos=-25.97 shoulder_lift.pos=-97.98 elbow_flex.pos=+75.51 wrist_flex.pos=+68.58 wrist_roll.pos=-2.88 gripper.pos=+0.60
DEBUG 2026-09-03 09:38:35 [action #119] t=5.18s step=118 queue=10 dmax=0.835 | shoulder_pan.pos=-25.71 shoulder_lift.pos=-97.93 elbow_flex.pos=+74.68 wrist_flex.pos=+68.69 wrist_roll.pos=-2.74 gripper.pos=+0.53
DEBUG 2026-09-03 09:38:35 [action #120] t=5.22s step=119 queue=9 dmax=0.609 | shoulder_pan.pos=-25.43 shoulder_lift.pos=-97.84 elbow_flex.pos=+75.29 wrist_flex.pos=+68.84 wrist_roll.pos=-2.79 gripper.pos=+0.46
DEBUG 2026-09-03 09:38:35 [action #121] t=5.25s step=120 queue=8 dmax=0.886 | shoulder_pan.pos=-25.05 shoulder_lift.pos=-97.98 elbow_flex.pos=+74.40 wrist_flex.pos=+69.17 wrist_roll.pos=-2.86 gripper.pos=+0.55
DEBUG 2026-09-03 09:38:35 [action #122] t=5.28s step=121 queue=7 dmax=0.377 | shoulder_pan.pos=-24.77 shoulder_lift.pos=-98.01 elbow_flex.pos=+74.02 wrist_flex.pos=+69.41 wrist_roll.pos=-2.98 gripper.pos=+0.59
DEBUG 2026-09-03 09:38:35 [action #123] t=5.32s step=122 queue=6 dmax=0.364 | shoulder_pan.pos=-24.57 shoulder_lift.pos=-97.97 elbow_flex.pos=+73.90 wrist_flex.pos=+69.78 wrist_roll.pos=-3.00 gripper.pos=+0.57
DEBUG 2026-09-03 09:38:35 [action #124] t=5.35s step=123 queue=5 dmax=0.561 | shoulder_pan.pos=-24.00 shoulder_lift.pos=-97.77 elbow_flex.pos=+73.52 wrist_flex.pos=+70.23 wrist_roll.pos=-3.10 gripper.pos=+0.72
DEBUG 2026-09-03 09:38:35 [action #125] t=5.38s step=124 queue=4 dmax=0.735 | shoulder_pan.pos=-23.27 shoulder_lift.pos=-97.90 elbow_flex.pos=+73.03 wrist_flex.pos=+70.34 wrist_roll.pos=-3.10 gripper.pos=+0.60
DEBUG 2026-09-03 09:38:35 [action #126] t=5.42s step=125 queue=3 dmax=0.943 | shoulder_pan.pos=-22.67 shoulder_lift.pos=-96.96 elbow_flex.pos=+73.35 wrist_flex.pos=+70.71 wrist_roll.pos=-3.09 gripper.pos=+0.64
DEBUG 2026-09-03 09:38:35 [action #127] t=5.45s step=126 queue=2 dmax=0.973 | shoulder_pan.pos=-21.70 shoulder_lift.pos=-97.49 elbow_flex.pos=+73.01 wrist_flex.pos=+70.93 wrist_roll.pos=-3.02 gripper.pos=+0.56
DEBUG 2026-09-03 09:38:35 [action #128] t=5.48s step=127 queue=1 dmax=1.132 | shoulder_pan.pos=-20.56 shoulder_lift.pos=-96.85 elbow_flex.pos=+72.64 wrist_flex.pos=+70.89 wrist_roll.pos=-2.99 gripper.pos=+0.45
DEBUG 2026-09-03 09:38:35 [chunk] received 50 actions, timesteps 101..150 | first: shoulder_pan.pos=-20.44 shoulder_lift.pos=-74.60 elbow_flex.pos=+62.93 wrist_flex.pos=+66.77 wrist_roll.pos=-4.11 gripper.pos=+1.37 | last: shoulder_pan.pos=-16.01 shoulder_lift.pos=-51.91 elbow_flex.pos=+47.87 wrist_flex.pos=+76.74 wrist_roll.pos=-5.28 gripper.pos=+23.46
DEBUG 2026-09-03 09:38:35 [action #129] t=5.58s step=128 queue=23 dmax=14.280 | shoulder_pan.pos=-17.78 shoulder_lift.pos=-82.57 elbow_flex.pos=+65.53 wrist_flex.pos=+73.03 wrist_roll.pos=-4.97 gripper.pos=+0.59
DEBUG 2026-09-03 09:38:35 [action #130] t=5.62s step=129 queue=22 dmax=1.404 | shoulder_pan.pos=-17.93 shoulder_lift.pos=-81.17 elbow_flex.pos=+64.75 wrist_flex.pos=+73.54 wrist_roll.pos=-5.07 gripper.pos=+0.33
DEBUG 2026-09-03 09:38:35 [action #131] t=5.65s step=130 queue=21 dmax=0.699 | shoulder_pan.pos=-18.10 shoulder_lift.pos=-80.47 elbow_flex.pos=+64.10 wrist_flex.pos=+73.65 wrist_roll.pos=-4.89 gripper.pos=+0.26
DEBUG 2026-09-03 09:38:35 [action #132] t=5.68s step=131 queue=20 dmax=0.845 | shoulder_pan.pos=-18.14 shoulder_lift.pos=-79.63 elbow_flex.pos=+63.63 wrist_flex.pos=+74.02 wrist_roll.pos=-5.00 gripper.pos=+0.15
DEBUG 2026-09-03 09:38:35 [action #133] t=5.72s step=132 queue=19 dmax=1.767 | shoulder_pan.pos=-17.85 shoulder_lift.pos=-77.86 elbow_flex.pos=+63.44 wrist_flex.pos=+73.82 wrist_roll.pos=-4.95 gripper.pos=+0.19
DEBUG 2026-09-03 09:38:35 [action #134] t=5.75s step=133 queue=18 dmax=0.982 | shoulder_pan.pos=-17.76 shoulder_lift.pos=-76.96 elbow_flex.pos=+62.45 wrist_flex.pos=+73.92 wrist_roll.pos=-5.03 gripper.pos=+0.27
DEBUG 2026-09-03 09:38:35 [action #135] t=5.78s step=134 queue=17 dmax=1.490 | shoulder_pan.pos=-17.54 shoulder_lift.pos=-75.47 elbow_flex.pos=+61.95 wrist_flex.pos=+73.53 wrist_roll.pos=-5.08 gripper.pos=+0.61
DEBUG 2026-09-03 09:38:35 [action #136] t=5.82s step=135 queue=16 dmax=1.755 | shoulder_pan.pos=-17.28 shoulder_lift.pos=-73.71 elbow_flex.pos=+60.70 wrist_flex.pos=+73.39 wrist_roll.pos=-5.08 gripper.pos=+1.04
DEBUG 2026-09-03 09:38:35 [action #137] t=5.85s step=136 queue=15 dmax=1.972 | shoulder_pan.pos=-16.98 shoulder_lift.pos=-71.84 elbow_flex.pos=+59.76 wrist_flex.pos=+73.45 wrist_roll.pos=-5.23 gripper.pos=+3.01
DEBUG 2026-09-03 09:38:35 [action #138] t=5.88s step=137 queue=14 dmax=2.687 | shoulder_pan.pos=-17.02 shoulder_lift.pos=-70.32 elbow_flex.pos=+58.77 wrist_flex.pos=+73.67 wrist_roll.pos=-5.19 gripper.pos=+5.70
DEBUG 2026-09-03 09:38:35 [action #139] t=5.92s step=138 queue=13 dmax=3.025 | shoulder_pan.pos=-16.52 shoulder_lift.pos=-69.00 elbow_flex.pos=+57.36 wrist_flex.pos=+74.18 wrist_roll.pos=-5.49 gripper.pos=+8.73
DEBUG 2026-09-03 09:38:35 [action #140] t=5.95s step=139 queue=12 dmax=2.584 | shoulder_pan.pos=-16.35 shoulder_lift.pos=-68.08 elbow_flex.pos=+57.06 wrist_flex.pos=+74.37 wrist_roll.pos=-5.61 gripper.pos=+11.31
DEBUG 2026-09-03 09:38:35 [action #141] t=5.99s step=140 queue=11 dmax=2.015 | shoulder_pan.pos=-16.18 shoulder_lift.pos=-66.06 elbow_flex.pos=+55.70 wrist_flex.pos=+74.69 wrist_roll.pos=-5.74 gripper.pos=+13.20
DEBUG 2026-09-03 09:38:35 [action #142] t=6.02s step=141 queue=10 dmax=2.446 | shoulder_pan.pos=-16.31 shoulder_lift.pos=-63.62 elbow_flex.pos=+54.88 wrist_flex.pos=+75.07 wrist_roll.pos=-5.73 gripper.pos=+14.67
DEBUG 2026-09-03 09:38:35 [action #143] t=6.05s step=142 queue=9 dmax=1.199 | shoulder_pan.pos=-16.11 shoulder_lift.pos=-62.73 elbow_flex.pos=+54.32 wrist_flex.pos=+75.22 wrist_roll.pos=-5.72 gripper.pos=+15.87
DEBUG 2026-09-03 09:38:35 [action #144] t=6.09s step=143 queue=8 dmax=1.689 | shoulder_pan.pos=-16.01 shoulder_lift.pos=-61.48 elbow_flex.pos=+52.63 wrist_flex.pos=+75.69 wrist_roll.pos=-5.73 gripper.pos=+16.85
DEBUG 2026-09-03 09:38:35 [action #145] t=6.12s step=144 queue=7 dmax=1.759 | shoulder_pan.pos=-16.26 shoulder_lift.pos=-59.72 elbow_flex.pos=+52.61 wrist_flex.pos=+75.88 wrist_roll.pos=-5.65 gripper.pos=+18.05
DEBUG 2026-09-03 09:38:35 [action #146] t=6.15s step=145 queue=6 dmax=1.485 | shoulder_pan.pos=-16.21 shoulder_lift.pos=-58.24 elbow_flex.pos=+51.35 wrist_flex.pos=+76.25 wrist_roll.pos=-5.72 gripper.pos=+19.09
DEBUG 2026-09-03 09:38:36 [action #147] t=6.19s step=146 queue=5 dmax=1.431 | shoulder_pan.pos=-16.12 shoulder_lift.pos=-56.81 elbow_flex.pos=+50.88 wrist_flex.pos=+76.12 wrist_roll.pos=-5.67 gripper.pos=+19.98
DEBUG 2026-09-03 09:38:36 [action #148] t=6.22s step=147 queue=4 dmax=2.050 | shoulder_pan.pos=-16.13 shoulder_lift.pos=-54.76 elbow_flex.pos=+49.89 wrist_flex.pos=+76.31 wrist_roll.pos=-5.60 gripper.pos=+21.01
DEBUG 2026-09-03 09:38:36 [action #149] t=6.25s step=148 queue=3 dmax=0.799 | shoulder_pan.pos=-16.16 shoulder_lift.pos=-54.05 elbow_flex.pos=+49.10 wrist_flex.pos=+76.40 wrist_roll.pos=-5.40 gripper.pos=+21.80
DEBUG 2026-09-03 09:38:36 [action #150] t=6.29s step=149 queue=2 dmax=1.674 | shoulder_pan.pos=-15.96 shoulder_lift.pos=-52.38 elbow_flex.pos=+48.48 wrist_flex.pos=+76.58 wrist_roll.pos=-5.33 gripper.pos=+22.63
DEBUG 2026-09-03 09:38:36 [action #151] t=6.32s step=150 queue=1 dmax=0.827 | shoulder_pan.pos=-16.01 shoulder_lift.pos=-51.91 elbow_flex.pos=+47.87 wrist_flex.pos=+76.74 wrist_roll.pos=-5.28 gripper.pos=+23.46
DEBUG 2026-09-03 09:38:36 [chunk] received 50 actions, timesteps 127..176 | first: shoulder_pan.pos=-22.72 shoulder_lift.pos=-94.14 elbow_flex.pos=+72.27 wrist_flex.pos=+70.30 wrist_roll.pos=-2.52 gripper.pos=+1.27 | last: shoulder_pan.pos=-19.93 shoulder_lift.pos=-43.13 elbow_flex.pos=+34.74 wrist_flex.pos=+70.82 wrist_roll.pos=-5.32 gripper.pos=+1.10
DEBUG 2026-09-03 09:38:36 [action #152] t=6.39s step=151 queue=26 dmax=35.155 | shoulder_pan.pos=-21.33 shoulder_lift.pos=-87.06 elbow_flex.pos=+65.88 wrist_flex.pos=+73.48 wrist_roll.pos=-3.44 gripper.pos=+1.15
DEBUG 2026-09-03 09:38:36 [action #153] t=6.42s step=152 queue=25 dmax=2.307 | shoulder_pan.pos=-20.74 shoulder_lift.pos=-84.75 elbow_flex.pos=+65.46 wrist_flex.pos=+73.69 wrist_roll.pos=-3.56 gripper.pos=+0.96
DEBUG 2026-09-03 09:38:36 [action #154] t=6.45s step=153 queue=24 dmax=0.536 | shoulder_pan.pos=-21.12 shoulder_lift.pos=-84.22 elbow_flex.pos=+65.05 wrist_flex.pos=+73.55 wrist_roll.pos=-3.53 gripper.pos=+0.90
DEBUG 2026-09-03 09:38:36 [action #155] t=6.49s step=154 queue=23 dmax=2.218 | shoulder_pan.pos=-21.22 shoulder_lift.pos=-82.00 elbow_flex.pos=+64.20 wrist_flex.pos=+73.35 wrist_roll.pos=-3.71 gripper.pos=+0.86
DEBUG 2026-09-03 09:38:36 [action #156] t=6.52s step=155 queue=22 dmax=1.583 | shoulder_pan.pos=-21.45 shoulder_lift.pos=-80.42 elbow_flex.pos=+63.53 wrist_flex.pos=+72.94 wrist_roll.pos=-3.86 gripper.pos=+0.95
DEBUG 2026-09-03 09:38:36 [action #157] t=6.55s step=156 queue=21 dmax=1.673 | shoulder_pan.pos=-21.41 shoulder_lift.pos=-78.74 elbow_flex.pos=+62.58 wrist_flex.pos=+72.29 wrist_roll.pos=-3.96 gripper.pos=+1.04
DEBUG 2026-09-03 09:38:36 [action #158] t=6.59s step=157 queue=20 dmax=2.507 | shoulder_pan.pos=-21.64 shoulder_lift.pos=-76.24 elbow_flex.pos=+61.36 wrist_flex.pos=+72.06 wrist_roll.pos=-4.15 gripper.pos=+0.87
DEBUG 2026-09-03 09:38:36 [action #159] t=6.62s step=158 queue=19 dmax=2.678 | shoulder_pan.pos=-21.62 shoulder_lift.pos=-73.56 elbow_flex.pos=+60.12 wrist_flex.pos=+71.96 wrist_roll.pos=-4.39 gripper.pos=+0.96
DEBUG 2026-09-03 09:38:36 [action #160] t=6.65s step=159 queue=18 dmax=1.654 | shoulder_pan.pos=-21.98 shoulder_lift.pos=-72.54 elbow_flex.pos=+58.46 wrist_flex.pos=+71.54 wrist_roll.pos=-4.48 gripper.pos=+0.83
DEBUG 2026-09-03 09:38:36 [action #161] t=6.69s step=160 queue=17 dmax=2.074 | shoulder_pan.pos=-21.73 shoulder_lift.pos=-70.97 elbow_flex.pos=+56.39 wrist_flex.pos=+71.28 wrist_roll.pos=-4.64 gripper.pos=+0.97
DEBUG 2026-09-03 09:38:36 [action #162] t=6.72s step=161 queue=16 dmax=2.861 | shoulder_pan.pos=-21.63 shoulder_lift.pos=-68.11 elbow_flex.pos=+54.58 wrist_flex.pos=+70.80 wrist_roll.pos=-4.82 gripper.pos=+0.93
DEBUG 2026-09-03 09:38:36 [action #163] t=6.75s step=162 queue=15 dmax=1.943 | shoulder_pan.pos=-21.64 shoulder_lift.pos=-66.38 elbow_flex.pos=+52.63 wrist_flex.pos=+70.83 wrist_roll.pos=-5.12 gripper.pos=+0.79
DEBUG 2026-09-03 09:38:36 [action #164] t=6.79s step=163 queue=14 dmax=2.135 | shoulder_pan.pos=-21.49 shoulder_lift.pos=-64.25 elbow_flex.pos=+51.64 wrist_flex.pos=+70.61 wrist_roll.pos=-5.26 gripper.pos=+1.03
DEBUG 2026-09-03 09:38:36 [action #165] t=6.82s step=164 queue=13 dmax=1.747 | shoulder_pan.pos=-21.39 shoulder_lift.pos=-62.50 elbow_flex.pos=+50.45 wrist_flex.pos=+70.45 wrist_roll.pos=-5.50 gripper.pos=+1.14
DEBUG 2026-09-03 09:38:36 [action #166] t=6.85s step=165 queue=12 dmax=2.032 | shoulder_pan.pos=-21.40 shoulder_lift.pos=-60.47 elbow_flex.pos=+48.48 wrist_flex.pos=+70.38 wrist_roll.pos=-5.52 gripper.pos=+0.96
DEBUG 2026-09-03 09:38:36 [action #167] t=6.89s step=166 queue=11 dmax=1.999 | shoulder_pan.pos=-21.04 shoulder_lift.pos=-58.47 elbow_flex.pos=+47.89 wrist_flex.pos=+70.52 wrist_roll.pos=-5.44 gripper.pos=+0.88
DEBUG 2026-09-03 09:38:36 [action #168] t=6.92s step=167 queue=10 dmax=1.696 | shoulder_pan.pos=-20.84 shoulder_lift.pos=-56.99 elbow_flex.pos=+46.20 wrist_flex.pos=+70.70 wrist_roll.pos=-5.49 gripper.pos=+1.17
DEBUG 2026-09-03 09:38:36 [action #169] t=6.95s step=168 queue=9 dmax=1.879 | shoulder_pan.pos=-21.06 shoulder_lift.pos=-55.65 elbow_flex.pos=+44.32 wrist_flex.pos=+70.87 wrist_roll.pos=-5.52 gripper.pos=+1.05
DEBUG 2026-09-03 09:38:36 [action #170] t=6.99s step=169 queue=8 dmax=1.697 | shoulder_pan.pos=-20.30 shoulder_lift.pos=-53.96 elbow_flex.pos=+43.17 wrist_flex.pos=+70.94 wrist_roll.pos=-5.60 gripper.pos=+1.15
DEBUG 2026-09-03 09:38:36 [action #171] t=7.02s step=170 queue=7 dmax=1.710 | shoulder_pan.pos=-20.28 shoulder_lift.pos=-52.25 elbow_flex.pos=+41.76 wrist_flex.pos=+70.89 wrist_roll.pos=-5.51 gripper.pos=+1.00
DEBUG 2026-09-03 09:38:36 [action #172] t=7.06s step=171 queue=6 dmax=2.088 | shoulder_pan.pos=-20.21 shoulder_lift.pos=-50.16 elbow_flex.pos=+40.68 wrist_flex.pos=+70.99 wrist_roll.pos=-5.42 gripper.pos=+1.03
DEBUG 2026-09-03 09:38:36 [action #173] t=7.09s step=172 queue=5 dmax=1.904 | shoulder_pan.pos=-20.07 shoulder_lift.pos=-48.82 elbow_flex.pos=+38.78 wrist_flex.pos=+71.09 wrist_roll.pos=-5.38 gripper.pos=+1.10
DEBUG 2026-09-03 09:38:36 [action #174] t=7.12s step=173 queue=4 dmax=1.746 | shoulder_pan.pos=-20.32 shoulder_lift.pos=-47.07 elbow_flex.pos=+38.00 wrist_flex.pos=+71.20 wrist_roll.pos=-5.28 gripper.pos=+1.18
DEBUG 2026-09-03 09:38:36 [action #175] t=7.16s step=174 queue=3 dmax=1.897 | shoulder_pan.pos=-20.34 shoulder_lift.pos=-45.17 elbow_flex.pos=+36.32 wrist_flex.pos=+71.12 wrist_roll.pos=-5.24 gripper.pos=+1.11
DEBUG 2026-09-03 09:38:37 [action #176] t=7.19s step=175 queue=2 dmax=0.825 | shoulder_pan.pos=-20.28 shoulder_lift.pos=-44.35 elbow_flex.pos=+35.64 wrist_flex.pos=+71.16 wrist_roll.pos=-5.41 gripper.pos=+1.14
DEBUG 2026-09-03 09:38:37 [action #177] t=7.22s step=176 queue=1 dmax=1.218 | shoulder_pan.pos=-19.93 shoulder_lift.pos=-43.13 elbow_flex.pos=+34.74 wrist_flex.pos=+70.82 wrist_roll.pos=-5.32 gripper.pos=+1.10
DEBUG 2026-09-03 09:38:37 [chunk] received 50 actions, timesteps 150..199 | first: shoulder_pan.pos=-17.57 shoulder_lift.pos=-51.41 elbow_flex.pos=+48.45 wrist_flex.pos=+75.65 wrist_roll.pos=-6.16 gripper.pos=+19.90 | last: shoulder_pan.pos=-16.02 shoulder_lift.pos=-35.24 elbow_flex.pos=+49.26 wrist_flex.pos=+65.35 wrist_roll.pos=-5.31 gripper.pos=+37.13
DEBUG 2026-09-03 09:38:37 [action #178] t=7.29s step=177 queue=23 dmax=29.973 | shoulder_pan.pos=-14.03 shoulder_lift.pos=-50.08 elbow_flex.pos=+49.69 wrist_flex.pos=+75.16 wrist_roll.pos=-6.08 gripper.pos=+31.08
DEBUG 2026-09-03 09:38:37 [action #179] t=7.32s step=178 queue=22 dmax=0.746 | shoulder_pan.pos=-14.15 shoulder_lift.pos=-50.44 elbow_flex.pos=+50.43 wrist_flex.pos=+74.98 wrist_roll.pos=-5.94 gripper.pos=+31.76
DEBUG 2026-09-03 09:38:37 [action #180] t=7.36s step=179 queue=21 dmax=0.857 | shoulder_pan.pos=-14.10 shoulder_lift.pos=-49.87 elbow_flex.pos=+50.73 wrist_flex.pos=+74.55 wrist_roll.pos=-5.82 gripper.pos=+32.62
DEBUG 2026-09-03 09:38:37 [action #181] t=7.39s step=180 queue=20 dmax=0.961 | shoulder_pan.pos=-14.25 shoulder_lift.pos=-49.53 elbow_flex.pos=+50.54 wrist_flex.pos=+74.21 wrist_roll.pos=-5.77 gripper.pos=+33.58
DEBUG 2026-09-03 09:38:37 [action #182] t=7.42s step=181 queue=19 dmax=0.785 | shoulder_pan.pos=-14.21 shoulder_lift.pos=-49.69 elbow_flex.pos=+51.31 wrist_flex.pos=+74.05 wrist_roll.pos=-5.78 gripper.pos=+34.36
DEBUG 2026-09-03 09:38:37 [action #183] t=7.46s step=182 queue=18 dmax=0.969 | shoulder_pan.pos=-14.27 shoulder_lift.pos=-49.54 elbow_flex.pos=+51.27 wrist_flex.pos=+73.93 wrist_roll.pos=-5.73 gripper.pos=+35.33
DEBUG 2026-09-03 09:38:37 [action #184] t=7.49s step=183 queue=17 dmax=0.853 | shoulder_pan.pos=-14.24 shoulder_lift.pos=-48.76 elbow_flex.pos=+51.21 wrist_flex.pos=+73.96 wrist_roll.pos=-5.82 gripper.pos=+36.18
DEBUG 2026-09-03 09:38:37 [action #185] t=7.52s step=184 queue=16 dmax=0.587 | shoulder_pan.pos=-14.28 shoulder_lift.pos=-48.22 elbow_flex.pos=+50.81 wrist_flex.pos=+73.52 wrist_roll.pos=-5.67 gripper.pos=+36.77
DEBUG 2026-09-03 09:38:37 [action #186] t=7.56s step=185 queue=15 dmax=0.740 | shoulder_pan.pos=-14.69 shoulder_lift.pos=-47.48 elbow_flex.pos=+50.25 wrist_flex.pos=+73.23 wrist_roll.pos=-5.67 gripper.pos=+36.94
DEBUG 2026-09-03 09:38:37 [action #187] t=7.59s step=186 queue=14 dmax=0.728 | shoulder_pan.pos=-14.55 shoulder_lift.pos=-46.75 elbow_flex.pos=+50.93 wrist_flex.pos=+73.15 wrist_roll.pos=-5.67 gripper.pos=+37.34
DEBUG 2026-09-03 09:38:37 [action #188] t=7.62s step=187 queue=13 dmax=0.786 | shoulder_pan.pos=-14.66 shoulder_lift.pos=-45.97 elbow_flex.pos=+50.68 wrist_flex.pos=+72.80 wrist_roll.pos=-5.65 gripper.pos=+37.69
DEBUG 2026-09-03 09:38:37 [action #189] t=7.66s step=188 queue=12 dmax=0.913 | shoulder_pan.pos=-14.74 shoulder_lift.pos=-45.29 elbow_flex.pos=+49.77 wrist_flex.pos=+72.57 wrist_roll.pos=-5.62 gripper.pos=+37.98
DEBUG 2026-09-03 09:38:37 [action #190] t=7.69s step=189 queue=11 dmax=0.721 | shoulder_pan.pos=-14.75 shoulder_lift.pos=-45.14 elbow_flex.pos=+50.49 wrist_flex.pos=+72.10 wrist_roll.pos=-5.60 gripper.pos=+38.09
DEBUG 2026-09-03 09:38:37 [action #191] t=7.72s step=190 queue=10 dmax=0.710 | shoulder_pan.pos=-14.93 shoulder_lift.pos=-44.43 elbow_flex.pos=+50.56 wrist_flex.pos=+71.78 wrist_roll.pos=-5.56 gripper.pos=+37.94
DEBUG 2026-09-03 09:38:37 [action #192] t=7.76s step=191 queue=9 dmax=0.920 | shoulder_pan.pos=-15.08 shoulder_lift.pos=-43.51 elbow_flex.pos=+49.92 wrist_flex.pos=+71.21 wrist_roll.pos=-5.47 gripper.pos=+37.67
DEBUG 2026-09-03 09:38:37 [action #193] t=7.79s step=192 queue=8 dmax=0.755 | shoulder_pan.pos=-14.90 shoulder_lift.pos=-42.82 elbow_flex.pos=+50.10 wrist_flex.pos=+70.45 wrist_roll.pos=-5.41 gripper.pos=+37.44
DEBUG 2026-09-03 09:38:37 [action #194] t=7.82s step=193 queue=7 dmax=1.080 | shoulder_pan.pos=-15.08 shoulder_lift.pos=-41.74 elbow_flex.pos=+50.55 wrist_flex.pos=+69.76 wrist_roll.pos=-5.50 gripper.pos=+37.40
DEBUG 2026-09-03 09:38:37 [action #195] t=7.86s step=194 queue=6 dmax=0.598 | shoulder_pan.pos=-15.36 shoulder_lift.pos=-41.84 elbow_flex.pos=+50.40 wrist_flex.pos=+69.16 wrist_roll.pos=-5.38 gripper.pos=+37.30
DEBUG 2026-09-03 09:38:37 [action #196] t=7.89s step=195 queue=5 dmax=0.770 | shoulder_pan.pos=-15.68 shoulder_lift.pos=-41.07 elbow_flex.pos=+50.81 wrist_flex.pos=+68.46 wrist_roll.pos=-5.37 gripper.pos=+37.30
DEBUG 2026-09-03 09:38:37 [action #197] t=7.92s step=196 queue=4 dmax=1.191 | shoulder_pan.pos=-15.86 shoulder_lift.pos=-39.88 elbow_flex.pos=+50.55 wrist_flex.pos=+67.65 wrist_roll.pos=-5.40 gripper.pos=+37.28
DEBUG 2026-09-03 09:38:37 [action #198] t=7.96s step=197 queue=3 dmax=1.636 | shoulder_pan.pos=-16.07 shoulder_lift.pos=-38.24 elbow_flex.pos=+50.16 wrist_flex.pos=+66.89 wrist_roll.pos=-5.38 gripper.pos=+37.13
DEBUG 2026-09-03 09:38:37 [action #199] t=7.99s step=198 queue=2 dmax=2.099 | shoulder_pan.pos=-16.06 shoulder_lift.pos=-36.14 elbow_flex.pos=+49.39 wrist_flex.pos=+66.14 wrist_roll.pos=-5.44 gripper.pos=+37.08
DEBUG 2026-09-03 09:38:37 [action #200] t=8.02s step=199 queue=1 dmax=0.899 | shoulder_pan.pos=-16.02 shoulder_lift.pos=-35.24 elbow_flex.pos=+49.26 wrist_flex.pos=+65.35 wrist_roll.pos=-5.31 gripper.pos=+37.13
DEBUG 2026-09-03 09:38:38 [chunk] received 50 actions, timesteps 176..225 | first: shoulder_pan.pos=-20.72 shoulder_lift.pos=-45.38 elbow_flex.pos=+37.48 wrist_flex.pos=+70.72 wrist_roll.pos=-5.89 gripper.pos=+1.43 | last: shoulder_pan.pos=-18.19 shoulder_lift.pos=-17.29 elbow_flex.pos=+27.35 wrist_flex.pos=+71.33 wrist_roll.pos=-2.19 gripper.pos=+32.43
DEBUG 2026-09-03 09:38:38 [action #201] t=8.19s step=200 queue=26 dmax=31.604 | shoulder_pan.pos=-20.35 shoulder_lift.pos=-45.13 elbow_flex.pos=+38.78 wrist_flex.pos=+72.58 wrist_roll.pos=-5.87 gripper.pos=+5.53
DEBUG 2026-09-03 09:38:38 [action #202] t=8.23s step=201 queue=25 dmax=2.886 | shoulder_pan.pos=-20.40 shoulder_lift.pos=-44.32 elbow_flex.pos=+37.94 wrist_flex.pos=+72.66 wrist_roll.pos=-5.82 gripper.pos=+8.41
DEBUG 2026-09-03 09:38:38 [action #203] t=8.26s step=202 queue=24 dmax=2.193 | shoulder_pan.pos=-19.88 shoulder_lift.pos=-42.23 elbow_flex.pos=+38.18 wrist_flex.pos=+72.32 wrist_roll.pos=-5.59 gripper.pos=+10.61
DEBUG 2026-09-03 09:38:38 [action #204] t=8.29s step=203 queue=23 dmax=1.675 | shoulder_pan.pos=-20.04 shoulder_lift.pos=-41.57 elbow_flex.pos=+36.65 wrist_flex.pos=+72.18 wrist_roll.pos=-5.65 gripper.pos=+12.28
DEBUG 2026-09-03 09:38:38 [action #205] t=8.33s step=204 queue=22 dmax=2.819 | shoulder_pan.pos=-19.64 shoulder_lift.pos=-38.75 elbow_flex.pos=+35.60 wrist_flex.pos=+72.37 wrist_roll.pos=-5.70 gripper.pos=+13.23
DEBUG 2026-09-03 09:38:38 [action #206] t=8.36s step=205 queue=21 dmax=2.234 | shoulder_pan.pos=-19.61 shoulder_lift.pos=-36.52 elbow_flex.pos=+33.83 wrist_flex.pos=+72.42 wrist_roll.pos=-5.80 gripper.pos=+13.37
DEBUG 2026-09-03 09:38:38 [action #207] t=8.39s step=206 queue=20 dmax=1.845 | shoulder_pan.pos=-19.45 shoulder_lift.pos=-34.67 elbow_flex.pos=+32.72 wrist_flex.pos=+72.28 wrist_roll.pos=-5.63 gripper.pos=+14.00
DEBUG 2026-09-03 09:38:38 [action #208] t=8.43s step=207 queue=19 dmax=2.955 | shoulder_pan.pos=-19.04 shoulder_lift.pos=-31.71 elbow_flex.pos=+31.58 wrist_flex.pos=+72.50 wrist_roll.pos=-5.70 gripper.pos=+14.19
DEBUG 2026-09-03 09:38:38 [action #209] t=8.46s step=208 queue=18 dmax=2.356 | shoulder_pan.pos=-18.59 shoulder_lift.pos=-29.36 elbow_flex.pos=+30.04 wrist_flex.pos=+72.35 wrist_roll.pos=-5.59 gripper.pos=+14.88
DEBUG 2026-09-03 09:38:38 [action #210] t=8.49s step=209 queue=17 dmax=1.233 | shoulder_pan.pos=-18.70 shoulder_lift.pos=-28.13 elbow_flex.pos=+29.18 wrist_flex.pos=+72.47 wrist_roll.pos=-5.54 gripper.pos=+15.88
DEBUG 2026-09-03 09:38:38 [action #211] t=8.53s step=210 queue=16 dmax=2.115 | shoulder_pan.pos=-18.59 shoulder_lift.pos=-26.01 elbow_flex.pos=+29.08 wrist_flex.pos=+72.98 wrist_roll.pos=-5.61 gripper.pos=+16.94
DEBUG 2026-09-03 09:38:38 [action #212] t=8.56s step=211 queue=15 dmax=1.859 | shoulder_pan.pos=-18.41 shoulder_lift.pos=-24.90 elbow_flex.pos=+28.11 wrist_flex.pos=+72.87 wrist_roll.pos=-5.37 gripper.pos=+18.80
DEBUG 2026-09-03 09:38:38 [action #213] t=8.59s step=212 queue=14 dmax=2.313 | shoulder_pan.pos=-17.92 shoulder_lift.pos=-24.86 elbow_flex.pos=+27.61 wrist_flex.pos=+73.22 wrist_roll.pos=-5.25 gripper.pos=+21.12
DEBUG 2026-09-03 09:38:38 [action #214] t=8.63s step=213 queue=13 dmax=2.299 | shoulder_pan.pos=-18.03 shoulder_lift.pos=-24.52 elbow_flex.pos=+27.57 wrist_flex.pos=+73.56 wrist_roll.pos=-5.03 gripper.pos=+23.41
DEBUG 2026-09-03 09:38:38 [action #215] t=8.66s step=214 queue=12 dmax=2.218 | shoulder_pan.pos=-17.87 shoulder_lift.pos=-23.82 elbow_flex.pos=+27.40 wrist_flex.pos=+73.64 wrist_roll.pos=-4.76 gripper.pos=+25.63
DEBUG 2026-09-03 09:38:38 [action #216] t=8.69s step=215 queue=11 dmax=1.594 | shoulder_pan.pos=-17.87 shoulder_lift.pos=-22.47 elbow_flex.pos=+27.16 wrist_flex.pos=+73.83 wrist_roll.pos=-4.36 gripper.pos=+27.23
DEBUG 2026-09-03 09:38:38 [action #217] t=8.73s step=216 queue=10 dmax=1.352 | shoulder_pan.pos=-17.82 shoulder_lift.pos=-21.63 elbow_flex.pos=+26.55 wrist_flex.pos=+74.23 wrist_roll.pos=-4.14 gripper.pos=+28.58
DEBUG 2026-09-03 09:38:38 [action #218] t=8.76s step=217 queue=9 dmax=1.206 | shoulder_pan.pos=-17.69 shoulder_lift.pos=-20.70 elbow_flex.pos=+25.77 wrist_flex.pos=+74.33 wrist_roll.pos=-3.68 gripper.pos=+29.78
DEBUG 2026-09-03 09:38:38 [action #219] t=8.79s step=218 queue=8 dmax=1.064 | shoulder_pan.pos=-17.30 shoulder_lift.pos=-20.07 elbow_flex.pos=+25.24 wrist_flex.pos=+74.29 wrist_roll.pos=-3.32 gripper.pos=+30.85
DEBUG 2026-09-03 09:38:38 [action #220] t=8.83s step=219 queue=7 dmax=0.619 | shoulder_pan.pos=-17.54 shoulder_lift.pos=-19.73 elbow_flex.pos=+25.63 wrist_flex.pos=+74.09 wrist_roll.pos=-3.11 gripper.pos=+31.47
DEBUG 2026-09-03 09:38:38 [action #221] t=8.86s step=220 queue=6 dmax=0.694 | shoulder_pan.pos=-17.83 shoulder_lift.pos=-19.04 elbow_flex.pos=+25.59 wrist_flex.pos=+73.99 wrist_roll.pos=-2.93 gripper.pos=+31.85
DEBUG 2026-09-03 09:38:38 [action #222] t=8.89s step=221 queue=5 dmax=0.644 | shoulder_pan.pos=-17.55 shoulder_lift.pos=-19.24 elbow_flex.pos=+26.24 wrist_flex.pos=+73.61 wrist_roll.pos=-2.72 gripper.pos=+32.01
DEBUG 2026-09-03 09:38:38 [action #223] t=8.93s step=222 queue=4 dmax=0.773 | shoulder_pan.pos=-17.77 shoulder_lift.pos=-18.46 elbow_flex.pos=+26.62 wrist_flex.pos=+73.14 wrist_roll.pos=-2.46 gripper.pos=+31.88
DEBUG 2026-09-03 09:38:38 [action #224] t=8.96s step=223 queue=3 dmax=0.655 | shoulder_pan.pos=-17.80 shoulder_lift.pos=-18.54 elbow_flex.pos=+26.55 wrist_flex.pos=+72.48 wrist_roll.pos=-2.30 gripper.pos=+31.96
DEBUG 2026-09-03 09:38:38 [action #225] t=8.99s step=224 queue=2 dmax=0.502 | shoulder_pan.pos=-17.92 shoulder_lift.pos=-18.24 elbow_flex.pos=+26.69 wrist_flex.pos=+71.98 wrist_roll.pos=-2.26 gripper.pos=+32.17
DEBUG 2026-09-03 09:38:38 [action #226] t=9.03s step=225 queue=1 dmax=0.949 | shoulder_pan.pos=-18.19 shoulder_lift.pos=-17.29 elbow_flex.pos=+27.35 wrist_flex.pos=+71.33 wrist_roll.pos=-2.19 gripper.pos=+32.43
DEBUG 2026-09-03 09:38:38 [chunk] received 50 actions, timesteps 199..248 | first: shoulder_pan.pos=-15.32 shoulder_lift.pos=-32.56 elbow_flex.pos=+48.44 wrist_flex.pos=+65.24 wrist_roll.pos=-5.75 gripper.pos=+40.67 | last: shoulder_pan.pos=-6.88 shoulder_lift.pos=-18.50 elbow_flex.pos=+34.19 wrist_flex.pos=+75.42 wrist_roll.pos=-5.86 gripper.pos=+10.33
DEBUG 2026-09-03 09:38:38 [action #227] t=9.09s step=226 queue=23 dmax=14.128 | shoulder_pan.pos=-15.06 shoulder_lift.pos=-10.81 elbow_flex.pos=+41.48 wrist_flex.pos=+64.18 wrist_roll.pos=-5.37 gripper.pos=+21.33
DEBUG 2026-09-03 09:38:38 [action #228] t=9.13s step=227 queue=22 dmax=1.546 | shoulder_pan.pos=-14.91 shoulder_lift.pos=-10.26 elbow_flex.pos=+42.26 wrist_flex.pos=+64.14 wrist_roll.pos=-5.36 gripper.pos=+19.79
DEBUG 2026-09-03 09:38:39 [action #229] t=9.16s step=228 queue=21 dmax=1.265 | shoulder_pan.pos=-14.42 shoulder_lift.pos=-10.43 elbow_flex.pos=+41.66 wrist_flex.pos=+64.19 wrist_roll.pos=-5.43 gripper.pos=+18.52
DEBUG 2026-09-03 09:38:39 [action #230] t=9.20s step=229 queue=20 dmax=1.121 | shoulder_pan.pos=-14.59 shoulder_lift.pos=-10.54 elbow_flex.pos=+41.17 wrist_flex.pos=+64.27 wrist_roll.pos=-5.38 gripper.pos=+17.40
DEBUG 2026-09-03 09:38:39 [action #231] t=9.23s step=230 queue=19 dmax=0.993 | shoulder_pan.pos=-14.35 shoulder_lift.pos=-10.59 elbow_flex.pos=+41.81 wrist_flex.pos=+64.45 wrist_roll.pos=-5.57 gripper.pos=+16.41
DEBUG 2026-09-03 09:38:39 [action #232] t=9.26s step=231 queue=18 dmax=0.845 | shoulder_pan.pos=-14.35 shoulder_lift.pos=-10.79 elbow_flex.pos=+42.45 wrist_flex.pos=+64.56 wrist_roll.pos=-5.51 gripper.pos=+15.56
DEBUG 2026-09-03 09:38:39 [action #233] t=9.30s step=232 queue=17 dmax=1.014 | shoulder_pan.pos=-13.74 shoulder_lift.pos=-10.96 elbow_flex.pos=+41.44 wrist_flex.pos=+64.76 wrist_roll.pos=-5.56 gripper.pos=+14.88
DEBUG 2026-09-03 09:38:39 [action #234] t=9.33s step=233 queue=16 dmax=0.460 | shoulder_pan.pos=-14.14 shoulder_lift.pos=-11.21 elbow_flex.pos=+41.31 wrist_flex.pos=+65.13 wrist_roll.pos=-5.55 gripper.pos=+14.42
DEBUG 2026-09-03 09:38:39 [action #235] t=9.36s step=234 queue=15 dmax=0.783 | shoulder_pan.pos=-13.36 shoulder_lift.pos=-10.85 elbow_flex.pos=+41.17 wrist_flex.pos=+65.49 wrist_roll.pos=-5.73 gripper.pos=+14.07
DEBUG 2026-09-03 09:38:39 [action #236] t=9.40s step=235 queue=14 dmax=0.631 | shoulder_pan.pos=-13.49 shoulder_lift.pos=-11.31 elbow_flex.pos=+40.86 wrist_flex.pos=+66.12 wrist_roll.pos=-5.60 gripper.pos=+13.73
DEBUG 2026-09-03 09:38:39 [action #237] t=9.43s step=236 queue=13 dmax=0.979 | shoulder_pan.pos=-13.31 shoulder_lift.pos=-11.62 elbow_flex.pos=+40.44 wrist_flex.pos=+66.60 wrist_roll.pos=-5.77 gripper.pos=+12.75
DEBUG 2026-09-03 09:38:39 [action #238] t=9.46s step=237 queue=12 dmax=0.734 | shoulder_pan.pos=-12.88 shoulder_lift.pos=-11.17 elbow_flex.pos=+39.84 wrist_flex.pos=+67.07 wrist_roll.pos=-5.90 gripper.pos=+12.02
DEBUG 2026-09-03 09:38:39 [action #239] t=9.50s step=238 queue=11 dmax=0.883 | shoulder_pan.pos=-12.80 shoulder_lift.pos=-11.72 elbow_flex.pos=+38.95 wrist_flex.pos=+67.72 wrist_roll.pos=-5.91 gripper.pos=+11.65
DEBUG 2026-09-03 09:38:39 [action #240] t=9.53s step=239 queue=10 dmax=0.765 | shoulder_pan.pos=-12.37 shoulder_lift.pos=-11.98 elbow_flex.pos=+38.87 wrist_flex.pos=+68.48 wrist_roll.pos=-5.92 gripper.pos=+11.15
DEBUG 2026-09-03 09:38:39 [action #241] t=9.56s step=240 queue=9 dmax=0.781 | shoulder_pan.pos=-11.99 shoulder_lift.pos=-12.23 elbow_flex.pos=+38.27 wrist_flex.pos=+69.26 wrist_roll.pos=-6.01 gripper.pos=+10.94
DEBUG 2026-09-03 09:38:39 [action #242] t=9.60s step=241 queue=8 dmax=1.100 | shoulder_pan.pos=-11.58 shoulder_lift.pos=-12.75 elbow_flex.pos=+37.17 wrist_flex.pos=+69.97 wrist_roll.pos=-6.02 gripper.pos=+10.67
DEBUG 2026-09-03 09:38:39 [action #243] t=9.63s step=242 queue=7 dmax=1.060 | shoulder_pan.pos=-11.18 shoulder_lift.pos=-13.81 elbow_flex.pos=+36.78 wrist_flex.pos=+70.80 wrist_roll.pos=-6.00 gripper.pos=+10.57
DEBUG 2026-09-03 09:38:39 [action #244] t=9.66s step=243 queue=6 dmax=0.805 | shoulder_pan.pos=-10.41 shoulder_lift.pos=-13.67 elbow_flex.pos=+36.39 wrist_flex.pos=+71.60 wrist_roll.pos=-6.09 gripper.pos=+10.63
DEBUG 2026-09-03 09:38:39 [action #245] t=9.70s step=244 queue=5 dmax=1.637 | shoulder_pan.pos=-9.94 shoulder_lift.pos=-15.31 elbow_flex.pos=+35.99 wrist_flex.pos=+72.41 wrist_roll.pos=-6.13 gripper.pos=+10.56
DEBUG 2026-09-03 09:38:39 [action #246] t=9.73s step=245 queue=4 dmax=0.823 | shoulder_pan.pos=-9.25 shoulder_lift.pos=-15.65 elbow_flex.pos=+35.17 wrist_flex.pos=+73.23 wrist_roll.pos=-6.07 gripper.pos=+10.47
DEBUG 2026-09-03 09:38:39 [action #247] t=9.76s step=246 queue=3 dmax=1.184 | shoulder_pan.pos=-8.39 shoulder_lift.pos=-16.83 elbow_flex.pos=+35.06 wrist_flex.pos=+73.92 wrist_roll.pos=-6.06 gripper.pos=+10.47
DEBUG 2026-09-03 09:38:39 [action #248] t=9.80s step=247 queue=2 dmax=0.877 | shoulder_pan.pos=-7.69 shoulder_lift.pos=-17.48 elbow_flex.pos=+34.33 wrist_flex.pos=+74.80 wrist_roll.pos=-6.06 gripper.pos=+10.46
DEBUG 2026-09-03 09:38:39 [action #249] t=9.83s step=248 queue=1 dmax=1.020 | shoulder_pan.pos=-6.88 shoulder_lift.pos=-18.50 elbow_flex.pos=+34.19 wrist_flex.pos=+75.42 wrist_roll.pos=-5.86 gripper.pos=+10.33
DEBUG 2026-09-03 09:38:39 [chunk] received 50 actions, timesteps 225..274 | first: shoulder_pan.pos=-17.70 shoulder_lift.pos=-17.62 elbow_flex.pos=+28.08 wrist_flex.pos=+73.45 wrist_roll.pos=-2.63 gripper.pos=+31.88 | last: shoulder_pan.pos=-14.41 shoulder_lift.pos=-3.20 elbow_flex.pos=+22.88 wrist_flex.pos=+75.98 wrist_roll.pos=-1.59 gripper.pos=+6.78
DEBUG 2026-09-03 09:38:39 [action #250] t=10.03s step=249 queue=26 dmax=22.851 | shoulder_pan.pos=-15.75 shoulder_lift.pos=-2.15 elbow_flex.pos=+27.56 wrist_flex.pos=+71.55 wrist_roll.pos=-2.66 gripper.pos=+33.19
DEBUG 2026-09-03 09:38:39 [action #251] t=10.06s step=250 queue=25 dmax=1.285 | shoulder_pan.pos=-15.58 shoulder_lift.pos=-0.86 elbow_flex.pos=+27.27 wrist_flex.pos=+71.55 wrist_roll.pos=-2.84 gripper.pos=+33.21
DEBUG 2026-09-03 09:38:39 [action #252] t=10.10s step=251 queue=24 dmax=0.738 | shoulder_pan.pos=-15.69 shoulder_lift.pos=-0.62 elbow_flex.pos=+28.01 wrist_flex.pos=+71.56 wrist_roll.pos=-2.53 gripper.pos=+33.12
DEBUG 2026-09-03 09:38:39 [action #253] t=10.13s step=252 queue=23 dmax=0.952 | shoulder_pan.pos=-15.19 shoulder_lift.pos=+0.33 elbow_flex.pos=+27.67 wrist_flex.pos=+71.46 wrist_roll.pos=-2.68 gripper.pos=+32.82
DEBUG 2026-09-03 09:38:40 [action #254] t=10.17s step=253 queue=22 dmax=1.157 | shoulder_pan.pos=-15.36 shoulder_lift.pos=+1.08 elbow_flex.pos=+27.38 wrist_flex.pos=+71.48 wrist_roll.pos=-2.52 gripper.pos=+31.66
DEBUG 2026-09-03 09:38:40 [action #255] t=10.20s step=254 queue=21 dmax=2.190 | shoulder_pan.pos=-15.07 shoulder_lift.pos=+0.36 elbow_flex.pos=+27.86 wrist_flex.pos=+71.38 wrist_roll.pos=-2.49 gripper.pos=+29.47
DEBUG 2026-09-03 09:38:40 [action #256] t=10.23s step=255 queue=20 dmax=2.366 | shoulder_pan.pos=-15.09 shoulder_lift.pos=+0.63 elbow_flex.pos=+27.74 wrist_flex.pos=+71.54 wrist_roll.pos=-2.24 gripper.pos=+27.10
DEBUG 2026-09-03 09:38:40 [action #257] t=10.27s step=256 queue=19 dmax=2.408 | shoulder_pan.pos=-15.07 shoulder_lift.pos=+0.79 elbow_flex.pos=+27.26 wrist_flex.pos=+71.48 wrist_roll.pos=-1.96 gripper.pos=+24.70
DEBUG 2026-09-03 09:38:40 [action #258] t=10.30s step=257 queue=18 dmax=2.201 | shoulder_pan.pos=-15.01 shoulder_lift.pos=+1.12 elbow_flex.pos=+27.01 wrist_flex.pos=+71.41 wrist_roll.pos=-1.78 gripper.pos=+22.49
DEBUG 2026-09-03 09:38:40 [action #259] t=10.33s step=258 queue=17 dmax=2.177 | shoulder_pan.pos=-14.90 shoulder_lift.pos=-0.29 elbow_flex.pos=+27.31 wrist_flex.pos=+71.64 wrist_roll.pos=-1.62 gripper.pos=+20.32
DEBUG 2026-09-03 09:38:40 [action #260] t=10.37s step=259 queue=16 dmax=1.833 | shoulder_pan.pos=-14.76 shoulder_lift.pos=+0.15 elbow_flex.pos=+26.68 wrist_flex.pos=+71.28 wrist_roll.pos=-1.56 gripper.pos=+18.48
DEBUG 2026-09-03 09:38:40 [action #261] t=10.40s step=260 queue=15 dmax=1.606 | shoulder_pan.pos=-14.48 shoulder_lift.pos=-0.26 elbow_flex.pos=+26.63 wrist_flex.pos=+71.45 wrist_roll.pos=-1.46 gripper.pos=+16.88
DEBUG 2026-09-03 09:38:40 [action #262] t=10.43s step=261 queue=14 dmax=1.403 | shoulder_pan.pos=-14.35 shoulder_lift.pos=-0.33 elbow_flex.pos=+26.61 wrist_flex.pos=+71.45 wrist_roll.pos=-1.45 gripper.pos=+15.48
DEBUG 2026-09-03 09:38:40 [action #263] t=10.47s step=262 queue=13 dmax=1.171 | shoulder_pan.pos=-14.23 shoulder_lift.pos=-0.61 elbow_flex.pos=+26.63 wrist_flex.pos=+71.50 wrist_roll.pos=-1.52 gripper.pos=+14.30
DEBUG 2026-09-03 09:38:40 [action #264] t=10.50s step=263 queue=12 dmax=1.187 | shoulder_pan.pos=-14.29 shoulder_lift.pos=-0.40 elbow_flex.pos=+26.39 wrist_flex.pos=+71.64 wrist_roll.pos=-1.46 gripper.pos=+13.12
DEBUG 2026-09-03 09:38:40 [action #265] t=10.53s step=264 queue=11 dmax=1.140 | shoulder_pan.pos=-14.20 shoulder_lift.pos=-0.51 elbow_flex.pos=+26.74 wrist_flex.pos=+71.59 wrist_roll.pos=-1.46 gripper.pos=+11.98
DEBUG 2026-09-03 09:38:40 [action #266] t=10.57s step=265 queue=10 dmax=1.386 | shoulder_pan.pos=-14.02 shoulder_lift.pos=-1.37 elbow_flex.pos=+26.15 wrist_flex.pos=+71.80 wrist_roll.pos=-1.44 gripper.pos=+10.59
DEBUG 2026-09-03 09:38:40 [action #267] t=10.60s step=266 queue=9 dmax=0.715 | shoulder_pan.pos=-14.02 shoulder_lift.pos=-1.26 elbow_flex.pos=+26.39 wrist_flex.pos=+71.90 wrist_roll.pos=-1.29 gripper.pos=+9.88
DEBUG 2026-09-03 09:38:40 [action #268] t=10.63s step=267 queue=8 dmax=1.000 | shoulder_pan.pos=-14.08 shoulder_lift.pos=-1.67 elbow_flex.pos=+25.53 wrist_flex.pos=+71.91 wrist_roll.pos=-1.50 gripper.pos=+8.88
DEBUG 2026-09-03 09:38:40 [action #269] t=10.67s step=268 queue=7 dmax=0.590 | shoulder_pan.pos=-14.34 shoulder_lift.pos=-2.22 elbow_flex.pos=+26.01 wrist_flex.pos=+72.13 wrist_roll.pos=-1.48 gripper.pos=+8.29
DEBUG 2026-09-03 09:38:40 [action #270] t=10.70s step=269 queue=6 dmax=0.664 | shoulder_pan.pos=-14.33 shoulder_lift.pos=-1.82 elbow_flex.pos=+25.35 wrist_flex.pos=+72.52 wrist_roll.pos=-1.38 gripper.pos=+8.00
DEBUG 2026-09-03 09:38:40 [action #271] t=10.73s step=270 queue=5 dmax=0.531 | shoulder_pan.pos=-13.98 shoulder_lift.pos=-2.00 elbow_flex.pos=+25.30 wrist_flex.pos=+72.76 wrist_roll.pos=-1.47 gripper.pos=+7.47
DEBUG 2026-09-03 09:38:40 [action #272] t=10.77s step=271 queue=4 dmax=0.715 | shoulder_pan.pos=-14.07 shoulder_lift.pos=-2.22 elbow_flex.pos=+24.58 wrist_flex.pos=+73.31 wrist_roll.pos=-1.60 gripper.pos=+7.26
DEBUG 2026-09-03 09:38:40 [action #273] t=10.80s step=272 queue=3 dmax=0.887 | shoulder_pan.pos=-14.43 shoulder_lift.pos=-3.11 elbow_flex.pos=+23.85 wrist_flex.pos=+74.09 wrist_roll.pos=-1.58 gripper.pos=+7.12
DEBUG 2026-09-03 09:38:40 [action #274] t=10.83s step=273 queue=2 dmax=0.728 | shoulder_pan.pos=-14.45 shoulder_lift.pos=-3.02 elbow_flex.pos=+23.42 wrist_flex.pos=+74.82 wrist_roll.pos=-1.68 gripper.pos=+6.83
DEBUG 2026-09-03 09:38:40 [action #275] t=10.87s step=274 queue=1 dmax=1.156 | shoulder_pan.pos=-14.41 shoulder_lift.pos=-3.20 elbow_flex.pos=+22.88 wrist_flex.pos=+75.98 wrist_roll.pos=-1.59 gripper.pos=+6.78
DEBUG 2026-09-03 09:38:40 [chunk] received 50 actions, timesteps 248..297 | first: shoulder_pan.pos=-8.44 shoulder_lift.pos=-18.45 elbow_flex.pos=+34.35 wrist_flex.pos=+75.62 wrist_roll.pos=-5.53 gripper.pos=+7.60 | last: shoulder_pan.pos=+26.19 shoulder_lift.pos=-9.90 elbow_flex.pos=+0.35 wrist_flex.pos=+78.89 wrist_roll.pos=+6.88 gripper.pos=+6.40
DEBUG 2026-09-03 09:38:40 [action #276] t=10.93s step=275 queue=23 dmax=21.913 | shoulder_pan.pos=+2.60 shoulder_lift.pos=-25.11 elbow_flex.pos=+17.59 wrist_flex.pos=+87.65 wrist_roll.pos=-3.17 gripper.pos=+6.59
DEBUG 2026-09-03 09:38:40 [action #277] t=10.97s step=276 queue=22 dmax=1.288 | shoulder_pan.pos=+3.88 shoulder_lift.pos=-24.42 elbow_flex.pos=+16.76 wrist_flex.pos=+87.65 wrist_roll.pos=-2.63 gripper.pos=+6.66
DEBUG 2026-09-03 09:38:40 [action #278] t=11.00s step=277 queue=21 dmax=1.389 | shoulder_pan.pos=+5.27 shoulder_lift.pos=-25.36 elbow_flex.pos=+16.00 wrist_flex.pos=+87.26 wrist_roll.pos=-2.17 gripper.pos=+6.67
DEBUG 2026-09-03 09:38:40 [action #279] t=11.03s step=278 queue=20 dmax=0.987 | shoulder_pan.pos=+6.26 shoulder_lift.pos=-24.46 elbow_flex.pos=+15.24 wrist_flex.pos=+87.08 wrist_roll.pos=-1.63 gripper.pos=+6.58
DEBUG 2026-09-03 09:38:40 [action #280] t=11.07s step=279 queue=19 dmax=1.737 | shoulder_pan.pos=+8.00 shoulder_lift.pos=-24.41 elbow_flex.pos=+14.87 wrist_flex.pos=+86.66 wrist_roll.pos=-1.02 gripper.pos=+6.60
DEBUG 2026-09-03 09:38:40 [action #281] t=11.10s step=280 queue=18 dmax=0.814 | shoulder_pan.pos=+8.81 shoulder_lift.pos=-25.03 elbow_flex.pos=+14.60 wrist_flex.pos=+86.61 wrist_roll.pos=-0.68 gripper.pos=+6.41
DEBUG 2026-09-03 09:38:40 [action #282] t=11.14s step=281 queue=17 dmax=1.473 | shoulder_pan.pos=+10.28 shoulder_lift.pos=-24.64 elbow_flex.pos=+14.15 wrist_flex.pos=+85.91 wrist_roll.pos=-0.38 gripper.pos=+6.51
DEBUG 2026-09-03 09:38:41 [action #283] t=11.17s step=282 queue=16 dmax=1.501 | shoulder_pan.pos=+11.78 shoulder_lift.pos=-23.80 elbow_flex.pos=+12.80 wrist_flex.pos=+85.46 wrist_roll.pos=+0.03 gripper.pos=+6.46
DEBUG 2026-09-03 09:38:41 [action #284] t=11.20s step=283 queue=15 dmax=0.777 | shoulder_pan.pos=+12.51 shoulder_lift.pos=-24.58 elbow_flex.pos=+12.44 wrist_flex.pos=+84.94 wrist_roll.pos=+0.43 gripper.pos=+6.64
DEBUG 2026-09-03 09:38:41 [action #285] t=11.24s step=284 queue=14 dmax=1.321 | shoulder_pan.pos=+13.83 shoulder_lift.pos=-24.46 elbow_flex.pos=+12.32 wrist_flex.pos=+84.41 wrist_roll.pos=+0.77 gripper.pos=+6.39
DEBUG 2026-09-03 09:38:41 [action #286] t=11.27s step=285 queue=13 dmax=1.279 | shoulder_pan.pos=+15.11 shoulder_lift.pos=-24.02 elbow_flex.pos=+11.54 wrist_flex.pos=+83.70 wrist_roll.pos=+1.39 gripper.pos=+6.64
DEBUG 2026-09-03 09:38:41 [action #287] t=11.30s step=286 queue=12 dmax=0.861 | shoulder_pan.pos=+15.97 shoulder_lift.pos=-23.30 elbow_flex.pos=+11.40 wrist_flex.pos=+83.26 wrist_roll.pos=+1.71 gripper.pos=+6.45
DEBUG 2026-09-03 09:38:41 [action #288] t=11.34s step=287 queue=11 dmax=1.030 | shoulder_pan.pos=+16.94 shoulder_lift.pos=-22.55 elbow_flex.pos=+10.37 wrist_flex.pos=+82.62 wrist_roll.pos=+2.29 gripper.pos=+6.47
DEBUG 2026-09-03 09:38:41 [action #289] t=11.37s step=288 queue=10 dmax=1.322 | shoulder_pan.pos=+18.27 shoulder_lift.pos=-22.15 elbow_flex.pos=+10.57 wrist_flex.pos=+82.14 wrist_roll.pos=+2.81 gripper.pos=+6.45
DEBUG 2026-09-03 09:38:41 [action #290] t=11.40s step=289 queue=9 dmax=1.126 | shoulder_pan.pos=+18.74 shoulder_lift.pos=-21.03 elbow_flex.pos=+9.94 wrist_flex.pos=+81.63 wrist_roll.pos=+3.00 gripper.pos=+6.47
DEBUG 2026-09-03 09:38:41 [action #291] t=11.44s step=290 queue=8 dmax=1.566 | shoulder_pan.pos=+19.76 shoulder_lift.pos=-20.22 elbow_flex.pos=+8.38 wrist_flex.pos=+81.09 wrist_roll.pos=+3.58 gripper.pos=+6.47
DEBUG 2026-09-03 09:38:41 [action #292] t=11.47s step=291 queue=7 dmax=2.110 | shoulder_pan.pos=+20.88 shoulder_lift.pos=-18.11 elbow_flex.pos=+7.12 wrist_flex.pos=+80.77 wrist_roll.pos=+4.17 gripper.pos=+6.57
DEBUG 2026-09-03 09:38:41 [action #293] t=11.50s step=292 queue=6 dmax=1.742 | shoulder_pan.pos=+21.77 shoulder_lift.pos=-16.37 elbow_flex.pos=+6.02 wrist_flex.pos=+80.41 wrist_roll.pos=+4.63 gripper.pos=+6.66
DEBUG 2026-09-03 09:38:41 [action #294] t=11.54s step=293 queue=5 dmax=0.808 | shoulder_pan.pos=+22.54 shoulder_lift.pos=-15.74 elbow_flex.pos=+5.21 wrist_flex.pos=+80.38 wrist_roll.pos=+5.29 gripper.pos=+6.42
DEBUG 2026-09-03 09:38:41 [action #295] t=11.57s step=294 queue=4 dmax=1.591 | shoulder_pan.pos=+23.56 shoulder_lift.pos=-14.43 elbow_flex.pos=+3.62 wrist_flex.pos=+79.95 wrist_roll.pos=+5.73 gripper.pos=+6.54
DEBUG 2026-09-03 09:38:41 [action #296] t=11.60s step=295 queue=3 dmax=1.496 | shoulder_pan.pos=+24.74 shoulder_lift.pos=-12.94 elbow_flex.pos=+2.74 wrist_flex.pos=+79.41 wrist_roll.pos=+6.07 gripper.pos=+6.35
DEBUG 2026-09-03 09:38:41 [action #297] t=11.64s step=296 queue=2 dmax=1.458 | shoulder_pan.pos=+25.36 shoulder_lift.pos=-11.48 elbow_flex.pos=+1.64 wrist_flex.pos=+79.02 wrist_roll.pos=+6.58 gripper.pos=+6.60
DEBUG 2026-09-03 09:38:41 [action #298] t=11.67s step=297 queue=1 dmax=1.579 | shoulder_pan.pos=+26.19 shoulder_lift.pos=-9.90 elbow_flex.pos=+0.35 wrist_flex.pos=+78.89 wrist_roll.pos=+6.88 gripper.pos=+6.40
DEBUG 2026-09-03 09:38:41 [chunk] received 50 actions, timesteps 274..323 | first: shoulder_pan.pos=-14.70 shoulder_lift.pos=+0.75 elbow_flex.pos=+25.90 wrist_flex.pos=+71.37 wrist_roll.pos=-1.86 gripper.pos=+4.90 | last: shoulder_pan.pos=+16.29 shoulder_lift.pos=-19.60 elbow_flex.pos=+13.51 wrist_flex.pos=+73.87 wrist_roll.pos=+5.29 gripper.pos=+5.13
DEBUG 2026-09-03 09:38:41 [action #299] t=11.80s step=298 queue=26 dmax=39.622 | shoulder_pan.pos=-13.43 shoulder_lift.pos=-8.21 elbow_flex.pos=+20.02 wrist_flex.pos=+80.93 wrist_roll.pos=-3.37 gripper.pos=+3.87
DEBUG 2026-09-03 09:38:41 [action #300] t=11.84s step=299 queue=25 dmax=1.495 | shoulder_pan.pos=-13.20 shoulder_lift.pos=-9.23 elbow_flex.pos=+18.53 wrist_flex.pos=+81.46 wrist_roll.pos=-3.36 gripper.pos=+4.30
DEBUG 2026-09-03 09:38:41 [action #301] t=11.87s step=300 queue=24 dmax=1.852 | shoulder_pan.pos=-13.63 shoulder_lift.pos=-11.08 elbow_flex.pos=+19.10 wrist_flex.pos=+82.18 wrist_roll.pos=-3.49 gripper.pos=+4.27
DEBUG 2026-09-03 09:38:41 [action #302] t=11.90s step=301 queue=23 dmax=1.274 | shoulder_pan.pos=-12.35 shoulder_lift.pos=-12.22 elbow_flex.pos=+18.71 wrist_flex.pos=+82.77 wrist_roll.pos=-3.26 gripper.pos=+4.01
DEBUG 2026-09-03 09:38:41 [action #303] t=11.94s step=302 queue=22 dmax=1.984 | shoulder_pan.pos=-12.43 shoulder_lift.pos=-14.20 elbow_flex.pos=+19.58 wrist_flex.pos=+83.07 wrist_roll.pos=-3.48 gripper.pos=+4.14
DEBUG 2026-09-03 09:38:41 [action #304] t=11.97s step=303 queue=21 dmax=0.965 | shoulder_pan.pos=-11.86 shoulder_lift.pos=-15.17 elbow_flex.pos=+19.06 wrist_flex.pos=+83.78 wrist_roll.pos=-3.30 gripper.pos=+4.15
DEBUG 2026-09-03 09:38:41 [action #305] t=12.00s step=304 queue=20 dmax=1.447 | shoulder_pan.pos=-10.41 shoulder_lift.pos=-16.52 elbow_flex.pos=+19.40 wrist_flex.pos=+83.79 wrist_roll.pos=-3.41 gripper.pos=+4.25
DEBUG 2026-09-03 09:38:41 [action #306] t=12.04s step=305 queue=19 dmax=1.379 | shoulder_pan.pos=-10.01 shoulder_lift.pos=-17.90 elbow_flex.pos=+20.05 wrist_flex.pos=+84.48 wrist_roll.pos=-3.24 gripper.pos=+4.32
DEBUG 2026-09-03 09:38:41 [action #307] t=12.07s step=306 queue=18 dmax=1.347 | shoulder_pan.pos=-8.72 shoulder_lift.pos=-19.25 elbow_flex.pos=+19.32 wrist_flex.pos=+84.32 wrist_roll.pos=-2.92 gripper.pos=+4.24
DEBUG 2026-09-03 09:38:41 [action #308] t=12.10s step=307 queue=17 dmax=1.252 | shoulder_pan.pos=-7.47 shoulder_lift.pos=-20.38 elbow_flex.pos=+19.04 wrist_flex.pos=+84.38 wrist_roll.pos=-2.76 gripper.pos=+4.35
DEBUG 2026-09-03 09:38:41 [action #309] t=12.14s step=308 queue=16 dmax=1.180 | shoulder_pan.pos=-6.35 shoulder_lift.pos=-21.56 elbow_flex.pos=+19.28 wrist_flex.pos=+84.39 wrist_roll.pos=-2.51 gripper.pos=+4.73
DEBUG 2026-09-03 09:38:42 [action #310] t=12.17s step=309 queue=15 dmax=1.378 | shoulder_pan.pos=-4.97 shoulder_lift.pos=-21.87 elbow_flex.pos=+18.56 wrist_flex.pos=+84.12 wrist_roll.pos=-2.05 gripper.pos=+4.65
DEBUG 2026-09-03 09:38:42 [action #311] t=12.21s step=310 queue=14 dmax=2.434 | shoulder_pan.pos=-3.35 shoulder_lift.pos=-24.30 elbow_flex.pos=+19.42 wrist_flex.pos=+83.88 wrist_roll.pos=-1.71 gripper.pos=+4.64
DEBUG 2026-09-03 09:38:42 [action #312] t=12.24s step=311 queue=13 dmax=1.940 | shoulder_pan.pos=-1.40 shoulder_lift.pos=-24.75 elbow_flex.pos=+17.96 wrist_flex.pos=+83.77 wrist_roll.pos=-1.15 gripper.pos=+4.72
DEBUG 2026-09-03 09:38:42 [action #313] t=12.27s step=312 queue=12 dmax=1.462 | shoulder_pan.pos=+0.06 shoulder_lift.pos=-25.10 elbow_flex.pos=+17.96 wrist_flex.pos=+83.79 wrist_roll.pos=-0.74 gripper.pos=+4.62
DEBUG 2026-09-03 09:38:42 [action #314] t=12.31s step=313 queue=11 dmax=1.747 | shoulder_pan.pos=+1.80 shoulder_lift.pos=-25.07 elbow_flex.pos=+17.20 wrist_flex.pos=+83.25 wrist_roll.pos=-0.28 gripper.pos=+4.84
DEBUG 2026-09-03 09:38:42 [action #315] t=12.34s step=314 queue=10 dmax=1.797 | shoulder_pan.pos=+3.60 shoulder_lift.pos=-24.98 elbow_flex.pos=+17.13 wrist_flex.pos=+82.97 wrist_roll.pos=+0.21 gripper.pos=+4.87
DEBUG 2026-09-03 09:38:42 [action #316] t=12.37s step=315 queue=9 dmax=1.691 | shoulder_pan.pos=+5.29 shoulder_lift.pos=-24.99 elbow_flex.pos=+16.27 wrist_flex.pos=+82.44 wrist_roll.pos=+0.73 gripper.pos=+4.65
DEBUG 2026-09-03 09:38:42 [action #317] t=12.41s step=316 queue=8 dmax=1.793 | shoulder_pan.pos=+7.09 shoulder_lift.pos=-24.79 elbow_flex.pos=+15.88 wrist_flex.pos=+81.77 wrist_roll.pos=+1.46 gripper.pos=+4.65
DEBUG 2026-09-03 09:38:42 [action #318] t=12.44s step=317 queue=7 dmax=1.723 | shoulder_pan.pos=+8.81 shoulder_lift.pos=-24.24 elbow_flex.pos=+14.87 wrist_flex.pos=+81.07 wrist_roll.pos=+2.56 gripper.pos=+4.79
DEBUG 2026-09-03 09:38:42 [action #319] t=12.47s step=318 queue=6 dmax=1.332 | shoulder_pan.pos=+10.14 shoulder_lift.pos=-23.32 elbow_flex.pos=+14.71 wrist_flex.pos=+80.02 wrist_roll.pos=+3.18 gripper.pos=+4.79
DEBUG 2026-09-03 09:38:42 [action #320] t=12.51s step=319 queue=5 dmax=1.897 | shoulder_pan.pos=+12.04 shoulder_lift.pos=-23.55 elbow_flex.pos=+14.08 wrist_flex.pos=+79.31 wrist_roll.pos=+3.78 gripper.pos=+4.66
DEBUG 2026-09-03 09:38:42 [action #321] t=12.54s step=320 queue=4 dmax=1.548 | shoulder_pan.pos=+13.14 shoulder_lift.pos=-22.00 elbow_flex.pos=+14.58 wrist_flex.pos=+78.38 wrist_roll.pos=+4.57 gripper.pos=+4.75
DEBUG 2026-09-03 09:38:42 [action #322] t=12.57s step=321 queue=3 dmax=1.495 | shoulder_pan.pos=+14.28 shoulder_lift.pos=-21.29 elbow_flex.pos=+13.64 wrist_flex.pos=+76.89 wrist_roll.pos=+4.84 gripper.pos=+4.63
DEBUG 2026-09-03 09:38:42 [action #323] t=12.61s step=322 queue=2 dmax=1.057 | shoulder_pan.pos=+15.32 shoulder_lift.pos=-20.44 elbow_flex.pos=+13.34 wrist_flex.pos=+75.83 wrist_roll.pos=+4.86 gripper.pos=+4.91
DEBUG 2026-09-03 09:38:42 [action #324] t=12.64s step=323 queue=1 dmax=1.962 | shoulder_pan.pos=+16.29 shoulder_lift.pos=-19.60 elbow_flex.pos=+13.51 wrist_flex.pos=+73.87 wrist_roll.pos=+5.29 gripper.pos=+5.13
DEBUG 2026-09-03 09:38:42 [chunk] received 50 actions, timesteps 297..346 | first: shoulder_pan.pos=+25.98 shoulder_lift.pos=-11.32 elbow_flex.pos=+2.06 wrist_flex.pos=+76.17 wrist_roll.pos=+6.43 gripper.pos=+3.35 | last: shoulder_pan.pos=+35.04 shoulder_lift.pos=+14.90 elbow_flex.pos=-20.17 wrist_flex.pos=+79.89 wrist_roll.pos=+8.10 gripper.pos=+28.24
DEBUG 2026-09-03 09:38:42 [action #325] t=12.67s step=324 queue=23 dmax=32.591 | shoulder_pan.pos=+35.10 shoulder_lift.pos=+12.99 elbow_flex.pos=-17.42 wrist_flex.pos=+68.83 wrist_roll.pos=+8.15 gripper.pos=+3.27
DEBUG 2026-09-03 09:38:42 [action #326] t=12.71s step=325 queue=22 dmax=0.319 | shoulder_pan.pos=+35.31 shoulder_lift.pos=+13.31 elbow_flex.pos=-17.69 wrist_flex.pos=+68.51 wrist_roll.pos=+8.14 gripper.pos=+3.10
DEBUG 2026-09-03 09:38:42 [action #327] t=12.74s step=326 queue=21 dmax=0.500 | shoulder_pan.pos=+35.54 shoulder_lift.pos=+13.81 elbow_flex.pos=-18.18 wrist_flex.pos=+68.26 wrist_roll.pos=+8.13 gripper.pos=+2.98
DEBUG 2026-09-03 09:38:42 [action #328] t=12.77s step=327 queue=20 dmax=0.625 | shoulder_pan.pos=+35.79 shoulder_lift.pos=+14.44 elbow_flex.pos=-18.75 wrist_flex.pos=+68.09 wrist_roll.pos=+8.11 gripper.pos=+3.02
DEBUG 2026-09-03 09:38:42 [action #329] t=12.81s step=328 queue=19 dmax=0.313 | shoulder_pan.pos=+36.10 shoulder_lift.pos=+14.68 elbow_flex.pos=-18.83 wrist_flex.pos=+68.15 wrist_roll.pos=+8.09 gripper.pos=+3.28
DEBUG 2026-09-03 09:38:42 [action #330] t=12.84s step=329 queue=18 dmax=1.120 | shoulder_pan.pos=+36.51 shoulder_lift.pos=+14.82 elbow_flex.pos=-19.95 wrist_flex.pos=+68.20 wrist_roll.pos=+7.95 gripper.pos=+4.14
DEBUG 2026-09-03 09:38:42 [action #331] t=12.87s step=330 queue=17 dmax=1.983 | shoulder_pan.pos=+36.56 shoulder_lift.pos=+15.17 elbow_flex.pos=-20.07 wrist_flex.pos=+68.42 wrist_roll.pos=+8.05 gripper.pos=+6.12
DEBUG 2026-09-03 09:38:42 [action #332] t=12.91s step=331 queue=16 dmax=2.724 | shoulder_pan.pos=+37.08 shoulder_lift.pos=+15.58 elbow_flex.pos=-19.90 wrist_flex.pos=+68.65 wrist_roll.pos=+8.02 gripper.pos=+8.85
DEBUG 2026-09-03 09:38:42 [action #333] t=12.94s step=332 queue=15 dmax=3.434 | shoulder_pan.pos=+37.40 shoulder_lift.pos=+15.79 elbow_flex.pos=-19.43 wrist_flex.pos=+68.60 wrist_roll.pos=+7.99 gripper.pos=+12.28
DEBUG 2026-09-03 09:38:42 [action #334] t=12.97s step=333 queue=14 dmax=3.038 | shoulder_pan.pos=+37.58 shoulder_lift.pos=+15.80 elbow_flex.pos=-19.35 wrist_flex.pos=+68.61 wrist_roll.pos=+7.96 gripper.pos=+15.32
DEBUG 2026-09-03 09:38:42 [action #335] t=13.01s step=334 queue=13 dmax=2.305 | shoulder_pan.pos=+37.90 shoulder_lift.pos=+16.12 elbow_flex.pos=-19.35 wrist_flex.pos=+68.78 wrist_roll.pos=+7.97 gripper.pos=+17.62
DEBUG 2026-09-03 09:38:42 [action #336] t=13.04s step=335 queue=12 dmax=1.724 | shoulder_pan.pos=+38.16 shoulder_lift.pos=+16.38 elbow_flex.pos=-19.27 wrist_flex.pos=+68.84 wrist_roll.pos=+7.98 gripper.pos=+19.35
DEBUG 2026-09-03 09:38:42 [action #337] t=13.07s step=336 queue=11 dmax=1.034 | shoulder_pan.pos=+38.31 shoulder_lift.pos=+16.70 elbow_flex.pos=-18.88 wrist_flex.pos=+69.05 wrist_roll.pos=+7.98 gripper.pos=+20.38
DEBUG 2026-09-03 09:38:42 [action #338] t=13.11s step=337 queue=10 dmax=0.869 | shoulder_pan.pos=+38.42 shoulder_lift.pos=+16.42 elbow_flex.pos=-19.03 wrist_flex.pos=+69.28 wrist_roll.pos=+8.05 gripper.pos=+21.25
DEBUG 2026-09-03 09:38:42 [action #339] t=13.14s step=338 queue=9 dmax=0.810 | shoulder_pan.pos=+38.30 shoulder_lift.pos=+16.65 elbow_flex.pos=-18.62 wrist_flex.pos=+69.79 wrist_roll.pos=+7.97 gripper.pos=+22.06
DEBUG 2026-09-03 09:38:43 [action #340] t=13.18s step=339 queue=8 dmax=0.707 | shoulder_pan.pos=+38.24 shoulder_lift.pos=+16.11 elbow_flex.pos=-18.62 wrist_flex.pos=+70.31 wrist_roll.pos=+8.01 gripper.pos=+22.77
DEBUG 2026-09-03 09:38:43 [action #341] t=13.21s step=340 queue=7 dmax=0.897 | shoulder_pan.pos=+38.02 shoulder_lift.pos=+16.65 elbow_flex.pos=-18.78 wrist_flex.pos=+71.21 wrist_roll.pos=+8.00 gripper.pos=+23.60
DEBUG 2026-09-03 09:38:43 [action #342] t=13.24s step=341 queue=6 dmax=1.158 | shoulder_pan.pos=+37.84 shoulder_lift.pos=+16.30 elbow_flex.pos=-18.78 wrist_flex.pos=+72.37 wrist_roll.pos=+8.10 gripper.pos=+24.73
DEBUG 2026-09-03 09:38:43 [action #343] t=13.28s step=342 queue=5 dmax=1.356 | shoulder_pan.pos=+37.37 shoulder_lift.pos=+16.46 elbow_flex.pos=-19.11 wrist_flex.pos=+73.72 wrist_roll.pos=+8.15 gripper.pos=+26.01
DEBUG 2026-09-03 09:38:43 [action #344] t=13.31s step=343 queue=4 dmax=1.549 | shoulder_pan.pos=+36.66 shoulder_lift.pos=+15.77 elbow_flex.pos=-19.35 wrist_flex.pos=+75.27 wrist_roll.pos=+8.05 gripper.pos=+27.02
DEBUG 2026-09-03 09:38:43 [action #345] t=13.34s step=344 queue=3 dmax=1.677 | shoulder_pan.pos=+36.16 shoulder_lift.pos=+15.90 elbow_flex.pos=-19.67 wrist_flex.pos=+76.95 wrist_roll.pos=+8.06 gripper.pos=+27.65
DEBUG 2026-09-03 09:38:43 [action #346] t=13.38s step=345 queue=2 dmax=1.506 | shoulder_pan.pos=+35.52 shoulder_lift.pos=+15.33 elbow_flex.pos=-20.30 wrist_flex.pos=+78.46 wrist_roll.pos=+8.15 gripper.pos=+28.02
DEBUG 2026-09-03 09:38:43 [action #347] t=13.41s step=346 queue=1 dmax=1.436 | shoulder_pan.pos=+35.04 shoulder_lift.pos=+14.90 elbow_flex.pos=-20.17 wrist_flex.pos=+79.89 wrist_roll.pos=+8.10 gripper.pos=+28.24
DEBUG 2026-09-03 09:38:43 [chunk] received 50 actions, timesteps 322..371 | first: shoulder_pan.pos=+9.56 shoulder_lift.pos=-29.65 elbow_flex.pos=+20.26 wrist_flex.pos=+79.02 wrist_roll.pos=+3.04 gripper.pos=+2.95 | last: shoulder_pan.pos=+37.60 shoulder_lift.pos=-6.08 elbow_flex.pos=+12.35 wrist_flex.pos=+58.52 wrist_roll.pos=+10.23 gripper.pos=+7.12
DEBUG 2026-09-03 09:38:43 [action #348] t=13.54s step=347 queue=25 dmax=41.340 | shoulder_pan.pos=+32.56 shoulder_lift.pos=-26.44 elbow_flex.pos=+15.81 wrist_flex.pos=+71.68 wrist_roll.pos=+10.05 gripper.pos=+3.28
DEBUG 2026-09-03 09:38:43 [action #349] t=13.58s step=348 queue=24 dmax=1.075 | shoulder_pan.pos=+32.86 shoulder_lift.pos=-25.37 elbow_flex.pos=+15.52 wrist_flex.pos=+71.35 wrist_roll.pos=+10.17 gripper.pos=+3.11
DEBUG 2026-09-03 09:38:43 [action #350] t=13.61s step=349 queue=23 dmax=0.612 | shoulder_pan.pos=+33.33 shoulder_lift.pos=-25.17 elbow_flex.pos=+15.31 wrist_flex.pos=+70.74 wrist_roll.pos=+10.28 gripper.pos=+3.06
DEBUG 2026-09-03 09:38:43 [action #351] t=13.64s step=350 queue=22 dmax=1.817 | shoulder_pan.pos=+33.36 shoulder_lift.pos=-23.35 elbow_flex.pos=+15.54 wrist_flex.pos=+70.26 wrist_roll.pos=+10.24 gripper.pos=+3.21
DEBUG 2026-09-03 09:38:43 [action #352] t=13.68s step=351 queue=21 dmax=1.618 | shoulder_pan.pos=+33.76 shoulder_lift.pos=-23.15 elbow_flex.pos=+13.92 wrist_flex.pos=+69.98 wrist_roll.pos=+10.30 gripper.pos=+3.22
DEBUG 2026-09-03 09:38:43 [action #353] t=13.71s step=352 queue=20 dmax=1.253 | shoulder_pan.pos=+34.12 shoulder_lift.pos=-21.89 elbow_flex.pos=+13.13 wrist_flex.pos=+69.20 wrist_roll.pos=+10.24 gripper.pos=+3.08
DEBUG 2026-09-03 09:38:43 [action #354] t=13.74s step=353 queue=19 dmax=0.970 | shoulder_pan.pos=+34.34 shoulder_lift.pos=-20.92 elbow_flex.pos=+13.67 wrist_flex.pos=+68.55 wrist_roll.pos=+10.35 gripper.pos=+3.27
DEBUG 2026-09-03 09:38:43 [action #355] t=13.78s step=354 queue=18 dmax=1.315 | shoulder_pan.pos=+34.98 shoulder_lift.pos=-19.61 elbow_flex.pos=+13.16 wrist_flex.pos=+68.02 wrist_roll.pos=+10.27 gripper.pos=+3.12
DEBUG 2026-09-03 09:38:43 [action #356] t=13.81s step=355 queue=17 dmax=0.639 | shoulder_pan.pos=+35.29 shoulder_lift.pos=-18.97 elbow_flex.pos=+12.86 wrist_flex.pos=+67.54 wrist_roll.pos=+10.41 gripper.pos=+3.17
DEBUG 2026-09-03 09:38:43 [action #357] t=13.84s step=356 queue=16 dmax=1.516 | shoulder_pan.pos=+35.67 shoulder_lift.pos=-17.45 elbow_flex.pos=+12.32 wrist_flex.pos=+66.90 wrist_roll.pos=+10.47 gripper.pos=+3.12
DEBUG 2026-09-03 09:38:43 [action #358] t=13.88s step=357 queue=15 dmax=1.181 | shoulder_pan.pos=+36.19 shoulder_lift.pos=-17.05 elbow_flex.pos=+11.14 wrist_flex.pos=+66.81 wrist_roll.pos=+10.65 gripper.pos=+3.19
DEBUG 2026-09-03 09:38:43 [action #359] t=13.91s step=358 queue=14 dmax=1.021 | shoulder_pan.pos=+36.51 shoulder_lift.pos=-16.03 elbow_flex.pos=+10.83 wrist_flex.pos=+66.38 wrist_roll.pos=+10.54 gripper.pos=+3.27
DEBUG 2026-09-03 09:38:43 [action #360] t=13.94s step=359 queue=13 dmax=0.904 | shoulder_pan.pos=+37.15 shoulder_lift.pos=-15.12 elbow_flex.pos=+11.28 wrist_flex.pos=+65.69 wrist_roll.pos=+10.72 gripper.pos=+3.16
DEBUG 2026-09-03 09:38:43 [action #361] t=13.98s step=360 queue=12 dmax=1.559 | shoulder_pan.pos=+37.01 shoulder_lift.pos=-13.57 elbow_flex.pos=+10.34 wrist_flex.pos=+65.49 wrist_roll.pos=+10.60 gripper.pos=+3.25
DEBUG 2026-09-03 09:38:43 [action #362] t=14.01s step=361 queue=11 dmax=0.689 | shoulder_pan.pos=+37.25 shoulder_lift.pos=-13.20 elbow_flex.pos=+10.22 wrist_flex.pos=+64.80 wrist_roll.pos=+10.61 gripper.pos=+3.29
DEBUG 2026-09-03 09:38:43 [action #363] t=14.04s step=362 queue=10 dmax=1.092 | shoulder_pan.pos=+37.25 shoulder_lift.pos=-12.11 elbow_flex.pos=+9.69 wrist_flex.pos=+64.31 wrist_roll.pos=+10.57 gripper.pos=+3.08
DEBUG 2026-09-03 09:38:43 [action #364] t=14.08s step=363 queue=9 dmax=1.159 | shoulder_pan.pos=+37.99 shoulder_lift.pos=-10.95 elbow_flex.pos=+10.16 wrist_flex.pos=+63.72 wrist_roll.pos=+10.54 gripper.pos=+3.23
DEBUG 2026-09-03 09:38:43 [action #365] t=14.11s step=364 queue=8 dmax=1.637 | shoulder_pan.pos=+37.66 shoulder_lift.pos=-9.31 elbow_flex.pos=+10.85 wrist_flex.pos=+63.25 wrist_roll.pos=+10.66 gripper.pos=+3.23
DEBUG 2026-09-03 09:38:43 [action #366] t=14.15s step=365 queue=7 dmax=1.054 | shoulder_pan.pos=+37.73 shoulder_lift.pos=-9.55 elbow_flex.pos=+9.80 wrist_flex.pos=+62.59 wrist_roll.pos=+10.54 gripper.pos=+3.19
DEBUG 2026-09-03 09:38:44 [action #367] t=14.18s step=366 queue=6 dmax=1.035 | shoulder_pan.pos=+37.65 shoulder_lift.pos=-8.71 elbow_flex.pos=+10.84 wrist_flex.pos=+62.08 wrist_roll.pos=+10.52 gripper.pos=+3.36
DEBUG 2026-09-03 09:38:44 [action #368] t=14.21s step=367 queue=5 dmax=0.731 | shoulder_pan.pos=+37.86 shoulder_lift.pos=-8.23 elbow_flex.pos=+10.52 wrist_flex.pos=+61.35 wrist_roll.pos=+10.42 gripper.pos=+3.30
DEBUG 2026-09-03 09:38:44 [action #369] t=14.25s step=368 queue=4 dmax=0.991 | shoulder_pan.pos=+37.94 shoulder_lift.pos=-7.52 elbow_flex.pos=+11.51 wrist_flex.pos=+60.68 wrist_roll.pos=+10.44 gripper.pos=+3.64
DEBUG 2026-09-03 09:38:44 [action #370] t=14.28s step=369 queue=3 dmax=0.830 | shoulder_pan.pos=+37.58 shoulder_lift.pos=-6.85 elbow_flex.pos=+11.59 wrist_flex.pos=+59.85 wrist_roll.pos=+10.48 gripper.pos=+4.23
DEBUG 2026-09-03 09:38:44 [action #371] t=14.31s step=370 queue=2 dmax=1.450 | shoulder_pan.pos=+37.41 shoulder_lift.pos=-6.40 elbow_flex.pos=+12.88 wrist_flex.pos=+59.09 wrist_roll.pos=+10.23 gripper.pos=+5.68
DEBUG 2026-09-03 09:38:44 [action #372] t=14.35s step=371 queue=1 dmax=1.440 | shoulder_pan.pos=+37.60 shoulder_lift.pos=-6.08 elbow_flex.pos=+12.35 wrist_flex.pos=+58.52 wrist_roll.pos=+10.23 gripper.pos=+7.12
DEBUG 2026-09-03 09:38:44 [chunk] received 50 actions, timesteps 346..395 | first: shoulder_pan.pos=+32.72 shoulder_lift.pos=+16.65 elbow_flex.pos=-20.97 wrist_flex.pos=+78.46 wrist_roll.pos=+7.47 gripper.pos=+30.64 | last: shoulder_pan.pos=+0.39 shoulder_lift.pos=-47.44 elbow_flex.pos=+45.29 wrist_flex.pos=+69.72 wrist_roll.pos=+6.99 gripper.pos=+4.12
DEBUG 2026-09-03 09:38:44 [action #373] t=14.45s step=372 queue=24 dmax=40.011 | shoulder_pan.pos=+21.52 shoulder_lift.pos=+0.38 elbow_flex.pos=-17.68 wrist_flex.pos=+98.53 wrist_roll.pos=+7.40 gripper.pos=+40.08
DEBUG 2026-09-03 09:38:44 [action #374] t=14.48s step=373 queue=23 dmax=2.076 | shoulder_pan.pos=+20.24 shoulder_lift.pos=-1.34 elbow_flex.pos=-15.61 wrist_flex.pos=+98.36 wrist_roll.pos=+7.46 gripper.pos=+40.20
DEBUG 2026-09-03 09:38:44 [action #375] t=14.51s step=374 queue=22 dmax=2.182 | shoulder_pan.pos=+19.38 shoulder_lift.pos=-3.35 elbow_flex.pos=-13.42 wrist_flex.pos=+97.80 wrist_roll.pos=+7.45 gripper.pos=+40.11
DEBUG 2026-09-03 09:38:44 [action #376] t=14.55s step=375 queue=21 dmax=2.645 | shoulder_pan.pos=+18.07 shoulder_lift.pos=-5.99 elbow_flex.pos=-10.98 wrist_flex.pos=+97.11 wrist_roll.pos=+7.41 gripper.pos=+39.94
DEBUG 2026-09-03 09:38:44 [action #377] t=14.58s step=376 queue=20 dmax=3.085 | shoulder_pan.pos=+16.89 shoulder_lift.pos=-8.41 elbow_flex.pos=-7.89 wrist_flex.pos=+96.32 wrist_roll.pos=+7.30 gripper.pos=+39.01
DEBUG 2026-09-03 09:38:44 [action #378] t=14.61s step=377 queue=19 dmax=2.162 | shoulder_pan.pos=+15.74 shoulder_lift.pos=-10.57 elbow_flex.pos=-6.95 wrist_flex.pos=+94.98 wrist_roll.pos=+7.40 gripper.pos=+37.57
DEBUG 2026-09-03 09:38:44 [action #379] t=14.65s step=378 queue=18 dmax=3.604 | shoulder_pan.pos=+15.01 shoulder_lift.pos=-12.82 elbow_flex.pos=-3.34 wrist_flex.pos=+94.04 wrist_roll.pos=+7.42 gripper.pos=+35.58
DEBUG 2026-09-03 09:38:44 [action #380] t=14.68s step=379 queue=17 dmax=2.870 | shoulder_pan.pos=+13.69 shoulder_lift.pos=-14.64 elbow_flex.pos=-0.47 wrist_flex.pos=+92.78 wrist_roll.pos=+7.56 gripper.pos=+33.01
DEBUG 2026-09-03 09:38:44 [action #381] t=14.71s step=380 queue=16 dmax=2.752 | shoulder_pan.pos=+12.48 shoulder_lift.pos=-17.22 elbow_flex.pos=+1.77 wrist_flex.pos=+91.21 wrist_roll.pos=+7.56 gripper.pos=+30.26
DEBUG 2026-09-03 09:38:44 [action #382] t=14.75s step=381 queue=15 dmax=2.915 | shoulder_pan.pos=+11.70 shoulder_lift.pos=-19.68 elbow_flex.pos=+4.58 wrist_flex.pos=+89.83 wrist_roll.pos=+7.50 gripper.pos=+27.34
DEBUG 2026-09-03 09:38:44 [action #383] t=14.78s step=382 queue=14 dmax=3.599 | shoulder_pan.pos=+10.55 shoulder_lift.pos=-21.83 elbow_flex.pos=+8.18 wrist_flex.pos=+88.47 wrist_roll.pos=+7.53 gripper.pos=+24.13
DEBUG 2026-09-03 09:38:44 [action #384] t=14.81s step=383 queue=13 dmax=3.240 | shoulder_pan.pos=+9.66 shoulder_lift.pos=-24.39 elbow_flex.pos=+10.88 wrist_flex.pos=+86.56 wrist_roll.pos=+7.46 gripper.pos=+20.89
DEBUG 2026-09-03 09:38:44 [action #385] t=14.85s step=384 queue=12 dmax=3.178 | shoulder_pan.pos=+8.81 shoulder_lift.pos=-25.59 elbow_flex.pos=+14.06 wrist_flex.pos=+84.72 wrist_roll.pos=+7.45 gripper.pos=+17.92
DEBUG 2026-09-03 09:38:44 [action #386] t=14.88s step=385 queue=11 dmax=3.959 | shoulder_pan.pos=+8.17 shoulder_lift.pos=-27.43 elbow_flex.pos=+18.02 wrist_flex.pos=+83.44 wrist_roll.pos=+7.68 gripper.pos=+15.13
DEBUG 2026-09-03 09:38:44 [action #387] t=14.91s step=386 queue=10 dmax=2.810 | shoulder_pan.pos=+7.59 shoulder_lift.pos=-29.45 elbow_flex.pos=+20.83 wrist_flex.pos=+82.28 wrist_roll.pos=+7.69 gripper.pos=+12.58
DEBUG 2026-09-03 09:38:44 [action #388] t=14.95s step=387 queue=9 dmax=2.533 | shoulder_pan.pos=+6.86 shoulder_lift.pos=-31.83 elbow_flex.pos=+23.36 wrist_flex.pos=+80.64 wrist_roll.pos=+7.63 gripper.pos=+10.64
DEBUG 2026-09-03 09:38:44 [action #389] t=14.98s step=388 queue=8 dmax=2.833 | shoulder_pan.pos=+6.36 shoulder_lift.pos=-33.21 elbow_flex.pos=+26.20 wrist_flex.pos=+79.35 wrist_roll.pos=+7.58 gripper.pos=+9.86
DEBUG 2026-09-03 09:38:44 [action #390] t=15.01s step=389 queue=7 dmax=3.366 | shoulder_pan.pos=+5.55 shoulder_lift.pos=-35.53 elbow_flex.pos=+29.56 wrist_flex.pos=+78.09 wrist_roll.pos=+7.68 gripper.pos=+8.98
DEBUG 2026-09-03 09:38:44 [action #391] t=15.05s step=390 queue=6 dmax=2.111 | shoulder_pan.pos=+4.70 shoulder_lift.pos=-37.13 elbow_flex.pos=+31.67 wrist_flex.pos=+76.73 wrist_roll.pos=+7.54 gripper.pos=+8.39
DEBUG 2026-09-03 09:38:44 [action #392] t=15.08s step=391 queue=5 dmax=3.399 | shoulder_pan.pos=+3.88 shoulder_lift.pos=-39.28 elbow_flex.pos=+35.07 wrist_flex.pos=+75.32 wrist_roll.pos=+7.36 gripper.pos=+7.71
DEBUG 2026-09-03 09:38:44 [action #393] t=15.11s step=392 queue=4 dmax=2.769 | shoulder_pan.pos=+2.95 shoulder_lift.pos=-41.09 elbow_flex.pos=+37.84 wrist_flex.pos=+73.86 wrist_roll.pos=+7.33 gripper.pos=+7.01
DEBUG 2026-09-03 09:38:44 [action #394] t=15.15s step=393 queue=3 dmax=2.842 | shoulder_pan.pos=+1.99 shoulder_lift.pos=-43.16 elbow_flex.pos=+40.68 wrist_flex.pos=+72.27 wrist_roll.pos=+7.29 gripper.pos=+6.24
DEBUG 2026-09-03 09:38:45 [action #395] t=15.18s step=394 queue=2 dmax=2.176 | shoulder_pan.pos=+1.06 shoulder_lift.pos=-45.33 elbow_flex.pos=+42.81 wrist_flex.pos=+70.93 wrist_roll.pos=+7.11 gripper.pos=+4.82
DEBUG 2026-09-03 09:38:45 [action #396] t=15.22s step=395 queue=1 dmax=2.478 | shoulder_pan.pos=+0.39 shoulder_lift.pos=-47.44 elbow_flex.pos=+45.29 wrist_flex.pos=+69.72 wrist_roll.pos=+6.99 gripper.pos=+4.12
DEBUG 2026-09-03 09:38:45 [chunk] received 50 actions, timesteps 371..420 | first: shoulder_pan.pos=+33.75 shoulder_lift.pos=-8.61 elbow_flex.pos=+13.17 wrist_flex.pos=+56.56 wrist_roll.pos=+10.14 gripper.pos=+2.66 | last: shoulder_pan.pos=+21.52 shoulder_lift.pos=-18.04 elbow_flex.pos=+9.70 wrist_flex.pos=+84.08 wrist_roll.pos=+10.62 gripper.pos=+21.86
DEBUG 2026-09-03 09:38:45 [action #397] t=15.35s step=396 queue=25 dmax=43.435 | shoulder_pan.pos=+36.27 shoulder_lift.pos=-4.01 elbow_flex.pos=+12.42 wrist_flex.pos=+62.09 wrist_roll.pos=+11.45 gripper.pos=+32.11
DEBUG 2026-09-03 09:38:45 [action #398] t=15.38s step=397 queue=24 dmax=1.318 | shoulder_pan.pos=+35.71 shoulder_lift.pos=-4.12 elbow_flex.pos=+12.10 wrist_flex.pos=+63.41 wrist_roll.pos=+11.61 gripper.pos=+32.77
DEBUG 2026-09-03 09:38:45 [action #399] t=15.42s step=398 queue=23 dmax=1.609 | shoulder_pan.pos=+35.60 shoulder_lift.pos=-3.86 elbow_flex.pos=+10.49 wrist_flex.pos=+64.78 wrist_roll.pos=+11.63 gripper.pos=+33.22
DEBUG 2026-09-03 09:38:45 [action #400] t=15.45s step=399 queue=22 dmax=1.463 | shoulder_pan.pos=+35.21 shoulder_lift.pos=-3.72 elbow_flex.pos=+10.01 wrist_flex.pos=+66.25 wrist_roll.pos=+11.54 gripper.pos=+33.32
DEBUG 2026-09-03 09:38:45 [action #401] t=15.48s step=400 queue=21 dmax=1.247 | shoulder_pan.pos=+35.18 shoulder_lift.pos=-3.53 elbow_flex.pos=+8.76 wrist_flex.pos=+67.42 wrist_roll.pos=+11.70 gripper.pos=+33.60
DEBUG 2026-09-03 09:38:45 [action #402] t=15.52s step=401 queue=20 dmax=1.687 | shoulder_pan.pos=+34.87 shoulder_lift.pos=-3.69 elbow_flex.pos=+7.93 wrist_flex.pos=+69.10 wrist_roll.pos=+11.85 gripper.pos=+33.54
DEBUG 2026-09-03 09:38:45 [action #403] t=15.55s step=402 queue=19 dmax=1.339 | shoulder_pan.pos=+34.73 shoulder_lift.pos=-3.91 elbow_flex.pos=+7.46 wrist_flex.pos=+70.44 wrist_roll.pos=+11.65 gripper.pos=+33.63
DEBUG 2026-09-03 09:38:45 [action #404] t=15.58s step=403 queue=18 dmax=1.542 | shoulder_pan.pos=+34.39 shoulder_lift.pos=-3.69 elbow_flex.pos=+5.92 wrist_flex.pos=+71.84 wrist_roll.pos=+11.70 gripper.pos=+33.67
DEBUG 2026-09-03 09:38:45 [action #405] t=15.62s step=404 queue=17 dmax=1.667 | shoulder_pan.pos=+34.16 shoulder_lift.pos=-4.09 elbow_flex.pos=+4.25 wrist_flex.pos=+73.42 wrist_roll.pos=+11.87 gripper.pos=+33.99
DEBUG 2026-09-03 09:38:45 [action #406] t=15.65s step=405 queue=16 dmax=1.330 | shoulder_pan.pos=+33.83 shoulder_lift.pos=-4.12 elbow_flex.pos=+4.38 wrist_flex.pos=+74.75 wrist_roll.pos=+11.78 gripper.pos=+34.22
DEBUG 2026-09-03 09:38:45 [action #407] t=15.68s step=406 queue=15 dmax=1.800 | shoulder_pan.pos=+33.56 shoulder_lift.pos=-4.06 elbow_flex.pos=+3.06 wrist_flex.pos=+76.55 wrist_roll.pos=+11.77 gripper.pos=+34.50
DEBUG 2026-09-03 09:38:45 [action #408] t=15.72s step=407 queue=14 dmax=1.403 | shoulder_pan.pos=+33.58 shoulder_lift.pos=-3.90 elbow_flex.pos=+1.83 wrist_flex.pos=+77.95 wrist_roll.pos=+11.79 gripper.pos=+34.70
DEBUG 2026-09-03 09:38:45 [action #409] t=15.75s step=408 queue=13 dmax=1.498 | shoulder_pan.pos=+32.98 shoulder_lift.pos=-4.30 elbow_flex.pos=+0.88 wrist_flex.pos=+79.45 wrist_roll.pos=+11.68 gripper.pos=+35.03
DEBUG 2026-09-03 09:38:45 [action #410] t=15.78s step=409 queue=12 dmax=1.834 | shoulder_pan.pos=+32.56 shoulder_lift.pos=-5.21 elbow_flex.pos=+0.57 wrist_flex.pos=+81.28 wrist_roll.pos=+11.78 gripper.pos=+35.03
DEBUG 2026-09-03 09:38:45 [action #411] t=15.82s step=410 queue=11 dmax=1.286 | shoulder_pan.pos=+31.77 shoulder_lift.pos=-5.32 elbow_flex.pos=-0.14 wrist_flex.pos=+82.57 wrist_roll.pos=+11.69 gripper.pos=+35.19
DEBUG 2026-09-03 09:38:45 [action #412] t=15.85s step=411 queue=10 dmax=1.526 | shoulder_pan.pos=+31.01 shoulder_lift.pos=-6.35 elbow_flex.pos=-0.28 wrist_flex.pos=+84.09 wrist_roll.pos=+11.71 gripper.pos=+35.34
DEBUG 2026-09-03 09:38:45 [action #413] t=15.88s step=412 queue=9 dmax=0.936 | shoulder_pan.pos=+30.31 shoulder_lift.pos=-7.15 elbow_flex.pos=-0.19 wrist_flex.pos=+85.03 wrist_roll.pos=+11.65 gripper.pos=+35.46
DEBUG 2026-09-03 09:38:45 [action #414] t=15.92s step=413 queue=8 dmax=0.784 | shoulder_pan.pos=+29.53 shoulder_lift.pos=-7.22 elbow_flex.pos=-0.39 wrist_flex.pos=+85.70 wrist_roll.pos=+11.50 gripper.pos=+35.62
DEBUG 2026-09-03 09:38:45 [action #415] t=15.95s step=414 queue=7 dmax=0.902 | shoulder_pan.pos=+28.63 shoulder_lift.pos=-8.04 elbow_flex.pos=+0.02 wrist_flex.pos=+86.36 wrist_roll.pos=+11.52 gripper.pos=+35.63
DEBUG 2026-09-03 09:38:45 [action #416] t=15.98s step=415 queue=6 dmax=1.226 | shoulder_pan.pos=+27.83 shoulder_lift.pos=-9.27 elbow_flex.pos=+0.95 wrist_flex.pos=+86.63 wrist_roll.pos=+11.52 gripper.pos=+35.41
DEBUG 2026-09-03 09:38:45 [action #417] t=16.02s step=416 queue=5 dmax=1.863 | shoulder_pan.pos=+26.53 shoulder_lift.pos=-11.13 elbow_flex.pos=+2.29 wrist_flex.pos=+86.17 wrist_roll.pos=+11.44 gripper.pos=+33.93
DEBUG 2026-09-03 09:38:45 [action #418] t=16.05s step=417 queue=4 dmax=2.872 | shoulder_pan.pos=+25.57 shoulder_lift.pos=-12.97 elbow_flex.pos=+4.58 wrist_flex.pos=+85.58 wrist_roll.pos=+11.37 gripper.pos=+31.05
DEBUG 2026-09-03 09:38:45 [action #419] t=16.08s step=418 queue=3 dmax=3.231 | shoulder_pan.pos=+23.88 shoulder_lift.pos=-14.80 elbow_flex.pos=+6.40 wrist_flex.pos=+84.96 wrist_roll.pos=+11.13 gripper.pos=+27.82
DEBUG 2026-09-03 09:38:45 [action #420] t=16.12s step=419 queue=2 dmax=3.095 | shoulder_pan.pos=+22.63 shoulder_lift.pos=-16.17 elbow_flex.pos=+8.06 wrist_flex.pos=+84.61 wrist_roll.pos=+10.96 gripper.pos=+24.73
DEBUG 2026-09-03 09:38:45 [action #421] t=16.15s step=420 queue=1 dmax=2.868 | shoulder_pan.pos=+21.52 shoulder_lift.pos=-18.04 elbow_flex.pos=+9.70 wrist_flex.pos=+84.08 wrist_roll.pos=+10.62 gripper.pos=+21.86
DEBUG 2026-09-03 09:38:46 [chunk] received 50 actions, timesteps 395..444 | first: shoulder_pan.pos=+1.24 shoulder_lift.pos=-49.49 elbow_flex.pos=+46.85 wrist_flex.pos=+69.86 wrist_roll.pos=+7.18 gripper.pos=+3.16 | last: shoulder_pan.pos=-5.70 shoulder_lift.pos=-103.11 elbow_flex.pos=+85.49 wrist_flex.pos=+75.24 wrist_roll.pos=+2.83 gripper.pos=+2.21
DEBUG 2026-09-03 09:38:46 [action #422] t=16.25s step=421 queue=24 dmax=74.639 | shoulder_pan.pos=-7.98 shoulder_lift.pos=-92.68 elbow_flex.pos=+76.55 wrist_flex.pos=+71.69 wrist_roll.pos=+1.13 gripper.pos=+2.49
DEBUG 2026-09-03 09:38:46 [action #423] t=16.29s step=422 queue=23 dmax=2.359 | shoulder_pan.pos=-8.01 shoulder_lift.pos=-95.04 elbow_flex.pos=+78.51 wrist_flex.pos=+72.08 wrist_roll.pos=+1.19 gripper.pos=+2.51
DEBUG 2026-09-03 09:38:46 [action #424] t=16.32s step=423 queue=22 dmax=0.802 | shoulder_pan.pos=-8.34 shoulder_lift.pos=-95.84 elbow_flex.pos=+78.72 wrist_flex.pos=+72.56 wrist_roll.pos=+1.33 gripper.pos=+2.46
DEBUG 2026-09-03 09:38:46 [action #425] t=16.35s step=424 queue=21 dmax=0.788 | shoulder_pan.pos=-8.60 shoulder_lift.pos=-96.63 elbow_flex.pos=+79.33 wrist_flex.pos=+73.13 wrist_roll.pos=+1.67 gripper.pos=+2.41
DEBUG 2026-09-03 09:38:46 [action #426] t=16.39s step=425 queue=20 dmax=1.912 | shoulder_pan.pos=-8.19 shoulder_lift.pos=-98.54 elbow_flex.pos=+80.14 wrist_flex.pos=+73.65 wrist_roll.pos=+1.93 gripper.pos=+2.41
DEBUG 2026-09-03 09:38:46 [action #427] t=16.42s step=426 queue=19 dmax=0.419 | shoulder_pan.pos=-8.30 shoulder_lift.pos=-98.71 elbow_flex.pos=+80.02 wrist_flex.pos=+74.07 wrist_roll.pos=+1.90 gripper.pos=+2.58
DEBUG 2026-09-03 09:38:46 [action #428] t=16.45s step=427 queue=18 dmax=1.185 | shoulder_pan.pos=-7.99 shoulder_lift.pos=-99.90 elbow_flex.pos=+81.05 wrist_flex.pos=+74.55 wrist_roll.pos=+2.06 gripper.pos=+2.52
DEBUG 2026-09-03 09:38:46 [action #429] t=16.49s step=428 queue=17 dmax=1.058 | shoulder_pan.pos=-7.72 shoulder_lift.pos=-100.96 elbow_flex.pos=+80.87 wrist_flex.pos=+74.80 wrist_roll.pos=+2.37 gripper.pos=+2.38
DEBUG 2026-09-03 09:38:46 [action #430] t=16.52s step=429 queue=16 dmax=0.650 | shoulder_pan.pos=-7.56 shoulder_lift.pos=-101.24 elbow_flex.pos=+81.52 wrist_flex.pos=+75.10 wrist_roll.pos=+2.63 gripper.pos=+2.44
DEBUG 2026-09-03 09:38:46 [action #431] t=16.55s step=430 queue=15 dmax=0.648 | shoulder_pan.pos=-6.91 shoulder_lift.pos=-101.72 elbow_flex.pos=+81.00 wrist_flex.pos=+75.08 wrist_roll.pos=+2.70 gripper.pos=+2.24
DEBUG 2026-09-03 09:38:46 [action #432] t=16.59s step=431 queue=14 dmax=0.674 | shoulder_pan.pos=-7.10 shoulder_lift.pos=-101.94 elbow_flex.pos=+81.68 wrist_flex.pos=+75.19 wrist_roll.pos=+2.90 gripper.pos=+2.37
DEBUG 2026-09-03 09:38:46 [action #433] t=16.62s step=432 queue=13 dmax=0.703 | shoulder_pan.pos=-6.87 shoulder_lift.pos=-102.65 elbow_flex.pos=+81.89 wrist_flex.pos=+75.28 wrist_roll.pos=+3.00 gripper.pos=+2.26
DEBUG 2026-09-03 09:38:46 [action #434] t=16.65s step=433 queue=12 dmax=0.441 | shoulder_pan.pos=-6.55 shoulder_lift.pos=-102.80 elbow_flex.pos=+81.90 wrist_flex.pos=+75.72 wrist_roll.pos=+3.01 gripper.pos=+2.41
DEBUG 2026-09-03 09:38:46 [action #435] t=16.69s step=434 queue=11 dmax=0.565 | shoulder_pan.pos=-6.42 shoulder_lift.pos=-103.34 elbow_flex.pos=+82.47 wrist_flex.pos=+75.40 wrist_roll.pos=+3.03 gripper.pos=+2.40
DEBUG 2026-09-03 09:38:46 [action #436] t=16.72s step=435 queue=10 dmax=0.190 | shoulder_pan.pos=-6.25 shoulder_lift.pos=-103.23 elbow_flex.pos=+82.44 wrist_flex.pos=+75.32 wrist_roll.pos=+2.84 gripper.pos=+2.29
DEBUG 2026-09-03 09:38:46 [action #437] t=16.75s step=436 queue=9 dmax=1.191 | shoulder_pan.pos=-5.91 shoulder_lift.pos=-104.38 elbow_flex.pos=+83.63 wrist_flex.pos=+75.23 wrist_roll.pos=+2.86 gripper.pos=+2.24
DEBUG 2026-09-03 09:38:46 [action #438] t=16.79s step=437 queue=8 dmax=1.209 | shoulder_pan.pos=-5.55 shoulder_lift.pos=-103.17 elbow_flex.pos=+83.16 wrist_flex.pos=+75.22 wrist_roll.pos=+2.76 gripper.pos=+2.24
DEBUG 2026-09-03 09:38:46 [action #439] t=16.82s step=438 queue=7 dmax=0.884 | shoulder_pan.pos=-5.82 shoulder_lift.pos=-103.77 elbow_flex.pos=+84.05 wrist_flex.pos=+75.09 wrist_roll.pos=+2.83 gripper.pos=+2.34
DEBUG 2026-09-03 09:38:46 [action #440] t=16.85s step=439 queue=6 dmax=0.461 | shoulder_pan.pos=-5.62 shoulder_lift.pos=-104.24 elbow_flex.pos=+84.25 wrist_flex.pos=+75.03 wrist_roll.pos=+2.68 gripper.pos=+2.46
DEBUG 2026-09-03 09:38:46 [action #441] t=16.89s step=440 queue=5 dmax=0.430 | shoulder_pan.pos=-5.56 shoulder_lift.pos=-103.92 elbow_flex.pos=+84.68 wrist_flex.pos=+74.92 wrist_roll.pos=+2.79 gripper.pos=+2.17
DEBUG 2026-09-03 09:38:46 [action #442] t=16.92s step=441 queue=4 dmax=0.912 | shoulder_pan.pos=-5.68 shoulder_lift.pos=-103.01 elbow_flex.pos=+85.26 wrist_flex.pos=+74.66 wrist_roll.pos=+2.89 gripper.pos=+2.27
DEBUG 2026-09-03 09:38:46 [action #443] t=16.95s step=442 queue=3 dmax=0.485 | shoulder_pan.pos=-5.66 shoulder_lift.pos=-103.50 elbow_flex.pos=+85.58 wrist_flex.pos=+74.81 wrist_roll.pos=+2.81 gripper.pos=+2.53
DEBUG 2026-09-03 09:38:46 [action #444] t=16.99s step=443 queue=2 dmax=0.194 | shoulder_pan.pos=-5.56 shoulder_lift.pos=-103.69 elbow_flex.pos=+85.40 wrist_flex.pos=+74.80 wrist_roll.pos=+2.70 gripper.pos=+2.53
DEBUG 2026-09-03 09:38:46 [action #445] t=17.02s step=444 queue=1 dmax=0.580 | shoulder_pan.pos=-5.70 shoulder_lift.pos=-103.11 elbow_flex.pos=+85.49 wrist_flex.pos=+75.24 wrist_roll.pos=+2.83 gripper.pos=+2.21
DEBUG 2026-09-03 09:38:46 [chunk] received 50 actions, timesteps 420..469 | first: shoulder_pan.pos=+18.74 shoulder_lift.pos=-22.26 elbow_flex.pos=+15.26 wrist_flex.pos=+83.17 wrist_roll.pos=+10.22 gripper.pos=+21.55 | last: shoulder_pan.pos=-8.92 shoulder_lift.pos=-97.03 elbow_flex.pos=+78.02 wrist_flex.pos=+67.84 wrist_roll.pos=-3.31 gripper.pos=+2.04
DEBUG 2026-09-03 09:38:46 [action #446] t=17.12s step=445 queue=25 dmax=39.294 | shoulder_pan.pos=-4.50 shoulder_lift.pos=-63.82 elbow_flex.pos=+52.65 wrist_flex.pos=+71.80 wrist_roll.pos=+6.59 gripper.pos=+2.50
DEBUG 2026-09-03 09:38:46 [action #447] t=17.15s step=446 queue=24 dmax=3.210 | shoulder_pan.pos=-5.02 shoulder_lift.pos=-67.03 elbow_flex.pos=+53.19 wrist_flex.pos=+71.65 wrist_roll.pos=+6.41 gripper.pos=+2.32
DEBUG 2026-09-03 09:38:47 [action #448] t=17.19s step=447 queue=23 dmax=2.178 | shoulder_pan.pos=-5.72 shoulder_lift.pos=-67.97 elbow_flex.pos=+55.37 wrist_flex.pos=+71.56 wrist_roll.pos=+6.50 gripper.pos=+2.60
DEBUG 2026-09-03 09:38:47 [action #449] t=17.22s step=448 queue=22 dmax=0.917 | shoulder_pan.pos=-5.96 shoulder_lift.pos=-68.41 elbow_flex.pos=+56.29 wrist_flex.pos=+70.91 wrist_roll.pos=+6.24 gripper.pos=+2.27
DEBUG 2026-09-03 09:38:47 [action #450] t=17.26s step=449 queue=21 dmax=1.508 | shoulder_pan.pos=-6.21 shoulder_lift.pos=-69.92 elbow_flex.pos=+57.07 wrist_flex.pos=+70.92 wrist_roll.pos=+6.03 gripper.pos=+2.25
DEBUG 2026-09-03 09:38:47 [action #451] t=17.29s step=450 queue=20 dmax=2.376 | shoulder_pan.pos=-6.22 shoulder_lift.pos=-72.30 elbow_flex.pos=+59.13 wrist_flex.pos=+70.68 wrist_roll.pos=+5.62 gripper.pos=+2.18
DEBUG 2026-09-03 09:38:47 [action #452] t=17.32s step=451 queue=19 dmax=1.222 | shoulder_pan.pos=-6.24 shoulder_lift.pos=-73.52 elbow_flex.pos=+59.32 wrist_flex.pos=+70.21 wrist_roll.pos=+4.80 gripper.pos=+2.06
DEBUG 2026-09-03 09:38:47 [action #453] t=17.36s step=452 queue=18 dmax=1.878 | shoulder_pan.pos=-5.86 shoulder_lift.pos=-75.40 elbow_flex.pos=+60.77 wrist_flex.pos=+69.96 wrist_roll.pos=+3.78 gripper.pos=+2.11
DEBUG 2026-09-03 09:38:47 [action #454] t=17.39s step=453 queue=17 dmax=1.103 | shoulder_pan.pos=-5.90 shoulder_lift.pos=-76.50 elbow_flex.pos=+61.71 wrist_flex.pos=+69.30 wrist_roll.pos=+2.71 gripper.pos=+2.03
DEBUG 2026-09-03 09:38:47 [action #455] t=17.42s step=454 queue=16 dmax=1.340 | shoulder_pan.pos=-5.75 shoulder_lift.pos=-77.69 elbow_flex.pos=+63.05 wrist_flex.pos=+69.51 wrist_roll.pos=+1.38 gripper.pos=+2.09
DEBUG 2026-09-03 09:38:47 [action #456] t=17.46s step=455 queue=15 dmax=1.811 | shoulder_pan.pos=-5.97 shoulder_lift.pos=-79.50 elbow_flex.pos=+64.16 wrist_flex.pos=+69.43 wrist_roll.pos=+0.17 gripper.pos=+2.08
DEBUG 2026-09-03 09:38:47 [action #457] t=17.49s step=456 queue=14 dmax=1.989 | shoulder_pan.pos=-6.12 shoulder_lift.pos=-81.49 elbow_flex.pos=+65.43 wrist_flex.pos=+69.00 wrist_roll.pos=-0.95 gripper.pos=+2.26
DEBUG 2026-09-03 09:38:47 [action #458] t=17.52s step=457 queue=13 dmax=1.224 | shoulder_pan.pos=-6.62 shoulder_lift.pos=-82.29 elbow_flex.pos=+66.66 wrist_flex.pos=+68.54 wrist_roll.pos=-1.69 gripper.pos=+2.21
DEBUG 2026-09-03 09:38:47 [action #459] t=17.56s step=458 queue=12 dmax=1.446 | shoulder_pan.pos=-6.73 shoulder_lift.pos=-83.74 elbow_flex.pos=+67.21 wrist_flex.pos=+68.39 wrist_roll.pos=-2.27 gripper.pos=+2.25
DEBUG 2026-09-03 09:38:47 [action #460] t=17.59s step=459 queue=11 dmax=0.816 | shoulder_pan.pos=-7.08 shoulder_lift.pos=-84.42 elbow_flex.pos=+68.03 wrist_flex.pos=+68.20 wrist_roll.pos=-2.76 gripper.pos=+2.24
DEBUG 2026-09-03 09:38:47 [action #461] t=17.62s step=460 queue=10 dmax=1.904 | shoulder_pan.pos=-7.29 shoulder_lift.pos=-86.33 elbow_flex.pos=+69.21 wrist_flex.pos=+67.68 wrist_roll.pos=-2.84 gripper.pos=+2.17
DEBUG 2026-09-03 09:38:47 [action #462] t=17.66s step=461 queue=9 dmax=2.053 | shoulder_pan.pos=-7.68 shoulder_lift.pos=-87.00 elbow_flex.pos=+71.26 wrist_flex.pos=+67.64 wrist_roll.pos=-2.88 gripper.pos=+2.33
DEBUG 2026-09-03 09:38:47 [action #463] t=17.69s step=462 queue=8 dmax=1.413 | shoulder_pan.pos=-7.62 shoulder_lift.pos=-88.42 elbow_flex.pos=+71.50 wrist_flex.pos=+67.41 wrist_roll.pos=-3.02 gripper.pos=+2.12
DEBUG 2026-09-03 09:38:47 [action #464] t=17.72s step=463 queue=7 dmax=1.211 | shoulder_pan.pos=-7.64 shoulder_lift.pos=-89.63 elbow_flex.pos=+72.58 wrist_flex.pos=+67.22 wrist_roll.pos=-2.99 gripper.pos=+2.20
DEBUG 2026-09-03 09:38:47 [action #465] t=17.76s step=464 queue=6 dmax=1.276 | shoulder_pan.pos=-7.78 shoulder_lift.pos=-89.85 elbow_flex.pos=+73.86 wrist_flex.pos=+67.10 wrist_roll.pos=-3.16 gripper.pos=+2.04
DEBUG 2026-09-03 09:38:47 [action #466] t=17.79s step=465 queue=5 dmax=1.514 | shoulder_pan.pos=-7.63 shoulder_lift.pos=-91.37 elbow_flex.pos=+74.85 wrist_flex.pos=+67.18 wrist_roll.pos=-3.11 gripper.pos=+2.17
DEBUG 2026-09-03 09:38:47 [action #467] t=17.82s step=466 queue=4 dmax=1.278 | shoulder_pan.pos=-7.58 shoulder_lift.pos=-92.64 elbow_flex.pos=+75.24 wrist_flex.pos=+67.25 wrist_roll.pos=-3.16 gripper.pos=+2.21
DEBUG 2026-09-03 09:38:47 [action #468] t=17.86s step=467 queue=3 dmax=2.245 | shoulder_pan.pos=-8.14 shoulder_lift.pos=-94.89 elbow_flex.pos=+76.60 wrist_flex.pos=+67.17 wrist_roll.pos=-3.02 gripper.pos=+2.30
DEBUG 2026-09-03 09:38:47 [action #469] t=17.89s step=468 queue=2 dmax=1.452 | shoulder_pan.pos=-8.11 shoulder_lift.pos=-96.34 elbow_flex.pos=+77.14 wrist_flex.pos=+67.79 wrist_roll.pos=-3.43 gripper.pos=+2.22
DEBUG 2026-09-03 09:38:47 [action #470] t=17.92s step=469 queue=1 dmax=0.880 | shoulder_pan.pos=-8.92 shoulder_lift.pos=-97.03 elbow_flex.pos=+78.02 wrist_flex.pos=+67.84 wrist_roll.pos=-3.31 gripper.pos=+2.04
DEBUG 2026-09-03 09:38:47 [chunk] received 50 actions, timesteps 444..493 | first: shoulder_pan.pos=-7.48 shoulder_lift.pos=-100.18 elbow_flex.pos=+83.42 wrist_flex.pos=+76.52 wrist_roll.pos=+3.10 gripper.pos=+1.94 | last: shoulder_pan.pos=-34.57 shoulder_lift.pos=-101.01 elbow_flex.pos=+85.97 wrist_flex.pos=+70.11 wrist_roll.pos=+2.29 gripper.pos=+1.60
DEBUG 2026-09-03 09:38:47 [action #471] t=18.09s step=470 queue=24 dmax=19.529 | shoulder_pan.pos=-28.45 shoulder_lift.pos=-99.49 elbow_flex.pos=+83.34 wrist_flex.pos=+76.55 wrist_roll.pos=+2.77 gripper.pos=+1.71
DEBUG 2026-09-03 09:38:47 [action #472] t=18.12s step=471 queue=23 dmax=0.981 | shoulder_pan.pos=-28.86 shoulder_lift.pos=-100.47 elbow_flex.pos=+83.95 wrist_flex.pos=+76.64 wrist_roll.pos=+2.81 gripper.pos=+1.50
DEBUG 2026-09-03 09:38:48 [action #473] t=18.16s step=472 queue=22 dmax=0.714 | shoulder_pan.pos=-29.58 shoulder_lift.pos=-99.95 elbow_flex.pos=+83.88 wrist_flex.pos=+76.50 wrist_roll.pos=+2.86 gripper.pos=+1.75
DEBUG 2026-09-03 09:38:48 [action #474] t=18.19s step=473 queue=21 dmax=1.168 | shoulder_pan.pos=-30.30 shoulder_lift.pos=-101.12 elbow_flex.pos=+84.32 wrist_flex.pos=+76.33 wrist_roll.pos=+2.88 gripper.pos=+1.74
DEBUG 2026-09-03 09:38:48 [action #475] t=18.22s step=474 queue=20 dmax=0.685 | shoulder_pan.pos=-30.44 shoulder_lift.pos=-100.43 elbow_flex.pos=+83.96 wrist_flex.pos=+76.23 wrist_roll.pos=+2.77 gripper.pos=+1.64
DEBUG 2026-09-03 09:38:48 [action #476] t=18.26s step=475 queue=19 dmax=0.590 | shoulder_pan.pos=-31.03 shoulder_lift.pos=-100.21 elbow_flex.pos=+83.82 wrist_flex.pos=+76.20 wrist_roll.pos=+2.83 gripper.pos=+1.79
DEBUG 2026-09-03 09:38:48 [action #477] t=18.29s step=476 queue=18 dmax=0.335 | shoulder_pan.pos=-31.34 shoulder_lift.pos=-99.96 elbow_flex.pos=+84.15 wrist_flex.pos=+76.01 wrist_roll.pos=+2.79 gripper.pos=+1.82
DEBUG 2026-09-03 09:38:48 [action #478] t=18.32s step=477 queue=17 dmax=0.336 | shoulder_pan.pos=-31.67 shoulder_lift.pos=-99.83 elbow_flex.pos=+83.94 wrist_flex.pos=+75.81 wrist_roll.pos=+2.80 gripper.pos=+1.79
DEBUG 2026-09-03 09:38:48 [action #479] t=18.36s step=478 queue=16 dmax=0.585 | shoulder_pan.pos=-31.95 shoulder_lift.pos=-100.42 elbow_flex.pos=+84.16 wrist_flex.pos=+75.70 wrist_roll.pos=+2.72 gripper.pos=+1.83
DEBUG 2026-09-03 09:38:48 [action #480] t=18.39s step=479 queue=15 dmax=0.364 | shoulder_pan.pos=-31.95 shoulder_lift.pos=-100.08 elbow_flex.pos=+83.80 wrist_flex.pos=+75.71 wrist_roll.pos=+2.76 gripper.pos=+1.72
DEBUG 2026-09-03 09:38:48 [action #481] t=18.42s step=480 queue=14 dmax=0.199 | shoulder_pan.pos=-32.09 shoulder_lift.pos=-100.20 elbow_flex.pos=+83.88 wrist_flex.pos=+75.51 wrist_roll.pos=+2.74 gripper.pos=+1.70
DEBUG 2026-09-03 09:38:48 [action #482] t=18.46s step=481 queue=13 dmax=0.219 | shoulder_pan.pos=-32.27 shoulder_lift.pos=-100.24 elbow_flex.pos=+84.10 wrist_flex.pos=+75.43 wrist_roll.pos=+2.76 gripper.pos=+1.62
DEBUG 2026-09-03 09:38:48 [action #483] t=18.49s step=482 queue=12 dmax=0.276 | shoulder_pan.pos=-32.54 shoulder_lift.pos=-100.19 elbow_flex.pos=+84.00 wrist_flex.pos=+75.43 wrist_roll.pos=+2.79 gripper.pos=+1.73
DEBUG 2026-09-03 09:38:48 [action #484] t=18.53s step=483 queue=11 dmax=0.246 | shoulder_pan.pos=-32.59 shoulder_lift.pos=-99.94 elbow_flex.pos=+84.17 wrist_flex.pos=+75.23 wrist_roll.pos=+2.79 gripper.pos=+1.65
DEBUG 2026-09-03 09:38:48 [action #485] t=18.56s step=484 queue=10 dmax=0.588 | shoulder_pan.pos=-32.85 shoulder_lift.pos=-100.53 elbow_flex.pos=+83.87 wrist_flex.pos=+75.06 wrist_roll.pos=+2.77 gripper.pos=+1.63
DEBUG 2026-09-03 09:38:48 [action #486] t=18.59s step=485 queue=9 dmax=0.292 | shoulder_pan.pos=-33.15 shoulder_lift.pos=-100.42 elbow_flex.pos=+84.08 wrist_flex.pos=+75.02 wrist_roll.pos=+2.82 gripper.pos=+1.45
DEBUG 2026-09-03 09:38:48 [action #487] t=18.63s step=486 queue=8 dmax=0.423 | shoulder_pan.pos=-33.26 shoulder_lift.pos=-100.85 elbow_flex.pos=+83.79 wrist_flex.pos=+74.73 wrist_roll.pos=+2.82 gripper.pos=+1.58
DEBUG 2026-09-03 09:38:48 [action #488] t=18.66s step=487 queue=7 dmax=0.702 | shoulder_pan.pos=-33.41 shoulder_lift.pos=-100.14 elbow_flex.pos=+83.62 wrist_flex.pos=+74.44 wrist_roll.pos=+2.80 gripper.pos=+1.64
DEBUG 2026-09-03 09:38:48 [action #489] t=18.69s step=488 queue=6 dmax=0.606 | shoulder_pan.pos=-33.62 shoulder_lift.pos=-100.75 elbow_flex.pos=+83.93 wrist_flex.pos=+73.91 wrist_roll.pos=+2.70 gripper.pos=+1.63
DEBUG 2026-09-03 09:38:48 [action #490] t=18.73s step=489 queue=5 dmax=0.822 | shoulder_pan.pos=-33.67 shoulder_lift.pos=-100.74 elbow_flex.pos=+84.28 wrist_flex.pos=+73.09 wrist_roll.pos=+2.62 gripper.pos=+1.59
DEBUG 2026-09-03 09:38:48 [action #491] t=18.76s step=490 queue=4 dmax=0.510 | shoulder_pan.pos=-33.97 shoulder_lift.pos=-101.19 elbow_flex.pos=+84.32 wrist_flex.pos=+72.58 wrist_roll.pos=+2.63 gripper.pos=+1.52
DEBUG 2026-09-03 09:38:48 [action #492] t=18.79s step=491 queue=3 dmax=0.801 | shoulder_pan.pos=-34.22 shoulder_lift.pos=-101.38 elbow_flex.pos=+84.80 wrist_flex.pos=+71.78 wrist_roll.pos=+2.58 gripper.pos=+1.61
DEBUG 2026-09-03 09:38:48 [action #493] t=18.83s step=492 queue=2 dmax=0.912 | shoulder_pan.pos=-34.48 shoulder_lift.pos=-100.92 elbow_flex.pos=+85.30 wrist_flex.pos=+70.87 wrist_roll.pos=+2.45 gripper.pos=+1.53
DEBUG 2026-09-03 09:38:48 [action #494] t=18.86s step=493 queue=1 dmax=0.752 | shoulder_pan.pos=-34.57 shoulder_lift.pos=-101.01 elbow_flex.pos=+85.97 wrist_flex.pos=+70.11 wrist_roll.pos=+2.29 gripper.pos=+1.60
DEBUG 2026-09-03 09:38:48 [chunk] received 50 actions, timesteps 469..518 | first: shoulder_pan.pos=-9.20 shoulder_lift.pos=-95.93 elbow_flex.pos=+76.57 wrist_flex.pos=+69.67 wrist_roll.pos=-2.80 gripper.pos=+1.98 | last: shoulder_pan.pos=-33.84 shoulder_lift.pos=-88.45 elbow_flex.pos=+77.26 wrist_flex.pos=+64.43 wrist_roll.pos=-5.18 gripper.pos=+1.49
DEBUG 2026-09-03 09:38:48 [action #495] t=18.93s step=494 queue=25 dmax=7.793 | shoulder_pan.pos=-28.96 shoulder_lift.pos=-97.19 elbow_flex.pos=+78.17 wrist_flex.pos=+72.15 wrist_roll.pos=-3.29 gripper.pos=+1.95
DEBUG 2026-09-03 09:38:48 [action #496] t=18.96s step=495 queue=24 dmax=0.644 | shoulder_pan.pos=-29.60 shoulder_lift.pos=-96.89 elbow_flex.pos=+78.11 wrist_flex.pos=+72.32 wrist_roll.pos=-3.28 gripper.pos=+2.02
DEBUG 2026-09-03 09:38:48 [action #497] t=18.99s step=496 queue=23 dmax=0.537 | shoulder_pan.pos=-30.14 shoulder_lift.pos=-96.46 elbow_flex.pos=+78.43 wrist_flex.pos=+72.21 wrist_roll.pos=-3.39 gripper.pos=+1.95
DEBUG 2026-09-03 09:38:48 [action #498] t=19.03s step=497 queue=22 dmax=0.437 | shoulder_pan.pos=-30.33 shoulder_lift.pos=-96.33 elbow_flex.pos=+78.00 wrist_flex.pos=+71.92 wrist_roll.pos=-3.38 gripper.pos=+1.76
DEBUG 2026-09-03 09:38:48 [action #499] t=19.06s step=498 queue=21 dmax=0.362 | shoulder_pan.pos=-30.70 shoulder_lift.pos=-96.00 elbow_flex.pos=+77.78 wrist_flex.pos=+71.69 wrist_roll.pos=-3.40 gripper.pos=+1.64
DEBUG 2026-09-03 09:38:48 [action #500] t=19.09s step=499 queue=20 dmax=0.537 | shoulder_pan.pos=-31.23 shoulder_lift.pos=-96.00 elbow_flex.pos=+78.14 wrist_flex.pos=+71.71 wrist_roll.pos=-3.51 gripper.pos=+1.85
DEBUG 2026-09-03 09:38:48 [action #501] t=19.13s step=500 queue=19 dmax=0.515 | shoulder_pan.pos=-31.34 shoulder_lift.pos=-95.48 elbow_flex.pos=+78.53 wrist_flex.pos=+71.27 wrist_roll.pos=-3.58 gripper.pos=+1.80
DEBUG 2026-09-03 09:38:49 [action #502] t=19.16s step=501 queue=18 dmax=0.577 | shoulder_pan.pos=-31.92 shoulder_lift.pos=-95.44 elbow_flex.pos=+78.82 wrist_flex.pos=+70.80 wrist_roll.pos=-3.49 gripper.pos=+1.92
DEBUG 2026-09-03 09:38:49 [action #503] t=19.19s step=502 queue=17 dmax=0.493 | shoulder_pan.pos=-32.15 shoulder_lift.pos=-95.23 elbow_flex.pos=+78.32 wrist_flex.pos=+70.48 wrist_roll.pos=-3.62 gripper.pos=+1.84
DEBUG 2026-09-03 09:38:49 [action #504] t=19.23s step=503 queue=16 dmax=0.594 | shoulder_pan.pos=-32.24 shoulder_lift.pos=-95.14 elbow_flex.pos=+78.92 wrist_flex.pos=+70.21 wrist_roll.pos=-3.58 gripper.pos=+1.87
DEBUG 2026-09-03 09:38:49 [action #505] t=19.26s step=504 queue=15 dmax=1.390 | shoulder_pan.pos=-32.34 shoulder_lift.pos=-94.72 elbow_flex.pos=+77.53 wrist_flex.pos=+69.80 wrist_roll.pos=-3.54 gripper.pos=+1.76
DEBUG 2026-09-03 09:38:49 [action #506] t=19.29s step=505 queue=14 dmax=0.673 | shoulder_pan.pos=-32.48 shoulder_lift.pos=-94.97 elbow_flex.pos=+78.20 wrist_flex.pos=+69.42 wrist_roll.pos=-3.52 gripper.pos=+1.68
DEBUG 2026-09-03 09:38:49 [action #507] t=19.33s step=506 queue=13 dmax=0.474 | shoulder_pan.pos=-32.44 shoulder_lift.pos=-95.44 elbow_flex.pos=+78.15 wrist_flex.pos=+69.11 wrist_roll.pos=-3.56 gripper.pos=+1.71
DEBUG 2026-09-03 09:38:49 [action #508] t=19.36s step=507 queue=12 dmax=0.498 | shoulder_pan.pos=-32.47 shoulder_lift.pos=-94.95 elbow_flex.pos=+78.32 wrist_flex.pos=+68.61 wrist_roll.pos=-3.57 gripper.pos=+1.76
DEBUG 2026-09-03 09:38:49 [action #509] t=19.39s step=508 queue=11 dmax=0.659 | shoulder_pan.pos=-32.59 shoulder_lift.pos=-94.29 elbow_flex.pos=+77.99 wrist_flex.pos=+68.31 wrist_roll.pos=-3.69 gripper.pos=+1.61
DEBUG 2026-09-03 09:38:49 [action #510] t=19.43s step=509 queue=10 dmax=1.089 | shoulder_pan.pos=-32.75 shoulder_lift.pos=-93.86 elbow_flex.pos=+78.11 wrist_flex.pos=+67.22 wrist_roll.pos=-3.78 gripper.pos=+1.60
DEBUG 2026-09-03 09:38:49 [action #511] t=19.46s step=510 queue=9 dmax=0.610 | shoulder_pan.pos=-33.00 shoulder_lift.pos=-93.53 elbow_flex.pos=+78.41 wrist_flex.pos=+66.61 wrist_roll.pos=-3.76 gripper.pos=+1.63
DEBUG 2026-09-03 09:38:49 [action #512] t=19.50s step=511 queue=8 dmax=0.540 | shoulder_pan.pos=-33.51 shoulder_lift.pos=-93.38 elbow_flex.pos=+78.72 wrist_flex.pos=+66.07 wrist_roll.pos=-3.83 gripper.pos=+1.76
DEBUG 2026-09-03 09:38:49 [action #513] t=19.53s step=512 queue=7 dmax=0.293 | shoulder_pan.pos=-33.80 shoulder_lift.pos=-93.44 elbow_flex.pos=+78.47 wrist_flex.pos=+65.78 wrist_roll.pos=-3.81 gripper.pos=+1.63
DEBUG 2026-09-03 09:38:49 [action #514] t=19.56s step=513 queue=6 dmax=1.427 | shoulder_pan.pos=-33.86 shoulder_lift.pos=-92.01 elbow_flex.pos=+78.69 wrist_flex.pos=+65.63 wrist_roll.pos=-3.81 gripper.pos=+1.63
DEBUG 2026-09-03 09:38:49 [action #515] t=19.60s step=514 queue=5 dmax=0.623 | shoulder_pan.pos=-33.59 shoulder_lift.pos=-92.15 elbow_flex.pos=+78.07 wrist_flex.pos=+65.38 wrist_roll.pos=-3.98 gripper.pos=+1.62
DEBUG 2026-09-03 09:38:49 [action #516] t=19.63s step=515 queue=4 dmax=1.205 | shoulder_pan.pos=-33.73 shoulder_lift.pos=-90.95 elbow_flex.pos=+77.86 wrist_flex.pos=+65.20 wrist_roll.pos=-4.27 gripper.pos=+1.77
DEBUG 2026-09-03 09:38:49 [action #517] t=19.66s step=516 queue=3 dmax=1.541 | shoulder_pan.pos=-33.55 shoulder_lift.pos=-89.41 elbow_flex.pos=+77.78 wrist_flex.pos=+65.41 wrist_roll.pos=-4.52 gripper.pos=+1.48
DEBUG 2026-09-03 09:38:49 [action #518] t=19.70s step=517 queue=2 dmax=0.813 | shoulder_pan.pos=-33.68 shoulder_lift.pos=-89.83 elbow_flex.pos=+76.97 wrist_flex.pos=+64.91 wrist_roll.pos=-4.81 gripper.pos=+1.49
DEBUG 2026-09-03 09:38:49 [action #519] t=19.73s step=518 queue=1 dmax=1.384 | shoulder_pan.pos=-33.84 shoulder_lift.pos=-88.45 elbow_flex.pos=+77.26 wrist_flex.pos=+64.43 wrist_roll.pos=-5.18 gripper.pos=+1.49
DEBUG 2026-09-03 09:38:49 [chunk] received 50 actions, timesteps 493..542 | first: shoulder_pan.pos=-37.01 shoulder_lift.pos=-97.81 elbow_flex.pos=+81.61 wrist_flex.pos=+72.33 wrist_roll.pos=+2.24 gripper.pos=+1.71 | last: shoulder_pan.pos=-39.31 shoulder_lift.pos=-73.02 elbow_flex.pos=+66.09 wrist_flex.pos=+55.42 wrist_roll.pos=-3.42 gripper.pos=+2.29
DEBUG 2026-09-03 09:38:49 [action #520] t=19.80s step=519 queue=24 dmax=9.878 | shoulder_pan.pos=-39.56 shoulder_lift.pos=-98.33 elbow_flex.pos=+78.01 wrist_flex.pos=+64.99 wrist_roll.pos=+1.24 gripper.pos=+2.20
DEBUG 2026-09-03 09:38:49 [action #521] t=19.83s step=520 queue=23 dmax=0.905 | shoulder_pan.pos=-40.05 shoulder_lift.pos=-99.23 elbow_flex.pos=+77.64 wrist_flex.pos=+65.07 wrist_roll.pos=+1.07 gripper.pos=+2.08
DEBUG 2026-09-03 09:38:49 [action #522] t=19.86s step=521 queue=22 dmax=1.381 | shoulder_pan.pos=-39.80 shoulder_lift.pos=-97.85 elbow_flex.pos=+78.32 wrist_flex.pos=+65.26 wrist_roll.pos=+0.90 gripper.pos=+1.83
DEBUG 2026-09-03 09:38:49 [action #523] t=19.90s step=522 queue=21 dmax=0.906 | shoulder_pan.pos=-39.83 shoulder_lift.pos=-98.15 elbow_flex.pos=+77.41 wrist_flex.pos=+65.03 wrist_roll.pos=+0.70 gripper.pos=+1.86
DEBUG 2026-09-03 09:38:49 [action #524] t=19.93s step=523 queue=20 dmax=0.374 | shoulder_pan.pos=-39.85 shoulder_lift.pos=-98.06 elbow_flex.pos=+77.79 wrist_flex.pos=+64.83 wrist_roll.pos=+0.41 gripper.pos=+2.04
DEBUG 2026-09-03 09:38:49 [action #525] t=19.96s step=524 queue=19 dmax=1.673 | shoulder_pan.pos=-39.58 shoulder_lift.pos=-97.22 elbow_flex.pos=+76.11 wrist_flex.pos=+64.81 wrist_roll.pos=-0.16 gripper.pos=+1.99
DEBUG 2026-09-03 09:38:49 [action #526] t=20.00s step=525 queue=18 dmax=0.622 | shoulder_pan.pos=-39.55 shoulder_lift.pos=-97.60 elbow_flex.pos=+76.20 wrist_flex.pos=+64.30 wrist_roll.pos=-0.78 gripper.pos=+1.79
DEBUG 2026-09-03 09:38:49 [action #527] t=20.03s step=526 queue=17 dmax=0.917 | shoulder_pan.pos=-39.63 shoulder_lift.pos=-97.52 elbow_flex.pos=+76.82 wrist_flex.pos=+63.60 wrist_roll.pos=-1.70 gripper.pos=+1.76
DEBUG 2026-09-03 09:38:49 [action #528] t=20.06s step=527 queue=16 dmax=1.173 | shoulder_pan.pos=-39.22 shoulder_lift.pos=-96.35 elbow_flex.pos=+76.41 wrist_flex.pos=+63.06 wrist_roll.pos=-2.39 gripper.pos=+2.13
DEBUG 2026-09-03 09:38:49 [action #529] t=20.10s step=528 queue=15 dmax=0.813 | shoulder_pan.pos=-39.69 shoulder_lift.pos=-95.97 elbow_flex.pos=+76.15 wrist_flex.pos=+62.24 wrist_roll.pos=-2.58 gripper.pos=+2.07
DEBUG 2026-09-03 09:38:49 [action #530] t=20.13s step=529 queue=14 dmax=0.525 | shoulder_pan.pos=-39.17 shoulder_lift.pos=-95.91 elbow_flex.pos=+76.56 wrist_flex.pos=+61.97 wrist_roll.pos=-2.99 gripper.pos=+2.18
DEBUG 2026-09-03 09:38:50 [action #531] t=20.16s step=530 queue=13 dmax=1.181 | shoulder_pan.pos=-39.48 shoulder_lift.pos=-94.73 elbow_flex.pos=+76.29 wrist_flex.pos=+61.77 wrist_roll.pos=-3.02 gripper.pos=+2.09
DEBUG 2026-09-03 09:38:50 [action #532] t=20.20s step=531 queue=12 dmax=1.692 | shoulder_pan.pos=-39.45 shoulder_lift.pos=-94.39 elbow_flex.pos=+74.60 wrist_flex.pos=+61.18 wrist_roll.pos=-3.05 gripper.pos=+1.97
DEBUG 2026-09-03 09:38:50 [action #533] t=20.23s step=532 queue=11 dmax=2.282 | shoulder_pan.pos=-39.30 shoulder_lift.pos=-92.11 elbow_flex.pos=+75.15 wrist_flex.pos=+60.92 wrist_roll.pos=-3.08 gripper.pos=+2.04
DEBUG 2026-09-03 09:38:50 [action #534] t=20.26s step=533 queue=10 dmax=1.308 | shoulder_pan.pos=-39.69 shoulder_lift.pos=-90.80 elbow_flex.pos=+74.15 wrist_flex.pos=+60.57 wrist_roll.pos=-3.06 gripper.pos=+2.04
DEBUG 2026-09-03 09:38:50 [action #535] t=20.30s step=534 queue=9 dmax=1.877 | shoulder_pan.pos=-39.73 shoulder_lift.pos=-88.93 elbow_flex.pos=+72.87 wrist_flex.pos=+59.85 wrist_roll.pos=-3.23 gripper.pos=+1.92
DEBUG 2026-09-03 09:38:50 [action #536] t=20.33s step=535 queue=8 dmax=1.115 | shoulder_pan.pos=-39.30 shoulder_lift.pos=-87.81 elbow_flex.pos=+72.63 wrist_flex.pos=+58.85 wrist_roll.pos=-3.17 gripper.pos=+2.09
DEBUG 2026-09-03 09:38:50 [action #537] t=20.36s step=536 queue=7 dmax=1.649 | shoulder_pan.pos=-39.45 shoulder_lift.pos=-86.16 elbow_flex.pos=+71.41 wrist_flex.pos=+59.01 wrist_roll.pos=-3.31 gripper.pos=+2.38
DEBUG 2026-09-03 09:38:50 [action #538] t=20.40s step=537 queue=6 dmax=1.461 | shoulder_pan.pos=-39.60 shoulder_lift.pos=-84.70 elbow_flex.pos=+70.80 wrist_flex.pos=+58.65 wrist_roll.pos=-3.24 gripper.pos=+2.23
DEBUG 2026-09-03 09:38:50 [action #539] t=20.43s step=538 queue=5 dmax=1.880 | shoulder_pan.pos=-39.51 shoulder_lift.pos=-82.82 elbow_flex.pos=+70.41 wrist_flex.pos=+58.11 wrist_roll.pos=-3.20 gripper.pos=+2.16
DEBUG 2026-09-03 09:38:50 [action #540] t=20.47s step=539 queue=4 dmax=2.703 | shoulder_pan.pos=-39.13 shoulder_lift.pos=-80.12 elbow_flex.pos=+69.46 wrist_flex.pos=+57.85 wrist_roll.pos=-3.29 gripper.pos=+2.33
DEBUG 2026-09-03 09:38:50 [action #541] t=20.50s step=540 queue=3 dmax=1.507 | shoulder_pan.pos=-39.46 shoulder_lift.pos=-78.61 elbow_flex.pos=+67.96 wrist_flex.pos=+57.08 wrist_roll.pos=-3.29 gripper.pos=+2.29
DEBUG 2026-09-03 09:38:50 [action #542] t=20.53s step=541 queue=2 dmax=3.647 | shoulder_pan.pos=-39.34 shoulder_lift.pos=-74.96 elbow_flex.pos=+67.25 wrist_flex.pos=+56.74 wrist_roll.pos=-3.52 gripper.pos=+2.18
DEBUG 2026-09-03 09:38:50 [action #543] t=20.57s step=542 queue=1 dmax=1.943 | shoulder_pan.pos=-39.31 shoulder_lift.pos=-73.02 elbow_flex.pos=+66.09 wrist_flex.pos=+55.42 wrist_roll.pos=-3.42 gripper.pos=+2.29
DEBUG 2026-09-03 09:38:50 [chunk] received 50 actions, timesteps 518..567 | first: shoulder_pan.pos=-36.10 shoulder_lift.pos=-88.89 elbow_flex.pos=+76.76 wrist_flex.pos=+64.93 wrist_roll.pos=-4.09 gripper.pos=+2.23 | last: shoulder_pan.pos=-37.48 shoulder_lift.pos=-41.20 elbow_flex.pos=+44.76 wrist_flex.pos=+53.58 wrist_roll.pos=-7.86 gripper.pos=+2.74
DEBUG 2026-09-03 09:38:50 [action #544] t=20.70s step=543 queue=25 dmax=8.131 | shoulder_pan.pos=-37.86 shoulder_lift.pos=-81.15 elbow_flex.pos=+69.10 wrist_flex.pos=+60.82 wrist_roll.pos=-7.36 gripper.pos=+2.17
DEBUG 2026-09-03 09:38:50 [action #545] t=20.73s step=544 queue=24 dmax=1.869 | shoulder_pan.pos=-37.99 shoulder_lift.pos=-79.28 elbow_flex.pos=+68.39 wrist_flex.pos=+60.52 wrist_roll.pos=-7.64 gripper.pos=+2.31
DEBUG 2026-09-03 09:38:50 [action #546] t=20.77s step=545 queue=23 dmax=2.106 | shoulder_pan.pos=-38.06 shoulder_lift.pos=-77.65 elbow_flex.pos=+66.29 wrist_flex.pos=+60.27 wrist_roll.pos=-7.77 gripper.pos=+2.28
DEBUG 2026-09-03 09:38:50 [action #547] t=20.80s step=546 queue=22 dmax=1.524 | shoulder_pan.pos=-37.72 shoulder_lift.pos=-76.13 elbow_flex.pos=+65.91 wrist_flex.pos=+59.95 wrist_roll.pos=-7.64 gripper.pos=+2.21
DEBUG 2026-09-03 09:38:50 [action #548] t=20.83s step=547 queue=21 dmax=1.571 | shoulder_pan.pos=-37.81 shoulder_lift.pos=-74.56 elbow_flex.pos=+64.74 wrist_flex.pos=+59.56 wrist_roll.pos=-7.73 gripper.pos=+2.32
DEBUG 2026-09-03 09:38:50 [action #549] t=20.87s step=548 queue=20 dmax=1.956 | shoulder_pan.pos=-37.82 shoulder_lift.pos=-72.60 elbow_flex.pos=+63.25 wrist_flex.pos=+59.11 wrist_roll.pos=-7.69 gripper.pos=+2.19
DEBUG 2026-09-03 09:38:50 [action #550] t=20.90s step=549 queue=19 dmax=1.637 | shoulder_pan.pos=-37.97 shoulder_lift.pos=-70.96 elbow_flex.pos=+62.26 wrist_flex.pos=+58.76 wrist_roll.pos=-7.63 gripper.pos=+2.30
DEBUG 2026-09-03 09:38:50 [action #551] t=20.93s step=550 queue=18 dmax=1.902 | shoulder_pan.pos=-37.83 shoulder_lift.pos=-69.06 elbow_flex.pos=+61.16 wrist_flex.pos=+58.73 wrist_roll.pos=-7.40 gripper.pos=+2.28
DEBUG 2026-09-03 09:38:50 [action #552] t=20.97s step=551 queue=17 dmax=2.182 | shoulder_pan.pos=-37.55 shoulder_lift.pos=-66.88 elbow_flex.pos=+60.24 wrist_flex.pos=+58.22 wrist_roll.pos=-7.35 gripper.pos=+2.38
DEBUG 2026-09-03 09:38:50 [action #553] t=21.00s step=552 queue=16 dmax=1.376 | shoulder_pan.pos=-37.61 shoulder_lift.pos=-65.86 elbow_flex.pos=+58.87 wrist_flex.pos=+58.06 wrist_roll.pos=-7.53 gripper.pos=+2.41
DEBUG 2026-09-03 09:38:50 [action #554] t=21.03s step=553 queue=15 dmax=2.112 | shoulder_pan.pos=-38.03 shoulder_lift.pos=-63.75 elbow_flex.pos=+56.75 wrist_flex.pos=+58.19 wrist_roll.pos=-7.53 gripper.pos=+2.24
DEBUG 2026-09-03 09:38:50 [action #555] t=21.07s step=554 queue=14 dmax=1.774 | shoulder_pan.pos=-37.92 shoulder_lift.pos=-61.98 elbow_flex.pos=+55.55 wrist_flex.pos=+57.67 wrist_roll.pos=-7.51 gripper.pos=+2.32
DEBUG 2026-09-03 09:38:50 [action #556] t=21.10s step=555 queue=13 dmax=1.504 | shoulder_pan.pos=-37.82 shoulder_lift.pos=-60.48 elbow_flex.pos=+54.80 wrist_flex.pos=+57.08 wrist_roll.pos=-7.70 gripper.pos=+2.30
DEBUG 2026-09-03 09:38:50 [action #557] t=21.13s step=556 queue=12 dmax=2.226 | shoulder_pan.pos=-37.75 shoulder_lift.pos=-58.25 elbow_flex.pos=+53.90 wrist_flex.pos=+56.85 wrist_roll.pos=-7.66 gripper.pos=+2.38
DEBUG 2026-09-03 09:38:51 [action #558] t=21.17s step=557 queue=11 dmax=1.466 | shoulder_pan.pos=-37.63 shoulder_lift.pos=-56.78 elbow_flex.pos=+53.14 wrist_flex.pos=+56.22 wrist_roll.pos=-7.76 gripper.pos=+2.39
DEBUG 2026-09-03 09:38:51 [action #559] t=21.20s step=558 queue=10 dmax=1.655 | shoulder_pan.pos=-37.78 shoulder_lift.pos=-55.13 elbow_flex.pos=+52.17 wrist_flex.pos=+55.64 wrist_roll.pos=-7.77 gripper.pos=+2.42
DEBUG 2026-09-03 09:38:51 [action #560] t=21.23s step=559 queue=9 dmax=1.548 | shoulder_pan.pos=-37.73 shoulder_lift.pos=-53.58 elbow_flex.pos=+51.67 wrist_flex.pos=+55.10 wrist_roll.pos=-7.74 gripper.pos=+2.41
DEBUG 2026-09-03 09:38:51 [action #561] t=21.27s step=560 queue=8 dmax=1.752 | shoulder_pan.pos=-37.61 shoulder_lift.pos=-51.83 elbow_flex.pos=+50.58 wrist_flex.pos=+54.78 wrist_roll.pos=-7.68 gripper.pos=+2.46
DEBUG 2026-09-03 09:38:51 [action #562] t=21.30s step=561 queue=7 dmax=1.288 | shoulder_pan.pos=-37.73 shoulder_lift.pos=-50.54 elbow_flex.pos=+50.06 wrist_flex.pos=+54.31 wrist_roll.pos=-7.75 gripper.pos=+2.47
DEBUG 2026-09-03 09:38:51 [action #563] t=21.33s step=562 queue=6 dmax=1.356 | shoulder_pan.pos=-37.95 shoulder_lift.pos=-49.24 elbow_flex.pos=+48.71 wrist_flex.pos=+54.20 wrist_roll.pos=-7.65 gripper.pos=+2.43
DEBUG 2026-09-03 09:38:51 [action #564] t=21.37s step=563 queue=5 dmax=1.584 | shoulder_pan.pos=-37.80 shoulder_lift.pos=-47.65 elbow_flex.pos=+48.46 wrist_flex.pos=+53.79 wrist_roll.pos=-7.81 gripper.pos=+2.64
DEBUG 2026-09-03 09:38:51 [action #565] t=21.40s step=564 queue=4 dmax=1.663 | shoulder_pan.pos=-37.77 shoulder_lift.pos=-45.99 elbow_flex.pos=+47.71 wrist_flex.pos=+53.75 wrist_roll.pos=-7.75 gripper.pos=+2.52
DEBUG 2026-09-03 09:38:51 [action #566] t=21.43s step=565 queue=3 dmax=2.005 | shoulder_pan.pos=-37.70 shoulder_lift.pos=-43.98 elbow_flex.pos=+46.57 wrist_flex.pos=+53.69 wrist_roll.pos=-7.87 gripper.pos=+2.78
DEBUG 2026-09-03 09:38:51 [action #567] t=21.47s step=566 queue=2 dmax=0.659 | shoulder_pan.pos=-37.68 shoulder_lift.pos=-43.33 elbow_flex.pos=+45.94 wrist_flex.pos=+53.57 wrist_roll.pos=-7.71 gripper.pos=+2.52
DEBUG 2026-09-03 09:38:51 [action #568] t=21.50s step=567 queue=1 dmax=2.123 | shoulder_pan.pos=-37.48 shoulder_lift.pos=-41.20 elbow_flex.pos=+44.76 wrist_flex.pos=+53.58 wrist_roll.pos=-7.86 gripper.pos=+2.74
DEBUG 2026-09-03 09:38:51 [chunk] received 50 actions, timesteps 542..591 | first: shoulder_pan.pos=-38.66 shoulder_lift.pos=-67.72 elbow_flex.pos=+62.90 wrist_flex.pos=+55.09 wrist_roll.pos=-2.88 gripper.pos=+2.60 | last: shoulder_pan.pos=-36.85 shoulder_lift.pos=-15.00 elbow_flex.pos=+18.55 wrist_flex.pos=+64.64 wrist_roll.pos=-6.96 gripper.pos=+10.60
DEBUG 2026-09-03 09:38:51 [action #569] t=21.60s step=568 queue=24 dmax=2.734 | shoulder_pan.pos=-38.52 shoulder_lift.pos=-43.94 elbow_flex.pos=+44.38 wrist_flex.pos=+53.95 wrist_roll.pos=-5.81 gripper.pos=+2.00
DEBUG 2026-09-03 09:38:51 [action #570] t=21.64s step=569 queue=23 dmax=1.967 | shoulder_pan.pos=-38.42 shoulder_lift.pos=-41.97 elbow_flex.pos=+43.16 wrist_flex.pos=+53.87 wrist_roll.pos=-5.75 gripper.pos=+1.94
DEBUG 2026-09-03 09:38:51 [action #571] t=21.67s step=570 queue=22 dmax=0.946 | shoulder_pan.pos=-38.48 shoulder_lift.pos=-41.66 elbow_flex.pos=+42.21 wrist_flex.pos=+54.39 wrist_roll.pos=-5.83 gripper.pos=+2.03
DEBUG 2026-09-03 09:38:51 [action #572] t=21.70s step=571 queue=21 dmax=2.023 | shoulder_pan.pos=-38.14 shoulder_lift.pos=-39.66 elbow_flex.pos=+40.19 wrist_flex.pos=+55.16 wrist_roll.pos=-5.90 gripper.pos=+2.02
DEBUG 2026-09-03 09:38:51 [action #573] t=21.74s step=572 queue=20 dmax=1.643 | shoulder_pan.pos=-38.10 shoulder_lift.pos=-38.02 elbow_flex.pos=+38.86 wrist_flex.pos=+55.57 wrist_roll.pos=-5.99 gripper.pos=+2.15
DEBUG 2026-09-03 09:38:51 [action #574] t=21.77s step=573 queue=19 dmax=2.014 | shoulder_pan.pos=-38.31 shoulder_lift.pos=-36.18 elbow_flex.pos=+36.84 wrist_flex.pos=+56.00 wrist_roll.pos=-6.26 gripper.pos=+1.98
DEBUG 2026-09-03 09:38:51 [action #575] t=21.80s step=574 queue=18 dmax=2.010 | shoulder_pan.pos=-37.95 shoulder_lift.pos=-35.21 elbow_flex.pos=+34.83 wrist_flex.pos=+56.70 wrist_roll.pos=-6.05 gripper.pos=+2.09
DEBUG 2026-09-03 09:38:51 [action #576] t=21.84s step=575 queue=17 dmax=2.006 | shoulder_pan.pos=-37.77 shoulder_lift.pos=-33.21 elbow_flex.pos=+33.95 wrist_flex.pos=+56.94 wrist_roll.pos=-6.16 gripper.pos=+1.99
DEBUG 2026-09-03 09:38:51 [action #577] t=21.87s step=576 queue=16 dmax=1.563 | shoulder_pan.pos=-37.62 shoulder_lift.pos=-32.06 elbow_flex.pos=+32.38 wrist_flex.pos=+57.47 wrist_roll.pos=-6.11 gripper.pos=+2.07
DEBUG 2026-09-03 09:38:51 [action #578] t=21.90s step=577 queue=15 dmax=2.130 | shoulder_pan.pos=-37.93 shoulder_lift.pos=-29.93 elbow_flex.pos=+30.94 wrist_flex.pos=+58.19 wrist_roll.pos=-6.26 gripper.pos=+2.04
DEBUG 2026-09-03 09:38:51 [action #579] t=21.94s step=578 queue=14 dmax=1.497 | shoulder_pan.pos=-37.67 shoulder_lift.pos=-29.01 elbow_flex.pos=+29.44 wrist_flex.pos=+58.81 wrist_roll.pos=-6.58 gripper.pos=+2.08
DEBUG 2026-09-03 09:38:51 [action #580] t=21.97s step=579 queue=13 dmax=1.960 | shoulder_pan.pos=-37.70 shoulder_lift.pos=-27.05 elbow_flex.pos=+27.96 wrist_flex.pos=+59.32 wrist_roll.pos=-6.67 gripper.pos=+2.02
DEBUG 2026-09-03 09:38:51 [action #581] t=22.00s step=580 queue=12 dmax=1.294 | shoulder_pan.pos=-37.92 shoulder_lift.pos=-26.35 elbow_flex.pos=+26.66 wrist_flex.pos=+60.02 wrist_roll.pos=-6.79 gripper.pos=+2.04
DEBUG 2026-09-03 09:38:51 [action #582] t=22.04s step=581 queue=11 dmax=2.403 | shoulder_pan.pos=-37.69 shoulder_lift.pos=-23.94 elbow_flex.pos=+25.82 wrist_flex.pos=+60.36 wrist_roll.pos=-6.82 gripper.pos=+2.00
DEBUG 2026-09-03 09:38:51 [action #583] t=22.07s step=582 queue=10 dmax=1.274 | shoulder_pan.pos=-37.48 shoulder_lift.pos=-23.38 elbow_flex.pos=+24.55 wrist_flex.pos=+60.63 wrist_roll.pos=-6.69 gripper.pos=+1.96
DEBUG 2026-09-03 09:38:51 [action #584] t=22.10s step=583 queue=9 dmax=1.649 | shoulder_pan.pos=-37.28 shoulder_lift.pos=-21.73 elbow_flex.pos=+24.45 wrist_flex.pos=+61.03 wrist_roll.pos=-6.81 gripper.pos=+2.07
DEBUG 2026-09-03 09:38:51 [action #585] t=22.14s step=584 queue=8 dmax=1.333 | shoulder_pan.pos=-37.19 shoulder_lift.pos=-21.24 elbow_flex.pos=+23.12 wrist_flex.pos=+61.33 wrist_roll.pos=-6.81 gripper.pos=+2.03
DEBUG 2026-09-03 09:38:52 [action #586] t=22.17s step=585 queue=7 dmax=1.804 | shoulder_pan.pos=-37.00 shoulder_lift.pos=-19.44 elbow_flex.pos=+22.05 wrist_flex.pos=+61.70 wrist_roll.pos=-6.80 gripper.pos=+1.87
DEBUG 2026-09-03 09:38:52 [action #587] t=22.20s step=586 queue=6 dmax=0.560 | shoulder_pan.pos=-36.94 shoulder_lift.pos=-19.10 elbow_flex.pos=+21.93 wrist_flex.pos=+62.26 wrist_roll.pos=-6.90 gripper.pos=+2.23
DEBUG 2026-09-03 09:38:52 [action #588] t=22.24s step=587 queue=5 dmax=0.998 | shoulder_pan.pos=-36.68 shoulder_lift.pos=-18.37 elbow_flex.pos=+20.93 wrist_flex.pos=+62.55 wrist_roll.pos=-6.83 gripper.pos=+2.30
DEBUG 2026-09-03 09:38:52 [action #589] t=22.27s step=588 queue=4 dmax=0.865 | shoulder_pan.pos=-36.91 shoulder_lift.pos=-17.51 elbow_flex.pos=+20.45 wrist_flex.pos=+63.41 wrist_roll.pos=-6.69 gripper.pos=+3.16
DEBUG 2026-09-03 09:38:52 [action #590] t=22.30s step=589 queue=3 dmax=2.086 | shoulder_pan.pos=-36.81 shoulder_lift.pos=-17.07 elbow_flex.pos=+19.33 wrist_flex.pos=+63.90 wrist_roll.pos=-6.85 gripper.pos=+5.24
DEBUG 2026-09-03 09:38:52 [action #591] t=22.34s step=590 queue=2 dmax=2.678 | shoulder_pan.pos=-36.99 shoulder_lift.pos=-15.69 elbow_flex.pos=+19.67 wrist_flex.pos=+64.29 wrist_roll.pos=-6.80 gripper.pos=+7.92
DEBUG 2026-09-03 09:38:52 [action #592] t=22.37s step=591 queue=1 dmax=2.683 | shoulder_pan.pos=-36.85 shoulder_lift.pos=-15.00 elbow_flex.pos=+18.55 wrist_flex.pos=+64.64 wrist_roll.pos=-6.96 gripper.pos=+10.60
DEBUG 2026-09-03 09:38:52 [chunk] received 50 actions, timesteps 567..616 | first: shoulder_pan.pos=-39.31 shoulder_lift.pos=-38.45 elbow_flex.pos=+42.52 wrist_flex.pos=+55.00 wrist_roll.pos=-7.44 gripper.pos=+3.72 | last: shoulder_pan.pos=-41.17 shoulder_lift.pos=+12.79 elbow_flex.pos=-3.21 wrist_flex.pos=+73.67 wrist_roll.pos=-8.20 gripper.pos=+32.89
DEBUG 2026-09-03 09:38:52 [action #593] t=22.47s step=592 queue=25 dmax=8.736 | shoulder_pan.pos=-39.73 shoulder_lift.pos=-7.52 elbow_flex.pos=+12.47 wrist_flex.pos=+62.48 wrist_roll.pos=-8.33 gripper.pos=+1.87
DEBUG 2026-09-03 09:38:52 [action #594] t=22.51s step=593 queue=24 dmax=1.126 | shoulder_pan.pos=-39.77 shoulder_lift.pos=-6.39 elbow_flex.pos=+11.83 wrist_flex.pos=+63.21 wrist_roll.pos=-8.31 gripper.pos=+2.54
DEBUG 2026-09-03 09:38:52 [action #595] t=22.54s step=594 queue=23 dmax=2.431 | shoulder_pan.pos=-39.53 shoulder_lift.pos=-5.90 elbow_flex.pos=+10.93 wrist_flex.pos=+64.03 wrist_roll.pos=-8.33 gripper.pos=+4.97
DEBUG 2026-09-03 09:38:52 [action #596] t=22.57s step=595 queue=22 dmax=3.702 | shoulder_pan.pos=-39.75 shoulder_lift.pos=-5.62 elbow_flex.pos=+9.90 wrist_flex.pos=+65.07 wrist_roll.pos=-8.40 gripper.pos=+8.67
DEBUG 2026-09-03 09:38:52 [action #597] t=22.61s step=596 queue=21 dmax=4.212 | shoulder_pan.pos=-40.08 shoulder_lift.pos=-4.77 elbow_flex.pos=+8.74 wrist_flex.pos=+66.02 wrist_roll.pos=-8.67 gripper.pos=+12.88
DEBUG 2026-09-03 09:38:52 [action #598] t=22.64s step=597 queue=20 dmax=3.925 | shoulder_pan.pos=-40.30 shoulder_lift.pos=-4.15 elbow_flex.pos=+8.17 wrist_flex.pos=+66.89 wrist_roll.pos=-8.80 gripper.pos=+16.81
DEBUG 2026-09-03 09:38:52 [action #599] t=22.67s step=598 queue=19 dmax=2.982 | shoulder_pan.pos=-40.40 shoulder_lift.pos=-3.11 elbow_flex.pos=+6.99 wrist_flex.pos=+67.68 wrist_roll.pos=-8.97 gripper.pos=+19.79
DEBUG 2026-09-03 09:38:52 [action #600] t=22.71s step=599 queue=18 dmax=2.365 | shoulder_pan.pos=-40.63 shoulder_lift.pos=-2.79 elbow_flex.pos=+6.44 wrist_flex.pos=+68.19 wrist_roll.pos=-8.97 gripper.pos=+22.16
DEBUG 2026-09-03 09:38:52 [action #601] t=22.74s step=600 queue=17 dmax=1.583 | shoulder_pan.pos=-40.65 shoulder_lift.pos=-1.62 elbow_flex.pos=+6.15 wrist_flex.pos=+68.50 wrist_roll.pos=-8.93 gripper.pos=+23.74
DEBUG 2026-09-03 09:38:52 [action #602] t=22.77s step=601 queue=16 dmax=1.083 | shoulder_pan.pos=-40.43 shoulder_lift.pos=-0.61 elbow_flex.pos=+5.62 wrist_flex.pos=+68.87 wrist_roll.pos=-8.78 gripper.pos=+24.82
DEBUG 2026-09-03 09:38:52 [action #603] t=22.81s step=602 queue=15 dmax=0.726 | shoulder_pan.pos=-40.61 shoulder_lift.pos=+0.10 elbow_flex.pos=+4.89 wrist_flex.pos=+69.29 wrist_roll.pos=-8.69 gripper.pos=+25.36
DEBUG 2026-09-03 09:38:52 [action #604] t=22.84s step=603 queue=14 dmax=0.877 | shoulder_pan.pos=-40.74 shoulder_lift.pos=+0.98 elbow_flex.pos=+4.49 wrist_flex.pos=+69.14 wrist_roll.pos=-8.77 gripper.pos=+25.72
DEBUG 2026-09-03 09:38:52 [action #605] t=22.87s step=604 queue=13 dmax=1.319 | shoulder_pan.pos=-40.82 shoulder_lift.pos=+1.28 elbow_flex.pos=+3.18 wrist_flex.pos=+69.56 wrist_roll.pos=-8.58 gripper.pos=+25.93
DEBUG 2026-09-03 09:38:52 [action #606] t=22.91s step=605 queue=12 dmax=1.466 | shoulder_pan.pos=-40.61 shoulder_lift.pos=+2.75 elbow_flex.pos=+3.28 wrist_flex.pos=+69.77 wrist_roll.pos=-8.55 gripper.pos=+26.28
DEBUG 2026-09-03 09:38:52 [action #607] t=22.94s step=606 queue=11 dmax=0.989 | shoulder_pan.pos=-40.61 shoulder_lift.pos=+3.74 elbow_flex.pos=+2.46 wrist_flex.pos=+69.90 wrist_roll.pos=-8.58 gripper.pos=+26.83
DEBUG 2026-09-03 09:38:52 [action #608] t=22.97s step=607 queue=10 dmax=0.789 | shoulder_pan.pos=-40.65 shoulder_lift.pos=+4.53 elbow_flex.pos=+1.96 wrist_flex.pos=+70.35 wrist_roll.pos=-8.50 gripper.pos=+27.36
DEBUG 2026-09-03 09:38:52 [action #609] t=23.01s step=608 queue=9 dmax=0.980 | shoulder_pan.pos=-40.61 shoulder_lift.pos=+5.39 elbow_flex.pos=+0.98 wrist_flex.pos=+70.65 wrist_roll.pos=-8.45 gripper.pos=+28.31
DEBUG 2026-09-03 09:38:52 [action #610] t=23.04s step=609 queue=8 dmax=0.826 | shoulder_pan.pos=-40.63 shoulder_lift.pos=+6.22 elbow_flex.pos=+0.32 wrist_flex.pos=+71.21 wrist_roll.pos=-8.46 gripper.pos=+29.05
DEBUG 2026-09-03 09:38:52 [action #611] t=23.07s step=610 queue=7 dmax=0.972 | shoulder_pan.pos=-40.65 shoulder_lift.pos=+7.19 elbow_flex.pos=-0.12 wrist_flex.pos=+71.60 wrist_roll.pos=-8.38 gripper.pos=+29.76
DEBUG 2026-09-03 09:38:52 [action #612] t=23.11s step=611 queue=6 dmax=1.073 | shoulder_pan.pos=-40.51 shoulder_lift.pos=+8.12 elbow_flex.pos=-0.48 wrist_flex.pos=+72.02 wrist_roll.pos=-8.33 gripper.pos=+30.84
DEBUG 2026-09-03 09:38:52 [action #613] t=23.14s step=612 queue=5 dmax=0.891 | shoulder_pan.pos=-40.77 shoulder_lift.pos=+9.00 elbow_flex.pos=-1.36 wrist_flex.pos=+72.57 wrist_roll.pos=-8.19 gripper.pos=+31.73
DEBUG 2026-09-03 09:38:53 [action #614] t=23.17s step=613 queue=4 dmax=0.811 | shoulder_pan.pos=-40.76 shoulder_lift.pos=+9.81 elbow_flex.pos=-1.86 wrist_flex.pos=+72.93 wrist_roll.pos=-8.29 gripper.pos=+32.42
DEBUG 2026-09-03 09:38:53 [action #615] t=23.21s step=614 queue=3 dmax=0.891 | shoulder_pan.pos=-40.69 shoulder_lift.pos=+10.70 elbow_flex.pos=-2.21 wrist_flex.pos=+73.15 wrist_roll.pos=-8.27 gripper.pos=+32.95
DEBUG 2026-09-03 09:38:53 [action #616] t=23.24s step=615 queue=2 dmax=0.955 | shoulder_pan.pos=-40.92 shoulder_lift.pos=+11.66 elbow_flex.pos=-2.84 wrist_flex.pos=+73.41 wrist_roll.pos=-8.17 gripper.pos=+32.94
DEBUG 2026-09-03 09:38:53 [action #617] t=23.27s step=616 queue=1 dmax=1.130 | shoulder_pan.pos=-41.17 shoulder_lift.pos=+12.79 elbow_flex.pos=-3.21 wrist_flex.pos=+73.67 wrist_roll.pos=-8.20 gripper.pos=+32.89
DEBUG 2026-09-03 09:38:53 [chunk] received 50 actions, timesteps 591..640 | first: shoulder_pan.pos=-38.51 shoulder_lift.pos=-12.09 elbow_flex.pos=+15.40 wrist_flex.pos=+65.16 wrist_roll.pos=-6.15 gripper.pos=+12.19 | last: shoulder_pan.pos=-36.18 shoulder_lift.pos=+34.68 elbow_flex.pos=-21.27 wrist_flex.pos=+80.19 wrist_roll.pos=-5.87 gripper.pos=+34.22
DEBUG 2026-09-03 09:38:53 [action #618] t=23.37s step=617 queue=24 dmax=4.221 | shoulder_pan.pos=-36.95 shoulder_lift.pos=+13.59 elbow_flex.pos=-0.97 wrist_flex.pos=+72.08 wrist_roll.pos=-6.87 gripper.pos=+33.58
DEBUG 2026-09-03 09:38:53 [action #619] t=23.41s step=618 queue=23 dmax=1.470 | shoulder_pan.pos=-36.73 shoulder_lift.pos=+15.06 elbow_flex.pos=-1.62 wrist_flex.pos=+72.18 wrist_roll.pos=-6.76 gripper.pos=+33.79
DEBUG 2026-09-03 09:38:53 [action #620] t=23.44s step=619 queue=22 dmax=1.197 | shoulder_pan.pos=-36.90 shoulder_lift.pos=+15.56 elbow_flex.pos=-2.81 wrist_flex.pos=+72.78 wrist_roll.pos=-6.76 gripper.pos=+34.07
DEBUG 2026-09-03 09:38:53 [action #621] t=23.47s step=620 queue=21 dmax=2.169 | shoulder_pan.pos=-36.99 shoulder_lift.pos=+17.73 elbow_flex.pos=-3.50 wrist_flex.pos=+73.18 wrist_roll.pos=-6.71 gripper.pos=+34.18
DEBUG 2026-09-03 09:38:53 [action #622] t=23.51s step=621 queue=20 dmax=0.922 | shoulder_pan.pos=-36.95 shoulder_lift.pos=+18.05 elbow_flex.pos=-4.43 wrist_flex.pos=+73.78 wrist_roll.pos=-6.87 gripper.pos=+34.70
DEBUG 2026-09-03 09:38:53 [action #623] t=23.54s step=622 queue=19 dmax=1.784 | shoulder_pan.pos=-36.78 shoulder_lift.pos=+19.43 elbow_flex.pos=-6.21 wrist_flex.pos=+74.40 wrist_roll.pos=-6.80 gripper.pos=+34.64
DEBUG 2026-09-03 09:38:53 [action #624] t=23.58s step=623 queue=18 dmax=1.928 | shoulder_pan.pos=-36.76 shoulder_lift.pos=+21.36 elbow_flex.pos=-7.20 wrist_flex.pos=+74.89 wrist_roll.pos=-6.73 gripper.pos=+34.68
DEBUG 2026-09-03 09:38:53 [action #625] t=23.61s step=624 queue=17 dmax=1.470 | shoulder_pan.pos=-36.52 shoulder_lift.pos=+22.11 elbow_flex.pos=-8.67 wrist_flex.pos=+75.51 wrist_roll.pos=-6.78 gripper.pos=+34.59
DEBUG 2026-09-03 09:38:53 [action #626] t=23.64s step=625 queue=16 dmax=1.652 | shoulder_pan.pos=-36.52 shoulder_lift.pos=+23.57 elbow_flex.pos=-10.32 wrist_flex.pos=+76.28 wrist_roll.pos=-6.77 gripper.pos=+34.74
DEBUG 2026-09-03 09:38:53 [action #627] t=23.68s step=626 queue=15 dmax=0.694 | shoulder_pan.pos=-36.47 shoulder_lift.pos=+24.21 elbow_flex.pos=-11.02 wrist_flex.pos=+76.91 wrist_roll.pos=-6.77 gripper.pos=+34.61
DEBUG 2026-09-03 09:38:53 [action #628] t=23.71s step=627 queue=14 dmax=1.243 | shoulder_pan.pos=-36.15 shoulder_lift.pos=+24.88 elbow_flex.pos=-12.26 wrist_flex.pos=+77.57 wrist_roll.pos=-6.61 gripper.pos=+34.53
DEBUG 2026-09-03 09:38:53 [action #629] t=23.74s step=628 queue=13 dmax=1.501 | shoulder_pan.pos=-36.36 shoulder_lift.pos=+26.38 elbow_flex.pos=-13.32 wrist_flex.pos=+77.98 wrist_roll.pos=-6.71 gripper.pos=+34.58
DEBUG 2026-09-03 09:38:53 [action #630] t=23.78s step=629 queue=12 dmax=1.181 | shoulder_pan.pos=-36.20 shoulder_lift.pos=+27.37 elbow_flex.pos=-14.50 wrist_flex.pos=+78.51 wrist_roll.pos=-6.59 gripper.pos=+34.62
DEBUG 2026-09-03 09:38:53 [action #631] t=23.81s step=630 queue=11 dmax=1.576 | shoulder_pan.pos=-36.65 shoulder_lift.pos=+27.95 elbow_flex.pos=-16.08 wrist_flex.pos=+78.98 wrist_roll.pos=-6.55 gripper.pos=+34.73
DEBUG 2026-09-03 09:38:53 [action #632] t=23.84s step=631 queue=10 dmax=0.837 | shoulder_pan.pos=-36.39 shoulder_lift.pos=+28.79 elbow_flex.pos=-16.39 wrist_flex.pos=+79.12 wrist_roll.pos=-6.52 gripper.pos=+34.56
DEBUG 2026-09-03 09:38:53 [action #633] t=23.88s step=632 queue=9 dmax=1.037 | shoulder_pan.pos=-35.91 shoulder_lift.pos=+29.53 elbow_flex.pos=-17.43 wrist_flex.pos=+79.41 wrist_roll.pos=-6.43 gripper.pos=+34.64
DEBUG 2026-09-03 09:38:53 [action #634] t=23.91s step=633 queue=8 dmax=1.189 | shoulder_pan.pos=-36.22 shoulder_lift.pos=+30.72 elbow_flex.pos=-18.12 wrist_flex.pos=+79.47 wrist_roll.pos=-6.42 gripper.pos=+34.71
DEBUG 2026-09-03 09:38:53 [action #635] t=23.94s step=634 queue=7 dmax=0.991 | shoulder_pan.pos=-36.52 shoulder_lift.pos=+30.73 elbow_flex.pos=-19.11 wrist_flex.pos=+79.36 wrist_roll.pos=-6.40 gripper.pos=+34.59
DEBUG 2026-09-03 09:38:53 [action #636] t=23.98s step=635 queue=6 dmax=0.788 | shoulder_pan.pos=-36.48 shoulder_lift.pos=+31.51 elbow_flex.pos=-18.96 wrist_flex.pos=+79.29 wrist_roll.pos=-6.25 gripper.pos=+34.62
DEBUG 2026-09-03 09:38:53 [action #637] t=24.01s step=636 queue=5 dmax=0.863 | shoulder_pan.pos=-36.20 shoulder_lift.pos=+32.31 elbow_flex.pos=-19.83 wrist_flex.pos=+79.43 wrist_roll.pos=-6.04 gripper.pos=+34.55
DEBUG 2026-09-03 09:38:53 [action #638] t=24.04s step=637 queue=4 dmax=0.435 | shoulder_pan.pos=-36.39 shoulder_lift.pos=+32.75 elbow_flex.pos=-19.51 wrist_flex.pos=+79.27 wrist_roll.pos=-6.18 gripper.pos=+34.63
DEBUG 2026-09-03 09:38:53 [action #639] t=24.08s step=638 queue=3 dmax=0.649 | shoulder_pan.pos=-36.62 shoulder_lift.pos=+33.39 elbow_flex.pos=-19.96 wrist_flex.pos=+79.57 wrist_roll.pos=-6.13 gripper.pos=+34.60
DEBUG 2026-09-03 09:38:53 [action #640] t=24.11s step=639 queue=2 dmax=1.578 | shoulder_pan.pos=-36.58 shoulder_lift.pos=+34.97 elbow_flex.pos=-20.74 wrist_flex.pos=+79.80 wrist_roll.pos=-5.92 gripper.pos=+34.27
DEBUG 2026-09-03 09:38:53 [action #641] t=24.14s step=640 queue=1 dmax=0.530 | shoulder_pan.pos=-36.18 shoulder_lift.pos=+34.68 elbow_flex.pos=-21.27 wrist_flex.pos=+80.19 wrist_roll.pos=-5.87 gripper.pos=+34.22
DEBUG 2026-09-03 09:38:54 [chunk] received 50 actions, timesteps 616..665 | first: shoulder_pan.pos=-40.38 shoulder_lift.pos=+14.11 elbow_flex.pos=-5.72 wrist_flex.pos=+74.53 wrist_roll.pos=-8.35 gripper.pos=+31.36 | last: shoulder_pan.pos=-39.11 shoulder_lift.pos=+38.86 elbow_flex.pos=-28.41 wrist_flex.pos=+83.17 wrist_roll.pos=-10.89 gripper.pos=+4.26
DEBUG 2026-09-03 09:38:54 [action #642] t=24.28s step=641 queue=25 dmax=4.128 | shoulder_pan.pos=-40.12 shoulder_lift.pos=+38.81 elbow_flex.pos=-22.79 wrist_flex.pos=+79.37 wrist_roll.pos=-9.08 gripper.pos=+34.10
DEBUG 2026-09-03 09:38:54 [action #643] t=24.31s step=642 queue=24 dmax=1.169 | shoulder_pan.pos=-40.06 shoulder_lift.pos=+38.83 elbow_flex.pos=-22.55 wrist_flex.pos=+79.49 wrist_roll.pos=-8.85 gripper.pos=+35.27
DEBUG 2026-09-03 09:38:54 [action #644] t=24.34s step=643 queue=23 dmax=0.560 | shoulder_pan.pos=-39.99 shoulder_lift.pos=+38.51 elbow_flex.pos=-22.07 wrist_flex.pos=+79.56 wrist_roll.pos=-8.76 gripper.pos=+35.83
DEBUG 2026-09-03 09:38:54 [action #645] t=24.38s step=644 queue=22 dmax=0.704 | shoulder_pan.pos=-40.03 shoulder_lift.pos=+38.36 elbow_flex.pos=-22.78 wrist_flex.pos=+79.73 wrist_roll.pos=-8.66 gripper.pos=+36.08
DEBUG 2026-09-03 09:38:54 [action #646] t=24.41s step=645 queue=21 dmax=1.271 | shoulder_pan.pos=-39.94 shoulder_lift.pos=+39.64 elbow_flex.pos=-22.28 wrist_flex.pos=+79.54 wrist_roll.pos=-8.73 gripper.pos=+36.12
DEBUG 2026-09-03 09:38:54 [action #647] t=24.44s step=646 queue=20 dmax=0.545 | shoulder_pan.pos=-39.92 shoulder_lift.pos=+39.60 elbow_flex.pos=-22.83 wrist_flex.pos=+79.50 wrist_roll.pos=-8.71 gripper.pos=+36.01
DEBUG 2026-09-03 09:38:54 [action #648] t=24.48s step=647 queue=19 dmax=0.867 | shoulder_pan.pos=-39.82 shoulder_lift.pos=+39.70 elbow_flex.pos=-21.96 wrist_flex.pos=+79.80 wrist_roll.pos=-8.70 gripper.pos=+35.51
DEBUG 2026-09-03 09:38:54 [action #649] t=24.51s step=648 queue=18 dmax=0.731 | shoulder_pan.pos=-39.99 shoulder_lift.pos=+39.72 elbow_flex.pos=-22.00 wrist_flex.pos=+79.83 wrist_roll.pos=-8.79 gripper.pos=+34.78
DEBUG 2026-09-03 09:38:54 [action #650] t=24.54s step=649 queue=17 dmax=1.519 | shoulder_pan.pos=-39.73 shoulder_lift.pos=+39.47 elbow_flex.pos=-23.18 wrist_flex.pos=+79.83 wrist_roll.pos=-8.76 gripper.pos=+33.26
DEBUG 2026-09-03 09:38:54 [action #651] t=24.58s step=650 queue=16 dmax=2.467 | shoulder_pan.pos=-39.79 shoulder_lift.pos=+40.40 elbow_flex.pos=-23.46 wrist_flex.pos=+79.67 wrist_roll.pos=-8.84 gripper.pos=+30.79
DEBUG 2026-09-03 09:38:54 [action #652] t=24.61s step=651 queue=15 dmax=2.981 | shoulder_pan.pos=-39.57 shoulder_lift.pos=+39.67 elbow_flex.pos=-22.94 wrist_flex.pos=+79.61 wrist_roll.pos=-8.73 gripper.pos=+27.81
DEBUG 2026-09-03 09:38:54 [action #653] t=24.65s step=652 queue=14 dmax=3.892 | shoulder_pan.pos=-39.63 shoulder_lift.pos=+39.69 elbow_flex.pos=-23.11 wrist_flex.pos=+79.36 wrist_roll.pos=-8.66 gripper.pos=+23.92
DEBUG 2026-09-03 09:38:54 [action #654] t=24.68s step=653 queue=13 dmax=4.744 | shoulder_pan.pos=-39.82 shoulder_lift.pos=+39.55 elbow_flex.pos=-23.39 wrist_flex.pos=+79.50 wrist_roll.pos=-8.88 gripper.pos=+19.17
DEBUG 2026-09-03 09:38:54 [action #655] t=24.71s step=654 queue=12 dmax=4.331 | shoulder_pan.pos=-39.83 shoulder_lift.pos=+38.73 elbow_flex.pos=-25.19 wrist_flex.pos=+79.17 wrist_roll.pos=-8.83 gripper.pos=+14.84
DEBUG 2026-09-03 09:38:54 [action #656] t=24.75s step=655 queue=11 dmax=3.701 | shoulder_pan.pos=-39.69 shoulder_lift.pos=+39.25 elbow_flex.pos=-23.17 wrist_flex.pos=+79.03 wrist_roll.pos=-8.94 gripper.pos=+11.14
DEBUG 2026-09-03 09:38:54 [action #657] t=24.78s step=656 queue=10 dmax=2.453 | shoulder_pan.pos=-39.58 shoulder_lift.pos=+38.89 elbow_flex.pos=-23.57 wrist_flex.pos=+78.95 wrist_roll.pos=-8.85 gripper.pos=+8.69
DEBUG 2026-09-03 09:38:54 [action #658] t=24.81s step=657 queue=9 dmax=1.321 | shoulder_pan.pos=-39.62 shoulder_lift.pos=+38.96 elbow_flex.pos=-22.91 wrist_flex.pos=+78.94 wrist_roll.pos=-8.73 gripper.pos=+7.37
DEBUG 2026-09-03 09:38:54 [action #659] t=24.85s step=658 queue=8 dmax=0.998 | shoulder_pan.pos=-39.71 shoulder_lift.pos=+38.68 elbow_flex.pos=-23.57 wrist_flex.pos=+79.20 wrist_roll.pos=-8.94 gripper.pos=+6.37
DEBUG 2026-09-03 09:38:54 [action #660] t=24.88s step=659 queue=7 dmax=0.630 | shoulder_pan.pos=-39.53 shoulder_lift.pos=+38.27 elbow_flex.pos=-24.20 wrist_flex.pos=+79.31 wrist_roll.pos=-8.96 gripper.pos=+5.74
DEBUG 2026-09-03 09:38:54 [action #661] t=24.91s step=660 queue=6 dmax=0.633 | shoulder_pan.pos=-39.41 shoulder_lift.pos=+38.56 elbow_flex.pos=-24.20 wrist_flex.pos=+79.40 wrist_roll.pos=-9.24 gripper.pos=+5.11
DEBUG 2026-09-03 09:38:54 [action #662] t=24.95s step=661 queue=5 dmax=0.458 | shoulder_pan.pos=-39.29 shoulder_lift.pos=+38.99 elbow_flex.pos=-23.75 wrist_flex.pos=+79.86 wrist_roll.pos=-9.49 gripper.pos=+4.80
DEBUG 2026-09-03 09:38:54 [action #663] t=24.98s step=662 queue=4 dmax=1.660 | shoulder_pan.pos=-39.36 shoulder_lift.pos=+38.64 elbow_flex.pos=-25.41 wrist_flex.pos=+80.49 wrist_roll.pos=-9.58 gripper.pos=+4.51
DEBUG 2026-09-03 09:38:54 [action #664] t=25.01s step=663 queue=3 dmax=0.885 | shoulder_pan.pos=-39.26 shoulder_lift.pos=+37.98 elbow_flex.pos=-25.80 wrist_flex.pos=+81.37 wrist_roll.pos=-9.98 gripper.pos=+4.48
DEBUG 2026-09-03 09:38:54 [action #665] t=25.05s step=664 queue=2 dmax=1.381 | shoulder_pan.pos=-39.08 shoulder_lift.pos=+38.46 elbow_flex.pos=-27.18 wrist_flex.pos=+82.20 wrist_roll.pos=-10.38 gripper.pos=+4.37
DEBUG 2026-09-03 09:38:54 [action #666] t=25.08s step=665 queue=1 dmax=1.231 | shoulder_pan.pos=-39.11 shoulder_lift.pos=+38.86 elbow_flex.pos=-28.41 wrist_flex.pos=+83.17 wrist_roll.pos=-10.89 gripper.pos=+4.26
DEBUG 2026-09-03 09:38:55 [chunk] received 50 actions, timesteps 640..689 | first: shoulder_pan.pos=-38.21 shoulder_lift.pos=+34.64 elbow_flex.pos=-21.84 wrist_flex.pos=+80.81 wrist_roll.pos=-6.32 gripper.pos=+35.50 | last: shoulder_pan.pos=-35.96 shoulder_lift.pos=+28.17 elbow_flex.pos=-39.76 wrist_flex.pos=+100.13 wrist_roll.pos=-9.79 gripper.pos=+6.16
DEBUG 2026-09-03 09:38:55 [action #667] t=25.21s step=666 queue=24 dmax=4.087 | shoulder_pan.pos=-37.32 shoulder_lift.pos=+38.12 elbow_flex.pos=-24.32 wrist_flex.pos=+82.00 wrist_roll.pos=-7.19 gripper.pos=+5.14
DEBUG 2026-09-03 09:38:55 [action #668] t=25.25s step=667 queue=23 dmax=0.505 | shoulder_pan.pos=-37.30 shoulder_lift.pos=+38.25 elbow_flex.pos=-24.61 wrist_flex.pos=+82.50 wrist_roll.pos=-7.07 gripper.pos=+5.26
DEBUG 2026-09-03 09:38:55 [action #669] t=25.28s step=668 queue=22 dmax=1.602 | shoulder_pan.pos=-37.45 shoulder_lift.pos=+38.46 elbow_flex.pos=-26.21 wrist_flex.pos=+83.69 wrist_roll.pos=-7.20 gripper.pos=+5.12
DEBUG 2026-09-03 09:38:55 [action #670] t=25.31s step=669 queue=21 dmax=1.067 | shoulder_pan.pos=-37.74 shoulder_lift.pos=+38.00 elbow_flex.pos=-27.28 wrist_flex.pos=+84.50 wrist_roll.pos=-7.29 gripper.pos=+5.35
DEBUG 2026-09-03 09:38:55 [action #671] t=25.35s step=670 queue=20 dmax=1.356 | shoulder_pan.pos=-37.99 shoulder_lift.pos=+38.32 elbow_flex.pos=-28.43 wrist_flex.pos=+85.86 wrist_roll.pos=-7.38 gripper.pos=+5.72
DEBUG 2026-09-03 09:38:55 [action #672] t=25.38s step=671 queue=19 dmax=1.199 | shoulder_pan.pos=-38.02 shoulder_lift.pos=+38.07 elbow_flex.pos=-29.62 wrist_flex.pos=+87.06 wrist_roll.pos=-7.70 gripper.pos=+5.72
DEBUG 2026-09-03 09:38:55 [action #673] t=25.41s step=672 queue=18 dmax=1.823 | shoulder_pan.pos=-37.96 shoulder_lift.pos=+37.73 elbow_flex.pos=-31.37 wrist_flex.pos=+88.88 wrist_roll.pos=-7.79 gripper.pos=+5.84
DEBUG 2026-09-03 09:38:55 [action #674] t=25.45s step=673 queue=17 dmax=1.368 | shoulder_pan.pos=-38.07 shoulder_lift.pos=+38.12 elbow_flex.pos=-32.74 wrist_flex.pos=+89.92 wrist_roll.pos=-8.02 gripper.pos=+5.86
DEBUG 2026-09-03 09:38:55 [action #675] t=25.48s step=674 queue=16 dmax=1.628 | shoulder_pan.pos=-38.51 shoulder_lift.pos=+37.91 elbow_flex.pos=-34.37 wrist_flex.pos=+91.47 wrist_roll.pos=-8.18 gripper.pos=+5.65
DEBUG 2026-09-03 09:38:55 [action #676] t=25.51s step=675 queue=15 dmax=2.020 | shoulder_pan.pos=-38.49 shoulder_lift.pos=+38.23 elbow_flex.pos=-36.39 wrist_flex.pos=+92.56 wrist_roll.pos=-8.32 gripper.pos=+5.79
DEBUG 2026-09-03 09:38:55 [action #677] t=25.55s step=676 queue=14 dmax=1.387 | shoulder_pan.pos=-38.63 shoulder_lift.pos=+38.80 elbow_flex.pos=-37.77 wrist_flex.pos=+93.68 wrist_roll.pos=-8.75 gripper.pos=+5.67
DEBUG 2026-09-03 09:38:55 [action #678] t=25.58s step=677 queue=13 dmax=1.026 | shoulder_pan.pos=-38.69 shoulder_lift.pos=+38.00 elbow_flex.pos=-37.84 wrist_flex.pos=+94.71 wrist_roll.pos=-8.98 gripper.pos=+5.71
DEBUG 2026-09-03 09:38:55 [action #679] t=25.61s step=678 queue=12 dmax=1.472 | shoulder_pan.pos=-38.50 shoulder_lift.pos=+37.93 elbow_flex.pos=-39.31 wrist_flex.pos=+95.78 wrist_roll.pos=-9.28 gripper.pos=+5.57
DEBUG 2026-09-03 09:38:55 [action #680] t=25.65s step=679 queue=11 dmax=1.631 | shoulder_pan.pos=-38.29 shoulder_lift.pos=+37.69 elbow_flex.pos=-40.94 wrist_flex.pos=+96.56 wrist_roll.pos=-9.47 gripper.pos=+5.65
DEBUG 2026-09-03 09:38:55 [action #681] t=25.68s step=680 queue=10 dmax=0.897 | shoulder_pan.pos=-38.54 shoulder_lift.pos=+36.79 elbow_flex.pos=-40.57 wrist_flex.pos=+97.33 wrist_roll.pos=-9.46 gripper.pos=+5.75
DEBUG 2026-09-03 09:38:55 [action #682] t=25.72s step=681 queue=9 dmax=1.176 | shoulder_pan.pos=-38.72 shoulder_lift.pos=+36.05 elbow_flex.pos=-41.75 wrist_flex.pos=+97.87 wrist_roll.pos=-9.63 gripper.pos=+5.77
DEBUG 2026-09-03 09:38:55 [action #683] t=25.75s step=682 queue=8 dmax=0.674 | shoulder_pan.pos=-38.34 shoulder_lift.pos=+36.06 elbow_flex.pos=-42.17 wrist_flex.pos=+98.54 wrist_roll.pos=-9.68 gripper.pos=+5.85
DEBUG 2026-09-03 09:38:55 [action #684] t=25.78s step=683 queue=7 dmax=1.021 | shoulder_pan.pos=-38.27 shoulder_lift.pos=+35.04 elbow_flex.pos=-42.44 wrist_flex.pos=+99.01 wrist_roll.pos=-9.80 gripper.pos=+5.90
DEBUG 2026-09-03 09:38:55 [action #685] t=25.82s step=684 queue=6 dmax=0.611 | shoulder_pan.pos=-38.25 shoulder_lift.pos=+34.42 elbow_flex.pos=-42.37 wrist_flex.pos=+99.58 wrist_roll.pos=-9.95 gripper.pos=+5.89
DEBUG 2026-09-03 09:38:55 [action #686] t=25.85s step=685 queue=5 dmax=1.593 | shoulder_pan.pos=-38.12 shoulder_lift.pos=+32.83 elbow_flex.pos=-41.64 wrist_flex.pos=+100.00 wrist_roll.pos=-9.91 gripper.pos=+6.09
DEBUG 2026-09-03 09:38:55 [action #687] t=25.88s step=686 queue=4 dmax=1.162 | shoulder_pan.pos=-37.56 shoulder_lift.pos=+31.67 elbow_flex.pos=-41.07 wrist_flex.pos=+100.15 wrist_roll.pos=-9.64 gripper.pos=+6.10
DEBUG 2026-09-03 09:38:55 [action #688] t=25.92s step=687 queue=3 dmax=0.772 | shoulder_pan.pos=-37.17 shoulder_lift.pos=+30.90 elbow_flex.pos=-41.44 wrist_flex.pos=+100.13 wrist_roll.pos=-9.86 gripper.pos=+6.08
DEBUG 2026-09-03 09:38:55 [action #689] t=25.95s step=688 queue=2 dmax=2.056 | shoulder_pan.pos=-36.86 shoulder_lift.pos=+28.84 elbow_flex.pos=-41.00 wrist_flex.pos=+100.24 wrist_roll.pos=-9.88 gripper.pos=+6.22
DEBUG 2026-09-03 09:38:55 [action #690] t=25.98s step=689 queue=1 dmax=1.245 | shoulder_pan.pos=-35.96 shoulder_lift.pos=+28.17 elbow_flex.pos=-39.76 wrist_flex.pos=+100.13 wrist_roll.pos=-9.79 gripper.pos=+6.16
DEBUG 2026-09-03 09:38:55 [chunk] received 50 actions, timesteps 665..714 | first: shoulder_pan.pos=-38.53 shoulder_lift.pos=+37.47 elbow_flex.pos=-27.47 wrist_flex.pos=+80.86 wrist_roll.pos=-9.93 gripper.pos=+9.46 | last: shoulder_pan.pos=-4.60 shoulder_lift.pos=-2.23 elbow_flex.pos=-23.97 wrist_flex.pos=+99.84 wrist_roll.pos=-7.28 gripper.pos=+5.79
DEBUG 2026-09-03 09:38:55 [action #691] t=26.08s step=690 queue=25 dmax=2.222 | shoulder_pan.pos=-36.67 shoulder_lift.pos=+27.31 elbow_flex.pos=-41.98 wrist_flex.pos=+99.70 wrist_roll.pos=-11.41 gripper.pos=+5.82
DEBUG 2026-09-03 09:38:55 [action #692] t=26.12s step=691 queue=24 dmax=2.765 | shoulder_pan.pos=-36.62 shoulder_lift.pos=+25.70 elbow_flex.pos=-39.21 wrist_flex.pos=+99.98 wrist_roll.pos=-11.39 gripper.pos=+5.52
DEBUG 2026-09-03 09:38:55 [action #693] t=26.15s step=692 queue=23 dmax=2.805 | shoulder_pan.pos=-36.35 shoulder_lift.pos=+22.90 elbow_flex.pos=-39.04 wrist_flex.pos=+99.79 wrist_roll.pos=-11.32 gripper.pos=+5.87
DEBUG 2026-09-03 09:38:56 [action #694] t=26.18s step=693 queue=22 dmax=1.719 | shoulder_pan.pos=-36.03 shoulder_lift.pos=+21.18 elbow_flex.pos=-38.02 wrist_flex.pos=+99.58 wrist_roll.pos=-11.52 gripper.pos=+5.71
DEBUG 2026-09-03 09:38:56 [action #695] t=26.22s step=694 queue=21 dmax=2.166 | shoulder_pan.pos=-35.61 shoulder_lift.pos=+19.01 elbow_flex.pos=-36.60 wrist_flex.pos=+99.77 wrist_roll.pos=-11.45 gripper.pos=+5.79
DEBUG 2026-09-03 09:38:56 [action #696] t=26.25s step=695 queue=20 dmax=1.927 | shoulder_pan.pos=-34.73 shoulder_lift.pos=+17.09 elbow_flex.pos=-35.32 wrist_flex.pos=+99.62 wrist_roll.pos=-11.37 gripper.pos=+5.87
DEBUG 2026-09-03 09:38:56 [action #697] t=26.28s step=696 queue=19 dmax=1.442 | shoulder_pan.pos=-33.81 shoulder_lift.pos=+15.64 elbow_flex.pos=-34.16 wrist_flex.pos=+99.45 wrist_roll.pos=-11.38 gripper.pos=+5.68
DEBUG 2026-09-03 09:38:56 [action #698] t=26.32s step=697 queue=18 dmax=1.097 | shoulder_pan.pos=-33.55 shoulder_lift.pos=+14.68 elbow_flex.pos=-33.07 wrist_flex.pos=+99.50 wrist_roll.pos=-11.24 gripper.pos=+5.72
DEBUG 2026-09-03 09:38:56 [action #699] t=26.35s step=698 queue=17 dmax=2.111 | shoulder_pan.pos=-32.06 shoulder_lift.pos=+12.57 elbow_flex.pos=-31.70 wrist_flex.pos=+99.85 wrist_roll.pos=-11.21 gripper.pos=+5.75
DEBUG 2026-09-03 09:38:56 [action #700] t=26.38s step=699 queue=16 dmax=1.983 | shoulder_pan.pos=-31.30 shoulder_lift.pos=+10.58 elbow_flex.pos=-31.60 wrist_flex.pos=+99.55 wrist_roll.pos=-11.14 gripper.pos=+5.76
DEBUG 2026-09-03 09:38:56 [action #701] t=26.42s step=700 queue=15 dmax=1.789 | shoulder_pan.pos=-29.51 shoulder_lift.pos=+9.98 elbow_flex.pos=-30.28 wrist_flex.pos=+99.57 wrist_roll.pos=-11.04 gripper.pos=+5.90
DEBUG 2026-09-03 09:38:56 [action #702] t=26.45s step=701 queue=14 dmax=1.073 | shoulder_pan.pos=-28.44 shoulder_lift.pos=+9.10 elbow_flex.pos=-30.02 wrist_flex.pos=+99.80 wrist_roll.pos=-10.68 gripper.pos=+5.87
DEBUG 2026-09-03 09:38:56 [action #703] t=26.48s step=702 queue=13 dmax=1.685 | shoulder_pan.pos=-26.75 shoulder_lift.pos=+7.59 elbow_flex.pos=-29.36 wrist_flex.pos=+99.99 wrist_roll.pos=-10.61 gripper.pos=+5.74
DEBUG 2026-09-03 09:38:56 [action #704] t=26.52s step=703 queue=12 dmax=2.611 | shoulder_pan.pos=-24.14 shoulder_lift.pos=+6.26 elbow_flex.pos=-28.46 wrist_flex.pos=+99.89 wrist_roll.pos=-10.50 gripper.pos=+5.87
DEBUG 2026-09-03 09:38:56 [action #705] t=26.55s step=704 queue=11 dmax=2.273 | shoulder_pan.pos=-22.51 shoulder_lift.pos=+3.99 elbow_flex.pos=-28.84 wrist_flex.pos=+99.73 wrist_roll.pos=-10.19 gripper.pos=+5.99
DEBUG 2026-09-03 09:38:56 [action #706] t=26.58s step=705 queue=10 dmax=1.739 | shoulder_pan.pos=-20.77 shoulder_lift.pos=+4.27 elbow_flex.pos=-27.72 wrist_flex.pos=+99.83 wrist_roll.pos=-10.15 gripper.pos=+5.79
DEBUG 2026-09-03 09:38:56 [action #707] t=26.62s step=706 queue=9 dmax=1.821 | shoulder_pan.pos=-18.95 shoulder_lift.pos=+3.45 elbow_flex.pos=-26.67 wrist_flex.pos=+100.07 wrist_roll.pos=-9.95 gripper.pos=+5.85
DEBUG 2026-09-03 09:38:56 [action #708] t=26.65s step=707 queue=8 dmax=2.210 | shoulder_pan.pos=-16.74 shoulder_lift.pos=+2.54 elbow_flex.pos=-27.34 wrist_flex.pos=+99.92 wrist_roll.pos=-9.75 gripper.pos=+5.75
DEBUG 2026-09-03 09:38:56 [action #709] t=26.69s step=708 queue=7 dmax=1.262 | shoulder_pan.pos=-15.48 shoulder_lift.pos=+1.57 elbow_flex.pos=-26.78 wrist_flex.pos=+100.02 wrist_roll.pos=-9.72 gripper.pos=+5.96
DEBUG 2026-09-03 09:38:56 [action #710] t=26.72s step=709 queue=6 dmax=2.147 | shoulder_pan.pos=-13.33 shoulder_lift.pos=+1.09 elbow_flex.pos=-26.46 wrist_flex.pos=+100.07 wrist_roll.pos=-9.45 gripper.pos=+5.70
DEBUG 2026-09-03 09:38:56 [action #711] t=26.75s step=710 queue=5 dmax=2.135 | shoulder_pan.pos=-11.20 shoulder_lift.pos=+0.09 elbow_flex.pos=-25.99 wrist_flex.pos=+100.19 wrist_roll.pos=-9.06 gripper.pos=+5.74
DEBUG 2026-09-03 09:38:56 [action #712] t=26.79s step=711 queue=4 dmax=1.222 | shoulder_pan.pos=-9.98 shoulder_lift.pos=+0.64 elbow_flex.pos=-25.77 wrist_flex.pos=+100.17 wrist_roll.pos=-8.61 gripper.pos=+5.77
DEBUG 2026-09-03 09:38:56 [chunk] received 50 actions, timesteps 689..738 | first: shoulder_pan.pos=-39.61 shoulder_lift.pos=+33.83 elbow_flex.pos=-40.06 wrist_flex.pos=+98.22 wrist_roll.pos=-9.47 gripper.pos=+6.93 | last: shoulder_pan.pos=+17.10 shoulder_lift.pos=-1.41 elbow_flex.pos=-24.56 wrist_flex.pos=+100.64 wrist_roll.pos=-1.18 gripper.pos=+6.47
DEBUG 2026-09-03 09:38:56 [action #713] t=26.82s step=712 queue=27 dmax=10.646 | shoulder_pan.pos=-20.62 shoulder_lift.pos=+3.27 elbow_flex.pos=-30.43 wrist_flex.pos=+101.29 wrist_roll.pos=-8.99 gripper.pos=+6.39
DEBUG 2026-09-03 09:38:56 [action #714] t=26.85s step=713 queue=26 dmax=1.536 | shoulder_pan.pos=-19.09 shoulder_lift.pos=+2.74 elbow_flex.pos=-29.49 wrist_flex.pos=+101.14 wrist_roll.pos=-8.74 gripper.pos=+6.31
DEBUG 2026-09-03 09:38:56 [action #715] t=26.89s step=714 queue=25 dmax=1.863 | shoulder_pan.pos=-17.22 shoulder_lift.pos=+2.18 elbow_flex.pos=-29.54 wrist_flex.pos=+101.15 wrist_roll.pos=-8.51 gripper.pos=+6.11
DEBUG 2026-09-03 09:38:56 [action #716] t=26.92s step=715 queue=24 dmax=3.740 | shoulder_pan.pos=-20.96 shoulder_lift.pos=+3.57 elbow_flex.pos=-31.37 wrist_flex.pos=+101.57 wrist_roll.pos=-8.73 gripper.pos=+6.20
DEBUG 2026-09-03 09:38:56 [action #717] t=26.95s step=716 queue=23 dmax=1.772 | shoulder_pan.pos=-19.19 shoulder_lift.pos=+3.30 elbow_flex.pos=-30.86 wrist_flex.pos=+101.82 wrist_roll.pos=-8.49 gripper.pos=+6.35
DEBUG 2026-09-03 09:38:56 [action #718] t=26.99s step=717 queue=22 dmax=1.930 | shoulder_pan.pos=-17.26 shoulder_lift.pos=+2.92 elbow_flex.pos=-31.56 wrist_flex.pos=+101.72 wrist_roll.pos=-8.28 gripper.pos=+6.44
DEBUG 2026-09-03 09:38:56 [action #719] t=27.02s step=718 queue=21 dmax=2.158 | shoulder_pan.pos=-15.10 shoulder_lift.pos=+2.48 elbow_flex.pos=-30.76 wrist_flex.pos=+101.80 wrist_roll.pos=-7.86 gripper.pos=+6.36
DEBUG 2026-09-03 09:38:56 [action #720] t=27.05s step=719 queue=20 dmax=1.835 | shoulder_pan.pos=-13.27 shoulder_lift.pos=+2.64 elbow_flex.pos=-29.93 wrist_flex.pos=+101.66 wrist_roll.pos=-7.39 gripper.pos=+6.31
DEBUG 2026-09-03 09:38:56 [action #721] t=27.09s step=720 queue=19 dmax=2.118 | shoulder_pan.pos=-11.15 shoulder_lift.pos=+1.86 elbow_flex.pos=-29.75 wrist_flex.pos=+101.97 wrist_roll.pos=-6.86 gripper.pos=+6.28
DEBUG 2026-09-03 09:38:56 [action #722] t=27.12s step=721 queue=18 dmax=2.230 | shoulder_pan.pos=-8.92 shoulder_lift.pos=+1.85 elbow_flex.pos=-29.21 wrist_flex.pos=+101.97 wrist_roll.pos=-6.54 gripper.pos=+6.25
DEBUG 2026-09-03 09:38:56 [action #723] t=27.15s step=722 queue=17 dmax=2.154 | shoulder_pan.pos=-6.77 shoulder_lift.pos=+1.01 elbow_flex.pos=-29.02 wrist_flex.pos=+102.06 wrist_roll.pos=-6.04 gripper.pos=+6.27
DEBUG 2026-09-03 09:38:57 [action #724] t=27.19s step=723 queue=16 dmax=1.568 | shoulder_pan.pos=-5.20 shoulder_lift.pos=+0.98 elbow_flex.pos=-28.58 wrist_flex.pos=+102.16 wrist_roll.pos=-5.67 gripper.pos=+6.34
DEBUG 2026-09-03 09:38:57 [action #725] t=27.22s step=724 queue=15 dmax=1.439 | shoulder_pan.pos=-3.76 shoulder_lift.pos=+1.04 elbow_flex.pos=-27.84 wrist_flex.pos=+102.29 wrist_roll.pos=-5.20 gripper.pos=+6.41
DEBUG 2026-09-03 09:38:57 [action #726] t=27.25s step=725 queue=14 dmax=1.727 | shoulder_pan.pos=-2.03 shoulder_lift.pos=+0.57 elbow_flex.pos=-27.38 wrist_flex.pos=+102.32 wrist_roll.pos=-4.72 gripper.pos=+6.45
DEBUG 2026-09-03 09:38:57 [action #727] t=27.29s step=726 queue=13 dmax=1.842 | shoulder_pan.pos=-0.19 shoulder_lift.pos=+0.02 elbow_flex.pos=-26.98 wrist_flex.pos=+102.11 wrist_roll.pos=-4.20 gripper.pos=+6.48
DEBUG 2026-09-03 09:38:57 [action #728] t=27.32s step=727 queue=12 dmax=1.526 | shoulder_pan.pos=+1.34 shoulder_lift.pos=+0.51 elbow_flex.pos=-26.09 wrist_flex.pos=+102.24 wrist_roll.pos=-3.80 gripper.pos=+6.43
DEBUG 2026-09-03 09:38:57 [action #729] t=27.35s step=728 queue=11 dmax=1.469 | shoulder_pan.pos=+2.81 shoulder_lift.pos=-0.22 elbow_flex.pos=-25.91 wrist_flex.pos=+102.16 wrist_roll.pos=-3.27 gripper.pos=+6.29
DEBUG 2026-09-03 09:38:57 [action #730] t=27.39s step=729 queue=10 dmax=1.715 | shoulder_pan.pos=+4.52 shoulder_lift.pos=-0.71 elbow_flex.pos=-26.00 wrist_flex.pos=+102.10 wrist_roll.pos=-2.71 gripper.pos=+6.48
DEBUG 2026-09-03 09:38:57 [action #731] t=27.42s step=730 queue=9 dmax=1.456 | shoulder_pan.pos=+5.68 shoulder_lift.pos=+0.15 elbow_flex.pos=-24.55 wrist_flex.pos=+102.00 wrist_roll.pos=-2.43 gripper.pos=+6.38
DEBUG 2026-09-03 09:38:57 [action #732] t=27.45s step=731 queue=8 dmax=1.774 | shoulder_pan.pos=+7.46 shoulder_lift.pos=-1.14 elbow_flex.pos=-25.26 wrist_flex.pos=+101.99 wrist_roll.pos=-1.84 gripper.pos=+6.48
DEBUG 2026-09-03 09:38:57 [action #733] t=27.49s step=732 queue=7 dmax=1.597 | shoulder_pan.pos=+9.05 shoulder_lift.pos=-0.83 elbow_flex.pos=-24.69 wrist_flex.pos=+101.87 wrist_roll.pos=-1.73 gripper.pos=+6.49
DEBUG 2026-09-03 09:38:57 [action #734] t=27.52s step=733 queue=6 dmax=1.173 | shoulder_pan.pos=+10.23 shoulder_lift.pos=-0.59 elbow_flex.pos=-24.29 wrist_flex.pos=+101.94 wrist_roll.pos=-1.40 gripper.pos=+6.43
DEBUG 2026-09-03 09:38:57 [action #735] t=27.55s step=734 queue=5 dmax=1.950 | shoulder_pan.pos=+12.18 shoulder_lift.pos=-0.82 elbow_flex.pos=-24.32 wrist_flex.pos=+101.54 wrist_roll.pos=-1.32 gripper.pos=+6.32
DEBUG 2026-09-03 09:38:57 [action #736] t=27.59s step=735 queue=4 dmax=1.505 | shoulder_pan.pos=+13.68 shoulder_lift.pos=-1.08 elbow_flex.pos=-24.69 wrist_flex.pos=+101.29 wrist_roll.pos=-1.13 gripper.pos=+6.51
DEBUG 2026-09-03 09:38:57 [action #737] t=27.62s step=736 queue=3 dmax=1.062 | shoulder_pan.pos=+14.74 shoulder_lift.pos=-1.23 elbow_flex.pos=-24.30 wrist_flex.pos=+101.29 wrist_roll.pos=-1.12 gripper.pos=+6.36
DEBUG 2026-09-03 09:38:57 [action #738] t=27.65s step=737 queue=2 dmax=1.315 | shoulder_pan.pos=+16.06 shoulder_lift.pos=-1.42 elbow_flex.pos=-24.71 wrist_flex.pos=+101.05 wrist_roll.pos=-1.05 gripper.pos=+6.41
DEBUG 2026-09-03 09:38:57 [action #739] t=27.69s step=738 queue=1 dmax=1.043 | shoulder_pan.pos=+17.10 shoulder_lift.pos=-1.41 elbow_flex.pos=-24.56 wrist_flex.pos=+100.64 wrist_roll.pos=-1.18 gripper.pos=+6.47
DEBUG 2026-09-03 09:38:57 [chunk] received 50 actions, timesteps 711..760 | first: shoulder_pan.pos=-11.30 shoulder_lift.pos=-0.40 elbow_flex.pos=-26.06 wrist_flex.pos=+99.90 wrist_roll.pos=-9.41 gripper.pos=+6.01 | last: shoulder_pan.pos=+34.04 shoulder_lift.pos=+4.30 elbow_flex.pos=-11.39 wrist_flex.pos=+74.89 wrist_roll.pos=+2.65 gripper.pos=+4.75
DEBUG 2026-09-03 09:38:57 [action #740] t=27.72s step=739 queue=22 dmax=6.860 | shoulder_pan.pos=+23.73 shoulder_lift.pos=-1.64 elbow_flex.pos=-21.20 wrist_flex.pos=+93.78 wrist_roll.pos=+0.87 gripper.pos=+5.17
DEBUG 2026-09-03 09:38:57 [action #741] t=27.75s step=740 queue=21 dmax=1.040 | shoulder_pan.pos=+24.43 shoulder_lift.pos=-1.77 elbow_flex.pos=-20.51 wrist_flex.pos=+92.74 wrist_roll.pos=+1.18 gripper.pos=+5.16
DEBUG 2026-09-03 09:38:57 [action #742] t=27.79s step=741 queue=20 dmax=1.744 | shoulder_pan.pos=+25.02 shoulder_lift.pos=-1.97 elbow_flex.pos=-18.76 wrist_flex.pos=+92.13 wrist_roll.pos=+1.46 gripper.pos=+4.85
DEBUG 2026-09-03 09:38:57 [action #743] t=27.82s step=742 queue=19 dmax=1.031 | shoulder_pan.pos=+26.05 shoulder_lift.pos=-1.56 elbow_flex.pos=-18.60 wrist_flex.pos=+91.23 wrist_roll.pos=+1.56 gripper.pos=+5.14
DEBUG 2026-09-03 09:38:57 [action #744] t=27.85s step=743 queue=18 dmax=0.828 | shoulder_pan.pos=+26.85 shoulder_lift.pos=-1.38 elbow_flex.pos=-18.56 wrist_flex.pos=+90.40 wrist_roll.pos=+1.78 gripper.pos=+5.19
DEBUG 2026-09-03 09:38:57 [action #745] t=27.89s step=744 queue=17 dmax=0.649 | shoulder_pan.pos=+27.24 shoulder_lift.pos=-0.87 elbow_flex.pos=-17.91 wrist_flex.pos=+89.83 wrist_roll.pos=+1.78 gripper.pos=+5.13
DEBUG 2026-09-03 09:38:57 [action #746] t=27.92s step=745 queue=16 dmax=1.774 | shoulder_pan.pos=+27.98 shoulder_lift.pos=-0.62 elbow_flex.pos=-16.14 wrist_flex.pos=+89.12 wrist_roll.pos=+1.89 gripper.pos=+5.08
DEBUG 2026-09-03 09:38:57 [action #747] t=27.96s step=746 queue=15 dmax=0.941 | shoulder_pan.pos=+28.50 shoulder_lift.pos=-1.13 elbow_flex.pos=-16.24 wrist_flex.pos=+88.17 wrist_roll.pos=+1.94 gripper.pos=+5.05
DEBUG 2026-09-03 09:38:57 [action #748] t=27.99s step=747 queue=14 dmax=0.952 | shoulder_pan.pos=+29.34 shoulder_lift.pos=-0.84 elbow_flex.pos=-16.09 wrist_flex.pos=+87.22 wrist_roll.pos=+1.99 gripper.pos=+5.01
DEBUG 2026-09-03 09:38:57 [action #749] t=28.02s step=748 queue=13 dmax=1.152 | shoulder_pan.pos=+29.76 shoulder_lift.pos=-0.23 elbow_flex.pos=-15.31 wrist_flex.pos=+86.07 wrist_roll.pos=+2.03 gripper.pos=+4.92
DEBUG 2026-09-03 09:38:57 [action #750] t=28.06s step=749 queue=12 dmax=0.884 | shoulder_pan.pos=+30.25 shoulder_lift.pos=-0.68 elbow_flex.pos=-14.64 wrist_flex.pos=+85.19 wrist_roll.pos=+1.99 gripper.pos=+5.07
DEBUG 2026-09-03 09:38:57 [action #751] t=28.09s step=750 queue=11 dmax=1.231 | shoulder_pan.pos=+30.73 shoulder_lift.pos=-0.12 elbow_flex.pos=-14.40 wrist_flex.pos=+83.96 wrist_roll.pos=+2.07 gripper.pos=+4.97
DEBUG 2026-09-03 09:38:57 [action #752] t=28.12s step=751 queue=10 dmax=0.998 | shoulder_pan.pos=+31.02 shoulder_lift.pos=-0.04 elbow_flex.pos=-14.12 wrist_flex.pos=+82.96 wrist_roll.pos=+2.10 gripper.pos=+4.87
DEBUG 2026-09-03 09:38:57 [action #753] t=28.16s step=752 queue=9 dmax=1.061 | shoulder_pan.pos=+31.62 shoulder_lift.pos=+0.83 elbow_flex.pos=-13.10 wrist_flex.pos=+81.90 wrist_roll.pos=+2.11 gripper.pos=+4.95
DEBUG 2026-09-03 09:38:58 [action #754] t=28.19s step=753 queue=8 dmax=0.993 | shoulder_pan.pos=+32.02 shoulder_lift.pos=+1.39 elbow_flex.pos=-12.98 wrist_flex.pos=+80.90 wrist_roll.pos=+2.13 gripper.pos=+4.90
DEBUG 2026-09-03 09:38:58 [action #755] t=28.22s step=754 queue=7 dmax=1.033 | shoulder_pan.pos=+32.52 shoulder_lift.pos=+0.79 elbow_flex.pos=-12.19 wrist_flex.pos=+79.87 wrist_roll.pos=+2.27 gripper.pos=+4.92
DEBUG 2026-09-03 09:38:58 [action #756] t=28.26s step=755 queue=6 dmax=1.001 | shoulder_pan.pos=+32.86 shoulder_lift.pos=+1.69 elbow_flex.pos=-11.53 wrist_flex.pos=+78.87 wrist_roll.pos=+2.37 gripper.pos=+4.88
DEBUG 2026-09-03 09:38:58 [action #757] t=28.29s step=756 queue=5 dmax=0.757 | shoulder_pan.pos=+33.20 shoulder_lift.pos=+1.75 elbow_flex.pos=-11.48 wrist_flex.pos=+78.11 wrist_roll.pos=+2.38 gripper.pos=+4.81
DEBUG 2026-09-03 09:38:58 [action #758] t=28.32s step=757 queue=4 dmax=0.740 | shoulder_pan.pos=+33.36 shoulder_lift.pos=+2.48 elbow_flex.pos=-11.66 wrist_flex.pos=+77.37 wrist_roll.pos=+2.54 gripper.pos=+4.83
DEBUG 2026-09-03 09:38:58 [action #759] t=28.36s step=758 queue=3 dmax=1.030 | shoulder_pan.pos=+33.77 shoulder_lift.pos=+2.85 elbow_flex.pos=-11.36 wrist_flex.pos=+76.34 wrist_roll.pos=+2.58 gripper.pos=+4.85
DEBUG 2026-09-03 09:38:58 [action #760] t=28.39s step=759 queue=2 dmax=1.095 | shoulder_pan.pos=+33.67 shoulder_lift.pos=+3.95 elbow_flex.pos=-10.40 wrist_flex.pos=+75.48 wrist_roll.pos=+2.70 gripper.pos=+4.63
DEBUG 2026-09-03 09:38:58 [action #761] t=28.42s step=760 queue=1 dmax=0.983 | shoulder_pan.pos=+34.04 shoulder_lift.pos=+4.30 elbow_flex.pos=-11.39 wrist_flex.pos=+74.89 wrist_roll.pos=+2.65 gripper.pos=+4.75
DEBUG 2026-09-03 09:38:58 [chunk] received 50 actions, timesteps 737..786 | first: shoulder_pan.pos=+15.95 shoulder_lift.pos=-0.68 elbow_flex.pos=-23.63 wrist_flex.pos=+99.83 wrist_roll.pos=+0.58 gripper.pos=+6.58 | last: shoulder_pan.pos=+37.01 shoulder_lift.pos=+12.72 elbow_flex.pos=-7.61 wrist_flex.pos=+63.85 wrist_roll.pos=+5.01 gripper.pos=+5.62
DEBUG 2026-09-03 09:38:58 [action #762] t=28.59s step=761 queue=26 dmax=5.139 | shoulder_pan.pos=+35.54 shoulder_lift.pos=+2.03 elbow_flex.pos=-15.70 wrist_flex.pos=+80.03 wrist_roll.pos=+6.35 gripper.pos=+5.98
DEBUG 2026-09-03 09:38:58 [action #763] t=28.62s step=762 queue=25 dmax=1.417 | shoulder_pan.pos=+35.83 shoulder_lift.pos=+2.31 elbow_flex.pos=-14.28 wrist_flex.pos=+78.78 wrist_roll.pos=+6.38 gripper.pos=+5.84
DEBUG 2026-09-03 09:38:58 [action #764] t=28.66s step=763 queue=24 dmax=1.551 | shoulder_pan.pos=+35.94 shoulder_lift.pos=+2.50 elbow_flex.pos=-14.20 wrist_flex.pos=+77.23 wrist_roll.pos=+6.45 gripper.pos=+5.97
DEBUG 2026-09-03 09:38:58 [action #765] t=28.69s step=764 queue=23 dmax=0.962 | shoulder_pan.pos=+35.89 shoulder_lift.pos=+3.46 elbow_flex.pos=-13.32 wrist_flex.pos=+76.28 wrist_roll.pos=+6.36 gripper.pos=+5.75
DEBUG 2026-09-03 09:38:58 [action #766] t=28.72s step=765 queue=22 dmax=0.979 | shoulder_pan.pos=+36.28 shoulder_lift.pos=+2.53 elbow_flex.pos=-12.77 wrist_flex.pos=+75.30 wrist_roll.pos=+6.28 gripper.pos=+5.91
DEBUG 2026-09-03 09:38:58 [action #767] t=28.76s step=766 queue=21 dmax=1.207 | shoulder_pan.pos=+36.40 shoulder_lift.pos=+3.74 elbow_flex.pos=-12.68 wrist_flex.pos=+74.51 wrist_roll.pos=+6.40 gripper.pos=+5.81
DEBUG 2026-09-03 09:38:58 [action #768] t=28.79s step=767 queue=20 dmax=0.707 | shoulder_pan.pos=+36.06 shoulder_lift.pos=+3.29 elbow_flex.pos=-12.37 wrist_flex.pos=+73.80 wrist_roll.pos=+6.40 gripper.pos=+5.92
DEBUG 2026-09-03 09:38:58 [action #769] t=28.82s step=768 queue=19 dmax=1.026 | shoulder_pan.pos=+36.42 shoulder_lift.pos=+3.99 elbow_flex.pos=-11.90 wrist_flex.pos=+72.78 wrist_roll.pos=+6.42 gripper.pos=+5.96
DEBUG 2026-09-03 09:38:58 [action #770] t=28.86s step=769 queue=18 dmax=0.669 | shoulder_pan.pos=+36.27 shoulder_lift.pos=+4.66 elbow_flex.pos=-11.50 wrist_flex.pos=+72.35 wrist_roll.pos=+6.35 gripper.pos=+5.87
DEBUG 2026-09-03 09:38:58 [action #771] t=28.89s step=770 queue=17 dmax=0.838 | shoulder_pan.pos=+36.31 shoulder_lift.pos=+5.50 elbow_flex.pos=-10.81 wrist_flex.pos=+71.56 wrist_roll.pos=+6.37 gripper.pos=+5.82
DEBUG 2026-09-03 09:38:58 [action #772] t=28.93s step=771 queue=16 dmax=0.667 | shoulder_pan.pos=+36.22 shoulder_lift.pos=+5.06 elbow_flex.pos=-10.18 wrist_flex.pos=+70.89 wrist_roll.pos=+6.34 gripper.pos=+5.86
DEBUG 2026-09-03 09:38:58 [action #773] t=28.96s step=772 queue=15 dmax=0.710 | shoulder_pan.pos=+36.51 shoulder_lift.pos=+5.56 elbow_flex.pos=-10.27 wrist_flex.pos=+70.18 wrist_roll.pos=+6.43 gripper.pos=+5.86
DEBUG 2026-09-03 09:38:58 [action #774] t=28.99s step=773 queue=14 dmax=0.888 | shoulder_pan.pos=+36.58 shoulder_lift.pos=+5.91 elbow_flex.pos=-9.38 wrist_flex.pos=+69.46 wrist_roll.pos=+6.51 gripper.pos=+5.94
DEBUG 2026-09-03 09:38:58 [action #775] t=29.03s step=774 queue=13 dmax=0.775 | shoulder_pan.pos=+36.33 shoulder_lift.pos=+6.39 elbow_flex.pos=-9.25 wrist_flex.pos=+68.69 wrist_roll.pos=+6.53 gripper.pos=+5.84
DEBUG 2026-09-03 09:38:58 [action #776] t=29.06s step=775 queue=12 dmax=0.536 | shoulder_pan.pos=+36.34 shoulder_lift.pos=+6.49 elbow_flex.pos=-8.77 wrist_flex.pos=+68.15 wrist_roll.pos=+6.41 gripper.pos=+5.79
DEBUG 2026-09-03 09:38:58 [action #777] t=29.09s step=776 queue=11 dmax=0.498 | shoulder_pan.pos=+36.49 shoulder_lift.pos=+6.99 elbow_flex.pos=-8.28 wrist_flex.pos=+67.66 wrist_roll.pos=+6.54 gripper.pos=+5.80
DEBUG 2026-09-03 09:38:58 [action #778] t=29.13s step=777 queue=10 dmax=0.398 | shoulder_pan.pos=+36.68 shoulder_lift.pos=+7.19 elbow_flex.pos=-7.88 wrist_flex.pos=+67.31 wrist_roll.pos=+6.43 gripper.pos=+5.73
DEBUG 2026-09-03 09:38:59 [action #779] t=29.16s step=778 queue=9 dmax=0.680 | shoulder_pan.pos=+36.53 shoulder_lift.pos=+7.87 elbow_flex.pos=-7.42 wrist_flex.pos=+66.80 wrist_roll.pos=+6.31 gripper.pos=+5.84
DEBUG 2026-09-03 09:38:59 [action #780] t=29.19s step=779 queue=8 dmax=0.737 | shoulder_pan.pos=+36.75 shoulder_lift.pos=+8.61 elbow_flex.pos=-7.40 wrist_flex.pos=+66.37 wrist_roll.pos=+6.25 gripper.pos=+5.59
DEBUG 2026-09-03 09:38:59 [action #781] t=29.23s step=780 queue=7 dmax=0.378 | shoulder_pan.pos=+36.68 shoulder_lift.pos=+8.99 elbow_flex.pos=-7.45 wrist_flex.pos=+65.99 wrist_roll.pos=+6.16 gripper.pos=+5.67
DEBUG 2026-09-03 09:38:59 [action #782] t=29.26s step=781 queue=6 dmax=0.509 | shoulder_pan.pos=+36.65 shoulder_lift.pos=+9.49 elbow_flex.pos=-7.07 wrist_flex.pos=+65.61 wrist_roll.pos=+6.03 gripper.pos=+5.85
DEBUG 2026-09-03 09:38:59 [action #783] t=29.29s step=782 queue=5 dmax=0.590 | shoulder_pan.pos=+36.70 shoulder_lift.pos=+10.08 elbow_flex.pos=-6.84 wrist_flex.pos=+65.24 wrist_roll.pos=+5.96 gripper.pos=+5.60
DEBUG 2026-09-03 09:38:59 [action #784] t=29.33s step=783 queue=4 dmax=0.972 | shoulder_pan.pos=+36.81 shoulder_lift.pos=+10.84 elbow_flex.pos=-7.82 wrist_flex.pos=+64.98 wrist_roll.pos=+5.74 gripper.pos=+5.57
DEBUG 2026-09-03 09:38:59 [action #785] t=29.36s step=784 queue=3 dmax=0.482 | shoulder_pan.pos=+36.98 shoulder_lift.pos=+11.00 elbow_flex.pos=-7.83 wrist_flex.pos=+64.50 wrist_roll.pos=+5.42 gripper.pos=+5.62
DEBUG 2026-09-03 09:38:59 [action #786] t=29.39s step=785 queue=2 dmax=0.852 | shoulder_pan.pos=+36.79 shoulder_lift.pos=+11.85 elbow_flex.pos=-7.92 wrist_flex.pos=+64.17 wrist_roll.pos=+5.28 gripper.pos=+5.55
DEBUG 2026-09-03 09:38:59 [chunk] received 50 actions, timesteps 760..809 | first: shoulder_pan.pos=+29.87 shoulder_lift.pos=+3.12 elbow_flex.pos=-9.73 wrist_flex.pos=+73.43 wrist_roll.pos=+2.57 gripper.pos=+6.14 | last: shoulder_pan.pos=+32.40 shoulder_lift.pos=+20.29 elbow_flex.pos=-14.92 wrist_flex.pos=+77.03 wrist_roll.pos=+4.34 gripper.pos=+39.64
DEBUG 2026-09-03 09:38:59 [action #787] t=29.43s step=786 queue=24 dmax=3.927 | shoulder_pan.pos=+35.67 shoulder_lift.pos=+15.78 elbow_flex.pos=-9.52 wrist_flex.pos=+65.94 wrist_roll.pos=+2.80 gripper.pos=+6.02
DEBUG 2026-09-03 09:38:59 [action #788] t=29.46s step=787 queue=23 dmax=1.846 | shoulder_pan.pos=+34.97 shoulder_lift.pos=+17.25 elbow_flex.pos=-11.37 wrist_flex.pos=+66.89 wrist_roll.pos=+1.95 gripper.pos=+7.16
DEBUG 2026-09-03 09:38:59 [action #789] t=29.49s step=788 queue=22 dmax=1.391 | shoulder_pan.pos=+34.82 shoulder_lift.pos=+17.95 elbow_flex.pos=-10.97 wrist_flex.pos=+66.85 wrist_roll.pos=+1.96 gripper.pos=+8.55
DEBUG 2026-09-03 09:38:59 [action #790] t=29.53s step=789 queue=21 dmax=1.417 | shoulder_pan.pos=+34.67 shoulder_lift.pos=+18.21 elbow_flex.pos=-11.98 wrist_flex.pos=+67.10 wrist_roll.pos=+2.03 gripper.pos=+9.97
DEBUG 2026-09-03 09:38:59 [action #791] t=29.56s step=790 queue=20 dmax=1.389 | shoulder_pan.pos=+34.82 shoulder_lift.pos=+18.57 elbow_flex.pos=-11.94 wrist_flex.pos=+67.21 wrist_roll.pos=+2.06 gripper.pos=+11.36
DEBUG 2026-09-03 09:38:59 [action #792] t=29.59s step=791 queue=19 dmax=1.399 | shoulder_pan.pos=+34.64 shoulder_lift.pos=+18.70 elbow_flex.pos=-11.69 wrist_flex.pos=+67.65 wrist_roll.pos=+2.20 gripper.pos=+12.75
DEBUG 2026-09-03 09:38:59 [action #793] t=29.63s step=792 queue=18 dmax=1.815 | shoulder_pan.pos=+34.78 shoulder_lift.pos=+19.04 elbow_flex.pos=-12.29 wrist_flex.pos=+67.79 wrist_roll.pos=+2.18 gripper.pos=+14.57
DEBUG 2026-09-03 09:38:59 [action #794] t=29.66s step=793 queue=17 dmax=2.363 | shoulder_pan.pos=+34.47 shoulder_lift.pos=+19.29 elbow_flex.pos=-12.29 wrist_flex.pos=+68.09 wrist_roll.pos=+2.40 gripper.pos=+16.93
DEBUG 2026-09-03 09:38:59 [action #795] t=29.69s step=794 queue=16 dmax=2.685 | shoulder_pan.pos=+34.29 shoulder_lift.pos=+19.72 elbow_flex.pos=-13.03 wrist_flex.pos=+68.48 wrist_roll.pos=+2.49 gripper.pos=+19.62
DEBUG 2026-09-03 09:38:59 [action #796] t=29.73s step=795 queue=15 dmax=2.685 | shoulder_pan.pos=+34.08 shoulder_lift.pos=+19.74 elbow_flex.pos=-13.15 wrist_flex.pos=+69.05 wrist_roll.pos=+2.47 gripper.pos=+22.30
DEBUG 2026-09-03 09:38:59 [action #797] t=29.76s step=796 queue=14 dmax=2.417 | shoulder_pan.pos=+34.04 shoulder_lift.pos=+19.82 elbow_flex.pos=-13.62 wrist_flex.pos=+69.68 wrist_roll.pos=+2.69 gripper.pos=+24.72
DEBUG 2026-09-03 09:38:59 [action #798] t=29.79s step=797 queue=13 dmax=1.980 | shoulder_pan.pos=+33.80 shoulder_lift.pos=+19.67 elbow_flex.pos=-13.93 wrist_flex.pos=+70.23 wrist_roll.pos=+2.83 gripper.pos=+26.70
DEBUG 2026-09-03 09:38:59 [action #799] t=29.83s step=798 queue=12 dmax=1.636 | shoulder_pan.pos=+33.65 shoulder_lift.pos=+20.53 elbow_flex.pos=-14.01 wrist_flex.pos=+70.84 wrist_roll.pos=+2.87 gripper.pos=+28.34
DEBUG 2026-09-03 09:38:59 [action #800] t=29.86s step=799 queue=11 dmax=1.423 | shoulder_pan.pos=+33.77 shoulder_lift.pos=+20.27 elbow_flex.pos=-13.85 wrist_flex.pos=+71.30 wrist_roll.pos=+3.00 gripper.pos=+29.76
DEBUG 2026-09-03 09:38:59 [action #801] t=29.90s step=800 queue=10 dmax=1.227 | shoulder_pan.pos=+33.65 shoulder_lift.pos=+20.47 elbow_flex.pos=-14.06 wrist_flex.pos=+71.62 wrist_roll.pos=+3.13 gripper.pos=+30.99
DEBUG 2026-09-03 09:38:59 [action #802] t=29.93s step=801 queue=9 dmax=1.103 | shoulder_pan.pos=+33.69 shoulder_lift.pos=+20.45 elbow_flex.pos=-14.13 wrist_flex.pos=+71.97 wrist_roll.pos=+3.17 gripper.pos=+32.09
DEBUG 2026-09-03 09:38:59 [action #803] t=29.96s step=802 queue=8 dmax=1.251 | shoulder_pan.pos=+33.30 shoulder_lift.pos=+20.55 elbow_flex.pos=-14.69 wrist_flex.pos=+72.30 wrist_roll.pos=+3.37 gripper.pos=+33.34
DEBUG 2026-09-03 09:38:59 [action #804] t=30.00s step=803 queue=7 dmax=1.156 | shoulder_pan.pos=+33.17 shoulder_lift.pos=+20.71 elbow_flex.pos=-14.11 wrist_flex.pos=+72.47 wrist_roll.pos=+3.46 gripper.pos=+34.50
DEBUG 2026-09-03 09:38:59 [action #805] t=30.03s step=804 queue=6 dmax=1.007 | shoulder_pan.pos=+33.24 shoulder_lift.pos=+20.80 elbow_flex.pos=-14.47 wrist_flex.pos=+72.86 wrist_roll.pos=+3.59 gripper.pos=+35.50
DEBUG 2026-09-03 09:38:59 [action #806] t=30.06s step=805 queue=5 dmax=0.853 | shoulder_pan.pos=+32.77 shoulder_lift.pos=+20.70 elbow_flex.pos=-13.82 wrist_flex.pos=+73.33 wrist_roll.pos=+3.57 gripper.pos=+36.36
DEBUG 2026-09-03 09:38:59 [action #807] t=30.10s step=806 queue=4 dmax=0.898 | shoulder_pan.pos=+32.70 shoulder_lift.pos=+20.66 elbow_flex.pos=-13.98 wrist_flex.pos=+73.90 wrist_roll.pos=+3.70 gripper.pos=+37.25
DEBUG 2026-09-03 09:38:59 [action #808] t=30.13s step=807 queue=3 dmax=0.870 | shoulder_pan.pos=+32.76 shoulder_lift.pos=+20.46 elbow_flex.pos=-14.77 wrist_flex.pos=+74.77 wrist_roll.pos=+3.93 gripper.pos=+37.85
DEBUG 2026-09-03 09:39:00 [action #809] t=30.16s step=808 queue=2 dmax=1.098 | shoulder_pan.pos=+32.47 shoulder_lift.pos=+20.86 elbow_flex.pos=-14.42 wrist_flex.pos=+75.83 wrist_roll.pos=+4.14 gripper.pos=+38.95
DEBUG 2026-09-03 09:39:00 [action #810] t=30.20s step=809 queue=1 dmax=1.201 | shoulder_pan.pos=+32.40 shoulder_lift.pos=+20.29 elbow_flex.pos=-14.92 wrist_flex.pos=+77.03 wrist_roll.pos=+4.34 gripper.pos=+39.64
DEBUG 2026-09-03 09:39:00 [chunk] received 50 actions, timesteps 785..834 | first: shoulder_pan.pos=+32.96 shoulder_lift.pos=+9.74 elbow_flex.pos=-5.73 wrist_flex.pos=+63.54 wrist_roll.pos=+5.49 gripper.pos=+5.65 | last: shoulder_pan.pos=+27.14 shoulder_lift.pos=+9.80 elbow_flex.pos=-15.96 wrist_flex.pos=+89.27 wrist_roll.pos=+10.53 gripper.pos=+33.54
DEBUG 2026-09-03 09:39:00 [action #811] t=30.26s step=810 queue=25 dmax=12.546 | shoulder_pan.pos=+34.61 shoulder_lift.pos=+16.42 elbow_flex.pos=-6.49 wrist_flex.pos=+65.23 wrist_roll.pos=+7.36 gripper.pos=+27.10
DEBUG 2026-09-03 09:39:00 [action #812] t=30.30s step=811 queue=24 dmax=1.588 | shoulder_pan.pos=+34.81 shoulder_lift.pos=+16.55 elbow_flex.pos=-6.39 wrist_flex.pos=+65.94 wrist_roll.pos=+7.52 gripper.pos=+28.69
DEBUG 2026-09-03 09:39:00 [action #813] t=30.33s step=812 queue=23 dmax=1.287 | shoulder_pan.pos=+34.84 shoulder_lift.pos=+16.28 elbow_flex.pos=-6.48 wrist_flex.pos=+66.53 wrist_roll.pos=+7.60 gripper.pos=+29.97
DEBUG 2026-09-03 09:39:00 [action #814] t=30.36s step=813 queue=22 dmax=1.621 | shoulder_pan.pos=+34.66 shoulder_lift.pos=+16.37 elbow_flex.pos=-8.10 wrist_flex.pos=+67.31 wrist_roll.pos=+7.79 gripper.pos=+30.88
DEBUG 2026-09-03 09:39:00 [action #815] t=30.40s step=814 queue=21 dmax=0.608 | shoulder_pan.pos=+34.54 shoulder_lift.pos=+16.71 elbow_flex.pos=-7.66 wrist_flex.pos=+67.86 wrist_roll.pos=+7.96 gripper.pos=+31.49
DEBUG 2026-09-03 09:39:00 [action #816] t=30.43s step=815 queue=20 dmax=0.712 | shoulder_pan.pos=+34.24 shoulder_lift.pos=+16.90 elbow_flex.pos=-7.24 wrist_flex.pos=+68.37 wrist_roll.pos=+8.27 gripper.pos=+32.20
DEBUG 2026-09-03 09:39:00 [action #817] t=30.46s step=816 queue=19 dmax=1.091 | shoulder_pan.pos=+34.24 shoulder_lift.pos=+16.96 elbow_flex.pos=-8.33 wrist_flex.pos=+69.31 wrist_roll.pos=+8.32 gripper.pos=+32.60
DEBUG 2026-09-03 09:39:00 [action #818] t=30.50s step=817 queue=18 dmax=0.478 | shoulder_pan.pos=+33.89 shoulder_lift.pos=+16.82 elbow_flex.pos=-8.14 wrist_flex.pos=+69.79 wrist_roll.pos=+8.49 gripper.pos=+33.07
DEBUG 2026-09-03 09:39:00 [action #819] t=30.53s step=818 queue=17 dmax=0.708 | shoulder_pan.pos=+33.97 shoulder_lift.pos=+16.45 elbow_flex.pos=-8.18 wrist_flex.pos=+70.50 wrist_roll.pos=+8.64 gripper.pos=+33.34
DEBUG 2026-09-03 09:39:00 [action #820] t=30.56s step=819 queue=16 dmax=0.816 | shoulder_pan.pos=+33.15 shoulder_lift.pos=+17.25 elbow_flex.pos=-8.92 wrist_flex.pos=+71.00 wrist_roll.pos=+8.83 gripper.pos=+33.75
DEBUG 2026-09-03 09:39:00 [action #821] t=30.60s step=820 queue=15 dmax=0.774 | shoulder_pan.pos=+33.40 shoulder_lift.pos=+16.47 elbow_flex.pos=-9.09 wrist_flex.pos=+71.70 wrist_roll.pos=+8.89 gripper.pos=+33.95
DEBUG 2026-09-03 09:39:00 [action #822] t=30.63s step=821 queue=14 dmax=0.578 | shoulder_pan.pos=+33.14 shoulder_lift.pos=+15.96 elbow_flex.pos=-9.05 wrist_flex.pos=+72.28 wrist_roll.pos=+9.08 gripper.pos=+33.98
DEBUG 2026-09-03 09:39:00 [action #823] t=30.66s step=822 queue=13 dmax=1.014 | shoulder_pan.pos=+32.60 shoulder_lift.pos=+16.95 elbow_flex.pos=-10.06 wrist_flex.pos=+72.97 wrist_roll.pos=+9.26 gripper.pos=+33.91
DEBUG 2026-09-03 09:39:00 [action #824] t=30.70s step=823 queue=12 dmax=0.970 | shoulder_pan.pos=+32.54 shoulder_lift.pos=+15.98 elbow_flex.pos=-9.95 wrist_flex.pos=+73.62 wrist_roll.pos=+9.34 gripper.pos=+33.73
DEBUG 2026-09-03 09:39:00 [action #825] t=30.73s step=824 queue=11 dmax=0.684 | shoulder_pan.pos=+32.25 shoulder_lift.pos=+16.15 elbow_flex.pos=-9.74 wrist_flex.pos=+74.30 wrist_roll.pos=+9.26 gripper.pos=+33.71
DEBUG 2026-09-03 09:39:00 [action #826] t=30.76s step=825 queue=10 dmax=1.270 | shoulder_pan.pos=+31.89 shoulder_lift.pos=+16.01 elbow_flex.pos=-11.01 wrist_flex.pos=+75.15 wrist_roll.pos=+9.39 gripper.pos=+33.67
DEBUG 2026-09-03 09:39:00 [action #827] t=30.80s step=826 queue=9 dmax=1.091 | shoulder_pan.pos=+31.55 shoulder_lift.pos=+15.87 elbow_flex.pos=-11.36 wrist_flex.pos=+76.24 wrist_roll.pos=+9.47 gripper.pos=+33.78
DEBUG 2026-09-03 09:39:00 [action #828] t=30.83s step=827 queue=8 dmax=1.236 | shoulder_pan.pos=+31.60 shoulder_lift.pos=+14.68 elbow_flex.pos=-11.57 wrist_flex.pos=+77.47 wrist_roll.pos=+9.57 gripper.pos=+33.82
DEBUG 2026-09-03 09:39:00 [action #829] t=30.86s step=828 queue=7 dmax=1.564 | shoulder_pan.pos=+30.73 shoulder_lift.pos=+14.51 elbow_flex.pos=-12.51 wrist_flex.pos=+79.04 wrist_roll.pos=+9.82 gripper.pos=+33.83
DEBUG 2026-09-03 09:39:00 [action #830] t=30.90s step=829 queue=6 dmax=1.701 | shoulder_pan.pos=+30.07 shoulder_lift.pos=+13.75 elbow_flex.pos=-13.16 wrist_flex.pos=+80.74 wrist_roll.pos=+9.91 gripper.pos=+33.83
DEBUG 2026-09-03 09:39:00 [action #831] t=30.93s step=830 queue=5 dmax=1.762 | shoulder_pan.pos=+29.50 shoulder_lift.pos=+13.21 elbow_flex.pos=-13.67 wrist_flex.pos=+82.50 wrist_roll.pos=+10.08 gripper.pos=+33.79
DEBUG 2026-09-03 09:39:00 [action #832] t=30.96s step=831 queue=4 dmax=1.841 | shoulder_pan.pos=+29.14 shoulder_lift.pos=+11.92 elbow_flex.pos=-14.06 wrist_flex.pos=+84.34 wrist_roll.pos=+10.27 gripper.pos=+33.77
DEBUG 2026-09-03 09:39:00 [action #833] t=31.00s step=832 queue=3 dmax=2.132 | shoulder_pan.pos=+28.33 shoulder_lift.pos=+11.39 elbow_flex.pos=-14.57 wrist_flex.pos=+86.47 wrist_roll.pos=+10.26 gripper.pos=+33.86
DEBUG 2026-09-03 09:39:00 [action #834] t=31.03s step=833 queue=2 dmax=1.390 | shoulder_pan.pos=+27.69 shoulder_lift.pos=+10.24 elbow_flex.pos=-15.78 wrist_flex.pos=+87.86 wrist_roll.pos=+10.43 gripper.pos=+33.60
DEBUG 2026-09-03 09:39:00 [chunk] received 50 actions, timesteps 809..858 | first: shoulder_pan.pos=+28.36 shoulder_lift.pos=+18.98 elbow_flex.pos=-17.00 wrist_flex.pos=+75.80 wrist_roll.pos=+4.74 gripper.pos=+38.28 | last: shoulder_pan.pos=-2.22 shoulder_lift.pos=-54.42 elbow_flex.pos=+40.84 wrist_flex.pos=+77.69 wrist_roll.pos=+6.71 gripper.pos=+1.92
DEBUG 2026-09-03 09:39:00 [action #835] t=31.07s step=834 queue=25 dmax=14.069 | shoulder_pan.pos=+20.90 shoulder_lift.pos=-3.83 elbow_flex.pos=-10.90 wrist_flex.pos=+90.46 wrist_roll.pos=+8.14 gripper.pos=+35.68
DEBUG 2026-09-03 09:39:00 [action #836] t=31.10s step=835 queue=24 dmax=8.332 | shoulder_pan.pos=+16.66 shoulder_lift.pos=-12.16 elbow_flex.pos=-6.46 wrist_flex.pos=+90.52 wrist_roll.pos=+7.12 gripper.pos=+34.25
DEBUG 2026-09-03 09:39:00 [action #837] t=31.13s step=836 queue=23 dmax=2.753 | shoulder_pan.pos=+15.48 shoulder_lift.pos=-14.91 elbow_flex.pos=-4.15 wrist_flex.pos=+90.00 wrist_roll.pos=+7.14 gripper.pos=+31.57
DEBUG 2026-09-03 09:39:01 [action #838] t=31.17s step=837 queue=22 dmax=2.657 | shoulder_pan.pos=+13.92 shoulder_lift.pos=-17.01 elbow_flex.pos=-2.02 wrist_flex.pos=+89.74 wrist_roll.pos=+7.30 gripper.pos=+28.91
DEBUG 2026-09-03 09:39:01 [action #839] t=31.20s step=838 queue=21 dmax=2.805 | shoulder_pan.pos=+12.41 shoulder_lift.pos=-19.40 elbow_flex.pos=+0.01 wrist_flex.pos=+89.34 wrist_roll.pos=+7.23 gripper.pos=+26.11
DEBUG 2026-09-03 09:39:01 [action #840] t=31.23s step=839 queue=20 dmax=2.609 | shoulder_pan.pos=+10.80 shoulder_lift.pos=-22.01 elbow_flex.pos=+2.38 wrist_flex.pos=+89.01 wrist_roll.pos=+7.17 gripper.pos=+23.50
DEBUG 2026-09-03 09:39:01 [action #841] t=31.27s step=840 queue=19 dmax=2.714 | shoulder_pan.pos=+9.72 shoulder_lift.pos=-24.15 elbow_flex.pos=+4.49 wrist_flex.pos=+88.89 wrist_roll.pos=+7.32 gripper.pos=+20.79
DEBUG 2026-09-03 09:39:01 [action #842] t=31.30s step=841 queue=18 dmax=2.482 | shoulder_pan.pos=+8.44 shoulder_lift.pos=-25.74 elbow_flex.pos=+6.30 wrist_flex.pos=+88.47 wrist_roll.pos=+7.37 gripper.pos=+18.30
DEBUG 2026-09-03 09:39:01 [action #843] t=31.33s step=842 queue=17 dmax=2.449 | shoulder_pan.pos=+7.45 shoulder_lift.pos=-27.58 elbow_flex.pos=+7.95 wrist_flex.pos=+88.28 wrist_roll.pos=+7.51 gripper.pos=+15.85
DEBUG 2026-09-03 09:39:01 [action #844] t=31.37s step=843 queue=16 dmax=2.634 | shoulder_pan.pos=+6.51 shoulder_lift.pos=-29.60 elbow_flex.pos=+9.71 wrist_flex.pos=+87.86 wrist_roll.pos=+7.31 gripper.pos=+13.22
DEBUG 2026-09-03 09:39:01 [action #845] t=31.40s step=844 queue=15 dmax=2.574 | shoulder_pan.pos=+5.37 shoulder_lift.pos=-31.39 elbow_flex.pos=+12.11 wrist_flex.pos=+87.50 wrist_roll.pos=+7.42 gripper.pos=+10.65
DEBUG 2026-09-03 09:39:01 [action #846] t=31.43s step=845 queue=14 dmax=2.189 | shoulder_pan.pos=+4.88 shoulder_lift.pos=-33.48 elbow_flex.pos=+14.00 wrist_flex.pos=+86.76 wrist_roll.pos=+7.42 gripper.pos=+8.46
DEBUG 2026-09-03 09:39:01 [action #847] t=31.47s step=846 queue=13 dmax=2.048 | shoulder_pan.pos=+4.17 shoulder_lift.pos=-35.26 elbow_flex.pos=+16.05 wrist_flex.pos=+86.14 wrist_roll.pos=+7.44 gripper.pos=+6.76
DEBUG 2026-09-03 09:39:01 [action #848] t=31.50s step=847 queue=12 dmax=2.083 | shoulder_pan.pos=+3.41 shoulder_lift.pos=-36.96 elbow_flex.pos=+18.13 wrist_flex.pos=+85.25 wrist_roll.pos=+7.36 gripper.pos=+5.54
DEBUG 2026-09-03 09:39:01 [action #849] t=31.54s step=848 queue=11 dmax=2.551 | shoulder_pan.pos=+2.64 shoulder_lift.pos=-38.70 elbow_flex.pos=+20.68 wrist_flex.pos=+84.46 wrist_roll.pos=+7.26 gripper.pos=+4.97
DEBUG 2026-09-03 09:39:01 [action #850] t=31.57s step=849 queue=10 dmax=2.234 | shoulder_pan.pos=+2.25 shoulder_lift.pos=-40.19 elbow_flex.pos=+22.92 wrist_flex.pos=+83.69 wrist_roll.pos=+7.11 gripper.pos=+4.68
DEBUG 2026-09-03 09:39:01 [action #851] t=31.60s step=850 queue=9 dmax=2.259 | shoulder_pan.pos=+1.72 shoulder_lift.pos=-41.83 elbow_flex.pos=+25.18 wrist_flex.pos=+82.67 wrist_roll.pos=+7.13 gripper.pos=+4.77
DEBUG 2026-09-03 09:39:01 [action #852] t=31.64s step=851 queue=8 dmax=1.866 | shoulder_pan.pos=+1.41 shoulder_lift.pos=-43.40 elbow_flex.pos=+27.04 wrist_flex.pos=+81.74 wrist_roll.pos=+7.05 gripper.pos=+4.66
DEBUG 2026-09-03 09:39:01 [action #853] t=31.67s step=852 queue=7 dmax=2.688 | shoulder_pan.pos=+0.60 shoulder_lift.pos=-45.20 elbow_flex.pos=+29.73 wrist_flex.pos=+81.05 wrist_roll.pos=+7.10 gripper.pos=+4.42
DEBUG 2026-09-03 09:39:01 [action #854] t=31.70s step=853 queue=6 dmax=1.529 | shoulder_pan.pos=+0.21 shoulder_lift.pos=-46.06 elbow_flex.pos=+31.26 wrist_flex.pos=+80.34 wrist_roll.pos=+7.00 gripper.pos=+4.02
DEBUG 2026-09-03 09:39:01 [action #855] t=31.74s step=854 queue=5 dmax=1.546 | shoulder_pan.pos=-0.16 shoulder_lift.pos=-47.39 elbow_flex.pos=+32.81 wrist_flex.pos=+79.87 wrist_roll.pos=+6.87 gripper.pos=+3.66
DEBUG 2026-09-03 09:39:01 [action #856] t=31.77s step=855 queue=4 dmax=1.822 | shoulder_pan.pos=-0.78 shoulder_lift.pos=-49.04 elbow_flex.pos=+34.63 wrist_flex.pos=+79.16 wrist_roll.pos=+6.84 gripper.pos=+3.16
DEBUG 2026-09-03 09:39:01 [action #857] t=31.80s step=856 queue=3 dmax=2.612 | shoulder_pan.pos=-1.46 shoulder_lift.pos=-50.77 elbow_flex.pos=+37.24 wrist_flex.pos=+78.81 wrist_roll.pos=+6.62 gripper.pos=+2.70
DEBUG 2026-09-03 09:39:01 [action #858] t=31.84s step=857 queue=2 dmax=2.465 | shoulder_pan.pos=-2.01 shoulder_lift.pos=-53.23 elbow_flex.pos=+39.36 wrist_flex.pos=+78.14 wrist_roll.pos=+6.68 gripper.pos=+2.30
DEBUG 2026-09-03 09:39:01 [action #859] t=31.87s step=858 queue=1 dmax=1.485 | shoulder_pan.pos=-2.22 shoulder_lift.pos=-54.42 elbow_flex.pos=+40.84 wrist_flex.pos=+77.69 wrist_roll.pos=+6.71 gripper.pos=+1.92
DEBUG 2026-09-03 09:39:01 [chunk] received 50 actions, timesteps 833..882 | first: shoulder_pan.pos=+24.51 shoulder_lift.pos=+5.76 elbow_flex.pos=-13.00 wrist_flex.pos=+84.63 wrist_roll.pos=+9.87 gripper.pos=+32.96 | last: shoulder_pan.pos=-3.95 shoulder_lift.pos=-73.54 elbow_flex.pos=+66.04 wrist_flex.pos=+67.05 wrist_roll.pos=+4.10 gripper.pos=+1.08
DEBUG 2026-09-03 09:39:01 [action #860] t=31.94s step=859 queue=24 dmax=18.132 | shoulder_pan.pos=+3.08 shoulder_lift.pos=-38.96 elbow_flex.pos=+22.71 wrist_flex.pos=+85.57 wrist_roll.pos=+9.67 gripper.pos=+11.56
DEBUG 2026-09-03 09:39:01 [action #861] t=31.97s step=860 queue=23 dmax=2.817 | shoulder_pan.pos=+2.00 shoulder_lift.pos=-40.41 elbow_flex.pos=+24.41 wrist_flex.pos=+84.48 wrist_roll.pos=+9.63 gripper.pos=+8.74
DEBUG 2026-09-03 09:39:01 [action #862] t=32.00s step=861 queue=22 dmax=2.361 | shoulder_pan.pos=+1.27 shoulder_lift.pos=-42.15 elbow_flex.pos=+26.27 wrist_flex.pos=+83.85 wrist_roll.pos=+9.55 gripper.pos=+6.38
DEBUG 2026-09-03 09:39:01 [action #863] t=32.04s step=862 queue=21 dmax=1.685 | shoulder_pan.pos=+0.70 shoulder_lift.pos=-43.83 elbow_flex.pos=+27.70 wrist_flex.pos=+83.23 wrist_roll.pos=+9.52 gripper.pos=+4.78
DEBUG 2026-09-03 09:39:01 [action #864] t=32.07s step=863 queue=20 dmax=2.619 | shoulder_pan.pos=-0.25 shoulder_lift.pos=-45.82 elbow_flex.pos=+30.32 wrist_flex.pos=+82.40 wrist_roll.pos=+9.65 gripper.pos=+3.83
DEBUG 2026-09-03 09:39:01 [action #865] t=32.10s step=864 queue=19 dmax=1.983 | shoulder_pan.pos=-0.78 shoulder_lift.pos=-47.58 elbow_flex.pos=+32.30 wrist_flex.pos=+81.62 wrist_roll.pos=+9.50 gripper.pos=+3.22
DEBUG 2026-09-03 09:39:01 [action #866] t=32.14s step=865 queue=18 dmax=1.724 | shoulder_pan.pos=-1.38 shoulder_lift.pos=-48.87 elbow_flex.pos=+34.03 wrist_flex.pos=+80.78 wrist_roll.pos=+9.46 gripper.pos=+2.98
DEBUG 2026-09-03 09:39:02 [action #867] t=32.17s step=866 queue=17 dmax=2.726 | shoulder_pan.pos=-2.05 shoulder_lift.pos=-50.59 elbow_flex.pos=+36.75 wrist_flex.pos=+79.79 wrist_roll.pos=+9.43 gripper.pos=+2.86
DEBUG 2026-09-03 09:39:02 [action #868] t=32.20s step=867 queue=16 dmax=1.815 | shoulder_pan.pos=-2.26 shoulder_lift.pos=-52.41 elbow_flex.pos=+38.24 wrist_flex.pos=+79.17 wrist_roll.pos=+9.20 gripper.pos=+2.56
DEBUG 2026-09-03 09:39:02 [action #869] t=32.24s step=868 queue=15 dmax=2.166 | shoulder_pan.pos=-2.51 shoulder_lift.pos=-53.82 elbow_flex.pos=+40.41 wrist_flex.pos=+78.24 wrist_roll.pos=+8.87 gripper.pos=+2.16
DEBUG 2026-09-03 09:39:02 [action #870] t=32.27s step=869 queue=14 dmax=2.486 | shoulder_pan.pos=-2.46 shoulder_lift.pos=-55.43 elbow_flex.pos=+42.89 wrist_flex.pos=+77.53 wrist_roll.pos=+8.44 gripper.pos=+1.85
DEBUG 2026-09-03 09:39:02 [action #871] t=32.30s step=870 queue=13 dmax=1.740 | shoulder_pan.pos=-2.63 shoulder_lift.pos=-57.17 elbow_flex.pos=+44.16 wrist_flex.pos=+76.97 wrist_roll.pos=+7.92 gripper.pos=+1.64
DEBUG 2026-09-03 09:39:02 [action #872] t=32.34s step=871 queue=12 dmax=1.937 | shoulder_pan.pos=-2.84 shoulder_lift.pos=-58.17 elbow_flex.pos=+46.10 wrist_flex.pos=+76.34 wrist_roll.pos=+7.32 gripper.pos=+1.25
DEBUG 2026-09-03 09:39:02 [action #873] t=32.37s step=872 queue=11 dmax=1.938 | shoulder_pan.pos=-3.20 shoulder_lift.pos=-59.82 elbow_flex.pos=+48.04 wrist_flex.pos=+75.65 wrist_roll.pos=+6.91 gripper.pos=+1.13
DEBUG 2026-09-03 09:39:02 [action #874] t=32.40s step=873 queue=10 dmax=1.330 | shoulder_pan.pos=-3.36 shoulder_lift.pos=-61.15 elbow_flex.pos=+49.24 wrist_flex.pos=+75.33 wrist_roll.pos=+6.33 gripper.pos=+1.08
DEBUG 2026-09-03 09:39:02 [action #875] t=32.44s step=874 queue=9 dmax=2.040 | shoulder_pan.pos=-3.78 shoulder_lift.pos=-63.19 elbow_flex.pos=+51.24 wrist_flex.pos=+74.56 wrist_roll.pos=+5.88 gripper.pos=+1.16
DEBUG 2026-09-03 09:39:02 [action #876] t=32.47s step=875 queue=8 dmax=1.809 | shoulder_pan.pos=-3.84 shoulder_lift.pos=-64.04 elbow_flex.pos=+53.05 wrist_flex.pos=+73.63 wrist_roll.pos=+4.92 gripper.pos=+1.01
DEBUG 2026-09-03 09:39:02 [action #877] t=32.51s step=876 queue=7 dmax=2.030 | shoulder_pan.pos=-3.93 shoulder_lift.pos=-65.20 elbow_flex.pos=+55.08 wrist_flex.pos=+72.51 wrist_roll.pos=+4.40 gripper.pos=+1.06
DEBUG 2026-09-03 09:39:02 [action #878] t=32.54s step=877 queue=6 dmax=1.416 | shoulder_pan.pos=-3.83 shoulder_lift.pos=-66.12 elbow_flex.pos=+56.48 wrist_flex.pos=+71.10 wrist_roll.pos=+3.95 gripper.pos=+1.12
DEBUG 2026-09-03 09:39:02 [action #879] t=32.57s step=878 queue=5 dmax=2.368 | shoulder_pan.pos=-3.92 shoulder_lift.pos=-67.90 elbow_flex.pos=+58.85 wrist_flex.pos=+69.82 wrist_roll.pos=+3.98 gripper.pos=+1.24
DEBUG 2026-09-03 09:39:02 [action #880] t=32.61s step=879 queue=4 dmax=1.498 | shoulder_pan.pos=-3.94 shoulder_lift.pos=-68.96 elbow_flex.pos=+60.34 wrist_flex.pos=+68.75 wrist_roll.pos=+4.07 gripper.pos=+1.23
DEBUG 2026-09-03 09:39:02 [action #881] t=32.64s step=880 queue=3 dmax=1.841 | shoulder_pan.pos=-3.96 shoulder_lift.pos=-70.69 elbow_flex.pos=+62.19 wrist_flex.pos=+67.84 wrist_roll.pos=+4.33 gripper.pos=+1.13
DEBUG 2026-09-03 09:39:02 [action #882] t=32.67s step=881 queue=2 dmax=2.065 | shoulder_pan.pos=-4.22 shoulder_lift.pos=-72.16 elbow_flex.pos=+64.25 wrist_flex.pos=+67.40 wrist_roll.pos=+4.31 gripper.pos=+1.10
DEBUG 2026-09-03 09:39:02 [action #883] t=32.71s step=882 queue=1 dmax=1.789 | shoulder_pan.pos=-3.95 shoulder_lift.pos=-73.54 elbow_flex.pos=+66.04 wrist_flex.pos=+67.05 wrist_roll.pos=+4.10 gripper.pos=+1.08
DEBUG 2026-09-03 09:39:02 [chunk] received 50 actions, timesteps 858..907 | first: shoulder_pan.pos=-2.54 shoulder_lift.pos=-54.32 elbow_flex.pos=+42.33 wrist_flex.pos=+77.72 wrist_roll.pos=+7.11 gripper.pos=+0.76 | last: shoulder_pan.pos=-2.64 shoulder_lift.pos=-106.13 elbow_flex.pos=+89.31 wrist_flex.pos=+78.16 wrist_roll.pos=-0.71 gripper.pos=+0.29
DEBUG 2026-09-03 09:39:02 [action #884] t=32.84s step=883 queue=25 dmax=28.264 | shoulder_pan.pos=-3.43 shoulder_lift.pos=-101.81 elbow_flex.pos=+87.32 wrist_flex.pos=+67.30 wrist_roll.pos=+0.77 gripper.pos=+0.69
DEBUG 2026-09-03 09:39:02 [action #885] t=32.87s step=884 queue=24 dmax=1.150 | shoulder_pan.pos=-3.36 shoulder_lift.pos=-102.96 elbow_flex.pos=+87.95 wrist_flex.pos=+68.43 wrist_roll.pos=-0.21 gripper.pos=+0.64
DEBUG 2026-09-03 09:39:02 [action #886] t=32.91s step=885 queue=23 dmax=1.484 | shoulder_pan.pos=-3.20 shoulder_lift.pos=-104.44 elbow_flex.pos=+87.63 wrist_flex.pos=+69.56 wrist_roll.pos=-0.89 gripper.pos=+0.56
DEBUG 2026-09-03 09:39:02 [action #887] t=32.94s step=886 queue=22 dmax=1.456 | shoulder_pan.pos=-3.86 shoulder_lift.pos=-104.92 elbow_flex.pos=+88.75 wrist_flex.pos=+71.02 wrist_roll.pos=-1.28 gripper.pos=+0.46
DEBUG 2026-09-03 09:39:02 [action #888] t=32.97s step=887 queue=21 dmax=1.485 | shoulder_pan.pos=-3.50 shoulder_lift.pos=-105.81 elbow_flex.pos=+88.65 wrist_flex.pos=+72.50 wrist_roll.pos=-1.25 gripper.pos=+0.66
DEBUG 2026-09-03 09:39:02 [action #889] t=33.01s step=888 queue=20 dmax=1.332 | shoulder_pan.pos=-3.77 shoulder_lift.pos=-107.07 elbow_flex.pos=+89.01 wrist_flex.pos=+73.84 wrist_roll.pos=-0.99 gripper.pos=+0.63
DEBUG 2026-09-03 09:39:02 [action #890] t=33.04s step=889 queue=19 dmax=0.624 | shoulder_pan.pos=-3.83 shoulder_lift.pos=-106.74 elbow_flex.pos=+89.23 wrist_flex.pos=+74.46 wrist_roll.pos=-1.00 gripper.pos=+0.46
DEBUG 2026-09-03 09:39:02 [action #891] t=33.07s step=890 queue=18 dmax=0.701 | shoulder_pan.pos=-3.73 shoulder_lift.pos=-106.65 elbow_flex.pos=+89.93 wrist_flex.pos=+74.43 wrist_roll.pos=-0.59 gripper.pos=+0.54
DEBUG 2026-09-03 09:39:02 [action #892] t=33.11s step=891 queue=17 dmax=0.927 | shoulder_pan.pos=-4.01 shoulder_lift.pos=-106.02 elbow_flex.pos=+89.00 wrist_flex.pos=+75.11 wrist_roll.pos=-0.56 gripper.pos=+0.44
DEBUG 2026-09-03 09:39:02 [action #893] t=33.14s step=892 queue=16 dmax=1.129 | shoulder_pan.pos=-3.94 shoulder_lift.pos=-107.15 elbow_flex.pos=+89.94 wrist_flex.pos=+75.23 wrist_roll.pos=-0.39 gripper.pos=+0.62
DEBUG 2026-09-03 09:39:03 [action #894] t=33.17s step=893 queue=15 dmax=0.764 | shoulder_pan.pos=-3.63 shoulder_lift.pos=-107.27 elbow_flex.pos=+90.71 wrist_flex.pos=+75.90 wrist_roll.pos=-0.39 gripper.pos=+0.39
DEBUG 2026-09-03 09:39:03 [action #895] t=33.21s step=894 queue=14 dmax=1.039 | shoulder_pan.pos=-3.53 shoulder_lift.pos=-106.58 elbow_flex.pos=+90.11 wrist_flex.pos=+76.94 wrist_roll.pos=-0.26 gripper.pos=+0.43
DEBUG 2026-09-03 09:39:03 [action #896] t=33.24s step=895 queue=13 dmax=0.696 | shoulder_pan.pos=-3.39 shoulder_lift.pos=-106.63 elbow_flex.pos=+90.53 wrist_flex.pos=+77.63 wrist_roll.pos=-0.45 gripper.pos=+0.41
DEBUG 2026-09-03 09:39:03 [action #897] t=33.27s step=896 queue=12 dmax=0.794 | shoulder_pan.pos=-3.36 shoulder_lift.pos=-106.08 elbow_flex.pos=+89.74 wrist_flex.pos=+77.87 wrist_roll.pos=-0.65 gripper.pos=+0.47
DEBUG 2026-09-03 09:39:03 [action #898] t=33.31s step=897 queue=11 dmax=0.752 | shoulder_pan.pos=-3.54 shoulder_lift.pos=-106.50 elbow_flex.pos=+89.99 wrist_flex.pos=+78.62 wrist_roll.pos=-0.63 gripper.pos=+0.65
DEBUG 2026-09-03 09:39:03 [action #899] t=33.34s step=898 queue=10 dmax=0.279 | shoulder_pan.pos=-3.29 shoulder_lift.pos=-106.22 elbow_flex.pos=+89.78 wrist_flex.pos=+78.56 wrist_roll.pos=-0.58 gripper.pos=+0.60
DEBUG 2026-09-03 09:39:03 [action #900] t=33.37s step=899 queue=9 dmax=0.273 | shoulder_pan.pos=-3.17 shoulder_lift.pos=-105.94 elbow_flex.pos=+89.51 wrist_flex.pos=+78.69 wrist_roll.pos=-0.58 gripper.pos=+0.64
DEBUG 2026-09-03 09:39:03 [action #901] t=33.41s step=900 queue=8 dmax=0.652 | shoulder_pan.pos=-2.94 shoulder_lift.pos=-106.60 elbow_flex.pos=+89.91 wrist_flex.pos=+78.52 wrist_roll.pos=-0.59 gripper.pos=+0.48
DEBUG 2026-09-03 09:39:03 [action #902] t=33.44s step=901 queue=7 dmax=0.512 | shoulder_pan.pos=-2.90 shoulder_lift.pos=-106.08 elbow_flex.pos=+89.62 wrist_flex.pos=+78.56 wrist_roll.pos=-0.64 gripper.pos=+0.34
DEBUG 2026-09-03 09:39:03 [action #903] t=33.48s step=902 queue=6 dmax=0.965 | shoulder_pan.pos=-2.76 shoulder_lift.pos=-105.84 elbow_flex.pos=+90.58 wrist_flex.pos=+78.65 wrist_roll.pos=-0.67 gripper.pos=+0.66
DEBUG 2026-09-03 09:39:03 [action #904] t=33.51s step=903 queue=5 dmax=0.864 | shoulder_pan.pos=-2.52 shoulder_lift.pos=-105.81 elbow_flex.pos=+89.72 wrist_flex.pos=+78.64 wrist_roll.pos=-0.82 gripper.pos=+0.41
DEBUG 2026-09-03 09:39:03 [action #905] t=33.54s step=904 queue=4 dmax=0.281 | shoulder_pan.pos=-2.80 shoulder_lift.pos=-106.08 elbow_flex.pos=+89.89 wrist_flex.pos=+78.63 wrist_roll.pos=-0.84 gripper.pos=+0.62
DEBUG 2026-09-03 09:39:03 [action #906] t=33.58s step=905 queue=3 dmax=0.665 | shoulder_pan.pos=-2.93 shoulder_lift.pos=-105.94 elbow_flex.pos=+90.56 wrist_flex.pos=+78.57 wrist_roll.pos=-0.88 gripper.pos=+0.61
DEBUG 2026-09-03 09:39:03 [action #907] t=33.61s step=906 queue=2 dmax=0.409 | shoulder_pan.pos=-2.59 shoulder_lift.pos=-106.06 elbow_flex.pos=+90.15 wrist_flex.pos=+78.53 wrist_roll.pos=-0.86 gripper.pos=+0.54
DEBUG 2026-09-03 09:39:03 [action #908] t=33.64s step=907 queue=1 dmax=0.843 | shoulder_pan.pos=-2.64 shoulder_lift.pos=-106.13 elbow_flex.pos=+89.31 wrist_flex.pos=+78.16 wrist_roll.pos=-0.71 gripper.pos=+0.29
DEBUG 2026-09-03 09:39:03 [chunk] received 50 actions, timesteps 882..931 | first: shoulder_pan.pos=-3.80 shoulder_lift.pos=-77.34 elbow_flex.pos=+68.21 wrist_flex.pos=+66.70 wrist_roll.pos=+0.18 gripper.pos=+1.32 | last: shoulder_pan.pos=-3.75 shoulder_lift.pos=-101.56 elbow_flex.pos=+89.38 wrist_flex.pos=+78.08 wrist_roll.pos=-2.55 gripper.pos=+0.42
DEBUG 2026-09-03 09:39:03 [action #909] t=33.78s step=908 queue=24 dmax=3.730 | shoulder_pan.pos=-4.24 shoulder_lift.pos=-102.40 elbow_flex.pos=+88.80 wrist_flex.pos=+77.40 wrist_roll.pos=-2.44 gripper.pos=+0.59
DEBUG 2026-09-03 09:39:03 [action #910] t=33.81s step=909 queue=23 dmax=0.472 | shoulder_pan.pos=-4.23 shoulder_lift.pos=-101.93 elbow_flex.pos=+88.41 wrist_flex.pos=+77.47 wrist_roll.pos=-2.79 gripper.pos=+0.47
DEBUG 2026-09-03 09:39:03 [action #911] t=33.84s step=910 queue=22 dmax=0.707 | shoulder_pan.pos=-4.14 shoulder_lift.pos=-102.14 elbow_flex.pos=+89.11 wrist_flex.pos=+77.52 wrist_roll.pos=-2.67 gripper.pos=+0.64
DEBUG 2026-09-03 09:39:03 [action #912] t=33.88s step=911 queue=21 dmax=0.300 | shoulder_pan.pos=-4.07 shoulder_lift.pos=-102.44 elbow_flex.pos=+88.96 wrist_flex.pos=+77.61 wrist_roll.pos=-2.81 gripper.pos=+0.66
DEBUG 2026-09-03 09:39:03 [action #913] t=33.91s step=912 queue=20 dmax=0.635 | shoulder_pan.pos=-4.36 shoulder_lift.pos=-101.81 elbow_flex.pos=+88.76 wrist_flex.pos=+77.58 wrist_roll.pos=-2.71 gripper.pos=+0.71
DEBUG 2026-09-03 09:39:03 [action #914] t=33.94s step=913 queue=19 dmax=0.309 | shoulder_pan.pos=-4.38 shoulder_lift.pos=-101.69 elbow_flex.pos=+89.07 wrist_flex.pos=+77.68 wrist_roll.pos=-2.52 gripper.pos=+0.67
DEBUG 2026-09-03 09:39:03 [action #915] t=33.98s step=914 queue=18 dmax=0.245 | shoulder_pan.pos=-4.42 shoulder_lift.pos=-101.71 elbow_flex.pos=+89.05 wrist_flex.pos=+77.92 wrist_roll.pos=-2.45 gripper.pos=+0.66
DEBUG 2026-09-03 09:39:03 [action #916] t=34.01s step=915 queue=17 dmax=0.628 | shoulder_pan.pos=-4.42 shoulder_lift.pos=-102.34 elbow_flex.pos=+89.00 wrist_flex.pos=+77.76 wrist_roll.pos=-2.29 gripper.pos=+0.57
DEBUG 2026-09-03 09:39:03 [action #917] t=34.04s step=916 queue=16 dmax=0.306 | shoulder_pan.pos=-4.40 shoulder_lift.pos=-102.37 elbow_flex.pos=+89.31 wrist_flex.pos=+77.67 wrist_roll.pos=-2.21 gripper.pos=+0.63
DEBUG 2026-09-03 09:39:03 [action #918] t=34.08s step=917 queue=15 dmax=0.808 | shoulder_pan.pos=-4.22 shoulder_lift.pos=-102.14 elbow_flex.pos=+88.50 wrist_flex.pos=+77.73 wrist_roll.pos=-2.20 gripper.pos=+0.61
DEBUG 2026-09-03 09:39:03 [action #919] t=34.11s step=918 queue=14 dmax=1.026 | shoulder_pan.pos=-4.20 shoulder_lift.pos=-102.47 elbow_flex.pos=+89.53 wrist_flex.pos=+78.20 wrist_roll.pos=-2.09 gripper.pos=+0.57
DEBUG 2026-09-03 09:39:03 [action #920] t=34.14s step=919 queue=13 dmax=0.229 | shoulder_pan.pos=-4.21 shoulder_lift.pos=-102.24 elbow_flex.pos=+89.30 wrist_flex.pos=+78.11 wrist_roll.pos=-2.16 gripper.pos=+0.56
DEBUG 2026-09-03 09:39:04 [action #921] t=34.18s step=920 queue=12 dmax=0.245 | shoulder_pan.pos=-4.01 shoulder_lift.pos=-102.05 elbow_flex.pos=+89.51 wrist_flex.pos=+77.86 wrist_roll.pos=-2.18 gripper.pos=+0.76
DEBUG 2026-09-03 09:39:04 [action #922] t=34.21s step=921 queue=11 dmax=0.512 | shoulder_pan.pos=-4.03 shoulder_lift.pos=-102.22 elbow_flex.pos=+89.00 wrist_flex.pos=+77.93 wrist_roll.pos=-2.16 gripper.pos=+0.72
DEBUG 2026-09-03 09:39:04 [action #923] t=34.24s step=922 queue=10 dmax=0.595 | shoulder_pan.pos=-4.30 shoulder_lift.pos=-102.27 elbow_flex.pos=+89.59 wrist_flex.pos=+78.13 wrist_roll.pos=-2.11 gripper.pos=+0.60
DEBUG 2026-09-03 09:39:04 [action #924] t=34.28s step=923 queue=9 dmax=0.409 | shoulder_pan.pos=-4.09 shoulder_lift.pos=-101.86 elbow_flex.pos=+89.69 wrist_flex.pos=+78.10 wrist_roll.pos=-2.21 gripper.pos=+0.58
DEBUG 2026-09-03 09:39:04 [action #925] t=34.31s step=924 queue=8 dmax=0.458 | shoulder_pan.pos=-4.10 shoulder_lift.pos=-101.41 elbow_flex.pos=+89.50 wrist_flex.pos=+78.27 wrist_roll.pos=-2.23 gripper.pos=+0.58
DEBUG 2026-09-03 09:39:04 [action #926] t=34.34s step=925 queue=7 dmax=0.396 | shoulder_pan.pos=-3.97 shoulder_lift.pos=-101.61 elbow_flex.pos=+89.10 wrist_flex.pos=+78.08 wrist_roll.pos=-2.34 gripper.pos=+0.57
DEBUG 2026-09-03 09:39:04 [action #927] t=34.38s step=926 queue=6 dmax=0.326 | shoulder_pan.pos=-4.29 shoulder_lift.pos=-101.43 elbow_flex.pos=+88.83 wrist_flex.pos=+78.21 wrist_roll.pos=-2.43 gripper.pos=+0.58
DEBUG 2026-09-03 09:39:04 [action #928] t=34.41s step=927 queue=5 dmax=0.527 | shoulder_pan.pos=-4.09 shoulder_lift.pos=-101.53 elbow_flex.pos=+89.35 wrist_flex.pos=+78.17 wrist_roll.pos=-2.49 gripper.pos=+0.58
DEBUG 2026-09-03 09:39:04 [action #929] t=34.44s step=928 queue=4 dmax=0.347 | shoulder_pan.pos=-3.97 shoulder_lift.pos=-101.52 elbow_flex.pos=+89.70 wrist_flex.pos=+78.24 wrist_roll.pos=-2.56 gripper.pos=+0.60
DEBUG 2026-09-03 09:39:04 [action #930] t=34.48s step=929 queue=3 dmax=0.689 | shoulder_pan.pos=-4.00 shoulder_lift.pos=-102.15 elbow_flex.pos=+89.01 wrist_flex.pos=+78.08 wrist_roll.pos=-2.56 gripper.pos=+0.65
DEBUG 2026-09-03 09:39:04 [action #931] t=34.51s step=930 queue=2 dmax=0.266 | shoulder_pan.pos=-3.95 shoulder_lift.pos=-102.29 elbow_flex.pos=+88.75 wrist_flex.pos=+78.13 wrist_roll.pos=-2.43 gripper.pos=+0.60
DEBUG 2026-09-03 09:39:04 [action #932] t=34.55s step=931 queue=1 dmax=0.734 | shoulder_pan.pos=-3.75 shoulder_lift.pos=-101.56 elbow_flex.pos=+89.38 wrist_flex.pos=+78.08 wrist_roll.pos=-2.55 gripper.pos=+0.42
DEBUG 2026-09-03 09:39:04 [chunk] received 50 actions, timesteps 907..956 | first: shoulder_pan.pos=-2.78 shoulder_lift.pos=-103.15 elbow_flex.pos=+89.71 wrist_flex.pos=+77.47 wrist_roll.pos=-0.29 gripper.pos=+0.31 | last: shoulder_pan.pos=-2.58 shoulder_lift.pos=-103.32 elbow_flex.pos=+90.04 wrist_flex.pos=+77.65 wrist_roll.pos=-0.44 gripper.pos=+0.38
DEBUG 2026-09-03 09:39:04 [action #933] t=34.71s step=932 queue=25 dmax=2.081 | shoulder_pan.pos=-2.86 shoulder_lift.pos=-102.57 elbow_flex.pos=+90.39 wrist_flex.pos=+77.67 wrist_roll.pos=-0.47 gripper.pos=+0.49
DEBUG 2026-09-03 09:39:04 [action #934] t=34.75s step=933 queue=24 dmax=0.400 | shoulder_pan.pos=-2.80 shoulder_lift.pos=-102.17 elbow_flex.pos=+90.17 wrist_flex.pos=+78.01 wrist_roll.pos=-0.35 gripper.pos=+0.50
DEBUG 2026-09-03 09:39:04 [action #935] t=34.78s step=934 queue=23 dmax=0.807 | shoulder_pan.pos=-2.86 shoulder_lift.pos=-102.22 elbow_flex.pos=+89.36 wrist_flex.pos=+77.76 wrist_roll.pos=-0.33 gripper.pos=+0.29
DEBUG 2026-09-03 09:39:04 [action #936] t=34.81s step=935 queue=22 dmax=0.618 | shoulder_pan.pos=-2.84 shoulder_lift.pos=-102.84 elbow_flex.pos=+89.94 wrist_flex.pos=+77.85 wrist_roll.pos=-0.43 gripper.pos=+0.43
DEBUG 2026-09-03 09:39:04 [action #937] t=34.85s step=936 queue=21 dmax=0.642 | shoulder_pan.pos=-2.95 shoulder_lift.pos=-102.20 elbow_flex.pos=+89.42 wrist_flex.pos=+77.83 wrist_roll.pos=-0.47 gripper.pos=+0.31
DEBUG 2026-09-03 09:39:04 [action #938] t=34.88s step=937 queue=20 dmax=0.797 | shoulder_pan.pos=-2.81 shoulder_lift.pos=-102.99 elbow_flex.pos=+89.83 wrist_flex.pos=+77.69 wrist_roll.pos=-0.54 gripper.pos=+0.43
DEBUG 2026-09-03 09:39:04 [action #939] t=34.91s step=938 queue=19 dmax=0.445 | shoulder_pan.pos=-2.88 shoulder_lift.pos=-102.55 elbow_flex.pos=+90.00 wrist_flex.pos=+77.68 wrist_roll.pos=-0.47 gripper.pos=+0.44
DEBUG 2026-09-03 09:39:04 [action #940] t=34.95s step=939 queue=18 dmax=0.273 | shoulder_pan.pos=-2.64 shoulder_lift.pos=-102.82 elbow_flex.pos=+89.78 wrist_flex.pos=+77.72 wrist_roll.pos=-0.51 gripper.pos=+0.22
DEBUG 2026-09-03 09:39:04 [action #941] t=34.98s step=940 queue=17 dmax=0.142 | shoulder_pan.pos=-2.53 shoulder_lift.pos=-102.96 elbow_flex.pos=+89.64 wrist_flex.pos=+77.85 wrist_roll.pos=-0.37 gripper.pos=+0.33
DEBUG 2026-09-03 09:39:04 [action #942] t=35.01s step=941 queue=16 dmax=0.697 | shoulder_pan.pos=-2.31 shoulder_lift.pos=-103.65 elbow_flex.pos=+89.30 wrist_flex.pos=+77.73 wrist_roll.pos=-0.52 gripper.pos=+0.31
DEBUG 2026-09-03 09:39:04 [action #943] t=35.05s step=942 queue=15 dmax=0.615 | shoulder_pan.pos=-2.92 shoulder_lift.pos=-103.24 elbow_flex.pos=+89.37 wrist_flex.pos=+78.03 wrist_roll.pos=-0.49 gripper.pos=+0.36
DEBUG 2026-09-03 09:39:04 [action #944] t=35.08s step=943 queue=14 dmax=0.563 | shoulder_pan.pos=-2.78 shoulder_lift.pos=-102.68 elbow_flex.pos=+89.34 wrist_flex.pos=+78.03 wrist_roll.pos=-0.40 gripper.pos=+0.47
DEBUG 2026-09-03 09:39:04 [action #945] t=35.11s step=944 queue=13 dmax=0.399 | shoulder_pan.pos=-2.65 shoulder_lift.pos=-102.43 elbow_flex.pos=+89.73 wrist_flex.pos=+78.05 wrist_roll.pos=-0.36 gripper.pos=+0.59
DEBUG 2026-09-03 09:39:04 [action #946] t=35.15s step=945 queue=12 dmax=0.581 | shoulder_pan.pos=-2.73 shoulder_lift.pos=-103.01 elbow_flex.pos=+89.64 wrist_flex.pos=+77.70 wrist_roll.pos=-0.49 gripper.pos=+0.48
DEBUG 2026-09-03 09:39:05 [action #947] t=35.18s step=946 queue=11 dmax=0.603 | shoulder_pan.pos=-2.69 shoulder_lift.pos=-102.53 elbow_flex.pos=+90.24 wrist_flex.pos=+77.86 wrist_roll.pos=-0.57 gripper.pos=+0.49
DEBUG 2026-09-03 09:39:05 [action #948] t=35.21s step=947 queue=10 dmax=0.441 | shoulder_pan.pos=-2.62 shoulder_lift.pos=-102.37 elbow_flex.pos=+89.80 wrist_flex.pos=+77.69 wrist_roll.pos=-0.52 gripper.pos=+0.43
DEBUG 2026-09-03 09:39:05 [action #949] t=35.25s step=948 queue=9 dmax=0.560 | shoulder_pan.pos=-2.77 shoulder_lift.pos=-102.93 elbow_flex.pos=+89.56 wrist_flex.pos=+77.65 wrist_roll.pos=-0.53 gripper.pos=+0.33
DEBUG 2026-09-03 09:39:05 [action #950] t=35.28s step=949 queue=8 dmax=0.268 | shoulder_pan.pos=-2.60 shoulder_lift.pos=-102.66 elbow_flex.pos=+89.72 wrist_flex.pos=+77.64 wrist_roll.pos=-0.49 gripper.pos=+0.42
DEBUG 2026-09-03 09:39:05 [action #951] t=35.31s step=950 queue=7 dmax=0.511 | shoulder_pan.pos=-2.70 shoulder_lift.pos=-103.17 elbow_flex.pos=+89.47 wrist_flex.pos=+77.82 wrist_roll.pos=-0.50 gripper.pos=+0.38
DEBUG 2026-09-03 09:39:05 [action #952] t=35.35s step=951 queue=6 dmax=0.337 | shoulder_pan.pos=-2.57 shoulder_lift.pos=-102.83 elbow_flex.pos=+89.70 wrist_flex.pos=+77.75 wrist_roll.pos=-0.49 gripper.pos=+0.26
DEBUG 2026-09-03 09:39:05 [action #953] t=35.38s step=952 queue=5 dmax=1.005 | shoulder_pan.pos=-2.66 shoulder_lift.pos=-101.83 elbow_flex.pos=+89.80 wrist_flex.pos=+77.89 wrist_roll.pos=-0.39 gripper.pos=+0.40
DEBUG 2026-09-03 09:39:05 [action #954] t=35.41s step=953 queue=4 dmax=0.148 | shoulder_pan.pos=-2.52 shoulder_lift.pos=-101.90 elbow_flex.pos=+89.92 wrist_flex.pos=+77.85 wrist_roll.pos=-0.43 gripper.pos=+0.45
DEBUG 2026-09-03 09:39:05 [action #955] t=35.45s step=954 queue=3 dmax=1.637 | shoulder_pan.pos=-2.65 shoulder_lift.pos=-103.54 elbow_flex.pos=+89.97 wrist_flex.pos=+77.91 wrist_roll.pos=-0.37 gripper.pos=+0.40
DEBUG 2026-09-03 09:39:05 [action #956] t=35.48s step=955 queue=2 dmax=0.714 | shoulder_pan.pos=-2.73 shoulder_lift.pos=-102.83 elbow_flex.pos=+90.09 wrist_flex.pos=+77.86 wrist_roll.pos=-0.40 gripper.pos=+0.62
DEBUG 2026-09-03 09:39:05 [action #957] t=35.52s step=956 queue=1 dmax=0.489 | shoulder_pan.pos=-2.58 shoulder_lift.pos=-103.32 elbow_flex.pos=+90.04 wrist_flex.pos=+77.65 wrist_roll.pos=-0.44 gripper.pos=+0.38
DEBUG 2026-09-03 09:39:05 [chunk] received 50 actions, timesteps 931..980 | first: shoulder_pan.pos=-3.75 shoulder_lift.pos=-102.94 elbow_flex.pos=+89.73 wrist_flex.pos=+77.56 wrist_roll.pos=-1.51 gripper.pos=+0.41 | last: shoulder_pan.pos=-3.90 shoulder_lift.pos=-102.11 elbow_flex.pos=+89.34 wrist_flex.pos=+77.81 wrist_roll.pos=-1.53 gripper.pos=+0.40
DEBUG 2026-09-03 09:39:05 [action #958] t=35.62s step=957 queue=24 dmax=1.261 | shoulder_pan.pos=-3.84 shoulder_lift.pos=-102.23 elbow_flex.pos=+89.69 wrist_flex.pos=+78.07 wrist_roll.pos=-1.63 gripper.pos=+0.36
DEBUG 2026-09-03 09:39:05 [action #959] t=35.65s step=958 queue=23 dmax=0.825 | shoulder_pan.pos=-3.97 shoulder_lift.pos=-103.06 elbow_flex.pos=+88.96 wrist_flex.pos=+77.86 wrist_roll.pos=-1.61 gripper.pos=+0.38
DEBUG 2026-09-03 09:39:05 [action #960] t=35.68s step=959 queue=22 dmax=0.784 | shoulder_pan.pos=-3.91 shoulder_lift.pos=-102.27 elbow_flex.pos=+89.15 wrist_flex.pos=+78.08 wrist_roll.pos=-1.64 gripper.pos=+0.35
DEBUG 2026-09-03 09:39:05 [action #961] t=35.72s step=960 queue=21 dmax=0.449 | shoulder_pan.pos=-3.80 shoulder_lift.pos=-102.21 elbow_flex.pos=+89.60 wrist_flex.pos=+77.77 wrist_roll.pos=-1.47 gripper.pos=+0.38
DEBUG 2026-09-03 09:39:05 [action #962] t=35.75s step=961 queue=20 dmax=0.350 | shoulder_pan.pos=-3.98 shoulder_lift.pos=-102.56 elbow_flex.pos=+89.57 wrist_flex.pos=+77.72 wrist_roll.pos=-1.57 gripper.pos=+0.28
DEBUG 2026-09-03 09:39:05 [action #963] t=35.78s step=962 queue=19 dmax=0.884 | shoulder_pan.pos=-3.88 shoulder_lift.pos=-102.41 elbow_flex.pos=+88.69 wrist_flex.pos=+77.73 wrist_roll.pos=-1.56 gripper.pos=+0.40
DEBUG 2026-09-03 09:39:05 [action #964] t=35.82s step=963 queue=18 dmax=0.263 | shoulder_pan.pos=-3.68 shoulder_lift.pos=-102.36 elbow_flex.pos=+88.95 wrist_flex.pos=+77.96 wrist_roll.pos=-1.64 gripper.pos=+0.44
DEBUG 2026-09-03 09:39:05 [action #965] t=35.85s step=964 queue=17 dmax=0.290 | shoulder_pan.pos=-3.79 shoulder_lift.pos=-102.55 elbow_flex.pos=+89.24 wrist_flex.pos=+77.81 wrist_roll.pos=-1.55 gripper.pos=+0.48
DEBUG 2026-09-03 09:39:05 [action #966] t=35.88s step=965 queue=16 dmax=0.229 | shoulder_pan.pos=-3.88 shoulder_lift.pos=-102.78 elbow_flex.pos=+89.34 wrist_flex.pos=+77.92 wrist_roll.pos=-1.48 gripper.pos=+0.51
DEBUG 2026-09-03 09:39:05 [action #967] t=35.92s step=966 queue=15 dmax=0.528 | shoulder_pan.pos=-3.90 shoulder_lift.pos=-102.25 elbow_flex.pos=+89.39 wrist_flex.pos=+78.09 wrist_roll.pos=-1.57 gripper.pos=+0.51
DEBUG 2026-09-03 09:39:05 [action #968] t=35.95s step=967 queue=14 dmax=0.445 | shoulder_pan.pos=-3.84 shoulder_lift.pos=-102.62 elbow_flex.pos=+88.94 wrist_flex.pos=+77.97 wrist_roll.pos=-1.63 gripper.pos=+0.28
DEBUG 2026-09-03 09:39:05 [action #969] t=35.98s step=968 queue=13 dmax=0.294 | shoulder_pan.pos=-4.14 shoulder_lift.pos=-102.39 elbow_flex.pos=+88.95 wrist_flex.pos=+77.88 wrist_roll.pos=-1.59 gripper.pos=+0.40
DEBUG 2026-09-03 09:39:05 [action #970] t=36.02s step=969 queue=12 dmax=0.289 | shoulder_pan.pos=-3.85 shoulder_lift.pos=-102.53 elbow_flex.pos=+88.71 wrist_flex.pos=+77.83 wrist_roll.pos=-1.57 gripper.pos=+0.33
DEBUG 2026-09-03 09:39:05 [action #971] t=36.05s step=970 queue=11 dmax=0.784 | shoulder_pan.pos=-3.90 shoulder_lift.pos=-102.39 elbow_flex.pos=+89.49 wrist_flex.pos=+77.86 wrist_roll.pos=-1.56 gripper.pos=+0.36
DEBUG 2026-09-03 09:39:05 [action #972] t=36.08s step=971 queue=10 dmax=0.702 | shoulder_pan.pos=-3.96 shoulder_lift.pos=-102.53 elbow_flex.pos=+88.79 wrist_flex.pos=+78.03 wrist_roll.pos=-1.49 gripper.pos=+0.30
DEBUG 2026-09-03 09:39:05 [action #973] t=36.12s step=972 queue=9 dmax=0.829 | shoulder_pan.pos=-3.94 shoulder_lift.pos=-103.18 elbow_flex.pos=+89.62 wrist_flex.pos=+77.94 wrist_roll.pos=-1.61 gripper.pos=+0.41
DEBUG 2026-09-03 09:39:05 [action #974] t=36.15s step=973 queue=8 dmax=1.202 | shoulder_pan.pos=-3.92 shoulder_lift.pos=-101.98 elbow_flex.pos=+88.83 wrist_flex.pos=+78.03 wrist_roll.pos=-1.50 gripper.pos=+0.26
DEBUG 2026-09-03 09:39:06 [action #975] t=36.18s step=974 queue=7 dmax=0.788 | shoulder_pan.pos=-3.85 shoulder_lift.pos=-102.77 elbow_flex.pos=+88.88 wrist_flex.pos=+77.78 wrist_roll.pos=-1.59 gripper.pos=+0.30
DEBUG 2026-09-03 09:39:06 [action #976] t=36.22s step=975 queue=6 dmax=0.346 | shoulder_pan.pos=-4.05 shoulder_lift.pos=-102.42 elbow_flex.pos=+89.00 wrist_flex.pos=+77.96 wrist_roll.pos=-1.57 gripper.pos=+0.43
DEBUG 2026-09-03 09:39:06 [action #977] t=36.25s step=976 queue=5 dmax=0.156 | shoulder_pan.pos=-3.96 shoulder_lift.pos=-102.50 elbow_flex.pos=+88.84 wrist_flex.pos=+78.07 wrist_roll.pos=-1.53 gripper.pos=+0.41
DEBUG 2026-09-03 09:39:06 [action #978] t=36.28s step=977 queue=4 dmax=0.218 | shoulder_pan.pos=-4.03 shoulder_lift.pos=-102.35 elbow_flex.pos=+88.81 wrist_flex.pos=+77.85 wrist_roll.pos=-1.54 gripper.pos=+0.29
DEBUG 2026-09-03 09:39:06 [action #979] t=36.32s step=978 queue=3 dmax=0.584 | shoulder_pan.pos=-3.86 shoulder_lift.pos=-102.54 elbow_flex.pos=+89.39 wrist_flex.pos=+77.88 wrist_roll.pos=-1.59 gripper.pos=+0.49
DEBUG 2026-09-03 09:39:06 [action #980] t=36.35s step=979 queue=2 dmax=1.045 | shoulder_pan.pos=-3.84 shoulder_lift.pos=-101.50 elbow_flex.pos=+89.46 wrist_flex.pos=+77.87 wrist_roll.pos=-1.70 gripper.pos=+0.48
DEBUG 2026-09-03 09:39:06 [action #981] t=36.38s step=980 queue=1 dmax=0.613 | shoulder_pan.pos=-3.90 shoulder_lift.pos=-102.11 elbow_flex.pos=+89.34 wrist_flex.pos=+77.81 wrist_roll.pos=-1.53 gripper.pos=+0.40
DEBUG 2026-09-03 09:39:06 [chunk] received 50 actions, timesteps 956..1005 | first: shoulder_pan.pos=-2.65 shoulder_lift.pos=-102.78 elbow_flex.pos=+89.89 wrist_flex.pos=+77.56 wrist_roll.pos=-0.89 gripper.pos=+0.25 | last: shoulder_pan.pos=-2.50 shoulder_lift.pos=-102.62 elbow_flex.pos=+88.82 wrist_flex.pos=+77.57 wrist_roll.pos=-1.00 gripper.pos=+0.48
DEBUG 2026-09-03 09:39:06 [action #982] t=36.55s step=981 queue=25 dmax=1.377 | shoulder_pan.pos=-2.53 shoulder_lift.pos=-102.87 elbow_flex.pos=+89.69 wrist_flex.pos=+77.43 wrist_roll.pos=-0.93 gripper.pos=+0.42
DEBUG 2026-09-03 09:39:06 [action #983] t=36.59s step=982 queue=24 dmax=0.681 | shoulder_pan.pos=-2.55 shoulder_lift.pos=-102.19 elbow_flex.pos=+89.59 wrist_flex.pos=+77.57 wrist_roll.pos=-0.86 gripper.pos=+0.45
DEBUG 2026-09-03 09:39:06 [action #984] t=36.62s step=983 queue=23 dmax=0.209 | shoulder_pan.pos=-2.62 shoulder_lift.pos=-102.40 elbow_flex.pos=+89.75 wrist_flex.pos=+77.45 wrist_roll.pos=-0.88 gripper.pos=+0.32
DEBUG 2026-09-03 09:39:06 [action #985] t=36.65s step=984 queue=22 dmax=0.140 | shoulder_pan.pos=-2.60 shoulder_lift.pos=-102.54 elbow_flex.pos=+89.67 wrist_flex.pos=+77.40 wrist_roll.pos=-0.88 gripper.pos=+0.36
DEBUG 2026-09-03 09:39:06 [action #986] t=36.69s step=985 queue=21 dmax=0.380 | shoulder_pan.pos=-2.60 shoulder_lift.pos=-102.68 elbow_flex.pos=+89.29 wrist_flex.pos=+77.54 wrist_roll.pos=-0.89 gripper.pos=+0.27
DEBUG 2026-09-03 09:39:06 [action #987] t=36.72s step=986 queue=20 dmax=0.456 | shoulder_pan.pos=-2.65 shoulder_lift.pos=-102.89 elbow_flex.pos=+89.75 wrist_flex.pos=+77.52 wrist_roll.pos=-0.91 gripper.pos=+0.25
DEBUG 2026-09-03 09:39:06 [action #988] t=36.75s step=987 queue=19 dmax=0.251 | shoulder_pan.pos=-2.54 shoulder_lift.pos=-102.63 elbow_flex.pos=+89.55 wrist_flex.pos=+77.40 wrist_roll.pos=-0.89 gripper.pos=+0.22
DEBUG 2026-09-03 09:39:06 [action #989] t=36.79s step=988 queue=18 dmax=0.280 | shoulder_pan.pos=-2.42 shoulder_lift.pos=-102.54 elbow_flex.pos=+89.50 wrist_flex.pos=+77.52 wrist_roll.pos=-0.82 gripper.pos=+0.50
DEBUG 2026-09-03 09:39:06 [action #990] t=36.82s step=989 queue=17 dmax=0.242 | shoulder_pan.pos=-2.67 shoulder_lift.pos=-102.52 elbow_flex.pos=+89.52 wrist_flex.pos=+77.49 wrist_roll.pos=-0.87 gripper.pos=+0.33
DEBUG 2026-09-03 09:39:06 [action #991] t=36.85s step=990 queue=16 dmax=0.140 | shoulder_pan.pos=-2.57 shoulder_lift.pos=-102.54 elbow_flex.pos=+89.38 wrist_flex.pos=+77.52 wrist_roll.pos=-0.92 gripper.pos=+0.35
DEBUG 2026-09-03 09:39:06 [action #992] t=36.89s step=991 queue=15 dmax=0.811 | shoulder_pan.pos=-2.55 shoulder_lift.pos=-103.35 elbow_flex.pos=+89.61 wrist_flex.pos=+77.51 wrist_roll.pos=-0.95 gripper.pos=+0.31
DEBUG 2026-09-03 09:39:06 [action #993] t=36.92s step=992 queue=14 dmax=0.567 | shoulder_pan.pos=-2.50 shoulder_lift.pos=-102.78 elbow_flex.pos=+89.63 wrist_flex.pos=+77.53 wrist_roll.pos=-0.87 gripper.pos=+0.36
DEBUG 2026-09-03 09:39:06 [action #994] t=36.95s step=993 queue=13 dmax=0.481 | shoulder_pan.pos=-2.51 shoulder_lift.pos=-102.30 elbow_flex.pos=+89.21 wrist_flex.pos=+77.65 wrist_roll.pos=-0.84 gripper.pos=+0.37
DEBUG 2026-09-03 09:39:06 [action #995] t=36.99s step=994 queue=12 dmax=0.283 | shoulder_pan.pos=-2.67 shoulder_lift.pos=-102.19 elbow_flex.pos=+89.50 wrist_flex.pos=+77.54 wrist_roll.pos=-0.96 gripper.pos=+0.28
DEBUG 2026-09-03 09:39:06 [action #996] t=37.02s step=995 queue=11 dmax=0.367 | shoulder_pan.pos=-2.53 shoulder_lift.pos=-102.18 elbow_flex.pos=+89.13 wrist_flex.pos=+77.47 wrist_roll.pos=-0.91 gripper.pos=+0.36
DEBUG 2026-09-03 09:39:06 [action #997] t=37.05s step=996 queue=10 dmax=0.414 | shoulder_pan.pos=-2.48 shoulder_lift.pos=-102.59 elbow_flex.pos=+89.43 wrist_flex.pos=+77.41 wrist_roll.pos=-0.90 gripper.pos=+0.39
DEBUG 2026-09-03 09:39:06 [action #998] t=37.09s step=997 queue=9 dmax=0.089 | shoulder_pan.pos=-2.45 shoulder_lift.pos=-102.55 elbow_flex.pos=+89.35 wrist_flex.pos=+77.48 wrist_roll.pos=-0.99 gripper.pos=+0.38
DEBUG 2026-09-03 09:39:06 [action #999] t=37.12s step=998 queue=8 dmax=0.317 | shoulder_pan.pos=-2.71 shoulder_lift.pos=-102.38 elbow_flex.pos=+89.04 wrist_flex.pos=+77.49 wrist_roll.pos=-0.95 gripper.pos=+0.49
DEBUG 2026-09-03 09:39:06 [action #1000] t=37.15s step=999 queue=7 dmax=0.422 | shoulder_pan.pos=-2.55 shoulder_lift.pos=-102.80 elbow_flex.pos=+89.35 wrist_flex.pos=+77.53 wrist_roll.pos=-0.93 gripper.pos=+0.43
DEBUG 2026-09-03 09:39:07 [action #1001] t=37.19s step=1000 queue=6 dmax=0.876 | shoulder_pan.pos=-2.55 shoulder_lift.pos=-101.93 elbow_flex.pos=+89.15 wrist_flex.pos=+77.53 wrist_roll.pos=-0.97 gripper.pos=+0.39
DEBUG 2026-09-03 09:39:07 [action #1002] t=37.22s step=1001 queue=5 dmax=0.313 | shoulder_pan.pos=-2.62 shoulder_lift.pos=-102.24 elbow_flex.pos=+89.02 wrist_flex.pos=+77.46 wrist_roll.pos=-0.99 gripper.pos=+0.41
DEBUG 2026-09-03 09:39:07 [action #1003] t=37.25s step=1002 queue=4 dmax=0.437 | shoulder_pan.pos=-2.54 shoulder_lift.pos=-102.68 elbow_flex.pos=+89.24 wrist_flex.pos=+77.47 wrist_roll.pos=-0.97 gripper.pos=+0.47
DEBUG 2026-09-03 09:39:07 [action #1004] t=37.29s step=1003 queue=3 dmax=0.082 | shoulder_pan.pos=-2.49 shoulder_lift.pos=-102.76 elbow_flex.pos=+89.23 wrist_flex.pos=+77.49 wrist_roll.pos=-1.05 gripper.pos=+0.41
DEBUG 2026-09-03 09:39:07 [action #1005] t=37.32s step=1004 queue=2 dmax=0.505 | shoulder_pan.pos=-2.54 shoulder_lift.pos=-102.25 elbow_flex.pos=+89.13 wrist_flex.pos=+77.49 wrist_roll.pos=-0.96 gripper.pos=+0.36
DEBUG 2026-09-03 09:39:07 [action #1006] t=37.36s step=1005 queue=1 dmax=0.367 | shoulder_pan.pos=-2.50 shoulder_lift.pos=-102.62 elbow_flex.pos=+88.82 wrist_flex.pos=+77.57 wrist_roll.pos=-1.00 gripper.pos=+0.48
DEBUG 2026-09-03 09:39:07 [chunk] received 50 actions, timesteps 980..1029 | first: shoulder_pan.pos=-3.48 shoulder_lift.pos=-103.16 elbow_flex.pos=+89.30 wrist_flex.pos=+77.71 wrist_roll.pos=-1.41 gripper.pos=+0.34 | last: shoulder_pan.pos=-3.38 shoulder_lift.pos=-103.21 elbow_flex.pos=+89.59 wrist_flex.pos=+78.21 wrist_roll.pos=-1.34 gripper.pos=+0.51
INFO 2026-09-03 09:39:16 Final action sent: shoulder_pan.pos=-2.50 shoulder_lift.pos=-102.62 elbow_flex.pos=+88.82 wrist_flex.pos=+77.57 wrist_roll.pos=-1.00 gripper.pos=+0.48
DEBUG 2026-09-03 09:39:16 === episode end | 47.0s | converged=True | actions=1006 ===
