DEBUG 2026-08-20 07:29:09 === episode start | task: 'put the banana on the tray' | duration: 30.0s ===
DEBUG 2026-08-20 07:29:09 [chunk] received 50 actions, timesteps 465..514 | first: shoulder_pan.pos=-2.66 shoulder_lift.pos=-101.66 elbow_flex.pos=+88.83 wrist_flex.pos=+77.50 wrist_roll.pos=-2.94 gripper.pos=+0.44 | last: shoulder_pan.pos=-2.84 shoulder_lift.pos=-101.90 elbow_flex.pos=+88.41 wrist_flex.pos=+77.75 wrist_roll.pos=-2.86 gripper.pos=+0.39
DEBUG 2026-08-20 07:29:09 [action #1] t=0.90s step=465 queue=50 dmax=n/a | shoulder_pan.pos=-2.66 shoulder_lift.pos=-101.66 elbow_flex.pos=+88.83 wrist_flex.pos=+77.50 wrist_roll.pos=-2.94 gripper.pos=+0.44
DEBUG 2026-08-20 07:29:09 [action #2] t=0.94s step=466 queue=49 dmax=0.307 | shoulder_pan.pos=-2.75 shoulder_lift.pos=-101.52 elbow_flex.pos=+88.52 wrist_flex.pos=+77.50 wrist_roll.pos=-3.05 gripper.pos=+0.40
DEBUG 2026-08-20 07:29:09 [action #3] t=0.97s step=467 queue=48 dmax=0.217 | shoulder_pan.pos=-2.81 shoulder_lift.pos=-101.73 elbow_flex.pos=+88.53 wrist_flex.pos=+77.49 wrist_roll.pos=-2.96 gripper.pos=+0.39
DEBUG 2026-08-20 07:29:10 [action #4] t=1.00s step=468 queue=47 dmax=0.173 | shoulder_pan.pos=-2.69 shoulder_lift.pos=-101.91 elbow_flex.pos=+88.62 wrist_flex.pos=+77.57 wrist_roll.pos=-2.92 gripper.pos=+0.46
DEBUG 2026-08-20 07:29:10 [action #5] t=1.04s step=469 queue=46 dmax=0.623 | shoulder_pan.pos=-2.93 shoulder_lift.pos=-101.28 elbow_flex.pos=+88.48 wrist_flex.pos=+77.70 wrist_roll.pos=-2.91 gripper.pos=+0.33
DEBUG 2026-08-20 07:29:10 [action #6] t=1.07s step=470 queue=45 dmax=0.185 | shoulder_pan.pos=-2.90 shoulder_lift.pos=-101.47 elbow_flex.pos=+88.53 wrist_flex.pos=+77.62 wrist_roll.pos=-2.97 gripper.pos=+0.37
DEBUG 2026-08-20 07:29:10 [action #7] t=1.10s step=471 queue=44 dmax=0.200 | shoulder_pan.pos=-2.86 shoulder_lift.pos=-101.67 elbow_flex.pos=+88.64 wrist_flex.pos=+77.71 wrist_roll.pos=-2.97 gripper.pos=+0.48
DEBUG 2026-08-20 07:29:10 [action #8] t=1.14s step=472 queue=43 dmax=0.216 | shoulder_pan.pos=-2.89 shoulder_lift.pos=-101.85 elbow_flex.pos=+88.42 wrist_flex.pos=+77.84 wrist_roll.pos=-2.96 gripper.pos=+0.43
DEBUG 2026-08-20 07:29:10 [action #9] t=1.17s step=473 queue=42 dmax=0.403 | shoulder_pan.pos=-2.79 shoulder_lift.pos=-101.80 elbow_flex.pos=+88.82 wrist_flex.pos=+77.82 wrist_roll.pos=-2.93 gripper.pos=+0.50
DEBUG 2026-08-20 07:29:10 [action #10] t=1.20s step=474 queue=41 dmax=0.264 | shoulder_pan.pos=-2.84 shoulder_lift.pos=-101.68 elbow_flex.pos=+88.56 wrist_flex.pos=+77.89 wrist_roll.pos=-2.93 gripper.pos=+0.30
DEBUG 2026-08-20 07:29:10 [action #11] t=1.24s step=475 queue=40 dmax=0.431 | shoulder_pan.pos=-2.76 shoulder_lift.pos=-101.76 elbow_flex.pos=+88.99 wrist_flex.pos=+77.67 wrist_roll.pos=-2.95 gripper.pos=+0.46
DEBUG 2026-08-20 07:29:10 [action #12] t=1.27s step=476 queue=39 dmax=0.399 | shoulder_pan.pos=-2.86 shoulder_lift.pos=-101.37 elbow_flex.pos=+88.59 wrist_flex.pos=+77.84 wrist_roll.pos=-2.90 gripper.pos=+0.38
DEBUG 2026-08-20 07:29:10 [action #13] t=1.30s step=477 queue=38 dmax=0.744 | shoulder_pan.pos=-2.89 shoulder_lift.pos=-102.11 elbow_flex.pos=+88.67 wrist_flex.pos=+77.68 wrist_roll.pos=-2.89 gripper.pos=+0.40
DEBUG 2026-08-20 07:29:10 [action #14] t=1.34s step=478 queue=37 dmax=0.633 | shoulder_pan.pos=-2.93 shoulder_lift.pos=-101.48 elbow_flex.pos=+88.52 wrist_flex.pos=+77.77 wrist_roll.pos=-2.93 gripper.pos=+0.46
DEBUG 2026-08-20 07:29:10 [action #15] t=1.37s step=479 queue=36 dmax=0.459 | shoulder_pan.pos=-2.85 shoulder_lift.pos=-101.62 elbow_flex.pos=+88.97 wrist_flex.pos=+77.80 wrist_roll.pos=-2.86 gripper.pos=+0.48
DEBUG 2026-08-20 07:29:10 [action #16] t=1.41s step=480 queue=35 dmax=0.458 | shoulder_pan.pos=-2.76 shoulder_lift.pos=-101.49 elbow_flex.pos=+88.52 wrist_flex.pos=+77.76 wrist_roll.pos=-2.88 gripper.pos=+0.37
DEBUG 2026-08-20 07:29:10 [action #17] t=1.44s step=481 queue=34 dmax=0.199 | shoulder_pan.pos=-2.96 shoulder_lift.pos=-101.61 elbow_flex.pos=+88.67 wrist_flex.pos=+77.81 wrist_roll.pos=-2.86 gripper.pos=+0.48
DEBUG 2026-08-20 07:29:10 [action #18] t=1.47s step=482 queue=33 dmax=0.353 | shoulder_pan.pos=-2.75 shoulder_lift.pos=-101.96 elbow_flex.pos=+88.54 wrist_flex.pos=+77.69 wrist_roll.pos=-2.87 gripper.pos=+0.48
DEBUG 2026-08-20 07:29:10 [chunk] received 50 actions, timesteps 0..49 | first: shoulder_pan.pos=-4.98 shoulder_lift.pos=-100.50 elbow_flex.pos=+87.95 wrist_flex.pos=+75.48 wrist_roll.pos=-0.53 gripper.pos=+0.82 | last: shoulder_pan.pos=-37.08 shoulder_lift.pos=-100.83 elbow_flex.pos=+85.30 wrist_flex.pos=+73.62 wrist_roll.pos=-1.68 gripper.pos=+0.49
DEBUG 2026-08-20 07:29:11 [chunk] received 50 actions, timesteps 481..530 | first: shoulder_pan.pos=-2.97 shoulder_lift.pos=-101.33 elbow_flex.pos=+88.48 wrist_flex.pos=+75.98 wrist_roll.pos=-1.72 gripper.pos=+0.52 | last: shoulder_pan.pos=-32.66 shoulder_lift.pos=-101.28 elbow_flex.pos=+86.75 wrist_flex.pos=+74.12 wrist_roll.pos=-1.61 gripper.pos=+0.22
DEBUG 2026-08-20 07:29:11 [action #19] t=2.28s step=483 queue=48 dmax=1.299 | shoulder_pan.pos=-3.34 shoulder_lift.pos=-101.14 elbow_flex.pos=+88.22 wrist_flex.pos=+76.39 wrist_roll.pos=-1.81 gripper.pos=+0.45
DEBUG 2026-08-20 07:29:11 [action #20] t=2.31s step=484 queue=47 dmax=0.338 | shoulder_pan.pos=-3.26 shoulder_lift.pos=-101.48 elbow_flex.pos=+87.92 wrist_flex.pos=+76.29 wrist_roll.pos=-1.87 gripper.pos=+0.37
DEBUG 2026-08-20 07:29:11 [action #21] t=2.34s step=485 queue=46 dmax=0.536 | shoulder_pan.pos=-3.58 shoulder_lift.pos=-102.01 elbow_flex.pos=+87.48 wrist_flex.pos=+76.14 wrist_roll.pos=-1.73 gripper.pos=+0.23
DEBUG 2026-08-20 07:29:11 [action #22] t=2.38s step=486 queue=45 dmax=0.395 | shoulder_pan.pos=-3.97 shoulder_lift.pos=-101.81 elbow_flex.pos=+87.80 wrist_flex.pos=+76.29 wrist_roll.pos=-1.69 gripper.pos=+0.38
DEBUG 2026-08-20 07:29:11 [action #23] t=2.41s step=487 queue=44 dmax=0.628 | shoulder_pan.pos=-4.60 shoulder_lift.pos=-101.31 elbow_flex.pos=+87.67 wrist_flex.pos=+76.57 wrist_roll.pos=-1.65 gripper.pos=+0.43
DEBUG 2026-08-20 07:29:11 [action #24] t=2.44s step=488 queue=43 dmax=0.934 | shoulder_pan.pos=-4.87 shoulder_lift.pos=-102.25 elbow_flex.pos=+87.52 wrist_flex.pos=+76.56 wrist_roll.pos=-1.60 gripper.pos=+0.43
DEBUG 2026-08-20 07:29:11 [action #25] t=2.48s step=489 queue=42 dmax=0.542 | shoulder_pan.pos=-5.41 shoulder_lift.pos=-101.96 elbow_flex.pos=+87.08 wrist_flex.pos=+76.44 wrist_roll.pos=-1.67 gripper.pos=+0.27
DEBUG 2026-08-20 07:29:11 [action #26] t=2.51s step=490 queue=41 dmax=0.917 | shoulder_pan.pos=-6.33 shoulder_lift.pos=-101.57 elbow_flex.pos=+87.16 wrist_flex.pos=+76.54 wrist_roll.pos=-1.75 gripper.pos=+0.47
DEBUG 2026-08-20 07:29:11 [action #27] t=2.54s step=491 queue=40 dmax=0.673 | shoulder_pan.pos=-6.81 shoulder_lift.pos=-102.24 elbow_flex.pos=+86.86 wrist_flex.pos=+76.41 wrist_roll.pos=-1.64 gripper.pos=+0.42
DEBUG 2026-08-20 07:29:11 [action #28] t=2.58s step=492 queue=39 dmax=0.902 | shoulder_pan.pos=-7.72 shoulder_lift.pos=-102.27 elbow_flex.pos=+86.86 wrist_flex.pos=+76.51 wrist_roll.pos=-1.66 gripper.pos=+0.46
DEBUG 2026-08-20 07:29:11 [action #29] t=2.61s step=493 queue=38 dmax=0.888 | shoulder_pan.pos=-8.60 shoulder_lift.pos=-102.22 elbow_flex.pos=+86.57 wrist_flex.pos=+76.62 wrist_roll.pos=-1.66 gripper.pos=+0.34
DEBUG 2026-08-20 07:29:11 [action #30] t=2.64s step=494 queue=37 dmax=0.795 | shoulder_pan.pos=-9.27 shoulder_lift.pos=-103.01 elbow_flex.pos=+86.41 wrist_flex.pos=+76.57 wrist_roll.pos=-1.67 gripper.pos=+0.39
DEBUG 2026-08-20 07:29:11 [action #31] t=2.68s step=495 queue=36 dmax=0.943 | shoulder_pan.pos=-10.22 shoulder_lift.pos=-102.25 elbow_flex.pos=+86.27 wrist_flex.pos=+76.57 wrist_roll.pos=-1.66 gripper.pos=+0.40
DEBUG 2026-08-20 07:29:11 [action #32] t=2.71s step=496 queue=35 dmax=0.494 | shoulder_pan.pos=-10.70 shoulder_lift.pos=-101.76 elbow_flex.pos=+86.60 wrist_flex.pos=+76.41 wrist_roll.pos=-1.65 gripper.pos=+0.33
DEBUG 2026-08-20 07:29:11 [action #33] t=2.74s step=497 queue=34 dmax=0.973 | shoulder_pan.pos=-11.40 shoulder_lift.pos=-102.73 elbow_flex.pos=+86.36 wrist_flex.pos=+76.54 wrist_roll.pos=-1.64 gripper.pos=+0.47
DEBUG 2026-08-20 07:29:11 [action #34] t=2.78s step=498 queue=33 dmax=0.765 | shoulder_pan.pos=-12.16 shoulder_lift.pos=-102.13 elbow_flex.pos=+86.49 wrist_flex.pos=+76.52 wrist_roll.pos=-1.68 gripper.pos=+0.46
DEBUG 2026-08-20 07:29:11 [action #35] t=2.81s step=499 queue=32 dmax=0.933 | shoulder_pan.pos=-13.09 shoulder_lift.pos=-102.41 elbow_flex.pos=+86.16 wrist_flex.pos=+76.39 wrist_roll.pos=-1.60 gripper.pos=+0.45
DEBUG 2026-08-20 07:29:11 [action #36] t=2.84s step=500 queue=31 dmax=0.801 | shoulder_pan.pos=-13.89 shoulder_lift.pos=-102.55 elbow_flex.pos=+86.72 wrist_flex.pos=+76.42 wrist_roll.pos=-1.59 gripper.pos=+0.56
DEBUG 2026-08-20 07:29:11 [action #37] t=2.88s step=501 queue=30 dmax=1.209 | shoulder_pan.pos=-15.10 shoulder_lift.pos=-101.95 elbow_flex.pos=+87.01 wrist_flex.pos=+76.68 wrist_roll.pos=-1.66 gripper.pos=+0.45
DEBUG 2026-08-20 07:29:11 [action #38] t=2.91s step=502 queue=29 dmax=1.276 | shoulder_pan.pos=-16.38 shoulder_lift.pos=-102.04 elbow_flex.pos=+86.17 wrist_flex.pos=+76.82 wrist_roll.pos=-1.66 gripper.pos=+0.55
DEBUG 2026-08-20 07:29:11 [action #39] t=2.94s step=503 queue=28 dmax=0.886 | shoulder_pan.pos=-17.26 shoulder_lift.pos=-102.01 elbow_flex.pos=+85.78 wrist_flex.pos=+76.82 wrist_roll.pos=-1.58 gripper.pos=+0.34
DEBUG 2026-08-20 07:29:11 [action #40] t=2.98s step=504 queue=27 dmax=1.361 | shoulder_pan.pos=-18.63 shoulder_lift.pos=-102.05 elbow_flex.pos=+86.71 wrist_flex.pos=+76.78 wrist_roll.pos=-1.60 gripper.pos=+0.47
DEBUG 2026-08-20 07:29:12 [action #41] t=3.01s step=505 queue=26 dmax=0.629 | shoulder_pan.pos=-19.26 shoulder_lift.pos=-101.86 elbow_flex.pos=+86.68 wrist_flex.pos=+76.82 wrist_roll.pos=-1.61 gripper.pos=+0.49
DEBUG 2026-08-20 07:29:12 [chunk] received 50 actions, timesteps 482..531 | first: shoulder_pan.pos=-4.15 shoulder_lift.pos=-101.15 elbow_flex.pos=+88.03 wrist_flex.pos=+76.35 wrist_roll.pos=-1.91 gripper.pos=+0.31 | last: shoulder_pan.pos=-34.07 shoulder_lift.pos=-100.72 elbow_flex.pos=+84.95 wrist_flex.pos=+74.71 wrist_roll.pos=-1.81 gripper.pos=+0.09
DEBUG 2026-08-20 07:29:12 [action #42] t=3.04s step=506 queue=26 dmax=2.824 | shoulder_pan.pos=-16.43 shoulder_lift.pos=-101.49 elbow_flex.pos=+86.40 wrist_flex.pos=+77.18 wrist_roll.pos=-1.63 gripper.pos=+0.39
DEBUG 2026-08-20 07:29:12 [action #43] t=3.08s step=507 queue=25 dmax=1.121 | shoulder_pan.pos=-17.55 shoulder_lift.pos=-101.96 elbow_flex.pos=+86.06 wrist_flex.pos=+77.12 wrist_roll.pos=-1.65 gripper.pos=+0.36
DEBUG 2026-08-20 07:29:12 [action #44] t=3.11s step=508 queue=24 dmax=1.122 | shoulder_pan.pos=-18.67 shoulder_lift.pos=-102.09 elbow_flex.pos=+86.61 wrist_flex.pos=+77.06 wrist_roll.pos=-1.62 gripper.pos=+0.44
DEBUG 2026-08-20 07:29:12 [action #45] t=3.15s step=509 queue=23 dmax=0.962 | shoulder_pan.pos=-19.64 shoulder_lift.pos=-101.65 elbow_flex.pos=+86.45 wrist_flex.pos=+77.30 wrist_roll.pos=-1.75 gripper.pos=+0.50
DEBUG 2026-08-20 07:29:12 [action #46] t=3.18s step=510 queue=22 dmax=0.874 | shoulder_pan.pos=-20.51 shoulder_lift.pos=-101.87 elbow_flex.pos=+86.38 wrist_flex.pos=+77.12 wrist_roll.pos=-1.68 gripper.pos=+0.39
DEBUG 2026-08-20 07:29:12 [action #47] t=3.21s step=511 queue=21 dmax=0.817 | shoulder_pan.pos=-21.33 shoulder_lift.pos=-102.21 elbow_flex.pos=+86.70 wrist_flex.pos=+77.25 wrist_roll.pos=-1.63 gripper.pos=+0.40
DEBUG 2026-08-20 07:29:12 [action #48] t=3.25s step=512 queue=20 dmax=0.935 | shoulder_pan.pos=-22.26 shoulder_lift.pos=-101.93 elbow_flex.pos=+86.75 wrist_flex.pos=+77.15 wrist_roll.pos=-1.70 gripper.pos=+0.49
DEBUG 2026-08-20 07:29:12 [action #49] t=3.28s step=513 queue=19 dmax=1.057 | shoulder_pan.pos=-23.32 shoulder_lift.pos=-101.87 elbow_flex.pos=+86.78 wrist_flex.pos=+77.14 wrist_roll.pos=-1.67 gripper.pos=+0.37
DEBUG 2026-08-20 07:29:12 [action #50] t=3.31s step=514 queue=18 dmax=0.830 | shoulder_pan.pos=-24.15 shoulder_lift.pos=-101.60 elbow_flex.pos=+86.88 wrist_flex.pos=+77.29 wrist_roll.pos=-1.71 gripper.pos=+0.38
DEBUG 2026-08-20 07:29:12 [action #51] t=3.35s step=515 queue=17 dmax=0.767 | shoulder_pan.pos=-24.92 shoulder_lift.pos=-101.25 elbow_flex.pos=+86.27 wrist_flex.pos=+77.23 wrist_roll.pos=-1.75 gripper.pos=+0.31
DEBUG 2026-08-20 07:29:12 [action #52] t=3.38s step=516 queue=16 dmax=0.844 | shoulder_pan.pos=-25.76 shoulder_lift.pos=-101.59 elbow_flex.pos=+87.04 wrist_flex.pos=+77.21 wrist_roll.pos=-1.77 gripper.pos=+0.37
DEBUG 2026-08-20 07:29:12 [action #53] t=3.41s step=517 queue=15 dmax=0.788 | shoulder_pan.pos=-26.50 shoulder_lift.pos=-101.28 elbow_flex.pos=+86.25 wrist_flex.pos=+77.13 wrist_roll.pos=-1.66 gripper.pos=+0.34
DEBUG 2026-08-20 07:29:12 [action #54] t=3.45s step=518 queue=14 dmax=0.866 | shoulder_pan.pos=-27.37 shoulder_lift.pos=-100.49 elbow_flex.pos=+86.53 wrist_flex.pos=+77.14 wrist_roll.pos=-1.68 gripper.pos=+0.35
DEBUG 2026-08-20 07:29:12 [action #55] t=3.48s step=519 queue=13 dmax=0.467 | shoulder_pan.pos=-27.84 shoulder_lift.pos=-100.74 elbow_flex.pos=+86.17 wrist_flex.pos=+77.20 wrist_roll.pos=-1.65 gripper.pos=+0.32
DEBUG 2026-08-20 07:29:12 [action #56] t=3.51s step=520 queue=12 dmax=0.237 | shoulder_pan.pos=-28.07 shoulder_lift.pos=-100.61 elbow_flex.pos=+85.98 wrist_flex.pos=+77.34 wrist_roll.pos=-1.64 gripper.pos=+0.21
DEBUG 2026-08-20 07:29:12 [action #57] t=3.55s step=521 queue=11 dmax=0.549 | shoulder_pan.pos=-28.62 shoulder_lift.pos=-101.04 elbow_flex.pos=+85.47 wrist_flex.pos=+77.19 wrist_roll.pos=-1.62 gripper.pos=+0.31
DEBUG 2026-08-20 07:29:12 [action #58] t=3.58s step=522 queue=10 dmax=0.518 | shoulder_pan.pos=-29.14 shoulder_lift.pos=-101.11 elbow_flex.pos=+85.28 wrist_flex.pos=+77.03 wrist_roll.pos=-1.68 gripper.pos=+0.21
DEBUG 2026-08-20 07:29:12 [action #59] t=3.61s step=523 queue=9 dmax=0.569 | shoulder_pan.pos=-29.71 shoulder_lift.pos=-100.78 elbow_flex.pos=+85.43 wrist_flex.pos=+76.95 wrist_roll.pos=-1.71 gripper.pos=+0.37
DEBUG 2026-08-20 07:29:12 [action #60] t=3.65s step=524 queue=8 dmax=0.574 | shoulder_pan.pos=-30.20 shoulder_lift.pos=-101.35 elbow_flex.pos=+85.81 wrist_flex.pos=+76.89 wrist_roll.pos=-1.67 gripper.pos=+0.33
DEBUG 2026-08-20 07:29:12 [action #61] t=3.68s step=525 queue=7 dmax=1.001 | shoulder_pan.pos=-30.86 shoulder_lift.pos=-101.51 elbow_flex.pos=+84.81 wrist_flex.pos=+76.51 wrist_roll.pos=-1.64 gripper.pos=+0.20
DEBUG 2026-08-20 07:29:12 [action #62] t=3.71s step=526 queue=6 dmax=0.665 | shoulder_pan.pos=-31.22 shoulder_lift.pos=-100.84 elbow_flex.pos=+85.13 wrist_flex.pos=+76.24 wrist_roll.pos=-1.73 gripper.pos=+0.27
DEBUG 2026-08-20 07:29:12 [action #63] t=3.75s step=527 queue=5 dmax=0.731 | shoulder_pan.pos=-31.95 shoulder_lift.pos=-101.02 elbow_flex.pos=+85.71 wrist_flex.pos=+76.00 wrist_roll.pos=-1.65 gripper.pos=+0.30
DEBUG 2026-08-20 07:29:12 [chunk] received 50 actions, timesteps 505..554 | first: shoulder_pan.pos=-21.86 shoulder_lift.pos=-101.36 elbow_flex.pos=+87.16 wrist_flex.pos=+75.89 wrist_roll.pos=-1.78 gripper.pos=+0.54 | last: shoulder_pan.pos=-35.55 shoulder_lift.pos=-101.03 elbow_flex.pos=+83.90 wrist_flex.pos=+67.44 wrist_roll.pos=-2.21 gripper.pos=+0.17
DEBUG 2026-08-20 07:29:12 [action #64] t=3.78s step=528 queue=27 dmax=2.508 | shoulder_pan.pos=-34.46 shoulder_lift.pos=-101.28 elbow_flex.pos=+85.47 wrist_flex.pos=+75.81 wrist_roll.pos=-1.77 gripper.pos=+0.48
DEBUG 2026-08-20 07:29:12 [action #65] t=3.81s step=529 queue=26 dmax=0.439 | shoulder_pan.pos=-34.68 shoulder_lift.pos=-101.67 elbow_flex.pos=+85.90 wrist_flex.pos=+75.62 wrist_roll.pos=-1.75 gripper.pos=+0.55
DEBUG 2026-08-20 07:29:12 [action #66] t=3.85s step=530 queue=25 dmax=0.325 | shoulder_pan.pos=-34.95 shoulder_lift.pos=-102.00 elbow_flex.pos=+85.66 wrist_flex.pos=+75.60 wrist_roll.pos=-1.71 gripper.pos=+0.36
DEBUG 2026-08-20 07:29:12 [action #67] t=3.88s step=531 queue=24 dmax=0.650 | shoulder_pan.pos=-35.35 shoulder_lift.pos=-101.35 elbow_flex.pos=+85.37 wrist_flex.pos=+75.23 wrist_roll.pos=-1.80 gripper.pos=+0.33
DEBUG 2026-08-20 07:29:12 [action #68] t=3.91s step=532 queue=23 dmax=0.781 | shoulder_pan.pos=-35.88 shoulder_lift.pos=-102.13 elbow_flex.pos=+85.63 wrist_flex.pos=+75.30 wrist_roll.pos=-1.77 gripper.pos=+0.42
DEBUG 2026-08-20 07:29:12 [action #69] t=3.95s step=533 queue=22 dmax=0.390 | shoulder_pan.pos=-35.98 shoulder_lift.pos=-102.03 elbow_flex.pos=+85.24 wrist_flex.pos=+75.21 wrist_roll.pos=-1.76 gripper.pos=+0.42
DEBUG 2026-08-20 07:29:12 [action #70] t=3.98s step=534 queue=21 dmax=0.285 | shoulder_pan.pos=-35.70 shoulder_lift.pos=-102.29 elbow_flex.pos=+85.09 wrist_flex.pos=+75.08 wrist_roll.pos=-1.75 gripper.pos=+0.34
DEBUG 2026-08-20 07:29:13 [action #71] t=4.02s step=535 queue=20 dmax=0.489 | shoulder_pan.pos=-35.78 shoulder_lift.pos=-102.06 elbow_flex.pos=+85.34 wrist_flex.pos=+74.59 wrist_roll.pos=-1.79 gripper.pos=+0.32
DEBUG 2026-08-20 07:29:13 [action #72] t=4.05s step=536 queue=19 dmax=0.903 | shoulder_pan.pos=-35.71 shoulder_lift.pos=-102.00 elbow_flex.pos=+85.25 wrist_flex.pos=+73.69 wrist_roll.pos=-1.77 gripper.pos=+0.35
DEBUG 2026-08-20 07:29:13 [action #73] t=4.08s step=537 queue=18 dmax=0.584 | shoulder_pan.pos=-35.47 shoulder_lift.pos=-101.68 elbow_flex.pos=+85.73 wrist_flex.pos=+73.10 wrist_roll.pos=-1.84 gripper.pos=+0.37
DEBUG 2026-08-20 07:29:13 [action #74] t=4.12s step=538 queue=17 dmax=0.661 | shoulder_pan.pos=-35.94 shoulder_lift.pos=-101.69 elbow_flex.pos=+85.68 wrist_flex.pos=+72.44 wrist_roll.pos=-1.91 gripper.pos=+0.26
DEBUG 2026-08-20 07:29:13 [action #75] t=4.15s step=539 queue=16 dmax=0.492 | shoulder_pan.pos=-36.06 shoulder_lift.pos=-101.88 elbow_flex.pos=+85.87 wrist_flex.pos=+71.95 wrist_roll.pos=-1.90 gripper.pos=+0.18
DEBUG 2026-08-20 07:29:13 [action #76] t=4.18s step=540 queue=15 dmax=0.856 | shoulder_pan.pos=-36.00 shoulder_lift.pos=-102.06 elbow_flex.pos=+85.54 wrist_flex.pos=+71.09 wrist_roll.pos=-1.85 gripper.pos=+0.16
DEBUG 2026-08-20 07:29:13 [action #77] t=4.22s step=541 queue=14 dmax=0.435 | shoulder_pan.pos=-35.89 shoulder_lift.pos=-102.17 elbow_flex.pos=+85.98 wrist_flex.pos=+70.69 wrist_roll.pos=-1.85 gripper.pos=+0.16
DEBUG 2026-08-20 07:29:13 [action #78] t=4.25s step=542 queue=13 dmax=0.977 | shoulder_pan.pos=-35.55 shoulder_lift.pos=-101.20 elbow_flex.pos=+85.52 wrist_flex.pos=+70.30 wrist_roll.pos=-1.80 gripper.pos=+0.31
DEBUG 2026-08-20 07:29:13 [action #79] t=4.28s step=543 queue=12 dmax=0.387 | shoulder_pan.pos=-35.77 shoulder_lift.pos=-101.58 elbow_flex.pos=+85.33 wrist_flex.pos=+69.97 wrist_roll.pos=-1.93 gripper.pos=+0.27
DEBUG 2026-08-20 07:29:13 [action #80] t=4.32s step=544 queue=11 dmax=0.666 | shoulder_pan.pos=-35.43 shoulder_lift.pos=-102.25 elbow_flex.pos=+85.36 wrist_flex.pos=+69.57 wrist_roll.pos=-1.87 gripper.pos=+0.26
DEBUG 2026-08-20 07:29:13 [action #81] t=4.35s step=545 queue=10 dmax=0.642 | shoulder_pan.pos=-35.41 shoulder_lift.pos=-101.61 elbow_flex.pos=+85.23 wrist_flex.pos=+69.35 wrist_roll.pos=-1.98 gripper.pos=+0.29
DEBUG 2026-08-20 07:29:13 [action #82] t=4.38s step=546 queue=9 dmax=0.900 | shoulder_pan.pos=-35.50 shoulder_lift.pos=-102.51 elbow_flex.pos=+84.60 wrist_flex.pos=+69.00 wrist_roll.pos=-2.02 gripper.pos=+0.22
DEBUG 2026-08-20 07:29:13 [action #83] t=4.42s step=547 queue=8 dmax=1.733 | shoulder_pan.pos=-35.53 shoulder_lift.pos=-100.77 elbow_flex.pos=+85.14 wrist_flex.pos=+68.79 wrist_roll.pos=-1.98 gripper.pos=+0.29
DEBUG 2026-08-20 07:29:13 [action #84] t=4.45s step=548 queue=7 dmax=0.566 | shoulder_pan.pos=-35.49 shoulder_lift.pos=-101.32 elbow_flex.pos=+84.57 wrist_flex.pos=+68.80 wrist_roll.pos=-1.94 gripper.pos=+0.09
DEBUG 2026-08-20 07:29:13 [action #85] t=4.48s step=549 queue=6 dmax=0.682 | shoulder_pan.pos=-35.39 shoulder_lift.pos=-100.79 elbow_flex.pos=+83.89 wrist_flex.pos=+68.58 wrist_roll.pos=-2.00 gripper.pos=+0.24
DEBUG 2026-08-20 07:29:13 [chunk] received 50 actions, timesteps 526..575 | first: shoulder_pan.pos=-32.66 shoulder_lift.pos=-100.62 elbow_flex.pos=+86.43 wrist_flex.pos=+76.12 wrist_roll.pos=-1.63 gripper.pos=+0.49 | last: shoulder_pan.pos=-41.13 shoulder_lift.pos=-100.54 elbow_flex.pos=+84.04 wrist_flex.pos=+61.58 wrist_roll.pos=-2.61 gripper.pos=+0.53
DEBUG 2026-08-20 07:29:13 [action #86] t=4.52s step=550 queue=26 dmax=4.911 | shoulder_pan.pos=-40.30 shoulder_lift.pos=-101.74 elbow_flex.pos=+85.30 wrist_flex.pos=+67.52 wrist_roll.pos=-1.68 gripper.pos=+0.56
DEBUG 2026-08-20 07:29:13 [action #87] t=4.55s step=551 queue=25 dmax=0.539 | shoulder_pan.pos=-39.90 shoulder_lift.pos=-101.56 elbow_flex.pos=+85.38 wrist_flex.pos=+66.98 wrist_roll.pos=-1.73 gripper.pos=+0.55
DEBUG 2026-08-20 07:29:13 [action #88] t=4.58s step=552 queue=24 dmax=0.400 | shoulder_pan.pos=-39.65 shoulder_lift.pos=-101.25 elbow_flex.pos=+84.98 wrist_flex.pos=+66.61 wrist_roll.pos=-1.81 gripper.pos=+0.60
DEBUG 2026-08-20 07:29:13 [action #89] t=4.62s step=553 queue=23 dmax=0.592 | shoulder_pan.pos=-39.68 shoulder_lift.pos=-101.51 elbow_flex.pos=+85.02 wrist_flex.pos=+66.02 wrist_roll.pos=-1.79 gripper.pos=+0.43
DEBUG 2026-08-20 07:29:13 [action #90] t=4.65s step=554 queue=22 dmax=0.293 | shoulder_pan.pos=-39.57 shoulder_lift.pos=-101.23 elbow_flex.pos=+85.13 wrist_flex.pos=+65.73 wrist_roll.pos=-1.85 gripper.pos=+0.57
DEBUG 2026-08-20 07:29:13 [action #91] t=4.68s step=555 queue=21 dmax=1.744 | shoulder_pan.pos=-41.31 shoulder_lift.pos=-101.18 elbow_flex.pos=+85.04 wrist_flex.pos=+64.56 wrist_roll.pos=-1.62 gripper.pos=+0.50
DEBUG 2026-08-20 07:29:13 [action #92] t=4.72s step=556 queue=20 dmax=0.849 | shoulder_pan.pos=-41.61 shoulder_lift.pos=-101.06 elbow_flex.pos=+85.88 wrist_flex.pos=+64.46 wrist_roll.pos=-1.75 gripper.pos=+0.62
DEBUG 2026-08-20 07:29:13 [action #93] t=4.75s step=557 queue=19 dmax=0.315 | shoulder_pan.pos=-41.54 shoulder_lift.pos=-101.08 elbow_flex.pos=+85.57 wrist_flex.pos=+64.49 wrist_roll.pos=-1.68 gripper.pos=+0.72
DEBUG 2026-08-20 07:29:13 [action #94] t=4.78s step=558 queue=18 dmax=0.598 | shoulder_pan.pos=-41.53 shoulder_lift.pos=-101.68 elbow_flex.pos=+85.01 wrist_flex.pos=+64.28 wrist_roll.pos=-1.69 gripper.pos=+0.36
DEBUG 2026-08-20 07:29:13 [action #95] t=4.82s step=559 queue=17 dmax=0.405 | shoulder_pan.pos=-41.47 shoulder_lift.pos=-101.27 elbow_flex.pos=+85.31 wrist_flex.pos=+64.42 wrist_roll.pos=-1.97 gripper.pos=+0.74
DEBUG 2026-08-20 07:29:13 [action #96] t=4.85s step=560 queue=16 dmax=0.393 | shoulder_pan.pos=-41.48 shoulder_lift.pos=-101.23 elbow_flex.pos=+84.92 wrist_flex.pos=+64.30 wrist_roll.pos=-1.88 gripper.pos=+0.62
DEBUG 2026-08-20 07:29:13 [action #97] t=4.88s step=561 queue=15 dmax=0.128 | shoulder_pan.pos=-41.36 shoulder_lift.pos=-101.17 elbow_flex.pos=+84.84 wrist_flex.pos=+64.39 wrist_roll.pos=-1.99 gripper.pos=+0.64
DEBUG 2026-08-20 07:29:13 [action #98] t=4.92s step=562 queue=14 dmax=0.612 | shoulder_pan.pos=-41.39 shoulder_lift.pos=-101.51 elbow_flex.pos=+84.23 wrist_flex.pos=+64.49 wrist_roll.pos=-2.14 gripper.pos=+0.52
DEBUG 2026-08-20 07:29:13 [action #99] t=4.95s step=563 queue=13 dmax=0.277 | shoulder_pan.pos=-41.41 shoulder_lift.pos=-101.79 elbow_flex.pos=+84.17 wrist_flex.pos=+64.41 wrist_roll.pos=-2.11 gripper.pos=+0.43
DEBUG 2026-08-20 07:29:13 [action #100] t=4.98s step=564 queue=12 dmax=0.357 | shoulder_pan.pos=-41.48 shoulder_lift.pos=-101.43 elbow_flex.pos=+84.07 wrist_flex.pos=+64.64 wrist_roll.pos=-2.15 gripper.pos=+0.50
DEBUG 2026-08-20 07:29:14 [action #101] t=5.02s step=565 queue=11 dmax=0.495 | shoulder_pan.pos=-41.63 shoulder_lift.pos=-101.83 elbow_flex.pos=+83.57 wrist_flex.pos=+64.65 wrist_roll.pos=-2.07 gripper.pos=+0.60
DEBUG 2026-08-20 07:29:14 [action #102] t=5.05s step=566 queue=10 dmax=0.431 | shoulder_pan.pos=-41.68 shoulder_lift.pos=-101.54 elbow_flex.pos=+84.00 wrist_flex.pos=+64.53 wrist_roll.pos=-2.14 gripper.pos=+0.57
DEBUG 2026-08-20 07:29:14 [action #103] t=5.09s step=567 queue=9 dmax=0.265 | shoulder_pan.pos=-41.53 shoulder_lift.pos=-101.28 elbow_flex.pos=+83.77 wrist_flex.pos=+64.30 wrist_roll.pos=-2.13 gripper.pos=+0.42
DEBUG 2026-08-20 07:29:14 [action #104] t=5.12s step=568 queue=8 dmax=0.266 | shoulder_pan.pos=-41.49 shoulder_lift.pos=-101.46 elbow_flex.pos=+84.00 wrist_flex.pos=+64.03 wrist_roll.pos=-2.24 gripper.pos=+0.49
DEBUG 2026-08-20 07:29:14 [action #105] t=5.15s step=569 queue=7 dmax=0.261 | shoulder_pan.pos=-41.39 shoulder_lift.pos=-101.20 elbow_flex.pos=+84.06 wrist_flex.pos=+63.80 wrist_roll.pos=-2.27 gripper.pos=+0.55
DEBUG 2026-08-20 07:29:14 [action #106] t=5.19s step=570 queue=6 dmax=0.394 | shoulder_pan.pos=-41.40 shoulder_lift.pos=-101.53 elbow_flex.pos=+84.36 wrist_flex.pos=+63.41 wrist_roll.pos=-2.22 gripper.pos=+0.40
DEBUG 2026-08-20 07:29:14 [action #107] t=5.22s step=571 queue=5 dmax=0.916 | shoulder_pan.pos=-41.35 shoulder_lift.pos=-100.62 elbow_flex.pos=+84.35 wrist_flex.pos=+62.96 wrist_roll.pos=-2.31 gripper.pos=+0.67
DEBUG 2026-08-20 07:29:14 [chunk] received 50 actions, timesteps 549..598 | first: shoulder_pan.pos=-42.20 shoulder_lift.pos=-101.91 elbow_flex.pos=+85.33 wrist_flex.pos=+68.80 wrist_roll.pos=-1.87 gripper.pos=+0.57 | last: shoulder_pan.pos=-43.23 shoulder_lift.pos=-69.77 elbow_flex.pos=+70.18 wrist_flex.pos=+54.75 wrist_roll.pos=-4.37 gripper.pos=+0.59
DEBUG 2026-08-20 07:29:14 [action #108] t=5.25s step=572 queue=27 dmax=3.093 | shoulder_pan.pos=-44.44 shoulder_lift.pos=-100.92 elbow_flex.pos=+84.46 wrist_flex.pos=+63.38 wrist_roll.pos=-2.17 gripper.pos=+0.53
DEBUG 2026-08-20 07:29:14 [action #109] t=5.29s step=573 queue=26 dmax=0.687 | shoulder_pan.pos=-44.32 shoulder_lift.pos=-101.60 elbow_flex.pos=+84.22 wrist_flex.pos=+63.37 wrist_roll.pos=-2.21 gripper.pos=+0.57
DEBUG 2026-08-20 07:29:14 [action #110] t=5.32s step=574 queue=25 dmax=0.353 | shoulder_pan.pos=-44.53 shoulder_lift.pos=-101.25 elbow_flex.pos=+83.96 wrist_flex.pos=+63.28 wrist_roll.pos=-2.25 gripper.pos=+0.55
DEBUG 2026-08-20 07:29:14 [action #111] t=5.35s step=575 queue=24 dmax=0.400 | shoulder_pan.pos=-44.24 shoulder_lift.pos=-100.85 elbow_flex.pos=+83.96 wrist_flex.pos=+63.31 wrist_roll.pos=-2.24 gripper.pos=+0.58
DEBUG 2026-08-20 07:29:14 [action #112] t=5.39s step=576 queue=23 dmax=1.181 | shoulder_pan.pos=-45.42 shoulder_lift.pos=-101.21 elbow_flex.pos=+83.61 wrist_flex.pos=+64.31 wrist_roll.pos=-2.05 gripper.pos=+0.66
DEBUG 2026-08-20 07:29:14 [action #113] t=5.42s step=577 queue=22 dmax=0.520 | shoulder_pan.pos=-45.62 shoulder_lift.pos=-101.73 elbow_flex.pos=+83.50 wrist_flex.pos=+64.54 wrist_roll.pos=-2.09 gripper.pos=+0.65
DEBUG 2026-08-20 07:29:14 [action #114] t=5.45s step=578 queue=21 dmax=0.527 | shoulder_pan.pos=-45.67 shoulder_lift.pos=-101.79 elbow_flex.pos=+82.98 wrist_flex.pos=+64.82 wrist_roll.pos=-2.12 gripper.pos=+0.51
DEBUG 2026-08-20 07:29:14 [action #115] t=5.49s step=579 queue=20 dmax=0.606 | shoulder_pan.pos=-45.50 shoulder_lift.pos=-101.19 elbow_flex.pos=+82.74 wrist_flex.pos=+65.04 wrist_roll.pos=-2.17 gripper.pos=+0.59
DEBUG 2026-08-20 07:29:14 [action #116] t=5.52s step=580 queue=19 dmax=0.372 | shoulder_pan.pos=-45.64 shoulder_lift.pos=-101.56 elbow_flex.pos=+82.40 wrist_flex.pos=+65.19 wrist_roll.pos=-2.17 gripper.pos=+0.65
DEBUG 2026-08-20 07:29:14 [action #117] t=5.55s step=581 queue=18 dmax=0.450 | shoulder_pan.pos=-45.79 shoulder_lift.pos=-101.11 elbow_flex.pos=+81.99 wrist_flex.pos=+65.55 wrist_roll.pos=-2.19 gripper.pos=+0.65
DEBUG 2026-08-20 07:29:14 [action #118] t=5.59s step=582 queue=17 dmax=0.613 | shoulder_pan.pos=-45.67 shoulder_lift.pos=-100.49 elbow_flex.pos=+81.62 wrist_flex.pos=+65.54 wrist_roll.pos=-2.29 gripper.pos=+0.83
DEBUG 2026-08-20 07:29:14 [action #119] t=5.62s step=583 queue=16 dmax=0.798 | shoulder_pan.pos=-45.40 shoulder_lift.pos=-100.34 elbow_flex.pos=+80.83 wrist_flex.pos=+65.55 wrist_roll.pos=-2.40 gripper.pos=+0.51
DEBUG 2026-08-20 07:29:14 [action #120] t=5.65s step=584 queue=15 dmax=0.383 | shoulder_pan.pos=-45.48 shoulder_lift.pos=-99.97 elbow_flex.pos=+80.85 wrist_flex.pos=+65.45 wrist_roll.pos=-2.78 gripper.pos=+0.53
DEBUG 2026-08-20 07:29:14 [action #121] t=5.69s step=585 queue=14 dmax=1.253 | shoulder_pan.pos=-45.32 shoulder_lift.pos=-98.72 elbow_flex.pos=+80.20 wrist_flex.pos=+65.00 wrist_roll.pos=-3.09 gripper.pos=+0.57
DEBUG 2026-08-20 07:29:14 [action #122] t=5.72s step=586 queue=13 dmax=1.133 | shoulder_pan.pos=-45.49 shoulder_lift.pos=-97.59 elbow_flex.pos=+79.58 wrist_flex.pos=+64.63 wrist_roll.pos=-3.58 gripper.pos=+0.65
DEBUG 2026-08-20 07:29:14 [action #123] t=5.75s step=587 queue=12 dmax=1.967 | shoulder_pan.pos=-45.52 shoulder_lift.pos=-95.62 elbow_flex.pos=+79.01 wrist_flex.pos=+63.69 wrist_roll.pos=-3.75 gripper.pos=+0.72
DEBUG 2026-08-20 07:29:14 [action #124] t=5.79s step=588 queue=11 dmax=2.383 | shoulder_pan.pos=-45.33 shoulder_lift.pos=-93.24 elbow_flex.pos=+77.77 wrist_flex.pos=+63.04 wrist_roll.pos=-4.12 gripper.pos=+0.73
DEBUG 2026-08-20 07:29:14 [action #125] t=5.82s step=589 queue=10 dmax=2.946 | shoulder_pan.pos=-45.22 shoulder_lift.pos=-90.29 elbow_flex.pos=+76.28 wrist_flex.pos=+61.94 wrist_roll.pos=-4.42 gripper.pos=+0.58
DEBUG 2026-08-20 07:29:14 [action #126] t=5.85s step=590 queue=9 dmax=3.285 | shoulder_pan.pos=-45.21 shoulder_lift.pos=-87.00 elbow_flex.pos=+75.08 wrist_flex.pos=+61.06 wrist_roll.pos=-4.53 gripper.pos=+0.62
DEBUG 2026-08-20 07:29:14 [action #127] t=5.89s step=591 queue=8 dmax=3.062 | shoulder_pan.pos=-45.13 shoulder_lift.pos=-83.94 elbow_flex.pos=+73.76 wrist_flex.pos=+60.07 wrist_roll.pos=-4.55 gripper.pos=+0.71
DEBUG 2026-08-20 07:29:14 [chunk] received 50 actions, timesteps 571..620 | first: shoulder_pan.pos=-43.58 shoulder_lift.pos=-100.66 elbow_flex.pos=+83.19 wrist_flex.pos=+64.33 wrist_roll.pos=-1.53 gripper.pos=+0.33 | last: shoulder_pan.pos=-46.23 shoulder_lift.pos=-44.70 elbow_flex.pos=+52.67 wrist_flex.pos=+48.60 wrist_roll.pos=-4.29 gripper.pos=+0.77
DEBUG 2026-08-20 07:29:14 [action #128] t=5.92s step=592 queue=29 dmax=7.815 | shoulder_pan.pos=-46.20 shoulder_lift.pos=-91.76 elbow_flex.pos=+76.67 wrist_flex.pos=+61.49 wrist_roll.pos=-2.93 gripper.pos=+0.53
DEBUG 2026-08-20 07:29:14 [action #129] t=5.95s step=593 queue=28 dmax=1.603 | shoulder_pan.pos=-45.99 shoulder_lift.pos=-90.15 elbow_flex.pos=+76.21 wrist_flex.pos=+60.90 wrist_roll.pos=-2.95 gripper.pos=+0.60
DEBUG 2026-08-20 07:29:15 [action #130] t=5.99s step=594 queue=27 dmax=1.249 | shoulder_pan.pos=-46.05 shoulder_lift.pos=-88.91 elbow_flex.pos=+75.83 wrist_flex.pos=+60.27 wrist_roll.pos=-3.03 gripper.pos=+0.47
DEBUG 2026-08-20 07:29:15 [action #131] t=6.02s step=595 queue=26 dmax=1.402 | shoulder_pan.pos=-46.09 shoulder_lift.pos=-87.50 elbow_flex.pos=+75.41 wrist_flex.pos=+59.57 wrist_roll.pos=-3.07 gripper.pos=+0.65
DEBUG 2026-08-20 07:29:15 [action #132] t=6.05s step=596 queue=25 dmax=1.418 | shoulder_pan.pos=-45.87 shoulder_lift.pos=-86.09 elbow_flex.pos=+74.79 wrist_flex.pos=+59.14 wrist_roll.pos=-3.12 gripper.pos=+0.57
DEBUG 2026-08-20 07:29:15 [action #133] t=6.09s step=597 queue=24 dmax=1.474 | shoulder_pan.pos=-45.69 shoulder_lift.pos=-84.61 elbow_flex.pos=+74.53 wrist_flex.pos=+58.59 wrist_roll.pos=-3.25 gripper.pos=+0.51
DEBUG 2026-08-20 07:29:15 [action #134] t=6.12s step=598 queue=23 dmax=1.955 | shoulder_pan.pos=-45.60 shoulder_lift.pos=-82.66 elbow_flex.pos=+73.85 wrist_flex.pos=+57.95 wrist_roll.pos=-3.32 gripper.pos=+0.48
DEBUG 2026-08-20 07:29:15 [action #135] t=6.16s step=599 queue=22 dmax=3.607 | shoulder_pan.pos=-46.71 shoulder_lift.pos=-86.26 elbow_flex.pos=+73.73 wrist_flex.pos=+58.67 wrist_roll.pos=-3.08 gripper.pos=+0.55
DEBUG 2026-08-20 07:29:15 [action #136] t=6.19s step=600 queue=21 dmax=2.409 | shoulder_pan.pos=-46.58 shoulder_lift.pos=-83.85 elbow_flex.pos=+72.79 wrist_flex.pos=+58.18 wrist_roll.pos=-3.28 gripper.pos=+0.48
DEBUG 2026-08-20 07:29:15 [action #137] t=6.22s step=601 queue=20 dmax=2.310 | shoulder_pan.pos=-46.39 shoulder_lift.pos=-81.55 elbow_flex.pos=+72.16 wrist_flex.pos=+57.25 wrist_roll.pos=-3.30 gripper.pos=+0.44
DEBUG 2026-08-20 07:29:15 [action #138] t=6.26s step=602 queue=19 dmax=2.882 | shoulder_pan.pos=-46.27 shoulder_lift.pos=-78.66 elbow_flex.pos=+70.16 wrist_flex.pos=+56.89 wrist_roll.pos=-3.67 gripper.pos=+0.60
DEBUG 2026-08-20 07:29:15 [action #139] t=6.29s step=603 queue=18 dmax=3.058 | shoulder_pan.pos=-46.23 shoulder_lift.pos=-75.61 elbow_flex.pos=+68.97 wrist_flex.pos=+55.83 wrist_roll.pos=-3.65 gripper.pos=+0.47
DEBUG 2026-08-20 07:29:15 [action #140] t=6.32s step=604 queue=17 dmax=2.575 | shoulder_pan.pos=-46.09 shoulder_lift.pos=-73.03 elbow_flex.pos=+68.14 wrist_flex.pos=+55.21 wrist_roll.pos=-3.85 gripper.pos=+0.63
DEBUG 2026-08-20 07:29:15 [action #141] t=6.36s step=605 queue=16 dmax=2.118 | shoulder_pan.pos=-46.09 shoulder_lift.pos=-70.91 elbow_flex.pos=+66.21 wrist_flex.pos=+54.35 wrist_roll.pos=-3.77 gripper.pos=+0.60
DEBUG 2026-08-20 07:29:15 [action #142] t=6.39s step=606 queue=15 dmax=2.637 | shoulder_pan.pos=-46.39 shoulder_lift.pos=-68.27 elbow_flex.pos=+65.44 wrist_flex.pos=+53.66 wrist_roll.pos=-3.80 gripper.pos=+0.65
DEBUG 2026-08-20 07:29:15 [action #143] t=6.42s step=607 queue=14 dmax=1.365 | shoulder_pan.pos=-46.18 shoulder_lift.pos=-66.91 elbow_flex.pos=+64.43 wrist_flex.pos=+53.04 wrist_roll.pos=-3.78 gripper.pos=+0.49
DEBUG 2026-08-20 07:29:15 [action #144] t=6.46s step=608 queue=13 dmax=1.752 | shoulder_pan.pos=-46.31 shoulder_lift.pos=-65.16 elbow_flex.pos=+63.33 wrist_flex.pos=+52.28 wrist_roll.pos=-3.82 gripper.pos=+0.50
DEBUG 2026-08-20 07:29:15 [action #145] t=6.49s step=609 queue=12 dmax=2.316 | shoulder_pan.pos=-46.48 shoulder_lift.pos=-62.84 elbow_flex.pos=+63.19 wrist_flex.pos=+51.72 wrist_roll.pos=-3.74 gripper.pos=+0.59
DEBUG 2026-08-20 07:29:15 [action #146] t=6.52s step=610 queue=11 dmax=1.611 | shoulder_pan.pos=-46.61 shoulder_lift.pos=-61.32 elbow_flex.pos=+61.58 wrist_flex.pos=+50.91 wrist_roll.pos=-3.77 gripper.pos=+0.68
DEBUG 2026-08-20 07:29:15 [action #147] t=6.56s step=611 queue=10 dmax=1.632 | shoulder_pan.pos=-46.74 shoulder_lift.pos=-59.68 elbow_flex.pos=+61.26 wrist_flex.pos=+50.49 wrist_roll.pos=-3.72 gripper.pos=+0.54
DEBUG 2026-08-20 07:29:15 [action #148] t=6.59s step=612 queue=9 dmax=1.628 | shoulder_pan.pos=-46.68 shoulder_lift.pos=-58.06 elbow_flex.pos=+59.77 wrist_flex.pos=+50.36 wrist_roll.pos=-3.74 gripper.pos=+0.70
DEBUG 2026-08-20 07:29:15 [action #149] t=6.62s step=613 queue=8 dmax=1.787 | shoulder_pan.pos=-46.61 shoulder_lift.pos=-56.27 elbow_flex.pos=+59.43 wrist_flex.pos=+49.60 wrist_roll.pos=-3.84 gripper.pos=+0.59
DEBUG 2026-08-20 07:29:15 [chunk] received 50 actions, timesteps 591..640 | first: shoulder_pan.pos=-44.29 shoulder_lift.pos=-85.94 elbow_flex.pos=+74.43 wrist_flex.pos=+62.49 wrist_roll.pos=-4.40 gripper.pos=+0.27 | last: shoulder_pan.pos=-46.33 shoulder_lift.pos=-18.46 elbow_flex.pos=+33.21 wrist_flex.pos=+51.94 wrist_roll.pos=-6.21 gripper.pos=+3.18
DEBUG 2026-08-20 07:29:15 [action #150] t=6.66s step=614 queue=27 dmax=3.303 | shoulder_pan.pos=-46.73 shoulder_lift.pos=-57.44 elbow_flex.pos=+59.73 wrist_flex.pos=+52.90 wrist_roll.pos=-4.52 gripper.pos=+0.17
DEBUG 2026-08-20 07:29:15 [action #151] t=6.69s step=615 queue=26 dmax=1.641 | shoulder_pan.pos=-46.65 shoulder_lift.pos=-56.12 elbow_flex.pos=+58.08 wrist_flex.pos=+52.29 wrist_roll.pos=-4.47 gripper.pos=+0.38
DEBUG 2026-08-20 07:29:15 [action #152] t=6.72s step=616 queue=25 dmax=1.247 | shoulder_pan.pos=-46.67 shoulder_lift.pos=-54.87 elbow_flex.pos=+57.51 wrist_flex.pos=+52.13 wrist_roll.pos=-4.58 gripper.pos=+0.30
DEBUG 2026-08-20 07:29:15 [action #153] t=6.76s step=617 queue=24 dmax=1.923 | shoulder_pan.pos=-46.73 shoulder_lift.pos=-52.95 elbow_flex.pos=+56.98 wrist_flex.pos=+51.72 wrist_roll.pos=-4.65 gripper.pos=+0.30
DEBUG 2026-08-20 07:29:15 [action #154] t=6.79s step=618 queue=23 dmax=1.721 | shoulder_pan.pos=-46.89 shoulder_lift.pos=-51.23 elbow_flex.pos=+55.93 wrist_flex.pos=+50.84 wrist_roll.pos=-4.77 gripper.pos=+0.54
DEBUG 2026-08-20 07:29:15 [action #155] t=6.82s step=619 queue=22 dmax=1.404 | shoulder_pan.pos=-46.82 shoulder_lift.pos=-49.82 elbow_flex.pos=+55.19 wrist_flex.pos=+50.55 wrist_roll.pos=-4.93 gripper.pos=+0.54
DEBUG 2026-08-20 07:29:15 [action #156] t=6.86s step=620 queue=21 dmax=1.557 | shoulder_pan.pos=-46.79 shoulder_lift.pos=-48.27 elbow_flex.pos=+54.40 wrist_flex.pos=+49.98 wrist_roll.pos=-4.93 gripper.pos=+0.43
DEBUG 2026-08-20 07:29:15 [action #157] t=6.89s step=621 queue=20 dmax=0.371 | shoulder_pan.pos=-46.82 shoulder_lift.pos=-48.22 elbow_flex.pos=+54.43 wrist_flex.pos=+50.35 wrist_roll.pos=-5.23 gripper.pos=+0.56
DEBUG 2026-08-20 07:29:15 [action #158] t=6.92s step=622 queue=19 dmax=1.539 | shoulder_pan.pos=-46.61 shoulder_lift.pos=-46.68 elbow_flex.pos=+53.12 wrist_flex.pos=+50.19 wrist_roll.pos=-5.39 gripper.pos=+0.36
DEBUG 2026-08-20 07:29:15 [action #159] t=6.96s step=623 queue=18 dmax=1.970 | shoulder_pan.pos=-46.66 shoulder_lift.pos=-44.71 elbow_flex.pos=+52.15 wrist_flex.pos=+49.96 wrist_roll.pos=-5.51 gripper.pos=+0.44
DEBUG 2026-08-20 07:29:16 [action #160] t=6.99s step=624 queue=17 dmax=1.943 | shoulder_pan.pos=-46.90 shoulder_lift.pos=-42.77 elbow_flex.pos=+51.30 wrist_flex.pos=+49.51 wrist_roll.pos=-5.56 gripper.pos=+0.48
DEBUG 2026-08-20 07:29:16 [action #161] t=7.03s step=625 queue=16 dmax=2.060 | shoulder_pan.pos=-46.52 shoulder_lift.pos=-41.69 elbow_flex.pos=+49.24 wrist_flex.pos=+49.79 wrist_roll.pos=-5.57 gripper.pos=+0.30
DEBUG 2026-08-20 07:29:16 [action #162] t=7.06s step=626 queue=15 dmax=2.385 | shoulder_pan.pos=-46.46 shoulder_lift.pos=-39.30 elbow_flex.pos=+48.87 wrist_flex.pos=+49.51 wrist_roll.pos=-5.46 gripper.pos=+0.42
DEBUG 2026-08-20 07:29:16 [action #163] t=7.09s step=627 queue=14 dmax=1.484 | shoulder_pan.pos=-46.67 shoulder_lift.pos=-38.24 elbow_flex.pos=+47.39 wrist_flex.pos=+49.56 wrist_roll.pos=-5.49 gripper.pos=+0.47
DEBUG 2026-08-20 07:29:16 [action #164] t=7.13s step=628 queue=13 dmax=1.772 | shoulder_pan.pos=-46.51 shoulder_lift.pos=-36.47 elbow_flex.pos=+46.40 wrist_flex.pos=+49.35 wrist_roll.pos=-5.65 gripper.pos=+0.47
DEBUG 2026-08-20 07:29:16 [action #165] t=7.16s step=629 queue=12 dmax=1.892 | shoulder_pan.pos=-46.75 shoulder_lift.pos=-35.26 elbow_flex.pos=+44.51 wrist_flex.pos=+49.32 wrist_roll.pos=-5.64 gripper.pos=+0.54
DEBUG 2026-08-20 07:29:16 [action #166] t=7.19s step=630 queue=11 dmax=1.765 | shoulder_pan.pos=-46.86 shoulder_lift.pos=-33.49 elbow_flex.pos=+43.77 wrist_flex.pos=+49.26 wrist_roll.pos=-5.57 gripper.pos=+0.46
DEBUG 2026-08-20 07:29:16 [action #167] t=7.23s step=631 queue=10 dmax=1.521 | shoulder_pan.pos=-46.75 shoulder_lift.pos=-31.97 elbow_flex.pos=+43.16 wrist_flex.pos=+49.74 wrist_roll.pos=-5.73 gripper.pos=+0.50
DEBUG 2026-08-20 07:29:16 [action #168] t=7.26s step=632 queue=9 dmax=1.970 | shoulder_pan.pos=-46.66 shoulder_lift.pos=-30.20 elbow_flex.pos=+41.19 wrist_flex.pos=+49.74 wrist_roll.pos=-5.80 gripper.pos=+0.54
DEBUG 2026-08-20 07:29:16 [action #169] t=7.29s step=633 queue=8 dmax=1.686 | shoulder_pan.pos=-46.77 shoulder_lift.pos=-28.51 elbow_flex.pos=+40.49 wrist_flex.pos=+49.85 wrist_roll.pos=-5.85 gripper.pos=+0.47
DEBUG 2026-08-20 07:29:16 [chunk] received 50 actions, timesteps 612..661 | first: shoulder_pan.pos=-46.62 shoulder_lift.pos=-56.76 elbow_flex.pos=+59.03 wrist_flex.pos=+49.84 wrist_roll.pos=-4.04 gripper.pos=-0.08 | last: shoulder_pan.pos=-47.44 shoulder_lift.pos=+11.41 elbow_flex.pos=+9.12 wrist_flex.pos=+63.76 wrist_roll.pos=-4.37 gripper.pos=+23.32
DEBUG 2026-08-20 07:29:16 [action #170] t=7.33s step=634 queue=28 dmax=3.172 | shoulder_pan.pos=-47.05 shoulder_lift.pos=-25.34 elbow_flex.pos=+39.32 wrist_flex.pos=+49.46 wrist_roll.pos=-5.02 gripper.pos=+0.31
DEBUG 2026-08-20 07:29:16 [action #171] t=7.36s step=635 queue=27 dmax=1.150 | shoulder_pan.pos=-47.09 shoulder_lift.pos=-24.19 elbow_flex.pos=+38.28 wrist_flex.pos=+49.83 wrist_roll.pos=-5.11 gripper.pos=+0.35
DEBUG 2026-08-20 07:29:16 [action #172] t=7.39s step=636 queue=26 dmax=1.452 | shoulder_pan.pos=-47.00 shoulder_lift.pos=-22.74 elbow_flex.pos=+37.19 wrist_flex.pos=+49.92 wrist_roll.pos=-5.07 gripper.pos=+0.33
DEBUG 2026-08-20 07:29:16 [action #173] t=7.43s step=637 queue=25 dmax=1.782 | shoulder_pan.pos=-46.74 shoulder_lift.pos=-20.95 elbow_flex.pos=+36.29 wrist_flex.pos=+50.60 wrist_roll.pos=-5.14 gripper.pos=+0.45
DEBUG 2026-08-20 07:29:16 [action #174] t=7.46s step=638 queue=24 dmax=1.994 | shoulder_pan.pos=-46.83 shoulder_lift.pos=-18.96 elbow_flex.pos=+35.35 wrist_flex.pos=+51.15 wrist_roll.pos=-5.13 gripper.pos=+0.48
DEBUG 2026-08-20 07:29:16 [action #175] t=7.49s step=639 queue=23 dmax=2.023 | shoulder_pan.pos=-46.84 shoulder_lift.pos=-16.94 elbow_flex.pos=+33.76 wrist_flex.pos=+51.85 wrist_roll.pos=-5.26 gripper.pos=+0.66
DEBUG 2026-08-20 07:29:16 [action #176] t=7.53s step=640 queue=22 dmax=1.875 | shoulder_pan.pos=-46.65 shoulder_lift.pos=-15.63 elbow_flex.pos=+31.89 wrist_flex.pos=+52.51 wrist_roll.pos=-5.25 gripper.pos=+1.15
DEBUG 2026-08-20 07:29:16 [action #177] t=7.56s step=641 queue=21 dmax=3.372 | shoulder_pan.pos=-46.76 shoulder_lift.pos=-12.26 elbow_flex.pos=+30.28 wrist_flex.pos=+53.50 wrist_roll.pos=-4.99 gripper.pos=+0.42
DEBUG 2026-08-20 07:29:16 [action #178] t=7.59s step=642 queue=20 dmax=1.702 | shoulder_pan.pos=-46.66 shoulder_lift.pos=-11.07 elbow_flex.pos=+28.58 wrist_flex.pos=+54.13 wrist_roll.pos=-4.90 gripper.pos=+0.15
DEBUG 2026-08-20 07:29:16 [action #179] t=7.63s step=643 queue=19 dmax=2.106 | shoulder_pan.pos=-46.78 shoulder_lift.pos=-8.97 elbow_flex.pos=+26.83 wrist_flex.pos=+54.69 wrist_roll.pos=-4.94 gripper.pos=+0.28
DEBUG 2026-08-20 07:29:16 [action #180] t=7.66s step=644 queue=18 dmax=1.774 | shoulder_pan.pos=-46.77 shoulder_lift.pos=-7.54 elbow_flex.pos=+25.06 wrist_flex.pos=+55.54 wrist_roll.pos=-4.81 gripper.pos=+0.18
DEBUG 2026-08-20 07:29:16 [action #181] t=7.69s step=645 queue=17 dmax=1.555 | shoulder_pan.pos=-46.65 shoulder_lift.pos=-6.39 elbow_flex.pos=+23.50 wrist_flex.pos=+56.29 wrist_roll.pos=-4.70 gripper.pos=+0.24
DEBUG 2026-08-20 07:29:16 [action #182] t=7.73s step=646 queue=16 dmax=1.298 | shoulder_pan.pos=-46.21 shoulder_lift.pos=-5.10 elbow_flex.pos=+22.56 wrist_flex.pos=+57.33 wrist_roll.pos=-4.79 gripper.pos=+0.55
DEBUG 2026-08-20 07:29:16 [action #183] t=7.76s step=647 queue=15 dmax=1.617 | shoulder_pan.pos=-46.36 shoulder_lift.pos=-3.97 elbow_flex.pos=+20.95 wrist_flex.pos=+58.19 wrist_roll.pos=-4.85 gripper.pos=+0.58
DEBUG 2026-08-20 07:29:16 [action #184] t=7.79s step=648 queue=14 dmax=2.011 | shoulder_pan.pos=-46.51 shoulder_lift.pos=-1.96 elbow_flex.pos=+19.55 wrist_flex.pos=+59.05 wrist_roll.pos=-4.66 gripper.pos=+1.74
DEBUG 2026-08-20 07:29:16 [action #185] t=7.83s step=649 queue=13 dmax=2.353 | shoulder_pan.pos=-46.66 shoulder_lift.pos=-0.54 elbow_flex.pos=+17.84 wrist_flex.pos=+59.74 wrist_roll.pos=-4.80 gripper.pos=+4.09
DEBUG 2026-08-20 07:29:16 [action #186] t=7.86s step=650 queue=12 dmax=2.292 | shoulder_pan.pos=-46.83 shoulder_lift.pos=+0.17 elbow_flex.pos=+16.42 wrist_flex.pos=+60.25 wrist_roll.pos=-4.68 gripper.pos=+6.38
DEBUG 2026-08-20 07:29:16 [action #187] t=7.89s step=651 queue=11 dmax=2.733 | shoulder_pan.pos=-47.17 shoulder_lift.pos=+1.79 elbow_flex.pos=+15.62 wrist_flex.pos=+60.65 wrist_roll.pos=-4.78 gripper.pos=+9.12
DEBUG 2026-08-20 07:29:16 [action #188] t=7.93s step=652 queue=10 dmax=2.395 | shoulder_pan.pos=-47.41 shoulder_lift.pos=+2.60 elbow_flex.pos=+14.04 wrist_flex.pos=+61.01 wrist_roll.pos=-4.69 gripper.pos=+11.51
DEBUG 2026-08-20 07:29:16 [action #189] t=7.96s step=653 queue=9 dmax=2.173 | shoulder_pan.pos=-47.53 shoulder_lift.pos=+3.56 elbow_flex.pos=+13.55 wrist_flex.pos=+61.37 wrist_roll.pos=-4.73 gripper.pos=+13.68
DEBUG 2026-08-20 07:29:17 [chunk] received 50 actions, timesteps 633..682 | first: shoulder_pan.pos=-47.19 shoulder_lift.pos=-28.12 elbow_flex.pos=+40.96 wrist_flex.pos=+47.80 wrist_roll.pos=-6.05 gripper.pos=-0.26 | last: shoulder_pan.pos=-43.59 shoulder_lift.pos=+26.06 elbow_flex.pos=-2.84 wrist_flex.pos=+66.93 wrist_roll.pos=-6.08 gripper.pos=+25.94
DEBUG 2026-08-20 07:29:17 [action #190] t=8.00s step=654 queue=29 dmax=2.953 | shoulder_pan.pos=-46.18 shoulder_lift.pos=+0.61 elbow_flex.pos=+16.41 wrist_flex.pos=+60.83 wrist_roll.pos=-6.11 gripper.pos=+13.98
DEBUG 2026-08-20 07:29:17 [action #191] t=8.03s step=655 queue=28 dmax=1.693 | shoulder_pan.pos=-46.44 shoulder_lift.pos=+1.63 elbow_flex.pos=+15.89 wrist_flex.pos=+61.15 wrist_roll.pos=-6.15 gripper.pos=+15.68
DEBUG 2026-08-20 07:29:17 [action #192] t=8.06s step=656 queue=27 dmax=1.490 | shoulder_pan.pos=-46.15 shoulder_lift.pos=+2.21 elbow_flex.pos=+15.45 wrist_flex.pos=+61.67 wrist_roll.pos=-6.11 gripper.pos=+17.17
DEBUG 2026-08-20 07:29:17 [action #193] t=8.10s step=657 queue=26 dmax=1.456 | shoulder_pan.pos=-46.32 shoulder_lift.pos=+3.45 elbow_flex.pos=+15.01 wrist_flex.pos=+61.99 wrist_roll.pos=-6.11 gripper.pos=+18.62
DEBUG 2026-08-20 07:29:17 [action #194] t=8.13s step=658 queue=25 dmax=1.215 | shoulder_pan.pos=-45.90 shoulder_lift.pos=+3.88 elbow_flex.pos=+14.49 wrist_flex.pos=+62.53 wrist_roll.pos=-6.17 gripper.pos=+19.84
DEBUG 2026-08-20 07:29:17 [action #195] t=8.16s step=659 queue=24 dmax=1.377 | shoulder_pan.pos=-46.25 shoulder_lift.pos=+4.80 elbow_flex.pos=+14.06 wrist_flex.pos=+62.94 wrist_roll.pos=-6.16 gripper.pos=+21.21
DEBUG 2026-08-20 07:29:17 [action #196] t=8.20s step=660 queue=23 dmax=1.713 | shoulder_pan.pos=-46.24 shoulder_lift.pos=+6.52 elbow_flex.pos=+13.49 wrist_flex.pos=+63.32 wrist_roll.pos=-6.05 gripper.pos=+22.39
DEBUG 2026-08-20 07:29:17 [action #197] t=8.23s step=661 queue=22 dmax=0.906 | shoulder_pan.pos=-46.20 shoulder_lift.pos=+7.42 elbow_flex.pos=+12.73 wrist_flex.pos=+63.56 wrist_roll.pos=-6.03 gripper.pos=+23.28
DEBUG 2026-08-20 07:29:17 [action #198] t=8.26s step=662 queue=21 dmax=1.037 | shoulder_pan.pos=-45.41 shoulder_lift.pos=+7.33 elbow_flex.pos=+13.68 wrist_flex.pos=+63.96 wrist_roll.pos=-6.79 gripper.pos=+24.32
DEBUG 2026-08-20 07:29:17 [action #199] t=8.30s step=663 queue=20 dmax=1.307 | shoulder_pan.pos=-45.43 shoulder_lift.pos=+7.89 elbow_flex.pos=+12.37 wrist_flex.pos=+64.25 wrist_roll.pos=-6.73 gripper.pos=+24.63
DEBUG 2026-08-20 07:29:17 [action #200] t=8.33s step=664 queue=19 dmax=0.902 | shoulder_pan.pos=-45.31 shoulder_lift.pos=+8.40 elbow_flex.pos=+11.47 wrist_flex.pos=+64.55 wrist_roll.pos=-6.55 gripper.pos=+24.65
DEBUG 2026-08-20 07:29:17 [action #201] t=8.36s step=665 queue=18 dmax=1.922 | shoulder_pan.pos=-45.09 shoulder_lift.pos=+10.33 elbow_flex.pos=+10.89 wrist_flex.pos=+64.58 wrist_roll.pos=-6.43 gripper.pos=+24.55
DEBUG 2026-08-20 07:29:17 [action #202] t=8.40s step=666 queue=17 dmax=0.525 | shoulder_pan.pos=-44.98 shoulder_lift.pos=+10.32 elbow_flex.pos=+10.37 wrist_flex.pos=+64.54 wrist_roll.pos=-6.41 gripper.pos=+24.54
DEBUG 2026-08-20 07:29:17 [action #203] t=8.43s step=667 queue=16 dmax=1.625 | shoulder_pan.pos=-44.70 shoulder_lift.pos=+10.85 elbow_flex.pos=+8.74 wrist_flex.pos=+64.71 wrist_roll.pos=-6.46 gripper.pos=+24.54
DEBUG 2026-08-20 07:29:17 [action #204] t=8.46s step=668 queue=15 dmax=0.831 | shoulder_pan.pos=-44.74 shoulder_lift.pos=+11.50 elbow_flex.pos=+7.91 wrist_flex.pos=+64.57 wrist_roll.pos=-6.37 gripper.pos=+25.18
DEBUG 2026-08-20 07:29:17 [action #205] t=8.50s step=669 queue=14 dmax=1.517 | shoulder_pan.pos=-44.55 shoulder_lift.pos=+13.02 elbow_flex.pos=+7.81 wrist_flex.pos=+64.60 wrist_roll.pos=-6.42 gripper.pos=+25.81
DEBUG 2026-08-20 07:29:17 [action #206] t=8.53s step=670 queue=13 dmax=1.612 | shoulder_pan.pos=-44.43 shoulder_lift.pos=+14.63 elbow_flex.pos=+6.83 wrist_flex.pos=+64.78 wrist_roll.pos=-6.33 gripper.pos=+26.15
DEBUG 2026-08-20 07:29:17 [action #207] t=8.56s step=671 queue=12 dmax=0.445 | shoulder_pan.pos=-44.20 shoulder_lift.pos=+14.94 elbow_flex.pos=+6.39 wrist_flex.pos=+64.73 wrist_roll.pos=-6.39 gripper.pos=+26.19
DEBUG 2026-08-20 07:29:17 [action #208] t=8.60s step=672 queue=11 dmax=0.878 | shoulder_pan.pos=-44.24 shoulder_lift.pos=+15.81 elbow_flex.pos=+5.51 wrist_flex.pos=+64.88 wrist_roll.pos=-6.27 gripper.pos=+25.94
DEBUG 2026-08-20 07:29:17 [action #209] t=8.63s step=673 queue=10 dmax=1.946 | shoulder_pan.pos=-44.77 shoulder_lift.pos=+17.76 elbow_flex.pos=+4.29 wrist_flex.pos=+64.94 wrist_roll.pos=-6.39 gripper.pos=+25.83
DEBUG 2026-08-20 07:29:17 [action #210] t=8.66s step=674 queue=9 dmax=0.761 | shoulder_pan.pos=-44.01 shoulder_lift.pos=+18.02 elbow_flex.pos=+3.74 wrist_flex.pos=+65.19 wrist_roll.pos=-6.42 gripper.pos=+26.00
DEBUG 2026-08-20 07:29:17 [action #211] t=8.70s step=675 queue=8 dmax=1.353 | shoulder_pan.pos=-44.06 shoulder_lift.pos=+19.37 elbow_flex.pos=+3.08 wrist_flex.pos=+64.97 wrist_roll.pos=-6.28 gripper.pos=+25.93
DEBUG 2026-08-20 07:29:17 [chunk] received 50 actions, timesteps 653..702 | first: shoulder_pan.pos=-49.57 shoulder_lift.pos=-0.21 elbow_flex.pos=+15.50 wrist_flex.pos=+60.54 wrist_roll.pos=-4.65 gripper.pos=+10.07 | last: shoulder_pan.pos=-46.26 shoulder_lift.pos=+33.26 elbow_flex.pos=-13.44 wrist_flex.pos=+69.03 wrist_roll.pos=-3.36 gripper.pos=+22.39
DEBUG 2026-08-20 07:29:17 [action #212] t=8.73s step=676 queue=27 dmax=9.867 | shoulder_pan.pos=-46.88 shoulder_lift.pos=+9.51 elbow_flex.pos=+6.51 wrist_flex.pos=+64.85 wrist_roll.pos=-4.36 gripper.pos=+23.67
DEBUG 2026-08-20 07:29:17 [action #213] t=8.76s step=677 queue=26 dmax=0.999 | shoulder_pan.pos=-46.48 shoulder_lift.pos=+10.51 elbow_flex.pos=+6.45 wrist_flex.pos=+64.94 wrist_roll.pos=-4.33 gripper.pos=+23.66
DEBUG 2026-08-20 07:29:17 [action #214] t=8.80s step=678 queue=25 dmax=1.374 | shoulder_pan.pos=-46.60 shoulder_lift.pos=+11.88 elbow_flex.pos=+5.32 wrist_flex.pos=+65.10 wrist_roll.pos=-4.29 gripper.pos=+23.70
DEBUG 2026-08-20 07:29:17 [action #215] t=8.83s step=679 queue=24 dmax=1.215 | shoulder_pan.pos=-46.55 shoulder_lift.pos=+13.09 elbow_flex.pos=+4.37 wrist_flex.pos=+65.30 wrist_roll.pos=-4.23 gripper.pos=+23.73
DEBUG 2026-08-20 07:29:17 [action #216] t=8.86s step=680 queue=23 dmax=1.482 | shoulder_pan.pos=-46.55 shoulder_lift.pos=+14.58 elbow_flex.pos=+2.90 wrist_flex.pos=+65.71 wrist_roll.pos=-4.23 gripper.pos=+23.71
DEBUG 2026-08-20 07:29:17 [action #217] t=8.90s step=681 queue=22 dmax=1.703 | shoulder_pan.pos=-46.33 shoulder_lift.pos=+15.53 elbow_flex.pos=+1.20 wrist_flex.pos=+66.06 wrist_roll.pos=-4.33 gripper.pos=+23.67
DEBUG 2026-08-20 07:29:17 [action #218] t=8.93s step=682 queue=21 dmax=1.768 | shoulder_pan.pos=-46.46 shoulder_lift.pos=+17.30 elbow_flex.pos=+0.21 wrist_flex.pos=+66.41 wrist_roll.pos=-4.32 gripper.pos=+23.59
DEBUG 2026-08-20 07:29:17 [action #219] t=8.97s step=683 queue=20 dmax=2.206 | shoulder_pan.pos=-47.41 shoulder_lift.pos=+15.09 elbow_flex.pos=-0.23 wrist_flex.pos=+66.67 wrist_roll.pos=-3.43 gripper.pos=+22.62
DEBUG 2026-08-20 07:29:18 [action #220] t=9.00s step=684 queue=19 dmax=1.460 | shoulder_pan.pos=-47.50 shoulder_lift.pos=+16.55 elbow_flex.pos=-0.89 wrist_flex.pos=+67.07 wrist_roll.pos=-3.60 gripper.pos=+22.79
DEBUG 2026-08-20 07:29:18 [action #221] t=9.03s step=685 queue=18 dmax=1.471 | shoulder_pan.pos=-47.50 shoulder_lift.pos=+18.02 elbow_flex.pos=-1.61 wrist_flex.pos=+67.19 wrist_roll.pos=-3.53 gripper.pos=+22.77
DEBUG 2026-08-20 07:29:18 [action #222] t=9.07s step=686 queue=17 dmax=1.733 | shoulder_pan.pos=-47.14 shoulder_lift.pos=+19.75 elbow_flex.pos=-2.87 wrist_flex.pos=+67.10 wrist_roll.pos=-3.45 gripper.pos=+23.27
DEBUG 2026-08-20 07:29:18 [action #223] t=9.10s step=687 queue=16 dmax=0.870 | shoulder_pan.pos=-47.14 shoulder_lift.pos=+20.62 elbow_flex.pos=-3.66 wrist_flex.pos=+67.53 wrist_roll.pos=-3.37 gripper.pos=+23.45
DEBUG 2026-08-20 07:29:18 [action #224] t=9.13s step=688 queue=15 dmax=1.027 | shoulder_pan.pos=-47.21 shoulder_lift.pos=+21.52 elbow_flex.pos=-4.38 wrist_flex.pos=+67.67 wrist_roll.pos=-3.50 gripper.pos=+24.48
DEBUG 2026-08-20 07:29:18 [action #225] t=9.17s step=689 queue=14 dmax=1.145 | shoulder_pan.pos=-47.09 shoulder_lift.pos=+22.51 elbow_flex.pos=-5.52 wrist_flex.pos=+67.84 wrist_roll.pos=-3.41 gripper.pos=+24.95
DEBUG 2026-08-20 07:29:18 [action #226] t=9.20s step=690 queue=13 dmax=2.106 | shoulder_pan.pos=-46.93 shoulder_lift.pos=+24.61 elbow_flex.pos=-5.85 wrist_flex.pos=+68.18 wrist_roll.pos=-3.51 gripper.pos=+25.43
DEBUG 2026-08-20 07:29:18 [action #227] t=9.23s step=691 queue=12 dmax=1.726 | shoulder_pan.pos=-46.56 shoulder_lift.pos=+25.44 elbow_flex.pos=-7.58 wrist_flex.pos=+68.33 wrist_roll.pos=-3.51 gripper.pos=+25.82
DEBUG 2026-08-20 07:29:18 [action #228] t=9.27s step=692 queue=11 dmax=1.163 | shoulder_pan.pos=-46.78 shoulder_lift.pos=+26.60 elbow_flex.pos=-8.48 wrist_flex.pos=+68.48 wrist_roll.pos=-3.51 gripper.pos=+25.86
DEBUG 2026-08-20 07:29:18 [action #229] t=9.30s step=693 queue=10 dmax=1.491 | shoulder_pan.pos=-46.48 shoulder_lift.pos=+28.09 elbow_flex.pos=-9.59 wrist_flex.pos=+68.59 wrist_roll.pos=-3.63 gripper.pos=+26.29
DEBUG 2026-08-20 07:29:18 [action #230] t=9.33s step=694 queue=9 dmax=0.797 | shoulder_pan.pos=-46.40 shoulder_lift.pos=+28.78 elbow_flex.pos=-10.39 wrist_flex.pos=+68.80 wrist_roll.pos=-3.46 gripper.pos=+25.81
DEBUG 2026-08-20 07:29:18 [action #231] t=9.37s step=695 queue=8 dmax=0.504 | shoulder_pan.pos=-46.15 shoulder_lift.pos=+29.21 elbow_flex.pos=-10.89 wrist_flex.pos=+68.63 wrist_roll.pos=-3.53 gripper.pos=+25.67
DEBUG 2026-08-20 07:29:18 [chunk] received 50 actions, timesteps 675..724 | first: shoulder_pan.pos=-43.47 shoulder_lift.pos=+16.71 elbow_flex.pos=+0.51 wrist_flex.pos=+64.83 wrist_roll.pos=-6.08 gripper.pos=+25.26 | last: shoulder_pan.pos=-42.86 shoulder_lift.pos=+39.22 elbow_flex.pos=-32.08 wrist_flex.pos=+83.37 wrist_roll.pos=-8.16 gripper.pos=+4.98
DEBUG 2026-08-20 07:29:18 [action #232] t=9.40s step=696 queue=29 dmax=9.215 | shoulder_pan.pos=-43.95 shoulder_lift.pos=+36.09 elbow_flex.pos=-20.11 wrist_flex.pos=+72.51 wrist_roll.pos=-5.80 gripper.pos=+25.03
DEBUG 2026-08-20 07:29:18 [action #233] t=9.43s step=697 queue=28 dmax=0.816 | shoulder_pan.pos=-44.12 shoulder_lift.pos=+36.89 elbow_flex.pos=-20.68 wrist_flex.pos=+72.52 wrist_roll.pos=-5.87 gripper.pos=+24.21
DEBUG 2026-08-20 07:29:18 [action #234] t=9.47s step=698 queue=27 dmax=1.503 | shoulder_pan.pos=-44.00 shoulder_lift.pos=+37.44 elbow_flex.pos=-20.27 wrist_flex.pos=+72.61 wrist_roll.pos=-5.89 gripper.pos=+22.71
DEBUG 2026-08-20 07:29:18 [action #235] t=9.50s step=699 queue=26 dmax=2.063 | shoulder_pan.pos=-44.06 shoulder_lift.pos=+37.71 elbow_flex.pos=-20.86 wrist_flex.pos=+72.54 wrist_roll.pos=-5.84 gripper.pos=+20.65
DEBUG 2026-08-20 07:29:18 [action #236] t=9.53s step=700 queue=25 dmax=2.086 | shoulder_pan.pos=-44.16 shoulder_lift.pos=+37.67 elbow_flex.pos=-21.06 wrist_flex.pos=+72.47 wrist_roll.pos=-5.81 gripper.pos=+18.56
DEBUG 2026-08-20 07:29:18 [action #237] t=9.57s step=701 queue=24 dmax=1.824 | shoulder_pan.pos=-44.01 shoulder_lift.pos=+38.06 elbow_flex.pos=-21.03 wrist_flex.pos=+72.25 wrist_roll.pos=-5.76 gripper.pos=+16.74
DEBUG 2026-08-20 07:29:18 [action #238] t=9.60s step=702 queue=23 dmax=2.322 | shoulder_pan.pos=-44.19 shoulder_lift.pos=+38.19 elbow_flex.pos=-20.92 wrist_flex.pos=+72.28 wrist_roll.pos=-5.76 gripper.pos=+14.42
DEBUG 2026-08-20 07:29:18 [action #239] t=9.63s step=703 queue=22 dmax=4.986 | shoulder_pan.pos=-43.32 shoulder_lift.pos=+39.76 elbow_flex.pos=-23.61 wrist_flex.pos=+73.68 wrist_roll.pos=-6.81 gripper.pos=+9.43
DEBUG 2026-08-20 07:29:18 [action #240] t=9.67s step=704 queue=21 dmax=1.131 | shoulder_pan.pos=-43.00 shoulder_lift.pos=+39.59 elbow_flex.pos=-23.31 wrist_flex.pos=+73.55 wrist_roll.pos=-6.82 gripper.pos=+8.30
DEBUG 2026-08-20 07:29:18 [action #241] t=9.70s step=705 queue=20 dmax=0.679 | shoulder_pan.pos=-42.98 shoulder_lift.pos=+39.45 elbow_flex.pos=-23.26 wrist_flex.pos=+73.49 wrist_roll.pos=-6.81 gripper.pos=+7.62
DEBUG 2026-08-20 07:29:18 [action #242] t=9.73s step=706 queue=19 dmax=0.183 | shoulder_pan.pos=-43.05 shoulder_lift.pos=+39.33 elbow_flex.pos=-23.29 wrist_flex.pos=+73.58 wrist_roll.pos=-6.86 gripper.pos=+7.44
DEBUG 2026-08-20 07:29:18 [action #243] t=9.77s step=707 queue=18 dmax=0.335 | shoulder_pan.pos=-43.21 shoulder_lift.pos=+39.42 elbow_flex.pos=-23.25 wrist_flex.pos=+73.91 wrist_roll.pos=-6.84 gripper.pos=+7.53
DEBUG 2026-08-20 07:29:18 [action #244] t=9.80s step=708 queue=17 dmax=0.312 | shoulder_pan.pos=-43.33 shoulder_lift.pos=+39.27 elbow_flex.pos=-23.56 wrist_flex.pos=+73.77 wrist_roll.pos=-6.99 gripper.pos=+7.57
DEBUG 2026-08-20 07:29:18 [action #245] t=9.83s step=709 queue=16 dmax=0.391 | shoulder_pan.pos=-43.28 shoulder_lift.pos=+38.88 elbow_flex.pos=-23.50 wrist_flex.pos=+74.11 wrist_roll.pos=-7.02 gripper.pos=+7.26
DEBUG 2026-08-20 07:29:18 [action #246] t=9.87s step=710 queue=15 dmax=0.453 | shoulder_pan.pos=-42.90 shoulder_lift.pos=+38.66 elbow_flex.pos=-23.79 wrist_flex.pos=+74.44 wrist_roll.pos=-6.95 gripper.pos=+6.81
DEBUG 2026-08-20 07:29:18 [action #247] t=9.90s step=711 queue=14 dmax=0.478 | shoulder_pan.pos=-43.05 shoulder_lift.pos=+38.65 elbow_flex.pos=-24.27 wrist_flex.pos=+74.71 wrist_roll.pos=-7.06 gripper.pos=+6.47
DEBUG 2026-08-20 07:29:18 [action #248] t=9.94s step=712 queue=13 dmax=0.365 | shoulder_pan.pos=-42.81 shoulder_lift.pos=+38.48 elbow_flex.pos=-24.01 wrist_flex.pos=+75.08 wrist_roll.pos=-7.18 gripper.pos=+6.26
DEBUG 2026-08-20 07:29:18 [action #249] t=9.97s step=713 queue=12 dmax=0.728 | shoulder_pan.pos=-43.22 shoulder_lift.pos=+38.24 elbow_flex.pos=-24.74 wrist_flex.pos=+75.55 wrist_roll.pos=-7.29 gripper.pos=+6.02
DEBUG 2026-08-20 07:29:19 [action #250] t=10.00s step=714 queue=11 dmax=0.749 | shoulder_pan.pos=-42.91 shoulder_lift.pos=+38.85 elbow_flex.pos=-25.49 wrist_flex.pos=+75.88 wrist_roll.pos=-7.34 gripper.pos=+5.74
DEBUG 2026-08-20 07:29:19 [action #251] t=10.04s step=715 queue=10 dmax=0.900 | shoulder_pan.pos=-42.86 shoulder_lift.pos=+38.45 elbow_flex.pos=-26.11 wrist_flex.pos=+76.78 wrist_roll.pos=-7.40 gripper.pos=+5.29
DEBUG 2026-08-20 07:29:19 [chunk] received 50 actions, timesteps 695..744 | first: shoulder_pan.pos=-43.67 shoulder_lift.pos=+28.70 elbow_flex.pos=-10.16 wrist_flex.pos=+69.44 wrist_roll.pos=-3.96 gripper.pos=+23.57 | last: shoulder_pan.pos=-40.03 shoulder_lift.pos=+11.91 elbow_flex.pos=-32.58 wrist_flex.pos=+96.09 wrist_roll.pos=-8.11 gripper.pos=+5.12
DEBUG 2026-08-20 07:29:19 [action #252] t=10.07s step=716 queue=29 dmax=4.025 | shoulder_pan.pos=-44.56 shoulder_lift.pos=+34.42 elbow_flex.pos=-24.86 wrist_flex.pos=+78.17 wrist_roll.pos=-6.41 gripper.pos=+5.76
DEBUG 2026-08-20 07:29:19 [action #253] t=10.10s step=717 queue=28 dmax=0.624 | shoulder_pan.pos=-44.47 shoulder_lift.pos=+34.15 elbow_flex.pos=-25.24 wrist_flex.pos=+78.80 wrist_roll.pos=-6.48 gripper.pos=+5.70
DEBUG 2026-08-20 07:29:19 [action #254] t=10.14s step=718 queue=27 dmax=1.003 | shoulder_pan.pos=-44.77 shoulder_lift.pos=+34.04 elbow_flex.pos=-26.24 wrist_flex.pos=+79.50 wrist_roll.pos=-6.69 gripper.pos=+5.56
DEBUG 2026-08-20 07:29:19 [action #255] t=10.17s step=719 queue=26 dmax=0.845 | shoulder_pan.pos=-44.67 shoulder_lift.pos=+34.06 elbow_flex.pos=-27.09 wrist_flex.pos=+80.12 wrist_roll.pos=-6.76 gripper.pos=+5.46
DEBUG 2026-08-20 07:29:19 [action #256] t=10.20s step=720 queue=25 dmax=0.626 | shoulder_pan.pos=-44.85 shoulder_lift.pos=+34.20 elbow_flex.pos=-27.17 wrist_flex.pos=+80.74 wrist_roll.pos=-6.99 gripper.pos=+5.46
DEBUG 2026-08-20 07:29:19 [action #257] t=10.24s step=721 queue=24 dmax=0.627 | shoulder_pan.pos=-44.90 shoulder_lift.pos=+33.99 elbow_flex.pos=-27.73 wrist_flex.pos=+81.37 wrist_roll.pos=-7.22 gripper.pos=+5.31
DEBUG 2026-08-20 07:29:19 [action #258] t=10.27s step=722 queue=23 dmax=0.615 | shoulder_pan.pos=-45.01 shoulder_lift.pos=+33.62 elbow_flex.pos=-28.34 wrist_flex.pos=+81.99 wrist_roll.pos=-7.29 gripper.pos=+5.17
DEBUG 2026-08-20 07:29:19 [action #259] t=10.30s step=723 queue=22 dmax=0.809 | shoulder_pan.pos=-45.00 shoulder_lift.pos=+33.41 elbow_flex.pos=-29.12 wrist_flex.pos=+82.79 wrist_roll.pos=-7.38 gripper.pos=+4.94
DEBUG 2026-08-20 07:29:19 [action #260] t=10.34s step=724 queue=21 dmax=0.709 | shoulder_pan.pos=-45.13 shoulder_lift.pos=+33.48 elbow_flex.pos=-29.83 wrist_flex.pos=+83.48 wrist_roll.pos=-7.51 gripper.pos=+4.74
DEBUG 2026-08-20 07:29:19 [action #261] t=10.37s step=725 queue=20 dmax=3.312 | shoulder_pan.pos=-46.14 shoulder_lift.pos=+30.17 elbow_flex.pos=-28.80 wrist_flex.pos=+84.49 wrist_roll.pos=-7.17 gripper.pos=+4.41
DEBUG 2026-08-20 07:29:19 [action #262] t=10.40s step=726 queue=19 dmax=0.863 | shoulder_pan.pos=-46.04 shoulder_lift.pos=+29.31 elbow_flex.pos=-29.63 wrist_flex.pos=+85.25 wrist_roll.pos=-7.19 gripper.pos=+4.66
DEBUG 2026-08-20 07:29:19 [action #263] t=10.44s step=727 queue=18 dmax=0.923 | shoulder_pan.pos=-46.25 shoulder_lift.pos=+28.95 elbow_flex.pos=-30.29 wrist_flex.pos=+86.17 wrist_roll.pos=-7.38 gripper.pos=+4.79
DEBUG 2026-08-20 07:29:19 [action #264] t=10.47s step=728 queue=17 dmax=0.899 | shoulder_pan.pos=-46.23 shoulder_lift.pos=+28.41 elbow_flex.pos=-30.75 wrist_flex.pos=+87.07 wrist_roll.pos=-7.48 gripper.pos=+4.91
DEBUG 2026-08-20 07:29:19 [action #265] t=10.50s step=729 queue=16 dmax=0.926 | shoulder_pan.pos=-46.17 shoulder_lift.pos=+28.09 elbow_flex.pos=-31.36 wrist_flex.pos=+87.99 wrist_roll.pos=-7.62 gripper.pos=+5.01
DEBUG 2026-08-20 07:29:19 [action #266] t=10.54s step=730 queue=15 dmax=1.593 | shoulder_pan.pos=-46.19 shoulder_lift.pos=+26.49 elbow_flex.pos=-31.81 wrist_flex.pos=+88.98 wrist_roll.pos=-7.74 gripper.pos=+4.94
DEBUG 2026-08-20 07:29:19 [action #267] t=10.57s step=731 queue=14 dmax=0.790 | shoulder_pan.pos=-46.19 shoulder_lift.pos=+25.79 elbow_flex.pos=-32.45 wrist_flex.pos=+89.77 wrist_roll.pos=-7.82 gripper.pos=+4.92
DEBUG 2026-08-20 07:29:19 [action #268] t=10.60s step=732 queue=13 dmax=1.059 | shoulder_pan.pos=-46.17 shoulder_lift.pos=+24.73 elbow_flex.pos=-32.88 wrist_flex.pos=+90.61 wrist_roll.pos=-7.96 gripper.pos=+4.83
DEBUG 2026-08-20 07:29:19 [action #269] t=10.64s step=733 queue=12 dmax=0.793 | shoulder_pan.pos=-45.48 shoulder_lift.pos=+23.94 elbow_flex.pos=-33.10 wrist_flex.pos=+91.27 wrist_roll.pos=-8.06 gripper.pos=+5.00
DEBUG 2026-08-20 07:29:19 [action #270] t=10.67s step=734 queue=11 dmax=1.547 | shoulder_pan.pos=-45.50 shoulder_lift.pos=+22.39 elbow_flex.pos=-33.17 wrist_flex.pos=+91.97 wrist_roll.pos=-8.22 gripper.pos=+4.97
DEBUG 2026-08-20 07:29:19 [action #271] t=10.70s step=735 queue=10 dmax=0.821 | shoulder_pan.pos=-45.61 shoulder_lift.pos=+21.57 elbow_flex.pos=-33.51 wrist_flex.pos=+92.66 wrist_roll.pos=-8.50 gripper.pos=+4.95
DEBUG 2026-08-20 07:29:19 [action #272] t=10.74s step=736 queue=9 dmax=1.153 | shoulder_pan.pos=-45.14 shoulder_lift.pos=+20.42 elbow_flex.pos=-34.09 wrist_flex.pos=+93.19 wrist_roll.pos=-8.27 gripper.pos=+4.86
DEBUG 2026-08-20 07:29:19 [action #273] t=10.77s step=737 queue=8 dmax=1.139 | shoulder_pan.pos=-44.89 shoulder_lift.pos=+19.28 elbow_flex.pos=-34.07 wrist_flex.pos=+93.38 wrist_roll.pos=-8.44 gripper.pos=+5.02
DEBUG 2026-08-20 07:29:19 [action #274] t=10.80s step=738 queue=7 dmax=0.988 | shoulder_pan.pos=-44.69 shoulder_lift.pos=+18.29 elbow_flex.pos=-33.20 wrist_flex.pos=+94.04 wrist_roll.pos=-8.37 gripper.pos=+4.93
DEBUG 2026-08-20 07:29:19 [chunk] received 50 actions, timesteps 715..764 | first: shoulder_pan.pos=-45.46 shoulder_lift.pos=+37.07 elbow_flex.pos=-25.76 wrist_flex.pos=+75.71 wrist_roll.pos=-7.34 gripper.pos=+4.14 | last: shoulder_pan.pos=-35.29 shoulder_lift.pos=+18.07 elbow_flex.pos=-45.27 wrist_flex.pos=+102.05 wrist_roll.pos=-9.97 gripper.pos=+4.54
DEBUG 2026-08-20 07:29:19 [action #275] t=10.84s step=739 queue=26 dmax=12.170 | shoulder_pan.pos=-44.49 shoulder_lift.pos=+30.46 elbow_flex.pos=-43.72 wrist_flex.pos=+95.49 wrist_roll.pos=-9.03 gripper.pos=+4.52
DEBUG 2026-08-20 07:29:19 [action #276] t=10.87s step=740 queue=25 dmax=0.792 | shoulder_pan.pos=-44.57 shoulder_lift.pos=+29.67 elbow_flex.pos=-44.23 wrist_flex.pos=+96.22 wrist_roll.pos=-9.14 gripper.pos=+4.56
DEBUG 2026-08-20 07:29:19 [action #277] t=10.91s step=741 queue=24 dmax=1.165 | shoulder_pan.pos=-44.46 shoulder_lift.pos=+28.51 elbow_flex.pos=-44.16 wrist_flex.pos=+96.93 wrist_roll.pos=-9.22 gripper.pos=+4.54
DEBUG 2026-08-20 07:29:19 [action #278] t=10.94s step=742 queue=23 dmax=0.943 | shoulder_pan.pos=-44.13 shoulder_lift.pos=+27.56 elbow_flex.pos=-44.30 wrist_flex.pos=+97.59 wrist_roll.pos=-9.18 gripper.pos=+4.58
DEBUG 2026-08-20 07:29:19 [action #279] t=10.97s step=743 queue=22 dmax=0.822 | shoulder_pan.pos=-43.51 shoulder_lift.pos=+26.74 elbow_flex.pos=-44.79 wrist_flex.pos=+98.06 wrist_roll.pos=-9.14 gripper.pos=+4.63
DEBUG 2026-08-20 07:29:20 [action #280] t=11.01s step=744 queue=21 dmax=1.077 | shoulder_pan.pos=-43.38 shoulder_lift.pos=+25.66 elbow_flex.pos=-44.53 wrist_flex.pos=+98.52 wrist_roll.pos=-9.14 gripper.pos=+4.56
DEBUG 2026-08-20 07:29:20 [action #281] t=11.04s step=745 queue=20 dmax=5.643 | shoulder_pan.pos=-44.70 shoulder_lift.pos=+31.31 elbow_flex.pos=-48.66 wrist_flex.pos=+99.59 wrist_roll.pos=-9.71 gripper.pos=+4.40
DEBUG 2026-08-20 07:29:20 [action #282] t=11.07s step=746 queue=19 dmax=0.886 | shoulder_pan.pos=-44.56 shoulder_lift.pos=+30.42 elbow_flex.pos=-48.23 wrist_flex.pos=+99.74 wrist_roll.pos=-9.70 gripper.pos=+4.43
DEBUG 2026-08-20 07:29:20 [action #283] t=11.11s step=747 queue=18 dmax=0.704 | shoulder_pan.pos=-44.40 shoulder_lift.pos=+29.72 elbow_flex.pos=-48.59 wrist_flex.pos=+100.11 wrist_roll.pos=-9.79 gripper.pos=+4.39
DEBUG 2026-08-20 07:29:20 [action #284] t=11.14s step=748 queue=17 dmax=0.525 | shoulder_pan.pos=-44.23 shoulder_lift.pos=+29.19 elbow_flex.pos=-48.88 wrist_flex.pos=+100.15 wrist_roll.pos=-9.86 gripper.pos=+4.47
DEBUG 2026-08-20 07:29:20 [action #285] t=11.17s step=749 queue=16 dmax=0.554 | shoulder_pan.pos=-44.23 shoulder_lift.pos=+28.64 elbow_flex.pos=-48.60 wrist_flex.pos=+100.24 wrist_roll.pos=-9.74 gripper.pos=+4.29
DEBUG 2026-08-20 07:29:20 [action #286] t=11.21s step=750 queue=15 dmax=0.845 | shoulder_pan.pos=-44.32 shoulder_lift.pos=+27.79 elbow_flex.pos=-48.06 wrist_flex.pos=+100.47 wrist_roll.pos=-9.86 gripper.pos=+4.44
DEBUG 2026-08-20 07:29:20 [action #287] t=11.24s step=751 queue=14 dmax=0.516 | shoulder_pan.pos=-43.81 shoulder_lift.pos=+27.75 elbow_flex.pos=-48.15 wrist_flex.pos=+100.73 wrist_roll.pos=-10.14 gripper.pos=+4.55
DEBUG 2026-08-20 07:29:20 [action #288] t=11.27s step=752 queue=13 dmax=0.380 | shoulder_pan.pos=-43.45 shoulder_lift.pos=+28.13 elbow_flex.pos=-48.42 wrist_flex.pos=+100.76 wrist_roll.pos=-10.02 gripper.pos=+4.52
DEBUG 2026-08-20 07:29:20 [action #289] t=11.31s step=753 queue=12 dmax=1.346 | shoulder_pan.pos=-43.23 shoulder_lift.pos=+26.79 elbow_flex.pos=-48.59 wrist_flex.pos=+101.08 wrist_roll.pos=-10.02 gripper.pos=+4.46
DEBUG 2026-08-20 07:29:20 [action #290] t=11.34s step=754 queue=11 dmax=0.558 | shoulder_pan.pos=-42.68 shoulder_lift.pos=+26.49 elbow_flex.pos=-49.00 wrist_flex.pos=+101.09 wrist_roll.pos=-10.03 gripper.pos=+4.47
DEBUG 2026-08-20 07:29:20 [action #291] t=11.37s step=755 queue=10 dmax=0.177 | shoulder_pan.pos=-42.67 shoulder_lift.pos=+26.42 elbow_flex.pos=-49.10 wrist_flex.pos=+101.27 wrist_roll.pos=-10.10 gripper.pos=+4.44
DEBUG 2026-08-20 07:29:20 [action #292] t=11.41s step=756 queue=9 dmax=0.848 | shoulder_pan.pos=-42.29 shoulder_lift.pos=+25.62 elbow_flex.pos=-48.25 wrist_flex.pos=+101.52 wrist_roll.pos=-10.29 gripper.pos=+4.61
DEBUG 2026-08-20 07:29:20 [action #293] t=11.44s step=757 queue=8 dmax=0.588 | shoulder_pan.pos=-41.70 shoulder_lift.pos=+25.22 elbow_flex.pos=-47.96 wrist_flex.pos=+101.44 wrist_roll.pos=-10.15 gripper.pos=+4.42
DEBUG 2026-08-20 07:29:20 [action #294] t=11.47s step=758 queue=7 dmax=1.520 | shoulder_pan.pos=-41.35 shoulder_lift.pos=+23.70 elbow_flex.pos=-47.19 wrist_flex.pos=+101.73 wrist_roll.pos=-10.13 gripper.pos=+4.50
DEBUG 2026-08-20 07:29:20 [action #295] t=11.51s step=759 queue=6 dmax=1.116 | shoulder_pan.pos=-40.23 shoulder_lift.pos=+23.37 elbow_flex.pos=-47.12 wrist_flex.pos=+101.64 wrist_roll.pos=-10.15 gripper.pos=+4.50
DEBUG 2026-08-20 07:29:20 [chunk] received 50 actions, timesteps 738..787 | first: shoulder_pan.pos=-48.30 shoulder_lift.pos=+21.27 elbow_flex.pos=-36.13 wrist_flex.pos=+97.76 wrist_roll.pos=-8.33 gripper.pos=+4.21 | last: shoulder_pan.pos=+2.67 shoulder_lift.pos=+5.87 elbow_flex.pos=-34.34 wrist_flex.pos=+94.16 wrist_roll.pos=-4.26 gripper.pos=+5.39
DEBUG 2026-08-20 07:29:20 [action #296] t=11.54s step=760 queue=28 dmax=9.609 | shoulder_pan.pos=-30.62 shoulder_lift.pos=+16.15 elbow_flex.pos=-47.14 wrist_flex.pos=+101.60 wrist_roll.pos=-7.50 gripper.pos=+5.00
DEBUG 2026-08-20 07:29:20 [action #297] t=11.57s step=761 queue=27 dmax=1.057 | shoulder_pan.pos=-29.56 shoulder_lift.pos=+15.82 elbow_flex.pos=-46.56 wrist_flex.pos=+101.48 wrist_roll.pos=-7.54 gripper.pos=+5.02
DEBUG 2026-08-20 07:29:20 [action #298] t=11.61s step=762 queue=26 dmax=1.270 | shoulder_pan.pos=-28.29 shoulder_lift.pos=+15.08 elbow_flex.pos=-46.52 wrist_flex.pos=+101.57 wrist_roll.pos=-7.47 gripper.pos=+5.00
DEBUG 2026-08-20 07:29:20 [action #299] t=11.64s step=763 queue=25 dmax=0.835 | shoulder_pan.pos=-27.46 shoulder_lift.pos=+15.23 elbow_flex.pos=-46.11 wrist_flex.pos=+101.68 wrist_roll.pos=-7.39 gripper.pos=+5.03
DEBUG 2026-08-20 07:29:20 [action #300] t=11.67s step=764 queue=24 dmax=1.488 | shoulder_pan.pos=-25.97 shoulder_lift.pos=+14.55 elbow_flex.pos=-46.04 wrist_flex.pos=+101.69 wrist_roll.pos=-7.35 gripper.pos=+4.96
DEBUG 2026-08-20 07:29:20 [action #301] t=11.71s step=765 queue=23 dmax=4.883 | shoulder_pan.pos=-21.09 shoulder_lift.pos=+12.54 elbow_flex.pos=-45.75 wrist_flex.pos=+101.52 wrist_roll.pos=-6.10 gripper.pos=+5.23
DEBUG 2026-08-20 07:29:20 [action #302] t=11.74s step=766 queue=22 dmax=1.071 | shoulder_pan.pos=-20.02 shoulder_lift.pos=+12.40 elbow_flex.pos=-45.44 wrist_flex.pos=+101.48 wrist_roll.pos=-6.08 gripper.pos=+5.40
DEBUG 2026-08-20 07:29:20 [action #303] t=11.77s step=767 queue=21 dmax=1.017 | shoulder_pan.pos=-19.00 shoulder_lift.pos=+12.33 elbow_flex.pos=-44.80 wrist_flex.pos=+101.49 wrist_roll.pos=-6.06 gripper.pos=+5.29
DEBUG 2026-08-20 07:29:20 [action #304] t=11.81s step=768 queue=20 dmax=1.100 | shoulder_pan.pos=-17.90 shoulder_lift.pos=+11.72 elbow_flex.pos=-44.80 wrist_flex.pos=+101.63 wrist_roll.pos=-5.98 gripper.pos=+5.41
DEBUG 2026-08-20 07:29:20 [action #305] t=11.84s step=769 queue=19 dmax=1.046 | shoulder_pan.pos=-16.85 shoulder_lift.pos=+11.55 elbow_flex.pos=-44.29 wrist_flex.pos=+101.44 wrist_roll.pos=-5.75 gripper.pos=+5.30
DEBUG 2026-08-20 07:29:20 [action #306] t=11.87s step=770 queue=18 dmax=1.180 | shoulder_pan.pos=-15.67 shoulder_lift.pos=+11.09 elbow_flex.pos=-44.04 wrist_flex.pos=+101.31 wrist_roll.pos=-5.65 gripper.pos=+5.39
DEBUG 2026-08-20 07:29:20 [action #307] t=11.91s step=771 queue=17 dmax=0.912 | shoulder_pan.pos=-14.76 shoulder_lift.pos=+10.49 elbow_flex.pos=-43.30 wrist_flex.pos=+101.27 wrist_roll.pos=-5.45 gripper.pos=+5.44
DEBUG 2026-08-20 07:29:20 [action #308] t=11.94s step=772 queue=16 dmax=0.877 | shoulder_pan.pos=-13.89 shoulder_lift.pos=+9.87 elbow_flex.pos=-42.94 wrist_flex.pos=+101.22 wrist_roll.pos=-5.26 gripper.pos=+5.46
DEBUG 2026-08-20 07:29:20 [action #309] t=11.98s step=773 queue=15 dmax=1.081 | shoulder_pan.pos=-12.80 shoulder_lift.pos=+9.45 elbow_flex.pos=-42.53 wrist_flex.pos=+101.14 wrist_roll.pos=-5.17 gripper.pos=+5.50
DEBUG 2026-08-20 07:29:21 [action #310] t=12.01s step=774 queue=14 dmax=0.730 | shoulder_pan.pos=-12.07 shoulder_lift.pos=+9.19 elbow_flex.pos=-41.90 wrist_flex.pos=+101.04 wrist_roll.pos=-5.04 gripper.pos=+5.51
DEBUG 2026-08-20 07:29:21 [action #311] t=12.04s step=775 queue=13 dmax=1.230 | shoulder_pan.pos=-10.84 shoulder_lift.pos=+8.90 elbow_flex.pos=-42.05 wrist_flex.pos=+100.96 wrist_roll.pos=-4.97 gripper.pos=+5.49
DEBUG 2026-08-20 07:29:21 [action #312] t=12.08s step=776 queue=12 dmax=1.001 | shoulder_pan.pos=-9.84 shoulder_lift.pos=+8.40 elbow_flex.pos=-41.75 wrist_flex.pos=+100.94 wrist_roll.pos=-4.85 gripper.pos=+5.64
DEBUG 2026-08-20 07:29:21 [action #313] t=12.11s step=777 queue=11 dmax=0.989 | shoulder_pan.pos=-8.85 shoulder_lift.pos=+8.29 elbow_flex.pos=-41.13 wrist_flex.pos=+100.73 wrist_roll.pos=-4.76 gripper.pos=+5.45
DEBUG 2026-08-20 07:29:21 [action #314] t=12.14s step=778 queue=10 dmax=1.007 | shoulder_pan.pos=-7.85 shoulder_lift.pos=+8.15 elbow_flex.pos=-40.65 wrist_flex.pos=+100.39 wrist_roll.pos=-4.56 gripper.pos=+5.55
DEBUG 2026-08-20 07:29:21 [action #315] t=12.18s step=779 queue=9 dmax=1.130 | shoulder_pan.pos=-6.72 shoulder_lift.pos=+7.82 elbow_flex.pos=-39.84 wrist_flex.pos=+100.17 wrist_roll.pos=-4.42 gripper.pos=+5.64
DEBUG 2026-08-20 07:29:21 [action #316] t=12.21s step=780 queue=8 dmax=1.251 | shoulder_pan.pos=-5.47 shoulder_lift.pos=+7.61 elbow_flex.pos=-39.36 wrist_flex.pos=+99.61 wrist_roll.pos=-4.45 gripper.pos=+5.53
DEBUG 2026-08-20 07:29:21 [action #317] t=12.24s step=781 queue=7 dmax=1.040 | shoulder_pan.pos=-4.43 shoulder_lift.pos=+7.13 elbow_flex.pos=-38.66 wrist_flex.pos=+99.07 wrist_roll.pos=-4.44 gripper.pos=+5.67
DEBUG 2026-08-20 07:29:21 [action #318] t=12.28s step=782 queue=6 dmax=1.634 | shoulder_pan.pos=-2.79 shoulder_lift.pos=+7.17 elbow_flex.pos=-38.02 wrist_flex.pos=+98.11 wrist_roll.pos=-4.42 gripper.pos=+5.59
DEBUG 2026-08-20 07:29:21 [chunk] received 50 actions, timesteps 759..808 | first: shoulder_pan.pos=-43.43 shoulder_lift.pos=+28.22 elbow_flex.pos=-49.42 wrist_flex.pos=+99.56 wrist_roll.pos=-10.11 gripper.pos=+4.95 | last: shoulder_pan.pos=+7.19 shoulder_lift.pos=+12.41 elbow_flex.pos=-44.77 wrist_flex.pos=+96.18 wrist_roll.pos=-6.88 gripper.pos=+5.98
DEBUG 2026-08-20 07:29:21 [action #319] t=12.31s step=783 queue=26 dmax=15.206 | shoulder_pan.pos=-18.00 shoulder_lift.pos=+12.70 elbow_flex.pos=-45.80 wrist_flex.pos=+99.77 wrist_roll.pos=-6.92 gripper.pos=+5.73
DEBUG 2026-08-20 07:29:21 [action #320] t=12.34s step=784 queue=25 dmax=1.447 | shoulder_pan.pos=-16.55 shoulder_lift.pos=+11.94 elbow_flex.pos=-45.75 wrist_flex.pos=+99.65 wrist_roll.pos=-6.84 gripper.pos=+5.74
DEBUG 2026-08-20 07:29:21 [action #321] t=12.38s step=785 queue=24 dmax=1.229 | shoulder_pan.pos=-15.32 shoulder_lift.pos=+12.04 elbow_flex.pos=-45.88 wrist_flex.pos=+99.26 wrist_roll.pos=-6.89 gripper.pos=+5.74
DEBUG 2026-08-20 07:29:21 [action #322] t=12.41s step=786 queue=23 dmax=1.352 | shoulder_pan.pos=-13.97 shoulder_lift.pos=+11.19 elbow_flex.pos=-45.41 wrist_flex.pos=+99.22 wrist_roll.pos=-6.71 gripper.pos=+5.80
DEBUG 2026-08-20 07:29:21 [action #323] t=12.44s step=787 queue=22 dmax=1.289 | shoulder_pan.pos=-12.68 shoulder_lift.pos=+11.32 elbow_flex.pos=-45.84 wrist_flex.pos=+98.76 wrist_roll.pos=-6.79 gripper.pos=+5.67
DEBUG 2026-08-20 07:29:21 [action #324] t=12.48s step=788 queue=21 dmax=5.158 | shoulder_pan.pos=-17.84 shoulder_lift.pos=+13.43 elbow_flex.pos=-50.34 wrist_flex.pos=+100.75 wrist_roll.pos=-7.92 gripper.pos=+5.88
DEBUG 2026-08-20 07:29:21 [action #325] t=12.51s step=789 queue=20 dmax=1.395 | shoulder_pan.pos=-16.44 shoulder_lift.pos=+13.33 elbow_flex.pos=-50.19 wrist_flex.pos=+100.90 wrist_roll.pos=-7.94 gripper.pos=+5.87
DEBUG 2026-08-20 07:29:21 [action #326] t=12.54s step=790 queue=19 dmax=1.369 | shoulder_pan.pos=-15.07 shoulder_lift.pos=+13.03 elbow_flex.pos=-51.37 wrist_flex.pos=+100.59 wrist_roll.pos=-7.93 gripper.pos=+5.88
DEBUG 2026-08-20 07:29:21 [action #327] t=12.58s step=791 queue=18 dmax=1.504 | shoulder_pan.pos=-13.57 shoulder_lift.pos=+13.19 elbow_flex.pos=-50.70 wrist_flex.pos=+100.34 wrist_roll.pos=-7.94 gripper.pos=+5.90
DEBUG 2026-08-20 07:29:21 [action #328] t=12.61s step=792 queue=17 dmax=1.080 | shoulder_pan.pos=-12.49 shoulder_lift.pos=+12.75 elbow_flex.pos=-50.68 wrist_flex.pos=+100.41 wrist_roll.pos=-7.81 gripper.pos=+5.95
DEBUG 2026-08-20 07:29:21 [action #329] t=12.64s step=793 queue=16 dmax=1.272 | shoulder_pan.pos=-11.22 shoulder_lift.pos=+12.93 elbow_flex.pos=-51.09 wrist_flex.pos=+100.40 wrist_roll.pos=-7.87 gripper.pos=+5.93
DEBUG 2026-08-20 07:29:21 [action #330] t=12.68s step=794 queue=15 dmax=1.335 | shoulder_pan.pos=-9.88 shoulder_lift.pos=+12.85 elbow_flex.pos=-50.93 wrist_flex.pos=+100.26 wrist_roll.pos=-7.77 gripper.pos=+5.99
DEBUG 2026-08-20 07:29:21 [action #331] t=12.71s step=795 queue=14 dmax=1.754 | shoulder_pan.pos=-8.13 shoulder_lift.pos=+12.77 elbow_flex.pos=-50.86 wrist_flex.pos=+100.08 wrist_roll.pos=-7.76 gripper.pos=+6.03
DEBUG 2026-08-20 07:29:21 [action #332] t=12.74s step=796 queue=13 dmax=1.123 | shoulder_pan.pos=-7.01 shoulder_lift.pos=+13.39 elbow_flex.pos=-49.86 wrist_flex.pos=+100.11 wrist_roll.pos=-7.71 gripper.pos=+5.98
DEBUG 2026-08-20 07:29:21 [action #333] t=12.78s step=797 queue=12 dmax=1.546 | shoulder_pan.pos=-5.46 shoulder_lift.pos=+13.10 elbow_flex.pos=-50.20 wrist_flex.pos=+99.81 wrist_roll.pos=-7.63 gripper.pos=+6.01
DEBUG 2026-08-20 07:29:21 [action #334] t=12.81s step=798 queue=11 dmax=1.187 | shoulder_pan.pos=-4.27 shoulder_lift.pos=+13.04 elbow_flex.pos=-49.73 wrist_flex.pos=+99.76 wrist_roll.pos=-7.50 gripper.pos=+6.15
DEBUG 2026-08-20 07:29:21 [action #335] t=12.85s step=799 queue=10 dmax=1.632 | shoulder_pan.pos=-2.64 shoulder_lift.pos=+12.91 elbow_flex.pos=-49.41 wrist_flex.pos=+99.45 wrist_roll.pos=-7.54 gripper.pos=+6.00
DEBUG 2026-08-20 07:29:21 [action #336] t=12.88s step=800 queue=9 dmax=1.186 | shoulder_pan.pos=-1.45 shoulder_lift.pos=+13.66 elbow_flex.pos=-48.26 wrist_flex.pos=+99.16 wrist_roll.pos=-7.40 gripper.pos=+6.04
DEBUG 2026-08-20 07:29:21 [action #337] t=12.91s step=801 queue=8 dmax=0.933 | shoulder_pan.pos=-0.52 shoulder_lift.pos=+13.19 elbow_flex.pos=-48.35 wrist_flex.pos=+98.98 wrist_roll.pos=-7.31 gripper.pos=+6.02
DEBUG 2026-08-20 07:29:21 [action #338] t=12.95s step=802 queue=7 dmax=1.403 | shoulder_pan.pos=+0.88 shoulder_lift.pos=+13.28 elbow_flex.pos=-47.65 wrist_flex.pos=+98.88 wrist_roll.pos=-7.22 gripper.pos=+5.99
DEBUG 2026-08-20 07:29:21 [action #339] t=12.98s step=803 queue=6 dmax=0.816 | shoulder_pan.pos=+1.70 shoulder_lift.pos=+13.78 elbow_flex.pos=-47.28 wrist_flex.pos=+98.63 wrist_roll.pos=-7.20 gripper.pos=+5.97
DEBUG 2026-08-20 07:29:22 [chunk] received 50 actions, timesteps 781..830 | first: shoulder_pan.pos=-2.97 shoulder_lift.pos=+7.92 elbow_flex.pos=-39.01 wrist_flex.pos=+99.90 wrist_roll.pos=-4.67 gripper.pos=+3.70 | last: shoulder_pan.pos=+28.18 shoulder_lift.pos=+16.63 elbow_flex.pos=-27.24 wrist_flex.pos=+76.36 wrist_roll.pos=-0.58 gripper.pos=+4.15
DEBUG 2026-08-20 07:29:22 [action #340] t=13.01s step=804 queue=27 dmax=13.091 | shoulder_pan.pos=+14.79 shoulder_lift.pos=+7.24 elbow_flex.pos=-36.68 wrist_flex.pos=+95.89 wrist_roll.pos=-4.10 gripper.pos=+4.73
DEBUG 2026-08-20 07:29:22 [action #341] t=13.05s step=805 queue=26 dmax=0.718 | shoulder_pan.pos=+15.51 shoulder_lift.pos=+7.24 elbow_flex.pos=-36.44 wrist_flex.pos=+95.34 wrist_roll.pos=-4.08 gripper.pos=+4.62
DEBUG 2026-08-20 07:29:22 [action #342] t=13.08s step=806 queue=25 dmax=0.824 | shoulder_pan.pos=+16.33 shoulder_lift.pos=+7.24 elbow_flex.pos=-35.91 wrist_flex.pos=+94.71 wrist_roll.pos=-3.95 gripper.pos=+4.69
DEBUG 2026-08-20 07:29:22 [action #343] t=13.11s step=807 queue=24 dmax=0.592 | shoulder_pan.pos=+16.92 shoulder_lift.pos=+7.54 elbow_flex.pos=-35.74 wrist_flex.pos=+94.36 wrist_roll.pos=-3.88 gripper.pos=+4.72
DEBUG 2026-08-20 07:29:22 [action #344] t=13.15s step=808 queue=23 dmax=0.813 | shoulder_pan.pos=+17.74 shoulder_lift.pos=+7.43 elbow_flex.pos=-35.55 wrist_flex.pos=+93.68 wrist_roll.pos=-3.81 gripper.pos=+4.73
DEBUG 2026-08-20 07:29:22 [action #345] t=13.18s step=809 queue=22 dmax=4.942 | shoulder_pan.pos=+22.68 shoulder_lift.pos=+5.71 elbow_flex.pos=-30.82 wrist_flex.pos=+91.97 wrist_roll.pos=-2.33 gripper.pos=+4.20
DEBUG 2026-08-20 07:29:22 [action #346] t=13.21s step=810 queue=21 dmax=0.705 | shoulder_pan.pos=+23.38 shoulder_lift.pos=+6.26 elbow_flex.pos=-31.14 wrist_flex.pos=+91.33 wrist_roll.pos=-2.20 gripper.pos=+4.16
DEBUG 2026-08-20 07:29:22 [action #347] t=13.25s step=811 queue=20 dmax=0.670 | shoulder_pan.pos=+23.80 shoulder_lift.pos=+5.98 elbow_flex.pos=-31.01 wrist_flex.pos=+90.66 wrist_roll.pos=-2.06 gripper.pos=+4.17
DEBUG 2026-08-20 07:29:22 [action #348] t=13.28s step=812 queue=19 dmax=0.919 | shoulder_pan.pos=+24.18 shoulder_lift.pos=+6.90 elbow_flex.pos=-30.95 wrist_flex.pos=+89.86 wrist_roll.pos=-2.00 gripper.pos=+4.18
DEBUG 2026-08-20 07:29:22 [action #349] t=13.31s step=813 queue=18 dmax=1.023 | shoulder_pan.pos=+24.77 shoulder_lift.pos=+7.39 elbow_flex.pos=-29.92 wrist_flex.pos=+89.16 wrist_roll.pos=-1.92 gripper.pos=+4.32
DEBUG 2026-08-20 07:29:22 [action #350] t=13.35s step=814 queue=17 dmax=0.745 | shoulder_pan.pos=+25.19 shoulder_lift.pos=+7.69 elbow_flex.pos=-30.47 wrist_flex.pos=+88.42 wrist_roll.pos=-1.81 gripper.pos=+4.25
DEBUG 2026-08-20 07:29:22 [action #351] t=13.38s step=815 queue=16 dmax=0.847 | shoulder_pan.pos=+25.57 shoulder_lift.pos=+7.77 elbow_flex.pos=-29.62 wrist_flex.pos=+87.70 wrist_roll.pos=-1.67 gripper.pos=+4.06
DEBUG 2026-08-20 07:29:22 [action #352] t=13.41s step=816 queue=15 dmax=0.880 | shoulder_pan.pos=+25.90 shoulder_lift.pos=+8.44 elbow_flex.pos=-29.50 wrist_flex.pos=+86.82 wrist_roll.pos=-1.63 gripper.pos=+4.15
DEBUG 2026-08-20 07:29:22 [action #353] t=13.45s step=817 queue=14 dmax=0.743 | shoulder_pan.pos=+26.06 shoulder_lift.pos=+8.84 elbow_flex.pos=-28.99 wrist_flex.pos=+86.07 wrist_roll.pos=-1.50 gripper.pos=+4.35
DEBUG 2026-08-20 07:29:22 [action #354] t=13.48s step=818 queue=13 dmax=0.857 | shoulder_pan.pos=+26.22 shoulder_lift.pos=+8.94 elbow_flex.pos=-29.14 wrist_flex.pos=+85.22 wrist_roll.pos=-1.42 gripper.pos=+4.24
DEBUG 2026-08-20 07:29:22 [action #355] t=13.51s step=819 queue=12 dmax=0.791 | shoulder_pan.pos=+26.52 shoulder_lift.pos=+9.73 elbow_flex.pos=-28.58 wrist_flex.pos=+84.64 wrist_roll.pos=-1.25 gripper.pos=+4.16
DEBUG 2026-08-20 07:29:22 [action #356] t=13.55s step=820 queue=11 dmax=0.695 | shoulder_pan.pos=+26.68 shoulder_lift.pos=+10.04 elbow_flex.pos=-28.46 wrist_flex.pos=+83.94 wrist_roll.pos=-1.23 gripper.pos=+4.22
DEBUG 2026-08-20 07:29:22 [action #357] t=13.58s step=821 queue=10 dmax=0.933 | shoulder_pan.pos=+26.82 shoulder_lift.pos=+10.97 elbow_flex.pos=-28.27 wrist_flex.pos=+83.17 wrist_roll.pos=-1.15 gripper.pos=+4.21
DEBUG 2026-08-20 07:29:22 [action #358] t=13.61s step=822 queue=9 dmax=0.572 | shoulder_pan.pos=+26.96 shoulder_lift.pos=+11.31 elbow_flex.pos=-28.85 wrist_flex.pos=+82.66 wrist_roll.pos=-1.08 gripper.pos=+4.15
DEBUG 2026-08-20 07:29:22 [action #359] t=13.65s step=823 queue=8 dmax=0.803 | shoulder_pan.pos=+27.03 shoulder_lift.pos=+12.11 elbow_flex.pos=-28.65 wrist_flex.pos=+82.01 wrist_roll.pos=-0.97 gripper.pos=+4.12
DEBUG 2026-08-20 07:29:22 [action #360] t=13.68s step=824 queue=7 dmax=0.848 | shoulder_pan.pos=+27.32 shoulder_lift.pos=+12.94 elbow_flex.pos=-28.15 wrist_flex.pos=+81.16 wrist_roll.pos=-0.89 gripper.pos=+4.12
DEBUG 2026-08-20 07:29:22 [action #361] t=13.71s step=825 queue=6 dmax=0.843 | shoulder_pan.pos=+27.50 shoulder_lift.pos=+13.33 elbow_flex.pos=-27.90 wrist_flex.pos=+80.32 wrist_roll.pos=-0.86 gripper.pos=+4.10
DEBUG 2026-08-20 07:29:22 [chunk] received 50 actions, timesteps 803..852 | first: shoulder_pan.pos=+2.31 shoulder_lift.pos=+9.58 elbow_flex.pos=-44.88 wrist_flex.pos=+102.13 wrist_roll.pos=-6.49 gripper.pos=+3.79 | last: shoulder_pan.pos=+32.87 shoulder_lift.pos=+17.67 elbow_flex.pos=-21.55 wrist_flex.pos=+76.88 wrist_roll.pos=-2.72 gripper.pos=+4.09
DEBUG 2026-08-20 07:29:22 [action #362] t=13.75s step=826 queue=27 dmax=9.429 | shoulder_pan.pos=+25.16 shoulder_lift.pos=+8.17 elbow_flex.pos=-27.90 wrist_flex.pos=+89.75 wrist_roll.pos=-2.55 gripper.pos=+4.04
DEBUG 2026-08-20 07:29:22 [action #363] t=13.78s step=827 queue=26 dmax=0.572 | shoulder_pan.pos=+25.67 shoulder_lift.pos=+8.03 elbow_flex.pos=-27.64 wrist_flex.pos=+89.18 wrist_roll.pos=-2.54 gripper.pos=+3.97
DEBUG 2026-08-20 07:29:22 [action #364] t=13.81s step=828 queue=25 dmax=0.756 | shoulder_pan.pos=+26.03 shoulder_lift.pos=+8.79 elbow_flex.pos=-27.46 wrist_flex.pos=+88.64 wrist_roll.pos=-2.52 gripper.pos=+4.01
DEBUG 2026-08-20 07:29:22 [action #365] t=13.85s step=829 queue=24 dmax=0.695 | shoulder_pan.pos=+26.73 shoulder_lift.pos=+9.01 elbow_flex.pos=-27.25 wrist_flex.pos=+87.99 wrist_roll.pos=-2.45 gripper.pos=+3.98
DEBUG 2026-08-20 07:29:22 [action #366] t=13.88s step=830 queue=23 dmax=0.463 | shoulder_pan.pos=+26.99 shoulder_lift.pos=+9.47 elbow_flex.pos=-27.17 wrist_flex.pos=+87.62 wrist_roll.pos=-2.43 gripper.pos=+4.05
DEBUG 2026-08-20 07:29:22 [action #367] t=13.92s step=831 queue=22 dmax=4.169 | shoulder_pan.pos=+27.10 shoulder_lift.pos=+7.27 elbow_flex.pos=-27.01 wrist_flex.pos=+91.79 wrist_roll.pos=-3.24 gripper.pos=+3.95
DEBUG 2026-08-20 07:29:22 [action #368] t=13.95s step=832 queue=21 dmax=0.633 | shoulder_pan.pos=+27.74 shoulder_lift.pos=+7.21 elbow_flex.pos=-26.45 wrist_flex.pos=+91.19 wrist_roll.pos=-3.07 gripper.pos=+4.02
DEBUG 2026-08-20 07:29:22 [action #369] t=13.98s step=833 queue=20 dmax=0.770 | shoulder_pan.pos=+28.51 shoulder_lift.pos=+7.26 elbow_flex.pos=-25.95 wrist_flex.pos=+90.85 wrist_roll.pos=-3.10 gripper.pos=+4.10
DEBUG 2026-08-20 07:29:23 [action #370] t=14.02s step=834 queue=19 dmax=0.950 | shoulder_pan.pos=+28.98 shoulder_lift.pos=+8.21 elbow_flex.pos=-25.64 wrist_flex.pos=+90.25 wrist_roll.pos=-3.02 gripper.pos=+4.02
DEBUG 2026-08-20 07:29:23 [action #371] t=14.05s step=835 queue=18 dmax=0.557 | shoulder_pan.pos=+29.20 shoulder_lift.pos=+8.52 elbow_flex.pos=-26.08 wrist_flex.pos=+89.69 wrist_roll.pos=-2.79 gripper.pos=+4.08
DEBUG 2026-08-20 07:29:23 [action #372] t=14.08s step=836 queue=17 dmax=0.817 | shoulder_pan.pos=+29.15 shoulder_lift.pos=+9.17 elbow_flex.pos=-25.26 wrist_flex.pos=+89.06 wrist_roll.pos=-2.82 gripper.pos=+4.09
DEBUG 2026-08-20 07:29:23 [action #373] t=14.12s step=837 queue=16 dmax=1.309 | shoulder_pan.pos=+30.46 shoulder_lift.pos=+9.50 elbow_flex.pos=-25.77 wrist_flex.pos=+88.62 wrist_roll.pos=-2.60 gripper.pos=+3.99
DEBUG 2026-08-20 07:29:23 [action #374] t=14.15s step=838 queue=15 dmax=0.860 | shoulder_pan.pos=+30.17 shoulder_lift.pos=+10.13 elbow_flex.pos=-24.91 wrist_flex.pos=+88.11 wrist_roll.pos=-2.62 gripper.pos=+4.20
DEBUG 2026-08-20 07:29:23 [action #375] t=14.18s step=839 queue=14 dmax=0.847 | shoulder_pan.pos=+30.69 shoulder_lift.pos=+10.14 elbow_flex.pos=-24.44 wrist_flex.pos=+87.26 wrist_roll.pos=-2.53 gripper.pos=+4.16
DEBUG 2026-08-20 07:29:23 [action #376] t=14.22s step=840 queue=13 dmax=0.513 | shoulder_pan.pos=+30.94 shoulder_lift.pos=+10.53 elbow_flex.pos=-23.92 wrist_flex.pos=+86.77 wrist_roll.pos=-2.62 gripper.pos=+4.20
DEBUG 2026-08-20 07:29:23 [action #377] t=14.25s step=841 queue=12 dmax=0.918 | shoulder_pan.pos=+31.27 shoulder_lift.pos=+11.23 elbow_flex.pos=-23.81 wrist_flex.pos=+85.86 wrist_roll.pos=-2.52 gripper.pos=+4.05
DEBUG 2026-08-20 07:29:23 [action #378] t=14.28s step=842 queue=11 dmax=0.963 | shoulder_pan.pos=+31.54 shoulder_lift.pos=+11.26 elbow_flex.pos=-23.67 wrist_flex.pos=+84.89 wrist_roll.pos=-2.53 gripper.pos=+4.18
DEBUG 2026-08-20 07:29:23 [action #379] t=14.32s step=843 queue=10 dmax=0.970 | shoulder_pan.pos=+31.54 shoulder_lift.pos=+12.23 elbow_flex.pos=-23.60 wrist_flex.pos=+84.18 wrist_roll.pos=-2.51 gripper.pos=+4.23
DEBUG 2026-08-20 07:29:23 [action #380] t=14.35s step=844 queue=9 dmax=1.209 | shoulder_pan.pos=+32.08 shoulder_lift.pos=+12.98 elbow_flex.pos=-23.14 wrist_flex.pos=+82.97 wrist_roll.pos=-2.56 gripper.pos=+4.25
DEBUG 2026-08-20 07:29:23 [action #381] t=14.38s step=845 queue=8 dmax=1.149 | shoulder_pan.pos=+32.12 shoulder_lift.pos=+13.77 elbow_flex.pos=-21.99 wrist_flex.pos=+82.11 wrist_roll.pos=-2.48 gripper.pos=+4.26
DEBUG 2026-08-20 07:29:23 [action #382] t=14.42s step=846 queue=7 dmax=1.344 | shoulder_pan.pos=+32.50 shoulder_lift.pos=+13.64 elbow_flex.pos=-22.52 wrist_flex.pos=+80.77 wrist_roll.pos=-2.46 gripper.pos=+4.05
DEBUG 2026-08-20 07:29:23 [chunk] received 50 actions, timesteps 825..874 | first: shoulder_pan.pos=+29.56 shoulder_lift.pos=+8.71 elbow_flex.pos=-22.97 wrist_flex.pos=+78.13 wrist_roll.pos=-0.53 gripper.pos=+3.28 | last: shoulder_pan.pos=+31.10 shoulder_lift.pos=+25.02 elbow_flex.pos=-23.51 wrist_flex.pos=+77.23 wrist_roll.pos=+1.77 gripper.pos=+25.36
DEBUG 2026-08-20 07:29:23 [action #383] t=14.45s step=847 queue=28 dmax=13.916 | shoulder_pan.pos=+33.85 shoulder_lift.pos=+19.54 elbow_flex.pos=-18.16 wrist_flex.pos=+66.85 wrist_roll.pos=+0.01 gripper.pos=+3.66
DEBUG 2026-08-20 07:29:23 [action #384] t=14.48s step=848 queue=27 dmax=0.583 | shoulder_pan.pos=+33.93 shoulder_lift.pos=+20.13 elbow_flex.pos=-18.22 wrist_flex.pos=+66.43 wrist_roll.pos=-0.03 gripper.pos=+3.59
DEBUG 2026-08-20 07:29:23 [action #385] t=14.52s step=849 queue=26 dmax=0.597 | shoulder_pan.pos=+34.23 shoulder_lift.pos=+20.72 elbow_flex.pos=-18.39 wrist_flex.pos=+66.12 wrist_roll.pos=-0.07 gripper.pos=+3.65
DEBUG 2026-08-20 07:29:23 [action #386] t=14.55s step=850 queue=25 dmax=0.786 | shoulder_pan.pos=+34.23 shoulder_lift.pos=+21.51 elbow_flex.pos=-17.96 wrist_flex.pos=+65.86 wrist_roll.pos=-0.03 gripper.pos=+3.53
DEBUG 2026-08-20 07:29:23 [action #387] t=14.58s step=851 queue=24 dmax=0.590 | shoulder_pan.pos=+34.40 shoulder_lift.pos=+22.10 elbow_flex.pos=-17.74 wrist_flex.pos=+65.84 wrist_roll.pos=-0.05 gripper.pos=+3.60
DEBUG 2026-08-20 07:29:23 [action #388] t=14.62s step=852 queue=23 dmax=0.395 | shoulder_pan.pos=+34.41 shoulder_lift.pos=+22.49 elbow_flex.pos=-17.89 wrist_flex.pos=+65.71 wrist_roll.pos=-0.04 gripper.pos=+3.89
DEBUG 2026-08-20 07:29:23 [action #389] t=14.65s step=853 queue=22 dmax=4.549 | shoulder_pan.pos=+35.00 shoulder_lift.pos=+25.29 elbow_flex.pos=-16.07 wrist_flex.pos=+61.16 wrist_roll.pos=+0.97 gripper.pos=+5.04
DEBUG 2026-08-20 07:29:23 [action #390] t=14.69s step=854 queue=21 dmax=2.684 | shoulder_pan.pos=+35.08 shoulder_lift.pos=+24.91 elbow_flex.pos=-15.73 wrist_flex.pos=+61.41 wrist_roll.pos=+1.21 gripper.pos=+7.73
DEBUG 2026-08-20 07:29:23 [action #391] t=14.72s step=855 queue=20 dmax=3.616 | shoulder_pan.pos=+35.10 shoulder_lift.pos=+24.87 elbow_flex.pos=-15.58 wrist_flex.pos=+61.65 wrist_roll.pos=+1.16 gripper.pos=+11.34
DEBUG 2026-08-20 07:29:23 [action #392] t=14.75s step=856 queue=19 dmax=3.549 | shoulder_pan.pos=+35.02 shoulder_lift.pos=+24.98 elbow_flex.pos=-15.27 wrist_flex.pos=+61.99 wrist_roll.pos=+1.22 gripper.pos=+14.89
DEBUG 2026-08-20 07:29:23 [action #393] t=14.79s step=857 queue=18 dmax=3.060 | shoulder_pan.pos=+34.85 shoulder_lift.pos=+25.23 elbow_flex.pos=-15.61 wrist_flex.pos=+62.55 wrist_roll.pos=+1.38 gripper.pos=+17.95
DEBUG 2026-08-20 07:29:23 [action #394] t=14.82s step=858 queue=17 dmax=2.417 | shoulder_pan.pos=+34.75 shoulder_lift.pos=+25.37 elbow_flex.pos=-15.98 wrist_flex.pos=+63.16 wrist_roll.pos=+1.35 gripper.pos=+20.37
DEBUG 2026-08-20 07:29:23 [action #395] t=14.85s step=859 queue=16 dmax=1.873 | shoulder_pan.pos=+34.79 shoulder_lift.pos=+25.39 elbow_flex.pos=-16.15 wrist_flex.pos=+63.64 wrist_roll.pos=+1.43 gripper.pos=+22.24
DEBUG 2026-08-20 07:29:23 [action #396] t=14.89s step=860 queue=15 dmax=1.205 | shoulder_pan.pos=+34.83 shoulder_lift.pos=+25.85 elbow_flex.pos=-15.69 wrist_flex.pos=+64.06 wrist_roll.pos=+1.34 gripper.pos=+23.45
DEBUG 2026-08-20 07:29:23 [action #397] t=14.92s step=861 queue=14 dmax=1.065 | shoulder_pan.pos=+34.61 shoulder_lift.pos=+26.09 elbow_flex.pos=-16.16 wrist_flex.pos=+64.65 wrist_roll.pos=+1.41 gripper.pos=+24.51
DEBUG 2026-08-20 07:29:23 [action #398] t=14.95s step=862 queue=13 dmax=0.579 | shoulder_pan.pos=+34.52 shoulder_lift.pos=+26.12 elbow_flex.pos=-16.64 wrist_flex.pos=+65.12 wrist_roll.pos=+1.38 gripper.pos=+25.09
DEBUG 2026-08-20 07:29:24 [action #399] t=14.99s step=863 queue=12 dmax=0.518 | shoulder_pan.pos=+34.26 shoulder_lift.pos=+26.32 elbow_flex.pos=-16.78 wrist_flex.pos=+65.64 wrist_roll.pos=+1.52 gripper.pos=+25.40
DEBUG 2026-08-20 07:29:24 [action #400] t=15.02s step=864 queue=11 dmax=0.522 | shoulder_pan.pos=+34.16 shoulder_lift.pos=+26.08 elbow_flex.pos=-16.70 wrist_flex.pos=+66.16 wrist_roll.pos=+1.55 gripper.pos=+25.52
DEBUG 2026-08-20 07:29:24 [action #401] t=15.05s step=865 queue=10 dmax=0.848 | shoulder_pan.pos=+34.12 shoulder_lift.pos=+26.25 elbow_flex.pos=-17.55 wrist_flex.pos=+66.84 wrist_roll.pos=+1.55 gripper.pos=+25.40
DEBUG 2026-08-20 07:29:24 [action #402] t=15.09s step=866 queue=9 dmax=0.592 | shoulder_pan.pos=+33.90 shoulder_lift.pos=+25.90 elbow_flex.pos=-17.85 wrist_flex.pos=+67.43 wrist_roll.pos=+1.56 gripper.pos=+25.28
DEBUG 2026-08-20 07:29:24 [chunk] received 50 actions, timesteps 846..895 | first: shoulder_pan.pos=+31.32 shoulder_lift.pos=+11.24 elbow_flex.pos=-20.96 wrist_flex.pos=+79.02 wrist_roll.pos=-1.70 gripper.pos=+3.68 | last: shoulder_pan.pos=+27.42 shoulder_lift.pos=+18.27 elbow_flex.pos=-23.67 wrist_flex.pos=+84.68 wrist_roll.pos=-0.19 gripper.pos=+25.66
DEBUG 2026-08-20 07:29:24 [action #403] t=15.12s step=867 queue=29 dmax=14.808 | shoulder_pan.pos=+34.94 shoulder_lift.pos=+24.83 elbow_flex.pos=-18.21 wrist_flex.pos=+66.96 wrist_roll.pos=-0.67 gripper.pos=+10.47
DEBUG 2026-08-20 07:29:24 [action #404] t=15.15s step=868 queue=28 dmax=0.966 | shoulder_pan.pos=+34.92 shoulder_lift.pos=+25.41 elbow_flex.pos=-19.17 wrist_flex.pos=+67.08 wrist_roll.pos=-0.74 gripper.pos=+10.38
DEBUG 2026-08-20 07:29:24 [action #405] t=15.19s step=869 queue=27 dmax=0.294 | shoulder_pan.pos=+34.73 shoulder_lift.pos=+25.46 elbow_flex.pos=-19.47 wrist_flex.pos=+67.10 wrist_roll.pos=-0.64 gripper.pos=+10.35
DEBUG 2026-08-20 07:29:24 [action #406] t=15.22s step=870 queue=26 dmax=0.431 | shoulder_pan.pos=+34.81 shoulder_lift.pos=+25.89 elbow_flex.pos=-19.30 wrist_flex.pos=+67.22 wrist_roll.pos=-0.59 gripper.pos=+10.29
DEBUG 2026-08-20 07:29:24 [action #407] t=15.25s step=871 queue=25 dmax=0.262 | shoulder_pan.pos=+34.74 shoulder_lift.pos=+25.91 elbow_flex.pos=-19.42 wrist_flex.pos=+67.48 wrist_roll.pos=-0.65 gripper.pos=+10.41
DEBUG 2026-08-20 07:29:24 [action #408] t=15.29s step=872 queue=24 dmax=0.772 | shoulder_pan.pos=+34.69 shoulder_lift.pos=+26.68 elbow_flex.pos=-19.50 wrist_flex.pos=+67.98 wrist_roll.pos=-0.53 gripper.pos=+10.93
DEBUG 2026-08-20 07:29:24 [action #409] t=15.32s step=873 queue=23 dmax=1.314 | shoulder_pan.pos=+34.15 shoulder_lift.pos=+26.54 elbow_flex.pos=-19.50 wrist_flex.pos=+68.61 wrist_roll.pos=-0.65 gripper.pos=+12.25
DEBUG 2026-08-20 07:29:24 [action #410] t=15.35s step=874 queue=22 dmax=2.460 | shoulder_pan.pos=+33.98 shoulder_lift.pos=+26.61 elbow_flex.pos=-19.45 wrist_flex.pos=+69.09 wrist_roll.pos=-0.48 gripper.pos=+14.71
DEBUG 2026-08-20 07:29:24 [action #411] t=15.40s step=875 queue=21 dmax=2.988 | shoulder_pan.pos=+35.50 shoulder_lift.pos=+27.45 elbow_flex.pos=-18.40 wrist_flex.pos=+66.11 wrist_roll.pos=-1.44 gripper.pos=+13.26
DEBUG 2026-08-20 07:29:24 [action #412] t=15.43s step=876 queue=20 dmax=3.500 | shoulder_pan.pos=+35.49 shoulder_lift.pos=+28.11 elbow_flex.pos=-18.46 wrist_flex.pos=+66.64 wrist_roll.pos=-1.41 gripper.pos=+16.76
DEBUG 2026-08-20 07:29:24 [action #413] t=15.46s step=877 queue=19 dmax=2.439 | shoulder_pan.pos=+35.74 shoulder_lift.pos=+27.86 elbow_flex.pos=-17.84 wrist_flex.pos=+67.33 wrist_roll.pos=-1.44 gripper.pos=+19.20
DEBUG 2026-08-20 07:29:24 [action #414] t=15.50s step=878 queue=18 dmax=2.730 | shoulder_pan.pos=+35.57 shoulder_lift.pos=+27.83 elbow_flex.pos=-18.48 wrist_flex.pos=+67.72 wrist_roll.pos=-1.20 gripper.pos=+21.93
DEBUG 2026-08-20 07:29:24 [action #415] t=15.53s step=879 queue=17 dmax=1.847 | shoulder_pan.pos=+35.68 shoulder_lift.pos=+27.35 elbow_flex.pos=-18.47 wrist_flex.pos=+68.55 wrist_roll.pos=-1.05 gripper.pos=+23.78
DEBUG 2026-08-20 07:29:24 [action #416] t=15.57s step=880 queue=16 dmax=1.542 | shoulder_pan.pos=+35.58 shoulder_lift.pos=+27.98 elbow_flex.pos=-18.60 wrist_flex.pos=+68.88 wrist_roll.pos=-1.02 gripper.pos=+25.32
DEBUG 2026-08-20 07:29:24 [action #417] t=15.60s step=881 queue=15 dmax=1.114 | shoulder_pan.pos=+35.59 shoulder_lift.pos=+27.65 elbow_flex.pos=-18.56 wrist_flex.pos=+69.41 wrist_roll.pos=-1.03 gripper.pos=+26.44
DEBUG 2026-08-20 07:29:24 [action #418] t=15.63s step=882 queue=14 dmax=0.727 | shoulder_pan.pos=+35.22 shoulder_lift.pos=+27.06 elbow_flex.pos=-18.69 wrist_flex.pos=+69.77 wrist_roll.pos=-0.88 gripper.pos=+27.16
DEBUG 2026-08-20 07:29:24 [action #419] t=15.67s step=883 queue=13 dmax=0.581 | shoulder_pan.pos=+35.13 shoulder_lift.pos=+26.86 elbow_flex.pos=-19.09 wrist_flex.pos=+70.35 wrist_roll.pos=-0.92 gripper.pos=+27.74
DEBUG 2026-08-20 07:29:24 [action #420] t=15.70s step=884 queue=12 dmax=0.605 | shoulder_pan.pos=+34.71 shoulder_lift.pos=+26.80 elbow_flex.pos=-18.91 wrist_flex.pos=+70.96 wrist_roll.pos=-0.72 gripper.pos=+27.93
DEBUG 2026-08-20 07:29:24 [action #421] t=15.73s step=885 queue=11 dmax=0.535 | shoulder_pan.pos=+34.40 shoulder_lift.pos=+26.43 elbow_flex.pos=-19.01 wrist_flex.pos=+71.49 wrist_roll.pos=-0.65 gripper.pos=+28.03
DEBUG 2026-08-20 07:29:24 [action #422] t=15.77s step=886 queue=10 dmax=0.531 | shoulder_pan.pos=+34.21 shoulder_lift.pos=+26.15 elbow_flex.pos=-19.19 wrist_flex.pos=+72.02 wrist_roll.pos=-0.61 gripper.pos=+27.82
DEBUG 2026-08-20 07:29:24 [chunk] received 50 actions, timesteps 866..915 | first: shoulder_pan.pos=+29.85 shoulder_lift.pos=+24.87 elbow_flex.pos=-14.88 wrist_flex.pos=+64.78 wrist_roll.pos=+1.37 gripper.pos=+26.41 | last: shoulder_pan.pos=+9.09 shoulder_lift.pos=-40.86 elbow_flex.pos=+33.46 wrist_flex.pos=+79.23 wrist_roll.pos=+3.40 gripper.pos=+0.28
DEBUG 2026-08-20 07:29:24 [action #423] t=15.80s step=887 queue=29 dmax=14.471 | shoulder_pan.pos=+27.96 shoulder_lift.pos=+17.72 elbow_flex.pos=-25.62 wrist_flex.pos=+86.49 wrist_roll.pos=+2.31 gripper.pos=+27.86
DEBUG 2026-08-20 07:29:24 [action #424] t=15.83s step=888 queue=28 dmax=1.330 | shoulder_pan.pos=+27.75 shoulder_lift.pos=+16.39 elbow_flex.pos=-26.03 wrist_flex.pos=+87.50 wrist_roll.pos=+2.50 gripper.pos=+27.78
DEBUG 2026-08-20 07:29:24 [action #425] t=15.87s step=889 queue=27 dmax=0.953 | shoulder_pan.pos=+26.84 shoulder_lift.pos=+15.51 elbow_flex.pos=-25.54 wrist_flex.pos=+88.45 wrist_roll.pos=+2.71 gripper.pos=+27.79
DEBUG 2026-08-20 07:29:24 [action #426] t=15.90s step=890 queue=26 dmax=1.770 | shoulder_pan.pos=+26.39 shoulder_lift.pos=+13.74 elbow_flex.pos=-25.41 wrist_flex.pos=+89.52 wrist_roll.pos=+2.83 gripper.pos=+27.69
DEBUG 2026-08-20 07:29:24 [action #427] t=15.93s step=891 queue=25 dmax=1.094 | shoulder_pan.pos=+25.80 shoulder_lift.pos=+12.65 elbow_flex.pos=-24.87 wrist_flex.pos=+90.52 wrist_roll.pos=+3.12 gripper.pos=+27.44
DEBUG 2026-08-20 07:29:24 [action #428] t=15.97s step=892 queue=24 dmax=1.286 | shoulder_pan.pos=+24.81 shoulder_lift.pos=+11.36 elbow_flex.pos=-24.96 wrist_flex.pos=+91.39 wrist_roll.pos=+3.13 gripper.pos=+27.46
DEBUG 2026-08-20 07:29:25 [action #429] t=16.00s step=893 queue=23 dmax=1.542 | shoulder_pan.pos=+24.07 shoulder_lift.pos=+9.82 elbow_flex.pos=-23.98 wrist_flex.pos=+92.31 wrist_roll.pos=+3.33 gripper.pos=+27.49
DEBUG 2026-08-20 07:29:25 [action #430] t=16.03s step=894 queue=22 dmax=1.778 | shoulder_pan.pos=+23.35 shoulder_lift.pos=+8.04 elbow_flex.pos=-22.80 wrist_flex.pos=+92.64 wrist_roll.pos=+3.24 gripper.pos=+27.51
DEBUG 2026-08-20 07:29:25 [action #431] t=16.07s step=895 queue=21 dmax=1.700 | shoulder_pan.pos=+22.45 shoulder_lift.pos=+6.34 elbow_flex.pos=-21.42 wrist_flex.pos=+93.38 wrist_roll.pos=+3.44 gripper.pos=+27.40
DEBUG 2026-08-20 07:29:25 [action #432] t=16.10s step=896 queue=20 dmax=7.914 | shoulder_pan.pos=+19.66 shoulder_lift.pos=-1.57 elbow_flex.pos=-18.69 wrist_flex.pos=+96.77 wrist_roll.pos=+5.25 gripper.pos=+27.71
DEBUG 2026-08-20 07:29:25 [action #433] t=16.13s step=897 queue=19 dmax=2.644 | shoulder_pan.pos=+18.88 shoulder_lift.pos=-3.88 elbow_flex.pos=-16.04 wrist_flex.pos=+96.86 wrist_roll.pos=+5.46 gripper.pos=+26.87
DEBUG 2026-08-20 07:29:25 [action #434] t=16.17s step=898 queue=18 dmax=2.187 | shoulder_pan.pos=+17.93 shoulder_lift.pos=-5.83 elbow_flex.pos=-13.86 wrist_flex.pos=+96.17 wrist_roll.pos=+5.77 gripper.pos=+25.30
DEBUG 2026-08-20 07:29:25 [action #435] t=16.20s step=899 queue=17 dmax=2.308 | shoulder_pan.pos=+17.64 shoulder_lift.pos=-8.10 elbow_flex.pos=-11.55 wrist_flex.pos=+95.44 wrist_roll.pos=+5.91 gripper.pos=+23.26
DEBUG 2026-08-20 07:29:25 [action #436] t=16.23s step=900 queue=16 dmax=2.533 | shoulder_pan.pos=+16.99 shoulder_lift.pos=-10.08 elbow_flex.pos=-9.01 wrist_flex.pos=+95.02 wrist_roll.pos=+5.85 gripper.pos=+21.39
DEBUG 2026-08-20 07:29:25 [action #437] t=16.27s step=901 queue=15 dmax=2.271 | shoulder_pan.pos=+16.46 shoulder_lift.pos=-12.35 elbow_flex.pos=-6.84 wrist_flex.pos=+94.59 wrist_roll.pos=+5.95 gripper.pos=+19.65
DEBUG 2026-08-20 07:29:25 [action #438] t=16.30s step=902 queue=14 dmax=3.044 | shoulder_pan.pos=+15.79 shoulder_lift.pos=-14.64 elbow_flex.pos=-3.80 wrist_flex.pos=+93.88 wrist_roll.pos=+5.75 gripper.pos=+17.27
DEBUG 2026-08-20 07:29:25 [action #439] t=16.33s step=903 queue=13 dmax=2.722 | shoulder_pan.pos=+15.20 shoulder_lift.pos=-16.38 elbow_flex.pos=-1.07 wrist_flex.pos=+93.24 wrist_roll.pos=+5.74 gripper.pos=+14.80
DEBUG 2026-08-20 07:29:25 [action #440] t=16.37s step=904 queue=12 dmax=2.966 | shoulder_pan.pos=+14.55 shoulder_lift.pos=-18.44 elbow_flex.pos=+1.79 wrist_flex.pos=+92.55 wrist_roll.pos=+5.57 gripper.pos=+11.84
DEBUG 2026-08-20 07:29:25 [action #441] t=16.40s step=905 queue=11 dmax=3.163 | shoulder_pan.pos=+13.90 shoulder_lift.pos=-20.43 elbow_flex.pos=+4.42 wrist_flex.pos=+91.64 wrist_roll.pos=+5.56 gripper.pos=+8.68
DEBUG 2026-08-20 07:29:25 [action #442] t=16.44s step=906 queue=10 dmax=3.322 | shoulder_pan.pos=+13.12 shoulder_lift.pos=-22.37 elbow_flex.pos=+7.74 wrist_flex.pos=+91.01 wrist_roll.pos=+5.38 gripper.pos=+5.67
DEBUG 2026-08-20 07:29:25 [chunk] received 50 actions, timesteps 885..934 | first: shoulder_pan.pos=+31.88 shoulder_lift.pos=+26.28 elbow_flex.pos=-17.94 wrist_flex.pos=+71.30 wrist_roll.pos=-0.52 gripper.pos=+29.29 | last: shoulder_pan.pos=+7.03 shoulder_lift.pos=-35.35 elbow_flex.pos=+23.08 wrist_flex.pos=+84.89 wrist_roll.pos=-0.10 gripper.pos=+1.74
DEBUG 2026-08-20 07:29:25 [action #443] t=16.47s step=907 queue=28 dmax=32.706 | shoulder_pan.pos=+21.44 shoulder_lift.pos=+10.33 elbow_flex.pos=-24.05 wrist_flex.pos=+94.97 wrist_roll.pos=+2.69 gripper.pos=+22.41
DEBUG 2026-08-20 07:29:25 [action #444] t=16.50s step=908 queue=27 dmax=0.915 | shoulder_pan.pos=+20.88 shoulder_lift.pos=+9.42 elbow_flex.pos=-23.78 wrist_flex.pos=+95.52 wrist_roll.pos=+2.75 gripper.pos=+22.02
DEBUG 2026-08-20 07:29:25 [action #445] t=16.54s step=909 queue=26 dmax=1.470 | shoulder_pan.pos=+20.39 shoulder_lift.pos=+7.95 elbow_flex.pos=-22.91 wrist_flex.pos=+95.54 wrist_roll.pos=+2.70 gripper.pos=+21.63
DEBUG 2026-08-20 07:29:25 [action #446] t=16.57s step=910 queue=25 dmax=1.779 | shoulder_pan.pos=+19.94 shoulder_lift.pos=+6.17 elbow_flex.pos=-21.95 wrist_flex.pos=+95.79 wrist_roll.pos=+2.86 gripper.pos=+21.46
DEBUG 2026-08-20 07:29:25 [action #447] t=16.60s step=911 queue=24 dmax=1.673 | shoulder_pan.pos=+19.40 shoulder_lift.pos=+4.92 elbow_flex.pos=-20.27 wrist_flex.pos=+95.65 wrist_roll.pos=+2.87 gripper.pos=+21.44
DEBUG 2026-08-20 07:29:25 [action #448] t=16.64s step=912 queue=23 dmax=2.495 | shoulder_pan.pos=+18.80 shoulder_lift.pos=+2.88 elbow_flex.pos=-17.78 wrist_flex.pos=+95.46 wrist_roll.pos=+2.92 gripper.pos=+21.31
DEBUG 2026-08-20 07:29:25 [action #449] t=16.67s step=913 queue=22 dmax=2.059 | shoulder_pan.pos=+18.17 shoulder_lift.pos=+0.82 elbow_flex.pos=-16.58 wrist_flex.pos=+95.41 wrist_roll.pos=+2.82 gripper.pos=+21.27
DEBUG 2026-08-20 07:29:25 [action #450] t=16.70s step=914 queue=21 dmax=2.021 | shoulder_pan.pos=+17.51 shoulder_lift.pos=-1.20 elbow_flex.pos=-14.74 wrist_flex.pos=+95.27 wrist_roll.pos=+2.77 gripper.pos=+21.36
DEBUG 2026-08-20 07:29:25 [action #451] t=16.74s step=915 queue=20 dmax=2.444 | shoulder_pan.pos=+16.93 shoulder_lift.pos=-3.65 elbow_flex.pos=-12.98 wrist_flex.pos=+94.79 wrist_roll.pos=+2.83 gripper.pos=+21.53
DEBUG 2026-08-20 07:29:25 [action #452] t=16.77s step=916 queue=19 dmax=17.765 | shoulder_pan.pos=+19.47 shoulder_lift.pos=+11.09 elbow_flex.pos=-30.74 wrist_flex.pos=+101.68 wrist_roll.pos=+2.53 gripper.pos=+30.50
DEBUG 2026-08-20 07:29:25 [action #453] t=16.80s step=917 queue=18 dmax=3.275 | shoulder_pan.pos=+18.63 shoulder_lift.pos=+8.17 elbow_flex.pos=-27.47 wrist_flex.pos=+101.28 wrist_roll.pos=+2.59 gripper.pos=+30.37
DEBUG 2026-08-20 07:29:25 [action #454] t=16.84s step=918 queue=17 dmax=2.572 | shoulder_pan.pos=+18.08 shoulder_lift.pos=+5.60 elbow_flex.pos=-25.36 wrist_flex.pos=+101.08 wrist_roll.pos=+2.58 gripper.pos=+30.37
DEBUG 2026-08-20 07:29:25 [action #455] t=16.87s step=919 queue=16 dmax=2.941 | shoulder_pan.pos=+17.08 shoulder_lift.pos=+2.66 elbow_flex.pos=-22.51 wrist_flex.pos=+100.72 wrist_roll.pos=+2.61 gripper.pos=+29.73
DEBUG 2026-08-20 07:29:25 [action #456] t=16.90s step=920 queue=15 dmax=2.773 | shoulder_pan.pos=+16.62 shoulder_lift.pos=-0.12 elbow_flex.pos=-20.69 wrist_flex.pos=+100.18 wrist_roll.pos=+2.42 gripper.pos=+28.70
DEBUG 2026-08-20 07:29:25 [action #457] t=16.94s step=921 queue=14 dmax=2.305 | shoulder_pan.pos=+15.81 shoulder_lift.pos=-2.37 elbow_flex.pos=-18.38 wrist_flex.pos=+100.02 wrist_roll.pos=+2.34 gripper.pos=+26.99
DEBUG 2026-08-20 07:29:25 [action #458] t=16.97s step=922 queue=13 dmax=3.258 | shoulder_pan.pos=+15.02 shoulder_lift.pos=-5.63 elbow_flex.pos=-15.28 wrist_flex.pos=+99.68 wrist_roll.pos=+2.41 gripper.pos=+25.21
DEBUG 2026-08-20 07:29:26 [action #459] t=17.00s step=923 queue=12 dmax=3.777 | shoulder_pan.pos=+14.13 shoulder_lift.pos=-8.14 elbow_flex.pos=-11.51 wrist_flex.pos=+99.27 wrist_roll.pos=+2.12 gripper.pos=+23.61
DEBUG 2026-08-20 07:29:26 [action #460] t=17.04s step=924 queue=11 dmax=2.387 | shoulder_pan.pos=+13.87 shoulder_lift.pos=-10.28 elbow_flex.pos=-9.12 wrist_flex.pos=+98.60 wrist_roll.pos=+2.01 gripper.pos=+22.06
DEBUG 2026-08-20 07:29:26 [action #461] t=17.07s step=925 queue=10 dmax=3.309 | shoulder_pan.pos=+13.10 shoulder_lift.pos=-12.83 elbow_flex.pos=-5.81 wrist_flex.pos=+97.70 wrist_roll.pos=+1.84 gripper.pos=+20.46
DEBUG 2026-08-20 07:29:26 [action #462] t=17.11s step=926 queue=9 dmax=2.759 | shoulder_pan.pos=+12.46 shoulder_lift.pos=-14.99 elbow_flex.pos=-3.05 wrist_flex.pos=+96.53 wrist_roll.pos=+1.48 gripper.pos=+18.12
DEBUG 2026-08-20 07:29:26 [chunk] received 50 actions, timesteps 906..955 | first: shoulder_pan.pos=+10.95 shoulder_lift.pos=-24.93 elbow_flex.pos=+8.94 wrist_flex.pos=+91.35 wrist_roll.pos=+5.40 gripper.pos=+6.93 | last: shoulder_pan.pos=-0.83 shoulder_lift.pos=-101.93 elbow_flex.pos=+82.78 wrist_flex.pos=+70.10 wrist_roll.pos=+2.05 gripper.pos=+0.73
DEBUG 2026-08-20 07:29:26 [action #463] t=17.14s step=927 queue=29 dmax=36.972 | shoulder_pan.pos=+4.61 shoulder_lift.pos=-43.94 elbow_flex.pos=+33.92 wrist_flex.pos=+80.67 wrist_roll.pos=+3.54 gripper.pos=+6.17
DEBUG 2026-08-20 07:29:26 [action #464] t=17.17s step=928 queue=28 dmax=2.475 | shoulder_pan.pos=+4.05 shoulder_lift.pos=-45.59 elbow_flex.pos=+36.40 wrist_flex.pos=+79.67 wrist_roll.pos=+3.42 gripper.pos=+5.09
DEBUG 2026-08-20 07:29:26 [action #465] t=17.21s step=929 queue=27 dmax=1.917 | shoulder_pan.pos=+4.08 shoulder_lift.pos=-47.51 elbow_flex.pos=+38.12 wrist_flex.pos=+78.30 wrist_roll.pos=+3.34 gripper.pos=+3.85
DEBUG 2026-08-20 07:29:26 [action #466] t=17.24s step=930 queue=26 dmax=2.612 | shoulder_pan.pos=+3.58 shoulder_lift.pos=-49.02 elbow_flex.pos=+40.73 wrist_flex.pos=+77.23 wrist_roll.pos=+3.22 gripper.pos=+3.13
DEBUG 2026-08-20 07:29:26 [action #467] t=17.27s step=931 queue=25 dmax=2.455 | shoulder_pan.pos=+3.11 shoulder_lift.pos=-50.92 elbow_flex.pos=+43.18 wrist_flex.pos=+76.02 wrist_roll.pos=+3.17 gripper.pos=+2.55
DEBUG 2026-08-20 07:29:26 [action #468] t=17.31s step=932 queue=24 dmax=1.641 | shoulder_pan.pos=+2.71 shoulder_lift.pos=-52.56 elbow_flex.pos=+44.75 wrist_flex.pos=+74.92 wrist_roll.pos=+3.11 gripper.pos=+2.34
DEBUG 2026-08-20 07:29:26 [action #469] t=17.34s step=933 queue=23 dmax=2.181 | shoulder_pan.pos=+2.33 shoulder_lift.pos=-54.74 elbow_flex.pos=+46.93 wrist_flex.pos=+74.04 wrist_roll.pos=+3.05 gripper.pos=+2.09
DEBUG 2026-08-20 07:29:26 [action #470] t=17.37s step=934 queue=22 dmax=1.601 | shoulder_pan.pos=+1.70 shoulder_lift.pos=-56.34 elbow_flex.pos=+48.37 wrist_flex.pos=+73.46 wrist_roll.pos=+3.06 gripper.pos=+2.12
DEBUG 2026-08-20 07:29:26 [action #471] t=17.41s step=935 queue=21 dmax=11.085 | shoulder_pan.pos=-1.24 shoulder_lift.pos=-66.58 elbow_flex.pos=+59.46 wrist_flex.pos=+68.41 wrist_roll.pos=+4.30 gripper.pos=+2.09
DEBUG 2026-08-20 07:29:26 [action #472] t=17.44s step=936 queue=20 dmax=1.655 | shoulder_pan.pos=-1.29 shoulder_lift.pos=-68.23 elbow_flex.pos=+60.72 wrist_flex.pos=+68.47 wrist_roll.pos=+4.13 gripper.pos=+1.91
DEBUG 2026-08-20 07:29:26 [action #473] t=17.47s step=937 queue=19 dmax=1.758 | shoulder_pan.pos=-1.44 shoulder_lift.pos=-69.99 elbow_flex.pos=+62.25 wrist_flex.pos=+68.36 wrist_roll.pos=+4.14 gripper.pos=+1.93
DEBUG 2026-08-20 07:29:26 [action #474] t=17.51s step=938 queue=18 dmax=2.109 | shoulder_pan.pos=-1.50 shoulder_lift.pos=-72.10 elbow_flex.pos=+62.32 wrist_flex.pos=+68.44 wrist_roll.pos=+4.17 gripper.pos=+1.88
DEBUG 2026-08-20 07:29:26 [action #475] t=17.54s step=939 queue=17 dmax=2.039 | shoulder_pan.pos=-1.60 shoulder_lift.pos=-74.14 elbow_flex.pos=+63.15 wrist_flex.pos=+68.34 wrist_roll.pos=+4.25 gripper.pos=+1.73
DEBUG 2026-08-20 07:29:26 [action #476] t=17.57s step=940 queue=16 dmax=1.713 | shoulder_pan.pos=-1.46 shoulder_lift.pos=-75.65 elbow_flex.pos=+64.86 wrist_flex.pos=+68.75 wrist_roll.pos=+4.12 gripper.pos=+1.90
DEBUG 2026-08-20 07:29:26 [action #477] t=17.61s step=941 queue=15 dmax=1.964 | shoulder_pan.pos=-1.43 shoulder_lift.pos=-77.61 elbow_flex.pos=+65.57 wrist_flex.pos=+69.04 wrist_roll.pos=+4.04 gripper.pos=+1.73
DEBUG 2026-08-20 07:29:26 [action #478] t=17.64s step=942 queue=14 dmax=2.283 | shoulder_pan.pos=-1.69 shoulder_lift.pos=-79.39 elbow_flex.pos=+67.85 wrist_flex.pos=+68.98 wrist_roll.pos=+3.94 gripper.pos=+1.60
DEBUG 2026-08-20 07:29:26 [action #479] t=17.67s step=943 queue=13 dmax=2.311 | shoulder_pan.pos=-1.09 shoulder_lift.pos=-81.70 elbow_flex.pos=+68.29 wrist_flex.pos=+69.17 wrist_roll.pos=+3.72 gripper.pos=+1.28
DEBUG 2026-08-20 07:29:26 [action #480] t=17.71s step=944 queue=12 dmax=1.296 | shoulder_pan.pos=-1.20 shoulder_lift.pos=-82.99 elbow_flex.pos=+69.42 wrist_flex.pos=+69.22 wrist_roll.pos=+3.65 gripper.pos=+0.85
DEBUG 2026-08-20 07:29:26 [action #481] t=17.74s step=945 queue=11 dmax=2.160 | shoulder_pan.pos=-0.59 shoulder_lift.pos=-85.15 elbow_flex.pos=+71.21 wrist_flex.pos=+69.47 wrist_roll.pos=+3.17 gripper.pos=+0.51
DEBUG 2026-08-20 07:29:26 [action #482] t=17.78s step=946 queue=10 dmax=2.374 | shoulder_pan.pos=-0.71 shoulder_lift.pos=-87.53 elbow_flex.pos=+73.11 wrist_flex.pos=+69.54 wrist_roll.pos=+2.80 gripper.pos=+0.43
DEBUG 2026-08-20 07:29:26 [chunk] received 50 actions, timesteps 925..974 | first: shoulder_pan.pos=+12.21 shoulder_lift.pos=-13.59 elbow_flex.pos=-3.78 wrist_flex.pos=+99.27 wrist_roll.pos=+2.42 gripper.pos=+9.68 | last: shoulder_pan.pos=-0.17 shoulder_lift.pos=-100.76 elbow_flex.pos=+83.69 wrist_flex.pos=+70.97 wrist_roll.pos=+3.04 gripper.pos=+1.11
DEBUG 2026-08-20 07:29:26 [action #483] t=17.81s step=947 queue=28 dmax=23.398 | shoulder_pan.pos=-2.25 shoulder_lift.pos=-64.13 elbow_flex.pos=+54.95 wrist_flex.pos=+73.39 wrist_roll.pos=+1.97 gripper.pos=+1.25
DEBUG 2026-08-20 07:29:26 [action #484] t=17.84s step=948 queue=27 dmax=1.489 | shoulder_pan.pos=-2.22 shoulder_lift.pos=-65.50 elbow_flex.pos=+56.44 wrist_flex.pos=+72.94 wrist_roll.pos=+1.85 gripper.pos=+1.40
DEBUG 2026-08-20 07:29:26 [action #485] t=17.88s step=949 queue=26 dmax=1.405 | shoulder_pan.pos=-2.22 shoulder_lift.pos=-66.90 elbow_flex.pos=+57.66 wrist_flex.pos=+72.67 wrist_roll.pos=+1.83 gripper.pos=+1.39
DEBUG 2026-08-20 07:29:26 [action #486] t=17.91s step=950 queue=25 dmax=2.151 | shoulder_pan.pos=-2.01 shoulder_lift.pos=-69.06 elbow_flex.pos=+58.68 wrist_flex.pos=+72.23 wrist_roll.pos=+1.81 gripper.pos=+1.27
DEBUG 2026-08-20 07:29:26 [action #487] t=17.94s step=951 queue=24 dmax=1.240 | shoulder_pan.pos=-2.27 shoulder_lift.pos=-70.30 elbow_flex.pos=+59.90 wrist_flex.pos=+72.01 wrist_roll.pos=+1.91 gripper.pos=+1.22
DEBUG 2026-08-20 07:29:26 [action #488] t=17.98s step=952 queue=23 dmax=1.884 | shoulder_pan.pos=-2.13 shoulder_lift.pos=-72.18 elbow_flex.pos=+61.40 wrist_flex.pos=+71.45 wrist_roll.pos=+1.77 gripper.pos=+1.31
DEBUG 2026-08-20 07:29:27 [action #489] t=18.01s step=953 queue=22 dmax=1.857 | shoulder_pan.pos=-2.15 shoulder_lift.pos=-74.04 elbow_flex.pos=+63.01 wrist_flex.pos=+70.95 wrist_roll.pos=+1.85 gripper.pos=+1.24
DEBUG 2026-08-20 07:29:27 [action #490] t=18.62s step=954 queue=21 dmax=1.372 | shoulder_pan.pos=-2.09 shoulder_lift.pos=-75.41 elbow_flex.pos=+64.36 wrist_flex.pos=+70.34 wrist_roll.pos=+1.82 gripper.pos=+1.23
DEBUG 2026-08-20 07:29:27 [action #491] t=18.66s step=955 queue=20 dmax=1.800 | shoulder_pan.pos=-1.99 shoulder_lift.pos=-77.21 elbow_flex.pos=+65.60 wrist_flex.pos=+69.68 wrist_roll.pos=+1.90 gripper.pos=+1.19
DEBUG 2026-08-20 07:29:27 [action #492] t=18.69s step=956 queue=19 dmax=9.025 | shoulder_pan.pos=-2.36 shoulder_lift.pos=-68.18 elbow_flex.pos=+59.93 wrist_flex.pos=+68.88 wrist_roll.pos=+1.87 gripper.pos=+1.42
DEBUG 2026-08-20 07:29:27 [action #493] t=18.72s step=957 queue=18 dmax=1.914 | shoulder_pan.pos=-2.28 shoulder_lift.pos=-70.10 elbow_flex.pos=+61.01 wrist_flex.pos=+68.44 wrist_roll.pos=+1.78 gripper.pos=+1.54
DEBUG 2026-08-20 07:29:27 [action #494] t=18.76s step=958 queue=17 dmax=2.129 | shoulder_pan.pos=-2.17 shoulder_lift.pos=-72.23 elbow_flex.pos=+62.86 wrist_flex.pos=+68.00 wrist_roll.pos=+1.94 gripper.pos=+1.45
DEBUG 2026-08-20 07:29:27 [action #495] t=18.79s step=959 queue=16 dmax=1.533 | shoulder_pan.pos=-2.01 shoulder_lift.pos=-73.76 elbow_flex.pos=+63.64 wrist_flex.pos=+68.14 wrist_roll.pos=+1.95 gripper.pos=+1.41
DEBUG 2026-08-20 07:29:27 [action #496] t=18.82s step=960 queue=15 dmax=2.231 | shoulder_pan.pos=-2.07 shoulder_lift.pos=-75.99 elbow_flex.pos=+65.29 wrist_flex.pos=+68.20 wrist_roll.pos=+1.91 gripper.pos=+1.44
DEBUG 2026-08-20 07:29:27 [action #497] t=18.86s step=961 queue=14 dmax=1.913 | shoulder_pan.pos=-1.59 shoulder_lift.pos=-77.90 elbow_flex.pos=+66.90 wrist_flex.pos=+68.33 wrist_roll.pos=+1.97 gripper.pos=+1.45
DEBUG 2026-08-20 07:29:27 [action #498] t=18.89s step=962 queue=13 dmax=2.254 | shoulder_pan.pos=-1.45 shoulder_lift.pos=-80.16 elbow_flex.pos=+67.94 wrist_flex.pos=+68.14 wrist_roll.pos=+2.12 gripper.pos=+1.25
DEBUG 2026-08-20 07:29:27 [action #499] t=18.92s step=963 queue=12 dmax=1.666 | shoulder_pan.pos=-1.42 shoulder_lift.pos=-81.82 elbow_flex.pos=+68.98 wrist_flex.pos=+68.56 wrist_roll.pos=+2.22 gripper.pos=+1.41
DEBUG 2026-08-20 07:29:27 [action #500] t=18.96s step=964 queue=11 dmax=2.093 | shoulder_pan.pos=-1.12 shoulder_lift.pos=-83.92 elbow_flex.pos=+70.69 wrist_flex.pos=+68.68 wrist_roll.pos=+2.43 gripper.pos=+1.32
DEBUG 2026-08-20 07:29:28 [action #501] t=18.99s step=965 queue=10 dmax=1.731 | shoulder_pan.pos=-0.91 shoulder_lift.pos=-85.65 elbow_flex.pos=+71.79 wrist_flex.pos=+68.78 wrist_roll.pos=+2.50 gripper.pos=+1.25
DEBUG 2026-08-20 07:29:28 [action #502] t=19.03s step=966 queue=9 dmax=1.800 | shoulder_pan.pos=-0.75 shoulder_lift.pos=-87.28 elbow_flex.pos=+73.59 wrist_flex.pos=+69.16 wrist_roll.pos=+2.69 gripper.pos=+0.97
DEBUG 2026-08-20 07:29:28 [action #503] t=19.06s step=967 queue=8 dmax=2.341 | shoulder_pan.pos=-0.45 shoulder_lift.pos=-89.62 elbow_flex.pos=+74.69 wrist_flex.pos=+69.19 wrist_roll.pos=+2.79 gripper.pos=+0.88
DEBUG 2026-08-20 07:29:28 [action #504] t=19.09s step=968 queue=7 dmax=2.348 | shoulder_pan.pos=-0.18 shoulder_lift.pos=-91.97 elbow_flex.pos=+76.10 wrist_flex.pos=+69.41 wrist_roll.pos=+2.88 gripper.pos=+0.93
DEBUG 2026-08-20 07:29:28 [action #505] t=19.13s step=969 queue=6 dmax=1.876 | shoulder_pan.pos=-0.06 shoulder_lift.pos=-93.75 elbow_flex.pos=+77.97 wrist_flex.pos=+69.79 wrist_roll.pos=+2.91 gripper.pos=+1.11
DEBUG 2026-08-20 07:29:28 [action #506] t=19.16s step=970 queue=5 dmax=1.607 | shoulder_pan.pos=+0.06 shoulder_lift.pos=-95.26 elbow_flex.pos=+79.58 wrist_flex.pos=+70.04 wrist_roll.pos=+2.90 gripper.pos=+1.00
DEBUG 2026-08-20 07:29:28 [action #507] t=19.19s step=971 queue=4 dmax=1.888 | shoulder_pan.pos=+0.23 shoulder_lift.pos=-97.15 elbow_flex.pos=+80.94 wrist_flex.pos=+70.37 wrist_roll.pos=+2.96 gripper.pos=+0.99
DEBUG 2026-08-20 07:29:28 [action #508] t=19.23s step=972 queue=3 dmax=1.514 | shoulder_pan.pos=+0.18 shoulder_lift.pos=-98.66 elbow_flex.pos=+82.45 wrist_flex.pos=+70.66 wrist_roll.pos=+2.91 gripper.pos=+0.88
DEBUG 2026-08-20 07:29:28 [chunk] received 50 actions, timesteps 946..995 | first: shoulder_pan.pos=-0.68 shoulder_lift.pos=-84.81 elbow_flex.pos=+71.89 wrist_flex.pos=+68.53 wrist_roll.pos=+3.89 gripper.pos=+1.13 | last: shoulder_pan.pos=-4.14 shoulder_lift.pos=-99.32 elbow_flex.pos=+83.71 wrist_flex.pos=+78.64 wrist_roll.pos=+0.85 gripper.pos=+0.72
DEBUG 2026-08-20 07:29:28 [action #509] t=19.26s step=973 queue=23 dmax=5.698 | shoulder_pan.pos=-2.20 shoulder_lift.pos=-100.90 elbow_flex.pos=+83.27 wrist_flex.pos=+76.36 wrist_roll.pos=+1.26 gripper.pos=+0.90
DEBUG 2026-08-20 07:29:28 [action #510] t=19.29s step=974 queue=22 dmax=0.225 | shoulder_pan.pos=-2.13 shoulder_lift.pos=-100.98 elbow_flex.pos=+83.50 wrist_flex.pos=+76.44 wrist_roll.pos=+1.38 gripper.pos=+0.91
DEBUG 2026-08-20 07:29:28 [action #511] t=19.33s step=975 queue=21 dmax=2.639 | shoulder_pan.pos=-3.17 shoulder_lift.pos=-101.03 elbow_flex.pos=+82.90 wrist_flex.pos=+79.08 wrist_roll.pos=+0.68 gripper.pos=+0.99
DEBUG 2026-08-20 07:29:28 [action #512] t=19.36s step=976 queue=20 dmax=0.630 | shoulder_pan.pos=-2.88 shoulder_lift.pos=-101.07 elbow_flex.pos=+82.27 wrist_flex.pos=+79.25 wrist_roll.pos=+0.91 gripper.pos=+0.95
DEBUG 2026-08-20 07:29:28 [action #513] t=19.39s step=977 queue=19 dmax=0.396 | shoulder_pan.pos=-3.27 shoulder_lift.pos=-100.85 elbow_flex.pos=+81.89 wrist_flex.pos=+79.30 wrist_roll.pos=+1.05 gripper.pos=+0.90
DEBUG 2026-08-20 07:29:28 [action #514] t=19.43s step=978 queue=18 dmax=0.735 | shoulder_pan.pos=-3.46 shoulder_lift.pos=-100.93 elbow_flex.pos=+82.63 wrist_flex.pos=+79.60 wrist_roll.pos=+1.10 gripper.pos=+0.94
DEBUG 2026-08-20 07:29:28 [action #515] t=19.46s step=979 queue=17 dmax=0.326 | shoulder_pan.pos=-3.54 shoulder_lift.pos=-100.61 elbow_flex.pos=+82.65 wrist_flex.pos=+79.65 wrist_roll.pos=+1.08 gripper.pos=+1.01
DEBUG 2026-08-20 07:29:28 [action #516] t=19.49s step=980 queue=16 dmax=0.356 | shoulder_pan.pos=-3.37 shoulder_lift.pos=-100.69 elbow_flex.pos=+82.90 wrist_flex.pos=+79.30 wrist_roll.pos=+1.17 gripper.pos=+0.79
DEBUG 2026-08-20 07:29:28 [action #517] t=19.53s step=981 queue=15 dmax=0.403 | shoulder_pan.pos=-3.50 shoulder_lift.pos=-100.29 elbow_flex.pos=+82.52 wrist_flex.pos=+79.36 wrist_roll.pos=+1.11 gripper.pos=+0.80
DEBUG 2026-08-20 07:29:28 [action #518] t=19.56s step=982 queue=14 dmax=0.594 | shoulder_pan.pos=-3.52 shoulder_lift.pos=-100.88 elbow_flex.pos=+82.25 wrist_flex.pos=+79.36 wrist_roll.pos=+1.01 gripper.pos=+0.82
DEBUG 2026-08-20 07:29:28 [action #519] t=19.59s step=983 queue=13 dmax=0.775 | shoulder_pan.pos=-3.59 shoulder_lift.pos=-100.11 elbow_flex.pos=+82.94 wrist_flex.pos=+79.24 wrist_roll.pos=+1.04 gripper.pos=+0.89
DEBUG 2026-08-20 07:29:28 [action #520] t=19.63s step=984 queue=12 dmax=0.208 | shoulder_pan.pos=-3.38 shoulder_lift.pos=-100.18 elbow_flex.pos=+83.13 wrist_flex.pos=+79.17 wrist_roll.pos=+0.95 gripper.pos=+0.94
DEBUG 2026-08-20 07:29:28 [action #521] t=19.66s step=985 queue=11 dmax=0.312 | shoulder_pan.pos=-3.44 shoulder_lift.pos=-99.99 elbow_flex.pos=+82.82 wrist_flex.pos=+79.29 wrist_roll.pos=+0.92 gripper.pos=+0.72
DEBUG 2026-08-20 07:29:28 [action #522] t=19.69s step=986 queue=10 dmax=0.538 | shoulder_pan.pos=-3.51 shoulder_lift.pos=-100.53 elbow_flex.pos=+83.06 wrist_flex.pos=+79.20 wrist_roll.pos=+1.05 gripper.pos=+0.88
DEBUG 2026-08-20 07:29:28 [action #523] t=19.73s step=987 queue=9 dmax=0.523 | shoulder_pan.pos=-3.57 shoulder_lift.pos=-100.00 elbow_flex.pos=+82.89 wrist_flex.pos=+78.99 wrist_roll.pos=+0.96 gripper.pos=+0.83
DEBUG 2026-08-20 07:29:28 [action #524] t=19.76s step=988 queue=8 dmax=0.292 | shoulder_pan.pos=-3.82 shoulder_lift.pos=-99.71 elbow_flex.pos=+82.74 wrist_flex.pos=+78.99 wrist_roll.pos=+0.99 gripper.pos=+0.89
DEBUG 2026-08-20 07:29:28 [action #525] t=19.79s step=989 queue=7 dmax=0.274 | shoulder_pan.pos=-3.54 shoulder_lift.pos=-99.97 elbow_flex.pos=+82.97 wrist_flex.pos=+78.98 wrist_roll.pos=+1.05 gripper.pos=+0.82
DEBUG 2026-08-20 07:29:28 [action #526] t=19.83s step=990 queue=6 dmax=0.447 | shoulder_pan.pos=-3.71 shoulder_lift.pos=-99.91 elbow_flex.pos=+83.41 wrist_flex.pos=+78.98 wrist_roll.pos=+0.87 gripper.pos=+0.85
DEBUG 2026-08-20 07:29:28 [action #527] t=19.86s step=991 queue=5 dmax=0.256 | shoulder_pan.pos=-3.90 shoulder_lift.pos=-99.73 elbow_flex.pos=+83.18 wrist_flex.pos=+78.72 wrist_roll.pos=+1.02 gripper.pos=+0.69
DEBUG 2026-08-20 07:29:28 [action #528] t=19.89s step=992 queue=4 dmax=0.143 | shoulder_pan.pos=-3.78 shoulder_lift.pos=-99.76 elbow_flex.pos=+83.26 wrist_flex.pos=+78.58 wrist_roll.pos=+1.03 gripper.pos=+0.83
DEBUG 2026-08-20 07:29:28 [action #529] t=19.93s step=993 queue=3 dmax=0.761 | shoulder_pan.pos=-4.18 shoulder_lift.pos=-99.00 elbow_flex.pos=+82.92 wrist_flex.pos=+78.64 wrist_roll.pos=+0.96 gripper.pos=+0.73
DEBUG 2026-08-20 07:29:28 [action #530] t=19.96s step=994 queue=2 dmax=0.662 | shoulder_pan.pos=-4.17 shoulder_lift.pos=-99.15 elbow_flex.pos=+83.59 wrist_flex.pos=+78.71 wrist_roll.pos=+0.95 gripper.pos=+0.59
DEBUG 2026-08-20 07:29:29 [action #531] t=20.00s step=995 queue=1 dmax=0.170 | shoulder_pan.pos=-4.14 shoulder_lift.pos=-99.32 elbow_flex.pos=+83.71 wrist_flex.pos=+78.64 wrist_roll.pos=+0.85 gripper.pos=+0.72
DEBUG 2026-08-20 07:29:29 [chunk] received 50 actions, timesteps 972..1021 | first: shoulder_pan.pos=-0.29 shoulder_lift.pos=-96.85 elbow_flex.pos=+80.20 wrist_flex.pos=+70.77 wrist_roll.pos=+0.66 gripper.pos=+0.79 | last: shoulder_pan.pos=-2.25 shoulder_lift.pos=-100.76 elbow_flex.pos=+89.34 wrist_flex.pos=+78.01 wrist_roll.pos=-0.60 gripper.pos=+0.62
DEBUG 2026-08-20 07:29:29 [action #532] t=20.06s step=996 queue=26 dmax=3.095 | shoulder_pan.pos=-2.71 shoulder_lift.pos=-100.26 elbow_flex.pos=+86.80 wrist_flex.pos=+79.03 wrist_roll.pos=-1.42 gripper.pos=+0.58
DEBUG 2026-08-20 07:29:29 [action #533] t=20.10s step=997 queue=25 dmax=0.729 | shoulder_pan.pos=-2.67 shoulder_lift.pos=-99.90 elbow_flex.pos=+86.07 wrist_flex.pos=+78.93 wrist_roll.pos=-1.46 gripper.pos=+0.65
DEBUG 2026-08-20 07:29:29 [action #534] t=20.13s step=998 queue=24 dmax=1.325 | shoulder_pan.pos=-2.58 shoulder_lift.pos=-100.66 elbow_flex.pos=+87.40 wrist_flex.pos=+78.84 wrist_roll.pos=-1.42 gripper.pos=+0.61
DEBUG 2026-08-20 07:29:29 [action #535] t=20.16s step=999 queue=23 dmax=0.517 | shoulder_pan.pos=-2.64 shoulder_lift.pos=-101.17 elbow_flex.pos=+87.54 wrist_flex.pos=+78.86 wrist_roll.pos=-1.21 gripper.pos=+0.58
DEBUG 2026-08-20 07:29:29 [action #536] t=20.20s step=1000 queue=22 dmax=0.858 | shoulder_pan.pos=-2.31 shoulder_lift.pos=-100.31 elbow_flex.pos=+87.59 wrist_flex.pos=+78.57 wrist_roll.pos=-1.28 gripper.pos=+0.71
DEBUG 2026-08-20 07:29:29 [action #537] t=20.23s step=1001 queue=21 dmax=0.295 | shoulder_pan.pos=-2.31 shoulder_lift.pos=-100.20 elbow_flex.pos=+87.29 wrist_flex.pos=+78.38 wrist_roll.pos=-1.11 gripper.pos=+0.64
DEBUG 2026-08-20 07:29:29 [action #538] t=20.26s step=1002 queue=20 dmax=0.908 | shoulder_pan.pos=-2.11 shoulder_lift.pos=-100.79 elbow_flex.pos=+88.20 wrist_flex.pos=+78.53 wrist_roll.pos=-1.08 gripper.pos=+0.49
DEBUG 2026-08-20 07:29:29 [action #539] t=20.30s step=1003 queue=19 dmax=0.606 | shoulder_pan.pos=-2.14 shoulder_lift.pos=-101.03 elbow_flex.pos=+87.60 wrist_flex.pos=+78.54 wrist_roll.pos=-1.09 gripper.pos=+0.59
DEBUG 2026-08-20 07:29:29 [action #540] t=20.33s step=1004 queue=18 dmax=0.647 | shoulder_pan.pos=-2.36 shoulder_lift.pos=-100.38 elbow_flex.pos=+87.80 wrist_flex.pos=+78.37 wrist_roll.pos=-0.94 gripper.pos=+0.65
DEBUG 2026-08-20 07:29:29 [action #541] t=20.36s step=1005 queue=17 dmax=0.279 | shoulder_pan.pos=-2.17 shoulder_lift.pos=-100.66 elbow_flex.pos=+87.92 wrist_flex.pos=+78.47 wrist_roll.pos=-0.74 gripper.pos=+0.66
DEBUG 2026-08-20 07:29:29 [action #542] t=20.40s step=1006 queue=16 dmax=0.301 | shoulder_pan.pos=-2.47 shoulder_lift.pos=-100.53 elbow_flex.pos=+88.10 wrist_flex.pos=+78.33 wrist_roll.pos=-0.92 gripper.pos=+0.82
DEBUG 2026-08-20 07:29:29 [action #543] t=20.43s step=1007 queue=15 dmax=1.302 | shoulder_pan.pos=-2.18 shoulder_lift.pos=-101.83 elbow_flex.pos=+87.82 wrist_flex.pos=+78.02 wrist_roll.pos=-0.89 gripper.pos=+0.69
DEBUG 2026-08-20 07:29:29 [action #544] t=20.46s step=1008 queue=14 dmax=0.767 | shoulder_pan.pos=-2.31 shoulder_lift.pos=-101.06 elbow_flex.pos=+88.39 wrist_flex.pos=+78.38 wrist_roll.pos=-0.77 gripper.pos=+0.72
DEBUG 2026-08-20 07:29:29 [action #545] t=20.50s step=1009 queue=13 dmax=0.268 | shoulder_pan.pos=-2.16 shoulder_lift.pos=-101.33 elbow_flex.pos=+88.50 wrist_flex.pos=+78.23 wrist_roll.pos=-0.79 gripper.pos=+0.75
DEBUG 2026-08-20 07:29:29 [action #546] t=20.53s step=1010 queue=12 dmax=1.126 | shoulder_pan.pos=-2.48 shoulder_lift.pos=-100.20 elbow_flex.pos=+88.61 wrist_flex.pos=+78.16 wrist_roll.pos=-0.81 gripper.pos=+0.71
DEBUG 2026-08-20 07:29:29 [action #547] t=20.56s step=1011 queue=11 dmax=1.221 | shoulder_pan.pos=-2.30 shoulder_lift.pos=-101.42 elbow_flex.pos=+88.70 wrist_flex.pos=+78.11 wrist_roll.pos=-0.74 gripper.pos=+0.66
DEBUG 2026-08-20 07:29:29 [action #548] t=20.60s step=1012 queue=10 dmax=0.535 | shoulder_pan.pos=-2.42 shoulder_lift.pos=-100.89 elbow_flex.pos=+88.95 wrist_flex.pos=+78.11 wrist_roll.pos=-0.64 gripper.pos=+0.64
DEBUG 2026-08-20 07:29:29 [action #549] t=20.63s step=1013 queue=9 dmax=0.422 | shoulder_pan.pos=-2.30 shoulder_lift.pos=-100.98 elbow_flex.pos=+88.53 wrist_flex.pos=+78.09 wrist_roll.pos=-0.80 gripper.pos=+0.75
DEBUG 2026-08-20 07:29:29 [action #550] t=20.66s step=1014 queue=8 dmax=0.567 | shoulder_pan.pos=-2.50 shoulder_lift.pos=-100.54 elbow_flex.pos=+89.09 wrist_flex.pos=+78.09 wrist_roll.pos=-0.66 gripper.pos=+0.74
DEBUG 2026-08-20 07:29:29 [action #551] t=20.70s step=1015 queue=7 dmax=0.334 | shoulder_pan.pos=-2.55 shoulder_lift.pos=-100.87 elbow_flex.pos=+89.13 wrist_flex.pos=+78.14 wrist_roll.pos=-0.69 gripper.pos=+0.71
DEBUG 2026-08-20 07:29:29 [action #552] t=20.73s step=1016 queue=6 dmax=0.344 | shoulder_pan.pos=-2.39 shoulder_lift.pos=-101.18 elbow_flex.pos=+88.78 wrist_flex.pos=+77.96 wrist_roll.pos=-0.71 gripper.pos=+0.59
DEBUG 2026-08-20 07:29:29 [chunk] received 50 actions, timesteps 995..1044 | first: shoulder_pan.pos=-3.41 shoulder_lift.pos=-100.23 elbow_flex.pos=+85.30 wrist_flex.pos=+78.86 wrist_roll.pos=+1.13 gripper.pos=+0.98 | last: shoulder_pan.pos=-3.51 shoulder_lift.pos=-102.31 elbow_flex.pos=+88.83 wrist_flex.pos=+78.68 wrist_roll.pos=-0.15 gripper.pos=+0.67
DEBUG 2026-08-20 07:29:29 [action #553] t=20.76s step=1017 queue=28 dmax=0.821 | shoulder_pan.pos=-3.21 shoulder_lift.pos=-101.15 elbow_flex.pos=+88.23 wrist_flex.pos=+78.18 wrist_roll.pos=-0.30 gripper.pos=+0.77
DEBUG 2026-08-20 07:29:29 [action #554] t=20.80s step=1018 queue=27 dmax=0.483 | shoulder_pan.pos=-3.43 shoulder_lift.pos=-101.63 elbow_flex.pos=+88.37 wrist_flex.pos=+78.37 wrist_roll.pos=-0.22 gripper.pos=+0.79
DEBUG 2026-08-20 07:29:29 [action #555] t=20.83s step=1019 queue=26 dmax=0.302 | shoulder_pan.pos=-3.31 shoulder_lift.pos=-101.50 elbow_flex.pos=+88.07 wrist_flex.pos=+78.46 wrist_roll.pos=-0.18 gripper.pos=+0.73
DEBUG 2026-08-20 07:29:29 [action #556] t=20.86s step=1020 queue=25 dmax=0.247 | shoulder_pan.pos=-3.09 shoulder_lift.pos=-101.25 elbow_flex.pos=+88.08 wrist_flex.pos=+78.37 wrist_roll.pos=-0.17 gripper.pos=+0.83
DEBUG 2026-08-20 07:29:29 [action #557] t=20.90s step=1021 queue=24 dmax=0.278 | shoulder_pan.pos=-3.09 shoulder_lift.pos=-101.53 elbow_flex.pos=+88.20 wrist_flex.pos=+78.35 wrist_roll.pos=-0.23 gripper.pos=+0.83
DEBUG 2026-08-20 07:29:29 [action #558] t=20.93s step=1022 queue=23 dmax=0.695 | shoulder_pan.pos=-3.58 shoulder_lift.pos=-102.01 elbow_flex.pos=+87.50 wrist_flex.pos=+78.70 wrist_roll.pos=-0.02 gripper.pos=+0.79
DEBUG 2026-08-20 07:29:29 [action #559] t=20.97s step=1023 queue=22 dmax=0.319 | shoulder_pan.pos=-3.80 shoulder_lift.pos=-102.05 elbow_flex.pos=+87.82 wrist_flex.pos=+78.44 wrist_roll.pos=+0.00 gripper.pos=+0.86
DEBUG 2026-08-20 07:29:30 [action #560] t=21.00s step=1024 queue=21 dmax=0.314 | shoulder_pan.pos=-3.60 shoulder_lift.pos=-101.91 elbow_flex.pos=+87.51 wrist_flex.pos=+78.56 wrist_roll.pos=-0.02 gripper.pos=+0.77
DEBUG 2026-08-20 07:29:30 [action #561] t=21.03s step=1025 queue=20 dmax=0.410 | shoulder_pan.pos=-3.59 shoulder_lift.pos=-102.32 elbow_flex.pos=+87.73 wrist_flex.pos=+78.75 wrist_roll.pos=-0.04 gripper.pos=+0.79
DEBUG 2026-08-20 07:29:30 [action #562] t=21.07s step=1026 queue=19 dmax=0.784 | shoulder_pan.pos=-3.35 shoulder_lift.pos=-101.54 elbow_flex.pos=+87.64 wrist_flex.pos=+78.55 wrist_roll.pos=+0.08 gripper.pos=+0.85
DEBUG 2026-08-20 07:29:30 [action #563] t=21.10s step=1027 queue=18 dmax=0.454 | shoulder_pan.pos=-3.53 shoulder_lift.pos=-101.66 elbow_flex.pos=+88.10 wrist_flex.pos=+78.42 wrist_roll.pos=-0.04 gripper.pos=+0.62
DEBUG 2026-08-20 07:29:30 [action #564] t=21.13s step=1028 queue=17 dmax=0.319 | shoulder_pan.pos=-3.58 shoulder_lift.pos=-101.98 elbow_flex.pos=+88.12 wrist_flex.pos=+78.59 wrist_roll.pos=-0.00 gripper.pos=+0.89
DEBUG 2026-08-20 07:29:30 [action #565] t=21.17s step=1029 queue=16 dmax=0.164 | shoulder_pan.pos=-3.69 shoulder_lift.pos=-102.10 elbow_flex.pos=+88.01 wrist_flex.pos=+78.57 wrist_roll.pos=+0.10 gripper.pos=+0.72
DEBUG 2026-08-20 07:29:30 [action #566] t=21.20s step=1030 queue=15 dmax=0.166 | shoulder_pan.pos=-3.69 shoulder_lift.pos=-101.94 elbow_flex.pos=+88.17 wrist_flex.pos=+78.52 wrist_roll.pos=+0.12 gripper.pos=+0.66
DEBUG 2026-08-20 07:29:30 [action #567] t=21.23s step=1031 queue=14 dmax=0.923 | shoulder_pan.pos=-3.77 shoulder_lift.pos=-102.86 elbow_flex.pos=+88.63 wrist_flex.pos=+78.33 wrist_roll.pos=-0.02 gripper.pos=+0.70
DEBUG 2026-08-20 07:29:30 [action #568] t=21.27s step=1032 queue=13 dmax=1.059 | shoulder_pan.pos=-3.71 shoulder_lift.pos=-101.80 elbow_flex.pos=+88.25 wrist_flex.pos=+78.58 wrist_roll.pos=-0.10 gripper.pos=+0.80
DEBUG 2026-08-20 07:29:30 [action #569] t=21.30s step=1033 queue=12 dmax=0.285 | shoulder_pan.pos=-3.56 shoulder_lift.pos=-101.75 elbow_flex.pos=+88.53 wrist_flex.pos=+78.57 wrist_roll.pos=-0.08 gripper.pos=+1.02
DEBUG 2026-08-20 07:29:30 [action #570] t=21.33s step=1034 queue=11 dmax=0.755 | shoulder_pan.pos=-3.62 shoulder_lift.pos=-102.47 elbow_flex.pos=+87.78 wrist_flex.pos=+78.21 wrist_roll.pos=-0.04 gripper.pos=+0.63
DEBUG 2026-08-20 07:29:30 [action #571] t=21.37s step=1035 queue=10 dmax=0.576 | shoulder_pan.pos=-3.70 shoulder_lift.pos=-101.99 elbow_flex.pos=+88.35 wrist_flex.pos=+78.53 wrist_roll.pos=-0.11 gripper.pos=+0.75
DEBUG 2026-08-20 07:29:30 [action #572] t=21.40s step=1036 queue=9 dmax=0.470 | shoulder_pan.pos=-3.46 shoulder_lift.pos=-101.52 elbow_flex.pos=+88.71 wrist_flex.pos=+78.57 wrist_roll.pos=-0.01 gripper.pos=+0.73
DEBUG 2026-08-20 07:29:30 [action #573] t=21.43s step=1037 queue=8 dmax=0.436 | shoulder_pan.pos=-3.52 shoulder_lift.pos=-101.93 elbow_flex.pos=+88.27 wrist_flex.pos=+78.54 wrist_roll.pos=-0.16 gripper.pos=+0.65
DEBUG 2026-08-20 07:29:30 [chunk] received 50 actions, timesteps 1016..1065 | first: shoulder_pan.pos=-2.50 shoulder_lift.pos=-101.05 elbow_flex.pos=+86.80 wrist_flex.pos=+78.69 wrist_roll.pos=-1.06 gripper.pos=+0.95 | last: shoulder_pan.pos=-2.99 shoulder_lift.pos=-102.59 elbow_flex.pos=+89.08 wrist_flex.pos=+78.53 wrist_roll.pos=-1.06 gripper.pos=+0.91
DEBUG 2026-08-20 07:29:30 [action #574] t=21.47s step=1038 queue=28 dmax=0.698 | shoulder_pan.pos=-3.37 shoulder_lift.pos=-102.60 elbow_flex.pos=+88.90 wrist_flex.pos=+78.63 wrist_roll.pos=-0.86 gripper.pos=+0.94
DEBUG 2026-08-20 07:29:30 [action #575] t=21.50s step=1039 queue=27 dmax=0.207 | shoulder_pan.pos=-3.26 shoulder_lift.pos=-102.53 elbow_flex.pos=+88.70 wrist_flex.pos=+78.51 wrist_roll.pos=-0.84 gripper.pos=+0.95
DEBUG 2026-08-20 07:29:30 [action #576] t=21.53s step=1040 queue=26 dmax=0.306 | shoulder_pan.pos=-3.30 shoulder_lift.pos=-102.49 elbow_flex.pos=+89.00 wrist_flex.pos=+78.44 wrist_roll.pos=-0.82 gripper.pos=+0.91
DEBUG 2026-08-20 07:29:30 [action #577] t=21.57s step=1041 queue=25 dmax=0.275 | shoulder_pan.pos=-3.31 shoulder_lift.pos=-102.21 elbow_flex.pos=+89.15 wrist_flex.pos=+78.37 wrist_roll.pos=-0.91 gripper.pos=+0.98
DEBUG 2026-08-20 07:29:30 [action #578] t=21.60s step=1042 queue=24 dmax=0.232 | shoulder_pan.pos=-3.27 shoulder_lift.pos=-102.38 elbow_flex.pos=+89.38 wrist_flex.pos=+78.43 wrist_roll.pos=-0.87 gripper.pos=+0.93
DEBUG 2026-08-20 07:29:30 [action #579] t=21.63s step=1043 queue=23 dmax=0.429 | shoulder_pan.pos=-3.23 shoulder_lift.pos=-101.96 elbow_flex.pos=+88.95 wrist_flex.pos=+78.55 wrist_roll.pos=-0.84 gripper.pos=+0.88
DEBUG 2026-08-20 07:29:30 [action #580] t=21.67s step=1044 queue=22 dmax=0.243 | shoulder_pan.pos=-3.26 shoulder_lift.pos=-102.19 elbow_flex.pos=+89.20 wrist_flex.pos=+78.55 wrist_roll.pos=-0.88 gripper.pos=+0.85
DEBUG 2026-08-20 07:29:30 [action #581] t=21.70s step=1045 queue=21 dmax=0.646 | shoulder_pan.pos=-3.23 shoulder_lift.pos=-101.55 elbow_flex.pos=+89.63 wrist_flex.pos=+78.54 wrist_roll.pos=-1.18 gripper.pos=+1.03
DEBUG 2026-08-20 07:29:30 [action #582] t=21.73s step=1046 queue=20 dmax=0.462 | shoulder_pan.pos=-2.98 shoulder_lift.pos=-102.01 elbow_flex.pos=+89.23 wrist_flex.pos=+78.46 wrist_roll.pos=-1.24 gripper.pos=+0.87
DEBUG 2026-08-20 07:29:30 [action #583] t=21.77s step=1047 queue=19 dmax=0.840 | shoulder_pan.pos=-3.01 shoulder_lift.pos=-101.17 elbow_flex.pos=+88.96 wrist_flex.pos=+78.26 wrist_roll.pos=-1.12 gripper.pos=+0.92
DEBUG 2026-08-20 07:29:30 [action #584] t=21.80s step=1048 queue=18 dmax=0.272 | shoulder_pan.pos=-2.93 shoulder_lift.pos=-101.44 elbow_flex.pos=+89.04 wrist_flex.pos=+78.51 wrist_roll.pos=-1.12 gripper.pos=+0.96
DEBUG 2026-08-20 07:29:30 [action #585] t=21.83s step=1049 queue=17 dmax=0.602 | shoulder_pan.pos=-2.93 shoulder_lift.pos=-102.04 elbow_flex.pos=+88.88 wrist_flex.pos=+78.36 wrist_roll.pos=-1.21 gripper.pos=+0.86
DEBUG 2026-08-20 07:29:30 [action #586] t=21.87s step=1050 queue=16 dmax=0.589 | shoulder_pan.pos=-2.83 shoulder_lift.pos=-102.63 elbow_flex.pos=+89.02 wrist_flex.pos=+78.29 wrist_roll.pos=-1.19 gripper.pos=+0.90
DEBUG 2026-08-20 07:29:30 [action #587] t=21.90s step=1051 queue=15 dmax=0.760 | shoulder_pan.pos=-2.90 shoulder_lift.pos=-101.87 elbow_flex.pos=+88.42 wrist_flex.pos=+78.27 wrist_roll.pos=-1.22 gripper.pos=+0.84
DEBUG 2026-08-20 07:29:30 [action #588] t=21.93s step=1052 queue=14 dmax=0.324 | shoulder_pan.pos=-2.90 shoulder_lift.pos=-101.85 elbow_flex.pos=+88.74 wrist_flex.pos=+78.46 wrist_roll.pos=-1.25 gripper.pos=+0.97
DEBUG 2026-08-20 07:29:30 [action #589] t=21.97s step=1053 queue=13 dmax=0.260 | shoulder_pan.pos=-2.79 shoulder_lift.pos=-101.88 elbow_flex.pos=+89.00 wrist_flex.pos=+78.42 wrist_roll.pos=-1.18 gripper.pos=+0.95
DEBUG 2026-08-20 07:29:31 [action #590] t=22.00s step=1054 queue=12 dmax=0.552 | shoulder_pan.pos=-2.89 shoulder_lift.pos=-102.44 elbow_flex.pos=+89.11 wrist_flex.pos=+78.39 wrist_roll.pos=-1.17 gripper.pos=+1.03
DEBUG 2026-08-20 07:29:31 [action #591] t=22.04s step=1055 queue=11 dmax=0.455 | shoulder_pan.pos=-2.83 shoulder_lift.pos=-102.53 elbow_flex.pos=+88.66 wrist_flex.pos=+78.44 wrist_roll.pos=-1.21 gripper.pos=+0.90
DEBUG 2026-08-20 07:29:31 [action #592] t=22.07s step=1056 queue=10 dmax=0.287 | shoulder_pan.pos=-2.83 shoulder_lift.pos=-102.24 elbow_flex.pos=+88.79 wrist_flex.pos=+78.25 wrist_roll.pos=-1.20 gripper.pos=+0.92
DEBUG 2026-08-20 07:29:31 [chunk] received 50 actions, timesteps 1037..1086 | first: shoulder_pan.pos=-2.82 shoulder_lift.pos=-101.57 elbow_flex.pos=+86.99 wrist_flex.pos=+78.26 wrist_roll.pos=-0.45 gripper.pos=+0.84 | last: shoulder_pan.pos=-2.92 shoulder_lift.pos=-102.81 elbow_flex.pos=+88.83 wrist_flex.pos=+78.21 wrist_roll.pos=-1.25 gripper.pos=+0.85
INFO 2026-08-20 07:29:31 Final action sent: shoulder_pan.pos=-2.83 shoulder_lift.pos=-102.24 elbow_flex.pos=+88.79 wrist_flex.pos=+78.25 wrist_roll.pos=-1.20 gripper.pos=+0.92
DEBUG 2026-08-20 07:29:31 === episode end | 22.1s | converged=True | actions=592 ===
DEBUG 2026-08-20 07:29:37 === episode start | task: 'put the bag on the tray' | duration: 30.0s ===
DEBUG 2026-08-20 07:29:38 [chunk] received 50 actions, timesteps 0..49 | first: shoulder_pan.pos=-3.74 shoulder_lift.pos=-102.17 elbow_flex.pos=+88.37 wrist_flex.pos=+75.20 wrist_roll.pos=-0.74 gripper.pos=+0.89 | last: shoulder_pan.pos=-5.50 shoulder_lift.pos=-100.62 elbow_flex.pos=+80.20 wrist_flex.pos=+74.65 wrist_roll.pos=-1.10 gripper.pos=+0.64
DEBUG 2026-08-20 07:29:38 [action #1] t=0.84s step=0 queue=50 dmax=n/a | shoulder_pan.pos=-3.74 shoulder_lift.pos=-102.17 elbow_flex.pos=+88.37 wrist_flex.pos=+75.20 wrist_roll.pos=-0.74 gripper.pos=+0.89
DEBUG 2026-08-20 07:29:38 [action #2] t=0.87s step=1 queue=49 dmax=0.843 | shoulder_pan.pos=-3.90 shoulder_lift.pos=-101.32 elbow_flex.pos=+88.81 wrist_flex.pos=+75.06 wrist_roll.pos=-0.71 gripper.pos=+0.83
DEBUG 2026-08-20 07:29:38 [action #3] t=0.90s step=2 queue=48 dmax=1.126 | shoulder_pan.pos=-4.04 shoulder_lift.pos=-101.52 elbow_flex.pos=+87.68 wrist_flex.pos=+75.03 wrist_roll.pos=-0.76 gripper.pos=+0.89
DEBUG 2026-08-20 07:29:38 [action #4] t=0.94s step=3 queue=47 dmax=0.454 | shoulder_pan.pos=-3.81 shoulder_lift.pos=-101.87 elbow_flex.pos=+88.13 wrist_flex.pos=+75.24 wrist_roll.pos=-0.68 gripper.pos=+0.94
DEBUG 2026-08-20 07:29:38 [action #5] t=0.97s step=4 queue=46 dmax=0.394 | shoulder_pan.pos=-3.97 shoulder_lift.pos=-101.47 elbow_flex.pos=+88.01 wrist_flex.pos=+75.30 wrist_roll.pos=-0.67 gripper.pos=+1.04
DEBUG 2026-08-20 07:29:38 [action #6] t=1.00s step=5 queue=45 dmax=0.073 | shoulder_pan.pos=-4.02 shoulder_lift.pos=-101.47 elbow_flex.pos=+88.08 wrist_flex.pos=+75.22 wrist_roll.pos=-0.71 gripper.pos=+0.97
DEBUG 2026-08-20 07:29:38 [action #7] t=1.04s step=6 queue=44 dmax=0.368 | shoulder_pan.pos=-3.85 shoulder_lift.pos=-101.47 elbow_flex.pos=+87.71 wrist_flex.pos=+75.18 wrist_roll.pos=-0.64 gripper.pos=+0.77
DEBUG 2026-08-20 07:29:38 [action #8] t=1.07s step=7 queue=43 dmax=0.407 | shoulder_pan.pos=-4.19 shoulder_lift.pos=-101.88 elbow_flex.pos=+87.36 wrist_flex.pos=+75.11 wrist_roll.pos=-0.69 gripper.pos=+0.77
DEBUG 2026-08-20 07:29:39 [action #9] t=1.10s step=8 queue=42 dmax=0.904 | shoulder_pan.pos=-4.23 shoulder_lift.pos=-100.98 elbow_flex.pos=+87.64 wrist_flex.pos=+75.29 wrist_roll.pos=-0.73 gripper.pos=+0.74
DEBUG 2026-08-20 07:29:39 [action #10] t=1.14s step=9 queue=41 dmax=0.424 | shoulder_pan.pos=-3.81 shoulder_lift.pos=-101.34 elbow_flex.pos=+87.96 wrist_flex.pos=+75.29 wrist_roll.pos=-0.76 gripper.pos=+0.89
DEBUG 2026-08-20 07:29:39 [action #11] t=1.17s step=10 queue=40 dmax=0.322 | shoulder_pan.pos=-4.12 shoulder_lift.pos=-101.34 elbow_flex.pos=+87.63 wrist_flex.pos=+75.44 wrist_roll.pos=-0.75 gripper.pos=+0.86
DEBUG 2026-08-20 07:29:39 [action #12] t=1.20s step=11 queue=39 dmax=0.308 | shoulder_pan.pos=-4.03 shoulder_lift.pos=-101.30 elbow_flex.pos=+87.33 wrist_flex.pos=+75.31 wrist_roll.pos=-0.73 gripper.pos=+0.71
DEBUG 2026-08-20 07:29:39 [action #13] t=1.24s step=12 queue=38 dmax=0.922 | shoulder_pan.pos=-4.13 shoulder_lift.pos=-102.22 elbow_flex.pos=+87.42 wrist_flex.pos=+75.25 wrist_roll.pos=-0.71 gripper.pos=+0.74
DEBUG 2026-08-20 07:29:39 [action #14] t=1.27s step=13 queue=37 dmax=0.516 | shoulder_pan.pos=-4.25 shoulder_lift.pos=-101.71 elbow_flex.pos=+87.57 wrist_flex.pos=+75.27 wrist_roll.pos=-0.77 gripper.pos=+0.76
DEBUG 2026-08-20 07:29:39 [action #15] t=1.30s step=14 queue=36 dmax=0.533 | shoulder_pan.pos=-3.96 shoulder_lift.pos=-101.17 elbow_flex.pos=+87.12 wrist_flex.pos=+75.35 wrist_roll.pos=-0.79 gripper.pos=+0.80
DEBUG 2026-08-20 07:29:39 [action #16] t=1.34s step=15 queue=35 dmax=0.812 | shoulder_pan.pos=-4.20 shoulder_lift.pos=-101.88 elbow_flex.pos=+86.30 wrist_flex.pos=+75.44 wrist_roll.pos=-0.71 gripper.pos=+0.72
DEBUG 2026-08-20 07:29:39 [action #17] t=1.37s step=16 queue=34 dmax=0.224 | shoulder_pan.pos=-4.15 shoulder_lift.pos=-101.71 elbow_flex.pos=+86.53 wrist_flex.pos=+75.38 wrist_roll.pos=-0.83 gripper.pos=+0.84
DEBUG 2026-08-20 07:29:39 [action #18] t=1.41s step=17 queue=33 dmax=0.147 | shoulder_pan.pos=-4.22 shoulder_lift.pos=-101.82 elbow_flex.pos=+86.44 wrist_flex.pos=+75.53 wrist_roll.pos=-0.80 gripper.pos=+0.77
DEBUG 2026-08-20 07:29:39 [action #19] t=1.44s step=18 queue=32 dmax=0.915 | shoulder_pan.pos=-4.03 shoulder_lift.pos=-100.91 elbow_flex.pos=+86.38 wrist_flex.pos=+75.51 wrist_roll.pos=-0.79 gripper.pos=+0.82
DEBUG 2026-08-20 07:29:39 [action #20] t=1.47s step=19 queue=31 dmax=0.787 | shoulder_pan.pos=-4.18 shoulder_lift.pos=-101.30 elbow_flex.pos=+85.60 wrist_flex.pos=+75.61 wrist_roll.pos=-0.81 gripper.pos=+0.78
DEBUG 2026-08-20 07:29:39 [action #21] t=1.51s step=20 queue=30 dmax=0.207 | shoulder_pan.pos=-4.26 shoulder_lift.pos=-101.28 elbow_flex.pos=+85.39 wrist_flex.pos=+75.51 wrist_roll.pos=-0.86 gripper.pos=+0.72
DEBUG 2026-08-20 07:29:39 [action #22] t=1.54s step=21 queue=29 dmax=0.290 | shoulder_pan.pos=-4.00 shoulder_lift.pos=-101.57 elbow_flex.pos=+85.37 wrist_flex.pos=+75.66 wrist_roll.pos=-0.83 gripper.pos=+0.83
DEBUG 2026-08-20 07:29:39 [action #23] t=1.57s step=22 queue=28 dmax=0.172 | shoulder_pan.pos=-4.09 shoulder_lift.pos=-101.40 elbow_flex.pos=+85.30 wrist_flex.pos=+75.57 wrist_roll.pos=-0.85 gripper.pos=+0.73
DEBUG 2026-08-20 07:29:39 [action #24] t=1.61s step=23 queue=27 dmax=0.377 | shoulder_pan.pos=-4.19 shoulder_lift.pos=-101.77 elbow_flex.pos=+85.20 wrist_flex.pos=+75.58 wrist_roll.pos=-0.89 gripper.pos=+0.82
DEBUG 2026-08-20 07:29:39 [action #25] t=1.64s step=24 queue=26 dmax=0.156 | shoulder_pan.pos=-4.15 shoulder_lift.pos=-101.68 elbow_flex.pos=+85.04 wrist_flex.pos=+75.54 wrist_roll.pos=-0.92 gripper.pos=+0.92
DEBUG 2026-08-20 07:29:39 [action #26] t=1.67s step=25 queue=25 dmax=0.220 | shoulder_pan.pos=-4.13 shoulder_lift.pos=-101.53 elbow_flex.pos=+84.89 wrist_flex.pos=+75.64 wrist_roll.pos=-0.78 gripper.pos=+0.70
DEBUG 2026-08-20 07:29:39 [action #27] t=1.71s step=26 queue=24 dmax=0.940 | shoulder_pan.pos=-4.05 shoulder_lift.pos=-101.69 elbow_flex.pos=+83.95 wrist_flex.pos=+75.61 wrist_roll.pos=-0.86 gripper.pos=+0.80
DEBUG 2026-08-20 07:29:39 [action #28] t=1.74s step=27 queue=23 dmax=0.513 | shoulder_pan.pos=-4.56 shoulder_lift.pos=-101.29 elbow_flex.pos=+84.31 wrist_flex.pos=+75.53 wrist_roll.pos=-0.92 gripper.pos=+0.67
DEBUG 2026-08-20 07:29:39 [action #29] t=1.77s step=28 queue=22 dmax=0.471 | shoulder_pan.pos=-4.34 shoulder_lift.pos=-101.66 elbow_flex.pos=+83.83 wrist_flex.pos=+75.48 wrist_roll.pos=-0.90 gripper.pos=+0.76
DEBUG 2026-08-20 07:29:39 [action #30] t=1.81s step=29 queue=21 dmax=0.317 | shoulder_pan.pos=-4.66 shoulder_lift.pos=-101.59 elbow_flex.pos=+83.94 wrist_flex.pos=+75.62 wrist_roll.pos=-0.87 gripper.pos=+0.67
DEBUG 2026-08-20 07:29:39 [action #31] t=1.84s step=30 queue=20 dmax=0.401 | shoulder_pan.pos=-4.65 shoulder_lift.pos=-101.19 elbow_flex.pos=+84.12 wrist_flex.pos=+75.30 wrist_roll.pos=-0.90 gripper.pos=+0.63
DEBUG 2026-08-20 07:29:39 [action #32] t=1.87s step=31 queue=19 dmax=0.718 | shoulder_pan.pos=-4.95 shoulder_lift.pos=-101.91 elbow_flex.pos=+83.88 wrist_flex.pos=+75.31 wrist_roll.pos=-0.94 gripper.pos=+0.69
DEBUG 2026-08-20 07:29:39 [action #33] t=1.91s step=32 queue=18 dmax=0.684 | shoulder_pan.pos=-5.13 shoulder_lift.pos=-101.70 elbow_flex.pos=+83.19 wrist_flex.pos=+75.39 wrist_roll.pos=-0.84 gripper.pos=+0.70
DEBUG 2026-08-20 07:29:39 [action #34] t=1.94s step=33 queue=17 dmax=0.600 | shoulder_pan.pos=-5.19 shoulder_lift.pos=-101.90 elbow_flex.pos=+83.79 wrist_flex.pos=+75.23 wrist_roll.pos=-0.96 gripper.pos=+0.61
DEBUG 2026-08-20 07:29:39 [action #35] t=1.97s step=34 queue=16 dmax=0.754 | shoulder_pan.pos=-5.31 shoulder_lift.pos=-101.15 elbow_flex.pos=+83.23 wrist_flex.pos=+75.26 wrist_roll.pos=-0.92 gripper.pos=+0.53
DEBUG 2026-08-20 07:29:39 [action #36] t=2.01s step=35 queue=15 dmax=0.363 | shoulder_pan.pos=-5.31 shoulder_lift.pos=-101.11 elbow_flex.pos=+82.87 wrist_flex.pos=+75.08 wrist_roll.pos=-0.87 gripper.pos=+0.58
DEBUG 2026-08-20 07:29:39 [action #37] t=2.04s step=36 queue=14 dmax=0.431 | shoulder_pan.pos=-5.51 shoulder_lift.pos=-101.09 elbow_flex.pos=+83.30 wrist_flex.pos=+75.11 wrist_roll.pos=-0.93 gripper.pos=+0.56
DEBUG 2026-08-20 07:29:39 [action #38] t=2.07s step=37 queue=13 dmax=0.466 | shoulder_pan.pos=-5.05 shoulder_lift.pos=-101.18 elbow_flex.pos=+83.03 wrist_flex.pos=+74.93 wrist_roll.pos=-0.87 gripper.pos=+0.65
DEBUG 2026-08-20 07:29:40 [action #39] t=2.11s step=38 queue=12 dmax=0.472 | shoulder_pan.pos=-5.31 shoulder_lift.pos=-101.55 elbow_flex.pos=+82.56 wrist_flex.pos=+74.99 wrist_roll.pos=-0.95 gripper.pos=+0.66
DEBUG 2026-08-20 07:29:40 [action #40] t=2.14s step=39 queue=11 dmax=0.576 | shoulder_pan.pos=-5.42 shoulder_lift.pos=-101.92 elbow_flex.pos=+83.14 wrist_flex.pos=+74.90 wrist_roll.pos=-0.95 gripper.pos=+0.71
DEBUG 2026-08-20 07:29:40 [action #41] t=2.17s step=40 queue=10 dmax=1.130 | shoulder_pan.pos=-5.21 shoulder_lift.pos=-100.79 elbow_flex.pos=+82.45 wrist_flex.pos=+75.00 wrist_roll.pos=-1.10 gripper.pos=+0.60
DEBUG 2026-08-20 07:29:40 [action #42] t=2.21s step=41 queue=9 dmax=0.921 | shoulder_pan.pos=-5.06 shoulder_lift.pos=-101.57 elbow_flex.pos=+81.53 wrist_flex.pos=+74.88 wrist_roll.pos=-1.00 gripper.pos=+0.50
DEBUG 2026-08-20 07:29:40 [action #43] t=2.24s step=42 queue=8 dmax=0.543 | shoulder_pan.pos=-5.24 shoulder_lift.pos=-101.30 elbow_flex.pos=+82.07 wrist_flex.pos=+74.82 wrist_roll.pos=-1.00 gripper.pos=+0.87
DEBUG 2026-08-20 07:29:40 [action #44] t=2.27s step=43 queue=7 dmax=0.258 | shoulder_pan.pos=-5.40 shoulder_lift.pos=-101.14 elbow_flex.pos=+81.85 wrist_flex.pos=+74.87 wrist_roll.pos=-1.02 gripper.pos=+0.61
DEBUG 2026-08-20 07:29:40 [action #45] t=2.31s step=44 queue=6 dmax=0.490 | shoulder_pan.pos=-5.31 shoulder_lift.pos=-101.29 elbow_flex.pos=+81.36 wrist_flex.pos=+74.78 wrist_roll.pos=-1.03 gripper.pos=+0.62
DEBUG 2026-08-20 07:29:40 [action #46] t=2.34s step=45 queue=5 dmax=0.501 | shoulder_pan.pos=-5.42 shoulder_lift.pos=-101.63 elbow_flex.pos=+81.86 wrist_flex.pos=+74.90 wrist_roll.pos=-1.09 gripper.pos=+0.70
DEBUG 2026-08-20 07:29:40 [chunk] received 50 actions, timesteps 17..66 | first: shoulder_pan.pos=-4.11 shoulder_lift.pos=-101.76 elbow_flex.pos=+87.88 wrist_flex.pos=+75.08 wrist_roll.pos=-1.03 gripper.pos=+0.82 | last: shoulder_pan.pos=-4.69 shoulder_lift.pos=-96.42 elbow_flex.pos=+70.29 wrist_flex.pos=+73.92 wrist_roll.pos=-1.95 gripper.pos=+0.76
DEBUG 2026-08-20 07:29:40 [action #47] t=2.38s step=46 queue=21 dmax=0.504 | shoulder_pan.pos=-4.92 shoulder_lift.pos=-101.62 elbow_flex.pos=+82.37 wrist_flex.pos=+74.53 wrist_roll.pos=-1.02 gripper.pos=+0.71
DEBUG 2026-08-20 07:29:40 [action #48] t=2.41s step=47 queue=20 dmax=0.386 | shoulder_pan.pos=-5.02 shoulder_lift.pos=-101.84 elbow_flex.pos=+81.98 wrist_flex.pos=+74.39 wrist_roll.pos=-0.94 gripper.pos=+0.63
DEBUG 2026-08-20 07:29:40 [action #49] t=2.44s step=48 queue=19 dmax=0.445 | shoulder_pan.pos=-4.97 shoulder_lift.pos=-101.55 elbow_flex.pos=+81.54 wrist_flex.pos=+74.36 wrist_roll.pos=-0.96 gripper.pos=+0.70
DEBUG 2026-08-20 07:29:40 [action #50] t=2.48s step=49 queue=18 dmax=0.291 | shoulder_pan.pos=-4.94 shoulder_lift.pos=-101.35 elbow_flex.pos=+81.25 wrist_flex.pos=+74.23 wrist_roll.pos=-1.01 gripper.pos=+0.71
DEBUG 2026-08-20 07:29:40 [action #51] t=2.51s step=50 queue=17 dmax=0.463 | shoulder_pan.pos=-4.72 shoulder_lift.pos=-101.81 elbow_flex.pos=+81.00 wrist_flex.pos=+74.07 wrist_roll.pos=-0.90 gripper.pos=+0.60
DEBUG 2026-08-20 07:29:40 [action #52] t=2.54s step=51 queue=16 dmax=0.406 | shoulder_pan.pos=-4.78 shoulder_lift.pos=-102.22 elbow_flex.pos=+81.17 wrist_flex.pos=+74.13 wrist_roll.pos=-0.97 gripper.pos=+0.63
DEBUG 2026-08-20 07:29:40 [action #53] t=2.58s step=52 queue=15 dmax=1.071 | shoulder_pan.pos=-4.96 shoulder_lift.pos=-101.70 elbow_flex.pos=+80.10 wrist_flex.pos=+74.05 wrist_roll.pos=-0.92 gripper.pos=+0.55
DEBUG 2026-08-20 07:29:40 [action #54] t=2.61s step=53 queue=14 dmax=0.544 | shoulder_pan.pos=-4.97 shoulder_lift.pos=-101.16 elbow_flex.pos=+79.91 wrist_flex.pos=+73.94 wrist_roll.pos=-0.88 gripper.pos=+0.69
DEBUG 2026-08-20 07:29:40 [action #55] t=2.64s step=54 queue=13 dmax=0.341 | shoulder_pan.pos=-4.98 shoulder_lift.pos=-101.50 elbow_flex.pos=+79.68 wrist_flex.pos=+74.06 wrist_roll.pos=-0.99 gripper.pos=+0.67
DEBUG 2026-08-20 07:29:40 [action #56] t=2.68s step=55 queue=12 dmax=0.812 | shoulder_pan.pos=-4.97 shoulder_lift.pos=-101.48 elbow_flex.pos=+78.87 wrist_flex.pos=+74.21 wrist_roll.pos=-0.92 gripper.pos=+0.64
DEBUG 2026-08-20 07:29:40 [action #57] t=2.71s step=56 queue=11 dmax=0.489 | shoulder_pan.pos=-4.88 shoulder_lift.pos=-101.87 elbow_flex.pos=+78.38 wrist_flex.pos=+74.26 wrist_roll.pos=-0.97 gripper.pos=+0.64
DEBUG 2026-08-20 07:29:40 [action #58] t=2.74s step=57 queue=10 dmax=0.501 | shoulder_pan.pos=-4.65 shoulder_lift.pos=-101.37 elbow_flex.pos=+77.92 wrist_flex.pos=+74.22 wrist_roll.pos=-1.00 gripper.pos=+0.50
DEBUG 2026-08-20 07:29:40 [action #59] t=2.78s step=58 queue=9 dmax=0.691 | shoulder_pan.pos=-4.75 shoulder_lift.pos=-101.74 elbow_flex.pos=+77.23 wrist_flex.pos=+74.29 wrist_roll.pos=-1.00 gripper.pos=+0.63
DEBUG 2026-08-20 07:29:40 [action #60] t=2.81s step=59 queue=8 dmax=1.238 | shoulder_pan.pos=-5.01 shoulder_lift.pos=-101.34 elbow_flex.pos=+75.99 wrist_flex.pos=+74.42 wrist_roll.pos=-1.01 gripper.pos=+0.46
DEBUG 2026-08-20 07:29:40 [action #61] t=2.84s step=60 queue=7 dmax=0.773 | shoulder_pan.pos=-4.90 shoulder_lift.pos=-100.85 elbow_flex.pos=+75.21 wrist_flex.pos=+74.56 wrist_roll.pos=-1.16 gripper.pos=+0.50
DEBUG 2026-08-20 07:29:40 [action #62] t=2.88s step=61 queue=6 dmax=0.867 | shoulder_pan.pos=-4.65 shoulder_lift.pos=-100.67 elbow_flex.pos=+74.35 wrist_flex.pos=+74.59 wrist_roll.pos=-1.16 gripper.pos=+0.49
DEBUG 2026-08-20 07:29:40 [action #63] t=2.91s step=62 queue=5 dmax=0.438 | shoulder_pan.pos=-4.89 shoulder_lift.pos=-100.60 elbow_flex.pos=+73.91 wrist_flex.pos=+74.44 wrist_roll.pos=-1.33 gripper.pos=+0.66
DEBUG 2026-08-20 07:29:40 [action #64] t=2.94s step=63 queue=4 dmax=1.084 | shoulder_pan.pos=-4.80 shoulder_lift.pos=-99.65 elbow_flex.pos=+72.83 wrist_flex.pos=+74.66 wrist_roll.pos=-1.42 gripper.pos=+0.51
DEBUG 2026-08-20 07:29:40 [action #65] t=2.98s step=64 queue=3 dmax=0.807 | shoulder_pan.pos=-4.83 shoulder_lift.pos=-98.84 elbow_flex.pos=+72.43 wrist_flex.pos=+74.40 wrist_roll.pos=-1.61 gripper.pos=+0.61
DEBUG 2026-08-20 07:29:40 [action #66] t=3.01s step=65 queue=2 dmax=1.042 | shoulder_pan.pos=-4.67 shoulder_lift.pos=-97.80 elbow_flex.pos=+71.60 wrist_flex.pos=+74.24 wrist_roll.pos=-1.81 gripper.pos=+0.56
DEBUG 2026-08-20 07:29:40 [chunk] received 50 actions, timesteps 44..93 | first: shoulder_pan.pos=-4.41 shoulder_lift.pos=-102.87 elbow_flex.pos=+83.21 wrist_flex.pos=+76.18 wrist_roll.pos=-1.03 gripper.pos=+0.92 | last: shoulder_pan.pos=-5.16 shoulder_lift.pos=-58.81 elbow_flex.pos=+52.13 wrist_flex.pos=+73.03 wrist_roll.pos=-4.98 gripper.pos=+0.86
DEBUG 2026-08-20 07:29:40 [action #67] t=3.04s step=66 queue=28 dmax=3.740 | shoulder_pan.pos=-5.31 shoulder_lift.pos=-100.66 elbow_flex.pos=+75.34 wrist_flex.pos=+75.64 wrist_roll.pos=-1.14 gripper.pos=+0.66
DEBUG 2026-08-20 07:29:40 [action #68] t=3.08s step=67 queue=27 dmax=1.886 | shoulder_pan.pos=-5.07 shoulder_lift.pos=-101.65 elbow_flex.pos=+77.23 wrist_flex.pos=+76.50 wrist_roll.pos=-0.77 gripper.pos=+0.74
DEBUG 2026-08-20 07:29:41 [action #69] t=3.11s step=68 queue=26 dmax=0.347 | shoulder_pan.pos=-5.37 shoulder_lift.pos=-101.39 elbow_flex.pos=+77.31 wrist_flex.pos=+76.15 wrist_roll.pos=-1.02 gripper.pos=+0.63
DEBUG 2026-08-20 07:29:41 [action #70] t=3.15s step=69 queue=25 dmax=1.120 | shoulder_pan.pos=-5.63 shoulder_lift.pos=-100.49 elbow_flex.pos=+76.19 wrist_flex.pos=+76.24 wrist_roll.pos=-1.07 gripper.pos=+0.74
DEBUG 2026-08-20 07:29:41 [action #71] t=3.18s step=70 queue=24 dmax=3.275 | shoulder_pan.pos=-5.54 shoulder_lift.pos=-97.21 elbow_flex.pos=+75.06 wrist_flex.pos=+76.10 wrist_roll.pos=-1.57 gripper.pos=+0.53
DEBUG 2026-08-20 07:29:41 [action #72] t=3.21s step=71 queue=23 dmax=2.782 | shoulder_pan.pos=-5.37 shoulder_lift.pos=-94.45 elbow_flex.pos=+72.27 wrist_flex.pos=+75.52 wrist_roll.pos=-2.04 gripper.pos=+0.59
DEBUG 2026-08-20 07:29:41 [action #73] t=3.25s step=72 queue=22 dmax=3.188 | shoulder_pan.pos=-5.41 shoulder_lift.pos=-91.26 elbow_flex.pos=+70.51 wrist_flex.pos=+75.02 wrist_roll.pos=-2.70 gripper.pos=+0.62
DEBUG 2026-08-20 07:29:41 [action #74] t=3.28s step=73 queue=21 dmax=3.561 | shoulder_pan.pos=-5.16 shoulder_lift.pos=-87.70 elbow_flex.pos=+68.28 wrist_flex.pos=+74.65 wrist_roll.pos=-3.25 gripper.pos=+0.77
DEBUG 2026-08-20 07:29:41 [action #75] t=3.31s step=74 queue=20 dmax=3.026 | shoulder_pan.pos=-5.23 shoulder_lift.pos=-84.67 elbow_flex.pos=+66.92 wrist_flex.pos=+74.40 wrist_roll.pos=-3.54 gripper.pos=+0.75
DEBUG 2026-08-20 07:29:41 [action #76] t=3.35s step=75 queue=19 dmax=3.181 | shoulder_pan.pos=-5.33 shoulder_lift.pos=-81.49 elbow_flex.pos=+65.53 wrist_flex.pos=+74.48 wrist_roll.pos=-3.95 gripper.pos=+0.64
DEBUG 2026-08-20 07:29:41 [action #77] t=3.38s step=76 queue=18 dmax=2.730 | shoulder_pan.pos=-5.23 shoulder_lift.pos=-78.76 elbow_flex.pos=+63.69 wrist_flex.pos=+74.07 wrist_roll.pos=-4.28 gripper.pos=+0.71
DEBUG 2026-08-20 07:29:41 [action #78] t=3.41s step=77 queue=17 dmax=2.531 | shoulder_pan.pos=-5.22 shoulder_lift.pos=-76.23 elbow_flex.pos=+62.67 wrist_flex.pos=+74.05 wrist_roll.pos=-4.38 gripper.pos=+0.72
DEBUG 2026-08-20 07:29:41 [action #79] t=3.45s step=78 queue=16 dmax=2.262 | shoulder_pan.pos=-5.11 shoulder_lift.pos=-73.97 elbow_flex.pos=+61.24 wrist_flex.pos=+73.96 wrist_roll.pos=-4.36 gripper.pos=+0.60
DEBUG 2026-08-20 07:29:41 [action #80] t=3.48s step=79 queue=15 dmax=1.382 | shoulder_pan.pos=-5.10 shoulder_lift.pos=-72.58 elbow_flex.pos=+60.31 wrist_flex.pos=+73.61 wrist_roll.pos=-4.62 gripper.pos=+0.67
DEBUG 2026-08-20 07:29:41 [action #81] t=3.51s step=80 queue=14 dmax=2.220 | shoulder_pan.pos=-5.05 shoulder_lift.pos=-70.36 elbow_flex.pos=+59.24 wrist_flex.pos=+73.43 wrist_roll.pos=-4.77 gripper.pos=+0.73
DEBUG 2026-08-20 07:29:41 [action #82] t=3.55s step=81 queue=13 dmax=0.998 | shoulder_pan.pos=-5.34 shoulder_lift.pos=-69.37 elbow_flex.pos=+58.76 wrist_flex.pos=+73.09 wrist_roll.pos=-4.70 gripper.pos=+0.83
DEBUG 2026-08-20 07:29:41 [action #83] t=3.58s step=82 queue=12 dmax=1.140 | shoulder_pan.pos=-5.34 shoulder_lift.pos=-68.23 elbow_flex.pos=+57.82 wrist_flex.pos=+72.97 wrist_roll.pos=-4.80 gripper.pos=+0.75
DEBUG 2026-08-20 07:29:41 [action #84] t=3.61s step=83 queue=11 dmax=0.678 | shoulder_pan.pos=-5.30 shoulder_lift.pos=-67.55 elbow_flex.pos=+58.05 wrist_flex.pos=+72.85 wrist_roll.pos=-4.80 gripper.pos=+0.78
DEBUG 2026-08-20 07:29:41 [action #85] t=3.65s step=84 queue=10 dmax=0.734 | shoulder_pan.pos=-5.33 shoulder_lift.pos=-67.25 elbow_flex.pos=+57.31 wrist_flex.pos=+72.83 wrist_roll.pos=-5.12 gripper.pos=+0.83
DEBUG 2026-08-20 07:29:41 [action #86] t=3.68s step=85 queue=9 dmax=0.776 | shoulder_pan.pos=-5.53 shoulder_lift.pos=-66.47 elbow_flex.pos=+56.56 wrist_flex.pos=+72.89 wrist_roll.pos=-5.27 gripper.pos=+0.78
DEBUG 2026-08-20 07:29:41 [action #87] t=3.71s step=86 queue=8 dmax=1.032 | shoulder_pan.pos=-5.71 shoulder_lift.pos=-65.44 elbow_flex.pos=+55.85 wrist_flex.pos=+72.91 wrist_roll.pos=-5.40 gripper.pos=+0.82
DEBUG 2026-08-20 07:29:41 [action #88] t=3.75s step=87 queue=7 dmax=1.483 | shoulder_pan.pos=-5.44 shoulder_lift.pos=-63.96 elbow_flex.pos=+55.48 wrist_flex.pos=+73.01 wrist_roll.pos=-5.20 gripper.pos=+0.71
DEBUG 2026-08-20 07:29:41 [chunk] received 50 actions, timesteps 62..111 | first: shoulder_pan.pos=-4.52 shoulder_lift.pos=-101.43 elbow_flex.pos=+76.02 wrist_flex.pos=+75.87 wrist_roll.pos=-0.55 gripper.pos=+1.09 | last: shoulder_pan.pos=-3.37 shoulder_lift.pos=-48.94 elbow_flex.pos=+41.29 wrist_flex.pos=+78.45 wrist_roll.pos=-4.42 gripper.pos=+32.42
DEBUG 2026-08-20 07:29:41 [action #89] t=3.78s step=88 queue=24 dmax=4.578 | shoulder_pan.pos=-4.95 shoulder_lift.pos=-68.54 elbow_flex.pos=+56.39 wrist_flex.pos=+73.44 wrist_roll.pos=-4.86 gripper.pos=+0.70
DEBUG 2026-08-20 07:29:41 [action #90] t=3.81s step=89 queue=23 dmax=2.030 | shoulder_pan.pos=-5.05 shoulder_lift.pos=-66.51 elbow_flex.pos=+55.30 wrist_flex.pos=+73.28 wrist_roll.pos=-4.93 gripper.pos=+0.71
DEBUG 2026-08-20 07:29:41 [action #91] t=3.85s step=90 queue=22 dmax=2.027 | shoulder_pan.pos=-4.86 shoulder_lift.pos=-64.48 elbow_flex.pos=+54.10 wrist_flex.pos=+73.35 wrist_roll.pos=-5.14 gripper.pos=+0.75
DEBUG 2026-08-20 07:29:41 [action #92] t=3.88s step=91 queue=21 dmax=1.675 | shoulder_pan.pos=-4.76 shoulder_lift.pos=-62.92 elbow_flex.pos=+52.43 wrist_flex.pos=+73.12 wrist_roll.pos=-5.31 gripper.pos=+0.73
DEBUG 2026-08-20 07:29:41 [action #93] t=3.91s step=92 queue=20 dmax=0.890 | shoulder_pan.pos=-4.49 shoulder_lift.pos=-62.03 elbow_flex.pos=+51.67 wrist_flex.pos=+73.43 wrist_roll.pos=-5.32 gripper.pos=+0.70
DEBUG 2026-08-20 07:29:41 [action #94] t=3.95s step=93 queue=19 dmax=1.570 | shoulder_pan.pos=-4.57 shoulder_lift.pos=-60.46 elbow_flex.pos=+50.39 wrist_flex.pos=+73.53 wrist_roll.pos=-5.46 gripper.pos=+0.71
DEBUG 2026-08-20 07:29:41 [action #95] t=3.98s step=94 queue=18 dmax=2.459 | shoulder_pan.pos=-3.95 shoulder_lift.pos=-59.92 elbow_flex.pos=+47.93 wrist_flex.pos=+73.90 wrist_roll.pos=-5.51 gripper.pos=+0.71
DEBUG 2026-08-20 07:29:41 [action #96] t=4.01s step=95 queue=17 dmax=1.172 | shoulder_pan.pos=-4.05 shoulder_lift.pos=-58.74 elbow_flex.pos=+47.56 wrist_flex.pos=+73.86 wrist_roll.pos=-5.45 gripper.pos=+0.94
DEBUG 2026-08-20 07:29:41 [action #97] t=4.05s step=96 queue=16 dmax=1.541 | shoulder_pan.pos=-3.43 shoulder_lift.pos=-57.39 elbow_flex.pos=+46.02 wrist_flex.pos=+74.00 wrist_roll.pos=-5.15 gripper.pos=+0.74
DEBUG 2026-08-20 07:29:41 [action #98] t=4.08s step=97 queue=15 dmax=1.620 | shoulder_pan.pos=-3.55 shoulder_lift.pos=-55.77 elbow_flex.pos=+45.14 wrist_flex.pos=+74.15 wrist_roll.pos=-5.01 gripper.pos=+0.80
DEBUG 2026-08-20 07:29:42 [action #99] t=4.11s step=98 queue=14 dmax=1.354 | shoulder_pan.pos=-3.11 shoulder_lift.pos=-54.42 elbow_flex.pos=+44.62 wrist_flex.pos=+74.45 wrist_roll.pos=-4.99 gripper.pos=+0.76
DEBUG 2026-08-20 07:29:42 [action #100] t=4.15s step=99 queue=13 dmax=1.195 | shoulder_pan.pos=-3.19 shoulder_lift.pos=-53.27 elbow_flex.pos=+43.43 wrist_flex.pos=+74.60 wrist_roll.pos=-4.87 gripper.pos=+0.87
DEBUG 2026-08-20 07:29:42 [action #101] t=4.18s step=100 queue=12 dmax=1.598 | shoulder_pan.pos=-2.63 shoulder_lift.pos=-51.68 elbow_flex.pos=+42.73 wrist_flex.pos=+74.96 wrist_roll.pos=-4.81 gripper.pos=+1.09
DEBUG 2026-08-20 07:29:42 [action #102] t=4.22s step=101 queue=11 dmax=0.772 | shoulder_pan.pos=-2.67 shoulder_lift.pos=-51.26 elbow_flex.pos=+42.31 wrist_flex.pos=+75.04 wrist_roll.pos=-4.75 gripper.pos=+1.86
DEBUG 2026-08-20 07:29:42 [action #103] t=4.25s step=102 queue=10 dmax=1.494 | shoulder_pan.pos=-2.83 shoulder_lift.pos=-50.55 elbow_flex.pos=+40.87 wrist_flex.pos=+75.59 wrist_roll.pos=-4.71 gripper.pos=+3.35
DEBUG 2026-08-20 07:29:42 [action #104] t=4.28s step=103 queue=9 dmax=3.287 | shoulder_pan.pos=-2.68 shoulder_lift.pos=-49.71 elbow_flex.pos=+40.63 wrist_flex.pos=+75.88 wrist_roll.pos=-4.72 gripper.pos=+6.64
DEBUG 2026-08-20 07:29:42 [action #105] t=4.32s step=104 queue=8 dmax=4.130 | shoulder_pan.pos=-2.84 shoulder_lift.pos=-49.10 elbow_flex.pos=+39.81 wrist_flex.pos=+76.54 wrist_roll.pos=-4.64 gripper.pos=+10.77
DEBUG 2026-08-20 07:29:42 [action #106] t=4.35s step=105 queue=7 dmax=5.041 | shoulder_pan.pos=-3.07 shoulder_lift.pos=-48.66 elbow_flex.pos=+39.96 wrist_flex.pos=+76.73 wrist_roll.pos=-4.53 gripper.pos=+15.81
DEBUG 2026-08-20 07:29:42 [action #107] t=4.38s step=106 queue=6 dmax=4.978 | shoulder_pan.pos=-3.07 shoulder_lift.pos=-48.66 elbow_flex.pos=+40.68 wrist_flex.pos=+77.10 wrist_roll.pos=-4.57 gripper.pos=+20.79
DEBUG 2026-08-20 07:29:42 [action #108] t=4.42s step=107 queue=5 dmax=4.079 | shoulder_pan.pos=-3.17 shoulder_lift.pos=-48.89 elbow_flex.pos=+40.86 wrist_flex.pos=+77.32 wrist_roll.pos=-4.67 gripper.pos=+24.87
DEBUG 2026-08-20 07:29:42 [chunk] received 50 actions, timesteps 86..135 | first: shoulder_pan.pos=-5.06 shoulder_lift.pos=-67.37 elbow_flex.pos=+57.19 wrist_flex.pos=+73.66 wrist_roll.pos=-5.10 gripper.pos=+1.72 | last: shoulder_pan.pos=-5.07 shoulder_lift.pos=-36.86 elbow_flex.pos=+46.82 wrist_flex.pos=+72.84 wrist_roll.pos=-4.59 gripper.pos=+43.51
DEBUG 2026-08-20 07:29:42 [action #109] t=4.45s step=108 queue=28 dmax=6.603 | shoulder_pan.pos=-3.99 shoulder_lift.pos=-52.40 elbow_flex.pos=+47.47 wrist_flex.pos=+77.50 wrist_roll.pos=-5.09 gripper.pos=+31.01
DEBUG 2026-08-20 07:29:42 [action #110] t=4.48s step=109 queue=27 dmax=1.285 | shoulder_pan.pos=-3.98 shoulder_lift.pos=-52.18 elbow_flex.pos=+47.43 wrist_flex.pos=+77.42 wrist_roll.pos=-4.89 gripper.pos=+32.29
DEBUG 2026-08-20 07:29:42 [action #111] t=4.52s step=110 queue=26 dmax=1.159 | shoulder_pan.pos=-4.29 shoulder_lift.pos=-52.16 elbow_flex.pos=+47.36 wrist_flex.pos=+77.75 wrist_roll.pos=-4.86 gripper.pos=+33.45
DEBUG 2026-08-20 07:29:42 [action #112] t=4.55s step=111 queue=25 dmax=1.130 | shoulder_pan.pos=-4.08 shoulder_lift.pos=-52.20 elbow_flex.pos=+47.76 wrist_flex.pos=+77.75 wrist_roll.pos=-4.67 gripper.pos=+34.58
DEBUG 2026-08-20 07:29:42 [action #113] t=4.58s step=112 queue=24 dmax=2.207 | shoulder_pan.pos=-4.54 shoulder_lift.pos=-53.43 elbow_flex.pos=+49.96 wrist_flex.pos=+77.47 wrist_roll.pos=-4.62 gripper.pos=+36.60
DEBUG 2026-08-20 07:29:42 [action #114] t=4.62s step=113 queue=23 dmax=1.041 | shoulder_pan.pos=-4.19 shoulder_lift.pos=-53.66 elbow_flex.pos=+50.06 wrist_flex.pos=+77.38 wrist_roll.pos=-4.63 gripper.pos=+37.64
DEBUG 2026-08-20 07:29:42 [action #115] t=4.65s step=114 queue=22 dmax=0.650 | shoulder_pan.pos=-4.08 shoulder_lift.pos=-53.35 elbow_flex.pos=+50.01 wrist_flex.pos=+77.36 wrist_roll.pos=-4.54 gripper.pos=+38.29
DEBUG 2026-08-20 07:29:42 [action #116] t=4.68s step=115 queue=21 dmax=0.450 | shoulder_pan.pos=-4.10 shoulder_lift.pos=-53.27 elbow_flex.pos=+49.56 wrist_flex.pos=+77.30 wrist_roll.pos=-4.44 gripper.pos=+38.55
DEBUG 2026-08-20 07:29:42 [action #117] t=4.72s step=116 queue=20 dmax=0.766 | shoulder_pan.pos=-4.19 shoulder_lift.pos=-53.31 elbow_flex.pos=+50.32 wrist_flex.pos=+77.25 wrist_roll.pos=-4.33 gripper.pos=+38.52
DEBUG 2026-08-20 07:29:42 [action #118] t=4.75s step=117 queue=19 dmax=0.826 | shoulder_pan.pos=-4.33 shoulder_lift.pos=-53.41 elbow_flex.pos=+49.50 wrist_flex.pos=+77.26 wrist_roll.pos=-4.23 gripper.pos=+38.44
DEBUG 2026-08-20 07:29:42 [action #119] t=4.78s step=118 queue=18 dmax=0.439 | shoulder_pan.pos=-4.15 shoulder_lift.pos=-53.67 elbow_flex.pos=+49.94 wrist_flex.pos=+77.25 wrist_roll.pos=-4.16 gripper.pos=+38.87
DEBUG 2026-08-20 07:29:42 [action #120] t=4.82s step=119 queue=17 dmax=0.603 | shoulder_pan.pos=-4.14 shoulder_lift.pos=-53.07 elbow_flex.pos=+49.84 wrist_flex.pos=+77.11 wrist_roll.pos=-4.13 gripper.pos=+39.12
DEBUG 2026-08-20 07:29:42 [action #121] t=4.85s step=120 queue=16 dmax=0.613 | shoulder_pan.pos=-4.24 shoulder_lift.pos=-52.54 elbow_flex.pos=+49.62 wrist_flex.pos=+76.92 wrist_roll.pos=-4.25 gripper.pos=+39.73
DEBUG 2026-08-20 07:29:42 [action #122] t=4.88s step=121 queue=15 dmax=1.117 | shoulder_pan.pos=-4.38 shoulder_lift.pos=-51.43 elbow_flex.pos=+49.66 wrist_flex.pos=+76.53 wrist_roll.pos=-4.14 gripper.pos=+40.25
DEBUG 2026-08-20 07:29:42 [action #123] t=4.92s step=122 queue=14 dmax=0.508 | shoulder_pan.pos=-4.39 shoulder_lift.pos=-51.54 elbow_flex.pos=+49.69 wrist_flex.pos=+76.43 wrist_roll.pos=-4.26 gripper.pos=+40.76
DEBUG 2026-08-20 07:29:42 [action #124] t=4.95s step=123 queue=13 dmax=0.813 | shoulder_pan.pos=-4.18 shoulder_lift.pos=-50.73 elbow_flex.pos=+48.92 wrist_flex.pos=+76.30 wrist_roll.pos=-4.27 gripper.pos=+40.93
DEBUG 2026-08-20 07:29:42 [action #125] t=4.98s step=124 queue=12 dmax=1.283 | shoulder_pan.pos=-4.58 shoulder_lift.pos=-49.44 elbow_flex.pos=+49.47 wrist_flex.pos=+75.84 wrist_roll.pos=-4.25 gripper.pos=+41.30
DEBUG 2026-08-20 07:29:42 [action #126] t=5.02s step=125 queue=11 dmax=1.238 | shoulder_pan.pos=-4.58 shoulder_lift.pos=-48.20 elbow_flex.pos=+49.07 wrist_flex.pos=+75.59 wrist_roll.pos=-4.31 gripper.pos=+41.67
DEBUG 2026-08-20 07:29:42 [action #127] t=5.05s step=126 queue=10 dmax=1.416 | shoulder_pan.pos=-4.69 shoulder_lift.pos=-46.79 elbow_flex.pos=+48.44 wrist_flex.pos=+75.51 wrist_roll.pos=-4.44 gripper.pos=+42.03
DEBUG 2026-08-20 07:29:42 [action #128] t=5.08s step=127 queue=9 dmax=1.014 | shoulder_pan.pos=-4.70 shoulder_lift.pos=-45.78 elbow_flex.pos=+48.43 wrist_flex.pos=+74.98 wrist_roll.pos=-4.31 gripper.pos=+42.42
DEBUG 2026-08-20 07:29:43 [action #129] t=5.12s step=128 queue=8 dmax=0.495 | shoulder_pan.pos=-4.79 shoulder_lift.pos=-45.28 elbow_flex.pos=+48.23 wrist_flex.pos=+74.84 wrist_roll.pos=-4.46 gripper.pos=+42.72
DEBUG 2026-08-20 07:29:43 [action #130] t=5.15s step=129 queue=7 dmax=1.404 | shoulder_pan.pos=-4.84 shoulder_lift.pos=-43.88 elbow_flex.pos=+47.80 wrist_flex.pos=+74.46 wrist_roll.pos=-4.51 gripper.pos=+42.98
DEBUG 2026-08-20 07:29:43 [chunk] received 50 actions, timesteps 105..154 | first: shoulder_pan.pos=-2.11 shoulder_lift.pos=-47.50 elbow_flex.pos=+40.25 wrist_flex.pos=+76.79 wrist_roll.pos=-4.83 gripper.pos=+6.68 | last: shoulder_pan.pos=-3.77 shoulder_lift.pos=-26.50 elbow_flex.pos=+47.39 wrist_flex.pos=+65.60 wrist_roll.pos=-2.07 gripper.pos=+37.18
DEBUG 2026-08-20 07:29:43 [action #131] t=5.19s step=130 queue=25 dmax=5.146 | shoulder_pan.pos=-3.44 shoulder_lift.pos=-47.72 elbow_flex.pos=+50.20 wrist_flex.pos=+75.56 wrist_roll.pos=-2.07 gripper.pos=+37.83
DEBUG 2026-08-20 07:29:43 [action #132] t=5.22s step=131 queue=24 dmax=0.298 | shoulder_pan.pos=-3.38 shoulder_lift.pos=-47.48 elbow_flex.pos=+50.46 wrist_flex.pos=+75.32 wrist_roll.pos=-2.19 gripper.pos=+38.13
DEBUG 2026-08-20 07:29:43 [action #133] t=5.25s step=132 queue=23 dmax=0.884 | shoulder_pan.pos=-3.57 shoulder_lift.pos=-46.59 elbow_flex.pos=+50.29 wrist_flex.pos=+74.98 wrist_roll.pos=-2.36 gripper.pos=+38.44
DEBUG 2026-08-20 07:29:43 [action #134] t=5.29s step=133 queue=22 dmax=0.824 | shoulder_pan.pos=-3.61 shoulder_lift.pos=-46.15 elbow_flex.pos=+49.47 wrist_flex.pos=+74.68 wrist_roll.pos=-2.61 gripper.pos=+39.10
DEBUG 2026-08-20 07:29:43 [action #135] t=5.32s step=134 queue=21 dmax=1.167 | shoulder_pan.pos=-3.73 shoulder_lift.pos=-44.98 elbow_flex.pos=+49.60 wrist_flex.pos=+74.67 wrist_roll.pos=-2.68 gripper.pos=+39.28
DEBUG 2026-08-20 07:29:43 [action #136] t=5.35s step=135 queue=20 dmax=1.401 | shoulder_pan.pos=-3.91 shoulder_lift.pos=-43.58 elbow_flex.pos=+49.48 wrist_flex.pos=+74.15 wrist_roll.pos=-2.85 gripper.pos=+39.49
DEBUG 2026-08-20 07:29:43 [action #137] t=5.39s step=136 queue=19 dmax=1.687 | shoulder_pan.pos=-3.20 shoulder_lift.pos=-44.75 elbow_flex.pos=+50.25 wrist_flex.pos=+73.85 wrist_roll.pos=-2.15 gripper.pos=+37.81
DEBUG 2026-08-20 07:29:43 [action #138] t=5.42s step=137 queue=18 dmax=0.722 | shoulder_pan.pos=-3.30 shoulder_lift.pos=-44.10 elbow_flex.pos=+50.36 wrist_flex.pos=+73.13 wrist_roll.pos=-2.24 gripper.pos=+37.71
DEBUG 2026-08-20 07:29:43 [action #139] t=5.45s step=138 queue=17 dmax=1.361 | shoulder_pan.pos=-3.09 shoulder_lift.pos=-42.74 elbow_flex.pos=+50.08 wrist_flex.pos=+72.35 wrist_roll.pos=-2.16 gripper.pos=+37.52
DEBUG 2026-08-20 07:29:43 [action #140] t=5.49s step=139 queue=16 dmax=1.275 | shoulder_pan.pos=-3.34 shoulder_lift.pos=-41.46 elbow_flex.pos=+50.02 wrist_flex.pos=+71.75 wrist_roll.pos=-2.26 gripper.pos=+37.47
DEBUG 2026-08-20 07:29:43 [action #141] t=5.52s step=140 queue=15 dmax=1.207 | shoulder_pan.pos=-3.15 shoulder_lift.pos=-40.26 elbow_flex.pos=+49.77 wrist_flex.pos=+70.93 wrist_roll.pos=-2.27 gripper.pos=+37.34
DEBUG 2026-08-20 07:29:43 [action #142] t=5.55s step=141 queue=14 dmax=0.969 | shoulder_pan.pos=-3.29 shoulder_lift.pos=-39.29 elbow_flex.pos=+49.84 wrist_flex.pos=+70.44 wrist_roll.pos=-2.29 gripper.pos=+37.32
DEBUG 2026-08-20 07:29:43 [action #143] t=5.59s step=142 queue=13 dmax=0.922 | shoulder_pan.pos=-3.20 shoulder_lift.pos=-38.37 elbow_flex.pos=+50.20 wrist_flex.pos=+69.97 wrist_roll.pos=-2.39 gripper.pos=+37.40
DEBUG 2026-08-20 07:29:43 [action #144] t=5.62s step=143 queue=12 dmax=0.783 | shoulder_pan.pos=-3.14 shoulder_lift.pos=-37.58 elbow_flex.pos=+49.45 wrist_flex.pos=+69.33 wrist_roll.pos=-2.38 gripper.pos=+37.40
DEBUG 2026-08-20 07:29:43 [action #145] t=5.65s step=144 queue=11 dmax=0.870 | shoulder_pan.pos=-3.24 shoulder_lift.pos=-36.71 elbow_flex.pos=+49.95 wrist_flex.pos=+68.78 wrist_roll.pos=-2.40 gripper.pos=+37.32
DEBUG 2026-08-20 07:29:43 [action #146] t=5.69s step=145 queue=10 dmax=0.626 | shoulder_pan.pos=-2.95 shoulder_lift.pos=-36.09 elbow_flex.pos=+49.81 wrist_flex.pos=+68.42 wrist_roll.pos=-2.38 gripper.pos=+37.34
DEBUG 2026-08-20 07:29:43 [action #147] t=5.72s step=146 queue=9 dmax=1.116 | shoulder_pan.pos=-3.27 shoulder_lift.pos=-34.97 elbow_flex.pos=+49.35 wrist_flex.pos=+68.27 wrist_roll.pos=-2.35 gripper.pos=+37.30
DEBUG 2026-08-20 07:29:43 [action #148] t=5.75s step=147 queue=8 dmax=0.442 | shoulder_pan.pos=-3.42 shoulder_lift.pos=-34.53 elbow_flex.pos=+49.00 wrist_flex.pos=+67.86 wrist_roll.pos=-2.40 gripper.pos=+37.29
DEBUG 2026-08-20 07:29:43 [action #149] t=5.79s step=148 queue=7 dmax=1.417 | shoulder_pan.pos=-3.35 shoulder_lift.pos=-33.11 elbow_flex.pos=+49.06 wrist_flex.pos=+67.53 wrist_roll.pos=-2.36 gripper.pos=+37.22
DEBUG 2026-08-20 07:29:43 [action #150] t=5.82s step=149 queue=6 dmax=0.841 | shoulder_pan.pos=-3.24 shoulder_lift.pos=-32.27 elbow_flex.pos=+48.84 wrist_flex.pos=+67.22 wrist_roll.pos=-2.25 gripper.pos=+37.15
DEBUG 2026-08-20 07:29:43 [chunk] received 50 actions, timesteps 128..177 | first: shoulder_pan.pos=-4.30 shoulder_lift.pos=-44.79 elbow_flex.pos=+47.79 wrist_flex.pos=+74.82 wrist_roll.pos=-4.53 gripper.pos=+39.68 | last: shoulder_pan.pos=-5.35 shoulder_lift.pos=-12.55 elbow_flex.pos=+37.84 wrist_flex.pos=+65.14 wrist_roll.pos=-3.74 gripper.pos=+17.14
DEBUG 2026-08-20 07:29:43 [action #151] t=5.85s step=150 queue=28 dmax=6.210 | shoulder_pan.pos=-3.97 shoulder_lift.pos=-26.06 elbow_flex.pos=+45.08 wrist_flex.pos=+65.93 wrist_roll.pos=-3.73 gripper.pos=+40.02
DEBUG 2026-08-20 07:29:43 [action #152] t=5.89s step=151 queue=27 dmax=1.126 | shoulder_pan.pos=-4.18 shoulder_lift.pos=-24.93 elbow_flex.pos=+44.88 wrist_flex.pos=+65.42 wrist_roll.pos=-3.74 gripper.pos=+40.16
DEBUG 2026-08-20 07:29:43 [action #153] t=5.92s step=152 queue=26 dmax=1.635 | shoulder_pan.pos=-4.24 shoulder_lift.pos=-23.30 elbow_flex.pos=+44.47 wrist_flex.pos=+65.12 wrist_roll.pos=-3.79 gripper.pos=+40.21
DEBUG 2026-08-20 07:29:43 [action #154] t=5.95s step=153 queue=25 dmax=0.723 | shoulder_pan.pos=-4.23 shoulder_lift.pos=-22.57 elbow_flex.pos=+44.03 wrist_flex.pos=+64.83 wrist_roll.pos=-3.72 gripper.pos=+40.18
DEBUG 2026-08-20 07:29:43 [action #155] t=5.99s step=154 queue=24 dmax=0.944 | shoulder_pan.pos=-4.42 shoulder_lift.pos=-21.63 elbow_flex.pos=+43.19 wrist_flex.pos=+64.46 wrist_roll.pos=-3.67 gripper.pos=+40.20
DEBUG 2026-08-20 07:29:43 [action #156] t=6.02s step=155 queue=23 dmax=3.444 | shoulder_pan.pos=-4.57 shoulder_lift.pos=-18.19 elbow_flex.pos=+41.63 wrist_flex.pos=+63.68 wrist_roll.pos=-4.34 gripper.pos=+41.51
DEBUG 2026-08-20 07:29:43 [action #157] t=6.06s step=156 queue=22 dmax=0.379 | shoulder_pan.pos=-4.74 shoulder_lift.pos=-17.81 elbow_flex.pos=+41.81 wrist_flex.pos=+63.66 wrist_roll.pos=-4.39 gripper.pos=+41.51
DEBUG 2026-08-20 07:29:43 [action #158] t=6.09s step=157 queue=21 dmax=0.599 | shoulder_pan.pos=-4.86 shoulder_lift.pos=-17.28 elbow_flex.pos=+41.21 wrist_flex.pos=+63.44 wrist_roll.pos=-4.33 gripper.pos=+41.67
DEBUG 2026-08-20 07:29:44 [action #159] t=6.12s step=158 queue=20 dmax=0.765 | shoulder_pan.pos=-4.75 shoulder_lift.pos=-16.52 elbow_flex.pos=+41.02 wrist_flex.pos=+63.20 wrist_roll.pos=-4.45 gripper.pos=+41.51
DEBUG 2026-08-20 07:29:44 [action #160] t=6.16s step=159 queue=19 dmax=1.027 | shoulder_pan.pos=-4.93 shoulder_lift.pos=-15.49 elbow_flex.pos=+40.29 wrist_flex.pos=+63.13 wrist_roll.pos=-4.39 gripper.pos=+41.58
DEBUG 2026-08-20 07:29:44 [action #161] t=6.19s step=160 queue=18 dmax=0.496 | shoulder_pan.pos=-4.94 shoulder_lift.pos=-15.79 elbow_flex.pos=+39.79 wrist_flex.pos=+63.24 wrist_roll.pos=-4.37 gripper.pos=+41.47
DEBUG 2026-08-20 07:29:44 [action #162] t=6.22s step=161 queue=17 dmax=1.102 | shoulder_pan.pos=-5.03 shoulder_lift.pos=-14.69 elbow_flex.pos=+39.81 wrist_flex.pos=+63.33 wrist_roll.pos=-4.24 gripper.pos=+41.42
DEBUG 2026-08-20 07:29:44 [action #163] t=6.26s step=162 queue=16 dmax=1.027 | shoulder_pan.pos=-4.98 shoulder_lift.pos=-13.93 elbow_flex.pos=+38.78 wrist_flex.pos=+63.19 wrist_roll.pos=-4.39 gripper.pos=+41.60
DEBUG 2026-08-20 07:29:44 [action #164] t=6.29s step=163 queue=15 dmax=0.335 | shoulder_pan.pos=-5.06 shoulder_lift.pos=-13.59 elbow_flex.pos=+38.87 wrist_flex.pos=+63.19 wrist_roll.pos=-4.42 gripper.pos=+41.62
DEBUG 2026-08-20 07:29:44 [action #165] t=6.32s step=164 queue=14 dmax=0.742 | shoulder_pan.pos=-5.22 shoulder_lift.pos=-12.85 elbow_flex.pos=+38.60 wrist_flex.pos=+63.16 wrist_roll.pos=-4.30 gripper.pos=+41.53
DEBUG 2026-08-20 07:29:44 [action #166] t=6.36s step=165 queue=13 dmax=0.335 | shoulder_pan.pos=-5.08 shoulder_lift.pos=-12.82 elbow_flex.pos=+38.81 wrist_flex.pos=+63.49 wrist_roll.pos=-4.35 gripper.pos=+41.62
DEBUG 2026-08-20 07:29:44 [action #167] t=6.39s step=166 queue=12 dmax=0.280 | shoulder_pan.pos=-5.09 shoulder_lift.pos=-12.54 elbow_flex.pos=+38.86 wrist_flex.pos=+63.41 wrist_roll.pos=-4.33 gripper.pos=+41.46
DEBUG 2026-08-20 07:29:44 [action #168] t=6.42s step=167 queue=11 dmax=0.612 | shoulder_pan.pos=-5.24 shoulder_lift.pos=-12.22 elbow_flex.pos=+38.37 wrist_flex.pos=+63.51 wrist_roll.pos=-4.33 gripper.pos=+40.85
DEBUG 2026-08-20 07:29:44 [action #169] t=6.46s step=168 queue=10 dmax=1.068 | shoulder_pan.pos=-5.22 shoulder_lift.pos=-12.60 elbow_flex.pos=+38.63 wrist_flex.pos=+63.73 wrist_roll.pos=-4.37 gripper.pos=+39.78
DEBUG 2026-08-20 07:29:44 [action #170] t=6.49s step=169 queue=9 dmax=1.856 | shoulder_pan.pos=-5.27 shoulder_lift.pos=-11.82 elbow_flex.pos=+38.24 wrist_flex.pos=+63.90 wrist_roll.pos=-4.22 gripper.pos=+37.93
DEBUG 2026-08-20 07:29:44 [chunk] received 50 actions, timesteps 149..198 | first: shoulder_pan.pos=-3.45 shoulder_lift.pos=-30.81 elbow_flex.pos=+48.45 wrist_flex.pos=+67.61 wrist_roll.pos=-2.45 gripper.pos=+40.87 | last: shoulder_pan.pos=-1.49 shoulder_lift.pos=-28.34 elbow_flex.pos=+24.56 wrist_flex.pos=+82.01 wrist_roll.pos=-3.93 gripper.pos=+10.86
DEBUG 2026-08-20 07:29:44 [action #171] t=6.52s step=170 queue=29 dmax=7.029 | shoulder_pan.pos=-4.52 shoulder_lift.pos=-13.60 elbow_flex.pos=+40.94 wrist_flex.pos=+65.06 wrist_roll.pos=-3.69 gripper.pos=+30.90
DEBUG 2026-08-20 07:29:44 [action #172] t=6.56s step=171 queue=28 dmax=2.877 | shoulder_pan.pos=-4.37 shoulder_lift.pos=-13.57 elbow_flex.pos=+41.16 wrist_flex.pos=+65.13 wrist_roll.pos=-3.62 gripper.pos=+28.02
DEBUG 2026-08-20 07:29:44 [action #173] t=6.59s step=172 queue=27 dmax=2.823 | shoulder_pan.pos=-4.30 shoulder_lift.pos=-13.67 elbow_flex.pos=+40.26 wrist_flex.pos=+65.19 wrist_roll.pos=-3.70 gripper.pos=+25.20
DEBUG 2026-08-20 07:29:44 [action #174] t=6.62s step=173 queue=26 dmax=2.627 | shoulder_pan.pos=-4.37 shoulder_lift.pos=-13.39 elbow_flex.pos=+40.07 wrist_flex.pos=+65.41 wrist_roll.pos=-3.56 gripper.pos=+22.57
DEBUG 2026-08-20 07:29:44 [action #175] t=6.66s step=174 queue=25 dmax=2.604 | shoulder_pan.pos=-4.49 shoulder_lift.pos=-13.94 elbow_flex.pos=+39.79 wrist_flex.pos=+65.33 wrist_roll.pos=-3.53 gripper.pos=+19.97
DEBUG 2026-08-20 07:29:44 [action #176] t=6.69s step=175 queue=24 dmax=2.356 | shoulder_pan.pos=-4.29 shoulder_lift.pos=-13.41 elbow_flex.pos=+39.80 wrist_flex.pos=+65.36 wrist_roll.pos=-3.61 gripper.pos=+17.61
DEBUG 2026-08-20 07:29:44 [action #177] t=6.72s step=176 queue=23 dmax=2.171 | shoulder_pan.pos=-4.37 shoulder_lift.pos=-13.51 elbow_flex.pos=+39.82 wrist_flex.pos=+65.45 wrist_roll.pos=-3.60 gripper.pos=+15.44
DEBUG 2026-08-20 07:29:44 [action #178] t=6.76s step=177 queue=22 dmax=1.782 | shoulder_pan.pos=-4.17 shoulder_lift.pos=-14.30 elbow_flex.pos=+39.71 wrist_flex.pos=+65.70 wrist_roll.pos=-3.61 gripper.pos=+13.66
DEBUG 2026-08-20 07:29:44 [action #179] t=6.79s step=178 queue=21 dmax=2.185 | shoulder_pan.pos=-3.80 shoulder_lift.pos=-14.99 elbow_flex.pos=+40.45 wrist_flex.pos=+66.20 wrist_roll.pos=-3.60 gripper.pos=+11.47
DEBUG 2026-08-20 07:29:44 [action #180] t=6.82s step=179 queue=20 dmax=0.868 | shoulder_pan.pos=-3.65 shoulder_lift.pos=-15.24 elbow_flex.pos=+39.58 wrist_flex.pos=+66.40 wrist_roll.pos=-3.70 gripper.pos=+10.63
DEBUG 2026-08-20 07:29:44 [action #181] t=6.86s step=180 queue=19 dmax=0.780 | shoulder_pan.pos=-3.62 shoulder_lift.pos=-15.42 elbow_flex.pos=+39.94 wrist_flex.pos=+67.18 wrist_roll.pos=-3.74 gripper.pos=+10.96
DEBUG 2026-08-20 07:29:44 [action #182] t=6.89s step=181 queue=18 dmax=1.338 | shoulder_pan.pos=-3.56 shoulder_lift.pos=-15.02 elbow_flex.pos=+38.60 wrist_flex.pos=+67.85 wrist_roll.pos=-3.80 gripper.pos=+11.16
DEBUG 2026-08-20 07:29:44 [action #183] t=6.92s step=182 queue=17 dmax=0.863 | shoulder_pan.pos=-3.63 shoulder_lift.pos=-15.25 elbow_flex.pos=+37.78 wrist_flex.pos=+68.71 wrist_roll.pos=-3.94 gripper.pos=+11.36
DEBUG 2026-08-20 07:29:44 [action #184] t=6.96s step=183 queue=16 dmax=1.120 | shoulder_pan.pos=-3.48 shoulder_lift.pos=-15.72 elbow_flex.pos=+36.66 wrist_flex.pos=+69.42 wrist_roll.pos=-3.97 gripper.pos=+11.49
DEBUG 2026-08-20 07:29:44 [action #185] t=6.99s step=184 queue=15 dmax=0.965 | shoulder_pan.pos=-3.33 shoulder_lift.pos=-16.03 elbow_flex.pos=+36.71 wrist_flex.pos=+70.39 wrist_roll.pos=-4.09 gripper.pos=+11.53
DEBUG 2026-08-20 07:29:44 [action #186] t=7.03s step=185 queue=14 dmax=1.084 | shoulder_pan.pos=-3.29 shoulder_lift.pos=-16.03 elbow_flex.pos=+35.63 wrist_flex.pos=+71.23 wrist_roll.pos=-4.00 gripper.pos=+11.47
DEBUG 2026-08-20 07:29:44 [action #187] t=7.06s step=186 queue=13 dmax=1.011 | shoulder_pan.pos=-2.95 shoulder_lift.pos=-16.22 elbow_flex.pos=+34.62 wrist_flex.pos=+72.16 wrist_roll.pos=-4.16 gripper.pos=+11.41
DEBUG 2026-08-20 07:29:45 [action #188] t=7.09s step=187 queue=12 dmax=1.288 | shoulder_pan.pos=-3.21 shoulder_lift.pos=-16.88 elbow_flex.pos=+33.33 wrist_flex.pos=+73.34 wrist_roll.pos=-4.12 gripper.pos=+11.32
DEBUG 2026-08-20 07:29:45 [action #189] t=7.13s step=188 queue=11 dmax=1.158 | shoulder_pan.pos=-3.09 shoulder_lift.pos=-17.56 elbow_flex.pos=+32.91 wrist_flex.pos=+74.50 wrist_roll.pos=-4.28 gripper.pos=+11.35
DEBUG 2026-08-20 07:29:45 [action #190] t=7.16s step=189 queue=10 dmax=1.082 | shoulder_pan.pos=-3.25 shoulder_lift.pos=-18.54 elbow_flex.pos=+32.19 wrist_flex.pos=+75.58 wrist_roll.pos=-4.31 gripper.pos=+11.35
DEBUG 2026-08-20 07:29:45 [chunk] received 50 actions, timesteps 169..218 | first: shoulder_pan.pos=-3.54 shoulder_lift.pos=-8.69 elbow_flex.pos=+36.13 wrist_flex.pos=+64.27 wrist_roll.pos=-3.72 gripper.pos=+38.40 | last: shoulder_pan.pos=+16.22 shoulder_lift.pos=-14.60 elbow_flex.pos=-5.82 wrist_flex.pos=+84.62 wrist_roll.pos=-3.26 gripper.pos=+11.98
DEBUG 2026-08-20 07:29:45 [action #191] t=7.19s step=190 queue=29 dmax=6.394 | shoulder_pan.pos=-2.08 shoulder_lift.pos=-13.41 elbow_flex.pos=+33.12 wrist_flex.pos=+69.18 wrist_roll.pos=-4.42 gripper.pos=+11.04
DEBUG 2026-08-20 07:29:45 [action #192] t=7.23s step=191 queue=28 dmax=1.091 | shoulder_pan.pos=-2.16 shoulder_lift.pos=-13.31 elbow_flex.pos=+32.03 wrist_flex.pos=+69.99 wrist_roll.pos=-4.54 gripper.pos=+11.06
DEBUG 2026-08-20 07:29:45 [action #193] t=7.26s step=192 queue=27 dmax=1.304 | shoulder_pan.pos=-2.08 shoulder_lift.pos=-14.62 elbow_flex.pos=+30.97 wrist_flex.pos=+70.70 wrist_roll.pos=-4.52 gripper.pos=+10.96
DEBUG 2026-08-20 07:29:45 [action #194] t=7.29s step=193 queue=26 dmax=0.971 | shoulder_pan.pos=-2.00 shoulder_lift.pos=-14.57 elbow_flex.pos=+30.28 wrist_flex.pos=+71.67 wrist_roll.pos=-4.61 gripper.pos=+10.63
DEBUG 2026-08-20 07:29:45 [action #195] t=7.33s step=194 queue=25 dmax=1.307 | shoulder_pan.pos=-2.01 shoulder_lift.pos=-15.83 elbow_flex.pos=+28.97 wrist_flex.pos=+72.89 wrist_roll.pos=-4.75 gripper.pos=+10.74
DEBUG 2026-08-20 07:29:45 [action #196] t=7.36s step=195 queue=24 dmax=1.221 | shoulder_pan.pos=-2.00 shoulder_lift.pos=-16.46 elbow_flex.pos=+27.75 wrist_flex.pos=+74.11 wrist_roll.pos=-4.76 gripper.pos=+10.94
DEBUG 2026-08-20 07:29:45 [action #197] t=7.39s step=196 queue=23 dmax=1.678 | shoulder_pan.pos=-1.71 shoulder_lift.pos=-16.88 elbow_flex.pos=+26.07 wrist_flex.pos=+75.27 wrist_roll.pos=-4.77 gripper.pos=+11.15
DEBUG 2026-08-20 07:29:45 [action #198] t=7.43s step=197 queue=22 dmax=1.493 | shoulder_pan.pos=-1.72 shoulder_lift.pos=-18.27 elbow_flex.pos=+24.58 wrist_flex.pos=+76.73 wrist_roll.pos=-4.83 gripper.pos=+11.15
DEBUG 2026-08-20 07:29:45 [action #199] t=7.46s step=198 queue=21 dmax=2.001 | shoulder_pan.pos=-1.54 shoulder_lift.pos=-18.38 elbow_flex.pos=+22.58 wrist_flex.pos=+78.19 wrist_roll.pos=-4.80 gripper.pos=+11.32
DEBUG 2026-08-20 07:29:45 [action #200] t=7.49s step=199 queue=20 dmax=3.364 | shoulder_pan.pos=-1.36 shoulder_lift.pos=-15.02 elbow_flex.pos=+19.58 wrist_flex.pos=+78.24 wrist_roll.pos=-5.42 gripper.pos=+11.37
DEBUG 2026-08-20 07:29:45 [action #201] t=7.53s step=200 queue=19 dmax=2.148 | shoulder_pan.pos=-1.02 shoulder_lift.pos=-15.71 elbow_flex.pos=+17.43 wrist_flex.pos=+79.88 wrist_roll.pos=-5.37 gripper.pos=+11.34
DEBUG 2026-08-20 07:29:45 [action #202] t=7.56s step=201 queue=18 dmax=2.836 | shoulder_pan.pos=-0.96 shoulder_lift.pos=-15.93 elbow_flex.pos=+14.60 wrist_flex.pos=+81.24 wrist_roll.pos=-5.58 gripper.pos=+11.48
DEBUG 2026-08-20 07:29:45 [action #203] t=7.59s step=202 queue=17 dmax=2.560 | shoulder_pan.pos=-0.40 shoulder_lift.pos=-16.80 elbow_flex.pos=+12.04 wrist_flex.pos=+82.75 wrist_roll.pos=-5.43 gripper.pos=+11.52
DEBUG 2026-08-20 07:29:45 [action #204] t=7.63s step=203 queue=16 dmax=1.738 | shoulder_pan.pos=+0.38 shoulder_lift.pos=-16.59 elbow_flex.pos=+10.30 wrist_flex.pos=+84.12 wrist_roll.pos=-5.51 gripper.pos=+11.74
DEBUG 2026-08-20 07:29:45 [action #205] t=7.66s step=204 queue=15 dmax=2.966 | shoulder_pan.pos=+1.02 shoulder_lift.pos=-16.60 elbow_flex.pos=+7.34 wrist_flex.pos=+85.05 wrist_roll.pos=-5.44 gripper.pos=+11.83
DEBUG 2026-08-20 07:29:45 [action #206] t=7.69s step=205 queue=14 dmax=2.143 | shoulder_pan.pos=+1.60 shoulder_lift.pos=-17.21 elbow_flex.pos=+5.19 wrist_flex.pos=+85.93 wrist_roll.pos=-5.46 gripper.pos=+11.91
DEBUG 2026-08-20 07:29:45 [action #207] t=7.73s step=206 queue=13 dmax=1.996 | shoulder_pan.pos=+2.78 shoulder_lift.pos=-17.38 elbow_flex.pos=+3.20 wrist_flex.pos=+86.64 wrist_roll.pos=-5.33 gripper.pos=+12.03
DEBUG 2026-08-20 07:29:45 [action #208] t=7.76s step=207 queue=12 dmax=0.731 | shoulder_pan.pos=+3.36 shoulder_lift.pos=-17.00 elbow_flex.pos=+2.46 wrist_flex.pos=+87.18 wrist_roll.pos=-5.29 gripper.pos=+12.19
DEBUG 2026-08-20 07:29:45 [action #209] t=7.79s step=208 queue=11 dmax=2.535 | shoulder_pan.pos=+4.52 shoulder_lift.pos=-16.94 elbow_flex.pos=-0.07 wrist_flex.pos=+87.48 wrist_roll.pos=-5.10 gripper.pos=+12.24
DEBUG 2026-08-20 07:29:45 [action #210] t=7.83s step=209 queue=10 dmax=0.825 | shoulder_pan.pos=+5.34 shoulder_lift.pos=-16.87 elbow_flex.pos=-0.90 wrist_flex.pos=+87.90 wrist_roll.pos=-4.82 gripper.pos=+12.26
DEBUG 2026-08-20 07:29:45 [chunk] received 50 actions, timesteps 189..238 | first: shoulder_pan.pos=-3.78 shoulder_lift.pos=-19.22 elbow_flex.pos=+28.63 wrist_flex.pos=+76.80 wrist_roll.pos=-3.80 gripper.pos=+9.73 | last: shoulder_pan.pos=+27.90 shoulder_lift.pos=+6.62 elbow_flex.pos=-17.47 wrist_flex.pos=+76.18 wrist_roll.pos=-1.79 gripper.pos=+11.11
DEBUG 2026-08-20 07:29:45 [action #211] t=7.86s step=210 queue=29 dmax=4.893 | shoulder_pan.pos=+9.45 shoulder_lift.pos=-21.76 elbow_flex.pos=+3.01 wrist_flex.pos=+85.53 wrist_roll.pos=-3.06 gripper.pos=+10.83
DEBUG 2026-08-20 07:29:45 [action #212] t=7.90s step=211 queue=28 dmax=1.196 | shoulder_pan.pos=+10.65 shoulder_lift.pos=-21.03 elbow_flex.pos=+2.75 wrist_flex.pos=+84.84 wrist_roll.pos=-2.87 gripper.pos=+10.88
DEBUG 2026-08-20 07:29:45 [action #213] t=7.93s step=212 queue=27 dmax=1.068 | shoulder_pan.pos=+11.71 shoulder_lift.pos=-20.75 elbow_flex.pos=+2.39 wrist_flex.pos=+84.28 wrist_roll.pos=-2.72 gripper.pos=+10.69
DEBUG 2026-08-20 07:29:45 [action #214] t=7.96s step=213 queue=26 dmax=0.822 | shoulder_pan.pos=+12.54 shoulder_lift.pos=-21.03 elbow_flex.pos=+2.10 wrist_flex.pos=+83.79 wrist_roll.pos=-2.53 gripper.pos=+10.79
DEBUG 2026-08-20 07:29:45 [action #215] t=8.00s step=214 queue=25 dmax=0.952 | shoulder_pan.pos=+13.49 shoulder_lift.pos=-20.86 elbow_flex.pos=+1.96 wrist_flex.pos=+83.30 wrist_roll.pos=-2.38 gripper.pos=+10.86
DEBUG 2026-08-20 07:29:45 [action #216] t=8.03s step=215 queue=24 dmax=0.937 | shoulder_pan.pos=+14.43 shoulder_lift.pos=-20.38 elbow_flex.pos=+1.53 wrist_flex.pos=+82.79 wrist_roll.pos=-2.37 gripper.pos=+10.96
DEBUG 2026-08-20 07:29:45 [action #217] t=8.06s step=216 queue=23 dmax=1.001 | shoulder_pan.pos=+15.21 shoulder_lift.pos=-19.37 elbow_flex.pos=+0.63 wrist_flex.pos=+82.62 wrist_roll.pos=-2.23 gripper.pos=+10.87
DEBUG 2026-08-20 07:29:46 [action #218] t=8.10s step=217 queue=22 dmax=0.926 | shoulder_pan.pos=+16.14 shoulder_lift.pos=-18.61 elbow_flex.pos=-0.14 wrist_flex.pos=+81.99 wrist_roll.pos=-2.22 gripper.pos=+10.81
DEBUG 2026-08-20 07:29:46 [action #219] t=8.13s step=218 queue=21 dmax=0.595 | shoulder_pan.pos=+16.73 shoulder_lift.pos=-18.06 elbow_flex.pos=-0.59 wrist_flex.pos=+81.95 wrist_roll.pos=-2.17 gripper.pos=+10.81
DEBUG 2026-08-20 07:29:46 [action #220] t=8.16s step=219 queue=20 dmax=1.427 | shoulder_pan.pos=+17.91 shoulder_lift.pos=-18.30 elbow_flex.pos=+0.23 wrist_flex.pos=+80.52 wrist_roll.pos=-1.68 gripper.pos=+10.55
DEBUG 2026-08-20 07:29:46 [action #221] t=8.20s step=220 queue=19 dmax=1.338 | shoulder_pan.pos=+18.70 shoulder_lift.pos=-17.42 elbow_flex.pos=-1.11 wrist_flex.pos=+80.48 wrist_roll.pos=-1.39 gripper.pos=+10.41
DEBUG 2026-08-20 07:29:46 [action #222] t=8.23s step=221 queue=18 dmax=1.240 | shoulder_pan.pos=+19.26 shoulder_lift.pos=-16.24 elbow_flex.pos=-2.35 wrist_flex.pos=+80.43 wrist_roll.pos=-1.46 gripper.pos=+10.43
DEBUG 2026-08-20 07:29:46 [action #223] t=8.26s step=222 queue=17 dmax=1.282 | shoulder_pan.pos=+20.04 shoulder_lift.pos=-16.03 elbow_flex.pos=-3.63 wrist_flex.pos=+80.22 wrist_roll.pos=-1.52 gripper.pos=+10.57
DEBUG 2026-08-20 07:29:46 [action #224] t=8.30s step=223 queue=16 dmax=2.229 | shoulder_pan.pos=+21.05 shoulder_lift.pos=-13.80 elbow_flex.pos=-3.96 wrist_flex.pos=+79.89 wrist_roll.pos=-1.53 gripper.pos=+10.54
DEBUG 2026-08-20 07:29:46 [action #225] t=8.33s step=224 queue=15 dmax=1.985 | shoulder_pan.pos=+21.34 shoulder_lift.pos=-11.81 elbow_flex.pos=-5.76 wrist_flex.pos=+79.98 wrist_roll.pos=-1.54 gripper.pos=+10.66
DEBUG 2026-08-20 07:29:46 [action #226] t=8.36s step=225 queue=14 dmax=1.465 | shoulder_pan.pos=+22.18 shoulder_lift.pos=-10.41 elbow_flex.pos=-7.23 wrist_flex.pos=+79.65 wrist_roll.pos=-1.45 gripper.pos=+10.48
DEBUG 2026-08-20 07:29:46 [action #227] t=8.40s step=226 queue=13 dmax=1.701 | shoulder_pan.pos=+23.17 shoulder_lift.pos=-8.71 elbow_flex.pos=-8.16 wrist_flex.pos=+79.58 wrist_roll.pos=-1.46 gripper.pos=+10.51
DEBUG 2026-08-20 07:29:46 [action #228] t=8.43s step=227 queue=12 dmax=1.444 | shoulder_pan.pos=+24.17 shoulder_lift.pos=-7.71 elbow_flex.pos=-9.60 wrist_flex.pos=+79.30 wrist_roll.pos=-1.49 gripper.pos=+10.60
DEBUG 2026-08-20 07:29:46 [action #229] t=8.46s step=228 queue=11 dmax=2.288 | shoulder_pan.pos=+24.56 shoulder_lift.pos=-5.42 elbow_flex.pos=-11.14 wrist_flex.pos=+79.15 wrist_roll.pos=-1.30 gripper.pos=+10.68
DEBUG 2026-08-20 07:29:46 [chunk] received 50 actions, timesteps 209..258 | first: shoulder_pan.pos=+4.12 shoulder_lift.pos=-16.58 elbow_flex.pos=-0.24 wrist_flex.pos=+86.59 wrist_roll.pos=-5.63 gripper.pos=+9.61 | last: shoulder_pan.pos=+29.76 shoulder_lift.pos=+28.07 elbow_flex.pos=-37.92 wrist_flex.pos=+75.57 wrist_roll.pos=-2.50 gripper.pos=+10.32
DEBUG 2026-08-20 07:29:46 [action #230] t=8.50s step=229 queue=30 dmax=3.942 | shoulder_pan.pos=+23.29 shoulder_lift.pos=-9.36 elbow_flex.pos=-11.49 wrist_flex.pos=+79.90 wrist_roll.pos=-2.69 gripper.pos=+10.22
DEBUG 2026-08-20 07:29:46 [action #231] t=8.53s step=230 queue=29 dmax=1.536 | shoulder_pan.pos=+23.80 shoulder_lift.pos=-7.83 elbow_flex.pos=-11.79 wrist_flex.pos=+79.47 wrist_roll.pos=-2.62 gripper.pos=+10.40
DEBUG 2026-08-20 07:29:46 [action #232] t=8.56s step=231 queue=28 dmax=0.937 | shoulder_pan.pos=+24.43 shoulder_lift.pos=-7.15 elbow_flex.pos=-12.73 wrist_flex.pos=+79.01 wrist_roll.pos=-2.60 gripper.pos=+10.47
DEBUG 2026-08-20 07:29:46 [action #233] t=8.60s step=232 queue=27 dmax=1.114 | shoulder_pan.pos=+25.06 shoulder_lift.pos=-6.06 elbow_flex.pos=-13.84 wrist_flex.pos=+78.69 wrist_roll.pos=-2.59 gripper.pos=+10.31
DEBUG 2026-08-20 07:29:46 [action #234] t=8.63s step=233 queue=26 dmax=1.334 | shoulder_pan.pos=+25.49 shoulder_lift.pos=-4.72 elbow_flex.pos=-14.46 wrist_flex.pos=+78.43 wrist_roll.pos=-2.59 gripper.pos=+10.32
DEBUG 2026-08-20 07:29:46 [action #235] t=8.66s step=234 queue=25 dmax=1.485 | shoulder_pan.pos=+25.76 shoulder_lift.pos=-3.24 elbow_flex.pos=-15.88 wrist_flex.pos=+78.47 wrist_roll.pos=-2.50 gripper.pos=+10.61
DEBUG 2026-08-20 07:29:46 [action #236] t=8.70s step=235 queue=24 dmax=1.768 | shoulder_pan.pos=+26.44 shoulder_lift.pos=-1.47 elbow_flex.pos=-17.40 wrist_flex.pos=+78.34 wrist_roll.pos=-2.62 gripper.pos=+10.44
DEBUG 2026-08-20 07:29:46 [action #237] t=8.73s step=236 queue=23 dmax=1.351 | shoulder_pan.pos=+26.55 shoulder_lift.pos=-0.25 elbow_flex.pos=-18.75 wrist_flex.pos=+78.57 wrist_roll.pos=-2.49 gripper.pos=+10.39
DEBUG 2026-08-20 07:29:46 [action #238] t=8.76s step=237 queue=22 dmax=1.575 | shoulder_pan.pos=+26.85 shoulder_lift.pos=+1.33 elbow_flex.pos=-20.06 wrist_flex.pos=+78.78 wrist_roll.pos=-2.53 gripper.pos=+10.46
DEBUG 2026-08-20 07:29:46 [action #239] t=8.80s step=238 queue=21 dmax=2.012 | shoulder_pan.pos=+27.37 shoulder_lift.pos=+3.34 elbow_flex.pos=-21.16 wrist_flex.pos=+78.50 wrist_roll.pos=-2.47 gripper.pos=+10.66
DEBUG 2026-08-20 07:29:46 [action #240] t=8.83s step=239 queue=20 dmax=3.748 | shoulder_pan.pos=+27.21 shoulder_lift.pos=+2.59 elbow_flex.pos=-24.91 wrist_flex.pos=+79.78 wrist_roll.pos=-2.92 gripper.pos=+10.41
DEBUG 2026-08-20 07:29:46 [action #241] t=8.87s step=240 queue=19 dmax=2.578 | shoulder_pan.pos=+27.48 shoulder_lift.pos=+5.17 elbow_flex.pos=-26.92 wrist_flex.pos=+79.97 wrist_roll.pos=-2.82 gripper.pos=+10.58
DEBUG 2026-08-20 07:29:46 [action #242] t=8.90s step=241 queue=18 dmax=1.632 | shoulder_pan.pos=+27.66 shoulder_lift.pos=+6.52 elbow_flex.pos=-28.56 wrist_flex.pos=+80.10 wrist_roll.pos=-2.77 gripper.pos=+10.58
DEBUG 2026-08-20 07:29:46 [action #243] t=8.93s step=242 queue=17 dmax=2.103 | shoulder_pan.pos=+27.92 shoulder_lift.pos=+8.62 elbow_flex.pos=-30.20 wrist_flex.pos=+80.23 wrist_roll.pos=-2.75 gripper.pos=+10.47
DEBUG 2026-08-20 07:29:46 [action #244] t=8.97s step=243 queue=16 dmax=1.603 | shoulder_pan.pos=+28.05 shoulder_lift.pos=+10.23 elbow_flex.pos=-31.76 wrist_flex.pos=+80.21 wrist_roll.pos=-2.82 gripper.pos=+10.57
DEBUG 2026-08-20 07:29:46 [action #245] t=9.00s step=244 queue=15 dmax=2.426 | shoulder_pan.pos=+27.90 shoulder_lift.pos=+12.65 elbow_flex.pos=-33.06 wrist_flex.pos=+80.24 wrist_roll.pos=-2.78 gripper.pos=+10.52
DEBUG 2026-08-20 07:29:46 [action #246] t=9.03s step=245 queue=14 dmax=2.070 | shoulder_pan.pos=+28.41 shoulder_lift.pos=+14.72 elbow_flex.pos=-34.29 wrist_flex.pos=+80.29 wrist_roll.pos=-2.73 gripper.pos=+10.56
DEBUG 2026-08-20 07:29:46 [action #247] t=9.07s step=246 queue=13 dmax=1.214 | shoulder_pan.pos=+28.16 shoulder_lift.pos=+15.38 elbow_flex.pos=-35.50 wrist_flex.pos=+79.99 wrist_roll.pos=-2.76 gripper.pos=+10.56
DEBUG 2026-08-20 07:29:47 [action #248] t=9.10s step=247 queue=12 dmax=1.797 | shoulder_pan.pos=+28.54 shoulder_lift.pos=+17.18 elbow_flex.pos=-35.55 wrist_flex.pos=+79.75 wrist_roll.pos=-2.83 gripper.pos=+10.57
DEBUG 2026-08-20 07:29:47 [chunk] received 50 actions, timesteps 227..276 | first: shoulder_pan.pos=+24.07 shoulder_lift.pos=-14.49 elbow_flex.pos=-7.10 wrist_flex.pos=+78.45 wrist_roll.pos=-1.63 gripper.pos=+10.28 | last: shoulder_pan.pos=+35.81 shoulder_lift.pos=+20.81 elbow_flex.pos=-20.21 wrist_flex.pos=+67.23 wrist_roll.pos=-0.53 gripper.pos=+26.18
DEBUG 2026-08-20 07:29:47 [action #249] t=9.13s step=248 queue=29 dmax=17.940 | shoulder_pan.pos=+31.91 shoulder_lift.pos=+4.83 elbow_flex.pos=-17.61 wrist_flex.pos=+70.96 wrist_roll.pos=-1.31 gripper.pos=+10.43
DEBUG 2026-08-20 07:29:47 [action #250] t=9.17s step=249 queue=28 dmax=1.176 | shoulder_pan.pos=+32.29 shoulder_lift.pos=+6.00 elbow_flex.pos=-18.08 wrist_flex.pos=+70.61 wrist_roll.pos=-1.25 gripper.pos=+10.34
DEBUG 2026-08-20 07:29:47 [action #251] t=9.20s step=250 queue=27 dmax=0.870 | shoulder_pan.pos=+32.44 shoulder_lift.pos=+6.87 elbow_flex.pos=-18.13 wrist_flex.pos=+70.21 wrist_roll.pos=-1.36 gripper.pos=+10.52
DEBUG 2026-08-20 07:29:47 [action #252] t=9.23s step=251 queue=26 dmax=1.002 | shoulder_pan.pos=+32.72 shoulder_lift.pos=+7.87 elbow_flex.pos=-18.38 wrist_flex.pos=+69.82 wrist_roll.pos=-1.41 gripper.pos=+10.54
DEBUG 2026-08-20 07:29:47 [action #253] t=9.27s step=252 queue=25 dmax=1.579 | shoulder_pan.pos=+33.00 shoulder_lift.pos=+9.45 elbow_flex.pos=-19.14 wrist_flex.pos=+69.68 wrist_roll.pos=-1.33 gripper.pos=+10.50
DEBUG 2026-08-20 07:29:47 [action #254] t=9.30s step=253 queue=24 dmax=1.140 | shoulder_pan.pos=+33.06 shoulder_lift.pos=+10.59 elbow_flex.pos=-19.70 wrist_flex.pos=+69.44 wrist_roll.pos=-1.23 gripper.pos=+10.46
DEBUG 2026-08-20 07:29:47 [action #255] t=9.33s step=254 queue=23 dmax=0.626 | shoulder_pan.pos=+33.36 shoulder_lift.pos=+11.22 elbow_flex.pos=-20.11 wrist_flex.pos=+69.07 wrist_roll.pos=-1.28 gripper.pos=+10.49
DEBUG 2026-08-20 07:29:47 [action #256] t=9.37s step=255 queue=22 dmax=1.133 | shoulder_pan.pos=+33.47 shoulder_lift.pos=+12.35 elbow_flex.pos=-20.08 wrist_flex.pos=+68.99 wrist_roll.pos=-1.26 gripper.pos=+10.48
DEBUG 2026-08-20 07:29:47 [action #257] t=9.40s step=256 queue=21 dmax=1.240 | shoulder_pan.pos=+33.54 shoulder_lift.pos=+13.59 elbow_flex.pos=-20.72 wrist_flex.pos=+68.82 wrist_roll.pos=-1.23 gripper.pos=+10.43
DEBUG 2026-08-20 07:29:47 [action #258] t=9.43s step=257 queue=20 dmax=0.413 | shoulder_pan.pos=+33.76 shoulder_lift.pos=+14.01 elbow_flex.pos=-20.75 wrist_flex.pos=+68.81 wrist_roll.pos=-1.24 gripper.pos=+10.48
DEBUG 2026-08-20 07:29:47 [action #259] t=9.47s step=258 queue=19 dmax=1.650 | shoulder_pan.pos=+33.85 shoulder_lift.pos=+15.66 elbow_flex.pos=-21.14 wrist_flex.pos=+68.55 wrist_roll.pos=-1.25 gripper.pos=+10.53
DEBUG 2026-08-20 07:29:47 [action #260] t=9.50s step=259 queue=18 dmax=6.056 | shoulder_pan.pos=+35.92 shoulder_lift.pos=+10.69 elbow_flex.pos=-15.09 wrist_flex.pos=+65.56 wrist_roll.pos=-0.56 gripper.pos=+10.54
DEBUG 2026-08-20 07:29:47 [action #261] t=9.53s step=260 queue=17 dmax=1.216 | shoulder_pan.pos=+35.96 shoulder_lift.pos=+11.91 elbow_flex.pos=-15.64 wrist_flex.pos=+65.49 wrist_roll.pos=-0.59 gripper.pos=+10.53
DEBUG 2026-08-20 07:29:47 [action #262] t=9.57s step=261 queue=16 dmax=1.294 | shoulder_pan.pos=+36.19 shoulder_lift.pos=+13.20 elbow_flex.pos=-15.84 wrist_flex.pos=+65.76 wrist_roll.pos=-0.60 gripper.pos=+10.61
DEBUG 2026-08-20 07:29:47 [action #263] t=9.60s step=262 queue=15 dmax=0.882 | shoulder_pan.pos=+36.51 shoulder_lift.pos=+13.92 elbow_flex.pos=-16.72 wrist_flex.pos=+65.64 wrist_roll.pos=-0.70 gripper.pos=+10.57
DEBUG 2026-08-20 07:29:47 [action #264] t=9.63s step=263 queue=14 dmax=0.916 | shoulder_pan.pos=+36.31 shoulder_lift.pos=+14.84 elbow_flex.pos=-17.30 wrist_flex.pos=+65.82 wrist_roll.pos=-0.69 gripper.pos=+10.68
DEBUG 2026-08-20 07:29:47 [action #265] t=9.67s step=264 queue=13 dmax=0.618 | shoulder_pan.pos=+36.50 shoulder_lift.pos=+15.46 elbow_flex.pos=-17.04 wrist_flex.pos=+65.64 wrist_roll.pos=-0.53 gripper.pos=+10.59
DEBUG 2026-08-20 07:29:47 [action #266] t=9.70s step=265 queue=12 dmax=0.957 | shoulder_pan.pos=+36.40 shoulder_lift.pos=+16.41 elbow_flex.pos=-17.84 wrist_flex.pos=+65.59 wrist_roll.pos=-0.47 gripper.pos=+10.46
DEBUG 2026-08-20 07:29:47 [action #267] t=9.74s step=266 queue=11 dmax=0.691 | shoulder_pan.pos=+36.44 shoulder_lift.pos=+17.10 elbow_flex.pos=-17.63 wrist_flex.pos=+65.62 wrist_roll.pos=-0.53 gripper.pos=+10.49
DEBUG 2026-08-20 07:29:47 [action #268] t=9.77s step=267 queue=10 dmax=0.360 | shoulder_pan.pos=+36.68 shoulder_lift.pos=+17.46 elbow_flex.pos=-17.58 wrist_flex.pos=+65.49 wrist_roll.pos=-0.64 gripper.pos=+10.43
DEBUG 2026-08-20 07:29:47 [chunk] received 50 actions, timesteps 247..296 | first: shoulder_pan.pos=+31.04 shoulder_lift.pos=+11.07 elbow_flex.pos=-30.09 wrist_flex.pos=+76.70 wrist_roll.pos=-2.95 gripper.pos=+10.16 | last: shoulder_pan.pos=+32.73 shoulder_lift.pos=+21.14 elbow_flex.pos=-18.26 wrist_flex.pos=+69.17 wrist_roll.pos=-1.83 gripper.pos=+38.91
DEBUG 2026-08-20 07:29:47 [action #269] t=9.80s step=268 queue=29 dmax=3.264 | shoulder_pan.pos=+35.21 shoulder_lift.pos=+18.45 elbow_flex.pos=-20.85 wrist_flex.pos=+66.07 wrist_roll.pos=-2.23 gripper.pos=+10.33
DEBUG 2026-08-20 07:29:47 [action #270] t=9.84s step=269 queue=28 dmax=0.692 | shoulder_pan.pos=+35.58 shoulder_lift.pos=+19.14 elbow_flex.pos=-21.24 wrist_flex.pos=+65.97 wrist_roll.pos=-2.21 gripper.pos=+10.38
DEBUG 2026-08-20 07:29:47 [action #271] t=9.87s step=270 queue=27 dmax=0.504 | shoulder_pan.pos=+35.69 shoulder_lift.pos=+19.02 elbow_flex.pos=-21.28 wrist_flex.pos=+65.64 wrist_roll.pos=-2.22 gripper.pos=+10.88
DEBUG 2026-08-20 07:29:47 [action #272] t=9.90s step=271 queue=26 dmax=0.909 | shoulder_pan.pos=+35.72 shoulder_lift.pos=+19.79 elbow_flex.pos=-20.94 wrist_flex.pos=+65.28 wrist_roll.pos=-2.16 gripper.pos=+11.79
DEBUG 2026-08-20 07:29:47 [action #273] t=9.94s step=272 queue=25 dmax=0.826 | shoulder_pan.pos=+35.70 shoulder_lift.pos=+20.20 elbow_flex.pos=-21.28 wrist_flex.pos=+65.34 wrist_roll.pos=-2.15 gripper.pos=+12.62
DEBUG 2026-08-20 07:29:47 [action #274] t=9.97s step=273 queue=24 dmax=0.711 | shoulder_pan.pos=+35.97 shoulder_lift.pos=+20.34 elbow_flex.pos=-21.17 wrist_flex.pos=+65.11 wrist_roll.pos=-2.17 gripper.pos=+13.33
DEBUG 2026-08-20 07:29:47 [action #275] t=10.00s step=274 queue=23 dmax=0.953 | shoulder_pan.pos=+35.81 shoulder_lift.pos=+20.53 elbow_flex.pos=-21.00 wrist_flex.pos=+65.29 wrist_roll.pos=-2.13 gripper.pos=+14.28
DEBUG 2026-08-20 07:29:47 [action #276] t=10.04s step=275 queue=22 dmax=1.377 | shoulder_pan.pos=+35.99 shoulder_lift.pos=+20.92 elbow_flex.pos=-21.44 wrist_flex.pos=+65.35 wrist_roll.pos=-2.13 gripper.pos=+15.66
DEBUG 2026-08-20 07:29:47 [action #277] t=10.07s step=276 queue=21 dmax=2.954 | shoulder_pan.pos=+35.83 shoulder_lift.pos=+20.57 elbow_flex.pos=-21.21 wrist_flex.pos=+65.64 wrist_roll.pos=-2.17 gripper.pos=+18.61
DEBUG 2026-08-20 07:29:48 [action #278] t=10.10s step=277 queue=20 dmax=0.705 | shoulder_pan.pos=+35.56 shoulder_lift.pos=+20.61 elbow_flex.pos=-21.65 wrist_flex.pos=+65.45 wrist_roll.pos=-2.73 gripper.pos=+19.32
DEBUG 2026-08-20 07:29:48 [action #279] t=10.14s step=278 queue=19 dmax=4.179 | shoulder_pan.pos=+35.22 shoulder_lift.pos=+20.98 elbow_flex.pos=-22.01 wrist_flex.pos=+65.75 wrist_roll.pos=-2.74 gripper.pos=+23.49
DEBUG 2026-08-20 07:29:48 [action #280] t=10.17s step=279 queue=18 dmax=3.124 | shoulder_pan.pos=+35.19 shoulder_lift.pos=+20.76 elbow_flex.pos=-22.36 wrist_flex.pos=+65.94 wrist_roll.pos=-2.68 gripper.pos=+26.62
DEBUG 2026-08-20 07:29:48 [action #281] t=10.20s step=280 queue=17 dmax=2.284 | shoulder_pan.pos=+34.93 shoulder_lift.pos=+20.70 elbow_flex.pos=-21.66 wrist_flex.pos=+66.31 wrist_roll.pos=-2.69 gripper.pos=+28.90
DEBUG 2026-08-20 07:29:48 [action #282] t=10.24s step=281 queue=16 dmax=1.529 | shoulder_pan.pos=+34.75 shoulder_lift.pos=+20.89 elbow_flex.pos=-21.63 wrist_flex.pos=+66.52 wrist_roll.pos=-2.54 gripper.pos=+30.43
DEBUG 2026-08-20 07:29:48 [action #283] t=10.27s step=282 queue=15 dmax=0.945 | shoulder_pan.pos=+34.67 shoulder_lift.pos=+20.95 elbow_flex.pos=-22.07 wrist_flex.pos=+66.74 wrist_roll.pos=-2.47 gripper.pos=+31.38
DEBUG 2026-08-20 07:29:48 [action #284] t=10.30s step=283 queue=14 dmax=0.668 | shoulder_pan.pos=+34.46 shoulder_lift.pos=+20.84 elbow_flex.pos=-21.63 wrist_flex.pos=+67.02 wrist_roll.pos=-2.41 gripper.pos=+32.04
DEBUG 2026-08-20 07:29:48 [action #285] t=10.34s step=284 queue=13 dmax=0.687 | shoulder_pan.pos=+34.35 shoulder_lift.pos=+21.13 elbow_flex.pos=-21.63 wrist_flex.pos=+67.20 wrist_roll.pos=-2.36 gripper.pos=+32.73
DEBUG 2026-08-20 07:29:48 [action #286] t=10.37s step=285 queue=12 dmax=0.820 | shoulder_pan.pos=+34.05 shoulder_lift.pos=+21.09 elbow_flex.pos=-21.27 wrist_flex.pos=+67.31 wrist_roll.pos=-2.29 gripper.pos=+33.55
DEBUG 2026-08-20 07:29:48 [action #287] t=10.40s step=286 queue=11 dmax=0.998 | shoulder_pan.pos=+34.03 shoulder_lift.pos=+20.99 elbow_flex.pos=-21.38 wrist_flex.pos=+67.50 wrist_roll.pos=-2.18 gripper.pos=+34.55
DEBUG 2026-08-20 07:29:48 [chunk] received 50 actions, timesteps 266..315 | first: shoulder_pan.pos=+31.49 shoulder_lift.pos=+14.01 elbow_flex.pos=-17.97 wrist_flex.pos=+63.98 wrist_roll.pos=-0.74 gripper.pos=+8.96 | last: shoulder_pan.pos=+26.43 shoulder_lift.pos=+17.28 elbow_flex.pos=-28.93 wrist_flex.pos=+85.88 wrist_roll.pos=+0.73 gripper.pos=+35.33
DEBUG 2026-08-20 07:29:48 [action #288] t=10.44s step=287 queue=29 dmax=5.970 | shoulder_pan.pos=+32.51 shoulder_lift.pos=+18.08 elbow_flex.pos=-16.25 wrist_flex.pos=+65.08 wrist_roll.pos=-1.11 gripper.pos=+28.58
DEBUG 2026-08-20 07:29:48 [action #289] t=10.47s step=288 queue=28 dmax=2.359 | shoulder_pan.pos=+32.22 shoulder_lift.pos=+18.37 elbow_flex.pos=-15.57 wrist_flex.pos=+65.25 wrist_roll.pos=-1.05 gripper.pos=+30.94
DEBUG 2026-08-20 07:29:48 [action #290] t=10.50s step=289 queue=27 dmax=2.452 | shoulder_pan.pos=+32.10 shoulder_lift.pos=+18.51 elbow_flex.pos=-16.24 wrist_flex.pos=+65.45 wrist_roll.pos=-0.91 gripper.pos=+33.39
DEBUG 2026-08-20 07:29:48 [action #291] t=10.54s step=290 queue=26 dmax=1.889 | shoulder_pan.pos=+32.01 shoulder_lift.pos=+18.45 elbow_flex.pos=-15.57 wrist_flex.pos=+65.92 wrist_roll.pos=-0.84 gripper.pos=+35.28
DEBUG 2026-08-20 07:29:48 [action #292] t=10.57s step=291 queue=25 dmax=1.141 | shoulder_pan.pos=+31.72 shoulder_lift.pos=+18.85 elbow_flex.pos=-16.23 wrist_flex.pos=+66.30 wrist_roll.pos=-0.74 gripper.pos=+36.42
DEBUG 2026-08-20 07:29:48 [action #293] t=10.60s step=292 queue=24 dmax=0.494 | shoulder_pan.pos=+31.52 shoulder_lift.pos=+18.86 elbow_flex.pos=-15.87 wrist_flex.pos=+66.70 wrist_roll.pos=-0.60 gripper.pos=+36.91
DEBUG 2026-08-20 07:29:48 [action #294] t=10.64s step=293 queue=23 dmax=0.382 | shoulder_pan.pos=+31.47 shoulder_lift.pos=+18.84 elbow_flex.pos=-16.02 wrist_flex.pos=+67.09 wrist_roll.pos=-0.51 gripper.pos=+37.00
DEBUG 2026-08-20 07:29:48 [action #295] t=10.67s step=294 queue=22 dmax=0.612 | shoulder_pan.pos=+31.23 shoulder_lift.pos=+18.77 elbow_flex.pos=-15.93 wrist_flex.pos=+67.70 wrist_roll.pos=-0.25 gripper.pos=+36.84
DEBUG 2026-08-20 07:29:48 [action #296] t=10.71s step=295 queue=21 dmax=0.305 | shoulder_pan.pos=+31.13 shoulder_lift.pos=+18.72 elbow_flex.pos=-16.08 wrist_flex.pos=+68.00 wrist_roll.pos=-0.22 gripper.pos=+36.96
DEBUG 2026-08-20 07:29:48 [action #297] t=10.74s step=296 queue=20 dmax=0.643 | shoulder_pan.pos=+31.05 shoulder_lift.pos=+18.98 elbow_flex.pos=-16.40 wrist_flex.pos=+68.64 wrist_roll.pos=-0.13 gripper.pos=+37.01
DEBUG 2026-08-20 07:29:48 [action #298] t=10.77s step=297 queue=19 dmax=1.041 | shoulder_pan.pos=+30.30 shoulder_lift.pos=+17.93 elbow_flex.pos=-15.73 wrist_flex.pos=+68.90 wrist_roll.pos=+0.63 gripper.pos=+36.21
DEBUG 2026-08-20 07:29:48 [action #299] t=10.81s step=298 queue=18 dmax=0.664 | shoulder_pan.pos=+30.16 shoulder_lift.pos=+18.48 elbow_flex.pos=-16.17 wrist_flex.pos=+69.56 wrist_roll.pos=+0.75 gripper.pos=+36.19
DEBUG 2026-08-20 07:29:48 [action #300] t=10.84s step=299 queue=17 dmax=0.875 | shoulder_pan.pos=+30.19 shoulder_lift.pos=+17.60 elbow_flex.pos=-16.88 wrist_flex.pos=+70.11 wrist_roll.pos=+0.84 gripper.pos=+36.14
DEBUG 2026-08-20 07:29:48 [action #301] t=10.87s step=300 queue=16 dmax=1.251 | shoulder_pan.pos=+30.07 shoulder_lift.pos=+18.44 elbow_flex.pos=-18.13 wrist_flex.pos=+70.83 wrist_roll.pos=+0.83 gripper.pos=+36.17
DEBUG 2026-08-20 07:29:48 [action #302] t=10.91s step=301 queue=15 dmax=0.604 | shoulder_pan.pos=+30.03 shoulder_lift.pos=+17.87 elbow_flex.pos=-18.68 wrist_flex.pos=+71.43 wrist_roll.pos=+0.84 gripper.pos=+36.08
DEBUG 2026-08-20 07:29:48 [action #303] t=10.94s step=302 queue=14 dmax=1.001 | shoulder_pan.pos=+30.38 shoulder_lift.pos=+18.62 elbow_flex.pos=-18.85 wrist_flex.pos=+72.44 wrist_roll.pos=+0.71 gripper.pos=+35.93
DEBUG 2026-08-20 07:29:48 [action #304] t=10.97s step=303 queue=13 dmax=1.173 | shoulder_pan.pos=+30.07 shoulder_lift.pos=+18.60 elbow_flex.pos=-20.03 wrist_flex.pos=+72.89 wrist_roll.pos=+0.70 gripper.pos=+36.00
DEBUG 2026-08-20 07:29:48 [action #305] t=11.01s step=304 queue=12 dmax=0.907 | shoulder_pan.pos=+29.97 shoulder_lift.pos=+18.55 elbow_flex.pos=-20.42 wrist_flex.pos=+73.80 wrist_roll.pos=+0.85 gripper.pos=+36.02
DEBUG 2026-08-20 07:29:48 [action #306] t=11.04s step=305 queue=11 dmax=0.881 | shoulder_pan.pos=+29.78 shoulder_lift.pos=+17.91 elbow_flex.pos=-21.29 wrist_flex.pos=+74.68 wrist_roll.pos=+0.75 gripper.pos=+35.98
DEBUG 2026-08-20 07:29:48 [action #307] t=11.07s step=306 queue=10 dmax=0.716 | shoulder_pan.pos=+29.63 shoulder_lift.pos=+18.56 elbow_flex.pos=-21.53 wrist_flex.pos=+75.40 wrist_roll.pos=+0.77 gripper.pos=+35.97
DEBUG 2026-08-20 07:29:49 [action #308] t=11.11s step=307 queue=9 dmax=0.973 | shoulder_pan.pos=+29.49 shoulder_lift.pos=+18.27 elbow_flex.pos=-22.51 wrist_flex.pos=+76.14 wrist_roll.pos=+0.80 gripper.pos=+35.86
DEBUG 2026-08-20 07:29:49 [action #309] t=11.14s step=308 queue=8 dmax=1.171 | shoulder_pan.pos=+29.17 shoulder_lift.pos=+18.09 elbow_flex.pos=-23.60 wrist_flex.pos=+77.31 wrist_roll.pos=+0.82 gripper.pos=+35.75
DEBUG 2026-08-20 07:29:49 [chunk] received 50 actions, timesteps 285..334 | first: shoulder_pan.pos=+29.04 shoulder_lift.pos=+18.88 elbow_flex.pos=-22.06 wrist_flex.pos=+69.02 wrist_roll.pos=-1.41 gripper.pos=+30.89 | last: shoulder_pan.pos=+4.17 shoulder_lift.pos=-52.55 elbow_flex.pos=+44.01 wrist_flex.pos=+71.83 wrist_roll.pos=+1.06 gripper.pos=+0.69
DEBUG 2026-08-20 07:29:49 [action #310] t=11.17s step=309 queue=26 dmax=11.496 | shoulder_pan.pos=+23.72 shoulder_lift.pos=+12.66 elbow_flex.pos=-26.79 wrist_flex.pos=+88.80 wrist_roll.pos=-0.13 gripper.pos=+33.70
DEBUG 2026-08-20 07:29:49 [action #311] t=11.21s step=310 queue=25 dmax=0.934 | shoulder_pan.pos=+23.32 shoulder_lift.pos=+11.85 elbow_flex.pos=-25.86 wrist_flex.pos=+89.17 wrist_roll.pos=-0.06 gripper.pos=+33.75
DEBUG 2026-08-20 07:29:49 [action #312] t=11.24s step=311 queue=24 dmax=1.597 | shoulder_pan.pos=+22.78 shoulder_lift.pos=+10.25 elbow_flex.pos=-25.23 wrist_flex.pos=+89.55 wrist_roll.pos=-0.05 gripper.pos=+33.68
DEBUG 2026-08-20 07:29:49 [action #313] t=11.27s step=312 queue=23 dmax=1.143 | shoulder_pan.pos=+22.34 shoulder_lift.pos=+9.11 elbow_flex.pos=-24.09 wrist_flex.pos=+89.73 wrist_roll.pos=-0.02 gripper.pos=+33.56
DEBUG 2026-08-20 07:29:49 [action #314] t=11.31s step=313 queue=22 dmax=1.479 | shoulder_pan.pos=+21.74 shoulder_lift.pos=+7.63 elbow_flex.pos=-22.69 wrist_flex.pos=+90.29 wrist_roll.pos=-0.02 gripper.pos=+32.97
DEBUG 2026-08-20 07:29:49 [action #315] t=11.34s step=314 queue=21 dmax=1.612 | shoulder_pan.pos=+20.84 shoulder_lift.pos=+6.01 elbow_flex.pos=-21.70 wrist_flex.pos=+90.55 wrist_roll.pos=-0.04 gripper.pos=+31.76
DEBUG 2026-08-20 07:29:49 [action #316] t=11.37s step=315 queue=20 dmax=1.923 | shoulder_pan.pos=+20.34 shoulder_lift.pos=+4.23 elbow_flex.pos=-19.77 wrist_flex.pos=+90.65 wrist_roll.pos=+0.05 gripper.pos=+30.18
DEBUG 2026-08-20 07:29:49 [action #317] t=11.41s step=316 queue=19 dmax=8.216 | shoulder_pan.pos=+16.98 shoulder_lift.pos=-3.99 elbow_flex.pos=-13.28 wrist_flex.pos=+92.11 wrist_roll.pos=-0.47 gripper.pos=+25.83
DEBUG 2026-08-20 07:29:49 [action #318] t=11.44s step=317 queue=18 dmax=2.935 | shoulder_pan.pos=+15.90 shoulder_lift.pos=-6.62 elbow_flex.pos=-10.34 wrist_flex.pos=+91.50 wrist_roll.pos=-0.40 gripper.pos=+23.75
DEBUG 2026-08-20 07:29:49 [action #319] t=11.47s step=318 queue=17 dmax=3.705 | shoulder_pan.pos=+15.27 shoulder_lift.pos=-9.05 elbow_flex.pos=-6.64 wrist_flex.pos=+90.45 wrist_roll.pos=-0.39 gripper.pos=+21.53
DEBUG 2026-08-20 07:29:49 [action #320] t=11.51s step=319 queue=16 dmax=3.485 | shoulder_pan.pos=+14.21 shoulder_lift.pos=-12.35 elbow_flex.pos=-3.15 wrist_flex.pos=+89.33 wrist_roll.pos=-0.28 gripper.pos=+19.36
DEBUG 2026-08-20 07:29:49 [action #321] t=11.54s step=320 queue=15 dmax=3.469 | shoulder_pan.pos=+13.65 shoulder_lift.pos=-15.48 elbow_flex.pos=+0.32 wrist_flex.pos=+87.97 wrist_roll.pos=-0.06 gripper.pos=+17.14
DEBUG 2026-08-20 07:29:49 [action #322] t=11.58s step=321 queue=14 dmax=3.551 | shoulder_pan.pos=+12.94 shoulder_lift.pos=-18.44 elbow_flex.pos=+3.87 wrist_flex.pos=+86.65 wrist_roll.pos=+0.11 gripper.pos=+14.81
DEBUG 2026-08-20 07:29:49 [action #323] t=11.61s step=322 queue=13 dmax=3.697 | shoulder_pan.pos=+12.29 shoulder_lift.pos=-21.16 elbow_flex.pos=+7.56 wrist_flex.pos=+85.58 wrist_roll.pos=+0.37 gripper.pos=+12.30
DEBUG 2026-08-20 07:29:49 [action #324] t=11.64s step=323 queue=12 dmax=4.095 | shoulder_pan.pos=+11.13 shoulder_lift.pos=-23.92 elbow_flex.pos=+11.66 wrist_flex.pos=+84.30 wrist_roll.pos=+0.58 gripper.pos=+10.02
DEBUG 2026-08-20 07:29:49 [action #325] t=11.68s step=324 queue=11 dmax=2.732 | shoulder_pan.pos=+10.29 shoulder_lift.pos=-26.62 elbow_flex.pos=+14.39 wrist_flex.pos=+83.18 wrist_roll.pos=+0.85 gripper.pos=+7.79
DEBUG 2026-08-20 07:29:49 [action #326] t=11.71s step=325 queue=10 dmax=3.372 | shoulder_pan.pos=+9.41 shoulder_lift.pos=-29.14 elbow_flex.pos=+17.76 wrist_flex.pos=+82.23 wrist_roll.pos=+0.95 gripper.pos=+6.03
DEBUG 2026-08-20 07:29:49 [action #327] t=11.74s step=326 queue=9 dmax=2.977 | shoulder_pan.pos=+8.34 shoulder_lift.pos=-31.94 elbow_flex.pos=+20.74 wrist_flex.pos=+81.33 wrist_roll.pos=+1.04 gripper.pos=+4.97
DEBUG 2026-08-20 07:29:49 [action #328] t=11.78s step=327 queue=8 dmax=2.999 | shoulder_pan.pos=+7.51 shoulder_lift.pos=-34.80 elbow_flex.pos=+23.74 wrist_flex.pos=+80.62 wrist_roll.pos=+0.99 gripper.pos=+3.87
DEBUG 2026-08-20 07:29:49 [action #329] t=11.81s step=328 queue=7 dmax=2.727 | shoulder_pan.pos=+6.84 shoulder_lift.pos=-37.53 elbow_flex.pos=+26.41 wrist_flex.pos=+79.79 wrist_roll.pos=+0.91 gripper.pos=+3.23
DEBUG 2026-08-20 07:29:49 [chunk] received 50 actions, timesteps 307..356 | first: shoulder_pan.pos=+26.72 shoulder_lift.pos=+14.39 elbow_flex.pos=-22.36 wrist_flex.pos=+75.32 wrist_roll.pos=+1.10 gripper.pos=+38.43 | last: shoulder_pan.pos=-0.13 shoulder_lift.pos=-64.14 elbow_flex.pos=+60.51 wrist_flex.pos=+66.28 wrist_roll.pos=+3.42 gripper.pos=-0.65
DEBUG 2026-08-20 07:29:49 [action #330] t=11.84s step=329 queue=28 dmax=19.843 | shoulder_pan.pos=+10.76 shoulder_lift.pos=-18.95 elbow_flex.pos=+6.57 wrist_flex.pos=+86.66 wrist_roll.pos=+1.87 gripper.pos=+19.80
DEBUG 2026-08-20 07:29:49 [action #331] t=11.88s step=330 queue=27 dmax=2.767 | shoulder_pan.pos=+10.00 shoulder_lift.pos=-20.96 elbow_flex.pos=+8.84 wrist_flex.pos=+85.96 wrist_roll.pos=+2.12 gripper.pos=+17.03
DEBUG 2026-08-20 07:29:49 [action #332] t=11.91s step=331 queue=26 dmax=2.845 | shoulder_pan.pos=+9.36 shoulder_lift.pos=-23.18 elbow_flex.pos=+10.79 wrist_flex.pos=+85.25 wrist_roll.pos=+2.38 gripper.pos=+14.19
DEBUG 2026-08-20 07:29:49 [action #333] t=11.94s step=332 queue=25 dmax=2.706 | shoulder_pan.pos=+8.77 shoulder_lift.pos=-25.60 elbow_flex.pos=+12.95 wrist_flex.pos=+84.61 wrist_roll.pos=+2.63 gripper.pos=+11.48
DEBUG 2026-08-20 07:29:49 [action #334] t=11.98s step=333 queue=24 dmax=2.431 | shoulder_pan.pos=+8.17 shoulder_lift.pos=-27.35 elbow_flex.pos=+14.87 wrist_flex.pos=+83.90 wrist_roll.pos=+2.77 gripper.pos=+9.05
DEBUG 2026-08-20 07:29:49 [action #335] t=12.01s step=334 queue=23 dmax=2.489 | shoulder_pan.pos=+7.80 shoulder_lift.pos=-29.61 elbow_flex.pos=+17.36 wrist_flex.pos=+83.11 wrist_roll.pos=+2.84 gripper.pos=+6.92
DEBUG 2026-08-20 07:29:49 [action #336] t=12.04s step=335 queue=22 dmax=9.272 | shoulder_pan.pos=+8.79 shoulder_lift.pos=-21.96 elbow_flex.pos=+8.09 wrist_flex.pos=+87.40 wrist_roll.pos=+3.69 gripper.pos=+7.52
DEBUG 2026-08-20 07:29:49 [action #337] t=12.08s step=336 queue=21 dmax=2.317 | shoulder_pan.pos=+8.16 shoulder_lift.pos=-23.47 elbow_flex.pos=+10.40 wrist_flex.pos=+86.58 wrist_roll.pos=+3.64 gripper.pos=+6.13
DEBUG 2026-08-20 07:29:50 [action #338] t=12.11s step=337 queue=20 dmax=3.331 | shoulder_pan.pos=+7.32 shoulder_lift.pos=-25.78 elbow_flex.pos=+13.73 wrist_flex.pos=+85.85 wrist_roll.pos=+3.73 gripper.pos=+5.31
DEBUG 2026-08-20 07:29:50 [action #339] t=12.14s step=338 queue=19 dmax=2.749 | shoulder_pan.pos=+6.63 shoulder_lift.pos=-28.20 elbow_flex.pos=+16.48 wrist_flex.pos=+85.08 wrist_roll.pos=+3.76 gripper.pos=+4.70
DEBUG 2026-08-20 07:29:50 [action #340] t=12.18s step=339 queue=18 dmax=2.857 | shoulder_pan.pos=+5.71 shoulder_lift.pos=-29.91 elbow_flex.pos=+19.34 wrist_flex.pos=+84.08 wrist_roll.pos=+3.84 gripper.pos=+4.08
DEBUG 2026-08-20 07:29:50 [action #341] t=12.21s step=340 queue=17 dmax=2.683 | shoulder_pan.pos=+4.96 shoulder_lift.pos=-32.59 elbow_flex.pos=+22.02 wrist_flex.pos=+83.02 wrist_roll.pos=+3.78 gripper.pos=+3.79
DEBUG 2026-08-20 07:29:50 [action #342] t=12.24s step=341 queue=16 dmax=2.986 | shoulder_pan.pos=+4.09 shoulder_lift.pos=-34.83 elbow_flex.pos=+25.01 wrist_flex.pos=+81.90 wrist_roll.pos=+3.81 gripper.pos=+3.70
DEBUG 2026-08-20 07:29:50 [action #343] t=12.28s step=342 queue=15 dmax=3.165 | shoulder_pan.pos=+3.25 shoulder_lift.pos=-37.20 elbow_flex.pos=+28.17 wrist_flex.pos=+81.06 wrist_roll.pos=+3.94 gripper.pos=+3.54
DEBUG 2026-08-20 07:29:50 [action #344] t=12.31s step=343 queue=14 dmax=2.797 | shoulder_pan.pos=+2.73 shoulder_lift.pos=-39.10 elbow_flex.pos=+30.97 wrist_flex.pos=+79.94 wrist_roll.pos=+3.74 gripper.pos=+3.50
DEBUG 2026-08-20 07:29:50 [action #345] t=12.34s step=344 queue=13 dmax=2.518 | shoulder_pan.pos=+2.05 shoulder_lift.pos=-41.17 elbow_flex.pos=+33.49 wrist_flex.pos=+79.06 wrist_roll.pos=+3.82 gripper.pos=+3.28
DEBUG 2026-08-20 07:29:50 [action #346] t=12.38s step=345 queue=12 dmax=2.967 | shoulder_pan.pos=+1.52 shoulder_lift.pos=-43.35 elbow_flex.pos=+36.45 wrist_flex.pos=+78.07 wrist_roll.pos=+3.86 gripper.pos=+3.00
DEBUG 2026-08-20 07:29:50 [action #347] t=12.41s step=346 queue=11 dmax=1.852 | shoulder_pan.pos=+1.16 shoulder_lift.pos=-44.95 elbow_flex.pos=+38.31 wrist_flex.pos=+76.88 wrist_roll.pos=+3.91 gripper.pos=+2.55
DEBUG 2026-08-20 07:29:50 [action #348] t=12.45s step=347 queue=10 dmax=2.716 | shoulder_pan.pos=+1.16 shoulder_lift.pos=-47.37 elbow_flex.pos=+41.02 wrist_flex.pos=+75.77 wrist_roll.pos=+3.83 gripper.pos=+2.00
DEBUG 2026-08-20 07:29:50 [action #349] t=12.48s step=348 queue=9 dmax=2.794 | shoulder_pan.pos=+0.74 shoulder_lift.pos=-48.72 elbow_flex.pos=+43.81 wrist_flex.pos=+74.78 wrist_roll.pos=+3.78 gripper.pos=+1.55
DEBUG 2026-08-20 07:29:50 [action #350] t=12.51s step=349 queue=8 dmax=2.373 | shoulder_pan.pos=+0.63 shoulder_lift.pos=-50.90 elbow_flex.pos=+46.19 wrist_flex.pos=+73.73 wrist_roll.pos=+3.80 gripper.pos=+1.24
DEBUG 2026-08-20 07:29:50 [action #351] t=12.55s step=350 queue=7 dmax=2.055 | shoulder_pan.pos=+0.68 shoulder_lift.pos=-52.49 elbow_flex.pos=+48.24 wrist_flex.pos=+72.77 wrist_roll.pos=+3.90 gripper.pos=+0.83
DEBUG 2026-08-20 07:29:50 [action #352] t=12.58s step=351 queue=6 dmax=1.823 | shoulder_pan.pos=+0.26 shoulder_lift.pos=-54.27 elbow_flex.pos=+50.07 wrist_flex.pos=+71.79 wrist_roll.pos=+3.69 gripper.pos=+0.73
DEBUG 2026-08-20 07:29:50 [action #353] t=12.61s step=352 queue=5 dmax=2.286 | shoulder_pan.pos=+0.18 shoulder_lift.pos=-56.41 elbow_flex.pos=+52.35 wrist_flex.pos=+70.70 wrist_roll.pos=+3.65 gripper.pos=+0.40
DEBUG 2026-08-20 07:29:50 [chunk] received 50 actions, timesteps 328..377 | first: shoulder_pan.pos=+5.26 shoulder_lift.pos=-37.71 elbow_flex.pos=+30.27 wrist_flex.pos=+78.93 wrist_roll.pos=+1.22 gripper.pos=+2.61 | last: shoulder_pan.pos=-5.53 shoulder_lift.pos=-102.34 elbow_flex.pos=+85.44 wrist_flex.pos=+77.99 wrist_roll.pos=-2.46 gripper.pos=+0.42
DEBUG 2026-08-20 07:29:50 [action #354] t=12.65s step=353 queue=25 dmax=10.341 | shoulder_pan.pos=-1.78 shoulder_lift.pos=-66.75 elbow_flex.pos=+61.32 wrist_flex.pos=+69.24 wrist_roll.pos=+2.04 gripper.pos=+0.36
DEBUG 2026-08-20 07:29:50 [action #355] t=12.68s step=354 queue=24 dmax=1.413 | shoulder_pan.pos=-2.07 shoulder_lift.pos=-67.99 elbow_flex.pos=+62.73 wrist_flex.pos=+68.65 wrist_roll.pos=+1.83 gripper.pos=+0.17
DEBUG 2026-08-20 07:29:50 [action #356] t=12.71s step=355 queue=23 dmax=1.739 | shoulder_pan.pos=-2.16 shoulder_lift.pos=-69.73 elbow_flex.pos=+64.11 wrist_flex.pos=+68.21 wrist_roll.pos=+1.72 gripper.pos=+0.33
DEBUG 2026-08-20 07:29:50 [action #357] t=12.75s step=356 queue=22 dmax=1.653 | shoulder_pan.pos=-2.42 shoulder_lift.pos=-71.39 elbow_flex.pos=+65.35 wrist_flex.pos=+67.67 wrist_roll.pos=+1.55 gripper.pos=+0.08
DEBUG 2026-08-20 07:29:50 [action #358] t=12.78s step=357 queue=21 dmax=4.506 | shoulder_pan.pos=-3.54 shoulder_lift.pos=-75.89 elbow_flex.pos=+68.93 wrist_flex.pos=+68.37 wrist_roll.pos=+0.42 gripper.pos=+0.47
DEBUG 2026-08-20 07:29:50 [action #359] t=12.81s step=358 queue=20 dmax=1.770 | shoulder_pan.pos=-4.11 shoulder_lift.pos=-77.66 elbow_flex.pos=+69.80 wrist_flex.pos=+68.31 wrist_roll.pos=-0.18 gripper.pos=+0.41
DEBUG 2026-08-20 07:29:50 [action #360] t=12.85s step=359 queue=19 dmax=1.762 | shoulder_pan.pos=-4.43 shoulder_lift.pos=-79.42 elbow_flex.pos=+70.82 wrist_flex.pos=+68.33 wrist_roll.pos=-0.31 gripper.pos=+0.34
DEBUG 2026-08-20 07:29:50 [action #361] t=12.88s step=360 queue=18 dmax=0.952 | shoulder_pan.pos=-5.12 shoulder_lift.pos=-80.38 elbow_flex.pos=+71.54 wrist_flex.pos=+68.27 wrist_roll.pos=-0.84 gripper.pos=+0.51
DEBUG 2026-08-20 07:29:50 [action #362] t=12.91s step=361 queue=17 dmax=1.741 | shoulder_pan.pos=-5.31 shoulder_lift.pos=-82.12 elbow_flex.pos=+73.27 wrist_flex.pos=+68.26 wrist_roll.pos=-1.38 gripper.pos=+0.30
DEBUG 2026-08-20 07:29:50 [action #363] t=12.95s step=362 queue=16 dmax=1.023 | shoulder_pan.pos=-5.80 shoulder_lift.pos=-83.14 elbow_flex.pos=+74.21 wrist_flex.pos=+68.25 wrist_roll.pos=-1.52 gripper.pos=+0.35
DEBUG 2026-08-20 07:29:50 [action #364] t=12.98s step=363 queue=15 dmax=1.455 | shoulder_pan.pos=-5.61 shoulder_lift.pos=-84.59 elbow_flex.pos=+74.80 wrist_flex.pos=+68.38 wrist_roll.pos=-1.83 gripper.pos=+0.37
DEBUG 2026-08-20 07:29:50 [action #365] t=13.01s step=364 queue=14 dmax=1.035 | shoulder_pan.pos=-5.79 shoulder_lift.pos=-85.63 elbow_flex.pos=+75.70 wrist_flex.pos=+68.56 wrist_roll.pos=-1.70 gripper.pos=+0.29
DEBUG 2026-08-20 07:29:50 [action #366] t=13.05s step=365 queue=13 dmax=1.243 | shoulder_pan.pos=-5.62 shoulder_lift.pos=-86.65 elbow_flex.pos=+76.94 wrist_flex.pos=+68.67 wrist_roll.pos=-1.66 gripper.pos=+0.30
DEBUG 2026-08-20 07:29:50 [action #367] t=13.08s step=366 queue=12 dmax=1.697 | shoulder_pan.pos=-5.56 shoulder_lift.pos=-88.34 elbow_flex.pos=+76.93 wrist_flex.pos=+69.23 wrist_roll.pos=-1.71 gripper.pos=+0.38
DEBUG 2026-08-20 07:29:51 [action #368] t=13.11s step=367 queue=11 dmax=1.379 | shoulder_pan.pos=-5.63 shoulder_lift.pos=-89.72 elbow_flex.pos=+77.71 wrist_flex.pos=+69.70 wrist_roll.pos=-1.66 gripper.pos=+0.23
DEBUG 2026-08-20 07:29:51 [action #369] t=13.15s step=368 queue=10 dmax=2.536 | shoulder_pan.pos=-5.53 shoulder_lift.pos=-92.26 elbow_flex.pos=+79.06 wrist_flex.pos=+70.82 wrist_roll.pos=-1.67 gripper.pos=+0.27
DEBUG 2026-08-20 07:29:51 [action #370] t=13.18s step=369 queue=9 dmax=2.151 | shoulder_pan.pos=-5.63 shoulder_lift.pos=-94.41 elbow_flex.pos=+80.52 wrist_flex.pos=+71.97 wrist_roll.pos=-1.60 gripper.pos=+0.33
DEBUG 2026-08-20 07:29:51 [action #371] t=13.21s step=370 queue=8 dmax=2.263 | shoulder_pan.pos=-5.64 shoulder_lift.pos=-96.67 elbow_flex.pos=+80.73 wrist_flex.pos=+73.18 wrist_roll.pos=-1.68 gripper.pos=+0.30
DEBUG 2026-08-20 07:29:51 [action #372] t=13.25s step=371 queue=7 dmax=1.168 | shoulder_pan.pos=-5.69 shoulder_lift.pos=-97.84 elbow_flex.pos=+81.80 wrist_flex.pos=+74.32 wrist_roll.pos=-1.85 gripper.pos=+0.32
DEBUG 2026-08-20 07:29:51 [action #373] t=13.28s step=372 queue=6 dmax=1.302 | shoulder_pan.pos=-5.85 shoulder_lift.pos=-99.14 elbow_flex.pos=+81.98 wrist_flex.pos=+75.31 wrist_roll.pos=-1.86 gripper.pos=+0.23
DEBUG 2026-08-20 07:29:51 [action #374] t=13.32s step=373 queue=5 dmax=0.745 | shoulder_pan.pos=-5.90 shoulder_lift.pos=-99.89 elbow_flex.pos=+82.48 wrist_flex.pos=+75.70 wrist_roll.pos=-2.06 gripper.pos=+0.30
DEBUG 2026-08-20 07:29:51 [action #375] t=13.35s step=374 queue=4 dmax=1.049 | shoulder_pan.pos=-5.68 shoulder_lift.pos=-100.56 elbow_flex.pos=+83.53 wrist_flex.pos=+76.30 wrist_roll.pos=-2.26 gripper.pos=+0.34
DEBUG 2026-08-20 07:29:51 [action #376] t=13.38s step=375 queue=3 dmax=1.306 | shoulder_pan.pos=-5.52 shoulder_lift.pos=-101.87 elbow_flex.pos=+84.27 wrist_flex.pos=+77.00 wrist_roll.pos=-2.41 gripper.pos=+0.37
DEBUG 2026-08-20 07:29:51 [action #377] t=13.42s step=376 queue=2 dmax=0.382 | shoulder_pan.pos=-5.67 shoulder_lift.pos=-101.84 elbow_flex.pos=+84.65 wrist_flex.pos=+77.28 wrist_roll.pos=-2.41 gripper.pos=+0.37
DEBUG 2026-08-20 07:29:51 [action #378] t=13.45s step=377 queue=1 dmax=0.788 | shoulder_pan.pos=-5.53 shoulder_lift.pos=-102.34 elbow_flex.pos=+85.44 wrist_flex.pos=+77.99 wrist_roll.pos=-2.46 gripper.pos=+0.42
DEBUG 2026-08-20 07:29:51 [chunk] received 50 actions, timesteps 350..399 | first: shoulder_pan.pos=-0.31 shoulder_lift.pos=-52.52 elbow_flex.pos=+46.03 wrist_flex.pos=+73.26 wrist_roll.pos=+3.30 gripper.pos=+1.67 | last: shoulder_pan.pos=-5.68 shoulder_lift.pos=-104.71 elbow_flex.pos=+88.19 wrist_flex.pos=+76.51 wrist_roll.pos=-2.14 gripper.pos=+0.20
DEBUG 2026-08-20 07:29:51 [action #379] t=13.52s step=378 queue=22 dmax=16.869 | shoulder_pan.pos=-4.79 shoulder_lift.pos=-85.48 elbow_flex.pos=+79.15 wrist_flex.pos=+67.63 wrist_roll.pos=+1.94 gripper.pos=+0.49
DEBUG 2026-08-20 07:29:51 [action #380] t=13.55s step=379 queue=21 dmax=0.922 | shoulder_pan.pos=-4.77 shoulder_lift.pos=-86.40 elbow_flex.pos=+79.78 wrist_flex.pos=+67.62 wrist_roll.pos=+1.54 gripper.pos=+0.50
DEBUG 2026-08-20 07:29:51 [action #381] t=13.58s step=380 queue=20 dmax=1.849 | shoulder_pan.pos=-4.78 shoulder_lift.pos=-88.25 elbow_flex.pos=+80.72 wrist_flex.pos=+67.75 wrist_roll.pos=+0.97 gripper.pos=+0.48
DEBUG 2026-08-20 07:29:51 [action #382] t=13.62s step=381 queue=19 dmax=1.084 | shoulder_pan.pos=-4.74 shoulder_lift.pos=-88.90 elbow_flex.pos=+81.55 wrist_flex.pos=+67.62 wrist_roll.pos=-0.11 gripper.pos=+0.36
DEBUG 2026-08-20 07:29:51 [action #383] t=13.65s step=382 queue=18 dmax=1.474 | shoulder_pan.pos=-4.72 shoulder_lift.pos=-90.38 elbow_flex.pos=+82.32 wrist_flex.pos=+68.03 wrist_roll.pos=-1.27 gripper.pos=+0.42
DEBUG 2026-08-20 07:29:51 [action #384] t=13.68s step=383 queue=17 dmax=1.483 | shoulder_pan.pos=-4.56 shoulder_lift.pos=-91.86 elbow_flex.pos=+82.74 wrist_flex.pos=+68.10 wrist_roll.pos=-2.09 gripper.pos=+0.29
DEBUG 2026-08-20 07:29:51 [action #385] t=13.72s step=384 queue=16 dmax=1.175 | shoulder_pan.pos=-4.60 shoulder_lift.pos=-93.00 elbow_flex.pos=+83.91 wrist_flex.pos=+68.36 wrist_roll.pos=-2.40 gripper.pos=+0.18
DEBUG 2026-08-20 07:29:51 [action #386] t=13.75s step=385 queue=15 dmax=1.539 | shoulder_pan.pos=-4.57 shoulder_lift.pos=-94.54 elbow_flex.pos=+83.56 wrist_flex.pos=+68.94 wrist_roll.pos=-2.58 gripper.pos=+0.12
DEBUG 2026-08-20 07:29:51 [action #387] t=13.78s step=386 queue=14 dmax=1.873 | shoulder_pan.pos=-4.86 shoulder_lift.pos=-96.42 elbow_flex.pos=+84.56 wrist_flex.pos=+69.46 wrist_roll.pos=-2.55 gripper.pos=+0.10
DEBUG 2026-08-20 07:29:51 [action #388] t=13.82s step=387 queue=13 dmax=1.163 | shoulder_pan.pos=-4.84 shoulder_lift.pos=-97.58 elbow_flex.pos=+85.43 wrist_flex.pos=+69.97 wrist_roll.pos=-2.59 gripper.pos=+0.19
DEBUG 2026-08-20 07:29:51 [action #389] t=13.85s step=388 queue=12 dmax=1.239 | shoulder_pan.pos=-4.99 shoulder_lift.pos=-98.82 elbow_flex.pos=+85.63 wrist_flex.pos=+70.67 wrist_roll.pos=-2.53 gripper.pos=+0.35
DEBUG 2026-08-20 07:29:51 [action #390] t=13.88s step=389 queue=11 dmax=0.913 | shoulder_pan.pos=-4.88 shoulder_lift.pos=-99.73 elbow_flex.pos=+86.38 wrist_flex.pos=+71.51 wrist_roll.pos=-2.59 gripper.pos=+0.31
DEBUG 2026-08-20 07:29:51 [action #391] t=13.92s step=390 queue=10 dmax=1.073 | shoulder_pan.pos=-4.79 shoulder_lift.pos=-100.80 elbow_flex.pos=+86.61 wrist_flex.pos=+72.40 wrist_roll.pos=-2.69 gripper.pos=+0.22
DEBUG 2026-08-20 07:29:51 [action #392] t=13.95s step=391 queue=9 dmax=1.153 | shoulder_pan.pos=-4.89 shoulder_lift.pos=-101.63 elbow_flex.pos=+86.91 wrist_flex.pos=+73.55 wrist_roll.pos=-2.64 gripper.pos=+0.08
DEBUG 2026-08-20 07:29:51 [action #393] t=13.98s step=392 queue=8 dmax=1.351 | shoulder_pan.pos=-4.84 shoulder_lift.pos=-102.98 elbow_flex.pos=+86.84 wrist_flex.pos=+74.29 wrist_roll.pos=-2.59 gripper.pos=+0.14
DEBUG 2026-08-20 07:29:51 [action #394] t=14.02s step=393 queue=7 dmax=0.788 | shoulder_pan.pos=-5.03 shoulder_lift.pos=-103.67 elbow_flex.pos=+86.80 wrist_flex.pos=+75.07 wrist_roll.pos=-2.47 gripper.pos=+0.13
DEBUG 2026-08-20 07:29:51 [action #395] t=14.05s step=394 queue=6 dmax=0.758 | shoulder_pan.pos=-5.13 shoulder_lift.pos=-104.42 elbow_flex.pos=+87.42 wrist_flex.pos=+75.51 wrist_roll.pos=-2.52 gripper.pos=+0.23
DEBUG 2026-08-20 07:29:51 [action #396] t=14.08s step=395 queue=5 dmax=0.340 | shoulder_pan.pos=-5.39 shoulder_lift.pos=-104.18 elbow_flex.pos=+87.34 wrist_flex.pos=+75.85 wrist_roll.pos=-2.43 gripper.pos=+0.23
DEBUG 2026-08-20 07:29:52 [action #397] t=14.12s step=396 queue=4 dmax=0.401 | shoulder_pan.pos=-5.79 shoulder_lift.pos=-104.05 elbow_flex.pos=+87.71 wrist_flex.pos=+76.00 wrist_roll.pos=-2.37 gripper.pos=+0.26
DEBUG 2026-08-20 07:29:52 [action #398] t=14.15s step=397 queue=3 dmax=0.214 | shoulder_pan.pos=-5.64 shoulder_lift.pos=-104.26 elbow_flex.pos=+87.83 wrist_flex.pos=+76.05 wrist_roll.pos=-2.28 gripper.pos=+0.13
DEBUG 2026-08-20 07:29:52 [action #399] t=14.19s step=398 queue=2 dmax=0.193 | shoulder_pan.pos=-5.67 shoulder_lift.pos=-104.31 elbow_flex.pos=+87.73 wrist_flex.pos=+76.24 wrist_roll.pos=-2.28 gripper.pos=+0.18
DEBUG 2026-08-20 07:29:52 [action #400] t=14.22s step=399 queue=1 dmax=0.466 | shoulder_pan.pos=-5.68 shoulder_lift.pos=-104.71 elbow_flex.pos=+88.19 wrist_flex.pos=+76.51 wrist_roll.pos=-2.14 gripper.pos=+0.20
DEBUG 2026-08-20 07:29:52 [chunk] received 50 actions, timesteps 377..426 | first: shoulder_pan.pos=-4.60 shoulder_lift.pos=-101.09 elbow_flex.pos=+85.13 wrist_flex.pos=+75.22 wrist_roll.pos=-1.68 gripper.pos=+0.50 | last: shoulder_pan.pos=-10.51 shoulder_lift.pos=-88.77 elbow_flex.pos=+71.03 wrist_flex.pos=+61.43 wrist_roll.pos=-3.86 gripper.pos=+0.51
DEBUG 2026-08-20 07:29:52 [action #401] t=14.25s step=400 queue=27 dmax=8.590 | shoulder_pan.pos=-10.86 shoulder_lift.pos=-101.25 elbow_flex.pos=+83.94 wrist_flex.pos=+67.92 wrist_roll.pos=-1.62 gripper.pos=+0.30
DEBUG 2026-08-20 07:29:52 [action #402] t=14.29s step=401 queue=26 dmax=0.663 | shoulder_pan.pos=-11.13 shoulder_lift.pos=-101.27 elbow_flex.pos=+83.27 wrist_flex.pos=+67.67 wrist_roll.pos=-1.72 gripper.pos=+0.27
DEBUG 2026-08-20 07:29:52 [action #403] t=14.32s step=402 queue=25 dmax=0.424 | shoulder_pan.pos=-11.09 shoulder_lift.pos=-101.27 elbow_flex.pos=+83.54 wrist_flex.pos=+67.24 wrist_roll.pos=-1.79 gripper.pos=+0.26
DEBUG 2026-08-20 07:29:52 [action #404] t=14.35s step=403 queue=24 dmax=0.523 | shoulder_pan.pos=-11.53 shoulder_lift.pos=-101.69 elbow_flex.pos=+83.02 wrist_flex.pos=+66.83 wrist_roll.pos=-1.82 gripper.pos=+0.36
DEBUG 2026-08-20 07:29:52 [action #405] t=14.39s step=404 queue=23 dmax=0.685 | shoulder_pan.pos=-11.65 shoulder_lift.pos=-101.53 elbow_flex.pos=+83.11 wrist_flex.pos=+66.14 wrist_roll.pos=-1.78 gripper.pos=+0.33
DEBUG 2026-08-20 07:29:52 [action #406] t=14.42s step=405 queue=22 dmax=0.820 | shoulder_pan.pos=-11.57 shoulder_lift.pos=-102.06 elbow_flex.pos=+83.07 wrist_flex.pos=+65.32 wrist_roll.pos=-1.79 gripper.pos=+0.27
DEBUG 2026-08-20 07:29:52 [action #407] t=14.45s step=406 queue=21 dmax=0.495 | shoulder_pan.pos=-11.69 shoulder_lift.pos=-101.86 elbow_flex.pos=+83.10 wrist_flex.pos=+64.83 wrist_roll.pos=-1.86 gripper.pos=+0.24
DEBUG 2026-08-20 07:29:52 [action #408] t=14.49s step=407 queue=20 dmax=0.468 | shoulder_pan.pos=-11.68 shoulder_lift.pos=-102.00 elbow_flex.pos=+82.91 wrist_flex.pos=+64.36 wrist_roll.pos=-1.86 gripper.pos=+0.33
DEBUG 2026-08-20 07:29:52 [action #409] t=14.52s step=408 queue=19 dmax=0.703 | shoulder_pan.pos=-11.72 shoulder_lift.pos=-101.30 elbow_flex.pos=+82.69 wrist_flex.pos=+63.81 wrist_roll.pos=-1.85 gripper.pos=+0.43
DEBUG 2026-08-20 07:29:52 [action #410] t=14.55s step=409 queue=18 dmax=0.475 | shoulder_pan.pos=-11.43 shoulder_lift.pos=-101.12 elbow_flex.pos=+82.67 wrist_flex.pos=+63.34 wrist_roll.pos=-1.88 gripper.pos=+0.41
DEBUG 2026-08-20 07:29:52 [action #411] t=14.59s step=410 queue=17 dmax=0.248 | shoulder_pan.pos=-11.25 shoulder_lift.pos=-101.18 elbow_flex.pos=+82.51 wrist_flex.pos=+63.09 wrist_roll.pos=-1.87 gripper.pos=+0.33
DEBUG 2026-08-20 07:29:52 [action #412] t=14.62s step=411 queue=16 dmax=0.458 | shoulder_pan.pos=-11.24 shoulder_lift.pos=-101.61 elbow_flex.pos=+82.05 wrist_flex.pos=+63.19 wrist_roll.pos=-1.88 gripper.pos=+0.32
DEBUG 2026-08-20 07:29:52 [action #413] t=14.65s step=412 queue=15 dmax=0.358 | shoulder_pan.pos=-10.88 shoulder_lift.pos=-101.57 elbow_flex.pos=+81.74 wrist_flex.pos=+63.26 wrist_roll.pos=-1.82 gripper.pos=+0.38
DEBUG 2026-08-20 07:29:52 [action #414] t=14.69s step=413 queue=14 dmax=0.187 | shoulder_pan.pos=-11.07 shoulder_lift.pos=-101.62 elbow_flex.pos=+81.74 wrist_flex.pos=+63.30 wrist_roll.pos=-1.87 gripper.pos=+0.28
DEBUG 2026-08-20 07:29:52 [action #415] t=14.72s step=414 queue=13 dmax=0.859 | shoulder_pan.pos=-11.07 shoulder_lift.pos=-101.16 elbow_flex.pos=+80.88 wrist_flex.pos=+63.50 wrist_roll.pos=-1.95 gripper.pos=+0.41
DEBUG 2026-08-20 07:29:52 [action #416] t=14.75s step=415 queue=12 dmax=0.546 | shoulder_pan.pos=-10.85 shoulder_lift.pos=-101.27 elbow_flex.pos=+80.33 wrist_flex.pos=+63.79 wrist_roll.pos=-1.96 gripper.pos=+0.28
DEBUG 2026-08-20 07:29:52 [action #417] t=14.79s step=416 queue=11 dmax=0.508 | shoulder_pan.pos=-10.95 shoulder_lift.pos=-100.76 elbow_flex.pos=+80.59 wrist_flex.pos=+64.00 wrist_roll.pos=-1.97 gripper.pos=+0.37
DEBUG 2026-08-20 07:29:52 [action #418] t=14.82s step=417 queue=10 dmax=0.743 | shoulder_pan.pos=-10.76 shoulder_lift.pos=-100.71 elbow_flex.pos=+79.85 wrist_flex.pos=+64.10 wrist_roll.pos=-2.19 gripper.pos=+0.42
DEBUG 2026-08-20 07:29:52 [action #419] t=14.85s step=418 queue=9 dmax=0.579 | shoulder_pan.pos=-10.89 shoulder_lift.pos=-100.47 elbow_flex.pos=+79.27 wrist_flex.pos=+64.07 wrist_roll.pos=-2.26 gripper.pos=+0.29
DEBUG 2026-08-20 07:29:52 [action #420] t=14.89s step=419 queue=8 dmax=0.998 | shoulder_pan.pos=-10.70 shoulder_lift.pos=-100.32 elbow_flex.pos=+78.27 wrist_flex.pos=+64.27 wrist_roll.pos=-2.47 gripper.pos=+0.26
DEBUG 2026-08-20 07:29:52 [action #421] t=14.92s step=420 queue=7 dmax=0.864 | shoulder_pan.pos=-10.57 shoulder_lift.pos=-99.46 elbow_flex.pos=+78.08 wrist_flex.pos=+63.95 wrist_roll.pos=-2.81 gripper.pos=+0.38
DEBUG 2026-08-20 07:29:52 [action #422] t=14.95s step=421 queue=6 dmax=1.249 | shoulder_pan.pos=-10.40 shoulder_lift.pos=-98.87 elbow_flex.pos=+76.83 wrist_flex.pos=+63.85 wrist_roll.pos=-2.99 gripper.pos=+0.38
DEBUG 2026-08-20 07:29:52 [action #423] t=14.99s step=422 queue=5 dmax=1.358 | shoulder_pan.pos=-10.48 shoulder_lift.pos=-97.51 elbow_flex.pos=+75.61 wrist_flex.pos=+63.66 wrist_roll.pos=-3.19 gripper.pos=+0.47
DEBUG 2026-08-20 07:29:52 [chunk] received 50 actions, timesteps 399..448 | first: shoulder_pan.pos=-5.24 shoulder_lift.pos=-101.84 elbow_flex.pos=+87.46 wrist_flex.pos=+75.13 wrist_roll.pos=-2.12 gripper.pos=+0.49 | last: shoulder_pan.pos=-10.42 shoulder_lift.pos=-100.65 elbow_flex.pos=+78.57 wrist_flex.pos=+64.78 wrist_roll.pos=-2.33 gripper.pos=+0.37
DEBUG 2026-08-20 07:29:52 [action #424] t=15.02s step=423 queue=26 dmax=7.189 | shoulder_pan.pos=-7.56 shoulder_lift.pos=-100.54 elbow_flex.pos=+82.80 wrist_flex.pos=+63.12 wrist_roll.pos=-2.45 gripper.pos=+0.39
DEBUG 2026-08-20 07:29:52 [action #425] t=15.06s step=424 queue=25 dmax=0.692 | shoulder_pan.pos=-7.68 shoulder_lift.pos=-99.85 elbow_flex.pos=+82.53 wrist_flex.pos=+62.72 wrist_roll.pos=-2.47 gripper.pos=+0.40
DEBUG 2026-08-20 07:29:52 [action #426] t=15.09s step=425 queue=24 dmax=0.514 | shoulder_pan.pos=-7.47 shoulder_lift.pos=-99.34 elbow_flex.pos=+82.08 wrist_flex.pos=+62.53 wrist_roll.pos=-2.50 gripper.pos=+0.42
DEBUG 2026-08-20 07:29:53 [action #427] t=15.12s step=426 queue=23 dmax=1.022 | shoulder_pan.pos=-7.55 shoulder_lift.pos=-98.31 elbow_flex.pos=+81.62 wrist_flex.pos=+62.08 wrist_roll.pos=-2.61 gripper.pos=+0.43
DEBUG 2026-08-20 07:29:53 [action #428] t=15.16s step=427 queue=22 dmax=4.196 | shoulder_pan.pos=-6.37 shoulder_lift.pos=-102.51 elbow_flex.pos=+85.72 wrist_flex.pos=+62.09 wrist_roll.pos=-2.05 gripper.pos=+0.42
DEBUG 2026-08-20 07:29:53 [action #429] t=15.19s step=428 queue=21 dmax=0.099 | shoulder_pan.pos=-6.46 shoulder_lift.pos=-102.41 elbow_flex.pos=+85.73 wrist_flex.pos=+62.13 wrist_roll.pos=-2.07 gripper.pos=+0.37
DEBUG 2026-08-20 07:29:53 [action #430] t=15.22s step=429 queue=20 dmax=0.286 | shoulder_pan.pos=-6.75 shoulder_lift.pos=-102.60 elbow_flex.pos=+85.80 wrist_flex.pos=+62.12 wrist_roll.pos=-2.02 gripper.pos=+0.33
DEBUG 2026-08-20 07:29:53 [action #431] t=15.26s step=430 queue=19 dmax=0.314 | shoulder_pan.pos=-6.88 shoulder_lift.pos=-102.28 elbow_flex.pos=+85.54 wrist_flex.pos=+62.32 wrist_roll.pos=-2.06 gripper.pos=+0.32
DEBUG 2026-08-20 07:29:53 [action #432] t=15.29s step=431 queue=18 dmax=0.423 | shoulder_pan.pos=-7.11 shoulder_lift.pos=-101.97 elbow_flex.pos=+85.12 wrist_flex.pos=+62.56 wrist_roll.pos=-2.05 gripper.pos=+0.33
DEBUG 2026-08-20 07:29:53 [action #433] t=15.32s step=432 queue=17 dmax=0.590 | shoulder_pan.pos=-7.70 shoulder_lift.pos=-102.40 elbow_flex.pos=+85.07 wrist_flex.pos=+62.71 wrist_roll.pos=-2.03 gripper.pos=+0.19
DEBUG 2026-08-20 07:29:53 [action #434] t=15.36s step=433 queue=16 dmax=0.377 | shoulder_pan.pos=-7.76 shoulder_lift.pos=-102.28 elbow_flex.pos=+84.69 wrist_flex.pos=+63.03 wrist_roll.pos=-2.12 gripper.pos=+0.34
DEBUG 2026-08-20 07:29:53 [action #435] t=15.39s step=434 queue=15 dmax=0.480 | shoulder_pan.pos=-8.16 shoulder_lift.pos=-101.84 elbow_flex.pos=+84.21 wrist_flex.pos=+63.24 wrist_roll.pos=-2.04 gripper.pos=+0.14
DEBUG 2026-08-20 07:29:53 [action #436] t=15.42s step=435 queue=14 dmax=1.199 | shoulder_pan.pos=-8.35 shoulder_lift.pos=-101.83 elbow_flex.pos=+83.02 wrist_flex.pos=+63.57 wrist_roll.pos=-2.06 gripper.pos=+0.29
DEBUG 2026-08-20 07:29:53 [action #437] t=15.46s step=436 queue=13 dmax=0.198 | shoulder_pan.pos=-8.47 shoulder_lift.pos=-101.97 elbow_flex.pos=+82.90 wrist_flex.pos=+63.76 wrist_roll.pos=-2.10 gripper.pos=+0.21
DEBUG 2026-08-20 07:29:53 [action #438] t=15.49s step=437 queue=12 dmax=0.548 | shoulder_pan.pos=-8.67 shoulder_lift.pos=-102.27 elbow_flex.pos=+82.36 wrist_flex.pos=+63.82 wrist_roll.pos=-2.15 gripper.pos=+0.09
DEBUG 2026-08-20 07:29:53 [action #439] t=15.52s step=438 queue=11 dmax=0.481 | shoulder_pan.pos=-8.80 shoulder_lift.pos=-101.79 elbow_flex.pos=+82.08 wrist_flex.pos=+64.02 wrist_roll.pos=-2.06 gripper.pos=+0.16
DEBUG 2026-08-20 07:29:53 [action #440] t=15.56s step=439 queue=10 dmax=0.211 | shoulder_pan.pos=-8.68 shoulder_lift.pos=-101.74 elbow_flex.pos=+81.87 wrist_flex.pos=+64.16 wrist_roll.pos=-2.06 gripper.pos=+0.19
DEBUG 2026-08-20 07:29:53 [action #441] t=15.59s step=440 queue=9 dmax=1.222 | shoulder_pan.pos=-8.80 shoulder_lift.pos=-101.38 elbow_flex.pos=+80.65 wrist_flex.pos=+64.36 wrist_roll.pos=-2.06 gripper.pos=+0.07
DEBUG 2026-08-20 07:29:53 [action #442] t=15.62s step=441 queue=8 dmax=0.565 | shoulder_pan.pos=-8.92 shoulder_lift.pos=-101.94 elbow_flex.pos=+80.75 wrist_flex.pos=+64.51 wrist_roll.pos=-2.10 gripper.pos=+0.09
DEBUG 2026-08-20 07:29:53 [action #443] t=15.66s step=442 queue=7 dmax=0.831 | shoulder_pan.pos=-9.05 shoulder_lift.pos=-101.98 elbow_flex.pos=+79.92 wrist_flex.pos=+64.72 wrist_roll.pos=-2.07 gripper.pos=+0.14
DEBUG 2026-08-20 07:29:53 [action #444] t=15.69s step=443 queue=6 dmax=0.965 | shoulder_pan.pos=-9.21 shoulder_lift.pos=-101.01 elbow_flex.pos=+80.15 wrist_flex.pos=+64.68 wrist_roll.pos=-2.08 gripper.pos=+0.14
DEBUG 2026-08-20 07:29:53 [action #445] t=15.72s step=444 queue=5 dmax=0.596 | shoulder_pan.pos=-9.23 shoulder_lift.pos=-101.61 elbow_flex.pos=+79.84 wrist_flex.pos=+64.56 wrist_roll.pos=-2.07 gripper.pos=+0.23
DEBUG 2026-08-20 07:29:53 [chunk] received 50 actions, timesteps 421..470 | first: shoulder_pan.pos=-11.34 shoulder_lift.pos=-99.10 elbow_flex.pos=+79.97 wrist_flex.pos=+63.02 wrist_roll.pos=-2.17 gripper.pos=+0.58 | last: shoulder_pan.pos=-8.11 shoulder_lift.pos=-18.93 elbow_flex.pos=+26.89 wrist_flex.pos=+55.81 wrist_roll.pos=-4.62 gripper.pos=+1.24
DEBUG 2026-08-20 07:29:53 [action #446] t=15.76s step=445 queue=26 dmax=31.652 | shoulder_pan.pos=-9.69 shoulder_lift.pos=-69.96 elbow_flex.pos=+63.28 wrist_flex.pos=+56.56 wrist_roll.pos=-3.45 gripper.pos=+0.38
DEBUG 2026-08-20 07:29:53 [action #447] t=15.79s step=446 queue=25 dmax=0.918 | shoulder_pan.pos=-9.76 shoulder_lift.pos=-69.15 elbow_flex.pos=+62.37 wrist_flex.pos=+56.33 wrist_roll.pos=-3.60 gripper.pos=+0.39
DEBUG 2026-08-20 07:29:53 [action #448] t=15.82s step=447 queue=24 dmax=1.550 | shoulder_pan.pos=-9.45 shoulder_lift.pos=-67.60 elbow_flex.pos=+61.64 wrist_flex.pos=+56.42 wrist_roll.pos=-3.66 gripper.pos=+0.54
DEBUG 2026-08-20 07:29:53 [action #449] t=15.86s step=448 queue=23 dmax=1.300 | shoulder_pan.pos=-9.77 shoulder_lift.pos=-66.49 elbow_flex.pos=+60.34 wrist_flex.pos=+56.56 wrist_roll.pos=-3.84 gripper.pos=+0.62
DEBUG 2026-08-20 07:29:53 [action #450] t=15.89s step=449 queue=22 dmax=15.773 | shoulder_pan.pos=-9.26 shoulder_lift.pos=-50.71 elbow_flex.pos=+51.67 wrist_flex.pos=+53.10 wrist_roll.pos=-4.56 gripper.pos=+0.68
DEBUG 2026-08-20 07:29:53 [action #451] t=15.93s step=450 queue=21 dmax=1.596 | shoulder_pan.pos=-9.15 shoulder_lift.pos=-49.12 elbow_flex.pos=+51.70 wrist_flex.pos=+53.20 wrist_roll.pos=-4.54 gripper.pos=+0.55
DEBUG 2026-08-20 07:29:53 [action #452] t=15.96s step=451 queue=20 dmax=1.887 | shoulder_pan.pos=-9.11 shoulder_lift.pos=-47.38 elbow_flex.pos=+49.82 wrist_flex.pos=+53.02 wrist_roll.pos=-4.61 gripper.pos=+0.68
DEBUG 2026-08-20 07:29:53 [action #453] t=15.99s step=452 queue=19 dmax=1.520 | shoulder_pan.pos=-9.19 shoulder_lift.pos=-46.13 elbow_flex.pos=+48.30 wrist_flex.pos=+53.36 wrist_roll.pos=-4.68 gripper.pos=+0.70
DEBUG 2026-08-20 07:29:53 [action #454] t=16.03s step=453 queue=18 dmax=1.773 | shoulder_pan.pos=-8.65 shoulder_lift.pos=-44.36 elbow_flex.pos=+48.07 wrist_flex.pos=+53.50 wrist_roll.pos=-4.76 gripper.pos=+0.57
DEBUG 2026-08-20 07:29:53 [action #455] t=16.06s step=454 queue=17 dmax=2.424 | shoulder_pan.pos=-8.74 shoulder_lift.pos=-41.93 elbow_flex.pos=+46.23 wrist_flex.pos=+53.25 wrist_roll.pos=-4.59 gripper.pos=+0.76
DEBUG 2026-08-20 07:29:54 [action #456] t=16.09s step=455 queue=16 dmax=1.197 | shoulder_pan.pos=-8.78 shoulder_lift.pos=-40.73 elbow_flex.pos=+45.06 wrist_flex.pos=+53.43 wrist_roll.pos=-4.84 gripper.pos=+0.97
DEBUG 2026-08-20 07:29:54 [action #457] t=16.13s step=456 queue=15 dmax=1.952 | shoulder_pan.pos=-8.64 shoulder_lift.pos=-38.78 elbow_flex.pos=+43.93 wrist_flex.pos=+53.26 wrist_roll.pos=-4.76 gripper.pos=+0.70
DEBUG 2026-08-20 07:29:54 [action #458] t=16.16s step=457 queue=14 dmax=1.452 | shoulder_pan.pos=-8.37 shoulder_lift.pos=-37.33 elbow_flex.pos=+42.64 wrist_flex.pos=+53.48 wrist_roll.pos=-5.08 gripper.pos=+0.79
DEBUG 2026-08-20 07:29:54 [action #459] t=16.19s step=458 queue=13 dmax=1.151 | shoulder_pan.pos=-8.79 shoulder_lift.pos=-36.63 elbow_flex.pos=+41.49 wrist_flex.pos=+53.67 wrist_roll.pos=-4.97 gripper.pos=+0.75
DEBUG 2026-08-20 07:29:54 [action #460] t=16.23s step=459 queue=12 dmax=1.745 | shoulder_pan.pos=-8.63 shoulder_lift.pos=-34.89 elbow_flex.pos=+40.24 wrist_flex.pos=+53.83 wrist_roll.pos=-4.93 gripper.pos=+0.63
DEBUG 2026-08-20 07:29:54 [action #461] t=16.26s step=460 queue=11 dmax=0.823 | shoulder_pan.pos=-8.61 shoulder_lift.pos=-34.41 elbow_flex.pos=+39.42 wrist_flex.pos=+53.71 wrist_roll.pos=-4.88 gripper.pos=+0.86
DEBUG 2026-08-20 07:29:54 [action #462] t=16.29s step=461 queue=10 dmax=1.516 | shoulder_pan.pos=-8.72 shoulder_lift.pos=-32.90 elbow_flex.pos=+38.86 wrist_flex.pos=+53.91 wrist_roll.pos=-4.67 gripper.pos=+0.80
DEBUG 2026-08-20 07:29:54 [action #463] t=16.33s step=462 queue=9 dmax=1.897 | shoulder_pan.pos=-8.59 shoulder_lift.pos=-31.00 elbow_flex.pos=+37.87 wrist_flex.pos=+53.78 wrist_roll.pos=-4.88 gripper.pos=+0.71
DEBUG 2026-08-20 07:29:54 [action #464] t=16.36s step=463 queue=8 dmax=1.319 | shoulder_pan.pos=-8.57 shoulder_lift.pos=-29.68 elbow_flex.pos=+37.65 wrist_flex.pos=+53.83 wrist_roll.pos=-4.81 gripper.pos=+0.87
DEBUG 2026-08-20 07:29:54 [action #465] t=16.39s step=464 queue=7 dmax=3.894 | shoulder_pan.pos=-8.58 shoulder_lift.pos=-27.57 elbow_flex.pos=+33.75 wrist_flex.pos=+54.27 wrist_roll.pos=-4.77 gripper.pos=+0.90
DEBUG 2026-08-20 07:29:54 [action #466] t=16.43s step=465 queue=6 dmax=2.579 | shoulder_pan.pos=-8.75 shoulder_lift.pos=-25.00 elbow_flex.pos=+34.35 wrist_flex.pos=+54.41 wrist_roll.pos=-4.80 gripper.pos=+0.67
DEBUG 2026-08-20 07:29:54 [chunk] received 50 actions, timesteps 444..493 | first: shoulder_pan.pos=-9.23 shoulder_lift.pos=-100.66 elbow_flex.pos=+80.96 wrist_flex.pos=+63.65 wrist_roll.pos=-2.30 gripper.pos=+0.03 | last: shoulder_pan.pos=-6.75 shoulder_lift.pos=-33.08 elbow_flex.pos=+41.54 wrist_flex.pos=+51.77 wrist_roll.pos=-4.08 gripper.pos=+0.62
DEBUG 2026-08-20 07:29:54 [action #467] t=16.46s step=466 queue=28 dmax=42.216 | shoulder_pan.pos=-8.70 shoulder_lift.pos=-67.21 elbow_flex.pos=+60.42 wrist_flex.pos=+58.43 wrist_roll.pos=-3.03 gripper.pos=+0.58
DEBUG 2026-08-20 07:29:54 [action #468] t=16.49s step=467 queue=27 dmax=3.002 | shoulder_pan.pos=-8.68 shoulder_lift.pos=-64.21 elbow_flex.pos=+58.93 wrist_flex.pos=+57.76 wrist_roll.pos=-3.06 gripper.pos=+0.36
DEBUG 2026-08-20 07:29:54 [action #469] t=16.53s step=468 queue=26 dmax=2.465 | shoulder_pan.pos=-8.58 shoulder_lift.pos=-61.75 elbow_flex.pos=+57.92 wrist_flex.pos=+57.14 wrist_roll.pos=-3.13 gripper.pos=+0.36
DEBUG 2026-08-20 07:29:54 [action #470] t=16.56s step=469 queue=25 dmax=2.555 | shoulder_pan.pos=-8.52 shoulder_lift.pos=-59.19 elbow_flex.pos=+56.48 wrist_flex.pos=+56.88 wrist_roll.pos=-3.25 gripper.pos=+0.51
DEBUG 2026-08-20 07:29:54 [action #471] t=16.59s step=470 queue=24 dmax=1.943 | shoulder_pan.pos=-8.19 shoulder_lift.pos=-57.25 elbow_flex.pos=+54.62 wrist_flex.pos=+56.25 wrist_roll.pos=-3.28 gripper.pos=+0.53
DEBUG 2026-08-20 07:29:54 [action #472] t=16.63s step=471 queue=23 dmax=13.663 | shoulder_pan.pos=-8.34 shoulder_lift.pos=-70.91 elbow_flex.pos=+65.54 wrist_flex.pos=+56.41 wrist_roll.pos=-2.97 gripper.pos=+0.10
DEBUG 2026-08-20 07:29:54 [action #473] t=16.66s step=472 queue=22 dmax=2.264 | shoulder_pan.pos=-8.15 shoulder_lift.pos=-68.65 elbow_flex.pos=+64.24 wrist_flex.pos=+55.88 wrist_roll.pos=-2.98 gripper.pos=+0.19
DEBUG 2026-08-20 07:29:54 [action #474] t=16.69s step=473 queue=21 dmax=1.784 | shoulder_pan.pos=-8.01 shoulder_lift.pos=-66.86 elbow_flex.pos=+62.77 wrist_flex.pos=+55.94 wrist_roll.pos=-3.25 gripper.pos=+0.13
DEBUG 2026-08-20 07:29:54 [action #475] t=16.73s step=474 queue=20 dmax=2.032 | shoulder_pan.pos=-8.09 shoulder_lift.pos=-64.83 elbow_flex.pos=+61.55 wrist_flex.pos=+56.01 wrist_roll.pos=-3.33 gripper.pos=+0.18
DEBUG 2026-08-20 07:29:54 [action #476] t=16.76s step=475 queue=19 dmax=1.894 | shoulder_pan.pos=-8.17 shoulder_lift.pos=-62.94 elbow_flex.pos=+59.84 wrist_flex.pos=+55.76 wrist_roll.pos=-3.34 gripper.pos=+0.27
DEBUG 2026-08-20 07:29:54 [action #477] t=16.79s step=476 queue=18 dmax=2.133 | shoulder_pan.pos=-7.89 shoulder_lift.pos=-60.80 elbow_flex.pos=+58.90 wrist_flex.pos=+55.75 wrist_roll.pos=-3.32 gripper.pos=+0.33
DEBUG 2026-08-20 07:29:54 [action #478] t=16.83s step=477 queue=17 dmax=1.567 | shoulder_pan.pos=-8.08 shoulder_lift.pos=-59.24 elbow_flex.pos=+58.17 wrist_flex.pos=+55.61 wrist_roll.pos=-3.50 gripper.pos=+0.00
DEBUG 2026-08-20 07:29:54 [action #479] t=16.86s step=478 queue=16 dmax=2.407 | shoulder_pan.pos=-7.76 shoulder_lift.pos=-56.83 elbow_flex.pos=+56.95 wrist_flex.pos=+55.39 wrist_roll.pos=-3.44 gripper.pos=+0.19
DEBUG 2026-08-20 07:29:54 [action #480] t=16.89s step=479 queue=15 dmax=1.780 | shoulder_pan.pos=-7.79 shoulder_lift.pos=-55.05 elbow_flex.pos=+55.41 wrist_flex.pos=+55.13 wrist_roll.pos=-3.58 gripper.pos=+0.40
DEBUG 2026-08-20 07:29:54 [action #481] t=16.93s step=480 queue=14 dmax=1.434 | shoulder_pan.pos=-7.72 shoulder_lift.pos=-53.61 elbow_flex.pos=+54.63 wrist_flex.pos=+54.83 wrist_roll.pos=-3.62 gripper.pos=+0.37
DEBUG 2026-08-20 07:29:54 [action #482] t=16.96s step=481 queue=13 dmax=1.625 | shoulder_pan.pos=-7.54 shoulder_lift.pos=-51.99 elbow_flex.pos=+53.89 wrist_flex.pos=+54.62 wrist_roll.pos=-3.85 gripper.pos=+0.23
DEBUG 2026-08-20 07:29:54 [action #483] t=17.00s step=482 queue=12 dmax=1.050 | shoulder_pan.pos=-7.71 shoulder_lift.pos=-50.94 elbow_flex.pos=+52.90 wrist_flex.pos=+54.21 wrist_roll.pos=-3.90 gripper.pos=+0.15
DEBUG 2026-08-20 07:29:54 [action #484] t=17.03s step=483 queue=11 dmax=1.819 | shoulder_pan.pos=-7.74 shoulder_lift.pos=-49.12 elbow_flex.pos=+51.72 wrist_flex.pos=+54.05 wrist_roll.pos=-3.99 gripper.pos=+0.31
DEBUG 2026-08-20 07:29:54 [action #485] t=17.06s step=484 queue=10 dmax=1.340 | shoulder_pan.pos=-7.67 shoulder_lift.pos=-47.78 elbow_flex.pos=+51.07 wrist_flex.pos=+53.73 wrist_roll.pos=-3.97 gripper.pos=+0.32
DEBUG 2026-08-20 07:29:55 [action #486] t=17.10s step=485 queue=9 dmax=1.943 | shoulder_pan.pos=-7.40 shoulder_lift.pos=-45.84 elbow_flex.pos=+50.32 wrist_flex.pos=+53.25 wrist_roll.pos=-3.93 gripper.pos=+0.34
DEBUG 2026-08-20 07:29:55 [chunk] received 50 actions, timesteps 463..512 | first: shoulder_pan.pos=-8.57 shoulder_lift.pos=-29.64 elbow_flex.pos=+36.71 wrist_flex.pos=+54.44 wrist_roll.pos=-5.20 gripper.pos=+0.64 | last: shoulder_pan.pos=-8.71 shoulder_lift.pos=+11.45 elbow_flex.pos=-0.33 wrist_flex.pos=+68.84 wrist_roll.pos=-3.59 gripper.pos=+38.27
DEBUG 2026-08-20 07:29:55 [action #487] t=17.13s step=486 queue=27 dmax=29.543 | shoulder_pan.pos=-8.58 shoulder_lift.pos=-16.29 elbow_flex.pos=+22.73 wrist_flex.pos=+60.87 wrist_roll.pos=-5.30 gripper.pos=+12.66
DEBUG 2026-08-20 07:29:55 [action #488] t=17.16s step=487 queue=26 dmax=1.432 | shoulder_pan.pos=-8.44 shoulder_lift.pos=-14.86 elbow_flex.pos=+21.62 wrist_flex.pos=+60.97 wrist_roll.pos=-5.33 gripper.pos=+12.90
DEBUG 2026-08-20 07:29:55 [action #489] t=17.20s step=488 queue=25 dmax=1.199 | shoulder_pan.pos=-8.42 shoulder_lift.pos=-13.70 elbow_flex.pos=+20.42 wrist_flex.pos=+61.36 wrist_roll.pos=-5.25 gripper.pos=+13.36
DEBUG 2026-08-20 07:29:55 [action #490] t=17.23s step=489 queue=24 dmax=0.959 | shoulder_pan.pos=-8.39 shoulder_lift.pos=-12.74 elbow_flex.pos=+19.47 wrist_flex.pos=+61.70 wrist_roll.pos=-5.12 gripper.pos=+14.30
DEBUG 2026-08-20 07:29:55 [action #491] t=17.26s step=490 queue=23 dmax=1.113 | shoulder_pan.pos=-8.39 shoulder_lift.pos=-11.63 elbow_flex.pos=+19.08 wrist_flex.pos=+62.01 wrist_roll.pos=-5.05 gripper.pos=+15.32
DEBUG 2026-08-20 07:29:55 [action #492] t=17.30s step=491 queue=22 dmax=1.442 | shoulder_pan.pos=-8.53 shoulder_lift.pos=-10.36 elbow_flex.pos=+17.93 wrist_flex.pos=+62.15 wrist_roll.pos=-5.15 gripper.pos=+16.76
DEBUG 2026-08-20 07:29:55 [action #493] t=17.33s step=492 queue=21 dmax=1.408 | shoulder_pan.pos=-8.40 shoulder_lift.pos=-9.56 elbow_flex.pos=+17.28 wrist_flex.pos=+62.18 wrist_roll.pos=-5.08 gripper.pos=+18.17
DEBUG 2026-08-20 07:29:55 [action #494] t=17.36s step=493 queue=20 dmax=1.086 | shoulder_pan.pos=-8.26 shoulder_lift.pos=-9.06 elbow_flex.pos=+16.20 wrist_flex.pos=+62.27 wrist_roll.pos=-5.15 gripper.pos=+18.99
DEBUG 2026-08-20 07:29:55 [action #495] t=17.40s step=494 queue=19 dmax=10.951 | shoulder_pan.pos=-8.95 shoulder_lift.pos=+1.51 elbow_flex.pos=+5.25 wrist_flex.pos=+67.11 wrist_roll.pos=-5.55 gripper.pos=+27.78
DEBUG 2026-08-20 07:29:55 [action #496] t=17.43s step=495 queue=18 dmax=1.821 | shoulder_pan.pos=-9.10 shoulder_lift.pos=+3.33 elbow_flex.pos=+4.41 wrist_flex.pos=+67.24 wrist_roll.pos=-5.33 gripper.pos=+28.15
DEBUG 2026-08-20 07:29:55 [action #497] t=17.46s step=496 queue=17 dmax=0.843 | shoulder_pan.pos=-9.18 shoulder_lift.pos=+3.97 elbow_flex.pos=+3.57 wrist_flex.pos=+67.50 wrist_roll.pos=-5.41 gripper.pos=+28.16
DEBUG 2026-08-20 07:29:55 [action #498] t=17.50s step=497 queue=16 dmax=0.358 | shoulder_pan.pos=-9.16 shoulder_lift.pos=+3.68 elbow_flex.pos=+3.49 wrist_flex.pos=+67.36 wrist_roll.pos=-5.37 gripper.pos=+28.52
DEBUG 2026-08-20 07:29:55 [action #499] t=17.53s step=498 queue=15 dmax=0.597 | shoulder_pan.pos=-9.11 shoulder_lift.pos=+4.06 elbow_flex.pos=+2.89 wrist_flex.pos=+67.55 wrist_roll.pos=-5.37 gripper.pos=+28.64
DEBUG 2026-08-20 07:29:55 [action #500] t=17.56s step=499 queue=14 dmax=1.046 | shoulder_pan.pos=-9.27 shoulder_lift.pos=+5.11 elbow_flex.pos=+2.90 wrist_flex.pos=+67.42 wrist_roll.pos=-5.28 gripper.pos=+29.05
DEBUG 2026-08-20 07:29:55 [action #501] t=17.60s step=500 queue=13 dmax=0.855 | shoulder_pan.pos=-9.18 shoulder_lift.pos=+5.56 elbow_flex.pos=+2.91 wrist_flex.pos=+67.47 wrist_roll.pos=-5.19 gripper.pos=+29.90
DEBUG 2026-08-20 07:29:55 [action #502] t=17.63s step=501 queue=12 dmax=1.046 | shoulder_pan.pos=-9.47 shoulder_lift.pos=+5.61 elbow_flex.pos=+2.70 wrist_flex.pos=+67.35 wrist_roll.pos=-5.19 gripper.pos=+30.95
DEBUG 2026-08-20 07:29:55 [action #503] t=17.66s step=502 queue=11 dmax=0.937 | shoulder_pan.pos=-9.13 shoulder_lift.pos=+5.83 elbow_flex.pos=+2.43 wrist_flex.pos=+67.37 wrist_roll.pos=-5.26 gripper.pos=+31.88
DEBUG 2026-08-20 07:29:55 [action #504] t=17.70s step=503 queue=10 dmax=1.024 | shoulder_pan.pos=-9.14 shoulder_lift.pos=+6.59 elbow_flex.pos=+1.69 wrist_flex.pos=+67.44 wrist_roll.pos=-5.19 gripper.pos=+32.91
DEBUG 2026-08-20 07:29:55 [action #505] t=17.73s step=504 queue=9 dmax=0.843 | shoulder_pan.pos=-9.20 shoulder_lift.pos=+6.87 elbow_flex.pos=+1.35 wrist_flex.pos=+67.48 wrist_roll.pos=-5.18 gripper.pos=+33.75
DEBUG 2026-08-20 07:29:55 [action #506] t=17.76s step=505 queue=8 dmax=0.744 | shoulder_pan.pos=-9.14 shoulder_lift.pos=+7.16 elbow_flex.pos=+1.21 wrist_flex.pos=+67.64 wrist_roll.pos=-5.09 gripper.pos=+34.49
DEBUG 2026-08-20 07:29:55 [action #507] t=17.80s step=506 queue=7 dmax=0.630 | shoulder_pan.pos=-9.35 shoulder_lift.pos=+7.79 elbow_flex.pos=+1.03 wrist_flex.pos=+67.91 wrist_roll.pos=-4.97 gripper.pos=+35.08
DEBUG 2026-08-20 07:29:55 [action #508] t=17.83s step=507 queue=6 dmax=0.550 | shoulder_pan.pos=-9.11 shoulder_lift.pos=+8.02 elbow_flex.pos=+0.58 wrist_flex.pos=+67.99 wrist_roll.pos=-4.78 gripper.pos=+35.63
DEBUG 2026-08-20 07:29:55 [chunk] received 50 actions, timesteps 485..534 | first: shoulder_pan.pos=-8.89 shoulder_lift.pos=-48.17 elbow_flex.pos=+49.80 wrist_flex.pos=+53.65 wrist_roll.pos=-4.46 gripper.pos=+0.72 | last: shoulder_pan.pos=-11.02 shoulder_lift.pos=+10.52 elbow_flex.pos=+0.19 wrist_flex.pos=+70.29 wrist_roll.pos=-4.21 gripper.pos=+33.01
DEBUG 2026-08-20 07:29:55 [action #509] t=17.87s step=508 queue=27 dmax=23.883 | shoulder_pan.pos=-9.76 shoulder_lift.pos=-4.89 elbow_flex.pos=+13.11 wrist_flex.pos=+60.89 wrist_roll.pos=-5.18 gripper.pos=+11.74
DEBUG 2026-08-20 07:29:55 [action #510] t=17.90s step=509 queue=26 dmax=0.864 | shoulder_pan.pos=-9.99 shoulder_lift.pos=-4.20 elbow_flex.pos=+12.39 wrist_flex.pos=+60.93 wrist_roll.pos=-5.05 gripper.pos=+12.61
DEBUG 2026-08-20 07:29:55 [action #511] t=17.93s step=510 queue=25 dmax=1.240 | shoulder_pan.pos=-9.87 shoulder_lift.pos=-3.78 elbow_flex.pos=+11.61 wrist_flex.pos=+60.92 wrist_roll.pos=-4.93 gripper.pos=+13.85
DEBUG 2026-08-20 07:29:55 [action #512] t=17.97s step=511 queue=24 dmax=1.711 | shoulder_pan.pos=-10.12 shoulder_lift.pos=-2.14 elbow_flex.pos=+11.29 wrist_flex.pos=+60.95 wrist_roll.pos=-4.80 gripper.pos=+15.56
DEBUG 2026-08-20 07:29:55 [action #513] t=18.00s step=512 queue=23 dmax=1.437 | shoulder_pan.pos=-10.26 shoulder_lift.pos=-1.60 elbow_flex.pos=+11.15 wrist_flex.pos=+61.50 wrist_roll.pos=-4.84 gripper.pos=+17.00
DEBUG 2026-08-20 07:29:55 [action #514] t=18.03s step=513 queue=22 dmax=7.296 | shoulder_pan.pos=-10.91 shoulder_lift.pos=-6.66 elbow_flex.pos=+15.49 wrist_flex.pos=+58.63 wrist_roll.pos=-5.34 gripper.pos=+9.70
DEBUG 2026-08-20 07:29:55 [action #515] t=18.07s step=514 queue=21 dmax=1.238 | shoulder_pan.pos=-10.56 shoulder_lift.pos=-5.72 elbow_flex.pos=+14.65 wrist_flex.pos=+59.19 wrist_roll.pos=-5.31 gripper.pos=+10.94
DEBUG 2026-08-20 07:29:56 [action #516] t=18.10s step=515 queue=20 dmax=1.414 | shoulder_pan.pos=-10.51 shoulder_lift.pos=-4.83 elbow_flex.pos=+14.20 wrist_flex.pos=+59.18 wrist_roll.pos=-5.52 gripper.pos=+12.35
DEBUG 2026-08-20 07:29:56 [action #517] t=18.13s step=516 queue=19 dmax=1.693 | shoulder_pan.pos=-10.60 shoulder_lift.pos=-4.37 elbow_flex.pos=+13.41 wrist_flex.pos=+59.73 wrist_roll.pos=-5.38 gripper.pos=+14.04
DEBUG 2026-08-20 07:29:56 [action #518] t=18.17s step=517 queue=18 dmax=1.541 | shoulder_pan.pos=-10.62 shoulder_lift.pos=-3.43 elbow_flex.pos=+13.50 wrist_flex.pos=+60.06 wrist_roll.pos=-5.32 gripper.pos=+15.59
DEBUG 2026-08-20 07:29:56 [action #519] t=18.20s step=518 queue=17 dmax=1.922 | shoulder_pan.pos=-10.42 shoulder_lift.pos=-2.87 elbow_flex.pos=+13.21 wrist_flex.pos=+60.18 wrist_roll.pos=-5.23 gripper.pos=+17.51
DEBUG 2026-08-20 07:29:56 [action #520] t=18.23s step=519 queue=16 dmax=1.524 | shoulder_pan.pos=-10.94 shoulder_lift.pos=-2.09 elbow_flex.pos=+13.33 wrist_flex.pos=+60.58 wrist_roll.pos=-5.41 gripper.pos=+19.03
DEBUG 2026-08-20 07:29:56 [action #521] t=18.27s step=520 queue=15 dmax=1.776 | shoulder_pan.pos=-10.80 shoulder_lift.pos=-1.83 elbow_flex.pos=+12.05 wrist_flex.pos=+61.01 wrist_roll.pos=-5.37 gripper.pos=+20.81
DEBUG 2026-08-20 07:29:56 [action #522] t=18.30s step=521 queue=14 dmax=1.924 | shoulder_pan.pos=-10.72 shoulder_lift.pos=-1.20 elbow_flex.pos=+12.36 wrist_flex.pos=+61.62 wrist_roll.pos=-5.32 gripper.pos=+22.73
DEBUG 2026-08-20 07:29:56 [action #523] t=18.33s step=522 queue=13 dmax=2.422 | shoulder_pan.pos=-10.78 shoulder_lift.pos=-0.84 elbow_flex.pos=+11.59 wrist_flex.pos=+62.10 wrist_roll.pos=-5.27 gripper.pos=+25.15
DEBUG 2026-08-20 07:29:56 [action #524] t=18.37s step=523 queue=12 dmax=2.185 | shoulder_pan.pos=-10.91 shoulder_lift.pos=+0.34 elbow_flex.pos=+11.04 wrist_flex.pos=+62.82 wrist_roll.pos=-5.22 gripper.pos=+27.34
DEBUG 2026-08-20 07:29:56 [action #525] t=18.40s step=524 queue=11 dmax=1.823 | shoulder_pan.pos=-11.28 shoulder_lift.pos=+1.73 elbow_flex.pos=+10.05 wrist_flex.pos=+63.66 wrist_roll.pos=-5.46 gripper.pos=+29.16
DEBUG 2026-08-20 07:29:56 [action #526] t=18.43s step=525 queue=10 dmax=1.368 | shoulder_pan.pos=-11.14 shoulder_lift.pos=+2.04 elbow_flex.pos=+9.01 wrist_flex.pos=+64.63 wrist_roll.pos=-5.29 gripper.pos=+30.53
DEBUG 2026-08-20 07:29:56 [action #527] t=18.47s step=526 queue=9 dmax=1.305 | shoulder_pan.pos=-11.07 shoulder_lift.pos=+3.19 elbow_flex.pos=+7.70 wrist_flex.pos=+65.59 wrist_roll.pos=-5.24 gripper.pos=+31.17
DEBUG 2026-08-20 07:29:56 [action #528] t=18.50s step=527 queue=8 dmax=1.074 | shoulder_pan.pos=-11.08 shoulder_lift.pos=+4.27 elbow_flex.pos=+7.18 wrist_flex.pos=+66.25 wrist_roll.pos=-5.06 gripper.pos=+31.54
DEBUG 2026-08-20 07:29:56 [action #529] t=18.53s step=528 queue=7 dmax=1.301 | shoulder_pan.pos=-10.99 shoulder_lift.pos=+5.57 elbow_flex.pos=+6.25 wrist_flex.pos=+66.91 wrist_roll.pos=-4.95 gripper.pos=+31.54
DEBUG 2026-08-20 07:29:56 [action #530] t=18.57s step=529 queue=6 dmax=1.631 | shoulder_pan.pos=-10.98 shoulder_lift.pos=+6.21 elbow_flex.pos=+4.62 wrist_flex.pos=+67.65 wrist_roll.pos=-4.80 gripper.pos=+31.57
DEBUG 2026-08-20 07:29:56 [action #531] t=18.60s step=530 queue=5 dmax=0.844 | shoulder_pan.pos=-11.16 shoulder_lift.pos=+6.84 elbow_flex.pos=+3.77 wrist_flex.pos=+68.41 wrist_roll.pos=-4.68 gripper.pos=+31.72
DEBUG 2026-08-20 07:29:56 [action #532] t=18.63s step=531 queue=4 dmax=1.186 | shoulder_pan.pos=-10.90 shoulder_lift.pos=+8.02 elbow_flex.pos=+2.99 wrist_flex.pos=+69.12 wrist_roll.pos=-4.55 gripper.pos=+31.92
DEBUG 2026-08-20 07:29:56 [action #533] t=18.67s step=532 queue=3 dmax=1.336 | shoulder_pan.pos=-11.14 shoulder_lift.pos=+9.36 elbow_flex.pos=+1.75 wrist_flex.pos=+69.55 wrist_roll.pos=-4.52 gripper.pos=+32.30
DEBUG 2026-08-20 07:29:56 [action #534] t=18.70s step=533 queue=2 dmax=1.457 | shoulder_pan.pos=-11.15 shoulder_lift.pos=+9.95 elbow_flex.pos=+0.30 wrist_flex.pos=+70.02 wrist_roll.pos=-4.47 gripper.pos=+32.60
DEBUG 2026-08-20 07:29:56 [chunk] received 50 actions, timesteps 506..555 | first: shoulder_pan.pos=-8.96 shoulder_lift.pos=+9.09 elbow_flex.pos=-3.31 wrist_flex.pos=+68.09 wrist_roll.pos=-5.03 gripper.pos=+35.09 | last: shoulder_pan.pos=-8.15 shoulder_lift.pos=+47.07 elbow_flex.pos=-41.38 wrist_flex.pos=+83.35 wrist_roll.pos=-4.32 gripper.pos=+13.63
DEBUG 2026-08-20 07:29:56 [action #535] t=18.73s step=534 queue=22 dmax=21.954 | shoulder_pan.pos=-8.37 shoulder_lift.pos=+29.22 elbow_flex.pos=-21.66 wrist_flex.pos=+75.43 wrist_roll.pos=-4.73 gripper.pos=+35.21
DEBUG 2026-08-20 07:29:56 [action #536] t=18.77s step=535 queue=21 dmax=10.470 | shoulder_pan.pos=-7.35 shoulder_lift.pos=+38.11 elbow_flex.pos=-32.13 wrist_flex.pos=+78.43 wrist_roll.pos=-5.03 gripper.pos=+36.42
DEBUG 2026-08-20 07:29:56 [action #537] t=18.80s step=536 queue=20 dmax=1.197 | shoulder_pan.pos=-7.31 shoulder_lift.pos=+39.31 elbow_flex.pos=-33.11 wrist_flex.pos=+79.23 wrist_roll.pos=-5.05 gripper.pos=+36.19
DEBUG 2026-08-20 07:29:56 [action #538] t=18.84s step=537 queue=19 dmax=0.748 | shoulder_pan.pos=-7.25 shoulder_lift.pos=+39.96 elbow_flex.pos=-33.81 wrist_flex.pos=+79.98 wrist_roll.pos=-5.09 gripper.pos=+35.99
DEBUG 2026-08-20 07:29:56 [action #539] t=18.87s step=538 queue=18 dmax=1.004 | shoulder_pan.pos=-7.32 shoulder_lift.pos=+40.88 elbow_flex.pos=-34.81 wrist_flex.pos=+80.83 wrist_roll.pos=-5.05 gripper.pos=+35.92
DEBUG 2026-08-20 07:29:56 [action #540] t=18.90s step=539 queue=17 dmax=1.732 | shoulder_pan.pos=-7.71 shoulder_lift.pos=+42.29 elbow_flex.pos=-36.54 wrist_flex.pos=+81.42 wrist_roll.pos=-4.92 gripper.pos=+36.01
DEBUG 2026-08-20 07:29:56 [action #541] t=18.94s step=540 queue=16 dmax=0.732 | shoulder_pan.pos=-7.37 shoulder_lift.pos=+43.02 elbow_flex.pos=-37.01 wrist_flex.pos=+81.84 wrist_roll.pos=-4.98 gripper.pos=+35.88
DEBUG 2026-08-20 07:29:56 [action #542] t=18.97s step=541 queue=15 dmax=1.197 | shoulder_pan.pos=-7.48 shoulder_lift.pos=+44.22 elbow_flex.pos=-37.42 wrist_flex.pos=+81.96 wrist_roll.pos=-4.96 gripper.pos=+35.77
DEBUG 2026-08-20 07:29:56 [action #543] t=19.00s step=542 queue=14 dmax=0.650 | shoulder_pan.pos=-7.50 shoulder_lift.pos=+43.57 elbow_flex.pos=-37.93 wrist_flex.pos=+82.39 wrist_roll.pos=-5.05 gripper.pos=+35.47
DEBUG 2026-08-20 07:29:56 [action #544] t=19.04s step=543 queue=13 dmax=1.632 | shoulder_pan.pos=-7.52 shoulder_lift.pos=+45.20 elbow_flex.pos=-38.88 wrist_flex.pos=+82.75 wrist_roll.pos=-4.82 gripper.pos=+35.19
DEBUG 2026-08-20 07:29:56 [action #545] t=19.07s step=544 queue=12 dmax=1.304 | shoulder_pan.pos=-7.64 shoulder_lift.pos=+44.39 elbow_flex.pos=-40.18 wrist_flex.pos=+83.14 wrist_roll.pos=-4.90 gripper.pos=+34.98
DEBUG 2026-08-20 07:29:57 [action #546] t=19.10s step=545 queue=11 dmax=1.921 | shoulder_pan.pos=-7.33 shoulder_lift.pos=+46.31 elbow_flex.pos=-40.43 wrist_flex.pos=+83.65 wrist_roll.pos=-4.94 gripper.pos=+34.94
DEBUG 2026-08-20 07:29:57 [action #547] t=19.14s step=546 queue=10 dmax=0.878 | shoulder_pan.pos=-7.55 shoulder_lift.pos=+46.47 elbow_flex.pos=-41.31 wrist_flex.pos=+83.58 wrist_roll.pos=-4.68 gripper.pos=+35.19
DEBUG 2026-08-20 07:29:57 [action #548] t=19.17s step=547 queue=9 dmax=0.668 | shoulder_pan.pos=-7.88 shoulder_lift.pos=+47.00 elbow_flex.pos=-41.97 wrist_flex.pos=+84.04 wrist_roll.pos=-4.76 gripper.pos=+34.98
DEBUG 2026-08-20 07:29:57 [action #549] t=19.20s step=548 queue=8 dmax=0.979 | shoulder_pan.pos=-7.45 shoulder_lift.pos=+47.98 elbow_flex.pos=-42.03 wrist_flex.pos=+84.77 wrist_roll.pos=-4.73 gripper.pos=+35.04
DEBUG 2026-08-20 07:29:57 [action #550] t=19.24s step=549 queue=7 dmax=0.785 | shoulder_pan.pos=-7.64 shoulder_lift.pos=+47.79 elbow_flex.pos=-42.52 wrist_flex.pos=+84.74 wrist_roll.pos=-4.83 gripper.pos=+34.26
DEBUG 2026-08-20 07:29:57 [action #551] t=19.27s step=550 queue=6 dmax=1.198 | shoulder_pan.pos=-7.89 shoulder_lift.pos=+47.79 elbow_flex.pos=-43.39 wrist_flex.pos=+85.03 wrist_roll.pos=-4.72 gripper.pos=+33.06
DEBUG 2026-08-20 07:29:57 [action #552] t=19.30s step=551 queue=5 dmax=2.587 | shoulder_pan.pos=-7.58 shoulder_lift.pos=+48.09 elbow_flex.pos=-42.70 wrist_flex.pos=+85.03 wrist_roll.pos=-4.70 gripper.pos=+30.48
DEBUG 2026-08-20 07:29:57 [action #553] t=19.34s step=552 queue=4 dmax=4.504 | shoulder_pan.pos=-7.82 shoulder_lift.pos=+47.11 elbow_flex.pos=-42.66 wrist_flex.pos=+84.76 wrist_roll.pos=-4.56 gripper.pos=+25.97
DEBUG 2026-08-20 07:29:57 [action #554] t=19.37s step=553 queue=3 dmax=5.048 | shoulder_pan.pos=-7.95 shoulder_lift.pos=+48.24 elbow_flex.pos=-42.82 wrist_flex.pos=+84.36 wrist_roll.pos=-4.54 gripper.pos=+20.92
DEBUG 2026-08-20 07:29:57 [action #555] t=19.40s step=554 queue=2 dmax=4.408 | shoulder_pan.pos=-7.97 shoulder_lift.pos=+47.38 elbow_flex.pos=-41.99 wrist_flex.pos=+83.91 wrist_roll.pos=-4.29 gripper.pos=+16.52
DEBUG 2026-08-20 07:29:57 [action #556] t=19.44s step=555 queue=1 dmax=2.883 | shoulder_pan.pos=-8.15 shoulder_lift.pos=+47.07 elbow_flex.pos=-41.38 wrist_flex.pos=+83.35 wrist_roll.pos=-4.32 gripper.pos=+13.63
DEBUG 2026-08-20 07:29:57 [chunk] received 50 actions, timesteps 533..582 | first: shoulder_pan.pos=-10.01 shoulder_lift.pos=+6.10 elbow_flex.pos=+2.26 wrist_flex.pos=+69.32 wrist_roll.pos=-5.06 gripper.pos=+32.43 | last: shoulder_pan.pos=-12.03 shoulder_lift.pos=+44.86 elbow_flex.pos=-33.75 wrist_flex.pos=+82.83 wrist_roll.pos=-5.94 gripper.pos=+11.63
DEBUG 2026-08-20 07:29:57 [action #557] t=19.67s step=556 queue=27 dmax=22.305 | shoulder_pan.pos=-11.32 shoulder_lift.pos=+27.77 elbow_flex.pos=-19.08 wrist_flex.pos=+72.63 wrist_roll.pos=-5.99 gripper.pos=+34.03
DEBUG 2026-08-20 07:29:57 [action #558] t=19.71s step=557 queue=26 dmax=1.241 | shoulder_pan.pos=-11.48 shoulder_lift.pos=+29.02 elbow_flex.pos=-19.83 wrist_flex.pos=+72.95 wrist_roll.pos=-6.10 gripper.pos=+34.12
DEBUG 2026-08-20 07:29:57 [action #559] t=19.74s step=558 queue=25 dmax=1.296 | shoulder_pan.pos=-11.56 shoulder_lift.pos=+29.82 elbow_flex.pos=-21.12 wrist_flex.pos=+73.48 wrist_roll.pos=-6.07 gripper.pos=+34.13
DEBUG 2026-08-20 07:29:57 [action #560] t=19.77s step=559 queue=24 dmax=1.779 | shoulder_pan.pos=-11.28 shoulder_lift.pos=+31.59 elbow_flex.pos=-22.12 wrist_flex.pos=+73.99 wrist_roll.pos=-5.97 gripper.pos=+34.31
DEBUG 2026-08-20 07:29:57 [action #561] t=19.81s step=560 queue=23 dmax=0.877 | shoulder_pan.pos=-11.95 shoulder_lift.pos=+31.93 elbow_flex.pos=-22.47 wrist_flex.pos=+74.86 wrist_roll.pos=-6.19 gripper.pos=+34.13
DEBUG 2026-08-20 07:29:57 [action #562] t=19.84s step=561 queue=22 dmax=1.763 | shoulder_pan.pos=-11.35 shoulder_lift.pos=+33.70 elbow_flex.pos=-23.85 wrist_flex.pos=+75.45 wrist_roll.pos=-6.04 gripper.pos=+34.50
DEBUG 2026-08-20 07:29:57 [action #563] t=19.87s step=562 queue=21 dmax=1.551 | shoulder_pan.pos=-11.27 shoulder_lift.pos=+34.64 elbow_flex.pos=-25.40 wrist_flex.pos=+76.23 wrist_roll.pos=-6.10 gripper.pos=+34.55
DEBUG 2026-08-20 07:29:57 [action #564] t=19.91s step=563 queue=20 dmax=1.387 | shoulder_pan.pos=-11.56 shoulder_lift.pos=+36.03 elbow_flex.pos=-25.86 wrist_flex.pos=+76.68 wrist_roll.pos=-6.06 gripper.pos=+34.45
DEBUG 2026-08-20 07:29:57 [action #565] t=19.94s step=564 queue=19 dmax=0.956 | shoulder_pan.pos=-11.56 shoulder_lift.pos=+36.34 elbow_flex.pos=-26.81 wrist_flex.pos=+77.29 wrist_roll.pos=-6.06 gripper.pos=+34.63
DEBUG 2026-08-20 07:29:57 [action #566] t=19.97s step=565 queue=18 dmax=1.566 | shoulder_pan.pos=-11.84 shoulder_lift.pos=+37.30 elbow_flex.pos=-28.38 wrist_flex.pos=+77.75 wrist_roll.pos=-6.12 gripper.pos=+34.57
DEBUG 2026-08-20 07:29:57 [action #567] t=20.01s step=566 queue=17 dmax=1.328 | shoulder_pan.pos=-11.35 shoulder_lift.pos=+38.62 elbow_flex.pos=-29.25 wrist_flex.pos=+77.97 wrist_roll.pos=-6.24 gripper.pos=+34.63
DEBUG 2026-08-20 07:29:57 [action #568] t=20.04s step=567 queue=16 dmax=0.702 | shoulder_pan.pos=-11.59 shoulder_lift.pos=+39.07 elbow_flex.pos=-29.24 wrist_flex.pos=+78.67 wrist_roll.pos=-6.10 gripper.pos=+34.51
DEBUG 2026-08-20 07:29:57 [action #569] t=20.07s step=568 queue=15 dmax=1.312 | shoulder_pan.pos=-11.43 shoulder_lift.pos=+39.10 elbow_flex.pos=-30.55 wrist_flex.pos=+79.28 wrist_roll.pos=-6.22 gripper.pos=+34.65
DEBUG 2026-08-20 07:29:58 [action #570] t=20.11s step=569 queue=14 dmax=1.346 | shoulder_pan.pos=-11.46 shoulder_lift.pos=+40.45 elbow_flex.pos=-30.52 wrist_flex.pos=+80.13 wrist_roll.pos=-6.20 gripper.pos=+34.62
DEBUG 2026-08-20 07:29:58 [action #571] t=20.14s step=570 queue=13 dmax=1.495 | shoulder_pan.pos=-11.51 shoulder_lift.pos=+40.82 elbow_flex.pos=-32.01 wrist_flex.pos=+80.96 wrist_roll.pos=-6.33 gripper.pos=+34.46
DEBUG 2026-08-20 07:29:58 [action #572] t=20.17s step=571 queue=12 dmax=1.190 | shoulder_pan.pos=-11.86 shoulder_lift.pos=+41.37 elbow_flex.pos=-33.20 wrist_flex.pos=+81.28 wrist_roll.pos=-6.18 gripper.pos=+33.97
DEBUG 2026-08-20 07:29:58 [action #573] t=20.21s step=572 queue=11 dmax=1.083 | shoulder_pan.pos=-11.65 shoulder_lift.pos=+41.69 elbow_flex.pos=-32.98 wrist_flex.pos=+81.95 wrist_roll.pos=-6.29 gripper.pos=+32.89
DEBUG 2026-08-20 07:29:58 [action #574] t=20.24s step=573 queue=10 dmax=1.766 | shoulder_pan.pos=-11.42 shoulder_lift.pos=+41.93 elbow_flex.pos=-33.89 wrist_flex.pos=+82.39 wrist_roll.pos=-6.17 gripper.pos=+31.12
DEBUG 2026-08-20 07:29:58 [action #575] t=20.27s step=574 queue=9 dmax=2.083 | shoulder_pan.pos=-11.57 shoulder_lift.pos=+43.05 elbow_flex.pos=-34.43 wrist_flex.pos=+82.71 wrist_roll.pos=-6.26 gripper.pos=+29.04
DEBUG 2026-08-20 07:29:58 [action #576] t=20.31s step=575 queue=8 dmax=2.564 | shoulder_pan.pos=-11.71 shoulder_lift.pos=+43.55 elbow_flex.pos=-34.83 wrist_flex.pos=+82.97 wrist_roll.pos=-6.13 gripper.pos=+26.48
DEBUG 2026-08-20 07:29:58 [action #577] t=20.34s step=576 queue=7 dmax=2.687 | shoulder_pan.pos=-11.97 shoulder_lift.pos=+43.10 elbow_flex.pos=-34.69 wrist_flex.pos=+83.07 wrist_roll.pos=-6.22 gripper.pos=+23.79
DEBUG 2026-08-20 07:29:58 [action #578] t=20.37s step=577 queue=6 dmax=2.260 | shoulder_pan.pos=-11.84 shoulder_lift.pos=+44.26 elbow_flex.pos=-34.63 wrist_flex.pos=+83.21 wrist_roll.pos=-6.10 gripper.pos=+21.53
DEBUG 2026-08-20 07:29:58 [action #579] t=20.41s step=578 queue=5 dmax=2.395 | shoulder_pan.pos=-11.73 shoulder_lift.pos=+44.18 elbow_flex.pos=-34.36 wrist_flex.pos=+83.20 wrist_roll.pos=-6.14 gripper.pos=+19.13
DEBUG 2026-08-20 07:29:58 [chunk] received 50 actions, timesteps 555..604 | first: shoulder_pan.pos=-6.19 shoulder_lift.pos=+46.03 elbow_flex.pos=-44.67 wrist_flex.pos=+85.31 wrist_roll.pos=-5.02 gripper.pos=+8.72 | last: shoulder_pan.pos=+6.21 shoulder_lift.pos=+1.25 elbow_flex.pos=-21.05 wrist_flex.pos=+103.04 wrist_roll.pos=-0.66 gripper.pos=+6.14
DEBUG 2026-08-20 07:29:58 [action #580] t=20.44s step=579 queue=26 dmax=21.716 | shoulder_pan.pos=-8.61 shoulder_lift.pos=+43.56 elbow_flex.pos=-56.08 wrist_flex.pos=+98.33 wrist_roll.pos=-6.19 gripper.pos=+9.50
DEBUG 2026-08-20 07:29:58 [action #581] t=20.48s step=580 queue=25 dmax=0.511 | shoulder_pan.pos=-8.66 shoulder_lift.pos=+43.05 elbow_flex.pos=-55.93 wrist_flex.pos=+98.23 wrist_roll.pos=-6.18 gripper.pos=+8.99
DEBUG 2026-08-20 07:29:58 [action #582] t=20.51s step=581 queue=24 dmax=1.573 | shoulder_pan.pos=-8.72 shoulder_lift.pos=+41.55 elbow_flex.pos=-54.36 wrist_flex.pos=+98.31 wrist_roll.pos=-6.07 gripper.pos=+8.43
DEBUG 2026-08-20 07:29:58 [action #583] t=20.54s step=582 queue=23 dmax=1.557 | shoulder_pan.pos=-8.65 shoulder_lift.pos=+40.95 elbow_flex.pos=-52.80 wrist_flex.pos=+98.09 wrist_roll.pos=-6.12 gripper.pos=+7.91
DEBUG 2026-08-20 07:29:58 [action #584] t=20.58s step=583 queue=22 dmax=6.772 | shoulder_pan.pos=-6.86 shoulder_lift.pos=+37.30 elbow_flex.pos=-59.57 wrist_flex.pos=+104.56 wrist_roll.pos=-6.20 gripper.pos=+6.41
DEBUG 2026-08-20 07:29:58 [action #585] t=20.61s step=584 queue=21 dmax=1.457 | shoulder_pan.pos=-6.66 shoulder_lift.pos=+35.87 elbow_flex.pos=-58.12 wrist_flex.pos=+104.41 wrist_roll.pos=-6.22 gripper.pos=+6.26
DEBUG 2026-08-20 07:29:58 [action #586] t=20.64s step=585 queue=20 dmax=2.060 | shoulder_pan.pos=-6.57 shoulder_lift.pos=+33.91 elbow_flex.pos=-56.06 wrist_flex.pos=+104.13 wrist_roll.pos=-6.16 gripper.pos=+6.44
DEBUG 2026-08-20 07:29:58 [action #587] t=20.68s step=586 queue=19 dmax=2.627 | shoulder_pan.pos=-5.92 shoulder_lift.pos=+31.28 elbow_flex.pos=-54.11 wrist_flex.pos=+104.05 wrist_roll.pos=-6.10 gripper.pos=+6.28
DEBUG 2026-08-20 07:29:58 [action #588] t=20.71s step=587 queue=18 dmax=2.215 | shoulder_pan.pos=-5.81 shoulder_lift.pos=+30.10 elbow_flex.pos=-51.90 wrist_flex.pos=+103.89 wrist_roll.pos=-6.03 gripper.pos=+6.18
DEBUG 2026-08-20 07:29:58 [action #589] t=20.74s step=588 queue=17 dmax=2.402 | shoulder_pan.pos=-5.44 shoulder_lift.pos=+27.70 elbow_flex.pos=-50.36 wrist_flex.pos=+103.63 wrist_roll.pos=-5.91 gripper.pos=+6.22
DEBUG 2026-08-20 07:29:58 [action #590] t=20.78s step=589 queue=16 dmax=3.569 | shoulder_pan.pos=-5.11 shoulder_lift.pos=+26.14 elbow_flex.pos=-46.79 wrist_flex.pos=+103.60 wrist_roll.pos=-5.77 gripper.pos=+6.28
DEBUG 2026-08-20 07:29:58 [action #591] t=20.81s step=590 queue=15 dmax=2.463 | shoulder_pan.pos=-5.10 shoulder_lift.pos=+23.68 elbow_flex.pos=-44.33 wrist_flex.pos=+103.32 wrist_roll.pos=-5.79 gripper.pos=+6.33
DEBUG 2026-08-20 07:29:58 [action #592] t=20.84s step=591 queue=14 dmax=2.197 | shoulder_pan.pos=-4.62 shoulder_lift.pos=+21.49 elbow_flex.pos=-42.14 wrist_flex.pos=+103.34 wrist_roll.pos=-5.60 gripper.pos=+6.16
DEBUG 2026-08-20 07:29:58 [action #593] t=20.88s step=592 queue=13 dmax=2.154 | shoulder_pan.pos=-3.84 shoulder_lift.pos=+19.33 elbow_flex.pos=-40.11 wrist_flex.pos=+103.32 wrist_roll.pos=-5.59 gripper.pos=+6.17
DEBUG 2026-08-20 07:29:58 [action #594] t=20.91s step=593 queue=12 dmax=2.179 | shoulder_pan.pos=-3.47 shoulder_lift.pos=+17.15 elbow_flex.pos=-38.06 wrist_flex.pos=+103.08 wrist_roll.pos=-5.31 gripper.pos=+6.28
DEBUG 2026-08-20 07:29:58 [action #595] t=20.94s step=594 queue=11 dmax=1.772 | shoulder_pan.pos=-2.80 shoulder_lift.pos=+15.99 elbow_flex.pos=-36.29 wrist_flex.pos=+103.03 wrist_roll.pos=-5.02 gripper.pos=+6.30
DEBUG 2026-08-20 07:29:58 [action #596] t=20.98s step=595 queue=10 dmax=2.763 | shoulder_pan.pos=-2.12 shoulder_lift.pos=+13.28 elbow_flex.pos=-33.52 wrist_flex.pos=+102.98 wrist_roll.pos=-4.74 gripper.pos=+6.20
DEBUG 2026-08-20 07:29:58 [action #597] t=21.01s step=596 queue=9 dmax=1.519 | shoulder_pan.pos=-1.38 shoulder_lift.pos=+11.76 elbow_flex.pos=-32.25 wrist_flex.pos=+103.03 wrist_roll.pos=-4.38 gripper.pos=+6.20
DEBUG 2026-08-20 07:29:58 [action #598] t=21.04s step=597 queue=8 dmax=2.511 | shoulder_pan.pos=-0.68 shoulder_lift.pos=+10.24 elbow_flex.pos=-29.74 wrist_flex.pos=+102.88 wrist_roll.pos=-4.06 gripper.pos=+6.24
DEBUG 2026-08-20 07:29:58 [action #599] t=21.08s step=598 queue=7 dmax=1.943 | shoulder_pan.pos=+0.09 shoulder_lift.pos=+8.50 elbow_flex.pos=-27.80 wrist_flex.pos=+102.98 wrist_roll.pos=-3.76 gripper.pos=+6.34
DEBUG 2026-08-20 07:29:59 [action #600] t=21.11s step=599 queue=6 dmax=1.684 | shoulder_pan.pos=+1.09 shoulder_lift.pos=+6.82 elbow_flex.pos=-27.22 wrist_flex.pos=+102.91 wrist_roll.pos=-3.29 gripper.pos=+6.17
DEBUG 2026-08-20 07:29:59 [action #601] t=21.14s step=600 queue=5 dmax=1.872 | shoulder_pan.pos=+1.97 shoulder_lift.pos=+5.86 elbow_flex.pos=-25.35 wrist_flex.pos=+102.87 wrist_roll.pos=-2.85 gripper.pos=+6.27
DEBUG 2026-08-20 07:29:59 [action #602] t=21.18s step=601 queue=4 dmax=1.029 | shoulder_pan.pos=+3.00 shoulder_lift.pos=+4.96 elbow_flex.pos=-24.48 wrist_flex.pos=+102.89 wrist_roll.pos=-2.30 gripper.pos=+6.29
DEBUG 2026-08-20 07:29:59 [chunk] received 50 actions, timesteps 577..626 | first: shoulder_pan.pos=-10.15 shoulder_lift.pos=+43.63 elbow_flex.pos=-36.32 wrist_flex.pos=+81.80 wrist_roll.pos=-5.78 gripper.pos=+29.49 | last: shoulder_pan.pos=-9.76 shoulder_lift.pos=+41.74 elbow_flex.pos=-60.58 wrist_flex.pos=+103.56 wrist_roll.pos=-7.60 gripper.pos=+7.21
DEBUG 2026-08-20 07:29:59 [action #603] t=21.21s step=602 queue=25 dmax=34.081 | shoulder_pan.pos=-6.06 shoulder_lift.pos=+39.04 elbow_flex.pos=-44.56 wrist_flex.pos=+93.16 wrist_roll.pos=-5.00 gripper.pos=+7.92
DEBUG 2026-08-20 07:29:59 [action #604] t=21.24s step=603 queue=24 dmax=0.450 | shoulder_pan.pos=-5.67 shoulder_lift.pos=+38.69 elbow_flex.pos=-44.39 wrist_flex.pos=+93.61 wrist_roll.pos=-4.92 gripper.pos=+7.68
DEBUG 2026-08-20 07:29:59 [action #605] t=21.28s step=604 queue=23 dmax=0.744 | shoulder_pan.pos=-5.35 shoulder_lift.pos=+38.56 elbow_flex.pos=-44.74 wrist_flex.pos=+94.36 wrist_roll.pos=-4.80 gripper.pos=+7.51
DEBUG 2026-08-20 07:29:59 [action #606] t=21.31s step=605 queue=22 dmax=15.651 | shoulder_pan.pos=-10.47 shoulder_lift.pos=+54.21 elbow_flex.pos=-56.22 wrist_flex.pos=+91.69 wrist_roll.pos=-6.41 gripper.pos=+7.73
DEBUG 2026-08-20 07:29:59 [action #607] t=21.34s step=606 queue=21 dmax=1.608 | shoulder_pan.pos=-10.45 shoulder_lift.pos=+54.28 elbow_flex.pos=-57.83 wrist_flex.pos=+92.91 wrist_roll.pos=-6.56 gripper.pos=+7.29
DEBUG 2026-08-20 07:29:59 [action #608] t=21.38s step=607 queue=20 dmax=1.367 | shoulder_pan.pos=-10.52 shoulder_lift.pos=+54.93 elbow_flex.pos=-59.20 wrist_flex.pos=+94.01 wrist_roll.pos=-6.74 gripper.pos=+7.30
DEBUG 2026-08-20 07:29:59 [action #609] t=21.41s step=608 queue=19 dmax=2.194 | shoulder_pan.pos=-10.77 shoulder_lift.pos=+54.79 elbow_flex.pos=-61.39 wrist_flex.pos=+95.54 wrist_roll.pos=-6.94 gripper.pos=+7.46
DEBUG 2026-08-20 07:29:59 [action #610] t=21.45s step=609 queue=18 dmax=1.253 | shoulder_pan.pos=-10.84 shoulder_lift.pos=+53.91 elbow_flex.pos=-62.33 wrist_flex.pos=+96.80 wrist_roll.pos=-7.03 gripper.pos=+7.23
DEBUG 2026-08-20 07:29:59 [action #611] t=21.48s step=610 queue=17 dmax=1.826 | shoulder_pan.pos=-10.69 shoulder_lift.pos=+54.80 elbow_flex.pos=-64.16 wrist_flex.pos=+98.25 wrist_roll.pos=-7.14 gripper.pos=+7.11
DEBUG 2026-08-20 07:29:59 [action #612] t=21.51s step=611 queue=16 dmax=1.459 | shoulder_pan.pos=-11.02 shoulder_lift.pos=+54.02 elbow_flex.pos=-65.62 wrist_flex.pos=+99.30 wrist_roll.pos=-7.19 gripper.pos=+7.35
DEBUG 2026-08-20 07:29:59 [action #613] t=21.55s step=612 queue=15 dmax=1.297 | shoulder_pan.pos=-11.05 shoulder_lift.pos=+54.28 elbow_flex.pos=-66.92 wrist_flex.pos=+100.57 wrist_roll.pos=-7.26 gripper.pos=+7.31
DEBUG 2026-08-20 07:29:59 [action #614] t=21.58s step=613 queue=14 dmax=1.451 | shoulder_pan.pos=-10.87 shoulder_lift.pos=+54.18 elbow_flex.pos=-68.37 wrist_flex.pos=+101.41 wrist_roll.pos=-7.32 gripper.pos=+7.36
DEBUG 2026-08-20 07:29:59 [action #615] t=21.61s step=614 queue=13 dmax=0.870 | shoulder_pan.pos=-11.04 shoulder_lift.pos=+54.47 elbow_flex.pos=-68.39 wrist_flex.pos=+102.28 wrist_roll.pos=-7.50 gripper.pos=+7.28
DEBUG 2026-08-20 07:29:59 [action #616] t=21.65s step=615 queue=12 dmax=0.844 | shoulder_pan.pos=-11.06 shoulder_lift.pos=+53.86 elbow_flex.pos=-68.69 wrist_flex.pos=+103.12 wrist_roll.pos=-7.41 gripper.pos=+7.30
DEBUG 2026-08-20 07:29:59 [action #617] t=21.68s step=616 queue=11 dmax=1.507 | shoulder_pan.pos=-11.11 shoulder_lift.pos=+53.66 elbow_flex.pos=-70.20 wrist_flex.pos=+104.03 wrist_roll.pos=-7.54 gripper.pos=+7.42
DEBUG 2026-08-20 07:29:59 [action #618] t=21.71s step=617 queue=10 dmax=0.686 | shoulder_pan.pos=-11.43 shoulder_lift.pos=+52.97 elbow_flex.pos=-70.39 wrist_flex.pos=+104.21 wrist_roll.pos=-7.52 gripper.pos=+7.47
DEBUG 2026-08-20 07:29:59 [action #619] t=21.75s step=618 queue=9 dmax=0.894 | shoulder_pan.pos=-10.87 shoulder_lift.pos=+52.08 elbow_flex.pos=-70.08 wrist_flex.pos=+104.49 wrist_roll.pos=-7.57 gripper.pos=+7.26
DEBUG 2026-08-20 07:29:59 [action #620] t=21.78s step=619 queue=8 dmax=1.419 | shoulder_pan.pos=-10.76 shoulder_lift.pos=+50.66 elbow_flex.pos=-69.45 wrist_flex.pos=+104.57 wrist_roll.pos=-7.65 gripper.pos=+7.23
DEBUG 2026-08-20 07:29:59 [action #621] t=21.81s step=620 queue=7 dmax=0.892 | shoulder_pan.pos=-11.18 shoulder_lift.pos=+50.69 elbow_flex.pos=-68.56 wrist_flex.pos=+104.99 wrist_roll.pos=-7.59 gripper.pos=+7.30
DEBUG 2026-08-20 07:29:59 [action #622] t=21.85s step=621 queue=6 dmax=1.184 | shoulder_pan.pos=-10.92 shoulder_lift.pos=+49.51 elbow_flex.pos=-67.62 wrist_flex.pos=+104.90 wrist_roll.pos=-7.69 gripper.pos=+7.09
DEBUG 2026-08-20 07:29:59 [action #623] t=21.88s step=622 queue=5 dmax=0.845 | shoulder_pan.pos=-10.72 shoulder_lift.pos=+48.66 elbow_flex.pos=-66.98 wrist_flex.pos=+104.79 wrist_roll.pos=-7.67 gripper.pos=+7.14
DEBUG 2026-08-20 07:29:59 [chunk] received 50 actions, timesteps 601..650 | first: shoulder_pan.pos=+3.05 shoulder_lift.pos=+6.73 elbow_flex.pos=-25.31 wrist_flex.pos=+100.08 wrist_roll.pos=-2.60 gripper.pos=+4.71 | last: shoulder_pan.pos=+35.36 shoulder_lift.pos=+21.53 elbow_flex.pos=-17.66 wrist_flex.pos=+71.60 wrist_roll.pos=+5.29 gripper.pos=+4.34
DEBUG 2026-08-20 07:29:59 [action #624] t=21.91s step=623 queue=28 dmax=36.001 | shoulder_pan.pos=+17.09 shoulder_lift.pos=+15.50 elbow_flex.pos=-30.98 wrist_flex.pos=+91.36 wrist_roll.pos=+1.18 gripper.pos=+5.02
DEBUG 2026-08-20 07:29:59 [action #625] t=21.95s step=624 queue=27 dmax=0.790 | shoulder_pan.pos=+17.22 shoulder_lift.pos=+15.86 elbow_flex.pos=-30.51 wrist_flex.pos=+90.57 wrist_roll.pos=+1.44 gripper.pos=+5.22
DEBUG 2026-08-20 07:29:59 [action #626] t=21.98s step=625 queue=26 dmax=0.746 | shoulder_pan.pos=+17.77 shoulder_lift.pos=+15.62 elbow_flex.pos=-30.15 wrist_flex.pos=+89.83 wrist_roll.pos=+1.59 gripper.pos=+5.29
DEBUG 2026-08-20 07:29:59 [action #627] t=22.01s step=626 queue=25 dmax=0.948 | shoulder_pan.pos=+18.12 shoulder_lift.pos=+15.41 elbow_flex.pos=-29.20 wrist_flex.pos=+89.20 wrist_roll.pos=+1.64 gripper.pos=+5.28
DEBUG 2026-08-20 07:29:59 [action #628] t=22.05s step=627 queue=24 dmax=12.938 | shoulder_pan.pos=+30.67 shoulder_lift.pos=+5.10 elbow_flex.pos=-16.26 wrist_flex.pos=+82.34 wrist_roll.pos=+5.80 gripper.pos=+4.48
DEBUG 2026-08-20 07:29:59 [action #629] t=22.08s step=628 queue=23 dmax=0.881 | shoulder_pan.pos=+30.37 shoulder_lift.pos=+5.98 elbow_flex.pos=-15.84 wrist_flex.pos=+81.61 wrist_roll.pos=+5.94 gripper.pos=+4.48
DEBUG 2026-08-20 07:30:00 [action #630] t=22.11s step=629 queue=22 dmax=0.764 | shoulder_pan.pos=+30.86 shoulder_lift.pos=+6.42 elbow_flex.pos=-15.97 wrist_flex.pos=+80.84 wrist_roll.pos=+6.05 gripper.pos=+4.24
DEBUG 2026-08-20 07:30:00 [action #631] t=22.15s step=630 queue=21 dmax=0.939 | shoulder_pan.pos=+30.90 shoulder_lift.pos=+7.36 elbow_flex.pos=-15.59 wrist_flex.pos=+80.08 wrist_roll.pos=+6.17 gripper.pos=+4.36
DEBUG 2026-08-20 07:30:00 [action #632] t=22.18s step=631 queue=20 dmax=0.665 | shoulder_pan.pos=+31.01 shoulder_lift.pos=+7.76 elbow_flex.pos=-15.82 wrist_flex.pos=+79.42 wrist_roll.pos=+6.11 gripper.pos=+4.37
DEBUG 2026-08-20 07:30:00 [action #633] t=22.21s step=632 queue=19 dmax=0.714 | shoulder_pan.pos=+31.50 shoulder_lift.pos=+8.29 elbow_flex.pos=-15.60 wrist_flex.pos=+78.70 wrist_roll.pos=+6.20 gripper.pos=+4.38
DEBUG 2026-08-20 07:30:00 [action #634] t=22.25s step=633 queue=18 dmax=0.788 | shoulder_pan.pos=+31.67 shoulder_lift.pos=+9.08 elbow_flex.pos=-15.61 wrist_flex.pos=+78.03 wrist_roll.pos=+6.10 gripper.pos=+4.29
DEBUG 2026-08-20 07:30:00 [action #635] t=22.28s step=634 queue=17 dmax=0.546 | shoulder_pan.pos=+31.80 shoulder_lift.pos=+9.50 elbow_flex.pos=-15.59 wrist_flex.pos=+77.48 wrist_roll.pos=+6.23 gripper.pos=+4.18
DEBUG 2026-08-20 07:30:00 [action #636] t=22.32s step=635 queue=16 dmax=0.785 | shoulder_pan.pos=+32.29 shoulder_lift.pos=+10.29 elbow_flex.pos=-15.14 wrist_flex.pos=+76.88 wrist_roll.pos=+6.03 gripper.pos=+4.52
DEBUG 2026-08-20 07:30:00 [action #637] t=22.35s step=636 queue=15 dmax=0.579 | shoulder_pan.pos=+32.54 shoulder_lift.pos=+10.79 elbow_flex.pos=-14.98 wrist_flex.pos=+76.31 wrist_roll.pos=+6.02 gripper.pos=+4.42
DEBUG 2026-08-20 07:30:00 [action #638] t=22.38s step=637 queue=14 dmax=0.614 | shoulder_pan.pos=+32.80 shoulder_lift.pos=+11.12 elbow_flex.pos=-15.18 wrist_flex.pos=+75.69 wrist_roll.pos=+5.95 gripper.pos=+4.39
DEBUG 2026-08-20 07:30:00 [action #639] t=22.42s step=638 queue=13 dmax=0.475 | shoulder_pan.pos=+33.23 shoulder_lift.pos=+11.40 elbow_flex.pos=-15.34 wrist_flex.pos=+75.22 wrist_roll.pos=+5.86 gripper.pos=+4.42
DEBUG 2026-08-20 07:30:00 [action #640] t=22.45s step=639 queue=12 dmax=1.406 | shoulder_pan.pos=+33.48 shoulder_lift.pos=+12.81 elbow_flex.pos=-15.40 wrist_flex.pos=+74.53 wrist_roll.pos=+5.84 gripper.pos=+4.34
DEBUG 2026-08-20 07:30:00 [action #641] t=22.48s step=640 queue=11 dmax=0.871 | shoulder_pan.pos=+33.66 shoulder_lift.pos=+13.68 elbow_flex.pos=-15.38 wrist_flex.pos=+74.00 wrist_roll.pos=+5.77 gripper.pos=+4.35
DEBUG 2026-08-20 07:30:00 [action #642] t=22.52s step=641 queue=10 dmax=0.352 | shoulder_pan.pos=+33.95 shoulder_lift.pos=+14.03 elbow_flex.pos=-15.07 wrist_flex.pos=+73.70 wrist_roll.pos=+5.70 gripper.pos=+4.31
DEBUG 2026-08-20 07:30:00 [action #643] t=22.55s step=642 queue=9 dmax=1.070 | shoulder_pan.pos=+34.14 shoulder_lift.pos=+15.10 elbow_flex.pos=-15.84 wrist_flex.pos=+73.26 wrist_roll.pos=+5.65 gripper.pos=+4.31
DEBUG 2026-08-20 07:30:00 [chunk] received 50 actions, timesteps 621..670 | first: shoulder_pan.pos=-9.60 shoulder_lift.pos=+45.21 elbow_flex.pos=-64.60 wrist_flex.pos=+100.77 wrist_roll.pos=-7.23 gripper.pos=+4.56 | last: shoulder_pan.pos=+23.40 shoulder_lift.pos=+16.39 elbow_flex.pos=-33.38 wrist_flex.pos=+96.11 wrist_roll.pos=-1.97 gripper.pos=+4.89
DEBUG 2026-08-20 07:30:00 [action #644] t=22.58s step=643 queue=28 dmax=25.028 | shoulder_pan.pos=+10.00 shoulder_lift.pos=+21.34 elbow_flex.pos=-40.87 wrist_flex.pos=+92.62 wrist_roll.pos=-4.05 gripper.pos=+4.36
DEBUG 2026-08-20 07:30:00 [action #645] t=22.62s step=644 queue=27 dmax=0.924 | shoulder_pan.pos=+10.75 shoulder_lift.pos=+20.95 elbow_flex.pos=-39.95 wrist_flex.pos=+92.56 wrist_roll.pos=-3.95 gripper.pos=+4.39
DEBUG 2026-08-20 07:30:00 [action #646] t=22.65s step=645 queue=26 dmax=0.971 | shoulder_pan.pos=+11.72 shoulder_lift.pos=+20.86 elbow_flex.pos=-39.65 wrist_flex.pos=+92.58 wrist_roll.pos=-3.82 gripper.pos=+4.40
DEBUG 2026-08-20 07:30:00 [action #647] t=22.68s step=646 queue=25 dmax=1.028 | shoulder_pan.pos=+12.75 shoulder_lift.pos=+20.54 elbow_flex.pos=-39.24 wrist_flex.pos=+92.38 wrist_roll.pos=-3.61 gripper.pos=+4.46
DEBUG 2026-08-20 07:30:00 [action #648] t=22.72s step=647 queue=24 dmax=1.037 | shoulder_pan.pos=+13.79 shoulder_lift.pos=+20.25 elbow_flex.pos=-38.84 wrist_flex.pos=+92.34 wrist_roll.pos=-3.40 gripper.pos=+4.49
DEBUG 2026-08-20 07:30:00 [action #649] t=22.75s step=648 queue=23 dmax=1.059 | shoulder_pan.pos=+14.84 shoulder_lift.pos=+19.93 elbow_flex.pos=-38.31 wrist_flex.pos=+92.32 wrist_roll.pos=-3.20 gripper.pos=+4.56
DEBUG 2026-08-20 07:30:00 [action #650] t=22.78s step=649 queue=22 dmax=0.934 | shoulder_pan.pos=+15.78 shoulder_lift.pos=+19.75 elbow_flex.pos=-37.92 wrist_flex.pos=+92.21 wrist_roll.pos=-3.04 gripper.pos=+4.55
DEBUG 2026-08-20 07:30:00 [action #651] t=22.82s step=650 queue=21 dmax=1.023 | shoulder_pan.pos=+16.80 shoulder_lift.pos=+19.52 elbow_flex.pos=-37.44 wrist_flex.pos=+92.23 wrist_roll.pos=-2.85 gripper.pos=+4.60
DEBUG 2026-08-20 07:30:00 [action #652] t=22.85s step=651 queue=20 dmax=8.844 | shoulder_pan.pos=+10.09 shoulder_lift.pos=+18.23 elbow_flex.pos=-44.74 wrist_flex.pos=+101.07 wrist_roll.pos=-6.09 gripper.pos=+4.66
DEBUG 2026-08-20 07:30:00 [action #653] t=22.88s step=652 queue=19 dmax=1.251 | shoulder_pan.pos=+11.34 shoulder_lift.pos=+17.36 elbow_flex.pos=-44.21 wrist_flex.pos=+101.09 wrist_roll.pos=-5.82 gripper.pos=+4.65
DEBUG 2026-08-20 07:30:00 [action #654] t=22.92s step=653 queue=18 dmax=1.219 | shoulder_pan.pos=+12.56 shoulder_lift.pos=+17.13 elbow_flex.pos=-43.48 wrist_flex.pos=+101.12 wrist_roll.pos=-5.50 gripper.pos=+4.66
DEBUG 2026-08-20 07:30:00 [action #655] t=22.95s step=654 queue=17 dmax=1.230 | shoulder_pan.pos=+13.79 shoulder_lift.pos=+16.32 elbow_flex.pos=-42.75 wrist_flex.pos=+101.20 wrist_roll.pos=-5.15 gripper.pos=+4.75
DEBUG 2026-08-20 07:30:00 [action #656] t=22.98s step=655 queue=16 dmax=1.118 | shoulder_pan.pos=+14.91 shoulder_lift.pos=+15.87 elbow_flex.pos=-41.95 wrist_flex.pos=+101.05 wrist_roll.pos=-4.76 gripper.pos=+4.70
DEBUG 2026-08-20 07:30:00 [action #657] t=23.02s step=656 queue=15 dmax=1.008 | shoulder_pan.pos=+15.91 shoulder_lift.pos=+15.80 elbow_flex.pos=-41.15 wrist_flex.pos=+101.09 wrist_roll.pos=-4.45 gripper.pos=+4.69
DEBUG 2026-08-20 07:30:00 [action #658] t=23.05s step=657 queue=14 dmax=0.982 | shoulder_pan.pos=+16.66 shoulder_lift.pos=+15.00 elbow_flex.pos=-40.17 wrist_flex.pos=+100.86 wrist_roll.pos=-4.20 gripper.pos=+4.87
DEBUG 2026-08-20 07:30:00 [action #659] t=23.08s step=658 queue=13 dmax=1.053 | shoulder_pan.pos=+17.51 shoulder_lift.pos=+15.33 elbow_flex.pos=-39.12 wrist_flex.pos=+100.83 wrist_roll.pos=-3.89 gripper.pos=+4.80
DEBUG 2026-08-20 07:30:01 [action #660] t=23.12s step=659 queue=12 dmax=0.766 | shoulder_pan.pos=+17.92 shoulder_lift.pos=+14.67 elbow_flex.pos=-38.35 wrist_flex.pos=+100.89 wrist_roll.pos=-3.48 gripper.pos=+4.80
DEBUG 2026-08-20 07:30:01 [action #661] t=23.15s step=660 queue=11 dmax=0.945 | shoulder_pan.pos=+18.69 shoulder_lift.pos=+14.84 elbow_flex.pos=-37.40 wrist_flex.pos=+100.78 wrist_roll.pos=-3.33 gripper.pos=+4.68
DEBUG 2026-08-20 07:30:01 [action #662] t=23.18s step=661 queue=10 dmax=0.640 | shoulder_pan.pos=+19.33 shoulder_lift.pos=+14.78 elbow_flex.pos=-36.79 wrist_flex.pos=+100.55 wrist_roll.pos=-3.04 gripper.pos=+4.78
DEBUG 2026-08-20 07:30:01 [action #663] t=23.22s step=662 queue=9 dmax=0.697 | shoulder_pan.pos=+19.94 shoulder_lift.pos=+14.51 elbow_flex.pos=-36.09 wrist_flex.pos=+100.44 wrist_roll.pos=-2.83 gripper.pos=+4.78
DEBUG 2026-08-20 07:30:01 [action #664] t=23.25s step=663 queue=8 dmax=0.622 | shoulder_pan.pos=+20.57 shoulder_lift.pos=+14.66 elbow_flex.pos=-35.68 wrist_flex.pos=+100.12 wrist_roll.pos=-2.66 gripper.pos=+4.62
DEBUG 2026-08-20 07:30:01 [action #665] t=23.29s step=664 queue=7 dmax=0.356 | shoulder_pan.pos=+20.88 shoulder_lift.pos=+14.30 elbow_flex.pos=-35.34 wrist_flex.pos=+100.01 wrist_roll.pos=-2.46 gripper.pos=+4.76
DEBUG 2026-08-20 07:30:01 [chunk] received 50 actions, timesteps 642..691 | first: shoulder_pan.pos=+26.49 shoulder_lift.pos=+10.26 elbow_flex.pos=-18.55 wrist_flex.pos=+82.30 wrist_roll.pos=+5.33 gripper.pos=+3.69 | last: shoulder_pan.pos=-2.19 shoulder_lift.pos=-83.46 elbow_flex.pos=+79.19 wrist_flex.pos=+63.39 wrist_roll.pos=-0.83 gripper.pos=+0.76
DEBUG 2026-08-20 07:30:01 [action #666] t=23.32s step=665 queue=27 dmax=50.778 | shoulder_pan.pos=+9.76 shoulder_lift.pos=-22.91 elbow_flex.pos=+15.44 wrist_flex.pos=+80.26 wrist_roll.pos=+1.49 gripper.pos=+2.76
DEBUG 2026-08-20 07:30:01 [action #667] t=23.35s step=666 queue=26 dmax=1.665 | shoulder_pan.pos=+9.54 shoulder_lift.pos=-24.11 elbow_flex.pos=+17.10 wrist_flex.pos=+79.22 wrist_roll.pos=+1.58 gripper.pos=+2.63
DEBUG 2026-08-20 07:30:01 [action #668] t=23.39s step=667 queue=25 dmax=1.894 | shoulder_pan.pos=+9.49 shoulder_lift.pos=-25.71 elbow_flex.pos=+19.00 wrist_flex.pos=+78.18 wrist_roll.pos=+1.68 gripper.pos=+2.55
DEBUG 2026-08-20 07:30:01 [action #669] t=23.42s step=668 queue=24 dmax=2.017 | shoulder_pan.pos=+9.24 shoulder_lift.pos=-26.84 elbow_flex.pos=+21.01 wrist_flex.pos=+77.19 wrist_roll.pos=+1.68 gripper.pos=+2.41
DEBUG 2026-08-20 07:30:01 [action #670] t=23.45s step=669 queue=23 dmax=1.587 | shoulder_pan.pos=+9.37 shoulder_lift.pos=-28.01 elbow_flex.pos=+22.60 wrist_flex.pos=+76.26 wrist_roll.pos=+1.71 gripper.pos=+2.20
DEBUG 2026-08-20 07:30:01 [action #671] t=23.49s step=670 queue=22 dmax=1.661 | shoulder_pan.pos=+9.40 shoulder_lift.pos=-28.81 elbow_flex.pos=+24.26 wrist_flex.pos=+75.53 wrist_roll.pos=+1.76 gripper.pos=+2.06
DEBUG 2026-08-20 07:30:01 [action #672] t=23.52s step=671 queue=21 dmax=26.263 | shoulder_pan.pos=+2.81 shoulder_lift.pos=-49.88 elbow_flex.pos=+50.52 wrist_flex.pos=+65.92 wrist_roll.pos=+3.37 gripper.pos=+0.86
DEBUG 2026-08-20 07:30:01 [action #673] t=23.55s step=672 queue=20 dmax=2.153 | shoulder_pan.pos=+2.75 shoulder_lift.pos=-52.04 elbow_flex.pos=+52.33 wrist_flex.pos=+65.53 wrist_roll.pos=+3.19 gripper.pos=+0.81
DEBUG 2026-08-20 07:30:01 [action #674] t=23.59s step=673 queue=19 dmax=1.697 | shoulder_pan.pos=+2.30 shoulder_lift.pos=-53.52 elbow_flex.pos=+54.03 wrist_flex.pos=+65.22 wrist_roll.pos=+3.34 gripper.pos=+0.50
DEBUG 2026-08-20 07:30:01 [action #675] t=23.62s step=674 queue=18 dmax=1.993 | shoulder_pan.pos=+1.82 shoulder_lift.pos=-55.51 elbow_flex.pos=+55.81 wrist_flex.pos=+64.93 wrist_roll.pos=+3.17 gripper.pos=+0.69
DEBUG 2026-08-20 07:30:01 [action #676] t=23.65s step=675 queue=17 dmax=1.820 | shoulder_pan.pos=+1.36 shoulder_lift.pos=-57.33 elbow_flex.pos=+57.07 wrist_flex.pos=+64.76 wrist_roll.pos=+2.90 gripper.pos=+0.76
DEBUG 2026-08-20 07:30:01 [action #677] t=23.69s step=676 queue=16 dmax=2.962 | shoulder_pan.pos=+1.27 shoulder_lift.pos=-60.30 elbow_flex.pos=+59.06 wrist_flex.pos=+64.66 wrist_roll.pos=+2.81 gripper.pos=+0.82
DEBUG 2026-08-20 07:30:01 [action #678] t=23.72s step=677 queue=15 dmax=1.823 | shoulder_pan.pos=+0.71 shoulder_lift.pos=-62.12 elbow_flex.pos=+60.81 wrist_flex.pos=+64.61 wrist_roll.pos=+2.24 gripper.pos=+0.80
DEBUG 2026-08-20 07:30:01 [action #679] t=23.75s step=678 queue=14 dmax=1.477 | shoulder_pan.pos=+0.14 shoulder_lift.pos=-63.42 elbow_flex.pos=+62.29 wrist_flex.pos=+64.62 wrist_roll.pos=+1.71 gripper.pos=+0.84
DEBUG 2026-08-20 07:30:01 [action #680] t=23.79s step=679 queue=13 dmax=2.195 | shoulder_pan.pos=+0.39 shoulder_lift.pos=-65.62 elbow_flex.pos=+63.76 wrist_flex.pos=+64.20 wrist_roll.pos=+0.94 gripper.pos=+0.70
DEBUG 2026-08-20 07:30:01 [action #681] t=23.82s step=680 queue=12 dmax=2.360 | shoulder_pan.pos=+0.07 shoulder_lift.pos=-67.98 elbow_flex.pos=+65.24 wrist_flex.pos=+63.70 wrist_roll.pos=+0.64 gripper.pos=+0.73
DEBUG 2026-08-20 07:30:01 [action #682] t=23.85s step=681 queue=11 dmax=1.492 | shoulder_pan.pos=-0.37 shoulder_lift.pos=-69.29 elbow_flex.pos=+66.73 wrist_flex.pos=+63.74 wrist_roll.pos=+0.32 gripper.pos=+0.94
DEBUG 2026-08-20 07:30:01 [action #683] t=23.89s step=682 queue=10 dmax=2.015 | shoulder_pan.pos=-0.45 shoulder_lift.pos=-71.30 elbow_flex.pos=+68.45 wrist_flex.pos=+63.42 wrist_roll.pos=-0.08 gripper.pos=+0.86
DEBUG 2026-08-20 07:30:01 [action #684] t=23.92s step=683 queue=9 dmax=1.829 | shoulder_pan.pos=-0.75 shoulder_lift.pos=-73.13 elbow_flex.pos=+69.64 wrist_flex.pos=+63.34 wrist_roll.pos=-0.40 gripper.pos=+0.87
DEBUG 2026-08-20 07:30:01 [action #685] t=23.95s step=684 queue=8 dmax=1.774 | shoulder_pan.pos=-1.13 shoulder_lift.pos=-74.91 elbow_flex.pos=+71.40 wrist_flex.pos=+63.34 wrist_roll.pos=-0.38 gripper.pos=+0.90
DEBUG 2026-08-20 07:30:01 [action #686] t=23.99s step=685 queue=7 dmax=1.673 | shoulder_pan.pos=-1.25 shoulder_lift.pos=-76.58 elbow_flex.pos=+72.28 wrist_flex.pos=+63.25 wrist_roll.pos=-0.33 gripper.pos=+0.82
DEBUG 2026-08-20 07:30:01 [action #687] t=24.02s step=686 queue=6 dmax=1.418 | shoulder_pan.pos=-1.57 shoulder_lift.pos=-77.80 elbow_flex.pos=+73.69 wrist_flex.pos=+63.44 wrist_roll.pos=-0.41 gripper.pos=+0.87
DEBUG 2026-08-20 07:30:01 [action #688] t=24.05s step=687 queue=5 dmax=1.392 | shoulder_pan.pos=-1.66 shoulder_lift.pos=-79.06 elbow_flex.pos=+75.09 wrist_flex.pos=+63.25 wrist_roll.pos=-0.32 gripper.pos=+0.78
DEBUG 2026-08-20 07:30:01 [action #689] t=24.09s step=688 queue=4 dmax=1.933 | shoulder_pan.pos=-1.73 shoulder_lift.pos=-80.99 elbow_flex.pos=+75.85 wrist_flex.pos=+63.20 wrist_roll.pos=-0.44 gripper.pos=+0.87
DEBUG 2026-08-20 07:30:02 [action #690] t=24.12s step=689 queue=3 dmax=0.752 | shoulder_pan.pos=-1.97 shoulder_lift.pos=-81.38 elbow_flex.pos=+76.60 wrist_flex.pos=+63.24 wrist_roll.pos=-0.61 gripper.pos=+0.89
DEBUG 2026-08-20 07:30:02 [action #691] t=24.15s step=690 queue=2 dmax=2.170 | shoulder_pan.pos=-2.14 shoulder_lift.pos=-83.16 elbow_flex.pos=+78.77 wrist_flex.pos=+63.52 wrist_roll.pos=-0.62 gripper.pos=+0.85
DEBUG 2026-08-20 07:30:02 [chunk] received 50 actions, timesteps 664..713 | first: shoulder_pan.pos=+15.12 shoulder_lift.pos=+6.43 elbow_flex.pos=-23.96 wrist_flex.pos=+101.96 wrist_roll.pos=-2.35 gripper.pos=+2.50 | last: shoulder_pan.pos=-4.77 shoulder_lift.pos=-81.51 elbow_flex.pos=+71.11 wrist_flex.pos=+68.57 wrist_roll.pos=-4.46 gripper.pos=-0.04
DEBUG 2026-08-20 07:30:02 [action #692] t=24.19s step=691 queue=23 dmax=24.926 | shoulder_pan.pos=-1.44 shoulder_lift.pos=-59.56 elbow_flex.pos=+53.85 wrist_flex.pos=+73.39 wrist_roll.pos=-2.83 gripper.pos=+0.10
DEBUG 2026-08-20 07:30:02 [action #693] t=24.22s step=692 queue=22 dmax=9.196 | shoulder_pan.pos=-1.44 shoulder_lift.pos=-51.40 elbow_flex.pos=+44.65 wrist_flex.pos=+77.44 wrist_roll.pos=-3.76 gripper.pos=-0.35
DEBUG 2026-08-20 07:30:02 [action #694] t=24.25s step=693 queue=21 dmax=0.553 | shoulder_pan.pos=-1.65 shoulder_lift.pos=-51.96 elbow_flex.pos=+45.03 wrist_flex.pos=+77.26 wrist_roll.pos=-3.73 gripper.pos=-0.25
DEBUG 2026-08-20 07:30:02 [action #695] t=24.29s step=694 queue=20 dmax=1.882 | shoulder_pan.pos=-1.97 shoulder_lift.pos=-53.84 elbow_flex.pos=+46.84 wrist_flex.pos=+76.88 wrist_roll.pos=-3.85 gripper.pos=-0.34
DEBUG 2026-08-20 07:30:02 [action #696] t=24.32s step=695 queue=19 dmax=1.099 | shoulder_pan.pos=-2.78 shoulder_lift.pos=-54.84 elbow_flex.pos=+47.94 wrist_flex.pos=+76.62 wrist_roll.pos=-3.76 gripper.pos=-0.36
DEBUG 2026-08-20 07:30:02 [action #697] t=24.36s step=696 queue=18 dmax=1.842 | shoulder_pan.pos=-3.40 shoulder_lift.pos=-56.31 elbow_flex.pos=+49.78 wrist_flex.pos=+76.57 wrist_roll.pos=-3.64 gripper.pos=-0.22
DEBUG 2026-08-20 07:30:02 [action #698] t=24.39s step=697 queue=17 dmax=1.752 | shoulder_pan.pos=-3.63 shoulder_lift.pos=-58.06 elbow_flex.pos=+50.86 wrist_flex.pos=+76.32 wrist_roll.pos=-3.74 gripper.pos=-0.28
DEBUG 2026-08-20 07:30:02 [action #699] t=24.42s step=698 queue=16 dmax=2.081 | shoulder_pan.pos=-4.29 shoulder_lift.pos=-60.14 elbow_flex.pos=+52.24 wrist_flex.pos=+76.27 wrist_roll.pos=-3.65 gripper.pos=-0.31
DEBUG 2026-08-20 07:30:02 [action #700] t=24.46s step=699 queue=15 dmax=1.696 | shoulder_pan.pos=-4.12 shoulder_lift.pos=-61.83 elbow_flex.pos=+53.28 wrist_flex.pos=+76.46 wrist_roll.pos=-3.73 gripper.pos=-0.25
DEBUG 2026-08-20 07:30:02 [action #701] t=24.49s step=700 queue=14 dmax=1.852 | shoulder_pan.pos=-4.58 shoulder_lift.pos=-63.69 elbow_flex.pos=+54.65 wrist_flex.pos=+76.09 wrist_roll.pos=-3.75 gripper.pos=-0.34
DEBUG 2026-08-20 07:30:02 [action #702] t=24.52s step=701 queue=13 dmax=1.284 | shoulder_pan.pos=-4.84 shoulder_lift.pos=-64.94 elbow_flex.pos=+55.93 wrist_flex.pos=+75.67 wrist_roll.pos=-3.73 gripper.pos=-0.24
DEBUG 2026-08-20 07:30:02 [action #703] t=24.56s step=702 queue=12 dmax=1.741 | shoulder_pan.pos=-4.60 shoulder_lift.pos=-66.52 elbow_flex.pos=+57.67 wrist_flex.pos=+75.07 wrist_roll.pos=-3.82 gripper.pos=-0.42
DEBUG 2026-08-20 07:30:02 [action #704] t=24.59s step=703 queue=11 dmax=1.071 | shoulder_pan.pos=-4.64 shoulder_lift.pos=-67.60 elbow_flex.pos=+58.51 wrist_flex.pos=+74.53 wrist_roll.pos=-3.79 gripper.pos=-0.22
DEBUG 2026-08-20 07:30:02 [action #705] t=24.62s step=704 queue=10 dmax=2.013 | shoulder_pan.pos=-4.56 shoulder_lift.pos=-69.46 elbow_flex.pos=+60.52 wrist_flex.pos=+73.85 wrist_roll.pos=-3.84 gripper.pos=-0.37
DEBUG 2026-08-20 07:30:02 [action #706] t=24.66s step=705 queue=9 dmax=1.513 | shoulder_pan.pos=-4.63 shoulder_lift.pos=-70.47 elbow_flex.pos=+62.03 wrist_flex.pos=+72.88 wrist_roll.pos=-3.73 gripper.pos=-0.35
DEBUG 2026-08-20 07:30:02 [action #707] t=24.69s step=706 queue=8 dmax=1.145 | shoulder_pan.pos=-4.51 shoulder_lift.pos=-71.62 elbow_flex.pos=+62.91 wrist_flex.pos=+72.34 wrist_roll.pos=-3.82 gripper.pos=-0.17
DEBUG 2026-08-20 07:30:02 [action #708] t=24.72s step=707 queue=7 dmax=1.389 | shoulder_pan.pos=-4.58 shoulder_lift.pos=-73.01 elbow_flex.pos=+64.13 wrist_flex.pos=+71.60 wrist_roll.pos=-3.89 gripper.pos=-0.16
DEBUG 2026-08-20 07:30:02 [action #709] t=24.76s step=708 queue=6 dmax=1.368 | shoulder_pan.pos=-4.70 shoulder_lift.pos=-74.38 elbow_flex.pos=+65.33 wrist_flex.pos=+71.09 wrist_roll.pos=-3.89 gripper.pos=-0.32
DEBUG 2026-08-20 07:30:02 [action #710] t=24.79s step=709 queue=5 dmax=1.966 | shoulder_pan.pos=-4.77 shoulder_lift.pos=-75.91 elbow_flex.pos=+67.30 wrist_flex.pos=+70.56 wrist_roll.pos=-4.01 gripper.pos=-0.23
DEBUG 2026-08-20 07:30:02 [action #711] t=24.82s step=710 queue=4 dmax=1.824 | shoulder_pan.pos=-4.94 shoulder_lift.pos=-77.74 elbow_flex.pos=+68.49 wrist_flex.pos=+70.05 wrist_roll.pos=-4.14 gripper.pos=-0.19
DEBUG 2026-08-20 07:30:02 [action #712] t=24.86s step=711 queue=3 dmax=1.101 | shoulder_pan.pos=-4.96 shoulder_lift.pos=-78.84 elbow_flex.pos=+69.25 wrist_flex.pos=+69.47 wrist_roll.pos=-4.21 gripper.pos=-0.04
DEBUG 2026-08-20 07:30:02 [action #713] t=24.89s step=712 queue=2 dmax=1.798 | shoulder_pan.pos=-4.96 shoulder_lift.pos=-79.64 elbow_flex.pos=+71.05 wrist_flex.pos=+69.03 wrist_roll.pos=-4.28 gripper.pos=-0.06
DEBUG 2026-08-20 07:30:02 [action #714] t=24.92s step=713 queue=1 dmax=1.871 | shoulder_pan.pos=-4.77 shoulder_lift.pos=-81.51 elbow_flex.pos=+71.11 wrist_flex.pos=+68.57 wrist_roll.pos=-4.46 gripper.pos=-0.04
DEBUG 2026-08-20 07:30:02 [chunk] received 50 actions, timesteps 689..738 | first: shoulder_pan.pos=-1.25 shoulder_lift.pos=-79.43 elbow_flex.pos=+73.59 wrist_flex.pos=+61.76 wrist_roll.pos=-0.45 gripper.pos=+0.91 | last: shoulder_pan.pos=-10.80 shoulder_lift.pos=-43.06 elbow_flex.pos=+48.32 wrist_flex.pos=+55.87 wrist_roll.pos=-3.56 gripper.pos=+0.83
DEBUG 2026-08-20 07:30:02 [action #715] t=24.96s step=714 queue=25 dmax=6.679 | shoulder_pan.pos=-8.74 shoulder_lift.pos=-76.61 elbow_flex.pos=+67.13 wrist_flex.pos=+61.89 wrist_roll.pos=-2.23 gripper.pos=+0.56
DEBUG 2026-08-20 07:30:02 [action #716] t=24.99s step=715 queue=24 dmax=2.137 | shoulder_pan.pos=-8.75 shoulder_lift.pos=-74.48 elbow_flex.pos=+66.33 wrist_flex.pos=+61.37 wrist_roll.pos=-2.49 gripper.pos=+0.49
DEBUG 2026-08-20 07:30:02 [action #717] t=25.02s step=716 queue=23 dmax=1.381 | shoulder_pan.pos=-9.09 shoulder_lift.pos=-73.10 elbow_flex.pos=+65.08 wrist_flex.pos=+61.01 wrist_roll.pos=-2.56 gripper.pos=+0.69
DEBUG 2026-08-20 07:30:02 [action #718] t=25.06s step=717 queue=22 dmax=2.254 | shoulder_pan.pos=-9.36 shoulder_lift.pos=-70.84 elbow_flex.pos=+64.82 wrist_flex.pos=+60.53 wrist_roll.pos=-2.67 gripper.pos=+0.56
DEBUG 2026-08-20 07:30:03 [action #719] t=25.09s step=718 queue=21 dmax=1.049 | shoulder_pan.pos=-9.35 shoulder_lift.pos=-69.86 elbow_flex.pos=+63.77 wrist_flex.pos=+60.24 wrist_roll.pos=-2.66 gripper.pos=+0.58
DEBUG 2026-08-20 07:30:03 [action #720] t=25.12s step=719 queue=20 dmax=1.471 | shoulder_pan.pos=-9.81 shoulder_lift.pos=-68.39 elbow_flex.pos=+63.31 wrist_flex.pos=+59.69 wrist_roll.pos=-2.57 gripper.pos=+0.66
DEBUG 2026-08-20 07:30:03 [action #721] t=25.16s step=720 queue=19 dmax=1.162 | shoulder_pan.pos=-10.19 shoulder_lift.pos=-67.23 elbow_flex.pos=+62.59 wrist_flex.pos=+59.42 wrist_roll.pos=-2.68 gripper.pos=+0.66
DEBUG 2026-08-20 07:30:03 [action #722] t=25.19s step=721 queue=18 dmax=1.091 | shoulder_pan.pos=-10.21 shoulder_lift.pos=-66.14 elbow_flex.pos=+62.17 wrist_flex.pos=+59.13 wrist_roll.pos=-2.77 gripper.pos=+0.76
DEBUG 2026-08-20 07:30:03 [action #723] t=25.22s step=722 queue=17 dmax=1.232 | shoulder_pan.pos=-10.34 shoulder_lift.pos=-64.91 elbow_flex.pos=+61.43 wrist_flex.pos=+58.67 wrist_roll.pos=-2.74 gripper.pos=+0.70
DEBUG 2026-08-20 07:30:03 [action #724] t=25.26s step=723 queue=16 dmax=1.799 | shoulder_pan.pos=-10.55 shoulder_lift.pos=-63.11 elbow_flex.pos=+60.88 wrist_flex.pos=+58.39 wrist_roll.pos=-2.76 gripper.pos=+0.77
DEBUG 2026-08-20 07:30:03 [action #725] t=25.29s step=724 queue=15 dmax=0.444 | shoulder_pan.pos=-10.92 shoulder_lift.pos=-62.81 elbow_flex.pos=+60.44 wrist_flex.pos=+58.21 wrist_roll.pos=-2.88 gripper.pos=+0.78
DEBUG 2026-08-20 07:30:03 [action #726] t=25.33s step=725 queue=14 dmax=1.701 | shoulder_pan.pos=-10.70 shoulder_lift.pos=-61.11 elbow_flex.pos=+60.28 wrist_flex.pos=+57.76 wrist_roll.pos=-2.84 gripper.pos=+0.74
DEBUG 2026-08-20 07:30:03 [action #727] t=25.36s step=726 queue=13 dmax=0.551 | shoulder_pan.pos=-10.92 shoulder_lift.pos=-60.64 elbow_flex.pos=+59.73 wrist_flex.pos=+57.35 wrist_roll.pos=-2.79 gripper.pos=+0.80
DEBUG 2026-08-20 07:30:03 [action #728] t=25.39s step=727 queue=12 dmax=1.153 | shoulder_pan.pos=-10.54 shoulder_lift.pos=-59.48 elbow_flex.pos=+58.90 wrist_flex.pos=+57.07 wrist_roll.pos=-2.90 gripper.pos=+0.83
DEBUG 2026-08-20 07:30:03 [action #729] t=25.43s step=728 queue=11 dmax=0.862 | shoulder_pan.pos=-10.87 shoulder_lift.pos=-58.62 elbow_flex.pos=+58.42 wrist_flex.pos=+57.03 wrist_roll.pos=-2.76 gripper.pos=+0.89
DEBUG 2026-08-20 07:30:03 [action #730] t=25.46s step=729 queue=10 dmax=1.619 | shoulder_pan.pos=-10.85 shoulder_lift.pos=-57.00 elbow_flex.pos=+57.84 wrist_flex.pos=+56.75 wrist_roll.pos=-2.88 gripper.pos=+0.81
DEBUG 2026-08-20 07:30:03 [action #731] t=25.49s step=730 queue=9 dmax=1.472 | shoulder_pan.pos=-10.84 shoulder_lift.pos=-55.53 elbow_flex.pos=+56.93 wrist_flex.pos=+56.96 wrist_roll.pos=-2.79 gripper.pos=+0.90
DEBUG 2026-08-20 07:30:03 [action #732] t=25.53s step=731 queue=8 dmax=0.900 | shoulder_pan.pos=-10.98 shoulder_lift.pos=-54.63 elbow_flex.pos=+56.64 wrist_flex.pos=+56.93 wrist_roll.pos=-2.85 gripper.pos=+0.82
DEBUG 2026-08-20 07:30:03 [action #733] t=25.56s step=732 queue=7 dmax=1.936 | shoulder_pan.pos=-11.04 shoulder_lift.pos=-52.79 elbow_flex.pos=+54.70 wrist_flex.pos=+56.69 wrist_roll.pos=-3.08 gripper.pos=+0.92
DEBUG 2026-08-20 07:30:03 [action #734] t=25.59s step=733 queue=6 dmax=1.053 | shoulder_pan.pos=-11.21 shoulder_lift.pos=-51.74 elbow_flex.pos=+53.98 wrist_flex.pos=+56.71 wrist_roll.pos=-3.06 gripper.pos=+0.83
DEBUG 2026-08-20 07:30:03 [action #735] t=25.63s step=734 queue=5 dmax=1.599 | shoulder_pan.pos=-10.98 shoulder_lift.pos=-50.14 elbow_flex.pos=+53.38 wrist_flex.pos=+56.49 wrist_roll.pos=-3.31 gripper.pos=+0.99
DEBUG 2026-08-20 07:30:03 [chunk] received 50 actions, timesteps 713..762 | first: shoulder_pan.pos=-4.64 shoulder_lift.pos=-76.91 elbow_flex.pos=+67.95 wrist_flex.pos=+67.78 wrist_roll.pos=-4.04 gripper.pos=+0.34 | last: shoulder_pan.pos=-11.10 shoulder_lift.pos=-25.10 elbow_flex.pos=+32.52 wrist_flex.pos=+59.39 wrist_roll.pos=-5.54 gripper.pos=+0.51
DEBUG 2026-08-20 07:30:03 [action #736] t=25.66s step=735 queue=28 dmax=12.411 | shoulder_pan.pos=-10.39 shoulder_lift.pos=-62.55 elbow_flex.pos=+58.99 wrist_flex.pos=+60.46 wrist_roll.pos=-3.84 gripper.pos=+0.39
DEBUG 2026-08-20 07:30:03 [action #737] t=25.69s step=736 queue=27 dmax=1.390 | shoulder_pan.pos=-10.40 shoulder_lift.pos=-61.16 elbow_flex.pos=+58.17 wrist_flex.pos=+60.52 wrist_roll.pos=-3.97 gripper.pos=+0.25
DEBUG 2026-08-20 07:30:03 [action #738] t=25.73s step=737 queue=26 dmax=2.547 | shoulder_pan.pos=-10.72 shoulder_lift.pos=-58.61 elbow_flex.pos=+57.18 wrist_flex.pos=+60.02 wrist_roll.pos=-3.83 gripper.pos=+0.23
DEBUG 2026-08-20 07:30:03 [action #739] t=25.76s step=738 queue=25 dmax=1.392 | shoulder_pan.pos=-10.65 shoulder_lift.pos=-57.39 elbow_flex.pos=+55.79 wrist_flex.pos=+59.70 wrist_roll.pos=-3.93 gripper.pos=+0.27
DEBUG 2026-08-20 07:30:03 [action #740] t=25.79s step=739 queue=24 dmax=3.852 | shoulder_pan.pos=-10.37 shoulder_lift.pos=-61.24 elbow_flex.pos=+57.64 wrist_flex.pos=+61.03 wrist_roll.pos=-4.20 gripper.pos=-0.01
DEBUG 2026-08-20 07:30:03 [action #741] t=25.83s step=740 queue=23 dmax=1.758 | shoulder_pan.pos=-10.33 shoulder_lift.pos=-59.48 elbow_flex.pos=+56.97 wrist_flex.pos=+60.67 wrist_roll.pos=-4.21 gripper.pos=-0.03
DEBUG 2026-08-20 07:30:03 [action #742] t=25.86s step=741 queue=22 dmax=1.925 | shoulder_pan.pos=-10.60 shoulder_lift.pos=-57.56 elbow_flex.pos=+55.79 wrist_flex.pos=+60.47 wrist_roll.pos=-4.38 gripper.pos=-0.08
DEBUG 2026-08-20 07:30:03 [action #743] t=25.89s step=742 queue=21 dmax=2.110 | shoulder_pan.pos=-10.41 shoulder_lift.pos=-55.45 elbow_flex.pos=+54.56 wrist_flex.pos=+60.01 wrist_roll.pos=-4.39 gripper.pos=+0.09
DEBUG 2026-08-20 07:30:03 [action #744] t=25.93s step=743 queue=20 dmax=1.671 | shoulder_pan.pos=-10.47 shoulder_lift.pos=-53.78 elbow_flex.pos=+53.32 wrist_flex.pos=+60.01 wrist_roll.pos=-4.46 gripper.pos=+0.11
DEBUG 2026-08-20 07:30:03 [action #745] t=25.96s step=744 queue=19 dmax=2.230 | shoulder_pan.pos=-10.37 shoulder_lift.pos=-51.72 elbow_flex.pos=+51.09 wrist_flex.pos=+59.89 wrist_roll.pos=-4.55 gripper.pos=+0.11
DEBUG 2026-08-20 07:30:03 [action #746] t=25.99s step=745 queue=18 dmax=1.556 | shoulder_pan.pos=-10.47 shoulder_lift.pos=-50.17 elbow_flex.pos=+50.12 wrist_flex.pos=+59.83 wrist_roll.pos=-4.74 gripper.pos=+0.12
DEBUG 2026-08-20 07:30:03 [action #747] t=26.03s step=746 queue=17 dmax=2.328 | shoulder_pan.pos=-10.36 shoulder_lift.pos=-47.84 elbow_flex.pos=+49.37 wrist_flex.pos=+59.32 wrist_roll.pos=-4.84 gripper.pos=-0.01
DEBUG 2026-08-20 07:30:03 [action #748] t=26.06s step=747 queue=16 dmax=1.257 | shoulder_pan.pos=-10.52 shoulder_lift.pos=-46.58 elbow_flex.pos=+48.81 wrist_flex.pos=+59.13 wrist_roll.pos=-4.90 gripper.pos=-0.02
DEBUG 2026-08-20 07:30:04 [action #749] t=26.09s step=748 queue=15 dmax=1.327 | shoulder_pan.pos=-10.69 shoulder_lift.pos=-45.63 elbow_flex.pos=+47.48 wrist_flex.pos=+58.94 wrist_roll.pos=-5.04 gripper.pos=+0.07
DEBUG 2026-08-20 07:30:04 [action #750] t=26.13s step=749 queue=14 dmax=0.892 | shoulder_pan.pos=-10.76 shoulder_lift.pos=-44.74 elbow_flex.pos=+47.18 wrist_flex.pos=+58.75 wrist_roll.pos=-5.08 gripper.pos=+0.20
DEBUG 2026-08-20 07:30:04 [action #751] t=26.16s step=750 queue=13 dmax=1.524 | shoulder_pan.pos=-10.52 shoulder_lift.pos=-43.21 elbow_flex.pos=+46.65 wrist_flex.pos=+58.71 wrist_roll.pos=-5.11 gripper.pos=+0.10
DEBUG 2026-08-20 07:30:04 [action #752] t=26.19s step=751 queue=12 dmax=1.360 | shoulder_pan.pos=-10.57 shoulder_lift.pos=-42.36 elbow_flex.pos=+45.29 wrist_flex.pos=+58.16 wrist_roll.pos=-5.09 gripper.pos=+0.12
DEBUG 2026-08-20 07:30:04 [action #753] t=26.23s step=752 queue=11 dmax=1.563 | shoulder_pan.pos=-10.93 shoulder_lift.pos=-40.80 elbow_flex.pos=+44.78 wrist_flex.pos=+58.17 wrist_roll.pos=-5.00 gripper.pos=+0.19
DEBUG 2026-08-20 07:30:04 [action #754] t=26.26s step=753 queue=10 dmax=1.193 | shoulder_pan.pos=-10.53 shoulder_lift.pos=-39.61 elbow_flex.pos=+43.89 wrist_flex.pos=+58.02 wrist_roll.pos=-5.08 gripper.pos=+0.16
DEBUG 2026-08-20 07:30:04 [action #755] t=26.29s step=754 queue=9 dmax=1.727 | shoulder_pan.pos=-10.75 shoulder_lift.pos=-37.88 elbow_flex.pos=+42.28 wrist_flex.pos=+58.04 wrist_roll.pos=-5.21 gripper.pos=+0.22
DEBUG 2026-08-20 07:30:04 [action #756] t=26.33s step=755 queue=8 dmax=1.816 | shoulder_pan.pos=-10.75 shoulder_lift.pos=-36.06 elbow_flex.pos=+41.20 wrist_flex.pos=+58.08 wrist_roll.pos=-5.19 gripper.pos=+0.14
DEBUG 2026-08-20 07:30:04 [action #757] t=26.36s step=756 queue=7 dmax=1.608 | shoulder_pan.pos=-10.91 shoulder_lift.pos=-34.46 elbow_flex.pos=+39.90 wrist_flex.pos=+58.16 wrist_roll.pos=-5.19 gripper.pos=+0.18
DEBUG 2026-08-20 07:30:04 [action #758] t=26.40s step=757 queue=6 dmax=2.323 | shoulder_pan.pos=-10.92 shoulder_lift.pos=-32.13 elbow_flex.pos=+38.25 wrist_flex.pos=+58.43 wrist_roll.pos=-5.20 gripper.pos=+0.26
DEBUG 2026-08-20 07:30:04 [action #759] t=26.43s step=758 queue=5 dmax=1.635 | shoulder_pan.pos=-10.91 shoulder_lift.pos=-30.50 elbow_flex.pos=+37.14 wrist_flex.pos=+58.60 wrist_roll.pos=-5.26 gripper.pos=+0.38
DEBUG 2026-08-20 07:30:04 [chunk] received 50 actions, timesteps 733..782 | first: shoulder_pan.pos=-11.86 shoulder_lift.pos=-51.79 elbow_flex.pos=+53.77 wrist_flex.pos=+56.64 wrist_roll.pos=-3.56 gripper.pos=+0.47 | last: shoulder_pan.pos=-12.99 shoulder_lift.pos=-3.14 elbow_flex.pos=+20.09 wrist_flex.pos=+60.96 wrist_roll.pos=-4.45 gripper.pos=+36.12
DEBUG 2026-08-20 07:30:04 [action #760] t=26.46s step=759 queue=24 dmax=12.503 | shoulder_pan.pos=-11.85 shoulder_lift.pos=-23.36 elbow_flex.pos=+32.27 wrist_flex.pos=+57.17 wrist_roll.pos=-5.46 gripper.pos=+12.88
DEBUG 2026-08-20 07:30:04 [action #761] t=26.50s step=760 queue=23 dmax=0.993 | shoulder_pan.pos=-11.95 shoulder_lift.pos=-22.36 elbow_flex.pos=+31.77 wrist_flex.pos=+57.42 wrist_roll.pos=-5.37 gripper.pos=+13.49
DEBUG 2026-08-20 07:30:04 [action #762] t=26.53s step=761 queue=22 dmax=0.624 | shoulder_pan.pos=-11.91 shoulder_lift.pos=-21.74 elbow_flex.pos=+31.32 wrist_flex.pos=+57.63 wrist_roll.pos=-5.45 gripper.pos=+14.10
DEBUG 2026-08-20 07:30:04 [action #763] t=26.56s step=762 queue=21 dmax=1.106 | shoulder_pan.pos=-12.26 shoulder_lift.pos=-20.66 elbow_flex.pos=+30.52 wrist_flex.pos=+57.67 wrist_roll.pos=-5.50 gripper.pos=+15.21
DEBUG 2026-08-20 07:30:04 [action #764] t=26.60s step=763 queue=20 dmax=7.883 | shoulder_pan.pos=-12.50 shoulder_lift.pos=-17.58 elbow_flex.pos=+29.36 wrist_flex.pos=+56.79 wrist_roll.pos=-5.45 gripper.pos=+23.09
DEBUG 2026-08-20 07:30:04 [action #765] t=26.63s step=764 queue=19 dmax=1.646 | shoulder_pan.pos=-12.35 shoulder_lift.pos=-17.01 elbow_flex.pos=+29.29 wrist_flex.pos=+57.08 wrist_roll.pos=-5.48 gripper.pos=+24.73
DEBUG 2026-08-20 07:30:04 [action #766] t=26.66s step=765 queue=18 dmax=1.357 | shoulder_pan.pos=-12.41 shoulder_lift.pos=-16.39 elbow_flex.pos=+27.93 wrist_flex.pos=+57.00 wrist_roll.pos=-5.53 gripper.pos=+25.81
DEBUG 2026-08-20 07:30:04 [action #767] t=26.70s step=766 queue=17 dmax=0.983 | shoulder_pan.pos=-12.23 shoulder_lift.pos=-15.91 elbow_flex.pos=+27.92 wrist_flex.pos=+56.93 wrist_roll.pos=-5.59 gripper.pos=+26.79
DEBUG 2026-08-20 07:30:04 [action #768] t=26.73s step=767 queue=16 dmax=0.842 | shoulder_pan.pos=-12.48 shoulder_lift.pos=-15.07 elbow_flex.pos=+27.64 wrist_flex.pos=+57.20 wrist_roll.pos=-5.66 gripper.pos=+27.16
DEBUG 2026-08-20 07:30:04 [action #769] t=26.76s step=768 queue=15 dmax=1.077 | shoulder_pan.pos=-12.14 shoulder_lift.pos=-13.99 elbow_flex.pos=+27.13 wrist_flex.pos=+57.02 wrist_roll.pos=-5.76 gripper.pos=+27.64
DEBUG 2026-08-20 07:30:04 [action #770] t=26.80s step=769 queue=14 dmax=0.803 | shoulder_pan.pos=-12.14 shoulder_lift.pos=-13.59 elbow_flex.pos=+26.33 wrist_flex.pos=+56.90 wrist_roll.pos=-5.80 gripper.pos=+27.88
DEBUG 2026-08-20 07:30:04 [action #771] t=26.83s step=770 queue=13 dmax=0.739 | shoulder_pan.pos=-12.44 shoulder_lift.pos=-12.85 elbow_flex.pos=+25.95 wrist_flex.pos=+57.17 wrist_roll.pos=-5.83 gripper.pos=+28.43
DEBUG 2026-08-20 07:30:04 [action #772] t=26.86s step=771 queue=12 dmax=0.957 | shoulder_pan.pos=-12.24 shoulder_lift.pos=-12.48 elbow_flex.pos=+25.00 wrist_flex.pos=+57.48 wrist_roll.pos=-5.83 gripper.pos=+29.12
DEBUG 2026-08-20 07:30:04 [action #773] t=26.90s step=772 queue=11 dmax=0.716 | shoulder_pan.pos=-12.18 shoulder_lift.pos=-11.86 elbow_flex.pos=+24.88 wrist_flex.pos=+57.70 wrist_roll.pos=-5.84 gripper.pos=+29.83
DEBUG 2026-08-20 07:30:04 [action #774] t=26.93s step=773 queue=10 dmax=1.389 | shoulder_pan.pos=-12.28 shoulder_lift.pos=-10.48 elbow_flex.pos=+24.08 wrist_flex.pos=+57.82 wrist_roll.pos=-5.91 gripper.pos=+30.61
DEBUG 2026-08-20 07:30:04 [action #775] t=26.96s step=774 queue=9 dmax=1.009 | shoulder_pan.pos=-12.24 shoulder_lift.pos=-9.52 elbow_flex.pos=+23.07 wrist_flex.pos=+58.21 wrist_roll.pos=-5.79 gripper.pos=+31.56
DEBUG 2026-08-20 07:30:04 [action #776] t=27.00s step=775 queue=8 dmax=0.602 | shoulder_pan.pos=-12.53 shoulder_lift.pos=-9.10 elbow_flex.pos=+23.01 wrist_flex.pos=+58.41 wrist_roll.pos=-5.66 gripper.pos=+32.16
DEBUG 2026-08-20 07:30:04 [action #777] t=27.03s step=776 queue=7 dmax=0.991 | shoulder_pan.pos=-12.53 shoulder_lift.pos=-8.11 elbow_flex.pos=+22.83 wrist_flex.pos=+58.86 wrist_roll.pos=-5.52 gripper.pos=+32.76
DEBUG 2026-08-20 07:30:04 [action #778] t=27.06s step=777 queue=6 dmax=1.195 | shoulder_pan.pos=-12.73 shoulder_lift.pos=-6.92 elbow_flex.pos=+22.09 wrist_flex.pos=+58.96 wrist_roll.pos=-5.44 gripper.pos=+33.16
DEBUG 2026-08-20 07:30:05 [action #779] t=27.10s step=778 queue=5 dmax=0.514 | shoulder_pan.pos=-12.59 shoulder_lift.pos=-6.55 elbow_flex.pos=+21.57 wrist_flex.pos=+59.16 wrist_roll.pos=-5.32 gripper.pos=+33.66
DEBUG 2026-08-20 07:30:05 [action #780] t=27.13s step=779 queue=4 dmax=1.093 | shoulder_pan.pos=-12.52 shoulder_lift.pos=-5.45 elbow_flex.pos=+21.32 wrist_flex.pos=+59.66 wrist_roll.pos=-5.19 gripper.pos=+34.15
DEBUG 2026-08-20 07:30:05 [action #781] t=27.16s step=780 queue=3 dmax=1.139 | shoulder_pan.pos=-12.75 shoulder_lift.pos=-4.31 elbow_flex.pos=+20.41 wrist_flex.pos=+60.18 wrist_roll.pos=-5.01 gripper.pos=+34.60
DEBUG 2026-08-20 07:30:05 [action #782] t=27.20s step=781 queue=2 dmax=0.705 | shoulder_pan.pos=-12.79 shoulder_lift.pos=-3.95 elbow_flex.pos=+19.92 wrist_flex.pos=+60.71 wrist_roll.pos=-4.76 gripper.pos=+35.30
DEBUG 2026-08-20 07:30:05 [action #783] t=27.23s step=782 queue=1 dmax=0.813 | shoulder_pan.pos=-12.99 shoulder_lift.pos=-3.14 elbow_flex.pos=+20.09 wrist_flex.pos=+60.96 wrist_roll.pos=-4.45 gripper.pos=+36.12
DEBUG 2026-08-20 07:30:05 [chunk] received 50 actions, timesteps 757..806 | first: shoulder_pan.pos=-10.30 shoulder_lift.pos=-34.56 elbow_flex.pos=+41.29 wrist_flex.pos=+56.66 wrist_roll.pos=-5.22 gripper.pos=-0.15 | last: shoulder_pan.pos=-10.70 shoulder_lift.pos=+12.28 elbow_flex.pos=+7.05 wrist_flex.pos=+63.73 wrist_roll.pos=-5.20 gripper.pos=+35.75
DEBUG 2026-08-20 07:30:05 [action #784] t=27.33s step=783 queue=24 dmax=12.295 | shoulder_pan.pos=-10.52 shoulder_lift.pos=-10.58 elbow_flex.pos=+20.73 wrist_flex.pos=+61.18 wrist_roll.pos=-6.56 gripper.pos=+23.82
DEBUG 2026-08-20 07:30:05 [action #785] t=27.37s step=784 queue=23 dmax=1.219 | shoulder_pan.pos=-10.71 shoulder_lift.pos=-9.36 elbow_flex.pos=+20.14 wrist_flex.pos=+61.09 wrist_roll.pos=-6.58 gripper.pos=+23.96
DEBUG 2026-08-20 07:30:05 [action #786] t=27.40s step=785 queue=22 dmax=0.555 | shoulder_pan.pos=-10.47 shoulder_lift.pos=-8.85 elbow_flex.pos=+19.59 wrist_flex.pos=+60.92 wrist_roll.pos=-6.57 gripper.pos=+24.01
DEBUG 2026-08-20 07:30:05 [action #787] t=27.43s step=786 queue=21 dmax=0.683 | shoulder_pan.pos=-10.55 shoulder_lift.pos=-8.17 elbow_flex.pos=+19.54 wrist_flex.pos=+60.91 wrist_roll.pos=-6.62 gripper.pos=+24.23
DEBUG 2026-08-20 07:30:05 [action #788] t=27.47s step=787 queue=20 dmax=0.688 | shoulder_pan.pos=-10.45 shoulder_lift.pos=-7.48 elbow_flex.pos=+19.11 wrist_flex.pos=+60.89 wrist_roll.pos=-6.56 gripper.pos=+24.89
DEBUG 2026-08-20 07:30:05 [action #789] t=27.50s step=788 queue=19 dmax=0.999 | shoulder_pan.pos=-10.37 shoulder_lift.pos=-6.76 elbow_flex.pos=+18.51 wrist_flex.pos=+60.80 wrist_roll.pos=-6.51 gripper.pos=+25.89
DEBUG 2026-08-20 07:30:05 [action #790] t=27.53s step=789 queue=18 dmax=1.344 | shoulder_pan.pos=-10.40 shoulder_lift.pos=-5.69 elbow_flex.pos=+17.62 wrist_flex.pos=+60.71 wrist_roll.pos=-6.38 gripper.pos=+27.23
DEBUG 2026-08-20 07:30:05 [action #791] t=27.57s step=790 queue=17 dmax=1.388 | shoulder_pan.pos=-10.37 shoulder_lift.pos=-4.98 elbow_flex.pos=+17.52 wrist_flex.pos=+60.59 wrist_roll.pos=-6.40 gripper.pos=+28.62
DEBUG 2026-08-20 07:30:05 [action #792] t=27.60s step=791 queue=16 dmax=1.195 | shoulder_pan.pos=-10.48 shoulder_lift.pos=-4.25 elbow_flex.pos=+17.54 wrist_flex.pos=+60.58 wrist_roll.pos=-6.39 gripper.pos=+29.81
DEBUG 2026-08-20 07:30:05 [action #793] t=27.63s step=792 queue=15 dmax=1.054 | shoulder_pan.pos=-10.36 shoulder_lift.pos=-3.40 elbow_flex.pos=+16.75 wrist_flex.pos=+60.85 wrist_roll.pos=-6.24 gripper.pos=+30.87
DEBUG 2026-08-20 07:30:05 [action #794] t=27.67s step=793 queue=14 dmax=1.144 | shoulder_pan.pos=-10.39 shoulder_lift.pos=-2.27 elbow_flex.pos=+16.04 wrist_flex.pos=+60.88 wrist_roll.pos=-6.09 gripper.pos=+32.01
DEBUG 2026-08-20 07:30:05 [action #795] t=27.70s step=794 queue=13 dmax=0.919 | shoulder_pan.pos=-10.46 shoulder_lift.pos=-1.74 elbow_flex.pos=+15.42 wrist_flex.pos=+61.04 wrist_roll.pos=-6.02 gripper.pos=+32.93
DEBUG 2026-08-20 07:30:05 [action #796] t=27.73s step=795 queue=12 dmax=1.137 | shoulder_pan.pos=-10.61 shoulder_lift.pos=-0.61 elbow_flex.pos=+14.47 wrist_flex.pos=+61.23 wrist_roll.pos=-5.94 gripper.pos=+33.91
DEBUG 2026-08-20 07:30:05 [action #797] t=27.77s step=796 queue=11 dmax=1.314 | shoulder_pan.pos=-10.50 shoulder_lift.pos=+0.71 elbow_flex.pos=+14.27 wrist_flex.pos=+61.52 wrist_roll.pos=-5.89 gripper.pos=+34.43
DEBUG 2026-08-20 07:30:05 [action #798] t=27.80s step=797 queue=10 dmax=0.908 | shoulder_pan.pos=-10.55 shoulder_lift.pos=+1.43 elbow_flex.pos=+13.36 wrist_flex.pos=+61.71 wrist_roll.pos=-5.78 gripper.pos=+34.88
DEBUG 2026-08-20 07:30:05 [action #799] t=27.83s step=798 queue=9 dmax=1.530 | shoulder_pan.pos=-10.60 shoulder_lift.pos=+2.96 elbow_flex.pos=+12.34 wrist_flex.pos=+62.17 wrist_roll.pos=-5.75 gripper.pos=+35.48
DEBUG 2026-08-20 07:30:05 [action #800] t=27.87s step=799 queue=8 dmax=0.755 | shoulder_pan.pos=-10.48 shoulder_lift.pos=+3.72 elbow_flex.pos=+11.62 wrist_flex.pos=+62.55 wrist_roll.pos=-5.64 gripper.pos=+35.83
DEBUG 2026-08-20 07:30:05 [action #801] t=27.90s step=800 queue=7 dmax=1.512 | shoulder_pan.pos=-10.55 shoulder_lift.pos=+5.23 elbow_flex.pos=+10.80 wrist_flex.pos=+62.90 wrist_roll.pos=-5.50 gripper.pos=+36.02
DEBUG 2026-08-20 07:30:05 [action #802] t=27.93s step=801 queue=6 dmax=1.180 | shoulder_pan.pos=-10.68 shoulder_lift.pos=+6.41 elbow_flex.pos=+10.10 wrist_flex.pos=+63.16 wrist_roll.pos=-5.46 gripper.pos=+35.85
DEBUG 2026-08-20 07:30:05 [action #803] t=27.97s step=802 queue=5 dmax=1.092 | shoulder_pan.pos=-10.75 shoulder_lift.pos=+7.50 elbow_flex.pos=+9.45 wrist_flex.pos=+63.30 wrist_roll.pos=-5.39 gripper.pos=+35.82
DEBUG 2026-08-20 07:30:05 [action #804] t=28.00s step=803 queue=4 dmax=1.214 | shoulder_pan.pos=-10.69 shoulder_lift.pos=+8.71 elbow_flex.pos=+9.12 wrist_flex.pos=+63.50 wrist_roll.pos=-5.40 gripper.pos=+35.81
DEBUG 2026-08-20 07:30:05 [action #805] t=28.03s step=804 queue=3 dmax=1.272 | shoulder_pan.pos=-10.68 shoulder_lift.pos=+9.99 elbow_flex.pos=+8.08 wrist_flex.pos=+63.65 wrist_roll.pos=-5.27 gripper.pos=+35.87
DEBUG 2026-08-20 07:30:05 [action #806] t=28.07s step=805 queue=2 dmax=1.366 | shoulder_pan.pos=-10.66 shoulder_lift.pos=+11.35 elbow_flex.pos=+7.82 wrist_flex.pos=+63.69 wrist_roll.pos=-5.23 gripper.pos=+35.85
DEBUG 2026-08-20 07:30:06 [action #807] t=28.10s step=806 queue=1 dmax=0.931 | shoulder_pan.pos=-10.70 shoulder_lift.pos=+12.28 elbow_flex.pos=+7.05 wrist_flex.pos=+63.73 wrist_roll.pos=-5.20 gripper.pos=+35.75
DEBUG 2026-08-20 07:30:06 [chunk] received 50 actions, timesteps 782..831 | first: shoulder_pan.pos=-12.70 shoulder_lift.pos=-1.48 elbow_flex.pos=+17.45 wrist_flex.pos=+60.47 wrist_roll.pos=-5.05 gripper.pos=+37.00 | last: shoulder_pan.pos=-11.41 shoulder_lift.pos=+34.46 elbow_flex.pos=-23.64 wrist_flex.pos=+78.99 wrist_roll.pos=-5.54 gripper.pos=+7.34
DEBUG 2026-08-20 07:30:06 [action #808] t=28.23s step=807 queue=25 dmax=15.911 | shoulder_pan.pos=-12.01 shoulder_lift.pos=+26.97 elbow_flex.pos=-8.86 wrist_flex.pos=+67.17 wrist_roll.pos=-4.97 gripper.pos=+37.15
DEBUG 2026-08-20 07:30:06 [action #809] t=28.27s step=808 queue=24 dmax=2.076 | shoulder_pan.pos=-11.71 shoulder_lift.pos=+27.06 elbow_flex.pos=-10.94 wrist_flex.pos=+67.99 wrist_roll.pos=-5.04 gripper.pos=+37.28
DEBUG 2026-08-20 07:30:06 [action #810] t=28.30s step=809 queue=23 dmax=1.527 | shoulder_pan.pos=-12.09 shoulder_lift.pos=+28.15 elbow_flex.pos=-12.47 wrist_flex.pos=+69.05 wrist_roll.pos=-5.09 gripper.pos=+37.06
DEBUG 2026-08-20 07:30:06 [action #811] t=28.34s step=810 queue=22 dmax=1.617 | shoulder_pan.pos=-11.73 shoulder_lift.pos=+29.77 elbow_flex.pos=-12.84 wrist_flex.pos=+69.96 wrist_roll.pos=-5.12 gripper.pos=+36.97
DEBUG 2026-08-20 07:30:06 [action #812] t=28.37s step=811 queue=21 dmax=1.628 | shoulder_pan.pos=-11.89 shoulder_lift.pos=+30.79 elbow_flex.pos=-14.47 wrist_flex.pos=+71.03 wrist_roll.pos=-5.12 gripper.pos=+36.37
DEBUG 2026-08-20 07:30:06 [action #813] t=28.40s step=812 queue=20 dmax=1.875 | shoulder_pan.pos=-12.25 shoulder_lift.pos=+31.67 elbow_flex.pos=-15.76 wrist_flex.pos=+72.22 wrist_roll.pos=-4.97 gripper.pos=+34.49
DEBUG 2026-08-20 07:30:06 [action #814] t=28.44s step=813 queue=19 dmax=1.759 | shoulder_pan.pos=-11.85 shoulder_lift.pos=+33.13 elbow_flex.pos=-15.91 wrist_flex.pos=+72.93 wrist_roll.pos=-5.01 gripper.pos=+32.73
DEBUG 2026-08-20 07:30:06 [action #815] t=28.47s step=814 queue=18 dmax=2.301 | shoulder_pan.pos=-11.93 shoulder_lift.pos=+33.27 elbow_flex.pos=-16.69 wrist_flex.pos=+73.28 wrist_roll.pos=-4.96 gripper.pos=+30.43
DEBUG 2026-08-20 07:30:06 [action #816] t=28.50s step=815 queue=17 dmax=2.092 | shoulder_pan.pos=-11.68 shoulder_lift.pos=+33.33 elbow_flex.pos=-17.39 wrist_flex.pos=+73.72 wrist_roll.pos=-4.82 gripper.pos=+28.34
DEBUG 2026-08-20 07:30:06 [action #817] t=28.54s step=816 queue=16 dmax=1.987 | shoulder_pan.pos=-11.67 shoulder_lift.pos=+33.16 elbow_flex.pos=-17.59 wrist_flex.pos=+73.78 wrist_roll.pos=-4.95 gripper.pos=+26.35
DEBUG 2026-08-20 07:30:06 [action #818] t=28.57s step=817 queue=15 dmax=1.934 | shoulder_pan.pos=-11.74 shoulder_lift.pos=+33.47 elbow_flex.pos=-17.85 wrist_flex.pos=+73.89 wrist_roll.pos=-4.86 gripper.pos=+24.42
DEBUG 2026-08-20 07:30:06 [action #819] t=28.60s step=818 queue=14 dmax=1.911 | shoulder_pan.pos=-11.91 shoulder_lift.pos=+33.48 elbow_flex.pos=-17.82 wrist_flex.pos=+74.20 wrist_roll.pos=-4.85 gripper.pos=+22.51
DEBUG 2026-08-20 07:30:06 [action #820] t=28.64s step=819 queue=13 dmax=1.993 | shoulder_pan.pos=-11.78 shoulder_lift.pos=+32.93 elbow_flex.pos=-18.56 wrist_flex.pos=+74.02 wrist_roll.pos=-4.87 gripper.pos=+20.51
DEBUG 2026-08-20 07:30:06 [action #821] t=28.67s step=820 queue=12 dmax=1.837 | shoulder_pan.pos=-11.53 shoulder_lift.pos=+33.29 elbow_flex.pos=-18.50 wrist_flex.pos=+74.08 wrist_roll.pos=-4.89 gripper.pos=+18.68
DEBUG 2026-08-20 07:30:06 [action #822] t=28.70s step=821 queue=11 dmax=1.794 | shoulder_pan.pos=-11.67 shoulder_lift.pos=+33.61 elbow_flex.pos=-18.69 wrist_flex.pos=+74.15 wrist_roll.pos=-4.90 gripper.pos=+16.88
DEBUG 2026-08-20 07:30:06 [action #823] t=28.74s step=822 queue=10 dmax=1.853 | shoulder_pan.pos=-11.51 shoulder_lift.pos=+33.64 elbow_flex.pos=-18.31 wrist_flex.pos=+74.19 wrist_roll.pos=-4.87 gripper.pos=+15.03
DEBUG 2026-08-20 07:30:06 [action #824] t=28.77s step=823 queue=9 dmax=1.731 | shoulder_pan.pos=-11.67 shoulder_lift.pos=+33.88 elbow_flex.pos=-19.15 wrist_flex.pos=+74.20 wrist_roll.pos=-4.94 gripper.pos=+13.30
DEBUG 2026-08-20 07:30:06 [action #825] t=28.80s step=824 queue=8 dmax=1.830 | shoulder_pan.pos=-11.61 shoulder_lift.pos=+34.25 elbow_flex.pos=-19.13 wrist_flex.pos=+74.45 wrist_roll.pos=-4.91 gripper.pos=+11.47
DEBUG 2026-08-20 07:30:06 [action #826] t=28.84s step=825 queue=7 dmax=1.690 | shoulder_pan.pos=-11.44 shoulder_lift.pos=+34.23 elbow_flex.pos=-19.60 wrist_flex.pos=+74.95 wrist_roll.pos=-4.91 gripper.pos=+9.78
DEBUG 2026-08-20 07:30:06 [action #827] t=28.87s step=826 queue=6 dmax=1.426 | shoulder_pan.pos=-11.49 shoulder_lift.pos=+34.07 elbow_flex.pos=-20.15 wrist_flex.pos=+75.16 wrist_roll.pos=-4.99 gripper.pos=+8.35
DEBUG 2026-08-20 07:30:06 [action #828] t=28.90s step=827 queue=5 dmax=0.649 | shoulder_pan.pos=-11.66 shoulder_lift.pos=+34.37 elbow_flex.pos=-20.46 wrist_flex.pos=+75.81 wrist_roll.pos=-5.08 gripper.pos=+7.79
DEBUG 2026-08-20 07:30:06 [action #829] t=28.94s step=828 queue=4 dmax=0.620 | shoulder_pan.pos=-11.24 shoulder_lift.pos=+34.16 elbow_flex.pos=-21.08 wrist_flex.pos=+76.40 wrist_roll.pos=-5.26 gripper.pos=+7.28
DEBUG 2026-08-20 07:30:06 [action #830] t=28.97s step=829 queue=3 dmax=0.856 | shoulder_pan.pos=-11.45 shoulder_lift.pos=+34.43 elbow_flex.pos=-21.82 wrist_flex.pos=+77.26 wrist_roll.pos=-5.23 gripper.pos=+7.37
DEBUG 2026-08-20 07:30:06 [action #831] t=29.00s step=830 queue=2 dmax=0.876 | shoulder_pan.pos=-11.43 shoulder_lift.pos=+34.35 elbow_flex.pos=-22.33 wrist_flex.pos=+78.13 wrist_roll.pos=-5.39 gripper.pos=+7.43
DEBUG 2026-08-20 07:30:06 [action #832] t=29.04s step=831 queue=1 dmax=1.307 | shoulder_pan.pos=-11.41 shoulder_lift.pos=+34.46 elbow_flex.pos=-23.64 wrist_flex.pos=+78.99 wrist_roll.pos=-5.54 gripper.pos=+7.34
DEBUG 2026-08-20 07:30:07 [chunk] received 50 actions, timesteps 806..855 | first: shoulder_pan.pos=-9.93 shoulder_lift.pos=+14.18 elbow_flex.pos=+4.29 wrist_flex.pos=+63.81 wrist_roll.pos=-5.81 gripper.pos=+37.15 | last: shoulder_pan.pos=-7.92 shoulder_lift.pos=+32.22 elbow_flex.pos=-35.78 wrist_flex.pos=+86.39 wrist_roll.pos=-6.28 gripper.pos=+9.59
DEBUG 2026-08-20 07:30:07 [action #833] t=29.10s step=832 queue=24 dmax=17.474 | shoulder_pan.pos=-8.46 shoulder_lift.pos=+37.97 elbow_flex.pos=-27.36 wrist_flex.pos=+76.84 wrist_roll.pos=-6.39 gripper.pos=+24.82
DEBUG 2026-08-20 07:30:07 [action #834] t=29.14s step=833 queue=23 dmax=3.347 | shoulder_pan.pos=-8.63 shoulder_lift.pos=+38.27 elbow_flex.pos=-27.60 wrist_flex.pos=+77.16 wrist_roll.pos=-6.19 gripper.pos=+21.47
DEBUG 2026-08-20 07:30:07 [action #835] t=29.17s step=834 queue=22 dmax=2.927 | shoulder_pan.pos=-8.77 shoulder_lift.pos=+38.41 elbow_flex.pos=-28.03 wrist_flex.pos=+77.54 wrist_roll.pos=-6.12 gripper.pos=+18.54
DEBUG 2026-08-20 07:30:07 [action #836] t=29.20s step=835 queue=21 dmax=2.645 | shoulder_pan.pos=-8.72 shoulder_lift.pos=+39.14 elbow_flex.pos=-27.94 wrist_flex.pos=+77.27 wrist_roll.pos=-6.04 gripper.pos=+15.90
DEBUG 2026-08-20 07:30:07 [action #837] t=29.24s step=836 queue=20 dmax=2.051 | shoulder_pan.pos=-8.96 shoulder_lift.pos=+38.79 elbow_flex.pos=-28.23 wrist_flex.pos=+77.24 wrist_roll.pos=-6.00 gripper.pos=+13.85
DEBUG 2026-08-20 07:30:07 [action #838] t=29.27s step=837 queue=19 dmax=1.433 | shoulder_pan.pos=-9.14 shoulder_lift.pos=+38.73 elbow_flex.pos=-28.13 wrist_flex.pos=+77.40 wrist_roll.pos=-6.02 gripper.pos=+12.41
DEBUG 2026-08-20 07:30:07 [action #839] t=29.30s step=838 queue=18 dmax=1.061 | shoulder_pan.pos=-9.31 shoulder_lift.pos=+38.78 elbow_flex.pos=-28.93 wrist_flex.pos=+77.46 wrist_roll.pos=-6.06 gripper.pos=+11.35
DEBUG 2026-08-20 07:30:07 [action #840] t=29.34s step=839 queue=17 dmax=0.711 | shoulder_pan.pos=-9.44 shoulder_lift.pos=+39.50 elbow_flex.pos=-29.17 wrist_flex.pos=+77.77 wrist_roll.pos=-6.14 gripper.pos=+10.98
DEBUG 2026-08-20 07:30:07 [action #841] t=29.37s step=840 queue=16 dmax=0.311 | shoulder_pan.pos=-9.27 shoulder_lift.pos=+39.40 elbow_flex.pos=-29.49 wrist_flex.pos=+77.99 wrist_roll.pos=-6.33 gripper.pos=+10.81
DEBUG 2026-08-20 07:30:07 [action #842] t=29.40s step=841 queue=15 dmax=0.695 | shoulder_pan.pos=-9.48 shoulder_lift.pos=+38.70 elbow_flex.pos=-29.52 wrist_flex.pos=+78.47 wrist_roll.pos=-6.40 gripper.pos=+10.98
DEBUG 2026-08-20 07:30:07 [action #843] t=29.44s step=842 queue=14 dmax=1.132 | shoulder_pan.pos=-9.85 shoulder_lift.pos=+38.54 elbow_flex.pos=-30.65 wrist_flex.pos=+78.66 wrist_roll.pos=-6.35 gripper.pos=+10.93
DEBUG 2026-08-20 07:30:07 [action #844] t=29.47s step=843 queue=13 dmax=0.445 | shoulder_pan.pos=-10.06 shoulder_lift.pos=+38.15 elbow_flex.pos=-30.98 wrist_flex.pos=+79.10 wrist_roll.pos=-6.37 gripper.pos=+10.65
DEBUG 2026-08-20 07:30:07 [action #845] t=29.51s step=844 queue=12 dmax=0.670 | shoulder_pan.pos=-9.91 shoulder_lift.pos=+38.41 elbow_flex.pos=-31.65 wrist_flex.pos=+79.40 wrist_roll.pos=-6.39 gripper.pos=+10.23
DEBUG 2026-08-20 07:30:07 [action #846] t=29.54s step=845 queue=11 dmax=0.731 | shoulder_pan.pos=-9.95 shoulder_lift.pos=+37.68 elbow_flex.pos=-31.40 wrist_flex.pos=+79.50 wrist_roll.pos=-6.40 gripper.pos=+10.24
DEBUG 2026-08-20 07:30:07 [action #847] t=29.57s step=846 queue=10 dmax=0.831 | shoulder_pan.pos=-9.37 shoulder_lift.pos=+36.97 elbow_flex.pos=-30.56 wrist_flex.pos=+79.82 wrist_roll.pos=-6.40 gripper.pos=+10.12
DEBUG 2026-08-20 07:30:07 [action #848] t=29.61s step=847 queue=9 dmax=0.708 | shoulder_pan.pos=-9.13 shoulder_lift.pos=+36.59 elbow_flex.pos=-31.27 wrist_flex.pos=+80.37 wrist_roll.pos=-6.36 gripper.pos=+10.01
DEBUG 2026-08-20 07:30:07 [action #849] t=29.64s step=848 queue=8 dmax=1.461 | shoulder_pan.pos=-9.06 shoulder_lift.pos=+36.31 elbow_flex.pos=-32.73 wrist_flex.pos=+81.03 wrist_roll.pos=-6.33 gripper.pos=+10.01
DEBUG 2026-08-20 07:30:07 [action #850] t=29.67s step=849 queue=7 dmax=0.758 | shoulder_pan.pos=-8.91 shoulder_lift.pos=+36.16 elbow_flex.pos=-32.32 wrist_flex.pos=+81.78 wrist_roll.pos=-6.44 gripper.pos=+10.07
DEBUG 2026-08-20 07:30:07 [action #851] t=29.71s step=850 queue=6 dmax=0.771 | shoulder_pan.pos=-8.71 shoulder_lift.pos=+35.41 elbow_flex.pos=-32.51 wrist_flex.pos=+82.56 wrist_roll.pos=-6.36 gripper.pos=+9.96
DEBUG 2026-08-20 07:30:07 [action #852] t=29.74s step=851 queue=5 dmax=0.757 | shoulder_pan.pos=-8.90 shoulder_lift.pos=+34.71 elbow_flex.pos=-33.26 wrist_flex.pos=+83.22 wrist_roll.pos=-6.31 gripper.pos=+9.96
DEBUG 2026-08-20 07:30:07 [action #853] t=29.77s step=852 queue=4 dmax=0.646 | shoulder_pan.pos=-8.58 shoulder_lift.pos=+34.22 elbow_flex.pos=-33.78 wrist_flex.pos=+83.87 wrist_roll.pos=-6.25 gripper.pos=+9.85
DEBUG 2026-08-20 07:30:07 [action #854] t=29.81s step=853 queue=3 dmax=0.977 | shoulder_pan.pos=-8.26 shoulder_lift.pos=+33.56 elbow_flex.pos=-34.23 wrist_flex.pos=+84.85 wrist_roll.pos=-6.43 gripper.pos=+9.62
DEBUG 2026-08-20 07:30:07 [action #855] t=29.84s step=854 queue=2 dmax=1.266 | shoulder_pan.pos=-8.18 shoulder_lift.pos=+33.21 elbow_flex.pos=-35.50 wrist_flex.pos=+85.71 wrist_roll.pos=-6.19 gripper.pos=+9.46
DEBUG 2026-08-20 07:30:07 [chunk] received 50 actions, timesteps 831..880 | first: shoulder_pan.pos=-10.47 shoulder_lift.pos=+36.31 elbow_flex.pos=-22.34 wrist_flex.pos=+78.78 wrist_roll.pos=-5.77 gripper.pos=+7.93 | last: shoulder_pan.pos=+18.23 shoulder_lift.pos=+13.98 elbow_flex.pos=-31.89 wrist_flex.pos=+95.77 wrist_roll.pos=-3.59 gripper.pos=+6.82
DEBUG 2026-08-20 07:30:07 [action #856] t=29.87s step=855 queue=26 dmax=11.177 | shoulder_pan.pos=-7.43 shoulder_lift.pos=+30.92 elbow_flex.pos=-43.72 wrist_flex.pos=+96.88 wrist_roll.pos=-7.83 gripper.pos=+6.97
DEBUG 2026-08-20 07:30:07 [action #857] t=29.91s step=856 queue=25 dmax=4.747 | shoulder_pan.pos=-6.41 shoulder_lift.pos=+28.81 elbow_flex.pos=-46.64 wrist_flex.pos=+101.63 wrist_roll.pos=-8.61 gripper.pos=+5.90
DEBUG 2026-08-20 07:30:07 [action #858] t=29.94s step=857 queue=24 dmax=1.008 | shoulder_pan.pos=-5.82 shoulder_lift.pos=+28.35 elbow_flex.pos=-45.63 wrist_flex.pos=+101.90 wrist_roll.pos=-8.37 gripper.pos=+5.97
DEBUG 2026-08-20 07:30:07 [action #859] t=29.97s step=858 queue=23 dmax=1.333 | shoulder_pan.pos=-4.74 shoulder_lift.pos=+27.15 elbow_flex.pos=-44.30 wrist_flex.pos=+101.84 wrist_roll.pos=-8.24 gripper.pos=+6.02
DEBUG 2026-08-20 07:30:08 [chunk] received 50 actions, timesteps 853..902 | first: shoulder_pan.pos=-9.01 shoulder_lift.pos=+39.09 elbow_flex.pos=-31.96 wrist_flex.pos=+84.69 wrist_roll.pos=-6.11 gripper.pos=+7.96 | last: shoulder_pan.pos=+24.99 shoulder_lift.pos=+9.44 elbow_flex.pos=-28.88 wrist_flex.pos=+94.04 wrist_roll.pos=-3.37 gripper.pos=+7.36
INFO 2026-08-20 07:30:08 Final action sent: shoulder_pan.pos=-4.74 shoulder_lift.pos=+27.15 elbow_flex.pos=-44.30 wrist_flex.pos=+101.84 wrist_roll.pos=-8.24 gripper.pos=+6.02
DEBUG 2026-08-20 07:30:08 === episode end | 30.6s | converged=False | actions=859 ===
DEBUG 2026-08-20 07:30:17 === episode start | task: 'put the bag on the tray' | duration: 30.0s ===
DEBUG 2026-08-20 07:30:18 [chunk] received 50 actions, timesteps 858..907 | first: shoulder_pan.pos=-7.44 shoulder_lift.pos=+38.11 elbow_flex.pos=-45.64 wrist_flex.pos=+98.31 wrist_roll.pos=-8.01 gripper.pos=+8.46 | last: shoulder_pan.pos=+26.24 shoulder_lift.pos=+12.29 elbow_flex.pos=-24.18 wrist_flex.pos=+91.11 wrist_roll.pos=-3.20 gripper.pos=+7.34
DEBUG 2026-08-20 07:30:18 [action #1] t=0.87s step=858 queue=50 dmax=n/a | shoulder_pan.pos=-7.44 shoulder_lift.pos=+38.11 elbow_flex.pos=-45.64 wrist_flex.pos=+98.31 wrist_roll.pos=-8.01 gripper.pos=+8.46
DEBUG 2026-08-20 07:30:18 [action #2] t=0.90s step=859 queue=49 dmax=1.050 | shoulder_pan.pos=-7.23 shoulder_lift.pos=+37.68 elbow_flex.pos=-46.69 wrist_flex.pos=+99.08 wrist_roll.pos=-8.07 gripper.pos=+7.66
DEBUG 2026-08-20 07:30:18 [action #3] t=0.94s step=860 queue=48 dmax=1.065 | shoulder_pan.pos=-7.33 shoulder_lift.pos=+37.28 elbow_flex.pos=-47.75 wrist_flex.pos=+99.76 wrist_roll.pos=-8.12 gripper.pos=+7.32
DEBUG 2026-08-20 07:30:18 [action #4] t=0.97s step=861 queue=47 dmax=0.917 | shoulder_pan.pos=-7.15 shoulder_lift.pos=+36.37 elbow_flex.pos=-48.09 wrist_flex.pos=+100.48 wrist_roll.pos=-8.00 gripper.pos=+7.19
DEBUG 2026-08-20 07:30:18 [action #5] t=1.00s step=862 queue=46 dmax=0.582 | shoulder_pan.pos=-6.80 shoulder_lift.pos=+35.78 elbow_flex.pos=-48.00 wrist_flex.pos=+100.90 wrist_roll.pos=-8.09 gripper.pos=+7.08
DEBUG 2026-08-20 07:30:18 [action #6] t=1.04s step=863 queue=45 dmax=1.315 | shoulder_pan.pos=-6.71 shoulder_lift.pos=+34.47 elbow_flex.pos=-47.22 wrist_flex.pos=+101.17 wrist_roll.pos=-7.84 gripper.pos=+6.82
DEBUG 2026-08-20 07:30:18 [action #7] t=1.07s step=864 queue=44 dmax=0.859 | shoulder_pan.pos=-6.70 shoulder_lift.pos=+33.61 elbow_flex.pos=-47.85 wrist_flex.pos=+101.28 wrist_roll.pos=-7.81 gripper.pos=+7.10
DEBUG 2026-08-20 07:30:18 [action #8] t=1.10s step=865 queue=43 dmax=1.765 | shoulder_pan.pos=-6.25 shoulder_lift.pos=+33.22 elbow_flex.pos=-46.08 wrist_flex.pos=+101.50 wrist_roll.pos=-7.91 gripper.pos=+7.06
DEBUG 2026-08-20 07:30:18 [action #9] t=1.14s step=866 queue=42 dmax=1.767 | shoulder_pan.pos=-6.31 shoulder_lift.pos=+31.46 elbow_flex.pos=-45.97 wrist_flex.pos=+101.58 wrist_roll.pos=-7.96 gripper.pos=+7.09
DEBUG 2026-08-20 07:30:18 [action #10] t=1.17s step=867 queue=41 dmax=1.166 | shoulder_pan.pos=-6.24 shoulder_lift.pos=+30.69 elbow_flex.pos=-44.80 wrist_flex.pos=+101.48 wrist_roll.pos=-7.92 gripper.pos=+6.98
DEBUG 2026-08-20 07:30:18 [action #11] t=1.20s step=868 queue=40 dmax=1.762 | shoulder_pan.pos=-5.45 shoulder_lift.pos=+28.93 elbow_flex.pos=-44.99 wrist_flex.pos=+101.90 wrist_roll.pos=-8.04 gripper.pos=+7.14
DEBUG 2026-08-20 07:30:18 [action #12] t=1.24s step=869 queue=39 dmax=1.818 | shoulder_pan.pos=-5.55 shoulder_lift.pos=+27.11 elbow_flex.pos=-43.45 wrist_flex.pos=+102.03 wrist_roll.pos=-7.97 gripper.pos=+7.21
DEBUG 2026-08-20 07:30:18 [action #13] t=1.27s step=870 queue=38 dmax=1.335 | shoulder_pan.pos=-5.29 shoulder_lift.pos=+25.78 elbow_flex.pos=-43.09 wrist_flex.pos=+101.89 wrist_roll.pos=-7.97 gripper.pos=+6.95
DEBUG 2026-08-20 07:30:19 [action #14] t=1.30s step=871 queue=37 dmax=0.932 | shoulder_pan.pos=-4.54 shoulder_lift.pos=+25.37 elbow_flex.pos=-42.16 wrist_flex.pos=+102.17 wrist_roll.pos=-8.23 gripper.pos=+7.20
DEBUG 2026-08-20 07:30:19 [action #15] t=1.34s step=872 queue=36 dmax=1.885 | shoulder_pan.pos=-4.18 shoulder_lift.pos=+23.49 elbow_flex.pos=-41.58 wrist_flex.pos=+102.53 wrist_roll.pos=-8.16 gripper.pos=+7.03
DEBUG 2026-08-20 07:30:19 [action #16] t=1.37s step=873 queue=35 dmax=1.504 | shoulder_pan.pos=-3.65 shoulder_lift.pos=+21.99 elbow_flex.pos=-40.65 wrist_flex.pos=+102.51 wrist_roll.pos=-8.06 gripper.pos=+7.16
DEBUG 2026-08-20 07:30:19 [chunk] received 50 actions, timesteps 0..49 | first: shoulder_pan.pos=-6.82 shoulder_lift.pos=-99.55 elbow_flex.pos=+85.24 wrist_flex.pos=+75.45 wrist_roll.pos=-1.19 gripper.pos=+6.41 | last: shoulder_pan.pos=+22.79 shoulder_lift.pos=-48.88 elbow_flex.pos=+43.60 wrist_flex.pos=+66.61 wrist_roll.pos=-1.36 gripper.pos=+7.25
DEBUG 2026-08-20 07:30:19 [chunk] received 50 actions, timesteps 873..922 | first: shoulder_pan.pos=-3.19 shoulder_lift.pos=-3.40 elbow_flex.pos=-11.68 wrist_flex.pos=+93.40 wrist_roll.pos=-6.18 gripper.pos=+10.60 | last: shoulder_pan.pos=+30.86 shoulder_lift.pos=+18.72 elbow_flex.pos=-23.28 wrist_flex.pos=+68.93 wrist_roll.pos=-7.57 gripper.pos=+9.94
DEBUG 2026-08-20 07:30:19 [action #17] t=2.07s step=874 queue=49 dmax=28.407 | shoulder_pan.pos=-2.16 shoulder_lift.pos=-3.39 elbow_flex.pos=-12.24 wrist_flex.pos=+92.93 wrist_roll.pos=-5.91 gripper.pos=+10.60
DEBUG 2026-08-20 07:30:19 [action #18] t=2.11s step=875 queue=48 dmax=0.756 | shoulder_pan.pos=-1.64 shoulder_lift.pos=-3.36 elbow_flex.pos=-13.00 wrist_flex.pos=+93.05 wrist_roll.pos=-5.85 gripper.pos=+10.56
DEBUG 2026-08-20 07:30:19 [action #19] t=2.14s step=876 queue=47 dmax=0.918 | shoulder_pan.pos=-0.72 shoulder_lift.pos=-2.50 elbow_flex.pos=-13.49 wrist_flex.pos=+92.87 wrist_roll.pos=-5.80 gripper.pos=+10.45
DEBUG 2026-08-20 07:30:19 [action #20] t=2.17s step=877 queue=46 dmax=0.913 | shoulder_pan.pos=-0.26 shoulder_lift.pos=-3.41 elbow_flex.pos=-14.38 wrist_flex.pos=+92.65 wrist_roll.pos=-5.73 gripper.pos=+10.44
DEBUG 2026-08-20 07:30:19 [action #21] t=2.21s step=878 queue=45 dmax=1.309 | shoulder_pan.pos=+1.05 shoulder_lift.pos=-2.73 elbow_flex.pos=-14.53 wrist_flex.pos=+92.56 wrist_roll.pos=-5.50 gripper.pos=+10.49
DEBUG 2026-08-20 07:30:19 [action #22] t=2.24s step=879 queue=44 dmax=1.226 | shoulder_pan.pos=+2.28 shoulder_lift.pos=-2.77 elbow_flex.pos=-15.21 wrist_flex.pos=+92.06 wrist_roll.pos=-5.38 gripper.pos=+10.41
DEBUG 2026-08-20 07:30:19 [action #23] t=2.27s step=880 queue=43 dmax=0.659 | shoulder_pan.pos=+2.94 shoulder_lift.pos=-2.92 elbow_flex.pos=-15.39 wrist_flex.pos=+91.80 wrist_roll.pos=-5.52 gripper.pos=+10.23
DEBUG 2026-08-20 07:30:20 [action #24] t=2.31s step=881 queue=42 dmax=0.962 | shoulder_pan.pos=+3.90 shoulder_lift.pos=-2.80 elbow_flex.pos=-15.23 wrist_flex.pos=+91.46 wrist_roll.pos=-5.52 gripper.pos=+10.34
DEBUG 2026-08-20 07:30:20 [action #25] t=2.34s step=882 queue=41 dmax=0.998 | shoulder_pan.pos=+4.90 shoulder_lift.pos=-3.37 elbow_flex.pos=-15.66 wrist_flex.pos=+91.14 wrist_roll.pos=-5.27 gripper.pos=+10.45
DEBUG 2026-08-20 07:30:20 [action #26] t=2.37s step=883 queue=40 dmax=0.823 | shoulder_pan.pos=+5.72 shoulder_lift.pos=-3.22 elbow_flex.pos=-15.96 wrist_flex.pos=+90.78 wrist_roll.pos=-5.25 gripper.pos=+10.49
DEBUG 2026-08-20 07:30:20 [action #27] t=2.41s step=884 queue=39 dmax=0.592 | shoulder_pan.pos=+6.31 shoulder_lift.pos=-2.78 elbow_flex.pos=-16.34 wrist_flex.pos=+90.32 wrist_roll.pos=-5.23 gripper.pos=+10.35
DEBUG 2026-08-20 07:30:20 [action #28] t=2.44s step=885 queue=38 dmax=1.189 | shoulder_pan.pos=+7.50 shoulder_lift.pos=-2.87 elbow_flex.pos=-15.43 wrist_flex.pos=+89.80 wrist_roll.pos=-5.34 gripper.pos=+10.35
DEBUG 2026-08-20 07:30:20 [action #29] t=2.48s step=886 queue=37 dmax=1.157 | shoulder_pan.pos=+8.66 shoulder_lift.pos=-2.72 elbow_flex.pos=-15.58 wrist_flex.pos=+89.45 wrist_roll.pos=-5.23 gripper.pos=+10.25
DEBUG 2026-08-20 07:30:20 [action #30] t=2.51s step=887 queue=36 dmax=0.794 | shoulder_pan.pos=+9.45 shoulder_lift.pos=-2.98 elbow_flex.pos=-16.38 wrist_flex.pos=+88.91 wrist_roll.pos=-5.22 gripper.pos=+10.36
DEBUG 2026-08-20 07:30:20 [action #31] t=2.54s step=888 queue=35 dmax=1.059 | shoulder_pan.pos=+10.51 shoulder_lift.pos=-3.33 elbow_flex.pos=-16.65 wrist_flex.pos=+88.44 wrist_roll.pos=-5.20 gripper.pos=+10.34
DEBUG 2026-08-20 07:30:20 [action #32] t=2.58s step=889 queue=34 dmax=1.244 | shoulder_pan.pos=+11.75 shoulder_lift.pos=-2.67 elbow_flex.pos=-16.13 wrist_flex.pos=+87.88 wrist_roll.pos=-5.23 gripper.pos=+10.46
DEBUG 2026-08-20 07:30:20 [action #33] t=2.61s step=890 queue=33 dmax=0.730 | shoulder_pan.pos=+12.25 shoulder_lift.pos=-3.00 elbow_flex.pos=-15.40 wrist_flex.pos=+87.23 wrist_roll.pos=-5.25 gripper.pos=+10.44
DEBUG 2026-08-20 07:30:20 [action #34] t=2.64s step=891 queue=32 dmax=1.409 | shoulder_pan.pos=+13.66 shoulder_lift.pos=-2.72 elbow_flex.pos=-16.47 wrist_flex.pos=+86.83 wrist_roll.pos=-5.23 gripper.pos=+10.17
DEBUG 2026-08-20 07:30:20 [chunk] received 50 actions, timesteps 873..922 | first: shoulder_pan.pos=-2.23 shoulder_lift.pos=+4.79 elbow_flex.pos=-16.30 wrist_flex.pos=+92.58 wrist_roll.pos=-6.89 gripper.pos=+8.76 | last: shoulder_pan.pos=+33.37 shoulder_lift.pos=+12.20 elbow_flex.pos=-19.24 wrist_flex.pos=+65.67 wrist_roll.pos=-6.91 gripper.pos=+8.41
DEBUG 2026-08-20 07:30:20 [action #35] t=2.68s step=892 queue=31 dmax=3.977 | shoulder_pan.pos=+14.15 shoulder_lift.pos=-0.06 elbow_flex.pos=-20.45 wrist_flex.pos=+88.50 wrist_roll.pos=-4.83 gripper.pos=+9.40
DEBUG 2026-08-20 07:30:20 [action #36] t=2.71s step=893 queue=30 dmax=0.555 | shoulder_pan.pos=+14.71 shoulder_lift.pos=-0.30 elbow_flex.pos=-20.40 wrist_flex.pos=+88.09 wrist_roll.pos=-4.73 gripper.pos=+9.42
DEBUG 2026-08-20 07:30:20 [action #37] t=2.74s step=894 queue=29 dmax=0.998 | shoulder_pan.pos=+15.71 shoulder_lift.pos=+0.16 elbow_flex.pos=-19.76 wrist_flex.pos=+87.45 wrist_roll.pos=-4.80 gripper.pos=+9.41
DEBUG 2026-08-20 07:30:20 [action #38] t=2.78s step=895 queue=28 dmax=0.589 | shoulder_pan.pos=+16.30 shoulder_lift.pos=-0.07 elbow_flex.pos=-19.37 wrist_flex.pos=+86.98 wrist_roll.pos=-4.60 gripper.pos=+9.30
DEBUG 2026-08-20 07:30:20 [action #39] t=2.81s step=896 queue=27 dmax=1.034 | shoulder_pan.pos=+17.33 shoulder_lift.pos=+0.11 elbow_flex.pos=-19.24 wrist_flex.pos=+86.22 wrist_roll.pos=-4.65 gripper.pos=+9.31
DEBUG 2026-08-20 07:30:20 [action #40] t=2.84s step=897 queue=26 dmax=0.744 | shoulder_pan.pos=+18.07 shoulder_lift.pos=+0.49 elbow_flex.pos=-19.98 wrist_flex.pos=+85.66 wrist_roll.pos=-4.72 gripper.pos=+9.38
DEBUG 2026-08-20 07:30:20 [action #41] t=2.88s step=898 queue=25 dmax=0.659 | shoulder_pan.pos=+18.69 shoulder_lift.pos=+1.15 elbow_flex.pos=-19.60 wrist_flex.pos=+85.07 wrist_roll.pos=-4.65 gripper.pos=+9.27
DEBUG 2026-08-20 07:30:20 [action #42] t=2.91s step=899 queue=24 dmax=0.992 | shoulder_pan.pos=+19.68 shoulder_lift.pos=+0.62 elbow_flex.pos=-19.20 wrist_flex.pos=+84.22 wrist_roll.pos=-4.75 gripper.pos=+9.26
DEBUG 2026-08-20 07:30:20 [action #43] t=2.94s step=900 queue=23 dmax=0.815 | shoulder_pan.pos=+20.10 shoulder_lift.pos=+1.03 elbow_flex.pos=-19.24 wrist_flex.pos=+83.41 wrist_roll.pos=-4.60 gripper.pos=+9.36
DEBUG 2026-08-20 07:30:20 [action #44] t=2.98s step=901 queue=22 dmax=0.850 | shoulder_pan.pos=+20.89 shoulder_lift.pos=+0.97 elbow_flex.pos=-18.64 wrist_flex.pos=+82.56 wrist_roll.pos=-4.56 gripper.pos=+9.18
DEBUG 2026-08-20 07:30:20 [action #45] t=3.01s step=902 queue=21 dmax=0.945 | shoulder_pan.pos=+21.39 shoulder_lift.pos=+1.73 elbow_flex.pos=-18.37 wrist_flex.pos=+81.61 wrist_roll.pos=-4.48 gripper.pos=+9.23
DEBUG 2026-08-20 07:30:20 [action #46] t=3.04s step=903 queue=20 dmax=0.997 | shoulder_pan.pos=+22.09 shoulder_lift.pos=+1.81 elbow_flex.pos=-18.25 wrist_flex.pos=+80.62 wrist_roll.pos=-4.52 gripper.pos=+9.23
DEBUG 2026-08-20 07:30:20 [action #47] t=3.08s step=904 queue=19 dmax=0.810 | shoulder_pan.pos=+22.61 shoulder_lift.pos=+1.38 elbow_flex.pos=-18.14 wrist_flex.pos=+79.81 wrist_roll.pos=-4.47 gripper.pos=+9.15
DEBUG 2026-08-20 07:30:20 [action #48] t=3.11s step=905 queue=18 dmax=1.300 | shoulder_pan.pos=+23.52 shoulder_lift.pos=+2.68 elbow_flex.pos=-17.87 wrist_flex.pos=+78.81 wrist_roll.pos=-4.47 gripper.pos=+9.19
DEBUG 2026-08-20 07:30:20 [action #49] t=3.14s step=906 queue=17 dmax=0.792 | shoulder_pan.pos=+23.90 shoulder_lift.pos=+3.23 elbow_flex.pos=-18.27 wrist_flex.pos=+78.02 wrist_roll.pos=-4.68 gripper.pos=+9.23
DEBUG 2026-08-20 07:30:20 [action #50] t=3.18s step=907 queue=16 dmax=0.728 | shoulder_pan.pos=+24.43 shoulder_lift.pos=+3.16 elbow_flex.pos=-17.73 wrist_flex.pos=+77.29 wrist_roll.pos=-4.66 gripper.pos=+9.11
DEBUG 2026-08-20 07:30:20 [action #51] t=3.21s step=908 queue=15 dmax=0.869 | shoulder_pan.pos=+25.02 shoulder_lift.pos=+4.03 elbow_flex.pos=-17.94 wrist_flex.pos=+76.68 wrist_roll.pos=-4.73 gripper.pos=+9.03
DEBUG 2026-08-20 07:30:20 [action #52] t=3.24s step=909 queue=14 dmax=0.840 | shoulder_pan.pos=+25.57 shoulder_lift.pos=+4.85 elbow_flex.pos=-18.35 wrist_flex.pos=+75.84 wrist_roll.pos=-4.85 gripper.pos=+9.14
DEBUG 2026-08-20 07:30:20 [action #53] t=3.28s step=910 queue=13 dmax=0.841 | shoulder_pan.pos=+26.42 shoulder_lift.pos=+5.51 elbow_flex.pos=-18.93 wrist_flex.pos=+75.16 wrist_roll.pos=-4.91 gripper.pos=+9.12
DEBUG 2026-08-20 07:30:21 [action #54] t=3.31s step=911 queue=12 dmax=0.688 | shoulder_pan.pos=+26.99 shoulder_lift.pos=+6.19 elbow_flex.pos=-18.25 wrist_flex.pos=+74.53 wrist_roll.pos=-5.35 gripper.pos=+9.01
DEBUG 2026-08-20 07:30:21 [action #55] t=3.34s step=912 queue=11 dmax=0.827 | shoulder_pan.pos=+27.51 shoulder_lift.pos=+6.67 elbow_flex.pos=-18.32 wrist_flex.pos=+73.70 wrist_roll.pos=-5.60 gripper.pos=+9.01
DEBUG 2026-08-20 07:30:21 [chunk] received 50 actions, timesteps 891..940 | first: shoulder_pan.pos=+11.17 shoulder_lift.pos=-4.04 elbow_flex.pos=-16.74 wrist_flex.pos=+93.36 wrist_roll.pos=-5.11 gripper.pos=+12.02 | last: shoulder_pan.pos=+32.30 shoulder_lift.pos=+9.71 elbow_flex.pos=-0.52 wrist_flex.pos=+51.31 wrist_roll.pos=-6.43 gripper.pos=+12.43
DEBUG 2026-08-20 07:30:21 [action #56] t=3.38s step=913 queue=28 dmax=10.450 | shoulder_pan.pos=+28.92 shoulder_lift.pos=-2.91 elbow_flex.pos=-7.87 wrist_flex.pos=+71.13 wrist_roll.pos=-4.82 gripper.pos=+11.43
DEBUG 2026-08-20 07:30:21 [action #57] t=3.41s step=914 queue=27 dmax=0.939 | shoulder_pan.pos=+29.32 shoulder_lift.pos=-2.62 elbow_flex.pos=-7.43 wrist_flex.pos=+70.19 wrist_roll.pos=-4.93 gripper.pos=+11.35
DEBUG 2026-08-20 07:30:21 [action #58] t=3.45s step=915 queue=26 dmax=0.975 | shoulder_pan.pos=+29.66 shoulder_lift.pos=-2.36 elbow_flex.pos=-7.00 wrist_flex.pos=+69.22 wrist_roll.pos=-5.05 gripper.pos=+11.47
DEBUG 2026-08-20 07:30:21 [action #59] t=3.48s step=916 queue=25 dmax=0.967 | shoulder_pan.pos=+30.05 shoulder_lift.pos=-1.63 elbow_flex.pos=-6.42 wrist_flex.pos=+68.25 wrist_roll.pos=-5.19 gripper.pos=+11.46
DEBUG 2026-08-20 07:30:21 [action #60] t=3.51s step=917 queue=24 dmax=1.241 | shoulder_pan.pos=+30.37 shoulder_lift.pos=-1.25 elbow_flex.pos=-6.45 wrist_flex.pos=+67.01 wrist_roll.pos=-5.41 gripper.pos=+11.40
DEBUG 2026-08-20 07:30:21 [action #61] t=3.55s step=918 queue=23 dmax=1.089 | shoulder_pan.pos=+30.66 shoulder_lift.pos=-1.03 elbow_flex.pos=-6.75 wrist_flex.pos=+65.92 wrist_roll.pos=-5.61 gripper.pos=+11.42
DEBUG 2026-08-20 07:30:21 [action #62] t=3.58s step=919 queue=22 dmax=1.071 | shoulder_pan.pos=+31.11 shoulder_lift.pos=-0.16 elbow_flex.pos=-6.82 wrist_flex.pos=+64.85 wrist_roll.pos=-5.77 gripper.pos=+11.36
DEBUG 2026-08-20 07:30:21 [action #63] t=3.61s step=920 queue=21 dmax=0.798 | shoulder_pan.pos=+31.40 shoulder_lift.pos=+0.39 elbow_flex.pos=-6.15 wrist_flex.pos=+64.05 wrist_roll.pos=-5.91 gripper.pos=+11.46
DEBUG 2026-08-20 07:30:21 [action #64] t=3.65s step=921 queue=20 dmax=0.869 | shoulder_pan.pos=+31.30 shoulder_lift.pos=+1.01 elbow_flex.pos=-5.83 wrist_flex.pos=+63.18 wrist_roll.pos=-6.11 gripper.pos=+11.30
DEBUG 2026-08-20 07:30:21 [action #65] t=3.68s step=922 queue=19 dmax=1.204 | shoulder_pan.pos=+31.67 shoulder_lift.pos=+2.21 elbow_flex.pos=-6.96 wrist_flex.pos=+62.40 wrist_roll.pos=-6.13 gripper.pos=+11.19
DEBUG 2026-08-20 07:30:21 [action #66] t=3.71s step=923 queue=18 dmax=6.476 | shoulder_pan.pos=+31.33 shoulder_lift.pos=-1.96 elbow_flex.pos=-0.49 wrist_flex.pos=+59.49 wrist_roll.pos=-5.71 gripper.pos=+12.44
DEBUG 2026-08-20 07:30:21 [action #67] t=3.75s step=924 queue=17 dmax=1.082 | shoulder_pan.pos=+31.21 shoulder_lift.pos=-0.87 elbow_flex.pos=-0.88 wrist_flex.pos=+58.90 wrist_roll.pos=-5.68 gripper.pos=+12.41
DEBUG 2026-08-20 07:30:21 [action #68] t=3.78s step=925 queue=16 dmax=1.687 | shoulder_pan.pos=+31.36 shoulder_lift.pos=-0.94 elbow_flex.pos=+0.80 wrist_flex.pos=+57.85 wrist_roll.pos=-5.81 gripper.pos=+12.38
DEBUG 2026-08-20 07:30:21 [action #69] t=3.81s step=926 queue=15 dmax=0.960 | shoulder_pan.pos=+31.41 shoulder_lift.pos=+0.02 elbow_flex.pos=+1.21 wrist_flex.pos=+57.28 wrist_roll.pos=-5.91 gripper.pos=+12.40
DEBUG 2026-08-20 07:30:21 [action #70] t=3.85s step=927 queue=14 dmax=0.742 | shoulder_pan.pos=+31.50 shoulder_lift.pos=+0.56 elbow_flex.pos=+0.57 wrist_flex.pos=+56.54 wrist_roll.pos=-5.78 gripper.pos=+12.31
DEBUG 2026-08-20 07:30:21 [action #71] t=3.88s step=928 queue=13 dmax=1.011 | shoulder_pan.pos=+31.72 shoulder_lift.pos=+1.57 elbow_flex.pos=+0.24 wrist_flex.pos=+56.04 wrist_roll.pos=-5.82 gripper.pos=+12.42
DEBUG 2026-08-20 07:30:21 [action #72] t=3.91s step=929 queue=12 dmax=0.609 | shoulder_pan.pos=+31.56 shoulder_lift.pos=+1.25 elbow_flex.pos=+0.85 wrist_flex.pos=+55.50 wrist_roll.pos=-6.02 gripper.pos=+12.18
DEBUG 2026-08-20 07:30:21 [action #73] t=3.95s step=930 queue=11 dmax=0.997 | shoulder_pan.pos=+31.50 shoulder_lift.pos=+1.64 elbow_flex.pos=-0.15 wrist_flex.pos=+55.02 wrist_roll.pos=-5.97 gripper.pos=+12.30
DEBUG 2026-08-20 07:30:21 [action #74] t=3.98s step=931 queue=10 dmax=1.331 | shoulder_pan.pos=+31.73 shoulder_lift.pos=+2.97 elbow_flex.pos=+0.70 wrist_flex.pos=+54.50 wrist_roll.pos=-6.14 gripper.pos=+12.38
DEBUG 2026-08-20 07:30:21 [action #75] t=4.01s step=932 queue=9 dmax=0.673 | shoulder_pan.pos=+31.95 shoulder_lift.pos=+3.64 elbow_flex.pos=+0.88 wrist_flex.pos=+54.26 wrist_roll.pos=-6.26 gripper.pos=+12.14
DEBUG 2026-08-20 07:30:21 [action #76] t=4.05s step=933 queue=8 dmax=0.883 | shoulder_pan.pos=+31.86 shoulder_lift.pos=+4.52 elbow_flex.pos=+0.41 wrist_flex.pos=+53.96 wrist_roll.pos=-6.19 gripper.pos=+12.27
DEBUG 2026-08-20 07:30:21 [action #77] t=4.08s step=934 queue=7 dmax=1.064 | shoulder_pan.pos=+32.09 shoulder_lift.pos=+4.59 elbow_flex.pos=+0.22 wrist_flex.pos=+52.89 wrist_roll.pos=-6.24 gripper.pos=+12.33
DEBUG 2026-08-20 07:30:21 [chunk] received 50 actions, timesteps 912..961 | first: shoulder_pan.pos=+21.76 shoulder_lift.pos=+2.89 elbow_flex.pos=-18.97 wrist_flex.pos=+77.37 wrist_roll.pos=-5.68 gripper.pos=+12.85 | last: shoulder_pan.pos=+35.81 shoulder_lift.pos=+19.93 elbow_flex.pos=-4.00 wrist_flex.pos=+52.07 wrist_roll.pos=-7.20 gripper.pos=+14.56
DEBUG 2026-08-20 07:30:21 [action #78] t=4.11s step=935 queue=27 dmax=7.082 | shoulder_pan.pos=+33.83 shoulder_lift.pos=+7.35 elbow_flex.pos=-6.86 wrist_flex.pos=+59.76 wrist_roll.pos=-6.23 gripper.pos=+12.73
DEBUG 2026-08-20 07:30:21 [action #79] t=4.15s step=936 queue=26 dmax=0.875 | shoulder_pan.pos=+34.16 shoulder_lift.pos=+8.22 elbow_flex.pos=-6.53 wrist_flex.pos=+59.35 wrist_roll.pos=-6.32 gripper.pos=+12.70
DEBUG 2026-08-20 07:30:21 [action #80] t=4.18s step=937 queue=25 dmax=0.954 | shoulder_pan.pos=+34.46 shoulder_lift.pos=+9.18 elbow_flex.pos=-6.64 wrist_flex.pos=+59.01 wrist_roll.pos=-6.33 gripper.pos=+12.83
DEBUG 2026-08-20 07:30:21 [action #81] t=4.21s step=938 queue=24 dmax=0.561 | shoulder_pan.pos=+34.78 shoulder_lift.pos=+9.74 elbow_flex.pos=-6.68 wrist_flex.pos=+58.55 wrist_roll.pos=-6.21 gripper.pos=+12.85
DEBUG 2026-08-20 07:30:21 [action #82] t=4.25s step=939 queue=23 dmax=1.189 | shoulder_pan.pos=+34.85 shoulder_lift.pos=+10.93 elbow_flex.pos=-6.59 wrist_flex.pos=+58.14 wrist_roll.pos=-6.44 gripper.pos=+12.78
DEBUG 2026-08-20 07:30:21 [action #83] t=4.28s step=940 queue=22 dmax=0.605 | shoulder_pan.pos=+34.95 shoulder_lift.pos=+11.53 elbow_flex.pos=-6.80 wrist_flex.pos=+57.96 wrist_roll.pos=-6.47 gripper.pos=+12.85
DEBUG 2026-08-20 07:30:22 [action #84] t=4.31s step=941 queue=21 dmax=3.079 | shoulder_pan.pos=+36.49 shoulder_lift.pos=+13.42 elbow_flex.pos=-9.88 wrist_flex.pos=+60.22 wrist_roll.pos=-6.51 gripper.pos=+13.11
DEBUG 2026-08-20 07:30:22 [action #85] t=4.35s step=942 queue=20 dmax=0.697 | shoulder_pan.pos=+36.63 shoulder_lift.pos=+13.52 elbow_flex.pos=-9.18 wrist_flex.pos=+59.83 wrist_roll.pos=-6.69 gripper.pos=+12.99
DEBUG 2026-08-20 07:30:22 [action #86] t=4.38s step=943 queue=19 dmax=1.048 | shoulder_pan.pos=+36.83 shoulder_lift.pos=+13.92 elbow_flex.pos=-8.13 wrist_flex.pos=+59.31 wrist_roll.pos=-6.83 gripper.pos=+13.20
DEBUG 2026-08-20 07:30:22 [action #87] t=4.42s step=944 queue=18 dmax=0.470 | shoulder_pan.pos=+36.97 shoulder_lift.pos=+14.05 elbow_flex.pos=-8.52 wrist_flex.pos=+58.84 wrist_roll.pos=-6.79 gripper.pos=+13.13
DEBUG 2026-08-20 07:30:22 [action #88] t=4.45s step=945 queue=17 dmax=0.691 | shoulder_pan.pos=+36.98 shoulder_lift.pos=+14.74 elbow_flex.pos=-8.03 wrist_flex.pos=+58.18 wrist_roll.pos=-6.95 gripper.pos=+13.09
DEBUG 2026-08-20 07:30:22 [action #89] t=4.48s step=946 queue=16 dmax=0.438 | shoulder_pan.pos=+37.28 shoulder_lift.pos=+14.31 elbow_flex.pos=-8.16 wrist_flex.pos=+57.76 wrist_roll.pos=-6.92 gripper.pos=+13.06
DEBUG 2026-08-20 07:30:22 [action #90] t=4.52s step=947 queue=15 dmax=1.657 | shoulder_pan.pos=+37.08 shoulder_lift.pos=+14.87 elbow_flex.pos=-6.51 wrist_flex.pos=+56.97 wrist_roll.pos=-7.12 gripper.pos=+13.12
DEBUG 2026-08-20 07:30:22 [action #91] t=4.55s step=948 queue=14 dmax=0.746 | shoulder_pan.pos=+37.18 shoulder_lift.pos=+15.07 elbow_flex.pos=-6.03 wrist_flex.pos=+56.23 wrist_roll.pos=-7.19 gripper.pos=+13.15
DEBUG 2026-08-20 07:30:22 [action #92] t=4.58s step=949 queue=13 dmax=0.657 | shoulder_pan.pos=+37.10 shoulder_lift.pos=+15.43 elbow_flex.pos=-5.72 wrist_flex.pos=+55.57 wrist_roll.pos=-7.23 gripper.pos=+13.15
DEBUG 2026-08-20 07:30:22 [action #93] t=4.62s step=950 queue=12 dmax=1.475 | shoulder_pan.pos=+37.16 shoulder_lift.pos=+14.38 elbow_flex.pos=-4.25 wrist_flex.pos=+54.98 wrist_roll.pos=-7.21 gripper.pos=+13.25
DEBUG 2026-08-20 07:30:22 [action #94] t=4.65s step=951 queue=11 dmax=1.218 | shoulder_pan.pos=+37.34 shoulder_lift.pos=+15.60 elbow_flex.pos=-3.89 wrist_flex.pos=+54.34 wrist_roll.pos=-7.23 gripper.pos=+13.08
DEBUG 2026-08-20 07:30:22 [action #95] t=4.68s step=952 queue=10 dmax=0.586 | shoulder_pan.pos=+37.00 shoulder_lift.pos=+15.86 elbow_flex.pos=-4.05 wrist_flex.pos=+53.76 wrist_roll.pos=-7.17 gripper.pos=+13.17
DEBUG 2026-08-20 07:30:22 [action #96] t=4.72s step=953 queue=9 dmax=0.406 | shoulder_pan.pos=+37.08 shoulder_lift.pos=+16.20 elbow_flex.pos=-3.65 wrist_flex.pos=+53.40 wrist_roll.pos=-7.21 gripper.pos=+13.15
DEBUG 2026-08-20 07:30:22 [action #97] t=4.75s step=954 queue=8 dmax=0.965 | shoulder_pan.pos=+36.92 shoulder_lift.pos=+17.16 elbow_flex.pos=-2.98 wrist_flex.pos=+52.99 wrist_roll.pos=-7.20 gripper.pos=+13.18
DEBUG 2026-08-20 07:30:22 [action #98] t=4.78s step=955 queue=7 dmax=0.372 | shoulder_pan.pos=+36.94 shoulder_lift.pos=+16.79 elbow_flex.pos=-2.62 wrist_flex.pos=+52.91 wrist_roll.pos=-7.20 gripper.pos=+13.17
DEBUG 2026-08-20 07:30:22 [action #99] t=4.82s step=956 queue=6 dmax=1.107 | shoulder_pan.pos=+36.73 shoulder_lift.pos=+17.90 elbow_flex.pos=-2.58 wrist_flex.pos=+52.59 wrist_roll.pos=-7.23 gripper.pos=+13.30
DEBUG 2026-08-20 07:30:22 [action #100] t=4.85s step=957 queue=5 dmax=0.319 | shoulder_pan.pos=+36.43 shoulder_lift.pos=+18.22 elbow_flex.pos=-2.44 wrist_flex.pos=+52.63 wrist_roll.pos=-7.20 gripper.pos=+13.35
DEBUG 2026-08-20 07:30:22 [chunk] received 50 actions, timesteps 934..983 | first: shoulder_pan.pos=+26.82 shoulder_lift.pos=-1.81 elbow_flex.pos=-3.97 wrist_flex.pos=+58.37 wrist_roll.pos=-7.08 gripper.pos=+11.80 | last: shoulder_pan.pos=+36.32 shoulder_lift.pos=+18.67 elbow_flex.pos=-2.24 wrist_flex.pos=+54.45 wrist_roll.pos=-8.70 gripper.pos=+41.49
DEBUG 2026-08-20 07:30:22 [action #101] t=4.88s step=958 queue=26 dmax=4.264 | shoulder_pan.pos=+36.44 shoulder_lift.pos=+13.95 elbow_flex.pos=-4.06 wrist_flex.pos=+52.58 wrist_roll.pos=-7.82 gripper.pos=+12.44
DEBUG 2026-08-20 07:30:22 [action #102] t=4.92s step=959 queue=25 dmax=0.797 | shoulder_pan.pos=+35.98 shoulder_lift.pos=+14.33 elbow_flex.pos=-3.26 wrist_flex.pos=+52.23 wrist_roll.pos=-7.79 gripper.pos=+12.45
DEBUG 2026-08-20 07:30:22 [action #103] t=4.95s step=960 queue=24 dmax=0.512 | shoulder_pan.pos=+36.29 shoulder_lift.pos=+14.85 elbow_flex.pos=-3.61 wrist_flex.pos=+51.77 wrist_roll.pos=-7.89 gripper.pos=+12.66
DEBUG 2026-08-20 07:30:22 [action #104] t=4.98s step=961 queue=23 dmax=0.527 | shoulder_pan.pos=+36.06 shoulder_lift.pos=+14.96 elbow_flex.pos=-3.35 wrist_flex.pos=+51.24 wrist_roll.pos=-7.86 gripper.pos=+12.90
DEBUG 2026-08-20 07:30:22 [action #105] t=5.02s step=962 queue=22 dmax=2.165 | shoulder_pan.pos=+36.28 shoulder_lift.pos=+12.80 elbow_flex.pos=-2.53 wrist_flex.pos=+50.66 wrist_roll.pos=-8.26 gripper.pos=+12.22
DEBUG 2026-08-20 07:30:22 [action #106] t=5.05s step=963 queue=21 dmax=0.393 | shoulder_pan.pos=+36.09 shoulder_lift.pos=+13.16 elbow_flex.pos=-2.14 wrist_flex.pos=+50.31 wrist_roll.pos=-8.15 gripper.pos=+12.34
DEBUG 2026-08-20 07:30:22 [action #107] t=5.08s step=964 queue=20 dmax=0.448 | shoulder_pan.pos=+36.02 shoulder_lift.pos=+13.15 elbow_flex.pos=-2.59 wrist_flex.pos=+49.90 wrist_roll.pos=-8.32 gripper.pos=+12.69
DEBUG 2026-08-20 07:30:22 [action #108] t=5.12s step=965 queue=19 dmax=1.267 | shoulder_pan.pos=+36.30 shoulder_lift.pos=+14.42 elbow_flex.pos=-1.86 wrist_flex.pos=+49.03 wrist_roll.pos=-8.33 gripper.pos=+12.79
DEBUG 2026-08-20 07:30:22 [action #109] t=5.15s step=966 queue=18 dmax=0.378 | shoulder_pan.pos=+35.99 shoulder_lift.pos=+14.77 elbow_flex.pos=-1.48 wrist_flex.pos=+49.23 wrist_roll.pos=-8.38 gripper.pos=+13.04
DEBUG 2026-08-20 07:30:22 [action #110] t=5.18s step=967 queue=17 dmax=0.724 | shoulder_pan.pos=+36.01 shoulder_lift.pos=+14.49 elbow_flex.pos=-0.76 wrist_flex.pos=+48.88 wrist_roll.pos=-8.56 gripper.pos=+13.06
DEBUG 2026-08-20 07:30:22 [action #111] t=5.22s step=968 queue=16 dmax=0.376 | shoulder_pan.pos=+35.68 shoulder_lift.pos=+14.58 elbow_flex.pos=-0.86 wrist_flex.pos=+48.50 wrist_roll.pos=-8.57 gripper.pos=+13.15
DEBUG 2026-08-20 07:30:22 [action #112] t=5.25s step=969 queue=15 dmax=0.630 | shoulder_pan.pos=+36.19 shoulder_lift.pos=+15.21 elbow_flex.pos=-1.24 wrist_flex.pos=+48.33 wrist_roll.pos=-8.59 gripper.pos=+12.92
DEBUG 2026-08-20 07:30:23 [action #113] t=5.28s step=970 queue=14 dmax=1.449 | shoulder_pan.pos=+36.13 shoulder_lift.pos=+16.66 elbow_flex.pos=-1.13 wrist_flex.pos=+48.31 wrist_roll.pos=-8.60 gripper.pos=+13.13
DEBUG 2026-08-20 07:30:23 [action #114] t=5.32s step=971 queue=13 dmax=0.500 | shoulder_pan.pos=+36.53 shoulder_lift.pos=+17.16 elbow_flex.pos=-0.69 wrist_flex.pos=+48.35 wrist_roll.pos=-8.65 gripper.pos=+13.56
DEBUG 2026-08-20 07:30:23 [action #115] t=5.35s step=972 queue=12 dmax=0.574 | shoulder_pan.pos=+36.84 shoulder_lift.pos=+16.96 elbow_flex.pos=-0.76 wrist_flex.pos=+48.26 wrist_roll.pos=-8.85 gripper.pos=+14.14
DEBUG 2026-08-20 07:30:23 [action #116] t=5.38s step=973 queue=11 dmax=1.370 | shoulder_pan.pos=+37.19 shoulder_lift.pos=+17.15 elbow_flex.pos=-0.89 wrist_flex.pos=+48.53 wrist_roll.pos=-8.60 gripper.pos=+15.51
DEBUG 2026-08-20 07:30:23 [action #117] t=5.42s step=974 queue=10 dmax=1.842 | shoulder_pan.pos=+37.21 shoulder_lift.pos=+18.07 elbow_flex.pos=-2.08 wrist_flex.pos=+48.89 wrist_roll.pos=-8.75 gripper.pos=+17.35
DEBUG 2026-08-20 07:30:23 [action #118] t=5.45s step=975 queue=9 dmax=2.748 | shoulder_pan.pos=+37.09 shoulder_lift.pos=+17.77 elbow_flex.pos=-1.80 wrist_flex.pos=+49.48 wrist_roll.pos=-8.81 gripper.pos=+20.10
DEBUG 2026-08-20 07:30:23 [action #119] t=5.49s step=976 queue=8 dmax=3.240 | shoulder_pan.pos=+36.57 shoulder_lift.pos=+18.33 elbow_flex.pos=-1.16 wrist_flex.pos=+49.79 wrist_roll.pos=-8.89 gripper.pos=+23.34
DEBUG 2026-08-20 07:30:23 [action #120] t=5.52s step=977 queue=7 dmax=3.272 | shoulder_pan.pos=+36.86 shoulder_lift.pos=+18.08 elbow_flex.pos=-1.93 wrist_flex.pos=+50.44 wrist_roll.pos=-8.88 gripper.pos=+26.61
DEBUG 2026-08-20 07:30:23 [action #121] t=5.55s step=978 queue=6 dmax=3.287 | shoulder_pan.pos=+36.52 shoulder_lift.pos=+18.83 elbow_flex.pos=-1.75 wrist_flex.pos=+51.21 wrist_roll.pos=-8.83 gripper.pos=+29.90
DEBUG 2026-08-20 07:30:23 [action #122] t=5.59s step=979 queue=5 dmax=3.049 | shoulder_pan.pos=+36.36 shoulder_lift.pos=+18.55 elbow_flex.pos=-1.72 wrist_flex.pos=+51.55 wrist_roll.pos=-8.77 gripper.pos=+32.95
DEBUG 2026-08-20 07:30:23 [chunk] received 50 actions, timesteps 957..1006 | first: shoulder_pan.pos=+28.26 shoulder_lift.pos=+11.14 elbow_flex.pos=-10.75 wrist_flex.pos=+55.34 wrist_roll.pos=-6.83 gripper.pos=+10.77 | last: shoulder_pan.pos=+34.07 shoulder_lift.pos=+19.74 elbow_flex.pos=-8.69 wrist_flex.pos=+58.84 wrist_roll.pos=-8.85 gripper.pos=+38.58
DEBUG 2026-08-20 07:30:23 [action #123] t=5.62s step=980 queue=4 dmax=2.875 | shoulder_pan.pos=+36.62 shoulder_lift.pos=+19.09 elbow_flex.pos=-2.46 wrist_flex.pos=+52.25 wrist_roll.pos=-8.71 gripper.pos=+35.82
DEBUG 2026-08-20 07:30:23 [action #124] t=5.65s step=980 queue=27 dmax=17.350 | shoulder_pan.pos=+36.27 shoulder_lift.pos=+16.68 elbow_flex.pos=-6.08 wrist_flex.pos=+52.83 wrist_roll.pos=-8.54 gripper.pos=+18.47
DEBUG 2026-08-20 07:30:23 [action #125] t=5.69s step=981 queue=26 dmax=0.743 | shoulder_pan.pos=+36.20 shoulder_lift.pos=+16.82 elbow_flex.pos=-5.33 wrist_flex.pos=+53.17 wrist_roll.pos=-8.52 gripper.pos=+19.17
DEBUG 2026-08-20 07:30:23 [action #126] t=5.72s step=982 queue=25 dmax=0.598 | shoulder_pan.pos=+36.06 shoulder_lift.pos=+16.52 elbow_flex.pos=-5.36 wrist_flex.pos=+53.26 wrist_roll.pos=-8.55 gripper.pos=+19.76
DEBUG 2026-08-20 07:30:23 [action #127] t=5.75s step=983 queue=24 dmax=0.538 | shoulder_pan.pos=+36.01 shoulder_lift.pos=+16.69 elbow_flex.pos=-5.74 wrist_flex.pos=+53.44 wrist_roll.pos=-8.49 gripper.pos=+20.30
DEBUG 2026-08-20 07:30:23 [action #128] t=5.79s step=984 queue=23 dmax=8.587 | shoulder_pan.pos=+36.03 shoulder_lift.pos=+16.32 elbow_flex.pos=-6.78 wrist_flex.pos=+52.68 wrist_roll.pos=-8.39 gripper.pos=+11.71
DEBUG 2026-08-20 07:30:23 [action #129] t=5.82s step=985 queue=22 dmax=0.998 | shoulder_pan.pos=+35.63 shoulder_lift.pos=+16.21 elbow_flex.pos=-6.97 wrist_flex.pos=+52.31 wrist_roll.pos=-8.50 gripper.pos=+12.71
DEBUG 2026-08-20 07:30:23 [action #130] t=5.85s step=986 queue=21 dmax=1.383 | shoulder_pan.pos=+35.66 shoulder_lift.pos=+17.01 elbow_flex.pos=-6.43 wrist_flex.pos=+52.10 wrist_roll.pos=-8.61 gripper.pos=+14.10
DEBUG 2026-08-20 07:30:23 [action #131] t=5.89s step=987 queue=20 dmax=1.517 | shoulder_pan.pos=+35.26 shoulder_lift.pos=+16.31 elbow_flex.pos=-7.25 wrist_flex.pos=+52.13 wrist_roll.pos=-8.50 gripper.pos=+15.61
DEBUG 2026-08-20 07:30:23 [action #132] t=5.92s step=988 queue=19 dmax=0.826 | shoulder_pan.pos=+35.28 shoulder_lift.pos=+16.72 elbow_flex.pos=-6.71 wrist_flex.pos=+52.08 wrist_roll.pos=-8.53 gripper.pos=+16.44
DEBUG 2026-08-20 07:30:23 [action #133] t=5.95s step=989 queue=18 dmax=1.101 | shoulder_pan.pos=+35.20 shoulder_lift.pos=+16.88 elbow_flex.pos=-6.67 wrist_flex.pos=+52.04 wrist_roll.pos=-8.63 gripper.pos=+17.54
DEBUG 2026-08-20 07:30:23 [action #134] t=5.99s step=990 queue=17 dmax=0.718 | shoulder_pan.pos=+35.06 shoulder_lift.pos=+17.18 elbow_flex.pos=-6.94 wrist_flex.pos=+52.13 wrist_roll.pos=-8.69 gripper.pos=+18.26
DEBUG 2026-08-20 07:30:23 [action #135] t=6.02s step=991 queue=16 dmax=0.353 | shoulder_pan.pos=+34.76 shoulder_lift.pos=+17.51 elbow_flex.pos=-6.59 wrist_flex.pos=+52.38 wrist_roll.pos=-8.69 gripper.pos=+18.54
DEBUG 2026-08-20 07:30:23 [action #136] t=6.05s step=992 queue=15 dmax=0.545 | shoulder_pan.pos=+35.13 shoulder_lift.pos=+17.72 elbow_flex.pos=-6.05 wrist_flex.pos=+52.46 wrist_roll.pos=-8.57 gripper.pos=+18.54
DEBUG 2026-08-20 07:30:23 [action #137] t=6.09s step=993 queue=14 dmax=0.247 | shoulder_pan.pos=+34.90 shoulder_lift.pos=+17.47 elbow_flex.pos=-5.97 wrist_flex.pos=+52.48 wrist_roll.pos=-8.55 gripper.pos=+18.36
DEBUG 2026-08-20 07:30:23 [action #138] t=6.12s step=994 queue=13 dmax=0.327 | shoulder_pan.pos=+34.90 shoulder_lift.pos=+17.80 elbow_flex.pos=-6.29 wrist_flex.pos=+52.79 wrist_roll.pos=-8.62 gripper.pos=+18.43
DEBUG 2026-08-20 07:30:23 [action #139] t=6.15s step=995 queue=12 dmax=0.790 | shoulder_pan.pos=+35.13 shoulder_lift.pos=+18.09 elbow_flex.pos=-5.50 wrist_flex.pos=+52.97 wrist_roll.pos=-8.70 gripper.pos=+18.78
DEBUG 2026-08-20 07:30:23 [action #140] t=6.19s step=996 queue=11 dmax=0.677 | shoulder_pan.pos=+34.95 shoulder_lift.pos=+17.43 elbow_flex.pos=-5.62 wrist_flex.pos=+53.42 wrist_roll.pos=-8.50 gripper.pos=+19.45
DEBUG 2026-08-20 07:30:23 [action #141] t=6.22s step=997 queue=10 dmax=2.013 | shoulder_pan.pos=+35.01 shoulder_lift.pos=+18.15 elbow_flex.pos=-6.05 wrist_flex.pos=+53.68 wrist_roll.pos=-8.54 gripper.pos=+21.46
DEBUG 2026-08-20 07:30:23 [action #142] t=6.25s step=998 queue=9 dmax=1.920 | shoulder_pan.pos=+34.83 shoulder_lift.pos=+18.12 elbow_flex.pos=-6.71 wrist_flex.pos=+54.16 wrist_roll.pos=-8.67 gripper.pos=+23.38
DEBUG 2026-08-20 07:30:24 [action #143] t=6.29s step=999 queue=8 dmax=3.142 | shoulder_pan.pos=+34.77 shoulder_lift.pos=+19.21 elbow_flex.pos=-5.81 wrist_flex.pos=+54.94 wrist_roll.pos=-8.74 gripper.pos=+26.53
DEBUG 2026-08-20 07:30:24 [action #144] t=6.32s step=1000 queue=7 dmax=2.705 | shoulder_pan.pos=+34.69 shoulder_lift.pos=+19.17 elbow_flex.pos=-6.64 wrist_flex.pos=+55.40 wrist_roll.pos=-8.67 gripper.pos=+29.23
DEBUG 2026-08-20 07:30:24 [action #145] t=6.35s step=1001 queue=6 dmax=2.568 | shoulder_pan.pos=+34.57 shoulder_lift.pos=+18.91 elbow_flex.pos=-6.55 wrist_flex.pos=+55.99 wrist_roll.pos=-8.50 gripper.pos=+31.80
DEBUG 2026-08-20 07:30:24 [action #146] t=6.39s step=1002 queue=5 dmax=2.249 | shoulder_pan.pos=+34.47 shoulder_lift.pos=+18.75 elbow_flex.pos=-6.78 wrist_flex.pos=+56.53 wrist_roll.pos=-8.59 gripper.pos=+34.05
DEBUG 2026-08-20 07:30:24 [action #147] t=6.42s step=1003 queue=4 dmax=1.611 | shoulder_pan.pos=+34.41 shoulder_lift.pos=+19.14 elbow_flex.pos=-7.88 wrist_flex.pos=+57.09 wrist_roll.pos=-8.54 gripper.pos=+35.66
DEBUG 2026-08-20 07:30:24 [action #148] t=6.45s step=1004 queue=3 dmax=1.664 | shoulder_pan.pos=+34.10 shoulder_lift.pos=+19.30 elbow_flex.pos=-8.35 wrist_flex.pos=+57.47 wrist_roll.pos=-8.55 gripper.pos=+37.32
DEBUG 2026-08-20 07:30:24 [action #149] t=6.49s step=1005 queue=2 dmax=0.821 | shoulder_pan.pos=+34.16 shoulder_lift.pos=+19.21 elbow_flex.pos=-7.68 wrist_flex.pos=+58.19 wrist_roll.pos=-8.72 gripper.pos=+38.14
DEBUG 2026-08-20 07:30:24 [chunk] received 50 actions, timesteps 979..1028 | first: shoulder_pan.pos=+30.41 shoulder_lift.pos=+12.16 elbow_flex.pos=-3.18 wrist_flex.pos=+47.41 wrist_roll.pos=-8.43 gripper.pos=+18.80 | last: shoulder_pan.pos=+31.74 shoulder_lift.pos=+20.76 elbow_flex.pos=-15.38 wrist_flex.pos=+68.85 wrist_roll.pos=-6.86 gripper.pos=+44.70
DEBUG 2026-08-20 07:30:24 [action #150] t=6.52s step=1006 queue=23 dmax=8.166 | shoulder_pan.pos=+33.79 shoulder_lift.pos=+21.60 elbow_flex.pos=-7.11 wrist_flex.pos=+53.48 wrist_roll.pos=-7.96 gripper.pos=+29.98
DEBUG 2026-08-20 07:30:24 [action #151] t=6.55s step=1007 queue=22 dmax=1.982 | shoulder_pan.pos=+33.99 shoulder_lift.pos=+23.00 elbow_flex.pos=-7.30 wrist_flex.pos=+51.95 wrist_roll.pos=-7.62 gripper.pos=+28.00
DEBUG 2026-08-20 07:30:24 [action #152] t=6.59s step=1008 queue=21 dmax=1.637 | shoulder_pan.pos=+33.77 shoulder_lift.pos=+22.84 elbow_flex.pos=-7.73 wrist_flex.pos=+52.85 wrist_roll.pos=-7.56 gripper.pos=+29.63
DEBUG 2026-08-20 07:30:24 [action #153] t=6.62s step=1009 queue=20 dmax=0.979 | shoulder_pan.pos=+33.58 shoulder_lift.pos=+23.25 elbow_flex.pos=-8.06 wrist_flex.pos=+53.82 wrist_roll.pos=-7.68 gripper.pos=+30.57
DEBUG 2026-08-20 07:30:24 [action #154] t=6.66s step=1010 queue=19 dmax=0.987 | shoulder_pan.pos=+33.56 shoulder_lift.pos=+23.59 elbow_flex.pos=-8.07 wrist_flex.pos=+54.81 wrist_roll.pos=-7.60 gripper.pos=+30.87
DEBUG 2026-08-20 07:30:24 [action #155] t=6.69s step=1011 queue=18 dmax=0.695 | shoulder_pan.pos=+33.72 shoulder_lift.pos=+23.64 elbow_flex.pos=-8.51 wrist_flex.pos=+55.51 wrist_roll.pos=-7.37 gripper.pos=+31.35
DEBUG 2026-08-20 07:30:24 [action #156] t=6.72s step=1012 queue=17 dmax=1.157 | shoulder_pan.pos=+33.61 shoulder_lift.pos=+23.22 elbow_flex.pos=-9.66 wrist_flex.pos=+56.57 wrist_roll.pos=-7.43 gripper.pos=+31.92
DEBUG 2026-08-20 07:30:24 [action #157] t=6.76s step=1013 queue=16 dmax=1.093 | shoulder_pan.pos=+33.84 shoulder_lift.pos=+23.77 elbow_flex.pos=-8.83 wrist_flex.pos=+57.56 wrist_roll.pos=-7.24 gripper.pos=+33.02
DEBUG 2026-08-20 07:30:24 [action #158] t=6.79s step=1014 queue=15 dmax=2.520 | shoulder_pan.pos=+33.40 shoulder_lift.pos=+23.38 elbow_flex.pos=-9.82 wrist_flex.pos=+58.45 wrist_roll.pos=-7.09 gripper.pos=+35.54
DEBUG 2026-08-20 07:30:24 [action #159] t=6.82s step=1015 queue=14 dmax=3.414 | shoulder_pan.pos=+33.33 shoulder_lift.pos=+23.47 elbow_flex.pos=-10.32 wrist_flex.pos=+58.71 wrist_roll.pos=-7.19 gripper.pos=+38.95
DEBUG 2026-08-20 07:30:24 [action #160] t=6.86s step=1016 queue=13 dmax=2.617 | shoulder_pan.pos=+33.66 shoulder_lift.pos=+23.57 elbow_flex.pos=-9.91 wrist_flex.pos=+58.93 wrist_roll.pos=-7.12 gripper.pos=+41.57
DEBUG 2026-08-20 07:30:24 [action #161] t=6.89s step=1017 queue=12 dmax=1.528 | shoulder_pan.pos=+33.37 shoulder_lift.pos=+23.26 elbow_flex.pos=-9.72 wrist_flex.pos=+59.27 wrist_roll.pos=-7.09 gripper.pos=+43.10
DEBUG 2026-08-20 07:30:24 [action #162] t=6.92s step=1018 queue=11 dmax=1.051 | shoulder_pan.pos=+33.28 shoulder_lift.pos=+23.12 elbow_flex.pos=-10.11 wrist_flex.pos=+59.69 wrist_roll.pos=-6.95 gripper.pos=+44.15
DEBUG 2026-08-20 07:30:24 [action #163] t=6.96s step=1019 queue=10 dmax=0.990 | shoulder_pan.pos=+33.38 shoulder_lift.pos=+23.10 elbow_flex.pos=-10.09 wrist_flex.pos=+59.89 wrist_roll.pos=-7.03 gripper.pos=+45.14
DEBUG 2026-08-20 07:30:24 [action #164] t=6.99s step=1020 queue=9 dmax=0.772 | shoulder_pan.pos=+33.29 shoulder_lift.pos=+22.89 elbow_flex.pos=-10.06 wrist_flex.pos=+60.46 wrist_roll.pos=-6.97 gripper.pos=+45.91
DEBUG 2026-08-20 07:30:24 [action #165] t=7.02s step=1021 queue=8 dmax=1.086 | shoulder_pan.pos=+32.97 shoulder_lift.pos=+22.70 elbow_flex.pos=-11.14 wrist_flex.pos=+60.88 wrist_roll.pos=-6.92 gripper.pos=+46.26
DEBUG 2026-08-20 07:30:24 [action #166] t=7.06s step=1022 queue=7 dmax=0.813 | shoulder_pan.pos=+32.97 shoulder_lift.pos=+22.21 elbow_flex.pos=-11.06 wrist_flex.pos=+61.69 wrist_roll.pos=-7.01 gripper.pos=+46.22
DEBUG 2026-08-20 07:30:24 [action #167] t=7.09s step=1023 queue=6 dmax=0.677 | shoulder_pan.pos=+32.67 shoulder_lift.pos=+22.16 elbow_flex.pos=-11.17 wrist_flex.pos=+62.37 wrist_roll.pos=-6.99 gripper.pos=+46.08
DEBUG 2026-08-20 07:30:24 [action #168] t=7.12s step=1024 queue=5 dmax=1.106 | shoulder_pan.pos=+32.55 shoulder_lift.pos=+21.88 elbow_flex.pos=-11.52 wrist_flex.pos=+63.47 wrist_roll.pos=-6.92 gripper.pos=+45.87
DEBUG 2026-08-20 07:30:24 [action #169] t=7.16s step=1025 queue=4 dmax=1.658 | shoulder_pan.pos=+32.34 shoulder_lift.pos=+22.09 elbow_flex.pos=-13.17 wrist_flex.pos=+64.53 wrist_roll.pos=-6.74 gripper.pos=+45.35
DEBUG 2026-08-20 07:30:24 [action #170] t=7.19s step=1026 queue=3 dmax=1.580 | shoulder_pan.pos=+32.08 shoulder_lift.pos=+21.69 elbow_flex.pos=-13.80 wrist_flex.pos=+66.11 wrist_roll.pos=-7.04 gripper.pos=+45.17
DEBUG 2026-08-20 07:30:24 [action #171] t=7.22s step=1027 queue=2 dmax=1.357 | shoulder_pan.pos=+32.05 shoulder_lift.pos=+21.34 elbow_flex.pos=-14.36 wrist_flex.pos=+67.47 wrist_roll.pos=-6.95 gripper.pos=+44.98
DEBUG 2026-08-20 07:30:24 [action #172] t=7.26s step=1028 queue=1 dmax=1.381 | shoulder_pan.pos=+31.74 shoulder_lift.pos=+20.76 elbow_flex.pos=-15.38 wrist_flex.pos=+68.85 wrist_roll.pos=-6.86 gripper.pos=+44.70
DEBUG 2026-08-20 07:30:25 [chunk] received 50 actions, timesteps 1005..1054 | first: shoulder_pan.pos=+31.54 shoulder_lift.pos=+15.41 elbow_flex.pos=-7.14 wrist_flex.pos=+55.26 wrist_roll.pos=-8.12 gripper.pos=+30.64 | last: shoulder_pan.pos=+23.20 shoulder_lift.pos=+8.51 elbow_flex.pos=-13.41 wrist_flex.pos=+82.57 wrist_roll.pos=-5.51 gripper.pos=+38.65
DEBUG 2026-08-20 07:30:25 [action #173] t=7.46s step=1029 queue=26 dmax=9.405 | shoulder_pan.pos=+31.41 shoulder_lift.pos=+24.76 elbow_flex.pos=-12.00 wrist_flex.pos=+59.45 wrist_roll.pos=-7.73 gripper.pos=+41.37
DEBUG 2026-08-20 07:30:25 [action #174] t=7.49s step=1030 queue=25 dmax=0.761 | shoulder_pan.pos=+31.38 shoulder_lift.pos=+25.19 elbow_flex.pos=-12.24 wrist_flex.pos=+59.87 wrist_roll.pos=-7.63 gripper.pos=+42.13
DEBUG 2026-08-20 07:30:25 [action #175] t=7.52s step=1031 queue=24 dmax=0.535 | shoulder_pan.pos=+31.18 shoulder_lift.pos=+24.82 elbow_flex.pos=-11.97 wrist_flex.pos=+60.41 wrist_roll.pos=-7.59 gripper.pos=+42.41
DEBUG 2026-08-20 07:30:25 [action #176] t=7.56s step=1032 queue=23 dmax=0.620 | shoulder_pan.pos=+31.00 shoulder_lift.pos=+24.75 elbow_flex.pos=-11.68 wrist_flex.pos=+61.03 wrist_roll.pos=-7.71 gripper.pos=+42.38
DEBUG 2026-08-20 07:30:25 [action #177] t=7.59s step=1033 queue=22 dmax=0.539 | shoulder_pan.pos=+31.08 shoulder_lift.pos=+24.48 elbow_flex.pos=-12.11 wrist_flex.pos=+61.57 wrist_roll.pos=-7.56 gripper.pos=+42.41
DEBUG 2026-08-20 07:30:25 [action #178] t=7.62s step=1034 queue=21 dmax=0.651 | shoulder_pan.pos=+30.78 shoulder_lift.pos=+23.84 elbow_flex.pos=-12.18 wrist_flex.pos=+62.22 wrist_roll.pos=-7.51 gripper.pos=+42.25
DEBUG 2026-08-20 07:30:25 [action #179] t=7.66s step=1035 queue=20 dmax=0.837 | shoulder_pan.pos=+30.67 shoulder_lift.pos=+24.02 elbow_flex.pos=-12.74 wrist_flex.pos=+63.05 wrist_roll.pos=-7.42 gripper.pos=+42.29
DEBUG 2026-08-20 07:30:25 [action #180] t=7.69s step=1036 queue=19 dmax=0.683 | shoulder_pan.pos=+30.70 shoulder_lift.pos=+23.83 elbow_flex.pos=-12.43 wrist_flex.pos=+63.74 wrist_roll.pos=-7.43 gripper.pos=+42.48
DEBUG 2026-08-20 07:30:25 [action #181] t=7.73s step=1037 queue=18 dmax=1.007 | shoulder_pan.pos=+30.65 shoulder_lift.pos=+23.35 elbow_flex.pos=-13.21 wrist_flex.pos=+64.74 wrist_roll.pos=-7.31 gripper.pos=+42.60
DEBUG 2026-08-20 07:30:25 [action #182] t=7.76s step=1038 queue=17 dmax=1.139 | shoulder_pan.pos=+30.48 shoulder_lift.pos=+23.27 elbow_flex.pos=-13.72 wrist_flex.pos=+65.88 wrist_roll.pos=-7.24 gripper.pos=+42.93
DEBUG 2026-08-20 07:30:25 [action #183] t=7.79s step=1039 queue=16 dmax=1.157 | shoulder_pan.pos=+30.35 shoulder_lift.pos=+22.37 elbow_flex.pos=-13.46 wrist_flex.pos=+67.04 wrist_roll.pos=-7.20 gripper.pos=+43.06
DEBUG 2026-08-20 07:30:25 [action #184] t=7.83s step=1040 queue=15 dmax=1.319 | shoulder_pan.pos=+30.04 shoulder_lift.pos=+22.42 elbow_flex.pos=-14.47 wrist_flex.pos=+68.36 wrist_roll.pos=-7.03 gripper.pos=+43.52
DEBUG 2026-08-20 07:30:25 [action #185] t=7.86s step=1041 queue=14 dmax=1.445 | shoulder_pan.pos=+29.77 shoulder_lift.pos=+22.40 elbow_flex.pos=-15.05 wrist_flex.pos=+69.80 wrist_roll.pos=-7.00 gripper.pos=+43.60
DEBUG 2026-08-20 07:30:25 [action #186] t=7.89s step=1042 queue=13 dmax=1.525 | shoulder_pan.pos=+29.66 shoulder_lift.pos=+21.79 elbow_flex.pos=-15.26 wrist_flex.pos=+71.33 wrist_roll.pos=-6.88 gripper.pos=+43.46
DEBUG 2026-08-20 07:30:25 [action #187] t=7.93s step=1043 queue=12 dmax=1.414 | shoulder_pan.pos=+29.38 shoulder_lift.pos=+20.68 elbow_flex.pos=-15.94 wrist_flex.pos=+72.74 wrist_roll.pos=-6.69 gripper.pos=+43.41
DEBUG 2026-08-20 07:30:25 [action #188] t=7.96s step=1044 queue=11 dmax=1.594 | shoulder_pan.pos=+29.03 shoulder_lift.pos=+19.94 elbow_flex.pos=-16.74 wrist_flex.pos=+74.34 wrist_roll.pos=-6.67 gripper.pos=+43.22
DEBUG 2026-08-20 07:30:25 [action #189] t=7.99s step=1045 queue=10 dmax=1.523 | shoulder_pan.pos=+28.88 shoulder_lift.pos=+19.35 elbow_flex.pos=-17.24 wrist_flex.pos=+75.86 wrist_roll.pos=-6.59 gripper.pos=+43.16
DEBUG 2026-08-20 07:30:25 [action #190] t=8.03s step=1046 queue=9 dmax=1.428 | shoulder_pan.pos=+28.51 shoulder_lift.pos=+18.17 elbow_flex.pos=-17.39 wrist_flex.pos=+77.29 wrist_roll.pos=-6.49 gripper.pos=+43.13
DEBUG 2026-08-20 07:30:25 [action #191] t=8.06s step=1047 queue=8 dmax=1.134 | shoulder_pan.pos=+28.04 shoulder_lift.pos=+17.81 elbow_flex.pos=-17.57 wrist_flex.pos=+78.42 wrist_roll.pos=-6.39 gripper.pos=+43.07
DEBUG 2026-08-20 07:30:25 [action #192] t=8.09s step=1048 queue=7 dmax=1.709 | shoulder_pan.pos=+27.53 shoulder_lift.pos=+16.10 elbow_flex.pos=-17.28 wrist_flex.pos=+79.33 wrist_roll.pos=-6.31 gripper.pos=+42.85
DEBUG 2026-08-20 07:30:25 [action #193] t=8.13s step=1049 queue=6 dmax=0.949 | shoulder_pan.pos=+26.87 shoulder_lift.pos=+15.24 elbow_flex.pos=-17.87 wrist_flex.pos=+80.28 wrist_roll.pos=-6.24 gripper.pos=+42.76
DEBUG 2026-08-20 07:30:25 [chunk] received 50 actions, timesteps 1028..1077 | first: shoulder_pan.pos=+28.80 shoulder_lift.pos=+17.30 elbow_flex.pos=-19.00 wrist_flex.pos=+67.51 wrist_roll.pos=-6.94 gripper.pos=+35.79 | last: shoulder_pan.pos=+21.04 shoulder_lift.pos=+16.31 elbow_flex.pos=-30.93 wrist_flex.pos=+95.44 wrist_roll.pos=-4.71 gripper.pos=+40.12
DEBUG 2026-08-20 07:30:25 [action #194] t=8.16s step=1050 queue=28 dmax=8.008 | shoulder_pan.pos=+29.03 shoulder_lift.pos=+20.90 elbow_flex.pos=-16.80 wrist_flex.pos=+72.27 wrist_roll.pos=-5.52 gripper.pos=+39.39
DEBUG 2026-08-20 07:30:25 [action #195] t=8.19s step=1051 queue=27 dmax=0.759 | shoulder_pan.pos=+28.89 shoulder_lift.pos=+20.88 elbow_flex.pos=-16.90 wrist_flex.pos=+72.72 wrist_roll.pos=-5.57 gripper.pos=+40.14
DEBUG 2026-08-20 07:30:25 [action #196] t=8.23s step=1052 queue=26 dmax=0.922 | shoulder_pan.pos=+28.64 shoulder_lift.pos=+20.50 elbow_flex.pos=-16.41 wrist_flex.pos=+73.04 wrist_roll.pos=-5.42 gripper.pos=+41.07
DEBUG 2026-08-20 07:30:25 [action #197] t=8.26s step=1053 queue=25 dmax=0.789 | shoulder_pan.pos=+27.91 shoulder_lift.pos=+19.71 elbow_flex.pos=-16.44 wrist_flex.pos=+73.45 wrist_roll.pos=-5.40 gripper.pos=+41.74
DEBUG 2026-08-20 07:30:26 [action #198] t=8.29s step=1054 queue=24 dmax=0.675 | shoulder_pan.pos=+27.45 shoulder_lift.pos=+19.26 elbow_flex.pos=-16.45 wrist_flex.pos=+73.92 wrist_roll.pos=-5.18 gripper.pos=+42.41
DEBUG 2026-08-20 07:30:26 [action #199] t=8.33s step=1055 queue=23 dmax=5.439 | shoulder_pan.pos=+29.04 shoulder_lift.pos=+24.70 elbow_flex.pos=-17.66 wrist_flex.pos=+70.66 wrist_roll.pos=-5.10 gripper.pos=+45.12
DEBUG 2026-08-20 07:30:26 [action #200] t=8.36s step=1056 queue=22 dmax=0.628 | shoulder_pan.pos=+28.94 shoulder_lift.pos=+24.26 elbow_flex.pos=-17.51 wrist_flex.pos=+71.28 wrist_roll.pos=-5.30 gripper.pos=+45.75
DEBUG 2026-08-20 07:30:26 [action #201] t=8.39s step=1057 queue=21 dmax=0.774 | shoulder_pan.pos=+28.77 shoulder_lift.pos=+24.35 elbow_flex.pos=-17.81 wrist_flex.pos=+72.05 wrist_roll.pos=-5.21 gripper.pos=+46.29
DEBUG 2026-08-20 07:30:26 [action #202] t=8.43s step=1058 queue=20 dmax=0.528 | shoulder_pan.pos=+29.14 shoulder_lift.pos=+23.89 elbow_flex.pos=-17.66 wrist_flex.pos=+72.58 wrist_roll.pos=-5.31 gripper.pos=+46.62
DEBUG 2026-08-20 07:30:26 [action #203] t=8.46s step=1059 queue=19 dmax=0.796 | shoulder_pan.pos=+28.75 shoulder_lift.pos=+24.11 elbow_flex.pos=-18.40 wrist_flex.pos=+73.38 wrist_roll.pos=-5.24 gripper.pos=+46.28
DEBUG 2026-08-20 07:30:26 [action #204] t=8.49s step=1060 queue=18 dmax=0.712 | shoulder_pan.pos=+28.76 shoulder_lift.pos=+23.94 elbow_flex.pos=-19.11 wrist_flex.pos=+74.04 wrist_roll.pos=-5.30 gripper.pos=+45.91
DEBUG 2026-08-20 07:30:26 [action #205] t=8.53s step=1061 queue=17 dmax=1.022 | shoulder_pan.pos=+28.79 shoulder_lift.pos=+23.59 elbow_flex.pos=-19.94 wrist_flex.pos=+75.06 wrist_roll.pos=-5.32 gripper.pos=+45.68
DEBUG 2026-08-20 07:30:26 [action #206] t=8.56s step=1062 queue=16 dmax=1.221 | shoulder_pan.pos=+28.66 shoulder_lift.pos=+23.92 elbow_flex.pos=-20.69 wrist_flex.pos=+76.28 wrist_roll.pos=-5.40 gripper.pos=+45.60
DEBUG 2026-08-20 07:30:26 [action #207] t=8.59s step=1063 queue=15 dmax=1.359 | shoulder_pan.pos=+28.52 shoulder_lift.pos=+23.85 elbow_flex.pos=-21.42 wrist_flex.pos=+77.64 wrist_roll.pos=-5.58 gripper.pos=+45.53
DEBUG 2026-08-20 07:30:26 [action #208] t=8.63s step=1064 queue=14 dmax=1.629 | shoulder_pan.pos=+28.49 shoulder_lift.pos=+23.88 elbow_flex.pos=-22.76 wrist_flex.pos=+79.27 wrist_roll.pos=-5.71 gripper.pos=+45.55
DEBUG 2026-08-20 07:30:26 [action #209] t=8.66s step=1065 queue=13 dmax=1.665 | shoulder_pan.pos=+27.89 shoulder_lift.pos=+23.84 elbow_flex.pos=-23.37 wrist_flex.pos=+80.94 wrist_roll.pos=-5.75 gripper.pos=+45.68
DEBUG 2026-08-20 07:30:26 [action #210] t=8.70s step=1066 queue=12 dmax=1.626 | shoulder_pan.pos=+27.41 shoulder_lift.pos=+23.95 elbow_flex.pos=-24.79 wrist_flex.pos=+82.56 wrist_roll.pos=-5.73 gripper.pos=+45.71
DEBUG 2026-08-20 07:30:26 [action #211] t=8.73s step=1067 queue=11 dmax=1.787 | shoulder_pan.pos=+27.08 shoulder_lift.pos=+23.74 elbow_flex.pos=-26.58 wrist_flex.pos=+84.22 wrist_roll.pos=-5.88 gripper.pos=+45.58
DEBUG 2026-08-20 07:30:26 [action #212] t=8.76s step=1068 queue=10 dmax=1.604 | shoulder_pan.pos=+26.39 shoulder_lift.pos=+23.80 elbow_flex.pos=-27.27 wrist_flex.pos=+85.83 wrist_roll.pos=-5.80 gripper.pos=+45.51
DEBUG 2026-08-20 07:30:26 [action #213] t=8.80s step=1069 queue=9 dmax=1.598 | shoulder_pan.pos=+25.93 shoulder_lift.pos=+22.82 elbow_flex.pos=-28.29 wrist_flex.pos=+87.43 wrist_roll.pos=-6.00 gripper.pos=+45.54
DEBUG 2026-08-20 07:30:26 [action #214] t=8.83s step=1070 queue=8 dmax=1.600 | shoulder_pan.pos=+25.27 shoulder_lift.pos=+22.64 elbow_flex.pos=-29.87 wrist_flex.pos=+89.03 wrist_roll.pos=-5.82 gripper.pos=+45.42
DEBUG 2026-08-20 07:30:26 [chunk] received 50 actions, timesteps 1048..1097 | first: shoulder_pan.pos=+28.67 shoulder_lift.pos=+13.81 elbow_flex.pos=-18.21 wrist_flex.pos=+73.51 wrist_roll.pos=-7.36 gripper.pos=+35.51 | last: shoulder_pan.pos=+24.17 shoulder_lift.pos=+12.48 elbow_flex.pos=-22.06 wrist_flex.pos=+93.56 wrist_roll.pos=-2.65 gripper.pos=+41.47
DEBUG 2026-08-20 07:30:26 [action #215] t=8.86s step=1071 queue=27 dmax=12.996 | shoulder_pan.pos=+30.74 shoulder_lift.pos=+20.76 elbow_flex.pos=-19.42 wrist_flex.pos=+76.03 wrist_roll.pos=-5.70 gripper.pos=+37.41
DEBUG 2026-08-20 07:30:26 [action #216] t=8.90s step=1072 queue=26 dmax=0.517 | shoulder_pan.pos=+30.55 shoulder_lift.pos=+20.69 elbow_flex.pos=-19.37 wrist_flex.pos=+76.55 wrist_roll.pos=-5.61 gripper.pos=+37.34
DEBUG 2026-08-20 07:30:26 [action #217] t=8.93s step=1073 queue=25 dmax=0.366 | shoulder_pan.pos=+30.36 shoulder_lift.pos=+20.60 elbow_flex.pos=-19.37 wrist_flex.pos=+76.91 wrist_roll.pos=-5.40 gripper.pos=+37.33
DEBUG 2026-08-20 07:30:26 [action #218] t=8.96s step=1074 queue=24 dmax=0.436 | shoulder_pan.pos=+30.07 shoulder_lift.pos=+20.61 elbow_flex.pos=-19.16 wrist_flex.pos=+77.35 wrist_roll.pos=-5.15 gripper.pos=+37.37
DEBUG 2026-08-20 07:30:26 [action #219] t=9.00s step=1075 queue=23 dmax=0.725 | shoulder_pan.pos=+29.79 shoulder_lift.pos=+20.18 elbow_flex.pos=-19.88 wrist_flex.pos=+77.66 wrist_roll.pos=-4.91 gripper.pos=+37.52
DEBUG 2026-08-20 07:30:26 [action #220] t=9.03s step=1076 queue=22 dmax=0.476 | shoulder_pan.pos=+29.38 shoulder_lift.pos=+20.15 elbow_flex.pos=-19.52 wrist_flex.pos=+78.14 wrist_roll.pos=-4.68 gripper.pos=+37.93
DEBUG 2026-08-20 07:30:26 [action #221] t=9.06s step=1077 queue=21 dmax=0.830 | shoulder_pan.pos=+29.15 shoulder_lift.pos=+19.96 elbow_flex.pos=-19.64 wrist_flex.pos=+78.63 wrist_roll.pos=-4.53 gripper.pos=+38.76
DEBUG 2026-08-20 07:30:26 [action #222] t=9.10s step=1078 queue=20 dmax=6.566 | shoulder_pan.pos=+32.14 shoulder_lift.pos=+21.68 elbow_flex.pos=-14.96 wrist_flex.pos=+72.06 wrist_roll.pos=-4.35 gripper.pos=+40.14
DEBUG 2026-08-20 07:30:26 [action #223] t=9.13s step=1079 queue=19 dmax=1.965 | shoulder_pan.pos=+31.76 shoulder_lift.pos=+21.48 elbow_flex.pos=-15.41 wrist_flex.pos=+72.97 wrist_roll.pos=-4.36 gripper.pos=+42.11
DEBUG 2026-08-20 07:30:26 [action #224] t=9.16s step=1080 queue=18 dmax=1.730 | shoulder_pan.pos=+31.51 shoulder_lift.pos=+21.48 elbow_flex.pos=-16.33 wrist_flex.pos=+74.28 wrist_roll.pos=-4.54 gripper.pos=+43.84
DEBUG 2026-08-20 07:30:26 [action #225] t=9.20s step=1081 queue=17 dmax=1.460 | shoulder_pan.pos=+31.08 shoulder_lift.pos=+21.33 elbow_flex.pos=-17.29 wrist_flex.pos=+75.74 wrist_roll.pos=-4.40 gripper.pos=+44.56
DEBUG 2026-08-20 07:30:26 [action #226] t=9.23s step=1082 queue=16 dmax=1.390 | shoulder_pan.pos=+30.74 shoulder_lift.pos=+21.37 elbow_flex.pos=-18.02 wrist_flex.pos=+77.12 wrist_roll.pos=-4.33 gripper.pos=+44.95
DEBUG 2026-08-20 07:30:26 [action #227] t=9.26s step=1083 queue=15 dmax=1.516 | shoulder_pan.pos=+30.43 shoulder_lift.pos=+21.26 elbow_flex.pos=-18.65 wrist_flex.pos=+78.64 wrist_roll.pos=-4.33 gripper.pos=+44.82
DEBUG 2026-08-20 07:30:27 [action #228] t=9.30s step=1084 queue=14 dmax=1.622 | shoulder_pan.pos=+30.06 shoulder_lift.pos=+21.14 elbow_flex.pos=-19.43 wrist_flex.pos=+80.26 wrist_roll.pos=-4.23 gripper.pos=+44.81
DEBUG 2026-08-20 07:30:27 [action #229] t=9.33s step=1085 queue=13 dmax=1.601 | shoulder_pan.pos=+29.59 shoulder_lift.pos=+20.89 elbow_flex.pos=-20.24 wrist_flex.pos=+81.86 wrist_roll.pos=-4.16 gripper.pos=+44.66
DEBUG 2026-08-20 07:30:27 [action #230] t=9.36s step=1086 queue=12 dmax=1.570 | shoulder_pan.pos=+29.22 shoulder_lift.pos=+20.40 elbow_flex.pos=-21.29 wrist_flex.pos=+83.43 wrist_roll.pos=-4.08 gripper.pos=+44.47
DEBUG 2026-08-20 07:30:27 [action #231] t=9.40s step=1087 queue=11 dmax=1.529 | shoulder_pan.pos=+28.88 shoulder_lift.pos=+20.27 elbow_flex.pos=-21.52 wrist_flex.pos=+84.96 wrist_roll.pos=-4.04 gripper.pos=+44.22
DEBUG 2026-08-20 07:30:27 [action #232] t=9.43s step=1088 queue=10 dmax=1.392 | shoulder_pan.pos=+28.64 shoulder_lift.pos=+20.21 elbow_flex.pos=-22.54 wrist_flex.pos=+86.35 wrist_roll.pos=-4.03 gripper.pos=+44.31
DEBUG 2026-08-20 07:30:27 [action #233] t=9.46s step=1089 queue=9 dmax=1.317 | shoulder_pan.pos=+28.49 shoulder_lift.pos=+19.68 elbow_flex.pos=-22.93 wrist_flex.pos=+87.67 wrist_roll.pos=-3.93 gripper.pos=+44.27
DEBUG 2026-08-20 07:30:27 [action #234] t=9.50s step=1090 queue=8 dmax=1.012 | shoulder_pan.pos=+28.04 shoulder_lift.pos=+19.13 elbow_flex.pos=-23.37 wrist_flex.pos=+88.68 wrist_roll.pos=-3.88 gripper.pos=+44.24
DEBUG 2026-08-20 07:30:27 [action #235] t=9.53s step=1091 queue=7 dmax=0.852 | shoulder_pan.pos=+28.02 shoulder_lift.pos=+18.53 elbow_flex.pos=-23.60 wrist_flex.pos=+89.54 wrist_roll.pos=-3.76 gripper.pos=+44.12
DEBUG 2026-08-20 07:30:27 [action #236] t=9.56s step=1092 queue=6 dmax=0.737 | shoulder_pan.pos=+27.55 shoulder_lift.pos=+17.87 elbow_flex.pos=-23.54 wrist_flex.pos=+90.27 wrist_roll.pos=-3.65 gripper.pos=+44.04
DEBUG 2026-08-20 07:30:27 [action #237] t=9.60s step=1093 queue=5 dmax=0.782 | shoulder_pan.pos=+27.07 shoulder_lift.pos=+17.17 elbow_flex.pos=-23.65 wrist_flex.pos=+91.05 wrist_roll.pos=-3.51 gripper.pos=+43.95
DEBUG 2026-08-20 07:30:27 [chunk] received 50 actions, timesteps 1069..1118 | first: shoulder_pan.pos=+29.04 shoulder_lift.pos=+21.25 elbow_flex.pos=-27.03 wrist_flex.pos=+81.81 wrist_roll.pos=-4.86 gripper.pos=+34.24 | last: shoulder_pan.pos=+25.15 shoulder_lift.pos=+14.79 elbow_flex.pos=-27.74 wrist_flex.pos=+100.29 wrist_roll.pos=-2.04 gripper.pos=+41.18
DEBUG 2026-08-20 07:30:27 [action #238] t=9.63s step=1094 queue=25 dmax=7.598 | shoulder_pan.pos=+30.29 shoulder_lift.pos=+23.35 elbow_flex.pos=-23.40 wrist_flex.pos=+83.46 wrist_roll.pos=-3.81 gripper.pos=+44.11
DEBUG 2026-08-20 07:30:27 [action #239] t=9.66s step=1095 queue=24 dmax=0.740 | shoulder_pan.pos=+29.68 shoulder_lift.pos=+23.00 elbow_flex.pos=-23.41 wrist_flex.pos=+84.20 wrist_roll.pos=-3.63 gripper.pos=+44.18
DEBUG 2026-08-20 07:30:27 [action #240] t=9.70s step=1096 queue=23 dmax=0.762 | shoulder_pan.pos=+29.56 shoulder_lift.pos=+22.24 elbow_flex.pos=-23.20 wrist_flex.pos=+84.81 wrist_roll.pos=-3.53 gripper.pos=+43.92
DEBUG 2026-08-20 07:30:27 [action #241] t=9.73s step=1097 queue=22 dmax=0.657 | shoulder_pan.pos=+29.25 shoulder_lift.pos=+21.91 elbow_flex.pos=-23.80 wrist_flex.pos=+85.47 wrist_roll.pos=-3.44 gripper.pos=+43.40
DEBUG 2026-08-20 07:30:27 [action #242] t=9.76s step=1098 queue=21 dmax=4.562 | shoulder_pan.pos=+31.18 shoulder_lift.pos=+26.47 elbow_flex.pos=-25.14 wrist_flex.pos=+82.88 wrist_roll.pos=-3.80 gripper.pos=+44.03
DEBUG 2026-08-20 07:30:27 [action #243] t=9.80s step=1099 queue=20 dmax=0.882 | shoulder_pan.pos=+31.14 shoulder_lift.pos=+26.13 elbow_flex.pos=-25.28 wrist_flex.pos=+83.77 wrist_roll.pos=-3.73 gripper.pos=+44.07
DEBUG 2026-08-20 07:30:27 [action #244] t=9.83s step=1100 queue=19 dmax=0.887 | shoulder_pan.pos=+31.10 shoulder_lift.pos=+25.79 elbow_flex.pos=-25.77 wrist_flex.pos=+84.65 wrist_roll.pos=-3.78 gripper.pos=+44.00
DEBUG 2026-08-20 07:30:27 [action #245] t=9.87s step=1101 queue=18 dmax=1.055 | shoulder_pan.pos=+30.98 shoulder_lift.pos=+25.76 elbow_flex.pos=-26.34 wrist_flex.pos=+85.71 wrist_roll.pos=-3.56 gripper.pos=+44.06
DEBUG 2026-08-20 07:30:27 [action #246] t=9.90s step=1102 queue=17 dmax=0.880 | shoulder_pan.pos=+30.73 shoulder_lift.pos=+25.54 elbow_flex.pos=-26.35 wrist_flex.pos=+86.59 wrist_roll.pos=-3.46 gripper.pos=+43.94
DEBUG 2026-08-20 07:30:27 [action #247] t=9.93s step=1103 queue=16 dmax=1.190 | shoulder_pan.pos=+30.70 shoulder_lift.pos=+25.94 elbow_flex.pos=-27.43 wrist_flex.pos=+87.78 wrist_roll.pos=-3.42 gripper.pos=+43.85
DEBUG 2026-08-20 07:30:27 [action #248] t=9.97s step=1104 queue=15 dmax=1.338 | shoulder_pan.pos=+30.50 shoulder_lift.pos=+25.77 elbow_flex.pos=-27.98 wrist_flex.pos=+89.12 wrist_roll.pos=-3.20 gripper.pos=+43.72
DEBUG 2026-08-20 07:30:27 [action #249] t=10.00s step=1105 queue=14 dmax=1.432 | shoulder_pan.pos=+30.30 shoulder_lift.pos=+25.36 elbow_flex.pos=-28.40 wrist_flex.pos=+90.55 wrist_roll.pos=-3.11 gripper.pos=+43.74
DEBUG 2026-08-20 07:30:27 [action #250] t=10.03s step=1106 queue=13 dmax=1.338 | shoulder_pan.pos=+30.16 shoulder_lift.pos=+25.15 elbow_flex.pos=-29.29 wrist_flex.pos=+91.89 wrist_roll.pos=-3.08 gripper.pos=+43.49
DEBUG 2026-08-20 07:30:27 [action #251] t=10.07s step=1107 queue=12 dmax=1.373 | shoulder_pan.pos=+29.71 shoulder_lift.pos=+24.65 elbow_flex.pos=-30.06 wrist_flex.pos=+93.26 wrist_roll.pos=-3.08 gripper.pos=+43.45
DEBUG 2026-08-20 07:30:27 [action #252] t=10.10s step=1108 queue=11 dmax=1.023 | shoulder_pan.pos=+29.47 shoulder_lift.pos=+24.30 elbow_flex.pos=-30.25 wrist_flex.pos=+94.28 wrist_roll.pos=-2.95 gripper.pos=+43.38
DEBUG 2026-08-20 07:30:27 [action #253] t=10.13s step=1109 queue=10 dmax=0.986 | shoulder_pan.pos=+29.00 shoulder_lift.pos=+24.20 elbow_flex.pos=-31.12 wrist_flex.pos=+95.27 wrist_roll.pos=-2.95 gripper.pos=+43.39
DEBUG 2026-08-20 07:30:27 [action #254] t=10.17s step=1110 queue=9 dmax=0.843 | shoulder_pan.pos=+28.86 shoulder_lift.pos=+23.36 elbow_flex.pos=-30.97 wrist_flex.pos=+95.93 wrist_roll.pos=-2.96 gripper.pos=+43.07
DEBUG 2026-08-20 07:30:27 [action #255] t=10.20s step=1111 queue=8 dmax=0.823 | shoulder_pan.pos=+28.51 shoulder_lift.pos=+23.02 elbow_flex.pos=-31.19 wrist_flex.pos=+96.75 wrist_roll.pos=-2.81 gripper.pos=+43.02
DEBUG 2026-08-20 07:30:27 [action #256] t=10.23s step=1112 queue=7 dmax=1.173 | shoulder_pan.pos=+28.49 shoulder_lift.pos=+22.10 elbow_flex.pos=-30.02 wrist_flex.pos=+97.39 wrist_roll.pos=-2.92 gripper.pos=+42.85
DEBUG 2026-08-20 07:30:27 [action #257] t=10.27s step=1113 queue=6 dmax=0.950 | shoulder_pan.pos=+27.93 shoulder_lift.pos=+21.15 elbow_flex.pos=-30.88 wrist_flex.pos=+97.81 wrist_roll.pos=-2.69 gripper.pos=+42.76
DEBUG 2026-08-20 07:30:28 [action #258] t=10.30s step=1114 queue=5 dmax=0.636 | shoulder_pan.pos=+27.47 shoulder_lift.pos=+20.52 elbow_flex.pos=-30.54 wrist_flex.pos=+98.30 wrist_roll.pos=-2.59 gripper.pos=+42.56
DEBUG 2026-08-20 07:30:28 [action #259] t=10.33s step=1115 queue=4 dmax=1.756 | shoulder_pan.pos=+26.72 shoulder_lift.pos=+18.76 elbow_flex.pos=-29.83 wrist_flex.pos=+98.90 wrist_roll.pos=-2.54 gripper.pos=+42.48
DEBUG 2026-08-20 07:30:28 [action #260] t=10.37s step=1116 queue=3 dmax=0.870 | shoulder_pan.pos=+26.53 shoulder_lift.pos=+18.01 elbow_flex.pos=-28.96 wrist_flex.pos=+99.11 wrist_roll.pos=-2.49 gripper.pos=+42.20
DEBUG 2026-08-20 07:30:28 [chunk] received 50 actions, timesteps 1093..1142 | first: shoulder_pan.pos=+31.72 shoulder_lift.pos=+16.76 elbow_flex.pos=-24.89 wrist_flex.pos=+89.54 wrist_roll.pos=-4.25 gripper.pos=+36.57 | last: shoulder_pan.pos=+28.28 shoulder_lift.pos=+18.91 elbow_flex.pos=-19.86 wrist_flex.pos=+96.58 wrist_roll.pos=-0.70 gripper.pos=+41.30
DEBUG 2026-08-20 07:30:28 [action #261] t=10.40s step=1117 queue=26 dmax=12.309 | shoulder_pan.pos=+33.44 shoulder_lift.pos=+18.62 elbow_flex.pos=-20.11 wrist_flex.pos=+86.80 wrist_roll.pos=-2.35 gripper.pos=+32.32
DEBUG 2026-08-20 07:30:28 [action #262] t=10.43s step=1118 queue=25 dmax=0.514 | shoulder_pan.pos=+33.19 shoulder_lift.pos=+19.14 elbow_flex.pos=-20.21 wrist_flex.pos=+87.05 wrist_roll.pos=-2.30 gripper.pos=+32.59
DEBUG 2026-08-20 07:30:28 [action #263] t=10.47s step=1119 queue=24 dmax=5.129 | shoulder_pan.pos=+36.40 shoulder_lift.pos=+21.09 elbow_flex.pos=-17.82 wrist_flex.pos=+81.92 wrist_roll.pos=-2.54 gripper.pos=+29.48
DEBUG 2026-08-20 07:30:28 [chunk] received 50 actions, timesteps 1116..1165 | first: shoulder_pan.pos=+32.10 shoulder_lift.pos=+21.16 elbow_flex.pos=-32.42 wrist_flex.pos=+93.04 wrist_roll.pos=-3.28 gripper.pos=+36.90 | last: shoulder_pan.pos=+15.14 shoulder_lift.pos=-4.98 elbow_flex.pos=-3.77 wrist_flex.pos=+98.10 wrist_roll.pos=+2.78 gripper.pos=+40.89
INFO 2026-08-20 07:30:28 Final action sent: shoulder_pan.pos=+36.40 shoulder_lift.pos=+21.09 elbow_flex.pos=-17.82 wrist_flex.pos=+81.92 wrist_roll.pos=-2.54 gripper.pos=+29.48
DEBUG 2026-08-20 07:30:28 === episode end | 11.0s | converged=False | actions=263 ===
