episode_dir,task,chunk_id,must_go,input_timestep,input_elapsed,unix_ts,front_img,wrist_img,recap_img,returned_len,exec_index,exec_timestep,exec_action_n,in_shoulder_pan.pos,in_shoulder_lift.pos,in_elbow_flex.pos,in_wrist_flex.pos,in_wrist_roll.pos,in_gripper.pos,act_shoulder_pan.pos,act_shoulder_lift.pos,act_elbow_flex.pos,act_wrist_flex.pos,act_wrist_roll.pos,act_gripper.pos
069_cylinder,put the cylinder on the tray,1,1,0,0.0,1788427673.8783548,00000_front_put_the_cylinder_on_the_tray.png,00000_wrist_put_the_cylinder_on_the_tray.png,recap.png,50,0,0,1,-4.923076923076923,-101.93406593406593,91.82417582417582,74.9010989010989,-0.21978021978021978,1.1643835616438356,-4.671722412109375,-102.03555297851562,88.67361450195312,74.26448059082031,0.08059883117675781,0.7446777820587158
069_cylinder,put the cylinder on the tray,1,1,0,0.0,1788427673.8783548,00000_front_put_the_cylinder_on_the_tray.png,00000_wrist_put_the_cylinder_on_the_tray.png,recap.png,50,1,1,2,-4.923076923076923,-101.93406593406593,91.82417582417582,74.9010989010989,-0.21978021978021978,1.1643835616438356,-4.965259552001953,-101.82501220703125,88.54055786132812,74.12201690673828,0.044460296630859375,0.8088439702987671
069_cylinder,put the cylinder on the tray,1,1,0,0.0,1788427673.8783548,00000_front_put_the_cylinder_on_the_tray.png,00000_wrist_put_the_cylinder_on_the_tray.png,recap.png,50,2,2,3,-4.923076923076923,-101.93406593406593,91.82417582417582,74.9010989010989,-0.21978021978021978,1.1643835616438356,-5.256826400756836,-101.6449966430664,88.0914306640625,73.98603057861328,0.06622028350830078,0.8426318168640137
069_cylinder,put the cylinder on the tray,1,1,0,0.0,1788427673.8783548,00000_front_put_the_cylinder_on_the_tray.png,00000_wrist_put_the_cylinder_on_the_tray.png,recap.png,50,3,3,4,-4.923076923076923,-101.93406593406593,91.82417582417582,74.9010989010989,-0.21978021978021978,1.1643835616438356,-5.548526763916016,-102.29766082763672,88.12442016601562,73.85868072509766,0.007168769836425781,0.802086591720581
069_cylinder,put the cylinder on the tray,1,1,0,0.0,1788427673.8783548,00000_front_put_the_cylinder_on_the_tray.png,00000_wrist_put_the_cylinder_on_the_tray.png,recap.png,50,4,4,5,-4.923076923076923,-101.93406593406593,91.82417582417582,74.9010989010989,-0.21978021978021978,1.1643835616438356,-5.956293106079102,-102.15032958984375,88.47189331054688,73.88150787353516,0.026427268981933594,0.868868887424469
069_cylinder,put the cylinder on the tray,1,1,0,0.0,1788427673.8783548,00000_front_put_the_cylinder_on_the_tray.png,00000_wrist_put_the_cylinder_on_the_tray.png,recap.png,50,5,5,6,-4.923076923076923,-101.93406593406593,91.82417582417582,74.9010989010989,-0.21978021978021978,1.1643835616438356,-6.501871109008789,-101.95841217041016,87.961669921875,73.70008850097656,0.07026863098144531,0.7932569980621338
069_cylinder,put the cylinder on the tray,1,1,0,0.0,1788427673.8783548,00000_front_put_the_cylinder_on_the_tray.png,00000_wrist_put_the_cylinder_on_the_tray.png,recap.png,50,6,6,7,-4.923076923076923,-101.93406593406593,91.82417582417582,74.9010989010989,-0.21978021978021978,1.1643835616438356,-6.969608306884766,-102.21731567382812,88.08059692382812,73.69705963134766,0.044829368591308594,0.7752037644386292
069_cylinder,put the cylinder on the tray,1,1,0,0.0,1788427673.8783548,00000_front_put_the_cylinder_on_the_tray.png,00000_wrist_put_the_cylinder_on_the_tray.png,recap.png,50,7,7,8,-4.923076923076923,-101.93406593406593,91.82417582417582,74.9010989010989,-0.21978021978021978,1.1643835616438356,-7.1784820556640625,-102.0004653930664,88.16290283203125,73.83291625976562,0.0958261489868164,0.8895934224128723
069_cylinder,put the cylinder on the tray,1,1,0,0.0,1788427673.8783548,00000_front_put_the_cylinder_on_the_tray.png,00000_wrist_put_the_cylinder_on_the_tray.png,recap.png,50,8,8,9,-4.923076923076923,-101.93406593406593,91.82417582417582,74.9010989010989,-0.21978021978021978,1.1643835616438356,-7.440549850463867,-101.83195495605469,87.79817199707031,73.8708724975586,0.08603668212890625,0.8414443135261536
069_cylinder,put the cylinder on the tray,1,1,0,0.0,1788427673.8783548,00000_front_put_the_cylinder_on_the_tray.png,00000_wrist_put_the_cylinder_on_the_tray.png,recap.png,50,9,9,10,-4.923076923076923,-101.93406593406593,91.82417582417582,74.9010989010989,-0.21978021978021978,1.1643835616438356,-7.389581680297852,-102.20646667480469,87.81303405761719,73.71096801757812,0.13102149963378906,0.8369864821434021
069_cylinder,put the cylinder on the tray,1,1,0,0.0,1788427673.8783548,00000_front_put_the_cylinder_on_the_tray.png,00000_wrist_put_the_cylinder_on_the_tray.png,recap.png,50,10,10,11,-4.923076923076923,-101.93406593406593,91.82417582417582,74.9010989010989,-0.21978021978021978,1.1643835616438356,-7.195949554443359,-102.17051696777344,87.60057067871094,73.58110809326172,0.08122920989990234,0.8431076407432556
069_cylinder,put the cylinder on the tray,1,1,0,0.0,1788427673.8783548,00000_front_put_the_cylinder_on_the_tray.png,00000_wrist_put_the_cylinder_on_the_tray.png,recap.png,50,11,11,12,-4.923076923076923,-101.93406593406593,91.82417582417582,74.9010989010989,-0.21978021978021978,1.1643835616438356,-7.370939254760742,-101.56198120117188,87.7608642578125,73.55754852294922,0.17301082611083984,0.7082303166389465
069_cylinder,put the cylinder on the tray,1,1,0,0.0,1788427673.8783548,00000_front_put_the_cylinder_on_the_tray.png,00000_wrist_put_the_cylinder_on_the_tray.png,recap.png,50,12,12,13,-4.923076923076923,-101.93406593406593,91.82417582417582,74.9010989010989,-0.21978021978021978,1.1643835616438356,-7.368000030517578,-101.64020538330078,87.91665649414062,73.61961364746094,0.15983295440673828,0.7346617579460144
069_cylinder,put the cylinder on the tray,1,1,0,0.0,1788427673.8783548,00000_front_put_the_cylinder_on_the_tray.png,00000_wrist_put_the_cylinder_on_the_tray.png,recap.png,50,13,13,14,-4.923076923076923,-101.93406593406593,91.82417582417582,74.9010989010989,-0.21978021978021978,1.1643835616438356,-7.226102828979492,-102.03807067871094,87.29774475097656,73.70360565185547,0.16442012786865234,0.9439761638641357
069_cylinder,put the cylinder on the tray,1,1,0,0.0,1788427673.8783548,00000_front_put_the_cylinder_on_the_tray.png,00000_wrist_put_the_cylinder_on_the_tray.png,recap.png,50,14,14,15,-4.923076923076923,-101.93406593406593,91.82417582417582,74.9010989010989,-0.21978021978021978,1.1643835616438356,-7.454479217529297,-101.75446319580078,87.78411865234375,73.52745056152344,0.1515045166015625,0.8604587912559509
069_cylinder,put the cylinder on the tray,1,1,0,0.0,1788427673.8783548,00000_front_put_the_cylinder_on_the_tray.png,00000_wrist_put_the_cylinder_on_the_tray.png,recap.png,50,15,15,16,-4.923076923076923,-101.93406593406593,91.82417582417582,74.9010989010989,-0.21978021978021978,1.1643835616438356,-7.103727340698242,-101.5571517944336,87.7293701171875,73.36445617675781,0.13259220123291016,0.8032889366149902
069_cylinder,put the cylinder on the tray,1,1,0,0.0,1788427673.8783548,00000_front_put_the_cylinder_on_the_tray.png,00000_wrist_put_the_cylinder_on_the_tray.png,recap.png,50,16,16,17,-4.923076923076923,-101.93406593406593,91.82417582417582,74.9010989010989,-0.21978021978021978,1.1643835616438356,-7.018436431884766,-102.06015014648438,87.8714599609375,73.30945587158203,0.12163066864013672,0.7994747757911682
069_cylinder,put the cylinder on the tray,1,1,0,0.0,1788427673.8783548,00000_front_put_the_cylinder_on_the_tray.png,00000_wrist_put_the_cylinder_on_the_tray.png,recap.png,50,17,17,18,-4.923076923076923,-101.93406593406593,91.82417582417582,74.9010989010989,-0.21978021978021978,1.1643835616438356,-6.631141662597656,-102.05720520019531,87.83515930175781,72.95869445800781,0.08319377899169922,0.8583164811134338
069_cylinder,put the cylinder on the tray,1,1,0,0.0,1788427673.8783548,00000_front_put_the_cylinder_on_the_tray.png,00000_wrist_put_the_cylinder_on_the_tray.png,recap.png,50,18,18,19,-4.923076923076923,-101.93406593406593,91.82417582417582,74.9010989010989,-0.21978021978021978,1.1643835616438356,-6.425134658813477,-101.61408996582031,87.81100463867188,72.83869934082031,0.09113693237304688,0.8129714727401733
069_cylinder,put the cylinder on the tray,1,1,0,0.0,1788427673.8783548,00000_front_put_the_cylinder_on_the_tray.png,00000_wrist_put_the_cylinder_on_the_tray.png,recap.png,50,19,19,20,-4.923076923076923,-101.93406593406593,91.82417582417582,74.9010989010989,-0.21978021978021978,1.1643835616438356,-6.275794982910156,-101.57495880126953,87.91946411132812,72.37060546875,0.05943107604980469,0.9651755094528198
069_cylinder,put the cylinder on the tray,1,1,0,0.0,1788427673.8783548,00000_front_put_the_cylinder_on_the_tray.png,00000_wrist_put_the_cylinder_on_the_tray.png,recap.png,50,20,20,21,-4.923076923076923,-101.93406593406593,91.82417582417582,74.9010989010989,-0.21978021978021978,1.1643835616438356,-6.396823883056641,-101.89811706542969,88.20561218261719,72.18353271484375,-0.10225963592529297,0.8750367164611816
069_cylinder,put the cylinder on the tray,1,1,0,0.0,1788427673.8783548,00000_front_put_the_cylinder_on_the_tray.png,00000_wrist_put_the_cylinder_on_the_tray.png,recap.png,50,21,21,22,-4.923076923076923,-101.93406593406593,91.82417582417582,74.9010989010989,-0.21978021978021978,1.1643835616438356,-6.133062362670898,-102.01365661621094,88.05642700195312,71.68019104003906,-0.01865673065185547,0.973588764667511
069_cylinder,put the cylinder on the tray,1,1,0,0.0,1788427673.8783548,00000_front_put_the_cylinder_on_the_tray.png,00000_wrist_put_the_cylinder_on_the_tray.png,recap.png,50,22,22,23,-4.923076923076923,-101.93406593406593,91.82417582417582,74.9010989010989,-0.21978021978021978,1.1643835616438356,-6.240694046020508,-101.66326141357422,88.05683898925781,71.38866424560547,-0.055896759033203125,0.9138877987861633
069_cylinder,put the cylinder on the tray,1,1,0,0.0,1788427673.8783548,00000_front_put_the_cylinder_on_the_tray.png,00000_wrist_put_the_cylinder_on_the_tray.png,recap.png,50,23,23,24,-4.923076923076923,-101.93406593406593,91.82417582417582,74.9010989010989,-0.21978021978021978,1.1643835616438356,-6.12834358215332,-101.74563598632812,87.78643798828125,70.82051849365234,0.03780174255371094,0.9354875683784485
069_cylinder,put the cylinder on the tray,1,1,0,0.0,1788427673.8783548,00000_front_put_the_cylinder_on_the_tray.png,00000_wrist_put_the_cylinder_on_the_tray.png,recap.png,50,24,24,25,-4.923076923076923,-101.93406593406593,91.82417582417582,74.9010989010989,-0.21978021978021978,1.1643835616438356,-6.064062118530273,-101.77236938476562,88.05580139160156,70.20126342773438,0.0003814697265625,0.9436203837394714
069_cylinder,put the cylinder on the tray,1,1,0,0.0,1788427673.8783548,00000_front_put_the_cylinder_on_the_tray.png,00000_wrist_put_the_cylinder_on_the_tray.png,recap.png,50,25,25,26,-4.923076923076923,-101.93406593406593,91.82417582417582,74.9010989010989,-0.21978021978021978,1.1643835616438356,-6.165071487426758,-101.9563217163086,88.3048095703125,69.86602783203125,0.08283519744873047,0.8496907949447632
069_cylinder,put the cylinder on the tray,1,1,0,0.0,1788427673.8783548,00000_front_put_the_cylinder_on_the_tray.png,00000_wrist_put_the_cylinder_on_the_tray.png,recap.png,50,26,26,27,-4.923076923076923,-101.93406593406593,91.82417582417582,74.9010989010989,-0.21978021978021978,1.1643835616438356,-5.972345352172852,-102.29080200195312,88.15911865234375,69.29121398925781,0.09808921813964844,0.7879431247711182
069_cylinder,put the cylinder on the tray,1,1,0,0.0,1788427673.8783548,00000_front_put_the_cylinder_on_the_tray.png,00000_wrist_put_the_cylinder_on_the_tray.png,recap.png,50,27,27,28,-4.923076923076923,-101.93406593406593,91.82417582417582,74.9010989010989,-0.21978021978021978,1.1643835616438356,-6.090766906738281,-101.61100769042969,87.95997619628906,69.25963592529297,0.08613872528076172,0.8920204043388367
069_cylinder,put the cylinder on the tray,1,1,0,0.0,1788427673.8783548,00000_front_put_the_cylinder_on_the_tray.png,00000_wrist_put_the_cylinder_on_the_tray.png,recap.png,50,28,28,29,-4.923076923076923,-101.93406593406593,91.82417582417582,74.9010989010989,-0.21978021978021978,1.1643835616438356,-5.739690780639648,-102.04718017578125,87.69029235839844,68.77191925048828,0.07950210571289062,0.8170936107635498
069_cylinder,put the cylinder on the tray,1,1,0,0.0,1788427673.8783548,00000_front_put_the_cylinder_on_the_tray.png,00000_wrist_put_the_cylinder_on_the_tray.png,recap.png,50,29,29,30,-4.923076923076923,-101.93406593406593,91.82417582417582,74.9010989010989,-0.21978021978021978,1.1643835616438356,-5.67786979675293,-102.24592590332031,87.67874145507812,68.68685913085938,0.08695411682128906,0.8857463002204895
069_cylinder,put the cylinder on the tray,1,1,0,0.0,1788427673.8783548,00000_front_put_the_cylinder_on_the_tray.png,00000_wrist_put_the_cylinder_on_the_tray.png,recap.png,50,30,30,31,-4.923076923076923,-101.93406593406593,91.82417582417582,74.9010989010989,-0.21978021978021978,1.1643835616438356,-5.374792098999023,-101.99091339111328,87.44102478027344,68.34650421142578,0.11496448516845703,0.9130391478538513
069_cylinder,put the cylinder on the tray,2,0,3,1.872,1788427675.7552865,00001_front_put_the_cylinder_on_the_tray.png,00001_wrist_put_the_cylinder_on_the_tray.png,recap.png,50,0,31,32,-4.923076923076923,-101.31868131868131,90.85714285714286,74.9010989010989,-0.21978021978021978,1.0273972602739725,-5.329485893249512,-101.86827087402344,86.6047134399414,68.83447265625,0.031356047838926315,0.9057180881500244
069_cylinder,put the cylinder on the tray,2,0,3,1.872,1788427675.7552865,00001_front_put_the_cylinder_on_the_tray.png,00001_wrist_put_the_cylinder_on_the_tray.png,recap.png,50,1,32,33,-4.923076923076923,-101.31868131868131,90.85714285714286,74.9010989010989,-0.21978021978021978,1.0273972602739725,-5.144467830657959,-101.44758605957031,86.654052734375,68.75794982910156,-0.036055371165275574,1.017959713935852
069_cylinder,put the cylinder on the tray,2,0,3,1.872,1788427675.7552865,00001_front_put_the_cylinder_on_the_tray.png,00001_wrist_put_the_cylinder_on_the_tray.png,recap.png,50,2,33,34,-4.923076923076923,-101.31868131868131,90.85714285714286,74.9010989010989,-0.21978021978021978,1.0273972602739725,-5.164697647094727,-101.48590850830078,86.32762145996094,68.90986633300781,0.06331796944141388,0.9714243412017822
069_cylinder,put the cylinder on the tray,2,0,3,1.872,1788427675.7552865,00001_front_put_the_cylinder_on_the_tray.png,00001_wrist_put_the_cylinder_on_the_tray.png,recap.png,50,3,34,35,-4.923076923076923,-101.31868131868131,90.85714285714286,74.9010989010989,-0.21978021978021978,1.0273972602739725,-5.094185829162598,-101.71605682373047,86.06670379638672,68.83039855957031,0.07136411964893341,0.9133700132369995
069_cylinder,put the cylinder on the tray,2,0,3,1.872,1788427675.7552865,00001_front_put_the_cylinder_on_the_tray.png,00001_wrist_put_the_cylinder_on_the_tray.png,recap.png,50,4,35,36,-4.923076923076923,-101.31868131868131,90.85714285714286,74.9010989010989,-0.21978021978021978,1.0273972602739725,-4.97721529006958,-101.4623794555664,85.98816680908203,68.94035339355469,0.04451494291424751,0.8899140954017639
069_cylinder,put the cylinder on the tray,2,0,3,1.872,1788427675.7552865,00001_front_put_the_cylinder_on_the_tray.png,00001_wrist_put_the_cylinder_on_the_tray.png,recap.png,50,5,36,37,-4.923076923076923,-101.31868131868131,90.85714285714286,74.9010989010989,-0.21978021978021978,1.0273972602739725,-4.864507675170898,-101.28205871582031,85.30120086669922,68.97952270507812,0.06435642391443253,0.8938705325126648
069_cylinder,put the cylinder on the tray,2,0,3,1.872,1788427675.7552865,00001_front_put_the_cylinder_on_the_tray.png,00001_wrist_put_the_cylinder_on_the_tray.png,recap.png,50,6,37,38,-4.923076923076923,-101.31868131868131,90.85714285714286,74.9010989010989,-0.21978021978021978,1.0273972602739725,-4.842720031738281,-101.63880157470703,85.47704315185547,69.04800415039062,0.04237060621380806,0.9213863611221313
069_cylinder,put the cylinder on the tray,2,0,3,1.872,1788427675.7552865,00001_front_put_the_cylinder_on_the_tray.png,00001_wrist_put_the_cylinder_on_the_tray.png,recap.png,50,7,38,39,-4.923076923076923,-101.31868131868131,90.85714285714286,74.9010989010989,-0.21978021978021978,1.0273972602739725,-4.892721176147461,-101.17643737792969,85.10295104980469,69.17413330078125,0.04369879141449928,0.90188068151474
069_cylinder,put the cylinder on the tray,2,0,3,1.872,1788427675.7552865,00001_front_put_the_cylinder_on_the_tray.png,00001_wrist_put_the_cylinder_on_the_tray.png,recap.png,50,8,39,40,-4.923076923076923,-101.31868131868131,90.85714285714286,74.9010989010989,-0.21978021978021978,1.0273972602739725,-4.819554328918457,-101.52779388427734,85.35198974609375,69.27552795410156,0.047420501708984375,0.9064507484436035
069_cylinder,put the cylinder on the tray,2,0,3,1.872,1788427675.7552865,00001_front_put_the_cylinder_on_the_tray.png,00001_wrist_put_the_cylinder_on_the_tray.png,recap.png,50,9,40,41,-4.923076923076923,-101.31868131868131,90.85714285714286,74.9010989010989,-0.21978021978021978,1.0273972602739725,-4.934917449951172,-101.37654113769531,84.62061309814453,69.35246276855469,0.04312792047858238,0.8392494320869446
069_cylinder,put the cylinder on the tray,2,0,3,1.872,1788427675.7552865,00001_front_put_the_cylinder_on_the_tray.png,00001_wrist_put_the_cylinder_on_the_tray.png,recap.png,50,10,41,42,-4.923076923076923,-101.31868131868131,90.85714285714286,74.9010989010989,-0.21978021978021978,1.0273972602739725,-4.873221397399902,-100.76661682128906,84.44810485839844,69.3924560546875,0.0351383239030838,0.8863633275032043
069_cylinder,put the cylinder on the tray,2,0,3,1.872,1788427675.7552865,00001_front_put_the_cylinder_on_the_tray.png,00001_wrist_put_the_cylinder_on_the_tray.png,recap.png,50,11,42,43,-4.923076923076923,-101.31868131868131,90.85714285714286,74.9010989010989,-0.21978021978021978,1.0273972602739725,-4.790565490722656,-100.7535400390625,83.89228820800781,69.49295043945312,0.06290378421545029,0.847501814365387
069_cylinder,put the cylinder on the tray,2,0,3,1.872,1788427675.7552865,00001_front_put_the_cylinder_on_the_tray.png,00001_wrist_put_the_cylinder_on_the_tray.png,recap.png,50,12,43,44,-4.923076923076923,-101.31868131868131,90.85714285714286,74.9010989010989,-0.21978021978021978,1.0273972602739725,-4.759659767150879,-100.85428619384766,83.56421661376953,69.70649719238281,-0.02447633445262909,0.7991366386413574
069_cylinder,put the cylinder on the tray,2,0,3,1.872,1788427675.7552865,00001_front_put_the_cylinder_on_the_tray.png,00001_wrist_put_the_cylinder_on_the_tray.png,recap.png,50,13,44,45,-4.923076923076923,-101.31868131868131,90.85714285714286,74.9010989010989,-0.21978021978021978,1.0273972602739725,-4.712740421295166,-100.92192840576172,83.27725219726562,69.91371154785156,-0.035513974726200104,0.9112304449081421
069_cylinder,put the cylinder on the tray,2,0,3,1.872,1788427675.7552865,00001_front_put_the_cylinder_on_the_tray.png,00001_wrist_put_the_cylinder_on_the_tray.png,recap.png,50,14,45,46,-4.923076923076923,-101.31868131868131,90.85714285714286,74.9010989010989,-0.21978021978021978,1.0273972602739725,-4.649957180023193,-100.2935562133789,82.93116760253906,70.19097137451172,-0.008812710642814636,0.9399246573448181
069_cylinder,put the cylinder on the tray,2,0,3,1.872,1788427675.7552865,00001_front_put_the_cylinder_on_the_tray.png,00001_wrist_put_the_cylinder_on_the_tray.png,recap.png,50,15,46,47,-4.923076923076923,-101.31868131868131,90.85714285714286,74.9010989010989,-0.21978021978021978,1.0273972602739725,-4.4643402099609375,-99.75294494628906,82.06917572021484,70.2027816772461,-0.09785126149654388,0.9555604457855225
069_cylinder,put the cylinder on the tray,2,0,3,1.872,1788427675.7552865,00001_front_put_the_cylinder_on_the_tray.png,00001_wrist_put_the_cylinder_on_the_tray.png,recap.png,50,16,47,48,-4.923076923076923,-101.31868131868131,90.85714285714286,74.9010989010989,-0.21978021978021978,1.0273972602739725,-4.4873270988464355,-99.37168884277344,81.40715789794922,70.55790710449219,-0.09735231101512909,0.8454077243804932
069_cylinder,put the cylinder on the tray,2,0,3,1.872,1788427675.7552865,00001_front_put_the_cylinder_on_the_tray.png,00001_wrist_put_the_cylinder_on_the_tray.png,recap.png,50,17,48,49,-4.923076923076923,-101.31868131868131,90.85714285714286,74.9010989010989,-0.21978021978021978,1.0273972602739725,-4.40438175201416,-98.38330078125,80.4107894897461,70.50714874267578,-0.15473003685474396,0.9087356328964233
069_cylinder,put the cylinder on the tray,2,0,3,1.872,1788427675.7552865,00001_front_put_the_cylinder_on_the_tray.png,00001_wrist_put_the_cylinder_on_the_tray.png,recap.png,50,18,49,50,-4.923076923076923,-101.31868131868131,90.85714285714286,74.9010989010989,-0.21978021978021978,1.0273972602739725,-4.147906303405762,-97.26441192626953,79.24476623535156,70.50455474853516,-0.219390869140625,0.8373310565948486
069_cylinder,put the cylinder on the tray,2,0,3,1.872,1788427675.7552865,00001_front_put_the_cylinder_on_the_tray.png,00001_wrist_put_the_cylinder_on_the_tray.png,recap.png,50,19,50,51,-4.923076923076923,-101.31868131868131,90.85714285714286,74.9010989010989,-0.21978021978021978,1.0273972602739725,-4.047571182250977,-94.28384399414062,77.85792541503906,70.11541748046875,-0.4166746139526367,0.8539340496063232
069_cylinder,put the cylinder on the tray,2,0,3,1.872,1788427675.7552865,00001_front_put_the_cylinder_on_the_tray.png,00001_wrist_put_the_cylinder_on_the_tray.png,recap.png,50,20,51,52,-4.923076923076923,-101.31868131868131,90.85714285714286,74.9010989010989,-0.21978021978021978,1.0273972602739725,-3.992757797241211,-92.07536315917969,76.0745849609375,69.9376449584961,-0.5125045776367188,0.9694156050682068
069_cylinder,put the cylinder on the tray,2,0,3,1.872,1788427675.7552865,00001_front_put_the_cylinder_on_the_tray.png,00001_wrist_put_the_cylinder_on_the_tray.png,recap.png,50,21,52,53,-4.923076923076923,-101.31868131868131,90.85714285714286,74.9010989010989,-0.21978021978021978,1.0273972602739725,-3.8246803283691406,-90.33200073242188,74.4317626953125,69.9410629272461,-0.6035099029541016,1.0523817539215088
069_cylinder,put the cylinder on the tray,3,0,30,2.776,1788427676.658764,00002_front_put_the_cylinder_on_the_tray.png,00002_wrist_put_the_cylinder_on_the_tray.png,recap.png,50,0,53,54,-6.329670329670329,-101.84615384615384,90.06593406593407,70.15384615384616,-0.21978021978021978,0.9589041095890412,-5.496458053588867,-102.34463500976562,83.23173522949219,69.0788345336914,-0.23895549774169922,0.7081506848335266
069_cylinder,put the cylinder on the tray,3,0,30,2.776,1788427676.658764,00002_front_put_the_cylinder_on_the_tray.png,00002_wrist_put_the_cylinder_on_the_tray.png,recap.png,50,1,54,55,-6.329670329670329,-101.84615384615384,90.06593406593407,70.15384615384616,-0.21978021978021978,0.9589041095890412,-5.713310241699219,-102.62244415283203,82.73773193359375,69.60189819335938,-0.27161121368408203,0.7137396931648254
069_cylinder,put the cylinder on the tray,3,0,30,2.776,1788427676.658764,00002_front_put_the_cylinder_on_the_tray.png,00002_wrist_put_the_cylinder_on_the_tray.png,recap.png,50,2,55,56,-6.329670329670329,-101.84615384615384,90.06593406593407,70.15384615384616,-0.21978021978021978,0.9589041095890412,-5.787040710449219,-102.44161224365234,82.14414978027344,70.11822509765625,-0.2128009796142578,0.641200602054596
069_cylinder,put the cylinder on the tray,3,0,30,2.776,1788427676.658764,00002_front_put_the_cylinder_on_the_tray.png,00002_wrist_put_the_cylinder_on_the_tray.png,recap.png,50,3,56,57,-6.329670329670329,-101.84615384615384,90.06593406593407,70.15384615384616,-0.21978021978021978,0.9589041095890412,-5.893039703369141,-102.8422622680664,81.9300537109375,70.65029907226562,-0.10467720031738281,0.7893663644790649
069_cylinder,put the cylinder on the tray,3,0,30,2.776,1788427676.658764,00002_front_put_the_cylinder_on_the_tray.png,00002_wrist_put_the_cylinder_on_the_tray.png,recap.png,50,4,57,58,-6.329670329670329,-101.84615384615384,90.06593406593407,70.15384615384616,-0.21978021978021978,0.9589041095890412,-5.953956604003906,-102.94230651855469,81.10179138183594,71.283447265625,-0.10246944427490234,0.7068495154380798
069_cylinder,put the cylinder on the tray,3,0,30,2.776,1788427676.658764,00002_front_put_the_cylinder_on_the_tray.png,00002_wrist_put_the_cylinder_on_the_tray.png,recap.png,50,5,58,59,-6.329670329670329,-101.84615384615384,90.06593406593407,70.15384615384616,-0.21978021978021978,0.9589041095890412,-5.914728164672852,-102.49890899658203,80.60362243652344,71.54412841796875,-0.10306930541992188,0.800011157989502
069_cylinder,put the cylinder on the tray,3,0,30,2.776,1788427676.658764,00002_front_put_the_cylinder_on_the_tray.png,00002_wrist_put_the_cylinder_on_the_tray.png,recap.png,50,6,59,60,-6.329670329670329,-101.84615384615384,90.06593406593407,70.15384615384616,-0.21978021978021978,0.9589041095890412,-5.903974533081055,-102.55995178222656,80.30792236328125,71.875,-0.18166351318359375,0.7979357838630676
069_cylinder,put the cylinder on the tray,3,0,30,2.776,1788427676.658764,00002_front_put_the_cylinder_on_the_tray.png,00002_wrist_put_the_cylinder_on_the_tray.png,recap.png,50,7,60,61,-6.329670329670329,-101.84615384615384,90.06593406593407,70.15384615384616,-0.21978021978021978,0.9589041095890412,-5.907470703125,-102.0594253540039,79.64239501953125,72.20448303222656,-0.2387847900390625,0.7036981582641602
069_cylinder,put the cylinder on the tray,3,0,30,2.776,1788427676.658764,00002_front_put_the_cylinder_on_the_tray.png,00002_wrist_put_the_cylinder_on_the_tray.png,recap.png,50,8,61,62,-6.329670329670329,-101.84615384615384,90.06593406593407,70.15384615384616,-0.21978021978021978,0.9589041095890412,-5.8760986328125,-101.70719146728516,79.57693481445312,72.14639282226562,-0.26001739501953125,0.8589919805526733
069_cylinder,put the cylinder on the tray,3,0,30,2.776,1788427676.658764,00002_front_put_the_cylinder_on_the_tray.png,00002_wrist_put_the_cylinder_on_the_tray.png,recap.png,50,9,62,63,-6.329670329670329,-101.84615384615384,90.06593406593407,70.15384615384616,-0.21978021978021978,0.9589041095890412,-5.672849655151367,-101.59138488769531,79.57550048828125,72.12525939941406,-0.30048179626464844,0.8128896951675415
069_cylinder,put the cylinder on the tray,3,0,30,2.776,1788427676.658764,00002_front_put_the_cylinder_on_the_tray.png,00002_wrist_put_the_cylinder_on_the_tray.png,recap.png,50,10,63,64,-6.329670329670329,-101.84615384615384,90.06593406593407,70.15384615384616,-0.21978021978021978,0.9589041095890412,-5.583494186401367,-100.81765747070312,78.86325073242188,71.77298736572266,-0.3390464782714844,0.7878050208091736
069_cylinder,put the cylinder on the tray,3,0,30,2.776,1788427676.658764,00002_front_put_the_cylinder_on_the_tray.png,00002_wrist_put_the_cylinder_on_the_tray.png,recap.png,50,11,64,65,-6.329670329670329,-101.84615384615384,90.06593406593407,70.15384615384616,-0.21978021978021978,0.9589041095890412,-5.443595886230469,-100.50775146484375,78.85678100585938,71.41921997070312,-0.3718528747558594,0.808098316192627
069_cylinder,put the cylinder on the tray,3,0,30,2.776,1788427676.658764,00002_front_put_the_cylinder_on_the_tray.png,00002_wrist_put_the_cylinder_on_the_tray.png,recap.png,50,12,65,66,-6.329670329670329,-101.84615384615384,90.06593406593407,70.15384615384616,-0.21978021978021978,0.9589041095890412,-5.566684722900391,-98.89739227294922,77.28306579589844,70.96688842773438,-0.38637733459472656,0.7388083934783936
069_cylinder,put the cylinder on the tray,3,0,30,2.776,1788427676.658764,00002_front_put_the_cylinder_on_the_tray.png,00002_wrist_put_the_cylinder_on_the_tray.png,recap.png,50,13,66,67,-6.329670329670329,-101.84615384615384,90.06593406593407,70.15384615384616,-0.21978021978021978,0.9589041095890412,-5.626178741455078,-97.57359313964844,76.69723510742188,70.59615325927734,-0.4345979690551758,0.7813333868980408
069_cylinder,put the cylinder on the tray,3,0,30,2.776,1788427676.658764,00002_front_put_the_cylinder_on_the_tray.png,00002_wrist_put_the_cylinder_on_the_tray.png,recap.png,50,14,67,68,-6.329670329670329,-101.84615384615384,90.06593406593407,70.15384615384616,-0.21978021978021978,0.9589041095890412,-5.665210723876953,-95.88504028320312,75.38014221191406,70.11394500732422,-0.5238552093505859,0.6725125908851624
069_cylinder,put the cylinder on the tray,3,0,30,2.776,1788427676.658764,00002_front_put_the_cylinder_on_the_tray.png,00002_wrist_put_the_cylinder_on_the_tray.png,recap.png,50,15,68,69,-6.329670329670329,-101.84615384615384,90.06593406593407,70.15384615384616,-0.21978021978021978,0.9589041095890412,-5.557233810424805,-93.77360534667969,74.56985473632812,69.68731689453125,-0.49207115173339844,0.6048636436462402
069_cylinder,put the cylinder on the tray,3,0,30,2.776,1788427676.658764,00002_front_put_the_cylinder_on_the_tray.png,00002_wrist_put_the_cylinder_on_the_tray.png,recap.png,50,16,69,70,-6.329670329670329,-101.84615384615384,90.06593406593407,70.15384615384616,-0.21978021978021978,0.9589041095890412,-5.405832290649414,-92.19641876220703,73.22831726074219,69.24168395996094,-0.5623397827148438,0.7732844948768616
069_cylinder,put the cylinder on the tray,3,0,30,2.776,1788427676.658764,00002_front_put_the_cylinder_on_the_tray.png,00002_wrist_put_the_cylinder_on_the_tray.png,recap.png,50,17,70,71,-6.329670329670329,-101.84615384615384,90.06593406593407,70.15384615384616,-0.21978021978021978,0.9589041095890412,-5.1912841796875,-89.71710205078125,72.12324523925781,69.0680923461914,-0.6803140640258789,0.8087419867515564
069_cylinder,put the cylinder on the tray,3,0,30,2.776,1788427676.658764,00002_front_put_the_cylinder_on_the_tray.png,00002_wrist_put_the_cylinder_on_the_tray.png,recap.png,50,18,71,72,-6.329670329670329,-101.84615384615384,90.06593406593407,70.15384615384616,-0.21978021978021978,0.9589041095890412,-5.338615417480469,-87.32745361328125,70.38273620605469,68.80615234375,-0.7403125762939453,0.7332130074501038
069_cylinder,put the cylinder on the tray,3,0,30,2.776,1788427676.658764,00002_front_put_the_cylinder_on_the_tray.png,00002_wrist_put_the_cylinder_on_the_tray.png,recap.png,50,19,72,73,-6.329670329670329,-101.84615384615384,90.06593406593407,70.15384615384616,-0.21978021978021978,0.9589041095890412,-5.47119140625,-85.90401458740234,69.86540222167969,68.70903015136719,-0.7821531295776367,0.8520264625549316
069_cylinder,put the cylinder on the tray,3,0,30,2.776,1788427676.658764,00002_front_put_the_cylinder_on_the_tray.png,00002_wrist_put_the_cylinder_on_the_tray.png,recap.png,50,20,73,74,-6.329670329670329,-101.84615384615384,90.06593406593407,70.15384615384616,-0.21978021978021978,0.9589041095890412,-5.123073577880859,-84.04634857177734,68.56844329833984,68.752685546875,-0.7728786468505859,0.7061464190483093
069_cylinder,put the cylinder on the tray,3,0,30,2.776,1788427676.658764,00002_front_put_the_cylinder_on_the_tray.png,00002_wrist_put_the_cylinder_on_the_tray.png,recap.png,50,21,74,75,-6.329670329670329,-101.84615384615384,90.06593406593407,70.15384615384616,-0.21978021978021978,0.9589041095890412,-5.093563079833984,-82.4500732421875,67.7253646850586,68.63412475585938,-0.9702310562133789,0.8397247195243835
069_cylinder,put the cylinder on the tray,3,0,30,2.776,1788427676.658764,00002_front_put_the_cylinder_on_the_tray.png,00002_wrist_put_the_cylinder_on_the_tray.png,recap.png,50,22,75,76,-6.329670329670329,-101.84615384615384,90.06593406593407,70.15384615384616,-0.21978021978021978,0.9589041095890412,-4.92527961730957,-80.87910461425781,66.27749633789062,68.63868713378906,-1.0579910278320312,0.7916924953460693
069_cylinder,put the cylinder on the tray,3,0,30,2.776,1788427676.658764,00002_front_put_the_cylinder_on_the_tray.png,00002_wrist_put_the_cylinder_on_the_tray.png,recap.png,50,23,76,77,-6.329670329670329,-101.84615384615384,90.06593406593407,70.15384615384616,-0.21978021978021978,0.9589041095890412,-5.154335021972656,-79.23381042480469,65.27984619140625,68.68260192871094,-1.190155029296875,0.7927599549293518
069_cylinder,put the cylinder on the tray,4,1,52,3.511,1788427677.3899052,00003_front_put_the_cylinder_on_the_tray.png,00003_wrist_put_the_cylinder_on_the_tray.png,recap.png,50,0,77,78,-4.571428571428571,-97.01098901098901,81.18681318681318,70.15384615384616,-0.21978021978021978,0.9589041095890412,-5.810938358306885,-61.84062194824219,55.075157165527344,69.36644744873047,-1.7454822063446045,5.358700752258301
069_cylinder,put the cylinder on the tray,4,1,52,3.511,1788427677.3899052,00003_front_put_the_cylinder_on_the_tray.png,00003_wrist_put_the_cylinder_on_the_tray.png,recap.png,50,1,78,79,-4.571428571428571,-97.01098901098901,81.18681318681318,70.15384615384616,-0.21978021978021978,0.9589041095890412,-5.944623947143555,-60.304298400878906,54.76211166381836,69.56181335449219,-1.5828375816345215,6.796261310577393
069_cylinder,put the cylinder on the tray,4,1,52,3.511,1788427677.3899052,00003_front_put_the_cylinder_on_the_tray.png,00003_wrist_put_the_cylinder_on_the_tray.png,recap.png,50,2,79,80,-4.571428571428571,-97.01098901098901,81.18681318681318,70.15384615384616,-0.21978021978021978,0.9589041095890412,-6.022399425506592,-59.19131851196289,54.24370574951172,69.70716857910156,-1.7501753568649292,8.157608032226562
069_cylinder,put the cylinder on the tray,4,1,52,3.511,1788427677.3899052,00003_front_put_the_cylinder_on_the_tray.png,00003_wrist_put_the_cylinder_on_the_tray.png,recap.png,50,3,80,81,-4.571428571428571,-97.01098901098901,81.18681318681318,70.15384615384616,-0.21978021978021978,0.9589041095890412,-6.586248397827148,-52.81226348876953,51.34607696533203,70.68753051757812,-1.9101228713989258,13.060117721557617
069_cylinder,put the cylinder on the tray,4,1,52,3.511,1788427677.3899052,00003_front_put_the_cylinder_on_the_tray.png,00003_wrist_put_the_cylinder_on_the_tray.png,recap.png,50,4,81,82,-4.571428571428571,-97.01098901098901,81.18681318681318,70.15384615384616,-0.21978021978021978,0.9589041095890412,-6.508495330810547,-52.89760971069336,50.879486083984375,70.92465209960938,-1.8681316375732422,14.952376365661621
069_cylinder,put the cylinder on the tray,4,1,52,3.511,1788427677.3899052,00003_front_put_the_cylinder_on_the_tray.png,00003_wrist_put_the_cylinder_on_the_tray.png,recap.png,50,5,82,83,-4.571428571428571,-97.01098901098901,81.18681318681318,70.15384615384616,-0.21978021978021978,0.9589041095890412,-6.640893936157227,-53.28301239013672,50.856964111328125,71.4938735961914,-1.9366455078125,16.792156219482422
069_cylinder,put the cylinder on the tray,4,1,52,3.511,1788427677.3899052,00003_front_put_the_cylinder_on_the_tray.png,00003_wrist_put_the_cylinder_on_the_tray.png,recap.png,50,6,83,84,-4.571428571428571,-97.01098901098901,81.18681318681318,70.15384615384616,-0.21978021978021978,0.9589041095890412,-6.5897674560546875,-53.17573547363281,51.147865295410156,71.96306610107422,-1.9604854583740234,18.394041061401367
069_cylinder,put the cylinder on the tray,4,1,52,3.511,1788427677.3899052,00003_front_put_the_cylinder_on_the_tray.png,00003_wrist_put_the_cylinder_on_the_tray.png,recap.png,50,7,84,85,-4.571428571428571,-97.01098901098901,81.18681318681318,70.15384615384616,-0.21978021978021978,0.9589041095890412,-6.741418838500977,-53.46304702758789,51.127471923828125,72.38570404052734,-2.023983955383301,19.84478187561035
069_cylinder,put the cylinder on the tray,4,1,52,3.511,1788427677.3899052,00003_front_put_the_cylinder_on_the_tray.png,00003_wrist_put_the_cylinder_on_the_tray.png,recap.png,50,8,85,86,-4.571428571428571,-97.01098901098901,81.18681318681318,70.15384615384616,-0.21978021978021978,0.9589041095890412,-6.6726837158203125,-53.6154670715332,51.18822479248047,72.9096450805664,-1.9997711181640625,20.949085235595703
069_cylinder,put the cylinder on the tray,4,1,52,3.511,1788427677.3899052,00003_front_put_the_cylinder_on_the_tray.png,00003_wrist_put_the_cylinder_on_the_tray.png,recap.png,50,9,86,87,-4.571428571428571,-97.01098901098901,81.18681318681318,70.15384615384616,-0.21978021978021978,0.9589041095890412,-6.95237922668457,-53.91272735595703,51.65601348876953,73.32572174072266,-2.2094602584838867,21.938533782958984
069_cylinder,put the cylinder on the tray,4,1,52,3.511,1788427677.3899052,00003_front_put_the_cylinder_on_the_tray.png,00003_wrist_put_the_cylinder_on_the_tray.png,recap.png,50,10,87,88,-4.571428571428571,-97.01098901098901,81.18681318681318,70.15384615384616,-0.21978021978021978,0.9589041095890412,-6.9495086669921875,-54.343997955322266,51.45964050292969,73.74164581298828,-2.2351789474487305,22.619903564453125
069_cylinder,put the cylinder on the tray,4,1,52,3.511,1788427677.3899052,00003_front_put_the_cylinder_on_the_tray.png,00003_wrist_put_the_cylinder_on_the_tray.png,recap.png,50,11,88,89,-4.571428571428571,-97.01098901098901,81.18681318681318,70.15384615384616,-0.21978021978021978,0.9589041095890412,-7.204416275024414,-54.34235382080078,52.00616455078125,74.13128662109375,-2.267221450805664,23.248056411743164
069_cylinder,put the cylinder on the tray,4,1,52,3.511,1788427677.3899052,00003_front_put_the_cylinder_on_the_tray.png,00003_wrist_put_the_cylinder_on_the_tray.png,recap.png,50,12,89,90,-4.571428571428571,-97.01098901098901,81.18681318681318,70.15384615384616,-0.21978021978021978,0.9589041095890412,-7.36296272277832,-54.85915756225586,51.71839141845703,74.32667541503906,-2.389667510986328,23.700923919677734
069_cylinder,put the cylinder on the tray,4,1,52,3.511,1788427677.3899052,00003_front_put_the_cylinder_on_the_tray.png,00003_wrist_put_the_cylinder_on_the_tray.png,recap.png,50,13,90,91,-4.571428571428571,-97.01098901098901,81.18681318681318,70.15384615384616,-0.21978021978021978,0.9589041095890412,-7.528356552124023,-54.475677490234375,51.693084716796875,74.25064086914062,-2.3532323837280273,24.624034881591797
069_cylinder,put the cylinder on the tray,4,1,52,3.511,1788427677.3899052,00003_front_put_the_cylinder_on_the_tray.png,00003_wrist_put_the_cylinder_on_the_tray.png,recap.png,50,14,91,92,-4.571428571428571,-97.01098901098901,81.18681318681318,70.15384615384616,-0.21978021978021978,0.9589041095890412,-7.319433212280273,-55.031715393066406,50.96582794189453,74.15620422363281,-2.416621208190918,25.122629165649414
069_cylinder,put the cylinder on the tray,4,1,52,3.511,1788427677.3899052,00003_front_put_the_cylinder_on_the_tray.png,00003_wrist_put_the_cylinder_on_the_tray.png,recap.png,50,15,92,93,-4.571428571428571,-97.01098901098901,81.18681318681318,70.15384615384616,-0.21978021978021978,0.9589041095890412,-7.48249626159668,-54.43252182006836,51.95220184326172,74.18262481689453,-2.330404281616211,26.68656349182129
069_cylinder,put the cylinder on the tray,4,1,52,3.511,1788427677.3899052,00003_front_put_the_cylinder_on_the_tray.png,00003_wrist_put_the_cylinder_on_the_tray.png,recap.png,50,16,93,94,-4.571428571428571,-97.01098901098901,81.18681318681318,70.15384615384616,-0.21978021978021978,0.9589041095890412,-7.601751327514648,-54.417789459228516,52.439598083496094,74.083984375,-2.368593215942383,28.154579162597656
069_cylinder,put the cylinder on the tray,4,1,52,3.511,1788427677.3899052,00003_front_put_the_cylinder_on_the_tray.png,00003_wrist_put_the_cylinder_on_the_tray.png,recap.png,50,17,94,95,-4.571428571428571,-97.01098901098901,81.18681318681318,70.15384615384616,-0.21978021978021978,0.9589041095890412,-7.355070114135742,-54.4814453125,52.02528381347656,73.95368194580078,-2.169771194458008,29.35637092590332
069_cylinder,put the cylinder on the tray,4,1,52,3.511,1788427677.3899052,00003_front_put_the_cylinder_on_the_tray.png,00003_wrist_put_the_cylinder_on_the_tray.png,recap.png,50,18,95,96,-4.571428571428571,-97.01098901098901,81.18681318681318,70.15384615384616,-0.21978021978021978,0.9589041095890412,-7.450262069702148,-53.85661315917969,51.77439880371094,74.02320098876953,-1.9879016876220703,30.39936637878418
069_cylinder,put the cylinder on the tray,4,1,52,3.511,1788427677.3899052,00003_front_put_the_cylinder_on_the_tray.png,00003_wrist_put_the_cylinder_on_the_tray.png,recap.png,50,19,96,97,-4.571428571428571,-97.01098901098901,81.18681318681318,70.15384615384616,-0.21978021978021978,0.9589041095890412,-7.417814254760742,-53.69354248046875,52.12882995605469,73.78610229492188,-1.9765863418579102,30.8121280670166
069_cylinder,put the cylinder on the tray,4,1,52,3.511,1788427677.3899052,00003_front_put_the_cylinder_on_the_tray.png,00003_wrist_put_the_cylinder_on_the_tray.png,recap.png,50,20,97,98,-4.571428571428571,-97.01098901098901,81.18681318681318,70.15384615384616,-0.21978021978021978,0.9589041095890412,-7.314085006713867,-54.15052795410156,52.28273010253906,73.63945770263672,-1.8655614852905273,31.03875732421875
069_cylinder,put the cylinder on the tray,4,1,52,3.511,1788427677.3899052,00003_front_put_the_cylinder_on_the_tray.png,00003_wrist_put_the_cylinder_on_the_tray.png,recap.png,50,21,98,99,-4.571428571428571,-97.01098901098901,81.18681318681318,70.15384615384616,-0.21978021978021978,0.9589041095890412,-7.245229721069336,-53.56578063964844,51.90808868408203,73.27880859375,-1.9507808685302734,31.259349822998047
069_cylinder,put the cylinder on the tray,4,1,52,3.511,1788427677.3899052,00003_front_put_the_cylinder_on_the_tray.png,00003_wrist_put_the_cylinder_on_the_tray.png,recap.png,50,22,99,100,-4.571428571428571,-97.01098901098901,81.18681318681318,70.15384615384616,-0.21978021978021978,0.9589041095890412,-7.354166030883789,-52.756961822509766,52.01332092285156,73.23524475097656,-1.9225149154663086,31.343067169189453
069_cylinder,put the cylinder on the tray,4,1,52,3.511,1788427677.3899052,00003_front_put_the_cylinder_on_the_tray.png,00003_wrist_put_the_cylinder_on_the_tray.png,recap.png,50,23,100,101,-4.571428571428571,-97.01098901098901,81.18681318681318,70.15384615384616,-0.21978021978021978,0.9589041095890412,-7.5801239013671875,-52.5093994140625,51.50807189941406,72.72599029541016,-1.8317937850952148,31.414709091186523
069_cylinder,put the cylinder on the tray,4,1,52,3.511,1788427677.3899052,00003_front_put_the_cylinder_on_the_tray.png,00003_wrist_put_the_cylinder_on_the_tray.png,recap.png,50,24,101,102,-4.571428571428571,-97.01098901098901,81.18681318681318,70.15384615384616,-0.21978021978021978,0.9589041095890412,-7.731515884399414,-51.309608459472656,51.359657287597656,72.4836654663086,-1.8948163986206055,31.66045570373535
069_cylinder,put the cylinder on the tray,5,0,76,4.514,1788427678.3963423,00004_front_put_the_cylinder_on_the_tray.png,00004_wrist_put_the_cylinder_on_the_tray.png,recap.png,50,0,102,103,-5.450549450549451,-84.35164835164835,71.25274725274726,69.97802197802197,-0.3076923076923077,0.7534246575342466,-5.251256942749023,-57.74823760986328,57.12732696533203,71.48516845703125,-1.2575016021728516,27.701684951782227
069_cylinder,put the cylinder on the tray,5,0,76,4.514,1788427678.3963423,00004_front_put_the_cylinder_on_the_tray.png,00004_wrist_put_the_cylinder_on_the_tray.png,recap.png,50,1,103,104,-5.450549450549451,-84.35164835164835,71.25274725274726,69.97802197802197,-0.3076923076923077,0.7534246575342466,-5.421787261962891,-56.56581115722656,56.34800720214844,71.37045288085938,-1.3012866973876953,28.726274490356445
069_cylinder,put the cylinder on the tray,5,0,76,4.514,1788427678.3963423,00004_front_put_the_cylinder_on_the_tray.png,00004_wrist_put_the_cylinder_on_the_tray.png,recap.png,50,2,104,105,-5.450549450549451,-84.35164835164835,71.25274725274726,69.97802197802197,-0.3076923076923077,0.7534246575342466,-5.775459289550781,-56.11323547363281,55.98004913330078,71.67182922363281,-1.2494878768920898,29.638612747192383
069_cylinder,put the cylinder on the tray,5,0,76,4.514,1788427678.3963423,00004_front_put_the_cylinder_on_the_tray.png,00004_wrist_put_the_cylinder_on_the_tray.png,recap.png,50,3,105,106,-5.450549450549451,-84.35164835164835,71.25274725274726,69.97802197802197,-0.3076923076923077,0.7534246575342466,-5.882562637329102,-55.33817672729492,55.94579315185547,71.77644348144531,-1.3066043853759766,30.615581512451172
069_cylinder,put the cylinder on the tray,5,0,76,4.514,1788427678.3963423,00004_front_put_the_cylinder_on_the_tray.png,00004_wrist_put_the_cylinder_on_the_tray.png,recap.png,50,4,106,107,-5.450549450549451,-84.35164835164835,71.25274725274726,69.97802197802197,-0.3076923076923077,0.7534246575342466,-5.856134414672852,-54.11307144165039,55.3056640625,71.78123474121094,-1.4012765884399414,31.203332901000977
069_cylinder,put the cylinder on the tray,5,0,76,4.514,1788427678.3963423,00004_front_put_the_cylinder_on_the_tray.png,00004_wrist_put_the_cylinder_on_the_tray.png,recap.png,50,5,107,108,-5.450549450549451,-84.35164835164835,71.25274725274726,69.97802197802197,-0.3076923076923077,0.7534246575342466,-6.101062774658203,-53.238929748535156,55.092491149902344,71.87887573242188,-1.3295316696166992,31.51738739013672
069_cylinder,put the cylinder on the tray,5,0,76,4.514,1788427678.3963423,00004_front_put_the_cylinder_on_the_tray.png,00004_wrist_put_the_cylinder_on_the_tray.png,recap.png,50,6,108,109,-5.450549450549451,-84.35164835164835,71.25274725274726,69.97802197802197,-0.3076923076923077,0.7534246575342466,-6.125421524047852,-52.505653381347656,54.19514465332031,71.91926574707031,-1.3011302947998047,31.517724990844727
069_cylinder,put the cylinder on the tray,5,0,76,4.514,1788427678.3963423,00004_front_put_the_cylinder_on_the_tray.png,00004_wrist_put_the_cylinder_on_the_tray.png,recap.png,50,7,109,110,-5.450549450549451,-84.35164835164835,71.25274725274726,69.97802197802197,-0.3076923076923077,0.7534246575342466,-6.077354431152344,-51.47542953491211,53.95603942871094,71.99974060058594,-1.2817363739013672,31.272418975830078
069_cylinder,put the cylinder on the tray,5,0,76,4.514,1788427678.3963423,00004_front_put_the_cylinder_on_the_tray.png,00004_wrist_put_the_cylinder_on_the_tray.png,recap.png,50,8,110,111,-5.450549450549451,-84.35164835164835,71.25274725274726,69.97802197802197,-0.3076923076923077,0.7534246575342466,-6.510368347167969,-50.770042419433594,53.12358856201172,71.97437286376953,-1.2177057266235352,31.070226669311523
069_cylinder,put the cylinder on the tray,5,0,76,4.514,1788427678.3963423,00004_front_put_the_cylinder_on_the_tray.png,00004_wrist_put_the_cylinder_on_the_tray.png,recap.png,50,9,111,112,-5.450549450549451,-84.35164835164835,71.25274725274726,69.97802197802197,-0.3076923076923077,0.7534246575342466,-6.405670166015625,-49.22925567626953,52.715309143066406,71.82660675048828,-1.1738872528076172,30.897233963012695
069_cylinder,put the cylinder on the tray,5,0,76,4.514,1788427678.3963423,00004_front_put_the_cylinder_on_the_tray.png,00004_wrist_put_the_cylinder_on_the_tray.png,recap.png,50,10,112,113,-5.450549450549451,-84.35164835164835,71.25274725274726,69.97802197802197,-0.3076923076923077,0.7534246575342466,-6.448923110961914,-49.11531066894531,52.85939025878906,71.54783630371094,-1.0300836563110352,31.14872169494629
069_cylinder,put the cylinder on the tray,5,0,76,4.514,1788427678.3963423,00004_front_put_the_cylinder_on_the_tray.png,00004_wrist_put_the_cylinder_on_the_tray.png,recap.png,50,11,113,114,-5.450549450549451,-84.35164835164835,71.25274725274726,69.97802197802197,-0.3076923076923077,0.7534246575342466,-6.251136779785156,-48.7322883605957,52.69285583496094,71.3582763671875,-0.9496049880981445,31.38242530822754
069_cylinder,put the cylinder on the tray,5,0,76,4.514,1788427678.3963423,00004_front_put_the_cylinder_on_the_tray.png,00004_wrist_put_the_cylinder_on_the_tray.png,recap.png,50,12,114,115,-5.450549450549451,-84.35164835164835,71.25274725274726,69.97802197802197,-0.3076923076923077,0.7534246575342466,-6.419816970825195,-47.90096664428711,52.82696533203125,71.2824478149414,-0.8596124649047852,31.554059982299805
069_cylinder,put the cylinder on the tray,5,0,76,4.514,1788427678.3963423,00004_front_put_the_cylinder_on_the_tray.png,00004_wrist_put_the_cylinder_on_the_tray.png,recap.png,50,13,115,116,-5.450549450549451,-84.35164835164835,71.25274725274726,69.97802197802197,-0.3076923076923077,0.7534246575342466,-6.613616943359375,-47.25691223144531,52.14241027832031,71.07310485839844,-0.9244785308837891,31.98108673095703
069_cylinder,put the cylinder on the tray,5,0,76,4.514,1788427678.3963423,00004_front_put_the_cylinder_on_the_tray.png,00004_wrist_put_the_cylinder_on_the_tray.png,recap.png,50,14,116,117,-5.450549450549451,-84.35164835164835,71.25274725274726,69.97802197802197,-0.3076923076923077,0.7534246575342466,-6.53167724609375,-47.246543884277344,52.47899627685547,70.75692749023438,-0.9704275131225586,32.23013687133789
069_cylinder,put the cylinder on the tray,5,0,76,4.514,1788427678.3963423,00004_front_put_the_cylinder_on_the_tray.png,00004_wrist_put_the_cylinder_on_the_tray.png,recap.png,50,15,117,118,-5.450549450549451,-84.35164835164835,71.25274725274726,69.97802197802197,-0.3076923076923077,0.7534246575342466,-6.361146926879883,-45.98879623413086,52.59583282470703,70.33435821533203,-0.9954109191894531,32.471126556396484
069_cylinder,put the cylinder on the tray,5,0,76,4.514,1788427678.3963423,00004_front_put_the_cylinder_on_the_tray.png,00004_wrist_put_the_cylinder_on_the_tray.png,recap.png,50,16,118,119,-5.450549450549451,-84.35164835164835,71.25274725274726,69.97802197802197,-0.3076923076923077,0.7534246575342466,-6.668582916259766,-45.736263275146484,52.58995056152344,70.08395385742188,-1.0014562606811523,32.699790954589844
069_cylinder,put the cylinder on the tray,5,0,76,4.514,1788427678.3963423,00004_front_put_the_cylinder_on_the_tray.png,00004_wrist_put_the_cylinder_on_the_tray.png,recap.png,50,17,119,120,-5.450549450549451,-84.35164835164835,71.25274725274726,69.97802197802197,-0.3076923076923077,0.7534246575342466,-6.546941757202148,-45.49844741821289,52.19425964355469,69.93390655517578,-1.027815818786621,32.86682891845703
069_cylinder,put the cylinder on the tray,5,0,76,4.514,1788427678.3963423,00004_front_put_the_cylinder_on_the_tray.png,00004_wrist_put_the_cylinder_on_the_tray.png,recap.png,50,18,120,121,-5.450549450549451,-84.35164835164835,71.25274725274726,69.97802197802197,-0.3076923076923077,0.7534246575342466,-6.47955322265625,-44.426795959472656,52.528961181640625,69.19628143310547,-1.0949115753173828,33.02031707763672
069_cylinder,put the cylinder on the tray,5,0,76,4.514,1788427678.3963423,00004_front_put_the_cylinder_on_the_tray.png,00004_wrist_put_the_cylinder_on_the_tray.png,recap.png,50,19,121,122,-5.450549450549451,-84.35164835164835,71.25274725274726,69.97802197802197,-0.3076923076923077,0.7534246575342466,-6.713069915771484,-44.60062789916992,52.239707946777344,69.10223388671875,-1.042862892150879,32.83957290649414
069_cylinder,put the cylinder on the tray,5,0,76,4.514,1788427678.3963423,00004_front_put_the_cylinder_on_the_tray.png,00004_wrist_put_the_cylinder_on_the_tray.png,recap.png,50,20,122,123,-5.450549450549451,-84.35164835164835,71.25274725274726,69.97802197802197,-0.3076923076923077,0.7534246575342466,-6.789237976074219,-43.613243103027344,52.96849822998047,68.88497161865234,-1.119187355041504,32.94160461425781
069_cylinder,put the cylinder on the tray,5,0,76,4.514,1788427678.3963423,00004_front_put_the_cylinder_on_the_tray.png,00004_wrist_put_the_cylinder_on_the_tray.png,recap.png,50,21,123,124,-5.450549450549451,-84.35164835164835,71.25274725274726,69.97802197802197,-0.3076923076923077,0.7534246575342466,-6.816141128540039,-42.6867790222168,52.339637756347656,68.83642578125,-1.048274040222168,33.03759765625
069_cylinder,put the cylinder on the tray,5,0,76,4.514,1788427678.3963423,00004_front_put_the_cylinder_on_the_tray.png,00004_wrist_put_the_cylinder_on_the_tray.png,recap.png,50,22,124,125,-5.450549450549451,-84.35164835164835,71.25274725274726,69.97802197802197,-0.3076923076923077,0.7534246575342466,-6.888622283935547,-41.92170333862305,51.88426971435547,68.955322265625,-1.1947460174560547,33.16856384277344
069_cylinder,put the cylinder on the tray,5,0,76,4.514,1788427678.3963423,00004_front_put_the_cylinder_on_the_tray.png,00004_wrist_put_the_cylinder_on_the_tray.png,recap.png,50,23,125,126,-5.450549450549451,-84.35164835164835,71.25274725274726,69.97802197802197,-0.3076923076923077,0.7534246575342466,-6.669977188110352,-39.61772537231445,50.69258117675781,68.56482696533203,-1.1492958068847656,33.10089111328125
069_cylinder,put the cylinder on the tray,6,1,101,5.35,1788427679.2265673,00005_front_put_the_cylinder_on_the_tray.png,00005_wrist_put_the_cylinder_on_the_tray.png,recap.png,50,0,126,127,-7.384615384615385,-53.05494505494506,53.934065934065934,73.75824175824175,-1.978021978021978,30.753424657534246,-8.33262825012207,-24.74964141845703,40.1741943359375,72.38326263427734,-2.127739906311035,37.23188781738281
069_cylinder,put the cylinder on the tray,6,1,101,5.35,1788427679.2265673,00005_front_put_the_cylinder_on_the_tray.png,00005_wrist_put_the_cylinder_on_the_tray.png,recap.png,50,1,127,128,-7.384615384615385,-53.05494505494506,53.934065934065934,73.75824175824175,-1.978021978021978,30.753424657534246,-8.164241790771484,-22.896812438964844,39.816184997558594,72.03511047363281,-2.089183807373047,37.425106048583984
069_cylinder,put the cylinder on the tray,6,1,101,5.35,1788427679.2265673,00005_front_put_the_cylinder_on_the_tray.png,00005_wrist_put_the_cylinder_on_the_tray.png,recap.png,50,2,128,129,-7.384615384615385,-53.05494505494506,53.934065934065934,73.75824175824175,-1.978021978021978,30.753424657534246,-8.243644714355469,-22.226821899414062,39.04908752441406,71.99052429199219,-2.130620002746582,37.52321243286133
069_cylinder,put the cylinder on the tray,6,1,101,5.35,1788427679.2265673,00005_front_put_the_cylinder_on_the_tray.png,00005_wrist_put_the_cylinder_on_the_tray.png,recap.png,50,3,129,130,-7.384615384615385,-53.05494505494506,53.934065934065934,73.75824175824175,-1.978021978021978,30.753424657534246,-8.509395599365234,-21.566970825195312,38.97766876220703,71.6602783203125,-2.1862382888793945,37.71311569213867
069_cylinder,put the cylinder on the tray,6,1,101,5.35,1788427679.2265673,00005_front_put_the_cylinder_on_the_tray.png,00005_wrist_put_the_cylinder_on_the_tray.png,recap.png,50,4,130,131,-7.384615384615385,-53.05494505494506,53.934065934065934,73.75824175824175,-1.978021978021978,30.753424657534246,-8.30584716796875,-19.953414916992188,38.382484436035156,71.97537994384766,-2.0906982421875,37.493263244628906
069_cylinder,put the cylinder on the tray,6,1,101,5.35,1788427679.2265673,00005_front_put_the_cylinder_on_the_tray.png,00005_wrist_put_the_cylinder_on_the_tray.png,recap.png,50,5,131,132,-7.384615384615385,-53.05494505494506,53.934065934065934,73.75824175824175,-1.978021978021978,30.753424657534246,-8.302715301513672,-19.43914794921875,38.15204620361328,71.75358581542969,-2.1280641555786133,37.33610916137695
069_cylinder,put the cylinder on the tray,6,1,101,5.35,1788427679.2265673,00005_front_put_the_cylinder_on_the_tray.png,00005_wrist_put_the_cylinder_on_the_tray.png,recap.png,50,6,132,133,-7.384615384615385,-53.05494505494506,53.934065934065934,73.75824175824175,-1.978021978021978,30.753424657534246,-8.492897033691406,-17.837364196777344,37.45402526855469,71.56639099121094,-2.0203142166137695,37.150970458984375
069_cylinder,put the cylinder on the tray,6,1,101,5.35,1788427679.2265673,00005_front_put_the_cylinder_on_the_tray.png,00005_wrist_put_the_cylinder_on_the_tray.png,recap.png,50,7,133,134,-7.384615384615385,-53.05494505494506,53.934065934065934,73.75824175824175,-1.978021978021978,30.753424657534246,-8.806753158569336,-17.864891052246094,36.851097106933594,71.66761779785156,-2.1097517013549805,37.24644088745117
069_cylinder,put the cylinder on the tray,6,1,101,5.35,1788427679.2265673,00005_front_put_the_cylinder_on_the_tray.png,00005_wrist_put_the_cylinder_on_the_tray.png,recap.png,50,8,134,135,-7.384615384615385,-53.05494505494506,53.934065934065934,73.75824175824175,-1.978021978021978,30.753424657534246,-8.658479690551758,-16.630035400390625,36.221656799316406,71.2778091430664,-2.012364387512207,37.147945404052734
069_cylinder,put the cylinder on the tray,6,1,101,5.35,1788427679.2265673,00005_front_put_the_cylinder_on_the_tray.png,00005_wrist_put_the_cylinder_on_the_tray.png,recap.png,50,9,135,136,-7.384615384615385,-53.05494505494506,53.934065934065934,73.75824175824175,-1.978021978021978,30.753424657534246,-8.61870002746582,-16.475784301757812,36.011199951171875,71.22654724121094,-2.0795793533325195,37.15928268432617
069_cylinder,put the cylinder on the tray,6,1,101,5.35,1788427679.2265673,00005_front_put_the_cylinder_on_the_tray.png,00005_wrist_put_the_cylinder_on_the_tray.png,recap.png,50,10,136,137,-7.384615384615385,-53.05494505494506,53.934065934065934,73.75824175824175,-1.978021978021978,30.753424657534246,-8.942848205566406,-14.965553283691406,35.088478088378906,70.97473907470703,-2.062920570373535,37.10286331176758
069_cylinder,put the cylinder on the tray,6,1,101,5.35,1788427679.2265673,00005_front_put_the_cylinder_on_the_tray.png,00005_wrist_put_the_cylinder_on_the_tray.png,recap.png,50,11,137,138,-7.384615384615385,-53.05494505494506,53.934065934065934,73.75824175824175,-1.978021978021978,30.753424657534246,-9.08719253540039,-13.942314147949219,34.64452362060547,70.99153137207031,-2.0789003372192383,37.113075256347656
069_cylinder,put the cylinder on the tray,6,1,101,5.35,1788427679.2265673,00005_front_put_the_cylinder_on_the_tray.png,00005_wrist_put_the_cylinder_on_the_tray.png,recap.png,50,12,138,139,-7.384615384615385,-53.05494505494506,53.934065934065934,73.75824175824175,-1.978021978021978,30.753424657534246,-9.077463150024414,-13.430473327636719,34.000282287597656,70.75413513183594,-1.9530811309814453,37.035980224609375
069_cylinder,put the cylinder on the tray,6,1,101,5.35,1788427679.2265673,00005_front_put_the_cylinder_on_the_tray.png,00005_wrist_put_the_cylinder_on_the_tray.png,recap.png,50,13,139,140,-7.384615384615385,-53.05494505494506,53.934065934065934,73.75824175824175,-1.978021978021978,30.753424657534246,-8.985340118408203,-12.646186828613281,33.84529113769531,70.69735717773438,-1.985905647277832,36.98070526123047
069_cylinder,put the cylinder on the tray,6,1,101,5.35,1788427679.2265673,00005_front_put_the_cylinder_on_the_tray.png,00005_wrist_put_the_cylinder_on_the_tray.png,recap.png,50,14,140,141,-7.384615384615385,-53.05494505494506,53.934065934065934,73.75824175824175,-1.978021978021978,30.753424657534246,-9.211954116821289,-11.529998779296875,33.28923797607422,70.49138641357422,-1.8641996383666992,37.00260925292969
069_cylinder,put the cylinder on the tray,6,1,101,5.35,1788427679.2265673,00005_front_put_the_cylinder_on_the_tray.png,00005_wrist_put_the_cylinder_on_the_tray.png,recap.png,50,15,141,142,-7.384615384615385,-53.05494505494506,53.934065934065934,73.75824175824175,-1.978021978021978,30.753424657534246,-9.027420043945312,-11.282112121582031,33.12933349609375,70.35881805419922,-1.82177734375,37.01349639892578
069_cylinder,put the cylinder on the tray,6,1,101,5.35,1788427679.2265673,00005_front_put_the_cylinder_on_the_tray.png,00005_wrist_put_the_cylinder_on_the_tray.png,recap.png,50,16,142,143,-7.384615384615385,-53.05494505494506,53.934065934065934,73.75824175824175,-1.978021978021978,30.753424657534246,-9.141778945922852,-10.089576721191406,32.897254943847656,70.19224548339844,-1.8493518829345703,36.86302947998047
069_cylinder,put the cylinder on the tray,6,1,101,5.35,1788427679.2265673,00005_front_put_the_cylinder_on_the_tray.png,00005_wrist_put_the_cylinder_on_the_tray.png,recap.png,50,17,143,144,-7.384615384615385,-53.05494505494506,53.934065934065934,73.75824175824175,-1.978021978021978,30.753424657534246,-9.07623291015625,-9.47491455078125,32.18397521972656,69.8822250366211,-1.8229751586914062,36.93448257446289
069_cylinder,put the cylinder on the tray,6,1,101,5.35,1788427679.2265673,00005_front_put_the_cylinder_on_the_tray.png,00005_wrist_put_the_cylinder_on_the_tray.png,recap.png,50,18,144,145,-7.384615384615385,-53.05494505494506,53.934065934065934,73.75824175824175,-1.978021978021978,30.753424657534246,-9.11513900756836,-8.684562683105469,31.895530700683594,70.02005767822266,-1.7991352081298828,36.84292221069336
069_cylinder,put the cylinder on the tray,6,1,101,5.35,1788427679.2265673,00005_front_put_the_cylinder_on_the_tray.png,00005_wrist_put_the_cylinder_on_the_tray.png,recap.png,50,19,145,146,-7.384615384615385,-53.05494505494506,53.934065934065934,73.75824175824175,-1.978021978021978,30.753424657534246,-9.05483627319336,-7.97027587890625,31.6317138671875,69.90642547607422,-1.781327247619629,36.991546630859375
069_cylinder,put the cylinder on the tray,6,1,101,5.35,1788427679.2265673,00005_front_put_the_cylinder_on_the_tray.png,00005_wrist_put_the_cylinder_on_the_tray.png,recap.png,50,20,146,147,-7.384615384615385,-53.05494505494506,53.934065934065934,73.75824175824175,-1.978021978021978,30.753424657534246,-8.961370468139648,-7.055595397949219,31.838760375976562,69.45378875732422,-1.7143077850341797,36.82372283935547
069_cylinder,put the cylinder on the tray,6,1,101,5.35,1788427679.2265673,00005_front_put_the_cylinder_on_the_tray.png,00005_wrist_put_the_cylinder_on_the_tray.png,recap.png,50,21,147,148,-7.384615384615385,-53.05494505494506,53.934065934065934,73.75824175824175,-1.978021978021978,30.753424657534246,-9.088624954223633,-5.906837463378906,31.198394775390625,69.63214111328125,-1.700331687927246,36.859291076660156
069_cylinder,put the cylinder on the tray,6,1,101,5.35,1788427679.2265673,00005_front_put_the_cylinder_on_the_tray.png,00005_wrist_put_the_cylinder_on_the_tray.png,recap.png,50,22,148,149,-7.384615384615385,-53.05494505494506,53.934065934065934,73.75824175824175,-1.978021978021978,30.753424657534246,-8.926929473876953,-5.401710510253906,30.82164764404297,69.98007202148438,-1.6407909393310547,36.79212951660156
069_cylinder,put the cylinder on the tray,6,1,101,5.35,1788427679.2265673,00005_front_put_the_cylinder_on_the_tray.png,00005_wrist_put_the_cylinder_on_the_tray.png,recap.png,50,23,149,150,-7.384615384615385,-53.05494505494506,53.934065934065934,73.75824175824175,-1.978021978021978,30.753424657534246,-9.413501739501953,-3.6176300048828125,31.22283172607422,69.73233032226562,-1.7408103942871094,36.863487243652344
069_cylinder,put the cylinder on the tray,6,1,101,5.35,1788427679.2265673,00005_front_put_the_cylinder_on_the_tray.png,00005_wrist_put_the_cylinder_on_the_tray.png,recap.png,50,24,150,151,-7.384615384615385,-53.05494505494506,53.934065934065934,73.75824175824175,-1.978021978021978,30.753424657534246,-9.429388046264648,-3.0516204833984375,29.860252380371094,69.80421447753906,-1.630594253540039,36.792484283447266
069_cylinder,put the cylinder on the tray,7,1,125,6.22,1788427680.0964332,00006_front_put_the_cylinder_on_the_tray.png,00006_wrist_put_the_cylinder_on_the_tray.png,recap.png,50,0,151,152,-6.593406593406593,-43.2967032967033,54.54945054945055,69.89010989010988,-1.3626373626373627,32.67123287671233,-6.461233139038086,-17.184410095214844,44.19413757324219,64.24304962158203,-1.0254955291748047,38.25970458984375
069_cylinder,put the cylinder on the tray,7,1,125,6.22,1788427680.0964332,00006_front_put_the_cylinder_on_the_tray.png,00006_wrist_put_the_cylinder_on_the_tray.png,recap.png,50,1,152,153,-6.593406593406593,-43.2967032967033,54.54945054945055,69.89010989010988,-1.3626373626373627,32.67123287671233,-6.098791122436523,-16.364830017089844,43.130821228027344,64.2919692993164,-1.1150016784667969,38.31199645996094
069_cylinder,put the cylinder on the tray,7,1,125,6.22,1788427680.0964332,00006_front_put_the_cylinder_on_the_tray.png,00006_wrist_put_the_cylinder_on_the_tray.png,recap.png,50,2,153,154,-6.593406593406593,-43.2967032967033,54.54945054945055,69.89010989010988,-1.3626373626373627,32.67123287671233,-6.136264801025391,-14.814186096191406,43.440895080566406,64.00311279296875,-0.9503364562988281,38.23088073730469
069_cylinder,put the cylinder on the tray,7,1,125,6.22,1788427680.0964332,00006_front_put_the_cylinder_on_the_tray.png,00006_wrist_put_the_cylinder_on_the_tray.png,recap.png,50,3,154,155,-6.593406593406593,-43.2967032967033,54.54945054945055,69.89010989010988,-1.3626373626373627,32.67123287671233,-5.914058685302734,-12.771903991699219,42.30543518066406,63.93072509765625,-0.8846454620361328,38.34552764892578
069_cylinder,put the cylinder on the tray,7,1,125,6.22,1788427680.0964332,00006_front_put_the_cylinder_on_the_tray.png,00006_wrist_put_the_cylinder_on_the_tray.png,recap.png,50,4,155,156,-6.593406593406593,-43.2967032967033,54.54945054945055,69.89010989010988,-1.3626373626373627,32.67123287671233,-6.017484664916992,-11.715202331542969,41.787803649902344,64.19660949707031,-0.9538602828979492,38.27867126464844
069_cylinder,put the cylinder on the tray,7,1,125,6.22,1788427680.0964332,00006_front_put_the_cylinder_on_the_tray.png,00006_wrist_put_the_cylinder_on_the_tray.png,recap.png,50,5,156,157,-6.593406593406593,-43.2967032967033,54.54945054945055,69.89010989010988,-1.3626373626373627,32.67123287671233,-6.111181259155273,-10.511734008789062,40.756126403808594,64.33939361572266,-0.9855175018310547,38.243812561035156
069_cylinder,put the cylinder on the tray,7,1,125,6.22,1788427680.0964332,00006_front_put_the_cylinder_on_the_tray.png,00006_wrist_put_the_cylinder_on_the_tray.png,recap.png,50,6,157,158,-6.593406593406593,-43.2967032967033,54.54945054945055,69.89010989010988,-1.3626373626373627,32.67123287671233,-5.688779830932617,-9.124198913574219,39.74501037597656,63.89848709106445,-1.0984926223754883,38.40237808227539
069_cylinder,put the cylinder on the tray,7,1,125,6.22,1788427680.0964332,00006_front_put_the_cylinder_on_the_tray.png,00006_wrist_put_the_cylinder_on_the_tray.png,recap.png,50,7,158,159,-6.593406593406593,-43.2967032967033,54.54945054945055,69.89010989010988,-1.3626373626373627,32.67123287671233,-5.706808090209961,-8.955413818359375,40.32757568359375,64.29488372802734,-0.8938503265380859,38.275787353515625
069_cylinder,put the cylinder on the tray,7,1,125,6.22,1788427680.0964332,00006_front_put_the_cylinder_on_the_tray.png,00006_wrist_put_the_cylinder_on_the_tray.png,recap.png,50,8,159,160,-6.593406593406593,-43.2967032967033,54.54945054945055,69.89010989010988,-1.3626373626373627,32.67123287671233,-6.12727165222168,-7.511894226074219,39.75273132324219,63.730716705322266,-0.9167861938476562,38.252105712890625
069_cylinder,put the cylinder on the tray,7,1,125,6.22,1788427680.0964332,00006_front_put_the_cylinder_on_the_tray.png,00006_wrist_put_the_cylinder_on_the_tray.png,recap.png,50,9,160,161,-6.593406593406593,-43.2967032967033,54.54945054945055,69.89010989010988,-1.3626373626373627,32.67123287671233,-5.85991096496582,-5.4523773193359375,38.72027587890625,63.84636306762695,-0.8102016448974609,38.33112335205078
069_cylinder,put the cylinder on the tray,7,1,125,6.22,1788427680.0964332,00006_front_put_the_cylinder_on_the_tray.png,00006_wrist_put_the_cylinder_on_the_tray.png,recap.png,50,10,161,162,-6.593406593406593,-43.2967032967033,54.54945054945055,69.89010989010988,-1.3626373626373627,32.67123287671233,-5.872259140014648,-6.127799987792969,38.587860107421875,64.03767395019531,-0.9174127578735352,38.31642150878906
069_cylinder,put the cylinder on the tray,7,1,125,6.22,1788427680.0964332,00006_front_put_the_cylinder_on_the_tray.png,00006_wrist_put_the_cylinder_on_the_tray.png,recap.png,50,11,162,163,-6.593406593406593,-43.2967032967033,54.54945054945055,69.89010989010988,-1.3626373626373627,32.67123287671233,-5.954465866088867,-5.263694763183594,38.08409881591797,64.22265625,-0.8385143280029297,38.32322311401367
069_cylinder,put the cylinder on the tray,7,1,125,6.22,1788427680.0964332,00006_front_put_the_cylinder_on_the_tray.png,00006_wrist_put_the_cylinder_on_the_tray.png,recap.png,50,12,163,164,-6.593406593406593,-43.2967032967033,54.54945054945055,69.89010989010988,-1.3626373626373627,32.67123287671233,-5.929628372192383,-4.556282043457031,38.004356384277344,63.917747497558594,-0.9323129653930664,38.291259765625
069_cylinder,put the cylinder on the tray,7,1,125,6.22,1788427680.0964332,00006_front_put_the_cylinder_on_the_tray.png,00006_wrist_put_the_cylinder_on_the_tray.png,recap.png,50,13,164,165,-6.593406593406593,-43.2967032967033,54.54945054945055,69.89010989010988,-1.3626373626373627,32.67123287671233,-5.945661544799805,-2.880126953125,37.27214813232422,64.03915405273438,-0.9142608642578125,38.03696823120117
069_cylinder,put the cylinder on the tray,7,1,125,6.22,1788427680.0964332,00006_front_put_the_cylinder_on_the_tray.png,00006_wrist_put_the_cylinder_on_the_tray.png,recap.png,50,14,165,166,-6.593406593406593,-43.2967032967033,54.54945054945055,69.89010989010988,-1.3626373626373627,32.67123287671233,-6.10133171081543,-2.3126220703125,36.272178649902344,64.23796844482422,-0.9356527328491211,37.18287658691406
069_cylinder,put the cylinder on the tray,7,1,125,6.22,1788427680.0964332,00006_front_put_the_cylinder_on_the_tray.png,00006_wrist_put_the_cylinder_on_the_tray.png,recap.png,50,15,166,167,-6.593406593406593,-43.2967032967033,54.54945054945055,69.89010989010988,-1.3626373626373627,32.67123287671233,-5.888246536254883,-2.4463272094726562,36.35839080810547,64.32818603515625,-1.1187543869018555,35.76002502441406
069_cylinder,put the cylinder on the tray,7,1,125,6.22,1788427680.0964332,00006_front_put_the_cylinder_on_the_tray.png,00006_wrist_put_the_cylinder_on_the_tray.png,recap.png,50,16,167,168,-6.593406593406593,-43.2967032967033,54.54945054945055,69.89010989010988,-1.3626373626373627,32.67123287671233,-5.950260162353516,-2.1559600830078125,35.556251525878906,64.46282958984375,-0.9344453811645508,33.112186431884766
069_cylinder,put the cylinder on the tray,7,1,125,6.22,1788427680.0964332,00006_front_put_the_cylinder_on_the_tray.png,00006_wrist_put_the_cylinder_on_the_tray.png,recap.png,50,17,168,169,-6.593406593406593,-43.2967032967033,54.54945054945055,69.89010989010988,-1.3626373626373627,32.67123287671233,-6.056589126586914,-1.5378570556640625,35.03954315185547,64.47627258300781,-1.239741325378418,30.491382598876953
069_cylinder,put the cylinder on the tray,7,1,125,6.22,1788427680.0964332,00006_front_put_the_cylinder_on_the_tray.png,00006_wrist_put_the_cylinder_on_the_tray.png,recap.png,50,18,169,170,-6.593406593406593,-43.2967032967033,54.54945054945055,69.89010989010988,-1.3626373626373627,32.67123287671233,-6.143556594848633,-1.7591400146484375,34.49885559082031,64.52179718017578,-0.9915657043457031,27.579885482788086
069_cylinder,put the cylinder on the tray,7,1,125,6.22,1788427680.0964332,00006_front_put_the_cylinder_on_the_tray.png,00006_wrist_put_the_cylinder_on_the_tray.png,recap.png,50,19,170,171,-6.593406593406593,-43.2967032967033,54.54945054945055,69.89010989010988,-1.3626373626373627,32.67123287671233,-5.841886520385742,-1.0550613403320312,34.80914306640625,64.52174377441406,-0.99578857421875,24.444002151489258
069_cylinder,put the cylinder on the tray,7,1,125,6.22,1788427680.0964332,00006_front_put_the_cylinder_on_the_tray.png,00006_wrist_put_the_cylinder_on_the_tray.png,recap.png,50,20,171,172,-6.593406593406593,-43.2967032967033,54.54945054945055,69.89010989010988,-1.3626373626373627,32.67123287671233,-6.065073013305664,-0.23696136474609375,34.873992919921875,64.71764373779297,-1.2308940887451172,21.64757537841797
069_cylinder,put the cylinder on the tray,7,1,125,6.22,1788427680.0964332,00006_front_put_the_cylinder_on_the_tray.png,00006_wrist_put_the_cylinder_on_the_tray.png,recap.png,50,21,172,173,-6.593406593406593,-43.2967032967033,54.54945054945055,69.89010989010988,-1.3626373626373627,32.67123287671233,-5.884365081787109,-0.8987655639648438,34.01875305175781,64.7261962890625,-0.9518833160400391,18.950565338134766
069_cylinder,put the cylinder on the tray,7,1,125,6.22,1788427680.0964332,00006_front_put_the_cylinder_on_the_tray.png,00006_wrist_put_the_cylinder_on_the_tray.png,recap.png,50,22,173,174,-6.593406593406593,-43.2967032967033,54.54945054945055,69.89010989010988,-1.3626373626373627,32.67123287671233,-5.855031967163086,-0.696136474609375,34.60839080810547,64.5338363647461,-1.230332374572754,16.625593185424805
069_cylinder,put the cylinder on the tray,7,1,125,6.22,1788427680.0964332,00006_front_put_the_cylinder_on_the_tray.png,00006_wrist_put_the_cylinder_on_the_tray.png,recap.png,50,23,174,175,-6.593406593406593,-43.2967032967033,54.54945054945055,69.89010989010988,-1.3626373626373627,32.67123287671233,-5.602293014526367,0.01665496826171875,33.947288513183594,64.53285217285156,-1.3458728790283203,14.344762802124023
069_cylinder,put the cylinder on the tray,8,1,150,7.123,1788427680.999117,00007_front_put_the_cylinder_on_the_tray.png,00007_wrist_put_the_cylinder_on_the_tray.png,recap.png,50,0,175,176,-9.054945054945055,-5.582417582417582,33.362637362637365,70.94505494505495,-1.6263736263736264,36.84931506849315,-7.512914657592773,1.92803955078125,24.574256896972656,72.12488555908203,-2.447707176208496,9.001590728759766
069_cylinder,put the cylinder on the tray,8,1,150,7.123,1788427680.999117,00007_front_put_the_cylinder_on_the_tray.png,00007_wrist_put_the_cylinder_on_the_tray.png,recap.png,50,1,176,177,-9.054945054945055,-5.582417582417582,33.362637362637365,70.94505494505495,-1.6263736263736264,36.84931506849315,-7.581295013427734,2.1017990112304688,23.642013549804688,72.82697296142578,-2.6725940704345703,8.703238487243652
069_cylinder,put the cylinder on the tray,8,1,150,7.123,1788427680.999117,00007_front_put_the_cylinder_on_the_tray.png,00007_wrist_put_the_cylinder_on_the_tray.png,recap.png,50,2,177,178,-9.054945054945055,-5.582417582417582,33.362637362637365,70.94505494505495,-1.6263736263736264,36.84931506849315,-7.983747482299805,1.653106689453125,22.21765899658203,73.19823455810547,-2.9346723556518555,8.631338119506836
069_cylinder,put the cylinder on the tray,8,1,150,7.123,1788427680.999117,00007_front_put_the_cylinder_on_the_tray.png,00007_wrist_put_the_cylinder_on_the_tray.png,recap.png,50,3,178,179,-9.054945054945055,-5.582417582417582,33.362637362637365,70.94505494505495,-1.6263736263736264,36.84931506849315,-8.099205017089844,1.0095977783203125,22.848800659179688,74.1972885131836,-3.253443717956543,8.004110336303711
069_cylinder,put the cylinder on the tray,8,1,150,7.123,1788427680.999117,00007_front_put_the_cylinder_on_the_tray.png,00007_wrist_put_the_cylinder_on_the_tray.png,recap.png,50,4,179,180,-9.054945054945055,-5.582417582417582,33.362637362637365,70.94505494505495,-1.6263736263736264,36.84931506849315,-8.023126602172852,1.1466064453125,21.80384063720703,75.2747802734375,-3.501296043395996,7.999227046966553
069_cylinder,put the cylinder on the tray,8,1,150,7.123,1788427680.999117,00007_front_put_the_cylinder_on_the_tray.png,00007_wrist_put_the_cylinder_on_the_tray.png,recap.png,50,5,180,181,-9.054945054945055,-5.582417582417582,33.362637362637365,70.94505494505495,-1.6263736263736264,36.84931506849315,-8.355125427246094,0.46385955810546875,19.82367706298828,76.50064086914062,-3.866002082824707,7.732231140136719
069_cylinder,put the cylinder on the tray,8,1,150,7.123,1788427680.999117,00007_front_put_the_cylinder_on_the_tray.png,00007_wrist_put_the_cylinder_on_the_tray.png,recap.png,50,6,181,182,-9.054945054945055,-5.582417582417582,33.362637362637365,70.94505494505495,-1.6263736263736264,36.84931506849315,-8.356077194213867,1.27044677734375,18.014747619628906,77.78837585449219,-4.100155830383301,7.961174964904785
069_cylinder,put the cylinder on the tray,8,1,150,7.123,1788427680.999117,00007_front_put_the_cylinder_on_the_tray.png,00007_wrist_put_the_cylinder_on_the_tray.png,recap.png,50,7,182,183,-9.054945054945055,-5.582417582417582,33.362637362637365,70.94505494505495,-1.6263736263736264,36.84931506849315,-8.40737533569336,0.1056060791015625,17.803298950195312,79.16932678222656,-4.380391597747803,7.841886520385742
069_cylinder,put the cylinder on the tray,8,1,150,7.123,1788427680.999117,00007_front_put_the_cylinder_on_the_tray.png,00007_wrist_put_the_cylinder_on_the_tray.png,recap.png,50,8,183,184,-9.054945054945055,-5.582417582417582,33.362637362637365,70.94505494505495,-1.6263736263736264,36.84931506849315,-8.466299057006836,-0.15258026123046875,16.15044403076172,80.37700653076172,-4.1870856285095215,8.072540283203125
069_cylinder,put the cylinder on the tray,8,1,150,7.123,1788427680.999117,00007_front_put_the_cylinder_on_the_tray.png,00007_wrist_put_the_cylinder_on_the_tray.png,recap.png,50,9,184,185,-9.054945054945055,-5.582417582417582,33.362637362637365,70.94505494505495,-1.6263736263736264,36.84931506849315,-7.995756149291992,-1.3774261474609375,15.324470520019531,81.35821533203125,-4.071824073791504,8.509844779968262
069_cylinder,put the cylinder on the tray,8,1,150,7.123,1788427680.999117,00007_front_put_the_cylinder_on_the_tray.png,00007_wrist_put_the_cylinder_on_the_tray.png,recap.png,50,10,185,186,-9.054945054945055,-5.582417582417582,33.362637362637365,70.94505494505495,-1.6263736263736264,36.84931506849315,-7.995059967041016,-1.2813949584960938,13.688323974609375,82.41046142578125,-4.018283843994141,8.481605529785156
069_cylinder,put the cylinder on the tray,8,1,150,7.123,1788427680.999117,00007_front_put_the_cylinder_on_the_tray.png,00007_wrist_put_the_cylinder_on_the_tray.png,recap.png,50,11,186,187,-9.054945054945055,-5.582417582417582,33.362637362637365,70.94505494505495,-1.6263736263736264,36.84931506849315,-8.060815811157227,-1.4904403686523438,11.863601684570312,83.65437316894531,-4.140961170196533,8.429825782775879
069_cylinder,put the cylinder on the tray,8,1,150,7.123,1788427680.999117,00007_front_put_the_cylinder_on_the_tray.png,00007_wrist_put_the_cylinder_on_the_tray.png,recap.png,50,12,187,188,-9.054945054945055,-5.582417582417582,33.362637362637365,70.94505494505495,-1.6263736263736264,36.84931506849315,-7.9313507080078125,-2.3461074829101562,10.688484191894531,84.64994812011719,-4.072080612182617,8.364873886108398
069_cylinder,put the cylinder on the tray,8,1,150,7.123,1788427680.999117,00007_front_put_the_cylinder_on_the_tray.png,00007_wrist_put_the_cylinder_on_the_tray.png,recap.png,50,13,188,189,-9.054945054945055,-5.582417582417582,33.362637362637365,70.94505494505495,-1.6263736263736264,36.84931506849315,-7.76275634765625,-1.8803558349609375,8.564788818359375,85.99259948730469,-4.168308258056641,8.321951866149902
069_cylinder,put the cylinder on the tray,8,1,150,7.123,1788427680.999117,00007_front_put_the_cylinder_on_the_tray.png,00007_wrist_put_the_cylinder_on_the_tray.png,recap.png,50,14,189,190,-9.054945054945055,-5.582417582417582,33.362637362637365,70.94505494505495,-1.6263736263736264,36.84931506849315,-7.636640548706055,-1.78277587890625,6.636711120605469,87.07905578613281,-4.09083366394043,8.374480247497559
069_cylinder,put the cylinder on the tray,8,1,150,7.123,1788427680.999117,00007_front_put_the_cylinder_on_the_tray.png,00007_wrist_put_the_cylinder_on_the_tray.png,recap.png,50,15,190,191,-9.054945054945055,-5.582417582417582,33.362637362637365,70.94505494505495,-1.6263736263736264,36.84931506849315,-7.2981109619140625,-3.0968551635742188,5.512321472167969,88.11155700683594,-4.314764976501465,8.472311019897461
069_cylinder,put the cylinder on the tray,8,1,150,7.123,1788427680.999117,00007_front_put_the_cylinder_on_the_tray.png,00007_wrist_put_the_cylinder_on_the_tray.png,recap.png,50,16,191,192,-9.054945054945055,-5.582417582417582,33.362637362637365,70.94505494505495,-1.6263736263736264,36.84931506849315,-6.938510894775391,-3.9272079467773438,3.760211944580078,88.787841796875,-4.185271739959717,8.538500785827637
069_cylinder,put the cylinder on the tray,8,1,150,7.123,1788427680.999117,00007_front_put_the_cylinder_on_the_tray.png,00007_wrist_put_the_cylinder_on_the_tray.png,recap.png,50,17,192,193,-9.054945054945055,-5.582417582417582,33.362637362637365,70.94505494505495,-1.6263736263736264,36.84931506849315,-6.45265007019043,-3.5023574829101562,2.31732177734375,89.7009048461914,-4.195339202880859,8.47891616821289
069_cylinder,put the cylinder on the tray,8,1,150,7.123,1788427680.999117,00007_front_put_the_cylinder_on_the_tray.png,00007_wrist_put_the_cylinder_on_the_tray.png,recap.png,50,18,193,194,-9.054945054945055,-5.582417582417582,33.362637362637365,70.94505494505495,-1.6263736263736264,36.84931506849315,-5.618190765380859,-4.3992919921875,0.6145668029785156,90.43264770507812,-4.167120933532715,8.543914794921875
069_cylinder,put the cylinder on the tray,8,1,150,7.123,1788427680.999117,00007_front_put_the_cylinder_on_the_tray.png,00007_wrist_put_the_cylinder_on_the_tray.png,recap.png,50,19,194,195,-9.054945054945055,-5.582417582417582,33.362637362637365,70.94505494505495,-1.6263736263736264,36.84931506849315,-4.775880813598633,-5.947265625,-0.08295059204101562,90.7274169921875,-4.135375022888184,8.54784870147705
069_cylinder,put the cylinder on the tray,8,1,150,7.123,1788427680.999117,00007_front_put_the_cylinder_on_the_tray.png,00007_wrist_put_the_cylinder_on_the_tray.png,recap.png,50,20,195,196,-9.054945054945055,-5.582417582417582,33.362637362637365,70.94505494505495,-1.6263736263736264,36.84931506849315,-4.011028289794922,-6.240928649902344,-0.5220184326171875,91.27581787109375,-4.2181878089904785,8.5423002243042
069_cylinder,put the cylinder on the tray,8,1,150,7.123,1788427680.999117,00007_front_put_the_cylinder_on_the_tray.png,00007_wrist_put_the_cylinder_on_the_tray.png,recap.png,50,21,196,197,-9.054945054945055,-5.582417582417582,33.362637362637365,70.94505494505495,-1.6263736263736264,36.84931506849315,-2.8761863708496094,-6.1800384521484375,-2.0543785095214844,91.49571228027344,-3.919595718383789,8.683971405029297
069_cylinder,put the cylinder on the tray,8,1,150,7.123,1788427680.999117,00007_front_put_the_cylinder_on_the_tray.png,00007_wrist_put_the_cylinder_on_the_tray.png,recap.png,50,22,197,198,-9.054945054945055,-5.582417582417582,33.362637362637365,70.94505494505495,-1.6263736263736264,36.84931506849315,-1.9540634155273438,-6.3352508544921875,-2.6889419555664062,91.7152099609375,-4.022350311279297,8.674474716186523
069_cylinder,put the cylinder on the tray,8,1,150,7.123,1788427680.999117,00007_front_put_the_cylinder_on_the_tray.png,00007_wrist_put_the_cylinder_on_the_tray.png,recap.png,50,23,198,199,-9.054945054945055,-5.582417582417582,33.362637362637365,70.94505494505495,-1.6263736263736264,36.84931506849315,-0.9569606781005859,-7.1216888427734375,-3.9012069702148438,91.88008117675781,-3.9367008209228516,8.836156845092773
069_cylinder,put the cylinder on the tray,8,1,150,7.123,1788427680.999117,00007_front_put_the_cylinder_on_the_tray.png,00007_wrist_put_the_cylinder_on_the_tray.png,recap.png,50,24,199,200,-9.054945054945055,-5.582417582417582,33.362637362637365,70.94505494505495,-1.6263736263736264,36.84931506849315,0.20534896850585938,-6.8840179443359375,-3.8675270080566406,91.91009521484375,-3.8840999603271484,8.89919376373291
069_cylinder,put the cylinder on the tray,9,1,174,7.993,1788427681.870162,00008_front_put_the_cylinder_on_the_tray.png,00008_wrist_put_the_cylinder_on_the_tray.png,recap.png,50,0,200,201,-6.417582417582418,-2.1538461538461537,35.2967032967033,64.87912087912088,-1.2747252747252746,28.21917808219178,-3.7236900329589844,-11.459808349609375,13.306129455566406,82.3902587890625,-3.43361759185791,10.617501258850098
069_cylinder,put the cylinder on the tray,9,1,174,7.993,1788427681.870162,00008_front_put_the_cylinder_on_the_tray.png,00008_wrist_put_the_cylinder_on_the_tray.png,recap.png,50,1,201,202,-6.417582417582418,-2.1538461538461537,35.2967032967033,64.87912087912088,-1.2747252747252746,28.21917808219178,-3.499258041381836,-12.428558349609375,12.065803527832031,83.00094604492188,-3.5723276138305664,10.661971092224121
069_cylinder,put the cylinder on the tray,9,1,174,7.993,1788427681.870162,00008_front_put_the_cylinder_on_the_tray.png,00008_wrist_put_the_cylinder_on_the_tray.png,recap.png,50,2,202,203,-6.417582417582418,-2.1538461538461537,35.2967032967033,64.87912087912088,-1.2747252747252746,28.21917808219178,-3.08050537109375,-13.249053955078125,11.443122863769531,83.7586669921875,-3.5743579864501953,10.647858619689941
069_cylinder,put the cylinder on the tray,9,1,174,7.993,1788427681.870162,00008_front_put_the_cylinder_on_the_tray.png,00008_wrist_put_the_cylinder_on_the_tray.png,recap.png,50,3,203,204,-6.417582417582418,-2.1538461538461537,35.2967032967033,64.87912087912088,-1.2747252747252746,28.21917808219178,-2.343343734741211,-12.785560607910156,10.195159912109375,84.01764678955078,-3.389531135559082,10.566953659057617
069_cylinder,put the cylinder on the tray,9,1,174,7.993,1788427681.870162,00008_front_put_the_cylinder_on_the_tray.png,00008_wrist_put_the_cylinder_on_the_tray.png,recap.png,50,4,204,205,-6.417582417582418,-2.1538461538461537,35.2967032967033,64.87912087912088,-1.2747252747252746,28.21917808219178,-1.3451709747314453,-14.461708068847656,9.249969482421875,84.77140045166016,-3.4023170471191406,10.929311752319336
069_cylinder,put the cylinder on the tray,9,1,174,7.993,1788427681.870162,00008_front_put_the_cylinder_on_the_tray.png,00008_wrist_put_the_cylinder_on_the_tray.png,recap.png,50,5,205,206,-6.417582417582418,-2.1538461538461537,35.2967032967033,64.87912087912088,-1.2747252747252746,28.21917808219178,0.008266448974609375,-14.549186706542969,9.329978942871094,85.08085632324219,-3.3112592697143555,10.688716888427734
069_cylinder,put the cylinder on the tray,9,1,174,7.993,1788427681.870162,00008_front_put_the_cylinder_on_the_tray.png,00008_wrist_put_the_cylinder_on_the_tray.png,recap.png,50,6,206,207,-6.417582417582418,-2.1538461538461537,35.2967032967033,64.87912087912088,-1.2747252747252746,28.21917808219178,1.4514274597167969,-14.691322326660156,7.452720642089844,84.99957275390625,-3.194180488586426,10.813861846923828
069_cylinder,put the cylinder on the tray,9,1,174,7.993,1788427681.870162,00008_front_put_the_cylinder_on_the_tray.png,00008_wrist_put_the_cylinder_on_the_tray.png,recap.png,50,7,207,208,-6.417582417582418,-2.1538461538461537,35.2967032967033,64.87912087912088,-1.2747252747252746,28.21917808219178,2.323596954345703,-15.369865417480469,6.758323669433594,85.09488677978516,-3.0204687118530273,10.793764114379883
069_cylinder,put the cylinder on the tray,9,1,174,7.993,1788427681.870162,00008_front_put_the_cylinder_on_the_tray.png,00008_wrist_put_the_cylinder_on_the_tray.png,recap.png,50,8,208,209,-6.417582417582418,-2.1538461538461537,35.2967032967033,64.87912087912088,-1.2747252747252746,28.21917808219178,3.9460067749023438,-14.782279968261719,6.453533172607422,85.24681854248047,-2.8612499237060547,10.723509788513184
069_cylinder,put the cylinder on the tray,9,1,174,7.993,1788427681.870162,00008_front_put_the_cylinder_on_the_tray.png,00008_wrist_put_the_cylinder_on_the_tray.png,recap.png,50,9,209,210,-6.417582417582418,-2.1538461538461537,35.2967032967033,64.87912087912088,-1.2747252747252746,28.21917808219178,4.909706115722656,-15.560699462890625,5.3036956787109375,85.24968719482422,-3.058730125427246,10.867874145507812
069_cylinder,put the cylinder on the tray,9,1,174,7.993,1788427681.870162,00008_front_put_the_cylinder_on_the_tray.png,00008_wrist_put_the_cylinder_on_the_tray.png,recap.png,50,10,210,211,-6.417582417582418,-2.1538461538461537,35.2967032967033,64.87912087912088,-1.2747252747252746,28.21917808219178,6.329963684082031,-15.360328674316406,4.8146514892578125,85.2551040649414,-2.7506103515625,10.881895065307617
069_cylinder,put the cylinder on the tray,9,1,174,7.993,1788427681.870162,00008_front_put_the_cylinder_on_the_tray.png,00008_wrist_put_the_cylinder_on_the_tray.png,recap.png,50,11,211,212,-6.417582417582418,-2.1538461538461537,35.2967032967033,64.87912087912088,-1.2747252747252746,28.21917808219178,7.212749481201172,-15.733123779296875,3.956146240234375,85.26152801513672,-2.581279754638672,11.073101997375488
069_cylinder,put the cylinder on the tray,9,1,174,7.993,1788427681.870162,00008_front_put_the_cylinder_on_the_tray.png,00008_wrist_put_the_cylinder_on_the_tray.png,recap.png,50,12,212,213,-6.417582417582418,-2.1538461538461537,35.2967032967033,64.87912087912088,-1.2747252747252746,28.21917808219178,8.469505310058594,-15.509063720703125,3.366191864013672,85.04963684082031,-2.7593135833740234,11.069771766662598
069_cylinder,put the cylinder on the tray,9,1,174,7.993,1788427681.870162,00008_front_put_the_cylinder_on_the_tray.png,00008_wrist_put_the_cylinder_on_the_tray.png,recap.png,50,13,213,214,-6.417582417582418,-2.1538461538461537,35.2967032967033,64.87912087912088,-1.2747252747252746,28.21917808219178,9.732074737548828,-16.365447998046875,1.8605804443359375,84.8280029296875,-2.552562713623047,10.94386100769043
069_cylinder,put the cylinder on the tray,9,1,174,7.993,1788427681.870162,00008_front_put_the_cylinder_on_the_tray.png,00008_wrist_put_the_cylinder_on_the_tray.png,recap.png,50,14,214,215,-6.417582417582418,-2.1538461538461537,35.2967032967033,64.87912087912088,-1.2747252747252746,28.21917808219178,10.915817260742188,-14.801490783691406,1.9765243530273438,84.90178680419922,-2.435805320739746,11.138439178466797
069_cylinder,put the cylinder on the tray,9,1,174,7.993,1788427681.870162,00008_front_put_the_cylinder_on_the_tray.png,00008_wrist_put_the_cylinder_on_the_tray.png,recap.png,50,15,215,216,-6.417582417582418,-2.1538461538461537,35.2967032967033,64.87912087912088,-1.2747252747252746,28.21917808219178,11.523120880126953,-16.388320922851562,1.0918693542480469,84.75572204589844,-2.417142868041992,11.147751808166504
069_cylinder,put the cylinder on the tray,9,1,174,7.993,1788427681.870162,00008_front_put_the_cylinder_on_the_tray.png,00008_wrist_put_the_cylinder_on_the_tray.png,recap.png,50,16,216,217,-6.417582417582418,-2.1538461538461537,35.2967032967033,64.87912087912088,-1.2747252747252746,28.21917808219178,12.080848693847656,-15.944450378417969,-0.9494667053222656,84.72761535644531,-2.4114389419555664,11.196757316589355
069_cylinder,put the cylinder on the tray,9,1,174,7.993,1788427681.870162,00008_front_put_the_cylinder_on_the_tray.png,00008_wrist_put_the_cylinder_on_the_tray.png,recap.png,50,17,217,218,-6.417582417582418,-2.1538461538461537,35.2967032967033,64.87912087912088,-1.2747252747252746,28.21917808219178,12.781661987304688,-15.462188720703125,-0.614990234375,84.55838012695312,-2.364246368408203,11.014676094055176
069_cylinder,put the cylinder on the tray,9,1,174,7.993,1788427681.870162,00008_front_put_the_cylinder_on_the_tray.png,00008_wrist_put_the_cylinder_on_the_tray.png,recap.png,50,18,218,219,-6.417582417582418,-2.1538461538461537,35.2967032967033,64.87912087912088,-1.2747252747252746,28.21917808219178,13.187126159667969,-14.745277404785156,-1.2646408081054688,84.09735107421875,-2.6137170791625977,11.352879524230957
069_cylinder,put the cylinder on the tray,9,1,174,7.993,1788427681.870162,00008_front_put_the_cylinder_on_the_tray.png,00008_wrist_put_the_cylinder_on_the_tray.png,recap.png,50,19,219,220,-6.417582417582418,-2.1538461538461537,35.2967032967033,64.87912087912088,-1.2747252747252746,28.21917808219178,13.91750717163086,-13.854942321777344,-1.3319015502929688,83.98709106445312,-2.485715866088867,11.430395126342773
069_cylinder,put the cylinder on the tray,9,1,174,7.993,1788427681.870162,00008_front_put_the_cylinder_on_the_tray.png,00008_wrist_put_the_cylinder_on_the_tray.png,recap.png,50,20,220,221,-6.417582417582418,-2.1538461538461537,35.2967032967033,64.87912087912088,-1.2747252747252746,28.21917808219178,14.553558349609375,-14.315803527832031,-1.8810005187988281,83.27843475341797,-2.534796714782715,11.225445747375488
069_cylinder,put the cylinder on the tray,9,1,174,7.993,1788427681.870162,00008_front_put_the_cylinder_on_the_tray.png,00008_wrist_put_the_cylinder_on_the_tray.png,recap.png,50,21,221,222,-6.417582417582418,-2.1538461538461537,35.2967032967033,64.87912087912088,-1.2747252747252746,28.21917808219178,15.658905029296875,-12.749847412109375,-2.6630935668945312,82.55360412597656,-2.65956974029541,11.234245300292969
069_cylinder,put the cylinder on the tray,9,1,174,7.993,1788427681.870162,00008_front_put_the_cylinder_on_the_tray.png,00008_wrist_put_the_cylinder_on_the_tray.png,recap.png,50,22,222,223,-6.417582417582418,-2.1538461538461537,35.2967032967033,64.87912087912088,-1.2747252747252746,28.21917808219178,16.292125701904297,-11.527915954589844,-2.672618865966797,81.93404388427734,-2.725583076477051,11.382026672363281
069_cylinder,put the cylinder on the tray,9,1,174,7.993,1788427681.870162,00008_front_put_the_cylinder_on_the_tray.png,00008_wrist_put_the_cylinder_on_the_tray.png,recap.png,50,23,223,224,-6.417582417582418,-2.1538461538461537,35.2967032967033,64.87912087912088,-1.2747252747252746,28.21917808219178,17.357311248779297,-9.484626770019531,-3.438465118408203,80.50589752197266,-2.7985544204711914,11.344365119934082
069_cylinder,put the cylinder on the tray,10,1,199,8.964,1788427682.8401153,00009_front_put_the_cylinder_on_the_tray.png,00009_wrist_put_the_cylinder_on_the_tray.png,recap.png,50,0,224,225,-3.4285714285714284,-1.5384615384615385,2.241758241758242,91.07692307692308,-3.6483516483516483,21.164383561643834,27.037662506103516,-2.5587158203125,-15.615291595458984,83.8143310546875,-1.9877519607543945,9.522327423095703
069_cylinder,put the cylinder on the tray,10,1,199,8.964,1788427682.8401153,00009_front_put_the_cylinder_on_the_tray.png,00009_wrist_put_the_cylinder_on_the_tray.png,recap.png,50,1,225,226,-3.4285714285714284,-1.5384615384615385,2.241758241758242,91.07692307692308,-3.6483516483516483,21.164383561643834,27.679065704345703,-1.777862548828125,-16.122482299804688,82.93003845214844,-1.8640470504760742,9.549220085144043
069_cylinder,put the cylinder on the tray,10,1,199,8.964,1788427682.8401153,00009_front_put_the_cylinder_on_the_tray.png,00009_wrist_put_the_cylinder_on_the_tray.png,recap.png,50,2,226,227,-3.4285714285714284,-1.5384615384615385,2.241758241758242,91.07692307692308,-3.6483516483516483,21.164383561643834,28.506511688232422,-1.1512069702148438,-16.22437286376953,82.20816802978516,-2.009749412536621,9.640311241149902
069_cylinder,put the cylinder on the tray,10,1,199,8.964,1788427682.8401153,00009_front_put_the_cylinder_on_the_tray.png,00009_wrist_put_the_cylinder_on_the_tray.png,recap.png,50,3,227,228,-3.4285714285714284,-1.5384615384615385,2.241758241758242,91.07692307692308,-3.6483516483516483,21.164383561643834,28.92425537109375,-1.1922225952148438,-16.536144256591797,81.3584213256836,-2.0104904174804688,9.730306625366211
069_cylinder,put the cylinder on the tray,10,1,199,8.964,1788427682.8401153,00009_front_put_the_cylinder_on_the_tray.png,00009_wrist_put_the_cylinder_on_the_tray.png,recap.png,50,4,228,229,-3.4285714285714284,-1.5384615384615385,2.241758241758242,91.07692307692308,-3.6483516483516483,21.164383561643834,29.76580810546875,-0.6306915283203125,-16.897937774658203,80.83956909179688,-2.07025146484375,9.63731861114502
069_cylinder,put the cylinder on the tray,10,1,199,8.964,1788427682.8401153,00009_front_put_the_cylinder_on_the_tray.png,00009_wrist_put_the_cylinder_on_the_tray.png,recap.png,50,5,229,230,-3.4285714285714284,-1.5384615384615385,2.241758241758242,91.07692307692308,-3.6483516483516483,21.164383561643834,29.879383087158203,0.24442291259765625,-16.999561309814453,80.04132080078125,-2.412440299987793,9.805057525634766
069_cylinder,put the cylinder on the tray,10,1,199,8.964,1788427682.8401153,00009_front_put_the_cylinder_on_the_tray.png,00009_wrist_put_the_cylinder_on_the_tray.png,recap.png,50,6,230,231,-3.4285714285714284,-1.5384615384615385,2.241758241758242,91.07692307692308,-3.6483516483516483,21.164383561643834,30.768245697021484,0.9481124877929688,-17.731285095214844,78.8795394897461,-2.384882926940918,9.87475872039795
069_cylinder,put the cylinder on the tray,10,1,199,8.964,1788427682.8401153,00009_front_put_the_cylinder_on_the_tray.png,00009_wrist_put_the_cylinder_on_the_tray.png,recap.png,50,7,231,232,-3.4285714285714284,-1.5384615384615385,2.241758241758242,91.07692307692308,-3.6483516483516483,21.164383561643834,30.88719940185547,2.5856857299804688,-17.66382598876953,78.14151000976562,-2.7880306243896484,9.723179817199707
069_cylinder,put the cylinder on the tray,10,1,199,8.964,1788427682.8401153,00009_front_put_the_cylinder_on_the_tray.png,00009_wrist_put_the_cylinder_on_the_tray.png,recap.png,50,8,232,233,-3.4285714285714284,-1.5384615384615385,2.241758241758242,91.07692307692308,-3.6483516483516483,21.164383561643834,31.426986694335938,3.1846237182617188,-18.83647918701172,77.78170013427734,-3.0008983612060547,9.724641799926758
069_cylinder,put the cylinder on the tray,10,1,199,8.964,1788427682.8401153,00009_front_put_the_cylinder_on_the_tray.png,00009_wrist_put_the_cylinder_on_the_tray.png,recap.png,50,9,233,234,-3.4285714285714284,-1.5384615384615385,2.241758241758242,91.07692307692308,-3.6483516483516483,21.164383561643834,31.628284454345703,3.66387939453125,-18.298141479492188,76.96127319335938,-2.9765634536743164,9.694595336914062
069_cylinder,put the cylinder on the tray,10,1,199,8.964,1788427682.8401153,00009_front_put_the_cylinder_on_the_tray.png,00009_wrist_put_the_cylinder_on_the_tray.png,recap.png,50,10,234,235,-3.4285714285714284,-1.5384615384615385,2.241758241758242,91.07692307692308,-3.6483516483516483,21.164383561643834,31.866344451904297,5.144500732421875,-19.829456329345703,76.38934326171875,-2.9947328567504883,9.737408638000488
069_cylinder,put the cylinder on the tray,10,1,199,8.964,1788427682.8401153,00009_front_put_the_cylinder_on_the_tray.png,00009_wrist_put_the_cylinder_on_the_tray.png,recap.png,50,11,235,236,-3.4285714285714284,-1.5384615384615385,2.241758241758242,91.07692307692308,-3.6483516483516483,21.164383561643834,31.849292755126953,6.488716125488281,-20.67205810546875,76.50135803222656,-3.219794273376465,9.8076753616333
069_cylinder,put the cylinder on the tray,10,1,199,8.964,1788427682.8401153,00009_front_put_the_cylinder_on_the_tray.png,00009_wrist_put_the_cylinder_on_the_tray.png,recap.png,50,12,236,237,-3.4285714285714284,-1.5384615384615385,2.241758241758242,91.07692307692308,-3.6483516483516483,21.164383561643834,31.808917999267578,8.080940246582031,-21.800884246826172,76.48606872558594,-3.375225067138672,9.641138076782227
069_cylinder,put the cylinder on the tray,10,1,199,8.964,1788427682.8401153,00009_front_put_the_cylinder_on_the_tray.png,00009_wrist_put_the_cylinder_on_the_tray.png,recap.png,50,13,237,238,-3.4285714285714284,-1.5384615384615385,2.241758241758242,91.07692307692308,-3.6483516483516483,21.164383561643834,31.98489761352539,8.288749694824219,-21.13910675048828,76.34132385253906,-3.452080726623535,9.78190803527832
069_cylinder,put the cylinder on the tray,10,1,199,8.964,1788427682.8401153,00009_front_put_the_cylinder_on_the_tray.png,00009_wrist_put_the_cylinder_on_the_tray.png,recap.png,50,14,238,239,-3.4285714285714284,-1.5384615384615385,2.241758241758242,91.07692307692308,-3.6483516483516483,21.164383561643834,32.26909255981445,10.084945678710938,-23.164020538330078,76.22167205810547,-3.6648807525634766,9.585923194885254
069_cylinder,put the cylinder on the tray,10,1,199,8.964,1788427682.8401153,00009_front_put_the_cylinder_on_the_tray.png,00009_wrist_put_the_cylinder_on_the_tray.png,recap.png,50,15,239,240,-3.4285714285714284,-1.5384615384615385,2.241758241758242,91.07692307692308,-3.6483516483516483,21.164383561643834,32.229312896728516,10.688072204589844,-22.98822784423828,76.24391174316406,-3.8682851791381836,9.700703620910645
069_cylinder,put the cylinder on the tray,10,1,199,8.964,1788427682.8401153,00009_front_put_the_cylinder_on_the_tray.png,00009_wrist_put_the_cylinder_on_the_tray.png,recap.png,50,16,240,241,-3.4285714285714284,-1.5384615384615385,2.241758241758242,91.07692307692308,-3.6483516483516483,21.164383561643834,32.72574234008789,12.874946594238281,-24.463111877441406,76.43224334716797,-4.196866512298584,9.817839622497559
069_cylinder,put the cylinder on the tray,10,1,199,8.964,1788427682.8401153,00009_front_put_the_cylinder_on_the_tray.png,00009_wrist_put_the_cylinder_on_the_tray.png,recap.png,50,17,241,242,-3.4285714285714284,-1.5384615384615385,2.241758241758242,91.07692307692308,-3.6483516483516483,21.164383561643834,32.848392486572266,14.167259216308594,-25.673582077026367,76.23279571533203,-4.4512619972229,9.760052680969238
069_cylinder,put the cylinder on the tray,10,1,199,8.964,1788427682.8401153,00009_front_put_the_cylinder_on_the_tray.png,00009_wrist_put_the_cylinder_on_the_tray.png,recap.png,50,18,242,243,-3.4285714285714284,-1.5384615384615385,2.241758241758242,91.07692307692308,-3.6483516483516483,21.164383561643834,32.55117416381836,14.824043273925781,-25.962373733520508,76.15684509277344,-4.816726207733154,9.791008949279785
069_cylinder,put the cylinder on the tray,10,1,199,8.964,1788427682.8401153,00009_front_put_the_cylinder_on_the_tray.png,00009_wrist_put_the_cylinder_on_the_tray.png,recap.png,50,19,243,244,-3.4285714285714284,-1.5384615384615385,2.241758241758242,91.07692307692308,-3.6483516483516483,21.164383561643834,32.84578323364258,16.350120544433594,-27.223173141479492,75.95965576171875,-4.924982070922852,9.73663330078125
069_cylinder,put the cylinder on the tray,10,1,199,8.964,1788427682.8401153,00009_front_put_the_cylinder_on_the_tray.png,00009_wrist_put_the_cylinder_on_the_tray.png,recap.png,50,20,244,245,-3.4285714285714284,-1.5384615384615385,2.241758241758242,91.07692307692308,-3.6483516483516483,21.164383561643834,32.97578048706055,16.345558166503906,-27.87705421447754,75.52082061767578,-5.466401100158691,9.846639633178711
069_cylinder,put the cylinder on the tray,10,1,199,8.964,1788427682.8401153,00009_front_put_the_cylinder_on_the_tray.png,00009_wrist_put_the_cylinder_on_the_tray.png,recap.png,50,21,245,246,-3.4285714285714284,-1.5384615384615385,2.241758241758242,91.07692307692308,-3.6483516483516483,21.164383561643834,33.29091262817383,18.07958221435547,-27.60236358642578,75.20438385009766,-5.6808180809021,9.7340669631958
069_cylinder,put the cylinder on the tray,10,1,199,8.964,1788427682.8401153,00009_front_put_the_cylinder_on_the_tray.png,00009_wrist_put_the_cylinder_on_the_tray.png,recap.png,50,22,246,247,-3.4285714285714284,-1.5384615384615385,2.241758241758242,91.07692307692308,-3.6483516483516483,21.164383561643834,33.16952896118164,18.829734802246094,-28.72612190246582,74.93325805664062,-5.688520908355713,9.952046394348145
069_cylinder,put the cylinder on the tray,10,1,199,8.964,1788427682.8401153,00009_front_put_the_cylinder_on_the_tray.png,00009_wrist_put_the_cylinder_on_the_tray.png,recap.png,50,23,247,248,-3.4285714285714284,-1.5384615384615385,2.241758241758242,91.07692307692308,-3.6483516483516483,21.164383561643834,33.16411209106445,20.151893615722656,-28.75699234008789,74.96160888671875,-6.033951759338379,9.687466621398926
069_cylinder,put the cylinder on the tray,10,1,199,8.964,1788427682.8401153,00009_front_put_the_cylinder_on_the_tray.png,00009_wrist_put_the_cylinder_on_the_tray.png,recap.png,50,24,248,249,-3.4285714285714284,-1.5384615384615385,2.241758241758242,91.07692307692308,-3.6483516483516483,21.164383561643834,33.45326614379883,20.87060546875,-29.298492431640625,74.7888412475586,-6.144473552703857,9.864233016967773
069_cylinder,put the cylinder on the tray,11,1,223,9.867,1788427683.743383,00010_front_put_the_cylinder_on_the_tray.png,00010_wrist_put_the_cylinder_on_the_tray.png,recap.png,50,0,249,250,14.065934065934066,-11.032967032967033,2.857142857142857,84.74725274725274,-2.9450549450549453,19.383561643835616,31.204090118408203,13.85284423828125,-17.56024169921875,68.55509185791016,-3.2523021697998047,9.46849536895752
069_cylinder,put the cylinder on the tray,11,1,223,9.867,1788427683.743383,00010_front_put_the_cylinder_on_the_tray.png,00010_wrist_put_the_cylinder_on_the_tray.png,recap.png,50,1,250,251,14.065934065934066,-11.032967032967033,2.857142857142857,84.74725274725274,-2.9450549450549453,19.383561643835616,31.84127426147461,14.657615661621094,-17.557003021240234,69.22657012939453,-3.3664369583129883,9.57599925994873
069_cylinder,put the cylinder on the tray,11,1,223,9.867,1788427683.743383,00010_front_put_the_cylinder_on_the_tray.png,00010_wrist_put_the_cylinder_on_the_tray.png,recap.png,50,2,251,252,14.065934065934066,-11.032967032967033,2.857142857142857,84.74725274725274,-2.9450549450549453,19.383561643835616,32.04732131958008,16.529747009277344,-19.035079956054688,69.21129608154297,-3.386836051940918,9.56204891204834
069_cylinder,put the cylinder on the tray,11,1,223,9.867,1788427683.743383,00010_front_put_the_cylinder_on_the_tray.png,00010_wrist_put_the_cylinder_on_the_tray.png,recap.png,50,3,252,253,14.065934065934066,-11.032967032967033,2.857142857142857,84.74725274725274,-2.9450549450549453,19.383561643835616,32.0443000793457,17.643035888671875,-19.896495819091797,69.75584411621094,-3.636275291442871,9.592108726501465
069_cylinder,put the cylinder on the tray,11,1,223,9.867,1788427683.743383,00010_front_put_the_cylinder_on_the_tray.png,00010_wrist_put_the_cylinder_on_the_tray.png,recap.png,50,4,253,254,14.065934065934066,-11.032967032967033,2.857142857142857,84.74725274725274,-2.9450549450549453,19.383561643835616,32.44077682495117,18.112411499023438,-20.739383697509766,69.79716491699219,-3.7276811599731445,9.560235977172852
069_cylinder,put the cylinder on the tray,11,1,223,9.867,1788427683.743383,00010_front_put_the_cylinder_on_the_tray.png,00010_wrist_put_the_cylinder_on_the_tray.png,recap.png,50,5,254,255,14.065934065934066,-11.032967032967033,2.857142857142857,84.74725274725274,-2.9450549450549453,19.383561643835616,32.59926223754883,19.35107421875,-20.917312622070312,70.0729751586914,-3.654623031616211,9.611845016479492
069_cylinder,put the cylinder on the tray,11,1,223,9.867,1788427683.743383,00010_front_put_the_cylinder_on_the_tray.png,00010_wrist_put_the_cylinder_on_the_tray.png,recap.png,50,6,255,256,14.065934065934066,-11.032967032967033,2.857142857142857,84.74725274725274,-2.9450549450549453,19.383561643835616,33.17377853393555,19.818862915039062,-20.92026138305664,70.15016174316406,-3.6980457305908203,9.547998428344727
069_cylinder,put the cylinder on the tray,11,1,223,9.867,1788427683.743383,00010_front_put_the_cylinder_on_the_tray.png,00010_wrist_put_the_cylinder_on_the_tray.png,recap.png,50,7,256,257,14.065934065934066,-11.032967032967033,2.857142857142857,84.74725274725274,-2.9450549450549453,19.383561643835616,33.4994010925293,21.465042114257812,-22.383495330810547,70.0000228881836,-3.800581932067871,9.629718780517578
069_cylinder,put the cylinder on the tray,11,1,223,9.867,1788427683.743383,00010_front_put_the_cylinder_on_the_tray.png,00010_wrist_put_the_cylinder_on_the_tray.png,recap.png,50,8,257,258,14.065934065934066,-11.032967032967033,2.857142857142857,84.74725274725274,-2.9450549450549453,19.383561643835616,34.040035247802734,21.56702423095703,-21.966411590576172,69.90869140625,-3.7769947052001953,9.738218307495117
069_cylinder,put the cylinder on the tray,11,1,223,9.867,1788427683.743383,00010_front_put_the_cylinder_on_the_tray.png,00010_wrist_put_the_cylinder_on_the_tray.png,recap.png,50,9,258,259,14.065934065934066,-11.032967032967033,2.857142857142857,84.74725274725274,-2.9450549450549453,19.383561643835616,34.53499984741211,21.94525146484375,-21.527069091796875,69.6131591796875,-3.8741912841796875,9.540937423706055
069_cylinder,put the cylinder on the tray,11,1,223,9.867,1788427683.743383,00010_front_put_the_cylinder_on_the_tray.png,00010_wrist_put_the_cylinder_on_the_tray.png,recap.png,50,10,259,260,14.065934065934066,-11.032967032967033,2.857142857142857,84.74725274725274,-2.9450549450549453,19.383561643835616,35.089481353759766,23.236671447753906,-21.796974182128906,69.64378356933594,-3.881964683532715,9.572434425354004
069_cylinder,put the cylinder on the tray,11,1,223,9.867,1788427683.743383,00010_front_put_the_cylinder_on_the_tray.png,00010_wrist_put_the_cylinder_on_the_tray.png,recap.png,50,11,260,261,14.065934065934066,-11.032967032967033,2.857142857142857,84.74725274725274,-2.9450549450549453,19.383561643835616,35.39320755004883,22.67804718017578,-21.750900268554688,69.30999755859375,-3.736104965209961,9.566588401794434
069_cylinder,put the cylinder on the tray,11,1,223,9.867,1788427683.743383,00010_front_put_the_cylinder_on_the_tray.png,00010_wrist_put_the_cylinder_on_the_tray.png,recap.png,50,12,261,262,14.065934065934066,-11.032967032967033,2.857142857142857,84.74725274725274,-2.9450549450549453,19.383561643835616,35.32529830932617,23.903358459472656,-20.905181884765625,69.04496002197266,-3.84033203125,9.3875732421875
069_cylinder,put the cylinder on the tray,11,1,223,9.867,1788427683.743383,00010_front_put_the_cylinder_on_the_tray.png,00010_wrist_put_the_cylinder_on_the_tray.png,recap.png,50,13,262,263,14.065934065934066,-11.032967032967033,2.857142857142857,84.74725274725274,-2.9450549450549453,19.383561643835616,35.64784622192383,23.72124481201172,-21.249095916748047,68.74232482910156,-3.8043718338012695,9.531654357910156
069_cylinder,put the cylinder on the tray,11,1,223,9.867,1788427683.743383,00010_front_put_the_cylinder_on_the_tray.png,00010_wrist_put_the_cylinder_on_the_tray.png,recap.png,50,14,263,264,14.065934065934066,-11.032967032967033,2.857142857142857,84.74725274725274,-2.9450549450549453,19.383561643835616,35.81039810180664,24.044296264648438,-21.566516876220703,68.6798324584961,-3.901815414428711,9.396153450012207
069_cylinder,put the cylinder on the tray,11,1,223,9.867,1788427683.743383,00010_front_put_the_cylinder_on_the_tray.png,00010_wrist_put_the_cylinder_on_the_tray.png,recap.png,50,15,264,265,14.065934065934066,-11.032967032967033,2.857142857142857,84.74725274725274,-2.9450549450549453,19.383561643835616,35.888118743896484,23.743453979492188,-20.067337036132812,68.58013153076172,-3.99282169342041,9.585841178894043
069_cylinder,put the cylinder on the tray,11,1,223,9.867,1788427683.743383,00010_front_put_the_cylinder_on_the_tray.png,00010_wrist_put_the_cylinder_on_the_tray.png,recap.png,50,16,265,266,14.065934065934066,-11.032967032967033,2.857142857142857,84.74725274725274,-2.9450549450549453,19.383561643835616,36.4015998840332,24.547698974609375,-19.63888168334961,68.43891906738281,-4.03752326965332,9.616537094116211
069_cylinder,put the cylinder on the tray,11,1,223,9.867,1788427683.743383,00010_front_put_the_cylinder_on_the_tray.png,00010_wrist_put_the_cylinder_on_the_tray.png,recap.png,50,17,266,267,14.065934065934066,-11.032967032967033,2.857142857142857,84.74725274725274,-2.9450549450549453,19.383561643835616,36.6723518371582,23.99352264404297,-19.29617691040039,68.18644714355469,-4.148975849151611,10.171236991882324
069_cylinder,put the cylinder on the tray,11,1,223,9.867,1788427683.743383,00010_front_put_the_cylinder_on_the_tray.png,00010_wrist_put_the_cylinder_on_the_tray.png,recap.png,50,18,267,268,14.065934065934066,-11.032967032967033,2.857142857142857,84.74725274725274,-2.9450549450549453,19.383561643835616,36.379390716552734,23.843482971191406,-19.57125473022461,68.15585327148438,-3.997577667236328,10.9154691696167
069_cylinder,put the cylinder on the tray,11,1,223,9.867,1788427683.743383,00010_front_put_the_cylinder_on_the_tray.png,00010_wrist_put_the_cylinder_on_the_tray.png,recap.png,50,19,268,269,14.065934065934066,-11.032967032967033,2.857142857142857,84.74725274725274,-2.9450549450549453,19.383561643835616,36.4627571105957,24.778099060058594,-19.634159088134766,68.32538604736328,-4.20543098449707,11.683115005493164
069_cylinder,put the cylinder on the tray,11,1,223,9.867,1788427683.743383,00010_front_put_the_cylinder_on_the_tray.png,00010_wrist_put_the_cylinder_on_the_tray.png,recap.png,50,20,269,270,14.065934065934066,-11.032967032967033,2.857142857142857,84.74725274725274,-2.9450549450549453,19.383561643835616,36.511600494384766,25.17839813232422,-19.201152801513672,68.436279296875,-4.074941635131836,13.656499862670898
069_cylinder,put the cylinder on the tray,11,1,223,9.867,1788427683.743383,00010_front_put_the_cylinder_on_the_tray.png,00010_wrist_put_the_cylinder_on_the_tray.png,recap.png,50,21,270,271,14.065934065934066,-11.032967032967033,2.857142857142857,84.74725274725274,-2.9450549450549453,19.383561643835616,36.486698150634766,26.003257751464844,-19.689647674560547,68.75797271728516,-3.9608230590820312,15.470287322998047
069_cylinder,put the cylinder on the tray,11,1,223,9.867,1788427683.743383,00010_front_put_the_cylinder_on_the_tray.png,00010_wrist_put_the_cylinder_on_the_tray.png,recap.png,50,22,271,272,14.065934065934066,-11.032967032967033,2.857142857142857,84.74725274725274,-2.9450549450549453,19.383561643835616,36.83161544799805,26.290916442871094,-19.660869598388672,69.09465026855469,-3.960700035095215,17.249629974365234
069_cylinder,put the cylinder on the tray,11,1,223,9.867,1788427683.743383,00010_front_put_the_cylinder_on_the_tray.png,00010_wrist_put_the_cylinder_on_the_tray.png,recap.png,50,23,272,273,14.065934065934066,-11.032967032967033,2.857142857142857,84.74725274725274,-2.9450549450549453,19.383561643835616,36.58366012573242,26.39392852783203,-19.916275024414062,69.05596160888672,-4.07478141784668,18.78704071044922
069_cylinder,put the cylinder on the tray,12,1,248,10.769,1788427684.644816,00011_front_put_the_cylinder_on_the_tray.png,00011_wrist_put_the_cylinder_on_the_tray.png,recap.png,50,0,273,274,31.47252747252747,20.175824175824175,-22.9010989010989,77.0989010989011,-5.054945054945055,18.63013698630137,32.72726058959961,25.660667419433594,-22.61130142211914,70.9497299194336,-5.728707790374756,29.555828094482422
069_cylinder,put the cylinder on the tray,12,1,248,10.769,1788427684.644816,00011_front_put_the_cylinder_on_the_tray.png,00011_wrist_put_the_cylinder_on_the_tray.png,recap.png,50,1,274,275,31.47252747252747,20.175824175824175,-22.9010989010989,77.0989010989011,-5.054945054945055,18.63013698630137,32.80277633666992,25.122772216796875,-22.828426361083984,71.2342529296875,-5.456317901611328,31.151643753051758
069_cylinder,put the cylinder on the tray,12,1,248,10.769,1788427684.644816,00011_front_put_the_cylinder_on_the_tray.png,00011_wrist_put_the_cylinder_on_the_tray.png,recap.png,50,2,275,276,31.47252747252747,20.175824175824175,-22.9010989010989,77.0989010989011,-5.054945054945055,18.63013698630137,32.5605583190918,25.803306579589844,-22.417133331298828,71.53108215332031,-5.4804205894470215,32.55710983276367
069_cylinder,put the cylinder on the tray,12,1,248,10.769,1788427684.644816,00011_front_put_the_cylinder_on_the_tray.png,00011_wrist_put_the_cylinder_on_the_tray.png,recap.png,50,3,276,277,31.47252747252747,20.175824175824175,-22.9010989010989,77.0989010989011,-5.054945054945055,18.63013698630137,32.52103042602539,25.81871795654297,-22.74665069580078,71.94813537597656,-5.238658905029297,33.59771728515625
069_cylinder,put the cylinder on the tray,12,1,248,10.769,1788427684.644816,00011_front_put_the_cylinder_on_the_tray.png,00011_wrist_put_the_cylinder_on_the_tray.png,recap.png,50,4,277,278,31.47252747252747,20.175824175824175,-22.9010989010989,77.0989010989011,-5.054945054945055,18.63013698630137,32.41059494018555,25.868568420410156,-22.802410125732422,72.3709716796875,-5.153754234313965,34.238304138183594
069_cylinder,put the cylinder on the tray,12,1,248,10.769,1788427684.644816,00011_front_put_the_cylinder_on_the_tray.png,00011_wrist_put_the_cylinder_on_the_tray.png,recap.png,50,5,278,279,31.47252747252747,20.175824175824175,-22.9010989010989,77.0989010989011,-5.054945054945055,18.63013698630137,32.11643600463867,25.74456024169922,-22.971054077148438,72.84180450439453,-5.028750419616699,34.439353942871094
069_cylinder,put the cylinder on the tray,12,1,248,10.769,1788427684.644816,00011_front_put_the_cylinder_on_the_tray.png,00011_wrist_put_the_cylinder_on_the_tray.png,recap.png,50,6,279,280,31.47252747252747,20.175824175824175,-22.9010989010989,77.0989010989011,-5.054945054945055,18.63013698630137,32.44919967651367,25.97449493408203,-23.558547973632812,73.39934539794922,-4.996945858001709,34.635189056396484
069_cylinder,put the cylinder on the tray,12,1,248,10.769,1788427684.644816,00011_front_put_the_cylinder_on_the_tray.png,00011_wrist_put_the_cylinder_on_the_tray.png,recap.png,50,7,280,281,31.47252747252747,20.175824175824175,-22.9010989010989,77.0989010989011,-5.054945054945055,18.63013698630137,32.343082427978516,26.07544708251953,-23.50225067138672,73.92105102539062,-4.835909366607666,34.90272903442383
069_cylinder,put the cylinder on the tray,12,1,248,10.769,1788427684.644816,00011_front_put_the_cylinder_on_the_tray.png,00011_wrist_put_the_cylinder_on_the_tray.png,recap.png,50,8,281,282,31.47252747252747,20.175824175824175,-22.9010989010989,77.0989010989011,-5.054945054945055,18.63013698630137,32.47783279418945,25.16748046875,-23.912540435791016,74.40498352050781,-4.71875,34.82817077636719
069_cylinder,put the cylinder on the tray,12,1,248,10.769,1788427684.644816,00011_front_put_the_cylinder_on_the_tray.png,00011_wrist_put_the_cylinder_on_the_tray.png,recap.png,50,9,282,283,31.47252747252747,20.175824175824175,-22.9010989010989,77.0989010989011,-5.054945054945055,18.63013698630137,32.120487213134766,25.90947723388672,-24.53575897216797,75.18296813964844,-4.735040664672852,35.170047760009766
069_cylinder,put the cylinder on the tray,12,1,248,10.769,1788427684.644816,00011_front_put_the_cylinder_on_the_tray.png,00011_wrist_put_the_cylinder_on_the_tray.png,recap.png,50,10,283,284,31.47252747252747,20.175824175824175,-22.9010989010989,77.0989010989011,-5.054945054945055,18.63013698630137,32.29256057739258,25.54644012451172,-25.092178344726562,76.02364349365234,-4.69570779800415,35.561405181884766
069_cylinder,put the cylinder on the tray,12,1,248,10.769,1788427684.644816,00011_front_put_the_cylinder_on_the_tray.png,00011_wrist_put_the_cylinder_on_the_tray.png,recap.png,50,11,284,285,31.47252747252747,20.175824175824175,-22.9010989010989,77.0989010989011,-5.054945054945055,18.63013698630137,32.25923538208008,25.2059326171875,-25.64293670654297,76.962890625,-4.625214099884033,35.90293502807617
069_cylinder,put the cylinder on the tray,12,1,248,10.769,1788427684.644816,00011_front_put_the_cylinder_on_the_tray.png,00011_wrist_put_the_cylinder_on_the_tray.png,recap.png,50,12,285,286,31.47252747252747,20.175824175824175,-22.9010989010989,77.0989010989011,-5.054945054945055,18.63013698630137,32.278133392333984,25.970787048339844,-25.950061798095703,77.86985778808594,-4.623029708862305,36.34391784667969
069_cylinder,put the cylinder on the tray,12,1,248,10.769,1788427684.644816,00011_front_put_the_cylinder_on_the_tray.png,00011_wrist_put_the_cylinder_on_the_tray.png,recap.png,50,13,286,287,31.47252747252747,20.175824175824175,-22.9010989010989,77.0989010989011,-5.054945054945055,18.63013698630137,32.0317268371582,25.511009216308594,-26.799545288085938,78.95126342773438,-4.535191059112549,36.603092193603516
069_cylinder,put the cylinder on the tray,12,1,248,10.769,1788427684.644816,00011_front_put_the_cylinder_on_the_tray.png,00011_wrist_put_the_cylinder_on_the_tray.png,recap.png,50,14,287,288,31.47252747252747,20.175824175824175,-22.9010989010989,77.0989010989011,-5.054945054945055,18.63013698630137,32.08120346069336,25.256248474121094,-27.2161865234375,80.06253814697266,-4.424943923950195,36.6508903503418
069_cylinder,put the cylinder on the tray,12,1,248,10.769,1788427684.644816,00011_front_put_the_cylinder_on_the_tray.png,00011_wrist_put_the_cylinder_on_the_tray.png,recap.png,50,15,288,289,31.47252747252747,20.175824175824175,-22.9010989010989,77.0989010989011,-5.054945054945055,18.63013698630137,31.815387725830078,25.13561248779297,-28.336963653564453,81.49488830566406,-4.413586616516113,36.37836837768555
069_cylinder,put the cylinder on the tray,12,1,248,10.769,1788427684.644816,00011_front_put_the_cylinder_on_the_tray.png,00011_wrist_put_the_cylinder_on_the_tray.png,recap.png,50,16,289,290,31.47252747252747,20.175824175824175,-22.9010989010989,77.0989010989011,-5.054945054945055,18.63013698630137,31.82046890258789,25.248580932617188,-29.409420013427734,82.86691284179688,-4.1793317794799805,36.23755645751953
069_cylinder,put the cylinder on the tray,12,1,248,10.769,1788427684.644816,00011_front_put_the_cylinder_on_the_tray.png,00011_wrist_put_the_cylinder_on_the_tray.png,recap.png,50,17,290,291,31.47252747252747,20.175824175824175,-22.9010989010989,77.0989010989011,-5.054945054945055,18.63013698630137,31.717510223388672,25.021278381347656,-30.58751106262207,84.40380859375,-4.091998100280762,36.09166717529297
069_cylinder,put the cylinder on the tray,12,1,248,10.769,1788427684.644816,00011_front_put_the_cylinder_on_the_tray.png,00011_wrist_put_the_cylinder_on_the_tray.png,recap.png,50,18,291,292,31.47252747252747,20.175824175824175,-22.9010989010989,77.0989010989011,-5.054945054945055,18.63013698630137,31.27145767211914,24.78668975830078,-31.8649845123291,85.96499633789062,-3.7840614318847656,35.967002868652344
069_cylinder,put the cylinder on the tray,12,1,248,10.769,1788427684.644816,00011_front_put_the_cylinder_on_the_tray.png,00011_wrist_put_the_cylinder_on_the_tray.png,recap.png,50,19,292,293,31.47252747252747,20.175824175824175,-22.9010989010989,77.0989010989011,-5.054945054945055,18.63013698630137,31.149444580078125,24.6839599609375,-33.38996124267578,87.53675842285156,-3.5905580520629883,35.945556640625
069_cylinder,put the cylinder on the tray,12,1,248,10.769,1788427684.644816,00011_front_put_the_cylinder_on_the_tray.png,00011_wrist_put_the_cylinder_on_the_tray.png,recap.png,50,20,293,294,31.47252747252747,20.175824175824175,-22.9010989010989,77.0989010989011,-5.054945054945055,18.63013698630137,30.863082885742188,24.91283416748047,-35.27341842651367,89.3475570678711,-3.339691162109375,36.0208854675293
069_cylinder,put the cylinder on the tray,12,1,248,10.769,1788427684.644816,00011_front_put_the_cylinder_on_the_tray.png,00011_wrist_put_the_cylinder_on_the_tray.png,recap.png,50,21,294,295,31.47252747252747,20.175824175824175,-22.9010989010989,77.0989010989011,-5.054945054945055,18.63013698630137,30.63364028930664,24.165122985839844,-36.461769104003906,91.00859832763672,-3.0286006927490234,35.84565353393555
069_cylinder,put the cylinder on the tray,12,1,248,10.769,1788427684.644816,00011_front_put_the_cylinder_on_the_tray.png,00011_wrist_put_the_cylinder_on_the_tray.png,recap.png,50,22,295,296,31.47252747252747,20.175824175824175,-22.9010989010989,77.0989010989011,-5.054945054945055,18.63013698630137,30.048168182373047,24.77777862548828,-38.190956115722656,92.9119873046875,-2.756784439086914,35.966365814208984
069_cylinder,put the cylinder on the tray,12,1,248,10.769,1788427684.644816,00011_front_put_the_cylinder_on_the_tray.png,00011_wrist_put_the_cylinder_on_the_tray.png,recap.png,50,23,296,297,31.47252747252747,20.175824175824175,-22.9010989010989,77.0989010989011,-5.054945054945055,18.63013698630137,29.7022705078125,24.18817901611328,-39.96807861328125,94.23509216308594,-2.6114587783813477,35.66421890258789
069_cylinder,put the cylinder on the tray,12,1,248,10.769,1788427684.644816,00011_front_put_the_cylinder_on_the_tray.png,00011_wrist_put_the_cylinder_on_the_tray.png,recap.png,50,24,297,298,31.47252747252747,20.175824175824175,-22.9010989010989,77.0989010989011,-5.054945054945055,18.63013698630137,29.092342376708984,23.930938720703125,-41.39097595214844,95.63172912597656,-2.374569892883301,35.536006927490234
069_cylinder,put the cylinder on the tray,13,1,272,11.639,1788427685.5174701,00012_front_put_the_cylinder_on_the_tray.png,00012_wrist_put_the_cylinder_on_the_tray.png,recap.png,50,0,298,299,34.9010989010989,26.065934065934066,-19.12087912087912,68.48351648351648,-4.43956043956044,18.493150684931507,26.264976501464844,17.995620727539062,-20.499038696289062,83.31069946289062,-3.595376968383789,35.436492919921875
069_cylinder,put the cylinder on the tray,13,1,272,11.639,1788427685.5174701,00012_front_put_the_cylinder_on_the_tray.png,00012_wrist_put_the_cylinder_on_the_tray.png,recap.png,50,1,299,300,34.9010989010989,26.065934065934066,-19.12087912087912,68.48351648351648,-4.43956043956044,18.493150684931507,25.74661636352539,18.491905212402344,-21.814529418945312,84.58169555664062,-3.5452470779418945,35.52513122558594
069_cylinder,put the cylinder on the tray,13,1,272,11.639,1788427685.5174701,00012_front_put_the_cylinder_on_the_tray.png,00012_wrist_put_the_cylinder_on_the_tray.png,recap.png,50,2,300,301,34.9010989010989,26.065934065934066,-19.12087912087912,68.48351648351648,-4.43956043956044,18.493150684931507,25.328598022460938,18.349754333496094,-22.993412017822266,85.89620971679688,-3.3640127182006836,35.47066116333008
069_cylinder,put the cylinder on the tray,13,1,272,11.639,1788427685.5174701,00012_front_put_the_cylinder_on_the_tray.png,00012_wrist_put_the_cylinder_on_the_tray.png,recap.png,50,3,301,302,34.9010989010989,26.065934065934066,-19.12087912087912,68.48351648351648,-4.43956043956044,18.493150684931507,24.921539306640625,18.221847534179688,-24.115154266357422,87.39119720458984,-3.364935874938965,35.651100158691406
069_cylinder,put the cylinder on the tray,13,1,272,11.639,1788427685.5174701,00012_front_put_the_cylinder_on_the_tray.png,00012_wrist_put_the_cylinder_on_the_tray.png,recap.png,50,4,302,303,34.9010989010989,26.065934065934066,-19.12087912087912,68.48351648351648,-4.43956043956044,18.493150684931507,24.354896545410156,18.13257598876953,-25.73832130432129,88.96688842773438,-3.0213098526000977,35.99635314941406
069_cylinder,put the cylinder on the tray,13,1,272,11.639,1788427685.5174701,00012_front_put_the_cylinder_on_the_tray.png,00012_wrist_put_the_cylinder_on_the_tray.png,recap.png,50,5,303,304,34.9010989010989,26.065934065934066,-19.12087912087912,68.48351648351648,-4.43956043956044,18.493150684931507,24.096939086914062,18.08953857421875,-27.034297943115234,90.59756469726562,-2.688218116760254,36.428043365478516
069_cylinder,put the cylinder on the tray,13,1,272,11.639,1788427685.5174701,00012_front_put_the_cylinder_on_the_tray.png,00012_wrist_put_the_cylinder_on_the_tray.png,recap.png,50,6,304,305,34.9010989010989,26.065934065934066,-19.12087912087912,68.48351648351648,-4.43956043956044,18.493150684931507,23.740699768066406,17.830352783203125,-27.993877410888672,91.91453552246094,-2.1223554611206055,36.7496452331543
069_cylinder,put the cylinder on the tray,13,1,272,11.639,1788427685.5174701,00012_front_put_the_cylinder_on_the_tray.png,00012_wrist_put_the_cylinder_on_the_tray.png,recap.png,50,7,305,306,34.9010989010989,26.065934065934066,-19.12087912087912,68.48351648351648,-4.43956043956044,18.493150684931507,23.55176544189453,18.10076904296875,-29.36294174194336,92.99667358398438,-1.5069217681884766,36.815773010253906
069_cylinder,put the cylinder on the tray,13,1,272,11.639,1788427685.5174701,00012_front_put_the_cylinder_on_the_tray.png,00012_wrist_put_the_cylinder_on_the_tray.png,recap.png,50,8,306,307,34.9010989010989,26.065934065934066,-19.12087912087912,68.48351648351648,-4.43956043956044,18.493150684931507,23.106781005859375,17.48199462890625,-30.543699264526367,93.82827758789062,-0.9069080352783203,36.761112213134766
069_cylinder,put the cylinder on the tray,13,1,272,11.639,1788427685.5174701,00012_front_put_the_cylinder_on_the_tray.png,00012_wrist_put_the_cylinder_on_the_tray.png,recap.png,50,9,307,308,34.9010989010989,26.065934065934066,-19.12087912087912,68.48351648351648,-4.43956043956044,18.493150684931507,23.141582489013672,17.083168029785156,-30.20461654663086,94.84141540527344,-0.4771432876586914,36.60685348510742
069_cylinder,put the cylinder on the tray,13,1,272,11.639,1788427685.5174701,00012_front_put_the_cylinder_on_the_tray.png,00012_wrist_put_the_cylinder_on_the_tray.png,recap.png,50,10,308,309,34.9010989010989,26.065934065934066,-19.12087912087912,68.48351648351648,-4.43956043956044,18.493150684931507,22.650333404541016,17.699752807617188,-30.61117935180664,95.5288314819336,-0.07509040832519531,36.26573181152344
069_cylinder,put the cylinder on the tray,13,1,272,11.639,1788427685.5174701,00012_front_put_the_cylinder_on_the_tray.png,00012_wrist_put_the_cylinder_on_the_tray.png,recap.png,50,11,309,310,34.9010989010989,26.065934065934066,-19.12087912087912,68.48351648351648,-4.43956043956044,18.493150684931507,22.552371978759766,17.415321350097656,-30.71689796447754,96.10576629638672,0.5408229827880859,36.1135139465332
069_cylinder,put the cylinder on the tray,13,1,272,11.639,1788427685.5174701,00012_front_put_the_cylinder_on_the_tray.png,00012_wrist_put_the_cylinder_on_the_tray.png,recap.png,50,12,310,311,34.9010989010989,26.065934065934066,-19.12087912087912,68.48351648351648,-4.43956043956044,18.493150684931507,21.99831771850586,16.8436279296875,-31.3513126373291,96.69361877441406,1.2198143005371094,35.8284797668457
069_cylinder,put the cylinder on the tray,13,1,272,11.639,1788427685.5174701,00012_front_put_the_cylinder_on_the_tray.png,00012_wrist_put_the_cylinder_on_the_tray.png,recap.png,50,13,311,312,34.9010989010989,26.065934065934066,-19.12087912087912,68.48351648351648,-4.43956043956044,18.493150684931507,21.620250701904297,16.637413024902344,-31.598512649536133,97.2424087524414,1.6873207092285156,35.42658615112305
069_cylinder,put the cylinder on the tray,13,1,272,11.639,1788427685.5174701,00012_front_put_the_cylinder_on_the_tray.png,00012_wrist_put_the_cylinder_on_the_tray.png,recap.png,50,14,312,313,34.9010989010989,26.065934065934066,-19.12087912087912,68.48351648351648,-4.43956043956044,18.493150684931507,21.19869613647461,16.03203582763672,-31.310720443725586,97.80941772460938,2.042168617248535,35.050392150878906
069_cylinder,put the cylinder on the tray,13,1,272,11.639,1788427685.5174701,00012_front_put_the_cylinder_on_the_tray.png,00012_wrist_put_the_cylinder_on_the_tray.png,recap.png,50,15,313,314,34.9010989010989,26.065934065934066,-19.12087912087912,68.48351648351648,-4.43956043956044,18.493150684931507,20.903034210205078,16.528549194335938,-32.0219612121582,98.50663757324219,2.3086204528808594,35.15505599975586
069_cylinder,put the cylinder on the tray,13,1,272,11.639,1788427685.5174701,00012_front_put_the_cylinder_on_the_tray.png,00012_wrist_put_the_cylinder_on_the_tray.png,recap.png,50,16,314,315,34.9010989010989,26.065934065934066,-19.12087912087912,68.48351648351648,-4.43956043956044,18.493150684931507,20.747135162353516,16.08794403076172,-31.380332946777344,99.1966552734375,2.514497756958008,35.31752395629883
069_cylinder,put the cylinder on the tray,13,1,272,11.639,1788427685.5174701,00012_front_put_the_cylinder_on_the_tray.png,00012_wrist_put_the_cylinder_on_the_tray.png,recap.png,50,17,315,316,34.9010989010989,26.065934065934066,-19.12087912087912,68.48351648351648,-4.43956043956044,18.493150684931507,20.298873901367188,14.931297302246094,-31.156631469726562,99.654541015625,2.652651786804199,35.130714416503906
069_cylinder,put the cylinder on the tray,13,1,272,11.639,1788427685.5174701,00012_front_put_the_cylinder_on_the_tray.png,00012_wrist_put_the_cylinder_on_the_tray.png,recap.png,50,18,316,317,34.9010989010989,26.065934065934066,-19.12087912087912,68.48351648351648,-4.43956043956044,18.493150684931507,19.90639877319336,14.370468139648438,-31.10702133178711,100.20387268066406,2.696547508239746,35.29404830932617
069_cylinder,put the cylinder on the tray,13,1,272,11.639,1788427685.5174701,00012_front_put_the_cylinder_on_the_tray.png,00012_wrist_put_the_cylinder_on_the_tray.png,recap.png,50,19,317,318,34.9010989010989,26.065934065934066,-19.12087912087912,68.48351648351648,-4.43956043956044,18.493150684931507,19.244983673095703,14.021286010742188,-30.8581600189209,100.46188354492188,2.6196517944335938,35.28573989868164
069_cylinder,put the cylinder on the tray,13,1,272,11.639,1788427685.5174701,00012_front_put_the_cylinder_on_the_tray.png,00012_wrist_put_the_cylinder_on_the_tray.png,recap.png,50,20,318,319,34.9010989010989,26.065934065934066,-19.12087912087912,68.48351648351648,-4.43956043956044,18.493150684931507,18.79855728149414,12.928108215332031,-30.09717559814453,100.83912658691406,2.664762496948242,34.93115997314453
069_cylinder,put the cylinder on the tray,13,1,272,11.639,1788427685.5174701,00012_front_put_the_cylinder_on_the_tray.png,00012_wrist_put_the_cylinder_on_the_tray.png,recap.png,50,21,319,320,34.9010989010989,26.065934065934066,-19.12087912087912,68.48351648351648,-4.43956043956044,18.493150684931507,18.272884368896484,11.925697326660156,-29.366365432739258,100.72589111328125,2.536318778991699,34.80833435058594
069_cylinder,put the cylinder on the tray,13,1,272,11.639,1788427685.5174701,00012_front_put_the_cylinder_on_the_tray.png,00012_wrist_put_the_cylinder_on_the_tray.png,recap.png,50,22,320,321,34.9010989010989,26.065934065934066,-19.12087912087912,68.48351648351648,-4.43956043956044,18.493150684931507,17.885711669921875,10.656593322753906,-28.257041931152344,100.74964904785156,2.4623565673828125,34.6049690246582
069_cylinder,put the cylinder on the tray,13,1,272,11.639,1788427685.5174701,00012_front_put_the_cylinder_on_the_tray.png,00012_wrist_put_the_cylinder_on_the_tray.png,recap.png,50,23,321,322,34.9010989010989,26.065934065934066,-19.12087912087912,68.48351648351648,-4.43956043956044,18.493150684931507,17.05031967163086,9.054756164550781,-26.50518798828125,100.54747009277344,2.448796272277832,34.24541473388672
069_cylinder,put the cylinder on the tray,14,1,297,12.608,1788427686.485586,00013_front_put_the_cylinder_on_the_tray.png,00013_wrist_put_the_cylinder_on_the_tray.png,recap.png,50,0,322,323,30.945054945054945,26.857142857142858,-34.32967032967033,90.46153846153847,-3.3846153846153846,36.02739726027397,9.857593536376953,-20.045394897460938,3.2991714477539062,93.75563049316406,0.15610980987548828,28.13884162902832
069_cylinder,put the cylinder on the tray,14,1,297,12.608,1788427686.485586,00013_front_put_the_cylinder_on_the_tray.png,00013_wrist_put_the_cylinder_on_the_tray.png,recap.png,50,1,323,324,30.945054945054945,26.857142857142858,-34.32967032967033,90.46153846153847,-3.3846153846153846,36.02739726027397,8.908920288085938,-21.513938903808594,5.216712951660156,93.09994506835938,0.38422298431396484,26.854019165039062
069_cylinder,put the cylinder on the tray,14,1,297,12.608,1788427686.485586,00013_front_put_the_cylinder_on_the_tray.png,00013_wrist_put_the_cylinder_on_the_tray.png,recap.png,50,2,324,325,30.945054945054945,26.857142857142858,-34.32967032967033,90.46153846153847,-3.3846153846153846,36.02739726027397,8.092964172363281,-23.76972198486328,7.837028503417969,92.59669494628906,0.17790508270263672,25.460783004760742
069_cylinder,put the cylinder on the tray,14,1,297,12.608,1788427686.485586,00013_front_put_the_cylinder_on_the_tray.png,00013_wrist_put_the_cylinder_on_the_tray.png,recap.png,50,3,325,326,30.945054945054945,26.857142857142858,-34.32967032967033,90.46153846153847,-3.3846153846153846,36.02739726027397,7.117454528808594,-25.696792602539062,9.499542236328125,91.8970947265625,0.5667819976806641,23.965124130249023
069_cylinder,put the cylinder on the tray,14,1,297,12.608,1788427686.485586,00013_front_put_the_cylinder_on_the_tray.png,00013_wrist_put_the_cylinder_on_the_tray.png,recap.png,50,4,326,327,30.945054945054945,26.857142857142858,-34.32967032967033,90.46153846153847,-3.3846153846153846,36.02739726027397,6.620243072509766,-27.25536346435547,11.782234191894531,91.46856689453125,0.5536270141601562,22.152523040771484
069_cylinder,put the cylinder on the tray,14,1,297,12.608,1788427686.485586,00013_front_put_the_cylinder_on_the_tray.png,00013_wrist_put_the_cylinder_on_the_tray.png,recap.png,50,5,327,328,30.945054945054945,26.857142857142858,-34.32967032967033,90.46153846153847,-3.3846153846153846,36.02739726027397,6.214687347412109,-29.0086669921875,13.989707946777344,90.56295776367188,0.6592979431152344,19.979291915893555
069_cylinder,put the cylinder on the tray,14,1,297,12.608,1788427686.485586,00013_front_put_the_cylinder_on_the_tray.png,00013_wrist_put_the_cylinder_on_the_tray.png,recap.png,50,6,328,329,30.945054945054945,26.857142857142858,-34.32967032967033,90.46153846153847,-3.3846153846153846,36.02739726027397,5.472171783447266,-30.489044189453125,15.696563720703125,89.89796447753906,0.6974020004272461,17.591175079345703
069_cylinder,put the cylinder on the tray,14,1,297,12.608,1788427686.485586,00013_front_put_the_cylinder_on_the_tray.png,00013_wrist_put_the_cylinder_on_the_tray.png,recap.png,50,7,329,330,30.945054945054945,26.857142857142858,-34.32967032967033,90.46153846153847,-3.3846153846153846,36.02739726027397,5.244194030761719,-31.543991088867188,17.73131561279297,89.4728775024414,0.8179149627685547,15.341042518615723
069_cylinder,put the cylinder on the tray,14,1,297,12.608,1788427686.485586,00013_front_put_the_cylinder_on_the_tray.png,00013_wrist_put_the_cylinder_on_the_tray.png,recap.png,50,8,330,331,30.945054945054945,26.857142857142858,-34.32967032967033,90.46153846153847,-3.3846153846153846,36.02739726027397,4.741172790527344,-32.61549377441406,18.506011962890625,88.54248809814453,0.7475805282592773,13.003715515136719
069_cylinder,put the cylinder on the tray,14,1,297,12.608,1788427686.485586,00013_front_put_the_cylinder_on_the_tray.png,00013_wrist_put_the_cylinder_on_the_tray.png,recap.png,50,9,331,332,30.945054945054945,26.857142857142858,-34.32967032967033,90.46153846153847,-3.3846153846153846,36.02739726027397,4.325462341308594,-33.82191467285156,20.25848388671875,87.96984100341797,0.7249689102172852,11.120731353759766
069_cylinder,put the cylinder on the tray,14,1,297,12.608,1788427686.485586,00013_front_put_the_cylinder_on_the_tray.png,00013_wrist_put_the_cylinder_on_the_tray.png,recap.png,50,10,332,333,30.945054945054945,26.857142857142858,-34.32967032967033,90.46153846153847,-3.3846153846153846,36.02739726027397,4.126270294189453,-35.666038513183594,21.46294403076172,87.10176849365234,0.8052043914794922,9.487494468688965
069_cylinder,put the cylinder on the tray,14,1,297,12.608,1788427686.485586,00013_front_put_the_cylinder_on_the_tray.png,00013_wrist_put_the_cylinder_on_the_tray.png,recap.png,50,11,333,334,30.945054945054945,26.857142857142858,-34.32967032967033,90.46153846153847,-3.3846153846153846,36.02739726027397,3.4025306701660156,-36.93524932861328,23.21832275390625,86.24273681640625,0.8614616394042969,8.462075233459473
069_cylinder,put the cylinder on the tray,14,1,297,12.608,1788427686.485586,00013_front_put_the_cylinder_on_the_tray.png,00013_wrist_put_the_cylinder_on_the_tray.png,recap.png,50,12,334,335,30.945054945054945,26.857142857142858,-34.32967032967033,90.46153846153847,-3.3846153846153846,36.02739726027397,2.925281524658203,-38.3016357421875,25.751434326171875,85.06204986572266,0.9440574645996094,7.710724830627441
069_cylinder,put the cylinder on the tray,14,1,297,12.608,1788427686.485586,00013_front_put_the_cylinder_on_the_tray.png,00013_wrist_put_the_cylinder_on_the_tray.png,recap.png,50,13,335,336,30.945054945054945,26.857142857142858,-34.32967032967033,90.46153846153847,-3.3846153846153846,36.02739726027397,2.2057762145996094,-39.812164306640625,27.658714294433594,84.16227722167969,1.0877580642700195,7.254725456237793
069_cylinder,put the cylinder on the tray,14,1,297,12.608,1788427686.485586,00013_front_put_the_cylinder_on_the_tray.png,00013_wrist_put_the_cylinder_on_the_tray.png,recap.png,50,14,336,337,30.945054945054945,26.857142857142858,-34.32967032967033,90.46153846153847,-3.3846153846153846,36.02739726027397,1.804840087890625,-41.03419494628906,29.568687438964844,83.02680969238281,1.2813539505004883,6.630624771118164
069_cylinder,put the cylinder on the tray,14,1,297,12.608,1788427686.485586,00013_front_put_the_cylinder_on_the_tray.png,00013_wrist_put_the_cylinder_on_the_tray.png,recap.png,50,15,337,338,30.945054945054945,26.857142857142858,-34.32967032967033,90.46153846153847,-3.3846153846153846,36.02739726027397,1.4166374206542969,-43.08757400512695,31.824447631835938,81.90506744384766,1.5146465301513672,6.221131801605225
069_cylinder,put the cylinder on the tray,14,1,297,12.608,1788427686.485586,00013_front_put_the_cylinder_on_the_tray.png,00013_wrist_put_the_cylinder_on_the_tray.png,recap.png,50,16,338,339,30.945054945054945,26.857142857142858,-34.32967032967033,90.46153846153847,-3.3846153846153846,36.02739726027397,0.8820457458496094,-44.4442138671875,34.25459289550781,81.01777648925781,1.5987863540649414,5.76533317565918
069_cylinder,put the cylinder on the tray,14,1,297,12.608,1788427686.485586,00013_front_put_the_cylinder_on_the_tray.png,00013_wrist_put_the_cylinder_on_the_tray.png,recap.png,50,17,339,340,30.945054945054945,26.857142857142858,-34.32967032967033,90.46153846153847,-3.3846153846153846,36.02739726027397,0.6231422424316406,-45.83472442626953,36.02269744873047,80.21524810791016,1.7719135284423828,5.418498516082764
069_cylinder,put the cylinder on the tray,14,1,297,12.608,1788427686.485586,00013_front_put_the_cylinder_on_the_tray.png,00013_wrist_put_the_cylinder_on_the_tray.png,recap.png,50,18,340,341,30.945054945054945,26.857142857142858,-34.32967032967033,90.46153846153847,-3.3846153846153846,36.02739726027397,0.1731109619140625,-47.68585968017578,38.07989501953125,79.58518981933594,1.9664831161499023,5.145936012268066
069_cylinder,put the cylinder on the tray,14,1,297,12.608,1788427686.485586,00013_front_put_the_cylinder_on_the_tray.png,00013_wrist_put_the_cylinder_on_the_tray.png,recap.png,50,19,341,342,30.945054945054945,26.857142857142858,-34.32967032967033,90.46153846153847,-3.3846153846153846,36.02739726027397,-0.07646942138671875,-49.053375244140625,39.88404083251953,79.14582824707031,2.194690704345703,4.827883243560791
069_cylinder,put the cylinder on the tray,14,1,297,12.608,1788427686.485586,00013_front_put_the_cylinder_on_the_tray.png,00013_wrist_put_the_cylinder_on_the_tray.png,recap.png,50,20,342,343,30.945054945054945,26.857142857142858,-34.32967032967033,90.46153846153847,-3.3846153846153846,36.02739726027397,0.016742706298828125,-50.54207229614258,41.14594268798828,78.59573364257812,2.519014358520508,4.226171016693115
069_cylinder,put the cylinder on the tray,14,1,297,12.608,1788427686.485586,00013_front_put_the_cylinder_on_the_tray.png,00013_wrist_put_the_cylinder_on_the_tray.png,recap.png,50,21,343,344,30.945054945054945,26.857142857142858,-34.32967032967033,90.46153846153847,-3.3846153846153846,36.02739726027397,-0.20670700073242188,-52.351600646972656,43.243316650390625,77.9991455078125,2.512070655822754,3.9234001636505127
069_cylinder,put the cylinder on the tray,14,1,297,12.608,1788427686.485586,00013_front_put_the_cylinder_on_the_tray.png,00013_wrist_put_the_cylinder_on_the_tray.png,recap.png,50,22,344,345,30.945054945054945,26.857142857142858,-34.32967032967033,90.46153846153847,-3.3846153846153846,36.02739726027397,-0.18865585327148438,-54.39869689941406,45.23109436035156,77.37496948242188,2.556502342224121,3.2329349517822266
069_cylinder,put the cylinder on the tray,14,1,297,12.608,1788427686.485586,00013_front_put_the_cylinder_on_the_tray.png,00013_wrist_put_the_cylinder_on_the_tray.png,recap.png,50,23,345,346,30.945054945054945,26.857142857142858,-34.32967032967033,90.46153846153847,-3.3846153846153846,36.02739726027397,-0.037464141845703125,-56.411865234375,47.29902648925781,76.3823471069336,2.5126285552978516,2.875361204147339
069_cylinder,put the cylinder on the tray,15,1,321,13.445,1788427687.3223965,00014_front_put_the_cylinder_on_the_tray.png,00014_wrist_put_the_cylinder_on_the_tray.png,recap.png,50,0,346,347,18.98901098901099,16.043956043956044,-28.791208791208792,99.78021978021978,2.1538461538461537,35.06849315068493,-2.6622085571289062,-50.901817321777344,38.50098419189453,78.49824523925781,2.712012767791748,2.0818984508514404
069_cylinder,put the cylinder on the tray,15,1,321,13.445,1788427687.3223965,00014_front_put_the_cylinder_on_the_tray.png,00014_wrist_put_the_cylinder_on_the_tray.png,recap.png,50,1,347,348,18.98901098901099,16.043956043956044,-28.791208791208792,99.78021978021978,2.1538461538461537,35.06849315068493,-4.153776168823242,-48.830543518066406,35.126609802246094,79.42103576660156,2.6595945358276367,2.017606496810913
069_cylinder,put the cylinder on the tray,15,1,321,13.445,1788427687.3223965,00014_front_put_the_cylinder_on_the_tray.png,00014_wrist_put_the_cylinder_on_the_tray.png,recap.png,50,2,348,349,18.98901098901099,16.043956043956044,-28.791208791208792,99.78021978021978,2.1538461538461537,35.06849315068493,-4.859540939331055,-50.75068283081055,37.19512176513672,79.04676055908203,2.480483055114746,2.3406529426574707
069_cylinder,put the cylinder on the tray,15,1,321,13.445,1788427687.3223965,00014_front_put_the_cylinder_on_the_tray.png,00014_wrist_put_the_cylinder_on_the_tray.png,recap.png,50,3,349,350,18.98901098901099,16.043956043956044,-28.791208791208792,99.78021978021978,2.1538461538461537,35.06849315068493,-5.189571380615234,-52.04759216308594,38.854896545410156,78.89405822753906,2.199334144592285,2.40476393699646
069_cylinder,put the cylinder on the tray,15,1,321,13.445,1788427687.3223965,00014_front_put_the_cylinder_on_the_tray.png,00014_wrist_put_the_cylinder_on_the_tray.png,recap.png,50,4,350,351,18.98901098901099,16.043956043956044,-28.791208791208792,99.78021978021978,2.1538461538461537,35.06849315068493,-5.589702606201172,-53.31390380859375,40.34503936767578,78.45409393310547,1.8574419021606445,2.480708122253418
069_cylinder,put the cylinder on the tray,15,1,321,13.445,1788427687.3223965,00014_front_put_the_cylinder_on_the_tray.png,00014_wrist_put_the_cylinder_on_the_tray.png,recap.png,50,5,351,352,18.98901098901099,16.043956043956044,-28.791208791208792,99.78021978021978,2.1538461538461537,35.06849315068493,-5.826091766357422,-54.620819091796875,42.056488037109375,78.31864166259766,1.7334098815917969,2.2739036083221436
069_cylinder,put the cylinder on the tray,15,1,321,13.445,1788427687.3223965,00014_front_put_the_cylinder_on_the_tray.png,00014_wrist_put_the_cylinder_on_the_tray.png,recap.png,50,6,352,353,18.98901098901099,16.043956043956044,-28.791208791208792,99.78021978021978,2.1538461538461537,35.06849315068493,-5.719287872314453,-56.13509750366211,43.09669494628906,78.14718627929688,1.6679668426513672,2.277355670928955
069_cylinder,put the cylinder on the tray,15,1,321,13.445,1788427687.3223965,00014_front_put_the_cylinder_on_the_tray.png,00014_wrist_put_the_cylinder_on_the_tray.png,recap.png,50,7,353,354,18.98901098901099,16.043956043956044,-28.791208791208792,99.78021978021978,2.1538461538461537,35.06849315068493,-5.983686447143555,-57.569820404052734,44.79969024658203,77.85974884033203,1.8519353866577148,2.275322675704956
069_cylinder,put the cylinder on the tray,15,1,321,13.445,1788427687.3223965,00014_front_put_the_cylinder_on_the_tray.png,00014_wrist_put_the_cylinder_on_the_tray.png,recap.png,50,8,354,355,18.98901098901099,16.043956043956044,-28.791208791208792,99.78021978021978,2.1538461538461537,35.06849315068493,-5.990324020385742,-58.80258560180664,45.859161376953125,77.47860717773438,1.7903451919555664,2.425436496734619
069_cylinder,put the cylinder on the tray,15,1,321,13.445,1788427687.3223965,00014_front_put_the_cylinder_on_the_tray.png,00014_wrist_put_the_cylinder_on_the_tray.png,recap.png,50,9,355,356,18.98901098901099,16.043956043956044,-28.791208791208792,99.78021978021978,2.1538461538461537,35.06849315068493,-6.062211990356445,-60.38585662841797,48.037940979003906,77.07282257080078,1.8455324172973633,2.2868425846099854
069_cylinder,put the cylinder on the tray,15,1,321,13.445,1788427687.3223965,00014_front_put_the_cylinder_on_the_tray.png,00014_wrist_put_the_cylinder_on_the_tray.png,recap.png,50,10,356,357,18.98901098901099,16.043956043956044,-28.791208791208792,99.78021978021978,2.1538461538461537,35.06849315068493,-6.38477897644043,-61.81538391113281,49.64625549316406,76.29119873046875,1.8747377395629883,2.1111578941345215
069_cylinder,put the cylinder on the tray,15,1,321,13.445,1788427687.3223965,00014_front_put_the_cylinder_on_the_tray.png,00014_wrist_put_the_cylinder_on_the_tray.png,recap.png,50,11,357,358,18.98901098901099,16.043956043956044,-28.791208791208792,99.78021978021978,2.1538461538461537,35.06849315068493,-6.445638656616211,-63.39213562011719,51.86901092529297,75.4572525024414,1.8205375671386719,1.7999022006988525
069_cylinder,put the cylinder on the tray,15,1,321,13.445,1788427687.3223965,00014_front_put_the_cylinder_on_the_tray.png,00014_wrist_put_the_cylinder_on_the_tray.png,recap.png,50,12,358,359,18.98901098901099,16.043956043956044,-28.791208791208792,99.78021978021978,2.1538461538461537,35.06849315068493,-6.263721466064453,-64.49725341796875,53.46284484863281,74.40364074707031,1.704803466796875,1.3508832454681396
069_cylinder,put the cylinder on the tray,15,1,321,13.445,1788427687.3223965,00014_front_put_the_cylinder_on_the_tray.png,00014_wrist_put_the_cylinder_on_the_tray.png,recap.png,50,13,359,360,18.98901098901099,16.043956043956044,-28.791208791208792,99.78021978021978,2.1538461538461537,35.06849315068493,-6.2052764892578125,-66.2973403930664,55.757118225097656,73.01891326904297,1.6680450439453125,1.0399386882781982
069_cylinder,put the cylinder on the tray,15,1,321,13.445,1788427687.3223965,00014_front_put_the_cylinder_on_the_tray.png,00014_wrist_put_the_cylinder_on_the_tray.png,recap.png,50,14,360,361,18.98901098901099,16.043956043956044,-28.791208791208792,99.78021978021978,2.1538461538461537,35.06849315068493,-5.816473007202148,-67.3167724609375,56.844146728515625,71.6677474975586,1.8157730102539062,0.2624307870864868
069_cylinder,put the cylinder on the tray,15,1,321,13.445,1788427687.3223965,00014_front_put_the_cylinder_on_the_tray.png,00014_wrist_put_the_cylinder_on_the_tray.png,recap.png,50,15,361,362,18.98901098901099,16.043956043956044,-28.791208791208792,99.78021978021978,2.1538461538461537,35.06849315068493,-5.453670501708984,-68.49870300292969,59.20808410644531,70.43830871582031,1.752192497253418,0.11623315513134003
069_cylinder,put the cylinder on the tray,15,1,321,13.445,1788427687.3223965,00014_front_put_the_cylinder_on_the_tray.png,00014_wrist_put_the_cylinder_on_the_tray.png,recap.png,50,16,362,363,18.98901098901099,16.043956043956044,-28.791208791208792,99.78021978021978,2.1538461538461537,35.06849315068493,-5.219139099121094,-69.83672332763672,61.368675231933594,69.15373992919922,1.589219093322754,-0.12045906484127045
069_cylinder,put the cylinder on the tray,15,1,321,13.445,1788427687.3223965,00014_front_put_the_cylinder_on_the_tray.png,00014_wrist_put_the_cylinder_on_the_tray.png,recap.png,50,17,363,364,18.98901098901099,16.043956043956044,-28.791208791208792,99.78021978021978,2.1538461538461537,35.06849315068493,-4.971508026123047,-70.69728088378906,62.48377227783203,68.15518951416016,1.421168327331543,0.0744420737028122
069_cylinder,put the cylinder on the tray,15,1,321,13.445,1788427687.3223965,00014_front_put_the_cylinder_on_the_tray.png,00014_wrist_put_the_cylinder_on_the_tray.png,recap.png,50,18,364,365,18.98901098901099,16.043956043956044,-28.791208791208792,99.78021978021978,2.1538461538461537,35.06849315068493,-4.396587371826172,-72.32719421386719,64.16487121582031,67.54969787597656,1.1031360626220703,-0.3797430992126465
069_cylinder,put the cylinder on the tray,15,1,321,13.445,1788427687.3223965,00014_front_put_the_cylinder_on_the_tray.png,00014_wrist_put_the_cylinder_on_the_tray.png,recap.png,50,19,365,366,18.98901098901099,16.043956043956044,-28.791208791208792,99.78021978021978,2.1538461538461537,35.06849315068493,-4.159643173217773,-73.28282165527344,65.37590789794922,67.19662475585938,0.6714248657226562,-0.3721954822540283
069_cylinder,put the cylinder on the tray,15,1,321,13.445,1788427687.3223965,00014_front_put_the_cylinder_on_the_tray.png,00014_wrist_put_the_cylinder_on_the_tray.png,recap.png,50,20,366,367,18.98901098901099,16.043956043956044,-28.791208791208792,99.78021978021978,2.1538461538461537,35.06849315068493,-4.036170959472656,-74.72647094726562,66.77568054199219,66.81236267089844,0.40912818908691406,-0.4163253903388977
069_cylinder,put the cylinder on the tray,15,1,321,13.445,1788427687.3223965,00014_front_put_the_cylinder_on_the_tray.png,00014_wrist_put_the_cylinder_on_the_tray.png,recap.png,50,21,367,368,18.98901098901099,16.043956043956044,-28.791208791208792,99.78021978021978,2.1538461538461537,35.06849315068493,-3.890634536743164,-76.40721130371094,68.53965759277344,66.80530548095703,-0.21586132049560547,-0.1904330551624298
069_cylinder,put the cylinder on the tray,15,1,321,13.445,1788427687.3223965,00014_front_put_the_cylinder_on_the_tray.png,00014_wrist_put_the_cylinder_on_the_tray.png,recap.png,50,22,368,369,18.98901098901099,16.043956043956044,-28.791208791208792,99.78021978021978,2.1538461538461537,35.06849315068493,-3.360637664794922,-77.63668823242188,69.1836166381836,66.71273803710938,-0.6675281524658203,-0.18647551536560059
069_cylinder,put the cylinder on the tray,15,1,321,13.445,1788427687.3223965,00014_front_put_the_cylinder_on_the_tray.png,00014_wrist_put_the_cylinder_on_the_tray.png,recap.png,50,23,369,370,18.98901098901099,16.043956043956044,-28.791208791208792,99.78021978021978,2.1538461538461537,35.06849315068493,-3.309967041015625,-79.79240417480469,70.61593627929688,66.73836517333984,-0.9005956649780273,0.061855677515268326
069_cylinder,put the cylinder on the tray,15,1,321,13.445,1788427687.3223965,00014_front_put_the_cylinder_on_the_tray.png,00014_wrist_put_the_cylinder_on_the_tray.png,recap.png,50,24,370,371,18.98901098901099,16.043956043956044,-28.791208791208792,99.78021978021978,2.1538461538461537,35.06849315068493,-3.5247764587402344,-81.57427978515625,73.02076721191406,66.82068634033203,-1.2890472412109375,-0.042009174823760986
069_cylinder,put the cylinder on the tray,16,0,344,14.314,1788427688.192364,00015_front_put_the_cylinder_on_the_tray.png,00015_wrist_put_the_cylinder_on_the_tray.png,recap.png,50,0,371,372,0.0,-47.78021978021978,40.13186813186813,79.82417582417582,1.89010989010989,4.794520547945205,-3.5441131591796875,-94.43233489990234,81.4996337890625,68.78363037109375,-2.015380859375,0.3541829586029053
069_cylinder,put the cylinder on the tray,16,0,344,14.314,1788427688.192364,00015_front_put_the_cylinder_on_the_tray.png,00015_wrist_put_the_cylinder_on_the_tray.png,recap.png,50,1,372,373,0.0,-47.78021978021978,40.13186813186813,79.82417582417582,1.89010989010989,4.794520547945205,-3.452251434326172,-96.17372131347656,81.91421508789062,69.66856384277344,-1.8862991333007812,0.34832632541656494
069_cylinder,put the cylinder on the tray,16,0,344,14.314,1788427688.192364,00015_front_put_the_cylinder_on_the_tray.png,00015_wrist_put_the_cylinder_on_the_tray.png,recap.png,50,2,373,374,0.0,-47.78021978021978,40.13186813186813,79.82417582417582,1.89010989010989,4.794520547945205,-3.525299072265625,-97.78315734863281,82.731201171875,70.37256622314453,-1.824122428894043,0.4608911871910095
069_cylinder,put the cylinder on the tray,16,0,344,14.314,1788427688.192364,00015_front_put_the_cylinder_on_the_tray.png,00015_wrist_put_the_cylinder_on_the_tray.png,recap.png,50,3,374,375,0.0,-47.78021978021978,40.13186813186813,79.82417582417582,1.89010989010989,4.794520547945205,-3.6609230041503906,-99.35417175292969,84.44749450683594,71.43119812011719,-1.7016992568969727,0.3958688974380493
069_cylinder,put the cylinder on the tray,16,0,344,14.314,1788427688.192364,00015_front_put_the_cylinder_on_the_tray.png,00015_wrist_put_the_cylinder_on_the_tray.png,recap.png,50,4,375,376,0.0,-47.78021978021978,40.13186813186813,79.82417582417582,1.89010989010989,4.794520547945205,-3.5630016326904297,-100.55994415283203,84.47798156738281,72.5560302734375,-1.6903820037841797,0.18592461943626404
069_cylinder,put the cylinder on the tray,16,0,344,14.314,1788427688.192364,00015_front_put_the_cylinder_on_the_tray.png,00015_wrist_put_the_cylinder_on_the_tray.png,recap.png,50,5,376,377,0.0,-47.78021978021978,40.13186813186813,79.82417582417582,1.89010989010989,4.794520547945205,-3.9875030517578125,-102.10990142822266,85.51690673828125,73.9374771118164,-1.6326789855957031,0.4571896195411682
069_cylinder,put the cylinder on the tray,16,0,344,14.314,1788427688.192364,00015_front_put_the_cylinder_on_the_tray.png,00015_wrist_put_the_cylinder_on_the_tray.png,recap.png,50,6,377,378,0.0,-47.78021978021978,40.13186813186813,79.82417582417582,1.89010989010989,4.794520547945205,-3.835987091064453,-102.87238311767578,84.57080078125,75.21841430664062,-1.6441640853881836,0.44222402572631836
069_cylinder,put the cylinder on the tray,16,0,344,14.314,1788427688.192364,00015_front_put_the_cylinder_on_the_tray.png,00015_wrist_put_the_cylinder_on_the_tray.png,recap.png,50,7,378,379,0.0,-47.78021978021978,40.13186813186813,79.82417582417582,1.89010989010989,4.794520547945205,-3.6298065185546875,-104.21350860595703,85.53201293945312,76.3271484375,-1.7051191329956055,0.4536314308643341
069_cylinder,put the cylinder on the tray,16,0,344,14.314,1788427688.192364,00015_front_put_the_cylinder_on_the_tray.png,00015_wrist_put_the_cylinder_on_the_tray.png,recap.png,50,8,379,380,0.0,-47.78021978021978,40.13186813186813,79.82417582417582,1.89010989010989,4.794520547945205,-3.566020965576172,-104.25381469726562,85.72515869140625,77.12582397460938,-1.7168512344360352,0.492620587348938
069_cylinder,put the cylinder on the tray,16,0,344,14.314,1788427688.192364,00015_front_put_the_cylinder_on_the_tray.png,00015_wrist_put_the_cylinder_on_the_tray.png,recap.png,50,9,380,381,0.0,-47.78021978021978,40.13186813186813,79.82417582417582,1.89010989010989,4.794520547945205,-3.223814010620117,-104.52974700927734,86.045654296875,77.54597473144531,-1.685582160949707,0.6272621154785156
069_cylinder,put the cylinder on the tray,16,0,344,14.314,1788427688.192364,00015_front_put_the_cylinder_on_the_tray.png,00015_wrist_put_the_cylinder_on_the_tray.png,recap.png,50,10,381,382,0.0,-47.78021978021978,40.13186813186813,79.82417582417582,1.89010989010989,4.794520547945205,-2.959981918334961,-104.16033172607422,86.09811401367188,77.91773986816406,-1.6697893142700195,0.38973820209503174
069_cylinder,put the cylinder on the tray,16,0,344,14.314,1788427688.192364,00015_front_put_the_cylinder_on_the_tray.png,00015_wrist_put_the_cylinder_on_the_tray.png,recap.png,50,11,382,383,0.0,-47.78021978021978,40.13186813186813,79.82417582417582,1.89010989010989,4.794520547945205,-2.9734344482421875,-104.11141967773438,86.10067749023438,77.98368835449219,-1.6538009643554688,0.42711183428764343
069_cylinder,put the cylinder on the tray,16,0,344,14.314,1788427688.192364,00015_front_put_the_cylinder_on_the_tray.png,00015_wrist_put_the_cylinder_on_the_tray.png,recap.png,50,12,383,384,0.0,-47.78021978021978,40.13186813186813,79.82417582417582,1.89010989010989,4.794520547945205,-3.1966609954833984,-103.6100082397461,86.34120178222656,78.35086059570312,-1.7052059173583984,0.38446468114852905
069_cylinder,put the cylinder on the tray,16,0,344,14.314,1788427688.192364,00015_front_put_the_cylinder_on_the_tray.png,00015_wrist_put_the_cylinder_on_the_tray.png,recap.png,50,13,384,385,0.0,-47.78021978021978,40.13186813186813,79.82417582417582,1.89010989010989,4.794520547945205,-2.74249267578125,-103.95911407470703,86.5506591796875,78.44526672363281,-1.8102340698242188,0.44048529863357544
069_cylinder,put the cylinder on the tray,16,0,344,14.314,1788427688.192364,00015_front_put_the_cylinder_on_the_tray.png,00015_wrist_put_the_cylinder_on_the_tray.png,recap.png,50,14,385,386,0.0,-47.78021978021978,40.13186813186813,79.82417582417582,1.89010989010989,4.794520547945205,-2.9616241455078125,-103.23674774169922,86.5078125,78.80606079101562,-2.136754035949707,0.361103892326355
069_cylinder,put the cylinder on the tray,16,0,344,14.314,1788427688.192364,00015_front_put_the_cylinder_on_the_tray.png,00015_wrist_put_the_cylinder_on_the_tray.png,recap.png,50,15,386,387,0.0,-47.78021978021978,40.13186813186813,79.82417582417582,1.89010989010989,4.794520547945205,-2.7956905364990234,-103.71109008789062,86.35079956054688,78.96861267089844,-2.238901138305664,0.5488355755805969
069_cylinder,put the cylinder on the tray,16,0,344,14.314,1788427688.192364,00015_front_put_the_cylinder_on_the_tray.png,00015_wrist_put_the_cylinder_on_the_tray.png,recap.png,50,16,387,388,0.0,-47.78021978021978,40.13186813186813,79.82417582417582,1.89010989010989,4.794520547945205,-2.8693466186523438,-104.04540252685547,86.41871643066406,79.1661148071289,-2.179502487182617,0.6146109104156494
069_cylinder,put the cylinder on the tray,16,0,344,14.314,1788427688.192364,00015_front_put_the_cylinder_on_the_tray.png,00015_wrist_put_the_cylinder_on_the_tray.png,recap.png,50,17,388,389,0.0,-47.78021978021978,40.13186813186813,79.82417582417582,1.89010989010989,4.794520547945205,-3.1066970825195312,-103.65674591064453,86.84622192382812,79.34764862060547,-2.1201677322387695,0.6035327911376953
069_cylinder,put the cylinder on the tray,16,0,344,14.314,1788427688.192364,00015_front_put_the_cylinder_on_the_tray.png,00015_wrist_put_the_cylinder_on_the_tray.png,recap.png,50,18,389,390,0.0,-47.78021978021978,40.13186813186813,79.82417582417582,1.89010989010989,4.794520547945205,-2.953611373901367,-103.62342071533203,86.76304626464844,79.58463287353516,-1.8780651092529297,0.42445436120033264
069_cylinder,put the cylinder on the tray,16,0,344,14.314,1788427688.192364,00015_front_put_the_cylinder_on_the_tray.png,00015_wrist_put_the_cylinder_on_the_tray.png,recap.png,50,19,390,391,0.0,-47.78021978021978,40.13186813186813,79.82417582417582,1.89010989010989,4.794520547945205,-3.2145519256591797,-103.92532348632812,86.67044067382812,79.5993423461914,-1.8307151794433594,0.6028178930282593
069_cylinder,put the cylinder on the tray,16,0,344,14.314,1788427688.192364,00015_front_put_the_cylinder_on_the_tray.png,00015_wrist_put_the_cylinder_on_the_tray.png,recap.png,50,20,391,392,0.0,-47.78021978021978,40.13186813186813,79.82417582417582,1.89010989010989,4.794520547945205,-3.2745628356933594,-103.85628509521484,86.65281677246094,79.76832580566406,-1.640578269958496,0.6389743685722351
069_cylinder,put the cylinder on the tray,16,0,344,14.314,1788427688.192364,00015_front_put_the_cylinder_on_the_tray.png,00015_wrist_put_the_cylinder_on_the_tray.png,recap.png,50,21,392,393,0.0,-47.78021978021978,40.13186813186813,79.82417582417582,1.89010989010989,4.794520547945205,-3.2028884887695312,-103.44993591308594,86.66954040527344,79.90446472167969,-1.8023481369018555,0.6431028842926025
069_cylinder,put the cylinder on the tray,16,0,344,14.314,1788427688.192364,00015_front_put_the_cylinder_on_the_tray.png,00015_wrist_put_the_cylinder_on_the_tray.png,recap.png,50,22,393,394,0.0,-47.78021978021978,40.13186813186813,79.82417582417582,1.89010989010989,4.794520547945205,-3.3054141998291016,-103.93498229980469,86.80255126953125,80.0579833984375,-1.5166168212890625,0.6820634007453918
069_cylinder,put the cylinder on the tray,17,1,370,15.184,1788427689.0622468,00016_front_put_the_cylinder_on_the_tray.png,00016_wrist_put_the_cylinder_on_the_tray.png,recap.png,50,0,394,395,-4.043956043956044,-75.73626373626374,68.87912087912088,67.86813186813187,0.13186813186813187,0.2054794520547945,-4.574054718017578,-102.00288391113281,89.13934326171875,75.38158416748047,-1.4602108001708984,-0.3970666527748108
069_cylinder,put the cylinder on the tray,17,1,370,15.184,1788427689.0622468,00016_front_put_the_cylinder_on_the_tray.png,00016_wrist_put_the_cylinder_on_the_tray.png,recap.png,50,1,395,396,-4.043956043956044,-75.73626373626374,68.87912087912088,67.86813186813187,0.13186813186813187,0.2054794520547945,-4.668804168701172,-102.33301544189453,88.64729309082031,75.70285034179688,-1.500136375427246,-0.4635992646217346
069_cylinder,put the cylinder on the tray,17,1,370,15.184,1788427689.0622468,00016_front_put_the_cylinder_on_the_tray.png,00016_wrist_put_the_cylinder_on_the_tray.png,recap.png,50,2,396,397,-4.043956043956044,-75.73626373626374,68.87912087912088,67.86813186813187,0.13186813186813187,0.2054794520547945,-4.841957092285156,-102.35823822021484,88.74075317382812,75.85420227050781,-1.458322525024414,-0.3395112156867981
069_cylinder,put the cylinder on the tray,17,1,370,15.184,1788427689.0622468,00016_front_put_the_cylinder_on_the_tray.png,00016_wrist_put_the_cylinder_on_the_tray.png,recap.png,50,3,397,398,-4.043956043956044,-75.73626373626374,68.87912087912088,67.86813186813187,0.13186813186813187,0.2054794520547945,-4.98028564453125,-102.35089111328125,89.19239807128906,76.1198501586914,-1.435551643371582,-0.47054994106292725
069_cylinder,put the cylinder on the tray,17,1,370,15.184,1788427689.0622468,00016_front_put_the_cylinder_on_the_tray.png,00016_wrist_put_the_cylinder_on_the_tray.png,recap.png,50,4,398,399,-4.043956043956044,-75.73626373626374,68.87912087912088,67.86813186813187,0.13186813186813187,0.2054794520547945,-5.35792350769043,-102.4049072265625,89.40028381347656,76.392578125,-1.5606279373168945,-0.3508761525154114
069_cylinder,put the cylinder on the tray,17,1,370,15.184,1788427689.0622468,00016_front_put_the_cylinder_on_the_tray.png,00016_wrist_put_the_cylinder_on_the_tray.png,recap.png,50,5,399,400,-4.043956043956044,-75.73626373626374,68.87912087912088,67.86813186813187,0.13186813186813187,0.2054794520547945,-5.211177825927734,-102.73689270019531,89.07772827148438,76.55781555175781,-1.3997821807861328,-0.3566882014274597
069_cylinder,put the cylinder on the tray,17,1,370,15.184,1788427689.0622468,00016_front_put_the_cylinder_on_the_tray.png,00016_wrist_put_the_cylinder_on_the_tray.png,recap.png,50,6,400,401,-4.043956043956044,-75.73626373626374,68.87912087912088,67.86813186813187,0.13186813186813187,0.2054794520547945,-5.359317779541016,-101.87487030029297,89.14869689941406,76.68635559082031,-1.3980331420898438,-0.4774942398071289
069_cylinder,put the cylinder on the tray,17,1,370,15.184,1788427689.0622468,00016_front_put_the_cylinder_on_the_tray.png,00016_wrist_put_the_cylinder_on_the_tray.png,recap.png,50,7,401,402,-4.043956043956044,-75.73626373626374,68.87912087912088,67.86813186813187,0.13186813186813187,0.2054794520547945,-5.276819229125977,-101.92056274414062,89.02651977539062,76.8229751586914,-1.3750839233398438,-0.4688335061073303
069_cylinder,put the cylinder on the tray,17,1,370,15.184,1788427689.0622468,00016_front_put_the_cylinder_on_the_tray.png,00016_wrist_put_the_cylinder_on_the_tray.png,recap.png,50,8,402,403,-4.043956043956044,-75.73626373626374,68.87912087912088,67.86813186813187,0.13186813186813187,0.2054794520547945,-5.077117919921875,-101.75655364990234,89.11302185058594,76.75096130371094,-1.4330387115478516,-0.4105643630027771
069_cylinder,put the cylinder on the tray,17,1,370,15.184,1788427689.0622468,00016_front_put_the_cylinder_on_the_tray.png,00016_wrist_put_the_cylinder_on_the_tray.png,recap.png,50,9,403,404,-4.043956043956044,-75.73626373626374,68.87912087912088,67.86813186813187,0.13186813186813187,0.2054794520547945,-5.146989822387695,-101.46269226074219,88.94818115234375,76.92607116699219,-1.4118614196777344,-0.40138107538223267
069_cylinder,put the cylinder on the tray,17,1,370,15.184,1788427689.0622468,00016_front_put_the_cylinder_on_the_tray.png,00016_wrist_put_the_cylinder_on_the_tray.png,recap.png,50,10,404,405,-4.043956043956044,-75.73626373626374,68.87912087912088,67.86813186813187,0.13186813186813187,0.2054794520547945,-5.045650482177734,-102.21031188964844,89.31233215332031,76.9491195678711,-1.4252490997314453,-0.4435906410217285
069_cylinder,put the cylinder on the tray,17,1,370,15.184,1788427689.0622468,00016_front_put_the_cylinder_on_the_tray.png,00016_wrist_put_the_cylinder_on_the_tray.png,recap.png,50,11,405,406,-4.043956043956044,-75.73626373626374,68.87912087912088,67.86813186813187,0.13186813186813187,0.2054794520547945,-5.144248962402344,-102.52964782714844,89.36195373535156,76.93728637695312,-1.463766098022461,-0.4740656614303589
069_cylinder,put the cylinder on the tray,17,1,370,15.184,1788427689.0622468,00016_front_put_the_cylinder_on_the_tray.png,00016_wrist_put_the_cylinder_on_the_tray.png,recap.png,50,12,406,407,-4.043956043956044,-75.73626373626374,68.87912087912088,67.86813186813187,0.13186813186813187,0.2054794520547945,-5.103565216064453,-102.36625671386719,88.92416381835938,77.08000183105469,-1.4664802551269531,-0.40411287546157837
069_cylinder,put the cylinder on the tray,17,1,370,15.184,1788427689.0622468,00016_front_put_the_cylinder_on_the_tray.png,00016_wrist_put_the_cylinder_on_the_tray.png,recap.png,50,13,407,408,-4.043956043956044,-75.73626373626374,68.87912087912088,67.86813186813187,0.13186813186813187,0.2054794520547945,-5.220560073852539,-101.83189392089844,89.56414794921875,77.2632064819336,-1.7175159454345703,-0.43732184171676636
069_cylinder,put the cylinder on the tray,17,1,370,15.184,1788427689.0622468,00016_front_put_the_cylinder_on_the_tray.png,00016_wrist_put_the_cylinder_on_the_tray.png,recap.png,50,14,408,409,-4.043956043956044,-75.73626373626374,68.87912087912088,67.86813186813187,0.13186813186813187,0.2054794520547945,-5.301002502441406,-102.16998291015625,89.41139221191406,77.54917907714844,-1.7848377227783203,-0.5017217397689819
069_cylinder,put the cylinder on the tray,17,1,370,15.184,1788427689.0622468,00016_front_put_the_cylinder_on_the_tray.png,00016_wrist_put_the_cylinder_on_the_tray.png,recap.png,50,15,409,410,-4.043956043956044,-75.73626373626374,68.87912087912088,67.86813186813187,0.13186813186813187,0.2054794520547945,-5.153024673461914,-102.0693588256836,89.2913818359375,77.16934967041016,-1.8074417114257812,-0.420446515083313
069_cylinder,put the cylinder on the tray,17,1,370,15.184,1788427689.0622468,00016_front_put_the_cylinder_on_the_tray.png,00016_wrist_put_the_cylinder_on_the_tray.png,recap.png,50,16,410,411,-4.043956043956044,-75.73626373626374,68.87912087912088,67.86813186813187,0.13186813186813187,0.2054794520547945,-5.418245315551758,-101.67894744873047,89.4461669921875,77.29459381103516,-1.9381837844848633,-0.3929072618484497
069_cylinder,put the cylinder on the tray,17,1,370,15.184,1788427689.0622468,00016_front_put_the_cylinder_on_the_tray.png,00016_wrist_put_the_cylinder_on_the_tray.png,recap.png,50,17,411,412,-4.043956043956044,-75.73626373626374,68.87912087912088,67.86813186813187,0.13186813186813187,0.2054794520547945,-5.532865524291992,-101.73924255371094,89.41716003417969,77.44042205810547,-1.9837322235107422,-0.4512784481048584
069_cylinder,put the cylinder on the tray,17,1,370,15.184,1788427689.0622468,00016_front_put_the_cylinder_on_the_tray.png,00016_wrist_put_the_cylinder_on_the_tray.png,recap.png,50,18,412,413,-4.043956043956044,-75.73626373626374,68.87912087912088,67.86813186813187,0.13186813186813187,0.2054794520547945,-5.616212844848633,-101.96713256835938,89.49365234375,77.52295684814453,-2.138650894165039,-0.43801653385162354
069_cylinder,put the cylinder on the tray,17,1,370,15.184,1788427689.0622468,00016_front_put_the_cylinder_on_the_tray.png,00016_wrist_put_the_cylinder_on_the_tray.png,recap.png,50,19,413,414,-4.043956043956044,-75.73626373626374,68.87912087912088,67.86813186813187,0.13186813186813187,0.2054794520547945,-5.49915885925293,-102.0166244506836,89.54585266113281,77.40187072753906,-2.2587814331054688,-0.4983547329902649
069_cylinder,put the cylinder on the tray,17,1,370,15.184,1788427689.0622468,00016_front_put_the_cylinder_on_the_tray.png,00016_wrist_put_the_cylinder_on_the_tray.png,recap.png,50,20,414,415,-4.043956043956044,-75.73626373626374,68.87912087912088,67.86813186813187,0.13186813186813187,0.2054794520547945,-5.502643585205078,-101.62815856933594,89.74436950683594,77.46488189697266,-2.4650888442993164,-0.43104034662246704
069_cylinder,put the cylinder on the tray,17,1,370,15.184,1788427689.0622468,00016_front_put_the_cylinder_on_the_tray.png,00016_wrist_put_the_cylinder_on_the_tray.png,recap.png,50,21,415,416,-4.043956043956044,-75.73626373626374,68.87912087912088,67.86813186813187,0.13186813186813187,0.2054794520547945,-5.555562973022461,-101.84765625,89.34248352050781,77.50057220458984,-2.7077674865722656,-0.4729461669921875
069_cylinder,put the cylinder on the tray,17,1,370,15.184,1788427689.0622468,00016_front_put_the_cylinder_on_the_tray.png,00016_wrist_put_the_cylinder_on_the_tray.png,recap.png,50,22,416,417,-4.043956043956044,-75.73626373626374,68.87912087912088,67.86813186813187,0.13186813186813187,0.2054794520547945,-5.6118621826171875,-101.77775573730469,89.18687438964844,77.6283187866211,-2.9949731826782227,-0.5381765961647034
069_cylinder,put the cylinder on the tray,17,1,370,15.184,1788427689.0622468,00016_front_put_the_cylinder_on_the_tray.png,00016_wrist_put_the_cylinder_on_the_tray.png,recap.png,50,23,417,418,-4.043956043956044,-75.73626373626374,68.87912087912088,67.86813186813187,0.13186813186813187,0.2054794520547945,-5.674409866333008,-101.97588348388672,89.02976989746094,77.57553100585938,-3.237396240234375,-0.5007658004760742
069_cylinder,put the cylinder on the tray,17,1,370,15.184,1788427689.0622468,00016_front_put_the_cylinder_on_the_tray.png,00016_wrist_put_the_cylinder_on_the_tray.png,recap.png,50,24,418,419,-4.043956043956044,-75.73626373626374,68.87912087912088,67.86813186813187,0.13186813186813187,0.2054794520547945,-5.68537712097168,-101.87713623046875,88.7852783203125,77.51216888427734,-3.3087148666381836,-0.30124858021736145
