DEBUG 2026-08-19 04:25:16 === episode start | task: 'put the stuffed animal on the tray' | duration: 30.0s ===
DEBUG 2026-08-19 04:25:16 [chunk] received 50 actions, timesteps 0..49 | first: shoulder_pan.pos=-4.19 shoulder_lift.pos=-102.03 elbow_flex.pos=+90.03 wrist_flex.pos=+75.69 wrist_roll.pos=+0.01 gripper.pos=+1.24 | last: shoulder_pan.pos=-31.44 shoulder_lift.pos=-103.10 elbow_flex.pos=+88.19 wrist_flex.pos=+74.89 wrist_roll.pos=-0.29 gripper.pos=+0.94
DEBUG 2026-08-19 04:25:16 [action #1] t=0.94s step=0 queue=50 dmax=n/a | shoulder_pan.pos=-4.19 shoulder_lift.pos=-102.03 elbow_flex.pos=+90.03 wrist_flex.pos=+75.69 wrist_roll.pos=+0.01 gripper.pos=+1.24
DEBUG 2026-08-19 04:25:16 [action #2] t=0.97s step=1 queue=49 dmax=0.360 | shoulder_pan.pos=-4.28 shoulder_lift.pos=-101.67 elbow_flex.pos=+90.16 wrist_flex.pos=+75.77 wrist_roll.pos=-0.01 gripper.pos=+1.24
DEBUG 2026-08-19 04:25:17 [action #3] t=1.00s step=2 queue=48 dmax=0.461 | shoulder_pan.pos=-4.33 shoulder_lift.pos=-101.75 elbow_flex.pos=+89.70 wrist_flex.pos=+75.81 wrist_roll.pos=-0.10 gripper.pos=+1.19
DEBUG 2026-08-19 04:25:17 [action #4] t=1.04s step=3 queue=47 dmax=0.315 | shoulder_pan.pos=-4.17 shoulder_lift.pos=-102.07 elbow_flex.pos=+89.52 wrist_flex.pos=+75.72 wrist_roll.pos=-0.07 gripper.pos=+1.23
DEBUG 2026-08-19 04:25:17 [action #5] t=1.07s step=4 queue=46 dmax=0.556 | shoulder_pan.pos=-4.44 shoulder_lift.pos=-101.51 elbow_flex.pos=+89.95 wrist_flex.pos=+75.74 wrist_roll.pos=-0.05 gripper.pos=+1.20
DEBUG 2026-08-19 04:25:17 [action #6] t=1.10s step=5 queue=45 dmax=0.488 | shoulder_pan.pos=-4.26 shoulder_lift.pos=-101.95 elbow_flex.pos=+89.47 wrist_flex.pos=+75.73 wrist_roll.pos=-0.18 gripper.pos=+1.26
DEBUG 2026-08-19 04:25:17 [action #7] t=1.14s step=6 queue=44 dmax=0.545 | shoulder_pan.pos=-4.81 shoulder_lift.pos=-102.12 elbow_flex.pos=+89.46 wrist_flex.pos=+75.92 wrist_roll.pos=-0.09 gripper.pos=+1.28
DEBUG 2026-08-19 04:25:17 [action #8] t=1.17s step=7 queue=43 dmax=0.176 | shoulder_pan.pos=-4.68 shoulder_lift.pos=-102.19 elbow_flex.pos=+89.64 wrist_flex.pos=+75.85 wrist_roll.pos=-0.13 gripper.pos=+1.18
DEBUG 2026-08-19 04:25:17 [action #9] t=1.21s step=8 queue=42 dmax=0.577 | shoulder_pan.pos=-4.99 shoulder_lift.pos=-102.00 elbow_flex.pos=+89.06 wrist_flex.pos=+75.96 wrist_roll.pos=-0.09 gripper.pos=+1.07
DEBUG 2026-08-19 04:25:17 [action #10] t=1.24s step=9 queue=41 dmax=1.038 | shoulder_pan.pos=-5.12 shoulder_lift.pos=-102.45 elbow_flex.pos=+90.10 wrist_flex.pos=+75.96 wrist_roll.pos=-0.03 gripper.pos=+1.26
DEBUG 2026-08-19 04:25:17 [action #11] t=1.27s step=10 queue=40 dmax=0.811 | shoulder_pan.pos=-5.39 shoulder_lift.pos=-102.24 elbow_flex.pos=+89.29 wrist_flex.pos=+75.82 wrist_roll.pos=-0.08 gripper.pos=+1.16
DEBUG 2026-08-19 04:25:17 [action #12] t=1.31s step=11 queue=39 dmax=0.631 | shoulder_pan.pos=-5.43 shoulder_lift.pos=-102.88 elbow_flex.pos=+89.26 wrist_flex.pos=+75.85 wrist_roll.pos=-0.04 gripper.pos=+1.14
DEBUG 2026-08-19 04:25:17 [action #13] t=1.34s step=12 queue=38 dmax=0.612 | shoulder_pan.pos=-5.88 shoulder_lift.pos=-102.59 elbow_flex.pos=+89.87 wrist_flex.pos=+75.81 wrist_roll.pos=+0.03 gripper.pos=+1.12
DEBUG 2026-08-19 04:25:17 [action #14] t=1.37s step=13 queue=37 dmax=0.685 | shoulder_pan.pos=-6.36 shoulder_lift.pos=-101.90 elbow_flex.pos=+89.61 wrist_flex.pos=+75.86 wrist_roll.pos=-0.08 gripper.pos=+1.03
DEBUG 2026-08-19 04:25:17 [action #15] t=1.41s step=14 queue=36 dmax=0.484 | shoulder_pan.pos=-6.85 shoulder_lift.pos=-102.12 elbow_flex.pos=+89.16 wrist_flex.pos=+75.95 wrist_roll.pos=-0.09 gripper.pos=+1.10
DEBUG 2026-08-19 04:25:17 [action #16] t=1.44s step=15 queue=35 dmax=0.446 | shoulder_pan.pos=-7.29 shoulder_lift.pos=-101.71 elbow_flex.pos=+89.21 wrist_flex.pos=+76.18 wrist_roll.pos=-0.07 gripper.pos=+1.02
DEBUG 2026-08-19 04:25:17 [action #17] t=1.47s step=16 queue=34 dmax=0.835 | shoulder_pan.pos=-8.13 shoulder_lift.pos=-102.37 elbow_flex.pos=+88.95 wrist_flex.pos=+76.05 wrist_roll.pos=-0.07 gripper.pos=+1.09
DEBUG 2026-08-19 04:25:17 [action #18] t=1.51s step=17 queue=33 dmax=0.667 | shoulder_pan.pos=-8.79 shoulder_lift.pos=-101.99 elbow_flex.pos=+89.18 wrist_flex.pos=+75.94 wrist_roll.pos=-0.08 gripper.pos=+1.10
DEBUG 2026-08-19 04:25:17 [action #19] t=1.54s step=18 queue=32 dmax=0.722 | shoulder_pan.pos=-9.52 shoulder_lift.pos=-102.70 elbow_flex.pos=+89.46 wrist_flex.pos=+76.05 wrist_roll.pos=-0.15 gripper.pos=+1.16
DEBUG 2026-08-19 04:25:17 [action #20] t=1.57s step=19 queue=31 dmax=1.096 | shoulder_pan.pos=-10.61 shoulder_lift.pos=-102.60 elbow_flex.pos=+89.06 wrist_flex.pos=+76.01 wrist_roll.pos=-0.04 gripper.pos=+0.96
DEBUG 2026-08-19 04:25:17 [action #21] t=1.61s step=20 queue=30 dmax=0.639 | shoulder_pan.pos=-11.25 shoulder_lift.pos=-102.45 elbow_flex.pos=+88.88 wrist_flex.pos=+75.95 wrist_roll.pos=-0.08 gripper.pos=+1.22
DEBUG 2026-08-19 04:25:17 [action #22] t=1.64s step=21 queue=29 dmax=1.176 | shoulder_pan.pos=-12.43 shoulder_lift.pos=-102.36 elbow_flex.pos=+88.73 wrist_flex.pos=+75.91 wrist_roll.pos=-0.08 gripper.pos=+1.16
DEBUG 2026-08-19 04:25:17 [action #23] t=1.67s step=22 queue=28 dmax=0.994 | shoulder_pan.pos=-13.42 shoulder_lift.pos=-102.40 elbow_flex.pos=+88.77 wrist_flex.pos=+75.77 wrist_roll.pos=-0.11 gripper.pos=+1.07
DEBUG 2026-08-19 04:25:17 [action #24] t=1.71s step=23 queue=27 dmax=1.048 | shoulder_pan.pos=-14.47 shoulder_lift.pos=-102.66 elbow_flex.pos=+88.42 wrist_flex.pos=+76.12 wrist_roll.pos=-0.08 gripper.pos=+1.08
DEBUG 2026-08-19 04:25:17 [action #25] t=1.74s step=24 queue=26 dmax=0.856 | shoulder_pan.pos=-15.32 shoulder_lift.pos=-102.51 elbow_flex.pos=+88.66 wrist_flex.pos=+75.95 wrist_roll.pos=-0.08 gripper.pos=+1.03
DEBUG 2026-08-19 04:25:17 [action #26] t=1.77s step=25 queue=25 dmax=0.889 | shoulder_pan.pos=-16.21 shoulder_lift.pos=-102.99 elbow_flex.pos=+88.66 wrist_flex.pos=+75.99 wrist_roll.pos=-0.06 gripper.pos=+1.16
DEBUG 2026-08-19 04:25:17 [action #27] t=1.81s step=26 queue=24 dmax=0.813 | shoulder_pan.pos=-17.02 shoulder_lift.pos=-102.94 elbow_flex.pos=+88.71 wrist_flex.pos=+76.08 wrist_roll.pos=-0.07 gripper.pos=+1.03
DEBUG 2026-08-19 04:25:17 [action #28] t=1.84s step=27 queue=23 dmax=0.622 | shoulder_pan.pos=-17.65 shoulder_lift.pos=-103.01 elbow_flex.pos=+88.46 wrist_flex.pos=+75.82 wrist_roll.pos=-0.15 gripper.pos=+1.08
DEBUG 2026-08-19 04:25:17 [action #29] t=1.87s step=28 queue=22 dmax=0.781 | shoulder_pan.pos=-18.43 shoulder_lift.pos=-103.44 elbow_flex.pos=+88.37 wrist_flex.pos=+75.96 wrist_roll.pos=-0.20 gripper.pos=+1.11
DEBUG 2026-08-19 04:25:17 [action #30] t=1.91s step=29 queue=21 dmax=0.732 | shoulder_pan.pos=-19.16 shoulder_lift.pos=-103.44 elbow_flex.pos=+88.33 wrist_flex.pos=+75.94 wrist_roll.pos=-0.16 gripper.pos=+1.10
DEBUG 2026-08-19 04:25:17 [action #31] t=1.94s step=30 queue=20 dmax=0.610 | shoulder_pan.pos=-19.77 shoulder_lift.pos=-103.08 elbow_flex.pos=+88.56 wrist_flex.pos=+75.97 wrist_roll.pos=-0.10 gripper.pos=+1.18
DEBUG 2026-08-19 04:25:17 [action #32] t=1.97s step=31 queue=19 dmax=0.827 | shoulder_pan.pos=-20.60 shoulder_lift.pos=-103.06 elbow_flex.pos=+88.51 wrist_flex.pos=+75.90 wrist_roll.pos=-0.12 gripper.pos=+1.21
DEBUG 2026-08-19 04:25:18 [action #33] t=2.01s step=32 queue=18 dmax=0.746 | shoulder_pan.pos=-21.34 shoulder_lift.pos=-103.51 elbow_flex.pos=+88.67 wrist_flex.pos=+75.96 wrist_roll.pos=-0.04 gripper.pos=+1.18
DEBUG 2026-08-19 04:25:18 [action #34] t=2.04s step=33 queue=17 dmax=0.618 | shoulder_pan.pos=-21.96 shoulder_lift.pos=-103.13 elbow_flex.pos=+88.66 wrist_flex.pos=+75.89 wrist_roll.pos=-0.04 gripper.pos=+1.14
DEBUG 2026-08-19 04:25:18 [action #35] t=2.07s step=34 queue=16 dmax=0.336 | shoulder_pan.pos=-22.30 shoulder_lift.pos=-102.80 elbow_flex.pos=+88.89 wrist_flex.pos=+75.93 wrist_roll.pos=-0.10 gripper.pos=+1.18
DEBUG 2026-08-19 04:25:18 [action #36] t=2.11s step=35 queue=15 dmax=0.808 | shoulder_pan.pos=-23.10 shoulder_lift.pos=-103.10 elbow_flex.pos=+88.59 wrist_flex.pos=+75.74 wrist_roll.pos=-0.08 gripper.pos=+1.18
DEBUG 2026-08-19 04:25:18 [action #37] t=2.14s step=36 queue=14 dmax=0.697 | shoulder_pan.pos=-23.52 shoulder_lift.pos=-102.83 elbow_flex.pos=+89.28 wrist_flex.pos=+75.70 wrist_roll.pos=-0.06 gripper.pos=+1.24
DEBUG 2026-08-19 04:25:18 [action #38] t=2.18s step=37 queue=13 dmax=0.766 | shoulder_pan.pos=-24.29 shoulder_lift.pos=-102.38 elbow_flex.pos=+88.81 wrist_flex.pos=+75.63 wrist_roll.pos=-0.08 gripper.pos=+1.08
DEBUG 2026-08-19 04:25:18 [action #39] t=2.21s step=38 queue=12 dmax=0.585 | shoulder_pan.pos=-24.88 shoulder_lift.pos=-102.90 elbow_flex.pos=+89.13 wrist_flex.pos=+75.59 wrist_roll.pos=-0.12 gripper.pos=+1.09
DEBUG 2026-08-19 04:25:18 [action #40] t=2.24s step=39 queue=11 dmax=0.536 | shoulder_pan.pos=-25.41 shoulder_lift.pos=-103.31 elbow_flex.pos=+89.11 wrist_flex.pos=+75.76 wrist_roll.pos=-0.12 gripper.pos=+1.13
DEBUG 2026-08-19 04:25:18 [action #41] t=2.28s step=40 queue=10 dmax=0.726 | shoulder_pan.pos=-25.90 shoulder_lift.pos=-102.58 elbow_flex.pos=+88.96 wrist_flex.pos=+75.59 wrist_roll.pos=-0.14 gripper.pos=+1.12
DEBUG 2026-08-19 04:25:18 [action #42] t=2.31s step=41 queue=9 dmax=0.700 | shoulder_pan.pos=-26.61 shoulder_lift.pos=-102.87 elbow_flex.pos=+89.38 wrist_flex.pos=+75.62 wrist_roll.pos=-0.12 gripper.pos=+1.19
DEBUG 2026-08-19 04:25:18 [action #43] t=2.34s step=42 queue=8 dmax=0.819 | shoulder_pan.pos=-27.17 shoulder_lift.pos=-103.68 elbow_flex.pos=+88.70 wrist_flex.pos=+75.67 wrist_roll.pos=-0.19 gripper.pos=+1.24
DEBUG 2026-08-19 04:25:18 [chunk] received 50 actions, timesteps 15..64 | first: shoulder_pan.pos=-5.98 shoulder_lift.pos=-102.26 elbow_flex.pos=+89.96 wrist_flex.pos=+75.93 wrist_roll.pos=-0.04 gripper.pos=+1.24 | last: shoulder_pan.pos=-34.13 shoulder_lift.pos=-103.21 elbow_flex.pos=+89.01 wrist_flex.pos=+75.90 wrist_roll.pos=-0.22 gripper.pos=+0.99
DEBUG 2026-08-19 04:25:18 [action #44] t=2.38s step=43 queue=22 dmax=2.999 | shoulder_pan.pos=-24.17 shoulder_lift.pos=-103.06 elbow_flex.pos=+88.73 wrist_flex.pos=+76.47 wrist_roll.pos=-0.14 gripper.pos=+1.09
DEBUG 2026-08-19 04:25:18 [action #45] t=2.41s step=44 queue=21 dmax=0.977 | shoulder_pan.pos=-25.15 shoulder_lift.pos=-102.92 elbow_flex.pos=+88.65 wrist_flex.pos=+76.35 wrist_roll.pos=-0.11 gripper.pos=+1.15
DEBUG 2026-08-19 04:25:18 [action #46] t=2.44s step=45 queue=20 dmax=0.678 | shoulder_pan.pos=-25.83 shoulder_lift.pos=-102.79 elbow_flex.pos=+88.58 wrist_flex.pos=+76.35 wrist_roll.pos=-0.20 gripper.pos=+1.15
DEBUG 2026-08-19 04:25:18 [action #47] t=2.48s step=46 queue=19 dmax=0.812 | shoulder_pan.pos=-26.64 shoulder_lift.pos=-102.75 elbow_flex.pos=+88.32 wrist_flex.pos=+76.41 wrist_roll.pos=-0.15 gripper.pos=+0.99
DEBUG 2026-08-19 04:25:18 [action #48] t=2.51s step=47 queue=18 dmax=0.526 | shoulder_pan.pos=-27.17 shoulder_lift.pos=-102.89 elbow_flex.pos=+88.54 wrist_flex.pos=+76.36 wrist_roll.pos=-0.13 gripper.pos=+1.10
DEBUG 2026-08-19 04:25:18 [action #49] t=2.54s step=48 queue=17 dmax=0.590 | shoulder_pan.pos=-27.76 shoulder_lift.pos=-102.61 elbow_flex.pos=+88.14 wrist_flex.pos=+76.20 wrist_roll.pos=-0.19 gripper.pos=+1.02
DEBUG 2026-08-19 04:25:18 [action #50] t=2.58s step=49 queue=16 dmax=0.603 | shoulder_pan.pos=-28.36 shoulder_lift.pos=-102.80 elbow_flex.pos=+88.42 wrist_flex.pos=+76.11 wrist_roll.pos=-0.12 gripper.pos=+1.08
DEBUG 2026-08-19 04:25:18 [action #51] t=2.61s step=50 queue=15 dmax=0.989 | shoulder_pan.pos=-27.37 shoulder_lift.pos=-102.32 elbow_flex.pos=+88.93 wrist_flex.pos=+76.55 wrist_roll.pos=-0.14 gripper.pos=+1.27
DEBUG 2026-08-19 04:25:18 [action #52] t=2.64s step=51 queue=14 dmax=0.902 | shoulder_pan.pos=-28.27 shoulder_lift.pos=-102.91 elbow_flex.pos=+88.31 wrist_flex.pos=+76.61 wrist_roll.pos=-0.14 gripper.pos=+1.15
DEBUG 2026-08-19 04:25:18 [action #53] t=2.68s step=52 queue=13 dmax=0.824 | shoulder_pan.pos=-28.93 shoulder_lift.pos=-102.09 elbow_flex.pos=+88.65 wrist_flex.pos=+76.55 wrist_roll.pos=-0.10 gripper.pos=+1.18
DEBUG 2026-08-19 04:25:18 [action #54] t=2.71s step=53 queue=12 dmax=0.834 | shoulder_pan.pos=-29.73 shoulder_lift.pos=-102.92 elbow_flex.pos=+88.82 wrist_flex.pos=+76.94 wrist_roll.pos=-0.03 gripper.pos=+1.19
DEBUG 2026-08-19 04:25:18 [action #55] t=2.74s step=54 queue=11 dmax=0.453 | shoulder_pan.pos=-30.19 shoulder_lift.pos=-102.55 elbow_flex.pos=+88.71 wrist_flex.pos=+76.53 wrist_roll.pos=-0.24 gripper.pos=+1.14
DEBUG 2026-08-19 04:25:18 [action #56] t=2.78s step=55 queue=10 dmax=0.546 | shoulder_pan.pos=-30.31 shoulder_lift.pos=-103.10 elbow_flex.pos=+88.77 wrist_flex.pos=+76.60 wrist_roll.pos=-0.11 gripper.pos=+1.12
DEBUG 2026-08-19 04:25:18 [action #57] t=2.81s step=56 queue=9 dmax=0.467 | shoulder_pan.pos=-30.78 shoulder_lift.pos=-102.89 elbow_flex.pos=+88.48 wrist_flex.pos=+76.49 wrist_roll.pos=-0.14 gripper.pos=+1.13
DEBUG 2026-08-19 04:25:18 [action #58] t=2.84s step=57 queue=8 dmax=0.333 | shoulder_pan.pos=-31.11 shoulder_lift.pos=-103.06 elbow_flex.pos=+88.48 wrist_flex.pos=+76.48 wrist_roll.pos=-0.11 gripper.pos=+1.12
DEBUG 2026-08-19 04:25:18 [action #59] t=2.88s step=58 queue=7 dmax=0.388 | shoulder_pan.pos=-31.50 shoulder_lift.pos=-102.89 elbow_flex.pos=+88.58 wrist_flex.pos=+76.20 wrist_roll.pos=-0.18 gripper.pos=+0.99
DEBUG 2026-08-19 04:25:18 [action #60] t=2.91s step=59 queue=6 dmax=0.779 | shoulder_pan.pos=-31.88 shoulder_lift.pos=-102.70 elbow_flex.pos=+89.35 wrist_flex.pos=+76.14 wrist_roll.pos=-0.09 gripper.pos=+1.10
DEBUG 2026-08-19 04:25:18 [action #61] t=2.94s step=60 queue=5 dmax=0.306 | shoulder_pan.pos=-32.14 shoulder_lift.pos=-102.39 elbow_flex.pos=+89.18 wrist_flex.pos=+76.09 wrist_roll.pos=-0.22 gripper.pos=+1.04
DEBUG 2026-08-19 04:25:18 [action #62] t=2.98s step=61 queue=4 dmax=0.328 | shoulder_pan.pos=-32.41 shoulder_lift.pos=-102.72 elbow_flex.pos=+88.94 wrist_flex.pos=+76.24 wrist_roll.pos=-0.26 gripper.pos=+1.07
DEBUG 2026-08-19 04:25:19 [action #63] t=3.01s step=62 queue=3 dmax=0.509 | shoulder_pan.pos=-32.92 shoulder_lift.pos=-103.00 elbow_flex.pos=+88.65 wrist_flex.pos=+76.11 wrist_roll.pos=-0.17 gripper.pos=+1.00
DEBUG 2026-08-19 04:25:19 [action #64] t=3.04s step=63 queue=2 dmax=0.419 | shoulder_pan.pos=-33.22 shoulder_lift.pos=-102.58 elbow_flex.pos=+88.75 wrist_flex.pos=+76.05 wrist_roll.pos=-0.26 gripper.pos=+1.15
DEBUG 2026-08-19 04:25:19 [action #65] t=3.08s step=64 queue=1 dmax=0.905 | shoulder_pan.pos=-34.13 shoulder_lift.pos=-103.21 elbow_flex.pos=+89.01 wrist_flex.pos=+75.90 wrist_roll.pos=-0.22 gripper.pos=+0.99
DEBUG 2026-08-19 04:25:19 [chunk] received 50 actions, timesteps 41..90 | first: shoulder_pan.pos=-26.47 shoulder_lift.pos=-102.76 elbow_flex.pos=+91.01 wrist_flex.pos=+75.78 wrist_roll.pos=-0.01 gripper.pos=+1.21 | last: shoulder_pan.pos=-40.55 shoulder_lift.pos=-104.38 elbow_flex.pos=+90.28 wrist_flex.pos=+59.81 wrist_roll.pos=-0.69 gripper.pos=+0.95
DEBUG 2026-08-19 04:25:19 [action #66] t=3.15s step=65 queue=26 dmax=2.261 | shoulder_pan.pos=-36.39 shoulder_lift.pos=-103.61 elbow_flex.pos=+90.27 wrist_flex.pos=+74.07 wrist_roll.pos=-0.21 gripper.pos=+1.26
DEBUG 2026-08-19 04:25:19 [action #67] t=3.18s step=66 queue=25 dmax=1.044 | shoulder_pan.pos=-36.84 shoulder_lift.pos=-104.66 elbow_flex.pos=+90.28 wrist_flex.pos=+73.66 wrist_roll.pos=-0.14 gripper.pos=+1.10
DEBUG 2026-08-19 04:25:19 [action #68] t=3.21s step=67 queue=24 dmax=0.561 | shoulder_pan.pos=-36.79 shoulder_lift.pos=-104.10 elbow_flex.pos=+89.79 wrist_flex.pos=+73.88 wrist_roll.pos=-0.22 gripper.pos=+1.17
DEBUG 2026-08-19 04:25:19 [action #69] t=3.25s step=68 queue=23 dmax=0.430 | shoulder_pan.pos=-37.22 shoulder_lift.pos=-104.09 elbow_flex.pos=+89.66 wrist_flex.pos=+73.78 wrist_roll.pos=-0.30 gripper.pos=+1.05
DEBUG 2026-08-19 04:25:19 [action #70] t=3.28s step=69 queue=22 dmax=0.912 | shoulder_pan.pos=-37.40 shoulder_lift.pos=-103.18 elbow_flex.pos=+89.51 wrist_flex.pos=+73.57 wrist_roll.pos=-0.32 gripper.pos=+1.07
DEBUG 2026-08-19 04:25:19 [action #71] t=3.31s step=70 queue=21 dmax=0.754 | shoulder_pan.pos=-37.93 shoulder_lift.pos=-103.93 elbow_flex.pos=+89.46 wrist_flex.pos=+73.33 wrist_roll.pos=-0.30 gripper.pos=+1.19
DEBUG 2026-08-19 04:25:19 [action #72] t=3.35s step=71 queue=20 dmax=0.627 | shoulder_pan.pos=-38.56 shoulder_lift.pos=-104.16 elbow_flex.pos=+89.20 wrist_flex.pos=+73.02 wrist_roll.pos=-0.21 gripper.pos=+1.03
DEBUG 2026-08-19 04:25:19 [action #73] t=3.38s step=72 queue=19 dmax=0.430 | shoulder_pan.pos=-38.99 shoulder_lift.pos=-103.86 elbow_flex.pos=+89.32 wrist_flex.pos=+72.92 wrist_roll.pos=-0.28 gripper.pos=+0.94
DEBUG 2026-08-19 04:25:19 [action #74] t=3.41s step=73 queue=18 dmax=0.571 | shoulder_pan.pos=-39.56 shoulder_lift.pos=-103.93 elbow_flex.pos=+89.30 wrist_flex.pos=+72.75 wrist_roll.pos=-0.34 gripper.pos=+1.00
DEBUG 2026-08-19 04:25:19 [action #75] t=3.45s step=74 queue=17 dmax=0.404 | shoulder_pan.pos=-39.96 shoulder_lift.pos=-104.26 elbow_flex.pos=+89.29 wrist_flex.pos=+72.43 wrist_roll.pos=-0.29 gripper.pos=+0.94
DEBUG 2026-08-19 04:25:19 [action #76] t=3.48s step=75 queue=16 dmax=0.716 | shoulder_pan.pos=-40.19 shoulder_lift.pos=-103.55 elbow_flex.pos=+89.13 wrist_flex.pos=+71.71 wrist_roll.pos=-0.30 gripper.pos=+0.90
DEBUG 2026-08-19 04:25:19 [action #77] t=3.51s step=76 queue=15 dmax=0.547 | shoulder_pan.pos=-40.64 shoulder_lift.pos=-104.08 elbow_flex.pos=+89.67 wrist_flex.pos=+71.17 wrist_roll.pos=-0.43 gripper.pos=+0.88
DEBUG 2026-08-19 04:25:19 [action #78] t=3.55s step=77 queue=14 dmax=1.070 | shoulder_pan.pos=-40.57 shoulder_lift.pos=-104.64 elbow_flex.pos=+89.68 wrist_flex.pos=+70.10 wrist_roll.pos=-0.31 gripper.pos=+0.95
DEBUG 2026-08-19 04:25:19 [action #79] t=3.58s step=78 queue=13 dmax=0.926 | shoulder_pan.pos=-40.44 shoulder_lift.pos=-104.21 elbow_flex.pos=+90.04 wrist_flex.pos=+69.17 wrist_roll.pos=-0.37 gripper.pos=+1.04
DEBUG 2026-08-19 04:25:19 [action #80] t=3.61s step=79 queue=12 dmax=1.024 | shoulder_pan.pos=-40.58 shoulder_lift.pos=-104.27 elbow_flex.pos=+89.02 wrist_flex.pos=+68.15 wrist_roll.pos=-0.38 gripper.pos=+0.94
DEBUG 2026-08-19 04:25:19 [action #81] t=3.65s step=80 queue=11 dmax=0.889 | shoulder_pan.pos=-40.47 shoulder_lift.pos=-104.38 elbow_flex.pos=+89.91 wrist_flex.pos=+67.55 wrist_roll.pos=-0.57 gripper.pos=+1.06
DEBUG 2026-08-19 04:25:19 [action #82] t=3.68s step=81 queue=10 dmax=1.071 | shoulder_pan.pos=-40.54 shoulder_lift.pos=-104.69 elbow_flex.pos=+90.35 wrist_flex.pos=+66.47 wrist_roll.pos=-0.48 gripper.pos=+1.00
DEBUG 2026-08-19 04:25:19 [action #83] t=3.71s step=82 queue=9 dmax=0.869 | shoulder_pan.pos=-40.27 shoulder_lift.pos=-104.18 elbow_flex.pos=+89.48 wrist_flex.pos=+65.76 wrist_roll.pos=-0.56 gripper.pos=+0.94
DEBUG 2026-08-19 04:25:19 [action #84] t=3.75s step=83 queue=8 dmax=0.899 | shoulder_pan.pos=-40.24 shoulder_lift.pos=-104.32 elbow_flex.pos=+89.71 wrist_flex.pos=+64.86 wrist_roll.pos=-0.52 gripper.pos=+0.82
DEBUG 2026-08-19 04:25:19 [action #85] t=3.78s step=84 queue=7 dmax=0.695 | shoulder_pan.pos=-40.14 shoulder_lift.pos=-104.32 elbow_flex.pos=+90.41 wrist_flex.pos=+64.24 wrist_roll.pos=-0.55 gripper.pos=+0.98
DEBUG 2026-08-19 04:25:19 [chunk] received 50 actions, timesteps 64..113 | first: shoulder_pan.pos=-37.94 shoulder_lift.pos=-101.91 elbow_flex.pos=+89.58 wrist_flex.pos=+75.93 wrist_roll.pos=-0.19 gripper.pos=+1.46 | last: shoulder_pan.pos=-44.81 shoulder_lift.pos=-101.93 elbow_flex.pos=+89.99 wrist_flex.pos=+57.93 wrist_roll.pos=-0.26 gripper.pos=+1.37
DEBUG 2026-08-19 04:25:19 [action #86] t=3.81s step=85 queue=29 dmax=5.527 | shoulder_pan.pos=-42.80 shoulder_lift.pos=-101.96 elbow_flex.pos=+89.62 wrist_flex.pos=+69.77 wrist_roll.pos=-0.10 gripper.pos=+1.39
DEBUG 2026-08-19 04:25:19 [action #87] t=3.85s step=86 queue=28 dmax=0.439 | shoulder_pan.pos=-43.16 shoulder_lift.pos=-102.12 elbow_flex.pos=+89.18 wrist_flex.pos=+69.46 wrist_roll.pos=-0.17 gripper.pos=+1.27
DEBUG 2026-08-19 04:25:19 [action #88] t=3.88s step=87 queue=27 dmax=0.593 | shoulder_pan.pos=-43.52 shoulder_lift.pos=-102.01 elbow_flex.pos=+88.97 wrist_flex.pos=+68.87 wrist_roll.pos=-0.20 gripper.pos=+1.38
DEBUG 2026-08-19 04:25:19 [action #89] t=3.91s step=88 queue=26 dmax=0.653 | shoulder_pan.pos=-43.76 shoulder_lift.pos=-102.66 elbow_flex.pos=+89.22 wrist_flex.pos=+68.51 wrist_roll.pos=-0.19 gripper.pos=+1.48
DEBUG 2026-08-19 04:25:19 [action #90] t=3.95s step=89 queue=25 dmax=0.317 | shoulder_pan.pos=-44.04 shoulder_lift.pos=-102.42 elbow_flex.pos=+89.18 wrist_flex.pos=+68.19 wrist_roll.pos=-0.29 gripper.pos=+1.39
DEBUG 2026-08-19 04:25:19 [action #91] t=3.98s step=90 queue=24 dmax=0.652 | shoulder_pan.pos=-44.29 shoulder_lift.pos=-102.54 elbow_flex.pos=+88.94 wrist_flex.pos=+67.54 wrist_roll.pos=-0.19 gripper.pos=+1.34
DEBUG 2026-08-19 04:25:20 [action #92] t=4.01s step=91 queue=23 dmax=3.042 | shoulder_pan.pos=-46.11 shoulder_lift.pos=-101.60 elbow_flex.pos=+88.87 wrist_flex.pos=+70.58 wrist_roll.pos=-0.09 gripper.pos=+1.44
DEBUG 2026-08-19 04:25:20 [action #93] t=4.05s step=92 queue=22 dmax=0.646 | shoulder_pan.pos=-46.24 shoulder_lift.pos=-101.73 elbow_flex.pos=+88.65 wrist_flex.pos=+69.93 wrist_roll.pos=+0.05 gripper.pos=+1.34
DEBUG 2026-08-19 04:25:20 [action #94] t=4.08s step=93 queue=21 dmax=0.826 | shoulder_pan.pos=-46.21 shoulder_lift.pos=-100.90 elbow_flex.pos=+88.96 wrist_flex.pos=+69.61 wrist_roll.pos=-0.15 gripper.pos=+1.22
DEBUG 2026-08-19 04:25:20 [action #95] t=4.12s step=94 queue=20 dmax=0.827 | shoulder_pan.pos=-46.19 shoulder_lift.pos=-101.73 elbow_flex.pos=+88.93 wrist_flex.pos=+68.93 wrist_roll.pos=-0.08 gripper.pos=+1.33
DEBUG 2026-08-19 04:25:20 [action #96] t=4.15s step=95 queue=19 dmax=0.682 | shoulder_pan.pos=-46.06 shoulder_lift.pos=-101.49 elbow_flex.pos=+89.01 wrist_flex.pos=+68.24 wrist_roll.pos=-0.06 gripper.pos=+1.28
DEBUG 2026-08-19 04:25:20 [action #97] t=4.18s step=96 queue=18 dmax=0.517 | shoulder_pan.pos=-46.33 shoulder_lift.pos=-101.57 elbow_flex.pos=+89.41 wrist_flex.pos=+67.73 wrist_roll.pos=-0.00 gripper.pos=+1.33
DEBUG 2026-08-19 04:25:20 [action #98] t=4.22s step=97 queue=17 dmax=0.589 | shoulder_pan.pos=-45.84 shoulder_lift.pos=-102.16 elbow_flex.pos=+89.34 wrist_flex.pos=+67.20 wrist_roll.pos=-0.00 gripper.pos=+1.34
DEBUG 2026-08-19 04:25:20 [action #99] t=4.25s step=98 queue=16 dmax=0.581 | shoulder_pan.pos=-45.89 shoulder_lift.pos=-102.11 elbow_flex.pos=+89.81 wrist_flex.pos=+66.62 wrist_roll.pos=-0.13 gripper.pos=+1.32
DEBUG 2026-08-19 04:25:20 [action #100] t=4.28s step=99 queue=15 dmax=0.850 | shoulder_pan.pos=-45.53 shoulder_lift.pos=-101.82 elbow_flex.pos=+88.96 wrist_flex.pos=+65.94 wrist_roll.pos=-0.11 gripper.pos=+1.18
DEBUG 2026-08-19 04:25:20 [action #101] t=4.32s step=100 queue=14 dmax=0.984 | shoulder_pan.pos=-45.39 shoulder_lift.pos=-102.27 elbow_flex.pos=+89.95 wrist_flex.pos=+65.31 wrist_roll.pos=-0.04 gripper.pos=+1.16
DEBUG 2026-08-19 04:25:20 [action #102] t=4.35s step=101 queue=13 dmax=0.795 | shoulder_pan.pos=-45.22 shoulder_lift.pos=-101.84 elbow_flex.pos=+89.40 wrist_flex.pos=+64.52 wrist_roll.pos=-0.14 gripper.pos=+1.07
DEBUG 2026-08-19 04:25:20 [action #103] t=4.38s step=102 queue=12 dmax=0.763 | shoulder_pan.pos=-45.03 shoulder_lift.pos=-101.52 elbow_flex.pos=+89.77 wrist_flex.pos=+63.75 wrist_roll.pos=-0.15 gripper.pos=+1.18
DEBUG 2026-08-19 04:25:20 [action #104] t=4.42s step=103 queue=11 dmax=0.835 | shoulder_pan.pos=-44.79 shoulder_lift.pos=-102.07 elbow_flex.pos=+89.95 wrist_flex.pos=+62.92 wrist_roll.pos=-0.03 gripper.pos=+1.15
DEBUG 2026-08-19 04:25:20 [action #105] t=4.45s step=104 queue=10 dmax=0.786 | shoulder_pan.pos=-44.68 shoulder_lift.pos=-101.50 elbow_flex.pos=+90.27 wrist_flex.pos=+62.13 wrist_roll.pos=-0.09 gripper.pos=+1.51
DEBUG 2026-08-19 04:25:20 [action #106] t=4.48s step=105 queue=9 dmax=0.973 | shoulder_pan.pos=-44.72 shoulder_lift.pos=-101.94 elbow_flex.pos=+89.51 wrist_flex.pos=+61.16 wrist_roll.pos=-0.10 gripper.pos=+1.27
DEBUG 2026-08-19 04:25:20 [chunk] received 50 actions, timesteps 83..132 | first: shoulder_pan.pos=-41.80 shoulder_lift.pos=-103.04 elbow_flex.pos=+93.26 wrist_flex.pos=+62.29 wrist_roll.pos=-0.31 gripper.pos=+1.13 | last: shoulder_pan.pos=-41.37 shoulder_lift.pos=-94.48 elbow_flex.pos=+84.43 wrist_flex.pos=+52.58 wrist_roll.pos=-0.46 gripper.pos=+0.68
DEBUG 2026-08-19 04:25:20 [action #107] t=4.52s step=106 queue=27 dmax=4.658 | shoulder_pan.pos=-41.42 shoulder_lift.pos=-101.75 elbow_flex.pos=+91.33 wrist_flex.pos=+56.50 wrist_roll.pos=-0.33 gripper.pos=+1.03
DEBUG 2026-08-19 04:25:20 [action #108] t=4.55s step=107 queue=26 dmax=0.340 | shoulder_pan.pos=-41.35 shoulder_lift.pos=-102.09 elbow_flex.pos=+91.48 wrist_flex.pos=+56.39 wrist_roll.pos=-0.23 gripper.pos=+1.06
DEBUG 2026-08-19 04:25:20 [action #109] t=4.58s step=108 queue=25 dmax=0.240 | shoulder_pan.pos=-41.21 shoulder_lift.pos=-101.85 elbow_flex.pos=+91.33 wrist_flex.pos=+56.24 wrist_roll.pos=-0.26 gripper.pos=+0.93
DEBUG 2026-08-19 04:25:20 [action #110] t=4.62s step=109 queue=24 dmax=0.686 | shoulder_pan.pos=-41.31 shoulder_lift.pos=-102.53 elbow_flex.pos=+91.26 wrist_flex.pos=+56.18 wrist_roll.pos=-0.21 gripper.pos=+1.04
DEBUG 2026-08-19 04:25:20 [action #111] t=4.65s step=110 queue=23 dmax=0.667 | shoulder_pan.pos=-41.32 shoulder_lift.pos=-101.87 elbow_flex.pos=+91.27 wrist_flex.pos=+56.10 wrist_roll.pos=-0.26 gripper.pos=+0.90
DEBUG 2026-08-19 04:25:20 [action #112] t=4.68s step=111 queue=22 dmax=0.635 | shoulder_pan.pos=-41.33 shoulder_lift.pos=-102.50 elbow_flex.pos=+90.84 wrist_flex.pos=+55.97 wrist_roll.pos=-0.23 gripper.pos=+0.92
DEBUG 2026-08-19 04:25:20 [action #113] t=4.72s step=112 queue=21 dmax=0.217 | shoulder_pan.pos=-41.33 shoulder_lift.pos=-102.28 elbow_flex.pos=+90.64 wrist_flex.pos=+55.89 wrist_roll.pos=-0.28 gripper.pos=+0.98
DEBUG 2026-08-19 04:25:20 [action #114] t=4.75s step=113 queue=20 dmax=0.371 | shoulder_pan.pos=-41.35 shoulder_lift.pos=-102.34 elbow_flex.pos=+90.66 wrist_flex.pos=+55.52 wrist_roll.pos=-0.24 gripper.pos=+1.00
DEBUG 2026-08-19 04:25:20 [action #115] t=4.78s step=114 queue=19 dmax=1.362 | shoulder_pan.pos=-39.98 shoulder_lift.pos=-102.05 elbow_flex.pos=+90.77 wrist_flex.pos=+54.58 wrist_roll.pos=-0.33 gripper.pos=+0.86
DEBUG 2026-08-19 04:25:20 [action #116] t=4.82s step=115 queue=18 dmax=0.246 | shoulder_pan.pos=-39.74 shoulder_lift.pos=-102.23 elbow_flex.pos=+90.57 wrist_flex.pos=+54.62 wrist_roll.pos=-0.33 gripper.pos=+0.73
DEBUG 2026-08-19 04:25:20 [action #117] t=4.85s step=116 queue=17 dmax=0.298 | shoulder_pan.pos=-39.82 shoulder_lift.pos=-102.09 elbow_flex.pos=+90.42 wrist_flex.pos=+54.32 wrist_roll.pos=-0.34 gripper.pos=+0.72
DEBUG 2026-08-19 04:25:20 [action #118] t=4.88s step=117 queue=16 dmax=0.518 | shoulder_pan.pos=-39.72 shoulder_lift.pos=-101.57 elbow_flex.pos=+90.23 wrist_flex.pos=+54.24 wrist_roll.pos=-0.27 gripper.pos=+0.58
DEBUG 2026-08-19 04:25:20 [action #119] t=4.92s step=118 queue=15 dmax=0.690 | shoulder_pan.pos=-39.86 shoulder_lift.pos=-101.98 elbow_flex.pos=+89.54 wrist_flex.pos=+54.32 wrist_roll.pos=-0.29 gripper.pos=+0.60
DEBUG 2026-08-19 04:25:20 [action #120] t=4.95s step=119 queue=14 dmax=0.407 | shoulder_pan.pos=-39.82 shoulder_lift.pos=-102.39 elbow_flex.pos=+89.42 wrist_flex.pos=+54.24 wrist_roll.pos=-0.24 gripper.pos=+0.72
DEBUG 2026-08-19 04:25:20 [action #121] t=4.98s step=120 queue=13 dmax=0.794 | shoulder_pan.pos=-40.20 shoulder_lift.pos=-101.59 elbow_flex.pos=+89.49 wrist_flex.pos=+54.29 wrist_roll.pos=-0.31 gripper.pos=+0.75
DEBUG 2026-08-19 04:25:21 [action #122] t=5.02s step=121 queue=12 dmax=0.472 | shoulder_pan.pos=-40.26 shoulder_lift.pos=-101.74 elbow_flex.pos=+89.02 wrist_flex.pos=+54.41 wrist_roll.pos=-0.28 gripper.pos=+0.67
DEBUG 2026-08-19 04:25:21 [action #123] t=5.05s step=122 queue=11 dmax=0.245 | shoulder_pan.pos=-40.32 shoulder_lift.pos=-101.56 elbow_flex.pos=+88.77 wrist_flex.pos=+54.29 wrist_roll.pos=-0.41 gripper.pos=+0.52
DEBUG 2026-08-19 04:25:21 [action #124] t=5.09s step=123 queue=10 dmax=0.550 | shoulder_pan.pos=-40.53 shoulder_lift.pos=-102.11 elbow_flex.pos=+88.58 wrist_flex.pos=+54.30 wrist_roll.pos=-0.37 gripper.pos=+0.57
DEBUG 2026-08-19 04:25:21 [action #125] t=5.12s step=124 queue=9 dmax=0.541 | shoulder_pan.pos=-40.74 shoulder_lift.pos=-101.66 elbow_flex.pos=+88.04 wrist_flex.pos=+54.20 wrist_roll.pos=-0.35 gripper.pos=+0.67
DEBUG 2026-08-19 04:25:21 [action #126] t=5.15s step=125 queue=8 dmax=0.443 | shoulder_pan.pos=-40.81 shoulder_lift.pos=-102.10 elbow_flex.pos=+88.13 wrist_flex.pos=+54.40 wrist_roll.pos=-0.33 gripper.pos=+0.65
DEBUG 2026-08-19 04:25:21 [action #127] t=5.19s step=126 queue=7 dmax=0.655 | shoulder_pan.pos=-41.20 shoulder_lift.pos=-101.46 elbow_flex.pos=+87.48 wrist_flex.pos=+54.36 wrist_roll.pos=-0.40 gripper.pos=+0.67
DEBUG 2026-08-19 04:25:21 [chunk] received 50 actions, timesteps 105..154 | first: shoulder_pan.pos=-41.87 shoulder_lift.pos=-101.73 elbow_flex.pos=+90.74 wrist_flex.pos=+61.10 wrist_roll.pos=-0.31 gripper.pos=+0.99 | last: shoulder_pan.pos=-44.35 shoulder_lift.pos=-76.94 elbow_flex.pos=+69.71 wrist_flex.pos=+53.40 wrist_roll.pos=-1.64 gripper.pos=+1.08
DEBUG 2026-08-19 04:25:21 [action #128] t=5.22s step=127 queue=28 dmax=2.481 | shoulder_pan.pos=-42.64 shoulder_lift.pos=-101.70 elbow_flex.pos=+89.96 wrist_flex.pos=+52.19 wrist_roll.pos=-0.59 gripper.pos=+0.92
DEBUG 2026-08-19 04:25:21 [action #129] t=5.26s step=128 queue=27 dmax=0.573 | shoulder_pan.pos=-42.70 shoulder_lift.pos=-101.13 elbow_flex.pos=+89.63 wrist_flex.pos=+52.25 wrist_roll.pos=-0.55 gripper.pos=+1.00
DEBUG 2026-08-19 04:25:21 [action #130] t=5.29s step=129 queue=26 dmax=0.287 | shoulder_pan.pos=-42.68 shoulder_lift.pos=-101.34 elbow_flex.pos=+89.34 wrist_flex.pos=+52.18 wrist_roll.pos=-0.54 gripper.pos=+1.04
DEBUG 2026-08-19 04:25:21 [action #131] t=5.32s step=130 queue=25 dmax=0.440 | shoulder_pan.pos=-42.97 shoulder_lift.pos=-100.90 elbow_flex.pos=+89.37 wrist_flex.pos=+52.11 wrist_roll.pos=-0.46 gripper.pos=+0.89
DEBUG 2026-08-19 04:25:21 [action #132] t=5.36s step=131 queue=24 dmax=0.825 | shoulder_pan.pos=-42.95 shoulder_lift.pos=-100.07 elbow_flex.pos=+88.90 wrist_flex.pos=+52.13 wrist_roll.pos=-0.56 gripper.pos=+0.95
DEBUG 2026-08-19 04:25:21 [action #133] t=5.39s step=132 queue=23 dmax=0.675 | shoulder_pan.pos=-42.99 shoulder_lift.pos=-99.40 elbow_flex.pos=+88.87 wrist_flex.pos=+52.07 wrist_roll.pos=-0.61 gripper.pos=+0.95
DEBUG 2026-08-19 04:25:21 [action #134] t=5.42s step=133 queue=22 dmax=2.439 | shoulder_pan.pos=-43.42 shoulder_lift.pos=-101.84 elbow_flex.pos=+90.10 wrist_flex.pos=+52.22 wrist_roll.pos=-0.60 gripper.pos=+1.02
DEBUG 2026-08-19 04:25:21 [action #135] t=5.46s step=134 queue=21 dmax=0.413 | shoulder_pan.pos=-43.51 shoulder_lift.pos=-101.62 elbow_flex.pos=+89.93 wrist_flex.pos=+52.64 wrist_roll.pos=-0.69 gripper.pos=+1.00
DEBUG 2026-08-19 04:25:21 [action #136] t=5.49s step=135 queue=20 dmax=0.398 | shoulder_pan.pos=-43.58 shoulder_lift.pos=-101.65 elbow_flex.pos=+89.65 wrist_flex.pos=+53.03 wrist_roll.pos=-0.62 gripper.pos=+0.87
DEBUG 2026-08-19 04:25:21 [action #137] t=5.52s step=136 queue=19 dmax=0.680 | shoulder_pan.pos=-43.70 shoulder_lift.pos=-101.05 elbow_flex.pos=+89.25 wrist_flex.pos=+53.71 wrist_roll.pos=-0.70 gripper.pos=+0.97
DEBUG 2026-08-19 04:25:21 [action #138] t=5.56s step=137 queue=18 dmax=0.695 | shoulder_pan.pos=-43.70 shoulder_lift.pos=-101.73 elbow_flex.pos=+88.65 wrist_flex.pos=+54.41 wrist_roll.pos=-0.67 gripper.pos=+0.84
DEBUG 2026-08-19 04:25:21 [action #139] t=5.59s step=138 queue=17 dmax=0.773 | shoulder_pan.pos=-43.89 shoulder_lift.pos=-101.25 elbow_flex.pos=+87.99 wrist_flex.pos=+55.18 wrist_roll.pos=-0.67 gripper.pos=+0.92
DEBUG 2026-08-19 04:25:21 [action #140] t=5.62s step=139 queue=16 dmax=0.715 | shoulder_pan.pos=-44.01 shoulder_lift.pos=-101.06 elbow_flex.pos=+87.28 wrist_flex.pos=+55.66 wrist_roll.pos=-0.58 gripper.pos=+1.13
DEBUG 2026-08-19 04:25:21 [action #141] t=5.66s step=140 queue=15 dmax=0.518 | shoulder_pan.pos=-44.09 shoulder_lift.pos=-100.84 elbow_flex.pos=+87.25 wrist_flex.pos=+56.17 wrist_roll.pos=-0.57 gripper.pos=+1.07
DEBUG 2026-08-19 04:25:21 [action #142] t=5.69s step=141 queue=14 dmax=0.606 | shoulder_pan.pos=-43.91 shoulder_lift.pos=-100.57 elbow_flex.pos=+86.64 wrist_flex.pos=+56.54 wrist_roll.pos=-0.64 gripper.pos=+1.02
DEBUG 2026-08-19 04:25:21 [action #143] t=5.72s step=142 queue=13 dmax=0.227 | shoulder_pan.pos=-43.75 shoulder_lift.pos=-100.39 elbow_flex.pos=+86.42 wrist_flex.pos=+56.71 wrist_roll.pos=-0.54 gripper.pos=+1.09
DEBUG 2026-08-19 04:25:21 [action #144] t=5.76s step=143 queue=12 dmax=0.567 | shoulder_pan.pos=-43.78 shoulder_lift.pos=-100.71 elbow_flex.pos=+85.85 wrist_flex.pos=+56.79 wrist_roll.pos=-0.56 gripper.pos=+1.02
DEBUG 2026-08-19 04:25:21 [action #145] t=5.79s step=144 queue=11 dmax=0.218 | shoulder_pan.pos=-43.88 shoulder_lift.pos=-100.50 elbow_flex.pos=+86.07 wrist_flex.pos=+56.68 wrist_roll.pos=-0.63 gripper.pos=+1.02
DEBUG 2026-08-19 04:25:21 [action #146] t=5.82s step=145 queue=10 dmax=0.609 | shoulder_pan.pos=-44.02 shoulder_lift.pos=-100.03 elbow_flex.pos=+85.46 wrist_flex.pos=+56.70 wrist_roll.pos=-0.70 gripper.pos=+0.98
DEBUG 2026-08-19 04:25:21 [action #147] t=5.86s step=146 queue=9 dmax=0.411 | shoulder_pan.pos=-44.12 shoulder_lift.pos=-99.92 elbow_flex.pos=+85.05 wrist_flex.pos=+56.58 wrist_roll.pos=-0.76 gripper.pos=+1.14
DEBUG 2026-08-19 04:25:21 [action #148] t=5.89s step=147 queue=8 dmax=1.700 | shoulder_pan.pos=-43.86 shoulder_lift.pos=-98.22 elbow_flex.pos=+83.72 wrist_flex.pos=+56.10 wrist_roll.pos=-0.86 gripper.pos=+1.03
DEBUG 2026-08-19 04:25:21 [action #149] t=5.92s step=148 queue=7 dmax=3.301 | shoulder_pan.pos=-43.84 shoulder_lift.pos=-94.92 elbow_flex.pos=+81.98 wrist_flex.pos=+55.55 wrist_roll.pos=-1.04 gripper.pos=+1.14
DEBUG 2026-08-19 04:25:21 [action #150] t=5.96s step=149 queue=6 dmax=2.795 | shoulder_pan.pos=-44.08 shoulder_lift.pos=-92.12 elbow_flex.pos=+80.16 wrist_flex.pos=+55.14 wrist_roll.pos=-1.19 gripper.pos=+1.19
DEBUG 2026-08-19 04:25:21 [chunk] received 50 actions, timesteps 125..174 | first: shoulder_pan.pos=-39.27 shoulder_lift.pos=-101.59 elbow_flex.pos=+92.30 wrist_flex.pos=+53.27 wrist_roll.pos=-0.32 gripper.pos=+1.11 | last: shoulder_pan.pos=-39.78 shoulder_lift.pos=-66.08 elbow_flex.pos=+64.13 wrist_flex.pos=+50.91 wrist_roll.pos=-1.52 gripper.pos=+0.98
DEBUG 2026-08-19 04:25:21 [action #151] t=5.99s step=150 queue=25 dmax=4.877 | shoulder_pan.pos=-42.49 shoulder_lift.pos=-97.00 elbow_flex.pos=+84.70 wrist_flex.pos=+54.85 wrist_roll.pos=-1.23 gripper.pos=+1.13
DEBUG 2026-08-19 04:25:22 [action #152] t=6.03s step=151 queue=24 dmax=0.917 | shoulder_pan.pos=-42.62 shoulder_lift.pos=-96.08 elbow_flex.pos=+83.91 wrist_flex.pos=+54.99 wrist_roll.pos=-1.31 gripper.pos=+1.22
DEBUG 2026-08-19 04:25:22 [action #153] t=6.06s step=152 queue=23 dmax=1.034 | shoulder_pan.pos=-42.51 shoulder_lift.pos=-95.05 elbow_flex.pos=+83.07 wrist_flex.pos=+55.16 wrist_roll.pos=-1.43 gripper.pos=+1.15
DEBUG 2026-08-19 04:25:22 [action #154] t=6.09s step=153 queue=22 dmax=1.131 | shoulder_pan.pos=-42.47 shoulder_lift.pos=-94.00 elbow_flex.pos=+81.94 wrist_flex.pos=+55.25 wrist_roll.pos=-1.49 gripper.pos=+1.16
DEBUG 2026-08-19 04:25:22 [action #155] t=6.13s step=154 queue=21 dmax=0.943 | shoulder_pan.pos=-42.38 shoulder_lift.pos=-93.06 elbow_flex.pos=+81.40 wrist_flex.pos=+55.30 wrist_roll.pos=-1.54 gripper.pos=+1.16
DEBUG 2026-08-19 04:25:22 [action #156] t=6.16s step=155 queue=20 dmax=7.009 | shoulder_pan.pos=-41.49 shoulder_lift.pos=-100.07 elbow_flex.pos=+86.21 wrist_flex.pos=+56.28 wrist_roll.pos=-1.43 gripper.pos=+1.18
DEBUG 2026-08-19 04:25:22 [action #157] t=6.19s step=156 queue=19 dmax=0.151 | shoulder_pan.pos=-41.41 shoulder_lift.pos=-99.98 elbow_flex.pos=+86.36 wrist_flex.pos=+56.21 wrist_roll.pos=-1.37 gripper.pos=+1.17
DEBUG 2026-08-19 04:25:22 [action #158] t=6.23s step=157 queue=18 dmax=0.559 | shoulder_pan.pos=-41.38 shoulder_lift.pos=-99.69 elbow_flex.pos=+85.81 wrist_flex.pos=+56.24 wrist_roll.pos=-1.31 gripper.pos=+1.10
DEBUG 2026-08-19 04:25:22 [action #159] t=6.26s step=158 queue=17 dmax=0.378 | shoulder_pan.pos=-41.31 shoulder_lift.pos=-99.46 elbow_flex.pos=+85.43 wrist_flex.pos=+56.22 wrist_roll.pos=-1.27 gripper.pos=+1.14
DEBUG 2026-08-19 04:25:22 [action #160] t=6.29s step=159 queue=16 dmax=0.740 | shoulder_pan.pos=-41.33 shoulder_lift.pos=-99.06 elbow_flex.pos=+84.69 wrist_flex.pos=+56.32 wrist_roll.pos=-1.27 gripper.pos=+1.12
DEBUG 2026-08-19 04:25:22 [action #161] t=6.97s step=160 queue=15 dmax=0.526 | shoulder_pan.pos=-41.37 shoulder_lift.pos=-98.72 elbow_flex.pos=+84.16 wrist_flex.pos=+56.20 wrist_roll.pos=-1.24 gripper.pos=+1.08
DEBUG 2026-08-19 04:25:23 [action #162] t=7.00s step=161 queue=14 dmax=0.886 | shoulder_pan.pos=-41.30 shoulder_lift.pos=-97.83 elbow_flex.pos=+83.65 wrist_flex.pos=+56.13 wrist_roll.pos=-1.24 gripper.pos=+1.18
DEBUG 2026-08-19 04:25:23 [action #163] t=7.03s step=162 queue=13 dmax=1.622 | shoulder_pan.pos=-41.14 shoulder_lift.pos=-96.21 elbow_flex.pos=+82.51 wrist_flex.pos=+55.97 wrist_roll.pos=-1.20 gripper.pos=+1.02
DEBUG 2026-08-19 04:25:23 [action #164] t=7.07s step=163 queue=12 dmax=3.003 | shoulder_pan.pos=-40.85 shoulder_lift.pos=-93.21 elbow_flex.pos=+80.52 wrist_flex.pos=+55.72 wrist_roll.pos=-1.20 gripper.pos=+1.06
DEBUG 2026-08-19 04:25:23 [action #165] t=7.10s step=164 queue=11 dmax=3.542 | shoulder_pan.pos=-40.90 shoulder_lift.pos=-89.66 elbow_flex.pos=+78.71 wrist_flex.pos=+55.21 wrist_roll.pos=-1.16 gripper.pos=+0.85
DEBUG 2026-08-19 04:25:23 [action #166] t=7.13s step=165 queue=10 dmax=3.259 | shoulder_pan.pos=-40.70 shoulder_lift.pos=-86.40 elbow_flex.pos=+76.73 wrist_flex.pos=+54.95 wrist_roll.pos=-1.24 gripper.pos=+1.05
DEBUG 2026-08-19 04:25:23 [action #167] t=7.17s step=166 queue=9 dmax=3.289 | shoulder_pan.pos=-40.70 shoulder_lift.pos=-83.11 elbow_flex.pos=+74.72 wrist_flex.pos=+54.38 wrist_roll.pos=-1.24 gripper.pos=+0.88
DEBUG 2026-08-19 04:25:23 [action #168] t=7.20s step=167 queue=8 dmax=3.319 | shoulder_pan.pos=-40.43 shoulder_lift.pos=-79.80 elbow_flex.pos=+72.27 wrist_flex.pos=+54.31 wrist_roll.pos=-1.26 gripper.pos=+0.93
DEBUG 2026-08-19 04:25:23 [action #169] t=7.23s step=168 queue=7 dmax=2.398 | shoulder_pan.pos=-40.57 shoulder_lift.pos=-77.40 elbow_flex.pos=+70.62 wrist_flex.pos=+53.83 wrist_roll.pos=-1.29 gripper.pos=+0.84
DEBUG 2026-08-19 04:25:23 [action #170] t=7.27s step=169 queue=6 dmax=2.468 | shoulder_pan.pos=-40.31 shoulder_lift.pos=-74.93 elbow_flex.pos=+69.02 wrist_flex.pos=+53.77 wrist_roll.pos=-1.32 gripper.pos=+0.93
DEBUG 2026-08-19 04:25:23 [action #171] t=7.30s step=170 queue=5 dmax=2.048 | shoulder_pan.pos=-40.30 shoulder_lift.pos=-72.88 elbow_flex.pos=+68.00 wrist_flex.pos=+53.07 wrist_roll.pos=-1.33 gripper.pos=+0.95
DEBUG 2026-08-19 04:25:23 [action #172] t=7.33s step=171 queue=4 dmax=2.051 | shoulder_pan.pos=-40.26 shoulder_lift.pos=-70.83 elbow_flex.pos=+67.07 wrist_flex.pos=+52.71 wrist_roll.pos=-1.41 gripper.pos=+1.01
DEBUG 2026-08-19 04:25:23 [action #173] t=7.37s step=172 queue=3 dmax=1.482 | shoulder_pan.pos=-40.22 shoulder_lift.pos=-69.35 elbow_flex.pos=+65.68 wrist_flex.pos=+52.09 wrist_roll.pos=-1.40 gripper.pos=+0.82
DEBUG 2026-08-19 04:25:23 [action #174] t=7.40s step=173 queue=2 dmax=1.866 | shoulder_pan.pos=-40.11 shoulder_lift.pos=-67.48 elbow_flex.pos=+64.80 wrist_flex.pos=+51.34 wrist_roll.pos=-1.42 gripper.pos=+1.18
DEBUG 2026-08-19 04:25:23 [action #175] t=7.43s step=174 queue=1 dmax=1.405 | shoulder_pan.pos=-39.78 shoulder_lift.pos=-66.08 elbow_flex.pos=+64.13 wrist_flex.pos=+50.91 wrist_roll.pos=-1.52 gripper.pos=+0.98
DEBUG 2026-08-19 04:25:23 [chunk] received 50 actions, timesteps 149..198 | first: shoulder_pan.pos=-40.49 shoulder_lift.pos=-99.17 elbow_flex.pos=+84.78 wrist_flex.pos=+54.39 wrist_roll.pos=-0.56 gripper.pos=+0.87 | last: shoulder_pan.pos=-39.90 shoulder_lift.pos=-30.10 elbow_flex.pos=+28.97 wrist_flex.pos=+58.95 wrist_roll.pos=-0.12 gripper.pos=+9.87
DEBUG 2026-08-19 04:25:23 [action #176] t=7.50s step=175 queue=24 dmax=6.811 | shoulder_pan.pos=-41.33 shoulder_lift.pos=-63.00 elbow_flex.pos=+57.32 wrist_flex.pos=+55.75 wrist_roll.pos=-2.29 gripper.pos=+0.53
DEBUG 2026-08-19 04:25:23 [action #177] t=7.53s step=176 queue=23 dmax=1.688 | shoulder_pan.pos=-40.95 shoulder_lift.pos=-61.40 elbow_flex.pos=+55.63 wrist_flex.pos=+55.91 wrist_roll.pos=-2.39 gripper.pos=+0.54
DEBUG 2026-08-19 04:25:23 [action #178] t=7.57s step=177 queue=22 dmax=1.715 | shoulder_pan.pos=-41.03 shoulder_lift.pos=-59.68 elbow_flex.pos=+53.93 wrist_flex.pos=+56.28 wrist_roll.pos=-2.45 gripper.pos=+0.39
DEBUG 2026-08-19 04:25:23 [action #179] t=7.60s step=178 queue=21 dmax=2.037 | shoulder_pan.pos=-41.04 shoulder_lift.pos=-57.64 elbow_flex.pos=+52.55 wrist_flex.pos=+56.57 wrist_roll.pos=-2.56 gripper.pos=+0.53
DEBUG 2026-08-19 04:25:23 [action #180] t=7.63s step=179 queue=20 dmax=1.564 | shoulder_pan.pos=-40.68 shoulder_lift.pos=-56.09 elbow_flex.pos=+50.99 wrist_flex.pos=+56.71 wrist_roll.pos=-2.45 gripper.pos=+0.53
DEBUG 2026-08-19 04:25:23 [action #181] t=7.67s step=180 queue=19 dmax=1.906 | shoulder_pan.pos=-40.47 shoulder_lift.pos=-54.18 elbow_flex.pos=+49.45 wrist_flex.pos=+56.60 wrist_roll.pos=-2.32 gripper.pos=+0.51
DEBUG 2026-08-19 04:25:23 [action #182] t=7.70s step=181 queue=18 dmax=1.201 | shoulder_pan.pos=-40.61 shoulder_lift.pos=-52.98 elbow_flex.pos=+48.69 wrist_flex.pos=+56.52 wrist_roll.pos=-2.34 gripper.pos=+0.57
DEBUG 2026-08-19 04:25:23 [action #183] t=7.74s step=182 queue=17 dmax=1.692 | shoulder_pan.pos=-40.06 shoulder_lift.pos=-51.29 elbow_flex.pos=+47.72 wrist_flex.pos=+56.67 wrist_roll.pos=-2.29 gripper.pos=+0.49
DEBUG 2026-08-19 04:25:23 [action #184] t=7.77s step=183 queue=16 dmax=1.823 | shoulder_pan.pos=-39.87 shoulder_lift.pos=-49.66 elbow_flex.pos=+45.89 wrist_flex.pos=+56.40 wrist_roll.pos=-2.36 gripper.pos=+0.39
DEBUG 2026-08-19 04:25:23 [action #185] t=7.80s step=184 queue=15 dmax=1.455 | shoulder_pan.pos=-39.80 shoulder_lift.pos=-48.21 elbow_flex.pos=+44.54 wrist_flex.pos=+56.31 wrist_roll.pos=-2.24 gripper.pos=+0.47
DEBUG 2026-08-19 04:25:23 [action #186] t=7.84s step=185 queue=14 dmax=1.646 | shoulder_pan.pos=-39.62 shoulder_lift.pos=-46.56 elbow_flex.pos=+43.09 wrist_flex.pos=+56.47 wrist_roll.pos=-2.28 gripper.pos=+0.41
DEBUG 2026-08-19 04:25:23 [action #187] t=7.87s step=186 queue=13 dmax=1.612 | shoulder_pan.pos=-39.49 shoulder_lift.pos=-45.20 elbow_flex.pos=+41.47 wrist_flex.pos=+56.60 wrist_roll.pos=-2.33 gripper.pos=+0.45
DEBUG 2026-08-19 04:25:23 [action #188] t=7.90s step=187 queue=12 dmax=1.745 | shoulder_pan.pos=-39.39 shoulder_lift.pos=-43.45 elbow_flex.pos=+40.70 wrist_flex.pos=+56.59 wrist_roll.pos=-2.30 gripper.pos=+0.44
DEBUG 2026-08-19 04:25:23 [action #189] t=7.94s step=188 queue=11 dmax=1.318 | shoulder_pan.pos=-39.26 shoulder_lift.pos=-42.13 elbow_flex.pos=+39.63 wrist_flex.pos=+56.69 wrist_roll.pos=-2.21 gripper.pos=+0.56
DEBUG 2026-08-19 04:25:23 [action #190] t=7.97s step=189 queue=10 dmax=1.551 | shoulder_pan.pos=-39.22 shoulder_lift.pos=-40.88 elbow_flex.pos=+38.08 wrist_flex.pos=+56.79 wrist_roll.pos=-2.27 gripper.pos=+0.32
DEBUG 2026-08-19 04:25:24 [action #191] t=8.00s step=190 queue=9 dmax=1.319 | shoulder_pan.pos=-39.68 shoulder_lift.pos=-39.56 elbow_flex.pos=+37.60 wrist_flex.pos=+56.71 wrist_roll.pos=-2.12 gripper.pos=+0.28
DEBUG 2026-08-19 04:25:24 [action #192] t=8.04s step=191 queue=8 dmax=1.254 | shoulder_pan.pos=-39.54 shoulder_lift.pos=-38.30 elbow_flex.pos=+36.71 wrist_flex.pos=+56.83 wrist_roll.pos=-2.28 gripper.pos=+0.37
DEBUG 2026-08-19 04:25:24 [action #193] t=8.07s step=192 queue=7 dmax=1.421 | shoulder_pan.pos=-39.66 shoulder_lift.pos=-36.88 elbow_flex.pos=+36.17 wrist_flex.pos=+56.87 wrist_roll.pos=-2.15 gripper.pos=+0.32
DEBUG 2026-08-19 04:25:24 [action #194] t=8.10s step=193 queue=6 dmax=1.835 | shoulder_pan.pos=-39.53 shoulder_lift.pos=-35.63 elbow_flex.pos=+34.34 wrist_flex.pos=+56.65 wrist_roll.pos=-2.07 gripper.pos=+0.50
DEBUG 2026-08-19 04:25:24 [action #195] t=8.14s step=194 queue=5 dmax=1.305 | shoulder_pan.pos=-39.47 shoulder_lift.pos=-34.60 elbow_flex.pos=+33.03 wrist_flex.pos=+57.21 wrist_roll.pos=-1.54 gripper.pos=+0.89
DEBUG 2026-08-19 04:25:24 [action #196] t=8.17s step=195 queue=4 dmax=1.739 | shoulder_pan.pos=-39.68 shoulder_lift.pos=-33.43 elbow_flex.pos=+31.29 wrist_flex.pos=+57.45 wrist_roll.pos=-1.00 gripper.pos=+2.21
DEBUG 2026-08-19 04:25:24 [chunk] received 50 actions, timesteps 174..223 | first: shoulder_pan.pos=-40.61 shoulder_lift.pos=-66.53 elbow_flex.pos=+65.68 wrist_flex.pos=+51.69 wrist_roll.pos=-1.53 gripper.pos=+1.36 | last: shoulder_pan.pos=-47.11 shoulder_lift.pos=-15.94 elbow_flex.pos=+26.68 wrist_flex.pos=+58.01 wrist_roll.pos=+1.15 gripper.pos=+34.30
DEBUG 2026-08-19 04:25:24 [action #197] t=8.20s step=196 queue=28 dmax=4.271 | shoulder_pan.pos=-42.36 shoulder_lift.pos=-34.61 elbow_flex.pos=+35.57 wrist_flex.pos=+57.64 wrist_roll.pos=-2.05 gripper.pos=+2.47
DEBUG 2026-08-19 04:25:24 [action #198] t=8.24s step=197 queue=27 dmax=1.361 | shoulder_pan.pos=-42.15 shoulder_lift.pos=-33.25 elbow_flex.pos=+34.39 wrist_flex.pos=+57.96 wrist_roll.pos=-1.85 gripper.pos=+3.15
DEBUG 2026-08-19 04:25:24 [action #199] t=8.27s step=198 queue=26 dmax=0.917 | shoulder_pan.pos=-42.52 shoulder_lift.pos=-32.49 elbow_flex.pos=+33.73 wrist_flex.pos=+58.07 wrist_roll.pos=-1.85 gripper.pos=+4.07
DEBUG 2026-08-19 04:25:24 [action #200] t=8.30s step=199 queue=25 dmax=2.399 | shoulder_pan.pos=-43.65 shoulder_lift.pos=-32.37 elbow_flex.pos=+34.32 wrist_flex.pos=+57.59 wrist_roll.pos=-2.37 gripper.pos=+1.67
DEBUG 2026-08-19 04:25:24 [action #201] t=8.34s step=200 queue=24 dmax=1.315 | shoulder_pan.pos=-43.65 shoulder_lift.pos=-31.06 elbow_flex.pos=+34.21 wrist_flex.pos=+57.75 wrist_roll.pos=-2.47 gripper.pos=+1.54
DEBUG 2026-08-19 04:25:24 [action #202] t=8.37s step=201 queue=23 dmax=0.851 | shoulder_pan.pos=-43.56 shoulder_lift.pos=-31.21 elbow_flex.pos=+33.36 wrist_flex.pos=+57.78 wrist_roll.pos=-2.52 gripper.pos=+2.04
DEBUG 2026-08-19 04:25:24 [action #203] t=8.41s step=202 queue=22 dmax=0.995 | shoulder_pan.pos=-43.63 shoulder_lift.pos=-30.22 elbow_flex.pos=+32.40 wrist_flex.pos=+57.95 wrist_roll.pos=-2.49 gripper.pos=+2.73
DEBUG 2026-08-19 04:25:24 [action #204] t=8.44s step=203 queue=21 dmax=1.474 | shoulder_pan.pos=-43.77 shoulder_lift.pos=-29.23 elbow_flex.pos=+31.82 wrist_flex.pos=+58.22 wrist_roll.pos=-2.31 gripper.pos=+4.21
DEBUG 2026-08-19 04:25:24 [action #205] t=8.47s step=204 queue=20 dmax=1.574 | shoulder_pan.pos=-43.94 shoulder_lift.pos=-28.84 elbow_flex.pos=+31.19 wrist_flex.pos=+58.75 wrist_roll.pos=-2.28 gripper.pos=+5.78
DEBUG 2026-08-19 04:25:24 [action #206] t=8.51s step=205 queue=19 dmax=2.302 | shoulder_pan.pos=-44.06 shoulder_lift.pos=-27.77 elbow_flex.pos=+30.69 wrist_flex.pos=+59.25 wrist_roll.pos=-2.17 gripper.pos=+8.08
DEBUG 2026-08-19 04:25:24 [action #207] t=8.54s step=206 queue=18 dmax=2.603 | shoulder_pan.pos=-44.18 shoulder_lift.pos=-27.22 elbow_flex.pos=+29.73 wrist_flex.pos=+59.65 wrist_roll.pos=-2.26 gripper.pos=+10.69
DEBUG 2026-08-19 04:25:24 [action #208] t=8.57s step=207 queue=17 dmax=3.001 | shoulder_pan.pos=-44.23 shoulder_lift.pos=-26.72 elbow_flex.pos=+29.38 wrist_flex.pos=+59.92 wrist_roll.pos=-2.15 gripper.pos=+13.69
DEBUG 2026-08-19 04:25:24 [action #209] t=8.61s step=208 queue=16 dmax=3.045 | shoulder_pan.pos=-44.62 shoulder_lift.pos=-26.10 elbow_flex.pos=+29.78 wrist_flex.pos=+59.88 wrist_roll.pos=-1.96 gripper.pos=+16.73
DEBUG 2026-08-19 04:25:24 [action #210] t=8.64s step=209 queue=15 dmax=3.130 | shoulder_pan.pos=-44.71 shoulder_lift.pos=-26.23 elbow_flex.pos=+28.83 wrist_flex.pos=+59.92 wrist_roll.pos=-1.97 gripper.pos=+19.86
DEBUG 2026-08-19 04:25:24 [action #211] t=8.67s step=210 queue=14 dmax=3.038 | shoulder_pan.pos=-44.89 shoulder_lift.pos=-25.62 elbow_flex.pos=+29.07 wrist_flex.pos=+59.74 wrist_roll.pos=-1.78 gripper.pos=+22.90
DEBUG 2026-08-19 04:25:24 [action #212] t=8.71s step=211 queue=13 dmax=2.949 | shoulder_pan.pos=-45.25 shoulder_lift.pos=-25.46 elbow_flex.pos=+29.05 wrist_flex.pos=+59.58 wrist_roll.pos=-1.84 gripper.pos=+25.85
DEBUG 2026-08-19 04:25:24 [action #213] t=8.74s step=212 queue=12 dmax=2.336 | shoulder_pan.pos=-45.13 shoulder_lift.pos=-25.02 elbow_flex.pos=+28.18 wrist_flex.pos=+59.67 wrist_roll.pos=-1.43 gripper.pos=+28.19
DEBUG 2026-08-19 04:25:24 [action #214] t=8.77s step=213 queue=11 dmax=1.718 | shoulder_pan.pos=-45.46 shoulder_lift.pos=-24.01 elbow_flex.pos=+28.99 wrist_flex.pos=+59.43 wrist_roll.pos=-1.19 gripper.pos=+29.90
DEBUG 2026-08-19 04:25:24 [action #215] t=8.81s step=214 queue=10 dmax=0.950 | shoulder_pan.pos=-45.40 shoulder_lift.pos=-23.27 elbow_flex.pos=+28.06 wrist_flex.pos=+59.34 wrist_roll.pos=-0.90 gripper.pos=+30.85
DEBUG 2026-08-19 04:25:24 [action #216] t=8.84s step=215 queue=9 dmax=0.701 | shoulder_pan.pos=-45.93 shoulder_lift.pos=-22.72 elbow_flex.pos=+27.91 wrist_flex.pos=+59.34 wrist_roll.pos=-0.61 gripper.pos=+31.55
DEBUG 2026-08-19 04:25:24 [action #217] t=8.87s step=216 queue=8 dmax=0.423 | shoulder_pan.pos=-45.81 shoulder_lift.pos=-22.33 elbow_flex.pos=+27.92 wrist_flex.pos=+59.30 wrist_roll.pos=-0.26 gripper.pos=+31.98
DEBUG 2026-08-19 04:25:24 [action #218] t=8.91s step=217 queue=7 dmax=0.649 | shoulder_pan.pos=-46.17 shoulder_lift.pos=-21.68 elbow_flex.pos=+27.81 wrist_flex.pos=+58.97 wrist_roll.pos=+0.11 gripper.pos=+32.14
DEBUG 2026-08-19 04:25:24 [chunk] received 50 actions, timesteps 194..243 | first: shoulder_pan.pos=-39.52 shoulder_lift.pos=-35.00 elbow_flex.pos=+37.72 wrist_flex.pos=+57.98 wrist_roll.pos=-2.23 gripper.pos=+1.81 | last: shoulder_pan.pos=-40.93 shoulder_lift.pos=-1.43 elbow_flex.pos=+19.58 wrist_flex.pos=+60.89 wrist_roll.pos=+4.45 gripper.pos=+37.64
DEBUG 2026-08-19 04:25:24 [action #219] t=8.94s step=218 queue=26 dmax=6.043 | shoulder_pan.pos=-42.11 shoulder_lift.pos=-22.29 elbow_flex.pos=+27.76 wrist_flex.pos=+65.01 wrist_roll.pos=+2.46 gripper.pos=+34.52
DEBUG 2026-08-19 04:25:24 [action #220] t=8.97s step=219 queue=25 dmax=0.309 | shoulder_pan.pos=-42.26 shoulder_lift.pos=-22.34 elbow_flex.pos=+27.76 wrist_flex.pos=+64.70 wrist_roll.pos=+2.64 gripper.pos=+34.76
DEBUG 2026-08-19 04:25:25 [action #221] t=9.01s step=220 queue=24 dmax=0.849 | shoulder_pan.pos=-42.27 shoulder_lift.pos=-21.49 elbow_flex.pos=+27.82 wrist_flex.pos=+64.23 wrist_roll.pos=+2.73 gripper.pos=+35.19
DEBUG 2026-08-19 04:25:25 [action #222] t=9.04s step=221 queue=23 dmax=1.083 | shoulder_pan.pos=-42.50 shoulder_lift.pos=-20.41 elbow_flex.pos=+27.10 wrist_flex.pos=+63.49 wrist_roll.pos=+2.94 gripper.pos=+35.43
DEBUG 2026-08-19 04:25:25 [action #223] t=9.07s step=222 queue=22 dmax=0.962 | shoulder_pan.pos=-42.55 shoulder_lift.pos=-19.45 elbow_flex.pos=+27.22 wrist_flex.pos=+63.21 wrist_roll.pos=+2.94 gripper.pos=+35.49
DEBUG 2026-08-19 04:25:25 [action #224] t=9.11s step=223 queue=21 dmax=0.771 | shoulder_pan.pos=-42.48 shoulder_lift.pos=-18.68 elbow_flex.pos=+26.75 wrist_flex.pos=+62.80 wrist_roll.pos=+3.25 gripper.pos=+35.52
DEBUG 2026-08-19 04:25:25 [action #225] t=9.14s step=224 queue=20 dmax=1.814 | shoulder_pan.pos=-40.83 shoulder_lift.pos=-19.10 elbow_flex.pos=+26.27 wrist_flex.pos=+64.61 wrist_roll.pos=+4.30 gripper.pos=+36.16
DEBUG 2026-08-19 04:25:25 [action #226] t=9.17s step=225 queue=19 dmax=1.247 | shoulder_pan.pos=-40.79 shoulder_lift.pos=-17.86 elbow_flex.pos=+26.68 wrist_flex.pos=+64.19 wrist_roll.pos=+4.44 gripper.pos=+36.09
DEBUG 2026-08-19 04:25:25 [action #227] t=9.21s step=226 queue=18 dmax=1.271 | shoulder_pan.pos=-40.70 shoulder_lift.pos=-16.59 elbow_flex.pos=+26.08 wrist_flex.pos=+63.69 wrist_roll.pos=+4.51 gripper.pos=+35.96
DEBUG 2026-08-19 04:25:25 [action #228] t=9.24s step=227 queue=17 dmax=1.791 | shoulder_pan.pos=-40.65 shoulder_lift.pos=-14.79 elbow_flex.pos=+25.07 wrist_flex.pos=+63.36 wrist_roll.pos=+4.56 gripper.pos=+36.18
DEBUG 2026-08-19 04:25:25 [action #229] t=9.27s step=228 queue=16 dmax=1.595 | shoulder_pan.pos=-40.56 shoulder_lift.pos=-13.20 elbow_flex.pos=+25.16 wrist_flex.pos=+63.16 wrist_roll.pos=+4.70 gripper.pos=+36.31
DEBUG 2026-08-19 04:25:25 [action #230] t=9.31s step=229 queue=15 dmax=0.527 | shoulder_pan.pos=-40.73 shoulder_lift.pos=-13.28 elbow_flex.pos=+25.26 wrist_flex.pos=+62.63 wrist_roll.pos=+4.92 gripper.pos=+36.32
DEBUG 2026-08-19 04:25:25 [action #231] t=9.34s step=230 queue=14 dmax=1.162 | shoulder_pan.pos=-40.55 shoulder_lift.pos=-12.11 elbow_flex.pos=+25.25 wrist_flex.pos=+62.24 wrist_roll.pos=+5.02 gripper.pos=+36.54
DEBUG 2026-08-19 04:25:25 [action #232] t=9.37s step=231 queue=13 dmax=1.249 | shoulder_pan.pos=-40.62 shoulder_lift.pos=-10.87 elbow_flex.pos=+24.08 wrist_flex.pos=+61.53 wrist_roll.pos=+4.85 gripper.pos=+37.08
DEBUG 2026-08-19 04:25:25 [action #233] t=9.41s step=232 queue=12 dmax=0.909 | shoulder_pan.pos=-40.62 shoulder_lift.pos=-9.96 elbow_flex.pos=+24.26 wrist_flex.pos=+61.74 wrist_roll.pos=+4.89 gripper.pos=+37.34
DEBUG 2026-08-19 04:25:25 [action #234] t=9.45s step=233 queue=11 dmax=1.212 | shoulder_pan.pos=-40.40 shoulder_lift.pos=-8.74 elbow_flex.pos=+24.06 wrist_flex.pos=+61.76 wrist_roll.pos=+4.90 gripper.pos=+37.53
DEBUG 2026-08-19 04:25:25 [action #235] t=9.48s step=234 queue=10 dmax=1.110 | shoulder_pan.pos=-40.52 shoulder_lift.pos=-7.63 elbow_flex.pos=+23.11 wrist_flex.pos=+61.62 wrist_roll.pos=+4.67 gripper.pos=+37.86
DEBUG 2026-08-19 04:25:25 [action #236] t=9.51s step=235 queue=9 dmax=0.844 | shoulder_pan.pos=-40.68 shoulder_lift.pos=-6.79 elbow_flex.pos=+23.84 wrist_flex.pos=+61.30 wrist_roll.pos=+4.81 gripper.pos=+37.80
DEBUG 2026-08-19 04:25:25 [action #237] t=9.55s step=236 queue=8 dmax=0.949 | shoulder_pan.pos=-40.60 shoulder_lift.pos=-6.41 elbow_flex.pos=+22.89 wrist_flex.pos=+61.14 wrist_roll.pos=+4.84 gripper.pos=+37.32
DEBUG 2026-08-19 04:25:25 [action #238] t=9.58s step=237 queue=7 dmax=1.568 | shoulder_pan.pos=-40.37 shoulder_lift.pos=-4.84 elbow_flex.pos=+22.84 wrist_flex.pos=+60.99 wrist_roll.pos=+4.63 gripper.pos=+37.68
DEBUG 2026-08-19 04:25:25 [action #239] t=9.61s step=238 queue=6 dmax=0.892 | shoulder_pan.pos=-40.84 shoulder_lift.pos=-5.13 elbow_flex.pos=+21.95 wrist_flex.pos=+60.90 wrist_roll.pos=+4.77 gripper.pos=+37.56
DEBUG 2026-08-19 04:25:25 [action #240] t=9.65s step=239 queue=5 dmax=0.649 | shoulder_pan.pos=-40.65 shoulder_lift.pos=-4.48 elbow_flex.pos=+21.86 wrist_flex.pos=+60.97 wrist_roll.pos=+4.76 gripper.pos=+37.48
DEBUG 2026-08-19 04:25:25 [action #241] t=9.68s step=240 queue=4 dmax=0.633 | shoulder_pan.pos=-40.77 shoulder_lift.pos=-3.85 elbow_flex.pos=+21.86 wrist_flex.pos=+60.99 wrist_roll.pos=+4.58 gripper.pos=+37.59
DEBUG 2026-08-19 04:25:25 [chunk] received 50 actions, timesteps 217..266 | first: shoulder_pan.pos=-43.00 shoulder_lift.pos=-21.02 elbow_flex.pos=+26.74 wrist_flex.pos=+61.00 wrist_roll.pos=+0.42 gripper.pos=+31.84 | last: shoulder_pan.pos=-41.61 shoulder_lift.pos=+18.13 elbow_flex.pos=+1.77 wrist_flex.pos=+64.19 wrist_roll.pos=+0.26 gripper.pos=+9.75
DEBUG 2026-08-19 04:25:25 [action #242] t=9.71s step=241 queue=26 dmax=6.070 | shoulder_pan.pos=-41.75 shoulder_lift.pos=+2.22 elbow_flex.pos=+16.23 wrist_flex.pos=+60.35 wrist_roll.pos=+3.05 gripper.pos=+38.26
DEBUG 2026-08-19 04:25:25 [action #243] t=9.75s step=242 queue=25 dmax=0.631 | shoulder_pan.pos=-41.68 shoulder_lift.pos=+2.85 elbow_flex.pos=+15.60 wrist_flex.pos=+60.28 wrist_roll.pos=+2.84 gripper.pos=+38.22
DEBUG 2026-08-19 04:25:25 [action #244] t=9.78s step=243 queue=24 dmax=1.807 | shoulder_pan.pos=-41.93 shoulder_lift.pos=+4.66 elbow_flex.pos=+14.62 wrist_flex.pos=+60.18 wrist_roll.pos=+2.64 gripper.pos=+38.09
DEBUG 2026-08-19 04:25:25 [action #245] t=9.81s step=244 queue=23 dmax=3.068 | shoulder_pan.pos=-42.51 shoulder_lift.pos=+7.72 elbow_flex.pos=+11.60 wrist_flex.pos=+60.16 wrist_roll.pos=+1.87 gripper.pos=+38.26
DEBUG 2026-08-19 04:25:25 [action #246] t=9.85s step=245 queue=22 dmax=1.922 | shoulder_pan.pos=-42.50 shoulder_lift.pos=+9.65 elbow_flex.pos=+10.79 wrist_flex.pos=+60.16 wrist_roll.pos=+1.78 gripper.pos=+38.04
DEBUG 2026-08-19 04:25:25 [action #247] t=9.88s step=246 queue=21 dmax=0.797 | shoulder_pan.pos=-42.65 shoulder_lift.pos=+10.44 elbow_flex.pos=+10.22 wrist_flex.pos=+60.28 wrist_roll.pos=+1.76 gripper.pos=+37.86
DEBUG 2026-08-19 04:25:25 [action #248] t=9.91s step=247 queue=20 dmax=1.195 | shoulder_pan.pos=-42.45 shoulder_lift.pos=+11.29 elbow_flex.pos=+9.02 wrist_flex.pos=+60.13 wrist_roll.pos=+1.54 gripper.pos=+37.98
DEBUG 2026-08-19 04:25:25 [action #249] t=9.95s step=248 queue=19 dmax=1.758 | shoulder_pan.pos=-42.74 shoulder_lift.pos=+13.05 elbow_flex.pos=+8.39 wrist_flex.pos=+60.32 wrist_roll.pos=+1.53 gripper.pos=+38.02
DEBUG 2026-08-19 04:25:25 [action #250] t=9.98s step=249 queue=18 dmax=1.142 | shoulder_pan.pos=-42.62 shoulder_lift.pos=+14.10 elbow_flex.pos=+7.25 wrist_flex.pos=+60.02 wrist_roll.pos=+1.34 gripper.pos=+37.83
DEBUG 2026-08-19 04:25:26 [action #251] t=10.02s step=250 queue=17 dmax=0.986 | shoulder_pan.pos=-42.48 shoulder_lift.pos=+14.66 elbow_flex.pos=+6.26 wrist_flex.pos=+60.12 wrist_roll.pos=+1.30 gripper.pos=+37.66
DEBUG 2026-08-19 04:25:26 [action #252] t=10.05s step=251 queue=16 dmax=0.376 | shoulder_pan.pos=-42.72 shoulder_lift.pos=+14.97 elbow_flex.pos=+6.64 wrist_flex.pos=+60.45 wrist_roll.pos=+1.37 gripper.pos=+37.39
DEBUG 2026-08-19 04:25:26 [action #253] t=10.08s step=252 queue=15 dmax=1.163 | shoulder_pan.pos=-42.81 shoulder_lift.pos=+16.13 elbow_flex.pos=+6.16 wrist_flex.pos=+60.41 wrist_roll.pos=+1.30 gripper.pos=+37.15
DEBUG 2026-08-19 04:25:26 [action #254] t=10.12s step=253 queue=14 dmax=1.584 | shoulder_pan.pos=-42.38 shoulder_lift.pos=+16.87 elbow_flex.pos=+4.57 wrist_flex.pos=+60.88 wrist_roll.pos=+1.02 gripper.pos=+36.77
DEBUG 2026-08-19 04:25:26 [action #255] t=10.15s step=254 queue=13 dmax=0.679 | shoulder_pan.pos=-42.59 shoulder_lift.pos=+17.47 elbow_flex.pos=+4.68 wrist_flex.pos=+60.87 wrist_roll.pos=+1.04 gripper.pos=+36.09
DEBUG 2026-08-19 04:25:26 [action #256] t=10.18s step=255 queue=12 dmax=1.619 | shoulder_pan.pos=-42.12 shoulder_lift.pos=+19.09 elbow_flex.pos=+3.86 wrist_flex.pos=+61.25 wrist_roll.pos=+0.87 gripper.pos=+35.00
DEBUG 2026-08-19 04:25:26 [action #257] t=10.22s step=256 queue=11 dmax=1.583 | shoulder_pan.pos=-42.09 shoulder_lift.pos=+18.31 elbow_flex.pos=+3.06 wrist_flex.pos=+61.40 wrist_roll.pos=+0.87 gripper.pos=+33.41
DEBUG 2026-08-19 04:25:26 [action #258] t=10.25s step=257 queue=10 dmax=2.090 | shoulder_pan.pos=-42.42 shoulder_lift.pos=+18.82 elbow_flex.pos=+2.57 wrist_flex.pos=+61.79 wrist_roll.pos=+0.78 gripper.pos=+31.32
DEBUG 2026-08-19 04:25:26 [action #259] t=10.28s step=258 queue=9 dmax=2.655 | shoulder_pan.pos=-42.10 shoulder_lift.pos=+18.99 elbow_flex.pos=+1.37 wrist_flex.pos=+61.98 wrist_roll.pos=+0.74 gripper.pos=+28.67
DEBUG 2026-08-19 04:25:26 [action #260] t=10.32s step=259 queue=8 dmax=3.429 | shoulder_pan.pos=-42.17 shoulder_lift.pos=+19.32 elbow_flex.pos=+1.80 wrist_flex.pos=+61.82 wrist_roll.pos=+0.69 gripper.pos=+25.24
DEBUG 2026-08-19 04:25:26 [action #261] t=10.35s step=260 queue=7 dmax=3.230 | shoulder_pan.pos=-42.03 shoulder_lift.pos=+18.75 elbow_flex.pos=+1.16 wrist_flex.pos=+62.15 wrist_roll.pos=+0.68 gripper.pos=+22.01
DEBUG 2026-08-19 04:25:26 [action #262] t=10.38s step=261 queue=6 dmax=3.344 | shoulder_pan.pos=-41.77 shoulder_lift.pos=+18.80 elbow_flex.pos=+2.02 wrist_flex.pos=+62.62 wrist_roll.pos=+0.91 gripper.pos=+18.67
DEBUG 2026-08-19 04:25:26 [action #263] t=10.42s step=262 queue=5 dmax=3.156 | shoulder_pan.pos=-41.84 shoulder_lift.pos=+18.58 elbow_flex.pos=+0.97 wrist_flex.pos=+62.73 wrist_roll.pos=+0.80 gripper.pos=+15.51
DEBUG 2026-08-19 04:25:26 [action #264] t=10.45s step=263 queue=4 dmax=2.676 | shoulder_pan.pos=-41.83 shoulder_lift.pos=+18.43 elbow_flex.pos=+1.78 wrist_flex.pos=+63.03 wrist_roll.pos=+0.71 gripper.pos=+12.83
DEBUG 2026-08-19 04:25:26 [chunk] received 50 actions, timesteps 240..289 | first: shoulder_pan.pos=-42.93 shoulder_lift.pos=-0.84 elbow_flex.pos=+18.61 wrist_flex.pos=+60.37 wrist_roll.pos=+5.39 gripper.pos=+39.08 | last: shoulder_pan.pos=-40.74 shoulder_lift.pos=+3.46 elbow_flex.pos=-10.39 wrist_flex.pos=+79.70 wrist_roll.pos=-4.90 gripper.pos=+7.74
DEBUG 2026-08-19 04:25:26 [action #265] t=10.48s step=264 queue=26 dmax=2.706 | shoulder_pan.pos=-42.45 shoulder_lift.pos=+18.72 elbow_flex.pos=+4.08 wrist_flex.pos=+62.52 wrist_roll.pos=+3.42 gripper.pos=+11.14
DEBUG 2026-08-19 04:25:26 [action #266] t=10.52s step=265 queue=25 dmax=1.061 | shoulder_pan.pos=-42.61 shoulder_lift.pos=+18.97 elbow_flex.pos=+4.25 wrist_flex.pos=+62.81 wrist_roll.pos=+3.16 gripper.pos=+10.08
DEBUG 2026-08-19 04:25:26 [action #267] t=10.55s step=266 queue=24 dmax=0.505 | shoulder_pan.pos=-42.25 shoulder_lift.pos=+19.13 elbow_flex.pos=+3.88 wrist_flex.pos=+63.31 wrist_roll.pos=+2.68 gripper.pos=+9.61
DEBUG 2026-08-19 04:25:26 [action #268] t=10.58s step=267 queue=23 dmax=0.458 | shoulder_pan.pos=-42.43 shoulder_lift.pos=+18.79 elbow_flex.pos=+3.89 wrist_flex.pos=+63.08 wrist_roll.pos=+3.14 gripper.pos=+9.28
DEBUG 2026-08-19 04:25:26 [action #269] t=10.62s step=268 queue=22 dmax=1.149 | shoulder_pan.pos=-42.47 shoulder_lift.pos=+19.94 elbow_flex.pos=+3.83 wrist_flex.pos=+63.28 wrist_roll.pos=+2.74 gripper.pos=+8.88
DEBUG 2026-08-19 04:25:26 [action #270] t=10.65s step=269 queue=21 dmax=1.351 | shoulder_pan.pos=-42.06 shoulder_lift.pos=+18.59 elbow_flex.pos=+3.31 wrist_flex.pos=+63.79 wrist_roll.pos=+2.15 gripper.pos=+8.80
DEBUG 2026-08-19 04:25:26 [action #271] t=10.68s step=270 queue=20 dmax=0.866 | shoulder_pan.pos=-42.18 shoulder_lift.pos=+18.80 elbow_flex.pos=+2.44 wrist_flex.pos=+64.11 wrist_roll.pos=+1.65 gripper.pos=+8.58
DEBUG 2026-08-19 04:25:26 [action #272] t=10.72s step=271 queue=19 dmax=0.473 | shoulder_pan.pos=-41.97 shoulder_lift.pos=+19.06 elbow_flex.pos=+1.97 wrist_flex.pos=+64.30 wrist_roll.pos=+1.22 gripper.pos=+8.47
DEBUG 2026-08-19 04:25:26 [action #273] t=10.75s step=272 queue=18 dmax=0.514 | shoulder_pan.pos=-42.03 shoulder_lift.pos=+19.33 elbow_flex.pos=+1.96 wrist_flex.pos=+64.55 wrist_roll.pos=+0.70 gripper.pos=+8.39
DEBUG 2026-08-19 04:25:26 [action #274] t=10.78s step=273 queue=17 dmax=0.854 | shoulder_pan.pos=-41.92 shoulder_lift.pos=+18.95 elbow_flex.pos=+1.11 wrist_flex.pos=+65.04 wrist_roll.pos=+0.16 gripper.pos=+8.27
DEBUG 2026-08-19 04:25:26 [action #275] t=10.82s step=274 queue=16 dmax=0.563 | shoulder_pan.pos=-41.89 shoulder_lift.pos=+18.59 elbow_flex.pos=+0.55 wrist_flex.pos=+65.59 wrist_roll.pos=-0.35 gripper.pos=+8.22
DEBUG 2026-08-19 04:25:26 [action #276] t=10.85s step=275 queue=15 dmax=1.037 | shoulder_pan.pos=-41.45 shoulder_lift.pos=+17.55 elbow_flex.pos=-0.38 wrist_flex.pos=+66.48 wrist_roll.pos=-0.84 gripper.pos=+8.21
DEBUG 2026-08-19 04:25:26 [action #277] t=10.88s step=276 queue=14 dmax=0.643 | shoulder_pan.pos=-41.50 shoulder_lift.pos=+17.74 elbow_flex.pos=-1.02 wrist_flex.pos=+66.98 wrist_roll.pos=-1.16 gripper.pos=+8.03
DEBUG 2026-08-19 04:25:26 [action #278] t=10.92s step=277 queue=13 dmax=0.914 | shoulder_pan.pos=-41.62 shoulder_lift.pos=+17.09 elbow_flex.pos=-1.69 wrist_flex.pos=+67.89 wrist_roll.pos=-1.43 gripper.pos=+8.05
DEBUG 2026-08-19 04:25:26 [action #279] t=10.95s step=278 queue=12 dmax=0.948 | shoulder_pan.pos=-41.72 shoulder_lift.pos=+16.18 elbow_flex.pos=-2.09 wrist_flex.pos=+68.84 wrist_roll.pos=-1.64 gripper.pos=+8.04
DEBUG 2026-08-19 04:25:26 [action #280] t=10.98s step=279 queue=11 dmax=1.325 | shoulder_pan.pos=-41.20 shoulder_lift.pos=+15.12 elbow_flex.pos=-3.41 wrist_flex.pos=+69.68 wrist_roll.pos=-1.76 gripper.pos=+8.06
DEBUG 2026-08-19 04:25:27 [action #281] t=11.02s step=280 queue=10 dmax=1.047 | shoulder_pan.pos=-41.56 shoulder_lift.pos=+14.63 elbow_flex.pos=-3.91 wrist_flex.pos=+70.73 wrist_roll.pos=-2.01 gripper.pos=+7.98
DEBUG 2026-08-19 04:25:27 [action #282] t=11.05s step=281 queue=9 dmax=1.165 | shoulder_pan.pos=-41.37 shoulder_lift.pos=+13.89 elbow_flex.pos=-4.67 wrist_flex.pos=+71.89 wrist_roll.pos=-2.31 gripper.pos=+7.88
DEBUG 2026-08-19 04:25:27 [action #283] t=11.09s step=282 queue=8 dmax=1.201 | shoulder_pan.pos=-41.64 shoulder_lift.pos=+12.86 elbow_flex.pos=-5.35 wrist_flex.pos=+73.09 wrist_roll.pos=-2.58 gripper.pos=+7.90
DEBUG 2026-08-19 04:25:27 [action #284] t=11.12s step=283 queue=7 dmax=1.229 | shoulder_pan.pos=-41.87 shoulder_lift.pos=+11.63 elbow_flex.pos=-6.11 wrist_flex.pos=+74.15 wrist_roll.pos=-2.89 gripper.pos=+7.92
DEBUG 2026-08-19 04:25:27 [action #285] t=11.15s step=284 queue=6 dmax=2.033 | shoulder_pan.pos=-41.43 shoulder_lift.pos=+9.59 elbow_flex.pos=-6.95 wrist_flex.pos=+75.03 wrist_roll.pos=-3.24 gripper.pos=+7.88
DEBUG 2026-08-19 04:25:27 [action #286] t=11.19s step=285 queue=5 dmax=0.993 | shoulder_pan.pos=-41.34 shoulder_lift.pos=+8.68 elbow_flex.pos=-7.56 wrist_flex.pos=+76.03 wrist_roll.pos=-3.60 gripper.pos=+7.89
DEBUG 2026-08-19 04:25:27 [action #287] t=11.22s step=286 queue=4 dmax=1.059 | shoulder_pan.pos=-41.24 shoulder_lift.pos=+7.62 elbow_flex.pos=-8.49 wrist_flex.pos=+76.80 wrist_roll.pos=-4.03 gripper.pos=+7.97
DEBUG 2026-08-19 04:25:27 [action #288] t=11.25s step=287 queue=3 dmax=1.759 | shoulder_pan.pos=-40.90 shoulder_lift.pos=+5.86 elbow_flex.pos=-9.10 wrist_flex.pos=+77.87 wrist_roll.pos=-4.47 gripper.pos=+7.83
DEBUG 2026-08-19 04:25:27 [action #289] t=11.29s step=288 queue=2 dmax=1.243 | shoulder_pan.pos=-41.01 shoulder_lift.pos=+4.62 elbow_flex.pos=-10.21 wrist_flex.pos=+78.97 wrist_roll.pos=-4.59 gripper.pos=+7.83
DEBUG 2026-08-19 04:25:27 [chunk] received 50 actions, timesteps 262..311 | first: shoulder_pan.pos=-37.96 shoulder_lift.pos=+22.00 elbow_flex.pos=+0.71 wrist_flex.pos=+63.00 wrist_roll.pos=+0.26 gripper.pos=+16.31 | last: shoulder_pan.pos=+2.31 shoulder_lift.pos=-15.54 elbow_flex.pos=-8.88 wrist_flex.pos=+79.82 wrist_roll.pos=-9.30 gripper.pos=+8.67
DEBUG 2026-08-19 04:25:27 [action #290] t=11.32s step=289 queue=23 dmax=10.854 | shoulder_pan.pos=-36.31 shoulder_lift.pos=-6.23 elbow_flex.pos=-4.52 wrist_flex.pos=+75.62 wrist_roll.pos=-5.09 gripper.pos=+8.21
DEBUG 2026-08-19 04:25:27 [action #291] t=11.35s step=290 queue=22 dmax=4.793 | shoulder_pan.pos=-33.08 shoulder_lift.pos=-11.03 elbow_flex.pos=-2.71 wrist_flex.pos=+74.12 wrist_roll.pos=-5.25 gripper.pos=+8.49
DEBUG 2026-08-19 04:25:27 [action #292] t=11.39s step=291 queue=21 dmax=1.543 | shoulder_pan.pos=-31.54 shoulder_lift.pos=-11.56 elbow_flex.pos=-3.06 wrist_flex.pos=+74.43 wrist_roll.pos=-5.44 gripper.pos=+8.52
DEBUG 2026-08-19 04:25:27 [action #293] t=11.42s step=292 queue=20 dmax=1.579 | shoulder_pan.pos=-29.96 shoulder_lift.pos=-11.81 elbow_flex.pos=-3.73 wrist_flex.pos=+74.76 wrist_roll.pos=-5.50 gripper.pos=+8.53
DEBUG 2026-08-19 04:25:27 [action #294] t=11.45s step=293 queue=19 dmax=1.634 | shoulder_pan.pos=-28.33 shoulder_lift.pos=-12.80 elbow_flex.pos=-4.13 wrist_flex.pos=+75.15 wrist_roll.pos=-5.67 gripper.pos=+8.50
DEBUG 2026-08-19 04:25:27 [action #295] t=11.49s step=294 queue=18 dmax=1.848 | shoulder_pan.pos=-26.48 shoulder_lift.pos=-12.66 elbow_flex.pos=-4.65 wrist_flex.pos=+75.37 wrist_roll.pos=-5.82 gripper.pos=+8.59
DEBUG 2026-08-19 04:25:27 [action #296] t=11.52s step=295 queue=17 dmax=1.974 | shoulder_pan.pos=-24.50 shoulder_lift.pos=-12.76 elbow_flex.pos=-5.53 wrist_flex.pos=+75.77 wrist_roll.pos=-5.99 gripper.pos=+8.59
DEBUG 2026-08-19 04:25:27 [action #297] t=11.55s step=296 queue=16 dmax=1.980 | shoulder_pan.pos=-22.52 shoulder_lift.pos=-13.19 elbow_flex.pos=-6.20 wrist_flex.pos=+76.20 wrist_roll.pos=-6.22 gripper.pos=+8.58
DEBUG 2026-08-19 04:25:27 [action #298] t=11.59s step=297 queue=15 dmax=1.634 | shoulder_pan.pos=-20.89 shoulder_lift.pos=-13.06 elbow_flex.pos=-6.46 wrist_flex.pos=+76.63 wrist_roll.pos=-6.36 gripper.pos=+8.57
DEBUG 2026-08-19 04:25:27 [action #299] t=11.62s step=298 queue=14 dmax=2.160 | shoulder_pan.pos=-18.73 shoulder_lift.pos=-13.68 elbow_flex.pos=-6.88 wrist_flex.pos=+77.01 wrist_roll.pos=-6.59 gripper.pos=+8.48
DEBUG 2026-08-19 04:25:27 [action #300] t=11.65s step=299 queue=13 dmax=2.043 | shoulder_pan.pos=-16.69 shoulder_lift.pos=-13.42 elbow_flex.pos=-7.46 wrist_flex.pos=+77.36 wrist_roll.pos=-6.67 gripper.pos=+8.56
DEBUG 2026-08-19 04:25:27 [action #301] t=11.69s step=300 queue=12 dmax=1.569 | shoulder_pan.pos=-15.12 shoulder_lift.pos=-13.69 elbow_flex.pos=-7.50 wrist_flex.pos=+77.71 wrist_roll.pos=-6.77 gripper.pos=+8.48
DEBUG 2026-08-19 04:25:27 [action #302] t=11.72s step=301 queue=11 dmax=2.030 | shoulder_pan.pos=-13.09 shoulder_lift.pos=-13.92 elbow_flex.pos=-7.77 wrist_flex.pos=+78.08 wrist_roll.pos=-6.99 gripper.pos=+8.48
DEBUG 2026-08-19 04:25:27 [action #303] t=11.75s step=302 queue=10 dmax=1.446 | shoulder_pan.pos=-11.64 shoulder_lift.pos=-13.94 elbow_flex.pos=-7.72 wrist_flex.pos=+78.24 wrist_roll.pos=-7.09 gripper.pos=+8.57
DEBUG 2026-08-19 04:25:27 [action #304] t=11.79s step=303 queue=9 dmax=1.894 | shoulder_pan.pos=-9.75 shoulder_lift.pos=-14.30 elbow_flex.pos=-8.04 wrist_flex.pos=+78.67 wrist_roll.pos=-7.38 gripper.pos=+8.57
DEBUG 2026-08-19 04:25:27 [action #305] t=11.82s step=304 queue=8 dmax=1.395 | shoulder_pan.pos=-8.35 shoulder_lift.pos=-14.43 elbow_flex.pos=-8.19 wrist_flex.pos=+78.83 wrist_roll.pos=-7.52 gripper.pos=+8.66
DEBUG 2026-08-19 04:25:27 [action #306] t=11.85s step=305 queue=7 dmax=1.890 | shoulder_pan.pos=-6.46 shoulder_lift.pos=-14.41 elbow_flex.pos=-8.45 wrist_flex.pos=+79.03 wrist_roll.pos=-7.67 gripper.pos=+8.61
DEBUG 2026-08-19 04:25:27 [action #307] t=11.89s step=306 queue=6 dmax=1.306 | shoulder_pan.pos=-5.16 shoulder_lift.pos=-14.25 elbow_flex.pos=-8.36 wrist_flex.pos=+79.28 wrist_roll.pos=-7.73 gripper.pos=+8.64
DEBUG 2026-08-19 04:25:27 [action #308] t=11.92s step=307 queue=5 dmax=1.747 | shoulder_pan.pos=-3.41 shoulder_lift.pos=-14.73 elbow_flex.pos=-8.33 wrist_flex.pos=+79.33 wrist_roll.pos=-8.01 gripper.pos=+8.66
DEBUG 2026-08-19 04:25:27 [action #309] t=11.95s step=308 queue=4 dmax=1.368 | shoulder_pan.pos=-2.04 shoulder_lift.pos=-15.03 elbow_flex.pos=-7.96 wrist_flex.pos=+79.47 wrist_roll.pos=-8.26 gripper.pos=+8.67
DEBUG 2026-08-19 04:25:27 [action #310] t=11.99s step=309 queue=3 dmax=1.824 | shoulder_pan.pos=-0.22 shoulder_lift.pos=-14.83 elbow_flex.pos=-8.42 wrist_flex.pos=+79.52 wrist_roll.pos=-8.61 gripper.pos=+8.70
DEBUG 2026-08-19 04:25:28 [action #311] t=12.02s step=310 queue=2 dmax=1.457 | shoulder_pan.pos=+1.24 shoulder_lift.pos=-15.05 elbow_flex.pos=-8.58 wrist_flex.pos=+79.66 wrist_roll.pos=-8.89 gripper.pos=+8.66
DEBUG 2026-08-19 04:25:28 [chunk] received 50 actions, timesteps 288..337 | first: shoulder_pan.pos=-40.29 shoulder_lift.pos=+4.58 elbow_flex.pos=-4.78 wrist_flex.pos=+78.21 wrist_roll.pos=-5.12 gripper.pos=+7.47 | last: shoulder_pan.pos=+19.53 shoulder_lift.pos=-14.91 elbow_flex.pos=-6.37 wrist_flex.pos=+78.27 wrist_roll.pos=-11.97 gripper.pos=+10.21
DEBUG 2026-08-19 04:25:28 [action #312] t=12.06s step=311 queue=27 dmax=11.976 | shoulder_pan.pos=-10.74 shoulder_lift.pos=-18.95 elbow_flex.pos=-3.01 wrist_flex.pos=+80.06 wrist_roll.pos=-7.56 gripper.pos=+9.07
DEBUG 2026-08-19 04:25:28 [action #313] t=12.09s step=312 queue=26 dmax=3.486 | shoulder_pan.pos=-14.22 shoulder_lift.pos=-19.97 elbow_flex.pos=-1.90 wrist_flex.pos=+79.99 wrist_roll.pos=-6.74 gripper.pos=+9.41
DEBUG 2026-08-19 04:25:28 [action #314] t=12.12s step=313 queue=25 dmax=1.952 | shoulder_pan.pos=-12.27 shoulder_lift.pos=-19.69 elbow_flex.pos=-2.15 wrist_flex.pos=+79.98 wrist_roll.pos=-6.90 gripper.pos=+9.43
DEBUG 2026-08-19 04:25:28 [action #315] t=12.16s step=314 queue=24 dmax=2.257 | shoulder_pan.pos=-10.02 shoulder_lift.pos=-19.93 elbow_flex.pos=-2.67 wrist_flex.pos=+80.08 wrist_roll.pos=-6.77 gripper.pos=+9.52
DEBUG 2026-08-19 04:25:28 [action #316] t=12.19s step=315 queue=23 dmax=1.975 | shoulder_pan.pos=-8.04 shoulder_lift.pos=-19.48 elbow_flex.pos=-3.35 wrist_flex.pos=+80.08 wrist_roll.pos=-6.99 gripper.pos=+9.54
DEBUG 2026-08-19 04:25:28 [action #317] t=12.22s step=316 queue=22 dmax=1.863 | shoulder_pan.pos=-6.18 shoulder_lift.pos=-18.71 elbow_flex.pos=-3.40 wrist_flex.pos=+80.33 wrist_roll.pos=-7.00 gripper.pos=+9.66
DEBUG 2026-08-19 04:25:28 [action #318] t=12.26s step=317 queue=21 dmax=1.977 | shoulder_pan.pos=-4.20 shoulder_lift.pos=-19.15 elbow_flex.pos=-4.27 wrist_flex.pos=+80.25 wrist_roll.pos=-7.06 gripper.pos=+9.67
DEBUG 2026-08-19 04:25:28 [action #319] t=12.29s step=318 queue=20 dmax=1.731 | shoulder_pan.pos=-2.47 shoulder_lift.pos=-18.35 elbow_flex.pos=-4.64 wrist_flex.pos=+80.49 wrist_roll.pos=-7.23 gripper.pos=+9.63
DEBUG 2026-08-19 04:25:28 [action #320] t=12.32s step=319 queue=19 dmax=1.947 | shoulder_pan.pos=-0.52 shoulder_lift.pos=-18.27 elbow_flex.pos=-4.71 wrist_flex.pos=+80.56 wrist_roll.pos=-7.28 gripper.pos=+9.67
DEBUG 2026-08-19 04:25:28 [action #321] t=12.36s step=320 queue=18 dmax=1.871 | shoulder_pan.pos=+1.35 shoulder_lift.pos=-18.43 elbow_flex.pos=-5.02 wrist_flex.pos=+80.61 wrist_roll.pos=-7.16 gripper.pos=+9.59
DEBUG 2026-08-19 04:25:28 [action #322] t=12.39s step=321 queue=17 dmax=1.422 | shoulder_pan.pos=+2.77 shoulder_lift.pos=-18.04 elbow_flex.pos=-5.71 wrist_flex.pos=+80.72 wrist_roll.pos=-7.18 gripper.pos=+9.69
DEBUG 2026-08-19 04:25:28 [action #323] t=12.43s step=322 queue=16 dmax=1.632 | shoulder_pan.pos=+4.40 shoulder_lift.pos=-17.30 elbow_flex.pos=-5.70 wrist_flex.pos=+80.70 wrist_roll.pos=-7.31 gripper.pos=+9.67
DEBUG 2026-08-19 04:25:28 [action #324] t=12.46s step=323 queue=15 dmax=1.340 | shoulder_pan.pos=+5.74 shoulder_lift.pos=-16.89 elbow_flex.pos=-5.40 wrist_flex.pos=+80.94 wrist_roll.pos=-7.23 gripper.pos=+9.70
DEBUG 2026-08-19 04:25:28 [action #325] t=12.49s step=324 queue=14 dmax=1.755 | shoulder_pan.pos=+7.50 shoulder_lift.pos=-17.26 elbow_flex.pos=-5.82 wrist_flex.pos=+81.10 wrist_roll.pos=-7.40 gripper.pos=+9.69
DEBUG 2026-08-19 04:25:28 [action #326] t=12.53s step=325 queue=13 dmax=1.159 | shoulder_pan.pos=+8.66 shoulder_lift.pos=-16.51 elbow_flex.pos=-6.06 wrist_flex.pos=+81.06 wrist_roll.pos=-7.42 gripper.pos=+9.77
DEBUG 2026-08-19 04:25:28 [action #327] t=12.56s step=326 queue=12 dmax=1.046 | shoulder_pan.pos=+9.70 shoulder_lift.pos=-16.44 elbow_flex.pos=-5.80 wrist_flex.pos=+81.15 wrist_roll.pos=-7.48 gripper.pos=+9.78
DEBUG 2026-08-19 04:25:28 [action #328] t=12.59s step=327 queue=11 dmax=1.085 | shoulder_pan.pos=+10.79 shoulder_lift.pos=-16.33 elbow_flex.pos=-6.51 wrist_flex.pos=+81.11 wrist_roll.pos=-7.35 gripper.pos=+9.77
DEBUG 2026-08-19 04:25:28 [action #329] t=12.63s step=328 queue=10 dmax=1.067 | shoulder_pan.pos=+11.85 shoulder_lift.pos=-16.44 elbow_flex.pos=-6.15 wrist_flex.pos=+81.12 wrist_roll.pos=-7.57 gripper.pos=+9.76
DEBUG 2026-08-19 04:25:28 [action #330] t=12.66s step=329 queue=9 dmax=0.930 | shoulder_pan.pos=+12.78 shoulder_lift.pos=-16.24 elbow_flex.pos=-6.33 wrist_flex.pos=+80.91 wrist_roll.pos=-7.56 gripper.pos=+9.76
DEBUG 2026-08-19 04:25:28 [action #331] t=12.69s step=330 queue=8 dmax=0.848 | shoulder_pan.pos=+13.63 shoulder_lift.pos=-16.25 elbow_flex.pos=-6.53 wrist_flex.pos=+80.69 wrist_roll.pos=-7.72 gripper.pos=+10.03
DEBUG 2026-08-19 04:25:28 [chunk] received 50 actions, timesteps 310..359 | first: shoulder_pan.pos=+1.90 shoulder_lift.pos=-19.97 elbow_flex.pos=-2.09 wrist_flex.pos=+78.98 wrist_roll.pos=-6.84 gripper.pos=+8.05 | last: shoulder_pan.pos=+38.47 shoulder_lift.pos=+6.21 elbow_flex.pos=-10.86 wrist_flex.pos=+61.41 wrist_roll.pos=-6.30 gripper.pos=+7.66
DEBUG 2026-08-19 04:25:28 [action #332] t=12.73s step=331 queue=29 dmax=11.322 | shoulder_pan.pos=+24.95 shoulder_lift.pos=-20.58 elbow_flex.pos=-1.22 wrist_flex.pos=+77.15 wrist_roll.pos=-4.91 gripper.pos=+8.56
DEBUG 2026-08-19 04:25:28 [action #333] t=12.76s step=332 queue=28 dmax=0.522 | shoulder_pan.pos=+25.48 shoulder_lift.pos=-20.49 elbow_flex.pos=-1.56 wrist_flex.pos=+77.06 wrist_roll.pos=-5.00 gripper.pos=+8.49
DEBUG 2026-08-19 04:25:28 [action #334] t=12.79s step=333 queue=27 dmax=1.084 | shoulder_pan.pos=+26.56 shoulder_lift.pos=-19.58 elbow_flex.pos=-1.60 wrist_flex.pos=+76.47 wrist_roll.pos=-5.07 gripper.pos=+8.51
DEBUG 2026-08-19 04:25:28 [action #335] t=12.83s step=334 queue=26 dmax=0.963 | shoulder_pan.pos=+27.15 shoulder_lift.pos=-18.61 elbow_flex.pos=-1.93 wrist_flex.pos=+76.07 wrist_roll.pos=-5.37 gripper.pos=+8.65
DEBUG 2026-08-19 04:25:28 [action #336] t=12.86s step=335 queue=25 dmax=0.887 | shoulder_pan.pos=+28.04 shoulder_lift.pos=-18.89 elbow_flex.pos=-1.94 wrist_flex.pos=+75.87 wrist_roll.pos=-5.45 gripper.pos=+8.71
DEBUG 2026-08-19 04:25:28 [action #337] t=12.89s step=336 queue=24 dmax=0.805 | shoulder_pan.pos=+28.70 shoulder_lift.pos=-18.32 elbow_flex.pos=-2.75 wrist_flex.pos=+75.27 wrist_roll.pos=-5.42 gripper.pos=+8.70
DEBUG 2026-08-19 04:25:28 [action #338] t=12.93s step=337 queue=23 dmax=0.860 | shoulder_pan.pos=+28.88 shoulder_lift.pos=-17.46 elbow_flex.pos=-2.77 wrist_flex.pos=+75.04 wrist_roll.pos=-5.44 gripper.pos=+8.93
DEBUG 2026-08-19 04:25:28 [action #339] t=12.96s step=338 queue=22 dmax=4.584 | shoulder_pan.pos=+33.46 shoulder_lift.pos=-16.91 elbow_flex.pos=-1.94 wrist_flex.pos=+73.09 wrist_roll.pos=-2.52 gripper.pos=+8.14
DEBUG 2026-08-19 04:25:28 [action #340] t=12.99s step=339 queue=21 dmax=0.959 | shoulder_pan.pos=+33.86 shoulder_lift.pos=-16.10 elbow_flex.pos=-2.90 wrist_flex.pos=+72.53 wrist_roll.pos=-2.52 gripper.pos=+7.95
DEBUG 2026-08-19 04:25:29 [action #341] t=13.03s step=340 queue=20 dmax=1.897 | shoulder_pan.pos=+34.42 shoulder_lift.pos=-14.20 elbow_flex.pos=-3.28 wrist_flex.pos=+72.12 wrist_roll.pos=-2.56 gripper.pos=+8.25
DEBUG 2026-08-19 04:25:29 [action #342] t=13.06s step=341 queue=19 dmax=1.322 | shoulder_pan.pos=+34.79 shoulder_lift.pos=-13.11 elbow_flex.pos=-4.60 wrist_flex.pos=+71.57 wrist_roll.pos=-2.57 gripper.pos=+8.17
DEBUG 2026-08-19 04:25:29 [action #343] t=13.09s step=342 queue=18 dmax=0.830 | shoulder_pan.pos=+34.99 shoulder_lift.pos=-12.51 elbow_flex.pos=-4.85 wrist_flex.pos=+70.74 wrist_roll.pos=-2.54 gripper.pos=+8.19
DEBUG 2026-08-19 04:25:29 [action #344] t=13.13s step=343 queue=17 dmax=2.047 | shoulder_pan.pos=+35.46 shoulder_lift.pos=-10.47 elbow_flex.pos=-5.73 wrist_flex.pos=+70.04 wrist_roll.pos=-2.78 gripper.pos=+8.10
DEBUG 2026-08-19 04:25:29 [action #345] t=13.16s step=344 queue=16 dmax=0.752 | shoulder_pan.pos=+35.68 shoulder_lift.pos=-9.71 elbow_flex.pos=-5.85 wrist_flex.pos=+69.39 wrist_roll.pos=-2.84 gripper.pos=+8.04
DEBUG 2026-08-19 04:25:29 [action #346] t=13.19s step=345 queue=15 dmax=0.872 | shoulder_pan.pos=+35.55 shoulder_lift.pos=-9.30 elbow_flex.pos=-6.72 wrist_flex.pos=+68.88 wrist_roll.pos=-2.79 gripper.pos=+8.12
DEBUG 2026-08-19 04:25:29 [action #347] t=13.23s step=346 queue=14 dmax=1.718 | shoulder_pan.pos=+36.18 shoulder_lift.pos=-7.58 elbow_flex.pos=-6.04 wrist_flex.pos=+68.19 wrist_roll.pos=-2.99 gripper.pos=+7.82
DEBUG 2026-08-19 04:25:29 [action #348] t=13.26s step=347 queue=13 dmax=0.941 | shoulder_pan.pos=+36.55 shoulder_lift.pos=-6.64 elbow_flex.pos=-5.90 wrist_flex.pos=+67.64 wrist_roll.pos=-3.23 gripper.pos=+7.74
DEBUG 2026-08-19 04:25:29 [action #349] t=13.30s step=348 queue=12 dmax=1.172 | shoulder_pan.pos=+36.33 shoulder_lift.pos=-5.47 elbow_flex.pos=-6.76 wrist_flex.pos=+67.02 wrist_roll.pos=-3.42 gripper.pos=+7.79
DEBUG 2026-08-19 04:25:29 [action #350] t=13.33s step=349 queue=11 dmax=1.360 | shoulder_pan.pos=+36.59 shoulder_lift.pos=-4.11 elbow_flex.pos=-6.86 wrist_flex.pos=+66.26 wrist_roll.pos=-3.54 gripper.pos=+7.64
DEBUG 2026-08-19 04:25:29 [action #351] t=13.36s step=350 queue=10 dmax=1.001 | shoulder_pan.pos=+37.06 shoulder_lift.pos=-3.61 elbow_flex.pos=-6.45 wrist_flex.pos=+65.26 wrist_roll.pos=-3.55 gripper.pos=+7.60
DEBUG 2026-08-19 04:25:29 [chunk] received 50 actions, timesteps 330..379 | first: shoulder_pan.pos=+13.52 shoulder_lift.pos=-22.42 elbow_flex.pos=+1.02 wrist_flex.pos=+77.19 wrist_roll.pos=-6.46 gripper.pos=+7.89 | last: shoulder_pan.pos=+37.07 shoulder_lift.pos=+18.19 elbow_flex.pos=-11.18 wrist_flex.pos=+60.47 wrist_roll.pos=-7.17 gripper.pos=+9.01
DEBUG 2026-08-19 04:25:29 [action #352] t=13.40s step=351 queue=29 dmax=3.802 | shoulder_pan.pos=+33.25 shoulder_lift.pos=-6.67 elbow_flex.pos=-2.98 wrist_flex.pos=+67.19 wrist_roll.pos=-4.50 gripper.pos=+7.86
DEBUG 2026-08-19 04:25:29 [action #353] t=13.43s step=352 queue=28 dmax=1.266 | shoulder_pan.pos=+33.76 shoulder_lift.pos=-5.41 elbow_flex.pos=-2.74 wrist_flex.pos=+66.54 wrist_roll.pos=-4.63 gripper.pos=+7.89
DEBUG 2026-08-19 04:25:29 [action #354] t=13.46s step=353 queue=27 dmax=0.797 | shoulder_pan.pos=+34.08 shoulder_lift.pos=-4.74 elbow_flex.pos=-3.54 wrist_flex.pos=+65.88 wrist_roll.pos=-4.72 gripper.pos=+7.82
DEBUG 2026-08-19 04:25:29 [action #355] t=13.50s step=354 queue=26 dmax=1.199 | shoulder_pan.pos=+34.51 shoulder_lift.pos=-3.54 elbow_flex.pos=-3.53 wrist_flex.pos=+65.36 wrist_roll.pos=-4.81 gripper.pos=+7.91
DEBUG 2026-08-19 04:25:29 [action #356] t=13.53s step=355 queue=25 dmax=0.466 | shoulder_pan.pos=+34.93 shoulder_lift.pos=-3.08 elbow_flex.pos=-3.80 wrist_flex.pos=+64.91 wrist_roll.pos=-5.09 gripper.pos=+7.93
DEBUG 2026-08-19 04:25:29 [action #357] t=13.56s step=356 queue=24 dmax=1.371 | shoulder_pan.pos=+35.32 shoulder_lift.pos=-1.71 elbow_flex.pos=-4.13 wrist_flex.pos=+64.41 wrist_roll.pos=-5.28 gripper.pos=+8.03
DEBUG 2026-08-19 04:25:29 [action #358] t=13.60s step=357 queue=23 dmax=1.114 | shoulder_pan.pos=+35.66 shoulder_lift.pos=-0.59 elbow_flex.pos=-4.91 wrist_flex.pos=+63.90 wrist_roll.pos=-5.46 gripper.pos=+8.04
DEBUG 2026-08-19 04:25:29 [action #359] t=13.63s step=358 queue=22 dmax=1.038 | shoulder_pan.pos=+35.78 shoulder_lift.pos=+0.44 elbow_flex.pos=-5.57 wrist_flex.pos=+63.55 wrist_roll.pos=-5.64 gripper.pos=+8.15
DEBUG 2026-08-19 04:25:29 [action #360] t=13.66s step=359 queue=21 dmax=1.174 | shoulder_pan.pos=+36.15 shoulder_lift.pos=+1.62 elbow_flex.pos=-6.15 wrist_flex.pos=+63.17 wrist_roll.pos=-5.80 gripper.pos=+8.25
DEBUG 2026-08-19 04:25:29 [action #361] t=13.70s step=360 queue=20 dmax=2.112 | shoulder_pan.pos=+35.54 shoulder_lift.pos=+0.45 elbow_flex.pos=-4.04 wrist_flex.pos=+63.49 wrist_roll.pos=-5.72 gripper.pos=+8.43
DEBUG 2026-08-19 04:25:29 [action #362] t=13.73s step=361 queue=19 dmax=1.033 | shoulder_pan.pos=+35.79 shoulder_lift.pos=+1.49 elbow_flex.pos=-4.78 wrist_flex.pos=+63.15 wrist_roll.pos=-5.81 gripper.pos=+8.36
DEBUG 2026-08-19 04:25:29 [action #363] t=13.76s step=362 queue=18 dmax=1.186 | shoulder_pan.pos=+35.86 shoulder_lift.pos=+2.67 elbow_flex.pos=-5.26 wrist_flex.pos=+62.88 wrist_roll.pos=-5.81 gripper.pos=+8.46
DEBUG 2026-08-19 04:25:29 [action #364] t=13.80s step=363 queue=17 dmax=0.955 | shoulder_pan.pos=+36.13 shoulder_lift.pos=+3.63 elbow_flex.pos=-6.16 wrist_flex.pos=+62.71 wrist_roll.pos=-5.93 gripper.pos=+8.45
DEBUG 2026-08-19 04:25:29 [action #365] t=13.83s step=364 queue=16 dmax=1.285 | shoulder_pan.pos=+36.15 shoulder_lift.pos=+4.91 elbow_flex.pos=-6.10 wrist_flex.pos=+62.56 wrist_roll.pos=-6.17 gripper.pos=+8.51
DEBUG 2026-08-19 04:25:29 [action #366] t=13.86s step=365 queue=15 dmax=0.899 | shoulder_pan.pos=+36.48 shoulder_lift.pos=+5.81 elbow_flex.pos=-6.58 wrist_flex.pos=+62.32 wrist_roll.pos=-6.32 gripper.pos=+8.54
DEBUG 2026-08-19 04:25:29 [action #367] t=13.90s step=366 queue=14 dmax=1.166 | shoulder_pan.pos=+36.69 shoulder_lift.pos=+6.98 elbow_flex.pos=-7.11 wrist_flex.pos=+62.09 wrist_roll.pos=-6.55 gripper.pos=+8.61
DEBUG 2026-08-19 04:25:29 [action #368] t=13.93s step=367 queue=13 dmax=0.946 | shoulder_pan.pos=+36.75 shoulder_lift.pos=+7.92 elbow_flex.pos=-7.68 wrist_flex.pos=+61.91 wrist_roll.pos=-6.59 gripper.pos=+8.67
DEBUG 2026-08-19 04:25:29 [action #369] t=13.96s step=368 queue=12 dmax=0.505 | shoulder_pan.pos=+36.86 shoulder_lift.pos=+8.43 elbow_flex.pos=-7.89 wrist_flex.pos=+61.73 wrist_roll.pos=-6.78 gripper.pos=+8.72
DEBUG 2026-08-19 04:25:30 [action #370] t=14.00s step=369 queue=11 dmax=1.180 | shoulder_pan.pos=+37.09 shoulder_lift.pos=+9.61 elbow_flex.pos=-8.28 wrist_flex.pos=+61.45 wrist_roll.pos=-6.80 gripper.pos=+8.64
DEBUG 2026-08-19 04:25:30 [action #371] t=14.03s step=370 queue=10 dmax=0.786 | shoulder_pan.pos=+37.14 shoulder_lift.pos=+10.39 elbow_flex.pos=-8.40 wrist_flex.pos=+61.49 wrist_roll.pos=-6.82 gripper.pos=+8.71
DEBUG 2026-08-19 04:25:30 [action #372] t=14.06s step=371 queue=9 dmax=0.824 | shoulder_pan.pos=+37.16 shoulder_lift.pos=+11.22 elbow_flex.pos=-8.58 wrist_flex.pos=+61.44 wrist_roll.pos=-6.94 gripper.pos=+8.63
DEBUG 2026-08-19 04:25:30 [action #373] t=14.10s step=372 queue=8 dmax=1.027 | shoulder_pan.pos=+37.19 shoulder_lift.pos=+12.24 elbow_flex.pos=-8.79 wrist_flex.pos=+61.04 wrist_roll.pos=-6.88 gripper.pos=+8.73
DEBUG 2026-08-19 04:25:30 [chunk] received 50 actions, timesteps 350..399 | first: shoulder_pan.pos=+32.71 shoulder_lift.pos=-3.03 elbow_flex.pos=-4.18 wrist_flex.pos=+64.30 wrist_roll.pos=-4.05 gripper.pos=+7.77 | last: shoulder_pan.pos=+35.98 shoulder_lift.pos=+6.95 elbow_flex.pos=-1.59 wrist_flex.pos=+75.18 wrist_roll.pos=-2.91 gripper.pos=+39.89
DEBUG 2026-08-19 04:25:30 [action #374] t=14.13s step=373 queue=27 dmax=5.573 | shoulder_pan.pos=+35.14 shoulder_lift.pos=+9.50 elbow_flex.pos=-3.22 wrist_flex.pos=+59.13 wrist_roll.pos=-5.38 gripper.pos=+8.89
DEBUG 2026-08-19 04:25:30 [action #375] t=14.17s step=374 queue=26 dmax=0.968 | shoulder_pan.pos=+35.35 shoulder_lift.pos=+10.14 elbow_flex.pos=-3.39 wrist_flex.pos=+59.18 wrist_roll.pos=-5.38 gripper.pos=+9.85
DEBUG 2026-08-19 04:25:30 [action #376] t=14.20s step=375 queue=25 dmax=1.847 | shoulder_pan.pos=+35.28 shoulder_lift.pos=+10.31 elbow_flex.pos=-3.30 wrist_flex.pos=+59.16 wrist_roll.pos=-5.39 gripper.pos=+11.70
DEBUG 2026-08-19 04:25:30 [action #377] t=14.23s step=376 queue=24 dmax=2.241 | shoulder_pan.pos=+35.70 shoulder_lift.pos=+10.40 elbow_flex.pos=-3.22 wrist_flex.pos=+59.41 wrist_roll.pos=-5.51 gripper.pos=+13.94
DEBUG 2026-08-19 04:25:30 [action #378] t=14.27s step=377 queue=23 dmax=2.369 | shoulder_pan.pos=+35.61 shoulder_lift.pos=+10.73 elbow_flex.pos=-3.10 wrist_flex.pos=+59.45 wrist_roll.pos=-5.53 gripper.pos=+16.31
DEBUG 2026-08-19 04:25:30 [action #379] t=14.30s step=378 queue=22 dmax=2.157 | shoulder_pan.pos=+35.52 shoulder_lift.pos=+10.93 elbow_flex.pos=-2.93 wrist_flex.pos=+59.57 wrist_roll.pos=-5.57 gripper.pos=+18.47
DEBUG 2026-08-19 04:25:30 [action #380] t=14.33s step=379 queue=21 dmax=1.914 | shoulder_pan.pos=+35.60 shoulder_lift.pos=+11.26 elbow_flex.pos=-2.68 wrist_flex.pos=+59.76 wrist_roll.pos=-5.61 gripper.pos=+20.38
DEBUG 2026-08-19 04:25:30 [action #381] t=14.37s step=380 queue=20 dmax=7.230 | shoulder_pan.pos=+35.05 shoulder_lift.pos=+8.35 elbow_flex.pos=+1.38 wrist_flex.pos=+59.58 wrist_roll.pos=-4.92 gripper.pos=+27.61
DEBUG 2026-08-19 04:25:30 [action #382] t=14.40s step=381 queue=19 dmax=1.899 | shoulder_pan.pos=+35.35 shoulder_lift.pos=+8.05 elbow_flex.pos=+1.11 wrist_flex.pos=+59.87 wrist_roll.pos=-4.91 gripper.pos=+29.51
DEBUG 2026-08-19 04:25:30 [action #383] t=14.43s step=382 queue=18 dmax=1.309 | shoulder_pan.pos=+35.64 shoulder_lift.pos=+7.98 elbow_flex.pos=+1.17 wrist_flex.pos=+60.26 wrist_roll.pos=-4.74 gripper.pos=+30.82
DEBUG 2026-08-19 04:25:30 [action #384] t=14.47s step=383 queue=17 dmax=1.202 | shoulder_pan.pos=+35.91 shoulder_lift.pos=+8.09 elbow_flex.pos=+1.88 wrist_flex.pos=+60.31 wrist_roll.pos=-4.76 gripper.pos=+32.02
DEBUG 2026-08-19 04:25:30 [action #385] t=14.50s step=384 queue=16 dmax=0.963 | shoulder_pan.pos=+36.31 shoulder_lift.pos=+7.76 elbow_flex.pos=+1.96 wrist_flex.pos=+60.55 wrist_roll.pos=-4.65 gripper.pos=+32.98
DEBUG 2026-08-19 04:25:30 [action #386] t=14.53s step=385 queue=15 dmax=0.702 | shoulder_pan.pos=+36.61 shoulder_lift.pos=+7.94 elbow_flex.pos=+1.61 wrist_flex.pos=+60.80 wrist_roll.pos=-4.72 gripper.pos=+33.69
DEBUG 2026-08-19 04:25:30 [action #387] t=14.57s step=386 queue=14 dmax=1.198 | shoulder_pan.pos=+36.78 shoulder_lift.pos=+7.74 elbow_flex.pos=+2.81 wrist_flex.pos=+61.36 wrist_roll.pos=-4.81 gripper.pos=+34.21
DEBUG 2026-08-19 04:25:30 [action #388] t=14.60s step=387 queue=13 dmax=1.070 | shoulder_pan.pos=+37.15 shoulder_lift.pos=+7.39 elbow_flex.pos=+1.74 wrist_flex.pos=+61.75 wrist_roll.pos=-4.50 gripper.pos=+35.13
DEBUG 2026-08-19 04:25:30 [action #389] t=14.63s step=388 queue=12 dmax=0.699 | shoulder_pan.pos=+37.08 shoulder_lift.pos=+7.44 elbow_flex.pos=+1.34 wrist_flex.pos=+62.45 wrist_roll.pos=-4.53 gripper.pos=+35.75
DEBUG 2026-08-19 04:25:30 [action #390] t=14.67s step=389 queue=11 dmax=0.647 | shoulder_pan.pos=+37.48 shoulder_lift.pos=+7.53 elbow_flex.pos=+1.83 wrist_flex.pos=+63.05 wrist_roll.pos=-4.45 gripper.pos=+36.39
DEBUG 2026-08-19 04:25:30 [action #391] t=14.70s step=390 queue=10 dmax=0.870 | shoulder_pan.pos=+37.59 shoulder_lift.pos=+7.56 elbow_flex.pos=+1.62 wrist_flex.pos=+63.92 wrist_roll.pos=-4.29 gripper.pos=+37.17
DEBUG 2026-08-19 04:25:30 [action #392] t=14.73s step=391 queue=9 dmax=0.870 | shoulder_pan.pos=+37.48 shoulder_lift.pos=+7.26 elbow_flex.pos=+1.60 wrist_flex.pos=+64.79 wrist_roll.pos=-4.24 gripper.pos=+37.91
DEBUG 2026-08-19 04:25:30 [action #393] t=14.77s step=392 queue=8 dmax=1.000 | shoulder_pan.pos=+37.48 shoulder_lift.pos=+7.51 elbow_flex.pos=+1.31 wrist_flex.pos=+65.79 wrist_roll.pos=-4.07 gripper.pos=+38.83
DEBUG 2026-08-19 04:25:30 [action #394] t=14.80s step=393 queue=7 dmax=1.043 | shoulder_pan.pos=+37.54 shoulder_lift.pos=+7.22 elbow_flex.pos=+1.08 wrist_flex.pos=+66.83 wrist_roll.pos=-3.93 gripper.pos=+39.64
DEBUG 2026-08-19 04:25:30 [action #395] t=14.83s step=394 queue=6 dmax=1.121 | shoulder_pan.pos=+37.05 shoulder_lift.pos=+7.67 elbow_flex.pos=+0.34 wrist_flex.pos=+67.95 wrist_roll.pos=-3.75 gripper.pos=+40.05
DEBUG 2026-08-19 04:25:30 [action #396] t=14.87s step=395 queue=5 dmax=1.214 | shoulder_pan.pos=+37.18 shoulder_lift.pos=+7.33 elbow_flex.pos=+0.58 wrist_flex.pos=+69.17 wrist_roll.pos=-3.64 gripper.pos=+40.03
DEBUG 2026-08-19 04:25:30 [action #397] t=14.90s step=396 queue=4 dmax=1.277 | shoulder_pan.pos=+37.12 shoulder_lift.pos=+7.35 elbow_flex.pos=-0.18 wrist_flex.pos=+70.44 wrist_roll.pos=-3.41 gripper.pos=+39.95
DEBUG 2026-08-19 04:25:30 [action #398] t=14.93s step=397 queue=3 dmax=1.345 | shoulder_pan.pos=+36.70 shoulder_lift.pos=+7.14 elbow_flex.pos=-0.19 wrist_flex.pos=+71.79 wrist_roll.pos=-3.20 gripper.pos=+39.92
DEBUG 2026-08-19 04:25:30 [action #399] t=14.97s step=398 queue=2 dmax=1.607 | shoulder_pan.pos=+36.35 shoulder_lift.pos=+7.32 elbow_flex.pos=-1.13 wrist_flex.pos=+73.39 wrist_roll.pos=-3.10 gripper.pos=+39.80
DEBUG 2026-08-19 04:25:30 [chunk] received 50 actions, timesteps 371..420 | first: shoulder_pan.pos=+33.06 shoulder_lift.pos=+9.10 elbow_flex.pos=-4.96 wrist_flex.pos=+60.52 wrist_roll.pos=-6.45 gripper.pos=+7.70 | last: shoulder_pan.pos=+24.92 shoulder_lift.pos=-9.03 elbow_flex.pos=+0.50 wrist_flex.pos=+86.98 wrist_roll.pos=-1.46 gripper.pos=+36.70
DEBUG 2026-08-19 04:25:31 [action #400] t=15.00s step=399 queue=22 dmax=5.346 | shoulder_pan.pos=+33.51 shoulder_lift.pos=+10.13 elbow_flex.pos=-1.60 wrist_flex.pos=+68.05 wrist_roll.pos=-5.14 gripper.pos=+36.52
DEBUG 2026-08-19 04:25:31 [action #401] t=15.04s step=400 queue=21 dmax=2.466 | shoulder_pan.pos=+32.69 shoulder_lift.pos=+11.56 elbow_flex.pos=-2.14 wrist_flex.pos=+65.58 wrist_roll.pos=-5.97 gripper.pos=+35.47
DEBUG 2026-08-19 04:25:31 [action #402] t=15.07s step=401 queue=20 dmax=0.761 | shoulder_pan.pos=+32.43 shoulder_lift.pos=+11.18 elbow_flex.pos=-2.05 wrist_flex.pos=+66.24 wrist_roll.pos=-5.90 gripper.pos=+36.24
DEBUG 2026-08-19 04:25:31 [action #403] t=15.10s step=402 queue=19 dmax=0.767 | shoulder_pan.pos=+32.44 shoulder_lift.pos=+10.82 elbow_flex.pos=-2.16 wrist_flex.pos=+67.01 wrist_roll.pos=-5.58 gripper.pos=+36.88
DEBUG 2026-08-19 04:25:31 [action #404] t=15.14s step=403 queue=18 dmax=0.982 | shoulder_pan.pos=+32.17 shoulder_lift.pos=+10.65 elbow_flex.pos=-1.88 wrist_flex.pos=+67.99 wrist_roll.pos=-5.37 gripper.pos=+37.50
DEBUG 2026-08-19 04:25:31 [action #405] t=15.17s step=404 queue=17 dmax=0.903 | shoulder_pan.pos=+31.97 shoulder_lift.pos=+11.04 elbow_flex.pos=-2.36 wrist_flex.pos=+68.89 wrist_roll.pos=-5.05 gripper.pos=+37.84
DEBUG 2026-08-19 04:25:31 [action #406] t=15.20s step=405 queue=16 dmax=1.470 | shoulder_pan.pos=+31.76 shoulder_lift.pos=+9.57 elbow_flex.pos=-1.68 wrist_flex.pos=+70.22 wrist_roll.pos=-4.56 gripper.pos=+37.82
DEBUG 2026-08-19 04:25:31 [action #407] t=15.24s step=406 queue=15 dmax=1.747 | shoulder_pan.pos=+31.35 shoulder_lift.pos=+9.54 elbow_flex.pos=-3.42 wrist_flex.pos=+71.38 wrist_roll.pos=-4.39 gripper.pos=+37.65
DEBUG 2026-08-19 04:25:31 [action #408] t=15.27s step=407 queue=14 dmax=1.133 | shoulder_pan.pos=+30.72 shoulder_lift.pos=+9.24 elbow_flex.pos=-2.44 wrist_flex.pos=+72.51 wrist_roll.pos=-4.09 gripper.pos=+37.43
DEBUG 2026-08-19 04:25:31 [action #409] t=15.30s step=408 queue=13 dmax=1.293 | shoulder_pan.pos=+30.39 shoulder_lift.pos=+8.21 elbow_flex.pos=-2.87 wrist_flex.pos=+73.81 wrist_roll.pos=-3.70 gripper.pos=+37.26
DEBUG 2026-08-19 04:25:31 [action #410] t=15.34s step=409 queue=12 dmax=1.317 | shoulder_pan.pos=+29.88 shoulder_lift.pos=+8.15 elbow_flex.pos=-2.46 wrist_flex.pos=+75.12 wrist_roll.pos=-3.45 gripper.pos=+37.23
DEBUG 2026-08-19 04:25:31 [action #411] t=15.37s step=410 queue=11 dmax=1.185 | shoulder_pan.pos=+29.49 shoulder_lift.pos=+7.47 elbow_flex.pos=-2.55 wrist_flex.pos=+76.31 wrist_roll.pos=-3.23 gripper.pos=+37.22
DEBUG 2026-08-19 04:25:31 [action #412] t=15.40s step=411 queue=10 dmax=2.773 | shoulder_pan.pos=+29.15 shoulder_lift.pos=+4.70 elbow_flex.pos=-2.60 wrist_flex.pos=+77.58 wrist_roll.pos=-2.96 gripper.pos=+37.14
DEBUG 2026-08-19 04:25:31 [action #413] t=15.44s step=412 queue=9 dmax=1.106 | shoulder_pan.pos=+28.59 shoulder_lift.pos=+3.96 elbow_flex.pos=-2.16 wrist_flex.pos=+78.68 wrist_roll.pos=-2.82 gripper.pos=+37.09
DEBUG 2026-08-19 04:25:31 [action #414] t=15.47s step=413 queue=8 dmax=1.356 | shoulder_pan.pos=+27.96 shoulder_lift.pos=+2.60 elbow_flex.pos=-2.13 wrist_flex.pos=+79.84 wrist_roll.pos=-2.64 gripper.pos=+37.15
DEBUG 2026-08-19 04:25:31 [action #415] t=15.50s step=414 queue=7 dmax=2.291 | shoulder_pan.pos=+27.02 shoulder_lift.pos=+0.31 elbow_flex.pos=-1.61 wrist_flex.pos=+80.93 wrist_roll.pos=-2.48 gripper.pos=+37.15
DEBUG 2026-08-19 04:25:31 [action #416] t=15.54s step=415 queue=6 dmax=1.244 | shoulder_pan.pos=+27.21 shoulder_lift.pos=-0.57 elbow_flex.pos=-0.37 wrist_flex.pos=+81.93 wrist_roll.pos=-2.46 gripper.pos=+36.82
DEBUG 2026-08-19 04:25:31 [action #417] t=15.57s step=416 queue=5 dmax=1.703 | shoulder_pan.pos=+26.61 shoulder_lift.pos=-2.27 elbow_flex.pos=-0.43 wrist_flex.pos=+82.99 wrist_roll.pos=-2.21 gripper.pos=+36.98
DEBUG 2026-08-19 04:25:31 [action #418] t=15.61s step=417 queue=4 dmax=2.090 | shoulder_pan.pos=+26.36 shoulder_lift.pos=-4.36 elbow_flex.pos=-0.89 wrist_flex.pos=+83.94 wrist_roll.pos=-2.10 gripper.pos=+36.96
DEBUG 2026-08-19 04:25:31 [action #419] t=15.64s step=418 queue=3 dmax=1.495 | shoulder_pan.pos=+26.11 shoulder_lift.pos=-5.85 elbow_flex.pos=+0.20 wrist_flex.pos=+84.99 wrist_roll.pos=-1.79 gripper.pos=+36.98
DEBUG 2026-08-19 04:25:31 [action #420] t=15.67s step=419 queue=2 dmax=1.559 | shoulder_pan.pos=+25.12 shoulder_lift.pos=-7.41 elbow_flex.pos=+0.55 wrist_flex.pos=+86.20 wrist_roll.pos=-1.59 gripper.pos=+36.95
DEBUG 2026-08-19 04:25:31 [action #421] t=15.71s step=420 queue=1 dmax=1.623 | shoulder_pan.pos=+24.92 shoulder_lift.pos=-9.03 elbow_flex.pos=+0.50 wrist_flex.pos=+86.98 wrist_roll.pos=-1.46 gripper.pos=+36.70
DEBUG 2026-08-19 04:25:31 [chunk] received 50 actions, timesteps 397..446 | first: shoulder_pan.pos=+32.44 shoulder_lift.pos=+9.50 elbow_flex.pos=-3.28 wrist_flex.pos=+69.22 wrist_roll.pos=-3.25 gripper.pos=+37.87 | last: shoulder_pan.pos=+2.63 shoulder_lift.pos=-68.41 elbow_flex.pos=+49.12 wrist_flex.pos=+78.55 wrist_roll.pos=+1.89 gripper.pos=-0.03
DEBUG 2026-08-19 04:25:31 [action #422] t=15.84s step=421 queue=26 dmax=6.692 | shoulder_pan.pos=+19.68 shoulder_lift.pos=-15.73 elbow_flex.pos=+1.33 wrist_flex.pos=+91.86 wrist_roll.pos=-1.18 gripper.pos=+37.24
DEBUG 2026-08-19 04:25:31 [action #423] t=15.87s step=422 queue=25 dmax=1.930 | shoulder_pan.pos=+19.19 shoulder_lift.pos=-17.66 elbow_flex.pos=+2.80 wrist_flex.pos=+92.15 wrist_roll.pos=-0.75 gripper.pos=+37.26
DEBUG 2026-08-19 04:25:31 [action #424] t=15.91s step=423 queue=24 dmax=2.101 | shoulder_pan.pos=+18.42 shoulder_lift.pos=-19.76 elbow_flex.pos=+4.48 wrist_flex.pos=+91.96 wrist_roll.pos=-0.28 gripper.pos=+36.71
DEBUG 2026-08-19 04:25:31 [action #425] t=15.94s step=424 queue=23 dmax=2.046 | shoulder_pan.pos=+17.67 shoulder_lift.pos=-21.80 elbow_flex.pos=+6.51 wrist_flex.pos=+91.69 wrist_roll.pos=+0.09 gripper.pos=+35.82
DEBUG 2026-08-19 04:25:31 [action #426] t=15.97s step=425 queue=22 dmax=2.311 | shoulder_pan.pos=+16.97 shoulder_lift.pos=-24.12 elbow_flex.pos=+8.47 wrist_flex.pos=+91.19 wrist_roll.pos=+0.42 gripper.pos=+33.84
DEBUG 2026-08-19 04:25:32 [action #427] t=16.01s step=426 queue=21 dmax=2.692 | shoulder_pan.pos=+16.04 shoulder_lift.pos=-26.68 elbow_flex.pos=+10.90 wrist_flex.pos=+90.63 wrist_roll.pos=+0.69 gripper.pos=+31.15
DEBUG 2026-08-19 04:25:32 [action #428] t=16.04s step=427 queue=20 dmax=3.084 | shoulder_pan.pos=+15.35 shoulder_lift.pos=-29.17 elbow_flex.pos=+13.09 wrist_flex.pos=+89.93 wrist_roll.pos=+0.99 gripper.pos=+28.07
DEBUG 2026-08-19 04:25:32 [action #429] t=16.07s step=428 queue=19 dmax=3.350 | shoulder_pan.pos=+14.49 shoulder_lift.pos=-31.52 elbow_flex.pos=+15.27 wrist_flex.pos=+89.35 wrist_roll.pos=+1.45 gripper.pos=+24.72
DEBUG 2026-08-19 04:25:32 [action #430] t=16.11s step=429 queue=18 dmax=3.559 | shoulder_pan.pos=+13.91 shoulder_lift.pos=-33.78 elbow_flex.pos=+18.10 wrist_flex.pos=+88.62 wrist_roll.pos=+1.89 gripper.pos=+21.16
DEBUG 2026-08-19 04:25:32 [action #431] t=16.14s step=430 queue=17 dmax=3.298 | shoulder_pan.pos=+13.24 shoulder_lift.pos=-36.22 elbow_flex.pos=+19.83 wrist_flex.pos=+87.96 wrist_roll.pos=+2.44 gripper.pos=+17.86
DEBUG 2026-08-19 04:25:32 [action #432] t=16.17s step=431 queue=16 dmax=3.211 | shoulder_pan.pos=+12.72 shoulder_lift.pos=-38.37 elbow_flex.pos=+21.45 wrist_flex.pos=+87.60 wrist_roll.pos=+2.91 gripper.pos=+14.65
DEBUG 2026-08-19 04:25:32 [action #433] t=16.21s step=432 queue=15 dmax=2.786 | shoulder_pan.pos=+12.12 shoulder_lift.pos=-40.49 elbow_flex.pos=+22.93 wrist_flex.pos=+87.30 wrist_roll.pos=+3.39 gripper.pos=+11.86
DEBUG 2026-08-19 04:25:32 [action #434] t=16.24s step=433 queue=14 dmax=2.765 | shoulder_pan.pos=+11.54 shoulder_lift.pos=-42.77 elbow_flex.pos=+25.40 wrist_flex.pos=+87.10 wrist_roll.pos=+3.84 gripper.pos=+9.10
DEBUG 2026-08-19 04:25:32 [action #435] t=16.27s step=434 queue=13 dmax=2.527 | shoulder_pan.pos=+11.04 shoulder_lift.pos=-45.23 elbow_flex.pos=+27.13 wrist_flex.pos=+86.77 wrist_roll.pos=+4.07 gripper.pos=+6.57
DEBUG 2026-08-19 04:25:32 [action #436] t=16.31s step=435 queue=12 dmax=1.891 | shoulder_pan.pos=+10.32 shoulder_lift.pos=-47.12 elbow_flex.pos=+28.92 wrist_flex.pos=+86.69 wrist_roll.pos=+4.07 gripper.pos=+4.77
DEBUG 2026-08-19 04:25:32 [action #437] t=16.34s step=436 queue=11 dmax=1.839 | shoulder_pan.pos=+9.36 shoulder_lift.pos=-48.95 elbow_flex.pos=+30.50 wrist_flex.pos=+86.22 wrist_roll.pos=+3.90 gripper.pos=+2.93
DEBUG 2026-08-19 04:25:32 [action #438] t=16.37s step=437 queue=10 dmax=2.183 | shoulder_pan.pos=+8.55 shoulder_lift.pos=-51.13 elbow_flex.pos=+32.57 wrist_flex.pos=+86.08 wrist_roll.pos=+3.87 gripper.pos=+1.58
DEBUG 2026-08-19 04:25:32 [action #439] t=16.41s step=438 queue=9 dmax=1.723 | shoulder_pan.pos=+7.49 shoulder_lift.pos=-52.86 elbow_flex.pos=+33.80 wrist_flex.pos=+85.39 wrist_roll.pos=+3.69 gripper.pos=+0.92
DEBUG 2026-08-19 04:25:32 [action #440] t=16.44s step=439 queue=8 dmax=2.235 | shoulder_pan.pos=+6.78 shoulder_lift.pos=-55.09 elbow_flex.pos=+35.39 wrist_flex.pos=+84.81 wrist_roll.pos=+3.42 gripper.pos=+0.56
DEBUG 2026-08-19 04:25:32 [action #441] t=16.47s step=440 queue=7 dmax=2.209 | shoulder_pan.pos=+5.85 shoulder_lift.pos=-56.90 elbow_flex.pos=+37.60 wrist_flex.pos=+84.00 wrist_roll.pos=+3.01 gripper.pos=+0.09
DEBUG 2026-08-19 04:25:32 [action #442] t=16.51s step=441 queue=6 dmax=1.769 | shoulder_pan.pos=+5.24 shoulder_lift.pos=-58.67 elbow_flex.pos=+39.24 wrist_flex.pos=+83.11 wrist_roll.pos=+2.65 gripper.pos=-0.09
DEBUG 2026-08-19 04:25:32 [action #443] t=16.54s step=442 queue=5 dmax=1.775 | shoulder_pan.pos=+4.68 shoulder_lift.pos=-60.45 elbow_flex.pos=+40.92 wrist_flex.pos=+82.36 wrist_roll.pos=+2.40 gripper.pos=-0.20
DEBUG 2026-08-19 04:25:32 [chunk] received 50 actions, timesteps 420..469 | first: shoulder_pan.pos=+21.77 shoulder_lift.pos=-13.64 elbow_flex.pos=+6.76 wrist_flex.pos=+83.83 wrist_roll.pos=-1.27 gripper.pos=+41.47 | last: shoulder_pan.pos=-4.63 shoulder_lift.pos=-102.76 elbow_flex.pos=+70.21 wrist_flex.pos=+79.83 wrist_roll.pos=+0.64 gripper.pos=+2.01
DEBUG 2026-08-19 04:25:32 [action #444] t=16.58s step=443 queue=27 dmax=4.042 | shoulder_pan.pos=+4.35 shoulder_lift.pos=-56.41 elbow_flex.pos=+41.35 wrist_flex.pos=+80.33 wrist_roll.pos=+4.63 gripper.pos=+2.49
DEBUG 2026-08-19 04:25:32 [action #445] t=16.61s step=444 queue=26 dmax=1.763 | shoulder_pan.pos=+4.20 shoulder_lift.pos=-58.17 elbow_flex.pos=+42.99 wrist_flex.pos=+79.77 wrist_roll.pos=+4.60 gripper.pos=+2.26
DEBUG 2026-08-19 04:25:32 [action #446] t=16.64s step=445 queue=25 dmax=1.876 | shoulder_pan.pos=+3.74 shoulder_lift.pos=-60.04 elbow_flex.pos=+44.56 wrist_flex.pos=+79.34 wrist_roll.pos=+4.34 gripper.pos=+1.83
DEBUG 2026-08-19 04:25:32 [action #447] t=16.68s step=446 queue=24 dmax=1.747 | shoulder_pan.pos=+3.59 shoulder_lift.pos=-61.77 elbow_flex.pos=+46.31 wrist_flex.pos=+78.75 wrist_roll.pos=+4.10 gripper.pos=+1.43
DEBUG 2026-08-19 04:25:32 [action #448] t=16.71s step=447 queue=23 dmax=1.624 | shoulder_pan.pos=+3.60 shoulder_lift.pos=-60.15 elbow_flex.pos=+46.40 wrist_flex.pos=+78.60 wrist_roll.pos=+4.83 gripper.pos=+1.67
DEBUG 2026-08-19 04:25:32 [action #449] t=16.74s step=448 queue=22 dmax=2.300 | shoulder_pan.pos=+3.53 shoulder_lift.pos=-62.45 elbow_flex.pos=+48.25 wrist_flex.pos=+78.14 wrist_roll.pos=+4.99 gripper.pos=+1.70
DEBUG 2026-08-19 04:25:32 [action #450] t=16.78s step=449 queue=21 dmax=0.808 | shoulder_pan.pos=+3.37 shoulder_lift.pos=-63.26 elbow_flex.pos=+48.87 wrist_flex.pos=+78.16 wrist_roll.pos=+4.83 gripper.pos=+1.70
DEBUG 2026-08-19 04:25:32 [action #451] t=16.81s step=450 queue=20 dmax=2.023 | shoulder_pan.pos=+3.06 shoulder_lift.pos=-65.28 elbow_flex.pos=+50.55 wrist_flex.pos=+78.01 wrist_roll.pos=+4.75 gripper.pos=+1.75
DEBUG 2026-08-19 04:25:32 [action #452] t=16.84s step=451 queue=19 dmax=1.396 | shoulder_pan.pos=+3.13 shoulder_lift.pos=-66.67 elbow_flex.pos=+51.90 wrist_flex.pos=+78.15 wrist_roll.pos=+4.67 gripper.pos=+1.77
DEBUG 2026-08-19 04:25:32 [action #453] t=16.88s step=452 queue=18 dmax=1.300 | shoulder_pan.pos=+2.77 shoulder_lift.pos=-67.94 elbow_flex.pos=+53.20 wrist_flex.pos=+78.29 wrist_roll.pos=+4.62 gripper.pos=+1.91
DEBUG 2026-08-19 04:25:32 [action #454] t=16.91s step=453 queue=17 dmax=0.995 | shoulder_pan.pos=+2.59 shoulder_lift.pos=-68.93 elbow_flex.pos=+53.82 wrist_flex.pos=+78.52 wrist_roll.pos=+4.63 gripper.pos=+2.22
DEBUG 2026-08-19 04:25:32 [action #455] t=16.94s step=454 queue=16 dmax=1.236 | shoulder_pan.pos=+2.46 shoulder_lift.pos=-70.17 elbow_flex.pos=+54.67 wrist_flex.pos=+78.55 wrist_roll.pos=+4.57 gripper.pos=+2.14
DEBUG 2026-08-19 04:25:32 [action #456] t=16.98s step=455 queue=15 dmax=1.921 | shoulder_pan.pos=+1.96 shoulder_lift.pos=-72.09 elbow_flex.pos=+55.84 wrist_flex.pos=+78.74 wrist_roll.pos=+4.40 gripper.pos=+2.20
DEBUG 2026-08-19 04:25:33 [action #457] t=17.01s step=456 queue=14 dmax=2.135 | shoulder_pan.pos=+1.78 shoulder_lift.pos=-74.23 elbow_flex.pos=+56.86 wrist_flex.pos=+78.84 wrist_roll.pos=+4.38 gripper.pos=+2.29
DEBUG 2026-08-19 04:25:33 [action #458] t=17.04s step=457 queue=13 dmax=2.172 | shoulder_pan.pos=+1.13 shoulder_lift.pos=-76.40 elbow_flex.pos=+58.45 wrist_flex.pos=+78.66 wrist_roll.pos=+4.14 gripper.pos=+2.27
DEBUG 2026-08-19 04:25:33 [action #459] t=17.08s step=458 queue=12 dmax=2.050 | shoulder_pan.pos=+0.52 shoulder_lift.pos=-78.45 elbow_flex.pos=+59.71 wrist_flex.pos=+79.02 wrist_roll.pos=+3.77 gripper.pos=+2.05
DEBUG 2026-08-19 04:25:33 [action #460] t=17.11s step=459 queue=11 dmax=2.143 | shoulder_pan.pos=+0.09 shoulder_lift.pos=-80.59 elbow_flex.pos=+60.23 wrist_flex.pos=+78.89 wrist_roll.pos=+3.58 gripper.pos=+2.30
DEBUG 2026-08-19 04:25:33 [action #461] t=17.15s step=460 queue=10 dmax=2.264 | shoulder_pan.pos=-0.28 shoulder_lift.pos=-82.85 elbow_flex.pos=+61.32 wrist_flex.pos=+79.17 wrist_roll.pos=+3.21 gripper.pos=+2.15
DEBUG 2026-08-19 04:25:33 [action #462] t=17.18s step=461 queue=9 dmax=3.015 | shoulder_pan.pos=-0.91 shoulder_lift.pos=-85.87 elbow_flex.pos=+62.88 wrist_flex.pos=+79.43 wrist_roll.pos=+3.05 gripper.pos=+2.12
DEBUG 2026-08-19 04:25:33 [action #463] t=17.21s step=462 queue=8 dmax=2.053 | shoulder_pan.pos=-1.56 shoulder_lift.pos=-87.92 elbow_flex.pos=+63.44 wrist_flex.pos=+79.53 wrist_roll.pos=+3.10 gripper.pos=+2.09
DEBUG 2026-08-19 04:25:33 [action #464] t=17.25s step=463 queue=7 dmax=2.882 | shoulder_pan.pos=-1.85 shoulder_lift.pos=-90.80 elbow_flex.pos=+65.05 wrist_flex.pos=+79.57 wrist_roll.pos=+3.05 gripper.pos=+2.02
DEBUG 2026-08-19 04:25:33 [action #465] t=17.28s step=464 queue=6 dmax=1.907 | shoulder_pan.pos=-2.60 shoulder_lift.pos=-92.71 elbow_flex.pos=+65.83 wrist_flex.pos=+79.45 wrist_roll.pos=+2.73 gripper.pos=+2.03
DEBUG 2026-08-19 04:25:33 [chunk] received 50 actions, timesteps 442..491 | first: shoulder_pan.pos=+5.50 shoulder_lift.pos=-56.80 elbow_flex.pos=+43.35 wrist_flex.pos=+80.09 wrist_roll.pos=+2.95 gripper.pos=+0.84 | last: shoulder_pan.pos=-3.21 shoulder_lift.pos=-103.99 elbow_flex.pos=+87.24 wrist_flex.pos=+79.17 wrist_roll.pos=-2.30 gripper.pos=+0.82
DEBUG 2026-08-19 04:25:33 [action #466] t=17.31s step=465 queue=27 dmax=6.442 | shoulder_pan.pos=-3.50 shoulder_lift.pos=-92.99 elbow_flex.pos=+72.27 wrist_flex.pos=+75.89 wrist_roll.pos=+1.13 gripper.pos=+1.14
DEBUG 2026-08-19 04:25:33 [action #467] t=17.35s step=466 queue=26 dmax=1.913 | shoulder_pan.pos=-3.80 shoulder_lift.pos=-94.91 elbow_flex.pos=+73.23 wrist_flex.pos=+76.50 wrist_roll.pos=+0.96 gripper.pos=+1.02
DEBUG 2026-08-19 04:25:33 [action #468] t=17.38s step=467 queue=25 dmax=2.195 | shoulder_pan.pos=-4.08 shoulder_lift.pos=-97.10 elbow_flex.pos=+74.30 wrist_flex.pos=+77.39 wrist_roll.pos=+0.68 gripper.pos=+1.07
DEBUG 2026-08-19 04:25:33 [action #469] t=17.41s step=468 queue=24 dmax=1.668 | shoulder_pan.pos=-4.46 shoulder_lift.pos=-98.77 elbow_flex.pos=+75.06 wrist_flex.pos=+78.37 wrist_roll.pos=+0.58 gripper.pos=+1.14
DEBUG 2026-08-19 04:25:33 [action #470] t=17.45s step=469 queue=23 dmax=1.557 | shoulder_pan.pos=-4.55 shoulder_lift.pos=-100.33 elbow_flex.pos=+75.43 wrist_flex.pos=+79.30 wrist_roll.pos=+0.44 gripper.pos=+1.11
DEBUG 2026-08-19 04:25:33 [action #471] t=17.48s step=470 queue=22 dmax=3.458 | shoulder_pan.pos=-4.57 shoulder_lift.pos=-100.68 elbow_flex.pos=+78.89 wrist_flex.pos=+79.97 wrist_roll.pos=+0.24 gripper.pos=+0.82
DEBUG 2026-08-19 04:25:33 [action #472] t=17.51s step=471 queue=21 dmax=0.781 | shoulder_pan.pos=-4.44 shoulder_lift.pos=-101.46 elbow_flex.pos=+79.21 wrist_flex.pos=+80.53 wrist_roll.pos=+0.19 gripper.pos=+0.74
DEBUG 2026-08-19 04:25:33 [action #473] t=17.55s step=472 queue=20 dmax=1.210 | shoulder_pan.pos=-4.43 shoulder_lift.pos=-101.69 elbow_flex.pos=+80.42 wrist_flex.pos=+80.76 wrist_roll.pos=+0.17 gripper.pos=+0.78
DEBUG 2026-08-19 04:25:33 [action #474] t=17.58s step=473 queue=19 dmax=0.790 | shoulder_pan.pos=-3.99 shoulder_lift.pos=-102.48 elbow_flex.pos=+81.00 wrist_flex.pos=+81.34 wrist_roll.pos=+0.20 gripper.pos=+0.99
DEBUG 2026-08-19 04:25:33 [action #475] t=17.61s step=474 queue=18 dmax=1.033 | shoulder_pan.pos=-3.94 shoulder_lift.pos=-102.30 elbow_flex.pos=+82.04 wrist_flex.pos=+81.33 wrist_roll.pos=-0.10 gripper.pos=+0.90
DEBUG 2026-08-19 04:25:33 [action #476] t=17.65s step=475 queue=17 dmax=0.723 | shoulder_pan.pos=-3.73 shoulder_lift.pos=-103.02 elbow_flex.pos=+82.16 wrist_flex.pos=+81.13 wrist_roll.pos=-0.54 gripper.pos=+0.73
DEBUG 2026-08-19 04:25:33 [action #477] t=17.68s step=476 queue=16 dmax=0.911 | shoulder_pan.pos=-3.82 shoulder_lift.pos=-102.85 elbow_flex.pos=+83.07 wrist_flex.pos=+81.00 wrist_roll.pos=-1.33 gripper.pos=+0.61
DEBUG 2026-08-19 04:25:33 [action #478] t=17.71s step=477 queue=15 dmax=0.965 | shoulder_pan.pos=-3.81 shoulder_lift.pos=-102.71 elbow_flex.pos=+83.32 wrist_flex.pos=+80.59 wrist_roll.pos=-2.30 gripper.pos=+0.65
DEBUG 2026-08-19 04:25:33 [action #479] t=17.75s step=478 queue=14 dmax=0.355 | shoulder_pan.pos=-3.76 shoulder_lift.pos=-102.56 elbow_flex.pos=+83.63 wrist_flex.pos=+80.26 wrist_roll.pos=-2.65 gripper.pos=+0.76
DEBUG 2026-08-19 04:25:33 [action #480] t=17.78s step=479 queue=13 dmax=0.134 | shoulder_pan.pos=-3.80 shoulder_lift.pos=-102.50 elbow_flex.pos=+83.76 wrist_flex.pos=+80.32 wrist_roll.pos=-2.73 gripper.pos=+0.78
DEBUG 2026-08-19 04:25:33 [action #481] t=17.81s step=480 queue=12 dmax=0.295 | shoulder_pan.pos=-3.79 shoulder_lift.pos=-102.74 elbow_flex.pos=+84.06 wrist_flex.pos=+80.15 wrist_roll.pos=-2.59 gripper.pos=+0.70
DEBUG 2026-08-19 04:25:33 [action #482] t=17.85s step=481 queue=11 dmax=0.497 | shoulder_pan.pos=-3.58 shoulder_lift.pos=-102.98 elbow_flex.pos=+84.55 wrist_flex.pos=+80.02 wrist_roll.pos=-2.53 gripper.pos=+0.72
DEBUG 2026-08-19 04:25:33 [action #483] t=17.88s step=482 queue=10 dmax=0.379 | shoulder_pan.pos=-3.65 shoulder_lift.pos=-103.07 elbow_flex.pos=+84.93 wrist_flex.pos=+80.15 wrist_roll.pos=-2.47 gripper.pos=+0.68
DEBUG 2026-08-19 04:25:33 [action #484] t=17.91s step=483 queue=9 dmax=0.228 | shoulder_pan.pos=-3.57 shoulder_lift.pos=-103.29 elbow_flex.pos=+85.10 wrist_flex.pos=+79.92 wrist_roll.pos=-2.44 gripper.pos=+0.63
DEBUG 2026-08-19 04:25:33 [action #485] t=17.95s step=484 queue=8 dmax=0.535 | shoulder_pan.pos=-3.53 shoulder_lift.pos=-103.82 elbow_flex.pos=+85.56 wrist_flex.pos=+79.74 wrist_roll.pos=-2.49 gripper.pos=+0.79
DEBUG 2026-08-19 04:25:33 [chunk] received 50 actions, timesteps 464..513 | first: shoulder_pan.pos=-0.52 shoulder_lift.pos=-89.78 elbow_flex.pos=+66.20 wrist_flex.pos=+78.11 wrist_roll.pos=+3.37 gripper.pos=+1.64 | last: shoulder_pan.pos=-2.85 shoulder_lift.pos=-103.33 elbow_flex.pos=+89.13 wrist_flex.pos=+78.01 wrist_roll.pos=-2.25 gripper.pos=+1.34
DEBUG 2026-08-19 04:25:33 [action #486] t=17.98s step=485 queue=29 dmax=1.276 | shoulder_pan.pos=-2.25 shoulder_lift.pos=-103.42 elbow_flex.pos=+85.79 wrist_flex.pos=+78.98 wrist_roll.pos=-2.79 gripper.pos=+1.17
DEBUG 2026-08-19 04:25:34 [action #487] t=18.02s step=486 queue=28 dmax=0.023 | shoulder_pan.pos=-2.24 shoulder_lift.pos=-103.39 elbow_flex.pos=+85.81 wrist_flex.pos=+78.96 wrist_roll.pos=-2.77 gripper.pos=+1.17
DEBUG 2026-08-19 04:25:34 [action #488] t=18.05s step=487 queue=27 dmax=0.349 | shoulder_pan.pos=-2.45 shoulder_lift.pos=-103.54 elbow_flex.pos=+86.16 wrist_flex.pos=+78.90 wrist_roll.pos=-2.79 gripper.pos=+1.23
DEBUG 2026-08-19 04:25:34 [action #489] t=18.08s step=488 queue=26 dmax=0.173 | shoulder_pan.pos=-2.62 shoulder_lift.pos=-103.62 elbow_flex.pos=+86.17 wrist_flex.pos=+78.83 wrist_roll.pos=-2.74 gripper.pos=+1.28
DEBUG 2026-08-19 04:25:34 [action #490] t=18.12s step=489 queue=25 dmax=0.316 | shoulder_pan.pos=-2.74 shoulder_lift.pos=-103.30 elbow_flex.pos=+86.12 wrist_flex.pos=+78.72 wrist_roll.pos=-2.72 gripper.pos=+1.26
DEBUG 2026-08-19 04:25:34 [action #491] t=18.15s step=490 queue=24 dmax=0.384 | shoulder_pan.pos=-2.55 shoulder_lift.pos=-103.67 elbow_flex.pos=+86.50 wrist_flex.pos=+78.69 wrist_roll.pos=-2.66 gripper.pos=+1.13
DEBUG 2026-08-19 04:25:34 [action #492] t=18.18s step=491 queue=23 dmax=0.259 | shoulder_pan.pos=-2.61 shoulder_lift.pos=-103.41 elbow_flex.pos=+86.52 wrist_flex.pos=+78.68 wrist_roll.pos=-2.62 gripper.pos=+1.24
DEBUG 2026-08-19 04:25:34 [action #493] t=18.22s step=492 queue=22 dmax=0.498 | shoulder_pan.pos=-2.25 shoulder_lift.pos=-103.67 elbow_flex.pos=+87.01 wrist_flex.pos=+78.41 wrist_roll.pos=-2.71 gripper.pos=+1.40
DEBUG 2026-08-19 04:25:34 [action #494] t=18.25s step=493 queue=21 dmax=0.462 | shoulder_pan.pos=-2.36 shoulder_lift.pos=-103.21 elbow_flex.pos=+86.64 wrist_flex.pos=+78.52 wrist_roll.pos=-2.59 gripper.pos=+1.47
DEBUG 2026-08-19 04:25:34 [action #495] t=18.28s step=494 queue=20 dmax=0.205 | shoulder_pan.pos=-2.42 shoulder_lift.pos=-103.41 elbow_flex.pos=+86.71 wrist_flex.pos=+78.32 wrist_roll.pos=-2.49 gripper.pos=+1.50
DEBUG 2026-08-19 04:25:34 [action #496] t=18.32s step=495 queue=19 dmax=0.463 | shoulder_pan.pos=-2.25 shoulder_lift.pos=-103.33 elbow_flex.pos=+87.17 wrist_flex.pos=+78.35 wrist_roll.pos=-2.45 gripper.pos=+1.43
DEBUG 2026-08-19 04:25:34 [action #497] t=18.35s step=496 queue=18 dmax=0.313 | shoulder_pan.pos=-2.35 shoulder_lift.pos=-103.54 elbow_flex.pos=+87.48 wrist_flex.pos=+78.41 wrist_roll.pos=-2.48 gripper.pos=+1.55
DEBUG 2026-08-19 04:25:34 [action #498] t=18.38s step=497 queue=17 dmax=0.454 | shoulder_pan.pos=-2.45 shoulder_lift.pos=-103.35 elbow_flex.pos=+87.03 wrist_flex.pos=+78.40 wrist_roll.pos=-2.32 gripper.pos=+1.49
DEBUG 2026-08-19 04:25:34 [action #499] t=18.42s step=498 queue=16 dmax=0.251 | shoulder_pan.pos=-2.20 shoulder_lift.pos=-103.24 elbow_flex.pos=+87.23 wrist_flex.pos=+78.22 wrist_roll.pos=-2.34 gripper.pos=+1.53
DEBUG 2026-08-19 04:25:34 [action #500] t=18.45s step=499 queue=15 dmax=0.326 | shoulder_pan.pos=-2.21 shoulder_lift.pos=-102.91 elbow_flex.pos=+87.54 wrist_flex.pos=+78.24 wrist_roll.pos=-2.29 gripper.pos=+1.48
DEBUG 2026-08-19 04:25:34 [action #501] t=18.48s step=500 queue=14 dmax=0.886 | shoulder_pan.pos=-2.13 shoulder_lift.pos=-103.80 elbow_flex.pos=+87.49 wrist_flex.pos=+78.10 wrist_roll.pos=-2.29 gripper.pos=+1.42
DEBUG 2026-08-19 04:25:34 [action #502] t=18.52s step=501 queue=13 dmax=0.505 | shoulder_pan.pos=-2.22 shoulder_lift.pos=-103.29 elbow_flex.pos=+87.69 wrist_flex.pos=+78.07 wrist_roll.pos=-2.28 gripper.pos=+1.53
DEBUG 2026-08-19 04:25:34 [action #503] t=18.55s step=502 queue=12 dmax=0.214 | shoulder_pan.pos=-2.24 shoulder_lift.pos=-103.08 elbow_flex.pos=+87.90 wrist_flex.pos=+77.99 wrist_roll.pos=-2.34 gripper.pos=+1.50
DEBUG 2026-08-19 04:25:34 [action #504] t=18.58s step=503 queue=11 dmax=0.652 | shoulder_pan.pos=-2.32 shoulder_lift.pos=-103.73 elbow_flex.pos=+88.09 wrist_flex.pos=+78.07 wrist_roll.pos=-2.34 gripper.pos=+1.39
DEBUG 2026-08-19 04:25:34 [action #505] t=18.62s step=504 queue=10 dmax=0.388 | shoulder_pan.pos=-2.40 shoulder_lift.pos=-103.35 elbow_flex.pos=+88.01 wrist_flex.pos=+78.14 wrist_roll.pos=-2.23 gripper.pos=+1.51
DEBUG 2026-08-19 04:25:34 [chunk] received 50 actions, timesteps 484..533 | first: shoulder_pan.pos=-3.64 shoulder_lift.pos=-101.89 elbow_flex.pos=+86.19 wrist_flex.pos=+79.64 wrist_roll.pos=-2.22 gripper.pos=+1.09 | last: shoulder_pan.pos=-4.18 shoulder_lift.pos=-102.37 elbow_flex.pos=+87.91 wrist_flex.pos=+79.12 wrist_roll.pos=-2.40 gripper.pos=+1.00
DEBUG 2026-08-19 04:25:34 [action #506] t=18.65s step=505 queue=29 dmax=0.982 | shoulder_pan.pos=-3.38 shoulder_lift.pos=-102.92 elbow_flex.pos=+87.50 wrist_flex.pos=+78.65 wrist_roll.pos=-2.39 gripper.pos=+1.21
DEBUG 2026-08-19 04:25:34 [action #507] t=18.68s step=506 queue=28 dmax=0.501 | shoulder_pan.pos=-3.45 shoulder_lift.pos=-102.65 elbow_flex.pos=+88.00 wrist_flex.pos=+78.91 wrist_roll.pos=-2.42 gripper.pos=+1.23
DEBUG 2026-08-19 04:25:34 [action #508] t=18.72s step=507 queue=27 dmax=0.246 | shoulder_pan.pos=-3.34 shoulder_lift.pos=-102.42 elbow_flex.pos=+87.75 wrist_flex.pos=+78.82 wrist_roll.pos=-2.44 gripper.pos=+1.24
DEBUG 2026-08-19 04:25:34 [action #509] t=18.75s step=508 queue=26 dmax=0.411 | shoulder_pan.pos=-3.44 shoulder_lift.pos=-102.83 elbow_flex.pos=+88.13 wrist_flex.pos=+78.76 wrist_roll.pos=-2.39 gripper.pos=+1.13
DEBUG 2026-08-19 04:25:34 [action #510] t=18.78s step=509 queue=25 dmax=0.070 | shoulder_pan.pos=-3.44 shoulder_lift.pos=-102.83 elbow_flex.pos=+88.20 wrist_flex.pos=+78.76 wrist_roll.pos=-2.35 gripper.pos=+1.20
DEBUG 2026-08-19 04:25:35 [chunk] received 50 actions, timesteps 504..553 | first: shoulder_pan.pos=-2.35 shoulder_lift.pos=-102.38 elbow_flex.pos=+86.95 wrist_flex.pos=+78.25 wrist_roll.pos=-2.60 gripper.pos=+1.01 | last: shoulder_pan.pos=-3.24 shoulder_lift.pos=-102.63 elbow_flex.pos=+88.33 wrist_flex.pos=+78.67 wrist_roll.pos=-2.80 gripper.pos=+1.11
INFO 2026-08-19 04:25:35 Final action sent: shoulder_pan.pos=-3.44 shoulder_lift.pos=-102.83 elbow_flex.pos=+88.20 wrist_flex.pos=+78.76 wrist_roll.pos=-2.35 gripper.pos=+1.20
DEBUG 2026-08-19 04:25:35 === episode end | 19.2s | converged=True | actions=510 ===
DEBUG 2026-08-19 04:25:42 === episode start | task: 'put the banana on the tray' | duration: 30.0s ===
DEBUG 2026-08-19 04:25:43 [chunk] received 50 actions, timesteps 0..49 | first: shoulder_pan.pos=-4.72 shoulder_lift.pos=-102.38 elbow_flex.pos=+89.37 wrist_flex.pos=+76.08 wrist_roll.pos=-1.68 gripper.pos=+0.97 | last: shoulder_pan.pos=-4.80 shoulder_lift.pos=-101.99 elbow_flex.pos=+88.12 wrist_flex.pos=+76.26 wrist_roll.pos=-1.71 gripper.pos=+0.77
DEBUG 2026-08-19 04:25:43 [action #1] t=0.87s step=0 queue=50 dmax=n/a | shoulder_pan.pos=-4.72 shoulder_lift.pos=-102.38 elbow_flex.pos=+89.37 wrist_flex.pos=+76.08 wrist_roll.pos=-1.68 gripper.pos=+0.97
DEBUG 2026-08-19 04:25:43 [action #2] t=0.90s step=1 queue=49 dmax=0.467 | shoulder_pan.pos=-4.59 shoulder_lift.pos=-102.85 elbow_flex.pos=+89.49 wrist_flex.pos=+76.24 wrist_roll.pos=-1.72 gripper.pos=+1.06
DEBUG 2026-08-19 04:25:43 [action #3] t=0.94s step=2 queue=48 dmax=0.485 | shoulder_pan.pos=-5.08 shoulder_lift.pos=-102.83 elbow_flex.pos=+89.25 wrist_flex.pos=+76.24 wrist_roll.pos=-1.78 gripper.pos=+1.03
DEBUG 2026-08-19 04:25:43 [action #4] t=0.97s step=3 queue=47 dmax=0.674 | shoulder_pan.pos=-4.66 shoulder_lift.pos=-102.55 elbow_flex.pos=+89.92 wrist_flex.pos=+76.23 wrist_roll.pos=-1.78 gripper.pos=+0.97
DEBUG 2026-08-19 04:25:43 [action #5] t=1.00s step=4 queue=46 dmax=1.067 | shoulder_pan.pos=-4.74 shoulder_lift.pos=-102.21 elbow_flex.pos=+88.86 wrist_flex.pos=+76.39 wrist_roll.pos=-1.83 gripper.pos=+1.00
DEBUG 2026-08-19 04:25:43 [action #6] t=1.04s step=5 queue=45 dmax=0.447 | shoulder_pan.pos=-4.83 shoulder_lift.pos=-102.65 elbow_flex.pos=+89.19 wrist_flex.pos=+76.38 wrist_roll.pos=-1.86 gripper.pos=+1.01
DEBUG 2026-08-19 04:25:43 [action #7] t=1.07s step=6 queue=44 dmax=0.212 | shoulder_pan.pos=-4.75 shoulder_lift.pos=-102.44 elbow_flex.pos=+89.35 wrist_flex.pos=+76.36 wrist_roll.pos=-1.84 gripper.pos=+1.07
DEBUG 2026-08-19 04:25:43 [action #8] t=1.10s step=7 queue=43 dmax=0.411 | shoulder_pan.pos=-5.08 shoulder_lift.pos=-102.85 elbow_flex.pos=+89.55 wrist_flex.pos=+76.31 wrist_roll.pos=-1.81 gripper.pos=+1.06
DEBUG 2026-08-19 04:25:43 [action #9] t=1.14s step=8 queue=42 dmax=0.377 | shoulder_pan.pos=-4.70 shoulder_lift.pos=-102.54 elbow_flex.pos=+89.66 wrist_flex.pos=+76.51 wrist_roll.pos=-1.66 gripper.pos=+0.89
DEBUG 2026-08-19 04:25:43 [action #10] t=1.17s step=9 queue=41 dmax=0.324 | shoulder_pan.pos=-4.71 shoulder_lift.pos=-102.87 elbow_flex.pos=+89.40 wrist_flex.pos=+76.55 wrist_roll.pos=-1.61 gripper.pos=+1.02
DEBUG 2026-08-19 04:25:43 [action #11] t=1.20s step=10 queue=40 dmax=0.565 | shoulder_pan.pos=-4.94 shoulder_lift.pos=-102.30 elbow_flex.pos=+89.45 wrist_flex.pos=+76.57 wrist_roll.pos=-1.62 gripper.pos=+1.07
DEBUG 2026-08-19 04:25:43 [action #12] t=1.24s step=11 queue=39 dmax=0.610 | shoulder_pan.pos=-4.66 shoulder_lift.pos=-102.91 elbow_flex.pos=+89.49 wrist_flex.pos=+76.60 wrist_roll.pos=-1.62 gripper.pos=+0.97
DEBUG 2026-08-19 04:25:43 [action #13] t=1.27s step=12 queue=38 dmax=0.275 | shoulder_pan.pos=-4.56 shoulder_lift.pos=-102.64 elbow_flex.pos=+89.40 wrist_flex.pos=+76.73 wrist_roll.pos=-1.60 gripper.pos=+0.91
DEBUG 2026-08-19 04:25:43 [action #14] t=1.30s step=13 queue=37 dmax=0.308 | shoulder_pan.pos=-4.79 shoulder_lift.pos=-102.33 elbow_flex.pos=+89.54 wrist_flex.pos=+76.68 wrist_roll.pos=-1.68 gripper.pos=+1.05
DEBUG 2026-08-19 04:25:43 [action #15] t=1.34s step=14 queue=36 dmax=0.800 | shoulder_pan.pos=-4.92 shoulder_lift.pos=-102.78 elbow_flex.pos=+88.74 wrist_flex.pos=+76.54 wrist_roll.pos=-1.66 gripper.pos=+0.82
DEBUG 2026-08-19 04:25:43 [action #16] t=1.37s step=15 queue=35 dmax=0.707 | shoulder_pan.pos=-4.90 shoulder_lift.pos=-102.91 elbow_flex.pos=+89.45 wrist_flex.pos=+76.69 wrist_roll.pos=-1.57 gripper.pos=+0.97
DEBUG 2026-08-19 04:25:43 [action #17] t=1.40s step=16 queue=34 dmax=0.193 | shoulder_pan.pos=-4.72 shoulder_lift.pos=-102.89 elbow_flex.pos=+89.26 wrist_flex.pos=+76.74 wrist_roll.pos=-1.56 gripper.pos=+0.95
DEBUG 2026-08-19 04:25:43 [action #18] t=1.44s step=17 queue=33 dmax=0.171 | shoulder_pan.pos=-4.65 shoulder_lift.pos=-102.86 elbow_flex.pos=+89.09 wrist_flex.pos=+76.79 wrist_roll.pos=-1.59 gripper.pos=+0.95
DEBUG 2026-08-19 04:25:43 [action #19] t=1.47s step=18 queue=32 dmax=1.003 | shoulder_pan.pos=-4.84 shoulder_lift.pos=-101.86 elbow_flex.pos=+89.37 wrist_flex.pos=+76.73 wrist_roll.pos=-1.64 gripper.pos=+0.91
DEBUG 2026-08-19 04:25:43 [action #20] t=1.51s step=19 queue=31 dmax=0.699 | shoulder_pan.pos=-4.89 shoulder_lift.pos=-102.56 elbow_flex.pos=+89.22 wrist_flex.pos=+76.63 wrist_roll.pos=-1.62 gripper.pos=+0.98
DEBUG 2026-08-19 04:25:43 [action #21] t=1.54s step=20 queue=30 dmax=0.307 | shoulder_pan.pos=-4.95 shoulder_lift.pos=-102.79 elbow_flex.pos=+88.91 wrist_flex.pos=+76.66 wrist_roll.pos=-1.74 gripper.pos=+1.12
DEBUG 2026-08-19 04:25:43 [action #22] t=1.57s step=21 queue=29 dmax=0.606 | shoulder_pan.pos=-4.79 shoulder_lift.pos=-102.19 elbow_flex.pos=+89.26 wrist_flex.pos=+76.56 wrist_roll.pos=-1.65 gripper.pos=+1.00
DEBUG 2026-08-19 04:25:43 [action #23] t=1.61s step=22 queue=28 dmax=0.342 | shoulder_pan.pos=-5.05 shoulder_lift.pos=-102.53 elbow_flex.pos=+89.36 wrist_flex.pos=+76.74 wrist_roll.pos=-1.77 gripper.pos=+0.87
DEBUG 2026-08-19 04:25:43 [action #24] t=1.64s step=23 queue=27 dmax=0.360 | shoulder_pan.pos=-5.06 shoulder_lift.pos=-102.17 elbow_flex.pos=+89.08 wrist_flex.pos=+76.80 wrist_roll.pos=-1.71 gripper.pos=+0.87
DEBUG 2026-08-19 04:25:44 [action #25] t=1.67s step=24 queue=26 dmax=0.291 | shoulder_pan.pos=-4.89 shoulder_lift.pos=-102.23 elbow_flex.pos=+89.37 wrist_flex.pos=+76.55 wrist_roll.pos=-1.72 gripper.pos=+1.00
DEBUG 2026-08-19 04:25:44 [action #26] t=1.71s step=25 queue=25 dmax=0.369 | shoulder_pan.pos=-4.94 shoulder_lift.pos=-101.86 elbow_flex.pos=+89.14 wrist_flex.pos=+76.77 wrist_roll.pos=-1.70 gripper.pos=+0.76
DEBUG 2026-08-19 04:25:44 [action #27] t=1.74s step=26 queue=24 dmax=0.587 | shoulder_pan.pos=-4.95 shoulder_lift.pos=-102.45 elbow_flex.pos=+88.96 wrist_flex.pos=+76.56 wrist_roll.pos=-1.79 gripper.pos=+0.87
DEBUG 2026-08-19 04:25:44 [action #28] t=1.77s step=27 queue=23 dmax=0.528 | shoulder_pan.pos=-5.00 shoulder_lift.pos=-101.92 elbow_flex.pos=+88.88 wrist_flex.pos=+76.68 wrist_roll.pos=-1.83 gripper.pos=+0.73
DEBUG 2026-08-19 04:25:44 [action #29] t=1.81s step=28 queue=22 dmax=0.612 | shoulder_pan.pos=-4.85 shoulder_lift.pos=-102.53 elbow_flex.pos=+89.39 wrist_flex.pos=+76.53 wrist_roll.pos=-1.79 gripper.pos=+0.82
DEBUG 2026-08-19 04:25:44 [action #30] t=1.84s step=29 queue=21 dmax=0.905 | shoulder_pan.pos=-4.70 shoulder_lift.pos=-101.73 elbow_flex.pos=+88.48 wrist_flex.pos=+76.64 wrist_roll.pos=-1.76 gripper.pos=+0.84
DEBUG 2026-08-19 04:25:44 [action #31] t=1.87s step=30 queue=20 dmax=0.580 | shoulder_pan.pos=-4.77 shoulder_lift.pos=-101.88 elbow_flex.pos=+89.06 wrist_flex.pos=+76.74 wrist_roll.pos=-1.75 gripper.pos=+0.88
DEBUG 2026-08-19 04:25:44 [action #32] t=1.91s step=31 queue=19 dmax=0.556 | shoulder_pan.pos=-4.72 shoulder_lift.pos=-102.43 elbow_flex.pos=+89.57 wrist_flex.pos=+76.53 wrist_roll.pos=-1.72 gripper.pos=+0.94
DEBUG 2026-08-19 04:25:44 [action #33] t=1.94s step=32 queue=18 dmax=0.451 | shoulder_pan.pos=-4.77 shoulder_lift.pos=-102.49 elbow_flex.pos=+89.12 wrist_flex.pos=+76.62 wrist_roll.pos=-1.76 gripper.pos=+1.06
DEBUG 2026-08-19 04:25:44 [action #34] t=1.97s step=33 queue=17 dmax=0.471 | shoulder_pan.pos=-4.65 shoulder_lift.pos=-102.41 elbow_flex.pos=+88.65 wrist_flex.pos=+76.59 wrist_roll.pos=-1.71 gripper.pos=+0.93
DEBUG 2026-08-19 04:25:44 [action #35] t=2.01s step=34 queue=16 dmax=0.674 | shoulder_pan.pos=-4.88 shoulder_lift.pos=-101.74 elbow_flex.pos=+88.89 wrist_flex.pos=+76.60 wrist_roll.pos=-1.64 gripper.pos=+0.88
DEBUG 2026-08-19 04:25:44 [action #36] t=2.04s step=35 queue=15 dmax=0.371 | shoulder_pan.pos=-4.75 shoulder_lift.pos=-102.11 elbow_flex.pos=+89.03 wrist_flex.pos=+76.59 wrist_roll.pos=-1.74 gripper.pos=+0.88
DEBUG 2026-08-19 04:25:44 [action #37] t=2.07s step=36 queue=14 dmax=0.194 | shoulder_pan.pos=-4.59 shoulder_lift.pos=-102.04 elbow_flex.pos=+89.23 wrist_flex.pos=+76.57 wrist_roll.pos=-1.78 gripper.pos=+0.98
DEBUG 2026-08-19 04:25:44 [action #38] t=2.11s step=37 queue=13 dmax=0.320 | shoulder_pan.pos=-4.84 shoulder_lift.pos=-102.22 elbow_flex.pos=+88.91 wrist_flex.pos=+76.49 wrist_roll.pos=-1.72 gripper.pos=+0.91
DEBUG 2026-08-19 04:25:44 [action #39] t=2.14s step=38 queue=12 dmax=0.407 | shoulder_pan.pos=-4.83 shoulder_lift.pos=-101.82 elbow_flex.pos=+89.09 wrist_flex.pos=+76.44 wrist_roll.pos=-1.75 gripper.pos=+0.87
DEBUG 2026-08-19 04:25:44 [action #40] t=2.18s step=39 queue=11 dmax=0.295 | shoulder_pan.pos=-4.75 shoulder_lift.pos=-101.89 elbow_flex.pos=+88.80 wrist_flex.pos=+76.58 wrist_roll.pos=-1.67 gripper.pos=+0.79
DEBUG 2026-08-19 04:25:44 [chunk] received 50 actions, timesteps 14..63 | first: shoulder_pan.pos=-4.55 shoulder_lift.pos=-102.16 elbow_flex.pos=+89.54 wrist_flex.pos=+76.17 wrist_roll.pos=-1.55 gripper.pos=+1.08 | last: shoulder_pan.pos=-5.89 shoulder_lift.pos=-101.86 elbow_flex.pos=+88.13 wrist_flex.pos=+75.74 wrist_roll.pos=-1.60 gripper.pos=+0.66
DEBUG 2026-08-19 04:25:44 [action #41] t=2.21s step=40 queue=24 dmax=0.609 | shoulder_pan.pos=-4.78 shoulder_lift.pos=-101.74 elbow_flex.pos=+88.69 wrist_flex.pos=+75.97 wrist_roll.pos=-1.59 gripper.pos=+0.84
DEBUG 2026-08-19 04:25:44 [action #42] t=2.24s step=41 queue=23 dmax=0.095 | shoulder_pan.pos=-4.88 shoulder_lift.pos=-101.71 elbow_flex.pos=+88.64 wrist_flex.pos=+75.94 wrist_roll.pos=-1.60 gripper.pos=+0.86
DEBUG 2026-08-19 04:25:44 [action #43] t=2.28s step=42 queue=22 dmax=0.242 | shoulder_pan.pos=-4.85 shoulder_lift.pos=-101.95 elbow_flex.pos=+88.57 wrist_flex.pos=+75.88 wrist_roll.pos=-1.62 gripper.pos=+0.86
DEBUG 2026-08-19 04:25:44 [action #44] t=2.31s step=43 queue=21 dmax=0.057 | shoulder_pan.pos=-4.91 shoulder_lift.pos=-101.95 elbow_flex.pos=+88.62 wrist_flex.pos=+75.87 wrist_roll.pos=-1.62 gripper.pos=+0.87
DEBUG 2026-08-19 04:25:44 [action #45] t=2.34s step=44 queue=20 dmax=0.305 | shoulder_pan.pos=-4.94 shoulder_lift.pos=-101.65 elbow_flex.pos=+88.44 wrist_flex.pos=+75.97 wrist_roll.pos=-1.57 gripper.pos=+0.84
DEBUG 2026-08-19 04:25:44 [action #46] t=2.38s step=45 queue=19 dmax=0.167 | shoulder_pan.pos=-4.97 shoulder_lift.pos=-101.81 elbow_flex.pos=+88.61 wrist_flex.pos=+75.93 wrist_roll.pos=-1.63 gripper.pos=+0.85
DEBUG 2026-08-19 04:25:44 [action #47] t=2.41s step=46 queue=18 dmax=0.335 | shoulder_pan.pos=-5.16 shoulder_lift.pos=-101.63 elbow_flex.pos=+88.28 wrist_flex.pos=+75.83 wrist_roll.pos=-1.59 gripper.pos=+0.89
DEBUG 2026-08-19 04:25:44 [action #48] t=2.44s step=47 queue=17 dmax=0.402 | shoulder_pan.pos=-5.13 shoulder_lift.pos=-102.03 elbow_flex.pos=+88.31 wrist_flex.pos=+75.89 wrist_roll.pos=-1.58 gripper.pos=+0.88
DEBUG 2026-08-19 04:25:44 [action #49] t=2.48s step=48 queue=16 dmax=0.369 | shoulder_pan.pos=-5.31 shoulder_lift.pos=-101.66 elbow_flex.pos=+88.55 wrist_flex.pos=+75.98 wrist_roll.pos=-1.60 gripper.pos=+0.84
DEBUG 2026-08-19 04:25:44 [action #50] t=2.51s step=49 queue=15 dmax=0.401 | shoulder_pan.pos=-5.30 shoulder_lift.pos=-101.47 elbow_flex.pos=+88.15 wrist_flex.pos=+75.95 wrist_roll.pos=-1.62 gripper.pos=+0.82
DEBUG 2026-08-19 04:25:44 [action #51] t=2.54s step=50 queue=14 dmax=0.214 | shoulder_pan.pos=-5.51 shoulder_lift.pos=-101.66 elbow_flex.pos=+88.26 wrist_flex.pos=+75.75 wrist_roll.pos=-1.55 gripper.pos=+0.88
DEBUG 2026-08-19 04:25:44 [action #52] t=2.58s step=51 queue=13 dmax=0.226 | shoulder_pan.pos=-5.74 shoulder_lift.pos=-101.67 elbow_flex.pos=+88.41 wrist_flex.pos=+75.71 wrist_roll.pos=-1.62 gripper.pos=+0.78
DEBUG 2026-08-19 04:25:44 [action #53] t=2.61s step=52 queue=12 dmax=0.132 | shoulder_pan.pos=-5.78 shoulder_lift.pos=-101.60 elbow_flex.pos=+88.28 wrist_flex.pos=+75.61 wrist_roll.pos=-1.58 gripper.pos=+0.81
DEBUG 2026-08-19 04:25:44 [action #54] t=2.64s step=53 queue=11 dmax=0.232 | shoulder_pan.pos=-5.82 shoulder_lift.pos=-101.77 elbow_flex.pos=+88.51 wrist_flex.pos=+75.63 wrist_roll.pos=-1.58 gripper.pos=+0.75
DEBUG 2026-08-19 04:25:45 [action #55] t=2.68s step=54 queue=10 dmax=0.304 | shoulder_pan.pos=-5.86 shoulder_lift.pos=-101.61 elbow_flex.pos=+88.21 wrist_flex.pos=+75.55 wrist_roll.pos=-1.60 gripper.pos=+0.81
DEBUG 2026-08-19 04:25:45 [action #56] t=2.71s step=55 queue=9 dmax=0.141 | shoulder_pan.pos=-5.82 shoulder_lift.pos=-101.67 elbow_flex.pos=+88.35 wrist_flex.pos=+75.58 wrist_roll.pos=-1.59 gripper.pos=+0.84
DEBUG 2026-08-19 04:25:45 [action #57] t=2.74s step=56 queue=8 dmax=0.346 | shoulder_pan.pos=-5.99 shoulder_lift.pos=-101.33 elbow_flex.pos=+88.35 wrist_flex.pos=+75.55 wrist_roll.pos=-1.59 gripper.pos=+0.84
DEBUG 2026-08-19 04:25:45 [action #58] t=2.78s step=57 queue=7 dmax=0.198 | shoulder_pan.pos=-6.03 shoulder_lift.pos=-101.39 elbow_flex.pos=+88.15 wrist_flex.pos=+75.63 wrist_roll.pos=-1.63 gripper.pos=+0.67
DEBUG 2026-08-19 04:25:45 [action #59] t=2.81s step=58 queue=6 dmax=0.452 | shoulder_pan.pos=-5.95 shoulder_lift.pos=-101.41 elbow_flex.pos=+88.60 wrist_flex.pos=+75.54 wrist_roll.pos=-1.60 gripper.pos=+0.87
DEBUG 2026-08-19 04:25:45 [action #60] t=2.84s step=59 queue=5 dmax=0.223 | shoulder_pan.pos=-6.02 shoulder_lift.pos=-101.53 elbow_flex.pos=+88.38 wrist_flex.pos=+75.68 wrist_roll.pos=-1.61 gripper.pos=+0.83
DEBUG 2026-08-19 04:25:45 [action #61] t=2.88s step=60 queue=4 dmax=0.235 | shoulder_pan.pos=-5.90 shoulder_lift.pos=-101.29 elbow_flex.pos=+88.47 wrist_flex.pos=+75.67 wrist_roll.pos=-1.61 gripper.pos=+0.75
DEBUG 2026-08-19 04:25:45 [action #62] t=2.91s step=61 queue=3 dmax=0.289 | shoulder_pan.pos=-5.93 shoulder_lift.pos=-101.27 elbow_flex.pos=+88.18 wrist_flex.pos=+75.67 wrist_roll.pos=-1.58 gripper.pos=+0.72
DEBUG 2026-08-19 04:25:45 [action #63] t=2.94s step=62 queue=2 dmax=0.179 | shoulder_pan.pos=-5.81 shoulder_lift.pos=-101.34 elbow_flex.pos=+88.36 wrist_flex.pos=+75.68 wrist_roll.pos=-1.60 gripper.pos=+0.82
DEBUG 2026-08-19 04:25:45 [action #64] t=2.98s step=63 queue=1 dmax=0.515 | shoulder_pan.pos=-5.89 shoulder_lift.pos=-101.86 elbow_flex.pos=+88.13 wrist_flex.pos=+75.74 wrist_roll.pos=-1.60 gripper.pos=+0.66
DEBUG 2026-08-19 04:25:45 [chunk] received 50 actions, timesteps 53..102 | first: shoulder_pan.pos=-5.12 shoulder_lift.pos=-102.42 elbow_flex.pos=+88.76 wrist_flex.pos=+75.69 wrist_roll.pos=-2.11 gripper.pos=+1.21 | last: shoulder_pan.pos=-8.35 shoulder_lift.pos=-91.80 elbow_flex.pos=+82.21 wrist_flex.pos=+72.98 wrist_roll.pos=-2.68 gripper.pos=+0.98
DEBUG 2026-08-19 04:25:45 [action #65] t=3.55s step=64 queue=39 dmax=0.488 | shoulder_pan.pos=-5.78 shoulder_lift.pos=-101.77 elbow_flex.pos=+88.48 wrist_flex.pos=+75.69 wrist_roll.pos=-2.09 gripper.pos=+1.15
DEBUG 2026-08-19 04:25:45 [action #66] t=3.58s step=65 queue=38 dmax=0.211 | shoulder_pan.pos=-5.99 shoulder_lift.pos=-101.61 elbow_flex.pos=+88.38 wrist_flex.pos=+75.68 wrist_roll.pos=-2.11 gripper.pos=+1.13
DEBUG 2026-08-19 04:25:45 [action #67] t=3.61s step=66 queue=37 dmax=0.279 | shoulder_pan.pos=-6.22 shoulder_lift.pos=-101.89 elbow_flex.pos=+88.12 wrist_flex.pos=+75.49 wrist_roll.pos=-2.10 gripper.pos=+1.08
DEBUG 2026-08-19 04:25:45 [action #68] t=3.65s step=67 queue=36 dmax=0.212 | shoulder_pan.pos=-6.06 shoulder_lift.pos=-101.67 elbow_flex.pos=+88.20 wrist_flex.pos=+75.55 wrist_roll.pos=-2.07 gripper.pos=+1.15
DEBUG 2026-08-19 04:25:46 [action #69] t=3.68s step=68 queue=35 dmax=0.398 | shoulder_pan.pos=-6.15 shoulder_lift.pos=-101.59 elbow_flex.pos=+87.80 wrist_flex.pos=+75.55 wrist_roll.pos=-2.10 gripper.pos=+1.13
DEBUG 2026-08-19 04:25:46 [action #70] t=3.71s step=69 queue=34 dmax=0.283 | shoulder_pan.pos=-6.13 shoulder_lift.pos=-101.88 elbow_flex.pos=+87.98 wrist_flex.pos=+75.64 wrist_roll.pos=-1.96 gripper.pos=+1.09
DEBUG 2026-08-19 04:25:46 [action #71] t=3.75s step=70 queue=33 dmax=0.161 | shoulder_pan.pos=-6.24 shoulder_lift.pos=-101.79 elbow_flex.pos=+87.82 wrist_flex.pos=+75.61 wrist_roll.pos=-1.98 gripper.pos=+1.10
DEBUG 2026-08-19 04:25:46 [action #72] t=3.78s step=71 queue=32 dmax=0.233 | shoulder_pan.pos=-6.44 shoulder_lift.pos=-101.55 elbow_flex.pos=+87.72 wrist_flex.pos=+75.62 wrist_roll.pos=-1.95 gripper.pos=+1.18
DEBUG 2026-08-19 04:25:46 [action #73] t=3.81s step=72 queue=31 dmax=0.194 | shoulder_pan.pos=-6.52 shoulder_lift.pos=-101.74 elbow_flex.pos=+87.52 wrist_flex.pos=+75.64 wrist_roll.pos=-1.92 gripper.pos=+1.13
DEBUG 2026-08-19 04:25:46 [action #74] t=3.85s step=73 queue=30 dmax=0.286 | shoulder_pan.pos=-6.80 shoulder_lift.pos=-102.01 elbow_flex.pos=+87.50 wrist_flex.pos=+75.63 wrist_roll.pos=-1.73 gripper.pos=+1.07
DEBUG 2026-08-19 04:25:46 [action #75] t=3.88s step=74 queue=29 dmax=0.099 | shoulder_pan.pos=-6.82 shoulder_lift.pos=-101.91 elbow_flex.pos=+87.58 wrist_flex.pos=+75.63 wrist_roll.pos=-1.83 gripper.pos=+1.05
DEBUG 2026-08-19 04:25:46 [action #76] t=3.92s step=75 queue=28 dmax=0.315 | shoulder_pan.pos=-6.81 shoulder_lift.pos=-101.59 elbow_flex.pos=+87.33 wrist_flex.pos=+75.47 wrist_roll.pos=-1.81 gripper.pos=+1.12
DEBUG 2026-08-19 04:25:46 [action #77] t=3.95s step=76 queue=27 dmax=0.280 | shoulder_pan.pos=-6.95 shoulder_lift.pos=-101.69 elbow_flex.pos=+87.05 wrist_flex.pos=+75.40 wrist_roll.pos=-1.79 gripper.pos=+1.04
DEBUG 2026-08-19 04:25:46 [action #78] t=3.98s step=77 queue=26 dmax=0.195 | shoulder_pan.pos=-7.14 shoulder_lift.pos=-101.50 elbow_flex.pos=+86.96 wrist_flex.pos=+75.35 wrist_roll.pos=-1.80 gripper.pos=+1.02
DEBUG 2026-08-19 04:25:46 [action #79] t=4.02s step=78 queue=25 dmax=0.340 | shoulder_pan.pos=-7.19 shoulder_lift.pos=-101.84 elbow_flex.pos=+86.86 wrist_flex.pos=+75.23 wrist_roll.pos=-1.84 gripper.pos=+1.03
DEBUG 2026-08-19 04:25:46 [action #80] t=4.05s step=79 queue=24 dmax=0.340 | shoulder_pan.pos=-7.42 shoulder_lift.pos=-101.50 elbow_flex.pos=+87.14 wrist_flex.pos=+75.15 wrist_roll.pos=-1.87 gripper.pos=+1.08
DEBUG 2026-08-19 04:25:46 [action #81] t=4.08s step=80 queue=23 dmax=0.459 | shoulder_pan.pos=-7.45 shoulder_lift.pos=-101.04 elbow_flex.pos=+87.15 wrist_flex.pos=+75.14 wrist_roll.pos=-1.84 gripper.pos=+1.07
DEBUG 2026-08-19 04:25:46 [action #82] t=4.12s step=81 queue=22 dmax=0.298 | shoulder_pan.pos=-7.50 shoulder_lift.pos=-101.30 elbow_flex.pos=+86.85 wrist_flex.pos=+75.06 wrist_roll.pos=-1.86 gripper.pos=+1.09
DEBUG 2026-08-19 04:25:46 [action #83] t=4.15s step=82 queue=21 dmax=0.175 | shoulder_pan.pos=-7.56 shoulder_lift.pos=-101.18 elbow_flex.pos=+86.68 wrist_flex.pos=+74.97 wrist_roll.pos=-1.87 gripper.pos=+1.24
DEBUG 2026-08-19 04:25:46 [action #84] t=4.18s step=83 queue=20 dmax=0.308 | shoulder_pan.pos=-7.65 shoulder_lift.pos=-101.22 elbow_flex.pos=+86.99 wrist_flex.pos=+74.97 wrist_roll.pos=-1.83 gripper.pos=+1.06
DEBUG 2026-08-19 04:25:46 [chunk] received 50 actions, timesteps 63..112 | first: shoulder_pan.pos=-6.34 shoulder_lift.pos=-102.41 elbow_flex.pos=+89.51 wrist_flex.pos=+76.17 wrist_roll.pos=-1.51 gripper.pos=+1.23 | last: shoulder_pan.pos=-7.96 shoulder_lift.pos=-102.19 elbow_flex.pos=+87.98 wrist_flex.pos=+75.79 wrist_roll.pos=-1.42 gripper.pos=+0.95
DEBUG 2026-08-19 04:25:46 [action #85] t=4.22s step=84 queue=29 dmax=1.419 | shoulder_pan.pos=-7.22 shoulder_lift.pos=-101.89 elbow_flex.pos=+88.41 wrist_flex.pos=+75.77 wrist_roll.pos=-1.47 gripper.pos=+1.00
DEBUG 2026-08-19 04:25:46 [action #86] t=4.25s step=85 queue=28 dmax=0.241 | shoulder_pan.pos=-7.27 shoulder_lift.pos=-101.84 elbow_flex.pos=+88.17 wrist_flex.pos=+75.55 wrist_roll.pos=-1.49 gripper.pos=+1.04
DEBUG 2026-08-19 04:25:46 [action #87] t=4.28s step=86 queue=27 dmax=0.137 | shoulder_pan.pos=-7.22 shoulder_lift.pos=-101.77 elbow_flex.pos=+88.03 wrist_flex.pos=+75.64 wrist_roll.pos=-1.51 gripper.pos=+1.06
DEBUG 2026-08-19 04:25:46 [action #88] t=4.32s step=87 queue=26 dmax=0.501 | shoulder_pan.pos=-7.37 shoulder_lift.pos=-101.27 elbow_flex.pos=+87.95 wrist_flex.pos=+75.56 wrist_roll.pos=-1.49 gripper.pos=+1.04
DEBUG 2026-08-19 04:25:46 [action #89] t=4.35s step=88 queue=25 dmax=0.225 | shoulder_pan.pos=-7.51 shoulder_lift.pos=-101.35 elbow_flex.pos=+88.18 wrist_flex.pos=+75.50 wrist_roll.pos=-1.54 gripper.pos=+1.07
DEBUG 2026-08-19 04:25:46 [action #90] t=4.38s step=89 queue=24 dmax=0.290 | shoulder_pan.pos=-7.53 shoulder_lift.pos=-101.52 elbow_flex.pos=+87.89 wrist_flex.pos=+75.41 wrist_roll.pos=-1.54 gripper.pos=+1.10
DEBUG 2026-08-19 04:25:46 [action #91] t=4.42s step=90 queue=23 dmax=0.364 | shoulder_pan.pos=-7.76 shoulder_lift.pos=-101.15 elbow_flex.pos=+87.94 wrist_flex.pos=+75.37 wrist_roll.pos=-1.50 gripper.pos=+1.05
DEBUG 2026-08-19 04:25:46 [action #92] t=4.45s step=91 queue=22 dmax=0.271 | shoulder_pan.pos=-7.70 shoulder_lift.pos=-100.93 elbow_flex.pos=+87.67 wrist_flex.pos=+75.24 wrist_roll.pos=-1.55 gripper.pos=+1.08
DEBUG 2026-08-19 04:25:46 [action #93] t=4.48s step=92 queue=21 dmax=0.218 | shoulder_pan.pos=-7.92 shoulder_lift.pos=-100.91 elbow_flex.pos=+87.75 wrist_flex.pos=+75.14 wrist_roll.pos=-1.60 gripper.pos=+1.05
DEBUG 2026-08-19 04:25:46 [action #94] t=4.52s step=93 queue=20 dmax=0.246 | shoulder_pan.pos=-7.88 shoulder_lift.pos=-100.67 elbow_flex.pos=+87.61 wrist_flex.pos=+75.21 wrist_roll.pos=-1.58 gripper.pos=+1.13
DEBUG 2026-08-19 04:25:46 [action #95] t=4.55s step=94 queue=19 dmax=0.438 | shoulder_pan.pos=-7.83 shoulder_lift.pos=-100.23 elbow_flex.pos=+87.57 wrist_flex.pos=+75.03 wrist_roll.pos=-1.59 gripper.pos=+1.09
DEBUG 2026-08-19 04:25:46 [action #96] t=4.58s step=95 queue=18 dmax=0.153 | shoulder_pan.pos=-7.89 shoulder_lift.pos=-100.16 elbow_flex.pos=+87.44 wrist_flex.pos=+74.88 wrist_roll.pos=-1.65 gripper.pos=+1.14
DEBUG 2026-08-19 04:25:46 [action #97] t=4.62s step=96 queue=17 dmax=0.420 | shoulder_pan.pos=-7.89 shoulder_lift.pos=-99.74 elbow_flex.pos=+87.36 wrist_flex.pos=+75.03 wrist_roll.pos=-1.66 gripper.pos=+1.06
DEBUG 2026-08-19 04:25:46 [action #98] t=4.65s step=97 queue=16 dmax=0.104 | shoulder_pan.pos=-7.81 shoulder_lift.pos=-99.85 elbow_flex.pos=+87.31 wrist_flex.pos=+74.99 wrist_roll.pos=-1.70 gripper.pos=+1.07
DEBUG 2026-08-19 04:25:47 [action #99] t=4.68s step=98 queue=15 dmax=0.309 | shoulder_pan.pos=-7.65 shoulder_lift.pos=-99.61 elbow_flex.pos=+87.00 wrist_flex.pos=+75.09 wrist_roll.pos=-1.74 gripper.pos=+1.08
DEBUG 2026-08-19 04:25:47 [action #100] t=4.72s step=99 queue=14 dmax=0.083 | shoulder_pan.pos=-7.73 shoulder_lift.pos=-99.68 elbow_flex.pos=+86.97 wrist_flex.pos=+75.01 wrist_roll.pos=-1.71 gripper.pos=+1.06
DEBUG 2026-08-19 04:25:47 [action #101] t=4.75s step=100 queue=13 dmax=0.330 | shoulder_pan.pos=-7.90 shoulder_lift.pos=-99.35 elbow_flex.pos=+86.95 wrist_flex.pos=+74.99 wrist_roll.pos=-1.78 gripper.pos=+1.03
DEBUG 2026-08-19 04:25:47 [action #102] t=4.78s step=101 queue=12 dmax=0.090 | shoulder_pan.pos=-7.89 shoulder_lift.pos=-99.37 elbow_flex.pos=+86.86 wrist_flex.pos=+74.96 wrist_roll.pos=-1.73 gripper.pos=+0.96
DEBUG 2026-08-19 04:25:47 [action #103] t=4.82s step=102 queue=11 dmax=0.333 | shoulder_pan.pos=-7.99 shoulder_lift.pos=-99.03 elbow_flex.pos=+86.68 wrist_flex.pos=+74.93 wrist_roll.pos=-1.76 gripper.pos=+1.02
DEBUG 2026-08-19 04:25:47 [action #104] t=4.85s step=103 queue=10 dmax=3.028 | shoulder_pan.pos=-7.93 shoulder_lift.pos=-102.06 elbow_flex.pos=+88.40 wrist_flex.pos=+75.75 wrist_roll.pos=-1.40 gripper.pos=+0.97
DEBUG 2026-08-19 04:25:47 [action #105] t=4.89s step=104 queue=9 dmax=0.257 | shoulder_pan.pos=-7.90 shoulder_lift.pos=-101.80 elbow_flex.pos=+88.44 wrist_flex.pos=+75.81 wrist_roll.pos=-1.34 gripper.pos=+1.02
DEBUG 2026-08-19 04:25:47 [chunk] received 50 actions, timesteps 82..131 | first: shoulder_pan.pos=-7.66 shoulder_lift.pos=-102.00 elbow_flex.pos=+88.60 wrist_flex.pos=+75.12 wrist_roll.pos=-1.79 gripper.pos=+1.25 | last: shoulder_pan.pos=-8.48 shoulder_lift.pos=-81.59 elbow_flex.pos=+75.04 wrist_flex.pos=+69.58 wrist_roll.pos=-2.98 gripper.pos=+1.12
DEBUG 2026-08-19 04:25:47 [action #106] t=4.92s step=105 queue=27 dmax=2.046 | shoulder_pan.pos=-8.48 shoulder_lift.pos=-101.96 elbow_flex.pos=+87.60 wrist_flex.pos=+73.77 wrist_roll.pos=-1.67 gripper.pos=+1.01
DEBUG 2026-08-19 04:25:47 [action #107] t=4.95s step=106 queue=26 dmax=0.213 | shoulder_pan.pos=-8.57 shoulder_lift.pos=-101.88 elbow_flex.pos=+87.39 wrist_flex.pos=+73.87 wrist_roll.pos=-1.61 gripper.pos=+1.02
DEBUG 2026-08-19 04:25:47 [action #108] t=4.99s step=107 queue=25 dmax=0.121 | shoulder_pan.pos=-8.61 shoulder_lift.pos=-102.00 elbow_flex.pos=+87.44 wrist_flex.pos=+73.98 wrist_roll.pos=-1.64 gripper.pos=+0.96
DEBUG 2026-08-19 04:25:47 [action #109] t=5.02s step=108 queue=24 dmax=0.125 | shoulder_pan.pos=-8.48 shoulder_lift.pos=-102.06 elbow_flex.pos=+87.36 wrist_flex.pos=+73.96 wrist_roll.pos=-1.58 gripper.pos=+1.07
DEBUG 2026-08-19 04:25:47 [action #110] t=5.05s step=109 queue=23 dmax=0.154 | shoulder_pan.pos=-8.54 shoulder_lift.pos=-101.90 elbow_flex.pos=+87.21 wrist_flex.pos=+74.01 wrist_roll.pos=-1.57 gripper.pos=+1.06
DEBUG 2026-08-19 04:25:47 [action #111] t=5.09s step=110 queue=22 dmax=0.481 | shoulder_pan.pos=-8.52 shoulder_lift.pos=-101.89 elbow_flex.pos=+86.73 wrist_flex.pos=+74.00 wrist_roll.pos=-1.55 gripper.pos=+1.09
DEBUG 2026-08-19 04:25:47 [action #112] t=5.12s step=111 queue=21 dmax=0.243 | shoulder_pan.pos=-8.53 shoulder_lift.pos=-102.14 elbow_flex.pos=+86.76 wrist_flex.pos=+73.99 wrist_roll.pos=-1.57 gripper.pos=+1.06
DEBUG 2026-08-19 04:25:47 [action #113] t=5.15s step=112 queue=20 dmax=0.241 | shoulder_pan.pos=-8.43 shoulder_lift.pos=-101.90 elbow_flex.pos=+86.71 wrist_flex.pos=+73.97 wrist_roll.pos=-1.58 gripper.pos=+1.01
DEBUG 2026-08-19 04:25:47 [action #114] t=5.19s step=113 queue=19 dmax=0.919 | shoulder_pan.pos=-8.56 shoulder_lift.pos=-101.70 elbow_flex.pos=+85.79 wrist_flex.pos=+73.31 wrist_roll.pos=-1.74 gripper.pos=+1.08
DEBUG 2026-08-19 04:25:47 [action #115] t=5.22s step=114 queue=18 dmax=0.309 | shoulder_pan.pos=-8.49 shoulder_lift.pos=-101.39 elbow_flex.pos=+85.49 wrist_flex.pos=+73.22 wrist_roll.pos=-1.75 gripper.pos=+1.04
DEBUG 2026-08-19 04:25:47 [action #116] t=5.25s step=115 queue=17 dmax=0.157 | shoulder_pan.pos=-8.45 shoulder_lift.pos=-101.33 elbow_flex.pos=+85.65 wrist_flex.pos=+73.24 wrist_roll.pos=-1.74 gripper.pos=+1.09
DEBUG 2026-08-19 04:25:47 [action #117] t=5.29s step=116 queue=16 dmax=0.219 | shoulder_pan.pos=-8.31 shoulder_lift.pos=-101.13 elbow_flex.pos=+85.43 wrist_flex.pos=+73.25 wrist_roll.pos=-1.83 gripper.pos=+1.10
DEBUG 2026-08-19 04:25:47 [action #118] t=5.32s step=117 queue=15 dmax=0.550 | shoulder_pan.pos=-8.18 shoulder_lift.pos=-100.71 elbow_flex.pos=+84.88 wrist_flex.pos=+73.19 wrist_roll.pos=-1.83 gripper.pos=+1.08
DEBUG 2026-08-19 04:25:47 [action #119] t=5.35s step=118 queue=14 dmax=0.954 | shoulder_pan.pos=-8.08 shoulder_lift.pos=-99.76 elbow_flex.pos=+84.49 wrist_flex.pos=+73.07 wrist_roll.pos=-1.93 gripper.pos=+1.05
DEBUG 2026-08-19 04:25:47 [action #120] t=5.39s step=119 queue=13 dmax=1.061 | shoulder_pan.pos=-8.10 shoulder_lift.pos=-98.70 elbow_flex.pos=+83.73 wrist_flex.pos=+72.77 wrist_roll.pos=-1.99 gripper.pos=+1.05
DEBUG 2026-08-19 04:25:47 [action #121] t=5.42s step=120 queue=12 dmax=1.301 | shoulder_pan.pos=-7.90 shoulder_lift.pos=-97.39 elbow_flex.pos=+83.50 wrist_flex.pos=+72.63 wrist_roll.pos=-2.02 gripper.pos=+1.02
DEBUG 2026-08-19 04:25:47 [action #122] t=5.45s step=121 queue=11 dmax=1.708 | shoulder_pan.pos=-7.79 shoulder_lift.pos=-95.69 elbow_flex.pos=+82.66 wrist_flex.pos=+72.36 wrist_roll.pos=-2.15 gripper.pos=+1.16
DEBUG 2026-08-19 04:25:47 [action #123] t=5.49s step=122 queue=10 dmax=2.226 | shoulder_pan.pos=-7.81 shoulder_lift.pos=-93.46 elbow_flex.pos=+81.25 wrist_flex.pos=+72.02 wrist_roll.pos=-2.27 gripper.pos=+1.07
DEBUG 2026-08-19 04:25:47 [action #124] t=5.52s step=123 queue=9 dmax=1.527 | shoulder_pan.pos=-7.91 shoulder_lift.pos=-91.93 elbow_flex.pos=+80.33 wrist_flex.pos=+71.96 wrist_roll.pos=-2.34 gripper.pos=+1.09
DEBUG 2026-08-19 04:25:47 [action #125] t=5.55s step=124 queue=8 dmax=1.743 | shoulder_pan.pos=-7.82 shoulder_lift.pos=-90.19 elbow_flex.pos=+79.28 wrist_flex.pos=+71.51 wrist_roll.pos=-2.40 gripper.pos=+1.04
DEBUG 2026-08-19 04:25:47 [action #126] t=5.59s step=125 queue=7 dmax=1.667 | shoulder_pan.pos=-8.05 shoulder_lift.pos=-88.52 elbow_flex.pos=+78.56 wrist_flex.pos=+71.34 wrist_roll.pos=-2.39 gripper.pos=+1.04
DEBUG 2026-08-19 04:25:47 [action #127] t=5.62s step=126 queue=6 dmax=1.520 | shoulder_pan.pos=-8.06 shoulder_lift.pos=-87.00 elbow_flex.pos=+77.80 wrist_flex.pos=+70.90 wrist_roll.pos=-2.54 gripper.pos=+1.03
DEBUG 2026-08-19 04:25:47 [chunk] received 50 actions, timesteps 104..153 | first: shoulder_pan.pos=-7.81 shoulder_lift.pos=-100.98 elbow_flex.pos=+87.44 wrist_flex.pos=+76.20 wrist_roll.pos=-1.45 gripper.pos=+1.34 | last: shoulder_pan.pos=-9.40 shoulder_lift.pos=-56.24 elbow_flex.pos=+60.74 wrist_flex.pos=+64.84 wrist_roll.pos=-5.27 gripper.pos=+1.14
DEBUG 2026-08-19 04:25:47 [action #128] t=5.66s step=127 queue=27 dmax=4.340 | shoulder_pan.pos=-9.07 shoulder_lift.pos=-91.34 elbow_flex.pos=+81.16 wrist_flex.pos=+70.61 wrist_roll.pos=-2.02 gripper.pos=+1.12
DEBUG 2026-08-19 04:25:48 [action #129] t=5.69s step=128 queue=26 dmax=1.635 | shoulder_pan.pos=-9.27 shoulder_lift.pos=-89.71 elbow_flex.pos=+80.94 wrist_flex.pos=+69.90 wrist_roll.pos=-2.33 gripper.pos=+1.09
DEBUG 2026-08-19 04:25:48 [action #130] t=5.72s step=129 queue=25 dmax=2.105 | shoulder_pan.pos=-9.44 shoulder_lift.pos=-87.60 elbow_flex.pos=+79.63 wrist_flex.pos=+69.47 wrist_roll.pos=-2.54 gripper.pos=+1.12
DEBUG 2026-08-19 04:25:48 [action #131] t=5.76s step=130 queue=24 dmax=1.685 | shoulder_pan.pos=-9.47 shoulder_lift.pos=-85.92 elbow_flex.pos=+78.86 wrist_flex.pos=+68.90 wrist_roll.pos=-2.75 gripper.pos=+1.08
DEBUG 2026-08-19 04:25:48 [action #132] t=5.79s step=131 queue=23 dmax=1.897 | shoulder_pan.pos=-9.51 shoulder_lift.pos=-84.02 elbow_flex.pos=+78.09 wrist_flex.pos=+68.54 wrist_roll.pos=-2.93 gripper.pos=+1.12
DEBUG 2026-08-19 04:25:48 [action #133] t=5.82s step=132 queue=22 dmax=1.158 | shoulder_pan.pos=-10.06 shoulder_lift.pos=-82.86 elbow_flex.pos=+78.43 wrist_flex.pos=+67.71 wrist_roll.pos=-3.02 gripper.pos=+1.19
DEBUG 2026-08-19 04:25:48 [action #134] t=5.86s step=133 queue=21 dmax=1.677 | shoulder_pan.pos=-10.37 shoulder_lift.pos=-81.19 elbow_flex.pos=+77.02 wrist_flex.pos=+67.35 wrist_roll.pos=-3.27 gripper.pos=+0.98
DEBUG 2026-08-19 04:25:48 [action #135] t=5.89s step=134 queue=20 dmax=2.321 | shoulder_pan.pos=-10.09 shoulder_lift.pos=-78.86 elbow_flex.pos=+76.12 wrist_flex.pos=+67.16 wrist_roll.pos=-3.46 gripper.pos=+1.05
DEBUG 2026-08-19 04:25:48 [action #136] t=5.92s step=135 queue=19 dmax=1.761 | shoulder_pan.pos=-10.18 shoulder_lift.pos=-77.10 elbow_flex.pos=+75.13 wrist_flex.pos=+66.75 wrist_roll.pos=-3.69 gripper.pos=+1.07
DEBUG 2026-08-19 04:25:48 [action #137] t=5.96s step=136 queue=18 dmax=2.105 | shoulder_pan.pos=-10.17 shoulder_lift.pos=-75.00 elbow_flex.pos=+74.20 wrist_flex.pos=+66.58 wrist_roll.pos=-4.00 gripper.pos=+1.03
DEBUG 2026-08-19 04:25:48 [action #138] t=5.99s step=137 queue=17 dmax=2.281 | shoulder_pan.pos=-10.20 shoulder_lift.pos=-72.72 elbow_flex.pos=+72.81 wrist_flex.pos=+66.06 wrist_roll.pos=-4.35 gripper.pos=+1.10
DEBUG 2026-08-19 04:25:48 [action #139] t=6.02s step=138 queue=16 dmax=2.033 | shoulder_pan.pos=-10.26 shoulder_lift.pos=-70.68 elbow_flex.pos=+71.51 wrist_flex.pos=+65.79 wrist_roll.pos=-4.67 gripper.pos=+1.11
DEBUG 2026-08-19 04:25:48 [action #140] t=6.06s step=139 queue=15 dmax=1.866 | shoulder_pan.pos=-10.18 shoulder_lift.pos=-68.82 elbow_flex.pos=+70.28 wrist_flex.pos=+65.60 wrist_roll.pos=-4.86 gripper.pos=+1.10
DEBUG 2026-08-19 04:25:48 [action #141] t=6.09s step=140 queue=14 dmax=1.614 | shoulder_pan.pos=-9.93 shoulder_lift.pos=-67.20 elbow_flex.pos=+69.21 wrist_flex.pos=+65.35 wrist_roll.pos=-5.02 gripper.pos=+1.09
DEBUG 2026-08-19 04:25:48 [action #142] t=6.12s step=141 queue=13 dmax=1.511 | shoulder_pan.pos=-9.99 shoulder_lift.pos=-65.69 elbow_flex.pos=+68.20 wrist_flex.pos=+65.24 wrist_roll.pos=-5.00 gripper.pos=+1.17
DEBUG 2026-08-19 04:25:48 [action #143] t=6.16s step=142 queue=12 dmax=1.334 | shoulder_pan.pos=-10.20 shoulder_lift.pos=-64.36 elbow_flex.pos=+67.64 wrist_flex.pos=+65.21 wrist_roll.pos=-5.08 gripper.pos=+1.11
DEBUG 2026-08-19 04:25:48 [action #144] t=6.19s step=143 queue=11 dmax=1.350 | shoulder_pan.pos=-10.01 shoulder_lift.pos=-63.01 elbow_flex.pos=+66.36 wrist_flex.pos=+65.01 wrist_roll.pos=-4.91 gripper.pos=+1.15
DEBUG 2026-08-19 04:25:48 [action #145] t=6.22s step=144 queue=10 dmax=0.893 | shoulder_pan.pos=-9.89 shoulder_lift.pos=-62.44 elbow_flex.pos=+65.47 wrist_flex.pos=+64.99 wrist_roll.pos=-4.99 gripper.pos=+1.19
DEBUG 2026-08-19 04:25:48 [action #146] t=6.26s step=145 queue=9 dmax=0.946 | shoulder_pan.pos=-9.80 shoulder_lift.pos=-61.50 elbow_flex.pos=+65.02 wrist_flex.pos=+64.95 wrist_roll.pos=-4.95 gripper.pos=+1.06
DEBUG 2026-08-19 04:25:48 [action #147] t=6.29s step=146 queue=8 dmax=0.860 | shoulder_pan.pos=-9.83 shoulder_lift.pos=-60.64 elbow_flex.pos=+64.16 wrist_flex.pos=+64.86 wrist_roll.pos=-4.86 gripper.pos=+1.17
DEBUG 2026-08-19 04:25:48 [action #148] t=6.32s step=147 queue=7 dmax=0.703 | shoulder_pan.pos=-9.77 shoulder_lift.pos=-59.94 elbow_flex.pos=+63.78 wrist_flex.pos=+64.87 wrist_roll.pos=-5.00 gripper.pos=+1.08
DEBUG 2026-08-19 04:25:48 [action #149] t=6.36s step=148 queue=6 dmax=0.578 | shoulder_pan.pos=-9.69 shoulder_lift.pos=-59.38 elbow_flex.pos=+63.20 wrist_flex.pos=+64.81 wrist_roll.pos=-5.01 gripper.pos=+1.10
DEBUG 2026-08-19 04:25:48 [action #150] t=6.39s step=149 queue=5 dmax=0.623 | shoulder_pan.pos=-9.56 shoulder_lift.pos=-58.75 elbow_flex.pos=+62.71 wrist_flex.pos=+64.79 wrist_roll.pos=-5.07 gripper.pos=+1.13
DEBUG 2026-08-19 04:25:48 [chunk] received 50 actions, timesteps 124..173 | first: shoulder_pan.pos=-9.37 shoulder_lift.pos=-94.70 elbow_flex.pos=+80.99 wrist_flex.pos=+71.21 wrist_roll.pos=-2.31 gripper.pos=+0.97 | last: shoulder_pan.pos=-6.69 shoulder_lift.pos=-32.92 elbow_flex.pos=+49.76 wrist_flex.pos=+60.75 wrist_roll.pos=-3.97 gripper.pos=+13.39
DEBUG 2026-08-19 04:25:48 [action #151] t=6.42s step=150 queue=24 dmax=3.538 | shoulder_pan.pos=-9.54 shoulder_lift.pos=-55.42 elbow_flex.pos=+59.17 wrist_flex.pos=+63.77 wrist_roll.pos=-4.16 gripper.pos=+1.00
DEBUG 2026-08-19 04:25:48 [action #152] t=6.46s step=151 queue=23 dmax=0.841 | shoulder_pan.pos=-9.55 shoulder_lift.pos=-54.57 elbow_flex.pos=+58.87 wrist_flex.pos=+63.55 wrist_roll.pos=-4.17 gripper.pos=+1.07
DEBUG 2026-08-19 04:25:48 [action #153] t=6.49s step=152 queue=22 dmax=1.059 | shoulder_pan.pos=-9.55 shoulder_lift.pos=-53.51 elbow_flex.pos=+58.29 wrist_flex.pos=+63.37 wrist_roll.pos=-4.17 gripper.pos=+0.99
DEBUG 2026-08-19 04:25:48 [action #154] t=6.53s step=153 queue=21 dmax=0.969 | shoulder_pan.pos=-9.56 shoulder_lift.pos=-52.55 elbow_flex.pos=+57.90 wrist_flex.pos=+63.26 wrist_roll.pos=-4.19 gripper.pos=+1.00
DEBUG 2026-08-19 04:25:48 [action #155] t=6.56s step=154 queue=20 dmax=2.697 | shoulder_pan.pos=-9.82 shoulder_lift.pos=-49.85 elbow_flex.pos=+55.73 wrist_flex.pos=+62.43 wrist_roll.pos=-3.72 gripper.pos=+0.94
DEBUG 2026-08-19 04:25:48 [action #156] t=6.59s step=155 queue=19 dmax=1.083 | shoulder_pan.pos=-9.69 shoulder_lift.pos=-48.77 elbow_flex.pos=+55.45 wrist_flex.pos=+62.10 wrist_roll.pos=-3.76 gripper.pos=+0.99
DEBUG 2026-08-19 04:25:48 [action #157] t=6.63s step=156 queue=18 dmax=1.393 | shoulder_pan.pos=-9.61 shoulder_lift.pos=-47.37 elbow_flex.pos=+55.17 wrist_flex.pos=+61.92 wrist_roll.pos=-3.74 gripper.pos=+1.01
DEBUG 2026-08-19 04:25:48 [action #158] t=6.66s step=157 queue=17 dmax=1.039 | shoulder_pan.pos=-9.42 shoulder_lift.pos=-46.33 elbow_flex.pos=+54.48 wrist_flex.pos=+61.55 wrist_roll.pos=-3.70 gripper.pos=+1.23
DEBUG 2026-08-19 04:25:49 [action #159] t=6.69s step=158 queue=16 dmax=0.634 | shoulder_pan.pos=-9.21 shoulder_lift.pos=-45.74 elbow_flex.pos=+54.00 wrist_flex.pos=+61.16 wrist_roll.pos=-3.74 gripper.pos=+1.87
DEBUG 2026-08-19 04:25:49 [action #160] t=6.73s step=159 queue=15 dmax=0.810 | shoulder_pan.pos=-8.85 shoulder_lift.pos=-45.07 elbow_flex.pos=+53.59 wrist_flex.pos=+61.06 wrist_roll.pos=-3.85 gripper.pos=+2.68
DEBUG 2026-08-19 04:25:49 [action #161] t=6.76s step=160 queue=14 dmax=1.206 | shoulder_pan.pos=-8.78 shoulder_lift.pos=-44.31 elbow_flex.pos=+53.55 wrist_flex.pos=+60.92 wrist_roll.pos=-3.75 gripper.pos=+3.88
DEBUG 2026-08-19 04:25:49 [action #162] t=6.79s step=161 queue=13 dmax=1.559 | shoulder_pan.pos=-8.65 shoulder_lift.pos=-43.51 elbow_flex.pos=+53.28 wrist_flex.pos=+61.12 wrist_roll.pos=-3.77 gripper.pos=+5.44
DEBUG 2026-08-19 04:25:49 [action #163] t=6.83s step=162 queue=12 dmax=1.442 | shoulder_pan.pos=-8.67 shoulder_lift.pos=-42.53 elbow_flex.pos=+53.13 wrist_flex.pos=+61.24 wrist_roll.pos=-3.77 gripper.pos=+6.88
DEBUG 2026-08-19 04:25:49 [action #164] t=6.86s step=163 queue=11 dmax=0.889 | shoulder_pan.pos=-8.53 shoulder_lift.pos=-41.86 elbow_flex.pos=+52.24 wrist_flex.pos=+61.32 wrist_roll.pos=-3.83 gripper.pos=+7.75
DEBUG 2026-08-19 04:25:49 [action #165] t=6.89s step=164 queue=10 dmax=0.474 | shoulder_pan.pos=-8.46 shoulder_lift.pos=-41.38 elbow_flex.pos=+52.07 wrist_flex.pos=+61.26 wrist_roll.pos=-3.91 gripper.pos=+8.09
DEBUG 2026-08-19 04:25:49 [action #166] t=6.93s step=165 queue=9 dmax=1.091 | shoulder_pan.pos=-8.32 shoulder_lift.pos=-40.29 elbow_flex.pos=+51.94 wrist_flex.pos=+61.17 wrist_roll.pos=-3.88 gripper.pos=+7.91
DEBUG 2026-08-19 04:25:49 [action #167] t=6.96s step=166 queue=8 dmax=1.087 | shoulder_pan.pos=-8.25 shoulder_lift.pos=-39.20 elbow_flex.pos=+51.94 wrist_flex.pos=+61.11 wrist_roll.pos=-3.77 gripper.pos=+7.76
DEBUG 2026-08-19 04:25:49 [action #168] t=6.99s step=167 queue=7 dmax=0.443 | shoulder_pan.pos=-7.89 shoulder_lift.pos=-38.76 elbow_flex.pos=+51.57 wrist_flex.pos=+60.88 wrist_roll.pos=-3.85 gripper.pos=+7.56
DEBUG 2026-08-19 04:25:49 [action #169] t=7.03s step=168 queue=6 dmax=0.598 | shoulder_pan.pos=-7.66 shoulder_lift.pos=-38.16 elbow_flex.pos=+51.36 wrist_flex.pos=+60.77 wrist_roll.pos=-3.83 gripper.pos=+7.82
DEBUG 2026-08-19 04:25:49 [action #170] t=7.06s step=169 queue=5 dmax=1.228 | shoulder_pan.pos=-7.59 shoulder_lift.pos=-36.93 elbow_flex.pos=+51.22 wrist_flex.pos=+60.85 wrist_roll.pos=-3.81 gripper.pos=+8.49
DEBUG 2026-08-19 04:25:49 [action #171] t=7.10s step=170 queue=4 dmax=1.192 | shoulder_pan.pos=-7.20 shoulder_lift.pos=-35.84 elbow_flex.pos=+50.72 wrist_flex.pos=+60.91 wrist_roll.pos=-3.91 gripper.pos=+9.68
DEBUG 2026-08-19 04:25:49 [chunk] received 50 actions, timesteps 148..197 | first: shoulder_pan.pos=-11.07 shoulder_lift.pos=-57.53 elbow_flex.pos=+65.09 wrist_flex.pos=+63.35 wrist_roll.pos=-5.11 gripper.pos=+1.67 | last: shoulder_pan.pos=-12.42 shoulder_lift.pos=-25.27 elbow_flex.pos=+51.36 wrist_flex.pos=+59.51 wrist_roll.pos=-4.18 gripper.pos=+27.92
DEBUG 2026-08-19 04:25:49 [action #172] t=7.13s step=171 queue=27 dmax=9.006 | shoulder_pan.pos=-11.36 shoulder_lift.pos=-35.04 elbow_flex.pos=+52.26 wrist_flex.pos=+61.68 wrist_roll.pos=-5.14 gripper.pos=+18.68
DEBUG 2026-08-19 04:25:49 [action #173] t=7.16s step=172 queue=26 dmax=1.335 | shoulder_pan.pos=-11.48 shoulder_lift.pos=-34.84 elbow_flex.pos=+52.00 wrist_flex.pos=+61.64 wrist_roll.pos=-5.13 gripper.pos=+20.02
DEBUG 2026-08-19 04:25:49 [action #174] t=7.20s step=173 queue=25 dmax=0.891 | shoulder_pan.pos=-11.60 shoulder_lift.pos=-34.00 elbow_flex.pos=+52.06 wrist_flex.pos=+61.70 wrist_roll.pos=-5.12 gripper.pos=+20.91
DEBUG 2026-08-19 04:25:49 [action #175] t=7.23s step=174 queue=24 dmax=3.686 | shoulder_pan.pos=-13.48 shoulder_lift.pos=-33.85 elbow_flex.pos=+52.42 wrist_flex.pos=+62.18 wrist_roll.pos=-5.47 gripper.pos=+24.60
DEBUG 2026-08-19 04:25:49 [action #176] t=7.26s step=175 queue=23 dmax=0.397 | shoulder_pan.pos=-13.33 shoulder_lift.pos=-33.45 elbow_flex.pos=+52.80 wrist_flex.pos=+61.96 wrist_roll.pos=-5.53 gripper.pos=+24.44
DEBUG 2026-08-19 04:25:49 [action #177] t=7.30s step=176 queue=22 dmax=0.644 | shoulder_pan.pos=-13.51 shoulder_lift.pos=-32.90 elbow_flex.pos=+52.16 wrist_flex.pos=+62.02 wrist_roll.pos=-5.34 gripper.pos=+24.06
DEBUG 2026-08-19 04:25:49 [action #178] t=7.33s step=177 queue=21 dmax=0.462 | shoulder_pan.pos=-13.46 shoulder_lift.pos=-32.46 elbow_flex.pos=+51.70 wrist_flex.pos=+61.94 wrist_roll.pos=-5.38 gripper.pos=+23.63
DEBUG 2026-08-19 04:25:49 [action #179] t=7.36s step=178 queue=20 dmax=0.605 | shoulder_pan.pos=-13.41 shoulder_lift.pos=-31.86 elbow_flex.pos=+51.42 wrist_flex.pos=+61.83 wrist_roll.pos=-5.49 gripper.pos=+23.46
DEBUG 2026-08-19 04:25:49 [action #180] t=7.40s step=179 queue=19 dmax=0.565 | shoulder_pan.pos=-13.30 shoulder_lift.pos=-31.29 elbow_flex.pos=+51.28 wrist_flex.pos=+61.76 wrist_roll.pos=-5.22 gripper.pos=+23.39
DEBUG 2026-08-19 04:25:49 [action #181] t=7.43s step=180 queue=18 dmax=0.466 | shoulder_pan.pos=-13.28 shoulder_lift.pos=-30.83 elbow_flex.pos=+50.99 wrist_flex.pos=+61.80 wrist_roll.pos=-5.25 gripper.pos=+23.63
DEBUG 2026-08-19 04:25:49 [action #182] t=7.46s step=181 queue=17 dmax=0.568 | shoulder_pan.pos=-13.14 shoulder_lift.pos=-30.26 elbow_flex.pos=+51.36 wrist_flex.pos=+61.81 wrist_roll.pos=-5.02 gripper.pos=+23.88
DEBUG 2026-08-19 04:25:49 [action #183] t=7.50s step=182 queue=16 dmax=0.449 | shoulder_pan.pos=-13.29 shoulder_lift.pos=-29.81 elbow_flex.pos=+51.25 wrist_flex.pos=+61.71 wrist_roll.pos=-4.84 gripper.pos=+24.24
DEBUG 2026-08-19 04:25:49 [action #184] t=7.53s step=183 queue=15 dmax=0.378 | shoulder_pan.pos=-13.09 shoulder_lift.pos=-29.55 elbow_flex.pos=+51.07 wrist_flex.pos=+61.75 wrist_roll.pos=-4.68 gripper.pos=+24.62
DEBUG 2026-08-19 04:25:49 [action #185] t=7.56s step=184 queue=14 dmax=0.510 | shoulder_pan.pos=-12.97 shoulder_lift.pos=-29.79 elbow_flex.pos=+51.58 wrist_flex.pos=+61.68 wrist_roll.pos=-4.57 gripper.pos=+25.04
DEBUG 2026-08-19 04:25:49 [action #186] t=7.60s step=185 queue=13 dmax=0.550 | shoulder_pan.pos=-13.28 shoulder_lift.pos=-29.69 elbow_flex.pos=+51.30 wrist_flex.pos=+61.50 wrist_roll.pos=-4.45 gripper.pos=+25.59
DEBUG 2026-08-19 04:25:49 [action #187] t=7.63s step=186 queue=12 dmax=0.543 | shoulder_pan.pos=-13.52 shoulder_lift.pos=-29.77 elbow_flex.pos=+51.84 wrist_flex.pos=+61.43 wrist_roll.pos=-4.39 gripper.pos=+25.92
DEBUG 2026-08-19 04:25:50 [action #188] t=7.66s step=187 queue=11 dmax=0.886 | shoulder_pan.pos=-13.19 shoulder_lift.pos=-29.89 elbow_flex.pos=+52.17 wrist_flex.pos=+61.26 wrist_roll.pos=-4.46 gripper.pos=+26.81
DEBUG 2026-08-19 04:25:50 [action #189] t=7.70s step=188 queue=10 dmax=0.377 | shoulder_pan.pos=-13.22 shoulder_lift.pos=-30.02 elbow_flex.pos=+52.42 wrist_flex.pos=+60.88 wrist_roll.pos=-4.42 gripper.pos=+27.14
DEBUG 2026-08-19 04:25:50 [action #190] t=7.73s step=189 queue=9 dmax=0.333 | shoulder_pan.pos=-13.24 shoulder_lift.pos=-30.35 elbow_flex.pos=+52.23 wrist_flex.pos=+60.74 wrist_roll.pos=-4.35 gripper.pos=+27.47
DEBUG 2026-08-19 04:25:50 [action #191] t=7.76s step=190 queue=8 dmax=0.475 | shoulder_pan.pos=-13.71 shoulder_lift.pos=-29.92 elbow_flex.pos=+52.52 wrist_flex.pos=+60.59 wrist_roll.pos=-4.33 gripper.pos=+27.82
DEBUG 2026-08-19 04:25:50 [action #192] t=7.80s step=191 queue=7 dmax=0.583 | shoulder_pan.pos=-13.30 shoulder_lift.pos=-29.60 elbow_flex.pos=+53.10 wrist_flex.pos=+60.33 wrist_roll.pos=-4.34 gripper.pos=+27.87
DEBUG 2026-08-19 04:25:50 [action #193] t=7.83s step=192 queue=6 dmax=0.247 | shoulder_pan.pos=-13.40 shoulder_lift.pos=-29.59 elbow_flex.pos=+52.93 wrist_flex.pos=+60.09 wrist_roll.pos=-4.21 gripper.pos=+27.88
DEBUG 2026-08-19 04:25:50 [chunk] received 50 actions, timesteps 169..218 | first: shoulder_pan.pos=-7.57 shoulder_lift.pos=-36.73 elbow_flex.pos=+50.65 wrist_flex.pos=+61.51 wrist_roll.pos=-4.31 gripper.pos=+8.49 | last: shoulder_pan.pos=-9.16 shoulder_lift.pos=-4.05 elbow_flex.pos=+33.30 wrist_flex.pos=+64.18 wrist_roll.pos=-3.76 gripper.pos=+28.74
DEBUG 2026-08-19 04:25:50 [action #194] t=7.87s step=193 queue=26 dmax=7.915 | shoulder_pan.pos=-10.16 shoulder_lift.pos=-24.30 elbow_flex.pos=+45.01 wrist_flex.pos=+63.00 wrist_roll.pos=-4.02 gripper.pos=+29.23
DEBUG 2026-08-19 04:25:50 [action #195] t=7.90s step=194 queue=25 dmax=0.708 | shoulder_pan.pos=-10.06 shoulder_lift.pos=-23.60 elbow_flex.pos=+45.21 wrist_flex.pos=+63.11 wrist_roll.pos=-4.05 gripper.pos=+29.36
DEBUG 2026-08-19 04:25:50 [action #196] t=7.93s step=195 queue=24 dmax=1.012 | shoulder_pan.pos=-10.16 shoulder_lift.pos=-22.58 elbow_flex.pos=+44.88 wrist_flex.pos=+63.05 wrist_roll.pos=-3.96 gripper.pos=+29.18
DEBUG 2026-08-19 04:25:50 [action #197] t=7.97s step=196 queue=23 dmax=0.601 | shoulder_pan.pos=-10.32 shoulder_lift.pos=-21.98 elbow_flex.pos=+44.37 wrist_flex.pos=+63.17 wrist_roll.pos=-3.97 gripper.pos=+29.20
DEBUG 2026-08-19 04:25:50 [action #198] t=8.00s step=197 queue=22 dmax=0.360 | shoulder_pan.pos=-10.17 shoulder_lift.pos=-21.69 elbow_flex.pos=+44.01 wrist_flex.pos=+63.15 wrist_roll.pos=-4.02 gripper.pos=+29.16
DEBUG 2026-08-19 04:25:50 [action #199] t=8.03s step=198 queue=21 dmax=3.345 | shoulder_pan.pos=-9.35 shoulder_lift.pos=-18.35 elbow_flex.pos=+40.91 wrist_flex.pos=+64.61 wrist_roll.pos=-3.82 gripper.pos=+29.70
DEBUG 2026-08-19 04:25:50 [action #200] t=8.07s step=199 queue=20 dmax=0.547 | shoulder_pan.pos=-9.40 shoulder_lift.pos=-18.67 elbow_flex.pos=+40.36 wrist_flex.pos=+64.42 wrist_roll.pos=-3.93 gripper.pos=+29.67
DEBUG 2026-08-19 04:25:50 [action #201] t=8.10s step=200 queue=19 dmax=1.385 | shoulder_pan.pos=-9.61 shoulder_lift.pos=-17.29 elbow_flex.pos=+39.80 wrist_flex.pos=+64.15 wrist_roll.pos=-3.84 gripper.pos=+29.57
DEBUG 2026-08-19 04:25:50 [action #202] t=8.13s step=201 queue=18 dmax=0.797 | shoulder_pan.pos=-9.59 shoulder_lift.pos=-16.49 elbow_flex.pos=+40.20 wrist_flex.pos=+64.40 wrist_roll.pos=-3.82 gripper.pos=+29.55
DEBUG 2026-08-19 04:25:50 [action #203] t=8.17s step=202 queue=17 dmax=0.594 | shoulder_pan.pos=-9.75 shoulder_lift.pos=-16.17 elbow_flex.pos=+39.61 wrist_flex.pos=+64.53 wrist_roll.pos=-3.94 gripper.pos=+29.52
DEBUG 2026-08-19 04:25:50 [action #204] t=8.20s step=203 queue=16 dmax=1.174 | shoulder_pan.pos=-10.01 shoulder_lift.pos=-15.00 elbow_flex.pos=+39.23 wrist_flex.pos=+64.23 wrist_roll.pos=-3.92 gripper.pos=+29.52
DEBUG 2026-08-19 04:25:50 [action #205] t=8.23s step=204 queue=15 dmax=0.941 | shoulder_pan.pos=-10.02 shoulder_lift.pos=-14.42 elbow_flex.pos=+38.29 wrist_flex.pos=+64.06 wrist_roll.pos=-3.89 gripper.pos=+29.50
DEBUG 2026-08-19 04:25:50 [action #206] t=8.27s step=205 queue=14 dmax=1.278 | shoulder_pan.pos=-9.92 shoulder_lift.pos=-13.14 elbow_flex.pos=+38.59 wrist_flex.pos=+64.10 wrist_roll.pos=-3.89 gripper.pos=+29.49
DEBUG 2026-08-19 04:25:50 [action #207] t=8.30s step=206 queue=13 dmax=0.760 | shoulder_pan.pos=-9.82 shoulder_lift.pos=-12.85 elbow_flex.pos=+37.83 wrist_flex.pos=+64.04 wrist_roll.pos=-3.90 gripper.pos=+29.25
DEBUG 2026-08-19 04:25:50 [action #208] t=8.34s step=207 queue=12 dmax=1.685 | shoulder_pan.pos=-10.23 shoulder_lift.pos=-11.16 elbow_flex.pos=+36.83 wrist_flex.pos=+64.09 wrist_roll.pos=-3.96 gripper.pos=+29.38
DEBUG 2026-08-19 04:25:50 [action #209] t=8.37s step=208 queue=11 dmax=0.477 | shoulder_pan.pos=-9.90 shoulder_lift.pos=-10.69 elbow_flex.pos=+36.76 wrist_flex.pos=+63.98 wrist_roll.pos=-3.89 gripper.pos=+29.44
DEBUG 2026-08-19 04:25:50 [action #210] t=8.40s step=209 queue=10 dmax=1.015 | shoulder_pan.pos=-10.08 shoulder_lift.pos=-9.67 elbow_flex.pos=+36.48 wrist_flex.pos=+64.03 wrist_roll.pos=-3.80 gripper.pos=+29.28
DEBUG 2026-08-19 04:25:50 [action #211] t=8.44s step=210 queue=9 dmax=0.949 | shoulder_pan.pos=-9.85 shoulder_lift.pos=-8.72 elbow_flex.pos=+36.07 wrist_flex.pos=+63.99 wrist_roll.pos=-3.90 gripper.pos=+29.18
DEBUG 2026-08-19 04:25:50 [action #212] t=8.47s step=211 queue=8 dmax=0.752 | shoulder_pan.pos=-9.73 shoulder_lift.pos=-8.11 elbow_flex.pos=+35.31 wrist_flex.pos=+63.87 wrist_roll.pos=-3.80 gripper.pos=+29.01
DEBUG 2026-08-19 04:25:50 [action #213] t=8.50s step=212 queue=7 dmax=0.670 | shoulder_pan.pos=-9.73 shoulder_lift.pos=-7.44 elbow_flex.pos=+34.77 wrist_flex.pos=+63.95 wrist_roll.pos=-3.95 gripper.pos=+29.08
DEBUG 2026-08-19 04:25:50 [action #214] t=8.54s step=213 queue=6 dmax=0.989 | shoulder_pan.pos=-9.55 shoulder_lift.pos=-6.45 elbow_flex.pos=+34.97 wrist_flex.pos=+63.87 wrist_roll.pos=-3.81 gripper.pos=+29.04
DEBUG 2026-08-19 04:25:50 [action #215] t=8.57s step=214 queue=5 dmax=0.903 | shoulder_pan.pos=-9.67 shoulder_lift.pos=-6.05 elbow_flex.pos=+34.07 wrist_flex.pos=+63.77 wrist_roll.pos=-3.79 gripper.pos=+28.98
DEBUG 2026-08-19 04:25:50 [action #216] t=8.60s step=215 queue=4 dmax=0.322 | shoulder_pan.pos=-9.52 shoulder_lift.pos=-5.73 elbow_flex.pos=+33.81 wrist_flex.pos=+63.94 wrist_roll.pos=-3.85 gripper.pos=+29.00
DEBUG 2026-08-19 04:25:50 [chunk] received 50 actions, timesteps 191..240 | first: shoulder_pan.pos=-12.70 shoulder_lift.pos=-30.80 elbow_flex.pos=+53.51 wrist_flex.pos=+60.13 wrist_roll.pos=-4.73 gripper.pos=+28.02 | last: shoulder_pan.pos=-13.29 shoulder_lift.pos=-3.32 elbow_flex.pos=+34.82 wrist_flex.pos=+64.28 wrist_roll.pos=-4.29 gripper.pos=+11.23
DEBUG 2026-08-19 04:25:50 [action #217] t=8.64s step=216 queue=25 dmax=4.362 | shoulder_pan.pos=-12.51 shoulder_lift.pos=-6.90 elbow_flex.pos=+38.17 wrist_flex.pos=+61.76 wrist_roll.pos=-4.55 gripper.pos=+28.39
DEBUG 2026-08-19 04:25:51 [action #218] t=8.67s step=217 queue=24 dmax=0.749 | shoulder_pan.pos=-12.30 shoulder_lift.pos=-6.15 elbow_flex.pos=+37.90 wrist_flex.pos=+61.86 wrist_roll.pos=-4.54 gripper.pos=+28.55
DEBUG 2026-08-19 04:25:51 [action #219] t=8.71s step=218 queue=23 dmax=0.289 | shoulder_pan.pos=-12.14 shoulder_lift.pos=-5.86 elbow_flex.pos=+37.93 wrist_flex.pos=+62.06 wrist_roll.pos=-4.55 gripper.pos=+28.73
DEBUG 2026-08-19 04:25:51 [action #220] t=8.74s step=219 queue=22 dmax=1.543 | shoulder_pan.pos=-13.69 shoulder_lift.pos=-6.40 elbow_flex.pos=+39.09 wrist_flex.pos=+61.10 wrist_roll.pos=-4.98 gripper.pos=+28.68
DEBUG 2026-08-19 04:25:51 [action #221] t=8.77s step=220 queue=21 dmax=0.193 | shoulder_pan.pos=-13.66 shoulder_lift.pos=-6.21 elbow_flex.pos=+39.27 wrist_flex.pos=+61.25 wrist_roll.pos=-4.96 gripper.pos=+28.65
DEBUG 2026-08-19 04:25:51 [action #222] t=8.81s step=221 queue=20 dmax=0.599 | shoulder_pan.pos=-13.30 shoulder_lift.pos=-5.61 elbow_flex.pos=+38.88 wrist_flex.pos=+61.54 wrist_roll.pos=-4.88 gripper.pos=+28.56
DEBUG 2026-08-19 04:25:51 [action #223] t=8.84s step=222 queue=19 dmax=0.989 | shoulder_pan.pos=-13.15 shoulder_lift.pos=-4.62 elbow_flex.pos=+38.49 wrist_flex.pos=+61.33 wrist_roll.pos=-4.88 gripper.pos=+28.48
DEBUG 2026-08-19 04:25:51 [action #224] t=8.87s step=223 queue=18 dmax=0.728 | shoulder_pan.pos=-13.24 shoulder_lift.pos=-3.90 elbow_flex.pos=+38.38 wrist_flex.pos=+61.32 wrist_roll.pos=-4.95 gripper.pos=+28.24
DEBUG 2026-08-19 04:25:51 [action #225] t=8.91s step=224 queue=17 dmax=0.547 | shoulder_pan.pos=-13.17 shoulder_lift.pos=-4.32 elbow_flex.pos=+38.41 wrist_flex.pos=+61.17 wrist_roll.pos=-4.92 gripper.pos=+27.69
DEBUG 2026-08-19 04:25:51 [action #226] t=8.94s step=225 queue=16 dmax=1.359 | shoulder_pan.pos=-12.65 shoulder_lift.pos=-3.52 elbow_flex.pos=+37.54 wrist_flex.pos=+61.32 wrist_roll.pos=-4.88 gripper.pos=+26.33
DEBUG 2026-08-19 04:25:51 [action #227] t=8.97s step=226 queue=15 dmax=2.030 | shoulder_pan.pos=-12.86 shoulder_lift.pos=-3.24 elbow_flex.pos=+37.23 wrist_flex.pos=+61.46 wrist_roll.pos=-4.74 gripper.pos=+24.30
DEBUG 2026-08-19 04:25:51 [action #228] t=9.01s step=227 queue=14 dmax=2.910 | shoulder_pan.pos=-12.81 shoulder_lift.pos=-3.44 elbow_flex.pos=+37.52 wrist_flex.pos=+61.64 wrist_roll.pos=-4.67 gripper.pos=+21.39
DEBUG 2026-08-19 04:25:51 [action #229] t=9.04s step=228 queue=13 dmax=3.006 | shoulder_pan.pos=-13.05 shoulder_lift.pos=-2.82 elbow_flex.pos=+37.44 wrist_flex.pos=+61.62 wrist_roll.pos=-4.39 gripper.pos=+18.39
DEBUG 2026-08-19 04:25:51 [action #230] t=9.07s step=229 queue=12 dmax=2.923 | shoulder_pan.pos=-12.67 shoulder_lift.pos=-2.87 elbow_flex.pos=+36.81 wrist_flex.pos=+61.78 wrist_roll.pos=-4.36 gripper.pos=+15.47
DEBUG 2026-08-19 04:25:51 [action #231] t=9.11s step=230 queue=11 dmax=2.153 | shoulder_pan.pos=-13.00 shoulder_lift.pos=-3.13 elbow_flex.pos=+37.32 wrist_flex.pos=+61.75 wrist_roll.pos=-4.27 gripper.pos=+13.31
DEBUG 2026-08-19 04:25:51 [action #232] t=9.14s step=231 queue=10 dmax=1.180 | shoulder_pan.pos=-12.97 shoulder_lift.pos=-3.25 elbow_flex.pos=+37.28 wrist_flex.pos=+61.89 wrist_roll.pos=-4.21 gripper.pos=+12.13
DEBUG 2026-08-19 04:25:51 [action #233] t=9.17s step=232 queue=9 dmax=0.747 | shoulder_pan.pos=-13.14 shoulder_lift.pos=-2.50 elbow_flex.pos=+36.83 wrist_flex.pos=+61.78 wrist_roll.pos=-4.18 gripper.pos=+11.51
DEBUG 2026-08-19 04:25:51 [action #234] t=9.21s step=233 queue=8 dmax=0.830 | shoulder_pan.pos=-12.75 shoulder_lift.pos=-3.33 elbow_flex.pos=+37.01 wrist_flex.pos=+61.89 wrist_roll.pos=-4.31 gripper.pos=+11.20
DEBUG 2026-08-19 04:25:51 [action #235] t=9.24s step=234 queue=7 dmax=0.520 | shoulder_pan.pos=-13.01 shoulder_lift.pos=-3.85 elbow_flex.pos=+36.71 wrist_flex.pos=+62.11 wrist_roll.pos=-4.21 gripper.pos=+11.25
DEBUG 2026-08-19 04:25:51 [action #236] t=9.27s step=235 queue=6 dmax=0.421 | shoulder_pan.pos=-13.09 shoulder_lift.pos=-3.72 elbow_flex.pos=+36.29 wrist_flex.pos=+62.46 wrist_roll.pos=-4.28 gripper.pos=+11.43
DEBUG 2026-08-19 04:25:51 [action #237] t=9.31s step=236 queue=5 dmax=0.529 | shoulder_pan.pos=-13.08 shoulder_lift.pos=-3.19 elbow_flex.pos=+36.10 wrist_flex.pos=+62.80 wrist_roll.pos=-4.05 gripper.pos=+11.66
DEBUG 2026-08-19 04:25:51 [chunk] received 50 actions, timesteps 214..263 | first: shoulder_pan.pos=-9.65 shoulder_lift.pos=-5.31 elbow_flex.pos=+37.48 wrist_flex.pos=+63.92 wrist_roll.pos=-4.67 gripper.pos=+28.89 | last: shoulder_pan.pos=-7.43 shoulder_lift.pos=-6.44 elbow_flex.pos=+11.50 wrist_flex.pos=+82.03 wrist_roll.pos=-2.99 gripper.pos=+8.39
DEBUG 2026-08-19 04:25:51 [action #238] t=9.34s step=237 queue=27 dmax=3.266 | shoulder_pan.pos=-10.62 shoulder_lift.pos=+0.08 elbow_flex.pos=+33.78 wrist_flex.pos=+63.87 wrist_roll.pos=-4.18 gripper.pos=+10.27
DEBUG 2026-08-19 04:25:51 [action #239] t=9.37s step=238 queue=26 dmax=0.322 | shoulder_pan.pos=-10.56 shoulder_lift.pos=-0.25 elbow_flex.pos=+33.82 wrist_flex.pos=+63.96 wrist_roll.pos=-4.10 gripper.pos=+10.25
DEBUG 2026-08-19 04:25:51 [action #240] t=9.41s step=239 queue=25 dmax=0.849 | shoulder_pan.pos=-10.72 shoulder_lift.pos=+0.09 elbow_flex.pos=+32.97 wrist_flex.pos=+64.03 wrist_roll.pos=-4.09 gripper.pos=+10.14
DEBUG 2026-08-19 04:25:51 [action #241] t=9.44s step=240 queue=24 dmax=0.420 | shoulder_pan.pos=-10.48 shoulder_lift.pos=-0.15 elbow_flex.pos=+33.28 wrist_flex.pos=+64.21 wrist_roll.pos=-3.87 gripper.pos=+9.72
DEBUG 2026-08-19 04:25:51 [action #242] t=9.47s step=241 queue=23 dmax=1.503 | shoulder_pan.pos=-9.28 shoulder_lift.pos=+1.35 elbow_flex.pos=+32.74 wrist_flex.pos=+64.20 wrist_roll.pos=-3.76 gripper.pos=+8.61
DEBUG 2026-08-19 04:25:51 [action #243] t=9.51s step=242 queue=22 dmax=0.442 | shoulder_pan.pos=-9.52 shoulder_lift.pos=+1.43 elbow_flex.pos=+32.29 wrist_flex.pos=+64.18 wrist_roll.pos=-3.65 gripper.pos=+8.43
DEBUG 2026-08-19 04:25:51 [action #244] t=9.54s step=243 queue=21 dmax=0.460 | shoulder_pan.pos=-9.39 shoulder_lift.pos=+0.97 elbow_flex.pos=+32.24 wrist_flex.pos=+64.36 wrist_roll.pos=-3.55 gripper.pos=+8.19
DEBUG 2026-08-19 04:25:51 [action #245] t=9.57s step=244 queue=20 dmax=0.507 | shoulder_pan.pos=-9.55 shoulder_lift.pos=+1.17 elbow_flex.pos=+31.73 wrist_flex.pos=+64.67 wrist_roll.pos=-3.51 gripper.pos=+8.40
DEBUG 2026-08-19 04:25:51 [action #246] t=9.61s step=245 queue=19 dmax=0.382 | shoulder_pan.pos=-9.25 shoulder_lift.pos=+1.55 elbow_flex.pos=+31.98 wrist_flex.pos=+64.99 wrist_roll.pos=-3.57 gripper.pos=+8.39
DEBUG 2026-08-19 04:25:51 [action #247] t=9.64s step=246 queue=18 dmax=0.424 | shoulder_pan.pos=-9.67 shoulder_lift.pos=+1.17 elbow_flex.pos=+31.59 wrist_flex.pos=+65.07 wrist_roll.pos=-3.47 gripper.pos=+8.65
DEBUG 2026-08-19 04:25:52 [action #248] t=9.68s step=247 queue=17 dmax=0.705 | shoulder_pan.pos=-9.57 shoulder_lift.pos=+0.46 elbow_flex.pos=+30.91 wrist_flex.pos=+65.62 wrist_roll.pos=-3.42 gripper.pos=+8.50
DEBUG 2026-08-19 04:25:52 [action #249] t=9.71s step=248 queue=16 dmax=0.463 | shoulder_pan.pos=-9.50 shoulder_lift.pos=-0.00 elbow_flex.pos=+31.33 wrist_flex.pos=+65.90 wrist_roll.pos=-3.32 gripper.pos=+8.53
DEBUG 2026-08-19 04:25:52 [action #250] t=9.74s step=249 queue=15 dmax=0.571 | shoulder_pan.pos=-9.39 shoulder_lift.pos=-0.44 elbow_flex.pos=+30.76 wrist_flex.pos=+66.33 wrist_roll.pos=-3.44 gripper.pos=+8.38
DEBUG 2026-08-19 04:25:52 [action #251] t=9.78s step=250 queue=14 dmax=0.560 | shoulder_pan.pos=-9.65 shoulder_lift.pos=-0.15 elbow_flex.pos=+30.20 wrist_flex.pos=+66.87 wrist_roll.pos=-3.34 gripper.pos=+8.21
DEBUG 2026-08-19 04:25:52 [action #252] t=9.81s step=251 queue=13 dmax=1.223 | shoulder_pan.pos=-9.34 shoulder_lift.pos=-1.37 elbow_flex.pos=+29.82 wrist_flex.pos=+67.39 wrist_roll.pos=-3.40 gripper.pos=+8.22
DEBUG 2026-08-19 04:25:52 [action #253] t=9.84s step=252 queue=12 dmax=0.820 | shoulder_pan.pos=-9.54 shoulder_lift.pos=-1.63 elbow_flex.pos=+29.65 wrist_flex.pos=+68.21 wrist_roll.pos=-3.26 gripper.pos=+8.35
DEBUG 2026-08-19 04:25:52 [action #254] t=9.88s step=253 queue=11 dmax=1.314 | shoulder_pan.pos=-9.31 shoulder_lift.pos=-2.63 elbow_flex.pos=+28.33 wrist_flex.pos=+69.22 wrist_roll.pos=-3.28 gripper.pos=+8.36
DEBUG 2026-08-19 04:25:52 [action #255] t=9.91s step=254 queue=10 dmax=1.064 | shoulder_pan.pos=-9.37 shoulder_lift.pos=-3.36 elbow_flex.pos=+27.45 wrist_flex.pos=+70.29 wrist_roll.pos=-3.12 gripper.pos=+8.41
DEBUG 2026-08-19 04:25:52 [action #256] t=9.94s step=255 queue=9 dmax=1.347 | shoulder_pan.pos=-9.23 shoulder_lift.pos=-3.20 elbow_flex.pos=+26.10 wrist_flex.pos=+71.45 wrist_roll.pos=-3.22 gripper.pos=+8.38
DEBUG 2026-08-19 04:25:52 [action #257] t=9.98s step=256 queue=8 dmax=1.434 | shoulder_pan.pos=-9.01 shoulder_lift.pos=-4.63 elbow_flex.pos=+25.61 wrist_flex.pos=+72.52 wrist_roll.pos=-3.13 gripper.pos=+8.33
DEBUG 2026-08-19 04:25:52 [action #258] t=10.01s step=257 queue=7 dmax=1.376 | shoulder_pan.pos=-8.92 shoulder_lift.pos=-5.04 elbow_flex.pos=+24.24 wrist_flex.pos=+73.86 wrist_roll.pos=-3.16 gripper.pos=+8.31
DEBUG 2026-08-19 04:25:52 [action #259] t=10.04s step=258 queue=6 dmax=1.857 | shoulder_pan.pos=-8.78 shoulder_lift.pos=-5.04 elbow_flex.pos=+22.38 wrist_flex.pos=+74.95 wrist_roll.pos=-3.07 gripper.pos=+8.46
DEBUG 2026-08-19 04:25:52 [chunk] received 50 actions, timesteps 236..285 | first: shoulder_pan.pos=-12.82 shoulder_lift.pos=-4.71 elbow_flex.pos=+36.54 wrist_flex.pos=+61.48 wrist_roll.pos=-4.80 gripper.pos=+9.63 | last: shoulder_pan.pos=+3.68 shoulder_lift.pos=-8.84 elbow_flex.pos=-5.45 wrist_flex.pos=+90.68 wrist_roll.pos=-0.62 gripper.pos=+6.69
DEBUG 2026-08-19 04:25:52 [action #260] t=10.08s step=259 queue=27 dmax=3.442 | shoulder_pan.pos=-11.47 shoulder_lift.pos=-5.11 elbow_flex.pos=+25.82 wrist_flex.pos=+73.15 wrist_roll.pos=-4.06 gripper.pos=+6.69
DEBUG 2026-08-19 04:25:52 [action #261] t=10.11s step=260 queue=26 dmax=1.201 | shoulder_pan.pos=-11.73 shoulder_lift.pos=-5.79 elbow_flex.pos=+24.89 wrist_flex.pos=+74.35 wrist_roll.pos=-4.08 gripper.pos=+6.75
DEBUG 2026-08-19 04:25:52 [action #262] t=10.14s step=261 queue=25 dmax=1.442 | shoulder_pan.pos=-11.45 shoulder_lift.pos=-5.70 elbow_flex.pos=+23.45 wrist_flex.pos=+75.60 wrist_roll.pos=-3.94 gripper.pos=+6.85
DEBUG 2026-08-19 04:25:52 [action #263] t=10.18s step=262 queue=24 dmax=2.153 | shoulder_pan.pos=-11.38 shoulder_lift.pos=-6.05 elbow_flex.pos=+21.30 wrist_flex.pos=+77.05 wrist_roll.pos=-4.09 gripper.pos=+6.82
DEBUG 2026-08-19 04:25:52 [action #264] t=10.21s step=263 queue=23 dmax=2.047 | shoulder_pan.pos=-10.84 shoulder_lift.pos=-6.21 elbow_flex.pos=+19.25 wrist_flex.pos=+78.21 wrist_roll.pos=-3.93 gripper.pos=+6.81
DEBUG 2026-08-19 04:25:52 [action #265] t=10.24s step=264 queue=22 dmax=1.412 | shoulder_pan.pos=-12.26 shoulder_lift.pos=-5.65 elbow_flex.pos=+19.86 wrist_flex.pos=+77.85 wrist_roll.pos=-4.37 gripper.pos=+6.34
DEBUG 2026-08-19 04:25:52 [action #266] t=10.28s step=265 queue=21 dmax=1.609 | shoulder_pan.pos=-12.18 shoulder_lift.pos=-6.29 elbow_flex.pos=+20.05 wrist_flex.pos=+79.46 wrist_roll.pos=-4.53 gripper.pos=+6.30
DEBUG 2026-08-19 04:25:52 [action #267] t=10.31s step=266 queue=20 dmax=2.237 | shoulder_pan.pos=-11.58 shoulder_lift.pos=-5.74 elbow_flex.pos=+17.81 wrist_flex.pos=+80.69 wrist_roll.pos=-4.33 gripper.pos=+6.15
DEBUG 2026-08-19 04:25:52 [action #268] t=10.34s step=267 queue=19 dmax=2.374 | shoulder_pan.pos=-11.39 shoulder_lift.pos=-5.38 elbow_flex.pos=+15.44 wrist_flex.pos=+81.97 wrist_roll.pos=-4.35 gripper.pos=+6.46
DEBUG 2026-08-19 04:25:52 [action #269] t=10.38s step=268 queue=18 dmax=1.504 | shoulder_pan.pos=-11.10 shoulder_lift.pos=-6.89 elbow_flex.pos=+14.58 wrist_flex.pos=+83.39 wrist_roll.pos=-4.25 gripper.pos=+6.36
DEBUG 2026-08-19 04:25:52 [action #270] t=10.41s step=269 queue=17 dmax=2.641 | shoulder_pan.pos=-10.54 shoulder_lift.pos=-6.22 elbow_flex.pos=+11.94 wrist_flex.pos=+84.91 wrist_roll.pos=-4.19 gripper.pos=+6.42
DEBUG 2026-08-19 04:25:52 [action #271] t=10.45s step=270 queue=16 dmax=1.699 | shoulder_pan.pos=-9.93 shoulder_lift.pos=-5.22 elbow_flex.pos=+10.24 wrist_flex.pos=+85.92 wrist_roll.pos=-4.05 gripper.pos=+6.68
DEBUG 2026-08-19 04:25:52 [action #272] t=10.48s step=271 queue=15 dmax=1.764 | shoulder_pan.pos=-9.39 shoulder_lift.pos=-6.41 elbow_flex.pos=+8.48 wrist_flex.pos=+87.06 wrist_roll.pos=-3.71 gripper.pos=+6.53
DEBUG 2026-08-19 04:25:52 [action #273] t=10.51s step=272 queue=14 dmax=1.544 | shoulder_pan.pos=-8.68 shoulder_lift.pos=-5.57 elbow_flex.pos=+6.93 wrist_flex.pos=+87.99 wrist_roll.pos=-3.61 gripper.pos=+6.66
DEBUG 2026-08-19 04:25:52 [action #274] t=10.55s step=273 queue=13 dmax=0.872 | shoulder_pan.pos=-8.53 shoulder_lift.pos=-6.03 elbow_flex.pos=+6.28 wrist_flex.pos=+88.87 wrist_roll.pos=-3.20 gripper.pos=+6.56
DEBUG 2026-08-19 04:25:52 [action #275] t=10.58s step=274 queue=12 dmax=1.442 | shoulder_pan.pos=-7.09 shoulder_lift.pos=-5.70 elbow_flex.pos=+5.44 wrist_flex.pos=+89.20 wrist_roll.pos=-3.07 gripper.pos=+6.58
DEBUG 2026-08-19 04:25:52 [action #276] t=10.61s step=275 queue=11 dmax=1.652 | shoulder_pan.pos=-6.74 shoulder_lift.pos=-5.94 elbow_flex.pos=+3.79 wrist_flex.pos=+89.62 wrist_roll.pos=-2.61 gripper.pos=+6.70
DEBUG 2026-08-19 04:25:52 [action #277] t=10.65s step=276 queue=10 dmax=1.954 | shoulder_pan.pos=-5.78 shoulder_lift.pos=-6.28 elbow_flex.pos=+1.83 wrist_flex.pos=+89.96 wrist_roll.pos=-2.57 gripper.pos=+6.78
DEBUG 2026-08-19 04:25:53 [action #278] t=10.68s step=277 queue=9 dmax=1.104 | shoulder_pan.pos=-4.67 shoulder_lift.pos=-6.95 elbow_flex.pos=+0.77 wrist_flex.pos=+90.46 wrist_roll.pos=-2.64 gripper.pos=+6.80
DEBUG 2026-08-19 04:25:53 [action #279] t=10.71s step=278 queue=8 dmax=0.741 | shoulder_pan.pos=-4.10 shoulder_lift.pos=-7.53 elbow_flex.pos=+0.03 wrist_flex.pos=+90.76 wrist_roll.pos=-2.24 gripper.pos=+6.76
DEBUG 2026-08-19 04:25:53 [action #280] t=10.75s step=279 queue=7 dmax=0.949 | shoulder_pan.pos=-3.15 shoulder_lift.pos=-8.42 elbow_flex.pos=-0.58 wrist_flex.pos=+91.19 wrist_roll.pos=-2.37 gripper.pos=+6.80
DEBUG 2026-08-19 04:25:53 [action #281] t=10.78s step=280 queue=6 dmax=1.467 | shoulder_pan.pos=-1.68 shoulder_lift.pos=-8.70 elbow_flex.pos=-1.77 wrist_flex.pos=+91.35 wrist_roll.pos=-2.01 gripper.pos=+6.88
DEBUG 2026-08-19 04:25:53 [action #282] t=10.81s step=281 queue=5 dmax=1.042 | shoulder_pan.pos=-0.87 shoulder_lift.pos=-8.82 elbow_flex.pos=-2.81 wrist_flex.pos=+91.28 wrist_roll.pos=-1.73 gripper.pos=+6.95
DEBUG 2026-08-19 04:25:53 [action #283] t=10.85s step=282 queue=4 dmax=1.239 | shoulder_pan.pos=+0.37 shoulder_lift.pos=-8.98 elbow_flex.pos=-3.75 wrist_flex.pos=+91.10 wrist_roll.pos=-1.55 gripper.pos=+6.96
DEBUG 2026-08-19 04:25:53 [action #284] t=10.88s step=283 queue=3 dmax=1.069 | shoulder_pan.pos=+1.44 shoulder_lift.pos=-9.12 elbow_flex.pos=-4.73 wrist_flex.pos=+90.99 wrist_roll.pos=-1.30 gripper.pos=+6.99
DEBUG 2026-08-19 04:25:53 [chunk] received 50 actions, timesteps 257..306 | first: shoulder_pan.pos=-10.61 shoulder_lift.pos=-4.03 elbow_flex.pos=+31.07 wrist_flex.pos=+70.76 wrist_roll.pos=-3.44 gripper.pos=+7.76 | last: shoulder_pan.pos=+24.68 shoulder_lift.pos=+12.28 elbow_flex.pos=-36.47 wrist_flex.pos=+86.49 wrist_roll.pos=+4.44 gripper.pos=+7.15
DEBUG 2026-08-19 04:25:53 [action #285] t=10.91s step=284 queue=23 dmax=4.870 | shoulder_pan.pos=+3.05 shoulder_lift.pos=-4.25 elbow_flex.pos=-9.52 wrist_flex.pos=+92.72 wrist_roll.pos=-1.24 gripper.pos=+7.04
DEBUG 2026-08-19 04:25:53 [action #286] t=10.95s step=285 queue=22 dmax=1.090 | shoulder_pan.pos=+4.14 shoulder_lift.pos=-4.09 elbow_flex.pos=-10.57 wrist_flex.pos=+92.51 wrist_roll.pos=-0.78 gripper.pos=+7.15
DEBUG 2026-08-19 04:25:53 [action #287] t=10.98s step=286 queue=21 dmax=3.247 | shoulder_pan.pos=+5.81 shoulder_lift.pos=-1.45 elbow_flex.pos=-13.82 wrist_flex.pos=+93.61 wrist_roll.pos=-0.33 gripper.pos=+6.95
DEBUG 2026-08-19 04:25:53 [action #288] t=11.01s step=287 queue=20 dmax=1.294 | shoulder_pan.pos=+6.91 shoulder_lift.pos=-1.80 elbow_flex.pos=-15.11 wrist_flex.pos=+93.66 wrist_roll.pos=+0.01 gripper.pos=+7.20
DEBUG 2026-08-19 04:25:53 [action #289] t=11.05s step=288 queue=19 dmax=0.887 | shoulder_pan.pos=+7.80 shoulder_lift.pos=-2.09 elbow_flex.pos=-15.99 wrist_flex.pos=+93.65 wrist_roll.pos=+0.41 gripper.pos=+7.16
DEBUG 2026-08-19 04:25:53 [action #290] t=11.08s step=289 queue=18 dmax=3.154 | shoulder_pan.pos=+9.28 shoulder_lift.pos=-0.74 elbow_flex.pos=-19.15 wrist_flex.pos=+93.42 wrist_roll.pos=+0.82 gripper.pos=+7.43
DEBUG 2026-08-19 04:25:53 [action #291] t=11.11s step=290 queue=17 dmax=1.202 | shoulder_pan.pos=+10.48 shoulder_lift.pos=-0.93 elbow_flex.pos=-19.63 wrist_flex.pos=+93.47 wrist_roll.pos=+1.31 gripper.pos=+7.30
DEBUG 2026-08-19 04:25:53 [action #292] t=11.15s step=291 queue=16 dmax=1.572 | shoulder_pan.pos=+12.06 shoulder_lift.pos=-0.63 elbow_flex.pos=-20.41 wrist_flex.pos=+93.63 wrist_roll.pos=+1.49 gripper.pos=+7.37
DEBUG 2026-08-19 04:25:53 [action #293] t=11.18s step=292 queue=15 dmax=1.595 | shoulder_pan.pos=+12.82 shoulder_lift.pos=+0.96 elbow_flex.pos=-21.52 wrist_flex.pos=+93.32 wrist_roll.pos=+1.87 gripper.pos=+7.43
DEBUG 2026-08-19 04:25:53 [action #294] t=11.21s step=293 queue=14 dmax=1.876 | shoulder_pan.pos=+14.10 shoulder_lift.pos=+0.28 elbow_flex.pos=-23.39 wrist_flex.pos=+92.82 wrist_roll.pos=+2.21 gripper.pos=+7.33
DEBUG 2026-08-19 04:25:53 [action #295] t=11.25s step=294 queue=13 dmax=1.354 | shoulder_pan.pos=+15.45 shoulder_lift.pos=-0.23 elbow_flex.pos=-24.65 wrist_flex.pos=+92.56 wrist_roll.pos=+2.50 gripper.pos=+7.27
DEBUG 2026-08-19 04:25:53 [action #296] t=11.28s step=295 queue=12 dmax=1.372 | shoulder_pan.pos=+16.55 shoulder_lift.pos=+1.14 elbow_flex.pos=-25.94 wrist_flex.pos=+92.36 wrist_roll.pos=+2.78 gripper.pos=+7.34
DEBUG 2026-08-19 04:25:53 [action #297] t=11.31s step=296 queue=11 dmax=1.830 | shoulder_pan.pos=+17.33 shoulder_lift.pos=+1.54 elbow_flex.pos=-27.77 wrist_flex.pos=+91.87 wrist_roll.pos=+2.86 gripper.pos=+7.33
DEBUG 2026-08-19 04:25:53 [action #298] t=11.35s step=297 queue=10 dmax=1.302 | shoulder_pan.pos=+18.28 shoulder_lift.pos=+1.66 elbow_flex.pos=-29.08 wrist_flex.pos=+91.48 wrist_roll.pos=+3.21 gripper.pos=+7.39
DEBUG 2026-08-19 04:25:53 [action #299] t=11.38s step=298 queue=9 dmax=0.744 | shoulder_pan.pos=+18.83 shoulder_lift.pos=+2.41 elbow_flex.pos=-29.48 wrist_flex.pos=+91.02 wrist_roll.pos=+3.20 gripper.pos=+7.23
DEBUG 2026-08-19 04:25:53 [action #300] t=11.42s step=299 queue=8 dmax=1.202 | shoulder_pan.pos=+19.93 shoulder_lift.pos=+3.13 elbow_flex.pos=-30.68 wrist_flex.pos=+90.40 wrist_roll.pos=+3.54 gripper.pos=+7.30
DEBUG 2026-08-19 04:25:53 [action #301] t=11.45s step=300 queue=7 dmax=0.659 | shoulder_pan.pos=+20.20 shoulder_lift.pos=+3.79 elbow_flex.pos=-31.20 wrist_flex.pos=+89.87 wrist_roll.pos=+3.55 gripper.pos=+7.34
DEBUG 2026-08-19 04:25:53 [action #302] t=11.48s step=301 queue=6 dmax=1.597 | shoulder_pan.pos=+21.06 shoulder_lift.pos=+5.39 elbow_flex.pos=-32.22 wrist_flex.pos=+89.32 wrist_roll.pos=+3.77 gripper.pos=+7.04
DEBUG 2026-08-19 04:25:53 [action #303] t=11.52s step=302 queue=5 dmax=1.710 | shoulder_pan.pos=+21.98 shoulder_lift.pos=+6.82 elbow_flex.pos=-33.93 wrist_flex.pos=+88.87 wrist_roll.pos=+3.85 gripper.pos=+7.24
DEBUG 2026-08-19 04:25:53 [action #304] t=11.55s step=303 queue=4 dmax=1.322 | shoulder_pan.pos=+22.59 shoulder_lift.pos=+8.14 elbow_flex.pos=-34.72 wrist_flex.pos=+88.22 wrist_roll.pos=+3.91 gripper.pos=+7.09
DEBUG 2026-08-19 04:25:53 [action #305] t=11.58s step=304 queue=3 dmax=1.924 | shoulder_pan.pos=+23.36 shoulder_lift.pos=+10.06 elbow_flex.pos=-35.48 wrist_flex.pos=+87.71 wrist_roll.pos=+3.94 gripper.pos=+7.38
DEBUG 2026-08-19 04:25:53 [action #306] t=11.62s step=305 queue=2 dmax=1.038 | shoulder_pan.pos=+24.09 shoulder_lift.pos=+11.10 elbow_flex.pos=-35.98 wrist_flex.pos=+87.32 wrist_roll.pos=+4.12 gripper.pos=+7.23
DEBUG 2026-08-19 04:25:53 [action #307] t=11.65s step=306 queue=1 dmax=1.173 | shoulder_pan.pos=+24.68 shoulder_lift.pos=+12.28 elbow_flex.pos=-36.47 wrist_flex.pos=+86.49 wrist_roll.pos=+4.44 gripper.pos=+7.15
DEBUG 2026-08-19 04:25:54 [chunk] received 50 actions, timesteps 283..332 | first: shoulder_pan.pos=-0.67 shoulder_lift.pos=-5.51 elbow_flex.pos=-9.93 wrist_flex.pos=+97.56 wrist_roll.pos=-1.13 gripper.pos=+6.50 | last: shoulder_pan.pos=+31.80 shoulder_lift.pos=+24.47 elbow_flex.pos=-36.52 wrist_flex.pos=+71.09 wrist_roll.pos=+8.45 gripper.pos=+7.49
DEBUG 2026-08-19 04:25:54 [action #308] t=11.75s step=307 queue=26 dmax=13.887 | shoulder_pan.pos=+22.57 shoulder_lift.pos=-1.54 elbow_flex.pos=-22.58 wrist_flex.pos=+84.66 wrist_roll.pos=+10.12 gripper.pos=+7.14
DEBUG 2026-08-19 04:25:54 [action #309] t=11.78s step=308 queue=25 dmax=1.324 | shoulder_pan.pos=+22.65 shoulder_lift.pos=-0.21 elbow_flex.pos=-22.65 wrist_flex.pos=+83.35 wrist_roll.pos=+10.26 gripper.pos=+7.03
DEBUG 2026-08-19 04:25:54 [action #310] t=11.82s step=309 queue=24 dmax=1.565 | shoulder_pan.pos=+24.21 shoulder_lift.pos=+0.65 elbow_flex.pos=-23.37 wrist_flex.pos=+82.21 wrist_roll.pos=+10.36 gripper.pos=+7.18
DEBUG 2026-08-19 04:25:54 [action #311] t=11.85s step=310 queue=23 dmax=1.390 | shoulder_pan.pos=+24.23 shoulder_lift.pos=+0.75 elbow_flex.pos=-23.87 wrist_flex.pos=+80.82 wrist_roll.pos=+10.28 gripper.pos=+6.99
DEBUG 2026-08-19 04:25:54 [action #312] t=11.88s step=311 queue=22 dmax=1.217 | shoulder_pan.pos=+24.71 shoulder_lift.pos=+1.80 elbow_flex.pos=-24.29 wrist_flex.pos=+79.60 wrist_roll.pos=+10.24 gripper.pos=+7.33
DEBUG 2026-08-19 04:25:54 [action #313] t=11.92s step=312 queue=21 dmax=1.652 | shoulder_pan.pos=+25.56 shoulder_lift.pos=+1.93 elbow_flex.pos=-22.64 wrist_flex.pos=+78.41 wrist_roll.pos=+10.39 gripper.pos=+7.16
DEBUG 2026-08-19 04:25:54 [action #314] t=11.95s step=313 queue=20 dmax=1.876 | shoulder_pan.pos=+26.46 shoulder_lift.pos=+3.04 elbow_flex.pos=-24.52 wrist_flex.pos=+77.32 wrist_roll.pos=+10.27 gripper.pos=+7.27
DEBUG 2026-08-19 04:25:54 [action #315] t=11.98s step=314 queue=19 dmax=1.389 | shoulder_pan.pos=+26.58 shoulder_lift.pos=+3.90 elbow_flex.pos=-25.88 wrist_flex.pos=+75.93 wrist_roll.pos=+10.16 gripper.pos=+7.17
DEBUG 2026-08-19 04:25:54 [action #316] t=12.02s step=315 queue=18 dmax=0.805 | shoulder_pan.pos=+27.06 shoulder_lift.pos=+3.92 elbow_flex.pos=-25.07 wrist_flex.pos=+75.49 wrist_roll.pos=+10.43 gripper.pos=+7.12
DEBUG 2026-08-19 04:25:54 [action #317] t=12.05s step=316 queue=17 dmax=1.540 | shoulder_pan.pos=+27.92 shoulder_lift.pos=+5.11 elbow_flex.pos=-26.61 wrist_flex.pos=+74.61 wrist_roll.pos=+10.20 gripper.pos=+7.22
DEBUG 2026-08-19 04:25:54 [action #318] t=12.08s step=317 queue=16 dmax=1.452 | shoulder_pan.pos=+28.24 shoulder_lift.pos=+6.57 elbow_flex.pos=-26.29 wrist_flex.pos=+73.87 wrist_roll.pos=+10.11 gripper.pos=+7.34
DEBUG 2026-08-19 04:25:54 [action #319] t=12.12s step=318 queue=15 dmax=1.632 | shoulder_pan.pos=+28.49 shoulder_lift.pos=+6.82 elbow_flex.pos=-27.93 wrist_flex.pos=+73.30 wrist_roll.pos=+10.24 gripper.pos=+7.46
DEBUG 2026-08-19 04:25:54 [action #320] t=12.15s step=319 queue=14 dmax=1.604 | shoulder_pan.pos=+28.58 shoulder_lift.pos=+8.42 elbow_flex.pos=-26.74 wrist_flex.pos=+72.92 wrist_roll.pos=+10.06 gripper.pos=+7.24
DEBUG 2026-08-19 04:25:54 [action #321] t=12.18s step=320 queue=13 dmax=1.793 | shoulder_pan.pos=+29.46 shoulder_lift.pos=+8.57 elbow_flex.pos=-28.53 wrist_flex.pos=+72.90 wrist_roll.pos=+10.01 gripper.pos=+7.25
DEBUG 2026-08-19 04:25:54 [action #322] t=12.22s step=321 queue=12 dmax=1.362 | shoulder_pan.pos=+29.67 shoulder_lift.pos=+9.93 elbow_flex.pos=-28.59 wrist_flex.pos=+72.33 wrist_roll.pos=+10.07 gripper.pos=+7.40
DEBUG 2026-08-19 04:25:54 [action #323] t=12.25s step=322 queue=11 dmax=1.372 | shoulder_pan.pos=+30.25 shoulder_lift.pos=+11.30 elbow_flex.pos=-29.91 wrist_flex.pos=+72.12 wrist_roll.pos=+9.56 gripper.pos=+7.41
DEBUG 2026-08-19 04:25:54 [action #324] t=12.28s step=323 queue=10 dmax=1.890 | shoulder_pan.pos=+30.15 shoulder_lift.pos=+13.19 elbow_flex.pos=-31.08 wrist_flex.pos=+72.52 wrist_roll.pos=+9.38 gripper.pos=+7.36
DEBUG 2026-08-19 04:25:54 [action #325] t=12.32s step=324 queue=9 dmax=2.132 | shoulder_pan.pos=+30.52 shoulder_lift.pos=+15.32 elbow_flex.pos=-31.76 wrist_flex.pos=+72.17 wrist_roll.pos=+8.93 gripper.pos=+7.45
DEBUG 2026-08-19 04:25:54 [action #326] t=12.35s step=325 queue=8 dmax=0.773 | shoulder_pan.pos=+30.78 shoulder_lift.pos=+16.09 elbow_flex.pos=-32.26 wrist_flex.pos=+72.05 wrist_roll.pos=+8.57 gripper.pos=+7.50
DEBUG 2026-08-19 04:25:54 [action #327] t=12.39s step=326 queue=7 dmax=2.002 | shoulder_pan.pos=+31.04 shoulder_lift.pos=+17.63 elbow_flex.pos=-34.26 wrist_flex.pos=+71.75 wrist_roll.pos=+8.42 gripper.pos=+7.24
DEBUG 2026-08-19 04:25:54 [action #328] t=12.42s step=327 queue=6 dmax=1.085 | shoulder_pan.pos=+31.17 shoulder_lift.pos=+18.71 elbow_flex.pos=-34.16 wrist_flex.pos=+71.60 wrist_roll.pos=+8.43 gripper.pos=+7.44
DEBUG 2026-08-19 04:25:54 [action #329] t=12.45s step=328 queue=5 dmax=1.651 | shoulder_pan.pos=+31.13 shoulder_lift.pos=+20.36 elbow_flex.pos=-34.70 wrist_flex.pos=+71.07 wrist_roll.pos=+8.44 gripper.pos=+7.48
DEBUG 2026-08-19 04:25:54 [chunk] received 50 actions, timesteps 306..355 | first: shoulder_pan.pos=+25.76 shoulder_lift.pos=+13.39 elbow_flex.pos=-36.01 wrist_flex.pos=+90.15 wrist_roll.pos=+5.30 gripper.pos=+7.77 | last: shoulder_pan.pos=+34.58 shoulder_lift.pos=+35.96 elbow_flex.pos=-37.29 wrist_flex.pos=+70.65 wrist_roll.pos=+7.88 gripper.pos=+22.82
DEBUG 2026-08-19 04:25:54 [action #330] t=12.49s step=329 queue=27 dmax=2.906 | shoulder_pan.pos=+33.24 shoulder_lift.pos=+23.27 elbow_flex.pos=-34.26 wrist_flex.pos=+73.98 wrist_roll.pos=+7.96 gripper.pos=+7.85
DEBUG 2026-08-19 04:25:54 [action #331] t=12.52s step=330 queue=26 dmax=0.991 | shoulder_pan.pos=+33.40 shoulder_lift.pos=+24.26 elbow_flex.pos=-34.98 wrist_flex.pos=+73.68 wrist_roll.pos=+7.94 gripper.pos=+7.81
DEBUG 2026-08-19 04:25:54 [action #332] t=12.55s step=331 queue=25 dmax=0.616 | shoulder_pan.pos=+33.64 shoulder_lift.pos=+24.88 elbow_flex.pos=-34.56 wrist_flex.pos=+73.59 wrist_roll.pos=+8.00 gripper.pos=+7.92
DEBUG 2026-08-19 04:25:54 [action #333] t=12.59s step=332 queue=24 dmax=0.705 | shoulder_pan.pos=+33.46 shoulder_lift.pos=+25.58 elbow_flex.pos=-35.07 wrist_flex.pos=+73.33 wrist_roll.pos=+8.05 gripper.pos=+7.91
DEBUG 2026-08-19 04:25:54 [action #334] t=12.62s step=333 queue=23 dmax=0.896 | shoulder_pan.pos=+34.32 shoulder_lift.pos=+26.48 elbow_flex.pos=-34.27 wrist_flex.pos=+74.06 wrist_roll.pos=+7.86 gripper.pos=+7.98
DEBUG 2026-08-19 04:25:54 [action #335] t=12.65s step=334 queue=22 dmax=0.360 | shoulder_pan.pos=+34.29 shoulder_lift.pos=+26.67 elbow_flex.pos=-33.91 wrist_flex.pos=+73.81 wrist_roll.pos=+7.87 gripper.pos=+8.06
DEBUG 2026-08-19 04:25:55 [action #336] t=12.69s step=335 queue=21 dmax=0.949 | shoulder_pan.pos=+34.37 shoulder_lift.pos=+27.62 elbow_flex.pos=-33.91 wrist_flex.pos=+73.16 wrist_roll.pos=+7.97 gripper.pos=+8.06
DEBUG 2026-08-19 04:25:55 [action #337] t=12.72s step=336 queue=20 dmax=0.324 | shoulder_pan.pos=+34.70 shoulder_lift.pos=+27.66 elbow_flex.pos=-34.13 wrist_flex.pos=+72.92 wrist_roll.pos=+7.98 gripper.pos=+7.99
DEBUG 2026-08-19 04:25:55 [action #338] t=12.75s step=337 queue=19 dmax=0.797 | shoulder_pan.pos=+34.57 shoulder_lift.pos=+28.45 elbow_flex.pos=-34.12 wrist_flex.pos=+72.66 wrist_roll.pos=+8.03 gripper.pos=+8.13
DEBUG 2026-08-19 04:25:55 [action #339] t=12.79s step=338 queue=18 dmax=0.499 | shoulder_pan.pos=+34.66 shoulder_lift.pos=+28.69 elbow_flex.pos=-33.64 wrist_flex.pos=+72.16 wrist_roll.pos=+7.93 gripper.pos=+8.17
DEBUG 2026-08-19 04:25:55 [action #340] t=12.82s step=339 queue=17 dmax=0.986 | shoulder_pan.pos=+34.91 shoulder_lift.pos=+29.67 elbow_flex.pos=-34.46 wrist_flex.pos=+71.52 wrist_roll.pos=+8.06 gripper.pos=+8.00
DEBUG 2026-08-19 04:25:55 [action #341] t=12.85s step=340 queue=16 dmax=0.834 | shoulder_pan.pos=+34.91 shoulder_lift.pos=+30.24 elbow_flex.pos=-33.62 wrist_flex.pos=+71.04 wrist_roll.pos=+8.08 gripper.pos=+7.89
DEBUG 2026-08-19 04:25:55 [action #342] t=12.89s step=341 queue=15 dmax=0.571 | shoulder_pan.pos=+34.61 shoulder_lift.pos=+30.81 elbow_flex.pos=-34.12 wrist_flex.pos=+70.55 wrist_roll.pos=+7.96 gripper.pos=+8.03
DEBUG 2026-08-19 04:25:55 [action #343] t=12.92s step=342 queue=14 dmax=0.467 | shoulder_pan.pos=+34.82 shoulder_lift.pos=+31.09 elbow_flex.pos=-34.45 wrist_flex.pos=+70.09 wrist_roll.pos=+8.09 gripper.pos=+7.99
DEBUG 2026-08-19 04:25:55 [action #344] t=12.95s step=343 queue=13 dmax=1.001 | shoulder_pan.pos=+34.87 shoulder_lift.pos=+32.09 elbow_flex.pos=-35.21 wrist_flex.pos=+69.80 wrist_roll.pos=+8.04 gripper.pos=+7.98
DEBUG 2026-08-19 04:25:55 [action #345] t=12.99s step=344 queue=12 dmax=0.860 | shoulder_pan.pos=+35.00 shoulder_lift.pos=+32.95 elbow_flex.pos=-35.50 wrist_flex.pos=+69.73 wrist_roll.pos=+8.11 gripper.pos=+7.87
DEBUG 2026-08-19 04:25:55 [action #346] t=13.02s step=345 queue=11 dmax=0.230 | shoulder_pan.pos=+34.77 shoulder_lift.pos=+32.98 elbow_flex.pos=-35.48 wrist_flex.pos=+69.52 wrist_roll.pos=+8.05 gripper.pos=+7.91
DEBUG 2026-08-19 04:25:55 [action #347] t=13.05s step=346 queue=10 dmax=1.114 | shoulder_pan.pos=+34.57 shoulder_lift.pos=+34.09 elbow_flex.pos=-36.31 wrist_flex.pos=+69.09 wrist_roll.pos=+8.09 gripper.pos=+7.84
DEBUG 2026-08-19 04:25:55 [action #348] t=13.09s step=347 queue=9 dmax=0.484 | shoulder_pan.pos=+34.69 shoulder_lift.pos=+34.58 elbow_flex.pos=-36.61 wrist_flex.pos=+69.32 wrist_roll.pos=+8.04 gripper.pos=+7.97
DEBUG 2026-08-19 04:25:55 [action #349] t=13.12s step=348 queue=8 dmax=0.912 | shoulder_pan.pos=+34.88 shoulder_lift.pos=+35.49 elbow_flex.pos=-37.26 wrist_flex.pos=+69.50 wrist_roll.pos=+8.07 gripper.pos=+8.53
DEBUG 2026-08-19 04:25:55 [action #350] t=13.15s step=349 queue=7 dmax=1.297 | shoulder_pan.pos=+34.81 shoulder_lift.pos=+35.41 elbow_flex.pos=-37.01 wrist_flex.pos=+69.65 wrist_roll.pos=+8.01 gripper.pos=+9.83
DEBUG 2026-08-19 04:25:55 [action #351] t=13.19s step=350 queue=6 dmax=2.024 | shoulder_pan.pos=+34.91 shoulder_lift.pos=+35.83 elbow_flex.pos=-36.74 wrist_flex.pos=+69.73 wrist_roll.pos=+8.15 gripper.pos=+11.85
DEBUG 2026-08-19 04:25:55 [action #352] t=13.22s step=351 queue=5 dmax=2.761 | shoulder_pan.pos=+34.67 shoulder_lift.pos=+35.73 elbow_flex.pos=-37.08 wrist_flex.pos=+69.72 wrist_roll.pos=+8.08 gripper.pos=+14.61
DEBUG 2026-08-19 04:25:55 [chunk] received 50 actions, timesteps 328..377 | first: shoulder_pan.pos=+30.01 shoulder_lift.pos=+19.26 elbow_flex.pos=-25.97 wrist_flex.pos=+68.19 wrist_roll.pos=+10.48 gripper.pos=+7.26 | last: shoulder_pan.pos=+28.32 shoulder_lift.pos=+30.12 elbow_flex.pos=-45.24 wrist_flex.pos=+86.58 wrist_roll.pos=+12.67 gripper.pos=+32.31
DEBUG 2026-08-19 04:25:55 [action #353] t=13.26s step=352 queue=26 dmax=11.297 | shoulder_pan.pos=+34.67 shoulder_lift.pos=+29.80 elbow_flex.pos=-25.79 wrist_flex.pos=+63.15 wrist_roll.pos=+11.24 gripper.pos=+14.10
DEBUG 2026-08-19 04:25:55 [action #354] t=13.29s step=353 queue=25 dmax=2.124 | shoulder_pan.pos=+34.59 shoulder_lift.pos=+29.82 elbow_flex.pos=-26.00 wrist_flex.pos=+63.33 wrist_roll.pos=+11.25 gripper.pos=+16.23
DEBUG 2026-08-19 04:25:55 [action #355] t=13.32s step=354 queue=24 dmax=1.590 | shoulder_pan.pos=+34.40 shoulder_lift.pos=+30.00 elbow_flex.pos=-26.08 wrist_flex.pos=+63.64 wrist_roll.pos=+11.25 gripper.pos=+17.82
DEBUG 2026-08-19 04:25:55 [action #356] t=13.36s step=355 queue=23 dmax=1.074 | shoulder_pan.pos=+34.39 shoulder_lift.pos=+30.12 elbow_flex.pos=-26.16 wrist_flex.pos=+64.06 wrist_roll.pos=+11.28 gripper.pos=+18.89
DEBUG 2026-08-19 04:25:55 [action #357] t=13.39s step=356 queue=22 dmax=4.791 | shoulder_pan.pos=+33.87 shoulder_lift.pos=+27.60 elbow_flex.pos=-21.37 wrist_flex.pos=+61.88 wrist_roll.pos=+12.69 gripper.pos=+18.33
DEBUG 2026-08-19 04:25:55 [action #358] t=13.42s step=357 queue=21 dmax=1.253 | shoulder_pan.pos=+33.86 shoulder_lift.pos=+27.57 elbow_flex.pos=-22.18 wrist_flex.pos=+62.45 wrist_roll.pos=+12.80 gripper.pos=+19.58
DEBUG 2026-08-19 04:25:55 [action #359] t=13.46s step=358 queue=20 dmax=1.614 | shoulder_pan.pos=+33.54 shoulder_lift.pos=+27.58 elbow_flex.pos=-22.13 wrist_flex.pos=+63.49 wrist_roll.pos=+12.76 gripper.pos=+21.20
DEBUG 2026-08-19 04:25:55 [action #360] t=13.49s step=359 queue=19 dmax=1.647 | shoulder_pan.pos=+32.96 shoulder_lift.pos=+27.52 elbow_flex.pos=-22.54 wrist_flex.pos=+64.60 wrist_roll.pos=+12.72 gripper.pos=+22.84
DEBUG 2026-08-19 04:25:55 [action #361] t=13.52s step=360 queue=18 dmax=1.769 | shoulder_pan.pos=+32.68 shoulder_lift.pos=+27.92 elbow_flex.pos=-23.35 wrist_flex.pos=+65.67 wrist_roll.pos=+12.71 gripper.pos=+24.61
DEBUG 2026-08-19 04:25:55 [action #362] t=13.56s step=361 queue=17 dmax=1.802 | shoulder_pan.pos=+32.49 shoulder_lift.pos=+28.22 elbow_flex.pos=-24.27 wrist_flex.pos=+66.71 wrist_roll.pos=+12.64 gripper.pos=+26.42
DEBUG 2026-08-19 04:25:55 [action #363] t=13.59s step=362 queue=16 dmax=1.682 | shoulder_pan.pos=+32.22 shoulder_lift.pos=+27.82 elbow_flex.pos=-24.56 wrist_flex.pos=+67.86 wrist_roll.pos=+12.74 gripper.pos=+28.10
DEBUG 2026-08-19 04:25:55 [action #364] t=13.62s step=363 queue=15 dmax=1.159 | shoulder_pan.pos=+31.98 shoulder_lift.pos=+28.46 elbow_flex.pos=-25.12 wrist_flex.pos=+68.93 wrist_roll.pos=+12.83 gripper.pos=+29.26
DEBUG 2026-08-19 04:25:55 [action #365] t=13.66s step=364 queue=14 dmax=1.068 | shoulder_pan.pos=+31.50 shoulder_lift.pos=+28.70 elbow_flex.pos=-26.02 wrist_flex.pos=+69.99 wrist_roll.pos=+12.78 gripper.pos=+30.19
DEBUG 2026-08-19 04:25:56 [action #366] t=13.69s step=365 queue=13 dmax=1.528 | shoulder_pan.pos=+31.60 shoulder_lift.pos=+28.90 elbow_flex.pos=-27.55 wrist_flex.pos=+71.22 wrist_roll.pos=+12.71 gripper.pos=+30.62
DEBUG 2026-08-19 04:25:56 [action #367] t=13.72s step=366 queue=12 dmax=1.176 | shoulder_pan.pos=+30.97 shoulder_lift.pos=+28.81 elbow_flex.pos=-27.93 wrist_flex.pos=+72.39 wrist_roll.pos=+12.65 gripper.pos=+31.00
DEBUG 2026-08-19 04:25:56 [action #368] t=13.76s step=367 queue=11 dmax=1.591 | shoulder_pan.pos=+30.71 shoulder_lift.pos=+29.08 elbow_flex.pos=-29.52 wrist_flex.pos=+73.71 wrist_roll.pos=+12.58 gripper.pos=+31.27
DEBUG 2026-08-19 04:25:56 [action #369] t=13.79s step=368 queue=10 dmax=1.548 | shoulder_pan.pos=+30.50 shoulder_lift.pos=+29.46 elbow_flex.pos=-31.06 wrist_flex.pos=+74.94 wrist_roll.pos=+12.52 gripper.pos=+31.29
DEBUG 2026-08-19 04:25:56 [action #370] t=13.82s step=369 queue=9 dmax=1.490 | shoulder_pan.pos=+30.02 shoulder_lift.pos=+29.66 elbow_flex.pos=-32.55 wrist_flex.pos=+76.33 wrist_roll.pos=+12.50 gripper.pos=+31.33
DEBUG 2026-08-19 04:25:56 [action #371] t=13.86s step=370 queue=8 dmax=1.223 | shoulder_pan.pos=+29.68 shoulder_lift.pos=+29.60 elbow_flex.pos=-33.60 wrist_flex.pos=+77.56 wrist_roll.pos=+12.57 gripper.pos=+31.43
DEBUG 2026-08-19 04:25:56 [action #372] t=13.89s step=371 queue=7 dmax=2.217 | shoulder_pan.pos=+29.76 shoulder_lift.pos=+29.41 elbow_flex.pos=-35.81 wrist_flex.pos=+79.07 wrist_roll.pos=+12.49 gripper.pos=+31.63
DEBUG 2026-08-19 04:25:56 [action #373] t=13.92s step=372 queue=6 dmax=2.122 | shoulder_pan.pos=+29.67 shoulder_lift.pos=+30.66 elbow_flex.pos=-37.94 wrist_flex.pos=+80.44 wrist_roll.pos=+12.56 gripper.pos=+31.99
DEBUG 2026-08-19 04:25:56 [action #374] t=13.96s step=373 queue=5 dmax=1.600 | shoulder_pan.pos=+29.42 shoulder_lift.pos=+30.51 elbow_flex.pos=-39.54 wrist_flex.pos=+81.63 wrist_roll.pos=+12.64 gripper.pos=+32.27
DEBUG 2026-08-19 04:25:56 [chunk] received 50 actions, timesteps 349..398 | first: shoulder_pan.pos=+32.57 shoulder_lift.pos=+34.62 elbow_flex.pos=-36.05 wrist_flex.pos=+67.31 wrist_roll.pos=+9.58 gripper.pos=+10.17 | last: shoulder_pan.pos=+21.04 shoulder_lift.pos=+28.23 elbow_flex.pos=-49.25 wrist_flex.pos=+102.05 wrist_roll.pos=+10.27 gripper.pos=+30.81
DEBUG 2026-08-19 04:25:56 [action #375] t=13.99s step=374 queue=25 dmax=3.573 | shoulder_pan.pos=+29.02 shoulder_lift.pos=+34.08 elbow_flex.pos=-38.49 wrist_flex.pos=+79.49 wrist_roll.pos=+10.93 gripper.pos=+32.07
DEBUG 2026-08-19 04:25:56 [action #376] t=14.03s step=375 queue=24 dmax=1.081 | shoulder_pan.pos=+28.94 shoulder_lift.pos=+34.33 elbow_flex.pos=-39.56 wrist_flex.pos=+80.57 wrist_roll.pos=+11.03 gripper.pos=+31.96
DEBUG 2026-08-19 04:25:56 [action #377] t=14.06s step=376 queue=23 dmax=1.194 | shoulder_pan.pos=+28.76 shoulder_lift.pos=+34.01 elbow_flex.pos=-40.03 wrist_flex.pos=+81.76 wrist_roll.pos=+10.99 gripper.pos=+31.85
DEBUG 2026-08-19 04:25:56 [action #378] t=14.09s step=377 queue=22 dmax=1.638 | shoulder_pan.pos=+28.45 shoulder_lift.pos=+34.34 elbow_flex.pos=-41.67 wrist_flex.pos=+83.02 wrist_roll.pos=+10.96 gripper.pos=+31.82
DEBUG 2026-08-19 04:25:56 [action #379] t=14.13s step=378 queue=21 dmax=1.123 | shoulder_pan.pos=+28.60 shoulder_lift.pos=+35.46 elbow_flex.pos=-40.92 wrist_flex.pos=+82.80 wrist_roll.pos=+10.17 gripper.pos=+31.43
DEBUG 2026-08-19 04:25:56 [action #380] t=14.16s step=379 queue=20 dmax=1.576 | shoulder_pan.pos=+28.35 shoulder_lift.pos=+35.59 elbow_flex.pos=-41.70 wrist_flex.pos=+84.37 wrist_roll.pos=+10.13 gripper.pos=+31.63
DEBUG 2026-08-19 04:25:56 [action #381] t=14.19s step=380 queue=19 dmax=1.599 | shoulder_pan.pos=+28.00 shoulder_lift.pos=+35.56 elbow_flex.pos=-42.55 wrist_flex.pos=+85.97 wrist_roll.pos=+10.17 gripper.pos=+31.52
DEBUG 2026-08-19 04:25:56 [action #382] t=14.23s step=381 queue=18 dmax=1.896 | shoulder_pan.pos=+27.54 shoulder_lift.pos=+36.13 elbow_flex.pos=-43.97 wrist_flex.pos=+87.87 wrist_roll.pos=+10.07 gripper.pos=+31.74
DEBUG 2026-08-19 04:25:56 [action #383] t=14.26s step=382 queue=17 dmax=2.437 | shoulder_pan.pos=+27.76 shoulder_lift.pos=+35.26 elbow_flex.pos=-46.40 wrist_flex.pos=+89.32 wrist_roll.pos=+10.04 gripper.pos=+31.96
DEBUG 2026-08-19 04:25:56 [action #384] t=14.29s step=383 queue=16 dmax=1.304 | shoulder_pan.pos=+27.15 shoulder_lift.pos=+35.26 elbow_flex.pos=-47.10 wrist_flex.pos=+90.62 wrist_roll.pos=+10.04 gripper.pos=+31.64
DEBUG 2026-08-19 04:25:56 [action #385] t=14.33s step=384 queue=15 dmax=1.322 | shoulder_pan.pos=+27.24 shoulder_lift.pos=+35.80 elbow_flex.pos=-48.10 wrist_flex.pos=+91.94 wrist_roll.pos=+9.97 gripper.pos=+31.80
DEBUG 2026-08-19 04:25:56 [action #386] t=14.36s step=385 queue=14 dmax=1.222 | shoulder_pan.pos=+26.93 shoulder_lift.pos=+35.44 elbow_flex.pos=-49.32 wrist_flex.pos=+92.99 wrist_roll.pos=+9.97 gripper.pos=+31.94
DEBUG 2026-08-19 04:25:56 [action #387] t=14.39s step=386 queue=13 dmax=0.882 | shoulder_pan.pos=+26.49 shoulder_lift.pos=+35.37 elbow_flex.pos=-49.74 wrist_flex.pos=+93.87 wrist_roll.pos=+9.72 gripper.pos=+31.80
DEBUG 2026-08-19 04:25:56 [action #388] t=14.43s step=387 queue=12 dmax=1.084 | shoulder_pan.pos=+26.52 shoulder_lift.pos=+35.11 elbow_flex.pos=-50.82 wrist_flex.pos=+94.89 wrist_roll.pos=+9.92 gripper.pos=+31.85
DEBUG 2026-08-19 04:25:56 [action #389] t=14.46s step=388 queue=11 dmax=0.698 | shoulder_pan.pos=+26.01 shoulder_lift.pos=+35.38 elbow_flex.pos=-51.02 wrist_flex.pos=+95.58 wrist_roll.pos=+9.74 gripper.pos=+31.71
DEBUG 2026-08-19 04:25:56 [action #390] t=14.49s step=389 queue=10 dmax=0.969 | shoulder_pan.pos=+25.74 shoulder_lift.pos=+35.05 elbow_flex.pos=-51.27 wrist_flex.pos=+96.55 wrist_roll.pos=+9.86 gripper.pos=+31.87
DEBUG 2026-08-19 04:25:56 [action #391] t=14.53s step=390 queue=9 dmax=1.018 | shoulder_pan.pos=+25.54 shoulder_lift.pos=+34.83 elbow_flex.pos=-50.73 wrist_flex.pos=+97.57 wrist_roll.pos=+9.92 gripper.pos=+31.71
DEBUG 2026-08-19 04:25:56 [action #392] t=14.56s step=391 queue=8 dmax=1.081 | shoulder_pan.pos=+25.48 shoulder_lift.pos=+34.78 elbow_flex.pos=-51.81 wrist_flex.pos=+98.63 wrist_roll.pos=+9.76 gripper.pos=+31.83
DEBUG 2026-08-19 04:25:56 [action #393] t=14.59s step=392 queue=7 dmax=1.055 | shoulder_pan.pos=+24.43 shoulder_lift.pos=+34.02 elbow_flex.pos=-52.24 wrist_flex.pos=+99.62 wrist_roll.pos=+9.78 gripper.pos=+31.82
DEBUG 2026-08-19 04:25:56 [action #394] t=14.63s step=393 queue=6 dmax=1.222 | shoulder_pan.pos=+24.39 shoulder_lift.pos=+33.84 elbow_flex.pos=-52.68 wrist_flex.pos=+100.84 wrist_roll.pos=+9.93 gripper.pos=+32.01
DEBUG 2026-08-19 04:25:57 [action #395] t=14.66s step=394 queue=5 dmax=0.845 | shoulder_pan.pos=+23.76 shoulder_lift.pos=+33.31 elbow_flex.pos=-51.84 wrist_flex.pos=+101.51 wrist_roll.pos=+9.85 gripper.pos=+32.03
DEBUG 2026-08-19 04:25:57 [action #396] t=14.69s step=395 queue=4 dmax=0.787 | shoulder_pan.pos=+22.97 shoulder_lift.pos=+32.64 elbow_flex.pos=-52.28 wrist_flex.pos=+101.95 wrist_roll.pos=+9.83 gripper.pos=+32.01
DEBUG 2026-08-19 04:25:57 [action #397] t=14.73s step=396 queue=3 dmax=1.623 | shoulder_pan.pos=+22.49 shoulder_lift.pos=+31.28 elbow_flex.pos=-50.65 wrist_flex.pos=+102.42 wrist_roll.pos=+9.87 gripper.pos=+31.63
DEBUG 2026-08-19 04:25:57 [action #398] t=14.76s step=397 queue=2 dmax=0.898 | shoulder_pan.pos=+21.87 shoulder_lift.pos=+30.38 elbow_flex.pos=-50.34 wrist_flex.pos=+102.52 wrist_roll.pos=+10.08 gripper.pos=+31.45
DEBUG 2026-08-19 04:25:57 [chunk] received 50 actions, timesteps 372..421 | first: shoulder_pan.pos=+29.40 shoulder_lift.pos=+27.12 elbow_flex.pos=-31.32 wrist_flex.pos=+76.61 wrist_roll.pos=+11.48 gripper.pos=+35.75 | last: shoulder_pan.pos=+1.94 shoulder_lift.pos=-18.12 elbow_flex.pos=+6.06 wrist_flex.pos=+83.84 wrist_roll.pos=+10.90 gripper.pos=+2.80
DEBUG 2026-08-19 04:25:57 [action #399] t=14.79s step=398 queue=24 dmax=3.154 | shoulder_pan.pos=+22.74 shoulder_lift.pos=+27.63 elbow_flex.pos=-48.51 wrist_flex.pos=+101.94 wrist_roll.pos=+10.89 gripper.pos=+34.61
DEBUG 2026-08-19 04:25:57 [action #400] t=14.83s step=399 queue=23 dmax=1.536 | shoulder_pan.pos=+23.11 shoulder_lift.pos=+26.47 elbow_flex.pos=-47.91 wrist_flex.pos=+102.15 wrist_roll.pos=+11.04 gripper.pos=+36.14
DEBUG 2026-08-19 04:25:57 [action #401] t=14.86s step=400 queue=22 dmax=0.788 | shoulder_pan.pos=+22.64 shoulder_lift.pos=+26.33 elbow_flex.pos=-47.12 wrist_flex.pos=+102.67 wrist_roll.pos=+10.82 gripper.pos=+36.19
DEBUG 2026-08-19 04:25:57 [action #402] t=14.90s step=401 queue=21 dmax=1.690 | shoulder_pan.pos=+22.04 shoulder_lift.pos=+24.64 elbow_flex.pos=-46.79 wrist_flex.pos=+102.63 wrist_roll.pos=+10.60 gripper.pos=+36.04
DEBUG 2026-08-19 04:25:57 [action #403] t=14.93s step=402 queue=20 dmax=1.150 | shoulder_pan.pos=+21.30 shoulder_lift.pos=+23.59 elbow_flex.pos=-45.64 wrist_flex.pos=+102.78 wrist_roll.pos=+10.41 gripper.pos=+36.03
DEBUG 2026-08-19 04:25:57 [action #404] t=14.96s step=403 queue=19 dmax=1.963 | shoulder_pan.pos=+20.44 shoulder_lift.pos=+22.07 elbow_flex.pos=-43.67 wrist_flex.pos=+102.75 wrist_roll.pos=+10.27 gripper.pos=+36.22
DEBUG 2026-08-19 04:25:57 [action #405] t=15.00s step=404 queue=18 dmax=2.033 | shoulder_pan.pos=+19.95 shoulder_lift.pos=+20.03 elbow_flex.pos=-42.76 wrist_flex.pos=+102.75 wrist_roll.pos=+10.02 gripper.pos=+36.16
DEBUG 2026-08-19 04:25:57 [action #406] t=15.03s step=405 queue=17 dmax=2.828 | shoulder_pan.pos=+18.59 shoulder_lift.pos=+18.44 elbow_flex.pos=-39.93 wrist_flex.pos=+102.60 wrist_roll.pos=+10.00 gripper.pos=+36.07
DEBUG 2026-08-19 04:25:57 [action #407] t=15.06s step=406 queue=16 dmax=2.172 | shoulder_pan.pos=+17.67 shoulder_lift.pos=+16.35 elbow_flex.pos=-37.76 wrist_flex.pos=+102.28 wrist_roll.pos=+9.89 gripper.pos=+35.21
DEBUG 2026-08-19 04:25:57 [action #408] t=15.10s step=407 queue=15 dmax=2.686 | shoulder_pan.pos=+16.63 shoulder_lift.pos=+14.12 elbow_flex.pos=-35.83 wrist_flex.pos=+102.24 wrist_roll.pos=+9.94 gripper.pos=+32.53
DEBUG 2026-08-19 04:25:57 [action #409] t=15.13s step=408 queue=14 dmax=4.455 | shoulder_pan.pos=+15.64 shoulder_lift.pos=+12.08 elbow_flex.pos=-33.69 wrist_flex.pos=+101.50 wrist_roll.pos=+9.98 gripper.pos=+28.07
DEBUG 2026-08-19 04:25:57 [action #410] t=15.16s step=409 queue=13 dmax=5.364 | shoulder_pan.pos=+14.81 shoulder_lift.pos=+10.22 elbow_flex.pos=-30.55 wrist_flex.pos=+101.18 wrist_roll.pos=+10.03 gripper.pos=+22.71
DEBUG 2026-08-19 04:25:57 [action #411] t=15.20s step=410 queue=12 dmax=5.366 | shoulder_pan.pos=+14.01 shoulder_lift.pos=+7.17 elbow_flex.pos=-29.22 wrist_flex.pos=+100.68 wrist_roll.pos=+10.28 gripper.pos=+17.34
DEBUG 2026-08-19 04:25:57 [action #412] t=15.23s step=411 queue=11 dmax=4.522 | shoulder_pan.pos=+12.88 shoulder_lift.pos=+5.24 elbow_flex.pos=-25.55 wrist_flex.pos=+99.89 wrist_roll.pos=+10.54 gripper.pos=+12.82
DEBUG 2026-08-19 04:25:57 [action #413] t=15.26s step=412 queue=10 dmax=3.305 | shoulder_pan.pos=+12.00 shoulder_lift.pos=+2.73 elbow_flex.pos=-23.54 wrist_flex.pos=+98.71 wrist_roll.pos=+10.66 gripper.pos=+9.51
DEBUG 2026-08-19 04:25:57 [action #414] t=15.30s step=413 queue=9 dmax=2.901 | shoulder_pan.pos=+11.09 shoulder_lift.pos=+0.99 elbow_flex.pos=-20.64 wrist_flex.pos=+97.61 wrist_roll.pos=+10.89 gripper.pos=+7.80
DEBUG 2026-08-19 04:25:57 [action #415] t=15.33s step=414 queue=8 dmax=4.375 | shoulder_pan.pos=+9.66 shoulder_lift.pos=-1.54 elbow_flex.pos=-16.27 wrist_flex.pos=+96.34 wrist_roll.pos=+10.91 gripper.pos=+6.86
DEBUG 2026-08-19 04:25:57 [action #416] t=15.36s step=415 queue=7 dmax=3.027 | shoulder_pan.pos=+8.53 shoulder_lift.pos=-3.38 elbow_flex.pos=-13.24 wrist_flex.pos=+94.42 wrist_roll.pos=+10.89 gripper.pos=+6.56
DEBUG 2026-08-19 04:25:57 [action #417] t=15.40s step=416 queue=6 dmax=3.245 | shoulder_pan.pos=+7.47 shoulder_lift.pos=-6.20 elbow_flex.pos=-10.00 wrist_flex.pos=+92.69 wrist_roll.pos=+11.02 gripper.pos=+6.20
DEBUG 2026-08-19 04:25:57 [action #418] t=15.43s step=417 queue=5 dmax=3.058 | shoulder_pan.pos=+6.50 shoulder_lift.pos=-8.52 elbow_flex.pos=-6.94 wrist_flex.pos=+90.97 wrist_roll.pos=+10.94 gripper.pos=+5.66
DEBUG 2026-08-19 04:25:57 [action #419] t=15.46s step=418 queue=4 dmax=3.233 | shoulder_pan.pos=+5.30 shoulder_lift.pos=-11.19 elbow_flex.pos=-3.70 wrist_flex.pos=+89.10 wrist_roll.pos=+10.99 gripper.pos=+5.16
DEBUG 2026-08-19 04:25:57 [action #420] t=15.50s step=419 queue=3 dmax=3.234 | shoulder_pan.pos=+4.01 shoulder_lift.pos=-13.25 elbow_flex.pos=-0.47 wrist_flex.pos=+87.23 wrist_roll.pos=+10.93 gripper.pos=+4.30
DEBUG 2026-08-19 04:25:57 [action #421] t=15.53s step=420 queue=2 dmax=4.148 | shoulder_pan.pos=+2.91 shoulder_lift.pos=-16.20 elbow_flex.pos=+3.68 wrist_flex.pos=+85.35 wrist_roll.pos=+10.93 gripper.pos=+3.34
DEBUG 2026-08-19 04:25:57 [chunk] received 50 actions, timesteps 396..445 | first: shoulder_pan.pos=+24.89 shoulder_lift.pos=+33.16 elbow_flex.pos=-49.73 wrist_flex.pos=+97.83 wrist_roll.pos=+9.61 gripper.pos=+32.49 | last: shoulder_pan.pos=-3.07 shoulder_lift.pos=-45.15 elbow_flex.pos=+36.87 wrist_flex.pos=+73.71 wrist_roll.pos=+3.17 gripper.pos=-1.05
DEBUG 2026-08-19 04:25:57 [action #422] t=15.56s step=421 queue=25 dmax=11.408 | shoulder_pan.pos=+3.11 shoulder_lift.pos=-8.43 elbow_flex.pos=-7.73 wrist_flex.pos=+95.12 wrist_roll.pos=+9.55 gripper.pos=+9.99
DEBUG 2026-08-19 04:25:57 [action #423] t=15.60s step=422 queue=24 dmax=4.654 | shoulder_pan.pos=+2.84 shoulder_lift.pos=-5.78 elbow_flex.pos=-12.39 wrist_flex.pos=+99.18 wrist_roll.pos=+8.87 gripper.pos=+10.95
DEBUG 2026-08-19 04:25:57 [action #424] t=15.63s step=423 queue=23 dmax=2.087 | shoulder_pan.pos=+2.65 shoulder_lift.pos=-7.87 elbow_flex.pos=-11.14 wrist_flex.pos=+98.59 wrist_roll.pos=+8.78 gripper.pos=+9.18
DEBUG 2026-08-19 04:25:58 [action #425] t=15.66s step=424 queue=22 dmax=2.741 | shoulder_pan.pos=+1.68 shoulder_lift.pos=-10.23 elbow_flex.pos=-8.40 wrist_flex.pos=+98.28 wrist_roll.pos=+8.77 gripper.pos=+7.75
DEBUG 2026-08-19 04:25:58 [action #426] t=15.70s step=425 queue=21 dmax=1.907 | shoulder_pan.pos=+1.53 shoulder_lift.pos=-12.13 elbow_flex.pos=-7.46 wrist_flex.pos=+97.21 wrist_roll.pos=+8.79 gripper.pos=+6.08
DEBUG 2026-08-19 04:25:58 [action #427] t=15.73s step=426 queue=20 dmax=2.068 | shoulder_pan.pos=+0.83 shoulder_lift.pos=-13.99 elbow_flex.pos=-5.39 wrist_flex.pos=+96.18 wrist_roll.pos=+8.61 gripper.pos=+4.02
DEBUG 2026-08-19 04:25:58 [action #428] t=15.76s step=427 queue=19 dmax=2.626 | shoulder_pan.pos=+0.59 shoulder_lift.pos=-16.08 elbow_flex.pos=-2.77 wrist_flex.pos=+94.43 wrist_roll.pos=+8.67 gripper.pos=+2.05
DEBUG 2026-08-19 04:25:58 [action #429] t=15.80s step=428 queue=18 dmax=2.315 | shoulder_pan.pos=+0.02 shoulder_lift.pos=-18.19 elbow_flex.pos=-0.45 wrist_flex.pos=+93.06 wrist_roll.pos=+8.66 gripper.pos=+0.40
DEBUG 2026-08-19 04:25:58 [action #430] t=15.83s step=429 queue=17 dmax=2.115 | shoulder_pan.pos=-0.30 shoulder_lift.pos=-20.08 elbow_flex.pos=+1.66 wrist_flex.pos=+91.50 wrist_roll.pos=+8.65 gripper.pos=-0.75
DEBUG 2026-08-19 04:25:58 [action #431] t=15.87s step=430 queue=16 dmax=2.866 | shoulder_pan.pos=-0.94 shoulder_lift.pos=-22.26 elbow_flex.pos=+4.53 wrist_flex.pos=+90.20 wrist_roll.pos=+8.55 gripper.pos=-1.59
DEBUG 2026-08-19 04:25:58 [action #432] t=15.90s step=431 queue=15 dmax=2.468 | shoulder_pan.pos=-1.19 shoulder_lift.pos=-24.51 elbow_flex.pos=+7.00 wrist_flex.pos=+88.58 wrist_roll.pos=+8.66 gripper.pos=-2.05
DEBUG 2026-08-19 04:25:58 [action #433] t=15.93s step=432 queue=14 dmax=2.624 | shoulder_pan.pos=-1.77 shoulder_lift.pos=-26.62 elbow_flex.pos=+9.62 wrist_flex.pos=+86.99 wrist_roll.pos=+8.58 gripper.pos=-2.69
DEBUG 2026-08-19 04:25:58 [action #434] t=15.97s step=433 queue=13 dmax=3.010 | shoulder_pan.pos=-2.15 shoulder_lift.pos=-28.30 elbow_flex.pos=+12.63 wrist_flex.pos=+85.60 wrist_roll.pos=+8.59 gripper.pos=-2.85
DEBUG 2026-08-19 04:25:58 [action #435] t=16.00s step=434 queue=12 dmax=2.515 | shoulder_pan.pos=-2.33 shoulder_lift.pos=-30.10 elbow_flex.pos=+15.15 wrist_flex.pos=+84.31 wrist_roll.pos=+8.54 gripper.pos=-2.72
DEBUG 2026-08-19 04:25:58 [action #436] t=16.03s step=435 queue=11 dmax=2.414 | shoulder_pan.pos=-2.60 shoulder_lift.pos=-31.82 elbow_flex.pos=+17.56 wrist_flex.pos=+83.15 wrist_roll.pos=+8.26 gripper.pos=-2.68
DEBUG 2026-08-19 04:25:58 [action #437] t=16.07s step=436 queue=10 dmax=2.395 | shoulder_pan.pos=-2.93 shoulder_lift.pos=-33.14 elbow_flex.pos=+19.96 wrist_flex.pos=+82.14 wrist_roll.pos=+7.83 gripper.pos=-2.41
DEBUG 2026-08-19 04:25:58 [action #438] t=16.10s step=437 queue=9 dmax=1.891 | shoulder_pan.pos=-3.13 shoulder_lift.pos=-34.86 elbow_flex.pos=+21.85 wrist_flex.pos=+81.10 wrist_roll.pos=+7.20 gripper.pos=-2.22
DEBUG 2026-08-19 04:25:58 [action #439] t=16.13s step=438 queue=8 dmax=2.019 | shoulder_pan.pos=-3.29 shoulder_lift.pos=-36.02 elbow_flex.pos=+23.86 wrist_flex.pos=+80.22 wrist_roll.pos=+6.34 gripper.pos=-1.95
DEBUG 2026-08-19 04:25:58 [action #440] t=16.17s step=439 queue=7 dmax=1.820 | shoulder_pan.pos=-3.42 shoulder_lift.pos=-37.48 elbow_flex.pos=+25.68 wrist_flex.pos=+79.40 wrist_roll.pos=+5.45 gripper.pos=-1.79
DEBUG 2026-08-19 04:25:58 [action #441] t=16.20s step=440 queue=6 dmax=2.137 | shoulder_pan.pos=-3.25 shoulder_lift.pos=-39.20 elbow_flex.pos=+27.82 wrist_flex.pos=+78.37 wrist_roll.pos=+4.81 gripper.pos=-1.73
DEBUG 2026-08-19 04:25:58 [action #442] t=16.23s step=441 queue=5 dmax=1.415 | shoulder_pan.pos=-3.21 shoulder_lift.pos=-40.05 elbow_flex.pos=+29.24 wrist_flex.pos=+77.62 wrist_roll.pos=+4.17 gripper.pos=-1.54
DEBUG 2026-08-19 04:25:58 [action #443] t=16.27s step=442 queue=4 dmax=1.437 | shoulder_pan.pos=-3.21 shoulder_lift.pos=-41.20 elbow_flex.pos=+30.67 wrist_flex.pos=+76.46 wrist_roll.pos=+3.93 gripper.pos=-1.44
DEBUG 2026-08-19 04:25:58 [action #444] t=16.30s step=443 queue=3 dmax=2.101 | shoulder_pan.pos=-2.99 shoulder_lift.pos=-42.40 elbow_flex.pos=+32.77 wrist_flex.pos=+75.63 wrist_roll.pos=+3.52 gripper.pos=-1.21
DEBUG 2026-08-19 04:25:58 [chunk] received 50 actions, timesteps 419..468 | first: shoulder_pan.pos=+4.94 shoulder_lift.pos=-11.10 elbow_flex.pos=+0.65 wrist_flex.pos=+93.72 wrist_roll.pos=+8.16 gripper.pos=+2.84 | last: shoulder_pan.pos=-2.12 shoulder_lift.pos=-95.03 elbow_flex.pos=+89.45 wrist_flex.pos=+59.81 wrist_roll.pos=-0.25 gripper.pos=+0.18
DEBUG 2026-08-19 04:25:58 [action #445] t=16.33s step=444 queue=25 dmax=17.169 | shoulder_pan.pos=-5.75 shoulder_lift.pos=-51.30 elbow_flex.pos=+49.94 wrist_flex.pos=+69.85 wrist_roll.pos=+4.34 gripper.pos=+0.02
DEBUG 2026-08-19 04:25:58 [action #446] t=16.37s step=445 queue=24 dmax=1.480 | shoulder_pan.pos=-5.74 shoulder_lift.pos=-52.66 elbow_flex.pos=+51.42 wrist_flex.pos=+69.20 wrist_roll.pos=+4.33 gripper.pos=+0.16
DEBUG 2026-08-19 04:25:58 [action #447] t=16.40s step=446 queue=23 dmax=7.414 | shoulder_pan.pos=-7.19 shoulder_lift.pos=-57.01 elbow_flex.pos=+58.84 wrist_flex.pos=+66.81 wrist_roll.pos=+4.72 gripper.pos=+0.66
DEBUG 2026-08-19 04:25:58 [action #448] t=16.43s step=447 queue=22 dmax=1.316 | shoulder_pan.pos=-7.31 shoulder_lift.pos=-58.30 elbow_flex.pos=+60.15 wrist_flex.pos=+66.16 wrist_roll.pos=+4.56 gripper.pos=+0.58
DEBUG 2026-08-19 04:25:58 [action #449] t=16.47s step=448 queue=21 dmax=1.616 | shoulder_pan.pos=-7.35 shoulder_lift.pos=-59.19 elbow_flex.pos=+61.77 wrist_flex.pos=+65.81 wrist_roll.pos=+4.51 gripper.pos=+0.38
DEBUG 2026-08-19 04:25:58 [action #450] t=16.50s step=449 queue=20 dmax=1.430 | shoulder_pan.pos=-7.35 shoulder_lift.pos=-60.62 elbow_flex.pos=+63.09 wrist_flex.pos=+65.24 wrist_roll.pos=+4.50 gripper.pos=+0.43
DEBUG 2026-08-19 04:25:58 [action #451] t=16.53s step=450 queue=19 dmax=1.252 | shoulder_pan.pos=-7.25 shoulder_lift.pos=-61.13 elbow_flex.pos=+64.34 wrist_flex.pos=+64.76 wrist_roll.pos=+4.29 gripper.pos=+0.42
DEBUG 2026-08-19 04:25:58 [action #452] t=16.57s step=451 queue=18 dmax=1.780 | shoulder_pan.pos=-7.09 shoulder_lift.pos=-62.87 elbow_flex.pos=+66.12 wrist_flex.pos=+64.25 wrist_roll.pos=+3.95 gripper.pos=+0.19
DEBUG 2026-08-19 04:25:58 [action #453] t=16.60s step=452 queue=17 dmax=1.394 | shoulder_pan.pos=-6.90 shoulder_lift.pos=-63.89 elbow_flex.pos=+67.52 wrist_flex.pos=+63.99 wrist_roll.pos=+3.62 gripper.pos=+0.36
DEBUG 2026-08-19 04:25:58 [action #454] t=16.63s step=453 queue=16 dmax=1.658 | shoulder_pan.pos=-6.92 shoulder_lift.pos=-65.09 elbow_flex.pos=+69.18 wrist_flex.pos=+63.56 wrist_roll.pos=+2.84 gripper.pos=+0.06
DEBUG 2026-08-19 04:25:59 [action #455] t=16.67s step=454 queue=15 dmax=1.523 | shoulder_pan.pos=-6.62 shoulder_lift.pos=-66.61 elbow_flex.pos=+70.39 wrist_flex.pos=+62.64 wrist_roll.pos=+1.64 gripper.pos=-0.03
DEBUG 2026-08-19 04:25:59 [action #456] t=16.70s step=455 queue=14 dmax=1.775 | shoulder_pan.pos=-6.31 shoulder_lift.pos=-67.22 elbow_flex.pos=+72.17 wrist_flex.pos=+61.88 wrist_roll.pos=+0.29 gripper.pos=-0.42
DEBUG 2026-08-19 04:25:59 [action #457] t=16.74s step=456 queue=13 dmax=1.600 | shoulder_pan.pos=-6.20 shoulder_lift.pos=-68.82 elbow_flex.pos=+73.35 wrist_flex.pos=+60.83 wrist_roll.pos=-0.50 gripper.pos=-0.34
DEBUG 2026-08-19 04:25:59 [action #458] t=16.77s step=457 queue=12 dmax=1.842 | shoulder_pan.pos=-6.00 shoulder_lift.pos=-70.00 elbow_flex.pos=+75.20 wrist_flex.pos=+60.04 wrist_roll.pos=-1.07 gripper.pos=-0.22
DEBUG 2026-08-19 04:25:59 [action #459] t=16.80s step=458 queue=11 dmax=1.997 | shoulder_pan.pos=-5.34 shoulder_lift.pos=-72.00 elbow_flex.pos=+76.59 wrist_flex.pos=+59.03 wrist_roll.pos=-1.30 gripper.pos=-0.09
DEBUG 2026-08-19 04:25:59 [action #460] t=16.84s step=459 queue=10 dmax=2.026 | shoulder_pan.pos=-5.12 shoulder_lift.pos=-74.02 elbow_flex.pos=+78.27 wrist_flex.pos=+58.37 wrist_roll.pos=-1.06 gripper.pos=-0.06
DEBUG 2026-08-19 04:25:59 [action #461] t=16.87s step=460 queue=9 dmax=2.322 | shoulder_pan.pos=-4.79 shoulder_lift.pos=-76.34 elbow_flex.pos=+79.53 wrist_flex.pos=+58.02 wrist_roll.pos=-0.87 gripper.pos=+0.04
DEBUG 2026-08-19 04:25:59 [action #462] t=16.90s step=461 queue=8 dmax=2.405 | shoulder_pan.pos=-4.30 shoulder_lift.pos=-78.75 elbow_flex.pos=+80.61 wrist_flex.pos=+58.01 wrist_roll.pos=-0.65 gripper.pos=-0.08
DEBUG 2026-08-19 04:25:59 [action #463] t=16.94s step=462 queue=7 dmax=2.869 | shoulder_pan.pos=-4.39 shoulder_lift.pos=-81.62 elbow_flex.pos=+82.27 wrist_flex.pos=+58.02 wrist_roll.pos=-0.44 gripper.pos=+0.06
DEBUG 2026-08-19 04:25:59 [action #464] t=16.97s step=463 queue=6 dmax=2.634 | shoulder_pan.pos=-3.95 shoulder_lift.pos=-84.25 elbow_flex.pos=+83.84 wrist_flex.pos=+57.88 wrist_roll.pos=-0.52 gripper.pos=+0.00
DEBUG 2026-08-19 04:25:59 [action #465] t=17.00s step=464 queue=5 dmax=1.792 | shoulder_pan.pos=-3.54 shoulder_lift.pos=-86.04 elbow_flex.pos=+84.32 wrist_flex.pos=+58.32 wrist_roll.pos=-0.47 gripper.pos=+0.09
DEBUG 2026-08-19 04:25:59 [action #466] t=17.04s step=465 queue=4 dmax=2.376 | shoulder_pan.pos=-3.42 shoulder_lift.pos=-88.42 elbow_flex.pos=+85.77 wrist_flex.pos=+58.69 wrist_roll.pos=-0.30 gripper.pos=+0.11
DEBUG 2026-08-19 04:25:59 [chunk] received 50 actions, timesteps 443..492 | first: shoulder_pan.pos=-2.18 shoulder_lift.pos=-42.53 elbow_flex.pos=+34.41 wrist_flex.pos=+74.50 wrist_roll.pos=+5.79 gripper.pos=-0.07 | last: shoulder_pan.pos=-3.29 shoulder_lift.pos=-102.91 elbow_flex.pos=+86.80 wrist_flex.pos=+78.15 wrist_roll.pos=-1.11 gripper.pos=+0.33
DEBUG 2026-08-19 04:25:59 [action #467] t=17.07s step=466 queue=27 dmax=7.942 | shoulder_pan.pos=-4.40 shoulder_lift.pos=-82.15 elbow_flex.pos=+77.83 wrist_flex.pos=+65.34 wrist_roll.pos=+1.71 gripper.pos=+0.23
DEBUG 2026-08-19 04:25:59 [action #468] t=17.10s step=467 queue=26 dmax=1.649 | shoulder_pan.pos=-4.15 shoulder_lift.pos=-83.79 elbow_flex.pos=+79.41 wrist_flex.pos=+65.08 wrist_roll.pos=+1.48 gripper.pos=+0.27
DEBUG 2026-08-19 04:25:59 [action #469] t=17.14s step=468 queue=25 dmax=1.886 | shoulder_pan.pos=-4.04 shoulder_lift.pos=-85.68 elbow_flex.pos=+80.52 wrist_flex.pos=+65.20 wrist_roll.pos=+1.34 gripper.pos=+0.24
DEBUG 2026-08-19 04:25:59 [action #470] t=17.17s step=469 queue=24 dmax=3.111 | shoulder_pan.pos=-4.59 shoulder_lift.pos=-82.96 elbow_flex.pos=+77.41 wrist_flex.pos=+67.41 wrist_roll.pos=+1.71 gripper.pos=+0.19
DEBUG 2026-08-19 04:25:59 [action #471] t=17.20s step=470 queue=23 dmax=1.242 | shoulder_pan.pos=-4.30 shoulder_lift.pos=-84.21 elbow_flex.pos=+78.14 wrist_flex.pos=+67.51 wrist_roll.pos=+1.28 gripper.pos=+0.25
DEBUG 2026-08-19 04:25:59 [action #472] t=17.24s step=471 queue=22 dmax=1.116 | shoulder_pan.pos=-3.90 shoulder_lift.pos=-85.05 elbow_flex.pos=+79.26 wrist_flex.pos=+67.50 wrist_roll.pos=+1.37 gripper.pos=+0.17
DEBUG 2026-08-19 04:25:59 [action #473] t=17.27s step=472 queue=21 dmax=2.048 | shoulder_pan.pos=-3.69 shoulder_lift.pos=-87.10 elbow_flex.pos=+80.04 wrist_flex.pos=+67.43 wrist_roll.pos=+1.42 gripper.pos=+0.22
DEBUG 2026-08-19 04:25:59 [action #474] t=17.30s step=473 queue=20 dmax=1.733 | shoulder_pan.pos=-3.41 shoulder_lift.pos=-88.83 elbow_flex.pos=+80.67 wrist_flex.pos=+67.70 wrist_roll.pos=+1.51 gripper.pos=+0.27
DEBUG 2026-08-19 04:25:59 [action #475] t=17.34s step=474 queue=19 dmax=1.966 | shoulder_pan.pos=-3.15 shoulder_lift.pos=-90.80 elbow_flex.pos=+81.27 wrist_flex.pos=+67.87 wrist_roll.pos=+1.51 gripper.pos=+0.33
DEBUG 2026-08-19 04:25:59 [action #476] t=17.37s step=475 queue=18 dmax=1.358 | shoulder_pan.pos=-3.25 shoulder_lift.pos=-92.15 elbow_flex.pos=+81.83 wrist_flex.pos=+67.97 wrist_roll.pos=+1.61 gripper.pos=+0.28
DEBUG 2026-08-19 04:25:59 [action #477] t=17.40s step=476 queue=17 dmax=1.636 | shoulder_pan.pos=-3.18 shoulder_lift.pos=-93.79 elbow_flex.pos=+83.16 wrist_flex.pos=+68.20 wrist_roll.pos=+1.62 gripper.pos=+0.28
DEBUG 2026-08-19 04:25:59 [action #478] t=17.44s step=477 queue=16 dmax=1.996 | shoulder_pan.pos=-2.97 shoulder_lift.pos=-95.79 elbow_flex.pos=+83.27 wrist_flex.pos=+68.82 wrist_roll.pos=+1.42 gripper.pos=+0.38
DEBUG 2026-08-19 04:25:59 [action #479] t=17.47s step=478 queue=15 dmax=2.004 | shoulder_pan.pos=-2.83 shoulder_lift.pos=-97.79 elbow_flex.pos=+83.72 wrist_flex.pos=+69.55 wrist_roll.pos=+1.35 gripper.pos=+0.36
DEBUG 2026-08-19 04:25:59 [action #480] t=17.50s step=479 queue=14 dmax=1.641 | shoulder_pan.pos=-2.99 shoulder_lift.pos=-99.43 elbow_flex.pos=+84.70 wrist_flex.pos=+70.46 wrist_roll.pos=+1.28 gripper.pos=+0.22
DEBUG 2026-08-19 04:25:59 [action #481] t=17.54s step=480 queue=13 dmax=0.758 | shoulder_pan.pos=-3.15 shoulder_lift.pos=-100.16 elbow_flex.pos=+84.71 wrist_flex.pos=+71.22 wrist_roll.pos=+1.04 gripper.pos=+0.41
DEBUG 2026-08-19 04:25:59 [action #482] t=17.57s step=481 queue=12 dmax=1.358 | shoulder_pan.pos=-3.20 shoulder_lift.pos=-101.52 elbow_flex.pos=+85.21 wrist_flex.pos=+72.33 wrist_roll.pos=+0.61 gripper.pos=+0.40
DEBUG 2026-08-19 04:25:59 [action #483] t=17.60s step=482 queue=11 dmax=0.997 | shoulder_pan.pos=-3.37 shoulder_lift.pos=-101.83 elbow_flex.pos=+85.19 wrist_flex.pos=+73.32 wrist_roll.pos=-0.35 gripper.pos=+0.43
DEBUG 2026-08-19 04:25:59 [action #484] t=17.64s step=483 queue=10 dmax=1.231 | shoulder_pan.pos=-3.30 shoulder_lift.pos=-102.53 elbow_flex.pos=+85.67 wrist_flex.pos=+74.55 wrist_roll.pos=-0.85 gripper.pos=+0.60
DEBUG 2026-08-19 04:26:00 [action #485] t=17.67s step=484 queue=9 dmax=1.081 | shoulder_pan.pos=-3.29 shoulder_lift.pos=-102.51 elbow_flex.pos=+85.53 wrist_flex.pos=+75.64 wrist_roll.pos=-1.51 gripper.pos=+0.61
DEBUG 2026-08-19 04:26:00 [action #486] t=17.71s step=485 queue=8 dmax=0.476 | shoulder_pan.pos=-3.24 shoulder_lift.pos=-102.73 elbow_flex.pos=+85.81 wrist_flex.pos=+76.11 wrist_roll.pos=-1.61 gripper.pos=+0.60
DEBUG 2026-08-19 04:26:00 [action #487] t=17.74s step=486 queue=7 dmax=0.629 | shoulder_pan.pos=-3.18 shoulder_lift.pos=-103.20 elbow_flex.pos=+85.83 wrist_flex.pos=+76.74 wrist_roll.pos=-1.45 gripper.pos=+0.52
DEBUG 2026-08-19 04:26:00 [chunk] received 50 actions, timesteps 465..514 | first: shoulder_pan.pos=-4.33 shoulder_lift.pos=-88.32 elbow_flex.pos=+84.67 wrist_flex.pos=+62.74 wrist_roll.pos=-0.54 gripper.pos=-0.08 | last: shoulder_pan.pos=-4.96 shoulder_lift.pos=-100.24 elbow_flex.pos=+87.91 wrist_flex.pos=+76.82 wrist_roll.pos=-1.15 gripper.pos=+0.35
DEBUG 2026-08-19 04:26:00 [action #488] t=17.77s step=487 queue=28 dmax=2.486 | shoulder_pan.pos=-4.31 shoulder_lift.pos=-100.72 elbow_flex.pos=+87.45 wrist_flex.pos=+76.99 wrist_roll.pos=-1.09 gripper.pos=+0.39
DEBUG 2026-08-19 04:26:00 [action #489] t=17.81s step=488 queue=27 dmax=0.132 | shoulder_pan.pos=-4.41 shoulder_lift.pos=-100.85 elbow_flex.pos=+87.52 wrist_flex.pos=+77.09 wrist_roll.pos=-1.05 gripper.pos=+0.29
DEBUG 2026-08-19 04:26:00 [action #490] t=17.84s step=489 queue=26 dmax=0.203 | shoulder_pan.pos=-4.45 shoulder_lift.pos=-100.79 elbow_flex.pos=+87.32 wrist_flex.pos=+77.19 wrist_roll.pos=-1.02 gripper.pos=+0.32
DEBUG 2026-08-19 04:26:00 [action #491] t=17.87s step=490 queue=25 dmax=0.287 | shoulder_pan.pos=-4.41 shoulder_lift.pos=-100.50 elbow_flex.pos=+87.09 wrist_flex.pos=+77.26 wrist_roll.pos=-1.05 gripper.pos=+0.33
DEBUG 2026-08-19 04:26:00 [action #492] t=17.91s step=491 queue=24 dmax=0.425 | shoulder_pan.pos=-4.47 shoulder_lift.pos=-100.43 elbow_flex.pos=+87.52 wrist_flex.pos=+77.21 wrist_roll.pos=-1.11 gripper.pos=+0.38
DEBUG 2026-08-19 04:26:00 [action #493] t=17.94s step=492 queue=23 dmax=0.531 | shoulder_pan.pos=-4.46 shoulder_lift.pos=-100.96 elbow_flex.pos=+87.59 wrist_flex.pos=+77.34 wrist_roll.pos=-1.04 gripper.pos=+0.36
DEBUG 2026-08-19 04:26:00 [action #494] t=17.97s step=493 queue=22 dmax=0.573 | shoulder_pan.pos=-5.04 shoulder_lift.pos=-100.82 elbow_flex.pos=+87.86 wrist_flex.pos=+76.84 wrist_roll.pos=-0.99 gripper.pos=+0.32
DEBUG 2026-08-19 04:26:00 [action #495] t=18.01s step=494 queue=21 dmax=0.391 | shoulder_pan.pos=-5.12 shoulder_lift.pos=-100.43 elbow_flex.pos=+87.64 wrist_flex.pos=+76.95 wrist_roll.pos=-1.04 gripper.pos=+0.40
DEBUG 2026-08-19 04:26:00 [action #496] t=18.04s step=495 queue=20 dmax=0.377 | shoulder_pan.pos=-5.08 shoulder_lift.pos=-100.05 elbow_flex.pos=+87.72 wrist_flex.pos=+76.85 wrist_roll.pos=-1.03 gripper.pos=+0.35
DEBUG 2026-08-19 04:26:00 [action #497] t=18.07s step=496 queue=19 dmax=0.589 | shoulder_pan.pos=-4.92 shoulder_lift.pos=-100.22 elbow_flex.pos=+88.31 wrist_flex.pos=+76.89 wrist_roll.pos=-1.06 gripper.pos=+0.38
DEBUG 2026-08-19 04:26:00 [action #498] t=18.11s step=497 queue=18 dmax=0.866 | shoulder_pan.pos=-5.07 shoulder_lift.pos=-99.74 elbow_flex.pos=+87.44 wrist_flex.pos=+76.80 wrist_roll.pos=-1.05 gripper.pos=+0.36
DEBUG 2026-08-19 04:26:00 [action #499] t=18.14s step=498 queue=17 dmax=0.666 | shoulder_pan.pos=-4.89 shoulder_lift.pos=-99.91 elbow_flex.pos=+88.11 wrist_flex.pos=+76.74 wrist_roll.pos=-1.08 gripper.pos=+0.41
DEBUG 2026-08-19 04:26:00 [action #500] t=18.17s step=499 queue=16 dmax=0.168 | shoulder_pan.pos=-4.95 shoulder_lift.pos=-100.08 elbow_flex.pos=+87.98 wrist_flex.pos=+76.88 wrist_roll.pos=-1.08 gripper.pos=+0.44
DEBUG 2026-08-19 04:26:00 [action #501] t=18.21s step=500 queue=15 dmax=0.553 | shoulder_pan.pos=-5.01 shoulder_lift.pos=-100.51 elbow_flex.pos=+87.43 wrist_flex.pos=+76.69 wrist_roll.pos=-1.04 gripper.pos=+0.38
DEBUG 2026-08-19 04:26:00 [action #502] t=18.24s step=501 queue=14 dmax=0.671 | shoulder_pan.pos=-4.79 shoulder_lift.pos=-100.31 elbow_flex.pos=+88.10 wrist_flex.pos=+76.70 wrist_roll.pos=-1.02 gripper.pos=+0.36
DEBUG 2026-08-19 04:26:00 [action #503] t=18.27s step=502 queue=13 dmax=1.186 | shoulder_pan.pos=-5.04 shoulder_lift.pos=-99.13 elbow_flex.pos=+87.70 wrist_flex.pos=+76.86 wrist_roll.pos=-1.06 gripper.pos=+0.36
DEBUG 2026-08-19 04:26:00 [action #504] t=18.31s step=503 queue=12 dmax=1.029 | shoulder_pan.pos=-4.95 shoulder_lift.pos=-100.15 elbow_flex.pos=+87.91 wrist_flex.pos=+76.77 wrist_roll.pos=-1.03 gripper.pos=+0.21
DEBUG 2026-08-19 04:26:00 [action #505] t=18.34s step=504 queue=11 dmax=0.237 | shoulder_pan.pos=-4.85 shoulder_lift.pos=-100.37 elbow_flex.pos=+88.15 wrist_flex.pos=+76.66 wrist_roll.pos=-1.13 gripper.pos=+0.35
DEBUG 2026-08-19 04:26:00 [action #506] t=18.37s step=505 queue=10 dmax=0.106 | shoulder_pan.pos=-4.88 shoulder_lift.pos=-100.39 elbow_flex.pos=+88.06 wrist_flex.pos=+76.60 wrist_roll.pos=-1.12 gripper.pos=+0.45
DEBUG 2026-08-19 04:26:00 [action #507] t=18.41s step=506 queue=9 dmax=0.188 | shoulder_pan.pos=-4.82 shoulder_lift.pos=-100.49 elbow_flex.pos=+88.18 wrist_flex.pos=+76.79 wrist_roll.pos=-1.07 gripper.pos=+0.41
DEBUG 2026-08-19 04:26:00 [action #508] t=18.44s step=507 queue=8 dmax=0.342 | shoulder_pan.pos=-4.87 shoulder_lift.pos=-100.42 elbow_flex.pos=+87.84 wrist_flex.pos=+76.78 wrist_roll.pos=-1.11 gripper.pos=+0.45
DEBUG 2026-08-19 04:26:00 [action #509] t=18.47s step=508 queue=7 dmax=0.184 | shoulder_pan.pos=-4.68 shoulder_lift.pos=-100.26 elbow_flex.pos=+87.96 wrist_flex.pos=+76.72 wrist_roll.pos=-1.19 gripper.pos=+0.36
DEBUG 2026-08-19 04:26:00 [action #510] t=18.51s step=509 queue=6 dmax=0.350 | shoulder_pan.pos=-5.03 shoulder_lift.pos=-100.57 elbow_flex.pos=+88.16 wrist_flex.pos=+76.68 wrist_roll.pos=-1.17 gripper.pos=+0.36
DEBUG 2026-08-19 04:26:00 [chunk] received 50 actions, timesteps 486..535 | first: shoulder_pan.pos=-3.08 shoulder_lift.pos=-102.40 elbow_flex.pos=+88.15 wrist_flex.pos=+75.67 wrist_roll.pos=-1.26 gripper.pos=-0.18 | last: shoulder_pan.pos=-3.57 shoulder_lift.pos=-103.22 elbow_flex.pos=+89.13 wrist_flex.pos=+78.88 wrist_roll.pos=-1.72 gripper.pos=+0.17
DEBUG 2026-08-19 04:26:00 [action #511] t=18.54s step=510 queue=26 dmax=1.609 | shoulder_pan.pos=-4.13 shoulder_lift.pos=-101.76 elbow_flex.pos=+88.80 wrist_flex.pos=+78.29 wrist_roll.pos=-1.65 gripper.pos=+0.13
DEBUG 2026-08-19 04:26:00 [action #512] t=18.57s step=511 queue=25 dmax=0.291 | shoulder_pan.pos=-4.23 shoulder_lift.pos=-101.62 elbow_flex.pos=+88.51 wrist_flex.pos=+78.36 wrist_roll.pos=-1.66 gripper.pos=+0.19
DEBUG 2026-08-19 04:26:00 [action #513] t=18.61s step=512 queue=24 dmax=0.148 | shoulder_pan.pos=-4.08 shoulder_lift.pos=-101.76 elbow_flex.pos=+88.46 wrist_flex.pos=+78.24 wrist_roll.pos=-1.68 gripper.pos=+0.19
DEBUG 2026-08-19 04:26:00 [action #514] t=18.64s step=513 queue=23 dmax=0.439 | shoulder_pan.pos=-4.02 shoulder_lift.pos=-102.20 elbow_flex.pos=+88.37 wrist_flex.pos=+78.39 wrist_roll.pos=-1.61 gripper.pos=+0.23
DEBUG 2026-08-19 04:26:01 [action #515] t=18.68s step=514 queue=22 dmax=0.248 | shoulder_pan.pos=-4.03 shoulder_lift.pos=-102.35 elbow_flex.pos=+88.62 wrist_flex.pos=+78.19 wrist_roll.pos=-1.65 gripper.pos=+0.16
DEBUG 2026-08-19 04:26:01 [action #516] t=18.71s step=515 queue=21 dmax=0.809 | shoulder_pan.pos=-3.62 shoulder_lift.pos=-102.44 elbow_flex.pos=+88.93 wrist_flex.pos=+79.00 wrist_roll.pos=-1.80 gripper.pos=-0.03
DEBUG 2026-08-19 04:26:01 [action #517] t=18.74s step=516 queue=20 dmax=0.537 | shoulder_pan.pos=-3.62 shoulder_lift.pos=-102.40 elbow_flex.pos=+88.39 wrist_flex.pos=+78.79 wrist_roll.pos=-1.89 gripper.pos=+0.06
DEBUG 2026-08-19 04:26:01 [action #518] t=18.78s step=517 queue=19 dmax=0.244 | shoulder_pan.pos=-3.44 shoulder_lift.pos=-102.55 elbow_flex.pos=+88.23 wrist_flex.pos=+78.68 wrist_roll.pos=-1.83 gripper.pos=+0.31
DEBUG 2026-08-19 04:26:01 [action #519] t=18.81s step=518 queue=18 dmax=0.653 | shoulder_pan.pos=-4.09 shoulder_lift.pos=-102.49 elbow_flex.pos=+88.02 wrist_flex.pos=+78.80 wrist_roll.pos=-1.77 gripper.pos=+0.07
DEBUG 2026-08-19 04:26:01 [action #520] t=18.84s step=519 queue=17 dmax=0.548 | shoulder_pan.pos=-3.54 shoulder_lift.pos=-102.51 elbow_flex.pos=+88.13 wrist_flex.pos=+78.84 wrist_roll.pos=-1.90 gripper.pos=+0.17
DEBUG 2026-08-19 04:26:01 [action #521] t=18.88s step=520 queue=16 dmax=0.357 | shoulder_pan.pos=-3.48 shoulder_lift.pos=-102.38 elbow_flex.pos=+88.49 wrist_flex.pos=+78.80 wrist_roll.pos=-1.78 gripper.pos=+0.20
DEBUG 2026-08-19 04:26:01 [action #522] t=18.91s step=521 queue=15 dmax=0.208 | shoulder_pan.pos=-3.56 shoulder_lift.pos=-102.59 elbow_flex.pos=+88.53 wrist_flex.pos=+78.76 wrist_roll.pos=-1.84 gripper.pos=+0.17
DEBUG 2026-08-19 04:26:01 [action #523] t=18.94s step=522 queue=14 dmax=0.651 | shoulder_pan.pos=-3.62 shoulder_lift.pos=-101.98 elbow_flex.pos=+87.88 wrist_flex.pos=+78.95 wrist_roll.pos=-1.73 gripper.pos=+0.29
DEBUG 2026-08-19 04:26:01 [action #524] t=18.98s step=523 queue=13 dmax=1.115 | shoulder_pan.pos=-3.82 shoulder_lift.pos=-102.84 elbow_flex.pos=+89.00 wrist_flex.pos=+78.67 wrist_roll.pos=-1.74 gripper.pos=+0.10
DEBUG 2026-08-19 04:26:01 [action #525] t=19.01s step=524 queue=12 dmax=0.698 | shoulder_pan.pos=-3.85 shoulder_lift.pos=-102.24 elbow_flex.pos=+88.30 wrist_flex.pos=+78.81 wrist_roll.pos=-1.81 gripper.pos=+0.02
DEBUG 2026-08-19 04:26:01 [action #526] t=19.04s step=525 queue=11 dmax=0.386 | shoulder_pan.pos=-3.57 shoulder_lift.pos=-101.93 elbow_flex.pos=+87.91 wrist_flex.pos=+78.77 wrist_roll.pos=-1.84 gripper.pos=+0.08
DEBUG 2026-08-19 04:26:01 [action #527] t=19.08s step=526 queue=10 dmax=0.673 | shoulder_pan.pos=-3.91 shoulder_lift.pos=-102.61 elbow_flex.pos=+88.47 wrist_flex.pos=+78.67 wrist_roll.pos=-1.76 gripper.pos=+0.14
DEBUG 2026-08-19 04:26:01 [action #528] t=19.11s step=527 queue=9 dmax=0.509 | shoulder_pan.pos=-3.44 shoulder_lift.pos=-102.59 elbow_flex.pos=+87.96 wrist_flex.pos=+78.98 wrist_roll.pos=-1.75 gripper.pos=+0.14
DEBUG 2026-08-19 04:26:01 [action #529] t=19.14s step=528 queue=8 dmax=0.482 | shoulder_pan.pos=-3.81 shoulder_lift.pos=-102.81 elbow_flex.pos=+88.44 wrist_flex.pos=+78.77 wrist_roll.pos=-1.73 gripper.pos=+0.18
DEBUG 2026-08-19 04:26:01 [action #530] t=19.18s step=529 queue=7 dmax=0.275 | shoulder_pan.pos=-3.69 shoulder_lift.pos=-102.53 elbow_flex.pos=+88.62 wrist_flex.pos=+78.66 wrist_roll.pos=-1.85 gripper.pos=+0.21
DEBUG 2026-08-19 04:26:01 [action #531] t=19.21s step=530 queue=6 dmax=0.220 | shoulder_pan.pos=-3.83 shoulder_lift.pos=-102.38 elbow_flex.pos=+88.83 wrist_flex.pos=+78.70 wrist_roll.pos=-1.89 gripper.pos=-0.01
DEBUG 2026-08-19 04:26:01 [chunk] received 50 actions, timesteps 509..558 | first: shoulder_pan.pos=-4.64 shoulder_lift.pos=-101.50 elbow_flex.pos=+88.32 wrist_flex.pos=+77.12 wrist_roll.pos=-0.88 gripper.pos=+0.11 | last: shoulder_pan.pos=-4.75 shoulder_lift.pos=-101.65 elbow_flex.pos=+88.07 wrist_flex.pos=+77.39 wrist_roll.pos=-1.03 gripper.pos=+0.25
DEBUG 2026-08-19 04:26:01 [action #532] t=19.24s step=531 queue=28 dmax=0.823 | shoulder_pan.pos=-4.43 shoulder_lift.pos=-101.56 elbow_flex.pos=+88.35 wrist_flex.pos=+78.03 wrist_roll.pos=-1.28 gripper.pos=+0.19
DEBUG 2026-08-19 04:26:01 [action #533] t=19.28s step=532 queue=27 dmax=0.206 | shoulder_pan.pos=-4.49 shoulder_lift.pos=-101.76 elbow_flex.pos=+88.53 wrist_flex.pos=+77.87 wrist_roll.pos=-1.20 gripper.pos=+0.22
DEBUG 2026-08-19 04:26:01 [action #534] t=19.31s step=533 queue=26 dmax=0.410 | shoulder_pan.pos=-4.49 shoulder_lift.pos=-101.35 elbow_flex.pos=+88.34 wrist_flex.pos=+77.89 wrist_roll.pos=-1.21 gripper.pos=+0.11
DEBUG 2026-08-19 04:26:01 [action #535] t=19.34s step=534 queue=25 dmax=0.069 | shoulder_pan.pos=-4.56 shoulder_lift.pos=-101.36 elbow_flex.pos=+88.31 wrist_flex.pos=+77.92 wrist_roll.pos=-1.23 gripper.pos=+0.18
DEBUG 2026-08-19 04:26:01 [action #536] t=19.38s step=535 queue=24 dmax=0.343 | shoulder_pan.pos=-4.55 shoulder_lift.pos=-101.71 elbow_flex.pos=+88.62 wrist_flex.pos=+77.99 wrist_roll.pos=-1.21 gripper.pos=+0.11
DEBUG 2026-08-19 04:26:01 [action #537] t=19.41s step=536 queue=23 dmax=0.554 | shoulder_pan.pos=-4.76 shoulder_lift.pos=-101.58 elbow_flex.pos=+88.27 wrist_flex.pos=+77.44 wrist_roll.pos=-0.97 gripper.pos=+0.17
DEBUG 2026-08-19 04:26:01 [action #538] t=19.44s step=537 queue=22 dmax=0.162 | shoulder_pan.pos=-4.92 shoulder_lift.pos=-101.62 elbow_flex.pos=+88.35 wrist_flex.pos=+77.50 wrist_roll.pos=-0.96 gripper.pos=+0.22
DEBUG 2026-08-19 04:26:01 [action #539] t=19.48s step=538 queue=21 dmax=0.302 | shoulder_pan.pos=-4.86 shoulder_lift.pos=-101.32 elbow_flex.pos=+88.35 wrist_flex.pos=+77.50 wrist_roll.pos=-1.04 gripper.pos=+0.30
DEBUG 2026-08-19 04:26:01 [action #540] t=19.51s step=539 queue=20 dmax=0.351 | shoulder_pan.pos=-4.63 shoulder_lift.pos=-100.97 elbow_flex.pos=+88.44 wrist_flex.pos=+77.47 wrist_roll.pos=-0.97 gripper.pos=+0.26
DEBUG 2026-08-19 04:26:01 [action #541] t=19.54s step=540 queue=19 dmax=0.358 | shoulder_pan.pos=-4.54 shoulder_lift.pos=-101.33 elbow_flex.pos=+88.73 wrist_flex.pos=+77.45 wrist_roll.pos=-0.99 gripper.pos=+0.30
DEBUG 2026-08-19 04:26:01 [action #542] t=19.58s step=541 queue=18 dmax=0.648 | shoulder_pan.pos=-4.60 shoulder_lift.pos=-101.34 elbow_flex.pos=+88.08 wrist_flex.pos=+77.53 wrist_roll.pos=-0.94 gripper.pos=+0.27
DEBUG 2026-08-19 04:26:01 [action #543] t=19.61s step=542 queue=17 dmax=0.242 | shoulder_pan.pos=-4.62 shoulder_lift.pos=-101.13 elbow_flex.pos=+87.95 wrist_flex.pos=+77.28 wrist_roll.pos=-0.98 gripper.pos=+0.33
DEBUG 2026-08-19 04:26:01 [action #544] t=19.65s step=543 queue=16 dmax=0.480 | shoulder_pan.pos=-4.40 shoulder_lift.pos=-101.38 elbow_flex.pos=+88.43 wrist_flex.pos=+77.46 wrist_roll.pos=-1.00 gripper.pos=+0.30
DEBUG 2026-08-19 04:26:02 [action #545] t=19.68s step=544 queue=15 dmax=0.079 | shoulder_pan.pos=-4.40 shoulder_lift.pos=-101.41 elbow_flex.pos=+88.43 wrist_flex.pos=+77.54 wrist_roll.pos=-0.98 gripper.pos=+0.37
DEBUG 2026-08-19 04:26:02 [action #546] t=19.71s step=545 queue=14 dmax=0.662 | shoulder_pan.pos=-4.52 shoulder_lift.pos=-101.62 elbow_flex.pos=+87.77 wrist_flex.pos=+77.56 wrist_roll.pos=-0.98 gripper.pos=+0.21
DEBUG 2026-08-19 04:26:02 [action #547] t=19.75s step=546 queue=13 dmax=0.511 | shoulder_pan.pos=-4.63 shoulder_lift.pos=-101.46 elbow_flex.pos=+88.28 wrist_flex.pos=+77.46 wrist_roll.pos=-0.97 gripper.pos=+0.23
DEBUG 2026-08-19 04:26:02 [action #548] t=19.78s step=547 queue=12 dmax=0.310 | shoulder_pan.pos=-4.38 shoulder_lift.pos=-101.15 elbow_flex.pos=+88.51 wrist_flex.pos=+77.59 wrist_roll.pos=-1.02 gripper.pos=+0.33
DEBUG 2026-08-19 04:26:02 [chunk] received 50 actions, timesteps 530..579 | first: shoulder_pan.pos=-3.38 shoulder_lift.pos=-102.75 elbow_flex.pos=+88.73 wrist_flex.pos=+77.21 wrist_roll.pos=-1.54 gripper.pos=+0.13 | last: shoulder_pan.pos=-3.49 shoulder_lift.pos=-102.26 elbow_flex.pos=+88.51 wrist_flex.pos=+77.21 wrist_roll.pos=-1.46 gripper.pos=+0.33
INFO 2026-08-19 04:26:02 Final action sent: shoulder_pan.pos=-4.38 shoulder_lift.pos=-101.15 elbow_flex.pos=+88.51 wrist_flex.pos=+77.59 wrist_roll.pos=-1.02 gripper.pos=+0.33
DEBUG 2026-08-19 04:26:02 === episode end | 19.9s | converged=True | actions=548 ===
DEBUG 2026-08-19 04:26:10 === episode start | task: 'put the banana on the tray' | duration: 30.0s ===
DEBUG 2026-08-19 04:26:11 [chunk] received 50 actions, timesteps 0..49 | first: shoulder_pan.pos=-4.31 shoulder_lift.pos=-102.27 elbow_flex.pos=+89.54 wrist_flex.pos=+76.51 wrist_roll.pos=-1.16 gripper.pos=+1.09 | last: shoulder_pan.pos=-4.36 shoulder_lift.pos=-102.11 elbow_flex.pos=+88.89 wrist_flex.pos=+77.19 wrist_roll.pos=-1.12 gripper.pos=+0.91
DEBUG 2026-08-19 04:26:11 [action #1] t=0.87s step=0 queue=50 dmax=n/a | shoulder_pan.pos=-4.31 shoulder_lift.pos=-102.27 elbow_flex.pos=+89.54 wrist_flex.pos=+76.51 wrist_roll.pos=-1.16 gripper.pos=+1.09
DEBUG 2026-08-19 04:26:11 [action #2] t=0.90s step=1 queue=49 dmax=0.643 | shoulder_pan.pos=-4.14 shoulder_lift.pos=-102.23 elbow_flex.pos=+88.89 wrist_flex.pos=+76.53 wrist_roll.pos=-1.28 gripper.pos=+1.06
DEBUG 2026-08-19 04:26:11 [action #3] t=0.94s step=2 queue=48 dmax=0.663 | shoulder_pan.pos=-4.43 shoulder_lift.pos=-102.34 elbow_flex.pos=+89.56 wrist_flex.pos=+76.78 wrist_roll.pos=-1.15 gripper.pos=+1.02
DEBUG 2026-08-19 04:26:11 [action #4] t=0.97s step=3 queue=47 dmax=0.250 | shoulder_pan.pos=-4.36 shoulder_lift.pos=-102.24 elbow_flex.pos=+89.31 wrist_flex.pos=+76.87 wrist_roll.pos=-1.18 gripper.pos=+0.97
DEBUG 2026-08-19 04:26:11 [action #5] t=1.00s step=4 queue=46 dmax=0.439 | shoulder_pan.pos=-4.46 shoulder_lift.pos=-101.98 elbow_flex.pos=+89.75 wrist_flex.pos=+77.06 wrist_roll.pos=-1.17 gripper.pos=+1.01
DEBUG 2026-08-19 04:26:11 [action #6] t=1.04s step=5 queue=45 dmax=0.260 | shoulder_pan.pos=-4.20 shoulder_lift.pos=-101.81 elbow_flex.pos=+89.89 wrist_flex.pos=+76.98 wrist_roll.pos=-1.14 gripper.pos=+0.94
DEBUG 2026-08-19 04:26:11 [action #7] t=1.07s step=6 queue=44 dmax=0.566 | shoulder_pan.pos=-4.10 shoulder_lift.pos=-101.74 elbow_flex.pos=+89.32 wrist_flex.pos=+76.81 wrist_roll.pos=-1.21 gripper.pos=+0.97
DEBUG 2026-08-19 04:26:11 [action #8] t=1.10s step=7 queue=43 dmax=0.623 | shoulder_pan.pos=-4.43 shoulder_lift.pos=-102.37 elbow_flex.pos=+89.20 wrist_flex.pos=+76.88 wrist_roll.pos=-1.28 gripper.pos=+0.93
DEBUG 2026-08-19 04:26:11 [action #9] t=1.14s step=8 queue=42 dmax=0.258 | shoulder_pan.pos=-4.41 shoulder_lift.pos=-102.18 elbow_flex.pos=+89.45 wrist_flex.pos=+76.92 wrist_roll.pos=-1.13 gripper.pos=+0.96
DEBUG 2026-08-19 04:26:11 [action #10] t=1.17s step=9 queue=41 dmax=0.211 | shoulder_pan.pos=-4.41 shoulder_lift.pos=-102.20 elbow_flex.pos=+89.64 wrist_flex.pos=+76.97 wrist_roll.pos=-1.18 gripper.pos=+1.17
DEBUG 2026-08-19 04:26:12 [action #11] t=1.20s step=10 queue=40 dmax=0.136 | shoulder_pan.pos=-4.50 shoulder_lift.pos=-102.15 elbow_flex.pos=+89.56 wrist_flex.pos=+77.03 wrist_roll.pos=-1.24 gripper.pos=+1.03
DEBUG 2026-08-19 04:26:12 [action #12] t=1.24s step=11 queue=39 dmax=0.153 | shoulder_pan.pos=-4.47 shoulder_lift.pos=-102.00 elbow_flex.pos=+89.53 wrist_flex.pos=+76.92 wrist_roll.pos=-1.20 gripper.pos=+1.02
DEBUG 2026-08-19 04:26:12 [action #13] t=1.27s step=12 queue=38 dmax=0.321 | shoulder_pan.pos=-4.36 shoulder_lift.pos=-102.32 elbow_flex.pos=+89.51 wrist_flex.pos=+76.77 wrist_roll.pos=-1.19 gripper.pos=+0.98
DEBUG 2026-08-19 04:26:12 [action #14] t=1.30s step=13 queue=37 dmax=0.205 | shoulder_pan.pos=-4.47 shoulder_lift.pos=-102.16 elbow_flex.pos=+89.71 wrist_flex.pos=+76.93 wrist_roll.pos=-1.24 gripper.pos=+0.98
DEBUG 2026-08-19 04:26:12 [action #15] t=1.34s step=14 queue=36 dmax=0.359 | shoulder_pan.pos=-4.36 shoulder_lift.pos=-102.30 elbow_flex.pos=+89.35 wrist_flex.pos=+76.75 wrist_roll.pos=-1.19 gripper.pos=+1.01
DEBUG 2026-08-19 04:26:12 [action #16] t=1.37s step=15 queue=35 dmax=0.331 | shoulder_pan.pos=-4.35 shoulder_lift.pos=-102.63 elbow_flex.pos=+89.46 wrist_flex.pos=+76.78 wrist_roll.pos=-1.17 gripper.pos=+0.94
DEBUG 2026-08-19 04:26:12 [action #17] t=1.41s step=16 queue=34 dmax=0.562 | shoulder_pan.pos=-4.41 shoulder_lift.pos=-102.27 elbow_flex.pos=+88.89 wrist_flex.pos=+76.67 wrist_roll.pos=-1.16 gripper.pos=+1.08
DEBUG 2026-08-19 04:26:12 [action #18] t=1.44s step=17 queue=33 dmax=0.153 | shoulder_pan.pos=-4.31 shoulder_lift.pos=-102.11 elbow_flex.pos=+88.83 wrist_flex.pos=+76.66 wrist_roll.pos=-1.19 gripper.pos=+1.05
DEBUG 2026-08-19 04:26:12 [action #19] t=1.47s step=18 queue=32 dmax=0.446 | shoulder_pan.pos=-4.38 shoulder_lift.pos=-102.56 elbow_flex.pos=+89.26 wrist_flex.pos=+76.60 wrist_roll.pos=-1.22 gripper.pos=+1.00
DEBUG 2026-08-19 04:26:12 [action #20] t=1.51s step=19 queue=31 dmax=0.328 | shoulder_pan.pos=-4.50 shoulder_lift.pos=-102.23 elbow_flex.pos=+89.10 wrist_flex.pos=+76.83 wrist_roll.pos=-1.14 gripper.pos=+0.91
DEBUG 2026-08-19 04:26:12 [action #21] t=1.54s step=20 queue=30 dmax=0.501 | shoulder_pan.pos=-4.57 shoulder_lift.pos=-102.73 elbow_flex.pos=+89.07 wrist_flex.pos=+76.84 wrist_roll.pos=-1.22 gripper.pos=+0.88
DEBUG 2026-08-19 04:26:12 [action #22] t=1.57s step=21 queue=29 dmax=0.275 | shoulder_pan.pos=-4.30 shoulder_lift.pos=-102.62 elbow_flex.pos=+88.97 wrist_flex.pos=+76.60 wrist_roll.pos=-1.18 gripper.pos=+0.77
DEBUG 2026-08-19 04:26:12 [action #23] t=1.61s step=22 queue=28 dmax=0.250 | shoulder_pan.pos=-4.35 shoulder_lift.pos=-102.36 elbow_flex.pos=+89.15 wrist_flex.pos=+76.80 wrist_roll.pos=-1.20 gripper.pos=+0.88
DEBUG 2026-08-19 04:26:12 [action #24] t=1.64s step=23 queue=27 dmax=0.316 | shoulder_pan.pos=-4.30 shoulder_lift.pos=-102.68 elbow_flex.pos=+89.09 wrist_flex.pos=+76.74 wrist_roll.pos=-1.23 gripper.pos=+0.92
DEBUG 2026-08-19 04:26:12 [action #25] t=1.67s step=24 queue=26 dmax=0.624 | shoulder_pan.pos=-4.37 shoulder_lift.pos=-102.71 elbow_flex.pos=+88.46 wrist_flex.pos=+76.87 wrist_roll.pos=-1.20 gripper.pos=+0.91
DEBUG 2026-08-19 04:26:12 [action #26] t=1.71s step=25 queue=25 dmax=0.265 | shoulder_pan.pos=-4.19 shoulder_lift.pos=-102.88 elbow_flex.pos=+88.73 wrist_flex.pos=+76.95 wrist_roll.pos=-1.19 gripper.pos=+0.95
DEBUG 2026-08-19 04:26:12 [action #27] t=1.74s step=26 queue=24 dmax=0.802 | shoulder_pan.pos=-4.20 shoulder_lift.pos=-102.07 elbow_flex.pos=+88.34 wrist_flex.pos=+76.85 wrist_roll.pos=-1.16 gripper.pos=+0.87
DEBUG 2026-08-19 04:26:12 [action #28] t=1.77s step=27 queue=23 dmax=0.359 | shoulder_pan.pos=-4.24 shoulder_lift.pos=-102.38 elbow_flex.pos=+88.70 wrist_flex.pos=+76.90 wrist_roll.pos=-1.12 gripper.pos=+0.90
DEBUG 2026-08-19 04:26:12 [action #29] t=1.81s step=28 queue=22 dmax=0.244 | shoulder_pan.pos=-4.23 shoulder_lift.pos=-102.27 elbow_flex.pos=+88.45 wrist_flex.pos=+76.76 wrist_roll.pos=-1.21 gripper.pos=+1.03
DEBUG 2026-08-19 04:26:12 [action #30] t=1.84s step=29 queue=21 dmax=0.413 | shoulder_pan.pos=-4.29 shoulder_lift.pos=-102.21 elbow_flex.pos=+88.87 wrist_flex.pos=+76.94 wrist_roll.pos=-1.14 gripper.pos=+0.91
DEBUG 2026-08-19 04:26:12 [action #31] t=1.87s step=30 queue=20 dmax=0.453 | shoulder_pan.pos=-4.22 shoulder_lift.pos=-102.67 elbow_flex.pos=+88.86 wrist_flex.pos=+76.85 wrist_roll.pos=-1.21 gripper.pos=+0.97
DEBUG 2026-08-19 04:26:12 [action #32] t=1.91s step=31 queue=19 dmax=0.490 | shoulder_pan.pos=-4.23 shoulder_lift.pos=-102.18 elbow_flex.pos=+88.50 wrist_flex.pos=+76.87 wrist_roll.pos=-1.16 gripper.pos=+0.97
DEBUG 2026-08-19 04:26:12 [action #33] t=1.94s step=32 queue=18 dmax=0.190 | shoulder_pan.pos=-4.18 shoulder_lift.pos=-102.37 elbow_flex.pos=+88.44 wrist_flex.pos=+76.98 wrist_roll.pos=-1.22 gripper.pos=+1.00
DEBUG 2026-08-19 04:26:12 [action #34] t=1.97s step=33 queue=17 dmax=0.196 | shoulder_pan.pos=-4.27 shoulder_lift.pos=-102.19 elbow_flex.pos=+88.44 wrist_flex.pos=+77.08 wrist_roll.pos=-1.13 gripper.pos=+0.80
DEBUG 2026-08-19 04:26:12 [action #35] t=2.01s step=34 queue=16 dmax=0.220 | shoulder_pan.pos=-4.29 shoulder_lift.pos=-102.40 elbow_flex.pos=+88.22 wrist_flex.pos=+76.90 wrist_roll.pos=-1.11 gripper.pos=+0.98
DEBUG 2026-08-19 04:26:12 [action #36] t=2.04s step=35 queue=15 dmax=0.485 | shoulder_pan.pos=-4.22 shoulder_lift.pos=-101.92 elbow_flex.pos=+88.57 wrist_flex.pos=+77.01 wrist_roll.pos=-1.18 gripper.pos=+0.94
DEBUG 2026-08-19 04:26:12 [action #37] t=2.07s step=36 queue=14 dmax=0.320 | shoulder_pan.pos=-4.24 shoulder_lift.pos=-101.88 elbow_flex.pos=+88.89 wrist_flex.pos=+76.92 wrist_roll.pos=-1.12 gripper.pos=+0.94
DEBUG 2026-08-19 04:26:12 [action #38] t=2.11s step=37 queue=13 dmax=0.765 | shoulder_pan.pos=-4.19 shoulder_lift.pos=-102.64 elbow_flex.pos=+88.30 wrist_flex.pos=+77.16 wrist_roll.pos=-1.10 gripper.pos=+1.06
DEBUG 2026-08-19 04:26:12 [action #39] t=2.14s step=38 queue=12 dmax=0.707 | shoulder_pan.pos=-4.33 shoulder_lift.pos=-101.94 elbow_flex.pos=+88.85 wrist_flex.pos=+76.99 wrist_roll.pos=-1.15 gripper.pos=+0.97
DEBUG 2026-08-19 04:26:12 [action #40] t=2.17s step=39 queue=11 dmax=0.386 | shoulder_pan.pos=-4.32 shoulder_lift.pos=-102.32 elbow_flex.pos=+88.67 wrist_flex.pos=+76.82 wrist_roll.pos=-1.14 gripper.pos=+0.95
DEBUG 2026-08-19 04:26:13 [action #41] t=2.21s step=40 queue=10 dmax=0.232 | shoulder_pan.pos=-4.37 shoulder_lift.pos=-102.32 elbow_flex.pos=+88.64 wrist_flex.pos=+77.05 wrist_roll.pos=-1.18 gripper.pos=+0.99
DEBUG 2026-08-19 04:26:13 [action #42] t=2.24s step=41 queue=9 dmax=0.305 | shoulder_pan.pos=-4.56 shoulder_lift.pos=-102.42 elbow_flex.pos=+88.94 wrist_flex.pos=+76.84 wrist_roll.pos=-1.18 gripper.pos=+0.93
DEBUG 2026-08-19 04:26:13 [action #43] t=2.27s step=42 queue=8 dmax=0.503 | shoulder_pan.pos=-4.55 shoulder_lift.pos=-101.92 elbow_flex.pos=+88.59 wrist_flex.pos=+76.85 wrist_roll.pos=-1.18 gripper.pos=+0.87
DEBUG 2026-08-19 04:26:13 [action #44] t=2.31s step=43 queue=7 dmax=0.256 | shoulder_pan.pos=-4.51 shoulder_lift.pos=-102.14 elbow_flex.pos=+88.34 wrist_flex.pos=+77.00 wrist_roll.pos=-1.15 gripper.pos=+0.94
DEBUG 2026-08-19 04:26:13 [action #45] t=2.34s step=44 queue=6 dmax=0.581 | shoulder_pan.pos=-4.54 shoulder_lift.pos=-102.11 elbow_flex.pos=+88.92 wrist_flex.pos=+76.85 wrist_roll.pos=-1.13 gripper.pos=+0.97
DEBUG 2026-08-19 04:26:13 [action #46] t=2.38s step=45 queue=5 dmax=0.395 | shoulder_pan.pos=-4.42 shoulder_lift.pos=-102.44 elbow_flex.pos=+88.52 wrist_flex.pos=+76.85 wrist_roll.pos=-1.19 gripper.pos=+0.95
DEBUG 2026-08-19 04:26:13 [action #47] t=2.41s step=46 queue=4 dmax=0.132 | shoulder_pan.pos=-4.55 shoulder_lift.pos=-102.51 elbow_flex.pos=+88.64 wrist_flex.pos=+76.77 wrist_roll.pos=-1.21 gripper.pos=+0.96
DEBUG 2026-08-19 04:26:13 [action #48] t=2.44s step=47 queue=3 dmax=0.322 | shoulder_pan.pos=-4.51 shoulder_lift.pos=-102.19 elbow_flex.pos=+88.88 wrist_flex.pos=+76.93 wrist_roll.pos=-1.19 gripper.pos=+0.80
DEBUG 2026-08-19 04:26:13 [action #49] t=2.48s step=48 queue=2 dmax=0.291 | shoulder_pan.pos=-4.25 shoulder_lift.pos=-102.48 elbow_flex.pos=+88.86 wrist_flex.pos=+76.91 wrist_roll.pos=-1.18 gripper.pos=+0.95
DEBUG 2026-08-19 04:26:13 [chunk] received 50 actions, timesteps 22..71 | first: shoulder_pan.pos=-4.62 shoulder_lift.pos=-101.80 elbow_flex.pos=+88.48 wrist_flex.pos=+76.67 wrist_roll.pos=-0.88 gripper.pos=+0.75 | last: shoulder_pan.pos=-4.27 shoulder_lift.pos=-102.26 elbow_flex.pos=+88.32 wrist_flex.pos=+77.73 wrist_roll.pos=-0.96 gripper.pos=+0.87
DEBUG 2026-08-19 04:26:13 [action #50] t=2.51s step=49 queue=23 dmax=0.736 | shoulder_pan.pos=-4.38 shoulder_lift.pos=-102.02 elbow_flex.pos=+89.07 wrist_flex.pos=+77.65 wrist_roll.pos=-0.94 gripper.pos=+0.83
DEBUG 2026-08-19 04:26:13 [action #51] t=2.54s step=50 queue=22 dmax=0.475 | shoulder_pan.pos=-4.32 shoulder_lift.pos=-101.76 elbow_flex.pos=+88.90 wrist_flex.pos=+78.13 wrist_roll.pos=-1.01 gripper.pos=+0.76
DEBUG 2026-08-19 04:26:13 [action #52] t=2.58s step=51 queue=21 dmax=0.596 | shoulder_pan.pos=-4.20 shoulder_lift.pos=-102.02 elbow_flex.pos=+89.50 wrist_flex.pos=+78.04 wrist_roll.pos=-0.89 gripper.pos=+0.96
DEBUG 2026-08-19 04:26:13 [action #53] t=2.61s step=52 queue=20 dmax=0.650 | shoulder_pan.pos=-4.38 shoulder_lift.pos=-102.08 elbow_flex.pos=+88.85 wrist_flex.pos=+77.95 wrist_roll.pos=-0.92 gripper.pos=+0.85
DEBUG 2026-08-19 04:26:13 [action #54] t=2.64s step=53 queue=19 dmax=0.388 | shoulder_pan.pos=-4.33 shoulder_lift.pos=-101.94 elbow_flex.pos=+88.46 wrist_flex.pos=+77.78 wrist_roll.pos=-0.92 gripper.pos=+0.89
DEBUG 2026-08-19 04:26:13 [action #55] t=2.68s step=54 queue=18 dmax=0.361 | shoulder_pan.pos=-4.36 shoulder_lift.pos=-102.00 elbow_flex.pos=+88.82 wrist_flex.pos=+77.76 wrist_roll.pos=-0.91 gripper.pos=+0.78
DEBUG 2026-08-19 04:26:13 [action #56] t=2.71s step=55 queue=17 dmax=0.146 | shoulder_pan.pos=-4.33 shoulder_lift.pos=-102.01 elbow_flex.pos=+88.92 wrist_flex.pos=+77.91 wrist_roll.pos=-0.87 gripper.pos=+0.79
DEBUG 2026-08-19 04:26:13 [action #57] t=2.74s step=56 queue=16 dmax=0.377 | shoulder_pan.pos=-4.03 shoulder_lift.pos=-101.87 elbow_flex.pos=+88.54 wrist_flex.pos=+77.88 wrist_roll.pos=-0.95 gripper.pos=+1.09
DEBUG 2026-08-19 04:26:13 [action #58] t=2.78s step=57 queue=15 dmax=0.514 | shoulder_pan.pos=-4.40 shoulder_lift.pos=-101.66 elbow_flex.pos=+89.05 wrist_flex.pos=+77.75 wrist_roll.pos=-0.90 gripper.pos=+0.77
DEBUG 2026-08-19 04:26:13 [action #59] t=2.81s step=58 queue=14 dmax=0.369 | shoulder_pan.pos=-4.25 shoulder_lift.pos=-101.82 elbow_flex.pos=+88.68 wrist_flex.pos=+77.66 wrist_roll.pos=-0.86 gripper.pos=+0.91
DEBUG 2026-08-19 04:26:13 [action #60] t=2.84s step=59 queue=13 dmax=0.381 | shoulder_pan.pos=-4.23 shoulder_lift.pos=-101.78 elbow_flex.pos=+89.07 wrist_flex.pos=+77.77 wrist_roll.pos=-0.90 gripper.pos=+0.76
DEBUG 2026-08-19 04:26:13 [action #61] t=2.88s step=60 queue=12 dmax=0.835 | shoulder_pan.pos=-4.20 shoulder_lift.pos=-102.01 elbow_flex.pos=+88.23 wrist_flex.pos=+77.92 wrist_roll.pos=-0.87 gripper.pos=+0.88
DEBUG 2026-08-19 04:26:13 [action #62] t=2.91s step=61 queue=11 dmax=0.524 | shoulder_pan.pos=-4.53 shoulder_lift.pos=-101.49 elbow_flex.pos=+88.66 wrist_flex.pos=+77.81 wrist_roll.pos=-0.83 gripper.pos=+0.73
DEBUG 2026-08-19 04:26:13 [action #63] t=2.94s step=62 queue=10 dmax=0.339 | shoulder_pan.pos=-4.21 shoulder_lift.pos=-101.83 elbow_flex.pos=+88.97 wrist_flex.pos=+77.83 wrist_roll.pos=-0.92 gripper.pos=+0.86
DEBUG 2026-08-19 04:26:13 [action #64] t=2.98s step=63 queue=9 dmax=0.521 | shoulder_pan.pos=-4.32 shoulder_lift.pos=-102.35 elbow_flex.pos=+88.85 wrist_flex.pos=+77.87 wrist_roll.pos=-0.81 gripper.pos=+0.98
DEBUG 2026-08-19 04:26:13 [action #65] t=3.01s step=64 queue=8 dmax=0.491 | shoulder_pan.pos=-4.29 shoulder_lift.pos=-102.29 elbow_flex.pos=+88.36 wrist_flex.pos=+77.67 wrist_roll.pos=-0.88 gripper.pos=+0.86
DEBUG 2026-08-19 04:26:13 [action #66] t=3.04s step=65 queue=7 dmax=0.829 | shoulder_pan.pos=-4.40 shoulder_lift.pos=-101.46 elbow_flex.pos=+88.48 wrist_flex.pos=+77.86 wrist_roll.pos=-0.85 gripper.pos=+0.85
DEBUG 2026-08-19 04:26:13 [action #67] t=3.08s step=66 queue=6 dmax=0.456 | shoulder_pan.pos=-4.47 shoulder_lift.pos=-101.01 elbow_flex.pos=+88.05 wrist_flex.pos=+77.70 wrist_roll.pos=-0.85 gripper.pos=+0.87
DEBUG 2026-08-19 04:26:13 [action #68] t=3.11s step=67 queue=5 dmax=0.469 | shoulder_pan.pos=-4.43 shoulder_lift.pos=-101.48 elbow_flex.pos=+88.47 wrist_flex.pos=+77.93 wrist_roll.pos=-0.89 gripper.pos=+0.96
DEBUG 2026-08-19 04:26:13 [action #69] t=3.14s step=68 queue=4 dmax=1.343 | shoulder_pan.pos=-4.40 shoulder_lift.pos=-102.82 elbow_flex.pos=+88.77 wrist_flex.pos=+77.89 wrist_roll.pos=-0.91 gripper.pos=+0.89
DEBUG 2026-08-19 04:26:13 [action #70] t=3.18s step=69 queue=3 dmax=0.755 | shoulder_pan.pos=-4.33 shoulder_lift.pos=-102.49 elbow_flex.pos=+88.02 wrist_flex.pos=+77.80 wrist_roll.pos=-0.90 gripper.pos=+0.81
DEBUG 2026-08-19 04:26:14 [action #71] t=3.21s step=70 queue=2 dmax=0.431 | shoulder_pan.pos=-4.41 shoulder_lift.pos=-102.22 elbow_flex.pos=+88.45 wrist_flex.pos=+78.01 wrist_roll.pos=-0.98 gripper.pos=+0.96
DEBUG 2026-08-19 04:26:14 [action #72] t=3.25s step=71 queue=1 dmax=0.277 | shoulder_pan.pos=-4.27 shoulder_lift.pos=-102.26 elbow_flex.pos=+88.32 wrist_flex.pos=+77.73 wrist_roll.pos=-0.96 gripper.pos=+0.87
DEBUG 2026-08-19 04:26:14 [chunk] received 50 actions, timesteps 71..120 | first: shoulder_pan.pos=-4.09 shoulder_lift.pos=-102.29 elbow_flex.pos=+88.79 wrist_flex.pos=+77.26 wrist_roll.pos=-1.28 gripper.pos=+0.96 | last: shoulder_pan.pos=-4.09 shoulder_lift.pos=-102.26 elbow_flex.pos=+88.64 wrist_flex.pos=+77.62 wrist_roll.pos=-1.04 gripper.pos=+0.88
DEBUG 2026-08-19 04:26:14 [action #73] t=4.15s step=72 queue=49 dmax=0.640 | shoulder_pan.pos=-3.87 shoulder_lift.pos=-102.06 elbow_flex.pos=+88.96 wrist_flex.pos=+77.32 wrist_roll.pos=-1.31 gripper.pos=+0.98
DEBUG 2026-08-19 04:26:14 [action #74] t=4.18s step=73 queue=48 dmax=0.395 | shoulder_pan.pos=-3.97 shoulder_lift.pos=-102.18 elbow_flex.pos=+88.56 wrist_flex.pos=+77.48 wrist_roll.pos=-1.22 gripper.pos=+0.99
DEBUG 2026-08-19 04:26:15 [action #75] t=4.22s step=74 queue=47 dmax=0.313 | shoulder_pan.pos=-3.89 shoulder_lift.pos=-102.02 elbow_flex.pos=+88.88 wrist_flex.pos=+77.51 wrist_roll.pos=-1.27 gripper.pos=+0.96
DEBUG 2026-08-19 04:26:15 [action #76] t=4.25s step=75 queue=46 dmax=0.227 | shoulder_pan.pos=-3.76 shoulder_lift.pos=-102.25 elbow_flex.pos=+88.89 wrist_flex.pos=+77.67 wrist_roll.pos=-1.21 gripper.pos=+1.01
DEBUG 2026-08-19 04:26:15 [action #77] t=4.28s step=76 queue=45 dmax=0.250 | shoulder_pan.pos=-3.79 shoulder_lift.pos=-102.00 elbow_flex.pos=+88.89 wrist_flex.pos=+77.66 wrist_roll.pos=-1.23 gripper.pos=+1.03
DEBUG 2026-08-19 04:26:15 [action #78] t=4.32s step=77 queue=44 dmax=0.307 | shoulder_pan.pos=-3.77 shoulder_lift.pos=-101.77 elbow_flex.pos=+89.20 wrist_flex.pos=+77.61 wrist_roll.pos=-1.26 gripper.pos=+0.86
DEBUG 2026-08-19 04:26:15 [action #79] t=4.35s step=78 queue=43 dmax=0.550 | shoulder_pan.pos=-3.85 shoulder_lift.pos=-102.32 elbow_flex.pos=+89.25 wrist_flex.pos=+77.53 wrist_roll.pos=-1.23 gripper.pos=+1.09
DEBUG 2026-08-19 04:26:15 [action #80] t=4.38s step=79 queue=42 dmax=0.226 | shoulder_pan.pos=-3.85 shoulder_lift.pos=-102.10 elbow_flex.pos=+89.12 wrist_flex.pos=+77.76 wrist_roll.pos=-1.21 gripper.pos=+0.90
DEBUG 2026-08-19 04:26:15 [action #81] t=4.42s step=80 queue=41 dmax=0.195 | shoulder_pan.pos=-3.99 shoulder_lift.pos=-102.11 elbow_flex.pos=+89.25 wrist_flex.pos=+77.56 wrist_roll.pos=-1.27 gripper.pos=+1.01
DEBUG 2026-08-19 04:26:15 [action #82] t=4.45s step=81 queue=40 dmax=0.318 | shoulder_pan.pos=-3.96 shoulder_lift.pos=-101.83 elbow_flex.pos=+88.93 wrist_flex.pos=+77.58 wrist_roll.pos=-1.30 gripper.pos=+0.98
DEBUG 2026-08-19 04:26:15 [action #83] t=4.48s step=82 queue=39 dmax=0.494 | shoulder_pan.pos=-3.80 shoulder_lift.pos=-102.33 elbow_flex.pos=+88.91 wrist_flex.pos=+77.59 wrist_roll.pos=-1.26 gripper.pos=+0.93
DEBUG 2026-08-19 04:26:15 [action #84] t=4.52s step=83 queue=38 dmax=0.254 | shoulder_pan.pos=-4.05 shoulder_lift.pos=-102.20 elbow_flex.pos=+88.76 wrist_flex.pos=+77.74 wrist_roll.pos=-1.23 gripper.pos=+0.91
DEBUG 2026-08-19 04:26:15 [action #85] t=4.55s step=84 queue=37 dmax=0.366 | shoulder_pan.pos=-4.05 shoulder_lift.pos=-102.34 elbow_flex.pos=+89.12 wrist_flex.pos=+77.49 wrist_roll.pos=-1.19 gripper.pos=+1.04
DEBUG 2026-08-19 04:26:15 [action #86] t=4.58s step=85 queue=36 dmax=0.578 | shoulder_pan.pos=-3.92 shoulder_lift.pos=-101.79 elbow_flex.pos=+88.55 wrist_flex.pos=+77.58 wrist_roll.pos=-1.29 gripper.pos=+0.80
DEBUG 2026-08-19 04:26:15 [action #87] t=4.62s step=86 queue=35 dmax=0.432 | shoulder_pan.pos=-4.00 shoulder_lift.pos=-102.22 elbow_flex.pos=+88.98 wrist_flex.pos=+77.58 wrist_roll.pos=-1.24 gripper.pos=+0.80
DEBUG 2026-08-19 04:26:15 [action #88] t=4.65s step=87 queue=34 dmax=0.274 | shoulder_pan.pos=-4.04 shoulder_lift.pos=-102.50 elbow_flex.pos=+88.92 wrist_flex.pos=+77.57 wrist_roll.pos=-1.22 gripper.pos=+0.92
DEBUG 2026-08-19 04:26:15 [action #89] t=4.68s step=88 queue=33 dmax=0.543 | shoulder_pan.pos=-3.83 shoulder_lift.pos=-102.05 elbow_flex.pos=+88.38 wrist_flex.pos=+77.65 wrist_roll.pos=-1.18 gripper.pos=+0.99
DEBUG 2026-08-19 04:26:15 [action #90] t=4.72s step=89 queue=32 dmax=0.764 | shoulder_pan.pos=-3.97 shoulder_lift.pos=-101.70 elbow_flex.pos=+89.14 wrist_flex.pos=+77.73 wrist_roll.pos=-1.20 gripper.pos=+0.98
DEBUG 2026-08-19 04:26:15 [action #91] t=4.75s step=90 queue=31 dmax=0.488 | shoulder_pan.pos=-4.02 shoulder_lift.pos=-102.18 elbow_flex.pos=+89.13 wrist_flex.pos=+77.53 wrist_roll.pos=-1.29 gripper.pos=+0.87
DEBUG 2026-08-19 04:26:15 [action #92] t=4.78s step=91 queue=30 dmax=0.368 | shoulder_pan.pos=-3.92 shoulder_lift.pos=-101.96 elbow_flex.pos=+88.76 wrist_flex.pos=+77.62 wrist_roll.pos=-1.17 gripper.pos=+0.96
DEBUG 2026-08-19 04:26:15 [action #93] t=4.82s step=92 queue=29 dmax=0.343 | shoulder_pan.pos=-4.22 shoulder_lift.pos=-102.12 elbow_flex.pos=+89.10 wrist_flex.pos=+77.61 wrist_roll.pos=-1.25 gripper.pos=+0.98
DEBUG 2026-08-19 04:26:15 [action #94] t=4.85s step=93 queue=28 dmax=0.303 | shoulder_pan.pos=-4.03 shoulder_lift.pos=-102.34 elbow_flex.pos=+89.06 wrist_flex.pos=+77.91 wrist_roll.pos=-1.07 gripper.pos=+0.93
DEBUG 2026-08-19 04:26:15 [action #95] t=4.88s step=94 queue=27 dmax=0.282 | shoulder_pan.pos=-4.24 shoulder_lift.pos=-102.18 elbow_flex.pos=+88.97 wrist_flex.pos=+77.63 wrist_roll.pos=-1.12 gripper.pos=+0.81
DEBUG 2026-08-19 04:26:15 [action #96] t=4.92s step=95 queue=26 dmax=0.166 | shoulder_pan.pos=-4.28 shoulder_lift.pos=-102.23 elbow_flex.pos=+89.14 wrist_flex.pos=+77.56 wrist_roll.pos=-1.18 gripper.pos=+0.84
DEBUG 2026-08-19 04:26:15 [action #97] t=4.95s step=96 queue=25 dmax=0.316 | shoulder_pan.pos=-4.29 shoulder_lift.pos=-102.32 elbow_flex.pos=+88.82 wrist_flex.pos=+77.63 wrist_roll.pos=-1.14 gripper.pos=+0.86
DEBUG 2026-08-19 04:26:15 [action #98] t=4.98s step=97 queue=24 dmax=0.253 | shoulder_pan.pos=-4.21 shoulder_lift.pos=-102.07 elbow_flex.pos=+88.97 wrist_flex.pos=+77.47 wrist_roll.pos=-1.16 gripper.pos=+0.81
DEBUG 2026-08-19 04:26:15 [action #99] t=5.02s step=98 queue=23 dmax=0.324 | shoulder_pan.pos=-4.24 shoulder_lift.pos=-102.35 elbow_flex.pos=+89.29 wrist_flex.pos=+77.52 wrist_roll.pos=-1.05 gripper.pos=+0.79
DEBUG 2026-08-19 04:26:15 [action #100] t=5.05s step=99 queue=22 dmax=0.189 | shoulder_pan.pos=-4.25 shoulder_lift.pos=-102.16 elbow_flex.pos=+89.14 wrist_flex.pos=+77.54 wrist_roll.pos=-1.07 gripper.pos=+0.83
DEBUG 2026-08-19 04:26:15 [action #101] t=5.08s step=100 queue=21 dmax=0.417 | shoulder_pan.pos=-4.19 shoulder_lift.pos=-101.91 elbow_flex.pos=+88.72 wrist_flex.pos=+77.53 wrist_roll.pos=-1.10 gripper.pos=+0.87
DEBUG 2026-08-19 04:26:15 [action #102] t=5.12s step=101 queue=20 dmax=0.570 | shoulder_pan.pos=-4.19 shoulder_lift.pos=-102.48 elbow_flex.pos=+89.05 wrist_flex.pos=+77.65 wrist_roll.pos=-1.04 gripper.pos=+0.87
DEBUG 2026-08-19 04:26:15 [action #103] t=5.15s step=102 queue=19 dmax=0.770 | shoulder_pan.pos=-4.04 shoulder_lift.pos=-101.71 elbow_flex.pos=+89.18 wrist_flex.pos=+77.44 wrist_roll.pos=-1.08 gripper.pos=+0.84
DEBUG 2026-08-19 04:26:15 [action #104] t=5.19s step=103 queue=18 dmax=0.595 | shoulder_pan.pos=-4.07 shoulder_lift.pos=-102.30 elbow_flex.pos=+89.59 wrist_flex.pos=+77.62 wrist_roll.pos=-1.01 gripper.pos=+0.84
DEBUG 2026-08-19 04:26:16 [action #105] t=5.22s step=104 queue=17 dmax=0.485 | shoulder_pan.pos=-4.15 shoulder_lift.pos=-102.22 elbow_flex.pos=+89.11 wrist_flex.pos=+77.63 wrist_roll.pos=-1.07 gripper.pos=+0.88
DEBUG 2026-08-19 04:26:16 [action #106] t=5.25s step=105 queue=16 dmax=0.362 | shoulder_pan.pos=-4.05 shoulder_lift.pos=-102.07 elbow_flex.pos=+89.47 wrist_flex.pos=+77.42 wrist_roll.pos=-1.02 gripper.pos=+0.83
DEBUG 2026-08-19 04:26:16 [action #107] t=5.29s step=106 queue=15 dmax=0.460 | shoulder_pan.pos=-4.20 shoulder_lift.pos=-102.38 elbow_flex.pos=+89.01 wrist_flex.pos=+77.62 wrist_roll.pos=-1.11 gripper.pos=+0.90
DEBUG 2026-08-19 04:26:16 [action #108] t=5.32s step=107 queue=14 dmax=0.250 | shoulder_pan.pos=-4.04 shoulder_lift.pos=-102.13 elbow_flex.pos=+88.98 wrist_flex.pos=+77.48 wrist_roll.pos=-1.04 gripper.pos=+0.93
DEBUG 2026-08-19 04:26:16 [action #109] t=5.35s step=108 queue=13 dmax=0.184 | shoulder_pan.pos=-3.90 shoulder_lift.pos=-102.09 elbow_flex.pos=+88.79 wrist_flex.pos=+77.47 wrist_roll.pos=-1.13 gripper.pos=+0.94
DEBUG 2026-08-19 04:26:16 [action #110] t=5.39s step=109 queue=12 dmax=0.362 | shoulder_pan.pos=-4.21 shoulder_lift.pos=-101.99 elbow_flex.pos=+89.16 wrist_flex.pos=+77.67 wrist_roll.pos=-1.08 gripper.pos=+0.88
DEBUG 2026-08-19 04:26:16 [action #111] t=5.42s step=110 queue=11 dmax=0.187 | shoulder_pan.pos=-4.07 shoulder_lift.pos=-102.10 elbow_flex.pos=+89.15 wrist_flex.pos=+77.48 wrist_roll.pos=-1.06 gripper.pos=+0.98
DEBUG 2026-08-19 04:26:16 [action #112] t=5.45s step=111 queue=10 dmax=0.217 | shoulder_pan.pos=-4.08 shoulder_lift.pos=-102.04 elbow_flex.pos=+88.93 wrist_flex.pos=+77.48 wrist_roll.pos=-1.13 gripper.pos=+0.80
DEBUG 2026-08-19 04:26:16 [action #113] t=5.49s step=112 queue=9 dmax=0.129 | shoulder_pan.pos=-4.00 shoulder_lift.pos=-102.17 elbow_flex.pos=+89.01 wrist_flex.pos=+77.46 wrist_roll.pos=-1.08 gripper.pos=+0.91
DEBUG 2026-08-19 04:26:16 [action #114] t=5.52s step=113 queue=8 dmax=0.330 | shoulder_pan.pos=-3.91 shoulder_lift.pos=-101.84 elbow_flex.pos=+89.28 wrist_flex.pos=+77.59 wrist_roll.pos=-1.16 gripper.pos=+0.90
DEBUG 2026-08-19 04:26:16 [action #115] t=5.55s step=114 queue=7 dmax=0.425 | shoulder_pan.pos=-4.01 shoulder_lift.pos=-101.78 elbow_flex.pos=+88.86 wrist_flex.pos=+77.65 wrist_roll.pos=-1.13 gripper.pos=+0.90
DEBUG 2026-08-19 04:26:16 [action #116] t=5.59s step=115 queue=6 dmax=0.189 | shoulder_pan.pos=-4.00 shoulder_lift.pos=-101.88 elbow_flex.pos=+89.05 wrist_flex.pos=+77.46 wrist_roll.pos=-1.09 gripper.pos=+0.90
DEBUG 2026-08-19 04:26:16 [action #117] t=5.62s step=116 queue=5 dmax=0.419 | shoulder_pan.pos=-4.00 shoulder_lift.pos=-101.85 elbow_flex.pos=+88.63 wrist_flex.pos=+77.54 wrist_roll.pos=-1.04 gripper.pos=+1.07
DEBUG 2026-08-19 04:26:16 [action #118] t=5.65s step=117 queue=4 dmax=0.681 | shoulder_pan.pos=-4.09 shoulder_lift.pos=-102.53 elbow_flex.pos=+89.30 wrist_flex.pos=+77.49 wrist_roll.pos=-1.03 gripper.pos=+0.88
DEBUG 2026-08-19 04:26:16 [action #119] t=5.69s step=118 queue=3 dmax=0.124 | shoulder_pan.pos=-4.13 shoulder_lift.pos=-102.41 elbow_flex.pos=+89.28 wrist_flex.pos=+77.60 wrist_roll.pos=-1.14 gripper.pos=+0.89
DEBUG 2026-08-19 04:26:16 [action #120] t=5.72s step=119 queue=2 dmax=0.549 | shoulder_pan.pos=-4.10 shoulder_lift.pos=-101.86 elbow_flex.pos=+89.06 wrist_flex.pos=+77.69 wrist_roll.pos=-1.08 gripper.pos=+0.94
DEBUG 2026-08-19 04:26:16 [action #121] t=5.75s step=120 queue=1 dmax=0.419 | shoulder_pan.pos=-4.09 shoulder_lift.pos=-102.26 elbow_flex.pos=+88.64 wrist_flex.pos=+77.62 wrist_roll.pos=-1.04 gripper.pos=+0.88
DEBUG 2026-08-19 04:26:17 [chunk] received 50 actions, timesteps 120..169 | first: shoulder_pan.pos=-4.60 shoulder_lift.pos=-102.51 elbow_flex.pos=+88.90 wrist_flex.pos=+77.52 wrist_roll.pos=-1.17 gripper.pos=+1.16 | last: shoulder_pan.pos=-4.10 shoulder_lift.pos=-102.72 elbow_flex.pos=+88.04 wrist_flex.pos=+77.39 wrist_roll.pos=-1.22 gripper.pos=+0.94
DEBUG 2026-08-19 04:26:17 [action #122] t=6.66s step=121 queue=49 dmax=0.457 | shoulder_pan.pos=-4.34 shoulder_lift.pos=-102.55 elbow_flex.pos=+89.10 wrist_flex.pos=+77.29 wrist_roll.pos=-1.15 gripper.pos=+1.10
INFO 2026-08-19 04:26:19 Final action sent: shoulder_pan.pos=-4.34 shoulder_lift.pos=-102.55 elbow_flex.pos=+89.10 wrist_flex.pos=+77.29 wrist_roll.pos=-1.15 gripper.pos=+1.10
DEBUG 2026-08-19 04:26:19 === episode end | 8.7s | converged=True | actions=122 ===
DEBUG 2026-08-19 04:26:39 === episode start | task: 'put the banana on the tray' | duration: 30.0s ===
DEBUG 2026-08-19 04:26:40 [chunk] received 50 actions, timesteps 0..49 | first: shoulder_pan.pos=-4.26 shoulder_lift.pos=-102.48 elbow_flex.pos=+89.74 wrist_flex.pos=+76.51 wrist_roll.pos=-1.14 gripper.pos=+0.92 | last: shoulder_pan.pos=-5.20 shoulder_lift.pos=-101.92 elbow_flex.pos=+89.40 wrist_flex.pos=+77.59 wrist_roll.pos=-1.37 gripper.pos=+0.92
DEBUG 2026-08-19 04:26:40 [action #1] t=0.90s step=0 queue=50 dmax=n/a | shoulder_pan.pos=-4.26 shoulder_lift.pos=-102.48 elbow_flex.pos=+89.74 wrist_flex.pos=+76.51 wrist_roll.pos=-1.14 gripper.pos=+0.92
DEBUG 2026-08-19 04:26:40 [action #2] t=0.94s step=1 queue=49 dmax=1.082 | shoulder_pan.pos=-4.65 shoulder_lift.pos=-102.59 elbow_flex.pos=+88.65 wrist_flex.pos=+76.92 wrist_roll.pos=-1.25 gripper.pos=+0.95
DEBUG 2026-08-19 04:26:40 [action #3] t=0.97s step=2 queue=48 dmax=0.737 | shoulder_pan.pos=-4.61 shoulder_lift.pos=-102.26 elbow_flex.pos=+89.39 wrist_flex.pos=+76.87 wrist_roll.pos=-1.33 gripper.pos=+0.88
DEBUG 2026-08-19 04:26:40 [action #4] t=1.00s step=3 queue=47 dmax=0.734 | shoulder_pan.pos=-4.35 shoulder_lift.pos=-102.85 elbow_flex.pos=+88.66 wrist_flex.pos=+77.11 wrist_roll.pos=-1.18 gripper.pos=+0.87
DEBUG 2026-08-19 04:26:40 [action #5] t=1.04s step=4 queue=46 dmax=1.165 | shoulder_pan.pos=-4.45 shoulder_lift.pos=-101.69 elbow_flex.pos=+89.00 wrist_flex.pos=+77.21 wrist_roll.pos=-1.19 gripper.pos=+0.92
DEBUG 2026-08-19 04:26:40 [action #6] t=1.07s step=5 queue=45 dmax=0.676 | shoulder_pan.pos=-4.77 shoulder_lift.pos=-102.24 elbow_flex.pos=+89.68 wrist_flex.pos=+77.03 wrist_roll.pos=-1.14 gripper.pos=+1.07
DEBUG 2026-08-19 04:26:40 [action #7] t=1.10s step=6 queue=44 dmax=0.599 | shoulder_pan.pos=-4.82 shoulder_lift.pos=-101.88 elbow_flex.pos=+89.08 wrist_flex.pos=+77.00 wrist_roll.pos=-1.21 gripper.pos=+0.93
DEBUG 2026-08-19 04:26:40 [action #8] t=1.14s step=7 queue=43 dmax=0.624 | shoulder_pan.pos=-4.73 shoulder_lift.pos=-102.48 elbow_flex.pos=+89.70 wrist_flex.pos=+77.01 wrist_roll.pos=-1.24 gripper.pos=+0.99
DEBUG 2026-08-19 04:26:40 [action #9] t=1.17s step=8 queue=42 dmax=0.381 | shoulder_pan.pos=-4.56 shoulder_lift.pos=-102.59 elbow_flex.pos=+89.32 wrist_flex.pos=+77.12 wrist_roll.pos=-1.24 gripper.pos=+0.85
DEBUG 2026-08-19 04:26:40 [action #10] t=1.20s step=9 queue=41 dmax=0.301 | shoulder_pan.pos=-4.62 shoulder_lift.pos=-102.28 elbow_flex.pos=+89.46 wrist_flex.pos=+77.05 wrist_roll.pos=-1.16 gripper.pos=+0.89
DEBUG 2026-08-19 04:26:40 [action #11] t=1.24s step=10 queue=40 dmax=0.499 | shoulder_pan.pos=-4.72 shoulder_lift.pos=-102.78 elbow_flex.pos=+89.49 wrist_flex.pos=+76.99 wrist_roll.pos=-1.18 gripper.pos=+0.95
DEBUG 2026-08-19 04:26:40 [action #12] t=1.27s step=11 queue=39 dmax=0.343 | shoulder_pan.pos=-4.45 shoulder_lift.pos=-102.61 elbow_flex.pos=+89.83 wrist_flex.pos=+77.20 wrist_roll.pos=-1.20 gripper.pos=+0.88
DEBUG 2026-08-19 04:26:40 [action #13] t=1.30s step=12 queue=38 dmax=0.541 | shoulder_pan.pos=-4.79 shoulder_lift.pos=-102.07 elbow_flex.pos=+89.33 wrist_flex.pos=+77.16 wrist_roll.pos=-1.26 gripper.pos=+0.80
DEBUG 2026-08-19 04:26:40 [action #14] t=1.34s step=13 queue=37 dmax=0.790 | shoulder_pan.pos=-4.63 shoulder_lift.pos=-102.86 elbow_flex.pos=+88.85 wrist_flex.pos=+77.32 wrist_roll.pos=-1.34 gripper.pos=+0.81
DEBUG 2026-08-19 04:26:40 [action #15] t=1.37s step=14 queue=36 dmax=0.630 | shoulder_pan.pos=-4.83 shoulder_lift.pos=-102.78 elbow_flex.pos=+89.48 wrist_flex.pos=+77.26 wrist_roll.pos=-1.32 gripper.pos=+0.79
DEBUG 2026-08-19 04:26:40 [action #16] t=1.40s step=15 queue=35 dmax=0.788 | shoulder_pan.pos=-4.81 shoulder_lift.pos=-102.38 elbow_flex.pos=+88.69 wrist_flex.pos=+77.41 wrist_roll.pos=-1.22 gripper.pos=+0.94
DEBUG 2026-08-19 04:26:40 [action #17] t=1.44s step=16 queue=34 dmax=0.391 | shoulder_pan.pos=-4.69 shoulder_lift.pos=-102.30 elbow_flex.pos=+89.08 wrist_flex.pos=+77.39 wrist_roll.pos=-1.19 gripper.pos=+1.03
DEBUG 2026-08-19 04:26:40 [action #18] t=1.47s step=17 queue=33 dmax=0.604 | shoulder_pan.pos=-4.97 shoulder_lift.pos=-102.44 elbow_flex.pos=+88.48 wrist_flex.pos=+77.45 wrist_roll.pos=-1.31 gripper.pos=+0.91
DEBUG 2026-08-19 04:26:40 [action #19] t=1.50s step=18 queue=32 dmax=0.267 | shoulder_pan.pos=-5.10 shoulder_lift.pos=-102.68 elbow_flex.pos=+88.75 wrist_flex.pos=+77.46 wrist_roll.pos=-1.22 gripper.pos=+0.90
DEBUG 2026-08-19 04:26:40 [action #20] t=1.54s step=19 queue=31 dmax=0.572 | shoulder_pan.pos=-5.08 shoulder_lift.pos=-103.25 elbow_flex.pos=+88.86 wrist_flex.pos=+77.52 wrist_roll.pos=-1.19 gripper.pos=+1.01
DEBUG 2026-08-19 04:26:40 [action #21] t=1.57s step=20 queue=30 dmax=0.925 | shoulder_pan.pos=-5.02 shoulder_lift.pos=-102.33 elbow_flex.pos=+88.57 wrist_flex.pos=+77.53 wrist_roll.pos=-1.28 gripper.pos=+0.87
DEBUG 2026-08-19 04:26:40 [action #22] t=1.61s step=21 queue=29 dmax=0.509 | shoulder_pan.pos=-4.95 shoulder_lift.pos=-102.84 elbow_flex.pos=+88.66 wrist_flex.pos=+77.41 wrist_roll.pos=-1.21 gripper.pos=+0.86
DEBUG 2026-08-19 04:26:40 [action #23] t=1.64s step=22 queue=28 dmax=0.589 | shoulder_pan.pos=-4.89 shoulder_lift.pos=-102.25 elbow_flex.pos=+88.97 wrist_flex.pos=+77.46 wrist_roll.pos=-1.21 gripper.pos=+0.87
DEBUG 2026-08-19 04:26:40 [action #24] t=1.67s step=23 queue=27 dmax=0.173 | shoulder_pan.pos=-5.00 shoulder_lift.pos=-102.42 elbow_flex.pos=+88.98 wrist_flex.pos=+77.51 wrist_roll.pos=-1.20 gripper.pos=+0.81
DEBUG 2026-08-19 04:26:40 [action #25] t=1.71s step=24 queue=26 dmax=0.414 | shoulder_pan.pos=-4.89 shoulder_lift.pos=-102.45 elbow_flex.pos=+89.39 wrist_flex.pos=+77.42 wrist_roll.pos=-1.23 gripper.pos=+0.90
DEBUG 2026-08-19 04:26:41 [action #26] t=1.74s step=25 queue=25 dmax=0.773 | shoulder_pan.pos=-4.90 shoulder_lift.pos=-102.21 elbow_flex.pos=+88.62 wrist_flex.pos=+77.54 wrist_roll.pos=-1.27 gripper.pos=+0.97
DEBUG 2026-08-19 04:26:41 [action #27] t=1.77s step=26 queue=24 dmax=0.955 | shoulder_pan.pos=-4.77 shoulder_lift.pos=-102.49 elbow_flex.pos=+89.57 wrist_flex.pos=+77.25 wrist_roll.pos=-1.20 gripper.pos=+1.08
DEBUG 2026-08-19 04:26:41 [action #28] t=1.81s step=27 queue=23 dmax=0.563 | shoulder_pan.pos=-5.02 shoulder_lift.pos=-102.28 elbow_flex.pos=+89.01 wrist_flex.pos=+77.36 wrist_roll.pos=-1.21 gripper.pos=+0.92
DEBUG 2026-08-19 04:26:41 [action #29] t=1.84s step=28 queue=22 dmax=0.537 | shoulder_pan.pos=-5.04 shoulder_lift.pos=-102.75 elbow_flex.pos=+89.55 wrist_flex.pos=+77.58 wrist_roll.pos=-1.20 gripper.pos=+0.66
DEBUG 2026-08-19 04:26:41 [action #30] t=1.87s step=29 queue=21 dmax=0.333 | shoulder_pan.pos=-5.19 shoulder_lift.pos=-102.47 elbow_flex.pos=+89.22 wrist_flex.pos=+77.36 wrist_roll.pos=-1.26 gripper.pos=+0.85
DEBUG 2026-08-19 04:26:41 [action #31] t=1.91s step=30 queue=20 dmax=0.530 | shoulder_pan.pos=-4.66 shoulder_lift.pos=-102.16 elbow_flex.pos=+88.88 wrist_flex.pos=+77.40 wrist_roll.pos=-1.16 gripper.pos=+1.04
DEBUG 2026-08-19 04:26:41 [action #32] t=1.94s step=31 queue=19 dmax=0.639 | shoulder_pan.pos=-4.75 shoulder_lift.pos=-102.55 elbow_flex.pos=+89.52 wrist_flex.pos=+77.26 wrist_roll.pos=-1.38 gripper.pos=+0.98
DEBUG 2026-08-19 04:26:41 [action #33] t=1.97s step=32 queue=18 dmax=0.338 | shoulder_pan.pos=-4.81 shoulder_lift.pos=-102.41 elbow_flex.pos=+89.85 wrist_flex.pos=+77.27 wrist_roll.pos=-1.23 gripper.pos=+1.01
DEBUG 2026-08-19 04:26:41 [action #34] t=2.01s step=33 queue=17 dmax=0.347 | shoulder_pan.pos=-4.96 shoulder_lift.pos=-102.76 elbow_flex.pos=+89.54 wrist_flex.pos=+77.31 wrist_roll.pos=-1.25 gripper.pos=+0.93
DEBUG 2026-08-19 04:26:41 [action #35] t=2.04s step=34 queue=16 dmax=0.739 | shoulder_pan.pos=-4.78 shoulder_lift.pos=-102.02 elbow_flex.pos=+89.16 wrist_flex.pos=+77.22 wrist_roll.pos=-1.20 gripper.pos=+0.93
DEBUG 2026-08-19 04:26:41 [action #36] t=2.07s step=35 queue=15 dmax=0.258 | shoulder_pan.pos=-4.95 shoulder_lift.pos=-102.25 elbow_flex.pos=+89.42 wrist_flex.pos=+77.22 wrist_roll.pos=-1.21 gripper.pos=+0.80
DEBUG 2026-08-19 04:26:41 [action #37] t=2.11s step=36 queue=14 dmax=0.313 | shoulder_pan.pos=-4.84 shoulder_lift.pos=-102.56 elbow_flex.pos=+89.42 wrist_flex.pos=+77.53 wrist_roll.pos=-1.34 gripper.pos=+0.85
DEBUG 2026-08-19 04:26:41 [action #38] t=2.14s step=37 queue=13 dmax=0.356 | shoulder_pan.pos=-4.68 shoulder_lift.pos=-102.22 elbow_flex.pos=+89.06 wrist_flex.pos=+77.43 wrist_roll.pos=-1.36 gripper.pos=+0.98
DEBUG 2026-08-19 04:26:41 [action #39] t=2.17s step=38 queue=12 dmax=0.799 | shoulder_pan.pos=-4.65 shoulder_lift.pos=-103.02 elbow_flex.pos=+88.73 wrist_flex.pos=+77.32 wrist_roll.pos=-1.38 gripper.pos=+0.97
DEBUG 2026-08-19 04:26:41 [action #40] t=2.21s step=39 queue=11 dmax=0.914 | shoulder_pan.pos=-4.83 shoulder_lift.pos=-102.11 elbow_flex.pos=+88.58 wrist_flex.pos=+77.43 wrist_roll.pos=-1.27 gripper.pos=+0.90
DEBUG 2026-08-19 04:26:41 [chunk] received 50 actions, timesteps 16..65 | first: shoulder_pan.pos=-3.94 shoulder_lift.pos=-102.63 elbow_flex.pos=+89.06 wrist_flex.pos=+77.50 wrist_roll.pos=-1.14 gripper.pos=+0.97 | last: shoulder_pan.pos=-4.10 shoulder_lift.pos=-102.90 elbow_flex.pos=+89.38 wrist_flex.pos=+77.72 wrist_roll.pos=-1.05 gripper.pos=+0.79
DEBUG 2026-08-19 04:26:41 [action #41] t=2.24s step=40 queue=26 dmax=0.665 | shoulder_pan.pos=-4.19 shoulder_lift.pos=-102.23 elbow_flex.pos=+89.24 wrist_flex.pos=+77.66 wrist_roll.pos=-1.00 gripper.pos=+0.80
DEBUG 2026-08-19 04:26:41 [action #42] t=2.27s step=41 queue=25 dmax=0.185 | shoulder_pan.pos=-4.24 shoulder_lift.pos=-102.22 elbow_flex.pos=+89.06 wrist_flex.pos=+77.56 wrist_roll.pos=-0.97 gripper.pos=+0.89
DEBUG 2026-08-19 04:26:41 [action #43] t=2.31s step=42 queue=24 dmax=0.171 | shoulder_pan.pos=-4.25 shoulder_lift.pos=-102.07 elbow_flex.pos=+89.23 wrist_flex.pos=+77.61 wrist_roll.pos=-1.00 gripper.pos=+0.82
DEBUG 2026-08-19 04:26:41 [action #44] t=2.34s step=43 queue=23 dmax=0.490 | shoulder_pan.pos=-4.25 shoulder_lift.pos=-102.56 elbow_flex.pos=+89.35 wrist_flex.pos=+77.74 wrist_roll.pos=-1.01 gripper.pos=+0.92
DEBUG 2026-08-19 04:26:41 [action #45] t=2.37s step=44 queue=22 dmax=0.483 | shoulder_pan.pos=-4.19 shoulder_lift.pos=-102.08 elbow_flex.pos=+88.97 wrist_flex.pos=+77.61 wrist_roll.pos=-1.02 gripper.pos=+0.83
DEBUG 2026-08-19 04:26:41 [action #46] t=2.41s step=45 queue=21 dmax=0.395 | shoulder_pan.pos=-4.22 shoulder_lift.pos=-102.48 elbow_flex.pos=+89.36 wrist_flex.pos=+77.55 wrist_roll.pos=-1.08 gripper.pos=+0.83
DEBUG 2026-08-19 04:26:41 [action #47] t=2.44s step=46 queue=20 dmax=0.186 | shoulder_pan.pos=-4.15 shoulder_lift.pos=-102.65 elbow_flex.pos=+89.17 wrist_flex.pos=+77.59 wrist_roll.pos=-1.04 gripper.pos=+0.82
DEBUG 2026-08-19 04:26:41 [action #48] t=2.47s step=47 queue=19 dmax=0.182 | shoulder_pan.pos=-4.26 shoulder_lift.pos=-102.59 elbow_flex.pos=+89.36 wrist_flex.pos=+77.73 wrist_roll.pos=-1.01 gripper.pos=+0.92
DEBUG 2026-08-19 04:26:41 [action #49] t=2.51s step=48 queue=18 dmax=0.343 | shoulder_pan.pos=-4.20 shoulder_lift.pos=-102.57 elbow_flex.pos=+89.01 wrist_flex.pos=+77.55 wrist_roll.pos=-1.00 gripper.pos=+0.83
DEBUG 2026-08-19 04:26:41 [action #50] t=2.54s step=49 queue=17 dmax=0.628 | shoulder_pan.pos=-4.24 shoulder_lift.pos=-102.35 elbow_flex.pos=+89.64 wrist_flex.pos=+77.67 wrist_roll.pos=-1.03 gripper.pos=+0.86
DEBUG 2026-08-19 04:26:41 [action #51] t=2.58s step=50 queue=16 dmax=0.579 | shoulder_pan.pos=-3.66 shoulder_lift.pos=-102.20 elbow_flex.pos=+89.62 wrist_flex.pos=+77.58 wrist_roll.pos=-0.86 gripper.pos=+0.80
DEBUG 2026-08-19 04:26:41 [action #52] t=2.61s step=51 queue=15 dmax=0.473 | shoulder_pan.pos=-3.88 shoulder_lift.pos=-102.67 elbow_flex.pos=+89.75 wrist_flex.pos=+77.58 wrist_roll.pos=-0.83 gripper.pos=+0.77
DEBUG 2026-08-19 04:26:41 [action #53] t=2.64s step=52 queue=14 dmax=0.424 | shoulder_pan.pos=-3.88 shoulder_lift.pos=-102.81 elbow_flex.pos=+90.18 wrist_flex.pos=+77.77 wrist_roll.pos=-0.83 gripper.pos=+0.85
DEBUG 2026-08-19 04:26:41 [action #54] t=2.68s step=53 queue=13 dmax=0.499 | shoulder_pan.pos=-3.91 shoulder_lift.pos=-102.46 elbow_flex.pos=+89.68 wrist_flex.pos=+77.84 wrist_roll.pos=-0.82 gripper.pos=+0.75
DEBUG 2026-08-19 04:26:41 [action #55] t=2.71s step=54 queue=12 dmax=0.296 | shoulder_pan.pos=-3.94 shoulder_lift.pos=-102.17 elbow_flex.pos=+89.90 wrist_flex.pos=+77.60 wrist_roll.pos=-0.89 gripper.pos=+0.76
DEBUG 2026-08-19 04:26:42 [action #56] t=2.74s step=55 queue=11 dmax=0.204 | shoulder_pan.pos=-4.12 shoulder_lift.pos=-102.37 elbow_flex.pos=+89.71 wrist_flex.pos=+77.71 wrist_roll.pos=-0.90 gripper.pos=+0.80
DEBUG 2026-08-19 04:26:42 [action #57] t=2.78s step=56 queue=10 dmax=0.278 | shoulder_pan.pos=-4.02 shoulder_lift.pos=-102.09 elbow_flex.pos=+89.44 wrist_flex.pos=+77.73 wrist_roll.pos=-0.87 gripper.pos=+0.69
DEBUG 2026-08-19 04:26:42 [action #58] t=2.81s step=57 queue=9 dmax=0.780 | shoulder_pan.pos=-3.91 shoulder_lift.pos=-102.87 elbow_flex.pos=+89.97 wrist_flex.pos=+77.69 wrist_roll.pos=-0.92 gripper.pos=+0.84
DEBUG 2026-08-19 04:26:42 [action #59] t=2.84s step=58 queue=8 dmax=0.467 | shoulder_pan.pos=-3.92 shoulder_lift.pos=-102.41 elbow_flex.pos=+89.81 wrist_flex.pos=+77.74 wrist_roll.pos=-0.86 gripper.pos=+0.86
DEBUG 2026-08-19 04:26:42 [action #60] t=2.88s step=59 queue=7 dmax=0.461 | shoulder_pan.pos=-3.96 shoulder_lift.pos=-102.62 elbow_flex.pos=+89.35 wrist_flex.pos=+77.77 wrist_roll.pos=-0.92 gripper.pos=+0.82
DEBUG 2026-08-19 04:26:42 [action #61] t=2.91s step=60 queue=6 dmax=0.431 | shoulder_pan.pos=-4.04 shoulder_lift.pos=-102.42 elbow_flex.pos=+89.78 wrist_flex.pos=+77.73 wrist_roll.pos=-0.98 gripper.pos=+0.80
DEBUG 2026-08-19 04:26:42 [action #62] t=2.94s step=61 queue=5 dmax=0.362 | shoulder_pan.pos=-4.07 shoulder_lift.pos=-102.55 elbow_flex.pos=+90.14 wrist_flex.pos=+77.77 wrist_roll.pos=-0.97 gripper.pos=+0.90
DEBUG 2026-08-19 04:26:42 [action #63] t=2.98s step=62 queue=4 dmax=0.525 | shoulder_pan.pos=-4.02 shoulder_lift.pos=-102.28 elbow_flex.pos=+89.61 wrist_flex.pos=+77.92 wrist_roll.pos=-0.95 gripper.pos=+0.90
DEBUG 2026-08-19 04:26:42 [action #64] t=3.01s step=63 queue=3 dmax=0.430 | shoulder_pan.pos=-3.97 shoulder_lift.pos=-102.71 elbow_flex.pos=+89.29 wrist_flex.pos=+77.78 wrist_roll.pos=-0.98 gripper.pos=+0.77
DEBUG 2026-08-19 04:26:42 [action #65] t=3.04s step=64 queue=2 dmax=0.491 | shoulder_pan.pos=-3.88 shoulder_lift.pos=-102.78 elbow_flex.pos=+89.78 wrist_flex.pos=+77.81 wrist_roll.pos=-0.95 gripper.pos=+0.90
DEBUG 2026-08-19 04:26:42 [action #66] t=3.08s step=65 queue=1 dmax=0.401 | shoulder_pan.pos=-4.10 shoulder_lift.pos=-102.90 elbow_flex.pos=+89.38 wrist_flex.pos=+77.72 wrist_roll.pos=-1.05 gripper.pos=+0.79
DEBUG 2026-08-19 04:26:43 [chunk] received 50 actions, timesteps 65..114 | first: shoulder_pan.pos=-4.55 shoulder_lift.pos=-102.88 elbow_flex.pos=+90.20 wrist_flex.pos=+76.96 wrist_roll.pos=-1.26 gripper.pos=+1.01 | last: shoulder_pan.pos=-4.12 shoulder_lift.pos=-102.63 elbow_flex.pos=+88.97 wrist_flex.pos=+77.54 wrist_roll.pos=-1.30 gripper.pos=+1.02
DEBUG 2026-08-19 04:26:43 [action #67] t=3.98s step=66 queue=49 dmax=0.523 | shoulder_pan.pos=-4.48 shoulder_lift.pos=-102.57 elbow_flex.pos=+89.85 wrist_flex.pos=+77.20 wrist_roll.pos=-1.21 gripper.pos=+1.00
DEBUG 2026-08-19 04:26:43 [action #68] t=4.01s step=67 queue=48 dmax=0.427 | shoulder_pan.pos=-4.41 shoulder_lift.pos=-102.68 elbow_flex.pos=+89.42 wrist_flex.pos=+77.04 wrist_roll.pos=-1.25 gripper.pos=+0.97
DEBUG 2026-08-19 04:26:43 [action #69] t=4.05s step=68 queue=47 dmax=0.198 | shoulder_pan.pos=-4.44 shoulder_lift.pos=-102.83 elbow_flex.pos=+89.30 wrist_flex.pos=+77.24 wrist_roll.pos=-1.32 gripper.pos=+1.00
DEBUG 2026-08-19 04:26:43 [action #70] t=4.08s step=69 queue=46 dmax=0.703 | shoulder_pan.pos=-4.69 shoulder_lift.pos=-102.31 elbow_flex.pos=+90.00 wrist_flex.pos=+77.40 wrist_roll.pos=-1.18 gripper.pos=+0.91
DEBUG 2026-08-19 04:26:43 [action #71] t=4.11s step=70 queue=45 dmax=0.299 | shoulder_pan.pos=-4.40 shoulder_lift.pos=-102.60 elbow_flex.pos=+90.00 wrist_flex.pos=+77.27 wrist_roll.pos=-1.19 gripper.pos=+1.01
DEBUG 2026-08-19 04:26:43 [action #72] t=4.15s step=71 queue=44 dmax=0.590 | shoulder_pan.pos=-4.71 shoulder_lift.pos=-102.56 elbow_flex.pos=+89.41 wrist_flex.pos=+77.43 wrist_roll.pos=-1.18 gripper.pos=+0.99
DEBUG 2026-08-19 04:26:43 [action #73] t=4.18s step=72 queue=43 dmax=0.875 | shoulder_pan.pos=-4.49 shoulder_lift.pos=-102.57 elbow_flex.pos=+90.29 wrist_flex.pos=+77.58 wrist_roll.pos=-1.15 gripper.pos=+0.94
DEBUG 2026-08-19 04:26:43 [action #74] t=4.22s step=73 queue=42 dmax=0.462 | shoulder_pan.pos=-4.72 shoulder_lift.pos=-102.38 elbow_flex.pos=+89.82 wrist_flex.pos=+77.67 wrist_roll.pos=-1.21 gripper.pos=+0.91
DEBUG 2026-08-19 04:26:43 [action #75] t=4.25s step=74 queue=41 dmax=0.396 | shoulder_pan.pos=-4.32 shoulder_lift.pos=-102.41 elbow_flex.pos=+89.81 wrist_flex.pos=+77.54 wrist_roll.pos=-1.20 gripper.pos=+1.11
DEBUG 2026-08-19 04:26:43 [action #76] t=4.28s step=75 queue=40 dmax=0.135 | shoulder_pan.pos=-4.45 shoulder_lift.pos=-102.28 elbow_flex.pos=+89.79 wrist_flex.pos=+77.64 wrist_roll.pos=-1.14 gripper.pos=+1.08
DEBUG 2026-08-19 04:26:43 [action #77] t=4.32s step=76 queue=39 dmax=0.241 | shoulder_pan.pos=-4.50 shoulder_lift.pos=-102.44 elbow_flex.pos=+90.03 wrist_flex.pos=+77.56 wrist_roll.pos=-1.14 gripper.pos=+1.03
DEBUG 2026-08-19 04:26:43 [action #78] t=4.35s step=77 queue=38 dmax=0.525 | shoulder_pan.pos=-4.20 shoulder_lift.pos=-102.41 elbow_flex.pos=+89.51 wrist_flex.pos=+77.46 wrist_roll.pos=-1.22 gripper.pos=+1.00
DEBUG 2026-08-19 04:26:43 [action #79] t=4.38s step=78 queue=37 dmax=0.755 | shoulder_pan.pos=-4.25 shoulder_lift.pos=-102.38 elbow_flex.pos=+90.26 wrist_flex.pos=+77.63 wrist_roll.pos=-1.16 gripper.pos=+0.87
DEBUG 2026-08-19 04:26:43 [action #80] t=4.42s step=79 queue=36 dmax=0.547 | shoulder_pan.pos=-4.33 shoulder_lift.pos=-102.47 elbow_flex.pos=+89.71 wrist_flex.pos=+77.58 wrist_roll.pos=-1.17 gripper.pos=+1.05
DEBUG 2026-08-19 04:26:43 [action #81] t=4.45s step=80 queue=35 dmax=0.126 | shoulder_pan.pos=-4.44 shoulder_lift.pos=-102.34 elbow_flex.pos=+89.59 wrist_flex.pos=+77.46 wrist_roll.pos=-1.13 gripper.pos=+1.00
DEBUG 2026-08-19 04:26:43 [action #82] t=4.48s step=81 queue=34 dmax=0.544 | shoulder_pan.pos=-3.90 shoulder_lift.pos=-102.03 elbow_flex.pos=+89.52 wrist_flex.pos=+77.75 wrist_roll.pos=-1.17 gripper.pos=+1.00
DEBUG 2026-08-19 04:26:43 [action #83] t=4.52s step=82 queue=33 dmax=0.413 | shoulder_pan.pos=-4.23 shoulder_lift.pos=-102.44 elbow_flex.pos=+89.80 wrist_flex.pos=+77.64 wrist_roll.pos=-1.16 gripper.pos=+1.03
DEBUG 2026-08-19 04:26:43 [action #84] t=4.55s step=83 queue=32 dmax=0.736 | shoulder_pan.pos=-4.00 shoulder_lift.pos=-101.71 elbow_flex.pos=+89.76 wrist_flex.pos=+77.32 wrist_roll.pos=-1.21 gripper.pos=+0.92
DEBUG 2026-08-19 04:26:43 [action #85] t=4.58s step=84 queue=31 dmax=0.584 | shoulder_pan.pos=-4.06 shoulder_lift.pos=-102.29 elbow_flex.pos=+89.56 wrist_flex.pos=+77.62 wrist_roll.pos=-1.21 gripper.pos=+0.93
DEBUG 2026-08-19 04:26:43 [action #86] t=4.62s step=85 queue=30 dmax=0.251 | shoulder_pan.pos=-4.19 shoulder_lift.pos=-102.04 elbow_flex.pos=+89.71 wrist_flex.pos=+77.61 wrist_roll.pos=-1.19 gripper.pos=+0.83
DEBUG 2026-08-19 04:26:43 [action #87] t=4.65s step=86 queue=29 dmax=0.729 | shoulder_pan.pos=-4.07 shoulder_lift.pos=-102.77 elbow_flex.pos=+89.70 wrist_flex.pos=+77.51 wrist_roll.pos=-1.19 gripper.pos=+0.90
DEBUG 2026-08-19 04:26:43 [action #88] t=4.68s step=87 queue=28 dmax=0.152 | shoulder_pan.pos=-4.10 shoulder_lift.pos=-102.92 elbow_flex.pos=+89.82 wrist_flex.pos=+77.50 wrist_roll.pos=-1.17 gripper.pos=+1.02
DEBUG 2026-08-19 04:26:43 [action #89] t=4.72s step=88 queue=27 dmax=0.436 | shoulder_pan.pos=-3.99 shoulder_lift.pos=-102.62 elbow_flex.pos=+89.38 wrist_flex.pos=+77.47 wrist_roll.pos=-1.22 gripper.pos=+0.93
DEBUG 2026-08-19 04:26:44 [action #90] t=4.75s step=89 queue=26 dmax=0.204 | shoulder_pan.pos=-4.08 shoulder_lift.pos=-102.42 elbow_flex.pos=+89.58 wrist_flex.pos=+77.45 wrist_roll.pos=-1.22 gripper.pos=+0.96
DEBUG 2026-08-19 04:26:44 [action #91] t=4.78s step=90 queue=25 dmax=0.367 | shoulder_pan.pos=-4.23 shoulder_lift.pos=-102.79 elbow_flex.pos=+89.45 wrist_flex.pos=+77.51 wrist_roll.pos=-1.19 gripper.pos=+0.88
DEBUG 2026-08-19 04:26:44 [action #92] t=4.82s step=91 queue=24 dmax=0.261 | shoulder_pan.pos=-3.97 shoulder_lift.pos=-102.66 elbow_flex.pos=+89.20 wrist_flex.pos=+77.48 wrist_roll.pos=-1.31 gripper.pos=+0.89
DEBUG 2026-08-19 04:26:44 [action #93] t=4.85s step=92 queue=23 dmax=0.396 | shoulder_pan.pos=-4.15 shoulder_lift.pos=-102.51 elbow_flex.pos=+89.60 wrist_flex.pos=+77.42 wrist_roll.pos=-1.27 gripper.pos=+0.96
DEBUG 2026-08-19 04:26:44 [action #94] t=4.88s step=93 queue=22 dmax=0.610 | shoulder_pan.pos=-4.27 shoulder_lift.pos=-102.62 elbow_flex.pos=+88.99 wrist_flex.pos=+77.39 wrist_roll.pos=-1.16 gripper.pos=+0.95
DEBUG 2026-08-19 04:26:44 [action #95] t=4.92s step=94 queue=21 dmax=0.778 | shoulder_pan.pos=-4.04 shoulder_lift.pos=-102.98 elbow_flex.pos=+89.77 wrist_flex.pos=+77.41 wrist_roll.pos=-1.27 gripper.pos=+0.93
DEBUG 2026-08-19 04:26:44 [action #96] t=4.95s step=95 queue=20 dmax=0.458 | shoulder_pan.pos=-4.09 shoulder_lift.pos=-102.52 elbow_flex.pos=+89.60 wrist_flex.pos=+77.43 wrist_roll.pos=-1.23 gripper.pos=+0.94
DEBUG 2026-08-19 04:26:44 [action #97] t=4.98s step=96 queue=19 dmax=0.358 | shoulder_pan.pos=-4.33 shoulder_lift.pos=-102.77 elbow_flex.pos=+89.25 wrist_flex.pos=+77.42 wrist_roll.pos=-1.25 gripper.pos=+0.92
DEBUG 2026-08-19 04:26:44 [action #98] t=5.02s step=97 queue=18 dmax=0.319 | shoulder_pan.pos=-4.23 shoulder_lift.pos=-102.96 elbow_flex.pos=+88.93 wrist_flex.pos=+77.55 wrist_roll.pos=-1.17 gripper.pos=+0.93
DEBUG 2026-08-19 04:26:44 [action #99] t=5.05s step=98 queue=17 dmax=0.752 | shoulder_pan.pos=-4.10 shoulder_lift.pos=-102.59 elbow_flex.pos=+89.68 wrist_flex.pos=+77.56 wrist_roll.pos=-1.07 gripper.pos=+0.99
DEBUG 2026-08-19 04:26:44 [action #100] t=5.08s step=99 queue=16 dmax=0.242 | shoulder_pan.pos=-4.27 shoulder_lift.pos=-102.36 elbow_flex.pos=+89.44 wrist_flex.pos=+77.34 wrist_roll.pos=-1.23 gripper.pos=+0.97
DEBUG 2026-08-19 04:26:44 [action #101] t=5.12s step=100 queue=15 dmax=0.333 | shoulder_pan.pos=-3.94 shoulder_lift.pos=-102.61 elbow_flex.pos=+89.51 wrist_flex.pos=+77.49 wrist_roll.pos=-1.22 gripper.pos=+0.80
DEBUG 2026-08-19 04:26:44 [action #102] t=5.15s step=101 queue=14 dmax=0.122 | shoulder_pan.pos=-4.03 shoulder_lift.pos=-102.57 elbow_flex.pos=+89.60 wrist_flex.pos=+77.52 wrist_roll.pos=-1.28 gripper.pos=+0.92
DEBUG 2026-08-19 04:26:44 [action #103] t=5.19s step=102 queue=13 dmax=0.397 | shoulder_pan.pos=-4.19 shoulder_lift.pos=-102.96 elbow_flex.pos=+89.44 wrist_flex.pos=+77.57 wrist_roll.pos=-1.22 gripper.pos=+0.99
DEBUG 2026-08-19 04:26:44 [action #104] t=5.22s step=103 queue=12 dmax=0.458 | shoulder_pan.pos=-4.14 shoulder_lift.pos=-102.51 elbow_flex.pos=+89.12 wrist_flex.pos=+77.48 wrist_roll.pos=-1.22 gripper.pos=+0.90
DEBUG 2026-08-19 04:26:44 [action #105] t=5.25s step=104 queue=11 dmax=0.118 | shoulder_pan.pos=-4.25 shoulder_lift.pos=-102.63 elbow_flex.pos=+89.17 wrist_flex.pos=+77.49 wrist_roll.pos=-1.26 gripper.pos=+0.90
DEBUG 2026-08-19 04:26:44 [action #106] t=5.29s step=105 queue=10 dmax=0.224 | shoulder_pan.pos=-4.21 shoulder_lift.pos=-102.85 elbow_flex.pos=+89.06 wrist_flex.pos=+77.61 wrist_roll.pos=-1.28 gripper.pos=+0.80
DEBUG 2026-08-19 04:26:44 [action #107] t=5.32s step=106 queue=9 dmax=0.516 | shoulder_pan.pos=-4.30 shoulder_lift.pos=-102.33 elbow_flex.pos=+89.37 wrist_flex.pos=+77.61 wrist_roll.pos=-1.25 gripper.pos=+0.85
DEBUG 2026-08-19 04:26:44 [action #108] t=5.35s step=107 queue=8 dmax=0.992 | shoulder_pan.pos=-4.22 shoulder_lift.pos=-103.33 elbow_flex.pos=+89.40 wrist_flex.pos=+77.36 wrist_roll.pos=-1.23 gripper.pos=+0.96
DEBUG 2026-08-19 04:26:44 [action #109] t=5.39s step=108 queue=7 dmax=1.183 | shoulder_pan.pos=-4.26 shoulder_lift.pos=-102.14 elbow_flex.pos=+88.81 wrist_flex.pos=+77.66 wrist_roll.pos=-1.17 gripper.pos=+0.89
DEBUG 2026-08-19 04:26:44 [action #110] t=5.42s step=109 queue=6 dmax=0.517 | shoulder_pan.pos=-4.27 shoulder_lift.pos=-102.60 elbow_flex.pos=+89.32 wrist_flex.pos=+77.55 wrist_roll.pos=-1.21 gripper.pos=+0.96
DEBUG 2026-08-19 04:26:44 [action #111] t=5.45s step=110 queue=5 dmax=0.155 | shoulder_pan.pos=-4.17 shoulder_lift.pos=-102.66 elbow_flex.pos=+89.17 wrist_flex.pos=+77.50 wrist_roll.pos=-1.29 gripper.pos=+0.88
DEBUG 2026-08-19 04:26:44 [action #112] t=5.49s step=111 queue=4 dmax=0.248 | shoulder_pan.pos=-4.12 shoulder_lift.pos=-102.41 elbow_flex.pos=+88.97 wrist_flex.pos=+77.44 wrist_roll.pos=-1.26 gripper.pos=+0.89
DEBUG 2026-08-19 04:26:44 [action #113] t=5.52s step=112 queue=3 dmax=0.405 | shoulder_pan.pos=-4.43 shoulder_lift.pos=-102.10 elbow_flex.pos=+89.37 wrist_flex.pos=+77.67 wrist_roll.pos=-1.27 gripper.pos=+0.88
DEBUG 2026-08-19 04:26:44 [action #114] t=5.55s step=113 queue=2 dmax=1.019 | shoulder_pan.pos=-4.29 shoulder_lift.pos=-103.11 elbow_flex.pos=+89.05 wrist_flex.pos=+77.52 wrist_roll.pos=-1.30 gripper.pos=+0.98
DEBUG 2026-08-19 04:26:44 [action #115] t=5.59s step=114 queue=1 dmax=0.482 | shoulder_pan.pos=-4.12 shoulder_lift.pos=-102.63 elbow_flex.pos=+88.97 wrist_flex.pos=+77.54 wrist_roll.pos=-1.30 gripper.pos=+1.02
DEBUG 2026-08-19 04:26:45 [chunk] received 50 actions, timesteps 114..163 | first: shoulder_pan.pos=-4.79 shoulder_lift.pos=-102.06 elbow_flex.pos=+89.06 wrist_flex.pos=+77.21 wrist_roll.pos=-1.33 gripper.pos=+1.04 | last: shoulder_pan.pos=-4.14 shoulder_lift.pos=-102.83 elbow_flex.pos=+89.26 wrist_flex.pos=+77.60 wrist_roll.pos=-1.38 gripper.pos=+1.09
DEBUG 2026-08-19 04:26:45 [action #116] t=6.46s step=115 queue=49 dmax=0.283 | shoulder_pan.pos=-4.40 shoulder_lift.pos=-102.87 elbow_flex.pos=+89.16 wrist_flex.pos=+77.42 wrist_roll.pos=-1.17 gripper.pos=+1.03
DEBUG 2026-08-19 04:26:45 [action #117] t=6.49s step=116 queue=48 dmax=0.866 | shoulder_pan.pos=-4.48 shoulder_lift.pos=-102.00 elbow_flex.pos=+88.83 wrist_flex.pos=+77.48 wrist_roll.pos=-1.18 gripper.pos=+0.81
DEBUG 2026-08-19 04:26:45 [action #118] t=6.52s step=117 queue=47 dmax=0.663 | shoulder_pan.pos=-4.63 shoulder_lift.pos=-102.66 elbow_flex.pos=+88.91 wrist_flex.pos=+77.59 wrist_roll.pos=-1.37 gripper.pos=+0.95
DEBUG 2026-08-19 04:26:45 [action #119] t=6.56s step=118 queue=46 dmax=0.799 | shoulder_pan.pos=-4.45 shoulder_lift.pos=-101.87 elbow_flex.pos=+89.00 wrist_flex.pos=+77.62 wrist_roll.pos=-1.35 gripper.pos=+0.92
DEBUG 2026-08-19 04:26:45 [action #120] t=6.59s step=119 queue=45 dmax=0.214 | shoulder_pan.pos=-4.45 shoulder_lift.pos=-102.08 elbow_flex.pos=+89.18 wrist_flex.pos=+77.62 wrist_roll.pos=-1.27 gripper.pos=+0.97
DEBUG 2026-08-19 04:26:45 [action #121] t=6.62s step=120 queue=44 dmax=0.370 | shoulder_pan.pos=-4.28 shoulder_lift.pos=-102.07 elbow_flex.pos=+89.55 wrist_flex.pos=+77.76 wrist_roll.pos=-1.22 gripper.pos=+1.09
DEBUG 2026-08-19 04:26:45 [action #122] t=6.66s step=121 queue=43 dmax=0.864 | shoulder_pan.pos=-4.65 shoulder_lift.pos=-101.50 elbow_flex.pos=+88.68 wrist_flex.pos=+77.72 wrist_roll.pos=-1.24 gripper.pos=+0.88
DEBUG 2026-08-19 04:26:45 [action #123] t=6.69s step=122 queue=42 dmax=0.610 | shoulder_pan.pos=-4.41 shoulder_lift.pos=-101.76 elbow_flex.pos=+89.29 wrist_flex.pos=+77.57 wrist_roll.pos=-1.28 gripper.pos=+0.94
DEBUG 2026-08-19 04:26:46 [action #124] t=6.72s step=123 queue=41 dmax=0.178 | shoulder_pan.pos=-4.59 shoulder_lift.pos=-101.87 elbow_flex.pos=+89.37 wrist_flex.pos=+77.65 wrist_roll.pos=-1.22 gripper.pos=+0.87
DEBUG 2026-08-19 04:26:46 [action #125] t=6.76s step=124 queue=40 dmax=0.492 | shoulder_pan.pos=-4.43 shoulder_lift.pos=-102.16 elbow_flex.pos=+88.88 wrist_flex.pos=+77.65 wrist_roll.pos=-1.19 gripper.pos=+0.99
DEBUG 2026-08-19 04:26:46 [action #126] t=6.79s step=125 queue=39 dmax=0.588 | shoulder_pan.pos=-4.60 shoulder_lift.pos=-101.58 elbow_flex.pos=+89.32 wrist_flex.pos=+77.68 wrist_roll.pos=-1.26 gripper.pos=+0.91
DEBUG 2026-08-19 04:26:46 [action #127] t=6.82s step=126 queue=38 dmax=0.738 | shoulder_pan.pos=-4.33 shoulder_lift.pos=-102.31 elbow_flex.pos=+89.28 wrist_flex.pos=+77.44 wrist_roll.pos=-1.25 gripper.pos=+1.04
DEBUG 2026-08-19 04:26:46 [action #128] t=6.86s step=127 queue=37 dmax=0.424 | shoulder_pan.pos=-4.57 shoulder_lift.pos=-101.96 elbow_flex.pos=+88.85 wrist_flex.pos=+77.53 wrist_roll.pos=-1.17 gripper.pos=+0.97
DEBUG 2026-08-19 04:26:46 [action #129] t=6.89s step=128 queue=36 dmax=0.231 | shoulder_pan.pos=-4.73 shoulder_lift.pos=-101.77 elbow_flex.pos=+89.08 wrist_flex.pos=+77.64 wrist_roll.pos=-1.14 gripper.pos=+0.90
DEBUG 2026-08-19 04:26:46 [action #130] t=6.92s step=129 queue=35 dmax=0.820 | shoulder_pan.pos=-4.56 shoulder_lift.pos=-102.37 elbow_flex.pos=+89.90 wrist_flex.pos=+77.45 wrist_roll.pos=-1.16 gripper.pos=+0.81
DEBUG 2026-08-19 04:26:46 [action #131] t=6.96s step=130 queue=34 dmax=0.789 | shoulder_pan.pos=-4.63 shoulder_lift.pos=-102.12 elbow_flex.pos=+89.11 wrist_flex.pos=+77.61 wrist_roll.pos=-1.28 gripper.pos=+0.93
DEBUG 2026-08-19 04:26:46 [action #132] t=6.99s step=131 queue=33 dmax=0.352 | shoulder_pan.pos=-4.52 shoulder_lift.pos=-101.78 elbow_flex.pos=+89.46 wrist_flex.pos=+77.45 wrist_roll.pos=-1.16 gripper.pos=+0.95
DEBUG 2026-08-19 04:26:46 [action #133] t=7.02s step=132 queue=32 dmax=0.538 | shoulder_pan.pos=-4.52 shoulder_lift.pos=-102.32 elbow_flex.pos=+89.39 wrist_flex.pos=+77.58 wrist_roll.pos=-1.25 gripper.pos=+1.04
DEBUG 2026-08-19 04:26:46 [action #134] t=7.06s step=133 queue=31 dmax=0.247 | shoulder_pan.pos=-4.27 shoulder_lift.pos=-102.42 elbow_flex.pos=+89.46 wrist_flex.pos=+77.65 wrist_roll.pos=-1.27 gripper.pos=+0.97
DEBUG 2026-08-19 04:26:46 [action #135] t=7.09s step=134 queue=30 dmax=0.468 | shoulder_pan.pos=-4.56 shoulder_lift.pos=-102.89 elbow_flex.pos=+89.39 wrist_flex.pos=+77.62 wrist_roll.pos=-1.34 gripper.pos=+1.02
DEBUG 2026-08-19 04:26:46 [action #136] t=7.13s step=135 queue=29 dmax=0.717 | shoulder_pan.pos=-4.68 shoulder_lift.pos=-102.32 elbow_flex.pos=+88.67 wrist_flex.pos=+77.60 wrist_roll.pos=-1.22 gripper.pos=+0.97
DEBUG 2026-08-19 04:26:46 [action #137] t=7.16s step=136 queue=28 dmax=0.411 | shoulder_pan.pos=-4.46 shoulder_lift.pos=-102.47 elbow_flex.pos=+89.08 wrist_flex.pos=+77.71 wrist_roll.pos=-1.29 gripper.pos=+0.97
DEBUG 2026-08-19 04:26:46 [action #138] t=7.19s step=137 queue=27 dmax=0.369 | shoulder_pan.pos=-4.68 shoulder_lift.pos=-102.10 elbow_flex.pos=+88.85 wrist_flex.pos=+77.57 wrist_roll.pos=-1.20 gripper.pos=+0.99
INFO 2026-08-19 04:26:47 Final action sent: shoulder_pan.pos=-4.68 shoulder_lift.pos=-102.10 elbow_flex.pos=+88.85 wrist_flex.pos=+77.57 wrist_roll.pos=-1.20 gripper.pos=+0.99
DEBUG 2026-08-19 04:26:47 === episode end | 8.5s | converged=True | actions=138 ===
DEBUG 2026-08-19 04:26:54 === episode start | task: 'put the banana on the tray' | duration: 30.0s ===
DEBUG 2026-08-19 04:26:55 [chunk] received 50 actions, timesteps 0..49 | first: shoulder_pan.pos=-4.33 shoulder_lift.pos=-101.66 elbow_flex.pos=+88.84 wrist_flex.pos=+76.48 wrist_roll.pos=-1.17 gripper.pos=+0.95 | last: shoulder_pan.pos=-4.24 shoulder_lift.pos=-102.19 elbow_flex.pos=+89.04 wrist_flex.pos=+76.97 wrist_roll.pos=-1.24 gripper.pos=+1.04
DEBUG 2026-08-19 04:26:55 [action #1] t=0.87s step=0 queue=50 dmax=n/a | shoulder_pan.pos=-4.33 shoulder_lift.pos=-101.66 elbow_flex.pos=+88.84 wrist_flex.pos=+76.48 wrist_roll.pos=-1.17 gripper.pos=+0.95
DEBUG 2026-08-19 04:26:55 [action #2] t=0.90s step=1 queue=49 dmax=0.663 | shoulder_pan.pos=-4.16 shoulder_lift.pos=-102.32 elbow_flex.pos=+88.96 wrist_flex.pos=+76.63 wrist_roll.pos=-1.08 gripper.pos=+1.07
DEBUG 2026-08-19 04:26:55 [action #3] t=0.94s step=2 queue=48 dmax=0.335 | shoulder_pan.pos=-4.31 shoulder_lift.pos=-102.36 elbow_flex.pos=+88.63 wrist_flex.pos=+76.69 wrist_roll.pos=-0.99 gripper.pos=+0.95
DEBUG 2026-08-19 04:26:55 [action #4] t=0.97s step=3 queue=47 dmax=0.487 | shoulder_pan.pos=-4.22 shoulder_lift.pos=-101.88 elbow_flex.pos=+88.90 wrist_flex.pos=+76.78 wrist_roll.pos=-1.09 gripper.pos=+0.96
DEBUG 2026-08-19 04:26:55 [action #5] t=1.00s step=4 queue=46 dmax=0.677 | shoulder_pan.pos=-4.46 shoulder_lift.pos=-102.04 elbow_flex.pos=+88.22 wrist_flex.pos=+76.91 wrist_roll.pos=-1.09 gripper.pos=+1.03
DEBUG 2026-08-19 04:26:55 [action #6] t=1.04s step=5 queue=45 dmax=0.871 | shoulder_pan.pos=-4.33 shoulder_lift.pos=-101.84 elbow_flex.pos=+89.09 wrist_flex.pos=+76.90 wrist_roll.pos=-1.07 gripper.pos=+1.03
DEBUG 2026-08-19 04:26:55 [action #7] t=1.07s step=6 queue=44 dmax=0.294 | shoulder_pan.pos=-4.14 shoulder_lift.pos=-102.14 elbow_flex.pos=+89.38 wrist_flex.pos=+76.85 wrist_roll.pos=-0.98 gripper.pos=+1.04
DEBUG 2026-08-19 04:26:55 [action #8] t=1.10s step=7 queue=43 dmax=0.222 | shoulder_pan.pos=-4.36 shoulder_lift.pos=-102.08 elbow_flex.pos=+89.53 wrist_flex.pos=+76.79 wrist_roll.pos=-1.05 gripper.pos=+1.04
DEBUG 2026-08-19 04:26:55 [action #9] t=1.14s step=8 queue=42 dmax=0.675 | shoulder_pan.pos=-4.22 shoulder_lift.pos=-102.76 elbow_flex.pos=+89.42 wrist_flex.pos=+76.84 wrist_roll.pos=-1.03 gripper.pos=+1.04
DEBUG 2026-08-19 04:26:55 [action #10] t=1.17s step=9 queue=41 dmax=1.078 | shoulder_pan.pos=-4.35 shoulder_lift.pos=-101.68 elbow_flex.pos=+89.41 wrist_flex.pos=+76.97 wrist_roll.pos=-0.99 gripper.pos=+0.98
DEBUG 2026-08-19 04:26:55 [action #11] t=1.20s step=10 queue=40 dmax=0.231 | shoulder_pan.pos=-4.12 shoulder_lift.pos=-101.69 elbow_flex.pos=+89.54 wrist_flex.pos=+77.13 wrist_roll.pos=-0.96 gripper.pos=+0.98
DEBUG 2026-08-19 04:26:55 [action #12] t=1.24s step=11 queue=39 dmax=0.509 | shoulder_pan.pos=-4.21 shoulder_lift.pos=-102.00 elbow_flex.pos=+89.03 wrist_flex.pos=+76.77 wrist_roll.pos=-1.02 gripper.pos=+1.05
DEBUG 2026-08-19 04:26:55 [action #13] t=1.27s step=12 queue=38 dmax=0.231 | shoulder_pan.pos=-4.27 shoulder_lift.pos=-101.82 elbow_flex.pos=+89.09 wrist_flex.pos=+77.00 wrist_roll.pos=-1.03 gripper.pos=+0.90
DEBUG 2026-08-19 04:26:55 [action #14] t=1.31s step=13 queue=37 dmax=0.454 | shoulder_pan.pos=-4.23 shoulder_lift.pos=-102.16 elbow_flex.pos=+89.54 wrist_flex.pos=+77.03 wrist_roll.pos=-1.02 gripper.pos=+0.90
DEBUG 2026-08-19 04:26:55 [action #15] t=1.34s step=14 queue=36 dmax=0.609 | shoulder_pan.pos=-4.24 shoulder_lift.pos=-101.90 elbow_flex.pos=+88.93 wrist_flex.pos=+76.85 wrist_roll.pos=-1.05 gripper.pos=+0.94
DEBUG 2026-08-19 04:26:55 [action #16] t=1.37s step=15 queue=35 dmax=0.407 | shoulder_pan.pos=-4.15 shoulder_lift.pos=-102.17 elbow_flex.pos=+89.34 wrist_flex.pos=+76.96 wrist_roll.pos=-1.03 gripper.pos=+0.98
DEBUG 2026-08-19 04:26:55 [action #17] t=1.41s step=16 queue=34 dmax=0.415 | shoulder_pan.pos=-4.07 shoulder_lift.pos=-102.01 elbow_flex.pos=+88.92 wrist_flex.pos=+77.05 wrist_roll.pos=-0.98 gripper.pos=+0.97
DEBUG 2026-08-19 04:26:55 [action #18] t=1.44s step=17 queue=33 dmax=0.175 | shoulder_pan.pos=-4.02 shoulder_lift.pos=-101.97 elbow_flex.pos=+89.10 wrist_flex.pos=+77.10 wrist_roll.pos=-1.07 gripper.pos=+1.02
DEBUG 2026-08-19 04:26:55 [action #19] t=1.47s step=18 queue=32 dmax=0.299 | shoulder_pan.pos=-4.20 shoulder_lift.pos=-102.27 elbow_flex.pos=+88.99 wrist_flex.pos=+77.00 wrist_roll.pos=-1.02 gripper.pos=+0.99
DEBUG 2026-08-19 04:26:56 [action #20] t=1.51s step=19 queue=31 dmax=0.277 | shoulder_pan.pos=-3.96 shoulder_lift.pos=-102.06 elbow_flex.pos=+88.71 wrist_flex.pos=+76.88 wrist_roll.pos=-0.87 gripper.pos=+1.09
DEBUG 2026-08-19 04:26:56 [action #21] t=1.54s step=20 queue=30 dmax=0.515 | shoulder_pan.pos=-3.98 shoulder_lift.pos=-101.76 elbow_flex.pos=+89.23 wrist_flex.pos=+76.89 wrist_roll.pos=-0.98 gripper.pos=+1.04
DEBUG 2026-08-19 04:26:56 [action #22] t=1.57s step=21 queue=29 dmax=0.569 | shoulder_pan.pos=-4.24 shoulder_lift.pos=-102.33 elbow_flex.pos=+89.15 wrist_flex.pos=+77.06 wrist_roll.pos=-1.02 gripper.pos=+0.98
DEBUG 2026-08-19 04:26:56 [action #23] t=1.61s step=22 queue=28 dmax=0.284 | shoulder_pan.pos=-4.15 shoulder_lift.pos=-102.13 elbow_flex.pos=+89.43 wrist_flex.pos=+77.16 wrist_roll.pos=-1.03 gripper.pos=+1.01
DEBUG 2026-08-19 04:26:56 [action #24] t=1.64s step=23 queue=27 dmax=0.485 | shoulder_pan.pos=-3.93 shoulder_lift.pos=-101.99 elbow_flex.pos=+88.95 wrist_flex.pos=+76.88 wrist_roll.pos=-1.02 gripper.pos=+1.00
DEBUG 2026-08-19 04:26:56 [action #25] t=1.67s step=24 queue=26 dmax=0.436 | shoulder_pan.pos=-4.01 shoulder_lift.pos=-102.18 elbow_flex.pos=+89.39 wrist_flex.pos=+76.99 wrist_roll.pos=-0.92 gripper.pos=+1.13
DEBUG 2026-08-19 04:26:56 [action #26] t=1.71s step=25 queue=25 dmax=0.306 | shoulder_pan.pos=-4.25 shoulder_lift.pos=-101.87 elbow_flex.pos=+89.12 wrist_flex.pos=+77.10 wrist_roll.pos=-1.01 gripper.pos=+1.09
DEBUG 2026-08-19 04:26:56 [action #27] t=1.74s step=26 queue=24 dmax=0.469 | shoulder_pan.pos=-4.32 shoulder_lift.pos=-102.33 elbow_flex.pos=+88.65 wrist_flex.pos=+77.00 wrist_roll.pos=-0.96 gripper.pos=+0.98
DEBUG 2026-08-19 04:26:56 [action #28] t=1.77s step=27 queue=23 dmax=0.514 | shoulder_pan.pos=-4.21 shoulder_lift.pos=-102.28 elbow_flex.pos=+89.16 wrist_flex.pos=+77.02 wrist_roll.pos=-1.01 gripper.pos=+1.09
DEBUG 2026-08-19 04:26:56 [action #29] t=1.81s step=28 queue=22 dmax=0.276 | shoulder_pan.pos=-4.14 shoulder_lift.pos=-102.00 elbow_flex.pos=+89.34 wrist_flex.pos=+77.04 wrist_roll.pos=-1.03 gripper.pos=+1.12
DEBUG 2026-08-19 04:26:56 [action #30] t=1.84s step=29 queue=21 dmax=0.248 | shoulder_pan.pos=-4.32 shoulder_lift.pos=-101.75 elbow_flex.pos=+89.38 wrist_flex.pos=+76.93 wrist_roll.pos=-1.03 gripper.pos=+1.06
DEBUG 2026-08-19 04:26:56 [action #31] t=1.87s step=30 queue=20 dmax=0.455 | shoulder_pan.pos=-4.25 shoulder_lift.pos=-102.21 elbow_flex.pos=+89.53 wrist_flex.pos=+76.94 wrist_roll.pos=-0.95 gripper.pos=+1.05
DEBUG 2026-08-19 04:26:56 [action #32] t=1.91s step=31 queue=19 dmax=0.651 | shoulder_pan.pos=-4.36 shoulder_lift.pos=-102.52 elbow_flex.pos=+88.87 wrist_flex.pos=+76.90 wrist_roll.pos=-1.00 gripper.pos=+1.09
DEBUG 2026-08-19 04:26:56 [action #33] t=1.94s step=32 queue=18 dmax=0.549 | shoulder_pan.pos=-4.26 shoulder_lift.pos=-101.97 elbow_flex.pos=+89.33 wrist_flex.pos=+76.95 wrist_roll.pos=-1.04 gripper.pos=+1.08
DEBUG 2026-08-19 04:26:56 [action #34] t=1.97s step=33 queue=17 dmax=0.392 | shoulder_pan.pos=-4.25 shoulder_lift.pos=-101.96 elbow_flex.pos=+88.94 wrist_flex.pos=+76.96 wrist_roll.pos=-1.14 gripper.pos=+0.93
DEBUG 2026-08-19 04:26:56 [action #35] t=2.01s step=34 queue=16 dmax=0.391 | shoulder_pan.pos=-4.02 shoulder_lift.pos=-101.87 elbow_flex.pos=+89.33 wrist_flex.pos=+76.94 wrist_roll.pos=-1.08 gripper.pos=+1.12
DEBUG 2026-08-19 04:26:56 [action #36] t=2.04s step=35 queue=15 dmax=0.379 | shoulder_pan.pos=-4.40 shoulder_lift.pos=-102.24 elbow_flex.pos=+89.57 wrist_flex.pos=+76.97 wrist_roll.pos=-1.10 gripper.pos=+1.01
DEBUG 2026-08-19 04:26:56 [action #37] t=2.07s step=36 queue=14 dmax=0.354 | shoulder_pan.pos=-4.18 shoulder_lift.pos=-102.05 elbow_flex.pos=+89.21 wrist_flex.pos=+76.93 wrist_roll.pos=-1.12 gripper.pos=+1.00
DEBUG 2026-08-19 04:26:56 [action #38] t=2.11s step=37 queue=13 dmax=0.055 | shoulder_pan.pos=-4.23 shoulder_lift.pos=-102.07 elbow_flex.pos=+89.18 wrist_flex.pos=+76.93 wrist_roll.pos=-1.15 gripper.pos=+0.99
DEBUG 2026-08-19 04:26:56 [action #39] t=2.14s step=38 queue=12 dmax=0.350 | shoulder_pan.pos=-3.92 shoulder_lift.pos=-101.72 elbow_flex.pos=+89.16 wrist_flex.pos=+76.74 wrist_roll.pos=-1.14 gripper.pos=+1.08
DEBUG 2026-08-19 04:26:56 [action #40] t=2.18s step=39 queue=11 dmax=0.604 | shoulder_pan.pos=-4.12 shoulder_lift.pos=-102.33 elbow_flex.pos=+89.46 wrist_flex.pos=+76.93 wrist_roll.pos=-1.15 gripper.pos=+0.95
DEBUG 2026-08-19 04:26:56 [action #41] t=2.21s step=40 queue=10 dmax=0.503 | shoulder_pan.pos=-4.33 shoulder_lift.pos=-101.82 elbow_flex.pos=+88.99 wrist_flex.pos=+76.92 wrist_roll.pos=-1.11 gripper.pos=+1.01
DEBUG 2026-08-19 04:26:56 [action #42] t=2.24s step=41 queue=9 dmax=0.537 | shoulder_pan.pos=-4.22 shoulder_lift.pos=-102.07 elbow_flex.pos=+89.53 wrist_flex.pos=+76.81 wrist_roll.pos=-1.21 gripper.pos=+0.96
DEBUG 2026-08-19 04:26:56 [action #43] t=2.28s step=42 queue=8 dmax=0.260 | shoulder_pan.pos=-4.06 shoulder_lift.pos=-102.02 elbow_flex.pos=+89.27 wrist_flex.pos=+77.02 wrist_roll.pos=-1.16 gripper.pos=+0.99
DEBUG 2026-08-19 04:26:56 [action #44] t=2.31s step=43 queue=7 dmax=0.443 | shoulder_pan.pos=-4.26 shoulder_lift.pos=-102.46 elbow_flex.pos=+88.83 wrist_flex.pos=+76.83 wrist_roll.pos=-1.20 gripper.pos=+0.98
DEBUG 2026-08-19 04:26:56 [action #45] t=2.34s step=44 queue=6 dmax=0.667 | shoulder_pan.pos=-4.33 shoulder_lift.pos=-102.36 elbow_flex.pos=+89.50 wrist_flex.pos=+77.04 wrist_roll.pos=-1.23 gripper.pos=+0.85
DEBUG 2026-08-19 04:26:56 [action #46] t=2.38s step=45 queue=5 dmax=0.186 | shoulder_pan.pos=-4.26 shoulder_lift.pos=-102.42 elbow_flex.pos=+89.31 wrist_flex.pos=+76.99 wrist_roll.pos=-1.20 gripper.pos=+0.94
DEBUG 2026-08-19 04:26:56 [action #47] t=2.41s step=46 queue=4 dmax=0.425 | shoulder_pan.pos=-4.55 shoulder_lift.pos=-102.76 elbow_flex.pos=+89.74 wrist_flex.pos=+76.95 wrist_roll.pos=-1.22 gripper.pos=+0.80
DEBUG 2026-08-19 04:26:56 [action #48] t=2.44s step=47 queue=3 dmax=0.735 | shoulder_pan.pos=-4.24 shoulder_lift.pos=-102.57 elbow_flex.pos=+89.00 wrist_flex.pos=+76.99 wrist_roll.pos=-1.25 gripper.pos=+0.93
DEBUG 2026-08-19 04:26:56 [action #49] t=2.48s step=48 queue=2 dmax=0.308 | shoulder_pan.pos=-4.24 shoulder_lift.pos=-102.88 elbow_flex.pos=+88.70 wrist_flex.pos=+77.15 wrist_roll.pos=-1.18 gripper.pos=+0.89
DEBUG 2026-08-19 04:26:57 [action #50] t=2.51s step=49 queue=1 dmax=0.694 | shoulder_pan.pos=-4.24 shoulder_lift.pos=-102.19 elbow_flex.pos=+89.04 wrist_flex.pos=+76.97 wrist_roll.pos=-1.24 gripper.pos=+1.04
DEBUG 2026-08-19 04:26:57 [chunk] received 50 actions, timesteps 48..97 | first: shoulder_pan.pos=-4.69 shoulder_lift.pos=-102.67 elbow_flex.pos=+89.85 wrist_flex.pos=+77.15 wrist_roll.pos=-1.20 gripper.pos=+1.27 | last: shoulder_pan.pos=-4.75 shoulder_lift.pos=-103.04 elbow_flex.pos=+90.82 wrist_flex.pos=+77.36 wrist_roll.pos=-1.30 gripper.pos=+0.94
DEBUG 2026-08-19 04:26:57 [action #51] t=3.35s step=50 queue=48 dmax=0.917 | shoulder_pan.pos=-4.57 shoulder_lift.pos=-102.16 elbow_flex.pos=+88.13 wrist_flex.pos=+77.36 wrist_roll.pos=-1.24 gripper.pos=+1.07
DEBUG 2026-08-19 04:26:57 [action #52] t=3.38s step=51 queue=47 dmax=0.926 | shoulder_pan.pos=-4.80 shoulder_lift.pos=-102.35 elbow_flex.pos=+89.05 wrist_flex.pos=+77.20 wrist_roll.pos=-1.28 gripper.pos=+1.21
DEBUG 2026-08-19 04:26:57 [action #53] t=3.41s step=52 queue=46 dmax=0.210 | shoulder_pan.pos=-4.73 shoulder_lift.pos=-102.40 elbow_flex.pos=+88.84 wrist_flex.pos=+77.22 wrist_roll.pos=-1.34 gripper.pos=+1.16
DEBUG 2026-08-19 04:26:57 [action #54] t=3.45s step=53 queue=45 dmax=0.187 | shoulder_pan.pos=-4.56 shoulder_lift.pos=-102.34 elbow_flex.pos=+88.66 wrist_flex.pos=+77.32 wrist_roll.pos=-1.18 gripper.pos=+1.11
DEBUG 2026-08-19 04:26:58 [action #55] t=3.48s step=54 queue=44 dmax=0.783 | shoulder_pan.pos=-4.47 shoulder_lift.pos=-102.55 elbow_flex.pos=+89.44 wrist_flex.pos=+77.05 wrist_roll.pos=-1.20 gripper.pos=+1.15
DEBUG 2026-08-19 04:26:58 [action #56] t=3.51s step=55 queue=43 dmax=0.530 | shoulder_pan.pos=-4.70 shoulder_lift.pos=-102.02 elbow_flex.pos=+89.26 wrist_flex.pos=+77.30 wrist_roll.pos=-1.26 gripper.pos=+1.08
DEBUG 2026-08-19 04:26:58 [action #57] t=3.55s step=56 queue=42 dmax=0.600 | shoulder_pan.pos=-4.82 shoulder_lift.pos=-101.42 elbow_flex.pos=+89.50 wrist_flex.pos=+77.05 wrist_roll.pos=-1.21 gripper.pos=+1.07
DEBUG 2026-08-19 04:26:58 [action #58] t=3.58s step=57 queue=41 dmax=0.350 | shoulder_pan.pos=-4.58 shoulder_lift.pos=-101.77 elbow_flex.pos=+89.22 wrist_flex.pos=+77.30 wrist_roll.pos=-1.29 gripper.pos=+1.30
DEBUG 2026-08-19 04:26:58 [action #59] t=3.61s step=58 queue=40 dmax=0.904 | shoulder_pan.pos=-4.52 shoulder_lift.pos=-102.67 elbow_flex.pos=+89.55 wrist_flex.pos=+77.07 wrist_roll.pos=-1.26 gripper.pos=+0.98
DEBUG 2026-08-19 04:26:58 [action #60] t=3.65s step=59 queue=39 dmax=0.447 | shoulder_pan.pos=-4.39 shoulder_lift.pos=-102.23 elbow_flex.pos=+89.43 wrist_flex.pos=+77.13 wrist_roll.pos=-1.27 gripper.pos=+1.11
DEBUG 2026-08-19 04:26:58 [action #61] t=3.68s step=60 queue=38 dmax=0.621 | shoulder_pan.pos=-4.64 shoulder_lift.pos=-101.60 elbow_flex.pos=+89.90 wrist_flex.pos=+77.03 wrist_roll.pos=-1.23 gripper.pos=+0.95
DEBUG 2026-08-19 04:26:58 [action #62] t=3.71s step=61 queue=37 dmax=0.870 | shoulder_pan.pos=-4.72 shoulder_lift.pos=-102.46 elbow_flex.pos=+90.77 wrist_flex.pos=+76.92 wrist_roll.pos=-1.29 gripper.pos=+0.98
DEBUG 2026-08-19 04:26:58 [action #63] t=3.75s step=62 queue=36 dmax=1.838 | shoulder_pan.pos=-4.70 shoulder_lift.pos=-102.51 elbow_flex.pos=+88.93 wrist_flex.pos=+77.17 wrist_roll.pos=-1.19 gripper.pos=+0.92
DEBUG 2026-08-19 04:26:58 [action #64] t=3.78s step=63 queue=35 dmax=1.052 | shoulder_pan.pos=-4.77 shoulder_lift.pos=-101.45 elbow_flex.pos=+89.53 wrist_flex.pos=+77.18 wrist_roll.pos=-1.25 gripper.pos=+1.11
DEBUG 2026-08-19 04:26:58 [action #65] t=3.81s step=64 queue=34 dmax=0.995 | shoulder_pan.pos=-4.70 shoulder_lift.pos=-102.45 elbow_flex.pos=+89.35 wrist_flex.pos=+77.25 wrist_roll.pos=-1.20 gripper.pos=+0.97
DEBUG 2026-08-19 04:26:58 [action #66] t=3.85s step=65 queue=33 dmax=0.493 | shoulder_pan.pos=-4.38 shoulder_lift.pos=-102.94 elbow_flex.pos=+89.37 wrist_flex.pos=+77.41 wrist_roll.pos=-1.26 gripper.pos=+1.06
DEBUG 2026-08-19 04:26:58 [action #67] t=3.88s step=66 queue=32 dmax=0.359 | shoulder_pan.pos=-4.64 shoulder_lift.pos=-102.64 elbow_flex.pos=+89.01 wrist_flex.pos=+77.16 wrist_roll.pos=-1.22 gripper.pos=+0.88
DEBUG 2026-08-19 04:26:58 [action #68] t=3.91s step=67 queue=31 dmax=0.771 | shoulder_pan.pos=-4.59 shoulder_lift.pos=-102.73 elbow_flex.pos=+89.78 wrist_flex.pos=+77.40 wrist_roll.pos=-1.30 gripper.pos=+0.93
DEBUG 2026-08-19 04:26:58 [action #69] t=3.95s step=68 queue=30 dmax=0.230 | shoulder_pan.pos=-4.51 shoulder_lift.pos=-102.85 elbow_flex.pos=+89.74 wrist_flex.pos=+77.17 wrist_roll.pos=-1.38 gripper.pos=+1.12
DEBUG 2026-08-19 04:26:58 [action #70] t=3.98s step=69 queue=29 dmax=0.380 | shoulder_pan.pos=-4.26 shoulder_lift.pos=-103.12 elbow_flex.pos=+89.78 wrist_flex.pos=+77.55 wrist_roll.pos=-1.25 gripper.pos=+0.88
DEBUG 2026-08-19 04:26:58 [action #71] t=4.02s step=70 queue=28 dmax=1.302 | shoulder_pan.pos=-4.52 shoulder_lift.pos=-102.58 elbow_flex.pos=+88.48 wrist_flex.pos=+77.15 wrist_roll.pos=-1.25 gripper.pos=+1.06
DEBUG 2026-08-19 04:26:58 [action #72] t=4.05s step=71 queue=27 dmax=1.263 | shoulder_pan.pos=-4.71 shoulder_lift.pos=-102.75 elbow_flex.pos=+89.74 wrist_flex.pos=+77.20 wrist_roll.pos=-1.21 gripper.pos=+0.95
DEBUG 2026-08-19 04:26:58 [chunk] received 50 actions, timesteps 49..98 | first: shoulder_pan.pos=-4.50 shoulder_lift.pos=-102.46 elbow_flex.pos=+89.58 wrist_flex.pos=+76.69 wrist_roll.pos=-1.32 gripper.pos=+0.95 | last: shoulder_pan.pos=-5.16 shoulder_lift.pos=-102.89 elbow_flex.pos=+89.52 wrist_flex.pos=+77.17 wrist_roll.pos=-1.10 gripper.pos=+1.01
DEBUG 2026-08-19 04:26:58 [action #73] t=4.08s step=72 queue=27 dmax=0.704 | shoulder_pan.pos=-4.61 shoulder_lift.pos=-102.38 elbow_flex.pos=+89.04 wrist_flex.pos=+77.26 wrist_roll.pos=-1.14 gripper.pos=+0.98
DEBUG 2026-08-19 04:26:58 [action #74] t=4.12s step=73 queue=26 dmax=0.838 | shoulder_pan.pos=-4.75 shoulder_lift.pos=-101.97 elbow_flex.pos=+89.87 wrist_flex.pos=+77.09 wrist_roll.pos=-1.21 gripper.pos=+0.83
DEBUG 2026-08-19 04:26:58 [action #75] t=4.15s step=74 queue=25 dmax=0.644 | shoulder_pan.pos=-4.63 shoulder_lift.pos=-102.61 elbow_flex.pos=+89.29 wrist_flex.pos=+77.25 wrist_roll.pos=-1.20 gripper.pos=+0.97
DEBUG 2026-08-19 04:26:58 [action #76] t=4.18s step=75 queue=24 dmax=0.436 | shoulder_pan.pos=-4.57 shoulder_lift.pos=-102.18 elbow_flex.pos=+89.68 wrist_flex.pos=+77.33 wrist_roll.pos=-1.22 gripper.pos=+0.93
DEBUG 2026-08-19 04:26:58 [action #77] t=4.22s step=76 queue=23 dmax=0.201 | shoulder_pan.pos=-4.45 shoulder_lift.pos=-102.18 elbow_flex.pos=+89.62 wrist_flex.pos=+77.13 wrist_roll.pos=-1.24 gripper.pos=+0.95
DEBUG 2026-08-19 04:26:58 [action #78] t=4.25s step=77 queue=22 dmax=0.140 | shoulder_pan.pos=-4.53 shoulder_lift.pos=-102.32 elbow_flex.pos=+89.57 wrist_flex.pos=+77.23 wrist_roll.pos=-1.23 gripper.pos=+0.98
DEBUG 2026-08-19 04:26:58 [action #79] t=4.28s step=78 queue=21 dmax=0.239 | shoulder_pan.pos=-4.58 shoulder_lift.pos=-102.08 elbow_flex.pos=+89.75 wrist_flex.pos=+77.22 wrist_roll.pos=-1.11 gripper.pos=+1.13
DEBUG 2026-08-19 04:26:58 [action #80] t=4.32s step=79 queue=20 dmax=0.201 | shoulder_pan.pos=-4.63 shoulder_lift.pos=-102.23 elbow_flex.pos=+89.74 wrist_flex.pos=+77.01 wrist_roll.pos=-1.13 gripper.pos=+0.98
DEBUG 2026-08-19 04:26:58 [action #81] t=4.35s step=80 queue=19 dmax=0.942 | shoulder_pan.pos=-4.61 shoulder_lift.pos=-102.11 elbow_flex.pos=+88.80 wrist_flex.pos=+77.09 wrist_roll.pos=-1.20 gripper.pos=+1.00
DEBUG 2026-08-19 04:26:58 [action #82] t=4.38s step=81 queue=18 dmax=0.540 | shoulder_pan.pos=-4.66 shoulder_lift.pos=-102.36 elbow_flex.pos=+89.34 wrist_flex.pos=+77.19 wrist_roll.pos=-1.26 gripper.pos=+1.08
DEBUG 2026-08-19 04:26:58 [action #83] t=4.42s step=82 queue=17 dmax=0.250 | shoulder_pan.pos=-4.55 shoulder_lift.pos=-102.32 elbow_flex.pos=+89.59 wrist_flex.pos=+77.30 wrist_roll.pos=-1.25 gripper.pos=+1.03
DEBUG 2026-08-19 04:26:58 [action #84] t=4.45s step=83 queue=16 dmax=0.184 | shoulder_pan.pos=-4.73 shoulder_lift.pos=-102.15 elbow_flex.pos=+89.74 wrist_flex.pos=+77.20 wrist_roll.pos=-1.19 gripper.pos=+1.04
DEBUG 2026-08-19 04:26:59 [action #85] t=4.48s step=84 queue=15 dmax=0.595 | shoulder_pan.pos=-4.57 shoulder_lift.pos=-102.55 elbow_flex.pos=+89.15 wrist_flex.pos=+77.16 wrist_roll.pos=-1.17 gripper.pos=+0.92
DEBUG 2026-08-19 04:26:59 [action #86] t=4.52s step=85 queue=14 dmax=0.565 | shoulder_pan.pos=-4.52 shoulder_lift.pos=-101.98 elbow_flex.pos=+89.71 wrist_flex.pos=+77.10 wrist_roll.pos=-1.21 gripper.pos=+1.09
DEBUG 2026-08-19 04:26:59 [action #87] t=4.55s step=86 queue=13 dmax=0.539 | shoulder_pan.pos=-4.47 shoulder_lift.pos=-102.52 elbow_flex.pos=+89.71 wrist_flex.pos=+77.07 wrist_roll.pos=-1.21 gripper.pos=+1.06
DEBUG 2026-08-19 04:26:59 [action #88] t=4.58s step=87 queue=12 dmax=0.380 | shoulder_pan.pos=-4.79 shoulder_lift.pos=-102.49 elbow_flex.pos=+89.33 wrist_flex.pos=+76.95 wrist_roll.pos=-1.18 gripper.pos=+1.02
DEBUG 2026-08-19 04:26:59 [action #89] t=4.62s step=88 queue=11 dmax=0.419 | shoulder_pan.pos=-4.75 shoulder_lift.pos=-102.20 elbow_flex.pos=+89.75 wrist_flex.pos=+77.29 wrist_roll.pos=-1.17 gripper.pos=+1.05
DEBUG 2026-08-19 04:26:59 [action #90] t=4.65s step=89 queue=10 dmax=1.082 | shoulder_pan.pos=-4.59 shoulder_lift.pos=-102.47 elbow_flex.pos=+88.67 wrist_flex.pos=+77.02 wrist_roll.pos=-1.08 gripper.pos=+0.90
DEBUG 2026-08-19 04:26:59 [action #91] t=4.68s step=90 queue=9 dmax=0.384 | shoulder_pan.pos=-4.75 shoulder_lift.pos=-102.48 elbow_flex.pos=+89.06 wrist_flex.pos=+77.13 wrist_roll.pos=-1.15 gripper.pos=+0.98
DEBUG 2026-08-19 04:26:59 [action #92] t=4.72s step=91 queue=8 dmax=0.957 | shoulder_pan.pos=-5.02 shoulder_lift.pos=-102.22 elbow_flex.pos=+90.01 wrist_flex.pos=+77.01 wrist_roll.pos=-1.16 gripper.pos=+1.10
DEBUG 2026-08-19 04:26:59 [action #93] t=4.75s step=92 queue=7 dmax=1.139 | shoulder_pan.pos=-4.80 shoulder_lift.pos=-102.48 elbow_flex.pos=+88.87 wrist_flex.pos=+76.97 wrist_roll.pos=-1.22 gripper.pos=+1.03
DEBUG 2026-08-19 04:26:59 [action #94] t=4.78s step=93 queue=6 dmax=0.767 | shoulder_pan.pos=-4.80 shoulder_lift.pos=-102.42 elbow_flex.pos=+89.64 wrist_flex.pos=+77.24 wrist_roll.pos=-1.15 gripper.pos=+0.91
DEBUG 2026-08-19 04:26:59 [action #95] t=4.82s step=94 queue=5 dmax=0.201 | shoulder_pan.pos=-4.94 shoulder_lift.pos=-102.44 elbow_flex.pos=+89.63 wrist_flex.pos=+77.04 wrist_roll.pos=-1.21 gripper.pos=+0.92
DEBUG 2026-08-19 04:26:59 [action #96] t=4.85s step=95 queue=4 dmax=0.294 | shoulder_pan.pos=-4.95 shoulder_lift.pos=-102.64 elbow_flex.pos=+89.34 wrist_flex.pos=+77.13 wrist_roll.pos=-1.18 gripper.pos=+0.93
DEBUG 2026-08-19 04:26:59 [action #97] t=4.89s step=96 queue=3 dmax=0.556 | shoulder_pan.pos=-4.97 shoulder_lift.pos=-103.04 elbow_flex.pos=+89.89 wrist_flex.pos=+77.19 wrist_roll.pos=-1.23 gripper.pos=+0.88
DEBUG 2026-08-19 04:26:59 [action #98] t=4.92s step=97 queue=2 dmax=0.373 | shoulder_pan.pos=-5.08 shoulder_lift.pos=-103.42 elbow_flex.pos=+90.09 wrist_flex.pos=+77.00 wrist_roll.pos=-1.11 gripper.pos=+0.91
DEBUG 2026-08-19 04:26:59 [action #99] t=4.95s step=98 queue=1 dmax=0.565 | shoulder_pan.pos=-5.16 shoulder_lift.pos=-102.89 elbow_flex.pos=+89.52 wrist_flex.pos=+77.17 wrist_roll.pos=-1.10 gripper.pos=+1.01
DEBUG 2026-08-19 04:27:00 [chunk] received 50 actions, timesteps 98..147 | first: shoulder_pan.pos=-5.06 shoulder_lift.pos=-102.69 elbow_flex.pos=+89.42 wrist_flex.pos=+77.04 wrist_roll.pos=-1.20 gripper.pos=+0.82 | last: shoulder_pan.pos=-4.78 shoulder_lift.pos=-102.58 elbow_flex.pos=+88.96 wrist_flex.pos=+77.60 wrist_roll.pos=-1.21 gripper.pos=+0.93
DEBUG 2026-08-19 04:27:00 [action #100] t=5.89s step=99 queue=49 dmax=0.945 | shoulder_pan.pos=-5.10 shoulder_lift.pos=-101.94 elbow_flex.pos=+89.70 wrist_flex.pos=+77.11 wrist_roll.pos=-1.14 gripper.pos=+0.88
DEBUG 2026-08-19 04:27:00 [action #101] t=5.92s step=100 queue=48 dmax=0.775 | shoulder_pan.pos=-4.96 shoulder_lift.pos=-102.72 elbow_flex.pos=+89.21 wrist_flex.pos=+77.27 wrist_roll.pos=-1.06 gripper.pos=+0.85
DEBUG 2026-08-19 04:27:00 [action #102] t=5.96s step=101 queue=47 dmax=0.724 | shoulder_pan.pos=-5.24 shoulder_lift.pos=-101.99 elbow_flex.pos=+89.23 wrist_flex.pos=+77.28 wrist_roll.pos=-1.19 gripper.pos=+0.90
DEBUG 2026-08-19 04:27:00 [action #103] t=5.99s step=102 queue=46 dmax=0.906 | shoulder_pan.pos=-5.17 shoulder_lift.pos=-102.90 elbow_flex.pos=+89.56 wrist_flex.pos=+77.39 wrist_roll.pos=-1.15 gripper.pos=+0.97
DEBUG 2026-08-19 04:27:00 [action #104] t=6.02s step=103 queue=45 dmax=0.963 | shoulder_pan.pos=-5.18 shoulder_lift.pos=-101.94 elbow_flex.pos=+89.06 wrist_flex.pos=+77.27 wrist_roll.pos=-1.10 gripper.pos=+0.98
DEBUG 2026-08-19 04:27:00 [action #105] t=6.06s step=104 queue=44 dmax=1.057 | shoulder_pan.pos=-4.81 shoulder_lift.pos=-102.45 elbow_flex.pos=+90.11 wrist_flex.pos=+77.61 wrist_roll.pos=-1.13 gripper.pos=+0.87
DEBUG 2026-08-19 04:27:00 [action #106] t=6.09s step=105 queue=43 dmax=0.411 | shoulder_pan.pos=-5.22 shoulder_lift.pos=-102.46 elbow_flex.pos=+89.87 wrist_flex.pos=+77.49 wrist_roll.pos=-1.13 gripper.pos=+0.78
DEBUG 2026-08-19 04:27:00 [action #107] t=6.12s step=106 queue=42 dmax=0.336 | shoulder_pan.pos=-5.16 shoulder_lift.pos=-102.32 elbow_flex.pos=+89.54 wrist_flex.pos=+77.51 wrist_roll.pos=-1.20 gripper.pos=+0.92
DEBUG 2026-08-19 04:27:00 [action #108] t=6.16s step=107 queue=41 dmax=0.197 | shoulder_pan.pos=-5.35 shoulder_lift.pos=-102.52 elbow_flex.pos=+89.47 wrist_flex.pos=+77.43 wrist_roll.pos=-1.17 gripper.pos=+0.93
DEBUG 2026-08-19 04:27:00 [action #109] t=6.19s step=108 queue=40 dmax=0.494 | shoulder_pan.pos=-5.09 shoulder_lift.pos=-102.25 elbow_flex.pos=+89.97 wrist_flex.pos=+77.45 wrist_roll.pos=-1.21 gripper.pos=+0.95
DEBUG 2026-08-19 04:27:00 [action #110] t=6.22s step=109 queue=39 dmax=0.520 | shoulder_pan.pos=-5.02 shoulder_lift.pos=-102.06 elbow_flex.pos=+90.49 wrist_flex.pos=+77.35 wrist_roll.pos=-1.09 gripper.pos=+0.96
DEBUG 2026-08-19 04:27:00 [action #111] t=6.26s step=110 queue=38 dmax=0.859 | shoulder_pan.pos=-5.10 shoulder_lift.pos=-102.18 elbow_flex.pos=+89.63 wrist_flex.pos=+77.65 wrist_roll.pos=-1.12 gripper.pos=+0.95
DEBUG 2026-08-19 04:27:00 [action #112] t=6.29s step=111 queue=37 dmax=0.161 | shoulder_pan.pos=-5.15 shoulder_lift.pos=-102.22 elbow_flex.pos=+89.57 wrist_flex.pos=+77.54 wrist_roll.pos=-1.09 gripper.pos=+0.79
DEBUG 2026-08-19 04:27:00 [action #113] t=6.32s step=112 queue=36 dmax=0.393 | shoulder_pan.pos=-5.09 shoulder_lift.pos=-102.61 elbow_flex.pos=+89.88 wrist_flex.pos=+77.42 wrist_roll.pos=-1.03 gripper.pos=+0.92
DEBUG 2026-08-19 04:27:00 [action #114] t=6.36s step=113 queue=35 dmax=0.401 | shoulder_pan.pos=-5.07 shoulder_lift.pos=-103.02 elbow_flex.pos=+89.79 wrist_flex.pos=+77.39 wrist_roll.pos=-1.09 gripper.pos=+1.01
DEBUG 2026-08-19 04:27:00 [action #115] t=6.39s step=114 queue=34 dmax=0.720 | shoulder_pan.pos=-5.08 shoulder_lift.pos=-102.30 elbow_flex.pos=+89.61 wrist_flex.pos=+77.46 wrist_roll.pos=-1.12 gripper.pos=+0.96
DEBUG 2026-08-19 04:27:00 [action #116] t=6.42s step=115 queue=33 dmax=0.384 | shoulder_pan.pos=-4.96 shoulder_lift.pos=-102.31 elbow_flex.pos=+89.22 wrist_flex.pos=+77.58 wrist_roll.pos=-1.10 gripper.pos=+0.91
DEBUG 2026-08-19 04:27:00 [action #117] t=6.46s step=116 queue=32 dmax=1.088 | shoulder_pan.pos=-5.15 shoulder_lift.pos=-102.61 elbow_flex.pos=+90.31 wrist_flex.pos=+77.50 wrist_roll.pos=-1.03 gripper.pos=+0.97
DEBUG 2026-08-19 04:27:01 [action #118] t=6.49s step=117 queue=31 dmax=0.969 | shoulder_pan.pos=-5.03 shoulder_lift.pos=-102.43 elbow_flex.pos=+89.34 wrist_flex.pos=+77.55 wrist_roll.pos=-1.08 gripper.pos=+1.01
DEBUG 2026-08-19 04:27:01 [action #119] t=6.52s step=118 queue=30 dmax=0.405 | shoulder_pan.pos=-4.92 shoulder_lift.pos=-102.62 elbow_flex.pos=+89.75 wrist_flex.pos=+77.46 wrist_roll.pos=-1.09 gripper.pos=+0.92
DEBUG 2026-08-19 04:27:01 [action #120] t=6.56s step=119 queue=29 dmax=0.260 | shoulder_pan.pos=-5.06 shoulder_lift.pos=-102.39 elbow_flex.pos=+89.49 wrist_flex.pos=+77.59 wrist_roll.pos=-1.09 gripper.pos=+0.91
DEBUG 2026-08-19 04:27:01 [action #121] t=6.59s step=120 queue=28 dmax=0.598 | shoulder_pan.pos=-4.76 shoulder_lift.pos=-102.48 elbow_flex.pos=+90.08 wrist_flex.pos=+77.43 wrist_roll.pos=-1.09 gripper.pos=+0.93
DEBUG 2026-08-19 04:27:01 [action #122] t=6.62s step=121 queue=27 dmax=0.442 | shoulder_pan.pos=-4.78 shoulder_lift.pos=-102.41 elbow_flex.pos=+89.64 wrist_flex.pos=+77.55 wrist_roll.pos=-1.19 gripper.pos=+0.87
DEBUG 2026-08-19 04:27:01 [action #123] t=6.66s step=122 queue=26 dmax=0.180 | shoulder_pan.pos=-4.81 shoulder_lift.pos=-102.48 elbow_flex.pos=+89.46 wrist_flex.pos=+77.42 wrist_roll.pos=-1.16 gripper.pos=+0.85
DEBUG 2026-08-19 04:27:01 [action #124] t=6.69s step=123 queue=25 dmax=0.345 | shoulder_pan.pos=-4.85 shoulder_lift.pos=-102.66 elbow_flex.pos=+89.81 wrist_flex.pos=+77.49 wrist_roll.pos=-1.13 gripper.pos=+0.85
DEBUG 2026-08-19 04:27:01 [action #125] t=6.72s step=124 queue=24 dmax=0.207 | shoulder_pan.pos=-4.88 shoulder_lift.pos=-102.45 elbow_flex.pos=+89.69 wrist_flex.pos=+77.61 wrist_roll.pos=-1.20 gripper.pos=+0.78
DEBUG 2026-08-19 04:27:01 [action #126] t=6.76s step=125 queue=23 dmax=0.276 | shoulder_pan.pos=-4.77 shoulder_lift.pos=-102.61 elbow_flex.pos=+89.41 wrist_flex.pos=+77.59 wrist_roll.pos=-1.17 gripper.pos=+0.97
DEBUG 2026-08-19 04:27:01 [action #127] t=6.79s step=126 queue=22 dmax=0.161 | shoulder_pan.pos=-4.66 shoulder_lift.pos=-102.77 elbow_flex.pos=+89.38 wrist_flex.pos=+77.48 wrist_roll.pos=-1.06 gripper.pos=+1.06
DEBUG 2026-08-19 04:27:01 [action #128] t=6.83s step=127 queue=21 dmax=0.512 | shoulder_pan.pos=-4.79 shoulder_lift.pos=-103.28 elbow_flex.pos=+89.85 wrist_flex.pos=+77.42 wrist_roll.pos=-1.14 gripper.pos=+1.15
DEBUG 2026-08-19 04:27:01 [action #129] t=6.86s step=128 queue=20 dmax=0.845 | shoulder_pan.pos=-4.51 shoulder_lift.pos=-102.83 elbow_flex.pos=+89.01 wrist_flex.pos=+77.54 wrist_roll.pos=-1.10 gripper.pos=+0.81
DEBUG 2026-08-19 04:27:01 [action #130] t=6.89s step=129 queue=19 dmax=0.876 | shoulder_pan.pos=-4.81 shoulder_lift.pos=-102.41 elbow_flex.pos=+89.89 wrist_flex.pos=+77.41 wrist_roll.pos=-1.07 gripper.pos=+0.80
DEBUG 2026-08-19 04:27:01 [action #131] t=6.93s step=130 queue=18 dmax=0.652 | shoulder_pan.pos=-4.58 shoulder_lift.pos=-102.26 elbow_flex.pos=+89.23 wrist_flex.pos=+77.59 wrist_roll.pos=-1.15 gripper.pos=+0.94
DEBUG 2026-08-19 04:27:01 [action #132] t=6.96s step=131 queue=17 dmax=0.077 | shoulder_pan.pos=-4.55 shoulder_lift.pos=-102.32 elbow_flex.pos=+89.17 wrist_flex.pos=+77.64 wrist_roll.pos=-1.08 gripper.pos=+0.92
DEBUG 2026-08-19 04:27:01 [action #133] t=6.99s step=132 queue=16 dmax=0.261 | shoulder_pan.pos=-4.67 shoulder_lift.pos=-102.52 elbow_flex.pos=+89.43 wrist_flex.pos=+77.56 wrist_roll.pos=-1.12 gripper.pos=+0.89
DEBUG 2026-08-19 04:27:01 [action #134] t=7.03s step=133 queue=15 dmax=0.124 | shoulder_pan.pos=-4.59 shoulder_lift.pos=-102.40 elbow_flex.pos=+89.42 wrist_flex.pos=+77.63 wrist_roll.pos=-1.20 gripper.pos=+0.96
DEBUG 2026-08-19 04:27:01 [action #135] t=7.06s step=134 queue=14 dmax=0.522 | shoulder_pan.pos=-4.63 shoulder_lift.pos=-101.98 elbow_flex.pos=+88.90 wrist_flex.pos=+77.67 wrist_roll.pos=-1.11 gripper.pos=+0.95
DEBUG 2026-08-19 04:27:01 [action #136] t=7.09s step=135 queue=13 dmax=1.226 | shoulder_pan.pos=-4.55 shoulder_lift.pos=-103.21 elbow_flex.pos=+88.89 wrist_flex.pos=+77.57 wrist_roll.pos=-1.10 gripper.pos=+0.92
DEBUG 2026-08-19 04:27:01 [action #137] t=7.13s step=136 queue=12 dmax=0.820 | shoulder_pan.pos=-4.82 shoulder_lift.pos=-102.39 elbow_flex.pos=+88.72 wrist_flex.pos=+77.61 wrist_roll.pos=-1.16 gripper.pos=+0.98
DEBUG 2026-08-19 04:27:01 [action #138] t=7.16s step=137 queue=11 dmax=1.017 | shoulder_pan.pos=-4.68 shoulder_lift.pos=-102.58 elbow_flex.pos=+89.73 wrist_flex.pos=+77.55 wrist_roll.pos=-1.02 gripper.pos=+0.97
DEBUG 2026-08-19 04:27:01 [action #139] t=7.19s step=138 queue=10 dmax=0.446 | shoulder_pan.pos=-4.84 shoulder_lift.pos=-103.03 elbow_flex.pos=+89.55 wrist_flex.pos=+77.56 wrist_roll.pos=-1.07 gripper.pos=+0.75
DEBUG 2026-08-19 04:27:01 [action #140] t=7.23s step=139 queue=9 dmax=0.711 | shoulder_pan.pos=-4.55 shoulder_lift.pos=-102.31 elbow_flex.pos=+88.98 wrist_flex.pos=+77.48 wrist_roll.pos=-1.19 gripper.pos=+0.96
DEBUG 2026-08-19 04:27:01 [action #141] t=7.26s step=140 queue=8 dmax=0.652 | shoulder_pan.pos=-4.58 shoulder_lift.pos=-101.78 elbow_flex.pos=+89.63 wrist_flex.pos=+77.70 wrist_roll.pos=-1.06 gripper.pos=+0.98
DEBUG 2026-08-19 04:27:01 [action #142] t=7.29s step=141 queue=7 dmax=0.754 | shoulder_pan.pos=-4.64 shoulder_lift.pos=-102.54 elbow_flex.pos=+89.23 wrist_flex.pos=+77.61 wrist_roll.pos=-1.06 gripper.pos=+0.86
DEBUG 2026-08-19 04:27:01 [action #143] t=7.33s step=142 queue=6 dmax=0.320 | shoulder_pan.pos=-4.67 shoulder_lift.pos=-102.22 elbow_flex.pos=+89.30 wrist_flex.pos=+77.54 wrist_roll.pos=-1.21 gripper.pos=+0.92
DEBUG 2026-08-19 04:27:01 [action #144] t=7.36s step=143 queue=5 dmax=0.302 | shoulder_pan.pos=-4.83 shoulder_lift.pos=-102.22 elbow_flex.pos=+89.60 wrist_flex.pos=+77.71 wrist_roll.pos=-1.15 gripper.pos=+0.91
DEBUG 2026-08-19 04:27:01 [action #145] t=7.39s step=144 queue=4 dmax=0.451 | shoulder_pan.pos=-4.61 shoulder_lift.pos=-102.34 elbow_flex.pos=+89.15 wrist_flex.pos=+77.57 wrist_roll.pos=-1.15 gripper.pos=+0.89
DEBUG 2026-08-19 04:27:01 [action #146] t=7.43s step=145 queue=3 dmax=0.427 | shoulder_pan.pos=-4.73 shoulder_lift.pos=-102.46 elbow_flex.pos=+88.72 wrist_flex.pos=+77.72 wrist_roll.pos=-1.10 gripper.pos=+0.92
DEBUG 2026-08-19 04:27:01 [action #147] t=7.46s step=146 queue=2 dmax=0.518 | shoulder_pan.pos=-4.71 shoulder_lift.pos=-102.02 elbow_flex.pos=+89.24 wrist_flex.pos=+77.49 wrist_roll.pos=-1.24 gripper.pos=+0.86
DEBUG 2026-08-19 04:27:02 [action #148] t=7.49s step=147 queue=1 dmax=0.559 | shoulder_pan.pos=-4.78 shoulder_lift.pos=-102.58 elbow_flex.pos=+88.96 wrist_flex.pos=+77.60 wrist_roll.pos=-1.21 gripper.pos=+0.93
DEBUG 2026-08-19 04:27:02 [chunk] received 50 actions, timesteps 147..196 | first: shoulder_pan.pos=-4.82 shoulder_lift.pos=-102.34 elbow_flex.pos=+89.16 wrist_flex.pos=+77.00 wrist_roll.pos=-1.15 gripper.pos=+1.09 | last: shoulder_pan.pos=-4.89 shoulder_lift.pos=-103.15 elbow_flex.pos=+89.11 wrist_flex.pos=+77.53 wrist_roll.pos=-1.33 gripper.pos=+0.81
DEBUG 2026-08-19 04:27:02 [action #149] t=8.40s step=148 queue=49 dmax=0.495 | shoulder_pan.pos=-4.77 shoulder_lift.pos=-102.08 elbow_flex.pos=+89.24 wrist_flex.pos=+77.33 wrist_roll.pos=-1.19 gripper.pos=+0.95
DEBUG 2026-08-19 04:27:02 [action #150] t=8.43s step=149 queue=48 dmax=0.200 | shoulder_pan.pos=-4.75 shoulder_lift.pos=-102.26 elbow_flex.pos=+89.04 wrist_flex.pos=+77.34 wrist_roll.pos=-1.24 gripper.pos=+0.91
DEBUG 2026-08-19 04:27:02 [action #151] t=8.46s step=150 queue=47 dmax=0.622 | shoulder_pan.pos=-4.90 shoulder_lift.pos=-102.62 elbow_flex.pos=+89.66 wrist_flex.pos=+77.35 wrist_roll.pos=-1.27 gripper.pos=+1.01
DEBUG 2026-08-19 04:27:03 [action #152] t=8.50s step=151 queue=46 dmax=0.959 | shoulder_pan.pos=-4.83 shoulder_lift.pos=-101.66 elbow_flex.pos=+89.33 wrist_flex.pos=+77.44 wrist_roll.pos=-1.22 gripper.pos=+0.95
DEBUG 2026-08-19 04:27:03 [action #153] t=8.53s step=152 queue=45 dmax=0.584 | shoulder_pan.pos=-4.90 shoulder_lift.pos=-102.25 elbow_flex.pos=+89.39 wrist_flex.pos=+77.65 wrist_roll.pos=-1.28 gripper.pos=+0.98
DEBUG 2026-08-19 04:27:03 [action #154] t=8.56s step=153 queue=44 dmax=0.213 | shoulder_pan.pos=-4.68 shoulder_lift.pos=-102.15 elbow_flex.pos=+89.58 wrist_flex.pos=+77.62 wrist_roll.pos=-1.10 gripper.pos=+0.88
DEBUG 2026-08-19 04:27:03 [action #155] t=8.60s step=154 queue=43 dmax=0.319 | shoulder_pan.pos=-4.96 shoulder_lift.pos=-102.47 elbow_flex.pos=+89.46 wrist_flex.pos=+77.40 wrist_roll.pos=-1.20 gripper.pos=+0.97
DEBUG 2026-08-19 04:27:03 [action #156] t=8.63s step=155 queue=42 dmax=0.455 | shoulder_pan.pos=-4.59 shoulder_lift.pos=-102.01 elbow_flex.pos=+89.86 wrist_flex.pos=+77.79 wrist_roll.pos=-1.13 gripper.pos=+0.81
DEBUG 2026-08-19 04:27:03 [action #157] t=8.67s step=156 queue=41 dmax=0.447 | shoulder_pan.pos=-4.77 shoulder_lift.pos=-102.46 elbow_flex.pos=+89.43 wrist_flex.pos=+77.66 wrist_roll.pos=-1.26 gripper.pos=+1.00
DEBUG 2026-08-19 04:27:03 [action #158] t=8.70s step=157 queue=40 dmax=0.296 | shoulder_pan.pos=-4.82 shoulder_lift.pos=-102.16 elbow_flex.pos=+89.48 wrist_flex.pos=+77.67 wrist_roll.pos=-1.18 gripper.pos=+0.85
DEBUG 2026-08-19 04:27:03 [action #159] t=8.73s step=158 queue=39 dmax=0.384 | shoulder_pan.pos=-4.78 shoulder_lift.pos=-101.86 elbow_flex.pos=+89.86 wrist_flex.pos=+77.68 wrist_roll.pos=-1.17 gripper.pos=+1.01
DEBUG 2026-08-19 04:27:03 [action #160] t=8.77s step=159 queue=38 dmax=0.450 | shoulder_pan.pos=-4.88 shoulder_lift.pos=-102.31 elbow_flex.pos=+89.47 wrist_flex.pos=+77.81 wrist_roll.pos=-1.24 gripper.pos=+0.99
DEBUG 2026-08-19 04:27:03 [action #161] t=8.80s step=160 queue=37 dmax=0.750 | shoulder_pan.pos=-4.95 shoulder_lift.pos=-102.55 elbow_flex.pos=+90.22 wrist_flex.pos=+77.66 wrist_roll.pos=-1.28 gripper.pos=+1.08
DEBUG 2026-08-19 04:27:03 [action #162] t=8.83s step=161 queue=36 dmax=1.302 | shoulder_pan.pos=-5.02 shoulder_lift.pos=-101.94 elbow_flex.pos=+88.92 wrist_flex.pos=+77.63 wrist_roll.pos=-1.26 gripper.pos=+0.91
DEBUG 2026-08-19 04:27:03 [action #163] t=8.87s step=162 queue=35 dmax=0.911 | shoulder_pan.pos=-4.88 shoulder_lift.pos=-102.67 elbow_flex.pos=+89.83 wrist_flex.pos=+77.62 wrist_roll.pos=-1.24 gripper.pos=+0.90
DEBUG 2026-08-19 04:27:03 [action #164] t=8.90s step=163 queue=34 dmax=0.510 | shoulder_pan.pos=-5.05 shoulder_lift.pos=-102.16 elbow_flex.pos=+89.74 wrist_flex.pos=+77.65 wrist_roll.pos=-1.23 gripper.pos=+0.94
DEBUG 2026-08-19 04:27:03 [action #165] t=8.93s step=164 queue=33 dmax=0.254 | shoulder_pan.pos=-4.90 shoulder_lift.pos=-102.06 elbow_flex.pos=+89.48 wrist_flex.pos=+77.63 wrist_roll.pos=-1.25 gripper.pos=+0.87
DEBUG 2026-08-19 04:27:03 [action #166] t=8.97s step=165 queue=32 dmax=0.534 | shoulder_pan.pos=-4.83 shoulder_lift.pos=-102.59 elbow_flex.pos=+89.75 wrist_flex.pos=+77.51 wrist_roll.pos=-1.14 gripper.pos=+1.00
DEBUG 2026-08-19 04:27:03 [action #167] t=9.00s step=166 queue=31 dmax=0.273 | shoulder_pan.pos=-5.04 shoulder_lift.pos=-102.34 elbow_flex.pos=+90.02 wrist_flex.pos=+77.45 wrist_roll.pos=-1.16 gripper.pos=+0.88
DEBUG 2026-08-19 04:27:03 [action #168] t=9.03s step=167 queue=30 dmax=0.172 | shoulder_pan.pos=-5.01 shoulder_lift.pos=-102.26 elbow_flex.pos=+89.85 wrist_flex.pos=+77.55 wrist_roll.pos=-1.24 gripper.pos=+0.95
DEBUG 2026-08-19 04:27:03 [action #169] t=9.07s step=168 queue=29 dmax=0.788 | shoulder_pan.pos=-4.96 shoulder_lift.pos=-103.04 elbow_flex.pos=+89.32 wrist_flex.pos=+77.58 wrist_roll.pos=-1.28 gripper.pos=+0.85
DEBUG 2026-08-19 04:27:03 [action #170] t=9.10s step=169 queue=28 dmax=0.510 | shoulder_pan.pos=-5.03 shoulder_lift.pos=-102.53 elbow_flex.pos=+89.66 wrist_flex.pos=+77.57 wrist_roll.pos=-1.22 gripper.pos=+0.89
DEBUG 2026-08-19 04:27:03 [action #171] t=9.13s step=170 queue=27 dmax=0.364 | shoulder_pan.pos=-5.06 shoulder_lift.pos=-102.20 elbow_flex.pos=+89.30 wrist_flex.pos=+77.57 wrist_roll.pos=-1.25 gripper.pos=+0.98
DEBUG 2026-08-19 04:27:03 [action #172] t=9.17s step=171 queue=26 dmax=0.351 | shoulder_pan.pos=-5.07 shoulder_lift.pos=-102.22 elbow_flex.pos=+88.95 wrist_flex.pos=+77.61 wrist_roll.pos=-1.29 gripper.pos=+0.98
DEBUG 2026-08-19 04:27:03 [action #173] t=9.20s step=172 queue=25 dmax=0.768 | shoulder_pan.pos=-4.78 shoulder_lift.pos=-102.62 elbow_flex.pos=+89.71 wrist_flex.pos=+77.58 wrist_roll.pos=-1.21 gripper.pos=+1.14
DEBUG 2026-08-19 04:27:03 [action #174] t=9.23s step=173 queue=24 dmax=0.357 | shoulder_pan.pos=-4.95 shoulder_lift.pos=-102.27 elbow_flex.pos=+90.00 wrist_flex.pos=+77.57 wrist_roll.pos=-1.33 gripper.pos=+0.97
DEBUG 2026-08-19 04:27:03 [action #175] t=9.27s step=174 queue=23 dmax=0.404 | shoulder_pan.pos=-5.01 shoulder_lift.pos=-102.42 elbow_flex.pos=+89.59 wrist_flex.pos=+77.72 wrist_roll.pos=-1.30 gripper.pos=+0.99
DEBUG 2026-08-19 04:27:03 [action #176] t=9.30s step=175 queue=22 dmax=0.195 | shoulder_pan.pos=-4.87 shoulder_lift.pos=-102.61 elbow_flex.pos=+89.79 wrist_flex.pos=+77.54 wrist_roll.pos=-1.41 gripper.pos=+0.96
DEBUG 2026-08-19 04:27:03 [action #177] t=9.33s step=176 queue=21 dmax=0.260 | shoulder_pan.pos=-5.01 shoulder_lift.pos=-102.35 elbow_flex.pos=+89.99 wrist_flex.pos=+77.77 wrist_roll.pos=-1.33 gripper.pos=+0.99
DEBUG 2026-08-19 04:27:03 [action #178] t=9.37s step=177 queue=20 dmax=0.667 | shoulder_pan.pos=-4.88 shoulder_lift.pos=-102.17 elbow_flex.pos=+89.32 wrist_flex.pos=+77.66 wrist_roll.pos=-1.31 gripper.pos=+0.91
DEBUG 2026-08-19 04:27:03 [action #179] t=9.40s step=178 queue=19 dmax=0.386 | shoulder_pan.pos=-5.04 shoulder_lift.pos=-102.43 elbow_flex.pos=+89.71 wrist_flex.pos=+77.67 wrist_roll.pos=-1.33 gripper.pos=+0.94
DEBUG 2026-08-19 04:27:03 [action #180] t=9.43s step=179 queue=18 dmax=0.627 | shoulder_pan.pos=-5.10 shoulder_lift.pos=-102.30 elbow_flex.pos=+89.08 wrist_flex.pos=+77.73 wrist_roll.pos=-1.25 gripper.pos=+0.81
DEBUG 2026-08-19 04:27:03 [action #181] t=9.47s step=180 queue=17 dmax=0.644 | shoulder_pan.pos=-4.97 shoulder_lift.pos=-102.76 elbow_flex.pos=+89.72 wrist_flex.pos=+77.60 wrist_roll.pos=-1.37 gripper.pos=+1.04
DEBUG 2026-08-19 04:27:04 [action #182] t=9.50s step=181 queue=16 dmax=0.497 | shoulder_pan.pos=-4.98 shoulder_lift.pos=-102.30 elbow_flex.pos=+90.22 wrist_flex.pos=+77.74 wrist_roll.pos=-1.29 gripper.pos=+1.04
DEBUG 2026-08-19 04:27:04 [action #183] t=9.54s step=182 queue=15 dmax=0.501 | shoulder_pan.pos=-5.15 shoulder_lift.pos=-102.80 elbow_flex.pos=+89.73 wrist_flex.pos=+77.75 wrist_roll.pos=-1.22 gripper.pos=+0.92
DEBUG 2026-08-19 04:27:04 [action #184] t=9.57s step=183 queue=14 dmax=0.619 | shoulder_pan.pos=-5.10 shoulder_lift.pos=-102.18 elbow_flex.pos=+89.81 wrist_flex.pos=+77.62 wrist_roll.pos=-1.13 gripper.pos=+0.98
DEBUG 2026-08-19 04:27:04 [action #185] t=9.60s step=184 queue=13 dmax=0.226 | shoulder_pan.pos=-4.93 shoulder_lift.pos=-102.41 elbow_flex.pos=+89.63 wrist_flex.pos=+77.60 wrist_roll.pos=-1.14 gripper.pos=+0.81
DEBUG 2026-08-19 04:27:04 [action #186] t=9.64s step=185 queue=12 dmax=0.307 | shoulder_pan.pos=-5.23 shoulder_lift.pos=-102.57 elbow_flex.pos=+89.82 wrist_flex.pos=+77.77 wrist_roll.pos=-1.24 gripper.pos=+1.11
INFO 2026-08-19 04:27:04 Final action sent: shoulder_pan.pos=-5.23 shoulder_lift.pos=-102.57 elbow_flex.pos=+89.82 wrist_flex.pos=+77.77 wrist_roll.pos=-1.24 gripper.pos=+1.11
DEBUG 2026-08-19 04:27:04 === episode end | 10.4s | converged=True | actions=186 ===
DEBUG 2026-08-19 04:27:12 === episode start | task: 'put the brown pouch on the tray' | duration: 30.0s ===
DEBUG 2026-08-19 04:27:12 [chunk] received 50 actions, timesteps 0..49 | first: shoulder_pan.pos=-4.76 shoulder_lift.pos=-101.16 elbow_flex.pos=+88.64 wrist_flex.pos=+75.32 wrist_roll.pos=-0.84 gripper.pos=+0.77 | last: shoulder_pan.pos=-6.04 shoulder_lift.pos=-101.91 elbow_flex.pos=+88.73 wrist_flex.pos=+75.67 wrist_roll.pos=-0.93 gripper.pos=+0.95
DEBUG 2026-08-19 04:27:12 [action #1] t=0.80s step=0 queue=50 dmax=n/a | shoulder_pan.pos=-4.76 shoulder_lift.pos=-101.16 elbow_flex.pos=+88.64 wrist_flex.pos=+75.32 wrist_roll.pos=-0.84 gripper.pos=+0.77
DEBUG 2026-08-19 04:27:12 [action #2] t=0.84s step=1 queue=49 dmax=0.506 | shoulder_pan.pos=-4.47 shoulder_lift.pos=-101.67 elbow_flex.pos=+88.52 wrist_flex.pos=+75.30 wrist_roll.pos=-0.79 gripper.pos=+0.87
DEBUG 2026-08-19 04:27:12 [action #3] t=0.87s step=2 queue=48 dmax=0.800 | shoulder_pan.pos=-4.48 shoulder_lift.pos=-101.30 elbow_flex.pos=+89.32 wrist_flex.pos=+75.18 wrist_roll.pos=-0.77 gripper.pos=+0.86
DEBUG 2026-08-19 04:27:12 [action #4] t=0.90s step=3 queue=47 dmax=0.421 | shoulder_pan.pos=-4.90 shoulder_lift.pos=-101.29 elbow_flex.pos=+89.08 wrist_flex.pos=+75.44 wrist_roll.pos=-0.73 gripper.pos=+0.83
DEBUG 2026-08-19 04:27:12 [action #5] t=0.94s step=4 queue=46 dmax=0.397 | shoulder_pan.pos=-4.84 shoulder_lift.pos=-101.60 elbow_flex.pos=+89.47 wrist_flex.pos=+75.39 wrist_roll.pos=-0.70 gripper.pos=+1.01
DEBUG 2026-08-19 04:27:13 [action #6] t=0.97s step=5 queue=45 dmax=0.706 | shoulder_pan.pos=-4.94 shoulder_lift.pos=-100.89 elbow_flex.pos=+89.18 wrist_flex.pos=+75.43 wrist_roll.pos=-0.81 gripper.pos=+0.88
DEBUG 2026-08-19 04:27:13 [action #7] t=1.00s step=6 queue=44 dmax=0.482 | shoulder_pan.pos=-5.03 shoulder_lift.pos=-101.17 elbow_flex.pos=+89.66 wrist_flex.pos=+75.44 wrist_roll.pos=-0.74 gripper.pos=+1.03
DEBUG 2026-08-19 04:27:13 [action #8] t=1.04s step=7 queue=43 dmax=0.952 | shoulder_pan.pos=-4.95 shoulder_lift.pos=-102.12 elbow_flex.pos=+89.24 wrist_flex.pos=+75.33 wrist_roll.pos=-0.77 gripper.pos=+0.88
DEBUG 2026-08-19 04:27:13 [action #9] t=1.07s step=8 queue=42 dmax=0.707 | shoulder_pan.pos=-5.09 shoulder_lift.pos=-101.50 elbow_flex.pos=+89.94 wrist_flex.pos=+75.20 wrist_roll.pos=-0.84 gripper.pos=+0.76
DEBUG 2026-08-19 04:27:13 [action #10] t=1.10s step=9 queue=41 dmax=0.509 | shoulder_pan.pos=-4.78 shoulder_lift.pos=-101.05 elbow_flex.pos=+89.43 wrist_flex.pos=+75.21 wrist_roll.pos=-0.82 gripper.pos=+1.03
DEBUG 2026-08-19 04:27:13 [action #11] t=1.14s step=10 queue=40 dmax=0.435 | shoulder_pan.pos=-4.79 shoulder_lift.pos=-101.42 elbow_flex.pos=+89.87 wrist_flex.pos=+75.28 wrist_roll.pos=-0.84 gripper.pos=+0.88
DEBUG 2026-08-19 04:27:13 [action #12] t=1.17s step=11 queue=39 dmax=0.419 | shoulder_pan.pos=-4.90 shoulder_lift.pos=-101.84 elbow_flex.pos=+89.46 wrist_flex.pos=+75.33 wrist_roll.pos=-0.86 gripper.pos=+0.92
DEBUG 2026-08-19 04:27:13 [action #13] t=1.20s step=12 queue=38 dmax=0.682 | shoulder_pan.pos=-4.77 shoulder_lift.pos=-101.15 elbow_flex.pos=+89.49 wrist_flex.pos=+75.27 wrist_roll.pos=-0.73 gripper.pos=+0.92
DEBUG 2026-08-19 04:27:13 [action #14] t=1.24s step=13 queue=37 dmax=0.527 | shoulder_pan.pos=-4.73 shoulder_lift.pos=-101.36 elbow_flex.pos=+88.96 wrist_flex.pos=+75.02 wrist_roll.pos=-0.82 gripper.pos=+0.88
DEBUG 2026-08-19 04:27:13 [action #15] t=1.27s step=14 queue=36 dmax=0.453 | shoulder_pan.pos=-4.80 shoulder_lift.pos=-101.81 elbow_flex.pos=+88.97 wrist_flex.pos=+75.34 wrist_roll.pos=-0.79 gripper.pos=+0.98
DEBUG 2026-08-19 04:27:13 [action #16] t=1.30s step=15 queue=35 dmax=0.176 | shoulder_pan.pos=-4.78 shoulder_lift.pos=-101.91 elbow_flex.pos=+89.15 wrist_flex.pos=+75.24 wrist_roll.pos=-0.83 gripper.pos=+1.04
DEBUG 2026-08-19 04:27:13 [action #17] t=1.34s step=16 queue=34 dmax=0.219 | shoulder_pan.pos=-5.00 shoulder_lift.pos=-101.94 elbow_flex.pos=+88.98 wrist_flex.pos=+75.32 wrist_roll.pos=-0.88 gripper.pos=+1.02
DEBUG 2026-08-19 04:27:13 [action #18] t=1.37s step=17 queue=33 dmax=0.846 | shoulder_pan.pos=-5.08 shoulder_lift.pos=-101.09 elbow_flex.pos=+88.86 wrist_flex.pos=+75.25 wrist_roll.pos=-0.85 gripper.pos=+1.05
DEBUG 2026-08-19 04:27:13 [action #19] t=1.40s step=18 queue=32 dmax=0.381 | shoulder_pan.pos=-5.20 shoulder_lift.pos=-101.35 elbow_flex.pos=+89.24 wrist_flex.pos=+75.36 wrist_roll.pos=-0.88 gripper.pos=+0.94
DEBUG 2026-08-19 04:27:13 [action #20] t=1.44s step=19 queue=31 dmax=0.306 | shoulder_pan.pos=-5.18 shoulder_lift.pos=-101.66 elbow_flex.pos=+88.99 wrist_flex.pos=+75.24 wrist_roll.pos=-0.82 gripper.pos=+0.94
DEBUG 2026-08-19 04:27:13 [action #21] t=1.47s step=20 queue=30 dmax=0.167 | shoulder_pan.pos=-5.24 shoulder_lift.pos=-101.71 elbow_flex.pos=+89.16 wrist_flex.pos=+75.36 wrist_roll.pos=-0.92 gripper.pos=+1.01
DEBUG 2026-08-19 04:27:13 [action #22] t=1.51s step=21 queue=29 dmax=0.091 | shoulder_pan.pos=-5.16 shoulder_lift.pos=-101.75 elbow_flex.pos=+89.22 wrist_flex.pos=+75.39 wrist_roll.pos=-0.83 gripper.pos=+0.92
DEBUG 2026-08-19 04:27:13 [action #23] t=1.54s step=22 queue=28 dmax=0.105 | shoulder_pan.pos=-5.15 shoulder_lift.pos=-101.85 elbow_flex.pos=+89.27 wrist_flex.pos=+75.33 wrist_roll.pos=-0.89 gripper.pos=+1.00
DEBUG 2026-08-19 04:27:13 [action #24] t=1.57s step=23 queue=27 dmax=0.628 | shoulder_pan.pos=-5.52 shoulder_lift.pos=-101.22 elbow_flex.pos=+88.96 wrist_flex.pos=+75.41 wrist_roll.pos=-0.89 gripper.pos=+0.98
DEBUG 2026-08-19 04:27:13 [action #25] t=1.61s step=24 queue=26 dmax=0.318 | shoulder_pan.pos=-5.20 shoulder_lift.pos=-101.25 elbow_flex.pos=+89.04 wrist_flex.pos=+75.34 wrist_roll.pos=-0.88 gripper.pos=+0.98
DEBUG 2026-08-19 04:27:13 [action #26] t=1.64s step=25 queue=25 dmax=0.703 | shoulder_pan.pos=-5.26 shoulder_lift.pos=-101.95 elbow_flex.pos=+89.15 wrist_flex.pos=+75.43 wrist_roll.pos=-0.87 gripper.pos=+0.97
DEBUG 2026-08-19 04:27:13 [action #27] t=1.67s step=26 queue=24 dmax=0.400 | shoulder_pan.pos=-5.38 shoulder_lift.pos=-101.55 elbow_flex.pos=+88.95 wrist_flex.pos=+75.44 wrist_roll.pos=-0.88 gripper.pos=+0.91
DEBUG 2026-08-19 04:27:13 [action #28] t=1.71s step=27 queue=23 dmax=0.158 | shoulder_pan.pos=-5.22 shoulder_lift.pos=-101.71 elbow_flex.pos=+88.80 wrist_flex.pos=+75.55 wrist_roll.pos=-0.91 gripper.pos=+0.88
DEBUG 2026-08-19 04:27:13 [action #29] t=1.74s step=28 queue=22 dmax=0.614 | shoulder_pan.pos=-5.39 shoulder_lift.pos=-101.58 elbow_flex.pos=+88.19 wrist_flex.pos=+75.30 wrist_roll.pos=-0.91 gripper.pos=+0.98
DEBUG 2026-08-19 04:27:13 [action #30] t=1.77s step=29 queue=21 dmax=0.633 | shoulder_pan.pos=-5.13 shoulder_lift.pos=-101.29 elbow_flex.pos=+88.82 wrist_flex.pos=+75.38 wrist_roll.pos=-0.92 gripper.pos=+1.04
DEBUG 2026-08-19 04:27:13 [action #31] t=1.81s step=30 queue=20 dmax=0.305 | shoulder_pan.pos=-5.43 shoulder_lift.pos=-101.48 elbow_flex.pos=+88.91 wrist_flex.pos=+75.44 wrist_roll.pos=-0.88 gripper.pos=+0.86
DEBUG 2026-08-19 04:27:13 [action #32] t=1.84s step=31 queue=19 dmax=0.262 | shoulder_pan.pos=-5.29 shoulder_lift.pos=-101.55 elbow_flex.pos=+88.64 wrist_flex.pos=+75.35 wrist_roll.pos=-0.93 gripper.pos=+1.01
DEBUG 2026-08-19 04:27:13 [action #33] t=1.87s step=32 queue=18 dmax=0.451 | shoulder_pan.pos=-5.21 shoulder_lift.pos=-102.00 elbow_flex.pos=+88.77 wrist_flex.pos=+75.32 wrist_roll.pos=-0.95 gripper.pos=+1.05
DEBUG 2026-08-19 04:27:13 [action #34] t=1.91s step=33 queue=17 dmax=0.625 | shoulder_pan.pos=-5.36 shoulder_lift.pos=-101.37 elbow_flex.pos=+89.03 wrist_flex.pos=+75.59 wrist_roll.pos=-0.86 gripper.pos=+0.84
DEBUG 2026-08-19 04:27:13 [action #35] t=1.94s step=34 queue=16 dmax=0.471 | shoulder_pan.pos=-5.37 shoulder_lift.pos=-101.84 elbow_flex.pos=+88.91 wrist_flex.pos=+75.29 wrist_roll.pos=-0.88 gripper.pos=+1.06
DEBUG 2026-08-19 04:27:14 [action #36] t=1.97s step=35 queue=15 dmax=0.194 | shoulder_pan.pos=-5.39 shoulder_lift.pos=-101.65 elbow_flex.pos=+88.73 wrist_flex.pos=+75.38 wrist_roll.pos=-0.93 gripper.pos=+0.99
DEBUG 2026-08-19 04:27:14 [action #37] t=2.01s step=36 queue=14 dmax=0.507 | shoulder_pan.pos=-5.36 shoulder_lift.pos=-101.14 elbow_flex.pos=+89.02 wrist_flex.pos=+75.49 wrist_roll.pos=-0.95 gripper.pos=+0.98
DEBUG 2026-08-19 04:27:14 [action #38] t=2.04s step=37 queue=13 dmax=0.558 | shoulder_pan.pos=-5.36 shoulder_lift.pos=-101.70 elbow_flex.pos=+89.16 wrist_flex.pos=+75.37 wrist_roll.pos=-0.97 gripper.pos=+1.07
DEBUG 2026-08-19 04:27:14 [action #39] t=2.07s step=38 queue=12 dmax=0.320 | shoulder_pan.pos=-5.61 shoulder_lift.pos=-101.38 elbow_flex.pos=+88.92 wrist_flex.pos=+75.63 wrist_roll.pos=-0.88 gripper.pos=+0.99
DEBUG 2026-08-19 04:27:14 [action #40] t=2.11s step=39 queue=11 dmax=0.264 | shoulder_pan.pos=-5.44 shoulder_lift.pos=-101.64 elbow_flex.pos=+88.67 wrist_flex.pos=+75.45 wrist_roll.pos=-0.92 gripper.pos=+1.04
DEBUG 2026-08-19 04:27:14 [action #41] t=2.14s step=40 queue=10 dmax=0.310 | shoulder_pan.pos=-5.59 shoulder_lift.pos=-101.95 elbow_flex.pos=+88.76 wrist_flex.pos=+75.34 wrist_roll.pos=-0.99 gripper.pos=+1.03
DEBUG 2026-08-19 04:27:14 [action #42] t=2.17s step=41 queue=9 dmax=0.361 | shoulder_pan.pos=-5.50 shoulder_lift.pos=-101.72 elbow_flex.pos=+88.40 wrist_flex.pos=+75.48 wrist_roll.pos=-0.90 gripper.pos=+1.04
DEBUG 2026-08-19 04:27:14 [action #43] t=2.21s step=42 queue=8 dmax=0.552 | shoulder_pan.pos=-5.70 shoulder_lift.pos=-101.16 elbow_flex.pos=+88.63 wrist_flex.pos=+75.36 wrist_roll.pos=-0.90 gripper.pos=+0.90
DEBUG 2026-08-19 04:27:14 [action #44] t=2.24s step=43 queue=7 dmax=0.453 | shoulder_pan.pos=-5.66 shoulder_lift.pos=-101.38 elbow_flex.pos=+89.08 wrist_flex.pos=+75.44 wrist_roll.pos=-1.01 gripper.pos=+0.95
DEBUG 2026-08-19 04:27:14 [action #45] t=2.27s step=44 queue=6 dmax=0.486 | shoulder_pan.pos=-5.80 shoulder_lift.pos=-101.85 elbow_flex.pos=+88.59 wrist_flex.pos=+75.53 wrist_roll.pos=-0.97 gripper.pos=+0.83
DEBUG 2026-08-19 04:27:14 [chunk] received 50 actions, timesteps 19..68 | first: shoulder_pan.pos=-5.53 shoulder_lift.pos=-101.71 elbow_flex.pos=+89.58 wrist_flex.pos=+75.96 wrist_roll.pos=-1.41 gripper.pos=+0.98 | last: shoulder_pan.pos=-6.45 shoulder_lift.pos=-101.38 elbow_flex.pos=+88.90 wrist_flex.pos=+75.36 wrist_roll.pos=-1.41 gripper.pos=+1.09
DEBUG 2026-08-19 04:27:14 [action #46] t=2.31s step=45 queue=24 dmax=0.576 | shoulder_pan.pos=-6.37 shoulder_lift.pos=-101.28 elbow_flex.pos=+88.82 wrist_flex.pos=+75.44 wrist_roll.pos=-1.29 gripper.pos=+1.03
DEBUG 2026-08-19 04:27:14 [action #47] t=2.34s step=46 queue=23 dmax=0.173 | shoulder_pan.pos=-6.20 shoulder_lift.pos=-101.38 elbow_flex.pos=+88.92 wrist_flex.pos=+75.49 wrist_roll.pos=-1.30 gripper.pos=+1.00
DEBUG 2026-08-19 04:27:14 [action #48] t=2.37s step=47 queue=22 dmax=0.262 | shoulder_pan.pos=-6.31 shoulder_lift.pos=-101.21 elbow_flex.pos=+88.66 wrist_flex.pos=+75.49 wrist_roll.pos=-1.27 gripper.pos=+0.99
DEBUG 2026-08-19 04:27:14 [action #49] t=2.41s step=48 queue=21 dmax=0.541 | shoulder_pan.pos=-6.41 shoulder_lift.pos=-101.75 elbow_flex.pos=+88.71 wrist_flex.pos=+75.43 wrist_roll.pos=-1.30 gripper.pos=+0.97
DEBUG 2026-08-19 04:27:14 [action #50] t=2.44s step=49 queue=20 dmax=0.503 | shoulder_pan.pos=-6.25 shoulder_lift.pos=-101.70 elbow_flex.pos=+89.21 wrist_flex.pos=+75.35 wrist_roll.pos=-1.23 gripper.pos=+1.12
DEBUG 2026-08-19 04:27:14 [action #51] t=2.48s step=50 queue=19 dmax=0.262 | shoulder_pan.pos=-6.51 shoulder_lift.pos=-101.51 elbow_flex.pos=+89.08 wrist_flex.pos=+75.31 wrist_roll.pos=-1.42 gripper.pos=+1.15
DEBUG 2026-08-19 04:27:14 [action #52] t=2.51s step=51 queue=18 dmax=0.462 | shoulder_pan.pos=-6.54 shoulder_lift.pos=-101.20 elbow_flex.pos=+88.62 wrist_flex.pos=+75.33 wrist_roll.pos=-1.39 gripper.pos=+1.10
DEBUG 2026-08-19 04:27:14 [action #53] t=2.54s step=52 queue=17 dmax=0.214 | shoulder_pan.pos=-6.42 shoulder_lift.pos=-100.99 elbow_flex.pos=+88.52 wrist_flex.pos=+75.37 wrist_roll.pos=-1.40 gripper.pos=+1.09
DEBUG 2026-08-19 04:27:14 [action #54] t=2.58s step=53 queue=16 dmax=0.591 | shoulder_pan.pos=-6.46 shoulder_lift.pos=-101.17 elbow_flex.pos=+89.11 wrist_flex.pos=+75.33 wrist_roll.pos=-1.39 gripper.pos=+1.17
DEBUG 2026-08-19 04:27:14 [action #55] t=2.61s step=54 queue=15 dmax=0.286 | shoulder_pan.pos=-6.59 shoulder_lift.pos=-101.44 elbow_flex.pos=+88.83 wrist_flex.pos=+75.35 wrist_roll.pos=-1.47 gripper.pos=+1.05
DEBUG 2026-08-19 04:27:14 [action #56] t=2.64s step=55 queue=14 dmax=0.210 | shoulder_pan.pos=-6.38 shoulder_lift.pos=-101.28 elbow_flex.pos=+88.85 wrist_flex.pos=+75.35 wrist_roll.pos=-1.40 gripper.pos=+1.08
DEBUG 2026-08-19 04:27:14 [action #57] t=2.68s step=56 queue=13 dmax=0.412 | shoulder_pan.pos=-6.49 shoulder_lift.pos=-101.21 elbow_flex.pos=+89.26 wrist_flex.pos=+75.32 wrist_roll.pos=-1.38 gripper.pos=+1.02
DEBUG 2026-08-19 04:27:14 [action #58] t=2.71s step=57 queue=12 dmax=0.594 | shoulder_pan.pos=-6.34 shoulder_lift.pos=-101.16 elbow_flex.pos=+88.67 wrist_flex.pos=+75.31 wrist_roll.pos=-1.40 gripper.pos=+1.20
DEBUG 2026-08-19 04:27:14 [action #59] t=2.74s step=58 queue=11 dmax=0.429 | shoulder_pan.pos=-6.70 shoulder_lift.pos=-101.24 elbow_flex.pos=+89.10 wrist_flex.pos=+75.29 wrist_roll.pos=-1.45 gripper.pos=+1.12
DEBUG 2026-08-19 04:27:14 [action #60] t=2.78s step=59 queue=10 dmax=0.303 | shoulder_pan.pos=-6.40 shoulder_lift.pos=-101.22 elbow_flex.pos=+89.04 wrist_flex.pos=+75.19 wrist_roll.pos=-1.41 gripper.pos=+1.09
DEBUG 2026-08-19 04:27:14 [action #61] t=2.81s step=60 queue=9 dmax=0.324 | shoulder_pan.pos=-6.47 shoulder_lift.pos=-101.14 elbow_flex.pos=+88.71 wrist_flex.pos=+75.30 wrist_roll.pos=-1.48 gripper.pos=+1.04
DEBUG 2026-08-19 04:27:14 [action #62] t=2.84s step=61 queue=8 dmax=0.149 | shoulder_pan.pos=-6.62 shoulder_lift.pos=-101.22 elbow_flex.pos=+88.78 wrist_flex.pos=+75.25 wrist_roll.pos=-1.38 gripper.pos=+1.09
DEBUG 2026-08-19 04:27:14 [action #63] t=2.88s step=62 queue=7 dmax=0.153 | shoulder_pan.pos=-6.60 shoulder_lift.pos=-101.38 elbow_flex.pos=+88.66 wrist_flex.pos=+75.30 wrist_roll.pos=-1.44 gripper.pos=+1.08
DEBUG 2026-08-19 04:27:14 [action #64] t=2.91s step=63 queue=6 dmax=0.186 | shoulder_pan.pos=-6.51 shoulder_lift.pos=-101.56 elbow_flex.pos=+88.71 wrist_flex.pos=+75.45 wrist_roll.pos=-1.38 gripper.pos=+1.15
DEBUG 2026-08-19 04:27:14 [action #65] t=2.94s step=64 queue=5 dmax=0.510 | shoulder_pan.pos=-6.72 shoulder_lift.pos=-101.05 elbow_flex.pos=+88.62 wrist_flex.pos=+75.30 wrist_roll.pos=-1.48 gripper.pos=+1.02
DEBUG 2026-08-19 04:27:15 [action #66] t=2.98s step=65 queue=4 dmax=0.459 | shoulder_pan.pos=-6.65 shoulder_lift.pos=-101.21 elbow_flex.pos=+89.08 wrist_flex.pos=+75.44 wrist_roll.pos=-1.40 gripper.pos=+1.13
DEBUG 2026-08-19 04:27:15 [action #67] t=3.01s step=66 queue=3 dmax=0.512 | shoulder_pan.pos=-6.58 shoulder_lift.pos=-100.92 elbow_flex.pos=+88.56 wrist_flex.pos=+75.39 wrist_roll.pos=-1.47 gripper.pos=+1.16
DEBUG 2026-08-19 04:27:15 [action #68] t=3.04s step=67 queue=2 dmax=0.316 | shoulder_pan.pos=-6.54 shoulder_lift.pos=-101.23 elbow_flex.pos=+88.34 wrist_flex.pos=+75.36 wrist_roll.pos=-1.46 gripper.pos=+1.03
DEBUG 2026-08-19 04:27:15 [action #69] t=3.08s step=68 queue=1 dmax=0.562 | shoulder_pan.pos=-6.45 shoulder_lift.pos=-101.38 elbow_flex.pos=+88.90 wrist_flex.pos=+75.36 wrist_roll.pos=-1.41 gripper.pos=+1.09
DEBUG 2026-08-19 04:27:15 [chunk] received 50 actions, timesteps 50..99 | first: shoulder_pan.pos=-6.30 shoulder_lift.pos=-102.35 elbow_flex.pos=+89.19 wrist_flex.pos=+75.82 wrist_roll.pos=-1.24 gripper.pos=+0.95 | last: shoulder_pan.pos=-7.04 shoulder_lift.pos=-99.05 elbow_flex.pos=+85.63 wrist_flex.pos=+70.10 wrist_roll.pos=-2.47 gripper.pos=+1.21
DEBUG 2026-08-19 04:27:15 [action #70] t=3.38s step=69 queue=31 dmax=0.490 | shoulder_pan.pos=-6.62 shoulder_lift.pos=-101.87 elbow_flex.pos=+89.00 wrist_flex.pos=+75.56 wrist_roll.pos=-1.30 gripper.pos=+1.03
DEBUG 2026-08-19 04:27:15 [action #71] t=3.41s step=70 queue=30 dmax=0.271 | shoulder_pan.pos=-6.78 shoulder_lift.pos=-102.08 elbow_flex.pos=+89.27 wrist_flex.pos=+75.53 wrist_roll.pos=-1.33 gripper.pos=+0.96
DEBUG 2026-08-19 04:27:15 [action #72] t=3.44s step=71 queue=29 dmax=0.351 | shoulder_pan.pos=-6.64 shoulder_lift.pos=-102.10 elbow_flex.pos=+88.92 wrist_flex.pos=+75.67 wrist_roll.pos=-1.33 gripper.pos=+1.02
DEBUG 2026-08-19 04:27:15 [action #73] t=3.48s step=72 queue=28 dmax=0.272 | shoulder_pan.pos=-6.63 shoulder_lift.pos=-102.38 elbow_flex.pos=+89.12 wrist_flex.pos=+75.75 wrist_roll.pos=-1.36 gripper.pos=+0.83
DEBUG 2026-08-19 04:27:15 [action #74] t=3.51s step=73 queue=27 dmax=0.568 | shoulder_pan.pos=-6.60 shoulder_lift.pos=-101.81 elbow_flex.pos=+88.71 wrist_flex.pos=+75.60 wrist_roll.pos=-1.35 gripper.pos=+1.00
DEBUG 2026-08-19 04:27:15 [action #75] t=3.55s step=74 queue=26 dmax=0.181 | shoulder_pan.pos=-6.68 shoulder_lift.pos=-101.99 elbow_flex.pos=+88.65 wrist_flex.pos=+75.54 wrist_roll.pos=-1.32 gripper.pos=+1.03
DEBUG 2026-08-19 04:27:15 [action #76] t=3.58s step=75 queue=25 dmax=0.664 | shoulder_pan.pos=-6.72 shoulder_lift.pos=-102.07 elbow_flex.pos=+89.31 wrist_flex.pos=+75.67 wrist_roll.pos=-1.32 gripper.pos=+1.06
DEBUG 2026-08-19 04:27:15 [action #77] t=3.61s step=76 queue=24 dmax=0.696 | shoulder_pan.pos=-6.84 shoulder_lift.pos=-101.46 elbow_flex.pos=+88.62 wrist_flex.pos=+75.59 wrist_roll.pos=-1.37 gripper.pos=+1.02
DEBUG 2026-08-19 04:27:15 [action #78] t=3.65s step=77 queue=23 dmax=0.698 | shoulder_pan.pos=-6.77 shoulder_lift.pos=-102.00 elbow_flex.pos=+89.32 wrist_flex.pos=+75.63 wrist_roll.pos=-1.35 gripper.pos=+0.97
DEBUG 2026-08-19 04:27:15 [action #79] t=3.68s step=78 queue=22 dmax=0.671 | shoulder_pan.pos=-6.59 shoulder_lift.pos=-101.90 elbow_flex.pos=+88.64 wrist_flex.pos=+75.52 wrist_roll.pos=-1.34 gripper.pos=+1.16
DEBUG 2026-08-19 04:27:15 [action #80] t=3.71s step=79 queue=21 dmax=0.247 | shoulder_pan.pos=-6.69 shoulder_lift.pos=-102.10 elbow_flex.pos=+88.53 wrist_flex.pos=+75.75 wrist_roll.pos=-1.47 gripper.pos=+0.91
DEBUG 2026-08-19 04:27:15 [action #81] t=3.75s step=80 queue=20 dmax=0.501 | shoulder_pan.pos=-6.80 shoulder_lift.pos=-102.11 elbow_flex.pos=+88.33 wrist_flex.pos=+75.25 wrist_roll.pos=-1.36 gripper.pos=+1.06
DEBUG 2026-08-19 04:27:15 [action #82] t=3.78s step=81 queue=19 dmax=0.460 | shoulder_pan.pos=-6.53 shoulder_lift.pos=-101.65 elbow_flex.pos=+88.47 wrist_flex.pos=+75.41 wrist_roll.pos=-1.32 gripper.pos=+1.05
DEBUG 2026-08-19 04:27:15 [action #83] t=3.81s step=82 queue=18 dmax=0.359 | shoulder_pan.pos=-6.54 shoulder_lift.pos=-101.29 elbow_flex.pos=+88.34 wrist_flex.pos=+75.31 wrist_roll.pos=-1.29 gripper.pos=+1.28
DEBUG 2026-08-19 04:27:15 [action #84] t=3.85s step=83 queue=17 dmax=0.637 | shoulder_pan.pos=-6.75 shoulder_lift.pos=-101.93 elbow_flex.pos=+88.74 wrist_flex.pos=+75.38 wrist_roll.pos=-1.48 gripper.pos=+1.15
DEBUG 2026-08-19 04:27:15 [action #85] t=3.88s step=84 queue=16 dmax=0.229 | shoulder_pan.pos=-6.52 shoulder_lift.pos=-101.93 elbow_flex.pos=+88.67 wrist_flex.pos=+75.22 wrist_roll.pos=-1.33 gripper.pos=+0.93
DEBUG 2026-08-19 04:27:15 [action #86] t=3.91s step=85 queue=15 dmax=0.258 | shoulder_pan.pos=-6.76 shoulder_lift.pos=-101.67 elbow_flex.pos=+88.57 wrist_flex.pos=+75.25 wrist_roll.pos=-1.37 gripper.pos=+1.01
DEBUG 2026-08-19 04:27:15 [action #87] t=3.95s step=86 queue=14 dmax=0.255 | shoulder_pan.pos=-6.56 shoulder_lift.pos=-101.69 elbow_flex.pos=+88.31 wrist_flex.pos=+75.16 wrist_roll.pos=-1.30 gripper.pos=+0.99
DEBUG 2026-08-19 04:27:16 [action #88] t=3.98s step=87 queue=13 dmax=0.138 | shoulder_pan.pos=-6.69 shoulder_lift.pos=-101.62 elbow_flex.pos=+88.24 wrist_flex.pos=+75.05 wrist_roll.pos=-1.28 gripper.pos=+1.02
DEBUG 2026-08-19 04:27:16 [action #89] t=4.01s step=88 queue=12 dmax=0.537 | shoulder_pan.pos=-6.84 shoulder_lift.pos=-101.98 elbow_flex.pos=+88.78 wrist_flex.pos=+74.92 wrist_roll.pos=-1.38 gripper.pos=+0.92
DEBUG 2026-08-19 04:27:16 [action #90] t=4.05s step=89 queue=11 dmax=0.638 | shoulder_pan.pos=-6.78 shoulder_lift.pos=-101.83 elbow_flex.pos=+88.14 wrist_flex.pos=+74.81 wrist_roll.pos=-1.30 gripper.pos=+1.00
DEBUG 2026-08-19 04:27:16 [action #91] t=4.08s step=90 queue=10 dmax=0.587 | shoulder_pan.pos=-6.74 shoulder_lift.pos=-101.24 elbow_flex.pos=+88.48 wrist_flex.pos=+74.58 wrist_roll.pos=-1.32 gripper.pos=+1.03
DEBUG 2026-08-19 04:27:16 [action #92] t=4.11s step=91 queue=9 dmax=1.274 | shoulder_pan.pos=-6.66 shoulder_lift.pos=-101.30 elbow_flex.pos=+87.21 wrist_flex.pos=+74.22 wrist_roll.pos=-1.43 gripper.pos=+1.09
DEBUG 2026-08-19 04:27:16 [chunk] received 50 actions, timesteps 68..117 | first: shoulder_pan.pos=-7.14 shoulder_lift.pos=-102.68 elbow_flex.pos=+89.47 wrist_flex.pos=+75.58 wrist_roll.pos=-1.55 gripper.pos=+0.96 | last: shoulder_pan.pos=-8.43 shoulder_lift.pos=-101.25 elbow_flex.pos=+87.78 wrist_flex.pos=+74.80 wrist_roll.pos=-1.59 gripper.pos=+1.00
DEBUG 2026-08-19 04:27:16 [action #93] t=4.15s step=92 queue=26 dmax=1.373 | shoulder_pan.pos=-7.37 shoulder_lift.pos=-101.47 elbow_flex.pos=+88.58 wrist_flex.pos=+74.55 wrist_roll.pos=-1.53 gripper.pos=+0.99
DEBUG 2026-08-19 04:27:16 [action #94] t=4.18s step=93 queue=25 dmax=0.384 | shoulder_pan.pos=-7.44 shoulder_lift.pos=-101.85 elbow_flex.pos=+88.51 wrist_flex.pos=+74.48 wrist_roll.pos=-1.51 gripper.pos=+0.94
DEBUG 2026-08-19 04:27:16 [action #95] t=4.21s step=94 queue=24 dmax=0.625 | shoulder_pan.pos=-7.36 shoulder_lift.pos=-101.23 elbow_flex.pos=+88.11 wrist_flex.pos=+74.38 wrist_roll.pos=-1.55 gripper.pos=+1.00
DEBUG 2026-08-19 04:27:16 [action #96] t=4.25s step=95 queue=23 dmax=0.217 | shoulder_pan.pos=-7.47 shoulder_lift.pos=-101.38 elbow_flex.pos=+88.07 wrist_flex.pos=+74.16 wrist_roll.pos=-1.56 gripper.pos=+1.03
DEBUG 2026-08-19 04:27:16 [action #97] t=4.28s step=96 queue=22 dmax=0.333 | shoulder_pan.pos=-7.59 shoulder_lift.pos=-101.22 elbow_flex.pos=+87.73 wrist_flex.pos=+73.87 wrist_roll.pos=-1.64 gripper.pos=+0.96
DEBUG 2026-08-19 04:27:16 [action #98] t=4.31s step=97 queue=21 dmax=0.189 | shoulder_pan.pos=-7.51 shoulder_lift.pos=-101.34 elbow_flex.pos=+87.59 wrist_flex.pos=+73.68 wrist_roll.pos=-1.66 gripper.pos=+1.15
DEBUG 2026-08-19 04:27:16 [action #99] t=4.35s step=98 queue=20 dmax=0.404 | shoulder_pan.pos=-7.64 shoulder_lift.pos=-100.94 elbow_flex.pos=+87.44 wrist_flex.pos=+73.38 wrist_roll.pos=-1.76 gripper.pos=+1.11
DEBUG 2026-08-19 04:27:16 [action #100] t=4.38s step=99 queue=19 dmax=0.250 | shoulder_pan.pos=-7.63 shoulder_lift.pos=-100.95 elbow_flex.pos=+87.69 wrist_flex.pos=+73.46 wrist_roll.pos=-1.82 gripper.pos=+1.14
DEBUG 2026-08-19 04:27:16 [action #101] t=4.41s step=100 queue=18 dmax=1.090 | shoulder_pan.pos=-8.15 shoulder_lift.pos=-101.29 elbow_flex.pos=+88.16 wrist_flex.pos=+74.55 wrist_roll.pos=-1.54 gripper.pos=+0.92
DEBUG 2026-08-19 04:27:16 [action #102] t=4.45s step=101 queue=17 dmax=0.244 | shoulder_pan.pos=-8.06 shoulder_lift.pos=-101.44 elbow_flex.pos=+88.02 wrist_flex.pos=+74.79 wrist_roll.pos=-1.54 gripper.pos=+0.97
DEBUG 2026-08-19 04:27:16 [action #103] t=4.48s step=102 queue=16 dmax=0.268 | shoulder_pan.pos=-8.03 shoulder_lift.pos=-101.18 elbow_flex.pos=+87.85 wrist_flex.pos=+74.60 wrist_roll.pos=-1.54 gripper.pos=+1.02
DEBUG 2026-08-19 04:27:16 [action #104] t=4.52s step=103 queue=15 dmax=0.444 | shoulder_pan.pos=-8.05 shoulder_lift.pos=-101.39 elbow_flex.pos=+88.29 wrist_flex.pos=+74.62 wrist_roll.pos=-1.53 gripper.pos=+0.96
DEBUG 2026-08-19 04:27:16 [action #105] t=4.55s step=104 queue=14 dmax=0.245 | shoulder_pan.pos=-7.85 shoulder_lift.pos=-101.44 elbow_flex.pos=+88.54 wrist_flex.pos=+74.56 wrist_roll.pos=-1.52 gripper.pos=+0.93
DEBUG 2026-08-19 04:27:16 [action #106] t=4.58s step=105 queue=13 dmax=0.165 | shoulder_pan.pos=-8.00 shoulder_lift.pos=-101.57 elbow_flex.pos=+88.45 wrist_flex.pos=+74.60 wrist_roll.pos=-1.50 gripper.pos=+1.09
DEBUG 2026-08-19 04:27:16 [action #107] t=4.62s step=106 queue=12 dmax=0.436 | shoulder_pan.pos=-7.94 shoulder_lift.pos=-101.13 elbow_flex.pos=+88.06 wrist_flex.pos=+74.64 wrist_roll.pos=-1.58 gripper.pos=+1.10
DEBUG 2026-08-19 04:27:16 [action #108] t=4.65s step=107 queue=11 dmax=0.330 | shoulder_pan.pos=-8.00 shoulder_lift.pos=-100.80 elbow_flex.pos=+88.36 wrist_flex.pos=+74.76 wrist_roll.pos=-1.57 gripper.pos=+1.09
DEBUG 2026-08-19 04:27:16 [action #109] t=4.68s step=108 queue=10 dmax=0.455 | shoulder_pan.pos=-8.10 shoulder_lift.pos=-101.26 elbow_flex.pos=+88.32 wrist_flex.pos=+74.71 wrist_roll.pos=-1.51 gripper.pos=+1.09
DEBUG 2026-08-19 04:27:16 [action #110] t=4.72s step=109 queue=9 dmax=0.444 | shoulder_pan.pos=-8.11 shoulder_lift.pos=-100.81 elbow_flex.pos=+88.04 wrist_flex.pos=+74.72 wrist_roll.pos=-1.57 gripper.pos=+1.01
DEBUG 2026-08-19 04:27:16 [action #111] t=4.75s step=110 queue=8 dmax=0.258 | shoulder_pan.pos=-7.85 shoulder_lift.pos=-100.94 elbow_flex.pos=+88.01 wrist_flex.pos=+74.59 wrist_roll.pos=-1.57 gripper.pos=+0.91
DEBUG 2026-08-19 04:27:16 [action #112] t=4.78s step=111 queue=7 dmax=0.296 | shoulder_pan.pos=-8.00 shoulder_lift.pos=-101.24 elbow_flex.pos=+88.28 wrist_flex.pos=+74.63 wrist_roll.pos=-1.55 gripper.pos=+0.93
DEBUG 2026-08-19 04:27:16 [action #113] t=4.82s step=112 queue=6 dmax=0.207 | shoulder_pan.pos=-8.03 shoulder_lift.pos=-101.08 elbow_flex.pos=+88.07 wrist_flex.pos=+74.80 wrist_roll.pos=-1.62 gripper.pos=+1.11
DEBUG 2026-08-19 04:27:16 [action #114] t=4.85s step=113 queue=5 dmax=0.490 | shoulder_pan.pos=-8.07 shoulder_lift.pos=-101.57 elbow_flex.pos=+88.13 wrist_flex.pos=+74.77 wrist_roll.pos=-1.54 gripper.pos=+1.24
DEBUG 2026-08-19 04:27:16 [action #115] t=4.88s step=114 queue=4 dmax=0.486 | shoulder_pan.pos=-8.38 shoulder_lift.pos=-101.41 elbow_flex.pos=+87.64 wrist_flex.pos=+74.81 wrist_roll.pos=-1.59 gripper.pos=+1.07
DEBUG 2026-08-19 04:27:16 [action #116] t=4.92s step=115 queue=3 dmax=0.613 | shoulder_pan.pos=-8.08 shoulder_lift.pos=-101.79 elbow_flex.pos=+88.25 wrist_flex.pos=+74.85 wrist_roll.pos=-1.60 gripper.pos=+1.08
DEBUG 2026-08-19 04:27:16 [action #117] t=4.95s step=116 queue=2 dmax=0.163 | shoulder_pan.pos=-8.18 shoulder_lift.pos=-101.63 elbow_flex.pos=+88.20 wrist_flex.pos=+74.80 wrist_roll.pos=-1.62 gripper.pos=+1.03
DEBUG 2026-08-19 04:27:17 [action #118] t=4.98s step=117 queue=1 dmax=0.421 | shoulder_pan.pos=-8.43 shoulder_lift.pos=-101.25 elbow_flex.pos=+87.78 wrist_flex.pos=+74.80 wrist_roll.pos=-1.59 gripper.pos=+1.00
DEBUG 2026-08-19 04:27:17 [chunk] received 50 actions, timesteps 96..145 | first: shoulder_pan.pos=-7.84 shoulder_lift.pos=-101.45 elbow_flex.pos=+88.91 wrist_flex.pos=+74.62 wrist_roll.pos=-1.35 gripper.pos=+1.02 | last: shoulder_pan.pos=-9.00 shoulder_lift.pos=-101.73 elbow_flex.pos=+87.18 wrist_flex.pos=+72.70 wrist_roll.pos=-1.33 gripper.pos=+1.02
DEBUG 2026-08-19 04:27:17 [action #119] t=5.05s step=118 queue=28 dmax=2.468 | shoulder_pan.pos=-8.20 shoulder_lift.pos=-101.82 elbow_flex.pos=+88.39 wrist_flex.pos=+72.33 wrist_roll.pos=-1.33 gripper.pos=+1.09
DEBUG 2026-08-19 04:27:17 [action #120] t=5.08s step=119 queue=27 dmax=0.375 | shoulder_pan.pos=-8.58 shoulder_lift.pos=-101.80 elbow_flex.pos=+88.45 wrist_flex.pos=+72.53 wrist_roll.pos=-1.33 gripper.pos=+1.11
DEBUG 2026-08-19 04:27:17 [action #121] t=5.12s step=120 queue=26 dmax=0.655 | shoulder_pan.pos=-8.75 shoulder_lift.pos=-101.14 elbow_flex.pos=+87.87 wrist_flex.pos=+72.32 wrist_roll.pos=-1.27 gripper.pos=+1.05
DEBUG 2026-08-19 04:27:17 [action #122] t=5.15s step=121 queue=25 dmax=0.382 | shoulder_pan.pos=-8.70 shoulder_lift.pos=-101.52 elbow_flex.pos=+87.99 wrist_flex.pos=+72.54 wrist_roll.pos=-1.31 gripper.pos=+1.06
DEBUG 2026-08-19 04:27:17 [action #123] t=5.18s step=122 queue=24 dmax=0.175 | shoulder_pan.pos=-8.57 shoulder_lift.pos=-101.35 elbow_flex.pos=+87.84 wrist_flex.pos=+72.40 wrist_roll.pos=-1.27 gripper.pos=+1.14
DEBUG 2026-08-19 04:27:17 [action #124] t=5.22s step=123 queue=23 dmax=0.652 | shoulder_pan.pos=-8.75 shoulder_lift.pos=-102.00 elbow_flex.pos=+87.79 wrist_flex.pos=+72.45 wrist_roll.pos=-1.26 gripper.pos=+1.11
DEBUG 2026-08-19 04:27:17 [action #125] t=5.25s step=124 queue=22 dmax=0.046 | shoulder_pan.pos=-8.75 shoulder_lift.pos=-102.05 elbow_flex.pos=+87.84 wrist_flex.pos=+72.44 wrist_roll.pos=-1.29 gripper.pos=+1.14
DEBUG 2026-08-19 04:27:17 [action #126] t=5.28s step=125 queue=21 dmax=0.474 | shoulder_pan.pos=-8.96 shoulder_lift.pos=-101.57 elbow_flex.pos=+88.24 wrist_flex.pos=+72.64 wrist_roll.pos=-1.30 gripper.pos=+1.04
DEBUG 2026-08-19 04:27:17 [action #127] t=5.32s step=126 queue=20 dmax=0.138 | shoulder_pan.pos=-8.93 shoulder_lift.pos=-101.71 elbow_flex.pos=+88.13 wrist_flex.pos=+72.60 wrist_roll.pos=-1.22 gripper.pos=+1.15
DEBUG 2026-08-19 04:27:17 [action #128] t=5.35s step=127 queue=19 dmax=0.549 | shoulder_pan.pos=-8.79 shoulder_lift.pos=-101.34 elbow_flex.pos=+87.58 wrist_flex.pos=+72.68 wrist_roll.pos=-1.23 gripper.pos=+1.05
DEBUG 2026-08-19 04:27:17 [action #129] t=5.39s step=128 queue=18 dmax=0.518 | shoulder_pan.pos=-8.85 shoulder_lift.pos=-101.86 elbow_flex.pos=+87.62 wrist_flex.pos=+72.61 wrist_roll.pos=-1.25 gripper.pos=+0.98
DEBUG 2026-08-19 04:27:17 [action #130] t=5.42s step=129 queue=17 dmax=0.138 | shoulder_pan.pos=-8.99 shoulder_lift.pos=-101.75 elbow_flex.pos=+87.59 wrist_flex.pos=+72.72 wrist_roll.pos=-1.30 gripper.pos=+1.05
DEBUG 2026-08-19 04:27:17 [action #131] t=5.45s step=130 queue=16 dmax=0.220 | shoulder_pan.pos=-9.14 shoulder_lift.pos=-101.70 elbow_flex.pos=+87.81 wrist_flex.pos=+72.69 wrist_roll.pos=-1.14 gripper.pos=+1.05
DEBUG 2026-08-19 04:27:17 [action #132] t=5.49s step=131 queue=15 dmax=0.414 | shoulder_pan.pos=-8.84 shoulder_lift.pos=-101.29 elbow_flex.pos=+87.64 wrist_flex.pos=+72.82 wrist_roll.pos=-1.32 gripper.pos=+0.99
DEBUG 2026-08-19 04:27:17 [action #133] t=5.52s step=132 queue=14 dmax=0.279 | shoulder_pan.pos=-9.12 shoulder_lift.pos=-101.45 elbow_flex.pos=+87.62 wrist_flex.pos=+72.84 wrist_roll.pos=-1.27 gripper.pos=+0.99
DEBUG 2026-08-19 04:27:17 [action #134] t=5.55s step=133 queue=13 dmax=0.193 | shoulder_pan.pos=-8.93 shoulder_lift.pos=-101.61 elbow_flex.pos=+87.56 wrist_flex.pos=+72.70 wrist_roll.pos=-1.25 gripper.pos=+1.08
DEBUG 2026-08-19 04:27:17 [action #135] t=5.59s step=134 queue=12 dmax=0.229 | shoulder_pan.pos=-8.92 shoulder_lift.pos=-101.84 elbow_flex.pos=+87.65 wrist_flex.pos=+72.89 wrist_roll.pos=-1.23 gripper.pos=+1.00
DEBUG 2026-08-19 04:27:17 [action #136] t=5.62s step=135 queue=11 dmax=0.209 | shoulder_pan.pos=-9.07 shoulder_lift.pos=-102.05 elbow_flex.pos=+87.48 wrist_flex.pos=+72.80 wrist_roll.pos=-1.22 gripper.pos=+1.04
DEBUG 2026-08-19 04:27:17 [action #137] t=5.65s step=136 queue=10 dmax=0.360 | shoulder_pan.pos=-9.20 shoulder_lift.pos=-101.69 elbow_flex.pos=+87.56 wrist_flex.pos=+72.89 wrist_roll.pos=-1.27 gripper.pos=+1.06
DEBUG 2026-08-19 04:27:17 [action #138] t=5.69s step=137 queue=9 dmax=0.325 | shoulder_pan.pos=-8.88 shoulder_lift.pos=-101.38 elbow_flex.pos=+87.61 wrist_flex.pos=+72.88 wrist_roll.pos=-1.23 gripper.pos=+1.22
DEBUG 2026-08-19 04:27:17 [chunk] received 50 actions, timesteps 117..166 | first: shoulder_pan.pos=-8.63 shoulder_lift.pos=-101.54 elbow_flex.pos=+88.97 wrist_flex.pos=+74.86 wrist_roll.pos=-1.67 gripper.pos=+1.15 | last: shoulder_pan.pos=-9.28 shoulder_lift.pos=-101.15 elbow_flex.pos=+87.08 wrist_flex.pos=+74.37 wrist_roll.pos=-1.87 gripper.pos=+1.11
DEBUG 2026-08-19 04:27:17 [action #139] t=5.72s step=138 queue=29 dmax=1.588 | shoulder_pan.pos=-8.98 shoulder_lift.pos=-101.70 elbow_flex.pos=+87.98 wrist_flex.pos=+74.47 wrist_roll.pos=-1.53 gripper.pos=+1.03
DEBUG 2026-08-19 04:27:17 [action #140] t=5.75s step=139 queue=28 dmax=0.372 | shoulder_pan.pos=-8.88 shoulder_lift.pos=-101.32 elbow_flex.pos=+88.17 wrist_flex.pos=+74.35 wrist_roll.pos=-1.46 gripper.pos=+1.12
DEBUG 2026-08-19 04:27:17 [action #141] t=5.79s step=140 queue=27 dmax=0.276 | shoulder_pan.pos=-8.96 shoulder_lift.pos=-101.05 elbow_flex.pos=+88.00 wrist_flex.pos=+74.45 wrist_roll.pos=-1.52 gripper.pos=+1.02
DEBUG 2026-08-19 04:27:17 [action #142] t=5.82s step=141 queue=26 dmax=0.561 | shoulder_pan.pos=-8.96 shoulder_lift.pos=-101.61 elbow_flex.pos=+88.41 wrist_flex.pos=+74.28 wrist_roll.pos=-1.58 gripper.pos=+1.12
DEBUG 2026-08-19 04:27:17 [action #143] t=5.85s step=142 queue=25 dmax=0.560 | shoulder_pan.pos=-9.13 shoulder_lift.pos=-101.58 elbow_flex.pos=+87.85 wrist_flex.pos=+74.33 wrist_roll.pos=-1.58 gripper.pos=+1.01
DEBUG 2026-08-19 04:27:17 [action #144] t=5.89s step=143 queue=24 dmax=0.326 | shoulder_pan.pos=-9.13 shoulder_lift.pos=-101.25 elbow_flex.pos=+88.03 wrist_flex.pos=+74.24 wrist_roll.pos=-1.58 gripper.pos=+1.04
DEBUG 2026-08-19 04:27:17 [action #145] t=5.92s step=144 queue=23 dmax=0.309 | shoulder_pan.pos=-9.19 shoulder_lift.pos=-101.37 elbow_flex.pos=+87.72 wrist_flex.pos=+74.18 wrist_roll.pos=-1.53 gripper.pos=+1.03
DEBUG 2026-08-19 04:27:17 [action #146] t=5.95s step=145 queue=22 dmax=0.082 | shoulder_pan.pos=-9.11 shoulder_lift.pos=-101.45 elbow_flex.pos=+87.79 wrist_flex.pos=+74.19 wrist_roll.pos=-1.58 gripper.pos=+1.03
DEBUG 2026-08-19 04:27:18 [action #147] t=5.99s step=146 queue=21 dmax=0.546 | shoulder_pan.pos=-9.24 shoulder_lift.pos=-101.30 elbow_flex.pos=+88.04 wrist_flex.pos=+74.74 wrist_roll.pos=-1.67 gripper.pos=+1.03
DEBUG 2026-08-19 04:27:18 [action #148] t=6.02s step=147 queue=20 dmax=0.242 | shoulder_pan.pos=-9.28 shoulder_lift.pos=-101.11 elbow_flex.pos=+88.28 wrist_flex.pos=+74.86 wrist_roll.pos=-1.75 gripper.pos=+1.06
DEBUG 2026-08-19 04:27:18 [action #149] t=6.05s step=148 queue=19 dmax=0.232 | shoulder_pan.pos=-9.11 shoulder_lift.pos=-101.28 elbow_flex.pos=+88.51 wrist_flex.pos=+74.77 wrist_roll.pos=-1.81 gripper.pos=+1.15
DEBUG 2026-08-19 04:27:18 [action #150] t=6.09s step=149 queue=18 dmax=0.353 | shoulder_pan.pos=-9.27 shoulder_lift.pos=-101.23 elbow_flex.pos=+88.16 wrist_flex.pos=+74.72 wrist_roll.pos=-1.68 gripper.pos=+1.21
DEBUG 2026-08-19 04:27:18 [action #151] t=6.12s step=150 queue=17 dmax=0.493 | shoulder_pan.pos=-9.25 shoulder_lift.pos=-101.03 elbow_flex.pos=+88.65 wrist_flex.pos=+74.79 wrist_roll.pos=-1.58 gripper.pos=+0.98
DEBUG 2026-08-19 04:27:18 [action #152] t=6.15s step=151 queue=16 dmax=0.664 | shoulder_pan.pos=-9.22 shoulder_lift.pos=-101.20 elbow_flex.pos=+87.99 wrist_flex.pos=+74.66 wrist_roll.pos=-1.65 gripper.pos=+1.13
DEBUG 2026-08-19 04:27:18 [action #153] t=6.19s step=152 queue=15 dmax=0.269 | shoulder_pan.pos=-9.49 shoulder_lift.pos=-101.29 elbow_flex.pos=+88.12 wrist_flex.pos=+74.83 wrist_roll.pos=-1.71 gripper.pos=+1.17
DEBUG 2026-08-19 04:27:18 [action #154] t=6.22s step=153 queue=14 dmax=0.511 | shoulder_pan.pos=-9.16 shoulder_lift.pos=-100.78 elbow_flex.pos=+87.62 wrist_flex.pos=+74.63 wrist_roll.pos=-1.66 gripper.pos=+0.99
DEBUG 2026-08-19 04:27:18 [action #155] t=6.26s step=154 queue=13 dmax=0.242 | shoulder_pan.pos=-9.19 shoulder_lift.pos=-101.02 elbow_flex.pos=+87.77 wrist_flex.pos=+74.82 wrist_roll.pos=-1.71 gripper.pos=+0.98
DEBUG 2026-08-19 04:27:18 [action #156] t=6.29s step=155 queue=12 dmax=0.678 | shoulder_pan.pos=-9.03 shoulder_lift.pos=-101.70 elbow_flex.pos=+88.00 wrist_flex.pos=+74.66 wrist_roll.pos=-1.65 gripper.pos=+1.13
DEBUG 2026-08-19 04:27:18 [action #157] t=6.32s step=156 queue=11 dmax=0.352 | shoulder_pan.pos=-9.23 shoulder_lift.pos=-101.35 elbow_flex.pos=+87.84 wrist_flex.pos=+74.70 wrist_roll.pos=-1.74 gripper.pos=+1.17
DEBUG 2026-08-19 04:27:18 [action #158] t=6.36s step=157 queue=10 dmax=0.284 | shoulder_pan.pos=-9.19 shoulder_lift.pos=-101.29 elbow_flex.pos=+87.55 wrist_flex.pos=+74.83 wrist_roll.pos=-1.75 gripper.pos=+0.96
DEBUG 2026-08-19 04:27:18 [action #159] t=6.39s step=158 queue=9 dmax=0.644 | shoulder_pan.pos=-9.28 shoulder_lift.pos=-101.25 elbow_flex.pos=+88.20 wrist_flex.pos=+74.68 wrist_roll.pos=-1.75 gripper.pos=+0.97
DEBUG 2026-08-19 04:27:18 [action #160] t=6.42s step=159 queue=8 dmax=0.588 | shoulder_pan.pos=-9.33 shoulder_lift.pos=-100.97 elbow_flex.pos=+87.61 wrist_flex.pos=+74.56 wrist_roll.pos=-1.85 gripper.pos=+1.20
DEBUG 2026-08-19 04:27:18 [action #161] t=6.46s step=160 queue=7 dmax=0.366 | shoulder_pan.pos=-8.96 shoulder_lift.pos=-100.83 elbow_flex.pos=+87.36 wrist_flex.pos=+74.58 wrist_roll.pos=-1.88 gripper.pos=+1.20
DEBUG 2026-08-19 04:27:18 [chunk] received 50 actions, timesteps 137..186 | first: shoulder_pan.pos=-8.86 shoulder_lift.pos=-101.45 elbow_flex.pos=+88.55 wrist_flex.pos=+72.67 wrist_roll.pos=-1.66 gripper.pos=+0.93 | last: shoulder_pan.pos=-9.60 shoulder_lift.pos=-103.37 elbow_flex.pos=+87.96 wrist_flex.pos=+72.26 wrist_roll.pos=-2.10 gripper.pos=+0.99
DEBUG 2026-08-19 04:27:18 [action #162] t=6.49s step=161 queue=26 dmax=1.358 | shoulder_pan.pos=-9.13 shoulder_lift.pos=-101.98 elbow_flex.pos=+88.29 wrist_flex.pos=+73.22 wrist_roll.pos=-2.01 gripper.pos=+1.09
DEBUG 2026-08-19 04:27:18 [action #163] t=6.52s step=162 queue=25 dmax=0.305 | shoulder_pan.pos=-9.08 shoulder_lift.pos=-102.17 elbow_flex.pos=+87.99 wrist_flex.pos=+73.08 wrist_roll.pos=-2.04 gripper.pos=+1.10
DEBUG 2026-08-19 04:27:18 [action #164] t=6.56s step=163 queue=24 dmax=0.600 | shoulder_pan.pos=-9.19 shoulder_lift.pos=-102.34 elbow_flex.pos=+88.59 wrist_flex.pos=+73.39 wrist_roll.pos=-2.16 gripper.pos=+1.17
DEBUG 2026-08-19 04:27:18 [action #165] t=6.59s step=164 queue=23 dmax=0.539 | shoulder_pan.pos=-9.27 shoulder_lift.pos=-101.81 elbow_flex.pos=+88.08 wrist_flex.pos=+73.29 wrist_roll.pos=-2.11 gripper.pos=+1.10
DEBUG 2026-08-19 04:27:18 [action #166] t=6.62s step=165 queue=22 dmax=0.554 | shoulder_pan.pos=-9.20 shoulder_lift.pos=-102.21 elbow_flex.pos=+87.52 wrist_flex.pos=+73.17 wrist_roll.pos=-2.12 gripper.pos=+1.09
DEBUG 2026-08-19 04:27:18 [action #167] t=6.66s step=166 queue=21 dmax=0.353 | shoulder_pan.pos=-9.26 shoulder_lift.pos=-101.94 elbow_flex.pos=+87.87 wrist_flex.pos=+73.17 wrist_roll.pos=-2.05 gripper.pos=+1.05
DEBUG 2026-08-19 04:27:18 [action #168] t=6.69s step=167 queue=20 dmax=0.702 | shoulder_pan.pos=-9.28 shoulder_lift.pos=-101.99 elbow_flex.pos=+88.58 wrist_flex.pos=+72.72 wrist_roll.pos=-2.10 gripper.pos=+1.16
DEBUG 2026-08-19 04:27:18 [action #169] t=6.72s step=168 queue=19 dmax=0.290 | shoulder_pan.pos=-9.30 shoulder_lift.pos=-102.28 elbow_flex.pos=+88.46 wrist_flex.pos=+72.63 wrist_roll.pos=-2.16 gripper.pos=+1.23
DEBUG 2026-08-19 04:27:18 [action #170] t=6.76s step=169 queue=18 dmax=0.450 | shoulder_pan.pos=-9.17 shoulder_lift.pos=-102.37 elbow_flex.pos=+88.01 wrist_flex.pos=+72.74 wrist_roll.pos=-2.18 gripper.pos=+1.11
DEBUG 2026-08-19 04:27:18 [action #171] t=6.79s step=170 queue=17 dmax=0.167 | shoulder_pan.pos=-9.15 shoulder_lift.pos=-102.52 elbow_flex.pos=+88.18 wrist_flex.pos=+72.69 wrist_roll.pos=-2.11 gripper.pos=+1.09
DEBUG 2026-08-19 04:27:18 [action #172] t=6.82s step=171 queue=16 dmax=0.203 | shoulder_pan.pos=-9.35 shoulder_lift.pos=-102.51 elbow_flex.pos=+88.32 wrist_flex.pos=+72.69 wrist_roll.pos=-2.15 gripper.pos=+1.16
DEBUG 2026-08-19 04:27:18 [action #173] t=6.86s step=172 queue=15 dmax=0.174 | shoulder_pan.pos=-9.27 shoulder_lift.pos=-102.48 elbow_flex.pos=+88.19 wrist_flex.pos=+72.52 wrist_roll.pos=-2.10 gripper.pos=+1.19
DEBUG 2026-08-19 04:27:18 [action #174] t=6.89s step=173 queue=14 dmax=0.164 | shoulder_pan.pos=-9.15 shoulder_lift.pos=-102.64 elbow_flex.pos=+88.08 wrist_flex.pos=+72.65 wrist_roll.pos=-2.15 gripper.pos=+1.06
DEBUG 2026-08-19 04:27:18 [action #175] t=6.92s step=174 queue=13 dmax=0.259 | shoulder_pan.pos=-9.12 shoulder_lift.pos=-102.38 elbow_flex.pos=+87.97 wrist_flex.pos=+72.76 wrist_roll.pos=-2.14 gripper.pos=+1.13
DEBUG 2026-08-19 04:27:18 [action #176] t=6.96s step=175 queue=12 dmax=0.299 | shoulder_pan.pos=-9.37 shoulder_lift.pos=-102.68 elbow_flex.pos=+87.82 wrist_flex.pos=+72.57 wrist_roll.pos=-2.10 gripper.pos=+1.09
DEBUG 2026-08-19 04:27:19 [action #177] t=6.99s step=176 queue=11 dmax=0.186 | shoulder_pan.pos=-9.35 shoulder_lift.pos=-102.56 elbow_flex.pos=+88.01 wrist_flex.pos=+72.66 wrist_roll.pos=-2.09 gripper.pos=+1.03
DEBUG 2026-08-19 04:27:19 [action #178] t=7.02s step=177 queue=10 dmax=0.507 | shoulder_pan.pos=-9.42 shoulder_lift.pos=-102.05 elbow_flex.pos=+87.75 wrist_flex.pos=+72.60 wrist_roll.pos=-2.12 gripper.pos=+1.11
DEBUG 2026-08-19 04:27:19 [action #179] t=7.06s step=178 queue=9 dmax=0.542 | shoulder_pan.pos=-9.48 shoulder_lift.pos=-102.59 elbow_flex.pos=+87.90 wrist_flex.pos=+72.55 wrist_roll.pos=-2.13 gripper.pos=+1.04
DEBUG 2026-08-19 04:27:19 [action #180] t=7.09s step=179 queue=8 dmax=0.522 | shoulder_pan.pos=-9.60 shoulder_lift.pos=-102.30 elbow_flex.pos=+88.42 wrist_flex.pos=+72.43 wrist_roll.pos=-2.09 gripper.pos=+1.02
DEBUG 2026-08-19 04:27:19 [action #181] t=7.12s step=180 queue=7 dmax=0.196 | shoulder_pan.pos=-9.40 shoulder_lift.pos=-102.11 elbow_flex.pos=+88.46 wrist_flex.pos=+72.58 wrist_roll.pos=-2.09 gripper.pos=+1.15
DEBUG 2026-08-19 04:27:19 [action #182] t=7.16s step=181 queue=6 dmax=0.594 | shoulder_pan.pos=-9.44 shoulder_lift.pos=-102.33 elbow_flex.pos=+87.87 wrist_flex.pos=+72.42 wrist_roll.pos=-2.07 gripper.pos=+0.99
DEBUG 2026-08-19 04:27:19 [chunk] received 50 actions, timesteps 159..208 | first: shoulder_pan.pos=-9.22 shoulder_lift.pos=-100.82 elbow_flex.pos=+87.05 wrist_flex.pos=+73.25 wrist_roll.pos=-1.80 gripper.pos=+1.07 | last: shoulder_pan.pos=-10.64 shoulder_lift.pos=-101.33 elbow_flex.pos=+85.29 wrist_flex.pos=+68.98 wrist_roll.pos=-2.28 gripper.pos=+1.24
DEBUG 2026-08-19 04:27:19 [action #183] t=7.19s step=182 queue=27 dmax=2.181 | shoulder_pan.pos=-9.72 shoulder_lift.pos=-102.02 elbow_flex.pos=+87.81 wrist_flex.pos=+70.24 wrist_roll.pos=-2.04 gripper.pos=+1.19
DEBUG 2026-08-19 04:27:19 [action #184] t=7.23s step=183 queue=26 dmax=0.304 | shoulder_pan.pos=-9.81 shoulder_lift.pos=-101.71 elbow_flex.pos=+87.78 wrist_flex.pos=+70.14 wrist_roll.pos=-2.02 gripper.pos=+1.11
DEBUG 2026-08-19 04:27:19 [action #185] t=7.26s step=184 queue=25 dmax=0.341 | shoulder_pan.pos=-9.84 shoulder_lift.pos=-101.59 elbow_flex.pos=+87.44 wrist_flex.pos=+70.26 wrist_roll.pos=-2.08 gripper.pos=+1.25
DEBUG 2026-08-19 04:27:19 [action #186] t=7.29s step=185 queue=24 dmax=0.196 | shoulder_pan.pos=-9.78 shoulder_lift.pos=-101.52 elbow_flex.pos=+87.29 wrist_flex.pos=+70.06 wrist_roll.pos=-2.10 gripper.pos=+1.23
DEBUG 2026-08-19 04:27:19 [action #187] t=7.33s step=186 queue=23 dmax=0.391 | shoulder_pan.pos=-9.68 shoulder_lift.pos=-101.91 elbow_flex.pos=+87.41 wrist_flex.pos=+70.21 wrist_roll.pos=-2.09 gripper.pos=+1.24
DEBUG 2026-08-19 04:27:19 [action #188] t=7.36s step=187 queue=22 dmax=0.814 | shoulder_pan.pos=-9.92 shoulder_lift.pos=-101.59 elbow_flex.pos=+86.99 wrist_flex.pos=+69.40 wrist_roll.pos=-2.12 gripper.pos=+1.22
DEBUG 2026-08-19 04:27:19 [action #189] t=7.39s step=188 queue=21 dmax=0.257 | shoulder_pan.pos=-9.95 shoulder_lift.pos=-101.66 elbow_flex.pos=+86.73 wrist_flex.pos=+69.30 wrist_roll.pos=-2.02 gripper.pos=+1.38
DEBUG 2026-08-19 04:27:19 [action #190] t=7.43s step=189 queue=20 dmax=0.147 | shoulder_pan.pos=-9.98 shoulder_lift.pos=-101.81 elbow_flex.pos=+86.61 wrist_flex.pos=+69.26 wrist_roll.pos=-2.07 gripper.pos=+1.34
DEBUG 2026-08-19 04:27:19 [action #191] t=7.46s step=190 queue=19 dmax=0.472 | shoulder_pan.pos=-10.01 shoulder_lift.pos=-101.34 elbow_flex.pos=+86.58 wrist_flex.pos=+69.34 wrist_roll.pos=-2.09 gripper.pos=+1.25
DEBUG 2026-08-19 04:27:19 [action #192] t=7.49s step=191 queue=18 dmax=0.137 | shoulder_pan.pos=-10.15 shoulder_lift.pos=-101.40 elbow_flex.pos=+86.62 wrist_flex.pos=+69.26 wrist_roll.pos=-2.11 gripper.pos=+1.28
DEBUG 2026-08-19 04:27:19 [action #193] t=7.53s step=192 queue=17 dmax=0.258 | shoulder_pan.pos=-10.11 shoulder_lift.pos=-101.65 elbow_flex.pos=+86.51 wrist_flex.pos=+69.24 wrist_roll.pos=-2.10 gripper.pos=+1.47
DEBUG 2026-08-19 04:27:19 [action #194] t=7.56s step=193 queue=16 dmax=0.322 | shoulder_pan.pos=-10.43 shoulder_lift.pos=-101.42 elbow_flex.pos=+86.24 wrist_flex.pos=+69.40 wrist_roll.pos=-2.03 gripper.pos=+1.34
DEBUG 2026-08-19 04:27:19 [action #195] t=7.59s step=194 queue=15 dmax=0.225 | shoulder_pan.pos=-10.47 shoulder_lift.pos=-101.19 elbow_flex.pos=+86.13 wrist_flex.pos=+69.27 wrist_roll.pos=-2.13 gripper.pos=+1.24
DEBUG 2026-08-19 04:27:19 [action #196] t=7.63s step=195 queue=14 dmax=0.369 | shoulder_pan.pos=-10.10 shoulder_lift.pos=-101.06 elbow_flex.pos=+85.96 wrist_flex.pos=+69.13 wrist_roll.pos=-2.03 gripper.pos=+1.26
DEBUG 2026-08-19 04:27:19 [action #197] t=7.66s step=196 queue=13 dmax=0.480 | shoulder_pan.pos=-10.58 shoulder_lift.pos=-101.39 elbow_flex.pos=+85.90 wrist_flex.pos=+69.30 wrist_roll.pos=-2.14 gripper.pos=+1.26
DEBUG 2026-08-19 04:27:19 [action #198] t=7.69s step=197 queue=12 dmax=0.266 | shoulder_pan.pos=-10.83 shoulder_lift.pos=-101.65 elbow_flex.pos=+86.05 wrist_flex.pos=+69.28 wrist_roll.pos=-2.09 gripper.pos=+1.31
DEBUG 2026-08-19 04:27:19 [action #199] t=7.73s step=198 queue=11 dmax=0.082 | shoulder_pan.pos=-10.87 shoulder_lift.pos=-101.63 elbow_flex.pos=+85.97 wrist_flex.pos=+69.21 wrist_roll.pos=-2.13 gripper.pos=+1.23
DEBUG 2026-08-19 04:27:19 [action #200] t=7.76s step=199 queue=10 dmax=0.165 | shoulder_pan.pos=-10.87 shoulder_lift.pos=-101.46 elbow_flex.pos=+86.07 wrist_flex.pos=+69.30 wrist_roll.pos=-2.06 gripper.pos=+1.32
DEBUG 2026-08-19 04:27:19 [action #201] t=7.79s step=200 queue=9 dmax=0.337 | shoulder_pan.pos=-11.08 shoulder_lift.pos=-101.62 elbow_flex.pos=+85.73 wrist_flex.pos=+69.09 wrist_roll.pos=-2.11 gripper.pos=+1.19
DEBUG 2026-08-19 04:27:19 [action #202] t=7.83s step=201 queue=8 dmax=0.729 | shoulder_pan.pos=-10.97 shoulder_lift.pos=-100.89 elbow_flex.pos=+85.49 wrist_flex.pos=+69.23 wrist_roll.pos=-2.15 gripper.pos=+1.12
DEBUG 2026-08-19 04:27:19 [action #203] t=7.86s step=202 queue=7 dmax=0.731 | shoulder_pan.pos=-10.96 shoulder_lift.pos=-101.62 elbow_flex.pos=+85.58 wrist_flex.pos=+69.05 wrist_roll.pos=-2.20 gripper.pos=+1.29
DEBUG 2026-08-19 04:27:19 [action #204] t=7.89s step=203 queue=6 dmax=0.707 | shoulder_pan.pos=-10.77 shoulder_lift.pos=-100.91 elbow_flex.pos=+85.77 wrist_flex.pos=+69.17 wrist_roll.pos=-2.29 gripper.pos=+1.22
DEBUG 2026-08-19 04:27:19 [chunk] received 50 actions, timesteps 181..230 | first: shoulder_pan.pos=-9.33 shoulder_lift.pos=-102.21 elbow_flex.pos=+88.62 wrist_flex.pos=+73.28 wrist_roll.pos=-2.05 gripper.pos=+0.93 | last: shoulder_pan.pos=-8.30 shoulder_lift.pos=-88.35 elbow_flex.pos=+80.33 wrist_flex.pos=+64.67 wrist_roll.pos=-2.15 gripper.pos=+1.43
DEBUG 2026-08-19 04:27:19 [action #205] t=7.93s step=204 queue=27 dmax=2.457 | shoulder_pan.pos=-9.36 shoulder_lift.pos=-102.29 elbow_flex.pos=+87.55 wrist_flex.pos=+71.63 wrist_roll.pos=-2.08 gripper.pos=+1.13
DEBUG 2026-08-19 04:27:19 [action #206] t=7.96s step=205 queue=26 dmax=0.325 | shoulder_pan.pos=-9.31 shoulder_lift.pos=-101.97 elbow_flex.pos=+87.45 wrist_flex.pos=+71.58 wrist_roll.pos=-2.01 gripper.pos=+1.17
DEBUG 2026-08-19 04:27:20 [action #207] t=7.99s step=206 queue=25 dmax=0.234 | shoulder_pan.pos=-9.13 shoulder_lift.pos=-102.20 elbow_flex.pos=+87.42 wrist_flex.pos=+71.66 wrist_roll.pos=-2.02 gripper.pos=+1.08
DEBUG 2026-08-19 04:27:20 [action #208] t=8.03s step=207 queue=24 dmax=0.298 | shoulder_pan.pos=-9.21 shoulder_lift.pos=-102.29 elbow_flex.pos=+87.12 wrist_flex.pos=+71.59 wrist_roll.pos=-1.99 gripper.pos=+1.17
DEBUG 2026-08-19 04:27:20 [action #209] t=8.06s step=208 queue=23 dmax=0.222 | shoulder_pan.pos=-9.42 shoulder_lift.pos=-102.06 elbow_flex.pos=+87.31 wrist_flex.pos=+71.52 wrist_roll.pos=-2.04 gripper.pos=+1.16
DEBUG 2026-08-19 04:27:20 [action #210] t=8.10s step=209 queue=22 dmax=1.114 | shoulder_pan.pos=-8.71 shoulder_lift.pos=-102.15 elbow_flex.pos=+87.85 wrist_flex.pos=+72.63 wrist_roll.pos=-1.98 gripper.pos=+1.03
DEBUG 2026-08-19 04:27:20 [action #211] t=8.13s step=210 queue=21 dmax=0.200 | shoulder_pan.pos=-8.84 shoulder_lift.pos=-102.33 elbow_flex.pos=+88.05 wrist_flex.pos=+72.57 wrist_roll.pos=-1.93 gripper.pos=+0.92
DEBUG 2026-08-19 04:27:20 [action #212] t=8.16s step=211 queue=20 dmax=0.203 | shoulder_pan.pos=-8.88 shoulder_lift.pos=-102.52 elbow_flex.pos=+88.07 wrist_flex.pos=+72.47 wrist_roll.pos=-1.89 gripper.pos=+1.13
DEBUG 2026-08-19 04:27:20 [action #213] t=8.20s step=212 queue=19 dmax=0.622 | shoulder_pan.pos=-8.97 shoulder_lift.pos=-101.94 elbow_flex.pos=+87.45 wrist_flex.pos=+72.31 wrist_roll.pos=-1.95 gripper.pos=+1.24
DEBUG 2026-08-19 04:27:20 [action #214] t=8.23s step=213 queue=18 dmax=0.382 | shoulder_pan.pos=-8.87 shoulder_lift.pos=-102.14 elbow_flex.pos=+87.83 wrist_flex.pos=+72.33 wrist_roll.pos=-1.95 gripper.pos=+1.11
DEBUG 2026-08-19 04:27:20 [action #215] t=8.26s step=214 queue=17 dmax=0.423 | shoulder_pan.pos=-9.02 shoulder_lift.pos=-102.56 elbow_flex.pos=+87.48 wrist_flex.pos=+72.23 wrist_roll.pos=-1.85 gripper.pos=+1.04
DEBUG 2026-08-19 04:27:20 [action #216] t=8.30s step=215 queue=16 dmax=0.171 | shoulder_pan.pos=-8.85 shoulder_lift.pos=-102.71 elbow_flex.pos=+87.33 wrist_flex.pos=+72.10 wrist_roll.pos=-1.94 gripper.pos=+1.09
DEBUG 2026-08-19 04:27:20 [action #217] t=8.33s step=216 queue=15 dmax=0.215 | shoulder_pan.pos=-8.93 shoulder_lift.pos=-102.57 elbow_flex.pos=+87.11 wrist_flex.pos=+72.19 wrist_roll.pos=-2.02 gripper.pos=+1.29
DEBUG 2026-08-19 04:27:20 [action #218] t=8.36s step=217 queue=14 dmax=0.516 | shoulder_pan.pos=-8.90 shoulder_lift.pos=-102.05 elbow_flex.pos=+87.41 wrist_flex.pos=+72.03 wrist_roll.pos=-1.96 gripper.pos=+1.12
DEBUG 2026-08-19 04:27:20 [action #219] t=8.40s step=218 queue=13 dmax=0.150 | shoulder_pan.pos=-8.84 shoulder_lift.pos=-102.17 elbow_flex.pos=+87.26 wrist_flex.pos=+71.98 wrist_roll.pos=-1.94 gripper.pos=+1.14
DEBUG 2026-08-19 04:27:20 [action #220] t=8.43s step=219 queue=12 dmax=0.317 | shoulder_pan.pos=-8.83 shoulder_lift.pos=-102.17 elbow_flex.pos=+86.95 wrist_flex.pos=+71.75 wrist_roll.pos=-2.03 gripper.pos=+1.07
DEBUG 2026-08-19 04:27:20 [action #221] t=8.46s step=220 queue=11 dmax=0.288 | shoulder_pan.pos=-8.84 shoulder_lift.pos=-101.89 elbow_flex.pos=+87.12 wrist_flex.pos=+71.46 wrist_roll.pos=-1.98 gripper.pos=+1.11
DEBUG 2026-08-19 04:27:20 [action #222] t=8.50s step=221 queue=10 dmax=0.397 | shoulder_pan.pos=-8.72 shoulder_lift.pos=-101.85 elbow_flex.pos=+86.72 wrist_flex.pos=+71.26 wrist_roll.pos=-1.96 gripper.pos=+1.09
DEBUG 2026-08-19 04:27:20 [action #223] t=8.53s step=222 queue=9 dmax=0.700 | shoulder_pan.pos=-8.83 shoulder_lift.pos=-101.15 elbow_flex.pos=+86.53 wrist_flex.pos=+70.95 wrist_roll.pos=-1.95 gripper.pos=+1.12
DEBUG 2026-08-19 04:27:20 [action #224] t=8.56s step=223 queue=8 dmax=0.546 | shoulder_pan.pos=-8.79 shoulder_lift.pos=-101.13 elbow_flex.pos=+86.46 wrist_flex.pos=+70.41 wrist_roll.pos=-1.93 gripper.pos=+1.10
DEBUG 2026-08-19 04:27:20 [action #225] t=8.60s step=224 queue=7 dmax=0.768 | shoulder_pan.pos=-8.75 shoulder_lift.pos=-100.36 elbow_flex.pos=+86.53 wrist_flex.pos=+69.92 wrist_roll.pos=-1.98 gripper.pos=+1.23
DEBUG 2026-08-19 04:27:20 [action #226] t=8.63s step=225 queue=6 dmax=1.123 | shoulder_pan.pos=-8.77 shoulder_lift.pos=-99.24 elbow_flex.pos=+85.74 wrist_flex.pos=+69.17 wrist_roll.pos=-2.01 gripper.pos=+1.08
DEBUG 2026-08-19 04:27:20 [chunk] received 50 actions, timesteps 203..252 | first: shoulder_pan.pos=-10.42 shoulder_lift.pos=-101.63 elbow_flex.pos=+88.70 wrist_flex.pos=+68.86 wrist_roll.pos=-2.18 gripper.pos=+1.06 | last: shoulder_pan.pos=-7.16 shoulder_lift.pos=-52.10 elbow_flex.pos=+54.70 wrist_flex.pos=+57.99 wrist_roll.pos=-3.39 gripper.pos=+1.74
DEBUG 2026-08-19 04:27:20 [action #227] t=8.66s step=226 queue=27 dmax=0.888 | shoulder_pan.pos=-9.65 shoulder_lift.pos=-100.06 elbow_flex.pos=+86.09 wrist_flex.pos=+69.20 wrist_roll.pos=-2.06 gripper.pos=+1.05
DEBUG 2026-08-19 04:27:20 [action #228] t=8.70s step=227 queue=26 dmax=0.877 | shoulder_pan.pos=-9.42 shoulder_lift.pos=-99.18 elbow_flex.pos=+85.37 wrist_flex.pos=+68.73 wrist_roll.pos=-2.01 gripper.pos=+1.14
DEBUG 2026-08-19 04:27:20 [action #229] t=8.73s step=228 queue=25 dmax=0.729 | shoulder_pan.pos=-9.58 shoulder_lift.pos=-98.48 elbow_flex.pos=+84.64 wrist_flex.pos=+68.52 wrist_roll.pos=-2.11 gripper.pos=+1.15
DEBUG 2026-08-19 04:27:20 [action #230] t=8.76s step=229 queue=24 dmax=0.900 | shoulder_pan.pos=-9.63 shoulder_lift.pos=-97.58 elbow_flex.pos=+84.31 wrist_flex.pos=+68.19 wrist_roll.pos=-2.16 gripper.pos=+1.22
DEBUG 2026-08-19 04:27:20 [action #231] t=8.80s step=230 queue=23 dmax=1.283 | shoulder_pan.pos=-9.38 shoulder_lift.pos=-96.30 elbow_flex.pos=+83.30 wrist_flex.pos=+67.99 wrist_roll.pos=-2.08 gripper.pos=+1.23
DEBUG 2026-08-19 04:27:20 [action #232] t=8.83s step=231 queue=22 dmax=2.450 | shoulder_pan.pos=-9.75 shoulder_lift.pos=-98.75 elbow_flex.pos=+83.76 wrist_flex.pos=+69.50 wrist_roll.pos=-2.15 gripper.pos=+1.10
DEBUG 2026-08-19 04:27:20 [action #233] t=8.86s step=232 queue=21 dmax=1.345 | shoulder_pan.pos=-9.80 shoulder_lift.pos=-97.40 elbow_flex.pos=+82.52 wrist_flex.pos=+69.33 wrist_roll.pos=-2.11 gripper.pos=+1.13
DEBUG 2026-08-19 04:27:20 [action #234] t=8.90s step=233 queue=20 dmax=1.744 | shoulder_pan.pos=-9.69 shoulder_lift.pos=-95.66 elbow_flex.pos=+81.53 wrist_flex.pos=+68.93 wrist_roll.pos=-2.10 gripper.pos=+1.05
DEBUG 2026-08-19 04:27:20 [action #235] t=8.93s step=234 queue=19 dmax=1.875 | shoulder_pan.pos=-9.77 shoulder_lift.pos=-93.78 elbow_flex.pos=+80.71 wrist_flex.pos=+68.66 wrist_roll.pos=-1.97 gripper.pos=+1.13
DEBUG 2026-08-19 04:27:20 [action #236] t=8.96s step=235 queue=18 dmax=1.927 | shoulder_pan.pos=-9.75 shoulder_lift.pos=-91.86 elbow_flex.pos=+79.43 wrist_flex.pos=+68.38 wrist_roll.pos=-2.07 gripper.pos=+1.15
DEBUG 2026-08-19 04:27:21 [action #237] t=9.00s step=236 queue=17 dmax=2.456 | shoulder_pan.pos=-9.55 shoulder_lift.pos=-89.40 elbow_flex.pos=+78.28 wrist_flex.pos=+67.89 wrist_roll.pos=-2.07 gripper.pos=+1.23
DEBUG 2026-08-19 04:27:21 [action #238] t=9.03s step=237 queue=16 dmax=2.335 | shoulder_pan.pos=-9.64 shoulder_lift.pos=-87.07 elbow_flex.pos=+76.71 wrist_flex.pos=+67.26 wrist_roll.pos=-2.07 gripper.pos=+1.24
DEBUG 2026-08-19 04:27:21 [action #239] t=9.07s step=238 queue=15 dmax=3.435 | shoulder_pan.pos=-9.40 shoulder_lift.pos=-83.63 elbow_flex.pos=+74.64 wrist_flex.pos=+66.62 wrist_roll.pos=-2.08 gripper.pos=+1.11
DEBUG 2026-08-19 04:27:21 [action #240] t=9.10s step=239 queue=14 dmax=3.450 | shoulder_pan.pos=-9.00 shoulder_lift.pos=-80.18 elbow_flex.pos=+72.72 wrist_flex.pos=+65.88 wrist_roll.pos=-2.36 gripper.pos=+1.15
DEBUG 2026-08-19 04:27:21 [action #241] t=9.13s step=240 queue=13 dmax=3.594 | shoulder_pan.pos=-8.70 shoulder_lift.pos=-76.59 elbow_flex.pos=+70.23 wrist_flex.pos=+64.70 wrist_roll.pos=-2.42 gripper.pos=+1.20
DEBUG 2026-08-19 04:27:21 [action #242] t=9.17s step=241 queue=12 dmax=3.638 | shoulder_pan.pos=-8.10 shoulder_lift.pos=-72.95 elbow_flex.pos=+68.34 wrist_flex.pos=+63.97 wrist_roll.pos=-2.73 gripper.pos=+1.36
DEBUG 2026-08-19 04:27:21 [action #243] t=9.20s step=242 queue=11 dmax=3.178 | shoulder_pan.pos=-8.08 shoulder_lift.pos=-69.77 elbow_flex.pos=+66.15 wrist_flex.pos=+63.27 wrist_roll.pos=-2.83 gripper.pos=+1.40
DEBUG 2026-08-19 04:27:21 [action #244] t=9.23s step=243 queue=10 dmax=2.323 | shoulder_pan.pos=-7.68 shoulder_lift.pos=-67.45 elbow_flex.pos=+64.42 wrist_flex.pos=+62.60 wrist_roll.pos=-2.75 gripper.pos=+1.40
DEBUG 2026-08-19 04:27:21 [action #245] t=9.27s step=244 queue=9 dmax=2.597 | shoulder_pan.pos=-7.78 shoulder_lift.pos=-64.85 elbow_flex.pos=+63.32 wrist_flex.pos=+62.09 wrist_roll.pos=-2.71 gripper.pos=+1.45
DEBUG 2026-08-19 04:27:21 [action #246] t=9.30s step=245 queue=8 dmax=1.293 | shoulder_pan.pos=-7.49 shoulder_lift.pos=-63.56 elbow_flex.pos=+62.48 wrist_flex.pos=+61.73 wrist_roll.pos=-2.70 gripper.pos=+1.56
DEBUG 2026-08-19 04:27:21 [action #247] t=9.33s step=246 queue=7 dmax=1.849 | shoulder_pan.pos=-7.68 shoulder_lift.pos=-61.71 elbow_flex.pos=+60.92 wrist_flex.pos=+61.54 wrist_roll.pos=-2.63 gripper.pos=+1.41
DEBUG 2026-08-19 04:27:21 [chunk] received 50 actions, timesteps 224..273 | first: shoulder_pan.pos=-8.43 shoulder_lift.pos=-101.84 elbow_flex.pos=+88.58 wrist_flex.pos=+71.89 wrist_roll.pos=-2.21 gripper.pos=+0.85 | last: shoulder_pan.pos=-7.24 shoulder_lift.pos=-86.06 elbow_flex.pos=+74.81 wrist_flex.pos=+69.45 wrist_roll.pos=-2.44 gripper.pos=+0.91
DEBUG 2026-08-19 04:27:21 [action #248] t=9.37s step=247 queue=27 dmax=27.769 | shoulder_pan.pos=-7.47 shoulder_lift.pos=-89.48 elbow_flex.pos=+79.06 wrist_flex.pos=+67.93 wrist_roll.pos=-2.31 gripper.pos=+1.13
DEBUG 2026-08-19 04:27:21 [action #249] t=9.40s step=248 queue=26 dmax=0.685 | shoulder_pan.pos=-7.49 shoulder_lift.pos=-88.79 elbow_flex.pos=+78.61 wrist_flex.pos=+67.91 wrist_roll.pos=-2.33 gripper.pos=+1.25
DEBUG 2026-08-19 04:27:21 [action #250] t=9.43s step=249 queue=25 dmax=0.577 | shoulder_pan.pos=-7.55 shoulder_lift.pos=-88.40 elbow_flex.pos=+78.03 wrist_flex.pos=+67.66 wrist_roll.pos=-2.32 gripper.pos=+1.23
DEBUG 2026-08-19 04:27:21 [action #251] t=9.47s step=250 queue=24 dmax=0.516 | shoulder_pan.pos=-7.57 shoulder_lift.pos=-87.89 elbow_flex.pos=+77.59 wrist_flex.pos=+67.53 wrist_roll.pos=-2.43 gripper.pos=+1.23
DEBUG 2026-08-19 04:27:21 [action #252] t=9.50s step=251 queue=23 dmax=0.829 | shoulder_pan.pos=-7.52 shoulder_lift.pos=-87.06 elbow_flex.pos=+77.15 wrist_flex.pos=+67.37 wrist_roll.pos=-2.48 gripper.pos=+1.22
DEBUG 2026-08-19 04:27:21 [action #253] t=9.53s step=252 queue=22 dmax=0.276 | shoulder_pan.pos=-7.75 shoulder_lift.pos=-87.10 elbow_flex.pos=+76.87 wrist_flex.pos=+67.25 wrist_roll.pos=-2.54 gripper.pos=+1.29
DEBUG 2026-08-19 04:27:21 [action #254] t=9.57s step=253 queue=21 dmax=14.449 | shoulder_pan.pos=-7.60 shoulder_lift.pos=-101.55 elbow_flex.pos=+86.60 wrist_flex.pos=+71.18 wrist_roll.pos=-2.08 gripper.pos=+1.09
DEBUG 2026-08-19 04:27:21 [action #255] t=9.60s step=254 queue=20 dmax=0.305 | shoulder_pan.pos=-7.64 shoulder_lift.pos=-101.84 elbow_flex.pos=+86.29 wrist_flex.pos=+71.24 wrist_roll.pos=-2.17 gripper.pos=+1.04
DEBUG 2026-08-19 04:27:21 [action #256] t=9.63s step=255 queue=19 dmax=0.286 | shoulder_pan.pos=-7.64 shoulder_lift.pos=-101.56 elbow_flex.pos=+86.56 wrist_flex.pos=+71.11 wrist_roll.pos=-2.17 gripper.pos=+1.15
DEBUG 2026-08-19 04:27:21 [action #257] t=9.67s step=256 queue=18 dmax=0.385 | shoulder_pan.pos=-7.54 shoulder_lift.pos=-101.60 elbow_flex.pos=+86.17 wrist_flex.pos=+71.20 wrist_roll.pos=-2.19 gripper.pos=+1.06
DEBUG 2026-08-19 04:27:21 [action #258] t=9.70s step=257 queue=17 dmax=0.428 | shoulder_pan.pos=-7.39 shoulder_lift.pos=-101.17 elbow_flex.pos=+86.24 wrist_flex.pos=+71.14 wrist_roll.pos=-2.13 gripper.pos=+1.16
DEBUG 2026-08-19 04:27:21 [action #259] t=9.73s step=258 queue=16 dmax=0.461 | shoulder_pan.pos=-7.55 shoulder_lift.pos=-101.14 elbow_flex.pos=+85.78 wrist_flex.pos=+71.13 wrist_roll.pos=-2.16 gripper.pos=+1.14
DEBUG 2026-08-19 04:27:21 [action #260] t=9.77s step=259 queue=15 dmax=0.032 | shoulder_pan.pos=-7.57 shoulder_lift.pos=-101.17 elbow_flex.pos=+85.76 wrist_flex.pos=+71.14 wrist_roll.pos=-2.19 gripper.pos=+1.13
DEBUG 2026-08-19 04:27:21 [action #261] t=9.80s step=260 queue=14 dmax=0.359 | shoulder_pan.pos=-7.59 shoulder_lift.pos=-100.81 elbow_flex.pos=+85.83 wrist_flex.pos=+71.21 wrist_roll.pos=-2.20 gripper.pos=+1.05
DEBUG 2026-08-19 04:27:21 [action #262] t=9.83s step=261 queue=13 dmax=0.579 | shoulder_pan.pos=-7.35 shoulder_lift.pos=-100.23 elbow_flex.pos=+85.29 wrist_flex.pos=+71.14 wrist_roll.pos=-2.18 gripper.pos=+1.18
DEBUG 2026-08-19 04:27:21 [action #263] t=9.87s step=262 queue=12 dmax=0.219 | shoulder_pan.pos=-7.57 shoulder_lift.pos=-100.42 elbow_flex.pos=+85.23 wrist_flex.pos=+71.15 wrist_roll.pos=-2.19 gripper.pos=+1.01
DEBUG 2026-08-19 04:27:21 [action #264] t=9.90s step=263 queue=11 dmax=0.438 | shoulder_pan.pos=-7.53 shoulder_lift.pos=-100.76 elbow_flex.pos=+85.67 wrist_flex.pos=+71.04 wrist_roll.pos=-2.18 gripper.pos=+1.16
DEBUG 2026-08-19 04:27:21 [action #265] t=9.93s step=264 queue=10 dmax=0.591 | shoulder_pan.pos=-7.65 shoulder_lift.pos=-100.32 elbow_flex.pos=+85.08 wrist_flex.pos=+71.02 wrist_roll.pos=-2.20 gripper.pos=+1.01
DEBUG 2026-08-19 04:27:22 [action #266] t=9.97s step=265 queue=9 dmax=0.503 | shoulder_pan.pos=-7.40 shoulder_lift.pos=-99.82 elbow_flex.pos=+84.57 wrist_flex.pos=+70.97 wrist_roll.pos=-2.18 gripper.pos=+1.06
DEBUG 2026-08-19 04:27:22 [action #267] t=10.00s step=266 queue=8 dmax=1.084 | shoulder_pan.pos=-7.66 shoulder_lift.pos=-98.74 elbow_flex.pos=+84.50 wrist_flex.pos=+70.76 wrist_roll.pos=-2.17 gripper.pos=+1.03
DEBUG 2026-08-19 04:27:22 [chunk] received 50 actions, timesteps 246..295 | first: shoulder_pan.pos=-7.98 shoulder_lift.pos=-70.91 elbow_flex.pos=+70.44 wrist_flex.pos=+60.78 wrist_roll.pos=-3.01 gripper.pos=+1.07 | last: shoulder_pan.pos=-5.34 shoulder_lift.pos=-98.87 elbow_flex.pos=+86.07 wrist_flex.pos=+79.17 wrist_roll.pos=-3.14 gripper.pos=+0.49
DEBUG 2026-08-19 04:27:22 [action #268] t=10.04s step=267 queue=7 dmax=1.118 | shoulder_pan.pos=-7.59 shoulder_lift.pos=-97.62 elbow_flex.pos=+83.43 wrist_flex.pos=+70.82 wrist_roll.pos=-2.25 gripper.pos=+0.95
DEBUG 2026-08-19 04:27:22 [action #269] t=10.07s step=267 queue=29 dmax=4.016 | shoulder_pan.pos=-6.49 shoulder_lift.pos=-98.18 elbow_flex.pos=+84.65 wrist_flex.pos=+74.83 wrist_roll.pos=-2.71 gripper.pos=+0.80
DEBUG 2026-08-19 04:27:22 [action #270] t=10.10s step=268 queue=28 dmax=0.775 | shoulder_pan.pos=-6.49 shoulder_lift.pos=-97.96 elbow_flex.pos=+83.87 wrist_flex.pos=+75.23 wrist_roll.pos=-2.71 gripper.pos=+0.82
DEBUG 2026-08-19 04:27:22 [action #271] t=10.14s step=269 queue=27 dmax=0.534 | shoulder_pan.pos=-6.53 shoulder_lift.pos=-97.45 elbow_flex.pos=+83.34 wrist_flex.pos=+75.76 wrist_roll.pos=-2.87 gripper.pos=+0.69
DEBUG 2026-08-19 04:27:22 [action #272] t=10.17s step=270 queue=26 dmax=0.586 | shoulder_pan.pos=-6.53 shoulder_lift.pos=-96.86 elbow_flex.pos=+82.90 wrist_flex.pos=+75.99 wrist_roll.pos=-3.03 gripper.pos=+0.78
DEBUG 2026-08-19 04:27:22 [action #273] t=10.20s step=271 queue=25 dmax=0.486 | shoulder_pan.pos=-6.49 shoulder_lift.pos=-96.38 elbow_flex.pos=+82.61 wrist_flex.pos=+76.19 wrist_roll.pos=-3.01 gripper.pos=+0.72
DEBUG 2026-08-19 04:27:22 [action #274] t=10.24s step=272 queue=24 dmax=0.603 | shoulder_pan.pos=-6.58 shoulder_lift.pos=-95.96 elbow_flex.pos=+82.01 wrist_flex.pos=+76.26 wrist_roll.pos=-3.05 gripper.pos=+0.66
DEBUG 2026-08-19 04:27:22 [action #275] t=10.27s step=273 queue=23 dmax=0.795 | shoulder_pan.pos=-6.41 shoulder_lift.pos=-95.16 elbow_flex.pos=+81.48 wrist_flex.pos=+76.35 wrist_roll.pos=-3.02 gripper.pos=+0.72
DEBUG 2026-08-19 04:27:22 [action #276] t=10.30s step=274 queue=22 dmax=3.997 | shoulder_pan.pos=-5.91 shoulder_lift.pos=-97.81 elbow_flex.pos=+85.48 wrist_flex.pos=+79.13 wrist_roll.pos=-3.32 gripper.pos=+0.68
DEBUG 2026-08-19 04:27:22 [action #277] t=10.34s step=275 queue=21 dmax=0.888 | shoulder_pan.pos=-5.99 shoulder_lift.pos=-98.70 elbow_flex.pos=+84.93 wrist_flex.pos=+79.37 wrist_roll.pos=-3.19 gripper.pos=+0.57
DEBUG 2026-08-19 04:27:22 [action #278] t=10.37s step=276 queue=20 dmax=0.780 | shoulder_pan.pos=-5.75 shoulder_lift.pos=-97.92 elbow_flex.pos=+85.09 wrist_flex.pos=+79.36 wrist_roll.pos=-3.26 gripper.pos=+0.42
DEBUG 2026-08-19 04:27:22 [action #279] t=10.40s step=277 queue=19 dmax=0.364 | shoulder_pan.pos=-5.57 shoulder_lift.pos=-98.28 elbow_flex.pos=+85.00 wrist_flex.pos=+79.42 wrist_roll.pos=-3.17 gripper.pos=+0.60
DEBUG 2026-08-19 04:27:22 [action #280] t=10.44s step=278 queue=18 dmax=0.665 | shoulder_pan.pos=-5.26 shoulder_lift.pos=-98.95 elbow_flex.pos=+85.24 wrist_flex.pos=+79.32 wrist_roll.pos=-3.24 gripper.pos=+0.73
DEBUG 2026-08-19 04:27:22 [action #281] t=10.47s step=279 queue=17 dmax=1.069 | shoulder_pan.pos=-5.51 shoulder_lift.pos=-97.88 elbow_flex.pos=+85.29 wrist_flex.pos=+79.67 wrist_roll.pos=-3.23 gripper.pos=+0.51
DEBUG 2026-08-19 04:27:22 [action #282] t=10.50s step=280 queue=16 dmax=0.257 | shoulder_pan.pos=-5.34 shoulder_lift.pos=-98.14 elbow_flex.pos=+85.33 wrist_flex.pos=+79.48 wrist_roll.pos=-3.15 gripper.pos=+0.76
DEBUG 2026-08-19 04:27:22 [action #283] t=10.54s step=281 queue=15 dmax=0.708 | shoulder_pan.pos=-5.08 shoulder_lift.pos=-97.82 elbow_flex.pos=+86.04 wrist_flex.pos=+79.46 wrist_roll.pos=-3.11 gripper.pos=+0.47
DEBUG 2026-08-19 04:27:22 [action #284] t=10.57s step=282 queue=14 dmax=0.963 | shoulder_pan.pos=-4.99 shoulder_lift.pos=-98.37 elbow_flex.pos=+85.07 wrist_flex.pos=+79.74 wrist_roll.pos=-3.16 gripper.pos=+0.39
DEBUG 2026-08-19 04:27:22 [action #285] t=10.60s step=283 queue=13 dmax=0.522 | shoulder_pan.pos=-5.37 shoulder_lift.pos=-98.39 elbow_flex.pos=+85.59 wrist_flex.pos=+79.33 wrist_roll.pos=-3.12 gripper.pos=+0.63
DEBUG 2026-08-19 04:27:22 [action #286] t=10.64s step=284 queue=12 dmax=0.252 | shoulder_pan.pos=-5.12 shoulder_lift.pos=-98.39 elbow_flex.pos=+85.56 wrist_flex.pos=+79.47 wrist_roll.pos=-3.13 gripper.pos=+0.66
DEBUG 2026-08-19 04:27:22 [action #287] t=10.67s step=285 queue=11 dmax=0.424 | shoulder_pan.pos=-5.12 shoulder_lift.pos=-97.96 elbow_flex.pos=+85.97 wrist_flex.pos=+79.41 wrist_roll.pos=-3.03 gripper.pos=+0.55
DEBUG 2026-08-19 04:27:22 [action #288] t=10.70s step=286 queue=10 dmax=0.277 | shoulder_pan.pos=-5.19 shoulder_lift.pos=-98.24 elbow_flex.pos=+85.87 wrist_flex.pos=+79.25 wrist_roll.pos=-3.15 gripper.pos=+0.55
DEBUG 2026-08-19 04:27:22 [action #289] t=10.74s step=287 queue=9 dmax=0.365 | shoulder_pan.pos=-5.12 shoulder_lift.pos=-98.07 elbow_flex.pos=+86.24 wrist_flex.pos=+79.32 wrist_roll.pos=-3.10 gripper.pos=+0.75
DEBUG 2026-08-19 04:27:22 [action #290] t=10.77s step=288 queue=8 dmax=0.842 | shoulder_pan.pos=-5.12 shoulder_lift.pos=-98.91 elbow_flex.pos=+86.29 wrist_flex.pos=+79.32 wrist_roll.pos=-3.09 gripper.pos=+0.72
DEBUG 2026-08-19 04:27:22 [action #291] t=10.80s step=289 queue=7 dmax=0.218 | shoulder_pan.pos=-5.12 shoulder_lift.pos=-98.69 elbow_flex.pos=+86.29 wrist_flex.pos=+79.35 wrist_roll.pos=-3.15 gripper.pos=+0.58
DEBUG 2026-08-19 04:27:22 [action #292] t=10.84s step=290 queue=6 dmax=0.413 | shoulder_pan.pos=-5.22 shoulder_lift.pos=-99.10 elbow_flex.pos=+86.35 wrist_flex.pos=+79.42 wrist_roll.pos=-3.22 gripper.pos=+0.68
DEBUG 2026-08-19 04:27:22 [chunk] received 50 actions, timesteps 266..315 | first: shoulder_pan.pos=-7.69 shoulder_lift.pos=-101.05 elbow_flex.pos=+86.40 wrist_flex.pos=+71.98 wrist_roll.pos=-2.21 gripper.pos=+0.89 | last: shoulder_pan.pos=-5.58 shoulder_lift.pos=-86.49 elbow_flex.pos=+75.99 wrist_flex.pos=+71.11 wrist_roll.pos=-2.49 gripper.pos=+0.80
DEBUG 2026-08-19 04:27:22 [action #293] t=10.87s step=291 queue=25 dmax=3.861 | shoulder_pan.pos=-6.33 shoulder_lift.pos=-101.19 elbow_flex.pos=+86.11 wrist_flex.pos=+75.56 wrist_roll.pos=-2.34 gripper.pos=+0.90
DEBUG 2026-08-19 04:27:22 [action #294] t=10.91s step=292 queue=24 dmax=0.382 | shoulder_pan.pos=-6.41 shoulder_lift.pos=-101.57 elbow_flex.pos=+86.13 wrist_flex.pos=+75.61 wrist_roll.pos=-2.42 gripper.pos=+0.84
DEBUG 2026-08-19 04:27:22 [action #295] t=10.94s step=293 queue=23 dmax=0.055 | shoulder_pan.pos=-6.38 shoulder_lift.pos=-101.59 elbow_flex.pos=+86.16 wrist_flex.pos=+75.64 wrist_roll.pos=-2.41 gripper.pos=+0.90
DEBUG 2026-08-19 04:27:23 [action #296] t=10.97s step=294 queue=22 dmax=0.151 | shoulder_pan.pos=-6.23 shoulder_lift.pos=-101.47 elbow_flex.pos=+86.20 wrist_flex.pos=+75.56 wrist_roll.pos=-2.43 gripper.pos=+0.83
DEBUG 2026-08-19 04:27:23 [action #297] t=11.01s step=295 queue=21 dmax=0.428 | shoulder_pan.pos=-6.18 shoulder_lift.pos=-101.10 elbow_flex.pos=+85.78 wrist_flex.pos=+75.60 wrist_roll.pos=-2.46 gripper.pos=+0.89
DEBUG 2026-08-19 04:27:23 [action #298] t=11.04s step=296 queue=20 dmax=1.516 | shoulder_pan.pos=-6.56 shoulder_lift.pos=-102.11 elbow_flex.pos=+85.82 wrist_flex.pos=+74.09 wrist_roll.pos=-2.15 gripper.pos=+1.11
DEBUG 2026-08-19 04:27:23 [action #299] t=11.07s step=297 queue=19 dmax=0.278 | shoulder_pan.pos=-6.51 shoulder_lift.pos=-101.83 elbow_flex.pos=+85.79 wrist_flex.pos=+73.91 wrist_roll.pos=-2.14 gripper.pos=+1.16
DEBUG 2026-08-19 04:27:23 [action #300] t=11.11s step=298 queue=18 dmax=0.703 | shoulder_pan.pos=-6.40 shoulder_lift.pos=-101.13 elbow_flex.pos=+85.69 wrist_flex.pos=+73.99 wrist_roll.pos=-2.14 gripper.pos=+1.02
DEBUG 2026-08-19 04:27:23 [action #301] t=11.14s step=299 queue=17 dmax=0.510 | shoulder_pan.pos=-6.80 shoulder_lift.pos=-101.26 elbow_flex.pos=+85.18 wrist_flex.pos=+73.98 wrist_roll.pos=-2.28 gripper.pos=+1.09
DEBUG 2026-08-19 04:27:23 [action #302] t=11.17s step=300 queue=16 dmax=0.671 | shoulder_pan.pos=-6.40 shoulder_lift.pos=-100.59 elbow_flex.pos=+84.79 wrist_flex.pos=+73.75 wrist_roll.pos=-2.24 gripper.pos=+1.08
DEBUG 2026-08-19 04:27:23 [action #303] t=11.21s step=301 queue=15 dmax=1.023 | shoulder_pan.pos=-6.46 shoulder_lift.pos=-99.57 elbow_flex.pos=+84.48 wrist_flex.pos=+73.66 wrist_roll.pos=-2.22 gripper.pos=+1.01
DEBUG 2026-08-19 04:27:23 [action #304] t=11.24s step=302 queue=14 dmax=0.792 | shoulder_pan.pos=-6.25 shoulder_lift.pos=-98.78 elbow_flex.pos=+83.95 wrist_flex.pos=+73.31 wrist_roll.pos=-2.27 gripper.pos=+0.91
DEBUG 2026-08-19 04:27:23 [action #305] t=11.27s step=303 queue=13 dmax=0.608 | shoulder_pan.pos=-6.34 shoulder_lift.pos=-98.17 elbow_flex.pos=+83.47 wrist_flex.pos=+73.29 wrist_roll.pos=-2.32 gripper.pos=+1.00
DEBUG 2026-08-19 04:27:23 [action #306] t=11.31s step=304 queue=12 dmax=1.218 | shoulder_pan.pos=-6.43 shoulder_lift.pos=-96.95 elbow_flex.pos=+83.35 wrist_flex.pos=+73.10 wrist_roll.pos=-2.32 gripper.pos=+0.97
DEBUG 2026-08-19 04:27:23 [action #307] t=11.34s step=305 queue=11 dmax=1.222 | shoulder_pan.pos=-6.21 shoulder_lift.pos=-96.27 elbow_flex.pos=+82.13 wrist_flex.pos=+72.97 wrist_roll.pos=-2.35 gripper.pos=+0.91
DEBUG 2026-08-19 04:27:23 [action #308] t=11.37s step=306 queue=10 dmax=1.120 | shoulder_pan.pos=-5.99 shoulder_lift.pos=-95.15 elbow_flex.pos=+81.62 wrist_flex.pos=+72.55 wrist_roll.pos=-2.26 gripper.pos=+1.00
DEBUG 2026-08-19 04:27:23 [action #309] t=11.41s step=307 queue=9 dmax=1.055 | shoulder_pan.pos=-6.10 shoulder_lift.pos=-94.09 elbow_flex.pos=+81.50 wrist_flex.pos=+72.52 wrist_roll.pos=-2.38 gripper.pos=+0.88
DEBUG 2026-08-19 04:27:23 [action #310] t=11.44s step=308 queue=8 dmax=1.280 | shoulder_pan.pos=-6.09 shoulder_lift.pos=-92.81 elbow_flex.pos=+80.55 wrist_flex.pos=+72.25 wrist_roll.pos=-2.34 gripper.pos=+0.79
DEBUG 2026-08-19 04:27:23 [action #311] t=11.47s step=309 queue=7 dmax=0.825 | shoulder_pan.pos=-5.92 shoulder_lift.pos=-91.99 elbow_flex.pos=+79.76 wrist_flex.pos=+72.18 wrist_roll.pos=-2.34 gripper.pos=+0.97
DEBUG 2026-08-19 04:27:23 [action #312] t=11.51s step=310 queue=6 dmax=1.331 | shoulder_pan.pos=-5.76 shoulder_lift.pos=-90.66 elbow_flex.pos=+78.80 wrist_flex.pos=+71.78 wrist_roll.pos=-2.35 gripper.pos=+0.86
DEBUG 2026-08-19 04:27:23 [action #313] t=11.54s step=311 queue=5 dmax=0.895 | shoulder_pan.pos=-5.46 shoulder_lift.pos=-89.76 elbow_flex.pos=+78.33 wrist_flex.pos=+71.78 wrist_roll.pos=-2.36 gripper.pos=+0.94
DEBUG 2026-08-19 04:27:23 [action #314] t=11.58s step=312 queue=4 dmax=0.811 | shoulder_pan.pos=-5.66 shoulder_lift.pos=-88.95 elbow_flex.pos=+77.69 wrist_flex.pos=+71.71 wrist_roll.pos=-2.43 gripper.pos=+0.94
DEBUG 2026-08-19 04:27:23 [chunk] received 50 actions, timesteps 289..338 | first: shoulder_pan.pos=-4.92 shoulder_lift.pos=-100.78 elbow_flex.pos=+85.71 wrist_flex.pos=+77.51 wrist_roll.pos=-2.77 gripper.pos=+0.83 | last: shoulder_pan.pos=-5.86 shoulder_lift.pos=-101.99 elbow_flex.pos=+87.41 wrist_flex.pos=+77.47 wrist_roll.pos=-3.16 gripper.pos=+0.57
DEBUG 2026-08-19 04:27:23 [action #315] t=11.61s step=313 queue=26 dmax=8.801 | shoulder_pan.pos=-5.57 shoulder_lift.pos=-97.75 elbow_flex.pos=+83.76 wrist_flex.pos=+75.73 wrist_roll.pos=-2.85 gripper.pos=+0.60
DEBUG 2026-08-19 04:27:23 [action #316] t=11.64s step=314 queue=25 dmax=0.334 | shoulder_pan.pos=-5.24 shoulder_lift.pos=-97.71 elbow_flex.pos=+83.89 wrist_flex.pos=+76.01 wrist_roll.pos=-2.86 gripper.pos=+0.81
DEBUG 2026-08-19 04:27:23 [action #317] t=11.68s step=315 queue=24 dmax=0.683 | shoulder_pan.pos=-5.49 shoulder_lift.pos=-97.02 elbow_flex.pos=+83.57 wrist_flex.pos=+75.71 wrist_roll.pos=-2.89 gripper.pos=+0.63
DEBUG 2026-08-19 04:27:23 [action #318] t=11.71s step=316 queue=23 dmax=4.077 | shoulder_pan.pos=-5.33 shoulder_lift.pos=-101.10 elbow_flex.pos=+87.26 wrist_flex.pos=+77.76 wrist_roll.pos=-3.02 gripper.pos=+0.55
DEBUG 2026-08-19 04:27:23 [action #319] t=11.74s step=317 queue=22 dmax=0.323 | shoulder_pan.pos=-5.65 shoulder_lift.pos=-101.29 elbow_flex.pos=+87.23 wrist_flex.pos=+77.72 wrist_roll.pos=-2.99 gripper.pos=+0.55
DEBUG 2026-08-19 04:27:23 [action #320] t=11.78s step=318 queue=21 dmax=1.064 | shoulder_pan.pos=-5.56 shoulder_lift.pos=-101.66 elbow_flex.pos=+86.17 wrist_flex.pos=+77.70 wrist_roll.pos=-3.05 gripper.pos=+0.50
DEBUG 2026-08-19 04:27:23 [action #321] t=11.81s step=319 queue=20 dmax=0.328 | shoulder_pan.pos=-5.64 shoulder_lift.pos=-101.86 elbow_flex.pos=+86.50 wrist_flex.pos=+77.60 wrist_roll.pos=-3.03 gripper.pos=+0.45
DEBUG 2026-08-19 04:27:23 [action #322] t=11.84s step=320 queue=19 dmax=0.595 | shoulder_pan.pos=-5.48 shoulder_lift.pos=-101.27 elbow_flex.pos=+86.78 wrist_flex.pos=+77.30 wrist_roll.pos=-3.02 gripper.pos=+0.35
DEBUG 2026-08-19 04:27:23 [action #323] t=11.88s step=321 queue=18 dmax=0.728 | shoulder_pan.pos=-5.65 shoulder_lift.pos=-101.99 elbow_flex.pos=+86.87 wrist_flex.pos=+77.54 wrist_roll.pos=-2.88 gripper.pos=+0.46
DEBUG 2026-08-19 04:27:23 [action #324] t=11.91s step=322 queue=17 dmax=0.635 | shoulder_pan.pos=-5.71 shoulder_lift.pos=-101.36 elbow_flex.pos=+87.17 wrist_flex.pos=+77.62 wrist_roll.pos=-2.99 gripper.pos=+0.54
DEBUG 2026-08-19 04:27:23 [action #325] t=11.94s step=323 queue=16 dmax=0.674 | shoulder_pan.pos=-5.67 shoulder_lift.pos=-102.03 elbow_flex.pos=+86.82 wrist_flex.pos=+77.90 wrist_roll.pos=-2.95 gripper.pos=+0.39
DEBUG 2026-08-19 04:27:24 [action #326] t=11.98s step=324 queue=15 dmax=0.724 | shoulder_pan.pos=-5.55 shoulder_lift.pos=-101.77 elbow_flex.pos=+87.54 wrist_flex.pos=+77.62 wrist_roll.pos=-2.90 gripper.pos=+0.56
DEBUG 2026-08-19 04:27:24 [action #327] t=12.01s step=325 queue=14 dmax=0.463 | shoulder_pan.pos=-5.58 shoulder_lift.pos=-101.65 elbow_flex.pos=+87.08 wrist_flex.pos=+77.68 wrist_roll.pos=-2.93 gripper.pos=+0.59
DEBUG 2026-08-19 04:27:24 [action #328] t=12.05s step=326 queue=13 dmax=0.309 | shoulder_pan.pos=-5.89 shoulder_lift.pos=-101.85 elbow_flex.pos=+87.04 wrist_flex.pos=+77.47 wrist_roll.pos=-3.01 gripper.pos=+0.57
DEBUG 2026-08-19 04:27:24 [action #329] t=12.08s step=327 queue=12 dmax=0.312 | shoulder_pan.pos=-5.58 shoulder_lift.pos=-101.58 elbow_flex.pos=+87.34 wrist_flex.pos=+77.69 wrist_roll.pos=-2.94 gripper.pos=+0.67
DEBUG 2026-08-19 04:27:24 [action #330] t=12.11s step=328 queue=11 dmax=0.205 | shoulder_pan.pos=-5.62 shoulder_lift.pos=-101.68 elbow_flex.pos=+87.14 wrist_flex.pos=+77.52 wrist_roll.pos=-3.07 gripper.pos=+0.59
DEBUG 2026-08-19 04:27:24 [action #331] t=12.15s step=329 queue=10 dmax=0.791 | shoulder_pan.pos=-5.50 shoulder_lift.pos=-100.89 elbow_flex.pos=+87.31 wrist_flex.pos=+77.58 wrist_roll.pos=-3.04 gripper.pos=+0.47
DEBUG 2026-08-19 04:27:24 [action #332] t=12.18s step=330 queue=9 dmax=0.860 | shoulder_pan.pos=-5.87 shoulder_lift.pos=-101.75 elbow_flex.pos=+87.11 wrist_flex.pos=+77.57 wrist_roll.pos=-2.93 gripper.pos=+0.53
DEBUG 2026-08-19 04:27:24 [action #333] t=12.21s step=331 queue=8 dmax=0.391 | shoulder_pan.pos=-5.60 shoulder_lift.pos=-101.36 elbow_flex.pos=+86.99 wrist_flex.pos=+77.26 wrist_roll.pos=-2.96 gripper.pos=+0.36
DEBUG 2026-08-19 04:27:24 [action #334] t=12.25s step=332 queue=7 dmax=0.734 | shoulder_pan.pos=-5.58 shoulder_lift.pos=-102.09 elbow_flex.pos=+87.20 wrist_flex.pos=+77.65 wrist_roll.pos=-3.02 gripper.pos=+0.64
DEBUG 2026-08-19 04:27:24 [action #335] t=12.28s step=333 queue=6 dmax=0.359 | shoulder_pan.pos=-5.51 shoulder_lift.pos=-102.18 elbow_flex.pos=+87.56 wrist_flex.pos=+77.48 wrist_roll.pos=-2.97 gripper.pos=+0.64
DEBUG 2026-08-19 04:27:24 [action #336] t=12.31s step=334 queue=5 dmax=0.704 | shoulder_pan.pos=-5.60 shoulder_lift.pos=-102.35 elbow_flex.pos=+86.86 wrist_flex.pos=+77.51 wrist_roll.pos=-3.17 gripper.pos=+0.53
DEBUG 2026-08-19 04:27:24 [chunk] received 50 actions, timesteps 312..361 | first: shoulder_pan.pos=-6.31 shoulder_lift.pos=-97.98 elbow_flex.pos=+83.20 wrist_flex.pos=+72.61 wrist_roll.pos=-2.36 gripper.pos=+0.28 | last: shoulder_pan.pos=-7.06 shoulder_lift.pos=-99.28 elbow_flex.pos=+83.33 wrist_flex.pos=+75.38 wrist_roll.pos=-2.50 gripper.pos=+0.23
DEBUG 2026-08-19 04:27:24 [action #337] t=12.35s step=335 queue=27 dmax=1.305 | shoulder_pan.pos=-6.31 shoulder_lift.pos=-101.47 elbow_flex.pos=+85.89 wrist_flex.pos=+76.20 wrist_roll.pos=-2.30 gripper.pos=+0.51
DEBUG 2026-08-19 04:27:24 [action #338] t=12.38s step=336 queue=26 dmax=0.347 | shoulder_pan.pos=-6.27 shoulder_lift.pos=-101.18 elbow_flex.pos=+86.23 wrist_flex.pos=+76.04 wrist_roll.pos=-2.41 gripper.pos=+0.53
DEBUG 2026-08-19 04:27:24 [action #339] t=12.41s step=337 queue=25 dmax=0.258 | shoulder_pan.pos=-6.25 shoulder_lift.pos=-101.23 elbow_flex.pos=+86.49 wrist_flex.pos=+76.06 wrist_roll.pos=-2.37 gripper.pos=+0.68
DEBUG 2026-08-19 04:27:24 [action #340] t=12.45s step=338 queue=24 dmax=0.270 | shoulder_pan.pos=-6.22 shoulder_lift.pos=-101.01 elbow_flex.pos=+86.22 wrist_flex.pos=+76.10 wrist_roll.pos=-2.33 gripper.pos=+0.64
DEBUG 2026-08-19 04:27:24 [action #341] t=12.48s step=339 queue=23 dmax=0.858 | shoulder_pan.pos=-6.41 shoulder_lift.pos=-100.76 elbow_flex.pos=+86.19 wrist_flex.pos=+75.25 wrist_roll.pos=-2.11 gripper.pos=+0.51
DEBUG 2026-08-19 04:27:24 [action #342] t=12.51s step=340 queue=22 dmax=0.987 | shoulder_pan.pos=-6.45 shoulder_lift.pos=-101.10 elbow_flex.pos=+85.20 wrist_flex.pos=+75.35 wrist_roll.pos=-2.09 gripper.pos=+0.61
DEBUG 2026-08-19 04:27:24 [action #343] t=12.55s step=341 queue=21 dmax=0.492 | shoulder_pan.pos=-6.75 shoulder_lift.pos=-100.67 elbow_flex.pos=+85.70 wrist_flex.pos=+75.32 wrist_roll.pos=-2.10 gripper.pos=+0.50
DEBUG 2026-08-19 04:27:24 [action #344] t=12.58s step=342 queue=20 dmax=0.872 | shoulder_pan.pos=-6.51 shoulder_lift.pos=-100.55 elbow_flex.pos=+86.57 wrist_flex.pos=+75.15 wrist_roll.pos=-2.08 gripper.pos=+0.52
DEBUG 2026-08-19 04:27:24 [action #345] t=12.61s step=343 queue=19 dmax=1.262 | shoulder_pan.pos=-6.26 shoulder_lift.pos=-101.34 elbow_flex.pos=+85.31 wrist_flex.pos=+75.14 wrist_roll.pos=-2.02 gripper.pos=+0.62
DEBUG 2026-08-19 04:27:24 [action #346] t=12.65s step=344 queue=18 dmax=0.803 | shoulder_pan.pos=-6.35 shoulder_lift.pos=-101.24 elbow_flex.pos=+86.11 wrist_flex.pos=+75.17 wrist_roll.pos=-2.07 gripper.pos=+0.50
DEBUG 2026-08-19 04:27:24 [action #347] t=12.68s step=345 queue=17 dmax=0.979 | shoulder_pan.pos=-6.49 shoulder_lift.pos=-101.20 elbow_flex.pos=+85.13 wrist_flex.pos=+75.29 wrist_roll.pos=-2.20 gripper.pos=+0.41
DEBUG 2026-08-19 04:27:24 [action #348] t=12.71s step=346 queue=16 dmax=0.827 | shoulder_pan.pos=-6.80 shoulder_lift.pos=-100.37 elbow_flex.pos=+84.98 wrist_flex.pos=+75.34 wrist_roll.pos=-2.10 gripper.pos=+0.53
DEBUG 2026-08-19 04:27:24 [action #349] t=12.75s step=347 queue=15 dmax=0.312 | shoulder_pan.pos=-6.50 shoulder_lift.pos=-100.22 elbow_flex.pos=+85.16 wrist_flex.pos=+75.65 wrist_roll.pos=-2.08 gripper.pos=+0.41
DEBUG 2026-08-19 04:27:24 [action #350] t=12.78s step=348 queue=14 dmax=0.266 | shoulder_pan.pos=-6.49 shoulder_lift.pos=-100.49 elbow_flex.pos=+85.14 wrist_flex.pos=+75.40 wrist_roll.pos=-2.17 gripper.pos=+0.45
DEBUG 2026-08-19 04:27:24 [action #351] t=12.82s step=349 queue=13 dmax=0.793 | shoulder_pan.pos=-6.56 shoulder_lift.pos=-100.89 elbow_flex.pos=+85.93 wrist_flex.pos=+75.42 wrist_roll.pos=-2.11 gripper.pos=+0.70
DEBUG 2026-08-19 04:27:24 [action #352] t=12.85s step=350 queue=12 dmax=0.810 | shoulder_pan.pos=-6.70 shoulder_lift.pos=-100.93 elbow_flex.pos=+85.12 wrist_flex.pos=+75.54 wrist_roll.pos=-2.24 gripper.pos=+0.42
DEBUG 2026-08-19 04:27:24 [action #353] t=12.88s step=351 queue=11 dmax=0.435 | shoulder_pan.pos=-6.64 shoulder_lift.pos=-100.50 elbow_flex.pos=+84.98 wrist_flex.pos=+75.61 wrist_roll.pos=-2.12 gripper.pos=+0.49
DEBUG 2026-08-19 04:27:24 [action #354] t=12.92s step=352 queue=10 dmax=0.485 | shoulder_pan.pos=-6.67 shoulder_lift.pos=-100.29 elbow_flex.pos=+84.49 wrist_flex.pos=+75.73 wrist_roll.pos=-2.19 gripper.pos=+0.57
DEBUG 2026-08-19 04:27:24 [action #355] t=12.95s step=353 queue=9 dmax=0.464 | shoulder_pan.pos=-6.51 shoulder_lift.pos=-100.15 elbow_flex.pos=+84.96 wrist_flex.pos=+75.56 wrist_roll.pos=-2.27 gripper.pos=+0.56
DEBUG 2026-08-19 04:27:25 [action #356] t=12.98s step=354 queue=8 dmax=0.474 | shoulder_pan.pos=-6.69 shoulder_lift.pos=-100.62 elbow_flex.pos=+84.52 wrist_flex.pos=+75.53 wrist_roll.pos=-2.23 gripper.pos=+0.42
DEBUG 2026-08-19 04:27:25 [action #357] t=13.02s step=355 queue=7 dmax=0.501 | shoulder_pan.pos=-6.55 shoulder_lift.pos=-100.12 elbow_flex.pos=+84.65 wrist_flex.pos=+75.62 wrist_roll.pos=-2.24 gripper.pos=+0.63
DEBUG 2026-08-19 04:27:25 [chunk] received 50 actions, timesteps 333..382 | first: shoulder_pan.pos=-5.85 shoulder_lift.pos=-101.30 elbow_flex.pos=+86.35 wrist_flex.pos=+76.00 wrist_roll.pos=-2.39 gripper.pos=+0.41 | last: shoulder_pan.pos=-7.56 shoulder_lift.pos=-85.80 elbow_flex.pos=+73.89 wrist_flex.pos=+69.78 wrist_roll.pos=-3.12 gripper.pos=+0.83
DEBUG 2026-08-19 04:27:25 [action #358] t=13.05s step=356 queue=27 dmax=0.962 | shoulder_pan.pos=-6.62 shoulder_lift.pos=-100.92 elbow_flex.pos=+85.61 wrist_flex.pos=+75.40 wrist_roll.pos=-2.10 gripper.pos=+0.66
DEBUG 2026-08-19 04:27:25 [action #359] t=13.08s step=357 queue=26 dmax=0.132 | shoulder_pan.pos=-6.74 shoulder_lift.pos=-100.79 elbow_flex.pos=+85.57 wrist_flex.pos=+75.30 wrist_roll.pos=-2.17 gripper.pos=+0.54
DEBUG 2026-08-19 04:27:25 [action #360] t=13.12s step=358 queue=25 dmax=0.200 | shoulder_pan.pos=-6.94 shoulder_lift.pos=-100.75 elbow_flex.pos=+85.43 wrist_flex.pos=+75.41 wrist_roll.pos=-2.18 gripper.pos=+0.59
DEBUG 2026-08-19 04:27:25 [action #361] t=13.15s step=359 queue=24 dmax=0.438 | shoulder_pan.pos=-6.80 shoulder_lift.pos=-100.49 elbow_flex.pos=+85.00 wrist_flex.pos=+75.35 wrist_roll.pos=-2.21 gripper.pos=+0.56
DEBUG 2026-08-19 04:27:25 [action #362] t=13.18s step=360 queue=23 dmax=0.894 | shoulder_pan.pos=-6.96 shoulder_lift.pos=-99.59 elbow_flex.pos=+84.67 wrist_flex.pos=+75.07 wrist_roll.pos=-2.21 gripper.pos=+0.63
DEBUG 2026-08-19 04:27:25 [action #363] t=13.22s step=361 queue=22 dmax=0.406 | shoulder_pan.pos=-7.28 shoulder_lift.pos=-99.52 elbow_flex.pos=+84.27 wrist_flex.pos=+74.99 wrist_roll.pos=-2.30 gripper.pos=+0.55
DEBUG 2026-08-19 04:27:25 [action #364] t=13.25s step=362 queue=21 dmax=0.780 | shoulder_pan.pos=-7.80 shoulder_lift.pos=-98.74 elbow_flex.pos=+84.31 wrist_flex.pos=+74.65 wrist_roll.pos=-2.32 gripper.pos=+0.66
DEBUG 2026-08-19 04:27:25 [action #365] t=13.28s step=363 queue=20 dmax=0.990 | shoulder_pan.pos=-7.69 shoulder_lift.pos=-97.75 elbow_flex.pos=+83.42 wrist_flex.pos=+74.25 wrist_roll.pos=-2.37 gripper.pos=+0.81
DEBUG 2026-08-19 04:27:25 [action #366] t=13.32s step=364 queue=19 dmax=1.316 | shoulder_pan.pos=-7.75 shoulder_lift.pos=-96.44 elbow_flex.pos=+82.34 wrist_flex.pos=+74.03 wrist_roll.pos=-2.54 gripper.pos=+0.74
DEBUG 2026-08-19 04:27:25 [action #367] t=13.35s step=365 queue=18 dmax=1.685 | shoulder_pan.pos=-7.68 shoulder_lift.pos=-94.75 elbow_flex.pos=+81.21 wrist_flex.pos=+73.43 wrist_roll.pos=-2.61 gripper.pos=+0.71
DEBUG 2026-08-19 04:27:25 [action #368] t=13.38s step=366 queue=17 dmax=1.564 | shoulder_pan.pos=-7.86 shoulder_lift.pos=-93.19 elbow_flex.pos=+79.80 wrist_flex.pos=+72.86 wrist_roll.pos=-2.82 gripper.pos=+0.90
DEBUG 2026-08-19 04:27:25 [action #369] t=13.42s step=367 queue=16 dmax=1.954 | shoulder_pan.pos=-7.78 shoulder_lift.pos=-91.23 elbow_flex.pos=+79.01 wrist_flex.pos=+72.30 wrist_roll.pos=-2.91 gripper.pos=+0.72
DEBUG 2026-08-19 04:27:25 [action #370] t=13.45s step=368 queue=15 dmax=1.454 | shoulder_pan.pos=-7.65 shoulder_lift.pos=-89.78 elbow_flex.pos=+77.95 wrist_flex.pos=+71.73 wrist_roll.pos=-2.94 gripper.pos=+0.90
DEBUG 2026-08-19 04:27:25 [action #371] t=13.48s step=369 queue=14 dmax=1.627 | shoulder_pan.pos=-7.55 shoulder_lift.pos=-88.15 elbow_flex.pos=+76.96 wrist_flex.pos=+71.01 wrist_roll.pos=-2.95 gripper.pos=+0.77
DEBUG 2026-08-19 04:27:25 [action #372] t=13.52s step=370 queue=13 dmax=0.634 | shoulder_pan.pos=-7.66 shoulder_lift.pos=-87.67 elbow_flex.pos=+76.32 wrist_flex.pos=+71.00 wrist_roll.pos=-2.96 gripper.pos=+0.82
DEBUG 2026-08-19 04:27:25 [action #373] t=13.55s step=371 queue=12 dmax=1.059 | shoulder_pan.pos=-7.71 shoulder_lift.pos=-86.61 elbow_flex.pos=+75.82 wrist_flex.pos=+70.45 wrist_roll.pos=-2.92 gripper.pos=+0.72
DEBUG 2026-08-19 04:27:25 [action #374] t=13.58s step=372 queue=11 dmax=1.441 | shoulder_pan.pos=-7.59 shoulder_lift.pos=-85.56 elbow_flex.pos=+74.37 wrist_flex.pos=+70.31 wrist_roll.pos=-2.94 gripper.pos=+0.87
DEBUG 2026-08-19 04:27:25 [action #375] t=13.62s step=373 queue=10 dmax=0.378 | shoulder_pan.pos=-7.64 shoulder_lift.pos=-85.68 elbow_flex.pos=+74.75 wrist_flex.pos=+69.95 wrist_roll.pos=-2.90 gripper.pos=+0.93
DEBUG 2026-08-19 04:27:25 [action #376] t=13.65s step=374 queue=9 dmax=0.483 | shoulder_pan.pos=-7.88 shoulder_lift.pos=-85.62 elbow_flex.pos=+74.27 wrist_flex.pos=+69.85 wrist_roll.pos=-2.98 gripper.pos=+0.83
DEBUG 2026-08-19 04:27:25 [action #377] t=13.68s step=375 queue=8 dmax=0.498 | shoulder_pan.pos=-7.76 shoulder_lift.pos=-85.70 elbow_flex.pos=+74.77 wrist_flex.pos=+69.81 wrist_roll.pos=-2.96 gripper.pos=+0.85
DEBUG 2026-08-19 04:27:25 [action #378] t=13.72s step=376 queue=7 dmax=0.535 | shoulder_pan.pos=-7.74 shoulder_lift.pos=-86.24 elbow_flex.pos=+74.63 wrist_flex.pos=+70.00 wrist_roll.pos=-3.05 gripper.pos=+0.77
DEBUG 2026-08-19 04:27:25 [action #379] t=13.75s step=377 queue=6 dmax=0.140 | shoulder_pan.pos=-7.76 shoulder_lift.pos=-86.24 elbow_flex.pos=+74.49 wrist_flex.pos=+69.90 wrist_roll.pos=-2.99 gripper.pos=+0.86
DEBUG 2026-08-19 04:27:25 [action #380] t=13.79s step=378 queue=5 dmax=0.567 | shoulder_pan.pos=-7.55 shoulder_lift.pos=-86.81 elbow_flex.pos=+74.88 wrist_flex.pos=+70.11 wrist_roll.pos=-3.05 gripper.pos=+0.92
DEBUG 2026-08-19 04:27:25 [action #381] t=13.82s step=379 queue=4 dmax=1.003 | shoulder_pan.pos=-7.64 shoulder_lift.pos=-86.20 elbow_flex.pos=+73.87 wrist_flex.pos=+70.32 wrist_roll.pos=-3.01 gripper.pos=+0.92
DEBUG 2026-08-19 04:27:25 [action #382] t=13.85s step=380 queue=3 dmax=0.866 | shoulder_pan.pos=-7.65 shoulder_lift.pos=-86.36 elbow_flex.pos=+74.74 wrist_flex.pos=+69.99 wrist_roll.pos=-3.00 gripper.pos=+0.89
DEBUG 2026-08-19 04:27:25 [action #383] t=13.89s step=381 queue=2 dmax=0.724 | shoulder_pan.pos=-7.65 shoulder_lift.pos=-86.17 elbow_flex.pos=+74.02 wrist_flex.pos=+69.83 wrist_roll.pos=-3.08 gripper.pos=+0.80
DEBUG 2026-08-19 04:27:25 [action #384] t=13.92s step=382 queue=1 dmax=0.371 | shoulder_pan.pos=-7.56 shoulder_lift.pos=-85.80 elbow_flex.pos=+73.89 wrist_flex.pos=+69.78 wrist_roll.pos=-3.12 gripper.pos=+0.83
DEBUG 2026-08-19 04:27:25 [chunk] received 50 actions, timesteps 354..403 | first: shoulder_pan.pos=-6.40 shoulder_lift.pos=-101.16 elbow_flex.pos=+87.78 wrist_flex.pos=+76.69 wrist_roll.pos=-2.54 gripper.pos=+0.60 | last: shoulder_pan.pos=-7.83 shoulder_lift.pos=-101.84 elbow_flex.pos=+87.51 wrist_flex.pos=+76.63 wrist_roll.pos=-2.47 gripper.pos=+0.69
DEBUG 2026-08-19 04:27:25 [action #385] t=13.95s step=383 queue=21 dmax=16.673 | shoulder_pan.pos=-7.62 shoulder_lift.pos=-102.47 elbow_flex.pos=+88.00 wrist_flex.pos=+76.55 wrist_roll.pos=-2.47 gripper.pos=+0.59
DEBUG 2026-08-19 04:27:26 [action #386] t=13.99s step=384 queue=20 dmax=0.270 | shoulder_pan.pos=-7.89 shoulder_lift.pos=-102.32 elbow_flex.pos=+88.17 wrist_flex.pos=+76.72 wrist_roll.pos=-2.49 gripper.pos=+0.61
DEBUG 2026-08-19 04:27:26 [action #387] t=14.02s step=385 queue=19 dmax=0.458 | shoulder_pan.pos=-7.78 shoulder_lift.pos=-102.30 elbow_flex.pos=+88.63 wrist_flex.pos=+76.62 wrist_roll.pos=-2.44 gripper.pos=+0.79
DEBUG 2026-08-19 04:27:26 [action #388] t=14.05s step=386 queue=18 dmax=1.222 | shoulder_pan.pos=-7.50 shoulder_lift.pos=-102.37 elbow_flex.pos=+87.40 wrist_flex.pos=+76.56 wrist_roll.pos=-2.49 gripper.pos=+0.62
DEBUG 2026-08-19 04:27:26 [action #389] t=14.09s step=387 queue=17 dmax=0.696 | shoulder_pan.pos=-7.76 shoulder_lift.pos=-102.05 elbow_flex.pos=+88.10 wrist_flex.pos=+76.52 wrist_roll.pos=-2.42 gripper.pos=+0.72
DEBUG 2026-08-19 04:27:26 [action #390] t=14.12s step=388 queue=16 dmax=0.789 | shoulder_pan.pos=-7.46 shoulder_lift.pos=-102.27 elbow_flex.pos=+87.31 wrist_flex.pos=+76.63 wrist_roll.pos=-2.54 gripper.pos=+0.65
DEBUG 2026-08-19 04:27:26 [action #391] t=14.15s step=389 queue=15 dmax=0.397 | shoulder_pan.pos=-7.74 shoulder_lift.pos=-102.09 elbow_flex.pos=+87.71 wrist_flex.pos=+76.66 wrist_roll.pos=-2.52 gripper.pos=+0.66
DEBUG 2026-08-19 04:27:26 [action #392] t=14.19s step=390 queue=14 dmax=0.290 | shoulder_pan.pos=-7.74 shoulder_lift.pos=-102.38 elbow_flex.pos=+87.47 wrist_flex.pos=+76.58 wrist_roll.pos=-2.54 gripper.pos=+0.58
DEBUG 2026-08-19 04:27:26 [action #393] t=14.22s step=391 queue=13 dmax=0.336 | shoulder_pan.pos=-7.76 shoulder_lift.pos=-102.05 elbow_flex.pos=+87.37 wrist_flex.pos=+76.43 wrist_roll.pos=-2.51 gripper.pos=+0.66
DEBUG 2026-08-19 04:27:26 [action #394] t=14.25s step=392 queue=12 dmax=0.433 | shoulder_pan.pos=-7.71 shoulder_lift.pos=-102.26 elbow_flex.pos=+87.80 wrist_flex.pos=+76.61 wrist_roll.pos=-2.60 gripper.pos=+0.67
DEBUG 2026-08-19 04:27:26 [action #395] t=14.29s step=393 queue=11 dmax=0.224 | shoulder_pan.pos=-7.66 shoulder_lift.pos=-102.48 elbow_flex.pos=+87.70 wrist_flex.pos=+76.38 wrist_roll.pos=-2.61 gripper.pos=+0.53
DEBUG 2026-08-19 04:27:26 [action #396] t=14.32s step=394 queue=10 dmax=0.357 | shoulder_pan.pos=-7.70 shoulder_lift.pos=-102.13 elbow_flex.pos=+87.52 wrist_flex.pos=+76.44 wrist_roll.pos=-2.63 gripper.pos=+0.54
DEBUG 2026-08-19 04:27:26 [action #397] t=14.35s step=395 queue=9 dmax=0.094 | shoulder_pan.pos=-7.79 shoulder_lift.pos=-102.06 elbow_flex.pos=+87.61 wrist_flex.pos=+76.41 wrist_roll.pos=-2.56 gripper.pos=+0.55
DEBUG 2026-08-19 04:27:26 [action #398] t=14.39s step=396 queue=8 dmax=0.119 | shoulder_pan.pos=-7.74 shoulder_lift.pos=-101.98 elbow_flex.pos=+87.73 wrist_flex.pos=+76.46 wrist_roll.pos=-2.53 gripper.pos=+0.58
DEBUG 2026-08-19 04:27:26 [action #399] t=14.42s step=397 queue=7 dmax=0.199 | shoulder_pan.pos=-7.63 shoulder_lift.pos=-101.78 elbow_flex.pos=+87.66 wrist_flex.pos=+76.60 wrist_roll.pos=-2.57 gripper.pos=+0.61
DEBUG 2026-08-19 04:27:26 [action #400] t=14.45s step=398 queue=6 dmax=0.137 | shoulder_pan.pos=-7.72 shoulder_lift.pos=-101.71 elbow_flex.pos=+87.79 wrist_flex.pos=+76.62 wrist_roll.pos=-2.60 gripper.pos=+0.67
DEBUG 2026-08-19 04:27:26 [action #401] t=14.49s step=399 queue=5 dmax=0.530 | shoulder_pan.pos=-7.69 shoulder_lift.pos=-102.24 elbow_flex.pos=+87.63 wrist_flex.pos=+76.50 wrist_roll.pos=-2.44 gripper.pos=+0.63
DEBUG 2026-08-19 04:27:26 [action #402] t=14.52s step=400 queue=4 dmax=0.561 | shoulder_pan.pos=-8.05 shoulder_lift.pos=-102.01 elbow_flex.pos=+87.07 wrist_flex.pos=+76.28 wrist_roll.pos=-2.54 gripper.pos=+0.44
DEBUG 2026-08-19 04:27:26 [action #403] t=14.55s step=401 queue=3 dmax=0.495 | shoulder_pan.pos=-8.06 shoulder_lift.pos=-101.64 elbow_flex.pos=+87.57 wrist_flex.pos=+76.61 wrist_roll.pos=-2.52 gripper.pos=+0.59
DEBUG 2026-08-19 04:27:26 [action #404] t=14.59s step=402 queue=2 dmax=0.182 | shoulder_pan.pos=-7.89 shoulder_lift.pos=-101.45 elbow_flex.pos=+87.58 wrist_flex.pos=+76.66 wrist_roll.pos=-2.54 gripper.pos=+0.49
DEBUG 2026-08-19 04:27:26 [action #405] t=14.62s step=403 queue=1 dmax=0.385 | shoulder_pan.pos=-7.83 shoulder_lift.pos=-101.84 elbow_flex.pos=+87.51 wrist_flex.pos=+76.63 wrist_roll.pos=-2.47 gripper.pos=+0.69
DEBUG 2026-08-19 04:27:26 [chunk] received 50 actions, timesteps 382..431 | first: shoulder_pan.pos=-7.93 shoulder_lift.pos=-91.69 elbow_flex.pos=+80.54 wrist_flex.pos=+71.04 wrist_roll.pos=-2.81 gripper.pos=+0.49 | last: shoulder_pan.pos=-5.22 shoulder_lift.pos=-102.90 elbow_flex.pos=+88.42 wrist_flex.pos=+77.11 wrist_roll.pos=-3.26 gripper.pos=+0.29
DEBUG 2026-08-19 04:27:26 [action #406] t=14.72s step=404 queue=28 dmax=2.286 | shoulder_pan.pos=-5.54 shoulder_lift.pos=-101.64 elbow_flex.pos=+88.08 wrist_flex.pos=+76.94 wrist_roll.pos=-3.44 gripper.pos=+0.34
DEBUG 2026-08-19 04:27:26 [action #407] t=14.75s step=405 queue=27 dmax=0.497 | shoulder_pan.pos=-5.54 shoulder_lift.pos=-101.54 elbow_flex.pos=+87.58 wrist_flex.pos=+76.95 wrist_roll.pos=-3.41 gripper.pos=+0.47
DEBUG 2026-08-19 04:27:26 [action #408] t=14.79s step=406 queue=26 dmax=0.867 | shoulder_pan.pos=-5.36 shoulder_lift.pos=-101.66 elbow_flex.pos=+88.45 wrist_flex.pos=+77.22 wrist_roll.pos=-3.40 gripper.pos=+0.31
DEBUG 2026-08-19 04:27:26 [action #409] t=14.82s step=407 queue=25 dmax=0.210 | shoulder_pan.pos=-5.25 shoulder_lift.pos=-101.80 elbow_flex.pos=+88.66 wrist_flex.pos=+77.02 wrist_roll.pos=-3.36 gripper.pos=+0.31
DEBUG 2026-08-19 04:27:26 [action #410] t=14.85s step=408 queue=24 dmax=1.255 | shoulder_pan.pos=-5.17 shoulder_lift.pos=-101.67 elbow_flex.pos=+87.41 wrist_flex.pos=+77.03 wrist_roll.pos=-3.33 gripper.pos=+0.36
DEBUG 2026-08-19 04:27:26 [action #411] t=14.89s step=409 queue=23 dmax=0.716 | shoulder_pan.pos=-5.19 shoulder_lift.pos=-102.32 elbow_flex.pos=+88.12 wrist_flex.pos=+76.83 wrist_roll.pos=-3.32 gripper.pos=+0.38
DEBUG 2026-08-19 04:27:26 [action #412] t=14.92s step=410 queue=22 dmax=1.004 | shoulder_pan.pos=-5.15 shoulder_lift.pos=-101.32 elbow_flex.pos=+88.32 wrist_flex.pos=+76.73 wrist_roll.pos=-3.32 gripper.pos=+0.39
DEBUG 2026-08-19 04:27:26 [action #413] t=14.96s step=411 queue=21 dmax=0.362 | shoulder_pan.pos=-5.48 shoulder_lift.pos=-101.54 elbow_flex.pos=+88.68 wrist_flex.pos=+76.97 wrist_roll.pos=-3.34 gripper.pos=+0.27
DEBUG 2026-08-19 04:27:27 [action #414] t=14.99s step=412 queue=20 dmax=0.379 | shoulder_pan.pos=-5.18 shoulder_lift.pos=-101.92 elbow_flex.pos=+88.84 wrist_flex.pos=+76.85 wrist_roll.pos=-3.35 gripper.pos=+0.37
DEBUG 2026-08-19 04:27:27 [action #415] t=15.02s step=413 queue=19 dmax=0.235 | shoulder_pan.pos=-5.23 shoulder_lift.pos=-102.15 elbow_flex.pos=+88.61 wrist_flex.pos=+76.79 wrist_roll.pos=-3.30 gripper.pos=+0.42
DEBUG 2026-08-19 04:27:27 [action #416] t=15.06s step=414 queue=18 dmax=0.446 | shoulder_pan.pos=-4.97 shoulder_lift.pos=-102.06 elbow_flex.pos=+88.16 wrist_flex.pos=+76.67 wrist_roll.pos=-3.30 gripper.pos=+0.58
DEBUG 2026-08-19 04:27:27 [action #417] t=15.09s step=415 queue=17 dmax=0.338 | shoulder_pan.pos=-5.15 shoulder_lift.pos=-101.94 elbow_flex.pos=+88.50 wrist_flex.pos=+76.92 wrist_roll.pos=-3.38 gripper.pos=+0.48
DEBUG 2026-08-19 04:27:27 [action #418] t=15.12s step=416 queue=16 dmax=0.193 | shoulder_pan.pos=-4.98 shoulder_lift.pos=-101.96 elbow_flex.pos=+88.57 wrist_flex.pos=+76.72 wrist_roll.pos=-3.34 gripper.pos=+0.49
DEBUG 2026-08-19 04:27:27 [action #419] t=15.16s step=417 queue=15 dmax=0.451 | shoulder_pan.pos=-5.13 shoulder_lift.pos=-101.86 elbow_flex.pos=+88.11 wrist_flex.pos=+76.92 wrist_roll.pos=-3.25 gripper.pos=+0.49
DEBUG 2026-08-19 04:27:27 [action #420] t=15.19s step=418 queue=14 dmax=0.674 | shoulder_pan.pos=-4.83 shoulder_lift.pos=-102.54 elbow_flex.pos=+88.76 wrist_flex.pos=+76.96 wrist_roll.pos=-3.25 gripper.pos=+0.52
DEBUG 2026-08-19 04:27:27 [action #421] t=15.22s step=419 queue=13 dmax=0.196 | shoulder_pan.pos=-4.70 shoulder_lift.pos=-102.56 elbow_flex.pos=+88.56 wrist_flex.pos=+76.83 wrist_roll.pos=-3.30 gripper.pos=+0.54
DEBUG 2026-08-19 04:27:27 [action #422] t=15.26s step=420 queue=12 dmax=0.872 | shoulder_pan.pos=-5.02 shoulder_lift.pos=-101.68 elbow_flex.pos=+88.25 wrist_flex.pos=+77.02 wrist_roll.pos=-3.16 gripper.pos=+0.61
DEBUG 2026-08-19 04:27:27 [action #423] t=15.29s step=421 queue=11 dmax=0.334 | shoulder_pan.pos=-4.92 shoulder_lift.pos=-102.02 elbow_flex.pos=+88.58 wrist_flex.pos=+76.74 wrist_roll.pos=-3.31 gripper.pos=+0.59
DEBUG 2026-08-19 04:27:27 [action #424] t=15.32s step=422 queue=10 dmax=0.563 | shoulder_pan.pos=-5.02 shoulder_lift.pos=-102.40 elbow_flex.pos=+89.14 wrist_flex.pos=+76.98 wrist_roll.pos=-3.37 gripper.pos=+0.43
DEBUG 2026-08-19 04:27:27 [action #425] t=15.36s step=423 queue=9 dmax=1.076 | shoulder_pan.pos=-4.92 shoulder_lift.pos=-102.54 elbow_flex.pos=+88.07 wrist_flex.pos=+76.94 wrist_roll.pos=-3.21 gripper.pos=+0.48
DEBUG 2026-08-19 04:27:27 [chunk] received 50 actions, timesteps 403..452 | first: shoulder_pan.pos=-7.84 shoulder_lift.pos=-101.76 elbow_flex.pos=+88.07 wrist_flex.pos=+76.63 wrist_roll.pos=-2.60 gripper.pos=+0.67 | last: shoulder_pan.pos=-7.77 shoulder_lift.pos=-101.99 elbow_flex.pos=+87.13 wrist_flex.pos=+75.12 wrist_roll.pos=-2.57 gripper.pos=+0.77
DEBUG 2026-08-19 04:27:27 [action #426] t=15.39s step=424 queue=29 dmax=1.915 | shoulder_pan.pos=-6.83 shoulder_lift.pos=-102.19 elbow_flex.pos=+87.97 wrist_flex.pos=+76.32 wrist_roll.pos=-2.68 gripper.pos=+0.73
DEBUG 2026-08-19 04:27:27 [action #427] t=15.42s step=425 queue=28 dmax=0.152 | shoulder_pan.pos=-6.87 shoulder_lift.pos=-102.34 elbow_flex.pos=+87.86 wrist_flex.pos=+76.25 wrist_roll.pos=-2.79 gripper.pos=+0.67
DEBUG 2026-08-19 04:27:27 [action #428] t=15.46s step=426 queue=27 dmax=0.148 | shoulder_pan.pos=-6.85 shoulder_lift.pos=-102.39 elbow_flex.pos=+87.84 wrist_flex.pos=+76.10 wrist_roll.pos=-2.80 gripper.pos=+0.68
DEBUG 2026-08-19 04:27:27 [action #429] t=15.49s step=427 queue=26 dmax=0.144 | shoulder_pan.pos=-6.91 shoulder_lift.pos=-102.24 elbow_flex.pos=+87.85 wrist_flex.pos=+76.16 wrist_roll.pos=-2.84 gripper.pos=+0.72
DEBUG 2026-08-19 04:27:27 [action #430] t=15.52s step=428 queue=25 dmax=0.189 | shoulder_pan.pos=-6.72 shoulder_lift.pos=-102.16 elbow_flex.pos=+87.84 wrist_flex.pos=+76.21 wrist_roll.pos=-2.85 gripper.pos=+0.75
DEBUG 2026-08-19 04:27:27 [action #431] t=15.56s step=429 queue=24 dmax=0.482 | shoulder_pan.pos=-6.77 shoulder_lift.pos=-102.42 elbow_flex.pos=+87.36 wrist_flex.pos=+76.15 wrist_roll.pos=-2.81 gripper.pos=+0.69
DEBUG 2026-08-19 04:27:27 [action #432] t=15.59s step=430 queue=23 dmax=0.401 | shoulder_pan.pos=-6.91 shoulder_lift.pos=-102.41 elbow_flex.pos=+87.76 wrist_flex.pos=+76.16 wrist_roll.pos=-2.75 gripper.pos=+0.68
DEBUG 2026-08-19 04:27:27 [action #433] t=15.62s step=431 queue=22 dmax=0.171 | shoulder_pan.pos=-6.84 shoulder_lift.pos=-102.38 elbow_flex.pos=+87.59 wrist_flex.pos=+76.18 wrist_roll.pos=-2.78 gripper.pos=+0.69
DEBUG 2026-08-19 04:27:27 [action #434] t=15.66s step=432 queue=21 dmax=0.806 | shoulder_pan.pos=-7.65 shoulder_lift.pos=-102.35 elbow_flex.pos=+87.31 wrist_flex.pos=+75.62 wrist_roll.pos=-2.62 gripper.pos=+0.73
DEBUG 2026-08-19 04:27:27 [action #435] t=15.69s step=433 queue=20 dmax=0.449 | shoulder_pan.pos=-7.47 shoulder_lift.pos=-101.90 elbow_flex.pos=+87.36 wrist_flex.pos=+75.71 wrist_roll.pos=-2.60 gripper.pos=+0.85
DEBUG 2026-08-19 04:27:27 [action #436] t=15.72s step=434 queue=19 dmax=0.359 | shoulder_pan.pos=-7.71 shoulder_lift.pos=-102.26 elbow_flex.pos=+87.39 wrist_flex.pos=+75.50 wrist_roll.pos=-2.55 gripper.pos=+0.76
DEBUG 2026-08-19 04:27:27 [action #437] t=15.76s step=435 queue=18 dmax=0.272 | shoulder_pan.pos=-7.62 shoulder_lift.pos=-102.53 elbow_flex.pos=+87.23 wrist_flex.pos=+75.39 wrist_roll.pos=-2.65 gripper.pos=+0.75
DEBUG 2026-08-19 04:27:27 [action #438] t=15.79s step=436 queue=17 dmax=0.441 | shoulder_pan.pos=-7.44 shoulder_lift.pos=-102.61 elbow_flex.pos=+87.67 wrist_flex.pos=+75.47 wrist_roll.pos=-2.51 gripper.pos=+0.80
DEBUG 2026-08-19 04:27:27 [action #439] t=15.82s step=437 queue=16 dmax=0.521 | shoulder_pan.pos=-7.96 shoulder_lift.pos=-102.62 elbow_flex.pos=+87.67 wrist_flex.pos=+75.60 wrist_roll.pos=-2.57 gripper.pos=+0.72
DEBUG 2026-08-19 04:27:27 [action #440] t=15.86s step=438 queue=15 dmax=0.354 | shoulder_pan.pos=-7.62 shoulder_lift.pos=-102.30 elbow_flex.pos=+87.50 wrist_flex.pos=+75.24 wrist_roll.pos=-2.53 gripper.pos=+0.63
DEBUG 2026-08-19 04:27:27 [action #441] t=15.89s step=439 queue=14 dmax=0.374 | shoulder_pan.pos=-7.65 shoulder_lift.pos=-102.07 elbow_flex.pos=+87.12 wrist_flex.pos=+75.14 wrist_roll.pos=-2.58 gripper.pos=+0.65
DEBUG 2026-08-19 04:27:27 [action #442] t=15.92s step=440 queue=13 dmax=0.329 | shoulder_pan.pos=-7.74 shoulder_lift.pos=-102.19 elbow_flex.pos=+87.45 wrist_flex.pos=+75.14 wrist_roll.pos=-2.61 gripper.pos=+0.71
DEBUG 2026-08-19 04:27:27 [action #443] t=15.96s step=441 queue=12 dmax=0.183 | shoulder_pan.pos=-7.82 shoulder_lift.pos=-102.37 elbow_flex.pos=+87.45 wrist_flex.pos=+75.28 wrist_roll.pos=-2.62 gripper.pos=+0.73
DEBUG 2026-08-19 04:27:28 [action #444] t=15.99s step=442 queue=11 dmax=0.426 | shoulder_pan.pos=-7.73 shoulder_lift.pos=-101.94 elbow_flex.pos=+87.16 wrist_flex.pos=+75.16 wrist_roll.pos=-2.55 gripper.pos=+0.77
DEBUG 2026-08-19 04:27:28 [action #445] t=16.03s step=443 queue=10 dmax=0.215 | shoulder_pan.pos=-7.54 shoulder_lift.pos=-102.16 elbow_flex.pos=+87.29 wrist_flex.pos=+75.05 wrist_roll.pos=-2.64 gripper.pos=+0.84
DEBUG 2026-08-19 04:27:28 [action #446] t=16.06s step=444 queue=9 dmax=0.413 | shoulder_pan.pos=-7.57 shoulder_lift.pos=-102.57 elbow_flex.pos=+86.90 wrist_flex.pos=+75.19 wrist_roll.pos=-2.54 gripper.pos=+0.67
DEBUG 2026-08-19 04:27:28 [action #447] t=16.09s step=445 queue=8 dmax=0.408 | shoulder_pan.pos=-7.85 shoulder_lift.pos=-102.39 elbow_flex.pos=+87.31 wrist_flex.pos=+74.94 wrist_roll.pos=-2.62 gripper.pos=+0.69
DEBUG 2026-08-19 04:27:28 [action #448] t=16.13s step=446 queue=7 dmax=0.419 | shoulder_pan.pos=-7.66 shoulder_lift.pos=-102.52 elbow_flex.pos=+86.89 wrist_flex.pos=+75.08 wrist_roll.pos=-2.64 gripper.pos=+0.71
DEBUG 2026-08-19 04:27:28 [action #449] t=16.16s step=447 queue=6 dmax=0.444 | shoulder_pan.pos=-7.70 shoulder_lift.pos=-102.08 elbow_flex.pos=+87.17 wrist_flex.pos=+74.92 wrist_roll.pos=-2.66 gripper.pos=+0.71
DEBUG 2026-08-19 04:27:28 [action #450] t=16.19s step=448 queue=5 dmax=0.760 | shoulder_pan.pos=-7.92 shoulder_lift.pos=-102.27 elbow_flex.pos=+86.41 wrist_flex.pos=+75.11 wrist_roll.pos=-2.57 gripper.pos=+0.59
DEBUG 2026-08-19 04:27:28 [chunk] received 50 actions, timesteps 423..472 | first: shoulder_pan.pos=-5.07 shoulder_lift.pos=-102.09 elbow_flex.pos=+88.94 wrist_flex.pos=+75.88 wrist_roll.pos=-3.03 gripper.pos=+0.45 | last: shoulder_pan.pos=-6.30 shoulder_lift.pos=-102.23 elbow_flex.pos=+87.86 wrist_flex.pos=+75.38 wrist_roll.pos=-3.06 gripper.pos=+0.43
INFO 2026-08-19 04:27:28 Final action sent: shoulder_pan.pos=-7.92 shoulder_lift.pos=-102.27 elbow_flex.pos=+86.41 wrist_flex.pos=+75.11 wrist_roll.pos=-2.57 gripper.pos=+0.59
DEBUG 2026-08-19 04:27:28 === episode end | 16.2s | converged=True | actions=450 ===
DEBUG 2026-08-19 04:27:35 === episode start | task: 'put the brown pouch on the tray' | duration: 30.0s ===
DEBUG 2026-08-19 04:27:36 [chunk] received 50 actions, timesteps 447..496 | first: shoulder_pan.pos=-8.49 shoulder_lift.pos=-102.11 elbow_flex.pos=+89.56 wrist_flex.pos=+75.68 wrist_roll.pos=-2.95 gripper.pos=+0.40 | last: shoulder_pan.pos=-9.01 shoulder_lift.pos=-102.30 elbow_flex.pos=+87.94 wrist_flex.pos=+75.10 wrist_roll.pos=-2.81 gripper.pos=+0.48
DEBUG 2026-08-19 04:27:36 [action #1] t=0.87s step=447 queue=50 dmax=n/a | shoulder_pan.pos=-8.49 shoulder_lift.pos=-102.11 elbow_flex.pos=+89.56 wrist_flex.pos=+75.68 wrist_roll.pos=-2.95 gripper.pos=+0.40
DEBUG 2026-08-19 04:27:36 [action #2] t=0.90s step=448 queue=49 dmax=0.591 | shoulder_pan.pos=-8.81 shoulder_lift.pos=-102.70 elbow_flex.pos=+89.10 wrist_flex.pos=+75.73 wrist_roll.pos=-2.98 gripper.pos=+0.47
DEBUG 2026-08-19 04:27:36 [action #3] t=0.94s step=449 queue=48 dmax=0.651 | shoulder_pan.pos=-8.92 shoulder_lift.pos=-102.05 elbow_flex.pos=+89.66 wrist_flex.pos=+75.77 wrist_roll.pos=-2.98 gripper.pos=+0.43
DEBUG 2026-08-19 04:27:36 [action #4] t=0.97s step=450 queue=47 dmax=0.285 | shoulder_pan.pos=-9.15 shoulder_lift.pos=-102.34 elbow_flex.pos=+89.70 wrist_flex.pos=+75.60 wrist_roll.pos=-2.95 gripper.pos=+0.48
DEBUG 2026-08-19 04:27:36 [action #5] t=1.00s step=451 queue=46 dmax=0.142 | shoulder_pan.pos=-9.28 shoulder_lift.pos=-102.35 elbow_flex.pos=+89.56 wrist_flex.pos=+75.56 wrist_roll.pos=-2.97 gripper.pos=+0.34
DEBUG 2026-08-19 04:27:36 [action #6] t=1.04s step=452 queue=45 dmax=0.224 | shoulder_pan.pos=-9.50 shoulder_lift.pos=-102.55 elbow_flex.pos=+89.75 wrist_flex.pos=+75.59 wrist_roll.pos=-2.89 gripper.pos=+0.45
DEBUG 2026-08-19 04:27:36 [action #7] t=1.07s step=453 queue=44 dmax=0.336 | shoulder_pan.pos=-9.34 shoulder_lift.pos=-102.21 elbow_flex.pos=+89.52 wrist_flex.pos=+75.60 wrist_roll.pos=-2.96 gripper.pos=+0.35
DEBUG 2026-08-19 04:27:36 [action #8] t=1.10s step=454 queue=43 dmax=0.265 | shoulder_pan.pos=-9.16 shoulder_lift.pos=-102.48 elbow_flex.pos=+89.68 wrist_flex.pos=+75.53 wrist_roll.pos=-2.89 gripper.pos=+0.48
DEBUG 2026-08-19 04:27:36 [action #9] t=1.14s step=455 queue=42 dmax=0.330 | shoulder_pan.pos=-8.94 shoulder_lift.pos=-102.73 elbow_flex.pos=+89.35 wrist_flex.pos=+75.57 wrist_roll.pos=-2.94 gripper.pos=+0.38
DEBUG 2026-08-19 04:27:36 [action #10] t=1.17s step=456 queue=41 dmax=0.329 | shoulder_pan.pos=-8.89 shoulder_lift.pos=-102.88 elbow_flex.pos=+89.68 wrist_flex.pos=+75.57 wrist_roll.pos=-2.94 gripper.pos=+0.52
DEBUG 2026-08-19 04:27:36 [action #11] t=1.20s step=457 queue=40 dmax=0.581 | shoulder_pan.pos=-8.81 shoulder_lift.pos=-102.65 elbow_flex.pos=+89.10 wrist_flex.pos=+75.58 wrist_roll.pos=-2.95 gripper.pos=+0.39
DEBUG 2026-08-19 04:27:36 [action #12] t=1.24s step=458 queue=39 dmax=0.353 | shoulder_pan.pos=-8.46 shoulder_lift.pos=-102.48 elbow_flex.pos=+89.41 wrist_flex.pos=+75.47 wrist_roll.pos=-2.98 gripper.pos=+0.49
DEBUG 2026-08-19 04:27:36 [action #13] t=1.27s step=459 queue=38 dmax=0.574 | shoulder_pan.pos=-8.65 shoulder_lift.pos=-103.06 elbow_flex.pos=+89.56 wrist_flex.pos=+75.44 wrist_roll.pos=-2.91 gripper.pos=+0.43
DEBUG 2026-08-19 04:27:36 [action #14] t=1.30s step=460 queue=37 dmax=0.474 | shoulder_pan.pos=-8.52 shoulder_lift.pos=-103.05 elbow_flex.pos=+89.09 wrist_flex.pos=+75.35 wrist_roll.pos=-2.97 gripper.pos=+0.54
DEBUG 2026-08-19 04:27:36 [action #15] t=1.34s step=461 queue=36 dmax=0.461 | shoulder_pan.pos=-8.52 shoulder_lift.pos=-102.59 elbow_flex.pos=+88.89 wrist_flex.pos=+75.33 wrist_roll.pos=-2.99 gripper.pos=+0.48
DEBUG 2026-08-19 04:27:36 [action #16] t=1.37s step=462 queue=35 dmax=0.310 | shoulder_pan.pos=-8.52 shoulder_lift.pos=-102.59 elbow_flex.pos=+89.20 wrist_flex.pos=+75.21 wrist_roll.pos=-2.87 gripper.pos=+0.53
DEBUG 2026-08-19 04:27:36 [chunk] received 50 actions, timesteps 0..49 | first: shoulder_pan.pos=-5.64 shoulder_lift.pos=-102.26 elbow_flex.pos=+89.12 wrist_flex.pos=+74.87 wrist_roll.pos=-1.39 gripper.pos=+1.09 | last: shoulder_pan.pos=-8.42 shoulder_lift.pos=-101.46 elbow_flex.pos=+89.00 wrist_flex.pos=+74.29 wrist_roll.pos=-1.46 gripper.pos=+0.95
DEBUG 2026-08-19 04:27:37 [chunk] received 50 actions, timesteps 461..510 | first: shoulder_pan.pos=-8.78 shoulder_lift.pos=-101.86 elbow_flex.pos=+88.87 wrist_flex.pos=+75.54 wrist_roll.pos=-2.78 gripper.pos=+0.64 | last: shoulder_pan.pos=-8.40 shoulder_lift.pos=-102.63 elbow_flex.pos=+87.47 wrist_flex.pos=+74.65 wrist_roll.pos=-2.83 gripper.pos=+1.06
DEBUG 2026-08-19 04:27:37 [action #17] t=2.11s step=463 queue=48 dmax=0.998 | shoulder_pan.pos=-8.55 shoulder_lift.pos=-101.59 elbow_flex.pos=+89.27 wrist_flex.pos=+75.36 wrist_roll.pos=-2.84 gripper.pos=+0.81
DEBUG 2026-08-19 04:27:37 [action #18] t=2.14s step=464 queue=47 dmax=0.529 | shoulder_pan.pos=-8.61 shoulder_lift.pos=-102.12 elbow_flex.pos=+88.74 wrist_flex.pos=+75.28 wrist_roll.pos=-2.84 gripper.pos=+0.87
DEBUG 2026-08-19 04:27:37 [action #19] t=2.18s step=465 queue=46 dmax=0.361 | shoulder_pan.pos=-8.31 shoulder_lift.pos=-102.44 elbow_flex.pos=+89.10 wrist_flex.pos=+75.28 wrist_roll.pos=-2.85 gripper.pos=+0.84
DEBUG 2026-08-19 04:27:37 [action #20] t=2.21s step=466 queue=45 dmax=0.313 | shoulder_pan.pos=-8.26 shoulder_lift.pos=-102.13 elbow_flex.pos=+89.10 wrist_flex.pos=+75.21 wrist_roll.pos=-2.78 gripper.pos=+0.80
DEBUG 2026-08-19 04:27:37 [action #21] t=2.24s step=467 queue=44 dmax=0.515 | shoulder_pan.pos=-8.13 shoulder_lift.pos=-101.61 elbow_flex.pos=+89.05 wrist_flex.pos=+75.20 wrist_roll.pos=-2.77 gripper.pos=+0.87
DEBUG 2026-08-19 04:27:37 [action #22] t=2.28s step=468 queue=43 dmax=0.345 | shoulder_pan.pos=-8.15 shoulder_lift.pos=-101.96 elbow_flex.pos=+89.03 wrist_flex.pos=+75.28 wrist_roll.pos=-2.79 gripper.pos=+0.77
DEBUG 2026-08-19 04:27:37 [action #23] t=2.31s step=469 queue=42 dmax=0.337 | shoulder_pan.pos=-7.81 shoulder_lift.pos=-102.18 elbow_flex.pos=+89.03 wrist_flex.pos=+75.11 wrist_roll.pos=-2.84 gripper.pos=+0.96
DEBUG 2026-08-19 04:27:37 [action #24] t=2.34s step=470 queue=41 dmax=0.294 | shoulder_pan.pos=-8.03 shoulder_lift.pos=-101.89 elbow_flex.pos=+88.89 wrist_flex.pos=+75.01 wrist_roll.pos=-2.85 gripper.pos=+0.79
DEBUG 2026-08-19 04:27:37 [action #25] t=2.38s step=471 queue=40 dmax=0.617 | shoulder_pan.pos=-8.05 shoulder_lift.pos=-101.27 elbow_flex.pos=+89.16 wrist_flex.pos=+75.14 wrist_roll.pos=-2.82 gripper.pos=+0.92
DEBUG 2026-08-19 04:27:37 [action #26] t=2.41s step=472 queue=39 dmax=0.925 | shoulder_pan.pos=-7.87 shoulder_lift.pos=-102.20 elbow_flex.pos=+88.79 wrist_flex.pos=+75.11 wrist_roll.pos=-2.78 gripper.pos=+0.84
DEBUG 2026-08-19 04:27:37 [action #27] t=2.44s step=473 queue=38 dmax=0.341 | shoulder_pan.pos=-8.06 shoulder_lift.pos=-101.86 elbow_flex.pos=+88.86 wrist_flex.pos=+75.17 wrist_roll.pos=-2.79 gripper.pos=+0.87
DEBUG 2026-08-19 04:27:38 [action #28] t=2.48s step=474 queue=37 dmax=0.300 | shoulder_pan.pos=-7.76 shoulder_lift.pos=-102.03 elbow_flex.pos=+88.74 wrist_flex.pos=+75.12 wrist_roll.pos=-2.79 gripper.pos=+0.86
DEBUG 2026-08-19 04:27:38 [action #29] t=2.51s step=475 queue=36 dmax=0.487 | shoulder_pan.pos=-7.73 shoulder_lift.pos=-102.14 elbow_flex.pos=+88.26 wrist_flex.pos=+75.10 wrist_roll.pos=-2.84 gripper.pos=+0.76
DEBUG 2026-08-19 04:27:38 [action #30] t=2.54s step=476 queue=35 dmax=0.194 | shoulder_pan.pos=-7.92 shoulder_lift.pos=-102.00 elbow_flex.pos=+88.45 wrist_flex.pos=+75.00 wrist_roll.pos=-2.75 gripper.pos=+0.91
DEBUG 2026-08-19 04:27:38 [action #31] t=2.58s step=477 queue=34 dmax=0.727 | shoulder_pan.pos=-8.08 shoulder_lift.pos=-101.28 elbow_flex.pos=+88.81 wrist_flex.pos=+75.02 wrist_roll.pos=-2.66 gripper.pos=+0.76
DEBUG 2026-08-19 04:27:38 [action #32] t=2.61s step=478 queue=33 dmax=0.777 | shoulder_pan.pos=-8.07 shoulder_lift.pos=-102.05 elbow_flex.pos=+88.61 wrist_flex.pos=+74.94 wrist_roll.pos=-2.67 gripper.pos=+0.90
DEBUG 2026-08-19 04:27:38 [action #33] t=2.64s step=479 queue=32 dmax=0.288 | shoulder_pan.pos=-8.36 shoulder_lift.pos=-102.14 elbow_flex.pos=+88.79 wrist_flex.pos=+75.18 wrist_roll.pos=-2.83 gripper.pos=+0.87
DEBUG 2026-08-19 04:27:38 [chunk] received 50 actions, timesteps 462..511 | first: shoulder_pan.pos=-9.57 shoulder_lift.pos=-101.71 elbow_flex.pos=+88.89 wrist_flex.pos=+76.13 wrist_roll.pos=-2.61 gripper.pos=+0.87 | last: shoulder_pan.pos=-9.58 shoulder_lift.pos=-102.62 elbow_flex.pos=+89.23 wrist_flex.pos=+72.60 wrist_roll.pos=-2.76 gripper.pos=+0.90
DEBUG 2026-08-19 04:27:38 [action #34] t=2.68s step=480 queue=32 dmax=0.866 | shoulder_pan.pos=-9.22 shoulder_lift.pos=-102.55 elbow_flex.pos=+88.98 wrist_flex.pos=+75.20 wrist_roll.pos=-2.70 gripper.pos=+0.96
DEBUG 2026-08-19 04:27:38 [action #35] t=2.71s step=481 queue=31 dmax=0.454 | shoulder_pan.pos=-9.33 shoulder_lift.pos=-102.10 elbow_flex.pos=+89.33 wrist_flex.pos=+75.06 wrist_roll.pos=-2.66 gripper.pos=+0.88
DEBUG 2026-08-19 04:27:38 [action #36] t=2.74s step=482 queue=30 dmax=0.300 | shoulder_pan.pos=-9.46 shoulder_lift.pos=-102.35 elbow_flex.pos=+89.03 wrist_flex.pos=+75.12 wrist_roll.pos=-2.71 gripper.pos=+0.86
DEBUG 2026-08-19 04:27:38 [action #37] t=2.78s step=483 queue=29 dmax=0.427 | shoulder_pan.pos=-9.38 shoulder_lift.pos=-102.78 elbow_flex.pos=+88.70 wrist_flex.pos=+74.88 wrist_roll.pos=-2.70 gripper.pos=+0.95
DEBUG 2026-08-19 04:27:38 [action #38] t=2.81s step=484 queue=28 dmax=0.496 | shoulder_pan.pos=-9.40 shoulder_lift.pos=-102.28 elbow_flex.pos=+89.10 wrist_flex.pos=+74.68 wrist_roll.pos=-2.68 gripper.pos=+0.91
DEBUG 2026-08-19 04:27:38 [action #39] t=2.84s step=485 queue=27 dmax=0.166 | shoulder_pan.pos=-9.40 shoulder_lift.pos=-102.29 elbow_flex.pos=+89.11 wrist_flex.pos=+74.52 wrist_roll.pos=-2.74 gripper.pos=+0.95
DEBUG 2026-08-19 04:27:38 [action #40] t=2.88s step=486 queue=26 dmax=0.211 | shoulder_pan.pos=-9.34 shoulder_lift.pos=-102.50 elbow_flex.pos=+89.10 wrist_flex.pos=+74.38 wrist_roll.pos=-2.73 gripper.pos=+1.01
DEBUG 2026-08-19 04:27:38 [action #41] t=2.91s step=487 queue=25 dmax=0.172 | shoulder_pan.pos=-9.34 shoulder_lift.pos=-102.45 elbow_flex.pos=+89.14 wrist_flex.pos=+74.21 wrist_roll.pos=-2.85 gripper.pos=+0.93
DEBUG 2026-08-19 04:27:38 [action #42] t=2.94s step=488 queue=24 dmax=0.225 | shoulder_pan.pos=-9.34 shoulder_lift.pos=-102.23 elbow_flex.pos=+89.14 wrist_flex.pos=+74.03 wrist_roll.pos=-2.77 gripper.pos=+0.88
DEBUG 2026-08-19 04:27:38 [action #43] t=2.98s step=489 queue=23 dmax=0.343 | shoulder_pan.pos=-9.19 shoulder_lift.pos=-101.89 elbow_flex.pos=+89.23 wrist_flex.pos=+73.83 wrist_roll.pos=-2.72 gripper.pos=+0.85
DEBUG 2026-08-19 04:27:38 [action #44] t=3.01s step=490 queue=22 dmax=0.408 | shoulder_pan.pos=-9.13 shoulder_lift.pos=-102.29 elbow_flex.pos=+89.32 wrist_flex.pos=+73.83 wrist_roll.pos=-2.69 gripper.pos=+0.99
DEBUG 2026-08-19 04:27:38 [action #45] t=3.05s step=491 queue=21 dmax=0.235 | shoulder_pan.pos=-9.13 shoulder_lift.pos=-102.22 elbow_flex.pos=+89.54 wrist_flex.pos=+73.59 wrist_roll.pos=-2.71 gripper.pos=+0.93
DEBUG 2026-08-19 04:27:38 [action #46] t=3.08s step=492 queue=20 dmax=0.620 | shoulder_pan.pos=-9.47 shoulder_lift.pos=-102.70 elbow_flex.pos=+88.92 wrist_flex.pos=+73.57 wrist_roll.pos=-2.76 gripper.pos=+0.86
DEBUG 2026-08-19 04:27:38 [action #47] t=3.11s step=493 queue=19 dmax=0.509 | shoulder_pan.pos=-9.12 shoulder_lift.pos=-102.19 elbow_flex.pos=+88.94 wrist_flex.pos=+73.24 wrist_roll.pos=-2.74 gripper.pos=+0.86
DEBUG 2026-08-19 04:27:38 [action #48] t=3.15s step=494 queue=18 dmax=0.338 | shoulder_pan.pos=-8.96 shoulder_lift.pos=-102.32 elbow_flex.pos=+89.27 wrist_flex.pos=+73.39 wrist_roll.pos=-2.83 gripper.pos=+0.98
DEBUG 2026-08-19 04:27:38 [action #49] t=3.18s step=495 queue=17 dmax=0.157 | shoulder_pan.pos=-9.07 shoulder_lift.pos=-102.39 elbow_flex.pos=+89.12 wrist_flex.pos=+73.30 wrist_roll.pos=-2.78 gripper.pos=+1.01
DEBUG 2026-08-19 04:27:38 [action #50] t=3.21s step=496 queue=16 dmax=0.708 | shoulder_pan.pos=-9.24 shoulder_lift.pos=-101.68 elbow_flex.pos=+89.15 wrist_flex.pos=+72.99 wrist_roll.pos=-2.76 gripper.pos=+0.88
DEBUG 2026-08-19 04:27:38 [action #51] t=3.25s step=497 queue=15 dmax=0.340 | shoulder_pan.pos=-8.90 shoulder_lift.pos=-101.78 elbow_flex.pos=+89.09 wrist_flex.pos=+73.13 wrist_roll.pos=-2.75 gripper.pos=+1.07
DEBUG 2026-08-19 04:27:38 [action #52] t=3.28s step=498 queue=14 dmax=0.560 | shoulder_pan.pos=-9.09 shoulder_lift.pos=-102.34 elbow_flex.pos=+88.87 wrist_flex.pos=+73.12 wrist_roll.pos=-2.85 gripper.pos=+0.94
DEBUG 2026-08-19 04:27:38 [action #53] t=3.31s step=499 queue=13 dmax=0.211 | shoulder_pan.pos=-8.90 shoulder_lift.pos=-102.14 elbow_flex.pos=+88.65 wrist_flex.pos=+73.19 wrist_roll.pos=-2.75 gripper.pos=+1.07
DEBUG 2026-08-19 04:27:38 [action #54] t=3.35s step=500 queue=12 dmax=0.203 | shoulder_pan.pos=-9.11 shoulder_lift.pos=-102.06 elbow_flex.pos=+88.77 wrist_flex.pos=+73.26 wrist_roll.pos=-2.80 gripper.pos=+1.03
DEBUG 2026-08-19 04:27:38 [action #55] t=3.38s step=501 queue=11 dmax=0.288 | shoulder_pan.pos=-8.91 shoulder_lift.pos=-102.35 elbow_flex.pos=+88.77 wrist_flex.pos=+73.13 wrist_roll.pos=-2.74 gripper.pos=+0.89
DEBUG 2026-08-19 04:27:38 [action #56] t=3.41s step=502 queue=10 dmax=0.274 | shoulder_pan.pos=-9.12 shoulder_lift.pos=-102.39 elbow_flex.pos=+89.04 wrist_flex.pos=+73.22 wrist_roll.pos=-2.72 gripper.pos=+0.89
DEBUG 2026-08-19 04:27:38 [action #57] t=3.45s step=503 queue=9 dmax=0.215 | shoulder_pan.pos=-9.09 shoulder_lift.pos=-102.61 elbow_flex.pos=+88.92 wrist_flex.pos=+73.32 wrist_roll.pos=-2.81 gripper.pos=+0.93
DEBUG 2026-08-19 04:27:39 [action #58] t=3.48s step=504 queue=8 dmax=0.363 | shoulder_pan.pos=-9.17 shoulder_lift.pos=-102.24 elbow_flex.pos=+88.78 wrist_flex.pos=+73.15 wrist_roll.pos=-2.73 gripper.pos=+0.99
DEBUG 2026-08-19 04:27:39 [action #59] t=3.51s step=505 queue=7 dmax=0.526 | shoulder_pan.pos=-9.32 shoulder_lift.pos=-101.81 elbow_flex.pos=+88.26 wrist_flex.pos=+73.24 wrist_roll.pos=-2.74 gripper.pos=+1.07
DEBUG 2026-08-19 04:27:39 [action #60] t=3.55s step=506 queue=6 dmax=0.506 | shoulder_pan.pos=-9.06 shoulder_lift.pos=-102.03 elbow_flex.pos=+88.76 wrist_flex.pos=+73.20 wrist_roll.pos=-2.76 gripper.pos=+0.89
DEBUG 2026-08-19 04:27:39 [action #61] t=3.58s step=507 queue=5 dmax=0.332 | shoulder_pan.pos=-9.06 shoulder_lift.pos=-102.37 elbow_flex.pos=+88.68 wrist_flex.pos=+73.23 wrist_roll.pos=-2.77 gripper.pos=+0.85
DEBUG 2026-08-19 04:27:39 [action #62] t=3.61s step=508 queue=4 dmax=0.191 | shoulder_pan.pos=-9.07 shoulder_lift.pos=-102.17 elbow_flex.pos=+88.55 wrist_flex.pos=+73.33 wrist_roll.pos=-2.76 gripper.pos=+0.98
DEBUG 2026-08-19 04:27:39 [action #63] t=3.65s step=509 queue=3 dmax=0.145 | shoulder_pan.pos=-9.10 shoulder_lift.pos=-102.32 elbow_flex.pos=+88.55 wrist_flex.pos=+73.38 wrist_roll.pos=-2.75 gripper.pos=+0.98
DEBUG 2026-08-19 04:27:39 [action #64] t=3.68s step=510 queue=2 dmax=0.442 | shoulder_pan.pos=-9.23 shoulder_lift.pos=-102.76 elbow_flex.pos=+88.55 wrist_flex.pos=+73.26 wrist_roll.pos=-2.78 gripper.pos=+0.94
DEBUG 2026-08-19 04:27:39 [action #65] t=3.71s step=511 queue=1 dmax=0.684 | shoulder_pan.pos=-9.58 shoulder_lift.pos=-102.62 elbow_flex.pos=+89.23 wrist_flex.pos=+72.60 wrist_roll.pos=-2.76 gripper.pos=+0.90
DEBUG 2026-08-19 04:27:39 [chunk] received 50 actions, timesteps 494..543 | first: shoulder_pan.pos=-9.65 shoulder_lift.pos=-102.09 elbow_flex.pos=+89.31 wrist_flex.pos=+73.34 wrist_roll.pos=-2.62 gripper.pos=+0.89 | last: shoulder_pan.pos=-10.69 shoulder_lift.pos=-102.09 elbow_flex.pos=+87.18 wrist_flex.pos=+69.37 wrist_roll.pos=-2.58 gripper.pos=+1.12
DEBUG 2026-08-19 04:27:39 [action #66] t=4.02s step=512 queue=32 dmax=2.235 | shoulder_pan.pos=-10.43 shoulder_lift.pos=-102.34 elbow_flex.pos=+89.14 wrist_flex.pos=+70.36 wrist_roll.pos=-2.59 gripper.pos=+0.98
DEBUG 2026-08-19 04:27:39 [action #67] t=4.05s step=513 queue=31 dmax=0.204 | shoulder_pan.pos=-10.46 shoulder_lift.pos=-102.46 elbow_flex.pos=+89.34 wrist_flex.pos=+70.34 wrist_roll.pos=-2.56 gripper.pos=+1.00
DEBUG 2026-08-19 04:27:39 [action #68] t=4.08s step=514 queue=30 dmax=0.193 | shoulder_pan.pos=-10.52 shoulder_lift.pos=-102.49 elbow_flex.pos=+89.15 wrist_flex.pos=+70.42 wrist_roll.pos=-2.60 gripper.pos=+1.01
DEBUG 2026-08-19 04:27:39 [action #69] t=4.12s step=515 queue=29 dmax=0.099 | shoulder_pan.pos=-10.57 shoulder_lift.pos=-102.46 elbow_flex.pos=+89.25 wrist_flex.pos=+70.48 wrist_roll.pos=-2.57 gripper.pos=+0.99
DEBUG 2026-08-19 04:27:39 [action #70] t=4.15s step=516 queue=28 dmax=0.418 | shoulder_pan.pos=-10.41 shoulder_lift.pos=-102.26 elbow_flex.pos=+88.83 wrist_flex.pos=+70.45 wrist_roll.pos=-2.51 gripper.pos=+1.02
DEBUG 2026-08-19 04:27:39 [action #71] t=4.18s step=517 queue=27 dmax=0.191 | shoulder_pan.pos=-10.38 shoulder_lift.pos=-102.45 elbow_flex.pos=+88.78 wrist_flex.pos=+70.32 wrist_roll.pos=-2.62 gripper.pos=+0.95
DEBUG 2026-08-19 04:27:39 [action #72] t=4.22s step=518 queue=26 dmax=0.193 | shoulder_pan.pos=-10.51 shoulder_lift.pos=-102.25 elbow_flex.pos=+88.83 wrist_flex.pos=+70.51 wrist_roll.pos=-2.54 gripper.pos=+0.98
DEBUG 2026-08-19 04:27:39 [action #73] t=4.25s step=519 queue=25 dmax=0.336 | shoulder_pan.pos=-10.25 shoulder_lift.pos=-102.59 elbow_flex.pos=+88.87 wrist_flex.pos=+70.56 wrist_roll.pos=-2.50 gripper.pos=+1.04
DEBUG 2026-08-19 04:27:39 [action #74] t=4.28s step=520 queue=24 dmax=0.543 | shoulder_pan.pos=-10.44 shoulder_lift.pos=-102.05 elbow_flex.pos=+88.62 wrist_flex.pos=+70.70 wrist_roll.pos=-2.55 gripper.pos=+1.00
DEBUG 2026-08-19 04:27:39 [action #75] t=4.32s step=521 queue=23 dmax=0.232 | shoulder_pan.pos=-10.24 shoulder_lift.pos=-102.28 elbow_flex.pos=+88.57 wrist_flex.pos=+70.61 wrist_roll.pos=-2.57 gripper.pos=+0.95
DEBUG 2026-08-19 04:27:39 [action #76] t=4.35s step=522 queue=22 dmax=0.359 | shoulder_pan.pos=-10.60 shoulder_lift.pos=-102.25 elbow_flex.pos=+88.89 wrist_flex.pos=+70.67 wrist_roll.pos=-2.51 gripper.pos=+0.95
DEBUG 2026-08-19 04:27:39 [action #77] t=4.38s step=523 queue=21 dmax=0.156 | shoulder_pan.pos=-10.65 shoulder_lift.pos=-102.38 elbow_flex.pos=+88.74 wrist_flex.pos=+70.60 wrist_roll.pos=-2.55 gripper.pos=+0.95
DEBUG 2026-08-19 04:27:39 [action #78] t=4.42s step=524 queue=20 dmax=0.314 | shoulder_pan.pos=-10.52 shoulder_lift.pos=-102.34 elbow_flex.pos=+88.42 wrist_flex.pos=+70.47 wrist_roll.pos=-2.56 gripper.pos=+0.92
DEBUG 2026-08-19 04:27:39 [action #79] t=4.45s step=525 queue=19 dmax=0.455 | shoulder_pan.pos=-10.59 shoulder_lift.pos=-101.88 elbow_flex.pos=+88.64 wrist_flex.pos=+70.56 wrist_roll.pos=-2.53 gripper.pos=+0.94
DEBUG 2026-08-19 04:27:40 [action #80] t=4.48s step=526 queue=18 dmax=0.224 | shoulder_pan.pos=-10.52 shoulder_lift.pos=-102.04 elbow_flex.pos=+88.47 wrist_flex.pos=+70.33 wrist_roll.pos=-2.50 gripper.pos=+1.04
DEBUG 2026-08-19 04:27:40 [action #81] t=4.52s step=527 queue=17 dmax=0.328 | shoulder_pan.pos=-10.76 shoulder_lift.pos=-101.71 elbow_flex.pos=+88.42 wrist_flex.pos=+70.38 wrist_roll.pos=-2.53 gripper.pos=+1.02
DEBUG 2026-08-19 04:27:40 [action #82] t=4.55s step=528 queue=16 dmax=0.355 | shoulder_pan.pos=-10.62 shoulder_lift.pos=-102.06 elbow_flex.pos=+88.10 wrist_flex.pos=+70.26 wrist_roll.pos=-2.56 gripper.pos=+0.89
DEBUG 2026-08-19 04:27:40 [action #83] t=4.58s step=529 queue=15 dmax=0.363 | shoulder_pan.pos=-10.66 shoulder_lift.pos=-102.43 elbow_flex.pos=+88.33 wrist_flex.pos=+70.15 wrist_roll.pos=-2.54 gripper.pos=+1.02
DEBUG 2026-08-19 04:27:40 [action #84] t=4.62s step=530 queue=14 dmax=0.443 | shoulder_pan.pos=-10.67 shoulder_lift.pos=-102.03 elbow_flex.pos=+87.89 wrist_flex.pos=+70.11 wrist_roll.pos=-2.50 gripper.pos=+1.01
DEBUG 2026-08-19 04:27:40 [action #85] t=4.65s step=531 queue=13 dmax=0.239 | shoulder_pan.pos=-10.55 shoulder_lift.pos=-101.96 elbow_flex.pos=+87.75 wrist_flex.pos=+69.87 wrist_roll.pos=-2.51 gripper.pos=+1.07
DEBUG 2026-08-19 04:27:40 [chunk] received 50 actions, timesteps 511..560 | first: shoulder_pan.pos=-9.92 shoulder_lift.pos=-101.83 elbow_flex.pos=+89.25 wrist_flex.pos=+73.45 wrist_roll.pos=-2.89 gripper.pos=+0.90 | last: shoulder_pan.pos=-9.89 shoulder_lift.pos=-102.65 elbow_flex.pos=+88.42 wrist_flex.pos=+72.72 wrist_roll.pos=-2.98 gripper.pos=+1.00
DEBUG 2026-08-19 04:27:40 [action #86] t=4.68s step=532 queue=29 dmax=1.479 | shoulder_pan.pos=-9.85 shoulder_lift.pos=-101.77 elbow_flex.pos=+88.90 wrist_flex.pos=+71.35 wrist_roll.pos=-2.82 gripper.pos=+1.03
DEBUG 2026-08-19 04:27:40 [action #87] t=4.72s step=533 queue=28 dmax=0.302 | shoulder_pan.pos=-10.15 shoulder_lift.pos=-101.60 elbow_flex.pos=+88.92 wrist_flex.pos=+71.37 wrist_roll.pos=-2.81 gripper.pos=+0.95
DEBUG 2026-08-19 04:27:40 [action #88] t=4.75s step=534 queue=27 dmax=0.828 | shoulder_pan.pos=-9.90 shoulder_lift.pos=-102.43 elbow_flex.pos=+88.60 wrist_flex.pos=+71.27 wrist_roll.pos=-2.82 gripper.pos=+0.88
DEBUG 2026-08-19 04:27:40 [action #89] t=4.79s step=535 queue=26 dmax=0.468 | shoulder_pan.pos=-9.96 shoulder_lift.pos=-101.96 elbow_flex.pos=+88.73 wrist_flex.pos=+71.25 wrist_roll.pos=-2.80 gripper.pos=+1.00
DEBUG 2026-08-19 04:27:40 [action #90] t=4.82s step=536 queue=25 dmax=0.389 | shoulder_pan.pos=-9.97 shoulder_lift.pos=-101.57 elbow_flex.pos=+88.98 wrist_flex.pos=+71.36 wrist_roll.pos=-2.76 gripper.pos=+0.95
DEBUG 2026-08-19 04:27:40 [action #91] t=4.85s step=537 queue=24 dmax=0.410 | shoulder_pan.pos=-9.95 shoulder_lift.pos=-101.76 elbow_flex.pos=+88.57 wrist_flex.pos=+71.30 wrist_roll.pos=-2.75 gripper.pos=+0.99
DEBUG 2026-08-19 04:27:40 [action #92] t=4.89s step=538 queue=23 dmax=0.135 | shoulder_pan.pos=-10.04 shoulder_lift.pos=-101.69 elbow_flex.pos=+88.66 wrist_flex.pos=+71.44 wrist_roll.pos=-2.83 gripper.pos=+0.96
DEBUG 2026-08-19 04:27:40 [action #93] t=4.92s step=539 queue=22 dmax=0.384 | shoulder_pan.pos=-10.11 shoulder_lift.pos=-101.86 elbow_flex.pos=+88.28 wrist_flex.pos=+71.43 wrist_roll.pos=-2.87 gripper.pos=+0.94
DEBUG 2026-08-19 04:27:40 [action #94] t=4.95s step=540 queue=21 dmax=0.449 | shoulder_pan.pos=-9.89 shoulder_lift.pos=-101.59 elbow_flex.pos=+88.73 wrist_flex.pos=+71.39 wrist_roll.pos=-2.77 gripper.pos=+0.98
DEBUG 2026-08-19 04:27:40 [action #95] t=4.99s step=541 queue=20 dmax=0.329 | shoulder_pan.pos=-9.78 shoulder_lift.pos=-101.86 elbow_flex.pos=+88.40 wrist_flex.pos=+71.54 wrist_roll.pos=-2.81 gripper.pos=+1.04
DEBUG 2026-08-19 04:27:40 [action #96] t=5.02s step=542 queue=19 dmax=0.304 | shoulder_pan.pos=-9.92 shoulder_lift.pos=-101.56 elbow_flex.pos=+88.22 wrist_flex.pos=+71.46 wrist_roll.pos=-2.90 gripper.pos=+0.97
DEBUG 2026-08-19 04:27:40 [action #97] t=5.05s step=543 queue=18 dmax=0.294 | shoulder_pan.pos=-10.12 shoulder_lift.pos=-101.46 elbow_flex.pos=+88.52 wrist_flex.pos=+71.39 wrist_roll.pos=-2.83 gripper.pos=+1.07
DEBUG 2026-08-19 04:27:40 [action #98] t=5.09s step=544 queue=17 dmax=0.918 | shoulder_pan.pos=-9.53 shoulder_lift.pos=-101.32 elbow_flex.pos=+89.24 wrist_flex.pos=+72.31 wrist_roll.pos=-2.94 gripper.pos=+1.08
DEBUG 2026-08-19 04:27:40 [action #99] t=5.12s step=545 queue=16 dmax=0.672 | shoulder_pan.pos=-9.76 shoulder_lift.pos=-101.79 elbow_flex.pos=+88.56 wrist_flex.pos=+72.20 wrist_roll.pos=-2.90 gripper.pos=+0.80
DEBUG 2026-08-19 04:27:40 [action #100] t=5.15s step=546 queue=15 dmax=0.497 | shoulder_pan.pos=-9.59 shoulder_lift.pos=-101.29 elbow_flex.pos=+88.99 wrist_flex.pos=+72.34 wrist_roll.pos=-2.93 gripper.pos=+1.10
DEBUG 2026-08-19 04:27:40 [action #101] t=5.19s step=547 queue=14 dmax=0.368 | shoulder_pan.pos=-9.75 shoulder_lift.pos=-100.94 elbow_flex.pos=+88.93 wrist_flex.pos=+72.71 wrist_roll.pos=-3.02 gripper.pos=+1.02
DEBUG 2026-08-19 04:27:40 [action #102] t=5.22s step=548 queue=13 dmax=0.708 | shoulder_pan.pos=-9.79 shoulder_lift.pos=-101.65 elbow_flex.pos=+88.54 wrist_flex.pos=+72.50 wrist_roll.pos=-2.85 gripper.pos=+0.97
DEBUG 2026-08-19 04:27:40 [action #103] t=5.25s step=549 queue=12 dmax=0.473 | shoulder_pan.pos=-9.57 shoulder_lift.pos=-101.61 elbow_flex.pos=+89.01 wrist_flex.pos=+72.50 wrist_roll.pos=-2.95 gripper.pos=+0.99
DEBUG 2026-08-19 04:27:40 [action #104] t=5.29s step=550 queue=11 dmax=0.299 | shoulder_pan.pos=-9.76 shoulder_lift.pos=-101.44 elbow_flex.pos=+88.97 wrist_flex.pos=+72.80 wrist_roll.pos=-2.84 gripper.pos=+0.94
DEBUG 2026-08-19 04:27:40 [action #105] t=5.32s step=551 queue=10 dmax=0.229 | shoulder_pan.pos=-9.62 shoulder_lift.pos=-101.21 elbow_flex.pos=+88.84 wrist_flex.pos=+72.66 wrist_roll.pos=-2.84 gripper.pos=+0.94
DEBUG 2026-08-19 04:27:40 [action #106] t=5.35s step=552 queue=9 dmax=0.299 | shoulder_pan.pos=-9.89 shoulder_lift.pos=-101.51 elbow_flex.pos=+88.74 wrist_flex.pos=+72.57 wrist_roll.pos=-2.91 gripper.pos=+1.08
DEBUG 2026-08-19 04:27:40 [action #107] t=5.39s step=553 queue=8 dmax=0.339 | shoulder_pan.pos=-9.75 shoulder_lift.pos=-101.83 elbow_flex.pos=+89.08 wrist_flex.pos=+72.64 wrist_roll.pos=-2.73 gripper.pos=+0.89
DEBUG 2026-08-19 04:27:40 [action #108] t=5.42s step=554 queue=7 dmax=0.964 | shoulder_pan.pos=-9.65 shoulder_lift.pos=-100.86 elbow_flex.pos=+89.16 wrist_flex.pos=+72.61 wrist_roll.pos=-2.85 gripper.pos=+1.04
DEBUG 2026-08-19 04:27:40 [chunk] received 50 actions, timesteps 531..580 | first: shoulder_pan.pos=-10.83 shoulder_lift.pos=-102.53 elbow_flex.pos=+89.75 wrist_flex.pos=+70.40 wrist_roll.pos=-2.63 gripper.pos=+0.93 | last: shoulder_pan.pos=-9.51 shoulder_lift.pos=-57.31 elbow_flex.pos=+58.02 wrist_flex.pos=+58.39 wrist_roll.pos=-3.15 gripper.pos=+1.71
DEBUG 2026-08-19 04:27:40 [action #109] t=5.45s step=555 queue=26 dmax=4.780 | shoulder_pan.pos=-10.22 shoulder_lift.pos=-101.57 elbow_flex.pos=+87.99 wrist_flex.pos=+67.83 wrist_roll.pos=-2.62 gripper.pos=+0.96
DEBUG 2026-08-19 04:27:41 [action #110] t=5.49s step=556 queue=25 dmax=0.379 | shoulder_pan.pos=-10.17 shoulder_lift.pos=-101.61 elbow_flex.pos=+87.61 wrist_flex.pos=+67.82 wrist_roll.pos=-2.63 gripper.pos=+0.96
DEBUG 2026-08-19 04:27:41 [action #111] t=5.52s step=557 queue=24 dmax=0.343 | shoulder_pan.pos=-10.35 shoulder_lift.pos=-101.27 elbow_flex.pos=+87.41 wrist_flex.pos=+67.76 wrist_roll.pos=-2.61 gripper.pos=+1.01
DEBUG 2026-08-19 04:27:41 [action #112] t=5.55s step=558 queue=23 dmax=0.249 | shoulder_pan.pos=-10.28 shoulder_lift.pos=-101.16 elbow_flex.pos=+87.16 wrist_flex.pos=+67.73 wrist_roll.pos=-2.66 gripper.pos=+0.98
DEBUG 2026-08-19 04:27:41 [action #113] t=5.59s step=559 queue=22 dmax=0.311 | shoulder_pan.pos=-10.37 shoulder_lift.pos=-100.91 elbow_flex.pos=+86.85 wrist_flex.pos=+68.03 wrist_roll.pos=-2.64 gripper.pos=+0.95
DEBUG 2026-08-19 04:27:41 [action #114] t=5.62s step=560 queue=21 dmax=0.306 | shoulder_pan.pos=-10.42 shoulder_lift.pos=-100.88 elbow_flex.pos=+86.55 wrist_flex.pos=+68.01 wrist_roll.pos=-2.70 gripper.pos=+1.04
DEBUG 2026-08-19 04:27:41 [action #115] t=5.66s step=561 queue=20 dmax=2.442 | shoulder_pan.pos=-10.75 shoulder_lift.pos=-98.44 elbow_flex.pos=+84.96 wrist_flex.pos=+66.15 wrist_roll.pos=-2.48 gripper.pos=+1.01
DEBUG 2026-08-19 04:27:41 [action #116] t=5.69s step=562 queue=19 dmax=1.140 | shoulder_pan.pos=-10.95 shoulder_lift.pos=-97.30 elbow_flex.pos=+84.19 wrist_flex.pos=+66.04 wrist_roll.pos=-2.51 gripper.pos=+1.00
DEBUG 2026-08-19 04:27:41 [action #117] t=5.72s step=563 queue=18 dmax=1.457 | shoulder_pan.pos=-11.11 shoulder_lift.pos=-95.84 elbow_flex.pos=+83.35 wrist_flex.pos=+65.91 wrist_roll.pos=-2.54 gripper.pos=+1.06
DEBUG 2026-08-19 04:27:41 [action #118] t=5.76s step=564 queue=17 dmax=1.750 | shoulder_pan.pos=-11.07 shoulder_lift.pos=-94.09 elbow_flex.pos=+82.09 wrist_flex.pos=+65.64 wrist_roll.pos=-2.49 gripper.pos=+1.12
DEBUG 2026-08-19 04:27:41 [action #119] t=5.79s step=565 queue=16 dmax=2.714 | shoulder_pan.pos=-10.90 shoulder_lift.pos=-91.38 elbow_flex.pos=+80.61 wrist_flex.pos=+65.04 wrist_roll.pos=-2.49 gripper.pos=+0.99
DEBUG 2026-08-19 04:27:41 [action #120] t=5.82s step=566 queue=15 dmax=2.892 | shoulder_pan.pos=-10.92 shoulder_lift.pos=-88.48 elbow_flex.pos=+78.91 wrist_flex.pos=+64.54 wrist_roll.pos=-2.55 gripper.pos=+0.96
DEBUG 2026-08-19 04:27:41 [action #121] t=5.86s step=567 queue=14 dmax=2.919 | shoulder_pan.pos=-10.99 shoulder_lift.pos=-85.56 elbow_flex.pos=+77.22 wrist_flex.pos=+64.06 wrist_roll.pos=-2.64 gripper.pos=+1.07
DEBUG 2026-08-19 04:27:41 [action #122] t=5.89s step=568 queue=13 dmax=3.159 | shoulder_pan.pos=-10.95 shoulder_lift.pos=-82.41 elbow_flex.pos=+75.32 wrist_flex.pos=+63.47 wrist_roll.pos=-2.61 gripper.pos=+1.14
DEBUG 2026-08-19 04:27:41 [action #123] t=5.92s step=569 queue=12 dmax=2.873 | shoulder_pan.pos=-10.76 shoulder_lift.pos=-79.53 elbow_flex.pos=+73.70 wrist_flex.pos=+62.84 wrist_roll.pos=-2.66 gripper.pos=+1.13
DEBUG 2026-08-19 04:27:41 [action #124] t=5.96s step=570 queue=11 dmax=3.564 | shoulder_pan.pos=-10.55 shoulder_lift.pos=-75.97 elbow_flex.pos=+71.89 wrist_flex.pos=+62.41 wrist_roll.pos=-2.77 gripper.pos=+1.13
DEBUG 2026-08-19 04:27:41 [action #125] t=5.99s step=571 queue=10 dmax=2.411 | shoulder_pan.pos=-10.54 shoulder_lift.pos=-73.56 elbow_flex.pos=+70.03 wrist_flex.pos=+62.12 wrist_roll.pos=-2.76 gripper.pos=+1.32
DEBUG 2026-08-19 04:27:41 [action #126] t=6.02s step=572 queue=9 dmax=2.487 | shoulder_pan.pos=-10.55 shoulder_lift.pos=-71.07 elbow_flex.pos=+68.17 wrist_flex.pos=+61.79 wrist_roll.pos=-2.81 gripper.pos=+1.22
DEBUG 2026-08-19 04:27:41 [action #127] t=6.06s step=573 queue=8 dmax=2.030 | shoulder_pan.pos=-10.42 shoulder_lift.pos=-69.04 elbow_flex.pos=+66.71 wrist_flex.pos=+61.41 wrist_roll.pos=-2.84 gripper.pos=+1.22
DEBUG 2026-08-19 04:27:41 [action #128] t=6.09s step=574 queue=7 dmax=2.135 | shoulder_pan.pos=-10.58 shoulder_lift.pos=-66.91 elbow_flex.pos=+65.00 wrist_flex.pos=+61.38 wrist_roll.pos=-2.82 gripper.pos=+1.27
DEBUG 2026-08-19 04:27:41 [action #129] t=6.12s step=575 queue=6 dmax=2.139 | shoulder_pan.pos=-10.54 shoulder_lift.pos=-64.77 elbow_flex.pos=+63.50 wrist_flex.pos=+61.05 wrist_roll.pos=-2.88 gripper.pos=+1.36
DEBUG 2026-08-19 04:27:41 [action #130] t=6.16s step=576 queue=5 dmax=1.649 | shoulder_pan.pos=-10.37 shoulder_lift.pos=-63.12 elbow_flex.pos=+62.45 wrist_flex.pos=+60.51 wrist_roll.pos=-2.91 gripper.pos=+1.49
DEBUG 2026-08-19 04:27:41 [action #131] t=6.19s step=577 queue=4 dmax=2.045 | shoulder_pan.pos=-10.21 shoulder_lift.pos=-61.07 elbow_flex.pos=+60.94 wrist_flex.pos=+60.23 wrist_roll.pos=-2.98 gripper.pos=+1.50
DEBUG 2026-08-19 04:27:41 [action #132] t=6.22s step=578 queue=3 dmax=1.380 | shoulder_pan.pos=-10.16 shoulder_lift.pos=-59.69 elbow_flex.pos=+59.98 wrist_flex.pos=+59.75 wrist_roll.pos=-2.96 gripper.pos=+1.47
DEBUG 2026-08-19 04:27:41 [action #133] t=6.26s step=579 queue=2 dmax=1.015 | shoulder_pan.pos=-9.86 shoulder_lift.pos=-58.68 elbow_flex.pos=+59.24 wrist_flex.pos=+58.95 wrist_roll.pos=-3.09 gripper.pos=+1.59
DEBUG 2026-08-19 04:27:41 [action #134] t=6.29s step=580 queue=1 dmax=1.371 | shoulder_pan.pos=-9.51 shoulder_lift.pos=-57.31 elbow_flex.pos=+58.02 wrist_flex.pos=+58.39 wrist_roll.pos=-3.15 gripper.pos=+1.71
DEBUG 2026-08-19 04:27:41 [chunk] received 50 actions, timesteps 554..603 | first: shoulder_pan.pos=-11.19 shoulder_lift.pos=-102.47 elbow_flex.pos=+89.82 wrist_flex.pos=+72.65 wrist_roll.pos=-2.78 gripper.pos=+0.72 | last: shoulder_pan.pos=-10.48 shoulder_lift.pos=-99.14 elbow_flex.pos=+86.96 wrist_flex.pos=+71.34 wrist_roll.pos=-2.77 gripper.pos=+0.70
DEBUG 2026-08-19 04:27:41 [action #135] t=6.36s step=581 queue=23 dmax=45.087 | shoulder_pan.pos=-10.97 shoulder_lift.pos=-102.39 elbow_flex.pos=+89.62 wrist_flex.pos=+72.48 wrist_roll.pos=-2.82 gripper.pos=+0.76
DEBUG 2026-08-19 04:27:41 [action #136] t=6.39s step=582 queue=22 dmax=0.292 | shoulder_pan.pos=-11.27 shoulder_lift.pos=-102.35 elbow_flex.pos=+89.72 wrist_flex.pos=+72.53 wrist_roll.pos=-2.77 gripper.pos=+0.72
DEBUG 2026-08-19 04:27:41 [action #137] t=6.42s step=583 queue=21 dmax=0.651 | shoulder_pan.pos=-11.20 shoulder_lift.pos=-102.41 elbow_flex.pos=+89.07 wrist_flex.pos=+72.50 wrist_roll.pos=-2.79 gripper.pos=+0.83
DEBUG 2026-08-19 04:27:41 [action #138] t=6.46s step=584 queue=20 dmax=0.478 | shoulder_pan.pos=-11.27 shoulder_lift.pos=-101.94 elbow_flex.pos=+89.49 wrist_flex.pos=+72.43 wrist_roll.pos=-2.76 gripper.pos=+0.83
DEBUG 2026-08-19 04:27:42 [action #139] t=6.49s step=585 queue=19 dmax=0.369 | shoulder_pan.pos=-10.90 shoulder_lift.pos=-101.97 elbow_flex.pos=+89.13 wrist_flex.pos=+72.40 wrist_roll.pos=-2.77 gripper.pos=+0.79
DEBUG 2026-08-19 04:27:42 [action #140] t=6.52s step=586 queue=18 dmax=0.285 | shoulder_pan.pos=-11.10 shoulder_lift.pos=-102.25 elbow_flex.pos=+89.02 wrist_flex.pos=+72.42 wrist_roll.pos=-2.76 gripper.pos=+0.82
DEBUG 2026-08-19 04:27:42 [action #141] t=6.56s step=587 queue=17 dmax=0.146 | shoulder_pan.pos=-11.19 shoulder_lift.pos=-102.38 elbow_flex.pos=+88.87 wrist_flex.pos=+72.31 wrist_roll.pos=-2.76 gripper.pos=+0.83
DEBUG 2026-08-19 04:27:42 [action #142] t=6.59s step=588 queue=16 dmax=0.132 | shoulder_pan.pos=-11.23 shoulder_lift.pos=-102.41 elbow_flex.pos=+89.00 wrist_flex.pos=+72.36 wrist_roll.pos=-2.70 gripper.pos=+0.87
DEBUG 2026-08-19 04:27:42 [action #143] t=6.62s step=589 queue=15 dmax=0.282 | shoulder_pan.pos=-11.24 shoulder_lift.pos=-102.21 elbow_flex.pos=+88.72 wrist_flex.pos=+72.30 wrist_roll.pos=-2.81 gripper.pos=+0.83
DEBUG 2026-08-19 04:27:42 [action #144] t=6.66s step=590 queue=14 dmax=0.438 | shoulder_pan.pos=-11.32 shoulder_lift.pos=-102.35 elbow_flex.pos=+89.16 wrist_flex.pos=+72.30 wrist_roll.pos=-2.83 gripper.pos=+0.94
DEBUG 2026-08-19 04:27:42 [action #145] t=6.69s step=591 queue=13 dmax=0.749 | shoulder_pan.pos=-11.04 shoulder_lift.pos=-102.00 elbow_flex.pos=+88.41 wrist_flex.pos=+72.26 wrist_roll.pos=-2.77 gripper.pos=+0.84
DEBUG 2026-08-19 04:27:42 [action #146] t=6.73s step=592 queue=12 dmax=0.421 | shoulder_pan.pos=-11.04 shoulder_lift.pos=-102.42 elbow_flex.pos=+88.75 wrist_flex.pos=+72.19 wrist_roll.pos=-2.82 gripper.pos=+0.79
DEBUG 2026-08-19 04:27:42 [action #147] t=6.76s step=593 queue=11 dmax=0.332 | shoulder_pan.pos=-11.12 shoulder_lift.pos=-102.09 elbow_flex.pos=+88.54 wrist_flex.pos=+72.17 wrist_roll.pos=-2.88 gripper.pos=+0.81
DEBUG 2026-08-19 04:27:42 [action #148] t=6.79s step=594 queue=10 dmax=0.311 | shoulder_pan.pos=-11.19 shoulder_lift.pos=-101.78 elbow_flex.pos=+88.45 wrist_flex.pos=+72.16 wrist_roll.pos=-2.81 gripper.pos=+0.76
DEBUG 2026-08-19 04:27:42 [action #149] t=6.83s step=595 queue=9 dmax=0.352 | shoulder_pan.pos=-11.23 shoulder_lift.pos=-102.13 elbow_flex.pos=+88.73 wrist_flex.pos=+72.17 wrist_roll.pos=-2.90 gripper.pos=+0.70
DEBUG 2026-08-19 04:27:42 [action #150] t=6.86s step=596 queue=8 dmax=0.388 | shoulder_pan.pos=-11.32 shoulder_lift.pos=-101.90 elbow_flex.pos=+88.34 wrist_flex.pos=+71.93 wrist_roll.pos=-2.82 gripper.pos=+0.66
DEBUG 2026-08-19 04:27:42 [action #151] t=6.89s step=597 queue=7 dmax=0.407 | shoulder_pan.pos=-11.27 shoulder_lift.pos=-101.85 elbow_flex.pos=+88.75 wrist_flex.pos=+72.09 wrist_roll.pos=-2.87 gripper.pos=+0.75
DEBUG 2026-08-19 04:27:42 [action #152] t=6.93s step=598 queue=6 dmax=0.616 | shoulder_pan.pos=-11.01 shoulder_lift.pos=-101.27 elbow_flex.pos=+88.13 wrist_flex.pos=+72.10 wrist_roll.pos=-2.84 gripper.pos=+0.79
DEBUG 2026-08-19 04:27:42 [action #153] t=6.96s step=599 queue=5 dmax=0.459 | shoulder_pan.pos=-10.81 shoulder_lift.pos=-101.73 elbow_flex.pos=+88.30 wrist_flex.pos=+71.99 wrist_roll.pos=-2.88 gripper.pos=+0.80
DEBUG 2026-08-19 04:27:42 [action #154] t=6.99s step=600 queue=4 dmax=0.597 | shoulder_pan.pos=-10.92 shoulder_lift.pos=-101.13 elbow_flex.pos=+88.10 wrist_flex.pos=+71.91 wrist_roll.pos=-2.85 gripper.pos=+0.81
DEBUG 2026-08-19 04:27:42 [action #155] t=7.03s step=601 queue=3 dmax=0.444 | shoulder_pan.pos=-10.98 shoulder_lift.pos=-100.87 elbow_flex.pos=+87.65 wrist_flex.pos=+71.78 wrist_roll.pos=-2.91 gripper.pos=+0.68
DEBUG 2026-08-19 04:27:42 [action #156] t=7.06s step=602 queue=2 dmax=0.385 | shoulder_pan.pos=-10.86 shoulder_lift.pos=-100.73 elbow_flex.pos=+87.27 wrist_flex.pos=+71.51 wrist_roll.pos=-2.84 gripper.pos=+0.84
DEBUG 2026-08-19 04:27:42 [action #157] t=7.09s step=603 queue=1 dmax=1.588 | shoulder_pan.pos=-10.48 shoulder_lift.pos=-99.14 elbow_flex.pos=+86.96 wrist_flex.pos=+71.34 wrist_roll.pos=-2.77 gripper.pos=+0.70
DEBUG 2026-08-19 04:27:42 [chunk] received 50 actions, timesteps 580..629 | first: shoulder_pan.pos=-10.88 shoulder_lift.pos=-64.59 elbow_flex.pos=+66.55 wrist_flex.pos=+56.34 wrist_roll.pos=-3.07 gripper.pos=+1.45 | last: shoulder_pan.pos=-7.32 shoulder_lift.pos=-19.74 elbow_flex.pos=+21.51 wrist_flex.pos=+73.86 wrist_roll.pos=-3.73 gripper.pos=+6.65
DEBUG 2026-08-19 04:27:42 [action #158] t=7.26s step=604 queue=26 dmax=11.292 | shoulder_pan.pos=-8.38 shoulder_lift.pos=-87.85 elbow_flex.pos=+77.54 wrist_flex.pos=+67.60 wrist_roll.pos=-2.76 gripper.pos=+1.01
DEBUG 2026-08-19 04:27:42 [action #159] t=7.29s step=605 queue=25 dmax=1.046 | shoulder_pan.pos=-8.41 shoulder_lift.pos=-88.33 elbow_flex.pos=+77.47 wrist_flex.pos=+68.65 wrist_roll.pos=-2.86 gripper.pos=+1.29
DEBUG 2026-08-19 04:27:42 [action #160] t=7.33s step=606 queue=24 dmax=0.997 | shoulder_pan.pos=-8.56 shoulder_lift.pos=-88.57 elbow_flex.pos=+77.38 wrist_flex.pos=+69.64 wrist_roll.pos=-2.88 gripper.pos=+1.19
DEBUG 2026-08-19 04:27:42 [action #161] t=7.36s step=607 queue=23 dmax=0.816 | shoulder_pan.pos=-8.53 shoulder_lift.pos=-89.14 elbow_flex.pos=+77.15 wrist_flex.pos=+70.46 wrist_roll.pos=-2.71 gripper.pos=+1.10
DEBUG 2026-08-19 04:27:42 [action #162] t=7.39s step=608 queue=22 dmax=0.816 | shoulder_pan.pos=-8.40 shoulder_lift.pos=-88.54 elbow_flex.pos=+76.33 wrist_flex.pos=+71.15 wrist_roll.pos=-2.69 gripper.pos=+1.18
DEBUG 2026-08-19 04:27:42 [action #163] t=7.43s step=609 queue=21 dmax=0.369 | shoulder_pan.pos=-8.61 shoulder_lift.pos=-88.29 elbow_flex.pos=+76.60 wrist_flex.pos=+71.52 wrist_roll.pos=-2.46 gripper.pos=+1.19
DEBUG 2026-08-19 04:27:42 [action #164] t=7.46s step=610 queue=20 dmax=1.463 | shoulder_pan.pos=-8.38 shoulder_lift.pos=-86.83 elbow_flex.pos=+76.08 wrist_flex.pos=+71.61 wrist_roll.pos=-2.34 gripper.pos=+1.08
DEBUG 2026-08-19 04:27:43 [action #165] t=7.49s step=611 queue=19 dmax=1.858 | shoulder_pan.pos=-8.37 shoulder_lift.pos=-85.00 elbow_flex.pos=+74.23 wrist_flex.pos=+71.61 wrist_roll.pos=-2.27 gripper.pos=+1.04
DEBUG 2026-08-19 04:27:43 [action #166] t=7.53s step=612 queue=18 dmax=4.340 | shoulder_pan.pos=-8.06 shoulder_lift.pos=-80.66 elbow_flex.pos=+72.82 wrist_flex.pos=+71.13 wrist_roll.pos=-2.28 gripper.pos=+0.98
DEBUG 2026-08-19 04:27:43 [action #167] t=7.56s step=613 queue=17 dmax=5.247 | shoulder_pan.pos=-8.15 shoulder_lift.pos=-75.41 elbow_flex.pos=+69.41 wrist_flex.pos=+70.77 wrist_roll.pos=-2.33 gripper.pos=+1.06
DEBUG 2026-08-19 04:27:43 [action #168] t=7.59s step=614 queue=16 dmax=4.578 | shoulder_pan.pos=-7.71 shoulder_lift.pos=-70.83 elbow_flex.pos=+66.16 wrist_flex.pos=+70.30 wrist_roll.pos=-2.48 gripper.pos=+1.08
DEBUG 2026-08-19 04:27:43 [action #169] t=7.63s step=615 queue=15 dmax=5.123 | shoulder_pan.pos=-7.62 shoulder_lift.pos=-65.71 elbow_flex.pos=+62.08 wrist_flex.pos=+69.82 wrist_roll.pos=-2.54 gripper.pos=+1.14
DEBUG 2026-08-19 04:27:43 [action #170] t=7.66s step=616 queue=14 dmax=4.475 | shoulder_pan.pos=-7.36 shoulder_lift.pos=-61.24 elbow_flex.pos=+59.03 wrist_flex.pos=+69.81 wrist_roll.pos=-2.58 gripper.pos=+1.11
DEBUG 2026-08-19 04:27:43 [action #171] t=7.69s step=617 queue=13 dmax=4.413 | shoulder_pan.pos=-6.96 shoulder_lift.pos=-56.82 elbow_flex.pos=+54.94 wrist_flex.pos=+69.73 wrist_roll.pos=-2.85 gripper.pos=+1.29
DEBUG 2026-08-19 04:27:43 [action #172] t=7.73s step=618 queue=12 dmax=3.557 | shoulder_pan.pos=-6.78 shoulder_lift.pos=-53.27 elbow_flex.pos=+51.63 wrist_flex.pos=+69.90 wrist_roll.pos=-3.18 gripper.pos=+1.31
DEBUG 2026-08-19 04:27:43 [action #173] t=7.76s step=619 queue=11 dmax=3.478 | shoulder_pan.pos=-6.78 shoulder_lift.pos=-49.79 elbow_flex.pos=+48.51 wrist_flex.pos=+69.96 wrist_roll.pos=-3.46 gripper.pos=+1.55
DEBUG 2026-08-19 04:27:43 [action #174] t=7.80s step=620 queue=10 dmax=3.493 | shoulder_pan.pos=-6.85 shoulder_lift.pos=-46.29 elbow_flex.pos=+45.76 wrist_flex.pos=+70.41 wrist_roll.pos=-3.75 gripper.pos=+1.74
DEBUG 2026-08-19 04:27:43 [action #175] t=7.83s step=621 queue=9 dmax=2.984 | shoulder_pan.pos=-6.91 shoulder_lift.pos=-43.31 elbow_flex.pos=+42.95 wrist_flex.pos=+70.69 wrist_roll.pos=-4.06 gripper.pos=+1.75
DEBUG 2026-08-19 04:27:43 [action #176] t=7.86s step=622 queue=8 dmax=2.920 | shoulder_pan.pos=-6.86 shoulder_lift.pos=-40.69 elbow_flex.pos=+40.03 wrist_flex.pos=+71.00 wrist_roll.pos=-4.20 gripper.pos=+1.97
DEBUG 2026-08-19 04:27:43 [action #177] t=7.90s step=623 queue=7 dmax=2.989 | shoulder_pan.pos=-6.70 shoulder_lift.pos=-37.70 elbow_flex.pos=+37.69 wrist_flex.pos=+71.40 wrist_roll.pos=-4.11 gripper.pos=+2.28
DEBUG 2026-08-19 04:27:43 [action #178] t=7.93s step=624 queue=6 dmax=3.248 | shoulder_pan.pos=-6.92 shoulder_lift.pos=-34.45 elbow_flex.pos=+34.74 wrist_flex.pos=+71.72 wrist_roll.pos=-3.94 gripper.pos=+2.60
DEBUG 2026-08-19 04:27:43 [action #179] t=7.96s step=625 queue=5 dmax=3.036 | shoulder_pan.pos=-7.22 shoulder_lift.pos=-31.50 elbow_flex.pos=+31.70 wrist_flex.pos=+72.09 wrist_roll.pos=-3.83 gripper.pos=+3.30
DEBUG 2026-08-19 04:27:43 [action #180] t=8.00s step=626 queue=4 dmax=3.097 | shoulder_pan.pos=-7.21 shoulder_lift.pos=-28.41 elbow_flex.pos=+29.19 wrist_flex.pos=+72.53 wrist_roll.pos=-3.75 gripper.pos=+4.02
DEBUG 2026-08-19 04:27:43 [action #181] t=8.03s step=627 queue=3 dmax=3.654 | shoulder_pan.pos=-7.31 shoulder_lift.pos=-24.75 elbow_flex.pos=+26.33 wrist_flex.pos=+72.98 wrist_roll.pos=-3.78 gripper.pos=+4.98
DEBUG 2026-08-19 04:27:43 [action #182] t=8.06s step=628 queue=2 dmax=2.706 | shoulder_pan.pos=-7.37 shoulder_lift.pos=-22.05 elbow_flex.pos=+23.87 wrist_flex.pos=+73.26 wrist_roll.pos=-3.80 gripper.pos=+5.70
DEBUG 2026-08-19 04:27:43 [chunk] received 50 actions, timesteps 603..652 | first: shoulder_pan.pos=-10.88 shoulder_lift.pos=-100.79 elbow_flex.pos=+87.76 wrist_flex.pos=+71.89 wrist_roll.pos=-2.79 gripper.pos=+0.90 | last: shoulder_pan.pos=-9.57 shoulder_lift.pos=-58.33 elbow_flex.pos=+60.78 wrist_flex.pos=+59.94 wrist_roll.pos=-3.63 gripper.pos=+1.68
DEBUG 2026-08-19 04:27:43 [action #183] t=8.10s step=629 queue=24 dmax=54.444 | shoulder_pan.pos=-10.29 shoulder_lift.pos=-76.49 elbow_flex.pos=+67.38 wrist_flex.pos=+73.16 wrist_roll.pos=-2.94 gripper.pos=+2.74
DEBUG 2026-08-19 04:27:43 [action #184] t=8.13s step=630 queue=23 dmax=24.080 | shoulder_pan.pos=-11.37 shoulder_lift.pos=-100.57 elbow_flex.pos=+86.65 wrist_flex.pos=+72.79 wrist_roll.pos=-2.55 gripper.pos=+1.02
DEBUG 2026-08-19 04:27:43 [action #185] t=8.16s step=631 queue=22 dmax=0.161 | shoulder_pan.pos=-11.44 shoulder_lift.pos=-100.59 elbow_flex.pos=+86.70 wrist_flex.pos=+72.76 wrist_roll.pos=-2.54 gripper.pos=+1.18
DEBUG 2026-08-19 04:27:43 [action #186] t=8.20s step=632 queue=21 dmax=0.415 | shoulder_pan.pos=-11.59 shoulder_lift.pos=-100.45 elbow_flex.pos=+86.29 wrist_flex.pos=+72.51 wrist_roll.pos=-2.56 gripper.pos=+1.01
DEBUG 2026-08-19 04:27:43 [action #187] t=8.23s step=633 queue=20 dmax=1.001 | shoulder_pan.pos=-11.35 shoulder_lift.pos=-100.00 elbow_flex.pos=+85.29 wrist_flex.pos=+72.37 wrist_roll.pos=-2.53 gripper.pos=+1.00
DEBUG 2026-08-19 04:27:43 [action #188] t=8.26s step=634 queue=19 dmax=0.189 | shoulder_pan.pos=-11.50 shoulder_lift.pos=-99.94 elbow_flex.pos=+85.48 wrist_flex.pos=+72.23 wrist_roll.pos=-2.48 gripper.pos=+1.06
DEBUG 2026-08-19 04:27:43 [action #189] t=8.30s step=635 queue=18 dmax=0.974 | shoulder_pan.pos=-11.38 shoulder_lift.pos=-98.96 elbow_flex.pos=+85.07 wrist_flex.pos=+71.98 wrist_roll.pos=-2.57 gripper.pos=+1.03
DEBUG 2026-08-19 04:27:43 [action #190] t=8.33s step=636 queue=17 dmax=0.433 | shoulder_pan.pos=-11.17 shoulder_lift.pos=-98.75 elbow_flex.pos=+84.63 wrist_flex.pos=+71.64 wrist_roll.pos=-2.39 gripper.pos=+1.16
DEBUG 2026-08-19 04:27:43 [action #191] t=8.36s step=637 queue=16 dmax=1.222 | shoulder_pan.pos=-11.20 shoulder_lift.pos=-97.53 elbow_flex.pos=+84.04 wrist_flex.pos=+71.51 wrist_roll.pos=-2.51 gripper.pos=+1.05
DEBUG 2026-08-19 04:27:43 [action #192] t=8.40s step=638 queue=15 dmax=0.722 | shoulder_pan.pos=-11.13 shoulder_lift.pos=-96.85 elbow_flex.pos=+83.70 wrist_flex.pos=+70.79 wrist_roll.pos=-2.50 gripper.pos=+0.98
DEBUG 2026-08-19 04:27:43 [action #193] t=8.43s step=639 queue=14 dmax=2.028 | shoulder_pan.pos=-11.42 shoulder_lift.pos=-94.83 elbow_flex.pos=+82.43 wrist_flex.pos=+70.42 wrist_roll.pos=-2.50 gripper.pos=+1.12
DEBUG 2026-08-19 04:27:44 [action #194] t=8.46s step=640 queue=13 dmax=2.056 | shoulder_pan.pos=-11.25 shoulder_lift.pos=-92.77 elbow_flex.pos=+81.00 wrist_flex.pos=+69.33 wrist_roll.pos=-2.56 gripper.pos=+1.06
DEBUG 2026-08-19 04:27:44 [action #195] t=8.50s step=641 queue=12 dmax=2.492 | shoulder_pan.pos=-11.34 shoulder_lift.pos=-90.28 elbow_flex.pos=+80.33 wrist_flex.pos=+68.56 wrist_roll.pos=-2.65 gripper.pos=+0.94
DEBUG 2026-08-19 04:27:44 [action #196] t=8.53s step=642 queue=11 dmax=2.186 | shoulder_pan.pos=-11.39 shoulder_lift.pos=-88.09 elbow_flex.pos=+78.90 wrist_flex.pos=+67.38 wrist_roll.pos=-2.64 gripper.pos=+1.20
DEBUG 2026-08-19 04:27:44 [action #197] t=8.56s step=643 queue=10 dmax=3.417 | shoulder_pan.pos=-10.91 shoulder_lift.pos=-84.67 elbow_flex.pos=+77.59 wrist_flex.pos=+66.04 wrist_roll.pos=-2.63 gripper.pos=+1.20
DEBUG 2026-08-19 04:27:44 [action #198] t=8.60s step=644 queue=9 dmax=4.264 | shoulder_pan.pos=-11.12 shoulder_lift.pos=-80.41 elbow_flex.pos=+75.04 wrist_flex.pos=+64.51 wrist_roll.pos=-2.63 gripper.pos=+1.10
DEBUG 2026-08-19 04:27:44 [action #199] t=8.63s step=645 queue=8 dmax=3.344 | shoulder_pan.pos=-10.85 shoulder_lift.pos=-77.07 elbow_flex.pos=+73.36 wrist_flex.pos=+63.32 wrist_roll.pos=-2.66 gripper.pos=+1.41
DEBUG 2026-08-19 04:27:44 [action #200] t=8.66s step=646 queue=7 dmax=3.210 | shoulder_pan.pos=-10.80 shoulder_lift.pos=-73.86 elbow_flex.pos=+71.98 wrist_flex.pos=+62.17 wrist_roll.pos=-2.79 gripper.pos=+1.18
DEBUG 2026-08-19 04:27:44 [action #201] t=8.70s step=647 queue=6 dmax=3.412 | shoulder_pan.pos=-10.43 shoulder_lift.pos=-70.44 elbow_flex.pos=+69.89 wrist_flex.pos=+61.26 wrist_roll.pos=-2.83 gripper.pos=+1.32
DEBUG 2026-08-19 04:27:44 [action #202] t=8.73s step=648 queue=5 dmax=3.271 | shoulder_pan.pos=-10.36 shoulder_lift.pos=-67.17 elbow_flex.pos=+67.91 wrist_flex.pos=+60.54 wrist_roll.pos=-3.04 gripper.pos=+1.55
DEBUG 2026-08-19 04:27:44 [action #203] t=8.77s step=649 queue=4 dmax=2.777 | shoulder_pan.pos=-10.28 shoulder_lift.pos=-64.40 elbow_flex.pos=+66.07 wrist_flex.pos=+60.22 wrist_roll.pos=-3.33 gripper.pos=+1.56
DEBUG 2026-08-19 04:27:44 [action #204] t=8.80s step=650 queue=3 dmax=2.868 | shoulder_pan.pos=-10.29 shoulder_lift.pos=-61.53 elbow_flex.pos=+63.95 wrist_flex.pos=+59.94 wrist_roll.pos=-3.35 gripper.pos=+1.70
DEBUG 2026-08-19 04:27:44 [chunk] received 50 actions, timesteps 628..677 | first: shoulder_pan.pos=-7.57 shoulder_lift.pos=-38.01 elbow_flex.pos=+41.87 wrist_flex.pos=+68.03 wrist_roll.pos=-3.72 gripper.pos=+2.37 | last: shoulder_pan.pos=-1.31 shoulder_lift.pos=-98.26 elbow_flex.pos=+87.15 wrist_flex.pos=+79.07 wrist_roll.pos=-2.57 gripper.pos=+1.20
DEBUG 2026-08-19 04:27:44 [action #205] t=8.83s step=651 queue=2 dmax=1.911 | shoulder_pan.pos=-9.71 shoulder_lift.pos=-59.93 elbow_flex.pos=+62.04 wrist_flex.pos=+59.95 wrist_roll.pos=-3.52 gripper.pos=+1.52
DEBUG 2026-08-19 04:27:44 [action #206] t=8.87s step=651 queue=27 dmax=10.601 | shoulder_pan.pos=-6.71 shoulder_lift.pos=-70.54 elbow_flex.pos=+68.07 wrist_flex.pos=+63.11 wrist_roll.pos=-3.49 gripper.pos=+1.91
DEBUG 2026-08-19 04:27:44 [action #207] t=8.90s step=652 queue=26 dmax=1.200 | shoulder_pan.pos=-6.70 shoulder_lift.pos=-71.74 elbow_flex.pos=+69.08 wrist_flex.pos=+63.04 wrist_roll.pos=-3.47 gripper.pos=+1.90
DEBUG 2026-08-19 04:27:44 [action #208] t=8.93s step=653 queue=25 dmax=7.428 | shoulder_pan.pos=-5.16 shoulder_lift.pos=-79.16 elbow_flex.pos=+73.33 wrist_flex.pos=+64.31 wrist_roll.pos=-3.43 gripper.pos=+1.92
DEBUG 2026-08-19 04:27:44 [action #209] t=8.97s step=654 queue=24 dmax=2.682 | shoulder_pan.pos=-5.34 shoulder_lift.pos=-81.85 elbow_flex.pos=+74.74 wrist_flex.pos=+64.12 wrist_roll.pos=-3.31 gripper.pos=+2.01
DEBUG 2026-08-19 04:27:44 [action #210] t=9.00s step=655 queue=23 dmax=2.932 | shoulder_pan.pos=-5.11 shoulder_lift.pos=-84.78 elbow_flex.pos=+77.48 wrist_flex.pos=+64.16 wrist_roll.pos=-3.42 gripper.pos=+1.84
DEBUG 2026-08-19 04:27:44 [action #211] t=9.03s step=656 queue=22 dmax=1.581 | shoulder_pan.pos=-5.03 shoulder_lift.pos=-86.21 elbow_flex.pos=+79.06 wrist_flex.pos=+64.40 wrist_roll.pos=-3.44 gripper.pos=+1.91
DEBUG 2026-08-19 04:27:44 [action #212] t=9.07s step=657 queue=21 dmax=1.961 | shoulder_pan.pos=-5.32 shoulder_lift.pos=-88.18 elbow_flex.pos=+80.12 wrist_flex.pos=+64.45 wrist_roll.pos=-3.41 gripper.pos=+1.83
DEBUG 2026-08-19 04:27:44 [action #213] t=9.10s step=658 queue=20 dmax=1.977 | shoulder_pan.pos=-5.32 shoulder_lift.pos=-90.15 elbow_flex.pos=+81.73 wrist_flex.pos=+64.78 wrist_roll.pos=-3.20 gripper.pos=+1.74
DEBUG 2026-08-19 04:27:44 [action #214] t=9.13s step=659 queue=19 dmax=2.038 | shoulder_pan.pos=-5.29 shoulder_lift.pos=-92.19 elbow_flex.pos=+83.00 wrist_flex.pos=+65.17 wrist_roll.pos=-3.24 gripper.pos=+1.80
DEBUG 2026-08-19 04:27:44 [action #215] t=9.17s step=660 queue=18 dmax=1.976 | shoulder_pan.pos=-5.03 shoulder_lift.pos=-94.17 elbow_flex.pos=+84.08 wrist_flex.pos=+66.02 wrist_roll.pos=-3.34 gripper.pos=+1.68
DEBUG 2026-08-19 04:27:44 [action #216] t=9.20s step=661 queue=17 dmax=1.782 | shoulder_pan.pos=-5.12 shoulder_lift.pos=-95.95 elbow_flex.pos=+85.11 wrist_flex.pos=+67.06 wrist_roll.pos=-3.45 gripper.pos=+1.72
DEBUG 2026-08-19 04:27:44 [action #217] t=9.23s step=662 queue=16 dmax=1.385 | shoulder_pan.pos=-5.00 shoulder_lift.pos=-97.10 elbow_flex.pos=+85.75 wrist_flex.pos=+68.45 wrist_roll.pos=-3.36 gripper.pos=+1.57
DEBUG 2026-08-19 04:27:44 [action #218] t=9.27s step=663 queue=15 dmax=1.207 | shoulder_pan.pos=-4.66 shoulder_lift.pos=-98.31 elbow_flex.pos=+86.44 wrist_flex.pos=+69.49 wrist_roll.pos=-3.31 gripper.pos=+1.66
DEBUG 2026-08-19 04:27:44 [action #219] t=9.30s step=664 queue=14 dmax=1.060 | shoulder_pan.pos=-4.67 shoulder_lift.pos=-99.37 elbow_flex.pos=+86.82 wrist_flex.pos=+70.39 wrist_roll.pos=-3.38 gripper.pos=+1.57
DEBUG 2026-08-19 04:27:44 [action #220] t=9.33s step=665 queue=13 dmax=1.064 | shoulder_pan.pos=-4.42 shoulder_lift.pos=-99.61 elbow_flex.pos=+86.87 wrist_flex.pos=+71.46 wrist_roll.pos=-3.25 gripper.pos=+1.56
DEBUG 2026-08-19 04:27:44 [action #221] t=9.37s step=666 queue=12 dmax=1.080 | shoulder_pan.pos=-4.20 shoulder_lift.pos=-100.12 elbow_flex.pos=+87.17 wrist_flex.pos=+72.54 wrist_roll.pos=-3.26 gripper.pos=+1.51
DEBUG 2026-08-19 04:27:44 [action #222] t=9.40s step=667 queue=11 dmax=1.181 | shoulder_pan.pos=-3.92 shoulder_lift.pos=-99.49 elbow_flex.pos=+86.93 wrist_flex.pos=+73.72 wrist_roll.pos=-3.16 gripper.pos=+1.56
DEBUG 2026-08-19 04:27:44 [action #223] t=9.43s step=668 queue=10 dmax=0.727 | shoulder_pan.pos=-3.64 shoulder_lift.pos=-99.43 elbow_flex.pos=+87.38 wrist_flex.pos=+74.45 wrist_roll.pos=-3.17 gripper.pos=+1.60
DEBUG 2026-08-19 04:27:45 [action #224] t=9.47s step=669 queue=9 dmax=0.929 | shoulder_pan.pos=-3.15 shoulder_lift.pos=-98.50 elbow_flex.pos=+87.24 wrist_flex.pos=+75.26 wrist_roll.pos=-3.17 gripper.pos=+1.48
DEBUG 2026-08-19 04:27:45 [action #225] t=9.50s step=670 queue=8 dmax=0.594 | shoulder_pan.pos=-2.67 shoulder_lift.pos=-98.64 elbow_flex.pos=+86.99 wrist_flex.pos=+75.85 wrist_roll.pos=-3.11 gripper.pos=+1.42
DEBUG 2026-08-19 04:27:45 [action #226] t=9.53s step=671 queue=7 dmax=0.867 | shoulder_pan.pos=-2.60 shoulder_lift.pos=-97.88 elbow_flex.pos=+86.80 wrist_flex.pos=+76.72 wrist_roll.pos=-2.87 gripper.pos=+1.32
DEBUG 2026-08-19 04:27:45 [chunk] received 50 actions, timesteps 650..699 | first: shoulder_pan.pos=-10.33 shoulder_lift.pos=-73.79 elbow_flex.pos=+75.42 wrist_flex.pos=+60.82 wrist_roll.pos=-3.58 gripper.pos=+0.98 | last: shoulder_pan.pos=-6.12 shoulder_lift.pos=-94.41 elbow_flex.pos=+83.06 wrist_flex.pos=+77.54 wrist_roll.pos=-3.02 gripper.pos=+0.80
DEBUG 2026-08-19 04:27:45 [action #227] t=9.57s step=672 queue=28 dmax=2.876 | shoulder_pan.pos=-5.47 shoulder_lift.pos=-98.73 elbow_flex.pos=+85.40 wrist_flex.pos=+75.63 wrist_roll.pos=-3.26 gripper.pos=+1.06
DEBUG 2026-08-19 04:27:45 [action #228] t=9.60s step=673 queue=27 dmax=0.440 | shoulder_pan.pos=-5.11 shoulder_lift.pos=-98.29 elbow_flex.pos=+85.42 wrist_flex.pos=+76.07 wrist_roll.pos=-3.16 gripper.pos=+1.15
DEBUG 2026-08-19 04:27:45 [action #229] t=9.63s step=674 queue=26 dmax=0.535 | shoulder_pan.pos=-5.18 shoulder_lift.pos=-98.23 elbow_flex.pos=+85.96 wrist_flex.pos=+76.59 wrist_roll.pos=-3.19 gripper.pos=+0.97
DEBUG 2026-08-19 04:27:45 [action #230] t=9.67s step=675 queue=25 dmax=0.948 | shoulder_pan.pos=-4.82 shoulder_lift.pos=-98.34 elbow_flex.pos=+85.01 wrist_flex.pos=+76.82 wrist_roll.pos=-3.08 gripper.pos=+0.95
DEBUG 2026-08-19 04:27:45 [action #231] t=9.70s step=676 queue=24 dmax=0.478 | shoulder_pan.pos=-4.68 shoulder_lift.pos=-98.06 elbow_flex.pos=+85.49 wrist_flex.pos=+77.09 wrist_roll.pos=-3.05 gripper.pos=+0.91
DEBUG 2026-08-19 04:27:45 [action #232] t=9.74s step=677 queue=23 dmax=0.504 | shoulder_pan.pos=-4.53 shoulder_lift.pos=-98.44 elbow_flex.pos=+85.99 wrist_flex.pos=+77.22 wrist_roll.pos=-2.95 gripper.pos=+1.14
DEBUG 2026-08-19 04:27:45 [action #233] t=9.77s step=678 queue=22 dmax=1.627 | shoulder_pan.pos=-6.16 shoulder_lift.pos=-98.13 elbow_flex.pos=+84.39 wrist_flex.pos=+76.57 wrist_roll.pos=-3.22 gripper.pos=+0.91
DEBUG 2026-08-19 04:27:45 [chunk] received 50 actions, timesteps 671..720 | first: shoulder_pan.pos=-2.97 shoulder_lift.pos=-99.48 elbow_flex.pos=+86.42 wrist_flex.pos=+73.54 wrist_roll.pos=-3.13 gripper.pos=+1.43 | last: shoulder_pan.pos=-9.58 shoulder_lift.pos=-102.08 elbow_flex.pos=+87.86 wrist_flex.pos=+73.37 wrist_roll.pos=-3.01 gripper.pos=+1.46
INFO 2026-08-19 04:27:45 Final action sent: shoulder_pan.pos=-6.16 shoulder_lift.pos=-98.13 elbow_flex.pos=+84.39 wrist_flex.pos=+76.57 wrist_roll.pos=-3.22 gripper.pos=+0.91
DEBUG 2026-08-19 04:27:45 === episode end | 10.2s | converged=False | actions=233 ===
