episode_dir,task,chunk_id,must_go,input_timestep,input_elapsed,unix_ts,front_img,wrist_img,recap_img,returned_len,exec_index,exec_timestep,exec_action_n,in_shoulder_pan.pos,in_shoulder_lift.pos,in_elbow_flex.pos,in_wrist_flex.pos,in_wrist_roll.pos,in_gripper.pos,act_shoulder_pan.pos,act_shoulder_lift.pos,act_elbow_flex.pos,act_wrist_flex.pos,act_wrist_roll.pos,act_gripper.pos
000_box,put the box on the tray,1,1,0,0.0,1788422977.0741298,00000_front_put_the_box_on_the_tray.png,00000_wrist_put_the_box_on_the_tray.png,recap.png,50,0,0,1,-4.21978021978022,-101.84615384615384,92.17582417582418,74.9010989010989,-0.7472527472527473,0.8904109589041096,-4.207693099975586,-101.281494140625,88.53544616699219,72.62796020507812,-0.5870265960693359,0.9425380229949951
000_box,put the box on the tray,1,1,0,0.0,1788422977.0741298,00000_front_put_the_box_on_the_tray.png,00000_wrist_put_the_box_on_the_tray.png,recap.png,50,1,1,2,-4.21978021978022,-101.84615384615384,92.17582417582418,74.9010989010989,-0.7472527472527473,0.8904109589041096,-4.256868362426758,-100.61422729492188,88.62005615234375,71.78936004638672,-0.597285270690918,1.166321039199829
000_box,put the box on the tray,1,1,0,0.0,1788422977.0741298,00000_front_put_the_box_on_the_tray.png,00000_wrist_put_the_box_on_the_tray.png,recap.png,50,2,2,3,-4.21978021978022,-101.84615384615384,92.17582417582418,74.9010989010989,-0.7472527472527473,0.8904109589041096,-4.34039306640625,-100.68560791015625,88.73039245605469,70.98759460449219,-0.6829605102539062,1.1160922050476074
000_box,put the box on the tray,1,1,0,0.0,1788422977.0741298,00000_front_put_the_box_on_the_tray.png,00000_wrist_put_the_box_on_the_tray.png,recap.png,50,3,3,4,-4.21978021978022,-101.84615384615384,92.17582417582418,74.9010989010989,-0.7472527472527473,0.8904109589041096,-4.472530364990234,-100.93695831298828,88.4404296875,70.58721160888672,-0.6369562149047852,1.1279265880584717
000_box,put the box on the tray,1,1,0,0.0,1788422977.0741298,00000_front_put_the_box_on_the_tray.png,00000_wrist_put_the_box_on_the_tray.png,recap.png,50,4,4,5,-4.21978021978022,-101.84615384615384,92.17582417582418,74.9010989010989,-0.7472527472527473,0.8904109589041096,-4.467031478881836,-101.42057800292969,88.2755126953125,69.95740509033203,-0.6397237777709961,1.010263442993164
000_box,put the box on the tray,1,1,0,0.0,1788422977.0741298,00000_front_put_the_box_on_the_tray.png,00000_wrist_put_the_box_on_the_tray.png,recap.png,50,5,5,6,-4.21978021978022,-101.84615384615384,92.17582417582418,74.9010989010989,-0.7472527472527473,0.8904109589041096,-4.457300186157227,-101.44357299804688,88.33926391601562,69.40385437011719,-0.6069355010986328,1.0643956661224365
000_box,put the box on the tray,1,1,0,0.0,1788422977.0741298,00000_front_put_the_box_on_the_tray.png,00000_wrist_put_the_box_on_the_tray.png,recap.png,50,6,6,7,-4.21978021978022,-101.84615384615384,92.17582417582418,74.9010989010989,-0.7472527472527473,0.8904109589041096,-4.487682342529297,-101.56378936767578,88.63615417480469,68.94984436035156,-0.6177778244018555,0.9947349429130554
000_box,put the box on the tray,1,1,0,0.0,1788422977.0741298,00000_front_put_the_box_on_the_tray.png,00000_wrist_put_the_box_on_the_tray.png,recap.png,50,7,7,8,-4.21978021978022,-101.84615384615384,92.17582417582418,74.9010989010989,-0.7472527472527473,0.8904109589041096,-4.622535705566406,-101.98088073730469,89.28193664550781,68.32839965820312,-0.5890750885009766,1.0244154930114746
000_box,put the box on the tray,1,1,0,0.0,1788422977.0741298,00000_front_put_the_box_on_the_tray.png,00000_wrist_put_the_box_on_the_tray.png,recap.png,50,8,8,9,-4.21978021978022,-101.84615384615384,92.17582417582418,74.9010989010989,-0.7472527472527473,0.8904109589041096,-4.530229568481445,-101.6960678100586,88.30708312988281,67.9540023803711,-0.6457691192626953,0.9438869953155518
000_box,put the box on the tray,1,1,0,0.0,1788422977.0741298,00000_front_put_the_box_on_the_tray.png,00000_wrist_put_the_box_on_the_tray.png,recap.png,50,9,9,10,-4.21978021978022,-101.84615384615384,92.17582417582418,74.9010989010989,-0.7472527472527473,0.8904109589041096,-4.475303649902344,-101.66570281982422,88.63790893554688,67.54938507080078,-0.5837211608886719,0.9735271334648132
000_box,put the box on the tray,1,1,0,0.0,1788422977.0741298,00000_front_put_the_box_on_the_tray.png,00000_wrist_put_the_box_on_the_tray.png,recap.png,50,10,10,11,-4.21978021978022,-101.84615384615384,92.17582417582418,74.9010989010989,-0.7472527472527473,0.8904109589041096,-4.474462509155273,-101.71724700927734,88.89651489257812,67.37615203857422,-0.5990667343139648,1.0155794620513916
000_box,put the box on the tray,1,1,0,0.0,1788422977.0741298,00000_front_put_the_box_on_the_tray.png,00000_wrist_put_the_box_on_the_tray.png,recap.png,50,11,11,12,-4.21978021978022,-101.84615384615384,92.17582417582418,74.9010989010989,-0.7472527472527473,0.8904109589041096,-4.601644515991211,-100.78651428222656,88.51673889160156,67.32112884521484,-0.6078014373779297,1.1024246215820312
000_box,put the box on the tray,1,1,0,0.0,1788422977.0741298,00000_front_put_the_box_on_the_tray.png,00000_wrist_put_the_box_on_the_tray.png,recap.png,50,12,12,13,-4.21978021978022,-101.84615384615384,92.17582417582418,74.9010989010989,-0.7472527472527473,0.8904109589041096,-4.694147109985352,-101.5021743774414,88.30032348632812,67.11763000488281,-0.6664886474609375,1.0402796268463135
000_box,put the box on the tray,1,1,0,0.0,1788422977.0741298,00000_front_put_the_box_on_the_tray.png,00000_wrist_put_the_box_on_the_tray.png,recap.png,50,13,13,14,-4.21978021978022,-101.84615384615384,92.17582417582418,74.9010989010989,-0.7472527472527473,0.8904109589041096,-4.487859725952148,-101.71566009521484,88.32353210449219,66.64581298828125,-0.5153379440307617,1.1163663864135742
000_box,put the box on the tray,1,1,0,0.0,1788422977.0741298,00000_front_put_the_box_on_the_tray.png,00000_wrist_put_the_box_on_the_tray.png,recap.png,50,14,14,15,-4.21978021978022,-101.84615384615384,92.17582417582418,74.9010989010989,-0.7472527472527473,0.8904109589041096,-4.497104644775391,-101.53455352783203,87.91783142089844,66.53462219238281,-0.6391868591308594,1.1853587627410889
000_box,put the box on the tray,1,1,0,0.0,1788422977.0741298,00000_front_put_the_box_on_the_tray.png,00000_wrist_put_the_box_on_the_tray.png,recap.png,50,15,15,16,-4.21978021978022,-101.84615384615384,92.17582417582418,74.9010989010989,-0.7472527472527473,0.8904109589041096,-4.506397247314453,-100.96647644042969,88.20274353027344,65.83618927001953,-0.6294422149658203,1.0054137706756592
000_box,put the box on the tray,1,1,0,0.0,1788422977.0741298,00000_front_put_the_box_on_the_tray.png,00000_wrist_put_the_box_on_the_tray.png,recap.png,50,16,16,17,-4.21978021978022,-101.84615384615384,92.17582417582418,74.9010989010989,-0.7472527472527473,0.8904109589041096,-4.53216552734375,-101.42313385009766,87.98822021484375,65.33235168457031,-0.6076688766479492,1.045151710510254
000_box,put the box on the tray,1,1,0,0.0,1788422977.0741298,00000_front_put_the_box_on_the_tray.png,00000_wrist_put_the_box_on_the_tray.png,recap.png,50,17,17,18,-4.21978021978022,-101.84615384615384,92.17582417582418,74.9010989010989,-0.7472527472527473,0.8904109589041096,-4.572031021118164,-101.33937072753906,87.45887756347656,64.96080017089844,-0.6571674346923828,0.997911810874939
000_box,put the box on the tray,1,1,0,0.0,1788422977.0741298,00000_front_put_the_box_on_the_tray.png,00000_wrist_put_the_box_on_the_tray.png,recap.png,50,18,18,19,-4.21978021978022,-101.84615384615384,92.17582417582418,74.9010989010989,-0.7472527472527473,0.8904109589041096,-4.435615539550781,-101.84365844726562,87.8199462890625,64.39178466796875,-0.5845117568969727,1.0135327577590942
000_box,put the box on the tray,1,1,0,0.0,1788422977.0741298,00000_front_put_the_box_on_the_tray.png,00000_wrist_put_the_box_on_the_tray.png,recap.png,50,19,19,20,-4.21978021978022,-101.84615384615384,92.17582417582418,74.9010989010989,-0.7472527472527473,0.8904109589041096,-4.513301849365234,-101.69788360595703,88.19340515136719,63.916709899902344,-0.6189403533935547,0.9922760725021362
000_box,put the box on the tray,1,1,0,0.0,1788422977.0741298,00000_front_put_the_box_on_the_tray.png,00000_wrist_put_the_box_on_the_tray.png,recap.png,50,20,20,21,-4.21978021978022,-101.84615384615384,92.17582417582418,74.9010989010989,-0.7472527472527473,0.8904109589041096,-4.791774749755859,-102.0942611694336,88.03182983398438,63.419044494628906,-0.5541543960571289,0.9166600108146667
000_box,put the box on the tray,1,1,0,0.0,1788422977.0741298,00000_front_put_the_box_on_the_tray.png,00000_wrist_put_the_box_on_the_tray.png,recap.png,50,21,21,22,-4.21978021978022,-101.84615384615384,92.17582417582418,74.9010989010989,-0.7472527472527473,0.8904109589041096,-4.122011184692383,-101.9063949584961,87.52522277832031,63.203861236572266,-0.6512918472290039,0.9137539863586426
000_box,put the box on the tray,1,1,0,0.0,1788422977.0741298,00000_front_put_the_box_on_the_tray.png,00000_wrist_put_the_box_on_the_tray.png,recap.png,50,22,22,23,-4.21978021978022,-101.84615384615384,92.17582417582418,74.9010989010989,-0.7472527472527473,0.8904109589041096,-4.190664291381836,-101.54979705810547,87.45683288574219,62.89430236816406,-0.6246128082275391,0.8645565509796143
000_box,put the box on the tray,1,1,0,0.0,1788422977.0741298,00000_front_put_the_box_on_the_tray.png,00000_wrist_put_the_box_on_the_tray.png,recap.png,50,23,23,24,-4.21978021978022,-101.84615384615384,92.17582417582418,74.9010989010989,-0.7472527472527473,0.8904109589041096,-4.352638244628906,-102.05448913574219,87.05717468261719,62.92835235595703,-0.6190938949584961,0.9908634424209595
000_box,put the box on the tray,1,1,0,0.0,1788422977.0741298,00000_front_put_the_box_on_the_tray.png,00000_wrist_put_the_box_on_the_tray.png,recap.png,50,24,24,25,-4.21978021978022,-101.84615384615384,92.17582417582418,74.9010989010989,-0.7472527472527473,0.8904109589041096,-4.297351837158203,-102.60921478271484,87.14109802246094,62.652435302734375,-0.6155805587768555,0.8722645044326782
000_box,put the box on the tray,3,0,24,1.773,1788422978.8483188,00001_front_put_the_box_on_the_tray.png,00001_wrist_put_the_box_on_the_tray.png,recap.png,50,0,50,51,-4.395604395604396,-101.58241758241758,90.15384615384616,64.26373626373626,-0.7472527472527473,0.8904109589041096,-4.590459823608398,-101.47771453857422,81.62098693847656,64.30712127685547,-0.5395784378051758,0.5676896572113037
000_box,put the box on the tray,3,0,24,1.773,1788422978.8483188,00001_front_put_the_box_on_the_tray.png,00001_wrist_put_the_box_on_the_tray.png,recap.png,50,1,51,52,-4.395604395604396,-101.58241758241758,90.15384615384616,64.26373626373626,-0.7472527472527473,0.8904109589041096,-4.537817001342773,-101.08650207519531,81.42832946777344,64.65109252929688,-0.36308860778808594,0.6299630999565125
000_box,put the box on the tray,3,0,24,1.773,1788422978.8483188,00001_front_put_the_box_on_the_tray.png,00001_wrist_put_the_box_on_the_tray.png,recap.png,50,2,52,53,-4.395604395604396,-101.58241758241758,90.15384615384616,64.26373626373626,-0.7472527472527473,0.8904109589041096,-4.2561798095703125,-101.13272094726562,81.05107116699219,65.12979888916016,-0.48985958099365234,0.6934590935707092
000_box,put the box on the tray,3,0,24,1.773,1788422978.8483188,00001_front_put_the_box_on_the_tray.png,00001_wrist_put_the_box_on_the_tray.png,recap.png,50,3,53,54,-4.395604395604396,-101.58241758241758,90.15384615384616,64.26373626373626,-0.7472527472527473,0.8904109589041096,-4.048940658569336,-101.25430297851562,81.02238464355469,65.18524932861328,-0.4006824493408203,0.7211024165153503
000_box,put the box on the tray,3,0,24,1.773,1788422978.8483188,00001_front_put_the_box_on_the_tray.png,00001_wrist_put_the_box_on_the_tray.png,recap.png,50,4,54,55,-4.395604395604396,-101.58241758241758,90.15384615384616,64.26373626373626,-0.7472527472527473,0.8904109589041096,-3.7010250091552734,-100.49669647216797,80.18547058105469,65.1705322265625,-0.35678672790527344,0.6116528511047363
000_box,put the box on the tray,3,0,24,1.773,1788422978.8483188,00001_front_put_the_box_on_the_tray.png,00001_wrist_put_the_box_on_the_tray.png,recap.png,50,5,55,56,-4.395604395604396,-101.58241758241758,90.15384615384616,64.26373626373626,-0.7472527472527473,0.8904109589041096,-3.7808456420898438,-99.70232391357422,80.76724243164062,65.04240417480469,-0.5758733749389648,0.5636789798736572
000_box,put the box on the tray,3,0,24,1.773,1788422978.8483188,00001_front_put_the_box_on_the_tray.png,00001_wrist_put_the_box_on_the_tray.png,recap.png,50,6,56,57,-4.395604395604396,-101.58241758241758,90.15384615384616,64.26373626373626,-0.7472527472527473,0.8904109589041096,-3.519359588623047,-99.85398864746094,80.34165954589844,64.96697998046875,-0.40111446380615234,0.7219946384429932
000_box,put the box on the tray,3,0,24,1.773,1788422978.8483188,00001_front_put_the_box_on_the_tray.png,00001_wrist_put_the_box_on_the_tray.png,recap.png,50,7,57,58,-4.395604395604396,-101.58241758241758,90.15384615384616,64.26373626373626,-0.7472527472527473,0.8904109589041096,-3.3814029693603516,-98.46516418457031,79.770263671875,64.70659637451172,-0.5761337280273438,0.6374130249023438
000_box,put the box on the tray,3,0,24,1.773,1788422978.8483188,00001_front_put_the_box_on_the_tray.png,00001_wrist_put_the_box_on_the_tray.png,recap.png,50,8,58,59,-4.395604395604396,-101.58241758241758,90.15384615384616,64.26373626373626,-0.7472527472527473,0.8904109589041096,-3.3332366943359375,-97.53234100341797,79.495361328125,64.6318130493164,-0.44716835021972656,0.6728035807609558
000_box,put the box on the tray,3,0,24,1.773,1788422978.8483188,00001_front_put_the_box_on_the_tray.png,00001_wrist_put_the_box_on_the_tray.png,recap.png,50,9,59,60,-4.395604395604396,-101.58241758241758,90.15384615384616,64.26373626373626,-0.7472527472527473,0.8904109589041096,-3.024900436401367,-96.40040588378906,78.06396484375,64.55781555175781,-0.640315055847168,0.7103939056396484
000_box,put the box on the tray,3,0,24,1.773,1788422978.8483188,00001_front_put_the_box_on_the_tray.png,00001_wrist_put_the_box_on_the_tray.png,recap.png,50,10,60,61,-4.395604395604396,-101.58241758241758,90.15384615384616,64.26373626373626,-0.7472527472527473,0.8904109589041096,-3.3601455688476562,-95.44763946533203,78.26284790039062,64.55860137939453,-0.6393508911132812,0.4600754380226135
000_box,put the box on the tray,3,0,24,1.773,1788422978.8483188,00001_front_put_the_box_on_the_tray.png,00001_wrist_put_the_box_on_the_tray.png,recap.png,50,11,61,62,-4.395604395604396,-101.58241758241758,90.15384615384616,64.26373626373626,-0.7472527472527473,0.8904109589041096,-3.3350601196289062,-94.10406494140625,77.5989990234375,64.21267700195312,-0.6321144104003906,0.6246938109397888
000_box,put the box on the tray,3,0,24,1.773,1788422978.8483188,00001_front_put_the_box_on_the_tray.png,00001_wrist_put_the_box_on_the_tray.png,recap.png,50,12,62,63,-4.395604395604396,-101.58241758241758,90.15384615384616,64.26373626373626,-0.7472527472527473,0.8904109589041096,-2.869386672973633,-92.85345458984375,76.77008056640625,64.06010437011719,-0.6821403503417969,0.7242580652236938
000_box,put the box on the tray,3,0,24,1.773,1788422978.8483188,00001_front_put_the_box_on_the_tray.png,00001_wrist_put_the_box_on_the_tray.png,recap.png,50,13,63,64,-4.395604395604396,-101.58241758241758,90.15384615384616,64.26373626373626,-0.7472527472527473,0.8904109589041096,-2.7871475219726562,-90.69869232177734,74.87826538085938,64.27521514892578,-0.8788957595825195,0.5675654411315918
000_box,put the box on the tray,3,0,24,1.773,1788422978.8483188,00001_front_put_the_box_on_the_tray.png,00001_wrist_put_the_box_on_the_tray.png,recap.png,50,14,64,65,-4.395604395604396,-101.58241758241758,90.15384615384616,64.26373626373626,-0.7472527472527473,0.8904109589041096,-3.3125686645507812,-88.25775146484375,73.09994506835938,64.04606628417969,-1.0682506561279297,0.7661989331245422
000_box,put the box on the tray,3,0,24,1.773,1788422978.8483188,00001_front_put_the_box_on_the_tray.png,00001_wrist_put_the_box_on_the_tray.png,recap.png,50,15,65,66,-4.395604395604396,-101.58241758241758,90.15384615384616,64.26373626373626,-0.7472527472527473,0.8904109589041096,-3.1299381256103516,-85.99187469482422,71.89457702636719,64.010986328125,-1.2770881652832031,0.574720025062561
000_box,put the box on the tray,3,0,24,1.773,1788422978.8483188,00001_front_put_the_box_on_the_tray.png,00001_wrist_put_the_box_on_the_tray.png,recap.png,50,16,66,67,-4.395604395604396,-101.58241758241758,90.15384615384616,64.26373626373626,-0.7472527472527473,0.8904109589041096,-3.7104434967041016,-82.71778106689453,70.330810546875,63.91314697265625,-1.4412975311279297,0.6585475206375122
000_box,put the box on the tray,3,0,24,1.773,1788422978.8483188,00001_front_put_the_box_on_the_tray.png,00001_wrist_put_the_box_on_the_tray.png,recap.png,50,17,67,68,-4.395604395604396,-101.58241758241758,90.15384615384616,64.26373626373626,-0.7472527472527473,0.8904109589041096,-3.5700721740722656,-79.61310577392578,68.80039978027344,63.692813873291016,-1.77984619140625,0.6336572766304016
000_box,put the box on the tray,3,0,24,1.773,1788422978.8483188,00001_front_put_the_box_on_the_tray.png,00001_wrist_put_the_box_on_the_tray.png,recap.png,50,18,68,69,-4.395604395604396,-101.58241758241758,90.15384615384616,64.26373626373626,-0.7472527472527473,0.8904109589041096,-3.1525440216064453,-76.53622436523438,66.95091247558594,63.48271560668945,-1.9863719940185547,0.6665465235710144
000_box,put the box on the tray,3,0,24,1.773,1788422978.8483188,00001_front_put_the_box_on_the_tray.png,00001_wrist_put_the_box_on_the_tray.png,recap.png,50,19,69,70,-4.395604395604396,-101.58241758241758,90.15384615384616,64.26373626373626,-0.7472527472527473,0.8904109589041096,-3.4237213134765625,-73.5426025390625,64.7636489868164,63.11887741088867,-2.3057308197021484,0.6188032031059265
000_box,put the box on the tray,3,0,24,1.773,1788422978.8483188,00001_front_put_the_box_on_the_tray.png,00001_wrist_put_the_box_on_the_tray.png,recap.png,50,20,70,71,-4.395604395604396,-101.58241758241758,90.15384615384616,64.26373626373626,-0.7472527472527473,0.8904109589041096,-3.406352996826172,-70.87080383300781,62.958030700683594,63.00056838989258,-2.587876319885254,0.5536056756973267
000_box,put the box on the tray,3,0,24,1.773,1788422978.8483188,00001_front_put_the_box_on_the_tray.png,00001_wrist_put_the_box_on_the_tray.png,recap.png,50,21,71,72,-4.395604395604396,-101.58241758241758,90.15384615384616,64.26373626373626,-0.7472527472527473,0.8904109589041096,-3.6245594024658203,-68.49557495117188,62.93389892578125,62.993595123291016,-2.773204803466797,0.6414449214935303
000_box,put the box on the tray,3,0,24,1.773,1788422978.8483188,00001_front_put_the_box_on_the_tray.png,00001_wrist_put_the_box_on_the_tray.png,recap.png,50,22,72,73,-4.395604395604396,-101.58241758241758,90.15384615384616,64.26373626373626,-0.7472527472527473,0.8904109589041096,-3.7792835235595703,-66.2159423828125,61.31224060058594,62.80897521972656,-2.964482307434082,0.5504012107849121
000_box,put the box on the tray,3,0,24,1.773,1788422978.8483188,00001_front_put_the_box_on_the_tray.png,00001_wrist_put_the_box_on_the_tray.png,recap.png,50,23,73,74,-4.395604395604396,-101.58241758241758,90.15384615384616,64.26373626373626,-0.7472527472527473,0.8904109589041096,-3.6515445709228516,-64.55953216552734,59.189109802246094,62.857200622558594,-3.0497379302978516,0.63221275806427
000_box,put the box on the tray,4,1,49,2.611,1788422979.6710088,00002_front_put_the_box_on_the_tray.png,00002_wrist_put_the_box_on_the_tray.png,recap.png,50,0,74,75,-4.395604395604396,-101.4065934065934,84.26373626373626,67.78021978021978,-0.7472527472527473,0.821917808219178,-5.596349716186523,-55.92701721191406,50.95879364013672,66.20690155029297,-2.3217849731445312,0.45748913288116455
000_box,put the box on the tray,4,1,49,2.611,1788422979.6710088,00002_front_put_the_box_on_the_tray.png,00002_wrist_put_the_box_on_the_tray.png,recap.png,50,1,75,76,-4.395604395604396,-101.4065934065934,84.26373626373626,67.78021978021978,-0.7472527472527473,0.821917808219178,-5.525491714477539,-54.80351257324219,49.599578857421875,66.65599060058594,-2.4106569290161133,0.7589657306671143
000_box,put the box on the tray,4,1,49,2.611,1788422979.6710088,00002_front_put_the_box_on_the_tray.png,00002_wrist_put_the_box_on_the_tray.png,recap.png,50,2,76,77,-4.395604395604396,-101.4065934065934,84.26373626373626,67.78021978021978,-0.7472527472527473,0.821917808219178,-5.520709991455078,-53.37911605834961,48.896766662597656,66.91751861572266,-2.6519298553466797,1.4594810009002686
000_box,put the box on the tray,4,1,49,2.611,1788422979.6710088,00002_front_put_the_box_on_the_tray.png,00002_wrist_put_the_box_on_the_tray.png,recap.png,50,3,77,78,-4.395604395604396,-101.4065934065934,84.26373626373626,67.78021978021978,-0.7472527472527473,0.821917808219178,-5.880218505859375,-51.714874267578125,48.14360809326172,67.22601318359375,-2.6350440979003906,3.0128047466278076
000_box,put the box on the tray,4,1,49,2.611,1788422979.6710088,00002_front_put_the_box_on_the_tray.png,00002_wrist_put_the_box_on_the_tray.png,recap.png,50,4,78,79,-4.395604395604396,-101.4065934065934,84.26373626373626,67.78021978021978,-0.7472527472527473,0.821917808219178,-5.826986312866211,-50.71781921386719,47.03125762939453,67.3127670288086,-2.577259063720703,4.882699489593506
000_box,put the box on the tray,4,1,49,2.611,1788422979.6710088,00002_front_put_the_box_on_the_tray.png,00002_wrist_put_the_box_on_the_tray.png,recap.png,50,5,79,80,-4.395604395604396,-101.4065934065934,84.26373626373626,67.78021978021978,-0.7472527472527473,0.821917808219178,-5.753141403198242,-49.28155517578125,46.445587158203125,67.42840576171875,-2.519073486328125,6.879952430725098
000_box,put the box on the tray,4,1,49,2.611,1788422979.6710088,00002_front_put_the_box_on_the_tray.png,00002_wrist_put_the_box_on_the_tray.png,recap.png,50,6,80,81,-4.395604395604396,-101.4065934065934,84.26373626373626,67.78021978021978,-0.7472527472527473,0.821917808219178,-5.945842742919922,-48.86538314819336,46.11415100097656,67.49593353271484,-2.4946975708007812,8.55290699005127
000_box,put the box on the tray,4,1,49,2.611,1788422979.6710088,00002_front_put_the_box_on_the_tray.png,00002_wrist_put_the_box_on_the_tray.png,recap.png,50,7,81,82,-4.395604395604396,-101.4065934065934,84.26373626373626,67.78021978021978,-0.7472527472527473,0.821917808219178,-5.95155143737793,-48.15058898925781,45.56138610839844,67.64701843261719,-2.6678543090820312,10.11898136138916
000_box,put the box on the tray,4,1,49,2.611,1788422979.6710088,00002_front_put_the_box_on_the_tray.png,00002_wrist_put_the_box_on_the_tray.png,recap.png,50,8,82,83,-4.395604395604396,-101.4065934065934,84.26373626373626,67.78021978021978,-0.7472527472527473,0.821917808219178,-6.138454437255859,-46.999290466308594,45.11778259277344,67.58195495605469,-2.527883529663086,11.441370010375977
000_box,put the box on the tray,4,1,49,2.611,1788422979.6710088,00002_front_put_the_box_on_the_tray.png,00002_wrist_put_the_box_on_the_tray.png,recap.png,50,9,83,84,-4.395604395604396,-101.4065934065934,84.26373626373626,67.78021978021978,-0.7472527472527473,0.821917808219178,-6.083703994750977,-46.075965881347656,44.67869567871094,67.67781829833984,-2.58541202545166,12.941650390625
000_box,put the box on the tray,4,1,49,2.611,1788422979.6710088,00002_front_put_the_box_on_the_tray.png,00002_wrist_put_the_box_on_the_tray.png,recap.png,50,10,84,85,-4.395604395604396,-101.4065934065934,84.26373626373626,67.78021978021978,-0.7472527472527473,0.821917808219178,-5.963006973266602,-45.21861267089844,44.24676513671875,67.77668762207031,-2.5732202529907227,14.438324928283691
000_box,put the box on the tray,4,1,49,2.611,1788422979.6710088,00002_front_put_the_box_on_the_tray.png,00002_wrist_put_the_box_on_the_tray.png,recap.png,50,11,85,86,-4.395604395604396,-101.4065934065934,84.26373626373626,67.78021978021978,-0.7472527472527473,0.821917808219178,-6.207475662231445,-44.32631301879883,43.85126495361328,67.95703125,-2.548931121826172,16.177860260009766
000_box,put the box on the tray,4,1,49,2.611,1788422979.6710088,00002_front_put_the_box_on_the_tray.png,00002_wrist_put_the_box_on_the_tray.png,recap.png,50,12,86,87,-4.395604395604396,-101.4065934065934,84.26373626373626,67.78021978021978,-0.7472527472527473,0.821917808219178,-6.069633483886719,-43.67313766479492,43.61095428466797,68.148681640625,-2.525700569152832,17.861703872680664
000_box,put the box on the tray,4,1,49,2.611,1788422979.6710088,00002_front_put_the_box_on_the_tray.png,00002_wrist_put_the_box_on_the_tray.png,recap.png,50,13,87,88,-4.395604395604396,-101.4065934065934,84.26373626373626,67.78021978021978,-0.7472527472527473,0.821917808219178,-6.18537712097168,-42.857757568359375,43.89171600341797,68.34239196777344,-2.551419258117676,19.650651931762695
000_box,put the box on the tray,4,1,49,2.611,1788422979.6710088,00002_front_put_the_box_on_the_tray.png,00002_wrist_put_the_box_on_the_tray.png,recap.png,50,14,88,89,-4.395604395604396,-101.4065934065934,84.26373626373626,67.78021978021978,-0.7472527472527473,0.821917808219178,-6.303276062011719,-41.5807991027832,42.85228729248047,68.87974548339844,-2.481715202331543,21.323226928710938
000_box,put the box on the tray,4,1,49,2.611,1788422979.6710088,00002_front_put_the_box_on_the_tray.png,00002_wrist_put_the_box_on_the_tray.png,recap.png,50,15,89,90,-4.395604395604396,-101.4065934065934,84.26373626373626,67.78021978021978,-0.7472527472527473,0.821917808219178,-6.182153701782227,-41.359703063964844,42.79597473144531,69.01496887207031,-2.514993667602539,22.90336799621582
000_box,put the box on the tray,4,1,49,2.611,1788422979.6710088,00002_front_put_the_box_on_the_tray.png,00002_wrist_put_the_box_on_the_tray.png,recap.png,50,16,90,91,-4.395604395604396,-101.4065934065934,84.26373626373626,67.78021978021978,-0.7472527472527473,0.821917808219178,-6.083944320678711,-40.20655822753906,42.12572479248047,69.2332763671875,-2.508011817932129,24.25765609741211
000_box,put the box on the tray,4,1,49,2.611,1788422979.6710088,00002_front_put_the_box_on_the_tray.png,00002_wrist_put_the_box_on_the_tray.png,recap.png,50,17,91,92,-4.395604395604396,-101.4065934065934,84.26373626373626,67.78021978021978,-0.7472527472527473,0.821917808219178,-6.212968826293945,-39.37583923339844,41.412574768066406,69.71012115478516,-2.4287500381469727,25.585542678833008
000_box,put the box on the tray,4,1,49,2.611,1788422979.6710088,00002_front_put_the_box_on_the_tray.png,00002_wrist_put_the_box_on_the_tray.png,recap.png,50,18,92,93,-4.395604395604396,-101.4065934065934,84.26373626373626,67.78021978021978,-0.7472527472527473,0.821917808219178,-6.057310104370117,-38.80693817138672,42.00818634033203,69.90332794189453,-2.421942710876465,26.601787567138672
000_box,put the box on the tray,4,1,49,2.611,1788422979.6710088,00002_front_put_the_box_on_the_tray.png,00002_wrist_put_the_box_on_the_tray.png,recap.png,50,19,93,94,-4.395604395604396,-101.4065934065934,84.26373626373626,67.78021978021978,-0.7472527472527473,0.821917808219178,-6.389192581176758,-37.526947021484375,40.60798645019531,70.325439453125,-2.39764404296875,27.564002990722656
000_box,put the box on the tray,4,1,49,2.611,1788422979.6710088,00002_front_put_the_box_on_the_tray.png,00002_wrist_put_the_box_on_the_tray.png,recap.png,50,20,94,95,-4.395604395604396,-101.4065934065934,84.26373626373626,67.78021978021978,-0.7472527472527473,0.821917808219178,-6.291364669799805,-37.497718811035156,40.20512390136719,70.66661834716797,-2.3264455795288086,28.126306533813477
000_box,put the box on the tray,4,1,49,2.611,1788422979.6710088,00002_front_put_the_box_on_the_tray.png,00002_wrist_put_the_box_on_the_tray.png,recap.png,50,21,95,96,-4.395604395604396,-101.4065934065934,84.26373626373626,67.78021978021978,-0.7472527472527473,0.821917808219178,-6.194059371948242,-36.09185028076172,39.712440490722656,70.77716064453125,-2.3269853591918945,28.6154842376709
000_box,put the box on the tray,4,1,49,2.611,1788422979.6710088,00002_front_put_the_box_on_the_tray.png,00002_wrist_put_the_box_on_the_tray.png,recap.png,50,22,96,97,-4.395604395604396,-101.4065934065934,84.26373626373626,67.78021978021978,-0.7472527472527473,0.821917808219178,-6.195098876953125,-35.26329040527344,39.20033264160156,71.12725830078125,-2.388777732849121,29.004302978515625
000_box,put the box on the tray,5,1,73,3.447,1788422980.5048158,00003_front_put_the_box_on_the_tray.png,00003_wrist_put_the_box_on_the_tray.png,recap.png,50,0,97,98,-3.6043956043956045,-72.83516483516483,66.5934065934066,63.91208791208791,-2.1538461538461537,0.821917808219178,-5.04094123840332,-35.76315689086914,40.132808685302734,69.79702758789062,-2.6281704902648926,28.482177734375
000_box,put the box on the tray,5,1,73,3.447,1788422980.5048158,00003_front_put_the_box_on_the_tray.png,00003_wrist_put_the_box_on_the_tray.png,recap.png,50,1,98,99,-3.6043956043956045,-72.83516483516483,66.5934065934066,63.91208791208791,-2.1538461538461537,0.821917808219178,-5.164154052734375,-34.95207977294922,40.04442596435547,69.77476501464844,-2.568648338317871,28.68592071533203
000_box,put the box on the tray,5,1,73,3.447,1788422980.5048158,00003_front_put_the_box_on_the_tray.png,00003_wrist_put_the_box_on_the_tray.png,recap.png,50,2,99,100,-3.6043956043956045,-72.83516483516483,66.5934065934066,63.91208791208791,-2.1538461538461537,0.821917808219178,-4.648416519165039,-35.121925354003906,40.61876678466797,69.48994445800781,-2.6942129135131836,28.24774932861328
000_box,put the box on the tray,5,1,73,3.447,1788422980.5048158,00003_front_put_the_box_on_the_tray.png,00003_wrist_put_the_box_on_the_tray.png,recap.png,50,3,100,101,-3.6043956043956045,-72.83516483516483,66.5934065934066,63.91208791208791,-2.1538461538461537,0.821917808219178,-5.055402755737305,-34.219459533691406,40.16749572753906,69.50602722167969,-2.6499481201171875,28.125381469726562
000_box,put the box on the tray,5,1,73,3.447,1788422980.5048158,00003_front_put_the_box_on_the_tray.png,00003_wrist_put_the_box_on_the_tray.png,recap.png,50,4,101,102,-3.6043956043956045,-72.83516483516483,66.5934065934066,63.91208791208791,-2.1538461538461537,0.821917808219178,-4.43687629699707,-33.85541534423828,39.144737243652344,69.42464447021484,-2.6138601303100586,27.950502395629883
000_box,put the box on the tray,5,1,73,3.447,1788422980.5048158,00003_front_put_the_box_on_the_tray.png,00003_wrist_put_the_box_on_the_tray.png,recap.png,50,5,102,103,-3.6043956043956045,-72.83516483516483,66.5934065934066,63.91208791208791,-2.1538461538461537,0.821917808219178,-4.798896789550781,-33.289390563964844,39.59974670410156,69.73301696777344,-2.6730518341064453,27.695053100585938
000_box,put the box on the tray,5,1,73,3.447,1788422980.5048158,00003_front_put_the_box_on_the_tray.png,00003_wrist_put_the_box_on_the_tray.png,recap.png,50,6,103,104,-3.6043956043956045,-72.83516483516483,66.5934065934066,63.91208791208791,-2.1538461538461537,0.821917808219178,-4.643634796142578,-32.746498107910156,38.908653259277344,69.61529541015625,-2.563767433166504,27.646831512451172
000_box,put the box on the tray,5,1,73,3.447,1788422980.5048158,00003_front_put_the_box_on_the_tray.png,00003_wrist_put_the_box_on_the_tray.png,recap.png,50,7,104,105,-3.6043956043956045,-72.83516483516483,66.5934065934066,63.91208791208791,-2.1538461538461537,0.821917808219178,-4.974180221557617,-31.936416625976562,38.758460998535156,69.68502044677734,-2.5660476684570312,27.614572525024414
000_box,put the box on the tray,5,1,73,3.447,1788422980.5048158,00003_front_put_the_box_on_the_tray.png,00003_wrist_put_the_box_on_the_tray.png,recap.png,50,8,105,106,-3.6043956043956045,-72.83516483516483,66.5934065934066,63.91208791208791,-2.1538461538461537,0.821917808219178,-4.820165634155273,-31.569976806640625,37.78474426269531,69.7849349975586,-2.4851675033569336,27.7318172454834
000_box,put the box on the tray,5,1,73,3.447,1788422980.5048158,00003_front_put_the_box_on_the_tray.png,00003_wrist_put_the_box_on_the_tray.png,recap.png,50,9,106,107,-3.6043956043956045,-72.83516483516483,66.5934065934066,63.91208791208791,-2.1538461538461537,0.821917808219178,-4.804025650024414,-31.259010314941406,38.84992980957031,70.04178619384766,-2.6861934661865234,27.79435920715332
000_box,put the box on the tray,5,1,73,3.447,1788422980.5048158,00003_front_put_the_box_on_the_tray.png,00003_wrist_put_the_box_on_the_tray.png,recap.png,50,10,107,108,-3.6043956043956045,-72.83516483516483,66.5934065934066,63.91208791208791,-2.1538461538461537,0.821917808219178,-4.978708267211914,-30.004722595214844,37.85417938232422,69.98431396484375,-2.6846752166748047,28.05976676940918
000_box,put the box on the tray,5,1,73,3.447,1788422980.5048158,00003_front_put_the_box_on_the_tray.png,00003_wrist_put_the_box_on_the_tray.png,recap.png,50,11,108,109,-3.6043956043956045,-72.83516483516483,66.5934065934066,63.91208791208791,-2.1538461538461537,0.821917808219178,-4.654502868652344,-29.60179901123047,37.478065490722656,70.17010498046875,-2.645756721496582,28.644502639770508
000_box,put the box on the tray,5,1,73,3.447,1788422980.5048158,00003_front_put_the_box_on_the_tray.png,00003_wrist_put_the_box_on_the_tray.png,recap.png,50,12,109,110,-3.6043956043956045,-72.83516483516483,66.5934065934066,63.91208791208791,-2.1538461538461537,0.821917808219178,-5.056268692016602,-28.337875366210938,36.47637176513672,70.54842376708984,-2.488142967224121,30.021907806396484
000_box,put the box on the tray,5,1,73,3.447,1788422980.5048158,00003_front_put_the_box_on_the_tray.png,00003_wrist_put_the_box_on_the_tray.png,recap.png,50,13,110,111,-3.6043956043956045,-72.83516483516483,66.5934065934066,63.91208791208791,-2.1538461538461537,0.821917808219178,-5.1510162353515625,-26.95061492919922,36.60411071777344,70.64582061767578,-2.514969825744629,30.9952335357666
000_box,put the box on the tray,5,1,73,3.447,1788422980.5048158,00003_front_put_the_box_on_the_tray.png,00003_wrist_put_the_box_on_the_tray.png,recap.png,50,14,111,112,-3.6043956043956045,-72.83516483516483,66.5934065934066,63.91208791208791,-2.1538461538461537,0.821917808219178,-5.4757843017578125,-26.082496643066406,36.448402404785156,70.7848129272461,-2.5030698776245117,31.598966598510742
000_box,put the box on the tray,5,1,73,3.447,1788422980.5048158,00003_front_put_the_box_on_the_tray.png,00003_wrist_put_the_box_on_the_tray.png,recap.png,50,15,112,113,-3.6043956043956045,-72.83516483516483,66.5934065934066,63.91208791208791,-2.1538461538461537,0.821917808219178,-5.567527770996094,-25.295516967773438,35.74443054199219,70.87832641601562,-2.6198644638061523,32.64996337890625
000_box,put the box on the tray,5,1,73,3.447,1788422980.5048158,00003_front_put_the_box_on_the_tray.png,00003_wrist_put_the_box_on_the_tray.png,recap.png,50,16,113,114,-3.6043956043956045,-72.83516483516483,66.5934065934066,63.91208791208791,-2.1538461538461537,0.821917808219178,-5.8106689453125,-24.957046508789062,35.21925354003906,70.96224975585938,-2.4025793075561523,33.09614562988281
000_box,put the box on the tray,5,1,73,3.447,1788422980.5048158,00003_front_put_the_box_on_the_tray.png,00003_wrist_put_the_box_on_the_tray.png,recap.png,50,17,114,115,-3.6043956043956045,-72.83516483516483,66.5934065934066,63.91208791208791,-2.1538461538461537,0.821917808219178,-5.859365463256836,-23.823463439941406,35.18475341796875,71.05303955078125,-2.3368844985961914,33.80830764770508
000_box,put the box on the tray,5,1,73,3.447,1788422980.5048158,00003_front_put_the_box_on_the_tray.png,00003_wrist_put_the_box_on_the_tray.png,recap.png,50,18,115,116,-3.6043956043956045,-72.83516483516483,66.5934065934066,63.91208791208791,-2.1538461538461537,0.821917808219178,-6.099346160888672,-23.330230712890625,34.90253448486328,71.28486633300781,-2.365306854248047,33.88909912109375
000_box,put the box on the tray,5,1,73,3.447,1788422980.5048158,00003_front_put_the_box_on_the_tray.png,00003_wrist_put_the_box_on_the_tray.png,recap.png,50,19,116,117,-3.6043956043956045,-72.83516483516483,66.5934065934066,63.91208791208791,-2.1538461538461537,0.821917808219178,-6.462505340576172,-21.891250610351562,33.877830505371094,71.48472595214844,-2.2543821334838867,33.85482406616211
000_box,put the box on the tray,5,1,73,3.447,1788422980.5048158,00003_front_put_the_box_on_the_tray.png,00003_wrist_put_the_box_on_the_tray.png,recap.png,50,20,117,118,-3.6043956043956045,-72.83516483516483,66.5934065934066,63.91208791208791,-2.1538461538461537,0.821917808219178,-6.726888656616211,-21.560928344726562,33.923431396484375,71.67079162597656,-2.2300071716308594,33.73560333251953
000_box,put the box on the tray,5,1,73,3.447,1788422980.5048158,00003_front_put_the_box_on_the_tray.png,00003_wrist_put_the_box_on_the_tray.png,recap.png,50,21,118,119,-3.6043956043956045,-72.83516483516483,66.5934065934066,63.91208791208791,-2.1538461538461537,0.821917808219178,-7.115400314331055,-20.346656799316406,33.913780212402344,71.52394104003906,-2.038519859313965,33.48939895629883
000_box,put the box on the tray,5,1,73,3.447,1788422980.5048158,00003_front_put_the_box_on_the_tray.png,00003_wrist_put_the_box_on_the_tray.png,recap.png,50,22,119,120,-3.6043956043956045,-72.83516483516483,66.5934065934066,63.91208791208791,-2.1538461538461537,0.821917808219178,-7.242359161376953,-19.18152618408203,32.90000915527344,71.84173583984375,-2.032684326171875,33.54191970825195
000_box,put the box on the tray,5,1,73,3.447,1788422980.5048158,00003_front_put_the_box_on_the_tray.png,00003_wrist_put_the_box_on_the_tray.png,recap.png,50,23,120,121,-3.6043956043956045,-72.83516483516483,66.5934065934066,63.91208791208791,-2.1538461538461537,0.821917808219178,-7.302358627319336,-17.496490478515625,32.43128967285156,71.9460678100586,-1.8968048095703125,33.629638671875
000_box,put the box on the tray,5,1,73,3.447,1788422980.5048158,00003_front_put_the_box_on_the_tray.png,00003_wrist_put_the_box_on_the_tray.png,recap.png,50,24,121,122,-3.6043956043956045,-72.83516483516483,66.5934065934066,63.91208791208791,-2.1538461538461537,0.821917808219178,-7.657899856567383,-16.66895294189453,32.30763244628906,72.16929626464844,-1.9328832626342773,33.676448822021484
000_box,put the box on the tray,5,1,73,3.447,1788422980.5048158,00003_front_put_the_box_on_the_tray.png,00003_wrist_put_the_box_on_the_tray.png,recap.png,50,25,122,123,-3.6043956043956045,-72.83516483516483,66.5934065934066,63.91208791208791,-2.1538461538461537,0.821917808219178,-7.68934440612793,-15.582275390625,31.721351623535156,72.4123764038086,-2.052861213684082,33.85756301879883
000_box,put the box on the tray,6,0,95,4.317,1788422981.376044,00004_front_put_the_box_on_the_tray.png,00004_wrist_put_the_box_on_the_tray.png,recap.png,50,0,123,124,-5.714285714285714,-38.285714285714285,43.824175824175825,69.97802197802197,-2.4175824175824174,25.89041095890411,-7.2554779052734375,-9.575180053710938,30.212730407714844,72.6265869140625,-1.191354751586914,33.52863693237305
000_box,put the box on the tray,6,0,95,4.317,1788422981.376044,00004_front_put_the_box_on_the_tray.png,00004_wrist_put_the_box_on_the_tray.png,recap.png,50,1,124,125,-5.714285714285714,-38.285714285714285,43.824175824175825,69.97802197802197,-2.4175824175824174,25.89041095890411,-6.929182052612305,-9.205345153808594,29.79571533203125,72.102294921875,-1.0849151611328125,33.29648208618164
000_box,put the box on the tray,6,0,95,4.317,1788422981.376044,00004_front_put_the_box_on_the_tray.png,00004_wrist_put_the_box_on_the_tray.png,recap.png,50,2,125,126,-5.714285714285714,-38.285714285714285,43.824175824175825,69.97802197802197,-2.4175824175824174,25.89041095890411,-6.838445663452148,-9.127403259277344,28.739273071289062,71.67500305175781,-0.9987773895263672,33.4295654296875
000_box,put the box on the tray,6,0,95,4.317,1788422981.376044,00004_front_put_the_box_on_the_tray.png,00004_wrist_put_the_box_on_the_tray.png,recap.png,50,3,126,127,-5.714285714285714,-38.285714285714285,43.824175824175825,69.97802197802197,-2.4175824175824174,25.89041095890411,-6.977731704711914,-7.222190856933594,28.72533416748047,71.41153717041016,-0.9134244918823242,33.40657043457031
000_box,put the box on the tray,6,0,95,4.317,1788422981.376044,00004_front_put_the_box_on_the_tray.png,00004_wrist_put_the_box_on_the_tray.png,recap.png,50,4,127,128,-5.714285714285714,-38.285714285714285,43.824175824175825,69.97802197802197,-2.4175824175824174,25.89041095890411,-6.641876220703125,-7.481529235839844,28.62293243408203,70.88980102539062,-0.7648553848266602,33.23822021484375
000_box,put the box on the tray,6,0,95,4.317,1788422981.376044,00004_front_put_the_box_on_the_tray.png,00004_wrist_put_the_box_on_the_tray.png,recap.png,50,5,128,129,-5.714285714285714,-38.285714285714285,43.824175824175825,69.97802197802197,-2.4175824175824174,25.89041095890411,-6.560884475708008,-5.348060607910156,28.44781494140625,70.51589965820312,-0.7442541122436523,33.194847106933594
000_box,put the box on the tray,6,0,95,4.317,1788422981.376044,00004_front_put_the_box_on_the_tray.png,00004_wrist_put_the_box_on_the_tray.png,recap.png,50,6,129,130,-5.714285714285714,-38.285714285714285,43.824175824175825,69.97802197802197,-2.4175824175824174,25.89041095890411,-6.573526382446289,-4.4137420654296875,27.37200927734375,70.46349334716797,-0.6872129440307617,33.144222259521484
000_box,put the box on the tray,6,0,95,4.317,1788422981.376044,00004_front_put_the_box_on_the_tray.png,00004_wrist_put_the_box_on_the_tray.png,recap.png,50,7,130,131,-5.714285714285714,-38.285714285714285,43.824175824175825,69.97802197802197,-2.4175824175824174,25.89041095890411,-6.374177932739258,-3.8698272705078125,26.884292602539062,70.5650405883789,-0.5995378494262695,33.17463684082031
000_box,put the box on the tray,6,0,95,4.317,1788422981.376044,00004_front_put_the_box_on_the_tray.png,00004_wrist_put_the_box_on_the_tray.png,recap.png,50,8,131,132,-5.714285714285714,-38.285714285714285,43.824175824175825,69.97802197802197,-2.4175824175824174,25.89041095890411,-6.411182403564453,-2.7606887817382812,26.785415649414062,70.5201416015625,-0.6532125473022461,32.983585357666016
000_box,put the box on the tray,6,0,95,4.317,1788422981.376044,00004_front_put_the_box_on_the_tray.png,00004_wrist_put_the_box_on_the_tray.png,recap.png,50,9,132,133,-5.714285714285714,-38.285714285714285,43.824175824175825,69.97802197802197,-2.4175824175824174,25.89041095890411,-5.896642684936523,-1.8145065307617188,26.56688690185547,70.55126190185547,-0.5682744979858398,33.15729522705078
000_box,put the box on the tray,6,0,95,4.317,1788422981.376044,00004_front_put_the_box_on_the_tray.png,00004_wrist_put_the_box_on_the_tray.png,recap.png,50,10,133,134,-5.714285714285714,-38.285714285714285,43.824175824175825,69.97802197802197,-2.4175824175824174,25.89041095890411,-6.263223648071289,-0.40474700927734375,25.647438049316406,70.6664047241211,-0.527613639831543,33.14373779296875
000_box,put the box on the tray,6,0,95,4.317,1788422981.376044,00004_front_put_the_box_on_the_tray.png,00004_wrist_put_the_box_on_the_tray.png,recap.png,50,11,134,135,-5.714285714285714,-38.285714285714285,43.824175824175825,69.97802197802197,-2.4175824175824174,25.89041095890411,-6.268716812133789,-0.07390594482421875,25.27752685546875,70.98360443115234,-0.5426092147827148,33.12210464477539
000_box,put the box on the tray,6,0,95,4.317,1788422981.376044,00004_front_put_the_box_on_the_tray.png,00004_wrist_put_the_box_on_the_tray.png,recap.png,50,12,135,136,-5.714285714285714,-38.285714285714285,43.824175824175825,69.97802197802197,-2.4175824175824174,25.89041095890411,-6.492696762084961,0.6985549926757812,25.404380798339844,70.88182067871094,-0.6329135894775391,33.07310485839844
000_box,put the box on the tray,6,0,95,4.317,1788422981.376044,00004_front_put_the_box_on_the_tray.png,00004_wrist_put_the_box_on_the_tray.png,recap.png,50,13,136,137,-5.714285714285714,-38.285714285714285,43.824175824175825,69.97802197802197,-2.4175824175824174,25.89041095890411,-6.2220611572265625,1.445159912109375,24.750274658203125,70.83940887451172,-0.48174190521240234,32.911376953125
000_box,put the box on the tray,6,0,95,4.317,1788422981.376044,00004_front_put_the_box_on_the_tray.png,00004_wrist_put_the_box_on_the_tray.png,recap.png,50,14,137,138,-5.714285714285714,-38.285714285714285,43.824175824175825,69.97802197802197,-2.4175824175824174,25.89041095890411,-6.284910202026367,1.1661834716796875,24.54174041748047,70.86968994140625,-0.5297136306762695,32.39850997924805
000_box,put the box on the tray,6,0,95,4.317,1788422981.376044,00004_front_put_the_box_on_the_tray.png,00004_wrist_put_the_box_on_the_tray.png,recap.png,50,15,138,139,-5.714285714285714,-38.285714285714285,43.824175824175825,69.97802197802197,-2.4175824175824174,25.89041095890411,-6.175762176513672,1.9664764404296875,24.72637939453125,70.6166000366211,-0.46689510345458984,31.677978515625
000_box,put the box on the tray,6,0,95,4.317,1788422981.376044,00004_front_put_the_box_on_the_tray.png,00004_wrist_put_the_box_on_the_tray.png,recap.png,50,16,139,140,-5.714285714285714,-38.285714285714285,43.824175824175825,69.97802197802197,-2.4175824175824174,25.89041095890411,-5.834220886230469,1.8261795043945312,25.33000946044922,70.81663513183594,-0.5614128112792969,29.931499481201172
000_box,put the box on the tray,6,0,95,4.317,1788422981.376044,00004_front_put_the_box_on_the_tray.png,00004_wrist_put_the_box_on_the_tray.png,recap.png,50,17,140,141,-5.714285714285714,-38.285714285714285,43.824175824175825,69.97802197802197,-2.4175824175824174,25.89041095890411,-5.906824111938477,2.5555267333984375,24.755813598632812,70.50228881835938,-0.4384326934814453,27.93665313720703
000_box,put the box on the tray,6,0,95,4.317,1788422981.376044,00004_front_put_the_box_on_the_tray.png,00004_wrist_put_the_box_on_the_tray.png,recap.png,50,18,141,142,-5.714285714285714,-38.285714285714285,43.824175824175825,69.97802197802197,-2.4175824175824174,25.89041095890411,-5.946990966796875,2.3593597412109375,24.925521850585938,70.69093322753906,-0.4599285125732422,25.782255172729492
000_box,put the box on the tray,6,0,95,4.317,1788422981.376044,00004_front_put_the_box_on_the_tray.png,00004_wrist_put_the_box_on_the_tray.png,recap.png,50,19,142,143,-5.714285714285714,-38.285714285714285,43.824175824175825,69.97802197802197,-2.4175824175824174,25.89041095890411,-5.846797943115234,3.115203857421875,25.02568817138672,70.45454406738281,-0.5057592391967773,23.5197696685791
000_box,put the box on the tray,6,0,95,4.317,1788422981.376044,00004_front_put_the_box_on_the_tray.png,00004_wrist_put_the_box_on_the_tray.png,recap.png,50,20,143,144,-5.714285714285714,-38.285714285714285,43.824175824175825,69.97802197802197,-2.4175824175824174,25.89041095890411,-5.641376495361328,2.834136962890625,25.908721923828125,70.74478149414062,-0.3950033187866211,21.09355926513672
000_box,put the box on the tray,6,0,95,4.317,1788422981.376044,00004_front_put_the_box_on_the_tray.png,00004_wrist_put_the_box_on_the_tray.png,recap.png,50,21,144,145,-5.714285714285714,-38.285714285714285,43.824175824175825,69.97802197802197,-2.4175824175824174,25.89041095890411,-5.300859451293945,2.48974609375,25.907333374023438,70.55575561523438,-0.4524688720703125,18.82453155517578
000_box,put the box on the tray,7,1,122,5.221,1788422982.2834709,00005_front_put_the_box_on_the_tray.png,00005_wrist_put_the_box_on_the_tray.png,recap.png,50,0,145,146,-6.857142857142857,-18.417582417582416,35.20879120879121,71.56043956043956,-2.4175824175824174,33.28767123287671,-6.358345031738281,2.6464767456054688,26.33301544189453,69.36286163330078,-1.6690683364868164,35.730587005615234
000_box,put the box on the tray,7,1,122,5.221,1788422982.2834709,00005_front_put_the_box_on_the_tray.png,00005_wrist_put_the_box_on_the_tray.png,recap.png,50,1,146,147,-6.857142857142857,-18.417582417582416,35.20879120879121,71.56043956043956,-2.4175824175824174,33.28767123287671,-6.1954345703125,2.0464553833007812,26.78076171875,69.35533905029297,-1.7186899185180664,35.58676528930664
000_box,put the box on the tray,7,1,122,5.221,1788422982.2834709,00005_front_put_the_box_on_the_tray.png,00005_wrist_put_the_box_on_the_tray.png,recap.png,50,2,147,148,-6.857142857142857,-18.417582417582416,35.20879120879121,71.56043956043956,-2.4175824175824174,33.28767123287671,-6.448713302612305,3.2531509399414062,26.14130401611328,69.423583984375,-1.7013521194458008,35.19391632080078
000_box,put the box on the tray,7,1,122,5.221,1788422982.2834709,00005_front_put_the_box_on_the_tray.png,00005_wrist_put_the_box_on_the_tray.png,recap.png,50,3,148,149,-6.857142857142857,-18.417582417582416,35.20879120879121,71.56043956043956,-2.4175824175824174,33.28767123287671,-6.360939025878906,3.2195587158203125,26.24298095703125,69.25944519042969,-1.6374835968017578,34.69725799560547
000_box,put the box on the tray,7,1,122,5.221,1788422982.2834709,00005_front_put_the_box_on_the_tray.png,00005_wrist_put_the_box_on_the_tray.png,recap.png,50,4,149,150,-6.857142857142857,-18.417582417582416,35.20879120879121,71.56043956043956,-2.4175824175824174,33.28767123287671,-6.623203277587891,3.3671722412109375,25.373809814453125,69.22377014160156,-1.6951627731323242,33.08320236206055
000_box,put the box on the tray,7,1,122,5.221,1788422982.2834709,00005_front_put_the_box_on_the_tray.png,00005_wrist_put_the_box_on_the_tray.png,recap.png,50,5,150,151,-6.857142857142857,-18.417582417582416,35.20879120879121,71.56043956043956,-2.4175824175824174,33.28767123287671,-6.188459396362305,3.3655166625976562,26.260971069335938,69.14959716796875,-1.6688232421875,31.452707290649414
000_box,put the box on the tray,7,1,122,5.221,1788422982.2834709,00005_front_put_the_box_on_the_tray.png,00005_wrist_put_the_box_on_the_tray.png,recap.png,50,6,151,152,-6.857142857142857,-18.417582417582416,35.20879120879121,71.56043956043956,-2.4175824175824174,33.28767123287671,-6.458698272705078,4.228630065917969,25.506591796875,68.99693298339844,-1.6406621932983398,29.523170471191406
000_box,put the box on the tray,7,1,122,5.221,1788422982.2834709,00005_front_put_the_box_on_the_tray.png,00005_wrist_put_the_box_on_the_tray.png,recap.png,50,7,152,153,-6.857142857142857,-18.417582417582416,35.20879120879121,71.56043956043956,-2.4175824175824174,33.28767123287671,-6.0906524658203125,4.4302825927734375,25.789634704589844,68.91468811035156,-1.5405206680297852,27.14613914489746
000_box,put the box on the tray,7,1,122,5.221,1788422982.2834709,00005_front_put_the_box_on_the_tray.png,00005_wrist_put_the_box_on_the_tray.png,recap.png,50,8,153,154,-6.857142857142857,-18.417582417582416,35.20879120879121,71.56043956043956,-2.4175824175824174,33.28767123287671,-6.391399383544922,3.9316635131835938,25.965667724609375,69.08486938476562,-1.461233139038086,24.566585540771484
000_box,put the box on the tray,7,1,122,5.221,1788422982.2834709,00005_front_put_the_box_on_the_tray.png,00005_wrist_put_the_box_on_the_tray.png,recap.png,50,9,154,155,-6.857142857142857,-18.417582417582416,35.20879120879121,71.56043956043956,-2.4175824175824174,33.28767123287671,-6.29286003112793,3.9305648803710938,24.911964416503906,69.03861236572266,-1.5679407119750977,21.86429214477539
000_box,put the box on the tray,7,1,122,5.221,1788422982.2834709,00005_front_put_the_box_on_the_tray.png,00005_wrist_put_the_box_on_the_tray.png,recap.png,50,10,155,156,-6.857142857142857,-18.417582417582416,35.20879120879121,71.56043956043956,-2.4175824175824174,33.28767123287671,-6.230072021484375,4.666679382324219,25.01752471923828,68.92923736572266,-1.4992132186889648,19.094390869140625
000_box,put the box on the tray,7,1,122,5.221,1788422982.2834709,00005_front_put_the_box_on_the_tray.png,00005_wrist_put_the_box_on_the_tray.png,recap.png,50,11,156,157,-6.857142857142857,-18.417582417582416,35.20879120879121,71.56043956043956,-2.4175824175824174,33.28767123287671,-6.377025604248047,4.464935302734375,25.57269287109375,69.1422119140625,-1.4114341735839844,16.897796630859375
000_box,put the box on the tray,7,1,122,5.221,1788422982.2834709,00005_front_put_the_box_on_the_tray.png,00005_wrist_put_the_box_on_the_tray.png,recap.png,50,12,157,158,-6.857142857142857,-18.417582417582416,35.20879120879121,71.56043956043956,-2.4175824175824174,33.28767123287671,-6.157915115356445,4.398612976074219,24.96831512451172,69.06219482421875,-1.4786958694458008,14.65392017364502
000_box,put the box on the tray,7,1,122,5.221,1788422982.2834709,00005_front_put_the_box_on_the_tray.png,00005_wrist_put_the_box_on_the_tray.png,recap.png,50,13,158,159,-6.857142857142857,-18.417582417582416,35.20879120879121,71.56043956043956,-2.4175824175824174,33.28767123287671,-6.140754699707031,4.547698974609375,24.671859741210938,68.9111328125,-1.484649658203125,13.186108589172363
000_box,put the box on the tray,7,1,122,5.221,1788422982.2834709,00005_front_put_the_box_on_the_tray.png,00005_wrist_put_the_box_on_the_tray.png,recap.png,50,14,159,160,-6.857142857142857,-18.417582417582416,35.20879120879121,71.56043956043956,-2.4175824175824174,33.28767123287671,-6.075447082519531,4.082969665527344,24.877426147460938,69.15122985839844,-1.4899663925170898,11.950455665588379
000_box,put the box on the tray,7,1,122,5.221,1788422982.2834709,00005_front_put_the_box_on_the_tray.png,00005_wrist_put_the_box_on_the_tray.png,recap.png,50,15,160,161,-6.857142857142857,-18.417582417582416,35.20879120879121,71.56043956043956,-2.4175824175824174,33.28767123287671,-6.147178649902344,3.9559249877929688,24.52667999267578,69.11900329589844,-1.5577659606933594,10.858097076416016
000_box,put the box on the tray,7,1,122,5.221,1788422982.2834709,00005_front_put_the_box_on_the_tray.png,00005_wrist_put_the_box_on_the_tray.png,recap.png,50,16,161,162,-6.857142857142857,-18.417582417582416,35.20879120879121,71.56043956043956,-2.4175824175824174,33.28767123287671,-6.22650146484375,3.6837310791015625,25.210494995117188,69.05192565917969,-1.5859966278076172,10.112918853759766
000_box,put the box on the tray,7,1,122,5.221,1788422982.2834709,00005_front_put_the_box_on_the_tray.png,00005_wrist_put_the_box_on_the_tray.png,recap.png,50,17,162,163,-6.857142857142857,-18.417582417582416,35.20879120879121,71.56043956043956,-2.4175824175824174,33.28767123287671,-6.205400466918945,4.611328125,24.634368896484375,68.96876525878906,-1.4754009246826172,9.30158805847168
000_box,put the box on the tray,7,1,122,5.221,1788422982.2834709,00005_front_put_the_box_on_the_tray.png,00005_wrist_put_the_box_on_the_tray.png,recap.png,50,18,163,164,-6.857142857142857,-18.417582417582416,35.20879120879121,71.56043956043956,-2.4175824175824174,33.28767123287671,-6.11400032043457,4.373542785644531,24.135223388671875,69.21631622314453,-1.4821462631225586,8.480713844299316
000_box,put the box on the tray,7,1,122,5.221,1788422982.2834709,00005_front_put_the_box_on_the_tray.png,00005_wrist_put_the_box_on_the_tray.png,recap.png,50,19,164,165,-6.857142857142857,-18.417582417582416,35.20879120879121,71.56043956043956,-2.4175824175824174,33.28767123287671,-6.02088737487793,4.143180847167969,24.31584930419922,69.05479431152344,-1.5670757293701172,8.227624893188477
000_box,put the box on the tray,7,1,122,5.221,1788422982.2834709,00005_front_put_the_box_on_the_tray.png,00005_wrist_put_the_box_on_the_tray.png,recap.png,50,20,165,166,-6.857142857142857,-18.417582417582416,35.20879120879121,71.56043956043956,-2.4175824175824174,33.28767123287671,-6.095249176025391,4.66876220703125,23.979217529296875,69.17606353759766,-1.705357551574707,7.61323356628418
000_box,put the box on the tray,7,1,122,5.221,1788422982.2834709,00005_front_put_the_box_on_the_tray.png,00005_wrist_put_the_box_on_the_tray.png,recap.png,50,21,166,167,-6.857142857142857,-18.417582417582416,35.20879120879121,71.56043956043956,-2.4175824175824174,33.28767123287671,-5.964147567749023,3.64898681640625,24.173675537109375,69.08112335205078,-1.6434669494628906,7.177515029907227
000_box,put the box on the tray,7,1,122,5.221,1788422982.2834709,00005_front_put_the_box_on_the_tray.png,00005_wrist_put_the_box_on_the_tray.png,recap.png,50,22,167,168,-6.857142857142857,-18.417582417582416,35.20879120879121,71.56043956043956,-2.4175824175824174,33.28767123287671,-5.919153213500977,4.3255767822265625,23.45252227783203,69.2159423828125,-1.7616539001464844,6.635650157928467
000_box,put the box on the tray,7,1,122,5.221,1788422982.2834709,00005_front_put_the_box_on_the_tray.png,00005_wrist_put_the_box_on_the_tray.png,recap.png,50,23,168,169,-6.857142857142857,-18.417582417582416,35.20879120879121,71.56043956043956,-2.4175824175824174,33.28767123287671,-6.074426651000977,4.3990325927734375,22.664024353027344,69.5012435913086,-1.6174774169921875,6.333729267120361
000_box,put the box on the tray,7,1,122,5.221,1788422982.2834709,00005_front_put_the_box_on_the_tray.png,00005_wrist_put_the_box_on_the_tray.png,recap.png,50,24,169,170,-6.857142857142857,-18.417582417582416,35.20879120879121,71.56043956043956,-2.4175824175824174,33.28767123287671,-5.981006622314453,4.366401672363281,22.060264587402344,70.08527374267578,-1.7459287643432617,6.0823564529418945
000_box,put the box on the tray,7,1,122,5.221,1788422982.2834709,00005_front_put_the_box_on_the_tray.png,00005_wrist_put_the_box_on_the_tray.png,recap.png,50,25,170,171,-6.857142857142857,-18.417582417582416,35.20879120879121,71.56043956043956,-2.4175824175824174,33.28767123287671,-6.14219856262207,4.9044647216796875,21.517356872558594,70.45890045166016,-1.8726673126220703,6.134515762329102
000_box,put the box on the tray,7,1,122,5.221,1788422982.2834709,00005_front_put_the_box_on_the_tray.png,00005_wrist_put_the_box_on_the_tray.png,recap.png,50,26,171,172,-6.857142857142857,-18.417582417582416,35.20879120879121,71.56043956043956,-2.4175824175824174,33.28767123287671,-6.034061431884766,4.7594146728515625,20.640602111816406,71.26878356933594,-1.9673843383789062,6.1310882568359375
000_box,put the box on the tray,8,1,144,5.958,1788422983.0170994,00006_front_put_the_box_on_the_tray.png,00006_wrist_put_the_box_on_the_tray.png,recap.png,50,0,172,173,-6.769230769230769,1.978021978021978,25.89010989010989,71.2967032967033,-0.8351648351648352,27.054794520547947,-4.520282745361328,-13.88427734375,13.946937561035156,84.16915893554688,-3.1241588592529297,5.921026229858398
000_box,put the box on the tray,8,1,144,5.958,1788422983.0170994,00006_front_put_the_box_on_the_tray.png,00006_wrist_put_the_box_on_the_tray.png,recap.png,50,1,173,174,-6.769230769230769,1.978021978021978,25.89010989010989,71.2967032967033,-0.8351648351648352,27.054794520547947,-4.093862533569336,-15.11285400390625,13.246101379394531,84.39154052734375,-3.128838539123535,5.709860324859619
000_box,put the box on the tray,8,1,144,5.958,1788422983.0170994,00006_front_put_the_box_on_the_tray.png,00006_wrist_put_the_box_on_the_tray.png,recap.png,50,2,174,175,-6.769230769230769,1.978021978021978,25.89010989010989,71.2967032967033,-0.8351648351648352,27.054794520547947,-3.911468505859375,-16.591445922851562,12.668670654296875,85.01396942138672,-3.092780113220215,5.736752986907959
000_box,put the box on the tray,8,1,144,5.958,1788422983.0170994,00006_front_put_the_box_on_the_tray.png,00006_wrist_put_the_box_on_the_tray.png,recap.png,50,3,175,176,-6.769230769230769,1.978021978021978,25.89010989010989,71.2967032967033,-0.8351648351648352,27.054794520547947,-3.4042606353759766,-17.075401306152344,13.169273376464844,85.25374603271484,-3.2119293212890625,5.7726945877075195
000_box,put the box on the tray,8,1,144,5.958,1788422983.0170994,00006_front_put_the_box_on_the_tray.png,00006_wrist_put_the_box_on_the_tray.png,recap.png,50,4,176,177,-6.769230769230769,1.978021978021978,25.89010989010989,71.2967032967033,-0.8351648351648352,27.054794520547947,-2.8182449340820312,-19.060775756835938,11.93231201171875,85.80906677246094,-3.0593090057373047,5.697752952575684
000_box,put the box on the tray,8,1,144,5.958,1788422983.0170994,00006_front_put_the_box_on_the_tray.png,00006_wrist_put_the_box_on_the_tray.png,recap.png,50,5,177,178,-6.769230769230769,1.978021978021978,25.89010989010989,71.2967032967033,-0.8351648351648352,27.054794520547947,-2.234434127807617,-19.526702880859375,11.596527099609375,85.85755920410156,-3.1529464721679688,5.701410293579102
000_box,put the box on the tray,8,1,144,5.958,1788422983.0170994,00006_front_put_the_box_on_the_tray.png,00006_wrist_put_the_box_on_the_tray.png,recap.png,50,6,178,179,-6.769230769230769,1.978021978021978,25.89010989010989,71.2967032967033,-0.8351648351648352,27.054794520547947,-1.3166961669921875,-19.84131622314453,10.17926025390625,86.02381896972656,-3.1424951553344727,5.726653099060059
000_box,put the box on the tray,8,1,144,5.958,1788422983.0170994,00006_front_put_the_box_on_the_tray.png,00006_wrist_put_the_box_on_the_tray.png,recap.png,50,7,179,180,-6.769230769230769,1.978021978021978,25.89010989010989,71.2967032967033,-0.8351648351648352,27.054794520547947,-0.5556297302246094,-21.060394287109375,10.1634521484375,86.26164245605469,-3.0319786071777344,5.59401798248291
000_box,put the box on the tray,8,1,144,5.958,1788422983.0170994,00006_front_put_the_box_on_the_tray.png,00006_wrist_put_the_box_on_the_tray.png,recap.png,50,8,180,181,-6.769230769230769,1.978021978021978,25.89010989010989,71.2967032967033,-0.8351648351648352,27.054794520547947,0.2623443603515625,-21.555519104003906,9.959785461425781,86.40477752685547,-2.9918689727783203,5.752500057220459
000_box,put the box on the tray,8,1,144,5.958,1788422983.0170994,00006_front_put_the_box_on_the_tray.png,00006_wrist_put_the_box_on_the_tray.png,recap.png,50,9,181,182,-6.769230769230769,1.978021978021978,25.89010989010989,71.2967032967033,-0.8351648351648352,27.054794520547947,1.0148544311523438,-22.55340576171875,9.741554260253906,86.51680755615234,-2.9774436950683594,5.617194652557373
000_box,put the box on the tray,8,1,144,5.958,1788422983.0170994,00006_front_put_the_box_on_the_tray.png,00006_wrist_put_the_box_on_the_tray.png,recap.png,50,10,182,183,-6.769230769230769,1.978021978021978,25.89010989010989,71.2967032967033,-0.8351648351648352,27.054794520547947,2.3703880310058594,-21.92156982421875,9.239784240722656,86.41506958007812,-3.0468482971191406,5.6208720207214355
000_box,put the box on the tray,8,1,144,5.958,1788422983.0170994,00006_front_put_the_box_on_the_tray.png,00006_wrist_put_the_box_on_the_tray.png,recap.png,50,11,183,184,-6.769230769230769,1.978021978021978,25.89010989010989,71.2967032967033,-0.8351648351648352,27.054794520547947,3.122173309326172,-22.52770233154297,7.98345947265625,86.38325500488281,-2.85884952545166,5.573215961456299
000_box,put the box on the tray,8,1,144,5.958,1788422983.0170994,00006_front_put_the_box_on_the_tray.png,00006_wrist_put_the_box_on_the_tray.png,recap.png,50,12,184,185,-6.769230769230769,1.978021978021978,25.89010989010989,71.2967032967033,-0.8351648351648352,27.054794520547947,3.918426513671875,-22.752540588378906,7.522167205810547,86.76344299316406,-2.9336347579956055,5.554132461547852
000_box,put the box on the tray,8,1,144,5.958,1788422983.0170994,00006_front_put_the_box_on_the_tray.png,00006_wrist_put_the_box_on_the_tray.png,recap.png,50,13,185,186,-6.769230769230769,1.978021978021978,25.89010989010989,71.2967032967033,-0.8351648351648352,27.054794520547947,4.893135070800781,-22.726058959960938,7.051090240478516,86.50357818603516,-2.842127799987793,5.14645528793335
000_box,put the box on the tray,8,1,144,5.958,1788422983.0170994,00006_front_put_the_box_on_the_tray.png,00006_wrist_put_the_box_on_the_tray.png,recap.png,50,14,186,187,-6.769230769230769,1.978021978021978,25.89010989010989,71.2967032967033,-0.8351648351648352,27.054794520547947,6.2865142822265625,-21.653961181640625,5.9525146484375,86.10755920410156,-2.925044059753418,5.527599811553955
000_box,put the box on the tray,8,1,144,5.958,1788422983.0170994,00006_front_put_the_box_on_the_tray.png,00006_wrist_put_the_box_on_the_tray.png,recap.png,50,15,187,188,-6.769230769230769,1.978021978021978,25.89010989010989,71.2967032967033,-0.8351648351648352,27.054794520547947,7.50543212890625,-21.38361358642578,4.819835662841797,86.12798309326172,-2.8762073516845703,5.315323352813721
000_box,put the box on the tray,8,1,144,5.958,1788422983.0170994,00006_front_put_the_box_on_the_tray.png,00006_wrist_put_the_box_on_the_tray.png,recap.png,50,16,188,189,-6.769230769230769,1.978021978021978,25.89010989010989,71.2967032967033,-0.8351648351648352,27.054794520547947,8.512760162353516,-21.44378662109375,5.131481170654297,85.8958511352539,-2.8689680099487305,5.1096296310424805
000_box,put the box on the tray,8,1,144,5.958,1788422983.0170994,00006_front_put_the_box_on_the_tray.png,00006_wrist_put_the_box_on_the_tray.png,recap.png,50,17,189,190,-6.769230769230769,1.978021978021978,25.89010989010989,71.2967032967033,-0.8351648351648352,27.054794520547947,9.752002716064453,-21.657501220703125,5.696926116943359,85.6269302368164,-2.844533920288086,5.2930192947387695
000_box,put the box on the tray,8,1,144,5.958,1788422983.0170994,00006_front_put_the_box_on_the_tray.png,00006_wrist_put_the_box_on_the_tray.png,recap.png,50,18,190,191,-6.769230769230769,1.978021978021978,25.89010989010989,71.2967032967033,-0.8351648351648352,27.054794520547947,10.86953353881836,-21.265853881835938,3.4096527099609375,85.23756408691406,-2.628183364868164,5.317789554595947
000_box,put the box on the tray,8,1,144,5.958,1788422983.0170994,00006_front_put_the_box_on_the_tray.png,00006_wrist_put_the_box_on_the_tray.png,recap.png,50,19,191,192,-6.769230769230769,1.978021978021978,25.89010989010989,71.2967032967033,-0.8351648351648352,27.054794520547947,12.125694274902344,-20.319412231445312,2.8855934143066406,85.009033203125,-2.84104061126709,5.239134788513184
000_box,put the box on the tray,8,1,144,5.958,1788422983.0170994,00006_front_put_the_box_on_the_tray.png,00006_wrist_put_the_box_on_the_tray.png,recap.png,50,20,192,193,-6.769230769230769,1.978021978021978,25.89010989010989,71.2967032967033,-0.8351648351648352,27.054794520547947,13.292076110839844,-19.138595581054688,2.102123260498047,84.81172180175781,-2.542840003967285,5.351154804229736
000_box,put the box on the tray,8,1,144,5.958,1788422983.0170994,00006_front_put_the_box_on_the_tray.png,00006_wrist_put_the_box_on_the_tray.png,recap.png,50,21,193,194,-6.769230769230769,1.978021978021978,25.89010989010989,71.2967032967033,-0.8351648351648352,27.054794520547947,14.178272247314453,-18.593048095703125,1.8632049560546875,83.98281860351562,-2.626683235168457,5.179662227630615
000_box,put the box on the tray,9,1,171,7.029,1788422984.0884674,00007_front_put_the_box_on_the_tray.png,00007_wrist_put_the_box_on_the_tray.png,recap.png,50,0,194,195,-6.593406593406593,3.7362637362637363,23.428571428571427,70.5934065934066,-1.010989010989011,19.246575342465754,-5.448522567749023,-9.253074645996094,11.969978332519531,81.65420532226562,-3.7845277786254883,6.557735443115234
000_box,put the box on the tray,9,1,171,7.029,1788422984.0884674,00007_front_put_the_box_on_the_tray.png,00007_wrist_put_the_box_on_the_tray.png,recap.png,50,1,195,196,-6.593406593406593,3.7362637362637363,23.428571428571427,70.5934065934066,-1.010989010989011,19.246575342465754,-4.472635269165039,-10.625961303710938,11.729057312011719,81.80228424072266,-3.725155830383301,6.635772228240967
000_box,put the box on the tray,9,1,171,7.029,1788422984.0884674,00007_front_put_the_box_on_the_tray.png,00007_wrist_put_the_box_on_the_tray.png,recap.png,50,2,196,197,-6.593406593406593,3.7362637362637363,23.428571428571427,70.5934065934066,-1.010989010989011,19.246575342465754,-4.144704818725586,-11.112770080566406,11.365242004394531,82.02635955810547,-3.648221969604492,6.734861373901367
000_box,put the box on the tray,9,1,171,7.029,1788422984.0884674,00007_front_put_the_box_on_the_tray.png,00007_wrist_put_the_box_on_the_tray.png,recap.png,50,3,197,198,-6.593406593406593,3.7362637362637363,23.428571428571427,70.5934065934066,-1.010989010989011,19.246575342465754,-3.550159454345703,-12.629196166992188,11.231735229492188,82.3775863647461,-3.4663333892822266,6.531442165374756
000_box,put the box on the tray,9,1,171,7.029,1788422984.0884674,00007_front_put_the_box_on_the_tray.png,00007_wrist_put_the_box_on_the_tray.png,recap.png,50,4,198,199,-6.593406593406593,3.7362637362637363,23.428571428571427,70.5934065934066,-1.010989010989011,19.246575342465754,-2.8123855590820312,-14.16949462890625,10.67889404296875,82.71484375,-3.375258445739746,6.599888801574707
000_box,put the box on the tray,9,1,171,7.029,1788422984.0884674,00007_front_put_the_box_on_the_tray.png,00007_wrist_put_the_box_on_the_tray.png,recap.png,50,5,199,200,-6.593406593406593,3.7362637362637363,23.428571428571427,70.5934065934066,-1.010989010989011,19.246575342465754,-2.3152847290039062,-14.506416320800781,10.654884338378906,83.05946350097656,-3.493741989135742,6.652174949645996
000_box,put the box on the tray,9,1,171,7.029,1788422984.0884674,00007_front_put_the_box_on_the_tray.png,00007_wrist_put_the_box_on_the_tray.png,recap.png,50,6,200,201,-6.593406593406593,3.7362637362637363,23.428571428571427,70.5934065934066,-1.010989010989011,19.246575342465754,-1.746429443359375,-16.137611389160156,9.774749755859375,83.26642608642578,-3.4090700149536133,6.730044841766357
000_box,put the box on the tray,9,1,171,7.029,1788422984.0884674,00007_front_put_the_box_on_the_tray.png,00007_wrist_put_the_box_on_the_tray.png,recap.png,50,7,201,202,-6.593406593406593,3.7362637362637363,23.428571428571427,70.5934065934066,-1.010989010989011,19.246575342465754,-0.9289798736572266,-16.34814453125,10.522895812988281,83.70643615722656,-3.35408878326416,6.612314701080322
000_box,put the box on the tray,9,1,171,7.029,1788422984.0884674,00007_front_put_the_box_on_the_tray.png,00007_wrist_put_the_box_on_the_tray.png,recap.png,50,8,202,203,-6.593406593406593,3.7362637362637363,23.428571428571427,70.5934065934066,-1.010989010989011,19.246575342465754,-0.371063232421875,-17.455833435058594,8.641586303710938,83.75177001953125,-3.270443916320801,6.837756633758545
000_box,put the box on the tray,9,1,171,7.029,1788422984.0884674,00007_front_put_the_box_on_the_tray.png,00007_wrist_put_the_box_on_the_tray.png,recap.png,50,9,203,204,-6.593406593406593,3.7362637362637363,23.428571428571427,70.5934065934066,-1.010989010989011,19.246575342465754,0.4557609558105469,-17.508506774902344,8.775810241699219,83.95685577392578,-3.197516441345215,6.585854530334473
000_box,put the box on the tray,9,1,171,7.029,1788422984.0884674,00007_front_put_the_box_on_the_tray.png,00007_wrist_put_the_box_on_the_tray.png,recap.png,50,10,204,205,-6.593406593406593,3.7362637362637363,23.428571428571427,70.5934065934066,-1.010989010989011,19.246575342465754,1.1995735168457031,-17.981040954589844,7.752155303955078,84.33267211914062,-3.1178693771362305,6.6712517738342285
000_box,put the box on the tray,9,1,171,7.029,1788422984.0884674,00007_front_put_the_box_on_the_tray.png,00007_wrist_put_the_box_on_the_tray.png,recap.png,50,11,205,206,-6.593406593406593,3.7362637362637363,23.428571428571427,70.5934065934066,-1.010989010989011,19.246575342465754,2.047637939453125,-18.22748565673828,7.443107604980469,84.4559326171875,-3.032947540283203,6.601145267486572
000_box,put the box on the tray,9,1,171,7.029,1788422984.0884674,00007_front_put_the_box_on_the_tray.png,00007_wrist_put_the_box_on_the_tray.png,recap.png,50,12,206,207,-6.593406593406593,3.7362637362637363,23.428571428571427,70.5934065934066,-1.010989010989011,19.246575342465754,3.0768356323242188,-17.73541259765625,6.900333404541016,84.40725708007812,-2.958376884460449,6.674578666687012
000_box,put the box on the tray,9,1,171,7.029,1788422984.0884674,00007_front_put_the_box_on_the_tray.png,00007_wrist_put_the_box_on_the_tray.png,recap.png,50,13,207,208,-6.593406593406593,3.7362637362637363,23.428571428571427,70.5934065934066,-1.010989010989011,19.246575342465754,4.178440093994141,-17.985679626464844,6.394474029541016,84.13003540039062,-2.983020782470703,6.767314434051514
000_box,put the box on the tray,9,1,171,7.029,1788422984.0884674,00007_front_put_the_box_on_the_tray.png,00007_wrist_put_the_box_on_the_tray.png,recap.png,50,14,208,209,-6.593406593406593,3.7362637362637363,23.428571428571427,70.5934065934066,-1.010989010989011,19.246575342465754,5.727409362792969,-17.92658233642578,5.521442413330078,84.1048355102539,-2.908696174621582,6.701103687286377
000_box,put the box on the tray,9,1,171,7.029,1788422984.0884674,00007_front_put_the_box_on_the_tray.png,00007_wrist_put_the_box_on_the_tray.png,recap.png,50,15,209,210,-6.593406593406593,3.7362637362637363,23.428571428571427,70.5934065934066,-1.010989010989011,19.246575342465754,6.924983978271484,-17.975967407226562,5.536655426025391,83.70745849609375,-2.9825735092163086,6.652681350708008
000_box,put the box on the tray,9,1,171,7.029,1788422984.0884674,00007_front_put_the_box_on_the_tray.png,00007_wrist_put_the_box_on_the_tray.png,recap.png,50,16,210,211,-6.593406593406593,3.7362637362637363,23.428571428571427,70.5934065934066,-1.010989010989011,19.246575342465754,8.151542663574219,-17.736328125,4.978992462158203,83.51420593261719,-2.8232479095458984,6.620860576629639
000_box,put the box on the tray,9,1,171,7.029,1788422984.0884674,00007_front_put_the_box_on_the_tray.png,00007_wrist_put_the_box_on_the_tray.png,recap.png,50,17,211,212,-6.593406593406593,3.7362637362637363,23.428571428571427,70.5934065934066,-1.010989010989011,19.246575342465754,9.700752258300781,-17.600234985351562,4.209346771240234,82.9939193725586,-2.9205589294433594,6.630837440490723
000_box,put the box on the tray,9,1,171,7.029,1788422984.0884674,00007_front_put_the_box_on_the_tray.png,00007_wrist_put_the_box_on_the_tray.png,recap.png,50,18,212,213,-6.593406593406593,3.7362637362637363,23.428571428571427,70.5934065934066,-1.010989010989011,19.246575342465754,11.103019714355469,-17.428634643554688,3.997173309326172,82.55950927734375,-2.899367332458496,6.683502674102783
000_box,put the box on the tray,9,1,171,7.029,1788422984.0884674,00007_front_put_the_box_on_the_tray.png,00007_wrist_put_the_box_on_the_tray.png,recap.png,50,19,213,214,-6.593406593406593,3.7362637362637363,23.428571428571427,70.5934065934066,-1.010989010989011,19.246575342465754,12.329750061035156,-16.658843994140625,3.587921142578125,81.81414794921875,-2.8395185470581055,6.562876224517822
000_box,put the box on the tray,9,1,171,7.029,1788422984.0884674,00007_front_put_the_box_on_the_tray.png,00007_wrist_put_the_box_on_the_tray.png,recap.png,50,20,214,215,-6.593406593406593,3.7362637362637363,23.428571428571427,70.5934065934066,-1.010989010989011,19.246575342465754,13.401046752929688,-16.475143432617188,3.4513893127441406,81.56260681152344,-2.7953414916992188,6.613252639770508
000_box,put the box on the tray,10,1,193,7.765,1788422984.8226652,00008_front_put_the_box_on_the_tray.png,00008_wrist_put_the_box_on_the_tray.png,recap.png,50,0,215,216,10.10989010989011,-18.24175824175824,8.659340659340659,86.50549450549451,-2.769230769230769,14.04109589041096,26.012432098388672,-11.302716255187988,-1.0312113761901855,75.1852798461914,-2.0911130905151367,5.6703925132751465
000_box,put the box on the tray,10,1,193,7.765,1788422984.8226652,00008_front_put_the_box_on_the_tray.png,00008_wrist_put_the_box_on_the_tray.png,recap.png,50,1,216,217,10.10989010989011,-18.24175824175824,8.659340659340659,86.50549450549451,-2.769230769230769,14.04109589041096,26.62449073791504,-10.13325309753418,-2.5886998176574707,75.30537414550781,-1.8741388320922852,5.735594749450684
000_box,put the box on the tray,10,1,193,7.765,1788422984.8226652,00008_front_put_the_box_on_the_tray.png,00008_wrist_put_the_box_on_the_tray.png,recap.png,50,2,217,218,10.10989010989011,-18.24175824175824,8.659340659340659,86.50549450549451,-2.769230769230769,14.04109589041096,27.05979347229004,-8.78573989868164,-3.5828611850738525,75.13276672363281,-2.0127811431884766,5.622708320617676
000_box,put the box on the tray,10,1,193,7.765,1788422984.8226652,00008_front_put_the_box_on_the_tray.png,00008_wrist_put_the_box_on_the_tray.png,recap.png,50,3,218,219,10.10989010989011,-18.24175824175824,8.659340659340659,86.50549450549451,-2.769230769230769,14.04109589041096,27.460481643676758,-7.3648681640625,-4.048688888549805,75.1982421875,-1.8552587032318115,5.6041388511657715
000_box,put the box on the tray,10,1,193,7.765,1788422984.8226652,00008_front_put_the_box_on_the_tray.png,00008_wrist_put_the_box_on_the_tray.png,recap.png,50,4,219,220,10.10989010989011,-18.24175824175824,8.659340659340659,86.50549450549451,-2.769230769230769,14.04109589041096,27.915088653564453,-6.02071475982666,-4.445272445678711,74.94384765625,-1.8103618621826172,5.680272102355957
000_box,put the box on the tray,10,1,193,7.765,1788422984.8226652,00008_front_put_the_box_on_the_tray.png,00008_wrist_put_the_box_on_the_tray.png,recap.png,50,5,220,221,10.10989010989011,-18.24175824175824,8.659340659340659,86.50549450549451,-2.769230769230769,14.04109589041096,28.070697784423828,-5.135775089263916,-6.193521976470947,74.663818359375,-1.703003168106079,5.612995624542236
000_box,put the box on the tray,10,1,193,7.765,1788422984.8226652,00008_front_put_the_box_on_the_tray.png,00008_wrist_put_the_box_on_the_tray.png,recap.png,50,6,221,222,10.10989010989011,-18.24175824175824,8.659340659340659,86.50549450549451,-2.769230769230769,14.04109589041096,32.680782318115234,-0.389617919921875,-10.264957427978516,72.45999908447266,-1.129556655883789,5.366457939147949
000_box,put the box on the tray,10,1,193,7.765,1788422984.8226652,00008_front_put_the_box_on_the_tray.png,00008_wrist_put_the_box_on_the_tray.png,recap.png,50,7,222,223,10.10989010989011,-18.24175824175824,8.659340659340659,86.50549450549451,-2.769230769230769,14.04109589041096,33.17458724975586,2.5078811645507812,-11.2376708984375,72.09898376464844,-1.0778160095214844,5.470721244812012
000_box,put the box on the tray,10,1,193,7.765,1788422984.8226652,00008_front_put_the_box_on_the_tray.png,00008_wrist_put_the_box_on_the_tray.png,recap.png,50,8,223,224,10.10989010989011,-18.24175824175824,8.659340659340659,86.50549450549451,-2.769230769230769,14.04109589041096,33.44063186645508,1.923370361328125,-11.486343383789062,71.9561996459961,-1.0256538391113281,5.426499843597412
000_box,put the box on the tray,10,1,193,7.765,1788422984.8226652,00008_front_put_the_box_on_the_tray.png,00008_wrist_put_the_box_on_the_tray.png,recap.png,50,9,224,225,10.10989010989011,-18.24175824175824,8.659340659340659,86.50549450549451,-2.769230769230769,14.04109589041096,33.184391021728516,3.7374267578125,-11.538585662841797,71.90538024902344,-1.0156059265136719,5.441319942474365
000_box,put the box on the tray,10,1,193,7.765,1788422984.8226652,00008_front_put_the_box_on_the_tray.png,00008_wrist_put_the_box_on_the_tray.png,recap.png,50,10,225,226,10.10989010989011,-18.24175824175824,8.659340659340659,86.50549450549451,-2.769230769230769,14.04109589041096,33.416507720947266,4.826210021972656,-13.303878784179688,71.78068542480469,-1.0187702178955078,5.34480619430542
000_box,put the box on the tray,10,1,193,7.765,1788422984.8226652,00008_front_put_the_box_on_the_tray.png,00008_wrist_put_the_box_on_the_tray.png,recap.png,50,11,226,227,10.10989010989011,-18.24175824175824,8.659340659340659,86.50549450549451,-2.769230769230769,14.04109589041096,33.09479904174805,5.241737365722656,-13.283882141113281,71.28250885009766,-0.832179069519043,5.778108596801758
000_box,put the box on the tray,10,1,193,7.765,1788422984.8226652,00008_front_put_the_box_on_the_tray.png,00008_wrist_put_the_box_on_the_tray.png,recap.png,50,12,227,228,10.10989010989011,-18.24175824175824,8.659340659340659,86.50549450549451,-2.769230769230769,14.04109589041096,33.47019577026367,6.669158935546875,-13.298194885253906,71.45797729492188,-0.8309364318847656,5.417480945587158
000_box,put the box on the tray,10,1,193,7.765,1788422984.8226652,00008_front_put_the_box_on_the_tray.png,00008_wrist_put_the_box_on_the_tray.png,recap.png,50,13,228,229,10.10989010989011,-18.24175824175824,8.659340659340659,86.50549450549451,-2.769230769230769,14.04109589041096,33.24290084838867,7.0746917724609375,-13.836601257324219,71.35113525390625,-0.9693508148193359,5.634024620056152
000_box,put the box on the tray,10,1,193,7.765,1788422984.8226652,00008_front_put_the_box_on_the_tray.png,00008_wrist_put_the_box_on_the_tray.png,recap.png,50,14,229,230,10.10989010989011,-18.24175824175824,8.659340659340659,86.50549450549451,-2.769230769230769,14.04109589041096,33.49106979370117,7.871452331542969,-13.847518920898438,71.055908203125,-0.863133430480957,5.609857559204102
000_box,put the box on the tray,10,1,193,7.765,1788422984.8226652,00008_front_put_the_box_on_the_tray.png,00008_wrist_put_the_box_on_the_tray.png,recap.png,50,15,230,231,10.10989010989011,-18.24175824175824,8.659340659340659,86.50549450549451,-2.769230769230769,14.04109589041096,33.41714859008789,8.704338073730469,-15.242229461669922,70.68812561035156,-0.9157705307006836,5.630290985107422
000_box,put the box on the tray,10,1,193,7.765,1788422984.8226652,00008_front_put_the_box_on_the_tray.png,00008_wrist_put_the_box_on_the_tray.png,recap.png,50,16,231,232,10.10989010989011,-18.24175824175824,8.659340659340659,86.50549450549451,-2.769230769230769,14.04109589041096,33.22012710571289,9.056831359863281,-15.143638610839844,70.97129821777344,-0.9033594131469727,5.861708641052246
000_box,put the box on the tray,10,1,193,7.765,1788422984.8226652,00008_front_put_the_box_on_the_tray.png,00008_wrist_put_the_box_on_the_tray.png,recap.png,50,17,232,233,10.10989010989011,-18.24175824175824,8.659340659340659,86.50549450549451,-2.769230769230769,14.04109589041096,33.699337005615234,9.838836669921875,-15.555057525634766,71.05464172363281,-0.8039865493774414,5.599566459655762
000_box,put the box on the tray,10,1,193,7.765,1788422984.8226652,00008_front_put_the_box_on_the_tray.png,00008_wrist_put_the_box_on_the_tray.png,recap.png,50,18,233,234,10.10989010989011,-18.24175824175824,8.659340659340659,86.50549450549451,-2.769230769230769,14.04109589041096,34.2328987121582,11.134986877441406,-15.518592834472656,70.62522888183594,-0.7671356201171875,5.705035209655762
000_box,put the box on the tray,10,1,193,7.765,1788422984.8226652,00008_front_put_the_box_on_the_tray.png,00008_wrist_put_the_box_on_the_tray.png,recap.png,50,19,234,235,10.10989010989011,-18.24175824175824,8.659340659340659,86.50549450549451,-2.769230769230769,14.04109589041096,33.50950241088867,11.612716674804688,-16.122756958007812,70.57227325439453,-0.8727378845214844,5.990205764770508
000_box,put the box on the tray,10,1,193,7.765,1788422984.8226652,00008_front_put_the_box_on_the_tray.png,00008_wrist_put_the_box_on_the_tray.png,recap.png,50,20,235,236,10.10989010989011,-18.24175824175824,8.659340659340659,86.50549450549451,-2.769230769230769,14.04109589041096,33.69118881225586,12.681259155273438,-17.63089370727539,70.50387573242188,-0.7298421859741211,5.789175033569336
000_box,put the box on the tray,10,1,193,7.765,1788422984.8226652,00008_front_put_the_box_on_the_tray.png,00008_wrist_put_the_box_on_the_tray.png,recap.png,50,21,236,237,10.10989010989011,-18.24175824175824,8.659340659340659,86.50549450549451,-2.769230769230769,14.04109589041096,33.97964859008789,12.277854919433594,-17.269508361816406,70.47813415527344,-0.5176372528076172,5.816311836242676
000_box,put the box on the tray,10,1,193,7.765,1788422984.8226652,00008_front_put_the_box_on_the_tray.png,00008_wrist_put_the_box_on_the_tray.png,recap.png,50,22,237,238,10.10989010989011,-18.24175824175824,8.659340659340659,86.50549450549451,-2.769230769230769,14.04109589041096,33.8585319519043,13.529586791992188,-16.476306915283203,70.30696105957031,-0.6391267776489258,5.823068141937256
000_box,put the box on the tray,10,1,193,7.765,1788422984.8226652,00008_front_put_the_box_on_the_tray.png,00008_wrist_put_the_box_on_the_tray.png,recap.png,50,23,238,239,10.10989010989011,-18.24175824175824,8.659340659340659,86.50549450549451,-2.769230769230769,14.04109589041096,33.77719497680664,14.305992126464844,-16.78984832763672,70.02200317382812,-0.3553171157836914,5.929799556732178
000_box,put the box on the tray,10,1,193,7.765,1788422984.8226652,00008_front_put_the_box_on_the_tray.png,00008_wrist_put_the_box_on_the_tray.png,recap.png,50,24,239,240,10.10989010989011,-18.24175824175824,8.659340659340659,86.50549450549451,-2.769230769230769,14.04109589041096,33.9105110168457,15.071052551269531,-18.137409210205078,70.2430191040039,-0.4507017135620117,5.995690822601318
000_box,put the box on the tray,10,1,193,7.765,1788422984.8226652,00008_front_put_the_box_on_the_tray.png,00008_wrist_put_the_box_on_the_tray.png,recap.png,50,25,240,241,10.10989010989011,-18.24175824175824,8.659340659340659,86.50549450549451,-2.769230769230769,14.04109589041096,33.75283432006836,15.357772827148438,-17.65167236328125,70.150634765625,-0.47563838958740234,5.91424560546875
000_box,put the box on the tray,10,1,193,7.765,1788422984.8226652,00008_front_put_the_box_on_the_tray.png,00008_wrist_put_the_box_on_the_tray.png,recap.png,50,26,241,242,10.10989010989011,-18.24175824175824,8.659340659340659,86.50549450549451,-2.769230769230769,14.04109589041096,33.72426986694336,14.609291076660156,-18.46377182006836,70.37623596191406,-0.5868711471557617,5.916058540344238
000_box,put the box on the tray,10,1,193,7.765,1788422984.8226652,00008_front_put_the_box_on_the_tray.png,00008_wrist_put_the_box_on_the_tray.png,recap.png,50,27,242,243,10.10989010989011,-18.24175824175824,8.659340659340659,86.50549450549451,-2.769230769230769,14.04109589041096,33.56424331665039,15.706207275390625,-18.969348907470703,70.42459106445312,-0.39690685272216797,6.192420959472656
000_box,put the box on the tray,11,0,214,8.602,1788422985.663776,00009_front_put_the_box_on_the_tray.png,00009_wrist_put_the_box_on_the_tray.png,recap.png,50,0,243,244,9.054945054945055,-13.934065934065934,9.274725274725276,84.04395604395604,-3.120879120879121,14.04109589041096,32.921871185302734,-1.8027877807617188,-10.507572174072266,72.76824188232422,-2.5732364654541016,6.877687931060791
000_box,put the box on the tray,11,0,214,8.602,1788422985.663776,00009_front_put_the_box_on_the_tray.png,00009_wrist_put_the_box_on_the_tray.png,recap.png,50,1,244,245,9.054945054945055,-13.934065934065934,9.274725274725276,84.04395604395604,-3.120879120879121,14.04109589041096,33.3430290222168,0.4202728271484375,-11.961917877197266,72.93258666992188,-2.7869396209716797,6.961600303649902
000_box,put the box on the tray,11,0,214,8.602,1788422985.663776,00009_front_put_the_box_on_the_tray.png,00009_wrist_put_the_box_on_the_tray.png,recap.png,50,2,245,246,9.054945054945055,-13.934065934065934,9.274725274725276,84.04395604395604,-3.120879120879121,14.04109589041096,33.28055191040039,1.2519302368164062,-13.314765930175781,73.14702606201172,-2.903230667114258,7.075595855712891
000_box,put the box on the tray,11,0,214,8.602,1788422985.663776,00009_front_put_the_box_on_the_tray.png,00009_wrist_put_the_box_on_the_tray.png,recap.png,50,3,246,247,9.054945054945055,-13.934065934065934,9.274725274725276,84.04395604395604,-3.120879120879121,14.04109589041096,33.68877029418945,3.044158935546875,-14.903003692626953,73.33170318603516,-2.744509696960449,6.922060966491699
000_box,put the box on the tray,11,0,214,8.602,1788422985.663776,00009_front_put_the_box_on_the_tray.png,00009_wrist_put_the_box_on_the_tray.png,recap.png,50,4,247,248,9.054945054945055,-13.934065934065934,9.274725274725276,84.04395604395604,-3.120879120879121,14.04109589041096,33.45406723022461,5.409004211425781,-16.575393676757812,73.34766387939453,-2.7665328979492188,6.881022930145264
000_box,put the box on the tray,11,0,214,8.602,1788422985.663776,00009_front_put_the_box_on_the_tray.png,00009_wrist_put_the_box_on_the_tray.png,recap.png,50,5,248,249,9.054945054945055,-13.934065934065934,9.274725274725276,84.04395604395604,-3.120879120879121,14.04109589041096,33.95365524291992,7.0126190185546875,-17.656349182128906,73.6300277709961,-2.818500518798828,6.937371730804443
000_box,put the box on the tray,11,0,214,8.602,1788422985.663776,00009_front_put_the_box_on_the_tray.png,00009_wrist_put_the_box_on_the_tray.png,recap.png,50,6,249,250,9.054945054945055,-13.934065934065934,9.274725274725276,84.04395604395604,-3.120879120879121,14.04109589041096,34.05788803100586,7.931648254394531,-18.52554702758789,73.41741943359375,-2.7532167434692383,6.933474063873291
000_box,put the box on the tray,11,0,214,8.602,1788422985.663776,00009_front_put_the_box_on_the_tray.png,00009_wrist_put_the_box_on_the_tray.png,recap.png,50,7,250,251,9.054945054945055,-13.934065934065934,9.274725274725276,84.04395604395604,-3.120879120879121,14.04109589041096,34.148372650146484,8.123908996582031,-19.157939910888672,73.79608917236328,-2.749706268310547,6.838191032409668
000_box,put the box on the tray,11,0,214,8.602,1788422985.663776,00009_front_put_the_box_on_the_tray.png,00009_wrist_put_the_box_on_the_tray.png,recap.png,50,8,251,252,9.054945054945055,-13.934065934065934,9.274725274725276,84.04395604395604,-3.120879120879121,14.04109589041096,33.96860122680664,9.70587158203125,-19.952865600585938,73.69803619384766,-2.762796401977539,6.830636024475098
000_box,put the box on the tray,11,0,214,8.602,1788422985.663776,00009_front_put_the_box_on_the_tray.png,00009_wrist_put_the_box_on_the_tray.png,recap.png,50,9,252,253,9.054945054945055,-13.934065934065934,9.274725274725276,84.04395604395604,-3.120879120879121,14.04109589041096,33.958866119384766,11.370552062988281,-20.87198257446289,73.71788024902344,-2.6625776290893555,6.7111663818359375
000_box,put the box on the tray,11,0,214,8.602,1788422985.663776,00009_front_put_the_box_on_the_tray.png,00009_wrist_put_the_box_on_the_tray.png,recap.png,50,10,253,254,9.054945054945055,-13.934065934065934,9.274725274725276,84.04395604395604,-3.120879120879121,14.04109589041096,34.435428619384766,12.615814208984375,-21.917129516601562,73.88865661621094,-2.7849197387695312,6.790557384490967
000_box,put the box on the tray,11,0,214,8.602,1788422985.663776,00009_front_put_the_box_on_the_tray.png,00009_wrist_put_the_box_on_the_tray.png,recap.png,50,11,254,255,9.054945054945055,-13.934065934065934,9.274725274725276,84.04395604395604,-3.120879120879121,14.04109589041096,34.3663444519043,13.867088317871094,-21.969207763671875,73.77901458740234,-2.675154685974121,6.575031280517578
000_box,put the box on the tray,11,0,214,8.602,1788422985.663776,00009_front_put_the_box_on_the_tray.png,00009_wrist_put_the_box_on_the_tray.png,recap.png,50,12,255,256,9.054945054945055,-13.934065934065934,9.274725274725276,84.04395604395604,-3.120879120879121,14.04109589041096,34.65119552612305,14.179412841796875,-23.27330780029297,73.6796646118164,-2.8371829986572266,6.591359615325928
000_box,put the box on the tray,11,0,214,8.602,1788422985.663776,00009_front_put_the_box_on_the_tray.png,00009_wrist_put_the_box_on_the_tray.png,recap.png,50,13,256,257,9.054945054945055,-13.934065934065934,9.274725274725276,84.04395604395604,-3.120879120879121,14.04109589041096,34.4162712097168,14.827316284179688,-23.072357177734375,73.90673065185547,-2.8917713165283203,6.461721897125244
000_box,put the box on the tray,11,0,214,8.602,1788422985.663776,00009_front_put_the_box_on_the_tray.png,00009_wrist_put_the_box_on_the_tray.png,recap.png,50,14,257,258,9.054945054945055,-13.934065934065934,9.274725274725276,84.04395604395604,-3.120879120879121,14.04109589041096,34.36251449584961,16.579795837402344,-23.661785125732422,73.68751525878906,-2.8343124389648438,6.6316423416137695
000_box,put the box on the tray,11,0,214,8.602,1788422985.663776,00009_front_put_the_box_on_the_tray.png,00009_wrist_put_the_box_on_the_tray.png,recap.png,50,15,258,259,9.054945054945055,-13.934065934065934,9.274725274725276,84.04395604395604,-3.120879120879121,14.04109589041096,34.4340705871582,16.919349670410156,-23.948081970214844,73.53581237792969,-2.716825485229492,6.419966697692871
000_box,put the box on the tray,11,0,214,8.602,1788422985.663776,00009_front_put_the_box_on_the_tray.png,00009_wrist_put_the_box_on_the_tray.png,recap.png,50,16,259,260,9.054945054945055,-13.934065934065934,9.274725274725276,84.04395604395604,-3.120879120879121,14.04109589041096,34.98601150512695,17.431358337402344,-24.546327590942383,73.43136596679688,-2.886930465698242,6.574641704559326
000_box,put the box on the tray,11,0,214,8.602,1788422985.663776,00009_front_put_the_box_on_the_tray.png,00009_wrist_put_the_box_on_the_tray.png,recap.png,50,17,260,261,9.054945054945055,-13.934065934065934,9.274725274725276,84.04395604395604,-3.120879120879121,14.04109589041096,35.00980758666992,18.92969512939453,-24.044891357421875,73.51582336425781,-2.85400390625,6.740902900695801
000_box,put the box on the tray,11,0,214,8.602,1788422985.663776,00009_front_put_the_box_on_the_tray.png,00009_wrist_put_the_box_on_the_tray.png,recap.png,50,18,261,262,9.054945054945055,-13.934065934065934,9.274725274725276,84.04395604395604,-3.120879120879121,14.04109589041096,34.95954513549805,18.834243774414062,-24.959735870361328,73.3891830444336,-2.786968231201172,6.30962610244751
000_box,put the box on the tray,11,0,214,8.602,1788422985.663776,00009_front_put_the_box_on_the_tray.png,00009_wrist_put_the_box_on_the_tray.png,recap.png,50,19,262,263,9.054945054945055,-13.934065934065934,9.274725274725276,84.04395604395604,-3.120879120879121,14.04109589041096,35.06586837768555,19.039505004882812,-25.499174118041992,73.55975341796875,-2.88527774810791,6.322646141052246
000_box,put the box on the tray,11,0,214,8.602,1788422985.663776,00009_front_put_the_box_on_the_tray.png,00009_wrist_put_the_box_on_the_tray.png,recap.png,50,20,263,264,9.054945054945055,-13.934065934065934,9.274725274725276,84.04395604395604,-3.120879120879121,14.04109589041096,35.249874114990234,20.171043395996094,-25.135116577148438,73.45866394042969,-2.8530120849609375,6.443824768066406
000_box,put the box on the tray,12,0,241,9.505,1788422986.5713544,00010_front_put_the_box_on_the_tray.png,00010_wrist_put_the_box_on_the_tray.png,recap.png,50,0,264,265,32.35164835164835,16.307692307692307,-12.527472527472527,71.82417582417582,-0.7472527472527473,13.904109589041097,33.65242385864258,21.10138702392578,-16.524757385253906,66.86666870117188,-0.9424409866333008,18.060810089111328
000_box,put the box on the tray,12,0,241,9.505,1788422986.5713544,00010_front_put_the_box_on_the_tray.png,00010_wrist_put_the_box_on_the_tray.png,recap.png,50,1,265,266,32.35164835164835,16.307692307692307,-12.527472527472527,71.82417582417582,-0.7472527472527473,13.904109589041097,33.998294830322266,20.613235473632812,-15.904884338378906,66.90977478027344,-0.8030405044555664,21.749828338623047
000_box,put the box on the tray,12,0,241,9.505,1788422986.5713544,00010_front_put_the_box_on_the_tray.png,00010_wrist_put_the_box_on_the_tray.png,recap.png,50,2,266,267,32.35164835164835,16.307692307692307,-12.527472527472527,71.82417582417582,-0.7472527472527473,13.904109589041097,33.99399948120117,20.962196350097656,-16.438167572021484,67.3390121459961,-0.8239784240722656,25.104612350463867
000_box,put the box on the tray,12,0,241,9.505,1788422986.5713544,00010_front_put_the_box_on_the_tray.png,00010_wrist_put_the_box_on_the_tray.png,recap.png,50,3,267,268,32.35164835164835,16.307692307692307,-12.527472527472527,71.82417582417582,-0.7472527472527473,13.904109589041097,33.84188461303711,20.744155883789062,-16.397750854492188,67.26971435546875,-0.8362693786621094,27.31421661376953
000_box,put the box on the tray,12,0,241,9.505,1788422986.5713544,00010_front_put_the_box_on_the_tray.png,00010_wrist_put_the_box_on_the_tray.png,recap.png,50,4,268,269,32.35164835164835,16.307692307692307,-12.527472527472527,71.82417582417582,-0.7472527472527473,13.904109589041097,33.89833450317383,20.713157653808594,-16.24109649658203,67.43597412109375,-0.9225969314575195,28.752119064331055
000_box,put the box on the tray,12,0,241,9.505,1788422986.5713544,00010_front_put_the_box_on_the_tray.png,00010_wrist_put_the_box_on_the_tray.png,recap.png,50,5,269,270,32.35164835164835,16.307692307692307,-12.527472527472527,71.82417582417582,-0.7472527472527473,13.904109589041097,33.863834381103516,21.597389221191406,-16.21920394897461,67.67244720458984,-0.8066654205322266,29.97878074645996
000_box,put the box on the tray,12,0,241,9.505,1788422986.5713544,00010_front_put_the_box_on_the_tray.png,00010_wrist_put_the_box_on_the_tray.png,recap.png,50,6,270,271,32.35164835164835,16.307692307692307,-12.527472527472527,71.82417582417582,-0.7472527472527473,13.904109589041097,34.02309799194336,21.97332000732422,-16.853622436523438,67.90386962890625,-0.7472600936889648,30.40268898010254
000_box,put the box on the tray,12,0,241,9.505,1788422986.5713544,00010_front_put_the_box_on_the_tray.png,00010_wrist_put_the_box_on_the_tray.png,recap.png,50,7,271,272,32.35164835164835,16.307692307692307,-12.527472527472527,71.82417582417582,-0.7472527472527473,13.904109589041097,34.14609909057617,21.035476684570312,-16.730125427246094,67.9685287475586,-0.865839958190918,30.83390235900879
000_box,put the box on the tray,12,0,241,9.505,1788422986.5713544,00010_front_put_the_box_on_the_tray.png,00010_wrist_put_the_box_on_the_tray.png,recap.png,50,8,272,273,32.35164835164835,16.307692307692307,-12.527472527472527,71.82417582417582,-0.7472527472527473,13.904109589041097,34.170528411865234,21.69367218017578,-18.171443939208984,68.08433532714844,-0.6582889556884766,31.111352920532227
000_box,put the box on the tray,12,0,241,9.505,1788422986.5713544,00010_front_put_the_box_on_the_tray.png,00010_wrist_put_the_box_on_the_tray.png,recap.png,50,9,273,274,32.35164835164835,16.307692307692307,-12.527472527472527,71.82417582417582,-0.7472527472527473,13.904109589041097,33.745670318603516,21.909988403320312,-17.8177490234375,68.69392395019531,-0.6392908096313477,31.25165367126465
000_box,put the box on the tray,12,0,241,9.505,1788422986.5713544,00010_front_put_the_box_on_the_tray.png,00010_wrist_put_the_box_on_the_tray.png,recap.png,50,10,274,275,32.35164835164835,16.307692307692307,-12.527472527472527,71.82417582417582,-0.7472527472527473,13.904109589041097,33.666194915771484,22.195541381835938,-18.185989379882812,69.24182891845703,-0.5413370132446289,31.587045669555664
000_box,put the box on the tray,12,0,241,9.505,1788422986.5713544,00010_front_put_the_box_on_the_tray.png,00010_wrist_put_the_box_on_the_tray.png,recap.png,50,11,275,276,32.35164835164835,16.307692307692307,-12.527472527472527,71.82417582417582,-0.7472527472527473,13.904109589041097,33.730777740478516,21.736129760742188,-19.442535400390625,69.74981689453125,-0.49913597106933594,31.570974349975586
000_box,put the box on the tray,12,0,241,9.505,1788422986.5713544,00010_front_put_the_box_on_the_tray.png,00010_wrist_put_the_box_on_the_tray.png,recap.png,50,12,276,277,32.35164835164835,16.307692307692307,-12.527472527472527,71.82417582417582,-0.7472527472527473,13.904109589041097,33.6414680480957,22.561553955078125,-19.49200439453125,70.21269226074219,-0.4987211227416992,31.50758171081543
000_box,put the box on the tray,12,0,241,9.505,1788422986.5713544,00010_front_put_the_box_on_the_tray.png,00010_wrist_put_the_box_on_the_tray.png,recap.png,50,13,277,278,32.35164835164835,16.307692307692307,-12.527472527472527,71.82417582417582,-0.7472527472527473,13.904109589041097,33.64034652709961,22.388771057128906,-20.064212799072266,70.59967041015625,-0.5944375991821289,31.444387435913086
000_box,put the box on the tray,12,0,241,9.505,1788422986.5713544,00010_front_put_the_box_on_the_tray.png,00010_wrist_put_the_box_on_the_tray.png,recap.png,50,14,278,279,32.35164835164835,16.307692307692307,-12.527472527472527,71.82417582417582,-0.7472527472527473,13.904109589041097,33.633296966552734,22.5413818359375,-20.915267944335938,71.2078857421875,-0.40786266326904297,31.64807891845703
000_box,put the box on the tray,12,0,241,9.505,1788422986.5713544,00010_front_put_the_box_on_the_tray.png,00010_wrist_put_the_box_on_the_tray.png,recap.png,50,15,279,280,32.35164835164835,16.307692307692307,-12.527472527472527,71.82417582417582,-0.7472527472527473,13.904109589041097,33.48398208618164,22.75147247314453,-21.574203491210938,71.7239990234375,-0.3997039794921875,31.975170135498047
000_box,put the box on the tray,12,0,241,9.505,1788422986.5713544,00010_front_put_the_box_on_the_tray.png,00010_wrist_put_the_box_on_the_tray.png,recap.png,50,16,280,281,32.35164835164835,16.307692307692307,-12.527472527472527,71.82417582417582,-0.7472527472527473,13.904109589041097,33.43570327758789,23.148208618164062,-21.941150665283203,72.3514633178711,-0.2521505355834961,32.2652702331543
000_box,put the box on the tray,12,0,241,9.505,1788422986.5713544,00010_front_put_the_box_on_the_tray.png,00010_wrist_put_the_box_on_the_tray.png,recap.png,50,17,281,282,32.35164835164835,16.307692307692307,-12.527472527472527,71.82417582417582,-0.7472527472527473,13.904109589041097,33.47771072387695,22.930747985839844,-22.48443603515625,73.21260070800781,-0.22871971130371094,32.47998046875
000_box,put the box on the tray,12,0,241,9.505,1788422986.5713544,00010_front_put_the_box_on_the_tray.png,00010_wrist_put_the_box_on_the_tray.png,recap.png,50,18,282,283,32.35164835164835,16.307692307692307,-12.527472527472527,71.82417582417582,-0.7472527472527473,13.904109589041097,33.5700798034668,23.171707153320312,-23.781574249267578,73.83853912353516,-0.18340778350830078,32.52702713012695
000_box,put the box on the tray,12,0,241,9.505,1788422986.5713544,00010_front_put_the_box_on_the_tray.png,00010_wrist_put_the_box_on_the_tray.png,recap.png,50,19,283,284,32.35164835164835,16.307692307692307,-12.527472527472527,71.82417582417582,-0.7472527472527473,13.904109589041097,33.403507232666016,23.177078247070312,-25.342496871948242,75.11102294921875,-0.19411563873291016,32.38785171508789
000_box,put the box on the tray,12,0,241,9.505,1788422986.5713544,00010_front_put_the_box_on_the_tray.png,00010_wrist_put_the_box_on_the_tray.png,recap.png,50,20,284,285,32.35164835164835,16.307692307692307,-12.527472527472527,71.82417582417582,-0.7472527472527473,13.904109589041097,33.56454086303711,23.268775939941406,-26.083627700805664,76.34451293945312,0.08419132232666016,32.29146957397461
000_box,put the box on the tray,12,0,241,9.505,1788422986.5713544,00010_front_put_the_box_on_the_tray.png,00010_wrist_put_the_box_on_the_tray.png,recap.png,50,21,285,286,32.35164835164835,16.307692307692307,-12.527472527472527,71.82417582417582,-0.7472527472527473,13.904109589041097,33.28890609741211,23.000091552734375,-26.945493698120117,77.65110778808594,0.07392501831054688,32.226783752441406
000_box,put the box on the tray,12,0,241,9.505,1788422986.5713544,00010_front_put_the_box_on_the_tray.png,00010_wrist_put_the_box_on_the_tray.png,recap.png,50,22,286,287,32.35164835164835,16.307692307692307,-12.527472527472527,71.82417582417582,-0.7472527472527473,13.904109589041097,33.443477630615234,23.277587890625,-28.91097640991211,79.17198181152344,0.2837209701538086,32.29745864868164
000_box,put the box on the tray,12,0,241,9.505,1788422986.5713544,00010_front_put_the_box_on_the_tray.png,00010_wrist_put_the_box_on_the_tray.png,recap.png,50,23,287,288,32.35164835164835,16.307692307692307,-12.527472527472527,71.82417582417582,-0.7472527472527473,13.904109589041097,33.12076187133789,22.768081665039062,-30.05109405517578,80.63038635253906,0.5984230041503906,32.25335693359375
000_box,put the box on the tray,13,1,263,10.241,1788422987.297344,00011_front_put_the_box_on_the_tray.png,00011_wrist_put_the_box_on_the_tray.png,recap.png,50,0,288,289,33.23076923076923,20.615384615384617,-19.736263736263737,73.93406593406593,-2.32967032967033,13.904109589041097,34.07777404785156,24.094783782958984,-25.0062198638916,75.28579711914062,-1.8197505474090576,31.92556381225586
000_box,put the box on the tray,13,1,263,10.241,1788422987.297344,00011_front_put_the_box_on_the_tray.png,00011_wrist_put_the_box_on_the_tray.png,recap.png,50,1,289,290,33.23076923076923,20.615384615384617,-19.736263736263737,73.93406593406593,-2.32967032967033,13.904109589041097,34.0269889831543,23.824777603149414,-25.903823852539062,76.07982635498047,-1.7177635431289673,32.181793212890625
000_box,put the box on the tray,13,1,263,10.241,1788422987.297344,00011_front_put_the_box_on_the_tray.png,00011_wrist_put_the_box_on_the_tray.png,recap.png,50,2,290,291,33.23076923076923,20.615384615384617,-19.736263736263737,73.93406593406593,-2.32967032967033,13.904109589041097,33.74720001220703,23.93416976928711,-25.743385314941406,77.07191467285156,-1.496942162513733,32.196224212646484
000_box,put the box on the tray,13,1,263,10.241,1788422987.297344,00011_front_put_the_box_on_the_tray.png,00011_wrist_put_the_box_on_the_tray.png,recap.png,50,3,291,292,33.23076923076923,20.615384615384617,-19.736263736263737,73.93406593406593,-2.32967032967033,13.904109589041097,34.451595306396484,23.805870056152344,-22.417678833007812,74.10030364990234,-2.868986129760742,32.42168426513672
000_box,put the box on the tray,13,1,263,10.241,1788422987.297344,00011_front_put_the_box_on_the_tray.png,00011_wrist_put_the_box_on_the_tray.png,recap.png,50,4,292,293,33.23076923076923,20.615384615384617,-19.736263736263737,73.93406593406593,-2.32967032967033,13.904109589041097,34.339412689208984,23.79149627685547,-23.620899200439453,74.81111145019531,-2.835076332092285,32.76784896850586
000_box,put the box on the tray,13,1,263,10.241,1788422987.297344,00011_front_put_the_box_on_the_tray.png,00011_wrist_put_the_box_on_the_tray.png,recap.png,50,5,293,294,33.23076923076923,20.615384615384617,-19.736263736263737,73.93406593406593,-2.32967032967033,13.904109589041097,34.35600662231445,23.174072265625,-23.78494644165039,75.38191986083984,-2.713473320007324,33.2224235534668
000_box,put the box on the tray,13,1,263,10.241,1788422987.297344,00011_front_put_the_box_on_the_tray.png,00011_wrist_put_the_box_on_the_tray.png,recap.png,50,6,294,295,33.23076923076923,20.615384615384617,-19.736263736263737,73.93406593406593,-2.32967032967033,13.904109589041097,34.3348274230957,23.579513549804688,-24.289836883544922,76.11799621582031,-2.646329879760742,33.890357971191406
000_box,put the box on the tray,13,1,263,10.241,1788422987.297344,00011_front_put_the_box_on_the_tray.png,00011_wrist_put_the_box_on_the_tray.png,recap.png,50,7,295,296,33.23076923076923,20.615384615384617,-19.736263736263737,73.93406593406593,-2.32967032967033,13.904109589041097,34.17714309692383,24.14264678955078,-24.74028778076172,76.55997467041016,-2.624995231628418,34.45998764038086
000_box,put the box on the tray,13,1,263,10.241,1788422987.297344,00011_front_put_the_box_on_the_tray.png,00011_wrist_put_the_box_on_the_tray.png,recap.png,50,8,296,297,33.23076923076923,20.615384615384617,-19.736263736263737,73.93406593406593,-2.32967032967033,13.904109589041097,34.16744613647461,23.982398986816406,-24.6052188873291,76.95594787597656,-2.6399641036987305,34.88076400756836
000_box,put the box on the tray,13,1,263,10.241,1788422987.297344,00011_front_put_the_box_on_the_tray.png,00011_wrist_put_the_box_on_the_tray.png,recap.png,50,9,297,298,33.23076923076923,20.615384615384617,-19.736263736263737,73.93406593406593,-2.32967032967033,13.904109589041097,34.40108871459961,23.606765747070312,-25.353116989135742,77.3072509765625,-2.510469436645508,35.17191696166992
000_box,put the box on the tray,13,1,263,10.241,1788422987.297344,00011_front_put_the_box_on_the_tray.png,00011_wrist_put_the_box_on_the_tray.png,recap.png,50,10,298,299,33.23076923076923,20.615384615384617,-19.736263736263737,73.93406593406593,-2.32967032967033,13.904109589041097,34.44501876831055,24.097900390625,-25.68839454650879,77.66204833984375,-2.4489946365356445,35.30360794067383
000_box,put the box on the tray,13,1,263,10.241,1788422987.297344,00011_front_put_the_box_on_the_tray.png,00011_wrist_put_the_box_on_the_tray.png,recap.png,50,11,299,300,33.23076923076923,20.615384615384617,-19.736263736263737,73.93406593406593,-2.32967032967033,13.904109589041097,34.2241096496582,24.101058959960938,-26.01038932800293,78.30101013183594,-2.225419044494629,35.26850891113281
000_box,put the box on the tray,13,1,263,10.241,1788422987.297344,00011_front_put_the_box_on_the_tray.png,00011_wrist_put_the_box_on_the_tray.png,recap.png,50,12,300,301,33.23076923076923,20.615384615384617,-19.736263736263737,73.93406593406593,-2.32967032967033,13.904109589041097,34.40585708618164,24.799705505371094,-27.40751075744629,78.64617156982422,-2.252107620239258,35.14848327636719
000_box,put the box on the tray,13,1,263,10.241,1788422987.297344,00011_front_put_the_box_on_the_tray.png,00011_wrist_put_the_box_on_the_tray.png,recap.png,50,13,301,302,33.23076923076923,20.615384615384617,-19.736263736263737,73.93406593406593,-2.32967032967033,13.904109589041097,34.23478317260742,23.942886352539062,-28.21217155456543,79.51608276367188,-2.301863670349121,34.91593551635742
000_box,put the box on the tray,13,1,263,10.241,1788422987.297344,00011_front_put_the_box_on_the_tray.png,00011_wrist_put_the_box_on_the_tray.png,recap.png,50,14,302,303,33.23076923076923,20.615384615384617,-19.736263736263737,73.93406593406593,-2.32967032967033,13.904109589041097,34.18661880493164,24.42230987548828,-29.3214168548584,80.39556884765625,-1.9232063293457031,34.763427734375
000_box,put the box on the tray,13,1,263,10.241,1788422987.297344,00011_front_put_the_box_on_the_tray.png,00011_wrist_put_the_box_on_the_tray.png,recap.png,50,15,303,304,33.23076923076923,20.615384615384617,-19.736263736263737,73.93406593406593,-2.32967032967033,13.904109589041097,33.60039138793945,25.12067413330078,-30.21145248413086,81.59630584716797,-1.7050704956054688,34.75343322753906
000_box,put the box on the tray,13,1,263,10.241,1788422987.297344,00011_front_put_the_box_on_the_tray.png,00011_wrist_put_the_box_on_the_tray.png,recap.png,50,16,304,305,33.23076923076923,20.615384615384617,-19.736263736263737,73.93406593406593,-2.32967032967033,13.904109589041097,33.247737884521484,25.171546936035156,-31.53455924987793,82.87977600097656,-1.4415206909179688,34.58980178833008
000_box,put the box on the tray,13,1,263,10.241,1788422987.297344,00011_front_put_the_box_on_the_tray.png,00011_wrist_put_the_box_on_the_tray.png,recap.png,50,17,305,306,33.23076923076923,20.615384615384617,-19.736263736263737,73.93406593406593,-2.32967032967033,13.904109589041097,33.12491989135742,24.99877166748047,-34.202083587646484,84.40583038330078,-1.1254491806030273,34.47475051879883
000_box,put the box on the tray,13,1,263,10.241,1788422987.297344,00011_front_put_the_box_on_the_tray.png,00011_wrist_put_the_box_on_the_tray.png,recap.png,50,18,306,307,33.23076923076923,20.615384615384617,-19.736263736263737,73.93406593406593,-2.32967032967033,13.904109589041097,32.35617446899414,25.345413208007812,-35.37518310546875,85.83709716796875,-0.8738851547241211,34.341697692871094
000_box,put the box on the tray,13,1,263,10.241,1788422987.297344,00011_front_put_the_box_on_the_tray.png,00011_wrist_put_the_box_on_the_tray.png,recap.png,50,19,307,308,33.23076923076923,20.615384615384617,-19.736263736263737,73.93406593406593,-2.32967032967033,13.904109589041097,32.21589279174805,25.877830505371094,-37.510093688964844,87.07552337646484,-0.45691680908203125,34.41421127319336
000_box,put the box on the tray,13,1,263,10.241,1788422987.297344,00011_front_put_the_box_on_the_tray.png,00011_wrist_put_the_box_on_the_tray.png,recap.png,50,20,308,309,33.23076923076923,20.615384615384617,-19.736263736263737,73.93406593406593,-2.32967032967033,13.904109589041097,31.690410614013672,25.77063751220703,-38.98236846923828,88.48187255859375,-0.2886981964111328,34.15637969970703
000_box,put the box on the tray,13,1,263,10.241,1788422987.297344,00011_front_put_the_box_on_the_tray.png,00011_wrist_put_the_box_on_the_tray.png,recap.png,50,21,309,310,33.23076923076923,20.615384615384617,-19.736263736263737,73.93406593406593,-2.32967032967033,13.904109589041097,31.198585510253906,26.108741760253906,-40.63578796386719,89.94099426269531,0.06438064575195312,33.96472930908203
000_box,put the box on the tray,14,0,286,11.226,1788422988.2934268,00012_front_put_the_box_on_the_tray.png,00012_wrist_put_the_box_on_the_tray.png,recap.png,50,0,310,311,33.31868131868132,23.86813186813187,-22.63736263736264,75.16483516483517,-0.21978021978021978,32.12328767123287,20.714113235473633,11.060789108276367,-30.164175033569336,94.85884094238281,1.8205598592758179,29.51108741760254
000_box,put the box on the tray,14,0,286,11.226,1788422988.2934268,00012_front_put_the_box_on_the_tray.png,00012_wrist_put_the_box_on_the_tray.png,recap.png,50,1,311,312,33.31868131868132,23.86813186813187,-22.63736263736264,75.16483516483517,-0.21978021978021978,32.12328767123287,20.16556167602539,9.056327819824219,-28.50905418395996,95.26301574707031,1.9449491500854492,27.837799072265625
000_box,put the box on the tray,14,0,286,11.226,1788422988.2934268,00012_front_put_the_box_on_the_tray.png,00012_wrist_put_the_box_on_the_tray.png,recap.png,50,2,312,313,33.31868131868132,23.86813186813187,-22.63736263736264,75.16483516483517,-0.21978021978021978,32.12328767123287,19.224319458007812,7.942023277282715,-27.575881958007812,95.2505874633789,1.9975807666778564,25.446136474609375
000_box,put the box on the tray,14,0,286,11.226,1788422988.2934268,00012_front_put_the_box_on_the_tray.png,00012_wrist_put_the_box_on_the_tray.png,recap.png,50,3,313,314,33.31868131868132,23.86813186813187,-22.63736263736264,75.16483516483517,-0.21978021978021978,32.12328767123287,14.362377166748047,-2.52044677734375,-17.692665100097656,95.37493896484375,2.2891149520874023,18.704212188720703
000_box,put the box on the tray,14,0,286,11.226,1788422988.2934268,00012_front_put_the_box_on_the_tray.png,00012_wrist_put_the_box_on_the_tray.png,recap.png,50,4,314,315,33.31868131868132,23.86813186813187,-22.63736263736264,75.16483516483517,-0.21978021978021978,32.12328767123287,13.60830307006836,-4.2381744384765625,-15.491783142089844,94.83488464355469,2.1932144165039062,15.237699508666992
000_box,put the box on the tray,14,0,286,11.226,1788422988.2934268,00012_front_put_the_box_on_the_tray.png,00012_wrist_put_the_box_on_the_tray.png,recap.png,50,5,315,316,33.31868131868132,23.86813186813187,-22.63736263736264,75.16483516483517,-0.21978021978021978,32.12328767123287,13.008159637451172,-6.252616882324219,-12.75030517578125,94.29022979736328,2.1984691619873047,11.749802589416504
000_box,put the box on the tray,14,0,286,11.226,1788422988.2934268,00012_front_put_the_box_on_the_tray.png,00012_wrist_put_the_box_on_the_tray.png,recap.png,50,6,316,317,33.31868131868132,23.86813186813187,-22.63736263736264,75.16483516483517,-0.21978021978021978,32.12328767123287,12.371501922607422,-9.544754028320312,-10.111377716064453,93.70982360839844,2.221219062805176,8.963295936584473
000_box,put the box on the tray,14,0,286,11.226,1788422988.2934268,00012_front_put_the_box_on_the_tray.png,00012_wrist_put_the_box_on_the_tray.png,recap.png,50,7,317,318,33.31868131868132,23.86813186813187,-22.63736263736264,75.16483516483517,-0.21978021978021978,32.12328767123287,11.602912902832031,-10.734489440917969,-7.646942138671875,92.97918701171875,2.2439937591552734,6.93089485168457
000_box,put the box on the tray,14,0,286,11.226,1788422988.2934268,00012_front_put_the_box_on_the_tray.png,00012_wrist_put_the_box_on_the_tray.png,recap.png,50,8,318,319,33.31868131868132,23.86813186813187,-22.63736263736264,75.16483516483517,-0.21978021978021978,32.12328767123287,10.818687438964844,-13.094566345214844,-5.357627868652344,92.03010559082031,2.132892608642578,5.092039585113525
000_box,put the box on the tray,14,0,286,11.226,1788422988.2934268,00012_front_put_the_box_on_the_tray.png,00012_wrist_put_the_box_on_the_tray.png,recap.png,50,9,319,320,33.31868131868132,23.86813186813187,-22.63736263736264,75.16483516483517,-0.21978021978021978,32.12328767123287,9.785015106201172,-15.151763916015625,-1.8766326904296875,91.15339660644531,1.9989185333251953,3.9656777381896973
000_box,put the box on the tray,14,0,286,11.226,1788422988.2934268,00012_front_put_the_box_on_the_tray.png,00012_wrist_put_the_box_on_the_tray.png,recap.png,50,10,320,321,33.31868131868132,23.86813186813187,-22.63736263736264,75.16483516483517,-0.21978021978021978,32.12328767123287,9.530475616455078,-17.39769744873047,0.4787406921386719,90.20954895019531,1.878920555114746,3.114691972732544
000_box,put the box on the tray,14,0,286,11.226,1788422988.2934268,00012_front_put_the_box_on_the_tray.png,00012_wrist_put_the_box_on_the_tray.png,recap.png,50,11,321,322,33.31868131868132,23.86813186813187,-22.63736263736264,75.16483516483517,-0.21978021978021978,32.12328767123287,8.40462875366211,-19.713790893554688,4.188678741455078,89.09089660644531,1.8709735870361328,2.566004753112793
000_box,put the box on the tray,14,0,286,11.226,1788422988.2934268,00012_front_put_the_box_on_the_tray.png,00012_wrist_put_the_box_on_the_tray.png,recap.png,50,12,322,323,33.31868131868132,23.86813186813187,-22.63736263736264,75.16483516483517,-0.21978021978021978,32.12328767123287,7.567447662353516,-22.073211669921875,7.170810699462891,87.90162658691406,1.7167253494262695,2.007222890853882
000_box,put the box on the tray,14,0,286,11.226,1788422988.2934268,00012_front_put_the_box_on_the_tray.png,00012_wrist_put_the_box_on_the_tray.png,recap.png,50,13,323,324,33.31868131868132,23.86813186813187,-22.63736263736264,75.16483516483517,-0.21978021978021978,32.12328767123287,6.592082977294922,-24.478713989257812,10.034141540527344,86.60115051269531,1.7087383270263672,1.6532955169677734
000_box,put the box on the tray,14,0,286,11.226,1788422988.2934268,00012_front_put_the_box_on_the_tray.png,00012_wrist_put_the_box_on_the_tray.png,recap.png,50,14,324,325,33.31868131868132,23.86813186813187,-22.63736263736264,75.16483516483517,-0.21978021978021978,32.12328767123287,5.698688507080078,-26.32184600830078,12.582603454589844,85.35330200195312,1.5735054016113281,1.2506041526794434
000_box,put the box on the tray,14,0,286,11.226,1788422988.2934268,00012_front_put_the_box_on_the_tray.png,00012_wrist_put_the_box_on_the_tray.png,recap.png,50,15,325,326,33.31868131868132,23.86813186813187,-22.63736263736264,75.16483516483517,-0.21978021978021978,32.12328767123287,4.8408050537109375,-28.812286376953125,15.782295227050781,84.16278839111328,1.440988540649414,1.1227679252624512
000_box,put the box on the tray,14,0,286,11.226,1788422988.2934268,00012_front_put_the_box_on_the_tray.png,00012_wrist_put_the_box_on_the_tray.png,recap.png,50,16,326,327,33.31868131868132,23.86813186813187,-22.63736263736264,75.16483516483517,-0.21978021978021978,32.12328767123287,3.9941673278808594,-31.013504028320312,18.201187133789062,82.82170104980469,1.4447593688964844,1.307267427444458
000_box,put the box on the tray,14,0,286,11.226,1788422988.2934268,00012_front_put_the_box_on_the_tray.png,00012_wrist_put_the_box_on_the_tray.png,recap.png,50,17,327,328,33.31868131868132,23.86813186813187,-22.63736263736264,75.16483516483517,-0.21978021978021978,32.12328767123287,3.1642112731933594,-33.404083251953125,21.744361877441406,81.80241394042969,1.3425674438476562,1.1498196125030518
000_box,put the box on the tray,14,0,286,11.226,1788422988.2934268,00012_front_put_the_box_on_the_tray.png,00012_wrist_put_the_box_on_the_tray.png,recap.png,50,18,328,329,33.31868131868132,23.86813186813187,-22.63736263736264,75.16483516483517,-0.21978021978021978,32.12328767123287,2.4834022521972656,-35.52638244628906,24.129669189453125,80.63204956054688,1.38494873046875,1.208603858947754
000_box,put the box on the tray,14,0,286,11.226,1788422988.2934268,00012_front_put_the_box_on_the_tray.png,00012_wrist_put_the_box_on_the_tray.png,recap.png,50,19,329,330,33.31868131868132,23.86813186813187,-22.63736263736264,75.16483516483517,-0.21978021978021978,32.12328767123287,1.8684425354003906,-37.82573699951172,26.547607421875,79.87897491455078,1.1501827239990234,1.3360440731048584
000_box,put the box on the tray,14,0,286,11.226,1788422988.2934268,00012_front_put_the_box_on_the_tray.png,00012_wrist_put_the_box_on_the_tray.png,recap.png,50,20,330,331,33.31868131868132,23.86813186813187,-22.63736263736264,75.16483516483517,-0.21978021978021978,32.12328767123287,1.3315696716308594,-40.27397155761719,28.214820861816406,78.87390899658203,1.2445344924926758,1.2837800979614258
000_box,put the box on the tray,14,0,286,11.226,1788422988.2934268,00012_front_put_the_box_on_the_tray.png,00012_wrist_put_the_box_on_the_tray.png,recap.png,50,21,331,332,33.31868131868132,23.86813186813187,-22.63736263736264,75.16483516483517,-0.21978021978021978,32.12328767123287,0.7781486511230469,-42.47484588623047,31.204193115234375,78.43038940429688,1.180098533630371,1.21730375289917
000_box,put the box on the tray,14,0,286,11.226,1788422988.2934268,00012_front_put_the_box_on_the_tray.png,00012_wrist_put_the_box_on_the_tray.png,recap.png,50,22,332,333,33.31868131868132,23.86813186813187,-22.63736263736264,75.16483516483517,-0.21978021978021978,32.12328767123287,0.44005584716796875,-44.869022369384766,33.024208068847656,77.87065124511719,1.3291511535644531,1.3364615440368652
000_box,put the box on the tray,14,0,286,11.226,1788422988.2934268,00012_front_put_the_box_on_the_tray.png,00012_wrist_put_the_box_on_the_tray.png,recap.png,50,23,333,334,33.31868131868132,23.86813186813187,-22.63736263736264,75.16483516483517,-0.21978021978021978,32.12328767123287,-0.2879180908203125,-47.90665054321289,35.10881042480469,77.56903076171875,1.3562555313110352,1.348754644393921
000_box,put the box on the tray,14,0,286,11.226,1788422988.2934268,00012_front_put_the_box_on_the_tray.png,00012_wrist_put_the_box_on_the_tray.png,recap.png,50,24,334,335,33.31868131868132,23.86813186813187,-22.63736263736264,75.16483516483517,-0.21978021978021978,32.12328767123287,-0.4539527893066406,-49.571998596191406,37.14118957519531,77.44742584228516,1.7655296325683594,1.8021199703216553
000_box,put the box on the tray,14,0,286,11.226,1788422988.2934268,00012_front_put_the_box_on_the_tray.png,00012_wrist_put_the_box_on_the_tray.png,recap.png,50,25,335,336,33.31868131868132,23.86813186813187,-22.63736263736264,75.16483516483517,-0.21978021978021978,32.12328767123287,-0.5649070739746094,-51.99833679199219,38.481719970703125,77.2682113647461,1.5529022216796875,1.9412310123443604
000_box,put the box on the tray,15,0,309,11.996,1788422989.0591202,00013_front_put_the_box_on_the_tray.png,00013_wrist_put_the_box_on_the_tray.png,recap.png,50,0,336,337,33.05494505494506,26.32967032967033,-33.18681318681319,85.8021978021978,-1.010989010989011,34.794520547945204,8.100379943847656,-24.34204864501953,1.69671630859375,93.40110778808594,1.0539770126342773,-0.011627636849880219
000_box,put the box on the tray,15,0,309,11.996,1788422989.0591202,00013_front_put_the_box_on_the_tray.png,00013_wrist_put_the_box_on_the_tray.png,recap.png,50,1,337,338,33.05494505494506,26.32967032967033,-33.18681318681319,85.8021978021978,-1.010989010989011,34.794520547945204,7.718818664550781,-27.293319702148438,4.689586639404297,91.96110534667969,0.9712696075439453,-0.2934226989746094
000_box,put the box on the tray,15,0,309,11.996,1788422989.0591202,00013_front_put_the_box_on_the_tray.png,00013_wrist_put_the_box_on_the_tray.png,recap.png,50,2,338,339,33.05494505494506,26.32967032967033,-33.18681318681319,85.8021978021978,-1.010989010989011,34.794520547945204,7.099163055419922,-29.234024047851562,6.926025390625,90.79650115966797,0.9220199584960938,-0.40545332431793213
000_box,put the box on the tray,15,0,309,11.996,1788422989.0591202,00013_front_put_the_box_on_the_tray.png,00013_wrist_put_the_box_on_the_tray.png,recap.png,50,3,339,340,33.05494505494506,26.32967032967033,-33.18681318681319,85.8021978021978,-1.010989010989011,34.794520547945204,5.905891418457031,-31.567054748535156,10.359794616699219,89.70901489257812,1.1276521682739258,-0.4098060131072998
000_box,put the box on the tray,15,0,309,11.996,1788422989.0591202,00013_front_put_the_box_on_the_tray.png,00013_wrist_put_the_box_on_the_tray.png,recap.png,50,4,340,341,33.05494505494506,26.32967032967033,-33.18681318681319,85.8021978021978,-1.010989010989011,34.794520547945204,5.199428558349609,-33.67498016357422,12.843620300292969,88.62515258789062,0.939453125,-0.6449134945869446
000_box,put the box on the tray,15,0,309,11.996,1788422989.0591202,00013_front_put_the_box_on_the_tray.png,00013_wrist_put_the_box_on_the_tray.png,recap.png,50,5,341,342,33.05494505494506,26.32967032967033,-33.18681318681319,85.8021978021978,-1.010989010989011,34.794520547945204,4.210704803466797,-35.846946716308594,14.864547729492188,87.66451263427734,1.1395273208618164,-0.6197088360786438
000_box,put the box on the tray,15,0,309,11.996,1788422989.0591202,00013_front_put_the_box_on_the_tray.png,00013_wrist_put_the_box_on_the_tray.png,recap.png,50,6,342,343,33.05494505494506,26.32967032967033,-33.18681318681319,85.8021978021978,-1.010989010989011,34.794520547945204,3.409893035888672,-37.33692932128906,17.867698669433594,86.96711730957031,1.1441764831542969,-0.42531752586364746
000_box,put the box on the tray,15,0,309,11.996,1788422989.0591202,00013_front_put_the_box_on_the_tray.png,00013_wrist_put_the_box_on_the_tray.png,recap.png,50,7,343,344,33.05494505494506,26.32967032967033,-33.18681318681319,85.8021978021978,-1.010989010989011,34.794520547945204,2.6819725036621094,-39.78388595581055,20.195777893066406,86.08378601074219,1.0445404052734375,-0.324668824672699
000_box,put the box on the tray,15,0,309,11.996,1788422989.0591202,00013_front_put_the_box_on_the_tray.png,00013_wrist_put_the_box_on_the_tray.png,recap.png,50,8,344,345,33.05494505494506,26.32967032967033,-33.18681318681319,85.8021978021978,-1.010989010989011,34.794520547945204,2.209522247314453,-41.312530517578125,22.66461944580078,85.47467041015625,1.1867866516113281,-0.2748585641384125
000_box,put the box on the tray,15,0,309,11.996,1788422989.0591202,00013_front_put_the_box_on_the_tray.png,00013_wrist_put_the_box_on_the_tray.png,recap.png,50,9,345,346,33.05494505494506,26.32967032967033,-33.18681318681319,85.8021978021978,-1.010989010989011,34.794520547945204,1.5608024597167969,-44.330718994140625,25.2537841796875,84.40596008300781,1.1272811889648438,-0.20948579907417297
000_box,put the box on the tray,15,0,309,11.996,1788422989.0591202,00013_front_put_the_box_on_the_tray.png,00013_wrist_put_the_box_on_the_tray.png,recap.png,50,10,346,347,33.05494505494506,26.32967032967033,-33.18681318681319,85.8021978021978,-1.010989010989011,34.794520547945204,0.6928672790527344,-46.04183578491211,27.689071655273438,83.67367553710938,1.1300859451293945,-0.12148085236549377
000_box,put the box on the tray,15,0,309,11.996,1788422989.0591202,00013_front_put_the_box_on_the_tray.png,00013_wrist_put_the_box_on_the_tray.png,recap.png,50,11,347,348,33.05494505494506,26.32967032967033,-33.18681318681319,85.8021978021978,-1.010989010989011,34.794520547945204,0.031009674072265625,-47.82502746582031,29.9710693359375,82.67562103271484,1.1448326110839844,-0.2775585353374481
000_box,put the box on the tray,15,0,309,11.996,1788422989.0591202,00013_front_put_the_box_on_the_tray.png,00013_wrist_put_the_box_on_the_tray.png,recap.png,50,12,348,349,33.05494505494506,26.32967032967033,-33.18681318681319,85.8021978021978,-1.010989010989011,34.794520547945204,-0.40673065185546875,-50.31671142578125,32.58332061767578,81.94503784179688,1.1719255447387695,-0.21254050731658936
000_box,put the box on the tray,15,0,309,11.996,1788422989.0591202,00013_front_put_the_box_on_the_tray.png,00013_wrist_put_the_box_on_the_tray.png,recap.png,50,13,349,350,33.05494505494506,26.32967032967033,-33.18681318681319,85.8021978021978,-1.010989010989011,34.794520547945204,-0.9470729827880859,-52.29328918457031,34.37666320800781,81.09376525878906,1.1895475387573242,-0.04502566158771515
000_box,put the box on the tray,15,0,309,11.996,1788422989.0591202,00013_front_put_the_box_on_the_tray.png,00013_wrist_put_the_box_on_the_tray.png,recap.png,50,14,350,351,33.05494505494506,26.32967032967033,-33.18681318681319,85.8021978021978,-1.010989010989011,34.794520547945204,-1.471292495727539,-54.22809600830078,36.538368225097656,79.73670959472656,1.2320432662963867,-0.038793012499809265
000_box,put the box on the tray,15,0,309,11.996,1788422989.0591202,00013_front_put_the_box_on_the_tray.png,00013_wrist_put_the_box_on_the_tray.png,recap.png,50,15,351,352,33.05494505494506,26.32967032967033,-33.18681318681319,85.8021978021978,-1.010989010989011,34.794520547945204,-1.5121231079101562,-56.38953399658203,38.82921600341797,78.61766052246094,1.122838020324707,-0.04716481268405914
000_box,put the box on the tray,15,0,309,11.996,1788422989.0591202,00013_front_put_the_box_on_the_tray.png,00013_wrist_put_the_box_on_the_tray.png,recap.png,50,16,352,353,33.05494505494506,26.32967032967033,-33.18681318681319,85.8021978021978,-1.010989010989011,34.794520547945204,-1.7346839904785156,-58.8986701965332,41.434288024902344,77.406982421875,1.2006711959838867,-0.14259624481201172
000_box,put the box on the tray,15,0,309,11.996,1788422989.0591202,00013_front_put_the_box_on_the_tray.png,00013_wrist_put_the_box_on_the_tray.png,recap.png,50,17,353,354,33.05494505494506,26.32967032967033,-33.18681318681319,85.8021978021978,-1.010989010989011,34.794520547945204,-2.289182662963867,-60.90385437011719,43.1650390625,76.45185089111328,1.1897401809692383,-0.07807955145835876
000_box,put the box on the tray,15,0,309,11.996,1788422989.0591202,00013_front_put_the_box_on_the_tray.png,00013_wrist_put_the_box_on_the_tray.png,recap.png,50,18,354,355,33.05494505494506,26.32967032967033,-33.18681318681319,85.8021978021978,-1.010989010989011,34.794520547945204,-2.4554672241210938,-62.73481369018555,44.286643981933594,75.79313659667969,1.2515382766723633,-0.0466422438621521
000_box,put the box on the tray,15,0,309,11.996,1788422989.0591202,00013_front_put_the_box_on_the_tray.png,00013_wrist_put_the_box_on_the_tray.png,recap.png,50,19,355,356,33.05494505494506,26.32967032967033,-33.18681318681319,85.8021978021978,-1.010989010989011,34.794520547945204,-2.6460037231445312,-65.90238189697266,46.018287658691406,75.4355697631836,1.2423114776611328,-0.001571260392665863
000_box,put the box on the tray,15,0,309,11.996,1788422989.0591202,00013_front_put_the_box_on_the_tray.png,00013_wrist_put_the_box_on_the_tray.png,recap.png,50,20,356,357,33.05494505494506,26.32967032967033,-33.18681318681319,85.8021978021978,-1.010989010989011,34.794520547945204,-2.9057655334472656,-67.88630676269531,48.46818542480469,75.08891296386719,1.1999950408935547,-0.012711018323898315
000_box,put the box on the tray,15,0,309,11.996,1788422989.0591202,00013_front_put_the_box_on_the_tray.png,00013_wrist_put_the_box_on_the_tray.png,recap.png,50,21,357,358,33.05494505494506,26.32967032967033,-33.18681318681319,85.8021978021978,-1.010989010989011,34.794520547945204,-2.855314254760742,-70.09207153320312,49.82585144042969,74.90113830566406,1.1545562744140625,0.12791036069393158
000_box,put the box on the tray,15,0,309,11.996,1788422989.0591202,00013_front_put_the_box_on_the_tray.png,00013_wrist_put_the_box_on_the_tray.png,recap.png,50,22,358,359,33.05494505494506,26.32967032967033,-33.18681318681319,85.8021978021978,-1.010989010989011,34.794520547945204,-3.0764999389648438,-72.87904357910156,51.764617919921875,74.77485656738281,1.3739738464355469,0.05746690183877945
000_box,put the box on the tray,16,1,335,12.866,1788422989.9321666,00014_front_put_the_box_on_the_tray.png,00014_wrist_put_the_box_on_the_tray.png,recap.png,50,0,359,360,0.26373626373626374,-43.38461538461539,33.362637362637365,78.76923076923077,1.6263736263736264,1.5068493150684932,-5.013528823852539,-80.90879821777344,67.2864990234375,67.8336410522461,0.4058418273925781,0.8067111968994141
000_box,put the box on the tray,16,1,335,12.866,1788422989.9321666,00014_front_put_the_box_on_the_tray.png,00014_wrist_put_the_box_on_the_tray.png,recap.png,50,1,360,361,0.26373626373626374,-43.38461538461539,33.362637362637365,78.76923076923077,1.6263736263736264,1.5068493150684932,-4.58726692199707,-82.85678100585938,69.14019012451172,68.09003448486328,0.16293048858642578,0.8727297782897949
000_box,put the box on the tray,16,1,335,12.866,1788422989.9321666,00014_front_put_the_box_on_the_tray.png,00014_wrist_put_the_box_on_the_tray.png,recap.png,50,2,361,362,0.26373626373626374,-43.38461538461539,33.362637362637365,78.76923076923077,1.6263736263736264,1.5068493150684932,-4.830179214477539,-84.02892303466797,69.89605712890625,67.93087768554688,-0.12999820709228516,0.8613244295120239
000_box,put the box on the tray,16,1,335,12.866,1788422989.9321666,00014_front_put_the_box_on_the_tray.png,00014_wrist_put_the_box_on_the_tray.png,recap.png,50,3,362,363,0.26373626373626374,-43.38461538461539,33.362637362637365,78.76923076923077,1.6263736263736264,1.5068493150684932,-4.834482192993164,-85.74662780761719,70.87439727783203,68.04801177978516,-0.048554420471191406,0.8492064476013184
000_box,put the box on the tray,16,1,335,12.866,1788422989.9321666,00014_front_put_the_box_on_the_tray.png,00014_wrist_put_the_box_on_the_tray.png,recap.png,50,4,363,364,0.26373626373626374,-43.38461538461539,33.362637362637365,78.76923076923077,1.6263736263736264,1.5068493150684932,-4.627691268920898,-87.54751586914062,71.92240905761719,68.1280288696289,-0.24113845825195312,0.9235702753067017
000_box,put the box on the tray,16,1,335,12.866,1788422989.9321666,00014_front_put_the_box_on_the_tray.png,00014_wrist_put_the_box_on_the_tray.png,recap.png,50,5,364,365,0.26373626373626374,-43.38461538461539,33.362637362637365,78.76923076923077,1.6263736263736264,1.5068493150684932,-4.581235885620117,-89.23555755615234,73.21156311035156,68.2578125,-0.02313709259033203,0.837006688117981
000_box,put the box on the tray,16,1,335,12.866,1788422989.9321666,00014_front_put_the_box_on_the_tray.png,00014_wrist_put_the_box_on_the_tray.png,recap.png,50,6,365,366,0.26373626373626374,-43.38461538461539,33.362637362637365,78.76923076923077,1.6263736263736264,1.5068493150684932,-4.37713623046875,-91.03839874267578,74.14518737792969,68.47664642333984,0.05089855194091797,0.7604697346687317
000_box,put the box on the tray,16,1,335,12.866,1788422989.9321666,00014_front_put_the_box_on_the_tray.png,00014_wrist_put_the_box_on_the_tray.png,recap.png,50,7,366,367,0.26373626373626374,-43.38461538461539,33.362637362637365,78.76923076923077,1.6263736263736264,1.5068493150684932,-4.591520309448242,-92.09156036376953,75.61624145507812,69.11139678955078,0.08730030059814453,0.9486442804336548
000_box,put the box on the tray,16,1,335,12.866,1788422989.9321666,00014_front_put_the_box_on_the_tray.png,00014_wrist_put_the_box_on_the_tray.png,recap.png,50,8,367,368,0.26373626373626374,-43.38461538461539,33.362637362637365,78.76923076923077,1.6263736263736264,1.5068493150684932,-4.298646926879883,-94.38874053955078,76.01953125,69.68204498291016,0.0851449966430664,0.9401397109031677
000_box,put the box on the tray,16,1,335,12.866,1788422989.9321666,00014_front_put_the_box_on_the_tray.png,00014_wrist_put_the_box_on_the_tray.png,recap.png,50,9,368,369,0.26373626373626374,-43.38461538461539,33.362637362637365,78.76923076923077,1.6263736263736264,1.5068493150684932,-4.329601287841797,-95.66832733154297,76.51728820800781,70.12420654296875,0.031536102294921875,0.963378369808197
000_box,put the box on the tray,16,1,335,12.866,1788422989.9321666,00014_front_put_the_box_on_the_tray.png,00014_wrist_put_the_box_on_the_tray.png,recap.png,50,10,369,370,0.26373626373626374,-43.38461538461539,33.362637362637365,78.76923076923077,1.6263736263736264,1.5068493150684932,-4.048892974853516,-97.18993377685547,77.91162109375,70.90971374511719,0.045764923095703125,0.8511066436767578
000_box,put the box on the tray,16,1,335,12.866,1788422989.9321666,00014_front_put_the_box_on_the_tray.png,00014_wrist_put_the_box_on_the_tray.png,recap.png,50,11,370,371,0.26373626373626374,-43.38461538461539,33.362637362637365,78.76923076923077,1.6263736263736264,1.5068493150684932,-4.004055023193359,-98.13689422607422,77.78514099121094,71.43943786621094,0.02818775177001953,0.9640963673591614
000_box,put the box on the tray,16,1,335,12.866,1788422989.9321666,00014_front_put_the_box_on_the_tray.png,00014_wrist_put_the_box_on_the_tray.png,recap.png,50,12,371,372,0.26373626373626374,-43.38461538461539,33.362637362637365,78.76923076923077,1.6263736263736264,1.5068493150684932,-3.6351280212402344,-99.0167007446289,78.34292602539062,72.00084686279297,0.006512641906738281,0.9759721755981445
000_box,put the box on the tray,16,1,335,12.866,1788422989.9321666,00014_front_put_the_box_on_the_tray.png,00014_wrist_put_the_box_on_the_tray.png,recap.png,50,13,372,373,0.26373626373626374,-43.38461538461539,33.362637362637365,78.76923076923077,1.6263736263736264,1.5068493150684932,-3.4662399291992188,-100.18506622314453,78.52769470214844,72.68317413330078,0.007609367370605469,0.8766278028488159
000_box,put the box on the tray,16,1,335,12.866,1788422989.9321666,00014_front_put_the_box_on_the_tray.png,00014_wrist_put_the_box_on_the_tray.png,recap.png,50,14,373,374,0.26373626373626374,-43.38461538461539,33.362637362637365,78.76923076923077,1.6263736263736264,1.5068493150684932,-3.7935924530029297,-100.38699340820312,79.175048828125,73.30196380615234,0.09994220733642578,1.0090792179107666
000_box,put the box on the tray,16,1,335,12.866,1788422989.9321666,00014_front_put_the_box_on_the_tray.png,00014_wrist_put_the_box_on_the_tray.png,recap.png,50,15,374,375,0.26373626373626374,-43.38461538461539,33.362637362637365,78.76923076923077,1.6263736263736264,1.5068493150684932,-3.537750244140625,-100.8525390625,78.82920837402344,73.7890625,-0.051059722900390625,1.0394043922424316
000_box,put the box on the tray,16,1,335,12.866,1788422989.9321666,00014_front_put_the_box_on_the_tray.png,00014_wrist_put_the_box_on_the_tray.png,recap.png,50,16,375,376,0.26373626373626374,-43.38461538461539,33.362637362637365,78.76923076923077,1.6263736263736264,1.5068493150684932,-3.4872360229492188,-101.62137603759766,79.25373840332031,74.43824005126953,0.06080436706542969,0.993633508682251
000_box,put the box on the tray,16,1,335,12.866,1788422989.9321666,00014_front_put_the_box_on_the_tray.png,00014_wrist_put_the_box_on_the_tray.png,recap.png,50,17,376,377,0.26373626373626374,-43.38461538461539,33.362637362637365,78.76923076923077,1.6263736263736264,1.5068493150684932,-3.7691783905029297,-102.1584701538086,80.11457824707031,74.81024932861328,-0.039191246032714844,1.1083736419677734
000_box,put the box on the tray,16,1,335,12.866,1788422989.9321666,00014_front_put_the_box_on_the_tray.png,00014_wrist_put_the_box_on_the_tray.png,recap.png,50,18,377,378,0.26373626373626374,-43.38461538461539,33.362637362637365,78.76923076923077,1.6263736263736264,1.5068493150684932,-3.5654258728027344,-102.802001953125,80.42738342285156,74.53392791748047,0.06324958801269531,0.9685987830162048
000_box,put the box on the tray,16,1,335,12.866,1788422989.9321666,00014_front_put_the_box_on_the_tray.png,00014_wrist_put_the_box_on_the_tray.png,recap.png,50,19,378,379,0.26373626373626374,-43.38461538461539,33.362637362637365,78.76923076923077,1.6263736263736264,1.5068493150684932,-3.5099735260009766,-102.75550842285156,81.15730285644531,74.60353088378906,0.03215503692626953,1.1181550025939941
000_box,put the box on the tray,16,1,335,12.866,1788422989.9321666,00014_front_put_the_box_on_the_tray.png,00014_wrist_put_the_box_on_the_tray.png,recap.png,50,20,379,380,0.26373626373626374,-43.38461538461539,33.362637362637365,78.76923076923077,1.6263736263736264,1.5068493150684932,-3.385906219482422,-103.65170288085938,81.63735961914062,74.38397979736328,0.03803253173828125,0.8171924352645874
000_box,put the box on the tray,16,1,335,12.866,1788422989.9321666,00014_front_put_the_box_on_the_tray.png,00014_wrist_put_the_box_on_the_tray.png,recap.png,50,21,380,381,0.26373626373626374,-43.38461538461539,33.362637362637365,78.76923076923077,1.6263736263736264,1.5068493150684932,-3.4507484436035156,-103.8090591430664,81.96943664550781,74.57697296142578,0.075927734375,0.8055895566940308
000_box,put the box on the tray,16,1,335,12.866,1788422989.9321666,00014_front_put_the_box_on_the_tray.png,00014_wrist_put_the_box_on_the_tray.png,recap.png,50,22,381,382,0.26373626373626374,-43.38461538461539,33.362637362637365,78.76923076923077,1.6263736263736264,1.5068493150684932,-3.5648860931396484,-103.18798065185547,82.73248291015625,74.74369812011719,0.2688140869140625,1.0820207595825195
000_box,put the box on the tray,16,1,335,12.866,1788422989.9321666,00014_front_put_the_box_on_the_tray.png,00014_wrist_put_the_box_on_the_tray.png,recap.png,50,23,382,383,0.26373626373626374,-43.38461538461539,33.362637362637365,78.76923076923077,1.6263736263736264,1.5068493150684932,-3.402118682861328,-104.35014343261719,83.25027465820312,74.40264892578125,0.7118339538574219,1.09360671043396
000_box,put the box on the tray,16,1,335,12.866,1788422989.9321666,00014_front_put_the_box_on_the_tray.png,00014_wrist_put_the_box_on_the_tray.png,recap.png,50,24,383,384,0.26373626373626374,-43.38461538461539,33.362637362637365,78.76923076923077,1.6263736263736264,1.5068493150684932,-3.6497745513916016,-104.65254974365234,83.36799621582031,74.46454620361328,0.9076719284057617,1.0704433917999268
000_box,put the box on the tray,16,1,335,12.866,1788422989.9321666,00014_front_put_the_box_on_the_tray.png,00014_wrist_put_the_box_on_the_tray.png,recap.png,50,25,384,385,0.26373626373626374,-43.38461538461539,33.362637362637365,78.76923076923077,1.6263736263736264,1.5068493150684932,-4.0220489501953125,-104.14041137695312,82.91360473632812,74.4043197631836,1.0823402404785156,1.13612961769104
000_box,put the box on the tray,17,0,358,13.635,1788422990.6922202,00015_front_put_the_box_on_the_tray.png,00015_wrist_put_the_box_on_the_tray.png,recap.png,50,0,385,386,-2.6373626373626373,-64.48351648351648,46.81318681318681,76.57142857142857,1.4505494505494505,0.3424657534246575,-7.795804977416992,-103.30277252197266,79.93693542480469,75.83148193359375,0.7977409362792969,-0.29696178436279297
000_box,put the box on the tray,17,0,358,13.635,1788422990.6922202,00015_front_put_the_box_on_the_tray.png,00015_wrist_put_the_box_on_the_tray.png,recap.png,50,1,386,387,-2.6373626373626373,-64.48351648351648,46.81318681318681,76.57142857142857,1.4505494505494505,0.3424657534246575,-7.960979461669922,-103.15962219238281,79.64859008789062,76.03453063964844,0.8349313735961914,0.060689445585012436
000_box,put the box on the tray,17,0,358,13.635,1788422990.6922202,00015_front_put_the_box_on_the_tray.png,00015_wrist_put_the_box_on_the_tray.png,recap.png,50,2,387,388,-2.6373626373626373,-64.48351648351648,46.81318681318681,76.57142857142857,1.4505494505494505,0.3424657534246575,-7.669597625732422,-103.36122131347656,79.84805297851562,76.3711166381836,0.8359556198120117,0.021456003189086914
000_box,put the box on the tray,17,0,358,13.635,1788422990.6922202,00015_front_put_the_box_on_the_tray.png,00015_wrist_put_the_box_on_the_tray.png,recap.png,50,3,388,389,-2.6373626373626373,-64.48351648351648,46.81318681318681,76.57142857142857,1.4505494505494505,0.3424657534246575,-7.643741607666016,-103.70799255371094,80.00347900390625,76.72137451171875,0.833348274230957,-0.11863642930984497
000_box,put the box on the tray,17,0,358,13.635,1788422990.6922202,00015_front_put_the_box_on_the_tray.png,00015_wrist_put_the_box_on_the_tray.png,recap.png,50,4,389,390,-2.6373626373626373,-64.48351648351648,46.81318681318681,76.57142857142857,1.4505494505494505,0.3424657534246575,-7.356510162353516,-103.75314331054688,80.890625,77.11421203613281,0.8356533050537109,-0.025898590683937073
000_box,put the box on the tray,17,0,358,13.635,1788422990.6922202,00015_front_put_the_box_on_the_tray.png,00015_wrist_put_the_box_on_the_tray.png,recap.png,50,5,390,391,-2.6373626373626373,-64.48351648351648,46.81318681318681,76.57142857142857,1.4505494505494505,0.3424657534246575,-6.956592559814453,-102.65766906738281,80.45848083496094,77.37381744384766,0.8069448471069336,-0.058873891830444336
000_box,put the box on the tray,17,0,358,13.635,1788422990.6922202,00015_front_put_the_box_on_the_tray.png,00015_wrist_put_the_box_on_the_tray.png,recap.png,50,6,391,392,-2.6373626373626373,-64.48351648351648,46.81318681318681,76.57142857142857,1.4505494505494505,0.3424657534246575,-6.704071044921875,-103.21353912353516,80.58990478515625,77.50601959228516,0.9027500152587891,-0.024921417236328125
000_box,put the box on the tray,17,0,358,13.635,1788422990.6922202,00015_front_put_the_box_on_the_tray.png,00015_wrist_put_the_box_on_the_tray.png,recap.png,50,7,392,393,-2.6373626373626373,-64.48351648351648,46.81318681318681,76.57142857142857,1.4505494505494505,0.3424657534246575,-6.499433517456055,-103.07454681396484,80.60491943359375,77.5035171508789,0.9318685531616211,-0.16104567050933838
000_box,put the box on the tray,17,0,358,13.635,1788422990.6922202,00015_front_put_the_box_on_the_tray.png,00015_wrist_put_the_box_on_the_tray.png,recap.png,50,8,393,394,-2.6373626373626373,-64.48351648351648,46.81318681318681,76.57142857142857,1.4505494505494505,0.3424657534246575,-6.517120361328125,-102.82330322265625,80.58250427246094,77.75100708007812,0.8995246887207031,-0.14007897675037384
000_box,put the box on the tray,17,0,358,13.635,1788422990.6922202,00015_front_put_the_box_on_the_tray.png,00015_wrist_put_the_box_on_the_tray.png,recap.png,50,9,394,395,-2.6373626373626373,-64.48351648351648,46.81318681318681,76.57142857142857,1.4505494505494505,0.3424657534246575,-6.411006927490234,-102.37113952636719,80.61030578613281,77.7320327758789,0.8531341552734375,-0.046221643686294556
000_box,put the box on the tray,17,0,358,13.635,1788422990.6922202,00015_front_put_the_box_on_the_tray.png,00015_wrist_put_the_box_on_the_tray.png,recap.png,50,10,395,396,-2.6373626373626373,-64.48351648351648,46.81318681318681,76.57142857142857,1.4505494505494505,0.3424657534246575,-6.343328475952148,-101.87556457519531,80.73674011230469,77.65801239013672,0.843165397644043,-0.14565947651863098
000_box,put the box on the tray,17,0,358,13.635,1788422990.6922202,00015_front_put_the_box_on_the_tray.png,00015_wrist_put_the_box_on_the_tray.png,recap.png,50,11,396,397,-2.6373626373626373,-64.48351648351648,46.81318681318681,76.57142857142857,1.4505494505494505,0.3424657534246575,-6.078971862792969,-101.66690063476562,80.67530822753906,77.7147216796875,0.8481655120849609,-0.18495240807533264
000_box,put the box on the tray,17,0,358,13.635,1788422990.6922202,00015_front_put_the_box_on_the_tray.png,00015_wrist_put_the_box_on_the_tray.png,recap.png,50,12,397,398,-2.6373626373626373,-64.48351648351648,46.81318681318681,76.57142857142857,1.4505494505494505,0.3424657534246575,-6.028743743896484,-101.78865051269531,80.29208374023438,77.79432678222656,0.9927520751953125,0.008689038455486298
000_box,put the box on the tray,17,0,358,13.635,1788422990.6922202,00015_front_put_the_box_on_the_tray.png,00015_wrist_put_the_box_on_the_tray.png,recap.png,50,13,398,399,-2.6373626373626373,-64.48351648351648,46.81318681318681,76.57142857142857,1.4505494505494505,0.3424657534246575,-5.841630935668945,-100.6136703491211,79.67329406738281,77.96244812011719,0.855076789855957,-0.07518839836120605
000_box,put the box on the tray,17,0,358,13.635,1788422990.6922202,00015_front_put_the_box_on_the_tray.png,00015_wrist_put_the_box_on_the_tray.png,recap.png,50,14,399,400,-2.6373626373626373,-64.48351648351648,46.81318681318681,76.57142857142857,1.4505494505494505,0.3424657534246575,-5.650434494018555,-99.35868835449219,79.55598449707031,78.188232421875,0.8664913177490234,0.010592401027679443
000_box,put the box on the tray,17,0,358,13.635,1788422990.6922202,00015_front_put_the_box_on_the_tray.png,00015_wrist_put_the_box_on_the_tray.png,recap.png,50,15,400,401,-2.6373626373626373,-64.48351648351648,46.81318681318681,76.57142857142857,1.4505494505494505,0.3424657534246575,-5.756378173828125,-98.1186294555664,78.85975646972656,78.04794311523438,0.7642536163330078,-0.09225067496299744
000_box,put the box on the tray,17,0,358,13.635,1788422990.6922202,00015_front_put_the_box_on_the_tray.png,00015_wrist_put_the_box_on_the_tray.png,recap.png,50,16,401,402,-2.6373626373626373,-64.48351648351648,46.81318681318681,76.57142857142857,1.4505494505494505,0.3424657534246575,-5.379421234130859,-96.326171875,77.70472717285156,78.12371063232422,0.8608236312866211,-0.17570751905441284
000_box,put the box on the tray,17,0,358,13.635,1788422990.6922202,00015_front_put_the_box_on_the_tray.png,00015_wrist_put_the_box_on_the_tray.png,recap.png,50,17,402,403,-2.6373626373626373,-64.48351648351648,46.81318681318681,76.57142857142857,1.4505494505494505,0.3424657534246575,-5.288440704345703,-93.40498352050781,75.50311279296875,78.14876556396484,0.7355852127075195,-0.12182924151420593
000_box,put the box on the tray,17,0,358,13.635,1788422990.6922202,00015_front_put_the_box_on_the_tray.png,00015_wrist_put_the_box_on_the_tray.png,recap.png,50,18,403,404,-2.6373626373626373,-64.48351648351648,46.81318681318681,76.57142857142857,1.4505494505494505,0.3424657534246575,-4.843217849731445,-89.81340026855469,72.652587890625,77.9058609008789,0.8822174072265625,-0.15546518564224243
000_box,put the box on the tray,17,0,358,13.635,1788422990.6922202,00015_front_put_the_box_on_the_tray.png,00015_wrist_put_the_box_on_the_tray.png,recap.png,50,19,404,405,-2.6373626373626373,-64.48351648351648,46.81318681318681,76.57142857142857,1.4505494505494505,0.3424657534246575,-4.66815185546875,-85.42840576171875,70.06175231933594,77.85514831542969,0.9820852279663086,-0.10305479168891907
000_box,put the box on the tray,17,0,358,13.635,1788422990.6922202,00015_front_put_the_box_on_the_tray.png,00015_wrist_put_the_box_on_the_tray.png,recap.png,50,20,405,406,-2.6373626373626373,-64.48351648351648,46.81318681318681,76.57142857142857,1.4505494505494505,0.3424657534246575,-4.3281097412109375,-81.6389389038086,67.95289611816406,77.69253540039062,1.1961727142333984,-0.039409056305885315
000_box,put the box on the tray,17,0,358,13.635,1788422990.6922202,00015_front_put_the_box_on_the_tray.png,00015_wrist_put_the_box_on_the_tray.png,recap.png,50,21,406,407,-2.6373626373626373,-64.48351648351648,46.81318681318681,76.57142857142857,1.4505494505494505,0.3424657534246575,-4.235624313354492,-77.4292984008789,65.09265899658203,77.79530334472656,1.2142877578735352,-0.039404794573783875
000_box,put the box on the tray,17,0,358,13.635,1788422990.6922202,00015_front_put_the_box_on_the_tray.png,00015_wrist_put_the_box_on_the_tray.png,recap.png,50,22,407,408,-2.6373626373626373,-64.48351648351648,46.81318681318681,76.57142857142857,1.4505494505494505,0.3424657534246575,-4.074306488037109,-74.66014099121094,62.14775848388672,77.90726470947266,1.4722719192504883,0.06862790137529373
000_box,put the box on the tray,18,1,384,14.673,1788422991.730901,00016_front_put_the_box_on_the_tray.png,00016_wrist_put_the_box_on_the_tray.png,recap.png,50,0,408,409,-4.043956043956044,-102.1978021978022,83.38461538461539,74.1978021978022,0.21978021978021978,0.4794520547945206,-1.8798789978027344,-101.70706939697266,87.10488891601562,76.72125244140625,1.460066795349121,0.14900770783424377
000_box,put the box on the tray,18,1,384,14.673,1788422991.730901,00016_front_put_the_box_on_the_tray.png,00016_wrist_put_the_box_on_the_tray.png,recap.png,50,1,409,410,-4.043956043956044,-102.1978021978022,83.38461538461539,74.1978021978022,0.21978021978021978,0.4794520547945206,-1.8296566009521484,-101.27034759521484,87.50491333007812,76.80644989013672,1.5056114196777344,0.2080341875553131
000_box,put the box on the tray,18,1,384,14.673,1788422991.730901,00016_front_put_the_box_on_the_tray.png,00016_wrist_put_the_box_on_the_tray.png,recap.png,50,2,410,411,-4.043956043956044,-102.1978021978022,83.38461538461539,74.1978021978022,0.21978021978021978,0.4794520547945206,-1.65850830078125,-101.91891479492188,87.59046936035156,76.54228210449219,1.5041065216064453,0.13047118484973907
000_box,put the box on the tray,18,1,384,14.673,1788422991.730901,00016_front_put_the_box_on_the_tray.png,00016_wrist_put_the_box_on_the_tray.png,recap.png,50,3,411,412,-4.043956043956044,-102.1978021978022,83.38461538461539,74.1978021978022,0.21978021978021978,0.4794520547945206,-1.6842269897460938,-101.65721130371094,87.51730346679688,76.7853775024414,1.450204849243164,0.20310479402542114
000_box,put the box on the tray,18,1,384,14.673,1788422991.730901,00016_front_put_the_box_on_the_tray.png,00016_wrist_put_the_box_on_the_tray.png,recap.png,50,4,412,413,-4.043956043956044,-102.1978021978022,83.38461538461539,74.1978021978022,0.21978021978021978,0.4794520547945206,-1.660451889038086,-102.158203125,87.6837158203125,76.64176940917969,1.316061019897461,0.04643973335623741
000_box,put the box on the tray,18,1,384,14.673,1788422991.730901,00016_front_put_the_box_on_the_tray.png,00016_wrist_put_the_box_on_the_tray.png,recap.png,50,5,413,414,-4.043956043956044,-102.1978021978022,83.38461538461539,74.1978021978022,0.21978021978021978,0.4794520547945206,-1.6340179443359375,-102.5305404663086,87.55047607421875,76.60808563232422,1.1200122833251953,0.1773340106010437
000_box,put the box on the tray,18,1,384,14.673,1788422991.730901,00016_front_put_the_box_on_the_tray.png,00016_wrist_put_the_box_on_the_tray.png,recap.png,50,6,414,415,-4.043956043956044,-102.1978021978022,83.38461538461539,74.1978021978022,0.21978021978021978,0.4794520547945206,-1.6905593872070312,-102.06690216064453,86.59100341796875,76.55595397949219,0.9424114227294922,0.10553950071334839
000_box,put the box on the tray,18,1,384,14.673,1788422991.730901,00016_front_put_the_box_on_the_tray.png,00016_wrist_put_the_box_on_the_tray.png,recap.png,50,7,415,416,-4.043956043956044,-102.1978021978022,83.38461538461539,74.1978021978022,0.21978021978021978,0.4794520547945206,-1.6146278381347656,-102.241455078125,87.17066955566406,76.57911682128906,0.7779331207275391,0.2377338409423828
000_box,put the box on the tray,18,1,384,14.673,1788422991.730901,00016_front_put_the_box_on_the_tray.png,00016_wrist_put_the_box_on_the_tray.png,recap.png,50,8,416,417,-4.043956043956044,-102.1978021978022,83.38461538461539,74.1978021978022,0.21978021978021978,0.4794520547945206,-1.694845199584961,-102.2662582397461,86.90766906738281,76.6297607421875,0.45116519927978516,0.08101249486207962
000_box,put the box on the tray,18,1,384,14.673,1788422991.730901,00016_front_put_the_box_on_the_tray.png,00016_wrist_put_the_box_on_the_tray.png,recap.png,50,9,417,418,-4.043956043956044,-102.1978021978022,83.38461538461539,74.1978021978022,0.21978021978021978,0.4794520547945206,-1.5120658874511719,-101.67076110839844,87.35498046875,76.59782409667969,0.3462848663330078,0.1554156243801117
000_box,put the box on the tray,18,1,384,14.673,1788422991.730901,00016_front_put_the_box_on_the_tray.png,00016_wrist_put_the_box_on_the_tray.png,recap.png,50,10,418,419,-4.043956043956044,-102.1978021978022,83.38461538461539,74.1978021978022,0.21978021978021978,0.4794520547945206,-1.565633773803711,-101.97135925292969,87.69850158691406,76.51365661621094,0.4137735366821289,-0.011224016547203064
000_box,put the box on the tray,18,1,384,14.673,1788422991.730901,00016_front_put_the_box_on_the_tray.png,00016_wrist_put_the_box_on_the_tray.png,recap.png,50,11,419,420,-4.043956043956044,-102.1978021978022,83.38461538461539,74.1978021978022,0.21978021978021978,0.4794520547945206,-1.3912906646728516,-101.38976287841797,87.27409362792969,76.62586212158203,0.2971019744873047,0.10788895934820175
000_box,put the box on the tray,18,1,384,14.673,1788422991.730901,00016_front_put_the_box_on_the_tray.png,00016_wrist_put_the_box_on_the_tray.png,recap.png,50,12,420,421,-4.043956043956044,-102.1978021978022,83.38461538461539,74.1978021978022,0.21978021978021978,0.4794520547945206,-1.1178474426269531,-101.85550689697266,87.9671630859375,76.62390899658203,0.3010425567626953,-0.1279960423707962
000_box,put the box on the tray,18,1,384,14.673,1788422991.730901,00016_front_put_the_box_on_the_tray.png,00016_wrist_put_the_box_on_the_tray.png,recap.png,50,13,421,422,-4.043956043956044,-102.1978021978022,83.38461538461539,74.1978021978022,0.21978021978021978,0.4794520547945206,-0.9742393493652344,-102.18243408203125,87.93438720703125,76.50325012207031,0.3023815155029297,0.10599834471940994
000_box,put the box on the tray,18,1,384,14.673,1788422991.730901,00016_front_put_the_box_on_the_tray.png,00016_wrist_put_the_box_on_the_tray.png,recap.png,50,14,422,423,-4.043956043956044,-102.1978021978022,83.38461538461539,74.1978021978022,0.21978021978021978,0.4794520547945206,-0.8166961669921875,-101.73017883300781,87.31155395507812,76.35877990722656,0.139068603515625,-0.01625008136034012
000_box,put the box on the tray,18,1,384,14.673,1788422991.730901,00016_front_put_the_box_on_the_tray.png,00016_wrist_put_the_box_on_the_tray.png,recap.png,50,15,423,424,-4.043956043956044,-102.1978021978022,83.38461538461539,74.1978021978022,0.21978021978021978,0.4794520547945206,-0.6662025451660156,-102.50470733642578,88.25382995605469,76.33770751953125,0.38496875762939453,0.06199800595641136
000_box,put the box on the tray,18,1,384,14.673,1788422991.730901,00016_front_put_the_box_on_the_tray.png,00016_wrist_put_the_box_on_the_tray.png,recap.png,50,16,424,425,-4.043956043956044,-102.1978021978022,83.38461538461539,74.1978021978022,0.21978021978021978,0.4794520547945206,-0.6915760040283203,-102.50456237792969,87.91970825195312,76.46724700927734,0.2670936584472656,0.06965181231498718
000_box,put the box on the tray,18,1,384,14.673,1788422991.730901,00016_front_put_the_box_on_the_tray.png,00016_wrist_put_the_box_on_the_tray.png,recap.png,50,17,425,426,-4.043956043956044,-102.1978021978022,83.38461538461539,74.1978021978022,0.21978021978021978,0.4794520547945206,-0.6453094482421875,-101.93380737304688,88.17799377441406,76.60911560058594,0.2410421371459961,-0.04144199192523956
000_box,put the box on the tray,18,1,384,14.673,1788422991.730901,00016_front_put_the_box_on_the_tray.png,00016_wrist_put_the_box_on_the_tray.png,recap.png,50,18,426,427,-4.043956043956044,-102.1978021978022,83.38461538461539,74.1978021978022,0.21978021978021978,0.4794520547945206,-0.3376884460449219,-102.2924575805664,88.04273986816406,76.45327758789062,0.2540760040283203,0.06522691994905472
000_box,put the box on the tray,18,1,384,14.673,1788422991.730901,00016_front_put_the_box_on_the_tray.png,00016_wrist_put_the_box_on_the_tray.png,recap.png,50,19,427,428,-4.043956043956044,-102.1978021978022,83.38461538461539,74.1978021978022,0.21978021978021978,0.4794520547945206,-0.6720790863037109,-101.48677825927734,87.761474609375,76.34688568115234,0.2644691467285156,-0.11588335037231445
000_box,put the box on the tray,18,1,384,14.673,1788422991.730901,00016_front_put_the_box_on_the_tray.png,00016_wrist_put_the_box_on_the_tray.png,recap.png,50,20,428,429,-4.043956043956044,-102.1978021978022,83.38461538461539,74.1978021978022,0.21978021978021978,0.4794520547945206,-0.5549468994140625,-102.42525482177734,88.12100219726562,76.41759490966797,0.14924335479736328,0.061825938522815704
000_box,put the box on the tray,18,1,384,14.673,1788422991.730901,00016_front_put_the_box_on_the_tray.png,00016_wrist_put_the_box_on_the_tray.png,recap.png,50,21,429,430,-4.043956043956044,-102.1978021978022,83.38461538461539,74.1978021978022,0.21978021978021978,0.4794520547945206,-0.6680870056152344,-101.97029113769531,88.34315490722656,76.48384857177734,0.2621297836303711,-0.0032324567437171936
000_box,put the box on the tray,18,1,384,14.673,1788422991.730901,00016_front_put_the_box_on_the_tray.png,00016_wrist_put_the_box_on_the_tray.png,recap.png,50,22,430,431,-4.043956043956044,-102.1978021978022,83.38461538461539,74.1978021978022,0.21978021978021978,0.4794520547945206,-0.2911262512207031,-102.12667846679688,87.88871765136719,76.40840148925781,0.2417430877685547,0.00712556391954422
000_box,put the box on the tray,18,1,384,14.673,1788422991.730901,00016_front_put_the_box_on_the_tray.png,00016_wrist_put_the_box_on_the_tray.png,recap.png,50,23,431,432,-4.043956043956044,-102.1978021978022,83.38461538461539,74.1978021978022,0.21978021978021978,0.4794520547945206,-0.5450820922851562,-102.86410522460938,88.0032958984375,76.3529052734375,0.3298187255859375,-0.06856700778007507
000_box,put the box on the tray,18,1,384,14.673,1788422991.730901,00016_front_put_the_box_on_the_tray.png,00016_wrist_put_the_box_on_the_tray.png,recap.png,50,24,432,433,-4.043956043956044,-102.1978021978022,83.38461538461539,74.1978021978022,0.21978021978021978,0.4794520547945206,-0.5280990600585938,-102.26925659179688,88.22238159179688,76.34368896484375,0.376678466796875,0.11437653005123138
