episode_dir,task,chunk_id,must_go,input_timestep,input_elapsed,unix_ts,front_img,wrist_img,recap_img,returned_len,exec_index,exec_timestep,exec_action_n,in_shoulder_pan.pos,in_shoulder_lift.pos,in_elbow_flex.pos,in_wrist_flex.pos,in_wrist_roll.pos,in_gripper.pos,act_shoulder_pan.pos,act_shoulder_lift.pos,act_elbow_flex.pos,act_wrist_flex.pos,act_wrist_roll.pos,act_gripper.pos
034_cylinder,put the cylinder on the tray,1,1,0,0.0,1788425007.6132092,00000_front_put_the_cylinder_on_the_tray.png,00000_wrist_put_the_cylinder_on_the_tray.png,recap.png,50,0,0,1,-4.923076923076923,-101.31868131868131,91.82417582417582,74.54945054945055,-1.098901098901099,1.5068493150684932,-4.603368759155273,-100.00933837890625,88.01065063476562,74.25520324707031,-0.7631845474243164,1.2888433933258057
034_cylinder,put the cylinder on the tray,1,1,0,0.0,1788425007.6132092,00000_front_put_the_cylinder_on_the_tray.png,00000_wrist_put_the_cylinder_on_the_tray.png,recap.png,50,1,1,2,-4.923076923076923,-101.31868131868131,91.82417582417582,74.54945054945055,-1.098901098901099,1.5068493150684932,-4.944147109985352,-99.54591369628906,87.55284118652344,74.416748046875,-0.6320505142211914,1.4121465682983398
034_cylinder,put the cylinder on the tray,1,1,0,0.0,1788425007.6132092,00000_front_put_the_cylinder_on_the_tray.png,00000_wrist_put_the_cylinder_on_the_tray.png,recap.png,50,2,2,3,-4.923076923076923,-101.31868131868131,91.82417582417582,74.54945054945055,-1.098901098901099,1.5068493150684932,-5.12928581237793,-99.87535858154297,87.79231262207031,74.16986083984375,-0.6625890731811523,1.3705041408538818
034_cylinder,put the cylinder on the tray,1,1,0,0.0,1788425007.6132092,00000_front_put_the_cylinder_on_the_tray.png,00000_wrist_put_the_cylinder_on_the_tray.png,recap.png,50,3,3,4,-4.923076923076923,-101.31868131868131,91.82417582417582,74.54945054945055,-1.098901098901099,1.5068493150684932,-5.303068161010742,-100.04000091552734,88.36529541015625,74.20227813720703,-0.6940441131591797,1.368725061416626
034_cylinder,put the cylinder on the tray,1,1,0,0.0,1788425007.6132092,00000_front_put_the_cylinder_on_the_tray.png,00000_wrist_put_the_cylinder_on_the_tray.png,recap.png,50,4,4,5,-4.923076923076923,-101.31868131868131,91.82417582417582,74.54945054945055,-1.098901098901099,1.5068493150684932,-5.609811782836914,-100.2413558959961,87.96699523925781,74.14625549316406,-0.6498546600341797,1.2335779666900635
034_cylinder,put the cylinder on the tray,1,1,0,0.0,1788425007.6132092,00000_front_put_the_cylinder_on_the_tray.png,00000_wrist_put_the_cylinder_on_the_tray.png,recap.png,50,5,5,6,-4.923076923076923,-101.31868131868131,91.82417582417582,74.54945054945055,-1.098901098901099,1.5068493150684932,-6.061767578125,-100.50774383544922,87.8876953125,74.06062316894531,-0.7001686096191406,1.3161990642547607
034_cylinder,put the cylinder on the tray,1,1,0,0.0,1788425007.6132092,00000_front_put_the_cylinder_on_the_tray.png,00000_wrist_put_the_cylinder_on_the_tray.png,recap.png,50,6,6,7,-4.923076923076923,-101.31868131868131,91.82417582417582,74.54945054945055,-1.098901098901099,1.5068493150684932,-6.30213737487793,-100.1376953125,87.76606750488281,73.89555358886719,-0.6196012496948242,1.3709852695465088
034_cylinder,put the cylinder on the tray,1,1,0,0.0,1788425007.6132092,00000_front_put_the_cylinder_on_the_tray.png,00000_wrist_put_the_cylinder_on_the_tray.png,recap.png,50,7,7,8,-4.923076923076923,-101.31868131868131,91.82417582417582,74.54945054945055,-1.098901098901099,1.5068493150684932,-6.489706039428711,-100.86382293701172,87.87216186523438,73.93782806396484,-0.6850519180297852,1.3433175086975098
034_cylinder,put the cylinder on the tray,1,1,0,0.0,1788425007.6132092,00000_front_put_the_cylinder_on_the_tray.png,00000_wrist_put_the_cylinder_on_the_tray.png,recap.png,50,8,8,9,-4.923076923076923,-101.31868131868131,91.82417582417582,74.54945054945055,-1.098901098901099,1.5068493150684932,-6.643499374389648,-100.63092041015625,87.68020629882812,73.79676055908203,-0.7717618942260742,1.2270629405975342
034_cylinder,put the cylinder on the tray,1,1,0,0.0,1788425007.6132092,00000_front_put_the_cylinder_on_the_tray.png,00000_wrist_put_the_cylinder_on_the_tray.png,recap.png,50,9,9,10,-4.923076923076923,-101.31868131868131,91.82417582417582,74.54945054945055,-1.098901098901099,1.5068493150684932,-6.924507141113281,-100.52584838867188,88.06309509277344,73.7763671875,-0.7572898864746094,1.2111413478851318
034_cylinder,put the cylinder on the tray,1,1,0,0.0,1788425007.6132092,00000_front_put_the_cylinder_on_the_tray.png,00000_wrist_put_the_cylinder_on_the_tray.png,recap.png,50,10,10,11,-4.923076923076923,-101.31868131868131,91.82417582417582,74.54945054945055,-1.098901098901099,1.5068493150684932,-7.014612197875977,-100.5145492553711,87.52957153320312,73.43515014648438,-0.8226051330566406,1.2196404933929443
034_cylinder,put the cylinder on the tray,1,1,0,0.0,1788425007.6132092,00000_front_put_the_cylinder_on_the_tray.png,00000_wrist_put_the_cylinder_on_the_tray.png,recap.png,50,11,11,12,-4.923076923076923,-101.31868131868131,91.82417582417582,74.54945054945055,-1.098901098901099,1.5068493150684932,-7.409107208251953,-100.86434173583984,87.32369995117188,73.399169921875,-0.7661342620849609,1.2807817459106445
034_cylinder,put the cylinder on the tray,1,1,0,0.0,1788425007.6132092,00000_front_put_the_cylinder_on_the_tray.png,00000_wrist_put_the_cylinder_on_the_tray.png,recap.png,50,12,12,13,-4.923076923076923,-101.31868131868131,91.82417582417582,74.54945054945055,-1.098901098901099,1.5068493150684932,-8.026506423950195,-100.1554946899414,87.03948974609375,73.27871704101562,-0.6905422210693359,1.181504249572754
034_cylinder,put the cylinder on the tray,1,1,0,0.0,1788425007.6132092,00000_front_put_the_cylinder_on_the_tray.png,00000_wrist_put_the_cylinder_on_the_tray.png,recap.png,50,13,13,14,-4.923076923076923,-101.31868131868131,91.82417582417582,74.54945054945055,-1.098901098901099,1.5068493150684932,-8.277788162231445,-100.67924499511719,87.44398498535156,72.94712829589844,-0.6720476150512695,1.2791779041290283
034_cylinder,put the cylinder on the tray,1,1,0,0.0,1788425007.6132092,00000_front_put_the_cylinder_on_the_tray.png,00000_wrist_put_the_cylinder_on_the_tray.png,recap.png,50,14,14,15,-4.923076923076923,-101.31868131868131,91.82417582417582,74.54945054945055,-1.098901098901099,1.5068493150684932,-8.857616424560547,-100.29969024658203,86.87077331542969,72.75538635253906,-0.7403326034545898,1.3057994842529297
034_cylinder,put the cylinder on the tray,1,1,0,0.0,1788425007.6132092,00000_front_put_the_cylinder_on_the_tray.png,00000_wrist_put_the_cylinder_on_the_tray.png,recap.png,50,15,15,16,-4.923076923076923,-101.31868131868131,91.82417582417582,74.54945054945055,-1.098901098901099,1.5068493150684932,-9.107673645019531,-100.01358795166016,86.94764709472656,72.30915069580078,-0.669830322265625,1.2672500610351562
034_cylinder,put the cylinder on the tray,1,1,0,0.0,1788425007.6132092,00000_front_put_the_cylinder_on_the_tray.png,00000_wrist_put_the_cylinder_on_the_tray.png,recap.png,50,16,16,17,-4.923076923076923,-101.31868131868131,91.82417582417582,74.54945054945055,-1.098901098901099,1.5068493150684932,-9.65837287902832,-100.54903411865234,87.14125061035156,72.17572021484375,-0.7351541519165039,1.2714083194732666
034_cylinder,put the cylinder on the tray,1,1,0,0.0,1788425007.6132092,00000_front_put_the_cylinder_on_the_tray.png,00000_wrist_put_the_cylinder_on_the_tray.png,recap.png,50,17,17,18,-4.923076923076923,-101.31868131868131,91.82417582417582,74.54945054945055,-1.098901098901099,1.5068493150684932,-10.37354850769043,-99.86878967285156,86.70834350585938,71.8033676147461,-0.7409477233886719,1.2321548461914062
034_cylinder,put the cylinder on the tray,1,1,0,0.0,1788425007.6132092,00000_front_put_the_cylinder_on_the_tray.png,00000_wrist_put_the_cylinder_on_the_tray.png,recap.png,50,18,18,19,-4.923076923076923,-101.31868131868131,91.82417582417582,74.54945054945055,-1.098901098901099,1.5068493150684932,-10.816352844238281,-100.6353988647461,87.18081665039062,71.69511413574219,-0.7282752990722656,1.2199697494506836
034_cylinder,put the cylinder on the tray,1,1,0,0.0,1788425007.6132092,00000_front_put_the_cylinder_on_the_tray.png,00000_wrist_put_the_cylinder_on_the_tray.png,recap.png,50,19,19,20,-4.923076923076923,-101.31868131868131,91.82417582417582,74.54945054945055,-1.098901098901099,1.5068493150684932,-11.41372299194336,-100.30256652832031,86.88911437988281,71.55197143554688,-0.767033576965332,1.1815319061279297
034_cylinder,put the cylinder on the tray,1,1,0,0.0,1788425007.6132092,00000_front_put_the_cylinder_on_the_tray.png,00000_wrist_put_the_cylinder_on_the_tray.png,recap.png,50,20,20,21,-4.923076923076923,-101.31868131868131,91.82417582417582,74.54945054945055,-1.098901098901099,1.5068493150684932,-11.944677352905273,-100.30077362060547,87.08355712890625,70.99317932128906,-0.7426738739013672,1.2046122550964355
034_cylinder,put the cylinder on the tray,1,1,0,0.0,1788425007.6132092,00000_front_put_the_cylinder_on_the_tray.png,00000_wrist_put_the_cylinder_on_the_tray.png,recap.png,50,21,21,22,-4.923076923076923,-101.31868131868131,91.82417582417582,74.54945054945055,-1.098901098901099,1.5068493150684932,-12.647903442382812,-100.5927734375,87.49186706542969,70.86200714111328,-0.8101015090942383,1.1784634590148926
034_cylinder,put the cylinder on the tray,1,1,0,0.0,1788425007.6132092,00000_front_put_the_cylinder_on_the_tray.png,00000_wrist_put_the_cylinder_on_the_tray.png,recap.png,50,22,22,23,-4.923076923076923,-101.31868131868131,91.82417582417582,74.54945054945055,-1.098901098901099,1.5068493150684932,-13.138223648071289,-100.71897888183594,86.72335815429688,70.6043701171875,-0.7145786285400391,1.2177445888519287
034_cylinder,put the cylinder on the tray,1,1,0,0.0,1788425007.6132092,00000_front_put_the_cylinder_on_the_tray.png,00000_wrist_put_the_cylinder_on_the_tray.png,recap.png,50,23,23,24,-4.923076923076923,-101.31868131868131,91.82417582417582,74.54945054945055,-1.098901098901099,1.5068493150684932,-13.70172119140625,-100.38433074951172,86.51083374023438,70.6155014038086,-0.7996311187744141,1.2066292762756348
034_cylinder,put the cylinder on the tray,1,1,0,0.0,1788425007.6132092,00000_front_put_the_cylinder_on_the_tray.png,00000_wrist_put_the_cylinder_on_the_tray.png,recap.png,50,24,24,25,-4.923076923076923,-101.31868131868131,91.82417582417582,74.54945054945055,-1.098901098901099,1.5068493150684932,-14.204730987548828,-100.76976776123047,87.11026000976562,70.4447021484375,-0.8186912536621094,1.1366713047027588
034_cylinder,put the cylinder on the tray,1,1,0,0.0,1788425007.6132092,00000_front_put_the_cylinder_on_the_tray.png,00000_wrist_put_the_cylinder_on_the_tray.png,recap.png,50,25,25,26,-4.923076923076923,-101.31868131868131,91.82417582417582,74.54945054945055,-1.098901098901099,1.5068493150684932,-14.842273712158203,-100.22515869140625,86.59332275390625,70.61183166503906,-0.7907238006591797,1.2084636688232422
034_cylinder,put the cylinder on the tray,1,1,0,0.0,1788425007.6132092,00000_front_put_the_cylinder_on_the_tray.png,00000_wrist_put_the_cylinder_on_the_tray.png,recap.png,50,26,26,27,-4.923076923076923,-101.31868131868131,91.82417582417582,74.54945054945055,-1.098901098901099,1.5068493150684932,-15.169092178344727,-100.40065002441406,86.70048522949219,70.62110900878906,-0.802342414855957,1.2530195713043213
034_cylinder,put the cylinder on the tray,1,1,0,0.0,1788425007.6132092,00000_front_put_the_cylinder_on_the_tray.png,00000_wrist_put_the_cylinder_on_the_tray.png,recap.png,50,27,27,28,-4.923076923076923,-101.31868131868131,91.82417582417582,74.54945054945055,-1.098901098901099,1.5068493150684932,-15.564105987548828,-100.60365295410156,86.66664123535156,70.7147216796875,-0.8334465026855469,1.2475495338439941
034_cylinder,put the cylinder on the tray,1,1,0,0.0,1788425007.6132092,00000_front_put_the_cylinder_on_the_tray.png,00000_wrist_put_the_cylinder_on_the_tray.png,recap.png,50,28,28,29,-4.923076923076923,-101.31868131868131,91.82417582417582,74.54945054945055,-1.098901098901099,1.5068493150684932,-15.886270523071289,-100.98052215576172,86.59675598144531,70.66705322265625,-0.8030452728271484,1.1674723625183105
034_cylinder,put the cylinder on the tray,1,1,0,0.0,1788425007.6132092,00000_front_put_the_cylinder_on_the_tray.png,00000_wrist_put_the_cylinder_on_the_tray.png,recap.png,50,29,29,30,-4.923076923076923,-101.31868131868131,91.82417582417582,74.54945054945055,-1.098901098901099,1.5068493150684932,-15.949033737182617,-100.41561126708984,86.41839599609375,70.56092071533203,-0.8098077774047852,1.2328259944915771
034_cylinder,put the cylinder on the tray,1,1,0,0.0,1788425007.6132092,00000_front_put_the_cylinder_on_the_tray.png,00000_wrist_put_the_cylinder_on_the_tray.png,recap.png,50,30,30,31,-4.923076923076923,-101.31868131868131,91.82417582417582,74.54945054945055,-1.098901098901099,1.5068493150684932,-16.305906295776367,-100.13704681396484,86.59579467773438,70.42672729492188,-0.8650283813476562,1.1095504760742188
034_cylinder,put the cylinder on the tray,2,0,3,1.807,1788425009.4239624,00001_front_put_the_cylinder_on_the_tray.png,00001_wrist_put_the_cylinder_on_the_tray.png,recap.png,50,0,31,32,-5.010989010989011,-100.0,90.76923076923077,74.54945054945055,-1.098901098901099,1.5068493150684932,-13.632640838623047,-100.0993423461914,85.03915405273438,69.01151275634766,-0.7731586694717407,1.044321894645691
034_cylinder,put the cylinder on the tray,2,0,3,1.807,1788425009.4239624,00001_front_put_the_cylinder_on_the_tray.png,00001_wrist_put_the_cylinder_on_the_tray.png,recap.png,50,1,32,33,-5.010989010989011,-100.0,90.76923076923077,74.54945054945055,-1.098901098901099,1.5068493150684932,-13.848308563232422,-100.22990417480469,84.97759246826172,69.19669342041016,-0.8178797960281372,1.0544281005859375
034_cylinder,put the cylinder on the tray,2,0,3,1.807,1788425009.4239624,00001_front_put_the_cylinder_on_the_tray.png,00001_wrist_put_the_cylinder_on_the_tray.png,recap.png,50,2,33,34,-5.010989010989011,-100.0,90.76923076923077,74.54945054945055,-1.098901098901099,1.5068493150684932,-14.170677185058594,-100.27751159667969,85.00396728515625,69.39340209960938,-0.8505992293357849,1.109815239906311
034_cylinder,put the cylinder on the tray,2,0,3,1.807,1788425009.4239624,00001_front_put_the_cylinder_on_the_tray.png,00001_wrist_put_the_cylinder_on_the_tray.png,recap.png,50,3,34,35,-5.010989010989011,-100.0,90.76923076923077,74.54945054945055,-1.098901098901099,1.5068493150684932,-14.536819458007812,-100.33740234375,84.8775863647461,69.43270874023438,-0.8452330827713013,1.0884937047958374
034_cylinder,put the cylinder on the tray,2,0,3,1.807,1788425009.4239624,00001_front_put_the_cylinder_on_the_tray.png,00001_wrist_put_the_cylinder_on_the_tray.png,recap.png,50,4,35,36,-5.010989010989011,-100.0,90.76923076923077,74.54945054945055,-1.098901098901099,1.5068493150684932,-14.71934700012207,-100.30318450927734,85.16691589355469,69.4495620727539,-0.8478819727897644,1.1388356685638428
034_cylinder,put the cylinder on the tray,2,0,3,1.807,1788425009.4239624,00001_front_put_the_cylinder_on_the_tray.png,00001_wrist_put_the_cylinder_on_the_tray.png,recap.png,50,5,36,37,-5.010989010989011,-100.0,90.76923076923077,74.54945054945055,-1.098901098901099,1.5068493150684932,-14.82437515258789,-100.32614135742188,84.8841781616211,69.43415069580078,-0.8468849658966064,0.985012412071228
034_cylinder,put the cylinder on the tray,2,0,3,1.807,1788425009.4239624,00001_front_put_the_cylinder_on_the_tray.png,00001_wrist_put_the_cylinder_on_the_tray.png,recap.png,50,6,37,38,-5.010989010989011,-100.0,90.76923076923077,74.54945054945055,-1.098901098901099,1.5068493150684932,-14.996371269226074,-100.04570007324219,85.15170288085938,69.39714813232422,-0.8417938947677612,1.085879921913147
034_cylinder,put the cylinder on the tray,2,0,3,1.807,1788425009.4239624,00001_front_put_the_cylinder_on_the_tray.png,00001_wrist_put_the_cylinder_on_the_tray.png,recap.png,50,7,38,39,-5.010989010989011,-100.0,90.76923076923077,74.54945054945055,-1.098901098901099,1.5068493150684932,-15.118461608886719,-100.21170043945312,84.75138092041016,69.52397155761719,-0.8989810347557068,0.9873267412185669
034_cylinder,put the cylinder on the tray,2,0,3,1.807,1788425009.4239624,00001_front_put_the_cylinder_on_the_tray.png,00001_wrist_put_the_cylinder_on_the_tray.png,recap.png,50,8,39,40,-5.010989010989011,-100.0,90.76923076923077,74.54945054945055,-1.098901098901099,1.5068493150684932,-15.21287727355957,-100.07089233398438,84.34097290039062,69.58370971679688,-0.8814246654510498,0.9605427384376526
034_cylinder,put the cylinder on the tray,2,0,3,1.807,1788425009.4239624,00001_front_put_the_cylinder_on_the_tray.png,00001_wrist_put_the_cylinder_on_the_tray.png,recap.png,50,9,40,41,-5.010989010989011,-100.0,90.76923076923077,74.54945054945055,-1.098901098901099,1.5068493150684932,-15.54392147064209,-100.14837646484375,84.17027282714844,69.646240234375,-0.9501067996025085,0.9814639091491699
034_cylinder,put the cylinder on the tray,2,0,3,1.807,1788425009.4239624,00001_front_put_the_cylinder_on_the_tray.png,00001_wrist_put_the_cylinder_on_the_tray.png,recap.png,50,10,41,42,-5.010989010989011,-100.0,90.76923076923077,74.54945054945055,-1.098901098901099,1.5068493150684932,-15.587608337402344,-100.15274810791016,84.64366149902344,69.79669189453125,-0.9670186042785645,1.10172700881958
034_cylinder,put the cylinder on the tray,2,0,3,1.807,1788425009.4239624,00001_front_put_the_cylinder_on_the_tray.png,00001_wrist_put_the_cylinder_on_the_tray.png,recap.png,50,11,42,43,-5.010989010989011,-100.0,90.76923076923077,74.54945054945055,-1.098901098901099,1.5068493150684932,-15.934179306030273,-100.16073608398438,84.4390869140625,69.67060089111328,-1.0467674732208252,1.0452970266342163
034_cylinder,put the cylinder on the tray,2,0,3,1.807,1788425009.4239624,00001_front_put_the_cylinder_on_the_tray.png,00001_wrist_put_the_cylinder_on_the_tray.png,recap.png,50,12,43,44,-5.010989010989011,-100.0,90.76923076923077,74.54945054945055,-1.098901098901099,1.5068493150684932,-16.11442756652832,-100.22909545898438,84.092041015625,69.86576080322266,-1.156810998916626,0.9050575494766235
034_cylinder,put the cylinder on the tray,2,0,3,1.807,1788425009.4239624,00001_front_put_the_cylinder_on_the_tray.png,00001_wrist_put_the_cylinder_on_the_tray.png,recap.png,50,13,44,45,-5.010989010989011,-100.0,90.76923076923077,74.54945054945055,-1.098901098901099,1.5068493150684932,-16.35824203491211,-100.06291198730469,83.57792663574219,69.8358154296875,-1.226830244064331,0.9531517028808594
034_cylinder,put the cylinder on the tray,2,0,3,1.807,1788425009.4239624,00001_front_put_the_cylinder_on_the_tray.png,00001_wrist_put_the_cylinder_on_the_tray.png,recap.png,50,14,45,46,-5.010989010989011,-100.0,90.76923076923077,74.54945054945055,-1.098901098901099,1.5068493150684932,-16.432802200317383,-100.04737854003906,83.3978271484375,70.00019073486328,-1.524609088897705,0.9908396601676941
034_cylinder,put the cylinder on the tray,2,0,3,1.807,1788425009.4239624,00001_front_put_the_cylinder_on_the_tray.png,00001_wrist_put_the_cylinder_on_the_tray.png,recap.png,50,15,46,47,-5.010989010989011,-100.0,90.76923076923077,74.54945054945055,-1.098901098901099,1.5068493150684932,-16.491809844970703,-100.43820190429688,83.6203842163086,69.9042739868164,-1.6803433895111084,1.0461218357086182
034_cylinder,put the cylinder on the tray,2,0,3,1.807,1788425009.4239624,00001_front_put_the_cylinder_on_the_tray.png,00001_wrist_put_the_cylinder_on_the_tray.png,recap.png,50,16,47,48,-5.010989010989011,-100.0,90.76923076923077,74.54945054945055,-1.098901098901099,1.5068493150684932,-16.610960006713867,-100.18791198730469,83.34420776367188,69.85575103759766,-1.93391752243042,0.8886803388595581
034_cylinder,put the cylinder on the tray,2,0,3,1.807,1788425009.4239624,00001_front_put_the_cylinder_on_the_tray.png,00001_wrist_put_the_cylinder_on_the_tray.png,recap.png,50,17,48,49,-5.010989010989011,-100.0,90.76923076923077,74.54945054945055,-1.098901098901099,1.5068493150684932,-16.575580596923828,-100.26342010498047,83.40510559082031,69.78449249267578,-2.005955219268799,1.032055139541626
034_cylinder,put the cylinder on the tray,2,0,3,1.807,1788425009.4239624,00001_front_put_the_cylinder_on_the_tray.png,00001_wrist_put_the_cylinder_on_the_tray.png,recap.png,50,18,49,50,-5.010989010989011,-100.0,90.76923076923077,74.54945054945055,-1.098901098901099,1.5068493150684932,-16.853471755981445,-99.92147827148438,83.2948226928711,69.77825164794922,-2.1738853454589844,0.9018938541412354
034_cylinder,put the cylinder on the tray,2,0,3,1.807,1788425009.4239624,00001_front_put_the_cylinder_on_the_tray.png,00001_wrist_put_the_cylinder_on_the_tray.png,recap.png,50,19,50,51,-5.010989010989011,-100.0,90.76923076923077,74.54945054945055,-1.098901098901099,1.5068493150684932,-15.142923355102539,-99.48828887939453,81.97837829589844,69.44764709472656,-1.5707721710205078,0.9807136058807373
034_cylinder,put the cylinder on the tray,2,0,3,1.807,1788425009.4239624,00001_front_put_the_cylinder_on_the_tray.png,00001_wrist_put_the_cylinder_on_the_tray.png,recap.png,50,20,51,52,-5.010989010989011,-100.0,90.76923076923077,74.54945054945055,-1.098901098901099,1.5068493150684932,-15.17281723022461,-99.68281555175781,82.09626770019531,69.3487319946289,-1.8257408142089844,0.93828946352005
034_cylinder,put the cylinder on the tray,2,0,3,1.807,1788425009.4239624,00001_front_put_the_cylinder_on_the_tray.png,00001_wrist_put_the_cylinder_on_the_tray.png,recap.png,50,21,52,53,-5.010989010989011,-100.0,90.76923076923077,74.54945054945055,-1.098901098901099,1.5068493150684932,-15.332452774047852,-99.91079711914062,82.10554504394531,69.19093322753906,-2.125393867492676,0.9102584719657898
034_cylinder,put the cylinder on the tray,3,0,30,2.71,1788425010.3255572,00002_front_put_the_cylinder_on_the_tray.png,00002_wrist_put_the_cylinder_on_the_tray.png,recap.png,50,0,53,54,-15.56043956043956,-100.43956043956044,89.01098901098901,71.38461538461539,-1.098901098901099,1.5068493150684932,-21.174049377441406,-100.47569274902344,84.7628173828125,67.3173599243164,-1.2773237228393555,1.3591487407684326
034_cylinder,put the cylinder on the tray,3,0,30,2.71,1788425010.3255572,00002_front_put_the_cylinder_on_the_tray.png,00002_wrist_put_the_cylinder_on_the_tray.png,recap.png,50,1,54,55,-15.56043956043956,-100.43956043956044,89.01098901098901,71.38461538461539,-1.098901098901099,1.5068493150684932,-20.981334686279297,-99.8786849975586,84.67054748535156,67.22209167480469,-1.268930435180664,1.2294049263000488
034_cylinder,put the cylinder on the tray,3,0,30,2.71,1788425010.3255572,00002_front_put_the_cylinder_on_the_tray.png,00002_wrist_put_the_cylinder_on_the_tray.png,recap.png,50,2,55,56,-15.56043956043956,-100.43956043956044,89.01098901098901,71.38461538461539,-1.098901098901099,1.5068493150684932,-20.829345703125,-100.1677017211914,84.36384582519531,67.30829620361328,-1.1773309707641602,1.2553529739379883
034_cylinder,put the cylinder on the tray,3,0,30,2.71,1788425010.3255572,00002_front_put_the_cylinder_on_the_tray.png,00002_wrist_put_the_cylinder_on_the_tray.png,recap.png,50,3,56,57,-15.56043956043956,-100.43956043956044,89.01098901098901,71.38461538461539,-1.098901098901099,1.5068493150684932,-20.704519271850586,-100.31257629394531,84.26896667480469,67.09187316894531,-1.2513561248779297,1.1621265411376953
034_cylinder,put the cylinder on the tray,3,0,30,2.71,1788425010.3255572,00002_front_put_the_cylinder_on_the_tray.png,00002_wrist_put_the_cylinder_on_the_tray.png,recap.png,50,4,57,58,-15.56043956043956,-100.43956043956044,89.01098901098901,71.38461538461539,-1.098901098901099,1.5068493150684932,-20.719257354736328,-100.21273803710938,84.4542236328125,67.0535659790039,-1.2055730819702148,1.316324234008789
034_cylinder,put the cylinder on the tray,3,0,30,2.71,1788425010.3255572,00002_front_put_the_cylinder_on_the_tray.png,00002_wrist_put_the_cylinder_on_the_tray.png,recap.png,50,5,58,59,-15.56043956043956,-100.43956043956044,89.01098901098901,71.38461538461539,-1.098901098901099,1.5068493150684932,-20.573516845703125,-100.45865631103516,83.93942260742188,66.99510192871094,-1.284235954284668,1.329331398010254
034_cylinder,put the cylinder on the tray,3,0,30,2.71,1788425010.3255572,00002_front_put_the_cylinder_on_the_tray.png,00002_wrist_put_the_cylinder_on_the_tray.png,recap.png,50,6,59,60,-15.56043956043956,-100.43956043956044,89.01098901098901,71.38461538461539,-1.098901098901099,1.5068493150684932,-20.77768325805664,-100.9137191772461,83.99790954589844,67.00267028808594,-1.145003318786621,1.2300209999084473
034_cylinder,put the cylinder on the tray,3,0,30,2.71,1788425010.3255572,00002_front_put_the_cylinder_on_the_tray.png,00002_wrist_put_the_cylinder_on_the_tray.png,recap.png,50,7,60,61,-15.56043956043956,-100.43956043956044,89.01098901098901,71.38461538461539,-1.098901098901099,1.5068493150684932,-20.888532638549805,-100.0426025390625,84.424560546875,67.09303283691406,-1.251948356628418,1.2558448314666748
034_cylinder,put the cylinder on the tray,3,0,30,2.71,1788425010.3255572,00002_front_put_the_cylinder_on_the_tray.png,00002_wrist_put_the_cylinder_on_the_tray.png,recap.png,50,8,61,62,-15.56043956043956,-100.43956043956044,89.01098901098901,71.38461538461539,-1.098901098901099,1.5068493150684932,-20.870037078857422,-100.06829071044922,83.99125671386719,67.17524719238281,-1.3361425399780273,1.3758625984191895
034_cylinder,put the cylinder on the tray,3,0,30,2.71,1788425010.3255572,00002_front_put_the_cylinder_on_the_tray.png,00002_wrist_put_the_cylinder_on_the_tray.png,recap.png,50,9,62,63,-15.56043956043956,-100.43956043956044,89.01098901098901,71.38461538461539,-1.098901098901099,1.5068493150684932,-20.965051651000977,-100.50127410888672,83.63629150390625,67.22328186035156,-1.3538932800292969,1.3462724685668945
034_cylinder,put the cylinder on the tray,3,0,30,2.71,1788425010.3255572,00002_front_put_the_cylinder_on_the_tray.png,00002_wrist_put_the_cylinder_on_the_tray.png,recap.png,50,10,63,64,-15.56043956043956,-100.43956043956044,89.01098901098901,71.38461538461539,-1.098901098901099,1.5068493150684932,-21.089946746826172,-101.14712524414062,83.23890686035156,67.09778594970703,-1.2217721939086914,1.2968902587890625
034_cylinder,put the cylinder on the tray,3,0,30,2.71,1788425010.3255572,00002_front_put_the_cylinder_on_the_tray.png,00002_wrist_put_the_cylinder_on_the_tray.png,recap.png,50,11,64,65,-15.56043956043956,-100.43956043956044,89.01098901098901,71.38461538461539,-1.098901098901099,1.5068493150684932,-21.063373565673828,-100.30014038085938,83.22586059570312,67.1335220336914,-1.4211759567260742,1.3225345611572266
034_cylinder,put the cylinder on the tray,3,0,30,2.71,1788425010.3255572,00002_front_put_the_cylinder_on_the_tray.png,00002_wrist_put_the_cylinder_on_the_tray.png,recap.png,50,12,65,66,-15.56043956043956,-100.43956043956044,89.01098901098901,71.38461538461539,-1.098901098901099,1.5068493150684932,-21.26252555847168,-99.93030548095703,82.98635864257812,67.00798797607422,-1.4727191925048828,1.2840352058410645
034_cylinder,put the cylinder on the tray,3,0,30,2.71,1788425010.3255572,00002_front_put_the_cylinder_on_the_tray.png,00002_wrist_put_the_cylinder_on_the_tray.png,recap.png,50,13,66,67,-15.56043956043956,-100.43956043956044,89.01098901098901,71.38461538461539,-1.098901098901099,1.5068493150684932,-21.63349151611328,-100.45796966552734,83.45295715332031,67.11150360107422,-1.5519943237304688,1.3090910911560059
034_cylinder,put the cylinder on the tray,3,0,30,2.71,1788425010.3255572,00002_front_put_the_cylinder_on_the_tray.png,00002_wrist_put_the_cylinder_on_the_tray.png,recap.png,50,14,67,68,-15.56043956043956,-100.43956043956044,89.01098901098901,71.38461538461539,-1.098901098901099,1.5068493150684932,-21.880327224731445,-100.27058410644531,83.41108703613281,67.06072998046875,-1.563547134399414,1.2427973747253418
034_cylinder,put the cylinder on the tray,3,0,30,2.71,1788425010.3255572,00002_front_put_the_cylinder_on_the_tray.png,00002_wrist_put_the_cylinder_on_the_tray.png,recap.png,50,15,68,69,-15.56043956043956,-100.43956043956044,89.01098901098901,71.38461538461539,-1.098901098901099,1.5068493150684932,-22.13959503173828,-100.0661849975586,82.89749145507812,66.82864379882812,-1.7252998352050781,1.2295312881469727
034_cylinder,put the cylinder on the tray,3,0,30,2.71,1788425010.3255572,00002_front_put_the_cylinder_on_the_tray.png,00002_wrist_put_the_cylinder_on_the_tray.png,recap.png,50,16,69,70,-15.56043956043956,-100.43956043956044,89.01098901098901,71.38461538461539,-1.098901098901099,1.5068493150684932,-22.728836059570312,-99.27018737792969,82.81904602050781,66.46553039550781,-1.9287986755371094,1.138317584991455
034_cylinder,put the cylinder on the tray,3,0,30,2.71,1788425010.3255572,00002_front_put_the_cylinder_on_the_tray.png,00002_wrist_put_the_cylinder_on_the_tray.png,recap.png,50,17,70,71,-15.56043956043956,-100.43956043956044,89.01098901098901,71.38461538461539,-1.098901098901099,1.5068493150684932,-22.797279357910156,-99.30205535888672,81.958984375,66.39572143554688,-2.2585630416870117,1.2897143363952637
034_cylinder,put the cylinder on the tray,3,0,30,2.71,1788425010.3255572,00002_front_put_the_cylinder_on_the_tray.png,00002_wrist_put_the_cylinder_on_the_tray.png,recap.png,50,18,71,72,-15.56043956043956,-100.43956043956044,89.01098901098901,71.38461538461539,-1.098901098901099,1.5068493150684932,-23.18722152709961,-99.39973449707031,82.7882080078125,66.49481964111328,-2.7157278060913086,1.2198255062103271
034_cylinder,put the cylinder on the tray,3,0,30,2.71,1788425010.3255572,00002_front_put_the_cylinder_on_the_tray.png,00002_wrist_put_the_cylinder_on_the_tray.png,recap.png,50,19,72,73,-15.56043956043956,-100.43956043956044,89.01098901098901,71.38461538461539,-1.098901098901099,1.5068493150684932,-23.391464233398438,-99.10966491699219,81.85597229003906,66.20465087890625,-3.1952104568481445,1.0778253078460693
034_cylinder,put the cylinder on the tray,3,0,30,2.71,1788425010.3255572,00002_front_put_the_cylinder_on_the_tray.png,00002_wrist_put_the_cylinder_on_the_tray.png,recap.png,50,20,73,74,-15.56043956043956,-100.43956043956044,89.01098901098901,71.38461538461539,-1.098901098901099,1.5068493150684932,-23.11493682861328,-98.29236602783203,81.83465576171875,65.87623596191406,-3.6588134765625,1.0715172290802002
034_cylinder,put the cylinder on the tray,3,0,30,2.71,1788425010.3255572,00002_front_put_the_cylinder_on_the_tray.png,00002_wrist_put_the_cylinder_on_the_tray.png,recap.png,50,21,74,75,-15.56043956043956,-100.43956043956044,89.01098901098901,71.38461538461539,-1.098901098901099,1.5068493150684932,-23.032745361328125,-98.30331420898438,81.45811462402344,65.41960906982422,-3.973848342895508,1.061750888824463
034_cylinder,put the cylinder on the tray,3,0,30,2.71,1788425010.3255572,00002_front_put_the_cylinder_on_the_tray.png,00002_wrist_put_the_cylinder_on_the_tray.png,recap.png,50,22,75,76,-15.56043956043956,-100.43956043956044,89.01098901098901,71.38461538461539,-1.098901098901099,1.5068493150684932,-22.868677139282227,-96.78438568115234,81.30851745605469,65.31189727783203,-4.1037139892578125,1.1500489711761475
034_cylinder,put the cylinder on the tray,3,0,30,2.71,1788425010.3255572,00002_front_put_the_cylinder_on_the_tray.png,00002_wrist_put_the_cylinder_on_the_tray.png,recap.png,50,23,76,77,-15.56043956043956,-100.43956043956044,89.01098901098901,71.38461538461539,-1.098901098901099,1.5068493150684932,-23.00220489501953,-95.37200164794922,80.94145202636719,64.68524932861328,-4.308677673339844,1.06477689743042
034_cylinder,put the cylinder on the tray,4,1,52,3.445,1788425011.0603755,00003_front_put_the_cylinder_on_the_tray.png,00003_wrist_put_the_cylinder_on_the_tray.png,recap.png,50,0,77,78,-16.0,-99.82417582417582,85.14285714285714,70.41758241758242,-1.4505494505494505,1.095890410958904,-23.21354866027832,-93.52217864990234,77.77104949951172,65.90971374511719,-3.2716140747070312,1.2577695846557617
034_cylinder,put the cylinder on the tray,4,1,52,3.445,1788425011.0603755,00003_front_put_the_cylinder_on_the_tray.png,00003_wrist_put_the_cylinder_on_the_tray.png,recap.png,50,1,78,79,-16.0,-99.82417582417582,85.14285714285714,70.41758241758242,-1.4505494505494505,1.095890410958904,-23.048828125,-93.22918701171875,77.18193054199219,65.5156021118164,-3.781167984008789,1.0987379550933838
034_cylinder,put the cylinder on the tray,4,1,52,3.445,1788425011.0603755,00003_front_put_the_cylinder_on_the_tray.png,00003_wrist_put_the_cylinder_on_the_tray.png,recap.png,50,2,79,80,-16.0,-99.82417582417582,85.14285714285714,70.41758241758242,-1.4505494505494505,1.095890410958904,-22.964738845825195,-92.49293518066406,77.14451599121094,65.2998275756836,-4.478116035461426,1.2125332355499268
034_cylinder,put the cylinder on the tray,4,1,52,3.445,1788425011.0603755,00003_front_put_the_cylinder_on_the_tray.png,00003_wrist_put_the_cylinder_on_the_tray.png,recap.png,50,3,80,81,-16.0,-99.82417582417582,85.14285714285714,70.41758241758242,-1.4505494505494505,1.095890410958904,-23.433061599731445,-92.47954559326172,75.69029235839844,65.61282348632812,-5.211368083953857,1.261735439300537
034_cylinder,put the cylinder on the tray,4,1,52,3.445,1788425011.0603755,00003_front_put_the_cylinder_on_the_tray.png,00003_wrist_put_the_cylinder_on_the_tray.png,recap.png,50,4,81,82,-16.0,-99.82417582417582,85.14285714285714,70.41758241758242,-1.4505494505494505,1.095890410958904,-23.039859771728516,-91.84160614013672,75.464111328125,65.3018569946289,-5.975465774536133,1.1495742797851562
034_cylinder,put the cylinder on the tray,4,1,52,3.445,1788425011.0603755,00003_front_put_the_cylinder_on_the_tray.png,00003_wrist_put_the_cylinder_on_the_tray.png,recap.png,50,5,82,83,-16.0,-99.82417582417582,85.14285714285714,70.41758241758242,-1.4505494505494505,1.095890410958904,-22.914655685424805,-90.54834747314453,74.97518920898438,64.99869537353516,-6.437641620635986,1.0342200994491577
034_cylinder,put the cylinder on the tray,4,1,52,3.445,1788425011.0603755,00003_front_put_the_cylinder_on_the_tray.png,00003_wrist_put_the_cylinder_on_the_tray.png,recap.png,50,6,83,84,-16.0,-99.82417582417582,85.14285714285714,70.41758241758242,-1.4505494505494505,1.095890410958904,-23.061098098754883,-90.67527770996094,74.25010681152344,64.82205200195312,-6.618083953857422,1.0308818817138672
034_cylinder,put the cylinder on the tray,4,1,52,3.445,1788425011.0603755,00003_front_put_the_cylinder_on_the_tray.png,00003_wrist_put_the_cylinder_on_the_tray.png,recap.png,50,7,84,85,-16.0,-99.82417582417582,85.14285714285714,70.41758241758242,-1.4505494505494505,1.095890410958904,-22.791833877563477,-88.57161712646484,73.59501647949219,64.3356704711914,-6.896043300628662,0.9587283134460449
034_cylinder,put the cylinder on the tray,4,1,52,3.445,1788425011.0603755,00003_front_put_the_cylinder_on_the_tray.png,00003_wrist_put_the_cylinder_on_the_tray.png,recap.png,50,8,85,86,-16.0,-99.82417582417582,85.14285714285714,70.41758241758242,-1.4505494505494505,1.095890410958904,-23.21326446533203,-87.05154418945312,72.94448852539062,64.50589752197266,-6.691220283508301,1.3016507625579834
034_cylinder,put the cylinder on the tray,4,1,52,3.445,1788425011.0603755,00003_front_put_the_cylinder_on_the_tray.png,00003_wrist_put_the_cylinder_on_the_tray.png,recap.png,50,9,86,87,-16.0,-99.82417582417582,85.14285714285714,70.41758241758242,-1.4505494505494505,1.095890410958904,-22.802474975585938,-86.9420166015625,72.46394348144531,63.9215202331543,-6.59955358505249,1.010254979133606
034_cylinder,put the cylinder on the tray,4,1,52,3.445,1788425011.0603755,00003_front_put_the_cylinder_on_the_tray.png,00003_wrist_put_the_cylinder_on_the_tray.png,recap.png,50,10,87,88,-16.0,-99.82417582417582,85.14285714285714,70.41758241758242,-1.4505494505494505,1.095890410958904,-22.94614028930664,-85.29660034179688,71.66577911376953,63.699832916259766,-6.338409900665283,1.199944257736206
034_cylinder,put the cylinder on the tray,4,1,52,3.445,1788425011.0603755,00003_front_put_the_cylinder_on_the_tray.png,00003_wrist_put_the_cylinder_on_the_tray.png,recap.png,50,11,88,89,-16.0,-99.82417582417582,85.14285714285714,70.41758241758242,-1.4505494505494505,1.095890410958904,-22.920215606689453,-84.533203125,71.05335235595703,63.61532974243164,-6.1569390296936035,1.0257251262664795
034_cylinder,put the cylinder on the tray,4,1,52,3.445,1788425011.0603755,00003_front_put_the_cylinder_on_the_tray.png,00003_wrist_put_the_cylinder_on_the_tray.png,recap.png,50,12,89,90,-16.0,-99.82417582417582,85.14285714285714,70.41758241758242,-1.4505494505494505,1.095890410958904,-22.77646255493164,-83.14398193359375,70.06623840332031,63.42347717285156,-5.952605724334717,0.8831101059913635
034_cylinder,put the cylinder on the tray,4,1,52,3.445,1788425011.0603755,00003_front_put_the_cylinder_on_the_tray.png,00003_wrist_put_the_cylinder_on_the_tray.png,recap.png,50,13,90,91,-16.0,-99.82417582417582,85.14285714285714,70.41758241758242,-1.4505494505494505,1.095890410958904,-22.986080169677734,-82.25700378417969,69.86119842529297,63.448707580566406,-5.972717761993408,0.9148182272911072
034_cylinder,put the cylinder on the tray,4,1,52,3.445,1788425011.0603755,00003_front_put_the_cylinder_on_the_tray.png,00003_wrist_put_the_cylinder_on_the_tray.png,recap.png,50,14,91,92,-16.0,-99.82417582417582,85.14285714285714,70.41758241758242,-1.4505494505494505,1.095890410958904,-22.938411712646484,-80.55414581298828,67.79844665527344,63.247196197509766,-6.055488586425781,0.7891699075698853
034_cylinder,put the cylinder on the tray,4,1,52,3.445,1788425011.0603755,00003_front_put_the_cylinder_on_the_tray.png,00003_wrist_put_the_cylinder_on_the_tray.png,recap.png,50,15,92,93,-16.0,-99.82417582417582,85.14285714285714,70.41758241758242,-1.4505494505494505,1.095890410958904,-22.838809967041016,-79.62618255615234,67.17559814453125,63.036842346191406,-6.079608917236328,0.8450619578361511
034_cylinder,put the cylinder on the tray,4,1,52,3.445,1788425011.0603755,00003_front_put_the_cylinder_on_the_tray.png,00003_wrist_put_the_cylinder_on_the_tray.png,recap.png,50,16,93,94,-16.0,-99.82417582417582,85.14285714285714,70.41758241758242,-1.4505494505494505,1.095890410958904,-22.535602569580078,-78.14816284179688,66.55097198486328,63.168418884277344,-6.122696399688721,0.8951951265335083
034_cylinder,put the cylinder on the tray,4,1,52,3.445,1788425011.0603755,00003_front_put_the_cylinder_on_the_tray.png,00003_wrist_put_the_cylinder_on_the_tray.png,recap.png,50,17,94,95,-16.0,-99.82417582417582,85.14285714285714,70.41758241758242,-1.4505494505494505,1.095890410958904,-22.63077163696289,-77.85381317138672,65.70075225830078,62.925453186035156,-6.16799783706665,0.7958921790122986
034_cylinder,put the cylinder on the tray,4,1,52,3.445,1788425011.0603755,00003_front_put_the_cylinder_on_the_tray.png,00003_wrist_put_the_cylinder_on_the_tray.png,recap.png,50,18,95,96,-16.0,-99.82417582417582,85.14285714285714,70.41758241758242,-1.4505494505494505,1.095890410958904,-22.307815551757812,-76.92156219482422,65.46587371826172,62.92442321777344,-6.225870132446289,0.9390127658843994
034_cylinder,put the cylinder on the tray,4,1,52,3.445,1788425011.0603755,00003_front_put_the_cylinder_on_the_tray.png,00003_wrist_put_the_cylinder_on_the_tray.png,recap.png,50,19,96,97,-16.0,-99.82417582417582,85.14285714285714,70.41758241758242,-1.4505494505494505,1.095890410958904,-21.989240646362305,-75.64454650878906,64.61209106445312,62.788246154785156,-6.087774276733398,1.0080595016479492
034_cylinder,put the cylinder on the tray,4,1,52,3.445,1788425011.0603755,00003_front_put_the_cylinder_on_the_tray.png,00003_wrist_put_the_cylinder_on_the_tray.png,recap.png,50,20,97,98,-16.0,-99.82417582417582,85.14285714285714,70.41758241758242,-1.4505494505494505,1.095890410958904,-22.041080474853516,-74.20494842529297,63.603004455566406,62.615657806396484,-5.984154224395752,0.876502513885498
034_cylinder,put the cylinder on the tray,4,1,52,3.445,1788425011.0603755,00003_front_put_the_cylinder_on_the_tray.png,00003_wrist_put_the_cylinder_on_the_tray.png,recap.png,50,21,98,99,-16.0,-99.82417582417582,85.14285714285714,70.41758241758242,-1.4505494505494505,1.095890410958904,-21.999755859375,-73.88077545166016,64.075439453125,62.57796859741211,-5.813241004943848,0.83360356092453
034_cylinder,put the cylinder on the tray,4,1,52,3.445,1788425011.0603755,00003_front_put_the_cylinder_on_the_tray.png,00003_wrist_put_the_cylinder_on_the_tray.png,recap.png,50,22,99,100,-16.0,-99.82417582417582,85.14285714285714,70.41758241758242,-1.4505494505494505,1.095890410958904,-21.846771240234375,-73.09075164794922,63.70587158203125,62.52358627319336,-5.547449588775635,0.7082133293151855
034_cylinder,put the cylinder on the tray,4,1,52,3.445,1788425011.0603755,00003_front_put_the_cylinder_on_the_tray.png,00003_wrist_put_the_cylinder_on_the_tray.png,recap.png,50,23,100,101,-16.0,-99.82417582417582,85.14285714285714,70.41758241758242,-1.4505494505494505,1.095890410958904,-21.61542320251465,-72.19363403320312,62.53874206542969,62.376708984375,-5.684607028961182,0.9167662262916565
034_cylinder,put the cylinder on the tray,4,1,52,3.445,1788425011.0603755,00003_front_put_the_cylinder_on_the_tray.png,00003_wrist_put_the_cylinder_on_the_tray.png,recap.png,50,24,101,102,-16.0,-99.82417582417582,85.14285714285714,70.41758241758242,-1.4505494505494505,1.095890410958904,-21.5800838470459,-70.80765533447266,62.719261169433594,62.52263259887695,-5.662843227386475,0.7957848906517029
034_cylinder,put the cylinder on the tray,5,0,76,4.415,1788425012.0322375,00004_front_put_the_cylinder_on_the_tray.png,00004_wrist_put_the_cylinder_on_the_tray.png,recap.png,50,0,102,103,-22.945054945054945,-98.85714285714286,84.08791208791209,66.72527472527473,-3.208791208791209,1.095890410958904,-31.426883697509766,-88.03607177734375,73.85704040527344,61.28129577636719,-5.109461307525635,0.935347318649292
034_cylinder,put the cylinder on the tray,5,0,76,4.415,1788425012.0322375,00004_front_put_the_cylinder_on_the_tray.png,00004_wrist_put_the_cylinder_on_the_tray.png,recap.png,50,1,103,104,-22.945054945054945,-98.85714285714286,84.08791208791209,66.72527472527473,-3.208791208791209,1.095890410958904,-31.55340003967285,-87.04996490478516,73.20054626464844,60.689125061035156,-5.345584392547607,0.97232586145401
034_cylinder,put the cylinder on the tray,5,0,76,4.415,1788425012.0322375,00004_front_put_the_cylinder_on_the_tray.png,00004_wrist_put_the_cylinder_on_the_tray.png,recap.png,50,2,104,105,-22.945054945054945,-98.85714285714286,84.08791208791209,66.72527472527473,-3.208791208791209,1.095890410958904,-31.43645668029785,-86.37013244628906,72.28366088867188,60.71567153930664,-5.7180633544921875,1.0383996963500977
034_cylinder,put the cylinder on the tray,5,0,76,4.415,1788425012.0322375,00004_front_put_the_cylinder_on_the_tray.png,00004_wrist_put_the_cylinder_on_the_tray.png,recap.png,50,3,105,106,-22.945054945054945,-98.85714285714286,84.08791208791209,66.72527472527473,-3.208791208791209,1.095890410958904,-31.265214920043945,-84.83045959472656,72.34835815429688,60.20507049560547,-6.063787937164307,0.7837763428688049
034_cylinder,put the cylinder on the tray,5,0,76,4.415,1788425012.0322375,00004_front_put_the_cylinder_on_the_tray.png,00004_wrist_put_the_cylinder_on_the_tray.png,recap.png,50,4,106,107,-22.945054945054945,-98.85714285714286,84.08791208791209,66.72527472527473,-3.208791208791209,1.095890410958904,-31.62148666381836,-83.48779296875,70.36078643798828,60.12227249145508,-6.435215950012207,0.7384451031684875
034_cylinder,put the cylinder on the tray,5,0,76,4.415,1788425012.0322375,00004_front_put_the_cylinder_on_the_tray.png,00004_wrist_put_the_cylinder_on_the_tray.png,recap.png,50,5,107,108,-22.945054945054945,-98.85714285714286,84.08791208791209,66.72527472527473,-3.208791208791209,1.095890410958904,-31.59037971496582,-81.7503433227539,69.84290313720703,59.795875549316406,-6.5988993644714355,0.7500883340835571
034_cylinder,put the cylinder on the tray,5,0,76,4.415,1788425012.0322375,00004_front_put_the_cylinder_on_the_tray.png,00004_wrist_put_the_cylinder_on_the_tray.png,recap.png,50,6,108,109,-22.945054945054945,-98.85714285714286,84.08791208791209,66.72527472527473,-3.208791208791209,1.095890410958904,-31.826017379760742,-80.62751007080078,69.52765655517578,59.27916717529297,-6.834692001342773,0.6261085867881775
034_cylinder,put the cylinder on the tray,5,0,76,4.415,1788425012.0322375,00004_front_put_the_cylinder_on_the_tray.png,00004_wrist_put_the_cylinder_on_the_tray.png,recap.png,50,7,109,110,-22.945054945054945,-98.85714285714286,84.08791208791209,66.72527472527473,-3.208791208791209,1.095890410958904,-31.819637298583984,-78.58745574951172,68.19094848632812,58.850467681884766,-6.911416053771973,0.7442348599433899
034_cylinder,put the cylinder on the tray,5,0,76,4.415,1788425012.0322375,00004_front_put_the_cylinder_on_the_tray.png,00004_wrist_put_the_cylinder_on_the_tray.png,recap.png,50,8,110,111,-22.945054945054945,-98.85714285714286,84.08791208791209,66.72527472527473,-3.208791208791209,1.095890410958904,-31.860872268676758,-76.58028411865234,68.18109893798828,58.22932434082031,-6.881805419921875,0.6587674021720886
034_cylinder,put the cylinder on the tray,5,0,76,4.415,1788425012.0322375,00004_front_put_the_cylinder_on_the_tray.png,00004_wrist_put_the_cylinder_on_the_tray.png,recap.png,50,9,111,112,-22.945054945054945,-98.85714285714286,84.08791208791209,66.72527472527473,-3.208791208791209,1.095890410958904,-31.844099044799805,-75.2815933227539,67.26786041259766,57.65419006347656,-6.98157262802124,0.6570828557014465
034_cylinder,put the cylinder on the tray,5,0,76,4.415,1788425012.0322375,00004_front_put_the_cylinder_on_the_tray.png,00004_wrist_put_the_cylinder_on_the_tray.png,recap.png,50,10,112,113,-22.945054945054945,-98.85714285714286,84.08791208791209,66.72527472527473,-3.208791208791209,1.095890410958904,-31.97057342529297,-73.82398986816406,66.83638763427734,57.494171142578125,-7.062166213989258,0.7369145750999451
034_cylinder,put the cylinder on the tray,5,0,76,4.415,1788425012.0322375,00004_front_put_the_cylinder_on_the_tray.png,00004_wrist_put_the_cylinder_on_the_tray.png,recap.png,50,11,113,114,-22.945054945054945,-98.85714285714286,84.08791208791209,66.72527472527473,-3.208791208791209,1.095890410958904,-31.57465934753418,-72.55935668945312,65.85248565673828,57.03501510620117,-7.214667797088623,0.7904593348503113
034_cylinder,put the cylinder on the tray,5,0,76,4.415,1788425012.0322375,00004_front_put_the_cylinder_on_the_tray.png,00004_wrist_put_the_cylinder_on_the_tray.png,recap.png,50,12,114,115,-22.945054945054945,-98.85714285714286,84.08791208791209,66.72527472527473,-3.208791208791209,1.095890410958904,-31.500049591064453,-71.75680541992188,65.96586608886719,57.13746643066406,-7.366927146911621,0.9620687365531921
034_cylinder,put the cylinder on the tray,5,0,76,4.415,1788425012.0322375,00004_front_put_the_cylinder_on_the_tray.png,00004_wrist_put_the_cylinder_on_the_tray.png,recap.png,50,13,115,116,-22.945054945054945,-98.85714285714286,84.08791208791209,66.72527472527473,-3.208791208791209,1.095890410958904,-31.586156845092773,-70.92229461669922,65.35879516601562,57.0584602355957,-7.534211158752441,0.9150848388671875
034_cylinder,put the cylinder on the tray,5,0,76,4.415,1788425012.0322375,00004_front_put_the_cylinder_on_the_tray.png,00004_wrist_put_the_cylinder_on_the_tray.png,recap.png,50,14,116,117,-22.945054945054945,-98.85714285714286,84.08791208791209,66.72527472527473,-3.208791208791209,1.095890410958904,-31.74104118347168,-69.95391082763672,65.07084655761719,57.09465408325195,-7.741436958312988,0.8377501964569092
034_cylinder,put the cylinder on the tray,5,0,76,4.415,1788425012.0322375,00004_front_put_the_cylinder_on_the_tray.png,00004_wrist_put_the_cylinder_on_the_tray.png,recap.png,50,15,117,118,-22.945054945054945,-98.85714285714286,84.08791208791209,66.72527472527473,-3.208791208791209,1.095890410958904,-31.785415649414062,-69.41085815429688,64.79908752441406,57.25566864013672,-7.7502031326293945,0.7793577909469604
034_cylinder,put the cylinder on the tray,5,0,76,4.415,1788425012.0322375,00004_front_put_the_cylinder_on_the_tray.png,00004_wrist_put_the_cylinder_on_the_tray.png,recap.png,50,16,118,119,-22.945054945054945,-98.85714285714286,84.08791208791209,66.72527472527473,-3.208791208791209,1.095890410958904,-31.715702056884766,-68.78132629394531,64.2053451538086,57.101158142089844,-7.902194499969482,0.932309627532959
034_cylinder,put the cylinder on the tray,5,0,76,4.415,1788425012.0322375,00004_front_put_the_cylinder_on_the_tray.png,00004_wrist_put_the_cylinder_on_the_tray.png,recap.png,50,17,119,120,-22.945054945054945,-98.85714285714286,84.08791208791209,66.72527472527473,-3.208791208791209,1.095890410958904,-31.667821884155273,-67.25135803222656,63.276268005371094,57.13885498046875,-7.902353763580322,0.945568323135376
034_cylinder,put the cylinder on the tray,5,0,76,4.415,1788425012.0322375,00004_front_put_the_cylinder_on_the_tray.png,00004_wrist_put_the_cylinder_on_the_tray.png,recap.png,50,18,120,121,-22.945054945054945,-98.85714285714286,84.08791208791209,66.72527472527473,-3.208791208791209,1.095890410958904,-31.848424911499023,-66.74830627441406,63.41871643066406,57.30107498168945,-8.03620719909668,0.8254643678665161
034_cylinder,put the cylinder on the tray,5,0,76,4.415,1788425012.0322375,00004_front_put_the_cylinder_on_the_tray.png,00004_wrist_put_the_cylinder_on_the_tray.png,recap.png,50,19,121,122,-22.945054945054945,-98.85714285714286,84.08791208791209,66.72527472527473,-3.208791208791209,1.095890410958904,-31.785015106201172,-65.49920654296875,62.532859802246094,57.220603942871094,-8.103299140930176,0.8595549464225769
034_cylinder,put the cylinder on the tray,5,0,76,4.415,1788425012.0322375,00004_front_put_the_cylinder_on_the_tray.png,00004_wrist_put_the_cylinder_on_the_tray.png,recap.png,50,20,122,123,-22.945054945054945,-98.85714285714286,84.08791208791209,66.72527472527473,-3.208791208791209,1.095890410958904,-31.654298782348633,-64.80573272705078,62.57941436767578,57.060546875,-7.996513366699219,0.8818397521972656
034_cylinder,put the cylinder on the tray,5,0,76,4.415,1788425012.0322375,00004_front_put_the_cylinder_on_the_tray.png,00004_wrist_put_the_cylinder_on_the_tray.png,recap.png,50,21,123,124,-22.945054945054945,-98.85714285714286,84.08791208791209,66.72527472527473,-3.208791208791209,1.095890410958904,-31.91205596923828,-63.017051696777344,62.68865966796875,57.04347229003906,-8.194498062133789,1.045954704284668
034_cylinder,put the cylinder on the tray,5,0,76,4.415,1788425012.0322375,00004_front_put_the_cylinder_on_the_tray.png,00004_wrist_put_the_cylinder_on_the_tray.png,recap.png,50,22,124,125,-22.945054945054945,-98.85714285714286,84.08791208791209,66.72527472527473,-3.208791208791209,1.095890410958904,-31.510055541992188,-62.46369934082031,61.16053009033203,56.42647171020508,-8.152234077453613,1.0419918298721313
034_cylinder,put the cylinder on the tray,5,0,76,4.415,1788425012.0322375,00004_front_put_the_cylinder_on_the_tray.png,00004_wrist_put_the_cylinder_on_the_tray.png,recap.png,50,23,125,126,-22.945054945054945,-98.85714285714286,84.08791208791209,66.72527472527473,-3.208791208791209,1.095890410958904,-31.542430877685547,-61.355979919433594,61.2427978515625,56.282588958740234,-8.108017921447754,0.8963082432746887
034_cylinder,put the cylinder on the tray,6,1,101,5.251,1788425012.8632526,00005_front_put_the_cylinder_on_the_tray.png,00005_wrist_put_the_cylinder_on_the_tray.png,recap.png,50,0,126,127,-22.417582417582416,-73.8021978021978,66.32967032967034,63.73626373626374,-6.021978021978022,1.095890410958904,-24.424367904663086,-63.92033767700195,60.261741638183594,57.72044372558594,-7.638675212860107,1.2967097759246826
034_cylinder,put the cylinder on the tray,6,1,101,5.251,1788425012.8632526,00005_front_put_the_cylinder_on_the_tray.png,00005_wrist_put_the_cylinder_on_the_tray.png,recap.png,50,1,127,128,-22.417582417582416,-73.8021978021978,66.32967032967034,63.73626373626374,-6.021978021978022,1.095890410958904,-24.615331649780273,-64.53860473632812,60.30903625488281,57.82499694824219,-7.66359806060791,1.1373701095581055
034_cylinder,put the cylinder on the tray,6,1,101,5.251,1788425012.8632526,00005_front_put_the_cylinder_on_the_tray.png,00005_wrist_put_the_cylinder_on_the_tray.png,recap.png,50,2,128,129,-22.417582417582416,-73.8021978021978,66.32967032967034,63.73626373626374,-6.021978021978022,1.095890410958904,-24.6743106842041,-64.394287109375,60.428260803222656,57.81135177612305,-7.659226894378662,1.211249589920044
034_cylinder,put the cylinder on the tray,6,1,101,5.251,1788425012.8632526,00005_front_put_the_cylinder_on_the_tray.png,00005_wrist_put_the_cylinder_on_the_tray.png,recap.png,50,3,129,130,-22.417582417582416,-73.8021978021978,66.32967032967034,63.73626373626374,-6.021978021978022,1.095890410958904,-24.40912628173828,-64.77932739257812,60.772621154785156,57.77521896362305,-7.6449785232543945,1.3291752338409424
034_cylinder,put the cylinder on the tray,6,1,101,5.251,1788425012.8632526,00005_front_put_the_cylinder_on_the_tray.png,00005_wrist_put_the_cylinder_on_the_tray.png,recap.png,50,4,130,131,-22.417582417582416,-73.8021978021978,66.32967032967034,63.73626373626374,-6.021978021978022,1.095890410958904,-24.82696533203125,-64.03036499023438,59.921974182128906,58.01643753051758,-7.624671936035156,1.2369015216827393
034_cylinder,put the cylinder on the tray,6,1,101,5.251,1788425012.8632526,00005_front_put_the_cylinder_on_the_tray.png,00005_wrist_put_the_cylinder_on_the_tray.png,recap.png,50,5,131,132,-22.417582417582416,-73.8021978021978,66.32967032967034,63.73626373626374,-6.021978021978022,1.095890410958904,-24.917373657226562,-63.927730560302734,61.071006774902344,57.77695846557617,-7.718827247619629,1.326289415359497
034_cylinder,put the cylinder on the tray,6,1,101,5.251,1788425012.8632526,00005_front_put_the_cylinder_on_the_tray.png,00005_wrist_put_the_cylinder_on_the_tray.png,recap.png,50,6,132,133,-22.417582417582416,-73.8021978021978,66.32967032967034,63.73626373626374,-6.021978021978022,1.095890410958904,-24.911455154418945,-63.383602142333984,60.38318634033203,57.70155715942383,-7.739502906799316,1.1450631618499756
034_cylinder,put the cylinder on the tray,6,1,101,5.251,1788425012.8632526,00005_front_put_the_cylinder_on_the_tray.png,00005_wrist_put_the_cylinder_on_the_tray.png,recap.png,50,7,133,134,-22.417582417582416,-73.8021978021978,66.32967032967034,63.73626373626374,-6.021978021978022,1.095890410958904,-24.63412857055664,-62.828914642333984,59.66853332519531,57.75467300415039,-7.698017120361328,1.1413021087646484
034_cylinder,put the cylinder on the tray,6,1,101,5.251,1788425012.8632526,00005_front_put_the_cylinder_on_the_tray.png,00005_wrist_put_the_cylinder_on_the_tray.png,recap.png,50,8,134,135,-22.417582417582416,-73.8021978021978,66.32967032967034,63.73626373626374,-6.021978021978022,1.095890410958904,-24.262374877929688,-61.45975875854492,59.673187255859375,57.82591247558594,-7.6577253341674805,1.2011210918426514
034_cylinder,put the cylinder on the tray,6,1,101,5.251,1788425012.8632526,00005_front_put_the_cylinder_on_the_tray.png,00005_wrist_put_the_cylinder_on_the_tray.png,recap.png,50,9,135,136,-22.417582417582416,-73.8021978021978,66.32967032967034,63.73626373626374,-6.021978021978022,1.095890410958904,-24.13436508178711,-60.52238845825195,58.39524841308594,57.57191467285156,-7.6842193603515625,1.1286351680755615
034_cylinder,put the cylinder on the tray,6,1,101,5.251,1788425012.8632526,00005_front_put_the_cylinder_on_the_tray.png,00005_wrist_put_the_cylinder_on_the_tray.png,recap.png,50,10,136,137,-22.417582417582416,-73.8021978021978,66.32967032967034,63.73626373626374,-6.021978021978022,1.095890410958904,-23.751510620117188,-58.84062957763672,57.358375549316406,57.19528579711914,-7.82972526550293,1.1494615077972412
034_cylinder,put the cylinder on the tray,6,1,101,5.251,1788425012.8632526,00005_front_put_the_cylinder_on_the_tray.png,00005_wrist_put_the_cylinder_on_the_tray.png,recap.png,50,11,137,138,-22.417582417582416,-73.8021978021978,66.32967032967034,63.73626373626374,-6.021978021978022,1.095890410958904,-23.71182632446289,-57.639034271240234,56.142066955566406,57.173770904541016,-7.904195785522461,1.0639070272445679
034_cylinder,put the cylinder on the tray,6,1,101,5.251,1788425012.8632526,00005_front_put_the_cylinder_on_the_tray.png,00005_wrist_put_the_cylinder_on_the_tray.png,recap.png,50,12,138,139,-22.417582417582416,-73.8021978021978,66.32967032967034,63.73626373626374,-6.021978021978022,1.095890410958904,-23.764484405517578,-55.9553337097168,55.43019104003906,57.26802444458008,-8.060426712036133,1.035322666168213
034_cylinder,put the cylinder on the tray,6,1,101,5.251,1788425012.8632526,00005_front_put_the_cylinder_on_the_tray.png,00005_wrist_put_the_cylinder_on_the_tray.png,recap.png,50,13,139,140,-22.417582417582416,-73.8021978021978,66.32967032967034,63.73626373626374,-6.021978021978022,1.095890410958904,-23.50152015686035,-54.86054992675781,54.223350524902344,57.17744445800781,-8.129800796508789,1.1815361976623535
034_cylinder,put the cylinder on the tray,6,1,101,5.251,1788425012.8632526,00005_front_put_the_cylinder_on_the_tray.png,00005_wrist_put_the_cylinder_on_the_tray.png,recap.png,50,14,140,141,-22.417582417582416,-73.8021978021978,66.32967032967034,63.73626373626374,-6.021978021978022,1.095890410958904,-23.072189331054688,-53.10965347290039,53.31353759765625,57.268150329589844,-8.074116706848145,1.1711368560791016
034_cylinder,put the cylinder on the tray,6,1,101,5.251,1788425012.8632526,00005_front_put_the_cylinder_on_the_tray.png,00005_wrist_put_the_cylinder_on_the_tray.png,recap.png,50,15,141,142,-22.417582417582416,-73.8021978021978,66.32967032967034,63.73626373626374,-6.021978021978022,1.095890410958904,-23.039627075195312,-52.0589599609375,52.16088104248047,57.4414176940918,-8.274005889892578,1.3932106494903564
034_cylinder,put the cylinder on the tray,6,1,101,5.251,1788425012.8632526,00005_front_put_the_cylinder_on_the_tray.png,00005_wrist_put_the_cylinder_on_the_tray.png,recap.png,50,16,142,143,-22.417582417582416,-73.8021978021978,66.32967032967034,63.73626373626374,-6.021978021978022,1.095890410958904,-23.008827209472656,-50.689945220947266,51.487220764160156,57.63488006591797,-8.150928497314453,1.8014676570892334
034_cylinder,put the cylinder on the tray,6,1,101,5.251,1788425012.8632526,00005_front_put_the_cylinder_on_the_tray.png,00005_wrist_put_the_cylinder_on_the_tray.png,recap.png,50,17,143,144,-22.417582417582416,-73.8021978021978,66.32967032967034,63.73626373626374,-6.021978021978022,1.095890410958904,-23.125566482543945,-49.17147445678711,50.92113494873047,58.22352600097656,-8.124895095825195,2.320319175720215
034_cylinder,put the cylinder on the tray,6,1,101,5.251,1788425012.8632526,00005_front_put_the_cylinder_on_the_tray.png,00005_wrist_put_the_cylinder_on_the_tray.png,recap.png,50,18,144,145,-22.417582417582416,-73.8021978021978,66.32967032967034,63.73626373626374,-6.021978021978022,1.095890410958904,-23.09632682800293,-48.74052047729492,50.028656005859375,58.776695251464844,-8.00131893157959,3.5274577140808105
034_cylinder,put the cylinder on the tray,6,1,101,5.251,1788425012.8632526,00005_front_put_the_cylinder_on_the_tray.png,00005_wrist_put_the_cylinder_on_the_tray.png,recap.png,50,19,145,146,-22.417582417582416,-73.8021978021978,66.32967032967034,63.73626373626374,-6.021978021978022,1.095890410958904,-22.641220092773438,-47.84217071533203,48.95094299316406,59.26887893676758,-7.753693103790283,5.1319122314453125
034_cylinder,put the cylinder on the tray,6,1,101,5.251,1788425012.8632526,00005_front_put_the_cylinder_on_the_tray.png,00005_wrist_put_the_cylinder_on_the_tray.png,recap.png,50,20,146,147,-22.417582417582416,-73.8021978021978,66.32967032967034,63.73626373626374,-6.021978021978022,1.095890410958904,-22.80858612060547,-47.31280517578125,49.633323669433594,59.59246063232422,-7.679810047149658,6.980766773223877
034_cylinder,put the cylinder on the tray,6,1,101,5.251,1788425012.8632526,00005_front_put_the_cylinder_on_the_tray.png,00005_wrist_put_the_cylinder_on_the_tray.png,recap.png,50,21,147,148,-22.417582417582416,-73.8021978021978,66.32967032967034,63.73626373626374,-6.021978021978022,1.095890410958904,-23.02530288696289,-46.050804138183594,49.58369445800781,60.18239212036133,-7.524294376373291,8.858964920043945
034_cylinder,put the cylinder on the tray,6,1,101,5.251,1788425012.8632526,00005_front_put_the_cylinder_on_the_tray.png,00005_wrist_put_the_cylinder_on_the_tray.png,recap.png,50,22,148,149,-22.417582417582416,-73.8021978021978,66.32967032967034,63.73626373626374,-6.021978021978022,1.095890410958904,-22.894811630249023,-45.99765396118164,49.10755157470703,60.29002380371094,-7.3977789878845215,10.70975399017334
034_cylinder,put the cylinder on the tray,6,1,101,5.251,1788425012.8632526,00005_front_put_the_cylinder_on_the_tray.png,00005_wrist_put_the_cylinder_on_the_tray.png,recap.png,50,23,149,150,-22.417582417582416,-73.8021978021978,66.32967032967034,63.73626373626374,-6.021978021978022,1.095890410958904,-23.01784324645996,-45.25885772705078,48.89043426513672,60.296722412109375,-7.1892008781433105,12.59415340423584
034_cylinder,put the cylinder on the tray,6,1,101,5.251,1788425012.8632526,00005_front_put_the_cylinder_on_the_tray.png,00005_wrist_put_the_cylinder_on_the_tray.png,recap.png,50,24,150,151,-22.417582417582416,-73.8021978021978,66.32967032967034,63.73626373626374,-6.021978021978022,1.095890410958904,-22.862728118896484,-44.718624114990234,47.9610595703125,60.434608459472656,-7.149688243865967,14.637636184692383
034_cylinder,put the cylinder on the tray,7,1,125,6.121,1788425013.7323947,00006_front_put_the_cylinder_on_the_tray.png,00006_wrist_put_the_cylinder_on_the_tray.png,recap.png,50,0,151,152,-31.736263736263737,-64.48351648351648,65.36263736263736,57.934065934065934,-7.516483516483516,1.095890410958904,-35.27829360961914,-39.198768615722656,43.35857391357422,53.69300842285156,-9.287050247192383,1.2872438430786133
034_cylinder,put the cylinder on the tray,7,1,125,6.121,1788425013.7323947,00006_front_put_the_cylinder_on_the_tray.png,00006_wrist_put_the_cylinder_on_the_tray.png,recap.png,50,1,152,153,-31.736263736263737,-64.48351648351648,65.36263736263736,57.934065934065934,-7.516483516483516,1.095890410958904,-35.079681396484375,-39.210845947265625,42.24858093261719,53.7684440612793,-9.364907264709473,1.4505929946899414
034_cylinder,put the cylinder on the tray,7,1,125,6.121,1788425013.7323947,00006_front_put_the_cylinder_on_the_tray.png,00006_wrist_put_the_cylinder_on_the_tray.png,recap.png,50,2,153,154,-31.736263736263737,-64.48351648351648,65.36263736263736,57.934065934065934,-7.516483516483516,1.095890410958904,-35.19300842285156,-38.308624267578125,42.23152160644531,54.03801345825195,-9.627613067626953,1.4245684146881104
034_cylinder,put the cylinder on the tray,7,1,125,6.121,1788425013.7323947,00006_front_put_the_cylinder_on_the_tray.png,00006_wrist_put_the_cylinder_on_the_tray.png,recap.png,50,3,154,155,-31.736263736263737,-64.48351648351648,65.36263736263736,57.934065934065934,-7.516483516483516,1.095890410958904,-35.380584716796875,-36.97185516357422,41.15766906738281,54.41015625,-9.774209976196289,1.468372106552124
034_cylinder,put the cylinder on the tray,7,1,125,6.121,1788425013.7323947,00006_front_put_the_cylinder_on_the_tray.png,00006_wrist_put_the_cylinder_on_the_tray.png,recap.png,50,4,155,156,-31.736263736263737,-64.48351648351648,65.36263736263736,57.934065934065934,-7.516483516483516,1.095890410958904,-35.13502502441406,-36.466575622558594,39.681884765625,54.52526092529297,-10.118158340454102,1.4933059215545654
034_cylinder,put the cylinder on the tray,7,1,125,6.121,1788425013.7323947,00006_front_put_the_cylinder_on_the_tray.png,00006_wrist_put_the_cylinder_on_the_tray.png,recap.png,50,5,156,157,-31.736263736263737,-64.48351648351648,65.36263736263736,57.934065934065934,-7.516483516483516,1.095890410958904,-35.24069595336914,-35.47514343261719,39.306251525878906,54.58293533325195,-10.462618827819824,1.4278450012207031
034_cylinder,put the cylinder on the tray,7,1,125,6.121,1788425013.7323947,00006_front_put_the_cylinder_on_the_tray.png,00006_wrist_put_the_cylinder_on_the_tray.png,recap.png,50,6,157,158,-31.736263736263737,-64.48351648351648,65.36263736263736,57.934065934065934,-7.516483516483516,1.095890410958904,-35.23579025268555,-34.75470733642578,38.07814025878906,54.61360549926758,-10.658206939697266,1.443096399307251
034_cylinder,put the cylinder on the tray,7,1,125,6.121,1788425013.7323947,00006_front_put_the_cylinder_on_the_tray.png,00006_wrist_put_the_cylinder_on_the_tray.png,recap.png,50,7,158,159,-31.736263736263737,-64.48351648351648,65.36263736263736,57.934065934065934,-7.516483516483516,1.095890410958904,-35.25931930541992,-33.452476501464844,37.412628173828125,54.64363479614258,-10.94125747680664,1.3851618766784668
034_cylinder,put the cylinder on the tray,7,1,125,6.121,1788425013.7323947,00006_front_put_the_cylinder_on_the_tray.png,00006_wrist_put_the_cylinder_on_the_tray.png,recap.png,50,8,159,160,-31.736263736263737,-64.48351648351648,65.36263736263736,57.934065934065934,-7.516483516483516,1.095890410958904,-35.25136184692383,-32.33238983154297,36.462249755859375,54.96806335449219,-11.183248519897461,1.4474289417266846
034_cylinder,put the cylinder on the tray,7,1,125,6.121,1788425013.7323947,00006_front_put_the_cylinder_on_the_tray.png,00006_wrist_put_the_cylinder_on_the_tray.png,recap.png,50,9,160,161,-31.736263736263737,-64.48351648351648,65.36263736263736,57.934065934065934,-7.516483516483516,1.095890410958904,-35.24589157104492,-31.340499877929688,35.237754821777344,55.40089797973633,-11.377248764038086,1.5526831150054932
034_cylinder,put the cylinder on the tray,7,1,125,6.121,1788425013.7323947,00006_front_put_the_cylinder_on_the_tray.png,00006_wrist_put_the_cylinder_on_the_tray.png,recap.png,50,10,161,162,-31.736263736263737,-64.48351648351648,65.36263736263736,57.934065934065934,-7.516483516483516,1.095890410958904,-35.56434631347656,-30.591957092285156,34.62310028076172,55.777931213378906,-11.472512245178223,2.013457775115967
034_cylinder,put the cylinder on the tray,7,1,125,6.121,1788425013.7323947,00006_front_put_the_cylinder_on_the_tray.png,00006_wrist_put_the_cylinder_on_the_tray.png,recap.png,50,11,162,163,-31.736263736263737,-64.48351648351648,65.36263736263736,57.934065934065934,-7.516483516483516,1.095890410958904,-35.71239471435547,-29.645668029785156,33.20768737792969,56.19553756713867,-11.515644073486328,2.919922351837158
034_cylinder,put the cylinder on the tray,7,1,125,6.121,1788425013.7323947,00006_front_put_the_cylinder_on_the_tray.png,00006_wrist_put_the_cylinder_on_the_tray.png,recap.png,50,12,163,164,-31.736263736263737,-64.48351648351648,65.36263736263736,57.934065934065934,-7.516483516483516,1.095890410958904,-35.785316467285156,-29.198562622070312,32.10601043701172,56.78917694091797,-11.4374418258667,4.378862380981445
034_cylinder,put the cylinder on the tray,7,1,125,6.121,1788425013.7323947,00006_front_put_the_cylinder_on_the_tray.png,00006_wrist_put_the_cylinder_on_the_tray.png,recap.png,50,13,164,165,-31.736263736263737,-64.48351648351648,65.36263736263736,57.934065934065934,-7.516483516483516,1.095890410958904,-35.923988342285156,-27.97228240966797,31.805618286132812,57.45083236694336,-11.323193550109863,5.688334941864014
034_cylinder,put the cylinder on the tray,7,1,125,6.121,1788425013.7323947,00006_front_put_the_cylinder_on_the_tray.png,00006_wrist_put_the_cylinder_on_the_tray.png,recap.png,50,14,165,166,-31.736263736263737,-64.48351648351648,65.36263736263736,57.934065934065934,-7.516483516483516,1.095890410958904,-36.13401412963867,-27.51306915283203,30.795135498046875,58.27222442626953,-11.241025924682617,6.795669078826904
034_cylinder,put the cylinder on the tray,7,1,125,6.121,1788425013.7323947,00006_front_put_the_cylinder_on_the_tray.png,00006_wrist_put_the_cylinder_on_the_tray.png,recap.png,50,15,166,167,-31.736263736263737,-64.48351648351648,65.36263736263736,57.934065934065934,-7.516483516483516,1.095890410958904,-36.3130989074707,-26.827369689941406,30.488449096679688,58.712669372558594,-11.318853378295898,7.5612101554870605
034_cylinder,put the cylinder on the tray,7,1,125,6.121,1788425013.7323947,00006_front_put_the_cylinder_on_the_tray.png,00006_wrist_put_the_cylinder_on_the_tray.png,recap.png,50,16,167,168,-31.736263736263737,-64.48351648351648,65.36263736263736,57.934065934065934,-7.516483516483516,1.095890410958904,-36.40718078613281,-26.579513549804688,29.265670776367188,59.253719329833984,-11.255694389343262,8.337166786193848
034_cylinder,put the cylinder on the tray,7,1,125,6.121,1788425013.7323947,00006_front_put_the_cylinder_on_the_tray.png,00006_wrist_put_the_cylinder_on_the_tray.png,recap.png,50,17,168,169,-31.736263736263737,-64.48351648351648,65.36263736263736,57.934065934065934,-7.516483516483516,1.095890410958904,-36.514259338378906,-25.699951171875,29.153648376464844,59.64640808105469,-11.305205345153809,8.865400314331055
034_cylinder,put the cylinder on the tray,7,1,125,6.121,1788425013.7323947,00006_front_put_the_cylinder_on_the_tray.png,00006_wrist_put_the_cylinder_on_the_tray.png,recap.png,50,18,169,170,-31.736263736263737,-64.48351648351648,65.36263736263736,57.934065934065934,-7.516483516483516,1.095890410958904,-36.545719146728516,-25.37591552734375,28.466835021972656,59.58210754394531,-11.18217945098877,9.395264625549316
034_cylinder,put the cylinder on the tray,7,1,125,6.121,1788425013.7323947,00006_front_put_the_cylinder_on_the_tray.png,00006_wrist_put_the_cylinder_on_the_tray.png,recap.png,50,19,170,171,-31.736263736263737,-64.48351648351648,65.36263736263736,57.934065934065934,-7.516483516483516,1.095890410958904,-36.684566497802734,-24.931861877441406,28.377708435058594,59.48051834106445,-11.327427864074707,10.048296928405762
034_cylinder,put the cylinder on the tray,7,1,125,6.121,1788425013.7323947,00006_front_put_the_cylinder_on_the_tray.png,00006_wrist_put_the_cylinder_on_the_tray.png,recap.png,50,20,171,172,-31.736263736263737,-64.48351648351648,65.36263736263736,57.934065934065934,-7.516483516483516,1.095890410958904,-36.880393981933594,-24.452911376953125,27.70813751220703,59.35563278198242,-11.307478904724121,10.7131929397583
034_cylinder,put the cylinder on the tray,7,1,125,6.121,1788425013.7323947,00006_front_put_the_cylinder_on_the_tray.png,00006_wrist_put_the_cylinder_on_the_tray.png,recap.png,50,21,172,173,-31.736263736263737,-64.48351648351648,65.36263736263736,57.934065934065934,-7.516483516483516,1.095890410958904,-37.08995819091797,-23.787399291992188,28.06739044189453,59.08888244628906,-11.353320121765137,11.718056678771973
034_cylinder,put the cylinder on the tray,7,1,125,6.121,1788425013.7323947,00006_front_put_the_cylinder_on_the_tray.png,00006_wrist_put_the_cylinder_on_the_tray.png,recap.png,50,22,173,174,-31.736263736263737,-64.48351648351648,65.36263736263736,57.934065934065934,-7.516483516483516,1.095890410958904,-37.202884674072266,-23.749977111816406,27.101943969726562,59.04802703857422,-11.296509742736816,12.920947074890137
034_cylinder,put the cylinder on the tray,7,1,125,6.121,1788425013.7323947,00006_front_put_the_cylinder_on_the_tray.png,00006_wrist_put_the_cylinder_on_the_tray.png,recap.png,50,23,174,175,-31.736263736263737,-64.48351648351648,65.36263736263736,57.934065934065934,-7.516483516483516,1.095890410958904,-37.15595245361328,-22.74504852294922,27.733078002929688,58.79085922241211,-11.390445709228516,13.813364028930664
034_cylinder,put the cylinder on the tray,8,1,150,7.057,1788425014.6691172,00007_front_put_the_cylinder_on_the_tray.png,00007_wrist_put_the_cylinder_on_the_tray.png,recap.png,50,0,175,176,-23.296703296703296,-46.1978021978022,52.0,59.956043956043956,-7.516483516483516,8.424657534246576,-19.274147033691406,-31.427505493164062,44.68621063232422,63.80876922607422,-7.232792377471924,25.180622100830078
034_cylinder,put the cylinder on the tray,8,1,150,7.057,1788425014.6691172,00007_front_put_the_cylinder_on_the_tray.png,00007_wrist_put_the_cylinder_on_the_tray.png,recap.png,50,1,176,177,-23.296703296703296,-46.1978021978022,52.0,59.956043956043956,-7.516483516483516,8.424657534246576,-19.58040428161621,-30.504417419433594,44.22801971435547,63.862247467041016,-7.252655029296875,25.235509872436523
034_cylinder,put the cylinder on the tray,8,1,150,7.057,1788425014.6691172,00007_front_put_the_cylinder_on_the_tray.png,00007_wrist_put_the_cylinder_on_the_tray.png,recap.png,50,2,177,178,-23.296703296703296,-46.1978021978022,52.0,59.956043956043956,-7.516483516483516,8.424657534246576,-19.411497116088867,-29.60687255859375,43.60105895996094,64.14002990722656,-7.225973606109619,25.362598419189453
034_cylinder,put the cylinder on the tray,8,1,150,7.057,1788425014.6691172,00007_front_put_the_cylinder_on_the_tray.png,00007_wrist_put_the_cylinder_on_the_tray.png,recap.png,50,3,178,179,-23.296703296703296,-46.1978021978022,52.0,59.956043956043956,-7.516483516483516,8.424657534246576,-19.620128631591797,-28.381484985351562,43.33436584472656,64.4981918334961,-7.267721652984619,25.50360679626465
034_cylinder,put the cylinder on the tray,8,1,150,7.057,1788425014.6691172,00007_front_put_the_cylinder_on_the_tray.png,00007_wrist_put_the_cylinder_on_the_tray.png,recap.png,50,4,179,180,-23.296703296703296,-46.1978021978022,52.0,59.956043956043956,-7.516483516483516,8.424657534246576,-19.463546752929688,-27.965240478515625,42.193817138671875,64.92224884033203,-7.2734856605529785,25.833431243896484
034_cylinder,put the cylinder on the tray,8,1,150,7.057,1788425014.6691172,00007_front_put_the_cylinder_on_the_tray.png,00007_wrist_put_the_cylinder_on_the_tray.png,recap.png,50,5,180,181,-23.296703296703296,-46.1978021978022,52.0,59.956043956043956,-7.516483516483516,8.424657534246576,-19.712722778320312,-27.12885284423828,42.23356628417969,65.35189819335938,-7.375855445861816,26.25831413269043
034_cylinder,put the cylinder on the tray,8,1,150,7.057,1788425014.6691172,00007_front_put_the_cylinder_on_the_tray.png,00007_wrist_put_the_cylinder_on_the_tray.png,recap.png,50,6,181,182,-23.296703296703296,-46.1978021978022,52.0,59.956043956043956,-7.516483516483516,8.424657534246576,-19.591358184814453,-26.40991973876953,41.723785400390625,65.77182006835938,-7.37826681137085,26.865089416503906
034_cylinder,put the cylinder on the tray,8,1,150,7.057,1788425014.6691172,00007_front_put_the_cylinder_on_the_tray.png,00007_wrist_put_the_cylinder_on_the_tray.png,recap.png,50,7,182,183,-23.296703296703296,-46.1978021978022,52.0,59.956043956043956,-7.516483516483516,8.424657534246576,-19.676006317138672,-25.184646606445312,40.922813415527344,66.43862915039062,-7.362491607666016,27.57644271850586
034_cylinder,put the cylinder on the tray,8,1,150,7.057,1788425014.6691172,00007_front_put_the_cylinder_on_the_tray.png,00007_wrist_put_the_cylinder_on_the_tray.png,recap.png,50,8,183,184,-23.296703296703296,-46.1978021978022,52.0,59.956043956043956,-7.516483516483516,8.424657534246576,-19.68773078918457,-24.30956268310547,40.0521240234375,67.0186767578125,-7.434003829956055,28.342655181884766
034_cylinder,put the cylinder on the tray,8,1,150,7.057,1788425014.6691172,00007_front_put_the_cylinder_on_the_tray.png,00007_wrist_put_the_cylinder_on_the_tray.png,recap.png,50,9,184,185,-23.296703296703296,-46.1978021978022,52.0,59.956043956043956,-7.516483516483516,8.424657534246576,-19.73642349243164,-23.558982849121094,39.62672424316406,67.64654541015625,-7.4824113845825195,29.332286834716797
034_cylinder,put the cylinder on the tray,8,1,150,7.057,1788425014.6691172,00007_front_put_the_cylinder_on_the_tray.png,00007_wrist_put_the_cylinder_on_the_tray.png,recap.png,50,10,185,186,-23.296703296703296,-46.1978021978022,52.0,59.956043956043956,-7.516483516483516,8.424657534246576,-19.713783264160156,-22.724533081054688,38.70703125,68.0247573852539,-7.45631217956543,30.311710357666016
034_cylinder,put the cylinder on the tray,8,1,150,7.057,1788425014.6691172,00007_front_put_the_cylinder_on_the_tray.png,00007_wrist_put_the_cylinder_on_the_tray.png,recap.png,50,11,186,187,-23.296703296703296,-46.1978021978022,52.0,59.956043956043956,-7.516483516483516,8.424657534246576,-19.690044403076172,-21.8687744140625,38.344635009765625,68.14066314697266,-7.505914211273193,31.010183334350586
034_cylinder,put the cylinder on the tray,8,1,150,7.057,1788425014.6691172,00007_front_put_the_cylinder_on_the_tray.png,00007_wrist_put_the_cylinder_on_the_tray.png,recap.png,50,12,187,188,-23.296703296703296,-46.1978021978022,52.0,59.956043956043956,-7.516483516483516,8.424657534246576,-19.9232177734375,-21.305458068847656,37.77342987060547,68.24938201904297,-7.490394115447998,31.34003448486328
034_cylinder,put the cylinder on the tray,8,1,150,7.057,1788425014.6691172,00007_front_put_the_cylinder_on_the_tray.png,00007_wrist_put_the_cylinder_on_the_tray.png,recap.png,50,13,188,189,-23.296703296703296,-46.1978021978022,52.0,59.956043956043956,-7.516483516483516,8.424657534246576,-19.7130126953125,-20.45977783203125,37.602081298828125,68.0145263671875,-7.413854122161865,31.624467849731445
034_cylinder,put the cylinder on the tray,8,1,150,7.057,1788425014.6691172,00007_front_put_the_cylinder_on_the_tray.png,00007_wrist_put_the_cylinder_on_the_tray.png,recap.png,50,14,189,190,-23.296703296703296,-46.1978021978022,52.0,59.956043956043956,-7.516483516483516,8.424657534246576,-19.79950714111328,-19.651153564453125,37.439414978027344,68.15121459960938,-7.492349624633789,31.369789123535156
034_cylinder,put the cylinder on the tray,8,1,150,7.057,1788425014.6691172,00007_front_put_the_cylinder_on_the_tray.png,00007_wrist_put_the_cylinder_on_the_tray.png,recap.png,50,15,190,191,-23.296703296703296,-46.1978021978022,52.0,59.956043956043956,-7.516483516483516,8.424657534246576,-19.911941528320312,-19.581863403320312,37.005104064941406,67.92565155029297,-7.53633975982666,30.90610694885254
034_cylinder,put the cylinder on the tray,8,1,150,7.057,1788425014.6691172,00007_front_put_the_cylinder_on_the_tray.png,00007_wrist_put_the_cylinder_on_the_tray.png,recap.png,50,16,191,192,-23.296703296703296,-46.1978021978022,52.0,59.956043956043956,-7.516483516483516,8.424657534246576,-19.832765579223633,-18.599853515625,36.58238220214844,67.53082275390625,-7.566298484802246,30.69338607788086
034_cylinder,put the cylinder on the tray,8,1,150,7.057,1788425014.6691172,00007_front_put_the_cylinder_on_the_tray.png,00007_wrist_put_the_cylinder_on_the_tray.png,recap.png,50,17,192,193,-23.296703296703296,-46.1978021978022,52.0,59.956043956043956,-7.516483516483516,8.424657534246576,-19.958637237548828,-18.129959106445312,36.391456604003906,67.14947509765625,-7.503997325897217,30.56710433959961
034_cylinder,put the cylinder on the tray,8,1,150,7.057,1788425014.6691172,00007_front_put_the_cylinder_on_the_tray.png,00007_wrist_put_the_cylinder_on_the_tray.png,recap.png,50,18,193,194,-23.296703296703296,-46.1978021978022,52.0,59.956043956043956,-7.516483516483516,8.424657534246576,-19.872154235839844,-17.2261962890625,35.84429168701172,67.03279113769531,-7.47175407409668,30.477842330932617
034_cylinder,put the cylinder on the tray,8,1,150,7.057,1788425014.6691172,00007_front_put_the_cylinder_on_the_tray.png,00007_wrist_put_the_cylinder_on_the_tray.png,recap.png,50,19,194,195,-23.296703296703296,-46.1978021978022,52.0,59.956043956043956,-7.516483516483516,8.424657534246576,-19.951148986816406,-16.85968780517578,35.65833282470703,66.75042724609375,-7.541905879974365,30.590526580810547
034_cylinder,put the cylinder on the tray,8,1,150,7.057,1788425014.6691172,00007_front_put_the_cylinder_on_the_tray.png,00007_wrist_put_the_cylinder_on_the_tray.png,recap.png,50,20,195,196,-23.296703296703296,-46.1978021978022,52.0,59.956043956043956,-7.516483516483516,8.424657534246576,-19.779708862304688,-15.946502685546875,35.03300476074219,66.51361846923828,-7.478091716766357,30.65335464477539
034_cylinder,put the cylinder on the tray,8,1,150,7.057,1788425014.6691172,00007_front_put_the_cylinder_on_the_tray.png,00007_wrist_put_the_cylinder_on_the_tray.png,recap.png,50,21,196,197,-23.296703296703296,-46.1978021978022,52.0,59.956043956043956,-7.516483516483516,8.424657534246576,-20.04610252380371,-15.224411010742188,34.557960510253906,66.52723693847656,-7.564847469329834,30.61035919189453
034_cylinder,put the cylinder on the tray,8,1,150,7.057,1788425014.6691172,00007_front_put_the_cylinder_on_the_tray.png,00007_wrist_put_the_cylinder_on_the_tray.png,recap.png,50,22,197,198,-23.296703296703296,-46.1978021978022,52.0,59.956043956043956,-7.516483516483516,8.424657534246576,-19.937969207763672,-14.836944580078125,34.526588439941406,65.97515869140625,-7.595715522766113,30.652769088745117
034_cylinder,put the cylinder on the tray,8,1,150,7.057,1788425014.6691172,00007_front_put_the_cylinder_on_the_tray.png,00007_wrist_put_the_cylinder_on_the_tray.png,recap.png,50,23,198,199,-23.296703296703296,-46.1978021978022,52.0,59.956043956043956,-7.516483516483516,8.424657534246576,-19.848495483398438,-13.964248657226562,33.28077697753906,65.87124633789062,-7.530664920806885,30.486249923706055
034_cylinder,put the cylinder on the tray,8,1,150,7.057,1788425014.6691172,00007_front_put_the_cylinder_on_the_tray.png,00007_wrist_put_the_cylinder_on_the_tray.png,recap.png,50,24,199,200,-23.296703296703296,-46.1978021978022,52.0,59.956043956043956,-7.516483516483516,8.424657534246576,-19.882360458374023,-13.414894104003906,33.236328125,65.67383575439453,-7.65503454208374,30.367141723632812
034_cylinder,put the cylinder on the tray,9,1,174,7.927,1788425015.538145,00008_front_put_the_cylinder_on_the_tray.png,00008_wrist_put_the_cylinder_on_the_tray.png,recap.png,50,0,200,201,-36.65934065934066,-23.86813186813187,30.813186813186814,59.252747252747255,-10.945054945054945,10.684931506849315,-36.556575775146484,10.885856628417969,-0.5996322631835938,73.4748764038086,-11.425426483154297,32.018863677978516
034_cylinder,put the cylinder on the tray,9,1,174,7.927,1788425015.538145,00008_front_put_the_cylinder_on_the_tray.png,00008_wrist_put_the_cylinder_on_the_tray.png,recap.png,50,1,201,202,-36.65934065934066,-23.86813186813187,30.813186813186814,59.252747252747255,-10.945054945054945,10.684931506849315,-36.54594039916992,11.314369201660156,-0.04817962646484375,73.21758270263672,-11.466663360595703,32.37837219238281
034_cylinder,put the cylinder on the tray,9,1,174,7.927,1788425015.538145,00008_front_put_the_cylinder_on_the_tray.png,00008_wrist_put_the_cylinder_on_the_tray.png,recap.png,50,2,202,203,-36.65934065934066,-23.86813186813187,30.813186813186814,59.252747252747255,-10.945054945054945,10.684931506849315,-36.8134651184082,12.258087158203125,-0.5468559265136719,73.11804962158203,-11.467819213867188,32.917667388916016
034_cylinder,put the cylinder on the tray,9,1,174,7.927,1788425015.538145,00008_front_put_the_cylinder_on_the_tray.png,00008_wrist_put_the_cylinder_on_the_tray.png,recap.png,50,3,203,204,-36.65934065934066,-23.86813186813187,30.813186813186814,59.252747252747255,-10.945054945054945,10.684931506849315,-36.37486267089844,13.145889282226562,-0.7790298461914062,72.52377319335938,-11.577484130859375,32.491477966308594
034_cylinder,put the cylinder on the tray,9,1,174,7.927,1788425015.538145,00008_front_put_the_cylinder_on_the_tray.png,00008_wrist_put_the_cylinder_on_the_tray.png,recap.png,50,4,204,205,-36.65934065934066,-23.86813186813187,30.813186813186814,59.252747252747255,-10.945054945054945,10.684931506849315,-36.5766716003418,14.085136413574219,-1.1590538024902344,72.37998962402344,-11.380913734436035,32.233158111572266
034_cylinder,put the cylinder on the tray,9,1,174,7.927,1788425015.538145,00008_front_put_the_cylinder_on_the_tray.png,00008_wrist_put_the_cylinder_on_the_tray.png,recap.png,50,5,205,206,-36.65934065934066,-23.86813186813187,30.813186813186814,59.252747252747255,-10.945054945054945,10.684931506849315,-36.61699676513672,15.06732177734375,-2.0938034057617188,72.33330535888672,-11.540114402770996,32.07455062866211
034_cylinder,put the cylinder on the tray,9,1,174,7.927,1788425015.538145,00008_front_put_the_cylinder_on_the_tray.png,00008_wrist_put_the_cylinder_on_the_tray.png,recap.png,50,6,206,207,-36.65934065934066,-23.86813186813187,30.813186813186814,59.252747252747255,-10.945054945054945,10.684931506849315,-36.634796142578125,15.590965270996094,-2.6121177673339844,72.1417236328125,-11.456779479980469,32.21794128417969
034_cylinder,put the cylinder on the tray,9,1,174,7.927,1788425015.538145,00008_front_put_the_cylinder_on_the_tray.png,00008_wrist_put_the_cylinder_on_the_tray.png,recap.png,50,7,207,208,-36.65934065934066,-23.86813186813187,30.813186813186814,59.252747252747255,-10.945054945054945,10.684931506849315,-36.783531188964844,16.80797576904297,-3.1205978393554688,71.8203125,-11.556658744812012,32.22138595581055
034_cylinder,put the cylinder on the tray,9,1,174,7.927,1788425015.538145,00008_front_put_the_cylinder_on_the_tray.png,00008_wrist_put_the_cylinder_on_the_tray.png,recap.png,50,8,208,209,-36.65934065934066,-23.86813186813187,30.813186813186814,59.252747252747255,-10.945054945054945,10.684931506849315,-36.587303161621094,17.65350341796875,-3.3634109497070312,71.81570434570312,-11.473812103271484,32.18803405761719
034_cylinder,put the cylinder on the tray,9,1,174,7.927,1788425015.538145,00008_front_put_the_cylinder_on_the_tray.png,00008_wrist_put_the_cylinder_on_the_tray.png,recap.png,50,9,209,210,-36.65934065934066,-23.86813186813187,30.813186813186814,59.252747252747255,-10.945054945054945,10.684931506849315,-36.491146087646484,19.151611328125,-4.578777313232422,72.10283660888672,-11.39291000366211,32.21073532104492
034_cylinder,put the cylinder on the tray,9,1,174,7.927,1788425015.538145,00008_front_put_the_cylinder_on_the_tray.png,00008_wrist_put_the_cylinder_on_the_tray.png,recap.png,50,10,210,211,-36.65934065934066,-23.86813186813187,30.813186813186814,59.252747252747255,-10.945054945054945,10.684931506849315,-36.463253021240234,19.272613525390625,-4.948673248291016,72.09518432617188,-11.309576988220215,32.117183685302734
034_cylinder,put the cylinder on the tray,9,1,174,7.927,1788425015.538145,00008_front_put_the_cylinder_on_the_tray.png,00008_wrist_put_the_cylinder_on_the_tray.png,recap.png,50,11,211,212,-36.65934065934066,-23.86813186813187,30.813186813186814,59.252747252747255,-10.945054945054945,10.684931506849315,-36.47731018066406,20.832534790039062,-5.462593078613281,71.57353210449219,-11.276076316833496,31.984130859375
034_cylinder,put the cylinder on the tray,9,1,174,7.927,1788425015.538145,00008_front_put_the_cylinder_on_the_tray.png,00008_wrist_put_the_cylinder_on_the_tray.png,recap.png,50,12,212,213,-36.65934065934066,-23.86813186813187,30.813186813186814,59.252747252747255,-10.945054945054945,10.684931506849315,-36.44053649902344,21.556907653808594,-6.164237976074219,71.83320617675781,-11.22109603881836,32.062904357910156
034_cylinder,put the cylinder on the tray,9,1,174,7.927,1788425015.538145,00008_front_put_the_cylinder_on_the_tray.png,00008_wrist_put_the_cylinder_on_the_tray.png,recap.png,50,13,213,214,-36.65934065934066,-23.86813186813187,30.813186813186814,59.252747252747255,-10.945054945054945,10.684931506849315,-36.29951095581055,22.678451538085938,-6.762969970703125,71.59962463378906,-11.201910972595215,31.988719940185547
034_cylinder,put the cylinder on the tray,9,1,174,7.927,1788425015.538145,00008_front_put_the_cylinder_on_the_tray.png,00008_wrist_put_the_cylinder_on_the_tray.png,recap.png,50,14,214,215,-36.65934065934066,-23.86813186813187,30.813186813186814,59.252747252747255,-10.945054945054945,10.684931506849315,-36.3364143371582,22.823631286621094,-7.450614929199219,71.41625213623047,-11.084650039672852,31.94795799255371
034_cylinder,put the cylinder on the tray,9,1,174,7.927,1788425015.538145,00008_front_put_the_cylinder_on_the_tray.png,00008_wrist_put_the_cylinder_on_the_tray.png,recap.png,50,15,215,216,-36.65934065934066,-23.86813186813187,30.813186813186814,59.252747252747255,-10.945054945054945,10.684931506849315,-36.2059211730957,24.283836364746094,-7.667640686035156,71.23522186279297,-11.1579008102417,31.82940673828125
034_cylinder,put the cylinder on the tray,9,1,174,7.927,1788425015.538145,00008_front_put_the_cylinder_on_the_tray.png,00008_wrist_put_the_cylinder_on_the_tray.png,recap.png,50,16,216,217,-36.65934065934066,-23.86813186813187,30.813186813186814,59.252747252747255,-10.945054945054945,10.684931506849315,-36.15611267089844,24.99756622314453,-7.9447479248046875,71.0126953125,-11.13118839263916,31.79573631286621
034_cylinder,put the cylinder on the tray,9,1,174,7.927,1788425015.538145,00008_front_put_the_cylinder_on_the_tray.png,00008_wrist_put_the_cylinder_on_the_tray.png,recap.png,50,17,217,218,-36.65934065934066,-23.86813186813187,30.813186813186814,59.252747252747255,-10.945054945054945,10.684931506849315,-36.12014389038086,26.294654846191406,-8.647769927978516,71.1796875,-11.080708503723145,31.82393455505371
034_cylinder,put the cylinder on the tray,9,1,174,7.927,1788425015.538145,00008_front_put_the_cylinder_on_the_tray.png,00008_wrist_put_the_cylinder_on_the_tray.png,recap.png,50,18,218,219,-36.65934065934066,-23.86813186813187,30.813186813186814,59.252747252747255,-10.945054945054945,10.684931506849315,-35.79713821411133,27.206459045410156,-9.840351104736328,71.03719329833984,-11.061477661132812,31.749359130859375
034_cylinder,put the cylinder on the tray,9,1,174,7.927,1788425015.538145,00008_front_put_the_cylinder_on_the_tray.png,00008_wrist_put_the_cylinder_on_the_tray.png,recap.png,50,19,219,220,-36.65934065934066,-23.86813186813187,30.813186813186814,59.252747252747255,-10.945054945054945,10.684931506849315,-36.06596755981445,28.08098602294922,-10.61130142211914,71.33277130126953,-11.129110336303711,31.63313102722168
034_cylinder,put the cylinder on the tray,9,1,174,7.927,1788425015.538145,00008_front_put_the_cylinder_on_the_tray.png,00008_wrist_put_the_cylinder_on_the_tray.png,recap.png,50,20,220,221,-36.65934065934066,-23.86813186813187,30.813186813186814,59.252747252747255,-10.945054945054945,10.684931506849315,-35.97506332397461,29.360145568847656,-10.575057983398438,71.37330627441406,-11.043909072875977,31.45400047302246
034_cylinder,put the cylinder on the tray,9,1,174,7.927,1788425015.538145,00008_front_put_the_cylinder_on_the_tray.png,00008_wrist_put_the_cylinder_on_the_tray.png,recap.png,50,21,221,222,-36.65934065934066,-23.86813186813187,30.813186813186814,59.252747252747255,-10.945054945054945,10.684931506849315,-36.110511779785156,29.932594299316406,-11.18172836303711,71.5293960571289,-11.011886596679688,31.493724822998047
034_cylinder,put the cylinder on the tray,9,1,174,7.927,1788425015.538145,00008_front_put_the_cylinder_on_the_tray.png,00008_wrist_put_the_cylinder_on_the_tray.png,recap.png,50,22,222,223,-36.65934065934066,-23.86813186813187,30.813186813186814,59.252747252747255,-10.945054945054945,10.684931506849315,-36.080604553222656,31.10993194580078,-12.713035583496094,71.90996551513672,-11.094188690185547,31.386165618896484
034_cylinder,put the cylinder on the tray,9,1,174,7.927,1788425015.538145,00008_front_put_the_cylinder_on_the_tray.png,00008_wrist_put_the_cylinder_on_the_tray.png,recap.png,50,23,223,224,-36.65934065934066,-23.86813186813187,30.813186813186814,59.252747252747255,-10.945054945054945,10.684931506849315,-35.97148895263672,31.99797821044922,-12.622024536132812,72.27607727050781,-10.992555618286133,31.40557289123535
034_cylinder,put the cylinder on the tray,10,1,199,8.863,1788425016.4755206,00009_front_put_the_cylinder_on_the_tray.png,00009_wrist_put_the_cylinder_on_the_tray.png,recap.png,50,0,224,225,-20.571428571428573,-14.725274725274724,37.23076923076923,67.07692307692308,-7.956043956043956,30.753424657534246,-17.349746704101562,5.532012939453125,23.830718994140625,68.00591278076172,-8.505546569824219,29.043136596679688
034_cylinder,put the cylinder on the tray,10,1,199,8.863,1788425016.4755206,00009_front_put_the_cylinder_on_the_tray.png,00009_wrist_put_the_cylinder_on_the_tray.png,recap.png,50,1,225,226,-20.571428571428573,-14.725274725274724,37.23076923076923,67.07692307692308,-7.956043956043956,30.753424657534246,-17.417762756347656,4.930267333984375,23.534317016601562,68.26985931396484,-8.753371238708496,29.03705406188965
034_cylinder,put the cylinder on the tray,10,1,199,8.863,1788425016.4755206,00009_front_put_the_cylinder_on_the_tray.png,00009_wrist_put_the_cylinder_on_the_tray.png,recap.png,50,2,226,227,-20.571428571428573,-14.725274725274724,37.23076923076923,67.07692307692308,-7.956043956043956,30.753424657534246,-17.537761688232422,5.773857116699219,23.016517639160156,67.95055389404297,-8.510765075683594,28.810094833374023
034_cylinder,put the cylinder on the tray,10,1,199,8.863,1788425016.4755206,00009_front_put_the_cylinder_on_the_tray.png,00009_wrist_put_the_cylinder_on_the_tray.png,recap.png,50,3,227,228,-20.571428571428573,-14.725274725274724,37.23076923076923,67.07692307692308,-7.956043956043956,30.753424657534246,-17.622901916503906,5.509605407714844,22.63196563720703,68.11497497558594,-8.64508056640625,28.377784729003906
034_cylinder,put the cylinder on the tray,10,1,199,8.863,1788425016.4755206,00009_front_put_the_cylinder_on_the_tray.png,00009_wrist_put_the_cylinder_on_the_tray.png,recap.png,50,4,228,229,-20.571428571428573,-14.725274725274724,37.23076923076923,67.07692307692308,-7.956043956043956,30.753424657534246,-17.343509674072266,5.850929260253906,23.00049591064453,68.0789794921875,-8.746591567993164,27.645282745361328
034_cylinder,put the cylinder on the tray,10,1,199,8.863,1788425016.4755206,00009_front_put_the_cylinder_on_the_tray.png,00009_wrist_put_the_cylinder_on_the_tray.png,recap.png,50,5,229,230,-20.571428571428573,-14.725274725274724,37.23076923076923,67.07692307692308,-7.956043956043956,30.753424657534246,-17.395660400390625,6.214744567871094,22.859169006347656,67.91529846191406,-8.7234525680542,27.061574935913086
034_cylinder,put the cylinder on the tray,10,1,199,8.863,1788425016.4755206,00009_front_put_the_cylinder_on_the_tray.png,00009_wrist_put_the_cylinder_on_the_tray.png,recap.png,50,6,230,231,-20.571428571428573,-14.725274725274724,37.23076923076923,67.07692307692308,-7.956043956043956,30.753424657534246,-17.47757339477539,5.5200347900390625,22.56201934814453,68.10057830810547,-8.812827110290527,26.406431198120117
034_cylinder,put the cylinder on the tray,10,1,199,8.863,1788425016.4755206,00009_front_put_the_cylinder_on_the_tray.png,00009_wrist_put_the_cylinder_on_the_tray.png,recap.png,50,7,231,232,-20.571428571428573,-14.725274725274724,37.23076923076923,67.07692307692308,-7.956043956043956,30.753424657534246,-17.701282501220703,5.822410583496094,22.165054321289062,67.98985290527344,-8.801097869873047,25.679914474487305
034_cylinder,put the cylinder on the tray,10,1,199,8.863,1788425016.4755206,00009_front_put_the_cylinder_on_the_tray.png,00009_wrist_put_the_cylinder_on_the_tray.png,recap.png,50,8,232,233,-20.571428571428573,-14.725274725274724,37.23076923076923,67.07692307692308,-7.956043956043956,30.753424657534246,-17.32016372680664,6.638969421386719,22.725448608398438,68.11253356933594,-8.770233154296875,25.055898666381836
034_cylinder,put the cylinder on the tray,10,1,199,8.863,1788425016.4755206,00009_front_put_the_cylinder_on_the_tray.png,00009_wrist_put_the_cylinder_on_the_tray.png,recap.png,50,9,233,234,-20.571428571428573,-14.725274725274724,37.23076923076923,67.07692307692308,-7.956043956043956,30.753424657534246,-17.4097957611084,5.792655944824219,22.87133026123047,67.98115539550781,-8.814192771911621,23.69472312927246
034_cylinder,put the cylinder on the tray,10,1,199,8.863,1788425016.4755206,00009_front_put_the_cylinder_on_the_tray.png,00009_wrist_put_the_cylinder_on_the_tray.png,recap.png,50,10,234,235,-20.571428571428573,-14.725274725274724,37.23076923076923,67.07692307692308,-7.956043956043956,30.753424657534246,-17.382415771484375,6.237998962402344,23.40479278564453,67.8597183227539,-8.852163314819336,21.821659088134766
034_cylinder,put the cylinder on the tray,10,1,199,8.863,1788425016.4755206,00009_front_put_the_cylinder_on_the_tray.png,00009_wrist_put_the_cylinder_on_the_tray.png,recap.png,50,11,235,236,-20.571428571428573,-14.725274725274724,37.23076923076923,67.07692307692308,-7.956043956043956,30.753424657534246,-17.21497344970703,5.718833923339844,23.14006805419922,68.02350616455078,-8.799811363220215,19.805461883544922
034_cylinder,put the cylinder on the tray,10,1,199,8.863,1788425016.4755206,00009_front_put_the_cylinder_on_the_tray.png,00009_wrist_put_the_cylinder_on_the_tray.png,recap.png,50,12,236,237,-20.571428571428573,-14.725274725274724,37.23076923076923,67.07692307692308,-7.956043956043956,30.753424657534246,-17.657915115356445,6.358154296875,23.639053344726562,68.04796600341797,-8.794456481933594,17.88970375061035
034_cylinder,put the cylinder on the tray,10,1,199,8.863,1788425016.4755206,00009_front_put_the_cylinder_on_the_tray.png,00009_wrist_put_the_cylinder_on_the_tray.png,recap.png,50,13,237,238,-20.571428571428573,-14.725274725274724,37.23076923076923,67.07692307692308,-7.956043956043956,30.753424657534246,-17.804149627685547,5.542236328125,24.02039337158203,67.95377349853516,-8.96924877166748,16.348434448242188
034_cylinder,put the cylinder on the tray,10,1,199,8.863,1788425016.4755206,00009_front_put_the_cylinder_on_the_tray.png,00009_wrist_put_the_cylinder_on_the_tray.png,recap.png,50,14,238,239,-20.571428571428573,-14.725274725274724,37.23076923076923,67.07692307692308,-7.956043956043956,30.753424657534246,-17.883487701416016,5.436492919921875,23.867385864257812,68.15463256835938,-8.895792007446289,15.123523712158203
034_cylinder,put the cylinder on the tray,10,1,199,8.863,1788425016.4755206,00009_front_put_the_cylinder_on_the_tray.png,00009_wrist_put_the_cylinder_on_the_tray.png,recap.png,50,15,239,240,-20.571428571428573,-14.725274725274724,37.23076923076923,67.07692307692308,-7.956043956043956,30.753424657534246,-17.647876739501953,5.861114501953125,24.012046813964844,68.29751586914062,-9.020874977111816,13.698883056640625
034_cylinder,put the cylinder on the tray,10,1,199,8.863,1788425016.4755206,00009_front_put_the_cylinder_on_the_tray.png,00009_wrist_put_the_cylinder_on_the_tray.png,recap.png,50,16,240,241,-20.571428571428573,-14.725274725274724,37.23076923076923,67.07692307692308,-7.956043956043956,30.753424657534246,-18.07377815246582,4.582069396972656,24.358322143554688,68.36827087402344,-9.028665542602539,12.866782188415527
034_cylinder,put the cylinder on the tray,10,1,199,8.863,1788425016.4755206,00009_front_put_the_cylinder_on_the_tray.png,00009_wrist_put_the_cylinder_on_the_tray.png,recap.png,50,17,241,242,-20.571428571428573,-14.725274725274724,37.23076923076923,67.07692307692308,-7.956043956043956,30.753424657534246,-18.0904541015625,5.293586730957031,24.51055145263672,68.293212890625,-9.04411506652832,11.492371559143066
034_cylinder,put the cylinder on the tray,10,1,199,8.863,1788425016.4755206,00009_front_put_the_cylinder_on_the_tray.png,00009_wrist_put_the_cylinder_on_the_tray.png,recap.png,50,18,242,243,-20.571428571428573,-14.725274725274724,37.23076923076923,67.07692307692308,-7.956043956043956,30.753424657534246,-18.065650939941406,5.020652770996094,24.244964599609375,68.48030090332031,-8.978389739990234,9.86430835723877
034_cylinder,put the cylinder on the tray,10,1,199,8.863,1788425016.4755206,00009_front_put_the_cylinder_on_the_tray.png,00009_wrist_put_the_cylinder_on_the_tray.png,recap.png,50,19,243,244,-20.571428571428573,-14.725274725274724,37.23076923076923,67.07692307692308,-7.956043956043956,30.753424657534246,-18.130727767944336,5.671745300292969,24.67156982421875,68.48934936523438,-9.194063186645508,9.070038795471191
034_cylinder,put the cylinder on the tray,10,1,199,8.863,1788425016.4755206,00009_front_put_the_cylinder_on_the_tray.png,00009_wrist_put_the_cylinder_on_the_tray.png,recap.png,50,20,244,245,-20.571428571428573,-14.725274725274724,37.23076923076923,67.07692307692308,-7.956043956043956,30.753424657534246,-18.12112808227539,4.250358581542969,24.72760009765625,68.27094268798828,-9.18748664855957,8.274724960327148
034_cylinder,put the cylinder on the tray,10,1,199,8.863,1788425016.4755206,00009_front_put_the_cylinder_on_the_tray.png,00009_wrist_put_the_cylinder_on_the_tray.png,recap.png,50,21,245,246,-20.571428571428573,-14.725274725274724,37.23076923076923,67.07692307692308,-7.956043956043956,30.753424657534246,-18.453697204589844,4.756988525390625,24.11309051513672,68.45651245117188,-9.253508567810059,7.777651309967041
034_cylinder,put the cylinder on the tray,10,1,199,8.863,1788425016.4755206,00009_front_put_the_cylinder_on_the_tray.png,00009_wrist_put_the_cylinder_on_the_tray.png,recap.png,50,22,246,247,-20.571428571428573,-14.725274725274724,37.23076923076923,67.07692307692308,-7.956043956043956,30.753424657534246,-18.114437103271484,4.200233459472656,24.90142822265625,68.86251831054688,-9.392431259155273,7.657647132873535
034_cylinder,put the cylinder on the tray,10,1,199,8.863,1788425016.4755206,00009_front_put_the_cylinder_on_the_tray.png,00009_wrist_put_the_cylinder_on_the_tray.png,recap.png,50,23,247,248,-20.571428571428573,-14.725274725274724,37.23076923076923,67.07692307692308,-7.956043956043956,30.753424657534246,-18.397968292236328,3.4796905517578125,24.68414306640625,69.02383422851562,-9.389017105102539,7.660824298858643
034_cylinder,put the cylinder on the tray,10,1,199,8.863,1788425016.4755206,00009_front_put_the_cylinder_on_the_tray.png,00009_wrist_put_the_cylinder_on_the_tray.png,recap.png,50,24,248,249,-20.571428571428573,-14.725274725274724,37.23076923076923,67.07692307692308,-7.956043956043956,30.753424657534246,-18.09636688232422,3.0990066528320312,24.537986755371094,69.40235137939453,-9.388479232788086,7.770818710327148
034_cylinder,put the cylinder on the tray,11,1,223,9.733,1788425017.345012,00010_front_put_the_cylinder_on_the_tray.png,00010_wrist_put_the_cylinder_on_the_tray.png,recap.png,50,0,249,250,-35.51648351648352,28.263736263736263,-10.505494505494505,71.47252747252747,-11.208791208791208,32.32876712328767,-37.147850036621094,40.769309997558594,-28.660762786865234,77.22542572021484,-11.912744522094727,8.990349769592285
034_cylinder,put the cylinder on the tray,11,1,223,9.733,1788425017.345012,00010_front_put_the_cylinder_on_the_tray.png,00010_wrist_put_the_cylinder_on_the_tray.png,recap.png,50,1,250,251,-35.51648351648352,28.263736263736263,-10.505494505494505,71.47252747252747,-11.208791208791208,32.32876712328767,-37.03260803222656,40.702857971191406,-28.595596313476562,77.19815063476562,-11.884557723999023,8.558311462402344
034_cylinder,put the cylinder on the tray,11,1,223,9.733,1788425017.345012,00010_front_put_the_cylinder_on_the_tray.png,00010_wrist_put_the_cylinder_on_the_tray.png,recap.png,50,2,251,252,-35.51648351648352,28.263736263736263,-10.505494505494505,71.47252747252747,-11.208791208791208,32.32876712328767,-37.229557037353516,40.596458435058594,-28.934898376464844,77.26655578613281,-12.05003833770752,8.148961067199707
034_cylinder,put the cylinder on the tray,11,1,223,9.733,1788425017.345012,00010_front_put_the_cylinder_on_the_tray.png,00010_wrist_put_the_cylinder_on_the_tray.png,recap.png,50,3,252,253,-35.51648351648352,28.263736263736263,-10.505494505494505,71.47252747252747,-11.208791208791208,32.32876712328767,-37.027320861816406,40.490516662597656,-28.858720779418945,77.31619262695312,-12.089369773864746,7.7814154624938965
034_cylinder,put the cylinder on the tray,11,1,223,9.733,1788425017.345012,00010_front_put_the_cylinder_on_the_tray.png,00010_wrist_put_the_cylinder_on_the_tray.png,recap.png,50,4,253,254,-35.51648351648352,28.263736263736263,-10.505494505494505,71.47252747252747,-11.208791208791208,32.32876712328767,-37.020751953125,40.385475158691406,-28.788026809692383,77.54840087890625,-12.219040870666504,7.505232810974121
034_cylinder,put the cylinder on the tray,11,1,223,9.733,1788425017.345012,00010_front_put_the_cylinder_on_the_tray.png,00010_wrist_put_the_cylinder_on_the_tray.png,recap.png,50,5,254,255,-35.51648351648352,28.263736263736263,-10.505494505494505,71.47252747252747,-11.208791208791208,32.32876712328767,-36.79046630859375,40.422767639160156,-29.339885711669922,77.74101257324219,-12.349934577941895,7.400925159454346
034_cylinder,put the cylinder on the tray,11,1,223,9.733,1788425017.345012,00010_front_put_the_cylinder_on_the_tray.png,00010_wrist_put_the_cylinder_on_the_tray.png,recap.png,50,6,255,256,-35.51648351648352,28.263736263736263,-10.505494505494505,71.47252747252747,-11.208791208791208,32.32876712328767,-36.84965133666992,40.073890686035156,-29.484689712524414,78.29525756835938,-12.428565979003906,7.074918270111084
034_cylinder,put the cylinder on the tray,11,1,223,9.733,1788425017.345012,00010_front_put_the_cylinder_on_the_tray.png,00010_wrist_put_the_cylinder_on_the_tray.png,recap.png,50,7,256,257,-35.51648351648352,28.263736263736263,-10.505494505494505,71.47252747252747,-11.208791208791208,32.32876712328767,-37.092525482177734,39.674949645996094,-30.14295196533203,78.7880630493164,-12.741277694702148,6.606621742248535
034_cylinder,put the cylinder on the tray,11,1,223,9.733,1788425017.345012,00010_front_put_the_cylinder_on_the_tray.png,00010_wrist_put_the_cylinder_on_the_tray.png,recap.png,50,8,257,258,-35.51648351648352,28.263736263736263,-10.505494505494505,71.47252747252747,-11.208791208791208,32.32876712328767,-36.940181732177734,39.740745544433594,-31.58527183532715,79.41371154785156,-12.719366073608398,6.709151268005371
034_cylinder,put the cylinder on the tray,11,1,223,9.733,1788425017.345012,00010_front_put_the_cylinder_on_the_tray.png,00010_wrist_put_the_cylinder_on_the_tray.png,recap.png,50,9,258,259,-35.51648351648352,28.263736263736263,-10.505494505494505,71.47252747252747,-11.208791208791208,32.32876712328767,-36.800559997558594,40.82294464111328,-31.813749313354492,79.70600128173828,-13.087973594665527,7.000185012817383
034_cylinder,put the cylinder on the tray,11,1,223,9.733,1788425017.345012,00010_front_put_the_cylinder_on_the_tray.png,00010_wrist_put_the_cylinder_on_the_tray.png,recap.png,50,10,259,260,-35.51648351648352,28.263736263736263,-10.505494505494505,71.47252747252747,-11.208791208791208,32.32876712328767,-36.88798904418945,40.440635681152344,-32.87781524658203,80.40177917480469,-12.864875793457031,7.032936096191406
034_cylinder,put the cylinder on the tray,11,1,223,9.733,1788425017.345012,00010_front_put_the_cylinder_on_the_tray.png,00010_wrist_put_the_cylinder_on_the_tray.png,recap.png,50,11,260,261,-35.51648351648352,28.263736263736263,-10.505494505494505,71.47252747252747,-11.208791208791208,32.32876712328767,-36.78923416137695,40.24530792236328,-33.54024887084961,81.30252075195312,-13.239109992980957,7.016510009765625
034_cylinder,put the cylinder on the tray,11,1,223,9.733,1788425017.345012,00010_front_put_the_cylinder_on_the_tray.png,00010_wrist_put_the_cylinder_on_the_tray.png,recap.png,50,12,261,262,-35.51648351648352,28.263736263736263,-10.505494505494505,71.47252747252747,-11.208791208791208,32.32876712328767,-36.7578125,39.866600036621094,-35.55288314819336,82.02790832519531,-13.376811027526855,6.935694694519043
034_cylinder,put the cylinder on the tray,11,1,223,9.733,1788425017.345012,00010_front_put_the_cylinder_on_the_tray.png,00010_wrist_put_the_cylinder_on_the_tray.png,recap.png,50,13,262,263,-35.51648351648352,28.263736263736263,-10.505494505494505,71.47252747252747,-11.208791208791208,32.32876712328767,-36.617027282714844,40.05786895751953,-36.56062316894531,83.00117492675781,-13.534469604492188,6.730386734008789
034_cylinder,put the cylinder on the tray,11,1,223,9.733,1788425017.345012,00010_front_put_the_cylinder_on_the_tray.png,00010_wrist_put_the_cylinder_on_the_tray.png,recap.png,50,14,263,264,-35.51648351648352,28.263736263736263,-10.505494505494505,71.47252747252747,-11.208791208791208,32.32876712328767,-36.97138214111328,40.743553161621094,-38.349632263183594,84.1832046508789,-13.75964641571045,6.260849475860596
034_cylinder,put the cylinder on the tray,11,1,223,9.733,1788425017.345012,00010_front_put_the_cylinder_on_the_tray.png,00010_wrist_put_the_cylinder_on_the_tray.png,recap.png,50,15,264,265,-35.51648351648352,28.263736263736263,-10.505494505494505,71.47252747252747,-11.208791208791208,32.32876712328767,-37.05450439453125,40.862709045410156,-39.67591094970703,85.45008087158203,-13.858207702636719,6.322685241699219
034_cylinder,put the cylinder on the tray,11,1,223,9.733,1788425017.345012,00010_front_put_the_cylinder_on_the_tray.png,00010_wrist_put_the_cylinder_on_the_tray.png,recap.png,50,16,265,266,-35.51648351648352,28.263736263736263,-10.505494505494505,71.47252747252747,-11.208791208791208,32.32876712328767,-37.03794479370117,40.19994354248047,-41.162349700927734,86.67449951171875,-13.890349388122559,6.272341728210449
034_cylinder,put the cylinder on the tray,11,1,223,9.733,1788425017.345012,00010_front_put_the_cylinder_on_the_tray.png,00010_wrist_put_the_cylinder_on_the_tray.png,recap.png,50,17,266,267,-35.51648351648352,28.263736263736263,-10.505494505494505,71.47252747252747,-11.208791208791208,32.32876712328767,-37.242149353027344,40.76482391357422,-43.300880432128906,87.99057006835938,-14.216970443725586,6.137896537780762
034_cylinder,put the cylinder on the tray,11,1,223,9.733,1788425017.345012,00010_front_put_the_cylinder_on_the_tray.png,00010_wrist_put_the_cylinder_on_the_tray.png,recap.png,50,18,267,268,-35.51648351648352,28.263736263736263,-10.505494505494505,71.47252747252747,-11.208791208791208,32.32876712328767,-36.94401168823242,40.864112854003906,-44.89382553100586,88.97858428955078,-14.520867347717285,6.207756996154785
034_cylinder,put the cylinder on the tray,11,1,223,9.733,1788425017.345012,00010_front_put_the_cylinder_on_the_tray.png,00010_wrist_put_the_cylinder_on_the_tray.png,recap.png,50,19,268,269,-35.51648351648352,28.263736263736263,-10.505494505494505,71.47252747252747,-11.208791208791208,32.32876712328767,-36.95042419433594,40.152305603027344,-46.98289489746094,90.13648223876953,-14.564512252807617,6.164228439331055
034_cylinder,put the cylinder on the tray,11,1,223,9.733,1788425017.345012,00010_front_put_the_cylinder_on_the_tray.png,00010_wrist_put_the_cylinder_on_the_tray.png,recap.png,50,20,269,270,-35.51648351648352,28.263736263736263,-10.505494505494505,71.47252747252747,-11.208791208791208,32.32876712328767,-37.18769073486328,40.324119567871094,-48.2354621887207,91.28752136230469,-14.632242202758789,6.144779682159424
034_cylinder,put the cylinder on the tray,11,1,223,9.733,1788425017.345012,00010_front_put_the_cylinder_on_the_tray.png,00010_wrist_put_the_cylinder_on_the_tray.png,recap.png,50,21,270,271,-35.51648351648352,28.263736263736263,-10.505494505494505,71.47252747252747,-11.208791208791208,32.32876712328767,-37.35260772705078,40.198280334472656,-48.81373977661133,92.1934814453125,-14.647923469543457,6.248805522918701
034_cylinder,put the cylinder on the tray,11,1,223,9.733,1788425017.345012,00010_front_put_the_cylinder_on_the_tray.png,00010_wrist_put_the_cylinder_on_the_tray.png,recap.png,50,22,271,272,-35.51648351648352,28.263736263736263,-10.505494505494505,71.47252747252747,-11.208791208791208,32.32876712328767,-37.238216400146484,40.175315856933594,-50.2224235534668,93.01152801513672,-14.655977249145508,6.239494800567627
034_cylinder,put the cylinder on the tray,11,1,223,9.733,1788425017.345012,00010_front_put_the_cylinder_on_the_tray.png,00010_wrist_put_the_cylinder_on_the_tray.png,recap.png,50,23,272,273,-35.51648351648352,28.263736263736263,-10.505494505494505,71.47252747252747,-11.208791208791208,32.32876712328767,-37.178184509277344,39.949851989746094,-51.557125091552734,93.70777893066406,-14.853611946105957,6.193242073059082
034_cylinder,put the cylinder on the tray,12,1,248,10.635,1788425018.2472587,00011_front_put_the_cylinder_on_the_tray.png,00011_wrist_put_the_cylinder_on_the_tray.png,recap.png,50,0,273,274,-18.373626373626372,4.7032967032967035,22.98901098901099,67.51648351648352,-9.010989010989011,8.424657534246576,-17.265621185302734,-13.250587463378906,24.89422607421875,77.30656433105469,-8.258556365966797,27.973243713378906
034_cylinder,put the cylinder on the tray,12,1,248,10.635,1788425018.2472587,00011_front_put_the_cylinder_on_the_tray.png,00011_wrist_put_the_cylinder_on_the_tray.png,recap.png,50,1,274,275,-18.373626373626372,4.7032967032967035,22.98901098901099,67.51648351648352,-9.010989010989011,8.424657534246576,-17.23566246032715,-13.796592712402344,24.797653198242188,77.56265258789062,-8.175582885742188,27.5629940032959
034_cylinder,put the cylinder on the tray,12,1,248,10.635,1788425018.2472587,00011_front_put_the_cylinder_on_the_tray.png,00011_wrist_put_the_cylinder_on_the_tray.png,recap.png,50,2,275,276,-18.373626373626372,4.7032967032967035,22.98901098901099,67.51648351648352,-9.010989010989011,8.424657534246576,-17.07668685913086,-14.107749938964844,25.120101928710938,77.66569519042969,-8.26286506652832,27.054866790771484
034_cylinder,put the cylinder on the tray,12,1,248,10.635,1788425018.2472587,00011_front_put_the_cylinder_on_the_tray.png,00011_wrist_put_the_cylinder_on_the_tray.png,recap.png,50,3,276,277,-18.373626373626372,4.7032967032967035,22.98901098901099,67.51648351648352,-9.010989010989011,8.424657534246576,-17.105995178222656,-14.637168884277344,26.01812744140625,77.97543334960938,-8.17926025390625,26.610645294189453
034_cylinder,put the cylinder on the tray,12,1,248,10.635,1788425018.2472587,00011_front_put_the_cylinder_on_the_tray.png,00011_wrist_put_the_cylinder_on_the_tray.png,recap.png,50,4,277,278,-18.373626373626372,4.7032967032967035,22.98901098901099,67.51648351648352,-9.010989010989011,8.424657534246576,-16.850494384765625,-15.03277587890625,25.937271118164062,77.98762512207031,-8.234021186828613,26.243621826171875
034_cylinder,put the cylinder on the tray,12,1,248,10.635,1788425018.2472587,00011_front_put_the_cylinder_on_the_tray.png,00011_wrist_put_the_cylinder_on_the_tray.png,recap.png,50,5,278,279,-18.373626373626372,4.7032967032967035,22.98901098901099,67.51648351648352,-9.010989010989011,8.424657534246576,-16.735904693603516,-14.961112976074219,26.021652221679688,78.27950286865234,-8.273857116699219,26.385759353637695
034_cylinder,put the cylinder on the tray,12,1,248,10.635,1788425018.2472587,00011_front_put_the_cylinder_on_the_tray.png,00011_wrist_put_the_cylinder_on_the_tray.png,recap.png,50,6,279,280,-18.373626373626372,4.7032967032967035,22.98901098901099,67.51648351648352,-9.010989010989011,8.424657534246576,-16.944068908691406,-15.438446044921875,26.024574279785156,78.36245727539062,-8.250582695007324,26.567092895507812
034_cylinder,put the cylinder on the tray,12,1,248,10.635,1788425018.2472587,00011_front_put_the_cylinder_on_the_tray.png,00011_wrist_put_the_cylinder_on_the_tray.png,recap.png,50,7,280,281,-18.373626373626372,4.7032967032967035,22.98901098901099,67.51648351648352,-9.010989010989011,8.424657534246576,-16.867136001586914,-15.310760498046875,26.241806030273438,78.51154327392578,-8.297300338745117,27.06973648071289
034_cylinder,put the cylinder on the tray,12,1,248,10.635,1788425018.2472587,00011_front_put_the_cylinder_on_the_tray.png,00011_wrist_put_the_cylinder_on_the_tray.png,recap.png,50,8,281,282,-18.373626373626372,4.7032967032967035,22.98901098901099,67.51648351648352,-9.010989010989011,8.424657534246576,-17.068227767944336,-15.494331359863281,26.098800659179688,78.49952697753906,-8.259050369262695,27.727018356323242
034_cylinder,put the cylinder on the tray,12,1,248,10.635,1788425018.2472587,00011_front_put_the_cylinder_on_the_tray.png,00011_wrist_put_the_cylinder_on_the_tray.png,recap.png,50,9,282,283,-18.373626373626372,4.7032967032967035,22.98901098901099,67.51648351648352,-9.010989010989011,8.424657534246576,-16.9327335357666,-15.12969970703125,26.031478881835938,78.45094299316406,-8.325611114501953,28.929492950439453
034_cylinder,put the cylinder on the tray,12,1,248,10.635,1788425018.2472587,00011_front_put_the_cylinder_on_the_tray.png,00011_wrist_put_the_cylinder_on_the_tray.png,recap.png,50,10,283,284,-18.373626373626372,4.7032967032967035,22.98901098901099,67.51648351648352,-9.010989010989011,8.424657534246576,-17.08922576904297,-15.275192260742188,26.18597412109375,78.46697235107422,-8.396611213684082,30.198781967163086
034_cylinder,put the cylinder on the tray,12,1,248,10.635,1788425018.2472587,00011_front_put_the_cylinder_on_the_tray.png,00011_wrist_put_the_cylinder_on_the_tray.png,recap.png,50,11,284,285,-18.373626373626372,4.7032967032967035,22.98901098901099,67.51648351648352,-9.010989010989011,8.424657534246576,-17.120468139648438,-15.096160888671875,26.002098083496094,78.33460998535156,-8.384949684143066,31.074678421020508
034_cylinder,put the cylinder on the tray,12,1,248,10.635,1788425018.2472587,00011_front_put_the_cylinder_on_the_tray.png,00011_wrist_put_the_cylinder_on_the_tray.png,recap.png,50,12,285,286,-18.373626373626372,4.7032967032967035,22.98901098901099,67.51648351648352,-9.010989010989011,8.424657534246576,-17.134281158447266,-14.782295227050781,25.52301025390625,78.30001831054688,-8.507203102111816,31.637901306152344
034_cylinder,put the cylinder on the tray,12,1,248,10.635,1788425018.2472587,00011_front_put_the_cylinder_on_the_tray.png,00011_wrist_put_the_cylinder_on_the_tray.png,recap.png,50,13,286,287,-18.373626373626372,4.7032967032967035,22.98901098901099,67.51648351648352,-9.010989010989011,8.424657534246576,-17.035964965820312,-14.278450012207031,25.552749633789062,78.14395141601562,-8.566177368164062,31.805444717407227
034_cylinder,put the cylinder on the tray,12,1,248,10.635,1788425018.2472587,00011_front_put_the_cylinder_on_the_tray.png,00011_wrist_put_the_cylinder_on_the_tray.png,recap.png,50,14,287,288,-18.373626373626372,4.7032967032967035,22.98901098901099,67.51648351648352,-9.010989010989011,8.424657534246576,-17.31573486328125,-13.74169921875,25.158714294433594,78.20436096191406,-8.549498558044434,31.8380184173584
034_cylinder,put the cylinder on the tray,12,1,248,10.635,1788425018.2472587,00011_front_put_the_cylinder_on_the_tray.png,00011_wrist_put_the_cylinder_on_the_tray.png,recap.png,50,15,288,289,-18.373626373626372,4.7032967032967035,22.98901098901099,67.51648351648352,-9.010989010989011,8.424657534246576,-17.37469482421875,-12.917877197265625,24.768836975097656,77.992919921875,-8.6010103225708,31.94376564025879
034_cylinder,put the cylinder on the tray,12,1,248,10.635,1788425018.2472587,00011_front_put_the_cylinder_on_the_tray.png,00011_wrist_put_the_cylinder_on_the_tray.png,recap.png,50,16,289,290,-18.373626373626372,4.7032967032967035,22.98901098901099,67.51648351648352,-9.010989010989011,8.424657534246576,-17.284683227539062,-12.665328979492188,24.287330627441406,77.98724365234375,-8.6256685256958,32.07101058959961
034_cylinder,put the cylinder on the tray,12,1,248,10.635,1788425018.2472587,00011_front_put_the_cylinder_on_the_tray.png,00011_wrist_put_the_cylinder_on_the_tray.png,recap.png,50,17,290,291,-18.373626373626372,4.7032967032967035,22.98901098901099,67.51648351648352,-9.010989010989011,8.424657534246576,-17.373249053955078,-11.735916137695312,24.223495483398438,77.97872924804688,-8.64516830444336,32.07523727416992
034_cylinder,put the cylinder on the tray,12,1,248,10.635,1788425018.2472587,00011_front_put_the_cylinder_on_the_tray.png,00011_wrist_put_the_cylinder_on_the_tray.png,recap.png,50,18,291,292,-18.373626373626372,4.7032967032967035,22.98901098901099,67.51648351648352,-9.010989010989011,8.424657534246576,-17.46064567565918,-10.687965393066406,23.806716918945312,77.8199691772461,-8.67448616027832,32.031455993652344
034_cylinder,put the cylinder on the tray,12,1,248,10.635,1788425018.2472587,00011_front_put_the_cylinder_on_the_tray.png,00011_wrist_put_the_cylinder_on_the_tray.png,recap.png,50,19,292,293,-18.373626373626372,4.7032967032967035,22.98901098901099,67.51648351648352,-9.010989010989011,8.424657534246576,-17.507648468017578,-10.360260009765625,23.1435546875,77.73760986328125,-8.69172191619873,31.906505584716797
034_cylinder,put the cylinder on the tray,12,1,248,10.635,1788425018.2472587,00011_front_put_the_cylinder_on_the_tray.png,00011_wrist_put_the_cylinder_on_the_tray.png,recap.png,50,20,293,294,-18.373626373626372,4.7032967032967035,22.98901098901099,67.51648351648352,-9.010989010989011,8.424657534246576,-17.485763549804688,-9.465255737304688,22.735755920410156,77.83320617675781,-8.810654640197754,31.913423538208008
034_cylinder,put the cylinder on the tray,12,1,248,10.635,1788425018.2472587,00011_front_put_the_cylinder_on_the_tray.png,00011_wrist_put_the_cylinder_on_the_tray.png,recap.png,50,21,294,295,-18.373626373626372,4.7032967032967035,22.98901098901099,67.51648351648352,-9.010989010989011,8.424657534246576,-17.468048095703125,-8.734062194824219,22.315330505371094,77.69343566894531,-8.696308135986328,31.946012496948242
034_cylinder,put the cylinder on the tray,12,1,248,10.635,1788425018.2472587,00011_front_put_the_cylinder_on_the_tray.png,00011_wrist_put_the_cylinder_on_the_tray.png,recap.png,50,22,295,296,-18.373626373626372,4.7032967032967035,22.98901098901099,67.51648351648352,-9.010989010989011,8.424657534246576,-17.59231185913086,-7.55877685546875,21.687973022460938,77.62633514404297,-8.752113342285156,31.983837127685547
034_cylinder,put the cylinder on the tray,12,1,248,10.635,1788425018.2472587,00011_front_put_the_cylinder_on_the_tray.png,00011_wrist_put_the_cylinder_on_the_tray.png,recap.png,50,23,296,297,-18.373626373626372,4.7032967032967035,22.98901098901099,67.51648351648352,-9.010989010989011,8.424657534246576,-17.35892105102539,-6.575172424316406,21.335845947265625,77.64579010009766,-8.7879056930542,31.96095085144043
034_cylinder,put the cylinder on the tray,12,1,248,10.635,1788425018.2472587,00011_front_put_the_cylinder_on_the_tray.png,00011_wrist_put_the_cylinder_on_the_tray.png,recap.png,50,24,297,298,-18.373626373626372,4.7032967032967035,22.98901098901099,67.51648351648352,-9.010989010989011,8.424657534246576,-17.442977905273438,-5.2242431640625,20.727645874023438,77.57537078857422,-8.836286544799805,31.98695182800293
034_cylinder,put the cylinder on the tray,13,1,272,11.505,1788425019.116552,00012_front_put_the_cylinder_on_the_tray.png,00012_wrist_put_the_cylinder_on_the_tray.png,recap.png,50,0,298,299,-36.747252747252745,41.8021978021978,-45.23076923076923,90.81318681318682,-14.021978021978022,6.506849315068493,-40.16217041015625,41.76421356201172,-40.823150634765625,89.71351623535156,-7.8012895584106445,28.230224609375
034_cylinder,put the cylinder on the tray,13,1,272,11.505,1788425019.116552,00012_front_put_the_cylinder_on_the_tray.png,00012_wrist_put_the_cylinder_on_the_tray.png,recap.png,50,1,299,300,-36.747252747252745,41.8021978021978,-45.23076923076923,90.81318681318682,-14.021978021978022,6.506849315068493,-39.94168472290039,41.841331481933594,-40.24280548095703,89.02629089355469,-7.7322998046875,28.082565307617188
034_cylinder,put the cylinder on the tray,13,1,272,11.505,1788425019.116552,00012_front_put_the_cylinder_on_the_tray.png,00012_wrist_put_the_cylinder_on_the_tray.png,recap.png,50,2,300,301,-36.747252747252745,41.8021978021978,-45.23076923076923,90.81318681318682,-14.021978021978022,6.506849315068493,-40.01955032348633,42.570655822753906,-40.46695327758789,88.43522644042969,-7.636367321014404,28.213144302368164
034_cylinder,put the cylinder on the tray,13,1,272,11.505,1788425019.116552,00012_front_put_the_cylinder_on_the_tray.png,00012_wrist_put_the_cylinder_on_the_tray.png,recap.png,50,3,301,302,-36.747252747252745,41.8021978021978,-45.23076923076923,90.81318681318682,-14.021978021978022,6.506849315068493,-39.848106384277344,42.911537170410156,-39.619293212890625,87.875244140625,-7.7043070793151855,28.174589157104492
034_cylinder,put the cylinder on the tray,13,1,272,11.505,1788425019.116552,00012_front_put_the_cylinder_on_the_tray.png,00012_wrist_put_the_cylinder_on_the_tray.png,recap.png,50,4,302,303,-36.747252747252745,41.8021978021978,-45.23076923076923,90.81318681318682,-14.021978021978022,6.506849315068493,-39.8494873046875,43.569236755371094,-39.5787467956543,87.16995239257812,-7.828457832336426,28.251155853271484
034_cylinder,put the cylinder on the tray,13,1,272,11.505,1788425019.116552,00012_front_put_the_cylinder_on_the_tray.png,00012_wrist_put_the_cylinder_on_the_tray.png,recap.png,50,5,303,304,-36.747252747252745,41.8021978021978,-45.23076923076923,90.81318681318682,-14.021978021978022,6.506849315068493,-39.81178283691406,44.405357360839844,-39.33982467651367,86.693115234375,-7.824008464813232,28.22610092163086
034_cylinder,put the cylinder on the tray,13,1,272,11.505,1788425019.116552,00012_front_put_the_cylinder_on_the_tray.png,00012_wrist_put_the_cylinder_on_the_tray.png,recap.png,50,6,304,305,-36.747252747252745,41.8021978021978,-45.23076923076923,90.81318681318682,-14.021978021978022,6.506849315068493,-39.595909118652344,45.089439392089844,-40.00829315185547,86.40040588378906,-8.010954856872559,28.173503875732422
034_cylinder,put the cylinder on the tray,13,1,272,11.505,1788425019.116552,00012_front_put_the_cylinder_on_the_tray.png,00012_wrist_put_the_cylinder_on_the_tray.png,recap.png,50,7,305,306,-36.747252747252745,41.8021978021978,-45.23076923076923,90.81318681318682,-14.021978021978022,6.506849315068493,-39.51858901977539,45.96637725830078,-39.67131805419922,85.87539672851562,-7.9534993171691895,28.10637664794922
034_cylinder,put the cylinder on the tray,13,1,272,11.505,1788425019.116552,00012_front_put_the_cylinder_on_the_tray.png,00012_wrist_put_the_cylinder_on_the_tray.png,recap.png,50,8,306,307,-36.747252747252745,41.8021978021978,-45.23076923076923,90.81318681318682,-14.021978021978022,6.506849315068493,-39.273643493652344,46.625892639160156,-40.055747985839844,85.20602416992188,-8.161273956298828,28.13243865966797
034_cylinder,put the cylinder on the tray,13,1,272,11.505,1788425019.116552,00012_front_put_the_cylinder_on_the_tray.png,00012_wrist_put_the_cylinder_on_the_tray.png,recap.png,50,9,307,308,-36.747252747252745,41.8021978021978,-45.23076923076923,90.81318681318682,-14.021978021978022,6.506849315068493,-39.17436218261719,47.71935272216797,-40.33462905883789,85.07017517089844,-8.280460357666016,28.125307083129883
034_cylinder,put the cylinder on the tray,13,1,272,11.505,1788425019.116552,00012_front_put_the_cylinder_on_the_tray.png,00012_wrist_put_the_cylinder_on_the_tray.png,recap.png,50,10,308,309,-36.747252747252745,41.8021978021978,-45.23076923076923,90.81318681318682,-14.021978021978022,6.506849315068493,-38.92546081542969,48.86339569091797,-41.1553955078125,85.06047058105469,-8.354567527770996,28.0903263092041
034_cylinder,put the cylinder on the tray,13,1,272,11.505,1788425019.116552,00012_front_put_the_cylinder_on_the_tray.png,00012_wrist_put_the_cylinder_on_the_tray.png,recap.png,50,11,309,310,-36.747252747252745,41.8021978021978,-45.23076923076923,90.81318681318682,-14.021978021978022,6.506849315068493,-38.66049575805664,49.52307891845703,-40.97553253173828,84.8265380859375,-8.367019653320312,28.034883499145508
034_cylinder,put the cylinder on the tray,13,1,272,11.505,1788425019.116552,00012_front_put_the_cylinder_on_the_tray.png,00012_wrist_put_the_cylinder_on_the_tray.png,recap.png,50,12,310,311,-36.747252747252745,41.8021978021978,-45.23076923076923,90.81318681318682,-14.021978021978022,6.506849315068493,-38.3704719543457,49.366065979003906,-41.58710479736328,84.76060485839844,-8.60706901550293,28.104585647583008
034_cylinder,put the cylinder on the tray,13,1,272,11.505,1788425019.116552,00012_front_put_the_cylinder_on_the_tray.png,00012_wrist_put_the_cylinder_on_the_tray.png,recap.png,50,13,311,312,-36.747252747252745,41.8021978021978,-45.23076923076923,90.81318681318682,-14.021978021978022,6.506849315068493,-38.51167297363281,50.896461486816406,-42.57144546508789,84.73296356201172,-8.625226974487305,28.195960998535156
034_cylinder,put the cylinder on the tray,13,1,272,11.505,1788425019.116552,00012_front_put_the_cylinder_on_the_tray.png,00012_wrist_put_the_cylinder_on_the_tray.png,recap.png,50,14,312,313,-36.747252747252745,41.8021978021978,-45.23076923076923,90.81318681318682,-14.021978021978022,6.506849315068493,-38.29374313354492,52.06647491455078,-42.953670501708984,84.9225082397461,-8.594268798828125,28.10228157043457
034_cylinder,put the cylinder on the tray,13,1,272,11.505,1788425019.116552,00012_front_put_the_cylinder_on_the_tray.png,00012_wrist_put_the_cylinder_on_the_tray.png,recap.png,50,15,313,314,-36.747252747252745,41.8021978021978,-45.23076923076923,90.81318681318682,-14.021978021978022,6.506849315068493,-37.990013122558594,52.781639099121094,-43.3140754699707,84.84626770019531,-8.819820404052734,28.076976776123047
034_cylinder,put the cylinder on the tray,13,1,272,11.505,1788425019.116552,00012_front_put_the_cylinder_on_the_tray.png,00012_wrist_put_the_cylinder_on_the_tray.png,recap.png,50,16,314,315,-36.747252747252745,41.8021978021978,-45.23076923076923,90.81318681318682,-14.021978021978022,6.506849315068493,-37.789188385009766,53.90064239501953,-44.29955291748047,85.23297119140625,-8.698673248291016,27.825355529785156
034_cylinder,put the cylinder on the tray,13,1,272,11.505,1788425019.116552,00012_front_put_the_cylinder_on_the_tray.png,00012_wrist_put_the_cylinder_on_the_tray.png,recap.png,50,17,315,316,-36.747252747252745,41.8021978021978,-45.23076923076923,90.81318681318682,-14.021978021978022,6.506849315068493,-37.705509185791016,54.438621520996094,-44.62108612060547,85.48263549804688,-9.082354545593262,27.887142181396484
034_cylinder,put the cylinder on the tray,13,1,272,11.505,1788425019.116552,00012_front_put_the_cylinder_on_the_tray.png,00012_wrist_put_the_cylinder_on_the_tray.png,recap.png,50,18,316,317,-36.747252747252745,41.8021978021978,-45.23076923076923,90.81318681318682,-14.021978021978022,6.506849315068493,-37.763973236083984,55.24999237060547,-45.425048828125,85.69876098632812,-9.26363468170166,27.846588134765625
034_cylinder,put the cylinder on the tray,13,1,272,11.505,1788425019.116552,00012_front_put_the_cylinder_on_the_tray.png,00012_wrist_put_the_cylinder_on_the_tray.png,recap.png,50,19,317,318,-36.747252747252745,41.8021978021978,-45.23076923076923,90.81318681318682,-14.021978021978022,6.506849315068493,-37.47030258178711,55.767494201660156,-46.01447677612305,86.30646514892578,-9.367396354675293,27.35904312133789
034_cylinder,put the cylinder on the tray,13,1,272,11.505,1788425019.116552,00012_front_put_the_cylinder_on_the_tray.png,00012_wrist_put_the_cylinder_on_the_tray.png,recap.png,50,20,318,319,-36.747252747252745,41.8021978021978,-45.23076923076923,90.81318681318682,-14.021978021978022,6.506849315068493,-37.31332015991211,56.25617218017578,-46.728206634521484,86.384521484375,-9.537527084350586,26.658784866333008
034_cylinder,put the cylinder on the tray,13,1,272,11.505,1788425019.116552,00012_front_put_the_cylinder_on_the_tray.png,00012_wrist_put_the_cylinder_on_the_tray.png,recap.png,50,21,319,320,-36.747252747252745,41.8021978021978,-45.23076923076923,90.81318681318682,-14.021978021978022,6.506849315068493,-37.1876335144043,55.903114318847656,-47.667449951171875,86.64661407470703,-9.510908126831055,24.906633377075195
034_cylinder,put the cylinder on the tray,13,1,272,11.505,1788425019.116552,00012_front_put_the_cylinder_on_the_tray.png,00012_wrist_put_the_cylinder_on_the_tray.png,recap.png,50,22,320,321,-36.747252747252745,41.8021978021978,-45.23076923076923,90.81318681318682,-14.021978021978022,6.506849315068493,-37.30402755737305,56.249122619628906,-48.196842193603516,86.82022094726562,-9.519084930419922,22.593334197998047
034_cylinder,put the cylinder on the tray,13,1,272,11.505,1788425019.116552,00012_front_put_the_cylinder_on_the_tray.png,00012_wrist_put_the_cylinder_on_the_tray.png,recap.png,50,23,321,322,-36.747252747252745,41.8021978021978,-45.23076923076923,90.81318681318682,-14.021978021978022,6.506849315068493,-37.48295211791992,56.475791931152344,-48.100189208984375,86.94505310058594,-9.30630111694336,19.83418846130371
034_cylinder,put the cylinder on the tray,14,1,297,12.475,1788425020.0869956,00013_front_put_the_cylinder_on_the_tray.png,00013_wrist_put_the_cylinder_on_the_tray.png,recap.png,50,0,322,323,-17.23076923076923,-7.6923076923076925,24.21978021978022,78.24175824175825,-8.659340659340659,31.643835616438352,-13.676395416259766,4.282279968261719,21.947296142578125,73.61872100830078,-6.889850616455078,30.6063175201416
034_cylinder,put the cylinder on the tray,14,1,297,12.475,1788425020.0869956,00013_front_put_the_cylinder_on_the_tray.png,00013_wrist_put_the_cylinder_on_the_tray.png,recap.png,50,1,323,324,-17.23076923076923,-7.6923076923076925,24.21978021978022,78.24175824175825,-8.659340659340659,31.643835616438352,-13.206411361694336,5.538902282714844,21.790802001953125,72.86451721191406,-6.812536239624023,30.65326499938965
034_cylinder,put the cylinder on the tray,14,1,297,12.475,1788425020.0869956,00013_front_put_the_cylinder_on_the_tray.png,00013_wrist_put_the_cylinder_on_the_tray.png,recap.png,50,2,324,325,-17.23076923076923,-7.6923076923076925,24.21978021978022,78.24175824175825,-8.659340659340659,31.643835616438352,-13.080415725708008,5.778083801269531,21.532852172851562,72.52870178222656,-6.963686943054199,30.5450496673584
034_cylinder,put the cylinder on the tray,14,1,297,12.475,1788425020.0869956,00013_front_put_the_cylinder_on_the_tray.png,00013_wrist_put_the_cylinder_on_the_tray.png,recap.png,50,3,325,326,-17.23076923076923,-7.6923076923076925,24.21978021978022,78.24175824175825,-8.659340659340659,31.643835616438352,-13.242912292480469,7.054145812988281,21.348182678222656,71.70474243164062,-6.910865783691406,30.52166175842285
034_cylinder,put the cylinder on the tray,14,1,297,12.475,1788425020.0869956,00013_front_put_the_cylinder_on_the_tray.png,00013_wrist_put_the_cylinder_on_the_tray.png,recap.png,50,4,326,327,-17.23076923076923,-7.6923076923076925,24.21978021978022,78.24175824175825,-8.659340659340659,31.643835616438352,-12.887678146362305,7.2375030517578125,21.60124969482422,71.56371307373047,-6.925834655761719,30.386993408203125
034_cylinder,put the cylinder on the tray,14,1,297,12.475,1788425020.0869956,00013_front_put_the_cylinder_on_the_tray.png,00013_wrist_put_the_cylinder_on_the_tray.png,recap.png,50,5,327,328,-17.23076923076923,-7.6923076923076925,24.21978021978022,78.24175824175825,-8.659340659340659,31.643835616438352,-12.70777702331543,7.6697998046875,21.635269165039062,71.22710418701172,-6.891285419464111,30.438554763793945
034_cylinder,put the cylinder on the tray,14,1,297,12.475,1788425020.0869956,00013_front_put_the_cylinder_on_the_tray.png,00013_wrist_put_the_cylinder_on_the_tray.png,recap.png,50,6,328,329,-17.23076923076923,-7.6923076923076925,24.21978021978022,78.24175824175825,-8.659340659340659,31.643835616438352,-12.82046890258789,7.407745361328125,20.851402282714844,71.07614135742188,-6.897601127624512,30.494373321533203
034_cylinder,put the cylinder on the tray,14,1,297,12.475,1788425020.0869956,00013_front_put_the_cylinder_on_the_tray.png,00013_wrist_put_the_cylinder_on_the_tray.png,recap.png,50,7,329,330,-17.23076923076923,-7.6923076923076925,24.21978021978022,78.24175824175825,-8.659340659340659,31.643835616438352,-12.608596801757812,8.206375122070312,20.5028076171875,70.72589874267578,-6.979022979736328,30.509489059448242
034_cylinder,put the cylinder on the tray,14,1,297,12.475,1788425020.0869956,00013_front_put_the_cylinder_on_the_tray.png,00013_wrist_put_the_cylinder_on_the_tray.png,recap.png,50,8,330,331,-17.23076923076923,-7.6923076923076925,24.21978021978022,78.24175824175825,-8.659340659340659,31.643835616438352,-12.611188888549805,9.324462890625,21.101356506347656,70.70938873291016,-6.915470123291016,30.272075653076172
034_cylinder,put the cylinder on the tray,14,1,297,12.475,1788425020.0869956,00013_front_put_the_cylinder_on_the_tray.png,00013_wrist_put_the_cylinder_on_the_tray.png,recap.png,50,9,331,332,-17.23076923076923,-7.6923076923076925,24.21978021978022,78.24175824175825,-8.659340659340659,31.643835616438352,-12.281915664672852,9.018455505371094,20.868003845214844,70.76303100585938,-6.9980902671813965,29.55835723876953
034_cylinder,put the cylinder on the tray,14,1,297,12.475,1788425020.0869956,00013_front_put_the_cylinder_on_the_tray.png,00013_wrist_put_the_cylinder_on_the_tray.png,recap.png,50,10,332,333,-17.23076923076923,-7.6923076923076925,24.21978021978022,78.24175824175825,-8.659340659340659,31.643835616438352,-12.229314804077148,9.619461059570312,21.167701721191406,70.47257995605469,-6.969308376312256,28.609621047973633
034_cylinder,put the cylinder on the tray,14,1,297,12.475,1788425020.0869956,00013_front_put_the_cylinder_on_the_tray.png,00013_wrist_put_the_cylinder_on_the_tray.png,recap.png,50,11,333,334,-17.23076923076923,-7.6923076923076925,24.21978021978022,78.24175824175825,-8.659340659340659,31.643835616438352,-11.987062454223633,9.466392517089844,19.691139221191406,70.58772277832031,-7.042139053344727,26.910179138183594
034_cylinder,put the cylinder on the tray,14,1,297,12.475,1788425020.0869956,00013_front_put_the_cylinder_on_the_tray.png,00013_wrist_put_the_cylinder_on_the_tray.png,recap.png,50,12,334,335,-17.23076923076923,-7.6923076923076925,24.21978021978022,78.24175824175825,-8.659340659340659,31.643835616438352,-12.379571914672852,10.45733642578125,19.684364318847656,70.50895690917969,-7.08082389831543,25.00187873840332
034_cylinder,put the cylinder on the tray,14,1,297,12.475,1788425020.0869956,00013_front_put_the_cylinder_on_the_tray.png,00013_wrist_put_the_cylinder_on_the_tray.png,recap.png,50,13,335,336,-17.23076923076923,-7.6923076923076925,24.21978021978022,78.24175824175825,-8.659340659340659,31.643835616438352,-12.279727935791016,10.619346618652344,19.63646697998047,70.65835571289062,-7.078934192657471,22.89345932006836
034_cylinder,put the cylinder on the tray,14,1,297,12.475,1788425020.0869956,00013_front_put_the_cylinder_on_the_tray.png,00013_wrist_put_the_cylinder_on_the_tray.png,recap.png,50,14,336,337,-17.23076923076923,-7.6923076923076925,24.21978021978022,78.24175824175825,-8.659340659340659,31.643835616438352,-12.092460632324219,10.656455993652344,19.44312286376953,70.7183609008789,-7.070640563964844,20.44400978088379
034_cylinder,put the cylinder on the tray,14,1,297,12.475,1788425020.0869956,00013_front_put_the_cylinder_on_the_tray.png,00013_wrist_put_the_cylinder_on_the_tray.png,recap.png,50,15,337,338,-17.23076923076923,-7.6923076923076925,24.21978021978022,78.24175824175825,-8.659340659340659,31.643835616438352,-12.283834457397461,10.630409240722656,19.071273803710938,70.62106323242188,-7.193569660186768,18.181671142578125
034_cylinder,put the cylinder on the tray,14,1,297,12.475,1788425020.0869956,00013_front_put_the_cylinder_on_the_tray.png,00013_wrist_put_the_cylinder_on_the_tray.png,recap.png,50,16,338,339,-17.23076923076923,-7.6923076923076925,24.21978021978022,78.24175824175825,-8.659340659340659,31.643835616438352,-12.243640899658203,10.685836791992188,19.190689086914062,70.91203308105469,-7.294752597808838,16.06696319580078
034_cylinder,put the cylinder on the tray,14,1,297,12.475,1788425020.0869956,00013_front_put_the_cylinder_on_the_tray.png,00013_wrist_put_the_cylinder_on_the_tray.png,recap.png,50,17,339,340,-17.23076923076923,-7.6923076923076925,24.21978021978022,78.24175824175825,-8.659340659340659,31.643835616438352,-11.861427307128906,11.314605712890625,18.866500854492188,70.99781799316406,-7.2557244300842285,14.433141708374023
034_cylinder,put the cylinder on the tray,14,1,297,12.475,1788425020.0869956,00013_front_put_the_cylinder_on_the_tray.png,00013_wrist_put_the_cylinder_on_the_tray.png,recap.png,50,18,340,341,-17.23076923076923,-7.6923076923076925,24.21978021978022,78.24175824175825,-8.659340659340659,31.643835616438352,-12.080318450927734,11.40142822265625,18.500442504882812,71.02012634277344,-7.315501689910889,13.064882278442383
034_cylinder,put the cylinder on the tray,14,1,297,12.475,1788425020.0869956,00013_front_put_the_cylinder_on_the_tray.png,00013_wrist_put_the_cylinder_on_the_tray.png,recap.png,50,19,341,342,-17.23076923076923,-7.6923076923076925,24.21978021978022,78.24175824175825,-8.659340659340659,31.643835616438352,-11.947341918945312,11.545585632324219,18.6400146484375,70.91587829589844,-7.415508270263672,11.91740608215332
034_cylinder,put the cylinder on the tray,14,1,297,12.475,1788425020.0869956,00013_front_put_the_cylinder_on_the_tray.png,00013_wrist_put_the_cylinder_on_the_tray.png,recap.png,50,20,342,343,-17.23076923076923,-7.6923076923076925,24.21978021978022,78.24175824175825,-8.659340659340659,31.643835616438352,-12.010602951049805,11.365272521972656,18.379669189453125,71.05439758300781,-7.5028910636901855,10.807206153869629
034_cylinder,put the cylinder on the tray,14,1,297,12.475,1788425020.0869956,00013_front_put_the_cylinder_on_the_tray.png,00013_wrist_put_the_cylinder_on_the_tray.png,recap.png,50,21,343,344,-17.23076923076923,-7.6923076923076925,24.21978021978022,78.24175824175825,-8.659340659340659,31.643835616438352,-12.31412124633789,12.049705505371094,18.12519073486328,71.24197387695312,-7.646594047546387,9.99549388885498
034_cylinder,put the cylinder on the tray,14,1,297,12.475,1788425020.0869956,00013_front_put_the_cylinder_on_the_tray.png,00013_wrist_put_the_cylinder_on_the_tray.png,recap.png,50,22,344,345,-17.23076923076923,-7.6923076923076925,24.21978021978022,78.24175824175825,-8.659340659340659,31.643835616438352,-12.271795272827148,12.331398010253906,17.26385498046875,71.17205810546875,-7.757030010223389,9.059282302856445
034_cylinder,put the cylinder on the tray,14,1,297,12.475,1788425020.0869956,00013_front_put_the_cylinder_on_the_tray.png,00013_wrist_put_the_cylinder_on_the_tray.png,recap.png,50,23,345,346,-17.23076923076923,-7.6923076923076925,24.21978021978022,78.24175824175825,-8.659340659340659,31.643835616438352,-12.032371520996094,12.205703735351562,17.48627471923828,71.26890563964844,-7.814196586608887,8.646100997924805
034_cylinder,put the cylinder on the tray,14,1,297,12.475,1788425020.0869956,00013_front_put_the_cylinder_on_the_tray.png,00013_wrist_put_the_cylinder_on_the_tray.png,recap.png,50,24,346,347,-17.23076923076923,-7.6923076923076925,24.21978021978022,78.24175824175825,-8.659340659340659,31.643835616438352,-12.151933670043945,12.672721862792969,17.021522521972656,71.42198181152344,-7.935166835784912,7.8257527351379395
034_cylinder,put the cylinder on the tray,15,1,321,13.344,1788425020.9564953,00014_front_put_the_cylinder_on_the_tray.png,00014_wrist_put_the_cylinder_on_the_tray.png,recap.png,50,0,347,348,-38.15384615384615,55.51648351648352,-45.23076923076923,87.03296703296704,-8.835164835164836,25.82191780821918,-41.48495101928711,56.11095428466797,-54.66834259033203,85.92868041992188,-8.185118675231934,9.161774635314941
034_cylinder,put the cylinder on the tray,15,1,321,13.344,1788425020.9564953,00014_front_put_the_cylinder_on_the_tray.png,00014_wrist_put_the_cylinder_on_the_tray.png,recap.png,50,1,348,349,-38.15384615384615,55.51648351648352,-45.23076923076923,87.03296703296704,-8.835164835164836,25.82191780821918,-41.2899169921875,56.211036682128906,-53.85312271118164,86.27789306640625,-8.409917831420898,8.091813087463379
034_cylinder,put the cylinder on the tray,15,1,321,13.344,1788425020.9564953,00014_front_put_the_cylinder_on_the_tray.png,00014_wrist_put_the_cylinder_on_the_tray.png,recap.png,50,2,349,350,-38.15384615384615,55.51648351648352,-45.23076923076923,87.03296703296704,-8.835164835164836,25.82191780821918,-41.60841751098633,55.253318786621094,-53.381595611572266,85.97976684570312,-8.312287330627441,7.247488021850586
034_cylinder,put the cylinder on the tray,15,1,321,13.344,1788425020.9564953,00014_front_put_the_cylinder_on_the_tray.png,00014_wrist_put_the_cylinder_on_the_tray.png,recap.png,50,3,350,351,-38.15384615384615,55.51648351648352,-45.23076923076923,87.03296703296704,-8.835164835164836,25.82191780821918,-41.66632843017578,54.573814392089844,-54.39862060546875,86.28839874267578,-8.220146179199219,6.44156551361084
034_cylinder,put the cylinder on the tray,15,1,321,13.344,1788425020.9564953,00014_front_put_the_cylinder_on_the_tray.png,00014_wrist_put_the_cylinder_on_the_tray.png,recap.png,50,4,351,352,-38.15384615384615,55.51648351648352,-45.23076923076923,87.03296703296704,-8.835164835164836,25.82191780821918,-41.33460235595703,55.30872344970703,-53.97112274169922,86.41853332519531,-8.405362129211426,5.671390533447266
034_cylinder,put the cylinder on the tray,15,1,321,13.344,1788425020.9564953,00014_front_put_the_cylinder_on_the_tray.png,00014_wrist_put_the_cylinder_on_the_tray.png,recap.png,50,5,352,353,-38.15384615384615,55.51648351648352,-45.23076923076923,87.03296703296704,-8.835164835164836,25.82191780821918,-41.291656494140625,54.02574920654297,-54.08190155029297,86.66917419433594,-8.451425552368164,4.830275535583496
034_cylinder,put the cylinder on the tray,15,1,321,13.344,1788425020.9564953,00014_front_put_the_cylinder_on_the_tray.png,00014_wrist_put_the_cylinder_on_the_tray.png,recap.png,50,6,353,354,-38.15384615384615,55.51648351648352,-45.23076923076923,87.03296703296704,-8.835164835164836,25.82191780821918,-41.509521484375,54.447120666503906,-54.1392936706543,87.0691909790039,-8.4204683303833,4.719493865966797
034_cylinder,put the cylinder on the tray,15,1,321,13.344,1788425020.9564953,00014_front_put_the_cylinder_on_the_tray.png,00014_wrist_put_the_cylinder_on_the_tray.png,recap.png,50,7,354,355,-38.15384615384615,55.51648351648352,-45.23076923076923,87.03296703296704,-8.835164835164836,25.82191780821918,-41.46861267089844,53.50116729736328,-54.36349868774414,87.8606948852539,-8.317127227783203,4.861515998840332
034_cylinder,put the cylinder on the tray,15,1,321,13.344,1788425020.9564953,00014_front_put_the_cylinder_on_the_tray.png,00014_wrist_put_the_cylinder_on_the_tray.png,recap.png,50,8,355,356,-38.15384615384615,55.51648351648352,-45.23076923076923,87.03296703296704,-8.835164835164836,25.82191780821918,-41.52954864501953,53.68341827392578,-55.16838073730469,88.37022399902344,-8.526826858520508,5.4779863357543945
034_cylinder,put the cylinder on the tray,15,1,321,13.344,1788425020.9564953,00014_front_put_the_cylinder_on_the_tray.png,00014_wrist_put_the_cylinder_on_the_tray.png,recap.png,50,9,356,357,-38.15384615384615,55.51648351648352,-45.23076923076923,87.03296703296704,-8.835164835164836,25.82191780821918,-41.82392501831055,53.74433135986328,-56.13753890991211,89.42729187011719,-8.42603588104248,5.7520551681518555
034_cylinder,put the cylinder on the tray,15,1,321,13.344,1788425020.9564953,00014_front_put_the_cylinder_on_the_tray.png,00014_wrist_put_the_cylinder_on_the_tray.png,recap.png,50,10,357,358,-38.15384615384615,55.51648351648352,-45.23076923076923,87.03296703296704,-8.835164835164836,25.82191780821918,-41.59452438354492,52.61304473876953,-56.458492279052734,90.14988708496094,-8.507706642150879,6.134443759918213
034_cylinder,put the cylinder on the tray,15,1,321,13.344,1788425020.9564953,00014_front_put_the_cylinder_on_the_tray.png,00014_wrist_put_the_cylinder_on_the_tray.png,recap.png,50,11,358,359,-38.15384615384615,55.51648351648352,-45.23076923076923,87.03296703296704,-8.835164835164836,25.82191780821918,-41.556915283203125,51.359291076660156,-57.32490158081055,91.37391662597656,-8.654233932495117,6.286273956298828
034_cylinder,put the cylinder on the tray,15,1,321,13.344,1788425020.9564953,00014_front_put_the_cylinder_on_the_tray.png,00014_wrist_put_the_cylinder_on_the_tray.png,recap.png,50,12,359,360,-38.15384615384615,55.51648351648352,-45.23076923076923,87.03296703296704,-8.835164835164836,25.82191780821918,-41.428001403808594,51.150245666503906,-58.64244079589844,92.36320495605469,-8.800596237182617,6.2306623458862305
034_cylinder,put the cylinder on the tray,15,1,321,13.344,1788425020.9564953,00014_front_put_the_cylinder_on_the_tray.png,00014_wrist_put_the_cylinder_on_the_tray.png,recap.png,50,13,360,361,-38.15384615384615,55.51648351648352,-45.23076923076923,87.03296703296704,-8.835164835164836,25.82191780821918,-41.47635269165039,51.533790588378906,-59.58503723144531,93.396484375,-8.923835754394531,6.364092826843262
034_cylinder,put the cylinder on the tray,15,1,321,13.344,1788425020.9564953,00014_front_put_the_cylinder_on_the_tray.png,00014_wrist_put_the_cylinder_on_the_tray.png,recap.png,50,14,361,362,-38.15384615384615,55.51648351648352,-45.23076923076923,87.03296703296704,-8.835164835164836,25.82191780821918,-41.43128204345703,50.176124572753906,-60.16403579711914,94.16365051269531,-9.103363037109375,6.3456878662109375
034_cylinder,put the cylinder on the tray,15,1,321,13.344,1788425020.9564953,00014_front_put_the_cylinder_on_the_tray.png,00014_wrist_put_the_cylinder_on_the_tray.png,recap.png,50,15,362,363,-38.15384615384615,55.51648351648352,-45.23076923076923,87.03296703296704,-8.835164835164836,25.82191780821918,-41.93490982055664,49.142601013183594,-61.42873001098633,95.56431579589844,-9.097877502441406,6.234504222869873
034_cylinder,put the cylinder on the tray,15,1,321,13.344,1788425020.9564953,00014_front_put_the_cylinder_on_the_tray.png,00014_wrist_put_the_cylinder_on_the_tray.png,recap.png,50,16,363,364,-38.15384615384615,55.51648351648352,-45.23076923076923,87.03296703296704,-8.835164835164836,25.82191780821918,-41.24848175048828,49.548133850097656,-60.737762451171875,95.96318817138672,-9.136159896850586,6.403309345245361
034_cylinder,put the cylinder on the tray,15,1,321,13.344,1788425020.9564953,00014_front_put_the_cylinder_on_the_tray.png,00014_wrist_put_the_cylinder_on_the_tray.png,recap.png,50,17,364,365,-38.15384615384615,55.51648351648352,-45.23076923076923,87.03296703296704,-8.835164835164836,25.82191780821918,-41.365535736083984,48.330345153808594,-62.97144317626953,96.35502624511719,-9.45490837097168,6.444561958312988
034_cylinder,put the cylinder on the tray,15,1,321,13.344,1788425020.9564953,00014_front_put_the_cylinder_on_the_tray.png,00014_wrist_put_the_cylinder_on_the_tray.png,recap.png,50,18,365,366,-38.15384615384615,55.51648351648352,-45.23076923076923,87.03296703296704,-8.835164835164836,25.82191780821918,-41.152191162109375,47.98894500732422,-62.26801300048828,97.20132446289062,-9.462347984313965,6.462121486663818
034_cylinder,put the cylinder on the tray,15,1,321,13.344,1788425020.9564953,00014_front_put_the_cylinder_on_the_tray.png,00014_wrist_put_the_cylinder_on_the_tray.png,recap.png,50,19,366,367,-38.15384615384615,55.51648351648352,-45.23076923076923,87.03296703296704,-8.835164835164836,25.82191780821918,-40.88123321533203,46.47197723388672,-63.224369049072266,97.71124267578125,-9.58009147644043,6.474721431732178
034_cylinder,put the cylinder on the tray,15,1,321,13.344,1788425020.9564953,00014_front_put_the_cylinder_on_the_tray.png,00014_wrist_put_the_cylinder_on_the_tray.png,recap.png,50,20,367,368,-38.15384615384615,55.51648351648352,-45.23076923076923,87.03296703296704,-8.835164835164836,25.82191780821918,-40.5703125,45.54552459716797,-63.151268005371094,98.27645874023438,-9.747233390808105,6.576459884643555
034_cylinder,put the cylinder on the tray,15,1,321,13.344,1788425020.9564953,00014_front_put_the_cylinder_on_the_tray.png,00014_wrist_put_the_cylinder_on_the_tray.png,recap.png,50,21,368,369,-38.15384615384615,55.51648351648352,-45.23076923076923,87.03296703296704,-8.835164835164836,25.82191780821918,-40.45315170288086,44.62940216064453,-64.16375732421875,98.67453002929688,-9.689376831054688,6.360377311706543
034_cylinder,put the cylinder on the tray,15,1,321,13.344,1788425020.9564953,00014_front_put_the_cylinder_on_the_tray.png,00014_wrist_put_the_cylinder_on_the_tray.png,recap.png,50,22,369,370,-38.15384615384615,55.51648351648352,-45.23076923076923,87.03296703296704,-8.835164835164836,25.82191780821918,-40.161033630371094,43.404518127441406,-63.75992965698242,99.1336898803711,-9.813957214355469,6.472497463226318
034_cylinder,put the cylinder on the tray,15,1,321,13.344,1788425020.9564953,00014_front_put_the_cylinder_on_the_tray.png,00014_wrist_put_the_cylinder_on_the_tray.png,recap.png,50,23,370,371,-38.15384615384615,55.51648351648352,-45.23076923076923,87.03296703296704,-8.835164835164836,25.82191780821918,-40.0535888671875,42.561424255371094,-63.56483459472656,99.67210388183594,-9.728446960449219,6.526889801025391
034_cylinder,put the cylinder on the tray,16,1,346,14.281,1788425021.8980448,00015_front_put_the_cylinder_on_the_tray.png,00015_wrist_put_the_cylinder_on_the_tray.png,recap.png,50,0,371,372,-13.626373626373626,11.648351648351648,17.36263736263736,70.68131868131869,-7.164835164835165,11.027397260273974,-12.122354507446289,5.14752197265625,2.602794647216797,83.1696548461914,-9.1749267578125,5.339020729064941
034_cylinder,put the cylinder on the tray,16,1,346,14.281,1788425021.8980448,00015_front_put_the_cylinder_on_the_tray.png,00015_wrist_put_the_cylinder_on_the_tray.png,recap.png,50,1,372,373,-13.626373626373626,11.648351648351648,17.36263736263736,70.68131868131869,-7.164835164835165,11.027397260273974,-11.498924255371094,3.0598373413085938,2.1544342041015625,83.87548828125,-9.229018211364746,5.766295433044434
034_cylinder,put the cylinder on the tray,16,1,346,14.281,1788425021.8980448,00015_front_put_the_cylinder_on_the_tray.png,00015_wrist_put_the_cylinder_on_the_tray.png,recap.png,50,2,373,374,-13.626373626373626,11.648351648351648,17.36263736263736,70.68131868131869,-7.164835164835165,11.027397260273974,-11.306684494018555,2.8333892822265625,1.5234642028808594,84.74964904785156,-9.195525169372559,5.475822448730469
034_cylinder,put the cylinder on the tray,16,1,346,14.281,1788425021.8980448,00015_front_put_the_cylinder_on_the_tray.png,00015_wrist_put_the_cylinder_on_the_tray.png,recap.png,50,3,374,375,-13.626373626373626,11.648351648351648,17.36263736263736,70.68131868131869,-7.164835164835165,11.027397260273974,-11.506689071655273,1.9899063110351562,0.644805908203125,85.029052734375,-9.126555442810059,5.669203758239746
034_cylinder,put the cylinder on the tray,16,1,346,14.281,1788425021.8980448,00015_front_put_the_cylinder_on_the_tray.png,00015_wrist_put_the_cylinder_on_the_tray.png,recap.png,50,4,375,376,-13.626373626373626,11.648351648351648,17.36263736263736,70.68131868131869,-7.164835164835165,11.027397260273974,-11.193113327026367,0.38434600830078125,1.4449234008789062,85.56724548339844,-8.968696594238281,5.502650260925293
034_cylinder,put the cylinder on the tray,16,1,346,14.281,1788425021.8980448,00015_front_put_the_cylinder_on_the_tray.png,00015_wrist_put_the_cylinder_on_the_tray.png,recap.png,50,5,376,377,-13.626373626373626,11.648351648351648,17.36263736263736,70.68131868131869,-7.164835164835165,11.027397260273974,-10.539636611938477,-1.1192703247070312,0.798248291015625,86.19706726074219,-9.219348907470703,5.516956329345703
034_cylinder,put the cylinder on the tray,16,1,346,14.281,1788425021.8980448,00015_front_put_the_cylinder_on_the_tray.png,00015_wrist_put_the_cylinder_on_the_tray.png,recap.png,50,6,377,378,-13.626373626373626,11.648351648351648,17.36263736263736,70.68131868131869,-7.164835164835165,11.027397260273974,-10.398494720458984,-1.5219345092773438,0.1917877197265625,86.32977294921875,-9.08489990234375,5.915900230407715
034_cylinder,put the cylinder on the tray,16,1,346,14.281,1788425021.8980448,00015_front_put_the_cylinder_on_the_tray.png,00015_wrist_put_the_cylinder_on_the_tray.png,recap.png,50,7,378,379,-13.626373626373626,11.648351648351648,17.36263736263736,70.68131868131869,-7.164835164835165,11.027397260273974,-9.859186172485352,-3.409515380859375,0.3935127258300781,86.53306579589844,-9.044071197509766,5.599121570587158
034_cylinder,put the cylinder on the tray,16,1,346,14.281,1788425021.8980448,00015_front_put_the_cylinder_on_the_tray.png,00015_wrist_put_the_cylinder_on_the_tray.png,recap.png,50,8,379,380,-13.626373626373626,11.648351648351648,17.36263736263736,70.68131868131869,-7.164835164835165,11.027397260273974,-8.983175277709961,-2.716644287109375,-0.7281150817871094,87.11967468261719,-8.90687370300293,5.615592002868652
034_cylinder,put the cylinder on the tray,16,1,346,14.281,1788425021.8980448,00015_front_put_the_cylinder_on_the_tray.png,00015_wrist_put_the_cylinder_on_the_tray.png,recap.png,50,9,380,381,-13.626373626373626,11.648351648351648,17.36263736263736,70.68131868131869,-7.164835164835165,11.027397260273974,-8.525447845458984,-4.689765930175781,-0.6073532104492188,87.57791900634766,-8.930540084838867,5.83853816986084
034_cylinder,put the cylinder on the tray,16,1,346,14.281,1788425021.8980448,00015_front_put_the_cylinder_on_the_tray.png,00015_wrist_put_the_cylinder_on_the_tray.png,recap.png,50,10,381,382,-13.626373626373626,11.648351648351648,17.36263736263736,70.68131868131869,-7.164835164835165,11.027397260273974,-7.854776382446289,-5.232292175292969,-0.9518470764160156,87.72605895996094,-8.938253402709961,5.799588203430176
034_cylinder,put the cylinder on the tray,16,1,346,14.281,1788425021.8980448,00015_front_put_the_cylinder_on_the_tray.png,00015_wrist_put_the_cylinder_on_the_tray.png,recap.png,50,11,382,383,-13.626373626373626,11.648351648351648,17.36263736263736,70.68131868131869,-7.164835164835165,11.027397260273974,-7.034191131591797,-6.4932098388671875,-1.2469139099121094,87.657470703125,-8.679593086242676,5.778689384460449
034_cylinder,put the cylinder on the tray,16,1,346,14.281,1788425021.8980448,00015_front_put_the_cylinder_on_the_tray.png,00015_wrist_put_the_cylinder_on_the_tray.png,recap.png,50,12,383,384,-13.626373626373626,11.648351648351648,17.36263736263736,70.68131868131869,-7.164835164835165,11.027397260273974,-5.630199432373047,-7.49847412109375,-1.0803604125976562,87.46771240234375,-8.91966724395752,5.878629684448242
034_cylinder,put the cylinder on the tray,16,1,346,14.281,1788425021.8980448,00015_front_put_the_cylinder_on_the_tray.png,00015_wrist_put_the_cylinder_on_the_tray.png,recap.png,50,13,384,385,-13.626373626373626,11.648351648351648,17.36263736263736,70.68131868131869,-7.164835164835165,11.027397260273974,-4.776033401489258,-8.671531677246094,-0.9715042114257812,87.3278579711914,-8.756622314453125,5.856889724731445
034_cylinder,put the cylinder on the tray,16,1,346,14.281,1788425021.8980448,00015_front_put_the_cylinder_on_the_tray.png,00015_wrist_put_the_cylinder_on_the_tray.png,recap.png,50,14,385,386,-13.626373626373626,11.648351648351648,17.36263736263736,70.68131868131869,-7.164835164835165,11.027397260273974,-3.7843074798583984,-9.802864074707031,-0.8952522277832031,87.19258117675781,-8.648195266723633,5.946160793304443
034_cylinder,put the cylinder on the tray,16,1,346,14.281,1788425021.8980448,00015_front_put_the_cylinder_on_the_tray.png,00015_wrist_put_the_cylinder_on_the_tray.png,recap.png,50,15,386,387,-13.626373626373626,11.648351648351648,17.36263736263736,70.68131868131869,-7.164835164835165,11.027397260273974,-3.2992496490478516,-10.237434387207031,-0.3943214416503906,87.2186279296875,-8.575785636901855,5.8938069343566895
034_cylinder,put the cylinder on the tray,16,1,346,14.281,1788425021.8980448,00015_front_put_the_cylinder_on_the_tray.png,00015_wrist_put_the_cylinder_on_the_tray.png,recap.png,50,16,387,388,-13.626373626373626,11.648351648351648,17.36263736263736,70.68131868131869,-7.164835164835165,11.027397260273974,-2.394044876098633,-10.353591918945312,-1.4965705871582031,87.11000061035156,-8.275601387023926,6.159904479980469
034_cylinder,put the cylinder on the tray,16,1,346,14.281,1788425021.8980448,00015_front_put_the_cylinder_on_the_tray.png,00015_wrist_put_the_cylinder_on_the_tray.png,recap.png,50,17,388,389,-13.626373626373626,11.648351648351648,17.36263736263736,70.68131868131869,-7.164835164835165,11.027397260273974,-0.99530029296875,-10.765792846679688,-1.6686019897460938,86.72130584716797,-8.333030700683594,5.944141864776611
034_cylinder,put the cylinder on the tray,16,1,346,14.281,1788425021.8980448,00015_front_put_the_cylinder_on_the_tray.png,00015_wrist_put_the_cylinder_on_the_tray.png,recap.png,50,18,389,390,-13.626373626373626,11.648351648351648,17.36263736263736,70.68131868131869,-7.164835164835165,11.027397260273974,0.31328582763671875,-12.419204711914062,-1.6623573303222656,86.26154327392578,-7.839010238647461,6.122542381286621
034_cylinder,put the cylinder on the tray,16,1,346,14.281,1788425021.8980448,00015_front_put_the_cylinder_on_the_tray.png,00015_wrist_put_the_cylinder_on_the_tray.png,recap.png,50,19,390,391,-13.626373626373626,11.648351648351648,17.36263736263736,70.68131868131869,-7.164835164835165,11.027397260273974,1.8782844543457031,-11.599555969238281,-1.2014694213867188,85.44778442382812,-7.511943340301514,5.955732822418213
034_cylinder,put the cylinder on the tray,16,1,346,14.281,1788425021.8980448,00015_front_put_the_cylinder_on_the_tray.png,00015_wrist_put_the_cylinder_on_the_tray.png,recap.png,50,20,391,392,-13.626373626373626,11.648351648351648,17.36263736263736,70.68131868131869,-7.164835164835165,11.027397260273974,2.8832778930664062,-12.2882080078125,-0.06418228149414062,84.9130859375,-7.338719367980957,6.120945930480957
034_cylinder,put the cylinder on the tray,16,1,346,14.281,1788425021.8980448,00015_front_put_the_cylinder_on_the_tray.png,00015_wrist_put_the_cylinder_on_the_tray.png,recap.png,50,21,392,393,-13.626373626373626,11.648351648351648,17.36263736263736,70.68131868131869,-7.164835164835165,11.027397260273974,4.070598602294922,-11.940559387207031,-1.6652030944824219,84.33922576904297,-6.847690582275391,6.009456157684326
034_cylinder,put the cylinder on the tray,16,1,346,14.281,1788425021.8980448,00015_front_put_the_cylinder_on_the_tray.png,00015_wrist_put_the_cylinder_on_the_tray.png,recap.png,50,22,393,394,-13.626373626373626,11.648351648351648,17.36263736263736,70.68131868131869,-7.164835164835165,11.027397260273974,5.183719635009766,-11.4166259765625,-1.0794029235839844,83.75332641601562,-6.627516746520996,5.9433088302612305
034_cylinder,put the cylinder on the tray,16,1,346,14.281,1788425021.8980448,00015_front_put_the_cylinder_on_the_tray.png,00015_wrist_put_the_cylinder_on_the_tray.png,recap.png,50,23,394,395,-13.626373626373626,11.648351648351648,17.36263736263736,70.68131868131869,-7.164835164835165,11.027397260273974,6.419223785400391,-13.145698547363281,-0.0144195556640625,82.81442260742188,-6.136713027954102,5.739897727966309
034_cylinder,put the cylinder on the tray,16,1,346,14.281,1788425021.8980448,00015_front_put_the_cylinder_on_the_tray.png,00015_wrist_put_the_cylinder_on_the_tray.png,recap.png,50,24,395,396,-13.626373626373626,11.648351648351648,17.36263736263736,70.68131868131869,-7.164835164835165,11.027397260273974,7.633506774902344,-11.477943420410156,-1.6400566101074219,82.26704406738281,-6.2131428718566895,5.886846542358398
034_cylinder,put the cylinder on the tray,17,1,370,15.084,1788425022.6946783,00016_front_put_the_cylinder_on_the_tray.png,00016_wrist_put_the_cylinder_on_the_tray.png,recap.png,50,0,396,397,-41.142857142857146,50.24175824175824,-60.879120879120876,97.67032967032966,-9.186813186813186,6.027397260273973,-43.86454772949219,50.723060607910156,-59.618499755859375,96.64530944824219,-4.78649377822876,24.585973739624023
034_cylinder,put the cylinder on the tray,17,1,370,15.084,1788425022.6946783,00016_front_put_the_cylinder_on_the_tray.png,00016_wrist_put_the_cylinder_on_the_tray.png,recap.png,50,1,397,398,-41.142857142857146,50.24175824175824,-60.879120879120876,97.67032967032966,-9.186813186813186,6.027397260273973,-43.7799186706543,51.143409729003906,-59.55226516723633,96.1689682006836,-4.666144371032715,24.799728393554688
034_cylinder,put the cylinder on the tray,17,1,370,15.084,1788425022.6946783,00016_front_put_the_cylinder_on_the_tray.png,00016_wrist_put_the_cylinder_on_the_tray.png,recap.png,50,2,398,399,-41.142857142857146,50.24175824175824,-60.879120879120876,97.67032967032966,-9.186813186813186,6.027397260273973,-43.947444915771484,51.94438934326172,-59.68852996826172,95.90264892578125,-4.734665393829346,25.07528305053711
034_cylinder,put the cylinder on the tray,17,1,370,15.084,1788425022.6946783,00016_front_put_the_cylinder_on_the_tray.png,00016_wrist_put_the_cylinder_on_the_tray.png,recap.png,50,3,399,400,-41.142857142857146,50.24175824175824,-60.879120879120876,97.67032967032966,-9.186813186813186,6.027397260273973,-43.830894470214844,52.527244567871094,-59.34257125854492,95.22213745117188,-4.791837692260742,25.042388916015625
034_cylinder,put the cylinder on the tray,17,1,370,15.084,1788425022.6946783,00016_front_put_the_cylinder_on_the_tray.png,00016_wrist_put_the_cylinder_on_the_tray.png,recap.png,50,4,400,401,-41.142857142857146,50.24175824175824,-60.879120879120876,97.67032967032966,-9.186813186813186,6.027397260273973,-43.66402816772461,52.79755401611328,-59.054649353027344,94.75689697265625,-4.61543083190918,24.96245574951172
034_cylinder,put the cylinder on the tray,17,1,370,15.084,1788425022.6946783,00016_front_put_the_cylinder_on_the_tray.png,00016_wrist_put_the_cylinder_on_the_tray.png,recap.png,50,5,401,402,-41.142857142857146,50.24175824175824,-60.879120879120876,97.67032967032966,-9.186813186813186,6.027397260273973,-43.649383544921875,53.237586975097656,-58.77456283569336,94.53267669677734,-4.5019001960754395,24.97881317138672
034_cylinder,put the cylinder on the tray,17,1,370,15.084,1788425022.6946783,00016_front_put_the_cylinder_on_the_tray.png,00016_wrist_put_the_cylinder_on_the_tray.png,recap.png,50,6,402,403,-41.142857142857146,50.24175824175824,-60.879120879120876,97.67032967032966,-9.186813186813186,6.027397260273973,-43.71784973144531,53.52251434326172,-58.805938720703125,93.83372497558594,-4.373987197875977,24.956405639648438
034_cylinder,put the cylinder on the tray,17,1,370,15.084,1788425022.6946783,00016_front_put_the_cylinder_on_the_tray.png,00016_wrist_put_the_cylinder_on_the_tray.png,recap.png,50,7,403,404,-41.142857142857146,50.24175824175824,-60.879120879120876,97.67032967032966,-9.186813186813186,6.027397260273973,-43.934730529785156,54.323890686035156,-58.20220947265625,93.43338775634766,-4.070376396179199,25.19706153869629
034_cylinder,put the cylinder on the tray,17,1,370,15.084,1788425022.6946783,00016_front_put_the_cylinder_on_the_tray.png,00016_wrist_put_the_cylinder_on_the_tray.png,recap.png,50,8,404,405,-41.142857142857146,50.24175824175824,-60.879120879120876,97.67032967032966,-9.186813186813186,6.027397260273973,-43.804962158203125,54.712562561035156,-58.27229690551758,92.81111145019531,-3.8195180892944336,25.479480743408203
034_cylinder,put the cylinder on the tray,17,1,370,15.084,1788425022.6946783,00016_front_put_the_cylinder_on_the_tray.png,00016_wrist_put_the_cylinder_on_the_tray.png,recap.png,50,9,405,406,-41.142857142857146,50.24175824175824,-60.879120879120876,97.67032967032966,-9.186813186813186,6.027397260273973,-43.70866012573242,55.25476837158203,-57.728755950927734,92.18716430664062,-3.4096364974975586,25.834579467773438
034_cylinder,put the cylinder on the tray,17,1,370,15.084,1788425022.6946783,00016_front_put_the_cylinder_on_the_tray.png,00016_wrist_put_the_cylinder_on_the_tray.png,recap.png,50,10,406,407,-41.142857142857146,50.24175824175824,-60.879120879120876,97.67032967032966,-9.186813186813186,6.027397260273973,-43.724029541015625,55.619285583496094,-57.4022216796875,91.80299377441406,-3.0994796752929688,26.34628677368164
034_cylinder,put the cylinder on the tray,17,1,370,15.084,1788425022.6946783,00016_front_put_the_cylinder_on_the_tray.png,00016_wrist_put_the_cylinder_on_the_tray.png,recap.png,50,11,407,408,-41.142857142857146,50.24175824175824,-60.879120879120876,97.67032967032966,-9.186813186813186,6.027397260273973,-43.682762145996094,56.244407653808594,-57.146766662597656,91.39286804199219,-2.852123260498047,26.601688385009766
034_cylinder,put the cylinder on the tray,17,1,370,15.084,1788425022.6946783,00016_front_put_the_cylinder_on_the_tray.png,00016_wrist_put_the_cylinder_on_the_tray.png,recap.png,50,12,408,409,-41.142857142857146,50.24175824175824,-60.879120879120876,97.67032967032966,-9.186813186813186,6.027397260273973,-43.52824020385742,57.02008819580078,-57.560184478759766,90.84268188476562,-2.849987030029297,27.040847778320312
034_cylinder,put the cylinder on the tray,17,1,370,15.084,1788425022.6946783,00016_front_put_the_cylinder_on_the_tray.png,00016_wrist_put_the_cylinder_on_the_tray.png,recap.png,50,13,409,410,-41.142857142857146,50.24175824175824,-60.879120879120876,97.67032967032966,-9.186813186813186,6.027397260273973,-43.656288146972656,57.30219268798828,-57.43783187866211,90.40333557128906,-2.7734994888305664,27.121482849121094
034_cylinder,put the cylinder on the tray,17,1,370,15.084,1788425022.6946783,00016_front_put_the_cylinder_on_the_tray.png,00016_wrist_put_the_cylinder_on_the_tray.png,recap.png,50,14,410,411,-41.142857142857146,50.24175824175824,-60.879120879120876,97.67032967032966,-9.186813186813186,6.027397260273973,-43.495391845703125,57.93914031982422,-57.73145294189453,90.14912414550781,-2.744485855102539,27.338146209716797
034_cylinder,put the cylinder on the tray,17,1,370,15.084,1788425022.6946783,00016_front_put_the_cylinder_on_the_tray.png,00016_wrist_put_the_cylinder_on_the_tray.png,recap.png,50,15,411,412,-41.142857142857146,50.24175824175824,-60.879120879120876,97.67032967032966,-9.186813186813186,6.027397260273973,-43.537471771240234,58.65198516845703,-58.08785629272461,89.95962524414062,-2.779210090637207,27.412939071655273
034_cylinder,put the cylinder on the tray,17,1,370,15.084,1788425022.6946783,00016_front_put_the_cylinder_on_the_tray.png,00016_wrist_put_the_cylinder_on_the_tray.png,recap.png,50,16,412,413,-41.142857142857146,50.24175824175824,-60.879120879120876,97.67032967032966,-9.186813186813186,6.027397260273973,-43.27585983276367,58.99138641357422,-57.91313552856445,89.7225570678711,-2.7151689529418945,27.26360511779785
034_cylinder,put the cylinder on the tray,17,1,370,15.084,1788425022.6946783,00016_front_put_the_cylinder_on_the_tray.png,00016_wrist_put_the_cylinder_on_the_tray.png,recap.png,50,17,413,414,-41.142857142857146,50.24175824175824,-60.879120879120876,97.67032967032966,-9.186813186813186,6.027397260273973,-43.13155746459961,59.313438415527344,-58.00069808959961,89.624267578125,-2.770941734313965,27.18202781677246
034_cylinder,put the cylinder on the tray,17,1,370,15.084,1788425022.6946783,00016_front_put_the_cylinder_on_the_tray.png,00016_wrist_put_the_cylinder_on_the_tray.png,recap.png,50,18,414,415,-41.142857142857146,50.24175824175824,-60.879120879120876,97.67032967032966,-9.186813186813186,6.027397260273973,-43.019100189208984,60.25354766845703,-58.60190200805664,89.39474487304688,-2.684506416320801,27.17936134338379
034_cylinder,put the cylinder on the tray,17,1,370,15.084,1788425022.6946783,00016_front_put_the_cylinder_on_the_tray.png,00016_wrist_put_the_cylinder_on_the_tray.png,recap.png,50,19,415,416,-41.142857142857146,50.24175824175824,-60.879120879120876,97.67032967032966,-9.186813186813186,6.027397260273973,-43.133846282958984,59.970298767089844,-58.33074188232422,89.26316833496094,-2.6222476959228516,26.9814453125
034_cylinder,put the cylinder on the tray,17,1,370,15.084,1788425022.6946783,00016_front_put_the_cylinder_on_the_tray.png,00016_wrist_put_the_cylinder_on_the_tray.png,recap.png,50,20,416,417,-41.142857142857146,50.24175824175824,-60.879120879120876,97.67032967032966,-9.186813186813186,6.027397260273973,-42.8753776550293,60.02843475341797,-58.80702590942383,89.20008850097656,-2.443103790283203,26.922765731811523
034_cylinder,put the cylinder on the tray,17,1,370,15.084,1788425022.6946783,00016_front_put_the_cylinder_on_the_tray.png,00016_wrist_put_the_cylinder_on_the_tray.png,recap.png,50,21,417,418,-41.142857142857146,50.24175824175824,-60.879120879120876,97.67032967032966,-9.186813186813186,6.027397260273973,-42.81434631347656,60.349937438964844,-58.45574951171875,88.84710693359375,-2.270580291748047,26.724733352661133
034_cylinder,put the cylinder on the tray,17,1,370,15.084,1788425022.6946783,00016_front_put_the_cylinder_on_the_tray.png,00016_wrist_put_the_cylinder_on_the_tray.png,recap.png,50,22,418,419,-41.142857142857146,50.24175824175824,-60.879120879120876,97.67032967032966,-9.186813186813186,6.027397260273973,-42.256004333496094,61.02643585205078,-58.81035614013672,88.66188049316406,-2.2732086181640625,26.174922943115234
034_cylinder,put the cylinder on the tray,17,1,370,15.084,1788425022.6946783,00016_front_put_the_cylinder_on_the_tray.png,00016_wrist_put_the_cylinder_on_the_tray.png,recap.png,50,23,419,420,-41.142857142857146,50.24175824175824,-60.879120879120876,97.67032967032966,-9.186813186813186,6.027397260273973,-42.28850555419922,61.43860626220703,-58.481624603271484,88.40866088867188,-2.211422920227051,24.692203521728516
034_cylinder,put the cylinder on the tray,18,1,395,16.02,1788425023.6316767,00017_front_put_the_cylinder_on_the_tray.png,00017_wrist_put_the_cylinder_on_the_tray.png,recap.png,50,0,420,421,3.4285714285714284,-9.626373626373626,-0.04395604395604396,85.18681318681318,-7.164835164835165,5.616438356164384,-3.947225570678711,-16.78461456298828,14.196617126464844,81.0980224609375,6.852512359619141,28.537193298339844
034_cylinder,put the cylinder on the tray,18,1,395,16.02,1788425023.6316767,00017_front_put_the_cylinder_on_the_tray.png,00017_wrist_put_the_cylinder_on_the_tray.png,recap.png,50,1,421,422,3.4285714285714284,-9.626373626373626,-0.04395604395604396,85.18681318681318,-7.164835164835165,5.616438356164384,-3.9530773162841797,-16.477859497070312,14.37176513671875,81.26817321777344,6.948755264282227,28.662355422973633
034_cylinder,put the cylinder on the tray,18,1,395,16.02,1788425023.6316767,00017_front_put_the_cylinder_on_the_tray.png,00017_wrist_put_the_cylinder_on_the_tray.png,recap.png,50,2,422,423,3.4285714285714284,-9.626373626373626,-0.04395604395604396,85.18681318681318,-7.164835164835165,5.616438356164384,-4.189279556274414,-16.948257446289062,13.879264831542969,81.26609802246094,7.071926116943359,28.571163177490234
034_cylinder,put the cylinder on the tray,18,1,395,16.02,1788425023.6316767,00017_front_put_the_cylinder_on_the_tray.png,00017_wrist_put_the_cylinder_on_the_tray.png,recap.png,50,3,423,424,3.4285714285714284,-9.626373626373626,-0.04395604395604396,85.18681318681318,-7.164835164835165,5.616438356164384,-4.17704963684082,-15.905296325683594,14.343978881835938,81.61842346191406,7.144123077392578,28.695327758789062
034_cylinder,put the cylinder on the tray,18,1,395,16.02,1788425023.6316767,00017_front_put_the_cylinder_on_the_tray.png,00017_wrist_put_the_cylinder_on_the_tray.png,recap.png,50,4,424,425,3.4285714285714284,-9.626373626373626,-0.04395604395604396,85.18681318681318,-7.164835164835165,5.616438356164384,-4.073579788208008,-15.40313720703125,14.317398071289062,81.69843292236328,7.120994567871094,29.086345672607422
034_cylinder,put the cylinder on the tray,18,1,395,16.02,1788425023.6316767,00017_front_put_the_cylinder_on_the_tray.png,00017_wrist_put_the_cylinder_on_the_tray.png,recap.png,50,5,425,426,3.4285714285714284,-9.626373626373626,-0.04395604395604396,85.18681318681318,-7.164835164835165,5.616438356164384,-3.9225502014160156,-14.708267211914062,13.566383361816406,81.75911712646484,7.063732147216797,29.707448959350586
034_cylinder,put the cylinder on the tray,18,1,395,16.02,1788425023.6316767,00017_front_put_the_cylinder_on_the_tray.png,00017_wrist_put_the_cylinder_on_the_tray.png,recap.png,50,6,426,427,3.4285714285714284,-9.626373626373626,-0.04395604395604396,85.18681318681318,-7.164835164835165,5.616438356164384,-3.6265335083007812,-13.498458862304688,13.167839050292969,82.0413818359375,7.0814971923828125,30.569576263427734
034_cylinder,put the cylinder on the tray,18,1,395,16.02,1788425023.6316767,00017_front_put_the_cylinder_on_the_tray.png,00017_wrist_put_the_cylinder_on_the_tray.png,recap.png,50,7,427,428,3.4285714285714284,-9.626373626373626,-0.04395604395604396,85.18681318681318,-7.164835164835165,5.616438356164384,-3.456033706665039,-12.226181030273438,12.273941040039062,82.22590637207031,7.112665176391602,31.142972946166992
034_cylinder,put the cylinder on the tray,18,1,395,16.02,1788425023.6316767,00017_front_put_the_cylinder_on_the_tray.png,00017_wrist_put_the_cylinder_on_the_tray.png,recap.png,50,8,428,429,3.4285714285714284,-9.626373626373626,-0.04395604395604396,85.18681318681318,-7.164835164835165,5.616438356164384,-3.145416259765625,-10.186492919921875,12.344940185546875,82.50347137451172,7.272001266479492,32.040794372558594
034_cylinder,put the cylinder on the tray,18,1,395,16.02,1788425023.6316767,00017_front_put_the_cylinder_on_the_tray.png,00017_wrist_put_the_cylinder_on_the_tray.png,recap.png,50,9,429,430,3.4285714285714284,-9.626373626373626,-0.04395604395604396,85.18681318681318,-7.164835164835165,5.616438356164384,-2.9435176849365234,-9.350837707519531,11.321357727050781,82.70884704589844,7.32301139831543,32.667823791503906
034_cylinder,put the cylinder on the tray,18,1,395,16.02,1788425023.6316767,00017_front_put_the_cylinder_on_the_tray.png,00017_wrist_put_the_cylinder_on_the_tray.png,recap.png,50,10,430,431,3.4285714285714284,-9.626373626373626,-0.04395604395604396,85.18681318681318,-7.164835164835165,5.616438356164384,-2.6121559143066406,-8.123756408691406,10.651535034179688,82.91426849365234,7.649417877197266,33.00176239013672
034_cylinder,put the cylinder on the tray,18,1,395,16.02,1788425023.6316767,00017_front_put_the_cylinder_on_the_tray.png,00017_wrist_put_the_cylinder_on_the_tray.png,recap.png,50,11,431,432,3.4285714285714284,-9.626373626373626,-0.04395604395604396,85.18681318681318,-7.164835164835165,5.616438356164384,-2.4454078674316406,-6.436653137207031,9.841781616210938,82.92042541503906,8.04981803894043,33.284420013427734
034_cylinder,put the cylinder on the tray,18,1,395,16.02,1788425023.6316767,00017_front_put_the_cylinder_on_the_tray.png,00017_wrist_put_the_cylinder_on_the_tray.png,recap.png,50,12,432,433,3.4285714285714284,-9.626373626373626,-0.04395604395604396,85.18681318681318,-7.164835164835165,5.616438356164384,-2.246541976928711,-5.004066467285156,8.851882934570312,82.95985412597656,8.403036117553711,33.362369537353516
034_cylinder,put the cylinder on the tray,18,1,395,16.02,1788425023.6316767,00017_front_put_the_cylinder_on_the_tray.png,00017_wrist_put_the_cylinder_on_the_tray.png,recap.png,50,13,433,434,3.4285714285714284,-9.626373626373626,-0.04395604395604396,85.18681318681318,-7.164835164835165,5.616438356164384,-2.0282211303710938,-3.7172012329101562,9.034812927246094,83.02354431152344,8.706607818603516,33.453697204589844
034_cylinder,put the cylinder on the tray,18,1,395,16.02,1788425023.6316767,00017_front_put_the_cylinder_on_the_tray.png,00017_wrist_put_the_cylinder_on_the_tray.png,recap.png,50,14,434,435,3.4285714285714284,-9.626373626373626,-0.04395604395604396,85.18681318681318,-7.164835164835165,5.616438356164384,-2.073324203491211,-2.5484161376953125,8.170036315917969,83.00227355957031,8.907308578491211,33.930023193359375
034_cylinder,put the cylinder on the tray,18,1,395,16.02,1788425023.6316767,00017_front_put_the_cylinder_on_the_tray.png,00017_wrist_put_the_cylinder_on_the_tray.png,recap.png,50,15,435,436,3.4285714285714284,-9.626373626373626,-0.04395604395604396,85.18681318681318,-7.164835164835165,5.616438356164384,-1.9290218353271484,-1.7192459106445312,7.553676605224609,83.05794525146484,9.063440322875977,33.99175262451172
034_cylinder,put the cylinder on the tray,18,1,395,16.02,1788425023.6316767,00017_front_put_the_cylinder_on_the_tray.png,00017_wrist_put_the_cylinder_on_the_tray.png,recap.png,50,16,436,437,3.4285714285714284,-9.626373626373626,-0.04395604395604396,85.18681318681318,-7.164835164835165,5.616438356164384,-1.724954605102539,-0.482086181640625,6.7948150634765625,83.11416625976562,9.099212646484375,34.27645492553711
034_cylinder,put the cylinder on the tray,18,1,395,16.02,1788425023.6316767,00017_front_put_the_cylinder_on_the_tray.png,00017_wrist_put_the_cylinder_on_the_tray.png,recap.png,50,17,437,438,3.4285714285714284,-9.626373626373626,-0.04395604395604396,85.18681318681318,-7.164835164835165,5.616438356164384,-1.9055862426757812,0.33770751953125,6.472484588623047,82.988037109375,9.114810943603516,34.57798767089844
034_cylinder,put the cylinder on the tray,18,1,395,16.02,1788425023.6316767,00017_front_put_the_cylinder_on_the_tray.png,00017_wrist_put_the_cylinder_on_the_tray.png,recap.png,50,18,438,439,3.4285714285714284,-9.626373626373626,-0.04395604395604396,85.18681318681318,-7.164835164835165,5.616438356164384,-1.8465194702148438,1.6117019653320312,5.590076446533203,83.26261901855469,9.121400833129883,34.784141540527344
034_cylinder,put the cylinder on the tray,18,1,395,16.02,1788425023.6316767,00017_front_put_the_cylinder_on_the_tray.png,00017_wrist_put_the_cylinder_on_the_tray.png,recap.png,50,19,439,440,3.4285714285714284,-9.626373626373626,-0.04395604395604396,85.18681318681318,-7.164835164835165,5.616438356164384,-1.8726997375488281,2.4547500610351562,5.034778594970703,83.13526916503906,9.070369720458984,35.02587127685547
034_cylinder,put the cylinder on the tray,18,1,395,16.02,1788425023.6316767,00017_front_put_the_cylinder_on_the_tray.png,00017_wrist_put_the_cylinder_on_the_tray.png,recap.png,50,20,440,441,3.4285714285714284,-9.626373626373626,-0.04395604395604396,85.18681318681318,-7.164835164835165,5.616438356164384,-1.8538990020751953,3.36871337890625,4.267097473144531,83.23799133300781,9.120899200439453,35.175636291503906
034_cylinder,put the cylinder on the tray,18,1,395,16.02,1788425023.6316767,00017_front_put_the_cylinder_on_the_tray.png,00017_wrist_put_the_cylinder_on_the_tray.png,recap.png,50,21,441,442,3.4285714285714284,-9.626373626373626,-0.04395604395604396,85.18681318681318,-7.164835164835165,5.616438356164384,-1.7622756958007812,4.4232940673828125,3.4654922485351562,83.24382019042969,9.029043197631836,35.814266204833984
034_cylinder,put the cylinder on the tray,18,1,395,16.02,1788425023.6316767,00017_front_put_the_cylinder_on_the_tray.png,00017_wrist_put_the_cylinder_on_the_tray.png,recap.png,50,22,442,443,3.4285714285714284,-9.626373626373626,-0.04395604395604396,85.18681318681318,-7.164835164835165,5.616438356164384,-1.6755809783935547,6.0367279052734375,2.6450538635253906,83.62063598632812,8.96623420715332,36.30473709106445
034_cylinder,put the cylinder on the tray,18,1,395,16.02,1788425023.6316767,00017_front_put_the_cylinder_on_the_tray.png,00017_wrist_put_the_cylinder_on_the_tray.png,recap.png,50,23,443,444,3.4285714285714284,-9.626373626373626,-0.04395604395604396,85.18681318681318,-7.164835164835165,5.616438356164384,-1.6603546142578125,7.066162109375,1.6413421630859375,83.63298034667969,9.066328048706055,36.468650817871094
034_cylinder,put the cylinder on the tray,18,1,395,16.02,1788425023.6316767,00017_front_put_the_cylinder_on_the_tray.png,00017_wrist_put_the_cylinder_on_the_tray.png,recap.png,50,24,444,445,3.4285714285714284,-9.626373626373626,-0.04395604395604396,85.18681318681318,-7.164835164835165,5.616438356164384,-1.641580581665039,8.038803100585938,1.0158615112304688,83.99404907226562,9.072296142578125,36.693450927734375
034_cylinder,put the cylinder on the tray,19,1,419,16.923,1788425024.5393252,00018_front_put_the_cylinder_on_the_tray.png,00018_wrist_put_the_cylinder_on_the_tray.png,recap.png,50,0,445,446,-43.07692307692308,58.76923076923077,-58.68131868131868,90.9010989010989,-3.120879120879121,26.71232876712329,-42.05537796020508,61.79932403564453,-58.25127410888672,91.42750549316406,-2.7980308532714844,27.101016998291016
034_cylinder,put the cylinder on the tray,19,1,419,16.923,1788425024.5393252,00018_front_put_the_cylinder_on_the_tray.png,00018_wrist_put_the_cylinder_on_the_tray.png,recap.png,50,1,446,447,-43.07692307692308,58.76923076923077,-58.68131868131868,90.9010989010989,-3.120879120879121,26.71232876712329,-41.92900466918945,61.789024353027344,-58.212913513183594,91.41206359863281,-2.871588706970215,24.28986930847168
034_cylinder,put the cylinder on the tray,19,1,419,16.923,1788425024.5393252,00018_front_put_the_cylinder_on_the_tray.png,00018_wrist_put_the_cylinder_on_the_tray.png,recap.png,50,2,447,448,-43.07692307692308,58.76923076923077,-58.68131868131868,90.9010989010989,-3.120879120879121,26.71232876712329,-42.00550079345703,61.59522247314453,-58.71515655517578,91.16740417480469,-2.866485595703125,20.598674774169922
034_cylinder,put the cylinder on the tray,19,1,419,16.923,1788425024.5393252,00018_front_put_the_cylinder_on_the_tray.png,00018_wrist_put_the_cylinder_on_the_tray.png,recap.png,50,3,448,449,-43.07692307692308,58.76923076923077,-58.68131868131868,90.9010989010989,-3.120879120879121,26.71232876712329,-42.18833923339844,61.438133239746094,-58.917964935302734,91.00953674316406,-2.8865175247192383,16.475088119506836
034_cylinder,put the cylinder on the tray,19,1,419,16.923,1788425024.5393252,00018_front_put_the_cylinder_on_the_tray.png,00018_wrist_put_the_cylinder_on_the_tray.png,recap.png,50,4,449,450,-43.07692307692308,58.76923076923077,-58.68131868131868,90.9010989010989,-3.120879120879121,26.71232876712329,-42.1188850402832,61.596702575683594,-58.79402542114258,90.72706604003906,-2.9463090896606445,12.659915924072266
034_cylinder,put the cylinder on the tray,19,1,419,16.923,1788425024.5393252,00018_front_put_the_cylinder_on_the_tray.png,00018_wrist_put_the_cylinder_on_the_tray.png,recap.png,50,5,450,451,-43.07692307692308,58.76923076923077,-58.68131868131868,90.9010989010989,-3.120879120879121,26.71232876712329,-42.24141311645508,60.87230682373047,-58.259849548339844,90.3388900756836,-3.0276832580566406,9.54346752166748
034_cylinder,put the cylinder on the tray,19,1,419,16.923,1788425024.5393252,00018_front_put_the_cylinder_on_the_tray.png,00018_wrist_put_the_cylinder_on_the_tray.png,recap.png,50,6,451,452,-43.07692307692308,58.76923076923077,-58.68131868131868,90.9010989010989,-3.120879120879121,26.71232876712329,-42.21133804321289,60.78942108154297,-58.10140609741211,90.1990966796875,-3.183730125427246,7.7889790534973145
034_cylinder,put the cylinder on the tray,19,1,419,16.923,1788425024.5393252,00018_front_put_the_cylinder_on_the_tray.png,00018_wrist_put_the_cylinder_on_the_tray.png,recap.png,50,7,452,453,-43.07692307692308,58.76923076923077,-58.68131868131868,90.9010989010989,-3.120879120879121,26.71232876712329,-42.246620178222656,60.86450958251953,-58.314788818359375,90.03673553466797,-3.2717933654785156,6.404294967651367
034_cylinder,put the cylinder on the tray,19,1,419,16.923,1788425024.5393252,00018_front_put_the_cylinder_on_the_tray.png,00018_wrist_put_the_cylinder_on_the_tray.png,recap.png,50,8,453,454,-43.07692307692308,58.76923076923077,-58.68131868131868,90.9010989010989,-3.120879120879121,26.71232876712329,-42.16911697387695,60.463783264160156,-58.20537185668945,89.8632583618164,-3.362687110900879,5.5350518226623535
034_cylinder,put the cylinder on the tray,19,1,419,16.923,1788425024.5393252,00018_front_put_the_cylinder_on_the_tray.png,00018_wrist_put_the_cylinder_on_the_tray.png,recap.png,50,9,454,455,-43.07692307692308,58.76923076923077,-58.68131868131868,90.9010989010989,-3.120879120879121,26.71232876712329,-42.354034423828125,60.55565643310547,-57.962249755859375,89.74427032470703,-3.363485336303711,4.9803361892700195
034_cylinder,put the cylinder on the tray,19,1,419,16.923,1788425024.5393252,00018_front_put_the_cylinder_on_the_tray.png,00018_wrist_put_the_cylinder_on_the_tray.png,recap.png,50,10,455,456,-43.07692307692308,58.76923076923077,-58.68131868131868,90.9010989010989,-3.120879120879121,26.71232876712329,-42.27861785888672,60.30541229248047,-57.94968032836914,89.68827819824219,-3.470052719116211,4.750004768371582
034_cylinder,put the cylinder on the tray,19,1,419,16.923,1788425024.5393252,00018_front_put_the_cylinder_on_the_tray.png,00018_wrist_put_the_cylinder_on_the_tray.png,recap.png,50,11,456,457,-43.07692307692308,58.76923076923077,-58.68131868131868,90.9010989010989,-3.120879120879121,26.71232876712329,-42.148502349853516,59.91956329345703,-57.753299713134766,89.67691040039062,-3.614439010620117,4.6737236976623535
034_cylinder,put the cylinder on the tray,19,1,419,16.923,1788425024.5393252,00018_front_put_the_cylinder_on_the_tray.png,00018_wrist_put_the_cylinder_on_the_tray.png,recap.png,50,12,457,458,-43.07692307692308,58.76923076923077,-58.68131868131868,90.9010989010989,-3.120879120879121,26.71232876712329,-42.054481506347656,59.47643280029297,-57.57427215576172,89.65460205078125,-3.714986801147461,4.824638366699219
034_cylinder,put the cylinder on the tray,19,1,419,16.923,1788425024.5393252,00018_front_put_the_cylinder_on_the_tray.png,00018_wrist_put_the_cylinder_on_the_tray.png,recap.png,50,13,458,459,-43.07692307692308,58.76923076923077,-58.68131868131868,90.9010989010989,-3.120879120879121,26.71232876712329,-41.97930908203125,59.434913635253906,-57.700340270996094,89.79783630371094,-3.81246280670166,4.741026401519775
034_cylinder,put the cylinder on the tray,19,1,419,16.923,1788425024.5393252,00018_front_put_the_cylinder_on_the_tray.png,00018_wrist_put_the_cylinder_on_the_tray.png,recap.png,50,14,459,460,-43.07692307692308,58.76923076923077,-58.68131868131868,90.9010989010989,-3.120879120879121,26.71232876712329,-42.17017364501953,59.32617950439453,-58.119712829589844,90.00688171386719,-3.98806095123291,4.836647033691406
034_cylinder,put the cylinder on the tray,19,1,419,16.923,1788425024.5393252,00018_front_put_the_cylinder_on_the_tray.png,00018_wrist_put_the_cylinder_on_the_tray.png,recap.png,50,15,460,461,-43.07692307692308,58.76923076923077,-58.68131868131868,90.9010989010989,-3.120879120879121,26.71232876712329,-41.934120178222656,59.424781799316406,-58.172786712646484,90.30500030517578,-4.002795219421387,4.699734687805176
034_cylinder,put the cylinder on the tray,19,1,419,16.923,1788425024.5393252,00018_front_put_the_cylinder_on_the_tray.png,00018_wrist_put_the_cylinder_on_the_tray.png,recap.png,50,16,461,462,-43.07692307692308,58.76923076923077,-58.68131868131868,90.9010989010989,-3.120879120879121,26.71232876712329,-41.72040939331055,59.04376983642578,-58.21556091308594,90.1680908203125,-3.9865665435791016,4.208481788635254
034_cylinder,put the cylinder on the tray,19,1,419,16.923,1788425024.5393252,00018_front_put_the_cylinder_on_the_tray.png,00018_wrist_put_the_cylinder_on_the_tray.png,recap.png,50,17,462,463,-43.07692307692308,58.76923076923077,-58.68131868131868,90.9010989010989,-3.120879120879121,26.71232876712329,-41.974761962890625,59.56549835205078,-58.56784439086914,90.3934326171875,-4.0516862869262695,3.9883663654327393
034_cylinder,put the cylinder on the tray,19,1,419,16.923,1788425024.5393252,00018_front_put_the_cylinder_on_the_tray.png,00018_wrist_put_the_cylinder_on_the_tray.png,recap.png,50,18,463,464,-43.07692307692308,58.76923076923077,-58.68131868131868,90.9010989010989,-3.120879120879121,26.71232876712329,-41.790748596191406,58.85686492919922,-58.33458709716797,90.97943878173828,-4.103923797607422,3.8476545810699463
034_cylinder,put the cylinder on the tray,19,1,419,16.923,1788425024.5393252,00018_front_put_the_cylinder_on_the_tray.png,00018_wrist_put_the_cylinder_on_the_tray.png,recap.png,50,19,464,465,-43.07692307692308,58.76923076923077,-58.68131868131868,90.9010989010989,-3.120879120879121,26.71232876712329,-41.912879943847656,58.797142028808594,-59.24864959716797,91.29336547851562,-4.190750598907471,3.710020065307617
034_cylinder,put the cylinder on the tray,19,1,419,16.923,1788425024.5393252,00018_front_put_the_cylinder_on_the_tray.png,00018_wrist_put_the_cylinder_on_the_tray.png,recap.png,50,20,465,466,-43.07692307692308,58.76923076923077,-58.68131868131868,90.9010989010989,-3.120879120879121,26.71232876712329,-41.782997131347656,58.76251983642578,-59.5904655456543,91.51644897460938,-4.328017711639404,3.6628968715667725
034_cylinder,put the cylinder on the tray,19,1,419,16.923,1788425024.5393252,00018_front_put_the_cylinder_on_the_tray.png,00018_wrist_put_the_cylinder_on_the_tray.png,recap.png,50,21,466,467,-43.07692307692308,58.76923076923077,-58.68131868131868,90.9010989010989,-3.120879120879121,26.71232876712329,-41.620826721191406,58.494224548339844,-60.06128692626953,91.81890869140625,-4.409189701080322,3.7717931270599365
034_cylinder,put the cylinder on the tray,19,1,419,16.923,1788425024.5393252,00018_front_put_the_cylinder_on_the_tray.png,00018_wrist_put_the_cylinder_on_the_tray.png,recap.png,50,22,467,468,-43.07692307692308,58.76923076923077,-58.68131868131868,90.9010989010989,-3.120879120879121,26.71232876712329,-41.752235412597656,58.22313690185547,-60.56376266479492,92.51388549804688,-4.4219970703125,3.602078676223755
034_cylinder,put the cylinder on the tray,19,1,419,16.923,1788425024.5393252,00018_front_put_the_cylinder_on_the_tray.png,00018_wrist_put_the_cylinder_on_the_tray.png,recap.png,50,23,468,469,-43.07692307692308,58.76923076923077,-58.68131868131868,90.9010989010989,-3.120879120879121,26.71232876712329,-41.76994323730469,57.77751922607422,-60.706905364990234,92.95657348632812,-4.476459980010986,3.676610231399536
034_cylinder,put the cylinder on the tray,20,1,444,17.76,1788425025.3712618,00019_front_put_the_cylinder_on_the_tray.png,00019_wrist_put_the_cylinder_on_the_tray.png,recap.png,50,0,469,470,-2.5494505494505493,5.318681318681318,5.142857142857143,83.16483516483517,8.571428571428571,35.821917808219176,-0.5214157104492188,26.141090393066406,-6.399284362792969,81.19537353515625,8.423505783081055,24.11061668395996
034_cylinder,put the cylinder on the tray,20,1,444,17.76,1788425025.3712618,00019_front_put_the_cylinder_on_the_tray.png,00019_wrist_put_the_cylinder_on_the_tray.png,recap.png,50,1,470,471,-2.5494505494505493,5.318681318681318,5.142857142857143,83.16483516483517,8.571428571428571,35.821917808219176,-0.46688079833984375,25.478439331054688,-6.544391632080078,81.23818969726562,8.427743911743164,22.42587661743164
034_cylinder,put the cylinder on the tray,20,1,444,17.76,1788425025.3712618,00019_front_put_the_cylinder_on_the_tray.png,00019_wrist_put_the_cylinder_on_the_tray.png,recap.png,50,2,471,472,-2.5494505494505493,5.318681318681318,5.142857142857143,83.16483516483517,8.571428571428571,35.821917808219176,-0.5614452362060547,25.289222717285156,-6.643791198730469,81.05754852294922,8.192184448242188,20.86837387084961
034_cylinder,put the cylinder on the tray,20,1,444,17.76,1788425025.3712618,00019_front_put_the_cylinder_on_the_tray.png,00019_wrist_put_the_cylinder_on_the_tray.png,recap.png,50,3,472,473,-2.5494505494505493,5.318681318681318,5.142857142857143,83.16483516483517,8.571428571428571,35.821917808219176,-0.3621559143066406,25.474143981933594,-6.248603820800781,81.07774353027344,8.111719131469727,19.124488830566406
034_cylinder,put the cylinder on the tray,20,1,444,17.76,1788425025.3712618,00019_front_put_the_cylinder_on_the_tray.png,00019_wrist_put_the_cylinder_on_the_tray.png,recap.png,50,4,473,474,-2.5494505494505493,5.318681318681318,5.142857142857143,83.16483516483517,8.571428571428571,35.821917808219176,-0.4067649841308594,25.462814331054688,-6.515148162841797,80.78916931152344,8.085119247436523,17.372106552124023
034_cylinder,put the cylinder on the tray,20,1,444,17.76,1788425025.3712618,00019_front_put_the_cylinder_on_the_tray.png,00019_wrist_put_the_cylinder_on_the_tray.png,recap.png,50,5,474,475,-2.5494505494505493,5.318681318681318,5.142857142857143,83.16483516483517,8.571428571428571,35.821917808219176,-0.3178596496582031,25.013824462890625,-6.9170989990234375,80.8504638671875,7.942432403564453,15.707627296447754
034_cylinder,put the cylinder on the tray,20,1,444,17.76,1788425025.3712618,00019_front_put_the_cylinder_on_the_tray.png,00019_wrist_put_the_cylinder_on_the_tray.png,recap.png,50,6,475,476,-2.5494505494505493,5.318681318681318,5.142857142857143,83.16483516483517,8.571428571428571,35.821917808219176,-0.008090972900390625,25.074485778808594,-6.390098571777344,80.84104919433594,7.869241714477539,14.389084815979004
034_cylinder,put the cylinder on the tray,20,1,444,17.76,1788425025.3712618,00019_front_put_the_cylinder_on_the_tray.png,00019_wrist_put_the_cylinder_on_the_tray.png,recap.png,50,7,476,477,-2.5494505494505493,5.318681318681318,5.142857142857143,83.16483516483517,8.571428571428571,35.821917808219176,-0.4784355163574219,24.789199829101562,-6.333263397216797,80.95658874511719,7.744516372680664,13.567415237426758
034_cylinder,put the cylinder on the tray,20,1,444,17.76,1788425025.3712618,00019_front_put_the_cylinder_on_the_tray.png,00019_wrist_put_the_cylinder_on_the_tray.png,recap.png,50,8,477,478,-2.5494505494505493,5.318681318681318,5.142857142857143,83.16483516483517,8.571428571428571,35.821917808219176,-0.261993408203125,24.91332244873047,-7.090671539306641,80.95915985107422,7.476299285888672,12.691126823425293
034_cylinder,put the cylinder on the tray,20,1,444,17.76,1788425025.3712618,00019_front_put_the_cylinder_on_the_tray.png,00019_wrist_put_the_cylinder_on_the_tray.png,recap.png,50,9,478,479,-2.5494505494505493,5.318681318681318,5.142857142857143,83.16483516483517,8.571428571428571,35.821917808219176,-0.041973114013671875,24.54607391357422,-7.808818817138672,80.93035125732422,7.318012237548828,12.313179969787598
034_cylinder,put the cylinder on the tray,20,1,444,17.76,1788425025.3712618,00019_front_put_the_cylinder_on_the_tray.png,00019_wrist_put_the_cylinder_on_the_tray.png,recap.png,50,10,479,480,-2.5494505494505493,5.318681318681318,5.142857142857143,83.16483516483517,8.571428571428571,35.821917808219176,-0.03237152099609375,24.720535278320312,-7.25506591796875,80.96124267578125,7.298454284667969,11.97370433807373
034_cylinder,put the cylinder on the tray,20,1,444,17.76,1788425025.3712618,00019_front_put_the_cylinder_on_the_tray.png,00019_wrist_put_the_cylinder_on_the_tray.png,recap.png,50,11,480,481,-2.5494505494505493,5.318681318681318,5.142857142857143,83.16483516483517,8.571428571428571,35.821917808219176,-0.19507217407226562,24.319198608398438,-8.453319549560547,81.45953369140625,6.988395690917969,11.784932136535645
034_cylinder,put the cylinder on the tray,20,1,444,17.76,1788425025.3712618,00019_front_put_the_cylinder_on_the_tray.png,00019_wrist_put_the_cylinder_on_the_tray.png,recap.png,50,12,481,482,-2.5494505494505493,5.318681318681318,5.142857142857143,83.16483516483517,8.571428571428571,35.821917808219176,0.048641204833984375,24.66876220703125,-8.646625518798828,81.5538330078125,6.570003509521484,11.597197532653809
034_cylinder,put the cylinder on the tray,20,1,444,17.76,1788425025.3712618,00019_front_put_the_cylinder_on_the_tray.png,00019_wrist_put_the_cylinder_on_the_tray.png,recap.png,50,13,482,483,-2.5494505494505493,5.318681318681318,5.142857142857143,83.16483516483517,8.571428571428571,35.821917808219176,-0.4901580810546875,22.538681030273438,-9.097049713134766,82.02108764648438,6.334646224975586,11.696556091308594
034_cylinder,put the cylinder on the tray,20,1,444,17.76,1788425025.3712618,00019_front_put_the_cylinder_on_the_tray.png,00019_wrist_put_the_cylinder_on_the_tray.png,recap.png,50,14,483,484,-2.5494505494505493,5.318681318681318,5.142857142857143,83.16483516483517,8.571428571428571,35.821917808219176,-0.1531982421875,22.70159912109375,-9.774742126464844,82.37553405761719,5.8720245361328125,11.720568656921387
034_cylinder,put the cylinder on the tray,20,1,444,17.76,1788425025.3712618,00019_front_put_the_cylinder_on_the_tray.png,00019_wrist_put_the_cylinder_on_the_tray.png,recap.png,50,15,484,485,-2.5494505494505493,5.318681318681318,5.142857142857143,83.16483516483517,8.571428571428571,35.821917808219176,-0.248291015625,22.001022338867188,-10.687950134277344,82.57020568847656,5.564186096191406,11.455817222595215
034_cylinder,put the cylinder on the tray,20,1,444,17.76,1788425025.3712618,00019_front_put_the_cylinder_on_the_tray.png,00019_wrist_put_the_cylinder_on_the_tray.png,recap.png,50,16,485,486,-2.5494505494505493,5.318681318681318,5.142857142857143,83.16483516483517,8.571428571428571,35.821917808219176,-0.006439208984375,21.395408630371094,-10.897171020507812,83.08709716796875,5.209909439086914,11.280238151550293
034_cylinder,put the cylinder on the tray,20,1,444,17.76,1788425025.3712618,00019_front_put_the_cylinder_on_the_tray.png,00019_wrist_put_the_cylinder_on_the_tray.png,recap.png,50,17,486,487,-2.5494505494505493,5.318681318681318,5.142857142857143,83.16483516483517,8.571428571428571,35.821917808219176,-0.3939476013183594,21.393898010253906,-11.929481506347656,83.66790771484375,4.92546272277832,11.014752388000488
034_cylinder,put the cylinder on the tray,20,1,444,17.76,1788425025.3712618,00019_front_put_the_cylinder_on_the_tray.png,00019_wrist_put_the_cylinder_on_the_tray.png,recap.png,50,18,487,488,-2.5494505494505493,5.318681318681318,5.142857142857143,83.16483516483517,8.571428571428571,35.821917808219176,-0.122314453125,20.379478454589844,-12.021125793457031,84.15899658203125,4.567670822143555,11.123871803283691
034_cylinder,put the cylinder on the tray,20,1,444,17.76,1788425025.3712618,00019_front_put_the_cylinder_on_the_tray.png,00019_wrist_put_the_cylinder_on_the_tray.png,recap.png,50,19,488,489,-2.5494505494505493,5.318681318681318,5.142857142857143,83.16483516483517,8.571428571428571,35.821917808219176,-0.040348052978515625,18.769874572753906,-12.792003631591797,84.39128112792969,4.433210372924805,11.153627395629883
034_cylinder,put the cylinder on the tray,20,1,444,17.76,1788425025.3712618,00019_front_put_the_cylinder_on_the_tray.png,00019_wrist_put_the_cylinder_on_the_tray.png,recap.png,50,20,489,490,-2.5494505494505493,5.318681318681318,5.142857142857143,83.16483516483517,8.571428571428571,35.821917808219176,0.1305389404296875,18.432456970214844,-13.105064392089844,85.1537094116211,4.123174667358398,10.965279579162598
034_cylinder,put the cylinder on the tray,20,1,444,17.76,1788425025.3712618,00019_front_put_the_cylinder_on_the_tray.png,00019_wrist_put_the_cylinder_on_the_tray.png,recap.png,50,21,490,491,-2.5494505494505493,5.318681318681318,5.142857142857143,83.16483516483517,8.571428571428571,35.821917808219176,0.032543182373046875,17.728607177734375,-13.83108139038086,85.68607330322266,4.018903732299805,11.00991439819336
034_cylinder,put the cylinder on the tray,20,1,444,17.76,1788425025.3712618,00019_front_put_the_cylinder_on_the_tray.png,00019_wrist_put_the_cylinder_on_the_tray.png,recap.png,50,22,491,492,-2.5494505494505493,5.318681318681318,5.142857142857143,83.16483516483517,8.571428571428571,35.821917808219176,0.07774734497070312,16.98273468017578,-15.10965347290039,86.41593933105469,3.718064308166504,10.814457893371582
034_cylinder,put the cylinder on the tray,20,1,444,17.76,1788425025.3712618,00019_front_put_the_cylinder_on_the_tray.png,00019_wrist_put_the_cylinder_on_the_tray.png,recap.png,50,23,492,493,-2.5494505494505493,5.318681318681318,5.142857142857143,83.16483516483517,8.571428571428571,35.821917808219176,0.15305709838867188,15.394660949707031,-15.381179809570312,86.99717712402344,3.4477596282958984,10.659056663513184
034_cylinder,put the cylinder on the tray,20,1,444,17.76,1788425025.3712618,00019_front_put_the_cylinder_on_the_tray.png,00019_wrist_put_the_cylinder_on_the_tray.png,recap.png,50,24,493,494,-2.5494505494505493,5.318681318681318,5.142857142857143,83.16483516483517,8.571428571428571,35.821917808219176,0.14892196655273438,14.643806457519531,-16.589061737060547,87.70541381835938,3.2002782821655273,10.617562294006348
034_cylinder,put the cylinder on the tray,21,1,468,18.596,1788425026.2107177,00020_front_put_the_cylinder_on_the_tray.png,00020_wrist_put_the_cylinder_on_the_tray.png,recap.png,50,0,494,495,-41.582417582417584,60.175824175824175,-57.62637362637363,91.34065934065934,-3.8241758241758244,4.10958904109589,-41.996498107910156,40.599815368652344,-62.80460739135742,99.55150604248047,-6.104292869567871,5.222336769104004
034_cylinder,put the cylinder on the tray,21,1,468,18.596,1788425026.2107177,00020_front_put_the_cylinder_on_the_tray.png,00020_wrist_put_the_cylinder_on_the_tray.png,recap.png,50,1,495,496,-41.582417582417584,60.175824175824175,-57.62637362637363,91.34065934065934,-3.8241758241758244,4.10958904109589,-41.851009368896484,40.189781188964844,-61.90240478515625,99.33644104003906,-6.228127956390381,5.300864219665527
034_cylinder,put the cylinder on the tray,21,1,468,18.596,1788425026.2107177,00020_front_put_the_cylinder_on_the_tray.png,00020_wrist_put_the_cylinder_on_the_tray.png,recap.png,50,2,496,497,-41.582417582417584,60.175824175824175,-57.62637362637363,91.34065934065934,-3.8241758241758244,4.10958904109589,-41.88945007324219,39.47748565673828,-61.766212463378906,99.47756958007812,-6.283605098724365,5.353329658508301
034_cylinder,put the cylinder on the tray,21,1,468,18.596,1788425026.2107177,00020_front_put_the_cylinder_on_the_tray.png,00020_wrist_put_the_cylinder_on_the_tray.png,recap.png,50,3,497,498,-41.582417582417584,60.175824175824175,-57.62637362637363,91.34065934065934,-3.8241758241758244,4.10958904109589,-41.64500427246094,39.465614318847656,-60.97513961791992,99.22258758544922,-6.175845623016357,5.23353910446167
034_cylinder,put the cylinder on the tray,21,1,468,18.596,1788425026.2107177,00020_front_put_the_cylinder_on_the_tray.png,00020_wrist_put_the_cylinder_on_the_tray.png,recap.png,50,4,498,499,-41.582417582417584,60.175824175824175,-57.62637362637363,91.34065934065934,-3.8241758241758244,4.10958904109589,-41.727928161621094,39.26085662841797,-60.377376556396484,99.14189147949219,-6.127000331878662,5.194504261016846
034_cylinder,put the cylinder on the tray,21,1,468,18.596,1788425026.2107177,00020_front_put_the_cylinder_on_the_tray.png,00020_wrist_put_the_cylinder_on_the_tray.png,recap.png,50,5,499,500,-41.582417582417584,60.175824175824175,-57.62637362637363,91.34065934065934,-3.8241758241758244,4.10958904109589,-41.42926788330078,40.02721405029297,-60.64244079589844,98.96247863769531,-6.173806190490723,5.301811695098877
034_cylinder,put the cylinder on the tray,21,1,468,18.596,1788425026.2107177,00020_front_put_the_cylinder_on_the_tray.png,00020_wrist_put_the_cylinder_on_the_tray.png,recap.png,50,6,500,501,-41.582417582417584,60.175824175824175,-57.62637362637363,91.34065934065934,-3.8241758241758244,4.10958904109589,-41.69984436035156,40.26435089111328,-60.3484001159668,98.87569427490234,-6.122073173522949,5.243922710418701
034_cylinder,put the cylinder on the tray,21,1,468,18.596,1788425026.2107177,00020_front_put_the_cylinder_on_the_tray.png,00020_wrist_put_the_cylinder_on_the_tray.png,recap.png,50,7,501,502,-41.582417582417584,60.175824175824175,-57.62637362637363,91.34065934065934,-3.8241758241758244,4.10958904109589,-41.65235900878906,40.71990203857422,-60.274810791015625,98.7645034790039,-6.073503017425537,5.266778945922852
034_cylinder,put the cylinder on the tray,21,1,468,18.596,1788425026.2107177,00020_front_put_the_cylinder_on_the_tray.png,00020_wrist_put_the_cylinder_on_the_tray.png,recap.png,50,8,502,503,-41.582417582417584,60.175824175824175,-57.62637362637363,91.34065934065934,-3.8241758241758244,4.10958904109589,-41.69326400756836,41.302406311035156,-60.617679595947266,98.49752807617188,-6.016942024230957,5.275972843170166
034_cylinder,put the cylinder on the tray,21,1,468,18.596,1788425026.2107177,00020_front_put_the_cylinder_on_the_tray.png,00020_wrist_put_the_cylinder_on_the_tray.png,recap.png,50,9,503,504,-41.582417582417584,60.175824175824175,-57.62637362637363,91.34065934065934,-3.8241758241758244,4.10958904109589,-41.58028793334961,42.258323669433594,-60.23149490356445,98.32063293457031,-6.072439670562744,5.258509159088135
034_cylinder,put the cylinder on the tray,21,1,468,18.596,1788425026.2107177,00020_front_put_the_cylinder_on_the_tray.png,00020_wrist_put_the_cylinder_on_the_tray.png,recap.png,50,10,504,505,-41.582417582417584,60.175824175824175,-57.62637362637363,91.34065934065934,-3.8241758241758244,4.10958904109589,-41.445064544677734,42.576805114746094,-60.585365295410156,98.16514587402344,-5.952712535858154,5.056186676025391
034_cylinder,put the cylinder on the tray,21,1,468,18.596,1788425026.2107177,00020_front_put_the_cylinder_on_the_tray.png,00020_wrist_put_the_cylinder_on_the_tray.png,recap.png,50,11,505,506,-41.582417582417584,60.175824175824175,-57.62637362637363,91.34065934065934,-3.8241758241758244,4.10958904109589,-41.379817962646484,43.24724578857422,-60.16994857788086,97.86782836914062,-5.940558433532715,5.130110740661621
034_cylinder,put the cylinder on the tray,21,1,468,18.596,1788425026.2107177,00020_front_put_the_cylinder_on_the_tray.png,00020_wrist_put_the_cylinder_on_the_tray.png,recap.png,50,12,506,507,-41.582417582417584,60.175824175824175,-57.62637362637363,91.34065934065934,-3.8241758241758244,4.10958904109589,-41.325660705566406,43.93939971923828,-60.159385681152344,97.7363510131836,-5.871072769165039,5.190443992614746
034_cylinder,put the cylinder on the tray,21,1,468,18.596,1788425026.2107177,00020_front_put_the_cylinder_on_the_tray.png,00020_wrist_put_the_cylinder_on_the_tray.png,recap.png,50,13,507,508,-41.582417582417584,60.175824175824175,-57.62637362637363,91.34065934065934,-3.8241758241758244,4.10958904109589,-41.40529251098633,44.09870147705078,-59.8521614074707,97.68791198730469,-5.815251350402832,5.144218444824219
034_cylinder,put the cylinder on the tray,21,1,468,18.596,1788425026.2107177,00020_front_put_the_cylinder_on_the_tray.png,00020_wrist_put_the_cylinder_on_the_tray.png,recap.png,50,14,508,509,-41.582417582417584,60.175824175824175,-57.62637362637363,91.34065934065934,-3.8241758241758244,4.10958904109589,-41.32450485229492,44.29582977294922,-60.130435943603516,97.47795104980469,-5.73322057723999,5.144594192504883
034_cylinder,put the cylinder on the tray,21,1,468,18.596,1788425026.2107177,00020_front_put_the_cylinder_on_the_tray.png,00020_wrist_put_the_cylinder_on_the_tray.png,recap.png,50,15,509,510,-41.582417582417584,60.175824175824175,-57.62637362637363,91.34065934065934,-3.8241758241758244,4.10958904109589,-41.44639587402344,43.992576599121094,-59.7216682434082,97.26171875,-5.655458450317383,5.188886642456055
034_cylinder,put the cylinder on the tray,21,1,468,18.596,1788425026.2107177,00020_front_put_the_cylinder_on_the_tray.png,00020_wrist_put_the_cylinder_on_the_tray.png,recap.png,50,16,510,511,-41.582417582417584,60.175824175824175,-57.62637362637363,91.34065934065934,-3.8241758241758244,4.10958904109589,-41.603660583496094,44.132408142089844,-59.5159912109375,97.22726440429688,-5.5861496925354,5.1116623878479
034_cylinder,put the cylinder on the tray,21,1,468,18.596,1788425026.2107177,00020_front_put_the_cylinder_on_the_tray.png,00020_wrist_put_the_cylinder_on_the_tray.png,recap.png,50,17,511,512,-41.582417582417584,60.175824175824175,-57.62637362637363,91.34065934065934,-3.8241758241758244,4.10958904109589,-41.42292785644531,43.404930114746094,-58.63805389404297,97.06974792480469,-5.57639217376709,5.009220123291016
034_cylinder,put the cylinder on the tray,21,1,468,18.596,1788425026.2107177,00020_front_put_the_cylinder_on_the_tray.png,00020_wrist_put_the_cylinder_on_the_tray.png,recap.png,50,18,512,513,-41.582417582417584,60.175824175824175,-57.62637362637363,91.34065934065934,-3.8241758241758244,4.10958904109589,-41.59561538696289,43.47925567626953,-57.909095764160156,96.81388854980469,-5.605499744415283,5.1048688888549805
034_cylinder,put the cylinder on the tray,21,1,468,18.596,1788425026.2107177,00020_front_put_the_cylinder_on_the_tray.png,00020_wrist_put_the_cylinder_on_the_tray.png,recap.png,50,19,513,514,-41.582417582417584,60.175824175824175,-57.62637362637363,91.34065934065934,-3.8241758241758244,4.10958904109589,-41.48806381225586,42.90058135986328,-57.33967208862305,96.41395568847656,-5.538424968719482,5.150068759918213
034_cylinder,put the cylinder on the tray,21,1,468,18.596,1788425026.2107177,00020_front_put_the_cylinder_on_the_tray.png,00020_wrist_put_the_cylinder_on_the_tray.png,recap.png,50,20,514,515,-41.582417582417584,60.175824175824175,-57.62637362637363,91.34065934065934,-3.8241758241758244,4.10958904109589,-41.52085876464844,42.74347686767578,-56.37225341796875,95.95159149169922,-5.470765113830566,5.196104049682617
034_cylinder,put the cylinder on the tray,21,1,468,18.596,1788425026.2107177,00020_front_put_the_cylinder_on_the_tray.png,00020_wrist_put_the_cylinder_on_the_tray.png,recap.png,50,21,515,516,-41.582417582417584,60.175824175824175,-57.62637362637363,91.34065934065934,-3.8241758241758244,4.10958904109589,-41.055931091308594,42.340660095214844,-55.21932601928711,95.24299621582031,-5.492007255554199,5.185812950134277
034_cylinder,put the cylinder on the tray,21,1,468,18.596,1788425026.2107177,00020_front_put_the_cylinder_on_the_tray.png,00020_wrist_put_the_cylinder_on_the_tray.png,recap.png,50,22,516,517,-41.582417582417584,60.175824175824175,-57.62637362637363,91.34065934065934,-3.8241758241758244,4.10958904109589,-40.97263717651367,41.70732879638672,-54.24121856689453,94.21735382080078,-5.536374092102051,5.262351989746094
034_cylinder,put the cylinder on the tray,21,1,468,18.596,1788425026.2107177,00020_front_put_the_cylinder_on_the_tray.png,00020_wrist_put_the_cylinder_on_the_tray.png,recap.png,50,23,517,518,-41.582417582417584,60.175824175824175,-57.62637362637363,91.34065934065934,-3.8241758241758244,4.10958904109589,-40.931915283203125,41.80565643310547,-52.66310119628906,93.27925109863281,-5.4862542152404785,5.380013942718506
034_cylinder,put the cylinder on the tray,22,1,493,19.432,1788425027.0438504,00021_front_put_the_cylinder_on_the_tray.png,00021_wrist_put_the_cylinder_on_the_tray.png,recap.png,50,0,518,519,-1.1428571428571428,20.87912087912088,-12.615384615384615,84.92307692307692,4.263736263736264,11.164383561643836,6.3435211181640625,14.18475341796875,-32.958641052246094,93.43243408203125,-0.1796426773071289,9.765885353088379
034_cylinder,put the cylinder on the tray,22,1,493,19.432,1788425027.0438504,00021_front_put_the_cylinder_on_the_tray.png,00021_wrist_put_the_cylinder_on_the_tray.png,recap.png,50,1,519,520,-1.1428571428571428,20.87912087912088,-12.615384615384615,84.92307692307692,4.263736263736264,11.164383561643836,6.699134826660156,13.752838134765625,-32.73876190185547,93.69326782226562,-0.12927722930908203,9.654979705810547
034_cylinder,put the cylinder on the tray,22,1,493,19.432,1788425027.0438504,00021_front_put_the_cylinder_on_the_tray.png,00021_wrist_put_the_cylinder_on_the_tray.png,recap.png,50,2,520,521,-1.1428571428571428,20.87912087912088,-12.615384615384615,84.92307692307692,4.263736263736264,11.164383561643836,7.472652435302734,13.625999450683594,-32.789154052734375,93.51508331298828,-0.18672561645507812,9.663718223571777
034_cylinder,put the cylinder on the tray,22,1,493,19.432,1788425027.0438504,00021_front_put_the_cylinder_on_the_tray.png,00021_wrist_put_the_cylinder_on_the_tray.png,recap.png,50,3,521,522,-1.1428571428571428,20.87912087912088,-12.615384615384615,84.92307692307692,4.263736263736264,11.164383561643836,7.835163116455078,13.172286987304688,-33.29603576660156,93.59207916259766,-0.05568408966064453,9.716862678527832
034_cylinder,put the cylinder on the tray,22,1,493,19.432,1788425027.0438504,00021_front_put_the_cylinder_on_the_tray.png,00021_wrist_put_the_cylinder_on_the_tray.png,recap.png,50,4,522,523,-1.1428571428571428,20.87912087912088,-12.615384615384615,84.92307692307692,4.263736263736264,11.164383561643836,8.484447479248047,12.7933349609375,-32.41240692138672,93.44029235839844,0.017144203186035156,9.838622093200684
