DEBUG 2026-08-19 06:06:31 === episode start | task: 'put the toy on the tray' | duration: 30.0s ===
DEBUG 2026-08-19 06:06:32 [chunk] received 50 actions, timesteps 0..49 | first: shoulder_pan.pos=-4.14 shoulder_lift.pos=-103.25 elbow_flex.pos=+88.76 wrist_flex.pos=+75.12 wrist_roll.pos=-0.95 gripper.pos=+1.20 | last: shoulder_pan.pos=+4.48 shoulder_lift.pos=-102.33 elbow_flex.pos=+85.27 wrist_flex.pos=+57.27 wrist_roll.pos=-0.75 gripper.pos=+0.91
DEBUG 2026-08-19 06:06:32 [action #1] t=0.84s step=0 queue=50 dmax=n/a | shoulder_pan.pos=-4.14 shoulder_lift.pos=-103.25 elbow_flex.pos=+88.76 wrist_flex.pos=+75.12 wrist_roll.pos=-0.95 gripper.pos=+1.20
DEBUG 2026-08-19 06:06:32 [action #2] t=0.87s step=1 queue=49 dmax=0.703 | shoulder_pan.pos=-4.16 shoulder_lift.pos=-102.55 elbow_flex.pos=+88.72 wrist_flex.pos=+75.08 wrist_roll.pos=-0.82 gripper.pos=+1.08
DEBUG 2026-08-19 06:06:32 [action #3] t=0.90s step=2 queue=48 dmax=0.556 | shoulder_pan.pos=-4.15 shoulder_lift.pos=-103.10 elbow_flex.pos=+88.41 wrist_flex.pos=+74.57 wrist_roll.pos=-0.96 gripper.pos=+1.29
DEBUG 2026-08-19 06:06:32 [action #4] t=0.94s step=3 queue=47 dmax=0.736 | shoulder_pan.pos=-4.17 shoulder_lift.pos=-102.37 elbow_flex.pos=+88.49 wrist_flex.pos=+74.39 wrist_roll.pos=-0.99 gripper.pos=+1.23
DEBUG 2026-08-19 06:06:32 [action #5] t=0.97s step=4 queue=46 dmax=0.515 | shoulder_pan.pos=-4.38 shoulder_lift.pos=-102.88 elbow_flex.pos=+88.78 wrist_flex.pos=+74.13 wrist_roll.pos=-0.90 gripper.pos=+1.11
DEBUG 2026-08-19 06:06:32 [action #6] t=1.00s step=5 queue=45 dmax=0.569 | shoulder_pan.pos=-4.39 shoulder_lift.pos=-102.81 elbow_flex.pos=+89.21 wrist_flex.pos=+73.56 wrist_roll.pos=-0.90 gripper.pos=+1.10
DEBUG 2026-08-19 06:06:32 [action #7] t=1.04s step=6 queue=44 dmax=0.590 | shoulder_pan.pos=-4.52 shoulder_lift.pos=-102.83 elbow_flex.pos=+89.16 wrist_flex.pos=+72.97 wrist_roll.pos=-0.95 gripper.pos=+1.14
DEBUG 2026-08-19 06:06:32 [action #8] t=1.07s step=7 queue=43 dmax=1.061 | shoulder_pan.pos=-4.73 shoulder_lift.pos=-102.65 elbow_flex.pos=+89.38 wrist_flex.pos=+71.91 wrist_roll.pos=-0.95 gripper.pos=+0.98
DEBUG 2026-08-19 06:06:32 [action #9] t=1.10s step=8 queue=42 dmax=0.634 | shoulder_pan.pos=-4.70 shoulder_lift.pos=-103.08 elbow_flex.pos=+89.25 wrist_flex.pos=+71.28 wrist_roll.pos=-0.97 gripper.pos=+0.96
DEBUG 2026-08-19 06:06:32 [action #10] t=1.14s step=9 queue=41 dmax=0.760 | shoulder_pan.pos=-4.37 shoulder_lift.pos=-102.76 elbow_flex.pos=+89.23 wrist_flex.pos=+70.52 wrist_roll.pos=-0.94 gripper.pos=+0.86
DEBUG 2026-08-19 06:06:32 [action #11] t=1.17s step=10 queue=40 dmax=0.720 | shoulder_pan.pos=-4.22 shoulder_lift.pos=-102.69 elbow_flex.pos=+89.53 wrist_flex.pos=+69.80 wrist_roll.pos=-0.92 gripper.pos=+1.01
DEBUG 2026-08-19 06:06:32 [action #12] t=1.20s step=11 queue=39 dmax=0.704 | shoulder_pan.pos=-4.29 shoulder_lift.pos=-102.80 elbow_flex.pos=+89.76 wrist_flex.pos=+69.09 wrist_roll.pos=-0.97 gripper.pos=+1.04
DEBUG 2026-08-19 06:06:32 [action #13] t=1.24s step=12 queue=38 dmax=0.892 | shoulder_pan.pos=-3.66 shoulder_lift.pos=-102.98 elbow_flex.pos=+89.24 wrist_flex.pos=+68.20 wrist_roll.pos=-1.05 gripper.pos=+1.06
DEBUG 2026-08-19 06:06:32 [action #14] t=1.27s step=13 queue=37 dmax=0.999 | shoulder_pan.pos=-3.08 shoulder_lift.pos=-103.31 elbow_flex.pos=+89.43 wrist_flex.pos=+67.20 wrist_roll.pos=-1.03 gripper.pos=+0.98
DEBUG 2026-08-19 06:06:32 [action #15] t=1.30s step=14 queue=36 dmax=0.793 | shoulder_pan.pos=-2.29 shoulder_lift.pos=-102.99 elbow_flex.pos=+89.20 wrist_flex.pos=+66.52 wrist_roll.pos=-1.04 gripper.pos=+1.04
DEBUG 2026-08-19 06:06:32 [action #16] t=1.34s step=15 queue=35 dmax=1.003 | shoulder_pan.pos=-1.42 shoulder_lift.pos=-102.82 elbow_flex.pos=+89.16 wrist_flex.pos=+65.51 wrist_roll.pos=-1.01 gripper.pos=+1.04
DEBUG 2026-08-19 06:06:32 [action #17] t=1.37s step=16 queue=34 dmax=1.029 | shoulder_pan.pos=-0.40 shoulder_lift.pos=-102.71 elbow_flex.pos=+89.13 wrist_flex.pos=+64.61 wrist_roll.pos=-0.93 gripper.pos=+0.92
DEBUG 2026-08-19 06:06:32 [action #18] t=1.40s step=17 queue=33 dmax=0.978 | shoulder_pan.pos=+0.04 shoulder_lift.pos=-103.02 elbow_flex.pos=+89.00 wrist_flex.pos=+63.63 wrist_roll.pos=-0.98 gripper.pos=+0.88
DEBUG 2026-08-19 06:06:32 [action #19] t=1.44s step=18 queue=32 dmax=1.062 | shoulder_pan.pos=+1.10 shoulder_lift.pos=-103.26 elbow_flex.pos=+89.34 wrist_flex.pos=+62.91 wrist_roll.pos=-0.97 gripper.pos=+0.93
DEBUG 2026-08-19 06:06:33 [action #20] t=1.47s step=19 queue=31 dmax=0.702 | shoulder_pan.pos=+1.71 shoulder_lift.pos=-103.14 elbow_flex.pos=+89.05 wrist_flex.pos=+62.21 wrist_roll.pos=-0.96 gripper.pos=+1.02
DEBUG 2026-08-19 06:06:33 [action #21] t=1.51s step=20 queue=30 dmax=0.764 | shoulder_pan.pos=+2.47 shoulder_lift.pos=-102.60 elbow_flex.pos=+88.74 wrist_flex.pos=+61.74 wrist_roll.pos=-1.01 gripper.pos=+0.98
DEBUG 2026-08-19 06:06:33 [action #22] t=1.54s step=21 queue=29 dmax=0.851 | shoulder_pan.pos=+3.32 shoulder_lift.pos=-102.97 elbow_flex.pos=+88.51 wrist_flex.pos=+61.30 wrist_roll.pos=-1.03 gripper.pos=+0.95
DEBUG 2026-08-19 06:06:33 [action #23] t=1.57s step=22 queue=28 dmax=0.514 | shoulder_pan.pos=+3.84 shoulder_lift.pos=-103.02 elbow_flex.pos=+88.91 wrist_flex.pos=+61.14 wrist_roll.pos=-0.97 gripper.pos=+1.08
DEBUG 2026-08-19 06:06:33 [action #24] t=1.61s step=23 queue=27 dmax=0.587 | shoulder_pan.pos=+4.42 shoulder_lift.pos=-103.04 elbow_flex.pos=+89.22 wrist_flex.pos=+61.02 wrist_roll.pos=-0.95 gripper.pos=+1.03
DEBUG 2026-08-19 06:06:33 [action #25] t=1.64s step=24 queue=26 dmax=0.599 | shoulder_pan.pos=+4.67 shoulder_lift.pos=-102.67 elbow_flex.pos=+88.62 wrist_flex.pos=+61.04 wrist_roll.pos=-0.99 gripper.pos=+1.00
DEBUG 2026-08-19 06:06:33 [action #26] t=1.67s step=25 queue=25 dmax=0.576 | shoulder_pan.pos=+5.25 shoulder_lift.pos=-103.04 elbow_flex.pos=+88.11 wrist_flex.pos=+61.14 wrist_roll.pos=-1.03 gripper.pos=+1.08
DEBUG 2026-08-19 06:06:33 [action #27] t=1.71s step=26 queue=24 dmax=0.310 | shoulder_pan.pos=+5.56 shoulder_lift.pos=-102.78 elbow_flex.pos=+88.15 wrist_flex.pos=+61.00 wrist_roll.pos=-0.97 gripper.pos=+1.02
DEBUG 2026-08-19 06:06:33 [action #28] t=1.74s step=27 queue=23 dmax=0.415 | shoulder_pan.pos=+5.85 shoulder_lift.pos=-102.36 elbow_flex.pos=+88.27 wrist_flex.pos=+61.05 wrist_roll.pos=-0.98 gripper.pos=+0.95
DEBUG 2026-08-19 06:06:33 [action #29] t=1.77s step=28 queue=22 dmax=0.172 | shoulder_pan.pos=+5.95 shoulder_lift.pos=-102.30 elbow_flex.pos=+88.12 wrist_flex.pos=+60.87 wrist_roll.pos=-0.88 gripper.pos=+1.02
DEBUG 2026-08-19 06:06:33 [action #30] t=1.81s step=29 queue=21 dmax=0.490 | shoulder_pan.pos=+6.33 shoulder_lift.pos=-102.79 elbow_flex.pos=+88.42 wrist_flex.pos=+60.98 wrist_roll.pos=-0.95 gripper.pos=+1.04
DEBUG 2026-08-19 06:06:33 [action #31] t=1.84s step=30 queue=20 dmax=0.420 | shoulder_pan.pos=+6.59 shoulder_lift.pos=-102.54 elbow_flex.pos=+88.00 wrist_flex.pos=+61.22 wrist_roll.pos=-1.03 gripper.pos=+0.97
DEBUG 2026-08-19 06:06:33 [action #32] t=1.87s step=31 queue=19 dmax=0.466 | shoulder_pan.pos=+6.58 shoulder_lift.pos=-102.30 elbow_flex.pos=+87.53 wrist_flex.pos=+61.00 wrist_roll.pos=-0.93 gripper.pos=+0.93
DEBUG 2026-08-19 06:06:33 [action #33] t=1.91s step=32 queue=18 dmax=0.867 | shoulder_pan.pos=+6.62 shoulder_lift.pos=-103.16 elbow_flex.pos=+88.16 wrist_flex.pos=+60.92 wrist_roll.pos=-0.93 gripper.pos=+0.93
DEBUG 2026-08-19 06:06:33 [action #34] t=1.94s step=33 queue=17 dmax=0.730 | shoulder_pan.pos=+6.50 shoulder_lift.pos=-102.79 elbow_flex.pos=+87.43 wrist_flex.pos=+60.77 wrist_roll.pos=-0.89 gripper.pos=+0.90
DEBUG 2026-08-19 06:06:33 [action #35] t=1.97s step=34 queue=16 dmax=0.988 | shoulder_pan.pos=+6.21 shoulder_lift.pos=-102.73 elbow_flex.pos=+86.44 wrist_flex.pos=+60.65 wrist_roll.pos=-0.91 gripper.pos=+1.00
DEBUG 2026-08-19 06:06:33 [action #36] t=2.01s step=35 queue=15 dmax=0.220 | shoulder_pan.pos=+6.28 shoulder_lift.pos=-102.89 elbow_flex.pos=+86.53 wrist_flex.pos=+60.43 wrist_roll.pos=-0.96 gripper.pos=+1.08
DEBUG 2026-08-19 06:06:33 [action #37] t=2.04s step=36 queue=14 dmax=0.279 | shoulder_pan.pos=+6.16 shoulder_lift.pos=-102.86 elbow_flex.pos=+86.81 wrist_flex.pos=+60.33 wrist_roll.pos=-0.97 gripper.pos=+1.01
DEBUG 2026-08-19 06:06:33 [action #38] t=2.07s step=37 queue=13 dmax=0.589 | shoulder_pan.pos=+6.17 shoulder_lift.pos=-102.27 elbow_flex.pos=+86.27 wrist_flex.pos=+59.79 wrist_roll.pos=-0.90 gripper.pos=+0.93
DEBUG 2026-08-19 06:06:33 [action #39] t=2.11s step=38 queue=12 dmax=0.203 | shoulder_pan.pos=+5.96 shoulder_lift.pos=-102.39 elbow_flex.pos=+86.29 wrist_flex.pos=+59.66 wrist_roll.pos=-0.84 gripper.pos=+0.91
DEBUG 2026-08-19 06:06:33 [action #40] t=2.14s step=39 queue=11 dmax=0.253 | shoulder_pan.pos=+5.71 shoulder_lift.pos=-102.55 elbow_flex.pos=+86.34 wrist_flex.pos=+59.44 wrist_roll.pos=-0.90 gripper.pos=+0.96
DEBUG 2026-08-19 06:06:33 [action #41] t=2.17s step=40 queue=10 dmax=0.476 | shoulder_pan.pos=+5.64 shoulder_lift.pos=-102.54 elbow_flex.pos=+85.86 wrist_flex.pos=+59.13 wrist_roll.pos=-0.81 gripper.pos=+1.03
DEBUG 2026-08-19 06:06:33 [action #42] t=2.21s step=41 queue=9 dmax=0.275 | shoulder_pan.pos=+5.37 shoulder_lift.pos=-102.65 elbow_flex.pos=+85.65 wrist_flex.pos=+59.01 wrist_roll.pos=-0.75 gripper.pos=+0.79
DEBUG 2026-08-19 06:06:33 [chunk] received 50 actions, timesteps 15..64 | first: shoulder_pan.pos=-3.33 shoulder_lift.pos=-101.53 elbow_flex.pos=+88.13 wrist_flex.pos=+66.20 wrist_roll.pos=-1.13 gripper.pos=+1.13 | last: shoulder_pan.pos=+1.18 shoulder_lift.pos=-100.08 elbow_flex.pos=+79.87 wrist_flex.pos=+62.36 wrist_roll.pos=-1.58 gripper.pos=+0.78
DEBUG 2026-08-19 06:06:33 [action #43] t=2.24s step=42 queue=23 dmax=4.641 | shoulder_pan.pos=+0.73 shoulder_lift.pos=-100.99 elbow_flex.pos=+85.78 wrist_flex.pos=+58.36 wrist_roll.pos=-1.26 gripper.pos=+0.88
DEBUG 2026-08-19 06:06:33 [action #44] t=2.27s step=43 queue=22 dmax=0.499 | shoulder_pan.pos=+0.75 shoulder_lift.pos=-101.36 elbow_flex.pos=+86.28 wrist_flex.pos=+58.34 wrist_roll.pos=-1.32 gripper.pos=+0.97
DEBUG 2026-08-19 06:06:33 [action #45] t=2.31s step=44 queue=21 dmax=1.190 | shoulder_pan.pos=+0.73 shoulder_lift.pos=-101.33 elbow_flex.pos=+85.09 wrist_flex.pos=+58.35 wrist_roll.pos=-1.34 gripper.pos=+0.88
DEBUG 2026-08-19 06:06:33 [action #46] t=2.34s step=45 queue=20 dmax=0.279 | shoulder_pan.pos=+0.80 shoulder_lift.pos=-101.05 elbow_flex.pos=+85.03 wrist_flex.pos=+58.27 wrist_roll.pos=-1.38 gripper.pos=+0.88
DEBUG 2026-08-19 06:06:33 [action #47] t=2.37s step=46 queue=19 dmax=0.597 | shoulder_pan.pos=+1.00 shoulder_lift.pos=-101.52 elbow_flex.pos=+85.63 wrist_flex.pos=+57.99 wrist_roll.pos=-1.35 gripper.pos=+0.92
DEBUG 2026-08-19 06:06:33 [action #48] t=2.41s step=47 queue=18 dmax=0.329 | shoulder_pan.pos=+1.12 shoulder_lift.pos=-101.19 elbow_flex.pos=+85.40 wrist_flex.pos=+57.89 wrist_roll.pos=-1.30 gripper.pos=+0.93
DEBUG 2026-08-19 06:06:34 [action #49] t=2.44s step=48 queue=17 dmax=0.156 | shoulder_pan.pos=+1.10 shoulder_lift.pos=-101.12 elbow_flex.pos=+85.55 wrist_flex.pos=+57.90 wrist_roll.pos=-1.41 gripper.pos=+0.98
DEBUG 2026-08-19 06:06:34 [action #50] t=2.48s step=49 queue=16 dmax=0.645 | shoulder_pan.pos=+1.09 shoulder_lift.pos=-101.02 elbow_flex.pos=+84.91 wrist_flex.pos=+57.90 wrist_roll.pos=-1.26 gripper.pos=+0.87
DEBUG 2026-08-19 06:06:34 [action #51] t=2.51s step=50 queue=15 dmax=1.185 | shoulder_pan.pos=-0.10 shoulder_lift.pos=-100.39 elbow_flex.pos=+84.97 wrist_flex.pos=+58.41 wrist_roll.pos=-1.55 gripper.pos=+1.01
DEBUG 2026-08-19 06:06:34 [action #52] t=2.54s step=51 queue=14 dmax=1.186 | shoulder_pan.pos=+0.13 shoulder_lift.pos=-100.69 elbow_flex.pos=+83.78 wrist_flex.pos=+58.29 wrist_roll.pos=-1.60 gripper.pos=+0.85
DEBUG 2026-08-19 06:06:34 [action #53] t=2.58s step=52 queue=13 dmax=0.671 | shoulder_pan.pos=+0.11 shoulder_lift.pos=-100.89 elbow_flex.pos=+84.45 wrist_flex.pos=+58.61 wrist_roll.pos=-1.71 gripper.pos=+1.00
DEBUG 2026-08-19 06:06:34 [action #54] t=2.61s step=53 queue=12 dmax=0.885 | shoulder_pan.pos=+0.08 shoulder_lift.pos=-100.58 elbow_flex.pos=+85.34 wrist_flex.pos=+58.87 wrist_roll.pos=-1.48 gripper.pos=+0.94
DEBUG 2026-08-19 06:06:34 [action #55] t=2.64s step=54 queue=11 dmax=1.022 | shoulder_pan.pos=+0.48 shoulder_lift.pos=-100.48 elbow_flex.pos=+84.32 wrist_flex.pos=+59.04 wrist_roll.pos=-1.62 gripper.pos=+0.82
DEBUG 2026-08-19 06:06:34 [action #56] t=2.68s step=55 queue=10 dmax=0.279 | shoulder_pan.pos=+0.27 shoulder_lift.pos=-100.71 elbow_flex.pos=+84.04 wrist_flex.pos=+59.19 wrist_roll.pos=-1.62 gripper.pos=+0.85
DEBUG 2026-08-19 06:06:34 [action #57] t=2.71s step=56 queue=9 dmax=1.221 | shoulder_pan.pos=+0.55 shoulder_lift.pos=-100.88 elbow_flex.pos=+82.82 wrist_flex.pos=+59.32 wrist_roll.pos=-1.62 gripper.pos=+0.77
DEBUG 2026-08-19 06:06:34 [action #58] t=2.74s step=57 queue=8 dmax=0.885 | shoulder_pan.pos=+0.82 shoulder_lift.pos=-100.00 elbow_flex.pos=+82.29 wrist_flex.pos=+59.98 wrist_roll.pos=-1.63 gripper.pos=+0.80
DEBUG 2026-08-19 06:06:34 [action #59] t=2.78s step=58 queue=7 dmax=0.760 | shoulder_pan.pos=+0.88 shoulder_lift.pos=-100.76 elbow_flex.pos=+81.95 wrist_flex.pos=+60.24 wrist_roll.pos=-1.58 gripper.pos=+1.02
DEBUG 2026-08-19 06:06:34 [action #60] t=2.81s step=59 queue=6 dmax=0.682 | shoulder_pan.pos=+0.94 shoulder_lift.pos=-100.51 elbow_flex.pos=+81.99 wrist_flex.pos=+60.92 wrist_roll.pos=-1.57 gripper.pos=+0.79
DEBUG 2026-08-19 06:06:34 [action #61] t=2.84s step=60 queue=5 dmax=0.415 | shoulder_pan.pos=+1.00 shoulder_lift.pos=-100.93 elbow_flex.pos=+81.79 wrist_flex.pos=+61.32 wrist_roll.pos=-1.60 gripper.pos=+0.89
DEBUG 2026-08-19 06:06:34 [action #62] t=2.88s step=61 queue=4 dmax=0.930 | shoulder_pan.pos=+1.14 shoulder_lift.pos=-100.00 elbow_flex.pos=+80.95 wrist_flex.pos=+61.64 wrist_roll.pos=-1.45 gripper.pos=+0.82
DEBUG 2026-08-19 06:06:34 [action #63] t=2.91s step=62 queue=3 dmax=0.740 | shoulder_pan.pos=+1.01 shoulder_lift.pos=-99.86 elbow_flex.pos=+80.21 wrist_flex.pos=+61.89 wrist_roll.pos=-1.58 gripper.pos=+0.68
DEBUG 2026-08-19 06:06:34 [action #64] t=2.94s step=63 queue=2 dmax=0.462 | shoulder_pan.pos=+1.03 shoulder_lift.pos=-100.32 elbow_flex.pos=+79.99 wrist_flex.pos=+62.05 wrist_roll.pos=-1.50 gripper.pos=+0.90
DEBUG 2026-08-19 06:06:34 [action #65] t=2.98s step=64 queue=1 dmax=0.307 | shoulder_pan.pos=+1.18 shoulder_lift.pos=-100.08 elbow_flex.pos=+79.87 wrist_flex.pos=+62.36 wrist_roll.pos=-1.58 gripper.pos=+0.78
DEBUG 2026-08-19 06:06:34 [chunk] received 50 actions, timesteps 41..90 | first: shoulder_pan.pos=+6.01 shoulder_lift.pos=-101.38 elbow_flex.pos=+87.55 wrist_flex.pos=+55.51 wrist_roll.pos=-1.16 gripper.pos=+0.83 | last: shoulder_pan.pos=-1.94 shoulder_lift.pos=-95.53 elbow_flex.pos=+66.25 wrist_flex.pos=+66.89 wrist_roll.pos=+0.84 gripper.pos=+0.17
DEBUG 2026-08-19 06:06:34 [action #66] t=3.14s step=65 queue=26 dmax=5.094 | shoulder_pan.pos=+4.41 shoulder_lift.pos=-100.74 elbow_flex.pos=+80.44 wrist_flex.pos=+57.27 wrist_roll.pos=+1.05 gripper.pos=+0.59
DEBUG 2026-08-19 06:06:34 [action #67] t=3.18s step=66 queue=25 dmax=1.040 | shoulder_pan.pos=+4.73 shoulder_lift.pos=-101.26 elbow_flex.pos=+79.40 wrist_flex.pos=+56.98 wrist_roll.pos=+0.93 gripper.pos=+0.53
DEBUG 2026-08-19 06:06:34 [action #68] t=3.21s step=67 queue=24 dmax=0.411 | shoulder_pan.pos=+4.46 shoulder_lift.pos=-100.92 elbow_flex.pos=+79.80 wrist_flex.pos=+57.40 wrist_roll.pos=+0.99 gripper.pos=+0.52
DEBUG 2026-08-19 06:06:34 [action #69] t=3.24s step=68 queue=23 dmax=0.879 | shoulder_pan.pos=+4.61 shoulder_lift.pos=-100.86 elbow_flex.pos=+78.92 wrist_flex.pos=+57.57 wrist_roll.pos=+1.04 gripper.pos=+0.53
DEBUG 2026-08-19 06:06:34 [action #70] t=3.28s step=69 queue=22 dmax=0.429 | shoulder_pan.pos=+4.30 shoulder_lift.pos=-100.66 elbow_flex.pos=+79.35 wrist_flex.pos=+57.80 wrist_roll.pos=+1.04 gripper.pos=+0.55
DEBUG 2026-08-19 06:06:34 [action #71] t=3.31s step=70 queue=21 dmax=1.230 | shoulder_pan.pos=+4.26 shoulder_lift.pos=-100.84 elbow_flex.pos=+78.12 wrist_flex.pos=+58.13 wrist_roll.pos=+1.04 gripper.pos=+0.46
DEBUG 2026-08-19 06:06:34 [action #72] t=3.35s step=71 queue=20 dmax=0.813 | shoulder_pan.pos=+4.17 shoulder_lift.pos=-100.78 elbow_flex.pos=+77.30 wrist_flex.pos=+58.48 wrist_roll.pos=+1.03 gripper.pos=+0.48
DEBUG 2026-08-19 06:06:34 [action #73] t=3.38s step=72 queue=19 dmax=1.078 | shoulder_pan.pos=+4.14 shoulder_lift.pos=-100.60 elbow_flex.pos=+76.23 wrist_flex.pos=+58.86 wrist_roll.pos=+1.04 gripper.pos=+0.45
DEBUG 2026-08-19 06:06:34 [action #74] t=3.41s step=73 queue=18 dmax=1.127 | shoulder_pan.pos=+4.15 shoulder_lift.pos=-100.81 elbow_flex.pos=+75.10 wrist_flex.pos=+59.55 wrist_roll.pos=+1.05 gripper.pos=+0.39
DEBUG 2026-08-19 06:06:35 [action #75] t=3.45s step=74 queue=17 dmax=0.703 | shoulder_pan.pos=+3.74 shoulder_lift.pos=-100.20 elbow_flex.pos=+74.78 wrist_flex.pos=+60.25 wrist_roll.pos=+0.92 gripper.pos=+0.52
DEBUG 2026-08-19 06:06:35 [action #76] t=3.48s step=75 queue=16 dmax=0.597 | shoulder_pan.pos=+3.79 shoulder_lift.pos=-100.47 elbow_flex.pos=+74.31 wrist_flex.pos=+60.85 wrist_roll.pos=+0.98 gripper.pos=+0.54
DEBUG 2026-08-19 06:06:35 [action #77] t=3.51s step=76 queue=15 dmax=0.860 | shoulder_pan.pos=+3.67 shoulder_lift.pos=-100.61 elbow_flex.pos=+73.64 wrist_flex.pos=+61.71 wrist_roll.pos=+0.85 gripper.pos=+0.52
DEBUG 2026-08-19 06:06:35 [action #78] t=3.55s step=77 queue=14 dmax=1.433 | shoulder_pan.pos=+3.75 shoulder_lift.pos=-101.24 elbow_flex.pos=+72.20 wrist_flex.pos=+62.51 wrist_roll.pos=+0.89 gripper.pos=+0.56
DEBUG 2026-08-19 06:06:35 [action #79] t=3.58s step=78 queue=13 dmax=1.165 | shoulder_pan.pos=+3.39 shoulder_lift.pos=-101.21 elbow_flex.pos=+71.24 wrist_flex.pos=+63.67 wrist_roll.pos=+1.00 gripper.pos=+0.43
DEBUG 2026-08-19 06:06:35 [action #80] t=3.61s step=79 queue=12 dmax=1.237 | shoulder_pan.pos=+2.98 shoulder_lift.pos=-101.16 elbow_flex.pos=+70.43 wrist_flex.pos=+64.91 wrist_roll.pos=+0.96 gripper.pos=+0.32
DEBUG 2026-08-19 06:06:35 [action #81] t=3.65s step=80 queue=11 dmax=1.118 | shoulder_pan.pos=+2.79 shoulder_lift.pos=-100.47 elbow_flex.pos=+69.31 wrist_flex.pos=+65.96 wrist_roll.pos=+0.87 gripper.pos=+0.37
DEBUG 2026-08-19 06:06:35 [action #82] t=3.68s step=81 queue=10 dmax=0.981 | shoulder_pan.pos=+2.35 shoulder_lift.pos=-100.56 elbow_flex.pos=+68.33 wrist_flex.pos=+66.67 wrist_roll.pos=+1.11 gripper.pos=+0.52
DEBUG 2026-08-19 06:06:35 [action #83] t=3.71s step=82 queue=9 dmax=1.003 | shoulder_pan.pos=+2.29 shoulder_lift.pos=-100.67 elbow_flex.pos=+68.64 wrist_flex.pos=+67.67 wrist_roll.pos=+1.16 gripper.pos=+0.51
DEBUG 2026-08-19 06:06:35 [action #84] t=3.75s step=83 queue=8 dmax=0.983 | shoulder_pan.pos=+2.16 shoulder_lift.pos=-100.70 elbow_flex.pos=+67.66 wrist_flex.pos=+68.12 wrist_roll.pos=+0.97 gripper.pos=+0.40
DEBUG 2026-08-19 06:06:35 [action #85] t=3.78s step=84 queue=7 dmax=0.952 | shoulder_pan.pos=+1.59 shoulder_lift.pos=-100.51 elbow_flex.pos=+66.71 wrist_flex.pos=+68.69 wrist_roll.pos=+1.03 gripper.pos=+0.36
DEBUG 2026-08-19 06:06:35 [action #86] t=3.81s step=85 queue=6 dmax=0.342 | shoulder_pan.pos=+1.25 shoulder_lift.pos=-100.19 elbow_flex.pos=+66.96 wrist_flex.pos=+69.03 wrist_roll.pos=+1.11 gripper.pos=+0.51
DEBUG 2026-08-19 06:06:35 [action #87] t=3.85s step=86 queue=5 dmax=0.812 | shoulder_pan.pos=+0.61 shoulder_lift.pos=-99.37 elbow_flex.pos=+66.86 wrist_flex.pos=+69.12 wrist_roll.pos=+1.08 gripper.pos=+0.34
DEBUG 2026-08-19 06:06:35 [action #88] t=3.88s step=87 queue=4 dmax=0.628 | shoulder_pan.pos=-0.02 shoulder_lift.pos=-98.90 elbow_flex.pos=+67.22 wrist_flex.pos=+69.09 wrist_roll.pos=+1.15 gripper.pos=+0.29
DEBUG 2026-08-19 06:06:35 [action #89] t=3.91s step=88 queue=3 dmax=0.927 | shoulder_pan.pos=-0.94 shoulder_lift.pos=-98.53 elbow_flex.pos=+66.95 wrist_flex.pos=+68.42 wrist_roll.pos=+1.11 gripper.pos=+0.35
DEBUG 2026-08-19 06:06:35 [chunk] received 50 actions, timesteps 64..113 | first: shoulder_pan.pos=+0.89 shoulder_lift.pos=-95.42 elbow_flex.pos=+77.92 wrist_flex.pos=+59.87 wrist_roll.pos=-1.07 gripper.pos=+0.75 | last: shoulder_pan.pos=+1.93 shoulder_lift.pos=-47.24 elbow_flex.pos=+41.94 wrist_flex.pos=+73.00 wrist_roll.pos=+9.52 gripper.pos=+28.72
DEBUG 2026-08-19 06:06:35 [action #90] t=3.95s step=89 queue=25 dmax=29.708 | shoulder_pan.pos=+1.31 shoulder_lift.pos=-68.83 elbow_flex.pos=+55.97 wrist_flex.pos=+63.16 wrist_roll.pos=+2.80 gripper.pos=+0.06
DEBUG 2026-08-19 06:06:35 [action #91] t=3.98s step=90 queue=24 dmax=1.647 | shoulder_pan.pos=+1.21 shoulder_lift.pos=-67.65 elbow_flex.pos=+54.32 wrist_flex.pos=+63.39 wrist_roll.pos=+2.65 gripper.pos=+0.05
DEBUG 2026-08-19 06:06:35 [action #92] t=4.02s step=91 queue=23 dmax=12.686 | shoulder_pan.pos=+2.17 shoulder_lift.pos=-54.96 elbow_flex.pos=+49.52 wrist_flex.pos=+62.24 wrist_roll.pos=+3.44 gripper.pos=-0.42
DEBUG 2026-08-19 06:06:35 [action #93] t=4.05s step=92 queue=22 dmax=0.887 | shoulder_pan.pos=+2.01 shoulder_lift.pos=-54.08 elbow_flex.pos=+49.06 wrist_flex.pos=+62.80 wrist_roll.pos=+3.74 gripper.pos=-0.17
DEBUG 2026-08-19 06:06:35 [action #94] t=4.08s step=93 queue=21 dmax=0.966 | shoulder_pan.pos=+2.32 shoulder_lift.pos=-53.13 elbow_flex.pos=+48.10 wrist_flex.pos=+63.51 wrist_roll.pos=+3.69 gripper.pos=-0.42
DEBUG 2026-08-19 06:06:35 [action #95] t=4.12s step=94 queue=20 dmax=0.621 | shoulder_pan.pos=+2.38 shoulder_lift.pos=-53.17 elbow_flex.pos=+47.48 wrist_flex.pos=+64.10 wrist_roll.pos=+3.87 gripper.pos=-0.42
DEBUG 2026-08-19 06:06:35 [action #96] t=4.15s step=95 queue=19 dmax=0.645 | shoulder_pan.pos=+2.11 shoulder_lift.pos=-53.31 elbow_flex.pos=+47.06 wrist_flex.pos=+64.74 wrist_roll.pos=+3.92 gripper.pos=-0.09
DEBUG 2026-08-19 06:06:35 [action #97] t=4.18s step=96 queue=18 dmax=0.644 | shoulder_pan.pos=+2.16 shoulder_lift.pos=-52.75 elbow_flex.pos=+47.22 wrist_flex.pos=+65.39 wrist_roll.pos=+4.29 gripper.pos=+0.36
DEBUG 2026-08-19 06:06:35 [action #98] t=4.22s step=97 queue=17 dmax=1.770 | shoulder_pan.pos=+2.45 shoulder_lift.pos=-52.41 elbow_flex.pos=+46.31 wrist_flex.pos=+66.14 wrist_roll.pos=+4.50 gripper.pos=+2.13
DEBUG 2026-08-19 06:06:35 [action #99] t=4.25s step=98 queue=16 dmax=2.687 | shoulder_pan.pos=+2.05 shoulder_lift.pos=-51.93 elbow_flex.pos=+45.59 wrist_flex.pos=+66.72 wrist_roll.pos=+4.84 gripper.pos=+4.81
DEBUG 2026-08-19 06:06:35 [action #100] t=4.28s step=99 queue=15 dmax=2.187 | shoulder_pan.pos=+2.29 shoulder_lift.pos=-52.25 elbow_flex.pos=+44.95 wrist_flex.pos=+67.40 wrist_roll.pos=+5.14 gripper.pos=+7.00
DEBUG 2026-08-19 06:06:35 [action #101] t=4.32s step=100 queue=14 dmax=2.683 | shoulder_pan.pos=+2.33 shoulder_lift.pos=-50.76 elbow_flex.pos=+44.96 wrist_flex.pos=+68.29 wrist_roll.pos=+5.66 gripper.pos=+9.68
DEBUG 2026-08-19 06:06:35 [action #102] t=4.35s step=101 queue=13 dmax=0.983 | shoulder_pan.pos=+2.47 shoulder_lift.pos=-51.34 elbow_flex.pos=+44.65 wrist_flex.pos=+69.08 wrist_roll.pos=+6.06 gripper.pos=+10.67
DEBUG 2026-08-19 06:06:35 [action #103] t=4.38s step=102 queue=12 dmax=2.377 | shoulder_pan.pos=+2.25 shoulder_lift.pos=-51.74 elbow_flex.pos=+44.07 wrist_flex.pos=+69.61 wrist_roll.pos=+6.78 gripper.pos=+13.04
DEBUG 2026-08-19 06:06:35 [action #104] t=4.42s step=103 queue=11 dmax=1.257 | shoulder_pan.pos=+2.34 shoulder_lift.pos=-50.48 elbow_flex.pos=+44.75 wrist_flex.pos=+70.64 wrist_roll.pos=+7.36 gripper.pos=+14.25
DEBUG 2026-08-19 06:06:36 [action #105] t=4.45s step=104 queue=10 dmax=2.588 | shoulder_pan.pos=+2.68 shoulder_lift.pos=-50.50 elbow_flex.pos=+43.65 wrist_flex.pos=+71.03 wrist_roll.pos=+7.89 gripper.pos=+16.83
DEBUG 2026-08-19 06:06:36 [action #106] t=4.48s step=105 queue=9 dmax=2.486 | shoulder_pan.pos=+2.62 shoulder_lift.pos=-50.69 elbow_flex.pos=+44.00 wrist_flex.pos=+71.55 wrist_roll.pos=+8.32 gripper.pos=+19.32
DEBUG 2026-08-19 06:06:36 [action #107] t=4.52s step=106 queue=8 dmax=2.946 | shoulder_pan.pos=+2.74 shoulder_lift.pos=-49.81 elbow_flex.pos=+44.09 wrist_flex.pos=+72.01 wrist_roll.pos=+8.35 gripper.pos=+22.27
DEBUG 2026-08-19 06:06:36 [action #108] t=4.55s step=107 queue=7 dmax=2.037 | shoulder_pan.pos=+2.57 shoulder_lift.pos=-49.21 elbow_flex.pos=+43.75 wrist_flex.pos=+72.26 wrist_roll.pos=+8.66 gripper.pos=+24.30
DEBUG 2026-08-19 06:06:36 [action #109] t=4.58s step=108 queue=6 dmax=1.685 | shoulder_pan.pos=+2.39 shoulder_lift.pos=-49.02 elbow_flex.pos=+42.33 wrist_flex.pos=+72.47 wrist_roll.pos=+8.76 gripper.pos=+25.99
DEBUG 2026-08-19 06:06:36 [action #110] t=4.62s step=109 queue=5 dmax=1.398 | shoulder_pan.pos=+2.26 shoulder_lift.pos=-48.13 elbow_flex.pos=+43.73 wrist_flex.pos=+72.46 wrist_roll.pos=+8.85 gripper.pos=+26.67
DEBUG 2026-08-19 06:06:36 [action #111] t=4.65s step=110 queue=4 dmax=0.885 | shoulder_pan.pos=+2.43 shoulder_lift.pos=-49.02 elbow_flex.pos=+43.16 wrist_flex.pos=+72.21 wrist_roll.pos=+8.95 gripper.pos=+27.33
DEBUG 2026-08-19 06:06:36 [action #112] t=4.68s step=111 queue=3 dmax=0.895 | shoulder_pan.pos=+2.13 shoulder_lift.pos=-48.12 elbow_flex.pos=+42.40 wrist_flex.pos=+72.47 wrist_roll.pos=+9.25 gripper.pos=+27.91
DEBUG 2026-08-19 06:06:36 [chunk] received 50 actions, timesteps 88..137 | first: shoulder_pan.pos=+1.04 shoulder_lift.pos=-93.15 elbow_flex.pos=+63.38 wrist_flex.pos=+69.08 wrist_roll.pos=+1.23 gripper.pos=+0.87 | last: shoulder_pan.pos=-3.27 shoulder_lift.pos=-39.58 elbow_flex.pos=+36.64 wrist_flex.pos=+75.52 wrist_roll.pos=+13.86 gripper.pos=+36.57
DEBUG 2026-08-19 06:06:36 [action #113] t=4.72s step=112 queue=26 dmax=12.828 | shoulder_pan.pos=+0.05 shoulder_lift.pos=-51.46 elbow_flex.pos=+41.54 wrist_flex.pos=+70.69 wrist_roll.pos=+5.91 gripper.pos=+15.08
DEBUG 2026-08-19 06:06:36 [action #114] t=4.75s step=113 queue=25 dmax=1.920 | shoulder_pan.pos=-0.18 shoulder_lift.pos=-51.25 elbow_flex.pos=+41.68 wrist_flex.pos=+70.87 wrist_roll.pos=+6.19 gripper.pos=+17.00
DEBUG 2026-08-19 06:06:36 [action #115] t=4.78s step=114 queue=24 dmax=2.704 | shoulder_pan.pos=-1.01 shoulder_lift.pos=-52.10 elbow_flex.pos=+40.99 wrist_flex.pos=+70.40 wrist_roll.pos=+5.08 gripper.pos=+14.30
DEBUG 2026-08-19 06:06:36 [action #116] t=4.82s step=115 queue=23 dmax=2.213 | shoulder_pan.pos=-0.91 shoulder_lift.pos=-51.59 elbow_flex.pos=+41.10 wrist_flex.pos=+70.58 wrist_roll.pos=+5.25 gripper.pos=+16.51
DEBUG 2026-08-19 06:06:36 [action #117] t=4.85s step=116 queue=22 dmax=1.902 | shoulder_pan.pos=-1.10 shoulder_lift.pos=-51.04 elbow_flex.pos=+41.03 wrist_flex.pos=+71.47 wrist_roll.pos=+5.57 gripper.pos=+18.41
DEBUG 2026-08-19 06:06:36 [action #118] t=4.88s step=117 queue=21 dmax=1.617 | shoulder_pan.pos=-1.13 shoulder_lift.pos=-51.19 elbow_flex.pos=+41.30 wrist_flex.pos=+71.60 wrist_roll.pos=+5.85 gripper.pos=+20.03
DEBUG 2026-08-19 06:06:36 [action #119] t=4.92s step=118 queue=20 dmax=1.555 | shoulder_pan.pos=-1.43 shoulder_lift.pos=-50.08 elbow_flex.pos=+40.58 wrist_flex.pos=+72.03 wrist_roll.pos=+6.20 gripper.pos=+21.58
DEBUG 2026-08-19 06:06:36 [action #120] t=4.95s step=119 queue=19 dmax=1.519 | shoulder_pan.pos=-1.23 shoulder_lift.pos=-50.05 elbow_flex.pos=+40.31 wrist_flex.pos=+72.54 wrist_roll.pos=+6.70 gripper.pos=+23.10
DEBUG 2026-08-19 06:06:36 [action #121] t=4.99s step=120 queue=18 dmax=1.242 | shoulder_pan.pos=-1.36 shoulder_lift.pos=-50.00 elbow_flex.pos=+40.72 wrist_flex.pos=+73.09 wrist_roll.pos=+7.50 gripper.pos=+24.34
DEBUG 2026-08-19 06:06:36 [action #122] t=5.02s step=121 queue=17 dmax=1.525 | shoulder_pan.pos=-1.59 shoulder_lift.pos=-49.66 elbow_flex.pos=+40.59 wrist_flex.pos=+72.76 wrist_roll.pos=+8.36 gripper.pos=+25.87
DEBUG 2026-08-19 06:06:36 [action #123] t=5.05s step=122 queue=16 dmax=1.357 | shoulder_pan.pos=-1.79 shoulder_lift.pos=-49.31 elbow_flex.pos=+39.82 wrist_flex.pos=+73.27 wrist_roll.pos=+9.25 gripper.pos=+27.23
DEBUG 2026-08-19 06:06:36 [action #124] t=5.09s step=123 queue=15 dmax=1.139 | shoulder_pan.pos=-1.97 shoulder_lift.pos=-49.46 elbow_flex.pos=+40.60 wrist_flex.pos=+73.36 wrist_roll.pos=+9.91 gripper.pos=+28.36
DEBUG 2026-08-19 06:06:36 [action #125] t=5.12s step=124 queue=14 dmax=1.159 | shoulder_pan.pos=-1.85 shoulder_lift.pos=-49.82 elbow_flex.pos=+40.37 wrist_flex.pos=+73.74 wrist_roll.pos=+10.53 gripper.pos=+29.52
DEBUG 2026-08-19 06:06:36 [action #126] t=5.15s step=125 queue=13 dmax=1.108 | shoulder_pan.pos=-2.01 shoulder_lift.pos=-48.71 elbow_flex.pos=+39.88 wrist_flex.pos=+73.92 wrist_roll.pos=+11.12 gripper.pos=+30.60
DEBUG 2026-08-19 06:06:36 [action #127] t=5.19s step=126 queue=12 dmax=1.082 | shoulder_pan.pos=-2.47 shoulder_lift.pos=-48.39 elbow_flex.pos=+40.27 wrist_flex.pos=+74.27 wrist_roll.pos=+11.66 gripper.pos=+31.68
DEBUG 2026-08-19 06:06:36 [action #128] t=5.22s step=127 queue=11 dmax=0.921 | shoulder_pan.pos=-2.57 shoulder_lift.pos=-47.98 elbow_flex.pos=+39.47 wrist_flex.pos=+74.62 wrist_roll.pos=+12.04 gripper.pos=+32.60
DEBUG 2026-08-19 06:06:36 [action #129] t=5.25s step=128 queue=10 dmax=1.536 | shoulder_pan.pos=-2.46 shoulder_lift.pos=-46.44 elbow_flex.pos=+39.03 wrist_flex.pos=+74.71 wrist_roll.pos=+12.45 gripper.pos=+33.52
DEBUG 2026-08-19 06:06:36 [action #130] t=5.29s step=129 queue=9 dmax=0.876 | shoulder_pan.pos=-2.58 shoulder_lift.pos=-47.07 elbow_flex.pos=+39.22 wrist_flex.pos=+74.91 wrist_roll.pos=+12.75 gripper.pos=+34.40
DEBUG 2026-08-19 06:06:36 [action #131] t=5.32s step=130 queue=8 dmax=0.842 | shoulder_pan.pos=-2.60 shoulder_lift.pos=-46.23 elbow_flex.pos=+39.44 wrist_flex.pos=+75.03 wrist_roll.pos=+13.09 gripper.pos=+34.69
DEBUG 2026-08-19 06:06:36 [action #132] t=5.35s step=131 queue=7 dmax=1.518 | shoulder_pan.pos=-3.03 shoulder_lift.pos=-44.71 elbow_flex.pos=+38.74 wrist_flex.pos=+75.10 wrist_roll.pos=+13.27 gripper.pos=+35.14
DEBUG 2026-08-19 06:06:36 [action #133] t=5.39s step=132 queue=6 dmax=0.492 | shoulder_pan.pos=-2.82 shoulder_lift.pos=-44.71 elbow_flex.pos=+38.70 wrist_flex.pos=+75.20 wrist_roll.pos=+13.76 gripper.pos=+35.47
DEBUG 2026-08-19 06:06:36 [action #134] t=5.42s step=133 queue=5 dmax=1.636 | shoulder_pan.pos=-2.98 shoulder_lift.pos=-43.07 elbow_flex.pos=+38.24 wrist_flex.pos=+75.40 wrist_roll.pos=+13.82 gripper.pos=+35.78
DEBUG 2026-08-19 06:06:37 [action #135] t=5.45s step=134 queue=4 dmax=0.151 | shoulder_pan.pos=-3.07 shoulder_lift.pos=-42.97 elbow_flex.pos=+38.10 wrist_flex.pos=+75.34 wrist_roll.pos=+13.94 gripper.pos=+35.94
DEBUG 2026-08-19 06:06:37 [chunk] received 50 actions, timesteps 111..160 | first: shoulder_pan.pos=+1.51 shoulder_lift.pos=-45.57 elbow_flex.pos=+42.65 wrist_flex.pos=+72.91 wrist_roll.pos=+9.07 gripper.pos=+28.32 | last: shoulder_pan.pos=-2.91 shoulder_lift.pos=-11.67 elbow_flex.pos=+27.65 wrist_flex.pos=+69.17 wrist_roll.pos=+8.88 gripper.pos=+37.98
DEBUG 2026-08-19 06:06:37 [action #136] t=5.49s step=135 queue=26 dmax=4.261 | shoulder_pan.pos=-1.80 shoulder_lift.pos=-38.71 elbow_flex.pos=+39.14 wrist_flex.pos=+73.24 wrist_roll.pos=+11.31 gripper.pos=+37.00
DEBUG 2026-08-19 06:06:37 [action #137] t=5.52s step=136 queue=25 dmax=0.851 | shoulder_pan.pos=-1.80 shoulder_lift.pos=-37.86 elbow_flex.pos=+38.31 wrist_flex.pos=+73.25 wrist_roll.pos=+11.23 gripper.pos=+37.09
DEBUG 2026-08-19 06:06:37 [action #138] t=5.55s step=137 queue=24 dmax=0.961 | shoulder_pan.pos=-1.94 shoulder_lift.pos=-36.90 elbow_flex.pos=+38.02 wrist_flex.pos=+73.20 wrist_roll.pos=+11.41 gripper.pos=+36.97
DEBUG 2026-08-19 06:06:37 [action #139] t=5.59s step=138 queue=23 dmax=2.091 | shoulder_pan.pos=-1.58 shoulder_lift.pos=-34.81 elbow_flex.pos=+38.67 wrist_flex.pos=+71.87 wrist_roll.pos=+10.21 gripper.pos=+37.20
DEBUG 2026-08-19 06:06:37 [action #140] t=5.62s step=139 queue=22 dmax=0.830 | shoulder_pan.pos=-1.60 shoulder_lift.pos=-34.62 elbow_flex.pos=+37.84 wrist_flex.pos=+72.05 wrist_roll.pos=+10.18 gripper.pos=+37.31
DEBUG 2026-08-19 06:06:37 [action #141] t=5.65s step=140 queue=21 dmax=0.748 | shoulder_pan.pos=-1.91 shoulder_lift.pos=-33.87 elbow_flex.pos=+37.38 wrist_flex.pos=+72.10 wrist_roll.pos=+10.14 gripper.pos=+37.43
DEBUG 2026-08-19 06:06:37 [action #142] t=5.69s step=141 queue=20 dmax=0.958 | shoulder_pan.pos=-1.85 shoulder_lift.pos=-32.91 elbow_flex.pos=+37.44 wrist_flex.pos=+72.07 wrist_roll.pos=+10.15 gripper.pos=+37.31
DEBUG 2026-08-19 06:06:37 [action #143] t=5.72s step=142 queue=19 dmax=0.971 | shoulder_pan.pos=-1.98 shoulder_lift.pos=-32.04 elbow_flex.pos=+36.47 wrist_flex.pos=+72.05 wrist_roll.pos=+10.09 gripper.pos=+37.47
DEBUG 2026-08-19 06:06:37 [action #144] t=5.75s step=143 queue=18 dmax=0.806 | shoulder_pan.pos=-2.08 shoulder_lift.pos=-31.24 elbow_flex.pos=+36.39 wrist_flex.pos=+71.93 wrist_roll.pos=+10.23 gripper.pos=+37.42
DEBUG 2026-08-19 06:06:37 [action #145] t=5.79s step=144 queue=17 dmax=0.647 | shoulder_pan.pos=-2.14 shoulder_lift.pos=-30.61 elbow_flex.pos=+35.74 wrist_flex.pos=+71.85 wrist_roll.pos=+10.18 gripper.pos=+37.44
DEBUG 2026-08-19 06:06:37 [action #146] t=5.82s step=145 queue=16 dmax=1.307 | shoulder_pan.pos=-2.01 shoulder_lift.pos=-29.30 elbow_flex.pos=+34.97 wrist_flex.pos=+71.74 wrist_roll.pos=+10.09 gripper.pos=+37.41
DEBUG 2026-08-19 06:06:37 [action #147] t=5.85s step=146 queue=15 dmax=1.006 | shoulder_pan.pos=-1.94 shoulder_lift.pos=-28.30 elbow_flex.pos=+34.36 wrist_flex.pos=+71.54 wrist_roll.pos=+10.08 gripper.pos=+37.48
DEBUG 2026-08-19 06:06:37 [action #148] t=5.89s step=147 queue=14 dmax=1.144 | shoulder_pan.pos=-1.92 shoulder_lift.pos=-27.15 elbow_flex.pos=+33.72 wrist_flex.pos=+71.23 wrist_roll.pos=+10.09 gripper.pos=+37.40
DEBUG 2026-08-19 06:06:37 [action #149] t=5.92s step=148 queue=13 dmax=0.766 | shoulder_pan.pos=-1.92 shoulder_lift.pos=-26.39 elbow_flex.pos=+33.59 wrist_flex.pos=+70.90 wrist_roll.pos=+10.08 gripper.pos=+37.35
DEBUG 2026-08-19 06:06:37 [action #150] t=5.96s step=149 queue=12 dmax=1.307 | shoulder_pan.pos=-1.91 shoulder_lift.pos=-25.08 elbow_flex.pos=+32.94 wrist_flex.pos=+70.60 wrist_roll.pos=+10.03 gripper.pos=+37.33
DEBUG 2026-08-19 06:06:37 [action #151] t=5.99s step=150 queue=11 dmax=0.885 | shoulder_pan.pos=-1.89 shoulder_lift.pos=-24.19 elbow_flex.pos=+32.56 wrist_flex.pos=+70.26 wrist_roll.pos=+10.03 gripper.pos=+37.40
DEBUG 2026-08-19 06:06:37 [action #152] t=6.02s step=151 queue=10 dmax=1.145 | shoulder_pan.pos=-2.06 shoulder_lift.pos=-23.05 elbow_flex.pos=+32.04 wrist_flex.pos=+70.10 wrist_roll.pos=+9.84 gripper.pos=+37.41
DEBUG 2026-08-19 06:06:37 [action #153] t=6.06s step=152 queue=9 dmax=0.992 | shoulder_pan.pos=-2.01 shoulder_lift.pos=-22.06 elbow_flex.pos=+31.49 wrist_flex.pos=+69.89 wrist_roll.pos=+9.70 gripper.pos=+37.51
DEBUG 2026-08-19 06:06:37 [action #154] t=6.09s step=153 queue=8 dmax=1.501 | shoulder_pan.pos=-1.94 shoulder_lift.pos=-20.56 elbow_flex.pos=+31.01 wrist_flex.pos=+69.74 wrist_roll.pos=+9.54 gripper.pos=+37.54
DEBUG 2026-08-19 06:06:37 [action #155] t=6.12s step=154 queue=7 dmax=0.761 | shoulder_pan.pos=-2.09 shoulder_lift.pos=-19.80 elbow_flex.pos=+30.50 wrist_flex.pos=+69.66 wrist_roll.pos=+9.41 gripper.pos=+37.46
DEBUG 2026-08-19 06:06:37 [action #156] t=6.16s step=155 queue=6 dmax=1.374 | shoulder_pan.pos=-2.35 shoulder_lift.pos=-18.42 elbow_flex.pos=+29.74 wrist_flex.pos=+69.63 wrist_roll.pos=+9.37 gripper.pos=+37.55
DEBUG 2026-08-19 06:06:37 [action #157] t=6.19s step=156 queue=5 dmax=1.409 | shoulder_pan.pos=-2.41 shoulder_lift.pos=-17.01 elbow_flex.pos=+29.48 wrist_flex.pos=+69.57 wrist_roll.pos=+9.26 gripper.pos=+37.69
DEBUG 2026-08-19 06:06:37 [chunk] received 50 actions, timesteps 134..183 | first: shoulder_pan.pos=-3.48 shoulder_lift.pos=-41.56 elbow_flex.pos=+38.17 wrist_flex.pos=+75.10 wrist_roll.pos=+14.58 gripper.pos=+35.55 | last: shoulder_pan.pos=-3.18 shoulder_lift.pos=-1.82 elbow_flex.pos=+23.03 wrist_flex.pos=+65.01 wrist_roll.pos=+10.80 gripper.pos=+30.76
DEBUG 2026-08-19 06:06:37 [action #158] t=6.22s step=157 queue=27 dmax=1.517 | shoulder_pan.pos=-2.18 shoulder_lift.pos=-18.23 elbow_flex.pos=+27.96 wrist_flex.pos=+70.50 wrist_roll.pos=+9.95 gripper.pos=+38.20
DEBUG 2026-08-19 06:06:37 [action #159] t=6.26s step=158 queue=26 dmax=1.795 | shoulder_pan.pos=-2.19 shoulder_lift.pos=-16.43 elbow_flex.pos=+27.14 wrist_flex.pos=+70.58 wrist_roll.pos=+9.88 gripper.pos=+38.27
DEBUG 2026-08-19 06:06:37 [action #160] t=6.29s step=159 queue=25 dmax=0.239 | shoulder_pan.pos=-2.42 shoulder_lift.pos=-16.25 elbow_flex.pos=+26.97 wrist_flex.pos=+70.36 wrist_roll.pos=+9.82 gripper.pos=+38.34
DEBUG 2026-08-19 06:06:37 [action #161] t=6.32s step=160 queue=24 dmax=1.602 | shoulder_pan.pos=-2.38 shoulder_lift.pos=-14.64 elbow_flex.pos=+26.40 wrist_flex.pos=+70.45 wrist_roll.pos=+9.90 gripper.pos=+38.26
DEBUG 2026-08-19 06:06:37 [action #162] t=6.36s step=161 queue=23 dmax=1.224 | shoulder_pan.pos=-1.75 shoulder_lift.pos=-14.35 elbow_flex.pos=+25.18 wrist_flex.pos=+70.77 wrist_roll.pos=+10.32 gripper.pos=+38.31
DEBUG 2026-08-19 06:06:37 [action #163] t=6.39s step=162 queue=22 dmax=0.392 | shoulder_pan.pos=-2.06 shoulder_lift.pos=-14.03 elbow_flex.pos=+24.79 wrist_flex.pos=+70.78 wrist_roll.pos=+10.53 gripper.pos=+38.32
DEBUG 2026-08-19 06:06:37 [action #164] t=6.42s step=163 queue=21 dmax=1.657 | shoulder_pan.pos=-1.95 shoulder_lift.pos=-12.37 elbow_flex.pos=+24.19 wrist_flex.pos=+70.29 wrist_roll.pos=+10.70 gripper.pos=+38.10
DEBUG 2026-08-19 06:06:38 [action #165] t=6.46s step=164 queue=20 dmax=0.388 | shoulder_pan.pos=-1.89 shoulder_lift.pos=-12.12 elbow_flex.pos=+24.58 wrist_flex.pos=+69.99 wrist_roll.pos=+10.87 gripper.pos=+38.24
DEBUG 2026-08-19 06:06:38 [action #166] t=6.49s step=165 queue=19 dmax=1.154 | shoulder_pan.pos=-1.75 shoulder_lift.pos=-10.97 elbow_flex.pos=+24.21 wrist_flex.pos=+69.57 wrist_roll.pos=+10.96 gripper.pos=+38.15
DEBUG 2026-08-19 06:06:38 [action #167] t=6.52s step=166 queue=18 dmax=0.336 | shoulder_pan.pos=-1.75 shoulder_lift.pos=-10.77 elbow_flex.pos=+24.31 wrist_flex.pos=+69.24 wrist_roll.pos=+10.87 gripper.pos=+38.24
DEBUG 2026-08-19 06:06:38 [action #168] t=6.56s step=167 queue=17 dmax=1.589 | shoulder_pan.pos=-1.50 shoulder_lift.pos=-9.18 elbow_flex.pos=+23.50 wrist_flex.pos=+68.59 wrist_roll.pos=+10.87 gripper.pos=+38.09
DEBUG 2026-08-19 06:06:38 [action #169] t=6.59s step=168 queue=16 dmax=0.558 | shoulder_pan.pos=-1.70 shoulder_lift.pos=-8.96 elbow_flex.pos=+23.25 wrist_flex.pos=+68.03 wrist_roll.pos=+10.97 gripper.pos=+38.18
DEBUG 2026-08-19 06:06:38 [action #170] t=6.62s step=169 queue=15 dmax=1.198 | shoulder_pan.pos=-1.87 shoulder_lift.pos=-7.76 elbow_flex.pos=+22.97 wrist_flex.pos=+67.64 wrist_roll.pos=+10.97 gripper.pos=+37.98
DEBUG 2026-08-19 06:06:38 [action #171] t=6.66s step=170 queue=14 dmax=0.928 | shoulder_pan.pos=-1.71 shoulder_lift.pos=-6.83 elbow_flex.pos=+23.74 wrist_flex.pos=+67.44 wrist_roll.pos=+10.97 gripper.pos=+38.05
DEBUG 2026-08-19 06:06:38 [action #172] t=6.69s step=171 queue=13 dmax=0.823 | shoulder_pan.pos=-1.91 shoulder_lift.pos=-6.80 elbow_flex.pos=+22.92 wrist_flex.pos=+67.23 wrist_roll.pos=+11.04 gripper.pos=+38.20
DEBUG 2026-08-19 06:06:38 [action #173] t=6.72s step=172 queue=12 dmax=0.461 | shoulder_pan.pos=-1.74 shoulder_lift.pos=-6.72 elbow_flex.pos=+23.38 wrist_flex.pos=+66.82 wrist_roll.pos=+11.02 gripper.pos=+38.09
DEBUG 2026-08-19 06:06:38 [action #174] t=6.76s step=173 queue=11 dmax=1.322 | shoulder_pan.pos=-2.25 shoulder_lift.pos=-5.40 elbow_flex.pos=+23.00 wrist_flex.pos=+66.74 wrist_roll.pos=+11.10 gripper.pos=+38.00
DEBUG 2026-08-19 06:06:38 [action #175] t=6.79s step=174 queue=10 dmax=0.394 | shoulder_pan.pos=-1.91 shoulder_lift.pos=-5.18 elbow_flex.pos=+23.24 wrist_flex.pos=+66.35 wrist_roll.pos=+11.08 gripper.pos=+38.18
DEBUG 2026-08-19 06:06:38 [action #176] t=6.82s step=175 queue=9 dmax=0.581 | shoulder_pan.pos=-2.22 shoulder_lift.pos=-5.40 elbow_flex.pos=+23.82 wrist_flex.pos=+66.23 wrist_roll.pos=+10.88 gripper.pos=+38.06
DEBUG 2026-08-19 06:06:38 [action #177] t=6.86s step=176 queue=8 dmax=0.887 | shoulder_pan.pos=-2.49 shoulder_lift.pos=-4.51 elbow_flex.pos=+23.45 wrist_flex.pos=+66.12 wrist_roll.pos=+10.95 gripper.pos=+37.99
DEBUG 2026-08-19 06:06:38 [action #178] t=6.89s step=177 queue=7 dmax=0.504 | shoulder_pan.pos=-2.69 shoulder_lift.pos=-4.40 elbow_flex.pos=+23.18 wrist_flex.pos=+65.61 wrist_roll.pos=+10.93 gripper.pos=+37.89
DEBUG 2026-08-19 06:06:38 [action #179] t=6.93s step=178 queue=6 dmax=0.712 | shoulder_pan.pos=-2.67 shoulder_lift.pos=-4.32 elbow_flex.pos=+23.89 wrist_flex.pos=+65.70 wrist_roll.pos=+11.00 gripper.pos=+37.63
DEBUG 2026-08-19 06:06:38 [action #180] t=6.96s step=179 queue=5 dmax=0.770 | shoulder_pan.pos=-2.91 shoulder_lift.pos=-4.10 elbow_flex.pos=+24.48 wrist_flex.pos=+65.13 wrist_roll.pos=+10.96 gripper.pos=+36.86
DEBUG 2026-08-19 06:06:38 [action #181] t=6.99s step=180 queue=4 dmax=1.424 | shoulder_pan.pos=-2.78 shoulder_lift.pos=-4.00 elbow_flex.pos=+24.08 wrist_flex.pos=+65.14 wrist_roll.pos=+10.90 gripper.pos=+35.43
DEBUG 2026-08-19 06:06:38 [action #182] t=7.03s step=181 queue=3 dmax=1.669 | shoulder_pan.pos=-2.62 shoulder_lift.pos=-2.76 elbow_flex.pos=+23.14 wrist_flex.pos=+65.10 wrist_roll.pos=+10.81 gripper.pos=+33.77
DEBUG 2026-08-19 06:06:38 [action #183] t=7.06s step=182 queue=2 dmax=1.456 | shoulder_pan.pos=-3.01 shoulder_lift.pos=-2.30 elbow_flex.pos=+24.04 wrist_flex.pos=+65.08 wrist_roll.pos=+10.95 gripper.pos=+32.31
DEBUG 2026-08-19 06:06:38 [action #184] t=7.09s step=183 queue=1 dmax=1.550 | shoulder_pan.pos=-3.18 shoulder_lift.pos=-1.82 elbow_flex.pos=+23.03 wrist_flex.pos=+65.01 wrist_roll.pos=+10.80 gripper.pos=+30.76
DEBUG 2026-08-19 06:06:38 [chunk] received 50 actions, timesteps 156..205 | first: shoulder_pan.pos=-1.98 shoulder_lift.pos=-16.80 elbow_flex.pos=+30.49 wrist_flex.pos=+70.02 wrist_roll.pos=+9.30 gripper.pos=+38.00 | last: shoulder_pan.pos=-0.93 shoulder_lift.pos=+3.50 elbow_flex.pos=+18.77 wrist_flex.pos=+66.71 wrist_roll.pos=+7.45 gripper.pos=+8.78
DEBUG 2026-08-19 06:06:38 [action #185] t=7.13s step=184 queue=22 dmax=2.673 | shoulder_pan.pos=-1.43 shoulder_lift.pos=+0.86 elbow_flex.pos=+23.29 wrist_flex.pos=+65.81 wrist_roll.pos=+8.24 gripper.pos=+30.72
DEBUG 2026-08-19 06:06:38 [action #186] t=7.16s step=185 queue=21 dmax=2.393 | shoulder_pan.pos=-1.46 shoulder_lift.pos=+1.07 elbow_flex.pos=+23.11 wrist_flex.pos=+65.84 wrist_roll.pos=+8.15 gripper.pos=+28.32
DEBUG 2026-08-19 06:06:38 [action #187] t=7.19s step=186 queue=20 dmax=2.471 | shoulder_pan.pos=-1.53 shoulder_lift.pos=+1.22 elbow_flex.pos=+23.09 wrist_flex.pos=+65.73 wrist_roll.pos=+8.05 gripper.pos=+25.85
DEBUG 2026-08-19 06:06:38 [action #188] t=7.23s step=187 queue=19 dmax=2.056 | shoulder_pan.pos=-1.41 shoulder_lift.pos=+2.32 elbow_flex.pos=+22.57 wrist_flex.pos=+65.70 wrist_roll.pos=+8.05 gripper.pos=+23.80
DEBUG 2026-08-19 06:06:38 [action #189] t=7.26s step=188 queue=18 dmax=1.999 | shoulder_pan.pos=-1.50 shoulder_lift.pos=+2.02 elbow_flex.pos=+23.05 wrist_flex.pos=+65.73 wrist_roll.pos=+8.18 gripper.pos=+21.80
DEBUG 2026-08-19 06:06:38 [action #190] t=7.29s step=189 queue=17 dmax=1.574 | shoulder_pan.pos=-1.48 shoulder_lift.pos=+1.74 elbow_flex.pos=+22.88 wrist_flex.pos=+65.66 wrist_roll.pos=+8.16 gripper.pos=+20.23
DEBUG 2026-08-19 06:06:38 [action #191] t=7.33s step=190 queue=16 dmax=1.222 | shoulder_pan.pos=-1.54 shoulder_lift.pos=+2.41 elbow_flex.pos=+23.30 wrist_flex.pos=+65.88 wrist_roll.pos=+8.17 gripper.pos=+19.00
DEBUG 2026-08-19 06:06:38 [action #192] t=7.36s step=191 queue=15 dmax=1.414 | shoulder_pan.pos=-1.51 shoulder_lift.pos=+2.85 elbow_flex.pos=+23.58 wrist_flex.pos=+65.73 wrist_roll.pos=+8.10 gripper.pos=+17.59
DEBUG 2026-08-19 06:06:38 [action #193] t=7.39s step=192 queue=14 dmax=1.355 | shoulder_pan.pos=-1.31 shoulder_lift.pos=+2.67 elbow_flex.pos=+23.04 wrist_flex.pos=+65.72 wrist_roll.pos=+8.12 gripper.pos=+16.23
DEBUG 2026-08-19 06:06:38 [action #194] t=7.43s step=193 queue=13 dmax=1.136 | shoulder_pan.pos=-1.29 shoulder_lift.pos=+2.93 elbow_flex.pos=+22.97 wrist_flex.pos=+65.81 wrist_roll.pos=+8.19 gripper.pos=+15.10
DEBUG 2026-08-19 06:06:39 [action #195] t=7.46s step=194 queue=12 dmax=1.242 | shoulder_pan.pos=-1.38 shoulder_lift.pos=+2.22 elbow_flex.pos=+23.04 wrist_flex.pos=+65.75 wrist_roll.pos=+8.15 gripper.pos=+13.86
DEBUG 2026-08-19 06:06:39 [action #196] t=7.49s step=195 queue=11 dmax=1.073 | shoulder_pan.pos=-1.35 shoulder_lift.pos=+3.29 elbow_flex.pos=+23.08 wrist_flex.pos=+65.72 wrist_roll.pos=+8.06 gripper.pos=+12.97
DEBUG 2026-08-19 06:06:39 [action #197] t=7.53s step=196 queue=10 dmax=0.739 | shoulder_pan.pos=-1.40 shoulder_lift.pos=+2.55 elbow_flex.pos=+22.91 wrist_flex.pos=+65.95 wrist_roll.pos=+7.99 gripper.pos=+12.40
DEBUG 2026-08-19 06:06:39 [action #198] t=7.56s step=197 queue=9 dmax=0.947 | shoulder_pan.pos=-1.18 shoulder_lift.pos=+3.50 elbow_flex.pos=+22.72 wrist_flex.pos=+65.71 wrist_roll.pos=+8.04 gripper.pos=+11.95
DEBUG 2026-08-19 06:06:39 [action #199] t=7.59s step=198 queue=8 dmax=0.388 | shoulder_pan.pos=-1.04 shoulder_lift.pos=+3.23 elbow_flex.pos=+23.01 wrist_flex.pos=+65.56 wrist_roll.pos=+7.98 gripper.pos=+11.56
DEBUG 2026-08-19 06:06:39 [action #200] t=7.63s step=199 queue=7 dmax=1.012 | shoulder_pan.pos=-1.28 shoulder_lift.pos=+4.01 elbow_flex.pos=+22.00 wrist_flex.pos=+65.71 wrist_roll.pos=+7.91 gripper.pos=+11.26
DEBUG 2026-08-19 06:06:39 [action #201] t=7.66s step=200 queue=6 dmax=0.605 | shoulder_pan.pos=-1.25 shoulder_lift.pos=+3.41 elbow_flex.pos=+22.29 wrist_flex.pos=+65.83 wrist_roll.pos=+7.90 gripper.pos=+10.72
DEBUG 2026-08-19 06:06:39 [action #202] t=7.69s step=201 queue=5 dmax=0.666 | shoulder_pan.pos=-1.17 shoulder_lift.pos=+3.07 elbow_flex.pos=+21.62 wrist_flex.pos=+66.04 wrist_roll.pos=+7.79 gripper.pos=+10.15
DEBUG 2026-08-19 06:06:39 [action #203] t=7.73s step=202 queue=4 dmax=0.519 | shoulder_pan.pos=-0.94 shoulder_lift.pos=+3.59 elbow_flex.pos=+21.44 wrist_flex.pos=+66.07 wrist_roll.pos=+7.81 gripper.pos=+9.90
DEBUG 2026-08-19 06:06:39 [action #204] t=7.76s step=203 queue=3 dmax=0.912 | shoulder_pan.pos=-1.09 shoulder_lift.pos=+3.68 elbow_flex.pos=+20.53 wrist_flex.pos=+66.24 wrist_roll.pos=+7.52 gripper.pos=+9.42
DEBUG 2026-08-19 06:06:39 [action #205] t=7.79s step=204 queue=2 dmax=0.774 | shoulder_pan.pos=-0.89 shoulder_lift.pos=+3.58 elbow_flex.pos=+19.76 wrist_flex.pos=+66.44 wrist_roll.pos=+7.54 gripper.pos=+9.12
DEBUG 2026-08-19 06:06:39 [action #206] t=7.83s step=205 queue=1 dmax=0.985 | shoulder_pan.pos=-0.93 shoulder_lift.pos=+3.50 elbow_flex.pos=+18.77 wrist_flex.pos=+66.71 wrist_roll.pos=+7.45 gripper.pos=+8.78
DEBUG 2026-08-19 06:06:39 [chunk] received 50 actions, timesteps 183..232 | first: shoulder_pan.pos=-2.00 shoulder_lift.pos=-2.29 elbow_flex.pos=+21.98 wrist_flex.pos=+63.69 wrist_roll.pos=+10.15 gripper.pos=+38.52 | last: shoulder_pan.pos=-0.25 shoulder_lift.pos=-7.55 elbow_flex.pos=+3.55 wrist_flex.pos=+78.32 wrist_roll.pos=+2.30 gripper.pos=+8.26
DEBUG 2026-08-19 06:06:39 [action #207] t=7.90s step=206 queue=27 dmax=6.958 | shoulder_pan.pos=-0.13 shoulder_lift.pos=+6.72 elbow_flex.pos=+17.02 wrist_flex.pos=+63.51 wrist_roll.pos=+8.84 gripper.pos=+15.74
DEBUG 2026-08-19 06:06:39 [action #208] t=7.93s step=207 queue=26 dmax=1.825 | shoulder_pan.pos=+0.10 shoulder_lift.pos=+7.21 elbow_flex.pos=+17.18 wrist_flex.pos=+63.42 wrist_roll.pos=+8.77 gripper.pos=+13.91
DEBUG 2026-08-19 06:06:39 [action #209] t=7.96s step=208 queue=25 dmax=1.874 | shoulder_pan.pos=+0.07 shoulder_lift.pos=+7.23 elbow_flex.pos=+16.79 wrist_flex.pos=+63.42 wrist_roll.pos=+8.75 gripper.pos=+12.04
DEBUG 2026-08-19 06:06:39 [action #210] t=8.00s step=209 queue=24 dmax=1.583 | shoulder_pan.pos=+0.11 shoulder_lift.pos=+7.16 elbow_flex.pos=+16.86 wrist_flex.pos=+63.07 wrist_roll.pos=+8.81 gripper.pos=+10.45
DEBUG 2026-08-19 06:06:39 [action #211] t=8.03s step=210 queue=23 dmax=0.944 | shoulder_pan.pos=+0.19 shoulder_lift.pos=+7.52 elbow_flex.pos=+17.19 wrist_flex.pos=+63.41 wrist_roll.pos=+8.71 gripper.pos=+9.51
DEBUG 2026-08-19 06:06:39 [action #212] t=8.06s step=211 queue=22 dmax=0.733 | shoulder_pan.pos=+0.10 shoulder_lift.pos=+7.22 elbow_flex.pos=+17.10 wrist_flex.pos=+63.13 wrist_roll.pos=+8.63 gripper.pos=+8.78
DEBUG 2026-08-19 06:06:39 [action #213] t=8.10s step=212 queue=21 dmax=0.469 | shoulder_pan.pos=-0.16 shoulder_lift.pos=+6.75 elbow_flex.pos=+16.86 wrist_flex.pos=+63.22 wrist_roll.pos=+8.32 gripper.pos=+8.47
DEBUG 2026-08-19 06:06:39 [action #214] t=8.13s step=213 queue=20 dmax=0.952 | shoulder_pan.pos=+0.13 shoulder_lift.pos=+7.03 elbow_flex.pos=+15.90 wrist_flex.pos=+63.32 wrist_roll.pos=+8.07 gripper.pos=+8.05
DEBUG 2026-08-19 06:06:39 [action #215] t=8.16s step=214 queue=19 dmax=0.331 | shoulder_pan.pos=+0.19 shoulder_lift.pos=+6.99 elbow_flex.pos=+16.19 wrist_flex.pos=+63.36 wrist_roll.pos=+7.74 gripper.pos=+7.98
DEBUG 2026-08-19 06:06:39 [action #216] t=8.20s step=215 queue=18 dmax=0.437 | shoulder_pan.pos=-0.02 shoulder_lift.pos=+6.98 elbow_flex.pos=+16.05 wrist_flex.pos=+63.79 wrist_roll.pos=+7.32 gripper.pos=+7.78
DEBUG 2026-08-19 06:06:39 [action #217] t=8.23s step=216 queue=17 dmax=0.968 | shoulder_pan.pos=+0.03 shoulder_lift.pos=+6.92 elbow_flex.pos=+15.08 wrist_flex.pos=+64.40 wrist_roll.pos=+6.76 gripper.pos=+7.92
DEBUG 2026-08-19 06:06:39 [action #218] t=8.26s step=217 queue=16 dmax=1.196 | shoulder_pan.pos=-0.11 shoulder_lift.pos=+5.86 elbow_flex.pos=+13.89 wrist_flex.pos=+64.83 wrist_roll.pos=+6.37 gripper.pos=+7.76
DEBUG 2026-08-19 06:06:39 [action #219] t=8.30s step=218 queue=15 dmax=0.706 | shoulder_pan.pos=-0.30 shoulder_lift.pos=+5.48 elbow_flex.pos=+13.86 wrist_flex.pos=+65.54 wrist_roll.pos=+5.97 gripper.pos=+8.09
DEBUG 2026-08-19 06:06:39 [action #220] t=8.33s step=219 queue=14 dmax=1.150 | shoulder_pan.pos=-0.17 shoulder_lift.pos=+4.33 elbow_flex.pos=+13.28 wrist_flex.pos=+66.30 wrist_roll.pos=+5.65 gripper.pos=+8.26
DEBUG 2026-08-19 06:06:39 [action #221] t=8.36s step=220 queue=13 dmax=1.055 | shoulder_pan.pos=-0.27 shoulder_lift.pos=+4.41 elbow_flex.pos=+12.69 wrist_flex.pos=+67.36 wrist_roll.pos=+5.48 gripper.pos=+8.33
DEBUG 2026-08-19 06:06:39 [action #222] t=8.40s step=221 queue=12 dmax=1.322 | shoulder_pan.pos=-0.23 shoulder_lift.pos=+3.09 elbow_flex.pos=+12.19 wrist_flex.pos=+68.26 wrist_roll.pos=+5.02 gripper.pos=+8.40
DEBUG 2026-08-19 06:06:39 [action #223] t=8.43s step=222 queue=11 dmax=0.875 | shoulder_pan.pos=-0.57 shoulder_lift.pos=+2.77 elbow_flex.pos=+11.91 wrist_flex.pos=+69.14 wrist_roll.pos=+4.77 gripper.pos=+8.33
DEBUG 2026-08-19 06:06:40 [action #224] t=8.46s step=223 queue=10 dmax=1.368 | shoulder_pan.pos=-0.39 shoulder_lift.pos=+1.66 elbow_flex.pos=+10.54 wrist_flex.pos=+70.00 wrist_roll.pos=+4.20 gripper.pos=+8.28
DEBUG 2026-08-19 06:06:40 [action #225] t=8.50s step=224 queue=9 dmax=0.846 | shoulder_pan.pos=-0.35 shoulder_lift.pos=+1.18 elbow_flex.pos=+10.10 wrist_flex.pos=+70.84 wrist_roll.pos=+3.92 gripper.pos=+8.28
DEBUG 2026-08-19 06:06:40 [action #226] t=8.53s step=225 queue=8 dmax=0.834 | shoulder_pan.pos=-0.25 shoulder_lift.pos=+0.49 elbow_flex.pos=+9.62 wrist_flex.pos=+71.68 wrist_roll.pos=+3.78 gripper.pos=+8.38
DEBUG 2026-08-19 06:06:40 [chunk] received 50 actions, timesteps 205..254 | first: shoulder_pan.pos=-1.50 shoulder_lift.pos=+1.35 elbow_flex.pos=+16.96 wrist_flex.pos=+67.48 wrist_roll.pos=+6.64 gripper.pos=+8.00 | last: shoulder_pan.pos=+32.67 shoulder_lift.pos=+11.86 elbow_flex.pos=-19.99 wrist_flex.pos=+74.21 wrist_roll.pos=+3.08 gripper.pos=+7.47
DEBUG 2026-08-19 06:06:40 [action #227] t=8.56s step=226 queue=29 dmax=11.990 | shoulder_pan.pos=+7.61 shoulder_lift.pos=-11.50 elbow_flex.pos=+7.43 wrist_flex.pos=+76.18 wrist_roll.pos=+2.99 gripper.pos=+6.84
DEBUG 2026-08-19 06:06:40 [action #228] t=8.60s step=227 queue=28 dmax=0.915 | shoulder_pan.pos=+8.53 shoulder_lift.pos=-11.24 elbow_flex.pos=+6.68 wrist_flex.pos=+76.41 wrist_roll.pos=+3.01 gripper.pos=+7.11
DEBUG 2026-08-19 06:06:40 [action #229] t=8.63s step=228 queue=27 dmax=0.958 | shoulder_pan.pos=+9.10 shoulder_lift.pos=-12.20 elbow_flex.pos=+6.48 wrist_flex.pos=+76.32 wrist_roll.pos=+2.98 gripper.pos=+6.92
DEBUG 2026-08-19 06:06:40 [action #230] t=8.66s step=229 queue=26 dmax=1.220 | shoulder_pan.pos=+10.32 shoulder_lift.pos=-12.24 elbow_flex.pos=+5.59 wrist_flex.pos=+76.52 wrist_roll.pos=+3.02 gripper.pos=+6.99
DEBUG 2026-08-19 06:06:40 [action #231] t=8.70s step=230 queue=25 dmax=0.691 | shoulder_pan.pos=+11.01 shoulder_lift.pos=-12.03 elbow_flex.pos=+5.27 wrist_flex.pos=+76.57 wrist_roll.pos=+3.02 gripper.pos=+6.94
DEBUG 2026-08-19 06:06:40 [action #232] t=8.73s step=231 queue=24 dmax=1.067 | shoulder_pan.pos=+12.08 shoulder_lift.pos=-12.55 elbow_flex.pos=+5.24 wrist_flex.pos=+76.70 wrist_roll.pos=+3.00 gripper.pos=+6.80
DEBUG 2026-08-19 06:06:40 [action #233] t=8.76s step=232 queue=23 dmax=0.966 | shoulder_pan.pos=+12.60 shoulder_lift.pos=-13.22 elbow_flex.pos=+4.27 wrist_flex.pos=+76.87 wrist_roll.pos=+3.04 gripper.pos=+6.90
DEBUG 2026-08-19 06:06:40 [action #234] t=8.80s step=233 queue=22 dmax=6.478 | shoulder_pan.pos=+19.08 shoulder_lift.pos=-15.29 elbow_flex.pos=+3.10 wrist_flex.pos=+76.00 wrist_roll.pos=+3.26 gripper.pos=+6.40
DEBUG 2026-08-19 06:06:40 [action #235] t=8.83s step=234 queue=21 dmax=1.223 | shoulder_pan.pos=+20.30 shoulder_lift.pos=-15.29 elbow_flex.pos=+3.30 wrist_flex.pos=+75.70 wrist_roll.pos=+3.38 gripper.pos=+6.46
DEBUG 2026-08-19 06:06:40 [action #236] t=8.87s step=235 queue=20 dmax=1.179 | shoulder_pan.pos=+21.48 shoulder_lift.pos=-14.87 elbow_flex.pos=+2.62 wrist_flex.pos=+75.81 wrist_roll.pos=+3.33 gripper.pos=+6.63
DEBUG 2026-08-19 06:06:40 [action #237] t=8.90s step=236 queue=19 dmax=1.368 | shoulder_pan.pos=+22.28 shoulder_lift.pos=-13.50 elbow_flex.pos=+1.36 wrist_flex.pos=+75.35 wrist_roll.pos=+3.50 gripper.pos=+6.55
DEBUG 2026-08-19 06:06:40 [action #238] t=8.93s step=237 queue=18 dmax=1.168 | shoulder_pan.pos=+23.45 shoulder_lift.pos=-12.87 elbow_flex.pos=+0.50 wrist_flex.pos=+75.24 wrist_roll.pos=+3.29 gripper.pos=+6.41
DEBUG 2026-08-19 06:06:40 [action #239] t=8.97s step=238 queue=17 dmax=1.079 | shoulder_pan.pos=+23.62 shoulder_lift.pos=-12.46 elbow_flex.pos=-0.58 wrist_flex.pos=+75.25 wrist_roll.pos=+3.35 gripper.pos=+6.43
DEBUG 2026-08-19 06:06:40 [action #240] t=9.00s step=239 queue=16 dmax=1.940 | shoulder_pan.pos=+24.62 shoulder_lift.pos=-10.64 elbow_flex.pos=-2.52 wrist_flex.pos=+75.17 wrist_roll.pos=+3.43 gripper.pos=+6.42
DEBUG 2026-08-19 06:06:40 [action #241] t=9.03s step=240 queue=15 dmax=1.142 | shoulder_pan.pos=+25.13 shoulder_lift.pos=-9.85 elbow_flex.pos=-3.66 wrist_flex.pos=+75.25 wrist_roll.pos=+3.18 gripper.pos=+6.36
DEBUG 2026-08-19 06:06:40 [action #242] t=9.07s step=241 queue=14 dmax=1.021 | shoulder_pan.pos=+26.15 shoulder_lift.pos=-9.29 elbow_flex.pos=-4.35 wrist_flex.pos=+75.28 wrist_roll.pos=+3.30 gripper.pos=+6.72
DEBUG 2026-08-19 06:06:40 [action #243] t=9.10s step=242 queue=13 dmax=1.469 | shoulder_pan.pos=+26.91 shoulder_lift.pos=-8.81 elbow_flex.pos=-5.82 wrist_flex.pos=+75.29 wrist_roll.pos=+3.26 gripper.pos=+6.67
DEBUG 2026-08-19 06:06:40 [action #244] t=9.13s step=243 queue=12 dmax=1.849 | shoulder_pan.pos=+27.75 shoulder_lift.pos=-6.96 elbow_flex.pos=-7.40 wrist_flex.pos=+74.64 wrist_roll.pos=+3.34 gripper.pos=+6.80
DEBUG 2026-08-19 06:06:40 [action #245] t=9.17s step=244 queue=11 dmax=2.140 | shoulder_pan.pos=+28.33 shoulder_lift.pos=-4.82 elbow_flex.pos=-8.73 wrist_flex.pos=+74.98 wrist_roll.pos=+3.44 gripper.pos=+6.87
DEBUG 2026-08-19 06:06:40 [action #246] t=9.20s step=245 queue=10 dmax=1.521 | shoulder_pan.pos=+28.93 shoulder_lift.pos=-3.30 elbow_flex.pos=-9.26 wrist_flex.pos=+74.86 wrist_roll.pos=+3.37 gripper.pos=+7.02
DEBUG 2026-08-19 06:06:40 [action #247] t=9.23s step=246 queue=9 dmax=1.407 | shoulder_pan.pos=+29.58 shoulder_lift.pos=-1.89 elbow_flex.pos=-10.23 wrist_flex.pos=+74.56 wrist_roll.pos=+3.64 gripper.pos=+7.41
DEBUG 2026-08-19 06:06:40 [action #248] t=9.27s step=247 queue=8 dmax=1.769 | shoulder_pan.pos=+30.05 shoulder_lift.pos=-0.56 elbow_flex.pos=-11.99 wrist_flex.pos=+74.86 wrist_roll.pos=+3.51 gripper.pos=+7.33
DEBUG 2026-08-19 06:06:40 [action #249] t=9.30s step=248 queue=7 dmax=0.819 | shoulder_pan.pos=+30.82 shoulder_lift.pos=+0.00 elbow_flex.pos=-12.81 wrist_flex.pos=+74.55 wrist_roll.pos=+3.57 gripper.pos=+7.50
DEBUG 2026-08-19 06:06:40 [action #250] t=9.33s step=249 queue=6 dmax=2.327 | shoulder_pan.pos=+31.28 shoulder_lift.pos=+2.33 elbow_flex.pos=-14.08 wrist_flex.pos=+74.77 wrist_roll.pos=+3.55 gripper.pos=+7.19
DEBUG 2026-08-19 06:06:40 [action #251] t=9.37s step=250 queue=5 dmax=2.188 | shoulder_pan.pos=+31.53 shoulder_lift.pos=+4.52 elbow_flex.pos=-14.61 wrist_flex.pos=+74.46 wrist_roll.pos=+3.59 gripper.pos=+7.43
DEBUG 2026-08-19 06:06:40 [action #252] t=9.40s step=251 queue=4 dmax=1.790 | shoulder_pan.pos=+31.75 shoulder_lift.pos=+6.31 elbow_flex.pos=-16.25 wrist_flex.pos=+74.64 wrist_roll.pos=+3.61 gripper.pos=+7.27
DEBUG 2026-08-19 06:06:40 [action #253] t=9.43s step=252 queue=3 dmax=1.647 | shoulder_pan.pos=+32.09 shoulder_lift.pos=+7.96 elbow_flex.pos=-16.90 wrist_flex.pos=+74.52 wrist_roll.pos=+3.23 gripper.pos=+7.32
DEBUG 2026-08-19 06:06:41 [chunk] received 50 actions, timesteps 225..274 | first: shoulder_pan.pos=-1.46 shoulder_lift.pos=+0.99 elbow_flex.pos=+10.69 wrist_flex.pos=+70.55 wrist_roll.pos=+2.96 gripper.pos=+6.66 | last: shoulder_pan.pos=+33.71 shoulder_lift.pos=+10.37 elbow_flex.pos=-24.55 wrist_flex.pos=+71.84 wrist_roll.pos=+0.08 gripper.pos=+6.41
DEBUG 2026-08-19 06:06:41 [action #254] t=9.47s step=253 queue=22 dmax=14.812 | shoulder_pan.pos=+25.28 shoulder_lift.pos=-6.86 elbow_flex.pos=-8.77 wrist_flex.pos=+76.91 wrist_roll.pos=+2.37 gripper.pos=+6.68
DEBUG 2026-08-19 06:06:41 [action #255] t=9.50s step=254 queue=21 dmax=1.112 | shoulder_pan.pos=+26.01 shoulder_lift.pos=-5.74 elbow_flex.pos=-9.74 wrist_flex.pos=+76.36 wrist_roll.pos=+2.44 gripper.pos=+6.61
DEBUG 2026-08-19 06:06:41 [action #256] t=9.53s step=255 queue=20 dmax=7.628 | shoulder_pan.pos=+24.26 shoulder_lift.pos=-13.37 elbow_flex.pos=-5.74 wrist_flex.pos=+76.64 wrist_roll.pos=+2.03 gripper.pos=+6.23
DEBUG 2026-08-19 06:06:41 [action #257] t=9.57s step=256 queue=19 dmax=0.974 | shoulder_pan.pos=+25.24 shoulder_lift.pos=-12.63 elbow_flex.pos=-6.46 wrist_flex.pos=+76.00 wrist_roll.pos=+2.00 gripper.pos=+6.29
DEBUG 2026-08-19 06:06:41 [action #258] t=9.60s step=257 queue=18 dmax=0.762 | shoulder_pan.pos=+26.00 shoulder_lift.pos=-12.45 elbow_flex.pos=-6.51 wrist_flex.pos=+75.24 wrist_roll.pos=+2.13 gripper.pos=+6.28
DEBUG 2026-08-19 06:06:41 [action #259] t=9.63s step=258 queue=17 dmax=0.823 | shoulder_pan.pos=+26.82 shoulder_lift.pos=-11.77 elbow_flex.pos=-7.31 wrist_flex.pos=+74.51 wrist_roll.pos=+2.02 gripper.pos=+6.29
DEBUG 2026-08-19 06:06:41 [action #260] t=9.67s step=259 queue=16 dmax=0.677 | shoulder_pan.pos=+27.14 shoulder_lift.pos=-11.09 elbow_flex.pos=-7.63 wrist_flex.pos=+73.84 wrist_roll.pos=+1.99 gripper.pos=+6.23
DEBUG 2026-08-19 06:06:41 [action #261] t=9.70s step=260 queue=15 dmax=0.905 | shoulder_pan.pos=+28.05 shoulder_lift.pos=-10.26 elbow_flex.pos=-8.40 wrist_flex.pos=+73.47 wrist_roll.pos=+2.07 gripper.pos=+6.15
DEBUG 2026-08-19 06:06:41 [action #262] t=9.74s step=261 queue=14 dmax=1.283 | shoulder_pan.pos=+28.70 shoulder_lift.pos=-9.16 elbow_flex.pos=-9.69 wrist_flex.pos=+73.16 wrist_roll.pos=+2.03 gripper.pos=+6.29
DEBUG 2026-08-19 06:06:41 [action #263] t=9.77s step=262 queue=13 dmax=1.524 | shoulder_pan.pos=+29.03 shoulder_lift.pos=-7.63 elbow_flex.pos=-10.50 wrist_flex.pos=+72.66 wrist_roll.pos=+1.95 gripper.pos=+6.28
DEBUG 2026-08-19 06:06:41 [action #264] t=9.80s step=263 queue=12 dmax=1.250 | shoulder_pan.pos=+29.39 shoulder_lift.pos=-6.38 elbow_flex.pos=-11.68 wrist_flex.pos=+72.61 wrist_roll.pos=+1.94 gripper.pos=+6.22
DEBUG 2026-08-19 06:06:41 [action #265] t=9.84s step=264 queue=11 dmax=1.923 | shoulder_pan.pos=+30.36 shoulder_lift.pos=-4.46 elbow_flex.pos=-12.75 wrist_flex.pos=+72.27 wrist_roll.pos=+2.07 gripper.pos=+6.13
DEBUG 2026-08-19 06:06:41 [action #266] t=9.87s step=265 queue=10 dmax=1.176 | shoulder_pan.pos=+30.82 shoulder_lift.pos=-3.29 elbow_flex.pos=-13.26 wrist_flex.pos=+72.22 wrist_roll.pos=+1.84 gripper.pos=+6.34
DEBUG 2026-08-19 06:06:41 [action #267] t=9.90s step=266 queue=9 dmax=1.532 | shoulder_pan.pos=+31.20 shoulder_lift.pos=-1.75 elbow_flex.pos=-14.63 wrist_flex.pos=+72.14 wrist_roll.pos=+1.82 gripper.pos=+6.25
DEBUG 2026-08-19 06:06:41 [action #268] t=9.94s step=267 queue=8 dmax=1.554 | shoulder_pan.pos=+31.63 shoulder_lift.pos=-0.20 elbow_flex.pos=-15.96 wrist_flex.pos=+72.09 wrist_roll.pos=+1.71 gripper.pos=+6.23
DEBUG 2026-08-19 06:06:41 [action #269] t=9.97s step=268 queue=7 dmax=1.610 | shoulder_pan.pos=+32.00 shoulder_lift.pos=+1.12 elbow_flex.pos=-17.57 wrist_flex.pos=+72.21 wrist_roll.pos=+1.49 gripper.pos=+6.45
DEBUG 2026-08-19 06:06:41 [action #270] t=10.00s step=269 queue=6 dmax=1.847 | shoulder_pan.pos=+32.44 shoulder_lift.pos=+2.96 elbow_flex.pos=-17.94 wrist_flex.pos=+72.11 wrist_roll.pos=+1.21 gripper.pos=+6.19
DEBUG 2026-08-19 06:06:41 [action #271] t=10.04s step=270 queue=5 dmax=1.316 | shoulder_pan.pos=+32.50 shoulder_lift.pos=+4.19 elbow_flex.pos=-19.26 wrist_flex.pos=+71.93 wrist_roll.pos=+1.13 gripper.pos=+6.27
DEBUG 2026-08-19 06:06:41 [action #272] t=10.07s step=271 queue=4 dmax=1.677 | shoulder_pan.pos=+33.04 shoulder_lift.pos=+5.86 elbow_flex.pos=-20.33 wrist_flex.pos=+71.96 wrist_roll.pos=+0.83 gripper.pos=+6.34
DEBUG 2026-08-19 06:06:41 [action #273] t=10.10s step=272 queue=3 dmax=1.417 | shoulder_pan.pos=+33.26 shoulder_lift.pos=+7.28 elbow_flex.pos=-21.70 wrist_flex.pos=+71.85 wrist_roll.pos=+0.61 gripper.pos=+6.39
DEBUG 2026-08-19 06:06:41 [action #274] t=10.14s step=273 queue=2 dmax=1.739 | shoulder_pan.pos=+33.51 shoulder_lift.pos=+9.02 elbow_flex.pos=-22.77 wrist_flex.pos=+72.01 wrist_roll.pos=+0.32 gripper.pos=+6.33
DEBUG 2026-08-19 06:06:41 [action #275] t=10.17s step=274 queue=1 dmax=1.776 | shoulder_pan.pos=+33.71 shoulder_lift.pos=+10.37 elbow_flex.pos=-24.55 wrist_flex.pos=+71.84 wrist_roll.pos=+0.08 gripper.pos=+6.41
DEBUG 2026-08-19 06:06:41 [chunk] received 50 actions, timesteps 251..300 | first: shoulder_pan.pos=+29.47 shoulder_lift.pos=+3.90 elbow_flex.pos=-15.74 wrist_flex.pos=+74.63 wrist_roll.pos=+4.05 gripper.pos=+4.88 | last: shoulder_pan.pos=+29.19 shoulder_lift.pos=+19.04 elbow_flex.pos=-19.98 wrist_flex.pos=+78.60 wrist_roll.pos=+4.61 gripper.pos=+32.31
DEBUG 2026-08-19 06:06:41 [action #276] t=10.34s step=275 queue=26 dmax=9.651 | shoulder_pan.pos=+32.31 shoulder_lift.pos=+17.83 elbow_flex.pos=-14.90 wrist_flex.pos=+63.95 wrist_roll.pos=+4.90 gripper.pos=+4.95
DEBUG 2026-08-19 06:06:41 [action #277] t=10.37s step=276 queue=25 dmax=0.840 | shoulder_pan.pos=+32.69 shoulder_lift.pos=+18.67 elbow_flex.pos=-14.90 wrist_flex.pos=+64.18 wrist_roll.pos=+4.94 gripper.pos=+4.86
DEBUG 2026-08-19 06:06:41 [action #278] t=10.40s step=277 queue=24 dmax=0.419 | shoulder_pan.pos=+32.40 shoulder_lift.pos=+19.09 elbow_flex.pos=-15.04 wrist_flex.pos=+64.05 wrist_roll.pos=+4.72 gripper.pos=+5.06
DEBUG 2026-08-19 06:06:41 [action #279] t=10.44s step=278 queue=23 dmax=0.191 | shoulder_pan.pos=+32.31 shoulder_lift.pos=+19.28 elbow_flex.pos=-15.06 wrist_flex.pos=+64.13 wrist_roll.pos=+4.76 gripper.pos=+5.09
DEBUG 2026-08-19 06:06:42 [action #280] t=10.47s step=279 queue=22 dmax=0.434 | shoulder_pan.pos=+32.67 shoulder_lift.pos=+18.97 elbow_flex.pos=-14.75 wrist_flex.pos=+64.42 wrist_roll.pos=+4.87 gripper.pos=+5.53
DEBUG 2026-08-19 06:06:42 [action #281] t=10.50s step=280 queue=21 dmax=0.949 | shoulder_pan.pos=+32.53 shoulder_lift.pos=+19.41 elbow_flex.pos=-14.18 wrist_flex.pos=+64.59 wrist_roll.pos=+4.92 gripper.pos=+6.48
DEBUG 2026-08-19 06:06:42 [action #282] t=10.54s step=281 queue=20 dmax=3.196 | shoulder_pan.pos=+32.55 shoulder_lift.pos=+18.98 elbow_flex.pos=-14.23 wrist_flex.pos=+64.61 wrist_roll.pos=+5.02 gripper.pos=+9.67
DEBUG 2026-08-19 06:06:42 [action #283] t=10.57s step=282 queue=19 dmax=5.021 | shoulder_pan.pos=+32.41 shoulder_lift.pos=+18.94 elbow_flex.pos=-14.17 wrist_flex.pos=+64.61 wrist_roll.pos=+5.04 gripper.pos=+14.69
DEBUG 2026-08-19 06:06:42 [action #284] t=10.60s step=283 queue=18 dmax=4.277 | shoulder_pan.pos=+32.58 shoulder_lift.pos=+18.50 elbow_flex.pos=-14.29 wrist_flex.pos=+64.85 wrist_roll.pos=+5.08 gripper.pos=+18.97
DEBUG 2026-08-19 06:06:42 [action #285] t=10.64s step=284 queue=17 dmax=4.147 | shoulder_pan.pos=+32.63 shoulder_lift.pos=+18.81 elbow_flex.pos=-14.79 wrist_flex.pos=+65.57 wrist_roll.pos=+5.07 gripper.pos=+23.12
DEBUG 2026-08-19 06:06:42 [action #286] t=10.67s step=285 queue=16 dmax=3.052 | shoulder_pan.pos=+32.18 shoulder_lift.pos=+18.50 elbow_flex.pos=-14.42 wrist_flex.pos=+65.87 wrist_roll.pos=+5.18 gripper.pos=+26.17
DEBUG 2026-08-19 06:06:42 [action #287] t=10.71s step=286 queue=15 dmax=2.233 | shoulder_pan.pos=+32.12 shoulder_lift.pos=+19.18 elbow_flex.pos=-14.18 wrist_flex.pos=+66.16 wrist_roll.pos=+5.03 gripper.pos=+28.40
DEBUG 2026-08-19 06:06:42 [action #288] t=10.74s step=287 queue=14 dmax=1.795 | shoulder_pan.pos=+32.09 shoulder_lift.pos=+19.18 elbow_flex.pos=-13.12 wrist_flex.pos=+67.06 wrist_roll.pos=+5.28 gripper.pos=+30.20
DEBUG 2026-08-19 06:06:42 [action #289] t=10.77s step=288 queue=13 dmax=1.242 | shoulder_pan.pos=+32.23 shoulder_lift.pos=+19.06 elbow_flex.pos=-13.37 wrist_flex.pos=+67.84 wrist_roll.pos=+5.06 gripper.pos=+31.44
DEBUG 2026-08-19 06:06:42 [action #290] t=10.81s step=289 queue=12 dmax=1.030 | shoulder_pan.pos=+31.84 shoulder_lift.pos=+19.29 elbow_flex.pos=-14.41 wrist_flex.pos=+68.45 wrist_roll.pos=+5.11 gripper.pos=+32.10
DEBUG 2026-08-19 06:06:42 [action #291] t=10.84s step=290 queue=11 dmax=1.104 | shoulder_pan.pos=+31.58 shoulder_lift.pos=+19.04 elbow_flex.pos=-13.30 wrist_flex.pos=+69.29 wrist_roll.pos=+5.22 gripper.pos=+32.71
DEBUG 2026-08-19 06:06:42 [action #292] t=10.87s step=291 queue=10 dmax=0.861 | shoulder_pan.pos=+31.55 shoulder_lift.pos=+18.73 elbow_flex.pos=-13.72 wrist_flex.pos=+70.15 wrist_roll.pos=+5.02 gripper.pos=+32.94
DEBUG 2026-08-19 06:06:42 [action #293] t=10.91s step=292 queue=9 dmax=0.794 | shoulder_pan.pos=+31.40 shoulder_lift.pos=+19.20 elbow_flex.pos=-14.29 wrist_flex.pos=+70.94 wrist_roll.pos=+5.10 gripper.pos=+33.07
DEBUG 2026-08-19 06:06:42 [action #294] t=10.94s step=293 queue=8 dmax=0.686 | shoulder_pan.pos=+31.28 shoulder_lift.pos=+19.83 elbow_flex.pos=-14.70 wrist_flex.pos=+71.63 wrist_roll.pos=+4.97 gripper.pos=+32.94
DEBUG 2026-08-19 06:06:42 [action #295] t=10.97s step=294 queue=7 dmax=0.553 | shoulder_pan.pos=+30.83 shoulder_lift.pos=+19.51 elbow_flex.pos=-14.21 wrist_flex.pos=+72.18 wrist_roll.pos=+4.77 gripper.pos=+32.77
DEBUG 2026-08-19 06:06:42 [action #296] t=11.01s step=295 queue=6 dmax=1.202 | shoulder_pan.pos=+30.70 shoulder_lift.pos=+19.83 elbow_flex.pos=-14.56 wrist_flex.pos=+73.39 wrist_roll.pos=+5.03 gripper.pos=+32.77
DEBUG 2026-08-19 06:06:42 [action #297] t=11.04s step=296 queue=5 dmax=2.160 | shoulder_pan.pos=+30.50 shoulder_lift.pos=+20.19 elbow_flex.pos=-16.72 wrist_flex.pos=+74.14 wrist_roll.pos=+4.88 gripper.pos=+32.55
DEBUG 2026-08-19 06:06:42 [action #298] t=11.07s step=297 queue=4 dmax=1.193 | shoulder_pan.pos=+30.40 shoulder_lift.pos=+19.45 elbow_flex.pos=-17.04 wrist_flex.pos=+75.33 wrist_roll.pos=+4.86 gripper.pos=+32.52
DEBUG 2026-08-19 06:06:42 [action #299] t=11.11s step=298 queue=3 dmax=0.863 | shoulder_pan.pos=+30.33 shoulder_lift.pos=+19.29 elbow_flex.pos=-17.60 wrist_flex.pos=+76.19 wrist_roll.pos=+4.55 gripper.pos=+32.44
DEBUG 2026-08-19 06:06:42 [action #300] t=11.14s step=299 queue=2 dmax=1.631 | shoulder_pan.pos=+29.63 shoulder_lift.pos=+19.70 elbow_flex.pos=-19.23 wrist_flex.pos=+77.52 wrist_roll.pos=+4.73 gripper.pos=+32.50
DEBUG 2026-08-19 06:06:42 [action #301] t=11.17s step=300 queue=1 dmax=1.085 | shoulder_pan.pos=+29.19 shoulder_lift.pos=+19.04 elbow_flex.pos=-19.98 wrist_flex.pos=+78.60 wrist_roll.pos=+4.61 gripper.pos=+32.31
DEBUG 2026-08-19 06:06:42 [chunk] received 50 actions, timesteps 274..323 | first: shoulder_pan.pos=+31.78 shoulder_lift.pos=+7.19 elbow_flex.pos=-22.44 wrist_flex.pos=+72.12 wrist_roll.pos=+1.04 gripper.pos=+5.28 | last: shoulder_pan.pos=+29.60 shoulder_lift.pos=+18.65 elbow_flex.pos=-27.26 wrist_flex.pos=+78.49 wrist_roll.pos=+2.36 gripper.pos=+34.38
DEBUG 2026-08-19 06:06:42 [action #302] t=11.24s step=301 queue=23 dmax=17.999 | shoulder_pan.pos=+36.08 shoulder_lift.pos=+20.25 elbow_flex.pos=-20.71 wrist_flex.pos=+64.20 wrist_roll.pos=+2.48 gripper.pos=+14.32
DEBUG 2026-08-19 06:06:42 [action #303] t=11.27s step=302 queue=22 dmax=1.214 | shoulder_pan.pos=+35.99 shoulder_lift.pos=+20.23 elbow_flex.pos=-20.46 wrist_flex.pos=+64.23 wrist_roll.pos=+2.46 gripper.pos=+15.53
DEBUG 2026-08-19 06:06:42 [action #304] t=11.31s step=303 queue=21 dmax=1.323 | shoulder_pan.pos=+35.79 shoulder_lift.pos=+20.04 elbow_flex.pos=-20.56 wrist_flex.pos=+64.36 wrist_roll.pos=+2.52 gripper.pos=+16.85
DEBUG 2026-08-19 06:06:42 [action #305] t=11.34s step=304 queue=20 dmax=1.585 | shoulder_pan.pos=+35.55 shoulder_lift.pos=+19.94 elbow_flex.pos=-20.45 wrist_flex.pos=+64.67 wrist_roll.pos=+2.48 gripper.pos=+18.44
DEBUG 2026-08-19 06:06:42 [action #306] t=11.37s step=305 queue=19 dmax=1.652 | shoulder_pan.pos=+35.12 shoulder_lift.pos=+19.22 elbow_flex.pos=-20.50 wrist_flex.pos=+64.72 wrist_roll.pos=+2.58 gripper.pos=+20.09
DEBUG 2026-08-19 06:06:42 [action #307] t=11.41s step=306 queue=18 dmax=2.326 | shoulder_pan.pos=+34.78 shoulder_lift.pos=+19.00 elbow_flex.pos=-19.90 wrist_flex.pos=+65.03 wrist_roll.pos=+2.64 gripper.pos=+22.42
DEBUG 2026-08-19 06:06:42 [action #308] t=11.44s step=307 queue=17 dmax=3.145 | shoulder_pan.pos=+34.31 shoulder_lift.pos=+19.65 elbow_flex.pos=-20.18 wrist_flex.pos=+65.23 wrist_roll.pos=+2.69 gripper.pos=+25.56
DEBUG 2026-08-19 06:06:43 [action #309] t=11.47s step=308 queue=16 dmax=2.833 | shoulder_pan.pos=+33.94 shoulder_lift.pos=+19.52 elbow_flex.pos=-20.23 wrist_flex.pos=+65.77 wrist_roll.pos=+2.71 gripper.pos=+28.39
DEBUG 2026-08-19 06:06:43 [action #310] t=11.51s step=309 queue=15 dmax=2.745 | shoulder_pan.pos=+33.47 shoulder_lift.pos=+19.72 elbow_flex.pos=-19.80 wrist_flex.pos=+66.22 wrist_roll.pos=+2.60 gripper.pos=+31.14
DEBUG 2026-08-19 06:06:43 [action #311] t=11.54s step=310 queue=14 dmax=1.610 | shoulder_pan.pos=+33.47 shoulder_lift.pos=+19.15 elbow_flex.pos=-20.49 wrist_flex.pos=+66.66 wrist_roll.pos=+2.70 gripper.pos=+32.75
DEBUG 2026-08-19 06:06:43 [action #312] t=11.57s step=311 queue=13 dmax=0.703 | shoulder_pan.pos=+32.85 shoulder_lift.pos=+19.37 elbow_flex.pos=-19.95 wrist_flex.pos=+67.26 wrist_roll.pos=+2.81 gripper.pos=+33.45
DEBUG 2026-08-19 06:06:43 [action #313] t=11.61s step=312 queue=12 dmax=0.511 | shoulder_pan.pos=+32.79 shoulder_lift.pos=+19.20 elbow_flex.pos=-20.01 wrist_flex.pos=+67.77 wrist_roll.pos=+2.66 gripper.pos=+33.89
DEBUG 2026-08-19 06:06:43 [action #314] t=11.64s step=313 queue=11 dmax=1.150 | shoulder_pan.pos=+32.23 shoulder_lift.pos=+18.78 elbow_flex.pos=-21.16 wrist_flex.pos=+67.97 wrist_roll.pos=+2.79 gripper.pos=+33.93
DEBUG 2026-08-19 06:06:43 [action #315] t=11.67s step=314 queue=10 dmax=0.739 | shoulder_pan.pos=+31.76 shoulder_lift.pos=+18.97 elbow_flex.pos=-20.62 wrist_flex.pos=+68.70 wrist_roll.pos=+2.71 gripper.pos=+33.99
DEBUG 2026-08-19 06:06:43 [action #316] t=11.71s step=315 queue=9 dmax=1.026 | shoulder_pan.pos=+31.75 shoulder_lift.pos=+18.78 elbow_flex.pos=-21.65 wrist_flex.pos=+69.31 wrist_roll.pos=+2.75 gripper.pos=+33.73
DEBUG 2026-08-19 06:06:43 [action #317] t=11.74s step=316 queue=8 dmax=0.612 | shoulder_pan.pos=+31.60 shoulder_lift.pos=+19.08 elbow_flex.pos=-21.89 wrist_flex.pos=+69.92 wrist_roll.pos=+2.71 gripper.pos=+33.85
DEBUG 2026-08-19 06:06:43 [action #318] t=11.78s step=317 queue=7 dmax=0.943 | shoulder_pan.pos=+31.06 shoulder_lift.pos=+18.14 elbow_flex.pos=-22.57 wrist_flex.pos=+70.74 wrist_roll.pos=+2.77 gripper.pos=+33.80
DEBUG 2026-08-19 06:06:43 [action #319] t=11.81s step=318 queue=6 dmax=0.768 | shoulder_pan.pos=+30.90 shoulder_lift.pos=+18.58 elbow_flex.pos=-23.04 wrist_flex.pos=+71.51 wrist_roll.pos=+2.61 gripper.pos=+33.96
DEBUG 2026-08-19 06:06:43 [action #320] t=11.84s step=319 queue=5 dmax=1.479 | shoulder_pan.pos=+30.69 shoulder_lift.pos=+18.74 elbow_flex.pos=-24.51 wrist_flex.pos=+72.68 wrist_roll.pos=+2.55 gripper.pos=+34.07
DEBUG 2026-08-19 06:06:43 [action #321] t=11.88s step=320 queue=4 dmax=1.245 | shoulder_pan.pos=+30.44 shoulder_lift.pos=+18.28 elbow_flex.pos=-24.09 wrist_flex.pos=+73.92 wrist_roll.pos=+2.49 gripper.pos=+34.41
DEBUG 2026-08-19 06:06:43 [action #322] t=11.91s step=321 queue=3 dmax=1.560 | shoulder_pan.pos=+30.24 shoulder_lift.pos=+18.84 elbow_flex.pos=-25.65 wrist_flex.pos=+75.16 wrist_roll.pos=+2.40 gripper.pos=+34.41
DEBUG 2026-08-19 06:06:43 [action #323] t=11.94s step=322 queue=2 dmax=1.564 | shoulder_pan.pos=+29.94 shoulder_lift.pos=+18.45 elbow_flex.pos=-26.09 wrist_flex.pos=+76.72 wrist_roll.pos=+2.44 gripper.pos=+34.44
DEBUG 2026-08-19 06:06:43 [action #324] t=11.98s step=323 queue=1 dmax=1.760 | shoulder_pan.pos=+29.60 shoulder_lift.pos=+18.65 elbow_flex.pos=-27.26 wrist_flex.pos=+78.49 wrist_roll.pos=+2.36 gripper.pos=+34.38
DEBUG 2026-08-19 06:06:43 [chunk] received 50 actions, timesteps 300..349 | first: shoulder_pan.pos=+28.66 shoulder_lift.pos=+15.41 elbow_flex.pos=-18.44 wrist_flex.pos=+79.17 wrist_roll.pos=+4.77 gripper.pos=+33.00 | last: shoulder_pan.pos=+2.63 shoulder_lift.pos=-65.85 elbow_flex.pos=+52.15 wrist_flex.pos=+73.67 wrist_roll.pos=+6.17 gripper.pos=+1.69
DEBUG 2026-08-19 06:06:43 [action #325] t=12.14s step=324 queue=26 dmax=32.969 | shoulder_pan.pos=+16.12 shoulder_lift.pos=-0.54 elbow_flex.pos=-17.52 wrist_flex.pos=+97.61 wrist_roll.pos=+5.55 gripper.pos=+1.41
DEBUG 2026-08-19 06:06:43 [action #326] t=12.18s step=325 queue=25 dmax=2.470 | shoulder_pan.pos=+14.92 shoulder_lift.pos=-2.69 elbow_flex.pos=-15.05 wrist_flex.pos=+96.72 wrist_roll.pos=+5.41 gripper.pos=+0.86
DEBUG 2026-08-19 06:06:43 [action #327] t=12.21s step=326 queue=24 dmax=3.015 | shoulder_pan.pos=+13.66 shoulder_lift.pos=-5.38 elbow_flex.pos=-12.03 wrist_flex.pos=+96.08 wrist_roll.pos=+5.48 gripper.pos=+0.98
DEBUG 2026-08-19 06:06:43 [action #328] t=12.24s step=327 queue=23 dmax=3.272 | shoulder_pan.pos=+12.41 shoulder_lift.pos=-7.87 elbow_flex.pos=-8.76 wrist_flex.pos=+95.01 wrist_roll.pos=+5.43 gripper.pos=+1.09
DEBUG 2026-08-19 06:06:43 [action #329] t=12.28s step=328 queue=22 dmax=3.713 | shoulder_pan.pos=+11.25 shoulder_lift.pos=-10.73 elbow_flex.pos=-5.05 wrist_flex.pos=+93.77 wrist_roll.pos=+5.30 gripper.pos=+1.38
DEBUG 2026-08-19 06:06:43 [action #330] t=12.31s step=329 queue=21 dmax=3.459 | shoulder_pan.pos=+10.27 shoulder_lift.pos=-13.21 elbow_flex.pos=-1.59 wrist_flex.pos=+92.26 wrist_roll.pos=+5.28 gripper.pos=+1.43
DEBUG 2026-08-19 06:06:43 [action #331] t=12.34s step=330 queue=20 dmax=3.531 | shoulder_pan.pos=+9.34 shoulder_lift.pos=-16.22 elbow_flex.pos=+1.94 wrist_flex.pos=+90.90 wrist_roll.pos=+5.15 gripper.pos=+1.54
DEBUG 2026-08-19 06:06:43 [action #332] t=12.38s step=331 queue=19 dmax=3.249 | shoulder_pan.pos=+8.67 shoulder_lift.pos=-18.65 elbow_flex.pos=+5.19 wrist_flex.pos=+89.26 wrist_roll.pos=+5.24 gripper.pos=+1.56
DEBUG 2026-08-19 06:06:43 [action #333] t=12.41s step=332 queue=18 dmax=3.788 | shoulder_pan.pos=+7.76 shoulder_lift.pos=-21.30 elbow_flex.pos=+8.98 wrist_flex.pos=+87.75 wrist_roll.pos=+5.29 gripper.pos=+1.65
DEBUG 2026-08-19 06:06:44 [action #334] t=12.44s step=333 queue=17 dmax=3.530 | shoulder_pan.pos=+7.27 shoulder_lift.pos=-24.11 elbow_flex.pos=+12.51 wrist_flex.pos=+86.42 wrist_roll.pos=+5.37 gripper.pos=+1.66
DEBUG 2026-08-19 06:06:44 [action #335] t=12.48s step=334 queue=16 dmax=2.458 | shoulder_pan.pos=+6.64 shoulder_lift.pos=-26.39 elbow_flex.pos=+14.97 wrist_flex.pos=+85.02 wrist_roll.pos=+5.36 gripper.pos=+1.83
DEBUG 2026-08-19 06:06:44 [action #336] t=12.51s step=335 queue=15 dmax=2.996 | shoulder_pan.pos=+6.11 shoulder_lift.pos=-29.33 elbow_flex.pos=+17.96 wrist_flex.pos=+83.92 wrist_roll.pos=+5.49 gripper.pos=+1.95
DEBUG 2026-08-19 06:06:44 [action #337] t=12.54s step=336 queue=14 dmax=3.053 | shoulder_pan.pos=+6.00 shoulder_lift.pos=-31.82 elbow_flex.pos=+21.02 wrist_flex.pos=+82.72 wrist_roll.pos=+5.52 gripper.pos=+1.71
DEBUG 2026-08-19 06:06:44 [action #338] t=12.58s step=337 queue=13 dmax=3.066 | shoulder_pan.pos=+5.53 shoulder_lift.pos=-34.48 elbow_flex.pos=+24.08 wrist_flex.pos=+81.53 wrist_roll.pos=+5.54 gripper.pos=+1.73
DEBUG 2026-08-19 06:06:44 [action #339] t=12.61s step=338 queue=12 dmax=2.469 | shoulder_pan.pos=+5.21 shoulder_lift.pos=-36.94 elbow_flex.pos=+26.43 wrist_flex.pos=+80.46 wrist_roll.pos=+5.70 gripper.pos=+1.85
DEBUG 2026-08-19 06:06:44 [action #340] t=12.64s step=339 queue=11 dmax=3.336 | shoulder_pan.pos=+4.83 shoulder_lift.pos=-39.86 elbow_flex.pos=+29.76 wrist_flex.pos=+79.42 wrist_roll.pos=+5.59 gripper.pos=+1.71
DEBUG 2026-08-19 06:06:44 [action #341] t=12.68s step=340 queue=10 dmax=2.237 | shoulder_pan.pos=+4.44 shoulder_lift.pos=-42.09 elbow_flex.pos=+32.00 wrist_flex.pos=+78.36 wrist_roll.pos=+5.76 gripper.pos=+1.80
DEBUG 2026-08-19 06:06:44 [action #342] t=12.71s step=341 queue=9 dmax=2.745 | shoulder_pan.pos=+4.08 shoulder_lift.pos=-44.84 elbow_flex.pos=+34.40 wrist_flex.pos=+77.47 wrist_roll.pos=+5.75 gripper.pos=+1.75
DEBUG 2026-08-19 06:06:44 [action #343] t=12.74s step=342 queue=8 dmax=3.036 | shoulder_pan.pos=+3.69 shoulder_lift.pos=-47.81 elbow_flex.pos=+37.44 wrist_flex.pos=+76.49 wrist_roll.pos=+5.77 gripper.pos=+1.71
DEBUG 2026-08-19 06:06:44 [action #344] t=12.78s step=343 queue=7 dmax=2.713 | shoulder_pan.pos=+3.45 shoulder_lift.pos=-50.53 elbow_flex.pos=+39.68 wrist_flex.pos=+75.82 wrist_roll.pos=+5.80 gripper.pos=+1.63
DEBUG 2026-08-19 06:06:44 [action #345] t=12.81s step=344 queue=6 dmax=2.533 | shoulder_pan.pos=+3.32 shoulder_lift.pos=-53.06 elbow_flex.pos=+41.72 wrist_flex.pos=+75.14 wrist_roll.pos=+5.96 gripper.pos=+1.66
DEBUG 2026-08-19 06:06:44 [action #346] t=12.85s step=345 queue=5 dmax=2.073 | shoulder_pan.pos=+3.02 shoulder_lift.pos=-55.13 elbow_flex.pos=+43.70 wrist_flex.pos=+74.79 wrist_roll.pos=+5.96 gripper.pos=+1.69
DEBUG 2026-08-19 06:06:44 [action #347] t=12.88s step=346 queue=4 dmax=3.014 | shoulder_pan.pos=+2.61 shoulder_lift.pos=-58.15 elbow_flex.pos=+46.36 wrist_flex.pos=+74.22 wrist_roll.pos=+6.12 gripper.pos=+1.71
DEBUG 2026-08-19 06:06:44 [action #348] t=12.91s step=347 queue=3 dmax=2.317 | shoulder_pan.pos=+2.63 shoulder_lift.pos=-60.46 elbow_flex.pos=+48.09 wrist_flex.pos=+74.16 wrist_roll.pos=+6.02 gripper.pos=+1.72
DEBUG 2026-08-19 06:06:44 [chunk] received 50 actions, timesteps 323..372 | first: shoulder_pan.pos=+26.87 shoulder_lift.pos=+17.14 elbow_flex.pos=-28.45 wrist_flex.pos=+81.55 wrist_roll.pos=+2.95 gripper.pos=+33.18 | last: shoulder_pan.pos=-4.01 shoulder_lift.pos=-68.22 elbow_flex.pos=+51.27 wrist_flex.pos=+73.93 wrist_roll.pos=+2.11 gripper.pos=+1.05
DEBUG 2026-08-19 06:06:44 [action #349] t=12.95s step=348 queue=25 dmax=42.061 | shoulder_pan.pos=+9.09 shoulder_lift.pos=-24.33 elbow_flex.pos=+6.03 wrist_flex.pos=+87.08 wrist_roll.pos=+5.08 gripper.pos=+2.35
DEBUG 2026-08-19 06:06:44 [action #350] t=12.98s step=349 queue=24 dmax=2.547 | shoulder_pan.pos=+8.39 shoulder_lift.pos=-26.71 elbow_flex.pos=+8.58 wrist_flex.pos=+86.35 wrist_roll.pos=+5.01 gripper.pos=+1.92
DEBUG 2026-08-19 06:06:44 [action #351] t=13.01s step=350 queue=23 dmax=15.490 | shoulder_pan.pos=+10.16 shoulder_lift.pos=-12.59 elbow_flex.pos=-6.91 wrist_flex.pos=+90.85 wrist_roll.pos=+4.51 gripper.pos=+1.32
DEBUG 2026-08-19 06:06:44 [action #352] t=13.05s step=351 queue=22 dmax=3.254 | shoulder_pan.pos=+9.31 shoulder_lift.pos=-15.38 elbow_flex.pos=-3.66 wrist_flex.pos=+89.92 wrist_roll.pos=+4.54 gripper.pos=+1.03
DEBUG 2026-08-19 06:06:44 [action #353] t=13.08s step=352 queue=21 dmax=3.088 | shoulder_pan.pos=+8.41 shoulder_lift.pos=-17.87 elbow_flex.pos=-0.57 wrist_flex.pos=+88.62 wrist_roll.pos=+4.57 gripper.pos=+0.92
DEBUG 2026-08-19 06:06:44 [action #354] t=13.11s step=353 queue=20 dmax=3.612 | shoulder_pan.pos=+7.45 shoulder_lift.pos=-20.54 elbow_flex.pos=+3.05 wrist_flex.pos=+87.21 wrist_roll.pos=+4.55 gripper.pos=+0.83
DEBUG 2026-08-19 06:06:44 [action #355] t=13.15s step=354 queue=19 dmax=2.816 | shoulder_pan.pos=+6.76 shoulder_lift.pos=-23.36 elbow_flex.pos=+5.75 wrist_flex.pos=+86.07 wrist_roll.pos=+4.55 gripper.pos=+0.61
DEBUG 2026-08-19 06:06:44 [action #356] t=13.18s step=355 queue=18 dmax=3.526 | shoulder_pan.pos=+5.98 shoulder_lift.pos=-26.30 elbow_flex.pos=+9.28 wrist_flex.pos=+84.88 wrist_roll.pos=+4.57 gripper.pos=+0.56
DEBUG 2026-08-19 06:06:44 [action #357] t=13.21s step=356 queue=17 dmax=2.412 | shoulder_pan.pos=+5.03 shoulder_lift.pos=-28.47 elbow_flex.pos=+11.69 wrist_flex.pos=+83.88 wrist_roll.pos=+4.52 gripper.pos=+0.47
DEBUG 2026-08-19 06:06:44 [action #358] t=13.25s step=357 queue=16 dmax=2.706 | shoulder_pan.pos=+4.48 shoulder_lift.pos=-31.18 elbow_flex.pos=+14.31 wrist_flex.pos=+83.25 wrist_roll.pos=+4.50 gripper.pos=+0.40
DEBUG 2026-08-19 06:06:44 [action #359] t=13.28s step=358 queue=15 dmax=2.424 | shoulder_pan.pos=+3.74 shoulder_lift.pos=-33.10 elbow_flex.pos=+16.73 wrist_flex.pos=+82.35 wrist_roll.pos=+4.44 gripper.pos=+0.39
DEBUG 2026-08-19 06:06:44 [action #360] t=13.31s step=359 queue=14 dmax=2.365 | shoulder_pan.pos=+3.13 shoulder_lift.pos=-35.40 elbow_flex.pos=+19.09 wrist_flex.pos=+81.80 wrist_roll.pos=+4.36 gripper.pos=+0.65
DEBUG 2026-08-19 06:06:44 [action #361] t=13.35s step=360 queue=13 dmax=2.545 | shoulder_pan.pos=+2.07 shoulder_lift.pos=-37.95 elbow_flex.pos=+21.29 wrist_flex.pos=+81.15 wrist_roll.pos=+4.24 gripper.pos=+0.80
DEBUG 2026-08-19 06:06:44 [action #362] t=13.38s step=361 queue=12 dmax=2.745 | shoulder_pan.pos=+1.39 shoulder_lift.pos=-40.36 elbow_flex.pos=+24.04 wrist_flex.pos=+80.64 wrist_roll.pos=+4.24 gripper.pos=+0.71
DEBUG 2026-08-19 06:06:44 [action #363] t=13.41s step=362 queue=11 dmax=2.184 | shoulder_pan.pos=+0.71 shoulder_lift.pos=-42.55 elbow_flex.pos=+26.16 wrist_flex.pos=+80.17 wrist_roll.pos=+4.09 gripper.pos=+0.67
DEBUG 2026-08-19 06:06:45 [action #364] t=13.45s step=363 queue=10 dmax=2.716 | shoulder_pan.pos=-0.08 shoulder_lift.pos=-45.26 elbow_flex.pos=+28.73 wrist_flex.pos=+79.75 wrist_roll.pos=+3.96 gripper.pos=+0.75
DEBUG 2026-08-19 06:06:45 [action #365] t=13.48s step=364 queue=9 dmax=2.272 | shoulder_pan.pos=-0.67 shoulder_lift.pos=-47.54 elbow_flex.pos=+30.42 wrist_flex.pos=+79.56 wrist_roll.pos=+3.98 gripper.pos=+0.82
DEBUG 2026-08-19 06:06:45 [action #366] t=13.51s step=365 queue=8 dmax=2.612 | shoulder_pan.pos=-1.49 shoulder_lift.pos=-50.07 elbow_flex.pos=+33.03 wrist_flex.pos=+79.27 wrist_roll.pos=+3.89 gripper.pos=+0.83
DEBUG 2026-08-19 06:06:45 [action #367] t=13.55s step=366 queue=7 dmax=2.358 | shoulder_pan.pos=-1.93 shoulder_lift.pos=-52.43 elbow_flex.pos=+35.05 wrist_flex.pos=+79.12 wrist_roll.pos=+3.87 gripper.pos=+0.89
DEBUG 2026-08-19 06:06:45 [action #368] t=13.58s step=367 queue=6 dmax=2.362 | shoulder_pan.pos=-2.18 shoulder_lift.pos=-54.79 elbow_flex.pos=+36.77 wrist_flex.pos=+78.82 wrist_roll.pos=+3.79 gripper.pos=+1.02
DEBUG 2026-08-19 06:06:45 [action #369] t=13.61s step=368 queue=5 dmax=3.528 | shoulder_pan.pos=-2.70 shoulder_lift.pos=-57.49 elbow_flex.pos=+40.30 wrist_flex.pos=+78.14 wrist_roll.pos=+3.63 gripper.pos=+0.98
DEBUG 2026-08-19 06:06:45 [action #370] t=13.65s step=369 queue=4 dmax=2.987 | shoulder_pan.pos=-3.20 shoulder_lift.pos=-60.47 elbow_flex.pos=+42.52 wrist_flex.pos=+77.26 wrist_roll.pos=+3.42 gripper.pos=+0.91
DEBUG 2026-08-19 06:06:45 [chunk] received 50 actions, timesteps 347..396 | first: shoulder_pan.pos=+1.27 shoulder_lift.pos=-56.67 elbow_flex.pos=+48.31 wrist_flex.pos=+72.83 wrist_roll.pos=+5.51 gripper.pos=+1.41 | last: shoulder_pan.pos=-2.61 shoulder_lift.pos=-103.56 elbow_flex.pos=+88.29 wrist_flex.pos=+78.97 wrist_roll.pos=-1.11 gripper.pos=+0.66
DEBUG 2026-08-19 06:06:45 [action #371] t=13.68s step=370 queue=27 dmax=28.606 | shoulder_pan.pos=-3.53 shoulder_lift.pos=-85.94 elbow_flex.pos=+71.13 wrist_flex.pos=+67.96 wrist_roll.pos=+0.09 gripper.pos=+0.73
DEBUG 2026-08-19 06:06:45 [action #372] t=13.71s step=371 queue=26 dmax=2.193 | shoulder_pan.pos=-3.54 shoulder_lift.pos=-88.14 elbow_flex.pos=+72.51 wrist_flex.pos=+68.32 wrist_roll.pos=-0.26 gripper.pos=+0.80
DEBUG 2026-08-19 06:06:45 [action #373] t=13.75s step=372 queue=25 dmax=2.217 | shoulder_pan.pos=-3.77 shoulder_lift.pos=-90.35 elbow_flex.pos=+74.01 wrist_flex.pos=+68.71 wrist_roll.pos=-0.41 gripper.pos=+0.79
DEBUG 2026-08-19 06:06:45 [action #374] t=13.78s step=373 queue=24 dmax=11.093 | shoulder_pan.pos=-3.50 shoulder_lift.pos=-101.45 elbow_flex.pos=+84.14 wrist_flex.pos=+67.41 wrist_roll.pos=-1.64 gripper.pos=+0.66
DEBUG 2026-08-19 06:06:45 [action #375] t=13.82s step=374 queue=23 dmax=1.599 | shoulder_pan.pos=-3.59 shoulder_lift.pos=-103.05 elbow_flex.pos=+84.65 wrist_flex.pos=+68.27 wrist_roll.pos=-1.56 gripper.pos=+0.89
DEBUG 2026-08-19 06:06:45 [action #376] t=13.85s step=375 queue=22 dmax=1.405 | shoulder_pan.pos=-3.64 shoulder_lift.pos=-103.55 elbow_flex.pos=+86.06 wrist_flex.pos=+68.50 wrist_roll.pos=-1.50 gripper.pos=+0.60
DEBUG 2026-08-19 06:06:45 [action #377] t=13.88s step=376 queue=21 dmax=0.946 | shoulder_pan.pos=-3.46 shoulder_lift.pos=-104.50 elbow_flex.pos=+86.92 wrist_flex.pos=+68.97 wrist_roll.pos=-1.37 gripper.pos=+0.67
DEBUG 2026-08-19 06:06:45 [action #378] t=13.92s step=377 queue=20 dmax=0.948 | shoulder_pan.pos=-3.34 shoulder_lift.pos=-104.87 elbow_flex.pos=+87.87 wrist_flex.pos=+69.30 wrist_roll.pos=-1.41 gripper.pos=+0.63
DEBUG 2026-08-19 06:06:45 [action #379] t=13.95s step=378 queue=19 dmax=0.401 | shoulder_pan.pos=-3.43 shoulder_lift.pos=-105.27 elbow_flex.pos=+88.10 wrist_flex.pos=+69.21 wrist_roll.pos=-1.51 gripper.pos=+0.57
DEBUG 2026-08-19 06:06:45 [action #380] t=13.98s step=379 queue=18 dmax=0.929 | shoulder_pan.pos=-3.43 shoulder_lift.pos=-105.07 elbow_flex.pos=+89.03 wrist_flex.pos=+69.69 wrist_roll.pos=-1.46 gripper.pos=+0.61
DEBUG 2026-08-19 06:06:45 [action #381] t=14.02s step=380 queue=17 dmax=0.888 | shoulder_pan.pos=-3.55 shoulder_lift.pos=-104.18 elbow_flex.pos=+88.55 wrist_flex.pos=+69.86 wrist_roll.pos=-1.49 gripper.pos=+0.63
DEBUG 2026-08-19 06:06:45 [action #382] t=14.05s step=381 queue=16 dmax=0.622 | shoulder_pan.pos=-3.50 shoulder_lift.pos=-104.79 elbow_flex.pos=+89.17 wrist_flex.pos=+70.39 wrist_roll.pos=-1.50 gripper.pos=+0.51
DEBUG 2026-08-19 06:06:45 [action #383] t=14.08s step=382 queue=15 dmax=0.349 | shoulder_pan.pos=-3.61 shoulder_lift.pos=-104.55 elbow_flex.pos=+89.35 wrist_flex.pos=+70.74 wrist_roll.pos=-1.37 gripper.pos=+0.59
DEBUG 2026-08-19 06:06:45 [action #384] t=14.12s step=383 queue=14 dmax=0.887 | shoulder_pan.pos=-3.40 shoulder_lift.pos=-104.67 elbow_flex.pos=+89.19 wrist_flex.pos=+71.63 wrist_roll.pos=-1.32 gripper.pos=+0.51
DEBUG 2026-08-19 06:06:45 [action #385] t=14.15s step=384 queue=13 dmax=0.890 | shoulder_pan.pos=-3.40 shoulder_lift.pos=-104.36 elbow_flex.pos=+89.26 wrist_flex.pos=+72.52 wrist_roll.pos=-1.28 gripper.pos=+0.58
DEBUG 2026-08-19 06:06:45 [action #386] t=14.18s step=385 queue=12 dmax=1.065 | shoulder_pan.pos=-3.17 shoulder_lift.pos=-104.74 elbow_flex.pos=+89.06 wrist_flex.pos=+73.58 wrist_roll.pos=-1.27 gripper.pos=+0.59
DEBUG 2026-08-19 06:06:45 [action #387] t=14.22s step=386 queue=11 dmax=1.087 | shoulder_pan.pos=-3.19 shoulder_lift.pos=-104.07 elbow_flex.pos=+88.57 wrist_flex.pos=+74.67 wrist_roll.pos=-1.31 gripper.pos=+0.63
DEBUG 2026-08-19 06:06:45 [action #388] t=14.25s step=387 queue=10 dmax=1.101 | shoulder_pan.pos=-3.21 shoulder_lift.pos=-104.06 elbow_flex.pos=+88.33 wrist_flex.pos=+75.77 wrist_roll.pos=-1.31 gripper.pos=+0.54
DEBUG 2026-08-19 06:06:45 [action #389] t=14.28s step=388 queue=9 dmax=1.136 | shoulder_pan.pos=-3.24 shoulder_lift.pos=-103.84 elbow_flex.pos=+87.98 wrist_flex.pos=+76.91 wrist_roll.pos=-1.35 gripper.pos=+0.47
DEBUG 2026-08-19 06:06:45 [action #390] t=14.32s step=389 queue=8 dmax=0.829 | shoulder_pan.pos=-3.23 shoulder_lift.pos=-103.54 elbow_flex.pos=+87.82 wrist_flex.pos=+77.74 wrist_roll.pos=-1.32 gripper.pos=+0.61
DEBUG 2026-08-19 06:06:45 [action #391] t=14.35s step=390 queue=7 dmax=0.596 | shoulder_pan.pos=-3.12 shoulder_lift.pos=-103.57 elbow_flex.pos=+87.95 wrist_flex.pos=+78.33 wrist_roll.pos=-1.35 gripper.pos=+0.60
DEBUG 2026-08-19 06:06:45 [action #392] t=14.38s step=391 queue=6 dmax=0.351 | shoulder_pan.pos=-2.87 shoulder_lift.pos=-103.48 elbow_flex.pos=+87.60 wrist_flex.pos=+78.62 wrist_roll.pos=-1.28 gripper.pos=+0.65
DEBUG 2026-08-19 06:06:45 [chunk] received 50 actions, timesteps 369..418 | first: shoulder_pan.pos=-2.47 shoulder_lift.pos=-55.51 elbow_flex.pos=+40.74 wrist_flex.pos=+76.41 wrist_roll.pos=+4.54 gripper.pos=+0.64 | last: shoulder_pan.pos=-5.70 shoulder_lift.pos=-101.18 elbow_flex.pos=+83.51 wrist_flex.pos=+80.01 wrist_roll.pos=-2.47 gripper.pos=+0.31
DEBUG 2026-08-19 06:06:45 [action #393] t=14.42s step=392 queue=27 dmax=12.433 | shoulder_pan.pos=-4.31 shoulder_lift.pos=-95.06 elbow_flex.pos=+75.16 wrist_flex.pos=+72.92 wrist_roll.pos=-1.09 gripper.pos=+0.37
DEBUG 2026-08-19 06:06:46 [action #394] t=14.45s step=393 queue=26 dmax=0.922 | shoulder_pan.pos=-4.12 shoulder_lift.pos=-95.98 elbow_flex.pos=+75.43 wrist_flex.pos=+73.03 wrist_roll.pos=-1.58 gripper.pos=+0.29
DEBUG 2026-08-19 06:06:46 [action #395] t=14.48s step=394 queue=25 dmax=1.375 | shoulder_pan.pos=-4.02 shoulder_lift.pos=-96.81 elbow_flex.pos=+76.80 wrist_flex.pos=+72.94 wrist_roll.pos=-2.12 gripper.pos=+0.43
DEBUG 2026-08-19 06:06:46 [action #396] t=14.52s step=395 queue=24 dmax=1.342 | shoulder_pan.pos=-4.15 shoulder_lift.pos=-98.15 elbow_flex.pos=+77.71 wrist_flex.pos=+73.12 wrist_roll.pos=-2.39 gripper.pos=+0.39
DEBUG 2026-08-19 06:06:46 [action #397] t=14.55s step=396 queue=23 dmax=1.001 | shoulder_pan.pos=-4.06 shoulder_lift.pos=-98.84 elbow_flex.pos=+78.71 wrist_flex.pos=+73.13 wrist_roll.pos=-2.52 gripper.pos=+0.29
DEBUG 2026-08-19 06:06:46 [action #398] t=14.58s step=397 queue=22 dmax=2.217 | shoulder_pan.pos=-4.88 shoulder_lift.pos=-98.25 elbow_flex.pos=+76.66 wrist_flex.pos=+70.91 wrist_roll.pos=-3.32 gripper.pos=+0.41
DEBUG 2026-08-19 06:06:46 [action #399] t=14.62s step=398 queue=21 dmax=0.926 | shoulder_pan.pos=-4.96 shoulder_lift.pos=-99.18 elbow_flex.pos=+76.79 wrist_flex.pos=+71.35 wrist_roll.pos=-3.47 gripper.pos=+0.54
DEBUG 2026-08-19 06:06:46 [action #400] t=14.65s step=399 queue=20 dmax=0.626 | shoulder_pan.pos=-4.97 shoulder_lift.pos=-99.69 elbow_flex.pos=+77.42 wrist_flex.pos=+71.60 wrist_roll.pos=-3.32 gripper.pos=+0.32
DEBUG 2026-08-19 06:06:46 [action #401] t=14.69s step=400 queue=19 dmax=1.279 | shoulder_pan.pos=-4.68 shoulder_lift.pos=-100.97 elbow_flex.pos=+78.23 wrist_flex.pos=+72.16 wrist_roll.pos=-3.15 gripper.pos=+0.77
DEBUG 2026-08-19 06:06:46 [action #402] t=14.72s step=401 queue=18 dmax=1.584 | shoulder_pan.pos=-4.89 shoulder_lift.pos=-101.58 elbow_flex.pos=+79.81 wrist_flex.pos=+72.74 wrist_roll.pos=-3.10 gripper.pos=+0.27
DEBUG 2026-08-19 06:06:46 [action #403] t=14.75s step=402 queue=17 dmax=0.785 | shoulder_pan.pos=-4.73 shoulder_lift.pos=-100.79 elbow_flex.pos=+79.64 wrist_flex.pos=+73.51 wrist_roll.pos=-3.26 gripper.pos=+0.07
DEBUG 2026-08-19 06:06:46 [action #404] t=14.79s step=403 queue=16 dmax=1.031 | shoulder_pan.pos=-4.78 shoulder_lift.pos=-101.48 elbow_flex.pos=+80.14 wrist_flex.pos=+74.54 wrist_roll.pos=-3.14 gripper.pos=+0.41
DEBUG 2026-08-19 06:06:46 [action #405] t=14.82s step=404 queue=15 dmax=0.768 | shoulder_pan.pos=-4.64 shoulder_lift.pos=-101.33 elbow_flex.pos=+80.71 wrist_flex.pos=+75.31 wrist_roll.pos=-3.13 gripper.pos=+0.47
DEBUG 2026-08-19 06:06:46 [action #406] t=14.85s step=405 queue=14 dmax=0.680 | shoulder_pan.pos=-4.63 shoulder_lift.pos=-101.39 elbow_flex.pos=+80.38 wrist_flex.pos=+75.99 wrist_roll.pos=-2.97 gripper.pos=+0.23
DEBUG 2026-08-19 06:06:46 [action #407] t=14.89s step=406 queue=13 dmax=0.642 | shoulder_pan.pos=-4.49 shoulder_lift.pos=-101.32 elbow_flex.pos=+80.65 wrist_flex.pos=+76.63 wrist_roll.pos=-2.74 gripper.pos=+0.34
DEBUG 2026-08-19 06:06:46 [action #408] t=14.92s step=407 queue=12 dmax=1.197 | shoulder_pan.pos=-4.77 shoulder_lift.pos=-100.86 elbow_flex.pos=+80.14 wrist_flex.pos=+77.83 wrist_roll.pos=-2.69 gripper.pos=+0.50
DEBUG 2026-08-19 06:06:46 [action #409] t=14.95s step=408 queue=11 dmax=0.804 | shoulder_pan.pos=-4.70 shoulder_lift.pos=-101.63 elbow_flex.pos=+80.28 wrist_flex.pos=+78.63 wrist_roll.pos=-2.54 gripper.pos=+0.61
DEBUG 2026-08-19 06:06:46 [action #410] t=14.99s step=409 queue=10 dmax=1.022 | shoulder_pan.pos=-4.86 shoulder_lift.pos=-101.42 elbow_flex.pos=+81.30 wrist_flex.pos=+78.96 wrist_roll.pos=-2.51 gripper.pos=+0.40
DEBUG 2026-08-19 06:06:46 [action #411] t=15.02s step=410 queue=9 dmax=0.761 | shoulder_pan.pos=-4.59 shoulder_lift.pos=-100.66 elbow_flex.pos=+81.21 wrist_flex.pos=+79.04 wrist_roll.pos=-2.37 gripper.pos=+0.39
DEBUG 2026-08-19 06:06:46 [action #412] t=15.05s step=411 queue=8 dmax=0.584 | shoulder_pan.pos=-5.15 shoulder_lift.pos=-101.09 elbow_flex.pos=+81.80 wrist_flex.pos=+79.40 wrist_roll.pos=-2.31 gripper.pos=+0.21
DEBUG 2026-08-19 06:06:46 [action #413] t=15.09s step=412 queue=7 dmax=0.363 | shoulder_pan.pos=-5.28 shoulder_lift.pos=-101.42 elbow_flex.pos=+81.95 wrist_flex.pos=+79.76 wrist_roll.pos=-2.31 gripper.pos=+0.33
DEBUG 2026-08-19 06:06:46 [action #414] t=15.12s step=413 queue=6 dmax=0.216 | shoulder_pan.pos=-5.33 shoulder_lift.pos=-101.35 elbow_flex.pos=+81.99 wrist_flex.pos=+79.79 wrist_roll.pos=-2.53 gripper.pos=+0.40
DEBUG 2026-08-19 06:06:46 [chunk] received 50 actions, timesteps 391..440 | first: shoulder_pan.pos=-3.06 shoulder_lift.pos=-102.44 elbow_flex.pos=+89.52 wrist_flex.pos=+76.57 wrist_roll.pos=-1.36 gripper.pos=+0.47 | last: shoulder_pan.pos=-3.10 shoulder_lift.pos=-103.06 elbow_flex.pos=+89.09 wrist_flex.pos=+77.05 wrist_roll.pos=-1.19 gripper.pos=+0.60
DEBUG 2026-08-19 06:06:46 [action #415] t=15.15s step=414 queue=27 dmax=5.362 | shoulder_pan.pos=-3.94 shoulder_lift.pos=-101.95 elbow_flex.pos=+87.35 wrist_flex.pos=+77.93 wrist_roll.pos=-1.59 gripper.pos=+0.48
DEBUG 2026-08-19 06:06:46 [action #416] t=15.19s step=415 queue=26 dmax=0.489 | shoulder_pan.pos=-3.96 shoulder_lift.pos=-102.07 elbow_flex.pos=+87.84 wrist_flex.pos=+78.09 wrist_roll.pos=-1.60 gripper.pos=+0.40
DEBUG 2026-08-19 06:06:46 [action #417] t=15.22s step=416 queue=25 dmax=0.778 | shoulder_pan.pos=-3.98 shoulder_lift.pos=-101.42 elbow_flex.pos=+87.06 wrist_flex.pos=+77.91 wrist_roll.pos=-1.52 gripper.pos=+0.47
DEBUG 2026-08-19 06:06:46 [action #418] t=15.25s step=417 queue=24 dmax=0.639 | shoulder_pan.pos=-4.05 shoulder_lift.pos=-101.63 elbow_flex.pos=+87.70 wrist_flex.pos=+78.04 wrist_roll.pos=-1.58 gripper.pos=+0.47
DEBUG 2026-08-19 06:06:46 [action #419] t=15.29s step=418 queue=23 dmax=0.139 | shoulder_pan.pos=-3.91 shoulder_lift.pos=-101.54 elbow_flex.pos=+87.69 wrist_flex.pos=+77.95 wrist_roll.pos=-1.65 gripper.pos=+0.43
DEBUG 2026-08-19 06:06:46 [action #420] t=15.32s step=419 queue=22 dmax=1.883 | shoulder_pan.pos=-3.31 shoulder_lift.pos=-101.74 elbow_flex.pos=+89.57 wrist_flex.pos=+77.09 wrist_roll.pos=-1.31 gripper.pos=+0.49
DEBUG 2026-08-19 06:06:46 [action #421] t=15.35s step=420 queue=21 dmax=0.430 | shoulder_pan.pos=-2.88 shoulder_lift.pos=-101.48 elbow_flex.pos=+89.15 wrist_flex.pos=+77.03 wrist_roll.pos=-1.25 gripper.pos=+0.48
DEBUG 2026-08-19 06:06:46 [action #422] t=15.39s step=421 queue=20 dmax=0.696 | shoulder_pan.pos=-3.58 shoulder_lift.pos=-101.89 elbow_flex.pos=+88.83 wrist_flex.pos=+77.04 wrist_roll.pos=-1.26 gripper.pos=+0.45
DEBUG 2026-08-19 06:06:46 [action #423] t=15.42s step=422 queue=19 dmax=0.315 | shoulder_pan.pos=-3.54 shoulder_lift.pos=-101.82 elbow_flex.pos=+89.14 wrist_flex.pos=+77.11 wrist_roll.pos=-1.17 gripper.pos=+0.50
DEBUG 2026-08-19 06:06:47 [action #424] t=15.45s step=423 queue=18 dmax=0.999 | shoulder_pan.pos=-3.18 shoulder_lift.pos=-100.82 elbow_flex.pos=+89.16 wrist_flex.pos=+76.95 wrist_roll.pos=-1.26 gripper.pos=+0.47
DEBUG 2026-08-19 06:06:47 [action #425] t=15.49s step=424 queue=17 dmax=0.653 | shoulder_pan.pos=-3.12 shoulder_lift.pos=-101.47 elbow_flex.pos=+89.42 wrist_flex.pos=+76.96 wrist_roll.pos=-1.36 gripper.pos=+0.52
DEBUG 2026-08-19 06:06:47 [action #426] t=15.52s step=425 queue=16 dmax=0.741 | shoulder_pan.pos=-3.02 shoulder_lift.pos=-102.22 elbow_flex.pos=+89.82 wrist_flex.pos=+77.03 wrist_roll.pos=-1.11 gripper.pos=+0.45
DEBUG 2026-08-19 06:06:47 [action #427] t=15.56s step=426 queue=15 dmax=0.776 | shoulder_pan.pos=-3.10 shoulder_lift.pos=-102.21 elbow_flex.pos=+89.04 wrist_flex.pos=+77.25 wrist_roll.pos=-1.25 gripper.pos=+0.69
DEBUG 2026-08-19 06:06:47 [action #428] t=15.59s step=427 queue=14 dmax=0.932 | shoulder_pan.pos=-3.33 shoulder_lift.pos=-102.26 elbow_flex.pos=+89.97 wrist_flex.pos=+76.99 wrist_roll.pos=-1.30 gripper.pos=+0.49
DEBUG 2026-08-19 06:06:47 [action #429] t=15.62s step=428 queue=13 dmax=0.359 | shoulder_pan.pos=-3.16 shoulder_lift.pos=-101.94 elbow_flex.pos=+89.62 wrist_flex.pos=+77.02 wrist_roll.pos=-1.27 gripper.pos=+0.60
DEBUG 2026-08-19 06:06:47 [action #430] t=15.66s step=429 queue=12 dmax=0.544 | shoulder_pan.pos=-3.57 shoulder_lift.pos=-101.78 elbow_flex.pos=+89.07 wrist_flex.pos=+76.99 wrist_roll.pos=-1.21 gripper.pos=+0.55
DEBUG 2026-08-19 06:06:47 [action #431] t=15.69s step=430 queue=11 dmax=0.438 | shoulder_pan.pos=-3.60 shoulder_lift.pos=-102.22 elbow_flex.pos=+89.08 wrist_flex.pos=+77.01 wrist_roll.pos=-1.24 gripper.pos=+0.50
DEBUG 2026-08-19 06:06:47 [action #432] t=15.72s step=431 queue=10 dmax=1.246 | shoulder_pan.pos=-3.49 shoulder_lift.pos=-100.97 elbow_flex.pos=+89.13 wrist_flex.pos=+77.37 wrist_roll.pos=-1.21 gripper.pos=+0.21
DEBUG 2026-08-19 06:06:47 [action #433] t=15.76s step=432 queue=9 dmax=1.012 | shoulder_pan.pos=-3.24 shoulder_lift.pos=-101.99 elbow_flex.pos=+89.10 wrist_flex.pos=+76.96 wrist_roll.pos=-1.30 gripper.pos=+0.42
DEBUG 2026-08-19 06:06:47 [action #434] t=15.79s step=433 queue=8 dmax=0.267 | shoulder_pan.pos=-3.41 shoulder_lift.pos=-102.25 elbow_flex.pos=+89.24 wrist_flex.pos=+77.05 wrist_roll.pos=-1.19 gripper.pos=+0.30
DEBUG 2026-08-19 06:06:47 [action #435] t=15.82s step=434 queue=7 dmax=0.241 | shoulder_pan.pos=-3.43 shoulder_lift.pos=-102.09 elbow_flex.pos=+89.31 wrist_flex.pos=+77.05 wrist_roll.pos=-1.43 gripper.pos=+0.49
DEBUG 2026-08-19 06:06:47 [action #436] t=15.86s step=435 queue=6 dmax=1.122 | shoulder_pan.pos=-3.32 shoulder_lift.pos=-100.97 elbow_flex.pos=+89.52 wrist_flex.pos=+76.95 wrist_roll.pos=-1.38 gripper.pos=+0.43
DEBUG 2026-08-19 06:06:47 [action #437] t=15.89s step=436 queue=5 dmax=0.661 | shoulder_pan.pos=-3.26 shoulder_lift.pos=-101.53 elbow_flex.pos=+90.18 wrist_flex.pos=+77.10 wrist_roll.pos=-1.33 gripper.pos=+0.47
DEBUG 2026-08-19 06:06:47 [action #438] t=15.92s step=437 queue=4 dmax=0.949 | shoulder_pan.pos=-3.14 shoulder_lift.pos=-102.13 elbow_flex.pos=+89.23 wrist_flex.pos=+77.06 wrist_roll.pos=-1.39 gripper.pos=+0.40
DEBUG 2026-08-19 06:06:47 [chunk] received 50 actions, timesteps 412..461 | first: shoulder_pan.pos=-4.27 shoulder_lift.pos=-101.30 elbow_flex.pos=+85.35 wrist_flex.pos=+78.43 wrist_roll.pos=-2.72 gripper.pos=+0.10 | last: shoulder_pan.pos=-4.02 shoulder_lift.pos=-103.30 elbow_flex.pos=+89.43 wrist_flex.pos=+78.72 wrist_roll.pos=-2.37 gripper.pos=-0.02
DEBUG 2026-08-19 06:06:47 [action #439] t=15.96s step=438 queue=24 dmax=0.874 | shoulder_pan.pos=-3.45 shoulder_lift.pos=-102.92 elbow_flex.pos=+89.00 wrist_flex.pos=+77.94 wrist_roll.pos=-2.10 gripper.pos=+0.24
DEBUG 2026-08-19 06:06:47 [action #440] t=15.99s step=439 queue=23 dmax=0.057 | shoulder_pan.pos=-3.51 shoulder_lift.pos=-102.86 elbow_flex.pos=+89.00 wrist_flex.pos=+77.94 wrist_roll.pos=-2.15 gripper.pos=+0.23
DEBUG 2026-08-19 06:06:47 [action #441] t=16.02s step=440 queue=22 dmax=0.356 | shoulder_pan.pos=-3.56 shoulder_lift.pos=-103.22 elbow_flex.pos=+89.04 wrist_flex.pos=+77.95 wrist_roll.pos=-2.07 gripper.pos=+0.26
DEBUG 2026-08-19 06:06:47 [action #442] t=16.06s step=441 queue=21 dmax=0.581 | shoulder_pan.pos=-3.76 shoulder_lift.pos=-103.80 elbow_flex.pos=+89.02 wrist_flex.pos=+78.34 wrist_roll.pos=-2.44 gripper.pos=+0.14
DEBUG 2026-08-19 06:06:47 [action #443] t=16.09s step=442 queue=20 dmax=0.196 | shoulder_pan.pos=-3.68 shoulder_lift.pos=-103.60 elbow_flex.pos=+88.91 wrist_flex.pos=+78.29 wrist_roll.pos=-2.40 gripper.pos=+0.14
DEBUG 2026-08-19 06:06:47 [action #444] t=16.12s step=443 queue=19 dmax=0.620 | shoulder_pan.pos=-3.76 shoulder_lift.pos=-102.98 elbow_flex.pos=+88.83 wrist_flex.pos=+78.34 wrist_roll.pos=-2.40 gripper.pos=+0.14
DEBUG 2026-08-19 06:06:47 [action #445] t=16.16s step=444 queue=18 dmax=0.172 | shoulder_pan.pos=-3.88 shoulder_lift.pos=-103.16 elbow_flex.pos=+88.84 wrist_flex.pos=+78.29 wrist_roll.pos=-2.39 gripper.pos=+0.10
DEBUG 2026-08-19 06:06:47 [action #446] t=16.19s step=445 queue=17 dmax=0.256 | shoulder_pan.pos=-3.70 shoulder_lift.pos=-103.41 elbow_flex.pos=+88.95 wrist_flex.pos=+78.21 wrist_roll.pos=-2.38 gripper.pos=+0.19
DEBUG 2026-08-19 06:06:47 [action #447] t=16.22s step=446 queue=16 dmax=0.384 | shoulder_pan.pos=-3.90 shoulder_lift.pos=-103.03 elbow_flex.pos=+88.89 wrist_flex.pos=+78.26 wrist_roll.pos=-2.42 gripper.pos=+0.16
DEBUG 2026-08-19 06:06:47 [action #448] t=16.26s step=447 queue=15 dmax=0.120 | shoulder_pan.pos=-3.78 shoulder_lift.pos=-102.93 elbow_flex.pos=+88.93 wrist_flex.pos=+78.37 wrist_roll.pos=-2.38 gripper.pos=+0.14
DEBUG 2026-08-19 06:06:47 [action #449] t=16.29s step=448 queue=14 dmax=0.189 | shoulder_pan.pos=-3.93 shoulder_lift.pos=-103.12 elbow_flex.pos=+88.81 wrist_flex.pos=+78.19 wrist_roll.pos=-2.37 gripper.pos=+0.16
DEBUG 2026-08-19 06:06:47 [action #450] t=16.32s step=449 queue=13 dmax=0.331 | shoulder_pan.pos=-4.12 shoulder_lift.pos=-103.36 elbow_flex.pos=+89.14 wrist_flex.pos=+78.25 wrist_roll.pos=-2.40 gripper.pos=+0.12
DEBUG 2026-08-19 06:06:47 [action #451] t=16.36s step=450 queue=12 dmax=0.157 | shoulder_pan.pos=-4.07 shoulder_lift.pos=-103.21 elbow_flex.pos=+88.98 wrist_flex.pos=+78.33 wrist_roll.pos=-2.40 gripper.pos=+0.17
DEBUG 2026-08-19 06:06:47 [action #452] t=16.39s step=451 queue=11 dmax=0.190 | shoulder_pan.pos=-4.10 shoulder_lift.pos=-103.12 elbow_flex.pos=+89.17 wrist_flex.pos=+78.35 wrist_roll.pos=-2.39 gripper.pos=+0.11
DEBUG 2026-08-19 06:06:47 [action #453] t=16.43s step=452 queue=10 dmax=0.145 | shoulder_pan.pos=-3.97 shoulder_lift.pos=-103.17 elbow_flex.pos=+89.02 wrist_flex.pos=+78.30 wrist_roll.pos=-2.39 gripper.pos=+0.03
DEBUG 2026-08-19 06:06:48 [action #454] t=16.46s step=453 queue=9 dmax=0.139 | shoulder_pan.pos=-4.04 shoulder_lift.pos=-103.03 elbow_flex.pos=+89.16 wrist_flex.pos=+78.30 wrist_roll.pos=-2.38 gripper.pos=+0.02
DEBUG 2026-08-19 06:06:48 [action #455] t=16.49s step=454 queue=8 dmax=0.405 | shoulder_pan.pos=-4.12 shoulder_lift.pos=-102.97 elbow_flex.pos=+89.57 wrist_flex.pos=+78.39 wrist_roll.pos=-2.42 gripper.pos=+0.14
DEBUG 2026-08-19 06:06:48 [action #456] t=16.53s step=455 queue=7 dmax=0.469 | shoulder_pan.pos=-4.21 shoulder_lift.pos=-103.08 elbow_flex.pos=+89.10 wrist_flex.pos=+78.50 wrist_roll.pos=-2.41 gripper.pos=+0.02
DEBUG 2026-08-19 06:06:48 [action #457] t=16.56s step=456 queue=6 dmax=0.216 | shoulder_pan.pos=-3.99 shoulder_lift.pos=-103.28 elbow_flex.pos=+89.24 wrist_flex.pos=+78.34 wrist_roll.pos=-2.39 gripper.pos=+0.20
DEBUG 2026-08-19 06:06:48 [action #458] t=16.59s step=457 queue=5 dmax=0.211 | shoulder_pan.pos=-3.87 shoulder_lift.pos=-103.09 elbow_flex.pos=+89.45 wrist_flex.pos=+78.39 wrist_roll.pos=-2.37 gripper.pos=+0.22
DEBUG 2026-08-19 06:06:48 [action #459] t=16.63s step=458 queue=4 dmax=0.298 | shoulder_pan.pos=-4.06 shoulder_lift.pos=-103.39 elbow_flex.pos=+89.18 wrist_flex.pos=+78.43 wrist_roll.pos=-2.43 gripper.pos=-0.01
DEBUG 2026-08-19 06:06:48 [chunk] received 50 actions, timesteps 437..486 | first: shoulder_pan.pos=-3.08 shoulder_lift.pos=-102.85 elbow_flex.pos=+89.41 wrist_flex.pos=+77.39 wrist_roll.pos=-1.72 gripper.pos=+0.22 | last: shoulder_pan.pos=-3.26 shoulder_lift.pos=-103.12 elbow_flex.pos=+89.82 wrist_flex.pos=+77.81 wrist_roll.pos=-1.63 gripper.pos=+0.25
DEBUG 2026-08-19 06:06:48 [action #460] t=16.66s step=459 queue=28 dmax=1.145 | shoulder_pan.pos=-3.36 shoulder_lift.pos=-102.24 elbow_flex.pos=+89.08 wrist_flex.pos=+77.82 wrist_roll.pos=-1.86 gripper.pos=+0.24
DEBUG 2026-08-19 06:06:48 [action #461] t=16.69s step=460 queue=27 dmax=0.120 | shoulder_pan.pos=-3.29 shoulder_lift.pos=-102.12 elbow_flex.pos=+89.01 wrist_flex.pos=+77.81 wrist_roll.pos=-1.89 gripper.pos=+0.21
DEBUG 2026-08-19 06:06:48 [action #462] t=16.73s step=461 queue=26 dmax=0.650 | shoulder_pan.pos=-3.42 shoulder_lift.pos=-102.00 elbow_flex.pos=+89.66 wrist_flex.pos=+77.93 wrist_roll.pos=-1.86 gripper.pos=+0.19
DEBUG 2026-08-19 06:06:48 [action #463] t=16.76s step=462 queue=25 dmax=0.803 | shoulder_pan.pos=-3.05 shoulder_lift.pos=-101.45 elbow_flex.pos=+88.85 wrist_flex.pos=+77.62 wrist_roll.pos=-1.71 gripper.pos=+0.27
DEBUG 2026-08-19 06:06:48 [action #464] t=16.79s step=463 queue=24 dmax=0.896 | shoulder_pan.pos=-3.00 shoulder_lift.pos=-101.43 elbow_flex.pos=+89.75 wrist_flex.pos=+77.36 wrist_roll.pos=-1.61 gripper.pos=+0.28
DEBUG 2026-08-19 06:06:48 [action #465] t=16.83s step=464 queue=23 dmax=0.915 | shoulder_pan.pos=-2.99 shoulder_lift.pos=-102.34 elbow_flex.pos=+89.22 wrist_flex.pos=+77.57 wrist_roll.pos=-1.69 gripper.pos=+0.23
DEBUG 2026-08-19 06:06:48 [action #466] t=16.86s step=465 queue=22 dmax=0.226 | shoulder_pan.pos=-2.90 shoulder_lift.pos=-102.12 elbow_flex.pos=+89.12 wrist_flex.pos=+77.75 wrist_roll.pos=-1.57 gripper.pos=+0.28
DEBUG 2026-08-19 06:06:48 [action #467] t=16.89s step=466 queue=21 dmax=0.373 | shoulder_pan.pos=-2.93 shoulder_lift.pos=-101.74 elbow_flex.pos=+89.19 wrist_flex.pos=+77.75 wrist_roll.pos=-1.62 gripper.pos=+0.31
DEBUG 2026-08-19 06:06:48 [action #468] t=16.93s step=467 queue=20 dmax=0.226 | shoulder_pan.pos=-2.74 shoulder_lift.pos=-101.62 elbow_flex.pos=+89.00 wrist_flex.pos=+77.52 wrist_roll.pos=-1.57 gripper.pos=+0.33
DEBUG 2026-08-19 06:06:48 [action #469] t=16.96s step=468 queue=19 dmax=0.463 | shoulder_pan.pos=-2.76 shoulder_lift.pos=-101.39 elbow_flex.pos=+89.46 wrist_flex.pos=+77.65 wrist_roll.pos=-1.60 gripper.pos=+0.27
DEBUG 2026-08-19 06:06:48 [action #470] t=16.99s step=469 queue=18 dmax=0.589 | shoulder_pan.pos=-2.95 shoulder_lift.pos=-101.98 elbow_flex.pos=+89.09 wrist_flex.pos=+77.69 wrist_roll.pos=-1.56 gripper.pos=+0.32
DEBUG 2026-08-19 06:06:48 [action #471] t=17.03s step=470 queue=17 dmax=0.473 | shoulder_pan.pos=-2.98 shoulder_lift.pos=-102.02 elbow_flex.pos=+89.56 wrist_flex.pos=+77.64 wrist_roll.pos=-1.60 gripper.pos=+0.23
DEBUG 2026-08-19 06:06:48 [action #472] t=17.06s step=471 queue=16 dmax=0.563 | shoulder_pan.pos=-3.08 shoulder_lift.pos=-101.64 elbow_flex.pos=+89.00 wrist_flex.pos=+77.55 wrist_roll.pos=-1.64 gripper.pos=+0.37
DEBUG 2026-08-19 06:06:48 [action #473] t=17.09s step=472 queue=15 dmax=0.252 | shoulder_pan.pos=-2.83 shoulder_lift.pos=-101.85 elbow_flex.pos=+88.93 wrist_flex.pos=+77.57 wrist_roll.pos=-1.67 gripper.pos=+0.29
DEBUG 2026-08-19 06:06:48 [action #474] t=17.13s step=473 queue=14 dmax=0.429 | shoulder_pan.pos=-2.93 shoulder_lift.pos=-101.82 elbow_flex.pos=+89.35 wrist_flex.pos=+77.59 wrist_roll.pos=-1.69 gripper.pos=+0.28
DEBUG 2026-08-19 06:06:48 [action #475] t=17.16s step=474 queue=13 dmax=0.214 | shoulder_pan.pos=-2.84 shoulder_lift.pos=-102.03 elbow_flex.pos=+89.44 wrist_flex.pos=+77.50 wrist_roll.pos=-1.62 gripper.pos=+0.39
DEBUG 2026-08-19 06:06:48 [action #476] t=17.19s step=475 queue=12 dmax=0.397 | shoulder_pan.pos=-2.88 shoulder_lift.pos=-101.97 elbow_flex.pos=+89.84 wrist_flex.pos=+77.54 wrist_roll.pos=-1.65 gripper.pos=+0.33
DEBUG 2026-08-19 06:06:48 [action #477] t=17.23s step=476 queue=11 dmax=0.448 | shoulder_pan.pos=-2.72 shoulder_lift.pos=-102.10 elbow_flex.pos=+89.39 wrist_flex.pos=+77.64 wrist_roll.pos=-1.61 gripper.pos=+0.34
DEBUG 2026-08-19 06:06:48 [action #478] t=17.26s step=477 queue=10 dmax=0.363 | shoulder_pan.pos=-3.08 shoulder_lift.pos=-101.74 elbow_flex.pos=+89.17 wrist_flex.pos=+77.59 wrist_roll.pos=-1.69 gripper.pos=+0.29
DEBUG 2026-08-19 06:06:48 [action #479] t=17.30s step=478 queue=9 dmax=0.161 | shoulder_pan.pos=-3.03 shoulder_lift.pos=-101.85 elbow_flex.pos=+89.22 wrist_flex.pos=+77.42 wrist_roll.pos=-1.77 gripper.pos=+0.33
DEBUG 2026-08-19 06:06:48 [action #480] t=17.33s step=479 queue=8 dmax=0.396 | shoulder_pan.pos=-3.09 shoulder_lift.pos=-102.25 elbow_flex.pos=+89.41 wrist_flex.pos=+77.57 wrist_roll.pos=-1.62 gripper.pos=+0.27
DEBUG 2026-08-19 06:06:48 [action #481] t=17.36s step=480 queue=7 dmax=0.252 | shoulder_pan.pos=-3.08 shoulder_lift.pos=-102.50 elbow_flex.pos=+89.47 wrist_flex.pos=+77.55 wrist_roll.pos=-1.60 gripper.pos=+0.23
DEBUG 2026-08-19 06:06:48 [action #482] t=17.40s step=481 queue=6 dmax=0.489 | shoulder_pan.pos=-3.04 shoulder_lift.pos=-102.01 elbow_flex.pos=+89.79 wrist_flex.pos=+77.58 wrist_roll.pos=-1.67 gripper.pos=+0.36
DEBUG 2026-08-19 06:06:48 [action #483] t=17.43s step=482 queue=5 dmax=0.159 | shoulder_pan.pos=-3.08 shoulder_lift.pos=-102.14 elbow_flex.pos=+89.63 wrist_flex.pos=+77.49 wrist_roll.pos=-1.66 gripper.pos=+0.37
DEBUG 2026-08-19 06:06:49 [action #484] t=17.46s step=483 queue=4 dmax=0.276 | shoulder_pan.pos=-3.08 shoulder_lift.pos=-102.03 elbow_flex.pos=+89.36 wrist_flex.pos=+77.73 wrist_roll.pos=-1.63 gripper.pos=+0.30
INFO 2026-08-19 06:06:50 Final action sent: shoulder_pan.pos=-3.08 shoulder_lift.pos=-102.03 elbow_flex.pos=+89.36 wrist_flex.pos=+77.73 wrist_roll.pos=-1.63 gripper.pos=+0.30
DEBUG 2026-08-19 06:06:50 === episode end | 18.6s | converged=True | actions=484 ===
