DEBUG 2026-08-19 04:34:10 === episode start | task: 'put the banana on the tray' | duration: 30.0s ===
DEBUG 2026-08-19 04:34:11 [chunk] received 50 actions, timesteps 460..509 | first: shoulder_pan.pos=-3.63 shoulder_lift.pos=-103.18 elbow_flex.pos=+88.52 wrist_flex.pos=+77.36 wrist_roll.pos=+2.19 gripper.pos=+0.54 | last: shoulder_pan.pos=-3.96 shoulder_lift.pos=-102.12 elbow_flex.pos=+88.75 wrist_flex.pos=+77.82 wrist_roll.pos=+1.31 gripper.pos=+0.44
DEBUG 2026-08-19 04:34:11 [action #1] t=0.84s step=460 queue=50 dmax=n/a | shoulder_pan.pos=-3.63 shoulder_lift.pos=-103.18 elbow_flex.pos=+88.52 wrist_flex.pos=+77.36 wrist_roll.pos=+2.19 gripper.pos=+0.54
DEBUG 2026-08-19 04:34:11 [action #2] t=0.87s step=461 queue=49 dmax=0.380 | shoulder_pan.pos=-3.82 shoulder_lift.pos=-102.80 elbow_flex.pos=+88.65 wrist_flex.pos=+77.39 wrist_roll.pos=+2.08 gripper.pos=+0.53
DEBUG 2026-08-19 04:34:11 [action #3] t=0.90s step=462 queue=48 dmax=0.699 | shoulder_pan.pos=-3.79 shoulder_lift.pos=-102.10 elbow_flex.pos=+88.96 wrist_flex.pos=+77.85 wrist_roll.pos=+2.08 gripper.pos=+0.58
DEBUG 2026-08-19 04:34:11 [action #4] t=0.94s step=463 queue=47 dmax=0.174 | shoulder_pan.pos=-3.93 shoulder_lift.pos=-102.23 elbow_flex.pos=+88.85 wrist_flex.pos=+77.67 wrist_roll.pos=+2.00 gripper.pos=+0.60
DEBUG 2026-08-19 04:34:11 [action #5] t=0.97s step=464 queue=46 dmax=0.463 | shoulder_pan.pos=-4.05 shoulder_lift.pos=-101.77 elbow_flex.pos=+88.51 wrist_flex.pos=+78.09 wrist_roll.pos=+2.16 gripper.pos=+0.52
DEBUG 2026-08-19 04:34:11 [action #6] t=1.00s step=465 queue=45 dmax=0.443 | shoulder_pan.pos=-3.61 shoulder_lift.pos=-102.09 elbow_flex.pos=+88.58 wrist_flex.pos=+77.76 wrist_roll.pos=+2.01 gripper.pos=+0.51
DEBUG 2026-08-19 04:34:11 [action #7] t=1.04s step=466 queue=44 dmax=0.459 | shoulder_pan.pos=-3.92 shoulder_lift.pos=-102.29 elbow_flex.pos=+89.04 wrist_flex.pos=+77.93 wrist_roll.pos=+2.07 gripper.pos=+0.57
DEBUG 2026-08-19 04:34:11 [action #8] t=1.07s step=467 queue=43 dmax=0.566 | shoulder_pan.pos=-3.80 shoulder_lift.pos=-101.72 elbow_flex.pos=+88.75 wrist_flex.pos=+77.98 wrist_roll.pos=+2.03 gripper.pos=+0.60
DEBUG 2026-08-19 04:34:11 [action #9] t=1.10s step=468 queue=42 dmax=0.986 | shoulder_pan.pos=-3.97 shoulder_lift.pos=-102.71 elbow_flex.pos=+89.51 wrist_flex.pos=+77.99 wrist_roll.pos=+2.06 gripper.pos=+0.55
DEBUG 2026-08-19 04:34:11 [action #10] t=1.14s step=469 queue=41 dmax=0.758 | shoulder_pan.pos=-3.88 shoulder_lift.pos=-101.95 elbow_flex.pos=+88.89 wrist_flex.pos=+77.99 wrist_roll.pos=+2.00 gripper.pos=+0.58
DEBUG 2026-08-19 04:34:11 [action #11] t=1.17s step=470 queue=40 dmax=0.241 | shoulder_pan.pos=-3.97 shoulder_lift.pos=-102.19 elbow_flex.pos=+88.86 wrist_flex.pos=+78.10 wrist_roll.pos=+2.00 gripper.pos=+0.56
DEBUG 2026-08-19 04:34:11 [action #12] t=1.20s step=471 queue=39 dmax=0.636 | shoulder_pan.pos=-3.81 shoulder_lift.pos=-102.40 elbow_flex.pos=+89.49 wrist_flex.pos=+77.97 wrist_roll.pos=+1.93 gripper.pos=+0.85
DEBUG 2026-08-19 04:34:11 [action #13] t=1.24s step=472 queue=38 dmax=0.256 | shoulder_pan.pos=-3.96 shoulder_lift.pos=-102.20 elbow_flex.pos=+89.25 wrist_flex.pos=+77.87 wrist_roll.pos=+1.91 gripper.pos=+0.60
DEBUG 2026-08-19 04:34:11 [action #14] t=1.27s step=473 queue=37 dmax=0.633 | shoulder_pan.pos=-4.05 shoulder_lift.pos=-102.20 elbow_flex.pos=+88.62 wrist_flex.pos=+78.10 wrist_roll.pos=+1.83 gripper.pos=+0.59
DEBUG 2026-08-19 04:34:11 [action #15] t=1.30s step=474 queue=36 dmax=0.628 | shoulder_pan.pos=-4.08 shoulder_lift.pos=-102.33 elbow_flex.pos=+89.24 wrist_flex.pos=+78.04 wrist_roll.pos=+1.78 gripper.pos=+0.48
DEBUG 2026-08-19 04:34:11 [action #16] t=1.34s step=475 queue=35 dmax=0.256 | shoulder_pan.pos=-3.95 shoulder_lift.pos=-102.49 elbow_flex.pos=+88.99 wrist_flex.pos=+77.98 wrist_roll.pos=+1.70 gripper.pos=+0.57
DEBUG 2026-08-19 04:34:11 [action #17] t=1.37s step=476 queue=34 dmax=0.298 | shoulder_pan.pos=-4.09 shoulder_lift.pos=-102.72 elbow_flex.pos=+89.29 wrist_flex.pos=+77.69 wrist_roll.pos=+1.60 gripper.pos=+0.66
DEBUG 2026-08-19 04:34:11 [action #18] t=1.40s step=477 queue=33 dmax=0.371 | shoulder_pan.pos=-4.04 shoulder_lift.pos=-102.35 elbow_flex.pos=+89.06 wrist_flex.pos=+77.98 wrist_roll.pos=+1.51 gripper.pos=+0.53
DEBUG 2026-08-19 04:34:11 [action #19] t=1.44s step=478 queue=32 dmax=0.245 | shoulder_pan.pos=-4.07 shoulder_lift.pos=-102.54 elbow_flex.pos=+88.82 wrist_flex.pos=+77.91 wrist_roll.pos=+1.27 gripper.pos=+0.50
DEBUG 2026-08-19 04:34:11 [action #20] t=1.47s step=479 queue=31 dmax=0.261 | shoulder_pan.pos=-4.03 shoulder_lift.pos=-102.64 elbow_flex.pos=+88.67 wrist_flex.pos=+77.75 wrist_roll.pos=+1.01 gripper.pos=+0.62
DEBUG 2026-08-19 04:34:11 [action #21] t=1.50s step=480 queue=30 dmax=0.648 | shoulder_pan.pos=-4.05 shoulder_lift.pos=-101.99 elbow_flex.pos=+89.20 wrist_flex.pos=+77.97 wrist_roll.pos=+0.82 gripper.pos=+0.57
DEBUG 2026-08-19 04:34:11 [chunk] received 50 actions, timesteps 0..49 | first: shoulder_pan.pos=-6.83 shoulder_lift.pos=-102.57 elbow_flex.pos=+88.31 wrist_flex.pos=+75.10 wrist_roll.pos=-0.10 gripper.pos=+0.82 | last: shoulder_pan.pos=-30.77 shoulder_lift.pos=-103.11 elbow_flex.pos=+86.76 wrist_flex.pos=+71.77 wrist_roll.pos=-0.72 gripper.pos=+0.29
DEBUG 2026-08-19 04:34:12 [chunk] received 50 actions, timesteps 480..529 | first: shoulder_pan.pos=-4.07 shoulder_lift.pos=-101.80 elbow_flex.pos=+89.77 wrist_flex.pos=+76.82 wrist_roll.pos=+1.87 gripper.pos=+0.36 | last: shoulder_pan.pos=-30.23 shoulder_lift.pos=-101.91 elbow_flex.pos=+86.99 wrist_flex.pos=+69.80 wrist_roll.pos=+1.12 gripper.pos=-0.24
DEBUG 2026-08-19 04:34:12 [action #22] t=2.41s step=481 queue=49 dmax=1.341 | shoulder_pan.pos=-4.19 shoulder_lift.pos=-101.62 elbow_flex.pos=+89.40 wrist_flex.pos=+76.63 wrist_roll.pos=+1.90 gripper.pos=+0.25
DEBUG 2026-08-19 04:34:12 [action #23] t=2.44s step=482 queue=48 dmax=0.485 | shoulder_pan.pos=-4.00 shoulder_lift.pos=-102.10 elbow_flex.pos=+89.34 wrist_flex.pos=+76.64 wrist_roll.pos=+1.95 gripper.pos=+0.29
DEBUG 2026-08-19 04:34:12 [action #24] t=2.48s step=483 queue=47 dmax=0.440 | shoulder_pan.pos=-4.12 shoulder_lift.pos=-102.26 elbow_flex.pos=+88.90 wrist_flex.pos=+76.72 wrist_roll.pos=+1.95 gripper.pos=+0.20
DEBUG 2026-08-19 04:34:12 [action #25] t=2.51s step=484 queue=46 dmax=0.342 | shoulder_pan.pos=-4.22 shoulder_lift.pos=-101.92 elbow_flex.pos=+89.18 wrist_flex.pos=+76.58 wrist_roll.pos=+1.91 gripper.pos=+0.33
DEBUG 2026-08-19 04:34:12 [action #26] t=2.54s step=485 queue=45 dmax=0.289 | shoulder_pan.pos=-4.31 shoulder_lift.pos=-102.20 elbow_flex.pos=+89.00 wrist_flex.pos=+76.71 wrist_roll.pos=+1.90 gripper.pos=+0.30
DEBUG 2026-08-19 04:34:12 [action #27] t=2.58s step=486 queue=44 dmax=0.252 | shoulder_pan.pos=-4.22 shoulder_lift.pos=-102.32 elbow_flex.pos=+89.26 wrist_flex.pos=+76.75 wrist_roll.pos=+1.92 gripper.pos=+0.43
DEBUG 2026-08-19 04:34:12 [action #28] t=2.61s step=487 queue=43 dmax=0.670 | shoulder_pan.pos=-4.31 shoulder_lift.pos=-102.19 elbow_flex.pos=+88.59 wrist_flex.pos=+76.79 wrist_roll.pos=+1.99 gripper.pos=+0.27
DEBUG 2026-08-19 04:34:12 [action #29] t=2.64s step=488 queue=42 dmax=0.242 | shoulder_pan.pos=-4.51 shoulder_lift.pos=-102.08 elbow_flex.pos=+88.83 wrist_flex.pos=+76.72 wrist_roll.pos=+1.97 gripper.pos=+0.23
DEBUG 2026-08-19 04:34:12 [action #30] t=2.68s step=489 queue=41 dmax=0.416 | shoulder_pan.pos=-4.72 shoulder_lift.pos=-102.49 elbow_flex.pos=+88.72 wrist_flex.pos=+76.72 wrist_roll.pos=+1.97 gripper.pos=+0.16
DEBUG 2026-08-19 04:34:12 [action #31] t=2.71s step=490 queue=40 dmax=0.295 | shoulder_pan.pos=-4.80 shoulder_lift.pos=-102.20 elbow_flex.pos=+88.54 wrist_flex.pos=+76.77 wrist_roll.pos=+1.94 gripper.pos=+0.24
DEBUG 2026-08-19 04:34:12 [action #32] t=2.74s step=491 queue=39 dmax=0.347 | shoulder_pan.pos=-5.15 shoulder_lift.pos=-102.14 elbow_flex.pos=+88.63 wrist_flex.pos=+76.60 wrist_roll.pos=+1.97 gripper.pos=+0.22
DEBUG 2026-08-19 04:34:13 [action #33] t=2.78s step=492 queue=38 dmax=0.451 | shoulder_pan.pos=-5.19 shoulder_lift.pos=-102.60 elbow_flex.pos=+88.61 wrist_flex.pos=+76.70 wrist_roll.pos=+1.98 gripper.pos=+0.42
DEBUG 2026-08-19 04:34:13 [action #34] t=2.81s step=493 queue=37 dmax=0.422 | shoulder_pan.pos=-5.30 shoulder_lift.pos=-102.78 elbow_flex.pos=+88.19 wrist_flex.pos=+76.88 wrist_roll.pos=+1.97 gripper.pos=+0.43
DEBUG 2026-08-19 04:34:13 [action #35] t=2.85s step=494 queue=36 dmax=0.414 | shoulder_pan.pos=-5.72 shoulder_lift.pos=-102.45 elbow_flex.pos=+88.45 wrist_flex.pos=+76.60 wrist_roll.pos=+1.95 gripper.pos=+0.23
DEBUG 2026-08-19 04:34:13 [action #36] t=2.88s step=495 queue=35 dmax=0.772 | shoulder_pan.pos=-6.17 shoulder_lift.pos=-102.18 elbow_flex.pos=+87.68 wrist_flex.pos=+76.70 wrist_roll.pos=+1.94 gripper.pos=+0.23
DEBUG 2026-08-19 04:34:13 [action #37] t=2.91s step=496 queue=34 dmax=0.432 | shoulder_pan.pos=-6.49 shoulder_lift.pos=-102.61 elbow_flex.pos=+87.62 wrist_flex.pos=+76.62 wrist_roll.pos=+1.95 gripper.pos=+0.24
DEBUG 2026-08-19 04:34:13 [action #38] t=2.95s step=497 queue=33 dmax=0.734 | shoulder_pan.pos=-7.23 shoulder_lift.pos=-102.60 elbow_flex.pos=+87.91 wrist_flex.pos=+76.46 wrist_roll.pos=+1.92 gripper.pos=+0.19
DEBUG 2026-08-19 04:34:13 [action #39] t=2.98s step=498 queue=32 dmax=0.694 | shoulder_pan.pos=-7.92 shoulder_lift.pos=-102.55 elbow_flex.pos=+87.63 wrist_flex.pos=+76.42 wrist_roll.pos=+1.97 gripper.pos=+0.24
DEBUG 2026-08-19 04:34:13 [action #40] t=3.01s step=499 queue=31 dmax=0.854 | shoulder_pan.pos=-8.77 shoulder_lift.pos=-102.75 elbow_flex.pos=+87.36 wrist_flex.pos=+76.34 wrist_roll.pos=+1.83 gripper.pos=+0.19
DEBUG 2026-08-19 04:34:13 [action #41] t=3.05s step=500 queue=30 dmax=0.908 | shoulder_pan.pos=-9.68 shoulder_lift.pos=-103.09 elbow_flex.pos=+87.49 wrist_flex.pos=+76.51 wrist_roll.pos=+1.87 gripper.pos=+0.18
DEBUG 2026-08-19 04:34:13 [action #42] t=3.08s step=501 queue=29 dmax=1.214 | shoulder_pan.pos=-10.90 shoulder_lift.pos=-103.50 elbow_flex.pos=+87.39 wrist_flex.pos=+76.41 wrist_roll.pos=+1.82 gripper.pos=+0.28
DEBUG 2026-08-19 04:34:13 [chunk] received 50 actions, timesteps 480..529 | first: shoulder_pan.pos=-4.69 shoulder_lift.pos=-101.63 elbow_flex.pos=+89.06 wrist_flex.pos=+76.81 wrist_roll.pos=+1.65 gripper.pos=+0.23 | last: shoulder_pan.pos=-34.05 shoulder_lift.pos=-101.59 elbow_flex.pos=+86.81 wrist_flex.pos=+72.00 wrist_roll.pos=+1.06 gripper.pos=+0.28
DEBUG 2026-08-19 04:34:13 [action #43] t=3.11s step=502 queue=28 dmax=4.544 | shoulder_pan.pos=-15.44 shoulder_lift.pos=-102.16 elbow_flex.pos=+86.80 wrist_flex.pos=+76.71 wrist_roll.pos=+1.64 gripper.pos=-0.03
DEBUG 2026-08-19 04:34:13 [action #44] t=3.15s step=503 queue=27 dmax=0.970 | shoulder_pan.pos=-16.41 shoulder_lift.pos=-103.08 elbow_flex.pos=+86.97 wrist_flex.pos=+76.76 wrist_roll.pos=+1.61 gripper.pos=+0.13
DEBUG 2026-08-19 04:34:13 [action #45] t=3.18s step=504 queue=26 dmax=1.236 | shoulder_pan.pos=-17.65 shoulder_lift.pos=-102.53 elbow_flex.pos=+86.27 wrist_flex.pos=+76.79 wrist_roll.pos=+1.72 gripper.pos=+0.08
DEBUG 2026-08-19 04:34:13 [action #46] t=3.21s step=505 queue=25 dmax=0.937 | shoulder_pan.pos=-18.58 shoulder_lift.pos=-102.71 elbow_flex.pos=+86.31 wrist_flex.pos=+76.80 wrist_roll.pos=+1.59 gripper.pos=+0.21
DEBUG 2026-08-19 04:34:13 [action #47] t=3.25s step=506 queue=24 dmax=0.854 | shoulder_pan.pos=-19.44 shoulder_lift.pos=-102.70 elbow_flex.pos=+86.99 wrist_flex.pos=+76.73 wrist_roll.pos=+1.61 gripper.pos=+0.24
DEBUG 2026-08-19 04:34:13 [action #48] t=3.28s step=507 queue=23 dmax=1.116 | shoulder_pan.pos=-20.55 shoulder_lift.pos=-102.95 elbow_flex.pos=+86.84 wrist_flex.pos=+76.68 wrist_roll.pos=+1.58 gripper.pos=+0.24
DEBUG 2026-08-19 04:34:13 [action #49] t=3.31s step=508 queue=22 dmax=0.947 | shoulder_pan.pos=-21.50 shoulder_lift.pos=-102.55 elbow_flex.pos=+86.44 wrist_flex.pos=+76.59 wrist_roll.pos=+1.62 gripper.pos=+0.20
DEBUG 2026-08-19 04:34:13 [action #50] t=3.35s step=509 queue=21 dmax=1.100 | shoulder_pan.pos=-22.60 shoulder_lift.pos=-102.51 elbow_flex.pos=+86.55 wrist_flex.pos=+76.77 wrist_roll.pos=+1.66 gripper.pos=+0.15
DEBUG 2026-08-19 04:34:13 [action #51] t=3.38s step=510 queue=20 dmax=0.741 | shoulder_pan.pos=-23.34 shoulder_lift.pos=-101.82 elbow_flex.pos=+86.73 wrist_flex.pos=+76.82 wrist_roll.pos=+1.57 gripper.pos=+0.13
DEBUG 2026-08-19 04:34:13 [action #52] t=3.41s step=511 queue=19 dmax=0.915 | shoulder_pan.pos=-24.25 shoulder_lift.pos=-102.27 elbow_flex.pos=+86.63 wrist_flex.pos=+76.47 wrist_roll.pos=+1.53 gripper.pos=+0.19
DEBUG 2026-08-19 04:34:13 [action #53] t=3.45s step=512 queue=18 dmax=0.416 | shoulder_pan.pos=-24.67 shoulder_lift.pos=-102.45 elbow_flex.pos=+86.97 wrist_flex.pos=+76.62 wrist_roll.pos=+1.53 gripper.pos=+0.15
DEBUG 2026-08-19 04:34:13 [action #54] t=3.48s step=513 queue=17 dmax=0.455 | shoulder_pan.pos=-25.13 shoulder_lift.pos=-102.69 elbow_flex.pos=+87.30 wrist_flex.pos=+76.58 wrist_roll.pos=+1.61 gripper.pos=+0.22
DEBUG 2026-08-19 04:34:13 [action #55] t=3.51s step=514 queue=16 dmax=0.880 | shoulder_pan.pos=-25.53 shoulder_lift.pos=-102.47 elbow_flex.pos=+86.42 wrist_flex.pos=+76.31 wrist_roll.pos=+1.60 gripper.pos=+0.20
DEBUG 2026-08-19 04:34:13 [action #56] t=3.55s step=515 queue=15 dmax=0.318 | shoulder_pan.pos=-25.85 shoulder_lift.pos=-102.15 elbow_flex.pos=+86.50 wrist_flex.pos=+76.32 wrist_roll.pos=+1.57 gripper.pos=+0.14
DEBUG 2026-08-19 04:34:13 [action #57] t=3.58s step=516 queue=14 dmax=0.609 | shoulder_pan.pos=-26.46 shoulder_lift.pos=-102.21 elbow_flex.pos=+86.26 wrist_flex.pos=+76.17 wrist_roll.pos=+1.58 gripper.pos=+0.17
DEBUG 2026-08-19 04:34:13 [action #58] t=3.61s step=517 queue=13 dmax=0.614 | shoulder_pan.pos=-27.07 shoulder_lift.pos=-102.40 elbow_flex.pos=+86.74 wrist_flex.pos=+75.91 wrist_roll.pos=+1.53 gripper.pos=+0.13
DEBUG 2026-08-19 04:34:13 [action #59] t=3.65s step=518 queue=12 dmax=0.678 | shoulder_pan.pos=-27.75 shoulder_lift.pos=-102.50 elbow_flex.pos=+86.52 wrist_flex.pos=+75.69 wrist_roll.pos=+1.53 gripper.pos=+0.23
DEBUG 2026-08-19 04:34:13 [action #60] t=3.68s step=519 queue=11 dmax=0.626 | shoulder_pan.pos=-28.38 shoulder_lift.pos=-102.59 elbow_flex.pos=+86.44 wrist_flex.pos=+75.62 wrist_roll.pos=+1.55 gripper.pos=+0.10
DEBUG 2026-08-19 04:34:13 [action #61] t=3.71s step=520 queue=10 dmax=0.908 | shoulder_pan.pos=-29.29 shoulder_lift.pos=-102.76 elbow_flex.pos=+86.55 wrist_flex.pos=+75.46 wrist_roll.pos=+1.57 gripper.pos=+0.13
DEBUG 2026-08-19 04:34:13 [action #62] t=3.75s step=521 queue=9 dmax=0.504 | shoulder_pan.pos=-29.79 shoulder_lift.pos=-102.69 elbow_flex.pos=+86.63 wrist_flex.pos=+75.41 wrist_roll.pos=+1.48 gripper.pos=-0.03
DEBUG 2026-08-19 04:34:14 [action #63] t=3.78s step=522 queue=8 dmax=0.614 | shoulder_pan.pos=-30.40 shoulder_lift.pos=-102.31 elbow_flex.pos=+86.25 wrist_flex.pos=+75.02 wrist_roll.pos=+1.46 gripper.pos=+0.10
DEBUG 2026-08-19 04:34:14 [action #64] t=3.81s step=523 queue=7 dmax=0.399 | shoulder_pan.pos=-30.80 shoulder_lift.pos=-101.96 elbow_flex.pos=+86.61 wrist_flex.pos=+74.86 wrist_roll.pos=+1.38 gripper.pos=+0.11
DEBUG 2026-08-19 04:34:14 [action #65] t=3.85s step=524 queue=6 dmax=0.456 | shoulder_pan.pos=-31.26 shoulder_lift.pos=-102.10 elbow_flex.pos=+86.26 wrist_flex.pos=+74.43 wrist_roll.pos=+1.30 gripper.pos=+0.25
DEBUG 2026-08-19 04:34:14 [action #66] t=3.88s step=525 queue=5 dmax=0.404 | shoulder_pan.pos=-31.27 shoulder_lift.pos=-101.86 elbow_flex.pos=+86.43 wrist_flex.pos=+74.03 wrist_roll.pos=+1.23 gripper.pos=-0.01
DEBUG 2026-08-19 04:34:14 [action #67] t=3.92s step=526 queue=4 dmax=0.633 | shoulder_pan.pos=-31.75 shoulder_lift.pos=-101.45 elbow_flex.pos=+87.06 wrist_flex.pos=+73.56 wrist_roll.pos=+1.25 gripper.pos=-0.01
DEBUG 2026-08-19 04:34:14 [action #68] t=3.95s step=527 queue=3 dmax=0.656 | shoulder_pan.pos=-32.08 shoulder_lift.pos=-101.36 elbow_flex.pos=+86.41 wrist_flex.pos=+73.03 wrist_roll.pos=+1.22 gripper.pos=+0.12
DEBUG 2026-08-19 04:34:14 [chunk] received 50 actions, timesteps 501..550 | first: shoulder_pan.pos=-8.50 shoulder_lift.pos=-101.17 elbow_flex.pos=+86.97 wrist_flex.pos=+76.33 wrist_roll.pos=+2.12 gripper.pos=+0.19 | last: shoulder_pan.pos=-34.01 shoulder_lift.pos=-102.01 elbow_flex.pos=+80.29 wrist_flex.pos=+70.72 wrist_roll.pos=+0.71 gripper.pos=-0.25
DEBUG 2026-08-19 04:34:14 [action #69] t=3.98s step=528 queue=23 dmax=3.223 | shoulder_pan.pos=-28.86 shoulder_lift.pos=-103.30 elbow_flex.pos=+84.49 wrist_flex.pos=+75.27 wrist_roll.pos=+1.69 gripper.pos=+0.28
DEBUG 2026-08-19 04:34:14 [action #70] t=4.02s step=529 queue=22 dmax=0.770 | shoulder_pan.pos=-29.63 shoulder_lift.pos=-102.91 elbow_flex.pos=+84.31 wrist_flex.pos=+75.29 wrist_roll.pos=+1.63 gripper.pos=+0.26
DEBUG 2026-08-19 04:34:14 [action #71] t=4.05s step=530 queue=21 dmax=1.825 | shoulder_pan.pos=-28.62 shoulder_lift.pos=-103.19 elbow_flex.pos=+82.49 wrist_flex.pos=+76.73 wrist_roll.pos=+1.92 gripper.pos=+0.20
DEBUG 2026-08-19 04:34:14 [action #72] t=4.08s step=531 queue=20 dmax=0.412 | shoulder_pan.pos=-29.04 shoulder_lift.pos=-103.42 elbow_flex.pos=+82.42 wrist_flex.pos=+76.55 wrist_roll.pos=+1.89 gripper.pos=+0.34
DEBUG 2026-08-19 04:34:14 [action #73] t=4.12s step=532 queue=19 dmax=0.941 | shoulder_pan.pos=-29.73 shoulder_lift.pos=-102.48 elbow_flex.pos=+82.47 wrist_flex.pos=+76.39 wrist_roll.pos=+1.84 gripper.pos=+0.24
DEBUG 2026-08-19 04:34:14 [action #74] t=4.15s step=533 queue=18 dmax=0.438 | shoulder_pan.pos=-29.97 shoulder_lift.pos=-102.91 elbow_flex.pos=+82.24 wrist_flex.pos=+76.48 wrist_roll.pos=+1.95 gripper.pos=+0.37
DEBUG 2026-08-19 04:34:14 [action #75] t=4.18s step=534 queue=17 dmax=0.688 | shoulder_pan.pos=-30.64 shoulder_lift.pos=-102.23 elbow_flex.pos=+82.10 wrist_flex.pos=+76.19 wrist_roll.pos=+1.72 gripper.pos=+0.11
DEBUG 2026-08-19 04:34:14 [action #76] t=4.22s step=535 queue=16 dmax=0.609 | shoulder_pan.pos=-31.25 shoulder_lift.pos=-102.54 elbow_flex.pos=+82.20 wrist_flex.pos=+75.76 wrist_roll.pos=+1.82 gripper.pos=+0.19
DEBUG 2026-08-19 04:34:14 [action #77] t=4.25s step=536 queue=15 dmax=0.498 | shoulder_pan.pos=-31.75 shoulder_lift.pos=-102.17 elbow_flex.pos=+81.93 wrist_flex.pos=+75.89 wrist_roll.pos=+1.71 gripper.pos=+0.21
DEBUG 2026-08-19 04:34:14 [action #78] t=4.28s step=537 queue=14 dmax=0.486 | shoulder_pan.pos=-32.23 shoulder_lift.pos=-102.48 elbow_flex.pos=+81.62 wrist_flex.pos=+75.62 wrist_roll.pos=+1.85 gripper.pos=+0.08
DEBUG 2026-08-19 04:34:14 [action #79] t=4.32s step=538 queue=13 dmax=0.565 | shoulder_pan.pos=-32.28 shoulder_lift.pos=-101.91 elbow_flex.pos=+81.30 wrist_flex.pos=+75.47 wrist_roll.pos=+1.79 gripper.pos=+0.13
DEBUG 2026-08-19 04:34:14 [action #80] t=4.35s step=539 queue=12 dmax=0.663 | shoulder_pan.pos=-32.62 shoulder_lift.pos=-102.44 elbow_flex.pos=+81.72 wrist_flex.pos=+74.81 wrist_roll.pos=+1.80 gripper.pos=+0.06
DEBUG 2026-08-19 04:34:14 [action #81] t=4.38s step=540 queue=11 dmax=0.611 | shoulder_pan.pos=-33.17 shoulder_lift.pos=-102.44 elbow_flex.pos=+81.11 wrist_flex.pos=+74.71 wrist_roll.pos=+1.82 gripper.pos=-0.03
DEBUG 2026-08-19 04:34:14 [action #82] t=4.42s step=541 queue=10 dmax=0.541 | shoulder_pan.pos=-33.20 shoulder_lift.pos=-102.01 elbow_flex.pos=+81.00 wrist_flex.pos=+74.17 wrist_roll.pos=+1.82 gripper.pos=-0.02
DEBUG 2026-08-19 04:34:14 [action #83] t=4.45s step=542 queue=9 dmax=0.533 | shoulder_pan.pos=-33.50 shoulder_lift.pos=-102.16 elbow_flex.pos=+81.16 wrist_flex.pos=+73.64 wrist_roll.pos=+1.74 gripper.pos=-0.03
DEBUG 2026-08-19 04:34:14 [action #84] t=4.48s step=543 queue=8 dmax=0.454 | shoulder_pan.pos=-33.95 shoulder_lift.pos=-101.91 elbow_flex.pos=+81.19 wrist_flex.pos=+73.39 wrist_roll.pos=+1.72 gripper.pos=+0.02
DEBUG 2026-08-19 04:34:14 [action #85] t=4.52s step=544 queue=7 dmax=0.351 | shoulder_pan.pos=-33.78 shoulder_lift.pos=-101.67 elbow_flex.pos=+81.19 wrist_flex.pos=+73.04 wrist_roll.pos=+1.70 gripper.pos=-0.06
DEBUG 2026-08-19 04:34:14 [action #86] t=4.55s step=545 queue=6 dmax=0.620 | shoulder_pan.pos=-33.78 shoulder_lift.pos=-102.09 elbow_flex.pos=+81.04 wrist_flex.pos=+72.42 wrist_roll.pos=+1.45 gripper.pos=-0.20
DEBUG 2026-08-19 04:34:14 [action #87] t=4.58s step=546 queue=5 dmax=0.343 | shoulder_pan.pos=-33.63 shoulder_lift.pos=-101.74 elbow_flex.pos=+80.85 wrist_flex.pos=+72.14 wrist_roll.pos=+1.19 gripper.pos=-0.07
DEBUG 2026-08-19 04:34:14 [action #88] t=4.62s step=547 queue=4 dmax=0.568 | shoulder_pan.pos=-33.77 shoulder_lift.pos=-101.17 elbow_flex.pos=+81.12 wrist_flex.pos=+71.57 wrist_roll.pos=+1.01 gripper.pos=-0.10
DEBUG 2026-08-19 04:34:14 [action #89] t=4.65s step=548 queue=3 dmax=0.349 | shoulder_pan.pos=-33.74 shoulder_lift.pos=-101.40 elbow_flex.pos=+80.78 wrist_flex.pos=+71.47 wrist_roll.pos=+1.08 gripper.pos=+0.25
DEBUG 2026-08-19 04:34:14 [action #90] t=4.68s step=549 queue=2 dmax=0.674 | shoulder_pan.pos=-33.85 shoulder_lift.pos=-101.49 elbow_flex.pos=+80.11 wrist_flex.pos=+71.23 wrist_roll.pos=+0.82 gripper.pos=+0.08
DEBUG 2026-08-19 04:34:14 [action #91] t=4.72s step=550 queue=1 dmax=0.524 | shoulder_pan.pos=-34.01 shoulder_lift.pos=-102.01 elbow_flex.pos=+80.29 wrist_flex.pos=+70.72 wrist_roll.pos=+0.71 gripper.pos=-0.25
DEBUG 2026-08-19 04:34:14 [chunk] received 50 actions, timesteps 527..576 | first: shoulder_pan.pos=-35.23 shoulder_lift.pos=-102.80 elbow_flex.pos=+85.54 wrist_flex.pos=+75.52 wrist_roll.pos=+1.98 gripper.pos=+0.31 | last: shoulder_pan.pos=-43.96 shoulder_lift.pos=-89.38 elbow_flex.pos=+77.22 wrist_flex.pos=+59.24 wrist_roll.pos=-1.72 gripper.pos=+0.28
DEBUG 2026-08-19 04:34:14 [action #92] t=4.75s step=551 queue=26 dmax=5.880 | shoulder_pan.pos=-39.89 shoulder_lift.pos=-103.36 elbow_flex.pos=+80.09 wrist_flex.pos=+71.72 wrist_roll.pos=+2.01 gripper.pos=+0.43
DEBUG 2026-08-19 04:34:15 [action #93] t=4.78s step=552 queue=25 dmax=0.312 | shoulder_pan.pos=-40.14 shoulder_lift.pos=-103.05 elbow_flex.pos=+79.80 wrist_flex.pos=+71.87 wrist_roll.pos=+2.02 gripper.pos=+0.42
DEBUG 2026-08-19 04:34:15 [action #94] t=4.82s step=553 queue=24 dmax=0.327 | shoulder_pan.pos=-40.39 shoulder_lift.pos=-102.73 elbow_flex.pos=+80.05 wrist_flex.pos=+71.69 wrist_roll.pos=+1.89 gripper.pos=+0.43
DEBUG 2026-08-19 04:34:15 [action #95] t=4.85s step=554 queue=23 dmax=0.413 | shoulder_pan.pos=-40.80 shoulder_lift.pos=-103.05 elbow_flex.pos=+79.81 wrist_flex.pos=+71.49 wrist_roll.pos=+1.94 gripper.pos=+0.29
DEBUG 2026-08-19 04:34:15 [action #96] t=4.89s step=555 queue=22 dmax=0.492 | shoulder_pan.pos=-41.04 shoulder_lift.pos=-103.13 elbow_flex.pos=+80.30 wrist_flex.pos=+71.06 wrist_roll.pos=+1.96 gripper.pos=+0.40
DEBUG 2026-08-19 04:34:15 [action #97] t=4.92s step=556 queue=21 dmax=0.636 | shoulder_pan.pos=-41.20 shoulder_lift.pos=-102.72 elbow_flex.pos=+80.23 wrist_flex.pos=+70.43 wrist_roll.pos=+2.01 gripper.pos=+0.30
DEBUG 2026-08-19 04:34:15 [action #98] t=4.95s step=557 queue=20 dmax=0.580 | shoulder_pan.pos=-41.56 shoulder_lift.pos=-102.99 elbow_flex.pos=+80.46 wrist_flex.pos=+69.85 wrist_roll.pos=+1.99 gripper.pos=+0.42
DEBUG 2026-08-19 04:34:15 [action #99] t=4.99s step=558 queue=19 dmax=0.401 | shoulder_pan.pos=-41.96 shoulder_lift.pos=-102.74 elbow_flex.pos=+80.70 wrist_flex.pos=+69.52 wrist_roll.pos=+2.04 gripper.pos=+0.35
DEBUG 2026-08-19 04:34:15 [action #100] t=5.02s step=559 queue=18 dmax=0.568 | shoulder_pan.pos=-42.04 shoulder_lift.pos=-103.31 elbow_flex.pos=+80.26 wrist_flex.pos=+69.40 wrist_roll.pos=+1.99 gripper.pos=+0.20
DEBUG 2026-08-19 04:34:15 [action #101] t=5.05s step=560 queue=17 dmax=1.204 | shoulder_pan.pos=-42.55 shoulder_lift.pos=-102.11 elbow_flex.pos=+80.65 wrist_flex.pos=+69.17 wrist_roll.pos=+1.89 gripper.pos=+0.34
DEBUG 2026-08-19 04:34:15 [action #102] t=5.09s step=561 queue=16 dmax=0.894 | shoulder_pan.pos=-42.83 shoulder_lift.pos=-103.00 elbow_flex.pos=+80.53 wrist_flex.pos=+69.18 wrist_roll.pos=+1.75 gripper.pos=+0.36
DEBUG 2026-08-19 04:34:15 [action #103] t=5.12s step=562 queue=15 dmax=0.170 | shoulder_pan.pos=-42.98 shoulder_lift.pos=-102.85 elbow_flex.pos=+80.43 wrist_flex.pos=+69.19 wrist_roll.pos=+1.58 gripper.pos=+0.40
DEBUG 2026-08-19 04:34:15 [action #104] t=5.15s step=563 queue=14 dmax=0.434 | shoulder_pan.pos=-43.17 shoulder_lift.pos=-102.81 elbow_flex.pos=+80.42 wrist_flex.pos=+69.04 wrist_roll.pos=+1.14 gripper.pos=+0.36
DEBUG 2026-08-19 04:34:15 [action #105] t=5.19s step=564 queue=13 dmax=0.571 | shoulder_pan.pos=-43.31 shoulder_lift.pos=-102.24 elbow_flex.pos=+80.17 wrist_flex.pos=+68.85 wrist_roll.pos=+0.77 gripper.pos=+0.27
DEBUG 2026-08-19 04:34:15 [action #106] t=5.22s step=565 queue=12 dmax=0.513 | shoulder_pan.pos=-43.46 shoulder_lift.pos=-102.03 elbow_flex.pos=+79.76 wrist_flex.pos=+68.72 wrist_roll.pos=+0.26 gripper.pos=+0.27
DEBUG 2026-08-19 04:34:15 [action #107] t=5.25s step=566 queue=11 dmax=0.511 | shoulder_pan.pos=-43.62 shoulder_lift.pos=-102.31 elbow_flex.pos=+80.20 wrist_flex.pos=+68.33 wrist_roll.pos=-0.26 gripper.pos=+0.28
DEBUG 2026-08-19 04:34:15 [action #108] t=5.29s step=567 queue=10 dmax=0.534 | shoulder_pan.pos=-43.83 shoulder_lift.pos=-101.78 elbow_flex.pos=+80.50 wrist_flex.pos=+68.04 wrist_roll.pos=-0.68 gripper.pos=+0.20
DEBUG 2026-08-19 04:34:15 [action #109] t=5.32s step=568 queue=9 dmax=0.563 | shoulder_pan.pos=-43.94 shoulder_lift.pos=-101.85 elbow_flex.pos=+80.19 wrist_flex.pos=+67.48 wrist_roll.pos=-0.84 gripper.pos=+0.38
DEBUG 2026-08-19 04:34:15 [action #110] t=5.35s step=569 queue=8 dmax=0.955 | shoulder_pan.pos=-44.02 shoulder_lift.pos=-100.89 elbow_flex.pos=+79.90 wrist_flex.pos=+66.84 wrist_roll.pos=-1.05 gripper.pos=+0.18
DEBUG 2026-08-19 04:34:15 [action #111] t=5.39s step=570 queue=7 dmax=1.490 | shoulder_pan.pos=-43.91 shoulder_lift.pos=-99.40 elbow_flex.pos=+79.86 wrist_flex.pos=+65.96 wrist_roll.pos=-1.27 gripper.pos=+0.21
DEBUG 2026-08-19 04:34:15 [action #112] t=5.42s step=571 queue=6 dmax=1.240 | shoulder_pan.pos=-43.90 shoulder_lift.pos=-98.36 elbow_flex.pos=+80.20 wrist_flex.pos=+64.72 wrist_roll.pos=-1.27 gripper.pos=+0.27
DEBUG 2026-08-19 04:34:15 [action #113] t=5.45s step=572 queue=5 dmax=1.958 | shoulder_pan.pos=-43.75 shoulder_lift.pos=-96.40 elbow_flex.pos=+79.55 wrist_flex.pos=+63.61 wrist_roll.pos=-1.37 gripper.pos=+0.31
DEBUG 2026-08-19 04:34:15 [action #114] t=5.49s step=573 queue=4 dmax=1.632 | shoulder_pan.pos=-43.86 shoulder_lift.pos=-94.77 elbow_flex.pos=+79.40 wrist_flex.pos=+62.17 wrist_roll.pos=-1.38 gripper.pos=+0.29
DEBUG 2026-08-19 04:34:15 [action #115] t=5.52s step=574 queue=3 dmax=1.788 | shoulder_pan.pos=-43.87 shoulder_lift.pos=-92.98 elbow_flex.pos=+78.61 wrist_flex.pos=+61.03 wrist_roll.pos=-1.49 gripper.pos=+0.53
DEBUG 2026-08-19 04:34:15 [action #116] t=5.55s step=575 queue=2 dmax=2.331 | shoulder_pan.pos=-43.89 shoulder_lift.pos=-90.65 elbow_flex.pos=+78.41 wrist_flex.pos=+59.97 wrist_roll.pos=-1.58 gripper.pos=+0.53
DEBUG 2026-08-19 04:34:15 [action #117] t=5.59s step=576 queue=1 dmax=1.270 | shoulder_pan.pos=-43.96 shoulder_lift.pos=-89.38 elbow_flex.pos=+77.22 wrist_flex.pos=+59.24 wrist_roll.pos=-1.72 gripper.pos=+0.28
DEBUG 2026-08-19 04:34:15 [chunk] received 50 actions, timesteps 549..598 | first: shoulder_pan.pos=-39.88 shoulder_lift.pos=-103.57 elbow_flex.pos=+81.64 wrist_flex.pos=+72.03 wrist_roll.pos=+1.51 gripper.pos=+0.03 | last: shoulder_pan.pos=-43.70 shoulder_lift.pos=-74.91 elbow_flex.pos=+58.61 wrist_flex.pos=+64.34 wrist_roll.pos=-1.40 gripper.pos=+0.11
DEBUG 2026-08-19 04:34:15 [action #118] t=5.62s step=577 queue=22 dmax=13.632 | shoulder_pan.pos=-44.05 shoulder_lift.pos=-103.01 elbow_flex.pos=+75.71 wrist_flex.pos=+70.53 wrist_roll.pos=+0.83 gripper.pos=-0.03
DEBUG 2026-08-19 04:34:15 [action #119] t=5.65s step=578 queue=21 dmax=0.192 | shoulder_pan.pos=-44.12 shoulder_lift.pos=-102.93 elbow_flex.pos=+75.52 wrist_flex.pos=+70.44 wrist_roll.pos=+0.81 gripper.pos=-0.03
DEBUG 2026-08-19 04:34:15 [action #120] t=5.69s step=579 queue=20 dmax=0.462 | shoulder_pan.pos=-44.08 shoulder_lift.pos=-102.51 elbow_flex.pos=+75.95 wrist_flex.pos=+69.98 wrist_roll.pos=+0.87 gripper.pos=+0.08
DEBUG 2026-08-19 04:34:15 [action #121] t=5.72s step=580 queue=19 dmax=0.819 | shoulder_pan.pos=-44.02 shoulder_lift.pos=-101.94 elbow_flex.pos=+75.13 wrist_flex.pos=+69.67 wrist_roll.pos=+0.88 gripper.pos=+0.03
DEBUG 2026-08-19 04:34:15 [action #122] t=5.75s step=581 queue=18 dmax=0.627 | shoulder_pan.pos=-43.93 shoulder_lift.pos=-101.97 elbow_flex.pos=+74.87 wrist_flex.pos=+69.04 wrist_roll.pos=+0.75 gripper.pos=-0.01
DEBUG 2026-08-19 04:34:16 [action #123] t=5.79s step=582 queue=17 dmax=0.748 | shoulder_pan.pos=-43.70 shoulder_lift.pos=-101.44 elbow_flex.pos=+74.96 wrist_flex.pos=+68.29 wrist_roll.pos=+0.66 gripper.pos=-0.09
DEBUG 2026-08-19 04:34:16 [action #124] t=5.82s step=583 queue=16 dmax=1.527 | shoulder_pan.pos=-43.62 shoulder_lift.pos=-99.91 elbow_flex.pos=+74.03 wrist_flex.pos=+67.51 wrist_roll.pos=+0.58 gripper.pos=+0.00
DEBUG 2026-08-19 04:34:16 [action #125] t=5.85s step=584 queue=15 dmax=1.119 | shoulder_pan.pos=-43.87 shoulder_lift.pos=-98.79 elbow_flex.pos=+73.21 wrist_flex.pos=+67.18 wrist_roll.pos=+0.46 gripper.pos=-0.03
DEBUG 2026-08-19 04:34:16 [action #126] t=5.89s step=585 queue=14 dmax=1.307 | shoulder_pan.pos=-43.96 shoulder_lift.pos=-97.49 elbow_flex.pos=+72.31 wrist_flex.pos=+66.93 wrist_roll.pos=+0.35 gripper.pos=+0.21
DEBUG 2026-08-19 04:34:16 [action #127] t=5.92s step=586 queue=13 dmax=1.796 | shoulder_pan.pos=-44.35 shoulder_lift.pos=-95.69 elbow_flex.pos=+71.66 wrist_flex.pos=+66.66 wrist_roll.pos=+0.19 gripper.pos=+0.09
DEBUG 2026-08-19 04:34:16 [action #128] t=5.96s step=587 queue=12 dmax=0.965 | shoulder_pan.pos=-44.24 shoulder_lift.pos=-94.77 elbow_flex.pos=+70.70 wrist_flex.pos=+66.41 wrist_roll.pos=+0.14 gripper.pos=+0.17
DEBUG 2026-08-19 04:34:16 [action #129] t=5.99s step=588 queue=11 dmax=2.325 | shoulder_pan.pos=-44.58 shoulder_lift.pos=-92.45 elbow_flex.pos=+68.99 wrist_flex.pos=+66.43 wrist_roll.pos=-0.18 gripper.pos=+0.04
DEBUG 2026-08-19 04:34:16 [action #130] t=6.02s step=589 queue=10 dmax=1.648 | shoulder_pan.pos=-44.45 shoulder_lift.pos=-90.80 elbow_flex.pos=+68.00 wrist_flex.pos=+66.33 wrist_roll.pos=-0.04 gripper.pos=+0.15
DEBUG 2026-08-19 04:34:16 [action #131] t=6.06s step=590 queue=9 dmax=1.575 | shoulder_pan.pos=-44.18 shoulder_lift.pos=-89.22 elbow_flex.pos=+67.52 wrist_flex.pos=+66.25 wrist_roll.pos=-0.05 gripper.pos=+0.07
DEBUG 2026-08-19 04:34:16 [action #132] t=6.09s step=591 queue=8 dmax=1.963 | shoulder_pan.pos=-44.08 shoulder_lift.pos=-87.89 elbow_flex.pos=+65.56 wrist_flex.pos=+65.91 wrist_roll.pos=-0.14 gripper.pos=+0.20
DEBUG 2026-08-19 04:34:16 [action #133] t=6.12s step=592 queue=7 dmax=1.861 | shoulder_pan.pos=-44.20 shoulder_lift.pos=-86.03 elbow_flex.pos=+65.14 wrist_flex.pos=+65.50 wrist_roll.pos=-0.22 gripper.pos=+0.28
DEBUG 2026-08-19 04:34:16 [action #134] t=6.16s step=593 queue=6 dmax=1.744 | shoulder_pan.pos=-43.77 shoulder_lift.pos=-84.28 elbow_flex.pos=+63.40 wrist_flex.pos=+65.31 wrist_roll.pos=-0.47 gripper.pos=+0.26
DEBUG 2026-08-19 04:34:16 [action #135] t=6.19s step=594 queue=5 dmax=1.907 | shoulder_pan.pos=-43.94 shoulder_lift.pos=-82.38 elbow_flex.pos=+62.35 wrist_flex.pos=+65.61 wrist_roll.pos=-0.64 gripper.pos=+0.19
DEBUG 2026-08-19 04:34:16 [action #136] t=6.22s step=595 queue=4 dmax=1.849 | shoulder_pan.pos=-43.62 shoulder_lift.pos=-80.53 elbow_flex.pos=+61.07 wrist_flex.pos=+65.14 wrist_roll.pos=-0.71 gripper.pos=+0.22
DEBUG 2026-08-19 04:34:16 [action #137] t=6.26s step=596 queue=3 dmax=2.236 | shoulder_pan.pos=-43.59 shoulder_lift.pos=-78.29 elbow_flex.pos=+60.08 wrist_flex.pos=+65.03 wrist_roll.pos=-1.03 gripper.pos=+0.32
DEBUG 2026-08-19 04:34:16 [action #138] t=6.29s step=597 queue=2 dmax=1.650 | shoulder_pan.pos=-43.15 shoulder_lift.pos=-76.64 elbow_flex.pos=+58.49 wrist_flex.pos=+64.76 wrist_roll.pos=-1.20 gripper.pos=+0.45
DEBUG 2026-08-19 04:34:16 [chunk] received 50 actions, timesteps 576..625 | first: shoulder_pan.pos=-44.02 shoulder_lift.pos=-90.07 elbow_flex.pos=+76.35 wrist_flex.pos=+61.10 wrist_roll.pos=-2.10 gripper.pos=+0.19 | last: shoulder_pan.pos=-45.00 shoulder_lift.pos=-48.96 elbow_flex.pos=+54.34 wrist_flex.pos=+49.92 wrist_roll.pos=-3.25 gripper.pos=+0.35
DEBUG 2026-08-19 04:34:16 [action #139] t=6.32s step=598 queue=28 dmax=7.889 | shoulder_pan.pos=-44.17 shoulder_lift.pos=-78.40 elbow_flex.pos=+66.38 wrist_flex.pos=+60.01 wrist_roll.pos=-2.09 gripper.pos=+0.13
DEBUG 2026-08-19 04:34:16 [action #140] t=6.36s step=599 queue=27 dmax=2.887 | shoulder_pan.pos=-44.39 shoulder_lift.pos=-78.74 elbow_flex.pos=+69.26 wrist_flex.pos=+57.67 wrist_roll.pos=-2.47 gripper.pos=+0.29
DEBUG 2026-08-19 04:34:16 [action #141] t=6.39s step=600 queue=26 dmax=1.615 | shoulder_pan.pos=-44.42 shoulder_lift.pos=-77.12 elbow_flex.pos=+68.31 wrist_flex.pos=+57.21 wrist_roll.pos=-2.52 gripper.pos=+0.33
DEBUG 2026-08-19 04:34:16 [action #142] t=6.42s step=601 queue=25 dmax=1.028 | shoulder_pan.pos=-44.53 shoulder_lift.pos=-76.09 elbow_flex.pos=+68.47 wrist_flex.pos=+56.61 wrist_roll.pos=-2.55 gripper.pos=+0.38
DEBUG 2026-08-19 04:34:16 [action #143] t=6.46s step=602 queue=24 dmax=1.787 | shoulder_pan.pos=-44.61 shoulder_lift.pos=-74.30 elbow_flex.pos=+67.72 wrist_flex.pos=+55.78 wrist_roll.pos=-2.79 gripper.pos=+0.18
DEBUG 2026-08-19 04:34:16 [action #144] t=6.49s step=603 queue=23 dmax=1.730 | shoulder_pan.pos=-44.42 shoulder_lift.pos=-72.57 elbow_flex.pos=+67.12 wrist_flex.pos=+55.24 wrist_roll.pos=-2.86 gripper.pos=+0.30
DEBUG 2026-08-19 04:34:16 [action #145] t=6.52s step=604 queue=22 dmax=1.450 | shoulder_pan.pos=-44.39 shoulder_lift.pos=-71.13 elbow_flex.pos=+66.30 wrist_flex.pos=+54.91 wrist_roll.pos=-3.05 gripper.pos=+0.24
DEBUG 2026-08-19 04:34:16 [action #146] t=6.56s step=605 queue=21 dmax=1.157 | shoulder_pan.pos=-44.39 shoulder_lift.pos=-69.97 elbow_flex.pos=+65.77 wrist_flex.pos=+54.40 wrist_roll.pos=-3.00 gripper.pos=+0.46
DEBUG 2026-08-19 04:34:16 [action #147] t=6.59s step=606 queue=20 dmax=1.088 | shoulder_pan.pos=-44.58 shoulder_lift.pos=-68.88 elbow_flex.pos=+65.12 wrist_flex.pos=+53.74 wrist_roll.pos=-3.07 gripper.pos=+0.20
DEBUG 2026-08-19 04:34:16 [action #148] t=6.62s step=607 queue=19 dmax=2.029 | shoulder_pan.pos=-44.44 shoulder_lift.pos=-66.85 elbow_flex.pos=+64.47 wrist_flex.pos=+53.43 wrist_roll.pos=-3.08 gripper.pos=+0.34
DEBUG 2026-08-19 04:34:16 [action #149] t=6.66s step=608 queue=18 dmax=0.855 | shoulder_pan.pos=-44.47 shoulder_lift.pos=-66.05 elbow_flex.pos=+63.62 wrist_flex.pos=+53.11 wrist_roll.pos=-3.05 gripper.pos=+0.33
DEBUG 2026-08-19 04:34:16 [action #150] t=6.69s step=609 queue=17 dmax=1.508 | shoulder_pan.pos=-44.49 shoulder_lift.pos=-64.54 elbow_flex.pos=+62.71 wrist_flex.pos=+52.79 wrist_roll.pos=-3.02 gripper.pos=+0.24
DEBUG 2026-08-19 04:34:16 [action #151] t=6.72s step=610 queue=16 dmax=1.019 | shoulder_pan.pos=-44.94 shoulder_lift.pos=-63.52 elbow_flex.pos=+63.25 wrist_flex.pos=+52.50 wrist_roll.pos=-3.01 gripper.pos=+0.30
DEBUG 2026-08-19 04:34:16 [action #152] t=6.76s step=611 queue=15 dmax=1.125 | shoulder_pan.pos=-44.96 shoulder_lift.pos=-62.79 elbow_flex.pos=+62.12 wrist_flex.pos=+52.26 wrist_roll.pos=-3.00 gripper.pos=+0.28
DEBUG 2026-08-19 04:34:17 [action #153] t=6.79s step=612 queue=14 dmax=0.907 | shoulder_pan.pos=-45.26 shoulder_lift.pos=-61.88 elbow_flex.pos=+62.06 wrist_flex.pos=+52.25 wrist_roll.pos=-3.11 gripper.pos=+0.22
DEBUG 2026-08-19 04:34:17 [action #154] t=6.82s step=613 queue=13 dmax=1.312 | shoulder_pan.pos=-45.04 shoulder_lift.pos=-60.85 elbow_flex.pos=+60.75 wrist_flex.pos=+52.03 wrist_roll.pos=-3.00 gripper.pos=+0.17
DEBUG 2026-08-19 04:34:17 [action #155] t=6.86s step=614 queue=12 dmax=1.485 | shoulder_pan.pos=-45.00 shoulder_lift.pos=-59.37 elbow_flex.pos=+59.68 wrist_flex.pos=+52.02 wrist_roll.pos=-3.07 gripper.pos=+0.38
DEBUG 2026-08-19 04:34:17 [action #156] t=6.89s step=615 queue=11 dmax=0.966 | shoulder_pan.pos=-45.13 shoulder_lift.pos=-58.40 elbow_flex.pos=+59.59 wrist_flex.pos=+51.60 wrist_roll.pos=-3.09 gripper.pos=+0.29
DEBUG 2026-08-19 04:34:17 [action #157] t=6.93s step=616 queue=10 dmax=1.310 | shoulder_pan.pos=-44.87 shoulder_lift.pos=-57.09 elbow_flex.pos=+59.20 wrist_flex.pos=+51.57 wrist_roll.pos=-3.07 gripper.pos=+0.41
DEBUG 2026-08-19 04:34:17 [action #158] t=6.96s step=617 queue=9 dmax=1.166 | shoulder_pan.pos=-44.92 shoulder_lift.pos=-55.93 elbow_flex.pos=+58.32 wrist_flex.pos=+51.18 wrist_roll.pos=-3.09 gripper.pos=+0.45
DEBUG 2026-08-19 04:34:17 [action #159] t=6.99s step=618 queue=8 dmax=0.875 | shoulder_pan.pos=-45.05 shoulder_lift.pos=-55.05 elbow_flex.pos=+57.87 wrist_flex.pos=+50.99 wrist_roll.pos=-3.11 gripper.pos=+0.49
DEBUG 2026-08-19 04:34:17 [chunk] received 50 actions, timesteps 597..646 | first: shoulder_pan.pos=-42.99 shoulder_lift.pos=-77.21 elbow_flex.pos=+59.42 wrist_flex.pos=+64.40 wrist_roll.pos=-1.34 gripper.pos=+0.42 | last: shoulder_pan.pos=-42.16 shoulder_lift.pos=-29.89 elbow_flex.pos=+32.62 wrist_flex.pos=+55.87 wrist_roll.pos=-3.47 gripper.pos=+1.33
DEBUG 2026-08-19 04:34:17 [action #160] t=7.03s step=619 queue=28 dmax=6.585 | shoulder_pan.pos=-43.16 shoulder_lift.pos=-57.19 elbow_flex.pos=+51.29 wrist_flex.pos=+56.05 wrist_roll.pos=-2.81 gripper.pos=+0.54
DEBUG 2026-08-19 04:34:17 [action #161] t=7.06s step=620 queue=27 dmax=1.057 | shoulder_pan.pos=-43.08 shoulder_lift.pos=-56.21 elbow_flex.pos=+50.23 wrist_flex.pos=+55.80 wrist_roll.pos=-2.69 gripper.pos=+0.64
DEBUG 2026-08-19 04:34:17 [action #162] t=7.09s step=621 queue=26 dmax=1.017 | shoulder_pan.pos=-43.10 shoulder_lift.pos=-55.20 elbow_flex.pos=+50.26 wrist_flex.pos=+55.67 wrist_roll.pos=-2.71 gripper.pos=+0.66
DEBUG 2026-08-19 04:34:17 [action #163] t=7.13s step=622 queue=25 dmax=0.948 | shoulder_pan.pos=-43.07 shoulder_lift.pos=-54.25 elbow_flex.pos=+49.60 wrist_flex.pos=+55.62 wrist_roll.pos=-2.83 gripper.pos=+0.76
DEBUG 2026-08-19 04:34:17 [action #164] t=7.16s step=623 queue=24 dmax=1.110 | shoulder_pan.pos=-43.21 shoulder_lift.pos=-53.14 elbow_flex.pos=+48.96 wrist_flex.pos=+55.42 wrist_roll.pos=-2.69 gripper.pos=+0.65
DEBUG 2026-08-19 04:34:17 [action #165] t=7.19s step=624 queue=23 dmax=1.177 | shoulder_pan.pos=-43.14 shoulder_lift.pos=-51.96 elbow_flex.pos=+47.92 wrist_flex.pos=+55.03 wrist_roll.pos=-2.76 gripper.pos=+0.69
DEBUG 2026-08-19 04:34:17 [action #166] t=7.23s step=625 queue=22 dmax=1.309 | shoulder_pan.pos=-43.14 shoulder_lift.pos=-50.65 elbow_flex.pos=+47.57 wrist_flex.pos=+54.79 wrist_roll.pos=-2.85 gripper.pos=+0.72
DEBUG 2026-08-19 04:34:17 [action #167] t=7.26s step=626 queue=21 dmax=3.535 | shoulder_pan.pos=-42.46 shoulder_lift.pos=-50.23 elbow_flex.pos=+44.04 wrist_flex.pos=+56.69 wrist_roll.pos=-2.74 gripper.pos=+0.87
DEBUG 2026-08-19 04:34:17 [action #168] t=7.29s step=627 queue=20 dmax=1.081 | shoulder_pan.pos=-42.48 shoulder_lift.pos=-49.15 elbow_flex.pos=+43.53 wrist_flex.pos=+56.30 wrist_roll.pos=-2.72 gripper.pos=+1.01
DEBUG 2026-08-19 04:34:17 [action #169] t=7.33s step=628 queue=19 dmax=0.868 | shoulder_pan.pos=-42.58 shoulder_lift.pos=-48.29 elbow_flex.pos=+42.99 wrist_flex.pos=+56.18 wrist_roll.pos=-2.67 gripper.pos=+0.79
DEBUG 2026-08-19 04:34:17 [action #170] t=7.36s step=629 queue=18 dmax=1.534 | shoulder_pan.pos=-42.47 shoulder_lift.pos=-46.75 elbow_flex.pos=+42.47 wrist_flex.pos=+56.04 wrist_roll.pos=-2.63 gripper.pos=+1.05
DEBUG 2026-08-19 04:34:17 [action #171] t=7.39s step=630 queue=17 dmax=1.144 | shoulder_pan.pos=-42.38 shoulder_lift.pos=-45.82 elbow_flex.pos=+41.33 wrist_flex.pos=+55.92 wrist_roll.pos=-2.71 gripper.pos=+1.02
DEBUG 2026-08-19 04:34:17 [action #172] t=7.43s step=631 queue=16 dmax=1.680 | shoulder_pan.pos=-42.53 shoulder_lift.pos=-44.14 elbow_flex.pos=+40.90 wrist_flex.pos=+55.94 wrist_roll.pos=-2.79 gripper.pos=+1.00
DEBUG 2026-08-19 04:34:17 [action #173] t=7.46s step=632 queue=15 dmax=1.213 | shoulder_pan.pos=-42.53 shoulder_lift.pos=-42.93 elbow_flex.pos=+39.84 wrist_flex.pos=+55.84 wrist_roll.pos=-2.85 gripper.pos=+0.93
DEBUG 2026-08-19 04:34:17 [action #174] t=7.49s step=633 queue=14 dmax=1.520 | shoulder_pan.pos=-42.47 shoulder_lift.pos=-41.41 elbow_flex.pos=+39.27 wrist_flex.pos=+55.90 wrist_roll.pos=-2.79 gripper.pos=+1.15
DEBUG 2026-08-19 04:34:17 [action #175] t=7.53s step=634 queue=13 dmax=0.845 | shoulder_pan.pos=-42.66 shoulder_lift.pos=-40.62 elbow_flex.pos=+38.43 wrist_flex.pos=+55.97 wrist_roll.pos=-2.90 gripper.pos=+1.01
DEBUG 2026-08-19 04:34:17 [action #176] t=7.56s step=635 queue=12 dmax=1.301 | shoulder_pan.pos=-42.67 shoulder_lift.pos=-39.32 elbow_flex.pos=+37.73 wrist_flex.pos=+55.82 wrist_roll.pos=-2.99 gripper.pos=+1.18
DEBUG 2026-08-19 04:34:17 [action #177] t=7.59s step=636 queue=11 dmax=1.571 | shoulder_pan.pos=-42.53 shoulder_lift.pos=-37.75 elbow_flex.pos=+37.10 wrist_flex.pos=+55.90 wrist_roll.pos=-2.94 gripper.pos=+1.27
DEBUG 2026-08-19 04:34:17 [action #178] t=7.63s step=637 queue=10 dmax=0.808 | shoulder_pan.pos=-42.54 shoulder_lift.pos=-36.94 elbow_flex.pos=+36.70 wrist_flex.pos=+55.73 wrist_roll.pos=-2.99 gripper.pos=+1.11
DEBUG 2026-08-19 04:34:17 [action #179] t=7.66s step=638 queue=9 dmax=1.005 | shoulder_pan.pos=-42.32 shoulder_lift.pos=-35.93 elbow_flex.pos=+36.67 wrist_flex.pos=+55.72 wrist_roll.pos=-2.99 gripper.pos=+1.01
DEBUG 2026-08-19 04:34:17 [action #180] t=7.69s step=639 queue=8 dmax=0.516 | shoulder_pan.pos=-42.03 shoulder_lift.pos=-35.42 elbow_flex.pos=+36.25 wrist_flex.pos=+55.85 wrist_roll.pos=-3.02 gripper.pos=+1.26
DEBUG 2026-08-19 04:34:17 [action #181] t=7.73s step=640 queue=7 dmax=0.744 | shoulder_pan.pos=-42.25 shoulder_lift.pos=-35.05 elbow_flex.pos=+35.51 wrist_flex.pos=+55.70 wrist_roll.pos=-2.94 gripper.pos=+1.04
DEBUG 2026-08-19 04:34:17 [chunk] received 50 actions, timesteps 618..667 | first: shoulder_pan.pos=-46.48 shoulder_lift.pos=-55.12 elbow_flex.pos=+58.15 wrist_flex.pos=+50.12 wrist_roll.pos=-3.75 gripper.pos=-0.07 | last: shoulder_pan.pos=-46.98 shoulder_lift.pos=-6.73 elbow_flex.pos=+26.58 wrist_flex.pos=+54.77 wrist_roll.pos=-4.52 gripper.pos=+19.07
DEBUG 2026-08-19 04:34:17 [action #182] t=7.76s step=641 queue=27 dmax=6.766 | shoulder_pan.pos=-44.42 shoulder_lift.pos=-33.85 elbow_flex.pos=+42.27 wrist_flex.pos=+52.00 wrist_roll.pos=-3.91 gripper.pos=+0.57
DEBUG 2026-08-19 04:34:18 [action #183] t=7.79s step=642 queue=26 dmax=0.555 | shoulder_pan.pos=-44.16 shoulder_lift.pos=-33.30 elbow_flex.pos=+41.72 wrist_flex.pos=+52.06 wrist_roll.pos=-3.92 gripper.pos=+0.52
DEBUG 2026-08-19 04:34:18 [action #184] t=7.83s step=643 queue=25 dmax=1.411 | shoulder_pan.pos=-44.19 shoulder_lift.pos=-31.89 elbow_flex.pos=+41.58 wrist_flex.pos=+52.19 wrist_roll.pos=-4.03 gripper.pos=+0.65
DEBUG 2026-08-19 04:34:18 [action #185] t=7.86s step=644 queue=24 dmax=1.055 | shoulder_pan.pos=-44.18 shoulder_lift.pos=-30.86 elbow_flex.pos=+40.53 wrist_flex.pos=+52.48 wrist_roll.pos=-3.97 gripper.pos=+0.47
DEBUG 2026-08-19 04:34:18 [action #186] t=7.90s step=645 queue=23 dmax=0.807 | shoulder_pan.pos=-44.33 shoulder_lift.pos=-30.37 elbow_flex.pos=+39.72 wrist_flex.pos=+52.51 wrist_roll.pos=-4.04 gripper.pos=+0.52
DEBUG 2026-08-19 04:34:18 [action #187] t=7.93s step=646 queue=22 dmax=1.177 | shoulder_pan.pos=-44.51 shoulder_lift.pos=-29.26 elbow_flex.pos=+38.55 wrist_flex.pos=+52.74 wrist_roll.pos=-4.12 gripper.pos=+0.52
DEBUG 2026-08-19 04:34:18 [action #188] t=7.96s step=647 queue=21 dmax=2.193 | shoulder_pan.pos=-45.12 shoulder_lift.pos=-27.98 elbow_flex.pos=+40.74 wrist_flex.pos=+51.62 wrist_roll.pos=-4.44 gripper.pos=+0.35
DEBUG 2026-08-19 04:34:18 [action #189] t=8.00s step=648 queue=20 dmax=1.115 | shoulder_pan.pos=-45.38 shoulder_lift.pos=-26.90 elbow_flex.pos=+39.62 wrist_flex.pos=+52.03 wrist_roll.pos=-4.42 gripper.pos=+0.25
DEBUG 2026-08-19 04:34:18 [action #190] t=8.03s step=649 queue=19 dmax=0.907 | shoulder_pan.pos=-45.22 shoulder_lift.pos=-26.21 elbow_flex.pos=+38.72 wrist_flex.pos=+51.84 wrist_roll.pos=-4.43 gripper.pos=+0.37
DEBUG 2026-08-19 04:34:18 [action #191] t=8.06s step=650 queue=18 dmax=1.916 | shoulder_pan.pos=-45.15 shoulder_lift.pos=-24.29 elbow_flex.pos=+38.16 wrist_flex.pos=+52.07 wrist_roll.pos=-4.46 gripper.pos=+0.44
DEBUG 2026-08-19 04:34:18 [action #192] t=8.10s step=651 queue=17 dmax=1.750 | shoulder_pan.pos=-45.12 shoulder_lift.pos=-23.52 elbow_flex.pos=+36.41 wrist_flex.pos=+52.40 wrist_roll.pos=-4.43 gripper.pos=+0.31
DEBUG 2026-08-19 04:34:18 [action #193] t=8.13s step=652 queue=16 dmax=0.782 | shoulder_pan.pos=-45.14 shoulder_lift.pos=-22.74 elbow_flex.pos=+37.08 wrist_flex.pos=+52.18 wrist_roll.pos=-4.57 gripper.pos=+0.31
DEBUG 2026-08-19 04:34:18 [action #194] t=8.16s step=653 queue=15 dmax=1.711 | shoulder_pan.pos=-45.38 shoulder_lift.pos=-21.07 elbow_flex.pos=+35.37 wrist_flex.pos=+52.03 wrist_roll.pos=-4.45 gripper.pos=+0.30
DEBUG 2026-08-19 04:34:18 [action #195] t=8.20s step=654 queue=14 dmax=1.198 | shoulder_pan.pos=-45.83 shoulder_lift.pos=-19.87 elbow_flex.pos=+35.36 wrist_flex.pos=+52.14 wrist_roll.pos=-4.55 gripper.pos=+0.30
DEBUG 2026-08-19 04:34:18 [action #196] t=8.23s step=655 queue=13 dmax=0.855 | shoulder_pan.pos=-45.85 shoulder_lift.pos=-19.02 elbow_flex.pos=+34.51 wrist_flex.pos=+52.12 wrist_roll.pos=-4.57 gripper.pos=+0.34
DEBUG 2026-08-19 04:34:18 [action #197] t=8.26s step=656 queue=12 dmax=0.753 | shoulder_pan.pos=-46.22 shoulder_lift.pos=-18.27 elbow_flex.pos=+34.08 wrist_flex.pos=+52.12 wrist_roll.pos=-4.59 gripper.pos=+0.27
DEBUG 2026-08-19 04:34:18 [action #198] t=8.30s step=657 queue=11 dmax=1.554 | shoulder_pan.pos=-46.22 shoulder_lift.pos=-16.71 elbow_flex.pos=+33.00 wrist_flex.pos=+52.70 wrist_roll.pos=-4.53 gripper.pos=+0.59
DEBUG 2026-08-19 04:34:18 [action #199] t=8.33s step=658 queue=10 dmax=1.299 | shoulder_pan.pos=-46.43 shoulder_lift.pos=-15.70 elbow_flex.pos=+31.70 wrist_flex.pos=+52.28 wrist_roll.pos=-4.47 gripper.pos=+0.64
DEBUG 2026-08-19 04:34:18 [action #200] t=8.36s step=659 queue=9 dmax=1.984 | shoulder_pan.pos=-46.78 shoulder_lift.pos=-13.71 elbow_flex.pos=+31.37 wrist_flex.pos=+52.54 wrist_roll.pos=-4.75 gripper.pos=+0.88
DEBUG 2026-08-19 04:34:18 [action #201] t=8.40s step=660 queue=8 dmax=1.207 | shoulder_pan.pos=-46.67 shoulder_lift.pos=-13.03 elbow_flex.pos=+30.81 wrist_flex.pos=+52.87 wrist_roll.pos=-4.61 gripper.pos=+2.09
DEBUG 2026-08-19 04:34:18 [action #202] t=8.43s step=661 queue=7 dmax=1.785 | shoulder_pan.pos=-46.99 shoulder_lift.pos=-11.58 elbow_flex.pos=+30.75 wrist_flex.pos=+53.02 wrist_roll.pos=-4.56 gripper.pos=+3.87
DEBUG 2026-08-19 04:34:18 [chunk] received 50 actions, timesteps 640..689 | first: shoulder_pan.pos=-43.61 shoulder_lift.pos=-32.85 elbow_flex.pos=+33.55 wrist_flex.pos=+54.62 wrist_roll.pos=-3.20 gripper.pos=+0.85 | last: shoulder_pan.pos=-45.81 shoulder_lift.pos=+1.16 elbow_flex.pos=+11.11 wrist_flex.pos=+66.82 wrist_roll.pos=-1.95 gripper.pos=+24.90
DEBUG 2026-08-19 04:34:18 [action #203] t=8.46s step=662 queue=28 dmax=14.213 | shoulder_pan.pos=-44.63 shoulder_lift.pos=-7.63 elbow_flex.pos=+16.54 wrist_flex.pos=+59.72 wrist_roll.pos=-3.51 gripper.pos=+3.14
DEBUG 2026-08-19 04:34:18 [action #204] t=8.50s step=663 queue=27 dmax=1.043 | shoulder_pan.pos=-44.56 shoulder_lift.pos=-7.00 elbow_flex.pos=+15.92 wrist_flex.pos=+59.86 wrist_roll.pos=-3.58 gripper.pos=+4.19
DEBUG 2026-08-19 04:34:18 [action #205] t=8.53s step=664 queue=26 dmax=0.695 | shoulder_pan.pos=-44.56 shoulder_lift.pos=-6.80 elbow_flex.pos=+15.82 wrist_flex.pos=+59.80 wrist_roll.pos=-3.61 gripper.pos=+4.88
DEBUG 2026-08-19 04:34:18 [action #206] t=8.56s step=665 queue=25 dmax=0.789 | shoulder_pan.pos=-44.38 shoulder_lift.pos=-6.06 elbow_flex.pos=+15.47 wrist_flex.pos=+60.09 wrist_roll.pos=-3.65 gripper.pos=+5.67
DEBUG 2026-08-19 04:34:18 [action #207] t=8.60s step=666 queue=24 dmax=0.635 | shoulder_pan.pos=-44.60 shoulder_lift.pos=-5.43 elbow_flex.pos=+14.92 wrist_flex.pos=+60.33 wrist_roll.pos=-3.65 gripper.pos=+6.23
DEBUG 2026-08-19 04:34:18 [action #208] t=8.63s step=667 queue=23 dmax=0.924 | shoulder_pan.pos=-44.61 shoulder_lift.pos=-4.51 elbow_flex.pos=+14.82 wrist_flex.pos=+60.76 wrist_roll.pos=-3.67 gripper.pos=+6.95
DEBUG 2026-08-19 04:34:18 [action #209] t=8.66s step=668 queue=22 dmax=5.362 | shoulder_pan.pos=-43.56 shoulder_lift.pos=-3.53 elbow_flex.pos=+9.46 wrist_flex.pos=+63.63 wrist_roll.pos=-3.18 gripper.pos=+2.55
DEBUG 2026-08-19 04:34:18 [action #210] t=8.70s step=669 queue=21 dmax=1.019 | shoulder_pan.pos=-43.66 shoulder_lift.pos=-2.79 elbow_flex.pos=+9.43 wrist_flex.pos=+64.04 wrist_roll.pos=-3.11 gripper.pos=+3.57
DEBUG 2026-08-19 04:34:18 [action #211] t=8.73s step=670 queue=20 dmax=1.172 | shoulder_pan.pos=-43.99 shoulder_lift.pos=-2.94 elbow_flex.pos=+9.99 wrist_flex.pos=+64.29 wrist_roll.pos=-3.10 gripper.pos=+4.74
DEBUG 2026-08-19 04:34:18 [action #212] t=8.76s step=671 queue=19 dmax=1.740 | shoulder_pan.pos=-44.16 shoulder_lift.pos=-3.01 elbow_flex.pos=+9.80 wrist_flex.pos=+64.25 wrist_roll.pos=-3.16 gripper.pos=+6.48
DEBUG 2026-08-19 04:34:19 [action #213] t=8.80s step=672 queue=18 dmax=2.127 | shoulder_pan.pos=-44.33 shoulder_lift.pos=-2.80 elbow_flex.pos=+11.01 wrist_flex.pos=+64.35 wrist_roll.pos=-3.08 gripper.pos=+8.61
DEBUG 2026-08-19 04:34:19 [action #214] t=8.83s step=673 queue=17 dmax=1.722 | shoulder_pan.pos=-44.45 shoulder_lift.pos=-2.88 elbow_flex.pos=+10.59 wrist_flex.pos=+64.46 wrist_roll.pos=-3.02 gripper.pos=+10.33
DEBUG 2026-08-19 04:34:19 [action #215] t=8.86s step=674 queue=16 dmax=1.890 | shoulder_pan.pos=-44.38 shoulder_lift.pos=-2.62 elbow_flex.pos=+10.72 wrist_flex.pos=+64.51 wrist_roll.pos=-3.07 gripper.pos=+12.22
DEBUG 2026-08-19 04:34:19 [action #216] t=8.90s step=675 queue=15 dmax=0.725 | shoulder_pan.pos=-44.60 shoulder_lift.pos=-2.94 elbow_flex.pos=+11.00 wrist_flex.pos=+64.49 wrist_roll.pos=-2.92 gripper.pos=+12.94
DEBUG 2026-08-19 04:34:19 [action #217] t=8.93s step=676 queue=14 dmax=0.371 | shoulder_pan.pos=-44.97 shoulder_lift.pos=-2.96 elbow_flex.pos=+11.31 wrist_flex.pos=+64.36 wrist_roll.pos=-2.86 gripper.pos=+13.26
DEBUG 2026-08-19 04:34:19 [action #218] t=8.97s step=677 queue=13 dmax=0.904 | shoulder_pan.pos=-45.03 shoulder_lift.pos=-2.94 elbow_flex.pos=+12.21 wrist_flex.pos=+64.78 wrist_roll.pos=-2.55 gripper.pos=+13.01
DEBUG 2026-08-19 04:34:19 [action #219] t=9.00s step=678 queue=12 dmax=0.962 | shoulder_pan.pos=-45.08 shoulder_lift.pos=-2.35 elbow_flex.pos=+11.45 wrist_flex.pos=+64.50 wrist_roll.pos=-2.48 gripper.pos=+13.97
DEBUG 2026-08-19 04:34:19 [action #220] t=9.03s step=679 queue=11 dmax=1.064 | shoulder_pan.pos=-45.21 shoulder_lift.pos=-3.41 elbow_flex.pos=+11.48 wrist_flex.pos=+64.64 wrist_roll.pos=-2.56 gripper.pos=+14.15
DEBUG 2026-08-19 04:34:19 [action #221] t=9.07s step=680 queue=10 dmax=1.830 | shoulder_pan.pos=-45.30 shoulder_lift.pos=-3.18 elbow_flex.pos=+12.39 wrist_flex.pos=+64.53 wrist_roll.pos=-2.60 gripper.pos=+15.98
DEBUG 2026-08-19 04:34:19 [action #222] t=9.10s step=681 queue=9 dmax=1.322 | shoulder_pan.pos=-45.52 shoulder_lift.pos=-2.89 elbow_flex.pos=+12.15 wrist_flex.pos=+64.49 wrist_roll.pos=-2.58 gripper.pos=+17.31
DEBUG 2026-08-19 04:34:19 [action #223] t=9.13s step=682 queue=8 dmax=1.489 | shoulder_pan.pos=-45.60 shoulder_lift.pos=-2.33 elbow_flex.pos=+12.54 wrist_flex.pos=+64.73 wrist_roll.pos=-2.48 gripper.pos=+18.79
DEBUG 2026-08-19 04:34:19 [action #224] t=9.17s step=683 queue=7 dmax=1.043 | shoulder_pan.pos=-45.59 shoulder_lift.pos=-2.11 elbow_flex.pos=+12.85 wrist_flex.pos=+65.04 wrist_roll.pos=-2.35 gripper.pos=+19.84
DEBUG 2026-08-19 04:34:19 [chunk] received 50 actions, timesteps 661..710 | first: shoulder_pan.pos=-48.63 shoulder_lift.pos=-12.19 elbow_flex.pos=+30.47 wrist_flex.pos=+54.99 wrist_roll.pos=-4.75 gripper.pos=+1.54 | last: shoulder_pan.pos=-47.70 shoulder_lift.pos=+20.61 elbow_flex.pos=-1.41 wrist_flex.pos=+69.37 wrist_roll.pos=-0.70 gripper.pos=+27.82
DEBUG 2026-08-19 04:34:19 [action #225] t=9.20s step=684 queue=27 dmax=5.834 | shoulder_pan.pos=-47.42 shoulder_lift.pos=-0.80 elbow_flex.pos=+18.68 wrist_flex.pos=+60.27 wrist_roll.pos=-2.09 gripper.pos=+21.95
DEBUG 2026-08-19 04:34:19 [action #226] t=9.23s step=685 queue=26 dmax=0.917 | shoulder_pan.pos=-47.38 shoulder_lift.pos=-0.40 elbow_flex.pos=+17.77 wrist_flex.pos=+60.74 wrist_roll.pos=-2.20 gripper.pos=+22.75
DEBUG 2026-08-19 04:34:19 [action #227] t=9.27s step=686 queue=25 dmax=0.570 | shoulder_pan.pos=-47.11 shoulder_lift.pos=+0.08 elbow_flex.pos=+17.34 wrist_flex.pos=+61.00 wrist_roll.pos=-2.09 gripper.pos=+23.31
DEBUG 2026-08-19 04:34:19 [action #228] t=9.30s step=687 queue=24 dmax=1.979 | shoulder_pan.pos=-47.26 shoulder_lift.pos=+2.06 elbow_flex.pos=+16.29 wrist_flex.pos=+61.40 wrist_roll.pos=-2.09 gripper.pos=+23.86
DEBUG 2026-08-19 04:34:19 [action #229] t=9.33s step=688 queue=23 dmax=0.724 | shoulder_pan.pos=-47.00 shoulder_lift.pos=+1.98 elbow_flex.pos=+16.10 wrist_flex.pos=+61.80 wrist_roll.pos=-1.98 gripper.pos=+24.58
DEBUG 2026-08-19 04:34:19 [action #230] t=9.37s step=689 queue=22 dmax=1.273 | shoulder_pan.pos=-47.14 shoulder_lift.pos=+3.25 elbow_flex.pos=+15.60 wrist_flex.pos=+61.99 wrist_roll.pos=-1.75 gripper.pos=+24.70
DEBUG 2026-08-19 04:34:19 [action #231] t=9.40s step=690 queue=21 dmax=1.672 | shoulder_pan.pos=-47.36 shoulder_lift.pos=+4.31 elbow_flex.pos=+16.55 wrist_flex.pos=+60.32 wrist_roll.pos=-1.57 gripper.pos=+24.89
DEBUG 2026-08-19 04:34:19 [action #232] t=9.43s step=691 queue=20 dmax=0.956 | shoulder_pan.pos=-47.67 shoulder_lift.pos=+5.26 elbow_flex.pos=+16.25 wrist_flex.pos=+60.19 wrist_roll.pos=-1.35 gripper.pos=+25.13
DEBUG 2026-08-19 04:34:19 [action #233] t=9.47s step=692 queue=19 dmax=1.247 | shoulder_pan.pos=-47.56 shoulder_lift.pos=+5.66 elbow_flex.pos=+15.01 wrist_flex.pos=+60.55 wrist_roll.pos=-1.04 gripper.pos=+25.27
DEBUG 2026-08-19 04:34:19 [action #234] t=9.50s step=693 queue=18 dmax=0.870 | shoulder_pan.pos=-47.05 shoulder_lift.pos=+6.53 elbow_flex.pos=+15.50 wrist_flex.pos=+60.42 wrist_roll.pos=-0.79 gripper.pos=+25.39
DEBUG 2026-08-19 04:34:19 [action #235] t=9.53s step=694 queue=17 dmax=1.235 | shoulder_pan.pos=-47.10 shoulder_lift.pos=+7.59 elbow_flex.pos=+14.26 wrist_flex.pos=+60.48 wrist_roll.pos=-0.68 gripper.pos=+25.65
DEBUG 2026-08-19 04:34:19 [action #236] t=9.57s step=695 queue=16 dmax=0.825 | shoulder_pan.pos=-47.19 shoulder_lift.pos=+8.41 elbow_flex.pos=+13.87 wrist_flex.pos=+60.54 wrist_roll.pos=-0.86 gripper.pos=+25.89
DEBUG 2026-08-19 04:34:19 [action #237] t=9.60s step=696 queue=15 dmax=1.413 | shoulder_pan.pos=-47.23 shoulder_lift.pos=+9.82 elbow_flex.pos=+13.77 wrist_flex.pos=+60.62 wrist_roll.pos=-0.78 gripper.pos=+26.10
DEBUG 2026-08-19 04:34:19 [action #238] t=9.63s step=697 queue=14 dmax=2.078 | shoulder_pan.pos=-47.09 shoulder_lift.pos=+10.70 elbow_flex.pos=+11.69 wrist_flex.pos=+61.22 wrist_roll.pos=-1.08 gripper.pos=+26.82
DEBUG 2026-08-19 04:34:19 [action #239] t=9.67s step=698 queue=13 dmax=0.519 | shoulder_pan.pos=-47.14 shoulder_lift.pos=+10.34 elbow_flex.pos=+11.37 wrist_flex.pos=+61.74 wrist_roll.pos=-1.06 gripper.pos=+27.09
DEBUG 2026-08-19 04:34:19 [action #240] t=9.70s step=699 queue=12 dmax=1.764 | shoulder_pan.pos=-47.07 shoulder_lift.pos=+12.11 elbow_flex.pos=+10.02 wrist_flex.pos=+63.05 wrist_roll.pos=-0.93 gripper.pos=+28.07
DEBUG 2026-08-19 04:34:19 [action #241] t=9.73s step=700 queue=11 dmax=1.811 | shoulder_pan.pos=-46.80 shoulder_lift.pos=+12.94 elbow_flex.pos=+8.20 wrist_flex.pos=+64.04 wrist_roll.pos=-0.88 gripper.pos=+28.19
DEBUG 2026-08-19 04:34:19 [action #242] t=9.77s step=701 queue=10 dmax=0.825 | shoulder_pan.pos=-46.88 shoulder_lift.pos=+13.77 elbow_flex.pos=+7.46 wrist_flex.pos=+64.70 wrist_roll.pos=-1.00 gripper.pos=+28.26
DEBUG 2026-08-19 04:34:20 [action #243] t=9.80s step=702 queue=9 dmax=1.595 | shoulder_pan.pos=-46.79 shoulder_lift.pos=+15.37 elbow_flex.pos=+5.89 wrist_flex.pos=+65.41 wrist_roll.pos=-0.90 gripper.pos=+28.01
DEBUG 2026-08-19 04:34:20 [action #244] t=9.83s step=703 queue=8 dmax=0.958 | shoulder_pan.pos=-46.99 shoulder_lift.pos=+16.32 elbow_flex.pos=+5.24 wrist_flex.pos=+66.10 wrist_roll.pos=-0.75 gripper.pos=+27.62
DEBUG 2026-08-19 04:34:20 [action #245] t=9.87s step=704 queue=7 dmax=1.887 | shoulder_pan.pos=-47.22 shoulder_lift.pos=+16.16 elbow_flex.pos=+3.35 wrist_flex.pos=+66.67 wrist_roll.pos=-0.75 gripper.pos=+27.55
DEBUG 2026-08-19 04:34:20 [action #246] t=9.90s step=705 queue=6 dmax=1.586 | shoulder_pan.pos=-47.10 shoulder_lift.pos=+17.75 elbow_flex.pos=+2.85 wrist_flex.pos=+67.03 wrist_roll.pos=-0.74 gripper.pos=+27.71
DEBUG 2026-08-19 04:34:20 [action #247] t=9.94s step=706 queue=5 dmax=1.127 | shoulder_pan.pos=-46.97 shoulder_lift.pos=+17.96 elbow_flex.pos=+1.72 wrist_flex.pos=+67.43 wrist_roll.pos=-0.78 gripper.pos=+27.80
DEBUG 2026-08-19 04:34:20 [chunk] received 50 actions, timesteps 683..732 | first: shoulder_pan.pos=-45.81 shoulder_lift.pos=+1.72 elbow_flex.pos=+9.50 wrist_flex.pos=+65.16 wrist_roll.pos=-1.95 gripper.pos=+18.32 | last: shoulder_pan.pos=-44.12 shoulder_lift.pos=+36.37 elbow_flex.pos=-14.44 wrist_flex.pos=+73.03 wrist_roll.pos=+0.82 gripper.pos=+29.80
DEBUG 2026-08-19 04:34:20 [action #248] t=9.97s step=707 queue=26 dmax=2.247 | shoulder_pan.pos=-45.94 shoulder_lift.pos=+18.65 elbow_flex.pos=+2.23 wrist_flex.pos=+69.67 wrist_roll.pos=-0.12 gripper.pos=+27.71
DEBUG 2026-08-19 04:34:20 [action #249] t=10.00s step=708 queue=25 dmax=1.857 | shoulder_pan.pos=-45.79 shoulder_lift.pos=+19.33 elbow_flex.pos=+0.37 wrist_flex.pos=+69.87 wrist_roll.pos=-0.08 gripper.pos=+27.93
DEBUG 2026-08-19 04:34:20 [action #250] t=10.04s step=709 queue=24 dmax=1.374 | shoulder_pan.pos=-45.79 shoulder_lift.pos=+20.70 elbow_flex.pos=+0.25 wrist_flex.pos=+70.06 wrist_roll.pos=+0.09 gripper.pos=+28.26
DEBUG 2026-08-19 04:34:20 [action #251] t=10.07s step=710 queue=23 dmax=1.184 | shoulder_pan.pos=-45.77 shoulder_lift.pos=+20.92 elbow_flex.pos=-0.93 wrist_flex.pos=+70.19 wrist_roll.pos=+0.29 gripper.pos=+28.29
DEBUG 2026-08-19 04:34:20 [action #252] t=10.10s step=711 queue=22 dmax=1.718 | shoulder_pan.pos=-44.92 shoulder_lift.pos=+22.64 elbow_flex.pos=-2.13 wrist_flex.pos=+70.65 wrist_roll.pos=+0.73 gripper.pos=+28.95
DEBUG 2026-08-19 04:34:20 [action #253] t=10.14s step=712 queue=21 dmax=0.820 | shoulder_pan.pos=-44.38 shoulder_lift.pos=+23.46 elbow_flex.pos=-2.55 wrist_flex.pos=+70.83 wrist_roll.pos=+0.83 gripper.pos=+29.10
DEBUG 2026-08-19 04:34:20 [action #254] t=10.17s step=713 queue=20 dmax=1.529 | shoulder_pan.pos=-44.33 shoulder_lift.pos=+24.81 elbow_flex.pos=-4.08 wrist_flex.pos=+70.89 wrist_roll.pos=+0.71 gripper.pos=+29.71
DEBUG 2026-08-19 04:34:20 [action #255] t=10.20s step=714 queue=19 dmax=1.653 | shoulder_pan.pos=-44.46 shoulder_lift.pos=+26.47 elbow_flex.pos=-3.79 wrist_flex.pos=+70.98 wrist_roll.pos=+0.77 gripper.pos=+29.76
DEBUG 2026-08-19 04:34:20 [action #256] t=10.24s step=715 queue=18 dmax=1.342 | shoulder_pan.pos=-44.46 shoulder_lift.pos=+27.34 elbow_flex.pos=-5.13 wrist_flex.pos=+71.01 wrist_roll.pos=+0.88 gripper.pos=+30.09
DEBUG 2026-08-19 04:34:20 [action #257] t=10.27s step=716 queue=17 dmax=0.376 | shoulder_pan.pos=-44.08 shoulder_lift.pos=+27.47 elbow_flex.pos=-5.44 wrist_flex.pos=+71.19 wrist_roll.pos=+1.00 gripper.pos=+30.37
DEBUG 2026-08-19 04:34:20 [action #258] t=10.30s step=717 queue=16 dmax=0.946 | shoulder_pan.pos=-44.03 shoulder_lift.pos=+28.41 elbow_flex.pos=-6.39 wrist_flex.pos=+71.12 wrist_roll.pos=+0.92 gripper.pos=+30.22
DEBUG 2026-08-19 04:34:20 [action #259] t=10.34s step=718 queue=15 dmax=1.176 | shoulder_pan.pos=-44.30 shoulder_lift.pos=+29.59 elbow_flex.pos=-6.76 wrist_flex.pos=+71.18 wrist_roll.pos=+1.06 gripper.pos=+30.03
DEBUG 2026-08-19 04:34:20 [action #260] t=10.37s step=719 queue=14 dmax=1.008 | shoulder_pan.pos=-44.41 shoulder_lift.pos=+30.09 elbow_flex.pos=-7.77 wrist_flex.pos=+71.28 wrist_roll.pos=+0.91 gripper.pos=+30.27
DEBUG 2026-08-19 04:34:20 [action #261] t=10.40s step=720 queue=13 dmax=0.968 | shoulder_pan.pos=-44.25 shoulder_lift.pos=+30.64 elbow_flex.pos=-8.74 wrist_flex.pos=+71.60 wrist_roll.pos=+0.87 gripper.pos=+30.12
DEBUG 2026-08-19 04:34:20 [action #262] t=10.44s step=721 queue=12 dmax=1.012 | shoulder_pan.pos=-44.07 shoulder_lift.pos=+31.65 elbow_flex.pos=-8.74 wrist_flex.pos=+71.37 wrist_roll.pos=+0.97 gripper.pos=+30.02
DEBUG 2026-08-19 04:34:20 [action #263] t=10.47s step=722 queue=11 dmax=0.975 | shoulder_pan.pos=-44.14 shoulder_lift.pos=+32.05 elbow_flex.pos=-9.72 wrist_flex.pos=+71.55 wrist_roll.pos=+0.80 gripper.pos=+29.85
DEBUG 2026-08-19 04:34:20 [action #264] t=10.50s step=723 queue=10 dmax=0.693 | shoulder_pan.pos=-44.31 shoulder_lift.pos=+32.53 elbow_flex.pos=-10.41 wrist_flex.pos=+71.74 wrist_roll.pos=+0.95 gripper.pos=+29.95
DEBUG 2026-08-19 04:34:20 [action #265] t=10.54s step=724 queue=9 dmax=1.555 | shoulder_pan.pos=-44.13 shoulder_lift.pos=+34.08 elbow_flex.pos=-10.78 wrist_flex.pos=+71.94 wrist_roll.pos=+0.89 gripper.pos=+29.81
DEBUG 2026-08-19 04:34:20 [action #266] t=10.57s step=725 queue=8 dmax=0.796 | shoulder_pan.pos=-44.16 shoulder_lift.pos=+33.29 elbow_flex.pos=-11.55 wrist_flex.pos=+72.51 wrist_roll.pos=+0.92 gripper.pos=+29.75
DEBUG 2026-08-19 04:34:20 [action #267] t=10.60s step=726 queue=7 dmax=1.356 | shoulder_pan.pos=-44.29 shoulder_lift.pos=+33.50 elbow_flex.pos=-12.90 wrist_flex.pos=+72.59 wrist_roll.pos=+0.68 gripper.pos=+30.10
DEBUG 2026-08-19 04:34:20 [action #268] t=10.64s step=727 queue=6 dmax=0.558 | shoulder_pan.pos=-44.19 shoulder_lift.pos=+33.89 elbow_flex.pos=-12.91 wrist_flex.pos=+73.14 wrist_roll.pos=+0.79 gripper.pos=+29.90
DEBUG 2026-08-19 04:34:20 [action #269] t=10.67s step=728 queue=5 dmax=1.337 | shoulder_pan.pos=-44.18 shoulder_lift.pos=+35.23 elbow_flex.pos=-13.05 wrist_flex.pos=+73.43 wrist_roll.pos=+0.88 gripper.pos=+29.91
DEBUG 2026-08-19 04:34:20 [action #270] t=10.70s step=729 queue=4 dmax=0.828 | shoulder_pan.pos=-44.22 shoulder_lift.pos=+35.38 elbow_flex.pos=-13.87 wrist_flex.pos=+73.22 wrist_roll.pos=+0.82 gripper.pos=+29.85
DEBUG 2026-08-19 04:34:20 [chunk] received 50 actions, timesteps 706..755 | first: shoulder_pan.pos=-48.06 shoulder_lift.pos=+17.05 elbow_flex.pos=+4.29 wrist_flex.pos=+65.22 wrist_roll.pos=-0.62 gripper.pos=+27.94 | last: shoulder_pan.pos=-48.11 shoulder_lift.pos=+26.15 elbow_flex.pos=-27.30 wrist_flex.pos=+84.24 wrist_roll.pos=-5.92 gripper.pos=+4.06
DEBUG 2026-08-19 04:34:20 [action #271] t=10.74s step=730 queue=26 dmax=14.729 | shoulder_pan.pos=-47.01 shoulder_lift.pos=+30.03 elbow_flex.pos=-8.48 wrist_flex.pos=+70.23 wrist_roll.pos=+0.14 gripper.pos=+15.12
DEBUG 2026-08-19 04:34:20 [action #272] t=10.77s step=731 queue=25 dmax=0.453 | shoulder_pan.pos=-47.09 shoulder_lift.pos=+30.47 elbow_flex.pos=-8.93 wrist_flex.pos=+70.30 wrist_roll.pos=+0.01 gripper.pos=+14.75
DEBUG 2026-08-19 04:34:21 [action #273] t=10.81s step=732 queue=24 dmax=0.264 | shoulder_pan.pos=-46.82 shoulder_lift.pos=+30.57 elbow_flex.pos=-8.87 wrist_flex.pos=+70.44 wrist_roll.pos=-0.09 gripper.pos=+14.74
DEBUG 2026-08-19 04:34:21 [action #274] t=10.84s step=733 queue=23 dmax=6.605 | shoulder_pan.pos=-47.71 shoulder_lift.pos=+27.58 elbow_flex.pos=-7.04 wrist_flex.pos=+69.64 wrist_roll.pos=-0.66 gripper.pos=+8.14
DEBUG 2026-08-19 04:34:21 [action #275] t=10.87s step=734 queue=22 dmax=0.534 | shoulder_pan.pos=-47.90 shoulder_lift.pos=+27.68 elbow_flex.pos=-7.25 wrist_flex.pos=+70.17 wrist_roll.pos=-0.67 gripper.pos=+7.76
DEBUG 2026-08-19 04:34:21 [action #276] t=10.91s step=735 queue=21 dmax=0.630 | shoulder_pan.pos=-47.71 shoulder_lift.pos=+27.47 elbow_flex.pos=-7.80 wrist_flex.pos=+70.61 wrist_roll.pos=-0.79 gripper.pos=+7.13
DEBUG 2026-08-19 04:34:21 [action #277] t=10.94s step=736 queue=20 dmax=1.077 | shoulder_pan.pos=-47.72 shoulder_lift.pos=+28.19 elbow_flex.pos=-8.88 wrist_flex.pos=+71.26 wrist_roll.pos=-1.08 gripper.pos=+6.63
DEBUG 2026-08-19 04:34:21 [action #278] t=10.97s step=737 queue=19 dmax=0.778 | shoulder_pan.pos=-47.89 shoulder_lift.pos=+28.13 elbow_flex.pos=-9.65 wrist_flex.pos=+71.66 wrist_roll.pos=-1.35 gripper.pos=+6.08
DEBUG 2026-08-19 04:34:21 [action #279] t=11.01s step=738 queue=18 dmax=0.566 | shoulder_pan.pos=-48.08 shoulder_lift.pos=+28.07 elbow_flex.pos=-9.52 wrist_flex.pos=+72.22 wrist_roll.pos=-1.66 gripper.pos=+5.51
DEBUG 2026-08-19 04:34:21 [action #280] t=11.04s step=739 queue=17 dmax=0.733 | shoulder_pan.pos=-48.12 shoulder_lift.pos=+28.05 elbow_flex.pos=-10.25 wrist_flex.pos=+72.59 wrist_roll.pos=-2.06 gripper.pos=+5.17
DEBUG 2026-08-19 04:34:21 [action #281] t=11.07s step=740 queue=16 dmax=0.872 | shoulder_pan.pos=-48.28 shoulder_lift.pos=+28.35 elbow_flex.pos=-11.12 wrist_flex.pos=+73.23 wrist_roll.pos=-2.40 gripper.pos=+4.79
DEBUG 2026-08-19 04:34:21 [action #282] t=11.11s step=741 queue=15 dmax=1.502 | shoulder_pan.pos=-48.19 shoulder_lift.pos=+27.99 elbow_flex.pos=-12.62 wrist_flex.pos=+73.76 wrist_roll.pos=-2.86 gripper.pos=+4.61
DEBUG 2026-08-19 04:34:21 [action #283] t=11.14s step=742 queue=14 dmax=0.601 | shoulder_pan.pos=-48.00 shoulder_lift.pos=+27.91 elbow_flex.pos=-13.16 wrist_flex.pos=+74.36 wrist_roll.pos=-3.42 gripper.pos=+4.57
DEBUG 2026-08-19 04:34:21 [action #284] t=11.17s step=743 queue=13 dmax=1.019 | shoulder_pan.pos=-48.19 shoulder_lift.pos=+27.65 elbow_flex.pos=-14.17 wrist_flex.pos=+75.09 wrist_roll.pos=-4.02 gripper.pos=+4.65
DEBUG 2026-08-19 04:34:21 [action #285] t=11.21s step=744 queue=12 dmax=0.887 | shoulder_pan.pos=-48.29 shoulder_lift.pos=+27.89 elbow_flex.pos=-15.06 wrist_flex.pos=+75.66 wrist_roll.pos=-4.35 gripper.pos=+4.63
DEBUG 2026-08-19 04:34:21 [action #286] t=11.24s step=745 queue=11 dmax=0.974 | shoulder_pan.pos=-48.18 shoulder_lift.pos=+27.39 elbow_flex.pos=-16.04 wrist_flex.pos=+76.21 wrist_roll.pos=-4.57 gripper.pos=+4.38
DEBUG 2026-08-19 04:34:21 [action #287] t=11.27s step=746 queue=10 dmax=0.823 | shoulder_pan.pos=-48.43 shoulder_lift.pos=+27.98 elbow_flex.pos=-16.86 wrist_flex.pos=+76.75 wrist_roll.pos=-4.69 gripper.pos=+4.34
DEBUG 2026-08-19 04:34:21 [action #288] t=11.31s step=747 queue=9 dmax=1.405 | shoulder_pan.pos=-48.40 shoulder_lift.pos=+26.66 elbow_flex.pos=-18.26 wrist_flex.pos=+77.61 wrist_roll.pos=-4.51 gripper.pos=+4.26
DEBUG 2026-08-19 04:34:21 [action #289] t=11.34s step=748 queue=8 dmax=1.520 | shoulder_pan.pos=-48.26 shoulder_lift.pos=+28.18 elbow_flex.pos=-18.58 wrist_flex.pos=+78.06 wrist_roll.pos=-4.73 gripper.pos=+3.99
DEBUG 2026-08-19 04:34:21 [action #290] t=11.37s step=749 queue=7 dmax=1.126 | shoulder_pan.pos=-48.42 shoulder_lift.pos=+27.05 elbow_flex.pos=-19.27 wrist_flex.pos=+78.78 wrist_roll.pos=-4.89 gripper.pos=+4.16
DEBUG 2026-08-19 04:34:21 [action #291] t=11.41s step=750 queue=6 dmax=1.676 | shoulder_pan.pos=-48.44 shoulder_lift.pos=+27.31 elbow_flex.pos=-20.95 wrist_flex.pos=+79.52 wrist_roll.pos=-5.04 gripper.pos=+4.08
DEBUG 2026-08-19 04:34:21 [action #292] t=11.44s step=751 queue=5 dmax=1.190 | shoulder_pan.pos=-48.62 shoulder_lift.pos=+27.65 elbow_flex.pos=-22.14 wrist_flex.pos=+80.36 wrist_roll.pos=-5.28 gripper.pos=+4.09
DEBUG 2026-08-19 04:34:21 [action #293] t=11.47s step=752 queue=4 dmax=1.067 | shoulder_pan.pos=-48.43 shoulder_lift.pos=+26.66 elbow_flex.pos=-23.21 wrist_flex.pos=+81.40 wrist_roll.pos=-5.38 gripper.pos=+4.16
DEBUG 2026-08-19 04:34:21 [action #294] t=11.51s step=753 queue=3 dmax=2.230 | shoulder_pan.pos=-48.24 shoulder_lift.pos=+27.41 elbow_flex.pos=-25.44 wrist_flex.pos=+82.24 wrist_roll.pos=-5.56 gripper.pos=+4.20
DEBUG 2026-08-19 04:34:21 [action #295] t=11.54s step=754 queue=2 dmax=1.118 | shoulder_pan.pos=-48.41 shoulder_lift.pos=+26.73 elbow_flex.pos=-26.02 wrist_flex.pos=+83.36 wrist_roll.pos=-5.69 gripper.pos=+4.11
DEBUG 2026-08-19 04:34:21 [action #296] t=11.57s step=755 queue=1 dmax=1.285 | shoulder_pan.pos=-48.11 shoulder_lift.pos=+26.15 elbow_flex.pos=-27.30 wrist_flex.pos=+84.24 wrist_roll.pos=-5.92 gripper.pos=+4.06
DEBUG 2026-08-19 04:34:21 [chunk] received 50 actions, timesteps 729..778 | first: shoulder_pan.pos=-46.63 shoulder_lift.pos=+34.14 elbow_flex.pos=-12.05 wrist_flex.pos=+74.79 wrist_roll.pos=+0.86 gripper.pos=+27.67 | last: shoulder_pan.pos=-45.49 shoulder_lift.pos=+23.86 elbow_flex.pos=-52.33 wrist_flex.pos=+100.17 wrist_roll.pos=-7.40 gripper.pos=+4.04
DEBUG 2026-08-19 04:34:21 [action #297] t=11.61s step=756 queue=23 dmax=8.438 | shoulder_pan.pos=-48.82 shoulder_lift.pos=+34.59 elbow_flex.pos=-28.69 wrist_flex.pos=+86.43 wrist_roll.pos=-4.59 gripper.pos=+4.79
DEBUG 2026-08-19 04:34:21 [action #298] t=11.64s step=757 queue=22 dmax=2.049 | shoulder_pan.pos=-49.29 shoulder_lift.pos=+35.51 elbow_flex.pos=-30.74 wrist_flex.pos=+87.72 wrist_roll.pos=-5.03 gripper.pos=+4.55
DEBUG 2026-08-19 04:34:21 [action #299] t=11.67s step=758 queue=21 dmax=0.896 | shoulder_pan.pos=-48.95 shoulder_lift.pos=+34.91 elbow_flex.pos=-31.62 wrist_flex.pos=+88.62 wrist_roll.pos=-5.16 gripper.pos=+4.73
DEBUG 2026-08-19 04:34:21 [action #300] t=11.71s step=759 queue=20 dmax=2.225 | shoulder_pan.pos=-48.82 shoulder_lift.pos=+35.01 elbow_flex.pos=-33.85 wrist_flex.pos=+89.87 wrist_roll.pos=-5.15 gripper.pos=+4.53
DEBUG 2026-08-19 04:34:21 [action #301] t=11.74s step=760 queue=19 dmax=1.344 | shoulder_pan.pos=-49.23 shoulder_lift.pos=+34.43 elbow_flex.pos=-35.19 wrist_flex.pos=+90.83 wrist_roll.pos=-5.33 gripper.pos=+4.44
DEBUG 2026-08-19 04:34:21 [action #302] t=11.77s step=761 queue=18 dmax=1.032 | shoulder_pan.pos=-49.36 shoulder_lift.pos=+34.46 elbow_flex.pos=-36.10 wrist_flex.pos=+91.86 wrist_roll.pos=-5.23 gripper.pos=+4.49
DEBUG 2026-08-19 04:34:22 [action #303] t=11.81s step=762 queue=17 dmax=0.984 | shoulder_pan.pos=-49.26 shoulder_lift.pos=+34.57 elbow_flex.pos=-37.09 wrist_flex.pos=+92.66 wrist_roll.pos=-5.42 gripper.pos=+4.18
DEBUG 2026-08-19 04:34:22 [action #304] t=11.84s step=763 queue=16 dmax=2.243 | shoulder_pan.pos=-49.27 shoulder_lift.pos=+34.37 elbow_flex.pos=-39.33 wrist_flex.pos=+93.38 wrist_roll.pos=-5.49 gripper.pos=+4.35
DEBUG 2026-08-19 04:34:22 [action #305] t=11.88s step=764 queue=15 dmax=1.280 | shoulder_pan.pos=-49.25 shoulder_lift.pos=+33.45 elbow_flex.pos=-40.61 wrist_flex.pos=+94.16 wrist_roll.pos=-5.58 gripper.pos=+4.43
DEBUG 2026-08-19 04:34:22 [action #306] t=11.91s step=765 queue=14 dmax=0.825 | shoulder_pan.pos=-49.21 shoulder_lift.pos=+32.67 elbow_flex.pos=-41.43 wrist_flex.pos=+94.77 wrist_roll.pos=-5.77 gripper.pos=+4.17
DEBUG 2026-08-19 04:34:22 [action #307] t=11.94s step=766 queue=13 dmax=0.651 | shoulder_pan.pos=-49.12 shoulder_lift.pos=+33.14 elbow_flex.pos=-42.08 wrist_flex.pos=+95.42 wrist_roll.pos=-5.68 gripper.pos=+4.33
DEBUG 2026-08-19 04:34:22 [action #308] t=11.98s step=767 queue=12 dmax=1.141 | shoulder_pan.pos=-49.55 shoulder_lift.pos=+32.97 elbow_flex.pos=-43.22 wrist_flex.pos=+95.85 wrist_roll.pos=-5.99 gripper.pos=+4.25
DEBUG 2026-08-19 04:34:22 [action #309] t=12.01s step=768 queue=11 dmax=1.505 | shoulder_pan.pos=-49.29 shoulder_lift.pos=+32.35 elbow_flex.pos=-44.73 wrist_flex.pos=+96.20 wrist_roll.pos=-5.85 gripper.pos=+4.37
DEBUG 2026-08-19 04:34:22 [action #310] t=12.04s step=769 queue=10 dmax=1.424 | shoulder_pan.pos=-49.16 shoulder_lift.pos=+30.92 elbow_flex.pos=-44.57 wrist_flex.pos=+96.90 wrist_roll.pos=-6.06 gripper.pos=+4.01
DEBUG 2026-08-19 04:34:22 [action #311] t=12.08s step=770 queue=9 dmax=0.684 | shoulder_pan.pos=-49.17 shoulder_lift.pos=+31.26 elbow_flex.pos=-45.26 wrist_flex.pos=+97.28 wrist_roll.pos=-6.24 gripper.pos=+4.31
DEBUG 2026-08-19 04:34:22 [action #312] t=12.11s step=771 queue=8 dmax=2.002 | shoulder_pan.pos=-48.89 shoulder_lift.pos=+30.45 elbow_flex.pos=-47.26 wrist_flex.pos=+98.01 wrist_roll.pos=-6.17 gripper.pos=+4.13
DEBUG 2026-08-19 04:34:22 [action #313] t=12.14s step=772 queue=7 dmax=2.163 | shoulder_pan.pos=-48.32 shoulder_lift.pos=+28.29 elbow_flex.pos=-48.09 wrist_flex.pos=+98.20 wrist_roll.pos=-6.34 gripper.pos=+4.39
DEBUG 2026-08-19 04:34:22 [action #314] t=12.18s step=773 queue=6 dmax=0.773 | shoulder_pan.pos=-48.38 shoulder_lift.pos=+28.36 elbow_flex.pos=-48.55 wrist_flex.pos=+98.97 wrist_roll.pos=-6.37 gripper.pos=+4.11
DEBUG 2026-08-19 04:34:22 [action #315] t=12.21s step=774 queue=5 dmax=1.604 | shoulder_pan.pos=-47.88 shoulder_lift.pos=+26.76 elbow_flex.pos=-50.01 wrist_flex.pos=+99.45 wrist_roll.pos=-6.53 gripper.pos=+4.36
DEBUG 2026-08-19 04:34:22 [action #316] t=12.24s step=775 queue=4 dmax=0.774 | shoulder_pan.pos=-47.82 shoulder_lift.pos=+27.13 elbow_flex.pos=-50.78 wrist_flex.pos=+99.64 wrist_roll.pos=-6.64 gripper.pos=+4.04
DEBUG 2026-08-19 04:34:22 [action #317] t=12.28s step=776 queue=3 dmax=1.326 | shoulder_pan.pos=-47.04 shoulder_lift.pos=+25.80 elbow_flex.pos=-51.07 wrist_flex.pos=+99.90 wrist_roll.pos=-6.91 gripper.pos=+4.03
DEBUG 2026-08-19 04:34:22 [action #318] t=12.31s step=777 queue=2 dmax=1.218 | shoulder_pan.pos=-46.21 shoulder_lift.pos=+24.59 elbow_flex.pos=-51.33 wrist_flex.pos=+100.01 wrist_roll.pos=-7.20 gripper.pos=+4.11
DEBUG 2026-08-19 04:34:22 [action #319] t=12.34s step=778 queue=1 dmax=1.003 | shoulder_pan.pos=-45.49 shoulder_lift.pos=+23.86 elbow_flex.pos=-52.33 wrist_flex.pos=+100.17 wrist_roll.pos=-7.40 gripper.pos=+4.04
DEBUG 2026-08-19 04:34:22 [chunk] received 50 actions, timesteps 755..804 | first: shoulder_pan.pos=-46.09 shoulder_lift.pos=+29.15 elbow_flex.pos=-28.96 wrist_flex.pos=+85.78 wrist_roll.pos=-6.42 gripper.pos=+6.27 | last: shoulder_pan.pos=+4.61 shoulder_lift.pos=+17.71 elbow_flex.pos=-50.13 wrist_flex.pos=+98.41 wrist_roll.pos=-9.32 gripper.pos=+5.11
DEBUG 2026-08-19 04:34:22 [action #320] t=12.48s step=779 queue=26 dmax=11.844 | shoulder_pan.pos=-33.65 shoulder_lift.pos=+25.21 elbow_flex.pos=-48.29 wrist_flex.pos=+99.83 wrist_roll.pos=-9.06 gripper.pos=+5.30
DEBUG 2026-08-19 04:34:22 [action #321] t=12.51s step=780 queue=25 dmax=2.047 | shoulder_pan.pos=-31.60 shoulder_lift.pos=+24.36 elbow_flex.pos=-48.42 wrist_flex.pos=+99.77 wrist_roll.pos=-9.07 gripper.pos=+5.12
DEBUG 2026-08-19 04:34:22 [action #322] t=12.54s step=781 queue=24 dmax=1.171 | shoulder_pan.pos=-30.43 shoulder_lift.pos=+24.41 elbow_flex.pos=-49.18 wrist_flex.pos=+100.02 wrist_roll.pos=-9.28 gripper.pos=+5.19
DEBUG 2026-08-19 04:34:22 [action #323] t=12.58s step=782 queue=23 dmax=2.069 | shoulder_pan.pos=-28.36 shoulder_lift.pos=+23.93 elbow_flex.pos=-49.68 wrist_flex.pos=+100.02 wrist_roll.pos=-9.20 gripper.pos=+5.10
DEBUG 2026-08-19 04:34:22 [action #324] t=12.61s step=783 queue=22 dmax=1.653 | shoulder_pan.pos=-26.71 shoulder_lift.pos=+23.65 elbow_flex.pos=-49.73 wrist_flex.pos=+100.00 wrist_roll.pos=-9.14 gripper.pos=+5.28
DEBUG 2026-08-19 04:34:22 [action #325] t=12.64s step=784 queue=21 dmax=1.763 | shoulder_pan.pos=-24.94 shoulder_lift.pos=+23.08 elbow_flex.pos=-49.10 wrist_flex.pos=+99.78 wrist_roll.pos=-9.05 gripper.pos=+5.16
DEBUG 2026-08-19 04:34:22 [action #326] t=12.68s step=785 queue=20 dmax=1.531 | shoulder_pan.pos=-23.41 shoulder_lift.pos=+22.94 elbow_flex.pos=-49.87 wrist_flex.pos=+99.76 wrist_roll.pos=-8.98 gripper.pos=+5.19
DEBUG 2026-08-19 04:34:22 [action #327] t=12.71s step=786 queue=19 dmax=2.013 | shoulder_pan.pos=-21.40 shoulder_lift.pos=+22.46 elbow_flex.pos=-49.82 wrist_flex.pos=+99.72 wrist_roll.pos=-9.10 gripper.pos=+5.11
DEBUG 2026-08-19 04:34:22 [action #328] t=12.74s step=787 queue=18 dmax=2.113 | shoulder_pan.pos=-19.29 shoulder_lift.pos=+22.39 elbow_flex.pos=-50.80 wrist_flex.pos=+99.64 wrist_roll.pos=-9.06 gripper.pos=+5.04
DEBUG 2026-08-19 04:34:23 [action #329] t=12.78s step=788 queue=17 dmax=1.723 | shoulder_pan.pos=-17.56 shoulder_lift.pos=+21.07 elbow_flex.pos=-50.52 wrist_flex.pos=+99.52 wrist_roll.pos=-9.04 gripper.pos=+5.23
DEBUG 2026-08-19 04:34:23 [action #330] t=12.81s step=789 queue=16 dmax=1.912 | shoulder_pan.pos=-15.65 shoulder_lift.pos=+20.69 elbow_flex.pos=-49.56 wrist_flex.pos=+99.51 wrist_roll.pos=-9.05 gripper.pos=+5.16
DEBUG 2026-08-19 04:34:23 [action #331] t=12.84s step=790 queue=15 dmax=1.886 | shoulder_pan.pos=-13.77 shoulder_lift.pos=+20.85 elbow_flex.pos=-50.84 wrist_flex.pos=+99.23 wrist_roll.pos=-9.06 gripper.pos=+5.23
DEBUG 2026-08-19 04:34:23 [action #332] t=12.88s step=791 queue=14 dmax=1.821 | shoulder_pan.pos=-11.95 shoulder_lift.pos=+20.80 elbow_flex.pos=-50.17 wrist_flex.pos=+99.08 wrist_roll.pos=-8.88 gripper.pos=+5.06
DEBUG 2026-08-19 04:34:23 [action #333] t=12.91s step=792 queue=13 dmax=1.829 | shoulder_pan.pos=-10.12 shoulder_lift.pos=+20.39 elbow_flex.pos=-50.33 wrist_flex.pos=+99.14 wrist_roll.pos=-8.83 gripper.pos=+5.15
DEBUG 2026-08-19 04:34:23 [action #334] t=12.95s step=793 queue=12 dmax=1.803 | shoulder_pan.pos=-8.31 shoulder_lift.pos=+19.80 elbow_flex.pos=-51.17 wrist_flex.pos=+99.05 wrist_roll.pos=-8.99 gripper.pos=+5.28
DEBUG 2026-08-19 04:34:23 [action #335] t=12.98s step=794 queue=11 dmax=1.606 | shoulder_pan.pos=-6.71 shoulder_lift.pos=+19.66 elbow_flex.pos=-50.72 wrist_flex.pos=+98.96 wrist_roll.pos=-8.91 gripper.pos=+5.13
DEBUG 2026-08-19 04:34:23 [action #336] t=13.01s step=795 queue=10 dmax=1.477 | shoulder_pan.pos=-5.23 shoulder_lift.pos=+19.98 elbow_flex.pos=-50.92 wrist_flex.pos=+98.78 wrist_roll.pos=-8.84 gripper.pos=+5.04
DEBUG 2026-08-19 04:34:23 [action #337] t=13.05s step=796 queue=9 dmax=1.495 | shoulder_pan.pos=-3.73 shoulder_lift.pos=+19.69 elbow_flex.pos=-50.79 wrist_flex.pos=+98.79 wrist_roll.pos=-8.91 gripper.pos=+5.18
DEBUG 2026-08-19 04:34:23 [action #338] t=13.08s step=797 queue=8 dmax=1.353 | shoulder_pan.pos=-2.38 shoulder_lift.pos=+19.13 elbow_flex.pos=-51.08 wrist_flex.pos=+98.73 wrist_roll.pos=-8.73 gripper.pos=+5.10
DEBUG 2026-08-19 04:34:23 [action #339] t=13.11s step=798 queue=7 dmax=0.982 | shoulder_pan.pos=-1.40 shoulder_lift.pos=+18.97 elbow_flex.pos=-50.94 wrist_flex.pos=+98.76 wrist_roll.pos=-8.82 gripper.pos=+5.27
DEBUG 2026-08-19 04:34:23 [action #340] t=13.15s step=799 queue=6 dmax=1.114 | shoulder_pan.pos=-0.29 shoulder_lift.pos=+19.65 elbow_flex.pos=-50.25 wrist_flex.pos=+98.75 wrist_roll.pos=-8.93 gripper.pos=+4.93
DEBUG 2026-08-19 04:34:23 [action #341] t=13.18s step=800 queue=5 dmax=0.996 | shoulder_pan.pos=+0.71 shoulder_lift.pos=+18.85 elbow_flex.pos=-50.76 wrist_flex.pos=+98.81 wrist_roll.pos=-8.95 gripper.pos=+5.09
DEBUG 2026-08-19 04:34:23 [action #342] t=13.21s step=801 queue=4 dmax=1.103 | shoulder_pan.pos=+1.81 shoulder_lift.pos=+18.55 elbow_flex.pos=-51.12 wrist_flex.pos=+98.58 wrist_roll.pos=-8.93 gripper.pos=+4.99
DEBUG 2026-08-19 04:34:23 [action #343] t=13.25s step=802 queue=3 dmax=1.190 | shoulder_pan.pos=+3.00 shoulder_lift.pos=+18.07 elbow_flex.pos=-50.64 wrist_flex.pos=+98.62 wrist_roll.pos=-9.15 gripper.pos=+5.02
DEBUG 2026-08-19 04:34:23 [action #344] t=13.28s step=803 queue=2 dmax=0.806 | shoulder_pan.pos=+3.81 shoulder_lift.pos=+18.30 elbow_flex.pos=-50.67 wrist_flex.pos=+98.50 wrist_roll.pos=-9.31 gripper.pos=+5.09
DEBUG 2026-08-19 04:34:23 [action #345] t=13.31s step=804 queue=1 dmax=0.804 | shoulder_pan.pos=+4.61 shoulder_lift.pos=+17.71 elbow_flex.pos=-50.13 wrist_flex.pos=+98.41 wrist_roll.pos=-9.32 gripper.pos=+5.11
DEBUG 2026-08-19 04:34:23 [chunk] received 50 actions, timesteps 778..827 | first: shoulder_pan.pos=-43.99 shoulder_lift.pos=+21.14 elbow_flex.pos=-49.19 wrist_flex.pos=+102.33 wrist_roll.pos=-9.04 gripper.pos=+6.50 | last: shoulder_pan.pos=+24.04 shoulder_lift.pos=+9.52 elbow_flex.pos=-41.34 wrist_flex.pos=+94.44 wrist_roll.pos=-10.74 gripper.pos=+5.70
DEBUG 2026-08-19 04:34:23 [action #346] t=13.35s step=805 queue=23 dmax=8.422 | shoulder_pan.pos=-0.21 shoulder_lift.pos=+9.28 elbow_flex.pos=-51.66 wrist_flex.pos=+101.84 wrist_roll.pos=-9.19 gripper.pos=+6.34
DEBUG 2026-08-19 04:34:23 [action #347] t=13.38s step=806 queue=22 dmax=0.987 | shoulder_pan.pos=+0.78 shoulder_lift.pos=+9.02 elbow_flex.pos=-51.23 wrist_flex.pos=+101.53 wrist_roll.pos=-9.34 gripper.pos=+6.51
DEBUG 2026-08-19 04:34:23 [action #348] t=13.41s step=807 queue=21 dmax=1.330 | shoulder_pan.pos=+1.87 shoulder_lift.pos=+8.80 elbow_flex.pos=-49.90 wrist_flex.pos=+101.88 wrist_roll.pos=-9.52 gripper.pos=+6.37
DEBUG 2026-08-19 04:34:23 [action #349] t=13.45s step=808 queue=20 dmax=0.677 | shoulder_pan.pos=+2.54 shoulder_lift.pos=+8.33 elbow_flex.pos=-49.76 wrist_flex.pos=+102.11 wrist_roll.pos=-9.46 gripper.pos=+6.50
DEBUG 2026-08-19 04:34:23 [action #350] t=13.48s step=809 queue=19 dmax=1.388 | shoulder_pan.pos=+3.93 shoulder_lift.pos=+8.58 elbow_flex.pos=-49.48 wrist_flex.pos=+102.09 wrist_roll.pos=-9.39 gripper.pos=+6.62
DEBUG 2026-08-19 04:34:23 [action #351] t=13.51s step=810 queue=18 dmax=1.048 | shoulder_pan.pos=+4.98 shoulder_lift.pos=+9.18 elbow_flex.pos=-49.66 wrist_flex.pos=+101.84 wrist_roll.pos=-9.60 gripper.pos=+6.14
DEBUG 2026-08-19 04:34:23 [action #352] t=13.55s step=811 queue=17 dmax=0.964 | shoulder_pan.pos=+5.92 shoulder_lift.pos=+10.07 elbow_flex.pos=-48.69 wrist_flex.pos=+102.19 wrist_roll.pos=-9.71 gripper.pos=+6.39
DEBUG 2026-08-19 04:34:23 [action #353] t=13.58s step=812 queue=16 dmax=0.822 | shoulder_pan.pos=+6.64 shoulder_lift.pos=+9.50 elbow_flex.pos=-49.52 wrist_flex.pos=+101.86 wrist_roll.pos=-9.92 gripper.pos=+6.01
DEBUG 2026-08-19 04:34:23 [action #354] t=13.61s step=813 queue=15 dmax=0.993 | shoulder_pan.pos=+7.64 shoulder_lift.pos=+9.36 elbow_flex.pos=-48.92 wrist_flex.pos=+101.83 wrist_roll.pos=-9.74 gripper.pos=+6.48
DEBUG 2026-08-19 04:34:23 [action #355] t=13.65s step=814 queue=14 dmax=0.959 | shoulder_pan.pos=+8.60 shoulder_lift.pos=+9.60 elbow_flex.pos=-48.59 wrist_flex.pos=+101.68 wrist_roll.pos=-9.89 gripper.pos=+6.04
DEBUG 2026-08-19 04:34:23 [action #356] t=13.68s step=815 queue=13 dmax=1.031 | shoulder_pan.pos=+9.21 shoulder_lift.pos=+10.63 elbow_flex.pos=-48.51 wrist_flex.pos=+101.95 wrist_roll.pos=-10.10 gripper.pos=+6.19
DEBUG 2026-08-19 04:34:23 [action #357] t=13.71s step=816 queue=12 dmax=1.239 | shoulder_pan.pos=+10.45 shoulder_lift.pos=+10.21 elbow_flex.pos=-47.50 wrist_flex.pos=+101.70 wrist_roll.pos=-9.99 gripper.pos=+6.07
DEBUG 2026-08-19 04:34:23 [action #358] t=13.75s step=817 queue=11 dmax=1.334 | shoulder_pan.pos=+11.79 shoulder_lift.pos=+9.40 elbow_flex.pos=-47.89 wrist_flex.pos=+101.33 wrist_roll.pos=-10.32 gripper.pos=+6.08
DEBUG 2026-08-19 04:34:24 [action #359] t=13.78s step=818 queue=10 dmax=1.196 | shoulder_pan.pos=+12.98 shoulder_lift.pos=+10.55 elbow_flex.pos=-47.60 wrist_flex.pos=+101.13 wrist_roll.pos=-10.24 gripper.pos=+6.21
DEBUG 2026-08-19 04:34:24 [action #360] t=13.81s step=819 queue=9 dmax=0.957 | shoulder_pan.pos=+13.92 shoulder_lift.pos=+9.59 elbow_flex.pos=-47.48 wrist_flex.pos=+100.55 wrist_roll.pos=-10.26 gripper.pos=+6.07
DEBUG 2026-08-19 04:34:24 [action #361] t=13.85s step=820 queue=8 dmax=1.954 | shoulder_pan.pos=+15.87 shoulder_lift.pos=+9.53 elbow_flex.pos=-47.15 wrist_flex.pos=+99.86 wrist_roll.pos=-10.32 gripper.pos=+6.01
DEBUG 2026-08-19 04:34:24 [action #362] t=13.88s step=821 queue=7 dmax=2.207 | shoulder_pan.pos=+16.81 shoulder_lift.pos=+9.87 elbow_flex.pos=-44.95 wrist_flex.pos=+98.93 wrist_roll.pos=-10.33 gripper.pos=+5.75
DEBUG 2026-08-19 04:34:24 [action #363] t=13.92s step=822 queue=6 dmax=1.420 | shoulder_pan.pos=+18.23 shoulder_lift.pos=+9.90 elbow_flex.pos=-44.79 wrist_flex.pos=+98.08 wrist_roll.pos=-10.27 gripper.pos=+5.91
DEBUG 2026-08-19 04:34:24 [action #364] t=13.95s step=823 queue=5 dmax=1.096 | shoulder_pan.pos=+19.32 shoulder_lift.pos=+9.45 elbow_flex.pos=-43.82 wrist_flex.pos=+97.51 wrist_roll.pos=-10.52 gripper.pos=+5.82
DEBUG 2026-08-19 04:34:24 [action #365] t=13.98s step=824 queue=4 dmax=1.439 | shoulder_pan.pos=+20.21 shoulder_lift.pos=+8.50 elbow_flex.pos=-42.38 wrist_flex.pos=+96.80 wrist_roll.pos=-10.54 gripper.pos=+5.55
DEBUG 2026-08-19 04:34:24 [action #366] t=14.02s step=825 queue=3 dmax=1.627 | shoulder_pan.pos=+21.09 shoulder_lift.pos=+10.12 elbow_flex.pos=-42.52 wrist_flex.pos=+96.01 wrist_roll.pos=-10.57 gripper.pos=+5.61
DEBUG 2026-08-19 04:34:24 [action #367] t=14.05s step=826 queue=2 dmax=1.407 | shoulder_pan.pos=+22.50 shoulder_lift.pos=+9.30 elbow_flex.pos=-41.99 wrist_flex.pos=+95.05 wrist_roll.pos=-10.61 gripper.pos=+5.74
DEBUG 2026-08-19 04:34:24 [action #368] t=14.08s step=827 queue=1 dmax=1.536 | shoulder_pan.pos=+24.04 shoulder_lift.pos=+9.52 elbow_flex.pos=-41.34 wrist_flex.pos=+94.44 wrist_roll.pos=-10.74 gripper.pos=+5.70
DEBUG 2026-08-19 04:34:24 [chunk] received 50 actions, timesteps 804..853 | first: shoulder_pan.pos=+5.65 shoulder_lift.pos=+21.35 elbow_flex.pos=-54.21 wrist_flex.pos=+101.90 wrist_roll.pos=-10.17 gripper.pos=+7.65 | last: shoulder_pan.pos=+35.23 shoulder_lift.pos=+36.75 elbow_flex.pos=-50.75 wrist_flex.pos=+88.26 wrist_roll.pos=-8.92 gripper.pos=+7.50
DEBUG 2026-08-19 04:34:24 [action #369] t=14.12s step=828 queue=26 dmax=19.085 | shoulder_pan.pos=+27.52 shoulder_lift.pos=+28.61 elbow_flex.pos=-57.60 wrist_flex.pos=+99.90 wrist_roll.pos=-8.83 gripper.pos=+7.75
DEBUG 2026-08-19 04:34:24 [action #370] t=14.15s step=829 queue=25 dmax=0.499 | shoulder_pan.pos=+27.88 shoulder_lift.pos=+28.65 elbow_flex.pos=-57.35 wrist_flex.pos=+99.40 wrist_roll.pos=-8.79 gripper.pos=+7.66
DEBUG 2026-08-19 04:34:24 [action #371] t=14.18s step=830 queue=24 dmax=0.375 | shoulder_pan.pos=+28.25 shoulder_lift.pos=+29.02 elbow_flex.pos=-57.56 wrist_flex.pos=+99.07 wrist_roll.pos=-8.79 gripper.pos=+7.54
DEBUG 2026-08-19 04:34:24 [action #372] t=14.22s step=831 queue=23 dmax=0.876 | shoulder_pan.pos=+28.76 shoulder_lift.pos=+29.90 elbow_flex.pos=-57.34 wrist_flex.pos=+98.59 wrist_roll.pos=-8.79 gripper.pos=+7.61
DEBUG 2026-08-19 04:34:24 [action #373] t=14.25s step=832 queue=22 dmax=0.724 | shoulder_pan.pos=+28.91 shoulder_lift.pos=+29.85 elbow_flex.pos=-56.62 wrist_flex.pos=+98.28 wrist_roll.pos=-8.73 gripper.pos=+7.69
DEBUG 2026-08-19 04:34:24 [action #374] t=14.28s step=833 queue=21 dmax=0.705 | shoulder_pan.pos=+29.60 shoulder_lift.pos=+29.71 elbow_flex.pos=-57.09 wrist_flex.pos=+97.58 wrist_roll.pos=-8.76 gripper.pos=+7.81
DEBUG 2026-08-19 04:34:24 [action #375] t=14.32s step=834 queue=20 dmax=0.359 | shoulder_pan.pos=+29.85 shoulder_lift.pos=+30.07 elbow_flex.pos=-56.82 wrist_flex.pos=+97.44 wrist_roll.pos=-8.85 gripper.pos=+7.54
DEBUG 2026-08-19 04:34:24 [action #376] t=14.35s step=835 queue=19 dmax=0.765 | shoulder_pan.pos=+29.98 shoulder_lift.pos=+30.67 elbow_flex.pos=-56.05 wrist_flex.pos=+96.93 wrist_roll.pos=-8.64 gripper.pos=+7.54
DEBUG 2026-08-19 04:34:24 [action #377] t=14.38s step=836 queue=18 dmax=0.782 | shoulder_pan.pos=+30.17 shoulder_lift.pos=+30.82 elbow_flex.pos=-56.83 wrist_flex.pos=+96.25 wrist_roll.pos=-8.68 gripper.pos=+7.76
DEBUG 2026-08-19 04:34:24 [action #378] t=14.42s step=837 queue=17 dmax=1.434 | shoulder_pan.pos=+30.58 shoulder_lift.pos=+31.80 elbow_flex.pos=-55.40 wrist_flex.pos=+95.89 wrist_roll.pos=-8.85 gripper.pos=+7.66
DEBUG 2026-08-19 04:34:24 [action #379] t=14.45s step=838 queue=16 dmax=0.765 | shoulder_pan.pos=+31.04 shoulder_lift.pos=+32.17 elbow_flex.pos=-54.64 wrist_flex.pos=+95.69 wrist_roll.pos=-8.65 gripper.pos=+7.41
DEBUG 2026-08-19 04:34:24 [action #380] t=14.48s step=839 queue=15 dmax=0.681 | shoulder_pan.pos=+31.25 shoulder_lift.pos=+32.06 elbow_flex.pos=-54.78 wrist_flex.pos=+95.01 wrist_roll.pos=-8.78 gripper.pos=+7.79
DEBUG 2026-08-19 04:34:24 [action #381] t=14.52s step=840 queue=14 dmax=1.002 | shoulder_pan.pos=+31.56 shoulder_lift.pos=+33.06 elbow_flex.pos=-54.46 wrist_flex.pos=+94.44 wrist_roll.pos=-8.78 gripper.pos=+7.54
DEBUG 2026-08-19 04:34:24 [action #382] t=14.55s step=841 queue=13 dmax=0.800 | shoulder_pan.pos=+32.33 shoulder_lift.pos=+32.85 elbow_flex.pos=-53.66 wrist_flex.pos=+93.87 wrist_roll.pos=-8.73 gripper.pos=+7.69
DEBUG 2026-08-19 04:34:24 [action #383] t=14.58s step=842 queue=12 dmax=0.787 | shoulder_pan.pos=+32.43 shoulder_lift.pos=+33.29 elbow_flex.pos=-54.06 wrist_flex.pos=+93.09 wrist_roll.pos=-8.75 gripper.pos=+7.64
DEBUG 2026-08-19 04:34:24 [action #384] t=14.62s step=843 queue=11 dmax=1.795 | shoulder_pan.pos=+32.59 shoulder_lift.pos=+33.72 elbow_flex.pos=-52.27 wrist_flex.pos=+92.63 wrist_roll.pos=-8.68 gripper.pos=+7.73
DEBUG 2026-08-19 04:34:24 [action #385] t=14.65s step=844 queue=10 dmax=0.549 | shoulder_pan.pos=+33.07 shoulder_lift.pos=+33.66 elbow_flex.pos=-52.60 wrist_flex.pos=+92.09 wrist_roll.pos=-8.64 gripper.pos=+7.67
DEBUG 2026-08-19 04:34:24 [action #386] t=14.68s step=845 queue=9 dmax=0.865 | shoulder_pan.pos=+33.53 shoulder_lift.pos=+34.52 elbow_flex.pos=-52.17 wrist_flex.pos=+91.85 wrist_roll.pos=-8.68 gripper.pos=+7.58
DEBUG 2026-08-19 04:34:24 [action #387] t=14.72s step=846 queue=8 dmax=0.671 | shoulder_pan.pos=+34.10 shoulder_lift.pos=+34.35 elbow_flex.pos=-52.58 wrist_flex.pos=+91.17 wrist_roll.pos=-8.77 gripper.pos=+7.67
DEBUG 2026-08-19 04:34:24 [action #388] t=14.75s step=847 queue=7 dmax=0.939 | shoulder_pan.pos=+34.13 shoulder_lift.pos=+35.29 elbow_flex.pos=-51.97 wrist_flex.pos=+90.79 wrist_roll.pos=-8.78 gripper.pos=+7.55
DEBUG 2026-08-19 04:34:25 [action #389] t=14.78s step=848 queue=6 dmax=0.244 | shoulder_pan.pos=+34.38 shoulder_lift.pos=+35.24 elbow_flex.pos=-52.09 wrist_flex.pos=+90.58 wrist_roll.pos=-8.75 gripper.pos=+7.57
DEBUG 2026-08-19 04:34:25 [action #390] t=14.82s step=849 queue=5 dmax=0.584 | shoulder_pan.pos=+34.44 shoulder_lift.pos=+35.23 elbow_flex.pos=-51.52 wrist_flex.pos=+89.99 wrist_roll.pos=-8.73 gripper.pos=+7.63
DEBUG 2026-08-19 04:34:25 [action #391] t=14.85s step=850 queue=4 dmax=0.909 | shoulder_pan.pos=+34.69 shoulder_lift.pos=+36.14 elbow_flex.pos=-52.34 wrist_flex.pos=+89.55 wrist_roll.pos=-8.71 gripper.pos=+7.58
DEBUG 2026-08-19 04:34:25 [action #392] t=14.88s step=851 queue=3 dmax=0.680 | shoulder_pan.pos=+35.01 shoulder_lift.pos=+35.96 elbow_flex.pos=-51.66 wrist_flex.pos=+89.25 wrist_roll.pos=-8.86 gripper.pos=+7.58
DEBUG 2026-08-19 04:34:25 [action #393] t=14.92s step=852 queue=2 dmax=1.033 | shoulder_pan.pos=+34.50 shoulder_lift.pos=+35.63 elbow_flex.pos=-51.94 wrist_flex.pos=+88.22 wrist_roll.pos=-8.72 gripper.pos=+7.54
DEBUG 2026-08-19 04:34:25 [action #394] t=14.95s step=853 queue=1 dmax=1.191 | shoulder_pan.pos=+35.23 shoulder_lift.pos=+36.75 elbow_flex.pos=-50.75 wrist_flex.pos=+88.26 wrist_roll.pos=-8.92 gripper.pos=+7.50
DEBUG 2026-08-19 04:34:25 [chunk] received 50 actions, timesteps 827..876 | first: shoulder_pan.pos=+25.61 shoulder_lift.pos=+10.48 elbow_flex.pos=-41.70 wrist_flex.pos=+99.41 wrist_roll.pos=-9.72 gripper.pos=+7.43 | last: shoulder_pan.pos=+37.96 shoulder_lift.pos=+40.22 elbow_flex.pos=-36.95 wrist_flex.pos=+69.01 wrist_roll.pos=-10.46 gripper.pos=+10.62
DEBUG 2026-08-19 04:34:25 [action #395] t=15.02s step=854 queue=23 dmax=6.245 | shoulder_pan.pos=+37.51 shoulder_lift.pos=+30.75 elbow_flex.pos=-44.50 wrist_flex.pos=+82.12 wrist_roll.pos=-10.19 gripper.pos=+7.65
DEBUG 2026-08-19 04:34:25 [action #396] t=15.05s step=855 queue=22 dmax=1.066 | shoulder_pan.pos=+37.44 shoulder_lift.pos=+31.82 elbow_flex.pos=-44.34 wrist_flex.pos=+81.43 wrist_roll.pos=-10.30 gripper.pos=+7.44
DEBUG 2026-08-19 04:34:25 [action #397] t=15.09s step=856 queue=21 dmax=0.596 | shoulder_pan.pos=+37.94 shoulder_lift.pos=+32.14 elbow_flex.pos=-43.75 wrist_flex.pos=+81.00 wrist_roll.pos=-10.24 gripper.pos=+7.30
DEBUG 2026-08-19 04:34:25 [action #398] t=15.12s step=857 queue=20 dmax=0.711 | shoulder_pan.pos=+37.63 shoulder_lift.pos=+32.66 elbow_flex.pos=-43.91 wrist_flex.pos=+80.28 wrist_roll.pos=-10.33 gripper.pos=+7.61
DEBUG 2026-08-19 04:34:25 [action #399] t=15.15s step=858 queue=19 dmax=1.064 | shoulder_pan.pos=+37.62 shoulder_lift.pos=+33.21 elbow_flex.pos=-42.84 wrist_flex.pos=+79.83 wrist_roll.pos=-10.23 gripper.pos=+7.47
DEBUG 2026-08-19 04:34:25 [action #400] t=15.19s step=859 queue=18 dmax=0.628 | shoulder_pan.pos=+37.74 shoulder_lift.pos=+33.71 elbow_flex.pos=-43.47 wrist_flex.pos=+79.20 wrist_roll.pos=-10.12 gripper.pos=+7.59
DEBUG 2026-08-19 04:34:25 [action #401] t=15.22s step=860 queue=17 dmax=1.194 | shoulder_pan.pos=+37.47 shoulder_lift.pos=+34.30 elbow_flex.pos=-42.28 wrist_flex.pos=+78.86 wrist_roll.pos=-10.28 gripper.pos=+7.49
DEBUG 2026-08-19 04:34:25 [action #402] t=15.25s step=861 queue=16 dmax=0.821 | shoulder_pan.pos=+37.60 shoulder_lift.pos=+34.84 elbow_flex.pos=-42.79 wrist_flex.pos=+78.04 wrist_roll.pos=-10.23 gripper.pos=+7.56
DEBUG 2026-08-19 04:34:25 [action #403] t=15.29s step=862 queue=15 dmax=1.040 | shoulder_pan.pos=+37.48 shoulder_lift.pos=+34.95 elbow_flex.pos=-41.75 wrist_flex.pos=+77.42 wrist_roll.pos=-10.28 gripper.pos=+7.43
DEBUG 2026-08-19 04:34:25 [action #404] t=15.32s step=863 queue=14 dmax=0.691 | shoulder_pan.pos=+37.46 shoulder_lift.pos=+35.18 elbow_flex.pos=-41.62 wrist_flex.pos=+76.73 wrist_roll.pos=-10.25 gripper.pos=+7.56
DEBUG 2026-08-19 04:34:25 [action #405] t=15.35s step=864 queue=13 dmax=1.066 | shoulder_pan.pos=+37.61 shoulder_lift.pos=+35.90 elbow_flex.pos=-40.59 wrist_flex.pos=+75.66 wrist_roll.pos=-10.35 gripper.pos=+7.73
DEBUG 2026-08-19 04:34:25 [action #406] t=15.39s step=865 queue=12 dmax=0.931 | shoulder_pan.pos=+37.56 shoulder_lift.pos=+35.89 elbow_flex.pos=-39.66 wrist_flex.pos=+74.89 wrist_roll.pos=-10.22 gripper.pos=+7.57
DEBUG 2026-08-19 04:34:25 [action #407] t=15.42s step=866 queue=11 dmax=0.747 | shoulder_pan.pos=+37.51 shoulder_lift.pos=+36.57 elbow_flex.pos=-39.47 wrist_flex.pos=+74.14 wrist_roll.pos=-10.29 gripper.pos=+7.58
DEBUG 2026-08-19 04:34:25 [action #408] t=15.45s step=867 queue=10 dmax=0.584 | shoulder_pan.pos=+37.61 shoulder_lift.pos=+36.89 elbow_flex.pos=-39.53 wrist_flex.pos=+73.56 wrist_roll.pos=-10.37 gripper.pos=+7.42
DEBUG 2026-08-19 04:34:25 [action #409] t=15.49s step=868 queue=9 dmax=0.930 | shoulder_pan.pos=+37.59 shoulder_lift.pos=+37.14 elbow_flex.pos=-38.69 wrist_flex.pos=+72.63 wrist_roll.pos=-10.33 gripper.pos=+7.40
DEBUG 2026-08-19 04:34:25 [action #410] t=15.52s step=869 queue=8 dmax=0.637 | shoulder_pan.pos=+37.48 shoulder_lift.pos=+37.72 elbow_flex.pos=-38.78 wrist_flex.pos=+71.99 wrist_roll.pos=-10.42 gripper.pos=+7.35
DEBUG 2026-08-19 04:34:25 [action #411] t=15.55s step=870 queue=7 dmax=0.910 | shoulder_pan.pos=+37.66 shoulder_lift.pos=+38.06 elbow_flex.pos=-37.87 wrist_flex.pos=+71.39 wrist_roll.pos=-10.31 gripper.pos=+7.35
DEBUG 2026-08-19 04:34:25 [action #412] t=15.59s step=871 queue=6 dmax=0.780 | shoulder_pan.pos=+37.69 shoulder_lift.pos=+38.40 elbow_flex.pos=-37.09 wrist_flex.pos=+70.85 wrist_roll.pos=-10.35 gripper.pos=+7.27
DEBUG 2026-08-19 04:34:25 [action #413] t=15.62s step=872 queue=5 dmax=0.605 | shoulder_pan.pos=+37.72 shoulder_lift.pos=+38.67 elbow_flex.pos=-37.27 wrist_flex.pos=+70.24 wrist_roll.pos=-10.55 gripper.pos=+7.71
DEBUG 2026-08-19 04:34:25 [action #414] t=15.65s step=873 queue=4 dmax=0.348 | shoulder_pan.pos=+37.97 shoulder_lift.pos=+38.91 elbow_flex.pos=-36.93 wrist_flex.pos=+69.89 wrist_roll.pos=-10.49 gripper.pos=+7.82
DEBUG 2026-08-19 04:34:25 [action #415] t=15.69s step=874 queue=3 dmax=0.856 | shoulder_pan.pos=+37.88 shoulder_lift.pos=+39.53 elbow_flex.pos=-36.80 wrist_flex.pos=+69.56 wrist_roll.pos=-10.42 gripper.pos=+8.68
DEBUG 2026-08-19 04:34:25 [action #416] t=15.72s step=875 queue=2 dmax=1.301 | shoulder_pan.pos=+37.78 shoulder_lift.pos=+39.96 elbow_flex.pos=-37.27 wrist_flex.pos=+69.39 wrist_roll.pos=-10.46 gripper.pos=+9.98
DEBUG 2026-08-19 04:34:25 [action #417] t=15.75s step=876 queue=1 dmax=0.639 | shoulder_pan.pos=+37.96 shoulder_lift.pos=+40.22 elbow_flex.pos=-36.95 wrist_flex.pos=+69.01 wrist_roll.pos=-10.46 gripper.pos=+10.62
DEBUG 2026-08-19 04:34:26 [chunk] received 50 actions, timesteps 853..902 | first: shoulder_pan.pos=+34.94 shoulder_lift.pos=+37.46 elbow_flex.pos=-54.54 wrist_flex.pos=+97.88 wrist_roll.pos=-9.92 gripper.pos=+7.10 | last: shoulder_pan.pos=+32.68 shoulder_lift.pos=+47.76 elbow_flex.pos=-61.17 wrist_flex.pos=+100.59 wrist_roll.pos=-8.69 gripper.pos=+26.62
DEBUG 2026-08-19 04:34:26 [action #418] t=15.92s step=877 queue=26 dmax=20.701 | shoulder_pan.pos=+38.10 shoulder_lift.pos=+47.03 elbow_flex.pos=-53.81 wrist_flex.pos=+89.71 wrist_roll.pos=-9.48 gripper.pos=+14.47
DEBUG 2026-08-19 04:34:26 [action #419] t=15.95s step=878 queue=25 dmax=2.650 | shoulder_pan.pos=+37.81 shoulder_lift.pos=+47.41 elbow_flex.pos=-53.79 wrist_flex.pos=+89.89 wrist_roll.pos=-9.44 gripper.pos=+17.12
DEBUG 2026-08-19 04:34:26 [action #420] t=15.99s step=879 queue=24 dmax=2.341 | shoulder_pan.pos=+37.80 shoulder_lift.pos=+47.73 elbow_flex.pos=-54.18 wrist_flex.pos=+89.88 wrist_roll.pos=-9.45 gripper.pos=+19.46
DEBUG 2026-08-19 04:34:26 [action #421] t=16.02s step=880 queue=23 dmax=1.788 | shoulder_pan.pos=+37.75 shoulder_lift.pos=+47.47 elbow_flex.pos=-54.33 wrist_flex.pos=+89.84 wrist_roll.pos=-9.45 gripper.pos=+21.25
DEBUG 2026-08-19 04:34:26 [action #422] t=16.05s step=881 queue=22 dmax=1.352 | shoulder_pan.pos=+37.25 shoulder_lift.pos=+48.20 elbow_flex.pos=-53.89 wrist_flex.pos=+89.94 wrist_roll.pos=-9.42 gripper.pos=+22.60
DEBUG 2026-08-19 04:34:26 [action #423] t=16.09s step=882 queue=21 dmax=0.890 | shoulder_pan.pos=+37.36 shoulder_lift.pos=+47.59 elbow_flex.pos=-54.43 wrist_flex.pos=+90.24 wrist_roll.pos=-9.45 gripper.pos=+23.49
DEBUG 2026-08-19 04:34:26 [action #424] t=16.12s step=883 queue=20 dmax=0.742 | shoulder_pan.pos=+37.11 shoulder_lift.pos=+48.30 elbow_flex.pos=-53.91 wrist_flex.pos=+90.31 wrist_roll.pos=-9.47 gripper.pos=+24.23
DEBUG 2026-08-19 04:34:26 [action #425] t=16.16s step=884 queue=19 dmax=0.420 | shoulder_pan.pos=+37.00 shoulder_lift.pos=+48.42 elbow_flex.pos=-54.21 wrist_flex.pos=+90.58 wrist_roll.pos=-9.38 gripper.pos=+24.65
DEBUG 2026-08-19 04:34:26 [action #426] t=16.19s step=885 queue=18 dmax=0.496 | shoulder_pan.pos=+36.97 shoulder_lift.pos=+48.30 elbow_flex.pos=-54.18 wrist_flex.pos=+90.74 wrist_roll.pos=-9.44 gripper.pos=+25.15
DEBUG 2026-08-19 04:34:26 [action #427] t=16.22s step=886 queue=17 dmax=0.490 | shoulder_pan.pos=+36.65 shoulder_lift.pos=+48.60 elbow_flex.pos=-53.99 wrist_flex.pos=+90.93 wrist_roll.pos=-9.49 gripper.pos=+25.64
DEBUG 2026-08-19 04:34:26 [action #428] t=16.26s step=887 queue=16 dmax=0.490 | shoulder_pan.pos=+36.95 shoulder_lift.pos=+48.49 elbow_flex.pos=-53.87 wrist_flex.pos=+91.31 wrist_roll.pos=-9.43 gripper.pos=+26.13
DEBUG 2026-08-19 04:34:26 [action #429] t=16.29s step=888 queue=15 dmax=0.425 | shoulder_pan.pos=+36.77 shoulder_lift.pos=+48.55 elbow_flex.pos=-54.01 wrist_flex.pos=+91.60 wrist_roll.pos=-9.40 gripper.pos=+26.55
DEBUG 2026-08-19 04:34:26 [action #430] t=16.32s step=889 queue=14 dmax=0.569 | shoulder_pan.pos=+36.83 shoulder_lift.pos=+48.47 elbow_flex.pos=-54.58 wrist_flex.pos=+91.90 wrist_roll.pos=-9.37 gripper.pos=+27.02
DEBUG 2026-08-19 04:34:26 [action #431] t=16.36s step=890 queue=13 dmax=0.399 | shoulder_pan.pos=+36.68 shoulder_lift.pos=+48.48 elbow_flex.pos=-54.75 wrist_flex.pos=+92.30 wrist_roll.pos=-9.35 gripper.pos=+27.37
DEBUG 2026-08-19 04:34:26 [action #432] t=16.39s step=891 queue=12 dmax=0.373 | shoulder_pan.pos=+36.75 shoulder_lift.pos=+48.56 elbow_flex.pos=-55.04 wrist_flex.pos=+92.67 wrist_roll.pos=-9.32 gripper.pos=+27.36
DEBUG 2026-08-19 04:34:26 [action #433] t=16.42s step=892 queue=11 dmax=0.222 | shoulder_pan.pos=+36.53 shoulder_lift.pos=+48.75 elbow_flex.pos=-54.99 wrist_flex.pos=+92.85 wrist_roll.pos=-9.29 gripper.pos=+27.21
DEBUG 2026-08-19 04:34:26 [action #434] t=16.46s step=893 queue=10 dmax=0.740 | shoulder_pan.pos=+36.48 shoulder_lift.pos=+48.67 elbow_flex.pos=-55.22 wrist_flex.pos=+93.59 wrist_roll.pos=-9.31 gripper.pos=+27.31
DEBUG 2026-08-19 04:34:26 [action #435] t=16.49s step=894 queue=9 dmax=0.944 | shoulder_pan.pos=+36.45 shoulder_lift.pos=+48.45 elbow_flex.pos=-56.16 wrist_flex.pos=+94.04 wrist_roll.pos=-9.26 gripper.pos=+26.91
DEBUG 2026-08-19 04:34:26 [action #436] t=16.52s step=895 queue=8 dmax=0.670 | shoulder_pan.pos=+35.96 shoulder_lift.pos=+48.57 elbow_flex.pos=-55.93 wrist_flex.pos=+94.71 wrist_roll.pos=-9.24 gripper.pos=+26.84
DEBUG 2026-08-19 04:34:26 [action #437] t=16.56s step=896 queue=7 dmax=0.899 | shoulder_pan.pos=+35.57 shoulder_lift.pos=+48.81 elbow_flex.pos=-56.83 wrist_flex.pos=+95.20 wrist_roll.pos=-9.16 gripper.pos=+26.84
DEBUG 2026-08-19 04:34:26 [action #438] t=16.59s step=897 queue=6 dmax=0.821 | shoulder_pan.pos=+35.33 shoulder_lift.pos=+48.25 elbow_flex.pos=-57.18 wrist_flex.pos=+96.02 wrist_roll.pos=-9.08 gripper.pos=+26.76
DEBUG 2026-08-19 04:34:26 [action #439] t=16.62s step=898 queue=5 dmax=0.996 | shoulder_pan.pos=+34.79 shoulder_lift.pos=+48.59 elbow_flex.pos=-57.56 wrist_flex.pos=+97.02 wrist_roll.pos=-9.03 gripper.pos=+27.04
DEBUG 2026-08-19 04:34:26 [action #440] t=16.66s step=899 queue=4 dmax=0.647 | shoulder_pan.pos=+34.37 shoulder_lift.pos=+48.12 elbow_flex.pos=-57.76 wrist_flex.pos=+97.67 wrist_roll.pos=-8.96 gripper.pos=+26.91
DEBUG 2026-08-19 04:34:26 [action #441] t=16.69s step=900 queue=3 dmax=1.392 | shoulder_pan.pos=+33.88 shoulder_lift.pos=+48.07 elbow_flex.pos=-59.15 wrist_flex.pos=+98.85 wrist_roll.pos=-9.06 gripper.pos=+26.80
DEBUG 2026-08-19 04:34:26 [action #442] t=16.72s step=901 queue=2 dmax=0.917 | shoulder_pan.pos=+33.13 shoulder_lift.pos=+48.27 elbow_flex.pos=-60.07 wrist_flex.pos=+99.48 wrist_roll.pos=-8.78 gripper.pos=+26.92
DEBUG 2026-08-19 04:34:26 [action #443] t=16.76s step=902 queue=1 dmax=1.112 | shoulder_pan.pos=+32.68 shoulder_lift.pos=+47.76 elbow_flex.pos=-61.17 wrist_flex.pos=+100.59 wrist_roll.pos=-8.69 gripper.pos=+26.62
DEBUG 2026-08-19 04:34:27 [chunk] received 50 actions, timesteps 876..925 | first: shoulder_pan.pos=+38.47 shoulder_lift.pos=+41.35 elbow_flex.pos=-38.84 wrist_flex.pos=+68.35 wrist_roll.pos=-11.90 gripper.pos=+10.44 | last: shoulder_pan.pos=+9.90 shoulder_lift.pos=+20.31 elbow_flex.pos=-37.97 wrist_flex.pos=+100.07 wrist_roll.pos=-7.15 gripper.pos=+0.41
DEBUG 2026-08-19 04:34:27 [action #444] t=16.79s step=903 queue=23 dmax=8.241 | shoulder_pan.pos=+29.57 shoulder_lift.pos=+41.82 elbow_flex.pos=-52.93 wrist_flex.pos=+93.71 wrist_roll.pos=-9.85 gripper.pos=+29.08
DEBUG 2026-08-19 04:34:27 [action #445] t=16.82s step=904 queue=22 dmax=0.916 | shoulder_pan.pos=+28.99 shoulder_lift.pos=+41.13 elbow_flex.pos=-52.74 wrist_flex.pos=+94.63 wrist_roll.pos=-9.83 gripper.pos=+29.02
DEBUG 2026-08-19 04:34:27 [action #446] t=16.86s step=905 queue=21 dmax=1.087 | shoulder_pan.pos=+28.04 shoulder_lift.pos=+40.68 elbow_flex.pos=-53.83 wrist_flex.pos=+95.58 wrist_roll.pos=-9.74 gripper.pos=+28.92
DEBUG 2026-08-19 04:34:27 [action #447] t=16.89s step=906 queue=20 dmax=1.267 | shoulder_pan.pos=+27.29 shoulder_lift.pos=+41.02 elbow_flex.pos=-54.81 wrist_flex.pos=+96.85 wrist_roll.pos=-9.75 gripper.pos=+28.77
DEBUG 2026-08-19 04:34:27 [action #448] t=16.92s step=907 queue=19 dmax=1.262 | shoulder_pan.pos=+26.38 shoulder_lift.pos=+39.76 elbow_flex.pos=-55.13 wrist_flex.pos=+97.60 wrist_roll.pos=-9.55 gripper.pos=+28.62
DEBUG 2026-08-19 04:34:27 [action #449] t=16.96s step=908 queue=18 dmax=1.815 | shoulder_pan.pos=+25.00 shoulder_lift.pos=+39.33 elbow_flex.pos=-56.95 wrist_flex.pos=+98.49 wrist_roll.pos=-9.53 gripper.pos=+28.43
DEBUG 2026-08-19 04:34:27 [action #450] t=16.99s step=909 queue=17 dmax=1.451 | shoulder_pan.pos=+24.68 shoulder_lift.pos=+38.39 elbow_flex.pos=-55.50 wrist_flex.pos=+99.79 wrist_roll.pos=-9.09 gripper.pos=+28.05
DEBUG 2026-08-19 04:34:27 [action #451] t=17.03s step=910 queue=16 dmax=1.922 | shoulder_pan.pos=+22.76 shoulder_lift.pos=+37.37 elbow_flex.pos=-56.56 wrist_flex.pos=+100.13 wrist_roll.pos=-9.17 gripper.pos=+27.84
DEBUG 2026-08-19 04:34:27 [action #452] t=17.06s step=911 queue=15 dmax=0.991 | shoulder_pan.pos=+21.77 shoulder_lift.pos=+37.07 elbow_flex.pos=-56.93 wrist_flex.pos=+100.75 wrist_roll.pos=-8.97 gripper.pos=+26.99
DEBUG 2026-08-19 04:34:27 [action #453] t=17.09s step=912 queue=14 dmax=1.453 | shoulder_pan.pos=+20.32 shoulder_lift.pos=+35.98 elbow_flex.pos=-56.50 wrist_flex.pos=+101.30 wrist_roll.pos=-8.97 gripper.pos=+26.06
DEBUG 2026-08-19 04:34:27 [action #454] t=17.13s step=913 queue=13 dmax=1.495 | shoulder_pan.pos=+18.96 shoulder_lift.pos=+35.42 elbow_flex.pos=-56.62 wrist_flex.pos=+101.96 wrist_roll.pos=-9.07 gripper.pos=+24.56
DEBUG 2026-08-19 04:34:27 [action #455] t=17.16s step=914 queue=12 dmax=2.005 | shoulder_pan.pos=+18.41 shoulder_lift.pos=+33.85 elbow_flex.pos=-57.27 wrist_flex.pos=+101.98 wrist_roll.pos=-8.81 gripper.pos=+22.56
DEBUG 2026-08-19 04:34:27 [action #456] t=17.19s step=915 queue=11 dmax=2.404 | shoulder_pan.pos=+17.07 shoulder_lift.pos=+33.88 elbow_flex.pos=-56.73 wrist_flex.pos=+102.25 wrist_roll.pos=-8.80 gripper.pos=+20.15
DEBUG 2026-08-19 04:34:27 [action #457] t=17.23s step=916 queue=10 dmax=3.689 | shoulder_pan.pos=+15.91 shoulder_lift.pos=+32.64 elbow_flex.pos=-55.31 wrist_flex.pos=+101.98 wrist_roll.pos=-8.75 gripper.pos=+16.47
DEBUG 2026-08-19 04:34:27 [action #458] t=17.26s step=917 queue=9 dmax=4.364 | shoulder_pan.pos=+14.80 shoulder_lift.pos=+31.99 elbow_flex.pos=-53.19 wrist_flex.pos=+101.84 wrist_roll.pos=-8.48 gripper.pos=+12.10
DEBUG 2026-08-19 04:34:27 [action #459] t=17.29s step=918 queue=8 dmax=3.405 | shoulder_pan.pos=+14.35 shoulder_lift.pos=+29.69 elbow_flex.pos=-52.07 wrist_flex.pos=+101.43 wrist_roll.pos=-8.21 gripper.pos=+8.70
DEBUG 2026-08-19 04:34:27 [action #460] t=17.33s step=919 queue=7 dmax=2.737 | shoulder_pan.pos=+13.28 shoulder_lift.pos=+29.62 elbow_flex.pos=-51.23 wrist_flex.pos=+101.40 wrist_roll.pos=-7.99 gripper.pos=+5.96
DEBUG 2026-08-19 04:34:27 [action #461] t=17.36s step=920 queue=6 dmax=1.672 | shoulder_pan.pos=+13.00 shoulder_lift.pos=+29.17 elbow_flex.pos=-49.90 wrist_flex.pos=+101.17 wrist_roll.pos=-7.80 gripper.pos=+4.29
DEBUG 2026-08-19 04:34:27 [action #462] t=17.39s step=921 queue=5 dmax=2.092 | shoulder_pan.pos=+12.04 shoulder_lift.pos=+28.61 elbow_flex.pos=-47.81 wrist_flex.pos=+100.90 wrist_roll.pos=-7.70 gripper.pos=+3.38
DEBUG 2026-08-19 04:34:27 [action #463] t=17.43s step=922 queue=4 dmax=2.470 | shoulder_pan.pos=+11.59 shoulder_lift.pos=+26.91 elbow_flex.pos=-45.34 wrist_flex.pos=+100.70 wrist_roll.pos=-7.57 gripper.pos=+2.78
DEBUG 2026-08-19 04:34:27 [action #464] t=17.46s step=923 queue=3 dmax=1.771 | shoulder_pan.pos=+10.89 shoulder_lift.pos=+25.24 elbow_flex.pos=-43.56 wrist_flex.pos=+100.65 wrist_roll.pos=-7.29 gripper.pos=+1.95
DEBUG 2026-08-19 04:34:27 [action #465] t=17.49s step=924 queue=2 dmax=2.760 | shoulder_pan.pos=+10.64 shoulder_lift.pos=+23.07 elbow_flex.pos=-40.81 wrist_flex.pos=+100.36 wrist_roll.pos=-7.19 gripper.pos=+0.98
DEBUG 2026-08-19 04:34:27 [action #466] t=17.53s step=925 queue=1 dmax=2.837 | shoulder_pan.pos=+9.90 shoulder_lift.pos=+20.31 elbow_flex.pos=-37.97 wrist_flex.pos=+100.07 wrist_roll.pos=-7.15 gripper.pos=+0.41
DEBUG 2026-08-19 04:34:27 [chunk] received 50 actions, timesteps 902..951 | first: shoulder_pan.pos=+32.90 shoulder_lift.pos=+49.98 elbow_flex.pos=-67.12 wrist_flex.pos=+98.75 wrist_roll.pos=-8.39 gripper.pos=+27.32 | last: shoulder_pan.pos=+2.72 shoulder_lift.pos=-28.56 elbow_flex.pos=+18.19 wrist_flex.pos=+83.05 wrist_roll.pos=-6.61 gripper.pos=-0.19
DEBUG 2026-08-19 04:34:27 [action #467] t=17.59s step=926 queue=26 dmax=7.010 | shoulder_pan.pos=+15.48 shoulder_lift.pos=+13.30 elbow_flex.pos=-36.73 wrist_flex.pos=+103.15 wrist_roll.pos=-6.80 gripper.pos=-0.09
DEBUG 2026-08-19 04:34:27 [action #468] t=17.63s step=927 queue=25 dmax=3.337 | shoulder_pan.pos=+14.23 shoulder_lift.pos=+10.90 elbow_flex.pos=-33.39 wrist_flex.pos=+102.94 wrist_roll.pos=-6.93 gripper.pos=-0.03
DEBUG 2026-08-19 04:34:27 [action #469] t=17.66s step=928 queue=24 dmax=3.224 | shoulder_pan.pos=+12.75 shoulder_lift.pos=+7.68 elbow_flex.pos=-30.36 wrist_flex.pos=+102.68 wrist_roll.pos=-7.08 gripper.pos=-0.02
DEBUG 2026-08-19 04:34:27 [action #470] t=17.69s step=929 queue=23 dmax=2.406 | shoulder_pan.pos=+11.43 shoulder_lift.pos=+6.34 elbow_flex.pos=-27.96 wrist_flex.pos=+102.18 wrist_roll.pos=-7.00 gripper.pos=+0.08
DEBUG 2026-08-19 04:34:27 [action #471] t=17.73s step=930 queue=22 dmax=3.555 | shoulder_pan.pos=+10.83 shoulder_lift.pos=+2.79 elbow_flex.pos=-24.92 wrist_flex.pos=+101.12 wrist_roll.pos=-7.21 gripper.pos=+0.03
DEBUG 2026-08-19 04:34:27 [action #472] t=17.76s step=931 queue=21 dmax=3.479 | shoulder_pan.pos=+9.91 shoulder_lift.pos=+1.01 elbow_flex.pos=-21.44 wrist_flex.pos=+99.98 wrist_roll.pos=-7.05 gripper.pos=-0.07
DEBUG 2026-08-19 04:34:28 [action #473] t=17.79s step=932 queue=20 dmax=3.318 | shoulder_pan.pos=+9.24 shoulder_lift.pos=-1.75 elbow_flex.pos=-18.12 wrist_flex.pos=+98.32 wrist_roll.pos=-7.12 gripper.pos=-0.06
DEBUG 2026-08-19 04:34:28 [action #474] t=17.83s step=933 queue=19 dmax=3.113 | shoulder_pan.pos=+8.71 shoulder_lift.pos=-3.99 elbow_flex.pos=-15.01 wrist_flex.pos=+96.60 wrist_roll.pos=-6.93 gripper.pos=+0.14
DEBUG 2026-08-19 04:34:28 [action #475] t=17.86s step=934 queue=18 dmax=4.031 | shoulder_pan.pos=+8.49 shoulder_lift.pos=-6.62 elbow_flex.pos=-10.98 wrist_flex.pos=+94.28 wrist_roll.pos=-7.09 gripper.pos=+0.09
DEBUG 2026-08-19 04:34:28 [action #476] t=17.89s step=935 queue=17 dmax=2.911 | shoulder_pan.pos=+8.37 shoulder_lift.pos=-8.84 elbow_flex.pos=-8.07 wrist_flex.pos=+92.32 wrist_roll.pos=-6.89 gripper.pos=+0.04
DEBUG 2026-08-19 04:34:28 [action #477] t=17.93s step=936 queue=16 dmax=3.341 | shoulder_pan.pos=+8.32 shoulder_lift.pos=-11.00 elbow_flex.pos=-4.73 wrist_flex.pos=+90.41 wrist_roll.pos=-6.87 gripper.pos=-0.06
DEBUG 2026-08-19 04:34:28 [action #478] t=17.96s step=937 queue=15 dmax=3.422 | shoulder_pan.pos=+7.82 shoulder_lift.pos=-12.94 elbow_flex.pos=-1.31 wrist_flex.pos=+88.87 wrist_roll.pos=-6.94 gripper.pos=-0.04
DEBUG 2026-08-19 04:34:28 [action #479] t=17.99s step=938 queue=14 dmax=2.220 | shoulder_pan.pos=+7.71 shoulder_lift.pos=-14.80 elbow_flex.pos=+0.91 wrist_flex.pos=+87.53 wrist_roll.pos=-6.75 gripper.pos=-0.01
DEBUG 2026-08-19 04:34:28 [action #480] t=18.03s step=939 queue=13 dmax=2.604 | shoulder_pan.pos=+7.49 shoulder_lift.pos=-16.51 elbow_flex.pos=+3.52 wrist_flex.pos=+86.66 wrist_roll.pos=-6.64 gripper.pos=-0.11
DEBUG 2026-08-19 04:34:28 [action #481] t=18.06s step=940 queue=12 dmax=1.927 | shoulder_pan.pos=+7.15 shoulder_lift.pos=-18.24 elbow_flex.pos=+5.44 wrist_flex.pos=+85.76 wrist_roll.pos=-6.70 gripper.pos=-0.09
DEBUG 2026-08-19 04:34:28 [action #482] t=18.10s step=941 queue=11 dmax=1.340 | shoulder_pan.pos=+6.88 shoulder_lift.pos=-19.44 elbow_flex.pos=+6.78 wrist_flex.pos=+85.34 wrist_roll.pos=-6.66 gripper.pos=-0.26
DEBUG 2026-08-19 04:34:28 [action #483] t=18.13s step=942 queue=10 dmax=1.711 | shoulder_pan.pos=+6.38 shoulder_lift.pos=-21.15 elbow_flex.pos=+8.42 wrist_flex.pos=+84.98 wrist_roll.pos=-6.57 gripper.pos=-0.33
DEBUG 2026-08-19 04:34:28 [action #484] t=18.16s step=943 queue=9 dmax=1.605 | shoulder_pan.pos=+6.24 shoulder_lift.pos=-21.83 elbow_flex.pos=+10.03 wrist_flex.pos=+84.89 wrist_roll.pos=-6.52 gripper.pos=-0.32
DEBUG 2026-08-19 04:34:28 [action #485] t=18.20s step=944 queue=8 dmax=1.421 | shoulder_pan.pos=+5.98 shoulder_lift.pos=-22.26 elbow_flex.pos=+11.45 wrist_flex.pos=+84.86 wrist_roll.pos=-6.52 gripper.pos=-0.42
DEBUG 2026-08-19 04:34:28 [action #486] t=18.23s step=945 queue=7 dmax=1.415 | shoulder_pan.pos=+5.54 shoulder_lift.pos=-23.67 elbow_flex.pos=+11.82 wrist_flex.pos=+84.51 wrist_roll.pos=-6.71 gripper.pos=-0.36
DEBUG 2026-08-19 04:34:28 [action #487] t=18.26s step=946 queue=6 dmax=1.292 | shoulder_pan.pos=+5.01 shoulder_lift.pos=-24.62 elbow_flex.pos=+13.11 wrist_flex.pos=+84.38 wrist_roll.pos=-6.48 gripper.pos=-0.52
DEBUG 2026-08-19 04:34:28 [action #488] t=18.30s step=947 queue=5 dmax=0.515 | shoulder_pan.pos=+4.54 shoulder_lift.pos=-25.09 elbow_flex.pos=+13.63 wrist_flex.pos=+84.28 wrist_roll.pos=-6.55 gripper.pos=-0.28
DEBUG 2026-08-19 04:34:28 [action #489] t=18.33s step=948 queue=4 dmax=1.209 | shoulder_pan.pos=+4.13 shoulder_lift.pos=-25.28 elbow_flex.pos=+14.83 wrist_flex.pos=+84.07 wrist_roll.pos=-6.70 gripper.pos=-0.51
DEBUG 2026-08-19 04:34:28 [action #490] t=18.36s step=949 queue=3 dmax=1.493 | shoulder_pan.pos=+3.42 shoulder_lift.pos=-26.64 elbow_flex.pos=+16.33 wrist_flex.pos=+83.66 wrist_roll.pos=-6.57 gripper.pos=-0.28
DEBUG 2026-08-19 04:34:28 [action #491] t=18.40s step=950 queue=2 dmax=0.627 | shoulder_pan.pos=+3.11 shoulder_lift.pos=-27.27 elbow_flex.pos=+16.92 wrist_flex.pos=+83.41 wrist_roll.pos=-6.72 gripper.pos=-0.24
DEBUG 2026-08-19 04:34:28 [chunk] received 50 actions, timesteps 925..974 | first: shoulder_pan.pos=+8.71 shoulder_lift.pos=+21.54 elbow_flex.pos=-38.39 wrist_flex.pos=+101.09 wrist_roll.pos=-7.28 gripper.pos=+0.95 | last: shoulder_pan.pos=-2.67 shoulder_lift.pos=-62.57 elbow_flex.pos=+54.38 wrist_flex.pos=+77.11 wrist_roll.pos=-7.25 gripper.pos=+1.11
DEBUG 2026-08-19 04:34:28 [action #492] t=18.43s step=951 queue=24 dmax=4.516 | shoulder_pan.pos=-1.41 shoulder_lift.pos=-28.74 elbow_flex.pos=+19.62 wrist_flex.pos=+83.82 wrist_roll.pos=-7.04 gripper.pos=+0.77
DEBUG 2026-08-19 04:34:28 [action #493] t=18.46s step=952 queue=23 dmax=2.587 | shoulder_pan.pos=-2.77 shoulder_lift.pos=-29.75 elbow_flex.pos=+22.20 wrist_flex.pos=+83.46 wrist_roll.pos=-7.28 gripper.pos=+1.03
DEBUG 2026-08-19 04:34:28 [action #494] t=18.50s step=953 queue=22 dmax=2.796 | shoulder_pan.pos=-2.88 shoulder_lift.pos=-31.56 elbow_flex.pos=+25.00 wrist_flex.pos=+83.13 wrist_roll.pos=-7.26 gripper.pos=+0.98
DEBUG 2026-08-19 04:34:28 [action #495] t=18.53s step=954 queue=21 dmax=1.733 | shoulder_pan.pos=-3.01 shoulder_lift.pos=-33.29 elbow_flex.pos=+26.02 wrist_flex.pos=+82.71 wrist_roll.pos=-7.28 gripper.pos=+0.94
DEBUG 2026-08-19 04:34:28 [action #496] t=18.56s step=955 queue=20 dmax=2.184 | shoulder_pan.pos=-2.92 shoulder_lift.pos=-34.68 elbow_flex.pos=+28.20 wrist_flex.pos=+82.50 wrist_roll.pos=-7.46 gripper.pos=+0.85
DEBUG 2026-08-19 04:34:28 [action #497] t=18.60s step=956 queue=19 dmax=1.951 | shoulder_pan.pos=-2.93 shoulder_lift.pos=-36.08 elbow_flex.pos=+30.15 wrist_flex.pos=+82.46 wrist_roll.pos=-7.35 gripper.pos=+1.03
DEBUG 2026-08-19 04:34:28 [action #498] t=18.63s step=957 queue=18 dmax=1.552 | shoulder_pan.pos=-2.85 shoulder_lift.pos=-37.64 elbow_flex.pos=+31.66 wrist_flex.pos=+82.23 wrist_roll.pos=-7.31 gripper.pos=+1.04
DEBUG 2026-08-19 04:34:28 [action #499] t=18.66s step=958 queue=17 dmax=1.699 | shoulder_pan.pos=-2.93 shoulder_lift.pos=-39.34 elbow_flex.pos=+32.81 wrist_flex.pos=+81.96 wrist_roll.pos=-7.23 gripper.pos=+1.08
DEBUG 2026-08-19 04:34:28 [action #500] t=18.70s step=959 queue=16 dmax=0.947 | shoulder_pan.pos=-2.72 shoulder_lift.pos=-39.86 elbow_flex.pos=+33.76 wrist_flex.pos=+81.84 wrist_roll.pos=-7.29 gripper.pos=+0.92
DEBUG 2026-08-19 04:34:28 [action #501] t=18.73s step=960 queue=15 dmax=1.666 | shoulder_pan.pos=-2.96 shoulder_lift.pos=-41.53 elbow_flex.pos=+35.42 wrist_flex.pos=+81.23 wrist_roll.pos=-7.32 gripper.pos=+0.88
DEBUG 2026-08-19 04:34:28 [action #502] t=18.76s step=961 queue=14 dmax=1.664 | shoulder_pan.pos=-2.90 shoulder_lift.pos=-42.81 elbow_flex.pos=+37.09 wrist_flex.pos=+81.16 wrist_roll.pos=-7.31 gripper.pos=+0.88
DEBUG 2026-08-19 04:34:29 [action #503] t=18.80s step=962 queue=13 dmax=2.250 | shoulder_pan.pos=-3.28 shoulder_lift.pos=-44.83 elbow_flex.pos=+39.34 wrist_flex.pos=+80.88 wrist_roll.pos=-7.33 gripper.pos=+0.89
DEBUG 2026-08-19 04:34:29 [action #504] t=18.83s step=963 queue=12 dmax=0.784 | shoulder_pan.pos=-3.03 shoulder_lift.pos=-45.61 elbow_flex.pos=+40.01 wrist_flex.pos=+80.54 wrist_roll.pos=-7.26 gripper.pos=+0.99
DEBUG 2026-08-19 04:34:29 [action #505] t=18.86s step=964 queue=11 dmax=1.127 | shoulder_pan.pos=-2.94 shoulder_lift.pos=-46.74 elbow_flex.pos=+40.80 wrist_flex.pos=+80.37 wrist_roll.pos=-7.33 gripper.pos=+0.95
DEBUG 2026-08-19 04:34:29 [action #506] t=18.90s step=965 queue=10 dmax=1.574 | shoulder_pan.pos=-3.18 shoulder_lift.pos=-48.26 elbow_flex.pos=+42.37 wrist_flex.pos=+80.15 wrist_roll.pos=-7.20 gripper.pos=+1.09
DEBUG 2026-08-19 04:34:29 [action #507] t=18.93s step=966 queue=9 dmax=1.637 | shoulder_pan.pos=-3.01 shoulder_lift.pos=-49.89 elbow_flex.pos=+43.86 wrist_flex.pos=+79.87 wrist_roll.pos=-7.21 gripper.pos=+0.84
DEBUG 2026-08-19 04:34:29 [action #508] t=18.96s step=967 queue=8 dmax=1.319 | shoulder_pan.pos=-3.07 shoulder_lift.pos=-51.21 elbow_flex.pos=+44.68 wrist_flex.pos=+79.48 wrist_roll.pos=-7.17 gripper.pos=+1.02
DEBUG 2026-08-19 04:34:29 [action #509] t=19.00s step=968 queue=7 dmax=1.362 | shoulder_pan.pos=-2.93 shoulder_lift.pos=-52.58 elbow_flex.pos=+45.81 wrist_flex.pos=+79.23 wrist_roll.pos=-7.27 gripper.pos=+1.02
DEBUG 2026-08-19 04:34:29 [action #510] t=19.03s step=969 queue=6 dmax=2.175 | shoulder_pan.pos=-2.81 shoulder_lift.pos=-54.57 elbow_flex.pos=+47.98 wrist_flex.pos=+78.53 wrist_roll.pos=-7.27 gripper.pos=+0.94
DEBUG 2026-08-19 04:34:29 [action #511] t=19.07s step=970 queue=5 dmax=1.596 | shoulder_pan.pos=-3.04 shoulder_lift.pos=-55.75 elbow_flex.pos=+49.58 wrist_flex.pos=+78.33 wrist_roll.pos=-7.16 gripper.pos=+0.99
DEBUG 2026-08-19 04:34:29 [action #512] t=19.10s step=971 queue=4 dmax=1.711 | shoulder_pan.pos=-2.98 shoulder_lift.pos=-57.46 elbow_flex.pos=+50.21 wrist_flex.pos=+77.88 wrist_roll.pos=-7.21 gripper.pos=+0.97
DEBUG 2026-08-19 04:34:29 [action #513] t=19.13s step=972 queue=3 dmax=1.658 | shoulder_pan.pos=-2.85 shoulder_lift.pos=-59.12 elbow_flex.pos=+51.54 wrist_flex.pos=+77.49 wrist_roll.pos=-7.26 gripper.pos=+1.07
DEBUG 2026-08-19 04:34:29 [action #514] t=19.18s step=973 queue=2 dmax=1.593 | shoulder_pan.pos=-2.78 shoulder_lift.pos=-60.71 elbow_flex.pos=+53.04 wrist_flex.pos=+77.37 wrist_roll.pos=-7.23 gripper.pos=+1.13
DEBUG 2026-08-19 04:34:29 [action #515] t=19.21s step=974 queue=1 dmax=1.856 | shoulder_pan.pos=-2.67 shoulder_lift.pos=-62.57 elbow_flex.pos=+54.38 wrist_flex.pos=+77.11 wrist_roll.pos=-7.25 gripper.pos=+1.11
DEBUG 2026-08-19 04:34:29 [chunk] received 50 actions, timesteps 949..998 | first: shoulder_pan.pos=+3.61 shoulder_lift.pos=-30.70 elbow_flex.pos=+23.60 wrist_flex.pos=+80.16 wrist_roll.pos=-6.65 gripper.pos=+0.25 | last: shoulder_pan.pos=-0.60 shoulder_lift.pos=-97.61 elbow_flex.pos=+80.97 wrist_flex.pos=+67.06 wrist_roll.pos=-5.86 gripper.pos=+0.68
DEBUG 2026-08-19 04:34:29 [action #516] t=19.31s step=975 queue=24 dmax=6.920 | shoulder_pan.pos=-1.88 shoulder_lift.pos=-64.79 elbow_flex.pos=+57.71 wrist_flex.pos=+70.19 wrist_roll.pos=-6.79 gripper.pos=+0.62
DEBUG 2026-08-19 04:34:29 [action #517] t=19.35s step=976 queue=23 dmax=1.729 | shoulder_pan.pos=-1.78 shoulder_lift.pos=-66.09 elbow_flex.pos=+59.44 wrist_flex.pos=+69.64 wrist_roll.pos=-6.88 gripper.pos=+0.54
DEBUG 2026-08-19 04:34:29 [action #518] t=19.38s step=977 queue=22 dmax=1.328 | shoulder_pan.pos=-1.80 shoulder_lift.pos=-67.42 elbow_flex.pos=+60.57 wrist_flex.pos=+69.30 wrist_roll.pos=-6.81 gripper.pos=+0.60
DEBUG 2026-08-19 04:34:29 [action #519] t=19.41s step=978 queue=21 dmax=1.340 | shoulder_pan.pos=-1.67 shoulder_lift.pos=-68.76 elbow_flex.pos=+61.60 wrist_flex.pos=+68.78 wrist_roll.pos=-6.82 gripper.pos=+0.59
DEBUG 2026-08-19 04:34:29 [action #520] t=19.45s step=979 queue=20 dmax=1.041 | shoulder_pan.pos=-1.38 shoulder_lift.pos=-69.80 elbow_flex.pos=+62.61 wrist_flex.pos=+68.36 wrist_roll.pos=-6.77 gripper.pos=+0.53
DEBUG 2026-08-19 04:34:29 [action #521] t=19.48s step=980 queue=19 dmax=1.035 | shoulder_pan.pos=-1.51 shoulder_lift.pos=-70.37 elbow_flex.pos=+63.65 wrist_flex.pos=+68.23 wrist_roll.pos=-6.77 gripper.pos=+0.71
DEBUG 2026-08-19 04:34:29 [action #522] t=19.51s step=981 queue=18 dmax=1.699 | shoulder_pan.pos=-1.39 shoulder_lift.pos=-72.07 elbow_flex.pos=+65.20 wrist_flex.pos=+67.91 wrist_roll.pos=-6.79 gripper.pos=+0.60
DEBUG 2026-08-19 04:34:29 [action #523] t=19.55s step=982 queue=17 dmax=1.055 | shoulder_pan.pos=-1.02 shoulder_lift.pos=-73.12 elbow_flex.pos=+66.06 wrist_flex.pos=+67.60 wrist_roll.pos=-6.66 gripper.pos=+0.49
DEBUG 2026-08-19 04:34:29 [action #524] t=19.58s step=983 queue=16 dmax=1.014 | shoulder_pan.pos=-1.06 shoulder_lift.pos=-74.13 elbow_flex.pos=+66.92 wrist_flex.pos=+67.36 wrist_roll.pos=-6.67 gripper.pos=+0.50
DEBUG 2026-08-19 04:34:29 [action #525] t=19.61s step=984 queue=15 dmax=0.984 | shoulder_pan.pos=-0.87 shoulder_lift.pos=-75.12 elbow_flex.pos=+67.85 wrist_flex.pos=+67.25 wrist_roll.pos=-6.66 gripper.pos=+0.73
DEBUG 2026-08-19 04:34:29 [action #526] t=19.65s step=985 queue=14 dmax=1.589 | shoulder_pan.pos=-0.86 shoulder_lift.pos=-76.71 elbow_flex.pos=+69.04 wrist_flex.pos=+67.07 wrist_roll.pos=-6.69 gripper.pos=+0.70
DEBUG 2026-08-19 04:34:29 [action #527] t=19.68s step=986 queue=13 dmax=1.010 | shoulder_pan.pos=-0.82 shoulder_lift.pos=-77.63 elbow_flex.pos=+70.05 wrist_flex.pos=+66.79 wrist_roll.pos=-6.61 gripper.pos=+0.59
DEBUG 2026-08-19 04:34:29 [action #528] t=19.71s step=987 queue=12 dmax=1.070 | shoulder_pan.pos=-0.66 shoulder_lift.pos=-78.70 elbow_flex.pos=+70.76 wrist_flex.pos=+66.53 wrist_roll.pos=-6.68 gripper.pos=+0.66
DEBUG 2026-08-19 04:34:29 [action #529] t=19.75s step=988 queue=11 dmax=1.675 | shoulder_pan.pos=-0.52 shoulder_lift.pos=-80.37 elbow_flex.pos=+71.36 wrist_flex.pos=+66.47 wrist_roll.pos=-6.55 gripper.pos=+0.61
DEBUG 2026-08-19 04:34:30 [action #530] t=19.78s step=989 queue=10 dmax=1.205 | shoulder_pan.pos=-0.68 shoulder_lift.pos=-81.58 elbow_flex.pos=+72.51 wrist_flex.pos=+66.53 wrist_roll.pos=-6.46 gripper.pos=+0.77
DEBUG 2026-08-19 04:34:30 [action #531] t=19.82s step=990 queue=9 dmax=1.713 | shoulder_pan.pos=-0.67 shoulder_lift.pos=-83.29 elbow_flex.pos=+73.29 wrist_flex.pos=+66.60 wrist_roll.pos=-6.39 gripper.pos=+0.67
DEBUG 2026-08-19 04:34:30 [action #532] t=19.85s step=991 queue=8 dmax=1.990 | shoulder_pan.pos=-0.55 shoulder_lift.pos=-85.28 elbow_flex.pos=+74.21 wrist_flex.pos=+66.37 wrist_roll.pos=-6.34 gripper.pos=+0.66
DEBUG 2026-08-19 04:34:30 [action #533] t=19.88s step=992 queue=7 dmax=1.549 | shoulder_pan.pos=-0.60 shoulder_lift.pos=-86.83 elbow_flex.pos=+75.35 wrist_flex.pos=+66.57 wrist_roll.pos=-6.34 gripper.pos=+0.52
DEBUG 2026-08-19 04:34:30 [action #534] t=19.92s step=993 queue=6 dmax=1.644 | shoulder_pan.pos=-0.61 shoulder_lift.pos=-88.47 elbow_flex.pos=+76.26 wrist_flex.pos=+66.57 wrist_roll.pos=-6.21 gripper.pos=+0.68
DEBUG 2026-08-19 04:34:30 [action #535] t=19.95s step=994 queue=5 dmax=2.331 | shoulder_pan.pos=-0.49 shoulder_lift.pos=-90.81 elbow_flex.pos=+77.51 wrist_flex.pos=+66.72 wrist_roll.pos=-6.20 gripper.pos=+0.68
DEBUG 2026-08-19 04:34:30 [action #536] t=19.98s step=995 queue=4 dmax=1.266 | shoulder_pan.pos=-0.49 shoulder_lift.pos=-92.07 elbow_flex.pos=+77.91 wrist_flex.pos=+66.79 wrist_roll.pos=-6.14 gripper.pos=+0.60
DEBUG 2026-08-19 04:34:30 [action #537] t=20.02s step=996 queue=3 dmax=2.574 | shoulder_pan.pos=-0.48 shoulder_lift.pos=-94.65 elbow_flex.pos=+79.13 wrist_flex.pos=+66.80 wrist_roll.pos=-6.04 gripper.pos=+0.59
DEBUG 2026-08-19 04:34:30 [action #538] t=20.05s step=997 queue=2 dmax=1.026 | shoulder_pan.pos=-0.60 shoulder_lift.pos=-95.67 elbow_flex.pos=+79.99 wrist_flex.pos=+67.04 wrist_roll.pos=-6.04 gripper.pos=+0.71
DEBUG 2026-08-19 04:34:30 [action #539] t=20.08s step=998 queue=1 dmax=1.942 | shoulder_pan.pos=-0.60 shoulder_lift.pos=-97.61 elbow_flex.pos=+80.97 wrist_flex.pos=+67.06 wrist_roll.pos=-5.86 gripper.pos=+0.68
DEBUG 2026-08-19 04:34:30 [chunk] received 50 actions, timesteps 974..1023 | first: shoulder_pan.pos=-2.94 shoulder_lift.pos=-64.89 elbow_flex.pos=+56.23 wrist_flex.pos=+76.58 wrist_roll.pos=-6.93 gripper.pos=+0.75 | last: shoulder_pan.pos=-4.46 shoulder_lift.pos=-101.83 elbow_flex.pos=+88.39 wrist_flex.pos=+76.42 wrist_roll.pos=-5.26 gripper.pos=+0.30
DEBUG 2026-08-19 04:34:30 [action #540] t=20.22s step=999 queue=25 dmax=10.432 | shoulder_pan.pos=-7.02 shoulder_lift.pos=-87.18 elbow_flex.pos=+74.94 wrist_flex.pos=+76.43 wrist_roll.pos=-6.60 gripper.pos=+0.55
DEBUG 2026-08-19 04:34:30 [action #541] t=20.25s step=1000 queue=24 dmax=1.593 | shoulder_pan.pos=-6.97 shoulder_lift.pos=-88.77 elbow_flex.pos=+75.63 wrist_flex.pos=+76.21 wrist_roll.pos=-6.74 gripper.pos=+0.38
DEBUG 2026-08-19 04:34:30 [action #542] t=20.28s step=1001 queue=23 dmax=0.830 | shoulder_pan.pos=-6.59 shoulder_lift.pos=-89.60 elbow_flex.pos=+76.11 wrist_flex.pos=+76.22 wrist_roll.pos=-6.69 gripper.pos=+0.44
DEBUG 2026-08-19 04:34:30 [action #543] t=20.32s step=1002 queue=22 dmax=1.274 | shoulder_pan.pos=-6.52 shoulder_lift.pos=-90.59 elbow_flex.pos=+77.38 wrist_flex.pos=+76.18 wrist_roll.pos=-6.52 gripper.pos=+0.50
DEBUG 2026-08-19 04:34:30 [action #544] t=20.35s step=1003 queue=21 dmax=1.168 | shoulder_pan.pos=-6.17 shoulder_lift.pos=-91.76 elbow_flex.pos=+78.32 wrist_flex.pos=+76.22 wrist_roll.pos=-6.62 gripper.pos=+0.45
DEBUG 2026-08-19 04:34:30 [action #545] t=20.38s step=1004 queue=20 dmax=0.974 | shoulder_pan.pos=-6.04 shoulder_lift.pos=-92.73 elbow_flex.pos=+78.63 wrist_flex.pos=+76.27 wrist_roll.pos=-6.40 gripper.pos=+0.40
DEBUG 2026-08-19 04:34:30 [action #546] t=20.42s step=1005 queue=19 dmax=0.817 | shoulder_pan.pos=-6.13 shoulder_lift.pos=-93.42 elbow_flex.pos=+79.45 wrist_flex.pos=+76.18 wrist_roll.pos=-6.11 gripper.pos=+0.35
DEBUG 2026-08-19 04:34:30 [action #547] t=20.45s step=1006 queue=18 dmax=1.049 | shoulder_pan.pos=-5.96 shoulder_lift.pos=-94.47 elbow_flex.pos=+79.54 wrist_flex.pos=+76.26 wrist_roll.pos=-6.11 gripper.pos=+0.35
DEBUG 2026-08-19 04:34:30 [action #548] t=20.48s step=1007 queue=17 dmax=1.188 | shoulder_pan.pos=-6.01 shoulder_lift.pos=-95.45 elbow_flex.pos=+80.73 wrist_flex.pos=+76.41 wrist_roll.pos=-5.74 gripper.pos=+0.35
DEBUG 2026-08-19 04:34:30 [action #549] t=20.52s step=1008 queue=16 dmax=1.507 | shoulder_pan.pos=-5.97 shoulder_lift.pos=-96.85 elbow_flex.pos=+82.24 wrist_flex.pos=+76.64 wrist_roll.pos=-5.48 gripper.pos=+0.31
DEBUG 2026-08-19 04:34:30 [action #550] t=20.55s step=1009 queue=15 dmax=1.174 | shoulder_pan.pos=-5.37 shoulder_lift.pos=-98.02 elbow_flex.pos=+82.35 wrist_flex.pos=+76.53 wrist_roll.pos=-5.08 gripper.pos=+0.39
DEBUG 2026-08-19 04:34:30 [action #551] t=20.58s step=1010 queue=14 dmax=1.049 | shoulder_pan.pos=-5.23 shoulder_lift.pos=-99.02 elbow_flex.pos=+83.40 wrist_flex.pos=+76.49 wrist_roll.pos=-5.09 gripper.pos=+0.34
DEBUG 2026-08-19 04:34:30 [action #552] t=20.62s step=1011 queue=13 dmax=0.193 | shoulder_pan.pos=-5.04 shoulder_lift.pos=-99.11 elbow_flex.pos=+83.59 wrist_flex.pos=+76.58 wrist_roll.pos=-5.05 gripper.pos=+0.39
DEBUG 2026-08-19 04:34:30 [action #553] t=20.65s step=1012 queue=12 dmax=1.405 | shoulder_pan.pos=-5.01 shoulder_lift.pos=-100.52 elbow_flex.pos=+84.49 wrist_flex.pos=+76.51 wrist_roll.pos=-5.13 gripper.pos=+0.33
DEBUG 2026-08-19 04:34:30 [action #554] t=20.68s step=1013 queue=11 dmax=0.874 | shoulder_pan.pos=-4.91 shoulder_lift.pos=-101.39 elbow_flex.pos=+85.04 wrist_flex.pos=+76.58 wrist_roll.pos=-5.29 gripper.pos=+0.39
DEBUG 2026-08-19 04:34:30 [action #555] t=20.72s step=1014 queue=10 dmax=0.859 | shoulder_pan.pos=-4.84 shoulder_lift.pos=-102.00 elbow_flex.pos=+85.90 wrist_flex.pos=+76.44 wrist_roll.pos=-5.28 gripper.pos=+0.38
DEBUG 2026-08-19 04:34:30 [action #556] t=20.75s step=1015 queue=9 dmax=0.439 | shoulder_pan.pos=-4.99 shoulder_lift.pos=-101.64 elbow_flex.pos=+86.34 wrist_flex.pos=+76.68 wrist_roll.pos=-5.30 gripper.pos=+0.44
DEBUG 2026-08-19 04:34:31 [action #557] t=20.78s step=1016 queue=8 dmax=0.440 | shoulder_pan.pos=-5.02 shoulder_lift.pos=-102.08 elbow_flex.pos=+86.25 wrist_flex.pos=+76.59 wrist_roll.pos=-5.25 gripper.pos=+0.18
DEBUG 2026-08-19 04:34:31 [action #558] t=20.82s step=1017 queue=7 dmax=0.636 | shoulder_pan.pos=-4.90 shoulder_lift.pos=-102.17 elbow_flex.pos=+86.89 wrist_flex.pos=+76.40 wrist_roll.pos=-5.17 gripper.pos=+0.23
DEBUG 2026-08-19 04:34:31 [action #559] t=20.85s step=1018 queue=6 dmax=0.456 | shoulder_pan.pos=-4.88 shoulder_lift.pos=-102.61 elbow_flex.pos=+87.35 wrist_flex.pos=+76.52 wrist_roll.pos=-5.10 gripper.pos=+0.11
DEBUG 2026-08-19 04:34:31 [action #560] t=20.89s step=1019 queue=5 dmax=0.555 | shoulder_pan.pos=-5.00 shoulder_lift.pos=-102.06 elbow_flex.pos=+87.83 wrist_flex.pos=+76.58 wrist_roll.pos=-5.21 gripper.pos=+0.16
DEBUG 2026-08-19 04:34:31 [action #561] t=20.92s step=1020 queue=4 dmax=0.094 | shoulder_pan.pos=-4.92 shoulder_lift.pos=-102.06 elbow_flex.pos=+87.90 wrist_flex.pos=+76.54 wrist_roll.pos=-5.31 gripper.pos=+0.16
DEBUG 2026-08-19 04:34:31 [action #562] t=20.95s step=1021 queue=3 dmax=0.137 | shoulder_pan.pos=-4.95 shoulder_lift.pos=-102.16 elbow_flex.pos=+88.04 wrist_flex.pos=+76.44 wrist_roll.pos=-5.27 gripper.pos=+0.14
DEBUG 2026-08-19 04:34:31 [action #563] t=20.99s step=1022 queue=2 dmax=0.547 | shoulder_pan.pos=-4.90 shoulder_lift.pos=-101.91 elbow_flex.pos=+88.59 wrist_flex.pos=+76.53 wrist_roll.pos=-5.14 gripper.pos=+0.11
DEBUG 2026-08-19 04:34:31 [action #564] t=21.02s step=1023 queue=1 dmax=0.435 | shoulder_pan.pos=-4.46 shoulder_lift.pos=-101.83 elbow_flex.pos=+88.39 wrist_flex.pos=+76.42 wrist_roll.pos=-5.26 gripper.pos=+0.30
DEBUG 2026-08-19 04:34:31 [chunk] received 50 actions, timesteps 998..1047 | first: shoulder_pan.pos=-0.67 shoulder_lift.pos=-99.50 elbow_flex.pos=+84.16 wrist_flex.pos=+67.67 wrist_roll.pos=-5.97 gripper.pos=+0.52 | last: shoulder_pan.pos=-2.66 shoulder_lift.pos=-102.53 elbow_flex.pos=+89.88 wrist_flex.pos=+78.57 wrist_roll.pos=-2.51 gripper.pos=+0.26
DEBUG 2026-08-19 04:34:31 [action #565] t=21.09s step=1024 queue=24 dmax=2.599 | shoulder_pan.pos=-2.20 shoulder_lift.pos=-102.30 elbow_flex.pos=+88.44 wrist_flex.pos=+78.28 wrist_roll.pos=-2.66 gripper.pos=+0.35
DEBUG 2026-08-19 04:34:31 [action #566] t=21.12s step=1025 queue=23 dmax=0.272 | shoulder_pan.pos=-2.02 shoulder_lift.pos=-102.10 elbow_flex.pos=+88.46 wrist_flex.pos=+78.30 wrist_roll.pos=-2.39 gripper.pos=+0.36
DEBUG 2026-08-19 04:34:31 [action #567] t=21.15s step=1026 queue=22 dmax=0.622 | shoulder_pan.pos=-2.55 shoulder_lift.pos=-101.48 elbow_flex.pos=+88.33 wrist_flex.pos=+78.63 wrist_roll.pos=-2.30 gripper.pos=+0.24
DEBUG 2026-08-19 04:34:31 [action #568] t=21.19s step=1027 queue=21 dmax=1.320 | shoulder_pan.pos=-2.72 shoulder_lift.pos=-102.04 elbow_flex.pos=+89.65 wrist_flex.pos=+78.31 wrist_roll.pos=-2.24 gripper.pos=+0.26
DEBUG 2026-08-19 04:34:31 [action #569] t=21.22s step=1028 queue=20 dmax=0.852 | shoulder_pan.pos=-2.92 shoulder_lift.pos=-102.55 elbow_flex.pos=+88.80 wrist_flex.pos=+78.78 wrist_roll.pos=-2.27 gripper.pos=+0.33
DEBUG 2026-08-19 04:34:31 [action #570] t=21.25s step=1029 queue=19 dmax=0.772 | shoulder_pan.pos=-2.59 shoulder_lift.pos=-101.78 elbow_flex.pos=+88.63 wrist_flex.pos=+78.59 wrist_roll.pos=-2.21 gripper.pos=+0.31
DEBUG 2026-08-19 04:34:31 [action #571] t=21.29s step=1030 queue=18 dmax=0.116 | shoulder_pan.pos=-2.64 shoulder_lift.pos=-101.87 elbow_flex.pos=+88.60 wrist_flex.pos=+78.71 wrist_roll.pos=-2.25 gripper.pos=+0.38
DEBUG 2026-08-19 04:34:31 [action #572] t=21.32s step=1031 queue=17 dmax=0.347 | shoulder_pan.pos=-2.66 shoulder_lift.pos=-102.08 elbow_flex.pos=+88.25 wrist_flex.pos=+78.64 wrist_roll.pos=-2.36 gripper.pos=+0.41
DEBUG 2026-08-19 04:34:31 [action #573] t=21.35s step=1032 queue=16 dmax=0.411 | shoulder_pan.pos=-2.50 shoulder_lift.pos=-102.49 elbow_flex.pos=+88.50 wrist_flex.pos=+78.90 wrist_roll.pos=-2.36 gripper.pos=+0.47
DEBUG 2026-08-19 04:34:31 [action #574] t=21.39s step=1033 queue=15 dmax=0.949 | shoulder_pan.pos=-3.00 shoulder_lift.pos=-101.54 elbow_flex.pos=+88.34 wrist_flex.pos=+78.76 wrist_roll.pos=-2.10 gripper.pos=+0.39
DEBUG 2026-08-19 04:34:31 [action #575] t=21.42s step=1034 queue=14 dmax=1.211 | shoulder_pan.pos=-2.75 shoulder_lift.pos=-102.75 elbow_flex.pos=+88.93 wrist_flex.pos=+78.58 wrist_roll.pos=-2.26 gripper.pos=+0.22
DEBUG 2026-08-19 04:34:31 [action #576] t=21.45s step=1035 queue=13 dmax=0.517 | shoulder_pan.pos=-2.53 shoulder_lift.pos=-102.25 elbow_flex.pos=+88.41 wrist_flex.pos=+79.02 wrist_roll.pos=-2.37 gripper.pos=+0.42
DEBUG 2026-08-19 04:34:31 [action #577] t=21.49s step=1036 queue=12 dmax=0.376 | shoulder_pan.pos=-2.61 shoulder_lift.pos=-102.63 elbow_flex.pos=+88.21 wrist_flex.pos=+78.70 wrist_roll.pos=-2.35 gripper.pos=+0.37
DEBUG 2026-08-19 04:34:31 [action #578] t=21.52s step=1037 queue=11 dmax=0.397 | shoulder_pan.pos=-2.32 shoulder_lift.pos=-102.23 elbow_flex.pos=+88.49 wrist_flex.pos=+78.83 wrist_roll.pos=-2.39 gripper.pos=+0.43
DEBUG 2026-08-19 04:34:31 [action #579] t=21.55s step=1038 queue=10 dmax=0.599 | shoulder_pan.pos=-2.39 shoulder_lift.pos=-101.77 elbow_flex.pos=+89.09 wrist_flex.pos=+78.76 wrist_roll.pos=-2.22 gripper.pos=+0.36
DEBUG 2026-08-19 04:34:31 [action #580] t=21.59s step=1039 queue=9 dmax=0.527 | shoulder_pan.pos=-2.44 shoulder_lift.pos=-102.30 elbow_flex.pos=+88.82 wrist_flex.pos=+78.62 wrist_roll.pos=-2.23 gripper.pos=+0.28
DEBUG 2026-08-19 04:34:31 [action #581] t=21.62s step=1040 queue=8 dmax=0.309 | shoulder_pan.pos=-2.75 shoulder_lift.pos=-102.60 elbow_flex.pos=+89.11 wrist_flex.pos=+78.77 wrist_roll.pos=-2.21 gripper.pos=+0.27
DEBUG 2026-08-19 04:34:31 [action #582] t=21.65s step=1041 queue=7 dmax=0.301 | shoulder_pan.pos=-2.71 shoulder_lift.pos=-102.50 elbow_flex.pos=+88.81 wrist_flex.pos=+78.65 wrist_roll.pos=-2.20 gripper.pos=+0.28
DEBUG 2026-08-19 04:34:31 [action #583] t=21.69s step=1042 queue=6 dmax=0.460 | shoulder_pan.pos=-2.61 shoulder_lift.pos=-102.80 elbow_flex.pos=+89.27 wrist_flex.pos=+78.65 wrist_roll.pos=-2.24 gripper.pos=+0.27
DEBUG 2026-08-19 04:34:31 [action #584] t=21.72s step=1043 queue=5 dmax=0.449 | shoulder_pan.pos=-2.51 shoulder_lift.pos=-102.48 elbow_flex.pos=+89.72 wrist_flex.pos=+78.74 wrist_roll.pos=-2.31 gripper.pos=+0.32
DEBUG 2026-08-19 04:34:31 [action #585] t=21.75s step=1044 queue=4 dmax=0.671 | shoulder_pan.pos=-2.74 shoulder_lift.pos=-102.51 elbow_flex.pos=+89.04 wrist_flex.pos=+78.68 wrist_roll.pos=-2.49 gripper.pos=+0.31
DEBUG 2026-08-19 04:34:32 [action #586] t=21.79s step=1045 queue=3 dmax=0.823 | shoulder_pan.pos=-2.67 shoulder_lift.pos=-102.18 elbow_flex.pos=+89.87 wrist_flex.pos=+78.72 wrist_roll.pos=-2.56 gripper.pos=+0.36
DEBUG 2026-08-19 04:34:32 [action #587] t=21.82s step=1046 queue=2 dmax=0.684 | shoulder_pan.pos=-2.52 shoulder_lift.pos=-101.49 elbow_flex.pos=+89.61 wrist_flex.pos=+78.66 wrist_roll.pos=-2.43 gripper.pos=+0.32
DEBUG 2026-08-19 04:34:32 [action #588] t=21.86s step=1047 queue=1 dmax=1.032 | shoulder_pan.pos=-2.66 shoulder_lift.pos=-102.53 elbow_flex.pos=+89.88 wrist_flex.pos=+78.57 wrist_roll.pos=-2.51 gripper.pos=+0.26
DEBUG 2026-08-19 04:34:32 [chunk] received 50 actions, timesteps 1023..1072 | first: shoulder_pan.pos=-4.61 shoulder_lift.pos=-100.67 elbow_flex.pos=+87.20 wrist_flex.pos=+77.06 wrist_roll.pos=-4.95 gripper.pos=+0.34 | last: shoulder_pan.pos=-6.38 shoulder_lift.pos=-101.44 elbow_flex.pos=+87.29 wrist_flex.pos=+78.06 wrist_roll.pos=-4.99 gripper.pos=+0.19
DEBUG 2026-08-19 04:34:32 [action #589] t=21.96s step=1048 queue=25 dmax=2.481 | shoulder_pan.pos=-5.14 shoulder_lift.pos=-101.50 elbow_flex.pos=+88.14 wrist_flex.pos=+78.09 wrist_roll.pos=-4.79 gripper.pos=+0.43
DEBUG 2026-08-19 04:34:32 [action #590] t=21.99s step=1049 queue=24 dmax=0.322 | shoulder_pan.pos=-5.16 shoulder_lift.pos=-101.70 elbow_flex.pos=+87.82 wrist_flex.pos=+78.04 wrist_roll.pos=-4.77 gripper.pos=+0.24
DEBUG 2026-08-19 04:34:32 [action #591] t=22.02s step=1050 queue=23 dmax=0.682 | shoulder_pan.pos=-5.28 shoulder_lift.pos=-101.38 elbow_flex.pos=+87.14 wrist_flex.pos=+78.06 wrist_roll.pos=-4.82 gripper.pos=+0.37
DEBUG 2026-08-19 04:34:32 [action #592] t=22.06s step=1051 queue=22 dmax=0.512 | shoulder_pan.pos=-5.31 shoulder_lift.pos=-101.45 elbow_flex.pos=+87.65 wrist_flex.pos=+78.11 wrist_roll.pos=-4.85 gripper.pos=+0.42
DEBUG 2026-08-19 04:34:32 [action #593] t=22.09s step=1052 queue=21 dmax=0.089 | shoulder_pan.pos=-5.27 shoulder_lift.pos=-101.47 elbow_flex.pos=+87.74 wrist_flex.pos=+78.03 wrist_roll.pos=-4.87 gripper.pos=+0.36
DEBUG 2026-08-19 04:34:32 [action #594] t=22.12s step=1053 queue=20 dmax=0.496 | shoulder_pan.pos=-5.34 shoulder_lift.pos=-101.46 elbow_flex.pos=+87.24 wrist_flex.pos=+78.12 wrist_roll.pos=-4.93 gripper.pos=+0.36
DEBUG 2026-08-19 04:34:32 [action #595] t=22.16s step=1054 queue=19 dmax=0.264 | shoulder_pan.pos=-5.20 shoulder_lift.pos=-101.27 elbow_flex.pos=+87.50 wrist_flex.pos=+78.16 wrist_roll.pos=-4.89 gripper.pos=+0.63
DEBUG 2026-08-19 04:34:32 [action #596] t=22.19s step=1055 queue=18 dmax=0.285 | shoulder_pan.pos=-5.49 shoulder_lift.pos=-101.16 elbow_flex.pos=+87.40 wrist_flex.pos=+77.88 wrist_roll.pos=-4.92 gripper.pos=+0.41
DEBUG 2026-08-19 04:34:32 [action #597] t=22.22s step=1056 queue=17 dmax=0.556 | shoulder_pan.pos=-5.65 shoulder_lift.pos=-101.72 elbow_flex.pos=+87.25 wrist_flex.pos=+78.05 wrist_roll.pos=-4.95 gripper.pos=+0.44
DEBUG 2026-08-19 04:34:32 [action #598] t=22.26s step=1057 queue=16 dmax=0.539 | shoulder_pan.pos=-5.89 shoulder_lift.pos=-101.18 elbow_flex.pos=+87.60 wrist_flex.pos=+78.01 wrist_roll.pos=-4.92 gripper.pos=+0.42
DEBUG 2026-08-19 04:34:32 [action #599] t=22.29s step=1058 queue=15 dmax=0.767 | shoulder_pan.pos=-5.74 shoulder_lift.pos=-101.95 elbow_flex.pos=+87.39 wrist_flex.pos=+78.05 wrist_roll.pos=-4.95 gripper.pos=+0.47
DEBUG 2026-08-19 04:34:32 [action #600] t=22.32s step=1059 queue=14 dmax=0.512 | shoulder_pan.pos=-5.90 shoulder_lift.pos=-101.44 elbow_flex.pos=+87.42 wrist_flex.pos=+77.98 wrist_roll.pos=-4.89 gripper.pos=+0.39
DEBUG 2026-08-19 04:34:32 [action #601] t=22.36s step=1060 queue=13 dmax=0.299 | shoulder_pan.pos=-5.96 shoulder_lift.pos=-101.14 elbow_flex.pos=+87.61 wrist_flex.pos=+77.82 wrist_roll.pos=-4.99 gripper.pos=+0.33
DEBUG 2026-08-19 04:34:32 [action #602] t=22.39s step=1061 queue=12 dmax=0.548 | shoulder_pan.pos=-6.06 shoulder_lift.pos=-101.69 elbow_flex.pos=+87.82 wrist_flex.pos=+77.83 wrist_roll.pos=-4.95 gripper.pos=+0.43
DEBUG 2026-08-19 04:34:32 [action #603] t=22.42s step=1062 queue=11 dmax=0.568 | shoulder_pan.pos=-6.10 shoulder_lift.pos=-101.21 elbow_flex.pos=+87.25 wrist_flex.pos=+77.94 wrist_roll.pos=-4.98 gripper.pos=+0.25
DEBUG 2026-08-19 04:34:32 [action #604] t=22.46s step=1063 queue=10 dmax=0.347 | shoulder_pan.pos=-6.18 shoulder_lift.pos=-101.56 elbow_flex.pos=+87.21 wrist_flex.pos=+77.96 wrist_roll.pos=-4.99 gripper.pos=+0.26
DEBUG 2026-08-19 04:34:32 [action #605] t=22.49s step=1064 queue=9 dmax=0.237 | shoulder_pan.pos=-6.07 shoulder_lift.pos=-101.32 elbow_flex.pos=+87.43 wrist_flex.pos=+77.86 wrist_roll.pos=-4.96 gripper.pos=+0.34
DEBUG 2026-08-19 04:34:32 [action #606] t=22.52s step=1065 queue=8 dmax=0.189 | shoulder_pan.pos=-6.01 shoulder_lift.pos=-101.13 elbow_flex.pos=+87.48 wrist_flex.pos=+77.97 wrist_roll.pos=-4.96 gripper.pos=+0.36
DEBUG 2026-08-19 04:34:32 [action #607] t=22.56s step=1066 queue=7 dmax=0.597 | shoulder_pan.pos=-5.89 shoulder_lift.pos=-100.54 elbow_flex.pos=+87.76 wrist_flex.pos=+77.93 wrist_roll.pos=-4.98 gripper.pos=+0.15
DEBUG 2026-08-19 04:34:32 [action #608] t=22.59s step=1067 queue=6 dmax=0.789 | shoulder_pan.pos=-6.24 shoulder_lift.pos=-101.32 elbow_flex.pos=+87.34 wrist_flex.pos=+77.96 wrist_roll.pos=-4.91 gripper.pos=+0.26
DEBUG 2026-08-19 04:34:32 [action #609] t=22.62s step=1068 queue=5 dmax=0.177 | shoulder_pan.pos=-6.11 shoulder_lift.pos=-101.15 elbow_flex.pos=+87.46 wrist_flex.pos=+78.01 wrist_roll.pos=-4.95 gripper.pos=+0.41
DEBUG 2026-08-19 04:34:32 [action #610] t=22.66s step=1069 queue=4 dmax=0.152 | shoulder_pan.pos=-6.26 shoulder_lift.pos=-101.14 elbow_flex.pos=+87.35 wrist_flex.pos=+77.94 wrist_roll.pos=-4.89 gripper.pos=+0.28
DEBUG 2026-08-19 04:34:32 [action #611] t=22.69s step=1070 queue=3 dmax=0.410 | shoulder_pan.pos=-6.16 shoulder_lift.pos=-101.35 elbow_flex.pos=+86.94 wrist_flex.pos=+78.04 wrist_roll.pos=-5.04 gripper.pos=+0.31
DEBUG 2026-08-19 04:34:32 [chunk] received 50 actions, timesteps 1047..1096 | first: shoulder_pan.pos=-2.68 shoulder_lift.pos=-101.64 elbow_flex.pos=+88.11 wrist_flex.pos=+77.55 wrist_roll.pos=-2.65 gripper.pos=+0.51 | last: shoulder_pan.pos=-2.64 shoulder_lift.pos=-101.35 elbow_flex.pos=+88.06 wrist_flex.pos=+77.53 wrist_roll.pos=-2.61 gripper.pos=+0.51
DEBUG 2026-08-19 04:34:32 [action #612] t=22.72s step=1071 queue=26 dmax=2.384 | shoulder_pan.pos=-3.77 shoulder_lift.pos=-101.30 elbow_flex.pos=+87.88 wrist_flex.pos=+77.69 wrist_roll.pos=-3.28 gripper.pos=+0.39
DEBUG 2026-08-19 04:34:32 [action #613] t=22.76s step=1072 queue=25 dmax=0.406 | shoulder_pan.pos=-3.95 shoulder_lift.pos=-101.71 elbow_flex.pos=+87.52 wrist_flex.pos=+77.67 wrist_roll.pos=-3.29 gripper.pos=+0.39
DEBUG 2026-08-19 04:34:33 [action #614] t=22.79s step=1073 queue=24 dmax=1.123 | shoulder_pan.pos=-2.82 shoulder_lift.pos=-101.41 elbow_flex.pos=+87.24 wrist_flex.pos=+77.56 wrist_roll.pos=-2.50 gripper.pos=+0.50
DEBUG 2026-08-19 04:34:33 [action #615] t=22.83s step=1074 queue=23 dmax=0.524 | shoulder_pan.pos=-2.85 shoulder_lift.pos=-101.94 elbow_flex.pos=+87.49 wrist_flex.pos=+77.57 wrist_roll.pos=-2.56 gripper.pos=+0.52
DEBUG 2026-08-19 04:34:33 [action #616] t=22.86s step=1075 queue=22 dmax=0.156 | shoulder_pan.pos=-2.93 shoulder_lift.pos=-102.09 elbow_flex.pos=+87.54 wrist_flex.pos=+77.62 wrist_roll.pos=-2.61 gripper.pos=+0.50
DEBUG 2026-08-19 04:34:33 [action #617] t=22.89s step=1076 queue=21 dmax=0.475 | shoulder_pan.pos=-2.83 shoulder_lift.pos=-101.74 elbow_flex.pos=+88.02 wrist_flex.pos=+77.63 wrist_roll.pos=-2.57 gripper.pos=+0.50
DEBUG 2026-08-19 04:34:33 [action #618] t=22.93s step=1077 queue=20 dmax=0.439 | shoulder_pan.pos=-2.71 shoulder_lift.pos=-101.75 elbow_flex.pos=+87.58 wrist_flex.pos=+77.60 wrist_roll.pos=-2.61 gripper.pos=+0.56
DEBUG 2026-08-19 04:34:33 [action #619] t=22.96s step=1078 queue=19 dmax=0.206 | shoulder_pan.pos=-2.85 shoulder_lift.pos=-101.83 elbow_flex.pos=+87.78 wrist_flex.pos=+77.53 wrist_roll.pos=-2.61 gripper.pos=+0.52
DEBUG 2026-08-19 04:34:33 [action #620] t=22.99s step=1079 queue=18 dmax=0.364 | shoulder_pan.pos=-2.76 shoulder_lift.pos=-101.47 elbow_flex.pos=+87.59 wrist_flex.pos=+77.68 wrist_roll.pos=-2.54 gripper.pos=+0.56
DEBUG 2026-08-19 04:34:33 [action #621] t=23.03s step=1080 queue=17 dmax=0.122 | shoulder_pan.pos=-2.63 shoulder_lift.pos=-101.36 elbow_flex.pos=+87.70 wrist_flex.pos=+77.58 wrist_roll.pos=-2.53 gripper.pos=+0.48
DEBUG 2026-08-19 04:34:33 [action #622] t=23.06s step=1081 queue=16 dmax=0.426 | shoulder_pan.pos=-2.65 shoulder_lift.pos=-101.79 elbow_flex.pos=+88.04 wrist_flex.pos=+77.55 wrist_roll.pos=-2.48 gripper.pos=+0.48
DEBUG 2026-08-19 04:34:33 [action #623] t=23.09s step=1082 queue=15 dmax=0.244 | shoulder_pan.pos=-2.75 shoulder_lift.pos=-102.01 elbow_flex.pos=+87.80 wrist_flex.pos=+77.69 wrist_roll.pos=-2.51 gripper.pos=+0.50
DEBUG 2026-08-19 04:34:33 [action #624] t=23.13s step=1083 queue=14 dmax=0.803 | shoulder_pan.pos=-2.83 shoulder_lift.pos=-101.21 elbow_flex.pos=+87.52 wrist_flex.pos=+77.72 wrist_roll.pos=-2.44 gripper.pos=+0.51
DEBUG 2026-08-19 04:34:33 [action #625] t=23.16s step=1084 queue=13 dmax=0.574 | shoulder_pan.pos=-2.86 shoulder_lift.pos=-101.78 elbow_flex.pos=+88.07 wrist_flex.pos=+77.58 wrist_roll.pos=-2.57 gripper.pos=+0.56
DEBUG 2026-08-19 04:34:33 [action #626] t=23.19s step=1085 queue=12 dmax=0.155 | shoulder_pan.pos=-2.71 shoulder_lift.pos=-101.63 elbow_flex.pos=+87.92 wrist_flex.pos=+77.44 wrist_roll.pos=-2.52 gripper.pos=+0.54
DEBUG 2026-08-19 04:34:33 [action #627] t=23.23s step=1086 queue=11 dmax=0.376 | shoulder_pan.pos=-2.73 shoulder_lift.pos=-101.25 elbow_flex.pos=+87.77 wrist_flex.pos=+77.41 wrist_roll.pos=-2.45 gripper.pos=+0.55
DEBUG 2026-08-19 04:34:33 [action #628] t=23.26s step=1087 queue=10 dmax=0.677 | shoulder_pan.pos=-2.78 shoulder_lift.pos=-101.93 elbow_flex.pos=+87.61 wrist_flex.pos=+77.50 wrist_roll.pos=-2.48 gripper.pos=+0.45
DEBUG 2026-08-19 04:34:33 [action #629] t=23.29s step=1088 queue=9 dmax=1.073 | shoulder_pan.pos=-2.79 shoulder_lift.pos=-100.85 elbow_flex.pos=+87.60 wrist_flex.pos=+77.65 wrist_roll.pos=-2.48 gripper.pos=+0.55
DEBUG 2026-08-19 04:34:33 [action #630] t=23.33s step=1089 queue=8 dmax=0.849 | shoulder_pan.pos=-2.87 shoulder_lift.pos=-101.70 elbow_flex.pos=+87.68 wrist_flex.pos=+77.51 wrist_roll.pos=-2.52 gripper.pos=+0.53
DEBUG 2026-08-19 04:34:33 [action #631] t=23.36s step=1090 queue=7 dmax=0.526 | shoulder_pan.pos=-2.76 shoulder_lift.pos=-101.18 elbow_flex.pos=+87.95 wrist_flex.pos=+77.48 wrist_roll.pos=-2.53 gripper.pos=+0.53
DEBUG 2026-08-19 04:34:33 [action #632] t=23.39s step=1091 queue=6 dmax=0.331 | shoulder_pan.pos=-2.66 shoulder_lift.pos=-101.51 elbow_flex.pos=+87.87 wrist_flex.pos=+77.56 wrist_roll.pos=-2.47 gripper.pos=+0.50
DEBUG 2026-08-19 04:34:33 [action #633] t=23.43s step=1092 queue=5 dmax=0.230 | shoulder_pan.pos=-2.76 shoulder_lift.pos=-101.73 elbow_flex.pos=+88.11 wrist_flex.pos=+77.55 wrist_roll.pos=-2.49 gripper.pos=+0.52
DEBUG 2026-08-19 04:34:33 [action #634] t=23.46s step=1093 queue=4 dmax=0.516 | shoulder_pan.pos=-2.88 shoulder_lift.pos=-101.40 elbow_flex.pos=+87.59 wrist_flex.pos=+77.53 wrist_roll.pos=-2.49 gripper.pos=+0.50
DEBUG 2026-08-19 04:34:33 [chunk] received 50 actions, timesteps 1070..1119 | first: shoulder_pan.pos=-6.19 shoulder_lift.pos=-100.16 elbow_flex.pos=+87.26 wrist_flex.pos=+77.87 wrist_roll.pos=-4.35 gripper.pos=+0.30 | last: shoulder_pan.pos=-5.84 shoulder_lift.pos=-101.05 elbow_flex.pos=+88.88 wrist_flex.pos=+78.09 wrist_roll.pos=-4.37 gripper.pos=+0.55
DEBUG 2026-08-19 04:34:33 [action #635] t=23.49s step=1094 queue=26 dmax=2.049 | shoulder_pan.pos=-4.92 shoulder_lift.pos=-100.93 elbow_flex.pos=+88.44 wrist_flex.pos=+78.03 wrist_roll.pos=-3.89 gripper.pos=+0.55
DEBUG 2026-08-19 04:34:33 [action #636] t=23.53s step=1095 queue=25 dmax=0.391 | shoulder_pan.pos=-4.84 shoulder_lift.pos=-101.32 elbow_flex.pos=+88.61 wrist_flex.pos=+77.80 wrist_roll.pos=-3.76 gripper.pos=+0.47
DEBUG 2026-08-19 04:34:33 [action #637] t=23.56s step=1096 queue=24 dmax=0.285 | shoulder_pan.pos=-4.69 shoulder_lift.pos=-101.04 elbow_flex.pos=+88.50 wrist_flex.pos=+77.95 wrist_roll.pos=-3.82 gripper.pos=+0.64
DEBUG 2026-08-19 04:34:33 [action #638] t=23.59s step=1097 queue=23 dmax=0.971 | shoulder_pan.pos=-5.66 shoulder_lift.pos=-100.61 elbow_flex.pos=+88.91 wrist_flex.pos=+77.84 wrist_roll.pos=-4.36 gripper.pos=+0.52
DEBUG 2026-08-19 04:34:33 [action #639] t=23.63s step=1098 queue=22 dmax=0.980 | shoulder_pan.pos=-5.73 shoulder_lift.pos=-101.59 elbow_flex.pos=+88.79 wrist_flex.pos=+78.06 wrist_roll.pos=-4.30 gripper.pos=+0.44
DEBUG 2026-08-19 04:34:33 [action #640] t=23.66s step=1099 queue=21 dmax=0.330 | shoulder_pan.pos=-5.72 shoulder_lift.pos=-101.53 elbow_flex.pos=+89.12 wrist_flex.pos=+77.83 wrist_roll.pos=-4.30 gripper.pos=+0.56
DEBUG 2026-08-19 04:34:33 [action #641] t=23.69s step=1100 queue=20 dmax=0.699 | shoulder_pan.pos=-5.77 shoulder_lift.pos=-100.83 elbow_flex.pos=+88.89 wrist_flex.pos=+77.77 wrist_roll.pos=-4.36 gripper.pos=+0.57
DEBUG 2026-08-19 04:34:33 [action #642] t=23.73s step=1101 queue=19 dmax=0.769 | shoulder_pan.pos=-5.68 shoulder_lift.pos=-101.60 elbow_flex.pos=+88.15 wrist_flex.pos=+78.11 wrist_roll.pos=-4.18 gripper.pos=+0.52
DEBUG 2026-08-19 04:34:33 [action #643] t=23.76s step=1102 queue=18 dmax=0.925 | shoulder_pan.pos=-5.85 shoulder_lift.pos=-101.09 elbow_flex.pos=+89.07 wrist_flex.pos=+77.67 wrist_roll.pos=-4.28 gripper.pos=+0.57
DEBUG 2026-08-19 04:34:34 [action #644] t=23.79s step=1103 queue=17 dmax=0.875 | shoulder_pan.pos=-5.95 shoulder_lift.pos=-100.64 elbow_flex.pos=+88.20 wrist_flex.pos=+77.83 wrist_roll.pos=-4.25 gripper.pos=+0.31
DEBUG 2026-08-19 04:34:34 [action #645] t=23.83s step=1104 queue=16 dmax=0.606 | shoulder_pan.pos=-5.83 shoulder_lift.pos=-101.24 elbow_flex.pos=+88.67 wrist_flex.pos=+77.80 wrist_roll.pos=-4.28 gripper.pos=+0.41
DEBUG 2026-08-19 04:34:34 [action #646] t=23.86s step=1105 queue=15 dmax=0.426 | shoulder_pan.pos=-6.03 shoulder_lift.pos=-100.86 elbow_flex.pos=+89.09 wrist_flex.pos=+77.69 wrist_roll.pos=-4.35 gripper.pos=+0.52
DEBUG 2026-08-19 04:34:34 [action #647] t=23.90s step=1106 queue=14 dmax=0.679 | shoulder_pan.pos=-5.76 shoulder_lift.pos=-101.48 elbow_flex.pos=+88.42 wrist_flex.pos=+78.05 wrist_roll.pos=-4.20 gripper.pos=+0.50
DEBUG 2026-08-19 04:34:34 [action #648] t=23.93s step=1107 queue=13 dmax=0.515 | shoulder_pan.pos=-5.46 shoulder_lift.pos=-100.97 elbow_flex.pos=+88.88 wrist_flex.pos=+77.80 wrist_roll.pos=-4.22 gripper.pos=+0.46
DEBUG 2026-08-19 04:34:34 [action #649] t=23.96s step=1108 queue=12 dmax=0.400 | shoulder_pan.pos=-5.86 shoulder_lift.pos=-101.30 elbow_flex.pos=+88.94 wrist_flex.pos=+77.84 wrist_roll.pos=-4.14 gripper.pos=+0.50
DEBUG 2026-08-19 04:34:34 [action #650] t=24.00s step=1109 queue=11 dmax=0.283 | shoulder_pan.pos=-6.08 shoulder_lift.pos=-101.34 elbow_flex.pos=+88.83 wrist_flex.pos=+77.55 wrist_roll.pos=-4.14 gripper.pos=+0.41
DEBUG 2026-08-19 04:34:34 [action #651] t=24.03s step=1110 queue=10 dmax=0.466 | shoulder_pan.pos=-5.98 shoulder_lift.pos=-101.81 elbow_flex.pos=+88.81 wrist_flex.pos=+77.94 wrist_roll.pos=-4.25 gripper.pos=+0.46
DEBUG 2026-08-19 04:34:34 [action #652] t=24.06s step=1111 queue=9 dmax=0.425 | shoulder_pan.pos=-6.27 shoulder_lift.pos=-101.38 elbow_flex.pos=+88.88 wrist_flex.pos=+77.95 wrist_roll.pos=-4.21 gripper.pos=+0.43
DEBUG 2026-08-19 04:34:34 [action #653] t=24.10s step=1112 queue=8 dmax=0.500 | shoulder_pan.pos=-6.15 shoulder_lift.pos=-101.88 elbow_flex.pos=+88.96 wrist_flex.pos=+77.97 wrist_roll.pos=-4.28 gripper.pos=+0.57
DEBUG 2026-08-19 04:34:34 [action #654] t=24.13s step=1113 queue=7 dmax=0.871 | shoulder_pan.pos=-5.98 shoulder_lift.pos=-101.01 elbow_flex.pos=+89.09 wrist_flex.pos=+77.87 wrist_roll.pos=-4.22 gripper.pos=+0.49
DEBUG 2026-08-19 04:34:34 [action #655] t=24.16s step=1114 queue=6 dmax=0.902 | shoulder_pan.pos=-6.27 shoulder_lift.pos=-101.91 elbow_flex.pos=+89.30 wrist_flex.pos=+78.22 wrist_roll.pos=-4.35 gripper.pos=+0.24
DEBUG 2026-08-19 04:34:34 [action #656] t=24.20s step=1115 queue=5 dmax=0.853 | shoulder_pan.pos=-6.00 shoulder_lift.pos=-101.07 elbow_flex.pos=+88.45 wrist_flex.pos=+77.87 wrist_roll.pos=-4.30 gripper.pos=+0.38
DEBUG 2026-08-19 04:34:34 [action #657] t=24.23s step=1116 queue=4 dmax=0.794 | shoulder_pan.pos=-6.29 shoulder_lift.pos=-101.86 elbow_flex.pos=+89.13 wrist_flex.pos=+77.79 wrist_roll.pos=-4.23 gripper.pos=+0.49
DEBUG 2026-08-19 04:34:34 [chunk] received 50 actions, timesteps 1092..1141 | first: shoulder_pan.pos=-3.18 shoulder_lift.pos=-101.66 elbow_flex.pos=+88.53 wrist_flex.pos=+77.31 wrist_roll.pos=-2.86 gripper.pos=+0.33 | last: shoulder_pan.pos=-3.51 shoulder_lift.pos=-101.80 elbow_flex.pos=+89.00 wrist_flex.pos=+77.81 wrist_roll.pos=-2.72 gripper.pos=+0.08
DEBUG 2026-08-19 04:34:34 [action #658] t=24.26s step=1117 queue=25 dmax=2.218 | shoulder_pan.pos=-4.07 shoulder_lift.pos=-101.74 elbow_flex.pos=+89.08 wrist_flex.pos=+78.13 wrist_roll.pos=-3.24 gripper.pos=+0.47
DEBUG 2026-08-19 04:34:34 [action #659] t=24.30s step=1118 queue=24 dmax=0.236 | shoulder_pan.pos=-3.95 shoulder_lift.pos=-101.98 elbow_flex.pos=+88.85 wrist_flex.pos=+78.11 wrist_roll.pos=-3.30 gripper.pos=+0.29
DEBUG 2026-08-19 04:34:34 [action #660] t=24.33s step=1119 queue=23 dmax=0.136 | shoulder_pan.pos=-4.08 shoulder_lift.pos=-101.90 elbow_flex.pos=+88.78 wrist_flex.pos=+78.14 wrist_roll.pos=-3.28 gripper.pos=+0.42
DEBUG 2026-08-19 04:34:34 [action #661] t=24.36s step=1120 queue=22 dmax=1.136 | shoulder_pan.pos=-2.94 shoulder_lift.pos=-101.70 elbow_flex.pos=+89.15 wrist_flex.pos=+77.94 wrist_roll.pos=-2.91 gripper.pos=+0.27
DEBUG 2026-08-19 04:34:34 [action #662] t=24.40s step=1121 queue=21 dmax=0.483 | shoulder_pan.pos=-3.39 shoulder_lift.pos=-101.91 elbow_flex.pos=+88.67 wrist_flex.pos=+78.21 wrist_roll.pos=-2.80 gripper.pos=+0.43
DEBUG 2026-08-19 04:34:34 [action #663] t=24.43s step=1122 queue=20 dmax=0.252 | shoulder_pan.pos=-3.46 shoulder_lift.pos=-102.05 elbow_flex.pos=+88.43 wrist_flex.pos=+77.96 wrist_roll.pos=-2.84 gripper.pos=+0.21
DEBUG 2026-08-19 04:34:34 [action #664] t=24.46s step=1123 queue=19 dmax=0.286 | shoulder_pan.pos=-3.42 shoulder_lift.pos=-102.11 elbow_flex.pos=+88.72 wrist_flex.pos=+78.09 wrist_roll.pos=-2.88 gripper.pos=+0.46
DEBUG 2026-08-19 04:34:34 [action #665] t=24.50s step=1124 queue=18 dmax=0.233 | shoulder_pan.pos=-3.25 shoulder_lift.pos=-102.18 elbow_flex.pos=+88.81 wrist_flex.pos=+78.13 wrist_roll.pos=-2.78 gripper.pos=+0.23
DEBUG 2026-08-19 04:34:34 [action #666] t=24.53s step=1125 queue=17 dmax=0.241 | shoulder_pan.pos=-3.14 shoulder_lift.pos=-102.00 elbow_flex.pos=+89.04 wrist_flex.pos=+77.89 wrist_roll.pos=-2.81 gripper.pos=+0.41
DEBUG 2026-08-19 04:34:34 [action #667] t=24.56s step=1126 queue=16 dmax=0.136 | shoulder_pan.pos=-3.11 shoulder_lift.pos=-102.09 elbow_flex.pos=+88.91 wrist_flex.pos=+77.93 wrist_roll.pos=-2.86 gripper.pos=+0.27
DEBUG 2026-08-19 04:34:34 [action #668] t=24.60s step=1127 queue=15 dmax=0.159 | shoulder_pan.pos=-3.27 shoulder_lift.pos=-102.13 elbow_flex.pos=+88.76 wrist_flex.pos=+78.06 wrist_roll.pos=-2.89 gripper.pos=+0.17
DEBUG 2026-08-19 04:34:34 [action #669] t=24.63s step=1128 queue=14 dmax=0.221 | shoulder_pan.pos=-3.24 shoulder_lift.pos=-102.06 elbow_flex.pos=+88.98 wrist_flex.pos=+77.98 wrist_roll.pos=-2.87 gripper.pos=+0.26
DEBUG 2026-08-19 04:34:34 [action #670] t=24.66s step=1129 queue=13 dmax=0.090 | shoulder_pan.pos=-3.19 shoulder_lift.pos=-102.01 elbow_flex.pos=+88.89 wrist_flex.pos=+77.95 wrist_roll.pos=-2.85 gripper.pos=+0.33
DEBUG 2026-08-19 04:34:34 [action #671] t=24.70s step=1130 queue=12 dmax=0.385 | shoulder_pan.pos=-3.28 shoulder_lift.pos=-101.62 elbow_flex.pos=+88.92 wrist_flex.pos=+78.04 wrist_roll.pos=-2.74 gripper.pos=+0.23
DEBUG 2026-08-19 04:34:34 [action #672] t=24.73s step=1131 queue=11 dmax=0.860 | shoulder_pan.pos=-3.55 shoulder_lift.pos=-102.48 elbow_flex.pos=+88.98 wrist_flex.pos=+77.96 wrist_roll.pos=-2.84 gripper.pos=+0.17
DEBUG 2026-08-19 04:34:34 [action #673] t=24.77s step=1132 queue=10 dmax=0.647 | shoulder_pan.pos=-3.43 shoulder_lift.pos=-101.83 elbow_flex.pos=+88.77 wrist_flex.pos=+77.93 wrist_roll.pos=-2.84 gripper.pos=+0.18
DEBUG 2026-08-19 04:34:35 [action #674] t=24.80s step=1133 queue=9 dmax=0.550 | shoulder_pan.pos=-3.15 shoulder_lift.pos=-101.44 elbow_flex.pos=+89.32 wrist_flex.pos=+78.03 wrist_roll.pos=-2.80 gripper.pos=+0.17
DEBUG 2026-08-19 04:34:35 [action #675] t=24.83s step=1134 queue=8 dmax=0.616 | shoulder_pan.pos=-3.28 shoulder_lift.pos=-102.05 elbow_flex.pos=+89.05 wrist_flex.pos=+78.04 wrist_roll.pos=-2.86 gripper.pos=+0.21
DEBUG 2026-08-19 04:34:35 [action #676] t=24.87s step=1135 queue=7 dmax=0.463 | shoulder_pan.pos=-3.18 shoulder_lift.pos=-102.15 elbow_flex.pos=+88.59 wrist_flex.pos=+78.09 wrist_roll.pos=-2.83 gripper.pos=+0.14
DEBUG 2026-08-19 04:34:35 [action #677] t=24.90s step=1136 queue=6 dmax=0.402 | shoulder_pan.pos=-3.46 shoulder_lift.pos=-101.75 elbow_flex.pos=+88.47 wrist_flex.pos=+77.88 wrist_roll.pos=-2.82 gripper.pos=+0.30
DEBUG 2026-08-19 04:34:35 [action #678] t=24.93s step=1137 queue=5 dmax=0.657 | shoulder_pan.pos=-3.38 shoulder_lift.pos=-102.40 elbow_flex.pos=+89.01 wrist_flex.pos=+78.07 wrist_roll.pos=-2.93 gripper.pos=+0.26
DEBUG 2026-08-19 04:34:35 [action #679] t=24.97s step=1138 queue=4 dmax=0.602 | shoulder_pan.pos=-3.43 shoulder_lift.pos=-101.80 elbow_flex.pos=+88.59 wrist_flex.pos=+77.97 wrist_roll.pos=-2.79 gripper.pos=+0.18
DEBUG 2026-08-19 04:34:35 [chunk] received 50 actions, timesteps 1116..1165 | first: shoulder_pan.pos=-6.03 shoulder_lift.pos=-100.51 elbow_flex.pos=+88.38 wrist_flex.pos=+77.58 wrist_roll.pos=-3.49 gripper.pos=+0.39 | last: shoulder_pan.pos=-5.57 shoulder_lift.pos=-101.68 elbow_flex.pos=+89.06 wrist_flex.pos=+77.41 wrist_roll.pos=-3.59 gripper.pos=+0.62
DEBUG 2026-08-19 04:34:35 [action #680] t=25.00s step=1139 queue=27 dmax=1.666 | shoulder_pan.pos=-5.09 shoulder_lift.pos=-101.53 elbow_flex.pos=+89.00 wrist_flex.pos=+77.67 wrist_roll.pos=-3.27 gripper.pos=+0.27
DEBUG 2026-08-19 04:34:35 [action #681] t=25.03s step=1140 queue=26 dmax=0.539 | shoulder_pan.pos=-5.05 shoulder_lift.pos=-100.99 elbow_flex.pos=+89.05 wrist_flex.pos=+77.70 wrist_roll.pos=-3.28 gripper.pos=+0.40
DEBUG 2026-08-19 04:34:35 [action #682] t=25.07s step=1141 queue=25 dmax=0.199 | shoulder_pan.pos=-4.94 shoulder_lift.pos=-101.19 elbow_flex.pos=+88.90 wrist_flex.pos=+77.51 wrist_roll.pos=-3.21 gripper.pos=+0.23
DEBUG 2026-08-19 04:34:35 [action #683] t=25.10s step=1142 queue=24 dmax=0.914 | shoulder_pan.pos=-5.75 shoulder_lift.pos=-100.61 elbow_flex.pos=+87.98 wrist_flex.pos=+77.45 wrist_roll.pos=-3.39 gripper.pos=+0.45
DEBUG 2026-08-19 04:34:35 [action #684] t=25.13s step=1143 queue=23 dmax=0.821 | shoulder_pan.pos=-5.58 shoulder_lift.pos=-101.29 elbow_flex.pos=+88.80 wrist_flex.pos=+77.55 wrist_roll.pos=-3.50 gripper.pos=+0.47
DEBUG 2026-08-19 04:34:35 [action #685] t=25.17s step=1144 queue=22 dmax=0.609 | shoulder_pan.pos=-5.61 shoulder_lift.pos=-100.88 elbow_flex.pos=+89.41 wrist_flex.pos=+77.55 wrist_roll.pos=-3.51 gripper.pos=+0.49
DEBUG 2026-08-19 04:34:35 [action #686] t=25.20s step=1145 queue=21 dmax=0.834 | shoulder_pan.pos=-5.72 shoulder_lift.pos=-100.70 elbow_flex.pos=+88.58 wrist_flex.pos=+77.77 wrist_roll.pos=-3.53 gripper.pos=+0.46
DEBUG 2026-08-19 04:34:35 [action #687] t=25.23s step=1146 queue=20 dmax=0.757 | shoulder_pan.pos=-5.55 shoulder_lift.pos=-101.46 elbow_flex.pos=+88.79 wrist_flex.pos=+77.50 wrist_roll.pos=-3.58 gripper.pos=+0.65
DEBUG 2026-08-19 04:34:35 [action #688] t=25.27s step=1147 queue=19 dmax=0.394 | shoulder_pan.pos=-5.61 shoulder_lift.pos=-101.55 elbow_flex.pos=+89.18 wrist_flex.pos=+77.71 wrist_roll.pos=-3.50 gripper.pos=+0.57
DEBUG 2026-08-19 04:34:35 [action #689] t=25.30s step=1148 queue=18 dmax=0.890 | shoulder_pan.pos=-5.48 shoulder_lift.pos=-100.66 elbow_flex.pos=+89.15 wrist_flex.pos=+77.48 wrist_roll.pos=-3.39 gripper.pos=+0.57
DEBUG 2026-08-19 04:34:35 [action #690] t=25.33s step=1149 queue=17 dmax=0.418 | shoulder_pan.pos=-5.75 shoulder_lift.pos=-101.08 elbow_flex.pos=+89.09 wrist_flex.pos=+77.35 wrist_roll.pos=-3.49 gripper.pos=+0.61
DEBUG 2026-08-19 04:34:35 [action #691] t=25.37s step=1150 queue=16 dmax=0.330 | shoulder_pan.pos=-5.65 shoulder_lift.pos=-100.75 elbow_flex.pos=+89.04 wrist_flex.pos=+77.48 wrist_roll.pos=-3.50 gripper.pos=+0.51
DEBUG 2026-08-19 04:34:35 [action #692] t=25.40s step=1151 queue=15 dmax=0.570 | shoulder_pan.pos=-5.56 shoulder_lift.pos=-101.32 elbow_flex.pos=+88.88 wrist_flex.pos=+77.58 wrist_roll.pos=-3.44 gripper.pos=+0.53
DEBUG 2026-08-19 04:34:35 [action #693] t=25.43s step=1152 queue=14 dmax=0.666 | shoulder_pan.pos=-5.65 shoulder_lift.pos=-101.00 elbow_flex.pos=+89.55 wrist_flex.pos=+77.73 wrist_roll.pos=-3.53 gripper.pos=+0.60
DEBUG 2026-08-19 04:34:35 [action #694] t=25.47s step=1153 queue=13 dmax=0.265 | shoulder_pan.pos=-5.54 shoulder_lift.pos=-100.98 elbow_flex.pos=+89.28 wrist_flex.pos=+77.61 wrist_roll.pos=-3.54 gripper.pos=+0.58
DEBUG 2026-08-19 04:34:35 [action #695] t=25.50s step=1154 queue=12 dmax=0.733 | shoulder_pan.pos=-5.58 shoulder_lift.pos=-100.69 elbow_flex.pos=+90.02 wrist_flex.pos=+77.70 wrist_roll.pos=-3.61 gripper.pos=+0.55
DEBUG 2026-08-19 04:34:35 [action #696] t=25.53s step=1155 queue=11 dmax=0.770 | shoulder_pan.pos=-5.66 shoulder_lift.pos=-101.03 elbow_flex.pos=+89.25 wrist_flex.pos=+77.59 wrist_roll.pos=-3.54 gripper.pos=+0.62
DEBUG 2026-08-19 04:34:35 [action #697] t=25.57s step=1156 queue=10 dmax=0.442 | shoulder_pan.pos=-5.37 shoulder_lift.pos=-101.47 elbow_flex.pos=+89.67 wrist_flex.pos=+77.52 wrist_roll.pos=-3.58 gripper.pos=+0.67
DEBUG 2026-08-19 04:34:35 [action #698] t=25.60s step=1157 queue=9 dmax=0.654 | shoulder_pan.pos=-5.59 shoulder_lift.pos=-101.05 elbow_flex.pos=+89.02 wrist_flex.pos=+77.60 wrist_roll.pos=-3.68 gripper.pos=+0.63
DEBUG 2026-08-19 04:34:35 [action #699] t=25.63s step=1158 queue=8 dmax=0.363 | shoulder_pan.pos=-5.59 shoulder_lift.pos=-101.41 elbow_flex.pos=+89.28 wrist_flex.pos=+77.67 wrist_roll.pos=-3.56 gripper.pos=+0.55
DEBUG 2026-08-19 04:34:35 [action #700] t=25.67s step=1159 queue=7 dmax=0.753 | shoulder_pan.pos=-5.43 shoulder_lift.pos=-100.66 elbow_flex.pos=+89.05 wrist_flex.pos=+77.44 wrist_roll.pos=-3.56 gripper.pos=+0.58
DEBUG 2026-08-19 04:34:35 [chunk] received 50 actions, timesteps 1138..1187 | first: shoulder_pan.pos=-2.48 shoulder_lift.pos=-101.44 elbow_flex.pos=+88.53 wrist_flex.pos=+77.15 wrist_roll.pos=-2.80 gripper.pos=+0.37 | last: shoulder_pan.pos=-6.52 shoulder_lift.pos=-102.80 elbow_flex.pos=+89.26 wrist_flex.pos=+77.69 wrist_roll.pos=-2.37 gripper.pos=+0.23
DEBUG 2026-08-19 04:34:35 [action #701] t=25.70s step=1160 queue=28 dmax=1.688 | shoulder_pan.pos=-3.74 shoulder_lift.pos=-101.57 elbow_flex.pos=+89.34 wrist_flex.pos=+77.44 wrist_roll.pos=-2.99 gripper.pos=+0.54
DEBUG 2026-08-19 04:34:35 [action #702] t=25.73s step=1161 queue=27 dmax=0.757 | shoulder_pan.pos=-3.69 shoulder_lift.pos=-102.33 elbow_flex.pos=+89.23 wrist_flex.pos=+77.70 wrist_roll.pos=-2.96 gripper.pos=+0.40
DEBUG 2026-08-19 04:34:35 [action #703] t=25.77s step=1162 queue=26 dmax=0.733 | shoulder_pan.pos=-3.69 shoulder_lift.pos=-102.12 elbow_flex.pos=+88.50 wrist_flex.pos=+77.60 wrist_roll.pos=-3.02 gripper.pos=+0.51
DEBUG 2026-08-19 04:34:36 [action #704] t=25.80s step=1163 queue=25 dmax=0.284 | shoulder_pan.pos=-3.75 shoulder_lift.pos=-101.84 elbow_flex.pos=+88.73 wrist_flex.pos=+77.58 wrist_roll.pos=-3.01 gripper.pos=+0.42
DEBUG 2026-08-19 04:34:36 [action #705] t=25.84s step=1164 queue=24 dmax=0.512 | shoulder_pan.pos=-3.88 shoulder_lift.pos=-102.35 elbow_flex.pos=+88.83 wrist_flex.pos=+77.56 wrist_roll.pos=-2.99 gripper.pos=+0.55
DEBUG 2026-08-19 04:34:36 [action #706] t=25.87s step=1165 queue=23 dmax=0.375 | shoulder_pan.pos=-3.93 shoulder_lift.pos=-102.20 elbow_flex.pos=+89.21 wrist_flex.pos=+77.63 wrist_roll.pos=-3.02 gripper.pos=+0.44
DEBUG 2026-08-19 04:34:36 [action #707] t=25.90s step=1166 queue=22 dmax=0.927 | shoulder_pan.pos=-3.01 shoulder_lift.pos=-102.23 elbow_flex.pos=+88.54 wrist_flex.pos=+77.67 wrist_roll.pos=-2.66 gripper.pos=+0.58
DEBUG 2026-08-19 04:34:36 [action #708] t=25.94s step=1167 queue=21 dmax=0.332 | shoulder_pan.pos=-3.34 shoulder_lift.pos=-102.05 elbow_flex.pos=+88.69 wrist_flex.pos=+77.56 wrist_roll.pos=-2.79 gripper.pos=+0.45
DEBUG 2026-08-19 04:34:36 [action #709] t=25.97s step=1168 queue=20 dmax=0.632 | shoulder_pan.pos=-3.23 shoulder_lift.pos=-102.30 elbow_flex.pos=+89.32 wrist_flex.pos=+77.52 wrist_roll.pos=-2.82 gripper.pos=+0.41
DEBUG 2026-08-19 04:34:36 [action #710] t=26.00s step=1169 queue=19 dmax=0.579 | shoulder_pan.pos=-3.62 shoulder_lift.pos=-102.73 elbow_flex.pos=+88.74 wrist_flex.pos=+77.57 wrist_roll.pos=-2.89 gripper.pos=+0.28
DEBUG 2026-08-19 04:34:36 [action #711] t=26.04s step=1170 queue=18 dmax=0.751 | shoulder_pan.pos=-3.56 shoulder_lift.pos=-101.98 elbow_flex.pos=+89.01 wrist_flex.pos=+77.64 wrist_roll.pos=-2.74 gripper.pos=+0.44
DEBUG 2026-08-19 04:34:36 [action #712] t=26.07s step=1171 queue=17 dmax=0.356 | shoulder_pan.pos=-3.68 shoulder_lift.pos=-101.64 elbow_flex.pos=+88.65 wrist_flex.pos=+77.65 wrist_roll.pos=-2.71 gripper.pos=+0.33
DEBUG 2026-08-19 04:34:36 [action #713] t=26.10s step=1172 queue=16 dmax=0.734 | shoulder_pan.pos=-3.58 shoulder_lift.pos=-102.37 elbow_flex.pos=+89.10 wrist_flex.pos=+77.32 wrist_roll.pos=-2.87 gripper.pos=+0.44
DEBUG 2026-08-19 04:34:36 [action #714] t=26.14s step=1173 queue=15 dmax=0.901 | shoulder_pan.pos=-4.29 shoulder_lift.pos=-102.83 elbow_flex.pos=+88.20 wrist_flex.pos=+77.27 wrist_roll.pos=-2.81 gripper.pos=+0.30
DEBUG 2026-08-19 04:34:36 [action #715] t=26.17s step=1174 queue=14 dmax=0.737 | shoulder_pan.pos=-4.14 shoulder_lift.pos=-102.09 elbow_flex.pos=+88.89 wrist_flex.pos=+77.72 wrist_roll.pos=-2.78 gripper.pos=+0.38
DEBUG 2026-08-19 04:34:36 [action #716] t=26.20s step=1175 queue=13 dmax=0.573 | shoulder_pan.pos=-4.71 shoulder_lift.pos=-102.42 elbow_flex.pos=+88.63 wrist_flex.pos=+77.50 wrist_roll.pos=-2.73 gripper.pos=+0.44
DEBUG 2026-08-19 04:34:36 [action #717] t=26.24s step=1176 queue=12 dmax=0.317 | shoulder_pan.pos=-4.87 shoulder_lift.pos=-102.10 elbow_flex.pos=+88.71 wrist_flex.pos=+77.56 wrist_roll.pos=-2.70 gripper.pos=+0.38
DEBUG 2026-08-19 04:34:36 [action #718] t=26.27s step=1177 queue=11 dmax=0.762 | shoulder_pan.pos=-5.64 shoulder_lift.pos=-101.99 elbow_flex.pos=+88.77 wrist_flex.pos=+77.64 wrist_roll.pos=-2.74 gripper.pos=+0.28
DEBUG 2026-08-19 04:34:36 [action #719] t=26.30s step=1178 queue=10 dmax=0.614 | shoulder_pan.pos=-6.23 shoulder_lift.pos=-102.61 elbow_flex.pos=+88.58 wrist_flex.pos=+77.43 wrist_roll.pos=-2.62 gripper.pos=+0.22
DEBUG 2026-08-19 04:34:36 [action #720] t=26.34s step=1179 queue=9 dmax=0.909 | shoulder_pan.pos=-6.65 shoulder_lift.pos=-101.70 elbow_flex.pos=+88.87 wrist_flex.pos=+77.38 wrist_roll.pos=-2.52 gripper.pos=+0.30
DEBUG 2026-08-19 04:34:36 [action #721] t=26.37s step=1180 queue=8 dmax=0.594 | shoulder_pan.pos=-6.75 shoulder_lift.pos=-102.29 elbow_flex.pos=+88.59 wrist_flex.pos=+77.47 wrist_roll.pos=-2.41 gripper.pos=+0.21
DEBUG 2026-08-19 04:34:36 [action #722] t=26.40s step=1181 queue=7 dmax=0.657 | shoulder_pan.pos=-6.58 shoulder_lift.pos=-101.64 elbow_flex.pos=+89.15 wrist_flex.pos=+77.34 wrist_roll.pos=-2.43 gripper.pos=+0.34
DEBUG 2026-08-19 04:34:36 [action #723] t=26.44s step=1182 queue=6 dmax=0.854 | shoulder_pan.pos=-6.56 shoulder_lift.pos=-102.49 elbow_flex.pos=+89.03 wrist_flex.pos=+77.34 wrist_roll.pos=-2.29 gripper.pos=+0.29
DEBUG 2026-08-19 04:34:36 [action #724] t=26.47s step=1183 queue=5 dmax=0.515 | shoulder_pan.pos=-6.65 shoulder_lift.pos=-101.99 elbow_flex.pos=+89.55 wrist_flex.pos=+77.41 wrist_roll.pos=-2.28 gripper.pos=+0.16
DEBUG 2026-08-19 04:34:36 [action #725] t=26.50s step=1184 queue=4 dmax=1.103 | shoulder_pan.pos=-6.86 shoulder_lift.pos=-101.64 elbow_flex.pos=+88.45 wrist_flex.pos=+77.15 wrist_roll.pos=-2.33 gripper.pos=+0.37
DEBUG 2026-08-19 04:34:36 [action #726] t=26.54s step=1185 queue=3 dmax=1.008 | shoulder_pan.pos=-6.65 shoulder_lift.pos=-101.84 elbow_flex.pos=+89.45 wrist_flex.pos=+77.67 wrist_roll.pos=-2.33 gripper.pos=+0.23
DEBUG 2026-08-19 04:34:36 [action #727] t=26.57s step=1186 queue=2 dmax=0.521 | shoulder_pan.pos=-6.57 shoulder_lift.pos=-102.33 elbow_flex.pos=+88.93 wrist_flex.pos=+77.63 wrist_roll.pos=-2.45 gripper.pos=+0.20
DEBUG 2026-08-19 04:34:36 [action #728] t=26.60s step=1187 queue=1 dmax=0.475 | shoulder_pan.pos=-6.52 shoulder_lift.pos=-102.80 elbow_flex.pos=+89.26 wrist_flex.pos=+77.69 wrist_roll.pos=-2.37 gripper.pos=+0.23
DEBUG 2026-08-19 04:34:37 [chunk] received 50 actions, timesteps 1159..1208 | first: shoulder_pan.pos=-5.54 shoulder_lift.pos=-100.50 elbow_flex.pos=+88.03 wrist_flex.pos=+77.48 wrist_roll.pos=-2.93 gripper.pos=+0.20 | last: shoulder_pan.pos=-6.88 shoulder_lift.pos=-101.45 elbow_flex.pos=+89.31 wrist_flex.pos=+77.83 wrist_roll.pos=-2.85 gripper.pos=+0.43
DEBUG 2026-08-19 04:34:37 [action #729] t=26.81s step=1188 queue=21 dmax=1.521 | shoulder_pan.pos=-6.53 shoulder_lift.pos=-101.28 elbow_flex.pos=+88.85 wrist_flex.pos=+77.96 wrist_roll.pos=-2.82 gripper.pos=+0.38
DEBUG 2026-08-19 04:34:37 [action #730] t=26.84s step=1189 queue=20 dmax=0.288 | shoulder_pan.pos=-6.43 shoulder_lift.pos=-100.99 elbow_flex.pos=+88.99 wrist_flex.pos=+78.08 wrist_roll.pos=-2.91 gripper.pos=+0.36
DEBUG 2026-08-19 04:34:37 [action #731] t=26.87s step=1190 queue=19 dmax=0.291 | shoulder_pan.pos=-6.66 shoulder_lift.pos=-101.29 elbow_flex.pos=+88.92 wrist_flex.pos=+78.03 wrist_roll.pos=-2.85 gripper.pos=+0.34
DEBUG 2026-08-19 04:34:37 [action #732] t=26.91s step=1191 queue=18 dmax=0.745 | shoulder_pan.pos=-6.68 shoulder_lift.pos=-100.54 elbow_flex.pos=+89.01 wrist_flex.pos=+77.97 wrist_roll.pos=-2.76 gripper.pos=+0.43
DEBUG 2026-08-19 04:34:37 [action #733] t=26.94s step=1192 queue=17 dmax=0.859 | shoulder_pan.pos=-6.61 shoulder_lift.pos=-101.40 elbow_flex.pos=+88.60 wrist_flex.pos=+78.11 wrist_roll.pos=-2.95 gripper.pos=+0.39
DEBUG 2026-08-19 04:34:37 [action #734] t=26.97s step=1193 queue=16 dmax=0.900 | shoulder_pan.pos=-6.77 shoulder_lift.pos=-100.50 elbow_flex.pos=+88.79 wrist_flex.pos=+77.97 wrist_roll.pos=-2.83 gripper.pos=+0.57
DEBUG 2026-08-19 04:34:37 [action #735] t=27.01s step=1194 queue=15 dmax=0.256 | shoulder_pan.pos=-6.65 shoulder_lift.pos=-100.71 elbow_flex.pos=+89.04 wrist_flex.pos=+78.12 wrist_roll.pos=-2.86 gripper.pos=+0.45
DEBUG 2026-08-19 04:34:37 [action #736] t=27.04s step=1195 queue=14 dmax=0.374 | shoulder_pan.pos=-6.58 shoulder_lift.pos=-100.69 elbow_flex.pos=+88.67 wrist_flex.pos=+77.87 wrist_roll.pos=-2.89 gripper.pos=+0.29
DEBUG 2026-08-19 04:34:37 [action #737] t=27.07s step=1196 queue=13 dmax=0.634 | shoulder_pan.pos=-6.69 shoulder_lift.pos=-100.71 elbow_flex.pos=+89.30 wrist_flex.pos=+77.99 wrist_roll.pos=-2.79 gripper.pos=+0.38
DEBUG 2026-08-19 04:34:37 [action #738] t=27.11s step=1197 queue=12 dmax=0.315 | shoulder_pan.pos=-6.93 shoulder_lift.pos=-101.03 elbow_flex.pos=+89.25 wrist_flex.pos=+78.10 wrist_roll.pos=-2.87 gripper.pos=+0.38
DEBUG 2026-08-19 04:34:37 [action #739] t=27.14s step=1198 queue=11 dmax=0.387 | shoulder_pan.pos=-7.08 shoulder_lift.pos=-101.16 elbow_flex.pos=+89.64 wrist_flex.pos=+77.86 wrist_roll.pos=-2.88 gripper.pos=+0.34
DEBUG 2026-08-19 04:34:37 [action #740] t=27.17s step=1199 queue=10 dmax=0.701 | shoulder_pan.pos=-6.99 shoulder_lift.pos=-101.07 elbow_flex.pos=+88.94 wrist_flex.pos=+77.96 wrist_roll.pos=-2.96 gripper.pos=+0.29
DEBUG 2026-08-19 04:34:37 [action #741] t=27.21s step=1200 queue=9 dmax=0.452 | shoulder_pan.pos=-7.17 shoulder_lift.pos=-101.52 elbow_flex.pos=+89.00 wrist_flex.pos=+77.93 wrist_roll.pos=-3.02 gripper.pos=+0.46
DEBUG 2026-08-19 04:34:37 [action #742] t=27.24s step=1201 queue=8 dmax=0.961 | shoulder_pan.pos=-7.07 shoulder_lift.pos=-100.56 elbow_flex.pos=+89.22 wrist_flex.pos=+77.99 wrist_roll.pos=-2.90 gripper.pos=+0.34
DEBUG 2026-08-19 04:34:37 [action #743] t=27.27s step=1202 queue=7 dmax=0.660 | shoulder_pan.pos=-7.11 shoulder_lift.pos=-101.22 elbow_flex.pos=+88.94 wrist_flex.pos=+77.96 wrist_roll.pos=-2.77 gripper.pos=+0.37
DEBUG 2026-08-19 04:34:37 [action #744] t=27.31s step=1203 queue=6 dmax=0.362 | shoulder_pan.pos=-7.04 shoulder_lift.pos=-101.58 elbow_flex.pos=+88.88 wrist_flex.pos=+78.01 wrist_roll.pos=-2.94 gripper.pos=+0.42
DEBUG 2026-08-19 04:34:37 [action #745] t=27.34s step=1204 queue=5 dmax=0.493 | shoulder_pan.pos=-7.03 shoulder_lift.pos=-101.14 elbow_flex.pos=+89.37 wrist_flex.pos=+77.88 wrist_roll.pos=-2.90 gripper.pos=+0.40
DEBUG 2026-08-19 04:34:37 [action #746] t=27.37s step=1205 queue=4 dmax=0.699 | shoulder_pan.pos=-7.23 shoulder_lift.pos=-100.98 elbow_flex.pos=+88.67 wrist_flex.pos=+78.00 wrist_roll.pos=-2.85 gripper.pos=+0.30
DEBUG 2026-08-19 04:34:37 [action #747] t=27.41s step=1206 queue=3 dmax=0.325 | shoulder_pan.pos=-6.91 shoulder_lift.pos=-100.83 elbow_flex.pos=+88.94 wrist_flex.pos=+78.03 wrist_roll.pos=-2.86 gripper.pos=+0.39
DEBUG 2026-08-19 04:34:37 [action #748] t=27.44s step=1207 queue=2 dmax=0.371 | shoulder_pan.pos=-7.11 shoulder_lift.pos=-101.13 elbow_flex.pos=+89.31 wrist_flex.pos=+77.78 wrist_roll.pos=-2.85 gripper.pos=+0.31
DEBUG 2026-08-19 04:34:37 [action #749] t=27.47s step=1208 queue=1 dmax=0.320 | shoulder_pan.pos=-6.88 shoulder_lift.pos=-101.45 elbow_flex.pos=+89.31 wrist_flex.pos=+77.83 wrist_roll.pos=-2.85 gripper.pos=+0.43
DEBUG 2026-08-19 04:34:37 [chunk] received 50 actions, timesteps 1187..1236 | first: shoulder_pan.pos=-6.09 shoulder_lift.pos=-101.17 elbow_flex.pos=+88.02 wrist_flex.pos=+77.40 wrist_roll.pos=-2.15 gripper.pos=+0.46 | last: shoulder_pan.pos=-4.95 shoulder_lift.pos=-101.93 elbow_flex.pos=+88.20 wrist_flex.pos=+77.25 wrist_roll.pos=-2.24 gripper.pos=+0.57
DEBUG 2026-08-19 04:34:37 [action #750] t=27.61s step=1209 queue=28 dmax=2.419 | shoulder_pan.pos=-4.46 shoulder_lift.pos=-101.43 elbow_flex.pos=+87.89 wrist_flex.pos=+77.54 wrist_roll.pos=-2.28 gripper.pos=+0.65
DEBUG 2026-08-19 04:34:37 [action #751] t=27.64s step=1210 queue=27 dmax=0.257 | shoulder_pan.pos=-4.62 shoulder_lift.pos=-101.68 elbow_flex.pos=+87.91 wrist_flex.pos=+77.67 wrist_roll.pos=-2.22 gripper.pos=+0.54
DEBUG 2026-08-19 04:34:37 [action #752] t=27.67s step=1211 queue=26 dmax=0.391 | shoulder_pan.pos=-4.27 shoulder_lift.pos=-101.85 elbow_flex.pos=+88.30 wrist_flex.pos=+77.48 wrist_roll.pos=-2.25 gripper.pos=+0.54
DEBUG 2026-08-19 04:34:37 [action #753] t=27.71s step=1212 queue=25 dmax=0.653 | shoulder_pan.pos=-4.54 shoulder_lift.pos=-101.20 elbow_flex.pos=+88.41 wrist_flex.pos=+77.70 wrist_roll.pos=-2.29 gripper.pos=+0.49
DEBUG 2026-08-19 04:34:37 [action #754] t=27.74s step=1213 queue=24 dmax=0.153 | shoulder_pan.pos=-4.65 shoulder_lift.pos=-101.04 elbow_flex.pos=+88.33 wrist_flex.pos=+77.67 wrist_roll.pos=-2.20 gripper.pos=+0.42
DEBUG 2026-08-19 04:34:37 [action #755] t=27.77s step=1214 queue=23 dmax=0.770 | shoulder_pan.pos=-4.59 shoulder_lift.pos=-101.81 elbow_flex.pos=+88.32 wrist_flex.pos=+77.41 wrist_roll.pos=-2.21 gripper.pos=+0.52
DEBUG 2026-08-19 04:34:38 [action #756] t=27.81s step=1215 queue=22 dmax=0.424 | shoulder_pan.pos=-4.72 shoulder_lift.pos=-101.60 elbow_flex.pos=+87.89 wrist_flex.pos=+77.68 wrist_roll.pos=-2.32 gripper.pos=+0.36
DEBUG 2026-08-19 04:34:38 [action #757] t=27.84s step=1216 queue=21 dmax=0.394 | shoulder_pan.pos=-4.73 shoulder_lift.pos=-101.57 elbow_flex.pos=+88.29 wrist_flex.pos=+77.54 wrist_roll.pos=-2.27 gripper.pos=+0.50
DEBUG 2026-08-19 04:34:38 [action #758] t=27.88s step=1217 queue=20 dmax=0.349 | shoulder_pan.pos=-4.53 shoulder_lift.pos=-101.41 elbow_flex.pos=+87.94 wrist_flex.pos=+77.70 wrist_roll.pos=-2.41 gripper.pos=+0.47
DEBUG 2026-08-19 04:34:38 [action #759] t=27.91s step=1218 queue=19 dmax=0.763 | shoulder_pan.pos=-4.76 shoulder_lift.pos=-102.17 elbow_flex.pos=+88.64 wrist_flex.pos=+77.61 wrist_roll.pos=-2.29 gripper.pos=+0.52
DEBUG 2026-08-19 04:34:38 [action #760] t=27.94s step=1219 queue=18 dmax=0.518 | shoulder_pan.pos=-4.87 shoulder_lift.pos=-101.66 elbow_flex.pos=+88.75 wrist_flex.pos=+77.36 wrist_roll.pos=-2.25 gripper.pos=+0.56
DEBUG 2026-08-19 04:34:38 [action #761] t=27.98s step=1220 queue=17 dmax=0.416 | shoulder_pan.pos=-5.08 shoulder_lift.pos=-101.35 elbow_flex.pos=+88.34 wrist_flex.pos=+77.51 wrist_roll.pos=-2.36 gripper.pos=+0.47
DEBUG 2026-08-19 04:34:38 [action #762] t=28.01s step=1221 queue=16 dmax=0.401 | shoulder_pan.pos=-4.68 shoulder_lift.pos=-101.31 elbow_flex.pos=+88.72 wrist_flex.pos=+77.52 wrist_roll.pos=-2.27 gripper.pos=+0.49
DEBUG 2026-08-19 04:34:38 [action #763] t=28.04s step=1222 queue=15 dmax=0.285 | shoulder_pan.pos=-4.78 shoulder_lift.pos=-101.25 elbow_flex.pos=+88.43 wrist_flex.pos=+77.47 wrist_roll.pos=-2.31 gripper.pos=+0.47
DEBUG 2026-08-19 04:34:38 [action #764] t=28.08s step=1223 queue=14 dmax=0.686 | shoulder_pan.pos=-4.85 shoulder_lift.pos=-101.94 elbow_flex.pos=+88.15 wrist_flex.pos=+77.62 wrist_roll.pos=-2.28 gripper.pos=+0.46
DEBUG 2026-08-19 04:34:38 [action #765] t=28.11s step=1224 queue=13 dmax=0.447 | shoulder_pan.pos=-4.79 shoulder_lift.pos=-101.94 elbow_flex.pos=+87.71 wrist_flex.pos=+77.45 wrist_roll.pos=-2.26 gripper.pos=+0.63
DEBUG 2026-08-19 04:34:38 [action #766] t=28.14s step=1225 queue=12 dmax=0.623 | shoulder_pan.pos=-4.84 shoulder_lift.pos=-101.48 elbow_flex.pos=+88.33 wrist_flex.pos=+77.55 wrist_roll.pos=-2.32 gripper.pos=+0.44
DEBUG 2026-08-19 04:34:38 [action #767] t=28.18s step=1226 queue=11 dmax=0.537 | shoulder_pan.pos=-4.99 shoulder_lift.pos=-102.02 elbow_flex.pos=+88.36 wrist_flex.pos=+77.42 wrist_roll.pos=-2.29 gripper.pos=+0.47
DEBUG 2026-08-19 04:34:38 [action #768] t=28.21s step=1227 queue=10 dmax=0.276 | shoulder_pan.pos=-4.91 shoulder_lift.pos=-101.74 elbow_flex.pos=+88.56 wrist_flex.pos=+77.34 wrist_roll.pos=-2.32 gripper.pos=+0.37
DEBUG 2026-08-19 04:34:38 [action #769] t=28.24s step=1228 queue=9 dmax=0.882 | shoulder_pan.pos=-5.01 shoulder_lift.pos=-101.28 elbow_flex.pos=+87.68 wrist_flex.pos=+77.44 wrist_roll.pos=-2.26 gripper.pos=+0.54
DEBUG 2026-08-19 04:34:38 [action #770] t=28.28s step=1229 queue=8 dmax=0.967 | shoulder_pan.pos=-5.02 shoulder_lift.pos=-101.61 elbow_flex.pos=+88.64 wrist_flex.pos=+77.37 wrist_roll.pos=-2.21 gripper.pos=+0.51
DEBUG 2026-08-19 04:34:38 [action #771] t=28.31s step=1230 queue=7 dmax=0.704 | shoulder_pan.pos=-5.10 shoulder_lift.pos=-101.99 elbow_flex.pos=+87.94 wrist_flex.pos=+77.21 wrist_roll.pos=-2.27 gripper.pos=+0.42
DEBUG 2026-08-19 04:34:38 [chunk] received 50 actions, timesteps 1208..1257 | first: shoulder_pan.pos=-6.41 shoulder_lift.pos=-100.36 elbow_flex.pos=+88.04 wrist_flex.pos=+77.34 wrist_roll.pos=-2.57 gripper.pos=+0.36 | last: shoulder_pan.pos=-6.12 shoulder_lift.pos=-101.47 elbow_flex.pos=+87.97 wrist_flex.pos=+78.04 wrist_roll.pos=-2.44 gripper.pos=+0.25
DEBUG 2026-08-19 04:34:38 [action #772] t=28.34s step=1231 queue=27 dmax=0.901 | shoulder_pan.pos=-6.00 shoulder_lift.pos=-101.27 elbow_flex.pos=+88.84 wrist_flex.pos=+77.83 wrist_roll.pos=-2.36 gripper.pos=+0.43
DEBUG 2026-08-19 04:34:38 [action #773] t=28.38s step=1232 queue=26 dmax=0.259 | shoulder_pan.pos=-5.93 shoulder_lift.pos=-101.44 elbow_flex.pos=+88.58 wrist_flex.pos=+77.85 wrist_roll.pos=-2.33 gripper.pos=+0.42
DEBUG 2026-08-19 04:34:38 [action #774] t=28.41s step=1233 queue=25 dmax=0.436 | shoulder_pan.pos=-5.92 shoulder_lift.pos=-101.04 elbow_flex.pos=+89.02 wrist_flex.pos=+77.63 wrist_roll.pos=-2.35 gripper.pos=+0.47
DEBUG 2026-08-19 04:34:39 [chunk] received 50 actions, timesteps 1229..1278 | first: shoulder_pan.pos=-4.96 shoulder_lift.pos=-101.68 elbow_flex.pos=+87.98 wrist_flex.pos=+77.30 wrist_roll.pos=-2.30 gripper.pos=+0.36 | last: shoulder_pan.pos=-4.65 shoulder_lift.pos=-102.21 elbow_flex.pos=+89.09 wrist_flex.pos=+77.52 wrist_roll.pos=-2.44 gripper.pos=+0.48
INFO 2026-08-19 04:34:39 Final action sent: shoulder_pan.pos=-5.92 shoulder_lift.pos=-101.04 elbow_flex.pos=+89.02 wrist_flex.pos=+77.63 wrist_roll.pos=-2.35 gripper.pos=+0.47
DEBUG 2026-08-19 04:34:39 === episode end | 29.0s | converged=True | actions=774 ===
DEBUG 2026-08-19 04:34:46 === episode start | task: 'put the stuffed animal on the tray' | duration: 30.0s ===
DEBUG 2026-08-19 04:34:47 [chunk] received 50 actions, timesteps 1230..1279 | first: shoulder_pan.pos=-4.72 shoulder_lift.pos=-101.30 elbow_flex.pos=+88.77 wrist_flex.pos=+77.53 wrist_roll.pos=-2.60 gripper.pos=+0.42 | last: shoulder_pan.pos=-5.90 shoulder_lift.pos=-101.79 elbow_flex.pos=+89.02 wrist_flex.pos=+77.95 wrist_roll.pos=-2.43 gripper.pos=+0.00
DEBUG 2026-08-19 04:34:47 [action #1] t=0.87s step=1230 queue=50 dmax=n/a | shoulder_pan.pos=-4.72 shoulder_lift.pos=-101.30 elbow_flex.pos=+88.77 wrist_flex.pos=+77.53 wrist_roll.pos=-2.60 gripper.pos=+0.42
DEBUG 2026-08-19 04:34:47 [action #2] t=0.90s step=1231 queue=49 dmax=0.366 | shoulder_pan.pos=-4.79 shoulder_lift.pos=-101.16 elbow_flex.pos=+88.40 wrist_flex.pos=+77.68 wrist_roll.pos=-2.56 gripper.pos=+0.51
DEBUG 2026-08-19 04:34:47 [action #3] t=0.94s step=1232 queue=48 dmax=0.252 | shoulder_pan.pos=-4.65 shoulder_lift.pos=-101.31 elbow_flex.pos=+88.27 wrist_flex.pos=+77.93 wrist_roll.pos=-2.63 gripper.pos=+0.55
DEBUG 2026-08-19 04:34:47 [action #4] t=0.97s step=1233 queue=47 dmax=0.785 | shoulder_pan.pos=-4.83 shoulder_lift.pos=-100.81 elbow_flex.pos=+87.49 wrist_flex.pos=+78.00 wrist_roll.pos=-2.74 gripper.pos=+0.43
DEBUG 2026-08-19 04:34:47 [action #5] t=1.00s step=1234 queue=46 dmax=0.833 | shoulder_pan.pos=-5.28 shoulder_lift.pos=-101.28 elbow_flex.pos=+88.32 wrist_flex.pos=+77.79 wrist_roll.pos=-2.66 gripper.pos=+0.32
DEBUG 2026-08-19 04:34:47 [action #6] t=1.04s step=1235 queue=45 dmax=0.947 | shoulder_pan.pos=-5.20 shoulder_lift.pos=-102.23 elbow_flex.pos=+88.62 wrist_flex.pos=+78.06 wrist_roll.pos=-2.50 gripper.pos=+0.54
DEBUG 2026-08-19 04:34:47 [action #7] t=1.07s step=1236 queue=44 dmax=1.034 | shoulder_pan.pos=-4.86 shoulder_lift.pos=-101.19 elbow_flex.pos=+88.18 wrist_flex.pos=+78.00 wrist_roll.pos=-2.60 gripper.pos=+0.32
DEBUG 2026-08-19 04:34:47 [action #8] t=1.10s step=1237 queue=43 dmax=0.343 | shoulder_pan.pos=-5.20 shoulder_lift.pos=-101.05 elbow_flex.pos=+88.42 wrist_flex.pos=+77.98 wrist_roll.pos=-2.50 gripper.pos=+0.54
DEBUG 2026-08-19 04:34:47 [action #9] t=1.14s step=1238 queue=42 dmax=0.719 | shoulder_pan.pos=-5.21 shoulder_lift.pos=-101.77 elbow_flex.pos=+88.03 wrist_flex.pos=+78.04 wrist_roll.pos=-2.63 gripper.pos=+0.39
DEBUG 2026-08-19 04:34:47 [action #10] t=1.17s step=1239 queue=41 dmax=0.940 | shoulder_pan.pos=-4.88 shoulder_lift.pos=-100.83 elbow_flex.pos=+87.78 wrist_flex.pos=+78.14 wrist_roll.pos=-2.63 gripper.pos=+0.51
DEBUG 2026-08-19 04:34:47 [action #11] t=1.20s step=1240 queue=40 dmax=1.100 | shoulder_pan.pos=-4.99 shoulder_lift.pos=-101.27 elbow_flex.pos=+88.88 wrist_flex.pos=+78.14 wrist_roll.pos=-2.55 gripper.pos=+0.48
DEBUG 2026-08-19 04:34:47 [action #12] t=1.24s step=1241 queue=39 dmax=0.526 | shoulder_pan.pos=-5.33 shoulder_lift.pos=-101.14 elbow_flex.pos=+88.36 wrist_flex.pos=+78.18 wrist_roll.pos=-2.52 gripper.pos=+0.31
DEBUG 2026-08-19 04:34:47 [action #13] t=1.27s step=1242 queue=38 dmax=0.705 | shoulder_pan.pos=-5.32 shoulder_lift.pos=-101.50 elbow_flex.pos=+89.06 wrist_flex.pos=+78.15 wrist_roll.pos=-2.52 gripper.pos=+0.32
DEBUG 2026-08-19 04:34:47 [action #14] t=1.30s step=1243 queue=37 dmax=0.414 | shoulder_pan.pos=-5.37 shoulder_lift.pos=-101.22 elbow_flex.pos=+88.65 wrist_flex.pos=+78.08 wrist_roll.pos=-2.55 gripper.pos=+0.39
DEBUG 2026-08-19 04:34:47 [action #15] t=1.34s step=1244 queue=36 dmax=0.418 | shoulder_pan.pos=-5.33 shoulder_lift.pos=-101.63 elbow_flex.pos=+88.61 wrist_flex.pos=+78.24 wrist_roll.pos=-2.61 gripper.pos=+0.52
DEBUG 2026-08-19 04:34:47 [chunk] received 50 actions, timesteps 0..49 | first: shoulder_pan.pos=-4.85 shoulder_lift.pos=-101.15 elbow_flex.pos=+89.18 wrist_flex.pos=+73.58 wrist_roll.pos=-1.08 gripper.pos=+1.31 | last: shoulder_pan.pos=-8.54 shoulder_lift.pos=-95.89 elbow_flex.pos=+79.39 wrist_flex.pos=+69.00 wrist_roll.pos=-2.87 gripper.pos=+0.97
DEBUG 2026-08-19 04:34:48 [chunk] received 50 actions, timesteps 1244..1293 | first: shoulder_pan.pos=-5.09 shoulder_lift.pos=-101.82 elbow_flex.pos=+88.88 wrist_flex.pos=+76.02 wrist_roll.pos=-1.88 gripper.pos=+0.81 | last: shoulder_pan.pos=-7.43 shoulder_lift.pos=-102.03 elbow_flex.pos=+84.56 wrist_flex.pos=+71.24 wrist_roll.pos=-2.87 gripper.pos=+0.34
DEBUG 2026-08-19 04:34:48 [action #16] t=2.27s step=1245 queue=49 dmax=2.356 | shoulder_pan.pos=-4.94 shoulder_lift.pos=-102.02 elbow_flex.pos=+88.92 wrist_flex.pos=+75.89 wrist_roll.pos=-1.95 gripper.pos=+0.79
DEBUG 2026-08-19 04:34:48 [action #17] t=2.31s step=1246 queue=48 dmax=0.264 | shoulder_pan.pos=-5.21 shoulder_lift.pos=-101.84 elbow_flex.pos=+88.93 wrist_flex.pos=+75.77 wrist_roll.pos=-1.94 gripper.pos=+0.82
DEBUG 2026-08-19 04:34:48 [action #18] t=2.34s step=1247 queue=47 dmax=0.157 | shoulder_pan.pos=-5.08 shoulder_lift.pos=-101.99 elbow_flex.pos=+89.02 wrist_flex.pos=+75.70 wrist_roll.pos=-1.93 gripper.pos=+0.76
DEBUG 2026-08-19 04:34:48 [action #19] t=2.38s step=1248 queue=46 dmax=0.230 | shoulder_pan.pos=-5.22 shoulder_lift.pos=-102.16 elbow_flex.pos=+89.05 wrist_flex.pos=+75.47 wrist_roll.pos=-1.89 gripper.pos=+0.80
DEBUG 2026-08-19 04:34:48 [action #20] t=2.41s step=1249 queue=45 dmax=0.475 | shoulder_pan.pos=-5.48 shoulder_lift.pos=-102.07 elbow_flex.pos=+88.57 wrist_flex.pos=+75.54 wrist_roll.pos=-1.89 gripper.pos=+0.78
DEBUG 2026-08-19 04:34:48 [action #21] t=2.44s step=1250 queue=44 dmax=0.217 | shoulder_pan.pos=-5.45 shoulder_lift.pos=-102.29 elbow_flex.pos=+88.55 wrist_flex.pos=+75.48 wrist_roll.pos=-1.91 gripper.pos=+0.82
DEBUG 2026-08-19 04:34:48 [action #22] t=2.48s step=1251 queue=43 dmax=0.179 | shoulder_pan.pos=-5.52 shoulder_lift.pos=-102.25 elbow_flex.pos=+88.53 wrist_flex.pos=+75.30 wrist_roll.pos=-1.83 gripper.pos=+0.70
DEBUG 2026-08-19 04:34:48 [action #23] t=2.51s step=1252 queue=42 dmax=0.249 | shoulder_pan.pos=-5.43 shoulder_lift.pos=-102.49 elbow_flex.pos=+88.78 wrist_flex.pos=+75.35 wrist_roll.pos=-1.85 gripper.pos=+0.79
DEBUG 2026-08-19 04:34:48 [action #24] t=2.54s step=1253 queue=41 dmax=0.492 | shoulder_pan.pos=-5.33 shoulder_lift.pos=-102.00 elbow_flex.pos=+88.72 wrist_flex.pos=+75.03 wrist_roll.pos=-1.81 gripper.pos=+0.72
DEBUG 2026-08-19 04:34:48 [action #25] t=2.58s step=1254 queue=40 dmax=0.448 | shoulder_pan.pos=-5.28 shoulder_lift.pos=-102.44 elbow_flex.pos=+88.79 wrist_flex.pos=+74.98 wrist_roll.pos=-1.85 gripper.pos=+0.77
DEBUG 2026-08-19 04:34:48 [action #26] t=2.61s step=1255 queue=39 dmax=0.324 | shoulder_pan.pos=-5.43 shoulder_lift.pos=-102.12 elbow_flex.pos=+88.64 wrist_flex.pos=+74.75 wrist_roll.pos=-1.87 gripper.pos=+0.68
DEBUG 2026-08-19 04:34:48 [action #27] t=2.64s step=1256 queue=38 dmax=0.364 | shoulder_pan.pos=-5.54 shoulder_lift.pos=-102.36 elbow_flex.pos=+88.78 wrist_flex.pos=+74.39 wrist_roll.pos=-1.90 gripper.pos=+0.70
DEBUG 2026-08-19 04:34:48 [action #28] t=2.68s step=1257 queue=37 dmax=0.244 | shoulder_pan.pos=-5.45 shoulder_lift.pos=-102.16 elbow_flex.pos=+89.02 wrist_flex.pos=+74.19 wrist_roll.pos=-1.98 gripper.pos=+0.57
DEBUG 2026-08-19 04:34:48 [action #29] t=2.71s step=1258 queue=36 dmax=0.779 | shoulder_pan.pos=-5.70 shoulder_lift.pos=-102.25 elbow_flex.pos=+88.24 wrist_flex.pos=+73.67 wrist_roll.pos=-1.95 gripper.pos=+0.61
DEBUG 2026-08-19 04:34:48 [action #30] t=2.74s step=1259 queue=35 dmax=0.458 | shoulder_pan.pos=-5.59 shoulder_lift.pos=-102.30 elbow_flex.pos=+88.70 wrist_flex.pos=+73.44 wrist_roll.pos=-1.96 gripper.pos=+0.59
DEBUG 2026-08-19 04:34:48 [action #31] t=2.78s step=1260 queue=34 dmax=0.210 | shoulder_pan.pos=-5.78 shoulder_lift.pos=-102.39 elbow_flex.pos=+88.62 wrist_flex.pos=+73.23 wrist_roll.pos=-2.00 gripper.pos=+0.68
DEBUG 2026-08-19 04:34:48 [action #32] t=2.81s step=1261 queue=33 dmax=0.180 | shoulder_pan.pos=-5.96 shoulder_lift.pos=-102.54 elbow_flex.pos=+88.55 wrist_flex.pos=+73.12 wrist_roll.pos=-1.93 gripper.pos=+0.65
DEBUG 2026-08-19 04:34:49 [chunk] received 50 actions, timesteps 1244..1293 | first: shoulder_pan.pos=-4.90 shoulder_lift.pos=-102.34 elbow_flex.pos=+88.82 wrist_flex.pos=+76.12 wrist_roll.pos=-1.85 gripper.pos=+0.61 | last: shoulder_pan.pos=-9.64 shoulder_lift.pos=-97.18 elbow_flex.pos=+83.26 wrist_flex.pos=+67.75 wrist_roll.pos=-2.17 gripper.pos=+12.23
DEBUG 2026-08-19 04:34:49 [action #33] t=2.84s step=1262 queue=32 dmax=0.562 | shoulder_pan.pos=-5.40 shoulder_lift.pos=-102.17 elbow_flex.pos=+88.29 wrist_flex.pos=+72.59 wrist_roll.pos=-1.74 gripper.pos=+0.50
DEBUG 2026-08-19 04:34:49 [action #34] t=2.88s step=1263 queue=31 dmax=0.437 | shoulder_pan.pos=-5.53 shoulder_lift.pos=-101.96 elbow_flex.pos=+88.01 wrist_flex.pos=+72.15 wrist_roll.pos=-1.69 gripper.pos=+0.49
DEBUG 2026-08-19 04:34:49 [action #35] t=2.91s step=1264 queue=30 dmax=0.523 | shoulder_pan.pos=-5.52 shoulder_lift.pos=-101.84 elbow_flex.pos=+88.04 wrist_flex.pos=+71.63 wrist_roll.pos=-1.71 gripper.pos=+0.41
DEBUG 2026-08-19 04:34:49 [action #36] t=2.94s step=1265 queue=29 dmax=0.505 | shoulder_pan.pos=-5.58 shoulder_lift.pos=-102.33 elbow_flex.pos=+88.15 wrist_flex.pos=+71.12 wrist_roll.pos=-1.74 gripper.pos=+0.43
DEBUG 2026-08-19 04:34:49 [action #37] t=2.98s step=1266 queue=28 dmax=0.312 | shoulder_pan.pos=-5.57 shoulder_lift.pos=-102.41 elbow_flex.pos=+87.84 wrist_flex.pos=+70.90 wrist_roll.pos=-1.80 gripper.pos=+0.46
DEBUG 2026-08-19 04:34:49 [action #38] t=3.01s step=1267 queue=27 dmax=0.497 | shoulder_pan.pos=-5.71 shoulder_lift.pos=-102.03 elbow_flex.pos=+87.83 wrist_flex.pos=+70.40 wrist_roll.pos=-1.75 gripper.pos=+0.39
DEBUG 2026-08-19 04:34:49 [action #39] t=3.04s step=1268 queue=26 dmax=0.428 | shoulder_pan.pos=-5.73 shoulder_lift.pos=-102.38 elbow_flex.pos=+87.83 wrist_flex.pos=+69.97 wrist_roll.pos=-1.76 gripper.pos=+0.46
DEBUG 2026-08-19 04:34:49 [action #40] t=3.08s step=1269 queue=25 dmax=0.262 | shoulder_pan.pos=-5.87 shoulder_lift.pos=-102.19 elbow_flex.pos=+87.86 wrist_flex.pos=+69.71 wrist_roll.pos=-1.70 gripper.pos=+0.49
DEBUG 2026-08-19 04:34:49 [action #41] t=3.11s step=1270 queue=24 dmax=0.175 | shoulder_pan.pos=-5.90 shoulder_lift.pos=-102.15 elbow_flex.pos=+87.83 wrist_flex.pos=+69.53 wrist_roll.pos=-1.80 gripper.pos=+0.46
DEBUG 2026-08-19 04:34:49 [action #42] t=3.14s step=1271 queue=23 dmax=0.245 | shoulder_pan.pos=-5.96 shoulder_lift.pos=-101.99 elbow_flex.pos=+87.60 wrist_flex.pos=+69.29 wrist_roll.pos=-1.77 gripper.pos=+0.39
DEBUG 2026-08-19 04:34:49 [action #43] t=3.18s step=1272 queue=22 dmax=0.233 | shoulder_pan.pos=-6.19 shoulder_lift.pos=-102.09 elbow_flex.pos=+87.71 wrist_flex.pos=+69.07 wrist_roll.pos=-1.71 gripper.pos=+0.38
DEBUG 2026-08-19 04:34:49 [action #44] t=3.21s step=1273 queue=21 dmax=0.485 | shoulder_pan.pos=-6.23 shoulder_lift.pos=-102.57 elbow_flex.pos=+87.48 wrist_flex.pos=+68.86 wrist_roll.pos=-1.76 gripper.pos=+0.32
DEBUG 2026-08-19 04:34:49 [action #45] t=3.24s step=1274 queue=20 dmax=0.225 | shoulder_pan.pos=-6.41 shoulder_lift.pos=-102.35 elbow_flex.pos=+87.45 wrist_flex.pos=+68.66 wrist_roll.pos=-1.74 gripper.pos=+0.38
DEBUG 2026-08-19 04:34:49 [action #46] t=3.28s step=1275 queue=19 dmax=0.359 | shoulder_pan.pos=-6.53 shoulder_lift.pos=-101.99 elbow_flex.pos=+87.44 wrist_flex.pos=+68.41 wrist_roll.pos=-1.78 gripper.pos=+0.39
DEBUG 2026-08-19 04:34:49 [action #47] t=3.31s step=1276 queue=18 dmax=0.365 | shoulder_pan.pos=-6.83 shoulder_lift.pos=-102.00 elbow_flex.pos=+87.08 wrist_flex.pos=+68.32 wrist_roll.pos=-1.79 gripper.pos=+0.39
DEBUG 2026-08-19 04:34:49 [action #48] t=3.35s step=1277 queue=17 dmax=0.066 | shoulder_pan.pos=-6.81 shoulder_lift.pos=-101.93 elbow_flex.pos=+87.06 wrist_flex.pos=+68.32 wrist_roll.pos=-1.78 gripper.pos=+0.36
DEBUG 2026-08-19 04:34:49 [action #49] t=3.38s step=1278 queue=16 dmax=0.320 | shoulder_pan.pos=-6.80 shoulder_lift.pos=-101.88 elbow_flex.pos=+86.74 wrist_flex.pos=+68.40 wrist_roll.pos=-1.81 gripper.pos=+0.44
DEBUG 2026-08-19 04:34:49 [action #50] t=3.41s step=1279 queue=15 dmax=0.481 | shoulder_pan.pos=-6.82 shoulder_lift.pos=-101.76 elbow_flex.pos=+87.22 wrist_flex.pos=+68.30 wrist_roll.pos=-1.78 gripper.pos=+0.32
DEBUG 2026-08-19 04:34:49 [action #51] t=3.45s step=1280 queue=14 dmax=0.959 | shoulder_pan.pos=-7.10 shoulder_lift.pos=-101.93 elbow_flex.pos=+86.26 wrist_flex.pos=+68.51 wrist_roll.pos=-1.81 gripper.pos=+0.34
DEBUG 2026-08-19 04:34:49 [action #52] t=3.48s step=1281 queue=13 dmax=0.183 | shoulder_pan.pos=-7.13 shoulder_lift.pos=-101.75 elbow_flex.pos=+86.22 wrist_flex.pos=+68.56 wrist_roll.pos=-1.87 gripper.pos=+0.35
DEBUG 2026-08-19 04:34:49 [action #53] t=3.51s step=1282 queue=12 dmax=0.275 | shoulder_pan.pos=-7.21 shoulder_lift.pos=-101.85 elbow_flex.pos=+85.94 wrist_flex.pos=+68.70 wrist_roll.pos=-1.92 gripper.pos=+0.26
DEBUG 2026-08-19 04:34:49 [chunk] received 50 actions, timesteps 1261..1310 | first: shoulder_pan.pos=-5.71 shoulder_lift.pos=-102.14 elbow_flex.pos=+88.10 wrist_flex.pos=+74.59 wrist_roll.pos=-1.93 gripper.pos=+0.67 | last: shoulder_pan.pos=-9.31 shoulder_lift.pos=-97.58 elbow_flex.pos=+78.42 wrist_flex.pos=+71.53 wrist_roll.pos=-4.59 gripper.pos=+0.11
DEBUG 2026-08-19 04:34:49 [action #54] t=3.55s step=1283 queue=28 dmax=0.982 | shoulder_pan.pos=-8.19 shoulder_lift.pos=-102.24 elbow_flex.pos=+85.74 wrist_flex.pos=+68.25 wrist_roll.pos=-2.20 gripper.pos=+0.39
DEBUG 2026-08-19 04:34:49 [action #55] t=3.58s step=1284 queue=27 dmax=0.547 | shoulder_pan.pos=-8.33 shoulder_lift.pos=-101.69 elbow_flex.pos=+85.24 wrist_flex.pos=+68.50 wrist_roll.pos=-2.39 gripper.pos=+0.30
DEBUG 2026-08-19 04:34:49 [action #56] t=3.61s step=1285 queue=26 dmax=0.602 | shoulder_pan.pos=-8.30 shoulder_lift.pos=-102.29 elbow_flex.pos=+85.06 wrist_flex.pos=+68.55 wrist_roll.pos=-2.49 gripper.pos=+0.31
DEBUG 2026-08-19 04:34:49 [action #57] t=3.65s step=1286 queue=25 dmax=0.530 | shoulder_pan.pos=-8.56 shoulder_lift.pos=-101.76 elbow_flex.pos=+85.28 wrist_flex.pos=+68.65 wrist_roll.pos=-2.53 gripper.pos=+0.41
DEBUG 2026-08-19 04:34:49 [action #58] t=3.68s step=1287 queue=24 dmax=0.777 | shoulder_pan.pos=-8.64 shoulder_lift.pos=-101.49 elbow_flex.pos=+84.51 wrist_flex.pos=+68.66 wrist_roll.pos=-2.75 gripper.pos=+0.33
DEBUG 2026-08-19 04:34:49 [action #59] t=3.71s step=1288 queue=23 dmax=0.194 | shoulder_pan.pos=-8.75 shoulder_lift.pos=-101.48 elbow_flex.pos=+84.49 wrist_flex.pos=+68.79 wrist_roll.pos=-2.94 gripper.pos=+0.41
DEBUG 2026-08-19 04:34:49 [action #60] t=3.75s step=1289 queue=22 dmax=0.774 | shoulder_pan.pos=-9.03 shoulder_lift.pos=-101.70 elbow_flex.pos=+83.72 wrist_flex.pos=+68.99 wrist_roll.pos=-3.08 gripper.pos=+0.48
DEBUG 2026-08-19 04:34:49 [action #61] t=3.78s step=1290 queue=21 dmax=0.591 | shoulder_pan.pos=-8.72 shoulder_lift.pos=-101.24 elbow_flex.pos=+83.73 wrist_flex.pos=+69.19 wrist_roll.pos=-3.34 gripper.pos=+1.07
DEBUG 2026-08-19 04:34:50 [action #62] t=3.81s step=1291 queue=20 dmax=0.535 | shoulder_pan.pos=-9.01 shoulder_lift.pos=-101.25 elbow_flex.pos=+83.96 wrist_flex.pos=+69.26 wrist_roll.pos=-3.57 gripper.pos=+1.60
DEBUG 2026-08-19 04:34:50 [action #63] t=3.85s step=1292 queue=19 dmax=0.864 | shoulder_pan.pos=-8.61 shoulder_lift.pos=-100.72 elbow_flex.pos=+83.10 wrist_flex.pos=+69.30 wrist_roll.pos=-3.97 gripper.pos=+2.26
DEBUG 2026-08-19 04:34:50 [action #64] t=3.88s step=1293 queue=18 dmax=0.382 | shoulder_pan.pos=-8.55 shoulder_lift.pos=-100.73 elbow_flex.pos=+82.80 wrist_flex.pos=+69.28 wrist_roll.pos=-4.31 gripper.pos=+2.65
DEBUG 2026-08-19 04:34:50 [action #65] t=3.91s step=1294 queue=17 dmax=2.612 | shoulder_pan.pos=-8.27 shoulder_lift.pos=-101.32 elbow_flex.pos=+82.29 wrist_flex.pos=+69.83 wrist_roll.pos=-5.11 gripper.pos=+0.03
DEBUG 2026-08-19 04:34:50 [action #66] t=3.95s step=1295 queue=16 dmax=0.325 | shoulder_pan.pos=-8.11 shoulder_lift.pos=-101.54 elbow_flex.pos=+82.36 wrist_flex.pos=+70.16 wrist_roll.pos=-5.13 gripper.pos=+0.25
DEBUG 2026-08-19 04:34:50 [action #67] t=3.98s step=1296 queue=15 dmax=0.641 | shoulder_pan.pos=-8.07 shoulder_lift.pos=-100.95 elbow_flex.pos=+81.72 wrist_flex.pos=+70.11 wrist_roll.pos=-5.18 gripper.pos=+0.27
DEBUG 2026-08-19 04:34:50 [action #68] t=4.01s step=1297 queue=14 dmax=0.493 | shoulder_pan.pos=-8.02 shoulder_lift.pos=-100.69 elbow_flex.pos=+81.29 wrist_flex.pos=+70.60 wrist_roll.pos=-5.18 gripper.pos=+0.28
DEBUG 2026-08-19 04:34:50 [action #69] t=4.05s step=1298 queue=13 dmax=0.354 | shoulder_pan.pos=-8.38 shoulder_lift.pos=-100.55 elbow_flex.pos=+81.64 wrist_flex.pos=+70.73 wrist_roll.pos=-5.05 gripper.pos=+0.13
DEBUG 2026-08-19 04:34:50 [action #70] t=4.08s step=1299 queue=12 dmax=0.454 | shoulder_pan.pos=-8.29 shoulder_lift.pos=-100.90 elbow_flex.pos=+81.19 wrist_flex.pos=+70.96 wrist_roll.pos=-5.07 gripper.pos=+0.18
DEBUG 2026-08-19 04:34:50 [action #71] t=4.11s step=1300 queue=11 dmax=0.996 | shoulder_pan.pos=-8.29 shoulder_lift.pos=-99.91 elbow_flex.pos=+81.19 wrist_flex.pos=+71.02 wrist_roll.pos=-4.91 gripper.pos=+0.16
DEBUG 2026-08-19 04:34:50 [action #72] t=4.15s step=1301 queue=10 dmax=1.052 | shoulder_pan.pos=-8.06 shoulder_lift.pos=-100.96 elbow_flex.pos=+80.94 wrist_flex.pos=+71.02 wrist_roll.pos=-4.89 gripper.pos=+0.14
DEBUG 2026-08-19 04:34:50 [action #73] t=4.18s step=1302 queue=9 dmax=1.217 | shoulder_pan.pos=-8.20 shoulder_lift.pos=-99.74 elbow_flex.pos=+82.03 wrist_flex.pos=+71.19 wrist_roll.pos=-4.72 gripper.pos=+0.09
DEBUG 2026-08-19 04:34:50 [action #74] t=4.22s step=1303 queue=8 dmax=1.481 | shoulder_pan.pos=-8.21 shoulder_lift.pos=-100.36 elbow_flex.pos=+80.55 wrist_flex.pos=+71.29 wrist_roll.pos=-4.77 gripper.pos=+0.13
DEBUG 2026-08-19 04:34:50 [action #75] t=4.25s step=1304 queue=7 dmax=0.882 | shoulder_pan.pos=-8.23 shoulder_lift.pos=-101.24 elbow_flex.pos=+80.51 wrist_flex.pos=+71.31 wrist_roll.pos=-4.77 gripper.pos=+0.08
DEBUG 2026-08-19 04:34:50 [action #76] t=4.28s step=1305 queue=6 dmax=0.633 | shoulder_pan.pos=-8.50 shoulder_lift.pos=-100.61 elbow_flex.pos=+80.48 wrist_flex.pos=+71.62 wrist_roll.pos=-4.69 gripper.pos=+0.23
DEBUG 2026-08-19 04:34:50 [action #77] t=4.32s step=1306 queue=5 dmax=0.602 | shoulder_pan.pos=-8.43 shoulder_lift.pos=-100.00 elbow_flex.pos=+80.38 wrist_flex.pos=+71.29 wrist_roll.pos=-4.61 gripper.pos=+0.23
DEBUG 2026-08-19 04:34:50 [action #78] t=4.35s step=1307 queue=4 dmax=0.561 | shoulder_pan.pos=-8.73 shoulder_lift.pos=-99.44 elbow_flex.pos=+80.19 wrist_flex.pos=+71.69 wrist_roll.pos=-4.62 gripper.pos=+0.07
DEBUG 2026-08-19 04:34:50 [action #79] t=4.38s step=1308 queue=3 dmax=0.811 | shoulder_pan.pos=-8.55 shoulder_lift.pos=-98.63 elbow_flex.pos=+79.68 wrist_flex.pos=+71.76 wrist_roll.pos=-4.63 gripper.pos=-0.01
DEBUG 2026-08-19 04:34:50 [chunk] received 50 actions, timesteps 1281..1330 | first: shoulder_pan.pos=-5.68 shoulder_lift.pos=-100.64 elbow_flex.pos=+86.19 wrist_flex.pos=+68.42 wrist_roll.pos=-1.57 gripper.pos=+0.75 | last: shoulder_pan.pos=-4.52 shoulder_lift.pos=-64.86 elbow_flex.pos=+62.51 wrist_flex.pos=+68.61 wrist_roll.pos=-0.80 gripper.pos=+15.02
DEBUG 2026-08-19 04:34:50 [action #80] t=4.42s step=1309 queue=22 dmax=4.216 | shoulder_pan.pos=-4.34 shoulder_lift.pos=-99.60 elbow_flex.pos=+81.03 wrist_flex.pos=+70.61 wrist_roll.pos=-1.99 gripper.pos=+0.35
DEBUG 2026-08-19 04:34:50 [action #81] t=4.45s step=1310 queue=21 dmax=0.275 | shoulder_pan.pos=-4.28 shoulder_lift.pos=-99.34 elbow_flex.pos=+80.75 wrist_flex.pos=+70.60 wrist_roll.pos=-1.99 gripper.pos=+0.40
DEBUG 2026-08-19 04:34:50 [action #82] t=4.48s step=1311 queue=20 dmax=2.185 | shoulder_pan.pos=-2.10 shoulder_lift.pos=-99.96 elbow_flex.pos=+81.55 wrist_flex.pos=+70.34 wrist_roll.pos=-0.84 gripper.pos=+0.54
DEBUG 2026-08-19 04:34:50 [action #83] t=4.52s step=1312 queue=19 dmax=0.409 | shoulder_pan.pos=-1.97 shoulder_lift.pos=-99.55 elbow_flex.pos=+81.59 wrist_flex.pos=+70.38 wrist_roll.pos=-0.80 gripper.pos=+0.54
DEBUG 2026-08-19 04:34:50 [action #84] t=4.55s step=1313 queue=18 dmax=0.887 | shoulder_pan.pos=-1.93 shoulder_lift.pos=-99.21 elbow_flex.pos=+80.70 wrist_flex.pos=+70.41 wrist_roll.pos=-0.86 gripper.pos=+0.53
DEBUG 2026-08-19 04:34:50 [action #85] t=4.58s step=1314 queue=17 dmax=0.663 | shoulder_pan.pos=-2.14 shoulder_lift.pos=-98.55 elbow_flex.pos=+80.84 wrist_flex.pos=+70.48 wrist_roll.pos=-0.86 gripper.pos=+0.46
DEBUG 2026-08-19 04:34:50 [action #86] t=4.62s step=1315 queue=16 dmax=0.818 | shoulder_pan.pos=-1.99 shoulder_lift.pos=-97.73 elbow_flex.pos=+80.55 wrist_flex.pos=+70.46 wrist_roll.pos=-0.86 gripper.pos=+0.44
DEBUG 2026-08-19 04:34:50 [action #87] t=4.65s step=1316 queue=15 dmax=1.130 | shoulder_pan.pos=-1.73 shoulder_lift.pos=-96.77 elbow_flex.pos=+79.42 wrist_flex.pos=+70.14 wrist_roll.pos=-0.83 gripper.pos=+0.48
DEBUG 2026-08-19 04:34:50 [action #88] t=4.68s step=1317 queue=14 dmax=0.926 | shoulder_pan.pos=-1.84 shoulder_lift.pos=-95.84 elbow_flex.pos=+78.90 wrist_flex.pos=+69.94 wrist_roll.pos=-0.78 gripper.pos=+0.52
DEBUG 2026-08-19 04:34:50 [action #89] t=4.72s step=1318 queue=13 dmax=1.567 | shoulder_pan.pos=-1.86 shoulder_lift.pos=-94.28 elbow_flex.pos=+78.40 wrist_flex.pos=+69.68 wrist_roll.pos=-0.82 gripper.pos=+0.41
DEBUG 2026-08-19 04:34:50 [action #90] t=4.75s step=1319 queue=12 dmax=1.560 | shoulder_pan.pos=-2.04 shoulder_lift.pos=-92.72 elbow_flex.pos=+77.43 wrist_flex.pos=+69.54 wrist_roll.pos=-0.86 gripper.pos=+0.45
DEBUG 2026-08-19 04:34:50 [action #91] t=4.78s step=1320 queue=11 dmax=2.220 | shoulder_pan.pos=-2.20 shoulder_lift.pos=-90.50 elbow_flex.pos=+76.35 wrist_flex.pos=+69.38 wrist_roll.pos=-0.76 gripper.pos=+0.41
DEBUG 2026-08-19 04:34:51 [action #92] t=4.82s step=1321 queue=10 dmax=2.234 | shoulder_pan.pos=-2.22 shoulder_lift.pos=-88.26 elbow_flex.pos=+75.55 wrist_flex.pos=+69.19 wrist_roll.pos=-0.82 gripper.pos=+0.37
DEBUG 2026-08-19 04:34:51 [action #93] t=4.85s step=1322 queue=9 dmax=3.338 | shoulder_pan.pos=-2.54 shoulder_lift.pos=-84.93 elbow_flex.pos=+73.26 wrist_flex.pos=+69.06 wrist_roll.pos=-0.82 gripper.pos=+0.43
DEBUG 2026-08-19 04:34:51 [action #94] t=4.88s step=1323 queue=8 dmax=2.495 | shoulder_pan.pos=-2.55 shoulder_lift.pos=-82.43 elbow_flex.pos=+71.12 wrist_flex.pos=+68.93 wrist_roll.pos=-0.82 gripper.pos=+0.85
DEBUG 2026-08-19 04:34:51 [action #95] t=4.92s step=1324 queue=7 dmax=3.690 | shoulder_pan.pos=-3.30 shoulder_lift.pos=-78.74 elbow_flex.pos=+70.04 wrist_flex.pos=+69.07 wrist_roll.pos=-0.73 gripper.pos=+2.02
DEBUG 2026-08-19 04:34:51 [action #96] t=4.95s step=1325 queue=6 dmax=2.348 | shoulder_pan.pos=-3.76 shoulder_lift.pos=-76.92 elbow_flex.pos=+68.04 wrist_flex.pos=+68.95 wrist_roll.pos=-0.80 gripper.pos=+4.36
DEBUG 2026-08-19 04:34:51 [action #97] t=4.98s step=1326 queue=5 dmax=3.383 | shoulder_pan.pos=-4.08 shoulder_lift.pos=-73.54 elbow_flex.pos=+66.54 wrist_flex.pos=+68.88 wrist_roll.pos=-0.84 gripper.pos=+7.23
DEBUG 2026-08-19 04:34:51 [action #98] t=5.02s step=1327 queue=4 dmax=2.790 | shoulder_pan.pos=-4.20 shoulder_lift.pos=-70.75 elbow_flex.pos=+64.68 wrist_flex.pos=+68.78 wrist_roll.pos=-0.78 gripper.pos=+9.93
DEBUG 2026-08-19 04:34:51 [action #99] t=5.05s step=1328 queue=3 dmax=2.542 | shoulder_pan.pos=-4.58 shoulder_lift.pos=-68.21 elbow_flex.pos=+63.74 wrist_flex.pos=+68.76 wrist_roll.pos=-0.91 gripper.pos=+12.20
DEBUG 2026-08-19 04:34:51 [action #100] t=5.08s step=1329 queue=2 dmax=2.552 | shoulder_pan.pos=-4.54 shoulder_lift.pos=-65.66 elbow_flex.pos=+62.14 wrist_flex.pos=+68.60 wrist_roll.pos=-0.75 gripper.pos=+13.75
DEBUG 2026-08-19 04:34:51 [action #101] t=5.12s step=1330 queue=1 dmax=1.266 | shoulder_pan.pos=-4.52 shoulder_lift.pos=-64.86 elbow_flex.pos=+62.51 wrist_flex.pos=+68.61 wrist_roll.pos=-0.80 gripper.pos=+15.02
DEBUG 2026-08-19 04:34:51 [chunk] received 50 actions, timesteps 1308..1357 | first: shoulder_pan.pos=-8.72 shoulder_lift.pos=-98.57 elbow_flex.pos=+81.03 wrist_flex.pos=+71.81 wrist_roll.pos=-4.40 gripper.pos=+0.02 | last: shoulder_pan.pos=-4.91 shoulder_lift.pos=-59.98 elbow_flex.pos=+59.62 wrist_flex.pos=+73.32 wrist_roll.pos=+3.24 gripper.pos=+29.39
DEBUG 2026-08-19 04:34:51 [action #102] t=5.32s step=1331 queue=27 dmax=28.404 | shoulder_pan.pos=-8.86 shoulder_lift.pos=-93.26 elbow_flex.pos=+74.48 wrist_flex.pos=+75.23 wrist_roll.pos=-1.93 gripper.pos=-0.20
DEBUG 2026-08-19 04:34:51 [action #103] t=5.35s step=1332 queue=26 dmax=1.150 | shoulder_pan.pos=-8.76 shoulder_lift.pos=-92.11 elbow_flex.pos=+74.21 wrist_flex.pos=+75.20 wrist_roll.pos=-1.86 gripper.pos=-0.26
DEBUG 2026-08-19 04:34:51 [action #104] t=5.39s step=1333 queue=25 dmax=2.054 | shoulder_pan.pos=-8.90 shoulder_lift.pos=-90.06 elbow_flex.pos=+73.22 wrist_flex.pos=+74.92 wrist_roll.pos=-1.60 gripper.pos=-0.32
DEBUG 2026-08-19 04:34:51 [action #105] t=5.42s step=1334 queue=24 dmax=2.587 | shoulder_pan.pos=-8.59 shoulder_lift.pos=-87.47 elbow_flex.pos=+72.70 wrist_flex.pos=+74.68 wrist_roll.pos=-1.36 gripper.pos=-0.44
DEBUG 2026-08-19 04:34:51 [action #106] t=5.45s step=1335 queue=23 dmax=2.043 | shoulder_pan.pos=-8.97 shoulder_lift.pos=-85.43 elbow_flex.pos=+71.07 wrist_flex.pos=+74.63 wrist_roll.pos=-1.41 gripper.pos=-0.32
DEBUG 2026-08-19 04:34:51 [action #107] t=5.49s step=1336 queue=22 dmax=2.288 | shoulder_pan.pos=-8.62 shoulder_lift.pos=-83.14 elbow_flex.pos=+70.80 wrist_flex.pos=+74.18 wrist_roll.pos=-1.19 gripper.pos=-0.38
DEBUG 2026-08-19 04:34:51 [action #108] t=5.52s step=1337 queue=21 dmax=1.953 | shoulder_pan.pos=-8.66 shoulder_lift.pos=-81.19 elbow_flex.pos=+69.25 wrist_flex.pos=+74.04 wrist_roll.pos=-1.21 gripper.pos=+0.00
DEBUG 2026-08-19 04:34:51 [action #109] t=5.55s step=1338 queue=20 dmax=1.806 | shoulder_pan.pos=-8.19 shoulder_lift.pos=-79.38 elbow_flex.pos=+67.93 wrist_flex.pos=+73.89 wrist_roll.pos=-1.16 gripper.pos=+1.02
DEBUG 2026-08-19 04:34:51 [action #110] t=5.59s step=1339 queue=19 dmax=2.405 | shoulder_pan.pos=-8.24 shoulder_lift.pos=-77.73 elbow_flex.pos=+66.91 wrist_flex.pos=+73.81 wrist_roll.pos=-0.86 gripper.pos=+3.43
DEBUG 2026-08-19 04:34:51 [action #111] t=5.62s step=1340 queue=18 dmax=3.319 | shoulder_pan.pos=-7.94 shoulder_lift.pos=-76.44 elbow_flex.pos=+66.19 wrist_flex.pos=+74.17 wrist_roll.pos=-1.07 gripper.pos=+6.74
DEBUG 2026-08-19 04:34:51 [action #112] t=5.65s step=1341 queue=17 dmax=3.969 | shoulder_pan.pos=-7.61 shoulder_lift.pos=-74.57 elbow_flex.pos=+66.50 wrist_flex.pos=+74.11 wrist_roll.pos=-0.98 gripper.pos=+10.71
DEBUG 2026-08-19 04:34:51 [action #113] t=5.69s step=1342 queue=16 dmax=3.650 | shoulder_pan.pos=-7.39 shoulder_lift.pos=-74.40 elbow_flex.pos=+66.07 wrist_flex.pos=+74.56 wrist_roll.pos=-1.17 gripper.pos=+14.36
DEBUG 2026-08-19 04:34:51 [action #114] t=5.72s step=1343 queue=15 dmax=3.707 | shoulder_pan.pos=-7.42 shoulder_lift.pos=-72.73 elbow_flex.pos=+65.66 wrist_flex.pos=+74.86 wrist_roll.pos=-1.12 gripper.pos=+18.07
DEBUG 2026-08-19 04:34:51 [action #115] t=5.75s step=1344 queue=14 dmax=2.692 | shoulder_pan.pos=-6.99 shoulder_lift.pos=-73.27 elbow_flex.pos=+64.35 wrist_flex.pos=+74.72 wrist_roll.pos=-1.33 gripper.pos=+20.76
DEBUG 2026-08-19 04:34:51 [action #116] t=5.79s step=1345 queue=13 dmax=2.710 | shoulder_pan.pos=-6.86 shoulder_lift.pos=-70.56 elbow_flex.pos=+64.45 wrist_flex.pos=+74.60 wrist_roll.pos=-1.03 gripper.pos=+23.42
DEBUG 2026-08-19 04:34:52 [action #117] t=5.82s step=1346 queue=12 dmax=1.119 | shoulder_pan.pos=-6.39 shoulder_lift.pos=-69.44 elbow_flex.pos=+63.73 wrist_flex.pos=+74.48 wrist_roll.pos=-1.04 gripper.pos=+24.54
DEBUG 2026-08-19 04:34:52 [action #118] t=5.85s step=1347 queue=11 dmax=0.810 | shoulder_pan.pos=-6.15 shoulder_lift.pos=-68.93 elbow_flex.pos=+63.90 wrist_flex.pos=+74.34 wrist_roll.pos=-0.48 gripper.pos=+25.35
DEBUG 2026-08-19 04:34:52 [action #119] t=5.89s step=1348 queue=10 dmax=0.856 | shoulder_pan.pos=-6.07 shoulder_lift.pos=-68.67 elbow_flex.pos=+63.04 wrist_flex.pos=+74.29 wrist_roll.pos=-0.28 gripper.pos=+25.41
DEBUG 2026-08-19 04:34:52 [action #120] t=5.92s step=1349 queue=9 dmax=0.851 | shoulder_pan.pos=-5.84 shoulder_lift.pos=-67.82 elbow_flex.pos=+63.64 wrist_flex.pos=+74.31 wrist_roll.pos=+0.08 gripper.pos=+25.87
DEBUG 2026-08-19 04:34:52 [action #121] t=5.95s step=1350 queue=8 dmax=0.881 | shoulder_pan.pos=-5.55 shoulder_lift.pos=-66.94 elbow_flex.pos=+62.95 wrist_flex.pos=+74.48 wrist_roll.pos=+0.45 gripper.pos=+25.95
DEBUG 2026-08-19 04:34:52 [action #122] t=5.99s step=1351 queue=7 dmax=1.809 | shoulder_pan.pos=-5.73 shoulder_lift.pos=-66.07 elbow_flex.pos=+61.14 wrist_flex.pos=+74.06 wrist_roll.pos=+0.79 gripper.pos=+26.38
DEBUG 2026-08-19 04:34:52 [action #123] t=6.02s step=1352 queue=6 dmax=1.167 | shoulder_pan.pos=-5.58 shoulder_lift.pos=-64.90 elbow_flex.pos=+61.73 wrist_flex.pos=+74.11 wrist_roll.pos=+1.29 gripper.pos=+27.01
DEBUG 2026-08-19 04:34:52 [action #124] t=6.05s step=1353 queue=5 dmax=1.129 | shoulder_pan.pos=-5.35 shoulder_lift.pos=-63.77 elbow_flex.pos=+61.72 wrist_flex.pos=+74.02 wrist_roll.pos=+1.81 gripper.pos=+27.50
DEBUG 2026-08-19 04:34:52 [action #125] t=6.09s step=1354 queue=4 dmax=0.756 | shoulder_pan.pos=-5.44 shoulder_lift.pos=-63.02 elbow_flex.pos=+61.27 wrist_flex.pos=+73.82 wrist_roll.pos=+1.93 gripper.pos=+27.92
DEBUG 2026-08-19 04:34:52 [action #126] t=6.12s step=1355 queue=3 dmax=0.932 | shoulder_pan.pos=-5.04 shoulder_lift.pos=-62.09 elbow_flex.pos=+61.06 wrist_flex.pos=+73.35 wrist_roll.pos=+2.42 gripper.pos=+28.32
DEBUG 2026-08-19 04:34:52 [action #127] t=6.15s step=1356 queue=2 dmax=1.148 | shoulder_pan.pos=-5.10 shoulder_lift.pos=-60.94 elbow_flex.pos=+60.28 wrist_flex.pos=+73.20 wrist_roll.pos=+2.85 gripper.pos=+28.75
DEBUG 2026-08-19 04:34:52 [action #128] t=6.19s step=1357 queue=1 dmax=0.957 | shoulder_pan.pos=-4.91 shoulder_lift.pos=-59.98 elbow_flex.pos=+59.62 wrist_flex.pos=+73.32 wrist_roll.pos=+3.24 gripper.pos=+29.39
DEBUG 2026-08-19 04:34:52 [chunk] received 50 actions, timesteps 1330..1379 | first: shoulder_pan.pos=-4.10 shoulder_lift.pos=-65.49 elbow_flex.pos=+62.52 wrist_flex.pos=+69.64 wrist_roll.pos=-0.76 gripper.pos=+15.65 | last: shoulder_pan.pos=-10.05 shoulder_lift.pos=-34.95 elbow_flex.pos=+59.39 wrist_flex.pos=+56.27 wrist_roll.pos=+2.17 gripper.pos=+34.76
DEBUG 2026-08-19 04:34:52 [action #129] t=6.22s step=1358 queue=22 dmax=8.704 | shoulder_pan.pos=-8.42 shoulder_lift.pos=-67.28 elbow_flex.pos=+67.67 wrist_flex.pos=+64.62 wrist_roll.pos=+3.72 gripper.pos=+35.54
DEBUG 2026-08-19 04:34:52 [action #130] t=6.25s step=1359 queue=21 dmax=1.201 | shoulder_pan.pos=-8.27 shoulder_lift.pos=-66.53 elbow_flex.pos=+68.31 wrist_flex.pos=+63.41 wrist_roll.pos=+3.88 gripper.pos=+35.72
DEBUG 2026-08-19 04:34:52 [action #131] t=6.29s step=1360 queue=20 dmax=1.518 | shoulder_pan.pos=-8.26 shoulder_lift.pos=-65.01 elbow_flex.pos=+68.79 wrist_flex.pos=+62.37 wrist_roll.pos=+4.05 gripper.pos=+35.74
DEBUG 2026-08-19 04:34:52 [action #132] t=6.32s step=1361 queue=19 dmax=1.937 | shoulder_pan.pos=-8.55 shoulder_lift.pos=-63.07 elbow_flex.pos=+68.53 wrist_flex.pos=+61.42 wrist_roll.pos=+4.38 gripper.pos=+35.70
DEBUG 2026-08-19 04:34:52 [action #133] t=6.36s step=1362 queue=18 dmax=1.837 | shoulder_pan.pos=-8.40 shoulder_lift.pos=-61.24 elbow_flex.pos=+68.87 wrist_flex.pos=+60.70 wrist_roll.pos=+4.53 gripper.pos=+35.75
DEBUG 2026-08-19 04:34:52 [action #134] t=6.39s step=1363 queue=17 dmax=2.787 | shoulder_pan.pos=-8.60 shoulder_lift.pos=-58.45 elbow_flex.pos=+67.50 wrist_flex.pos=+59.79 wrist_roll.pos=+4.75 gripper.pos=+35.80
DEBUG 2026-08-19 04:34:52 [action #135] t=6.42s step=1364 queue=16 dmax=1.876 | shoulder_pan.pos=-8.27 shoulder_lift.pos=-56.57 elbow_flex.pos=+67.19 wrist_flex.pos=+59.03 wrist_roll.pos=+4.70 gripper.pos=+35.93
DEBUG 2026-08-19 04:34:52 [action #136] t=6.46s step=1365 queue=15 dmax=2.157 | shoulder_pan.pos=-8.21 shoulder_lift.pos=-54.42 elbow_flex.pos=+66.43 wrist_flex.pos=+58.50 wrist_roll.pos=+4.71 gripper.pos=+35.87
DEBUG 2026-08-19 04:34:52 [action #137] t=6.49s step=1366 queue=14 dmax=2.196 | shoulder_pan.pos=-8.49 shoulder_lift.pos=-52.22 elbow_flex.pos=+65.91 wrist_flex.pos=+58.05 wrist_roll.pos=+4.65 gripper.pos=+35.75
DEBUG 2026-08-19 04:34:52 [action #138] t=6.52s step=1367 queue=13 dmax=1.973 | shoulder_pan.pos=-8.58 shoulder_lift.pos=-50.25 elbow_flex.pos=+65.74 wrist_flex.pos=+57.55 wrist_roll.pos=+4.65 gripper.pos=+35.87
DEBUG 2026-08-19 04:34:52 [action #139] t=6.56s step=1368 queue=12 dmax=1.583 | shoulder_pan.pos=-8.39 shoulder_lift.pos=-48.66 elbow_flex.pos=+64.40 wrist_flex.pos=+57.56 wrist_roll.pos=+4.57 gripper.pos=+35.74
DEBUG 2026-08-19 04:34:52 [action #140] t=6.59s step=1369 queue=11 dmax=1.314 | shoulder_pan.pos=-8.42 shoulder_lift.pos=-47.35 elbow_flex.pos=+64.09 wrist_flex.pos=+57.25 wrist_roll.pos=+4.53 gripper.pos=+35.83
DEBUG 2026-08-19 04:34:52 [action #141] t=6.62s step=1370 queue=10 dmax=1.733 | shoulder_pan.pos=-8.56 shoulder_lift.pos=-45.62 elbow_flex.pos=+63.52 wrist_flex.pos=+57.41 wrist_roll.pos=+4.40 gripper.pos=+35.76
DEBUG 2026-08-19 04:34:52 [action #142] t=6.66s step=1371 queue=9 dmax=1.456 | shoulder_pan.pos=-8.86 shoulder_lift.pos=-44.16 elbow_flex.pos=+62.57 wrist_flex.pos=+57.23 wrist_roll.pos=+4.25 gripper.pos=+35.64
DEBUG 2026-08-19 04:34:52 [action #143] t=6.69s step=1372 queue=8 dmax=1.114 | shoulder_pan.pos=-8.88 shoulder_lift.pos=-43.05 elbow_flex.pos=+61.90 wrist_flex.pos=+57.05 wrist_roll.pos=+3.90 gripper.pos=+35.69
DEBUG 2026-08-19 04:34:52 [action #144] t=6.72s step=1373 queue=7 dmax=1.314 | shoulder_pan.pos=-9.14 shoulder_lift.pos=-41.73 elbow_flex.pos=+61.81 wrist_flex.pos=+56.85 wrist_roll.pos=+3.40 gripper.pos=+35.50
DEBUG 2026-08-19 04:34:52 [action #145] t=6.76s step=1374 queue=6 dmax=1.012 | shoulder_pan.pos=-9.28 shoulder_lift.pos=-40.72 elbow_flex.pos=+61.37 wrist_flex.pos=+56.76 wrist_roll.pos=+2.98 gripper.pos=+35.52
DEBUG 2026-08-19 04:34:52 [action #146] t=6.79s step=1375 queue=5 dmax=0.930 | shoulder_pan.pos=-9.50 shoulder_lift.pos=-39.79 elbow_flex.pos=+60.69 wrist_flex.pos=+56.58 wrist_roll.pos=+2.67 gripper.pos=+35.51
DEBUG 2026-08-19 04:34:53 [action #147] t=6.82s step=1376 queue=4 dmax=1.105 | shoulder_pan.pos=-9.54 shoulder_lift.pos=-38.69 elbow_flex.pos=+60.87 wrist_flex.pos=+56.39 wrist_roll.pos=+2.51 gripper.pos=+35.31
DEBUG 2026-08-19 04:34:53 [action #148] t=6.86s step=1377 queue=3 dmax=1.154 | shoulder_pan.pos=-9.72 shoulder_lift.pos=-37.53 elbow_flex.pos=+59.89 wrist_flex.pos=+56.20 wrist_roll.pos=+2.31 gripper.pos=+35.21
DEBUG 2026-08-19 04:34:53 [action #149] t=6.89s step=1378 queue=2 dmax=0.902 | shoulder_pan.pos=-9.95 shoulder_lift.pos=-36.63 elbow_flex.pos=+59.61 wrist_flex.pos=+56.25 wrist_roll.pos=+2.25 gripper.pos=+35.05
DEBUG 2026-08-19 04:34:53 [action #150] t=6.92s step=1379 queue=1 dmax=1.680 | shoulder_pan.pos=-10.05 shoulder_lift.pos=-34.95 elbow_flex.pos=+59.39 wrist_flex.pos=+56.27 wrist_roll.pos=+2.17 gripper.pos=+34.76
DEBUG 2026-08-19 04:34:53 [chunk] received 50 actions, timesteps 1357..1406 | first: shoulder_pan.pos=-6.66 shoulder_lift.pos=-62.22 elbow_flex.pos=+62.00 wrist_flex.pos=+73.59 wrist_roll.pos=+2.51 gripper.pos=+29.22 | last: shoulder_pan.pos=-11.54 shoulder_lift.pos=-24.18 elbow_flex.pos=+53.70 wrist_flex.pos=+54.04 wrist_roll.pos=+3.45 gripper.pos=+33.91
DEBUG 2026-08-19 04:34:53 [action #151] t=7.02s step=1380 queue=27 dmax=14.091 | shoulder_pan.pos=-10.74 shoulder_lift.pos=-49.04 elbow_flex.pos=+59.67 wrist_flex.pos=+65.53 wrist_roll.pos=+5.06 gripper.pos=+34.35
DEBUG 2026-08-19 04:34:53 [action #152] t=7.06s step=1381 queue=26 dmax=0.604 | shoulder_pan.pos=-11.34 shoulder_lift.pos=-49.18 elbow_flex.pos=+59.92 wrist_flex.pos=+65.25 wrist_roll.pos=+5.04 gripper.pos=+34.50
DEBUG 2026-08-19 04:34:53 [action #153] t=7.09s step=1382 queue=25 dmax=0.547 | shoulder_pan.pos=-11.69 shoulder_lift.pos=-48.90 elbow_flex.pos=+59.97 wrist_flex.pos=+64.70 wrist_roll.pos=+4.89 gripper.pos=+34.72
DEBUG 2026-08-19 04:34:53 [action #154] t=7.12s step=1383 queue=24 dmax=1.161 | shoulder_pan.pos=-11.74 shoulder_lift.pos=-48.00 elbow_flex.pos=+59.68 wrist_flex.pos=+63.54 wrist_roll.pos=+4.64 gripper.pos=+34.96
DEBUG 2026-08-19 04:34:53 [action #155] t=7.16s step=1384 queue=23 dmax=0.485 | shoulder_pan.pos=-11.95 shoulder_lift.pos=-47.86 elbow_flex.pos=+59.90 wrist_flex.pos=+63.06 wrist_roll.pos=+4.47 gripper.pos=+35.14
DEBUG 2026-08-19 04:34:53 [action #156] t=7.19s step=1385 queue=22 dmax=0.860 | shoulder_pan.pos=-12.16 shoulder_lift.pos=-47.26 elbow_flex.pos=+60.55 wrist_flex.pos=+62.20 wrist_roll.pos=+4.28 gripper.pos=+35.32
DEBUG 2026-08-19 04:34:53 [action #157] t=7.22s step=1386 queue=21 dmax=0.980 | shoulder_pan.pos=-11.96 shoulder_lift.pos=-46.28 elbow_flex.pos=+60.40 wrist_flex.pos=+61.37 wrist_roll.pos=+4.01 gripper.pos=+35.28
DEBUG 2026-08-19 04:34:53 [action #158] t=7.26s step=1387 queue=20 dmax=0.552 | shoulder_pan.pos=-11.90 shoulder_lift.pos=-45.79 elbow_flex.pos=+59.85 wrist_flex.pos=+61.13 wrist_roll.pos=+3.94 gripper.pos=+35.18
DEBUG 2026-08-19 04:34:53 [action #159] t=7.29s step=1388 queue=19 dmax=0.769 | shoulder_pan.pos=-11.95 shoulder_lift.pos=-45.05 elbow_flex.pos=+59.66 wrist_flex.pos=+60.36 wrist_roll.pos=+3.92 gripper.pos=+35.01
DEBUG 2026-08-19 04:34:53 [action #160] t=7.32s step=1389 queue=18 dmax=1.295 | shoulder_pan.pos=-12.05 shoulder_lift.pos=-43.75 elbow_flex.pos=+59.75 wrist_flex.pos=+59.45 wrist_roll.pos=+3.89 gripper.pos=+34.85
DEBUG 2026-08-19 04:34:53 [action #161] t=7.36s step=1390 queue=17 dmax=1.052 | shoulder_pan.pos=-12.05 shoulder_lift.pos=-42.70 elbow_flex.pos=+59.75 wrist_flex.pos=+58.93 wrist_roll.pos=+3.91 gripper.pos=+34.96
DEBUG 2026-08-19 04:34:53 [action #162] t=7.39s step=1391 queue=16 dmax=1.151 | shoulder_pan.pos=-11.81 shoulder_lift.pos=-41.55 elbow_flex.pos=+58.92 wrist_flex.pos=+58.48 wrist_roll.pos=+3.87 gripper.pos=+34.93
DEBUG 2026-08-19 04:34:53 [action #163] t=7.43s step=1392 queue=15 dmax=1.077 | shoulder_pan.pos=-11.72 shoulder_lift.pos=-40.47 elbow_flex.pos=+59.38 wrist_flex.pos=+58.07 wrist_roll.pos=+3.83 gripper.pos=+34.87
DEBUG 2026-08-19 04:34:53 [action #164] t=7.46s step=1393 queue=14 dmax=1.099 | shoulder_pan.pos=-11.72 shoulder_lift.pos=-39.37 elbow_flex.pos=+58.38 wrist_flex.pos=+57.37 wrist_roll.pos=+3.73 gripper.pos=+34.86
DEBUG 2026-08-19 04:34:53 [action #165] t=7.49s step=1394 queue=13 dmax=1.083 | shoulder_pan.pos=-11.84 shoulder_lift.pos=-38.29 elbow_flex.pos=+57.57 wrist_flex.pos=+57.06 wrist_roll.pos=+3.77 gripper.pos=+34.77
DEBUG 2026-08-19 04:34:53 [action #166] t=7.53s step=1395 queue=12 dmax=1.012 | shoulder_pan.pos=-11.79 shoulder_lift.pos=-37.28 elbow_flex.pos=+58.08 wrist_flex.pos=+56.75 wrist_roll.pos=+3.69 gripper.pos=+34.92
DEBUG 2026-08-19 04:34:53 [action #167] t=7.56s step=1396 queue=11 dmax=1.074 | shoulder_pan.pos=-11.50 shoulder_lift.pos=-36.46 elbow_flex.pos=+57.01 wrist_flex.pos=+56.52 wrist_roll.pos=+3.69 gripper.pos=+34.72
DEBUG 2026-08-19 04:34:53 [action #168] t=7.59s step=1397 queue=10 dmax=1.237 | shoulder_pan.pos=-11.69 shoulder_lift.pos=-35.22 elbow_flex.pos=+57.29 wrist_flex.pos=+56.38 wrist_roll.pos=+3.79 gripper.pos=+34.70
DEBUG 2026-08-19 04:34:53 [action #169] t=7.63s step=1398 queue=9 dmax=0.772 | shoulder_pan.pos=-11.61 shoulder_lift.pos=-34.45 elbow_flex.pos=+56.55 wrist_flex.pos=+56.13 wrist_roll.pos=+3.67 gripper.pos=+34.51
DEBUG 2026-08-19 04:34:53 [action #170] t=7.66s step=1399 queue=8 dmax=1.715 | shoulder_pan.pos=-11.71 shoulder_lift.pos=-32.73 elbow_flex.pos=+56.25 wrist_flex.pos=+56.04 wrist_roll.pos=+3.64 gripper.pos=+34.33
DEBUG 2026-08-19 04:34:53 [action #171] t=7.69s step=1400 queue=7 dmax=0.851 | shoulder_pan.pos=-11.44 shoulder_lift.pos=-31.95 elbow_flex.pos=+55.40 wrist_flex.pos=+55.62 wrist_roll.pos=+3.76 gripper.pos=+34.12
DEBUG 2026-08-19 04:34:53 [action #172] t=7.73s step=1401 queue=6 dmax=1.044 | shoulder_pan.pos=-11.63 shoulder_lift.pos=-30.90 elbow_flex.pos=+54.82 wrist_flex.pos=+55.20 wrist_roll.pos=+3.59 gripper.pos=+34.10
DEBUG 2026-08-19 04:34:53 [action #173] t=7.76s step=1402 queue=5 dmax=1.228 | shoulder_pan.pos=-11.43 shoulder_lift.pos=-29.68 elbow_flex.pos=+55.10 wrist_flex.pos=+54.89 wrist_roll.pos=+3.63 gripper.pos=+34.08
DEBUG 2026-08-19 04:34:53 [chunk] received 50 actions, timesteps 1379..1428 | first: shoulder_pan.pos=-10.40 shoulder_lift.pos=-34.95 elbow_flex.pos=+56.95 wrist_flex.pos=+54.45 wrist_roll.pos=+1.50 gripper.pos=+38.34 | last: shoulder_pan.pos=-10.19 shoulder_lift.pos=-6.97 elbow_flex.pos=+24.22 wrist_flex.pos=+64.83 wrist_roll.pos=-2.44 gripper.pos=+13.83
DEBUG 2026-08-19 04:34:53 [action #174] t=7.79s step=1403 queue=26 dmax=17.868 | shoulder_pan.pos=-11.16 shoulder_lift.pos=-11.81 elbow_flex.pos=+43.53 wrist_flex.pos=+53.15 wrist_roll.pos=+1.70 gripper.pos=+35.99
DEBUG 2026-08-19 04:34:54 [action #175] t=7.83s step=1404 queue=25 dmax=0.957 | shoulder_pan.pos=-10.99 shoulder_lift.pos=-10.85 elbow_flex.pos=+42.91 wrist_flex.pos=+53.10 wrist_roll.pos=+1.51 gripper.pos=+35.39
DEBUG 2026-08-19 04:34:54 [action #176] t=7.86s step=1405 queue=24 dmax=1.207 | shoulder_pan.pos=-10.94 shoulder_lift.pos=-9.71 elbow_flex.pos=+42.51 wrist_flex.pos=+53.08 wrist_roll.pos=+1.49 gripper.pos=+34.18
DEBUG 2026-08-19 04:34:54 [action #177] t=7.89s step=1406 queue=23 dmax=2.029 | shoulder_pan.pos=-10.85 shoulder_lift.pos=-8.69 elbow_flex.pos=+43.00 wrist_flex.pos=+53.09 wrist_roll.pos=+1.45 gripper.pos=+32.15
DEBUG 2026-08-19 04:34:54 [action #178] t=7.93s step=1407 queue=22 dmax=7.232 | shoulder_pan.pos=-10.37 shoulder_lift.pos=-1.45 elbow_flex.pos=+38.17 wrist_flex.pos=+52.42 wrist_roll.pos=+0.40 gripper.pos=+27.68
DEBUG 2026-08-19 04:34:54 [action #179] t=7.96s step=1408 queue=21 dmax=3.753 | shoulder_pan.pos=-10.29 shoulder_lift.pos=-1.17 elbow_flex.pos=+38.91 wrist_flex.pos=+52.74 wrist_roll.pos=+0.45 gripper.pos=+23.93
DEBUG 2026-08-19 04:34:54 [action #180] t=7.99s step=1409 queue=20 dmax=3.379 | shoulder_pan.pos=-10.55 shoulder_lift.pos=-1.59 elbow_flex.pos=+38.50 wrist_flex.pos=+52.75 wrist_roll.pos=+0.27 gripper.pos=+20.55
DEBUG 2026-08-19 04:34:54 [action #181] t=8.03s step=1410 queue=19 dmax=2.705 | shoulder_pan.pos=-10.58 shoulder_lift.pos=-1.48 elbow_flex.pos=+38.57 wrist_flex.pos=+52.68 wrist_roll.pos=+0.04 gripper.pos=+17.84
DEBUG 2026-08-19 04:34:54 [action #182] t=8.06s step=1411 queue=18 dmax=1.805 | shoulder_pan.pos=-10.56 shoulder_lift.pos=-1.59 elbow_flex.pos=+38.31 wrist_flex.pos=+52.53 wrist_roll.pos=-0.16 gripper.pos=+16.04
DEBUG 2026-08-19 04:34:54 [action #183] t=8.09s step=1412 queue=17 dmax=1.263 | shoulder_pan.pos=-10.74 shoulder_lift.pos=-1.11 elbow_flex.pos=+38.32 wrist_flex.pos=+52.54 wrist_roll.pos=-0.39 gripper.pos=+14.77
DEBUG 2026-08-19 04:34:54 [action #184] t=8.13s step=1413 queue=16 dmax=0.652 | shoulder_pan.pos=-10.61 shoulder_lift.pos=-0.92 elbow_flex.pos=+37.72 wrist_flex.pos=+52.72 wrist_roll.pos=-0.53 gripper.pos=+14.12
DEBUG 2026-08-19 04:34:54 [action #185] t=8.16s step=1414 queue=15 dmax=0.544 | shoulder_pan.pos=-10.61 shoulder_lift.pos=-1.13 elbow_flex.pos=+37.18 wrist_flex.pos=+52.87 wrist_roll.pos=-0.82 gripper.pos=+13.73
DEBUG 2026-08-19 04:34:54 [action #186] t=8.19s step=1415 queue=14 dmax=0.493 | shoulder_pan.pos=-10.92 shoulder_lift.pos=-1.42 elbow_flex.pos=+36.68 wrist_flex.pos=+53.05 wrist_roll.pos=-0.95 gripper.pos=+13.51
DEBUG 2026-08-19 04:34:54 [action #187] t=8.23s step=1416 queue=13 dmax=0.504 | shoulder_pan.pos=-10.81 shoulder_lift.pos=-1.11 elbow_flex.pos=+36.32 wrist_flex.pos=+53.56 wrist_roll.pos=-1.03 gripper.pos=+13.53
DEBUG 2026-08-19 04:34:54 [action #188] t=8.26s step=1417 queue=12 dmax=0.398 | shoulder_pan.pos=-10.97 shoulder_lift.pos=-1.09 elbow_flex.pos=+36.02 wrist_flex.pos=+53.96 wrist_roll.pos=-1.18 gripper.pos=+13.75
DEBUG 2026-08-19 04:34:54 [action #189] t=8.29s step=1418 queue=11 dmax=1.411 | shoulder_pan.pos=-11.04 shoulder_lift.pos=-1.36 elbow_flex.pos=+34.61 wrist_flex.pos=+54.49 wrist_roll.pos=-1.28 gripper.pos=+13.94
DEBUG 2026-08-19 04:34:54 [action #190] t=8.33s step=1419 queue=10 dmax=0.660 | shoulder_pan.pos=-11.19 shoulder_lift.pos=-1.35 elbow_flex.pos=+33.95 wrist_flex.pos=+55.12 wrist_roll.pos=-1.36 gripper.pos=+13.90
DEBUG 2026-08-19 04:34:54 [action #191] t=8.36s step=1420 queue=9 dmax=0.826 | shoulder_pan.pos=-11.09 shoulder_lift.pos=-1.86 elbow_flex.pos=+33.13 wrist_flex.pos=+55.84 wrist_roll.pos=-1.50 gripper.pos=+14.17
DEBUG 2026-08-19 04:34:54 [action #192] t=8.39s step=1421 queue=8 dmax=0.865 | shoulder_pan.pos=-11.21 shoulder_lift.pos=-2.30 elbow_flex.pos=+32.45 wrist_flex.pos=+56.71 wrist_roll.pos=-1.55 gripper.pos=+14.22
DEBUG 2026-08-19 04:34:54 [action #193] t=8.43s step=1422 queue=7 dmax=1.119 | shoulder_pan.pos=-10.92 shoulder_lift.pos=-2.89 elbow_flex.pos=+31.33 wrist_flex.pos=+57.67 wrist_roll.pos=-1.79 gripper.pos=+14.13
DEBUG 2026-08-19 04:34:54 [action #194] t=8.46s step=1423 queue=6 dmax=1.297 | shoulder_pan.pos=-10.84 shoulder_lift.pos=-2.95 elbow_flex.pos=+30.04 wrist_flex.pos=+58.64 wrist_roll.pos=-1.84 gripper.pos=+14.12
DEBUG 2026-08-19 04:34:54 [action #195] t=8.49s step=1424 queue=5 dmax=1.116 | shoulder_pan.pos=-10.79 shoulder_lift.pos=-3.25 elbow_flex.pos=+29.11 wrist_flex.pos=+59.76 wrist_roll.pos=-1.99 gripper.pos=+14.07
DEBUG 2026-08-19 04:34:54 [chunk] received 50 actions, timesteps 1402..1451 | first: shoulder_pan.pos=-13.49 shoulder_lift.pos=-29.88 elbow_flex.pos=+52.53 wrist_flex.pos=+53.80 wrist_roll.pos=+3.78 gripper.pos=+34.56 | last: shoulder_pan.pos=-10.23 shoulder_lift.pos=-13.02 elbow_flex.pos=+24.84 wrist_flex.pos=+66.82 wrist_roll.pos=-3.34 gripper.pos=+13.48
DEBUG 2026-08-19 04:34:54 [action #196] t=8.53s step=1425 queue=27 dmax=12.723 | shoulder_pan.pos=-12.72 shoulder_lift.pos=-4.93 elbow_flex.pos=+34.11 wrist_flex.pos=+53.67 wrist_roll.pos=+1.09 gripper.pos=+26.79
DEBUG 2026-08-19 04:34:54 [action #197] t=8.56s step=1426 queue=26 dmax=0.848 | shoulder_pan.pos=-12.81 shoulder_lift.pos=-4.97 elbow_flex.pos=+33.31 wrist_flex.pos=+54.07 wrist_roll.pos=+1.15 gripper.pos=+25.95
DEBUG 2026-08-19 04:34:54 [action #198] t=8.60s step=1427 queue=25 dmax=0.864 | shoulder_pan.pos=-12.80 shoulder_lift.pos=-4.74 elbow_flex.pos=+33.21 wrist_flex.pos=+54.72 wrist_roll.pos=+1.04 gripper.pos=+25.08
DEBUG 2026-08-19 04:34:54 [action #199] t=8.63s step=1428 queue=24 dmax=0.969 | shoulder_pan.pos=-12.51 shoulder_lift.pos=-4.80 elbow_flex.pos=+32.24 wrist_flex.pos=+55.17 wrist_roll.pos=+0.80 gripper.pos=+24.20
DEBUG 2026-08-19 04:34:54 [action #200] t=8.66s step=1429 queue=23 dmax=4.021 | shoulder_pan.pos=-13.40 shoulder_lift.pos=-4.22 elbow_flex.pos=+36.24 wrist_flex.pos=+51.15 wrist_roll.pos=+1.91 gripper.pos=+27.32
DEBUG 2026-08-19 04:34:54 [action #201] t=8.70s step=1430 queue=22 dmax=1.609 | shoulder_pan.pos=-13.50 shoulder_lift.pos=-4.32 elbow_flex.pos=+36.18 wrist_flex.pos=+51.21 wrist_roll.pos=+1.44 gripper.pos=+25.71
DEBUG 2026-08-19 04:34:54 [action #202] t=8.73s step=1431 queue=21 dmax=1.902 | shoulder_pan.pos=-13.35 shoulder_lift.pos=-3.51 elbow_flex.pos=+36.16 wrist_flex.pos=+51.27 wrist_roll.pos=+1.03 gripper.pos=+23.81
DEBUG 2026-08-19 04:34:54 [action #203] t=8.76s step=1432 queue=20 dmax=1.887 | shoulder_pan.pos=-13.31 shoulder_lift.pos=-3.54 elbow_flex.pos=+35.70 wrist_flex.pos=+51.36 wrist_roll.pos=+0.54 gripper.pos=+21.92
DEBUG 2026-08-19 04:34:54 [action #204] t=8.80s step=1433 queue=19 dmax=1.803 | shoulder_pan.pos=-13.16 shoulder_lift.pos=-3.77 elbow_flex.pos=+35.90 wrist_flex.pos=+51.42 wrist_roll.pos=+0.13 gripper.pos=+20.12
DEBUG 2026-08-19 04:34:55 [action #205] t=8.83s step=1434 queue=18 dmax=1.307 | shoulder_pan.pos=-13.10 shoulder_lift.pos=-2.99 elbow_flex.pos=+35.87 wrist_flex.pos=+51.41 wrist_roll.pos=-0.32 gripper.pos=+18.81
DEBUG 2026-08-19 04:34:55 [action #206] t=8.86s step=1435 queue=17 dmax=1.127 | shoulder_pan.pos=-12.90 shoulder_lift.pos=-2.78 elbow_flex.pos=+34.91 wrist_flex.pos=+51.67 wrist_roll.pos=-0.59 gripper.pos=+17.68
DEBUG 2026-08-19 04:34:55 [action #207] t=8.90s step=1436 queue=16 dmax=0.953 | shoulder_pan.pos=-12.87 shoulder_lift.pos=-3.09 elbow_flex.pos=+35.22 wrist_flex.pos=+52.06 wrist_roll.pos=-0.78 gripper.pos=+16.73
DEBUG 2026-08-19 04:34:55 [action #208] t=8.93s step=1437 queue=15 dmax=0.738 | shoulder_pan.pos=-12.99 shoulder_lift.pos=-2.94 elbow_flex.pos=+34.48 wrist_flex.pos=+52.25 wrist_roll.pos=-0.88 gripper.pos=+16.01
DEBUG 2026-08-19 04:34:55 [action #209] t=8.96s step=1438 queue=14 dmax=1.034 | shoulder_pan.pos=-12.99 shoulder_lift.pos=-3.97 elbow_flex.pos=+34.95 wrist_flex.pos=+53.21 wrist_roll.pos=-1.05 gripper.pos=+15.49
DEBUG 2026-08-19 04:34:55 [action #210] t=9.00s step=1439 queue=13 dmax=1.223 | shoulder_pan.pos=-12.80 shoulder_lift.pos=-4.43 elbow_flex.pos=+33.73 wrist_flex.pos=+53.89 wrist_roll.pos=-1.21 gripper.pos=+15.03
DEBUG 2026-08-19 04:34:55 [action #211] t=9.03s step=1440 queue=12 dmax=0.785 | shoulder_pan.pos=-12.74 shoulder_lift.pos=-4.47 elbow_flex.pos=+33.52 wrist_flex.pos=+54.67 wrist_roll.pos=-1.24 gripper.pos=+14.97
DEBUG 2026-08-19 04:34:55 [action #212] t=9.06s step=1441 queue=11 dmax=0.661 | shoulder_pan.pos=-12.50 shoulder_lift.pos=-4.61 elbow_flex.pos=+33.56 wrist_flex.pos=+55.33 wrist_roll.pos=-1.52 gripper.pos=+14.69
DEBUG 2026-08-19 04:34:55 [action #213] t=9.10s step=1442 queue=10 dmax=1.313 | shoulder_pan.pos=-12.46 shoulder_lift.pos=-5.51 elbow_flex.pos=+32.24 wrist_flex.pos=+56.44 wrist_roll.pos=-1.57 gripper.pos=+14.53
DEBUG 2026-08-19 04:34:55 [action #214] t=9.13s step=1443 queue=9 dmax=0.756 | shoulder_pan.pos=-12.31 shoulder_lift.pos=-5.75 elbow_flex.pos=+32.44 wrist_flex.pos=+57.19 wrist_roll.pos=-1.80 gripper.pos=+14.46
DEBUG 2026-08-19 04:34:55 [action #215] t=9.16s step=1444 queue=8 dmax=0.995 | shoulder_pan.pos=-12.21 shoulder_lift.pos=-6.29 elbow_flex.pos=+31.87 wrist_flex.pos=+58.19 wrist_roll.pos=-1.97 gripper.pos=+14.09
DEBUG 2026-08-19 04:34:55 [action #216] t=9.20s step=1445 queue=7 dmax=0.842 | shoulder_pan.pos=-11.89 shoulder_lift.pos=-6.83 elbow_flex.pos=+31.44 wrist_flex.pos=+59.03 wrist_roll.pos=-2.17 gripper.pos=+13.92
DEBUG 2026-08-19 04:34:55 [action #217] t=9.23s step=1446 queue=6 dmax=1.155 | shoulder_pan.pos=-11.41 shoulder_lift.pos=-7.74 elbow_flex.pos=+30.45 wrist_flex.pos=+60.19 wrist_roll.pos=-2.33 gripper.pos=+13.91
DEBUG 2026-08-19 04:34:55 [action #218] t=9.26s step=1447 queue=5 dmax=1.183 | shoulder_pan.pos=-11.32 shoulder_lift.pos=-8.92 elbow_flex.pos=+29.40 wrist_flex.pos=+61.32 wrist_roll.pos=-2.44 gripper.pos=+13.42
DEBUG 2026-08-19 04:34:55 [chunk] received 50 actions, timesteps 1424..1473 | first: shoulder_pan.pos=-9.48 shoulder_lift.pos=-1.81 elbow_flex.pos=+29.46 wrist_flex.pos=+59.04 wrist_roll.pos=-1.81 gripper.pos=+9.79 | last: shoulder_pan.pos=+25.27 shoulder_lift.pos=-8.48 elbow_flex.pos=-4.45 wrist_flex.pos=+72.21 wrist_roll.pos=+2.15 gripper.pos=+10.52
DEBUG 2026-08-19 04:34:55 [action #219] t=9.30s step=1448 queue=26 dmax=24.203 | shoulder_pan.pos=-4.91 shoulder_lift.pos=-3.50 elbow_flex.pos=+5.20 wrist_flex.pos=+78.46 wrist_roll.pos=-3.60 gripper.pos=+9.95
DEBUG 2026-08-19 04:34:55 [action #220] t=9.33s step=1449 queue=25 dmax=1.924 | shoulder_pan.pos=-3.96 shoulder_lift.pos=-4.34 elbow_flex.pos=+3.27 wrist_flex.pos=+79.46 wrist_roll.pos=-3.63 gripper.pos=+10.05
DEBUG 2026-08-19 04:34:55 [action #221] t=9.36s step=1450 queue=24 dmax=1.662 | shoulder_pan.pos=-3.36 shoulder_lift.pos=-6.00 elbow_flex.pos=+3.09 wrist_flex.pos=+80.37 wrist_roll.pos=-3.68 gripper.pos=+10.11
DEBUG 2026-08-19 04:34:55 [action #222] t=9.40s step=1451 queue=23 dmax=1.069 | shoulder_pan.pos=-2.70 shoulder_lift.pos=-6.01 elbow_flex.pos=+2.02 wrist_flex.pos=+81.26 wrist_roll.pos=-3.53 gripper.pos=+10.21
DEBUG 2026-08-19 04:34:55 [action #223] t=9.43s step=1452 queue=22 dmax=10.713 | shoulder_pan.pos=+1.89 shoulder_lift.pos=-3.65 elbow_flex.pos=-8.69 wrist_flex.pos=+87.56 wrist_roll.pos=-3.52 gripper.pos=+8.90
DEBUG 2026-08-19 04:34:55 [action #224] t=9.46s step=1453 queue=21 dmax=1.068 | shoulder_pan.pos=+2.96 shoulder_lift.pos=-4.70 elbow_flex.pos=-8.43 wrist_flex.pos=+87.85 wrist_roll.pos=-3.45 gripper.pos=+8.95
DEBUG 2026-08-19 04:34:55 [action #225] t=9.50s step=1454 queue=20 dmax=0.815 | shoulder_pan.pos=+3.77 shoulder_lift.pos=-5.35 elbow_flex.pos=-8.50 wrist_flex.pos=+88.07 wrist_roll.pos=-3.15 gripper.pos=+9.12
DEBUG 2026-08-19 04:34:55 [action #226] t=9.53s step=1455 queue=19 dmax=1.391 | shoulder_pan.pos=+5.16 shoulder_lift.pos=-5.53 elbow_flex.pos=-9.52 wrist_flex.pos=+87.90 wrist_roll.pos=-2.83 gripper.pos=+9.05
DEBUG 2026-08-19 04:34:55 [action #227] t=9.57s step=1456 queue=18 dmax=1.085 | shoulder_pan.pos=+6.25 shoulder_lift.pos=-5.37 elbow_flex.pos=-8.66 wrist_flex.pos=+87.79 wrist_roll.pos=-2.82 gripper.pos=+9.36
DEBUG 2026-08-19 04:34:55 [action #228] t=9.60s step=1457 queue=17 dmax=1.274 | shoulder_pan.pos=+7.52 shoulder_lift.pos=-5.63 elbow_flex.pos=-9.15 wrist_flex.pos=+87.84 wrist_roll.pos=-2.30 gripper.pos=+9.13
DEBUG 2026-08-19 04:34:55 [action #229] t=9.63s step=1458 queue=16 dmax=1.604 | shoulder_pan.pos=+8.72 shoulder_lift.pos=-7.24 elbow_flex.pos=-8.38 wrist_flex.pos=+87.38 wrist_roll.pos=-2.18 gripper.pos=+9.31
DEBUG 2026-08-19 04:34:55 [action #230] t=9.67s step=1459 queue=15 dmax=1.214 | shoulder_pan.pos=+9.93 shoulder_lift.pos=-7.45 elbow_flex.pos=-8.91 wrist_flex.pos=+87.03 wrist_roll.pos=-2.02 gripper.pos=+9.43
DEBUG 2026-08-19 04:34:55 [action #231] t=9.70s step=1460 queue=14 dmax=1.375 | shoulder_pan.pos=+11.31 shoulder_lift.pos=-6.63 elbow_flex.pos=-8.96 wrist_flex.pos=+86.68 wrist_roll.pos=-1.66 gripper.pos=+9.35
DEBUG 2026-08-19 04:34:55 [action #232] t=9.73s step=1461 queue=13 dmax=1.186 | shoulder_pan.pos=+12.49 shoulder_lift.pos=-7.31 elbow_flex.pos=-8.86 wrist_flex.pos=+86.47 wrist_roll.pos=-1.35 gripper.pos=+9.44
DEBUG 2026-08-19 04:34:55 [action #233] t=9.77s step=1462 queue=12 dmax=1.308 | shoulder_pan.pos=+13.80 shoulder_lift.pos=-7.44 elbow_flex.pos=-8.44 wrist_flex.pos=+85.66 wrist_roll.pos=-1.35 gripper.pos=+9.71
DEBUG 2026-08-19 04:34:55 [action #234] t=9.80s step=1463 queue=11 dmax=1.369 | shoulder_pan.pos=+15.17 shoulder_lift.pos=-8.29 elbow_flex.pos=-8.94 wrist_flex.pos=+85.04 wrist_roll.pos=-0.98 gripper.pos=+9.59
DEBUG 2026-08-19 04:34:56 [action #235] t=9.83s step=1464 queue=10 dmax=1.314 | shoulder_pan.pos=+16.48 shoulder_lift.pos=-8.96 elbow_flex.pos=-8.26 wrist_flex.pos=+84.50 wrist_roll.pos=-0.66 gripper.pos=+9.75
DEBUG 2026-08-19 04:34:56 [action #236] t=9.87s step=1465 queue=9 dmax=1.249 | shoulder_pan.pos=+17.73 shoulder_lift.pos=-7.98 elbow_flex.pos=-7.83 wrist_flex.pos=+83.56 wrist_roll.pos=-0.29 gripper.pos=+9.76
DEBUG 2026-08-19 04:34:56 [action #237] t=9.90s step=1466 queue=8 dmax=1.030 | shoulder_pan.pos=+18.76 shoulder_lift.pos=-8.76 elbow_flex.pos=-7.63 wrist_flex.pos=+82.56 wrist_roll.pos=+0.18 gripper.pos=+9.75
DEBUG 2026-08-19 04:34:56 [action #238] t=9.93s step=1467 queue=7 dmax=1.263 | shoulder_pan.pos=+20.03 shoulder_lift.pos=-9.12 elbow_flex.pos=-7.60 wrist_flex.pos=+81.55 wrist_roll.pos=+0.51 gripper.pos=+9.78
DEBUG 2026-08-19 04:34:56 [action #239] t=9.97s step=1468 queue=6 dmax=1.260 | shoulder_pan.pos=+20.88 shoulder_lift.pos=-9.65 elbow_flex.pos=-6.64 wrist_flex.pos=+80.29 wrist_roll.pos=+1.13 gripper.pos=+9.85
DEBUG 2026-08-19 04:34:56 [action #240] t=10.00s step=1469 queue=5 dmax=1.446 | shoulder_pan.pos=+22.12 shoulder_lift.pos=-9.61 elbow_flex.pos=-6.83 wrist_flex.pos=+78.84 wrist_roll.pos=+1.33 gripper.pos=+10.05
DEBUG 2026-08-19 04:34:56 [chunk] received 50 actions, timesteps 1447..1496 | first: shoulder_pan.pos=-11.81 shoulder_lift.pos=-5.20 elbow_flex.pos=+27.32 wrist_flex.pos=+60.97 wrist_roll.pos=-1.53 gripper.pos=+10.95 | last: shoulder_pan.pos=+23.06 shoulder_lift.pos=-3.39 elbow_flex.pos=-16.34 wrist_flex.pos=+71.04 wrist_roll.pos=+0.84 gripper.pos=+10.64
DEBUG 2026-08-19 04:34:56 [action #241] t=10.03s step=1470 queue=27 dmax=17.000 | shoulder_pan.pos=+5.12 shoulder_lift.pos=-7.95 elbow_flex.pos=-4.05 wrist_flex.pos=+81.99 wrist_roll.pos=-0.95 gripper.pos=+10.03
DEBUG 2026-08-19 04:34:56 [action #242] t=10.07s step=1471 queue=26 dmax=1.336 | shoulder_pan.pos=+6.37 shoulder_lift.pos=-8.23 elbow_flex.pos=-5.39 wrist_flex.pos=+81.58 wrist_roll.pos=-0.74 gripper.pos=+10.15
DEBUG 2026-08-19 04:34:56 [action #243] t=10.10s step=1472 queue=25 dmax=0.941 | shoulder_pan.pos=+7.31 shoulder_lift.pos=-8.22 elbow_flex.pos=-5.77 wrist_flex.pos=+81.10 wrist_roll.pos=-0.69 gripper.pos=+10.24
DEBUG 2026-08-19 04:34:56 [action #244] t=10.13s step=1473 queue=24 dmax=1.376 | shoulder_pan.pos=+8.53 shoulder_lift.pos=-7.74 elbow_flex.pos=-7.14 wrist_flex.pos=+80.61 wrist_roll.pos=-0.62 gripper.pos=+10.28
DEBUG 2026-08-19 04:34:56 [action #245] t=10.17s step=1474 queue=23 dmax=6.047 | shoulder_pan.pos=+2.48 shoulder_lift.pos=-7.90 elbow_flex.pos=-8.75 wrist_flex.pos=+84.16 wrist_roll.pos=-1.81 gripper.pos=+10.24
DEBUG 2026-08-19 04:34:56 [action #246] t=10.20s step=1475 queue=22 dmax=1.621 | shoulder_pan.pos=+4.04 shoulder_lift.pos=-7.09 elbow_flex.pos=-10.37 wrist_flex.pos=+83.89 wrist_roll.pos=-1.58 gripper.pos=+10.27
DEBUG 2026-08-19 04:34:56 [action #247] t=10.23s step=1476 queue=21 dmax=1.244 | shoulder_pan.pos=+5.29 shoulder_lift.pos=-6.63 elbow_flex.pos=-10.89 wrist_flex.pos=+84.12 wrist_roll.pos=-1.61 gripper.pos=+10.16
DEBUG 2026-08-19 04:34:56 [action #248] t=10.27s step=1477 queue=20 dmax=1.481 | shoulder_pan.pos=+6.77 shoulder_lift.pos=-7.25 elbow_flex.pos=-11.29 wrist_flex.pos=+83.86 wrist_roll.pos=-1.51 gripper.pos=+10.30
DEBUG 2026-08-19 04:34:56 [action #249] t=10.30s step=1478 queue=19 dmax=0.788 | shoulder_pan.pos=+7.56 shoulder_lift.pos=-7.46 elbow_flex.pos=-11.83 wrist_flex.pos=+83.51 wrist_roll.pos=-1.56 gripper.pos=+10.34
DEBUG 2026-08-19 04:34:56 [action #250] t=10.33s step=1479 queue=18 dmax=1.628 | shoulder_pan.pos=+9.18 shoulder_lift.pos=-7.78 elbow_flex.pos=-13.06 wrist_flex.pos=+83.29 wrist_roll.pos=-1.19 gripper.pos=+10.31
DEBUG 2026-08-19 04:34:56 [action #251] t=10.37s step=1480 queue=17 dmax=1.387 | shoulder_pan.pos=+10.57 shoulder_lift.pos=-7.86 elbow_flex.pos=-13.51 wrist_flex.pos=+82.94 wrist_roll.pos=-1.07 gripper.pos=+10.28
DEBUG 2026-08-19 04:34:56 [action #252] t=10.40s step=1481 queue=16 dmax=1.194 | shoulder_pan.pos=+11.77 shoulder_lift.pos=-7.90 elbow_flex.pos=-13.81 wrist_flex.pos=+82.44 wrist_roll.pos=-1.09 gripper.pos=+10.26
DEBUG 2026-08-19 04:34:56 [action #253] t=10.43s step=1482 queue=15 dmax=1.270 | shoulder_pan.pos=+12.90 shoulder_lift.pos=-7.64 elbow_flex.pos=-15.08 wrist_flex.pos=+82.03 wrist_roll.pos=-0.78 gripper.pos=+10.47
DEBUG 2026-08-19 04:34:56 [action #254] t=10.47s step=1483 queue=14 dmax=1.087 | shoulder_pan.pos=+13.99 shoulder_lift.pos=-8.03 elbow_flex.pos=-15.15 wrist_flex.pos=+81.51 wrist_roll.pos=-0.66 gripper.pos=+10.17
DEBUG 2026-08-19 04:34:56 [action #255] t=10.50s step=1484 queue=13 dmax=0.901 | shoulder_pan.pos=+14.89 shoulder_lift.pos=-7.96 elbow_flex.pos=-14.93 wrist_flex.pos=+81.02 wrist_roll.pos=-0.56 gripper.pos=+10.30
DEBUG 2026-08-19 04:34:56 [action #256] t=10.54s step=1485 queue=12 dmax=0.730 | shoulder_pan.pos=+15.62 shoulder_lift.pos=-8.33 elbow_flex.pos=-15.19 wrist_flex.pos=+80.70 wrist_roll.pos=-0.40 gripper.pos=+10.49
DEBUG 2026-08-19 04:34:56 [action #257] t=10.57s step=1486 queue=11 dmax=1.003 | shoulder_pan.pos=+16.62 shoulder_lift.pos=-8.62 elbow_flex.pos=-16.05 wrist_flex.pos=+80.06 wrist_roll.pos=-0.49 gripper.pos=+10.39
DEBUG 2026-08-19 04:34:56 [action #258] t=10.60s step=1487 queue=10 dmax=0.765 | shoulder_pan.pos=+17.09 shoulder_lift.pos=-8.63 elbow_flex.pos=-15.79 wrist_flex.pos=+79.30 wrist_roll.pos=-0.35 gripper.pos=+10.33
DEBUG 2026-08-19 04:34:56 [action #259] t=10.64s step=1488 queue=9 dmax=0.935 | shoulder_pan.pos=+17.94 shoulder_lift.pos=-8.23 elbow_flex.pos=-15.95 wrist_flex.pos=+78.36 wrist_roll.pos=-0.10 gripper.pos=+10.45
DEBUG 2026-08-19 04:34:56 [action #260] t=10.67s step=1489 queue=8 dmax=0.867 | shoulder_pan.pos=+18.81 shoulder_lift.pos=-8.01 elbow_flex.pos=-16.07 wrist_flex.pos=+77.56 wrist_roll.pos=+0.07 gripper.pos=+10.44
DEBUG 2026-08-19 04:34:56 [action #261] t=10.70s step=1490 queue=7 dmax=0.980 | shoulder_pan.pos=+19.58 shoulder_lift.pos=-7.60 elbow_flex.pos=-15.66 wrist_flex.pos=+76.58 wrist_roll.pos=+0.31 gripper.pos=+10.40
DEBUG 2026-08-19 04:34:56 [action #262] t=10.74s step=1491 queue=6 dmax=0.835 | shoulder_pan.pos=+19.98 shoulder_lift.pos=-8.15 elbow_flex.pos=-15.29 wrist_flex.pos=+75.75 wrist_roll.pos=+0.57 gripper.pos=+10.49
DEBUG 2026-08-19 04:34:56 [chunk] received 50 actions, timesteps 1469..1518 | first: shoulder_pan.pos=+14.56 shoulder_lift.pos=-19.86 elbow_flex.pos=+2.46 wrist_flex.pos=+80.63 wrist_roll.pos=+0.51 gripper.pos=+6.39 | last: shoulder_pan.pos=-1.09 shoulder_lift.pos=-88.50 elbow_flex.pos=+70.78 wrist_flex.pos=+72.00 wrist_roll.pos=+1.27 gripper.pos=+3.26
DEBUG 2026-08-19 04:34:56 [action #263] t=10.77s step=1492 queue=27 dmax=39.820 | shoulder_pan.pos=+8.02 shoulder_lift.pos=-41.26 elbow_flex.pos=+24.53 wrist_flex.pos=+74.93 wrist_roll.pos=+0.92 gripper.pos=+5.94
DEBUG 2026-08-19 04:34:56 [action #264] t=10.80s step=1493 queue=26 dmax=1.404 | shoulder_pan.pos=+7.83 shoulder_lift.pos=-42.20 elbow_flex.pos=+25.94 wrist_flex.pos=+74.28 wrist_roll.pos=+1.06 gripper.pos=+5.99
DEBUG 2026-08-19 04:34:57 [action #265] t=10.84s step=1494 queue=25 dmax=1.675 | shoulder_pan.pos=+7.91 shoulder_lift.pos=-42.66 elbow_flex.pos=+27.61 wrist_flex.pos=+73.30 wrist_roll.pos=+0.98 gripper.pos=+5.84
DEBUG 2026-08-19 04:34:57 [action #266] t=10.87s step=1495 queue=24 dmax=1.281 | shoulder_pan.pos=+7.93 shoulder_lift.pos=-43.94 elbow_flex.pos=+28.24 wrist_flex.pos=+72.52 wrist_roll.pos=+1.11 gripper.pos=+5.91
DEBUG 2026-08-19 04:34:57 [action #267] t=10.90s step=1496 queue=23 dmax=0.879 | shoulder_pan.pos=+7.69 shoulder_lift.pos=-44.64 elbow_flex.pos=+29.12 wrist_flex.pos=+71.95 wrist_roll.pos=+1.05 gripper.pos=+5.78
DEBUG 2026-08-19 04:34:57 [action #268] t=10.94s step=1497 queue=22 dmax=20.976 | shoulder_pan.pos=+0.80 shoulder_lift.pos=-63.76 elbow_flex.pos=+50.09 wrist_flex.pos=+72.29 wrist_roll.pos=+1.15 gripper.pos=+3.71
DEBUG 2026-08-19 04:34:57 [action #269] t=10.97s step=1498 queue=21 dmax=1.576 | shoulder_pan.pos=+0.32 shoulder_lift.pos=-65.34 elbow_flex.pos=+51.21 wrist_flex.pos=+72.25 wrist_roll.pos=+1.16 gripper.pos=+3.56
DEBUG 2026-08-19 04:34:57 [action #270] t=11.00s step=1499 queue=20 dmax=1.430 | shoulder_pan.pos=+0.26 shoulder_lift.pos=-66.77 elbow_flex.pos=+52.45 wrist_flex.pos=+72.29 wrist_roll.pos=+1.10 gripper.pos=+3.64
DEBUG 2026-08-19 04:34:57 [action #271] t=11.04s step=1500 queue=19 dmax=1.759 | shoulder_pan.pos=+0.17 shoulder_lift.pos=-68.40 elbow_flex.pos=+54.21 wrist_flex.pos=+72.51 wrist_roll.pos=+1.21 gripper.pos=+3.56
DEBUG 2026-08-19 04:34:57 [action #272] t=11.07s step=1501 queue=18 dmax=1.747 | shoulder_pan.pos=-0.05 shoulder_lift.pos=-70.15 elbow_flex.pos=+54.75 wrist_flex.pos=+72.37 wrist_roll.pos=+1.21 gripper.pos=+3.29
DEBUG 2026-08-19 04:34:57 [action #273] t=11.10s step=1502 queue=17 dmax=1.166 | shoulder_pan.pos=-0.11 shoulder_lift.pos=-71.23 elbow_flex.pos=+55.92 wrist_flex.pos=+72.34 wrist_roll.pos=+1.16 gripper.pos=+3.41
DEBUG 2026-08-19 04:34:57 [action #274] t=11.14s step=1503 queue=16 dmax=1.786 | shoulder_pan.pos=+0.02 shoulder_lift.pos=-73.02 elbow_flex.pos=+56.59 wrist_flex.pos=+72.25 wrist_roll.pos=+1.19 gripper.pos=+3.41
DEBUG 2026-08-19 04:34:57 [action #275] t=11.17s step=1504 queue=15 dmax=1.877 | shoulder_pan.pos=-0.19 shoulder_lift.pos=-74.90 elbow_flex.pos=+57.66 wrist_flex.pos=+71.83 wrist_roll.pos=+1.24 gripper.pos=+3.43
DEBUG 2026-08-19 04:34:57 [action #276] t=11.20s step=1505 queue=14 dmax=0.554 | shoulder_pan.pos=-0.24 shoulder_lift.pos=-75.34 elbow_flex.pos=+58.22 wrist_flex.pos=+71.80 wrist_roll.pos=+1.16 gripper.pos=+3.41
DEBUG 2026-08-19 04:34:57 [action #277] t=11.24s step=1506 queue=13 dmax=1.630 | shoulder_pan.pos=-0.35 shoulder_lift.pos=-76.97 elbow_flex.pos=+59.11 wrist_flex.pos=+72.01 wrist_roll.pos=+1.15 gripper.pos=+3.55
DEBUG 2026-08-19 04:34:57 [action #278] t=11.27s step=1507 queue=12 dmax=0.796 | shoulder_pan.pos=-0.63 shoulder_lift.pos=-77.65 elbow_flex.pos=+59.90 wrist_flex.pos=+71.69 wrist_roll.pos=+1.14 gripper.pos=+3.47
DEBUG 2026-08-19 04:34:57 [action #279] t=11.31s step=1508 queue=11 dmax=1.515 | shoulder_pan.pos=-1.05 shoulder_lift.pos=-78.94 elbow_flex.pos=+61.42 wrist_flex.pos=+71.93 wrist_roll.pos=+1.12 gripper.pos=+3.57
DEBUG 2026-08-19 04:34:57 [action #280] t=11.34s step=1509 queue=10 dmax=1.284 | shoulder_pan.pos=-1.08 shoulder_lift.pos=-80.23 elbow_flex.pos=+62.43 wrist_flex.pos=+71.84 wrist_roll.pos=+1.22 gripper.pos=+3.29
DEBUG 2026-08-19 04:34:57 [action #281] t=11.37s step=1510 queue=9 dmax=0.742 | shoulder_pan.pos=-1.68 shoulder_lift.pos=-80.94 elbow_flex.pos=+63.17 wrist_flex.pos=+71.91 wrist_roll.pos=+1.18 gripper.pos=+3.38
DEBUG 2026-08-19 04:34:57 [action #282] t=11.41s step=1511 queue=8 dmax=1.374 | shoulder_pan.pos=-1.84 shoulder_lift.pos=-82.32 elbow_flex.pos=+64.35 wrist_flex.pos=+71.88 wrist_roll.pos=+1.18 gripper.pos=+3.35
DEBUG 2026-08-19 04:34:57 [action #283] t=11.44s step=1512 queue=7 dmax=1.179 | shoulder_pan.pos=-2.01 shoulder_lift.pos=-83.50 elbow_flex.pos=+64.88 wrist_flex.pos=+71.95 wrist_roll.pos=+1.16 gripper.pos=+3.35
DEBUG 2026-08-19 04:34:57 [action #284] t=11.47s step=1513 queue=6 dmax=0.673 | shoulder_pan.pos=-2.11 shoulder_lift.pos=-84.17 elbow_flex.pos=+65.09 wrist_flex.pos=+72.11 wrist_roll.pos=+1.23 gripper.pos=+3.31
DEBUG 2026-08-19 04:34:57 [chunk] received 50 actions, timesteps 1491..1540 | first: shoulder_pan.pos=+13.98 shoulder_lift.pos=-14.62 elbow_flex.pos=-9.00 wrist_flex.pos=+81.43 wrist_roll.pos=-0.32 gripper.pos=+4.38 | last: shoulder_pan.pos=-2.10 shoulder_lift.pos=-82.10 elbow_flex.pos=+54.51 wrist_flex.pos=+75.90 wrist_roll.pos=+1.02 gripper.pos=+2.32
DEBUG 2026-08-19 04:34:57 [action #285] t=11.51s step=1514 queue=27 dmax=25.229 | shoulder_pan.pos=-0.22 shoulder_lift.pos=-58.94 elbow_flex.pos=+40.97 wrist_flex.pos=+75.98 wrist_roll.pos=+2.61 gripper.pos=+2.97
DEBUG 2026-08-19 04:34:57 [action #286] t=11.54s step=1515 queue=26 dmax=1.590 | shoulder_pan.pos=+0.29 shoulder_lift.pos=-60.53 elbow_flex.pos=+42.37 wrist_flex.pos=+75.80 wrist_roll.pos=+2.51 gripper.pos=+3.13
DEBUG 2026-08-19 04:34:57 [action #287] t=11.57s step=1516 queue=25 dmax=1.360 | shoulder_pan.pos=+0.14 shoulder_lift.pos=-61.70 elbow_flex.pos=+43.73 wrist_flex.pos=+75.86 wrist_roll.pos=+2.55 gripper.pos=+3.04
DEBUG 2026-08-19 04:34:57 [action #288] t=11.61s step=1517 queue=24 dmax=1.686 | shoulder_pan.pos=+0.54 shoulder_lift.pos=-63.38 elbow_flex.pos=+44.67 wrist_flex.pos=+75.86 wrist_roll.pos=+2.28 gripper.pos=+3.13
DEBUG 2026-08-19 04:34:57 [action #289] t=11.64s step=1518 queue=23 dmax=1.547 | shoulder_pan.pos=+0.39 shoulder_lift.pos=-64.81 elbow_flex.pos=+46.22 wrist_flex.pos=+75.68 wrist_roll.pos=+2.09 gripper.pos=+2.95
DEBUG 2026-08-19 04:34:57 [action #290] t=11.67s step=1519 queue=22 dmax=9.112 | shoulder_pan.pos=+1.29 shoulder_lift.pos=-56.37 elbow_flex.pos=+37.11 wrist_flex.pos=+77.45 wrist_roll.pos=+2.19 gripper.pos=+2.86
DEBUG 2026-08-19 04:34:57 [action #291] t=11.71s step=1520 queue=21 dmax=1.644 | shoulder_pan.pos=+1.23 shoulder_lift.pos=-58.01 elbow_flex.pos=+37.90 wrist_flex.pos=+77.41 wrist_roll.pos=+2.22 gripper.pos=+2.76
DEBUG 2026-08-19 04:34:57 [action #292] t=11.74s step=1521 queue=20 dmax=1.774 | shoulder_pan.pos=+1.18 shoulder_lift.pos=-59.78 elbow_flex.pos=+39.34 wrist_flex.pos=+77.15 wrist_roll.pos=+2.03 gripper.pos=+2.77
DEBUG 2026-08-19 04:34:57 [action #293] t=11.77s step=1522 queue=19 dmax=1.528 | shoulder_pan.pos=+0.89 shoulder_lift.pos=-61.31 elbow_flex.pos=+40.73 wrist_flex.pos=+77.13 wrist_roll.pos=+1.85 gripper.pos=+2.70
DEBUG 2026-08-19 04:34:57 [action #294] t=11.81s step=1523 queue=18 dmax=1.355 | shoulder_pan.pos=+0.77 shoulder_lift.pos=-62.67 elbow_flex.pos=+41.00 wrist_flex.pos=+77.19 wrist_roll.pos=+1.87 gripper.pos=+2.86
DEBUG 2026-08-19 04:34:58 [action #295] t=11.84s step=1524 queue=17 dmax=1.239 | shoulder_pan.pos=+0.47 shoulder_lift.pos=-63.72 elbow_flex.pos=+42.24 wrist_flex.pos=+76.94 wrist_roll.pos=+1.74 gripper.pos=+2.70
DEBUG 2026-08-19 04:34:58 [action #296] t=11.87s step=1525 queue=16 dmax=1.380 | shoulder_pan.pos=+0.13 shoulder_lift.pos=-65.10 elbow_flex.pos=+43.21 wrist_flex.pos=+76.92 wrist_roll.pos=+1.93 gripper.pos=+2.83
DEBUG 2026-08-19 04:34:58 [action #297] t=11.91s step=1526 queue=15 dmax=1.184 | shoulder_pan.pos=+0.08 shoulder_lift.pos=-66.28 elbow_flex.pos=+43.65 wrist_flex.pos=+76.68 wrist_roll.pos=+1.76 gripper.pos=+2.70
DEBUG 2026-08-19 04:34:58 [action #298] t=11.94s step=1527 queue=14 dmax=1.183 | shoulder_pan.pos=-0.11 shoulder_lift.pos=-67.47 elbow_flex.pos=+44.59 wrist_flex.pos=+76.66 wrist_roll.pos=+1.67 gripper.pos=+2.60
DEBUG 2026-08-19 04:34:58 [action #299] t=11.97s step=1528 queue=13 dmax=1.069 | shoulder_pan.pos=-0.34 shoulder_lift.pos=-68.54 elbow_flex.pos=+45.58 wrist_flex.pos=+76.65 wrist_roll.pos=+1.50 gripper.pos=+2.70
DEBUG 2026-08-19 04:34:58 [action #300] t=12.01s step=1529 queue=12 dmax=1.004 | shoulder_pan.pos=-0.39 shoulder_lift.pos=-69.54 elbow_flex.pos=+45.60 wrist_flex.pos=+76.43 wrist_roll.pos=+1.40 gripper.pos=+2.63
DEBUG 2026-08-19 04:34:58 [action #301] t=12.04s step=1530 queue=11 dmax=1.142 | shoulder_pan.pos=-0.54 shoulder_lift.pos=-70.59 elbow_flex.pos=+46.74 wrist_flex.pos=+76.28 wrist_roll.pos=+1.27 gripper.pos=+2.59
DEBUG 2026-08-19 04:34:58 [action #302] t=12.07s step=1531 queue=10 dmax=1.252 | shoulder_pan.pos=-0.76 shoulder_lift.pos=-71.84 elbow_flex.pos=+47.53 wrist_flex.pos=+76.10 wrist_roll.pos=+1.10 gripper.pos=+2.52
DEBUG 2026-08-19 04:34:58 [action #303] t=12.11s step=1532 queue=9 dmax=0.765 | shoulder_pan.pos=-0.84 shoulder_lift.pos=-72.61 elbow_flex.pos=+47.89 wrist_flex.pos=+76.14 wrist_roll.pos=+1.02 gripper.pos=+2.60
DEBUG 2026-08-19 04:34:58 [action #304] t=12.14s step=1533 queue=8 dmax=1.024 | shoulder_pan.pos=-1.15 shoulder_lift.pos=-73.63 elbow_flex.pos=+48.48 wrist_flex.pos=+75.94 wrist_roll.pos=+1.16 gripper.pos=+2.73
DEBUG 2026-08-19 04:34:58 [action #305] t=12.17s step=1534 queue=7 dmax=1.530 | shoulder_pan.pos=-1.33 shoulder_lift.pos=-75.16 elbow_flex.pos=+49.14 wrist_flex.pos=+76.09 wrist_roll.pos=+1.15 gripper.pos=+2.74
DEBUG 2026-08-19 04:34:58 [chunk] received 50 actions, timesteps 1513..1562 | first: shoulder_pan.pos=-1.12 shoulder_lift.pos=-74.87 elbow_flex.pos=+61.15 wrist_flex.pos=+71.70 wrist_roll.pos=+1.18 gripper.pos=+2.82 | last: shoulder_pan.pos=-1.62 shoulder_lift.pos=-36.09 elbow_flex.pos=+51.77 wrist_flex.pos=+68.20 wrist_roll.pos=+8.55 gripper.pos=+38.66
DEBUG 2026-08-19 04:34:58 [action #306] t=12.21s step=1535 queue=28 dmax=20.806 | shoulder_pan.pos=-0.90 shoulder_lift.pos=-70.97 elbow_flex.pos=+58.47 wrist_flex.pos=+72.79 wrist_roll.pos=+6.26 gripper.pos=+23.55
DEBUG 2026-08-19 04:34:58 [action #307] t=12.24s step=1536 queue=27 dmax=0.712 | shoulder_pan.pos=-1.03 shoulder_lift.pos=-71.68 elbow_flex.pos=+58.96 wrist_flex.pos=+72.64 wrist_roll.pos=+6.28 gripper.pos=+23.65
DEBUG 2026-08-19 04:34:58 [action #308] t=12.27s step=1537 queue=26 dmax=0.293 | shoulder_pan.pos=-1.00 shoulder_lift.pos=-71.76 elbow_flex.pos=+58.98 wrist_flex.pos=+72.39 wrist_roll.pos=+6.42 gripper.pos=+23.94
DEBUG 2026-08-19 04:34:58 [action #309] t=12.31s step=1538 queue=25 dmax=0.679 | shoulder_pan.pos=-0.97 shoulder_lift.pos=-71.90 elbow_flex.pos=+59.66 wrist_flex.pos=+72.38 wrist_roll.pos=+6.57 gripper.pos=+24.57
DEBUG 2026-08-19 04:34:58 [action #310] t=12.34s step=1539 queue=24 dmax=0.648 | shoulder_pan.pos=-1.16 shoulder_lift.pos=-72.21 elbow_flex.pos=+60.31 wrist_flex.pos=+72.20 wrist_roll.pos=+6.63 gripper.pos=+25.14
DEBUG 2026-08-19 04:34:58 [action #311] t=12.38s step=1540 queue=23 dmax=0.553 | shoulder_pan.pos=-1.14 shoulder_lift.pos=-72.76 elbow_flex.pos=+60.50 wrist_flex.pos=+72.13 wrist_roll.pos=+6.66 gripper.pos=+25.69
DEBUG 2026-08-19 04:34:58 [action #312] t=12.41s step=1541 queue=22 dmax=10.615 | shoulder_pan.pos=-0.81 shoulder_lift.pos=-69.04 elbow_flex.pos=+63.25 wrist_flex.pos=+70.59 wrist_roll.pos=+9.13 gripper.pos=+36.30
DEBUG 2026-08-19 04:34:58 [action #313] t=12.44s step=1542 queue=21 dmax=1.729 | shoulder_pan.pos=-0.93 shoulder_lift.pos=-67.32 elbow_flex.pos=+62.77 wrist_flex.pos=+70.66 wrist_roll.pos=+9.28 gripper.pos=+36.87
DEBUG 2026-08-19 04:34:58 [action #314] t=12.48s step=1543 queue=20 dmax=1.083 | shoulder_pan.pos=-1.17 shoulder_lift.pos=-66.23 elbow_flex.pos=+63.34 wrist_flex.pos=+70.78 wrist_roll.pos=+9.47 gripper.pos=+37.14
DEBUG 2026-08-19 04:34:58 [action #315] t=12.51s step=1544 queue=19 dmax=0.427 | shoulder_pan.pos=-1.24 shoulder_lift.pos=-66.25 elbow_flex.pos=+63.16 wrist_flex.pos=+70.35 wrist_roll.pos=+9.42 gripper.pos=+37.39
DEBUG 2026-08-19 04:34:58 [action #316] t=12.54s step=1545 queue=18 dmax=1.642 | shoulder_pan.pos=-1.16 shoulder_lift.pos=-64.60 elbow_flex.pos=+62.01 wrist_flex.pos=+70.28 wrist_roll.pos=+9.54 gripper.pos=+37.51
DEBUG 2026-08-19 04:34:58 [action #317] t=12.58s step=1546 queue=17 dmax=0.813 | shoulder_pan.pos=-1.21 shoulder_lift.pos=-63.79 elbow_flex.pos=+62.18 wrist_flex.pos=+70.20 wrist_roll.pos=+9.58 gripper.pos=+37.75
DEBUG 2026-08-19 04:34:58 [action #318] t=12.61s step=1547 queue=16 dmax=1.637 | shoulder_pan.pos=-1.27 shoulder_lift.pos=-62.15 elbow_flex.pos=+61.48 wrist_flex.pos=+70.09 wrist_roll.pos=+9.43 gripper.pos=+37.77
DEBUG 2026-08-19 04:34:58 [action #319] t=12.64s step=1548 queue=15 dmax=1.403 | shoulder_pan.pos=-1.49 shoulder_lift.pos=-60.75 elbow_flex.pos=+61.05 wrist_flex.pos=+69.89 wrist_roll.pos=+9.41 gripper.pos=+37.65
DEBUG 2026-08-19 04:34:58 [action #320] t=12.68s step=1549 queue=14 dmax=2.015 | shoulder_pan.pos=-1.59 shoulder_lift.pos=-58.74 elbow_flex.pos=+60.67 wrist_flex.pos=+70.15 wrist_roll.pos=+9.46 gripper.pos=+37.71
DEBUG 2026-08-19 04:34:58 [action #321] t=12.71s step=1550 queue=13 dmax=2.176 | shoulder_pan.pos=-1.54 shoulder_lift.pos=-56.56 elbow_flex.pos=+59.50 wrist_flex.pos=+69.75 wrist_roll.pos=+9.35 gripper.pos=+37.76
DEBUG 2026-08-19 04:34:58 [action #322] t=12.74s step=1551 queue=12 dmax=1.807 | shoulder_pan.pos=-1.36 shoulder_lift.pos=-54.75 elbow_flex.pos=+58.76 wrist_flex.pos=+69.45 wrist_roll.pos=+9.39 gripper.pos=+37.83
DEBUG 2026-08-19 04:34:58 [action #323] t=12.78s step=1552 queue=11 dmax=2.235 | shoulder_pan.pos=-1.49 shoulder_lift.pos=-52.52 elbow_flex.pos=+58.11 wrist_flex.pos=+69.49 wrist_roll.pos=+9.37 gripper.pos=+38.00
DEBUG 2026-08-19 04:34:58 [action #324] t=12.81s step=1553 queue=10 dmax=2.016 | shoulder_pan.pos=-1.53 shoulder_lift.pos=-50.50 elbow_flex.pos=+56.91 wrist_flex.pos=+69.36 wrist_roll.pos=+9.30 gripper.pos=+38.00
DEBUG 2026-08-19 04:34:59 [action #325] t=12.84s step=1554 queue=9 dmax=1.741 | shoulder_pan.pos=-1.42 shoulder_lift.pos=-48.76 elbow_flex.pos=+56.65 wrist_flex.pos=+68.89 wrist_roll.pos=+9.28 gripper.pos=+38.13
DEBUG 2026-08-19 04:34:59 [action #326] t=12.88s step=1555 queue=8 dmax=1.854 | shoulder_pan.pos=-1.29 shoulder_lift.pos=-46.91 elbow_flex.pos=+56.05 wrist_flex.pos=+68.90 wrist_roll.pos=+9.22 gripper.pos=+38.41
DEBUG 2026-08-19 04:34:59 [action #327] t=12.91s step=1556 queue=7 dmax=1.444 | shoulder_pan.pos=-1.12 shoulder_lift.pos=-45.46 elbow_flex.pos=+55.34 wrist_flex.pos=+68.38 wrist_roll.pos=+9.10 gripper.pos=+38.41
DEBUG 2026-08-19 04:34:59 [action #328] t=12.94s step=1557 queue=6 dmax=1.513 | shoulder_pan.pos=-1.24 shoulder_lift.pos=-43.95 elbow_flex.pos=+55.09 wrist_flex.pos=+68.28 wrist_roll.pos=+9.05 gripper.pos=+38.37
DEBUG 2026-08-19 04:34:59 [action #329] t=12.98s step=1558 queue=5 dmax=1.481 | shoulder_pan.pos=-1.37 shoulder_lift.pos=-42.47 elbow_flex.pos=+54.58 wrist_flex.pos=+68.22 wrist_roll.pos=+9.13 gripper.pos=+38.42
DEBUG 2026-08-19 04:34:59 [action #330] t=13.01s step=1559 queue=4 dmax=1.610 | shoulder_pan.pos=-1.47 shoulder_lift.pos=-40.86 elbow_flex.pos=+53.78 wrist_flex.pos=+68.22 wrist_roll.pos=+9.01 gripper.pos=+38.59
DEBUG 2026-08-19 04:34:59 [chunk] received 50 actions, timesteps 1534..1583 | first: shoulder_pan.pos=-0.48 shoulder_lift.pos=-62.42 elbow_flex.pos=+46.48 wrist_flex.pos=+76.28 wrist_roll.pos=+1.35 gripper.pos=+9.56 | last: shoulder_pan.pos=+1.71 shoulder_lift.pos=-34.15 elbow_flex.pos=+48.99 wrist_flex.pos=+71.41 wrist_roll.pos=+14.30 gripper.pos=+37.78
DEBUG 2026-08-19 04:34:59 [action #331] t=13.04s step=1560 queue=24 dmax=9.648 | shoulder_pan.pos=+0.97 shoulder_lift.pos=-50.51 elbow_flex.pos=+54.08 wrist_flex.pos=+73.67 wrist_roll.pos=+12.49 gripper.pos=+36.67
DEBUG 2026-08-19 04:34:59 [action #332] t=13.08s step=1561 queue=23 dmax=1.320 | shoulder_pan.pos=+1.12 shoulder_lift.pos=-49.19 elbow_flex.pos=+53.33 wrist_flex.pos=+73.35 wrist_roll.pos=+12.52 gripper.pos=+36.73
DEBUG 2026-08-19 04:34:59 [action #333] t=13.11s step=1562 queue=22 dmax=0.413 | shoulder_pan.pos=+0.94 shoulder_lift.pos=-48.78 elbow_flex.pos=+53.22 wrist_flex.pos=+73.34 wrist_roll.pos=+12.40 gripper.pos=+36.97
DEBUG 2026-08-19 04:34:59 [action #334] t=13.14s step=1563 queue=21 dmax=3.814 | shoulder_pan.pos=+2.03 shoulder_lift.pos=-52.59 elbow_flex.pos=+54.00 wrist_flex.pos=+75.06 wrist_roll.pos=+14.07 gripper.pos=+36.64
DEBUG 2026-08-19 04:34:59 [action #335] t=13.18s step=1564 queue=20 dmax=0.981 | shoulder_pan.pos=+2.03 shoulder_lift.pos=-51.61 elbow_flex.pos=+53.77 wrist_flex.pos=+74.82 wrist_roll.pos=+14.18 gripper.pos=+36.98
DEBUG 2026-08-19 04:34:59 [action #336] t=13.21s step=1565 queue=19 dmax=1.166 | shoulder_pan.pos=+1.84 shoulder_lift.pos=-50.44 elbow_flex.pos=+52.79 wrist_flex.pos=+74.70 wrist_roll.pos=+14.14 gripper.pos=+37.14
DEBUG 2026-08-19 04:34:59 [action #337] t=13.24s step=1566 queue=18 dmax=0.996 | shoulder_pan.pos=+1.63 shoulder_lift.pos=-49.45 elbow_flex.pos=+53.11 wrist_flex.pos=+74.15 wrist_roll.pos=+14.12 gripper.pos=+37.34
DEBUG 2026-08-19 04:34:59 [action #338] t=13.28s step=1567 queue=17 dmax=0.871 | shoulder_pan.pos=+1.73 shoulder_lift.pos=-48.57 elbow_flex.pos=+52.65 wrist_flex.pos=+73.70 wrist_roll.pos=+14.22 gripper.pos=+37.46
DEBUG 2026-08-19 04:34:59 [action #339] t=13.31s step=1568 queue=16 dmax=1.353 | shoulder_pan.pos=+1.49 shoulder_lift.pos=-47.22 elbow_flex.pos=+52.31 wrist_flex.pos=+73.70 wrist_roll.pos=+14.17 gripper.pos=+37.44
DEBUG 2026-08-19 04:34:59 [action #340] t=13.34s step=1569 queue=15 dmax=0.698 | shoulder_pan.pos=+1.49 shoulder_lift.pos=-46.52 elbow_flex.pos=+52.27 wrist_flex.pos=+73.44 wrist_roll.pos=+14.11 gripper.pos=+37.50
DEBUG 2026-08-19 04:34:59 [action #341] t=13.38s step=1570 queue=14 dmax=1.434 | shoulder_pan.pos=+1.45 shoulder_lift.pos=-45.09 elbow_flex.pos=+52.03 wrist_flex.pos=+73.05 wrist_roll.pos=+14.19 gripper.pos=+37.33
DEBUG 2026-08-19 04:34:59 [action #342] t=13.41s step=1571 queue=13 dmax=1.320 | shoulder_pan.pos=+1.28 shoulder_lift.pos=-43.77 elbow_flex.pos=+51.83 wrist_flex.pos=+72.96 wrist_roll.pos=+14.30 gripper.pos=+37.46
DEBUG 2026-08-19 04:34:59 [action #343] t=13.45s step=1572 queue=12 dmax=0.221 | shoulder_pan.pos=+1.11 shoulder_lift.pos=-43.70 elbow_flex.pos=+51.95 wrist_flex.pos=+72.74 wrist_roll.pos=+14.33 gripper.pos=+37.36
DEBUG 2026-08-19 04:34:59 [action #344] t=13.48s step=1573 queue=11 dmax=1.450 | shoulder_pan.pos=+1.22 shoulder_lift.pos=-42.25 elbow_flex.pos=+51.38 wrist_flex.pos=+72.82 wrist_roll.pos=+14.04 gripper.pos=+37.65
DEBUG 2026-08-19 04:34:59 [action #345] t=13.51s step=1574 queue=10 dmax=0.661 | shoulder_pan.pos=+1.19 shoulder_lift.pos=-42.13 elbow_flex.pos=+50.72 wrist_flex.pos=+72.77 wrist_roll.pos=+14.27 gripper.pos=+37.53
DEBUG 2026-08-19 04:34:59 [action #346] t=13.55s step=1575 queue=9 dmax=0.822 | shoulder_pan.pos=+1.20 shoulder_lift.pos=-41.31 elbow_flex.pos=+50.87 wrist_flex.pos=+72.68 wrist_roll.pos=+14.23 gripper.pos=+37.67
DEBUG 2026-08-19 04:34:59 [action #347] t=13.58s step=1576 queue=8 dmax=1.368 | shoulder_pan.pos=+1.13 shoulder_lift.pos=-39.94 elbow_flex.pos=+50.35 wrist_flex.pos=+72.46 wrist_roll.pos=+14.32 gripper.pos=+37.72
DEBUG 2026-08-19 04:34:59 [action #348] t=13.61s step=1577 queue=7 dmax=0.393 | shoulder_pan.pos=+1.25 shoulder_lift.pos=-39.55 elbow_flex.pos=+50.18 wrist_flex.pos=+72.27 wrist_roll.pos=+14.11 gripper.pos=+37.58
DEBUG 2026-08-19 04:34:59 [action #349] t=13.65s step=1578 queue=6 dmax=0.900 | shoulder_pan.pos=+1.39 shoulder_lift.pos=-38.65 elbow_flex.pos=+50.30 wrist_flex.pos=+72.25 wrist_roll.pos=+14.20 gripper.pos=+37.60
DEBUG 2026-08-19 04:34:59 [action #350] t=13.68s step=1579 queue=5 dmax=1.359 | shoulder_pan.pos=+1.17 shoulder_lift.pos=-37.29 elbow_flex.pos=+49.80 wrist_flex.pos=+72.14 wrist_roll.pos=+14.27 gripper.pos=+37.73
DEBUG 2026-08-19 04:34:59 [action #351] t=13.71s step=1580 queue=4 dmax=0.404 | shoulder_pan.pos=+1.37 shoulder_lift.pos=-37.13 elbow_flex.pos=+49.40 wrist_flex.pos=+72.12 wrist_roll.pos=+14.27 gripper.pos=+37.73
DEBUG 2026-08-19 04:34:59 [action #352] t=13.75s step=1581 queue=3 dmax=0.829 | shoulder_pan.pos=+1.40 shoulder_lift.pos=-36.30 elbow_flex.pos=+49.24 wrist_flex.pos=+71.94 wrist_roll.pos=+14.26 gripper.pos=+37.67
DEBUG 2026-08-19 04:34:59 [action #353] t=13.78s step=1582 queue=2 dmax=0.930 | shoulder_pan.pos=+1.42 shoulder_lift.pos=-35.37 elbow_flex.pos=+49.11 wrist_flex.pos=+71.62 wrist_roll.pos=+14.34 gripper.pos=+37.71
DEBUG 2026-08-19 04:35:00 [action #354] t=13.81s step=1583 queue=1 dmax=1.215 | shoulder_pan.pos=+1.71 shoulder_lift.pos=-34.15 elbow_flex.pos=+48.99 wrist_flex.pos=+71.41 wrist_roll.pos=+14.30 gripper.pos=+37.78
DEBUG 2026-08-19 04:35:00 [chunk] received 50 actions, timesteps 1559..1608 | first: shoulder_pan.pos=-1.44 shoulder_lift.pos=-42.35 elbow_flex.pos=+55.86 wrist_flex.pos=+66.19 wrist_roll.pos=+8.93 gripper.pos=+39.21 | last: shoulder_pan.pos=+0.97 shoulder_lift.pos=-9.51 elbow_flex.pos=+30.46 wrist_flex.pos=+59.38 wrist_roll.pos=+1.46 gripper.pos=+18.48
DEBUG 2026-08-19 04:35:00 [action #355] t=13.91s step=1584 queue=25 dmax=15.866 | shoulder_pan.pos=-2.02 shoulder_lift.pos=-18.29 elbow_flex.pos=+44.38 wrist_flex.pos=+57.16 wrist_roll.pos=+4.00 gripper.pos=+37.80
DEBUG 2026-08-19 04:35:00 [action #356] t=13.95s step=1585 queue=24 dmax=0.485 | shoulder_pan.pos=-2.08 shoulder_lift.pos=-18.11 elbow_flex.pos=+44.16 wrist_flex.pos=+56.71 wrist_roll.pos=+3.52 gripper.pos=+37.82
DEBUG 2026-08-19 04:35:00 [action #357] t=13.98s step=1586 queue=23 dmax=1.088 | shoulder_pan.pos=-2.06 shoulder_lift.pos=-17.03 elbow_flex.pos=+44.17 wrist_flex.pos=+56.26 wrist_roll.pos=+3.19 gripper.pos=+37.88
DEBUG 2026-08-19 04:35:00 [action #358] t=14.01s step=1587 queue=22 dmax=0.843 | shoulder_pan.pos=-1.79 shoulder_lift.pos=-16.18 elbow_flex.pos=+43.66 wrist_flex.pos=+55.90 wrist_roll.pos=+2.81 gripper.pos=+37.80
DEBUG 2026-08-19 04:35:00 [action #359] t=14.05s step=1588 queue=21 dmax=1.126 | shoulder_pan.pos=-1.90 shoulder_lift.pos=-15.06 elbow_flex.pos=+43.12 wrist_flex.pos=+55.45 wrist_roll.pos=+2.78 gripper.pos=+37.70
DEBUG 2026-08-19 04:35:00 [action #360] t=14.08s step=1589 queue=20 dmax=0.522 | shoulder_pan.pos=-1.73 shoulder_lift.pos=-14.63 elbow_flex.pos=+42.59 wrist_flex.pos=+55.24 wrist_roll.pos=+2.67 gripper.pos=+37.41
DEBUG 2026-08-19 04:35:00 [action #361] t=14.11s step=1590 queue=19 dmax=0.911 | shoulder_pan.pos=-1.60 shoulder_lift.pos=-13.72 elbow_flex.pos=+42.55 wrist_flex.pos=+54.97 wrist_roll.pos=+2.81 gripper.pos=+37.12
DEBUG 2026-08-19 04:35:00 [action #362] t=14.15s step=1591 queue=18 dmax=0.678 | shoulder_pan.pos=-1.64 shoulder_lift.pos=-13.04 elbow_flex.pos=+42.14 wrist_flex.pos=+54.53 wrist_roll.pos=+2.81 gripper.pos=+36.47
DEBUG 2026-08-19 04:35:00 [action #363] t=14.18s step=1592 queue=17 dmax=1.089 | shoulder_pan.pos=-1.47 shoulder_lift.pos=-12.60 elbow_flex.pos=+41.67 wrist_flex.pos=+54.33 wrist_roll.pos=+2.95 gripper.pos=+35.38
DEBUG 2026-08-19 04:35:00 [action #364] t=14.21s step=1593 queue=16 dmax=1.067 | shoulder_pan.pos=-1.31 shoulder_lift.pos=-11.95 elbow_flex.pos=+41.58 wrist_flex.pos=+54.25 wrist_roll.pos=+3.02 gripper.pos=+34.31
DEBUG 2026-08-19 04:35:00 [action #365] t=14.25s step=1594 queue=15 dmax=1.217 | shoulder_pan.pos=-1.27 shoulder_lift.pos=-11.47 elbow_flex.pos=+41.42 wrist_flex.pos=+54.30 wrist_roll.pos=+3.10 gripper.pos=+33.09
DEBUG 2026-08-19 04:35:00 [action #366] t=14.28s step=1595 queue=14 dmax=1.401 | shoulder_pan.pos=-1.18 shoulder_lift.pos=-10.60 elbow_flex.pos=+40.88 wrist_flex.pos=+54.45 wrist_roll.pos=+3.14 gripper.pos=+31.69
DEBUG 2026-08-19 04:35:00 [action #367] t=14.31s step=1596 queue=13 dmax=1.653 | shoulder_pan.pos=-1.10 shoulder_lift.pos=-10.63 elbow_flex.pos=+40.88 wrist_flex.pos=+54.51 wrist_roll.pos=+3.19 gripper.pos=+30.04
DEBUG 2026-08-19 04:35:00 [action #368] t=14.35s step=1597 queue=12 dmax=2.023 | shoulder_pan.pos=-1.00 shoulder_lift.pos=-9.84 elbow_flex.pos=+40.11 wrist_flex.pos=+54.64 wrist_roll.pos=+3.20 gripper.pos=+28.02
DEBUG 2026-08-19 04:35:00 [action #369] t=14.38s step=1598 queue=11 dmax=2.231 | shoulder_pan.pos=-0.91 shoulder_lift.pos=-9.53 elbow_flex.pos=+39.76 wrist_flex.pos=+54.57 wrist_roll.pos=+3.10 gripper.pos=+25.79
DEBUG 2026-08-19 04:35:00 [action #370] t=14.42s step=1599 queue=10 dmax=2.144 | shoulder_pan.pos=-0.65 shoulder_lift.pos=-9.13 elbow_flex.pos=+39.06 wrist_flex.pos=+54.87 wrist_roll.pos=+3.11 gripper.pos=+23.64
DEBUG 2026-08-19 04:35:00 [action #371] t=14.45s step=1600 queue=9 dmax=2.077 | shoulder_pan.pos=-0.56 shoulder_lift.pos=-9.34 elbow_flex.pos=+38.81 wrist_flex.pos=+54.72 wrist_roll.pos=+2.84 gripper.pos=+21.57
DEBUG 2026-08-19 04:35:00 [action #372] t=14.48s step=1601 queue=8 dmax=1.612 | shoulder_pan.pos=-0.54 shoulder_lift.pos=-8.83 elbow_flex.pos=+38.11 wrist_flex.pos=+55.07 wrist_roll.pos=+2.79 gripper.pos=+19.95
DEBUG 2026-08-19 04:35:00 [action #373] t=14.52s step=1602 queue=7 dmax=1.328 | shoulder_pan.pos=-0.16 shoulder_lift.pos=-9.00 elbow_flex.pos=+37.79 wrist_flex.pos=+55.05 wrist_roll.pos=+2.62 gripper.pos=+18.63
DEBUG 2026-08-19 04:35:00 [action #374] t=14.55s step=1603 queue=6 dmax=0.560 | shoulder_pan.pos=-0.08 shoulder_lift.pos=-9.20 elbow_flex.pos=+37.27 wrist_flex.pos=+55.20 wrist_roll.pos=+2.29 gripper.pos=+18.07
DEBUG 2026-08-19 04:35:00 [action #375] t=14.58s step=1604 queue=5 dmax=1.453 | shoulder_pan.pos=-0.01 shoulder_lift.pos=-9.19 elbow_flex.pos=+35.82 wrist_flex.pos=+55.63 wrist_roll.pos=+2.18 gripper.pos=+17.91
DEBUG 2026-08-19 04:35:00 [action #376] t=14.62s step=1605 queue=4 dmax=0.966 | shoulder_pan.pos=+0.10 shoulder_lift.pos=-8.90 elbow_flex.pos=+34.85 wrist_flex.pos=+56.14 wrist_roll.pos=+1.98 gripper.pos=+18.03
DEBUG 2026-08-19 04:35:00 [action #377] t=14.65s step=1606 queue=3 dmax=1.291 | shoulder_pan.pos=+0.36 shoulder_lift.pos=-9.63 elbow_flex.pos=+33.56 wrist_flex.pos=+57.05 wrist_roll.pos=+1.83 gripper.pos=+18.36
DEBUG 2026-08-19 04:35:00 [chunk] received 50 actions, timesteps 1583..1632 | first: shoulder_pan.pos=+1.56 shoulder_lift.pos=-31.61 elbow_flex.pos=+48.97 wrist_flex.pos=+70.15 wrist_roll.pos=+15.07 gripper.pos=+40.91 | last: shoulder_pan.pos=+3.62 shoulder_lift.pos=-7.78 elbow_flex.pos=+29.28 wrist_flex.pos=+60.69 wrist_roll.pos=+9.48 gripper.pos=+13.98
DEBUG 2026-08-19 04:35:00 [action #378] t=14.68s step=1607 queue=26 dmax=13.374 | shoulder_pan.pos=+0.91 shoulder_lift.pos=-11.28 elbow_flex.pos=+39.16 wrist_flex.pos=+59.22 wrist_roll.pos=+9.35 gripper.pos=+31.73
DEBUG 2026-08-19 04:35:00 [action #379] t=14.72s step=1608 queue=25 dmax=0.796 | shoulder_pan.pos=+1.03 shoulder_lift.pos=-10.89 elbow_flex.pos=+38.79 wrist_flex.pos=+59.41 wrist_roll.pos=+9.20 gripper.pos=+30.94
DEBUG 2026-08-19 04:35:00 [action #380] t=14.75s step=1609 queue=24 dmax=3.970 | shoulder_pan.pos=+1.26 shoulder_lift.pos=-10.95 elbow_flex.pos=+42.11 wrist_flex.pos=+59.33 wrist_roll.pos=+12.49 gripper.pos=+34.91
DEBUG 2026-08-19 04:35:00 [action #381] t=14.78s step=1610 queue=23 dmax=1.769 | shoulder_pan.pos=+1.24 shoulder_lift.pos=-11.12 elbow_flex.pos=+42.05 wrist_flex.pos=+59.23 wrist_roll.pos=+12.56 gripper.pos=+33.14
DEBUG 2026-08-19 04:35:01 [action #382] t=14.82s step=1611 queue=22 dmax=1.652 | shoulder_pan.pos=+1.41 shoulder_lift.pos=-10.16 elbow_flex.pos=+41.65 wrist_flex.pos=+59.03 wrist_roll.pos=+12.59 gripper.pos=+31.48
DEBUG 2026-08-19 04:35:01 [action #383] t=14.85s step=1612 queue=21 dmax=1.840 | shoulder_pan.pos=+1.37 shoulder_lift.pos=-9.81 elbow_flex.pos=+40.89 wrist_flex.pos=+59.03 wrist_roll.pos=+12.51 gripper.pos=+29.64
DEBUG 2026-08-19 04:35:01 [action #384] t=14.88s step=1613 queue=20 dmax=1.892 | shoulder_pan.pos=+1.43 shoulder_lift.pos=-9.16 elbow_flex.pos=+41.50 wrist_flex.pos=+59.17 wrist_roll.pos=+12.62 gripper.pos=+27.75
DEBUG 2026-08-19 04:35:01 [action #385] t=14.92s step=1614 queue=19 dmax=2.032 | shoulder_pan.pos=+1.51 shoulder_lift.pos=-9.02 elbow_flex.pos=+41.32 wrist_flex.pos=+58.93 wrist_roll.pos=+12.49 gripper.pos=+25.72
DEBUG 2026-08-19 04:35:01 [action #386] t=14.95s step=1615 queue=18 dmax=2.149 | shoulder_pan.pos=+1.62 shoulder_lift.pos=-8.42 elbow_flex.pos=+40.60 wrist_flex.pos=+58.91 wrist_roll.pos=+12.59 gripper.pos=+23.57
DEBUG 2026-08-19 04:35:01 [action #387] t=14.98s step=1616 queue=17 dmax=1.747 | shoulder_pan.pos=+1.66 shoulder_lift.pos=-8.90 elbow_flex.pos=+40.27 wrist_flex.pos=+59.00 wrist_roll.pos=+12.64 gripper.pos=+21.82
DEBUG 2026-08-19 04:35:01 [action #388] t=15.02s step=1617 queue=16 dmax=1.498 | shoulder_pan.pos=+1.81 shoulder_lift.pos=-8.60 elbow_flex.pos=+39.76 wrist_flex.pos=+58.84 wrist_roll.pos=+12.46 gripper.pos=+20.33
DEBUG 2026-08-19 04:35:01 [action #389] t=15.05s step=1618 queue=15 dmax=1.083 | shoulder_pan.pos=+2.04 shoulder_lift.pos=-8.33 elbow_flex.pos=+39.52 wrist_flex.pos=+58.85 wrist_roll.pos=+12.48 gripper.pos=+19.24
DEBUG 2026-08-19 04:35:01 [action #390] t=15.08s step=1619 queue=14 dmax=0.840 | shoulder_pan.pos=+2.12 shoulder_lift.pos=-8.03 elbow_flex.pos=+39.04 wrist_flex.pos=+58.69 wrist_roll.pos=+12.41 gripper.pos=+18.40
DEBUG 2026-08-19 04:35:01 [action #391] t=15.12s step=1620 queue=13 dmax=0.629 | shoulder_pan.pos=+2.03 shoulder_lift.pos=-7.88 elbow_flex.pos=+38.60 wrist_flex.pos=+58.82 wrist_roll.pos=+12.33 gripper.pos=+17.77
DEBUG 2026-08-19 04:35:01 [action #392] t=15.15s step=1621 queue=12 dmax=0.836 | shoulder_pan.pos=+2.00 shoulder_lift.pos=-7.60 elbow_flex.pos=+38.22 wrist_flex.pos=+58.94 wrist_roll.pos=+12.29 gripper.pos=+16.94
DEBUG 2026-08-19 04:35:01 [action #393] t=15.18s step=1622 queue=11 dmax=0.927 | shoulder_pan.pos=+2.04 shoulder_lift.pos=-7.88 elbow_flex.pos=+37.95 wrist_flex.pos=+58.92 wrist_roll.pos=+12.27 gripper.pos=+16.01
DEBUG 2026-08-19 04:35:01 [action #394] t=15.22s step=1623 queue=10 dmax=0.653 | shoulder_pan.pos=+2.18 shoulder_lift.pos=-7.35 elbow_flex.pos=+37.37 wrist_flex.pos=+58.73 wrist_roll.pos=+12.24 gripper.pos=+15.36
DEBUG 2026-08-19 04:35:01 [action #395] t=15.25s step=1624 queue=9 dmax=0.972 | shoulder_pan.pos=+2.60 shoulder_lift.pos=-7.10 elbow_flex.pos=+36.40 wrist_flex.pos=+58.63 wrist_roll.pos=+11.96 gripper.pos=+14.91
DEBUG 2026-08-19 04:35:01 [action #396] t=15.28s step=1625 queue=8 dmax=0.424 | shoulder_pan.pos=+2.57 shoulder_lift.pos=-7.02 elbow_flex.pos=+36.31 wrist_flex.pos=+58.75 wrist_roll.pos=+11.83 gripper.pos=+14.48
DEBUG 2026-08-19 04:35:01 [action #397] t=15.32s step=1626 queue=7 dmax=0.482 | shoulder_pan.pos=+2.50 shoulder_lift.pos=-7.50 elbow_flex.pos=+36.12 wrist_flex.pos=+58.84 wrist_roll.pos=+11.54 gripper.pos=+14.16
DEBUG 2026-08-19 04:35:01 [action #398] t=15.35s step=1627 queue=6 dmax=1.412 | shoulder_pan.pos=+2.75 shoulder_lift.pos=-7.12 elbow_flex.pos=+34.70 wrist_flex.pos=+58.87 wrist_roll.pos=+11.30 gripper.pos=+14.11
DEBUG 2026-08-19 04:35:01 [action #399] t=15.38s step=1628 queue=5 dmax=0.482 | shoulder_pan.pos=+2.60 shoulder_lift.pos=-7.01 elbow_flex.pos=+34.24 wrist_flex.pos=+58.91 wrist_roll.pos=+10.81 gripper.pos=+14.25
DEBUG 2026-08-19 04:35:01 [action #400] t=15.42s step=1629 queue=4 dmax=1.104 | shoulder_pan.pos=+2.92 shoulder_lift.pos=-7.11 elbow_flex.pos=+33.14 wrist_flex.pos=+59.18 wrist_roll.pos=+10.51 gripper.pos=+14.15
DEBUG 2026-08-19 04:35:01 [action #401] t=15.45s step=1630 queue=3 dmax=1.118 | shoulder_pan.pos=+3.13 shoulder_lift.pos=-6.79 elbow_flex.pos=+32.02 wrist_flex.pos=+59.64 wrist_roll.pos=+10.08 gripper.pos=+14.31
DEBUG 2026-08-19 04:35:01 [action #402] t=15.49s step=1631 queue=2 dmax=0.902 | shoulder_pan.pos=+3.10 shoulder_lift.pos=-7.69 elbow_flex.pos=+31.43 wrist_flex.pos=+60.04 wrist_roll.pos=+9.86 gripper.pos=+14.16
DEBUG 2026-08-19 04:35:01 [action #403] t=15.52s step=1632 queue=1 dmax=2.148 | shoulder_pan.pos=+3.62 shoulder_lift.pos=-7.78 elbow_flex.pos=+29.28 wrist_flex.pos=+60.69 wrist_roll.pos=+9.48 gripper.pos=+13.98
DEBUG 2026-08-19 04:35:01 [chunk] received 50 actions, timesteps 1606..1655 | first: shoulder_pan.pos=+0.16 shoulder_lift.pos=-7.81 elbow_flex.pos=+34.52 wrist_flex.pos=+56.01 wrist_roll.pos=+1.11 gripper.pos=+17.49 | last: shoulder_pan.pos=+24.95 shoulder_lift.pos=+3.97 elbow_flex.pos=-16.78 wrist_flex.pos=+67.60 wrist_roll.pos=-0.66 gripper.pos=+17.51
DEBUG 2026-08-19 04:35:01 [action #404] t=15.55s step=1633 queue=23 dmax=26.532 | shoulder_pan.pos=+10.77 shoulder_lift.pos=-16.84 elbow_flex.pos=+2.75 wrist_flex.pos=+78.31 wrist_roll.pos=-0.43 gripper.pos=+13.87
DEBUG 2026-08-19 04:35:01 [action #405] t=15.59s step=1634 queue=22 dmax=1.193 | shoulder_pan.pos=+11.96 shoulder_lift.pos=-17.38 elbow_flex.pos=+2.47 wrist_flex.pos=+78.10 wrist_roll.pos=-0.58 gripper.pos=+14.08
DEBUG 2026-08-19 04:35:01 [action #406] t=15.62s step=1635 queue=21 dmax=0.960 | shoulder_pan.pos=+12.92 shoulder_lift.pos=-17.63 elbow_flex.pos=+2.20 wrist_flex.pos=+77.66 wrist_roll.pos=-0.45 gripper.pos=+14.25
DEBUG 2026-08-19 04:35:01 [action #407] t=15.65s step=1636 queue=20 dmax=1.934 | shoulder_pan.pos=+14.05 shoulder_lift.pos=-16.96 elbow_flex.pos=+0.26 wrist_flex.pos=+77.34 wrist_roll.pos=-0.35 gripper.pos=+14.32
DEBUG 2026-08-19 04:35:01 [action #408] t=15.69s step=1637 queue=19 dmax=0.736 | shoulder_pan.pos=+14.79 shoulder_lift.pos=-17.03 elbow_flex.pos=+0.05 wrist_flex.pos=+76.84 wrist_roll.pos=-0.50 gripper.pos=+14.23
DEBUG 2026-08-19 04:35:01 [action #409] t=15.72s step=1638 queue=18 dmax=1.437 | shoulder_pan.pos=+15.85 shoulder_lift.pos=-16.67 elbow_flex.pos=-1.39 wrist_flex.pos=+76.14 wrist_roll.pos=-0.35 gripper.pos=+14.40
DEBUG 2026-08-19 04:35:01 [action #410] t=15.75s step=1639 queue=17 dmax=1.145 | shoulder_pan.pos=+16.99 shoulder_lift.pos=-15.58 elbow_flex.pos=-1.96 wrist_flex.pos=+75.11 wrist_roll.pos=-0.44 gripper.pos=+14.24
DEBUG 2026-08-19 04:35:01 [action #411] t=15.79s step=1640 queue=16 dmax=0.763 | shoulder_pan.pos=+17.41 shoulder_lift.pos=-15.49 elbow_flex.pos=-2.72 wrist_flex.pos=+74.55 wrist_roll.pos=-0.15 gripper.pos=+14.16
DEBUG 2026-08-19 04:35:02 [action #412] t=15.82s step=1641 queue=15 dmax=2.044 | shoulder_pan.pos=+18.36 shoulder_lift.pos=-13.44 elbow_flex.pos=-3.10 wrist_flex.pos=+73.92 wrist_roll.pos=-0.20 gripper.pos=+14.34
DEBUG 2026-08-19 04:35:02 [action #413] t=15.85s step=1642 queue=14 dmax=1.422 | shoulder_pan.pos=+19.15 shoulder_lift.pos=-13.02 elbow_flex.pos=-4.52 wrist_flex.pos=+73.44 wrist_roll.pos=-0.37 gripper.pos=+14.32
DEBUG 2026-08-19 04:35:02 [action #414] t=15.89s step=1643 queue=13 dmax=1.671 | shoulder_pan.pos=+19.63 shoulder_lift.pos=-11.35 elbow_flex.pos=-5.52 wrist_flex.pos=+73.01 wrist_roll.pos=-0.21 gripper.pos=+14.38
DEBUG 2026-08-19 04:35:02 [action #415] t=15.92s step=1644 queue=12 dmax=0.839 | shoulder_pan.pos=+20.47 shoulder_lift.pos=-11.38 elbow_flex.pos=-6.03 wrist_flex.pos=+72.29 wrist_roll.pos=+0.05 gripper.pos=+14.34
DEBUG 2026-08-19 04:35:02 [action #416] t=15.95s step=1645 queue=11 dmax=2.362 | shoulder_pan.pos=+21.12 shoulder_lift.pos=-9.01 elbow_flex.pos=-7.62 wrist_flex.pos=+71.78 wrist_roll.pos=+0.01 gripper.pos=+14.37
DEBUG 2026-08-19 04:35:02 [action #417] t=15.99s step=1646 queue=10 dmax=0.779 | shoulder_pan.pos=+21.22 shoulder_lift.pos=-8.24 elbow_flex.pos=-8.04 wrist_flex.pos=+71.25 wrist_roll.pos=+0.00 gripper.pos=+14.20
DEBUG 2026-08-19 04:35:02 [action #418] t=16.02s step=1647 queue=9 dmax=2.377 | shoulder_pan.pos=+22.26 shoulder_lift.pos=-5.86 elbow_flex.pos=-9.13 wrist_flex.pos=+70.92 wrist_roll.pos=-0.10 gripper.pos=+14.27
DEBUG 2026-08-19 04:35:02 [action #419] t=16.05s step=1648 queue=8 dmax=1.202 | shoulder_pan.pos=+22.61 shoulder_lift.pos=-5.00 elbow_flex.pos=-10.33 wrist_flex.pos=+70.43 wrist_roll.pos=+0.06 gripper.pos=+14.37
DEBUG 2026-08-19 04:35:02 [action #420] t=16.09s step=1649 queue=7 dmax=1.629 | shoulder_pan.pos=+23.04 shoulder_lift.pos=-3.37 elbow_flex.pos=-10.92 wrist_flex.pos=+70.25 wrist_roll.pos=+0.14 gripper.pos=+14.54
DEBUG 2026-08-19 04:35:02 [action #421] t=16.12s step=1650 queue=6 dmax=1.827 | shoulder_pan.pos=+23.26 shoulder_lift.pos=-1.83 elbow_flex.pos=-12.75 wrist_flex.pos=+69.91 wrist_roll.pos=+0.05 gripper.pos=+14.64
DEBUG 2026-08-19 04:35:02 [action #422] t=16.15s step=1651 queue=5 dmax=1.602 | shoulder_pan.pos=+23.61 shoulder_lift.pos=-0.23 elbow_flex.pos=-13.29 wrist_flex.pos=+69.56 wrist_roll.pos=+0.01 gripper.pos=+15.17
DEBUG 2026-08-19 04:35:02 [action #423] t=16.19s step=1652 queue=4 dmax=1.146 | shoulder_pan.pos=+24.14 shoulder_lift.pos=+0.92 elbow_flex.pos=-13.89 wrist_flex.pos=+68.94 wrist_roll.pos=-0.36 gripper.pos=+15.82
DEBUG 2026-08-19 04:35:02 [action #424] t=16.22s step=1653 queue=3 dmax=0.688 | shoulder_pan.pos=+24.43 shoulder_lift.pos=+1.41 elbow_flex.pos=-14.46 wrist_flex.pos=+68.34 wrist_roll.pos=-0.52 gripper.pos=+16.51
DEBUG 2026-08-19 04:35:02 [action #425] t=16.25s step=1654 queue=2 dmax=1.542 | shoulder_pan.pos=+24.92 shoulder_lift.pos=+2.95 elbow_flex.pos=-15.24 wrist_flex.pos=+68.35 wrist_roll.pos=-0.44 gripper.pos=+17.33
DEBUG 2026-08-19 04:35:02 [chunk] received 50 actions, timesteps 1632..1681 | first: shoulder_pan.pos=+4.01 shoulder_lift.pos=-5.23 elbow_flex.pos=+27.09 wrist_flex.pos=+64.04 wrist_roll.pos=+9.93 gripper.pos=+13.72 | last: shoulder_pan.pos=+29.78 shoulder_lift.pos=+15.34 elbow_flex.pos=-27.49 wrist_flex.pos=+68.44 wrist_roll.pos=+1.15 gripper.pos=+12.58
DEBUG 2026-08-19 04:35:02 [action #426] t=16.29s step=1655 queue=27 dmax=8.120 | shoulder_pan.pos=+18.69 shoulder_lift.pos=-4.92 elbow_flex.pos=-7.12 wrist_flex.pos=+75.30 wrist_roll.pos=+5.45 gripper.pos=+14.34
DEBUG 2026-08-19 04:35:02 [action #427] t=16.32s step=1656 queue=26 dmax=4.691 | shoulder_pan.pos=+16.77 shoulder_lift.pos=-9.19 elbow_flex.pos=-2.43 wrist_flex.pos=+78.31 wrist_roll.pos=+8.11 gripper.pos=+12.94
DEBUG 2026-08-19 04:35:02 [action #428] t=16.35s step=1657 queue=25 dmax=1.184 | shoulder_pan.pos=+17.39 shoulder_lift.pos=-8.94 elbow_flex.pos=-3.61 wrist_flex.pos=+77.64 wrist_roll.pos=+8.12 gripper.pos=+13.00
DEBUG 2026-08-19 04:35:02 [action #429] t=16.39s step=1658 queue=24 dmax=1.196 | shoulder_pan.pos=+18.59 shoulder_lift.pos=-8.88 elbow_flex.pos=-4.39 wrist_flex.pos=+77.41 wrist_roll.pos=+8.25 gripper.pos=+13.00
DEBUG 2026-08-19 04:35:02 [action #430] t=16.42s step=1659 queue=23 dmax=0.925 | shoulder_pan.pos=+19.51 shoulder_lift.pos=-8.83 elbow_flex.pos=-4.37 wrist_flex.pos=+76.87 wrist_roll.pos=+8.22 gripper.pos=+13.10
DEBUG 2026-08-19 04:35:02 [action #431] t=16.46s step=1660 queue=22 dmax=0.891 | shoulder_pan.pos=+20.30 shoulder_lift.pos=-8.59 elbow_flex.pos=-4.71 wrist_flex.pos=+75.98 wrist_roll.pos=+8.12 gripper.pos=+12.77
DEBUG 2026-08-19 04:35:02 [action #432] t=16.49s step=1661 queue=21 dmax=0.765 | shoulder_pan.pos=+21.07 shoulder_lift.pos=-8.94 elbow_flex.pos=-4.73 wrist_flex.pos=+75.46 wrist_roll.pos=+8.03 gripper.pos=+12.87
DEBUG 2026-08-19 04:35:02 [action #433] t=16.52s step=1662 queue=20 dmax=1.023 | shoulder_pan.pos=+22.09 shoulder_lift.pos=-8.43 elbow_flex.pos=-5.53 wrist_flex.pos=+74.46 wrist_roll.pos=+7.99 gripper.pos=+12.88
DEBUG 2026-08-19 04:35:02 [action #434] t=16.56s step=1663 queue=19 dmax=0.880 | shoulder_pan.pos=+22.75 shoulder_lift.pos=-7.63 elbow_flex.pos=-5.91 wrist_flex.pos=+73.58 wrist_roll.pos=+7.61 gripper.pos=+12.96
DEBUG 2026-08-19 04:35:02 [action #435] t=16.59s step=1664 queue=18 dmax=0.953 | shoulder_pan.pos=+23.38 shoulder_lift.pos=-7.86 elbow_flex.pos=-6.28 wrist_flex.pos=+72.63 wrist_roll.pos=+7.45 gripper.pos=+12.85
DEBUG 2026-08-19 04:35:02 [action #436] t=16.62s step=1665 queue=17 dmax=1.114 | shoulder_pan.pos=+24.38 shoulder_lift.pos=-6.75 elbow_flex.pos=-6.89 wrist_flex.pos=+71.88 wrist_roll.pos=+7.19 gripper.pos=+12.75
DEBUG 2026-08-19 04:35:02 [action #437] t=16.66s step=1666 queue=16 dmax=1.230 | shoulder_pan.pos=+24.74 shoulder_lift.pos=-5.52 elbow_flex.pos=-7.19 wrist_flex.pos=+71.18 wrist_roll.pos=+6.86 gripper.pos=+12.90
DEBUG 2026-08-19 04:35:02 [action #438] t=16.69s step=1667 queue=15 dmax=1.046 | shoulder_pan.pos=+25.79 shoulder_lift.pos=-4.65 elbow_flex.pos=-8.16 wrist_flex.pos=+70.42 wrist_roll.pos=+6.67 gripper.pos=+12.98
DEBUG 2026-08-19 04:35:02 [action #439] t=16.72s step=1668 queue=14 dmax=1.238 | shoulder_pan.pos=+26.04 shoulder_lift.pos=-3.41 elbow_flex.pos=-9.28 wrist_flex.pos=+70.01 wrist_roll.pos=+6.14 gripper.pos=+12.65
DEBUG 2026-08-19 04:35:02 [action #440] t=16.76s step=1669 queue=13 dmax=0.866 | shoulder_pan.pos=+26.80 shoulder_lift.pos=-2.92 elbow_flex.pos=-10.14 wrist_flex.pos=+69.44 wrist_roll.pos=+5.93 gripper.pos=+12.83
DEBUG 2026-08-19 04:35:02 [action #441] t=16.79s step=1670 queue=12 dmax=0.730 | shoulder_pan.pos=+27.30 shoulder_lift.pos=-2.30 elbow_flex.pos=-10.87 wrist_flex.pos=+69.06 wrist_roll.pos=+5.41 gripper.pos=+12.75
DEBUG 2026-08-19 04:35:03 [action #442] t=16.82s step=1671 queue=11 dmax=2.293 | shoulder_pan.pos=+27.37 shoulder_lift.pos=-0.01 elbow_flex.pos=-12.23 wrist_flex.pos=+68.44 wrist_roll.pos=+5.04 gripper.pos=+12.87
DEBUG 2026-08-19 04:35:03 [action #443] t=16.86s step=1672 queue=10 dmax=1.410 | shoulder_pan.pos=+27.78 shoulder_lift.pos=+0.89 elbow_flex.pos=-13.64 wrist_flex.pos=+68.46 wrist_roll.pos=+4.49 gripper.pos=+12.68
DEBUG 2026-08-19 04:35:03 [action #444] t=16.89s step=1673 queue=9 dmax=1.688 | shoulder_pan.pos=+28.10 shoulder_lift.pos=+2.57 elbow_flex.pos=-14.93 wrist_flex.pos=+68.53 wrist_roll.pos=+4.04 gripper.pos=+12.76
DEBUG 2026-08-19 04:35:03 [action #445] t=16.92s step=1674 queue=8 dmax=1.309 | shoulder_pan.pos=+28.46 shoulder_lift.pos=+3.88 elbow_flex.pos=-16.07 wrist_flex.pos=+68.25 wrist_roll.pos=+3.54 gripper.pos=+12.78
DEBUG 2026-08-19 04:35:03 [action #446] t=16.96s step=1675 queue=7 dmax=2.287 | shoulder_pan.pos=+28.65 shoulder_lift.pos=+6.17 elbow_flex.pos=-18.03 wrist_flex.pos=+68.51 wrist_roll.pos=+3.40 gripper.pos=+12.50
DEBUG 2026-08-19 04:35:03 [action #447] t=16.99s step=1676 queue=6 dmax=2.252 | shoulder_pan.pos=+28.65 shoulder_lift.pos=+7.63 elbow_flex.pos=-20.29 wrist_flex.pos=+68.51 wrist_roll.pos=+3.02 gripper.pos=+12.70
DEBUG 2026-08-19 04:35:03 [action #448] t=17.02s step=1677 queue=5 dmax=1.745 | shoulder_pan.pos=+29.34 shoulder_lift.pos=+9.38 elbow_flex.pos=-21.32 wrist_flex.pos=+68.29 wrist_roll.pos=+2.91 gripper.pos=+12.64
DEBUG 2026-08-19 04:35:03 [action #449] t=17.06s step=1678 queue=4 dmax=1.544 | shoulder_pan.pos=+29.42 shoulder_lift.pos=+10.92 elbow_flex.pos=-22.54 wrist_flex.pos=+68.37 wrist_roll.pos=+2.38 gripper.pos=+12.66
DEBUG 2026-08-19 04:35:03 [action #450] t=17.09s step=1679 queue=3 dmax=1.179 | shoulder_pan.pos=+29.80 shoulder_lift.pos=+12.10 elbow_flex.pos=-23.46 wrist_flex.pos=+68.52 wrist_roll.pos=+2.19 gripper.pos=+12.56
DEBUG 2026-08-19 04:35:03 [chunk] received 50 actions, timesteps 1653..1702 | first: shoulder_pan.pos=+24.26 shoulder_lift.pos=-0.22 elbow_flex.pos=-12.45 wrist_flex.pos=+67.72 wrist_roll.pos=+0.72 gripper.pos=+13.25 | last: shoulder_pan.pos=+34.83 shoulder_lift.pos=+18.67 elbow_flex.pos=-19.10 wrist_flex.pos=+68.18 wrist_roll.pos=+4.34 gripper.pos=+34.05
DEBUG 2026-08-19 04:35:03 [action #451] t=17.12s step=1680 queue=23 dmax=5.166 | shoulder_pan.pos=+33.14 shoulder_lift.pos=+14.23 elbow_flex.pos=-20.06 wrist_flex.pos=+63.36 wrist_roll.pos=+3.02 gripper.pos=+12.78
DEBUG 2026-08-19 04:35:03 [action #452] t=17.16s step=1681 queue=22 dmax=0.545 | shoulder_pan.pos=+33.19 shoulder_lift.pos=+14.78 elbow_flex.pos=-20.02 wrist_flex.pos=+63.31 wrist_roll.pos=+2.90 gripper.pos=+12.76
DEBUG 2026-08-19 04:35:03 [action #453] t=17.19s step=1682 queue=21 dmax=3.348 | shoulder_pan.pos=+34.82 shoulder_lift.pos=+15.14 elbow_flex.pos=-16.67 wrist_flex.pos=+61.08 wrist_roll.pos=+3.74 gripper.pos=+12.57
DEBUG 2026-08-19 04:35:03 [action #454] t=17.22s step=1683 queue=20 dmax=0.645 | shoulder_pan.pos=+35.08 shoulder_lift.pos=+15.79 elbow_flex.pos=-16.63 wrist_flex.pos=+61.08 wrist_roll.pos=+3.83 gripper.pos=+12.67
DEBUG 2026-08-19 04:35:03 [action #455] t=17.26s step=1684 queue=19 dmax=0.661 | shoulder_pan.pos=+35.31 shoulder_lift.pos=+15.73 elbow_flex.pos=-15.96 wrist_flex.pos=+61.48 wrist_roll.pos=+3.80 gripper.pos=+13.07
DEBUG 2026-08-19 04:35:03 [action #456] t=17.29s step=1685 queue=18 dmax=0.730 | shoulder_pan.pos=+35.46 shoulder_lift.pos=+16.28 elbow_flex.pos=-16.22 wrist_flex.pos=+61.27 wrist_roll.pos=+3.93 gripper.pos=+13.80
DEBUG 2026-08-19 04:35:03 [action #457] t=17.32s step=1686 queue=17 dmax=1.244 | shoulder_pan.pos=+35.57 shoulder_lift.pos=+16.16 elbow_flex.pos=-16.79 wrist_flex.pos=+61.24 wrist_roll.pos=+3.94 gripper.pos=+15.04
DEBUG 2026-08-19 04:35:03 [action #458] t=17.36s step=1687 queue=16 dmax=1.656 | shoulder_pan.pos=+35.60 shoulder_lift.pos=+15.89 elbow_flex.pos=-16.13 wrist_flex.pos=+61.46 wrist_roll.pos=+3.96 gripper.pos=+16.70
DEBUG 2026-08-19 04:35:03 [action #459] t=17.39s step=1688 queue=15 dmax=2.400 | shoulder_pan.pos=+35.47 shoulder_lift.pos=+16.03 elbow_flex.pos=-16.07 wrist_flex.pos=+61.52 wrist_roll.pos=+3.99 gripper.pos=+19.10
DEBUG 2026-08-19 04:35:03 [action #460] t=17.42s step=1689 queue=14 dmax=2.570 | shoulder_pan.pos=+35.28 shoulder_lift.pos=+16.66 elbow_flex.pos=-15.65 wrist_flex.pos=+61.52 wrist_roll.pos=+3.96 gripper.pos=+21.67
DEBUG 2026-08-19 04:35:03 [action #461] t=17.46s step=1690 queue=13 dmax=2.695 | shoulder_pan.pos=+35.31 shoulder_lift.pos=+16.41 elbow_flex.pos=-15.76 wrist_flex.pos=+61.90 wrist_roll.pos=+3.94 gripper.pos=+24.37
DEBUG 2026-08-19 04:35:03 [action #462] t=17.49s step=1691 queue=12 dmax=1.726 | shoulder_pan.pos=+35.23 shoulder_lift.pos=+17.00 elbow_flex.pos=-15.94 wrist_flex.pos=+62.24 wrist_roll.pos=+3.82 gripper.pos=+26.09
DEBUG 2026-08-19 04:35:03 [action #463] t=17.52s step=1692 queue=11 dmax=1.404 | shoulder_pan.pos=+35.33 shoulder_lift.pos=+16.78 elbow_flex.pos=-16.16 wrist_flex.pos=+62.55 wrist_roll.pos=+3.98 gripper.pos=+27.50
DEBUG 2026-08-19 04:35:03 [action #464] t=17.56s step=1693 queue=10 dmax=0.963 | shoulder_pan.pos=+35.20 shoulder_lift.pos=+17.09 elbow_flex.pos=-16.02 wrist_flex.pos=+62.68 wrist_roll.pos=+3.83 gripper.pos=+28.46
DEBUG 2026-08-19 04:35:03 [action #465] t=17.59s step=1694 queue=9 dmax=0.863 | shoulder_pan.pos=+35.31 shoulder_lift.pos=+17.25 elbow_flex.pos=-16.09 wrist_flex.pos=+63.05 wrist_roll.pos=+3.92 gripper.pos=+29.32
DEBUG 2026-08-19 04:35:03 [action #466] t=17.63s step=1695 queue=8 dmax=0.766 | shoulder_pan.pos=+35.23 shoulder_lift.pos=+17.26 elbow_flex.pos=-15.97 wrist_flex.pos=+63.39 wrist_roll.pos=+3.95 gripper.pos=+30.09
DEBUG 2026-08-19 04:35:03 [action #467] t=17.66s step=1696 queue=7 dmax=0.666 | shoulder_pan.pos=+35.18 shoulder_lift.pos=+17.52 elbow_flex.pos=-16.19 wrist_flex.pos=+63.78 wrist_roll.pos=+3.96 gripper.pos=+30.75
DEBUG 2026-08-19 04:35:03 [action #468] t=17.69s step=1697 queue=6 dmax=0.843 | shoulder_pan.pos=+34.98 shoulder_lift.pos=+17.80 elbow_flex.pos=-17.03 wrist_flex.pos=+64.48 wrist_roll.pos=+4.15 gripper.pos=+31.40
DEBUG 2026-08-19 04:35:03 [action #469] t=17.73s step=1698 queue=5 dmax=0.860 | shoulder_pan.pos=+35.15 shoulder_lift.pos=+17.96 elbow_flex.pos=-16.17 wrist_flex.pos=+65.13 wrist_roll.pos=+4.13 gripper.pos=+32.02
DEBUG 2026-08-19 04:35:03 [action #470] t=17.76s step=1699 queue=4 dmax=1.174 | shoulder_pan.pos=+34.99 shoulder_lift.pos=+18.42 elbow_flex.pos=-17.35 wrist_flex.pos=+65.67 wrist_roll.pos=+4.23 gripper.pos=+32.49
DEBUG 2026-08-19 04:35:03 [action #471] t=17.79s step=1700 queue=3 dmax=0.950 | shoulder_pan.pos=+34.62 shoulder_lift.pos=+18.23 elbow_flex.pos=-17.75 wrist_flex.pos=+66.62 wrist_roll.pos=+4.28 gripper.pos=+33.15
DEBUG 2026-08-19 04:35:04 [action #472] t=17.83s step=1701 queue=2 dmax=0.889 | shoulder_pan.pos=+34.83 shoulder_lift.pos=+18.35 elbow_flex.pos=-17.68 wrist_flex.pos=+67.51 wrist_roll.pos=+4.28 gripper.pos=+33.60
DEBUG 2026-08-19 04:35:04 [action #473] t=17.86s step=1702 queue=1 dmax=1.421 | shoulder_pan.pos=+34.83 shoulder_lift.pos=+18.67 elbow_flex.pos=-19.10 wrist_flex.pos=+68.18 wrist_roll.pos=+4.34 gripper.pos=+34.05
DEBUG 2026-08-19 04:35:04 [chunk] received 50 actions, timesteps 1679..1728 | first: shoulder_pan.pos=+25.89 shoulder_lift.pos=+7.31 elbow_flex.pos=-16.06 wrist_flex.pos=+72.11 wrist_roll.pos=+3.06 gripper.pos=+10.90 | last: shoulder_pan.pos=+0.38 shoulder_lift.pos=-89.69 elbow_flex.pos=+71.20 wrist_flex.pos=+74.33 wrist_roll.pos=+2.26 gripper.pos=+0.58
DEBUG 2026-08-19 04:35:04 [action #474] t=17.89s step=1703 queue=26 dmax=66.009 | shoulder_pan.pos=+5.34 shoulder_lift.pos=-47.34 elbow_flex.pos=+32.71 wrist_flex.pos=+74.91 wrist_roll.pos=+2.33 gripper.pos=+1.48
DEBUG 2026-08-19 04:35:04 [action #475] t=17.93s step=1704 queue=25 dmax=2.827 | shoulder_pan.pos=+4.91 shoulder_lift.pos=-49.94 elbow_flex.pos=+35.53 wrist_flex.pos=+74.11 wrist_roll.pos=+2.22 gripper.pos=+1.43
DEBUG 2026-08-19 04:35:04 [action #476] t=17.96s step=1705 queue=24 dmax=2.148 | shoulder_pan.pos=+4.47 shoulder_lift.pos=-51.75 elbow_flex.pos=+37.68 wrist_flex.pos=+73.39 wrist_roll.pos=+2.38 gripper.pos=+1.33
DEBUG 2026-08-19 04:35:04 [action #477] t=17.99s step=1706 queue=23 dmax=2.008 | shoulder_pan.pos=+4.27 shoulder_lift.pos=-53.48 elbow_flex.pos=+39.69 wrist_flex.pos=+72.82 wrist_roll.pos=+2.36 gripper.pos=+1.37
DEBUG 2026-08-19 04:35:04 [action #478] t=18.03s step=1707 queue=22 dmax=2.075 | shoulder_pan.pos=+4.05 shoulder_lift.pos=-55.10 elbow_flex.pos=+41.77 wrist_flex.pos=+72.27 wrist_roll.pos=+2.45 gripper.pos=+1.48
DEBUG 2026-08-19 04:35:04 [action #479] t=18.06s step=1708 queue=21 dmax=2.135 | shoulder_pan.pos=+3.68 shoulder_lift.pos=-56.53 elbow_flex.pos=+43.90 wrist_flex.pos=+71.98 wrist_roll.pos=+2.41 gripper.pos=+1.41
DEBUG 2026-08-19 04:35:04 [action #480] t=18.09s step=1709 queue=20 dmax=1.820 | shoulder_pan.pos=+3.31 shoulder_lift.pos=-58.10 elbow_flex.pos=+45.72 wrist_flex.pos=+71.87 wrist_roll.pos=+2.48 gripper.pos=+1.42
DEBUG 2026-08-19 04:35:04 [action #481] t=18.13s step=1710 queue=19 dmax=1.685 | shoulder_pan.pos=+2.93 shoulder_lift.pos=-59.79 elbow_flex.pos=+47.11 wrist_flex.pos=+71.56 wrist_roll.pos=+2.35 gripper.pos=+1.38
DEBUG 2026-08-19 04:35:04 [action #482] t=18.16s step=1711 queue=18 dmax=2.395 | shoulder_pan.pos=+2.62 shoulder_lift.pos=-61.81 elbow_flex.pos=+49.50 wrist_flex.pos=+71.74 wrist_roll.pos=+2.36 gripper.pos=+1.32
DEBUG 2026-08-19 04:35:04 [action #483] t=18.19s step=1712 queue=17 dmax=1.843 | shoulder_pan.pos=+2.44 shoulder_lift.pos=-63.65 elbow_flex.pos=+50.31 wrist_flex.pos=+71.33 wrist_roll.pos=+2.35 gripper.pos=+1.38
DEBUG 2026-08-19 04:35:04 [action #484] t=18.23s step=1713 queue=16 dmax=2.132 | shoulder_pan.pos=+1.92 shoulder_lift.pos=-64.92 elbow_flex.pos=+52.45 wrist_flex.pos=+71.34 wrist_roll.pos=+2.38 gripper.pos=+1.34
DEBUG 2026-08-19 04:35:04 [action #485] t=18.26s step=1714 queue=15 dmax=2.099 | shoulder_pan.pos=+1.89 shoulder_lift.pos=-67.02 elbow_flex.pos=+53.90 wrist_flex.pos=+71.61 wrist_roll.pos=+2.38 gripper.pos=+1.23
DEBUG 2026-08-19 04:35:04 [action #486] t=18.29s step=1715 queue=14 dmax=2.100 | shoulder_pan.pos=+1.47 shoulder_lift.pos=-68.13 elbow_flex.pos=+56.00 wrist_flex.pos=+71.74 wrist_roll.pos=+2.40 gripper.pos=+1.24
DEBUG 2026-08-19 04:35:04 [action #487] t=18.33s step=1716 queue=13 dmax=2.352 | shoulder_pan.pos=+1.44 shoulder_lift.pos=-70.49 elbow_flex.pos=+57.17 wrist_flex.pos=+72.11 wrist_roll.pos=+2.26 gripper.pos=+1.07
DEBUG 2026-08-19 04:35:04 [action #488] t=18.36s step=1717 queue=12 dmax=1.696 | shoulder_pan.pos=+0.88 shoulder_lift.pos=-72.18 elbow_flex.pos=+58.75 wrist_flex.pos=+72.00 wrist_roll.pos=+2.30 gripper.pos=+1.08
DEBUG 2026-08-19 04:35:04 [action #489] t=18.39s step=1718 queue=11 dmax=2.001 | shoulder_pan.pos=+0.75 shoulder_lift.pos=-74.18 elbow_flex.pos=+60.43 wrist_flex.pos=+72.49 wrist_roll.pos=+2.40 gripper.pos=+0.98
DEBUG 2026-08-19 04:35:04 [action #490] t=18.43s step=1719 queue=10 dmax=2.314 | shoulder_pan.pos=+0.97 shoulder_lift.pos=-76.50 elbow_flex.pos=+61.92 wrist_flex.pos=+72.84 wrist_roll.pos=+2.32 gripper.pos=+1.01
DEBUG 2026-08-19 04:35:04 [action #491] t=18.46s step=1720 queue=9 dmax=1.746 | shoulder_pan.pos=+0.68 shoulder_lift.pos=-78.24 elbow_flex.pos=+63.12 wrist_flex.pos=+73.37 wrist_roll.pos=+2.23 gripper.pos=+0.93
DEBUG 2026-08-19 04:35:04 [action #492] t=18.50s step=1721 queue=8 dmax=1.731 | shoulder_pan.pos=+0.86 shoulder_lift.pos=-79.97 elbow_flex.pos=+64.73 wrist_flex.pos=+73.53 wrist_roll.pos=+2.26 gripper.pos=+0.96
DEBUG 2026-08-19 04:35:04 [action #493] t=18.53s step=1722 queue=7 dmax=1.754 | shoulder_pan.pos=+0.51 shoulder_lift.pos=-81.73 elbow_flex.pos=+65.32 wrist_flex.pos=+73.32 wrist_roll.pos=+2.34 gripper.pos=+0.83
DEBUG 2026-08-19 04:35:04 [action #494] t=18.56s step=1723 queue=6 dmax=1.270 | shoulder_pan.pos=+0.59 shoulder_lift.pos=-83.00 elbow_flex.pos=+65.54 wrist_flex.pos=+73.41 wrist_roll.pos=+2.32 gripper.pos=+0.91
DEBUG 2026-08-19 04:35:04 [action #495] t=18.60s step=1724 queue=5 dmax=2.127 | shoulder_pan.pos=+0.44 shoulder_lift.pos=-84.78 elbow_flex.pos=+67.67 wrist_flex.pos=+73.79 wrist_roll.pos=+2.29 gripper.pos=+0.78
DEBUG 2026-08-19 04:35:04 [action #496] t=18.63s step=1725 queue=4 dmax=1.266 | shoulder_pan.pos=+0.33 shoulder_lift.pos=-85.92 elbow_flex.pos=+68.93 wrist_flex.pos=+73.86 wrist_roll.pos=+2.17 gripper.pos=+0.53
DEBUG 2026-08-19 04:35:04 [action #497] t=18.66s step=1726 queue=3 dmax=1.255 | shoulder_pan.pos=+0.21 shoulder_lift.pos=-87.17 elbow_flex.pos=+69.65 wrist_flex.pos=+74.03 wrist_roll.pos=+2.19 gripper.pos=+0.56
DEBUG 2026-08-19 04:35:04 [action #498] t=18.70s step=1727 queue=2 dmax=1.362 | shoulder_pan.pos=+0.19 shoulder_lift.pos=-88.54 elbow_flex.pos=+70.36 wrist_flex.pos=+74.18 wrist_roll.pos=+2.12 gripper.pos=+0.61
DEBUG 2026-08-19 04:35:04 [action #499] t=18.73s step=1728 queue=1 dmax=1.152 | shoulder_pan.pos=+0.38 shoulder_lift.pos=-89.69 elbow_flex.pos=+71.20 wrist_flex.pos=+74.33 wrist_roll.pos=+2.26 gripper.pos=+0.58
DEBUG 2026-08-19 04:35:04 [chunk] received 50 actions, timesteps 1702..1751 | first: shoulder_pan.pos=+31.78 shoulder_lift.pos=+20.20 elbow_flex.pos=-24.77 wrist_flex.pos=+69.25 wrist_roll.pos=+3.34 gripper.pos=+32.11 | last: shoulder_pan.pos=-2.25 shoulder_lift.pos=-69.31 elbow_flex.pos=+50.21 wrist_flex.pos=+75.47 wrist_roll.pos=+5.05 gripper.pos=+1.60
DEBUG 2026-08-19 04:35:04 [action #500] t=18.80s step=1729 queue=23 dmax=80.779 | shoulder_pan.pos=+13.06 shoulder_lift.pos=-21.30 elbow_flex.pos=-9.58 wrist_flex.pos=+92.70 wrist_roll.pos=+6.26 gripper.pos=+3.60
DEBUG 2026-08-19 04:35:05 [action #501] t=18.83s step=1730 queue=22 dmax=3.207 | shoulder_pan.pos=+11.98 shoulder_lift.pos=-24.14 elbow_flex.pos=-6.37 wrist_flex.pos=+92.61 wrist_roll.pos=+6.22 gripper.pos=+3.16
DEBUG 2026-08-19 04:35:05 [action #502] t=18.86s step=1731 queue=21 dmax=2.296 | shoulder_pan.pos=+11.06 shoulder_lift.pos=-26.06 elbow_flex.pos=-4.08 wrist_flex.pos=+92.26 wrist_roll.pos=+6.24 gripper.pos=+2.92
DEBUG 2026-08-19 04:35:05 [action #503] t=18.90s step=1732 queue=20 dmax=2.885 | shoulder_pan.pos=+9.97 shoulder_lift.pos=-28.09 elbow_flex.pos=-1.19 wrist_flex.pos=+91.64 wrist_roll.pos=+6.19 gripper.pos=+2.92
DEBUG 2026-08-19 04:35:05 [action #504] t=18.93s step=1733 queue=19 dmax=3.117 | shoulder_pan.pos=+9.00 shoulder_lift.pos=-30.48 elbow_flex.pos=+1.93 wrist_flex.pos=+91.03 wrist_roll.pos=+6.01 gripper.pos=+2.84
DEBUG 2026-08-19 04:35:05 [action #505] t=18.96s step=1734 queue=18 dmax=3.750 | shoulder_pan.pos=+7.85 shoulder_lift.pos=-33.17 elbow_flex.pos=+5.68 wrist_flex.pos=+89.87 wrist_roll.pos=+5.84 gripper.pos=+2.85
DEBUG 2026-08-19 04:35:05 [action #506] t=19.00s step=1735 queue=17 dmax=3.055 | shoulder_pan.pos=+7.24 shoulder_lift.pos=-35.04 elbow_flex.pos=+8.73 wrist_flex.pos=+88.96 wrist_roll.pos=+5.79 gripper.pos=+2.67
DEBUG 2026-08-19 04:35:05 [action #507] t=19.03s step=1736 queue=16 dmax=2.728 | shoulder_pan.pos=+6.38 shoulder_lift.pos=-37.20 elbow_flex.pos=+11.46 wrist_flex.pos=+87.61 wrist_roll.pos=+5.55 gripper.pos=+2.47
DEBUG 2026-08-19 04:35:05 [action #508] t=19.06s step=1737 queue=15 dmax=2.844 | shoulder_pan.pos=+5.44 shoulder_lift.pos=-39.43 elbow_flex.pos=+14.30 wrist_flex.pos=+86.61 wrist_roll.pos=+5.34 gripper.pos=+2.42
DEBUG 2026-08-19 04:35:05 [action #509] t=19.10s step=1738 queue=14 dmax=2.303 | shoulder_pan.pos=+4.74 shoulder_lift.pos=-41.27 elbow_flex.pos=+16.61 wrist_flex.pos=+85.60 wrist_roll.pos=+5.44 gripper.pos=+2.42
DEBUG 2026-08-19 04:35:05 [action #510] t=19.13s step=1739 queue=13 dmax=3.198 | shoulder_pan.pos=+3.92 shoulder_lift.pos=-43.73 elbow_flex.pos=+19.80 wrist_flex.pos=+84.77 wrist_roll.pos=+5.37 gripper.pos=+2.44
DEBUG 2026-08-19 04:35:05 [action #511] t=19.16s step=1740 queue=12 dmax=2.773 | shoulder_pan.pos=+2.86 shoulder_lift.pos=-45.95 elbow_flex.pos=+22.58 wrist_flex.pos=+83.98 wrist_roll.pos=+5.38 gripper.pos=+2.34
DEBUG 2026-08-19 04:35:05 [action #512] t=19.20s step=1741 queue=11 dmax=2.215 | shoulder_pan.pos=+2.30 shoulder_lift.pos=-47.71 elbow_flex.pos=+24.79 wrist_flex.pos=+83.36 wrist_roll.pos=+5.23 gripper.pos=+2.33
DEBUG 2026-08-19 04:35:05 [action #513] t=19.23s step=1742 queue=10 dmax=2.882 | shoulder_pan.pos=+1.33 shoulder_lift.pos=-49.93 elbow_flex.pos=+27.68 wrist_flex.pos=+82.44 wrist_roll.pos=+5.28 gripper.pos=+2.28
DEBUG 2026-08-19 04:35:05 [action #514] t=19.26s step=1743 queue=9 dmax=2.539 | shoulder_pan.pos=+0.79 shoulder_lift.pos=-52.31 elbow_flex.pos=+30.21 wrist_flex.pos=+81.60 wrist_roll.pos=+5.33 gripper.pos=+2.17
DEBUG 2026-08-19 04:35:05 [action #515] t=19.30s step=1744 queue=8 dmax=2.666 | shoulder_pan.pos=+0.11 shoulder_lift.pos=-54.29 elbow_flex.pos=+32.88 wrist_flex.pos=+80.68 wrist_roll.pos=+5.25 gripper.pos=+2.07
DEBUG 2026-08-19 04:35:05 [action #516] t=19.33s step=1745 queue=7 dmax=2.730 | shoulder_pan.pos=-0.04 shoulder_lift.pos=-56.90 elbow_flex.pos=+35.61 wrist_flex.pos=+79.76 wrist_roll.pos=+5.25 gripper.pos=+1.90
DEBUG 2026-08-19 04:35:05 [action #517] t=19.36s step=1746 queue=6 dmax=2.741 | shoulder_pan.pos=-0.62 shoulder_lift.pos=-58.53 elbow_flex.pos=+38.35 wrist_flex.pos=+79.23 wrist_roll.pos=+5.28 gripper.pos=+1.88
DEBUG 2026-08-19 04:35:05 [action #518] t=19.40s step=1747 queue=5 dmax=2.950 | shoulder_pan.pos=-1.04 shoulder_lift.pos=-60.71 elbow_flex.pos=+41.30 wrist_flex.pos=+78.07 wrist_roll.pos=+5.31 gripper.pos=+1.64
DEBUG 2026-08-19 04:35:05 [action #519] t=19.43s step=1748 queue=4 dmax=2.227 | shoulder_pan.pos=-1.70 shoulder_lift.pos=-62.94 elbow_flex.pos=+43.46 wrist_flex.pos=+77.27 wrist_roll.pos=+5.20 gripper.pos=+1.66
DEBUG 2026-08-19 04:35:05 [action #520] t=19.47s step=1749 queue=3 dmax=2.154 | shoulder_pan.pos=-2.18 shoulder_lift.pos=-65.09 elbow_flex.pos=+45.60 wrist_flex.pos=+76.54 wrist_roll.pos=+5.11 gripper.pos=+1.70
DEBUG 2026-08-19 04:35:05 [action #521] t=19.50s step=1750 queue=2 dmax=2.409 | shoulder_pan.pos=-2.03 shoulder_lift.pos=-67.50 elbow_flex.pos=+47.32 wrist_flex.pos=+76.07 wrist_roll.pos=+5.22 gripper.pos=+1.72
DEBUG 2026-08-19 04:35:05 [action #522] t=19.53s step=1751 queue=1 dmax=2.886 | shoulder_pan.pos=-2.25 shoulder_lift.pos=-69.31 elbow_flex.pos=+50.21 wrist_flex.pos=+75.47 wrist_roll.pos=+5.05 gripper.pos=+1.60
DEBUG 2026-08-19 04:35:05 [chunk] received 50 actions, timesteps 1728..1777 | first: shoulder_pan.pos=-2.74 shoulder_lift.pos=-89.43 elbow_flex.pos=+71.35 wrist_flex.pos=+72.57 wrist_roll.pos=+1.43 gripper.pos=+1.62 | last: shoulder_pan.pos=-5.40 shoulder_lift.pos=-104.08 elbow_flex.pos=+92.42 wrist_flex.pos=+74.91 wrist_roll.pos=+0.54 gripper.pos=+0.78
DEBUG 2026-08-19 04:35:05 [action #523] t=19.60s step=1752 queue=26 dmax=35.879 | shoulder_pan.pos=-2.72 shoulder_lift.pos=-104.66 elbow_flex.pos=+86.08 wrist_flex.pos=+78.62 wrist_roll.pos=+1.03 gripper.pos=+1.23
DEBUG 2026-08-19 04:35:05 [action #524] t=19.63s step=1753 queue=25 dmax=0.599 | shoulder_pan.pos=-2.59 shoulder_lift.pos=-104.06 elbow_flex.pos=+85.73 wrist_flex.pos=+78.34 wrist_roll.pos=+1.04 gripper.pos=+1.27
DEBUG 2026-08-19 04:35:05 [action #525] t=19.67s step=1754 queue=24 dmax=0.680 | shoulder_pan.pos=-2.46 shoulder_lift.pos=-103.88 elbow_flex.pos=+86.41 wrist_flex.pos=+78.15 wrist_roll.pos=+1.12 gripper.pos=+0.94
DEBUG 2026-08-19 04:35:05 [action #526] t=19.70s step=1755 queue=23 dmax=0.638 | shoulder_pan.pos=-2.47 shoulder_lift.pos=-103.78 elbow_flex.pos=+85.77 wrist_flex.pos=+78.33 wrist_roll.pos=+1.06 gripper.pos=+1.11
DEBUG 2026-08-19 04:35:05 [action #527] t=19.73s step=1756 queue=22 dmax=0.575 | shoulder_pan.pos=-2.65 shoulder_lift.pos=-103.39 elbow_flex.pos=+86.35 wrist_flex.pos=+78.08 wrist_roll.pos=+1.16 gripper.pos=+0.95
DEBUG 2026-08-19 04:35:05 [action #528] t=19.77s step=1757 queue=21 dmax=0.980 | shoulder_pan.pos=-2.64 shoulder_lift.pos=-104.37 elbow_flex.pos=+87.20 wrist_flex.pos=+77.97 wrist_roll.pos=+1.25 gripper.pos=+0.94
DEBUG 2026-08-19 04:35:05 [action #529] t=19.80s step=1758 queue=20 dmax=0.556 | shoulder_pan.pos=-2.80 shoulder_lift.pos=-103.87 elbow_flex.pos=+87.76 wrist_flex.pos=+77.94 wrist_roll.pos=+1.43 gripper.pos=+1.04
DEBUG 2026-08-19 04:35:06 [action #530] t=19.83s step=1759 queue=19 dmax=0.402 | shoulder_pan.pos=-2.96 shoulder_lift.pos=-103.47 elbow_flex.pos=+88.02 wrist_flex.pos=+77.77 wrist_roll.pos=+1.55 gripper.pos=+1.16
DEBUG 2026-08-19 04:35:06 [action #531] t=19.87s step=1760 queue=18 dmax=0.714 | shoulder_pan.pos=-3.18 shoulder_lift.pos=-104.18 elbow_flex.pos=+88.53 wrist_flex.pos=+77.58 wrist_roll.pos=+1.77 gripper.pos=+1.03
DEBUG 2026-08-19 04:35:06 [action #532] t=19.90s step=1761 queue=17 dmax=0.626 | shoulder_pan.pos=-3.39 shoulder_lift.pos=-103.81 elbow_flex.pos=+89.15 wrist_flex.pos=+77.70 wrist_roll.pos=+1.77 gripper.pos=+0.95
DEBUG 2026-08-19 04:35:06 [action #533] t=19.93s step=1762 queue=16 dmax=0.316 | shoulder_pan.pos=-3.48 shoulder_lift.pos=-103.50 elbow_flex.pos=+89.32 wrist_flex.pos=+77.39 wrist_roll.pos=+1.77 gripper.pos=+0.99
DEBUG 2026-08-19 04:35:06 [action #534] t=19.97s step=1763 queue=15 dmax=0.453 | shoulder_pan.pos=-3.93 shoulder_lift.pos=-103.94 elbow_flex.pos=+89.32 wrist_flex.pos=+77.39 wrist_roll.pos=+1.93 gripper.pos=+1.04
DEBUG 2026-08-19 04:35:06 [action #535] t=20.00s step=1764 queue=14 dmax=0.700 | shoulder_pan.pos=-4.29 shoulder_lift.pos=-103.24 elbow_flex.pos=+89.34 wrist_flex.pos=+77.02 wrist_roll.pos=+1.68 gripper.pos=+1.27
DEBUG 2026-08-19 04:35:06 [action #536] t=20.03s step=1765 queue=13 dmax=0.666 | shoulder_pan.pos=-4.40 shoulder_lift.pos=-103.73 elbow_flex.pos=+90.00 wrist_flex.pos=+76.85 wrist_roll.pos=+1.63 gripper.pos=+1.00
DEBUG 2026-08-19 04:35:06 [action #537] t=20.07s step=1766 queue=12 dmax=0.331 | shoulder_pan.pos=-4.53 shoulder_lift.pos=-103.60 elbow_flex.pos=+89.67 wrist_flex.pos=+76.71 wrist_roll.pos=+1.77 gripper.pos=+1.03
DEBUG 2026-08-19 04:35:06 [action #538] t=20.10s step=1767 queue=11 dmax=1.066 | shoulder_pan.pos=-4.57 shoulder_lift.pos=-102.88 elbow_flex.pos=+90.74 wrist_flex.pos=+76.50 wrist_roll.pos=+1.63 gripper.pos=+1.04
DEBUG 2026-08-19 04:35:06 [action #539] t=20.13s step=1768 queue=10 dmax=0.446 | shoulder_pan.pos=-4.82 shoulder_lift.pos=-102.68 elbow_flex.pos=+91.04 wrist_flex.pos=+76.06 wrist_roll.pos=+1.62 gripper.pos=+1.10
DEBUG 2026-08-19 04:35:06 [action #540] t=20.17s step=1769 queue=9 dmax=0.714 | shoulder_pan.pos=-4.66 shoulder_lift.pos=-103.39 elbow_flex.pos=+90.63 wrist_flex.pos=+75.99 wrist_roll.pos=+1.61 gripper.pos=+0.80
DEBUG 2026-08-19 04:35:06 [action #541] t=20.20s step=1770 queue=8 dmax=0.523 | shoulder_pan.pos=-4.59 shoulder_lift.pos=-103.31 elbow_flex.pos=+91.04 wrist_flex.pos=+75.47 wrist_roll.pos=+1.51 gripper.pos=+0.88
DEBUG 2026-08-19 04:35:06 [action #542] t=20.23s step=1771 queue=7 dmax=0.242 | shoulder_pan.pos=-4.55 shoulder_lift.pos=-103.25 elbow_flex.pos=+90.93 wrist_flex.pos=+75.50 wrist_roll.pos=+1.27 gripper.pos=+0.90
DEBUG 2026-08-19 04:35:06 [action #543] t=20.27s step=1772 queue=6 dmax=0.794 | shoulder_pan.pos=-4.72 shoulder_lift.pos=-103.38 elbow_flex.pos=+91.72 wrist_flex.pos=+75.25 wrist_roll.pos=+1.42 gripper.pos=+0.97
DEBUG 2026-08-19 04:35:06 [action #544] t=20.30s step=1773 queue=5 dmax=0.219 | shoulder_pan.pos=-4.78 shoulder_lift.pos=-103.60 elbow_flex.pos=+91.60 wrist_flex.pos=+75.12 wrist_roll.pos=+1.38 gripper.pos=+0.83
DEBUG 2026-08-19 04:35:06 [action #545] t=20.33s step=1774 queue=4 dmax=0.487 | shoulder_pan.pos=-4.92 shoulder_lift.pos=-103.65 elbow_flex.pos=+91.12 wrist_flex.pos=+75.14 wrist_roll.pos=+1.11 gripper.pos=+0.68
DEBUG 2026-08-19 04:35:06 [action #546] t=20.37s step=1775 queue=3 dmax=0.707 | shoulder_pan.pos=-4.89 shoulder_lift.pos=-103.53 elbow_flex.pos=+91.82 wrist_flex.pos=+75.26 wrist_roll.pos=+0.90 gripper.pos=+0.82
DEBUG 2026-08-19 04:35:06 [action #547] t=20.40s step=1776 queue=2 dmax=0.283 | shoulder_pan.pos=-5.18 shoulder_lift.pos=-103.68 elbow_flex.pos=+91.89 wrist_flex.pos=+75.02 wrist_roll.pos=+0.75 gripper.pos=+0.86
DEBUG 2026-08-19 04:35:06 [action #548] t=20.43s step=1777 queue=1 dmax=0.528 | shoulder_pan.pos=-5.40 shoulder_lift.pos=-104.08 elbow_flex.pos=+92.42 wrist_flex.pos=+74.91 wrist_roll.pos=+0.54 gripper.pos=+0.78
DEBUG 2026-08-19 04:35:06 [chunk] received 50 actions, timesteps 1751..1800 | first: shoulder_pan.pos=-2.73 shoulder_lift.pos=-68.75 elbow_flex.pos=+50.67 wrist_flex.pos=+75.69 wrist_roll.pos=+5.48 gripper.pos=+2.66 | last: shoulder_pan.pos=-2.92 shoulder_lift.pos=-105.77 elbow_flex.pos=+87.78 wrist_flex.pos=+78.18 wrist_roll.pos=-1.64 gripper.pos=+0.81
DEBUG 2026-08-19 04:35:06 [action #549] t=20.50s step=1778 queue=23 dmax=15.352 | shoulder_pan.pos=-3.43 shoulder_lift.pos=-102.40 elbow_flex.pos=+77.07 wrist_flex.pos=+76.99 wrist_roll.pos=+0.14 gripper.pos=+1.09
DEBUG 2026-08-19 04:35:06 [action #550] t=20.54s step=1779 queue=22 dmax=0.951 | shoulder_pan.pos=-3.54 shoulder_lift.pos=-103.35 elbow_flex.pos=+77.16 wrist_flex.pos=+77.47 wrist_roll.pos=+0.08 gripper.pos=+1.13
DEBUG 2026-08-19 04:35:06 [action #551] t=20.57s step=1780 queue=21 dmax=0.803 | shoulder_pan.pos=-3.40 shoulder_lift.pos=-104.15 elbow_flex.pos=+77.85 wrist_flex.pos=+78.03 wrist_roll.pos=+0.09 gripper.pos=+1.13
DEBUG 2026-08-19 04:35:06 [action #552] t=20.60s step=1781 queue=20 dmax=0.862 | shoulder_pan.pos=-3.52 shoulder_lift.pos=-104.82 elbow_flex.pos=+78.71 wrist_flex.pos=+78.36 wrist_roll.pos=+0.06 gripper.pos=+1.12
DEBUG 2026-08-19 04:35:06 [action #553] t=20.64s step=1782 queue=19 dmax=0.786 | shoulder_pan.pos=-3.42 shoulder_lift.pos=-105.45 elbow_flex.pos=+79.50 wrist_flex.pos=+78.47 wrist_roll.pos=+0.16 gripper.pos=+1.03
DEBUG 2026-08-19 04:35:06 [action #554] t=20.67s step=1783 queue=18 dmax=0.331 | shoulder_pan.pos=-3.41 shoulder_lift.pos=-105.19 elbow_flex.pos=+79.83 wrist_flex.pos=+78.80 wrist_roll.pos=+0.15 gripper.pos=+1.22
DEBUG 2026-08-19 04:35:06 [action #555] t=20.70s step=1784 queue=17 dmax=0.960 | shoulder_pan.pos=-3.39 shoulder_lift.pos=-105.48 elbow_flex.pos=+80.79 wrist_flex.pos=+79.06 wrist_roll.pos=+0.10 gripper.pos=+1.19
DEBUG 2026-08-19 04:35:06 [action #556] t=20.74s step=1785 queue=16 dmax=0.563 | shoulder_pan.pos=-3.44 shoulder_lift.pos=-105.31 elbow_flex.pos=+81.35 wrist_flex.pos=+79.16 wrist_roll.pos=+0.04 gripper.pos=+1.00
DEBUG 2026-08-19 04:35:06 [action #557] t=20.77s step=1786 queue=15 dmax=0.445 | shoulder_pan.pos=-3.54 shoulder_lift.pos=-105.65 elbow_flex.pos=+81.56 wrist_flex.pos=+79.61 wrist_roll.pos=+0.04 gripper.pos=+1.21
DEBUG 2026-08-19 04:35:06 [action #558] t=20.80s step=1787 queue=14 dmax=0.345 | shoulder_pan.pos=-3.64 shoulder_lift.pos=-105.34 elbow_flex.pos=+81.22 wrist_flex.pos=+79.79 wrist_roll.pos=+0.06 gripper.pos=+1.04
DEBUG 2026-08-19 04:35:07 [action #559] t=20.84s step=1788 queue=13 dmax=0.582 | shoulder_pan.pos=-3.63 shoulder_lift.pos=-105.42 elbow_flex.pos=+81.80 wrist_flex.pos=+79.77 wrist_roll.pos=-0.08 gripper.pos=+1.00
DEBUG 2026-08-19 04:35:07 [action #560] t=20.87s step=1789 queue=12 dmax=0.367 | shoulder_pan.pos=-3.66 shoulder_lift.pos=-105.22 elbow_flex.pos=+82.17 wrist_flex.pos=+79.88 wrist_roll.pos=-0.44 gripper.pos=+1.04
DEBUG 2026-08-19 04:35:07 [action #561] t=20.90s step=1790 queue=11 dmax=0.343 | shoulder_pan.pos=-4.00 shoulder_lift.pos=-105.43 elbow_flex.pos=+82.19 wrist_flex.pos=+79.96 wrist_roll.pos=-0.61 gripper.pos=+1.13
DEBUG 2026-08-19 04:35:07 [action #562] t=20.94s step=1791 queue=10 dmax=0.856 | shoulder_pan.pos=-3.67 shoulder_lift.pos=-105.58 elbow_flex.pos=+83.05 wrist_flex.pos=+79.86 wrist_roll.pos=-0.87 gripper.pos=+0.97
DEBUG 2026-08-19 04:35:07 [action #563] t=20.97s step=1792 queue=9 dmax=0.202 | shoulder_pan.pos=-3.49 shoulder_lift.pos=-105.79 elbow_flex.pos=+83.16 wrist_flex.pos=+79.73 wrist_roll.pos=-1.06 gripper.pos=+1.04
DEBUG 2026-08-19 04:35:07 [action #564] t=21.00s step=1793 queue=8 dmax=0.922 | shoulder_pan.pos=-3.60 shoulder_lift.pos=-106.14 elbow_flex.pos=+84.08 wrist_flex.pos=+79.73 wrist_roll.pos=-1.25 gripper.pos=+0.95
DEBUG 2026-08-19 04:35:07 [action #565] t=21.04s step=1794 queue=7 dmax=0.442 | shoulder_pan.pos=-3.31 shoulder_lift.pos=-106.35 elbow_flex.pos=+84.40 wrist_flex.pos=+79.29 wrist_roll.pos=-1.17 gripper.pos=+1.07
DEBUG 2026-08-19 04:35:07 [action #566] t=21.07s step=1795 queue=6 dmax=0.944 | shoulder_pan.pos=-3.16 shoulder_lift.pos=-106.51 elbow_flex.pos=+85.35 wrist_flex.pos=+79.12 wrist_roll.pos=-1.16 gripper.pos=+1.14
DEBUG 2026-08-19 04:35:07 [action #567] t=21.10s step=1796 queue=5 dmax=0.529 | shoulder_pan.pos=-3.29 shoulder_lift.pos=-106.23 elbow_flex.pos=+85.88 wrist_flex.pos=+78.96 wrist_roll.pos=-1.20 gripper.pos=+0.93
DEBUG 2026-08-19 04:35:07 [action #568] t=21.14s step=1797 queue=4 dmax=0.402 | shoulder_pan.pos=-3.13 shoulder_lift.pos=-105.95 elbow_flex.pos=+86.28 wrist_flex.pos=+78.96 wrist_roll.pos=-1.36 gripper.pos=+1.05
DEBUG 2026-08-19 04:35:07 [action #569] t=21.17s step=1798 queue=3 dmax=1.061 | shoulder_pan.pos=-3.20 shoulder_lift.pos=-105.86 elbow_flex.pos=+87.34 wrist_flex.pos=+78.61 wrist_roll.pos=-1.32 gripper.pos=+0.91
DEBUG 2026-08-19 04:35:07 [action #570] t=21.20s step=1799 queue=2 dmax=0.248 | shoulder_pan.pos=-3.32 shoulder_lift.pos=-105.90 elbow_flex.pos=+87.09 wrist_flex.pos=+78.39 wrist_roll.pos=-1.47 gripper.pos=+1.05
DEBUG 2026-08-19 04:35:07 [chunk] received 50 actions, timesteps 1777..1826 | first: shoulder_pan.pos=-4.70 shoulder_lift.pos=-101.91 elbow_flex.pos=+88.90 wrist_flex.pos=+76.59 wrist_roll.pos=+1.07 gripper.pos=+0.99 | last: shoulder_pan.pos=-4.22 shoulder_lift.pos=-102.00 elbow_flex.pos=+88.86 wrist_flex.pos=+76.76 wrist_roll.pos=+0.82 gripper.pos=+0.69
DEBUG 2026-08-19 04:35:07 [action #571] t=21.24s step=1800 queue=27 dmax=2.661 | shoulder_pan.pos=-3.85 shoulder_lift.pos=-103.24 elbow_flex.pos=+88.59 wrist_flex.pos=+77.05 wrist_roll.pos=+0.09 gripper.pos=+0.94
DEBUG 2026-08-19 04:35:07 [action #572] t=21.27s step=1801 queue=26 dmax=0.917 | shoulder_pan.pos=-4.24 shoulder_lift.pos=-102.51 elbow_flex.pos=+89.51 wrist_flex.pos=+76.56 wrist_roll.pos=+0.84 gripper.pos=+1.14
DEBUG 2026-08-19 04:35:07 [action #573] t=21.30s step=1802 queue=25 dmax=0.468 | shoulder_pan.pos=-4.50 shoulder_lift.pos=-102.04 elbow_flex.pos=+89.52 wrist_flex.pos=+76.64 wrist_roll.pos=+0.82 gripper.pos=+0.90
DEBUG 2026-08-19 04:35:07 [action #574] t=21.34s step=1803 queue=24 dmax=0.333 | shoulder_pan.pos=-4.23 shoulder_lift.pos=-101.71 elbow_flex.pos=+89.40 wrist_flex.pos=+76.61 wrist_roll.pos=+0.86 gripper.pos=+1.05
DEBUG 2026-08-19 04:35:07 [action #575] t=21.37s step=1804 queue=23 dmax=0.649 | shoulder_pan.pos=-4.46 shoulder_lift.pos=-101.41 elbow_flex.pos=+90.05 wrist_flex.pos=+76.63 wrist_roll.pos=+0.81 gripper.pos=+0.76
DEBUG 2026-08-19 04:35:07 [action #576] t=21.40s step=1805 queue=22 dmax=1.030 | shoulder_pan.pos=-4.43 shoulder_lift.pos=-102.44 elbow_flex.pos=+89.88 wrist_flex.pos=+76.70 wrist_roll.pos=+0.87 gripper.pos=+0.82
DEBUG 2026-08-19 04:35:07 [action #577] t=21.44s step=1806 queue=21 dmax=0.550 | shoulder_pan.pos=-4.30 shoulder_lift.pos=-101.89 elbow_flex.pos=+89.38 wrist_flex.pos=+76.62 wrist_roll.pos=+0.87 gripper.pos=+0.75
DEBUG 2026-08-19 04:35:07 [action #578] t=21.47s step=1807 queue=20 dmax=0.253 | shoulder_pan.pos=-4.55 shoulder_lift.pos=-101.81 elbow_flex.pos=+89.25 wrist_flex.pos=+76.53 wrist_roll.pos=+0.87 gripper.pos=+0.68
DEBUG 2026-08-19 04:35:07 [action #579] t=21.50s step=1808 queue=19 dmax=0.476 | shoulder_pan.pos=-4.07 shoulder_lift.pos=-102.12 elbow_flex.pos=+89.55 wrist_flex.pos=+76.54 wrist_roll.pos=+0.93 gripper.pos=+0.85
DEBUG 2026-08-19 04:35:07 [action #580] t=21.54s step=1809 queue=18 dmax=0.284 | shoulder_pan.pos=-4.36 shoulder_lift.pos=-101.91 elbow_flex.pos=+89.32 wrist_flex.pos=+76.66 wrist_roll.pos=+0.86 gripper.pos=+0.75
DEBUG 2026-08-19 04:35:07 [action #581] t=21.57s step=1810 queue=17 dmax=0.249 | shoulder_pan.pos=-4.28 shoulder_lift.pos=-102.09 elbow_flex.pos=+89.56 wrist_flex.pos=+76.47 wrist_roll.pos=+0.94 gripper.pos=+0.77
DEBUG 2026-08-19 04:35:07 [action #582] t=21.61s step=1811 queue=16 dmax=0.341 | shoulder_pan.pos=-4.29 shoulder_lift.pos=-101.77 elbow_flex.pos=+89.22 wrist_flex.pos=+76.65 wrist_roll.pos=+0.88 gripper.pos=+0.78
DEBUG 2026-08-19 04:35:07 [action #583] t=21.64s step=1812 queue=15 dmax=0.439 | shoulder_pan.pos=-4.19 shoulder_lift.pos=-102.21 elbow_flex.pos=+89.13 wrist_flex.pos=+76.65 wrist_roll.pos=+0.95 gripper.pos=+0.82
DEBUG 2026-08-19 04:35:07 [action #584] t=21.67s step=1813 queue=14 dmax=0.402 | shoulder_pan.pos=-4.37 shoulder_lift.pos=-101.81 elbow_flex.pos=+89.44 wrist_flex.pos=+76.63 wrist_roll.pos=+0.91 gripper.pos=+0.80
DEBUG 2026-08-19 04:35:07 [action #585] t=21.71s step=1814 queue=13 dmax=0.364 | shoulder_pan.pos=-4.28 shoulder_lift.pos=-101.91 elbow_flex.pos=+89.07 wrist_flex.pos=+76.70 wrist_roll.pos=+0.88 gripper.pos=+0.71
DEBUG 2026-08-19 04:35:07 [action #586] t=21.74s step=1815 queue=12 dmax=0.201 | shoulder_pan.pos=-4.28 shoulder_lift.pos=-102.11 elbow_flex.pos=+89.19 wrist_flex.pos=+76.77 wrist_roll.pos=+0.86 gripper.pos=+0.75
DEBUG 2026-08-19 04:35:07 [action #587] t=21.77s step=1816 queue=11 dmax=0.176 | shoulder_pan.pos=-4.22 shoulder_lift.pos=-102.19 elbow_flex.pos=+89.17 wrist_flex.pos=+76.60 wrist_roll.pos=+0.83 gripper.pos=+0.73
DEBUG 2026-08-19 04:35:07 [action #588] t=21.81s step=1817 queue=10 dmax=1.290 | shoulder_pan.pos=-4.38 shoulder_lift.pos=-100.90 elbow_flex.pos=+89.21 wrist_flex.pos=+76.77 wrist_roll.pos=+0.81 gripper.pos=+0.75
DEBUG 2026-08-19 04:35:08 [action #589] t=21.84s step=1818 queue=9 dmax=1.299 | shoulder_pan.pos=-4.21 shoulder_lift.pos=-102.20 elbow_flex.pos=+88.90 wrist_flex.pos=+76.62 wrist_roll.pos=+0.82 gripper.pos=+0.73
DEBUG 2026-08-19 04:35:08 [action #590] t=21.87s step=1819 queue=8 dmax=0.533 | shoulder_pan.pos=-4.21 shoulder_lift.pos=-101.67 elbow_flex.pos=+89.03 wrist_flex.pos=+76.65 wrist_roll.pos=+0.76 gripper.pos=+0.76
DEBUG 2026-08-19 04:35:08 [action #591] t=21.91s step=1820 queue=7 dmax=0.283 | shoulder_pan.pos=-4.35 shoulder_lift.pos=-101.54 elbow_flex.pos=+89.31 wrist_flex.pos=+76.68 wrist_roll.pos=+0.83 gripper.pos=+0.84
DEBUG 2026-08-19 04:35:08 [action #592] t=21.94s step=1821 queue=6 dmax=0.323 | shoulder_pan.pos=-4.34 shoulder_lift.pos=-101.58 elbow_flex.pos=+88.99 wrist_flex.pos=+76.83 wrist_roll.pos=+0.76 gripper.pos=+0.71
DEBUG 2026-08-19 04:35:08 [action #593] t=21.97s step=1822 queue=5 dmax=0.337 | shoulder_pan.pos=-4.23 shoulder_lift.pos=-101.91 elbow_flex.pos=+88.99 wrist_flex.pos=+76.71 wrist_roll.pos=+0.77 gripper.pos=+0.69
DEBUG 2026-08-19 04:35:08 [action #594] t=22.01s step=1823 queue=4 dmax=0.176 | shoulder_pan.pos=-4.10 shoulder_lift.pos=-101.84 elbow_flex.pos=+88.85 wrist_flex.pos=+76.68 wrist_roll.pos=+0.81 gripper.pos=+0.87
DEBUG 2026-08-19 04:35:08 [action #595] t=22.04s step=1824 queue=3 dmax=0.407 | shoulder_pan.pos=-4.17 shoulder_lift.pos=-102.09 elbow_flex.pos=+88.44 wrist_flex.pos=+76.84 wrist_roll.pos=+0.83 gripper.pos=+0.68
DEBUG 2026-08-19 04:35:08 [chunk] received 50 actions, timesteps 1798..1847 | first: shoulder_pan.pos=-3.70 shoulder_lift.pos=-102.30 elbow_flex.pos=+87.19 wrist_flex.pos=+78.81 wrist_roll.pos=-0.98 gripper.pos=+1.08 | last: shoulder_pan.pos=-4.11 shoulder_lift.pos=-102.17 elbow_flex.pos=+88.28 wrist_flex.pos=+79.01 wrist_roll.pos=-1.09 gripper.pos=+1.28
DEBUG 2026-08-19 04:35:08 [action #596] t=22.07s step=1825 queue=23 dmax=1.359 | shoulder_pan.pos=-4.06 shoulder_lift.pos=-102.24 elbow_flex.pos=+88.60 wrist_flex.pos=+78.18 wrist_roll.pos=-0.53 gripper.pos=+1.10
DEBUG 2026-08-19 04:35:08 [action #597] t=22.11s step=1826 queue=22 dmax=0.138 | shoulder_pan.pos=-4.12 shoulder_lift.pos=-102.38 elbow_flex.pos=+88.48 wrist_flex.pos=+78.30 wrist_roll.pos=-0.49 gripper.pos=+1.16
DEBUG 2026-08-19 04:35:08 [action #598] t=22.14s step=1827 queue=21 dmax=0.628 | shoulder_pan.pos=-4.00 shoulder_lift.pos=-102.68 elbow_flex.pos=+88.95 wrist_flex.pos=+78.76 wrist_roll.pos=-1.11 gripper.pos=+1.22
DEBUG 2026-08-19 04:35:08 [action #599] t=22.17s step=1828 queue=20 dmax=0.537 | shoulder_pan.pos=-3.94 shoulder_lift.pos=-102.36 elbow_flex.pos=+88.41 wrist_flex.pos=+78.82 wrist_roll.pos=-1.02 gripper.pos=+1.15
DEBUG 2026-08-19 04:35:08 [action #600] t=22.21s step=1829 queue=19 dmax=0.525 | shoulder_pan.pos=-4.20 shoulder_lift.pos=-102.41 elbow_flex.pos=+87.89 wrist_flex.pos=+78.85 wrist_roll.pos=-1.06 gripper.pos=+1.21
DEBUG 2026-08-19 04:35:08 [action #601] t=22.24s step=1830 queue=18 dmax=0.154 | shoulder_pan.pos=-4.15 shoulder_lift.pos=-102.52 elbow_flex.pos=+88.04 wrist_flex.pos=+78.93 wrist_roll.pos=-1.09 gripper.pos=+1.24
DEBUG 2026-08-19 04:35:08 [action #602] t=22.27s step=1831 queue=17 dmax=0.324 | shoulder_pan.pos=-4.07 shoulder_lift.pos=-102.19 elbow_flex.pos=+87.96 wrist_flex.pos=+78.87 wrist_roll.pos=-1.02 gripper.pos=+1.33
DEBUG 2026-08-19 04:35:08 [action #603] t=22.31s step=1832 queue=16 dmax=0.404 | shoulder_pan.pos=-4.13 shoulder_lift.pos=-101.96 elbow_flex.pos=+88.36 wrist_flex.pos=+78.79 wrist_roll.pos=-0.99 gripper.pos=+1.29
DEBUG 2026-08-19 04:35:08 [action #604] t=22.34s step=1833 queue=15 dmax=0.388 | shoulder_pan.pos=-4.10 shoulder_lift.pos=-102.35 elbow_flex.pos=+88.31 wrist_flex.pos=+78.92 wrist_roll.pos=-1.09 gripper.pos=+1.16
DEBUG 2026-08-19 04:35:08 [action #605] t=22.38s step=1834 queue=14 dmax=0.134 | shoulder_pan.pos=-4.24 shoulder_lift.pos=-102.44 elbow_flex.pos=+88.21 wrist_flex.pos=+78.98 wrist_roll.pos=-1.11 gripper.pos=+1.18
DEBUG 2026-08-19 04:35:08 [action #606] t=22.41s step=1835 queue=13 dmax=0.450 | shoulder_pan.pos=-4.10 shoulder_lift.pos=-102.05 elbow_flex.pos=+88.66 wrist_flex.pos=+78.89 wrist_roll.pos=-1.08 gripper.pos=+1.32
DEBUG 2026-08-19 04:35:08 [action #607] t=22.44s step=1836 queue=12 dmax=0.369 | shoulder_pan.pos=-4.09 shoulder_lift.pos=-102.33 elbow_flex.pos=+88.29 wrist_flex.pos=+79.06 wrist_roll.pos=-1.15 gripper.pos=+1.25
DEBUG 2026-08-19 04:35:08 [action #608] t=22.48s step=1837 queue=11 dmax=0.300 | shoulder_pan.pos=-4.15 shoulder_lift.pos=-102.22 elbow_flex.pos=+88.59 wrist_flex.pos=+78.93 wrist_roll.pos=-1.12 gripper.pos=+1.13
DEBUG 2026-08-19 04:35:08 [action #609] t=22.51s step=1838 queue=10 dmax=0.332 | shoulder_pan.pos=-4.25 shoulder_lift.pos=-102.13 elbow_flex.pos=+88.25 wrist_flex.pos=+78.93 wrist_roll.pos=-1.07 gripper.pos=+1.20
DEBUG 2026-08-19 04:35:08 [action #610] t=22.54s step=1839 queue=9 dmax=0.180 | shoulder_pan.pos=-4.23 shoulder_lift.pos=-101.95 elbow_flex.pos=+88.36 wrist_flex.pos=+78.98 wrist_roll.pos=-1.01 gripper.pos=+1.17
DEBUG 2026-08-19 04:35:08 [action #611] t=22.58s step=1840 queue=8 dmax=0.574 | shoulder_pan.pos=-4.37 shoulder_lift.pos=-102.23 elbow_flex.pos=+87.78 wrist_flex.pos=+78.93 wrist_roll.pos=-1.09 gripper.pos=+1.19
DEBUG 2026-08-19 04:35:08 [action #612] t=22.61s step=1841 queue=7 dmax=0.474 | shoulder_pan.pos=-4.31 shoulder_lift.pos=-101.82 elbow_flex.pos=+88.26 wrist_flex.pos=+79.14 wrist_roll.pos=-1.04 gripper.pos=+1.11
DEBUG 2026-08-19 04:35:08 [action #613] t=22.64s step=1842 queue=6 dmax=0.258 | shoulder_pan.pos=-4.05 shoulder_lift.pos=-101.81 elbow_flex.pos=+88.16 wrist_flex.pos=+79.06 wrist_roll.pos=-1.05 gripper.pos=+1.33
DEBUG 2026-08-19 04:35:08 [action #614] t=22.68s step=1843 queue=5 dmax=0.496 | shoulder_pan.pos=-4.36 shoulder_lift.pos=-102.30 elbow_flex.pos=+88.43 wrist_flex.pos=+79.07 wrist_roll.pos=-1.15 gripper.pos=+1.11
DEBUG 2026-08-19 04:35:08 [action #615] t=22.71s step=1844 queue=4 dmax=0.237 | shoulder_pan.pos=-4.24 shoulder_lift.pos=-102.06 elbow_flex.pos=+88.55 wrist_flex.pos=+79.19 wrist_roll.pos=-1.09 gripper.pos=+1.17
DEBUG 2026-08-19 04:35:08 [action #616] t=22.74s step=1845 queue=3 dmax=0.558 | shoulder_pan.pos=-4.03 shoulder_lift.pos=-102.17 elbow_flex.pos=+87.99 wrist_flex.pos=+79.14 wrist_roll.pos=-1.07 gripper.pos=+1.18
DEBUG 2026-08-19 04:35:08 [action #617] t=22.78s step=1846 queue=2 dmax=0.621 | shoulder_pan.pos=-4.14 shoulder_lift.pos=-102.31 elbow_flex.pos=+88.61 wrist_flex.pos=+79.11 wrist_roll.pos=-1.08 gripper.pos=+1.29
DEBUG 2026-08-19 04:35:08 [action #618] t=22.81s step=1847 queue=1 dmax=0.325 | shoulder_pan.pos=-4.11 shoulder_lift.pos=-102.17 elbow_flex.pos=+88.28 wrist_flex.pos=+79.01 wrist_roll.pos=-1.09 gripper.pos=+1.28
DEBUG 2026-08-19 04:35:09 [chunk] received 50 actions, timesteps 1824..1873 | first: shoulder_pan.pos=-4.32 shoulder_lift.pos=-102.43 elbow_flex.pos=+89.02 wrist_flex.pos=+77.88 wrist_roll.pos=+0.57 gripper.pos=+0.99 | last: shoulder_pan.pos=-4.01 shoulder_lift.pos=-102.88 elbow_flex.pos=+89.57 wrist_flex.pos=+77.77 wrist_roll.pos=+0.10 gripper.pos=+0.99
DEBUG 2026-08-19 04:35:09 [action #619] t=22.98s step=1848 queue=26 dmax=1.427 | shoulder_pan.pos=-4.64 shoulder_lift.pos=-102.43 elbow_flex.pos=+89.61 wrist_flex.pos=+78.00 wrist_roll.pos=+0.34 gripper.pos=+1.04
DEBUG 2026-08-19 04:35:09 [action #620] t=23.01s step=1849 queue=25 dmax=0.166 | shoulder_pan.pos=-4.54 shoulder_lift.pos=-102.46 elbow_flex.pos=+89.59 wrist_flex.pos=+77.83 wrist_roll.pos=+0.32 gripper.pos=+1.05
DEBUG 2026-08-19 04:35:09 [action #621] t=23.04s step=1850 queue=24 dmax=0.319 | shoulder_pan.pos=-4.58 shoulder_lift.pos=-102.67 elbow_flex.pos=+89.27 wrist_flex.pos=+77.85 wrist_roll.pos=+0.28 gripper.pos=+1.02
DEBUG 2026-08-19 04:35:09 [action #622] t=23.08s step=1851 queue=23 dmax=0.164 | shoulder_pan.pos=-4.58 shoulder_lift.pos=-102.50 elbow_flex.pos=+89.19 wrist_flex.pos=+77.76 wrist_roll.pos=+0.20 gripper.pos=+1.06
DEBUG 2026-08-19 04:35:09 [action #623] t=23.11s step=1852 queue=22 dmax=0.299 | shoulder_pan.pos=-4.28 shoulder_lift.pos=-102.46 elbow_flex.pos=+89.44 wrist_flex.pos=+77.81 wrist_roll.pos=+0.14 gripper.pos=+1.05
DEBUG 2026-08-19 04:35:09 [action #624] t=23.14s step=1853 queue=21 dmax=0.226 | shoulder_pan.pos=-4.42 shoulder_lift.pos=-102.24 elbow_flex.pos=+89.56 wrist_flex.pos=+77.92 wrist_roll.pos=+0.18 gripper.pos=+0.95
DEBUG 2026-08-19 04:35:09 [action #625] t=23.18s step=1854 queue=20 dmax=0.144 | shoulder_pan.pos=-4.28 shoulder_lift.pos=-102.37 elbow_flex.pos=+89.45 wrist_flex.pos=+77.83 wrist_roll.pos=+0.15 gripper.pos=+0.89
DEBUG 2026-08-19 04:35:09 [action #626] t=23.21s step=1855 queue=19 dmax=0.520 | shoulder_pan.pos=-4.08 shoulder_lift.pos=-102.00 elbow_flex.pos=+88.94 wrist_flex.pos=+77.71 wrist_roll.pos=+0.22 gripper.pos=+0.99
DEBUG 2026-08-19 04:35:09 [action #627] t=23.24s step=1856 queue=18 dmax=0.434 | shoulder_pan.pos=-4.22 shoulder_lift.pos=-102.44 elbow_flex.pos=+89.20 wrist_flex.pos=+77.74 wrist_roll.pos=+0.26 gripper.pos=+1.01
DEBUG 2026-08-19 04:35:09 [action #628] t=23.28s step=1857 queue=17 dmax=0.263 | shoulder_pan.pos=-3.95 shoulder_lift.pos=-102.52 elbow_flex.pos=+89.28 wrist_flex.pos=+77.75 wrist_roll.pos=+0.24 gripper.pos=+0.99
DEBUG 2026-08-19 04:35:09 [action #629] t=23.31s step=1858 queue=16 dmax=0.149 | shoulder_pan.pos=-4.06 shoulder_lift.pos=-102.44 elbow_flex.pos=+89.13 wrist_flex.pos=+77.75 wrist_roll.pos=+0.21 gripper.pos=+0.99
DEBUG 2026-08-19 04:35:09 [action #630] t=23.35s step=1859 queue=15 dmax=0.172 | shoulder_pan.pos=-3.96 shoulder_lift.pos=-102.56 elbow_flex.pos=+89.28 wrist_flex.pos=+77.80 wrist_roll.pos=+0.23 gripper.pos=+1.16
DEBUG 2026-08-19 04:35:09 [action #631] t=23.38s step=1860 queue=14 dmax=0.359 | shoulder_pan.pos=-3.91 shoulder_lift.pos=-102.52 elbow_flex.pos=+89.64 wrist_flex.pos=+77.76 wrist_roll.pos=+0.20 gripper.pos=+1.03
DEBUG 2026-08-19 04:35:09 [action #632] t=23.41s step=1861 queue=13 dmax=0.626 | shoulder_pan.pos=-3.99 shoulder_lift.pos=-102.40 elbow_flex.pos=+89.02 wrist_flex.pos=+77.64 wrist_roll.pos=+0.24 gripper.pos=+0.96
DEBUG 2026-08-19 04:35:09 [action #633] t=23.45s step=1862 queue=12 dmax=0.217 | shoulder_pan.pos=-3.94 shoulder_lift.pos=-102.61 elbow_flex.pos=+89.21 wrist_flex.pos=+77.67 wrist_roll.pos=+0.21 gripper.pos=+0.99
DEBUG 2026-08-19 04:35:09 [action #634] t=23.48s step=1863 queue=11 dmax=0.422 | shoulder_pan.pos=-3.96 shoulder_lift.pos=-102.48 elbow_flex.pos=+88.79 wrist_flex.pos=+77.78 wrist_roll.pos=+0.25 gripper.pos=+1.09
DEBUG 2026-08-19 04:35:09 [action #635] t=23.51s step=1864 queue=10 dmax=0.593 | shoulder_pan.pos=-3.98 shoulder_lift.pos=-102.74 elbow_flex.pos=+89.38 wrist_flex.pos=+77.66 wrist_roll.pos=+0.16 gripper.pos=+0.92
DEBUG 2026-08-19 04:35:09 [action #636] t=23.55s step=1865 queue=9 dmax=0.368 | shoulder_pan.pos=-4.09 shoulder_lift.pos=-102.38 elbow_flex.pos=+89.17 wrist_flex.pos=+77.72 wrist_roll.pos=+0.15 gripper.pos=+1.00
DEBUG 2026-08-19 04:35:09 [action #637] t=23.58s step=1866 queue=8 dmax=0.158 | shoulder_pan.pos=-4.09 shoulder_lift.pos=-102.48 elbow_flex.pos=+89.33 wrist_flex.pos=+77.71 wrist_roll.pos=+0.24 gripper.pos=+0.97
DEBUG 2026-08-19 04:35:09 [action #638] t=23.61s step=1867 queue=7 dmax=0.209 | shoulder_pan.pos=-4.04 shoulder_lift.pos=-102.58 elbow_flex.pos=+89.12 wrist_flex.pos=+77.67 wrist_roll.pos=+0.21 gripper.pos=+0.94
DEBUG 2026-08-19 04:35:09 [action #639] t=23.65s step=1868 queue=6 dmax=0.384 | shoulder_pan.pos=-3.91 shoulder_lift.pos=-102.50 elbow_flex.pos=+89.50 wrist_flex.pos=+77.70 wrist_roll.pos=+0.26 gripper.pos=+0.91
DEBUG 2026-08-19 04:35:09 [action #640] t=23.68s step=1869 queue=5 dmax=0.242 | shoulder_pan.pos=-4.01 shoulder_lift.pos=-102.69 elbow_flex.pos=+89.26 wrist_flex.pos=+77.60 wrist_roll.pos=+0.11 gripper.pos=+0.95
DEBUG 2026-08-19 04:35:09 [chunk] received 50 actions, timesteps 1847..1896 | first: shoulder_pan.pos=-4.17 shoulder_lift.pos=-102.86 elbow_flex.pos=+89.34 wrist_flex.pos=+77.52 wrist_roll.pos=-0.66 gripper.pos=+0.96 | last: shoulder_pan.pos=-4.36 shoulder_lift.pos=-103.43 elbow_flex.pos=+89.53 wrist_flex.pos=+77.62 wrist_roll.pos=-0.45 gripper.pos=+1.02
DEBUG 2026-08-19 04:35:09 [action #641] t=23.71s step=1870 queue=27 dmax=0.436 | shoulder_pan.pos=-4.12 shoulder_lift.pos=-102.52 elbow_flex.pos=+89.70 wrist_flex.pos=+77.70 wrist_roll.pos=-0.27 gripper.pos=+1.05
DEBUG 2026-08-19 04:35:09 [action #642] t=23.75s step=1871 queue=26 dmax=0.169 | shoulder_pan.pos=-4.22 shoulder_lift.pos=-102.36 elbow_flex.pos=+89.53 wrist_flex.pos=+77.66 wrist_roll.pos=-0.31 gripper.pos=+1.06
DEBUG 2026-08-19 04:35:09 [action #643] t=23.78s step=1872 queue=25 dmax=0.164 | shoulder_pan.pos=-4.19 shoulder_lift.pos=-102.52 elbow_flex.pos=+89.42 wrist_flex.pos=+77.77 wrist_roll.pos=-0.31 gripper.pos=+1.00
INFO 2026-08-19 04:35:11 Final action sent: shoulder_pan.pos=-4.19 shoulder_lift.pos=-102.52 elbow_flex.pos=+89.42 wrist_flex.pos=+77.77 wrist_roll.pos=-0.31 gripper.pos=+1.00
DEBUG 2026-08-19 04:35:11 === episode end | 25.7s | converged=True | actions=643 ===
DEBUG 2026-08-19 04:35:19 === episode start | task: 'put the box on the tray' | duration: 30.0s ===
DEBUG 2026-08-19 04:35:20 [chunk] received 50 actions, timesteps 0..49 | first: shoulder_pan.pos=-3.99 shoulder_lift.pos=-102.58 elbow_flex.pos=+88.92 wrist_flex.pos=+75.97 wrist_roll.pos=-0.53 gripper.pos=+1.16 | last: shoulder_pan.pos=-8.75 shoulder_lift.pos=-102.61 elbow_flex.pos=+84.35 wrist_flex.pos=+67.47 wrist_roll.pos=-1.39 gripper.pos=+1.15
DEBUG 2026-08-19 04:35:20 [action #1] t=0.84s step=0 queue=50 dmax=n/a | shoulder_pan.pos=-3.99 shoulder_lift.pos=-102.58 elbow_flex.pos=+88.92 wrist_flex.pos=+75.97 wrist_roll.pos=-0.53 gripper.pos=+1.16
DEBUG 2026-08-19 04:35:20 [action #2] t=0.87s step=1 queue=49 dmax=0.917 | shoulder_pan.pos=-4.87 shoulder_lift.pos=-101.66 elbow_flex.pos=+88.63 wrist_flex.pos=+75.77 wrist_roll.pos=-0.42 gripper.pos=+1.16
DEBUG 2026-08-19 04:35:20 [action #3] t=0.90s step=2 queue=48 dmax=0.799 | shoulder_pan.pos=-4.84 shoulder_lift.pos=-102.07 elbow_flex.pos=+89.42 wrist_flex.pos=+76.03 wrist_roll.pos=-0.35 gripper.pos=+1.05
DEBUG 2026-08-19 04:35:20 [action #4] t=0.94s step=3 queue=47 dmax=0.801 | shoulder_pan.pos=-4.67 shoulder_lift.pos=-102.33 elbow_flex.pos=+88.62 wrist_flex.pos=+75.62 wrist_roll.pos=-0.36 gripper.pos=+1.07
DEBUG 2026-08-19 04:35:20 [action #5] t=0.97s step=4 queue=46 dmax=0.781 | shoulder_pan.pos=-4.58 shoulder_lift.pos=-101.55 elbow_flex.pos=+88.94 wrist_flex.pos=+75.41 wrist_roll.pos=-0.34 gripper.pos=+1.15
DEBUG 2026-08-19 04:35:20 [action #6] t=1.00s step=5 queue=45 dmax=0.976 | shoulder_pan.pos=-5.25 shoulder_lift.pos=-102.53 elbow_flex.pos=+88.67 wrist_flex.pos=+75.41 wrist_roll.pos=-0.36 gripper.pos=+1.06
DEBUG 2026-08-19 04:35:20 [action #7] t=1.04s step=6 queue=44 dmax=0.388 | shoulder_pan.pos=-5.35 shoulder_lift.pos=-102.14 elbow_flex.pos=+88.68 wrist_flex.pos=+75.33 wrist_roll.pos=-0.31 gripper.pos=+1.15
DEBUG 2026-08-19 04:35:20 [action #8] t=1.07s step=7 queue=43 dmax=0.426 | shoulder_pan.pos=-5.78 shoulder_lift.pos=-102.43 elbow_flex.pos=+88.46 wrist_flex.pos=+75.15 wrist_roll.pos=-0.27 gripper.pos=+1.03
DEBUG 2026-08-19 04:35:20 [action #9] t=1.10s step=8 queue=42 dmax=0.528 | shoulder_pan.pos=-6.31 shoulder_lift.pos=-102.81 elbow_flex.pos=+88.20 wrist_flex.pos=+75.04 wrist_roll.pos=-0.28 gripper.pos=+1.20
DEBUG 2026-08-19 04:35:20 [action #10] t=1.14s step=9 queue=41 dmax=0.453 | shoulder_pan.pos=-6.50 shoulder_lift.pos=-102.38 elbow_flex.pos=+88.65 wrist_flex.pos=+75.03 wrist_roll.pos=-0.29 gripper.pos=+1.16
DEBUG 2026-08-19 04:35:20 [action #11] t=1.17s step=10 queue=40 dmax=0.738 | shoulder_pan.pos=-6.74 shoulder_lift.pos=-102.70 elbow_flex.pos=+89.39 wrist_flex.pos=+74.75 wrist_roll.pos=-0.33 gripper.pos=+1.16
DEBUG 2026-08-19 04:35:20 [action #12] t=1.20s step=11 queue=39 dmax=0.935 | shoulder_pan.pos=-7.03 shoulder_lift.pos=-101.77 elbow_flex.pos=+88.73 wrist_flex.pos=+74.82 wrist_roll.pos=-0.29 gripper.pos=+1.12
DEBUG 2026-08-19 04:35:20 [action #13] t=1.24s step=12 queue=38 dmax=0.544 | shoulder_pan.pos=-7.58 shoulder_lift.pos=-101.93 elbow_flex.pos=+88.97 wrist_flex.pos=+74.72 wrist_roll.pos=-0.38 gripper.pos=+1.10
DEBUG 2026-08-19 04:35:20 [action #14] t=1.27s step=13 queue=37 dmax=1.127 | shoulder_pan.pos=-8.11 shoulder_lift.pos=-101.62 elbow_flex.pos=+87.85 wrist_flex.pos=+74.65 wrist_roll.pos=-0.26 gripper.pos=+0.99
DEBUG 2026-08-19 04:35:20 [action #15] t=1.30s step=14 queue=36 dmax=0.751 | shoulder_pan.pos=-8.06 shoulder_lift.pos=-102.19 elbow_flex.pos=+88.60 wrist_flex.pos=+74.69 wrist_roll.pos=-0.37 gripper.pos=+1.03
DEBUG 2026-08-19 04:35:20 [action #16] t=1.34s step=15 queue=35 dmax=0.285 | shoulder_pan.pos=-8.23 shoulder_lift.pos=-102.13 elbow_flex.pos=+88.88 wrist_flex.pos=+74.60 wrist_roll.pos=-0.31 gripper.pos=+1.18
DEBUG 2026-08-19 04:35:20 [action #17] t=1.37s step=16 queue=34 dmax=0.571 | shoulder_pan.pos=-8.20 shoulder_lift.pos=-102.16 elbow_flex.pos=+88.31 wrist_flex.pos=+74.48 wrist_roll.pos=-0.30 gripper.pos=+1.12
DEBUG 2026-08-19 04:35:20 [action #18] t=1.40s step=17 queue=33 dmax=0.865 | shoulder_pan.pos=-8.12 shoulder_lift.pos=-102.07 elbow_flex.pos=+89.18 wrist_flex.pos=+74.20 wrist_roll.pos=-0.31 gripper.pos=+1.07
DEBUG 2026-08-19 04:35:20 [action #19] t=1.44s step=18 queue=32 dmax=0.562 | shoulder_pan.pos=-8.15 shoulder_lift.pos=-102.52 elbow_flex.pos=+88.61 wrist_flex.pos=+74.13 wrist_roll.pos=-0.33 gripper.pos=+1.03
DEBUG 2026-08-19 04:35:20 [action #20] t=1.47s step=19 queue=31 dmax=0.533 | shoulder_pan.pos=-8.36 shoulder_lift.pos=-102.04 elbow_flex.pos=+88.08 wrist_flex.pos=+73.83 wrist_roll.pos=-0.26 gripper.pos=+1.06
DEBUG 2026-08-19 04:35:21 [action #21] t=1.50s step=20 queue=30 dmax=0.944 | shoulder_pan.pos=-8.52 shoulder_lift.pos=-102.30 elbow_flex.pos=+89.02 wrist_flex.pos=+73.62 wrist_roll.pos=-0.35 gripper.pos=+1.08
DEBUG 2026-08-19 04:35:21 [action #22] t=1.54s step=21 queue=29 dmax=0.275 | shoulder_pan.pos=-8.45 shoulder_lift.pos=-102.32 elbow_flex.pos=+88.98 wrist_flex.pos=+73.34 wrist_roll.pos=-0.28 gripper.pos=+1.13
DEBUG 2026-08-19 04:35:21 [action #23] t=1.57s step=22 queue=28 dmax=0.527 | shoulder_pan.pos=-8.63 shoulder_lift.pos=-101.80 elbow_flex.pos=+88.49 wrist_flex.pos=+72.83 wrist_roll.pos=-0.22 gripper.pos=+1.02
DEBUG 2026-08-19 04:35:21 [action #24] t=1.61s step=23 queue=27 dmax=0.623 | shoulder_pan.pos=-8.56 shoulder_lift.pos=-102.20 elbow_flex.pos=+87.87 wrist_flex.pos=+72.74 wrist_roll.pos=-0.25 gripper.pos=+1.13
DEBUG 2026-08-19 04:35:21 [action #25] t=1.64s step=24 queue=26 dmax=0.470 | shoulder_pan.pos=-8.54 shoulder_lift.pos=-102.56 elbow_flex.pos=+88.31 wrist_flex.pos=+72.27 wrist_roll.pos=-0.27 gripper.pos=+1.08
DEBUG 2026-08-19 04:35:21 [action #26] t=1.67s step=25 queue=25 dmax=0.481 | shoulder_pan.pos=-8.32 shoulder_lift.pos=-102.08 elbow_flex.pos=+88.20 wrist_flex.pos=+71.93 wrist_roll.pos=-0.27 gripper.pos=+1.18
DEBUG 2026-08-19 04:35:21 [action #27] t=1.71s step=26 queue=24 dmax=0.843 | shoulder_pan.pos=-8.03 shoulder_lift.pos=-101.93 elbow_flex.pos=+88.18 wrist_flex.pos=+71.08 wrist_roll.pos=-0.26 gripper.pos=+1.15
DEBUG 2026-08-19 04:35:21 [action #28] t=1.74s step=27 queue=23 dmax=0.378 | shoulder_pan.pos=-7.99 shoulder_lift.pos=-102.14 elbow_flex.pos=+88.29 wrist_flex.pos=+70.71 wrist_roll.pos=-0.18 gripper.pos=+1.10
DEBUG 2026-08-19 04:35:21 [action #29] t=1.77s step=28 queue=22 dmax=0.786 | shoulder_pan.pos=-7.90 shoulder_lift.pos=-102.45 elbow_flex.pos=+88.34 wrist_flex.pos=+69.92 wrist_roll.pos=-0.22 gripper.pos=+1.17
DEBUG 2026-08-19 04:35:21 [action #30] t=1.81s step=29 queue=21 dmax=0.687 | shoulder_pan.pos=-7.93 shoulder_lift.pos=-102.18 elbow_flex.pos=+88.56 wrist_flex.pos=+69.23 wrist_roll.pos=-0.19 gripper.pos=+1.14
DEBUG 2026-08-19 04:35:21 [action #31] t=1.84s step=30 queue=20 dmax=0.573 | shoulder_pan.pos=-7.87 shoulder_lift.pos=-102.08 elbow_flex.pos=+88.67 wrist_flex.pos=+68.66 wrist_roll.pos=-0.21 gripper.pos=+1.18
DEBUG 2026-08-19 04:35:21 [action #32] t=1.87s step=31 queue=19 dmax=0.826 | shoulder_pan.pos=-7.99 shoulder_lift.pos=-102.36 elbow_flex.pos=+87.84 wrist_flex.pos=+68.23 wrist_roll.pos=-0.30 gripper.pos=+1.17
DEBUG 2026-08-19 04:35:21 [action #33] t=1.91s step=32 queue=18 dmax=0.415 | shoulder_pan.pos=-8.03 shoulder_lift.pos=-102.11 elbow_flex.pos=+88.26 wrist_flex.pos=+67.83 wrist_roll.pos=-0.23 gripper.pos=+1.17
DEBUG 2026-08-19 04:35:21 [action #34] t=1.94s step=33 queue=17 dmax=0.277 | shoulder_pan.pos=-8.12 shoulder_lift.pos=-102.27 elbow_flex.pos=+87.98 wrist_flex.pos=+67.73 wrist_roll.pos=-0.25 gripper.pos=+1.18
DEBUG 2026-08-19 04:35:21 [action #35] t=1.97s step=34 queue=16 dmax=0.239 | shoulder_pan.pos=-8.36 shoulder_lift.pos=-102.31 elbow_flex.pos=+88.19 wrist_flex.pos=+67.63 wrist_roll.pos=-0.24 gripper.pos=+1.10
DEBUG 2026-08-19 04:35:21 [action #36] t=2.01s step=35 queue=15 dmax=1.455 | shoulder_pan.pos=-8.48 shoulder_lift.pos=-102.18 elbow_flex.pos=+86.73 wrist_flex.pos=+67.71 wrist_roll.pos=-0.32 gripper.pos=+1.10
DEBUG 2026-08-19 04:35:21 [action #37] t=2.04s step=36 queue=14 dmax=0.880 | shoulder_pan.pos=-8.62 shoulder_lift.pos=-102.25 elbow_flex.pos=+87.61 wrist_flex.pos=+67.46 wrist_roll.pos=-0.25 gripper.pos=+1.20
DEBUG 2026-08-19 04:35:21 [action #38] t=2.07s step=37 queue=13 dmax=0.273 | shoulder_pan.pos=-8.52 shoulder_lift.pos=-102.30 elbow_flex.pos=+87.37 wrist_flex.pos=+67.74 wrist_roll.pos=-0.20 gripper.pos=+1.22
DEBUG 2026-08-19 04:35:21 [action #39] t=2.11s step=38 queue=12 dmax=0.668 | shoulder_pan.pos=-8.71 shoulder_lift.pos=-102.19 elbow_flex.pos=+86.70 wrist_flex.pos=+67.68 wrist_roll.pos=-0.26 gripper.pos=+1.07
DEBUG 2026-08-19 04:35:21 [action #40] t=2.14s step=39 queue=11 dmax=0.269 | shoulder_pan.pos=-8.51 shoulder_lift.pos=-102.25 elbow_flex.pos=+86.90 wrist_flex.pos=+67.95 wrist_roll.pos=-0.40 gripper.pos=+1.11
DEBUG 2026-08-19 04:35:21 [action #41] t=2.17s step=40 queue=10 dmax=0.357 | shoulder_pan.pos=-8.70 shoulder_lift.pos=-102.61 elbow_flex.pos=+86.55 wrist_flex.pos=+67.96 wrist_roll.pos=-0.48 gripper.pos=+1.06
DEBUG 2026-08-19 04:35:21 [action #42] t=2.21s step=41 queue=9 dmax=0.484 | shoulder_pan.pos=-8.57 shoulder_lift.pos=-103.09 elbow_flex.pos=+86.29 wrist_flex.pos=+68.01 wrist_roll.pos=-0.64 gripper.pos=+1.03
DEBUG 2026-08-19 04:35:21 [action #43] t=2.24s step=42 queue=8 dmax=0.828 | shoulder_pan.pos=-8.57 shoulder_lift.pos=-102.42 elbow_flex.pos=+85.46 wrist_flex.pos=+68.22 wrist_roll.pos=-0.58 gripper.pos=+1.12
DEBUG 2026-08-19 04:35:21 [action #44] t=2.27s step=43 queue=7 dmax=0.566 | shoulder_pan.pos=-8.46 shoulder_lift.pos=-101.85 elbow_flex.pos=+85.16 wrist_flex.pos=+68.17 wrist_roll.pos=-0.77 gripper.pos=+1.03
DEBUG 2026-08-19 04:35:21 [action #45] t=2.31s step=44 queue=6 dmax=0.575 | shoulder_pan.pos=-8.46 shoulder_lift.pos=-102.43 elbow_flex.pos=+85.05 wrist_flex.pos=+68.16 wrist_roll.pos=-0.87 gripper.pos=+1.04
DEBUG 2026-08-19 04:35:21 [chunk] received 50 actions, timesteps 18..67 | first: shoulder_pan.pos=-8.42 shoulder_lift.pos=-101.79 elbow_flex.pos=+88.20 wrist_flex.pos=+76.23 wrist_roll.pos=-0.29 gripper.pos=+1.05 | last: shoulder_pan.pos=-9.91 shoulder_lift.pos=-101.10 elbow_flex.pos=+84.52 wrist_flex.pos=+63.83 wrist_roll.pos=-1.15 gripper.pos=+0.79
DEBUG 2026-08-19 04:35:21 [action #46] t=2.34s step=45 queue=23 dmax=1.891 | shoulder_pan.pos=-8.90 shoulder_lift.pos=-102.34 elbow_flex.pos=+86.94 wrist_flex.pos=+68.74 wrist_roll.pos=-0.48 gripper.pos=+0.91
DEBUG 2026-08-19 04:35:21 [action #47] t=2.37s step=46 queue=22 dmax=0.115 | shoulder_pan.pos=-9.00 shoulder_lift.pos=-102.37 elbow_flex.pos=+87.03 wrist_flex.pos=+68.63 wrist_roll.pos=-0.54 gripper.pos=+0.93
DEBUG 2026-08-19 04:35:21 [action #48] t=2.41s step=47 queue=21 dmax=0.574 | shoulder_pan.pos=-9.10 shoulder_lift.pos=-101.80 elbow_flex.pos=+86.83 wrist_flex.pos=+68.53 wrist_roll.pos=-0.54 gripper.pos=+0.90
DEBUG 2026-08-19 04:35:21 [action #49] t=2.44s step=48 queue=20 dmax=0.420 | shoulder_pan.pos=-9.09 shoulder_lift.pos=-102.08 elbow_flex.pos=+86.41 wrist_flex.pos=+68.33 wrist_roll.pos=-0.58 gripper.pos=+0.93
DEBUG 2026-08-19 04:35:21 [action #50] t=2.47s step=49 queue=19 dmax=0.268 | shoulder_pan.pos=-9.35 shoulder_lift.pos=-101.98 elbow_flex.pos=+86.58 wrist_flex.pos=+68.06 wrist_roll.pos=-0.58 gripper.pos=+0.95
DEBUG 2026-08-19 04:35:22 [action #51] t=2.51s step=50 queue=18 dmax=0.344 | shoulder_pan.pos=-9.55 shoulder_lift.pos=-101.64 elbow_flex.pos=+86.91 wrist_flex.pos=+68.25 wrist_roll.pos=-0.36 gripper.pos=+0.85
DEBUG 2026-08-19 04:35:22 [action #52] t=2.54s step=51 queue=17 dmax=0.258 | shoulder_pan.pos=-9.30 shoulder_lift.pos=-101.69 elbow_flex.pos=+87.08 wrist_flex.pos=+68.24 wrist_roll.pos=-0.26 gripper.pos=+0.90
DEBUG 2026-08-19 04:35:22 [action #53] t=2.57s step=52 queue=16 dmax=0.267 | shoulder_pan.pos=-9.55 shoulder_lift.pos=-101.91 elbow_flex.pos=+86.85 wrist_flex.pos=+67.98 wrist_roll.pos=-0.24 gripper.pos=+0.79
DEBUG 2026-08-19 04:35:22 [action #54] t=2.61s step=53 queue=15 dmax=0.166 | shoulder_pan.pos=-9.48 shoulder_lift.pos=-101.75 elbow_flex.pos=+86.76 wrist_flex.pos=+67.87 wrist_roll.pos=-0.26 gripper.pos=+0.90
DEBUG 2026-08-19 04:35:22 [action #55] t=2.64s step=54 queue=14 dmax=0.191 | shoulder_pan.pos=-9.49 shoulder_lift.pos=-101.87 elbow_flex.pos=+86.65 wrist_flex.pos=+67.68 wrist_roll.pos=-0.27 gripper.pos=+0.84
DEBUG 2026-08-19 04:35:22 [action #56] t=2.68s step=55 queue=13 dmax=0.215 | shoulder_pan.pos=-9.64 shoulder_lift.pos=-101.82 elbow_flex.pos=+86.43 wrist_flex.pos=+67.52 wrist_roll.pos=-0.26 gripper.pos=+0.79
DEBUG 2026-08-19 04:35:22 [action #57] t=2.71s step=56 queue=12 dmax=0.410 | shoulder_pan.pos=-9.62 shoulder_lift.pos=-101.49 elbow_flex.pos=+86.49 wrist_flex.pos=+67.11 wrist_roll.pos=-0.26 gripper.pos=+0.77
DEBUG 2026-08-19 04:35:22 [action #58] t=2.74s step=57 queue=11 dmax=0.553 | shoulder_pan.pos=-9.77 shoulder_lift.pos=-101.46 elbow_flex.pos=+85.94 wrist_flex.pos=+66.75 wrist_roll.pos=-0.29 gripper.pos=+0.85
DEBUG 2026-08-19 04:35:22 [action #59] t=2.78s step=58 queue=10 dmax=0.646 | shoulder_pan.pos=-9.50 shoulder_lift.pos=-101.65 elbow_flex.pos=+85.88 wrist_flex.pos=+66.10 wrist_roll.pos=-0.37 gripper.pos=+0.78
DEBUG 2026-08-19 04:35:22 [action #60] t=2.81s step=59 queue=9 dmax=0.362 | shoulder_pan.pos=-9.68 shoulder_lift.pos=-101.54 elbow_flex.pos=+85.51 wrist_flex.pos=+65.78 wrist_roll.pos=-0.44 gripper.pos=+0.79
DEBUG 2026-08-19 04:35:22 [action #61] t=2.84s step=60 queue=8 dmax=0.302 | shoulder_pan.pos=-9.64 shoulder_lift.pos=-101.35 elbow_flex.pos=+85.42 wrist_flex.pos=+65.48 wrist_roll.pos=-0.59 gripper.pos=+0.89
DEBUG 2026-08-19 04:35:22 [action #62] t=2.88s step=61 queue=7 dmax=0.354 | shoulder_pan.pos=-9.71 shoulder_lift.pos=-101.71 elbow_flex.pos=+85.57 wrist_flex.pos=+65.20 wrist_roll.pos=-0.57 gripper.pos=+0.91
DEBUG 2026-08-19 04:35:22 [action #63] t=2.91s step=62 queue=6 dmax=0.321 | shoulder_pan.pos=-9.65 shoulder_lift.pos=-101.43 elbow_flex.pos=+85.25 wrist_flex.pos=+64.96 wrist_roll.pos=-0.71 gripper.pos=+0.78
DEBUG 2026-08-19 04:35:22 [action #64] t=2.94s step=63 queue=5 dmax=0.110 | shoulder_pan.pos=-9.63 shoulder_lift.pos=-101.39 elbow_flex.pos=+85.20 wrist_flex.pos=+64.92 wrist_roll.pos=-0.82 gripper.pos=+0.81
DEBUG 2026-08-19 04:35:22 [action #65] t=2.98s step=64 queue=4 dmax=0.406 | shoulder_pan.pos=-9.74 shoulder_lift.pos=-101.42 elbow_flex.pos=+85.07 wrist_flex.pos=+64.51 wrist_roll.pos=-0.95 gripper.pos=+0.76
DEBUG 2026-08-19 04:35:22 [action #66] t=3.01s step=65 queue=3 dmax=0.453 | shoulder_pan.pos=-9.64 shoulder_lift.pos=-101.21 elbow_flex.pos=+84.62 wrist_flex.pos=+64.39 wrist_roll.pos=-1.06 gripper.pos=+0.85
DEBUG 2026-08-19 04:35:22 [action #67] t=3.04s step=66 queue=2 dmax=0.454 | shoulder_pan.pos=-10.09 shoulder_lift.pos=-101.14 elbow_flex.pos=+84.70 wrist_flex.pos=+64.30 wrist_roll.pos=-1.06 gripper.pos=+0.89
DEBUG 2026-08-19 04:35:22 [chunk] received 50 actions, timesteps 44..93 | first: shoulder_pan.pos=-8.09 shoulder_lift.pos=-101.69 elbow_flex.pos=+87.96 wrist_flex.pos=+70.25 wrist_roll.pos=-0.01 gripper.pos=+1.03 | last: shoulder_pan.pos=-12.70 shoulder_lift.pos=-102.94 elbow_flex.pos=+85.99 wrist_flex.pos=+70.80 wrist_roll.pos=+0.24 gripper.pos=+0.82
DEBUG 2026-08-19 04:35:22 [action #68] t=3.08s step=67 queue=27 dmax=4.355 | shoulder_pan.pos=-10.70 shoulder_lift.pos=-102.44 elbow_flex.pos=+86.55 wrist_flex.pos=+68.65 wrist_roll.pos=-0.16 gripper.pos=+0.79
DEBUG 2026-08-19 04:35:22 [action #69] t=3.11s step=68 queue=26 dmax=1.858 | shoulder_pan.pos=-11.15 shoulder_lift.pos=-102.82 elbow_flex.pos=+87.27 wrist_flex.pos=+70.51 wrist_roll.pos=+0.21 gripper.pos=+0.76
DEBUG 2026-08-19 04:35:22 [action #70] t=3.14s step=69 queue=25 dmax=0.364 | shoulder_pan.pos=-10.79 shoulder_lift.pos=-102.63 elbow_flex.pos=+87.31 wrist_flex.pos=+70.48 wrist_roll.pos=+0.26 gripper.pos=+0.73
DEBUG 2026-08-19 04:35:22 [action #71] t=3.18s step=70 queue=24 dmax=0.262 | shoulder_pan.pos=-11.05 shoulder_lift.pos=-102.66 elbow_flex.pos=+87.30 wrist_flex.pos=+70.55 wrist_roll.pos=+0.21 gripper.pos=+0.75
DEBUG 2026-08-19 04:35:22 [action #72] t=3.21s step=71 queue=23 dmax=0.214 | shoulder_pan.pos=-10.97 shoulder_lift.pos=-102.49 elbow_flex.pos=+87.51 wrist_flex.pos=+70.50 wrist_roll.pos=+0.25 gripper.pos=+0.76
DEBUG 2026-08-19 04:35:22 [action #73] t=3.24s step=72 queue=22 dmax=0.366 | shoulder_pan.pos=-11.24 shoulder_lift.pos=-102.44 elbow_flex.pos=+87.15 wrist_flex.pos=+70.44 wrist_roll.pos=+0.24 gripper.pos=+0.71
DEBUG 2026-08-19 04:35:22 [action #74] t=3.28s step=73 queue=21 dmax=0.476 | shoulder_pan.pos=-11.49 shoulder_lift.pos=-102.55 elbow_flex.pos=+86.67 wrist_flex.pos=+70.48 wrist_roll.pos=+0.27 gripper.pos=+0.80
DEBUG 2026-08-19 04:35:22 [action #75] t=3.31s step=74 queue=20 dmax=0.443 | shoulder_pan.pos=-11.53 shoulder_lift.pos=-102.27 elbow_flex.pos=+87.12 wrist_flex.pos=+70.57 wrist_roll.pos=+0.16 gripper.pos=+0.79
DEBUG 2026-08-19 04:35:22 [action #76] t=3.34s step=75 queue=19 dmax=0.326 | shoulder_pan.pos=-11.86 shoulder_lift.pos=-102.44 elbow_flex.pos=+86.96 wrist_flex.pos=+70.55 wrist_roll.pos=+0.22 gripper.pos=+0.76
DEBUG 2026-08-19 04:35:22 [action #77] t=3.38s step=76 queue=18 dmax=0.539 | shoulder_pan.pos=-11.81 shoulder_lift.pos=-102.98 elbow_flex.pos=+86.94 wrist_flex.pos=+70.45 wrist_roll.pos=+0.28 gripper.pos=+0.85
DEBUG 2026-08-19 04:35:22 [action #78] t=3.41s step=77 queue=17 dmax=0.433 | shoulder_pan.pos=-12.24 shoulder_lift.pos=-102.59 elbow_flex.pos=+87.25 wrist_flex.pos=+70.45 wrist_roll.pos=+0.13 gripper.pos=+0.76
DEBUG 2026-08-19 04:35:22 [action #79] t=3.44s step=78 queue=16 dmax=0.581 | shoulder_pan.pos=-12.43 shoulder_lift.pos=-102.63 elbow_flex.pos=+86.67 wrist_flex.pos=+70.39 wrist_roll.pos=+0.23 gripper.pos=+0.81
DEBUG 2026-08-19 04:35:22 [action #80] t=3.48s step=79 queue=15 dmax=0.717 | shoulder_pan.pos=-12.72 shoulder_lift.pos=-102.66 elbow_flex.pos=+87.38 wrist_flex.pos=+70.54 wrist_roll.pos=+0.20 gripper.pos=+0.88
DEBUG 2026-08-19 04:35:23 [action #81] t=3.51s step=80 queue=14 dmax=0.334 | shoulder_pan.pos=-12.88 shoulder_lift.pos=-102.80 elbow_flex.pos=+87.05 wrist_flex.pos=+70.48 wrist_roll.pos=+0.24 gripper.pos=+0.80
DEBUG 2026-08-19 04:35:23 [action #82] t=3.54s step=81 queue=13 dmax=0.308 | shoulder_pan.pos=-12.81 shoulder_lift.pos=-102.83 elbow_flex.pos=+86.74 wrist_flex.pos=+70.61 wrist_roll.pos=+0.27 gripper.pos=+0.78
DEBUG 2026-08-19 04:35:23 [action #83] t=3.58s step=82 queue=12 dmax=0.230 | shoulder_pan.pos=-12.75 shoulder_lift.pos=-102.60 elbow_flex.pos=+86.76 wrist_flex.pos=+70.71 wrist_roll.pos=+0.23 gripper.pos=+0.79
DEBUG 2026-08-19 04:35:23 [action #84] t=3.61s step=83 queue=11 dmax=0.100 | shoulder_pan.pos=-12.84 shoulder_lift.pos=-102.70 elbow_flex.pos=+86.67 wrist_flex.pos=+70.64 wrist_roll.pos=+0.16 gripper.pos=+0.79
DEBUG 2026-08-19 04:35:23 [action #85] t=3.65s step=84 queue=10 dmax=0.142 | shoulder_pan.pos=-12.86 shoulder_lift.pos=-102.61 elbow_flex.pos=+86.55 wrist_flex.pos=+70.75 wrist_roll.pos=+0.31 gripper.pos=+0.85
DEBUG 2026-08-19 04:35:23 [action #86] t=3.68s step=85 queue=9 dmax=0.540 | shoulder_pan.pos=-12.77 shoulder_lift.pos=-103.15 elbow_flex.pos=+86.45 wrist_flex.pos=+70.62 wrist_roll.pos=+0.23 gripper.pos=+0.73
DEBUG 2026-08-19 04:35:23 [action #87] t=3.71s step=86 queue=8 dmax=0.558 | shoulder_pan.pos=-12.86 shoulder_lift.pos=-102.59 elbow_flex.pos=+86.62 wrist_flex.pos=+70.77 wrist_roll.pos=+0.36 gripper.pos=+0.79
DEBUG 2026-08-19 04:35:23 [action #88] t=3.75s step=87 queue=7 dmax=0.334 | shoulder_pan.pos=-12.85 shoulder_lift.pos=-102.92 elbow_flex.pos=+86.38 wrist_flex.pos=+70.73 wrist_roll.pos=+0.25 gripper.pos=+0.75
DEBUG 2026-08-19 04:35:23 [action #89] t=3.78s step=88 queue=6 dmax=0.108 | shoulder_pan.pos=-12.95 shoulder_lift.pos=-102.87 elbow_flex.pos=+86.33 wrist_flex.pos=+70.65 wrist_roll.pos=+0.14 gripper.pos=+0.82
DEBUG 2026-08-19 04:35:23 [action #90] t=3.81s step=89 queue=5 dmax=0.230 | shoulder_pan.pos=-12.72 shoulder_lift.pos=-102.91 elbow_flex.pos=+86.44 wrist_flex.pos=+70.70 wrist_roll.pos=+0.21 gripper.pos=+0.76
DEBUG 2026-08-19 04:35:23 [action #91] t=3.85s step=90 queue=4 dmax=0.179 | shoulder_pan.pos=-12.79 shoulder_lift.pos=-102.73 elbow_flex.pos=+86.48 wrist_flex.pos=+70.65 wrist_roll.pos=+0.18 gripper.pos=+0.75
DEBUG 2026-08-19 04:35:23 [action #92] t=3.88s step=91 queue=3 dmax=0.282 | shoulder_pan.pos=-12.81 shoulder_lift.pos=-103.01 elbow_flex.pos=+86.44 wrist_flex.pos=+70.63 wrist_roll.pos=+0.23 gripper.pos=+0.80
DEBUG 2026-08-19 04:35:23 [action #93] t=3.91s step=92 queue=2 dmax=0.170 | shoulder_pan.pos=-12.88 shoulder_lift.pos=-103.04 elbow_flex.pos=+86.27 wrist_flex.pos=+70.73 wrist_roll.pos=+0.19 gripper.pos=+0.75
DEBUG 2026-08-19 04:35:23 [action #94] t=3.95s step=93 queue=1 dmax=0.279 | shoulder_pan.pos=-12.70 shoulder_lift.pos=-102.94 elbow_flex.pos=+85.99 wrist_flex.pos=+70.80 wrist_roll.pos=+0.24 gripper.pos=+0.82
DEBUG 2026-08-19 04:35:23 [chunk] received 50 actions, timesteps 66..115 | first: shoulder_pan.pos=-9.67 shoulder_lift.pos=-101.26 elbow_flex.pos=+87.14 wrist_flex.pos=+66.22 wrist_roll.pos=-0.19 gripper.pos=+0.86 | last: shoulder_pan.pos=-10.32 shoulder_lift.pos=-62.29 elbow_flex.pos=+60.02 wrist_flex.pos=+58.87 wrist_roll.pos=-1.96 gripper.pos=+0.70
DEBUG 2026-08-19 04:35:23 [action #95] t=3.98s step=94 queue=22 dmax=8.391 | shoulder_pan.pos=-11.80 shoulder_lift.pos=-94.55 elbow_flex.pos=+78.30 wrist_flex.pos=+69.32 wrist_roll.pos=-1.00 gripper.pos=+0.73
DEBUG 2026-08-19 04:35:23 [action #96] t=4.01s step=95 queue=21 dmax=1.654 | shoulder_pan.pos=-11.48 shoulder_lift.pos=-92.90 elbow_flex.pos=+77.61 wrist_flex.pos=+69.01 wrist_roll.pos=-1.07 gripper.pos=+0.89
DEBUG 2026-08-19 04:35:23 [action #97] t=4.05s step=96 queue=20 dmax=1.832 | shoulder_pan.pos=-11.67 shoulder_lift.pos=-91.07 elbow_flex.pos=+76.37 wrist_flex.pos=+68.69 wrist_roll.pos=-1.02 gripper.pos=+0.66
DEBUG 2026-08-19 04:35:23 [action #98] t=4.08s step=97 queue=19 dmax=1.359 | shoulder_pan.pos=-11.42 shoulder_lift.pos=-89.71 elbow_flex.pos=+75.45 wrist_flex.pos=+68.21 wrist_roll.pos=-1.09 gripper.pos=+0.66
DEBUG 2026-08-19 04:35:23 [action #99] t=4.11s step=98 queue=18 dmax=2.320 | shoulder_pan.pos=-11.48 shoulder_lift.pos=-87.39 elbow_flex.pos=+73.95 wrist_flex.pos=+67.73 wrist_roll.pos=-1.05 gripper.pos=+0.58
DEBUG 2026-08-19 04:35:23 [action #100] t=4.15s step=99 queue=17 dmax=2.795 | shoulder_pan.pos=-11.29 shoulder_lift.pos=-84.59 elbow_flex.pos=+72.33 wrist_flex.pos=+67.29 wrist_roll.pos=-1.11 gripper.pos=+0.67
DEBUG 2026-08-19 04:35:23 [action #101] t=4.18s step=100 queue=16 dmax=2.465 | shoulder_pan.pos=-11.34 shoulder_lift.pos=-82.13 elbow_flex.pos=+71.10 wrist_flex.pos=+66.93 wrist_roll.pos=-1.20 gripper.pos=+0.73
DEBUG 2026-08-19 04:35:23 [action #102] t=4.21s step=101 queue=15 dmax=2.312 | shoulder_pan.pos=-11.21 shoulder_lift.pos=-79.81 elbow_flex.pos=+70.05 wrist_flex.pos=+66.26 wrist_roll.pos=-1.16 gripper.pos=+0.68
DEBUG 2026-08-19 04:35:23 [action #103] t=4.25s step=102 queue=14 dmax=1.943 | shoulder_pan.pos=-11.07 shoulder_lift.pos=-77.87 elbow_flex.pos=+68.21 wrist_flex.pos=+65.46 wrist_roll.pos=-1.10 gripper.pos=+0.73
DEBUG 2026-08-19 04:35:23 [action #104] t=4.28s step=103 queue=13 dmax=2.200 | shoulder_pan.pos=-11.04 shoulder_lift.pos=-75.67 elbow_flex.pos=+67.60 wrist_flex.pos=+64.48 wrist_roll.pos=-1.17 gripper.pos=+0.73
DEBUG 2026-08-19 04:35:23 [action #105] t=4.31s step=104 queue=12 dmax=1.710 | shoulder_pan.pos=-11.30 shoulder_lift.pos=-73.96 elbow_flex.pos=+66.31 wrist_flex.pos=+63.68 wrist_roll.pos=-1.20 gripper.pos=+0.86
DEBUG 2026-08-19 04:35:23 [action #106] t=4.35s step=105 queue=11 dmax=1.998 | shoulder_pan.pos=-10.99 shoulder_lift.pos=-71.96 elbow_flex.pos=+65.71 wrist_flex.pos=+62.93 wrist_roll.pos=-1.24 gripper.pos=+0.75
DEBUG 2026-08-19 04:35:23 [action #107] t=4.38s step=106 queue=10 dmax=0.827 | shoulder_pan.pos=-11.05 shoulder_lift.pos=-71.14 elbow_flex.pos=+65.28 wrist_flex.pos=+62.24 wrist_roll.pos=-1.29 gripper.pos=+0.76
DEBUG 2026-08-19 04:35:23 [action #108] t=4.41s step=107 queue=9 dmax=1.252 | shoulder_pan.pos=-11.05 shoulder_lift.pos=-69.88 elbow_flex.pos=+64.21 wrist_flex.pos=+61.60 wrist_roll.pos=-1.51 gripper.pos=+0.72
DEBUG 2026-08-19 04:35:23 [action #109] t=4.45s step=108 queue=8 dmax=0.908 | shoulder_pan.pos=-10.77 shoulder_lift.pos=-68.98 elbow_flex.pos=+63.62 wrist_flex.pos=+60.87 wrist_roll.pos=-1.62 gripper.pos=+0.61
DEBUG 2026-08-19 04:35:23 [action #110] t=4.48s step=109 queue=7 dmax=1.186 | shoulder_pan.pos=-10.52 shoulder_lift.pos=-67.79 elbow_flex.pos=+62.56 wrist_flex.pos=+60.54 wrist_roll.pos=-1.76 gripper.pos=+0.66
DEBUG 2026-08-19 04:35:24 [action #111] t=4.51s step=110 queue=6 dmax=0.713 | shoulder_pan.pos=-10.69 shoulder_lift.pos=-67.08 elbow_flex.pos=+61.97 wrist_flex.pos=+60.01 wrist_roll.pos=-1.81 gripper.pos=+0.87
DEBUG 2026-08-19 04:35:24 [action #112] t=4.55s step=111 queue=5 dmax=1.612 | shoulder_pan.pos=-10.48 shoulder_lift.pos=-65.46 elbow_flex.pos=+61.85 wrist_flex.pos=+59.87 wrist_roll.pos=-1.93 gripper.pos=+0.99
DEBUG 2026-08-19 04:35:24 [action #113] t=4.58s step=112 queue=4 dmax=1.062 | shoulder_pan.pos=-10.24 shoulder_lift.pos=-64.94 elbow_flex.pos=+60.79 wrist_flex.pos=+59.39 wrist_roll.pos=-1.88 gripper.pos=+0.71
DEBUG 2026-08-19 04:35:24 [action #114] t=4.62s step=113 queue=3 dmax=0.349 | shoulder_pan.pos=-10.17 shoulder_lift.pos=-64.60 elbow_flex.pos=+60.78 wrist_flex.pos=+59.21 wrist_roll.pos=-1.84 gripper.pos=+0.78
DEBUG 2026-08-19 04:35:24 [action #115] t=4.65s step=114 queue=2 dmax=1.698 | shoulder_pan.pos=-10.17 shoulder_lift.pos=-62.90 elbow_flex.pos=+60.21 wrist_flex.pos=+58.95 wrist_roll.pos=-1.86 gripper.pos=+0.69
DEBUG 2026-08-19 04:35:24 [action #116] t=4.68s step=115 queue=1 dmax=0.612 | shoulder_pan.pos=-10.32 shoulder_lift.pos=-62.29 elbow_flex.pos=+60.02 wrist_flex.pos=+58.87 wrist_roll.pos=-1.96 gripper.pos=+0.70
DEBUG 2026-08-19 04:35:24 [chunk] received 50 actions, timesteps 93..142 | first: shoulder_pan.pos=-13.07 shoulder_lift.pos=-101.42 elbow_flex.pos=+87.86 wrist_flex.pos=+69.17 wrist_roll.pos=+0.23 gripper.pos=+1.45 | last: shoulder_pan.pos=-10.25 shoulder_lift.pos=-76.76 elbow_flex.pos=+69.92 wrist_flex.pos=+57.28 wrist_roll.pos=-1.60 gripper.pos=+1.24
DEBUG 2026-08-19 04:35:24 [action #117] t=4.78s step=116 queue=27 dmax=38.226 | shoulder_pan.pos=-10.84 shoulder_lift.pos=-100.51 elbow_flex.pos=+85.01 wrist_flex.pos=+66.57 wrist_roll.pos=+0.42 gripper.pos=+1.28
DEBUG 2026-08-19 04:35:24 [action #118] t=4.82s step=117 queue=26 dmax=0.865 | shoulder_pan.pos=-10.85 shoulder_lift.pos=-101.38 elbow_flex.pos=+84.84 wrist_flex.pos=+66.33 wrist_roll.pos=+0.54 gripper.pos=+1.04
DEBUG 2026-08-19 04:35:24 [action #119] t=4.85s step=118 queue=25 dmax=0.997 | shoulder_pan.pos=-11.03 shoulder_lift.pos=-100.64 elbow_flex.pos=+83.85 wrist_flex.pos=+66.49 wrist_roll.pos=+0.51 gripper.pos=+1.14
DEBUG 2026-08-19 04:35:24 [action #120] t=4.88s step=119 queue=24 dmax=0.557 | shoulder_pan.pos=-10.92 shoulder_lift.pos=-101.19 elbow_flex.pos=+84.26 wrist_flex.pos=+66.66 wrist_roll.pos=+0.64 gripper.pos=+1.10
DEBUG 2026-08-19 04:35:24 [action #121] t=4.92s step=120 queue=23 dmax=0.384 | shoulder_pan.pos=-11.04 shoulder_lift.pos=-101.27 elbow_flex.pos=+83.88 wrist_flex.pos=+66.55 wrist_roll.pos=+0.66 gripper.pos=+1.01
DEBUG 2026-08-19 04:35:24 [action #122] t=4.95s step=121 queue=22 dmax=0.452 | shoulder_pan.pos=-11.30 shoulder_lift.pos=-100.82 elbow_flex.pos=+83.80 wrist_flex.pos=+66.74 wrist_roll.pos=+0.60 gripper.pos=+1.03
DEBUG 2026-08-19 04:35:24 [action #123] t=4.98s step=122 queue=21 dmax=0.225 | shoulder_pan.pos=-11.07 shoulder_lift.pos=-100.60 elbow_flex.pos=+83.62 wrist_flex.pos=+66.82 wrist_roll.pos=+0.56 gripper.pos=+1.12
DEBUG 2026-08-19 04:35:24 [action #124] t=5.02s step=123 queue=20 dmax=0.529 | shoulder_pan.pos=-11.22 shoulder_lift.pos=-100.39 elbow_flex.pos=+83.09 wrist_flex.pos=+66.70 wrist_roll.pos=+0.54 gripper.pos=+1.02
DEBUG 2026-08-19 04:35:24 [action #125] t=5.05s step=124 queue=19 dmax=0.221 | shoulder_pan.pos=-11.34 shoulder_lift.pos=-100.41 elbow_flex.pos=+83.31 wrist_flex.pos=+66.69 wrist_roll.pos=+0.56 gripper.pos=+0.99
DEBUG 2026-08-19 04:35:24 [action #126] t=5.08s step=125 queue=18 dmax=0.156 | shoulder_pan.pos=-11.21 shoulder_lift.pos=-100.26 elbow_flex.pos=+83.37 wrist_flex.pos=+66.53 wrist_roll.pos=+0.67 gripper.pos=+1.09
DEBUG 2026-08-19 04:35:24 [action #127] t=5.12s step=126 queue=17 dmax=0.406 | shoulder_pan.pos=-11.16 shoulder_lift.pos=-100.03 elbow_flex.pos=+83.38 wrist_flex.pos=+66.13 wrist_roll.pos=+0.60 gripper.pos=+0.99
DEBUG 2026-08-19 04:35:24 [action #128] t=5.15s step=127 queue=16 dmax=0.521 | shoulder_pan.pos=-11.25 shoulder_lift.pos=-100.23 elbow_flex.pos=+82.86 wrist_flex.pos=+65.73 wrist_roll.pos=+0.61 gripper.pos=+1.29
DEBUG 2026-08-19 04:35:24 [action #129] t=5.18s step=128 queue=15 dmax=1.022 | shoulder_pan.pos=-11.37 shoulder_lift.pos=-99.20 elbow_flex.pos=+82.45 wrist_flex.pos=+65.56 wrist_roll.pos=+0.64 gripper.pos=+1.16
DEBUG 2026-08-19 04:35:24 [action #130] t=5.22s step=129 queue=14 dmax=0.795 | shoulder_pan.pos=-11.21 shoulder_lift.pos=-98.82 elbow_flex.pos=+81.66 wrist_flex.pos=+64.96 wrist_roll.pos=+0.58 gripper.pos=+1.21
DEBUG 2026-08-19 04:35:24 [action #131] t=5.25s step=130 queue=13 dmax=0.849 | shoulder_pan.pos=-11.34 shoulder_lift.pos=-97.97 elbow_flex.pos=+81.98 wrist_flex.pos=+64.40 wrist_roll.pos=+0.67 gripper.pos=+1.16
DEBUG 2026-08-19 04:35:24 [action #132] t=5.28s step=131 queue=12 dmax=0.849 | shoulder_pan.pos=-11.51 shoulder_lift.pos=-97.60 elbow_flex.pos=+81.42 wrist_flex.pos=+63.55 wrist_roll.pos=+0.66 gripper.pos=+1.07
DEBUG 2026-08-19 04:35:24 [action #133] t=5.32s step=132 queue=11 dmax=1.421 | shoulder_pan.pos=-11.54 shoulder_lift.pos=-96.18 elbow_flex.pos=+81.20 wrist_flex.pos=+62.94 wrist_roll.pos=+0.63 gripper.pos=+0.98
DEBUG 2026-08-19 04:35:24 [action #134] t=5.35s step=133 queue=10 dmax=1.483 | shoulder_pan.pos=-11.63 shoulder_lift.pos=-94.70 elbow_flex.pos=+80.53 wrist_flex.pos=+62.07 wrist_roll.pos=+0.38 gripper.pos=+1.04
DEBUG 2026-08-19 04:35:24 [action #135] t=5.38s step=134 queue=9 dmax=1.241 | shoulder_pan.pos=-11.30 shoulder_lift.pos=-93.46 elbow_flex.pos=+79.38 wrist_flex.pos=+61.14 wrist_roll.pos=+0.19 gripper.pos=+0.86
DEBUG 2026-08-19 04:35:24 [action #136] t=5.42s step=135 queue=8 dmax=1.403 | shoulder_pan.pos=-11.19 shoulder_lift.pos=-92.06 elbow_flex.pos=+78.65 wrist_flex.pos=+60.36 wrist_roll.pos=-0.34 gripper.pos=+0.85
DEBUG 2026-08-19 04:35:24 [action #137] t=5.45s step=136 queue=7 dmax=1.109 | shoulder_pan.pos=-11.25 shoulder_lift.pos=-90.95 elbow_flex.pos=+77.65 wrist_flex.pos=+59.88 wrist_roll.pos=-0.65 gripper.pos=+0.97
DEBUG 2026-08-19 04:35:24 [action #138] t=5.48s step=137 queue=6 dmax=2.843 | shoulder_pan.pos=-11.09 shoulder_lift.pos=-88.10 elbow_flex.pos=+76.76 wrist_flex.pos=+59.36 wrist_roll.pos=-0.95 gripper.pos=+1.02
DEBUG 2026-08-19 04:35:25 [action #139] t=5.52s step=138 queue=5 dmax=1.859 | shoulder_pan.pos=-10.92 shoulder_lift.pos=-86.24 elbow_flex.pos=+75.71 wrist_flex.pos=+58.69 wrist_roll.pos=-1.22 gripper.pos=+0.81
DEBUG 2026-08-19 04:35:25 [action #140] t=5.55s step=139 queue=4 dmax=2.972 | shoulder_pan.pos=-11.03 shoulder_lift.pos=-83.27 elbow_flex.pos=+73.76 wrist_flex.pos=+58.27 wrist_roll.pos=-1.43 gripper.pos=+0.93
DEBUG 2026-08-19 04:35:25 [action #141] t=5.59s step=140 queue=3 dmax=2.095 | shoulder_pan.pos=-10.51 shoulder_lift.pos=-81.18 elbow_flex.pos=+72.42 wrist_flex.pos=+57.73 wrist_roll.pos=-1.54 gripper.pos=+0.99
DEBUG 2026-08-19 04:35:25 [action #142] t=5.62s step=141 queue=2 dmax=2.615 | shoulder_pan.pos=-10.65 shoulder_lift.pos=-78.56 elbow_flex.pos=+70.77 wrist_flex.pos=+57.60 wrist_roll.pos=-1.61 gripper.pos=+1.36
DEBUG 2026-08-19 04:35:25 [action #143] t=5.65s step=142 queue=1 dmax=1.799 | shoulder_pan.pos=-10.25 shoulder_lift.pos=-76.76 elbow_flex.pos=+69.92 wrist_flex.pos=+57.28 wrist_roll.pos=-1.60 gripper.pos=+1.24
DEBUG 2026-08-19 04:35:25 [chunk] received 50 actions, timesteps 115..164 | first: shoulder_pan.pos=-10.67 shoulder_lift.pos=-60.93 elbow_flex.pos=+61.00 wrist_flex.pos=+56.12 wrist_roll.pos=-1.97 gripper.pos=+1.78 | last: shoulder_pan.pos=-12.72 shoulder_lift.pos=-3.27 elbow_flex.pos=+9.40 wrist_flex.pos=+69.36 wrist_roll.pos=-3.09 gripper.pos=+32.46
DEBUG 2026-08-19 04:35:25 [action #144] t=5.72s step=143 queue=22 dmax=51.119 | shoulder_pan.pos=-10.92 shoulder_lift.pos=-25.64 elbow_flex.pos=+32.07 wrist_flex.pos=+56.78 wrist_roll.pos=-3.11 gripper.pos=+2.61
DEBUG 2026-08-19 04:35:25 [action #145] t=5.75s step=144 queue=21 dmax=1.728 | shoulder_pan.pos=-11.12 shoulder_lift.pos=-24.23 elbow_flex.pos=+30.34 wrist_flex.pos=+56.90 wrist_roll.pos=-3.23 gripper.pos=+3.27
DEBUG 2026-08-19 04:35:25 [action #146] t=5.79s step=145 queue=20 dmax=1.772 | shoulder_pan.pos=-11.06 shoulder_lift.pos=-22.98 elbow_flex.pos=+28.57 wrist_flex.pos=+57.26 wrist_roll.pos=-3.29 gripper.pos=+4.40
DEBUG 2026-08-19 04:35:25 [action #147] t=5.82s step=146 queue=19 dmax=1.992 | shoulder_pan.pos=-11.06 shoulder_lift.pos=-21.13 elbow_flex.pos=+26.58 wrist_flex.pos=+58.14 wrist_roll.pos=-3.28 gripper.pos=+5.23
DEBUG 2026-08-19 04:35:25 [action #148] t=5.85s step=147 queue=18 dmax=1.832 | shoulder_pan.pos=-11.10 shoulder_lift.pos=-19.29 elbow_flex.pos=+24.92 wrist_flex.pos=+59.09 wrist_roll.pos=-3.29 gripper.pos=+6.38
DEBUG 2026-08-19 04:35:25 [action #149] t=5.89s step=148 queue=17 dmax=2.037 | shoulder_pan.pos=-11.51 shoulder_lift.pos=-18.04 elbow_flex.pos=+22.88 wrist_flex.pos=+59.98 wrist_roll.pos=-3.31 gripper.pos=+7.35
DEBUG 2026-08-19 04:35:25 [action #150] t=5.92s step=149 queue=16 dmax=1.991 | shoulder_pan.pos=-11.53 shoulder_lift.pos=-16.59 elbow_flex.pos=+20.89 wrist_flex.pos=+60.82 wrist_roll.pos=-3.36 gripper.pos=+8.14
DEBUG 2026-08-19 04:35:25 [action #151] t=5.95s step=150 queue=15 dmax=2.058 | shoulder_pan.pos=-11.68 shoulder_lift.pos=-15.32 elbow_flex.pos=+20.36 wrist_flex.pos=+61.46 wrist_roll.pos=-3.24 gripper.pos=+10.20
DEBUG 2026-08-19 04:35:25 [action #152] t=5.99s step=151 queue=14 dmax=1.413 | shoulder_pan.pos=-11.90 shoulder_lift.pos=-14.49 elbow_flex.pos=+19.08 wrist_flex.pos=+62.00 wrist_roll.pos=-3.25 gripper.pos=+11.61
DEBUG 2026-08-19 04:35:25 [action #153] t=6.02s step=152 queue=13 dmax=2.153 | shoulder_pan.pos=-11.94 shoulder_lift.pos=-13.84 elbow_flex.pos=+17.29 wrist_flex.pos=+62.75 wrist_roll.pos=-3.11 gripper.pos=+13.76
DEBUG 2026-08-19 04:35:25 [action #154] t=6.05s step=153 queue=12 dmax=1.747 | shoulder_pan.pos=-11.96 shoulder_lift.pos=-12.12 elbow_flex.pos=+15.85 wrist_flex.pos=+63.70 wrist_roll.pos=-3.21 gripper.pos=+15.51
DEBUG 2026-08-19 04:35:25 [action #155] t=6.09s step=154 queue=11 dmax=1.191 | shoulder_pan.pos=-11.96 shoulder_lift.pos=-11.59 elbow_flex.pos=+15.31 wrist_flex.pos=+64.23 wrist_roll.pos=-3.43 gripper.pos=+16.70
DEBUG 2026-08-19 04:35:25 [action #156] t=6.12s step=155 queue=10 dmax=1.913 | shoulder_pan.pos=-12.02 shoulder_lift.pos=-10.15 elbow_flex.pos=+13.72 wrist_flex.pos=+64.79 wrist_roll.pos=-3.23 gripper.pos=+18.61
DEBUG 2026-08-19 04:35:25 [action #157] t=6.15s step=156 queue=9 dmax=1.197 | shoulder_pan.pos=-11.76 shoulder_lift.pos=-9.81 elbow_flex.pos=+12.95 wrist_flex.pos=+65.12 wrist_roll.pos=-3.28 gripper.pos=+19.81
DEBUG 2026-08-19 04:35:25 [action #158] t=6.19s step=157 queue=8 dmax=1.991 | shoulder_pan.pos=-12.13 shoulder_lift.pos=-7.82 elbow_flex.pos=+11.60 wrist_flex.pos=+65.75 wrist_roll.pos=-3.16 gripper.pos=+21.02
DEBUG 2026-08-19 04:35:25 [action #159] t=6.22s step=158 queue=7 dmax=1.420 | shoulder_pan.pos=-12.49 shoulder_lift.pos=-6.82 elbow_flex.pos=+11.12 wrist_flex.pos=+66.06 wrist_roll.pos=-3.22 gripper.pos=+22.44
DEBUG 2026-08-19 04:35:25 [action #160] t=6.25s step=159 queue=6 dmax=1.357 | shoulder_pan.pos=-12.06 shoulder_lift.pos=-6.95 elbow_flex.pos=+11.25 wrist_flex.pos=+66.45 wrist_roll.pos=-3.25 gripper.pos=+23.79
DEBUG 2026-08-19 04:35:25 [action #161] t=6.29s step=160 queue=5 dmax=1.935 | shoulder_pan.pos=-12.29 shoulder_lift.pos=-6.23 elbow_flex.pos=+10.70 wrist_flex.pos=+66.78 wrist_roll.pos=-3.20 gripper.pos=+25.73
DEBUG 2026-08-19 04:35:25 [action #162] t=6.32s step=161 queue=4 dmax=2.321 | shoulder_pan.pos=-12.26 shoulder_lift.pos=-5.66 elbow_flex.pos=+9.83 wrist_flex.pos=+67.53 wrist_roll.pos=-3.25 gripper.pos=+28.05
DEBUG 2026-08-19 04:35:25 [action #163] t=6.35s step=162 queue=3 dmax=1.836 | shoulder_pan.pos=-12.56 shoulder_lift.pos=-3.95 elbow_flex.pos=+9.89 wrist_flex.pos=+68.11 wrist_roll.pos=-3.25 gripper.pos=+29.88
DEBUG 2026-08-19 04:35:25 [action #164] t=6.39s step=163 queue=2 dmax=1.869 | shoulder_pan.pos=-12.33 shoulder_lift.pos=-3.48 elbow_flex.pos=+9.74 wrist_flex.pos=+68.54 wrist_roll.pos=-3.33 gripper.pos=+31.75
DEBUG 2026-08-19 04:35:25 [action #165] t=6.42s step=164 queue=1 dmax=0.822 | shoulder_pan.pos=-12.72 shoulder_lift.pos=-3.27 elbow_flex.pos=+9.40 wrist_flex.pos=+69.36 wrist_roll.pos=-3.09 gripper.pos=+32.46
DEBUG 2026-08-19 04:35:25 [chunk] received 50 actions, timesteps 142..191 | first: shoulder_pan.pos=-10.27 shoulder_lift.pos=-84.04 elbow_flex.pos=+77.15 wrist_flex.pos=+54.40 wrist_roll.pos=-1.28 gripper.pos=+0.63 | last: shoulder_pan.pos=-10.19 shoulder_lift.pos=-9.93 elbow_flex.pos=+12.88 wrist_flex.pos=+67.99 wrist_roll.pos=-4.05 gripper.pos=+12.26
DEBUG 2026-08-19 04:35:25 [action #166] t=6.49s step=165 queue=27 dmax=45.486 | shoulder_pan.pos=-10.91 shoulder_lift.pos=-48.75 elbow_flex.pos=+51.35 wrist_flex.pos=+56.75 wrist_roll.pos=-2.14 gripper.pos=+0.71
DEBUG 2026-08-19 04:35:26 [action #167] t=6.52s step=166 queue=26 dmax=2.241 | shoulder_pan.pos=-10.99 shoulder_lift.pos=-46.51 elbow_flex.pos=+49.29 wrist_flex.pos=+57.27 wrist_roll.pos=-2.22 gripper.pos=+0.80
DEBUG 2026-08-19 04:35:26 [action #168] t=6.56s step=167 queue=25 dmax=1.901 | shoulder_pan.pos=-10.93 shoulder_lift.pos=-44.94 elbow_flex.pos=+47.39 wrist_flex.pos=+57.69 wrist_roll.pos=-2.22 gripper.pos=+0.89
DEBUG 2026-08-19 04:35:26 [action #169] t=6.59s step=168 queue=24 dmax=2.191 | shoulder_pan.pos=-10.58 shoulder_lift.pos=-42.75 elbow_flex.pos=+45.76 wrist_flex.pos=+58.14 wrist_roll.pos=-2.26 gripper.pos=+0.85
DEBUG 2026-08-19 04:35:26 [action #170] t=6.62s step=169 queue=23 dmax=2.200 | shoulder_pan.pos=-10.62 shoulder_lift.pos=-40.79 elbow_flex.pos=+43.56 wrist_flex.pos=+58.62 wrist_roll.pos=-2.39 gripper.pos=+0.91
DEBUG 2026-08-19 04:35:26 [action #171] t=6.66s step=170 queue=22 dmax=1.902 | shoulder_pan.pos=-10.81 shoulder_lift.pos=-39.03 elbow_flex.pos=+41.66 wrist_flex.pos=+58.85 wrist_roll.pos=-2.50 gripper.pos=+0.66
DEBUG 2026-08-19 04:35:26 [action #172] t=6.69s step=171 queue=21 dmax=2.157 | shoulder_pan.pos=-10.75 shoulder_lift.pos=-36.87 elbow_flex.pos=+40.50 wrist_flex.pos=+59.12 wrist_roll.pos=-2.64 gripper.pos=+0.77
DEBUG 2026-08-19 04:35:26 [action #173] t=6.72s step=172 queue=20 dmax=2.294 | shoulder_pan.pos=-10.71 shoulder_lift.pos=-35.05 elbow_flex.pos=+38.20 wrist_flex.pos=+59.28 wrist_roll.pos=-2.68 gripper.pos=+0.83
DEBUG 2026-08-19 04:35:26 [action #174] t=6.76s step=173 queue=19 dmax=1.939 | shoulder_pan.pos=-10.81 shoulder_lift.pos=-33.30 elbow_flex.pos=+36.26 wrist_flex.pos=+59.70 wrist_roll.pos=-2.92 gripper.pos=+0.79
DEBUG 2026-08-19 04:35:26 [action #175] t=6.79s step=174 queue=18 dmax=2.029 | shoulder_pan.pos=-10.60 shoulder_lift.pos=-31.28 elbow_flex.pos=+34.66 wrist_flex.pos=+60.12 wrist_roll.pos=-2.93 gripper.pos=+0.81
DEBUG 2026-08-19 04:35:26 [action #176] t=6.82s step=175 queue=17 dmax=1.565 | shoulder_pan.pos=-10.50 shoulder_lift.pos=-29.98 elbow_flex.pos=+33.09 wrist_flex.pos=+60.41 wrist_roll.pos=-3.29 gripper.pos=+0.74
DEBUG 2026-08-19 04:35:26 [action #177] t=6.86s step=176 queue=16 dmax=1.889 | shoulder_pan.pos=-10.55 shoulder_lift.pos=-28.41 elbow_flex.pos=+31.20 wrist_flex.pos=+60.74 wrist_roll.pos=-3.39 gripper.pos=+0.69
DEBUG 2026-08-19 04:35:26 [action #178] t=6.89s step=177 queue=15 dmax=1.641 | shoulder_pan.pos=-10.36 shoulder_lift.pos=-26.83 elbow_flex.pos=+29.56 wrist_flex.pos=+61.18 wrist_roll.pos=-3.72 gripper.pos=+0.76
DEBUG 2026-08-19 04:35:26 [action #179] t=6.92s step=178 queue=14 dmax=1.580 | shoulder_pan.pos=-10.21 shoulder_lift.pos=-25.25 elbow_flex.pos=+28.26 wrist_flex.pos=+61.57 wrist_roll.pos=-3.82 gripper.pos=+0.68
DEBUG 2026-08-19 04:35:26 [action #180] t=6.96s step=179 queue=13 dmax=1.764 | shoulder_pan.pos=-10.10 shoulder_lift.pos=-23.61 elbow_flex.pos=+26.50 wrist_flex.pos=+62.19 wrist_roll.pos=-4.00 gripper.pos=+0.75
DEBUG 2026-08-19 04:35:26 [action #181] t=6.99s step=180 queue=12 dmax=1.644 | shoulder_pan.pos=-10.15 shoulder_lift.pos=-22.53 elbow_flex.pos=+24.86 wrist_flex.pos=+62.68 wrist_roll.pos=-4.05 gripper.pos=+0.79
DEBUG 2026-08-19 04:35:26 [action #182] t=7.02s step=181 queue=11 dmax=1.683 | shoulder_pan.pos=-9.99 shoulder_lift.pos=-20.85 elbow_flex.pos=+23.60 wrist_flex.pos=+63.41 wrist_roll.pos=-4.01 gripper.pos=+0.81
DEBUG 2026-08-19 04:35:26 [action #183] t=7.06s step=182 queue=10 dmax=1.758 | shoulder_pan.pos=-10.06 shoulder_lift.pos=-19.38 elbow_flex.pos=+21.84 wrist_flex.pos=+63.81 wrist_roll.pos=-3.88 gripper.pos=+0.83
DEBUG 2026-08-19 04:35:26 [action #184] t=7.09s step=183 queue=9 dmax=1.710 | shoulder_pan.pos=-10.04 shoulder_lift.pos=-18.03 elbow_flex.pos=+20.13 wrist_flex.pos=+64.35 wrist_roll.pos=-3.83 gripper.pos=+0.88
DEBUG 2026-08-19 04:35:26 [action #185] t=7.12s step=184 queue=8 dmax=2.041 | shoulder_pan.pos=-10.05 shoulder_lift.pos=-15.99 elbow_flex.pos=+19.18 wrist_flex.pos=+65.02 wrist_roll.pos=-3.82 gripper.pos=+0.79
DEBUG 2026-08-19 04:35:26 [action #186] t=7.16s step=185 queue=7 dmax=1.496 | shoulder_pan.pos=-10.04 shoulder_lift.pos=-15.10 elbow_flex.pos=+17.69 wrist_flex.pos=+65.47 wrist_roll.pos=-3.93 gripper.pos=+1.09
DEBUG 2026-08-19 04:35:26 [action #187] t=7.19s step=186 queue=6 dmax=1.314 | shoulder_pan.pos=-9.91 shoulder_lift.pos=-13.78 elbow_flex.pos=+16.42 wrist_flex.pos=+66.01 wrist_roll.pos=-3.90 gripper.pos=+1.97
DEBUG 2026-08-19 04:35:26 [action #188] t=7.22s step=187 queue=5 dmax=1.867 | shoulder_pan.pos=-9.88 shoulder_lift.pos=-12.86 elbow_flex.pos=+15.34 wrist_flex.pos=+66.62 wrist_roll.pos=-3.98 gripper.pos=+3.84
DEBUG 2026-08-19 04:35:26 [chunk] received 50 actions, timesteps 164..213 | first: shoulder_pan.pos=-11.86 shoulder_lift.pos=-0.11 elbow_flex.pos=+3.88 wrist_flex.pos=+69.75 wrist_roll.pos=-2.70 gripper.pos=+30.43 | last: shoulder_pan.pos=-13.05 shoulder_lift.pos=+41.16 elbow_flex.pos=-37.63 wrist_flex.pos=+83.43 wrist_roll.pos=-2.25 gripper.pos=+7.21
DEBUG 2026-08-19 04:35:26 [action #189] t=7.26s step=188 queue=26 dmax=30.458 | shoulder_pan.pos=-12.02 shoulder_lift.pos=+17.60 elbow_flex.pos=-11.01 wrist_flex.pos=+75.86 wrist_roll.pos=-2.81 gripper.pos=+23.78
DEBUG 2026-08-19 04:35:26 [action #190] t=7.29s step=189 queue=25 dmax=1.202 | shoulder_pan.pos=-12.14 shoulder_lift.pos=+18.62 elbow_flex.pos=-12.21 wrist_flex.pos=+76.38 wrist_roll.pos=-2.91 gripper.pos=+24.69
DEBUG 2026-08-19 04:35:26 [action #191] t=7.32s step=190 queue=24 dmax=1.590 | shoulder_pan.pos=-11.97 shoulder_lift.pos=+20.21 elbow_flex.pos=-13.14 wrist_flex.pos=+76.68 wrist_roll.pos=-2.90 gripper.pos=+25.18
DEBUG 2026-08-19 04:35:26 [action #192] t=7.36s step=191 queue=23 dmax=1.247 | shoulder_pan.pos=-11.96 shoulder_lift.pos=+20.51 elbow_flex.pos=-14.39 wrist_flex.pos=+77.12 wrist_roll.pos=-2.95 gripper.pos=+25.46
DEBUG 2026-08-19 04:35:26 [action #193] t=7.39s step=192 queue=22 dmax=13.790 | shoulder_pan.pos=-12.85 shoulder_lift.pos=+34.30 elbow_flex.pos=-27.21 wrist_flex.pos=+81.41 wrist_roll.pos=-2.33 gripper.pos=+31.07
DEBUG 2026-08-19 04:35:26 [action #194] t=7.42s step=193 queue=21 dmax=1.138 | shoulder_pan.pos=-12.98 shoulder_lift.pos=+35.44 elbow_flex.pos=-27.98 wrist_flex.pos=+81.52 wrist_roll.pos=-2.48 gripper.pos=+31.15
DEBUG 2026-08-19 04:35:26 [action #195] t=7.46s step=194 queue=20 dmax=1.280 | shoulder_pan.pos=-13.08 shoulder_lift.pos=+35.95 elbow_flex.pos=-29.26 wrist_flex.pos=+81.93 wrist_roll.pos=-2.42 gripper.pos=+31.12
DEBUG 2026-08-19 04:35:26 [action #196] t=7.49s step=195 queue=19 dmax=0.852 | shoulder_pan.pos=-13.15 shoulder_lift.pos=+36.53 elbow_flex.pos=-30.11 wrist_flex.pos=+82.23 wrist_roll.pos=-2.50 gripper.pos=+31.40
DEBUG 2026-08-19 04:35:27 [action #197] t=7.53s step=196 queue=18 dmax=1.378 | shoulder_pan.pos=-13.00 shoulder_lift.pos=+37.91 elbow_flex.pos=-30.39 wrist_flex.pos=+82.72 wrist_roll.pos=-2.45 gripper.pos=+31.42
DEBUG 2026-08-19 04:35:27 [action #198] t=7.56s step=197 queue=17 dmax=2.147 | shoulder_pan.pos=-13.18 shoulder_lift.pos=+38.40 elbow_flex.pos=-32.54 wrist_flex.pos=+83.19 wrist_roll.pos=-2.50 gripper.pos=+31.51
DEBUG 2026-08-19 04:35:27 [action #199] t=7.59s step=198 queue=16 dmax=0.857 | shoulder_pan.pos=-13.19 shoulder_lift.pos=+39.11 elbow_flex.pos=-33.39 wrist_flex.pos=+83.42 wrist_roll.pos=-2.45 gripper.pos=+31.42
DEBUG 2026-08-19 04:35:27 [action #200] t=7.63s step=199 queue=15 dmax=1.428 | shoulder_pan.pos=-13.48 shoulder_lift.pos=+40.53 elbow_flex.pos=-34.34 wrist_flex.pos=+83.62 wrist_roll.pos=-2.42 gripper.pos=+31.35
DEBUG 2026-08-19 04:35:27 [action #201] t=7.66s step=200 queue=14 dmax=0.949 | shoulder_pan.pos=-13.38 shoulder_lift.pos=+40.61 elbow_flex.pos=-35.29 wrist_flex.pos=+83.80 wrist_roll.pos=-2.48 gripper.pos=+31.46
DEBUG 2026-08-19 04:35:27 [action #202] t=7.69s step=201 queue=13 dmax=0.771 | shoulder_pan.pos=-13.47 shoulder_lift.pos=+41.38 elbow_flex.pos=-35.73 wrist_flex.pos=+84.13 wrist_roll.pos=-2.42 gripper.pos=+31.42
DEBUG 2026-08-19 04:35:27 [action #203] t=7.73s step=202 queue=12 dmax=0.908 | shoulder_pan.pos=-13.58 shoulder_lift.pos=+42.29 elbow_flex.pos=-36.23 wrist_flex.pos=+84.06 wrist_roll.pos=-2.34 gripper.pos=+31.53
DEBUG 2026-08-19 04:35:27 [action #204] t=7.76s step=203 queue=11 dmax=0.365 | shoulder_pan.pos=-13.54 shoulder_lift.pos=+42.47 elbow_flex.pos=-36.59 wrist_flex.pos=+83.82 wrist_roll.pos=-2.37 gripper.pos=+31.51
DEBUG 2026-08-19 04:35:27 [action #205] t=7.79s step=204 queue=10 dmax=0.481 | shoulder_pan.pos=-13.64 shoulder_lift.pos=+42.40 elbow_flex.pos=-36.84 wrist_flex.pos=+83.75 wrist_roll.pos=-2.29 gripper.pos=+31.03
DEBUG 2026-08-19 04:35:27 [action #206] t=7.83s step=205 queue=9 dmax=1.161 | shoulder_pan.pos=-13.54 shoulder_lift.pos=+42.68 elbow_flex.pos=-36.05 wrist_flex.pos=+83.29 wrist_roll.pos=-2.42 gripper.pos=+29.87
DEBUG 2026-08-19 04:35:27 [action #207] t=7.86s step=206 queue=8 dmax=2.722 | shoulder_pan.pos=-13.52 shoulder_lift.pos=+41.55 elbow_flex.pos=-35.95 wrist_flex.pos=+83.04 wrist_roll.pos=-2.33 gripper.pos=+27.14
DEBUG 2026-08-19 04:35:27 [action #208] t=7.89s step=207 queue=7 dmax=4.069 | shoulder_pan.pos=-13.80 shoulder_lift.pos=+41.37 elbow_flex.pos=-36.50 wrist_flex.pos=+83.01 wrist_roll.pos=-2.30 gripper.pos=+23.07
DEBUG 2026-08-19 04:35:27 [action #209] t=7.93s step=208 queue=6 dmax=3.973 | shoulder_pan.pos=-13.45 shoulder_lift.pos=+41.64 elbow_flex.pos=-36.40 wrist_flex.pos=+82.86 wrist_roll.pos=-2.19 gripper.pos=+19.10
DEBUG 2026-08-19 04:35:27 [action #210] t=7.96s step=209 queue=5 dmax=4.164 | shoulder_pan.pos=-13.41 shoulder_lift.pos=+40.86 elbow_flex.pos=-37.40 wrist_flex.pos=+83.34 wrist_roll.pos=-2.04 gripper.pos=+14.94
DEBUG 2026-08-19 04:35:27 [action #211] t=7.99s step=210 queue=4 dmax=2.963 | shoulder_pan.pos=-13.43 shoulder_lift.pos=+41.69 elbow_flex.pos=-37.75 wrist_flex.pos=+83.47 wrist_roll.pos=-1.92 gripper.pos=+11.97
DEBUG 2026-08-19 04:35:27 [action #212] t=8.03s step=211 queue=3 dmax=2.100 | shoulder_pan.pos=-13.43 shoulder_lift.pos=+40.93 elbow_flex.pos=-37.52 wrist_flex.pos=+83.63 wrist_roll.pos=-2.10 gripper.pos=+9.87
DEBUG 2026-08-19 04:35:27 [action #213] t=8.06s step=212 queue=2 dmax=1.649 | shoulder_pan.pos=-13.18 shoulder_lift.pos=+41.07 elbow_flex.pos=-37.72 wrist_flex.pos=+83.58 wrist_roll.pos=-2.09 gripper.pos=+8.23
DEBUG 2026-08-19 04:35:27 [action #214] t=8.09s step=213 queue=1 dmax=1.014 | shoulder_pan.pos=-13.05 shoulder_lift.pos=+41.16 elbow_flex.pos=-37.63 wrist_flex.pos=+83.43 wrist_roll.pos=-2.25 gripper.pos=+7.21
DEBUG 2026-08-19 04:35:27 [chunk] received 50 actions, timesteps 187..236 | first: shoulder_pan.pos=-10.06 shoulder_lift.pos=-12.71 elbow_flex.pos=+15.20 wrist_flex.pos=+64.84 wrist_roll.pos=-4.29 gripper.pos=+2.65 | last: shoulder_pan.pos=-13.23 shoulder_lift.pos=+35.88 elbow_flex.pos=-36.86 wrist_flex.pos=+92.19 wrist_roll.pos=-4.09 gripper.pos=+33.07
DEBUG 2026-08-19 04:35:27 [action #215] t=8.16s step=214 queue=23 dmax=23.762 | shoulder_pan.pos=-11.54 shoulder_lift.pos=+18.00 elbow_flex.pos=-17.61 wrist_flex.pos=+80.71 wrist_roll.pos=-5.57 gripper.pos=+30.97
DEBUG 2026-08-19 04:35:27 [action #216] t=8.19s step=215 queue=22 dmax=1.935 | shoulder_pan.pos=-11.43 shoulder_lift.pos=+18.76 elbow_flex.pos=-19.54 wrist_flex.pos=+80.95 wrist_roll.pos=-5.44 gripper.pos=+30.94
DEBUG 2026-08-19 04:35:27 [action #217] t=8.23s step=216 queue=21 dmax=1.511 | shoulder_pan.pos=-11.52 shoulder_lift.pos=+20.27 elbow_flex.pos=-20.04 wrist_flex.pos=+81.57 wrist_roll.pos=-5.26 gripper.pos=+30.68
DEBUG 2026-08-19 04:35:27 [action #218] t=8.26s step=217 queue=20 dmax=1.099 | shoulder_pan.pos=-11.73 shoulder_lift.pos=+21.07 elbow_flex.pos=-21.14 wrist_flex.pos=+81.92 wrist_roll.pos=-5.32 gripper.pos=+30.69
DEBUG 2026-08-19 04:35:27 [action #219] t=8.29s step=218 queue=19 dmax=1.096 | shoulder_pan.pos=-11.98 shoulder_lift.pos=+21.89 elbow_flex.pos=-22.23 wrist_flex.pos=+82.45 wrist_roll.pos=-5.19 gripper.pos=+30.61
DEBUG 2026-08-19 04:35:27 [action #220] t=8.33s step=219 queue=18 dmax=2.099 | shoulder_pan.pos=-11.80 shoulder_lift.pos=+23.99 elbow_flex.pos=-23.59 wrist_flex.pos=+82.92 wrist_roll.pos=-5.16 gripper.pos=+30.66
DEBUG 2026-08-19 04:35:27 [action #221] t=8.36s step=220 queue=17 dmax=0.579 | shoulder_pan.pos=-11.90 shoulder_lift.pos=+24.52 elbow_flex.pos=-24.17 wrist_flex.pos=+83.35 wrist_roll.pos=-5.14 gripper.pos=+30.72
DEBUG 2026-08-19 04:35:27 [action #222] t=8.39s step=221 queue=16 dmax=1.294 | shoulder_pan.pos=-11.70 shoulder_lift.pos=+25.39 elbow_flex.pos=-25.46 wrist_flex.pos=+83.46 wrist_roll.pos=-5.15 gripper.pos=+30.77
DEBUG 2026-08-19 04:35:27 [action #223] t=8.43s step=222 queue=15 dmax=1.195 | shoulder_pan.pos=-11.96 shoulder_lift.pos=+26.59 elbow_flex.pos=-26.15 wrist_flex.pos=+84.13 wrist_roll.pos=-5.03 gripper.pos=+30.81
DEBUG 2026-08-19 04:35:27 [action #224] t=8.46s step=223 queue=14 dmax=0.991 | shoulder_pan.pos=-12.19 shoulder_lift.pos=+27.15 elbow_flex.pos=-27.14 wrist_flex.pos=+84.51 wrist_roll.pos=-5.09 gripper.pos=+30.89
DEBUG 2026-08-19 04:35:28 [action #225] t=8.50s step=224 queue=13 dmax=0.956 | shoulder_pan.pos=-12.06 shoulder_lift.pos=+28.10 elbow_flex.pos=-27.90 wrist_flex.pos=+85.07 wrist_roll.pos=-4.96 gripper.pos=+30.90
DEBUG 2026-08-19 04:35:28 [action #226] t=8.53s step=225 queue=12 dmax=0.791 | shoulder_pan.pos=-11.97 shoulder_lift.pos=+28.89 elbow_flex.pos=-28.29 wrist_flex.pos=+85.50 wrist_roll.pos=-5.02 gripper.pos=+30.90
DEBUG 2026-08-19 04:35:28 [action #227] t=8.56s step=226 queue=11 dmax=0.825 | shoulder_pan.pos=-12.38 shoulder_lift.pos=+29.04 elbow_flex.pos=-29.12 wrist_flex.pos=+86.07 wrist_roll.pos=-4.85 gripper.pos=+31.09
DEBUG 2026-08-19 04:35:28 [action #228] t=8.60s step=227 queue=10 dmax=1.128 | shoulder_pan.pos=-12.48 shoulder_lift.pos=+30.17 elbow_flex.pos=-29.97 wrist_flex.pos=+86.60 wrist_roll.pos=-4.82 gripper.pos=+31.23
DEBUG 2026-08-19 04:35:28 [action #229] t=8.63s step=228 queue=9 dmax=0.871 | shoulder_pan.pos=-12.34 shoulder_lift.pos=+31.04 elbow_flex.pos=-30.65 wrist_flex.pos=+87.39 wrist_roll.pos=-4.68 gripper.pos=+31.38
DEBUG 2026-08-19 04:35:28 [action #230] t=8.66s step=229 queue=8 dmax=0.937 | shoulder_pan.pos=-12.67 shoulder_lift.pos=+31.53 elbow_flex.pos=-31.59 wrist_flex.pos=+87.95 wrist_roll.pos=-4.71 gripper.pos=+31.29
DEBUG 2026-08-19 04:35:28 [action #231] t=8.70s step=230 queue=7 dmax=1.244 | shoulder_pan.pos=-12.89 shoulder_lift.pos=+32.10 elbow_flex.pos=-32.83 wrist_flex.pos=+88.56 wrist_roll.pos=-4.46 gripper.pos=+31.46
DEBUG 2026-08-19 04:35:28 [action #232] t=8.73s step=231 queue=6 dmax=0.637 | shoulder_pan.pos=-12.78 shoulder_lift.pos=+32.52 elbow_flex.pos=-32.75 wrist_flex.pos=+89.19 wrist_roll.pos=-4.22 gripper.pos=+31.57
DEBUG 2026-08-19 04:35:28 [action #233] t=8.76s step=232 queue=5 dmax=1.151 | shoulder_pan.pos=-12.79 shoulder_lift.pos=+33.68 elbow_flex.pos=-33.68 wrist_flex.pos=+89.86 wrist_roll.pos=-4.04 gripper.pos=+31.62
DEBUG 2026-08-19 04:35:28 [action #234] t=8.80s step=233 queue=4 dmax=0.886 | shoulder_pan.pos=-12.92 shoulder_lift.pos=+34.31 elbow_flex.pos=-34.34 wrist_flex.pos=+90.75 wrist_roll.pos=-4.12 gripper.pos=+32.10
DEBUG 2026-08-19 04:35:28 [action #235] t=8.83s step=234 queue=3 dmax=1.144 | shoulder_pan.pos=-12.99 shoulder_lift.pos=+34.19 elbow_flex.pos=-35.49 wrist_flex.pos=+91.61 wrist_roll.pos=-4.06 gripper.pos=+32.42
DEBUG 2026-08-19 04:35:28 [action #236] t=8.86s step=235 queue=2 dmax=1.376 | shoulder_pan.pos=-12.93 shoulder_lift.pos=+35.56 elbow_flex.pos=-35.65 wrist_flex.pos=+91.67 wrist_roll.pos=-4.08 gripper.pos=+32.87
DEBUG 2026-08-19 04:35:28 [chunk] received 50 actions, timesteps 213..262 | first: shoulder_pan.pos=-12.57 shoulder_lift.pos=+45.66 elbow_flex.pos=-44.17 wrist_flex.pos=+85.85 wrist_roll.pos=-2.58 gripper.pos=+21.70 | last: shoulder_pan.pos=-8.80 shoulder_lift.pos=+45.12 elbow_flex.pos=-59.18 wrist_flex.pos=+98.26 wrist_roll.pos=-5.87 gripper.pos=+10.69
DEBUG 2026-08-19 04:35:28 [action #237] t=8.90s step=236 queue=27 dmax=16.023 | shoulder_pan.pos=-11.97 shoulder_lift.pos=+48.27 elbow_flex.pos=-47.46 wrist_flex.pos=+91.15 wrist_roll.pos=-3.69 gripper.pos=+16.84
DEBUG 2026-08-19 04:35:28 [action #238] t=8.93s step=237 queue=26 dmax=8.897 | shoulder_pan.pos=-11.46 shoulder_lift.pos=+53.58 elbow_flex.pos=-51.74 wrist_flex.pos=+90.72 wrist_roll.pos=-3.50 gripper.pos=+7.95
DEBUG 2026-08-19 04:35:28 [action #239] t=8.96s step=238 queue=25 dmax=1.728 | shoulder_pan.pos=-11.03 shoulder_lift.pos=+53.28 elbow_flex.pos=-50.92 wrist_flex.pos=+90.66 wrist_roll.pos=-3.40 gripper.pos=+6.22
DEBUG 2026-08-19 04:35:28 [action #240] t=9.00s step=239 queue=24 dmax=1.468 | shoulder_pan.pos=-11.14 shoulder_lift.pos=+52.85 elbow_flex.pos=-51.38 wrist_flex.pos=+90.82 wrist_roll.pos=-3.39 gripper.pos=+4.75
DEBUG 2026-08-19 04:35:28 [action #241] t=9.03s step=240 queue=23 dmax=0.670 | shoulder_pan.pos=-11.10 shoulder_lift.pos=+52.71 elbow_flex.pos=-51.20 wrist_flex.pos=+90.84 wrist_roll.pos=-3.47 gripper.pos=+4.08
DEBUG 2026-08-19 04:35:28 [action #242] t=9.06s step=241 queue=22 dmax=0.911 | shoulder_pan.pos=-11.19 shoulder_lift.pos=+51.80 elbow_flex.pos=-51.17 wrist_flex.pos=+90.98 wrist_roll.pos=-3.51 gripper.pos=+3.75
DEBUG 2026-08-19 04:35:28 [action #243] t=9.10s step=242 queue=21 dmax=0.318 | shoulder_pan.pos=-11.18 shoulder_lift.pos=+52.10 elbow_flex.pos=-51.49 wrist_flex.pos=+91.12 wrist_roll.pos=-3.45 gripper.pos=+3.43
DEBUG 2026-08-19 04:35:28 [action #244] t=9.13s step=243 queue=20 dmax=1.030 | shoulder_pan.pos=-10.96 shoulder_lift.pos=+51.07 elbow_flex.pos=-51.26 wrist_flex.pos=+91.43 wrist_roll.pos=-3.48 gripper.pos=+3.41
DEBUG 2026-08-19 04:35:28 [action #245] t=9.16s step=244 queue=19 dmax=0.388 | shoulder_pan.pos=-10.90 shoulder_lift.pos=+50.98 elbow_flex.pos=-51.65 wrist_flex.pos=+91.71 wrist_roll.pos=-3.57 gripper.pos=+3.33
DEBUG 2026-08-19 04:35:28 [action #246] t=9.20s step=245 queue=18 dmax=0.840 | shoulder_pan.pos=-10.76 shoulder_lift.pos=+50.63 elbow_flex.pos=-52.49 wrist_flex.pos=+92.16 wrist_roll.pos=-3.72 gripper.pos=+3.16
DEBUG 2026-08-19 04:35:28 [action #247] t=9.23s step=246 queue=17 dmax=0.603 | shoulder_pan.pos=-10.61 shoulder_lift.pos=+50.41 elbow_flex.pos=-53.09 wrist_flex.pos=+92.76 wrist_roll.pos=-3.97 gripper.pos=+3.23
DEBUG 2026-08-19 04:35:28 [action #248] t=9.26s step=247 queue=16 dmax=0.768 | shoulder_pan.pos=-10.61 shoulder_lift.pos=+49.64 elbow_flex.pos=-53.57 wrist_flex.pos=+93.42 wrist_roll.pos=-4.12 gripper.pos=+2.89
DEBUG 2026-08-19 04:35:28 [action #249] t=9.30s step=248 queue=15 dmax=1.088 | shoulder_pan.pos=-10.67 shoulder_lift.pos=+48.88 elbow_flex.pos=-54.66 wrist_flex.pos=+94.12 wrist_roll.pos=-4.31 gripper.pos=+2.90
DEBUG 2026-08-19 04:35:28 [action #250] t=9.33s step=249 queue=14 dmax=0.495 | shoulder_pan.pos=-10.37 shoulder_lift.pos=+48.65 elbow_flex.pos=-55.13 wrist_flex.pos=+94.61 wrist_roll.pos=-4.50 gripper.pos=+2.94
DEBUG 2026-08-19 04:35:28 [action #251] t=9.36s step=250 queue=13 dmax=0.545 | shoulder_pan.pos=-10.44 shoulder_lift.pos=+48.39 elbow_flex.pos=-55.57 wrist_flex.pos=+95.16 wrist_roll.pos=-4.71 gripper.pos=+2.95
DEBUG 2026-08-19 04:35:28 [action #252] t=9.40s step=251 queue=12 dmax=0.743 | shoulder_pan.pos=-10.23 shoulder_lift.pos=+48.01 elbow_flex.pos=-56.31 wrist_flex.pos=+95.50 wrist_roll.pos=-4.89 gripper.pos=+2.88
DEBUG 2026-08-19 04:35:28 [action #253] t=9.43s step=252 queue=11 dmax=0.436 | shoulder_pan.pos=-10.24 shoulder_lift.pos=+47.58 elbow_flex.pos=-56.29 wrist_flex.pos=+95.86 wrist_roll.pos=-4.94 gripper.pos=+2.97
DEBUG 2026-08-19 04:35:28 [action #254] t=9.47s step=253 queue=10 dmax=0.661 | shoulder_pan.pos=-10.14 shoulder_lift.pos=+47.30 elbow_flex.pos=-56.95 wrist_flex.pos=+96.11 wrist_roll.pos=-5.14 gripper.pos=+3.12
DEBUG 2026-08-19 04:35:29 [action #255] t=9.50s step=254 queue=9 dmax=0.580 | shoulder_pan.pos=-9.56 shoulder_lift.pos=+46.85 elbow_flex.pos=-56.73 wrist_flex.pos=+96.13 wrist_roll.pos=-5.39 gripper.pos=+3.54
DEBUG 2026-08-19 04:35:29 [action #256] t=9.53s step=255 queue=8 dmax=0.656 | shoulder_pan.pos=-9.63 shoulder_lift.pos=+46.88 elbow_flex.pos=-57.38 wrist_flex.pos=+96.39 wrist_roll.pos=-5.44 gripper.pos=+4.01
DEBUG 2026-08-19 04:35:29 [action #257] t=9.57s step=256 queue=7 dmax=0.775 | shoulder_pan.pos=-9.44 shoulder_lift.pos=+46.13 elbow_flex.pos=-57.31 wrist_flex.pos=+96.47 wrist_roll.pos=-5.59 gripper.pos=+4.78
DEBUG 2026-08-19 04:35:29 [action #258] t=9.60s step=257 queue=6 dmax=1.321 | shoulder_pan.pos=-9.25 shoulder_lift.pos=+45.54 elbow_flex.pos=-57.27 wrist_flex.pos=+96.71 wrist_roll.pos=-5.59 gripper.pos=+6.10
DEBUG 2026-08-19 04:35:29 [chunk] received 50 actions, timesteps 235..284 | first: shoulder_pan.pos=-12.65 shoulder_lift.pos=+34.02 elbow_flex.pos=-34.40 wrist_flex.pos=+89.61 wrist_roll.pos=-3.31 gripper.pos=+32.04 | last: shoulder_pan.pos=-10.78 shoulder_lift.pos=+48.66 elbow_flex.pos=-53.60 wrist_flex.pos=+94.21 wrist_roll.pos=-3.32 gripper.pos=+4.57
DEBUG 2026-08-19 04:35:29 [action #259] t=9.63s step=258 queue=27 dmax=19.349 | shoulder_pan.pos=-11.88 shoulder_lift.pos=+50.01 elbow_flex.pos=-51.18 wrist_flex.pos=+92.69 wrist_roll.pos=-3.06 gripper.pos=+25.45
DEBUG 2026-08-19 04:35:29 [action #260] t=9.67s step=259 queue=26 dmax=0.453 | shoulder_pan.pos=-11.94 shoulder_lift.pos=+50.47 elbow_flex.pos=-51.30 wrist_flex.pos=+93.06 wrist_roll.pos=-3.16 gripper.pos=+25.70
DEBUG 2026-08-19 04:35:29 [action #261] t=9.70s step=260 queue=25 dmax=0.655 | shoulder_pan.pos=-11.73 shoulder_lift.pos=+50.07 elbow_flex.pos=-51.96 wrist_flex.pos=+93.41 wrist_roll.pos=-3.20 gripper.pos=+25.61
DEBUG 2026-08-19 04:35:29 [action #262] t=9.73s step=261 queue=24 dmax=0.991 | shoulder_pan.pos=-11.90 shoulder_lift.pos=+51.06 elbow_flex.pos=-51.80 wrist_flex.pos=+93.88 wrist_roll.pos=-3.11 gripper.pos=+25.43
DEBUG 2026-08-19 04:35:29 [action #263] t=9.77s step=262 queue=23 dmax=0.857 | shoulder_pan.pos=-11.68 shoulder_lift.pos=+51.39 elbow_flex.pos=-52.58 wrist_flex.pos=+94.25 wrist_roll.pos=-3.25 gripper.pos=+24.57
DEBUG 2026-08-19 04:35:29 [action #264] t=9.80s step=263 queue=22 dmax=4.063 | shoulder_pan.pos=-12.80 shoulder_lift.pos=+54.27 elbow_flex.pos=-50.11 wrist_flex.pos=+92.36 wrist_roll.pos=-2.33 gripper.pos=+28.63
DEBUG 2026-08-19 04:35:29 [action #265] t=9.83s step=264 queue=21 dmax=2.859 | shoulder_pan.pos=-12.77 shoulder_lift.pos=+54.05 elbow_flex.pos=-49.88 wrist_flex.pos=+91.91 wrist_roll.pos=-2.49 gripper.pos=+25.78
DEBUG 2026-08-19 04:35:29 [action #266] t=9.87s step=265 queue=20 dmax=3.742 | shoulder_pan.pos=-12.12 shoulder_lift.pos=+54.22 elbow_flex.pos=-50.16 wrist_flex.pos=+91.80 wrist_roll.pos=-2.63 gripper.pos=+22.03
DEBUG 2026-08-19 04:35:29 [action #267] t=9.90s step=266 queue=19 dmax=4.193 | shoulder_pan.pos=-11.74 shoulder_lift.pos=+53.64 elbow_flex.pos=-49.87 wrist_flex.pos=+91.76 wrist_roll.pos=-2.48 gripper.pos=+17.84
DEBUG 2026-08-19 04:35:29 [action #268] t=9.93s step=267 queue=18 dmax=4.521 | shoulder_pan.pos=-11.67 shoulder_lift.pos=+53.27 elbow_flex.pos=-49.35 wrist_flex.pos=+91.28 wrist_roll.pos=-2.59 gripper.pos=+13.32
DEBUG 2026-08-19 04:35:29 [action #269] t=9.97s step=268 queue=17 dmax=4.290 | shoulder_pan.pos=-11.57 shoulder_lift.pos=+53.41 elbow_flex.pos=-49.68 wrist_flex.pos=+91.05 wrist_roll.pos=-2.61 gripper.pos=+9.03
DEBUG 2026-08-19 04:35:29 [action #270] t=10.00s step=269 queue=16 dmax=2.269 | shoulder_pan.pos=-11.50 shoulder_lift.pos=+52.91 elbow_flex.pos=-48.49 wrist_flex.pos=+90.72 wrist_roll.pos=-2.75 gripper.pos=+6.76
DEBUG 2026-08-19 04:35:29 [action #271] t=10.03s step=270 queue=15 dmax=2.008 | shoulder_pan.pos=-11.43 shoulder_lift.pos=+52.39 elbow_flex.pos=-48.12 wrist_flex.pos=+90.82 wrist_roll.pos=-2.70 gripper.pos=+4.75
DEBUG 2026-08-19 04:35:29 [action #272] t=10.07s step=271 queue=14 dmax=0.448 | shoulder_pan.pos=-11.40 shoulder_lift.pos=+52.33 elbow_flex.pos=-48.35 wrist_flex.pos=+90.97 wrist_roll.pos=-2.74 gripper.pos=+4.30
DEBUG 2026-08-19 04:35:29 [action #273] t=10.10s step=272 queue=13 dmax=0.707 | shoulder_pan.pos=-11.35 shoulder_lift.pos=+51.63 elbow_flex.pos=-48.38 wrist_flex.pos=+90.91 wrist_roll.pos=-2.79 gripper.pos=+4.43
DEBUG 2026-08-19 04:35:29 [action #274] t=10.13s step=273 queue=12 dmax=0.257 | shoulder_pan.pos=-11.23 shoulder_lift.pos=+51.37 elbow_flex.pos=-48.23 wrist_flex.pos=+90.98 wrist_roll.pos=-2.84 gripper.pos=+4.68
DEBUG 2026-08-19 04:35:29 [action #275] t=10.17s step=274 queue=11 dmax=0.321 | shoulder_pan.pos=-11.12 shoulder_lift.pos=+51.07 elbow_flex.pos=-47.91 wrist_flex.pos=+91.07 wrist_roll.pos=-2.83 gripper.pos=+4.82
DEBUG 2026-08-19 04:35:29 [action #276] t=10.20s step=275 queue=10 dmax=0.238 | shoulder_pan.pos=-11.22 shoulder_lift.pos=+50.83 elbow_flex.pos=-47.90 wrist_flex.pos=+90.90 wrist_roll.pos=-2.88 gripper.pos=+5.05
DEBUG 2026-08-19 04:35:29 [action #277] t=10.23s step=276 queue=9 dmax=0.312 | shoulder_pan.pos=-11.25 shoulder_lift.pos=+51.08 elbow_flex.pos=-48.21 wrist_flex.pos=+91.12 wrist_roll.pos=-2.88 gripper.pos=+5.06
DEBUG 2026-08-19 04:35:29 [action #278] t=10.27s step=277 queue=8 dmax=0.251 | shoulder_pan.pos=-11.22 shoulder_lift.pos=+51.05 elbow_flex.pos=-48.46 wrist_flex.pos=+91.22 wrist_roll.pos=-2.99 gripper.pos=+5.11
DEBUG 2026-08-19 04:35:29 [action #279] t=10.30s step=278 queue=7 dmax=0.779 | shoulder_pan.pos=-10.93 shoulder_lift.pos=+50.27 elbow_flex.pos=-48.81 wrist_flex.pos=+91.69 wrist_roll.pos=-2.96 gripper.pos=+5.11
DEBUG 2026-08-19 04:35:29 [action #280] t=10.33s step=279 queue=6 dmax=0.587 | shoulder_pan.pos=-10.84 shoulder_lift.pos=+50.26 elbow_flex.pos=-49.40 wrist_flex.pos=+92.05 wrist_roll.pos=-2.95 gripper.pos=+4.99
DEBUG 2026-08-19 04:35:29 [action #281] t=10.37s step=280 queue=5 dmax=0.697 | shoulder_pan.pos=-10.91 shoulder_lift.pos=+49.68 elbow_flex.pos=-50.09 wrist_flex.pos=+92.56 wrist_roll.pos=-2.99 gripper.pos=+5.00
DEBUG 2026-08-19 04:35:29 [action #282] t=10.40s step=281 queue=4 dmax=0.689 | shoulder_pan.pos=-10.76 shoulder_lift.pos=+50.03 elbow_flex.pos=-50.78 wrist_flex.pos=+92.86 wrist_roll.pos=-3.15 gripper.pos=+4.79
DEBUG 2026-08-19 04:35:29 [action #283] t=10.44s step=282 queue=3 dmax=1.037 | shoulder_pan.pos=-10.88 shoulder_lift.pos=+48.99 elbow_flex.pos=-51.67 wrist_flex.pos=+93.52 wrist_roll.pos=-3.10 gripper.pos=+4.66
DEBUG 2026-08-19 04:35:29 [action #284] t=10.47s step=283 queue=2 dmax=1.164 | shoulder_pan.pos=-10.81 shoulder_lift.pos=+49.22 elbow_flex.pos=-52.83 wrist_flex.pos=+93.82 wrist_roll.pos=-3.18 gripper.pos=+4.51
DEBUG 2026-08-19 04:35:30 [action #285] t=10.50s step=284 queue=1 dmax=0.762 | shoulder_pan.pos=-10.78 shoulder_lift.pos=+48.66 elbow_flex.pos=-53.60 wrist_flex.pos=+94.21 wrist_roll.pos=-3.32 gripper.pos=+4.57
DEBUG 2026-08-19 04:35:30 [chunk] received 50 actions, timesteps 256..305 | first: shoulder_pan.pos=-10.08 shoulder_lift.pos=+54.03 elbow_flex.pos=-63.09 wrist_flex.pos=+95.48 wrist_roll.pos=-3.63 gripper.pos=+2.01 | last: shoulder_pan.pos=-9.20 shoulder_lift.pos=+57.54 elbow_flex.pos=-76.53 wrist_flex.pos=+99.48 wrist_roll.pos=-6.21 gripper.pos=+2.50
DEBUG 2026-08-19 04:35:30 [action #286] t=10.54s step=285 queue=21 dmax=14.449 | shoulder_pan.pos=-11.04 shoulder_lift.pos=+57.76 elbow_flex.pos=-63.01 wrist_flex.pos=+96.33 wrist_roll.pos=-4.08 gripper.pos=+19.02
DEBUG 2026-08-19 04:35:30 [action #287] t=10.57s step=286 queue=20 dmax=0.517 | shoulder_pan.pos=-11.10 shoulder_lift.pos=+57.45 elbow_flex.pos=-63.27 wrist_flex.pos=+96.33 wrist_roll.pos=-4.14 gripper.pos=+18.50
DEBUG 2026-08-19 04:35:30 [action #288] t=10.60s step=287 queue=19 dmax=1.049 | shoulder_pan.pos=-11.03 shoulder_lift.pos=+57.45 elbow_flex.pos=-63.42 wrist_flex.pos=+96.49 wrist_roll.pos=-4.16 gripper.pos=+17.45
DEBUG 2026-08-19 04:35:30 [action #289] t=10.64s step=288 queue=18 dmax=1.631 | shoulder_pan.pos=-10.88 shoulder_lift.pos=+58.04 elbow_flex.pos=-63.34 wrist_flex.pos=+96.66 wrist_roll.pos=-4.09 gripper.pos=+15.82
DEBUG 2026-08-19 04:35:30 [action #290] t=10.67s step=289 queue=17 dmax=2.279 | shoulder_pan.pos=-10.83 shoulder_lift.pos=+58.23 elbow_flex.pos=-63.31 wrist_flex.pos=+96.62 wrist_roll.pos=-4.03 gripper.pos=+13.54
DEBUG 2026-08-19 04:35:30 [action #291] t=10.70s step=290 queue=16 dmax=1.944 | shoulder_pan.pos=-10.74 shoulder_lift.pos=+58.55 elbow_flex.pos=-63.42 wrist_flex.pos=+96.73 wrist_roll.pos=-4.07 gripper.pos=+11.60
DEBUG 2026-08-19 04:35:30 [action #292] t=10.74s step=291 queue=15 dmax=1.958 | shoulder_pan.pos=-10.55 shoulder_lift.pos=+58.47 elbow_flex.pos=-63.50 wrist_flex.pos=+96.85 wrist_roll.pos=-4.16 gripper.pos=+9.64
DEBUG 2026-08-19 04:35:30 [action #293] t=10.77s step=292 queue=14 dmax=1.598 | shoulder_pan.pos=-10.49 shoulder_lift.pos=+58.43 elbow_flex.pos=-63.80 wrist_flex.pos=+96.71 wrist_roll.pos=-4.19 gripper.pos=+8.04
DEBUG 2026-08-19 04:35:30 [action #294] t=10.80s step=293 queue=13 dmax=1.538 | shoulder_pan.pos=-10.19 shoulder_lift.pos=+58.99 elbow_flex.pos=-64.28 wrist_flex.pos=+96.88 wrist_roll.pos=-4.32 gripper.pos=+6.50
DEBUG 2026-08-19 04:35:30 [action #295] t=10.84s step=294 queue=12 dmax=1.320 | shoulder_pan.pos=-10.06 shoulder_lift.pos=+58.24 elbow_flex.pos=-64.41 wrist_flex.pos=+96.95 wrist_roll.pos=-4.29 gripper.pos=+5.18
DEBUG 2026-08-19 04:35:30 [action #296] t=10.87s step=295 queue=11 dmax=1.345 | shoulder_pan.pos=-10.00 shoulder_lift.pos=+58.56 elbow_flex.pos=-64.94 wrist_flex.pos=+96.93 wrist_roll.pos=-4.49 gripper.pos=+3.84
DEBUG 2026-08-19 04:35:30 [action #297] t=10.90s step=296 queue=10 dmax=1.013 | shoulder_pan.pos=-9.85 shoulder_lift.pos=+58.45 elbow_flex.pos=-65.95 wrist_flex.pos=+97.07 wrist_roll.pos=-4.56 gripper.pos=+2.92
DEBUG 2026-08-19 04:35:30 [action #298] t=10.94s step=297 queue=9 dmax=0.418 | shoulder_pan.pos=-9.68 shoulder_lift.pos=+58.63 elbow_flex.pos=-66.37 wrist_flex.pos=+97.07 wrist_roll.pos=-4.67 gripper.pos=+2.70
DEBUG 2026-08-19 04:35:30 [action #299] t=10.97s step=298 queue=8 dmax=0.854 | shoulder_pan.pos=-9.69 shoulder_lift.pos=+58.45 elbow_flex.pos=-67.22 wrist_flex.pos=+97.36 wrist_roll.pos=-4.83 gripper.pos=+2.40
DEBUG 2026-08-19 04:35:30 [action #300] t=11.00s step=299 queue=7 dmax=1.152 | shoulder_pan.pos=-9.52 shoulder_lift.pos=+58.35 elbow_flex.pos=-68.37 wrist_flex.pos=+97.38 wrist_roll.pos=-4.95 gripper.pos=+2.41
DEBUG 2026-08-19 04:35:30 [action #301] t=11.04s step=300 queue=6 dmax=1.249 | shoulder_pan.pos=-9.55 shoulder_lift.pos=+58.25 elbow_flex.pos=-69.62 wrist_flex.pos=+97.81 wrist_roll.pos=-5.15 gripper.pos=+2.33
DEBUG 2026-08-19 04:35:30 [action #302] t=11.07s step=301 queue=5 dmax=1.435 | shoulder_pan.pos=-9.31 shoulder_lift.pos=+58.28 elbow_flex.pos=-71.06 wrist_flex.pos=+97.90 wrist_roll.pos=-5.41 gripper.pos=+2.50
DEBUG 2026-08-19 04:35:30 [action #303] t=11.10s step=302 queue=4 dmax=1.578 | shoulder_pan.pos=-9.32 shoulder_lift.pos=+57.94 elbow_flex.pos=-72.64 wrist_flex.pos=+98.34 wrist_roll.pos=-5.57 gripper.pos=+2.56
DEBUG 2026-08-19 04:35:30 [action #304] t=11.14s step=303 queue=3 dmax=0.810 | shoulder_pan.pos=-9.30 shoulder_lift.pos=+57.71 elbow_flex.pos=-73.45 wrist_flex.pos=+98.75 wrist_roll.pos=-5.79 gripper.pos=+2.44
DEBUG 2026-08-19 04:35:30 [action #305] t=11.17s step=304 queue=2 dmax=1.733 | shoulder_pan.pos=-9.15 shoulder_lift.pos=+57.77 elbow_flex.pos=-75.18 wrist_flex.pos=+99.12 wrist_roll.pos=-6.11 gripper.pos=+2.51
DEBUG 2026-08-19 04:35:30 [action #306] t=11.20s step=305 queue=1 dmax=1.355 | shoulder_pan.pos=-9.20 shoulder_lift.pos=+57.54 elbow_flex.pos=-76.53 wrist_flex.pos=+99.48 wrist_roll.pos=-6.21 gripper.pos=+2.50
DEBUG 2026-08-19 04:35:30 [chunk] received 50 actions, timesteps 284..333 | first: shoulder_pan.pos=-10.50 shoulder_lift.pos=+53.73 elbow_flex.pos=-60.14 wrist_flex.pos=+96.84 wrist_roll.pos=-3.66 gripper.pos=+5.63 | last: shoulder_pan.pos=-14.06 shoulder_lift.pos=+47.77 elbow_flex.pos=-51.50 wrist_flex.pos=+90.84 wrist_roll.pos=-4.74 gripper.pos=+16.63
DEBUG 2026-08-19 04:35:30 [action #307] t=11.37s step=306 queue=28 dmax=20.198 | shoulder_pan.pos=-14.30 shoulder_lift.pos=+42.08 elbow_flex.pos=-56.33 wrist_flex.pos=+96.87 wrist_roll.pos=-3.99 gripper.pos=+13.82
DEBUG 2026-08-19 04:35:30 [action #308] t=11.41s step=307 queue=27 dmax=0.896 | shoulder_pan.pos=-14.48 shoulder_lift.pos=+41.87 elbow_flex.pos=-55.44 wrist_flex.pos=+96.47 wrist_roll.pos=-3.99 gripper.pos=+14.07
DEBUG 2026-08-19 04:35:30 [action #309] t=11.44s step=308 queue=26 dmax=0.703 | shoulder_pan.pos=-14.54 shoulder_lift.pos=+41.35 elbow_flex.pos=-54.78 wrist_flex.pos=+95.77 wrist_roll.pos=-3.97 gripper.pos=+14.12
DEBUG 2026-08-19 04:35:30 [action #310] t=11.47s step=309 queue=25 dmax=0.868 | shoulder_pan.pos=-14.59 shoulder_lift.pos=+41.07 elbow_flex.pos=-53.91 wrist_flex.pos=+95.09 wrist_roll.pos=-3.92 gripper.pos=+14.08
DEBUG 2026-08-19 04:35:31 [action #311] t=11.51s step=310 queue=24 dmax=1.088 | shoulder_pan.pos=-14.80 shoulder_lift.pos=+39.98 elbow_flex.pos=-53.08 wrist_flex.pos=+94.48 wrist_roll.pos=-3.89 gripper.pos=+14.09
DEBUG 2026-08-19 04:35:31 [action #312] t=11.54s step=311 queue=23 dmax=0.922 | shoulder_pan.pos=-14.49 shoulder_lift.pos=+39.77 elbow_flex.pos=-52.23 wrist_flex.pos=+93.55 wrist_roll.pos=-3.92 gripper.pos=+14.24
DEBUG 2026-08-19 04:35:31 [action #313] t=11.57s step=312 queue=22 dmax=0.812 | shoulder_pan.pos=-14.66 shoulder_lift.pos=+39.30 elbow_flex.pos=-51.42 wrist_flex.pos=+92.76 wrist_roll.pos=-3.80 gripper.pos=+14.77
DEBUG 2026-08-19 04:35:31 [action #314] t=11.61s step=313 queue=21 dmax=1.111 | shoulder_pan.pos=-14.62 shoulder_lift.pos=+38.90 elbow_flex.pos=-50.70 wrist_flex.pos=+91.65 wrist_roll.pos=-3.85 gripper.pos=+15.84
DEBUG 2026-08-19 04:35:31 [action #315] t=11.64s step=314 queue=20 dmax=1.414 | shoulder_pan.pos=-14.71 shoulder_lift.pos=+38.47 elbow_flex.pos=-49.29 wrist_flex.pos=+90.56 wrist_roll.pos=-3.89 gripper.pos=+17.18
DEBUG 2026-08-19 04:35:31 [action #316] t=11.67s step=315 queue=19 dmax=1.198 | shoulder_pan.pos=-14.65 shoulder_lift.pos=+38.55 elbow_flex.pos=-48.46 wrist_flex.pos=+89.42 wrist_roll.pos=-3.77 gripper.pos=+18.38
DEBUG 2026-08-19 04:35:31 [action #317] t=11.71s step=316 queue=18 dmax=0.974 | shoulder_pan.pos=-14.61 shoulder_lift.pos=+38.44 elbow_flex.pos=-47.49 wrist_flex.pos=+88.54 wrist_roll.pos=-3.82 gripper.pos=+19.03
DEBUG 2026-08-19 04:35:31 [action #318] t=11.74s step=317 queue=17 dmax=0.689 | shoulder_pan.pos=-14.60 shoulder_lift.pos=+38.50 elbow_flex.pos=-47.08 wrist_flex.pos=+87.85 wrist_roll.pos=-3.85 gripper.pos=+19.34
DEBUG 2026-08-19 04:35:31 [action #319] t=11.77s step=318 queue=16 dmax=0.235 | shoulder_pan.pos=-14.64 shoulder_lift.pos=+38.43 elbow_flex.pos=-46.86 wrist_flex.pos=+87.61 wrist_roll.pos=-3.90 gripper.pos=+19.37
DEBUG 2026-08-19 04:35:31 [action #320] t=11.81s step=319 queue=15 dmax=0.744 | shoulder_pan.pos=-14.74 shoulder_lift.pos=+39.17 elbow_flex.pos=-46.50 wrist_flex.pos=+87.28 wrist_roll.pos=-3.91 gripper.pos=+19.17
DEBUG 2026-08-19 04:35:31 [action #321] t=11.84s step=320 queue=14 dmax=0.285 | shoulder_pan.pos=-14.53 shoulder_lift.pos=+39.41 elbow_flex.pos=-46.34 wrist_flex.pos=+87.14 wrist_roll.pos=-4.04 gripper.pos=+18.89
DEBUG 2026-08-19 04:35:31 [action #322] t=11.87s step=321 queue=13 dmax=0.625 | shoulder_pan.pos=-14.64 shoulder_lift.pos=+40.03 elbow_flex.pos=-46.53 wrist_flex.pos=+87.10 wrist_roll.pos=-4.12 gripper.pos=+18.48
DEBUG 2026-08-19 04:35:31 [action #323] t=11.91s step=322 queue=12 dmax=0.366 | shoulder_pan.pos=-14.73 shoulder_lift.pos=+39.89 elbow_flex.pos=-46.53 wrist_flex.pos=+86.73 wrist_roll.pos=-4.25 gripper.pos=+18.18
DEBUG 2026-08-19 04:35:31 [action #324] t=11.94s step=323 queue=11 dmax=0.345 | shoulder_pan.pos=-14.54 shoulder_lift.pos=+40.18 elbow_flex.pos=-46.80 wrist_flex.pos=+87.08 wrist_roll.pos=-4.40 gripper.pos=+18.10
DEBUG 2026-08-19 04:35:31 [action #325] t=11.97s step=324 queue=10 dmax=0.921 | shoulder_pan.pos=-14.44 shoulder_lift.pos=+41.10 elbow_flex.pos=-46.88 wrist_flex.pos=+87.19 wrist_roll.pos=-4.65 gripper.pos=+18.19
DEBUG 2026-08-19 04:35:31 [action #326] t=12.01s step=325 queue=9 dmax=0.276 | shoulder_pan.pos=-14.21 shoulder_lift.pos=+41.24 elbow_flex.pos=-47.16 wrist_flex.pos=+87.28 wrist_roll.pos=-4.51 gripper.pos=+18.33
DEBUG 2026-08-19 04:35:31 [action #327] t=12.04s step=326 queue=8 dmax=0.776 | shoulder_pan.pos=-14.54 shoulder_lift.pos=+42.02 elbow_flex.pos=-47.45 wrist_flex.pos=+87.40 wrist_roll.pos=-4.56 gripper.pos=+18.27
DEBUG 2026-08-19 04:35:31 [action #328] t=12.07s step=327 queue=7 dmax=0.415 | shoulder_pan.pos=-14.37 shoulder_lift.pos=+42.43 elbow_flex.pos=-47.61 wrist_flex.pos=+87.72 wrist_roll.pos=-4.57 gripper.pos=+18.21
DEBUG 2026-08-19 04:35:31 [action #329] t=12.11s step=328 queue=6 dmax=0.803 | shoulder_pan.pos=-14.41 shoulder_lift.pos=+43.12 elbow_flex.pos=-48.41 wrist_flex.pos=+88.11 wrist_roll.pos=-4.59 gripper.pos=+18.15
DEBUG 2026-08-19 04:35:31 [action #330] t=12.14s step=329 queue=5 dmax=1.566 | shoulder_pan.pos=-14.29 shoulder_lift.pos=+44.69 elbow_flex.pos=-48.79 wrist_flex.pos=+88.54 wrist_roll.pos=-4.61 gripper.pos=+18.04
DEBUG 2026-08-19 04:35:31 [action #331] t=12.17s step=330 queue=4 dmax=0.831 | shoulder_pan.pos=-14.20 shoulder_lift.pos=+44.68 elbow_flex.pos=-49.62 wrist_flex.pos=+89.09 wrist_roll.pos=-4.58 gripper.pos=+17.88
DEBUG 2026-08-19 04:35:31 [action #332] t=12.21s step=331 queue=3 dmax=1.103 | shoulder_pan.pos=-14.25 shoulder_lift.pos=+45.79 elbow_flex.pos=-50.36 wrist_flex.pos=+89.78 wrist_roll.pos=-4.64 gripper.pos=+17.66
DEBUG 2026-08-19 04:35:31 [action #333] t=12.24s step=332 queue=2 dmax=0.929 | shoulder_pan.pos=-14.11 shoulder_lift.pos=+46.72 elbow_flex.pos=-51.16 wrist_flex.pos=+90.39 wrist_roll.pos=-4.72 gripper.pos=+17.48
DEBUG 2026-08-19 04:35:31 [chunk] received 50 actions, timesteps 305..354 | first: shoulder_pan.pos=-8.97 shoulder_lift.pos=+52.55 elbow_flex.pos=-69.20 wrist_flex.pos=+98.09 wrist_roll.pos=-5.42 gripper.pos=+1.65 | last: shoulder_pan.pos=-10.10 shoulder_lift.pos=+57.81 elbow_flex.pos=-70.80 wrist_flex.pos=+91.62 wrist_roll.pos=-2.32 gripper.pos=+6.25
DEBUG 2026-08-19 04:35:31 [action #334] t=12.27s step=333 queue=22 dmax=8.589 | shoulder_pan.pos=-12.46 shoulder_lift.pos=+51.54 elbow_flex.pos=-59.74 wrist_flex.pos=+90.29 wrist_roll.pos=-2.53 gripper.pos=+21.78
DEBUG 2026-08-19 04:35:31 [action #335] t=12.31s step=334 queue=21 dmax=2.946 | shoulder_pan.pos=-11.52 shoulder_lift.pos=+53.49 elbow_flex.pos=-62.69 wrist_flex.pos=+89.67 wrist_roll.pos=-1.68 gripper.pos=+23.84
DEBUG 2026-08-19 04:35:31 [action #336] t=12.34s step=335 queue=20 dmax=0.285 | shoulder_pan.pos=-11.44 shoulder_lift.pos=+53.55 elbow_flex.pos=-62.41 wrist_flex.pos=+89.39 wrist_roll.pos=-1.76 gripper.pos=+23.90
DEBUG 2026-08-19 04:35:31 [action #337] t=12.38s step=336 queue=19 dmax=0.726 | shoulder_pan.pos=-11.25 shoulder_lift.pos=+54.27 elbow_flex.pos=-62.59 wrist_flex.pos=+89.03 wrist_roll.pos=-1.86 gripper.pos=+24.10
DEBUG 2026-08-19 04:35:31 [action #338] t=12.41s step=337 queue=18 dmax=0.454 | shoulder_pan.pos=-11.50 shoulder_lift.pos=+53.82 elbow_flex.pos=-62.55 wrist_flex.pos=+88.94 wrist_roll.pos=-1.87 gripper.pos=+23.95
DEBUG 2026-08-19 04:35:31 [action #339] t=12.44s step=338 queue=17 dmax=1.104 | shoulder_pan.pos=-11.37 shoulder_lift.pos=+54.92 elbow_flex.pos=-62.85 wrist_flex.pos=+88.71 wrist_roll.pos=-1.75 gripper.pos=+24.23
DEBUG 2026-08-19 04:35:31 [action #340] t=12.48s step=339 queue=16 dmax=0.832 | shoulder_pan.pos=-11.34 shoulder_lift.pos=+55.75 elbow_flex.pos=-63.13 wrist_flex.pos=+88.52 wrist_roll.pos=-1.89 gripper.pos=+24.66
DEBUG 2026-08-19 04:35:32 [action #341] t=12.51s step=340 queue=15 dmax=0.589 | shoulder_pan.pos=-11.24 shoulder_lift.pos=+55.16 elbow_flex.pos=-63.29 wrist_flex.pos=+88.48 wrist_roll.pos=-1.79 gripper.pos=+24.84
DEBUG 2026-08-19 04:35:32 [action #342] t=12.54s step=341 queue=14 dmax=0.781 | shoulder_pan.pos=-11.09 shoulder_lift.pos=+55.95 elbow_flex.pos=-63.69 wrist_flex.pos=+88.50 wrist_roll.pos=-1.80 gripper.pos=+25.07
DEBUG 2026-08-19 04:35:32 [action #343] t=12.58s step=342 queue=13 dmax=0.369 | shoulder_pan.pos=-11.02 shoulder_lift.pos=+55.58 elbow_flex.pos=-63.41 wrist_flex.pos=+88.57 wrist_roll.pos=-1.81 gripper.pos=+25.17
DEBUG 2026-08-19 04:35:32 [action #344] t=12.61s step=343 queue=12 dmax=1.954 | shoulder_pan.pos=-10.74 shoulder_lift.pos=+55.88 elbow_flex.pos=-65.36 wrist_flex.pos=+88.27 wrist_roll.pos=-1.82 gripper.pos=+25.14
DEBUG 2026-08-19 04:35:32 [action #345] t=12.64s step=344 queue=11 dmax=1.030 | shoulder_pan.pos=-10.72 shoulder_lift.pos=+56.91 elbow_flex.pos=-65.32 wrist_flex.pos=+88.39 wrist_roll.pos=-1.67 gripper.pos=+24.73
DEBUG 2026-08-19 04:35:32 [action #346] t=12.68s step=345 queue=10 dmax=0.648 | shoulder_pan.pos=-10.33 shoulder_lift.pos=+56.69 elbow_flex.pos=-65.78 wrist_flex.pos=+88.51 wrist_roll.pos=-1.72 gripper.pos=+24.08
DEBUG 2026-08-19 04:35:32 [action #347] t=12.71s step=346 queue=9 dmax=1.825 | shoulder_pan.pos=-10.14 shoulder_lift.pos=+57.88 elbow_flex.pos=-67.60 wrist_flex.pos=+88.83 wrist_roll.pos=-1.59 gripper.pos=+22.41
DEBUG 2026-08-19 04:35:32 [action #348] t=12.74s step=347 queue=8 dmax=2.255 | shoulder_pan.pos=-10.01 shoulder_lift.pos=+58.09 elbow_flex.pos=-68.63 wrist_flex.pos=+89.06 wrist_roll.pos=-1.69 gripper.pos=+20.16
DEBUG 2026-08-19 04:35:32 [action #349] t=12.78s step=348 queue=7 dmax=2.907 | shoulder_pan.pos=-9.87 shoulder_lift.pos=+57.59 elbow_flex.pos=-68.74 wrist_flex.pos=+89.49 wrist_roll.pos=-1.89 gripper.pos=+17.25
DEBUG 2026-08-19 04:35:32 [action #350] t=12.81s step=349 queue=6 dmax=2.875 | shoulder_pan.pos=-9.67 shoulder_lift.pos=+58.39 elbow_flex.pos=-68.57 wrist_flex.pos=+90.25 wrist_roll.pos=-1.86 gripper.pos=+14.37
DEBUG 2026-08-19 04:35:32 [action #351] t=12.84s step=350 queue=5 dmax=2.942 | shoulder_pan.pos=-9.77 shoulder_lift.pos=+58.20 elbow_flex.pos=-69.45 wrist_flex.pos=+90.58 wrist_roll.pos=-1.98 gripper.pos=+11.43
DEBUG 2026-08-19 04:35:32 [action #352] t=12.88s step=351 queue=4 dmax=2.064 | shoulder_pan.pos=-9.88 shoulder_lift.pos=+57.97 elbow_flex.pos=-69.69 wrist_flex.pos=+90.82 wrist_roll.pos=-1.99 gripper.pos=+9.37
DEBUG 2026-08-19 04:35:32 [action #353] t=12.91s step=352 queue=3 dmax=1.631 | shoulder_pan.pos=-9.64 shoulder_lift.pos=+57.34 elbow_flex.pos=-70.22 wrist_flex.pos=+91.27 wrist_roll.pos=-2.13 gripper.pos=+7.74
DEBUG 2026-08-19 04:35:32 [action #354] t=12.94s step=353 queue=2 dmax=1.101 | shoulder_pan.pos=-9.95 shoulder_lift.pos=+58.06 elbow_flex.pos=-70.44 wrist_flex.pos=+91.25 wrist_roll.pos=-2.41 gripper.pos=+6.64
DEBUG 2026-08-19 04:35:32 [action #355] t=12.98s step=354 queue=1 dmax=0.384 | shoulder_pan.pos=-10.10 shoulder_lift.pos=+57.81 elbow_flex.pos=-70.80 wrist_flex.pos=+91.62 wrist_roll.pos=-2.32 gripper.pos=+6.25
DEBUG 2026-08-19 04:35:32 [chunk] received 50 actions, timesteps 332..381 | first: shoulder_pan.pos=-13.36 shoulder_lift.pos=+44.55 elbow_flex.pos=-48.86 wrist_flex.pos=+95.68 wrist_roll.pos=-3.34 gripper.pos=+26.72 | last: shoulder_pan.pos=-12.76 shoulder_lift.pos=+58.10 elbow_flex.pos=-66.93 wrist_flex.pos=+95.74 wrist_roll.pos=-4.98 gripper.pos=+2.31
DEBUG 2026-08-19 04:35:32 [action #356] t=13.21s step=355 queue=27 dmax=22.889 | shoulder_pan.pos=-14.07 shoulder_lift.pos=+55.63 elbow_flex.pos=-56.79 wrist_flex.pos=+88.76 wrist_roll.pos=-2.87 gripper.pos=+29.14
DEBUG 2026-08-19 04:35:32 [action #357] t=13.24s step=356 queue=26 dmax=0.510 | shoulder_pan.pos=-14.21 shoulder_lift.pos=+56.14 elbow_flex.pos=-56.49 wrist_flex.pos=+88.79 wrist_roll.pos=-3.01 gripper.pos=+29.01
DEBUG 2026-08-19 04:35:32 [action #358] t=13.28s step=357 queue=25 dmax=0.992 | shoulder_pan.pos=-14.12 shoulder_lift.pos=+57.08 elbow_flex.pos=-57.48 wrist_flex.pos=+88.89 wrist_roll.pos=-3.06 gripper.pos=+28.95
DEBUG 2026-08-19 04:35:32 [action #359] t=13.31s step=358 queue=24 dmax=0.471 | shoulder_pan.pos=-13.92 shoulder_lift.pos=+57.55 elbow_flex.pos=-57.80 wrist_flex.pos=+88.96 wrist_roll.pos=-3.09 gripper.pos=+28.60
DEBUG 2026-08-19 04:35:32 [action #360] t=13.35s step=359 queue=23 dmax=0.591 | shoulder_pan.pos=-13.69 shoulder_lift.pos=+57.66 elbow_flex.pos=-58.17 wrist_flex.pos=+88.97 wrist_roll.pos=-3.20 gripper.pos=+28.01
DEBUG 2026-08-19 04:35:32 [action #361] t=13.38s step=360 queue=22 dmax=1.021 | shoulder_pan.pos=-13.73 shoulder_lift.pos=+58.68 elbow_flex.pos=-57.43 wrist_flex.pos=+89.05 wrist_roll.pos=-3.10 gripper.pos=+27.05
DEBUG 2026-08-19 04:35:32 [action #362] t=13.41s step=361 queue=21 dmax=1.484 | shoulder_pan.pos=-13.22 shoulder_lift.pos=+59.31 elbow_flex.pos=-57.59 wrist_flex.pos=+89.06 wrist_roll.pos=-3.22 gripper.pos=+25.57
DEBUG 2026-08-19 04:35:32 [action #363] t=13.45s step=362 queue=20 dmax=2.436 | shoulder_pan.pos=-13.24 shoulder_lift.pos=+59.50 elbow_flex.pos=-57.17 wrist_flex.pos=+89.00 wrist_roll.pos=-3.13 gripper.pos=+23.13
DEBUG 2026-08-19 04:35:33 [chunk] received 50 actions, timesteps 354..403 | first: shoulder_pan.pos=-9.19 shoulder_lift.pos=+55.29 elbow_flex.pos=-69.96 wrist_flex.pos=+95.74 wrist_roll.pos=-1.70 gripper.pos=+11.97 | last: shoulder_pan.pos=-8.24 shoulder_lift.pos=+57.09 elbow_flex.pos=-73.00 wrist_flex.pos=+94.27 wrist_roll.pos=-4.42 gripper.pos=+3.54
INFO 2026-08-19 04:35:33 Final action sent: shoulder_pan.pos=-13.24 shoulder_lift.pos=+59.50 elbow_flex.pos=-57.17 wrist_flex.pos=+89.00 wrist_roll.pos=-3.13 gripper.pos=+23.13
DEBUG 2026-08-19 04:35:33 === episode end | 14.0s | converged=False | actions=363 ===
DEBUG 2026-08-19 04:35:35 === episode start | task: 'put the box on the tray' | duration: 30.0s ===
DEBUG 2026-08-19 04:35:36 [chunk] received 50 actions, timesteps 362..411 | first: shoulder_pan.pos=-12.55 shoulder_lift.pos=+56.00 elbow_flex.pos=-66.44 wrist_flex.pos=+93.72 wrist_roll.pos=-2.07 gripper.pos=+21.92 | last: shoulder_pan.pos=-9.31 shoulder_lift.pos=+24.60 elbow_flex.pos=-31.12 wrist_flex.pos=+89.74 wrist_roll.pos=-4.41 gripper.pos=+3.70
DEBUG 2026-08-19 04:35:36 [action #1] t=0.87s step=362 queue=50 dmax=n/a | shoulder_pan.pos=-12.55 shoulder_lift.pos=+56.00 elbow_flex.pos=-66.44 wrist_flex.pos=+93.72 wrist_roll.pos=-2.07 gripper.pos=+21.92
DEBUG 2026-08-19 04:35:36 [action #2] t=0.90s step=363 queue=49 dmax=0.799 | shoulder_pan.pos=-12.09 shoulder_lift.pos=+55.83 elbow_flex.pos=-66.82 wrist_flex.pos=+93.34 wrist_roll.pos=-2.02 gripper.pos=+22.71
DEBUG 2026-08-19 04:35:36 [action #3] t=0.94s step=364 queue=48 dmax=1.450 | shoulder_pan.pos=-12.28 shoulder_lift.pos=+57.28 elbow_flex.pos=-66.67 wrist_flex.pos=+92.57 wrist_roll.pos=-2.07 gripper.pos=+23.33
DEBUG 2026-08-19 04:35:36 [action #4] t=0.97s step=365 queue=47 dmax=1.235 | shoulder_pan.pos=-12.46 shoulder_lift.pos=+56.29 elbow_flex.pos=-65.85 wrist_flex.pos=+92.36 wrist_roll.pos=-1.98 gripper.pos=+24.57
DEBUG 2026-08-19 04:35:36 [action #5] t=1.00s step=366 queue=46 dmax=1.469 | shoulder_pan.pos=-12.10 shoulder_lift.pos=+56.62 elbow_flex.pos=-65.97 wrist_flex.pos=+92.66 wrist_roll.pos=-2.04 gripper.pos=+26.03
DEBUG 2026-08-19 04:35:36 [action #6] t=1.04s step=367 queue=45 dmax=0.920 | shoulder_pan.pos=-12.16 shoulder_lift.pos=+56.28 elbow_flex.pos=-65.96 wrist_flex.pos=+92.27 wrist_roll.pos=-2.08 gripper.pos=+26.96
DEBUG 2026-08-19 04:35:36 [action #7] t=1.07s step=368 queue=44 dmax=0.600 | shoulder_pan.pos=-12.13 shoulder_lift.pos=+55.80 elbow_flex.pos=-65.66 wrist_flex.pos=+92.28 wrist_roll.pos=-2.07 gripper.pos=+27.56
DEBUG 2026-08-19 04:35:36 [action #8] t=1.10s step=369 queue=43 dmax=0.230 | shoulder_pan.pos=-12.04 shoulder_lift.pos=+55.93 elbow_flex.pos=-65.43 wrist_flex.pos=+92.30 wrist_roll.pos=-2.08 gripper.pos=+27.76
DEBUG 2026-08-19 04:35:36 [action #9] t=1.14s step=370 queue=42 dmax=0.332 | shoulder_pan.pos=-11.90 shoulder_lift.pos=+55.99 elbow_flex.pos=-65.10 wrist_flex.pos=+92.18 wrist_roll.pos=-2.08 gripper.pos=+27.72
DEBUG 2026-08-19 04:35:36 [action #10] t=1.17s step=371 queue=41 dmax=0.330 | shoulder_pan.pos=-11.92 shoulder_lift.pos=+56.13 elbow_flex.pos=-65.13 wrist_flex.pos=+92.28 wrist_roll.pos=-2.04 gripper.pos=+27.39
DEBUG 2026-08-19 04:35:36 [action #11] t=1.20s step=372 queue=40 dmax=0.259 | shoulder_pan.pos=-11.98 shoulder_lift.pos=+56.20 elbow_flex.pos=-65.33 wrist_flex.pos=+92.13 wrist_roll.pos=-2.20 gripper.pos=+27.13
DEBUG 2026-08-19 04:35:36 [action #12] t=1.24s step=373 queue=39 dmax=0.439 | shoulder_pan.pos=-11.94 shoulder_lift.pos=+55.76 elbow_flex.pos=-65.19 wrist_flex.pos=+92.19 wrist_roll.pos=-2.12 gripper.pos=+27.04
DEBUG 2026-08-19 04:35:36 [action #13] t=1.27s step=374 queue=38 dmax=0.320 | shoulder_pan.pos=-11.62 shoulder_lift.pos=+55.82 elbow_flex.pos=-65.23 wrist_flex.pos=+92.17 wrist_roll.pos=-1.98 gripper.pos=+27.05
DEBUG 2026-08-19 04:35:36 [action #14] t=1.30s step=375 queue=37 dmax=0.484 | shoulder_pan.pos=-11.86 shoulder_lift.pos=+56.30 elbow_flex.pos=-65.35 wrist_flex.pos=+92.42 wrist_roll.pos=-2.08 gripper.pos=+26.91
DEBUG 2026-08-19 04:35:36 [action #15] t=1.34s step=376 queue=36 dmax=0.291 | shoulder_pan.pos=-11.88 shoulder_lift.pos=+56.01 elbow_flex.pos=-65.46 wrist_flex.pos=+92.55 wrist_roll.pos=-2.04 gripper.pos=+26.95
DEBUG 2026-08-19 04:35:36 [action #16] t=1.37s step=377 queue=35 dmax=0.552 | shoulder_pan.pos=-11.61 shoulder_lift.pos=+56.38 elbow_flex.pos=-66.01 wrist_flex.pos=+92.47 wrist_roll.pos=-2.02 gripper.pos=+26.98
DEBUG 2026-08-19 04:35:36 [chunk] received 50 actions, timesteps 0..49 | first: shoulder_pan.pos=-5.31 shoulder_lift.pos=-100.05 elbow_flex.pos=+85.41 wrist_flex.pos=+74.91 wrist_roll.pos=-1.35 gripper.pos=+1.65 | last: shoulder_pan.pos=-8.11 shoulder_lift.pos=-51.88 elbow_flex.pos=+49.79 wrist_flex.pos=+65.34 wrist_roll.pos=-3.53 gripper.pos=+1.48
DEBUG 2026-08-19 04:35:37 [chunk] received 50 actions, timesteps 377..426 | first: shoulder_pan.pos=-11.24 shoulder_lift.pos=+9.92 elbow_flex.pos=-18.15 wrist_flex.pos=+97.30 wrist_roll.pos=-1.64 gripper.pos=+27.77 | last: shoulder_pan.pos=-11.31 shoulder_lift.pos=+22.08 elbow_flex.pos=-5.63 wrist_flex.pos=+78.21 wrist_roll.pos=+0.76 gripper.pos=+29.39
DEBUG 2026-08-19 04:35:37 [action #17] t=2.27s step=378 queue=49 dmax=47.806 | shoulder_pan.pos=-10.95 shoulder_lift.pos=+9.91 elbow_flex.pos=-18.21 wrist_flex.pos=+97.41 wrist_roll.pos=-1.54 gripper.pos=+27.92
DEBUG 2026-08-19 04:35:37 [action #18] t=2.31s step=379 queue=48 dmax=0.635 | shoulder_pan.pos=-10.62 shoulder_lift.pos=+10.55 elbow_flex.pos=-18.47 wrist_flex.pos=+97.18 wrist_roll.pos=-1.45 gripper.pos=+27.86
DEBUG 2026-08-19 04:35:37 [action #19] t=2.34s step=380 queue=47 dmax=0.357 | shoulder_pan.pos=-10.50 shoulder_lift.pos=+10.24 elbow_flex.pos=-18.18 wrist_flex.pos=+96.82 wrist_roll.pos=-1.31 gripper.pos=+27.82
DEBUG 2026-08-19 04:35:37 [action #20] t=2.37s step=381 queue=46 dmax=0.571 | shoulder_pan.pos=-10.33 shoulder_lift.pos=+10.07 elbow_flex.pos=-17.61 wrist_flex.pos=+96.58 wrist_roll.pos=-1.26 gripper.pos=+27.89
DEBUG 2026-08-19 04:35:37 [action #21] t=2.41s step=382 queue=45 dmax=0.726 | shoulder_pan.pos=-9.95 shoulder_lift.pos=+9.98 elbow_flex.pos=-16.88 wrist_flex.pos=+96.32 wrist_roll.pos=-1.16 gripper.pos=+27.69
DEBUG 2026-08-19 04:35:37 [action #22] t=2.44s step=383 queue=44 dmax=0.737 | shoulder_pan.pos=-9.81 shoulder_lift.pos=+9.69 elbow_flex.pos=-16.15 wrist_flex.pos=+95.72 wrist_roll.pos=-1.15 gripper.pos=+27.81
DEBUG 2026-08-19 04:35:37 [action #23] t=2.47s step=384 queue=43 dmax=1.171 | shoulder_pan.pos=-9.64 shoulder_lift.pos=+9.19 elbow_flex.pos=-14.97 wrist_flex.pos=+95.13 wrist_roll.pos=-1.19 gripper.pos=+27.84
DEBUG 2026-08-19 04:35:38 [action #24] t=2.51s step=385 queue=42 dmax=1.489 | shoulder_pan.pos=-9.44 shoulder_lift.pos=+8.29 elbow_flex.pos=-13.48 wrist_flex.pos=+94.37 wrist_roll.pos=-1.08 gripper.pos=+27.72
DEBUG 2026-08-19 04:35:38 [action #25] t=2.54s step=386 queue=41 dmax=1.881 | shoulder_pan.pos=-9.32 shoulder_lift.pos=+7.10 elbow_flex.pos=-11.60 wrist_flex.pos=+93.40 wrist_roll.pos=-1.05 gripper.pos=+27.86
DEBUG 2026-08-19 04:35:38 [action #26] t=2.57s step=387 queue=40 dmax=1.658 | shoulder_pan.pos=-9.22 shoulder_lift.pos=+6.25 elbow_flex.pos=-9.95 wrist_flex.pos=+92.32 wrist_roll.pos=-0.97 gripper.pos=+27.76
DEBUG 2026-08-19 04:35:38 [action #27] t=2.61s step=388 queue=39 dmax=2.134 | shoulder_pan.pos=-9.32 shoulder_lift.pos=+4.95 elbow_flex.pos=-7.81 wrist_flex.pos=+91.29 wrist_roll.pos=-0.94 gripper.pos=+27.83
DEBUG 2026-08-19 04:35:38 [action #28] t=2.64s step=389 queue=38 dmax=1.940 | shoulder_pan.pos=-9.33 shoulder_lift.pos=+3.79 elbow_flex.pos=-5.87 wrist_flex.pos=+90.12 wrist_roll.pos=-0.87 gripper.pos=+27.80
DEBUG 2026-08-19 04:35:38 [action #29] t=2.67s step=390 queue=37 dmax=1.327 | shoulder_pan.pos=-9.19 shoulder_lift.pos=+2.79 elbow_flex.pos=-4.54 wrist_flex.pos=+89.18 wrist_roll.pos=-0.77 gripper.pos=+27.82
DEBUG 2026-08-19 04:35:38 [action #30] t=2.71s step=391 queue=36 dmax=1.685 | shoulder_pan.pos=-9.26 shoulder_lift.pos=+1.94 elbow_flex.pos=-2.86 wrist_flex.pos=+88.20 wrist_roll.pos=-0.74 gripper.pos=+27.93
DEBUG 2026-08-19 04:35:38 [action #31] t=2.74s step=392 queue=35 dmax=1.480 | shoulder_pan.pos=-9.51 shoulder_lift.pos=+0.91 elbow_flex.pos=-1.38 wrist_flex.pos=+87.35 wrist_roll.pos=-0.71 gripper.pos=+28.01
DEBUG 2026-08-19 04:35:38 [action #32] t=2.78s step=393 queue=34 dmax=1.251 | shoulder_pan.pos=-9.41 shoulder_lift.pos=+0.13 elbow_flex.pos=-0.13 wrist_flex.pos=+86.22 wrist_roll.pos=-0.67 gripper.pos=+28.01
DEBUG 2026-08-19 04:35:38 [action #33] t=2.81s step=394 queue=33 dmax=1.972 | shoulder_pan.pos=-9.57 shoulder_lift.pos=-1.10 elbow_flex.pos=+1.84 wrist_flex.pos=+85.27 wrist_roll.pos=-0.63 gripper.pos=+28.03
DEBUG 2026-08-19 04:35:38 [action #34] t=2.84s step=395 queue=32 dmax=1.626 | shoulder_pan.pos=-9.30 shoulder_lift.pos=-2.24 elbow_flex.pos=+3.47 wrist_flex.pos=+84.04 wrist_roll.pos=-0.48 gripper.pos=+28.08
DEBUG 2026-08-19 04:35:38 [chunk] received 50 actions, timesteps 377..426 | first: shoulder_pan.pos=-13.63 shoulder_lift.pos=+11.85 elbow_flex.pos=-17.06 wrist_flex.pos=+94.31 wrist_roll.pos=-1.80 gripper.pos=+27.78 | last: shoulder_pan.pos=-9.86 shoulder_lift.pos=+35.71 elbow_flex.pos=-26.51 wrist_flex.pos=+85.48 wrist_roll.pos=+0.53 gripper.pos=+1.02
DEBUG 2026-08-19 04:35:38 [action #35] t=2.88s step=396 queue=31 dmax=17.551 | shoulder_pan.pos=-11.90 shoulder_lift.pos=+15.31 elbow_flex.pos=-12.12 wrist_flex.pos=+87.78 wrist_roll.pos=-1.42 gripper.pos=+29.73
DEBUG 2026-08-19 04:35:38 [action #36] t=2.91s step=397 queue=30 dmax=0.850 | shoulder_pan.pos=-11.93 shoulder_lift.pos=+16.16 elbow_flex.pos=-12.29 wrist_flex.pos=+87.32 wrist_roll.pos=-1.38 gripper.pos=+29.81
DEBUG 2026-08-19 04:35:38 [action #37] t=2.94s step=398 queue=29 dmax=0.625 | shoulder_pan.pos=-11.91 shoulder_lift.pos=+16.72 elbow_flex.pos=-11.66 wrist_flex.pos=+86.83 wrist_roll.pos=-1.26 gripper.pos=+29.84
DEBUG 2026-08-19 04:35:38 [action #38] t=2.98s step=399 queue=28 dmax=0.946 | shoulder_pan.pos=-12.07 shoulder_lift.pos=+17.08 elbow_flex.pos=-12.61 wrist_flex.pos=+86.23 wrist_roll.pos=-1.20 gripper.pos=+29.84
DEBUG 2026-08-19 04:35:38 [action #39] t=3.01s step=400 queue=27 dmax=0.753 | shoulder_pan.pos=-12.04 shoulder_lift.pos=+17.84 elbow_flex.pos=-12.28 wrist_flex.pos=+85.80 wrist_roll.pos=-1.14 gripper.pos=+29.86
DEBUG 2026-08-19 04:35:38 [action #40] t=3.04s step=401 queue=26 dmax=0.524 | shoulder_pan.pos=-12.07 shoulder_lift.pos=+18.36 elbow_flex.pos=-12.74 wrist_flex.pos=+85.65 wrist_roll.pos=-1.01 gripper.pos=+29.87
DEBUG 2026-08-19 04:35:38 [action #41] t=3.08s step=402 queue=25 dmax=0.472 | shoulder_pan.pos=-12.21 shoulder_lift.pos=+18.83 elbow_flex.pos=-12.77 wrist_flex.pos=+85.28 wrist_roll.pos=-0.90 gripper.pos=+29.92
DEBUG 2026-08-19 04:35:38 [action #42] t=3.11s step=403 queue=24 dmax=0.904 | shoulder_pan.pos=-12.12 shoulder_lift.pos=+19.74 elbow_flex.pos=-13.06 wrist_flex.pos=+85.05 wrist_roll.pos=-0.92 gripper.pos=+29.85
DEBUG 2026-08-19 04:35:38 [action #43] t=3.14s step=404 queue=23 dmax=1.187 | shoulder_pan.pos=-12.02 shoulder_lift.pos=+20.79 elbow_flex.pos=-14.24 wrist_flex.pos=+85.03 wrist_roll.pos=-0.81 gripper.pos=+29.98
DEBUG 2026-08-19 04:35:38 [action #44] t=3.18s step=405 queue=22 dmax=0.623 | shoulder_pan.pos=-12.24 shoulder_lift.pos=+21.42 elbow_flex.pos=-14.57 wrist_flex.pos=+84.87 wrist_roll.pos=-0.69 gripper.pos=+29.97
DEBUG 2026-08-19 04:35:38 [action #45] t=3.21s step=406 queue=21 dmax=0.901 | shoulder_pan.pos=-12.29 shoulder_lift.pos=+22.32 elbow_flex.pos=-15.19 wrist_flex.pos=+85.00 wrist_roll.pos=-0.65 gripper.pos=+30.04
DEBUG 2026-08-19 04:35:38 [action #46] t=3.24s step=407 queue=20 dmax=1.211 | shoulder_pan.pos=-12.21 shoulder_lift.pos=+23.53 elbow_flex.pos=-16.15 wrist_flex.pos=+85.00 wrist_roll.pos=-0.58 gripper.pos=+30.04
DEBUG 2026-08-19 04:35:38 [action #47] t=3.28s step=408 queue=19 dmax=0.927 | shoulder_pan.pos=-12.25 shoulder_lift.pos=+24.45 elbow_flex.pos=-16.52 wrist_flex.pos=+85.10 wrist_roll.pos=-0.56 gripper.pos=+30.10
DEBUG 2026-08-19 04:35:38 [action #48] t=3.31s step=409 queue=18 dmax=1.135 | shoulder_pan.pos=-12.27 shoulder_lift.pos=+25.59 elbow_flex.pos=-17.57 wrist_flex.pos=+85.19 wrist_roll.pos=-0.52 gripper.pos=+30.15
DEBUG 2026-08-19 04:35:38 [action #49] t=3.34s step=410 queue=17 dmax=1.422 | shoulder_pan.pos=-12.10 shoulder_lift.pos=+27.01 elbow_flex.pos=-17.88 wrist_flex.pos=+85.10 wrist_roll.pos=-0.50 gripper.pos=+30.18
DEBUG 2026-08-19 04:35:38 [action #50] t=3.38s step=411 queue=16 dmax=1.020 | shoulder_pan.pos=-12.24 shoulder_lift.pos=+28.03 elbow_flex.pos=-18.82 wrist_flex.pos=+85.20 wrist_roll.pos=-0.40 gripper.pos=+30.16
DEBUG 2026-08-19 04:35:38 [action #51] t=3.41s step=412 queue=15 dmax=0.985 | shoulder_pan.pos=-12.21 shoulder_lift.pos=+29.02 elbow_flex.pos=-19.29 wrist_flex.pos=+85.15 wrist_roll.pos=-0.33 gripper.pos=+30.07
DEBUG 2026-08-19 04:35:38 [action #52] t=3.44s step=413 queue=14 dmax=0.719 | shoulder_pan.pos=-12.09 shoulder_lift.pos=+29.53 elbow_flex.pos=-20.01 wrist_flex.pos=+85.26 wrist_roll.pos=-0.40 gripper.pos=+29.68
DEBUG 2026-08-19 04:35:38 [action #53] t=3.48s step=414 queue=13 dmax=1.203 | shoulder_pan.pos=-12.00 shoulder_lift.pos=+30.62 elbow_flex.pos=-20.13 wrist_flex.pos=+85.26 wrist_roll.pos=-0.40 gripper.pos=+28.48
DEBUG 2026-08-19 04:35:39 [action #54] t=3.51s step=415 queue=12 dmax=2.506 | shoulder_pan.pos=-11.69 shoulder_lift.pos=+31.20 elbow_flex.pos=-20.34 wrist_flex.pos=+85.18 wrist_roll.pos=-0.36 gripper.pos=+25.97
DEBUG 2026-08-19 04:35:39 [action #55] t=3.54s step=416 queue=11 dmax=2.731 | shoulder_pan.pos=-11.57 shoulder_lift.pos=+31.25 elbow_flex.pos=-20.53 wrist_flex.pos=+85.08 wrist_roll.pos=-0.43 gripper.pos=+23.24
DEBUG 2026-08-19 04:35:39 [chunk] received 50 actions, timesteps 395..444 | first: shoulder_pan.pos=-10.38 shoulder_lift.pos=+2.79 elbow_flex.pos=+0.68 wrist_flex.pos=+85.21 wrist_roll.pos=-0.88 gripper.pos=+30.21 | last: shoulder_pan.pos=-10.20 shoulder_lift.pos=+34.87 elbow_flex.pos=-20.69 wrist_flex.pos=+89.43 wrist_roll.pos=+3.35 gripper.pos=+5.11
DEBUG 2026-08-19 04:35:39 [action #56] t=3.58s step=417 queue=28 dmax=8.850 | shoulder_pan.pos=-11.67 shoulder_lift.pos=+25.46 elbow_flex.pos=-11.68 wrist_flex.pos=+85.74 wrist_roll.pos=-0.31 gripper.pos=+29.14
DEBUG 2026-08-19 04:35:39 [action #57] t=3.61s step=418 queue=27 dmax=0.902 | shoulder_pan.pos=-11.91 shoulder_lift.pos=+25.69 elbow_flex.pos=-12.03 wrist_flex.pos=+85.71 wrist_roll.pos=-0.43 gripper.pos=+28.24
DEBUG 2026-08-19 04:35:39 [action #58] t=3.65s step=419 queue=26 dmax=0.960 | shoulder_pan.pos=-11.82 shoulder_lift.pos=+26.36 elbow_flex.pos=-12.99 wrist_flex.pos=+85.75 wrist_roll.pos=-0.27 gripper.pos=+27.51
DEBUG 2026-08-19 04:35:39 [action #59] t=3.68s step=420 queue=25 dmax=1.092 | shoulder_pan.pos=-11.74 shoulder_lift.pos=+27.45 elbow_flex.pos=-13.38 wrist_flex.pos=+85.56 wrist_roll.pos=-0.24 gripper.pos=+26.94
DEBUG 2026-08-19 04:35:39 [action #60] t=3.71s step=421 queue=24 dmax=0.711 | shoulder_pan.pos=-11.75 shoulder_lift.pos=+28.16 elbow_flex.pos=-13.98 wrist_flex.pos=+85.43 wrist_roll.pos=-0.09 gripper.pos=+26.37
DEBUG 2026-08-19 04:35:39 [action #61] t=3.75s step=422 queue=23 dmax=0.519 | shoulder_pan.pos=-11.85 shoulder_lift.pos=+28.68 elbow_flex.pos=-13.87 wrist_flex.pos=+85.33 wrist_roll.pos=+0.01 gripper.pos=+26.14
DEBUG 2026-08-19 04:35:39 [action #62] t=3.78s step=423 queue=22 dmax=0.900 | shoulder_pan.pos=-11.85 shoulder_lift.pos=+29.33 elbow_flex.pos=-14.77 wrist_flex.pos=+85.31 wrist_roll.pos=+0.05 gripper.pos=+26.03
DEBUG 2026-08-19 04:35:39 [action #63] t=3.81s step=424 queue=21 dmax=0.246 | shoulder_pan.pos=-11.89 shoulder_lift.pos=+29.42 elbow_flex.pos=-14.82 wrist_flex.pos=+85.33 wrist_roll.pos=+0.29 gripper.pos=+26.05
DEBUG 2026-08-19 04:35:39 [action #64] t=3.85s step=425 queue=20 dmax=0.906 | shoulder_pan.pos=-11.97 shoulder_lift.pos=+30.33 elbow_flex.pos=-15.36 wrist_flex.pos=+85.53 wrist_roll.pos=+0.45 gripper.pos=+26.00
DEBUG 2026-08-19 04:35:39 [action #65] t=3.88s step=426 queue=19 dmax=1.089 | shoulder_pan.pos=-12.28 shoulder_lift.pos=+31.42 elbow_flex.pos=-16.04 wrist_flex.pos=+85.78 wrist_roll.pos=+0.55 gripper.pos=+26.06
DEBUG 2026-08-19 04:35:39 [action #66] t=3.91s step=427 queue=18 dmax=6.894 | shoulder_pan.pos=-13.03 shoulder_lift.pos=+31.78 elbow_flex.pos=-14.25 wrist_flex.pos=+87.09 wrist_roll.pos=+0.45 gripper.pos=+32.95
DEBUG 2026-08-19 04:35:39 [action #67] t=3.95s step=428 queue=17 dmax=1.538 | shoulder_pan.pos=-12.93 shoulder_lift.pos=+33.32 elbow_flex.pos=-15.49 wrist_flex.pos=+87.31 wrist_roll.pos=+0.48 gripper.pos=+33.01
DEBUG 2026-08-19 04:35:39 [action #68] t=3.98s step=429 queue=16 dmax=1.249 | shoulder_pan.pos=-13.20 shoulder_lift.pos=+33.91 elbow_flex.pos=-16.74 wrist_flex.pos=+87.89 wrist_roll.pos=+0.55 gripper.pos=+32.93
DEBUG 2026-08-19 04:35:39 [action #69] t=4.01s step=430 queue=15 dmax=0.935 | shoulder_pan.pos=-13.16 shoulder_lift.pos=+34.85 elbow_flex.pos=-16.60 wrist_flex.pos=+88.48 wrist_roll.pos=+0.55 gripper.pos=+32.87
DEBUG 2026-08-19 04:35:39 [action #70] t=4.05s step=431 queue=14 dmax=1.392 | shoulder_pan.pos=-13.27 shoulder_lift.pos=+35.65 elbow_flex.pos=-17.99 wrist_flex.pos=+88.92 wrist_roll.pos=+0.57 gripper.pos=+32.95
DEBUG 2026-08-19 04:35:39 [action #71] t=4.08s step=432 queue=13 dmax=0.499 | shoulder_pan.pos=-13.37 shoulder_lift.pos=+36.15 elbow_flex.pos=-18.02 wrist_flex.pos=+89.22 wrist_roll.pos=+0.67 gripper.pos=+32.96
DEBUG 2026-08-19 04:35:39 [action #72] t=4.11s step=433 queue=12 dmax=0.505 | shoulder_pan.pos=-13.24 shoulder_lift.pos=+36.66 elbow_flex.pos=-18.51 wrist_flex.pos=+89.32 wrist_roll.pos=+0.78 gripper.pos=+32.80
DEBUG 2026-08-19 04:35:39 [action #73] t=4.15s step=434 queue=11 dmax=0.609 | shoulder_pan.pos=-12.90 shoulder_lift.pos=+37.11 elbow_flex.pos=-18.58 wrist_flex.pos=+89.44 wrist_roll.pos=+0.82 gripper.pos=+32.19
DEBUG 2026-08-19 04:35:39 [action #74] t=4.18s step=435 queue=10 dmax=1.234 | shoulder_pan.pos=-12.84 shoulder_lift.pos=+37.67 elbow_flex.pos=-18.87 wrist_flex.pos=+89.56 wrist_roll.pos=+0.99 gripper.pos=+30.95
DEBUG 2026-08-19 04:35:39 [action #75] t=4.21s step=436 queue=9 dmax=2.239 | shoulder_pan.pos=-12.67 shoulder_lift.pos=+37.66 elbow_flex.pos=-18.93 wrist_flex.pos=+89.66 wrist_roll.pos=+1.12 gripper.pos=+28.72
DEBUG 2026-08-19 04:35:39 [action #76] t=4.25s step=437 queue=8 dmax=3.481 | shoulder_pan.pos=-12.51 shoulder_lift.pos=+37.27 elbow_flex.pos=-18.94 wrist_flex.pos=+89.44 wrist_roll.pos=+1.27 gripper.pos=+25.23
DEBUG 2026-08-19 04:35:39 [chunk] received 50 actions, timesteps 416..465 | first: shoulder_pan.pos=-11.84 shoulder_lift.pos=+30.19 elbow_flex.pos=-19.17 wrist_flex.pos=+84.67 wrist_roll.pos=-1.07 gripper.pos=+30.25 | last: shoulder_pan.pos=-5.48 shoulder_lift.pos=+20.59 elbow_flex.pos=-43.90 wrist_flex.pos=+101.12 wrist_roll.pos=-2.97 gripper.pos=+2.54
DEBUG 2026-08-19 04:35:39 [action #77] t=4.28s step=438 queue=28 dmax=16.840 | shoulder_pan.pos=-11.18 shoulder_lift.pos=+37.29 elbow_flex.pos=-24.68 wrist_flex.pos=+87.73 wrist_roll.pos=-0.74 gripper.pos=+8.39
DEBUG 2026-08-19 04:35:39 [action #78] t=4.31s step=439 queue=27 dmax=1.239 | shoulder_pan.pos=-10.97 shoulder_lift.pos=+36.90 elbow_flex.pos=-25.33 wrist_flex.pos=+87.97 wrist_roll.pos=-0.75 gripper.pos=+7.16
DEBUG 2026-08-19 04:35:39 [action #79] t=4.35s step=440 queue=26 dmax=1.171 | shoulder_pan.pos=-10.84 shoulder_lift.pos=+37.30 elbow_flex.pos=-25.83 wrist_flex.pos=+88.07 wrist_roll.pos=-0.67 gripper.pos=+5.99
DEBUG 2026-08-19 04:35:39 [action #80] t=4.38s step=441 queue=25 dmax=0.817 | shoulder_pan.pos=-10.67 shoulder_lift.pos=+36.68 elbow_flex.pos=-26.14 wrist_flex.pos=+88.48 wrist_roll.pos=-0.60 gripper.pos=+5.17
DEBUG 2026-08-19 04:35:39 [action #81] t=4.42s step=442 queue=24 dmax=0.789 | shoulder_pan.pos=-10.76 shoulder_lift.pos=+36.37 elbow_flex.pos=-26.93 wrist_flex.pos=+88.85 wrist_roll.pos=-0.46 gripper.pos=+4.52
DEBUG 2026-08-19 04:35:39 [action #82] t=4.45s step=443 queue=23 dmax=0.456 | shoulder_pan.pos=-10.61 shoulder_lift.pos=+36.07 elbow_flex.pos=-27.13 wrist_flex.pos=+89.31 wrist_roll.pos=-0.40 gripper.pos=+4.06
DEBUG 2026-08-19 04:35:39 [action #83] t=4.48s step=444 queue=22 dmax=1.293 | shoulder_pan.pos=-10.41 shoulder_lift.pos=+35.63 elbow_flex.pos=-28.42 wrist_flex.pos=+89.81 wrist_roll.pos=-0.24 gripper.pos=+3.66
DEBUG 2026-08-19 04:35:40 [action #84] t=4.52s step=445 queue=21 dmax=3.909 | shoulder_pan.pos=-10.47 shoulder_lift.pos=+36.29 elbow_flex.pos=-32.33 wrist_flex.pos=+90.74 wrist_roll.pos=-1.95 gripper.pos=+2.93
DEBUG 2026-08-19 04:35:40 [action #85] t=4.55s step=446 queue=20 dmax=0.838 | shoulder_pan.pos=-10.29 shoulder_lift.pos=+35.64 elbow_flex.pos=-33.17 wrist_flex.pos=+91.48 wrist_roll.pos=-2.07 gripper.pos=+2.84
DEBUG 2026-08-19 04:35:40 [action #86] t=4.58s step=447 queue=19 dmax=1.453 | shoulder_pan.pos=-10.07 shoulder_lift.pos=+35.23 elbow_flex.pos=-34.62 wrist_flex.pos=+92.29 wrist_roll.pos=-2.13 gripper.pos=+2.70
DEBUG 2026-08-19 04:35:40 [action #87] t=4.62s step=448 queue=18 dmax=1.299 | shoulder_pan.pos=-9.91 shoulder_lift.pos=+35.15 elbow_flex.pos=-35.92 wrist_flex.pos=+93.11 wrist_roll.pos=-2.23 gripper.pos=+2.76
DEBUG 2026-08-19 04:35:40 [action #88] t=4.65s step=449 queue=17 dmax=1.284 | shoulder_pan.pos=-9.98 shoulder_lift.pos=+33.87 elbow_flex.pos=-37.09 wrist_flex.pos=+94.20 wrist_roll.pos=-2.38 gripper.pos=+2.76
DEBUG 2026-08-19 04:35:40 [action #89] t=4.68s step=450 queue=16 dmax=1.313 | shoulder_pan.pos=-9.66 shoulder_lift.pos=+34.25 elbow_flex.pos=-38.41 wrist_flex.pos=+94.87 wrist_roll.pos=-2.32 gripper.pos=+2.75
DEBUG 2026-08-19 04:35:40 [action #90] t=4.72s step=451 queue=15 dmax=1.294 | shoulder_pan.pos=-9.48 shoulder_lift.pos=+32.96 elbow_flex.pos=-39.03 wrist_flex.pos=+95.54 wrist_roll.pos=-2.42 gripper.pos=+2.85
DEBUG 2026-08-19 04:35:40 [action #91] t=4.75s step=452 queue=14 dmax=1.150 | shoulder_pan.pos=-9.62 shoulder_lift.pos=+32.18 elbow_flex.pos=-39.73 wrist_flex.pos=+96.69 wrist_roll.pos=-2.32 gripper.pos=+2.82
DEBUG 2026-08-19 04:35:40 [action #92] t=4.78s step=453 queue=13 dmax=0.720 | shoulder_pan.pos=-9.52 shoulder_lift.pos=+31.46 elbow_flex.pos=-40.27 wrist_flex.pos=+97.30 wrist_roll.pos=-2.27 gripper.pos=+2.87
DEBUG 2026-08-19 04:35:40 [action #93] t=4.82s step=454 queue=12 dmax=0.813 | shoulder_pan.pos=-9.30 shoulder_lift.pos=+31.20 elbow_flex.pos=-40.84 wrist_flex.pos=+98.11 wrist_roll.pos=-2.51 gripper.pos=+2.95
DEBUG 2026-08-19 04:35:40 [action #94] t=4.85s step=455 queue=11 dmax=1.111 | shoulder_pan.pos=-9.44 shoulder_lift.pos=+30.28 elbow_flex.pos=-41.95 wrist_flex.pos=+98.94 wrist_roll.pos=-2.48 gripper.pos=+2.96
DEBUG 2026-08-19 04:35:40 [action #95] t=4.88s step=456 queue=10 dmax=0.807 | shoulder_pan.pos=-9.17 shoulder_lift.pos=+29.47 elbow_flex.pos=-42.47 wrist_flex.pos=+99.40 wrist_roll.pos=-2.61 gripper.pos=+2.90
DEBUG 2026-08-19 04:35:40 [action #96] t=4.92s step=457 queue=9 dmax=0.812 | shoulder_pan.pos=-9.06 shoulder_lift.pos=+29.39 elbow_flex.pos=-43.29 wrist_flex.pos=+100.15 wrist_roll.pos=-2.70 gripper.pos=+2.87
DEBUG 2026-08-19 04:35:40 [action #97] t=4.95s step=458 queue=8 dmax=1.399 | shoulder_pan.pos=-8.94 shoulder_lift.pos=+27.99 elbow_flex.pos=-44.03 wrist_flex.pos=+100.43 wrist_roll.pos=-2.66 gripper.pos=+2.92
DEBUG 2026-08-19 04:35:40 [action #98] t=4.98s step=459 queue=7 dmax=0.912 | shoulder_pan.pos=-8.54 shoulder_lift.pos=+27.08 elbow_flex.pos=-43.67 wrist_flex.pos=+100.81 wrist_roll.pos=-2.55 gripper.pos=+2.77
DEBUG 2026-08-19 04:35:40 [action #99] t=5.02s step=460 queue=6 dmax=1.428 | shoulder_pan.pos=-8.33 shoulder_lift.pos=+25.65 elbow_flex.pos=-43.58 wrist_flex.pos=+100.93 wrist_roll.pos=-2.74 gripper.pos=+2.77
DEBUG 2026-08-19 04:35:40 [action #100] t=5.05s step=461 queue=5 dmax=0.892 | shoulder_pan.pos=-7.83 shoulder_lift.pos=+24.76 elbow_flex.pos=-43.56 wrist_flex.pos=+101.08 wrist_roll.pos=-2.67 gripper.pos=+2.73
DEBUG 2026-08-19 04:35:40 [action #101] t=5.08s step=462 queue=4 dmax=1.016 | shoulder_pan.pos=-7.22 shoulder_lift.pos=+23.75 elbow_flex.pos=-43.82 wrist_flex.pos=+101.11 wrist_roll.pos=-2.88 gripper.pos=+2.62
DEBUG 2026-08-19 04:35:40 [chunk] received 50 actions, timesteps 437..486 | first: shoulder_pan.pos=-12.80 shoulder_lift.pos=+35.36 elbow_flex.pos=-23.06 wrist_flex.pos=+91.95 wrist_roll.pos=+0.46 gripper.pos=+34.29 | last: shoulder_pan.pos=-2.68 shoulder_lift.pos=+19.41 elbow_flex.pos=-50.64 wrist_flex.pos=+101.49 wrist_roll.pos=-3.85 gripper.pos=+3.22
DEBUG 2026-08-19 04:35:40 [action #102] t=5.12s step=463 queue=24 dmax=9.929 | shoulder_pan.pos=-8.59 shoulder_lift.pos=+33.68 elbow_flex.pos=-39.29 wrist_flex.pos=+96.40 wrist_roll.pos=-1.82 gripper.pos=+3.33
DEBUG 2026-08-19 04:35:40 [action #103] t=5.15s step=464 queue=23 dmax=0.406 | shoulder_pan.pos=-8.50 shoulder_lift.pos=+33.37 elbow_flex.pos=-39.55 wrist_flex.pos=+96.81 wrist_roll.pos=-1.87 gripper.pos=+3.40
DEBUG 2026-08-19 04:35:40 [action #104] t=5.18s step=465 queue=22 dmax=1.272 | shoulder_pan.pos=-8.00 shoulder_lift.pos=+32.10 elbow_flex.pos=-40.15 wrist_flex.pos=+96.97 wrist_roll.pos=-2.00 gripper.pos=+3.45
DEBUG 2026-08-19 04:35:40 [action #105] t=5.22s step=466 queue=21 dmax=4.947 | shoulder_pan.pos=-8.83 shoulder_lift.pos=+37.05 elbow_flex.pos=-39.50 wrist_flex.pos=+95.73 wrist_roll.pos=-1.83 gripper.pos=+3.76
DEBUG 2026-08-19 04:35:40 [action #106] t=5.25s step=467 queue=20 dmax=1.083 | shoulder_pan.pos=-8.64 shoulder_lift.pos=+35.96 elbow_flex.pos=-39.40 wrist_flex.pos=+96.09 wrist_roll.pos=-1.94 gripper.pos=+3.69
DEBUG 2026-08-19 04:35:40 [action #107] t=5.28s step=468 queue=19 dmax=0.546 | shoulder_pan.pos=-8.57 shoulder_lift.pos=+36.33 elbow_flex.pos=-39.95 wrist_flex.pos=+96.62 wrist_roll.pos=-2.13 gripper.pos=+3.67
DEBUG 2026-08-19 04:35:40 [action #108] t=5.32s step=469 queue=18 dmax=1.542 | shoulder_pan.pos=-8.01 shoulder_lift.pos=+34.78 elbow_flex.pos=-40.87 wrist_flex.pos=+96.61 wrist_roll.pos=-2.34 gripper.pos=+3.62
DEBUG 2026-08-19 04:35:40 [action #109] t=5.35s step=470 queue=17 dmax=0.820 | shoulder_pan.pos=-7.61 shoulder_lift.pos=+33.96 elbow_flex.pos=-41.38 wrist_flex.pos=+97.12 wrist_roll.pos=-2.39 gripper.pos=+3.79
DEBUG 2026-08-19 04:35:40 [action #110] t=5.38s step=471 queue=16 dmax=0.818 | shoulder_pan.pos=-7.81 shoulder_lift.pos=+34.01 elbow_flex.pos=-41.65 wrist_flex.pos=+97.94 wrist_roll.pos=-2.57 gripper.pos=+3.88
DEBUG 2026-08-19 04:35:40 [action #111] t=5.42s step=472 queue=15 dmax=2.357 | shoulder_pan.pos=-7.16 shoulder_lift.pos=+31.65 elbow_flex.pos=-43.42 wrist_flex.pos=+97.98 wrist_roll.pos=-2.74 gripper.pos=+3.77
DEBUG 2026-08-19 04:35:40 [action #112] t=5.45s step=473 queue=14 dmax=0.689 | shoulder_pan.pos=-7.24 shoulder_lift.pos=+31.57 elbow_flex.pos=-43.99 wrist_flex.pos=+98.67 wrist_roll.pos=-2.86 gripper.pos=+3.91
DEBUG 2026-08-19 04:35:40 [action #113] t=5.49s step=474 queue=13 dmax=1.454 | shoulder_pan.pos=-6.75 shoulder_lift.pos=+30.75 elbow_flex.pos=-45.45 wrist_flex.pos=+99.03 wrist_roll.pos=-3.06 gripper.pos=+3.86
DEBUG 2026-08-19 04:35:41 [action #114] t=5.52s step=475 queue=12 dmax=1.173 | shoulder_pan.pos=-6.37 shoulder_lift.pos=+29.58 elbow_flex.pos=-45.20 wrist_flex.pos=+99.38 wrist_roll.pos=-3.16 gripper.pos=+3.82
DEBUG 2026-08-19 04:35:41 [action #115] t=5.55s step=476 queue=11 dmax=1.226 | shoulder_pan.pos=-6.05 shoulder_lift.pos=+29.31 elbow_flex.pos=-46.43 wrist_flex.pos=+99.85 wrist_roll.pos=-3.66 gripper.pos=+3.85
DEBUG 2026-08-19 04:35:41 [action #116] t=5.59s step=477 queue=10 dmax=0.982 | shoulder_pan.pos=-5.78 shoulder_lift.pos=+28.33 elbow_flex.pos=-47.34 wrist_flex.pos=+100.18 wrist_roll.pos=-3.67 gripper.pos=+3.77
DEBUG 2026-08-19 04:35:41 [action #117] t=5.62s step=478 queue=9 dmax=1.352 | shoulder_pan.pos=-5.55 shoulder_lift.pos=+27.58 elbow_flex.pos=-48.69 wrist_flex.pos=+100.47 wrist_roll.pos=-3.69 gripper.pos=+3.77
DEBUG 2026-08-19 04:35:41 [action #118] t=5.65s step=479 queue=8 dmax=1.166 | shoulder_pan.pos=-5.43 shoulder_lift.pos=+26.41 elbow_flex.pos=-48.26 wrist_flex.pos=+100.94 wrist_roll.pos=-3.83 gripper.pos=+3.70
DEBUG 2026-08-19 04:35:41 [action #119] t=5.69s step=480 queue=7 dmax=2.078 | shoulder_pan.pos=-4.85 shoulder_lift.pos=+25.71 elbow_flex.pos=-50.34 wrist_flex.pos=+101.40 wrist_roll.pos=-4.07 gripper.pos=+3.77
DEBUG 2026-08-19 04:35:41 [action #120] t=5.72s step=481 queue=6 dmax=0.875 | shoulder_pan.pos=-4.62 shoulder_lift.pos=+24.83 elbow_flex.pos=-50.36 wrist_flex.pos=+101.34 wrist_roll.pos=-4.01 gripper.pos=+3.68
DEBUG 2026-08-19 04:35:41 [action #121] t=5.75s step=482 queue=5 dmax=1.685 | shoulder_pan.pos=-4.44 shoulder_lift.pos=+24.29 elbow_flex.pos=-52.04 wrist_flex.pos=+101.65 wrist_roll.pos=-3.97 gripper.pos=+3.72
DEBUG 2026-08-19 04:35:41 [action #122] t=5.79s step=483 queue=4 dmax=1.186 | shoulder_pan.pos=-4.02 shoulder_lift.pos=+23.10 elbow_flex.pos=-51.00 wrist_flex.pos=+101.56 wrist_roll.pos=-4.09 gripper.pos=+3.54
DEBUG 2026-08-19 04:35:41 [action #123] t=5.82s step=484 queue=3 dmax=1.234 | shoulder_pan.pos=-3.74 shoulder_lift.pos=+21.87 elbow_flex.pos=-51.48 wrist_flex.pos=+101.45 wrist_roll.pos=-4.02 gripper.pos=+3.37
DEBUG 2026-08-19 04:35:41 [action #124] t=5.85s step=485 queue=2 dmax=1.317 | shoulder_pan.pos=-3.35 shoulder_lift.pos=+20.55 elbow_flex.pos=-50.91 wrist_flex.pos=+101.51 wrist_roll.pos=-4.01 gripper.pos=+3.27
DEBUG 2026-08-19 04:35:41 [action #125] t=5.89s step=486 queue=1 dmax=1.139 | shoulder_pan.pos=-2.68 shoulder_lift.pos=+19.41 elbow_flex.pos=-50.64 wrist_flex.pos=+101.49 wrist_roll.pos=-3.85 gripper.pos=+3.22
DEBUG 2026-08-19 04:35:41 [chunk] received 50 actions, timesteps 459..508 | first: shoulder_pan.pos=-7.22 shoulder_lift.pos=+35.08 elbow_flex.pos=-44.42 wrist_flex.pos=+95.95 wrist_roll.pos=-2.85 gripper.pos=+3.29 | last: shoulder_pan.pos=+13.57 shoulder_lift.pos=+26.12 elbow_flex.pos=-49.34 wrist_flex.pos=+91.55 wrist_roll.pos=-1.05 gripper.pos=+4.39
DEBUG 2026-08-19 04:35:41 [action #126] t=5.99s step=487 queue=22 dmax=5.134 | shoulder_pan.pos=-4.22 shoulder_lift.pos=+24.55 elbow_flex.pos=-51.87 wrist_flex.pos=+99.35 wrist_roll.pos=-7.29 gripper.pos=+1.47
DEBUG 2026-08-19 04:35:41 [action #127] t=6.02s step=488 queue=21 dmax=0.779 | shoulder_pan.pos=-3.90 shoulder_lift.pos=+23.77 elbow_flex.pos=-51.82 wrist_flex.pos=+99.36 wrist_roll.pos=-7.22 gripper.pos=+1.46
DEBUG 2026-08-19 04:35:41 [action #128] t=6.05s step=489 queue=20 dmax=0.656 | shoulder_pan.pos=-3.40 shoulder_lift.pos=+23.11 elbow_flex.pos=-52.37 wrist_flex.pos=+99.46 wrist_roll.pos=-7.32 gripper.pos=+1.46
DEBUG 2026-08-19 04:35:41 [action #129] t=6.09s step=490 queue=19 dmax=0.277 | shoulder_pan.pos=-3.13 shoulder_lift.pos=+23.00 elbow_flex.pos=-52.65 wrist_flex.pos=+99.52 wrist_roll.pos=-7.36 gripper.pos=+1.51
DEBUG 2026-08-19 04:35:41 [action #130] t=6.12s step=491 queue=18 dmax=0.714 | shoulder_pan.pos=-2.58 shoulder_lift.pos=+22.28 elbow_flex.pos=-52.72 wrist_flex.pos=+99.61 wrist_roll.pos=-7.41 gripper.pos=+1.62
DEBUG 2026-08-19 04:35:41 [action #131] t=6.15s step=492 queue=17 dmax=0.635 | shoulder_pan.pos=-1.95 shoulder_lift.pos=+22.27 elbow_flex.pos=-52.87 wrist_flex.pos=+99.51 wrist_roll.pos=-7.35 gripper.pos=+1.56
DEBUG 2026-08-19 04:35:41 [action #132] t=6.19s step=493 queue=16 dmax=0.303 | shoulder_pan.pos=-1.65 shoulder_lift.pos=+21.97 elbow_flex.pos=-52.98 wrist_flex.pos=+99.68 wrist_roll.pos=-7.32 gripper.pos=+1.58
DEBUG 2026-08-19 04:35:41 [action #133] t=6.22s step=494 queue=15 dmax=1.058 | shoulder_pan.pos=-0.59 shoulder_lift.pos=+21.70 elbow_flex.pos=-52.77 wrist_flex.pos=+99.51 wrist_roll.pos=-7.23 gripper.pos=+1.59
DEBUG 2026-08-19 04:35:41 [action #134] t=6.25s step=495 queue=14 dmax=0.740 | shoulder_pan.pos=+0.15 shoulder_lift.pos=+21.73 elbow_flex.pos=-52.99 wrist_flex.pos=+99.48 wrist_roll.pos=-7.19 gripper.pos=+1.67
DEBUG 2026-08-19 04:35:41 [action #135] t=6.29s step=496 queue=13 dmax=0.741 | shoulder_pan.pos=+0.89 shoulder_lift.pos=+21.09 elbow_flex.pos=-52.83 wrist_flex.pos=+99.44 wrist_roll.pos=-6.89 gripper.pos=+1.62
DEBUG 2026-08-19 04:35:41 [action #136] t=6.32s step=497 queue=12 dmax=0.970 | shoulder_pan.pos=+1.86 shoulder_lift.pos=+21.64 elbow_flex.pos=-52.71 wrist_flex.pos=+99.28 wrist_roll.pos=-6.78 gripper.pos=+1.67
DEBUG 2026-08-19 04:35:41 [action #137] t=6.35s step=498 queue=11 dmax=1.125 | shoulder_pan.pos=+2.99 shoulder_lift.pos=+21.59 elbow_flex.pos=-52.49 wrist_flex.pos=+98.94 wrist_roll.pos=-6.48 gripper.pos=+1.75
DEBUG 2026-08-19 04:35:41 [action #138] t=6.39s step=499 queue=10 dmax=1.125 | shoulder_pan.pos=+4.11 shoulder_lift.pos=+22.17 elbow_flex.pos=-52.17 wrist_flex.pos=+98.79 wrist_roll.pos=-6.11 gripper.pos=+1.99
DEBUG 2026-08-19 04:35:41 [action #139] t=6.42s step=500 queue=9 dmax=1.419 | shoulder_pan.pos=+5.53 shoulder_lift.pos=+22.77 elbow_flex.pos=-51.70 wrist_flex.pos=+98.41 wrist_roll.pos=-5.61 gripper.pos=+2.12
DEBUG 2026-08-19 04:35:41 [action #140] t=6.46s step=501 queue=8 dmax=1.337 | shoulder_pan.pos=+6.87 shoulder_lift.pos=+22.14 elbow_flex.pos=-51.76 wrist_flex.pos=+97.86 wrist_roll.pos=-5.04 gripper.pos=+2.66
DEBUG 2026-08-19 04:35:41 [action #141] t=6.49s step=502 queue=7 dmax=1.283 | shoulder_pan.pos=+7.66 shoulder_lift.pos=+23.42 elbow_flex.pos=-51.18 wrist_flex.pos=+97.54 wrist_roll.pos=-4.41 gripper.pos=+3.21
DEBUG 2026-08-19 04:35:42 [action #142] t=6.52s step=503 queue=6 dmax=1.058 | shoulder_pan.pos=+8.72 shoulder_lift.pos=+23.31 elbow_flex.pos=-51.08 wrist_flex.pos=+96.73 wrist_roll.pos=-3.75 gripper.pos=+3.99
DEBUG 2026-08-19 04:35:42 [action #143] t=6.56s step=504 queue=5 dmax=1.065 | shoulder_pan.pos=+9.40 shoulder_lift.pos=+23.04 elbow_flex.pos=-50.01 wrist_flex.pos=+95.80 wrist_roll.pos=-3.25 gripper.pos=+4.88
DEBUG 2026-08-19 04:35:42 [action #144] t=6.59s step=505 queue=4 dmax=0.991 | shoulder_pan.pos=+10.31 shoulder_lift.pos=+24.03 elbow_flex.pos=-49.99 wrist_flex.pos=+94.98 wrist_roll.pos=-2.55 gripper.pos=+5.08
DEBUG 2026-08-19 04:35:42 [action #145] t=6.62s step=506 queue=3 dmax=1.351 | shoulder_pan.pos=+11.66 shoulder_lift.pos=+24.22 elbow_flex.pos=-49.62 wrist_flex.pos=+93.76 wrist_roll.pos=-2.10 gripper.pos=+4.72
DEBUG 2026-08-19 04:35:42 [action #146] t=6.66s step=507 queue=2 dmax=1.000 | shoulder_pan.pos=+12.66 shoulder_lift.pos=+24.69 elbow_flex.pos=-49.02 wrist_flex.pos=+92.81 wrist_roll.pos=-1.50 gripper.pos=+4.46
DEBUG 2026-08-19 04:35:42 [action #147] t=6.69s step=508 queue=1 dmax=1.435 | shoulder_pan.pos=+13.57 shoulder_lift.pos=+26.12 elbow_flex.pos=-49.34 wrist_flex.pos=+91.55 wrist_roll.pos=-1.05 gripper.pos=+4.39
DEBUG 2026-08-19 04:35:42 [chunk] received 50 actions, timesteps 486..535 | first: shoulder_pan.pos=-3.84 shoulder_lift.pos=+29.99 elbow_flex.pos=-52.61 wrist_flex.pos=+101.12 wrist_roll.pos=-4.73 gripper.pos=+2.29 | last: shoulder_pan.pos=+8.22 shoulder_lift.pos=+34.36 elbow_flex.pos=-34.86 wrist_flex.pos=+89.52 wrist_roll.pos=-7.61 gripper.pos=+21.79
DEBUG 2026-08-19 04:35:42 [action #148] t=6.86s step=509 queue=27 dmax=22.157 | shoulder_pan.pos=+2.95 shoulder_lift.pos=+19.27 elbow_flex.pos=-37.61 wrist_flex.pos=+97.21 wrist_roll.pos=-5.46 gripper.pos=+26.54
DEBUG 2026-08-19 04:35:42 [action #149] t=6.89s step=510 queue=26 dmax=0.681 | shoulder_pan.pos=+3.13 shoulder_lift.pos=+19.22 elbow_flex.pos=-37.44 wrist_flex.pos=+97.03 wrist_roll.pos=-5.36 gripper.pos=+27.22
DEBUG 2026-08-19 04:35:42 [action #150] t=6.92s step=511 queue=25 dmax=2.146 | shoulder_pan.pos=+3.32 shoulder_lift.pos=+18.96 elbow_flex.pos=-35.29 wrist_flex.pos=+96.49 wrist_roll.pos=-5.33 gripper.pos=+27.73
DEBUG 2026-08-19 04:35:42 [action #151] t=6.96s step=512 queue=24 dmax=1.281 | shoulder_pan.pos=+3.71 shoulder_lift.pos=+19.13 elbow_flex.pos=-34.01 wrist_flex.pos=+95.84 wrist_roll.pos=-5.33 gripper.pos=+28.05
DEBUG 2026-08-19 04:35:42 [action #152] t=6.99s step=513 queue=23 dmax=1.365 | shoulder_pan.pos=+3.84 shoulder_lift.pos=+19.16 elbow_flex.pos=-32.65 wrist_flex.pos=+95.48 wrist_roll.pos=-5.13 gripper.pos=+28.58
DEBUG 2026-08-19 04:35:42 [action #153] t=7.02s step=514 queue=22 dmax=1.172 | shoulder_pan.pos=+4.19 shoulder_lift.pos=+19.36 elbow_flex.pos=-31.48 wrist_flex.pos=+94.81 wrist_roll.pos=-5.04 gripper.pos=+29.03
DEBUG 2026-08-19 04:35:42 [action #154] t=7.06s step=515 queue=21 dmax=0.905 | shoulder_pan.pos=+4.40 shoulder_lift.pos=+20.11 elbow_flex.pos=-30.57 wrist_flex.pos=+94.26 wrist_roll.pos=-4.92 gripper.pos=+29.85
DEBUG 2026-08-19 04:35:42 [action #155] t=7.09s step=516 queue=20 dmax=0.829 | shoulder_pan.pos=+4.33 shoulder_lift.pos=+20.15 elbow_flex.pos=-29.74 wrist_flex.pos=+93.63 wrist_roll.pos=-4.70 gripper.pos=+30.51
DEBUG 2026-08-19 04:35:42 [action #156] t=7.12s step=517 queue=19 dmax=0.958 | shoulder_pan.pos=+4.61 shoulder_lift.pos=+21.11 elbow_flex.pos=-29.75 wrist_flex.pos=+93.20 wrist_roll.pos=-4.70 gripper.pos=+31.27
DEBUG 2026-08-19 04:35:42 [action #157] t=7.16s step=518 queue=18 dmax=1.013 | shoulder_pan.pos=+4.76 shoulder_lift.pos=+21.11 elbow_flex.pos=-29.48 wrist_flex.pos=+92.91 wrist_roll.pos=-4.81 gripper.pos=+32.28
DEBUG 2026-08-19 04:35:42 [action #158] t=7.19s step=519 queue=17 dmax=0.641 | shoulder_pan.pos=+4.86 shoulder_lift.pos=+21.75 elbow_flex.pos=-28.93 wrist_flex.pos=+92.61 wrist_roll.pos=-4.92 gripper.pos=+32.70
DEBUG 2026-08-19 04:35:42 [action #159] t=7.22s step=520 queue=16 dmax=0.998 | shoulder_pan.pos=+4.98 shoulder_lift.pos=+22.75 elbow_flex.pos=-29.14 wrist_flex.pos=+92.20 wrist_roll.pos=-4.96 gripper.pos=+32.89
DEBUG 2026-08-19 04:35:42 [action #160] t=7.26s step=521 queue=15 dmax=0.349 | shoulder_pan.pos=+5.10 shoulder_lift.pos=+23.10 elbow_flex.pos=-29.08 wrist_flex.pos=+92.02 wrist_roll.pos=-5.08 gripper.pos=+32.95
DEBUG 2026-08-19 04:35:42 [action #161] t=7.29s step=522 queue=14 dmax=1.176 | shoulder_pan.pos=+5.24 shoulder_lift.pos=+24.28 elbow_flex.pos=-29.13 wrist_flex.pos=+91.63 wrist_roll.pos=-5.24 gripper.pos=+33.17
DEBUG 2026-08-19 04:35:42 [action #162] t=7.32s step=523 queue=13 dmax=0.566 | shoulder_pan.pos=+5.45 shoulder_lift.pos=+24.76 elbow_flex.pos=-29.53 wrist_flex.pos=+91.07 wrist_roll.pos=-5.36 gripper.pos=+33.13
DEBUG 2026-08-19 04:35:42 [action #163] t=7.36s step=524 queue=12 dmax=1.031 | shoulder_pan.pos=+5.86 shoulder_lift.pos=+25.67 elbow_flex.pos=-28.50 wrist_flex.pos=+90.94 wrist_roll.pos=-5.44 gripper.pos=+33.08
DEBUG 2026-08-19 04:35:42 [action #164] t=7.39s step=525 queue=11 dmax=0.876 | shoulder_pan.pos=+6.06 shoulder_lift.pos=+26.54 elbow_flex.pos=-29.19 wrist_flex.pos=+90.49 wrist_roll.pos=-5.52 gripper.pos=+33.01
DEBUG 2026-08-19 04:35:42 [action #165] t=7.42s step=526 queue=10 dmax=1.127 | shoulder_pan.pos=+6.37 shoulder_lift.pos=+27.67 elbow_flex.pos=-29.82 wrist_flex.pos=+90.17 wrist_roll.pos=-5.63 gripper.pos=+32.99
DEBUG 2026-08-19 04:35:42 [action #166] t=7.46s step=527 queue=9 dmax=1.120 | shoulder_pan.pos=+6.60 shoulder_lift.pos=+28.79 elbow_flex.pos=-30.56 wrist_flex.pos=+89.76 wrist_roll.pos=-5.76 gripper.pos=+32.85
DEBUG 2026-08-19 04:35:42 [action #167] t=7.49s step=528 queue=8 dmax=1.067 | shoulder_pan.pos=+7.00 shoulder_lift.pos=+29.86 elbow_flex.pos=-30.40 wrist_flex.pos=+89.26 wrist_roll.pos=-6.40 gripper.pos=+32.84
DEBUG 2026-08-19 04:35:43 [action #168] t=7.53s step=529 queue=7 dmax=1.032 | shoulder_pan.pos=+7.26 shoulder_lift.pos=+29.99 elbow_flex.pos=-31.43 wrist_flex.pos=+89.25 wrist_roll.pos=-6.58 gripper.pos=+32.22
DEBUG 2026-08-19 04:35:43 [action #169] t=7.56s step=530 queue=6 dmax=1.640 | shoulder_pan.pos=+7.69 shoulder_lift.pos=+31.63 elbow_flex.pos=-31.76 wrist_flex.pos=+88.99 wrist_roll.pos=-7.07 gripper.pos=+31.30
DEBUG 2026-08-19 04:35:43 [chunk] received 50 actions, timesteps 508..557 | first: shoulder_pan.pos=+12.59 shoulder_lift.pos=+20.64 elbow_flex.pos=-47.03 wrist_flex.pos=+99.01 wrist_roll.pos=-2.85 gripper.pos=+1.21 | last: shoulder_pan.pos=+36.49 shoulder_lift.pos=+26.85 elbow_flex.pos=-43.45 wrist_flex.pos=+79.81 wrist_roll.pos=-10.81 gripper.pos=-0.32
DEBUG 2026-08-19 04:35:43 [action #170] t=7.59s step=531 queue=27 dmax=21.947 | shoulder_pan.pos=+23.07 shoulder_lift.pos=+22.10 elbow_flex.pos=-43.54 wrist_flex.pos=+95.82 wrist_roll.pos=-3.85 gripper.pos=+9.36
DEBUG 2026-08-19 04:35:43 [action #171] t=7.63s step=532 queue=26 dmax=1.406 | shoulder_pan.pos=+23.65 shoulder_lift.pos=+23.51 elbow_flex.pos=-43.50 wrist_flex.pos=+95.61 wrist_roll.pos=-3.94 gripper.pos=+8.70
DEBUG 2026-08-19 04:35:43 [action #172] t=7.66s step=533 queue=25 dmax=0.802 | shoulder_pan.pos=+23.85 shoulder_lift.pos=+23.13 elbow_flex.pos=-44.31 wrist_flex.pos=+95.35 wrist_roll.pos=-3.93 gripper.pos=+8.13
DEBUG 2026-08-19 04:35:43 [action #173] t=7.69s step=534 queue=24 dmax=0.775 | shoulder_pan.pos=+24.23 shoulder_lift.pos=+23.90 elbow_flex.pos=-43.99 wrist_flex.pos=+95.11 wrist_roll.pos=-4.00 gripper.pos=+7.61
DEBUG 2026-08-19 04:35:43 [action #174] t=7.73s step=535 queue=23 dmax=0.658 | shoulder_pan.pos=+24.39 shoulder_lift.pos=+24.04 elbow_flex.pos=-44.13 wrist_flex.pos=+95.02 wrist_roll.pos=-3.96 gripper.pos=+6.95
DEBUG 2026-08-19 04:35:43 [action #175] t=7.76s step=536 queue=22 dmax=7.579 | shoulder_pan.pos=+31.97 shoulder_lift.pos=+20.18 elbow_flex.pos=-47.68 wrist_flex.pos=+96.60 wrist_roll.pos=-2.55 gripper.pos=+0.73
DEBUG 2026-08-19 04:35:43 [action #176] t=7.79s step=537 queue=21 dmax=0.872 | shoulder_pan.pos=+32.26 shoulder_lift.pos=+20.09 elbow_flex.pos=-48.11 wrist_flex.pos=+95.73 wrist_roll.pos=-2.48 gripper.pos=+0.54
DEBUG 2026-08-19 04:35:43 [action #177] t=7.83s step=538 queue=20 dmax=0.933 | shoulder_pan.pos=+32.79 shoulder_lift.pos=+20.17 elbow_flex.pos=-47.65 wrist_flex.pos=+94.80 wrist_roll.pos=-2.46 gripper.pos=+0.64
DEBUG 2026-08-19 04:35:43 [action #178] t=7.86s step=539 queue=19 dmax=1.226 | shoulder_pan.pos=+33.29 shoulder_lift.pos=+21.11 elbow_flex.pos=-47.20 wrist_flex.pos=+93.57 wrist_roll.pos=-2.46 gripper.pos=+0.69
DEBUG 2026-08-19 04:35:43 [action #179] t=7.89s step=540 queue=18 dmax=1.066 | shoulder_pan.pos=+33.34 shoulder_lift.pos=+21.37 elbow_flex.pos=-46.98 wrist_flex.pos=+92.51 wrist_roll.pos=-2.63 gripper.pos=+0.65
DEBUG 2026-08-19 04:35:43 [action #180] t=7.93s step=541 queue=17 dmax=1.130 | shoulder_pan.pos=+33.74 shoulder_lift.pos=+21.43 elbow_flex.pos=-45.87 wrist_flex.pos=+91.38 wrist_roll.pos=-2.79 gripper.pos=+0.66
DEBUG 2026-08-19 04:35:43 [action #181] t=7.96s step=542 queue=16 dmax=1.158 | shoulder_pan.pos=+34.08 shoulder_lift.pos=+21.35 elbow_flex.pos=-45.85 wrist_flex.pos=+90.22 wrist_roll.pos=-2.96 gripper.pos=+0.70
DEBUG 2026-08-19 04:35:43 [action #182] t=7.99s step=543 queue=15 dmax=1.206 | shoulder_pan.pos=+34.62 shoulder_lift.pos=+22.10 elbow_flex.pos=-45.85 wrist_flex.pos=+89.01 wrist_roll.pos=-3.28 gripper.pos=+0.38
DEBUG 2026-08-19 04:35:43 [action #183] t=8.03s step=544 queue=14 dmax=0.821 | shoulder_pan.pos=+34.35 shoulder_lift.pos=+21.97 elbow_flex.pos=-45.35 wrist_flex.pos=+88.19 wrist_roll.pos=-3.63 gripper.pos=+0.53
DEBUG 2026-08-19 04:35:43 [action #184] t=8.06s step=545 queue=13 dmax=0.875 | shoulder_pan.pos=+34.54 shoulder_lift.pos=+22.85 elbow_flex.pos=-45.55 wrist_flex.pos=+87.50 wrist_roll.pos=-4.11 gripper.pos=+0.33
DEBUG 2026-08-19 04:35:43 [action #185] t=8.09s step=546 queue=12 dmax=0.876 | shoulder_pan.pos=+34.80 shoulder_lift.pos=+22.90 elbow_flex.pos=-44.99 wrist_flex.pos=+86.63 wrist_roll.pos=-4.53 gripper.pos=+0.46
DEBUG 2026-08-19 04:35:43 [action #186] t=8.13s step=547 queue=11 dmax=1.044 | shoulder_pan.pos=+34.98 shoulder_lift.pos=+23.94 elbow_flex.pos=-44.67 wrist_flex.pos=+85.93 wrist_roll.pos=-5.01 gripper.pos=+0.42
DEBUG 2026-08-19 04:35:43 [action #187] t=8.16s step=548 queue=10 dmax=0.698 | shoulder_pan.pos=+35.01 shoulder_lift.pos=+24.27 elbow_flex.pos=-45.12 wrist_flex.pos=+85.23 wrist_roll.pos=-5.26 gripper.pos=+0.18
DEBUG 2026-08-19 04:35:43 [action #188] t=8.19s step=549 queue=9 dmax=0.568 | shoulder_pan.pos=+35.04 shoulder_lift.pos=+24.03 elbow_flex.pos=-45.07 wrist_flex.pos=+84.66 wrist_roll.pos=-5.81 gripper.pos=+0.32
DEBUG 2026-08-19 04:35:43 [action #189] t=8.23s step=550 queue=8 dmax=0.967 | shoulder_pan.pos=+35.36 shoulder_lift.pos=+25.00 elbow_flex.pos=-44.36 wrist_flex.pos=+83.77 wrist_roll.pos=-6.00 gripper.pos=-0.02
DEBUG 2026-08-19 04:35:43 [action #190] t=8.26s step=551 queue=7 dmax=0.607 | shoulder_pan.pos=+35.83 shoulder_lift.pos=+25.20 elbow_flex.pos=-44.04 wrist_flex.pos=+83.16 wrist_roll.pos=-6.41 gripper.pos=+0.01
DEBUG 2026-08-19 04:35:43 [chunk] received 50 actions, timesteps 529..578 | first: shoulder_pan.pos=+4.98 shoulder_lift.pos=+29.13 elbow_flex.pos=-31.52 wrist_flex.pos=+91.69 wrist_roll.pos=-4.68 gripper.pos=+34.06 | last: shoulder_pan.pos=+5.23 shoulder_lift.pos=+39.49 elbow_flex.pos=-45.95 wrist_flex.pos=+99.41 wrist_roll.pos=-4.32 gripper.pos=+4.02
DEBUG 2026-08-19 04:35:43 [action #191] t=8.30s step=552 queue=27 dmax=24.615 | shoulder_pan.pos=+14.54 shoulder_lift.pos=+34.40 elbow_flex.pos=-37.88 wrist_flex.pos=+90.10 wrist_roll.pos=-4.38 gripper.pos=+24.63
DEBUG 2026-08-19 04:35:43 [action #192] t=8.33s step=553 queue=26 dmax=0.728 | shoulder_pan.pos=+14.52 shoulder_lift.pos=+35.13 elbow_flex.pos=-38.00 wrist_flex.pos=+89.94 wrist_roll.pos=-4.67 gripper.pos=+24.77
DEBUG 2026-08-19 04:35:43 [action #193] t=8.36s step=554 queue=25 dmax=0.390 | shoulder_pan.pos=+14.55 shoulder_lift.pos=+34.74 elbow_flex.pos=-38.00 wrist_flex.pos=+89.67 wrist_roll.pos=-4.96 gripper.pos=+24.67
DEBUG 2026-08-19 04:35:43 [action #194] t=8.40s step=555 queue=24 dmax=0.362 | shoulder_pan.pos=+14.77 shoulder_lift.pos=+35.03 elbow_flex.pos=-38.25 wrist_flex.pos=+89.58 wrist_roll.pos=-5.32 gripper.pos=+24.76
DEBUG 2026-08-19 04:35:43 [action #195] t=8.43s step=556 queue=23 dmax=0.590 | shoulder_pan.pos=+14.68 shoulder_lift.pos=+35.62 elbow_flex.pos=-38.03 wrist_flex.pos=+89.47 wrist_roll.pos=-5.59 gripper.pos=+24.45
DEBUG 2026-08-19 04:35:43 [action #196] t=8.46s step=557 queue=22 dmax=0.963 | shoulder_pan.pos=+14.93 shoulder_lift.pos=+35.91 elbow_flex.pos=-38.99 wrist_flex.pos=+89.12 wrist_roll.pos=-5.79 gripper.pos=+23.91
DEBUG 2026-08-19 04:35:44 [action #197] t=8.50s step=558 queue=21 dmax=8.624 | shoulder_pan.pos=+6.31 shoulder_lift.pos=+40.53 elbow_flex.pos=-36.64 wrist_flex.pos=+93.02 wrist_roll.pos=-3.53 gripper.pos=+31.83
DEBUG 2026-08-19 04:35:44 [action #198] t=8.53s step=559 queue=20 dmax=3.685 | shoulder_pan.pos=+6.03 shoulder_lift.pos=+40.89 elbow_flex.pos=-37.37 wrist_flex.pos=+92.69 wrist_roll.pos=-3.56 gripper.pos=+28.15
DEBUG 2026-08-19 04:35:44 [action #199] t=8.56s step=560 queue=19 dmax=4.609 | shoulder_pan.pos=+5.94 shoulder_lift.pos=+40.92 elbow_flex.pos=-38.12 wrist_flex.pos=+92.68 wrist_roll.pos=-3.34 gripper.pos=+23.54
DEBUG 2026-08-19 04:35:44 [action #200] t=8.60s step=561 queue=18 dmax=5.196 | shoulder_pan.pos=+6.05 shoulder_lift.pos=+41.19 elbow_flex.pos=-38.26 wrist_flex.pos=+92.44 wrist_roll.pos=-3.21 gripper.pos=+18.34
DEBUG 2026-08-19 04:35:44 [action #201] t=8.63s step=562 queue=17 dmax=3.882 | shoulder_pan.pos=+6.13 shoulder_lift.pos=+40.90 elbow_flex.pos=-38.69 wrist_flex.pos=+92.47 wrist_roll.pos=-3.18 gripper.pos=+14.46
DEBUG 2026-08-19 04:35:44 [action #202] t=8.66s step=563 queue=16 dmax=3.523 | shoulder_pan.pos=+6.10 shoulder_lift.pos=+41.06 elbow_flex.pos=-38.88 wrist_flex.pos=+92.37 wrist_roll.pos=-3.21 gripper.pos=+10.94
DEBUG 2026-08-19 04:35:44 [action #203] t=8.70s step=564 queue=15 dmax=2.011 | shoulder_pan.pos=+6.18 shoulder_lift.pos=+42.06 elbow_flex.pos=-39.00 wrist_flex.pos=+92.75 wrist_roll.pos=-3.33 gripper.pos=+8.93
DEBUG 2026-08-19 04:35:44 [action #204] t=8.73s step=565 queue=14 dmax=1.262 | shoulder_pan.pos=+6.27 shoulder_lift.pos=+42.22 elbow_flex.pos=-39.06 wrist_flex.pos=+93.00 wrist_roll.pos=-3.29 gripper.pos=+7.66
DEBUG 2026-08-19 04:35:44 [action #205] t=8.76s step=566 queue=13 dmax=1.141 | shoulder_pan.pos=+6.23 shoulder_lift.pos=+42.09 elbow_flex.pos=-40.20 wrist_flex.pos=+93.25 wrist_roll.pos=-3.35 gripper.pos=+6.80
DEBUG 2026-08-19 04:35:44 [action #206] t=8.80s step=567 queue=12 dmax=0.984 | shoulder_pan.pos=+6.15 shoulder_lift.pos=+42.37 elbow_flex.pos=-41.19 wrist_flex.pos=+93.61 wrist_roll.pos=-3.36 gripper.pos=+6.12
DEBUG 2026-08-19 04:35:44 [action #207] t=8.83s step=568 queue=11 dmax=0.903 | shoulder_pan.pos=+6.06 shoulder_lift.pos=+42.07 elbow_flex.pos=-41.27 wrist_flex.pos=+94.52 wrist_roll.pos=-3.55 gripper.pos=+5.70
DEBUG 2026-08-19 04:35:44 [action #208] t=8.86s step=569 queue=10 dmax=1.329 | shoulder_pan.pos=+5.78 shoulder_lift.pos=+42.75 elbow_flex.pos=-42.60 wrist_flex.pos=+95.13 wrist_roll.pos=-3.49 gripper.pos=+5.72
DEBUG 2026-08-19 04:35:44 [action #209] t=8.90s step=570 queue=9 dmax=1.112 | shoulder_pan.pos=+5.90 shoulder_lift.pos=+42.25 elbow_flex.pos=-43.32 wrist_flex.pos=+96.24 wrist_roll.pos=-3.67 gripper.pos=+5.83
DEBUG 2026-08-19 04:35:44 [action #210] t=8.93s step=571 queue=8 dmax=0.927 | shoulder_pan.pos=+5.48 shoulder_lift.pos=+42.56 elbow_flex.pos=-44.19 wrist_flex.pos=+97.17 wrist_roll.pos=-3.59 gripper.pos=+5.93
DEBUG 2026-08-19 04:35:44 [action #211] t=8.96s step=572 queue=7 dmax=0.974 | shoulder_pan.pos=+5.53 shoulder_lift.pos=+42.38 elbow_flex.pos=-45.17 wrist_flex.pos=+98.01 wrist_roll.pos=-3.74 gripper.pos=+5.92
DEBUG 2026-08-19 04:35:44 [action #212] t=9.00s step=573 queue=6 dmax=0.497 | shoulder_pan.pos=+5.31 shoulder_lift.pos=+42.09 elbow_flex.pos=-45.43 wrist_flex.pos=+98.51 wrist_roll.pos=-3.85 gripper.pos=+5.82
DEBUG 2026-08-19 04:35:44 [chunk] received 50 actions, timesteps 551..600 | first: shoulder_pan.pos=+21.07 shoulder_lift.pos=+20.21 elbow_flex.pos=-44.43 wrist_flex.pos=+97.75 wrist_roll.pos=-5.66 gripper.pos=+0.32 | last: shoulder_pan.pos=-1.80 shoulder_lift.pos=-57.18 elbow_flex.pos=+43.97 wrist_flex.pos=+71.11 wrist_roll.pos=-3.45 gripper.pos=-0.16
DEBUG 2026-08-19 04:35:44 [action #213] t=9.03s step=574 queue=27 dmax=41.919 | shoulder_pan.pos=+2.52 shoulder_lift.pos=+0.17 elbow_flex.pos=-11.11 wrist_flex.pos=+94.73 wrist_roll.pos=-5.75 gripper.pos=+2.81
DEBUG 2026-08-19 04:35:44 [action #214] t=9.06s step=575 queue=26 dmax=1.725 | shoulder_pan.pos=+2.34 shoulder_lift.pos=-1.43 elbow_flex.pos=-9.39 wrist_flex.pos=+93.88 wrist_roll.pos=-5.68 gripper.pos=+2.63
DEBUG 2026-08-19 04:35:44 [action #215] t=9.10s step=576 queue=25 dmax=2.192 | shoulder_pan.pos=+2.10 shoulder_lift.pos=-3.26 elbow_flex.pos=-7.19 wrist_flex.pos=+92.81 wrist_roll.pos=-5.71 gripper.pos=+2.56
DEBUG 2026-08-19 04:35:44 [action #216] t=9.13s step=577 queue=24 dmax=1.615 | shoulder_pan.pos=+1.98 shoulder_lift.pos=-4.06 elbow_flex.pos=-5.58 wrist_flex.pos=+91.87 wrist_roll.pos=-5.73 gripper.pos=+2.28
DEBUG 2026-08-19 04:35:44 [action #217] t=9.16s step=578 queue=23 dmax=1.661 | shoulder_pan.pos=+1.97 shoulder_lift.pos=-5.72 elbow_flex.pos=-3.96 wrist_flex.pos=+91.05 wrist_roll.pos=-5.75 gripper.pos=+2.25
DEBUG 2026-08-19 04:35:44 [action #218] t=9.20s step=579 queue=22 dmax=20.467 | shoulder_pan.pos=+0.40 shoulder_lift.pos=-26.19 elbow_flex.pos=+15.64 wrist_flex.pos=+86.27 wrist_roll.pos=-6.08 gripper.pos=+1.35
DEBUG 2026-08-19 04:35:44 [action #219] t=9.23s step=580 queue=21 dmax=2.144 | shoulder_pan.pos=+0.73 shoulder_lift.pos=-27.56 elbow_flex.pos=+17.78 wrist_flex.pos=+85.05 wrist_roll.pos=-5.71 gripper.pos=+1.09
DEBUG 2026-08-19 04:35:44 [action #220] t=9.27s step=581 queue=20 dmax=2.186 | shoulder_pan.pos=+0.86 shoulder_lift.pos=-29.10 elbow_flex.pos=+19.97 wrist_flex.pos=+83.93 wrist_roll.pos=-5.19 gripper.pos=+0.44
DEBUG 2026-08-19 04:35:44 [action #221] t=9.30s step=582 queue=19 dmax=1.982 | shoulder_pan.pos=+0.76 shoulder_lift.pos=-31.08 elbow_flex.pos=+21.91 wrist_flex.pos=+82.59 wrist_roll.pos=-4.76 gripper.pos=+0.06
DEBUG 2026-08-19 04:35:44 [action #222] t=9.33s step=583 queue=18 dmax=1.987 | shoulder_pan.pos=+0.66 shoulder_lift.pos=-32.78 elbow_flex.pos=+23.89 wrist_flex.pos=+81.29 wrist_roll.pos=-4.44 gripper.pos=-0.41
DEBUG 2026-08-19 04:35:44 [action #223] t=9.37s step=584 queue=17 dmax=1.847 | shoulder_pan.pos=+0.55 shoulder_lift.pos=-34.56 elbow_flex.pos=+25.74 wrist_flex.pos=+80.20 wrist_roll.pos=-4.35 gripper.pos=-0.63
DEBUG 2026-08-19 04:35:44 [action #224] t=9.40s step=585 queue=16 dmax=2.046 | shoulder_pan.pos=+0.40 shoulder_lift.pos=-36.60 elbow_flex.pos=+27.08 wrist_flex.pos=+79.00 wrist_roll.pos=-4.05 gripper.pos=-0.61
DEBUG 2026-08-19 04:35:44 [action #225] t=9.43s step=586 queue=15 dmax=1.951 | shoulder_pan.pos=+0.38 shoulder_lift.pos=-38.55 elbow_flex.pos=+28.88 wrist_flex.pos=+78.18 wrist_roll.pos=-3.85 gripper.pos=-0.37
DEBUG 2026-08-19 04:35:44 [action #226] t=9.47s step=587 queue=14 dmax=2.098 | shoulder_pan.pos=+0.41 shoulder_lift.pos=-40.65 elbow_flex.pos=+29.87 wrist_flex.pos=+77.32 wrist_roll.pos=-3.80 gripper.pos=-0.43
DEBUG 2026-08-19 04:35:45 [action #227] t=9.50s step=588 queue=13 dmax=1.358 | shoulder_pan.pos=+0.10 shoulder_lift.pos=-42.01 elbow_flex.pos=+30.33 wrist_flex.pos=+76.47 wrist_roll.pos=-3.58 gripper.pos=-0.31
DEBUG 2026-08-19 04:35:45 [action #228] t=9.53s step=589 queue=12 dmax=2.428 | shoulder_pan.pos=+0.21 shoulder_lift.pos=-44.44 elbow_flex.pos=+31.79 wrist_flex.pos=+75.84 wrist_roll.pos=-3.62 gripper.pos=-0.28
DEBUG 2026-08-19 04:35:45 [action #229] t=9.57s step=590 queue=11 dmax=1.282 | shoulder_pan.pos=+0.18 shoulder_lift.pos=-45.55 elbow_flex.pos=+33.07 wrist_flex.pos=+75.16 wrist_roll.pos=-3.78 gripper.pos=-0.24
DEBUG 2026-08-19 04:35:45 [action #230] t=9.60s step=591 queue=10 dmax=2.766 | shoulder_pan.pos=-0.24 shoulder_lift.pos=-48.32 elbow_flex.pos=+34.46 wrist_flex.pos=+74.71 wrist_roll.pos=-3.77 gripper.pos=-0.06
DEBUG 2026-08-19 04:35:45 [action #231] t=9.63s step=592 queue=9 dmax=1.188 | shoulder_pan.pos=-0.45 shoulder_lift.pos=-49.35 elbow_flex.pos=+35.64 wrist_flex.pos=+73.89 wrist_roll.pos=-3.71 gripper.pos=-0.34
DEBUG 2026-08-19 04:35:45 [action #232] t=9.67s step=593 queue=8 dmax=1.734 | shoulder_pan.pos=-0.51 shoulder_lift.pos=-51.09 elbow_flex.pos=+36.65 wrist_flex.pos=+73.35 wrist_roll.pos=-3.50 gripper.pos=-0.22
DEBUG 2026-08-19 04:35:45 [action #233] t=9.70s step=594 queue=7 dmax=1.152 | shoulder_pan.pos=-0.73 shoulder_lift.pos=-52.12 elbow_flex.pos=+37.80 wrist_flex.pos=+72.93 wrist_roll.pos=-3.48 gripper.pos=-0.25
DEBUG 2026-08-19 04:35:45 [action #234] t=9.73s step=595 queue=6 dmax=1.172 | shoulder_pan.pos=-0.51 shoulder_lift.pos=-53.14 elbow_flex.pos=+38.97 wrist_flex.pos=+72.43 wrist_roll.pos=-3.62 gripper.pos=+0.10
DEBUG 2026-08-19 04:35:45 [action #235] t=9.77s step=596 queue=5 dmax=1.265 | shoulder_pan.pos=-0.88 shoulder_lift.pos=-54.41 elbow_flex.pos=+39.80 wrist_flex.pos=+72.01 wrist_roll.pos=-3.54 gripper.pos=-0.12
DEBUG 2026-08-19 04:35:45 [action #236] t=9.80s step=597 queue=4 dmax=0.763 | shoulder_pan.pos=-1.15 shoulder_lift.pos=-54.79 elbow_flex.pos=+40.57 wrist_flex.pos=+71.76 wrist_roll.pos=-3.49 gripper.pos=-0.10
DEBUG 2026-08-19 04:35:45 [action #237] t=9.83s step=598 queue=3 dmax=0.464 | shoulder_pan.pos=-1.18 shoulder_lift.pos=-55.15 elbow_flex.pos=+41.03 wrist_flex.pos=+71.41 wrist_roll.pos=-3.44 gripper.pos=-0.04
DEBUG 2026-08-19 04:35:45 [action #238] t=9.87s step=599 queue=2 dmax=1.430 | shoulder_pan.pos=-1.55 shoulder_lift.pos=-55.97 elbow_flex.pos=+42.46 wrist_flex.pos=+71.40 wrist_roll.pos=-3.39 gripper.pos=-0.07
DEBUG 2026-08-19 04:35:45 [chunk] received 50 actions, timesteps 573..622 | first: shoulder_pan.pos=+6.55 shoulder_lift.pos=+43.19 elbow_flex.pos=-51.44 wrist_flex.pos=+98.56 wrist_roll.pos=-3.54 gripper.pos=+5.19 | last: shoulder_pan.pos=-2.75 shoulder_lift.pos=-46.23 elbow_flex.pos=+44.84 wrist_flex.pos=+73.14 wrist_roll.pos=-2.57 gripper.pos=+1.19
DEBUG 2026-08-19 04:35:45 [action #239] t=9.90s step=600 queue=23 dmax=37.013 | shoulder_pan.pos=-1.23 shoulder_lift.pos=-19.05 elbow_flex.pos=+5.45 wrist_flex.pos=+86.93 wrist_roll.pos=-4.11 gripper.pos=+1.22
DEBUG 2026-08-19 04:35:45 [action #240] t=9.93s step=601 queue=22 dmax=14.598 | shoulder_pan.pos=-1.40 shoulder_lift.pos=-4.45 elbow_flex.pos=-8.82 wrist_flex.pos=+92.23 wrist_roll.pos=-4.41 gripper.pos=+1.99
DEBUG 2026-08-19 04:35:45 [action #241] t=9.97s step=602 queue=21 dmax=3.987 | shoulder_pan.pos=-1.91 shoulder_lift.pos=-6.75 elbow_flex.pos=-4.83 wrist_flex.pos=+91.03 wrist_roll.pos=-4.37 gripper.pos=+1.84
DEBUG 2026-08-19 04:35:45 [action #242] t=10.00s step=603 queue=20 dmax=3.312 | shoulder_pan.pos=-2.18 shoulder_lift.pos=-8.99 elbow_flex.pos=-1.52 wrist_flex.pos=+89.77 wrist_roll.pos=-4.45 gripper.pos=+1.78
DEBUG 2026-08-19 04:35:45 [action #243] t=10.03s step=604 queue=19 dmax=2.713 | shoulder_pan.pos=-2.51 shoulder_lift.pos=-11.02 elbow_flex.pos=+1.19 wrist_flex.pos=+88.79 wrist_roll.pos=-4.30 gripper.pos=+1.83
DEBUG 2026-08-19 04:35:45 [action #244] t=10.07s step=605 queue=18 dmax=3.052 | shoulder_pan.pos=-2.97 shoulder_lift.pos=-12.80 elbow_flex.pos=+4.24 wrist_flex.pos=+87.97 wrist_roll.pos=-4.47 gripper.pos=+1.79
DEBUG 2026-08-19 04:35:45 [action #245] t=10.10s step=606 queue=17 dmax=2.232 | shoulder_pan.pos=-3.37 shoulder_lift.pos=-14.77 elbow_flex.pos=+6.48 wrist_flex.pos=+87.22 wrist_roll.pos=-4.34 gripper.pos=+1.55
DEBUG 2026-08-19 04:35:45 [action #246] t=10.13s step=607 queue=16 dmax=3.227 | shoulder_pan.pos=-3.58 shoulder_lift.pos=-16.97 elbow_flex.pos=+9.70 wrist_flex.pos=+86.53 wrist_roll.pos=-4.25 gripper.pos=+1.38
DEBUG 2026-08-19 04:35:45 [action #247] t=10.17s step=608 queue=15 dmax=2.286 | shoulder_pan.pos=-3.80 shoulder_lift.pos=-18.57 elbow_flex.pos=+11.99 wrist_flex.pos=+86.09 wrist_roll.pos=-4.27 gripper.pos=+1.23
DEBUG 2026-08-19 04:35:45 [action #248] t=10.20s step=609 queue=14 dmax=2.169 | shoulder_pan.pos=-3.83 shoulder_lift.pos=-20.74 elbow_flex.pos=+14.03 wrist_flex.pos=+85.47 wrist_roll.pos=-4.24 gripper.pos=+1.23
DEBUG 2026-08-19 04:35:45 [action #249] t=10.24s step=610 queue=13 dmax=2.657 | shoulder_pan.pos=-3.80 shoulder_lift.pos=-22.66 elbow_flex.pos=+16.69 wrist_flex.pos=+84.87 wrist_roll.pos=-4.23 gripper.pos=+1.17
DEBUG 2026-08-19 04:35:45 [action #250] t=10.27s step=611 queue=12 dmax=2.887 | shoulder_pan.pos=-4.07 shoulder_lift.pos=-24.36 elbow_flex.pos=+19.58 wrist_flex.pos=+84.11 wrist_roll.pos=-4.18 gripper.pos=+1.03
DEBUG 2026-08-19 04:35:45 [action #251] t=10.30s step=612 queue=11 dmax=2.467 | shoulder_pan.pos=-4.14 shoulder_lift.pos=-26.63 elbow_flex.pos=+22.04 wrist_flex.pos=+83.34 wrist_roll.pos=-4.03 gripper.pos=+1.21
DEBUG 2026-08-19 04:35:45 [action #252] t=10.34s step=613 queue=10 dmax=2.063 | shoulder_pan.pos=-4.10 shoulder_lift.pos=-28.33 elbow_flex.pos=+24.11 wrist_flex.pos=+82.55 wrist_roll.pos=-3.91 gripper.pos=+1.23
DEBUG 2026-08-19 04:35:45 [action #253] t=10.37s step=614 queue=9 dmax=2.911 | shoulder_pan.pos=-4.16 shoulder_lift.pos=-30.54 elbow_flex.pos=+27.02 wrist_flex.pos=+81.63 wrist_roll.pos=-3.64 gripper.pos=+0.87
DEBUG 2026-08-19 04:35:45 [action #254] t=10.40s step=615 queue=8 dmax=2.574 | shoulder_pan.pos=-3.76 shoulder_lift.pos=-32.61 elbow_flex.pos=+29.59 wrist_flex.pos=+80.71 wrist_roll.pos=-3.52 gripper.pos=+1.22
DEBUG 2026-08-19 04:35:45 [action #255] t=10.44s step=616 queue=7 dmax=2.153 | shoulder_pan.pos=-3.75 shoulder_lift.pos=-34.58 elbow_flex.pos=+31.75 wrist_flex.pos=+79.36 wrist_roll.pos=-3.23 gripper.pos=+1.35
DEBUG 2026-08-19 04:35:45 [action #256] t=10.47s step=617 queue=6 dmax=2.385 | shoulder_pan.pos=-3.71 shoulder_lift.pos=-36.91 elbow_flex.pos=+34.13 wrist_flex.pos=+78.25 wrist_roll.pos=-3.04 gripper.pos=+1.16
DEBUG 2026-08-19 04:35:46 [action #257] t=10.50s step=618 queue=5 dmax=2.513 | shoulder_pan.pos=-3.41 shoulder_lift.pos=-38.65 elbow_flex.pos=+36.64 wrist_flex.pos=+77.33 wrist_roll.pos=-3.02 gripper.pos=+1.14
DEBUG 2026-08-19 04:35:46 [action #258] t=10.54s step=619 queue=4 dmax=1.871 | shoulder_pan.pos=-3.30 shoulder_lift.pos=-40.51 elbow_flex.pos=+38.51 wrist_flex.pos=+76.18 wrist_roll.pos=-2.85 gripper.pos=+1.17
DEBUG 2026-08-19 04:35:46 [action #259] t=10.57s step=620 queue=3 dmax=2.687 | shoulder_pan.pos=-3.07 shoulder_lift.pos=-42.64 elbow_flex.pos=+41.20 wrist_flex.pos=+75.11 wrist_roll.pos=-2.79 gripper.pos=+1.17
DEBUG 2026-08-19 04:35:46 [action #260] t=10.60s step=621 queue=2 dmax=2.031 | shoulder_pan.pos=-3.07 shoulder_lift.pos=-44.67 elbow_flex.pos=+43.01 wrist_flex.pos=+74.01 wrist_roll.pos=-2.57 gripper.pos=+1.13
DEBUG 2026-08-19 04:35:46 [chunk] received 50 actions, timesteps 598..647 | first: shoulder_pan.pos=-0.68 shoulder_lift.pos=-55.95 elbow_flex.pos=+44.59 wrist_flex.pos=+71.32 wrist_roll.pos=-3.70 gripper.pos=+0.15 | last: shoulder_pan.pos=-1.58 shoulder_lift.pos=-106.04 elbow_flex.pos=+89.23 wrist_flex.pos=+75.09 wrist_roll.pos=-1.28 gripper.pos=-0.17
DEBUG 2026-08-19 04:35:46 [action #261] t=10.64s step=622 queue=26 dmax=26.907 | shoulder_pan.pos=-2.67 shoulder_lift.pos=-71.57 elbow_flex.pos=+64.98 wrist_flex.pos=+68.68 wrist_roll.pos=-3.55 gripper.pos=+0.33
DEBUG 2026-08-19 04:35:46 [action #262] t=10.67s step=623 queue=25 dmax=11.843 | shoulder_pan.pos=-2.70 shoulder_lift.pos=-83.42 elbow_flex.pos=+74.74 wrist_flex.pos=+66.78 wrist_roll.pos=-3.86 gripper.pos=-0.06
DEBUG 2026-08-19 04:35:46 [action #263] t=10.70s step=624 queue=24 dmax=1.607 | shoulder_pan.pos=-3.03 shoulder_lift.pos=-85.03 elbow_flex.pos=+76.05 wrist_flex.pos=+66.88 wrist_roll.pos=-3.90 gripper.pos=-0.02
DEBUG 2026-08-19 04:35:46 [action #264] t=10.74s step=625 queue=23 dmax=1.248 | shoulder_pan.pos=-2.55 shoulder_lift.pos=-86.27 elbow_flex.pos=+76.66 wrist_flex.pos=+66.57 wrist_roll.pos=-3.88 gripper.pos=-0.21
DEBUG 2026-08-19 04:35:46 [action #265] t=10.77s step=626 queue=22 dmax=0.776 | shoulder_pan.pos=-3.05 shoulder_lift.pos=-87.05 elbow_flex.pos=+77.38 wrist_flex.pos=+66.71 wrist_roll.pos=-3.97 gripper.pos=-0.17
DEBUG 2026-08-19 04:35:46 [action #266] t=10.80s step=627 queue=21 dmax=1.280 | shoulder_pan.pos=-2.83 shoulder_lift.pos=-88.33 elbow_flex.pos=+77.54 wrist_flex.pos=+66.74 wrist_roll.pos=-3.90 gripper.pos=+0.03
DEBUG 2026-08-19 04:35:46 [action #267] t=10.84s step=628 queue=20 dmax=1.396 | shoulder_pan.pos=-2.94 shoulder_lift.pos=-89.12 elbow_flex.pos=+78.93 wrist_flex.pos=+66.67 wrist_roll.pos=-3.91 gripper.pos=-0.08
DEBUG 2026-08-19 04:35:46 [action #268] t=10.87s step=629 queue=19 dmax=1.738 | shoulder_pan.pos=-2.73 shoulder_lift.pos=-90.86 elbow_flex.pos=+80.23 wrist_flex.pos=+66.47 wrist_roll.pos=-3.83 gripper.pos=-0.16
DEBUG 2026-08-19 04:35:46 [action #269] t=10.90s step=630 queue=18 dmax=1.439 | shoulder_pan.pos=-2.92 shoulder_lift.pos=-92.30 elbow_flex.pos=+81.44 wrist_flex.pos=+66.64 wrist_roll.pos=-3.65 gripper.pos=-0.16
DEBUG 2026-08-19 04:35:46 [action #270] t=10.94s step=631 queue=17 dmax=1.423 | shoulder_pan.pos=-3.08 shoulder_lift.pos=-93.72 elbow_flex.pos=+82.23 wrist_flex.pos=+66.60 wrist_roll.pos=-3.71 gripper.pos=-0.19
DEBUG 2026-08-19 04:35:46 [action #271] t=10.97s step=632 queue=16 dmax=2.136 | shoulder_pan.pos=-2.97 shoulder_lift.pos=-95.86 elbow_flex.pos=+83.11 wrist_flex.pos=+66.63 wrist_roll.pos=-3.54 gripper.pos=-0.31
DEBUG 2026-08-19 04:35:46 [action #272] t=11.00s step=633 queue=15 dmax=1.749 | shoulder_pan.pos=-2.95 shoulder_lift.pos=-97.61 elbow_flex.pos=+84.33 wrist_flex.pos=+66.78 wrist_roll.pos=-3.17 gripper.pos=-0.23
DEBUG 2026-08-19 04:35:46 [action #273] t=11.04s step=634 queue=14 dmax=1.608 | shoulder_pan.pos=-2.84 shoulder_lift.pos=-99.22 elbow_flex.pos=+85.68 wrist_flex.pos=+67.27 wrist_roll.pos=-2.93 gripper.pos=-0.25
DEBUG 2026-08-19 04:35:46 [action #274] t=11.07s step=635 queue=13 dmax=2.057 | shoulder_pan.pos=-2.75 shoulder_lift.pos=-101.27 elbow_flex.pos=+86.74 wrist_flex.pos=+67.80 wrist_roll.pos=-2.51 gripper.pos=-0.07
DEBUG 2026-08-19 04:35:46 [action #275] t=11.11s step=636 queue=12 dmax=1.227 | shoulder_pan.pos=-2.90 shoulder_lift.pos=-102.50 elbow_flex.pos=+86.82 wrist_flex.pos=+69.02 wrist_roll.pos=-2.09 gripper.pos=-0.09
DEBUG 2026-08-19 04:35:46 [action #276] t=11.14s step=637 queue=11 dmax=1.182 | shoulder_pan.pos=-2.97 shoulder_lift.pos=-103.33 elbow_flex.pos=+87.59 wrist_flex.pos=+70.20 wrist_roll.pos=-2.09 gripper.pos=-0.13
DEBUG 2026-08-19 04:35:46 [action #277] t=11.17s step=638 queue=10 dmax=1.055 | shoulder_pan.pos=-2.97 shoulder_lift.pos=-104.23 elbow_flex.pos=+87.76 wrist_flex.pos=+71.26 wrist_roll.pos=-1.91 gripper.pos=-0.15
DEBUG 2026-08-19 04:35:46 [action #278] t=11.21s step=639 queue=9 dmax=0.854 | shoulder_pan.pos=-2.77 shoulder_lift.pos=-104.66 elbow_flex.pos=+87.96 wrist_flex.pos=+72.11 wrist_roll.pos=-1.92 gripper.pos=-0.06
DEBUG 2026-08-19 04:35:46 [action #279] t=11.24s step=640 queue=8 dmax=0.559 | shoulder_pan.pos=-2.63 shoulder_lift.pos=-105.22 elbow_flex.pos=+88.46 wrist_flex.pos=+72.64 wrist_roll.pos=-1.86 gripper.pos=-0.22
DEBUG 2026-08-19 04:35:46 [action #280] t=11.27s step=641 queue=7 dmax=0.564 | shoulder_pan.pos=-2.57 shoulder_lift.pos=-105.26 elbow_flex.pos=+88.73 wrist_flex.pos=+73.21 wrist_roll.pos=-1.84 gripper.pos=+0.01
DEBUG 2026-08-19 04:35:46 [action #281] t=11.31s step=642 queue=6 dmax=0.624 | shoulder_pan.pos=-2.48 shoulder_lift.pos=-105.35 elbow_flex.pos=+88.91 wrist_flex.pos=+73.83 wrist_roll.pos=-1.71 gripper.pos=-0.13
DEBUG 2026-08-19 04:35:46 [chunk] received 50 actions, timesteps 620..669 | first: shoulder_pan.pos=-2.76 shoulder_lift.pos=-39.31 elbow_flex.pos=+38.25 wrist_flex.pos=+76.09 wrist_roll.pos=-3.31 gripper.pos=+1.96 | last: shoulder_pan.pos=-5.01 shoulder_lift.pos=-102.45 elbow_flex.pos=+93.22 wrist_flex.pos=+69.09 wrist_roll.pos=+2.27 gripper.pos=+0.18
DEBUG 2026-08-19 04:35:46 [action #282] t=11.34s step=643 queue=27 dmax=29.569 | shoulder_pan.pos=-1.78 shoulder_lift.pos=-75.78 elbow_flex.pos=+75.42 wrist_flex.pos=+64.44 wrist_roll.pos=-2.20 gripper.pos=+0.56
DEBUG 2026-08-19 04:35:46 [action #283] t=11.37s step=644 queue=26 dmax=1.267 | shoulder_pan.pos=-2.18 shoulder_lift.pos=-77.04 elbow_flex.pos=+76.01 wrist_flex.pos=+64.37 wrist_roll.pos=-2.20 gripper.pos=+0.37
DEBUG 2026-08-19 04:35:46 [action #284] t=11.41s step=645 queue=25 dmax=1.010 | shoulder_pan.pos=-1.87 shoulder_lift.pos=-78.05 elbow_flex.pos=+77.02 wrist_flex.pos=+64.04 wrist_roll.pos=-2.16 gripper.pos=+0.39
DEBUG 2026-08-19 04:35:46 [action #285] t=11.44s step=646 queue=24 dmax=1.194 | shoulder_pan.pos=-1.84 shoulder_lift.pos=-79.24 elbow_flex.pos=+77.97 wrist_flex.pos=+64.02 wrist_roll.pos=-2.13 gripper.pos=+0.39
DEBUG 2026-08-19 04:35:46 [action #286] t=11.47s step=647 queue=23 dmax=1.477 | shoulder_pan.pos=-1.81 shoulder_lift.pos=-80.72 elbow_flex.pos=+78.84 wrist_flex.pos=+63.85 wrist_roll.pos=-2.05 gripper.pos=+0.34
DEBUG 2026-08-19 04:35:47 [action #287] t=11.51s step=648 queue=22 dmax=9.618 | shoulder_pan.pos=-2.06 shoulder_lift.pos=-71.10 elbow_flex.pos=+76.09 wrist_flex.pos=+58.83 wrist_roll.pos=-2.43 gripper.pos=+0.62
DEBUG 2026-08-19 04:35:47 [action #288] t=11.54s step=649 queue=21 dmax=2.354 | shoulder_pan.pos=-1.93 shoulder_lift.pos=-73.46 elbow_flex.pos=+77.26 wrist_flex.pos=+58.89 wrist_roll.pos=-2.31 gripper.pos=+0.48
DEBUG 2026-08-19 04:35:47 [action #289] t=11.57s step=650 queue=20 dmax=1.401 | shoulder_pan.pos=-2.09 shoulder_lift.pos=-74.86 elbow_flex.pos=+77.97 wrist_flex.pos=+59.22 wrist_roll.pos=-2.25 gripper.pos=+0.54
DEBUG 2026-08-19 04:35:47 [action #290] t=11.61s step=651 queue=19 dmax=2.295 | shoulder_pan.pos=-1.85 shoulder_lift.pos=-77.15 elbow_flex.pos=+79.40 wrist_flex.pos=+59.44 wrist_roll.pos=-2.29 gripper.pos=+0.53
DEBUG 2026-08-19 04:35:47 [action #291] t=11.64s step=652 queue=18 dmax=2.138 | shoulder_pan.pos=-1.81 shoulder_lift.pos=-79.29 elbow_flex.pos=+81.22 wrist_flex.pos=+59.40 wrist_roll.pos=-2.24 gripper.pos=+0.39
DEBUG 2026-08-19 04:35:47 [action #292] t=11.67s step=653 queue=17 dmax=1.922 | shoulder_pan.pos=-1.90 shoulder_lift.pos=-81.21 elbow_flex.pos=+82.16 wrist_flex.pos=+59.75 wrist_roll.pos=-2.25 gripper.pos=+0.48
DEBUG 2026-08-19 04:35:47 [action #293] t=11.71s step=654 queue=16 dmax=1.379 | shoulder_pan.pos=-2.22 shoulder_lift.pos=-82.59 elbow_flex.pos=+82.53 wrist_flex.pos=+60.02 wrist_roll.pos=-2.17 gripper.pos=+0.42
DEBUG 2026-08-19 04:35:47 [action #294] t=11.74s step=655 queue=15 dmax=1.238 | shoulder_pan.pos=-2.05 shoulder_lift.pos=-83.83 elbow_flex.pos=+83.75 wrist_flex.pos=+60.40 wrist_roll.pos=-2.10 gripper.pos=+0.60
DEBUG 2026-08-19 04:35:47 [action #295] t=11.77s step=656 queue=14 dmax=2.260 | shoulder_pan.pos=-2.02 shoulder_lift.pos=-86.09 elbow_flex.pos=+84.78 wrist_flex.pos=+60.48 wrist_roll.pos=-2.15 gripper.pos=+0.33
DEBUG 2026-08-19 04:35:47 [action #296] t=11.81s step=657 queue=13 dmax=1.710 | shoulder_pan.pos=-2.12 shoulder_lift.pos=-87.80 elbow_flex.pos=+85.36 wrist_flex.pos=+60.70 wrist_roll.pos=-2.16 gripper.pos=+0.34
DEBUG 2026-08-19 04:35:47 [action #297] t=11.84s step=658 queue=12 dmax=1.269 | shoulder_pan.pos=-2.14 shoulder_lift.pos=-89.04 elbow_flex.pos=+86.63 wrist_flex.pos=+60.49 wrist_roll.pos=-2.07 gripper.pos=+0.33
DEBUG 2026-08-19 04:35:47 [action #298] t=11.87s step=659 queue=11 dmax=1.829 | shoulder_pan.pos=-2.38 shoulder_lift.pos=-90.87 elbow_flex.pos=+87.58 wrist_flex.pos=+60.63 wrist_roll.pos=-2.10 gripper.pos=+0.22
DEBUG 2026-08-19 04:35:47 [action #299] t=11.91s step=660 queue=10 dmax=0.549 | shoulder_pan.pos=-2.45 shoulder_lift.pos=-91.42 elbow_flex.pos=+87.78 wrist_flex.pos=+60.70 wrist_roll.pos=-2.08 gripper.pos=+0.32
DEBUG 2026-08-19 04:35:47 [action #300] t=11.94s step=661 queue=9 dmax=1.669 | shoulder_pan.pos=-2.95 shoulder_lift.pos=-93.09 elbow_flex.pos=+88.53 wrist_flex.pos=+61.33 wrist_roll.pos=-1.87 gripper.pos=+0.35
DEBUG 2026-08-19 04:35:47 [action #301] t=11.98s step=662 queue=8 dmax=1.313 | shoulder_pan.pos=-3.11 shoulder_lift.pos=-94.41 elbow_flex.pos=+89.74 wrist_flex.pos=+61.71 wrist_roll.pos=-1.85 gripper.pos=+0.23
DEBUG 2026-08-19 04:35:47 [action #302] t=12.01s step=663 queue=7 dmax=1.503 | shoulder_pan.pos=-3.42 shoulder_lift.pos=-95.91 elbow_flex.pos=+90.62 wrist_flex.pos=+62.33 wrist_roll.pos=-1.56 gripper.pos=+0.26
DEBUG 2026-08-19 04:35:47 [chunk] received 50 actions, timesteps 642..691 | first: shoulder_pan.pos=-4.59 shoulder_lift.pos=-102.16 elbow_flex.pos=+89.45 wrist_flex.pos=+70.00 wrist_roll.pos=-2.52 gripper.pos=+0.06 | last: shoulder_pan.pos=-6.77 shoulder_lift.pos=-90.42 elbow_flex.pos=+75.75 wrist_flex.pos=+68.31 wrist_roll.pos=-1.85 gripper.pos=+0.10
DEBUG 2026-08-19 04:35:47 [action #303] t=12.04s step=664 queue=28 dmax=7.627 | shoulder_pan.pos=-5.31 shoulder_lift.pos=-101.04 elbow_flex.pos=+87.52 wrist_flex.pos=+69.96 wrist_roll.pos=-1.35 gripper.pos=+0.20
DEBUG 2026-08-19 04:35:47 [action #304] t=12.08s step=665 queue=27 dmax=0.499 | shoulder_pan.pos=-5.19 shoulder_lift.pos=-101.36 elbow_flex.pos=+88.02 wrist_flex.pos=+70.15 wrist_roll.pos=-1.11 gripper.pos=+0.14
DEBUG 2026-08-19 04:35:47 [action #305] t=12.11s step=666 queue=26 dmax=0.390 | shoulder_pan.pos=-5.53 shoulder_lift.pos=-101.75 elbow_flex.pos=+88.08 wrist_flex.pos=+70.46 wrist_roll.pos=-0.94 gripper.pos=+0.16
DEBUG 2026-08-19 04:35:47 [action #306] t=12.14s step=667 queue=25 dmax=0.643 | shoulder_pan.pos=-5.43 shoulder_lift.pos=-102.39 elbow_flex.pos=+88.03 wrist_flex.pos=+70.98 wrist_roll.pos=-0.76 gripper.pos=+0.17
DEBUG 2026-08-19 04:35:47 [action #307] t=12.18s step=668 queue=24 dmax=0.420 | shoulder_pan.pos=-5.85 shoulder_lift.pos=-102.36 elbow_flex.pos=+87.86 wrist_flex.pos=+71.32 wrist_roll.pos=-0.47 gripper.pos=+0.15
DEBUG 2026-08-19 04:35:47 [action #308] t=12.21s step=669 queue=23 dmax=0.408 | shoulder_pan.pos=-6.11 shoulder_lift.pos=-102.61 elbow_flex.pos=+87.96 wrist_flex.pos=+71.73 wrist_roll.pos=-0.29 gripper.pos=+0.11
DEBUG 2026-08-19 04:35:47 [action #309] t=12.24s step=670 queue=22 dmax=2.319 | shoulder_pan.pos=-6.63 shoulder_lift.pos=-102.52 elbow_flex.pos=+85.64 wrist_flex.pos=+72.84 wrist_roll.pos=-1.41 gripper.pos=+0.23
DEBUG 2026-08-19 04:35:47 [action #310] t=12.28s step=671 queue=21 dmax=0.317 | shoulder_pan.pos=-6.95 shoulder_lift.pos=-102.74 elbow_flex.pos=+85.41 wrist_flex.pos=+72.81 wrist_roll.pos=-1.31 gripper.pos=+0.13
DEBUG 2026-08-19 04:35:47 [action #311] t=12.31s step=672 queue=20 dmax=0.522 | shoulder_pan.pos=-6.64 shoulder_lift.pos=-102.22 elbow_flex.pos=+85.11 wrist_flex.pos=+72.71 wrist_roll.pos=-1.20 gripper.pos=+0.29
DEBUG 2026-08-19 04:35:47 [action #312] t=12.34s step=673 queue=19 dmax=0.279 | shoulder_pan.pos=-6.92 shoulder_lift.pos=-101.97 elbow_flex.pos=+85.08 wrist_flex.pos=+72.71 wrist_roll.pos=-1.16 gripper.pos=+0.09
DEBUG 2026-08-19 04:35:47 [action #313] t=12.38s step=674 queue=18 dmax=0.664 | shoulder_pan.pos=-6.99 shoulder_lift.pos=-102.16 elbow_flex.pos=+84.42 wrist_flex.pos=+72.87 wrist_roll.pos=-1.05 gripper.pos=+0.04
DEBUG 2026-08-19 04:35:47 [action #314] t=12.41s step=675 queue=17 dmax=0.125 | shoulder_pan.pos=-6.88 shoulder_lift.pos=-102.04 elbow_flex.pos=+84.32 wrist_flex.pos=+72.81 wrist_roll.pos=-0.97 gripper.pos=+0.13
DEBUG 2026-08-19 04:35:47 [action #315] t=12.44s step=676 queue=16 dmax=0.177 | shoulder_pan.pos=-6.99 shoulder_lift.pos=-102.21 elbow_flex.pos=+84.15 wrist_flex.pos=+72.85 wrist_roll.pos=-0.92 gripper.pos=+0.09
DEBUG 2026-08-19 04:35:47 [action #316] t=12.48s step=677 queue=15 dmax=0.310 | shoulder_pan.pos=-7.16 shoulder_lift.pos=-102.04 elbow_flex.pos=+83.84 wrist_flex.pos=+72.96 wrist_roll.pos=-0.94 gripper.pos=+0.02
DEBUG 2026-08-19 04:35:48 [action #317] t=12.51s step=678 queue=14 dmax=0.485 | shoulder_pan.pos=-7.04 shoulder_lift.pos=-102.52 elbow_flex.pos=+83.71 wrist_flex.pos=+72.67 wrist_roll.pos=-1.11 gripper.pos=+0.16
DEBUG 2026-08-19 04:35:48 [action #318] t=12.54s step=679 queue=13 dmax=0.776 | shoulder_pan.pos=-6.81 shoulder_lift.pos=-101.75 elbow_flex.pos=+83.20 wrist_flex.pos=+72.56 wrist_roll.pos=-1.06 gripper.pos=+0.09
DEBUG 2026-08-19 04:35:48 [action #319] t=12.58s step=680 queue=12 dmax=0.446 | shoulder_pan.pos=-6.72 shoulder_lift.pos=-101.30 elbow_flex.pos=+82.92 wrist_flex.pos=+72.44 wrist_roll.pos=-1.14 gripper.pos=+0.16
DEBUG 2026-08-19 04:35:48 [action #320] t=12.61s step=681 queue=11 dmax=0.423 | shoulder_pan.pos=-6.93 shoulder_lift.pos=-101.22 elbow_flex.pos=+82.50 wrist_flex.pos=+72.06 wrist_roll.pos=-1.15 gripper.pos=-0.03
DEBUG 2026-08-19 04:35:48 [action #321] t=12.64s step=682 queue=10 dmax=0.371 | shoulder_pan.pos=-6.96 shoulder_lift.pos=-101.27 elbow_flex.pos=+82.52 wrist_flex.pos=+71.69 wrist_roll.pos=-1.19 gripper.pos=+0.07
DEBUG 2026-08-19 04:35:48 [action #322] t=12.68s step=683 queue=9 dmax=0.623 | shoulder_pan.pos=-6.87 shoulder_lift.pos=-100.78 elbow_flex.pos=+81.90 wrist_flex.pos=+71.53 wrist_roll.pos=-1.31 gripper.pos=+0.18
DEBUG 2026-08-19 04:35:48 [action #323] t=12.71s step=684 queue=8 dmax=1.186 | shoulder_pan.pos=-6.73 shoulder_lift.pos=-99.59 elbow_flex.pos=+80.97 wrist_flex.pos=+71.09 wrist_roll.pos=-1.26 gripper.pos=+0.07
DEBUG 2026-08-19 04:35:48 [action #324] t=12.74s step=685 queue=7 dmax=0.811 | shoulder_pan.pos=-6.83 shoulder_lift.pos=-98.78 elbow_flex.pos=+80.71 wrist_flex.pos=+70.66 wrist_roll.pos=-1.34 gripper.pos=+0.07
DEBUG 2026-08-19 04:35:48 [action #325] t=12.78s step=686 queue=6 dmax=1.682 | shoulder_pan.pos=-6.84 shoulder_lift.pos=-97.10 elbow_flex.pos=+80.09 wrist_flex.pos=+70.32 wrist_roll.pos=-1.48 gripper.pos=+0.08
DEBUG 2026-08-19 04:35:48 [action #326] t=12.81s step=687 queue=5 dmax=1.830 | shoulder_pan.pos=-6.73 shoulder_lift.pos=-95.27 elbow_flex.pos=+79.35 wrist_flex.pos=+70.06 wrist_roll.pos=-1.59 gripper.pos=+0.18
DEBUG 2026-08-19 04:35:48 [action #327] t=12.84s step=688 queue=4 dmax=1.015 | shoulder_pan.pos=-6.97 shoulder_lift.pos=-94.53 elbow_flex.pos=+78.33 wrist_flex.pos=+69.58 wrist_roll.pos=-1.61 gripper.pos=+0.18
DEBUG 2026-08-19 04:35:48 [chunk] received 50 actions, timesteps 663..712 | first: shoulder_pan.pos=-2.44 shoulder_lift.pos=-96.35 elbow_flex.pos=+88.70 wrist_flex.pos=+60.80 wrist_roll.pos=-2.22 gripper.pos=+0.09 | last: shoulder_pan.pos=-5.16 shoulder_lift.pos=-60.34 elbow_flex.pos=+58.57 wrist_flex.pos=+56.11 wrist_roll.pos=-5.99 gripper.pos=+0.65
DEBUG 2026-08-19 04:35:48 [action #328] t=12.88s step=689 queue=24 dmax=5.572 | shoulder_pan.pos=-6.31 shoulder_lift.pos=-99.34 elbow_flex.pos=+83.91 wrist_flex.pos=+71.43 wrist_roll.pos=-2.36 gripper.pos=+0.38
DEBUG 2026-08-19 04:35:48 [action #329] t=12.91s step=690 queue=23 dmax=0.684 | shoulder_pan.pos=-6.31 shoulder_lift.pos=-98.78 elbow_flex.pos=+83.22 wrist_flex.pos=+71.22 wrist_roll.pos=-2.50 gripper.pos=+0.35
DEBUG 2026-08-19 04:35:48 [action #330] t=12.94s step=691 queue=22 dmax=0.280 | shoulder_pan.pos=-6.20 shoulder_lift.pos=-98.53 elbow_flex.pos=+82.96 wrist_flex.pos=+70.94 wrist_roll.pos=-2.52 gripper.pos=+0.32
DEBUG 2026-08-19 04:35:48 [action #331] t=12.98s step=692 queue=21 dmax=3.445 | shoulder_pan.pos=-5.63 shoulder_lift.pos=-101.16 elbow_flex.pos=+86.40 wrist_flex.pos=+71.88 wrist_roll.pos=-2.97 gripper.pos=+0.50
DEBUG 2026-08-19 04:35:48 [action #332] t=13.01s step=693 queue=20 dmax=0.462 | shoulder_pan.pos=-5.90 shoulder_lift.pos=-101.43 elbow_flex.pos=+85.98 wrist_flex.pos=+71.42 wrist_roll.pos=-2.98 gripper.pos=+0.38
DEBUG 2026-08-19 04:35:48 [action #333] t=13.04s step=694 queue=19 dmax=0.761 | shoulder_pan.pos=-5.83 shoulder_lift.pos=-101.29 elbow_flex.pos=+85.46 wrist_flex.pos=+70.66 wrist_roll.pos=-3.10 gripper.pos=+0.45
DEBUG 2026-08-19 04:35:48 [action #334] t=13.08s step=695 queue=18 dmax=0.648 | shoulder_pan.pos=-5.92 shoulder_lift.pos=-100.95 elbow_flex.pos=+85.81 wrist_flex.pos=+70.01 wrist_roll.pos=-3.16 gripper.pos=+0.39
DEBUG 2026-08-19 04:35:48 [action #335] t=13.11s step=696 queue=17 dmax=0.989 | shoulder_pan.pos=-6.09 shoulder_lift.pos=-100.13 elbow_flex.pos=+85.14 wrist_flex.pos=+69.02 wrist_roll.pos=-3.08 gripper.pos=+0.34
DEBUG 2026-08-19 04:35:48 [action #336] t=13.15s step=697 queue=16 dmax=1.210 | shoulder_pan.pos=-6.34 shoulder_lift.pos=-99.63 elbow_flex.pos=+84.63 wrist_flex.pos=+67.81 wrist_roll.pos=-3.12 gripper.pos=+0.44
DEBUG 2026-08-19 04:35:48 [action #337] t=13.18s step=698 queue=15 dmax=1.377 | shoulder_pan.pos=-6.27 shoulder_lift.pos=-98.58 elbow_flex.pos=+83.26 wrist_flex.pos=+66.82 wrist_roll.pos=-3.11 gripper.pos=+0.48
DEBUG 2026-08-19 04:35:48 [action #338] t=13.21s step=699 queue=14 dmax=1.927 | shoulder_pan.pos=-6.34 shoulder_lift.pos=-96.65 elbow_flex.pos=+82.95 wrist_flex.pos=+66.03 wrist_roll.pos=-3.21 gripper.pos=+0.37
DEBUG 2026-08-19 04:35:48 [action #339] t=13.25s step=700 queue=13 dmax=2.015 | shoulder_pan.pos=-6.31 shoulder_lift.pos=-95.03 elbow_flex.pos=+80.93 wrist_flex.pos=+65.05 wrist_roll.pos=-3.24 gripper.pos=+0.33
DEBUG 2026-08-19 04:35:48 [action #340] t=13.28s step=701 queue=12 dmax=3.167 | shoulder_pan.pos=-6.30 shoulder_lift.pos=-91.86 elbow_flex.pos=+78.89 wrist_flex.pos=+64.19 wrist_roll.pos=-3.43 gripper.pos=+0.29
DEBUG 2026-08-19 04:35:48 [action #341] t=13.31s step=702 queue=11 dmax=2.866 | shoulder_pan.pos=-6.28 shoulder_lift.pos=-89.00 elbow_flex.pos=+76.76 wrist_flex.pos=+63.35 wrist_roll.pos=-3.57 gripper.pos=+0.33
DEBUG 2026-08-19 04:35:48 [action #342] t=13.35s step=703 queue=10 dmax=3.816 | shoulder_pan.pos=-6.13 shoulder_lift.pos=-85.18 elbow_flex.pos=+74.30 wrist_flex.pos=+62.60 wrist_roll.pos=-3.72 gripper.pos=+0.21
DEBUG 2026-08-19 04:35:48 [action #343] t=13.38s step=704 queue=9 dmax=3.517 | shoulder_pan.pos=-6.04 shoulder_lift.pos=-81.67 elbow_flex.pos=+71.57 wrist_flex.pos=+61.86 wrist_roll.pos=-3.96 gripper.pos=+0.23
DEBUG 2026-08-19 04:35:48 [action #344] t=13.41s step=705 queue=8 dmax=3.815 | shoulder_pan.pos=-5.72 shoulder_lift.pos=-77.85 elbow_flex.pos=+69.99 wrist_flex.pos=+61.15 wrist_roll.pos=-4.09 gripper.pos=+0.15
DEBUG 2026-08-19 04:35:48 [action #345] t=13.45s step=706 queue=7 dmax=3.426 | shoulder_pan.pos=-5.74 shoulder_lift.pos=-74.42 elbow_flex.pos=+68.30 wrist_flex.pos=+60.30 wrist_roll.pos=-4.12 gripper.pos=+0.37
DEBUG 2026-08-19 04:35:48 [action #346] t=13.48s step=707 queue=6 dmax=2.853 | shoulder_pan.pos=-5.82 shoulder_lift.pos=-71.57 elbow_flex.pos=+66.22 wrist_flex.pos=+59.38 wrist_roll.pos=-4.12 gripper.pos=+0.40
DEBUG 2026-08-19 04:35:49 [action #347] t=13.51s step=708 queue=5 dmax=1.698 | shoulder_pan.pos=-5.28 shoulder_lift.pos=-69.87 elbow_flex.pos=+65.33 wrist_flex.pos=+57.98 wrist_roll.pos=-4.17 gripper.pos=+0.34
DEBUG 2026-08-19 04:35:49 [action #348] t=13.55s step=709 queue=4 dmax=2.740 | shoulder_pan.pos=-5.27 shoulder_lift.pos=-67.13 elbow_flex.pos=+63.63 wrist_flex.pos=+57.20 wrist_roll.pos=-4.46 gripper.pos=+0.55
DEBUG 2026-08-19 04:35:49 [chunk] received 50 actions, timesteps 688..737 | first: shoulder_pan.pos=-6.85 shoulder_lift.pos=-100.07 elbow_flex.pos=+82.95 wrist_flex.pos=+69.74 wrist_roll.pos=-0.77 gripper.pos=+0.37 | last: shoulder_pan.pos=-7.66 shoulder_lift.pos=-42.34 elbow_flex.pos=+41.05 wrist_flex.pos=+64.08 wrist_roll.pos=-6.06 gripper.pos=+0.45
DEBUG 2026-08-19 04:35:49 [action #349] t=13.58s step=710 queue=28 dmax=23.096 | shoulder_pan.pos=-7.97 shoulder_lift.pos=-90.23 elbow_flex.pos=+75.15 wrist_flex.pos=+68.23 wrist_roll.pos=-1.58 gripper.pos=+0.58
DEBUG 2026-08-19 04:35:49 [action #350] t=13.62s step=711 queue=27 dmax=0.877 | shoulder_pan.pos=-8.10 shoulder_lift.pos=-89.69 elbow_flex.pos=+74.28 wrist_flex.pos=+68.04 wrist_roll.pos=-1.73 gripper.pos=+0.52
DEBUG 2026-08-19 04:35:49 [action #351] t=13.65s step=712 queue=26 dmax=1.029 | shoulder_pan.pos=-8.29 shoulder_lift.pos=-88.66 elbow_flex.pos=+73.37 wrist_flex.pos=+68.00 wrist_roll.pos=-1.90 gripper.pos=+0.45
DEBUG 2026-08-19 04:35:49 [action #352] t=13.68s step=713 queue=25 dmax=10.771 | shoulder_pan.pos=-9.96 shoulder_lift.pos=-99.43 elbow_flex.pos=+78.70 wrist_flex.pos=+73.08 wrist_roll.pos=-0.20 gripper.pos=+0.40
DEBUG 2026-08-19 04:35:49 [action #353] t=13.72s step=714 queue=24 dmax=1.367 | shoulder_pan.pos=-9.98 shoulder_lift.pos=-98.07 elbow_flex.pos=+77.95 wrist_flex.pos=+72.96 wrist_roll.pos=-0.29 gripper.pos=+0.40
DEBUG 2026-08-19 04:35:49 [action #354] t=13.75s step=715 queue=23 dmax=1.327 | shoulder_pan.pos=-10.29 shoulder_lift.pos=-96.74 elbow_flex.pos=+76.75 wrist_flex.pos=+72.91 wrist_roll.pos=-0.31 gripper.pos=+0.36
DEBUG 2026-08-19 04:35:49 [action #355] t=13.78s step=716 queue=22 dmax=2.288 | shoulder_pan.pos=-10.00 shoulder_lift.pos=-94.45 elbow_flex.pos=+75.86 wrist_flex.pos=+72.63 wrist_roll.pos=-0.36 gripper.pos=+0.34
DEBUG 2026-08-19 04:35:49 [action #356] t=13.82s step=717 queue=21 dmax=2.297 | shoulder_pan.pos=-9.72 shoulder_lift.pos=-92.15 elbow_flex.pos=+74.33 wrist_flex.pos=+72.14 wrist_roll.pos=-0.37 gripper.pos=+0.28
DEBUG 2026-08-19 04:35:49 [action #357] t=13.85s step=718 queue=20 dmax=2.555 | shoulder_pan.pos=-9.75 shoulder_lift.pos=-89.60 elbow_flex.pos=+72.88 wrist_flex.pos=+71.59 wrist_roll.pos=-0.61 gripper.pos=+0.32
DEBUG 2026-08-19 04:35:49 [action #358] t=13.88s step=719 queue=19 dmax=3.437 | shoulder_pan.pos=-9.22 shoulder_lift.pos=-86.16 elbow_flex.pos=+70.99 wrist_flex.pos=+70.59 wrist_roll.pos=-0.77 gripper.pos=+0.37
DEBUG 2026-08-19 04:35:49 [action #359] t=13.92s step=720 queue=18 dmax=3.210 | shoulder_pan.pos=-9.14 shoulder_lift.pos=-82.95 elbow_flex.pos=+69.23 wrist_flex.pos=+69.87 wrist_roll.pos=-1.05 gripper.pos=+0.30
DEBUG 2026-08-19 04:35:49 [action #360] t=13.95s step=721 queue=17 dmax=3.778 | shoulder_pan.pos=-8.88 shoulder_lift.pos=-79.17 elbow_flex.pos=+66.80 wrist_flex.pos=+69.19 wrist_roll.pos=-1.58 gripper.pos=+0.28
DEBUG 2026-08-19 04:35:49 [action #361] t=13.98s step=722 queue=16 dmax=3.470 | shoulder_pan.pos=-8.78 shoulder_lift.pos=-75.70 elbow_flex.pos=+65.29 wrist_flex.pos=+68.60 wrist_roll.pos=-1.85 gripper.pos=+0.18
DEBUG 2026-08-19 04:35:49 [action #362] t=14.02s step=723 queue=15 dmax=3.239 | shoulder_pan.pos=-8.33 shoulder_lift.pos=-72.46 elbow_flex.pos=+62.71 wrist_flex.pos=+67.63 wrist_roll.pos=-2.28 gripper.pos=+0.25
DEBUG 2026-08-19 04:35:49 [action #363] t=14.05s step=724 queue=14 dmax=3.727 | shoulder_pan.pos=-8.32 shoulder_lift.pos=-68.74 elbow_flex.pos=+60.57 wrist_flex.pos=+67.18 wrist_roll.pos=-2.54 gripper.pos=+0.31
DEBUG 2026-08-19 04:35:49 [action #364] t=14.08s step=725 queue=13 dmax=2.962 | shoulder_pan.pos=-8.19 shoulder_lift.pos=-65.78 elbow_flex.pos=+58.66 wrist_flex.pos=+66.29 wrist_roll.pos=-3.01 gripper.pos=+0.34
DEBUG 2026-08-19 04:35:49 [action #365] t=14.12s step=726 queue=12 dmax=2.913 | shoulder_pan.pos=-8.08 shoulder_lift.pos=-62.86 elbow_flex.pos=+56.30 wrist_flex.pos=+65.93 wrist_roll.pos=-3.38 gripper.pos=+0.49
DEBUG 2026-08-19 04:35:49 [action #366] t=14.15s step=727 queue=11 dmax=2.705 | shoulder_pan.pos=-7.86 shoulder_lift.pos=-60.16 elbow_flex.pos=+54.65 wrist_flex.pos=+65.35 wrist_roll.pos=-3.81 gripper.pos=+0.45
DEBUG 2026-08-19 04:35:49 [action #367] t=14.19s step=728 queue=10 dmax=2.351 | shoulder_pan.pos=-7.99 shoulder_lift.pos=-57.81 elbow_flex.pos=+53.42 wrist_flex.pos=+64.99 wrist_roll.pos=-4.10 gripper.pos=+0.43
DEBUG 2026-08-19 04:35:49 [action #368] t=14.22s step=729 queue=9 dmax=2.022 | shoulder_pan.pos=-8.11 shoulder_lift.pos=-55.78 elbow_flex.pos=+51.77 wrist_flex.pos=+64.53 wrist_roll.pos=-4.39 gripper.pos=+0.49
DEBUG 2026-08-19 04:35:49 [action #369] t=14.25s step=730 queue=8 dmax=1.930 | shoulder_pan.pos=-7.92 shoulder_lift.pos=-53.86 elbow_flex.pos=+50.64 wrist_flex.pos=+64.30 wrist_roll.pos=-4.73 gripper.pos=+0.53
DEBUG 2026-08-19 04:35:49 [action #370] t=14.29s step=731 queue=7 dmax=1.648 | shoulder_pan.pos=-8.04 shoulder_lift.pos=-52.21 elbow_flex.pos=+49.09 wrist_flex.pos=+64.02 wrist_roll.pos=-4.99 gripper.pos=+0.57
DEBUG 2026-08-19 04:35:49 [action #371] t=14.32s step=732 queue=6 dmax=2.192 | shoulder_pan.pos=-7.80 shoulder_lift.pos=-50.02 elbow_flex.pos=+47.35 wrist_flex.pos=+64.06 wrist_roll.pos=-5.39 gripper.pos=+0.54
DEBUG 2026-08-19 04:35:49 [action #372] t=14.35s step=733 queue=5 dmax=1.225 | shoulder_pan.pos=-7.60 shoulder_lift.pos=-48.79 elbow_flex.pos=+46.35 wrist_flex.pos=+63.95 wrist_roll.pos=-5.58 gripper.pos=+0.50
DEBUG 2026-08-19 04:35:49 [action #373] t=14.39s step=734 queue=4 dmax=1.923 | shoulder_pan.pos=-7.65 shoulder_lift.pos=-46.87 elbow_flex.pos=+44.62 wrist_flex.pos=+64.12 wrist_roll.pos=-5.85 gripper.pos=+0.57
DEBUG 2026-08-19 04:35:49 [action #374] t=14.42s step=735 queue=3 dmax=1.448 | shoulder_pan.pos=-7.65 shoulder_lift.pos=-45.42 elbow_flex.pos=+43.56 wrist_flex.pos=+64.12 wrist_roll.pos=-6.06 gripper.pos=+0.54
DEBUG 2026-08-19 04:35:49 [action #375] t=14.45s step=736 queue=2 dmax=1.640 | shoulder_pan.pos=-7.49 shoulder_lift.pos=-43.78 elbow_flex.pos=+42.33 wrist_flex.pos=+64.05 wrist_roll.pos=-6.01 gripper.pos=+0.54
DEBUG 2026-08-19 04:35:49 [chunk] received 50 actions, timesteps 708..757 | first: shoulder_pan.pos=-5.87 shoulder_lift.pos=-84.73 elbow_flex.pos=+74.97 wrist_flex.pos=+59.66 wrist_roll.pos=-3.69 gripper.pos=+0.43 | last: shoulder_pan.pos=-5.58 shoulder_lift.pos=-18.85 elbow_flex.pos=+15.66 wrist_flex.pos=+64.35 wrist_roll.pos=-2.41 gripper.pos=+6.82
DEBUG 2026-08-19 04:35:49 [action #376] t=14.49s step=737 queue=21 dmax=16.598 | shoulder_pan.pos=-6.57 shoulder_lift.pos=-60.38 elbow_flex.pos=+54.08 wrist_flex.pos=+61.78 wrist_roll.pos=-3.58 gripper.pos=+0.36
DEBUG 2026-08-19 04:35:50 [action #377] t=14.52s step=738 queue=20 dmax=5.416 | shoulder_pan.pos=-5.96 shoulder_lift.pos=-65.79 elbow_flex.pos=+56.20 wrist_flex.pos=+59.99 wrist_roll.pos=-2.73 gripper.pos=+0.47
DEBUG 2026-08-19 04:35:50 [action #378] t=14.55s step=739 queue=19 dmax=3.517 | shoulder_pan.pos=-5.90 shoulder_lift.pos=-62.28 elbow_flex.pos=+54.16 wrist_flex.pos=+59.99 wrist_roll.pos=-2.85 gripper.pos=+0.33
DEBUG 2026-08-19 04:35:50 [action #379] t=14.59s step=740 queue=18 dmax=2.811 | shoulder_pan.pos=-5.81 shoulder_lift.pos=-59.47 elbow_flex.pos=+52.76 wrist_flex.pos=+59.78 wrist_roll.pos=-2.97 gripper.pos=+0.33
DEBUG 2026-08-19 04:35:50 [action #380] t=14.62s step=741 queue=17 dmax=2.396 | shoulder_pan.pos=-5.75 shoulder_lift.pos=-57.07 elbow_flex.pos=+50.43 wrist_flex.pos=+59.94 wrist_roll.pos=-3.17 gripper.pos=+0.52
DEBUG 2026-08-19 04:35:50 [action #381] t=14.65s step=742 queue=16 dmax=2.471 | shoulder_pan.pos=-5.51 shoulder_lift.pos=-54.60 elbow_flex.pos=+48.50 wrist_flex.pos=+60.04 wrist_roll.pos=-3.07 gripper.pos=+0.49
DEBUG 2026-08-19 04:35:50 [action #382] t=14.69s step=743 queue=15 dmax=2.238 | shoulder_pan.pos=-5.35 shoulder_lift.pos=-52.36 elbow_flex.pos=+46.48 wrist_flex.pos=+60.06 wrist_roll.pos=-2.94 gripper.pos=+0.42
DEBUG 2026-08-19 04:35:50 [action #383] t=14.72s step=744 queue=14 dmax=2.526 | shoulder_pan.pos=-5.69 shoulder_lift.pos=-49.84 elbow_flex.pos=+44.21 wrist_flex.pos=+60.11 wrist_roll.pos=-2.76 gripper.pos=+0.18
DEBUG 2026-08-19 04:35:50 [action #384] t=14.75s step=745 queue=13 dmax=2.426 | shoulder_pan.pos=-5.73 shoulder_lift.pos=-47.54 elbow_flex.pos=+41.78 wrist_flex.pos=+60.52 wrist_roll.pos=-2.81 gripper.pos=+0.22
DEBUG 2026-08-19 04:35:50 [action #385] t=14.79s step=746 queue=12 dmax=2.584 | shoulder_pan.pos=-5.36 shoulder_lift.pos=-44.95 elbow_flex.pos=+40.49 wrist_flex.pos=+60.31 wrist_roll.pos=-2.84 gripper.pos=+0.44
DEBUG 2026-08-19 04:35:50 [action #386] t=14.82s step=747 queue=11 dmax=2.820 | shoulder_pan.pos=-5.34 shoulder_lift.pos=-42.13 elbow_flex.pos=+37.91 wrist_flex.pos=+60.40 wrist_roll.pos=-2.73 gripper.pos=+0.59
DEBUG 2026-08-19 04:35:50 [action #387] t=14.85s step=748 queue=10 dmax=2.535 | shoulder_pan.pos=-5.38 shoulder_lift.pos=-39.60 elbow_flex.pos=+35.39 wrist_flex.pos=+60.40 wrist_roll.pos=-2.87 gripper.pos=+0.33
DEBUG 2026-08-19 04:35:50 [action #388] t=14.89s step=749 queue=9 dmax=2.193 | shoulder_pan.pos=-5.33 shoulder_lift.pos=-37.41 elbow_flex.pos=+33.41 wrist_flex.pos=+60.31 wrist_roll.pos=-2.77 gripper.pos=+0.51
DEBUG 2026-08-19 04:35:50 [action #389] t=14.92s step=750 queue=8 dmax=2.839 | shoulder_pan.pos=-5.35 shoulder_lift.pos=-34.57 elbow_flex.pos=+31.70 wrist_flex.pos=+60.48 wrist_roll.pos=-2.90 gripper.pos=+0.65
DEBUG 2026-08-19 04:35:50 [action #390] t=14.95s step=751 queue=7 dmax=2.456 | shoulder_pan.pos=-5.28 shoulder_lift.pos=-32.56 elbow_flex.pos=+29.24 wrist_flex.pos=+60.62 wrist_roll.pos=-2.78 gripper.pos=+0.46
DEBUG 2026-08-19 04:35:50 [action #391] t=14.99s step=752 queue=6 dmax=2.662 | shoulder_pan.pos=-5.48 shoulder_lift.pos=-29.90 elbow_flex.pos=+26.95 wrist_flex.pos=+60.81 wrist_roll.pos=-2.70 gripper.pos=+0.75
DEBUG 2026-08-19 04:35:50 [action #392] t=15.02s step=753 queue=5 dmax=2.683 | shoulder_pan.pos=-5.32 shoulder_lift.pos=-27.21 elbow_flex.pos=+24.73 wrist_flex.pos=+61.39 wrist_roll.pos=-2.66 gripper.pos=+1.48
DEBUG 2026-08-19 04:35:50 [action #393] t=15.05s step=754 queue=4 dmax=2.248 | shoulder_pan.pos=-5.34 shoulder_lift.pos=-24.98 elbow_flex.pos=+22.48 wrist_flex.pos=+61.84 wrist_roll.pos=-2.58 gripper.pos=+2.42
DEBUG 2026-08-19 04:35:50 [action #394] t=15.09s step=755 queue=3 dmax=2.140 | shoulder_pan.pos=-5.43 shoulder_lift.pos=-22.84 elbow_flex.pos=+20.49 wrist_flex.pos=+62.68 wrist_roll.pos=-2.57 gripper.pos=+3.96
DEBUG 2026-08-19 04:35:50 [action #395] t=15.12s step=756 queue=2 dmax=2.376 | shoulder_pan.pos=-5.21 shoulder_lift.pos=-20.96 elbow_flex.pos=+18.12 wrist_flex.pos=+63.63 wrist_roll.pos=-2.53 gripper.pos=+5.51
DEBUG 2026-08-19 04:35:50 [action #396] t=15.16s step=757 queue=1 dmax=2.458 | shoulder_pan.pos=-5.58 shoulder_lift.pos=-18.85 elbow_flex.pos=+15.66 wrist_flex.pos=+64.35 wrist_roll.pos=-2.41 gripper.pos=+6.82
DEBUG 2026-08-19 04:35:50 [chunk] received 50 actions, timesteps 736..785 | first: shoulder_pan.pos=-7.39 shoulder_lift.pos=-50.74 elbow_flex.pos=+52.33 wrist_flex.pos=+61.60 wrist_roll.pos=-5.53 gripper.pos=+0.02 | last: shoulder_pan.pos=-4.88 shoulder_lift.pos=-101.20 elbow_flex.pos=+86.25 wrist_flex.pos=+75.26 wrist_roll.pos=-3.15 gripper.pos=-0.14
INFO 2026-08-19 04:35:50 Final action sent: shoulder_pan.pos=-5.58 shoulder_lift.pos=-18.85 elbow_flex.pos=+15.66 wrist_flex.pos=+64.35 wrist_roll.pos=-2.41 gripper.pos=+6.82
DEBUG 2026-08-19 04:35:50 === episode end | 15.4s | converged=False | actions=396 ===
