DEBUG 2026-09-03 09:39:27 === episode start | task: 'put the brown pouch on the tray' | duration: 50.0s ===
DEBUG 2026-09-03 09:39:28 [chunk] received 50 actions, timesteps 0..49 | first: shoulder_pan.pos=-4.83 shoulder_lift.pos=-100.98 elbow_flex.pos=+87.41 wrist_flex.pos=+75.79 wrist_roll.pos=-0.94 gripper.pos=+0.98 | last: shoulder_pan.pos=-31.04 shoulder_lift.pos=-102.15 elbow_flex.pos=+87.52 wrist_flex.pos=+76.05 wrist_roll.pos=-1.41 gripper.pos=+0.83
DEBUG 2026-09-03 09:39:28 [action #1] t=0.97s step=0 queue=50 dmax=n/a | shoulder_pan.pos=-4.83 shoulder_lift.pos=-100.98 elbow_flex.pos=+87.41 wrist_flex.pos=+75.79 wrist_roll.pos=-0.94 gripper.pos=+0.98
DEBUG 2026-09-03 09:39:28 [action #2] t=1.00s step=1 queue=49 dmax=0.286 | shoulder_pan.pos=-4.96 shoulder_lift.pos=-100.70 elbow_flex.pos=+87.63 wrist_flex.pos=+75.93 wrist_roll.pos=-0.87 gripper.pos=+1.01
DEBUG 2026-09-03 09:39:28 [action #3] t=1.04s step=2 queue=48 dmax=0.224 | shoulder_pan.pos=-5.12 shoulder_lift.pos=-100.61 elbow_flex.pos=+87.40 wrist_flex.pos=+76.03 wrist_roll.pos=-0.89 gripper.pos=+0.94
DEBUG 2026-09-03 09:39:28 [action #4] t=1.07s step=3 queue=47 dmax=0.364 | shoulder_pan.pos=-5.17 shoulder_lift.pos=-100.75 elbow_flex.pos=+87.04 wrist_flex.pos=+75.94 wrist_roll.pos=-0.96 gripper.pos=+0.83
DEBUG 2026-09-03 09:39:28 [action #5] t=1.10s step=4 queue=46 dmax=0.699 | shoulder_pan.pos=-5.45 shoulder_lift.pos=-101.45 elbow_flex.pos=+87.07 wrist_flex.pos=+75.99 wrist_roll.pos=-0.89 gripper.pos=+0.88
DEBUG 2026-09-03 09:39:28 [action #6] t=1.14s step=5 queue=45 dmax=0.471 | shoulder_pan.pos=-5.92 shoulder_lift.pos=-101.21 elbow_flex.pos=+87.54 wrist_flex.pos=+76.21 wrist_roll.pos=-0.84 gripper.pos=+0.92
DEBUG 2026-09-03 09:39:28 [action #7] t=1.17s step=6 queue=44 dmax=0.609 | shoulder_pan.pos=-6.23 shoulder_lift.pos=-101.26 elbow_flex.pos=+86.93 wrist_flex.pos=+75.99 wrist_roll.pos=-0.91 gripper.pos=+1.01
DEBUG 2026-09-03 09:39:28 [action #8] t=1.20s step=7 queue=43 dmax=0.707 | shoulder_pan.pos=-6.93 shoulder_lift.pos=-100.85 elbow_flex.pos=+86.87 wrist_flex.pos=+76.22 wrist_roll.pos=-0.92 gripper.pos=+0.93
DEBUG 2026-09-03 09:39:28 [action #9] t=1.24s step=8 queue=42 dmax=0.564 | shoulder_pan.pos=-7.50 shoulder_lift.pos=-101.17 elbow_flex.pos=+86.71 wrist_flex.pos=+76.33 wrist_roll.pos=-0.94 gripper.pos=+0.87
DEBUG 2026-09-03 09:39:28 [action #10] t=1.27s step=9 queue=41 dmax=0.681 | shoulder_pan.pos=-8.18 shoulder_lift.pos=-101.35 elbow_flex.pos=+86.98 wrist_flex.pos=+76.36 wrist_roll.pos=-1.07 gripper.pos=+0.91
DEBUG 2026-09-03 09:39:28 [action #11] t=1.30s step=10 queue=40 dmax=0.538 | shoulder_pan.pos=-8.72 shoulder_lift.pos=-101.82 elbow_flex.pos=+86.87 wrist_flex.pos=+76.40 wrist_roll.pos=-1.02 gripper.pos=+0.92
DEBUG 2026-09-03 09:39:28 [action #12] t=1.34s step=11 queue=39 dmax=0.791 | shoulder_pan.pos=-9.51 shoulder_lift.pos=-101.55 elbow_flex.pos=+86.57 wrist_flex.pos=+76.40 wrist_roll.pos=-0.96 gripper.pos=+0.76
DEBUG 2026-09-03 09:39:28 [action #13] t=1.37s step=12 queue=38 dmax=0.726 | shoulder_pan.pos=-10.23 shoulder_lift.pos=-101.82 elbow_flex.pos=+86.70 wrist_flex.pos=+76.28 wrist_roll.pos=-0.97 gripper.pos=+0.77
DEBUG 2026-09-03 09:39:28 [action #14] t=1.40s step=13 queue=37 dmax=0.924 | shoulder_pan.pos=-11.16 shoulder_lift.pos=-101.16 elbow_flex.pos=+86.49 wrist_flex.pos=+76.33 wrist_roll.pos=-0.88 gripper.pos=+0.82
DEBUG 2026-09-03 09:39:28 [action #15] t=1.44s step=14 queue=36 dmax=0.962 | shoulder_pan.pos=-12.12 shoulder_lift.pos=-101.19 elbow_flex.pos=+86.49 wrist_flex.pos=+76.39 wrist_roll.pos=-0.96 gripper.pos=+0.80
DEBUG 2026-09-03 09:39:28 [action #16] t=1.47s step=15 queue=35 dmax=1.036 | shoulder_pan.pos=-13.15 shoulder_lift.pos=-101.60 elbow_flex.pos=+86.56 wrist_flex.pos=+76.35 wrist_roll.pos=-0.97 gripper.pos=+0.77
DEBUG 2026-09-03 09:39:28 [action #17] t=1.50s step=16 queue=34 dmax=0.646 | shoulder_pan.pos=-13.80 shoulder_lift.pos=-101.70 elbow_flex.pos=+86.88 wrist_flex.pos=+76.56 wrist_roll.pos=-0.99 gripper.pos=+0.84
DEBUG 2026-09-03 09:39:28 [action #18] t=1.54s step=17 queue=33 dmax=0.483 | shoulder_pan.pos=-14.24 shoulder_lift.pos=-101.61 elbow_flex.pos=+86.40 wrist_flex.pos=+76.42 wrist_roll.pos=-0.95 gripper.pos=+0.74
DEBUG 2026-09-03 09:39:28 [action #19] t=1.57s step=18 queue=32 dmax=0.797 | shoulder_pan.pos=-15.04 shoulder_lift.pos=-102.18 elbow_flex.pos=+86.51 wrist_flex.pos=+76.63 wrist_roll.pos=-1.04 gripper.pos=+0.87
DEBUG 2026-09-03 09:39:28 [action #20] t=1.61s step=19 queue=31 dmax=0.545 | shoulder_pan.pos=-15.58 shoulder_lift.pos=-102.10 elbow_flex.pos=+86.74 wrist_flex.pos=+76.64 wrist_roll.pos=-1.10 gripper.pos=+0.90
DEBUG 2026-09-03 09:39:28 [action #21] t=1.64s step=20 queue=30 dmax=0.543 | shoulder_pan.pos=-16.12 shoulder_lift.pos=-101.96 elbow_flex.pos=+86.76 wrist_flex.pos=+76.67 wrist_roll.pos=-1.14 gripper.pos=+0.92
DEBUG 2026-09-03 09:39:28 [action #22] t=1.67s step=21 queue=29 dmax=0.538 | shoulder_pan.pos=-16.66 shoulder_lift.pos=-102.22 elbow_flex.pos=+86.72 wrist_flex.pos=+76.91 wrist_roll.pos=-1.06 gripper.pos=+0.90
DEBUG 2026-09-03 09:39:28 [action #23] t=1.71s step=22 queue=28 dmax=0.600 | shoulder_pan.pos=-17.04 shoulder_lift.pos=-101.62 elbow_flex.pos=+86.47 wrist_flex.pos=+76.94 wrist_roll.pos=-1.16 gripper.pos=+0.87
DEBUG 2026-09-03 09:39:28 [action #24] t=1.74s step=23 queue=27 dmax=0.786 | shoulder_pan.pos=-17.83 shoulder_lift.pos=-102.13 elbow_flex.pos=+86.94 wrist_flex.pos=+76.95 wrist_roll.pos=-1.05 gripper.pos=+0.97
DEBUG 2026-09-03 09:39:28 [action #25] t=1.77s step=24 queue=26 dmax=0.596 | shoulder_pan.pos=-18.43 shoulder_lift.pos=-102.07 elbow_flex.pos=+86.37 wrist_flex.pos=+76.90 wrist_roll.pos=-1.04 gripper.pos=+0.82
DEBUG 2026-09-03 09:39:29 [action #26] t=1.81s step=25 queue=25 dmax=0.302 | shoulder_pan.pos=-18.57 shoulder_lift.pos=-101.91 elbow_flex.pos=+86.67 wrist_flex.pos=+76.98 wrist_roll.pos=-1.00 gripper.pos=+1.07
DEBUG 2026-09-03 09:39:29 [action #27] t=1.84s step=26 queue=24 dmax=0.619 | shoulder_pan.pos=-19.19 shoulder_lift.pos=-101.92 elbow_flex.pos=+86.53 wrist_flex.pos=+76.92 wrist_roll.pos=-1.05 gripper.pos=+0.96
DEBUG 2026-09-03 09:39:29 [action #28] t=1.87s step=27 queue=23 dmax=0.680 | shoulder_pan.pos=-19.31 shoulder_lift.pos=-102.60 elbow_flex.pos=+86.88 wrist_flex.pos=+76.89 wrist_roll.pos=-1.03 gripper.pos=+0.91
DEBUG 2026-09-03 09:39:29 [action #29] t=1.91s step=28 queue=22 dmax=0.734 | shoulder_pan.pos=-19.69 shoulder_lift.pos=-101.86 elbow_flex.pos=+86.77 wrist_flex.pos=+76.87 wrist_roll.pos=-1.06 gripper.pos=+0.96
DEBUG 2026-09-03 09:39:29 [action #30] t=1.94s step=29 queue=21 dmax=0.720 | shoulder_pan.pos=-20.03 shoulder_lift.pos=-102.58 elbow_flex.pos=+86.34 wrist_flex.pos=+76.98 wrist_roll.pos=-0.99 gripper.pos=+0.92
DEBUG 2026-09-03 09:39:29 [action #31] t=1.97s step=30 queue=20 dmax=0.669 | shoulder_pan.pos=-20.37 shoulder_lift.pos=-102.17 elbow_flex.pos=+87.00 wrist_flex.pos=+77.06 wrist_roll.pos=-1.10 gripper.pos=+0.96
DEBUG 2026-09-03 09:39:29 [chunk] received 50 actions, timesteps 3..52 | first: shoulder_pan.pos=-5.57 shoulder_lift.pos=-100.59 elbow_flex.pos=+89.03 wrist_flex.pos=+76.22 wrist_roll.pos=-0.82 gripper.pos=+1.02 | last: shoulder_pan.pos=-34.29 shoulder_lift.pos=-103.01 elbow_flex.pos=+88.22 wrist_flex.pos=+74.96 wrist_roll.pos=-1.46 gripper.pos=+0.76
DEBUG 2026-09-03 09:39:29 [action #32] t=2.01s step=31 queue=22 dmax=4.250 | shoulder_pan.pos=-24.62 shoulder_lift.pos=-102.24 elbow_flex.pos=+87.88 wrist_flex.pos=+76.78 wrist_roll.pos=-0.94 gripper.pos=+0.93
DEBUG 2026-09-03 09:39:29 [action #33] t=2.04s step=32 queue=21 dmax=0.898 | shoulder_pan.pos=-25.51 shoulder_lift.pos=-102.33 elbow_flex.pos=+87.20 wrist_flex.pos=+76.74 wrist_roll.pos=-0.94 gripper.pos=+1.07
DEBUG 2026-09-03 09:39:29 [action #34] t=2.07s step=33 queue=20 dmax=0.521 | shoulder_pan.pos=-26.03 shoulder_lift.pos=-102.28 elbow_flex.pos=+87.48 wrist_flex.pos=+76.97 wrist_roll.pos=-0.91 gripper.pos=+1.03
DEBUG 2026-09-03 09:39:29 [action #35] t=2.11s step=34 queue=19 dmax=0.929 | shoulder_pan.pos=-26.96 shoulder_lift.pos=-102.30 elbow_flex.pos=+87.69 wrist_flex.pos=+76.91 wrist_roll.pos=-1.03 gripper.pos=+1.02
DEBUG 2026-09-03 09:39:29 [action #36] t=2.14s step=35 queue=18 dmax=0.731 | shoulder_pan.pos=-27.70 shoulder_lift.pos=-102.66 elbow_flex.pos=+87.26 wrist_flex.pos=+76.77 wrist_roll.pos=-0.94 gripper.pos=+0.87
DEBUG 2026-09-03 09:39:29 [action #37] t=2.17s step=36 queue=17 dmax=0.579 | shoulder_pan.pos=-28.27 shoulder_lift.pos=-102.43 elbow_flex.pos=+87.59 wrist_flex.pos=+76.69 wrist_roll.pos=-1.00 gripper.pos=+1.00
DEBUG 2026-09-03 09:39:29 [action #38] t=2.21s step=37 queue=16 dmax=0.607 | shoulder_pan.pos=-28.88 shoulder_lift.pos=-102.28 elbow_flex.pos=+87.55 wrist_flex.pos=+76.70 wrist_roll.pos=-0.98 gripper.pos=+1.09
DEBUG 2026-09-03 09:39:29 [action #39] t=2.24s step=38 queue=15 dmax=0.665 | shoulder_pan.pos=-29.55 shoulder_lift.pos=-102.15 elbow_flex.pos=+87.32 wrist_flex.pos=+76.66 wrist_roll.pos=-1.03 gripper.pos=+0.89
DEBUG 2026-09-03 09:39:29 [action #40] t=2.27s step=39 queue=14 dmax=1.001 | shoulder_pan.pos=-30.16 shoulder_lift.pos=-103.15 elbow_flex.pos=+88.08 wrist_flex.pos=+76.60 wrist_roll.pos=-1.02 gripper.pos=+0.93
DEBUG 2026-09-03 09:39:29 [action #41] t=2.31s step=40 queue=13 dmax=0.798 | shoulder_pan.pos=-30.73 shoulder_lift.pos=-102.35 elbow_flex.pos=+88.30 wrist_flex.pos=+76.38 wrist_roll.pos=-1.11 gripper.pos=+1.10
DEBUG 2026-09-03 09:39:29 [action #42] t=2.34s step=41 queue=12 dmax=0.444 | shoulder_pan.pos=-31.12 shoulder_lift.pos=-102.13 elbow_flex.pos=+87.86 wrist_flex.pos=+76.39 wrist_roll.pos=-1.08 gripper.pos=+1.03
DEBUG 2026-09-03 09:39:29 [action #43] t=2.37s step=42 queue=11 dmax=0.276 | shoulder_pan.pos=-31.34 shoulder_lift.pos=-102.35 elbow_flex.pos=+88.14 wrist_flex.pos=+76.22 wrist_roll.pos=-1.15 gripper.pos=+1.01
DEBUG 2026-09-03 09:39:29 [action #44] t=2.41s step=43 queue=10 dmax=0.275 | shoulder_pan.pos=-31.62 shoulder_lift.pos=-102.62 elbow_flex.pos=+88.06 wrist_flex.pos=+76.22 wrist_roll.pos=-1.17 gripper.pos=+0.98
DEBUG 2026-09-03 09:39:29 [action #45] t=2.44s step=44 queue=9 dmax=0.316 | shoulder_pan.pos=-31.83 shoulder_lift.pos=-102.30 elbow_flex.pos=+88.03 wrist_flex.pos=+76.17 wrist_roll.pos=-1.21 gripper.pos=+0.98
DEBUG 2026-09-03 09:39:29 [action #46] t=2.47s step=45 queue=8 dmax=0.444 | shoulder_pan.pos=-32.10 shoulder_lift.pos=-101.94 elbow_flex.pos=+88.20 wrist_flex.pos=+75.72 wrist_roll.pos=-1.27 gripper.pos=+0.88
DEBUG 2026-09-03 09:39:29 [action #47] t=2.51s step=46 queue=7 dmax=0.917 | shoulder_pan.pos=-32.14 shoulder_lift.pos=-102.86 elbow_flex.pos=+88.22 wrist_flex.pos=+75.75 wrist_roll.pos=-1.23 gripper.pos=+0.86
DEBUG 2026-09-03 09:39:29 [action #48] t=2.54s step=47 queue=6 dmax=0.378 | shoulder_pan.pos=-32.34 shoulder_lift.pos=-102.48 elbow_flex.pos=+88.00 wrist_flex.pos=+75.61 wrist_roll.pos=-1.29 gripper.pos=+0.95
DEBUG 2026-09-03 09:39:29 [action #49] t=2.58s step=48 queue=5 dmax=0.406 | shoulder_pan.pos=-32.74 shoulder_lift.pos=-102.86 elbow_flex.pos=+88.25 wrist_flex.pos=+75.49 wrist_roll.pos=-1.29 gripper.pos=+0.89
DEBUG 2026-09-03 09:39:29 [action #50] t=2.61s step=49 queue=4 dmax=0.742 | shoulder_pan.pos=-32.94 shoulder_lift.pos=-102.71 elbow_flex.pos=+87.50 wrist_flex.pos=+75.52 wrist_roll.pos=-1.37 gripper.pos=+0.86
DEBUG 2026-09-03 09:39:29 [action #51] t=2.64s step=50 queue=3 dmax=0.935 | shoulder_pan.pos=-33.88 shoulder_lift.pos=-102.33 elbow_flex.pos=+87.67 wrist_flex.pos=+75.26 wrist_roll.pos=-1.36 gripper.pos=+0.85
DEBUG 2026-09-03 09:39:29 [action #52] t=2.68s step=51 queue=2 dmax=0.352 | shoulder_pan.pos=-34.14 shoulder_lift.pos=-102.55 elbow_flex.pos=+88.02 wrist_flex.pos=+75.02 wrist_roll.pos=-1.40 gripper.pos=+0.78
DEBUG 2026-09-03 09:39:29 [action #53] t=2.71s step=52 queue=1 dmax=0.456 | shoulder_pan.pos=-34.29 shoulder_lift.pos=-103.01 elbow_flex.pos=+88.22 wrist_flex.pos=+74.96 wrist_roll.pos=-1.46 gripper.pos=+0.76
DEBUG 2026-09-03 09:39:30 [chunk] received 50 actions, timesteps 29..78 | first: shoulder_pan.pos=-24.63 shoulder_lift.pos=-101.36 elbow_flex.pos=+87.81 wrist_flex.pos=+76.72 wrist_roll.pos=-1.10 gripper.pos=+1.30 | last: shoulder_pan.pos=-39.87 shoulder_lift.pos=-100.86 elbow_flex.pos=+87.69 wrist_flex.pos=+64.98 wrist_roll.pos=-3.15 gripper.pos=+0.84
DEBUG 2026-09-03 09:39:30 [action #54] t=2.84s step=53 queue=26 dmax=1.920 | shoulder_pan.pos=-33.06 shoulder_lift.pos=-101.09 elbow_flex.pos=+87.18 wrist_flex.pos=+75.57 wrist_roll.pos=-1.02 gripper.pos=+1.08
DEBUG 2026-09-03 09:39:30 [action #55] t=2.88s step=54 queue=25 dmax=0.644 | shoulder_pan.pos=-33.52 shoulder_lift.pos=-101.05 elbow_flex.pos=+87.59 wrist_flex.pos=+74.93 wrist_roll.pos=-1.07 gripper.pos=+1.13
DEBUG 2026-09-03 09:39:30 [action #56] t=2.91s step=55 queue=24 dmax=0.612 | shoulder_pan.pos=-33.69 shoulder_lift.pos=-100.43 elbow_flex.pos=+87.40 wrist_flex.pos=+74.75 wrist_roll.pos=-1.04 gripper.pos=+1.09
DEBUG 2026-09-03 09:39:30 [action #57] t=2.94s step=56 queue=23 dmax=0.764 | shoulder_pan.pos=-33.96 shoulder_lift.pos=-100.93 elbow_flex.pos=+87.77 wrist_flex.pos=+73.98 wrist_roll.pos=-1.03 gripper.pos=+1.02
DEBUG 2026-09-03 09:39:30 [action #58] t=2.98s step=57 queue=22 dmax=0.723 | shoulder_pan.pos=-33.86 shoulder_lift.pos=-101.05 elbow_flex.pos=+88.14 wrist_flex.pos=+73.26 wrist_roll.pos=-1.15 gripper.pos=+1.12
DEBUG 2026-09-03 09:39:30 [action #59] t=3.01s step=58 queue=21 dmax=0.924 | shoulder_pan.pos=-34.79 shoulder_lift.pos=-101.11 elbow_flex.pos=+87.73 wrist_flex.pos=+72.72 wrist_roll.pos=-1.04 gripper.pos=+0.99
DEBUG 2026-09-03 09:39:30 [action #60] t=3.04s step=59 queue=20 dmax=0.633 | shoulder_pan.pos=-34.89 shoulder_lift.pos=-100.87 elbow_flex.pos=+87.96 wrist_flex.pos=+72.09 wrist_roll.pos=-1.11 gripper.pos=+0.87
DEBUG 2026-09-03 09:39:30 [action #61] t=3.08s step=60 queue=19 dmax=0.448 | shoulder_pan.pos=-35.26 shoulder_lift.pos=-100.59 elbow_flex.pos=+88.01 wrist_flex.pos=+71.64 wrist_roll.pos=-1.22 gripper.pos=+0.87
DEBUG 2026-09-03 09:39:30 [action #62] t=3.11s step=61 queue=18 dmax=0.680 | shoulder_pan.pos=-35.94 shoulder_lift.pos=-100.67 elbow_flex.pos=+87.96 wrist_flex.pos=+71.48 wrist_roll.pos=-1.10 gripper.pos=+0.91
DEBUG 2026-09-03 09:39:30 [action #63] t=3.14s step=62 queue=17 dmax=0.555 | shoulder_pan.pos=-36.49 shoulder_lift.pos=-100.55 elbow_flex.pos=+88.39 wrist_flex.pos=+71.19 wrist_roll.pos=-1.15 gripper.pos=+0.95
DEBUG 2026-09-03 09:39:30 [action #64] t=3.18s step=63 queue=16 dmax=0.688 | shoulder_pan.pos=-36.86 shoulder_lift.pos=-100.64 elbow_flex.pos=+87.70 wrist_flex.pos=+70.97 wrist_roll.pos=-1.15 gripper.pos=+1.02
DEBUG 2026-09-03 09:39:30 [action #65] t=3.21s step=64 queue=15 dmax=0.343 | shoulder_pan.pos=-37.12 shoulder_lift.pos=-100.47 elbow_flex.pos=+87.63 wrist_flex.pos=+70.63 wrist_roll.pos=-1.15 gripper.pos=+1.04
DEBUG 2026-09-03 09:39:30 [action #66] t=3.24s step=65 queue=14 dmax=0.602 | shoulder_pan.pos=-37.72 shoulder_lift.pos=-100.73 elbow_flex.pos=+87.66 wrist_flex.pos=+70.44 wrist_roll.pos=-1.17 gripper.pos=+1.09
DEBUG 2026-09-03 09:39:30 [action #67] t=3.28s step=66 queue=13 dmax=0.508 | shoulder_pan.pos=-38.10 shoulder_lift.pos=-100.22 elbow_flex.pos=+87.81 wrist_flex.pos=+70.00 wrist_roll.pos=-1.12 gripper.pos=+1.01
DEBUG 2026-09-03 09:39:30 [action #68] t=3.31s step=67 queue=12 dmax=0.901 | shoulder_pan.pos=-38.12 shoulder_lift.pos=-101.12 elbow_flex.pos=+87.94 wrist_flex.pos=+69.48 wrist_roll.pos=-1.22 gripper.pos=+1.10
DEBUG 2026-09-03 09:39:30 [action #69] t=3.34s step=68 queue=11 dmax=0.483 | shoulder_pan.pos=-38.45 shoulder_lift.pos=-101.43 elbow_flex.pos=+88.14 wrist_flex.pos=+68.99 wrist_roll.pos=-1.21 gripper.pos=+1.09
DEBUG 2026-09-03 09:39:30 [action #70] t=3.38s step=69 queue=10 dmax=1.064 | shoulder_pan.pos=-38.58 shoulder_lift.pos=-100.36 elbow_flex.pos=+88.27 wrist_flex.pos=+68.54 wrist_roll.pos=-1.29 gripper.pos=+1.11
DEBUG 2026-09-03 09:39:30 [action #71] t=3.41s step=70 queue=9 dmax=1.038 | shoulder_pan.pos=-38.82 shoulder_lift.pos=-100.27 elbow_flex.pos=+87.23 wrist_flex.pos=+67.98 wrist_roll.pos=-1.38 gripper.pos=+0.97
DEBUG 2026-09-03 09:39:30 [action #72] t=3.44s step=71 queue=8 dmax=0.944 | shoulder_pan.pos=-39.17 shoulder_lift.pos=-101.22 elbow_flex.pos=+87.77 wrist_flex.pos=+67.64 wrist_roll.pos=-1.43 gripper.pos=+1.04
DEBUG 2026-09-03 09:39:30 [action #73] t=3.48s step=72 queue=7 dmax=0.419 | shoulder_pan.pos=-39.27 shoulder_lift.pos=-100.80 elbow_flex.pos=+87.85 wrist_flex.pos=+67.36 wrist_roll.pos=-1.63 gripper.pos=+0.99
DEBUG 2026-09-03 09:39:30 [action #74] t=3.51s step=73 queue=6 dmax=0.667 | shoulder_pan.pos=-39.44 shoulder_lift.pos=-101.11 elbow_flex.pos=+87.45 wrist_flex.pos=+66.69 wrist_roll.pos=-1.94 gripper.pos=+0.95
DEBUG 2026-09-03 09:39:30 [action #75] t=3.55s step=74 queue=5 dmax=0.618 | shoulder_pan.pos=-39.38 shoulder_lift.pos=-100.49 elbow_flex.pos=+87.30 wrist_flex.pos=+66.21 wrist_roll.pos=-2.31 gripper.pos=+0.92
DEBUG 2026-09-03 09:39:30 [action #76] t=3.58s step=75 queue=4 dmax=0.624 | shoulder_pan.pos=-39.58 shoulder_lift.pos=-101.12 elbow_flex.pos=+87.65 wrist_flex.pos=+65.85 wrist_roll.pos=-2.68 gripper.pos=+0.81
DEBUG 2026-09-03 09:39:30 [action #77] t=3.61s step=76 queue=3 dmax=0.225 | shoulder_pan.pos=-39.54 shoulder_lift.pos=-101.23 elbow_flex.pos=+87.50 wrist_flex.pos=+65.74 wrist_roll.pos=-2.90 gripper.pos=+0.86
DEBUG 2026-09-03 09:39:30 [action #78] t=3.65s step=77 queue=2 dmax=0.306 | shoulder_pan.pos=-39.81 shoulder_lift.pos=-101.03 elbow_flex.pos=+87.33 wrist_flex.pos=+65.43 wrist_roll.pos=-2.98 gripper.pos=+0.95
DEBUG 2026-09-03 09:39:30 [chunk] received 50 actions, timesteps 52..101 | first: shoulder_pan.pos=-40.32 shoulder_lift.pos=-101.32 elbow_flex.pos=+86.79 wrist_flex.pos=+75.46 wrist_roll.pos=-1.17 gripper.pos=+1.13 | last: shoulder_pan.pos=-42.76 shoulder_lift.pos=-101.50 elbow_flex.pos=+80.77 wrist_flex.pos=+60.36 wrist_roll.pos=-4.44 gripper.pos=+0.81
DEBUG 2026-09-03 09:39:30 [action #79] t=3.68s step=78 queue=24 dmax=2.074 | shoulder_pan.pos=-41.89 shoulder_lift.pos=-101.59 elbow_flex.pos=+86.26 wrist_flex.pos=+66.28 wrist_roll.pos=-1.91 gripper.pos=+0.69
DEBUG 2026-09-03 09:39:30 [action #80] t=3.71s step=79 queue=23 dmax=0.733 | shoulder_pan.pos=-42.62 shoulder_lift.pos=-100.90 elbow_flex.pos=+85.94 wrist_flex.pos=+65.78 wrist_roll.pos=-1.46 gripper.pos=+0.87
DEBUG 2026-09-03 09:39:30 [action #81] t=3.75s step=80 queue=22 dmax=0.673 | shoulder_pan.pos=-43.09 shoulder_lift.pos=-101.57 elbow_flex.pos=+85.62 wrist_flex.pos=+65.24 wrist_roll.pos=-1.47 gripper.pos=+0.67
DEBUG 2026-09-03 09:39:30 [action #82] t=3.78s step=81 queue=21 dmax=0.423 | shoulder_pan.pos=-42.82 shoulder_lift.pos=-101.79 elbow_flex.pos=+85.55 wrist_flex.pos=+64.81 wrist_roll.pos=-1.56 gripper.pos=+0.93
DEBUG 2026-09-03 09:39:31 [action #83] t=3.81s step=82 queue=20 dmax=0.506 | shoulder_pan.pos=-42.71 shoulder_lift.pos=-101.29 elbow_flex.pos=+85.51 wrist_flex.pos=+64.31 wrist_roll.pos=-1.58 gripper.pos=+0.89
DEBUG 2026-09-03 09:39:31 [action #84] t=3.85s step=83 queue=19 dmax=0.899 | shoulder_pan.pos=-42.66 shoulder_lift.pos=-102.19 elbow_flex.pos=+85.64 wrist_flex.pos=+63.92 wrist_roll.pos=-1.74 gripper.pos=+0.93
DEBUG 2026-09-03 09:39:31 [action #85] t=3.88s step=84 queue=18 dmax=1.125 | shoulder_pan.pos=-42.63 shoulder_lift.pos=-101.56 elbow_flex.pos=+84.51 wrist_flex.pos=+63.64 wrist_roll.pos=-1.76 gripper.pos=+0.97
DEBUG 2026-09-03 09:39:31 [action #86] t=3.91s step=85 queue=17 dmax=0.672 | shoulder_pan.pos=-42.51 shoulder_lift.pos=-102.08 elbow_flex.pos=+85.18 wrist_flex.pos=+63.49 wrist_roll.pos=-1.78 gripper.pos=+0.90
DEBUG 2026-09-03 09:39:31 [action #87] t=3.95s step=86 queue=16 dmax=0.821 | shoulder_pan.pos=-42.31 shoulder_lift.pos=-101.67 elbow_flex.pos=+84.36 wrist_flex.pos=+63.41 wrist_roll.pos=-1.84 gripper.pos=+0.88
DEBUG 2026-09-03 09:39:31 [action #88] t=3.98s step=87 queue=15 dmax=0.409 | shoulder_pan.pos=-42.59 shoulder_lift.pos=-102.08 elbow_flex.pos=+84.15 wrist_flex.pos=+63.24 wrist_roll.pos=-2.09 gripper.pos=+0.75
DEBUG 2026-09-03 09:39:31 [action #89] t=4.01s step=88 queue=14 dmax=0.360 | shoulder_pan.pos=-42.23 shoulder_lift.pos=-101.98 elbow_flex.pos=+83.80 wrist_flex.pos=+63.25 wrist_roll.pos=-2.22 gripper.pos=+0.84
DEBUG 2026-09-03 09:39:31 [action #90] t=4.05s step=89 queue=13 dmax=0.648 | shoulder_pan.pos=-42.47 shoulder_lift.pos=-101.33 elbow_flex.pos=+83.38 wrist_flex.pos=+62.85 wrist_roll.pos=-2.38 gripper.pos=+0.79
DEBUG 2026-09-03 09:39:31 [action #91] t=4.08s step=90 queue=12 dmax=0.543 | shoulder_pan.pos=-42.39 shoulder_lift.pos=-101.86 elbow_flex.pos=+82.92 wrist_flex.pos=+62.57 wrist_roll.pos=-2.92 gripper.pos=+0.79
DEBUG 2026-09-03 09:39:31 [action #92] t=4.11s step=91 queue=11 dmax=0.603 | shoulder_pan.pos=-42.58 shoulder_lift.pos=-102.46 elbow_flex.pos=+83.20 wrist_flex.pos=+62.23 wrist_roll.pos=-3.52 gripper.pos=+0.88
DEBUG 2026-09-03 09:39:31 [action #93] t=4.15s step=92 queue=10 dmax=1.199 | shoulder_pan.pos=-42.53 shoulder_lift.pos=-101.80 elbow_flex.pos=+82.00 wrist_flex.pos=+61.93 wrist_roll.pos=-4.12 gripper.pos=+0.88
DEBUG 2026-09-03 09:39:31 [action #94] t=4.18s step=93 queue=9 dmax=0.451 | shoulder_pan.pos=-42.30 shoulder_lift.pos=-101.93 elbow_flex.pos=+82.45 wrist_flex.pos=+61.50 wrist_roll.pos=-4.55 gripper.pos=+0.85
DEBUG 2026-09-03 09:39:31 [action #95] t=4.21s step=94 queue=8 dmax=1.265 | shoulder_pan.pos=-42.32 shoulder_lift.pos=-100.66 elbow_flex.pos=+82.23 wrist_flex.pos=+61.84 wrist_roll.pos=-4.69 gripper.pos=+0.89
DEBUG 2026-09-03 09:39:31 [action #96] t=4.25s step=95 queue=7 dmax=0.762 | shoulder_pan.pos=-42.31 shoulder_lift.pos=-101.42 elbow_flex.pos=+81.73 wrist_flex.pos=+61.62 wrist_roll.pos=-4.72 gripper.pos=+0.93
DEBUG 2026-09-03 09:39:31 [action #97] t=4.28s step=96 queue=6 dmax=0.179 | shoulder_pan.pos=-42.49 shoulder_lift.pos=-101.35 elbow_flex.pos=+81.61 wrist_flex.pos=+61.47 wrist_roll.pos=-4.61 gripper.pos=+0.80
DEBUG 2026-09-03 09:39:31 [action #98] t=4.31s step=97 queue=5 dmax=0.316 | shoulder_pan.pos=-42.72 shoulder_lift.pos=-101.34 elbow_flex.pos=+81.29 wrist_flex.pos=+61.23 wrist_roll.pos=-4.61 gripper.pos=+0.97
DEBUG 2026-09-03 09:39:31 [action #99] t=4.35s step=98 queue=4 dmax=0.369 | shoulder_pan.pos=-42.66 shoulder_lift.pos=-100.97 elbow_flex.pos=+81.31 wrist_flex.pos=+61.02 wrist_roll.pos=-4.60 gripper.pos=+0.98
DEBUG 2026-09-03 09:39:31 [action #100] t=4.38s step=99 queue=3 dmax=0.562 | shoulder_pan.pos=-42.80 shoulder_lift.pos=-101.53 elbow_flex.pos=+81.44 wrist_flex.pos=+60.90 wrist_roll.pos=-4.64 gripper.pos=+0.99
DEBUG 2026-09-03 09:39:31 [action #101] t=4.41s step=100 queue=2 dmax=0.937 | shoulder_pan.pos=-43.12 shoulder_lift.pos=-100.60 elbow_flex.pos=+81.08 wrist_flex.pos=+60.65 wrist_roll.pos=-4.50 gripper.pos=+0.79
DEBUG 2026-09-03 09:39:31 [action #102] t=4.45s step=101 queue=1 dmax=0.903 | shoulder_pan.pos=-42.76 shoulder_lift.pos=-101.50 elbow_flex.pos=+80.77 wrist_flex.pos=+60.36 wrist_roll.pos=-4.44 gripper.pos=+0.81
DEBUG 2026-09-03 09:39:31 [chunk] received 50 actions, timesteps 77..126 | first: shoulder_pan.pos=-40.73 shoulder_lift.pos=-98.26 elbow_flex.pos=+83.47 wrist_flex.pos=+64.71 wrist_roll.pos=-2.01 gripper.pos=+1.08 | last: shoulder_pan.pos=-43.12 shoulder_lift.pos=-69.53 elbow_flex.pos=+64.41 wrist_flex.pos=+54.13 wrist_roll.pos=-6.02 gripper.pos=+1.19
DEBUG 2026-09-03 09:39:31 [action #103] t=4.68s step=102 queue=25 dmax=3.252 | shoulder_pan.pos=-43.65 shoulder_lift.pos=-98.25 elbow_flex.pos=+79.94 wrist_flex.pos=+61.97 wrist_roll.pos=-3.32 gripper.pos=+0.96
DEBUG 2026-09-03 09:39:31 [action #104] t=4.71s step=103 queue=24 dmax=0.770 | shoulder_pan.pos=-43.74 shoulder_lift.pos=-97.48 elbow_flex.pos=+80.49 wrist_flex.pos=+62.26 wrist_roll.pos=-3.36 gripper.pos=+1.00
DEBUG 2026-09-03 09:39:31 [action #105] t=4.75s step=104 queue=23 dmax=1.100 | shoulder_pan.pos=-43.54 shoulder_lift.pos=-97.61 elbow_flex.pos=+79.39 wrist_flex.pos=+62.58 wrist_roll.pos=-3.26 gripper.pos=+1.06
DEBUG 2026-09-03 09:39:31 [action #106] t=4.78s step=105 queue=22 dmax=0.154 | shoulder_pan.pos=-43.54 shoulder_lift.pos=-97.51 elbow_flex.pos=+79.55 wrist_flex.pos=+62.62 wrist_roll.pos=-3.26 gripper.pos=+0.97
DEBUG 2026-09-03 09:39:32 [action #107] t=4.82s step=106 queue=21 dmax=0.765 | shoulder_pan.pos=-43.44 shoulder_lift.pos=-97.55 elbow_flex.pos=+78.78 wrist_flex.pos=+62.76 wrist_roll.pos=-3.27 gripper.pos=+1.10
DEBUG 2026-09-03 09:39:32 [action #108] t=4.85s step=107 queue=20 dmax=0.511 | shoulder_pan.pos=-43.35 shoulder_lift.pos=-97.04 elbow_flex.pos=+78.78 wrist_flex.pos=+62.78 wrist_roll.pos=-3.31 gripper.pos=+1.07
DEBUG 2026-09-03 09:39:32 [action #109] t=4.88s step=108 queue=19 dmax=0.226 | shoulder_pan.pos=-43.57 shoulder_lift.pos=-96.81 elbow_flex.pos=+78.72 wrist_flex.pos=+62.83 wrist_roll.pos=-3.29 gripper.pos=+0.93
DEBUG 2026-09-03 09:39:32 [action #110] t=4.92s step=109 queue=18 dmax=0.371 | shoulder_pan.pos=-43.42 shoulder_lift.pos=-97.10 elbow_flex.pos=+78.35 wrist_flex.pos=+62.87 wrist_roll.pos=-3.29 gripper.pos=+1.04
DEBUG 2026-09-03 09:39:32 [action #111] t=4.95s step=110 queue=17 dmax=0.737 | shoulder_pan.pos=-43.16 shoulder_lift.pos=-96.37 elbow_flex.pos=+78.17 wrist_flex.pos=+62.81 wrist_roll.pos=-3.27 gripper.pos=+1.06
DEBUG 2026-09-03 09:39:32 [action #112] t=4.98s step=111 queue=16 dmax=0.250 | shoulder_pan.pos=-43.23 shoulder_lift.pos=-96.52 elbow_flex.pos=+78.16 wrist_flex.pos=+62.56 wrist_roll.pos=-3.29 gripper.pos=+0.96
DEBUG 2026-09-03 09:39:32 [action #113] t=5.02s step=112 queue=15 dmax=0.268 | shoulder_pan.pos=-43.03 shoulder_lift.pos=-96.51 elbow_flex.pos=+77.89 wrist_flex.pos=+62.68 wrist_roll.pos=-3.24 gripper.pos=+1.16
DEBUG 2026-09-03 09:39:32 [action #114] t=5.05s step=113 queue=14 dmax=0.388 | shoulder_pan.pos=-43.07 shoulder_lift.pos=-96.13 elbow_flex.pos=+77.52 wrist_flex.pos=+62.59 wrist_roll.pos=-3.37 gripper.pos=+0.97
DEBUG 2026-09-03 09:39:32 [action #115] t=5.08s step=114 queue=13 dmax=0.306 | shoulder_pan.pos=-43.22 shoulder_lift.pos=-95.85 elbow_flex.pos=+77.21 wrist_flex.pos=+62.31 wrist_roll.pos=-3.57 gripper.pos=+0.97
DEBUG 2026-09-03 09:39:32 [action #116] t=5.12s step=115 queue=12 dmax=1.569 | shoulder_pan.pos=-43.01 shoulder_lift.pos=-94.28 elbow_flex.pos=+76.18 wrist_flex.pos=+62.32 wrist_roll.pos=-3.86 gripper.pos=+0.96
DEBUG 2026-09-03 09:39:32 [action #117] t=5.15s step=116 queue=11 dmax=1.273 | shoulder_pan.pos=-42.64 shoulder_lift.pos=-93.01 elbow_flex.pos=+75.61 wrist_flex.pos=+62.02 wrist_roll.pos=-3.99 gripper.pos=+0.83
DEBUG 2026-09-03 09:39:32 [action #118] t=5.18s step=117 queue=10 dmax=1.130 | shoulder_pan.pos=-42.83 shoulder_lift.pos=-91.88 elbow_flex.pos=+74.94 wrist_flex.pos=+61.52 wrist_roll.pos=-4.34 gripper.pos=+0.99
DEBUG 2026-09-03 09:39:32 [action #119] t=5.22s step=118 queue=9 dmax=2.232 | shoulder_pan.pos=-42.81 shoulder_lift.pos=-89.65 elbow_flex.pos=+74.04 wrist_flex.pos=+60.88 wrist_roll.pos=-4.78 gripper.pos=+0.89
DEBUG 2026-09-03 09:39:32 [action #120] t=5.25s step=119 queue=8 dmax=2.100 | shoulder_pan.pos=-42.93 shoulder_lift.pos=-87.55 elbow_flex.pos=+72.96 wrist_flex.pos=+60.09 wrist_roll.pos=-5.16 gripper.pos=+0.78
DEBUG 2026-09-03 09:39:32 [action #121] t=5.28s step=120 queue=7 dmax=3.386 | shoulder_pan.pos=-42.82 shoulder_lift.pos=-84.16 elbow_flex.pos=+71.30 wrist_flex.pos=+59.35 wrist_roll.pos=-5.57 gripper.pos=+0.96
DEBUG 2026-09-03 09:39:32 [action #122] t=5.32s step=121 queue=6 dmax=3.221 | shoulder_pan.pos=-42.93 shoulder_lift.pos=-80.94 elbow_flex.pos=+69.37 wrist_flex.pos=+58.55 wrist_roll.pos=-6.05 gripper.pos=+1.05
DEBUG 2026-09-03 09:39:32 [action #123] t=5.35s step=122 queue=5 dmax=2.604 | shoulder_pan.pos=-42.92 shoulder_lift.pos=-78.34 elbow_flex.pos=+68.39 wrist_flex.pos=+57.64 wrist_roll.pos=-6.19 gripper.pos=+1.11
DEBUG 2026-09-03 09:39:32 [action #124] t=5.38s step=123 queue=4 dmax=2.690 | shoulder_pan.pos=-42.76 shoulder_lift.pos=-75.65 elbow_flex.pos=+66.93 wrist_flex.pos=+56.58 wrist_roll.pos=-6.23 gripper.pos=+1.18
DEBUG 2026-09-03 09:39:32 [action #125] t=5.42s step=124 queue=3 dmax=2.598 | shoulder_pan.pos=-42.52 shoulder_lift.pos=-73.05 elbow_flex.pos=+65.61 wrist_flex.pos=+55.62 wrist_roll.pos=-6.18 gripper.pos=+1.10
DEBUG 2026-09-03 09:39:32 [action #126] t=5.45s step=125 queue=2 dmax=1.540 | shoulder_pan.pos=-42.77 shoulder_lift.pos=-71.51 elbow_flex.pos=+65.97 wrist_flex.pos=+54.74 wrist_roll.pos=-6.06 gripper.pos=+1.05
DEBUG 2026-09-03 09:39:32 [action #127] t=5.48s step=126 queue=1 dmax=1.978 | shoulder_pan.pos=-43.12 shoulder_lift.pos=-69.53 elbow_flex.pos=+64.41 wrist_flex.pos=+54.13 wrist_roll.pos=-6.02 gripper.pos=+1.19
DEBUG 2026-09-03 09:39:32 [chunk] received 50 actions, timesteps 101..150 | first: shoulder_pan.pos=-44.22 shoulder_lift.pos=-99.40 elbow_flex.pos=+79.39 wrist_flex.pos=+61.04 wrist_roll.pos=-3.81 gripper.pos=+1.12 | last: shoulder_pan.pos=-42.62 shoulder_lift.pos=-30.60 elbow_flex.pos=+34.75 wrist_flex.pos=+58.36 wrist_roll.pos=-8.43 gripper.pos=+1.42
DEBUG 2026-09-03 09:39:32 [action #128] t=5.58s step=127 queue=24 dmax=4.453 | shoulder_pan.pos=-42.83 shoulder_lift.pos=-69.88 elbow_flex.pos=+59.95 wrist_flex.pos=+56.11 wrist_roll.pos=-6.23 gripper.pos=+1.10
DEBUG 2026-09-03 09:39:32 [action #129] t=5.62s step=128 queue=23 dmax=2.438 | shoulder_pan.pos=-42.91 shoulder_lift.pos=-67.44 elbow_flex.pos=+59.02 wrist_flex.pos=+55.93 wrist_roll.pos=-6.38 gripper.pos=+1.15
DEBUG 2026-09-03 09:39:32 [action #130] t=5.65s step=129 queue=22 dmax=2.451 | shoulder_pan.pos=-42.78 shoulder_lift.pos=-64.99 elbow_flex.pos=+57.82 wrist_flex.pos=+56.02 wrist_roll.pos=-6.55 gripper.pos=+1.17
DEBUG 2026-09-03 09:39:32 [action #131] t=5.68s step=130 queue=21 dmax=2.298 | shoulder_pan.pos=-42.76 shoulder_lift.pos=-62.69 elbow_flex.pos=+56.38 wrist_flex.pos=+56.00 wrist_roll.pos=-6.77 gripper.pos=+1.09
DEBUG 2026-09-03 09:39:32 [action #132] t=5.72s step=131 queue=20 dmax=1.997 | shoulder_pan.pos=-42.72 shoulder_lift.pos=-60.70 elbow_flex.pos=+54.54 wrist_flex.pos=+56.06 wrist_roll.pos=-7.01 gripper.pos=+1.19
DEBUG 2026-09-03 09:39:32 [action #133] t=5.75s step=132 queue=19 dmax=2.251 | shoulder_pan.pos=-42.59 shoulder_lift.pos=-58.45 elbow_flex.pos=+53.90 wrist_flex.pos=+56.28 wrist_roll.pos=-7.23 gripper.pos=+1.25
DEBUG 2026-09-03 09:39:32 [action #134] t=5.78s step=133 queue=18 dmax=1.930 | shoulder_pan.pos=-42.56 shoulder_lift.pos=-56.71 elbow_flex.pos=+51.97 wrist_flex.pos=+56.39 wrist_roll.pos=-7.49 gripper.pos=+1.34
DEBUG 2026-09-03 09:39:33 [action #135] t=5.82s step=134 queue=17 dmax=2.052 | shoulder_pan.pos=-42.61 shoulder_lift.pos=-54.66 elbow_flex.pos=+51.04 wrist_flex.pos=+56.44 wrist_roll.pos=-7.55 gripper.pos=+1.20
DEBUG 2026-09-03 09:39:33 [action #136] t=5.85s step=135 queue=16 dmax=1.992 | shoulder_pan.pos=-42.51 shoulder_lift.pos=-52.67 elbow_flex.pos=+49.57 wrist_flex.pos=+56.52 wrist_roll.pos=-7.56 gripper.pos=+1.19
DEBUG 2026-09-03 09:39:33 [action #137] t=5.89s step=136 queue=15 dmax=2.010 | shoulder_pan.pos=-42.33 shoulder_lift.pos=-50.66 elbow_flex.pos=+48.57 wrist_flex.pos=+56.51 wrist_roll.pos=-7.62 gripper.pos=+1.21
DEBUG 2026-09-03 09:39:33 [action #138] t=5.92s step=137 queue=14 dmax=1.715 | shoulder_pan.pos=-42.57 shoulder_lift.pos=-48.94 elbow_flex.pos=+47.58 wrist_flex.pos=+56.24 wrist_roll.pos=-7.63 gripper.pos=+1.26
DEBUG 2026-09-03 09:39:33 [action #139] t=5.95s step=138 queue=13 dmax=1.846 | shoulder_pan.pos=-42.47 shoulder_lift.pos=-47.10 elbow_flex.pos=+45.90 wrist_flex.pos=+56.71 wrist_roll.pos=-7.79 gripper.pos=+1.42
DEBUG 2026-09-03 09:39:33 [action #140] t=5.99s step=139 queue=12 dmax=1.575 | shoulder_pan.pos=-42.47 shoulder_lift.pos=-45.52 elbow_flex.pos=+45.13 wrist_flex.pos=+56.51 wrist_roll.pos=-7.67 gripper.pos=+1.35
DEBUG 2026-09-03 09:39:33 [action #141] t=6.02s step=140 queue=11 dmax=1.620 | shoulder_pan.pos=-42.73 shoulder_lift.pos=-43.90 elbow_flex.pos=+44.02 wrist_flex.pos=+56.66 wrist_roll.pos=-7.71 gripper.pos=+1.36
DEBUG 2026-09-03 09:39:33 [action #142] t=6.05s step=141 queue=10 dmax=1.292 | shoulder_pan.pos=-42.70 shoulder_lift.pos=-42.61 elbow_flex.pos=+42.78 wrist_flex.pos=+56.67 wrist_roll.pos=-7.75 gripper.pos=+1.34
DEBUG 2026-09-03 09:39:33 [action #143] t=6.09s step=142 queue=9 dmax=2.081 | shoulder_pan.pos=-42.57 shoulder_lift.pos=-40.53 elbow_flex.pos=+42.13 wrist_flex.pos=+56.89 wrist_roll.pos=-7.89 gripper.pos=+1.45
DEBUG 2026-09-03 09:39:33 [action #144] t=6.12s step=143 queue=8 dmax=1.319 | shoulder_pan.pos=-42.68 shoulder_lift.pos=-39.21 elbow_flex.pos=+40.98 wrist_flex.pos=+57.11 wrist_roll.pos=-7.93 gripper.pos=+1.37
DEBUG 2026-09-03 09:39:33 [action #145] t=6.15s step=144 queue=7 dmax=1.205 | shoulder_pan.pos=-42.72 shoulder_lift.pos=-38.01 elbow_flex.pos=+39.78 wrist_flex.pos=+57.33 wrist_roll.pos=-8.08 gripper.pos=+1.36
DEBUG 2026-09-03 09:39:33 [action #146] t=6.19s step=145 queue=6 dmax=1.087 | shoulder_pan.pos=-42.79 shoulder_lift.pos=-36.92 elbow_flex.pos=+39.03 wrist_flex.pos=+57.33 wrist_roll.pos=-8.14 gripper.pos=+1.37
DEBUG 2026-09-03 09:39:33 [action #147] t=6.22s step=146 queue=5 dmax=1.727 | shoulder_pan.pos=-42.75 shoulder_lift.pos=-35.19 elbow_flex.pos=+38.00 wrist_flex.pos=+57.47 wrist_roll.pos=-8.23 gripper.pos=+1.42
DEBUG 2026-09-03 09:39:33 [action #148] t=6.25s step=147 queue=4 dmax=0.939 | shoulder_pan.pos=-42.72 shoulder_lift.pos=-34.32 elbow_flex.pos=+37.06 wrist_flex.pos=+57.44 wrist_roll.pos=-8.31 gripper.pos=+1.46
DEBUG 2026-09-03 09:39:33 [action #149] t=6.29s step=148 queue=3 dmax=1.348 | shoulder_pan.pos=-42.58 shoulder_lift.pos=-32.98 elbow_flex.pos=+36.61 wrist_flex.pos=+57.76 wrist_roll.pos=-8.35 gripper.pos=+1.43
DEBUG 2026-09-03 09:39:33 [action #150] t=6.32s step=149 queue=2 dmax=0.909 | shoulder_pan.pos=-42.73 shoulder_lift.pos=-32.07 elbow_flex.pos=+36.06 wrist_flex.pos=+57.97 wrist_roll.pos=-8.30 gripper.pos=+1.47
DEBUG 2026-09-03 09:39:33 [action #151] t=6.35s step=150 queue=1 dmax=1.466 | shoulder_pan.pos=-42.62 shoulder_lift.pos=-30.60 elbow_flex.pos=+34.75 wrist_flex.pos=+58.36 wrist_roll.pos=-8.43 gripper.pos=+1.42
DEBUG 2026-09-03 09:39:33 [chunk] received 50 actions, timesteps 126..175 | first: shoulder_pan.pos=-41.09 shoulder_lift.pos=-69.29 elbow_flex.pos=+64.77 wrist_flex.pos=+53.94 wrist_roll.pos=-5.61 gripper.pos=+1.40 | last: shoulder_pan.pos=-43.18 shoulder_lift.pos=-14.18 elbow_flex.pos=+22.46 wrist_flex.pos=+62.13 wrist_roll.pos=-8.91 gripper.pos=+20.52
DEBUG 2026-09-03 09:39:33 [action #152] t=6.49s step=151 queue=25 dmax=6.808 | shoulder_pan.pos=-42.71 shoulder_lift.pos=-37.41 elbow_flex.pos=+41.44 wrist_flex.pos=+54.96 wrist_roll.pos=-7.79 gripper.pos=+1.31
DEBUG 2026-09-03 09:39:33 [action #153] t=6.52s step=152 queue=24 dmax=1.787 | shoulder_pan.pos=-42.68 shoulder_lift.pos=-35.71 elbow_flex.pos=+39.65 wrist_flex.pos=+55.60 wrist_roll.pos=-7.84 gripper.pos=+1.42
DEBUG 2026-09-03 09:39:33 [action #154] t=6.56s step=153 queue=23 dmax=1.764 | shoulder_pan.pos=-42.67 shoulder_lift.pos=-33.94 elbow_flex.pos=+38.49 wrist_flex.pos=+56.14 wrist_roll.pos=-7.84 gripper.pos=+1.45
DEBUG 2026-09-03 09:39:33 [action #155] t=6.59s step=154 queue=22 dmax=1.661 | shoulder_pan.pos=-42.70 shoulder_lift.pos=-32.99 elbow_flex.pos=+36.83 wrist_flex.pos=+56.72 wrist_roll.pos=-7.81 gripper.pos=+1.46
DEBUG 2026-09-03 09:39:33 [action #156] t=6.62s step=155 queue=21 dmax=1.451 | shoulder_pan.pos=-42.69 shoulder_lift.pos=-31.54 elbow_flex.pos=+35.50 wrist_flex.pos=+57.22 wrist_roll.pos=-7.79 gripper.pos=+1.36
DEBUG 2026-09-03 09:39:33 [action #157] t=6.66s step=156 queue=20 dmax=1.427 | shoulder_pan.pos=-42.85 shoulder_lift.pos=-30.79 elbow_flex.pos=+34.07 wrist_flex.pos=+58.01 wrist_roll.pos=-7.83 gripper.pos=+1.32
DEBUG 2026-09-03 09:39:33 [action #158] t=6.69s step=157 queue=19 dmax=0.877 | shoulder_pan.pos=-42.57 shoulder_lift.pos=-29.92 elbow_flex.pos=+33.71 wrist_flex.pos=+58.19 wrist_roll.pos=-7.75 gripper.pos=+1.29
DEBUG 2026-09-03 09:39:33 [action #159] t=6.72s step=158 queue=18 dmax=1.356 | shoulder_pan.pos=-42.89 shoulder_lift.pos=-28.56 elbow_flex.pos=+33.10 wrist_flex.pos=+58.52 wrist_roll.pos=-7.83 gripper.pos=+1.34
DEBUG 2026-09-03 09:39:33 [action #160] t=6.76s step=159 queue=17 dmax=0.896 | shoulder_pan.pos=-43.02 shoulder_lift.pos=-28.12 elbow_flex.pos=+32.21 wrist_flex.pos=+58.76 wrist_roll.pos=-7.71 gripper.pos=+1.33
DEBUG 2026-09-03 09:39:34 [action #161] t=6.79s step=160 queue=16 dmax=1.258 | shoulder_pan.pos=-43.06 shoulder_lift.pos=-27.03 elbow_flex.pos=+30.95 wrist_flex.pos=+58.74 wrist_roll.pos=-7.72 gripper.pos=+1.39
DEBUG 2026-09-03 09:39:34 [action #162] t=6.82s step=161 queue=15 dmax=1.286 | shoulder_pan.pos=-43.17 shoulder_lift.pos=-25.75 elbow_flex.pos=+30.56 wrist_flex.pos=+58.92 wrist_roll.pos=-7.85 gripper.pos=+1.59
DEBUG 2026-09-03 09:39:34 [action #163] t=6.86s step=162 queue=14 dmax=0.861 | shoulder_pan.pos=-43.14 shoulder_lift.pos=-25.05 elbow_flex.pos=+30.06 wrist_flex.pos=+59.02 wrist_roll.pos=-7.98 gripper.pos=+2.45
DEBUG 2026-09-03 09:39:34 [action #164] t=6.89s step=163 queue=13 dmax=1.439 | shoulder_pan.pos=-43.24 shoulder_lift.pos=-23.90 elbow_flex.pos=+29.00 wrist_flex.pos=+59.18 wrist_roll.pos=-7.98 gripper.pos=+3.89
DEBUG 2026-09-03 09:39:34 [action #165] t=6.92s step=164 queue=12 dmax=1.855 | shoulder_pan.pos=-42.97 shoulder_lift.pos=-23.85 elbow_flex.pos=+27.97 wrist_flex.pos=+59.63 wrist_roll.pos=-8.06 gripper.pos=+5.75
DEBUG 2026-09-03 09:39:34 [action #166] t=6.96s step=165 queue=11 dmax=2.143 | shoulder_pan.pos=-43.29 shoulder_lift.pos=-23.33 elbow_flex.pos=+27.86 wrist_flex.pos=+59.38 wrist_roll.pos=-8.22 gripper.pos=+7.89
DEBUG 2026-09-03 09:39:34 [action #167] t=6.99s step=166 queue=10 dmax=2.055 | shoulder_pan.pos=-43.47 shoulder_lift.pos=-22.49 elbow_flex.pos=+27.78 wrist_flex.pos=+59.49 wrist_roll.pos=-8.58 gripper.pos=+9.95
DEBUG 2026-09-03 09:39:34 [action #168] t=7.02s step=167 queue=9 dmax=1.699 | shoulder_pan.pos=-43.30 shoulder_lift.pos=-21.68 elbow_flex.pos=+27.24 wrist_flex.pos=+59.69 wrist_roll.pos=-8.69 gripper.pos=+11.64
DEBUG 2026-09-03 09:39:34 [action #169] t=7.06s step=168 queue=8 dmax=1.291 | shoulder_pan.pos=-43.39 shoulder_lift.pos=-20.76 elbow_flex.pos=+26.56 wrist_flex.pos=+59.72 wrist_roll.pos=-8.79 gripper.pos=+12.94
DEBUG 2026-09-03 09:39:34 [action #170] t=7.09s step=169 queue=7 dmax=1.005 | shoulder_pan.pos=-43.45 shoulder_lift.pos=-19.94 elbow_flex.pos=+25.69 wrist_flex.pos=+60.00 wrist_roll.pos=-8.79 gripper.pos=+13.94
DEBUG 2026-09-03 09:39:34 [action #171] t=7.13s step=170 queue=6 dmax=1.061 | shoulder_pan.pos=-43.75 shoulder_lift.pos=-18.88 elbow_flex.pos=+25.50 wrist_flex.pos=+60.20 wrist_roll.pos=-8.77 gripper.pos=+14.91
DEBUG 2026-09-03 09:39:34 [action #172] t=7.16s step=171 queue=5 dmax=1.083 | shoulder_pan.pos=-43.36 shoulder_lift.pos=-18.70 elbow_flex.pos=+25.66 wrist_flex.pos=+60.72 wrist_roll.pos=-8.83 gripper.pos=+15.99
DEBUG 2026-09-03 09:39:34 [action #173] t=7.19s step=172 queue=4 dmax=1.613 | shoulder_pan.pos=-43.49 shoulder_lift.pos=-17.09 elbow_flex.pos=+24.10 wrist_flex.pos=+61.04 wrist_roll.pos=-8.88 gripper.pos=+17.38
DEBUG 2026-09-03 09:39:34 [action #174] t=7.23s step=173 queue=3 dmax=1.205 | shoulder_pan.pos=-43.58 shoulder_lift.pos=-15.89 elbow_flex.pos=+23.20 wrist_flex.pos=+61.45 wrist_roll.pos=-8.80 gripper.pos=+18.58
DEBUG 2026-09-03 09:39:34 [action #175] t=7.26s step=174 queue=2 dmax=1.030 | shoulder_pan.pos=-43.31 shoulder_lift.pos=-15.31 elbow_flex.pos=+22.93 wrist_flex.pos=+61.96 wrist_roll.pos=-8.81 gripper.pos=+19.61
DEBUG 2026-09-03 09:39:34 [action #176] t=7.29s step=175 queue=1 dmax=1.129 | shoulder_pan.pos=-43.18 shoulder_lift.pos=-14.18 elbow_flex.pos=+22.46 wrist_flex.pos=+62.13 wrist_roll.pos=-8.91 gripper.pos=+20.52
DEBUG 2026-09-03 09:39:34 [chunk] received 50 actions, timesteps 150..199 | first: shoulder_pan.pos=-42.47 shoulder_lift.pos=-26.32 elbow_flex.pos=+31.09 wrist_flex.pos=+59.10 wrist_roll.pos=-8.77 gripper.pos=+0.88 | last: shoulder_pan.pos=-43.50 shoulder_lift.pos=+19.41 elbow_flex.pos=-1.93 wrist_flex.pos=+70.46 wrist_roll.pos=-9.07 gripper.pos=+33.77
DEBUG 2026-09-03 09:39:34 [action #177] t=7.43s step=176 queue=24 dmax=17.165 | shoulder_pan.pos=-44.14 shoulder_lift.pos=+2.99 elbow_flex.pos=+7.48 wrist_flex.pos=+68.67 wrist_roll.pos=-9.16 gripper.pos=+28.58
DEBUG 2026-09-03 09:39:34 [action #178] t=7.46s step=177 queue=23 dmax=0.885 | shoulder_pan.pos=-44.12 shoulder_lift.pos=+3.79 elbow_flex.pos=+6.60 wrist_flex.pos=+68.84 wrist_roll.pos=-9.13 gripper.pos=+28.62
DEBUG 2026-09-03 09:39:34 [action #179] t=7.49s step=178 queue=22 dmax=0.727 | shoulder_pan.pos=-43.96 shoulder_lift.pos=+4.24 elbow_flex.pos=+5.87 wrist_flex.pos=+68.93 wrist_roll.pos=-9.18 gripper.pos=+29.27
DEBUG 2026-09-03 09:39:34 [action #180] t=7.53s step=179 queue=21 dmax=0.820 | shoulder_pan.pos=-44.14 shoulder_lift.pos=+5.06 elbow_flex.pos=+5.95 wrist_flex.pos=+69.10 wrist_roll.pos=-9.14 gripper.pos=+29.73
DEBUG 2026-09-03 09:39:34 [action #181] t=7.56s step=180 queue=20 dmax=0.837 | shoulder_pan.pos=-44.00 shoulder_lift.pos=+5.45 elbow_flex.pos=+5.11 wrist_flex.pos=+68.97 wrist_roll.pos=-9.08 gripper.pos=+30.53
DEBUG 2026-09-03 09:39:34 [action #182] t=7.59s step=181 queue=19 dmax=1.385 | shoulder_pan.pos=-44.12 shoulder_lift.pos=+6.84 elbow_flex.pos=+4.30 wrist_flex.pos=+68.93 wrist_roll.pos=-9.09 gripper.pos=+31.43
DEBUG 2026-09-03 09:39:34 [action #183] t=7.63s step=182 queue=18 dmax=0.696 | shoulder_pan.pos=-44.20 shoulder_lift.pos=+7.51 elbow_flex.pos=+3.93 wrist_flex.pos=+69.20 wrist_roll.pos=-9.13 gripper.pos=+32.12
DEBUG 2026-09-03 09:39:34 [action #184] t=7.66s step=183 queue=17 dmax=1.113 | shoulder_pan.pos=-44.13 shoulder_lift.pos=+8.62 elbow_flex.pos=+3.72 wrist_flex.pos=+69.22 wrist_roll.pos=-9.20 gripper.pos=+33.08
DEBUG 2026-09-03 09:39:34 [action #185] t=7.69s step=184 queue=16 dmax=1.094 | shoulder_pan.pos=-44.15 shoulder_lift.pos=+9.26 elbow_flex.pos=+2.63 wrist_flex.pos=+69.44 wrist_roll.pos=-9.15 gripper.pos=+33.74
DEBUG 2026-09-03 09:39:34 [action #186] t=7.73s step=185 queue=15 dmax=0.650 | shoulder_pan.pos=-44.30 shoulder_lift.pos=+9.91 elbow_flex.pos=+3.00 wrist_flex.pos=+69.46 wrist_roll.pos=-9.11 gripper.pos=+33.98
DEBUG 2026-09-03 09:39:34 [action #187] t=7.76s step=186 queue=14 dmax=0.312 | shoulder_pan.pos=-44.06 shoulder_lift.pos=+10.01 elbow_flex.pos=+2.93 wrist_flex.pos=+69.40 wrist_roll.pos=-9.19 gripper.pos=+34.29
DEBUG 2026-09-03 09:39:35 [action #188] t=7.79s step=187 queue=13 dmax=0.791 | shoulder_pan.pos=-44.21 shoulder_lift.pos=+10.72 elbow_flex.pos=+2.13 wrist_flex.pos=+69.35 wrist_roll.pos=-9.17 gripper.pos=+34.24
DEBUG 2026-09-03 09:39:35 [action #189] t=7.83s step=188 queue=12 dmax=0.443 | shoulder_pan.pos=-44.21 shoulder_lift.pos=+11.13 elbow_flex.pos=+1.69 wrist_flex.pos=+69.33 wrist_roll.pos=-9.14 gripper.pos=+34.17
DEBUG 2026-09-03 09:39:35 [action #190] t=7.86s step=189 queue=11 dmax=0.988 | shoulder_pan.pos=-43.99 shoulder_lift.pos=+12.12 elbow_flex.pos=+1.77 wrist_flex.pos=+69.55 wrist_roll.pos=-9.06 gripper.pos=+33.97
DEBUG 2026-09-03 09:39:35 [action #191] t=7.89s step=190 queue=10 dmax=0.830 | shoulder_pan.pos=-44.22 shoulder_lift.pos=+12.29 elbow_flex.pos=+0.94 wrist_flex.pos=+69.60 wrist_roll.pos=-9.15 gripper.pos=+34.02
DEBUG 2026-09-03 09:39:35 [action #192] t=7.93s step=191 queue=9 dmax=0.264 | shoulder_pan.pos=-44.23 shoulder_lift.pos=+12.56 elbow_flex.pos=+0.93 wrist_flex.pos=+69.64 wrist_roll.pos=-9.10 gripper.pos=+33.98
DEBUG 2026-09-03 09:39:35 [action #193] t=7.96s step=192 queue=8 dmax=1.151 | shoulder_pan.pos=-44.32 shoulder_lift.pos=+13.71 elbow_flex.pos=+0.30 wrist_flex.pos=+69.58 wrist_roll.pos=-9.08 gripper.pos=+33.87
DEBUG 2026-09-03 09:39:35 [action #194] t=8.00s step=193 queue=7 dmax=0.947 | shoulder_pan.pos=-44.09 shoulder_lift.pos=+14.66 elbow_flex.pos=+0.14 wrist_flex.pos=+69.58 wrist_roll.pos=-9.05 gripper.pos=+33.82
DEBUG 2026-09-03 09:39:35 [action #195] t=8.03s step=194 queue=6 dmax=0.580 | shoulder_pan.pos=-44.13 shoulder_lift.pos=+14.75 elbow_flex.pos=-0.44 wrist_flex.pos=+69.38 wrist_roll.pos=-9.17 gripper.pos=+33.96
DEBUG 2026-09-03 09:39:35 [action #196] t=8.06s step=195 queue=5 dmax=1.746 | shoulder_pan.pos=-43.96 shoulder_lift.pos=+16.49 elbow_flex.pos=-0.58 wrist_flex.pos=+69.75 wrist_roll.pos=-9.11 gripper.pos=+33.80
DEBUG 2026-09-03 09:39:35 [action #197] t=8.10s step=196 queue=4 dmax=0.737 | shoulder_pan.pos=-43.95 shoulder_lift.pos=+16.52 elbow_flex.pos=-1.32 wrist_flex.pos=+69.88 wrist_roll.pos=-9.03 gripper.pos=+33.92
DEBUG 2026-09-03 09:39:35 [action #198] t=8.13s step=197 queue=3 dmax=1.030 | shoulder_pan.pos=-43.80 shoulder_lift.pos=+17.55 elbow_flex.pos=-1.45 wrist_flex.pos=+69.89 wrist_roll.pos=-9.14 gripper.pos=+34.01
DEBUG 2026-09-03 09:39:35 [action #199] t=8.16s step=198 queue=2 dmax=0.552 | shoulder_pan.pos=-43.99 shoulder_lift.pos=+18.10 elbow_flex.pos=-1.94 wrist_flex.pos=+69.99 wrist_roll.pos=-9.06 gripper.pos=+33.85
DEBUG 2026-09-03 09:39:35 [action #200] t=8.20s step=199 queue=1 dmax=1.310 | shoulder_pan.pos=-43.50 shoulder_lift.pos=+19.41 elbow_flex.pos=-1.93 wrist_flex.pos=+70.46 wrist_roll.pos=-9.07 gripper.pos=+33.77
DEBUG 2026-09-03 09:39:35 [chunk] received 50 actions, timesteps 175..224 | first: shoulder_pan.pos=-43.86 shoulder_lift.pos=-12.47 elbow_flex.pos=+21.49 wrist_flex.pos=+64.34 wrist_roll.pos=-8.94 gripper.pos=+21.05 | last: shoulder_pan.pos=-44.63 shoulder_lift.pos=+30.47 elbow_flex.pos=-12.22 wrist_flex.pos=+74.05 wrist_roll.pos=-8.16 gripper.pos=+33.71
DEBUG 2026-09-03 09:39:35 [action #201] t=8.33s step=200 queue=25 dmax=6.322 | shoulder_pan.pos=-43.75 shoulder_lift.pos=+13.09 elbow_flex.pos=+0.11 wrist_flex.pos=+71.00 wrist_roll.pos=-9.00 gripper.pos=+30.97
DEBUG 2026-09-03 09:39:35 [action #202] t=8.36s step=201 queue=24 dmax=1.897 | shoulder_pan.pos=-44.18 shoulder_lift.pos=+14.99 elbow_flex.pos=-0.65 wrist_flex.pos=+71.37 wrist_roll.pos=-9.22 gripper.pos=+31.35
DEBUG 2026-09-03 09:39:35 [action #203] t=8.40s step=202 queue=23 dmax=1.286 | shoulder_pan.pos=-43.83 shoulder_lift.pos=+16.27 elbow_flex.pos=-1.82 wrist_flex.pos=+72.13 wrist_roll.pos=-8.93 gripper.pos=+31.75
DEBUG 2026-09-03 09:39:35 [action #204] t=8.43s step=203 queue=22 dmax=0.931 | shoulder_pan.pos=-43.65 shoulder_lift.pos=+16.81 elbow_flex.pos=-2.30 wrist_flex.pos=+72.74 wrist_roll.pos=-9.05 gripper.pos=+32.68
DEBUG 2026-09-03 09:39:35 [action #205] t=8.46s step=204 queue=21 dmax=2.126 | shoulder_pan.pos=-43.87 shoulder_lift.pos=+17.73 elbow_flex.pos=-4.43 wrist_flex.pos=+72.68 wrist_roll.pos=-8.88 gripper.pos=+33.18
DEBUG 2026-09-03 09:39:35 [action #206] t=8.50s step=205 queue=20 dmax=0.502 | shoulder_pan.pos=-43.42 shoulder_lift.pos=+18.23 elbow_flex.pos=-4.25 wrist_flex.pos=+72.44 wrist_roll.pos=-9.01 gripper.pos=+33.21
DEBUG 2026-09-03 09:39:35 [action #207] t=8.53s step=206 queue=19 dmax=1.522 | shoulder_pan.pos=-43.80 shoulder_lift.pos=+19.75 elbow_flex.pos=-4.70 wrist_flex.pos=+72.39 wrist_roll.pos=-9.04 gripper.pos=+33.23
DEBUG 2026-09-03 09:39:35 [action #208] t=8.56s step=207 queue=18 dmax=1.029 | shoulder_pan.pos=-43.74 shoulder_lift.pos=+20.78 elbow_flex.pos=-5.29 wrist_flex.pos=+72.55 wrist_roll.pos=-8.87 gripper.pos=+33.29
DEBUG 2026-09-03 09:39:35 [action #209] t=8.60s step=208 queue=17 dmax=1.588 | shoulder_pan.pos=-43.49 shoulder_lift.pos=+21.44 elbow_flex.pos=-6.88 wrist_flex.pos=+72.80 wrist_roll.pos=-8.76 gripper.pos=+33.14
DEBUG 2026-09-03 09:39:35 [action #210] t=8.63s step=209 queue=16 dmax=1.010 | shoulder_pan.pos=-43.09 shoulder_lift.pos=+22.46 elbow_flex.pos=-6.74 wrist_flex.pos=+72.99 wrist_roll.pos=-8.92 gripper.pos=+32.98
DEBUG 2026-09-03 09:39:35 [action #211] t=8.66s step=210 queue=15 dmax=1.027 | shoulder_pan.pos=-43.81 shoulder_lift.pos=+23.48 elbow_flex.pos=-7.32 wrist_flex.pos=+72.55 wrist_roll.pos=-8.84 gripper.pos=+32.80
DEBUG 2026-09-03 09:39:35 [action #212] t=8.70s step=211 queue=14 dmax=0.486 | shoulder_pan.pos=-43.33 shoulder_lift.pos=+23.59 elbow_flex.pos=-7.80 wrist_flex.pos=+72.73 wrist_roll.pos=-8.64 gripper.pos=+32.77
DEBUG 2026-09-03 09:39:35 [action #213] t=8.73s step=212 queue=13 dmax=1.288 | shoulder_pan.pos=-43.88 shoulder_lift.pos=+23.81 elbow_flex.pos=-9.09 wrist_flex.pos=+72.60 wrist_roll.pos=-8.53 gripper.pos=+32.96
DEBUG 2026-09-03 09:39:35 [action #214] t=8.76s step=213 queue=12 dmax=0.950 | shoulder_pan.pos=-43.90 shoulder_lift.pos=+24.76 elbow_flex.pos=-8.27 wrist_flex.pos=+72.57 wrist_roll.pos=-8.64 gripper.pos=+33.23
DEBUG 2026-09-03 09:39:36 [action #215] t=8.80s step=214 queue=11 dmax=1.428 | shoulder_pan.pos=-44.03 shoulder_lift.pos=+24.25 elbow_flex.pos=-9.70 wrist_flex.pos=+72.24 wrist_roll.pos=-8.60 gripper.pos=+33.20
DEBUG 2026-09-03 09:39:36 [action #216] t=8.83s step=215 queue=10 dmax=1.426 | shoulder_pan.pos=-43.74 shoulder_lift.pos=+25.68 elbow_flex.pos=-9.42 wrist_flex.pos=+72.55 wrist_roll.pos=-8.68 gripper.pos=+33.49
DEBUG 2026-09-03 09:39:36 [action #217] t=8.86s step=216 queue=9 dmax=0.709 | shoulder_pan.pos=-44.21 shoulder_lift.pos=+25.84 elbow_flex.pos=-10.13 wrist_flex.pos=+72.42 wrist_roll.pos=-8.46 gripper.pos=+33.66
DEBUG 2026-09-03 09:39:36 [action #218] t=8.90s step=217 queue=8 dmax=1.445 | shoulder_pan.pos=-44.39 shoulder_lift.pos=+27.28 elbow_flex.pos=-9.77 wrist_flex.pos=+72.60 wrist_roll.pos=-8.43 gripper.pos=+33.75
DEBUG 2026-09-03 09:39:36 [action #219] t=8.93s step=218 queue=7 dmax=1.021 | shoulder_pan.pos=-44.03 shoulder_lift.pos=+27.51 elbow_flex.pos=-10.79 wrist_flex.pos=+72.30 wrist_roll.pos=-8.66 gripper.pos=+33.67
DEBUG 2026-09-03 09:39:36 [action #220] t=8.96s step=219 queue=6 dmax=0.461 | shoulder_pan.pos=-44.28 shoulder_lift.pos=+27.05 elbow_flex.pos=-10.87 wrist_flex.pos=+72.68 wrist_roll.pos=-8.43 gripper.pos=+33.79
DEBUG 2026-09-03 09:39:36 [action #221] t=9.00s step=220 queue=5 dmax=0.436 | shoulder_pan.pos=-44.04 shoulder_lift.pos=+27.39 elbow_flex.pos=-10.43 wrist_flex.pos=+72.38 wrist_roll.pos=-8.57 gripper.pos=+34.03
DEBUG 2026-09-03 09:39:36 [action #222] t=9.03s step=221 queue=4 dmax=1.961 | shoulder_pan.pos=-44.42 shoulder_lift.pos=+29.35 elbow_flex.pos=-11.35 wrist_flex.pos=+73.04 wrist_roll.pos=-8.41 gripper.pos=+33.92
DEBUG 2026-09-03 09:39:36 [action #223] t=9.06s step=222 queue=3 dmax=0.229 | shoulder_pan.pos=-44.43 shoulder_lift.pos=+29.56 elbow_flex.pos=-11.53 wrist_flex.pos=+73.27 wrist_roll.pos=-8.30 gripper.pos=+33.76
DEBUG 2026-09-03 09:39:36 [action #224] t=9.10s step=223 queue=2 dmax=0.585 | shoulder_pan.pos=-44.25 shoulder_lift.pos=+30.02 elbow_flex.pos=-11.34 wrist_flex.pos=+73.85 wrist_roll.pos=-8.22 gripper.pos=+33.90
DEBUG 2026-09-03 09:39:36 [action #225] t=9.13s step=224 queue=1 dmax=0.882 | shoulder_pan.pos=-44.63 shoulder_lift.pos=+30.47 elbow_flex.pos=-12.22 wrist_flex.pos=+74.05 wrist_roll.pos=-8.16 gripper.pos=+33.71
DEBUG 2026-09-03 09:39:36 [chunk] received 50 actions, timesteps 199..248 | first: shoulder_pan.pos=-43.31 shoulder_lift.pos=+18.96 elbow_flex.pos=-3.15 wrist_flex.pos=+71.79 wrist_roll.pos=-8.68 gripper.pos=+34.37 | last: shoulder_pan.pos=-44.60 shoulder_lift.pos=+31.88 elbow_flex.pos=-33.99 wrist_flex.pos=+90.58 wrist_roll.pos=-11.80 gripper.pos=+5.94
DEBUG 2026-09-03 09:39:36 [action #226] t=9.20s step=225 queue=24 dmax=20.739 | shoulder_pan.pos=-43.32 shoulder_lift.pos=+36.06 elbow_flex.pos=-19.30 wrist_flex.pos=+75.43 wrist_roll.pos=-9.65 gripper.pos=+12.97
DEBUG 2026-09-03 09:39:36 [action #227] t=9.23s step=226 queue=23 dmax=1.684 | shoulder_pan.pos=-43.23 shoulder_lift.pos=+36.27 elbow_flex.pos=-19.29 wrist_flex.pos=+75.35 wrist_roll.pos=-9.69 gripper.pos=+11.28
DEBUG 2026-09-03 09:39:36 [action #228] t=9.27s step=227 queue=22 dmax=1.266 | shoulder_pan.pos=-43.12 shoulder_lift.pos=+35.70 elbow_flex.pos=-19.35 wrist_flex.pos=+75.37 wrist_roll.pos=-9.51 gripper.pos=+10.02
DEBUG 2026-09-03 09:39:36 [action #229] t=9.30s step=228 queue=21 dmax=0.868 | shoulder_pan.pos=-43.24 shoulder_lift.pos=+36.00 elbow_flex.pos=-18.73 wrist_flex.pos=+75.29 wrist_roll.pos=-9.75 gripper.pos=+9.15
DEBUG 2026-09-03 09:39:36 [action #230] t=9.33s step=229 queue=20 dmax=0.701 | shoulder_pan.pos=-43.27 shoulder_lift.pos=+35.60 elbow_flex.pos=-18.37 wrist_flex.pos=+75.40 wrist_roll.pos=-9.84 gripper.pos=+8.45
DEBUG 2026-09-03 09:39:36 [action #231] t=9.37s step=230 queue=19 dmax=0.754 | shoulder_pan.pos=-43.26 shoulder_lift.pos=+35.53 elbow_flex.pos=-18.74 wrist_flex.pos=+75.43 wrist_roll.pos=-9.88 gripper.pos=+7.70
DEBUG 2026-09-03 09:39:36 [action #232] t=9.40s step=231 queue=18 dmax=0.927 | shoulder_pan.pos=-43.26 shoulder_lift.pos=+34.60 elbow_flex.pos=-18.73 wrist_flex.pos=+75.73 wrist_roll.pos=-9.82 gripper.pos=+7.05
DEBUG 2026-09-03 09:39:36 [action #233] t=9.43s step=232 queue=17 dmax=1.091 | shoulder_pan.pos=-43.44 shoulder_lift.pos=+35.39 elbow_flex.pos=-19.82 wrist_flex.pos=+75.81 wrist_roll.pos=-10.20 gripper.pos=+6.53
DEBUG 2026-09-03 09:39:36 [action #234] t=9.47s step=233 queue=16 dmax=0.529 | shoulder_pan.pos=-43.21 shoulder_lift.pos=+34.86 elbow_flex.pos=-19.45 wrist_flex.pos=+76.17 wrist_roll.pos=-10.11 gripper.pos=+6.27
DEBUG 2026-09-03 09:39:36 [action #235] t=9.50s step=234 queue=15 dmax=0.627 | shoulder_pan.pos=-43.22 shoulder_lift.pos=+34.91 elbow_flex.pos=-19.67 wrist_flex.pos=+76.80 wrist_roll.pos=-10.19 gripper.pos=+6.00
DEBUG 2026-09-03 09:39:36 [action #236] t=9.53s step=235 queue=14 dmax=0.979 | shoulder_pan.pos=-43.35 shoulder_lift.pos=+34.39 elbow_flex.pos=-20.65 wrist_flex.pos=+77.55 wrist_roll.pos=-10.28 gripper.pos=+5.99
DEBUG 2026-09-03 09:39:36 [action #237] t=9.57s step=236 queue=13 dmax=0.728 | shoulder_pan.pos=-43.30 shoulder_lift.pos=+34.93 elbow_flex.pos=-21.06 wrist_flex.pos=+78.28 wrist_roll.pos=-10.33 gripper.pos=+6.03
DEBUG 2026-09-03 09:39:36 [action #238] t=9.61s step=237 queue=12 dmax=1.411 | shoulder_pan.pos=-43.31 shoulder_lift.pos=+34.42 elbow_flex.pos=-22.47 wrist_flex.pos=+79.25 wrist_roll.pos=-10.58 gripper.pos=+5.93
DEBUG 2026-09-03 09:39:36 [action #239] t=9.64s step=238 queue=11 dmax=1.005 | shoulder_pan.pos=-43.38 shoulder_lift.pos=+34.83 elbow_flex.pos=-23.12 wrist_flex.pos=+80.25 wrist_roll.pos=-10.67 gripper.pos=+6.11
DEBUG 2026-09-03 09:39:36 [action #240] t=9.68s step=239 queue=10 dmax=1.402 | shoulder_pan.pos=-43.63 shoulder_lift.pos=+34.50 elbow_flex.pos=-24.53 wrist_flex.pos=+81.32 wrist_roll.pos=-10.78 gripper.pos=+6.11
DEBUG 2026-09-03 09:39:36 [action #241] t=9.71s step=240 queue=9 dmax=0.869 | shoulder_pan.pos=-43.70 shoulder_lift.pos=+34.09 elbow_flex.pos=-25.06 wrist_flex.pos=+82.19 wrist_roll.pos=-10.90 gripper.pos=+6.14
DEBUG 2026-09-03 09:39:36 [action #242] t=9.74s step=241 queue=8 dmax=1.283 | shoulder_pan.pos=-44.00 shoulder_lift.pos=+34.18 elbow_flex.pos=-26.34 wrist_flex.pos=+83.19 wrist_roll.pos=-10.93 gripper.pos=+6.16
DEBUG 2026-09-03 09:39:36 [action #243] t=9.78s step=242 queue=7 dmax=1.076 | shoulder_pan.pos=-43.98 shoulder_lift.pos=+33.92 elbow_flex.pos=-27.36 wrist_flex.pos=+84.27 wrist_roll.pos=-11.04 gripper.pos=+6.11
DEBUG 2026-09-03 09:39:37 [action #244] t=9.81s step=243 queue=6 dmax=1.115 | shoulder_pan.pos=-43.82 shoulder_lift.pos=+33.67 elbow_flex.pos=-28.42 wrist_flex.pos=+85.38 wrist_roll.pos=-11.12 gripper.pos=+5.85
DEBUG 2026-09-03 09:39:37 [action #245] t=9.84s step=244 queue=5 dmax=1.125 | shoulder_pan.pos=-43.87 shoulder_lift.pos=+32.79 elbow_flex.pos=-29.54 wrist_flex.pos=+86.49 wrist_roll.pos=-11.18 gripper.pos=+5.80
DEBUG 2026-09-03 09:39:37 [action #246] t=9.88s step=245 queue=4 dmax=1.095 | shoulder_pan.pos=-44.00 shoulder_lift.pos=+32.65 elbow_flex.pos=-30.35 wrist_flex.pos=+87.58 wrist_roll.pos=-11.35 gripper.pos=+5.59
DEBUG 2026-09-03 09:39:37 [action #247] t=9.91s step=246 queue=3 dmax=1.725 | shoulder_pan.pos=-44.12 shoulder_lift.pos=+32.76 elbow_flex.pos=-32.08 wrist_flex.pos=+88.68 wrist_roll.pos=-11.47 gripper.pos=+5.68
DEBUG 2026-09-03 09:39:37 [action #248] t=9.94s step=247 queue=2 dmax=1.064 | shoulder_pan.pos=-44.13 shoulder_lift.pos=+32.12 elbow_flex.pos=-33.01 wrist_flex.pos=+89.74 wrist_roll.pos=-11.53 gripper.pos=+5.76
DEBUG 2026-09-03 09:39:37 [action #249] t=9.98s step=248 queue=1 dmax=0.979 | shoulder_pan.pos=-44.60 shoulder_lift.pos=+31.88 elbow_flex.pos=-33.99 wrist_flex.pos=+90.58 wrist_roll.pos=-11.80 gripper.pos=+5.94
DEBUG 2026-09-03 09:39:37 [chunk] received 50 actions, timesteps 224..273 | first: shoulder_pan.pos=-43.57 shoulder_lift.pos=+29.70 elbow_flex.pos=-14.49 wrist_flex.pos=+75.88 wrist_roll.pos=-8.68 gripper.pos=+34.55 | last: shoulder_pan.pos=-43.67 shoulder_lift.pos=+33.58 elbow_flex.pos=-42.18 wrist_flex.pos=+98.26 wrist_roll.pos=-11.55 gripper.pos=+5.61
DEBUG 2026-09-03 09:39:37 [action #250] t=10.04s step=249 queue=25 dmax=11.059 | shoulder_pan.pos=-41.91 shoulder_lift.pos=+38.96 elbow_flex.pos=-24.08 wrist_flex.pos=+79.52 wrist_roll.pos=-10.10 gripper.pos=+7.83
DEBUG 2026-09-03 09:39:37 [action #251] t=10.08s step=250 queue=24 dmax=1.074 | shoulder_pan.pos=-42.14 shoulder_lift.pos=+38.42 elbow_flex.pos=-24.63 wrist_flex.pos=+79.59 wrist_roll.pos=-10.04 gripper.pos=+6.76
DEBUG 2026-09-03 09:39:37 [action #252] t=10.11s step=251 queue=23 dmax=0.484 | shoulder_pan.pos=-42.41 shoulder_lift.pos=+38.42 elbow_flex.pos=-24.81 wrist_flex.pos=+79.79 wrist_roll.pos=-10.28 gripper.pos=+6.27
DEBUG 2026-09-03 09:39:37 [action #253] t=10.14s step=252 queue=22 dmax=0.808 | shoulder_pan.pos=-42.43 shoulder_lift.pos=+37.61 elbow_flex.pos=-24.85 wrist_flex.pos=+80.21 wrist_roll.pos=-10.29 gripper.pos=+6.00
DEBUG 2026-09-03 09:39:37 [action #254] t=10.18s step=253 queue=21 dmax=0.450 | shoulder_pan.pos=-42.65 shoulder_lift.pos=+37.78 elbow_flex.pos=-25.07 wrist_flex.pos=+80.66 wrist_roll.pos=-10.41 gripper.pos=+5.73
DEBUG 2026-09-03 09:39:37 [action #255] t=10.21s step=254 queue=20 dmax=0.640 | shoulder_pan.pos=-42.42 shoulder_lift.pos=+37.14 elbow_flex.pos=-25.53 wrist_flex.pos=+81.14 wrist_roll.pos=-10.36 gripper.pos=+5.67
DEBUG 2026-09-03 09:39:37 [action #256] t=10.24s step=255 queue=19 dmax=0.547 | shoulder_pan.pos=-42.83 shoulder_lift.pos=+37.50 elbow_flex.pos=-25.66 wrist_flex.pos=+81.68 wrist_roll.pos=-10.46 gripper.pos=+5.51
DEBUG 2026-09-03 09:39:37 [action #257] t=10.28s step=256 queue=18 dmax=0.817 | shoulder_pan.pos=-43.04 shoulder_lift.pos=+37.57 elbow_flex.pos=-26.48 wrist_flex.pos=+82.46 wrist_roll.pos=-10.59 gripper.pos=+5.75
DEBUG 2026-09-03 09:39:37 [action #258] t=10.31s step=257 queue=17 dmax=0.693 | shoulder_pan.pos=-43.18 shoulder_lift.pos=+37.43 elbow_flex.pos=-27.17 wrist_flex.pos=+82.98 wrist_roll.pos=-10.56 gripper.pos=+5.50
DEBUG 2026-09-03 09:39:37 [action #259] t=10.34s step=258 queue=16 dmax=1.078 | shoulder_pan.pos=-42.82 shoulder_lift.pos=+36.80 elbow_flex.pos=-28.25 wrist_flex.pos=+83.71 wrist_roll.pos=-10.44 gripper.pos=+5.47
DEBUG 2026-09-03 09:39:37 [action #260] t=10.38s step=259 queue=15 dmax=0.999 | shoulder_pan.pos=-42.90 shoulder_lift.pos=+37.37 elbow_flex.pos=-28.95 wrist_flex.pos=+84.71 wrist_roll.pos=-10.54 gripper.pos=+5.35
DEBUG 2026-09-03 09:39:37 [action #261] t=10.41s step=260 queue=14 dmax=1.049 | shoulder_pan.pos=-43.11 shoulder_lift.pos=+37.40 elbow_flex.pos=-29.73 wrist_flex.pos=+85.76 wrist_roll.pos=-10.62 gripper.pos=+5.36
DEBUG 2026-09-03 09:39:37 [action #262] t=10.45s step=261 queue=13 dmax=1.506 | shoulder_pan.pos=-43.07 shoulder_lift.pos=+37.33 elbow_flex.pos=-31.24 wrist_flex.pos=+86.81 wrist_roll.pos=-10.65 gripper.pos=+5.47
DEBUG 2026-09-03 09:39:37 [action #263] t=10.48s step=262 queue=12 dmax=1.426 | shoulder_pan.pos=-43.12 shoulder_lift.pos=+36.97 elbow_flex.pos=-32.13 wrist_flex.pos=+88.23 wrist_roll.pos=-10.77 gripper.pos=+5.54
DEBUG 2026-09-03 09:39:37 [action #264] t=10.51s step=263 queue=11 dmax=1.377 | shoulder_pan.pos=-43.36 shoulder_lift.pos=+37.23 elbow_flex.pos=-33.50 wrist_flex.pos=+89.23 wrist_roll.pos=-10.81 gripper.pos=+5.60
DEBUG 2026-09-03 09:39:37 [action #265] t=10.55s step=264 queue=10 dmax=1.386 | shoulder_pan.pos=-43.29 shoulder_lift.pos=+37.45 elbow_flex.pos=-34.89 wrist_flex.pos=+90.21 wrist_roll.pos=-11.04 gripper.pos=+5.83
DEBUG 2026-09-03 09:39:37 [action #266] t=10.58s step=265 queue=9 dmax=1.018 | shoulder_pan.pos=-43.39 shoulder_lift.pos=+36.88 elbow_flex.pos=-35.81 wrist_flex.pos=+91.23 wrist_roll.pos=-10.96 gripper.pos=+5.77
DEBUG 2026-09-03 09:39:37 [action #267] t=10.61s step=266 queue=8 dmax=0.709 | shoulder_pan.pos=-43.16 shoulder_lift.pos=+36.28 elbow_flex.pos=-36.52 wrist_flex.pos=+91.94 wrist_roll.pos=-11.05 gripper.pos=+5.88
DEBUG 2026-09-03 09:39:37 [action #268] t=10.65s step=267 queue=7 dmax=1.118 | shoulder_pan.pos=-43.14 shoulder_lift.pos=+35.94 elbow_flex.pos=-37.28 wrist_flex.pos=+93.06 wrist_roll.pos=-11.07 gripper.pos=+5.88
DEBUG 2026-09-03 09:39:37 [action #269] t=10.68s step=268 queue=6 dmax=1.139 | shoulder_pan.pos=-43.40 shoulder_lift.pos=+35.95 elbow_flex.pos=-38.41 wrist_flex.pos=+94.20 wrist_roll.pos=-11.33 gripper.pos=+5.83
DEBUG 2026-09-03 09:39:37 [action #270] t=10.71s step=269 queue=5 dmax=1.558 | shoulder_pan.pos=-43.05 shoulder_lift.pos=+35.48 elbow_flex.pos=-39.96 wrist_flex.pos=+95.22 wrist_roll.pos=-11.42 gripper.pos=+5.76
DEBUG 2026-09-03 09:39:37 [action #271] t=10.75s step=270 queue=4 dmax=1.011 | shoulder_pan.pos=-43.29 shoulder_lift.pos=+35.09 elbow_flex.pos=-40.51 wrist_flex.pos=+96.23 wrist_roll.pos=-11.47 gripper.pos=+5.62
DEBUG 2026-09-03 09:39:37 [action #272] t=10.78s step=271 queue=3 dmax=0.931 | shoulder_pan.pos=-43.78 shoulder_lift.pos=+34.57 elbow_flex.pos=-40.82 wrist_flex.pos=+97.16 wrist_roll.pos=-11.46 gripper.pos=+5.55
DEBUG 2026-09-03 09:39:38 [action #273] t=10.81s step=272 queue=2 dmax=1.063 | shoulder_pan.pos=-43.55 shoulder_lift.pos=+34.08 elbow_flex.pos=-41.88 wrist_flex.pos=+97.78 wrist_roll.pos=-11.50 gripper.pos=+5.46
DEBUG 2026-09-03 09:39:38 [action #274] t=10.85s step=273 queue=1 dmax=0.497 | shoulder_pan.pos=-43.67 shoulder_lift.pos=+33.58 elbow_flex.pos=-42.18 wrist_flex.pos=+98.26 wrist_roll.pos=-11.55 gripper.pos=+5.61
DEBUG 2026-09-03 09:39:38 [chunk] received 50 actions, timesteps 248..297 | first: shoulder_pan.pos=-45.21 shoulder_lift.pos=+31.78 elbow_flex.pos=-31.26 wrist_flex.pos=+90.12 wrist_roll.pos=-9.88 gripper.pos=+5.75 | last: shoulder_pan.pos=+1.74 shoulder_lift.pos=-0.11 elbow_flex.pos=-29.34 wrist_flex.pos=+100.06 wrist_roll.pos=-5.27 gripper.pos=+5.17
DEBUG 2026-09-03 09:39:38 [action #275] t=10.98s step=274 queue=24 dmax=28.323 | shoulder_pan.pos=-34.62 shoulder_lift.pos=+5.26 elbow_flex.pos=-29.35 wrist_flex.pos=+99.36 wrist_roll.pos=-11.43 gripper.pos=+5.18
DEBUG 2026-09-03 09:39:38 [action #276] t=11.01s step=275 queue=23 dmax=1.454 | shoulder_pan.pos=-33.17 shoulder_lift.pos=+5.81 elbow_flex.pos=-29.45 wrist_flex.pos=+99.46 wrist_roll.pos=-11.11 gripper.pos=+5.11
DEBUG 2026-09-03 09:39:38 [action #277] t=11.05s step=276 queue=22 dmax=1.936 | shoulder_pan.pos=-31.23 shoulder_lift.pos=+4.65 elbow_flex.pos=-29.25 wrist_flex.pos=+99.49 wrist_roll.pos=-11.00 gripper.pos=+5.04
DEBUG 2026-09-03 09:39:38 [action #278] t=11.08s step=277 queue=21 dmax=1.699 | shoulder_pan.pos=-29.53 shoulder_lift.pos=+4.10 elbow_flex.pos=-29.31 wrist_flex.pos=+99.50 wrist_roll.pos=-10.88 gripper.pos=+5.09
DEBUG 2026-09-03 09:39:38 [action #279] t=11.11s step=278 queue=20 dmax=1.518 | shoulder_pan.pos=-28.02 shoulder_lift.pos=+3.55 elbow_flex.pos=-29.30 wrist_flex.pos=+99.64 wrist_roll.pos=-10.72 gripper.pos=+5.24
DEBUG 2026-09-03 09:39:38 [action #280] t=11.15s step=279 queue=19 dmax=1.742 | shoulder_pan.pos=-26.27 shoulder_lift.pos=+2.77 elbow_flex.pos=-29.00 wrist_flex.pos=+99.27 wrist_roll.pos=-10.41 gripper.pos=+5.20
DEBUG 2026-09-03 09:39:38 [action #281] t=11.18s step=280 queue=18 dmax=1.768 | shoulder_pan.pos=-24.51 shoulder_lift.pos=+2.55 elbow_flex.pos=-28.98 wrist_flex.pos=+99.35 wrist_roll.pos=-10.11 gripper.pos=+5.17
DEBUG 2026-09-03 09:39:38 [action #282] t=11.21s step=281 queue=17 dmax=1.473 | shoulder_pan.pos=-23.03 shoulder_lift.pos=+2.70 elbow_flex.pos=-28.76 wrist_flex.pos=+99.23 wrist_roll.pos=-9.86 gripper.pos=+5.01
DEBUG 2026-09-03 09:39:38 [action #283] t=11.25s step=282 queue=16 dmax=2.071 | shoulder_pan.pos=-20.96 shoulder_lift.pos=+1.89 elbow_flex.pos=-29.19 wrist_flex.pos=+99.43 wrist_roll.pos=-9.64 gripper.pos=+5.11
DEBUG 2026-09-03 09:39:38 [action #284] t=11.28s step=283 queue=15 dmax=1.447 | shoulder_pan.pos=-19.52 shoulder_lift.pos=+1.41 elbow_flex.pos=-28.24 wrist_flex.pos=+99.54 wrist_roll.pos=-9.36 gripper.pos=+5.07
DEBUG 2026-09-03 09:39:38 [action #285] t=11.31s step=284 queue=14 dmax=2.055 | shoulder_pan.pos=-17.46 shoulder_lift.pos=+0.60 elbow_flex.pos=-28.61 wrist_flex.pos=+99.36 wrist_roll.pos=-9.03 gripper.pos=+5.07
DEBUG 2026-09-03 09:39:38 [action #286] t=11.35s step=285 queue=13 dmax=1.477 | shoulder_pan.pos=-15.98 shoulder_lift.pos=+0.99 elbow_flex.pos=-28.49 wrist_flex.pos=+99.32 wrist_roll.pos=-8.71 gripper.pos=+5.16
DEBUG 2026-09-03 09:39:38 [action #287] t=11.38s step=286 queue=12 dmax=2.122 | shoulder_pan.pos=-13.86 shoulder_lift.pos=+0.37 elbow_flex.pos=-29.47 wrist_flex.pos=+99.60 wrist_roll.pos=-8.24 gripper.pos=+5.05
DEBUG 2026-09-03 09:39:38 [action #288] t=11.41s step=287 queue=11 dmax=1.826 | shoulder_pan.pos=-12.04 shoulder_lift.pos=-0.44 elbow_flex.pos=-28.86 wrist_flex.pos=+99.75 wrist_roll.pos=-7.75 gripper.pos=+5.18
DEBUG 2026-09-03 09:39:38 [action #289] t=11.45s step=288 queue=10 dmax=1.519 | shoulder_pan.pos=-10.52 shoulder_lift.pos=+0.07 elbow_flex.pos=-29.22 wrist_flex.pos=+99.89 wrist_roll.pos=-7.48 gripper.pos=+5.14
DEBUG 2026-09-03 09:39:38 [action #290] t=11.48s step=289 queue=9 dmax=1.563 | shoulder_pan.pos=-8.95 shoulder_lift.pos=-0.12 elbow_flex.pos=-29.35 wrist_flex.pos=+100.03 wrist_roll.pos=-7.13 gripper.pos=+5.05
DEBUG 2026-09-03 09:39:38 [action #291] t=11.52s step=290 queue=8 dmax=1.499 | shoulder_pan.pos=-7.46 shoulder_lift.pos=-0.23 elbow_flex.pos=-29.17 wrist_flex.pos=+100.05 wrist_roll.pos=-6.81 gripper.pos=+4.95
DEBUG 2026-09-03 09:39:38 [action #292] t=11.55s step=291 queue=7 dmax=1.369 | shoulder_pan.pos=-6.09 shoulder_lift.pos=-0.03 elbow_flex.pos=-29.08 wrist_flex.pos=+100.15 wrist_roll.pos=-6.71 gripper.pos=+5.08
DEBUG 2026-09-03 09:39:38 [action #293] t=11.58s step=292 queue=6 dmax=1.222 | shoulder_pan.pos=-4.86 shoulder_lift.pos=-0.83 elbow_flex.pos=-28.75 wrist_flex.pos=+100.26 wrist_roll.pos=-6.50 gripper.pos=+5.15
DEBUG 2026-09-03 09:39:38 [action #294] t=11.62s step=293 queue=5 dmax=1.466 | shoulder_pan.pos=-3.40 shoulder_lift.pos=-0.09 elbow_flex.pos=-29.20 wrist_flex.pos=+100.14 wrist_roll.pos=-6.14 gripper.pos=+5.06
DEBUG 2026-09-03 09:39:38 [action #295] t=11.65s step=294 queue=4 dmax=1.442 | shoulder_pan.pos=-1.96 shoulder_lift.pos=-0.87 elbow_flex.pos=-29.22 wrist_flex.pos=+100.23 wrist_roll.pos=-6.06 gripper.pos=+5.08
DEBUG 2026-09-03 09:39:38 [action #296] t=11.68s step=295 queue=3 dmax=1.218 | shoulder_pan.pos=-1.29 shoulder_lift.pos=-0.31 elbow_flex.pos=-28.01 wrist_flex.pos=+100.29 wrist_roll.pos=-5.73 gripper.pos=+4.92
DEBUG 2026-09-03 09:39:38 [action #297] t=11.72s step=296 queue=2 dmax=1.749 | shoulder_pan.pos=+0.46 shoulder_lift.pos=-0.03 elbow_flex.pos=-28.54 wrist_flex.pos=+100.10 wrist_roll.pos=-5.45 gripper.pos=+5.10
DEBUG 2026-09-03 09:39:38 [action #298] t=11.75s step=297 queue=1 dmax=1.279 | shoulder_pan.pos=+1.74 shoulder_lift.pos=-0.11 elbow_flex.pos=-29.34 wrist_flex.pos=+100.06 wrist_roll.pos=-5.27 gripper.pos=+5.17
DEBUG 2026-09-03 09:39:39 [chunk] received 50 actions, timesteps 273..322 | first: shoulder_pan.pos=-43.24 shoulder_lift.pos=+30.56 elbow_flex.pos=-39.44 wrist_flex.pos=+98.61 wrist_roll.pos=-10.87 gripper.pos=+4.59 | last: shoulder_pan.pos=+13.36 shoulder_lift.pos=-3.60 elbow_flex.pos=-27.94 wrist_flex.pos=+101.22 wrist_roll.pos=-4.41 gripper.pos=+4.38
DEBUG 2026-09-03 09:39:39 [action #299] t=11.85s step=298 queue=25 dmax=27.823 | shoulder_pan.pos=-26.08 shoulder_lift.pos=+2.91 elbow_flex.pos=-32.27 wrist_flex.pos=+101.25 wrist_roll.pos=-9.49 gripper.pos=+4.54
DEBUG 2026-09-03 09:39:39 [action #300] t=11.88s step=299 queue=24 dmax=1.485 | shoulder_pan.pos=-24.60 shoulder_lift.pos=+2.33 elbow_flex.pos=-31.81 wrist_flex.pos=+101.19 wrist_roll.pos=-9.25 gripper.pos=+4.54
DEBUG 2026-09-03 09:39:39 [action #301] t=11.92s step=300 queue=23 dmax=1.739 | shoulder_pan.pos=-22.86 shoulder_lift.pos=+1.60 elbow_flex.pos=-31.63 wrist_flex.pos=+101.25 wrist_roll.pos=-9.00 gripper.pos=+4.60
DEBUG 2026-09-03 09:39:39 [action #302] t=11.95s step=301 queue=22 dmax=1.608 | shoulder_pan.pos=-21.25 shoulder_lift.pos=+1.12 elbow_flex.pos=-31.57 wrist_flex.pos=+101.39 wrist_roll.pos=-8.80 gripper.pos=+4.63
DEBUG 2026-09-03 09:39:39 [action #303] t=11.98s step=302 queue=21 dmax=1.557 | shoulder_pan.pos=-19.69 shoulder_lift.pos=+0.43 elbow_flex.pos=-31.18 wrist_flex.pos=+101.54 wrist_roll.pos=-8.46 gripper.pos=+4.55
DEBUG 2026-09-03 09:39:39 [action #304] t=12.02s step=303 queue=20 dmax=1.667 | shoulder_pan.pos=-18.03 shoulder_lift.pos=-0.16 elbow_flex.pos=-31.17 wrist_flex.pos=+101.59 wrist_roll.pos=-8.33 gripper.pos=+4.53
DEBUG 2026-09-03 09:39:39 [action #305] t=12.05s step=304 queue=19 dmax=1.498 | shoulder_pan.pos=-16.53 shoulder_lift.pos=-0.54 elbow_flex.pos=-31.04 wrist_flex.pos=+101.77 wrist_roll.pos=-8.06 gripper.pos=+4.50
DEBUG 2026-09-03 09:39:39 [action #306] t=12.08s step=305 queue=18 dmax=1.422 | shoulder_pan.pos=-15.11 shoulder_lift.pos=-1.34 elbow_flex.pos=-30.63 wrist_flex.pos=+101.80 wrist_roll.pos=-7.85 gripper.pos=+4.49
DEBUG 2026-09-03 09:39:39 [action #307] t=12.12s step=306 queue=17 dmax=1.494 | shoulder_pan.pos=-13.61 shoulder_lift.pos=-2.01 elbow_flex.pos=-30.21 wrist_flex.pos=+101.87 wrist_roll.pos=-7.58 gripper.pos=+4.39
DEBUG 2026-09-03 09:39:39 [action #308] t=12.15s step=307 queue=16 dmax=1.601 | shoulder_pan.pos=-12.01 shoulder_lift.pos=-2.24 elbow_flex.pos=-30.26 wrist_flex.pos=+101.79 wrist_roll.pos=-7.30 gripper.pos=+4.51
DEBUG 2026-09-03 09:39:39 [action #309] t=12.18s step=308 queue=15 dmax=1.499 | shoulder_pan.pos=-10.51 shoulder_lift.pos=-2.95 elbow_flex.pos=-29.93 wrist_flex.pos=+101.90 wrist_roll.pos=-7.00 gripper.pos=+4.50
DEBUG 2026-09-03 09:39:39 [action #310] t=12.22s step=309 queue=14 dmax=1.723 | shoulder_pan.pos=-8.79 shoulder_lift.pos=-3.39 elbow_flex.pos=-29.70 wrist_flex.pos=+101.91 wrist_roll.pos=-6.74 gripper.pos=+4.53
DEBUG 2026-09-03 09:39:39 [action #311] t=12.25s step=310 queue=13 dmax=1.475 | shoulder_pan.pos=-7.31 shoulder_lift.pos=-3.77 elbow_flex.pos=-29.37 wrist_flex.pos=+101.96 wrist_roll.pos=-6.45 gripper.pos=+4.44
DEBUG 2026-09-03 09:39:39 [action #312] t=12.28s step=311 queue=12 dmax=2.128 | shoulder_pan.pos=-5.19 shoulder_lift.pos=-4.04 elbow_flex.pos=-29.40 wrist_flex.pos=+101.87 wrist_roll.pos=-6.25 gripper.pos=+4.49
DEBUG 2026-09-03 09:39:39 [action #313] t=12.32s step=312 queue=11 dmax=1.646 | shoulder_pan.pos=-3.54 shoulder_lift.pos=-4.47 elbow_flex.pos=-29.55 wrist_flex.pos=+102.03 wrist_roll.pos=-5.98 gripper.pos=+4.51
DEBUG 2026-09-03 09:39:39 [action #314] t=12.35s step=313 queue=10 dmax=1.436 | shoulder_pan.pos=-2.10 shoulder_lift.pos=-4.10 elbow_flex.pos=-29.06 wrist_flex.pos=+101.98 wrist_roll.pos=-5.80 gripper.pos=+4.38
DEBUG 2026-09-03 09:39:39 [action #315] t=12.38s step=314 queue=9 dmax=1.917 | shoulder_pan.pos=-0.19 shoulder_lift.pos=-4.07 elbow_flex.pos=-29.05 wrist_flex.pos=+101.95 wrist_roll.pos=-5.56 gripper.pos=+4.37
DEBUG 2026-09-03 09:39:39 [action #316] t=12.42s step=315 queue=8 dmax=1.776 | shoulder_pan.pos=+1.59 shoulder_lift.pos=-4.26 elbow_flex.pos=-29.11 wrist_flex.pos=+101.82 wrist_roll.pos=-5.45 gripper.pos=+4.47
DEBUG 2026-09-03 09:39:39 [action #317] t=12.45s step=316 queue=7 dmax=1.820 | shoulder_pan.pos=+3.41 shoulder_lift.pos=-4.36 elbow_flex.pos=-29.03 wrist_flex.pos=+101.68 wrist_roll.pos=-5.29 gripper.pos=+4.53
DEBUG 2026-09-03 09:39:39 [action #318] t=12.49s step=317 queue=6 dmax=1.840 | shoulder_pan.pos=+5.25 shoulder_lift.pos=-4.34 elbow_flex.pos=-28.96 wrist_flex.pos=+101.75 wrist_roll.pos=-5.22 gripper.pos=+4.42
DEBUG 2026-09-03 09:39:39 [action #319] t=12.52s step=318 queue=5 dmax=1.869 | shoulder_pan.pos=+7.12 shoulder_lift.pos=-4.19 elbow_flex.pos=-28.91 wrist_flex.pos=+101.56 wrist_roll.pos=-5.03 gripper.pos=+4.39
DEBUG 2026-09-03 09:39:39 [action #320] t=12.55s step=319 queue=4 dmax=1.743 | shoulder_pan.pos=+8.86 shoulder_lift.pos=-4.43 elbow_flex.pos=-28.64 wrist_flex.pos=+101.55 wrist_roll.pos=-4.87 gripper.pos=+4.36
DEBUG 2026-09-03 09:39:39 [action #321] t=12.59s step=320 queue=3 dmax=1.898 | shoulder_pan.pos=+10.76 shoulder_lift.pos=-4.05 elbow_flex.pos=-28.55 wrist_flex.pos=+101.31 wrist_roll.pos=-4.62 gripper.pos=+4.44
DEBUG 2026-09-03 09:39:39 [action #322] t=12.62s step=321 queue=2 dmax=1.332 | shoulder_pan.pos=+12.09 shoulder_lift.pos=-3.85 elbow_flex.pos=-28.41 wrist_flex.pos=+101.22 wrist_roll.pos=-4.59 gripper.pos=+4.36
DEBUG 2026-09-03 09:39:39 [action #323] t=12.65s step=322 queue=1 dmax=1.266 | shoulder_pan.pos=+13.36 shoulder_lift.pos=-3.60 elbow_flex.pos=-27.94 wrist_flex.pos=+101.22 wrist_roll.pos=-4.41 gripper.pos=+4.38
DEBUG 2026-09-03 09:39:39 [chunk] received 50 actions, timesteps 297..346 | first: shoulder_pan.pos=+3.63 shoulder_lift.pos=-3.37 elbow_flex.pos=-24.84 wrist_flex.pos=+101.31 wrist_roll.pos=-4.68 gripper.pos=+3.67 | last: shoulder_pan.pos=+33.26 shoulder_lift.pos=+6.58 elbow_flex.pos=-11.24 wrist_flex.pos=+76.70 wrist_roll.pos=+1.47 gripper.pos=+2.85
DEBUG 2026-09-03 09:39:39 [action #324] t=12.72s step=323 queue=24 dmax=15.670 | shoulder_pan.pos=+29.03 shoulder_lift.pos=-4.01 elbow_flex.pos=-13.45 wrist_flex.pos=+85.96 wrist_roll.pos=+1.59 gripper.pos=+2.92
DEBUG 2026-09-03 09:39:39 [action #325] t=12.75s step=324 queue=23 dmax=1.242 | shoulder_pan.pos=+29.35 shoulder_lift.pos=-4.02 elbow_flex.pos=-13.10 wrist_flex.pos=+84.72 wrist_roll.pos=+1.51 gripper.pos=+3.09
DEBUG 2026-09-03 09:39:40 [action #326] t=12.79s step=325 queue=22 dmax=1.161 | shoulder_pan.pos=+29.96 shoulder_lift.pos=-3.73 elbow_flex.pos=-13.14 wrist_flex.pos=+83.56 wrist_roll.pos=+1.50 gripper.pos=+3.10
DEBUG 2026-09-03 09:39:40 [action #327] t=12.82s step=326 queue=21 dmax=1.151 | shoulder_pan.pos=+30.21 shoulder_lift.pos=-3.09 elbow_flex.pos=-13.51 wrist_flex.pos=+82.41 wrist_roll.pos=+1.73 gripper.pos=+3.03
DEBUG 2026-09-03 09:39:40 [action #328] t=12.85s step=327 queue=20 dmax=1.411 | shoulder_pan.pos=+30.71 shoulder_lift.pos=-1.77 elbow_flex.pos=-12.10 wrist_flex.pos=+81.62 wrist_roll.pos=+1.81 gripper.pos=+3.17
DEBUG 2026-09-03 09:39:40 [action #329] t=12.89s step=328 queue=19 dmax=0.872 | shoulder_pan.pos=+30.34 shoulder_lift.pos=-2.44 elbow_flex.pos=-12.18 wrist_flex.pos=+80.75 wrist_roll.pos=+1.72 gripper.pos=+3.00
DEBUG 2026-09-03 09:39:40 [action #330] t=12.92s step=329 queue=18 dmax=0.824 | shoulder_pan.pos=+30.80 shoulder_lift.pos=-1.63 elbow_flex.pos=-12.05 wrist_flex.pos=+79.93 wrist_roll.pos=+1.63 gripper.pos=+2.75
DEBUG 2026-09-03 09:39:40 [action #331] t=12.95s step=330 queue=17 dmax=1.380 | shoulder_pan.pos=+30.83 shoulder_lift.pos=-0.25 elbow_flex.pos=-12.42 wrist_flex.pos=+79.11 wrist_roll.pos=+1.83 gripper.pos=+3.01
DEBUG 2026-09-03 09:39:40 [action #332] t=12.99s step=331 queue=16 dmax=1.333 | shoulder_pan.pos=+31.21 shoulder_lift.pos=-0.52 elbow_flex.pos=-11.08 wrist_flex.pos=+78.30 wrist_roll.pos=+1.83 gripper.pos=+3.05
DEBUG 2026-09-03 09:39:40 [action #333] t=13.02s step=332 queue=15 dmax=0.743 | shoulder_pan.pos=+30.87 shoulder_lift.pos=+0.23 elbow_flex.pos=-11.16 wrist_flex.pos=+77.86 wrist_roll.pos=+1.76 gripper.pos=+2.94
DEBUG 2026-09-03 09:39:40 [action #334] t=13.05s step=333 queue=14 dmax=0.707 | shoulder_pan.pos=+31.08 shoulder_lift.pos=+0.66 elbow_flex.pos=-10.45 wrist_flex.pos=+77.38 wrist_roll.pos=+1.78 gripper.pos=+2.69
DEBUG 2026-09-03 09:39:40 [action #335] t=13.09s step=334 queue=13 dmax=1.027 | shoulder_pan.pos=+31.27 shoulder_lift.pos=+1.68 elbow_flex.pos=-10.85 wrist_flex.pos=+76.74 wrist_roll.pos=+1.77 gripper.pos=+2.90
DEBUG 2026-09-03 09:39:40 [action #336] t=13.12s step=335 queue=12 dmax=0.233 | shoulder_pan.pos=+31.44 shoulder_lift.pos=+1.49 elbow_flex.pos=-10.62 wrist_flex.pos=+76.55 wrist_roll.pos=+1.73 gripper.pos=+3.06
DEBUG 2026-09-03 09:39:40 [action #337] t=13.15s step=336 queue=11 dmax=0.737 | shoulder_pan.pos=+31.48 shoulder_lift.pos=+2.23 elbow_flex.pos=-10.29 wrist_flex.pos=+76.26 wrist_roll.pos=+1.68 gripper.pos=+2.87
DEBUG 2026-09-03 09:39:40 [action #338] t=13.19s step=337 queue=10 dmax=0.311 | shoulder_pan.pos=+31.53 shoulder_lift.pos=+2.41 elbow_flex.pos=-9.98 wrist_flex.pos=+76.36 wrist_roll.pos=+1.60 gripper.pos=+2.84
DEBUG 2026-09-03 09:39:40 [action #339] t=13.22s step=338 queue=9 dmax=0.607 | shoulder_pan.pos=+31.61 shoulder_lift.pos=+3.02 elbow_flex.pos=-9.87 wrist_flex.pos=+76.55 wrist_roll.pos=+1.73 gripper.pos=+2.61
DEBUG 2026-09-03 09:39:40 [action #340] t=13.25s step=339 queue=8 dmax=0.329 | shoulder_pan.pos=+31.66 shoulder_lift.pos=+2.76 elbow_flex.pos=-10.20 wrist_flex.pos=+76.24 wrist_roll.pos=+1.73 gripper.pos=+2.79
DEBUG 2026-09-03 09:39:40 [action #341] t=13.29s step=340 queue=7 dmax=0.587 | shoulder_pan.pos=+32.02 shoulder_lift.pos=+3.23 elbow_flex.pos=-10.79 wrist_flex.pos=+76.29 wrist_roll.pos=+1.72 gripper.pos=+2.75
DEBUG 2026-09-03 09:39:40 [action #342] t=13.32s step=341 queue=6 dmax=0.783 | shoulder_pan.pos=+31.95 shoulder_lift.pos=+4.00 elbow_flex.pos=-10.00 wrist_flex.pos=+76.47 wrist_roll.pos=+1.63 gripper.pos=+2.86
DEBUG 2026-09-03 09:39:40 [action #343] t=13.35s step=342 queue=5 dmax=0.452 | shoulder_pan.pos=+32.40 shoulder_lift.pos=+3.72 elbow_flex.pos=-10.18 wrist_flex.pos=+76.56 wrist_roll.pos=+1.59 gripper.pos=+2.84
DEBUG 2026-09-03 09:39:40 [action #344] t=13.39s step=343 queue=4 dmax=1.096 | shoulder_pan.pos=+32.48 shoulder_lift.pos=+4.82 elbow_flex.pos=-9.64 wrist_flex.pos=+76.47 wrist_roll.pos=+1.59 gripper.pos=+2.77
DEBUG 2026-09-03 09:39:40 [action #345] t=13.42s step=344 queue=3 dmax=1.214 | shoulder_pan.pos=+33.27 shoulder_lift.pos=+4.83 elbow_flex.pos=-10.85 wrist_flex.pos=+76.77 wrist_roll.pos=+1.45 gripper.pos=+2.82
DEBUG 2026-09-03 09:39:40 [chunk] received 50 actions, timesteps 322..371 | first: shoulder_pan.pos=+15.95 shoulder_lift.pos=-5.83 elbow_flex.pos=-22.95 wrist_flex.pos=+98.66 wrist_roll.pos=-3.61 gripper.pos=+3.18 | last: shoulder_pan.pos=+34.11 shoulder_lift.pos=+16.68 elbow_flex.pos=-17.81 wrist_flex.pos=+69.65 wrist_roll.pos=+0.27 gripper.pos=+2.90
DEBUG 2026-09-03 09:39:40 [action #346] t=13.46s step=345 queue=27 dmax=6.871 | shoulder_pan.pos=+33.39 shoulder_lift.pos=-2.04 elbow_flex.pos=-10.20 wrist_flex.pos=+79.97 wrist_roll.pos=+0.90 gripper.pos=+2.97
DEBUG 2026-09-03 09:39:40 [action #347] t=13.49s step=346 queue=26 dmax=0.832 | shoulder_pan.pos=+33.56 shoulder_lift.pos=-1.21 elbow_flex.pos=-10.30 wrist_flex.pos=+79.66 wrist_roll.pos=+0.91 gripper.pos=+3.19
DEBUG 2026-09-03 09:39:40 [action #348] t=13.52s step=347 queue=25 dmax=2.538 | shoulder_pan.pos=+33.80 shoulder_lift.pos=-3.75 elbow_flex.pos=-9.92 wrist_flex.pos=+79.72 wrist_roll.pos=+0.68 gripper.pos=+3.29
DEBUG 2026-09-03 09:39:40 [action #349] t=13.56s step=348 queue=24 dmax=0.795 | shoulder_pan.pos=+34.15 shoulder_lift.pos=-2.95 elbow_flex.pos=-9.76 wrist_flex.pos=+78.98 wrist_roll.pos=+0.72 gripper.pos=+3.17
DEBUG 2026-09-03 09:39:40 [action #350] t=13.59s step=349 queue=23 dmax=1.065 | shoulder_pan.pos=+34.06 shoulder_lift.pos=-1.89 elbow_flex.pos=-10.30 wrist_flex.pos=+78.25 wrist_roll.pos=+0.61 gripper.pos=+3.24
DEBUG 2026-09-03 09:39:40 [action #351] t=13.62s step=350 queue=22 dmax=0.632 | shoulder_pan.pos=+33.89 shoulder_lift.pos=-1.26 elbow_flex.pos=-10.93 wrist_flex.pos=+77.94 wrist_roll.pos=+0.65 gripper.pos=+3.20
DEBUG 2026-09-03 09:39:40 [action #352] t=13.66s step=351 queue=21 dmax=1.064 | shoulder_pan.pos=+33.86 shoulder_lift.pos=-0.19 elbow_flex.pos=-11.31 wrist_flex.pos=+77.40 wrist_roll.pos=+0.60 gripper.pos=+3.20
DEBUG 2026-09-03 09:39:40 [action #353] t=13.69s step=352 queue=20 dmax=1.427 | shoulder_pan.pos=+33.95 shoulder_lift.pos=+1.23 elbow_flex.pos=-12.02 wrist_flex.pos=+77.03 wrist_roll.pos=+0.59 gripper.pos=+3.08
DEBUG 2026-09-03 09:39:40 [action #354] t=13.72s step=353 queue=19 dmax=1.085 | shoulder_pan.pos=+33.68 shoulder_lift.pos=+2.32 elbow_flex.pos=-12.29 wrist_flex.pos=+76.58 wrist_roll.pos=+0.64 gripper.pos=+3.40
DEBUG 2026-09-03 09:39:40 [action #355] t=13.76s step=354 queue=18 dmax=0.964 | shoulder_pan.pos=+33.86 shoulder_lift.pos=+3.28 elbow_flex.pos=-12.54 wrist_flex.pos=+76.22 wrist_roll.pos=+0.56 gripper.pos=+3.23
DEBUG 2026-09-03 09:39:41 [action #356] t=13.79s step=355 queue=17 dmax=0.784 | shoulder_pan.pos=+33.53 shoulder_lift.pos=+4.07 elbow_flex.pos=-12.93 wrist_flex.pos=+75.69 wrist_roll.pos=+0.67 gripper.pos=+3.27
DEBUG 2026-09-03 09:39:41 [action #357] t=13.82s step=356 queue=16 dmax=1.720 | shoulder_pan.pos=+33.74 shoulder_lift.pos=+5.79 elbow_flex.pos=-13.55 wrist_flex.pos=+75.38 wrist_roll.pos=+0.63 gripper.pos=+3.05
DEBUG 2026-09-03 09:39:41 [action #358] t=13.86s step=357 queue=15 dmax=0.910 | shoulder_pan.pos=+33.48 shoulder_lift.pos=+6.70 elbow_flex.pos=-13.99 wrist_flex.pos=+74.94 wrist_roll.pos=+0.57 gripper.pos=+3.19
DEBUG 2026-09-03 09:39:41 [action #359] t=13.89s step=358 queue=14 dmax=0.609 | shoulder_pan.pos=+33.71 shoulder_lift.pos=+6.65 elbow_flex.pos=-13.82 wrist_flex.pos=+74.33 wrist_roll.pos=+0.57 gripper.pos=+3.20
DEBUG 2026-09-03 09:39:41 [action #360] t=13.92s step=359 queue=13 dmax=0.859 | shoulder_pan.pos=+33.59 shoulder_lift.pos=+7.51 elbow_flex.pos=-14.35 wrist_flex.pos=+73.87 wrist_roll.pos=+0.70 gripper.pos=+3.28
DEBUG 2026-09-03 09:39:41 [action #361] t=13.96s step=360 queue=12 dmax=0.566 | shoulder_pan.pos=+33.55 shoulder_lift.pos=+8.07 elbow_flex.pos=-14.51 wrist_flex.pos=+73.37 wrist_roll.pos=+0.57 gripper.pos=+3.19
DEBUG 2026-09-03 09:39:41 [action #362] t=13.99s step=361 queue=11 dmax=1.188 | shoulder_pan.pos=+33.84 shoulder_lift.pos=+9.26 elbow_flex.pos=-15.50 wrist_flex.pos=+72.86 wrist_roll.pos=+0.53 gripper.pos=+3.19
DEBUG 2026-09-03 09:39:41 [action #363] t=14.02s step=362 queue=10 dmax=0.632 | shoulder_pan.pos=+33.86 shoulder_lift.pos=+9.85 elbow_flex.pos=-14.87 wrist_flex.pos=+72.25 wrist_roll.pos=+0.53 gripper.pos=+3.16
DEBUG 2026-09-03 09:39:41 [action #364] t=14.06s step=363 queue=9 dmax=0.628 | shoulder_pan.pos=+33.84 shoulder_lift.pos=+10.27 elbow_flex.pos=-15.50 wrist_flex.pos=+71.85 wrist_roll.pos=+0.57 gripper.pos=+3.03
DEBUG 2026-09-03 09:39:41 [action #365] t=14.09s step=364 queue=8 dmax=0.717 | shoulder_pan.pos=+33.68 shoulder_lift.pos=+10.99 elbow_flex.pos=-15.64 wrist_flex.pos=+71.44 wrist_roll.pos=+0.58 gripper.pos=+3.08
DEBUG 2026-09-03 09:39:41 [action #366] t=14.12s step=365 queue=7 dmax=1.039 | shoulder_pan.pos=+33.72 shoulder_lift.pos=+11.81 elbow_flex.pos=-16.68 wrist_flex.pos=+71.12 wrist_roll.pos=+0.41 gripper.pos=+3.03
DEBUG 2026-09-03 09:39:41 [action #367] t=14.16s step=366 queue=6 dmax=0.843 | shoulder_pan.pos=+33.85 shoulder_lift.pos=+12.65 elbow_flex.pos=-16.59 wrist_flex.pos=+70.76 wrist_roll.pos=+0.36 gripper.pos=+3.09
DEBUG 2026-09-03 09:39:41 [action #368] t=14.19s step=367 queue=5 dmax=0.940 | shoulder_pan.pos=+33.89 shoulder_lift.pos=+13.59 elbow_flex.pos=-16.79 wrist_flex.pos=+70.54 wrist_roll.pos=+0.48 gripper.pos=+3.05
DEBUG 2026-09-03 09:39:41 [action #369] t=14.22s step=368 queue=4 dmax=0.951 | shoulder_pan.pos=+33.95 shoulder_lift.pos=+14.54 elbow_flex.pos=-17.10 wrist_flex.pos=+70.15 wrist_roll.pos=+0.42 gripper.pos=+2.98
DEBUG 2026-09-03 09:39:41 [chunk] received 50 actions, timesteps 343..392 | first: shoulder_pan.pos=+32.01 shoulder_lift.pos=+2.60 elbow_flex.pos=-7.85 wrist_flex.pos=+74.92 wrist_roll.pos=+0.97 gripper.pos=+3.51 | last: shoulder_pan.pos=+25.67 shoulder_lift.pos=+2.35 elbow_flex.pos=-11.58 wrist_flex.pos=+87.38 wrist_roll.pos=+3.10 gripper.pos=+32.72
DEBUG 2026-09-03 09:39:41 [action #370] t=14.26s step=369 queue=24 dmax=14.000 | shoulder_pan.pos=+34.84 shoulder_lift.pos=+13.59 elbow_flex.pos=-12.61 wrist_flex.pos=+68.78 wrist_roll.pos=+1.30 gripper.pos=+16.98
DEBUG 2026-09-03 09:39:41 [action #371] t=14.29s step=370 queue=23 dmax=2.731 | shoulder_pan.pos=+34.84 shoulder_lift.pos=+14.11 elbow_flex.pos=-12.94 wrist_flex.pos=+69.06 wrist_roll.pos=+1.40 gripper.pos=+19.71
DEBUG 2026-09-03 09:39:41 [action #372] t=14.33s step=371 queue=22 dmax=1.757 | shoulder_pan.pos=+34.95 shoulder_lift.pos=+14.73 elbow_flex.pos=-13.00 wrist_flex.pos=+69.32 wrist_roll.pos=+1.49 gripper.pos=+21.47
DEBUG 2026-09-03 09:39:41 [action #373] t=14.36s step=372 queue=21 dmax=9.189 | shoulder_pan.pos=+34.87 shoulder_lift.pos=+14.25 elbow_flex.pos=-10.86 wrist_flex.pos=+69.42 wrist_roll.pos=+2.15 gripper.pos=+30.66
DEBUG 2026-09-03 09:39:41 [action #374] t=14.39s step=373 queue=20 dmax=0.586 | shoulder_pan.pos=+34.94 shoulder_lift.pos=+14.51 elbow_flex.pos=-10.81 wrist_flex.pos=+69.83 wrist_roll.pos=+2.23 gripper.pos=+31.24
DEBUG 2026-09-03 09:39:41 [action #375] t=14.43s step=374 queue=19 dmax=0.388 | shoulder_pan.pos=+35.02 shoulder_lift.pos=+14.49 elbow_flex.pos=-11.14 wrist_flex.pos=+70.22 wrist_roll.pos=+2.43 gripper.pos=+31.37
DEBUG 2026-09-03 09:39:41 [action #376] t=14.46s step=375 queue=18 dmax=0.418 | shoulder_pan.pos=+34.78 shoulder_lift.pos=+14.67 elbow_flex.pos=-11.05 wrist_flex.pos=+70.63 wrist_roll.pos=+2.52 gripper.pos=+31.32
DEBUG 2026-09-03 09:39:41 [action #377] t=14.49s step=376 queue=17 dmax=0.391 | shoulder_pan.pos=+34.67 shoulder_lift.pos=+15.06 elbow_flex.pos=-11.19 wrist_flex.pos=+71.01 wrist_roll.pos=+2.59 gripper.pos=+31.19
DEBUG 2026-09-03 09:39:41 [action #378] t=14.53s step=377 queue=16 dmax=0.434 | shoulder_pan.pos=+34.41 shoulder_lift.pos=+15.00 elbow_flex.pos=-11.50 wrist_flex.pos=+71.44 wrist_roll.pos=+2.64 gripper.pos=+30.94
DEBUG 2026-09-03 09:39:41 [action #379] t=14.56s step=378 queue=15 dmax=0.559 | shoulder_pan.pos=+34.37 shoulder_lift.pos=+14.97 elbow_flex.pos=-11.61 wrist_flex.pos=+72.00 wrist_roll.pos=+2.69 gripper.pos=+31.10
DEBUG 2026-09-03 09:39:41 [action #380] t=14.59s step=379 queue=14 dmax=0.670 | shoulder_pan.pos=+34.03 shoulder_lift.pos=+15.25 elbow_flex.pos=-11.90 wrist_flex.pos=+72.67 wrist_roll.pos=+2.79 gripper.pos=+31.14
DEBUG 2026-09-03 09:39:41 [action #381] t=14.63s step=380 queue=13 dmax=0.749 | shoulder_pan.pos=+33.83 shoulder_lift.pos=+15.13 elbow_flex.pos=-11.91 wrist_flex.pos=+73.42 wrist_roll.pos=+2.77 gripper.pos=+31.23
DEBUG 2026-09-03 09:39:41 [action #382] t=14.66s step=381 queue=12 dmax=0.834 | shoulder_pan.pos=+33.53 shoulder_lift.pos=+15.13 elbow_flex.pos=-12.11 wrist_flex.pos=+74.25 wrist_roll.pos=+2.75 gripper.pos=+31.35
DEBUG 2026-09-03 09:39:41 [action #383] t=14.69s step=382 queue=11 dmax=1.012 | shoulder_pan.pos=+33.13 shoulder_lift.pos=+14.60 elbow_flex.pos=-12.31 wrist_flex.pos=+75.27 wrist_roll.pos=+2.75 gripper.pos=+31.17
DEBUG 2026-09-03 09:39:41 [action #384] t=14.73s step=383 queue=10 dmax=1.043 | shoulder_pan.pos=+32.68 shoulder_lift.pos=+14.10 elbow_flex.pos=-12.66 wrist_flex.pos=+76.31 wrist_roll.pos=+2.79 gripper.pos=+31.31
DEBUG 2026-09-03 09:39:41 [action #385] t=14.76s step=384 queue=9 dmax=1.213 | shoulder_pan.pos=+32.12 shoulder_lift.pos=+13.37 elbow_flex.pos=-12.95 wrist_flex.pos=+77.52 wrist_roll.pos=+2.83 gripper.pos=+31.37
DEBUG 2026-09-03 09:39:42 [action #386] t=14.79s step=385 queue=8 dmax=1.177 | shoulder_pan.pos=+31.51 shoulder_lift.pos=+12.61 elbow_flex.pos=-12.94 wrist_flex.pos=+78.70 wrist_roll.pos=+2.85 gripper.pos=+31.63
DEBUG 2026-09-03 09:39:42 [action #387] t=14.83s step=386 queue=7 dmax=1.331 | shoulder_pan.pos=+30.84 shoulder_lift.pos=+11.52 elbow_flex.pos=-13.20 wrist_flex.pos=+80.03 wrist_roll.pos=+2.92 gripper.pos=+31.81
DEBUG 2026-09-03 09:39:42 [action #388] t=14.86s step=387 queue=6 dmax=1.238 | shoulder_pan.pos=+30.00 shoulder_lift.pos=+10.32 elbow_flex.pos=-13.02 wrist_flex.pos=+81.27 wrist_roll.pos=+2.94 gripper.pos=+31.86
DEBUG 2026-09-03 09:39:42 [action #389] t=14.89s step=388 queue=5 dmax=1.370 | shoulder_pan.pos=+29.28 shoulder_lift.pos=+8.95 elbow_flex.pos=-12.85 wrist_flex.pos=+82.52 wrist_roll.pos=+3.00 gripper.pos=+32.15
DEBUG 2026-09-03 09:39:42 [action #390] t=14.93s step=389 queue=4 dmax=1.524 | shoulder_pan.pos=+28.35 shoulder_lift.pos=+7.43 elbow_flex.pos=-12.65 wrist_flex.pos=+83.85 wrist_roll.pos=+3.02 gripper.pos=+32.33
DEBUG 2026-09-03 09:39:42 [action #391] t=14.96s step=390 queue=3 dmax=1.443 | shoulder_pan.pos=+27.48 shoulder_lift.pos=+5.98 elbow_flex.pos=-12.41 wrist_flex.pos=+85.00 wrist_roll.pos=+3.01 gripper.pos=+32.49
DEBUG 2026-09-03 09:39:42 [action #392] t=14.99s step=391 queue=2 dmax=1.758 | shoulder_pan.pos=+26.62 shoulder_lift.pos=+4.22 elbow_flex.pos=-11.67 wrist_flex.pos=+86.11 wrist_roll.pos=+3.00 gripper.pos=+32.55
DEBUG 2026-09-03 09:39:42 [action #393] t=15.03s step=392 queue=1 dmax=1.875 | shoulder_pan.pos=+25.67 shoulder_lift.pos=+2.35 elbow_flex.pos=-11.58 wrist_flex.pos=+87.38 wrist_roll.pos=+3.10 gripper.pos=+32.72
DEBUG 2026-09-03 09:39:42 [chunk] received 50 actions, timesteps 368..417 | first: shoulder_pan.pos=+33.50 shoulder_lift.pos=+10.28 elbow_flex.pos=-11.01 wrist_flex.pos=+70.70 wrist_roll.pos=+1.00 gripper.pos=+4.01 | last: shoulder_pan.pos=+13.25 shoulder_lift.pos=-14.90 elbow_flex.pos=-6.33 wrist_flex.pos=+92.97 wrist_roll.pos=+2.69 gripper.pos=+4.82
DEBUG 2026-09-03 09:39:42 [action #394] t=15.19s step=393 queue=25 dmax=14.856 | shoulder_pan.pos=+34.94 shoulder_lift.pos=+12.97 elbow_flex.pos=-8.87 wrist_flex.pos=+72.53 wrist_roll.pos=+2.04 gripper.pos=+27.13
DEBUG 2026-09-03 09:39:42 [action #395] t=15.23s step=394 queue=24 dmax=0.868 | shoulder_pan.pos=+34.44 shoulder_lift.pos=+12.89 elbow_flex.pos=-9.57 wrist_flex.pos=+73.39 wrist_roll.pos=+2.18 gripper.pos=+27.44
DEBUG 2026-09-03 09:39:42 [action #396] t=15.26s step=395 queue=23 dmax=0.972 | shoulder_pan.pos=+33.63 shoulder_lift.pos=+11.99 elbow_flex.pos=-9.05 wrist_flex.pos=+74.37 wrist_roll.pos=+2.09 gripper.pos=+27.71
DEBUG 2026-09-03 09:39:42 [action #397] t=15.30s step=396 queue=22 dmax=1.212 | shoulder_pan.pos=+33.21 shoulder_lift.pos=+11.37 elbow_flex.pos=-9.89 wrist_flex.pos=+75.58 wrist_roll.pos=+2.19 gripper.pos=+27.97
DEBUG 2026-09-03 09:39:42 [action #398] t=15.33s step=397 queue=21 dmax=1.429 | shoulder_pan.pos=+32.32 shoulder_lift.pos=+9.94 elbow_flex.pos=-9.81 wrist_flex.pos=+76.81 wrist_roll.pos=+2.18 gripper.pos=+28.34
DEBUG 2026-09-03 09:39:42 [action #399] t=15.36s step=398 queue=20 dmax=1.000 | shoulder_pan.pos=+31.75 shoulder_lift.pos=+9.52 elbow_flex.pos=-10.36 wrist_flex.pos=+77.81 wrist_roll.pos=+2.19 gripper.pos=+28.99
DEBUG 2026-09-03 09:39:42 [action #400] t=15.40s step=399 queue=19 dmax=1.330 | shoulder_pan.pos=+31.04 shoulder_lift.pos=+9.18 elbow_flex.pos=-10.91 wrist_flex.pos=+79.14 wrist_roll.pos=+2.31 gripper.pos=+29.43
DEBUG 2026-09-03 09:39:42 [action #401] t=15.43s step=400 queue=18 dmax=1.080 | shoulder_pan.pos=+30.48 shoulder_lift.pos=+8.32 elbow_flex.pos=-10.92 wrist_flex.pos=+80.22 wrist_roll.pos=+2.33 gripper.pos=+29.96
DEBUG 2026-09-03 09:39:42 [action #402] t=15.46s step=401 queue=17 dmax=1.518 | shoulder_pan.pos=+29.69 shoulder_lift.pos=+7.11 elbow_flex.pos=-11.20 wrist_flex.pos=+81.74 wrist_roll.pos=+2.37 gripper.pos=+30.08
DEBUG 2026-09-03 09:39:42 [action #403] t=15.50s step=402 queue=16 dmax=1.390 | shoulder_pan.pos=+28.53 shoulder_lift.pos=+5.76 elbow_flex.pos=-11.79 wrist_flex.pos=+83.13 wrist_roll.pos=+2.48 gripper.pos=+30.21
DEBUG 2026-09-03 09:39:42 [action #404] t=15.53s step=403 queue=15 dmax=1.618 | shoulder_pan.pos=+27.96 shoulder_lift.pos=+4.14 elbow_flex.pos=-12.45 wrist_flex.pos=+84.60 wrist_roll.pos=+2.56 gripper.pos=+30.12
DEBUG 2026-09-03 09:39:42 [action #405] t=15.56s step=404 queue=14 dmax=1.520 | shoulder_pan.pos=+26.88 shoulder_lift.pos=+3.38 elbow_flex.pos=-12.04 wrist_flex.pos=+86.12 wrist_roll.pos=+2.62 gripper.pos=+30.15
DEBUG 2026-09-03 09:39:42 [action #406] t=15.60s step=405 queue=13 dmax=1.664 | shoulder_pan.pos=+25.87 shoulder_lift.pos=+2.43 elbow_flex.pos=-12.70 wrist_flex.pos=+87.79 wrist_roll.pos=+2.70 gripper.pos=+30.22
DEBUG 2026-09-03 09:39:42 [action #407] t=15.63s step=406 queue=12 dmax=1.475 | shoulder_pan.pos=+25.02 shoulder_lift.pos=+1.06 elbow_flex.pos=-12.87 wrist_flex.pos=+89.26 wrist_roll.pos=+2.52 gripper.pos=+30.45
DEBUG 2026-09-03 09:39:42 [action #408] t=15.66s step=407 queue=11 dmax=1.295 | shoulder_pan.pos=+24.28 shoulder_lift.pos=-0.13 elbow_flex.pos=-12.70 wrist_flex.pos=+90.56 wrist_roll.pos=+2.54 gripper.pos=+30.64
DEBUG 2026-09-03 09:39:42 [action #409] t=15.70s step=408 queue=10 dmax=1.640 | shoulder_pan.pos=+23.16 shoulder_lift.pos=-1.77 elbow_flex.pos=-12.93 wrist_flex.pos=+91.66 wrist_roll.pos=+2.54 gripper.pos=+30.92
DEBUG 2026-09-03 09:39:42 [action #410] t=15.73s step=409 queue=9 dmax=1.150 | shoulder_pan.pos=+22.62 shoulder_lift.pos=-2.92 elbow_flex.pos=-12.74 wrist_flex.pos=+92.31 wrist_roll.pos=+2.56 gripper.pos=+31.10
DEBUG 2026-09-03 09:39:42 [action #411] t=15.76s step=410 queue=8 dmax=1.148 | shoulder_pan.pos=+21.80 shoulder_lift.pos=-4.07 elbow_flex.pos=-12.42 wrist_flex.pos=+93.03 wrist_roll.pos=+2.60 gripper.pos=+31.13
DEBUG 2026-09-03 09:39:43 [action #412] t=15.80s step=411 queue=7 dmax=1.344 | shoulder_pan.pos=+20.77 shoulder_lift.pos=-5.42 elbow_flex.pos=-12.08 wrist_flex.pos=+93.28 wrist_roll.pos=+2.67 gripper.pos=+30.79
DEBUG 2026-09-03 09:39:43 [action #413] t=15.83s step=412 queue=6 dmax=1.898 | shoulder_pan.pos=+19.72 shoulder_lift.pos=-7.31 elbow_flex.pos=-11.43 wrist_flex.pos=+93.54 wrist_roll.pos=+2.78 gripper.pos=+28.99
DEBUG 2026-09-03 09:39:43 [action #414] t=15.86s step=413 queue=5 dmax=3.760 | shoulder_pan.pos=+18.47 shoulder_lift.pos=-8.37 elbow_flex.pos=-10.51 wrist_flex.pos=+93.74 wrist_roll.pos=+2.79 gripper.pos=+25.23
DEBUG 2026-09-03 09:39:43 [action #415] t=15.90s step=414 queue=4 dmax=5.542 | shoulder_pan.pos=+17.36 shoulder_lift.pos=-9.81 elbow_flex.pos=-9.76 wrist_flex.pos=+93.62 wrist_roll.pos=+2.69 gripper.pos=+19.69
DEBUG 2026-09-03 09:39:43 [action #416] t=15.93s step=415 queue=3 dmax=5.319 | shoulder_pan.pos=+15.90 shoulder_lift.pos=-11.26 elbow_flex.pos=-9.18 wrist_flex.pos=+93.47 wrist_roll.pos=+2.61 gripper.pos=+14.37
DEBUG 2026-09-03 09:39:43 [action #417] t=15.96s step=416 queue=2 dmax=5.567 | shoulder_pan.pos=+14.43 shoulder_lift.pos=-13.34 elbow_flex.pos=-7.72 wrist_flex.pos=+93.41 wrist_roll.pos=+2.69 gripper.pos=+8.81
DEBUG 2026-09-03 09:39:43 [action #418] t=16.00s step=417 queue=1 dmax=3.989 | shoulder_pan.pos=+13.25 shoulder_lift.pos=-14.90 elbow_flex.pos=-6.33 wrist_flex.pos=+92.97 wrist_roll.pos=+2.69 gripper.pos=+4.82
DEBUG 2026-09-03 09:39:43 [chunk] received 50 actions, timesteps 392..441 | first: shoulder_pan.pos=+25.88 shoulder_lift.pos=-2.56 elbow_flex.pos=-9.56 wrist_flex.pos=+88.82 wrist_roll.pos=+3.02 gripper.pos=+32.34 | last: shoulder_pan.pos=-2.91 shoulder_lift.pos=-80.04 elbow_flex.pos=+63.85 wrist_flex.pos=+72.56 wrist_roll.pos=+2.34 gripper.pos=+0.51
DEBUG 2026-09-03 09:39:43 [action #419] t=16.10s step=418 queue=24 dmax=28.013 | shoulder_pan.pos=+1.97 shoulder_lift.pos=-42.91 elbow_flex.pos=+21.53 wrist_flex.pos=+91.77 wrist_roll.pos=+2.06 gripper.pos=+0.37
DEBUG 2026-09-03 09:39:43 [action #420] t=16.13s step=419 queue=23 dmax=1.578 | shoulder_pan.pos=+1.44 shoulder_lift.pos=-44.21 elbow_flex.pos=+23.11 wrist_flex.pos=+91.04 wrist_roll.pos=+2.07 gripper.pos=+0.21
DEBUG 2026-09-03 09:39:43 [action #421] t=16.16s step=420 queue=22 dmax=2.655 | shoulder_pan.pos=+0.85 shoulder_lift.pos=-46.42 elbow_flex.pos=+25.76 wrist_flex.pos=+90.08 wrist_roll.pos=+2.03 gripper.pos=+0.11
DEBUG 2026-09-03 09:39:43 [action #422] t=16.20s step=421 queue=21 dmax=1.843 | shoulder_pan.pos=+0.55 shoulder_lift.pos=-48.19 elbow_flex.pos=+27.61 wrist_flex.pos=+88.91 wrist_roll.pos=+2.01 gripper.pos=-0.02
DEBUG 2026-09-03 09:39:43 [action #423] t=16.23s step=422 queue=20 dmax=2.240 | shoulder_pan.pos=+0.06 shoulder_lift.pos=-50.33 elbow_flex.pos=+29.85 wrist_flex.pos=+87.82 wrist_roll.pos=+2.04 gripper.pos=-0.12
DEBUG 2026-09-03 09:39:43 [action #424] t=16.26s step=423 queue=19 dmax=2.326 | shoulder_pan.pos=-0.29 shoulder_lift.pos=-52.01 elbow_flex.pos=+32.17 wrist_flex.pos=+86.87 wrist_roll.pos=+2.17 gripper.pos=-0.02
DEBUG 2026-09-03 09:39:43 [action #425] t=16.30s step=424 queue=18 dmax=1.636 | shoulder_pan.pos=-0.47 shoulder_lift.pos=-53.51 elbow_flex.pos=+33.81 wrist_flex.pos=+86.09 wrist_roll.pos=+2.17 gripper.pos=+0.16
DEBUG 2026-09-03 09:39:43 [action #426] t=16.33s step=425 queue=17 dmax=2.585 | shoulder_pan.pos=-0.58 shoulder_lift.pos=-55.61 elbow_flex.pos=+36.39 wrist_flex.pos=+85.04 wrist_roll.pos=+2.04 gripper.pos=+0.15
DEBUG 2026-09-03 09:39:43 [action #427] t=16.36s step=426 queue=16 dmax=2.030 | shoulder_pan.pos=-0.87 shoulder_lift.pos=-57.64 elbow_flex.pos=+38.24 wrist_flex.pos=+83.92 wrist_roll.pos=+2.22 gripper.pos=+0.21
DEBUG 2026-09-03 09:39:43 [action #428] t=16.40s step=427 queue=15 dmax=2.203 | shoulder_pan.pos=-0.91 shoulder_lift.pos=-59.18 elbow_flex.pos=+40.44 wrist_flex.pos=+82.81 wrist_roll.pos=+2.13 gripper.pos=+0.24
DEBUG 2026-09-03 09:39:43 [action #429] t=16.43s step=428 queue=14 dmax=2.249 | shoulder_pan.pos=-1.04 shoulder_lift.pos=-60.89 elbow_flex.pos=+42.69 wrist_flex.pos=+81.82 wrist_roll.pos=+2.26 gripper.pos=+0.24
DEBUG 2026-09-03 09:39:43 [action #430] t=16.47s step=429 queue=13 dmax=2.329 | shoulder_pan.pos=-1.14 shoulder_lift.pos=-62.99 elbow_flex.pos=+45.02 wrist_flex.pos=+80.86 wrist_roll.pos=+2.14 gripper.pos=+0.27
DEBUG 2026-09-03 09:39:43 [action #431] t=16.50s step=430 queue=12 dmax=1.864 | shoulder_pan.pos=-1.48 shoulder_lift.pos=-64.35 elbow_flex.pos=+46.88 wrist_flex.pos=+80.12 wrist_roll.pos=+2.14 gripper.pos=+0.37
DEBUG 2026-09-03 09:39:43 [action #432] t=16.53s step=431 queue=11 dmax=2.398 | shoulder_pan.pos=-1.98 shoulder_lift.pos=-66.42 elbow_flex.pos=+49.28 wrist_flex.pos=+79.33 wrist_roll.pos=+2.22 gripper.pos=+0.33
DEBUG 2026-09-03 09:39:43 [action #433] t=16.57s step=432 queue=10 dmax=1.270 | shoulder_pan.pos=-2.32 shoulder_lift.pos=-67.69 elbow_flex.pos=+50.33 wrist_flex.pos=+78.69 wrist_roll.pos=+2.20 gripper.pos=+0.40
DEBUG 2026-09-03 09:39:43 [action #434] t=16.60s step=433 queue=9 dmax=1.767 | shoulder_pan.pos=-2.54 shoulder_lift.pos=-69.27 elbow_flex.pos=+52.10 wrist_flex.pos=+78.22 wrist_roll.pos=+2.14 gripper.pos=+0.40
DEBUG 2026-09-03 09:39:43 [action #435] t=16.63s step=434 queue=8 dmax=1.842 | shoulder_pan.pos=-2.98 shoulder_lift.pos=-70.78 elbow_flex.pos=+53.94 wrist_flex.pos=+77.33 wrist_roll.pos=+2.20 gripper.pos=+0.40
DEBUG 2026-09-03 09:39:43 [action #436] t=16.67s step=435 queue=7 dmax=1.575 | shoulder_pan.pos=-3.25 shoulder_lift.pos=-71.83 elbow_flex.pos=+55.52 wrist_flex.pos=+76.50 wrist_roll.pos=+2.10 gripper.pos=+0.38
DEBUG 2026-09-03 09:39:43 [action #437] t=16.70s step=436 queue=6 dmax=1.525 | shoulder_pan.pos=-3.30 shoulder_lift.pos=-73.35 elbow_flex.pos=+57.03 wrist_flex.pos=+75.17 wrist_roll.pos=+2.30 gripper.pos=+0.39
DEBUG 2026-09-03 09:39:43 [action #438] t=16.73s step=437 queue=5 dmax=1.775 | shoulder_pan.pos=-3.52 shoulder_lift.pos=-74.20 elbow_flex.pos=+58.80 wrist_flex.pos=+74.42 wrist_roll.pos=+2.20 gripper.pos=+0.41
DEBUG 2026-09-03 09:39:43 [action #439] t=16.77s step=438 queue=4 dmax=1.719 | shoulder_pan.pos=-3.14 shoulder_lift.pos=-75.85 elbow_flex.pos=+60.52 wrist_flex.pos=+73.53 wrist_roll.pos=+2.30 gripper.pos=+0.43
DEBUG 2026-09-03 09:39:44 [action #440] t=16.80s step=439 queue=3 dmax=1.389 | shoulder_pan.pos=-3.22 shoulder_lift.pos=-77.24 elbow_flex.pos=+61.77 wrist_flex.pos=+73.09 wrist_roll.pos=+2.20 gripper.pos=+0.52
DEBUG 2026-09-03 09:39:44 [action #441] t=16.83s step=440 queue=2 dmax=1.816 | shoulder_pan.pos=-3.09 shoulder_lift.pos=-78.59 elbow_flex.pos=+63.58 wrist_flex.pos=+72.79 wrist_roll.pos=+2.31 gripper.pos=+0.50
DEBUG 2026-09-03 09:39:44 [action #442] t=16.87s step=441 queue=1 dmax=1.442 | shoulder_pan.pos=-2.91 shoulder_lift.pos=-80.04 elbow_flex.pos=+63.85 wrist_flex.pos=+72.56 wrist_roll.pos=+2.34 gripper.pos=+0.51
DEBUG 2026-09-03 09:39:44 [chunk] received 50 actions, timesteps 417..466 | first: shoulder_pan.pos=+11.90 shoulder_lift.pos=-13.43 elbow_flex.pos=-7.38 wrist_flex.pos=+101.66 wrist_roll.pos=+1.70 gripper.pos=+5.69 | last: shoulder_pan.pos=-6.51 shoulder_lift.pos=-108.10 elbow_flex.pos=+82.05 wrist_flex.pos=+80.43 wrist_roll.pos=+1.91 gripper.pos=+0.38
DEBUG 2026-09-03 09:39:44 [action #443] t=16.90s step=442 queue=25 dmax=16.982 | shoulder_pan.pos=-4.89 shoulder_lift.pos=-65.82 elbow_flex.pos=+46.86 wrist_flex.pos=+80.68 wrist_roll.pos=+0.80 gripper.pos=+0.63
DEBUG 2026-09-03 09:39:44 [action #444] t=16.93s step=443 queue=24 dmax=2.166 | shoulder_pan.pos=-4.80 shoulder_lift.pos=-67.99 elbow_flex.pos=+48.59 wrist_flex.pos=+80.01 wrist_roll.pos=+0.81 gripper.pos=+0.85
DEBUG 2026-09-03 09:39:44 [action #445] t=16.97s step=444 queue=23 dmax=2.356 | shoulder_pan.pos=-4.83 shoulder_lift.pos=-70.12 elbow_flex.pos=+50.94 wrist_flex.pos=+79.52 wrist_roll.pos=+0.63 gripper.pos=+0.66
DEBUG 2026-09-03 09:39:44 [action #446] t=17.00s step=445 queue=22 dmax=2.317 | shoulder_pan.pos=-4.85 shoulder_lift.pos=-72.44 elbow_flex.pos=+52.33 wrist_flex.pos=+78.94 wrist_roll.pos=+0.77 gripper.pos=+0.68
DEBUG 2026-09-03 09:39:44 [action #447] t=17.03s step=446 queue=21 dmax=1.398 | shoulder_pan.pos=-4.61 shoulder_lift.pos=-73.83 elbow_flex.pos=+53.58 wrist_flex.pos=+78.34 wrist_roll.pos=+0.70 gripper.pos=+0.82
DEBUG 2026-09-03 09:39:44 [action #448] t=17.07s step=447 queue=20 dmax=2.822 | shoulder_pan.pos=-4.59 shoulder_lift.pos=-76.66 elbow_flex.pos=+55.92 wrist_flex.pos=+77.98 wrist_roll.pos=+0.67 gripper.pos=+0.77
DEBUG 2026-09-03 09:39:44 [action #449] t=17.10s step=448 queue=19 dmax=1.672 | shoulder_pan.pos=-4.30 shoulder_lift.pos=-78.26 elbow_flex.pos=+57.59 wrist_flex.pos=+77.63 wrist_roll.pos=+0.71 gripper.pos=+0.94
DEBUG 2026-09-03 09:39:44 [action #450] t=17.13s step=449 queue=18 dmax=2.400 | shoulder_pan.pos=-4.57 shoulder_lift.pos=-80.66 elbow_flex.pos=+59.78 wrist_flex.pos=+77.42 wrist_roll.pos=+0.68 gripper.pos=+0.81
DEBUG 2026-09-03 09:39:44 [action #451] t=17.17s step=450 queue=17 dmax=1.813 | shoulder_pan.pos=-4.33 shoulder_lift.pos=-82.48 elbow_flex.pos=+61.54 wrist_flex.pos=+76.89 wrist_roll.pos=+0.70 gripper.pos=+0.76
DEBUG 2026-09-03 09:39:44 [action #452] t=17.20s step=451 queue=16 dmax=2.421 | shoulder_pan.pos=-4.10 shoulder_lift.pos=-84.90 elbow_flex.pos=+63.33 wrist_flex.pos=+76.53 wrist_roll.pos=+0.60 gripper.pos=+0.79
DEBUG 2026-09-03 09:39:44 [action #453] t=17.23s step=452 queue=15 dmax=2.047 | shoulder_pan.pos=-3.91 shoulder_lift.pos=-86.94 elbow_flex.pos=+64.70 wrist_flex.pos=+76.27 wrist_roll.pos=+0.72 gripper.pos=+0.69
DEBUG 2026-09-03 09:39:44 [action #454] t=17.27s step=453 queue=14 dmax=2.175 | shoulder_pan.pos=-3.68 shoulder_lift.pos=-89.12 elbow_flex.pos=+66.70 wrist_flex.pos=+75.84 wrist_roll.pos=+0.66 gripper.pos=+0.67
DEBUG 2026-09-03 09:39:44 [action #455] t=17.30s step=454 queue=13 dmax=1.730 | shoulder_pan.pos=-3.55 shoulder_lift.pos=-90.85 elbow_flex.pos=+68.36 wrist_flex.pos=+75.98 wrist_roll.pos=+0.74 gripper.pos=+0.76
DEBUG 2026-09-03 09:39:44 [action #456] t=17.33s step=455 queue=12 dmax=1.805 | shoulder_pan.pos=-3.34 shoulder_lift.pos=-92.65 elbow_flex.pos=+69.47 wrist_flex.pos=+75.97 wrist_roll.pos=+0.70 gripper.pos=+0.63
DEBUG 2026-09-03 09:39:44 [action #457] t=17.37s step=456 queue=11 dmax=2.059 | shoulder_pan.pos=-3.38 shoulder_lift.pos=-94.71 elbow_flex.pos=+70.95 wrist_flex.pos=+76.26 wrist_roll.pos=+0.71 gripper.pos=+0.64
DEBUG 2026-09-03 09:39:44 [action #458] t=17.40s step=457 queue=10 dmax=2.167 | shoulder_pan.pos=-3.36 shoulder_lift.pos=-96.88 elbow_flex.pos=+72.63 wrist_flex.pos=+76.26 wrist_roll.pos=+0.73 gripper.pos=+0.34
DEBUG 2026-09-03 09:39:44 [action #459] t=17.44s step=458 queue=9 dmax=1.661 | shoulder_pan.pos=-3.65 shoulder_lift.pos=-98.54 elbow_flex.pos=+73.49 wrist_flex.pos=+76.25 wrist_roll.pos=+0.71 gripper.pos=+0.48
DEBUG 2026-09-03 09:39:44 [action #460] t=17.47s step=459 queue=8 dmax=1.676 | shoulder_pan.pos=-3.70 shoulder_lift.pos=-100.22 elbow_flex.pos=+74.81 wrist_flex.pos=+76.31 wrist_roll.pos=+0.65 gripper.pos=+0.48
DEBUG 2026-09-03 09:39:44 [action #461] t=17.50s step=460 queue=7 dmax=1.739 | shoulder_pan.pos=-3.93 shoulder_lift.pos=-101.96 elbow_flex.pos=+76.30 wrist_flex.pos=+76.35 wrist_roll.pos=+0.65 gripper.pos=+0.39
DEBUG 2026-09-03 09:39:44 [action #462] t=17.54s step=461 queue=6 dmax=1.269 | shoulder_pan.pos=-4.26 shoulder_lift.pos=-102.65 elbow_flex.pos=+77.57 wrist_flex.pos=+76.60 wrist_roll.pos=+0.64 gripper.pos=+0.53
DEBUG 2026-09-03 09:39:44 [action #463] t=17.57s step=462 queue=5 dmax=1.906 | shoulder_pan.pos=-4.38 shoulder_lift.pos=-104.55 elbow_flex.pos=+78.37 wrist_flex.pos=+76.99 wrist_roll.pos=+0.94 gripper.pos=+0.33
DEBUG 2026-09-03 09:39:44 [action #464] t=17.60s step=463 queue=4 dmax=1.505 | shoulder_pan.pos=-4.72 shoulder_lift.pos=-105.64 elbow_flex.pos=+79.87 wrist_flex.pos=+78.09 wrist_roll.pos=+1.25 gripper.pos=+0.34
DEBUG 2026-09-03 09:39:44 [action #465] t=17.64s step=464 queue=3 dmax=1.071 | shoulder_pan.pos=-5.41 shoulder_lift.pos=-106.60 elbow_flex.pos=+80.37 wrist_flex.pos=+79.16 wrist_roll.pos=+1.32 gripper.pos=+0.31
DEBUG 2026-09-03 09:39:44 [action #466] t=17.67s step=465 queue=2 dmax=1.338 | shoulder_pan.pos=-6.00 shoulder_lift.pos=-107.93 elbow_flex.pos=+81.32 wrist_flex.pos=+79.87 wrist_roll.pos=+1.85 gripper.pos=+0.31
DEBUG 2026-09-03 09:39:44 [action #467] t=17.70s step=466 queue=1 dmax=0.735 | shoulder_pan.pos=-6.51 shoulder_lift.pos=-108.10 elbow_flex.pos=+82.05 wrist_flex.pos=+80.43 wrist_roll.pos=+1.91 gripper.pos=+0.38
DEBUG 2026-09-03 09:39:45 [chunk] received 50 actions, timesteps 441..490 | first: shoulder_pan.pos=-3.37 shoulder_lift.pos=-80.36 elbow_flex.pos=+65.04 wrist_flex.pos=+75.09 wrist_roll.pos=+0.96 gripper.pos=+0.38 | last: shoulder_pan.pos=-4.78 shoulder_lift.pos=-101.07 elbow_flex.pos=+88.74 wrist_flex.pos=+77.87 wrist_roll.pos=-2.90 gripper.pos=+0.58
DEBUG 2026-09-03 09:39:45 [action #468] t=17.80s step=467 queue=24 dmax=6.547 | shoulder_pan.pos=-3.57 shoulder_lift.pos=-101.55 elbow_flex.pos=+86.49 wrist_flex.pos=+77.37 wrist_roll.pos=-3.54 gripper.pos=+0.45
DEBUG 2026-09-03 09:39:45 [action #469] t=17.84s step=468 queue=23 dmax=0.431 | shoulder_pan.pos=-3.71 shoulder_lift.pos=-101.42 elbow_flex.pos=+86.05 wrist_flex.pos=+77.44 wrist_roll.pos=-3.51 gripper.pos=+0.44
DEBUG 2026-09-03 09:39:45 [action #470] t=17.87s step=469 queue=22 dmax=0.223 | shoulder_pan.pos=-3.81 shoulder_lift.pos=-101.41 elbow_flex.pos=+86.28 wrist_flex.pos=+77.49 wrist_roll.pos=-3.47 gripper.pos=+0.38
DEBUG 2026-09-03 09:39:45 [action #471] t=17.90s step=470 queue=21 dmax=0.664 | shoulder_pan.pos=-4.37 shoulder_lift.pos=-101.52 elbow_flex.pos=+86.94 wrist_flex.pos=+77.44 wrist_roll.pos=-3.37 gripper.pos=+0.41
DEBUG 2026-09-03 09:39:45 [action #472] t=17.94s step=471 queue=20 dmax=0.329 | shoulder_pan.pos=-4.04 shoulder_lift.pos=-101.79 elbow_flex.pos=+87.09 wrist_flex.pos=+77.66 wrist_roll.pos=-3.33 gripper.pos=+0.28
DEBUG 2026-09-03 09:39:45 [action #473] t=17.97s step=472 queue=19 dmax=0.382 | shoulder_pan.pos=-4.14 shoulder_lift.pos=-101.71 elbow_flex.pos=+87.47 wrist_flex.pos=+77.44 wrist_roll.pos=-3.28 gripper.pos=+0.37
DEBUG 2026-09-03 09:39:45 [action #474] t=18.00s step=473 queue=18 dmax=0.297 | shoulder_pan.pos=-4.28 shoulder_lift.pos=-101.79 elbow_flex.pos=+87.17 wrist_flex.pos=+77.41 wrist_roll.pos=-3.25 gripper.pos=+0.47
DEBUG 2026-09-03 09:39:45 [action #475] t=18.04s step=474 queue=17 dmax=0.705 | shoulder_pan.pos=-4.26 shoulder_lift.pos=-101.69 elbow_flex.pos=+87.87 wrist_flex.pos=+77.50 wrist_roll.pos=-3.13 gripper.pos=+0.46
DEBUG 2026-09-03 09:39:45 [action #476] t=18.07s step=475 queue=16 dmax=0.821 | shoulder_pan.pos=-4.16 shoulder_lift.pos=-102.01 elbow_flex.pos=+87.05 wrist_flex.pos=+77.46 wrist_roll.pos=-3.00 gripper.pos=+0.35
DEBUG 2026-09-03 09:39:45 [action #477] t=18.10s step=476 queue=15 dmax=1.323 | shoulder_pan.pos=-4.06 shoulder_lift.pos=-101.93 elbow_flex.pos=+88.38 wrist_flex.pos=+77.59 wrist_roll.pos=-2.99 gripper.pos=+0.42
DEBUG 2026-09-03 09:39:45 [action #478] t=18.14s step=477 queue=14 dmax=0.522 | shoulder_pan.pos=-4.12 shoulder_lift.pos=-101.75 elbow_flex.pos=+87.85 wrist_flex.pos=+77.61 wrist_roll.pos=-2.89 gripper.pos=+0.33
DEBUG 2026-09-03 09:39:45 [action #479] t=18.17s step=478 queue=13 dmax=0.241 | shoulder_pan.pos=-3.88 shoulder_lift.pos=-101.97 elbow_flex.pos=+88.09 wrist_flex.pos=+77.67 wrist_roll.pos=-2.86 gripper.pos=+0.46
DEBUG 2026-09-03 09:39:45 [action #480] t=18.20s step=479 queue=12 dmax=0.541 | shoulder_pan.pos=-3.95 shoulder_lift.pos=-102.34 elbow_flex.pos=+87.55 wrist_flex.pos=+77.81 wrist_roll.pos=-2.91 gripper.pos=+0.43
DEBUG 2026-09-03 09:39:45 [action #481] t=18.24s step=480 queue=11 dmax=1.058 | shoulder_pan.pos=-4.16 shoulder_lift.pos=-101.28 elbow_flex.pos=+87.73 wrist_flex.pos=+77.60 wrist_roll.pos=-2.80 gripper.pos=+0.46
DEBUG 2026-09-03 09:39:45 [action #482] t=18.27s step=481 queue=10 dmax=1.197 | shoulder_pan.pos=-4.20 shoulder_lift.pos=-101.76 elbow_flex.pos=+88.92 wrist_flex.pos=+78.04 wrist_roll.pos=-2.93 gripper.pos=+0.47
DEBUG 2026-09-03 09:39:45 [action #483] t=18.30s step=482 queue=9 dmax=0.632 | shoulder_pan.pos=-4.34 shoulder_lift.pos=-101.57 elbow_flex.pos=+88.29 wrist_flex.pos=+77.70 wrist_roll.pos=-2.86 gripper.pos=+0.54
DEBUG 2026-09-03 09:39:45 [action #484] t=18.34s step=483 queue=8 dmax=0.522 | shoulder_pan.pos=-4.68 shoulder_lift.pos=-102.09 elbow_flex.pos=+88.48 wrist_flex.pos=+77.76 wrist_roll.pos=-2.93 gripper.pos=+0.41
DEBUG 2026-09-03 09:39:45 [action #485] t=18.37s step=484 queue=7 dmax=0.318 | shoulder_pan.pos=-4.72 shoulder_lift.pos=-101.78 elbow_flex.pos=+88.28 wrist_flex.pos=+77.69 wrist_roll.pos=-2.97 gripper.pos=+0.42
DEBUG 2026-09-03 09:39:45 [action #486] t=18.40s step=485 queue=6 dmax=1.018 | shoulder_pan.pos=-4.76 shoulder_lift.pos=-101.97 elbow_flex.pos=+89.29 wrist_flex.pos=+77.90 wrist_roll.pos=-3.07 gripper.pos=+0.29
DEBUG 2026-09-03 09:39:45 [action #487] t=18.44s step=486 queue=5 dmax=1.199 | shoulder_pan.pos=-4.86 shoulder_lift.pos=-100.77 elbow_flex.pos=+88.57 wrist_flex.pos=+77.86 wrist_roll.pos=-2.85 gripper.pos=+0.46
DEBUG 2026-09-03 09:39:45 [action #488] t=18.47s step=487 queue=4 dmax=0.807 | shoulder_pan.pos=-4.91 shoulder_lift.pos=-101.58 elbow_flex.pos=+88.50 wrist_flex.pos=+77.84 wrist_roll.pos=-2.95 gripper.pos=+0.38
DEBUG 2026-09-03 09:39:45 [action #489] t=18.50s step=488 queue=3 dmax=0.329 | shoulder_pan.pos=-5.04 shoulder_lift.pos=-101.25 elbow_flex.pos=+88.23 wrist_flex.pos=+77.80 wrist_roll.pos=-2.93 gripper.pos=+0.26
DEBUG 2026-09-03 09:39:45 [action #490] t=18.54s step=489 queue=2 dmax=0.879 | shoulder_pan.pos=-4.95 shoulder_lift.pos=-101.10 elbow_flex.pos=+89.11 wrist_flex.pos=+77.69 wrist_roll.pos=-2.93 gripper.pos=+0.35
DEBUG 2026-09-03 09:39:45 [action #491] t=18.57s step=490 queue=1 dmax=0.369 | shoulder_pan.pos=-4.78 shoulder_lift.pos=-101.07 elbow_flex.pos=+88.74 wrist_flex.pos=+77.87 wrist_roll.pos=-2.90 gripper.pos=+0.58
DEBUG 2026-09-03 09:39:45 [chunk] received 50 actions, timesteps 466..515 | first: shoulder_pan.pos=-5.87 shoulder_lift.pos=-101.77 elbow_flex.pos=+84.83 wrist_flex.pos=+79.75 wrist_roll.pos=+0.71 gripper.pos=+0.07 | last: shoulder_pan.pos=-5.54 shoulder_lift.pos=-101.61 elbow_flex.pos=+87.62 wrist_flex.pos=+79.10 wrist_roll.pos=-1.90 gripper.pos=+0.07
DEBUG 2026-09-03 09:39:45 [action #492] t=18.71s step=491 queue=25 dmax=1.542 | shoulder_pan.pos=-5.14 shoulder_lift.pos=-101.38 elbow_flex.pos=+87.20 wrist_flex.pos=+79.17 wrist_roll.pos=-2.22 gripper.pos=+0.25
DEBUG 2026-09-03 09:39:45 [action #493] t=18.74s step=492 queue=24 dmax=0.425 | shoulder_pan.pos=-5.05 shoulder_lift.pos=-100.96 elbow_flex.pos=+87.14 wrist_flex.pos=+79.13 wrist_roll.pos=-2.17 gripper.pos=+0.20
DEBUG 2026-09-03 09:39:45 [action #494] t=18.77s step=493 queue=23 dmax=0.342 | shoulder_pan.pos=-5.14 shoulder_lift.pos=-101.16 elbow_flex.pos=+87.49 wrist_flex.pos=+79.27 wrist_roll.pos=-2.19 gripper.pos=+0.07
DEBUG 2026-09-03 09:39:46 [action #495] t=18.81s step=494 queue=22 dmax=0.179 | shoulder_pan.pos=-5.32 shoulder_lift.pos=-101.08 elbow_flex.pos=+87.33 wrist_flex.pos=+79.15 wrist_roll.pos=-2.15 gripper.pos=+0.15
DEBUG 2026-09-03 09:39:46 [action #496] t=18.84s step=495 queue=21 dmax=0.410 | shoulder_pan.pos=-5.32 shoulder_lift.pos=-101.07 elbow_flex.pos=+86.92 wrist_flex.pos=+79.23 wrist_roll.pos=-2.06 gripper.pos=+0.19
DEBUG 2026-09-03 09:39:46 [action #497] t=18.87s step=496 queue=20 dmax=0.285 | shoulder_pan.pos=-5.33 shoulder_lift.pos=-100.98 elbow_flex.pos=+87.20 wrist_flex.pos=+79.11 wrist_roll.pos=-2.01 gripper.pos=+0.11
DEBUG 2026-09-03 09:39:46 [action #498] t=18.91s step=497 queue=19 dmax=0.161 | shoulder_pan.pos=-5.46 shoulder_lift.pos=-101.02 elbow_flex.pos=+87.04 wrist_flex.pos=+79.13 wrist_roll.pos=-2.07 gripper.pos=+0.12
DEBUG 2026-09-03 09:39:46 [action #499] t=18.94s step=498 queue=18 dmax=0.764 | shoulder_pan.pos=-5.27 shoulder_lift.pos=-101.78 elbow_flex.pos=+86.92 wrist_flex.pos=+79.21 wrist_roll.pos=-1.96 gripper.pos=+0.06
DEBUG 2026-09-03 09:39:46 [action #500] t=18.97s step=499 queue=17 dmax=0.486 | shoulder_pan.pos=-5.32 shoulder_lift.pos=-101.66 elbow_flex.pos=+87.40 wrist_flex.pos=+79.19 wrist_roll.pos=-1.90 gripper.pos=+0.06
DEBUG 2026-09-03 09:39:46 [action #501] t=19.01s step=500 queue=16 dmax=0.349 | shoulder_pan.pos=-5.38 shoulder_lift.pos=-101.41 elbow_flex.pos=+87.75 wrist_flex.pos=+79.17 wrist_roll.pos=-1.94 gripper.pos=+0.16
DEBUG 2026-09-03 09:39:46 [action #502] t=19.04s step=501 queue=15 dmax=0.420 | shoulder_pan.pos=-5.72 shoulder_lift.pos=-101.67 elbow_flex.pos=+87.33 wrist_flex.pos=+79.10 wrist_roll.pos=-1.90 gripper.pos=+0.08
DEBUG 2026-09-03 09:39:46 [action #503] t=19.07s step=502 queue=14 dmax=0.323 | shoulder_pan.pos=-5.47 shoulder_lift.pos=-101.35 elbow_flex.pos=+87.15 wrist_flex.pos=+79.14 wrist_roll.pos=-1.96 gripper.pos=+0.22
DEBUG 2026-09-03 09:39:46 [action #504] t=19.11s step=503 queue=13 dmax=0.333 | shoulder_pan.pos=-5.41 shoulder_lift.pos=-101.02 elbow_flex.pos=+86.99 wrist_flex.pos=+79.27 wrist_roll.pos=-1.90 gripper.pos=-0.00
DEBUG 2026-09-03 09:39:46 [action #505] t=19.14s step=504 queue=12 dmax=0.401 | shoulder_pan.pos=-5.45 shoulder_lift.pos=-100.99 elbow_flex.pos=+87.39 wrist_flex.pos=+79.15 wrist_roll.pos=-1.95 gripper.pos=+0.13
DEBUG 2026-09-03 09:39:46 [action #506] t=19.17s step=505 queue=11 dmax=0.600 | shoulder_pan.pos=-5.21 shoulder_lift.pos=-101.34 elbow_flex.pos=+86.79 wrist_flex.pos=+79.20 wrist_roll.pos=-1.88 gripper.pos=+0.24
DEBUG 2026-09-03 09:39:46 [action #507] t=19.21s step=506 queue=10 dmax=0.672 | shoulder_pan.pos=-5.45 shoulder_lift.pos=-101.03 elbow_flex.pos=+87.46 wrist_flex.pos=+78.91 wrist_roll.pos=-2.00 gripper.pos=+0.02
DEBUG 2026-09-03 09:39:46 [action #508] t=19.24s step=507 queue=9 dmax=0.541 | shoulder_pan.pos=-5.38 shoulder_lift.pos=-101.57 elbow_flex.pos=+87.09 wrist_flex.pos=+79.04 wrist_roll.pos=-1.91 gripper.pos=+0.15
DEBUG 2026-09-03 09:39:46 [action #509] t=19.27s step=508 queue=8 dmax=0.608 | shoulder_pan.pos=-5.43 shoulder_lift.pos=-101.22 elbow_flex.pos=+87.70 wrist_flex.pos=+79.11 wrist_roll.pos=-1.91 gripper.pos=+0.20
DEBUG 2026-09-03 09:39:46 [action #510] t=19.31s step=509 queue=7 dmax=0.182 | shoulder_pan.pos=-5.38 shoulder_lift.pos=-101.40 elbow_flex.pos=+87.78 wrist_flex.pos=+79.09 wrist_roll.pos=-1.98 gripper.pos=+0.13
DEBUG 2026-09-03 09:39:46 [action #511] t=19.34s step=510 queue=6 dmax=0.335 | shoulder_pan.pos=-5.58 shoulder_lift.pos=-101.17 elbow_flex.pos=+87.44 wrist_flex.pos=+79.08 wrist_roll.pos=-1.94 gripper.pos=+0.04
DEBUG 2026-09-03 09:39:46 [action #512] t=19.37s step=511 queue=5 dmax=0.461 | shoulder_pan.pos=-5.33 shoulder_lift.pos=-101.63 elbow_flex.pos=+87.21 wrist_flex.pos=+78.91 wrist_roll.pos=-1.93 gripper.pos=+0.12
DEBUG 2026-09-03 09:39:46 [action #513] t=19.41s step=512 queue=4 dmax=0.523 | shoulder_pan.pos=-5.44 shoulder_lift.pos=-101.40 elbow_flex.pos=+87.74 wrist_flex.pos=+79.11 wrist_roll.pos=-1.98 gripper.pos=+0.09
DEBUG 2026-09-03 09:39:46 [action #514] t=19.44s step=513 queue=3 dmax=1.225 | shoulder_pan.pos=-5.34 shoulder_lift.pos=-100.18 elbow_flex.pos=+87.87 wrist_flex.pos=+79.11 wrist_roll.pos=-1.92 gripper.pos=+0.11
DEBUG 2026-09-03 09:39:46 [action #515] t=19.47s step=514 queue=2 dmax=0.964 | shoulder_pan.pos=-5.38 shoulder_lift.pos=-101.14 elbow_flex.pos=+87.85 wrist_flex.pos=+79.11 wrist_roll.pos=-1.97 gripper.pos=+0.26
DEBUG 2026-09-03 09:39:46 [action #516] t=19.51s step=515 queue=1 dmax=0.467 | shoulder_pan.pos=-5.54 shoulder_lift.pos=-101.61 elbow_flex.pos=+87.62 wrist_flex.pos=+79.10 wrist_roll.pos=-1.90 gripper.pos=+0.07
DEBUG 2026-09-03 09:39:46 [chunk] received 50 actions, timesteps 490..539 | first: shoulder_pan.pos=-4.83 shoulder_lift.pos=-101.35 elbow_flex.pos=+85.82 wrist_flex.pos=+78.16 wrist_roll.pos=-2.08 gripper.pos=+0.04 | last: shoulder_pan.pos=-4.33 shoulder_lift.pos=-101.69 elbow_flex.pos=+88.25 wrist_flex.pos=+78.53 wrist_roll.pos=-2.19 gripper.pos=+0.08
DEBUG 2026-09-03 09:39:46 [action #517] t=19.58s step=516 queue=24 dmax=1.092 | shoulder_pan.pos=-4.45 shoulder_lift.pos=-101.37 elbow_flex.pos=+87.78 wrist_flex.pos=+78.50 wrist_roll.pos=-2.17 gripper.pos=+0.08
DEBUG 2026-09-03 09:39:46 [action #518] t=19.61s step=517 queue=23 dmax=0.302 | shoulder_pan.pos=-4.43 shoulder_lift.pos=-101.20 elbow_flex.pos=+88.09 wrist_flex.pos=+78.40 wrist_roll.pos=-2.15 gripper.pos=+0.07
DEBUG 2026-09-03 09:39:46 [action #519] t=19.64s step=518 queue=22 dmax=0.243 | shoulder_pan.pos=-4.54 shoulder_lift.pos=-100.95 elbow_flex.pos=+87.95 wrist_flex.pos=+78.43 wrist_roll.pos=-2.19 gripper.pos=+0.08
DEBUG 2026-09-03 09:39:46 [action #520] t=19.68s step=519 queue=21 dmax=0.320 | shoulder_pan.pos=-4.49 shoulder_lift.pos=-101.27 elbow_flex.pos=+88.06 wrist_flex.pos=+78.47 wrist_roll.pos=-2.15 gripper.pos=+0.16
DEBUG 2026-09-03 09:39:46 [action #521] t=19.71s step=520 queue=20 dmax=0.071 | shoulder_pan.pos=-4.54 shoulder_lift.pos=-101.23 elbow_flex.pos=+88.03 wrist_flex.pos=+78.51 wrist_roll.pos=-2.17 gripper.pos=+0.08
DEBUG 2026-09-03 09:39:46 [action #522] t=19.74s step=521 queue=19 dmax=0.387 | shoulder_pan.pos=-4.27 shoulder_lift.pos=-101.20 elbow_flex.pos=+88.41 wrist_flex.pos=+78.42 wrist_roll.pos=-2.14 gripper.pos=+0.04
DEBUG 2026-09-03 09:39:46 [action #523] t=19.78s step=522 queue=18 dmax=0.338 | shoulder_pan.pos=-4.48 shoulder_lift.pos=-101.40 elbow_flex.pos=+88.08 wrist_flex.pos=+78.47 wrist_roll.pos=-2.12 gripper.pos=+0.11
DEBUG 2026-09-03 09:39:47 [action #524] t=19.81s step=523 queue=17 dmax=0.370 | shoulder_pan.pos=-4.51 shoulder_lift.pos=-101.16 elbow_flex.pos=+87.71 wrist_flex.pos=+78.39 wrist_roll.pos=-2.21 gripper.pos=+0.10
DEBUG 2026-09-03 09:39:47 [action #525] t=19.84s step=524 queue=16 dmax=0.335 | shoulder_pan.pos=-4.59 shoulder_lift.pos=-100.83 elbow_flex.pos=+87.88 wrist_flex.pos=+78.47 wrist_roll.pos=-2.22 gripper.pos=+0.02
DEBUG 2026-09-03 09:39:47 [action #526] t=19.88s step=525 queue=15 dmax=0.332 | shoulder_pan.pos=-4.37 shoulder_lift.pos=-100.94 elbow_flex.pos=+88.21 wrist_flex.pos=+78.42 wrist_roll.pos=-2.15 gripper.pos=+0.08
DEBUG 2026-09-03 09:39:47 [action #527] t=19.91s step=526 queue=14 dmax=0.395 | shoulder_pan.pos=-4.39 shoulder_lift.pos=-101.31 elbow_flex.pos=+87.81 wrist_flex.pos=+78.30 wrist_roll.pos=-2.14 gripper.pos=+0.12
DEBUG 2026-09-03 09:39:47 [action #528] t=19.94s step=527 queue=13 dmax=0.096 | shoulder_pan.pos=-4.45 shoulder_lift.pos=-101.41 elbow_flex.pos=+87.91 wrist_flex.pos=+78.30 wrist_roll.pos=-2.13 gripper.pos=+0.04
DEBUG 2026-09-03 09:39:47 [action #529] t=19.98s step=528 queue=12 dmax=0.172 | shoulder_pan.pos=-4.45 shoulder_lift.pos=-101.58 elbow_flex.pos=+87.96 wrist_flex.pos=+78.44 wrist_roll.pos=-2.13 gripper.pos=+0.17
DEBUG 2026-09-03 09:39:47 [action #530] t=20.01s step=529 queue=11 dmax=0.149 | shoulder_pan.pos=-4.46 shoulder_lift.pos=-101.61 elbow_flex.pos=+87.86 wrist_flex.pos=+78.48 wrist_roll.pos=-2.21 gripper.pos=+0.02
DEBUG 2026-09-03 09:39:47 [action #531] t=20.04s step=530 queue=10 dmax=0.362 | shoulder_pan.pos=-4.28 shoulder_lift.pos=-101.36 elbow_flex.pos=+88.23 wrist_flex.pos=+78.46 wrist_roll.pos=-2.18 gripper.pos=+0.10
DEBUG 2026-09-03 09:39:47 [action #532] t=20.08s step=531 queue=9 dmax=0.174 | shoulder_pan.pos=-4.41 shoulder_lift.pos=-101.23 elbow_flex.pos=+88.40 wrist_flex.pos=+78.51 wrist_roll.pos=-2.14 gripper.pos=-0.00
DEBUG 2026-09-03 09:39:47 [action #533] t=20.11s step=532 queue=8 dmax=0.342 | shoulder_pan.pos=-4.40 shoulder_lift.pos=-101.54 elbow_flex.pos=+88.06 wrist_flex.pos=+78.33 wrist_roll.pos=-2.16 gripper.pos=+0.08
DEBUG 2026-09-03 09:39:47 [action #534] t=20.14s step=533 queue=7 dmax=0.299 | shoulder_pan.pos=-4.38 shoulder_lift.pos=-101.44 elbow_flex.pos=+88.36 wrist_flex.pos=+78.38 wrist_roll.pos=-2.19 gripper.pos=+0.07
DEBUG 2026-09-03 09:39:47 [action #535] t=20.18s step=534 queue=6 dmax=0.378 | shoulder_pan.pos=-4.37 shoulder_lift.pos=-101.34 elbow_flex.pos=+87.98 wrist_flex.pos=+78.45 wrist_roll.pos=-2.18 gripper.pos=+0.02
DEBUG 2026-09-03 09:39:47 [action #536] t=20.21s step=535 queue=5 dmax=0.641 | shoulder_pan.pos=-4.31 shoulder_lift.pos=-101.98 elbow_flex.pos=+87.91 wrist_flex.pos=+78.46 wrist_roll.pos=-2.21 gripper.pos=+0.08
DEBUG 2026-09-03 09:39:47 [action #537] t=20.24s step=536 queue=4 dmax=0.537 | shoulder_pan.pos=-4.39 shoulder_lift.pos=-101.44 elbow_flex.pos=+88.09 wrist_flex.pos=+78.37 wrist_roll.pos=-2.22 gripper.pos=+0.05
DEBUG 2026-09-03 09:39:47 [action #538] t=20.28s step=537 queue=3 dmax=0.249 | shoulder_pan.pos=-4.24 shoulder_lift.pos=-101.36 elbow_flex.pos=+87.84 wrist_flex.pos=+78.55 wrist_roll.pos=-2.16 gripper.pos=+0.06
DEBUG 2026-09-03 09:39:47 [action #539] t=20.31s step=538 queue=2 dmax=0.533 | shoulder_pan.pos=-4.22 shoulder_lift.pos=-101.90 elbow_flex.pos=+88.05 wrist_flex.pos=+78.46 wrist_roll.pos=-2.19 gripper.pos=+0.07
DEBUG 2026-09-03 09:39:47 [action #540] t=20.34s step=539 queue=1 dmax=0.202 | shoulder_pan.pos=-4.33 shoulder_lift.pos=-101.69 elbow_flex.pos=+88.25 wrist_flex.pos=+78.53 wrist_roll.pos=-2.19 gripper.pos=+0.08
DEBUG 2026-09-03 09:39:47 [chunk] received 50 actions, timesteps 515..564 | first: shoulder_pan.pos=-5.36 shoulder_lift.pos=-101.87 elbow_flex.pos=+87.06 wrist_flex.pos=+78.38 wrist_roll.pos=-2.51 gripper.pos=+0.05 | last: shoulder_pan.pos=-3.34 shoulder_lift.pos=-101.73 elbow_flex.pos=+88.30 wrist_flex.pos=+78.91 wrist_roll.pos=-2.37 gripper.pos=+0.15
DEBUG 2026-09-03 09:39:47 [action #541] t=20.44s step=540 queue=25 dmax=0.397 | shoulder_pan.pos=-3.93 shoulder_lift.pos=-101.47 elbow_flex.pos=+88.41 wrist_flex.pos=+78.71 wrist_roll.pos=-2.46 gripper.pos=+0.04
DEBUG 2026-09-03 09:39:48 [chunk] received 50 actions, timesteps 539..588 | first: shoulder_pan.pos=-5.00 shoulder_lift.pos=-101.60 elbow_flex.pos=+86.72 wrist_flex.pos=+78.64 wrist_roll.pos=-2.21 gripper.pos=+0.15 | last: shoulder_pan.pos=-2.95 shoulder_lift.pos=-101.85 elbow_flex.pos=+87.71 wrist_flex.pos=+78.62 wrist_roll.pos=-2.13 gripper.pos=+0.18
INFO 2026-09-03 09:39:55 Final action sent: shoulder_pan.pos=-3.93 shoulder_lift.pos=-101.47 elbow_flex.pos=+88.41 wrist_flex.pos=+78.71 wrist_roll.pos=-2.46 gripper.pos=+0.04
DEBUG 2026-09-03 09:39:55 === episode end | 27.9s | converged=True | actions=541 ===
