episode_dir,task,chunk_id,must_go,input_timestep,input_elapsed,unix_ts,front_img,wrist_img,recap_img,returned_len,exec_index,exec_timestep,exec_action_n,in_shoulder_pan.pos,in_shoulder_lift.pos,in_elbow_flex.pos,in_wrist_flex.pos,in_wrist_roll.pos,in_gripper.pos,act_shoulder_pan.pos,act_shoulder_lift.pos,act_elbow_flex.pos,act_wrist_flex.pos,act_wrist_roll.pos,act_gripper.pos
079_brown,put the brown pouch on the tray,1,1,0,0.0,1788428367.2331612,00000_front_put_the_brown_pouch_on_the_tray.png,00000_wrist_put_the_brown_pouch_on_the_tray.png,recap.png,50,0,0,1,-4.395604395604396,-101.93406593406593,91.91208791208791,74.9010989010989,-1.098901098901099,0.8904109589041096,-4.83380126953125,-100.98291778564453,87.41423034667969,75.78884887695312,-0.9412727355957031,0.981715202331543
079_brown,put the brown pouch on the tray,1,1,0,0.0,1788428367.2331612,00000_front_put_the_brown_pouch_on_the_tray.png,00000_wrist_put_the_brown_pouch_on_the_tray.png,recap.png,50,1,1,2,-4.395604395604396,-101.93406593406593,91.91208791208791,74.9010989010989,-1.098901098901099,0.8904109589041096,-4.9626922607421875,-100.69641876220703,87.62554931640625,75.92784881591797,-0.8662881851196289,1.0082539319992065
079_brown,put the brown pouch on the tray,1,1,0,0.0,1788428367.2331612,00000_front_put_the_brown_pouch_on_the_tray.png,00000_wrist_put_the_brown_pouch_on_the_tray.png,recap.png,50,2,2,3,-4.395604395604396,-101.93406593406593,91.91208791208791,74.9010989010989,-1.098901098901099,0.8904109589041096,-5.118356704711914,-100.6076431274414,87.40138244628906,76.02519989013672,-0.8904008865356445,0.9441408514976501
079_brown,put the brown pouch on the tray,1,1,0,0.0,1788428367.2331612,00000_front_put_the_brown_pouch_on_the_tray.png,00000_wrist_put_the_brown_pouch_on_the_tray.png,recap.png,50,3,3,4,-4.395604395604396,-101.93406593406593,91.91208791208791,74.9010989010989,-1.098901098901099,0.8904109589041096,-5.165977478027344,-100.75106048583984,87.03729248046875,75.93756103515625,-0.9643230438232422,0.8316577672958374
079_brown,put the brown pouch on the tray,1,1,0,0.0,1788428367.2331612,00000_front_put_the_brown_pouch_on_the_tray.png,00000_wrist_put_the_brown_pouch_on_the_tray.png,recap.png,50,4,4,5,-4.395604395604396,-101.93406593406593,91.91208791208791,74.9010989010989,-1.098901098901099,0.8904109589041096,-5.454584121704102,-101.4498062133789,87.07310485839844,75.99375915527344,-0.8853473663330078,0.8781520128250122
079_brown,put the brown pouch on the tray,1,1,0,0.0,1788428367.2331612,00000_front_put_the_brown_pouch_on_the_tray.png,00000_wrist_put_the_brown_pouch_on_the_tray.png,recap.png,50,5,5,6,-4.395604395604396,-101.93406593406593,91.91208791208791,74.9010989010989,-1.098901098901099,0.8904109589041096,-5.920482635498047,-101.20950317382812,87.54396057128906,76.21345520019531,-0.8370437622070312,0.9229064583778381
079_brown,put the brown pouch on the tray,1,1,0,0.0,1788428367.2331612,00000_front_put_the_brown_pouch_on_the_tray.png,00000_wrist_put_the_brown_pouch_on_the_tray.png,recap.png,50,6,6,7,-4.395604395604396,-101.93406593406593,91.91208791208791,74.9010989010989,-1.098901098901099,0.8904109589041096,-6.225393295288086,-101.26445770263672,86.93478393554688,75.99437713623047,-0.9119758605957031,1.0143537521362305
079_brown,put the brown pouch on the tray,1,1,0,0.0,1788428367.2331612,00000_front_put_the_brown_pouch_on_the_tray.png,00000_wrist_put_the_brown_pouch_on_the_tray.png,recap.png,50,7,7,8,-4.395604395604396,-101.93406593406593,91.91208791208791,74.9010989010989,-1.098901098901099,0.8904109589041096,-6.932046890258789,-100.85220336914062,86.87132263183594,76.21800231933594,-0.9247360229492188,0.9310987591743469
079_brown,put the brown pouch on the tray,1,1,0,0.0,1788428367.2331612,00000_front_put_the_brown_pouch_on_the_tray.png,00000_wrist_put_the_brown_pouch_on_the_tray.png,recap.png,50,8,8,9,-4.395604395604396,-101.93406593406593,91.91208791208791,74.9010989010989,-1.098901098901099,0.8904109589041096,-7.495725631713867,-101.16868591308594,86.70660400390625,76.32682800292969,-0.9376287460327148,0.8731450438499451
079_brown,put the brown pouch on the tray,1,1,0,0.0,1788428367.2331612,00000_front_put_the_brown_pouch_on_the_tray.png,00000_wrist_put_the_brown_pouch_on_the_tray.png,recap.png,50,9,9,10,-4.395604395604396,-101.93406593406593,91.91208791208791,74.9010989010989,-1.098901098901099,0.8904109589041096,-8.176689147949219,-101.34822845458984,86.98121643066406,76.36318969726562,-1.065608024597168,0.9120290279388428
079_brown,put the brown pouch on the tray,1,1,0,0.0,1788428367.2331612,00000_front_put_the_brown_pouch_on_the_tray.png,00000_wrist_put_the_brown_pouch_on_the_tray.png,recap.png,50,10,10,11,-4.395604395604396,-101.93406593406593,91.91208791208791,74.9010989010989,-1.098901098901099,0.8904109589041096,-8.71511459350586,-101.81987762451172,86.8680419921875,76.39515686035156,-1.0221929550170898,0.9186610579490662
079_brown,put the brown pouch on the tray,1,1,0,0.0,1788428367.2331612,00000_front_put_the_brown_pouch_on_the_tray.png,00000_wrist_put_the_brown_pouch_on_the_tray.png,recap.png,50,11,11,12,-4.395604395604396,-101.93406593406593,91.91208791208791,74.9010989010989,-1.098901098901099,0.8904109589041096,-9.505985260009766,-101.55009460449219,86.57066345214844,76.39954376220703,-0.9563150405883789,0.7624112963676453
079_brown,put the brown pouch on the tray,1,1,0,0.0,1788428367.2331612,00000_front_put_the_brown_pouch_on_the_tray.png,00000_wrist_put_the_brown_pouch_on_the_tray.png,recap.png,50,12,12,13,-4.395604395604396,-101.93406593406593,91.91208791208791,74.9010989010989,-1.098901098901099,0.8904109589041096,-10.231809616088867,-101.81742095947266,86.70439147949219,76.2762451171875,-0.9699335098266602,0.7688595652580261
079_brown,put the brown pouch on the tray,1,1,0,0.0,1788428367.2331612,00000_front_put_the_brown_pouch_on_the_tray.png,00000_wrist_put_the_brown_pouch_on_the_tray.png,recap.png,50,13,13,14,-4.395604395604396,-101.93406593406593,91.91208791208791,74.9010989010989,-1.098901098901099,0.8904109589041096,-11.155498504638672,-101.15721893310547,86.49107360839844,76.33326721191406,-0.8788185119628906,0.8211499452590942
079_brown,put the brown pouch on the tray,1,1,0,0.0,1788428367.2331612,00000_front_put_the_brown_pouch_on_the_tray.png,00000_wrist_put_the_brown_pouch_on_the_tray.png,recap.png,50,14,14,15,-4.395604395604396,-101.93406593406593,91.91208791208791,74.9010989010989,-1.098901098901099,0.8904109589041096,-12.117284774780273,-101.18508911132812,86.49203491210938,76.38504791259766,-0.9599905014038086,0.8017584085464478
079_brown,put the brown pouch on the tray,1,1,0,0.0,1788428367.2331612,00000_front_put_the_brown_pouch_on_the_tray.png,00000_wrist_put_the_brown_pouch_on_the_tray.png,recap.png,50,15,15,16,-4.395604395604396,-101.93406593406593,91.91208791208791,74.9010989010989,-1.098901098901099,0.8904109589041096,-13.153203964233398,-101.60018920898438,86.56365966796875,76.35356140136719,-0.9722156524658203,0.7716529965400696
079_brown,put the brown pouch on the tray,1,1,0,0.0,1788428367.2331612,00000_front_put_the_brown_pouch_on_the_tray.png,00000_wrist_put_the_brown_pouch_on_the_tray.png,recap.png,50,16,16,17,-4.395604395604396,-101.93406593406593,91.91208791208791,74.9010989010989,-1.098901098901099,0.8904109589041096,-13.798759460449219,-101.69528198242188,86.88484191894531,76.55604553222656,-0.9885339736938477,0.842947244644165
079_brown,put the brown pouch on the tray,1,1,0,0.0,1788428367.2331612,00000_front_put_the_brown_pouch_on_the_tray.png,00000_wrist_put_the_brown_pouch_on_the_tray.png,recap.png,50,17,17,18,-4.395604395604396,-101.93406593406593,91.91208791208791,74.9010989010989,-1.098901098901099,0.8904109589041096,-14.240026473999023,-101.60829162597656,86.40190124511719,76.41775512695312,-0.9515619277954102,0.7412895560264587
079_brown,put the brown pouch on the tray,1,1,0,0.0,1788428367.2331612,00000_front_put_the_brown_pouch_on_the_tray.png,00000_wrist_put_the_brown_pouch_on_the_tray.png,recap.png,50,18,18,19,-4.395604395604396,-101.93406593406593,91.91208791208791,74.9010989010989,-1.098901098901099,0.8904109589041096,-15.036781311035156,-102.18183135986328,86.51118469238281,76.63402557373047,-1.0422000885009766,0.8657695055007935
079_brown,put the brown pouch on the tray,1,1,0,0.0,1788428367.2331612,00000_front_put_the_brown_pouch_on_the_tray.png,00000_wrist_put_the_brown_pouch_on_the_tray.png,recap.png,50,19,19,20,-4.395604395604396,-101.93406593406593,91.91208791208791,74.9010989010989,-1.098901098901099,0.8904109589041096,-15.581731796264648,-102.10447692871094,86.74078369140625,76.64181518554688,-1.0967531204223633,0.9038994312286377
079_brown,put the brown pouch on the tray,1,1,0,0.0,1788428367.2331612,00000_front_put_the_brown_pouch_on_the_tray.png,00000_wrist_put_the_brown_pouch_on_the_tray.png,recap.png,50,20,20,21,-4.395604395604396,-101.93406593406593,91.91208791208791,74.9010989010989,-1.098901098901099,0.8904109589041096,-16.124780654907227,-101.95611572265625,86.76181030273438,76.66696166992188,-1.1375150680541992,0.9205718636512756
079_brown,put the brown pouch on the tray,1,1,0,0.0,1788428367.2331612,00000_front_put_the_brown_pouch_on_the_tray.png,00000_wrist_put_the_brown_pouch_on_the_tray.png,recap.png,50,21,21,22,-4.395604395604396,-101.93406593406593,91.91208791208791,74.9010989010989,-1.098901098901099,0.8904109589041096,-16.662864685058594,-102.2184066772461,86.72285461425781,76.9051513671875,-1.063241958618164,0.9005302786827087
079_brown,put the brown pouch on the tray,1,1,0,0.0,1788428367.2331612,00000_front_put_the_brown_pouch_on_the_tray.png,00000_wrist_put_the_brown_pouch_on_the_tray.png,recap.png,50,22,22,23,-4.395604395604396,-101.93406593406593,91.91208791208791,74.9010989010989,-1.098901098901099,0.8904109589041096,-17.044387817382812,-101.61890411376953,86.4720458984375,76.93767547607422,-1.1615934371948242,0.8681890964508057
079_brown,put the brown pouch on the tray,1,1,0,0.0,1788428367.2331612,00000_front_put_the_brown_pouch_on_the_tray.png,00000_wrist_put_the_brown_pouch_on_the_tray.png,recap.png,50,23,23,24,-4.395604395604396,-101.93406593406593,91.91208791208791,74.9010989010989,-1.098901098901099,0.8904109589041096,-17.830480575561523,-102.13057708740234,86.94467163085938,76.94650268554688,-1.0504875183105469,0.9726604223251343
079_brown,put the brown pouch on the tray,1,1,0,0.0,1788428367.2331612,00000_front_put_the_brown_pouch_on_the_tray.png,00000_wrist_put_the_brown_pouch_on_the_tray.png,recap.png,50,24,24,25,-4.395604395604396,-101.93406593406593,91.91208791208791,74.9010989010989,-1.098901098901099,0.8904109589041096,-18.426395416259766,-102.06906127929688,86.36723327636719,76.8980941772461,-1.0360498428344727,0.8161483407020569
079_brown,put the brown pouch on the tray,1,1,0,0.0,1788428367.2331612,00000_front_put_the_brown_pouch_on_the_tray.png,00000_wrist_put_the_brown_pouch_on_the_tray.png,recap.png,50,25,25,26,-4.395604395604396,-101.93406593406593,91.91208791208791,74.9010989010989,-1.098901098901099,0.8904109589041096,-18.569658279418945,-101.90821838378906,86.66929626464844,76.97547149658203,-1.0033893585205078,1.0708661079406738
079_brown,put the brown pouch on the tray,1,1,0,0.0,1788428367.2331612,00000_front_put_the_brown_pouch_on_the_tray.png,00000_wrist_put_the_brown_pouch_on_the_tray.png,recap.png,50,26,26,27,-4.395604395604396,-101.93406593406593,91.91208791208791,74.9010989010989,-1.098901098901099,0.8904109589041096,-19.18863296508789,-101.91603088378906,86.53341674804688,76.91719055175781,-1.0511207580566406,0.956627368927002
079_brown,put the brown pouch on the tray,1,1,0,0.0,1788428367.2331612,00000_front_put_the_brown_pouch_on_the_tray.png,00000_wrist_put_the_brown_pouch_on_the_tray.png,recap.png,50,27,27,28,-4.395604395604396,-101.93406593406593,91.91208791208791,74.9010989010989,-1.098901098901099,0.8904109589041096,-19.3125,-102.59620666503906,86.88023376464844,76.89278411865234,-1.0310792922973633,0.9066386818885803
079_brown,put the brown pouch on the tray,1,1,0,0.0,1788428367.2331612,00000_front_put_the_brown_pouch_on_the_tray.png,00000_wrist_put_the_brown_pouch_on_the_tray.png,recap.png,50,28,28,29,-4.395604395604396,-101.93406593406593,91.91208791208791,74.9010989010989,-1.098901098901099,0.8904109589041096,-19.68606185913086,-101.86186218261719,86.76795959472656,76.86576843261719,-1.0611677169799805,0.9560718536376953
079_brown,put the brown pouch on the tray,1,1,0,0.0,1788428367.2331612,00000_front_put_the_brown_pouch_on_the_tray.png,00000_wrist_put_the_brown_pouch_on_the_tray.png,recap.png,50,29,29,30,-4.395604395604396,-101.93406593406593,91.91208791208791,74.9010989010989,-1.098901098901099,0.8904109589041096,-20.025943756103516,-102.58158111572266,86.33561706542969,76.98091888427734,-0.9869375228881836,0.9204900860786438
079_brown,put the brown pouch on the tray,1,1,0,0.0,1788428367.2331612,00000_front_put_the_brown_pouch_on_the_tray.png,00000_wrist_put_the_brown_pouch_on_the_tray.png,recap.png,50,30,30,31,-4.395604395604396,-101.93406593406593,91.91208791208791,74.9010989010989,-1.098901098901099,0.8904109589041096,-20.365724563598633,-102.16529083251953,87.00436401367188,77.05890655517578,-1.0960702896118164,0.9590256810188293
079_brown,put the brown pouch on the tray,2,0,3,1.07,1788428368.2996187,00001_front_put_the_brown_pouch_on_the_tray.png,00001_wrist_put_the_brown_pouch_on_the_tray.png,recap.png,50,0,31,32,-4.747252747252747,-101.14285714285714,90.68131868131869,75.25274725274726,-1.098901098901099,0.8904109589041096,-24.615459442138672,-102.2425765991211,87.87590026855469,76.7774429321289,-0.9402588605880737,0.9261118769645691
079_brown,put the brown pouch on the tray,2,0,3,1.07,1788428368.2996187,00001_front_put_the_brown_pouch_on_the_tray.png,00001_wrist_put_the_brown_pouch_on_the_tray.png,recap.png,50,1,32,33,-4.747252747252747,-101.14285714285714,90.68131868131869,75.25274725274726,-1.098901098901099,0.8904109589041096,-25.51350975036621,-102.32819366455078,87.20414733886719,76.7394027709961,-0.9373302459716797,1.0683443546295166
079_brown,put the brown pouch on the tray,2,0,3,1.07,1788428368.2996187,00001_front_put_the_brown_pouch_on_the_tray.png,00001_wrist_put_the_brown_pouch_on_the_tray.png,recap.png,50,2,33,34,-4.747252747252747,-101.14285714285714,90.68131868131869,75.25274725274726,-1.098901098901099,0.8904109589041096,-26.034748077392578,-102.2813491821289,87.48486328125,76.97249603271484,-0.9107001423835754,1.0287226438522339
079_brown,put the brown pouch on the tray,2,0,3,1.07,1788428368.2996187,00001_front_put_the_brown_pouch_on_the_tray.png,00001_wrist_put_the_brown_pouch_on_the_tray.png,recap.png,50,3,34,35,-4.747252747252747,-101.14285714285714,90.68131868131869,75.25274725274726,-1.098901098901099,0.8904109589041096,-26.964008331298828,-102.30081939697266,87.69171905517578,76.9071273803711,-1.0327098369598389,1.0248298645019531
079_brown,put the brown pouch on the tray,2,0,3,1.07,1788428368.2996187,00001_front_put_the_brown_pouch_on_the_tray.png,00001_wrist_put_the_brown_pouch_on_the_tray.png,recap.png,50,4,35,36,-4.747252747252747,-101.14285714285714,90.68131868131869,75.25274725274726,-1.098901098901099,0.8904109589041096,-27.695432662963867,-102.66419982910156,87.25797271728516,76.77070617675781,-0.9411815404891968,0.8691986799240112
079_brown,put the brown pouch on the tray,2,0,3,1.07,1788428368.2996187,00001_front_put_the_brown_pouch_on_the_tray.png,00001_wrist_put_the_brown_pouch_on_the_tray.png,recap.png,50,5,36,37,-4.747252747252747,-101.14285714285714,90.68131868131869,75.25274725274726,-1.098901098901099,0.8904109589041096,-28.274024963378906,-102.42872619628906,87.5915756225586,76.69281005859375,-0.9983930587768555,1.0002470016479492
079_brown,put the brown pouch on the tray,2,0,3,1.07,1788428368.2996187,00001_front_put_the_brown_pouch_on_the_tray.png,00001_wrist_put_the_brown_pouch_on_the_tray.png,recap.png,50,6,37,38,-4.747252747252747,-101.14285714285714,90.68131868131869,75.25274725274726,-1.098901098901099,0.8904109589041096,-28.881263732910156,-102.27706909179688,87.5545654296875,76.69979095458984,-0.983430027961731,1.0948569774627686
079_brown,put the brown pouch on the tray,2,0,3,1.07,1788428368.2996187,00001_front_put_the_brown_pouch_on_the_tray.png,00001_wrist_put_the_brown_pouch_on_the_tray.png,recap.png,50,7,38,39,-4.747252747252747,-101.14285714285714,90.68131868131869,75.25274725274726,-1.098901098901099,0.8904109589041096,-29.546100616455078,-102.15196228027344,87.31764221191406,76.65670776367188,-1.030639886856079,0.8907968997955322
079_brown,put the brown pouch on the tray,2,0,3,1.07,1788428368.2996187,00001_front_put_the_brown_pouch_on_the_tray.png,00001_wrist_put_the_brown_pouch_on_the_tray.png,recap.png,50,8,39,40,-4.747252747252747,-101.14285714285714,90.68131868131869,75.25274725274726,-1.098901098901099,0.8904109589041096,-30.161502838134766,-103.1527328491211,88.07890319824219,76.59742736816406,-1.023421287536621,0.9263933897018433
079_brown,put the brown pouch on the tray,2,0,3,1.07,1788428368.2996187,00001_front_put_the_brown_pouch_on_the_tray.png,00001_wrist_put_the_brown_pouch_on_the_tray.png,recap.png,50,9,40,41,-4.747252747252747,-101.14285714285714,90.68131868131869,75.25274725274726,-1.098901098901099,0.8904109589041096,-30.731857299804688,-102.35450744628906,88.30451202392578,76.38248443603516,-1.108994483947754,1.1029080152511597
079_brown,put the brown pouch on the tray,2,0,3,1.07,1788428368.2996187,00001_front_put_the_brown_pouch_on_the_tray.png,00001_wrist_put_the_brown_pouch_on_the_tray.png,recap.png,50,10,41,42,-4.747252747252747,-101.14285714285714,90.68131868131869,75.25274725274726,-1.098901098901099,0.8904109589041096,-31.11953353881836,-102.125244140625,87.8608169555664,76.38523864746094,-1.0834472179412842,1.0276511907577515
079_brown,put the brown pouch on the tray,2,0,3,1.07,1788428368.2996187,00001_front_put_the_brown_pouch_on_the_tray.png,00001_wrist_put_the_brown_pouch_on_the_tray.png,recap.png,50,11,42,43,-4.747252747252747,-101.14285714285714,90.68131868131869,75.25274725274726,-1.098901098901099,0.8904109589041096,-31.344039916992188,-102.35311889648438,88.13673400878906,76.2239990234375,-1.147464632987976,1.0119634866714478
079_brown,put the brown pouch on the tray,2,0,3,1.07,1788428368.2996187,00001_front_put_the_brown_pouch_on_the_tray.png,00001_wrist_put_the_brown_pouch_on_the_tray.png,recap.png,50,12,43,44,-4.747252747252747,-101.14285714285714,90.68131868131869,75.25274725274726,-1.098901098901099,0.8904109589041096,-31.61859703063965,-102.61920166015625,88.05880737304688,76.22111511230469,-1.1704833507537842,0.9792941808700562
079_brown,put the brown pouch on the tray,2,0,3,1.07,1788428368.2996187,00001_front_put_the_brown_pouch_on_the_tray.png,00001_wrist_put_the_brown_pouch_on_the_tray.png,recap.png,50,13,44,45,-4.747252747252747,-101.14285714285714,90.68131868131869,75.25274725274726,-1.098901098901099,0.8904109589041096,-31.83028221130371,-102.30352020263672,88.03305053710938,76.16604614257812,-1.205000400543213,0.9796217083930969
079_brown,put the brown pouch on the tray,2,0,3,1.07,1788428368.2996187,00001_front_put_the_brown_pouch_on_the_tray.png,00001_wrist_put_the_brown_pouch_on_the_tray.png,recap.png,50,14,45,46,-4.747252747252747,-101.14285714285714,90.68131868131869,75.25274725274726,-1.098901098901099,0.8904109589041096,-32.10247802734375,-101.94308471679688,88.20307922363281,75.72157287597656,-1.2710485458374023,0.879241943359375
079_brown,put the brown pouch on the tray,2,0,3,1.07,1788428368.2996187,00001_front_put_the_brown_pouch_on_the_tray.png,00001_wrist_put_the_brown_pouch_on_the_tray.png,recap.png,50,15,46,47,-4.747252747252747,-101.14285714285714,90.68131868131869,75.25274725274726,-1.098901098901099,0.8904109589041096,-32.14295959472656,-102.86003875732422,88.21719360351562,75.74909210205078,-1.2323622703552246,0.8622040152549744
079_brown,put the brown pouch on the tray,2,0,3,1.07,1788428368.2996187,00001_front_put_the_brown_pouch_on_the_tray.png,00001_wrist_put_the_brown_pouch_on_the_tray.png,recap.png,50,16,47,48,-4.747252747252747,-101.14285714285714,90.68131868131869,75.25274725274726,-1.098901098901099,0.8904109589041096,-32.338111877441406,-102.48197937011719,87.9959487915039,75.60958862304688,-1.2908637523651123,0.949553906917572
079_brown,put the brown pouch on the tray,2,0,3,1.07,1788428368.2996187,00001_front_put_the_brown_pouch_on_the_tray.png,00001_wrist_put_the_brown_pouch_on_the_tray.png,recap.png,50,17,48,49,-4.747252747252747,-101.14285714285714,90.68131868131869,75.25274725274726,-1.098901098901099,0.8904109589041096,-32.743778228759766,-102.85945892333984,88.24526977539062,75.49248504638672,-1.2852987051010132,0.8867888450622559
079_brown,put the brown pouch on the tray,2,0,3,1.07,1788428368.2996187,00001_front_put_the_brown_pouch_on_the_tray.png,00001_wrist_put_the_brown_pouch_on_the_tray.png,recap.png,50,18,49,50,-4.747252747252747,-101.14285714285714,90.68131868131869,75.25274725274726,-1.098901098901099,0.8904109589041096,-32.941162109375,-102.70591735839844,87.50311279296875,75.52368927001953,-1.369391918182373,0.8567819595336914
079_brown,put the brown pouch on the tray,2,0,3,1.07,1788428368.2996187,00001_front_put_the_brown_pouch_on_the_tray.png,00001_wrist_put_the_brown_pouch_on_the_tray.png,recap.png,50,19,50,51,-4.747252747252747,-101.14285714285714,90.68131868131869,75.25274725274726,-1.098901098901099,0.8904109589041096,-33.87578582763672,-102.32630920410156,87.66531372070312,75.26387786865234,-1.3575973510742188,0.8467252850532532
079_brown,put the brown pouch on the tray,2,0,3,1.07,1788428368.2996187,00001_front_put_the_brown_pouch_on_the_tray.png,00001_wrist_put_the_brown_pouch_on_the_tray.png,recap.png,50,20,51,52,-4.747252747252747,-101.14285714285714,90.68131868131869,75.25274725274726,-1.098901098901099,0.8904109589041096,-34.14340591430664,-102.55347442626953,88.01707458496094,75.01622772216797,-1.3980884552001953,0.77742999792099
079_brown,put the brown pouch on the tray,2,0,3,1.07,1788428368.2996187,00001_front_put_the_brown_pouch_on_the_tray.png,00001_wrist_put_the_brown_pouch_on_the_tray.png,recap.png,50,21,52,53,-4.747252747252747,-101.14285714285714,90.68131868131869,75.25274725274726,-1.098901098901099,0.8904109589041096,-34.28532028198242,-103.00933837890625,88.21792602539062,74.95970916748047,-1.459136962890625,0.7639185190200806
079_brown,put the brown pouch on the tray,3,0,29,1.94,1788428369.1717513,00002_front_put_the_brown_pouch_on_the_tray.png,00002_wrist_put_the_brown_pouch_on_the_tray.png,recap.png,50,0,53,54,-19.076923076923077,-101.93406593406593,89.01098901098901,76.21978021978022,-1.098901098901099,0.8904109589041096,-33.06389617919922,-101.08891296386719,87.17543029785156,75.57240295410156,-1.0164194107055664,1.0829267501831055
079_brown,put the brown pouch on the tray,3,0,29,1.94,1788428369.1717513,00002_front_put_the_brown_pouch_on_the_tray.png,00002_wrist_put_the_brown_pouch_on_the_tray.png,recap.png,50,1,54,55,-19.076923076923077,-101.93406593406593,89.01098901098901,76.21978021978022,-1.098901098901099,0.8904109589041096,-33.52206039428711,-101.04645538330078,87.59329223632812,74.92843627929688,-1.0682916641235352,1.1251204013824463
079_brown,put the brown pouch on the tray,3,0,29,1.94,1788428369.1717513,00002_front_put_the_brown_pouch_on_the_tray.png,00002_wrist_put_the_brown_pouch_on_the_tray.png,recap.png,50,2,55,56,-19.076923076923077,-101.93406593406593,89.01098901098901,76.21978021978022,-1.098901098901099,0.8904109589041096,-33.68709182739258,-100.43441772460938,87.39848327636719,74.7486572265625,-1.0401086807250977,1.0868960618972778
079_brown,put the brown pouch on the tray,3,0,29,1.94,1788428369.1717513,00002_front_put_the_brown_pouch_on_the_tray.png,00002_wrist_put_the_brown_pouch_on_the_tray.png,recap.png,50,3,56,57,-19.076923076923077,-101.93406593406593,89.01098901098901,76.21978021978022,-1.098901098901099,0.8904109589041096,-33.96110534667969,-100.93456268310547,87.77099609375,73.9842758178711,-1.0296821594238281,1.020018219947815
079_brown,put the brown pouch on the tray,3,0,29,1.94,1788428369.1717513,00002_front_put_the_brown_pouch_on_the_tray.png,00002_wrist_put_the_brown_pouch_on_the_tray.png,recap.png,50,4,57,58,-19.076923076923077,-101.93406593406593,89.01098901098901,76.21978021978022,-1.098901098901099,0.8904109589041096,-33.8646240234375,-101.04915618896484,88.1361083984375,73.26132202148438,-1.1539506912231445,1.1168177127838135
079_brown,put the brown pouch on the tray,3,0,29,1.94,1788428369.1717513,00002_front_put_the_brown_pouch_on_the_tray.png,00002_wrist_put_the_brown_pouch_on_the_tray.png,recap.png,50,5,58,59,-19.076923076923077,-101.93406593406593,89.01098901098901,76.21978021978022,-1.098901098901099,0.8904109589041096,-34.78912353515625,-101.11176300048828,87.7252197265625,72.72090148925781,-1.0444622039794922,0.9901560544967651
079_brown,put the brown pouch on the tray,3,0,29,1.94,1788428369.1717513,00002_front_put_the_brown_pouch_on_the_tray.png,00002_wrist_put_the_brown_pouch_on_the_tray.png,recap.png,50,6,59,60,-19.076923076923077,-101.93406593406593,89.01098901098901,76.21978021978022,-1.098901098901099,0.8904109589041096,-34.8897705078125,-100.87480926513672,87.956787109375,72.08806610107422,-1.1146984100341797,0.8658884763717651
079_brown,put the brown pouch on the tray,3,0,29,1.94,1788428369.1717513,00002_front_put_the_brown_pouch_on_the_tray.png,00002_wrist_put_the_brown_pouch_on_the_tray.png,recap.png,50,7,60,61,-19.076923076923077,-101.93406593406593,89.01098901098901,76.21978021978022,-1.098901098901099,0.8904109589041096,-35.2563362121582,-100.59051513671875,88.01490783691406,71.640380859375,-1.221858024597168,0.8749188184738159
079_brown,put the brown pouch on the tray,3,0,29,1.94,1788428369.1717513,00002_front_put_the_brown_pouch_on_the_tray.png,00002_wrist_put_the_brown_pouch_on_the_tray.png,recap.png,50,8,61,62,-19.076923076923077,-101.93406593406593,89.01098901098901,76.21978021978022,-1.098901098901099,0.8904109589041096,-35.936100006103516,-100.66947174072266,87.95777893066406,71.4797592163086,-1.098311424255371,0.9141533374786377
079_brown,put the brown pouch on the tray,3,0,29,1.94,1788428369.1717513,00002_front_put_the_brown_pouch_on_the_tray.png,00002_wrist_put_the_brown_pouch_on_the_tray.png,recap.png,50,9,62,63,-19.076923076923077,-101.93406593406593,89.01098901098901,76.21978021978022,-1.098901098901099,0.8904109589041096,-36.49073028564453,-100.54681396484375,88.39222717285156,71.18537139892578,-1.1514577865600586,0.9504807591438293
079_brown,put the brown pouch on the tray,3,0,29,1.94,1788428369.1717513,00002_front_put_the_brown_pouch_on_the_tray.png,00002_wrist_put_the_brown_pouch_on_the_tray.png,recap.png,50,10,63,64,-19.076923076923077,-101.93406593406593,89.01098901098901,76.21978021978022,-1.098901098901099,0.8904109589041096,-36.855323791503906,-100.64234161376953,87.7037353515625,70.97142791748047,-1.1511201858520508,1.015737771987915
079_brown,put the brown pouch on the tray,3,0,29,1.94,1788428369.1717513,00002_front_put_the_brown_pouch_on_the_tray.png,00002_wrist_put_the_brown_pouch_on_the_tray.png,recap.png,50,11,64,65,-19.076923076923077,-101.93406593406593,89.01098901098901,76.21978021978022,-1.098901098901099,0.8904109589041096,-37.117252349853516,-100.46663665771484,87.62899780273438,70.62884521484375,-1.1549129486083984,1.0446949005126953
079_brown,put the brown pouch on the tray,3,0,29,1.94,1788428369.1717513,00002_front_put_the_brown_pouch_on_the_tray.png,00002_wrist_put_the_brown_pouch_on_the_tray.png,recap.png,50,12,65,66,-19.076923076923077,-101.93406593406593,89.01098901098901,76.21978021978022,-1.098901098901099,0.8904109589041096,-37.71934509277344,-100.72528076171875,87.66456604003906,70.44232940673828,-1.1729183197021484,1.0946369171142578
079_brown,put the brown pouch on the tray,3,0,29,1.94,1788428369.1717513,00002_front_put_the_brown_pouch_on_the_tray.png,00002_wrist_put_the_brown_pouch_on_the_tray.png,recap.png,50,13,66,67,-19.076923076923077,-101.93406593406593,89.01098901098901,76.21978021978022,-1.098901098901099,0.8904109589041096,-38.10034942626953,-100.2171401977539,87.805908203125,70.00320434570312,-1.117762565612793,1.013593316078186
079_brown,put the brown pouch on the tray,3,0,29,1.94,1788428369.1717513,00002_front_put_the_brown_pouch_on_the_tray.png,00002_wrist_put_the_brown_pouch_on_the_tray.png,recap.png,50,14,67,68,-19.076923076923077,-101.93406593406593,89.01098901098901,76.21978021978022,-1.098901098901099,0.8904109589041096,-38.11967468261719,-101.11846160888672,87.94265747070312,69.47811889648438,-1.2196083068847656,1.0995121002197266
079_brown,put the brown pouch on the tray,3,0,29,1.94,1788428369.1717513,00002_front_put_the_brown_pouch_on_the_tray.png,00002_wrist_put_the_brown_pouch_on_the_tray.png,recap.png,50,15,68,69,-19.076923076923077,-101.93406593406593,89.01098901098901,76.21978021978022,-1.098901098901099,0.8904109589041096,-38.449928283691406,-101.42564392089844,88.13690185546875,68.99471282958984,-1.2106008529663086,1.092824935913086
079_brown,put the brown pouch on the tray,3,0,29,1.94,1788428369.1717513,00002_front_put_the_brown_pouch_on_the_tray.png,00002_wrist_put_the_brown_pouch_on_the_tray.png,recap.png,50,16,69,70,-19.076923076923077,-101.93406593406593,89.01098901098901,76.21978021978022,-1.098901098901099,0.8904109589041096,-38.58404541015625,-100.36139678955078,88.26510620117188,68.53777313232422,-1.2875385284423828,1.1111712455749512
079_brown,put the brown pouch on the tray,3,0,29,1.94,1788428369.1717513,00002_front_put_the_brown_pouch_on_the_tray.png,00002_wrist_put_the_brown_pouch_on_the_tray.png,recap.png,50,17,70,71,-19.076923076923077,-101.93406593406593,89.01098901098901,76.21978021978022,-1.098901098901099,0.8904109589041096,-38.8203239440918,-100.27408599853516,87.2266845703125,67.97827911376953,-1.3761587142944336,0.9722461700439453
079_brown,put the brown pouch on the tray,3,0,29,1.94,1788428369.1717513,00002_front_put_the_brown_pouch_on_the_tray.png,00002_wrist_put_the_brown_pouch_on_the_tray.png,recap.png,50,18,71,72,-19.076923076923077,-101.93406593406593,89.01098901098901,76.21978021978022,-1.098901098901099,0.8904109589041096,-39.16722869873047,-101.21822357177734,87.76530456542969,67.64326477050781,-1.429133415222168,1.037074089050293
079_brown,put the brown pouch on the tray,3,0,29,1.94,1788428369.1717513,00002_front_put_the_brown_pouch_on_the_tray.png,00002_wrist_put_the_brown_pouch_on_the_tray.png,recap.png,50,19,72,73,-19.076923076923077,-101.93406593406593,89.01098901098901,76.21978021978022,-1.098901098901099,0.8904109589041096,-39.2725830078125,-100.79947662353516,87.85020446777344,67.35743713378906,-1.6272239685058594,0.992365300655365
079_brown,put the brown pouch on the tray,3,0,29,1.94,1788428369.1717513,00002_front_put_the_brown_pouch_on_the_tray.png,00002_wrist_put_the_brown_pouch_on_the_tray.png,recap.png,50,20,73,74,-19.076923076923077,-101.93406593406593,89.01098901098901,76.21978021978022,-1.098901098901099,0.8904109589041096,-39.4365119934082,-101.1105728149414,87.45101928710938,66.68994140625,-1.940643310546875,0.9545615315437317
079_brown,put the brown pouch on the tray,3,0,29,1.94,1788428369.1717513,00002_front_put_the_brown_pouch_on_the_tray.png,00002_wrist_put_the_brown_pouch_on_the_tray.png,recap.png,50,21,74,75,-19.076923076923077,-101.93406593406593,89.01098901098901,76.21978021978022,-1.098901098901099,0.8904109589041096,-39.381866455078125,-100.49258422851562,87.29945373535156,66.21329498291016,-2.308041572570801,0.9150158166885376
079_brown,put the brown pouch on the tray,3,0,29,1.94,1788428369.1717513,00002_front_put_the_brown_pouch_on_the_tray.png,00002_wrist_put_the_brown_pouch_on_the_tray.png,recap.png,50,22,75,76,-19.076923076923077,-101.93406593406593,89.01098901098901,76.21978021978022,-1.098901098901099,0.8904109589041096,-39.58098220825195,-101.11614990234375,87.6497802734375,65.85443878173828,-2.679196357727051,0.8118264675140381
079_brown,put the brown pouch on the tray,3,0,29,1.94,1788428369.1717513,00002_front_put_the_brown_pouch_on_the_tray.png,00002_wrist_put_the_brown_pouch_on_the_tray.png,recap.png,50,23,76,77,-19.076923076923077,-101.93406593406593,89.01098901098901,76.21978021978022,-1.098901098901099,0.8904109589041096,-39.54264450073242,-101.23017120361328,87.49920654296875,65.73719024658203,-2.904543876647949,0.8640233874320984
079_brown,put the brown pouch on the tray,3,0,29,1.94,1788428369.1717513,00002_front_put_the_brown_pouch_on_the_tray.png,00002_wrist_put_the_brown_pouch_on_the_tray.png,recap.png,50,24,77,78,-19.076923076923077,-101.93406593406593,89.01098901098901,76.21978021978022,-1.098901098901099,0.8904109589041096,-39.8129997253418,-101.03462219238281,87.33413696289062,65.43128967285156,-2.981119155883789,0.9455673098564148
079_brown,put the brown pouch on the tray,4,1,52,2.709,1788428369.9404209,00003_front_put_the_brown_pouch_on_the_tray.png,00003_wrist_put_the_brown_pouch_on_the_tray.png,recap.png,50,0,78,79,-33.23076923076923,-102.1978021978022,89.01098901098901,76.04395604395604,-1.098901098901099,0.8904109589041096,-41.886695861816406,-101.5909423828125,86.26123046875,66.28237915039062,-1.907104253768921,0.6907016038894653
079_brown,put the brown pouch on the tray,4,1,52,2.709,1788428369.9404209,00003_front_put_the_brown_pouch_on_the_tray.png,00003_wrist_put_the_brown_pouch_on_the_tray.png,recap.png,50,1,79,80,-33.23076923076923,-102.1978021978022,89.01098901098901,76.04395604395604,-1.098901098901099,0.8904109589041096,-42.619956970214844,-100.89973449707031,85.94416809082031,65.78244018554688,-1.463094711303711,0.872767984867096
079_brown,put the brown pouch on the tray,4,1,52,2.709,1788428369.9404209,00003_front_put_the_brown_pouch_on_the_tray.png,00003_wrist_put_the_brown_pouch_on_the_tray.png,recap.png,50,2,80,81,-33.23076923076923,-102.1978021978022,89.01098901098901,76.04395604395604,-1.098901098901099,0.8904109589041096,-43.09349060058594,-101.57308959960938,85.6192626953125,65.23738098144531,-1.4661788940429688,0.6749799251556396
079_brown,put the brown pouch on the tray,4,1,52,2.709,1788428369.9404209,00003_front_put_the_brown_pouch_on_the_tray.png,00003_wrist_put_the_brown_pouch_on_the_tray.png,recap.png,50,3,81,82,-33.23076923076923,-102.1978021978022,89.01098901098901,76.04395604395604,-1.098901098901099,0.8904109589041096,-42.816951751708984,-101.79276275634766,85.55274963378906,64.8141098022461,-1.557997703552246,0.9344976544380188
079_brown,put the brown pouch on the tray,4,1,52,2.709,1788428369.9404209,00003_front_put_the_brown_pouch_on_the_tray.png,00003_wrist_put_the_brown_pouch_on_the_tray.png,recap.png,50,4,82,83,-33.23076923076923,-102.1978021978022,89.01098901098901,76.04395604395604,-1.098901098901099,0.8904109589041096,-42.70537185668945,-101.2925033569336,85.50860595703125,64.30804443359375,-1.5775470733642578,0.8880107998847961
079_brown,put the brown pouch on the tray,4,1,52,2.709,1788428369.9404209,00003_front_put_the_brown_pouch_on_the_tray.png,00003_wrist_put_the_brown_pouch_on_the_tray.png,recap.png,50,5,83,84,-33.23076923076923,-102.1978021978022,89.01098901098901,76.04395604395604,-1.098901098901099,0.8904109589041096,-42.65773010253906,-102.1910171508789,85.63754272460938,63.91563415527344,-1.7426328659057617,0.928082287311554
079_brown,put the brown pouch on the tray,4,1,52,2.709,1788428369.9404209,00003_front_put_the_brown_pouch_on_the_tray.png,00003_wrist_put_the_brown_pouch_on_the_tray.png,recap.png,50,6,84,85,-33.23076923076923,-102.1978021978022,89.01098901098901,76.04395604395604,-1.098901098901099,0.8904109589041096,-42.62636184692383,-101.55548095703125,84.51222229003906,63.64289855957031,-1.763911247253418,0.9683385491371155
079_brown,put the brown pouch on the tray,4,1,52,2.709,1788428369.9404209,00003_front_put_the_brown_pouch_on_the_tray.png,00003_wrist_put_the_brown_pouch_on_the_tray.png,recap.png,50,7,85,86,-33.23076923076923,-102.1978021978022,89.01098901098901,76.04395604395604,-1.098901098901099,0.8904109589041096,-42.51472473144531,-102.07550811767578,85.18460083007812,63.49449157714844,-1.7808637619018555,0.8988202214241028
079_brown,put the brown pouch on the tray,4,1,52,2.709,1788428369.9404209,00003_front_put_the_brown_pouch_on_the_tray.png,00003_wrist_put_the_brown_pouch_on_the_tray.png,recap.png,50,8,86,87,-33.23076923076923,-102.1978021978022,89.01098901098901,76.04395604395604,-1.098901098901099,0.8904109589041096,-42.31260681152344,-101.672607421875,84.36387634277344,63.414649963378906,-1.836970329284668,0.8794860243797302
079_brown,put the brown pouch on the tray,4,1,52,2.709,1788428369.9404209,00003_front_put_the_brown_pouch_on_the_tray.png,00003_wrist_put_the_brown_pouch_on_the_tray.png,recap.png,50,9,87,88,-33.23076923076923,-102.1978021978022,89.01098901098901,76.04395604395604,-1.098901098901099,0.8904109589041096,-42.59035110473633,-102.0811996459961,84.152099609375,63.240543365478516,-2.092214584350586,0.7503942251205444
079_brown,put the brown pouch on the tray,4,1,52,2.709,1788428369.9404209,00003_front_put_the_brown_pouch_on_the_tray.png,00003_wrist_put_the_brown_pouch_on_the_tray.png,recap.png,50,10,88,89,-33.23076923076923,-102.1978021978022,89.01098901098901,76.04395604395604,-1.098901098901099,0.8904109589041096,-42.230316162109375,-101.97769165039062,83.79939270019531,63.251644134521484,-2.2235946655273438,0.8355844616889954
079_brown,put the brown pouch on the tray,4,1,52,2.709,1788428369.9404209,00003_front_put_the_brown_pouch_on_the_tray.png,00003_wrist_put_the_brown_pouch_on_the_tray.png,recap.png,50,11,89,90,-33.23076923076923,-102.1978021978022,89.01098901098901,76.04395604395604,-1.098901098901099,0.8904109589041096,-42.46925735473633,-101.3293228149414,83.37525939941406,62.84855270385742,-2.3785905838012695,0.7870317697525024
079_brown,put the brown pouch on the tray,4,1,52,2.709,1788428369.9404209,00003_front_put_the_brown_pouch_on_the_tray.png,00003_wrist_put_the_brown_pouch_on_the_tray.png,recap.png,50,12,90,91,-33.23076923076923,-102.1978021978022,89.01098901098901,76.04395604395604,-1.098901098901099,0.8904109589041096,-42.39306640625,-101.85822296142578,82.91694641113281,62.57244873046875,-2.9213342666625977,0.7944837808609009
079_brown,put the brown pouch on the tray,4,1,52,2.709,1788428369.9404209,00003_front_put_the_brown_pouch_on_the_tray.png,00003_wrist_put_the_brown_pouch_on_the_tray.png,recap.png,50,13,91,92,-33.23076923076923,-102.1978021978022,89.01098901098901,76.04395604395604,-1.098901098901099,0.8904109589041096,-42.57703399658203,-102.46111297607422,83.19729614257812,62.226470947265625,-3.523378372192383,0.8800203204154968
079_brown,put the brown pouch on the tray,4,1,52,2.709,1788428369.9404209,00003_front_put_the_brown_pouch_on_the_tray.png,00003_wrist_put_the_brown_pouch_on_the_tray.png,recap.png,50,14,92,93,-33.23076923076923,-102.1978021978022,89.01098901098901,76.04395604395604,-1.098901098901099,0.8904109589041096,-42.52961349487305,-101.80011749267578,81.99810791015625,61.92820358276367,-4.120389938354492,0.8803389668464661
079_brown,put the brown pouch on the tray,4,1,52,2.709,1788428369.9404209,00003_front_put_the_brown_pouch_on_the_tray.png,00003_wrist_put_the_brown_pouch_on_the_tray.png,recap.png,50,15,93,94,-33.23076923076923,-102.1978021978022,89.01098901098901,76.04395604395604,-1.098901098901099,0.8904109589041096,-42.300968170166016,-101.9260482788086,82.44869995117188,61.500572204589844,-4.553647994995117,0.8458458185195923
079_brown,put the brown pouch on the tray,4,1,52,2.709,1788428369.9404209,00003_front_put_the_brown_pouch_on_the_tray.png,00003_wrist_put_the_brown_pouch_on_the_tray.png,recap.png,50,16,94,95,-33.23076923076923,-102.1978021978022,89.01098901098901,76.04395604395604,-1.098901098901099,0.8904109589041096,-42.32006072998047,-100.66059112548828,82.23312377929688,61.8375129699707,-4.693363666534424,0.8853002190589905
079_brown,put the brown pouch on the tray,4,1,52,2.709,1788428369.9404209,00003_front_put_the_brown_pouch_on_the_tray.png,00003_wrist_put_the_brown_pouch_on_the_tray.png,recap.png,50,17,95,96,-33.23076923076923,-102.1978021978022,89.01098901098901,76.04395604395604,-1.098901098901099,0.8904109589041096,-42.306190490722656,-101.42279815673828,81.73245239257812,61.622406005859375,-4.7164692878723145,0.9318337440490723
079_brown,put the brown pouch on the tray,4,1,52,2.709,1788428369.9404209,00003_front_put_the_brown_pouch_on_the_tray.png,00003_wrist_put_the_brown_pouch_on_the_tray.png,recap.png,50,18,96,97,-33.23076923076923,-102.1978021978022,89.01098901098901,76.04395604395604,-1.098901098901099,0.8904109589041096,-42.48537063598633,-101.35066223144531,81.60752868652344,61.46866989135742,-4.611130714416504,0.7983415126800537
079_brown,put the brown pouch on the tray,4,1,52,2.709,1788428369.9404209,00003_front_put_the_brown_pouch_on_the_tray.png,00003_wrist_put_the_brown_pouch_on_the_tray.png,recap.png,50,19,97,98,-33.23076923076923,-102.1978021978022,89.01098901098901,76.04395604395604,-1.098901098901099,0.8904109589041096,-42.71833038330078,-101.34173583984375,81.29151916503906,61.230552673339844,-4.605876922607422,0.9696280360221863
079_brown,put the brown pouch on the tray,4,1,52,2.709,1788428369.9404209,00003_front_put_the_brown_pouch_on_the_tray.png,00003_wrist_put_the_brown_pouch_on_the_tray.png,recap.png,50,20,98,99,-33.23076923076923,-102.1978021978022,89.01098901098901,76.04395604395604,-1.098901098901099,0.8904109589041096,-42.66371536254883,-100.97272491455078,81.31423950195312,61.015098571777344,-4.6020073890686035,0.9798139333724976
079_brown,put the brown pouch on the tray,4,1,52,2.709,1788428369.9404209,00003_front_put_the_brown_pouch_on_the_tray.png,00003_wrist_put_the_brown_pouch_on_the_tray.png,recap.png,50,21,99,100,-33.23076923076923,-102.1978021978022,89.01098901098901,76.04395604395604,-1.098901098901099,0.8904109589041096,-42.80423355102539,-101.53458404541016,81.44044494628906,60.904457092285156,-4.64246940612793,0.9914688467979431
079_brown,put the brown pouch on the tray,4,1,52,2.709,1788428369.9404209,00003_front_put_the_brown_pouch_on_the_tray.png,00003_wrist_put_the_brown_pouch_on_the_tray.png,recap.png,50,22,100,101,-33.23076923076923,-102.1978021978022,89.01098901098901,76.04395604395604,-1.098901098901099,0.8904109589041096,-43.12390899658203,-100.59715270996094,81.07998657226562,60.649009704589844,-4.495000839233398,0.7889712452888489
079_brown,put the brown pouch on the tray,4,1,52,2.709,1788428369.9404209,00003_front_put_the_brown_pouch_on_the_tray.png,00003_wrist_put_the_brown_pouch_on_the_tray.png,recap.png,50,23,101,102,-33.23076923076923,-102.1978021978022,89.01098901098901,76.04395604395604,-1.098901098901099,0.8904109589041096,-42.75625991821289,-101.50049591064453,80.76885986328125,60.364112854003906,-4.439297676086426,0.8144605755805969
079_brown,put the brown pouch on the tray,5,0,77,3.645,1788428370.8753955,00004_front_put_the_brown_pouch_on_the_tray.png,00004_wrist_put_the_brown_pouch_on_the_tray.png,recap.png,50,0,102,103,-39.20879120879121,-100.79120879120879,89.01098901098901,67.34065934065934,-1.89010989010989,0.8904109589041096,-43.6475944519043,-98.24838256835938,79.9415283203125,61.96857833862305,-3.3157291412353516,0.9594877362251282
079_brown,put the brown pouch on the tray,5,0,77,3.645,1788428370.8753955,00004_front_put_the_brown_pouch_on_the_tray.png,00004_wrist_put_the_brown_pouch_on_the_tray.png,recap.png,50,1,103,104,-39.20879120879121,-100.79120879120879,89.01098901098901,67.34065934065934,-1.89010989010989,0.8904109589041096,-43.74065399169922,-97.47822570800781,80.49427795410156,62.264129638671875,-3.3567466735839844,1.0011587142944336
079_brown,put the brown pouch on the tray,5,0,77,3.645,1788428370.8753955,00004_front_put_the_brown_pouch_on_the_tray.png,00004_wrist_put_the_brown_pouch_on_the_tray.png,recap.png,50,2,104,105,-39.20879120879121,-100.79120879120879,89.01098901098901,67.34065934065934,-1.89010989010989,0.8904109589041096,-43.53564453125,-97.61016082763672,79.39414978027344,62.580745697021484,-3.2629404067993164,1.0632208585739136
079_brown,put the brown pouch on the tray,5,0,77,3.645,1788428370.8753955,00004_front_put_the_brown_pouch_on_the_tray.png,00004_wrist_put_the_brown_pouch_on_the_tray.png,recap.png,50,3,105,106,-39.20879120879121,-100.79120879120879,89.01098901098901,67.34065934065934,-1.89010989010989,0.8904109589041096,-43.54368591308594,-97.5133056640625,79.5484619140625,62.619789123535156,-3.2595291137695312,0.9741835594177246
079_brown,put the brown pouch on the tray,5,0,77,3.645,1788428370.8753955,00004_front_put_the_brown_pouch_on_the_tray.png,00004_wrist_put_the_brown_pouch_on_the_tray.png,recap.png,50,4,106,107,-39.20879120879121,-100.79120879120879,89.01098901098901,67.34065934065934,-1.89010989010989,0.8904109589041096,-43.4412956237793,-97.55050659179688,78.78315734863281,62.7588005065918,-3.2700138092041016,1.0970056056976318
079_brown,put the brown pouch on the tray,5,0,77,3.645,1788428370.8753955,00004_front_put_the_brown_pouch_on_the_tray.png,00004_wrist_put_the_brown_pouch_on_the_tray.png,recap.png,50,5,107,108,-39.20879120879121,-100.79120879120879,89.01098901098901,67.34065934065934,-1.89010989010989,0.8904109589041096,-43.34747314453125,-97.03909301757812,78.78416442871094,62.782352447509766,-3.3092031478881836,1.065959095954895
079_brown,put the brown pouch on the tray,5,0,77,3.645,1788428370.8753955,00004_front_put_the_brown_pouch_on_the_tray.png,00004_wrist_put_the_brown_pouch_on_the_tray.png,recap.png,50,6,108,109,-39.20879120879121,-100.79120879120879,89.01098901098901,67.34065934065934,-1.89010989010989,0.8904109589041096,-43.57307052612305,-96.81355285644531,78.72169494628906,62.834232330322266,-3.28640079498291,0.9292453527450562
079_brown,put the brown pouch on the tray,5,0,77,3.645,1788428370.8753955,00004_front_put_the_brown_pouch_on_the_tray.png,00004_wrist_put_the_brown_pouch_on_the_tray.png,recap.png,50,7,109,110,-39.20879120879121,-100.79120879120879,89.01098901098901,67.34065934065934,-1.89010989010989,0.8904109589041096,-43.42335891723633,-97.10359191894531,78.35075378417969,62.872032165527344,-3.285360336303711,1.036905288696289
079_brown,put the brown pouch on the tray,5,0,77,3.645,1788428370.8753955,00004_front_put_the_brown_pouch_on_the_tray.png,00004_wrist_put_the_brown_pouch_on_the_tray.png,recap.png,50,8,110,111,-39.20879120879121,-100.79120879120879,89.01098901098901,67.34065934065934,-1.89010989010989,0.8904109589041096,-43.16191101074219,-96.36634826660156,78.16909790039062,62.810203552246094,-3.2730979919433594,1.0560811758041382
079_brown,put the brown pouch on the tray,5,0,77,3.645,1788428370.8753955,00004_front_put_the_brown_pouch_on_the_tray.png,00004_wrist_put_the_brown_pouch_on_the_tray.png,recap.png,50,9,111,112,-39.20879120879121,-100.79120879120879,89.01098901098901,67.34065934065934,-1.89010989010989,0.8904109589041096,-43.23362731933594,-96.51661682128906,78.15878295898438,62.560302734375,-3.2889232635498047,0.9633581638336182
079_brown,put the brown pouch on the tray,5,0,77,3.645,1788428370.8753955,00004_front_put_the_brown_pouch_on_the_tray.png,00004_wrist_put_the_brown_pouch_on_the_tray.png,recap.png,50,10,112,113,-39.20879120879121,-100.79120879120879,89.01098901098901,67.34065934065934,-1.89010989010989,0.8904109589041096,-43.03068161010742,-96.51467895507812,77.89082336425781,62.67524337768555,-3.243441581726074,1.1598525047302246
079_brown,put the brown pouch on the tray,5,0,77,3.645,1788428370.8753955,00004_front_put_the_brown_pouch_on_the_tray.png,00004_wrist_put_the_brown_pouch_on_the_tray.png,recap.png,50,11,113,114,-39.20879120879121,-100.79120879120879,89.01098901098901,67.34065934065934,-1.89010989010989,0.8904109589041096,-43.07339096069336,-96.12716674804688,77.51962280273438,62.5882568359375,-3.374286651611328,0.9745563268661499
079_brown,put the brown pouch on the tray,5,0,77,3.645,1788428370.8753955,00004_front_put_the_brown_pouch_on_the_tray.png,00004_wrist_put_the_brown_pouch_on_the_tray.png,recap.png,50,12,114,115,-39.20879120879121,-100.79120879120879,89.01098901098901,67.34065934065934,-1.89010989010989,0.8904109589041096,-43.221771240234375,-95.84961700439453,77.21351623535156,62.314422607421875,-3.573369026184082,0.9674336314201355
079_brown,put the brown pouch on the tray,5,0,77,3.645,1788428370.8753955,00004_front_put_the_brown_pouch_on_the_tray.png,00004_wrist_put_the_brown_pouch_on_the_tray.png,recap.png,50,13,115,116,-39.20879120879121,-100.79120879120879,89.01098901098901,67.34065934065934,-1.89010989010989,0.8904109589041096,-43.008277893066406,-94.28085327148438,76.18475341796875,62.32378387451172,-3.8596982955932617,0.956201434135437
079_brown,put the brown pouch on the tray,5,0,77,3.645,1788428370.8753955,00004_front_put_the_brown_pouch_on_the_tray.png,00004_wrist_put_the_brown_pouch_on_the_tray.png,recap.png,50,14,116,117,-39.20879120879121,-100.79120879120879,89.01098901098901,67.34065934065934,-1.89010989010989,0.8904109589041096,-42.642311096191406,-93.00816345214844,75.61383056640625,62.021324157714844,-3.991265296936035,0.830118715763092
079_brown,put the brown pouch on the tray,5,0,77,3.645,1788428370.8753955,00004_front_put_the_brown_pouch_on_the_tray.png,00004_wrist_put_the_brown_pouch_on_the_tray.png,recap.png,50,15,117,118,-39.20879120879121,-100.79120879120879,89.01098901098901,67.34065934065934,-1.89010989010989,0.8904109589041096,-42.83367919921875,-91.8781967163086,74.9359130859375,61.51779556274414,-4.338357925415039,0.9871459603309631
079_brown,put the brown pouch on the tray,5,0,77,3.645,1788428370.8753955,00004_front_put_the_brown_pouch_on_the_tray.png,00004_wrist_put_the_brown_pouch_on_the_tray.png,recap.png,50,16,118,119,-39.20879120879121,-100.79120879120879,89.01098901098901,67.34065934065934,-1.89010989010989,0.8904109589041096,-42.81493377685547,-89.64576721191406,74.04281616210938,60.87895965576172,-4.784402370452881,0.8880894184112549
079_brown,put the brown pouch on the tray,5,0,77,3.645,1788428370.8753955,00004_front_put_the_brown_pouch_on_the_tray.png,00004_wrist_put_the_brown_pouch_on_the_tray.png,recap.png,50,17,119,120,-39.20879120879121,-100.79120879120879,89.01098901098901,67.34065934065934,-1.89010989010989,0.8904109589041096,-42.92805480957031,-87.54595184326172,72.956787109375,60.089691162109375,-5.157497406005859,0.7775627970695496
079_brown,put the brown pouch on the tray,5,0,77,3.645,1788428370.8753955,00004_front_put_the_brown_pouch_on_the_tray.png,00004_wrist_put_the_brown_pouch_on_the_tray.png,recap.png,50,18,120,121,-39.20879120879121,-100.79120879120879,89.01098901098901,67.34065934065934,-1.89010989010989,0.8904109589041096,-42.82402038574219,-84.16039276123047,71.2994613647461,59.345638275146484,-5.574421405792236,0.9641175866127014
079_brown,put the brown pouch on the tray,5,0,77,3.645,1788428370.8753955,00004_front_put_the_brown_pouch_on_the_tray.png,00004_wrist_put_the_brown_pouch_on_the_tray.png,recap.png,50,19,121,122,-39.20879120879121,-100.79120879120879,89.01098901098901,67.34065934065934,-1.89010989010989,0.8904109589041096,-42.93235397338867,-80.93960571289062,69.36902618408203,58.54521179199219,-6.052797317504883,1.053807020187378
079_brown,put the brown pouch on the tray,5,0,77,3.645,1788428370.8753955,00004_front_put_the_brown_pouch_on_the_tray.png,00004_wrist_put_the_brown_pouch_on_the_tray.png,recap.png,50,20,122,123,-39.20879120879121,-100.79120879120879,89.01098901098901,67.34065934065934,-1.89010989010989,0.8904109589041096,-42.917266845703125,-78.33554077148438,68.38629913330078,57.63689422607422,-6.1861701011657715,1.1139423847198486
079_brown,put the brown pouch on the tray,5,0,77,3.645,1788428370.8753955,00004_front_put_the_brown_pouch_on_the_tray.png,00004_wrist_put_the_brown_pouch_on_the_tray.png,recap.png,50,21,123,124,-39.20879120879121,-100.79120879120879,89.01098901098901,67.34065934065934,-1.89010989010989,0.8904109589041096,-42.759986877441406,-75.64586639404297,66.93189239501953,56.57575988769531,-6.234798431396484,1.180631160736084
079_brown,put the brown pouch on the tray,5,0,77,3.645,1788428370.8753955,00004_front_put_the_brown_pouch_on_the_tray.png,00004_wrist_put_the_brown_pouch_on_the_tray.png,recap.png,50,22,124,125,-39.20879120879121,-100.79120879120879,89.01098901098901,67.34065934065934,-1.89010989010989,0.8904109589041096,-42.516265869140625,-73.04753112792969,65.60657501220703,55.620399475097656,-6.177016258239746,1.100919485092163
079_brown,put the brown pouch on the tray,5,0,77,3.645,1788428370.8753955,00004_front_put_the_brown_pouch_on_the_tray.png,00004_wrist_put_the_brown_pouch_on_the_tray.png,recap.png,50,23,125,126,-39.20879120879121,-100.79120879120879,89.01098901098901,67.34065934065934,-1.89010989010989,0.8904109589041096,-42.76960754394531,-71.50713348388672,65.96713256835938,54.74211120605469,-6.05769157409668,1.046748161315918
079_brown,put the brown pouch on the tray,5,0,77,3.645,1788428370.8753955,00004_front_put_the_brown_pouch_on_the_tray.png,00004_wrist_put_the_brown_pouch_on_the_tray.png,recap.png,50,24,126,127,-39.20879120879121,-100.79120879120879,89.01098901098901,67.34065934065934,-1.89010989010989,0.8904109589041096,-43.12196731567383,-69.52870178222656,64.40508270263672,54.12979507446289,-6.0153069496154785,1.1887130737304688
079_brown,put the brown pouch on the tray,6,1,101,4.447,1788428371.6752133,00005_front_put_the_brown_pouch_on_the_tray.png,00005_wrist_put_the_brown_pouch_on_the_tray.png,recap.png,50,0,127,128,-42.37362637362637,-101.31868131868131,83.82417582417582,62.15384615384615,-4.175824175824176,0.821917808219178,-42.834136962890625,-69.88238525390625,59.95201110839844,56.10873031616211,-6.227503299713135,1.1043545007705688
079_brown,put the brown pouch on the tray,6,1,101,4.447,1788428371.6752133,00005_front_put_the_brown_pouch_on_the_tray.png,00005_wrist_put_the_brown_pouch_on_the_tray.png,recap.png,50,1,128,129,-42.37362637362637,-101.31868131868131,83.82417582417582,62.15384615384615,-4.175824175824176,0.821917808219178,-42.91254425048828,-67.44406127929688,59.02183532714844,55.93101501464844,-6.376505374908447,1.1534817218780518
079_brown,put the brown pouch on the tray,6,1,101,4.447,1788428371.6752133,00005_front_put_the_brown_pouch_on_the_tray.png,00005_wrist_put_the_brown_pouch_on_the_tray.png,recap.png,50,2,129,130,-42.37362637362637,-101.31868131868131,83.82417582417582,62.15384615384615,-4.175824175824176,0.821917808219178,-42.77728271484375,-64.99281311035156,57.824241638183594,56.02157974243164,-6.554693222045898,1.1684048175811768
079_brown,put the brown pouch on the tray,6,1,101,4.447,1788428371.6752133,00005_front_put_the_brown_pouch_on_the_tray.png,00005_wrist_put_the_brown_pouch_on_the_tray.png,recap.png,50,3,130,131,-42.37362637362637,-101.31868131868131,83.82417582417582,62.15384615384615,-4.175824175824176,0.821917808219178,-42.763267517089844,-62.69477844238281,56.38243103027344,55.995033264160156,-6.7660417556762695,1.0924468040466309
079_brown,put the brown pouch on the tray,6,1,101,4.447,1788428371.6752133,00005_front_put_the_brown_pouch_on_the_tray.png,00005_wrist_put_the_brown_pouch_on_the_tray.png,recap.png,50,4,131,132,-42.37362637362637,-101.31868131868131,83.82417582417582,62.15384615384615,-4.175824175824176,0.821917808219178,-42.71511459350586,-60.69813537597656,54.541038513183594,56.06245803833008,-7.011882781982422,1.1850147247314453
079_brown,put the brown pouch on the tray,6,1,101,4.447,1788428371.6752133,00005_front_put_the_brown_pouch_on_the_tray.png,00005_wrist_put_the_brown_pouch_on_the_tray.png,recap.png,50,5,132,133,-42.37362637362637,-101.31868131868131,83.82417582417582,62.15384615384615,-4.175824175824176,0.821917808219178,-42.592872619628906,-58.447418212890625,53.900489807128906,56.2791748046875,-7.2321624755859375,1.2474994659423828
079_brown,put the brown pouch on the tray,6,1,101,4.447,1788428371.6752133,00005_front_put_the_brown_pouch_on_the_tray.png,00005_wrist_put_the_brown_pouch_on_the_tray.png,recap.png,50,6,133,134,-42.37362637362637,-101.31868131868131,83.82417582417582,62.15384615384615,-4.175824175824176,0.821917808219178,-42.55690002441406,-56.71274948120117,51.97010040283203,56.38783264160156,-7.49032735824585,1.3407440185546875
079_brown,put the brown pouch on the tray,6,1,101,4.447,1788428371.6752133,00005_front_put_the_brown_pouch_on_the_tray.png,00005_wrist_put_the_brown_pouch_on_the_tray.png,recap.png,50,7,134,135,-42.37362637362637,-101.31868131868131,83.82417582417582,62.15384615384615,-4.175824175824176,0.821917808219178,-42.61256408691406,-54.660858154296875,51.03742980957031,56.43793487548828,-7.552035808563232,1.1999058723449707
079_brown,put the brown pouch on the tray,6,1,101,4.447,1788428371.6752133,00005_front_put_the_brown_pouch_on_the_tray.png,00005_wrist_put_the_brown_pouch_on_the_tray.png,recap.png,50,8,135,136,-42.37362637362637,-101.31868131868131,83.82417582417582,62.15384615384615,-4.175824175824176,0.821917808219178,-42.508277893066406,-52.66876983642578,49.57300567626953,56.52306365966797,-7.560481071472168,1.1865293979644775
079_brown,put the brown pouch on the tray,6,1,101,4.447,1788428371.6752133,00005_front_put_the_brown_pouch_on_the_tray.png,00005_wrist_put_the_brown_pouch_on_the_tray.png,recap.png,50,9,136,137,-42.37362637362637,-101.31868131868131,83.82417582417582,62.15384615384615,-4.175824175824176,0.821917808219178,-42.330230712890625,-50.65828323364258,48.572486877441406,56.51457977294922,-7.6160664558410645,1.2138328552246094
079_brown,put the brown pouch on the tray,6,1,101,4.447,1788428371.6752133,00005_front_put_the_brown_pouch_on_the_tray.png,00005_wrist_put_the_brown_pouch_on_the_tray.png,recap.png,50,10,137,138,-42.37362637362637,-101.31868131868131,83.82417582417582,62.15384615384615,-4.175824175824176,0.821917808219178,-42.56779479980469,-48.94368362426758,47.581138610839844,56.24363708496094,-7.629249095916748,1.2648687362670898
079_brown,put the brown pouch on the tray,6,1,101,4.447,1788428371.6752133,00005_front_put_the_brown_pouch_on_the_tray.png,00005_wrist_put_the_brown_pouch_on_the_tray.png,recap.png,50,11,138,139,-42.37362637362637,-101.31868131868131,83.82417582417582,62.15384615384615,-4.175824175824176,0.821917808219178,-42.46617126464844,-47.09773254394531,45.89964294433594,56.70561599731445,-7.790334224700928,1.420231580734253
079_brown,put the brown pouch on the tray,6,1,101,4.447,1788428371.6752133,00005_front_put_the_brown_pouch_on_the_tray.png,00005_wrist_put_the_brown_pouch_on_the_tray.png,recap.png,50,12,139,140,-42.37362637362637,-101.31868131868131,83.82417582417582,62.15384615384615,-4.175824175824176,0.821917808219178,-42.46810531616211,-45.5227165222168,45.13005065917969,56.511024475097656,-7.672117710113525,1.35062837600708
079_brown,put the brown pouch on the tray,6,1,101,4.447,1788428371.6752133,00005_front_put_the_brown_pouch_on_the_tray.png,00005_wrist_put_the_brown_pouch_on_the_tray.png,recap.png,50,13,140,141,-42.37362637362637,-101.31868131868131,83.82417582417582,62.15384615384615,-4.175824175824176,0.821917808219178,-42.72718811035156,-43.90265655517578,44.018470764160156,56.659305572509766,-7.71389102935791,1.3615217208862305
079_brown,put the brown pouch on the tray,6,1,101,4.447,1788428371.6752133,00005_front_put_the_brown_pouch_on_the_tray.png,00005_wrist_put_the_brown_pouch_on_the_tray.png,recap.png,50,14,141,142,-42.37362637362637,-101.31868131868131,83.82417582417582,62.15384615384615,-4.175824175824176,0.821917808219178,-42.69565963745117,-42.610450744628906,42.77772521972656,56.67433166503906,-7.747574806213379,1.3398942947387695
079_brown,put the brown pouch on the tray,6,1,101,4.447,1788428371.6752133,00005_front_put_the_brown_pouch_on_the_tray.png,00005_wrist_put_the_brown_pouch_on_the_tray.png,recap.png,50,15,142,143,-42.37362637362637,-101.31868131868131,83.82417582417582,62.15384615384615,-4.175824175824176,0.821917808219178,-42.57235336303711,-40.529911041259766,42.13203430175781,56.89458084106445,-7.892861366271973,1.4510688781738281
079_brown,put the brown pouch on the tray,6,1,101,4.447,1788428371.6752133,00005_front_put_the_brown_pouch_on_the_tray.png,00005_wrist_put_the_brown_pouch_on_the_tray.png,recap.png,50,16,143,144,-42.37362637362637,-101.31868131868131,83.82417582417582,62.15384615384615,-4.175824175824176,0.821917808219178,-42.67717361450195,-39.211151123046875,40.97699737548828,57.11140441894531,-7.931143760681152,1.3722386360168457
079_brown,put the brown pouch on the tray,6,1,101,4.447,1788428371.6752133,00005_front_put_the_brown_pouch_on_the_tray.png,00005_wrist_put_the_brown_pouch_on_the_tray.png,recap.png,50,17,144,145,-42.37362637362637,-101.31868131868131,83.82417582417582,62.15384615384615,-4.175824175824176,0.821917808219178,-42.72379684448242,-38.00611877441406,39.77947235107422,57.33308410644531,-8.079273223876953,1.3572826385498047
079_brown,put the brown pouch on the tray,6,1,101,4.447,1788428371.6752133,00005_front_put_the_brown_pouch_on_the_tray.png,00005_wrist_put_the_brown_pouch_on_the_tray.png,recap.png,50,18,145,146,-42.37362637362637,-101.31868131868131,83.82417582417582,62.15384615384615,-4.175824175824176,0.821917808219178,-42.79325866699219,-36.91950988769531,39.03400421142578,57.326904296875,-8.143884658813477,1.3713443279266357
079_brown,put the brown pouch on the tray,6,1,101,4.447,1788428371.6752133,00005_front_put_the_brown_pouch_on_the_tray.png,00005_wrist_put_the_brown_pouch_on_the_tray.png,recap.png,50,19,146,147,-42.37362637362637,-101.31868131868131,83.82417582417582,62.15384615384615,-4.175824175824176,0.821917808219178,-42.749656677246094,-35.19293212890625,38.001121520996094,57.470516204833984,-8.22654914855957,1.4184281826019287
079_brown,put the brown pouch on the tray,6,1,101,4.447,1788428371.6752133,00005_front_put_the_brown_pouch_on_the_tray.png,00005_wrist_put_the_brown_pouch_on_the_tray.png,recap.png,50,20,147,148,-42.37362637362637,-101.31868131868131,83.82417582417582,62.15384615384615,-4.175824175824176,0.821917808219178,-42.719032287597656,-34.324798583984375,37.06201934814453,57.43949890136719,-8.313360214233398,1.4629552364349365
079_brown,put the brown pouch on the tray,6,1,101,4.447,1788428371.6752133,00005_front_put_the_brown_pouch_on_the_tray.png,00005_wrist_put_the_brown_pouch_on_the_tray.png,recap.png,50,21,148,149,-42.37362637362637,-101.31868131868131,83.82417582417582,62.15384615384615,-4.175824175824176,0.821917808219178,-42.5831298828125,-32.976524353027344,36.61076354980469,57.757320404052734,-8.348930358886719,1.4305057525634766
079_brown,put the brown pouch on the tray,6,1,101,4.447,1788428371.6752133,00005_front_put_the_brown_pouch_on_the_tray.png,00005_wrist_put_the_brown_pouch_on_the_tray.png,recap.png,50,22,149,150,-42.37362637362637,-101.31868131868131,83.82417582417582,62.15384615384615,-4.175824175824176,0.821917808219178,-42.72600555419922,-32.06774139404297,36.06122589111328,57.966339111328125,-8.298460960388184,1.4749119281768799
079_brown,put the brown pouch on the tray,6,1,101,4.447,1788428371.6752133,00005_front_put_the_brown_pouch_on_the_tray.png,00005_wrist_put_the_brown_pouch_on_the_tray.png,recap.png,50,23,150,151,-42.37362637362637,-101.31868131868131,83.82417582417582,62.15384615384615,-4.175824175824176,0.821917808219178,-42.62377166748047,-30.601776123046875,34.74809265136719,58.36465072631836,-8.43178939819336,1.4220256805419922
079_brown,put the brown pouch on the tray,7,1,126,5.484,1788428372.7125673,00006_front_put_the_brown_pouch_on_the_tray.png,00006_wrist_put_the_brown_pouch_on_the_tray.png,recap.png,50,0,151,152,-43.16483516483517,-76.43956043956044,69.49450549450549,57.67032967032967,-5.582417582417582,0.821917808219178,-42.70540237426758,-37.41008758544922,41.436431884765625,54.964256286621094,-7.7884416580200195,1.3071463108062744
079_brown,put the brown pouch on the tray,7,1,126,5.484,1788428372.7125673,00006_front_put_the_brown_pouch_on_the_tray.png,00006_wrist_put_the_brown_pouch_on_the_tray.png,recap.png,50,1,152,153,-43.16483516483517,-76.43956043956044,69.49450549450549,57.67032967032967,-5.582417582417582,0.821917808219178,-42.67985153198242,-35.70830535888672,39.649391174316406,55.603206634521484,-7.839208602905273,1.4221997261047363
079_brown,put the brown pouch on the tray,7,1,126,5.484,1788428372.7125673,00006_front_put_the_brown_pouch_on_the_tray.png,00006_wrist_put_the_brown_pouch_on_the_tray.png,recap.png,50,2,153,154,-43.16483516483517,-76.43956043956044,69.49450549450549,57.67032967032967,-5.582417582417582,0.821917808219178,-42.66921615600586,-33.943817138671875,38.487205505371094,56.141822814941406,-7.836856842041016,1.4531548023223877
079_brown,put the brown pouch on the tray,7,1,126,5.484,1788428372.7125673,00006_front_put_the_brown_pouch_on_the_tray.png,00006_wrist_put_the_brown_pouch_on_the_tray.png,recap.png,50,3,154,155,-43.16483516483517,-76.43956043956044,69.49450549450549,57.67032967032967,-5.582417582417582,0.821917808219178,-42.69707489013672,-32.993629455566406,36.82661437988281,56.71855545043945,-7.81333065032959,1.4639174938201904
079_brown,put the brown pouch on the tray,7,1,126,5.484,1788428372.7125673,00006_front_put_the_brown_pouch_on_the_tray.png,00006_wrist_put_the_brown_pouch_on_the_tray.png,recap.png,50,4,155,156,-43.16483516483517,-76.43956043956044,69.49450549450549,57.67032967032967,-5.582417582417582,0.821917808219178,-42.68570327758789,-31.54216766357422,35.495941162109375,57.217342376708984,-7.785189628601074,1.3645741939544678
079_brown,put the brown pouch on the tray,7,1,126,5.484,1788428372.7125673,00006_front_put_the_brown_pouch_on_the_tray.png,00006_wrist_put_the_brown_pouch_on_the_tray.png,recap.png,50,5,156,157,-43.16483516483517,-76.43956043956044,69.49450549450549,57.67032967032967,-5.582417582417582,0.821917808219178,-42.85148620605469,-30.79375457763672,34.06858825683594,58.01466751098633,-7.832132816314697,1.3160715103149414
079_brown,put the brown pouch on the tray,7,1,126,5.484,1788428372.7125673,00006_front_put_the_brown_pouch_on_the_tray.png,00006_wrist_put_the_brown_pouch_on_the_tray.png,recap.png,50,6,157,158,-43.16483516483517,-76.43956043956044,69.49450549450549,57.67032967032967,-5.582417582417582,0.821917808219178,-42.573081970214844,-29.916488647460938,33.70549774169922,58.188045501708984,-7.745814323425293,1.2854266166687012
079_brown,put the brown pouch on the tray,7,1,126,5.484,1788428372.7125673,00006_front_put_the_brown_pouch_on_the_tray.png,00006_wrist_put_the_brown_pouch_on_the_tray.png,recap.png,50,7,158,159,-43.16483516483517,-76.43956043956044,69.49450549450549,57.67032967032967,-5.582417582417582,0.821917808219178,-42.88756561279297,-28.560928344726562,33.1043701171875,58.51532745361328,-7.83042049407959,1.3354206085205078
079_brown,put the brown pouch on the tray,7,1,126,5.484,1788428372.7125673,00006_front_put_the_brown_pouch_on_the_tray.png,00006_wrist_put_the_brown_pouch_on_the_tray.png,recap.png,50,8,159,160,-43.16483516483517,-76.43956043956044,69.49450549450549,57.67032967032967,-5.582417582417582,0.821917808219178,-43.02188491821289,-28.118865966796875,32.20805358886719,58.758480072021484,-7.712122440338135,1.3273875713348389
079_brown,put the brown pouch on the tray,7,1,126,5.484,1788428372.7125673,00006_front_put_the_brown_pouch_on_the_tray.png,00006_wrist_put_the_brown_pouch_on_the_tray.png,recap.png,50,9,160,161,-43.16483516483517,-76.43956043956044,69.49450549450549,57.67032967032967,-5.582417582417582,0.821917808219178,-43.0575065612793,-27.03160858154297,30.949989318847656,58.74229431152344,-7.7220025062561035,1.3871383666992188
079_brown,put the brown pouch on the tray,7,1,126,5.484,1788428372.7125673,00006_front_put_the_brown_pouch_on_the_tray.png,00006_wrist_put_the_brown_pouch_on_the_tray.png,recap.png,50,10,161,162,-43.16483516483517,-76.43956043956044,69.49450549450549,57.67032967032967,-5.582417582417582,0.821917808219178,-43.172698974609375,-25.74571990966797,30.561065673828125,58.91584396362305,-7.854072093963623,1.5927045345306396
079_brown,put the brown pouch on the tray,7,1,126,5.484,1788428372.7125673,00006_front_put_the_brown_pouch_on_the_tray.png,00006_wrist_put_the_brown_pouch_on_the_tray.png,recap.png,50,11,162,163,-43.16483516483517,-76.43956043956044,69.49450549450549,57.67032967032967,-5.582417582417582,0.821917808219178,-43.1351432800293,-25.053672790527344,30.06281280517578,59.01719665527344,-7.976830005645752,2.453674554824829
079_brown,put the brown pouch on the tray,7,1,126,5.484,1788428372.7125673,00006_front_put_the_brown_pouch_on_the_tray.png,00006_wrist_put_the_brown_pouch_on_the_tray.png,recap.png,50,12,163,164,-43.16483516483517,-76.43956043956044,69.49450549450549,57.67032967032967,-5.582417582417582,0.821917808219178,-43.239009857177734,-23.904808044433594,28.998306274414062,59.18042755126953,-7.979916572570801,3.892589569091797
079_brown,put the brown pouch on the tray,7,1,126,5.484,1788428372.7125673,00006_front_put_the_brown_pouch_on_the_tray.png,00006_wrist_put_the_brown_pouch_on_the_tray.png,recap.png,50,13,164,165,-43.16483516483517,-76.43956043956044,69.49450549450549,57.67032967032967,-5.582417582417582,0.821917808219178,-42.971435546875,-23.84716033935547,27.96851348876953,59.62812805175781,-8.064180374145508,5.747880935668945
079_brown,put the brown pouch on the tray,7,1,126,5.484,1788428372.7125673,00006_front_put_the_brown_pouch_on_the_tray.png,00006_wrist_put_the_brown_pouch_on_the_tray.png,recap.png,50,14,165,166,-43.16483516483517,-76.43956043956044,69.49450549450549,57.67032967032967,-5.582417582417582,0.821917808219178,-43.28915023803711,-23.325408935546875,27.85558319091797,59.38469696044922,-8.219688415527344,7.890740871429443
079_brown,put the brown pouch on the tray,7,1,126,5.484,1788428372.7125673,00006_front_put_the_brown_pouch_on_the_tray.png,00006_wrist_put_the_brown_pouch_on_the_tray.png,recap.png,50,15,166,167,-43.16483516483517,-76.43956043956044,69.49450549450549,57.67032967032967,-5.582417582417582,0.821917808219178,-43.46689224243164,-22.494277954101562,27.776123046875,59.49298858642578,-8.580781936645508,9.9452486038208
079_brown,put the brown pouch on the tray,7,1,126,5.484,1788428372.7125673,00006_front_put_the_brown_pouch_on_the_tray.png,00006_wrist_put_the_brown_pouch_on_the_tray.png,recap.png,50,16,167,168,-43.16483516483517,-76.43956043956044,69.49450549450549,57.67032967032967,-5.582417582417582,0.821917808219178,-43.2968864440918,-21.676307678222656,27.24273681640625,59.69429016113281,-8.688239097595215,11.644522666931152
079_brown,put the brown pouch on the tray,7,1,126,5.484,1788428372.7125673,00006_front_put_the_brown_pouch_on_the_tray.png,00006_wrist_put_the_brown_pouch_on_the_tray.png,recap.png,50,17,168,169,-43.16483516483517,-76.43956043956044,69.49450549450549,57.67032967032967,-5.582417582417582,0.821917808219178,-43.38860321044922,-20.757179260253906,26.559783935546875,59.718299865722656,-8.785710334777832,12.935332298278809
079_brown,put the brown pouch on the tray,7,1,126,5.484,1788428372.7125673,00006_front_put_the_brown_pouch_on_the_tray.png,00006_wrist_put_the_brown_pouch_on_the_tray.png,recap.png,50,18,169,170,-43.16483516483517,-76.43956043956044,69.49450549450549,57.67032967032967,-5.582417582417582,0.821917808219178,-43.447288513183594,-19.944900512695312,25.69348907470703,59.999794006347656,-8.790099143981934,13.940366744995117
079_brown,put the brown pouch on the tray,7,1,126,5.484,1788428372.7125673,00006_front_put_the_brown_pouch_on_the_tray.png,00006_wrist_put_the_brown_pouch_on_the_tray.png,recap.png,50,19,170,171,-43.16483516483517,-76.43956043956044,69.49450549450549,57.67032967032967,-5.582417582417582,0.821917808219178,-43.745567321777344,-18.883453369140625,25.499603271484375,60.202205657958984,-8.774928092956543,14.911078453063965
079_brown,put the brown pouch on the tray,7,1,126,5.484,1788428372.7125673,00006_front_put_the_brown_pouch_on_the_tray.png,00006_wrist_put_the_brown_pouch_on_the_tray.png,recap.png,50,20,171,172,-43.16483516483517,-76.43956043956044,69.49450549450549,57.67032967032967,-5.582417582417582,0.821917808219178,-43.35530090332031,-18.703506469726562,25.656654357910156,60.72013473510742,-8.833895683288574,15.994037628173828
079_brown,put the brown pouch on the tray,7,1,126,5.484,1788428372.7125673,00006_front_put_the_brown_pouch_on_the_tray.png,00006_wrist_put_the_brown_pouch_on_the_tray.png,recap.png,50,21,172,173,-43.16483516483517,-76.43956043956044,69.49450549450549,57.67032967032967,-5.582417582417582,0.821917808219178,-43.494903564453125,-17.090675354003906,24.095542907714844,61.040626525878906,-8.882272720336914,17.37657928466797
079_brown,put the brown pouch on the tray,7,1,126,5.484,1788428372.7125673,00006_front_put_the_brown_pouch_on_the_tray.png,00006_wrist_put_the_brown_pouch_on_the_tray.png,recap.png,50,22,173,174,-43.16483516483517,-76.43956043956044,69.49450549450549,57.67032967032967,-5.582417582417582,0.821917808219178,-43.58162307739258,-15.885269165039062,23.19879913330078,61.45451354980469,-8.801677703857422,18.57773208618164
079_brown,put the brown pouch on the tray,7,1,126,5.484,1788428372.7125673,00006_front_put_the_brown_pouch_on_the_tray.png,00006_wrist_put_the_brown_pouch_on_the_tray.png,recap.png,50,23,174,175,-43.16483516483517,-76.43956043956044,69.49450549450549,57.67032967032967,-5.582417582417582,0.821917808219178,-43.31454849243164,-15.306488037109375,22.932525634765625,61.96471405029297,-8.805099487304688,19.6074161529541
079_brown,put the brown pouch on the tray,7,1,126,5.484,1788428372.7125673,00006_front_put_the_brown_pouch_on_the_tray.png,00006_wrist_put_the_brown_pouch_on_the_tray.png,recap.png,50,24,175,176,-43.16483516483517,-76.43956043956044,69.49450549450549,57.67032967032967,-5.582417582417582,0.821917808219178,-43.17975616455078,-14.1776123046875,22.462081909179688,62.126556396484375,-8.913606643676758,20.52079963684082
079_brown,put the brown pouch on the tray,8,1,150,6.353,1788428373.5820665,00007_front_put_the_brown_pouch_on_the_tray.png,00007_wrist_put_the_brown_pouch_on_the_tray.png,recap.png,50,0,176,177,-42.9010989010989,-34.065934065934066,39.86813186813187,57.40659340659341,-7.604395604395604,0.8904109589041096,-44.1375732421875,2.9871139526367188,7.48065185546875,68.66996002197266,-9.161028861999512,28.584495544433594
079_brown,put the brown pouch on the tray,8,1,150,6.353,1788428373.5820665,00007_front_put_the_brown_pouch_on_the_tray.png,00007_wrist_put_the_brown_pouch_on_the_tray.png,recap.png,50,1,177,178,-42.9010989010989,-34.065934065934066,39.86813186813187,57.40659340659341,-7.604395604395604,0.8904109589041096,-44.118621826171875,3.7919845581054688,6.595745086669922,68.84407806396484,-9.126394271850586,28.62387466430664
079_brown,put the brown pouch on the tray,8,1,150,6.353,1788428373.5820665,00007_front_put_the_brown_pouch_on_the_tray.png,00007_wrist_put_the_brown_pouch_on_the_tray.png,recap.png,50,2,178,179,-42.9010989010989,-34.065934065934066,39.86813186813187,57.40659340659341,-7.604395604395604,0.8904109589041096,-43.95642852783203,4.244049072265625,5.8690032958984375,68.92573547363281,-9.177332878112793,29.271709442138672
079_brown,put the brown pouch on the tray,8,1,150,6.353,1788428373.5820665,00007_front_put_the_brown_pouch_on_the_tray.png,00007_wrist_put_the_brown_pouch_on_the_tray.png,recap.png,50,3,179,180,-42.9010989010989,-34.065934065934066,39.86813186813187,57.40659340659341,-7.604395604395604,0.8904109589041096,-44.13983154296875,5.064018249511719,5.947883605957031,69.1019287109375,-9.13620662689209,29.73020362854004
079_brown,put the brown pouch on the tray,8,1,150,6.353,1788428373.5820665,00007_front_put_the_brown_pouch_on_the_tray.png,00007_wrist_put_the_brown_pouch_on_the_tray.png,recap.png,50,4,180,181,-42.9010989010989,-34.065934065934066,39.86813186813187,57.40659340659341,-7.604395604395604,0.8904109589041096,-44.000728607177734,5.4497833251953125,5.111011505126953,68.97467041015625,-9.084535598754883,30.525667190551758
079_brown,put the brown pouch on the tray,8,1,150,6.353,1788428373.5820665,00007_front_put_the_brown_pouch_on_the_tray.png,00007_wrist_put_the_brown_pouch_on_the_tray.png,recap.png,50,5,181,182,-42.9010989010989,-34.065934065934066,39.86813186813187,57.40659340659341,-7.604395604395604,0.8904109589041096,-44.11639404296875,6.835113525390625,4.301570892333984,68.92974090576172,-9.092303276062012,31.42826271057129
079_brown,put the brown pouch on the tray,8,1,150,6.353,1788428373.5820665,00007_front_put_the_brown_pouch_on_the_tray.png,00007_wrist_put_the_brown_pouch_on_the_tray.png,recap.png,50,6,182,183,-42.9010989010989,-34.065934065934066,39.86813186813187,57.40659340659341,-7.604395604395604,0.8904109589041096,-44.201881408691406,7.5087738037109375,3.9293479919433594,69.19871520996094,-9.132776260375977,32.123905181884766
079_brown,put the brown pouch on the tray,8,1,150,6.353,1788428373.5820665,00007_front_put_the_brown_pouch_on_the_tray.png,00007_wrist_put_the_brown_pouch_on_the_tray.png,recap.png,50,7,183,184,-42.9010989010989,-34.065934065934066,39.86813186813187,57.40659340659341,-7.604395604395604,0.8904109589041096,-44.12994384765625,8.622016906738281,3.7198715209960938,69.21683502197266,-9.196958541870117,33.075382232666016
079_brown,put the brown pouch on the tray,8,1,150,6.353,1788428373.5820665,00007_front_put_the_brown_pouch_on_the_tray.png,00007_wrist_put_the_brown_pouch_on_the_tray.png,recap.png,50,8,184,185,-42.9010989010989,-34.065934065934066,39.86813186813187,57.40659340659341,-7.604395604395604,0.8904109589041096,-44.15260696411133,9.2569580078125,2.6260147094726562,69.43707275390625,-9.148067474365234,33.739498138427734
079_brown,put the brown pouch on the tray,8,1,150,6.353,1788428373.5820665,00007_front_put_the_brown_pouch_on_the_tray.png,00007_wrist_put_the_brown_pouch_on_the_tray.png,recap.png,50,9,185,186,-42.9010989010989,-34.065934065934066,39.86813186813187,57.40659340659341,-7.604395604395604,0.8904109589041096,-44.29857635498047,9.907203674316406,3.001270294189453,69.45765686035156,-9.109475135803223,33.980770111083984
079_brown,put the brown pouch on the tray,8,1,150,6.353,1788428373.5820665,00007_front_put_the_brown_pouch_on_the_tray.png,00007_wrist_put_the_brown_pouch_on_the_tray.png,recap.png,50,10,186,187,-42.9010989010989,-34.065934065934066,39.86813186813187,57.40659340659341,-7.604395604395604,0.8904109589041096,-44.0617790222168,10.011016845703125,2.9252243041992188,69.40397644042969,-9.186298370361328,34.29238510131836
079_brown,put the brown pouch on the tray,8,1,150,6.353,1788428373.5820665,00007_front_put_the_brown_pouch_on_the_tray.png,00007_wrist_put_the_brown_pouch_on_the_tray.png,recap.png,50,11,187,188,-42.9010989010989,-34.065934065934066,39.86813186813187,57.40659340659341,-7.604395604395604,0.8904109589041096,-44.20982360839844,10.722923278808594,2.1342010498046875,69.35325622558594,-9.173661231994629,34.244422912597656
079_brown,put the brown pouch on the tray,8,1,150,6.353,1788428373.5820665,00007_front_put_the_brown_pouch_on_the_tray.png,00007_wrist_put_the_brown_pouch_on_the_tray.png,recap.png,50,12,188,189,-42.9010989010989,-34.065934065934066,39.86813186813187,57.40659340659341,-7.604395604395604,0.8904109589041096,-44.212303161621094,11.132598876953125,1.6914825439453125,69.33135986328125,-9.135477066040039,34.17391586303711
079_brown,put the brown pouch on the tray,8,1,150,6.353,1788428373.5820665,00007_front_put_the_brown_pouch_on_the_tray.png,00007_wrist_put_the_brown_pouch_on_the_tray.png,recap.png,50,13,189,190,-42.9010989010989,-34.065934065934066,39.86813186813187,57.40659340659341,-7.604395604395604,0.8904109589041096,-43.988006591796875,12.120552062988281,1.7677955627441406,69.5474624633789,-9.062874794006348,33.97024154663086
079_brown,put the brown pouch on the tray,8,1,150,6.353,1788428373.5820665,00007_front_put_the_brown_pouch_on_the_tray.png,00007_wrist_put_the_brown_pouch_on_the_tray.png,recap.png,50,14,190,191,-42.9010989010989,-34.065934065934066,39.86813186813187,57.40659340659341,-7.604395604395604,0.8904109589041096,-44.21684265136719,12.293426513671875,0.9375534057617188,69.59656524658203,-9.154972076416016,34.015953063964844
079_brown,put the brown pouch on the tray,8,1,150,6.353,1788428373.5820665,00007_front_put_the_brown_pouch_on_the_tray.png,00007_wrist_put_the_brown_pouch_on_the_tray.png,recap.png,50,15,191,192,-42.9010989010989,-34.065934065934066,39.86813186813187,57.40659340659341,-7.604395604395604,0.8904109589041096,-44.23287582397461,12.557899475097656,0.9287223815917969,69.6440658569336,-9.099666595458984,33.98356246948242
079_brown,put the brown pouch on the tray,8,1,150,6.353,1788428373.5820665,00007_front_put_the_brown_pouch_on_the_tray.png,00007_wrist_put_the_brown_pouch_on_the_tray.png,recap.png,50,16,192,193,-42.9010989010989,-34.065934065934066,39.86813186813187,57.40659340659341,-7.604395604395604,0.8904109589041096,-44.32170867919922,13.709030151367188,0.2952728271484375,69.58087158203125,-9.080818176269531,33.86591339111328
079_brown,put the brown pouch on the tray,8,1,150,6.353,1788428373.5820665,00007_front_put_the_brown_pouch_on_the_tray.png,00007_wrist_put_the_brown_pouch_on_the_tray.png,recap.png,50,17,193,194,-42.9010989010989,-34.065934065934066,39.86813186813187,57.40659340659341,-7.604395604395604,0.8904109589041096,-44.087135314941406,14.656410217285156,0.137786865234375,69.5780258178711,-9.049854278564453,33.823570251464844
079_brown,put the brown pouch on the tray,8,1,150,6.353,1788428373.5820665,00007_front_put_the_brown_pouch_on_the_tray.png,00007_wrist_put_the_brown_pouch_on_the_tray.png,recap.png,50,18,194,195,-42.9010989010989,-34.065934065934066,39.86813186813187,57.40659340659341,-7.604395604395604,0.8904109589041096,-44.12649917602539,14.745132446289062,-0.44255828857421875,69.37831115722656,-9.17245864868164,33.955787658691406
079_brown,put the brown pouch on the tray,8,1,150,6.353,1788428373.5820665,00007_front_put_the_brown_pouch_on_the_tray.png,00007_wrist_put_the_brown_pouch_on_the_tray.png,recap.png,50,19,195,196,-42.9010989010989,-34.065934065934066,39.86813186813187,57.40659340659341,-7.604395604395604,0.8904109589041096,-43.964942932128906,16.491104125976562,-0.5833549499511719,69.75444030761719,-9.108396530151367,33.795719146728516
079_brown,put the brown pouch on the tray,8,1,150,6.353,1788428373.5820665,00007_front_put_the_brown_pouch_on_the_tray.png,00007_wrist_put_the_brown_pouch_on_the_tray.png,recap.png,50,20,196,197,-42.9010989010989,-34.065934065934066,39.86813186813187,57.40659340659341,-7.604395604395604,0.8904109589041096,-43.9502067565918,16.519515991210938,-1.3198738098144531,69.88157653808594,-9.029411315917969,33.924407958984375
079_brown,put the brown pouch on the tray,8,1,150,6.353,1788428373.5820665,00007_front_put_the_brown_pouch_on_the_tray.png,00007_wrist_put_the_brown_pouch_on_the_tray.png,recap.png,50,21,197,198,-42.9010989010989,-34.065934065934066,39.86813186813187,57.40659340659341,-7.604395604395604,0.8904109589041096,-43.80052947998047,17.549964904785156,-1.4528732299804688,69.89015197753906,-9.137238502502441,34.009071350097656
079_brown,put the brown pouch on the tray,8,1,150,6.353,1788428373.5820665,00007_front_put_the_brown_pouch_on_the_tray.png,00007_wrist_put_the_brown_pouch_on_the_tray.png,recap.png,50,22,198,199,-42.9010989010989,-34.065934065934066,39.86813186813187,57.40659340659341,-7.604395604395604,0.8904109589041096,-43.987998962402344,18.102317810058594,-1.9398345947265625,69.99419403076172,-9.05792236328125,33.853939056396484
079_brown,put the brown pouch on the tray,8,1,150,6.353,1788428373.5820665,00007_front_put_the_brown_pouch_on_the_tray.png,00007_wrist_put_the_brown_pouch_on_the_tray.png,recap.png,50,23,199,200,-42.9010989010989,-34.065934065934066,39.86813186813187,57.40659340659341,-7.604395604395604,0.8904109589041096,-43.50299835205078,19.41254425048828,-1.9342918395996094,70.4593734741211,-9.07178783416748,33.77325439453125
079_brown,put the brown pouch on the tray,9,1,175,7.292,1788428374.5203464,00008_front_put_the_brown_pouch_on_the_tray.png,00008_wrist_put_the_brown_pouch_on_the_tray.png,recap.png,50,0,200,201,-43.16483516483517,-16.307692307692307,26.32967032967033,60.92307692307692,-8.307692307692308,16.91780821917808,-43.75331115722656,13.090782165527344,0.11276626586914062,71.0030288696289,-8.996188163757324,30.97080421447754
079_brown,put the brown pouch on the tray,9,1,175,7.292,1788428374.5203464,00008_front_put_the_brown_pouch_on_the_tray.png,00008_wrist_put_the_brown_pouch_on_the_tray.png,recap.png,50,1,201,202,-43.16483516483517,-16.307692307692307,26.32967032967033,60.92307692307692,-8.307692307692308,16.91780821917808,-44.18467330932617,14.987899780273438,-0.6536827087402344,71.3707504272461,-9.215084075927734,31.3523006439209
079_brown,put the brown pouch on the tray,9,1,175,7.292,1788428374.5203464,00008_front_put_the_brown_pouch_on_the_tray.png,00008_wrist_put_the_brown_pouch_on_the_tray.png,recap.png,50,2,202,203,-43.16483516483517,-16.307692307692307,26.32967032967033,60.92307692307692,-8.307692307692308,16.91780821917808,-43.83040237426758,16.27404022216797,-1.8243179321289062,72.13020324707031,-8.934638023376465,31.75428009033203
079_brown,put the brown pouch on the tray,9,1,175,7.292,1788428374.5203464,00008_front_put_the_brown_pouch_on_the_tray.png,00008_wrist_put_the_brown_pouch_on_the_tray.png,recap.png,50,3,203,204,-43.16483516483517,-16.307692307692307,26.32967032967033,60.92307692307692,-8.307692307692308,16.91780821917808,-43.64817428588867,16.81488800048828,-2.300048828125,72.74051666259766,-9.045886993408203,32.68489074707031
079_brown,put the brown pouch on the tray,9,1,175,7.292,1788428374.5203464,00008_front_put_the_brown_pouch_on_the_tray.png,00008_wrist_put_the_brown_pouch_on_the_tray.png,recap.png,50,4,204,205,-43.16483516483517,-16.307692307692307,26.32967032967033,60.92307692307692,-8.307692307692308,16.91780821917808,-43.8746337890625,17.72503662109375,-4.425617218017578,72.67736053466797,-8.875564575195312,33.175514221191406
079_brown,put the brown pouch on the tray,9,1,175,7.292,1788428374.5203464,00008_front_put_the_brown_pouch_on_the_tray.png,00008_wrist_put_the_brown_pouch_on_the_tray.png,recap.png,50,5,205,206,-43.16483516483517,-16.307692307692307,26.32967032967033,60.92307692307692,-8.307692307692308,16.91780821917808,-43.415550231933594,18.226829528808594,-4.249706268310547,72.44037628173828,-9.009075164794922,33.21059799194336
079_brown,put the brown pouch on the tray,9,1,175,7.292,1788428374.5203464,00008_front_put_the_brown_pouch_on_the_tray.png,00008_wrist_put_the_brown_pouch_on_the_tray.png,recap.png,50,6,206,207,-43.16483516483517,-16.307692307692307,26.32967032967033,60.92307692307692,-8.307692307692308,16.91780821917808,-43.79973602294922,19.749267578125,-4.7009735107421875,72.38870239257812,-9.038508415222168,33.2328987121582
079_brown,put the brown pouch on the tray,9,1,175,7.292,1788428374.5203464,00008_front_put_the_brown_pouch_on_the_tray.png,00008_wrist_put_the_brown_pouch_on_the_tray.png,recap.png,50,7,207,208,-43.16483516483517,-16.307692307692307,26.32967032967033,60.92307692307692,-8.307692307692308,16.91780821917808,-43.7373046875,20.777999877929688,-5.2917022705078125,72.55479431152344,-8.871183395385742,33.290443420410156
079_brown,put the brown pouch on the tray,9,1,175,7.292,1788428374.5203464,00008_front_put_the_brown_pouch_on_the_tray.png,00008_wrist_put_the_brown_pouch_on_the_tray.png,recap.png,50,8,208,209,-43.16483516483517,-16.307692307692307,26.32967032967033,60.92307692307692,-8.307692307692308,16.91780821917808,-43.49384689331055,21.444900512695312,-6.88018798828125,72.79974365234375,-8.757793426513672,33.144264221191406
079_brown,put the brown pouch on the tray,9,1,175,7.292,1788428374.5203464,00008_front_put_the_brown_pouch_on_the_tray.png,00008_wrist_put_the_brown_pouch_on_the_tray.png,recap.png,50,9,209,210,-43.16483516483517,-16.307692307692307,26.32967032967033,60.92307692307692,-8.307692307692308,16.91780821917808,-43.093109130859375,22.455360412597656,-6.737926483154297,72.99370574951172,-8.924190521240234,32.9775390625
079_brown,put the brown pouch on the tray,9,1,175,7.292,1788428374.5203464,00008_front_put_the_brown_pouch_on_the_tray.png,00008_wrist_put_the_brown_pouch_on_the_tray.png,recap.png,50,10,210,211,-43.16483516483517,-16.307692307692307,26.32967032967033,60.92307692307692,-8.307692307692308,16.91780821917808,-43.80838394165039,23.48284912109375,-7.31744384765625,72.54641723632812,-8.844086647033691,32.804264068603516
079_brown,put the brown pouch on the tray,9,1,175,7.292,1788428374.5203464,00008_front_put_the_brown_pouch_on_the_tray.png,00008_wrist_put_the_brown_pouch_on_the_tray.png,recap.png,50,11,211,212,-43.16483516483517,-16.307692307692307,26.32967032967033,60.92307692307692,-8.307692307692308,16.91780821917808,-43.325679779052734,23.588912963867188,-7.802974700927734,72.73438262939453,-8.640952110290527,32.77384948730469
079_brown,put the brown pouch on the tray,9,1,175,7.292,1788428374.5203464,00008_front_put_the_brown_pouch_on_the_tray.png,00008_wrist_put_the_brown_pouch_on_the_tray.png,recap.png,50,12,212,213,-43.16483516483517,-16.307692307692307,26.32967032967033,60.92307692307692,-8.307692307692308,16.91780821917808,-43.879486083984375,23.81389617919922,-9.090621948242188,72.60184478759766,-8.532475471496582,32.96329879760742
079_brown,put the brown pouch on the tray,9,1,175,7.292,1788428374.5203464,00008_front_put_the_brown_pouch_on_the_tray.png,00008_wrist_put_the_brown_pouch_on_the_tray.png,recap.png,50,13,213,214,-43.16483516483517,-16.307692307692307,26.32967032967033,60.92307692307692,-8.307692307692308,16.91780821917808,-43.90025329589844,24.76392364501953,-8.269676208496094,72.5691146850586,-8.635130882263184,33.22861099243164
079_brown,put the brown pouch on the tray,9,1,175,7.292,1788428374.5203464,00008_front_put_the_brown_pouch_on_the_tray.png,00008_wrist_put_the_brown_pouch_on_the_tray.png,recap.png,50,14,214,215,-43.16483516483517,-16.307692307692307,26.32967032967033,60.92307692307692,-8.307692307692308,16.91780821917808,-44.03290557861328,24.249755859375,-9.698001861572266,72.24459838867188,-8.600873947143555,33.19822311401367
079_brown,put the brown pouch on the tray,9,1,175,7.292,1788428374.5203464,00008_front_put_the_brown_pouch_on_the_tray.png,00008_wrist_put_the_brown_pouch_on_the_tray.png,recap.png,50,15,215,216,-43.16483516483517,-16.307692307692307,26.32967032967033,60.92307692307692,-8.307692307692308,16.91780821917808,-43.74016571044922,25.67601776123047,-9.424552917480469,72.5479736328125,-8.679598808288574,33.49078369140625
079_brown,put the brown pouch on the tray,9,1,175,7.292,1788428374.5203464,00008_front_put_the_brown_pouch_on_the_tray.png,00008_wrist_put_the_brown_pouch_on_the_tray.png,recap.png,50,16,216,217,-43.16483516483517,-16.307692307692307,26.32967032967033,60.92307692307692,-8.307692307692308,16.91780821917808,-44.205970764160156,25.83911895751953,-10.133956909179688,72.41768646240234,-8.46205997467041,33.66263198852539
079_brown,put the brown pouch on the tray,9,1,175,7.292,1788428374.5203464,00008_front_put_the_brown_pouch_on_the_tray.png,00008_wrist_put_the_brown_pouch_on_the_tray.png,recap.png,50,17,217,218,-43.16483516483517,-16.307692307692307,26.32967032967033,60.92307692307692,-8.307692307692308,16.91780821917808,-44.38848876953125,27.28424835205078,-9.773475646972656,72.60285186767578,-8.425561904907227,33.75044631958008
079_brown,put the brown pouch on the tray,9,1,175,7.292,1788428374.5203464,00008_front_put_the_brown_pouch_on_the_tray.png,00008_wrist_put_the_brown_pouch_on_the_tray.png,recap.png,50,18,218,219,-43.16483516483517,-16.307692307692307,26.32967032967033,60.92307692307692,-8.307692307692308,16.91780821917808,-44.0279541015625,27.511146545410156,-10.794490814208984,72.29743957519531,-8.659135818481445,33.673866271972656
079_brown,put the brown pouch on the tray,9,1,175,7.292,1788428374.5203464,00008_front_put_the_brown_pouch_on_the_tray.png,00008_wrist_put_the_brown_pouch_on_the_tray.png,recap.png,50,19,219,220,-43.16483516483517,-16.307692307692307,26.32967032967033,60.92307692307692,-8.307692307692308,16.91780821917808,-44.28054428100586,27.04979705810547,-10.870025634765625,72.67854309082031,-8.428243637084961,33.78699493408203
079_brown,put the brown pouch on the tray,9,1,175,7.292,1788428374.5203464,00008_front_put_the_brown_pouch_on_the_tray.png,00008_wrist_put_the_brown_pouch_on_the_tray.png,recap.png,50,20,220,221,-43.16483516483517,-16.307692307692307,26.32967032967033,60.92307692307692,-8.307692307692308,16.91780821917808,-44.036285400390625,27.38928985595703,-10.433685302734375,72.38310241699219,-8.573236465454102,34.03457260131836
079_brown,put the brown pouch on the tray,9,1,175,7.292,1788428374.5203464,00008_front_put_the_brown_pouch_on_the_tray.png,00008_wrist_put_the_brown_pouch_on_the_tray.png,recap.png,50,21,221,222,-43.16483516483517,-16.307692307692307,26.32967032967033,60.92307692307692,-8.307692307692308,16.91780821917808,-44.42087936401367,29.35059356689453,-11.34830093383789,73.03861999511719,-8.412389755249023,33.9154052734375
079_brown,put the brown pouch on the tray,9,1,175,7.292,1788428374.5203464,00008_front_put_the_brown_pouch_on_the_tray.png,00008_wrist_put_the_brown_pouch_on_the_tray.png,recap.png,50,22,222,223,-43.16483516483517,-16.307692307692307,26.32967032967033,60.92307692307692,-8.307692307692308,16.91780821917808,-44.42500305175781,29.55646514892578,-11.530529022216797,73.26749420166016,-8.301176071166992,33.755592346191406
079_brown,put the brown pouch on the tray,9,1,175,7.292,1788428374.5203464,00008_front_put_the_brown_pouch_on_the_tray.png,00008_wrist_put_the_brown_pouch_on_the_tray.png,recap.png,50,23,223,224,-43.16483516483517,-16.307692307692307,26.32967032967033,60.92307692307692,-8.307692307692308,16.91780821917808,-44.24510192871094,30.01763153076172,-11.340850830078125,73.85298156738281,-8.223617553710938,33.90241622924805
079_brown,put the brown pouch on the tray,9,1,175,7.292,1788428374.5203464,00008_front_put_the_brown_pouch_on_the_tray.png,00008_wrist_put_the_brown_pouch_on_the_tray.png,recap.png,50,24,224,225,-43.16483516483517,-16.307692307692307,26.32967032967033,60.92307692307692,-8.307692307692308,16.91780821917808,-44.62500762939453,30.47248077392578,-12.222705841064453,74.04798126220703,-8.158177375793457,33.706634521484375
079_brown,put the brown pouch on the tray,10,1,199,8.196,1788428375.4247422,00009_front_put_the_brown_pouch_on_the_tray.png,00009_wrist_put_the_brown_pouch_on_the_tray.png,recap.png,50,0,225,226,-43.86813186813187,17.45054945054945,0.6593406593406593,69.27472527472527,-8.659340659340659,34.04109589041096,-43.31504821777344,36.05677032470703,-19.300331115722656,75.42855072021484,-9.653932571411133,12.967827796936035
079_brown,put the brown pouch on the tray,10,1,199,8.196,1788428375.4247422,00009_front_put_the_brown_pouch_on_the_tray.png,00009_wrist_put_the_brown_pouch_on_the_tray.png,recap.png,50,1,226,227,-43.86813186813187,17.45054945054945,0.6593406593406593,69.27472527472527,-8.659340659340659,34.04109589041096,-43.23202896118164,36.27379608154297,-19.293750762939453,75.35256958007812,-9.690073013305664,11.284307479858398
079_brown,put the brown pouch on the tray,10,1,199,8.196,1788428375.4247422,00009_front_put_the_brown_pouch_on_the_tray.png,00009_wrist_put_the_brown_pouch_on_the_tray.png,recap.png,50,2,227,228,-43.86813186813187,17.45054945054945,0.6593406593406593,69.27472527472527,-8.659340659340659,34.04109589041096,-43.11766815185547,35.70087432861328,-19.34539031982422,75.36986541748047,-9.510276794433594,10.018525123596191
079_brown,put the brown pouch on the tray,10,1,199,8.196,1788428375.4247422,00009_front_put_the_brown_pouch_on_the_tray.png,00009_wrist_put_the_brown_pouch_on_the_tray.png,recap.png,50,3,228,229,-43.86813186813187,17.45054945054945,0.6593406593406593,69.27472527472527,-8.659340659340659,34.04109589041096,-43.2427978515625,35.99964141845703,-18.734390258789062,75.29155731201172,-9.751517295837402,9.151022911071777
079_brown,put the brown pouch on the tray,10,1,199,8.196,1788428375.4247422,00009_front_put_the_brown_pouch_on_the_tray.png,00009_wrist_put_the_brown_pouch_on_the_tray.png,recap.png,50,4,229,230,-43.86813186813187,17.45054945054945,0.6593406593406593,69.27472527472527,-8.659340659340659,34.04109589041096,-43.27293014526367,35.597145080566406,-18.365272521972656,75.40145111083984,-9.839967727661133,8.450348854064941
079_brown,put the brown pouch on the tray,10,1,199,8.196,1788428375.4247422,00009_front_put_the_brown_pouch_on_the_tray.png,00009_wrist_put_the_brown_pouch_on_the_tray.png,recap.png,50,5,230,231,-43.86813186813187,17.45054945054945,0.6593406593406593,69.27472527472527,-8.659340659340659,34.04109589041096,-43.26095199584961,35.53192901611328,-18.744232177734375,75.43364715576172,-9.884137153625488,7.696537494659424
079_brown,put the brown pouch on the tray,10,1,199,8.196,1788428375.4247422,00009_front_put_the_brown_pouch_on_the_tray.png,00009_wrist_put_the_brown_pouch_on_the_tray.png,recap.png,50,6,231,232,-43.86813186813187,17.45054945054945,0.6593406593406593,69.27472527472527,-8.659340659340659,34.04109589041096,-43.26416015625,34.60491180419922,-18.733173370361328,75.73189544677734,-9.823810577392578,7.046499729156494
079_brown,put the brown pouch on the tray,10,1,199,8.196,1788428375.4247422,00009_front_put_the_brown_pouch_on_the_tray.png,00009_wrist_put_the_brown_pouch_on_the_tray.png,recap.png,50,7,232,233,-43.86813186813187,17.45054945054945,0.6593406593406593,69.27472527472527,-8.659340659340659,34.04109589041096,-43.43714904785156,35.391136169433594,-19.824607849121094,75.8095932006836,-10.203898429870605,6.528443813323975
079_brown,put the brown pouch on the tray,10,1,199,8.196,1788428375.4247422,00009_front_put_the_brown_pouch_on_the_tray.png,00009_wrist_put_the_brown_pouch_on_the_tray.png,recap.png,50,8,233,234,-43.86813186813187,17.45054945054945,0.6593406593406593,69.27472527472527,-8.659340659340659,34.04109589041096,-43.212310791015625,34.862464904785156,-19.450103759765625,76.1689224243164,-10.110992431640625,6.274505138397217
079_brown,put the brown pouch on the tray,10,1,199,8.196,1788428375.4247422,00009_front_put_the_brown_pouch_on_the_tray.png,00009_wrist_put_the_brown_pouch_on_the_tray.png,recap.png,50,9,234,235,-43.86813186813187,17.45054945054945,0.6593406593406593,69.27472527472527,-8.659340659340659,34.04109589041096,-43.218326568603516,34.905845642089844,-19.674514770507812,76.79606628417969,-10.18869686126709,5.999073505401611
079_brown,put the brown pouch on the tray,10,1,199,8.196,1788428375.4247422,00009_front_put_the_brown_pouch_on_the_tray.png,00009_wrist_put_the_brown_pouch_on_the_tray.png,recap.png,50,10,235,236,-43.86813186813187,17.45054945054945,0.6593406593406593,69.27472527472527,-8.659340659340659,34.04109589041096,-43.34947967529297,34.392311096191406,-20.653125762939453,77.55259704589844,-10.283527374267578,5.993545055389404
079_brown,put the brown pouch on the tray,10,1,199,8.196,1788428375.4247422,00009_front_put_the_brown_pouch_on_the_tray.png,00009_wrist_put_the_brown_pouch_on_the_tray.png,recap.png,50,11,236,237,-43.86813186813187,17.45054945054945,0.6593406593406593,69.27472527472527,-8.659340659340659,34.04109589041096,-43.301124572753906,34.92896270751953,-21.06060028076172,78.28099060058594,-10.333928108215332,6.027609348297119
079_brown,put the brown pouch on the tray,10,1,199,8.196,1788428375.4247422,00009_front_put_the_brown_pouch_on_the_tray.png,00009_wrist_put_the_brown_pouch_on_the_tray.png,recap.png,50,12,237,238,-43.86813186813187,17.45054945054945,0.6593406593406593,69.27472527472527,-8.659340659340659,34.04109589041096,-43.31121063232422,34.41857147216797,-22.471282958984375,79.24724578857422,-10.582350730895996,5.930244445800781
079_brown,put the brown pouch on the tray,10,1,199,8.196,1788428375.4247422,00009_front_put_the_brown_pouch_on_the_tray.png,00009_wrist_put_the_brown_pouch_on_the_tray.png,recap.png,50,13,238,239,-43.86813186813187,17.45054945054945,0.6593406593406593,69.27472527472527,-8.659340659340659,34.04109589041096,-43.37565612792969,34.82862091064453,-23.12429428100586,80.2525634765625,-10.667743682861328,6.105747699737549
079_brown,put the brown pouch on the tray,10,1,199,8.196,1788428375.4247422,00009_front_put_the_brown_pouch_on_the_tray.png,00009_wrist_put_the_brown_pouch_on_the_tray.png,recap.png,50,14,239,240,-43.86813186813187,17.45054945054945,0.6593406593406593,69.27472527472527,-8.659340659340659,34.04109589041096,-43.63490676879883,34.49854278564453,-24.526412963867188,81.32435607910156,-10.784844398498535,6.107461929321289
079_brown,put the brown pouch on the tray,10,1,199,8.196,1788428375.4247422,00009_front_put_the_brown_pouch_on_the_tray.png,00009_wrist_put_the_brown_pouch_on_the_tray.png,recap.png,50,15,240,241,-43.86813186813187,17.45054945054945,0.6593406593406593,69.27472527472527,-8.659340659340659,34.04109589041096,-43.69639587402344,34.090797424316406,-25.05504608154297,82.1935806274414,-10.900049209594727,6.135406017303467
079_brown,put the brown pouch on the tray,10,1,199,8.196,1788428375.4247422,00009_front_put_the_brown_pouch_on_the_tray.png,00009_wrist_put_the_brown_pouch_on_the_tray.png,recap.png,50,16,241,242,-43.86813186813187,17.45054945054945,0.6593406593406593,69.27472527472527,-8.659340659340659,34.04109589041096,-44.00111389160156,34.176490783691406,-26.338531494140625,83.1930160522461,-10.926839828491211,6.161026954650879
079_brown,put the brown pouch on the tray,10,1,199,8.196,1788428375.4247422,00009_front_put_the_brown_pouch_on_the_tray.png,00009_wrist_put_the_brown_pouch_on_the_tray.png,recap.png,50,17,242,243,-43.86813186813187,17.45054945054945,0.6593406593406593,69.27472527472527,-8.659340659340659,34.04109589041096,-43.984893798828125,33.92243194580078,-27.36204719543457,84.26899719238281,-11.038074493408203,6.1140241622924805
079_brown,put the brown pouch on the tray,10,1,199,8.196,1788428375.4247422,00009_front_put_the_brown_pouch_on_the_tray.png,00009_wrist_put_the_brown_pouch_on_the_tray.png,recap.png,50,18,243,244,-43.86813186813187,17.45054945054945,0.6593406593406593,69.27472527472527,-8.659340659340659,34.04109589041096,-43.82319641113281,33.667808532714844,-28.418432235717773,85.38427734375,-11.117287635803223,5.852898120880127
079_brown,put the brown pouch on the tray,10,1,199,8.196,1788428375.4247422,00009_front_put_the_brown_pouch_on_the_tray.png,00009_wrist_put_the_brown_pouch_on_the_tray.png,recap.png,50,19,244,245,-43.86813186813187,17.45054945054945,0.6593406593406593,69.27472527472527,-8.659340659340659,34.04109589041096,-43.87263488769531,32.78649139404297,-29.543392181396484,86.4888916015625,-11.18044376373291,5.795315265655518
079_brown,put the brown pouch on the tray,10,1,199,8.196,1788428375.4247422,00009_front_put_the_brown_pouch_on_the_tray.png,00009_wrist_put_the_brown_pouch_on_the_tray.png,recap.png,50,20,245,246,-43.86813186813187,17.45054945054945,0.6593406593406593,69.27472527472527,-8.659340659340659,34.04109589041096,-44.001182556152344,32.65404510498047,-30.352815628051758,87.58370971679688,-11.347330093383789,5.586974620819092
079_brown,put the brown pouch on the tray,10,1,199,8.196,1788428375.4247422,00009_front_put_the_brown_pouch_on_the_tray.png,00009_wrist_put_the_brown_pouch_on_the_tray.png,recap.png,50,21,246,247,-43.86813186813187,17.45054945054945,0.6593406593406593,69.27472527472527,-8.659340659340659,34.04109589041096,-44.11522674560547,32.76300811767578,-32.07744598388672,88.68058776855469,-11.469361305236816,5.677851676940918
079_brown,put the brown pouch on the tray,10,1,199,8.196,1788428375.4247422,00009_front_put_the_brown_pouch_on_the_tray.png,00009_wrist_put_the_brown_pouch_on_the_tray.png,recap.png,50,22,247,248,-43.86813186813187,17.45054945054945,0.6593406593406593,69.27472527472527,-8.659340659340659,34.04109589041096,-44.13077926635742,32.116676330566406,-33.00598907470703,89.744873046875,-11.527273178100586,5.760193347930908
079_brown,put the brown pouch on the tray,10,1,199,8.196,1788428375.4247422,00009_front_put_the_brown_pouch_on_the_tray.png,00009_wrist_put_the_brown_pouch_on_the_tray.png,recap.png,50,23,248,249,-43.86813186813187,17.45054945054945,0.6593406593406593,69.27472527472527,-8.659340659340659,34.04109589041096,-44.59986877441406,31.877769470214844,-33.985042572021484,90.57964324951172,-11.797355651855469,5.938443183898926
079_brown,put the brown pouch on the tray,11,1,224,9.132,1788428376.3601255,00010_front_put_the_brown_pouch_on_the_tray.png,00010_wrist_put_the_brown_pouch_on_the_tray.png,recap.png,50,0,249,250,-43.956043956043956,28.0,-10.68131868131868,72.7032967032967,-8.659340659340659,33.6986301369863,-41.90848922729492,38.95690155029297,-24.081470489501953,79.52051544189453,-10.098121643066406,7.832143783569336
079_brown,put the brown pouch on the tray,11,1,224,9.132,1788428376.3601255,00010_front_put_the_brown_pouch_on_the_tray.png,00010_wrist_put_the_brown_pouch_on_the_tray.png,recap.png,50,1,250,251,-43.956043956043956,28.0,-10.68131868131868,72.7032967032967,-8.659340659340659,33.6986301369863,-42.135215759277344,38.42150115966797,-24.62944221496582,79.58976745605469,-10.038064002990723,6.758542060852051
079_brown,put the brown pouch on the tray,11,1,224,9.132,1788428376.3601255,00010_front_put_the_brown_pouch_on_the_tray.png,00010_wrist_put_the_brown_pouch_on_the_tray.png,recap.png,50,2,251,252,-43.956043956043956,28.0,-10.68131868131868,72.7032967032967,-8.659340659340659,33.6986301369863,-42.41473388671875,38.41936492919922,-24.80938720703125,79.7868423461914,-10.27585220336914,6.274321556091309
079_brown,put the brown pouch on the tray,11,1,224,9.132,1788428376.3601255,00010_front_put_the_brown_pouch_on_the_tray.png,00010_wrist_put_the_brown_pouch_on_the_tray.png,recap.png,50,3,252,253,-43.956043956043956,28.0,-10.68131868131868,72.7032967032967,-8.659340659340659,33.6986301369863,-42.430938720703125,37.61121368408203,-24.8538818359375,80.21117401123047,-10.286601066589355,6.004889011383057
079_brown,put the brown pouch on the tray,11,1,224,9.132,1788428376.3601255,00010_front_put_the_brown_pouch_on_the_tray.png,00010_wrist_put_the_brown_pouch_on_the_tray.png,recap.png,50,4,253,254,-43.956043956043956,28.0,-10.68131868131868,72.7032967032967,-8.659340659340659,33.6986301369863,-42.64702224731445,37.783897399902344,-25.0701961517334,80.6612777709961,-10.410271644592285,5.734381198883057
079_brown,put the brown pouch on the tray,11,1,224,9.132,1788428376.3601255,00010_front_put_the_brown_pouch_on_the_tray.png,00010_wrist_put_the_brown_pouch_on_the_tray.png,recap.png,50,5,254,255,-43.956043956043956,28.0,-10.68131868131868,72.7032967032967,-8.659340659340659,33.6986301369863,-42.41636657714844,37.14429473876953,-25.533342361450195,81.13768005371094,-10.36019515991211,5.666459083557129
079_brown,put the brown pouch on the tray,11,1,224,9.132,1788428376.3601255,00010_front_put_the_brown_pouch_on_the_tray.png,00010_wrist_put_the_brown_pouch_on_the_tray.png,recap.png,50,6,255,256,-43.956043956043956,28.0,-10.68131868131868,72.7032967032967,-8.659340659340659,33.6986301369863,-42.834476470947266,37.496009826660156,-25.661762237548828,81.68478393554688,-10.457230567932129,5.506012916564941
079_brown,put the brown pouch on the tray,11,1,224,9.132,1788428376.3601255,00010_front_put_the_brown_pouch_on_the_tray.png,00010_wrist_put_the_brown_pouch_on_the_tray.png,recap.png,50,7,256,257,-43.956043956043956,28.0,-10.68131868131868,72.7032967032967,-8.659340659340659,33.6986301369863,-43.03900909423828,37.56505584716797,-26.47836685180664,82.46412658691406,-10.592513084411621,5.7512969970703125
079_brown,put the brown pouch on the tray,11,1,224,9.132,1788428376.3601255,00010_front_put_the_brown_pouch_on_the_tray.png,00010_wrist_put_the_brown_pouch_on_the_tray.png,recap.png,50,8,257,258,-43.956043956043956,28.0,-10.68131868131868,72.7032967032967,-8.659340659340659,33.6986301369863,-43.18354797363281,37.43157196044922,-27.1712589263916,82.97927856445312,-10.563800811767578,5.503350257873535
079_brown,put the brown pouch on the tray,11,1,224,9.132,1788428376.3601255,00010_front_put_the_brown_pouch_on_the_tray.png,00010_wrist_put_the_brown_pouch_on_the_tray.png,recap.png,50,9,258,259,-43.956043956043956,28.0,-10.68131868131868,72.7032967032967,-8.659340659340659,33.6986301369863,-42.82176971435547,36.79509735107422,-28.249324798583984,83.7085189819336,-10.44483757019043,5.467841625213623
079_brown,put the brown pouch on the tray,11,1,224,9.132,1788428376.3601255,00010_front_put_the_brown_pouch_on_the_tray.png,00010_wrist_put_the_brown_pouch_on_the_tray.png,recap.png,50,10,259,260,-43.956043956043956,28.0,-10.68131868131868,72.7032967032967,-8.659340659340659,33.6986301369863,-42.903770446777344,37.37487030029297,-28.94916343688965,84.70744323730469,-10.538572311401367,5.346322059631348
079_brown,put the brown pouch on the tray,11,1,224,9.132,1788428376.3601255,00010_front_put_the_brown_pouch_on_the_tray.png,00010_wrist_put_the_brown_pouch_on_the_tray.png,recap.png,50,11,260,261,-43.956043956043956,28.0,-10.68131868131868,72.7032967032967,-8.659340659340659,33.6986301369863,-43.11357498168945,37.39832305908203,-29.73446273803711,85.75659942626953,-10.624650955200195,5.358375072479248
079_brown,put the brown pouch on the tray,11,1,224,9.132,1788428376.3601255,00010_front_put_the_brown_pouch_on_the_tray.png,00010_wrist_put_the_brown_pouch_on_the_tray.png,recap.png,50,12,261,262,-43.956043956043956,28.0,-10.68131868131868,72.7032967032967,-8.659340659340659,33.6986301369863,-43.06977844238281,37.334312438964844,-31.240591049194336,86.80636596679688,-10.653739929199219,5.467963695526123
079_brown,put the brown pouch on the tray,11,1,224,9.132,1788428376.3601255,00010_front_put_the_brown_pouch_on_the_tray.png,00010_wrist_put_the_brown_pouch_on_the_tray.png,recap.png,50,13,262,263,-43.956043956043956,28.0,-10.68131868131868,72.7032967032967,-8.659340659340659,33.6986301369863,-43.12096405029297,36.970848083496094,-32.12757110595703,88.23190307617188,-10.767236709594727,5.543248653411865
079_brown,put the brown pouch on the tray,11,1,224,9.132,1788428376.3601255,00010_front_put_the_brown_pouch_on_the_tray.png,00010_wrist_put_the_brown_pouch_on_the_tray.png,recap.png,50,14,263,264,-43.956043956043956,28.0,-10.68131868131868,72.7032967032967,-8.659340659340659,33.6986301369863,-43.35974884033203,37.230812072753906,-33.504547119140625,89.23242950439453,-10.811379432678223,5.595668315887451
079_brown,put the brown pouch on the tray,11,1,224,9.132,1788428376.3601255,00010_front_put_the_brown_pouch_on_the_tray.png,00010_wrist_put_the_brown_pouch_on_the_tray.png,recap.png,50,15,264,265,-43.956043956043956,28.0,-10.68131868131868,72.7032967032967,-8.659340659340659,33.6986301369863,-43.28868865966797,37.450477600097656,-34.8905029296875,90.21340942382812,-11.04279613494873,5.8347368240356445
079_brown,put the brown pouch on the tray,11,1,224,9.132,1788428376.3601255,00010_front_put_the_brown_pouch_on_the_tray.png,00010_wrist_put_the_brown_pouch_on_the_tray.png,recap.png,50,16,265,266,-43.956043956043956,28.0,-10.68131868131868,72.7032967032967,-8.659340659340659,33.6986301369863,-43.38978576660156,36.87993621826172,-35.80625915527344,91.23179626464844,-10.95533275604248,5.774020195007324
079_brown,put the brown pouch on the tray,11,1,224,9.132,1788428376.3601255,00010_front_put_the_brown_pouch_on_the_tray.png,00010_wrist_put_the_brown_pouch_on_the_tray.png,recap.png,50,17,266,267,-43.956043956043956,28.0,-10.68131868131868,72.7032967032967,-8.659340659340659,33.6986301369863,-43.15643310546875,36.283668518066406,-36.51538848876953,91.93842315673828,-11.047528266906738,5.878070831298828
079_brown,put the brown pouch on the tray,11,1,224,9.132,1788428376.3601255,00010_front_put_the_brown_pouch_on_the_tray.png,00010_wrist_put_the_brown_pouch_on_the_tray.png,recap.png,50,18,267,268,-43.956043956043956,28.0,-10.68131868131868,72.7032967032967,-8.659340659340659,33.6986301369863,-43.135643005371094,35.938880920410156,-37.28064727783203,93.05671691894531,-11.065356254577637,5.87780237197876
079_brown,put the brown pouch on the tray,11,1,224,9.132,1788428376.3601255,00010_front_put_the_brown_pouch_on_the_tray.png,00010_wrist_put_the_brown_pouch_on_the_tray.png,recap.png,50,19,268,269,-43.956043956043956,28.0,-10.68131868131868,72.7032967032967,-8.659340659340659,33.6986301369863,-43.395240783691406,35.95337677001953,-38.40550994873047,94.1957015991211,-11.326801300048828,5.826374530792236
079_brown,put the brown pouch on the tray,11,1,224,9.132,1788428376.3601255,00010_front_put_the_brown_pouch_on_the_tray.png,00010_wrist_put_the_brown_pouch_on_the_tray.png,recap.png,50,20,269,270,-43.956043956043956,28.0,-10.68131868131868,72.7032967032967,-8.659340659340659,33.6986301369863,-43.04823684692383,35.47718048095703,-39.963287353515625,95.21744537353516,-11.415336608886719,5.759049415588379
079_brown,put the brown pouch on the tray,11,1,224,9.132,1788428376.3601255,00010_front_put_the_brown_pouch_on_the_tray.png,00010_wrist_put_the_brown_pouch_on_the_tray.png,recap.png,50,21,270,271,-43.956043956043956,28.0,-10.68131868131868,72.7032967032967,-8.659340659340659,33.6986301369863,-43.29411697387695,35.090919494628906,-40.508113861083984,96.22845458984375,-11.466466903686523,5.617717266082764
079_brown,put the brown pouch on the tray,11,1,224,9.132,1788428376.3601255,00010_front_put_the_brown_pouch_on_the_tray.png,00010_wrist_put_the_brown_pouch_on_the_tray.png,recap.png,50,22,271,272,-43.956043956043956,28.0,-10.68131868131868,72.7032967032967,-8.659340659340659,33.6986301369863,-43.779640197753906,34.57294464111328,-40.82073974609375,97.15899658203125,-11.463728904724121,5.5492377281188965
079_brown,put the brown pouch on the tray,11,1,224,9.132,1788428376.3601255,00010_front_put_the_brown_pouch_on_the_tray.png,00010_wrist_put_the_brown_pouch_on_the_tray.png,recap.png,50,23,272,273,-43.956043956043956,28.0,-10.68131868131868,72.7032967032967,-8.659340659340659,33.6986301369863,-43.54740905761719,34.08068084716797,-41.8840446472168,97.77527618408203,-11.498722076416016,5.462869644165039
079_brown,put the brown pouch on the tray,11,1,224,9.132,1788428376.3601255,00010_front_put_the_brown_pouch_on_the_tray.png,00010_wrist_put_the_brown_pouch_on_the_tray.png,recap.png,50,24,273,274,-43.956043956043956,28.0,-10.68131868131868,72.7032967032967,-8.659340659340659,33.6986301369863,-43.66855239868164,33.58417510986328,-42.180946350097656,98.25607299804688,-11.549920082092285,5.60593318939209
079_brown,put the brown pouch on the tray,12,1,248,9.977,1788428377.2131062,00011_front_put_the_brown_pouch_on_the_tray.png,00011_wrist_put_the_brown_pouch_on_the_tray.png,recap.png,50,0,274,275,-43.42857142857143,34.417582417582416,-30.021978021978022,85.45054945054945,-10.593406593406593,11.917808219178081,-34.62327194213867,5.26129150390625,-29.34703826904297,99.36390686035156,-11.434887886047363,5.1819562911987305
079_brown,put the brown pouch on the tray,12,1,248,9.977,1788428377.2131062,00011_front_put_the_brown_pouch_on_the_tray.png,00011_wrist_put_the_brown_pouch_on_the_tray.png,recap.png,50,1,275,276,-43.42857142857143,34.417582417582416,-30.021978021978022,85.45054945054945,-10.593406593406593,11.917808219178081,-33.16929626464844,5.8148956298828125,-29.447059631347656,99.45764923095703,-11.108848571777344,5.105398178100586
079_brown,put the brown pouch on the tray,12,1,248,9.977,1788428377.2131062,00011_front_put_the_brown_pouch_on_the_tray.png,00011_wrist_put_the_brown_pouch_on_the_tray.png,recap.png,50,2,276,277,-43.42857142857143,34.417582417582416,-30.021978021978022,85.45054945054945,-10.593406593406593,11.917808219178081,-31.233598709106445,4.6519012451171875,-29.248023986816406,99.492431640625,-11.004386901855469,5.040355682373047
079_brown,put the brown pouch on the tray,12,1,248,9.977,1788428377.2131062,00011_front_put_the_brown_pouch_on_the_tray.png,00011_wrist_put_the_brown_pouch_on_the_tray.png,recap.png,50,3,277,278,-43.42857142857143,34.417582417582416,-30.021978021978022,85.45054945054945,-10.593406593406593,11.917808219178081,-29.534658432006836,4.1028289794921875,-29.306459426879883,99.49620819091797,-10.88315486907959,5.090482234954834
079_brown,put the brown pouch on the tray,12,1,248,9.977,1788428377.2131062,00011_front_put_the_brown_pouch_on_the_tray.png,00011_wrist_put_the_brown_pouch_on_the_tray.png,recap.png,50,4,278,279,-43.42857142857143,34.417582417582416,-30.021978021978022,85.45054945054945,-10.593406593406593,11.917808219178081,-28.016536712646484,3.5464248657226562,-29.301834106445312,99.63822937011719,-10.719888687133789,5.238092422485352
079_brown,put the brown pouch on the tray,12,1,248,9.977,1788428377.2131062,00011_front_put_the_brown_pouch_on_the_tray.png,00011_wrist_put_the_brown_pouch_on_the_tray.png,recap.png,50,5,279,280,-43.42857142857143,34.417582417582416,-30.021978021978022,85.45054945054945,-10.593406593406593,11.917808219178081,-26.274829864501953,2.7723846435546875,-29.002500534057617,99.27488708496094,-10.406071662902832,5.2020955085754395
079_brown,put the brown pouch on the tray,12,1,248,9.977,1788428377.2131062,00011_front_put_the_brown_pouch_on_the_tray.png,00011_wrist_put_the_brown_pouch_on_the_tray.png,recap.png,50,6,280,281,-43.42857142857143,34.417582417582416,-30.021978021978022,85.45054945054945,-10.593406593406593,11.917808219178081,-24.506649017333984,2.5537490844726562,-28.97884178161621,99.35401153564453,-10.108111381530762,5.167439937591553
079_brown,put the brown pouch on the tray,12,1,248,9.977,1788428377.2131062,00011_front_put_the_brown_pouch_on_the_tray.png,00011_wrist_put_the_brown_pouch_on_the_tray.png,recap.png,50,7,281,282,-43.42857142857143,34.417582417582416,-30.021978021978022,85.45054945054945,-10.593406593406593,11.917808219178081,-23.034135818481445,2.6951675415039062,-28.763193130493164,99.23133087158203,-9.861272811889648,5.009679794311523
079_brown,put the brown pouch on the tray,12,1,248,9.977,1788428377.2131062,00011_front_put_the_brown_pouch_on_the_tray.png,00011_wrist_put_the_brown_pouch_on_the_tray.png,recap.png,50,8,282,283,-43.42857142857143,34.417582417582416,-30.021978021978022,85.45054945054945,-10.593406593406593,11.917808219178081,-20.96292495727539,1.8900375366210938,-29.19234848022461,99.42896270751953,-9.637080192565918,5.112593173980713
079_brown,put the brown pouch on the tray,12,1,248,9.977,1788428377.2131062,00011_front_put_the_brown_pouch_on_the_tray.png,00011_wrist_put_the_brown_pouch_on_the_tray.png,recap.png,50,9,283,284,-43.42857142857143,34.417582417582416,-30.021978021978022,85.45054945054945,-10.593406593406593,11.917808219178081,-19.51639175415039,1.4123153686523438,-28.240324020385742,99.53521728515625,-9.361948013305664,5.072346210479736
079_brown,put the brown pouch on the tray,12,1,248,9.977,1788428377.2131062,00011_front_put_the_brown_pouch_on_the_tray.png,00011_wrist_put_the_brown_pouch_on_the_tray.png,recap.png,50,10,284,285,-43.42857142857143,34.417582417582416,-30.021978021978022,85.45054945054945,-10.593406593406593,11.917808219178081,-17.461868286132812,0.604522705078125,-28.611692428588867,99.36012268066406,-9.034625053405762,5.067662239074707
079_brown,put the brown pouch on the tray,12,1,248,9.977,1788428377.2131062,00011_front_put_the_brown_pouch_on_the_tray.png,00011_wrist_put_the_brown_pouch_on_the_tray.png,recap.png,50,11,285,286,-43.42857142857143,34.417582417582416,-30.021978021978022,85.45054945054945,-10.593406593406593,11.917808219178081,-15.984712600708008,0.9870071411132812,-28.488317489624023,99.31571960449219,-8.709348678588867,5.155497074127197
079_brown,put the brown pouch on the tray,12,1,248,9.977,1788428377.2131062,00011_front_put_the_brown_pouch_on_the_tray.png,00011_wrist_put_the_brown_pouch_on_the_tray.png,recap.png,50,12,286,287,-43.42857142857143,34.417582417582416,-30.021978021978022,85.45054945054945,-10.593406593406593,11.917808219178081,-13.862953186035156,0.37465667724609375,-29.46954917907715,99.5977554321289,-8.244603157043457,5.050783634185791
079_brown,put the brown pouch on the tray,12,1,248,9.977,1788428377.2131062,00011_front_put_the_brown_pouch_on_the_tray.png,00011_wrist_put_the_brown_pouch_on_the_tray.png,recap.png,50,13,287,288,-43.42857142857143,34.417582417582416,-30.021978021978022,85.45054945054945,-10.593406593406593,11.917808219178081,-12.036962509155273,-0.43609619140625,-28.85887908935547,99.74929809570312,-7.752567291259766,5.179221153259277
079_brown,put the brown pouch on the tray,12,1,248,9.977,1788428377.2131062,00011_front_put_the_brown_pouch_on_the_tray.png,00011_wrist_put_the_brown_pouch_on_the_tray.png,recap.png,50,14,288,289,-43.42857142857143,34.417582417582416,-30.021978021978022,85.45054945054945,-10.593406593406593,11.917808219178081,-10.51812744140625,0.0662994384765625,-29.21867561340332,99.8907470703125,-7.480605602264404,5.136587619781494
079_brown,put the brown pouch on the tray,12,1,248,9.977,1788428377.2131062,00011_front_put_the_brown_pouch_on_the_tray.png,00011_wrist_put_the_brown_pouch_on_the_tray.png,recap.png,50,15,289,290,-43.42857142857143,34.417582417582416,-30.021978021978022,85.45054945054945,-10.593406593406593,11.917808219178081,-8.954721450805664,-0.1244659423828125,-29.346393585205078,100.03231048583984,-7.134564399719238,5.0505690574646
079_brown,put the brown pouch on the tray,12,1,248,9.977,1788428377.2131062,00011_front_put_the_brown_pouch_on_the_tray.png,00011_wrist_put_the_brown_pouch_on_the_tray.png,recap.png,50,16,290,291,-43.42857142857143,34.417582417582416,-30.021978021978022,85.45054945054945,-10.593406593406593,11.917808219178081,-7.455781936645508,-0.23040008544921875,-29.16860008239746,100.05193328857422,-6.807751178741455,4.954354763031006
079_brown,put the brown pouch on the tray,12,1,248,9.977,1788428377.2131062,00011_front_put_the_brown_pouch_on_the_tray.png,00011_wrist_put_the_brown_pouch_on_the_tray.png,recap.png,50,17,291,292,-43.42857142857143,34.417582417582416,-30.021978021978022,85.45054945054945,-10.593406593406593,11.917808219178081,-6.086572647094727,-0.02716064453125,-29.081302642822266,100.154541015625,-6.713747501373291,5.084823131561279
079_brown,put the brown pouch on the tray,12,1,248,9.977,1788428377.2131062,00011_front_put_the_brown_pouch_on_the_tray.png,00011_wrist_put_the_brown_pouch_on_the_tray.png,recap.png,50,18,292,293,-43.42857142857143,34.417582417582416,-30.021978021978022,85.45054945054945,-10.593406593406593,11.917808219178081,-4.864494323730469,-0.8253936767578125,-28.751985549926758,100.25526428222656,-6.502668857574463,5.146840572357178
079_brown,put the brown pouch on the tray,12,1,248,9.977,1788428377.2131062,00011_front_put_the_brown_pouch_on_the_tray.png,00011_wrist_put_the_brown_pouch_on_the_tray.png,recap.png,50,19,293,294,-43.42857142857143,34.417582417582416,-30.021978021978022,85.45054945054945,-10.593406593406593,11.917808219178081,-3.3987579345703125,-0.089447021484375,-29.203563690185547,100.14164733886719,-6.144966125488281,5.062816619873047
079_brown,put the brown pouch on the tray,12,1,248,9.977,1788428377.2131062,00011_front_put_the_brown_pouch_on_the_tray.png,00011_wrist_put_the_brown_pouch_on_the_tray.png,recap.png,50,20,294,295,-43.42857142857143,34.417582417582416,-30.021978021978022,85.45054945054945,-10.593406593406593,11.917808219178081,-1.9563941955566406,-0.87164306640625,-29.22456169128418,100.22570037841797,-6.0615129470825195,5.076418399810791
079_brown,put the brown pouch on the tray,12,1,248,9.977,1788428377.2131062,00011_front_put_the_brown_pouch_on_the_tray.png,00011_wrist_put_the_brown_pouch_on_the_tray.png,recap.png,50,21,295,296,-43.42857142857143,34.417582417582416,-30.021978021978022,85.45054945054945,-10.593406593406593,11.917808219178081,-1.2874622344970703,-0.312286376953125,-28.006071090698242,100.28993225097656,-5.728560447692871,4.923888206481934
079_brown,put the brown pouch on the tray,12,1,248,9.977,1788428377.2131062,00011_front_put_the_brown_pouch_on_the_tray.png,00011_wrist_put_the_brown_pouch_on_the_tray.png,recap.png,50,22,296,297,-43.42857142857143,34.417582417582416,-30.021978021978022,85.45054945054945,-10.593406593406593,11.917808219178081,0.4619903564453125,-0.03446197509765625,-28.539836883544922,100.10498809814453,-5.4452314376831055,5.104034423828125
079_brown,put the brown pouch on the tray,12,1,248,9.977,1788428377.2131062,00011_front_put_the_brown_pouch_on_the_tray.png,00011_wrist_put_the_brown_pouch_on_the_tray.png,recap.png,50,23,297,298,-43.42857142857143,34.417582417582416,-30.021978021978022,85.45054945054945,-10.593406593406593,11.917808219178081,1.7414779663085938,-0.10637664794921875,-29.339197158813477,100.05850219726562,-5.2695698738098145,5.1704277992248535
079_brown,put the brown pouch on the tray,13,1,273,10.846,1788428378.0745888,00012_front_put_the_brown_pouch_on_the_tray.png,00012_wrist_put_the_brown_pouch_on_the_tray.png,recap.png,50,0,298,299,-43.07692307692308,37.75824175824176,-38.9010989010989,94.24175824175825,-10.68131868131868,9.10958904109589,-26.081806182861328,2.9135971069335938,-32.274776458740234,101.24860382080078,-9.48636245727539,4.537529468536377
079_brown,put the brown pouch on the tray,13,1,273,10.846,1788428378.0745888,00012_front_put_the_brown_pouch_on_the_tray.png,00012_wrist_put_the_brown_pouch_on_the_tray.png,recap.png,50,1,299,300,-43.07692307692308,37.75824175824176,-38.9010989010989,94.24175824175825,-10.68131868131868,9.10958904109589,-24.596391677856445,2.32855224609375,-31.81038475036621,101.18656921386719,-9.245674133300781,4.536496162414551
079_brown,put the brown pouch on the tray,13,1,273,10.846,1788428378.0745888,00012_front_put_the_brown_pouch_on_the_tray.png,00012_wrist_put_the_brown_pouch_on_the_tray.png,recap.png,50,2,300,301,-43.07692307692308,37.75824175824176,-38.9010989010989,94.24175824175825,-10.68131868131868,9.10958904109589,-22.857749938964844,1.5964202880859375,-31.62868881225586,101.25251007080078,-9.001099586486816,4.601812362670898
079_brown,put the brown pouch on the tray,13,1,273,10.846,1788428378.0745888,00012_front_put_the_brown_pouch_on_the_tray.png,00012_wrist_put_the_brown_pouch_on_the_tray.png,recap.png,50,3,301,302,-43.07692307692308,37.75824175824176,-38.9010989010989,94.24175824175825,-10.68131868131868,9.10958904109589,-21.24999237060547,1.1233596801757812,-31.570796966552734,101.38731384277344,-8.797689437866211,4.630573272705078
079_brown,put the brown pouch on the tray,13,1,273,10.846,1788428378.0745888,00012_front_put_the_brown_pouch_on_the_tray.png,00012_wrist_put_the_brown_pouch_on_the_tray.png,recap.png,50,4,302,303,-43.07692307692308,37.75824175824176,-38.9010989010989,94.24175824175825,-10.68131868131868,9.10958904109589,-19.69253921508789,0.43105316162109375,-31.18017578125,101.53579711914062,-8.463968276977539,4.553582668304443
079_brown,put the brown pouch on the tray,13,1,273,10.846,1788428378.0745888,00012_front_put_the_brown_pouch_on_the_tray.png,00012_wrist_put_the_brown_pouch_on_the_tray.png,recap.png,50,5,303,304,-43.07692307692308,37.75824175824176,-38.9010989010989,94.24175824175825,-10.68131868131868,9.10958904109589,-18.02533721923828,-0.16226959228515625,-31.170778274536133,101.58570098876953,-8.325572967529297,4.5331501960754395
079_brown,put the brown pouch on the tray,13,1,273,10.846,1788428378.0745888,00012_front_put_the_brown_pouch_on_the_tray.png,00012_wrist_put_the_brown_pouch_on_the_tray.png,recap.png,50,6,304,305,-43.07692307692308,37.75824175824176,-38.9010989010989,94.24175824175825,-10.68131868131868,9.10958904109589,-16.527050018310547,-0.5431671142578125,-31.03777503967285,101.77154541015625,-8.064428329467773,4.497032165527344
079_brown,put the brown pouch on the tray,13,1,273,10.846,1788428378.0745888,00012_front_put_the_brown_pouch_on_the_tray.png,00012_wrist_put_the_brown_pouch_on_the_tray.png,recap.png,50,7,305,306,-43.07692307692308,37.75824175824176,-38.9010989010989,94.24175824175825,-10.68131868131868,9.10958904109589,-15.105522155761719,-1.3407440185546875,-30.62640380859375,101.80038452148438,-7.84771728515625,4.485451698303223
079_brown,put the brown pouch on the tray,13,1,273,10.846,1788428378.0745888,00012_front_put_the_brown_pouch_on_the_tray.png,00012_wrist_put_the_brown_pouch_on_the_tray.png,recap.png,50,8,306,307,-43.07692307692308,37.75824175824176,-38.9010989010989,94.24175824175825,-10.68131868131868,9.10958904109589,-13.611055374145508,-2.01312255859375,-30.206613540649414,101.8684310913086,-7.579521656036377,4.385529518127441
079_brown,put the brown pouch on the tray,13,1,273,10.846,1788428378.0745888,00012_front_put_the_brown_pouch_on_the_tray.png,00012_wrist_put_the_brown_pouch_on_the_tray.png,recap.png,50,9,307,308,-43.07692307692308,37.75824175824176,-38.9010989010989,94.24175824175825,-10.68131868131868,9.10958904109589,-12.010482788085938,-2.23687744140625,-30.25754165649414,101.78663635253906,-7.29749059677124,4.5071797370910645
079_brown,put the brown pouch on the tray,13,1,273,10.846,1788428378.0745888,00012_front_put_the_brown_pouch_on_the_tray.png,00012_wrist_put_the_brown_pouch_on_the_tray.png,recap.png,50,10,308,309,-43.07692307692308,37.75824175824176,-38.9010989010989,94.24175824175825,-10.68131868131868,9.10958904109589,-10.511453628540039,-2.9535369873046875,-29.932415008544922,101.90020751953125,-6.997862339019775,4.495748996734619
079_brown,put the brown pouch on the tray,13,1,273,10.846,1788428378.0745888,00012_front_put_the_brown_pouch_on_the_tray.png,00012_wrist_put_the_brown_pouch_on_the_tray.png,recap.png,50,11,309,310,-43.07692307692308,37.75824175824176,-38.9010989010989,94.24175824175825,-10.68131868131868,9.10958904109589,-8.788928985595703,-3.3887405395507812,-29.702577590942383,101.91357421875,-6.742772579193115,4.528926372528076
079_brown,put the brown pouch on the tray,13,1,273,10.846,1788428378.0745888,00012_front_put_the_brown_pouch_on_the_tray.png,00012_wrist_put_the_brown_pouch_on_the_tray.png,recap.png,50,12,310,311,-43.07692307692308,37.75824175824176,-38.9010989010989,94.24175824175825,-10.68131868131868,9.10958904109589,-7.314414978027344,-3.7650680541992188,-29.365524291992188,101.96185302734375,-6.454748630523682,4.435012340545654
079_brown,put the brown pouch on the tray,13,1,273,10.846,1788428378.0745888,00012_front_put_the_brown_pouch_on_the_tray.png,00012_wrist_put_the_brown_pouch_on_the_tray.png,recap.png,50,13,311,312,-43.07692307692308,37.75824175824176,-38.9010989010989,94.24175824175825,-10.68131868131868,9.10958904109589,-5.186069488525391,-4.039817810058594,-29.39772605895996,101.87181854248047,-6.247572898864746,4.4930291175842285
079_brown,put the brown pouch on the tray,13,1,273,10.846,1788428378.0745888,00012_front_put_the_brown_pouch_on_the_tray.png,00012_wrist_put_the_brown_pouch_on_the_tray.png,recap.png,50,14,312,313,-43.07692307692308,37.75824175824176,-38.9010989010989,94.24175824175825,-10.68131868131868,9.10958904109589,-3.539670944213867,-4.4695892333984375,-29.550077438354492,102.03189086914062,-5.977924346923828,4.514028549194336
079_brown,put the brown pouch on the tray,13,1,273,10.846,1788428378.0745888,00012_front_put_the_brown_pouch_on_the_tray.png,00012_wrist_put_the_brown_pouch_on_the_tray.png,recap.png,50,15,313,314,-43.07692307692308,37.75824175824176,-38.9010989010989,94.24175824175825,-10.68131868131868,9.10958904109589,-2.1037940979003906,-4.09954833984375,-29.06447982788086,101.98077392578125,-5.7977118492126465,4.3755950927734375
079_brown,put the brown pouch on the tray,13,1,273,10.846,1788428378.0745888,00012_front_put_the_brown_pouch_on_the_tray.png,00012_wrist_put_the_brown_pouch_on_the_tray.png,recap.png,50,16,314,315,-43.07692307692308,37.75824175824176,-38.9010989010989,94.24175824175825,-10.68131868131868,9.10958904109589,-0.18639755249023438,-4.065277099609375,-29.0521240234375,101.94918060302734,-5.564243793487549,4.3676066398620605
079_brown,put the brown pouch on the tray,13,1,273,10.846,1788428378.0745888,00012_front_put_the_brown_pouch_on_the_tray.png,00012_wrist_put_the_brown_pouch_on_the_tray.png,recap.png,50,17,315,316,-43.07692307692308,37.75824175824176,-38.9010989010989,94.24175824175825,-10.68131868131868,9.10958904109589,1.5894775390625,-4.257728576660156,-29.11103630065918,101.82249450683594,-5.44752311706543,4.465743541717529
079_brown,put the brown pouch on the tray,13,1,273,10.846,1788428378.0745888,00012_front_put_the_brown_pouch_on_the_tray.png,00012_wrist_put_the_brown_pouch_on_the_tray.png,recap.png,50,18,316,317,-43.07692307692308,37.75824175824176,-38.9010989010989,94.24175824175825,-10.68131868131868,9.10958904109589,3.4099197387695312,-4.362876892089844,-29.033510208129883,101.67559814453125,-5.2872633934021,4.5288987159729
079_brown,put the brown pouch on the tray,13,1,273,10.846,1788428378.0745888,00012_front_put_the_brown_pouch_on_the_tray.png,00012_wrist_put_the_brown_pouch_on_the_tray.png,recap.png,50,19,317,318,-43.07692307692308,37.75824175824176,-38.9010989010989,94.24175824175825,-10.68131868131868,9.10958904109589,5.250068664550781,-4.3429718017578125,-28.961076736450195,101.74755859375,-5.21742057800293,4.422426223754883
079_brown,put the brown pouch on the tray,13,1,273,10.846,1788428378.0745888,00012_front_put_the_brown_pouch_on_the_tray.png,00012_wrist_put_the_brown_pouch_on_the_tray.png,recap.png,50,20,318,319,-43.07692307692308,37.75824175824176,-38.9010989010989,94.24175824175825,-10.68131868131868,9.10958904109589,7.118816375732422,-4.1932373046875,-28.911588668823242,101.555419921875,-5.025874614715576,4.386684894561768
079_brown,put the brown pouch on the tray,13,1,273,10.846,1788428378.0745888,00012_front_put_the_brown_pouch_on_the_tray.png,00012_wrist_put_the_brown_pouch_on_the_tray.png,recap.png,50,21,319,320,-43.07692307692308,37.75824175824176,-38.9010989010989,94.24175824175825,-10.68131868131868,9.10958904109589,8.861709594726562,-4.4325714111328125,-28.644071578979492,101.552490234375,-4.873654842376709,4.363198757171631
079_brown,put the brown pouch on the tray,13,1,273,10.846,1788428378.0745888,00012_front_put_the_brown_pouch_on_the_tray.png,00012_wrist_put_the_brown_pouch_on_the_tray.png,recap.png,50,22,320,321,-43.07692307692308,37.75824175824176,-38.9010989010989,94.24175824175825,-10.68131868131868,9.10958904109589,10.760112762451172,-4.045623779296875,-28.548381805419922,101.30552673339844,-4.621880531311035,4.437050819396973
079_brown,put the brown pouch on the tray,13,1,273,10.846,1788428378.0745888,00012_front_put_the_brown_pouch_on_the_tray.png,00012_wrist_put_the_brown_pouch_on_the_tray.png,recap.png,50,23,321,322,-43.07692307692308,37.75824175824176,-38.9010989010989,94.24175824175825,-10.68131868131868,9.10958904109589,12.091663360595703,-3.8507843017578125,-28.413978576660156,101.22383117675781,-4.590795040130615,4.35579252243042
079_brown,put the brown pouch on the tray,13,1,273,10.846,1788428378.0745888,00012_front_put_the_brown_pouch_on_the_tray.png,00012_wrist_put_the_brown_pouch_on_the_tray.png,recap.png,50,24,322,323,-43.07692307692308,37.75824175824176,-38.9010989010989,94.24175824175825,-10.68131868131868,9.10958904109589,13.357192993164062,-3.5964508056640625,-27.943408966064453,101.22264099121094,-4.414422035217285,4.380829334259033
079_brown,put the brown pouch on the tray,14,1,297,11.749,1788428378.9783077,00013_front_put_the_brown_pouch_on_the_tray.png,00013_wrist_put_the_brown_pouch_on_the_tray.png,recap.png,50,0,323,324,-2.901098901098901,4.7032967032967035,-27.296703296703296,99.25274725274726,-6.285714285714286,8.698630136986301,29.026859283447266,-4.010284423828125,-13.453384399414062,85.96170043945312,1.5894365310668945,2.9229516983032227
079_brown,put the brown pouch on the tray,14,1,297,11.749,1788428378.9783077,00013_front_put_the_brown_pouch_on_the_tray.png,00013_wrist_put_the_brown_pouch_on_the_tray.png,recap.png,50,1,324,325,-2.901098901098901,4.7032967032967035,-27.296703296703296,99.25274725274726,-6.285714285714286,8.698630136986301,29.349735260009766,-4.018486022949219,-13.10123062133789,84.71993255615234,1.5113153457641602,3.086397409439087
079_brown,put the brown pouch on the tray,14,1,297,11.749,1788428378.9783077,00013_front_put_the_brown_pouch_on_the_tray.png,00013_wrist_put_the_brown_pouch_on_the_tray.png,recap.png,50,2,325,326,-2.901098901098901,4.7032967032967035,-27.296703296703296,99.25274725274726,-6.285714285714286,8.698630136986301,29.957935333251953,-3.7254867553710938,-13.137115478515625,83.55877685546875,1.5027437210083008,3.0988478660583496
079_brown,put the brown pouch on the tray,14,1,297,11.749,1788428378.9783077,00013_front_put_the_brown_pouch_on_the_tray.png,00013_wrist_put_the_brown_pouch_on_the_tray.png,recap.png,50,3,326,327,-2.901098901098901,4.7032967032967035,-27.296703296703296,99.25274725274726,-6.285714285714286,8.698630136986301,30.21322250366211,-3.0945053100585938,-13.508110046386719,82.40786743164062,1.7290210723876953,3.02710223197937
079_brown,put the brown pouch on the tray,14,1,297,11.749,1788428378.9783077,00013_front_put_the_brown_pouch_on_the_tray.png,00013_wrist_put_the_brown_pouch_on_the_tray.png,recap.png,50,4,327,328,-2.901098901098901,4.7032967032967035,-27.296703296703296,99.25274725274726,-6.285714285714286,8.698630136986301,30.709197998046875,-1.7650222778320312,-12.09695053100586,81.62234497070312,1.8097782135009766,3.1656503677368164
079_brown,put the brown pouch on the tray,14,1,297,11.749,1788428378.9783077,00013_front_put_the_brown_pouch_on_the_tray.png,00013_wrist_put_the_brown_pouch_on_the_tray.png,recap.png,50,5,328,329,-2.901098901098901,4.7032967032967035,-27.296703296703296,99.25274725274726,-6.285714285714286,8.698630136986301,30.337696075439453,-2.43963623046875,-12.17691421508789,80.750732421875,1.7209148406982422,2.998427629470825
079_brown,put the brown pouch on the tray,14,1,297,11.749,1788428378.9783077,00013_front_put_the_brown_pouch_on_the_tray.png,00013_wrist_put_the_brown_pouch_on_the_tray.png,recap.png,50,6,329,330,-2.901098901098901,4.7032967032967035,-27.296703296703296,99.25274725274726,-6.285714285714286,8.698630136986301,30.798126220703125,-1.6292800903320312,-12.05300521850586,79.92689514160156,1.628800392150879,2.7549514770507812
079_brown,put the brown pouch on the tray,14,1,297,11.749,1788428378.9783077,00013_front_put_the_brown_pouch_on_the_tray.png,00013_wrist_put_the_brown_pouch_on_the_tray.png,recap.png,50,7,330,331,-2.901098901098901,4.7032967032967035,-27.296703296703296,99.25274725274726,-6.285714285714286,8.698630136986301,30.828163146972656,-0.24953460693359375,-12.416065216064453,79.1136703491211,1.82989501953125,3.0072169303894043
079_brown,put the brown pouch on the tray,14,1,297,11.749,1788428378.9783077,00013_front_put_the_brown_pouch_on_the_tray.png,00013_wrist_put_the_brown_pouch_on_the_tray.png,recap.png,50,8,331,332,-2.901098901098901,4.7032967032967035,-27.296703296703296,99.25274725274726,-6.285714285714286,8.698630136986301,31.208160400390625,-0.51605224609375,-11.08340072631836,78.30469512939453,1.8277587890625,3.045197010040283
079_brown,put the brown pouch on the tray,14,1,297,11.749,1788428378.9783077,00013_front_put_the_brown_pouch_on_the_tray.png,00013_wrist_put_the_brown_pouch_on_the_tray.png,recap.png,50,9,332,333,-2.901098901098901,4.7032967032967035,-27.296703296703296,99.25274725274726,-6.285714285714286,8.698630136986301,30.87154769897461,0.22718048095703125,-11.156944274902344,77.86383819580078,1.7636537551879883,2.942655563354492
079_brown,put the brown pouch on the tray,14,1,297,11.749,1788428378.9783077,00013_front_put_the_brown_pouch_on_the_tray.png,00013_wrist_put_the_brown_pouch_on_the_tray.png,recap.png,50,10,333,334,-2.901098901098901,4.7032967032967035,-27.296703296703296,99.25274725274726,-6.285714285714286,8.698630136986301,31.08411407470703,0.6559066772460938,-10.45001220703125,77.37616729736328,1.7835159301757812,2.6893577575683594
079_brown,put the brown pouch on the tray,14,1,297,11.749,1788428378.9783077,00013_front_put_the_brown_pouch_on_the_tray.png,00013_wrist_put_the_brown_pouch_on_the_tray.png,recap.png,50,11,334,335,-2.901098901098901,4.7032967032967035,-27.296703296703296,99.25274725274726,-6.285714285714286,8.698630136986301,31.270389556884766,1.6829833984375,-10.848957061767578,76.74153137207031,1.7745161056518555,2.9027199745178223
079_brown,put the brown pouch on the tray,14,1,297,11.749,1788428378.9783077,00013_front_put_the_brown_pouch_on_the_tray.png,00013_wrist_put_the_brown_pouch_on_the_tray.png,recap.png,50,12,335,336,-2.901098901098901,4.7032967032967035,-27.296703296703296,99.25274725274726,-6.285714285714286,8.698630136986301,31.439002990722656,1.4911651611328125,-10.615558624267578,76.55118560791016,1.7306585311889648,3.0611014366149902
079_brown,put the brown pouch on the tray,14,1,297,11.749,1788428378.9783077,00013_front_put_the_brown_pouch_on_the_tray.png,00013_wrist_put_the_brown_pouch_on_the_tray.png,recap.png,50,13,336,337,-2.901098901098901,4.7032967032967035,-27.296703296703296,99.25274725274726,-6.285714285714286,8.698630136986301,31.48273468017578,2.2281112670898438,-10.291725158691406,76.25676727294922,1.6831769943237305,2.87130069732666
079_brown,put the brown pouch on the tray,14,1,297,11.749,1788428378.9783077,00013_front_put_the_brown_pouch_on_the_tray.png,00013_wrist_put_the_brown_pouch_on_the_tray.png,recap.png,50,14,337,338,-2.901098901098901,4.7032967032967035,-27.296703296703296,99.25274725274726,-6.285714285714286,8.698630136986301,31.52560806274414,2.4126739501953125,-9.980594635009766,76.35895538330078,1.6034221649169922,2.8449361324310303
079_brown,put the brown pouch on the tray,14,1,297,11.749,1788428378.9783077,00013_front_put_the_brown_pouch_on_the_tray.png,00013_wrist_put_the_brown_pouch_on_the_tray.png,recap.png,50,15,338,339,-2.901098901098901,4.7032967032967035,-27.296703296703296,99.25274725274726,-6.285714285714286,8.698630136986301,31.60879135131836,3.0199127197265625,-9.869468688964844,76.55323791503906,1.731694221496582,2.608570098876953
079_brown,put the brown pouch on the tray,14,1,297,11.749,1788428378.9783077,00013_front_put_the_brown_pouch_on_the_tray.png,00013_wrist_put_the_brown_pouch_on_the_tray.png,recap.png,50,16,339,340,-2.901098901098901,4.7032967032967035,-27.296703296703296,99.25274725274726,-6.285714285714286,8.698630136986301,31.658557891845703,2.7649459838867188,-10.19851303100586,76.236328125,1.7286291122436523,2.7873265743255615
079_brown,put the brown pouch on the tray,14,1,297,11.749,1788428378.9783077,00013_front_put_the_brown_pouch_on_the_tray.png,00013_wrist_put_the_brown_pouch_on_the_tray.png,recap.png,50,17,340,341,-2.901098901098901,4.7032967032967035,-27.296703296703296,99.25274725274726,-6.285714285714286,8.698630136986301,32.017093658447266,3.2344284057617188,-10.785823822021484,76.28994750976562,1.7193832397460938,2.7535622119903564
079_brown,put the brown pouch on the tray,14,1,297,11.749,1788428378.9783077,00013_front_put_the_brown_pouch_on_the_tray.png,00013_wrist_put_the_brown_pouch_on_the_tray.png,recap.png,50,18,341,342,-2.901098901098901,4.7032967032967035,-27.296703296703296,99.25274725274726,-6.285714285714286,8.698630136986301,31.95284652709961,4.0018463134765625,-10.003307342529297,76.47492980957031,1.6295347213745117,2.8641440868377686
079_brown,put the brown pouch on the tray,14,1,297,11.749,1788428378.9783077,00013_front_put_the_brown_pouch_on_the_tray.png,00013_wrist_put_the_brown_pouch_on_the_tray.png,recap.png,50,19,342,343,-2.901098901098901,4.7032967032967035,-27.296703296703296,99.25274725274726,-6.285714285714286,8.698630136986301,32.40463638305664,3.721527099609375,-10.180435180664062,76.55574035644531,1.588170051574707,2.8417179584503174
079_brown,put the brown pouch on the tray,14,1,297,11.749,1788428378.9783077,00013_front_put_the_brown_pouch_on_the_tray.png,00013_wrist_put_the_brown_pouch_on_the_tray.png,recap.png,50,20,343,344,-2.901098901098901,4.7032967032967035,-27.296703296703296,99.25274725274726,-6.285714285714286,8.698630136986301,32.47956466674805,4.8179779052734375,-9.635078430175781,76.46702575683594,1.5862417221069336,2.769911766052246
079_brown,put the brown pouch on the tray,14,1,297,11.749,1788428378.9783077,00013_front_put_the_brown_pouch_on_the_tray.png,00013_wrist_put_the_brown_pouch_on_the_tray.png,recap.png,50,21,344,345,-2.901098901098901,4.7032967032967035,-27.296703296703296,99.25274725274726,-6.285714285714286,8.698630136986301,33.26956558227539,4.830818176269531,-10.849369049072266,76.76953125,1.4533357620239258,2.8161351680755615
079_brown,put the brown pouch on the tray,15,1,322,12.652,1788428379.8810673,00014_front_put_the_brown_pouch_on_the_tray.png,00014_wrist_put_the_brown_pouch_on_the_tray.png,recap.png,50,0,345,346,7.736263736263736,1.098901098901099,-27.824175824175825,100.74725274725274,-5.142857142857143,8.561643835616438,33.393310546875,-2.0398855209350586,-10.20083236694336,79.97087097167969,0.8972436189651489,2.973155975341797
079_brown,put the brown pouch on the tray,15,1,322,12.652,1788428379.8810673,00014_front_put_the_brown_pouch_on_the_tray.png,00014_wrist_put_the_brown_pouch_on_the_tray.png,recap.png,50,1,346,347,7.736263736263736,1.098901098901099,-27.824175824175825,100.74725274725274,-5.142857142857143,8.561643835616438,33.56317138671875,-1.2083051204681396,-10.302462577819824,79.65786743164062,0.9096288084983826,3.1897332668304443
079_brown,put the brown pouch on the tray,15,1,322,12.652,1788428379.8810673,00014_front_put_the_brown_pouch_on_the_tray.png,00014_wrist_put_the_brown_pouch_on_the_tray.png,recap.png,50,2,347,348,7.736263736263736,1.098901098901099,-27.824175824175825,100.74725274725274,-5.142857142857143,8.561643835616438,33.797672271728516,-3.7458953857421875,-9.923606872558594,79.71595764160156,0.6773099899291992,3.290281057357788
079_brown,put the brown pouch on the tray,15,1,322,12.652,1788428379.8810673,00014_front_put_the_brown_pouch_on_the_tray.png,00014_wrist_put_the_brown_pouch_on_the_tray.png,recap.png,50,3,348,349,7.736263736263736,1.098901098901099,-27.824175824175825,100.74725274725274,-5.142857142857143,8.561643835616438,34.14608383178711,-2.9506454467773438,-9.75998306274414,78.97844696044922,0.7206106185913086,3.167907476425171
079_brown,put the brown pouch on the tray,15,1,322,12.652,1788428379.8810673,00014_front_put_the_brown_pouch_on_the_tray.png,00014_wrist_put_the_brown_pouch_on_the_tray.png,recap.png,50,4,349,350,7.736263736263736,1.098901098901099,-27.824175824175825,100.74725274725274,-5.142857142857143,8.561643835616438,34.0606575012207,-1.8855361938476562,-10.295833587646484,78.25203704833984,0.6065559387207031,3.237977981567383
079_brown,put the brown pouch on the tray,15,1,322,12.652,1788428379.8810673,00014_front_put_the_brown_pouch_on_the_tray.png,00014_wrist_put_the_brown_pouch_on_the_tray.png,recap.png,50,5,350,351,7.736263736263736,1.098901098901099,-27.824175824175825,100.74725274725274,-5.142857142857143,8.561643835616438,33.88542556762695,-1.2567214965820312,-10.928085327148438,77.93518829345703,0.6472988128662109,3.1978225708007812
079_brown,put the brown pouch on the tray,15,1,322,12.652,1788428379.8810673,00014_front_put_the_brown_pouch_on_the_tray.png,00014_wrist_put_the_brown_pouch_on_the_tray.png,recap.png,50,6,351,352,7.736263736263736,1.098901098901099,-27.824175824175825,100.74725274725274,-5.142857142857143,8.561643835616438,33.85532760620117,-0.192596435546875,-11.3092041015625,77.39712524414062,0.6037435531616211,3.202636241912842
079_brown,put the brown pouch on the tray,15,1,322,12.652,1788428379.8810673,00014_front_put_the_brown_pouch_on_the_tray.png,00014_wrist_put_the_brown_pouch_on_the_tray.png,recap.png,50,7,352,353,7.736263736263736,1.098901098901099,-27.824175824175825,100.74725274725274,-5.142857142857143,8.561643835616438,33.95322036743164,1.2347564697265625,-12.015155792236328,77.03179168701172,0.5937032699584961,3.079761266708374
079_brown,put the brown pouch on the tray,15,1,322,12.652,1788428379.8810673,00014_front_put_the_brown_pouch_on_the_tray.png,00014_wrist_put_the_brown_pouch_on_the_tray.png,recap.png,50,8,353,354,7.736263736263736,1.098901098901099,-27.824175824175825,100.74725274725274,-5.142857142857143,8.561643835616438,33.67897415161133,2.3198089599609375,-12.290489196777344,76.57697296142578,0.6401987075805664,3.3979856967926025
079_brown,put the brown pouch on the tray,15,1,322,12.652,1788428379.8810673,00014_front_put_the_brown_pouch_on_the_tray.png,00014_wrist_put_the_brown_pouch_on_the_tray.png,recap.png,50,9,354,355,7.736263736263736,1.098901098901099,-27.824175824175825,100.74725274725274,-5.142857142857143,8.561643835616438,33.860164642333984,3.283935546875,-12.54354476928711,76.21502685546875,0.5572433471679688,3.22627854347229
079_brown,put the brown pouch on the tray,15,1,322,12.652,1788428379.8810673,00014_front_put_the_brown_pouch_on_the_tray.png,00014_wrist_put_the_brown_pouch_on_the_tray.png,recap.png,50,10,355,356,7.736263736263736,1.098901098901099,-27.824175824175825,100.74725274725274,-5.142857142857143,8.561643835616438,33.532962799072266,4.068199157714844,-12.930809020996094,75.69068908691406,0.6651105880737305,3.271592855453491
079_brown,put the brown pouch on the tray,15,1,322,12.652,1788428379.8810673,00014_front_put_the_brown_pouch_on_the_tray.png,00014_wrist_put_the_brown_pouch_on_the_tray.png,recap.png,50,11,356,357,7.736263736263736,1.098901098901099,-27.824175824175825,100.74725274725274,-5.142857142857143,8.561643835616438,33.74129867553711,5.7886505126953125,-13.549762725830078,75.37686157226562,0.6309471130371094,3.0534560680389404
079_brown,put the brown pouch on the tray,15,1,322,12.652,1788428379.8810673,00014_front_put_the_brown_pouch_on_the_tray.png,00014_wrist_put_the_brown_pouch_on_the_tray.png,recap.png,50,12,357,358,7.736263736263736,1.098901098901099,-27.824175824175825,100.74725274725274,-5.142857142857143,8.561643835616438,33.48469161987305,6.6983489990234375,-13.992366790771484,74.94087982177734,0.5746850967407227,3.1946096420288086
079_brown,put the brown pouch on the tray,15,1,322,12.652,1788428379.8810673,00014_front_put_the_brown_pouch_on_the_tray.png,00014_wrist_put_the_brown_pouch_on_the_tray.png,recap.png,50,13,358,359,7.736263736263736,1.098901098901099,-27.824175824175825,100.74725274725274,-5.142857142857143,8.561643835616438,33.70600509643555,6.649864196777344,-13.819847106933594,74.3315658569336,0.569091796875,3.1959469318389893
079_brown,put the brown pouch on the tray,15,1,322,12.652,1788428379.8810673,00014_front_put_the_brown_pouch_on_the_tray.png,00014_wrist_put_the_brown_pouch_on_the_tray.png,recap.png,50,14,359,360,7.736263736263736,1.098901098901099,-27.824175824175825,100.74725274725274,-5.142857142857143,8.561643835616438,33.58687973022461,7.508659362792969,-14.353656768798828,73.86511993408203,0.7018957138061523,3.2842354774475098
079_brown,put the brown pouch on the tray,15,1,322,12.652,1788428379.8810673,00014_front_put_the_brown_pouch_on_the_tray.png,00014_wrist_put_the_brown_pouch_on_the_tray.png,recap.png,50,15,360,361,7.736263736263736,1.098901098901099,-27.824175824175825,100.74725274725274,-5.142857142857143,8.561643835616438,33.55418014526367,8.074295043945312,-14.509220123291016,73.3668441772461,0.5650348663330078,3.193856716156006
079_brown,put the brown pouch on the tray,15,1,322,12.652,1788428379.8810673,00014_front_put_the_brown_pouch_on_the_tray.png,00014_wrist_put_the_brown_pouch_on_the_tray.png,recap.png,50,16,361,362,7.736263736263736,1.098901098901099,-27.824175824175825,100.74725274725274,-5.142857142857143,8.561643835616438,33.83652877807617,9.261802673339844,-15.504066467285156,72.85954284667969,0.5326480865478516,3.1919331550598145
079_brown,put the brown pouch on the tray,15,1,322,12.652,1788428379.8810673,00014_front_put_the_brown_pouch_on_the_tray.png,00014_wrist_put_the_brown_pouch_on_the_tray.png,recap.png,50,17,362,363,7.736263736263736,1.098901098901099,-27.824175824175825,100.74725274725274,-5.142857142857143,8.561643835616438,33.85737991333008,9.852935791015625,-14.872528076171875,72.25077056884766,0.5340871810913086,3.161684274673462
079_brown,put the brown pouch on the tray,15,1,322,12.652,1788428379.8810673,00014_front_put_the_brown_pouch_on_the_tray.png,00014_wrist_put_the_brown_pouch_on_the_tray.png,recap.png,50,18,363,364,7.736263736263736,1.098901098901099,-27.824175824175825,100.74725274725274,-5.142857142857143,8.561643835616438,33.84499740600586,10.273643493652344,-15.500297546386719,71.8499755859375,0.5700082778930664,3.0306360721588135
079_brown,put the brown pouch on the tray,15,1,322,12.652,1788428379.8810673,00014_front_put_the_brown_pouch_on_the_tray.png,00014_wrist_put_the_brown_pouch_on_the_tray.png,recap.png,50,19,364,365,7.736263736263736,1.098901098901099,-27.824175824175825,100.74725274725274,-5.142857142857143,8.561643835616438,33.67880630493164,10.99053955078125,-15.642620086669922,71.44361114501953,0.5775279998779297,3.079533815383911
079_brown,put the brown pouch on the tray,15,1,322,12.652,1788428379.8810673,00014_front_put_the_brown_pouch_on_the_tray.png,00014_wrist_put_the_brown_pouch_on_the_tray.png,recap.png,50,20,365,366,7.736263736263736,1.098901098901099,-27.824175824175825,100.74725274725274,-5.142857142857143,8.561643835616438,33.72330093383789,11.807937622070312,-16.681209564208984,71.11798858642578,0.41193389892578125,3.028233528137207
079_brown,put the brown pouch on the tray,15,1,322,12.652,1788428379.8810673,00014_front_put_the_brown_pouch_on_the_tray.png,00014_wrist_put_the_brown_pouch_on_the_tray.png,recap.png,50,21,366,367,7.736263736263736,1.098901098901099,-27.824175824175825,100.74725274725274,-5.142857142857143,8.561643835616438,33.85176467895508,12.650970458984375,-16.585655212402344,70.7585678100586,0.35589027404785156,3.0940959453582764
079_brown,put the brown pouch on the tray,15,1,322,12.652,1788428379.8810673,00014_front_put_the_brown_pouch_on_the_tray.png,00014_wrist_put_the_brown_pouch_on_the_tray.png,recap.png,50,22,367,368,7.736263736263736,1.098901098901099,-27.824175824175825,100.74725274725274,-5.142857142857143,8.561643835616438,33.88701248168945,13.591133117675781,-16.793251037597656,70.5361328125,0.483642578125,3.053051471710205
079_brown,put the brown pouch on the tray,15,1,322,12.652,1788428379.8810673,00014_front_put_the_brown_pouch_on_the_tray.png,00014_wrist_put_the_brown_pouch_on_the_tray.png,recap.png,50,23,368,369,7.736263736263736,1.098901098901099,-27.824175824175825,100.74725274725274,-5.142857142857143,8.561643835616438,33.953182220458984,14.5418701171875,-17.09723663330078,70.1465072631836,0.4203338623046875,2.9794437885284424
079_brown,put the brown pouch on the tray,16,0,343,13.388,1788428380.618318,00015_front_put_the_brown_pouch_on_the_tray.png,00015_wrist_put_the_brown_pouch_on_the_tray.png,recap.png,50,0,369,370,30.505494505494507,5.230769230769231,-8.835164835164836,78.24175824175825,1.2747252747252746,8.561643835616438,34.8437385559082,13.586956024169922,-12.610870361328125,68.78083801269531,1.2972642183303833,16.97991371154785
079_brown,put the brown pouch on the tray,16,0,343,13.388,1788428380.618318,00015_front_put_the_brown_pouch_on_the_tray.png,00015_wrist_put_the_brown_pouch_on_the_tray.png,recap.png,50,1,370,371,30.505494505494507,5.230769230769231,-8.835164835164836,78.24175824175825,1.2747252747252746,8.561643835616438,34.840728759765625,14.112398147583008,-12.937746047973633,69.06303405761719,1.4001621007919312,19.710773468017578
079_brown,put the brown pouch on the tray,16,0,343,13.388,1788428380.618318,00015_front_put_the_brown_pouch_on_the_tray.png,00015_wrist_put_the_brown_pouch_on_the_tray.png,recap.png,50,2,371,372,30.505494505494507,5.230769230769231,-8.835164835164836,78.24175824175825,1.2747252747252746,8.561643835616438,34.94574737548828,14.730084419250488,-12.998106956481934,69.3223876953125,1.4922410249710083,21.467947006225586
079_brown,put the brown pouch on the tray,16,0,343,13.388,1788428380.618318,00015_front_put_the_brown_pouch_on_the_tray.png,00015_wrist_put_the_brown_pouch_on_the_tray.png,recap.png,50,3,372,373,30.505494505494507,5.230769230769231,-8.835164835164836,78.24175824175825,1.2747252747252746,8.561643835616438,34.868648529052734,14.253791809082031,-10.862171173095703,69.4222183227539,2.151317596435547,30.657241821289062
079_brown,put the brown pouch on the tray,16,0,343,13.388,1788428380.618318,00015_front_put_the_brown_pouch_on_the_tray.png,00015_wrist_put_the_brown_pouch_on_the_tray.png,recap.png,50,4,373,374,30.505494505494507,5.230769230769231,-8.835164835164836,78.24175824175825,1.2747252747252746,8.561643835616438,34.9365119934082,14.511398315429688,-10.814128875732422,69.82855987548828,2.2284650802612305,31.242929458618164
079_brown,put the brown pouch on the tray,16,0,343,13.388,1788428380.618318,00015_front_put_the_brown_pouch_on_the_tray.png,00015_wrist_put_the_brown_pouch_on_the_tray.png,recap.png,50,5,374,375,30.505494505494507,5.230769230769231,-8.835164835164836,78.24175824175825,1.2747252747252746,8.561643835616438,35.024784088134766,14.48577880859375,-11.144302368164062,70.2161636352539,2.428892135620117,31.367473602294922
079_brown,put the brown pouch on the tray,16,0,343,13.388,1788428380.618318,00015_front_put_the_brown_pouch_on_the_tray.png,00015_wrist_put_the_brown_pouch_on_the_tray.png,recap.png,50,6,375,376,30.505494505494507,5.230769230769231,-8.835164835164836,78.24175824175825,1.2747252747252746,8.561643835616438,34.78017807006836,14.668930053710938,-11.04534912109375,70.63422393798828,2.5177478790283203,31.321359634399414
079_brown,put the brown pouch on the tray,16,0,343,13.388,1788428380.618318,00015_front_put_the_brown_pouch_on_the_tray.png,00015_wrist_put_the_brown_pouch_on_the_tray.png,recap.png,50,7,376,377,30.505494505494507,5.230769230769231,-8.835164835164836,78.24175824175825,1.2747252747252746,8.561643835616438,34.665836334228516,15.059883117675781,-11.190814971923828,71.00712585449219,2.5912656784057617,31.186838150024414
079_brown,put the brown pouch on the tray,16,0,343,13.388,1788428380.618318,00015_front_put_the_brown_pouch_on_the_tray.png,00015_wrist_put_the_brown_pouch_on_the_tray.png,recap.png,50,8,377,378,30.505494505494507,5.230769230769231,-8.835164835164836,78.24175824175825,1.2747252747252746,8.561643835616438,34.4075813293457,14.995590209960938,-11.504886627197266,71.44161987304688,2.6419858932495117,30.93929672241211
079_brown,put the brown pouch on the tray,16,0,343,13.388,1788428380.618318,00015_front_put_the_brown_pouch_on_the_tray.png,00015_wrist_put_the_brown_pouch_on_the_tray.png,recap.png,50,9,378,379,30.505494505494507,5.230769230769231,-8.835164835164836,78.24175824175825,1.2747252747252746,8.561643835616438,34.37186050415039,14.969009399414062,-11.611419677734375,72.0009765625,2.687882423400879,31.095163345336914
079_brown,put the brown pouch on the tray,16,0,343,13.388,1788428380.618318,00015_front_put_the_brown_pouch_on_the_tray.png,00015_wrist_put_the_brown_pouch_on_the_tray.png,recap.png,50,10,379,380,30.505494505494507,5.230769230769231,-8.835164835164836,78.24175824175825,1.2747252747252746,8.561643835616438,34.02927017211914,15.252670288085938,-11.896072387695312,72.6707763671875,2.792583465576172,31.135469436645508
079_brown,put the brown pouch on the tray,16,0,343,13.388,1788428380.618318,00015_front_put_the_brown_pouch_on_the_tray.png,00015_wrist_put_the_brown_pouch_on_the_tray.png,recap.png,50,11,380,381,30.505494505494507,5.230769230769231,-8.835164835164836,78.24175824175825,1.2747252747252746,8.561643835616438,33.833133697509766,15.12841796875,-11.907951354980469,73.41970825195312,2.77445125579834,31.233488082885742
079_brown,put the brown pouch on the tray,16,0,343,13.388,1788428380.618318,00015_front_put_the_brown_pouch_on_the_tray.png,00015_wrist_put_the_brown_pouch_on_the_tray.png,recap.png,50,12,381,382,30.505494505494507,5.230769230769231,-8.835164835164836,78.24175824175825,1.2747252747252746,8.561643835616438,33.528079986572266,15.132659912109375,-12.106948852539062,74.25369262695312,2.752809524536133,31.35085105895996
079_brown,put the brown pouch on the tray,16,0,343,13.388,1788428380.618318,00015_front_put_the_brown_pouch_on_the_tray.png,00015_wrist_put_the_brown_pouch_on_the_tray.png,recap.png,50,13,382,383,30.505494505494507,5.230769230769231,-8.835164835164836,78.24175824175825,1.2747252747252746,8.561643835616438,33.12758255004883,14.596244812011719,-12.30816650390625,75.26606750488281,2.750059127807617,31.17055892944336
079_brown,put the brown pouch on the tray,16,0,343,13.388,1788428380.618318,00015_front_put_the_brown_pouch_on_the_tray.png,00015_wrist_put_the_brown_pouch_on_the_tray.png,recap.png,50,14,383,384,30.505494505494507,5.230769230769231,-8.835164835164836,78.24175824175825,1.2747252747252746,8.561643835616438,32.68497085571289,14.098129272460938,-12.655448913574219,76.30937194824219,2.7896242141723633,31.30727767944336
079_brown,put the brown pouch on the tray,16,0,343,13.388,1788428380.618318,00015_front_put_the_brown_pouch_on_the_tray.png,00015_wrist_put_the_brown_pouch_on_the_tray.png,recap.png,50,15,384,385,30.505494505494507,5.230769230769231,-8.835164835164836,78.24175824175825,1.2747252747252746,8.561643835616438,32.11704635620117,13.372947692871094,-12.95318603515625,77.52241516113281,2.8256940841674805,31.371971130371094
079_brown,put the brown pouch on the tray,16,0,343,13.388,1788428380.618318,00015_front_put_the_brown_pouch_on_the_tray.png,00015_wrist_put_the_brown_pouch_on_the_tray.png,recap.png,50,16,385,386,30.505494505494507,5.230769230769231,-8.835164835164836,78.24175824175825,1.2747252747252746,8.561643835616438,31.506221771240234,12.612495422363281,-12.939861297607422,78.69918823242188,2.846343994140625,31.631757736206055
079_brown,put the brown pouch on the tray,16,0,343,13.388,1788428380.618318,00015_front_put_the_brown_pouch_on_the_tray.png,00015_wrist_put_the_brown_pouch_on_the_tray.png,recap.png,50,17,386,387,30.505494505494507,5.230769230769231,-8.835164835164836,78.24175824175825,1.2747252747252746,8.561643835616438,30.837356567382812,11.5162353515625,-13.20236587524414,80.03010559082031,2.9202346801757812,31.813194274902344
079_brown,put the brown pouch on the tray,16,0,343,13.388,1788428380.618318,00015_front_put_the_brown_pouch_on_the_tray.png,00015_wrist_put_the_brown_pouch_on_the_tray.png,recap.png,50,18,387,388,30.505494505494507,5.230769230769231,-8.835164835164836,78.24175824175825,1.2747252747252746,8.561643835616438,30.00174331665039,10.320045471191406,-13.01845932006836,81.26824951171875,2.941439628601074,31.860063552856445
079_brown,put the brown pouch on the tray,16,0,343,13.388,1788428380.618318,00015_front_put_the_brown_pouch_on_the_tray.png,00015_wrist_put_the_brown_pouch_on_the_tray.png,recap.png,50,19,388,389,30.505494505494507,5.230769230769231,-8.835164835164836,78.24175824175825,1.2747252747252746,8.561643835616438,29.275638580322266,8.95001220703125,-12.845806121826172,82.52064514160156,3.000551223754883,32.14822769165039
079_brown,put the brown pouch on the tray,16,0,343,13.388,1788428380.618318,00015_front_put_the_brown_pouch_on_the_tray.png,00015_wrist_put_the_brown_pouch_on_the_tray.png,recap.png,50,20,389,390,30.505494505494507,5.230769230769231,-8.835164835164836,78.24175824175825,1.2747252747252746,8.561643835616438,28.34524154663086,7.42578125,-12.648811340332031,83.85272979736328,3.021622657775879,32.33430862426758
079_brown,put the brown pouch on the tray,16,0,343,13.388,1788428380.618318,00015_front_put_the_brown_pouch_on_the_tray.png,00015_wrist_put_the_brown_pouch_on_the_tray.png,recap.png,50,21,390,391,30.505494505494507,5.230769230769231,-8.835164835164836,78.24175824175825,1.2747252747252746,8.561643835616438,27.475173950195312,5.982566833496094,-12.406608581542969,84.99534606933594,3.010432243347168,32.4885368347168
079_brown,put the brown pouch on the tray,16,0,343,13.388,1788428380.618318,00015_front_put_the_brown_pouch_on_the_tray.png,00015_wrist_put_the_brown_pouch_on_the_tray.png,recap.png,50,22,391,392,30.505494505494507,5.230769230769231,-8.835164835164836,78.24175824175825,1.2747252747252746,8.561643835616438,26.618072509765625,4.224555969238281,-11.665664672851562,86.10917663574219,3.0014705657958984,32.55404281616211
079_brown,put the brown pouch on the tray,16,0,343,13.388,1788428380.618318,00015_front_put_the_brown_pouch_on_the_tray.png,00015_wrist_put_the_brown_pouch_on_the_tray.png,recap.png,50,23,392,393,30.505494505494507,5.230769230769231,-8.835164835164836,78.24175824175825,1.2747252747252746,8.561643835616438,25.668731689453125,2.3500213623046875,-11.575897216796875,87.38145446777344,3.0967350006103516,32.722408294677734
079_brown,put the brown pouch on the tray,17,0,368,14.225,1788428381.4543152,00016_front_put_the_brown_pouch_on_the_tray.png,00016_wrist_put_the_brown_pouch_on_the_tray.png,recap.png,50,0,393,394,32.967032967032964,13.23076923076923,-12.791208791208792,72.87912087912088,1.098901098901099,8.561643835616438,34.93941116333008,12.967697143554688,-8.866687774658203,72.52559661865234,2.0425949096679688,27.127090454101562
079_brown,put the brown pouch on the tray,17,0,368,14.225,1788428381.4543152,00016_front_put_the_brown_pouch_on_the_tray.png,00016_wrist_put_the_brown_pouch_on_the_tray.png,recap.png,50,1,394,395,32.967032967032964,13.23076923076923,-12.791208791208792,72.87912087912088,1.098901098901099,8.561643835616438,34.43549728393555,12.892219543457031,-9.573463439941406,73.39309692382812,2.1777563095092773,27.43566131591797
079_brown,put the brown pouch on the tray,17,0,368,14.225,1788428381.4543152,00016_front_put_the_brown_pouch_on_the_tray.png,00016_wrist_put_the_brown_pouch_on_the_tray.png,recap.png,50,2,395,396,32.967032967032964,13.23076923076923,-12.791208791208792,72.87912087912088,1.098901098901099,8.561643835616438,33.628047943115234,11.990196228027344,-9.049137115478516,74.36549377441406,2.086191177368164,27.705549240112305
079_brown,put the brown pouch on the tray,17,0,368,14.225,1788428381.4543152,00016_front_put_the_brown_pouch_on_the_tray.png,00016_wrist_put_the_brown_pouch_on_the_tray.png,recap.png,50,3,396,397,32.967032967032964,13.23076923076923,-12.791208791208792,72.87912087912088,1.098901098901099,8.561643835616438,33.21149826049805,11.373420715332031,-9.887401580810547,75.57723999023438,2.19370174407959,27.9654541015625
079_brown,put the brown pouch on the tray,17,0,368,14.225,1788428381.4543152,00016_front_put_the_brown_pouch_on_the_tray.png,00016_wrist_put_the_brown_pouch_on_the_tray.png,recap.png,50,4,397,398,32.967032967032964,13.23076923076923,-12.791208791208792,72.87912087912088,1.098901098901099,8.561643835616438,32.32322311401367,9.943954467773438,-9.810203552246094,76.80953979492188,2.182314872741699,28.342756271362305
079_brown,put the brown pouch on the tray,17,0,368,14.225,1788428381.4543152,00016_front_put_the_brown_pouch_on_the_tray.png,00016_wrist_put_the_brown_pouch_on_the_tray.png,recap.png,50,5,398,399,32.967032967032964,13.23076923076923,-12.791208791208792,72.87912087912088,1.098901098901099,8.561643835616438,31.746402740478516,9.523246765136719,-10.360504150390625,77.80968475341797,2.190138816833496,28.990575790405273
079_brown,put the brown pouch on the tray,17,0,368,14.225,1788428381.4543152,00016_front_put_the_brown_pouch_on_the_tray.png,00016_wrist_put_the_brown_pouch_on_the_tray.png,recap.png,50,6,399,400,32.967032967032964,13.23076923076923,-12.791208791208792,72.87912087912088,1.098901098901099,8.561643835616438,31.04395294189453,9.176589965820312,-10.90707778930664,79.14002227783203,2.3127737045288086,29.43197250366211
079_brown,put the brown pouch on the tray,17,0,368,14.225,1788428381.4543152,00016_front_put_the_brown_pouch_on_the_tray.png,00016_wrist_put_the_brown_pouch_on_the_tray.png,recap.png,50,7,400,401,32.967032967032964,13.23076923076923,-12.791208791208792,72.87912087912088,1.098901098901099,8.561643835616438,30.48047637939453,8.323005676269531,-10.9161376953125,80.2203369140625,2.3285608291625977,29.95916175842285
079_brown,put the brown pouch on the tray,17,0,368,14.225,1788428381.4543152,00016_front_put_the_brown_pouch_on_the_tray.png,00016_wrist_put_the_brown_pouch_on_the_tray.png,recap.png,50,8,401,402,32.967032967032964,13.23076923076923,-12.791208791208792,72.87912087912088,1.098901098901099,8.561643835616438,29.692962646484375,7.106849670410156,-11.196563720703125,81.7385025024414,2.369363784790039,30.0814266204834
079_brown,put the brown pouch on the tray,17,0,368,14.225,1788428381.4543152,00016_front_put_the_brown_pouch_on_the_tray.png,00016_wrist_put_the_brown_pouch_on_the_tray.png,recap.png,50,9,402,403,32.967032967032964,13.23076923076923,-12.791208791208792,72.87912087912088,1.098901098901099,8.561643835616438,28.53197479248047,5.76031494140625,-11.789817810058594,83.12889099121094,2.4795989990234375,30.205890655517578
079_brown,put the brown pouch on the tray,17,0,368,14.225,1788428381.4543152,00016_front_put_the_brown_pouch_on_the_tray.png,00016_wrist_put_the_brown_pouch_on_the_tray.png,recap.png,50,10,403,404,32.967032967032964,13.23076923076923,-12.791208791208792,72.87912087912088,1.098901098901099,8.561643835616438,27.957843780517578,4.142181396484375,-12.446907043457031,84.60198974609375,2.5564165115356445,30.124696731567383
079_brown,put the brown pouch on the tray,17,0,368,14.225,1788428381.4543152,00016_front_put_the_brown_pouch_on_the_tray.png,00016_wrist_put_the_brown_pouch_on_the_tray.png,recap.png,50,11,404,405,32.967032967032964,13.23076923076923,-12.791208791208792,72.87912087912088,1.098901098901099,8.561643835616438,26.884990692138672,3.3830718994140625,-12.038711547851562,86.12150573730469,2.619441032409668,30.1546573638916
079_brown,put the brown pouch on the tray,17,0,368,14.225,1788428381.4543152,00016_front_put_the_brown_pouch_on_the_tray.png,00016_wrist_put_the_brown_pouch_on_the_tray.png,recap.png,50,12,405,406,32.967032967032964,13.23076923076923,-12.791208791208792,72.87912087912088,1.098901098901099,8.561643835616438,25.867084503173828,2.4329147338867188,-12.699932098388672,87.78585815429688,2.6976633071899414,30.22418975830078
079_brown,put the brown pouch on the tray,17,0,368,14.225,1788428381.4543152,00016_front_put_the_brown_pouch_on_the_tray.png,00016_wrist_put_the_brown_pouch_on_the_tray.png,recap.png,50,13,406,407,32.967032967032964,13.23076923076923,-12.791208791208792,72.87912087912088,1.098901098901099,8.561643835616438,25.018238067626953,1.0556793212890625,-12.873344421386719,89.26072692871094,2.5175304412841797,30.454641342163086
079_brown,put the brown pouch on the tray,17,0,368,14.225,1788428381.4543152,00016_front_put_the_brown_pouch_on_the_tray.png,00016_wrist_put_the_brown_pouch_on_the_tray.png,recap.png,50,14,407,408,32.967032967032964,13.23076923076923,-12.791208791208792,72.87912087912088,1.098901098901099,8.561643835616438,24.277267456054688,-0.13385772705078125,-12.704715728759766,90.5557861328125,2.5443248748779297,30.637380599975586
079_brown,put the brown pouch on the tray,17,0,368,14.225,1788428381.4543152,00016_front_put_the_brown_pouch_on_the_tray.png,00016_wrist_put_the_brown_pouch_on_the_tray.png,recap.png,50,15,408,409,32.967032967032964,13.23076923076923,-12.791208791208792,72.87912087912088,1.098901098901099,8.561643835616438,23.15633773803711,-1.7742080688476562,-12.932937622070312,91.65577697753906,2.5362625122070312,30.919971466064453
079_brown,put the brown pouch on the tray,17,0,368,14.225,1788428381.4543152,00016_front_put_the_brown_pouch_on_the_tray.png,00016_wrist_put_the_brown_pouch_on_the_tray.png,recap.png,50,16,409,410,32.967032967032964,13.23076923076923,-12.791208791208792,72.87912087912088,1.098901098901099,8.561643835616438,22.619678497314453,-2.9238204956054688,-12.736328125,92.31104278564453,2.560378074645996,31.09647560119629
079_brown,put the brown pouch on the tray,17,0,368,14.225,1788428381.4543152,00016_front_put_the_brown_pouch_on_the_tray.png,00016_wrist_put_the_brown_pouch_on_the_tray.png,recap.png,50,17,410,411,32.967032967032964,13.23076923076923,-12.791208791208792,72.87912087912088,1.098901098901099,8.561643835616438,21.800159454345703,-4.0714874267578125,-12.418914794921875,93.02845001220703,2.5959482192993164,31.13410186767578
079_brown,put the brown pouch on the tray,17,0,368,14.225,1788428381.4543152,00016_front_put_the_brown_pouch_on_the_tray.png,00016_wrist_put_the_brown_pouch_on_the_tray.png,recap.png,50,18,411,412,32.967032967032964,13.23076923076923,-12.791208791208792,72.87912087912088,1.098901098901099,8.561643835616438,20.769351959228516,-5.415748596191406,-12.08327865600586,93.28130340576172,2.66732120513916,30.79029083251953
079_brown,put the brown pouch on the tray,17,0,368,14.225,1788428381.4543152,00016_front_put_the_brown_pouch_on_the_tray.png,00016_wrist_put_the_brown_pouch_on_the_tray.png,recap.png,50,19,412,413,32.967032967032964,13.23076923076923,-12.791208791208792,72.87912087912088,1.098901098901099,8.561643835616438,19.720928192138672,-7.314018249511719,-11.431095123291016,93.53539276123047,2.7841720581054688,28.99492835998535
079_brown,put the brown pouch on the tray,17,0,368,14.225,1788428381.4543152,00016_front_put_the_brown_pouch_on_the_tray.png,00016_wrist_put_the_brown_pouch_on_the_tray.png,recap.png,50,20,413,414,32.967032967032964,13.23076923076923,-12.791208791208792,72.87912087912088,1.098901098901099,8.561643835616438,18.465503692626953,-8.374855041503906,-10.505855560302734,93.737548828125,2.791147232055664,25.234554290771484
079_brown,put the brown pouch on the tray,17,0,368,14.225,1788428381.4543152,00016_front_put_the_brown_pouch_on_the_tray.png,00016_wrist_put_the_brown_pouch_on_the_tray.png,recap.png,50,21,414,415,32.967032967032964,13.23076923076923,-12.791208791208792,72.87912087912088,1.098901098901099,8.561643835616438,17.356082916259766,-9.810188293457031,-9.76373291015625,93.621337890625,2.685885429382324,19.692493438720703
079_brown,put the brown pouch on the tray,17,0,368,14.225,1788428381.4543152,00016_front_put_the_brown_pouch_on_the_tray.png,00016_wrist_put_the_brown_pouch_on_the_tray.png,recap.png,50,22,415,416,32.967032967032964,13.23076923076923,-12.791208791208792,72.87912087912088,1.098901098901099,8.561643835616438,15.900936126708984,-11.261810302734375,-9.18216323852539,93.47215270996094,2.612677574157715,14.373539924621582
079_brown,put the brown pouch on the tray,17,0,368,14.225,1788428381.4543152,00016_front_put_the_brown_pouch_on_the_tray.png,00016_wrist_put_the_brown_pouch_on_the_tray.png,recap.png,50,23,416,417,32.967032967032964,13.23076923076923,-12.791208791208792,72.87912087912088,1.098901098901099,8.561643835616438,14.433792114257812,-13.337684631347656,-7.71832275390625,93.40674591064453,2.6916332244873047,8.806132316589355
079_brown,put the brown pouch on the tray,17,0,368,14.225,1788428381.4543152,00016_front_put_the_brown_pouch_on_the_tray.png,00016_wrist_put_the_brown_pouch_on_the_tray.png,recap.png,50,24,417,418,32.967032967032964,13.23076923076923,-12.791208791208792,72.87912087912088,1.098901098901099,8.561643835616438,13.246025085449219,-14.901100158691406,-6.329814910888672,92.9681625366211,2.685914993286133,4.816950798034668
079_brown,put the brown pouch on the tray,18,1,392,15.027,1788428382.2560334,00017_front_put_the_brown_pouch_on_the_tray.png,00017_wrist_put_the_brown_pouch_on_the_tray.png,recap.png,50,0,418,419,28.923076923076923,10.68131868131868,-11.208791208791208,83.25274725274726,2.32967032967033,32.12328767123287,1.9663543701171875,-42.913631439208984,21.531890869140625,91.76508331298828,2.0589866638183594,0.36952245235443115
079_brown,put the brown pouch on the tray,18,1,392,15.027,1788428382.2560334,00017_front_put_the_brown_pouch_on_the_tray.png,00017_wrist_put_the_brown_pouch_on_the_tray.png,recap.png,50,1,419,420,28.923076923076923,10.68131868131868,-11.208791208791208,83.25274725274726,2.32967032967033,32.12328767123287,1.4405937194824219,-44.21179962158203,23.109405517578125,91.04446411132812,2.070222854614258,0.20735016465187073
079_brown,put the brown pouch on the tray,18,1,392,15.027,1788428382.2560334,00017_front_put_the_brown_pouch_on_the_tray.png,00017_wrist_put_the_brown_pouch_on_the_tray.png,recap.png,50,2,420,421,28.923076923076923,10.68131868131868,-11.208791208791208,83.25274725274726,2.32967032967033,32.12328767123287,0.8518486022949219,-46.416969299316406,25.76433563232422,90.07730865478516,2.028883934020996,0.10680557787418365
079_brown,put the brown pouch on the tray,18,1,392,15.027,1788428382.2560334,00017_front_put_the_brown_pouch_on_the_tray.png,00017_wrist_put_the_brown_pouch_on_the_tray.png,recap.png,50,3,421,422,28.923076923076923,10.68131868131868,-11.208791208791208,83.25274725274726,2.32967032967033,32.12328767123287,0.5516738891601562,-48.191383361816406,27.607009887695312,88.91402435302734,2.0115156173706055,-0.019863486289978027
079_brown,put the brown pouch on the tray,18,1,392,15.027,1788428382.2560334,00017_front_put_the_brown_pouch_on_the_tray.png,00017_wrist_put_the_brown_pouch_on_the_tray.png,recap.png,50,4,422,423,28.923076923076923,10.68131868131868,-11.208791208791208,83.25274725274726,2.32967032967033,32.12328767123287,0.05806732177734375,-50.32585144042969,29.8468017578125,87.82070922851562,2.0377607345581055,-0.11910377442836761
079_brown,put the brown pouch on the tray,18,1,392,15.027,1788428382.2560334,00017_front_put_the_brown_pouch_on_the_tray.png,00017_wrist_put_the_brown_pouch_on_the_tray.png,recap.png,50,5,423,424,28.923076923076923,10.68131868131868,-11.208791208791208,83.25274725274726,2.32967032967033,32.12328767123287,-0.2887687683105469,-52.01414108276367,32.172569274902344,86.86567687988281,2.168445587158203,-0.020400941371917725
079_brown,put the brown pouch on the tray,18,1,392,15.027,1788428382.2560334,00017_front_put_the_brown_pouch_on_the_tray.png,00017_wrist_put_the_brown_pouch_on_the_tray.png,recap.png,50,6,424,425,28.923076923076923,10.68131868131868,-11.208791208791208,83.25274725274726,2.32967032967033,32.12328767123287,-0.47252655029296875,-53.505062103271484,33.80897521972656,86.08975219726562,2.165374755859375,0.1647646129131317
079_brown,put the brown pouch on the tray,18,1,392,15.027,1788428382.2560334,00017_front_put_the_brown_pouch_on_the_tray.png,00017_wrist_put_the_brown_pouch_on_the_tray.png,recap.png,50,7,425,426,28.923076923076923,10.68131868131868,-11.208791208791208,83.25274725274726,2.32967032967033,32.12328767123287,-0.581085205078125,-55.61344528198242,36.394134521484375,85.04138946533203,2.039142608642578,0.14816755056381226
079_brown,put the brown pouch on the tray,18,1,392,15.027,1788428382.2560334,00017_front_put_the_brown_pouch_on_the_tray.png,00017_wrist_put_the_brown_pouch_on_the_tray.png,recap.png,50,8,426,427,28.923076923076923,10.68131868131868,-11.208791208791208,83.25274725274726,2.32967032967033,32.12328767123287,-0.8710975646972656,-57.64392852783203,38.235084533691406,83.91741943359375,2.220653533935547,0.21003633737564087
079_brown,put the brown pouch on the tray,18,1,392,15.027,1788428382.2560334,00017_front_put_the_brown_pouch_on_the_tray.png,00017_wrist_put_the_brown_pouch_on_the_tray.png,recap.png,50,9,427,428,28.923076923076923,10.68131868131868,-11.208791208791208,83.25274725274726,2.32967032967033,32.12328767123287,-0.9090499877929688,-59.17802810668945,40.437774658203125,82.81066131591797,2.1335248947143555,0.23739077150821686
079_brown,put the brown pouch on the tray,18,1,392,15.027,1788428382.2560334,00017_front_put_the_brown_pouch_on_the_tray.png,00017_wrist_put_the_brown_pouch_on_the_tray.png,recap.png,50,10,428,429,28.923076923076923,10.68131868131868,-11.208791208791208,83.25274725274726,2.32967032967033,32.12328767123287,-1.0436038970947266,-60.88933563232422,42.686859130859375,81.82093811035156,2.2598419189453125,0.24324849247932434
079_brown,put the brown pouch on the tray,18,1,392,15.027,1788428382.2560334,00017_front_put_the_brown_pouch_on_the_tray.png,00017_wrist_put_the_brown_pouch_on_the_tray.png,recap.png,50,11,429,430,28.923076923076923,10.68131868131868,-11.208791208791208,83.25274725274726,2.32967032967033,32.12328767123287,-1.1442413330078125,-62.993106842041016,45.015411376953125,80.86399841308594,2.1360301971435547,0.2702449858188629
079_brown,put the brown pouch on the tray,18,1,392,15.027,1788428382.2560334,00017_front_put_the_brown_pouch_on_the_tray.png,00017_wrist_put_the_brown_pouch_on_the_tray.png,recap.png,50,12,430,431,28.923076923076923,10.68131868131868,-11.208791208791208,83.25274725274726,2.32967032967033,32.12328767123287,-1.4796161651611328,-64.34646606445312,46.87904357910156,80.11994934082031,2.1378440856933594,0.3720906972885132
079_brown,put the brown pouch on the tray,18,1,392,15.027,1788428382.2560334,00017_front_put_the_brown_pouch_on_the_tray.png,00017_wrist_put_the_brown_pouch_on_the_tray.png,recap.png,50,13,431,432,28.923076923076923,10.68131868131868,-11.208791208791208,83.25274725274726,2.32967032967033,32.12328767123287,-1.9750518798828125,-66.41865539550781,49.27715301513672,79.33495330810547,2.2225637435913086,0.33003300428390503
079_brown,put the brown pouch on the tray,18,1,392,15.027,1788428382.2560334,00017_front_put_the_brown_pouch_on_the_tray.png,00017_wrist_put_the_brown_pouch_on_the_tray.png,recap.png,50,14,432,433,28.923076923076923,10.68131868131868,-11.208791208791208,83.25274725274726,2.32967032967033,32.12328767123287,-2.3239898681640625,-67.68855285644531,50.33355712890625,78.68785095214844,2.1958675384521484,0.40216103196144104
079_brown,put the brown pouch on the tray,18,1,392,15.027,1788428382.2560334,00017_front_put_the_brown_pouch_on_the_tray.png,00017_wrist_put_the_brown_pouch_on_the_tray.png,recap.png,50,15,433,434,28.923076923076923,10.68131868131868,-11.208791208791208,83.25274725274726,2.32967032967033,32.12328767123287,-2.5435848236083984,-69.26937866210938,52.10083770751953,78.22370147705078,2.140078544616699,0.4019602835178375
079_brown,put the brown pouch on the tray,18,1,392,15.027,1788428382.2560334,00017_front_put_the_brown_pouch_on_the_tray.png,00017_wrist_put_the_brown_pouch_on_the_tray.png,recap.png,50,16,434,435,28.923076923076923,10.68131868131868,-11.208791208791208,83.25274725274726,2.32967032967033,32.12328767123287,-2.9800281524658203,-70.77643585205078,53.942970275878906,77.32524108886719,2.201679229736328,0.39537501335144043
079_brown,put the brown pouch on the tray,18,1,392,15.027,1788428382.2560334,00017_front_put_the_brown_pouch_on_the_tray.png,00017_wrist_put_the_brown_pouch_on_the_tray.png,recap.png,50,17,435,436,28.923076923076923,10.68131868131868,-11.208791208791208,83.25274725274726,2.32967032967033,32.12328767123287,-3.2496376037597656,-71.82797241210938,55.51805114746094,76.4996566772461,2.0991668701171875,0.3750753104686737
079_brown,put the brown pouch on the tray,18,1,392,15.027,1788428382.2560334,00017_front_put_the_brown_pouch_on_the_tray.png,00017_wrist_put_the_brown_pouch_on_the_tray.png,recap.png,50,18,436,437,28.923076923076923,10.68131868131868,-11.208791208791208,83.25274725274726,2.32967032967033,32.12328767123287,-3.2972183227539062,-73.35291290283203,57.027259826660156,75.17407989501953,2.297483444213867,0.3923308849334717
079_brown,put the brown pouch on the tray,18,1,392,15.027,1788428382.2560334,00017_front_put_the_brown_pouch_on_the_tray.png,00017_wrist_put_the_brown_pouch_on_the_tray.png,recap.png,50,19,437,438,28.923076923076923,10.68131868131868,-11.208791208791208,83.25274725274726,2.32967032967033,32.12328767123287,-3.5165367126464844,-74.19735717773438,58.802040100097656,74.42174530029297,2.1953296661376953,0.41310641169548035
079_brown,put the brown pouch on the tray,18,1,392,15.027,1788428382.2560334,00017_front_put_the_brown_pouch_on_the_tray.png,00017_wrist_put_the_brown_pouch_on_the_tray.png,recap.png,50,20,438,439,28.923076923076923,10.68131868131868,-11.208791208791208,83.25274725274726,2.32967032967033,32.12328767123287,-3.138986587524414,-75.8528060913086,60.52135467529297,73.53176879882812,2.300077438354492,0.4252169728279114
079_brown,put the brown pouch on the tray,18,1,392,15.027,1788428382.2560334,00017_front_put_the_brown_pouch_on_the_tray.png,00017_wrist_put_the_brown_pouch_on_the_tray.png,recap.png,50,21,439,440,28.923076923076923,10.68131868131868,-11.208791208791208,83.25274725274726,2.32967032967033,32.12328767123287,-3.2183094024658203,-77.24187469482422,61.76824951171875,73.09320831298828,2.200746536254883,0.5244764089584351
079_brown,put the brown pouch on the tray,18,1,392,15.027,1788428382.2560334,00017_front_put_the_brown_pouch_on_the_tray.png,00017_wrist_put_the_brown_pouch_on_the_tray.png,recap.png,50,22,440,441,28.923076923076923,10.68131868131868,-11.208791208791208,83.25274725274726,2.32967032967033,32.12328767123287,-3.0888442993164062,-78.59451293945312,63.584693908691406,72.79238891601562,2.3073854446411133,0.5003741979598999
079_brown,put the brown pouch on the tray,18,1,392,15.027,1788428382.2560334,00017_front_put_the_brown_pouch_on_the_tray.png,00017_wrist_put_the_brown_pouch_on_the_tray.png,recap.png,50,23,441,442,28.923076923076923,10.68131868131868,-11.208791208791208,83.25274725274726,2.32967032967033,32.12328767123287,-2.911344528198242,-80.03653717041016,63.84637451171875,72.55525207519531,2.3375139236450195,0.5063095092773438
079_brown,put the brown pouch on the tray,19,1,417,15.997,1788428383.2276428,00018_front_put_the_brown_pouch_on_the_tray.png,00018_wrist_put_the_brown_pouch_on_the_tray.png,recap.png,50,0,442,443,17.318681318681318,-7.428571428571429,-8.835164835164836,93.01098901098901,2.1538461538461537,22.123287671232877,-4.8930816650390625,-65.81974792480469,46.86431884765625,80.67559814453125,0.7972373962402344,0.6268095970153809
079_brown,put the brown pouch on the tray,19,1,417,15.997,1788428383.2276428,00018_front_put_the_brown_pouch_on_the_tray.png,00018_wrist_put_the_brown_pouch_on_the_tray.png,recap.png,50,1,443,444,17.318681318681318,-7.428571428571429,-8.835164835164836,93.01098901098901,2.1538461538461537,22.123287671232877,-4.802282333374023,-67.98587799072266,48.588096618652344,80.01246643066406,0.8131065368652344,0.8465096950531006
079_brown,put the brown pouch on the tray,19,1,417,15.997,1788428383.2276428,00018_front_put_the_brown_pouch_on_the_tray.png,00018_wrist_put_the_brown_pouch_on_the_tray.png,recap.png,50,2,444,445,17.318681318681318,-7.428571428571429,-8.835164835164836,93.01098901098901,2.1538461538461537,22.123287671232877,-4.832042694091797,-70.1192855834961,50.944129943847656,79.51775360107422,0.6334590911865234,0.6607270240783691
079_brown,put the brown pouch on the tray,19,1,417,15.997,1788428383.2276428,00018_front_put_the_brown_pouch_on_the_tray.png,00018_wrist_put_the_brown_pouch_on_the_tray.png,recap.png,50,3,445,446,17.318681318681318,-7.428571428571429,-8.835164835164836,93.01098901098901,2.1538461538461537,22.123287671232877,-4.848369598388672,-72.43606567382812,52.329017639160156,78.94062042236328,0.7660360336303711,0.6834972500801086
079_brown,put the brown pouch on the tray,19,1,417,15.997,1788428383.2276428,00018_front_put_the_brown_pouch_on_the_tray.png,00018_wrist_put_the_brown_pouch_on_the_tray.png,recap.png,50,4,446,447,17.318681318681318,-7.428571428571429,-8.835164835164836,93.01098901098901,2.1538461538461537,22.123287671232877,-4.608224868774414,-73.83409118652344,53.57518005371094,78.33688354492188,0.6978206634521484,0.8180070519447327
079_brown,put the brown pouch on the tray,19,1,417,15.997,1788428383.2276428,00018_front_put_the_brown_pouch_on_the_tray.png,00018_wrist_put_the_brown_pouch_on_the_tray.png,recap.png,50,5,447,448,17.318681318681318,-7.428571428571429,-8.835164835164836,93.01098901098901,2.1538461538461537,22.123287671232877,-4.594491958618164,-76.65559387207031,55.92033386230469,77.98491668701172,0.6652736663818359,0.7685834169387817
079_brown,put the brown pouch on the tray,19,1,417,15.997,1788428383.2276428,00018_front_put_the_brown_pouch_on_the_tray.png,00018_wrist_put_the_brown_pouch_on_the_tray.png,recap.png,50,6,448,449,17.318681318681318,-7.428571428571429,-8.835164835164836,93.01098901098901,2.1538461538461537,22.123287671232877,-4.30192756652832,-78.26313781738281,57.59197998046875,77.62918090820312,0.714787483215332,0.9368152022361755
079_brown,put the brown pouch on the tray,19,1,417,15.997,1788428383.2276428,00018_front_put_the_brown_pouch_on_the_tray.png,00018_wrist_put_the_brown_pouch_on_the_tray.png,recap.png,50,7,449,450,17.318681318681318,-7.428571428571429,-8.835164835164836,93.01098901098901,2.1538461538461537,22.123287671232877,-4.565559387207031,-80.66290283203125,59.783721923828125,77.41913604736328,0.6825494766235352,0.8107154369354248
079_brown,put the brown pouch on the tray,19,1,417,15.997,1788428383.2276428,00018_front_put_the_brown_pouch_on_the_tray.png,00018_wrist_put_the_brown_pouch_on_the_tray.png,recap.png,50,8,450,451,17.318681318681318,-7.428571428571429,-8.835164835164836,93.01098901098901,2.1538461538461537,22.123287671232877,-4.334892272949219,-82.47604370117188,61.53944396972656,76.89447021484375,0.7002058029174805,0.7608053684234619
079_brown,put the brown pouch on the tray,19,1,417,15.997,1788428383.2276428,00018_front_put_the_brown_pouch_on_the_tray.png,00018_wrist_put_the_brown_pouch_on_the_tray.png,recap.png,50,9,451,452,17.318681318681318,-7.428571428571429,-8.835164835164836,93.01098901098901,2.1538461538461537,22.123287671232877,-4.097944259643555,-84.89696502685547,63.32765197753906,76.53369140625,0.6029958724975586,0.793978214263916
079_brown,put the brown pouch on the tray,19,1,417,15.997,1788428383.2276428,00018_front_put_the_brown_pouch_on_the_tray.png,00018_wrist_put_the_brown_pouch_on_the_tray.png,recap.png,50,10,452,453,17.318681318681318,-7.428571428571429,-8.835164835164836,93.01098901098901,2.1538461538461537,22.123287671232877,-3.9104671478271484,-86.94393157958984,64.6961441040039,76.26980590820312,0.7232542037963867,0.6896162629127502
079_brown,put the brown pouch on the tray,19,1,417,15.997,1788428383.2276428,00018_front_put_the_brown_pouch_on_the_tray.png,00018_wrist_put_the_brown_pouch_on_the_tray.png,recap.png,50,11,453,454,17.318681318681318,-7.428571428571429,-8.835164835164836,93.01098901098901,2.1538461538461537,22.123287671232877,-3.680257797241211,-89.11845397949219,66.69670104980469,75.84231567382812,0.6628179550170898,0.670996904373169
079_brown,put the brown pouch on the tray,19,1,417,15.997,1788428383.2276428,00018_front_put_the_brown_pouch_on_the_tray.png,00018_wrist_put_the_brown_pouch_on_the_tray.png,recap.png,50,12,454,455,17.318681318681318,-7.428571428571429,-8.835164835164836,93.01098901098901,2.1538461538461537,22.123287671232877,-3.5541534423828125,-90.84883117675781,68.36302185058594,75.98457336425781,0.7405929565429688,0.764243483543396
079_brown,put the brown pouch on the tray,19,1,417,15.997,1788428383.2276428,00018_front_put_the_brown_pouch_on_the_tray.png,00018_wrist_put_the_brown_pouch_on_the_tray.png,recap.png,50,13,455,456,17.318681318681318,-7.428571428571429,-8.835164835164836,93.01098901098901,2.1538461538461537,22.123287671232877,-3.3437442779541016,-92.65338134765625,69.46517944335938,75.97320556640625,0.7025089263916016,0.6309031248092651
079_brown,put the brown pouch on the tray,19,1,417,15.997,1788428383.2276428,00018_front_put_the_brown_pouch_on_the_tray.png,00018_wrist_put_the_brown_pouch_on_the_tray.png,recap.png,50,14,456,457,17.318681318681318,-7.428571428571429,-8.835164835164836,93.01098901098901,2.1538461538461537,22.123287671232877,-3.380899429321289,-94.71221923828125,70.95435333251953,76.26036834716797,0.7118587493896484,0.6398601531982422
079_brown,put the brown pouch on the tray,19,1,417,15.997,1788428383.2276428,00018_front_put_the_brown_pouch_on_the_tray.png,00018_wrist_put_the_brown_pouch_on_the_tray.png,recap.png,50,15,457,458,17.318681318681318,-7.428571428571429,-8.835164835164836,93.01098901098901,2.1538461538461537,22.123287671232877,-3.363321304321289,-96.87918853759766,72.63453674316406,76.25572204589844,0.7347068786621094,0.339383065700531
079_brown,put the brown pouch on the tray,19,1,417,15.997,1788428383.2276428,00018_front_put_the_brown_pouch_on_the_tray.png,00018_wrist_put_the_brown_pouch_on_the_tray.png,recap.png,50,16,458,459,17.318681318681318,-7.428571428571429,-8.835164835164836,93.01098901098901,2.1538461538461537,22.123287671232877,-3.6518497467041016,-98.539794921875,73.49229431152344,76.25125122070312,0.7136516571044922,0.48090407252311707
079_brown,put the brown pouch on the tray,19,1,417,15.997,1788428383.2276428,00018_front_put_the_brown_pouch_on_the_tray.png,00018_wrist_put_the_brown_pouch_on_the_tray.png,recap.png,50,17,459,460,17.318681318681318,-7.428571428571429,-8.835164835164836,93.01098901098901,2.1538461538461537,22.123287671232877,-3.699678421020508,-100.2156982421875,74.81471252441406,76.30638885498047,0.6512842178344727,0.48212555050849915
079_brown,put the brown pouch on the tray,19,1,417,15.997,1788428383.2276428,00018_front_put_the_brown_pouch_on_the_tray.png,00018_wrist_put_the_brown_pouch_on_the_tray.png,recap.png,50,18,460,461,17.318681318681318,-7.428571428571429,-8.835164835164836,93.01098901098901,2.1538461538461537,22.123287671232877,-3.9320602416992188,-101.95500946044922,76.30181884765625,76.35191345214844,0.6528482437133789,0.3865825831890106
079_brown,put the brown pouch on the tray,19,1,417,15.997,1788428383.2276428,00018_front_put_the_brown_pouch_on_the_tray.png,00018_wrist_put_the_brown_pouch_on_the_tray.png,recap.png,50,19,461,462,17.318681318681318,-7.428571428571429,-8.835164835164836,93.01098901098901,2.1538461538461537,22.123287671232877,-4.261957168579102,-102.64730834960938,77.57121276855469,76.60003662109375,0.6392583847045898,0.5258879661560059
079_brown,put the brown pouch on the tray,19,1,417,15.997,1788428383.2276428,00018_front_put_the_brown_pouch_on_the_tray.png,00018_wrist_put_the_brown_pouch_on_the_tray.png,recap.png,50,20,462,463,17.318681318681318,-7.428571428571429,-8.835164835164836,93.01098901098901,2.1538461538461537,22.123287671232877,-4.378988265991211,-104.55338287353516,78.36932373046875,76.98834228515625,0.9412555694580078,0.3345683813095093
079_brown,put the brown pouch on the tray,19,1,417,15.997,1788428383.2276428,00018_front_put_the_brown_pouch_on_the_tray.png,00018_wrist_put_the_brown_pouch_on_the_tray.png,recap.png,50,21,463,464,17.318681318681318,-7.428571428571429,-8.835164835164836,93.01098901098901,2.1538461538461537,22.123287671232877,-4.719831466674805,-105.63912963867188,79.87411499023438,78.09127807617188,1.2481107711791992,0.33974844217300415
079_brown,put the brown pouch on the tray,19,1,417,15.997,1788428383.2276428,00018_front_put_the_brown_pouch_on_the_tray.png,00018_wrist_put_the_brown_pouch_on_the_tray.png,recap.png,50,22,464,465,17.318681318681318,-7.428571428571429,-8.835164835164836,93.01098901098901,2.1538461538461537,22.123287671232877,-5.405843734741211,-106.59624481201172,80.36888122558594,79.16204071044922,1.3164787292480469,0.30829307436943054
079_brown,put the brown pouch on the tray,19,1,417,15.997,1788428383.2276428,00018_front_put_the_brown_pouch_on_the_tray.png,00018_wrist_put_the_brown_pouch_on_the_tray.png,recap.png,50,23,465,466,17.318681318681318,-7.428571428571429,-8.835164835164836,93.01098901098901,2.1538461538461537,22.123287671232877,-5.995319366455078,-107.93464660644531,81.31845092773438,79.87444305419922,1.8452129364013672,0.313875675201416
079_brown,put the brown pouch on the tray,19,1,417,15.997,1788428383.2276428,00018_front_put_the_brown_pouch_on_the_tray.png,00018_wrist_put_the_brown_pouch_on_the_tray.png,recap.png,50,24,466,467,17.318681318681318,-7.428571428571429,-8.835164835164836,93.01098901098901,2.1538461538461537,22.123287671232877,-6.510236740112305,-108.1015396118164,82.05375671386719,80.43018341064453,1.9146404266357422,0.3790286183357239
079_brown,put the brown pouch on the tray,20,1,441,16.867,1788428384.09877,00019_front_put_the_brown_pouch_on_the_tray.png,00019_wrist_put_the_brown_pouch_on_the_tray.png,recap.png,50,0,467,468,-2.901098901098901,-75.47252747252747,61.05494505494506,74.81318681318682,2.32967032967033,0.547945205479452,-3.566255569458008,-101.55477142333984,86.48536682128906,77.3733139038086,-3.5384750366210938,0.45496973395347595
079_brown,put the brown pouch on the tray,20,1,441,16.867,1788428384.09877,00019_front_put_the_brown_pouch_on_the_tray.png,00019_wrist_put_the_brown_pouch_on_the_tray.png,recap.png,50,1,468,469,-2.901098901098901,-75.47252747252747,61.05494505494506,74.81318681318682,2.32967032967033,0.547945205479452,-3.7062320709228516,-101.41758728027344,86.05482482910156,77.43889617919922,-3.50714111328125,0.43950703740119934
079_brown,put the brown pouch on the tray,20,1,441,16.867,1788428384.09877,00019_front_put_the_brown_pouch_on_the_tray.png,00019_wrist_put_the_brown_pouch_on_the_tray.png,recap.png,50,2,469,470,-2.901098901098901,-75.47252747252747,61.05494505494506,74.81318681318682,2.32967032967033,0.547945205479452,-3.812002182006836,-101.4098129272461,86.27790832519531,77.4926986694336,-3.4715347290039062,0.38338127732276917
079_brown,put the brown pouch on the tray,20,1,441,16.867,1788428384.09877,00019_front_put_the_brown_pouch_on_the_tray.png,00019_wrist_put_the_brown_pouch_on_the_tray.png,recap.png,50,3,470,471,-2.901098901098901,-75.47252747252747,61.05494505494506,74.81318681318682,2.32967032967033,0.547945205479452,-4.368782043457031,-101.51726531982422,86.941650390625,77.44444274902344,-3.3652725219726562,0.40702247619628906
079_brown,put the brown pouch on the tray,20,1,441,16.867,1788428384.09877,00019_front_put_the_brown_pouch_on_the_tray.png,00019_wrist_put_the_brown_pouch_on_the_tray.png,recap.png,50,4,471,472,-2.901098901098901,-75.47252747252747,61.05494505494506,74.81318681318682,2.32967032967033,0.547945205479452,-4.04022216796875,-101.79063415527344,87.0850830078125,77.66094970703125,-3.333083152770996,0.2841835021972656
079_brown,put the brown pouch on the tray,20,1,441,16.867,1788428384.09877,00019_front_put_the_brown_pouch_on_the_tray.png,00019_wrist_put_the_brown_pouch_on_the_tray.png,recap.png,50,5,472,473,-2.901098901098901,-75.47252747252747,61.05494505494506,74.81318681318682,2.32967032967033,0.547945205479452,-4.143350601196289,-101.70500183105469,87.46688842773438,77.4407730102539,-3.2790660858154297,0.37207263708114624
079_brown,put the brown pouch on the tray,20,1,441,16.867,1788428384.09877,00019_front_put_the_brown_pouch_on_the_tray.png,00019_wrist_put_the_brown_pouch_on_the_tray.png,recap.png,50,6,473,474,-2.901098901098901,-75.47252747252747,61.05494505494506,74.81318681318682,2.32967032967033,0.547945205479452,-4.276557922363281,-101.78740692138672,87.16996765136719,77.41094970703125,-3.247983932495117,0.4688020348548889
079_brown,put the brown pouch on the tray,20,1,441,16.867,1788428384.09877,00019_front_put_the_brown_pouch_on_the_tray.png,00019_wrist_put_the_brown_pouch_on_the_tray.png,recap.png,50,7,474,475,-2.901098901098901,-75.47252747252747,61.05494505494506,74.81318681318682,2.32967032967033,0.547945205479452,-4.263803482055664,-101.69031524658203,87.87452697753906,77.50186157226562,-3.132122039794922,0.45613914728164673
079_brown,put the brown pouch on the tray,20,1,441,16.867,1788428384.09877,00019_front_put_the_brown_pouch_on_the_tray.png,00019_wrist_put_the_brown_pouch_on_the_tray.png,recap.png,50,8,475,476,-2.901098901098901,-75.47252747252747,61.05494505494506,74.81318681318682,2.32967032967033,0.547945205479452,-4.163537979125977,-102.01313018798828,87.05323791503906,77.45623779296875,-3.0015649795532227,0.34599384665489197
079_brown,put the brown pouch on the tray,20,1,441,16.867,1788428384.09877,00019_front_put_the_brown_pouch_on_the_tray.png,00019_wrist_put_the_brown_pouch_on_the_tray.png,recap.png,50,9,476,477,-2.901098901098901,-75.47252747252747,61.05494505494506,74.81318681318682,2.32967032967033,0.547945205479452,-4.063629150390625,-101.93401336669922,88.37672424316406,77.59497833251953,-2.9890127182006836,0.41511812806129456
079_brown,put the brown pouch on the tray,20,1,441,16.867,1788428384.09877,00019_front_put_the_brown_pouch_on_the_tray.png,00019_wrist_put_the_brown_pouch_on_the_tray.png,recap.png,50,10,477,478,-2.901098901098901,-75.47252747252747,61.05494505494506,74.81318681318682,2.32967032967033,0.547945205479452,-4.120750427246094,-101.75272369384766,87.85455322265625,77.6074447631836,-2.8891048431396484,0.33272767066955566
079_brown,put the brown pouch on the tray,20,1,441,16.867,1788428384.09877,00019_front_put_the_brown_pouch_on_the_tray.png,00019_wrist_put_the_brown_pouch_on_the_tray.png,recap.png,50,11,478,479,-2.901098901098901,-75.47252747252747,61.05494505494506,74.81318681318682,2.32967032967033,0.547945205479452,-3.8796920776367188,-101.97077941894531,88.08680725097656,77.66578674316406,-2.864185333251953,0.45547106862068176
079_brown,put the brown pouch on the tray,20,1,441,16.867,1788428384.09877,00019_front_put_the_brown_pouch_on_the_tray.png,00019_wrist_put_the_brown_pouch_on_the_tray.png,recap.png,50,12,479,480,-2.901098901098901,-75.47252747252747,61.05494505494506,74.81318681318682,2.32967032967033,0.547945205479452,-3.947042465209961,-102.3410873413086,87.54576110839844,77.81309509277344,-2.908350944519043,0.43436098098754883
079_brown,put the brown pouch on the tray,20,1,441,16.867,1788428384.09877,00019_front_put_the_brown_pouch_on_the_tray.png,00019_wrist_put_the_brown_pouch_on_the_tray.png,recap.png,50,13,480,481,-2.901098901098901,-75.47252747252747,61.05494505494506,74.81318681318682,2.32967032967033,0.547945205479452,-4.155172348022461,-101.28292083740234,87.72650146484375,77.59666442871094,-2.8031444549560547,0.45625704526901245
079_brown,put the brown pouch on the tray,20,1,441,16.867,1788428384.09877,00019_front_put_the_brown_pouch_on_the_tray.png,00019_wrist_put_the_brown_pouch_on_the_tray.png,recap.png,50,14,481,482,-2.901098901098901,-75.47252747252747,61.05494505494506,74.81318681318682,2.32967032967033,0.547945205479452,-4.198091506958008,-101.76242065429688,88.923095703125,78.03753662109375,-2.9348630905151367,0.4687446653842926
079_brown,put the brown pouch on the tray,20,1,441,16.867,1788428384.09877,00019_front_put_the_brown_pouch_on_the_tray.png,00019_wrist_put_the_brown_pouch_on_the_tray.png,recap.png,50,15,482,483,-2.901098901098901,-75.47252747252747,61.05494505494506,74.81318681318682,2.32967032967033,0.547945205479452,-4.339887619018555,-101.5724868774414,88.29083251953125,77.69761657714844,-2.856806755065918,0.5418604612350464
079_brown,put the brown pouch on the tray,20,1,441,16.867,1788428384.09877,00019_front_put_the_brown_pouch_on_the_tray.png,00019_wrist_put_the_brown_pouch_on_the_tray.png,recap.png,50,16,483,484,-2.901098901098901,-75.47252747252747,61.05494505494506,74.81318681318682,2.32967032967033,0.547945205479452,-4.6839447021484375,-102.09405517578125,88.48446655273438,77.76481628417969,-2.9284210205078125,0.4069311320781708
079_brown,put the brown pouch on the tray,20,1,441,16.867,1788428384.09877,00019_front_put_the_brown_pouch_on_the_tray.png,00019_wrist_put_the_brown_pouch_on_the_tray.png,recap.png,50,17,484,485,-2.901098901098901,-75.47252747252747,61.05494505494506,74.81318681318682,2.32967032967033,0.547945205479452,-4.723146438598633,-101.77603149414062,88.27517700195312,77.69438171386719,-2.967404365539551,0.41887491941452026
079_brown,put the brown pouch on the tray,20,1,441,16.867,1788428384.09877,00019_front_put_the_brown_pouch_on_the_tray.png,00019_wrist_put_the_brown_pouch_on_the_tray.png,recap.png,50,18,485,486,-2.901098901098901,-75.47252747252747,61.05494505494506,74.81318681318682,2.32967032967033,0.547945205479452,-4.758939743041992,-101.96752166748047,89.29348754882812,77.90017700195312,-3.06809139251709,0.29097482562065125
079_brown,put the brown pouch on the tray,20,1,441,16.867,1788428384.09877,00019_front_put_the_brown_pouch_on_the_tray.png,00019_wrist_put_the_brown_pouch_on_the_tray.png,recap.png,50,19,486,487,-2.901098901098901,-75.47252747252747,61.05494505494506,74.81318681318682,2.32967032967033,0.547945205479452,-4.857229232788086,-100.76887512207031,88.565673828125,77.86067199707031,-2.8477582931518555,0.4647637605667114
079_brown,put the brown pouch on the tray,20,1,441,16.867,1788428384.09877,00019_front_put_the_brown_pouch_on_the_tray.png,00019_wrist_put_the_brown_pouch_on_the_tray.png,recap.png,50,20,487,488,-2.901098901098901,-75.47252747252747,61.05494505494506,74.81318681318682,2.32967032967033,0.547945205479452,-4.912134170532227,-101.57615661621094,88.50344848632812,77.83849334716797,-2.9549379348754883,0.38463568687438965
079_brown,put the brown pouch on the tray,20,1,441,16.867,1788428384.09877,00019_front_put_the_brown_pouch_on_the_tray.png,00019_wrist_put_the_brown_pouch_on_the_tray.png,recap.png,50,21,488,489,-2.901098901098901,-75.47252747252747,61.05494505494506,74.81318681318682,2.32967032967033,0.547945205479452,-5.040498733520508,-101.2470703125,88.22840881347656,77.80465698242188,-2.928715705871582,0.2618221640586853
079_brown,put the brown pouch on the tray,20,1,441,16.867,1788428384.09877,00019_front_put_the_brown_pouch_on_the_tray.png,00019_wrist_put_the_brown_pouch_on_the_tray.png,recap.png,50,22,489,490,-2.901098901098901,-75.47252747252747,61.05494505494506,74.81318681318682,2.32967032967033,0.547945205479452,-4.947038650512695,-101.1014175415039,89.10787963867188,77.69297790527344,-2.9318771362304688,0.3517761528491974
079_brown,put the brown pouch on the tray,20,1,441,16.867,1788428384.09877,00019_front_put_the_brown_pouch_on_the_tray.png,00019_wrist_put_the_brown_pouch_on_the_tray.png,recap.png,50,23,490,491,-2.901098901098901,-75.47252747252747,61.05494505494506,74.81318681318682,2.32967032967033,0.547945205479452,-4.775724411010742,-101.07423400878906,88.73866271972656,77.86851501464844,-2.90435791015625,0.5830514430999756
079_brown,put the brown pouch on the tray,21,0,466,17.703,1788428384.9313047,00020_front_put_the_brown_pouch_on_the_tray.png,00020_wrist_put_the_brown_pouch_on_the_tray.png,recap.png,50,0,491,492,-4.835164835164835,-102.1978021978022,79.6043956043956,78.06593406593407,1.098901098901099,0.410958904109589,-5.144060134887695,-101.38252258300781,87.19683837890625,79.17088317871094,-2.216183662414551,0.24818532168865204
079_brown,put the brown pouch on the tray,21,0,466,17.703,1788428384.9313047,00020_front_put_the_brown_pouch_on_the_tray.png,00020_wrist_put_the_brown_pouch_on_the_tray.png,recap.png,50,1,492,493,-4.835164835164835,-102.1978021978022,79.6043956043956,78.06593406593407,1.098901098901099,0.410958904109589,-5.04503059387207,-100.95780944824219,87.14376831054688,79.12544250488281,-2.172459602355957,0.19815519452095032
079_brown,put the brown pouch on the tray,21,0,466,17.703,1788428384.9313047,00020_front_put_the_brown_pouch_on_the_tray.png,00020_wrist_put_the_brown_pouch_on_the_tray.png,recap.png,50,2,493,494,-4.835164835164835,-102.1978021978022,79.6043956043956,78.06593406593407,1.098901098901099,0.410958904109589,-5.139118194580078,-101.16362762451172,87.48583984375,79.26885986328125,-2.189568519592285,0.0651228278875351
079_brown,put the brown pouch on the tray,21,0,466,17.703,1788428384.9313047,00020_front_put_the_brown_pouch_on_the_tray.png,00020_wrist_put_the_brown_pouch_on_the_tray.png,recap.png,50,3,494,495,-4.835164835164835,-102.1978021978022,79.6043956043956,78.06593406593407,1.098901098901099,0.410958904109589,-5.318218231201172,-101.07842254638672,87.32882690429688,79.14610290527344,-2.148130416870117,0.1488802582025528
079_brown,put the brown pouch on the tray,21,0,466,17.703,1788428384.9313047,00020_front_put_the_brown_pouch_on_the_tray.png,00020_wrist_put_the_brown_pouch_on_the_tray.png,recap.png,50,4,495,496,-4.835164835164835,-102.1978021978022,79.6043956043956,78.06593406593407,1.098901098901099,0.410958904109589,-5.319780349731445,-101.07115173339844,86.91915893554688,79.23014831542969,-2.0598182678222656,0.1850048005580902
079_brown,put the brown pouch on the tray,21,0,466,17.703,1788428384.9313047,00020_front_put_the_brown_pouch_on_the_tray.png,00020_wrist_put_the_brown_pouch_on_the_tray.png,recap.png,50,5,496,497,-4.835164835164835,-102.1978021978022,79.6043956043956,78.06593406593407,1.098901098901099,0.410958904109589,-5.332418441772461,-100.98422241210938,87.20378112792969,79.10834503173828,-2.011693000793457,0.10808439552783966
079_brown,put the brown pouch on the tray,21,0,466,17.703,1788428384.9313047,00020_front_put_the_brown_pouch_on_the_tray.png,00020_wrist_put_the_brown_pouch_on_the_tray.png,recap.png,50,6,497,498,-4.835164835164835,-102.1978021978022,79.6043956043956,78.06593406593407,1.098901098901099,0.410958904109589,-5.464210510253906,-101.0211410522461,87.04283142089844,79.12852478027344,-2.0662927627563477,0.11782637238502502
079_brown,put the brown pouch on the tray,21,0,466,17.703,1788428384.9313047,00020_front_put_the_brown_pouch_on_the_tray.png,00020_wrist_put_the_brown_pouch_on_the_tray.png,recap.png,50,7,498,499,-4.835164835164835,-102.1978021978022,79.6043956043956,78.06593406593407,1.098901098901099,0.410958904109589,-5.269050598144531,-101.78498840332031,86.9185791015625,79.21245574951172,-1.9569282531738281,0.05745840445160866
079_brown,put the brown pouch on the tray,21,0,466,17.703,1788428384.9313047,00020_front_put_the_brown_pouch_on_the_tray.png,00020_wrist_put_the_brown_pouch_on_the_tray.png,recap.png,50,8,499,500,-4.835164835164835,-102.1978021978022,79.6043956043956,78.06593406593407,1.098901098901099,0.410958904109589,-5.324371337890625,-101.65534210205078,87.40443420410156,79.19490051269531,-1.8964653015136719,0.06327258050441742
079_brown,put the brown pouch on the tray,21,0,466,17.703,1788428384.9313047,00020_front_put_the_brown_pouch_on_the_tray.png,00020_wrist_put_the_brown_pouch_on_the_tray.png,recap.png,50,9,500,501,-4.835164835164835,-102.1978021978022,79.6043956043956,78.06593406593407,1.098901098901099,0.410958904109589,-5.375322341918945,-101.41059112548828,87.75341796875,79.16853332519531,-1.936880111694336,0.1550927311182022
079_brown,put the brown pouch on the tray,21,0,466,17.703,1788428384.9313047,00020_front_put_the_brown_pouch_on_the_tray.png,00020_wrist_put_the_brown_pouch_on_the_tray.png,recap.png,50,10,501,502,-4.835164835164835,-102.1978021978022,79.6043956043956,78.06593406593407,1.098901098901099,0.410958904109589,-5.717294692993164,-101.67288970947266,87.33299255371094,79.09941864013672,-1.8950996398925781,0.07798538357019424
079_brown,put the brown pouch on the tray,21,0,466,17.703,1788428384.9313047,00020_front_put_the_brown_pouch_on_the_tray.png,00020_wrist_put_the_brown_pouch_on_the_tray.png,recap.png,50,11,502,503,-4.835164835164835,-102.1978021978022,79.6043956043956,78.06593406593407,1.098901098901099,0.410958904109589,-5.470582962036133,-101.34978485107422,87.1529541015625,79.13910675048828,-1.9637041091918945,0.2207023799419403
079_brown,put the brown pouch on the tray,21,0,466,17.703,1788428384.9313047,00020_front_put_the_brown_pouch_on_the_tray.png,00020_wrist_put_the_brown_pouch_on_the_tray.png,recap.png,50,12,503,504,-4.835164835164835,-102.1978021978022,79.6043956043956,78.06593406593407,1.098901098901099,0.410958904109589,-5.412616729736328,-101.01631927490234,86.99053955078125,79.26866149902344,-1.8955974578857422,-0.002947799861431122
079_brown,put the brown pouch on the tray,21,0,466,17.703,1788428384.9313047,00020_front_put_the_brown_pouch_on_the_tray.png,00020_wrist_put_the_brown_pouch_on_the_tray.png,recap.png,50,13,504,505,-4.835164835164835,-102.1978021978022,79.6043956043956,78.06593406593407,1.098901098901099,0.410958904109589,-5.450836181640625,-100.98863983154297,87.39187622070312,79.15357971191406,-1.9477519989013672,0.13269425928592682
079_brown,put the brown pouch on the tray,21,0,466,17.703,1788428384.9313047,00020_front_put_the_brown_pouch_on_the_tray.png,00020_wrist_put_the_brown_pouch_on_the_tray.png,recap.png,50,14,505,506,-4.835164835164835,-102.1978021978022,79.6043956043956,78.06593406593407,1.098901098901099,0.410958904109589,-5.211076736450195,-101.33842468261719,86.79197692871094,79.20216369628906,-1.8813867568969727,0.24068021774291992
079_brown,put the brown pouch on the tray,21,0,466,17.703,1788428384.9313047,00020_front_put_the_brown_pouch_on_the_tray.png,00020_wrist_put_the_brown_pouch_on_the_tray.png,recap.png,50,15,506,507,-4.835164835164835,-102.1978021978022,79.6043956043956,78.06593406593407,1.098901098901099,0.410958904109589,-5.453590393066406,-101.0306167602539,87.46353149414062,78.90895080566406,-1.9984045028686523,0.018244080245494843
079_brown,put the brown pouch on the tray,21,0,466,17.703,1788428384.9313047,00020_front_put_the_brown_pouch_on_the_tray.png,00020_wrist_put_the_brown_pouch_on_the_tray.png,recap.png,50,16,507,508,-4.835164835164835,-102.1978021978022,79.6043956043956,78.06593406593407,1.098901098901099,0.410958904109589,-5.383617401123047,-101.57156372070312,87.08848571777344,79.03776550292969,-1.9082860946655273,0.1513773500919342
079_brown,put the brown pouch on the tray,21,0,466,17.703,1788428384.9313047,00020_front_put_the_brown_pouch_on_the_tray.png,00020_wrist_put_the_brown_pouch_on_the_tray.png,recap.png,50,17,508,509,-4.835164835164835,-102.1978021978022,79.6043956043956,78.06593406593407,1.098901098901099,0.410958904109589,-5.425342559814453,-101.22148132324219,87.69691467285156,79.11038970947266,-1.9055519104003906,0.20194172859191895
079_brown,put the brown pouch on the tray,21,0,466,17.703,1788428384.9313047,00020_front_put_the_brown_pouch_on_the_tray.png,00020_wrist_put_the_brown_pouch_on_the_tray.png,recap.png,50,18,509,510,-4.835164835164835,-102.1978021978022,79.6043956043956,78.06593406593407,1.098901098901099,0.410958904109589,-5.37693977355957,-101.40303802490234,87.77961730957031,79.0871810913086,-1.9838781356811523,0.12680785357952118
079_brown,put the brown pouch on the tray,21,0,466,17.703,1788428384.9313047,00020_front_put_the_brown_pouch_on_the_tray.png,00020_wrist_put_the_brown_pouch_on_the_tray.png,recap.png,50,19,510,511,-4.835164835164835,-102.1978021978022,79.6043956043956,78.06593406593407,1.098901098901099,0.410958904109589,-5.581602096557617,-101.17169952392578,87.44438171386719,79.07878112792969,-1.940018653869629,0.03627714514732361
079_brown,put the brown pouch on the tray,21,0,466,17.703,1788428384.9313047,00020_front_put_the_brown_pouch_on_the_tray.png,00020_wrist_put_the_brown_pouch_on_the_tray.png,recap.png,50,20,511,512,-4.835164835164835,-102.1978021978022,79.6043956043956,78.06593406593407,1.098901098901099,0.410958904109589,-5.325809478759766,-101.6327896118164,87.21168518066406,78.91191101074219,-1.9338302612304688,0.12139730155467987
079_brown,put the brown pouch on the tray,21,0,466,17.703,1788428384.9313047,00020_front_put_the_brown_pouch_on_the_tray.png,00020_wrist_put_the_brown_pouch_on_the_tray.png,recap.png,50,21,512,513,-4.835164835164835,-102.1978021978022,79.6043956043956,78.06593406593407,1.098901098901099,0.410958904109589,-5.444295883178711,-101.40141296386719,87.735107421875,79.11215209960938,-1.9794702529907227,0.0891251415014267
079_brown,put the brown pouch on the tray,21,0,466,17.703,1788428384.9313047,00020_front_put_the_brown_pouch_on_the_tray.png,00020_wrist_put_the_brown_pouch_on_the_tray.png,recap.png,50,22,513,514,-4.835164835164835,-102.1978021978022,79.6043956043956,78.06593406593407,1.098901098901099,0.410958904109589,-5.342947006225586,-100.17597198486328,87.8743896484375,79.11229705810547,-1.9231481552124023,0.11137279123067856
079_brown,put the brown pouch on the tray,21,0,466,17.703,1788428384.9313047,00020_front_put_the_brown_pouch_on_the_tray.png,00020_wrist_put_the_brown_pouch_on_the_tray.png,recap.png,50,23,514,515,-4.835164835164835,-102.1978021978022,79.6043956043956,78.06593406593407,1.098901098901099,0.410958904109589,-5.384437561035156,-101.14030456542969,87.8538818359375,79.10529327392578,-1.9727697372436523,0.25556084513664246
079_brown,put the brown pouch on the tray,21,0,466,17.703,1788428384.9313047,00020_front_put_the_brown_pouch_on_the_tray.png,00020_wrist_put_the_brown_pouch_on_the_tray.png,recap.png,50,24,515,516,-4.835164835164835,-102.1978021978022,79.6043956043956,78.06593406593407,1.098901098901099,0.410958904109589,-5.541454315185547,-101.60778045654297,87.62379455566406,79.09766387939453,-1.8999395370483398,0.07028909027576447
079_brown,put the brown pouch on the tray,22,1,490,18.572,1788428385.8001168,00021_front_put_the_brown_pouch_on_the_tray.png,00021_wrist_put_the_brown_pouch_on_the_tray.png,recap.png,50,0,516,517,-4.483516483516484,-102.10989010989012,87.25274725274726,77.45054945054945,-2.5054945054945055,0.3424657534246575,-4.449357986450195,-101.36748504638672,87.7835693359375,78.49876403808594,-2.1676244735717773,0.07681277394294739
079_brown,put the brown pouch on the tray,22,1,490,18.572,1788428385.8001168,00021_front_put_the_brown_pouch_on_the_tray.png,00021_wrist_put_the_brown_pouch_on_the_tray.png,recap.png,50,1,517,518,-4.483516483516484,-102.10989010989012,87.25274725274726,77.45054945054945,-2.5054945054945055,0.3424657534246575,-4.434568405151367,-101.19622802734375,88.08509826660156,78.39704895019531,-2.1471405029296875,0.068559929728508
079_brown,put the brown pouch on the tray,22,1,490,18.572,1788428385.8001168,00021_front_put_the_brown_pouch_on_the_tray.png,00021_wrist_put_the_brown_pouch_on_the_tray.png,recap.png,50,2,518,519,-4.483516483516484,-102.10989010989012,87.25274725274726,77.45054945054945,-2.5054945054945055,0.3424657534246575,-4.535974502563477,-100.95304870605469,87.95408630371094,78.42591857910156,-2.1940088272094727,0.07931306213140488
079_brown,put the brown pouch on the tray,22,1,490,18.572,1788428385.8001168,00021_front_put_the_brown_pouch_on_the_tray.png,00021_wrist_put_the_brown_pouch_on_the_tray.png,recap.png,50,3,519,520,-4.483516483516484,-102.10989010989012,87.25274725274726,77.45054945054945,-2.5054945054945055,0.3424657534246575,-4.488445281982422,-101.27305603027344,88.05619812011719,78.46847534179688,-2.1527042388916016,0.1555228978395462
079_brown,put the brown pouch on the tray,22,1,490,18.572,1788428385.8001168,00021_front_put_the_brown_pouch_on_the_tray.png,00021_wrist_put_the_brown_pouch_on_the_tray.png,recap.png,50,4,520,521,-4.483516483516484,-102.10989010989012,87.25274725274726,77.45054945054945,-2.5054945054945055,0.3424657534246575,-4.538566589355469,-101.22721862792969,88.02714538574219,78.5140380859375,-2.172244071960449,0.08438798040151596
079_brown,put the brown pouch on the tray,22,1,490,18.572,1788428385.8001168,00021_front_put_the_brown_pouch_on_the_tray.png,00021_wrist_put_the_brown_pouch_on_the_tray.png,recap.png,50,5,521,522,-4.483516483516484,-102.10989010989012,87.25274725274726,77.45054945054945,-2.5054945054945055,0.3424657534246575,-4.267202377319336,-101.20037078857422,88.413818359375,78.41512298583984,-2.1385183334350586,0.042407840490341187
079_brown,put the brown pouch on the tray,22,1,490,18.572,1788428385.8001168,00021_front_put_the_brown_pouch_on_the_tray.png,00021_wrist_put_the_brown_pouch_on_the_tray.png,recap.png,50,6,522,523,-4.483516483516484,-102.10989010989012,87.25274725274726,77.45054945054945,-2.5054945054945055,0.3424657534246575,-4.476749420166016,-101.39595031738281,88.07539367675781,78.46536254882812,-2.1162071228027344,0.11382953077554703
079_brown,put the brown pouch on the tray,22,1,490,18.572,1788428385.8001168,00021_front_put_the_brown_pouch_on_the_tray.png,00021_wrist_put_the_brown_pouch_on_the_tray.png,recap.png,50,7,523,524,-4.483516483516484,-102.10989010989012,87.25274725274726,77.45054945054945,-2.5054945054945055,0.3424657534246575,-4.505548477172852,-101.16184997558594,87.70539855957031,78.39247131347656,-2.210770606994629,0.09837640821933746
079_brown,put the brown pouch on the tray,22,1,490,18.572,1788428385.8001168,00021_front_put_the_brown_pouch_on_the_tray.png,00021_wrist_put_the_brown_pouch_on_the_tray.png,recap.png,50,8,524,525,-4.483516483516484,-102.10989010989012,87.25274725274726,77.45054945054945,-2.5054945054945055,0.3424657534246575,-4.587682723999023,-100.82723236083984,87.87629699707031,78.46937561035156,-2.2162227630615234,0.020920678973197937
079_brown,put the brown pouch on the tray,22,1,490,18.572,1788428385.8001168,00021_front_put_the_brown_pouch_on_the_tray.png,00021_wrist_put_the_brown_pouch_on_the_tray.png,recap.png,50,9,525,526,-4.483516483516484,-102.10989010989012,87.25274725274726,77.45054945054945,-2.5054945054945055,0.3424657534246575,-4.370876312255859,-100.93531036376953,88.20826721191406,78.42001342773438,-2.1546154022216797,0.0849105566740036
079_brown,put the brown pouch on the tray,22,1,490,18.572,1788428385.8001168,00021_front_put_the_brown_pouch_on_the_tray.png,00021_wrist_put_the_brown_pouch_on_the_tray.png,recap.png,50,10,526,527,-4.483516483516484,-102.10989010989012,87.25274725274726,77.45054945054945,-2.5054945054945055,0.3424657534246575,-4.385065078735352,-101.31255340576172,87.81317138671875,78.30001831054688,-2.1353273391723633,0.11907545477151871
079_brown,put the brown pouch on the tray,22,1,490,18.572,1788428385.8001168,00021_front_put_the_brown_pouch_on_the_tray.png,00021_wrist_put_the_brown_pouch_on_the_tray.png,recap.png,50,11,527,528,-4.483516483516484,-102.10989010989012,87.25274725274726,77.45054945054945,-2.5054945054945055,0.3424657534246575,-4.445789337158203,-101.40821838378906,87.9068603515625,78.29878234863281,-2.130077362060547,0.04341474920511246
079_brown,put the brown pouch on the tray,22,1,490,18.572,1788428385.8001168,00021_front_put_the_brown_pouch_on_the_tray.png,00021_wrist_put_the_brown_pouch_on_the_tray.png,recap.png,50,12,528,529,-4.483516483516484,-102.10989010989012,87.25274725274726,77.45054945054945,-2.5054945054945055,0.3424657534246575,-4.452997207641602,-101.5806884765625,87.95545959472656,78.44220733642578,-2.1339521408081055,0.1706138253211975
079_brown,put the brown pouch on the tray,22,1,490,18.572,1788428385.8001168,00021_front_put_the_brown_pouch_on_the_tray.png,00021_wrist_put_the_brown_pouch_on_the_tray.png,recap.png,50,13,529,530,-4.483516483516484,-102.10989010989012,87.25274725274726,77.45054945054945,-2.5054945054945055,0.3424657534246575,-4.464420318603516,-101.61109924316406,87.86318969726562,78.47562408447266,-2.2074575424194336,0.021725788712501526
079_brown,put the brown pouch on the tray,22,1,490,18.572,1788428385.8001168,00021_front_put_the_brown_pouch_on_the_tray.png,00021_wrist_put_the_brown_pouch_on_the_tray.png,recap.png,50,14,530,531,-4.483516483516484,-102.10989010989012,87.25274725274726,77.45054945054945,-2.5054945054945055,0.3424657534246575,-4.277074813842773,-101.35533905029297,88.22509765625,78.458740234375,-2.181900978088379,0.10054105520248413
079_brown,put the brown pouch on the tray,22,1,490,18.572,1788428385.8001168,00021_front_put_the_brown_pouch_on_the_tray.png,00021_wrist_put_the_brown_pouch_on_the_tray.png,recap.png,50,15,531,532,-4.483516483516484,-102.10989010989012,87.25274725274726,77.45054945054945,-2.5054945054945055,0.3424657534246575,-4.412107467651367,-101.22727966308594,88.39959716796875,78.50515747070312,-2.14199161529541,-0.0020279809832572937
079_brown,put the brown pouch on the tray,22,1,490,18.572,1788428385.8001168,00021_front_put_the_brown_pouch_on_the_tray.png,00021_wrist_put_the_brown_pouch_on_the_tray.png,recap.png,50,16,532,533,-4.483516483516484,-102.10989010989012,87.25274725274726,77.45054945054945,-2.5054945054945055,0.3424657534246575,-4.404226303100586,-101.54351806640625,88.05783081054688,78.33026123046875,-2.160170555114746,0.0848914384841919
079_brown,put the brown pouch on the tray,22,1,490,18.572,1788428385.8001168,00021_front_put_the_brown_pouch_on_the_tray.png,00021_wrist_put_the_brown_pouch_on_the_tray.png,recap.png,50,17,533,534,-4.483516483516484,-102.10989010989012,87.25274725274726,77.45054945054945,-2.5054945054945055,0.3424657534246575,-4.37542724609375,-101.43541717529297,88.35664367675781,78.37975311279297,-2.192218780517578,0.07383665442466736
079_brown,put the brown pouch on the tray,22,1,490,18.572,1788428385.8001168,00021_front_put_the_brown_pouch_on_the_tray.png,00021_wrist_put_the_brown_pouch_on_the_tray.png,recap.png,50,18,534,535,-4.483516483516484,-102.10989010989012,87.25274725274726,77.45054945054945,-2.5054945054945055,0.3424657534246575,-4.367563247680664,-101.33937072753906,87.97879028320312,78.45429229736328,-2.1782264709472656,0.017058730125427246
079_brown,put the brown pouch on the tray,22,1,490,18.572,1788428385.8001168,00021_front_put_the_brown_pouch_on_the_tray.png,00021_wrist_put_the_brown_pouch_on_the_tray.png,recap.png,50,19,535,536,-4.483516483516484,-102.10989010989012,87.25274725274726,77.45054945054945,-2.5054945054945055,0.3424657534246575,-4.310602188110352,-101.98035430908203,87.90963745117188,78.46247863769531,-2.2120161056518555,0.08111657947301865
079_brown,put the brown pouch on the tray,22,1,490,18.572,1788428385.8001168,00021_front_put_the_brown_pouch_on_the_tray.png,00021_wrist_put_the_brown_pouch_on_the_tray.png,recap.png,50,20,536,537,-4.483516483516484,-102.10989010989012,87.25274725274726,77.45054945054945,-2.5054945054945055,0.3424657534246575,-4.394008636474609,-101.4433364868164,88.0931396484375,78.37493896484375,-2.2240896224975586,0.05332029610872269
079_brown,put the brown pouch on the tray,22,1,490,18.572,1788428385.8001168,00021_front_put_the_brown_pouch_on_the_tray.png,00021_wrist_put_the_brown_pouch_on_the_tray.png,recap.png,50,21,537,538,-4.483516483516484,-102.10989010989012,87.25274725274726,77.45054945054945,-2.5054945054945055,0.3424657534246575,-4.237035751342773,-101.3622817993164,87.843994140625,78.55302429199219,-2.1623125076293945,0.06247596815228462
079_brown,put the brown pouch on the tray,22,1,490,18.572,1788428385.8001168,00021_front_put_the_brown_pouch_on_the_tray.png,00021_wrist_put_the_brown_pouch_on_the_tray.png,recap.png,50,22,538,539,-4.483516483516484,-102.10989010989012,87.25274725274726,77.45054945054945,-2.5054945054945055,0.3424657534246575,-4.222295761108398,-101.89523315429688,88.05023193359375,78.46471405029297,-2.1903133392333984,0.0711536779999733
079_brown,put the brown pouch on the tray,22,1,490,18.572,1788428385.8001168,00021_front_put_the_brown_pouch_on_the_tray.png,00021_wrist_put_the_brown_pouch_on_the_tray.png,recap.png,50,23,539,540,-4.483516483516484,-102.10989010989012,87.25274725274726,77.45054945054945,-2.5054945054945055,0.3424657534246575,-4.329372406005859,-101.6937255859375,88.24510192871094,78.5348129272461,-2.1947860717773438,0.0828351303935051
079_brown,put the brown pouch on the tray,23,1,515,19.508,1788428386.7363064,00022_front_put_the_brown_pouch_on_the_tray.png,00022_wrist_put_the_brown_pouch_on_the_tray.png,recap.png,50,0,540,541,-5.186813186813187,-101.84615384615384,87.07692307692308,77.53846153846153,-2.4175824175824174,0.273972602739726,-3.932018280029297,-101.47222137451172,88.41156005859375,78.71134948730469,-2.4619178771972656,0.03730742633342743
