episode_dir,task,chunk_id,must_go,input_timestep,input_elapsed,unix_ts,front_img,wrist_img,recap_img,returned_len,exec_index,exec_timestep,exec_action_n,in_shoulder_pan.pos,in_shoulder_lift.pos,in_elbow_flex.pos,in_wrist_flex.pos,in_wrist_roll.pos,in_gripper.pos,act_shoulder_pan.pos,act_shoulder_lift.pos,act_elbow_flex.pos,act_wrist_flex.pos,act_wrist_roll.pos,act_gripper.pos
010_roll,put the roll on the tray,1,1,0,0.0,1788423509.868843,00000_front_put_the_roll_on_the_tray.png,00000_wrist_put_the_roll_on_the_tray.png,recap.png,50,0,0,1,-4.21978021978022,-101.75824175824175,91.82417582417582,74.9010989010989,-1.2747252747252746,0.8904109589041096,-3.8742237091064453,-101.86866760253906,89.076416015625,74.0230712890625,-1.259012222290039,0.9738659858703613
010_roll,put the roll on the tray,1,1,0,0.0,1788423509.868843,00000_front_put_the_roll_on_the_tray.png,00000_wrist_put_the_roll_on_the_tray.png,recap.png,50,1,1,2,-4.21978021978022,-101.75824175824175,91.82417582417582,74.9010989010989,-1.2747252747252746,0.8904109589041096,-3.882366180419922,-101.77367401123047,88.58734130859375,73.68185424804688,-1.2677087783813477,0.7962087392807007
010_roll,put the roll on the tray,1,1,0,0.0,1788423509.868843,00000_front_put_the_roll_on_the_tray.png,00000_wrist_put_the_roll_on_the_tray.png,recap.png,50,2,2,3,-4.21978021978022,-101.75824175824175,91.82417582417582,74.9010989010989,-1.2747252747252746,0.8904109589041096,-3.735544204711914,-102.16619110107422,88.80848693847656,73.24664306640625,-1.260176658630371,0.8691726326942444
010_roll,put the roll on the tray,1,1,0,0.0,1788423509.868843,00000_front_put_the_roll_on_the_tray.png,00000_wrist_put_the_roll_on_the_tray.png,recap.png,50,3,3,4,-4.21978021978022,-101.75824175824175,91.82417582417582,74.9010989010989,-1.2747252747252746,0.8904109589041096,-3.920654296875,-102.54312133789062,88.81021118164062,72.985107421875,-1.1950387954711914,0.7353733777999878
010_roll,put the roll on the tray,1,1,0,0.0,1788423509.868843,00000_front_put_the_roll_on_the_tray.png,00000_wrist_put_the_roll_on_the_tray.png,recap.png,50,4,4,5,-4.21978021978022,-101.75824175824175,91.82417582417582,74.9010989010989,-1.2747252747252746,0.8904109589041096,-3.927053451538086,-102.42005920410156,88.94827270507812,72.32928466796875,-1.1882410049438477,0.8092018961906433
010_roll,put the roll on the tray,1,1,0,0.0,1788423509.868843,00000_front_put_the_roll_on_the_tray.png,00000_wrist_put_the_roll_on_the_tray.png,recap.png,50,5,5,6,-4.21978021978022,-101.75824175824175,91.82417582417582,74.9010989010989,-1.2747252747252746,0.8904109589041096,-3.8653221130371094,-102.35763549804688,88.87322998046875,71.76567840576172,-1.2693777084350586,0.5892511606216431
010_roll,put the roll on the tray,1,1,0,0.0,1788423509.868843,00000_front_put_the_roll_on_the_tray.png,00000_wrist_put_the_roll_on_the_tray.png,recap.png,50,6,6,7,-4.21978021978022,-101.75824175824175,91.82417582417582,74.9010989010989,-1.2747252747252746,0.8904109589041096,-3.881551742553711,-102.0195083618164,88.71246337890625,71.18069458007812,-1.2266416549682617,0.8196926712989807
010_roll,put the roll on the tray,1,1,0,0.0,1788423509.868843,00000_front_put_the_roll_on_the_tray.png,00000_wrist_put_the_roll_on_the_tray.png,recap.png,50,7,7,8,-4.21978021978022,-101.75824175824175,91.82417582417582,74.9010989010989,-1.2747252747252746,0.8904109589041096,-3.917959213256836,-101.77228546142578,88.95054626464844,70.84443664550781,-1.2165470123291016,0.7018967866897583
010_roll,put the roll on the tray,1,1,0,0.0,1788423509.868843,00000_front_put_the_roll_on_the_tray.png,00000_wrist_put_the_roll_on_the_tray.png,recap.png,50,8,8,9,-4.21978021978022,-101.75824175824175,91.82417582417582,74.9010989010989,-1.2747252747252746,0.8904109589041096,-4.044828414916992,-102.49525451660156,89.2252197265625,69.91666412353516,-1.2809972763061523,0.669671356678009
010_roll,put the roll on the tray,1,1,0,0.0,1788423509.868843,00000_front_put_the_roll_on_the_tray.png,00000_wrist_put_the_roll_on_the_tray.png,recap.png,50,9,9,10,-4.21978021978022,-101.75824175824175,91.82417582417582,74.9010989010989,-1.2747252747252746,0.8904109589041096,-3.856027603149414,-102.62101745605469,89.23129272460938,69.35456848144531,-1.2718629837036133,0.7298481464385986
010_roll,put the roll on the tray,1,1,0,0.0,1788423509.868843,00000_front_put_the_roll_on_the_tray.png,00000_wrist_put_the_roll_on_the_tray.png,recap.png,50,10,10,11,-4.21978021978022,-101.75824175824175,91.82417582417582,74.9010989010989,-1.2747252747252746,0.8904109589041096,-3.870088577270508,-102.25467681884766,89.37077331542969,68.85095977783203,-1.2806940078735352,0.6424093246459961
010_roll,put the roll on the tray,1,1,0,0.0,1788423509.868843,00000_front_put_the_roll_on_the_tray.png,00000_wrist_put_the_roll_on_the_tray.png,recap.png,50,11,11,12,-4.21978021978022,-101.75824175824175,91.82417582417582,74.9010989010989,-1.2747252747252746,0.8904109589041096,-3.8593978881835938,-102.56053161621094,89.59329223632812,68.76663970947266,-1.3220434188842773,0.6921016573905945
010_roll,put the roll on the tray,1,1,0,0.0,1788423509.868843,00000_front_put_the_roll_on_the_tray.png,00000_wrist_put_the_roll_on_the_tray.png,recap.png,50,12,12,13,-4.21978021978022,-101.75824175824175,91.82417582417582,74.9010989010989,-1.2747252747252746,0.8904109589041096,-3.76068115234375,-102.27542877197266,89.47038269042969,68.46060943603516,-1.236311912536621,0.6645039916038513
010_roll,put the roll on the tray,1,1,0,0.0,1788423509.868843,00000_front_put_the_roll_on_the_tray.png,00000_wrist_put_the_roll_on_the_tray.png,recap.png,50,13,13,14,-4.21978021978022,-101.75824175824175,91.82417582417582,74.9010989010989,-1.2747252747252746,0.8904109589041096,-3.9967899322509766,-102.20406341552734,89.21923828125,68.2674789428711,-1.2641496658325195,0.6374767422676086
010_roll,put the roll on the tray,1,1,0,0.0,1788423509.868843,00000_front_put_the_roll_on_the_tray.png,00000_wrist_put_the_roll_on_the_tray.png,recap.png,50,14,14,15,-4.21978021978022,-101.75824175824175,91.82417582417582,74.9010989010989,-1.2747252747252746,0.8904109589041096,-3.7976322174072266,-103.12334442138672,89.60527038574219,67.96488189697266,-1.1838560104370117,0.776157557964325
010_roll,put the roll on the tray,1,1,0,0.0,1788423509.868843,00000_front_put_the_roll_on_the_tray.png,00000_wrist_put_the_roll_on_the_tray.png,recap.png,50,15,15,16,-4.21978021978022,-101.75824175824175,91.82417582417582,74.9010989010989,-1.2747252747252746,0.8904109589041096,-3.688142776489258,-102.38545989990234,88.82676696777344,67.82440185546875,-1.2781982421875,0.7195262312889099
010_roll,put the roll on the tray,1,1,0,0.0,1788423509.868843,00000_front_put_the_roll_on_the_tray.png,00000_wrist_put_the_roll_on_the_tray.png,recap.png,50,16,16,17,-4.21978021978022,-101.75824175824175,91.82417582417582,74.9010989010989,-1.2747252747252746,0.8904109589041096,-3.866697311401367,-102.4042739868164,88.98348999023438,67.45024108886719,-1.2880659103393555,0.7446841597557068
010_roll,put the roll on the tray,1,1,0,0.0,1788423509.868843,00000_front_put_the_roll_on_the_tray.png,00000_wrist_put_the_roll_on_the_tray.png,recap.png,50,17,17,18,-4.21978021978022,-101.75824175824175,91.82417582417582,74.9010989010989,-1.2747252747252746,0.8904109589041096,-3.7714271545410156,-102.90399169921875,89.47196960449219,66.9486083984375,-1.2884140014648438,0.6899912357330322
010_roll,put the roll on the tray,1,1,0,0.0,1788423509.868843,00000_front_put_the_roll_on_the_tray.png,00000_wrist_put_the_roll_on_the_tray.png,recap.png,50,18,18,19,-4.21978021978022,-101.75824175824175,91.82417582417582,74.9010989010989,-1.2747252747252746,0.8904109589041096,-3.7992897033691406,-102.48519897460938,88.9534912109375,66.69987487792969,-1.2927350997924805,0.6353864073753357
010_roll,put the roll on the tray,1,1,0,0.0,1788423509.868843,00000_front_put_the_roll_on_the_tray.png,00000_wrist_put_the_roll_on_the_tray.png,recap.png,50,19,19,20,-4.21978021978022,-101.75824175824175,91.82417582417582,74.9010989010989,-1.2747252747252746,0.8904109589041096,-3.7687129974365234,-102.53287506103516,88.72416687011719,66.38955688476562,-1.2051010131835938,0.7125033140182495
010_roll,put the roll on the tray,1,1,0,0.0,1788423509.868843,00000_front_put_the_roll_on_the_tray.png,00000_wrist_put_the_roll_on_the_tray.png,recap.png,50,20,20,21,-4.21978021978022,-101.75824175824175,91.82417582417582,74.9010989010989,-1.2747252747252746,0.8904109589041096,-3.732738494873047,-102.60340881347656,89.44357299804688,66.03289794921875,-1.2692193984985352,0.5786945819854736
010_roll,put the roll on the tray,1,1,0,0.0,1788423509.868843,00000_front_put_the_roll_on_the_tray.png,00000_wrist_put_the_roll_on_the_tray.png,recap.png,50,21,21,22,-4.21978021978022,-101.75824175824175,91.82417582417582,74.9010989010989,-1.2747252747252746,0.8904109589041096,-3.7463455200195312,-102.34583282470703,88.61972045898438,65.77562713623047,-1.315842628479004,0.5804853439331055
010_roll,put the roll on the tray,1,1,0,0.0,1788423509.868843,00000_front_put_the_roll_on_the_tray.png,00000_wrist_put_the_roll_on_the_tray.png,recap.png,50,22,22,23,-4.21978021978022,-101.75824175824175,91.82417582417582,74.9010989010989,-1.2747252747252746,0.8904109589041096,-3.7696151733398438,-102.6057357788086,88.798583984375,65.28299713134766,-1.3386659622192383,0.6533939838409424
010_roll,put the roll on the tray,1,1,0,0.0,1788423509.868843,00000_front_put_the_roll_on_the_tray.png,00000_wrist_put_the_roll_on_the_tray.png,recap.png,50,23,23,24,-4.21978021978022,-101.75824175824175,91.82417582417582,74.9010989010989,-1.2747252747252746,0.8904109589041096,-3.5032119750976562,-102.67998504638672,88.82464599609375,65.60844421386719,-1.321268081665039,0.647181510925293
010_roll,put the roll on the tray,1,1,0,0.0,1788423509.868843,00000_front_put_the_roll_on_the_tray.png,00000_wrist_put_the_roll_on_the_tray.png,recap.png,50,24,24,25,-4.21978021978022,-101.75824175824175,91.82417582417582,74.9010989010989,-1.2747252747252746,0.8904109589041096,-3.472146987915039,-103.37195587158203,88.87425231933594,65.61038970947266,-1.339646339416504,0.6152492761611938
010_roll,put the roll on the tray,1,1,0,0.0,1788423509.868843,00000_front_put_the_roll_on_the_tray.png,00000_wrist_put_the_roll_on_the_tray.png,recap.png,50,25,25,26,-4.21978021978022,-101.75824175824175,91.82417582417582,74.9010989010989,-1.2747252747252746,0.8904109589041096,-3.3499107360839844,-103.25501251220703,88.25399780273438,65.27155303955078,-1.2333965301513672,0.6460939049720764
010_roll,put the roll on the tray,1,1,0,0.0,1788423509.868843,00000_front_put_the_roll_on_the_tray.png,00000_wrist_put_the_roll_on_the_tray.png,recap.png,50,26,26,27,-4.21978021978022,-101.75824175824175,91.82417582417582,74.9010989010989,-1.2747252747252746,0.8904109589041096,-3.4925785064697266,-102.81486511230469,87.89163208007812,65.45603942871094,-1.3184223175048828,0.6276519298553467
010_roll,put the roll on the tray,1,1,0,0.0,1788423509.868843,00000_front_put_the_roll_on_the_tray.png,00000_wrist_put_the_roll_on_the_tray.png,recap.png,50,27,27,28,-4.21978021978022,-101.75824175824175,91.82417582417582,74.9010989010989,-1.2747252747252746,0.8904109589041096,-3.349306106567383,-102.53048706054688,88.603515625,65.47835540771484,-1.3857173919677734,0.8173379302024841
010_roll,put the roll on the tray,1,1,0,0.0,1788423509.868843,00000_front_put_the_roll_on_the_tray.png,00000_wrist_put_the_roll_on_the_tray.png,recap.png,50,28,28,29,-4.21978021978022,-101.75824175824175,91.82417582417582,74.9010989010989,-1.2747252747252746,0.8904109589041096,-3.542398452758789,-102.89525604248047,89.01849365234375,65.44515991210938,-1.4309415817260742,0.627561628818512
010_roll,put the roll on the tray,1,1,0,0.0,1788423509.868843,00000_front_put_the_roll_on_the_tray.png,00000_wrist_put_the_roll_on_the_tray.png,recap.png,50,29,29,30,-4.21978021978022,-101.75824175824175,91.82417582417582,74.9010989010989,-1.2747252747252746,0.8904109589041096,-3.5057735443115234,-103.08236694335938,88.58659362792969,65.31278228759766,-1.294260025024414,0.6298537254333496
010_roll,put the roll on the tray,1,1,0,0.0,1788423509.868843,00000_front_put_the_roll_on_the_tray.png,00000_wrist_put_the_roll_on_the_tray.png,recap.png,50,30,30,31,-4.21978021978022,-101.75824175824175,91.82417582417582,74.9010989010989,-1.2747252747252746,0.8904109589041096,-3.4062747955322266,-102.66195678710938,88.16995239257812,65.24650573730469,-1.2731895446777344,0.6259418725967407
010_roll,put the roll on the tray,1,1,0,0.0,1788423509.868843,00000_front_put_the_roll_on_the_tray.png,00000_wrist_put_the_roll_on_the_tray.png,recap.png,50,31,31,32,-4.21978021978022,-101.75824175824175,91.82417582417582,74.9010989010989,-1.2747252747252746,0.8904109589041096,-3.283792495727539,-102.56453704833984,88.52900695800781,65.31816101074219,-1.3581295013427734,0.5660263299942017
010_roll,put the roll on the tray,1,1,0,0.0,1788423509.868843,00000_front_put_the_roll_on_the_tray.png,00000_wrist_put_the_roll_on_the_tray.png,recap.png,50,32,32,33,-4.21978021978022,-101.75824175824175,91.82417582417582,74.9010989010989,-1.2747252747252746,0.8904109589041096,-3.440946578979492,-102.69410705566406,88.67613220214844,65.33053588867188,-1.3246374130249023,0.4188292324542999
010_roll,put the roll on the tray,1,1,0,0.0,1788423509.868843,00000_front_put_the_roll_on_the_tray.png,00000_wrist_put_the_roll_on_the_tray.png,recap.png,50,33,33,34,-4.21978021978022,-101.75824175824175,91.82417582417582,74.9010989010989,-1.2747252747252746,0.8904109589041096,-3.277425765991211,-103.0657958984375,87.83059692382812,65.73121643066406,-1.2979087829589844,0.5887296795845032
010_roll,put the roll on the tray,2,0,3,2.007,1788423511.8752666,00001_front_put_the_roll_on_the_tray.png,00001_wrist_put_the_roll_on_the_tray.png,recap.png,50,0,34,35,-4.21978021978022,-101.14285714285714,91.03296703296704,74.54945054945055,-1.2747252747252746,0.8904109589041096,-3.2201366424560547,-101.52253723144531,84.68470001220703,66.4354248046875,-1.4319437742233276,0.7435646653175354
010_roll,put the roll on the tray,2,0,3,2.007,1788423511.8752666,00001_front_put_the_roll_on_the_tray.png,00001_wrist_put_the_roll_on_the_tray.png,recap.png,50,1,35,36,-4.21978021978022,-101.14285714285714,91.03296703296704,74.54945054945055,-1.2747252747252746,0.8904109589041096,-3.283923864364624,-101.33784484863281,84.33960723876953,66.66763305664062,-1.346287727355957,0.6479140520095825
010_roll,put the roll on the tray,2,0,3,2.007,1788423511.8752666,00001_front_put_the_roll_on_the_tray.png,00001_wrist_put_the_roll_on_the_tray.png,recap.png,50,2,36,37,-4.21978021978022,-101.14285714285714,91.03296703296704,74.54945054945055,-1.2747252747252746,0.8904109589041096,-3.1791820526123047,-101.34331512451172,84.05379486083984,66.84681701660156,-1.4760076999664307,0.7129523158073425
010_roll,put the roll on the tray,2,0,3,2.007,1788423511.8752666,00001_front_put_the_roll_on_the_tray.png,00001_wrist_put_the_roll_on_the_tray.png,recap.png,50,3,37,38,-4.21978021978022,-101.14285714285714,91.03296703296704,74.54945054945055,-1.2747252747252746,0.8904109589041096,-3.392979383468628,-101.84567260742188,83.52741241455078,66.8949966430664,-1.5020806789398193,0.7222988605499268
010_roll,put the roll on the tray,2,0,3,2.007,1788423511.8752666,00001_front_put_the_roll_on_the_tray.png,00001_wrist_put_the_roll_on_the_tray.png,recap.png,50,4,38,39,-4.21978021978022,-101.14285714285714,91.03296703296704,74.54945054945055,-1.2747252747252746,0.8904109589041096,-3.30856990814209,-101.28315734863281,83.68144989013672,66.916748046875,-1.4173784255981445,0.6563485860824585
010_roll,put the roll on the tray,2,0,3,2.007,1788423511.8752666,00001_front_put_the_roll_on_the_tray.png,00001_wrist_put_the_roll_on_the_tray.png,recap.png,50,5,39,40,-4.21978021978022,-101.14285714285714,91.03296703296704,74.54945054945055,-1.2747252747252746,0.8904109589041096,-3.5739903450012207,-101.06625366210938,83.1682357788086,67.15486145019531,-1.493831992149353,0.6668522357940674
010_roll,put the roll on the tray,2,0,3,2.007,1788423511.8752666,00001_front_put_the_roll_on_the_tray.png,00001_wrist_put_the_roll_on_the_tray.png,recap.png,50,6,40,41,-4.21978021978022,-101.14285714285714,91.03296703296704,74.54945054945055,-1.2747252747252746,0.8904109589041096,-3.6107850074768066,-100.99314880371094,82.32534790039062,66.86689758300781,-1.4415737390518188,0.5227233171463013
010_roll,put the roll on the tray,2,0,3,2.007,1788423511.8752666,00001_front_put_the_roll_on_the_tray.png,00001_wrist_put_the_roll_on_the_tray.png,recap.png,50,7,41,42,-4.21978021978022,-101.14285714285714,91.03296703296704,74.54945054945055,-1.2747252747252746,0.8904109589041096,-3.584639549255371,-100.93994903564453,82.66519165039062,67.03814697265625,-1.4418957233428955,0.6743705868721008
010_roll,put the roll on the tray,2,0,3,2.007,1788423511.8752666,00001_front_put_the_roll_on_the_tray.png,00001_wrist_put_the_roll_on_the_tray.png,recap.png,50,8,42,43,-4.21978021978022,-101.14285714285714,91.03296703296704,74.54945054945055,-1.2747252747252746,0.8904109589041096,-3.6800904273986816,-101.3442153930664,82.33492279052734,67.23178100585938,-1.5211533308029175,0.5795224905014038
010_roll,put the roll on the tray,2,0,3,2.007,1788423511.8752666,00001_front_put_the_roll_on_the_tray.png,00001_wrist_put_the_roll_on_the_tray.png,recap.png,50,9,43,44,-4.21978021978022,-101.14285714285714,91.03296703296704,74.54945054945055,-1.2747252747252746,0.8904109589041096,-3.58868408203125,-100.77507781982422,82.19912719726562,67.54412841796875,-1.517796277999878,0.6215875148773193
010_roll,put the roll on the tray,2,0,3,2.007,1788423511.8752666,00001_front_put_the_roll_on_the_tray.png,00001_wrist_put_the_roll_on_the_tray.png,recap.png,50,10,44,45,-4.21978021978022,-101.14285714285714,91.03296703296704,74.54945054945055,-1.2747252747252746,0.8904109589041096,-3.6820428371429443,-101.02384948730469,81.76433563232422,67.64746856689453,-1.6242775917053223,0.4819583296775818
010_roll,put the roll on the tray,2,0,3,2.007,1788423511.8752666,00001_front_put_the_roll_on_the_tray.png,00001_wrist_put_the_roll_on_the_tray.png,recap.png,50,11,45,46,-4.21978021978022,-101.14285714285714,91.03296703296704,74.54945054945055,-1.2747252747252746,0.8904109589041096,-3.7429428100585938,-100.7763442993164,81.3577651977539,67.97615051269531,-1.6620229482650757,0.5253076553344727
010_roll,put the roll on the tray,2,0,3,2.007,1788423511.8752666,00001_front_put_the_roll_on_the_tray.png,00001_wrist_put_the_roll_on_the_tray.png,recap.png,50,12,46,47,-4.21978021978022,-101.14285714285714,91.03296703296704,74.54945054945055,-1.2747252747252746,0.8904109589041096,-3.984311819076538,-100.60452270507812,80.87837982177734,68.32716369628906,-1.758560299873352,0.5650115013122559
010_roll,put the roll on the tray,2,0,3,2.007,1788423511.8752666,00001_front_put_the_roll_on_the_tray.png,00001_wrist_put_the_roll_on_the_tray.png,recap.png,50,13,47,48,-4.21978021978022,-101.14285714285714,91.03296703296704,74.54945054945055,-1.2747252747252746,0.8904109589041096,-3.776378631591797,-100.26995849609375,80.4102554321289,68.52328491210938,-1.724176287651062,0.4963933229446411
010_roll,put the roll on the tray,2,0,3,2.007,1788423511.8752666,00001_front_put_the_roll_on_the_tray.png,00001_wrist_put_the_roll_on_the_tray.png,recap.png,50,14,48,49,-4.21978021978022,-101.14285714285714,91.03296703296704,74.54945054945055,-1.2747252747252746,0.8904109589041096,-3.8774254322052,-100.21563720703125,79.91316223144531,68.53453063964844,-1.728447437286377,0.5013570785522461
010_roll,put the roll on the tray,2,0,3,2.007,1788423511.8752666,00001_front_put_the_roll_on_the_tray.png,00001_wrist_put_the_roll_on_the_tray.png,recap.png,50,15,49,50,-4.21978021978022,-101.14285714285714,91.03296703296704,74.54945054945055,-1.2747252747252746,0.8904109589041096,-3.6752684116363525,-99.23207092285156,79.32528686523438,68.95649719238281,-1.7305505275726318,0.5499193668365479
010_roll,put the roll on the tray,2,0,3,2.007,1788423511.8752666,00001_front_put_the_roll_on_the_tray.png,00001_wrist_put_the_roll_on_the_tray.png,recap.png,50,16,50,51,-4.21978021978022,-101.14285714285714,91.03296703296704,74.54945054945055,-1.2747252747252746,0.8904109589041096,-4.160194396972656,-97.1795883178711,76.64300537109375,69.22835540771484,-1.9438848495483398,0.5189235210418701
010_roll,put the roll on the tray,2,0,3,2.007,1788423511.8752666,00001_front_put_the_roll_on_the_tray.png,00001_wrist_put_the_roll_on_the_tray.png,recap.png,50,17,51,52,-4.21978021978022,-101.14285714285714,91.03296703296704,74.54945054945055,-1.2747252747252746,0.8904109589041096,-4.072420120239258,-94.29584503173828,75.22235107421875,69.02210998535156,-1.9523029327392578,0.5186961889266968
010_roll,put the roll on the tray,2,0,3,2.007,1788423511.8752666,00001_front_put_the_roll_on_the_tray.png,00001_wrist_put_the_roll_on_the_tray.png,recap.png,50,18,52,53,-4.21978021978022,-101.14285714285714,91.03296703296704,74.54945054945055,-1.2747252747252746,0.8904109589041096,-3.9628047943115234,-92.58487701416016,73.70759582519531,68.94672393798828,-2.1861839294433594,0.5997143387794495
010_roll,put the roll on the tray,3,0,32,2.977,1788423512.8442564,00002_front_put_the_roll_on_the_tray.png,00002_wrist_put_the_roll_on_the_tray.png,recap.png,50,0,53,54,-4.043956043956044,-102.10989010989012,90.68131868131869,66.46153846153847,-1.2747252747252746,0.8904109589041096,-3.5290374755859375,-102.32453918457031,85.51768493652344,62.31425476074219,-1.5449581146240234,0.43298548460006714
010_roll,put the roll on the tray,3,0,32,2.977,1788423512.8442564,00002_front_put_the_roll_on_the_tray.png,00002_wrist_put_the_roll_on_the_tray.png,recap.png,50,1,54,55,-4.043956043956044,-102.10989010989012,90.68131868131869,66.46153846153847,-1.2747252747252746,0.8904109589041096,-3.6376266479492188,-102.46375274658203,84.7418212890625,62.2283935546875,-1.5161685943603516,0.3805517256259918
010_roll,put the roll on the tray,3,0,32,2.977,1788423512.8442564,00002_front_put_the_roll_on_the_tray.png,00002_wrist_put_the_roll_on_the_tray.png,recap.png,50,2,55,56,-4.043956043956044,-102.10989010989012,90.68131868131869,66.46153846153847,-1.2747252747252746,0.8904109589041096,-3.620920181274414,-102.41314697265625,84.75483703613281,62.314544677734375,-1.5159196853637695,0.4327879250049591
010_roll,put the roll on the tray,3,0,32,2.977,1788423512.8442564,00002_front_put_the_roll_on_the_tray.png,00002_wrist_put_the_roll_on_the_tray.png,recap.png,50,3,56,57,-4.043956043956044,-102.10989010989012,90.68131868131869,66.46153846153847,-1.2747252747252746,0.8904109589041096,-3.5496082305908203,-102.460205078125,84.29032897949219,62.31856155395508,-1.524998664855957,0.35442832112312317
010_roll,put the roll on the tray,3,0,32,2.977,1788423512.8442564,00002_front_put_the_roll_on_the_tray.png,00002_wrist_put_the_roll_on_the_tray.png,recap.png,50,4,57,58,-4.043956043956044,-102.10989010989012,90.68131868131869,66.46153846153847,-1.2747252747252746,0.8904109589041096,-3.6604347229003906,-102.27903747558594,83.98504638671875,62.6758918762207,-1.5646133422851562,0.2883598208427429
010_roll,put the roll on the tray,3,0,32,2.977,1788423512.8442564,00002_front_put_the_roll_on_the_tray.png,00002_wrist_put_the_roll_on_the_tray.png,recap.png,50,5,58,59,-4.043956043956044,-102.10989010989012,90.68131868131869,66.46153846153847,-1.2747252747252746,0.8904109589041096,-3.4880313873291016,-102.83037567138672,83.53765869140625,62.732303619384766,-1.5964288711547852,0.3272778391838074
010_roll,put the roll on the tray,3,0,32,2.977,1788423512.8442564,00002_front_put_the_roll_on_the_tray.png,00002_wrist_put_the_roll_on_the_tray.png,recap.png,50,6,59,60,-4.043956043956044,-102.10989010989012,90.68131868131869,66.46153846153847,-1.2747252747252746,0.8904109589041096,-3.607267379760742,-102.29635620117188,82.36427307128906,63.229000091552734,-1.626124382019043,0.35656216740608215
010_roll,put the roll on the tray,3,0,32,2.977,1788423512.8442564,00002_front_put_the_roll_on_the_tray.png,00002_wrist_put_the_roll_on_the_tray.png,recap.png,50,7,60,61,-4.043956043956044,-102.10989010989012,90.68131868131869,66.46153846153847,-1.2747252747252746,0.8904109589041096,-3.5939807891845703,-102.13245391845703,81.7781982421875,63.61795425415039,-1.6077537536621094,0.3386119604110718
010_roll,put the roll on the tray,3,0,32,2.977,1788423512.8442564,00002_front_put_the_roll_on_the_tray.png,00002_wrist_put_the_roll_on_the_tray.png,recap.png,50,8,61,62,-4.043956043956044,-102.10989010989012,90.68131868131869,66.46153846153847,-1.2747252747252746,0.8904109589041096,-3.6830062866210938,-101.94892120361328,80.94740295410156,64.05380249023438,-1.5002822875976562,0.40108296275138855
010_roll,put the roll on the tray,3,0,32,2.977,1788423512.8442564,00002_front_put_the_roll_on_the_tray.png,00002_wrist_put_the_roll_on_the_tray.png,recap.png,50,9,62,63,-4.043956043956044,-102.10989010989012,90.68131868131869,66.46153846153847,-1.2747252747252746,0.8904109589041096,-3.8418121337890625,-101.5020751953125,80.32487487792969,64.8161849975586,-1.6041336059570312,0.31736695766448975
010_roll,put the roll on the tray,3,0,32,2.977,1788423512.8442564,00002_front_put_the_roll_on_the_tray.png,00002_wrist_put_the_roll_on_the_tray.png,recap.png,50,10,63,64,-4.043956043956044,-102.10989010989012,90.68131868131869,66.46153846153847,-1.2747252747252746,0.8904109589041096,-3.793302536010742,-101.2658920288086,79.52095031738281,65.1922607421875,-1.4696340560913086,0.4071127474308014
010_roll,put the roll on the tray,3,0,32,2.977,1788423512.8442564,00002_front_put_the_roll_on_the_tray.png,00002_wrist_put_the_roll_on_the_tray.png,recap.png,50,11,64,65,-4.043956043956044,-102.10989010989012,90.68131868131869,66.46153846153847,-1.2747252747252746,0.8904109589041096,-3.933788299560547,-101.395263671875,79.08808898925781,65.82929229736328,-1.5134153366088867,0.4129619598388672
010_roll,put the roll on the tray,3,0,32,2.977,1788423512.8442564,00002_front_put_the_roll_on_the_tray.png,00002_wrist_put_the_roll_on_the_tray.png,recap.png,50,12,65,66,-4.043956043956044,-102.10989010989012,90.68131868131869,66.46153846153847,-1.2747252747252746,0.8904109589041096,-3.9577407836914062,-101.08699035644531,78.59597778320312,66.47219848632812,-1.4516382217407227,0.3928375542163849
010_roll,put the roll on the tray,3,0,32,2.977,1788423512.8442564,00002_front_put_the_roll_on_the_tray.png,00002_wrist_put_the_roll_on_the_tray.png,recap.png,50,13,66,67,-4.043956043956044,-102.10989010989012,90.68131868131869,66.46153846153847,-1.2747252747252746,0.8904109589041096,-4.019842147827148,-100.80970764160156,78.01899719238281,66.8662109375,-1.4702062606811523,0.19434529542922974
010_roll,put the roll on the tray,3,0,32,2.977,1788423512.8442564,00002_front_put_the_roll_on_the_tray.png,00002_wrist_put_the_roll_on_the_tray.png,recap.png,50,14,67,68,-4.043956043956044,-102.10989010989012,90.68131868131869,66.46153846153847,-1.2747252747252746,0.8904109589041096,-4.063230514526367,-100.83380126953125,77.38456726074219,67.42101287841797,-1.3499383926391602,0.3761056065559387
010_roll,put the roll on the tray,3,0,32,2.977,1788423512.8442564,00002_front_put_the_roll_on_the_tray.png,00002_wrist_put_the_roll_on_the_tray.png,recap.png,50,15,68,69,-4.043956043956044,-102.10989010989012,90.68131868131869,66.46153846153847,-1.2747252747252746,0.8904109589041096,-4.409702301025391,-100.32089233398438,78.12187194824219,67.5575180053711,-1.4370403289794922,0.25409403443336487
010_roll,put the roll on the tray,3,0,32,2.977,1788423512.8442564,00002_front_put_the_roll_on_the_tray.png,00002_wrist_put_the_roll_on_the_tray.png,recap.png,50,16,69,70,-4.043956043956044,-102.10989010989012,90.68131868131869,66.46153846153847,-1.2747252747252746,0.8904109589041096,-4.085977554321289,-100.11449432373047,77.26405334472656,67.65936279296875,-1.4343242645263672,0.225523442029953
010_roll,put the roll on the tray,3,0,32,2.977,1788423512.8442564,00002_front_put_the_roll_on_the_tray.png,00002_wrist_put_the_roll_on_the_tray.png,recap.png,50,17,70,71,-4.043956043956044,-102.10989010989012,90.68131868131869,66.46153846153847,-1.2747252747252746,0.8904109589041096,-4.141931533813477,-98.89264678955078,76.34053039550781,67.60543060302734,-1.4951725006103516,0.22241666913032532
010_roll,put the roll on the tray,3,0,32,2.977,1788423512.8442564,00002_front_put_the_roll_on_the_tray.png,00002_wrist_put_the_roll_on_the_tray.png,recap.png,50,18,71,72,-4.043956043956044,-102.10989010989012,90.68131868131869,66.46153846153847,-1.2747252747252746,0.8904109589041096,-3.9421424865722656,-97.2217788696289,76.03164672851562,67.5858154296875,-1.601369857788086,0.300028532743454
010_roll,put the roll on the tray,3,0,32,2.977,1788423512.8442564,00002_front_put_the_roll_on_the_tray.png,00002_wrist_put_the_roll_on_the_tray.png,recap.png,50,19,72,73,-4.043956043956044,-102.10989010989012,90.68131868131869,66.46153846153847,-1.2747252747252746,0.8904109589041096,-3.8275604248046875,-95.19281005859375,74.62649536132812,67.52742004394531,-1.6380681991577148,0.30763667821884155
010_roll,put the roll on the tray,3,0,32,2.977,1788423512.8442564,00002_front_put_the_roll_on_the_tray.png,00002_wrist_put_the_roll_on_the_tray.png,recap.png,50,20,73,74,-4.043956043956044,-102.10989010989012,90.68131868131869,66.46153846153847,-1.2747252747252746,0.8904109589041096,-3.8425865173339844,-92.723388671875,72.81730651855469,67.48917388916016,-1.6737098693847656,0.29781821370124817
010_roll,put the roll on the tray,3,0,32,2.977,1788423512.8442564,00002_front_put_the_roll_on_the_tray.png,00002_wrist_put_the_roll_on_the_tray.png,recap.png,50,21,74,75,-4.043956043956044,-102.10989010989012,90.68131868131869,66.46153846153847,-1.2747252747252746,0.8904109589041096,-3.8406028747558594,-89.75467681884766,70.6424560546875,67.50910186767578,-1.8290796279907227,0.21615639328956604
010_roll,put the roll on the tray,3,0,32,2.977,1788423512.8442564,00002_front_put_the_roll_on_the_tray.png,00002_wrist_put_the_roll_on_the_tray.png,recap.png,50,22,75,76,-4.043956043956044,-102.10989010989012,90.68131868131869,66.46153846153847,-1.2747252747252746,0.8904109589041096,-3.978973388671875,-87.07852172851562,69.51036834716797,67.42225646972656,-1.9566240310668945,0.2389882355928421
010_roll,put the roll on the tray,3,0,32,2.977,1788423512.8442564,00002_front_put_the_roll_on_the_tray.png,00002_wrist_put_the_roll_on_the_tray.png,recap.png,50,23,76,77,-4.043956043956044,-102.10989010989012,90.68131868131869,66.46153846153847,-1.2747252747252746,0.8904109589041096,-3.9612293243408203,-84.95122528076172,67.83674621582031,67.50602722167969,-2.009148597717285,0.2412898987531662
010_roll,put the roll on the tray,4,1,52,3.646,1788423513.5127337,00003_front_put_the_roll_on_the_tray.png,00003_wrist_put_the_roll_on_the_tray.png,recap.png,50,0,77,78,-3.78021978021978,-98.68131868131869,80.92307692307692,68.92307692307692,-1.2747252747252746,0.7534246575342466,-4.7658305168151855,-56.80961608886719,53.126556396484375,65.7811508178711,-4.477604389190674,0.586138129234314
010_roll,put the roll on the tray,4,1,52,3.646,1788423513.5127337,00003_front_put_the_roll_on_the_tray.png,00003_wrist_put_the_roll_on_the_tray.png,recap.png,50,1,78,79,-3.78021978021978,-98.68131868131869,80.92307692307692,68.92307692307692,-1.2747252747252746,0.7534246575342466,-4.750389099121094,-55.87932586669922,52.44940185546875,65.75917053222656,-4.475822925567627,1.0438885688781738
010_roll,put the roll on the tray,4,1,52,3.646,1788423513.5127337,00003_front_put_the_roll_on_the_tray.png,00003_wrist_put_the_roll_on_the_tray.png,recap.png,50,2,79,80,-3.78021978021978,-98.68131868131869,80.92307692307692,68.92307692307692,-1.2747252747252746,0.7534246575342466,-4.93342399597168,-55.334129333496094,51.88957595825195,65.77836608886719,-4.4014387130737305,2.0643088817596436
010_roll,put the roll on the tray,4,1,52,3.646,1788423513.5127337,00003_front_put_the_roll_on_the_tray.png,00003_wrist_put_the_roll_on_the_tray.png,recap.png,50,3,80,81,-3.78021978021978,-98.68131868131869,80.92307692307692,68.92307692307692,-1.2747252747252746,0.7534246575342466,-4.786307334899902,-54.10660934448242,51.15666961669922,65.98041534423828,-4.432180881500244,3.1936655044555664
010_roll,put the roll on the tray,4,1,52,3.646,1788423513.5127337,00003_front_put_the_roll_on_the_tray.png,00003_wrist_put_the_roll_on_the_tray.png,recap.png,50,4,81,82,-3.78021978021978,-98.68131868131869,80.92307692307692,68.92307692307692,-1.2747252747252746,0.7534246575342466,-5.025277614593506,-52.977806091308594,51.0738525390625,66.06753540039062,-4.490724086761475,4.9231367111206055
010_roll,put the roll on the tray,4,1,52,3.646,1788423513.5127337,00003_front_put_the_roll_on_the_tray.png,00003_wrist_put_the_roll_on_the_tray.png,recap.png,50,5,82,83,-3.78021978021978,-98.68131868131869,80.92307692307692,68.92307692307692,-1.2747252747252746,0.7534246575342466,-5.429521560668945,-44.69538116455078,46.83927917480469,65.96247863769531,-4.591978549957275,9.133312225341797
010_roll,put the roll on the tray,4,1,52,3.646,1788423513.5127337,00003_front_put_the_roll_on_the_tray.png,00003_wrist_put_the_roll_on_the_tray.png,recap.png,50,6,83,84,-3.78021978021978,-98.68131868131869,80.92307692307692,68.92307692307692,-1.2747252747252746,0.7534246575342466,-5.216346740722656,-43.46272659301758,46.42212677001953,66.21923828125,-4.561885356903076,11.360764503479004
010_roll,put the roll on the tray,4,1,52,3.646,1788423513.5127337,00003_front_put_the_roll_on_the_tray.png,00003_wrist_put_the_roll_on_the_tray.png,recap.png,50,7,84,85,-3.78021978021978,-98.68131868131869,80.92307692307692,68.92307692307692,-1.2747252747252746,0.7534246575342466,-5.720340728759766,-43.79645538330078,46.167015075683594,66.57672882080078,-4.593753814697266,13.483948707580566
010_roll,put the roll on the tray,4,1,52,3.646,1788423513.5127337,00003_front_put_the_roll_on_the_tray.png,00003_wrist_put_the_roll_on_the_tray.png,recap.png,50,8,85,86,-3.78021978021978,-98.68131868131869,80.92307692307692,68.92307692307692,-1.2747252747252746,0.7534246575342466,-5.844755172729492,-43.7303466796875,46.87677764892578,66.73580932617188,-4.6014933586120605,15.674175262451172
010_roll,put the roll on the tray,4,1,52,3.646,1788423513.5127337,00003_front_put_the_roll_on_the_tray.png,00003_wrist_put_the_roll_on_the_tray.png,recap.png,50,9,86,87,-3.78021978021978,-98.68131868131869,80.92307692307692,68.92307692307692,-1.2747252747252746,0.7534246575342466,-5.603544235229492,-44.228416442871094,46.151817321777344,67.0177001953125,-4.495058059692383,18.04243278503418
010_roll,put the roll on the tray,4,1,52,3.646,1788423513.5127337,00003_front_put_the_roll_on_the_tray.png,00003_wrist_put_the_roll_on_the_tray.png,recap.png,50,10,87,88,-3.78021978021978,-98.68131868131869,80.92307692307692,68.92307692307692,-1.2747252747252746,0.7534246575342466,-5.686777114868164,-43.29414367675781,46.15526580810547,67.35020446777344,-4.327985763549805,20.770904541015625
010_roll,put the roll on the tray,4,1,52,3.646,1788423513.5127337,00003_front_put_the_roll_on_the_tray.png,00003_wrist_put_the_roll_on_the_tray.png,recap.png,50,11,88,89,-3.78021978021978,-98.68131868131869,80.92307692307692,68.92307692307692,-1.2747252747252746,0.7534246575342466,-5.521762847900391,-42.97433090209961,46.343017578125,67.58848571777344,-4.328471660614014,23.469589233398438
010_roll,put the roll on the tray,4,1,52,3.646,1788423513.5127337,00003_front_put_the_roll_on_the_tray.png,00003_wrist_put_the_roll_on_the_tray.png,recap.png,50,12,89,90,-3.78021978021978,-98.68131868131869,80.92307692307692,68.92307692307692,-1.2747252747252746,0.7534246575342466,-5.628023147583008,-42.81460952758789,46.53069305419922,67.78738403320312,-4.320715427398682,25.66183853149414
010_roll,put the roll on the tray,4,1,52,3.646,1788423513.5127337,00003_front_put_the_roll_on_the_tray.png,00003_wrist_put_the_roll_on_the_tray.png,recap.png,50,13,90,91,-3.78021978021978,-98.68131868131869,80.92307692307692,68.92307692307692,-1.2747252747252746,0.7534246575342466,-5.51026725769043,-42.34480667114258,45.81648254394531,68.38912963867188,-4.141114234924316,27.452722549438477
010_roll,put the roll on the tray,4,1,52,3.646,1788423513.5127337,00003_front_put_the_roll_on_the_tray.png,00003_wrist_put_the_roll_on_the_tray.png,recap.png,50,14,91,92,-3.78021978021978,-98.68131868131869,80.92307692307692,68.92307692307692,-1.2747252747252746,0.7534246575342466,-5.571952819824219,-41.611351013183594,46.14057159423828,68.16010284423828,-3.9779834747314453,28.523984909057617
010_roll,put the roll on the tray,4,1,52,3.646,1788423513.5127337,00003_front_put_the_roll_on_the_tray.png,00003_wrist_put_the_roll_on_the_tray.png,recap.png,50,15,92,93,-3.78021978021978,-98.68131868131869,80.92307692307692,68.92307692307692,-1.2747252747252746,0.7534246575342466,-5.43974494934082,-42.13285827636719,45.70110321044922,68.23545837402344,-4.024349212646484,29.20447540283203
010_roll,put the roll on the tray,4,1,52,3.646,1788423513.5127337,00003_front_put_the_roll_on_the_tray.png,00003_wrist_put_the_roll_on_the_tray.png,recap.png,50,16,93,94,-3.78021978021978,-98.68131868131869,80.92307692307692,68.92307692307692,-1.2747252747252746,0.7534246575342466,-5.613552093505859,-41.56641387939453,45.70927429199219,68.32439422607422,-3.92105770111084,29.636289596557617
010_roll,put the roll on the tray,4,1,52,3.646,1788423513.5127337,00003_front_put_the_roll_on_the_tray.png,00003_wrist_put_the_roll_on_the_tray.png,recap.png,50,17,94,95,-3.78021978021978,-98.68131868131869,80.92307692307692,68.92307692307692,-1.2747252747252746,0.7534246575342466,-5.69410514831543,-41.20774841308594,44.99541473388672,68.73162841796875,-3.931346893310547,30.234474182128906
010_roll,put the roll on the tray,4,1,52,3.646,1788423513.5127337,00003_front_put_the_roll_on_the_tray.png,00003_wrist_put_the_roll_on_the_tray.png,recap.png,50,18,95,96,-3.78021978021978,-98.68131868131869,80.92307692307692,68.92307692307692,-1.2747252747252746,0.7534246575342466,-5.652191162109375,-41.755863189697266,45.215660095214844,69.01373291015625,-3.941739082336426,30.535879135131836
010_roll,put the roll on the tray,4,1,52,3.646,1788423513.5127337,00003_front_put_the_roll_on_the_tray.png,00003_wrist_put_the_roll_on_the_tray.png,recap.png,50,19,96,97,-3.78021978021978,-98.68131868131869,80.92307692307692,68.92307692307692,-1.2747252747252746,0.7534246575342466,-5.58366584777832,-41.12986373901367,45.90631866455078,69.33708953857422,-3.8624162673950195,31.14944839477539
010_roll,put the roll on the tray,4,1,52,3.646,1788423513.5127337,00003_front_put_the_roll_on_the_tray.png,00003_wrist_put_the_roll_on_the_tray.png,recap.png,50,20,97,98,-3.78021978021978,-98.68131868131869,80.92307692307692,68.92307692307692,-1.2747252747252746,0.7534246575342466,-5.7601776123046875,-40.86748504638672,44.118309020996094,69.77027893066406,-3.986464500427246,31.89056396484375
010_roll,put the roll on the tray,4,1,52,3.646,1788423513.5127337,00003_front_put_the_roll_on_the_tray.png,00003_wrist_put_the_roll_on_the_tray.png,recap.png,50,21,98,99,-3.78021978021978,-98.68131868131869,80.92307692307692,68.92307692307692,-1.2747252747252746,0.7534246575342466,-5.787763595581055,-41.33373260498047,44.22272491455078,70.104736328125,-3.864307403564453,32.324554443359375
010_roll,put the roll on the tray,4,1,52,3.646,1788423513.5127337,00003_front_put_the_roll_on_the_tray.png,00003_wrist_put_the_roll_on_the_tray.png,recap.png,50,22,99,100,-3.78021978021978,-98.68131868131869,80.92307692307692,68.92307692307692,-1.2747252747252746,0.7534246575342466,-5.889537811279297,-40.70140075683594,44.44783020019531,70.3138427734375,-4.019784927368164,33.09210968017578
010_roll,put the roll on the tray,4,1,52,3.646,1788423513.5127337,00003_front_put_the_roll_on_the_tray.png,00003_wrist_put_the_roll_on_the_tray.png,recap.png,50,23,100,101,-3.78021978021978,-98.68131868131869,80.92307692307692,68.92307692307692,-1.2747252747252746,0.7534246575342466,-5.879976272583008,-39.54342269897461,44.06657409667969,70.55492401123047,-4.0307207107543945,34.12656784057617
010_roll,put the roll on the tray,4,1,52,3.646,1788423513.5127337,00003_front_put_the_roll_on_the_tray.png,00003_wrist_put_the_roll_on_the_tray.png,recap.png,50,24,101,102,-3.78021978021978,-98.68131868131869,80.92307692307692,68.92307692307692,-1.2747252747252746,0.7534246575342466,-6.12803840637207,-38.97209167480469,44.30271911621094,70.85176086425781,-4.197626113891602,34.55805587768555
010_roll,put the roll on the tray,5,0,76,4.752,1788423514.6199076,00004_front_put_the_roll_on_the_tray.png,00004_wrist_put_the_roll_on_the_tray.png,recap.png,50,0,102,103,-4.043956043956044,-92.61538461538461,74.94505494505495,67.51648351648352,-1.6263736263736264,0.684931506849315,-5.09185791015625,-47.61056137084961,45.949790954589844,64.16531372070312,-4.563065528869629,0.8679363131523132
010_roll,put the roll on the tray,5,0,76,4.752,1788423514.6199076,00004_front_put_the_roll_on_the_tray.png,00004_wrist_put_the_roll_on_the_tray.png,recap.png,50,1,103,104,-4.043956043956044,-92.61538461538461,74.94505494505495,67.51648351648352,-1.6263736263736264,0.684931506849315,-5.07933235168457,-47.23601150512695,45.848175048828125,64.17737579345703,-4.585204601287842,1.2226295471191406
010_roll,put the roll on the tray,5,0,76,4.752,1788423514.6199076,00004_front_put_the_roll_on_the_tray.png,00004_wrist_put_the_roll_on_the_tray.png,recap.png,50,2,104,105,-4.043956043956044,-92.61538461538461,74.94505494505495,67.51648351648352,-1.6263736263736264,0.684931506849315,-5.085664749145508,-46.04659652709961,45.235069274902344,64.25228881835938,-4.515181064605713,1.8701512813568115
010_roll,put the roll on the tray,5,0,76,4.752,1788423514.6199076,00004_front_put_the_roll_on_the_tray.png,00004_wrist_put_the_roll_on_the_tray.png,recap.png,50,3,105,106,-4.043956043956044,-92.61538461538461,74.94505494505495,67.51648351648352,-1.6263736263736264,0.684931506849315,-5.076539993286133,-45.144012451171875,45.217628479003906,64.34687805175781,-4.659264087677002,2.7267420291900635
010_roll,put the roll on the tray,5,0,76,4.752,1788423514.6199076,00004_front_put_the_roll_on_the_tray.png,00004_wrist_put_the_roll_on_the_tray.png,recap.png,50,4,106,107,-4.043956043956044,-92.61538461538461,74.94505494505495,67.51648351648352,-1.6263736263736264,0.684931506849315,-5.178426742553711,-44.11833572387695,44.61772155761719,64.27099609375,-5.030898094177246,4.089996337890625
010_roll,put the roll on the tray,5,0,76,4.752,1788423514.6199076,00004_front_put_the_roll_on_the_tray.png,00004_wrist_put_the_roll_on_the_tray.png,recap.png,50,5,107,108,-4.043956043956044,-92.61538461538461,74.94505494505495,67.51648351648352,-1.6263736263736264,0.684931506849315,-5.264047622680664,-43.341148376464844,43.8001708984375,64.54316711425781,-5.5760321617126465,6.198151111602783
010_roll,put the roll on the tray,5,0,76,4.752,1788423514.6199076,00004_front_put_the_roll_on_the_tray.png,00004_wrist_put_the_roll_on_the_tray.png,recap.png,50,6,108,109,-4.043956043956044,-92.61538461538461,74.94505494505495,67.51648351648352,-1.6263736263736264,0.684931506849315,-5.187404632568359,-42.39788055419922,43.89287567138672,64.93738555908203,-6.177378177642822,8.597882270812988
010_roll,put the roll on the tray,5,0,76,4.752,1788423514.6199076,00004_front_put_the_roll_on_the_tray.png,00004_wrist_put_the_roll_on_the_tray.png,recap.png,50,7,109,110,-4.043956043956044,-92.61538461538461,74.94505494505495,67.51648351648352,-1.6263736263736264,0.684931506849315,-5.523948669433594,-42.00442886352539,43.54894256591797,65.13203430175781,-6.649845600128174,11.55060863494873
010_roll,put the roll on the tray,5,0,76,4.752,1788423514.6199076,00004_front_put_the_roll_on_the_tray.png,00004_wrist_put_the_roll_on_the_tray.png,recap.png,50,8,110,111,-4.043956043956044,-92.61538461538461,74.94505494505495,67.51648351648352,-1.6263736263736264,0.684931506849315,-5.286264419555664,-40.895755767822266,43.650146484375,65.57951354980469,-6.744524955749512,14.45484447479248
010_roll,put the roll on the tray,5,0,76,4.752,1788423514.6199076,00004_front_put_the_roll_on_the_tray.png,00004_wrist_put_the_roll_on_the_tray.png,recap.png,50,9,111,112,-4.043956043956044,-92.61538461538461,74.94505494505495,67.51648351648352,-1.6263736263736264,0.684931506849315,-5.615440368652344,-40.52338409423828,42.89745330810547,65.9253158569336,-6.755043983459473,17.079933166503906
010_roll,put the roll on the tray,5,0,76,4.752,1788423514.6199076,00004_front_put_the_roll_on_the_tray.png,00004_wrist_put_the_roll_on_the_tray.png,recap.png,50,10,112,113,-4.043956043956044,-92.61538461538461,74.94505494505495,67.51648351648352,-1.6263736263736264,0.684931506849315,-5.506277084350586,-40.39680480957031,42.789039611816406,66.27301788330078,-6.586452007293701,19.56426239013672
010_roll,put the roll on the tray,5,0,76,4.752,1788423514.6199076,00004_front_put_the_roll_on_the_tray.png,00004_wrist_put_the_roll_on_the_tray.png,recap.png,50,11,113,114,-4.043956043956044,-92.61538461538461,74.94505494505495,67.51648351648352,-1.6263736263736264,0.684931506849315,-5.574840545654297,-40.129783630371094,42.95155334472656,66.3698959350586,-6.548900604248047,21.68410873413086
010_roll,put the roll on the tray,5,0,76,4.752,1788423514.6199076,00004_front_put_the_roll_on_the_tray.png,00004_wrist_put_the_roll_on_the_tray.png,recap.png,50,12,114,115,-4.043956043956044,-92.61538461538461,74.94505494505495,67.51648351648352,-1.6263736263736264,0.684931506849315,-5.728416442871094,-39.859825134277344,42.68962097167969,66.5427474975586,-6.434540748596191,23.440759658813477
010_roll,put the roll on the tray,5,0,76,4.752,1788423514.6199076,00004_front_put_the_roll_on_the_tray.png,00004_wrist_put_the_roll_on_the_tray.png,recap.png,50,13,115,116,-4.043956043956044,-92.61538461538461,74.94505494505495,67.51648351648352,-1.6263736263736264,0.684931506849315,-5.683650970458984,-39.48828125,42.55247497558594,66.81095886230469,-6.397934436798096,24.867630004882812
010_roll,put the roll on the tray,5,0,76,4.752,1788423514.6199076,00004_front_put_the_roll_on_the_tray.png,00004_wrist_put_the_roll_on_the_tray.png,recap.png,50,14,116,117,-4.043956043956044,-92.61538461538461,74.94505494505495,67.51648351648352,-1.6263736263736264,0.684931506849315,-5.759979248046875,-39.08061599731445,42.429595947265625,66.9267807006836,-6.474120140075684,26.13951873779297
010_roll,put the roll on the tray,5,0,76,4.752,1788423514.6199076,00004_front_put_the_roll_on_the_tray.png,00004_wrist_put_the_roll_on_the_tray.png,recap.png,50,15,117,118,-4.043956043956044,-92.61538461538461,74.94505494505495,67.51648351648352,-1.6263736263736264,0.684931506849315,-5.845611572265625,-38.950157165527344,42.62512969970703,67.3138198852539,-6.393255710601807,26.85408592224121
010_roll,put the roll on the tray,5,0,76,4.752,1788423514.6199076,00004_front_put_the_roll_on_the_tray.png,00004_wrist_put_the_roll_on_the_tray.png,recap.png,50,16,118,119,-4.043956043956044,-92.61538461538461,74.94505494505495,67.51648351648352,-1.6263736263736264,0.684931506849315,-6.019014358520508,-38.494529724121094,42.29657745361328,67.57305908203125,-6.281536102294922,27.582931518554688
010_roll,put the roll on the tray,5,0,76,4.752,1788423514.6199076,00004_front_put_the_roll_on_the_tray.png,00004_wrist_put_the_roll_on_the_tray.png,recap.png,50,17,119,120,-4.043956043956044,-92.61538461538461,74.94505494505495,67.51648351648352,-1.6263736263736264,0.684931506849315,-6.205846786499023,-38.44134521484375,42.160552978515625,67.88125610351562,-6.263343334197998,28.015811920166016
010_roll,put the roll on the tray,5,0,76,4.752,1788423514.6199076,00004_front_put_the_roll_on_the_tray.png,00004_wrist_put_the_roll_on_the_tray.png,recap.png,50,18,120,121,-4.043956043956044,-92.61538461538461,74.94505494505495,67.51648351648352,-1.6263736263736264,0.684931506849315,-6.079717636108398,-37.95912170410156,42.627044677734375,67.85751342773438,-6.168359279632568,28.43029022216797
010_roll,put the roll on the tray,5,0,76,4.752,1788423514.6199076,00004_front_put_the_roll_on_the_tray.png,00004_wrist_put_the_roll_on_the_tray.png,recap.png,50,19,121,122,-4.043956043956044,-92.61538461538461,74.94505494505495,67.51648351648352,-1.6263736263736264,0.684931506849315,-6.291635513305664,-37.87274932861328,42.20325469970703,67.9330062866211,-6.151471138000488,28.597713470458984
010_roll,put the roll on the tray,5,0,76,4.752,1788423514.6199076,00004_front_put_the_roll_on_the_tray.png,00004_wrist_put_the_roll_on_the_tray.png,recap.png,50,20,122,123,-4.043956043956044,-92.61538461538461,74.94505494505495,67.51648351648352,-1.6263736263736264,0.684931506849315,-6.31422233581543,-37.56422424316406,42.29810333251953,68.01568603515625,-6.093664169311523,28.928518295288086
010_roll,put the roll on the tray,5,0,76,4.752,1788423514.6199076,00004_front_put_the_roll_on_the_tray.png,00004_wrist_put_the_roll_on_the_tray.png,recap.png,50,21,123,124,-4.043956043956044,-92.61538461538461,74.94505494505495,67.51648351648352,-1.6263736263736264,0.684931506849315,-6.689638137817383,-36.753578186035156,41.79618835449219,68.28388977050781,-6.214424133300781,29.348316192626953
010_roll,put the roll on the tray,5,0,76,4.752,1788423514.6199076,00004_front_put_the_roll_on_the_tray.png,00004_wrist_put_the_roll_on_the_tray.png,recap.png,50,22,124,125,-4.043956043956044,-92.61538461538461,74.94505494505495,67.51648351648352,-1.6263736263736264,0.684931506849315,-6.706892013549805,-36.43944549560547,41.406654357910156,68.48731994628906,-6.162111282348633,29.918407440185547
010_roll,put the roll on the tray,5,0,76,4.752,1788423514.6199076,00004_front_put_the_roll_on_the_tray.png,00004_wrist_put_the_roll_on_the_tray.png,recap.png,50,23,125,126,-4.043956043956044,-92.61538461538461,74.94505494505495,67.51648351648352,-1.6263736263736264,0.684931506849315,-6.83970832824707,-35.391151428222656,40.890769958496094,68.6251220703125,-6.160180568695068,30.44780158996582
010_roll,put the roll on the tray,6,1,101,5.588,1788423515.450642,00005_front_put_the_roll_on_the_tray.png,00005_wrist_put_the_roll_on_the_tray.png,recap.png,50,0,126,127,-5.626373626373627,-40.83516483516483,46.989010989010985,69.97802197802197,-4.0,32.12328767123287,-7.412315368652344,-11.660964965820312,33.256195068359375,68.02222442626953,-4.959976673126221,32.94960021972656
010_roll,put the roll on the tray,6,1,101,5.588,1788423515.450642,00005_front_put_the_roll_on_the_tray.png,00005_wrist_put_the_roll_on_the_tray.png,recap.png,50,1,127,128,-5.626373626373627,-40.83516483516483,46.989010989010985,69.97802197802197,-4.0,32.12328767123287,-7.2589263916015625,-10.444541931152344,32.42731475830078,67.76213073730469,-4.776248455047607,33.12955856323242
010_roll,put the roll on the tray,6,1,101,5.588,1788423515.450642,00005_front_put_the_roll_on_the_tray.png,00005_wrist_put_the_roll_on_the_tray.png,recap.png,50,2,128,129,-5.626373626373627,-40.83516483516483,46.989010989010985,69.97802197802197,-4.0,32.12328767123287,-7.2146759033203125,-10.133674621582031,32.43400573730469,67.71065521240234,-4.809538841247559,32.81428909301758
010_roll,put the roll on the tray,6,1,101,5.588,1788423515.450642,00005_front_put_the_roll_on_the_tray.png,00005_wrist_put_the_roll_on_the_tray.png,recap.png,50,3,129,130,-5.626373626373627,-40.83516483516483,46.989010989010985,69.97802197802197,-4.0,32.12328767123287,-7.307241439819336,-9.68780517578125,32.4677734375,67.60514068603516,-4.804926872253418,32.9006233215332
010_roll,put the roll on the tray,6,1,101,5.588,1788423515.450642,00005_front_put_the_roll_on_the_tray.png,00005_wrist_put_the_roll_on_the_tray.png,recap.png,50,4,130,131,-5.626373626373627,-40.83516483516483,46.989010989010985,69.97802197802197,-4.0,32.12328767123287,-6.9946746826171875,-9.227325439453125,30.7752685546875,67.72525024414062,-4.740494728088379,32.8707275390625
010_roll,put the roll on the tray,6,1,101,5.588,1788423515.450642,00005_front_put_the_roll_on_the_tray.png,00005_wrist_put_the_roll_on_the_tray.png,recap.png,50,5,131,132,-5.626373626373627,-40.83516483516483,46.989010989010985,69.97802197802197,-4.0,32.12328767123287,-7.075309753417969,-8.3477783203125,31.296836853027344,67.36287689208984,-4.731512069702148,32.79603958129883
010_roll,put the roll on the tray,6,1,101,5.588,1788423515.450642,00005_front_put_the_roll_on_the_tray.png,00005_wrist_put_the_roll_on_the_tray.png,recap.png,50,6,132,133,-5.626373626373627,-40.83516483516483,46.989010989010985,69.97802197802197,-4.0,32.12328767123287,-7.417135238647461,-7.579032897949219,31.331451416015625,67.38533020019531,-4.74224328994751,32.85063552856445
010_roll,put the roll on the tray,6,1,101,5.588,1788423515.450642,00005_front_put_the_roll_on_the_tray.png,00005_wrist_put_the_roll_on_the_tray.png,recap.png,50,7,133,134,-5.626373626373627,-40.83516483516483,46.989010989010985,69.97802197802197,-4.0,32.12328767123287,-7.26385498046875,-6.84698486328125,29.847702026367188,67.2463150024414,-4.6537861824035645,32.8458251953125
010_roll,put the roll on the tray,6,1,101,5.588,1788423515.450642,00005_front_put_the_roll_on_the_tray.png,00005_wrist_put_the_roll_on_the_tray.png,recap.png,50,8,134,135,-5.626373626373627,-40.83516483516483,46.989010989010985,69.97802197802197,-4.0,32.12328767123287,-7.330406188964844,-5.3616180419921875,29.82105255126953,67.26427459716797,-4.578698635101318,32.80242156982422
010_roll,put the roll on the tray,6,1,101,5.588,1788423515.450642,00005_front_put_the_roll_on_the_tray.png,00005_wrist_put_the_roll_on_the_tray.png,recap.png,50,9,135,136,-5.626373626373627,-40.83516483516483,46.989010989010985,69.97802197802197,-4.0,32.12328767123287,-7.449285507202148,-4.889930725097656,28.908416748046875,67.19278717041016,-4.745519161224365,32.86342239379883
010_roll,put the roll on the tray,6,1,101,5.588,1788423515.450642,00005_front_put_the_roll_on_the_tray.png,00005_wrist_put_the_roll_on_the_tray.png,recap.png,50,10,136,137,-5.626373626373627,-40.83516483516483,46.989010989010985,69.97802197802197,-4.0,32.12328767123287,-7.605302810668945,-4.16754150390625,28.398590087890625,67.12728881835938,-4.632655143737793,32.926143646240234
010_roll,put the roll on the tray,6,1,101,5.588,1788423515.450642,00005_front_put_the_roll_on_the_tray.png,00005_wrist_put_the_roll_on_the_tray.png,recap.png,50,11,137,138,-5.626373626373627,-40.83516483516483,46.989010989010985,69.97802197802197,-4.0,32.12328767123287,-7.7683563232421875,-3.1712646484375,27.923065185546875,67.15721893310547,-4.732106685638428,32.74224853515625
010_roll,put the roll on the tray,6,1,101,5.588,1788423515.450642,00005_front_put_the_roll_on_the_tray.png,00005_wrist_put_the_roll_on_the_tray.png,recap.png,50,12,138,139,-5.626373626373627,-40.83516483516483,46.989010989010985,69.97802197802197,-4.0,32.12328767123287,-7.668535232543945,-2.9280853271484375,27.21839141845703,67.11833953857422,-4.591846942901611,32.824161529541016
010_roll,put the roll on the tray,6,1,101,5.588,1788423515.450642,00005_front_put_the_roll_on_the_tray.png,00005_wrist_put_the_roll_on_the_tray.png,recap.png,50,13,139,140,-5.626373626373627,-40.83516483516483,46.989010989010985,69.97802197802197,-4.0,32.12328767123287,-7.51252555847168,-1.18585205078125,26.529075622558594,66.8570556640625,-4.634949684143066,32.94806671142578
010_roll,put the roll on the tray,6,1,101,5.588,1788423515.450642,00005_front_put_the_roll_on_the_tray.png,00005_wrist_put_the_roll_on_the_tray.png,recap.png,50,14,140,141,-5.626373626373627,-40.83516483516483,46.989010989010985,69.97802197802197,-4.0,32.12328767123287,-7.531925201416016,-0.5591812133789062,26.35987091064453,66.94683837890625,-4.62479305267334,33.26460647583008
010_roll,put the roll on the tray,6,1,101,5.588,1788423515.450642,00005_front_put_the_roll_on_the_tray.png,00005_wrist_put_the_roll_on_the_tray.png,recap.png,50,15,141,142,-5.626373626373627,-40.83516483516483,46.989010989010985,69.97802197802197,-4.0,32.12328767123287,-7.478166580200195,0.8913955688476562,26.451316833496094,66.87471008300781,-4.594020366668701,32.983665466308594
010_roll,put the roll on the tray,6,1,101,5.588,1788423515.450642,00005_front_put_the_roll_on_the_tray.png,00005_wrist_put_the_roll_on_the_tray.png,recap.png,50,16,142,143,-5.626373626373627,-40.83516483516483,46.989010989010985,69.97802197802197,-4.0,32.12328767123287,-7.50469970703125,1.883392333984375,25.444068908691406,66.74707794189453,-4.519659042358398,33.00620651245117
010_roll,put the roll on the tray,6,1,101,5.588,1788423515.450642,00005_front_put_the_roll_on_the_tray.png,00005_wrist_put_the_roll_on_the_tray.png,recap.png,50,17,143,144,-5.626373626373627,-40.83516483516483,46.989010989010985,69.97802197802197,-4.0,32.12328767123287,-7.656984329223633,1.9821548461914062,25.101112365722656,66.68472290039062,-4.568716049194336,32.930362701416016
010_roll,put the roll on the tray,6,1,101,5.588,1788423515.450642,00005_front_put_the_roll_on_the_tray.png,00005_wrist_put_the_roll_on_the_tray.png,recap.png,50,18,144,145,-5.626373626373627,-40.83516483516483,46.989010989010985,69.97802197802197,-4.0,32.12328767123287,-7.382196426391602,3.27392578125,24.052764892578125,66.32638549804688,-4.572323799133301,32.68800354003906
010_roll,put the roll on the tray,6,1,101,5.588,1788423515.450642,00005_front_put_the_roll_on_the_tray.png,00005_wrist_put_the_roll_on_the_tray.png,recap.png,50,19,145,146,-5.626373626373627,-40.83516483516483,46.989010989010985,69.97802197802197,-4.0,32.12328767123287,-7.426887512207031,3.7249755859375,24.652191162109375,66.41919708251953,-4.679666996002197,31.999032974243164
010_roll,put the roll on the tray,6,1,101,5.588,1788423515.450642,00005_front_put_the_roll_on_the_tray.png,00005_wrist_put_the_roll_on_the_tray.png,recap.png,50,20,146,147,-5.626373626373627,-40.83516483516483,46.989010989010985,69.97802197802197,-4.0,32.12328767123287,-7.54307746887207,4.5587921142578125,23.96965789794922,66.67369079589844,-4.412415981292725,31.40268898010254
010_roll,put the roll on the tray,6,1,101,5.588,1788423515.450642,00005_front_put_the_roll_on_the_tray.png,00005_wrist_put_the_roll_on_the_tray.png,recap.png,50,21,147,148,-5.626373626373627,-40.83516483516483,46.989010989010985,69.97802197802197,-4.0,32.12328767123287,-7.450248718261719,4.528602600097656,23.620986938476562,66.5101318359375,-4.493833541870117,29.729995727539062
010_roll,put the roll on the tray,6,1,101,5.588,1788423515.450642,00005_front_put_the_roll_on_the_tray.png,00005_wrist_put_the_roll_on_the_tray.png,recap.png,50,22,148,149,-5.626373626373627,-40.83516483516483,46.989010989010985,69.97802197802197,-4.0,32.12328767123287,-7.195884704589844,4.323127746582031,24.005767822265625,66.57368469238281,-4.546579360961914,27.74089813232422
010_roll,put the roll on the tray,7,1,125,6.759,1788423516.6236231,00006_front_put_the_roll_on_the_tray.png,00006_wrist_put_the_roll_on_the_tray.png,recap.png,50,0,149,150,-6.329670329670329,-36.879120879120876,44.527472527472526,67.86813186813187,-6.197802197802198,28.63013698630137,-7.370392799377441,-9.27793025970459,31.649293899536133,67.22335815429688,-5.823144912719727,29.675748825073242
010_roll,put the roll on the tray,7,1,125,6.759,1788423516.6236231,00006_front_put_the_roll_on_the_tray.png,00006_wrist_put_the_roll_on_the_tray.png,recap.png,50,1,150,151,-6.329670329670329,-36.879120879120876,44.527472527472526,67.86813186813187,-6.197802197802198,28.63013698630137,-7.407313346862793,-9.023639678955078,31.929594039916992,67.06741333007812,-5.7749810218811035,28.949138641357422
010_roll,put the roll on the tray,7,1,125,6.759,1788423516.6236231,00006_front_put_the_roll_on_the_tray.png,00006_wrist_put_the_roll_on_the_tray.png,recap.png,50,2,151,152,-6.329670329670329,-36.879120879120876,44.527472527472526,67.86813186813187,-6.197802197802198,28.63013698630137,-7.69117546081543,-14.490394592285156,34.780067443847656,66.91895294189453,-6.373358249664307,31.414260864257812
010_roll,put the roll on the tray,7,1,125,6.759,1788423516.6236231,00006_front_put_the_roll_on_the_tray.png,00006_wrist_put_the_roll_on_the_tray.png,recap.png,50,3,152,153,-6.329670329670329,-36.879120879120876,44.527472527472526,67.86813186813187,-6.197802197802198,28.63013698630137,-7.848972320556641,-13.65283203125,35.022422790527344,66.79338836669922,-6.4964189529418945,31.403249740600586
010_roll,put the roll on the tray,7,1,125,6.759,1788423516.6236231,00006_front_put_the_roll_on_the_tray.png,00006_wrist_put_the_roll_on_the_tray.png,recap.png,50,4,153,154,-6.329670329670329,-36.879120879120876,44.527472527472526,67.86813186813187,-6.197802197802198,28.63013698630137,-7.872344970703125,-13.420669555664062,34.825469970703125,66.40104675292969,-6.426655292510986,31.349323272705078
010_roll,put the roll on the tray,7,1,125,6.759,1788423516.6236231,00006_front_put_the_roll_on_the_tray.png,00006_wrist_put_the_roll_on_the_tray.png,recap.png,50,5,154,155,-6.329670329670329,-36.879120879120876,44.527472527472526,67.86813186813187,-6.197802197802198,28.63013698630137,-7.944301605224609,-12.655220031738281,34.466514587402344,66.03157806396484,-6.30508279800415,31.25080108642578
010_roll,put the roll on the tray,7,1,125,6.759,1788423516.6236231,00006_front_put_the_roll_on_the_tray.png,00006_wrist_put_the_roll_on_the_tray.png,recap.png,50,6,155,156,-6.329670329670329,-36.879120879120876,44.527472527472526,67.86813186813187,-6.197802197802198,28.63013698630137,-7.895235061645508,-11.984207153320312,34.369903564453125,65.85746002197266,-6.527634620666504,31.145034790039062
010_roll,put the roll on the tray,7,1,125,6.759,1788423516.6236231,00006_front_put_the_roll_on_the_tray.png,00006_wrist_put_the_roll_on_the_tray.png,recap.png,50,7,156,157,-6.329670329670329,-36.879120879120876,44.527472527472526,67.86813186813187,-6.197802197802198,28.63013698630137,-8.071914672851562,-10.9576416015625,34.51640319824219,65.74922943115234,-6.449926853179932,31.188220977783203
010_roll,put the roll on the tray,7,1,125,6.759,1788423516.6236231,00006_front_put_the_roll_on_the_tray.png,00006_wrist_put_the_roll_on_the_tray.png,recap.png,50,8,157,158,-6.329670329670329,-36.879120879120876,44.527472527472526,67.86813186813187,-6.197802197802198,28.63013698630137,-7.888467788696289,-10.226119995117188,34.028533935546875,65.68109130859375,-6.495063304901123,31.280811309814453
010_roll,put the roll on the tray,7,1,125,6.759,1788423516.6236231,00006_front_put_the_roll_on_the_tray.png,00006_wrist_put_the_roll_on_the_tray.png,recap.png,50,9,158,159,-6.329670329670329,-36.879120879120876,44.527472527472526,67.86813186813187,-6.197802197802198,28.63013698630137,-7.832063674926758,-9.209541320800781,34.34767150878906,65.55858612060547,-6.428138256072998,31.200584411621094
010_roll,put the roll on the tray,7,1,125,6.759,1788423516.6236231,00006_front_put_the_roll_on_the_tray.png,00006_wrist_put_the_roll_on_the_tray.png,recap.png,50,10,159,160,-6.329670329670329,-36.879120879120876,44.527472527472526,67.86813186813187,-6.197802197802198,28.63013698630137,-7.775901794433594,-8.502883911132812,34.01238250732422,65.39945983886719,-6.464051246643066,31.21023178100586
010_roll,put the roll on the tray,7,1,125,6.759,1788423516.6236231,00006_front_put_the_roll_on_the_tray.png,00006_wrist_put_the_roll_on_the_tray.png,recap.png,50,11,160,161,-6.329670329670329,-36.879120879120876,44.527472527472526,67.86813186813187,-6.197802197802198,28.63013698630137,-7.80219841003418,-8.233978271484375,33.70228576660156,65.45750427246094,-6.401689052581787,31.26513671875
010_roll,put the roll on the tray,7,1,125,6.759,1788423516.6236231,00006_front_put_the_roll_on_the_tray.png,00006_wrist_put_the_roll_on_the_tray.png,recap.png,50,12,161,162,-6.329670329670329,-36.879120879120876,44.527472527472526,67.86813186813187,-6.197802197802198,28.63013698630137,-7.636232376098633,-6.860450744628906,33.43534851074219,65.59214782714844,-6.479281425476074,31.276586532592773
010_roll,put the roll on the tray,7,1,125,6.759,1788423516.6236231,00006_front_put_the_roll_on_the_tray.png,00006_wrist_put_the_roll_on_the_tray.png,recap.png,50,13,162,163,-6.329670329670329,-36.879120879120876,44.527472527472526,67.86813186813187,-6.197802197802198,28.63013698630137,-7.761812210083008,-5.8805999755859375,33.01679229736328,65.51273345947266,-6.359487533569336,31.29245948791504
010_roll,put the roll on the tray,7,1,125,6.759,1788423516.6236231,00006_front_put_the_roll_on_the_tray.png,00006_wrist_put_the_roll_on_the_tray.png,recap.png,50,14,163,164,-6.329670329670329,-36.879120879120876,44.527472527472526,67.86813186813187,-6.197802197802198,28.63013698630137,-7.921466827392578,-5.575599670410156,32.27326965332031,65.21063232421875,-6.370412826538086,31.404756546020508
010_roll,put the roll on the tray,7,1,125,6.759,1788423516.6236231,00006_front_put_the_roll_on_the_tray.png,00006_wrist_put_the_roll_on_the_tray.png,recap.png,50,15,164,165,-6.329670329670329,-36.879120879120876,44.527472527472526,67.86813186813187,-6.197802197802198,28.63013698630137,-7.959577560424805,-4.104957580566406,32.210662841796875,65.07720947265625,-6.523764610290527,31.272815704345703
010_roll,put the roll on the tray,7,1,125,6.759,1788423516.6236231,00006_front_put_the_roll_on_the_tray.png,00006_wrist_put_the_roll_on_the_tray.png,recap.png,50,16,165,166,-6.329670329670329,-36.879120879120876,44.527472527472526,67.86813186813187,-6.197802197802198,28.63013698630137,-7.665678024291992,-3.1943740844726562,32.07292938232422,64.86583709716797,-6.375909805297852,31.43001937866211
010_roll,put the roll on the tray,7,1,125,6.759,1788423516.6236231,00006_front_put_the_roll_on_the_tray.png,00006_wrist_put_the_roll_on_the_tray.png,recap.png,50,17,166,167,-6.329670329670329,-36.879120879120876,44.527472527472526,67.86813186813187,-6.197802197802198,28.63013698630137,-8.102153778076172,-2.4532852172851562,32.146453857421875,65.23234558105469,-6.441455364227295,31.345077514648438
010_roll,put the roll on the tray,7,1,125,6.759,1788423516.6236231,00006_front_put_the_roll_on_the_tray.png,00006_wrist_put_the_roll_on_the_tray.png,recap.png,50,18,167,168,-6.329670329670329,-36.879120879120876,44.527472527472526,67.86813186813187,-6.197802197802198,28.63013698630137,-7.823368072509766,-2.0577926635742188,31.450439453125,65.204345703125,-6.463989734649658,31.53917694091797
010_roll,put the roll on the tray,7,1,125,6.759,1788423516.6236231,00006_front_put_the_roll_on_the_tray.png,00006_wrist_put_the_roll_on_the_tray.png,recap.png,50,19,168,169,-6.329670329670329,-36.879120879120876,44.527472527472526,67.86813186813187,-6.197802197802198,28.63013698630137,-7.886623382568359,-1.0538253784179688,31.315826416015625,65.06147766113281,-6.35346794128418,31.64653205871582
010_roll,put the roll on the tray,7,1,125,6.759,1788423516.6236231,00006_front_put_the_roll_on_the_tray.png,00006_wrist_put_the_roll_on_the_tray.png,recap.png,50,20,169,170,-6.329670329670329,-36.879120879120876,44.527472527472526,67.86813186813187,-6.197802197802198,28.63013698630137,-7.990730285644531,-0.3690185546875,31.183151245117188,64.97879028320312,-6.352674961090088,31.571304321289062
010_roll,put the roll on the tray,7,1,125,6.759,1788423516.6236231,00006_front_put_the_roll_on_the_tray.png,00006_wrist_put_the_roll_on_the_tray.png,recap.png,50,21,170,171,-6.329670329670329,-36.879120879120876,44.527472527472526,67.86813186813187,-6.197802197802198,28.63013698630137,-7.756879806518555,-0.5173110961914062,31.496299743652344,65.0551528930664,-6.28835916519165,31.7032470703125
010_roll,put the roll on the tray,7,1,125,6.759,1788423516.6236231,00006_front_put_the_roll_on_the_tray.png,00006_wrist_put_the_roll_on_the_tray.png,recap.png,50,22,171,172,-6.329670329670329,-36.879120879120876,44.527472527472526,67.86813186813187,-6.197802197802198,28.63013698630137,-7.871791839599609,1.3669891357421875,30.91710662841797,65.21318817138672,-6.430969715118408,31.381267547607422
010_roll,put the roll on the tray,7,1,125,6.759,1788423516.6236231,00006_front_put_the_roll_on_the_tray.png,00006_wrist_put_the_roll_on_the_tray.png,recap.png,50,23,172,173,-6.329670329670329,-36.879120879120876,44.527472527472526,67.86813186813187,-6.197802197802198,28.63013698630137,-7.7642059326171875,1.4438400268554688,30.434585571289062,65.22335815429688,-6.4338603019714355,30.08636474609375
010_roll,put the roll on the tray,7,1,125,6.759,1788423516.6236231,00006_front_put_the_roll_on_the_tray.png,00006_wrist_put_the_roll_on_the_tray.png,recap.png,50,24,173,174,-6.329670329670329,-36.879120879120876,44.527472527472526,67.86813186813187,-6.197802197802198,28.63013698630137,-7.784486770629883,1.9319992065429688,29.879600524902344,65.41714477539062,-6.333590507507324,27.475690841674805
010_roll,put the roll on the tray,7,1,125,6.759,1788423516.6236231,00006_front_put_the_roll_on_the_tray.png,00006_wrist_put_the_roll_on_the_tray.png,recap.png,50,25,174,175,-6.329670329670329,-36.879120879120876,44.527472527472526,67.86813186813187,-6.197802197802198,28.63013698630137,-7.951740264892578,2.3205642700195312,30.249977111816406,65.49791717529297,-6.262159824371338,24.728099822998047
010_roll,put the roll on the tray,8,0,148,7.596,1788423517.4612777,00007_front_put_the_roll_on_the_tray.png,00007_wrist_put_the_roll_on_the_tray.png,recap.png,50,0,175,176,-7.472527472527473,2.9450549450549453,26.24175824175824,68.21978021978022,-4.8791208791208796,32.12328767123287,-7.36778450012207,3.4319686889648438,19.377090454101562,71.55475616455078,-7.056552886962891,4.975898265838623
010_roll,put the roll on the tray,8,0,148,7.596,1788423517.4612777,00007_front_put_the_roll_on_the_tray.png,00007_wrist_put_the_roll_on_the_tray.png,recap.png,50,1,176,177,-7.472527472527473,2.9450549450549453,26.24175824175824,68.21978021978022,-4.8791208791208796,32.12328767123287,-7.316341400146484,3.0556411743164062,18.421775817871094,72.3794174194336,-7.2231974601745605,5.148428440093994
010_roll,put the roll on the tray,8,0,148,7.596,1788423517.4612777,00007_front_put_the_roll_on_the_tray.png,00007_wrist_put_the_roll_on_the_tray.png,recap.png,50,2,177,178,-7.472527472527473,2.9450549450549453,26.24175824175824,68.21978021978022,-4.8791208791208796,32.12328767123287,-7.003089904785156,3.2515945434570312,17.680137634277344,72.99040985107422,-7.2788310050964355,5.051736354827881
010_roll,put the roll on the tray,8,0,148,7.596,1788423517.4612777,00007_front_put_the_roll_on_the_tray.png,00007_wrist_put_the_roll_on_the_tray.png,recap.png,50,3,178,179,-7.472527472527473,2.9450549450549453,26.24175824175824,68.21978021978022,-4.8791208791208796,32.12328767123287,-7.216978073120117,2.58197021484375,16.67713165283203,74.22883605957031,-7.371018409729004,5.289584159851074
010_roll,put the roll on the tray,8,0,148,7.596,1788423517.4612777,00007_front_put_the_roll_on_the_tray.png,00007_wrist_put_the_roll_on_the_tray.png,recap.png,50,4,179,180,-7.472527472527473,2.9450549450549453,26.24175824175824,68.21978021978022,-4.8791208791208796,32.12328767123287,-6.9618377685546875,2.3274765014648438,16.11119842529297,74.89878845214844,-7.562767505645752,5.255885601043701
010_roll,put the roll on the tray,8,0,148,7.596,1788423517.4612777,00007_front_put_the_roll_on_the_tray.png,00007_wrist_put_the_roll_on_the_tray.png,recap.png,50,5,180,181,-7.472527472527473,2.9450549450549453,26.24175824175824,68.21978021978022,-4.8791208791208796,32.12328767123287,-6.821357727050781,2.1786651611328125,15.334129333496094,75.6194839477539,-7.586566925048828,5.2925496101379395
010_roll,put the roll on the tray,8,0,148,7.596,1788423517.4612777,00007_front_put_the_roll_on_the_tray.png,00007_wrist_put_the_roll_on_the_tray.png,recap.png,50,6,181,182,-7.472527472527473,2.9450549450549453,26.24175824175824,68.21978021978022,-4.8791208791208796,32.12328767123287,-6.625225067138672,2.0910491943359375,14.082221984863281,76.28955841064453,-7.545413494110107,5.307519435882568
010_roll,put the roll on the tray,8,0,148,7.596,1788423517.4612777,00007_front_put_the_roll_on_the_tray.png,00007_wrist_put_the_roll_on_the_tray.png,recap.png,50,7,182,183,-7.472527472527473,2.9450549450549453,26.24175824175824,68.21978021978022,-4.8791208791208796,32.12328767123287,-6.500263214111328,1.3145294189453125,13.856529235839844,77.11029052734375,-7.640544891357422,5.313497543334961
010_roll,put the roll on the tray,8,0,148,7.596,1788423517.4612777,00007_front_put_the_roll_on_the_tray.png,00007_wrist_put_the_roll_on_the_tray.png,recap.png,50,8,183,184,-7.472527472527473,2.9450549450549453,26.24175824175824,68.21978021978022,-4.8791208791208796,32.12328767123287,-6.507724761962891,0.9159011840820312,12.704452514648438,77.99395751953125,-7.665231227874756,5.264617443084717
010_roll,put the roll on the tray,8,0,148,7.596,1788423517.4612777,00007_front_put_the_roll_on_the_tray.png,00007_wrist_put_the_roll_on_the_tray.png,recap.png,50,9,184,185,-7.472527472527473,2.9450549450549453,26.24175824175824,68.21978021978022,-4.8791208791208796,32.12328767123287,-6.345983505249023,0.7886734008789062,11.649444580078125,78.77094268798828,-7.7301554679870605,5.269359111785889
010_roll,put the roll on the tray,8,0,148,7.596,1788423517.4612777,00007_front_put_the_roll_on_the_tray.png,00007_wrist_put_the_roll_on_the_tray.png,recap.png,50,10,185,186,-7.472527472527473,2.9450549450549453,26.24175824175824,68.21978021978022,-4.8791208791208796,32.12328767123287,-6.12535285949707,0.22258758544921875,10.649269104003906,79.47018432617188,-7.781789302825928,5.34885835647583
010_roll,put the roll on the tray,8,0,148,7.596,1788423517.4612777,00007_front_put_the_roll_on_the_tray.png,00007_wrist_put_the_roll_on_the_tray.png,recap.png,50,11,186,187,-7.472527472527473,2.9450549450549453,26.24175824175824,68.21978021978022,-4.8791208791208796,32.12328767123287,-6.025966644287109,-0.24123382568359375,10.287384033203125,80.22329711914062,-7.808742523193359,5.457846641540527
010_roll,put the roll on the tray,8,0,148,7.596,1788423517.4612777,00007_front_put_the_roll_on_the_tray.png,00007_wrist_put_the_roll_on_the_tray.png,recap.png,50,12,187,188,-7.472527472527473,2.9450549450549453,26.24175824175824,68.21978021978022,-4.8791208791208796,32.12328767123287,-5.740621566772461,-1.3064651489257812,10.324737548828125,80.86666870117188,-7.841951847076416,5.273911476135254
010_roll,put the roll on the tray,8,0,148,7.596,1788423517.4612777,00007_front_put_the_roll_on_the_tray.png,00007_wrist_put_the_roll_on_the_tray.png,recap.png,50,13,188,189,-7.472527472527473,2.9450549450549453,26.24175824175824,68.21978021978022,-4.8791208791208796,32.12328767123287,-5.340547561645508,-1.716064453125,9.178321838378906,81.42127990722656,-7.796966552734375,5.350089073181152
010_roll,put the roll on the tray,8,0,148,7.596,1788423517.4612777,00007_front_put_the_roll_on_the_tray.png,00007_wrist_put_the_roll_on_the_tray.png,recap.png,50,14,189,190,-7.472527472527473,2.9450549450549453,26.24175824175824,68.21978021978022,-4.8791208791208796,32.12328767123287,-5.089395523071289,-2.1327133178710938,8.599075317382812,81.97665405273438,-7.756176471710205,5.414824962615967
010_roll,put the roll on the tray,8,0,148,7.596,1788423517.4612777,00007_front_put_the_roll_on_the_tray.png,00007_wrist_put_the_roll_on_the_tray.png,recap.png,50,15,190,191,-7.472527472527473,2.9450549450549453,26.24175824175824,68.21978021978022,-4.8791208791208796,32.12328767123287,-5.162019729614258,-2.7813720703125,7.719722747802734,82.86456298828125,-7.854953289031982,5.381427764892578
010_roll,put the roll on the tray,8,0,148,7.596,1788423517.4612777,00007_front_put_the_roll_on_the_tray.png,00007_wrist_put_the_roll_on_the_tray.png,recap.png,50,16,191,192,-7.472527472527473,2.9450549450549453,26.24175824175824,68.21978021978022,-4.8791208791208796,32.12328767123287,-4.907712936401367,-2.6790847778320312,7.010448455810547,83.52119445800781,-7.915569305419922,5.44297456741333
010_roll,put the roll on the tray,8,0,148,7.596,1788423517.4612777,00007_front_put_the_roll_on_the_tray.png,00007_wrist_put_the_roll_on_the_tray.png,recap.png,50,17,192,193,-7.472527472527473,2.9450549450549453,26.24175824175824,68.21978021978022,-4.8791208791208796,32.12328767123287,-4.451732635498047,-3.8036575317382812,6.702323913574219,84.23016357421875,-7.791139125823975,5.273093223571777
010_roll,put the roll on the tray,8,0,148,7.596,1788423517.4612777,00007_front_put_the_roll_on_the_tray.png,00007_wrist_put_the_roll_on_the_tray.png,recap.png,50,18,193,194,-7.472527472527473,2.9450549450549453,26.24175824175824,68.21978021978022,-4.8791208791208796,32.12328767123287,-4.004461288452148,-4.153831481933594,5.6441192626953125,84.57300567626953,-7.81710958480835,5.265371799468994
010_roll,put the roll on the tray,8,0,148,7.596,1788423517.4612777,00007_front_put_the_roll_on_the_tray.png,00007_wrist_put_the_roll_on_the_tray.png,recap.png,50,19,194,195,-7.472527472527473,2.9450549450549453,26.24175824175824,68.21978021978022,-4.8791208791208796,32.12328767123287,-3.6549510955810547,-4.925209045410156,5.821132659912109,85.06788635253906,-7.762683391571045,5.234330654144287
010_roll,put the roll on the tray,8,0,148,7.596,1788423517.4612777,00007_front_put_the_roll_on_the_tray.png,00007_wrist_put_the_roll_on_the_tray.png,recap.png,50,20,195,196,-7.472527472527473,2.9450549450549453,26.24175824175824,68.21978021978022,-4.8791208791208796,32.12328767123287,-3.014688491821289,-5.474334716796875,4.840572357177734,85.15544128417969,-7.684500694274902,5.34980583190918
010_roll,put the roll on the tray,8,0,148,7.596,1788423517.4612777,00007_front_put_the_roll_on_the_tray.png,00007_wrist_put_the_roll_on_the_tray.png,recap.png,50,21,196,197,-7.472527472527473,2.9450549450549453,26.24175824175824,68.21978021978022,-4.8791208791208796,32.12328767123287,-2.3449344635009766,-6.017356872558594,4.365631103515625,85.56391906738281,-7.5986857414245605,5.236237049102783
010_roll,put the roll on the tray,8,0,148,7.596,1788423517.4612777,00007_front_put_the_roll_on_the_tray.png,00007_wrist_put_the_roll_on_the_tray.png,recap.png,50,22,197,198,-7.472527472527473,2.9450549450549453,26.24175824175824,68.21978021978022,-4.8791208791208796,32.12328767123287,-1.4983272552490234,-6.89813232421875,4.081596374511719,85.74952697753906,-7.394948959350586,5.100663185119629
010_roll,put the roll on the tray,9,1,174,8.466,1788423518.3306453,00008_front_put_the_roll_on_the_tray.png,00008_wrist_put_the_roll_on_the_tray.png,recap.png,50,0,198,199,-8.0,-0.21978021978021978,30.9010989010989,65.84615384615384,-6.021978021978022,30.89041095890411,-7.182086944580078,-1.79901123046875,19.2803955078125,75.01811218261719,-8.89211654663086,5.520272254943848
010_roll,put the roll on the tray,9,1,174,8.466,1788423518.3306453,00008_front_put_the_roll_on_the_tray.png,00008_wrist_put_the_roll_on_the_tray.png,recap.png,50,1,199,200,-8.0,-0.21978021978021978,30.9010989010989,65.84615384615384,-6.021978021978022,30.89041095890411,-6.801748275756836,-2.5485000610351562,17.938491821289062,75.84849548339844,-8.942331314086914,5.575186252593994
010_roll,put the roll on the tray,9,1,174,8.466,1788423518.3306453,00008_front_put_the_roll_on_the_tray.png,00008_wrist_put_the_roll_on_the_tray.png,recap.png,50,2,200,201,-8.0,-0.21978021978021978,30.9010989010989,65.84615384615384,-6.021978021978022,30.89041095890411,-6.446016311645508,-2.2780380249023438,16.959449768066406,76.67611694335938,-9.030166625976562,5.6581597328186035
010_roll,put the roll on the tray,9,1,174,8.466,1788423518.3306453,00008_front_put_the_roll_on_the_tray.png,00008_wrist_put_the_roll_on_the_tray.png,recap.png,50,3,201,202,-8.0,-0.21978021978021978,30.9010989010989,65.84615384615384,-6.021978021978022,30.89041095890411,-5.961231231689453,-3.2211380004882812,16.059059143066406,77.270263671875,-9.119544982910156,5.625563621520996
010_roll,put the roll on the tray,9,1,174,8.466,1788423518.3306453,00008_front_put_the_roll_on_the_tray.png,00008_wrist_put_the_roll_on_the_tray.png,recap.png,50,4,202,203,-8.0,-0.21978021978021978,30.9010989010989,65.84615384615384,-6.021978021978022,30.89041095890411,-5.53483772277832,-3.3479232788085938,15.393478393554688,78.04924774169922,-9.056670188903809,5.705882549285889
010_roll,put the roll on the tray,9,1,174,8.466,1788423518.3306453,00008_front_put_the_roll_on_the_tray.png,00008_wrist_put_the_roll_on_the_tray.png,recap.png,50,5,203,204,-8.0,-0.21978021978021978,30.9010989010989,65.84615384615384,-6.021978021978022,30.89041095890411,-5.310787200927734,-3.7216720581054688,14.750740051269531,78.67255401611328,-9.108171463012695,5.670876502990723
010_roll,put the roll on the tray,9,1,174,8.466,1788423518.3306453,00008_front_put_the_roll_on_the_tray.png,00008_wrist_put_the_roll_on_the_tray.png,recap.png,50,6,204,205,-8.0,-0.21978021978021978,30.9010989010989,65.84615384615384,-6.021978021978022,30.89041095890411,-4.701068878173828,-4.437355041503906,14.215431213378906,79.25286865234375,-9.077746391296387,5.711976528167725
010_roll,put the roll on the tray,9,1,174,8.466,1788423518.3306453,00008_front_put_the_roll_on_the_tray.png,00008_wrist_put_the_roll_on_the_tray.png,recap.png,50,7,205,206,-8.0,-0.21978021978021978,30.9010989010989,65.84615384615384,-6.021978021978022,30.89041095890411,-4.275581359863281,-4.5218963623046875,13.117057800292969,79.71302795410156,-9.024016380310059,5.74929141998291
010_roll,put the roll on the tray,9,1,174,8.466,1788423518.3306453,00008_front_put_the_roll_on_the_tray.png,00008_wrist_put_the_roll_on_the_tray.png,recap.png,50,8,206,207,-8.0,-0.21978021978021978,30.9010989010989,65.84615384615384,-6.021978021978022,30.89041095890411,-3.958202362060547,-5.0715484619140625,12.806159973144531,80.26425170898438,-9.132926940917969,5.615032196044922
010_roll,put the roll on the tray,9,1,174,8.466,1788423518.3306453,00008_front_put_the_roll_on_the_tray.png,00008_wrist_put_the_roll_on_the_tray.png,recap.png,50,9,207,208,-8.0,-0.21978021978021978,30.9010989010989,65.84615384615384,-6.021978021978022,30.89041095890411,-3.6165294647216797,-5.7068939208984375,12.639137268066406,80.67975616455078,-9.150056838989258,5.6912102699279785
010_roll,put the roll on the tray,9,1,174,8.466,1788423518.3306453,00008_front_put_the_roll_on_the_tray.png,00008_wrist_put_the_roll_on_the_tray.png,recap.png,50,10,208,209,-8.0,-0.21978021978021978,30.9010989010989,65.84615384615384,-6.021978021978022,30.89041095890411,-3.0815696716308594,-6.568031311035156,11.835823059082031,80.84689331054688,-9.12561321258545,5.658407211303711
010_roll,put the roll on the tray,9,1,174,8.466,1788423518.3306453,00008_front_put_the_roll_on_the_tray.png,00008_wrist_put_the_roll_on_the_tray.png,recap.png,50,11,209,210,-8.0,-0.21978021978021978,30.9010989010989,65.84615384615384,-6.021978021978022,30.89041095890411,-2.682994842529297,-7.0833740234375,11.539009094238281,81.16495513916016,-9.082040786743164,5.648990154266357
010_roll,put the roll on the tray,9,1,174,8.466,1788423518.3306453,00008_front_put_the_roll_on_the_tray.png,00008_wrist_put_the_roll_on_the_tray.png,recap.png,50,12,210,211,-8.0,-0.21978021978021978,30.9010989010989,65.84615384615384,-6.021978021978022,30.89041095890411,-2.560647964477539,-8.453498840332031,11.366310119628906,81.42881774902344,-9.138618469238281,5.617995738983154
010_roll,put the roll on the tray,9,1,174,8.466,1788423518.3306453,00008_front_put_the_roll_on_the_tray.png,00008_wrist_put_the_roll_on_the_tray.png,recap.png,50,13,211,212,-8.0,-0.21978021978021978,30.9010989010989,65.84615384615384,-6.021978021978022,30.89041095890411,-1.680929183959961,-9.134437561035156,11.646499633789062,81.47926330566406,-9.045495986938477,5.666772365570068
010_roll,put the roll on the tray,9,1,174,8.466,1788423518.3306453,00008_front_put_the_roll_on_the_tray.png,00008_wrist_put_the_roll_on_the_tray.png,recap.png,50,14,212,213,-8.0,-0.21978021978021978,30.9010989010989,65.84615384615384,-6.021978021978022,30.89041095890411,-1.6376609802246094,-10.394187927246094,11.815299987792969,81.67514038085938,-9.127338409423828,5.537190914154053
010_roll,put the roll on the tray,9,1,174,8.466,1788423518.3306453,00008_front_put_the_roll_on_the_tray.png,00008_wrist_put_the_roll_on_the_tray.png,recap.png,50,15,213,214,-8.0,-0.21978021978021978,30.9010989010989,65.84615384615384,-6.021978021978022,30.89041095890411,-1.0939865112304688,-11.496253967285156,11.462234497070312,82.15164947509766,-9.102603912353516,5.640937805175781
010_roll,put the roll on the tray,9,1,174,8.466,1788423518.3306453,00008_front_put_the_roll_on_the_tray.png,00008_wrist_put_the_roll_on_the_tray.png,recap.png,50,16,214,215,-8.0,-0.21978021978021978,30.9010989010989,65.84615384615384,-6.021978021978022,30.89041095890411,-0.4801826477050781,-12.2728271484375,11.448402404785156,82.4735107421875,-9.004836082458496,5.634522914886475
010_roll,put the roll on the tray,9,1,174,8.466,1788423518.3306453,00008_front_put_the_roll_on_the_tray.png,00008_wrist_put_the_roll_on_the_tray.png,recap.png,50,17,215,216,-8.0,-0.21978021978021978,30.9010989010989,65.84615384615384,-6.021978021978022,30.89041095890411,0.05677032470703125,-13.965560913085938,11.686416625976562,82.6182861328125,-9.10091781616211,5.628973007202148
010_roll,put the roll on the tray,9,1,174,8.466,1788423518.3306453,00008_front_put_the_roll_on_the_tray.png,00008_wrist_put_the_roll_on_the_tray.png,recap.png,50,18,216,217,-8.0,-0.21978021978021978,30.9010989010989,65.84615384615384,-6.021978021978022,30.89041095890411,0.7003707885742188,-14.406768798828125,11.358650207519531,82.77316284179688,-8.974874496459961,5.52348518371582
010_roll,put the roll on the tray,9,1,174,8.466,1788423518.3306453,00008_front_put_the_roll_on_the_tray.png,00008_wrist_put_the_roll_on_the_tray.png,recap.png,50,19,217,218,-8.0,-0.21978021978021978,30.9010989010989,65.84615384615384,-6.021978021978022,30.89041095890411,1.354583740234375,-15.424468994140625,11.439384460449219,82.95552062988281,-8.837285041809082,5.608813285827637
010_roll,put the roll on the tray,9,1,174,8.466,1788423518.3306453,00008_front_put_the_roll_on_the_tray.png,00008_wrist_put_the_roll_on_the_tray.png,recap.png,50,20,218,219,-8.0,-0.21978021978021978,30.9010989010989,65.84615384615384,-6.021978021978022,30.89041095890411,2.3911399841308594,-15.572708129882812,11.88653564453125,82.90868377685547,-8.785496711730957,5.533162593841553
010_roll,put the roll on the tray,9,1,174,8.466,1788423518.3306453,00008_front_put_the_roll_on_the_tray.png,00008_wrist_put_the_roll_on_the_tray.png,recap.png,50,21,219,220,-8.0,-0.21978021978021978,30.9010989010989,65.84615384615384,-6.021978021978022,30.89041095890411,3.132617950439453,-16.48827362060547,11.319198608398438,83.03096008300781,-8.481718063354492,5.4957804679870605
010_roll,put the roll on the tray,9,1,174,8.466,1788423518.3306453,00008_front_put_the_roll_on_the_tray.png,00008_wrist_put_the_roll_on_the_tray.png,recap.png,50,22,220,221,-8.0,-0.21978021978021978,30.9010989010989,65.84615384615384,-6.021978021978022,30.89041095890411,3.8265914916992188,-18.387466430664062,11.986473083496094,83.06922912597656,-8.49552059173584,5.4431681632995605
010_roll,put the roll on the tray,9,1,174,8.466,1788423518.3306453,00008_front_put_the_roll_on_the_tray.png,00008_wrist_put_the_roll_on_the_tray.png,recap.png,50,23,221,222,-8.0,-0.21978021978021978,30.9010989010989,65.84615384615384,-6.021978021978022,30.89041095890411,4.686256408691406,-18.803970336914062,12.333885192871094,83.07673645019531,-8.16703987121582,5.467537879943848
010_roll,put the roll on the tray,9,1,174,8.466,1788423518.3306453,00008_front_put_the_roll_on_the_tray.png,00008_wrist_put_the_roll_on_the_tray.png,recap.png,50,24,222,223,-8.0,-0.21978021978021978,30.9010989010989,65.84615384615384,-6.021978021978022,30.89041095890411,5.523387908935547,-19.136520385742188,11.279273986816406,83.13941955566406,-7.881879806518555,5.3985981941223145
010_roll,put the roll on the tray,9,1,174,8.466,1788423518.3306453,00008_front_put_the_roll_on_the_tray.png,00008_wrist_put_the_roll_on_the_tray.png,recap.png,50,25,223,224,-8.0,-0.21978021978021978,30.9010989010989,65.84615384615384,-6.021978021978022,30.89041095890411,6.31402587890625,-19.84979248046875,11.559135437011719,83.05156707763672,-7.712199687957764,5.339809894561768
010_roll,put the roll on the tray,10,1,197,9.302,1788423519.1651678,00009_front_put_the_roll_on_the_tray.png,00009_wrist_put_the_roll_on_the_tray.png,recap.png,50,0,224,225,-4.043956043956044,0.13186813186813187,9.714285714285714,84.74725274725274,-7.252747252747253,14.520547945205479,21.542884826660156,-14.77703857421875,-3.958911895751953,85.49059295654297,-7.615023136138916,7.227377414703369
010_roll,put the roll on the tray,10,1,197,9.302,1788423519.1651678,00009_front_put_the_roll_on_the_tray.png,00009_wrist_put_the_roll_on_the_tray.png,recap.png,50,1,225,226,-4.043956043956044,0.13186813186813187,9.714285714285714,84.74725274725274,-7.252747252747253,14.520547945205479,22.481399536132812,-14.658363342285156,-3.3768539428710938,85.55224609375,-7.736903190612793,7.433971405029297
010_roll,put the roll on the tray,10,1,197,9.302,1788423519.1651678,00009_front_put_the_roll_on_the_tray.png,00009_wrist_put_the_roll_on_the_tray.png,recap.png,50,2,226,227,-4.043956043956044,0.13186813186813187,9.714285714285714,84.74725274725274,-7.252747252747253,14.520547945205479,23.52344512939453,-13.564201354980469,-4.297550201416016,84.983642578125,-7.767800807952881,7.027539253234863
010_roll,put the roll on the tray,10,1,197,9.302,1788423519.1651678,00009_front_put_the_roll_on_the_tray.png,00009_wrist_put_the_roll_on_the_tray.png,recap.png,50,3,227,228,-4.043956043956044,0.13186813186813187,9.714285714285714,84.74725274725274,-7.252747252747253,14.520547945205479,24.099559783935547,-13.883918762207031,-4.787380218505859,84.58470153808594,-7.5840229988098145,7.24304723739624
010_roll,put the roll on the tray,10,1,197,9.302,1788423519.1651678,00009_front_put_the_roll_on_the_tray.png,00009_wrist_put_the_roll_on_the_tray.png,recap.png,50,4,228,229,-4.043956043956044,0.13186813186813187,9.714285714285714,84.74725274725274,-7.252747252747253,14.520547945205479,24.906776428222656,-14.272415161132812,-4.959873199462891,84.21267700195312,-7.594048023223877,7.413443565368652
010_roll,put the roll on the tray,10,1,197,9.302,1788423519.1651678,00009_front_put_the_roll_on_the_tray.png,00009_wrist_put_the_roll_on_the_tray.png,recap.png,50,5,229,230,-4.043956043956044,0.13186813186813187,9.714285714285714,84.74725274725274,-7.252747252747253,14.520547945205479,25.38595199584961,-13.618453979492188,-5.099071502685547,83.38172912597656,-7.757819175720215,6.919466495513916
010_roll,put the roll on the tray,10,1,197,9.302,1788423519.1651678,00009_front_put_the_roll_on_the_tray.png,00009_wrist_put_the_roll_on_the_tray.png,recap.png,50,6,230,231,-4.043956043956044,0.13186813186813187,9.714285714285714,84.74725274725274,-7.252747252747253,14.520547945205479,26.303489685058594,-12.956893920898438,-4.924449920654297,82.57649230957031,-7.514239311218262,7.174405097961426
010_roll,put the roll on the tray,10,1,197,9.302,1788423519.1651678,00009_front_put_the_roll_on_the_tray.png,00009_wrist_put_the_roll_on_the_tray.png,recap.png,50,7,231,232,-4.043956043956044,0.13186813186813187,9.714285714285714,84.74725274725274,-7.252747252747253,14.520547945205479,26.653156280517578,-12.785781860351562,-4.841754913330078,81.78770446777344,-7.578759670257568,6.913355827331543
010_roll,put the roll on the tray,10,1,197,9.302,1788423519.1651678,00009_front_put_the_roll_on_the_tray.png,00009_wrist_put_the_roll_on_the_tray.png,recap.png,50,8,232,233,-4.043956043956044,0.13186813186813187,9.714285714285714,84.74725274725274,-7.252747252747253,14.520547945205479,27.217609405517578,-11.527015686035156,-6.137977600097656,81.2719955444336,-7.4832539558410645,7.1754469871521
010_roll,put the roll on the tray,10,1,197,9.302,1788423519.1651678,00009_front_put_the_roll_on_the_tray.png,00009_wrist_put_the_roll_on_the_tray.png,recap.png,50,9,233,234,-4.043956043956044,0.13186813186813187,9.714285714285714,84.74725274725274,-7.252747252747253,14.520547945205479,27.829200744628906,-10.808700561523438,-5.783580780029297,80.6982650756836,-7.329071044921875,7.121983051300049
010_roll,put the roll on the tray,10,1,197,9.302,1788423519.1651678,00009_front_put_the_roll_on_the_tray.png,00009_wrist_put_the_roll_on_the_tray.png,recap.png,50,10,234,235,-4.043956043956044,0.13186813186813187,9.714285714285714,84.74725274725274,-7.252747252747253,14.520547945205479,28.128124237060547,-9.807563781738281,-7.636138916015625,80.46044921875,-7.288965225219727,7.20047664642334
010_roll,put the roll on the tray,10,1,197,9.302,1788423519.1651678,00009_front_put_the_roll_on_the_tray.png,00009_wrist_put_the_roll_on_the_tray.png,recap.png,50,11,235,236,-4.043956043956044,0.13186813186813187,9.714285714285714,84.74725274725274,-7.252747252747253,14.520547945205479,28.8074951171875,-7.6999359130859375,-7.947841644287109,80.30331420898438,-7.173638820648193,7.125316143035889
010_roll,put the roll on the tray,10,1,197,9.302,1788423519.1651678,00009_front_put_the_roll_on_the_tray.png,00009_wrist_put_the_roll_on_the_tray.png,recap.png,50,12,236,237,-4.043956043956044,0.13186813186813187,9.714285714285714,84.74725274725274,-7.252747252747253,14.520547945205479,28.947860717773438,-5.9206390380859375,-9.15689468383789,79.98713684082031,-7.108699321746826,7.145349979400635
010_roll,put the roll on the tray,10,1,197,9.302,1788423519.1651678,00009_front_put_the_roll_on_the_tray.png,00009_wrist_put_the_roll_on_the_tray.png,recap.png,50,13,237,238,-4.043956043956044,0.13186813186813187,9.714285714285714,84.74725274725274,-7.252747252747253,14.520547945205479,29.448177337646484,-4.365882873535156,-10.634567260742188,79.70144653320312,-6.985259532928467,6.95456075668335
010_roll,put the roll on the tray,10,1,197,9.302,1788423519.1651678,00009_front_put_the_roll_on_the_tray.png,00009_wrist_put_the_roll_on_the_tray.png,recap.png,50,14,238,239,-4.043956043956044,0.13186813186813187,9.714285714285714,84.74725274725274,-7.252747252747253,14.520547945205479,29.793243408203125,-2.0944366455078125,-12.179855346679688,79.67613983154297,-6.985019207000732,7.159658432006836
010_roll,put the roll on the tray,10,1,197,9.302,1788423519.1651678,00009_front_put_the_roll_on_the_tray.png,00009_wrist_put_the_roll_on_the_tray.png,recap.png,50,15,239,240,-4.043956043956044,0.13186813186813187,9.714285714285714,84.74725274725274,-7.252747252747253,14.520547945205479,29.97817611694336,0.18556976318359375,-12.46615982055664,79.49778747558594,-6.854852199554443,7.2647881507873535
010_roll,put the roll on the tray,10,1,197,9.302,1788423519.1651678,00009_front_put_the_roll_on_the_tray.png,00009_wrist_put_the_roll_on_the_tray.png,recap.png,50,16,240,241,-4.043956043956044,0.13186813186813187,9.714285714285714,84.74725274725274,-7.252747252747253,14.520547945205479,30.588214874267578,1.5874404907226562,-13.927692413330078,79.27555847167969,-6.820765018463135,6.916529655456543
010_roll,put the roll on the tray,10,1,197,9.302,1788423519.1651678,00009_front_put_the_roll_on_the_tray.png,00009_wrist_put_the_roll_on_the_tray.png,recap.png,50,17,241,242,-4.043956043956044,0.13186813186813187,9.714285714285714,84.74725274725274,-7.252747252747253,14.520547945205479,30.554115295410156,3.5094223022460938,-14.558162689208984,79.17716217041016,-6.775210380554199,7.009027481079102
010_roll,put the roll on the tray,10,1,197,9.302,1788423519.1651678,00009_front_put_the_roll_on_the_tray.png,00009_wrist_put_the_roll_on_the_tray.png,recap.png,50,18,242,243,-4.043956043956044,0.13186813186813187,9.714285714285714,84.74725274725274,-7.252747252747253,14.520547945205479,30.740821838378906,5.2115478515625,-15.89260482788086,79.2986831665039,-6.901087760925293,7.061050891876221
010_roll,put the roll on the tray,10,1,197,9.302,1788423519.1651678,00009_front_put_the_roll_on_the_tray.png,00009_wrist_put_the_roll_on_the_tray.png,recap.png,50,19,243,244,-4.043956043956044,0.13186813186813187,9.714285714285714,84.74725274725274,-7.252747252747253,14.520547945205479,30.817420959472656,6.6736602783203125,-17.411273956298828,79.26817321777344,-6.825704574584961,6.930789947509766
010_roll,put the roll on the tray,10,1,197,9.302,1788423519.1651678,00009_front_put_the_roll_on_the_tray.png,00009_wrist_put_the_roll_on_the_tray.png,recap.png,50,20,244,245,-4.043956043956044,0.13186813186813187,9.714285714285714,84.74725274725274,-7.252747252747253,14.520547945205479,31.104232788085938,8.181427001953125,-18.174850463867188,78.84402465820312,-6.717928886413574,7.080063343048096
010_roll,put the roll on the tray,10,1,197,9.302,1788423519.1651678,00009_front_put_the_roll_on_the_tray.png,00009_wrist_put_the_roll_on_the_tray.png,recap.png,50,21,245,246,-4.043956043956044,0.13186813186813187,9.714285714285714,84.74725274725274,-7.252747252747253,14.520547945205479,31.370285034179688,9.501304626464844,-18.787620544433594,79.03242492675781,-6.749228477478027,6.798271656036377
010_roll,put the roll on the tray,10,1,197,9.302,1788423519.1651678,00009_front_put_the_roll_on_the_tray.png,00009_wrist_put_the_roll_on_the_tray.png,recap.png,50,22,246,247,-4.043956043956044,0.13186813186813187,9.714285714285714,84.74725274725274,-7.252747252747253,14.520547945205479,31.12179946899414,11.087821960449219,-20.026348114013672,78.98190307617188,-6.685062408447266,7.009726047515869
010_roll,put the roll on the tray,11,1,223,10.339,1788423520.2026672,00010_front_put_the_roll_on_the_tray.png,00010_wrist_put_the_roll_on_the_tray.png,recap.png,50,0,247,248,3.5164835164835164,-13.23076923076923,15.692307692307692,82.81318681318682,-8.571428571428571,13.835616438356164,26.726947784423828,-5.9126129150390625,-4.920936584472656,76.57355499267578,-7.596113204956055,5.919180393218994
010_roll,put the roll on the tray,11,1,223,10.339,1788423520.2026672,00010_front_put_the_roll_on_the_tray.png,00010_wrist_put_the_roll_on_the_tray.png,recap.png,50,1,248,249,3.5164835164835164,-13.23076923076923,15.692307692307692,82.81318681318682,-8.571428571428571,13.835616438356164,26.972332000732422,-3.6106719970703125,-5.982879638671875,76.68704223632812,-7.583348751068115,5.8022541999816895
010_roll,put the roll on the tray,11,1,223,10.339,1788423520.2026672,00010_front_put_the_roll_on_the_tray.png,00010_wrist_put_the_roll_on_the_tray.png,recap.png,50,2,249,250,3.5164835164835164,-13.23076923076923,15.692307692307692,82.81318681318682,-8.571428571428571,13.835616438356164,27.125770568847656,-2.305755615234375,-7.330810546875,76.33797454833984,-7.408729553222656,5.822070598602295
010_roll,put the roll on the tray,11,1,223,10.339,1788423520.2026672,00010_front_put_the_roll_on_the_tray.png,00010_wrist_put_the_roll_on_the_tray.png,recap.png,50,3,250,251,3.5164835164835164,-13.23076923076923,15.692307692307692,82.81318681318682,-8.571428571428571,13.835616438356164,27.971817016601562,-0.12380218505859375,-8.011459350585938,76.31959533691406,-7.551692485809326,5.980382919311523
010_roll,put the roll on the tray,11,1,223,10.339,1788423520.2026672,00010_front_put_the_roll_on_the_tray.png,00010_wrist_put_the_roll_on_the_tray.png,recap.png,50,4,251,252,3.5164835164835164,-13.23076923076923,15.692307692307692,82.81318681318682,-8.571428571428571,13.835616438356164,28.08368682861328,1.3578643798828125,-10.020103454589844,76.38843536376953,-7.42264986038208,5.900815963745117
010_roll,put the roll on the tray,11,1,223,10.339,1788423520.2026672,00010_front_put_the_roll_on_the_tray.png,00010_wrist_put_the_roll_on_the_tray.png,recap.png,50,5,252,253,3.5164835164835164,-13.23076923076923,15.692307692307692,82.81318681318682,-8.571428571428571,13.835616438356164,28.625320434570312,2.552764892578125,-11.26888656616211,76.24195861816406,-7.437004089355469,5.813170909881592
010_roll,put the roll on the tray,11,1,223,10.339,1788423520.2026672,00010_front_put_the_roll_on_the_tray.png,00010_wrist_put_the_roll_on_the_tray.png,recap.png,50,6,253,254,3.5164835164835164,-13.23076923076923,15.692307692307692,82.81318681318682,-8.571428571428571,13.835616438356164,28.79566192626953,3.9379959106445312,-12.053138732910156,76.08607482910156,-7.369775772094727,5.765833377838135
010_roll,put the roll on the tray,11,1,223,10.339,1788423520.2026672,00010_front_put_the_roll_on_the_tray.png,00010_wrist_put_the_roll_on_the_tray.png,recap.png,50,7,254,255,3.5164835164835164,-13.23076923076923,15.692307692307692,82.81318681318682,-8.571428571428571,13.835616438356164,29.22486114501953,5.024078369140625,-14.28607177734375,75.98112487792969,-7.439120292663574,5.76809024810791
010_roll,put the roll on the tray,11,1,223,10.339,1788423520.2026672,00010_front_put_the_roll_on_the_tray.png,00010_wrist_put_the_roll_on_the_tray.png,recap.png,50,8,255,256,3.5164835164835164,-13.23076923076923,15.692307692307692,82.81318681318682,-8.571428571428571,13.835616438356164,28.985965728759766,7.110740661621094,-14.762588500976562,75.97974395751953,-7.368901252746582,5.786243438720703
010_roll,put the roll on the tray,11,1,223,10.339,1788423520.2026672,00010_front_put_the_roll_on_the_tray.png,00010_wrist_put_the_roll_on_the_tray.png,recap.png,50,9,256,257,3.5164835164835164,-13.23076923076923,15.692307692307692,82.81318681318682,-8.571428571428571,13.835616438356164,29.08867645263672,7.684906005859375,-16.221534729003906,75.64122772216797,-7.307555675506592,5.661430835723877
010_roll,put the roll on the tray,11,1,223,10.339,1788423520.2026672,00010_front_put_the_roll_on_the_tray.png,00010_wrist_put_the_roll_on_the_tray.png,recap.png,50,10,257,258,3.5164835164835164,-13.23076923076923,15.692307692307692,82.81318681318682,-8.571428571428571,13.835616438356164,29.41693115234375,9.036506652832031,-17.488250732421875,75.89495086669922,-7.351362705230713,5.981313705444336
010_roll,put the roll on the tray,11,1,223,10.339,1788423520.2026672,00010_front_put_the_roll_on_the_tray.png,00010_wrist_put_the_roll_on_the_tray.png,recap.png,50,11,258,259,3.5164835164835164,-13.23076923076923,15.692307692307692,82.81318681318682,-8.571428571428571,13.835616438356164,29.619064331054688,10.42437744140625,-17.756397247314453,75.57676696777344,-7.335335731506348,5.516761779785156
010_roll,put the roll on the tray,11,1,223,10.339,1788423520.2026672,00010_front_put_the_roll_on_the_tray.png,00010_wrist_put_the_roll_on_the_tray.png,recap.png,50,12,259,260,3.5164835164835164,-13.23076923076923,15.692307692307692,82.81318681318682,-8.571428571428571,13.835616438356164,29.8333740234375,11.250068664550781,-19.27846908569336,75.59778594970703,-7.581565856933594,5.401612758636475
010_roll,put the roll on the tray,11,1,223,10.339,1788423520.2026672,00010_front_put_the_roll_on_the_tray.png,00010_wrist_put_the_roll_on_the_tray.png,recap.png,50,13,260,261,3.5164835164835164,-13.23076923076923,15.692307692307692,82.81318681318682,-8.571428571428571,13.835616438356164,29.83511734008789,11.984519958496094,-19.347274780273438,75.70533752441406,-7.493494510650635,5.5893073081970215
010_roll,put the roll on the tray,11,1,223,10.339,1788423520.2026672,00010_front_put_the_roll_on_the_tray.png,00010_wrist_put_the_roll_on_the_tray.png,recap.png,50,14,261,262,3.5164835164835164,-13.23076923076923,15.692307692307692,82.81318681318682,-8.571428571428571,13.835616438356164,29.858440399169922,14.037803649902344,-21.46844482421875,75.98899841308594,-7.681595325469971,5.236924171447754
010_roll,put the roll on the tray,11,1,223,10.339,1788423520.2026672,00010_front_put_the_roll_on_the_tray.png,00010_wrist_put_the_roll_on_the_tray.png,recap.png,50,15,262,263,3.5164835164835164,-13.23076923076923,15.692307692307692,82.81318681318682,-8.571428571428571,13.835616438356164,29.838909149169922,14.001014709472656,-22.708786010742188,75.85819244384766,-7.959786415100098,5.563862323760986
010_roll,put the roll on the tray,11,1,223,10.339,1788423520.2026672,00010_front_put_the_roll_on_the_tray.png,00010_wrist_put_the_roll_on_the_tray.png,recap.png,50,16,263,264,3.5164835164835164,-13.23076923076923,15.692307692307692,82.81318681318682,-8.571428571428571,13.835616438356164,30.410667419433594,16.63934326171875,-23.04314422607422,75.89437103271484,-7.963958263397217,5.48333215713501
010_roll,put the roll on the tray,11,1,223,10.339,1788423520.2026672,00010_front_put_the_roll_on_the_tray.png,00010_wrist_put_the_roll_on_the_tray.png,recap.png,50,17,264,265,3.5164835164835164,-13.23076923076923,15.692307692307692,82.81318681318682,-8.571428571428571,13.835616438356164,30.080665588378906,17.386260986328125,-24.097774505615234,75.89754486083984,-8.052148818969727,5.590988636016846
010_roll,put the roll on the tray,11,1,223,10.339,1788423520.2026672,00010_front_put_the_roll_on_the_tray.png,00010_wrist_put_the_roll_on_the_tray.png,recap.png,50,18,265,266,3.5164835164835164,-13.23076923076923,15.692307692307692,82.81318681318682,-8.571428571428571,13.835616438356164,30.974430084228516,17.109458923339844,-25.768217086791992,76.0498046875,-8.109453201293945,5.452488422393799
010_roll,put the roll on the tray,11,1,223,10.339,1788423520.2026672,00010_front_put_the_roll_on_the_tray.png,00010_wrist_put_the_roll_on_the_tray.png,recap.png,50,19,266,267,3.5164835164835164,-13.23076923076923,15.692307692307692,82.81318681318682,-8.571428571428571,13.835616438356164,30.922760009765625,19.31555938720703,-25.724300384521484,75.9090576171875,-8.327430725097656,5.490084171295166
010_roll,put the roll on the tray,11,1,223,10.339,1788423520.2026672,00010_front_put_the_roll_on_the_tray.png,00010_wrist_put_the_roll_on_the_tray.png,recap.png,50,20,267,268,3.5164835164835164,-13.23076923076923,15.692307692307692,82.81318681318682,-8.571428571428571,13.835616438356164,31.32189178466797,20.16119384765625,-27.074216842651367,76.08834838867188,-8.308793067932129,5.41963005065918
010_roll,put the roll on the tray,11,1,223,10.339,1788423520.2026672,00010_front_put_the_roll_on_the_tray.png,00010_wrist_put_the_roll_on_the_tray.png,recap.png,50,21,268,269,3.5164835164835164,-13.23076923076923,15.692307692307692,82.81318681318682,-8.571428571428571,13.835616438356164,31.315994262695312,20.84130859375,-27.19356918334961,75.68409729003906,-8.508713722229004,5.384722709655762
010_roll,put the roll on the tray,11,1,223,10.339,1788423520.2026672,00010_front_put_the_roll_on_the_tray.png,00010_wrist_put_the_roll_on_the_tray.png,recap.png,50,22,269,270,3.5164835164835164,-13.23076923076923,15.692307692307692,82.81318681318682,-8.571428571428571,13.835616438356164,31.56259536743164,20.865249633789062,-27.024934768676758,76.12031555175781,-8.39306640625,5.531516075134277
010_roll,put the roll on the tray,11,1,223,10.339,1788423520.2026672,00010_front_put_the_roll_on_the_tray.png,00010_wrist_put_the_roll_on_the_tray.png,recap.png,50,23,270,271,3.5164835164835164,-13.23076923076923,15.692307692307692,82.81318681318682,-8.571428571428571,13.835616438356164,31.89144515991211,22.604812622070312,-27.5671443939209,75.98075866699219,-8.494544982910156,5.2210917472839355
010_roll,put the roll on the tray,11,1,223,10.339,1788423520.2026672,00010_front_put_the_roll_on_the_tray.png,00010_wrist_put_the_roll_on_the_tray.png,recap.png,50,24,271,272,3.5164835164835164,-13.23076923076923,15.692307692307692,82.81318681318682,-8.571428571428571,13.835616438356164,31.758464813232422,22.00213623046875,-28.298860549926758,75.79536437988281,-8.614712715148926,5.60650634765625
010_roll,put the roll on the tray,11,1,223,10.339,1788423520.2026672,00010_front_put_the_roll_on_the_tray.png,00010_wrist_put_the_roll_on_the_tray.png,recap.png,50,25,272,273,3.5164835164835164,-13.23076923076923,15.692307692307692,82.81318681318682,-8.571428571428571,13.835616438356164,31.74124526977539,22.20081329345703,-28.821226119995117,76.21607208251953,-8.547704696655273,5.503687858581543
010_roll,put the roll on the tray,12,1,246,11.176,1788423521.0378313,00011_front_put_the_roll_on_the_tray.png,00011_wrist_put_the_roll_on_the_tray.png,recap.png,50,0,273,274,29.53846153846154,9.098901098901099,-12.087912087912088,80.79120879120879,-7.252747252747253,13.767123287671232,35.15010452270508,22.81433868408203,-19.112064361572266,72.29412841796875,-8.185925483703613,26.727630615234375
010_roll,put the roll on the tray,12,1,246,11.176,1788423521.0378313,00011_front_put_the_roll_on_the_tray.png,00011_wrist_put_the_roll_on_the_tray.png,recap.png,50,1,274,275,29.53846153846154,9.098901098901099,-12.087912087912088,80.79120879120879,-7.252747252747253,13.767123287671232,35.34730911254883,23.575668334960938,-19.02109146118164,72.64862060546875,-8.413277626037598,28.094314575195312
010_roll,put the roll on the tray,12,1,246,11.176,1788423521.0378313,00011_front_put_the_roll_on_the_tray.png,00011_wrist_put_the_roll_on_the_tray.png,recap.png,50,2,275,276,29.53846153846154,9.098901098901099,-12.087912087912088,80.79120879120879,-7.252747252747253,13.767123287671232,35.383304595947266,23.709808349609375,-18.839656829833984,73.0030288696289,-8.416475296020508,28.998165130615234
010_roll,put the roll on the tray,12,1,246,11.176,1788423521.0378313,00011_front_put_the_roll_on_the_tray.png,00011_wrist_put_the_roll_on_the_tray.png,recap.png,50,3,276,277,29.53846153846154,9.098901098901099,-12.087912087912088,80.79120879120879,-7.252747252747253,13.767123287671232,35.376277923583984,23.54632568359375,-19.47768783569336,73.29899597167969,-8.494019508361816,29.347488403320312
010_roll,put the roll on the tray,12,1,246,11.176,1788423521.0378313,00011_front_put_the_roll_on_the_tray.png,00011_wrist_put_the_roll_on_the_tray.png,recap.png,50,4,277,278,29.53846153846154,9.098901098901099,-12.087912087912088,80.79120879120879,-7.252747252747253,13.767123287671232,35.20804977416992,24.08538818359375,-19.84665298461914,73.78154754638672,-8.445395469665527,29.60755157470703
010_roll,put the roll on the tray,12,1,246,11.176,1788423521.0378313,00011_front_put_the_roll_on_the_tray.png,00011_wrist_put_the_roll_on_the_tray.png,recap.png,50,5,278,279,29.53846153846154,9.098901098901099,-12.087912087912088,80.79120879120879,-7.252747252747253,13.767123287671232,35.5854606628418,23.816246032714844,-19.897052764892578,74.22222900390625,-8.60079574584961,29.652080535888672
010_roll,put the roll on the tray,12,1,246,11.176,1788423521.0378313,00011_front_put_the_roll_on_the_tray.png,00011_wrist_put_the_roll_on_the_tray.png,recap.png,50,6,279,280,29.53846153846154,9.098901098901099,-12.087912087912088,80.79120879120879,-7.252747252747253,13.767123287671232,35.05378341674805,24.154075622558594,-20.015159606933594,74.7421875,-8.546293258666992,30.00497817993164
010_roll,put the roll on the tray,12,1,246,11.176,1788423521.0378313,00011_front_put_the_roll_on_the_tray.png,00011_wrist_put_the_roll_on_the_tray.png,recap.png,50,7,280,281,29.53846153846154,9.098901098901099,-12.087912087912088,80.79120879120879,-7.252747252747253,13.767123287671232,35.095088958740234,24.214622497558594,-20.544132232666016,75.31632995605469,-8.542267799377441,30.400890350341797
010_roll,put the roll on the tray,12,1,246,11.176,1788423521.0378313,00011_front_put_the_roll_on_the_tray.png,00011_wrist_put_the_roll_on_the_tray.png,recap.png,50,8,281,282,29.53846153846154,9.098901098901099,-12.087912087912088,80.79120879120879,-7.252747252747253,13.767123287671232,34.95383834838867,24.25530242919922,-21.47870635986328,75.92547607421875,-8.478337287902832,30.958168029785156
010_roll,put the roll on the tray,12,1,246,11.176,1788423521.0378313,00011_front_put_the_roll_on_the_tray.png,00011_wrist_put_the_roll_on_the_tray.png,recap.png,50,9,282,283,29.53846153846154,9.098901098901099,-12.087912087912088,80.79120879120879,-7.252747252747253,13.767123287671232,34.95357131958008,24.080780029296875,-21.64999771118164,76.38421630859375,-8.475704193115234,31.278432846069336
010_roll,put the roll on the tray,12,1,246,11.176,1788423521.0378313,00011_front_put_the_roll_on_the_tray.png,00011_wrist_put_the_roll_on_the_tray.png,recap.png,50,10,283,284,29.53846153846154,9.098901098901099,-12.087912087912088,80.79120879120879,-7.252747252747253,13.767123287671232,34.752315521240234,24.02135467529297,-22.226795196533203,77.01675415039062,-8.507112503051758,31.612520217895508
010_roll,put the roll on the tray,12,1,246,11.176,1788423521.0378313,00011_front_put_the_roll_on_the_tray.png,00011_wrist_put_the_roll_on_the_tray.png,recap.png,50,11,284,285,29.53846153846154,9.098901098901099,-12.087912087912088,80.79120879120879,-7.252747252747253,13.767123287671232,34.70417404174805,23.670501708984375,-22.471294403076172,77.60285949707031,-8.468127250671387,31.688018798828125
010_roll,put the roll on the tray,12,1,246,11.176,1788423521.0378313,00011_front_put_the_roll_on_the_tray.png,00011_wrist_put_the_roll_on_the_tray.png,recap.png,50,12,285,286,29.53846153846154,9.098901098901099,-12.087912087912088,80.79120879120879,-7.252747252747253,13.767123287671232,34.40036392211914,23.636436462402344,-23.324623107910156,78.59490203857422,-8.421262741088867,31.789466857910156
010_roll,put the roll on the tray,12,1,246,11.176,1788423521.0378313,00011_front_put_the_roll_on_the_tray.png,00011_wrist_put_the_roll_on_the_tray.png,recap.png,50,13,286,287,29.53846153846154,9.098901098901099,-12.087912087912088,80.79120879120879,-7.252747252747253,13.767123287671232,34.023014068603516,23.55333709716797,-24.597238540649414,79.65499877929688,-8.350912094116211,31.880096435546875
010_roll,put the roll on the tray,12,1,246,11.176,1788423521.0378313,00011_front_put_the_roll_on_the_tray.png,00011_wrist_put_the_roll_on_the_tray.png,recap.png,50,14,287,288,29.53846153846154,9.098901098901099,-12.087912087912088,80.79120879120879,-7.252747252747253,13.767123287671232,33.28715896606445,22.76921844482422,-25.714420318603516,80.94807434082031,-8.29734992980957,31.851877212524414
010_roll,put the roll on the tray,12,1,246,11.176,1788423521.0378313,00011_front_put_the_roll_on_the_tray.png,00011_wrist_put_the_roll_on_the_tray.png,recap.png,50,15,288,289,29.53846153846154,9.098901098901099,-12.087912087912088,80.79120879120879,-7.252747252747253,13.767123287671232,32.72116470336914,22.16938018798828,-26.36946678161621,82.58778381347656,-8.147503852844238,31.83892059326172
010_roll,put the roll on the tray,12,1,246,11.176,1788423521.0378313,00011_front_put_the_roll_on_the_tray.png,00011_wrist_put_the_roll_on_the_tray.png,recap.png,50,16,289,290,29.53846153846154,9.098901098901099,-12.087912087912088,80.79120879120879,-7.252747252747253,13.767123287671232,31.952442169189453,21.92577362060547,-27.280193328857422,84.30540466308594,-7.838788986206055,31.9442195892334
010_roll,put the roll on the tray,12,1,246,11.176,1788423521.0378313,00011_front_put_the_roll_on_the_tray.png,00011_wrist_put_the_roll_on_the_tray.png,recap.png,50,17,290,291,29.53846153846154,9.098901098901099,-12.087912087912088,80.79120879120879,-7.252747252747253,13.767123287671232,31.04529571533203,21.047164916992188,-28.84922981262207,85.85511779785156,-7.5784831047058105,32.04167556762695
010_roll,put the roll on the tray,12,1,246,11.176,1788423521.0378313,00011_front_put_the_roll_on_the_tray.png,00011_wrist_put_the_roll_on_the_tray.png,recap.png,50,18,291,292,29.53846153846154,9.098901098901099,-12.087912087912088,80.79120879120879,-7.252747252747253,13.767123287671232,30.034320831298828,19.76366424560547,-29.654829025268555,87.37686157226562,-7.349493980407715,31.9613037109375
010_roll,put the roll on the tray,12,1,246,11.176,1788423521.0378313,00011_front_put_the_roll_on_the_tray.png,00011_wrist_put_the_roll_on_the_tray.png,recap.png,50,19,292,293,29.53846153846154,9.098901098901099,-12.087912087912088,80.79120879120879,-7.252747252747253,13.767123287671232,29.356964111328125,19.2979736328125,-29.73670768737793,88.68888854980469,-7.143951416015625,32.02021408081055
010_roll,put the roll on the tray,12,1,246,11.176,1788423521.0378313,00011_front_put_the_roll_on_the_tray.png,00011_wrist_put_the_roll_on_the_tray.png,recap.png,50,20,293,294,29.53846153846154,9.098901098901099,-12.087912087912088,80.79120879120879,-7.252747252747253,13.767123287671232,28.30135726928711,18.324310302734375,-29.91348648071289,89.78709411621094,-6.928145408630371,32.077423095703125
010_roll,put the roll on the tray,12,1,246,11.176,1788423521.0378313,00011_front_put_the_roll_on_the_tray.png,00011_wrist_put_the_roll_on_the_tray.png,recap.png,50,21,294,295,29.53846153846154,9.098901098901099,-12.087912087912088,80.79120879120879,-7.252747252747253,13.767123287671232,27.185813903808594,16.617164611816406,-29.288585662841797,90.77737426757812,-6.684963226318359,32.03520202636719
010_roll,put the roll on the tray,12,1,246,11.176,1788423521.0378313,00011_front_put_the_roll_on_the_tray.png,00011_wrist_put_the_roll_on_the_tray.png,recap.png,50,22,295,296,29.53846153846154,9.098901098901099,-12.087912087912088,80.79120879120879,-7.252747252747253,13.767123287671232,26.44134521484375,15.471153259277344,-29.6181640625,91.91291046142578,-6.491427898406982,31.864910125732422
010_roll,put the roll on the tray,13,1,272,12.213,1788423522.0817633,00012_front_put_the_roll_on_the_tray.png,00012_wrist_put_the_roll_on_the_tray.png,recap.png,50,0,296,297,30.153846153846153,23.692307692307693,-22.373626373626372,77.01098901098901,-7.78021978021978,13.767123287671232,31.27783966064453,29.25592803955078,-33.40379333496094,81.64248657226562,-7.964704990386963,30.732973098754883
010_roll,put the roll on the tray,13,1,272,12.213,1788423522.0817633,00012_front_put_the_roll_on_the_tray.png,00012_wrist_put_the_roll_on_the_tray.png,recap.png,50,1,297,298,30.153846153846153,23.692307692307693,-22.373626373626372,77.01098901098901,-7.78021978021978,13.767123287671232,31.09654998779297,29.12572479248047,-33.499847412109375,82.81739807128906,-8.060700416564941,30.803741455078125
010_roll,put the roll on the tray,13,1,272,12.213,1788423522.0817633,00012_front_put_the_roll_on_the_tray.png,00012_wrist_put_the_roll_on_the_tray.png,recap.png,50,2,298,299,30.153846153846153,23.692307692307693,-22.373626373626372,77.01098901098901,-7.78021978021978,13.767123287671232,30.572330474853516,29.285301208496094,-34.94602966308594,83.89204406738281,-7.905999660491943,30.79188346862793
010_roll,put the roll on the tray,13,1,272,12.213,1788423522.0817633,00012_front_put_the_roll_on_the_tray.png,00012_wrist_put_the_roll_on_the_tray.png,recap.png,50,3,299,300,30.153846153846153,23.692307692307693,-22.373626373626372,77.01098901098901,-7.78021978021978,13.767123287671232,30.37779998779297,28.44892120361328,-35.8067626953125,85.26873779296875,-7.920073986053467,30.787134170532227
010_roll,put the roll on the tray,13,1,272,12.213,1788423522.0817633,00012_front_put_the_roll_on_the_tray.png,00012_wrist_put_the_roll_on_the_tray.png,recap.png,50,4,300,301,30.153846153846153,23.692307692307693,-22.373626373626372,77.01098901098901,-7.78021978021978,13.767123287671232,30.334339141845703,27.83916473388672,-36.887474060058594,86.56967163085938,-7.952083110809326,30.85325050354004
010_roll,put the roll on the tray,13,1,272,12.213,1788423522.0817633,00012_front_put_the_roll_on_the_tray.png,00012_wrist_put_the_roll_on_the_tray.png,recap.png,50,5,301,302,30.153846153846153,23.692307692307693,-22.373626373626372,77.01098901098901,-7.78021978021978,13.767123287671232,29.737079620361328,27.77715301513672,-37.510528564453125,88.30614471435547,-7.709395408630371,30.795808792114258
010_roll,put the roll on the tray,13,1,272,12.213,1788423522.0817633,00012_front_put_the_roll_on_the_tray.png,00012_wrist_put_the_roll_on_the_tray.png,recap.png,50,6,302,303,30.153846153846153,23.692307692307693,-22.373626373626372,77.01098901098901,-7.78021978021978,13.767123287671232,29.540538787841797,27.59709930419922,-38.21443557739258,89.50880432128906,-7.703099727630615,30.791746139526367
010_roll,put the roll on the tray,13,1,272,12.213,1788423522.0817633,00012_front_put_the_roll_on_the_tray.png,00012_wrist_put_the_roll_on_the_tray.png,recap.png,50,7,303,304,30.153846153846153,23.692307692307693,-22.373626373626372,77.01098901098901,-7.78021978021978,13.767123287671232,28.77926254272461,26.93927764892578,-38.822853088378906,90.7669677734375,-7.468447208404541,30.87688446044922
010_roll,put the roll on the tray,13,1,272,12.213,1788423522.0817633,00012_front_put_the_roll_on_the_tray.png,00012_wrist_put_the_roll_on_the_tray.png,recap.png,50,8,304,305,30.153846153846153,23.692307692307693,-22.373626373626372,77.01098901098901,-7.78021978021978,13.767123287671232,28.393463134765625,26.352073669433594,-38.53594207763672,92.32027435302734,-7.3364481925964355,30.975326538085938
010_roll,put the roll on the tray,13,1,272,12.213,1788423522.0817633,00012_front_put_the_roll_on_the_tray.png,00012_wrist_put_the_roll_on_the_tray.png,recap.png,50,9,305,306,30.153846153846153,23.692307692307693,-22.373626373626372,77.01098901098901,-7.78021978021978,13.767123287671232,27.52920150756836,24.070892333984375,-39.42686462402344,93.23333740234375,-7.181599140167236,31.04586410522461
010_roll,put the roll on the tray,13,1,272,12.213,1788423522.0817633,00012_front_put_the_roll_on_the_tray.png,00012_wrist_put_the_roll_on_the_tray.png,recap.png,50,10,306,307,30.153846153846153,23.692307692307693,-22.373626373626372,77.01098901098901,-7.78021978021978,13.767123287671232,26.7947998046875,23.205795288085938,-39.034454345703125,94.40589141845703,-6.945110321044922,31.085338592529297
010_roll,put the roll on the tray,13,1,272,12.213,1788423522.0817633,00012_front_put_the_roll_on_the_tray.png,00012_wrist_put_the_roll_on_the_tray.png,recap.png,50,11,307,308,30.153846153846153,23.692307692307693,-22.373626373626372,77.01098901098901,-7.78021978021978,13.767123287671232,26.157238006591797,21.534828186035156,-38.035179138183594,95.43891143798828,-6.769481182098389,31.06636619567871
010_roll,put the roll on the tray,13,1,272,12.213,1788423522.0817633,00012_front_put_the_roll_on_the_tray.png,00012_wrist_put_the_roll_on_the_tray.png,recap.png,50,12,308,309,30.153846153846153,23.692307692307693,-22.373626373626372,77.01098901098901,-7.78021978021978,13.767123287671232,25.148284912109375,19.23090362548828,-37.59651184082031,96.20286560058594,-6.615172863006592,31.121095657348633
010_roll,put the roll on the tray,13,1,272,12.213,1788423522.0817633,00012_front_put_the_roll_on_the_tray.png,00012_wrist_put_the_roll_on_the_tray.png,recap.png,50,13,309,310,30.153846153846153,23.692307692307693,-22.373626373626372,77.01098901098901,-7.78021978021978,13.767123287671232,24.549625396728516,18.0701904296875,-36.563743591308594,96.9355239868164,-6.4520158767700195,31.13416862487793
010_roll,put the roll on the tray,13,1,272,12.213,1788423522.0817633,00012_front_put_the_roll_on_the_tray.png,00012_wrist_put_the_roll_on_the_tray.png,recap.png,50,14,310,311,30.153846153846153,23.692307692307693,-22.373626373626372,77.01098901098901,-7.78021978021978,13.767123287671232,23.76940155029297,15.650535583496094,-35.735870361328125,97.31097412109375,-6.398430347442627,31.272018432617188
010_roll,put the roll on the tray,13,1,272,12.213,1788423522.0817633,00012_front_put_the_roll_on_the_tray.png,00012_wrist_put_the_roll_on_the_tray.png,recap.png,50,15,311,312,30.153846153846153,23.692307692307693,-22.373626373626372,77.01098901098901,-7.78021978021978,13.767123287671232,22.642040252685547,13.461074829101562,-33.77247619628906,97.78750610351562,-6.169292449951172,31.293466567993164
010_roll,put the roll on the tray,13,1,272,12.213,1788423522.0817633,00012_front_put_the_roll_on_the_tray.png,00012_wrist_put_the_roll_on_the_tray.png,recap.png,50,16,312,313,30.153846153846153,23.692307692307693,-22.373626373626372,77.01098901098901,-7.78021978021978,13.767123287671232,22.152950286865234,11.038963317871094,-32.9500732421875,97.6982421875,-5.9938578605651855,30.9323673248291
010_roll,put the roll on the tray,13,1,272,12.213,1788423522.0817633,00012_front_put_the_roll_on_the_tray.png,00012_wrist_put_the_roll_on_the_tray.png,recap.png,50,17,313,314,30.153846153846153,23.692307692307693,-22.373626373626372,77.01098901098901,-7.78021978021978,13.767123287671232,20.998363494873047,9.010848999023438,-31.08600616455078,97.89852905273438,-5.651828289031982,30.022268295288086
010_roll,put the roll on the tray,13,1,272,12.213,1788423522.0817633,00012_front_put_the_roll_on_the_tray.png,00012_wrist_put_the_roll_on_the_tray.png,recap.png,50,18,314,315,30.153846153846153,23.692307692307693,-22.373626373626372,77.01098901098901,-7.78021978021978,13.767123287671232,20.575809478759766,6.698692321777344,-29.486358642578125,97.363525390625,-5.265292644500732,27.675128936767578
010_roll,put the roll on the tray,13,1,272,12.213,1788423522.0817633,00012_front_put_the_roll_on_the_tray.png,00012_wrist_put_the_roll_on_the_tray.png,recap.png,50,19,315,316,30.153846153846153,23.692307692307693,-22.373626373626372,77.01098901098901,-7.78021978021978,13.767123287671232,19.84429931640625,5.064491271972656,-27.748205184936523,97.01750183105469,-4.962462902069092,23.83733367919922
010_roll,put the roll on the tray,13,1,272,12.213,1788423522.0817633,00012_front_put_the_roll_on_the_tray.png,00012_wrist_put_the_roll_on_the_tray.png,recap.png,50,20,316,317,30.153846153846153,23.692307692307693,-22.373626373626372,77.01098901098901,-7.78021978021978,13.767123287671232,19.096866607666016,3.500885009765625,-25.598661422729492,96.40849304199219,-4.514739990234375,19.094791412353516
010_roll,put the roll on the tray,13,1,272,12.213,1788423522.0817633,00012_front_put_the_roll_on_the_tray.png,00012_wrist_put_the_roll_on_the_tray.png,recap.png,50,21,317,318,30.153846153846153,23.692307692307693,-22.373626373626372,77.01098901098901,-7.78021978021978,13.767123287671232,18.393234252929688,1.5094375610351562,-23.532901763916016,95.72572326660156,-4.231430530548096,14.709223747253418
010_roll,put the roll on the tray,13,1,272,12.213,1788423522.0817633,00012_front_put_the_roll_on_the_tray.png,00012_wrist_put_the_roll_on_the_tray.png,recap.png,50,22,318,319,30.153846153846153,23.692307692307693,-22.373626373626372,77.01098901098901,-7.78021978021978,13.767123287671232,18.039875030517578,0.3462371826171875,-22.29077911376953,95.23992919921875,-4.039560317993164,10.326888084411621
010_roll,put the roll on the tray,13,1,272,12.213,1788423522.0817633,00012_front_put_the_roll_on_the_tray.png,00012_wrist_put_the_roll_on_the_tray.png,recap.png,50,23,319,320,30.153846153846153,23.692307692307693,-22.373626373626372,77.01098901098901,-7.78021978021978,13.767123287671232,17.452159881591797,-2.1462631225585938,-20.74874496459961,94.72660064697266,-3.655092239379883,6.34520149230957
010_roll,put the roll on the tray,13,1,272,12.213,1788423522.0817633,00012_front_put_the_roll_on_the_tray.png,00012_wrist_put_the_roll_on_the_tray.png,recap.png,50,24,320,321,30.153846153846153,23.692307692307693,-22.373626373626372,77.01098901098901,-7.78021978021978,13.767123287671232,16.81269073486328,-3.7387466430664062,-18.698360443115234,94.26628112792969,-3.574862480163574,3.693087339401245
010_roll,put the roll on the tray,13,1,272,12.213,1788423522.0817633,00012_front_put_the_roll_on_the_tray.png,00012_wrist_put_the_roll_on_the_tray.png,recap.png,50,25,321,322,30.153846153846153,23.692307692307693,-22.373626373626372,77.01098901098901,-7.78021978021978,13.767123287671232,15.896808624267578,-6.1632080078125,-16.88190460205078,94.01406860351562,-3.4598560333251953,1.988887071609497
010_roll,put the roll on the tray,14,1,295,13.049,1788423522.9148073,00013_front_put_the_roll_on_the_tray.png,00013_wrist_put_the_roll_on_the_tray.png,recap.png,50,0,322,323,29.89010989010989,22.46153846153846,-27.12087912087912,88.08791208791209,-7.604395604395604,31.71232876712329,4.587574005126953,-40.38075637817383,16.069488525390625,86.01692962646484,-3.2326278686523438,-0.724697470664978
010_roll,put the roll on the tray,14,1,295,13.049,1788423522.9148073,00013_front_put_the_roll_on_the_tray.png,00013_wrist_put_the_roll_on_the_tray.png,recap.png,50,1,323,324,29.89010989010989,22.46153846153846,-27.12087912087912,88.08791208791209,-7.604395604395604,31.71232876712329,3.794910430908203,-42.50798797607422,17.852127075195312,85.16484832763672,-2.815518379211426,-0.7475547790527344
010_roll,put the roll on the tray,14,1,295,13.049,1788423522.9148073,00013_front_put_the_roll_on_the_tray.png,00013_wrist_put_the_roll_on_the_tray.png,recap.png,50,2,324,325,29.89010989010989,22.46153846153846,-27.12087912087912,88.08791208791209,-7.604395604395604,31.71232876712329,3.464862823486328,-44.51162338256836,20.128463745117188,84.28495025634766,-2.774333953857422,-0.9036452174186707
010_roll,put the roll on the tray,14,1,295,13.049,1788423522.9148073,00013_front_put_the_roll_on_the_tray.png,00013_wrist_put_the_roll_on_the_tray.png,recap.png,50,3,325,326,29.89010989010989,22.46153846153846,-27.12087912087912,88.08791208791209,-7.604395604395604,31.71232876712329,3.3977584838867188,-46.100990295410156,21.73827362060547,83.4339370727539,-2.6179351806640625,-0.9545324444770813
010_roll,put the roll on the tray,14,1,295,13.049,1788423522.9148073,00013_front_put_the_roll_on_the_tray.png,00013_wrist_put_the_roll_on_the_tray.png,recap.png,50,4,326,327,29.89010989010989,22.46153846153846,-27.12087912087912,88.08791208791209,-7.604395604395604,31.71232876712329,3.1432762145996094,-47.3377685546875,23.740859985351562,82.53012084960938,-2.693242073059082,-1.071094274520874
010_roll,put the roll on the tray,14,1,295,13.049,1788423522.9148073,00013_front_put_the_roll_on_the_tray.png,00013_wrist_put_the_roll_on_the_tray.png,recap.png,50,5,327,328,29.89010989010989,22.46153846153846,-27.12087912087912,88.08791208791209,-7.604395604395604,31.71232876712329,2.8236961364746094,-49.77223205566406,26.540428161621094,81.56240844726562,-2.5642385482788086,-1.426616907119751
010_roll,put the roll on the tray,14,1,295,13.049,1788423522.9148073,00013_front_put_the_roll_on_the_tray.png,00013_wrist_put_the_roll_on_the_tray.png,recap.png,50,6,328,329,29.89010989010989,22.46153846153846,-27.12087912087912,88.08791208791209,-7.604395604395604,31.71232876712329,2.1919174194335938,-51.506019592285156,28.35968780517578,80.62443542480469,-2.606827735900879,-1.364194631576538
010_roll,put the roll on the tray,14,1,295,13.049,1788423522.9148073,00013_front_put_the_roll_on_the_tray.png,00013_wrist_put_the_roll_on_the_tray.png,recap.png,50,7,329,330,29.89010989010989,22.46153846153846,-27.12087912087912,88.08791208791209,-7.604395604395604,31.71232876712329,1.6530952453613281,-53.109500885009766,30.653884887695312,79.74695587158203,-2.57401180267334,-1.449000358581543
010_roll,put the roll on the tray,14,1,295,13.049,1788423522.9148073,00013_front_put_the_roll_on_the_tray.png,00013_wrist_put_the_roll_on_the_tray.png,recap.png,50,8,330,331,29.89010989010989,22.46153846153846,-27.12087912087912,88.08791208791209,-7.604395604395604,31.71232876712329,1.1005706787109375,-55.007938385009766,32.13592529296875,78.62675476074219,-2.4571094512939453,-1.3718931674957275
010_roll,put the roll on the tray,14,1,295,13.049,1788423522.9148073,00013_front_put_the_roll_on_the_tray.png,00013_wrist_put_the_roll_on_the_tray.png,recap.png,50,9,331,332,29.89010989010989,22.46153846153846,-27.12087912087912,88.08791208791209,-7.604395604395604,31.71232876712329,0.5939254760742188,-55.91379165649414,34.30242919921875,78.16315460205078,-2.5451793670654297,-1.3381106853485107
010_roll,put the roll on the tray,14,1,295,13.049,1788423522.9148073,00013_front_put_the_roll_on_the_tray.png,00013_wrist_put_the_roll_on_the_tray.png,recap.png,50,10,332,333,29.89010989010989,22.46153846153846,-27.12087912087912,88.08791208791209,-7.604395604395604,31.71232876712329,0.12274169921875,-58.38301467895508,36.32659912109375,77.41590881347656,-2.4333581924438477,-1.2481682300567627
010_roll,put the roll on the tray,14,1,295,13.049,1788423522.9148073,00013_front_put_the_roll_on_the_tray.png,00013_wrist_put_the_roll_on_the_tray.png,recap.png,50,11,333,334,29.89010989010989,22.46153846153846,-27.12087912087912,88.08791208791209,-7.604395604395604,31.71232876712329,-0.4784812927246094,-59.822139739990234,38.148223876953125,76.68455505371094,-2.536226272583008,-1.1492764949798584
010_roll,put the roll on the tray,14,1,295,13.049,1788423522.9148073,00013_front_put_the_roll_on_the_tray.png,00013_wrist_put_the_roll_on_the_tray.png,recap.png,50,12,334,335,29.89010989010989,22.46153846153846,-27.12087912087912,88.08791208791209,-7.604395604395604,31.71232876712329,-0.8915023803710938,-61.41482925415039,40.78681182861328,76.22613525390625,-2.43878173828125,-1.2673633098602295
010_roll,put the roll on the tray,14,1,295,13.049,1788423522.9148073,00013_front_put_the_roll_on_the_tray.png,00013_wrist_put_the_roll_on_the_tray.png,recap.png,50,13,335,336,29.89010989010989,22.46153846153846,-27.12087912087912,88.08791208791209,-7.604395604395604,31.71232876712329,-1.3155689239501953,-63.051177978515625,42.05725860595703,75.51790618896484,-2.5058116912841797,-1.4006261825561523
010_roll,put the roll on the tray,14,1,295,13.049,1788423522.9148073,00013_front_put_the_roll_on_the_tray.png,00013_wrist_put_the_roll_on_the_tray.png,recap.png,50,14,336,337,29.89010989010989,22.46153846153846,-27.12087912087912,88.08791208791209,-7.604395604395604,31.71232876712329,-1.5111827850341797,-64.83204650878906,44.81775665283203,75.44380187988281,-2.550381660461426,-1.3147625923156738
010_roll,put the roll on the tray,14,1,295,13.049,1788423522.9148073,00013_front_put_the_roll_on_the_tray.png,00013_wrist_put_the_roll_on_the_tray.png,recap.png,50,15,337,338,29.89010989010989,22.46153846153846,-27.12087912087912,88.08791208791209,-7.604395604395604,31.71232876712329,-1.835836410522461,-66.16331481933594,45.47100067138672,74.80850982666016,-2.5012645721435547,-1.2263710498809814
010_roll,put the roll on the tray,14,1,295,13.049,1788423522.9148073,00013_front_put_the_roll_on_the_tray.png,00013_wrist_put_the_roll_on_the_tray.png,recap.png,50,16,338,339,29.89010989010989,22.46153846153846,-27.12087912087912,88.08791208791209,-7.604395604395604,31.71232876712329,-2.4561939239501953,-67.99577331542969,47.592071533203125,74.048828125,-2.3885908126831055,-1.404522180557251
010_roll,put the roll on the tray,14,1,295,13.049,1788423522.9148073,00013_front_put_the_roll_on_the_tray.png,00013_wrist_put_the_roll_on_the_tray.png,recap.png,50,17,339,340,29.89010989010989,22.46153846153846,-27.12087912087912,88.08791208791209,-7.604395604395604,31.71232876712329,-2.568235397338867,-70.15695190429688,49.87004852294922,73.86420440673828,-2.445751190185547,-1.270770788192749
010_roll,put the roll on the tray,14,1,295,13.049,1788423522.9148073,00013_front_put_the_roll_on_the_tray.png,00013_wrist_put_the_roll_on_the_tray.png,recap.png,50,18,340,341,29.89010989010989,22.46153846153846,-27.12087912087912,88.08791208791209,-7.604395604395604,31.71232876712329,-2.8628005981445312,-71.26483154296875,50.66961669921875,73.31098175048828,-2.484546661376953,-1.2478454113006592
010_roll,put the roll on the tray,14,1,295,13.049,1788423522.9148073,00013_front_put_the_roll_on_the_tray.png,00013_wrist_put_the_roll_on_the_tray.png,recap.png,50,19,341,342,29.89010989010989,22.46153846153846,-27.12087912087912,88.08791208791209,-7.604395604395604,31.71232876712329,-2.9870986938476562,-72.37931823730469,51.83849334716797,72.88398742675781,-2.5084304809570312,-1.4801254272460938
010_roll,put the roll on the tray,14,1,295,13.049,1788423522.9148073,00013_front_put_the_roll_on_the_tray.png,00013_wrist_put_the_roll_on_the_tray.png,recap.png,50,20,342,343,29.89010989010989,22.46153846153846,-27.12087912087912,88.08791208791209,-7.604395604395604,31.71232876712329,-3.2105789184570312,-74.67558288574219,53.26007080078125,72.36219024658203,-2.3078184127807617,-1.2264602184295654
010_roll,put the roll on the tray,14,1,295,13.049,1788423522.9148073,00013_front_put_the_roll_on_the_tray.png,00013_wrist_put_the_roll_on_the_tray.png,recap.png,50,21,343,344,29.89010989010989,22.46153846153846,-27.12087912087912,88.08791208791209,-7.604395604395604,31.71232876712329,-4.033145904541016,-76.90324401855469,55.68013000488281,71.9942855834961,-2.1371612548828125,-1.1398191452026367
010_roll,put the roll on the tray,14,1,295,13.049,1788423522.9148073,00013_front_put_the_roll_on_the_tray.png,00013_wrist_put_the_roll_on_the_tray.png,recap.png,50,22,344,345,29.89010989010989,22.46153846153846,-27.12087912087912,88.08791208791209,-7.604395604395604,31.71232876712329,-4.187524795532227,-78.17427062988281,57.887489318847656,72.18653869628906,-2.1165390014648438,-1.034836769104004
010_roll,put the roll on the tray,15,1,321,14.119,1788423523.9835656,00014_front_put_the_roll_on_the_tray.png,00014_wrist_put_the_roll_on_the_tray.png,recap.png,50,0,345,346,18.197802197802197,3.2967032967032965,-21.934065934065934,95.64835164835165,-4.263736263736264,14.246575342465754,-0.4621543884277344,-54.9942626953125,40.043113708496094,76.99665069580078,-1.6747932434082031,0.45157936215400696
010_roll,put the roll on the tray,15,1,321,14.119,1788423523.9835656,00014_front_put_the_roll_on_the_tray.png,00014_wrist_put_the_roll_on_the_tray.png,recap.png,50,1,346,347,18.197802197802197,3.2967032967032965,-21.934065934065934,95.64835164835165,-4.263736263736264,14.246575342465754,-0.5424785614013672,-56.756874084472656,41.29558563232422,76.65438842773438,-1.6951913833618164,0.41315633058547974
010_roll,put the roll on the tray,15,1,321,14.119,1788423523.9835656,00014_front_put_the_roll_on_the_tray.png,00014_wrist_put_the_roll_on_the_tray.png,recap.png,50,2,347,348,18.197802197802197,3.2967032967032965,-21.934065934065934,95.64835164835165,-4.263736263736264,14.246575342465754,-0.7262935638427734,-58.11857986450195,43.426300048828125,76.37923431396484,-1.7420377731323242,0.504132091999054
010_roll,put the roll on the tray,15,1,321,14.119,1788423523.9835656,00014_front_put_the_roll_on_the_tray.png,00014_wrist_put_the_roll_on_the_tray.png,recap.png,50,3,348,349,18.197802197802197,3.2967032967032965,-21.934065934065934,95.64835164835165,-4.263736263736264,14.246575342465754,-0.9081134796142578,-59.242767333984375,44.5098876953125,76.03903198242188,-1.698878288269043,0.5038505792617798
010_roll,put the roll on the tray,15,1,321,14.119,1788423523.9835656,00014_front_put_the_roll_on_the_tray.png,00014_wrist_put_the_roll_on_the_tray.png,recap.png,50,4,349,350,18.197802197802197,3.2967032967032965,-21.934065934065934,95.64835164835165,-4.263736263736264,14.246575342465754,-0.9801654815673828,-60.80173873901367,46.19544219970703,75.6290283203125,-1.7238798141479492,0.3992571234703064
010_roll,put the roll on the tray,15,1,321,14.119,1788423523.9835656,00014_front_put_the_roll_on_the_tray.png,00014_wrist_put_the_roll_on_the_tray.png,recap.png,50,5,350,351,18.197802197802197,3.2967032967032965,-21.934065934065934,95.64835164835165,-4.263736263736264,14.246575342465754,-1.4632568359375,-61.84235763549805,48.08232879638672,75.27144622802734,-1.687551498413086,0.3354892432689667
010_roll,put the roll on the tray,15,1,321,14.119,1788423523.9835656,00014_front_put_the_roll_on_the_tray.png,00014_wrist_put_the_roll_on_the_tray.png,recap.png,50,6,351,352,18.197802197802197,3.2967032967032965,-21.934065934065934,95.64835164835165,-4.263736263736264,14.246575342465754,-1.9537010192871094,-63.559532165527344,50.27311706542969,74.76654815673828,-1.7654991149902344,0.22685112059116364
010_roll,put the roll on the tray,15,1,321,14.119,1788423523.9835656,00014_front_put_the_roll_on_the_tray.png,00014_wrist_put_the_roll_on_the_tray.png,recap.png,50,7,352,353,18.197802197802197,3.2967032967032965,-21.934065934065934,95.64835164835165,-4.263736263736264,14.246575342465754,-2.374338150024414,-64.89199829101562,51.70081329345703,74.31721496582031,-1.7345218658447266,0.3572164475917816
010_roll,put the roll on the tray,15,1,321,14.119,1788423523.9835656,00014_front_put_the_roll_on_the_tray.png,00014_wrist_put_the_roll_on_the_tray.png,recap.png,50,8,353,354,18.197802197802197,3.2967032967032965,-21.934065934065934,95.64835164835165,-4.263736263736264,14.246575342465754,-2.636629104614258,-66.16827392578125,53.286277770996094,73.86836242675781,-1.7160234451293945,0.3345014452934265
010_roll,put the roll on the tray,15,1,321,14.119,1788423523.9835656,00014_front_put_the_roll_on_the_tray.png,00014_wrist_put_the_roll_on_the_tray.png,recap.png,50,9,354,355,18.197802197802197,3.2967032967032965,-21.934065934065934,95.64835164835165,-4.263736263736264,14.246575342465754,-3.1734657287597656,-67.05448913574219,54.852622985839844,73.14740753173828,-1.8091888427734375,0.2897607982158661
010_roll,put the roll on the tray,15,1,321,14.119,1788423523.9835656,00014_front_put_the_roll_on_the_tray.png,00014_wrist_put_the_roll_on_the_tray.png,recap.png,50,10,355,356,18.197802197802197,3.2967032967032965,-21.934065934065934,95.64835164835165,-4.263736263736264,14.246575342465754,-3.389812469482422,-68.73214721679688,57.094093322753906,72.44454193115234,-1.8049907684326172,0.22453990578651428
010_roll,put the roll on the tray,15,1,321,14.119,1788423523.9835656,00014_front_put_the_roll_on_the_tray.png,00014_wrist_put_the_roll_on_the_tray.png,recap.png,50,11,356,357,18.197802197802197,3.2967032967032965,-21.934065934065934,95.64835164835165,-4.263736263736264,14.246575342465754,-3.7890586853027344,-69.99441528320312,58.82823181152344,71.55784606933594,-1.720036506652832,0.31899839639663696
010_roll,put the roll on the tray,15,1,321,14.119,1788423523.9835656,00014_front_put_the_roll_on_the_tray.png,00014_wrist_put_the_roll_on_the_tray.png,recap.png,50,12,357,358,18.197802197802197,3.2967032967032965,-21.934065934065934,95.64835164835165,-4.263736263736264,14.246575342465754,-4.149824142456055,-71.70537567138672,60.405540466308594,70.64170837402344,-1.7708854675292969,0.19175046682357788
010_roll,put the roll on the tray,15,1,321,14.119,1788423523.9835656,00014_front_put_the_roll_on_the_tray.png,00014_wrist_put_the_roll_on_the_tray.png,recap.png,50,13,358,359,18.197802197802197,3.2967032967032965,-21.934065934065934,95.64835164835165,-4.263736263736264,14.246575342465754,-4.301706314086914,-73.04043579101562,61.882164001464844,69.7292251586914,-1.7005300521850586,0.2457551509141922
010_roll,put the roll on the tray,15,1,321,14.119,1788423523.9835656,00014_front_put_the_roll_on_the_tray.png,00014_wrist_put_the_roll_on_the_tray.png,recap.png,50,14,359,360,18.197802197802197,3.2967032967032965,-21.934065934065934,95.64835164835165,-4.263736263736264,14.246575342465754,-4.763980865478516,-73.95359802246094,63.323936462402344,68.56082916259766,-1.8489618301391602,0.1717885583639145
010_roll,put the roll on the tray,15,1,321,14.119,1788423523.9835656,00014_front_put_the_roll_on_the_tray.png,00014_wrist_put_the_roll_on_the_tray.png,recap.png,50,15,360,361,18.197802197802197,3.2967032967032965,-21.934065934065934,95.64835164835165,-4.263736263736264,14.246575342465754,-4.728473663330078,-75.81034851074219,65.34220123291016,67.72854614257812,-1.8569059371948242,0.2775939404964447
010_roll,put the roll on the tray,15,1,321,14.119,1788423523.9835656,00014_front_put_the_roll_on_the_tray.png,00014_wrist_put_the_roll_on_the_tray.png,recap.png,50,16,361,362,18.197802197802197,3.2967032967032965,-21.934065934065934,95.64835164835165,-4.263736263736264,14.246575342465754,-5.030828475952148,-78.159912109375,66.60295104980469,66.84508514404297,-1.8606233596801758,0.1868571788072586
010_roll,put the roll on the tray,15,1,321,14.119,1788423523.9835656,00014_front_put_the_roll_on_the_tray.png,00014_wrist_put_the_roll_on_the_tray.png,recap.png,50,17,362,363,18.197802197802197,3.2967032967032965,-21.934065934065934,95.64835164835165,-4.263736263736264,14.246575342465754,-5.185750961303711,-79.11773681640625,67.8594970703125,66.57499694824219,-1.9525070190429688,0.3342210650444031
010_roll,put the roll on the tray,15,1,321,14.119,1788423523.9835656,00014_front_put_the_roll_on_the_tray.png,00014_wrist_put_the_roll_on_the_tray.png,recap.png,50,18,363,364,18.197802197802197,3.2967032967032965,-21.934065934065934,95.64835164835165,-4.263736263736264,14.246575342465754,-5.025056838989258,-81.2195053100586,69.41331481933594,66.10992431640625,-1.8711824417114258,0.26296716928482056
010_roll,put the roll on the tray,15,1,321,14.119,1788423523.9835656,00014_front_put_the_roll_on_the_tray.png,00014_wrist_put_the_roll_on_the_tray.png,recap.png,50,19,364,365,18.197802197802197,3.2967032967032965,-21.934065934065934,95.64835164835165,-4.263736263736264,14.246575342465754,-4.97698974609375,-82.64212036132812,70.10145568847656,65.81476593017578,-1.8824291229248047,0.26769691705703735
010_roll,put the roll on the tray,15,1,321,14.119,1788423523.9835656,00014_front_put_the_roll_on_the_tray.png,00014_wrist_put_the_roll_on_the_tray.png,recap.png,50,20,365,366,18.197802197802197,3.2967032967032965,-21.934065934065934,95.64835164835165,-4.263736263736264,14.246575342465754,-5.130283355712891,-84.62810516357422,71.7452163696289,65.70523071289062,-1.8769912719726562,0.2758191227912903
010_roll,put the roll on the tray,15,1,321,14.119,1788423523.9835656,00014_front_put_the_roll_on_the_tray.png,00014_wrist_put_the_roll_on_the_tray.png,recap.png,50,21,366,367,18.197802197802197,3.2967032967032965,-21.934065934065934,95.64835164835165,-4.263736263736264,14.246575342465754,-5.081056594848633,-85.94527435302734,72.47064208984375,66.13214111328125,-1.8906307220458984,0.2621302008628845
010_roll,put the roll on the tray,15,1,321,14.119,1788423523.9835656,00014_front_put_the_roll_on_the_tray.png,00014_wrist_put_the_roll_on_the_tray.png,recap.png,50,22,367,368,18.197802197802197,3.2967032967032965,-21.934065934065934,95.64835164835165,-4.263736263736264,14.246575342465754,-4.804679870605469,-88.04144287109375,73.34455871582031,66.51789855957031,-1.8254804611206055,0.33158373832702637
010_roll,put the roll on the tray,15,1,321,14.119,1788423523.9835656,00014_front_put_the_roll_on_the_tray.png,00014_wrist_put_the_roll_on_the_tray.png,recap.png,50,23,368,369,18.197802197802197,3.2967032967032965,-21.934065934065934,95.64835164835165,-4.263736263736264,14.246575342465754,-4.838542938232422,-90.53426361083984,74.19851684570312,66.97513580322266,-1.721846580505371,0.2757362723350525
010_roll,put the roll on the tray,15,1,321,14.119,1788423523.9835656,00014_front_put_the_roll_on_the_tray.png,00014_wrist_put_the_roll_on_the_tray.png,recap.png,50,24,369,370,18.197802197802197,3.2967032967032965,-21.934065934065934,95.64835164835165,-4.263736263736264,14.246575342465754,-4.67741584777832,-92.15593719482422,74.9796142578125,67.37019348144531,-1.7642402648925781,0.43923619389533997
010_roll,put the roll on the tray,15,1,321,14.119,1788423523.9835656,00014_front_put_the_roll_on_the_tray.png,00014_wrist_put_the_roll_on_the_tray.png,recap.png,50,25,370,371,18.197802197802197,3.2967032967032965,-21.934065934065934,95.64835164835165,-4.263736263736264,14.246575342465754,-4.58747673034668,-94.31277465820312,76.21089172363281,67.49720764160156,-1.6254596710205078,0.5024591684341431
010_roll,put the roll on the tray,16,1,344,14.989,1788423524.8519506,00015_front_put_the_roll_on_the_tray.png,00015_wrist_put_the_roll_on_the_tray.png,recap.png,50,0,371,372,-2.901098901098901,-71.78021978021978,52.43956043956044,73.75824175824175,-2.769230769230769,0.3424657534246575,-3.6013240814208984,-100.5156021118164,85.96995544433594,78.09085083007812,-2.9266300201416016,0.2509734630584717
010_roll,put the roll on the tray,16,1,344,14.989,1788423524.8519506,00015_front_put_the_roll_on_the_tray.png,00015_wrist_put_the_roll_on_the_tray.png,recap.png,50,1,372,373,-2.901098901098901,-71.78021978021978,52.43956043956044,73.75824175824175,-2.769230769230769,0.3424657534246575,-3.473562240600586,-100.3132553100586,86.064208984375,78.27818298339844,-2.960383415222168,0.26669740676879883
010_roll,put the roll on the tray,16,1,344,14.989,1788423524.8519506,00015_front_put_the_roll_on_the_tray.png,00015_wrist_put_the_roll_on_the_tray.png,recap.png,50,2,373,374,-2.901098901098901,-71.78021978021978,52.43956043956044,73.75824175824175,-2.769230769230769,0.3424657534246575,-3.149118423461914,-100.61034393310547,86.16682434082031,78.14382934570312,-2.761167526245117,0.17905361950397491
010_roll,put the roll on the tray,16,1,344,14.989,1788423524.8519506,00015_front_put_the_roll_on_the_tray.png,00015_wrist_put_the_roll_on_the_tray.png,recap.png,50,3,374,375,-2.901098901098901,-71.78021978021978,52.43956043956044,73.75824175824175,-2.769230769230769,0.3424657534246575,-2.9366626739501953,-100.6681137084961,86.64979553222656,78.2641372680664,-2.81894588470459,0.19995765388011932
010_roll,put the roll on the tray,16,1,344,14.989,1788423524.8519506,00015_front_put_the_roll_on_the_tray.png,00015_wrist_put_the_roll_on_the_tray.png,recap.png,50,4,375,376,-2.901098901098901,-71.78021978021978,52.43956043956044,73.75824175824175,-2.769230769230769,0.3424657534246575,-2.485637664794922,-100.0521240234375,86.49417114257812,78.29739379882812,-2.8493566513061523,0.15675710141658783
010_roll,put the roll on the tray,16,1,344,14.989,1788423524.8519506,00015_front_put_the_roll_on_the_tray.png,00015_wrist_put_the_roll_on_the_tray.png,recap.png,50,5,376,377,-2.901098901098901,-71.78021978021978,52.43956043956044,73.75824175824175,-2.769230769230769,0.3424657534246575,-2.4206066131591797,-100.1728286743164,86.83984375,78.4471664428711,-2.780756950378418,0.31146568059921265
010_roll,put the roll on the tray,16,1,344,14.989,1788423524.8519506,00015_front_put_the_roll_on_the_tray.png,00015_wrist_put_the_roll_on_the_tray.png,recap.png,50,6,377,378,-2.901098901098901,-71.78021978021978,52.43956043956044,73.75824175824175,-2.769230769230769,0.3424657534246575,-2.130096435546875,-100.33099365234375,86.7730712890625,78.43119812011719,-2.6924781799316406,0.08248887211084366
010_roll,put the roll on the tray,16,1,344,14.989,1788423524.8519506,00015_front_put_the_roll_on_the_tray.png,00015_wrist_put_the_roll_on_the_tray.png,recap.png,50,7,378,379,-2.901098901098901,-71.78021978021978,52.43956043956044,73.75824175824175,-2.769230769230769,0.3424657534246575,-2.0686168670654297,-99.92872619628906,86.91838073730469,78.22268676757812,-2.5641212463378906,0.17697924375534058
010_roll,put the roll on the tray,16,1,344,14.989,1788423524.8519506,00015_front_put_the_roll_on_the_tray.png,00015_wrist_put_the_roll_on_the_tray.png,recap.png,50,8,379,380,-2.901098901098901,-71.78021978021978,52.43956043956044,73.75824175824175,-2.769230769230769,0.3424657534246575,-1.9288902282714844,-100.50653076171875,88.29763793945312,78.40106201171875,-2.2854881286621094,0.04106316715478897
010_roll,put the roll on the tray,16,1,344,14.989,1788423524.8519506,00015_front_put_the_roll_on_the_tray.png,00015_wrist_put_the_roll_on_the_tray.png,recap.png,50,9,380,381,-2.901098901098901,-71.78021978021978,52.43956043956044,73.75824175824175,-2.769230769230769,0.3424657534246575,-1.8369636535644531,-100.59532165527344,88.06588745117188,78.51445770263672,-2.306364059448242,0.1518404483795166
010_roll,put the roll on the tray,16,1,344,14.989,1788423524.8519506,00015_front_put_the_roll_on_the_tray.png,00015_wrist_put_the_roll_on_the_tray.png,recap.png,50,10,381,382,-2.901098901098901,-71.78021978021978,52.43956043956044,73.75824175824175,-2.769230769230769,0.3424657534246575,-1.7003173828125,-100.39229583740234,88.09707641601562,78.63133239746094,-2.232860565185547,0.15721914172172546
010_roll,put the roll on the tray,16,1,344,14.989,1788423524.8519506,00015_front_put_the_roll_on_the_tray.png,00015_wrist_put_the_roll_on_the_tray.png,recap.png,50,11,382,383,-2.901098901098901,-71.78021978021978,52.43956043956044,73.75824175824175,-2.769230769230769,0.3424657534246575,-1.5562629699707031,-100.763427734375,88.43521118164062,78.57192993164062,-2.2226181030273438,0.1194450780749321
010_roll,put the roll on the tray,16,1,344,14.989,1788423524.8519506,00015_front_put_the_roll_on_the_tray.png,00015_wrist_put_the_roll_on_the_tray.png,recap.png,50,12,383,384,-2.901098901098901,-71.78021978021978,52.43956043956044,73.75824175824175,-2.769230769230769,0.3424657534246575,-1.4467124938964844,-101.01403045654297,88.49409484863281,78.48051452636719,-2.0898218154907227,0.2961113452911377
010_roll,put the roll on the tray,16,1,344,14.989,1788423524.8519506,00015_front_put_the_roll_on_the_tray.png,00015_wrist_put_the_roll_on_the_tray.png,recap.png,50,13,384,385,-2.901098901098901,-71.78021978021978,52.43956043956044,73.75824175824175,-2.769230769230769,0.3424657534246575,-1.3549041748046875,-100.9275131225586,88.88896179199219,78.55683898925781,-2.0182666778564453,0.17456713318824768
010_roll,put the roll on the tray,16,1,344,14.989,1788423524.8519506,00015_front_put_the_roll_on_the_tray.png,00015_wrist_put_the_roll_on_the_tray.png,recap.png,50,14,385,386,-2.901098901098901,-71.78021978021978,52.43956043956044,73.75824175824175,-2.769230769230769,0.3424657534246575,-1.4346275329589844,-101.08411407470703,89.50254821777344,78.57034301757812,-2.0297203063964844,-0.018790721893310547
010_roll,put the roll on the tray,16,1,344,14.989,1788423524.8519506,00015_front_put_the_roll_on_the_tray.png,00015_wrist_put_the_roll_on_the_tray.png,recap.png,50,15,386,387,-2.901098901098901,-71.78021978021978,52.43956043956044,73.75824175824175,-2.769230769230769,0.3424657534246575,-1.2565746307373047,-100.56285858154297,88.97966003417969,78.64696502685547,-2.0475196838378906,0.1283755749464035
010_roll,put the roll on the tray,16,1,344,14.989,1788423524.8519506,00015_front_put_the_roll_on_the_tray.png,00015_wrist_put_the_roll_on_the_tray.png,recap.png,50,16,387,388,-2.901098901098901,-71.78021978021978,52.43956043956044,73.75824175824175,-2.769230769230769,0.3424657534246575,-1.1510581970214844,-100.68339538574219,88.98358154296875,78.73875427246094,-1.9404964447021484,0.05982061102986336
010_roll,put the roll on the tray,16,1,344,14.989,1788423524.8519506,00015_front_put_the_roll_on_the_tray.png,00015_wrist_put_the_roll_on_the_tray.png,recap.png,50,17,388,389,-2.901098901098901,-71.78021978021978,52.43956043956044,73.75824175824175,-2.769230769230769,0.3424657534246575,-1.025472640991211,-100.6792984008789,89.02033996582031,78.84751892089844,-1.9088783264160156,0.23032008111476898
010_roll,put the roll on the tray,16,1,344,14.989,1788423524.8519506,00015_front_put_the_roll_on_the_tray.png,00015_wrist_put_the_roll_on_the_tray.png,recap.png,50,18,389,390,-2.901098901098901,-71.78021978021978,52.43956043956044,73.75824175824175,-2.769230769230769,0.3424657534246575,-1.2225608825683594,-100.5651626586914,88.83930969238281,78.92396545410156,-2.007941246032715,0.13940168917179108
010_roll,put the roll on the tray,16,1,344,14.989,1788423524.8519506,00015_front_put_the_roll_on_the_tray.png,00015_wrist_put_the_roll_on_the_tray.png,recap.png,50,19,390,391,-2.901098901098901,-71.78021978021978,52.43956043956044,73.75824175824175,-2.769230769230769,0.3424657534246575,-1.0435447692871094,-100.64928436279297,88.71969604492188,78.9959945678711,-1.9155387878417969,0.1539519876241684
010_roll,put the roll on the tray,16,1,344,14.989,1788423524.8519506,00015_front_put_the_roll_on_the_tray.png,00015_wrist_put_the_roll_on_the_tray.png,recap.png,50,20,391,392,-2.901098901098901,-71.78021978021978,52.43956043956044,73.75824175824175,-2.769230769230769,0.3424657534246575,-1.1093769073486328,-100.83653259277344,89.13856506347656,78.93391418457031,-1.9290094375610352,0.10322827845811844
010_roll,put the roll on the tray,16,1,344,14.989,1788423524.8519506,00015_front_put_the_roll_on_the_tray.png,00015_wrist_put_the_roll_on_the_tray.png,recap.png,50,21,392,393,-2.901098901098901,-71.78021978021978,52.43956043956044,73.75824175824175,-2.769230769230769,0.3424657534246575,-0.8813705444335938,-101.32640838623047,89.39102172851562,79.07472229003906,-1.7932701110839844,0.07345428317785263
010_roll,put the roll on the tray,16,1,344,14.989,1788423524.8519506,00015_front_put_the_roll_on_the_tray.png,00015_wrist_put_the_roll_on_the_tray.png,recap.png,50,22,393,394,-2.901098901098901,-71.78021978021978,52.43956043956044,73.75824175824175,-2.769230769230769,0.3424657534246575,-0.8971366882324219,-101.27994537353516,89.17030334472656,78.9913101196289,-1.8012304306030273,0.19301973283290863
010_roll,put the roll on the tray,17,1,370,16.094,1788423525.9692585,00016_front_put_the_roll_on_the_tray.png,00016_wrist_put_the_roll_on_the_tray.png,recap.png,50,0,394,395,-4.65934065934066,-87.78021978021978,74.15384615384616,67.07692307692308,-2.065934065934066,0.410958904109589,-4.126882553100586,-102.35152435302734,88.66696166992188,77.87173461914062,-1.442922592163086,0.2914974093437195
010_roll,put the roll on the tray,17,1,370,16.094,1788423525.9692585,00016_front_put_the_roll_on_the_tray.png,00016_wrist_put_the_roll_on_the_tray.png,recap.png,50,1,395,396,-4.65934065934066,-87.78021978021978,74.15384615384616,67.07692307692308,-2.065934065934066,0.410958904109589,-4.393257141113281,-101.81561279296875,88.50468444824219,78.16996002197266,-1.5168466567993164,0.22144800424575806
010_roll,put the roll on the tray,17,1,370,16.094,1788423525.9692585,00016_front_put_the_roll_on_the_tray.png,00016_wrist_put_the_roll_on_the_tray.png,recap.png,50,2,396,397,-4.65934065934066,-87.78021978021978,74.15384615384616,67.07692307692308,-2.065934065934066,0.410958904109589,-4.178138732910156,-102.0108413696289,88.31192016601562,78.2876968383789,-1.4548683166503906,0.23447199165821075
010_roll,put the roll on the tray,17,1,370,16.094,1788423525.9692585,00016_front_put_the_roll_on_the_tray.png,00016_wrist_put_the_roll_on_the_tray.png,recap.png,50,3,397,398,-4.65934065934066,-87.78021978021978,74.15384615384616,67.07692307692308,-2.065934065934066,0.410958904109589,-4.26158332824707,-101.80640411376953,88.64265441894531,78.30384826660156,-1.441523551940918,0.19755509495735168
010_roll,put the roll on the tray,17,1,370,16.094,1788423525.9692585,00016_front_put_the_roll_on_the_tray.png,00016_wrist_put_the_roll_on_the_tray.png,recap.png,50,4,398,399,-4.65934065934066,-87.78021978021978,74.15384615384616,67.07692307692308,-2.065934065934066,0.410958904109589,-4.041872024536133,-101.7613296508789,88.59698486328125,78.40446472167969,-1.4552936553955078,0.3649435341358185
010_roll,put the roll on the tray,17,1,370,16.094,1788423525.9692585,00016_front_put_the_roll_on_the_tray.png,00016_wrist_put_the_roll_on_the_tray.png,recap.png,50,5,399,400,-4.65934065934066,-87.78021978021978,74.15384615384616,67.07692307692308,-2.065934065934066,0.410958904109589,-4.0592498779296875,-102.20585632324219,88.68388366699219,78.1889419555664,-1.4031410217285156,0.16706520318984985
010_roll,put the roll on the tray,17,1,370,16.094,1788423525.9692585,00016_front_put_the_roll_on_the_tray.png,00016_wrist_put_the_roll_on_the_tray.png,recap.png,50,6,400,401,-4.65934065934066,-87.78021978021978,74.15384615384616,67.07692307692308,-2.065934065934066,0.410958904109589,-4.168987274169922,-101.97540283203125,88.63156127929688,78.1685791015625,-1.3585929870605469,0.15737846493721008
010_roll,put the roll on the tray,17,1,370,16.094,1788423525.9692585,00016_front_put_the_roll_on_the_tray.png,00016_wrist_put_the_roll_on_the_tray.png,recap.png,50,7,401,402,-4.65934065934066,-87.78021978021978,74.15384615384616,67.07692307692308,-2.065934065934066,0.410958904109589,-3.9780311584472656,-102.15299224853516,88.53495788574219,78.00878143310547,-1.2864112854003906,0.22570505738258362
010_roll,put the roll on the tray,17,1,370,16.094,1788423525.9692585,00016_front_put_the_roll_on_the_tray.png,00016_wrist_put_the_roll_on_the_tray.png,recap.png,50,8,402,403,-4.65934065934066,-87.78021978021978,74.15384615384616,67.07692307692308,-2.065934065934066,0.410958904109589,-3.898283004760742,-101.5797348022461,88.87109375,77.90412902832031,-1.2684478759765625,0.14300553500652313
010_roll,put the roll on the tray,17,1,370,16.094,1788423525.9692585,00016_front_put_the_roll_on_the_tray.png,00016_wrist_put_the_roll_on_the_tray.png,recap.png,50,9,403,404,-4.65934065934066,-87.78021978021978,74.15384615384616,67.07692307692308,-2.065934065934066,0.410958904109589,-3.9427719116210938,-101.6802978515625,89.25445556640625,77.81130981445312,-1.3102083206176758,0.08185795694589615
010_roll,put the roll on the tray,17,1,370,16.094,1788423525.9692585,00016_front_put_the_roll_on_the_tray.png,00016_wrist_put_the_roll_on_the_tray.png,recap.png,50,10,404,405,-4.65934065934066,-87.78021978021978,74.15384615384616,67.07692307692308,-2.065934065934066,0.410958904109589,-3.9296703338623047,-101.16883850097656,88.98040771484375,77.82935333251953,-1.2241973876953125,0.2545868754386902
010_roll,put the roll on the tray,17,1,370,16.094,1788423525.9692585,00016_front_put_the_roll_on_the_tray.png,00016_wrist_put_the_roll_on_the_tray.png,recap.png,50,11,405,406,-4.65934065934066,-87.78021978021978,74.15384615384616,67.07692307692308,-2.065934065934066,0.410958904109589,-3.8189563751220703,-101.83367156982422,89.0792236328125,77.7640151977539,-1.1329517364501953,0.12784238159656525
010_roll,put the roll on the tray,17,1,370,16.094,1788423525.9692585,00016_front_put_the_roll_on_the_tray.png,00016_wrist_put_the_roll_on_the_tray.png,recap.png,50,12,406,407,-4.65934065934066,-87.78021978021978,74.15384615384616,67.07692307692308,-2.065934065934066,0.410958904109589,-3.7024765014648438,-101.68645477294922,89.12350463867188,77.68791198730469,-1.1427011489868164,0.22421912848949432
010_roll,put the roll on the tray,17,1,370,16.094,1788423525.9692585,00016_front_put_the_roll_on_the_tray.png,00016_wrist_put_the_roll_on_the_tray.png,recap.png,50,13,407,408,-4.65934065934066,-87.78021978021978,74.15384615384616,67.07692307692308,-2.065934065934066,0.410958904109589,-3.8551712036132812,-101.64057159423828,89.0914306640625,77.82814025878906,-1.0231103897094727,0.18650880455970764
010_roll,put the roll on the tray,17,1,370,16.094,1788423525.9692585,00016_front_put_the_roll_on_the_tray.png,00016_wrist_put_the_roll_on_the_tray.png,recap.png,50,14,408,409,-4.65934065934066,-87.78021978021978,74.15384615384616,67.07692307692308,-2.065934065934066,0.410958904109589,-3.844514846801758,-101.77426147460938,89.26544189453125,77.72721862792969,-0.9676237106323242,0.08603218197822571
010_roll,put the roll on the tray,17,1,370,16.094,1788423525.9692585,00016_front_put_the_roll_on_the_tray.png,00016_wrist_put_the_roll_on_the_tray.png,recap.png,50,15,409,410,-4.65934065934066,-87.78021978021978,74.15384615384616,67.07692307692308,-2.065934065934066,0.410958904109589,-3.783428192138672,-101.65026092529297,88.96347045898438,77.7462158203125,-0.9865903854370117,0.1899968683719635
010_roll,put the roll on the tray,17,1,370,16.094,1788423525.9692585,00016_front_put_the_roll_on_the_tray.png,00016_wrist_put_the_roll_on_the_tray.png,recap.png,50,16,410,411,-4.65934065934066,-87.78021978021978,74.15384615384616,67.07692307692308,-2.065934065934066,0.410958904109589,-3.830087661743164,-101.75897979736328,89.64161682128906,77.79486083984375,-0.9238138198852539,0.13344943523406982
010_roll,put the roll on the tray,17,1,370,16.094,1788423525.9692585,00016_front_put_the_roll_on_the_tray.png,00016_wrist_put_the_roll_on_the_tray.png,recap.png,50,17,411,412,-4.65934065934066,-87.78021978021978,74.15384615384616,67.07692307692308,-2.065934065934066,0.410958904109589,-3.8504409790039062,-101.19459533691406,89.34352111816406,77.68112182617188,-0.8599090576171875,0.09138325601816177
010_roll,put the roll on the tray,17,1,370,16.094,1788423525.9692585,00016_front_put_the_roll_on_the_tray.png,00016_wrist_put_the_roll_on_the_tray.png,recap.png,50,18,412,413,-4.65934065934066,-87.78021978021978,74.15384615384616,67.07692307692308,-2.065934065934066,0.410958904109589,-3.756784439086914,-101.36481475830078,89.22618103027344,77.72417449951172,-0.763554573059082,0.060001175850629807
010_roll,put the roll on the tray,17,1,370,16.094,1788423525.9692585,00016_front_put_the_roll_on_the_tray.png,00016_wrist_put_the_roll_on_the_tray.png,recap.png,50,19,413,414,-4.65934065934066,-87.78021978021978,74.15384615384616,67.07692307692308,-2.065934065934066,0.410958904109589,-3.7032299041748047,-101.7179946899414,89.3927001953125,77.90755462646484,-0.7180252075195312,0.1525849997997284
010_roll,put the roll on the tray,17,1,370,16.094,1788423525.9692585,00016_front_put_the_roll_on_the_tray.png,00016_wrist_put_the_roll_on_the_tray.png,recap.png,50,20,414,415,-4.65934065934066,-87.78021978021978,74.15384615384616,67.07692307692308,-2.065934065934066,0.410958904109589,-3.6380386352539062,-101.29377746582031,89.23947143554688,77.87327575683594,-0.7685384750366211,0.06367406249046326
010_roll,put the roll on the tray,17,1,370,16.094,1788423525.9692585,00016_front_put_the_roll_on_the_tray.png,00016_wrist_put_the_roll_on_the_tray.png,recap.png,50,21,415,416,-4.65934065934066,-87.78021978021978,74.15384615384616,67.07692307692308,-2.065934065934066,0.410958904109589,-3.6405792236328125,-101.25875854492188,89.32252502441406,77.88550567626953,-0.8041419982910156,0.0004021972417831421
010_roll,put the roll on the tray,17,1,370,16.094,1788423525.9692585,00016_front_put_the_roll_on_the_tray.png,00016_wrist_put_the_roll_on_the_tray.png,recap.png,50,22,416,417,-4.65934065934066,-87.78021978021978,74.15384615384616,67.07692307692308,-2.065934065934066,0.410958904109589,-3.446125030517578,-101.51042175292969,89.6553955078125,77.80498504638672,-0.7822942733764648,0.14913409948349
010_roll,put the roll on the tray,17,1,370,16.094,1788423525.9692585,00016_front_put_the_roll_on_the_tray.png,00016_wrist_put_the_roll_on_the_tray.png,recap.png,50,23,417,418,-4.65934065934066,-87.78021978021978,74.15384615384616,67.07692307692308,-2.065934065934066,0.410958904109589,-3.4909515380859375,-101.33323669433594,89.43080139160156,77.8967056274414,-0.6991243362426758,-0.025034010410308838
010_roll,put the roll on the tray,17,1,370,16.094,1788423525.9692585,00016_front_put_the_roll_on_the_tray.png,00016_wrist_put_the_roll_on_the_tray.png,recap.png,50,24,418,419,-4.65934065934066,-87.78021978021978,74.15384615384616,67.07692307692308,-2.065934065934066,0.410958904109589,-3.302978515625,-101.29427337646484,89.12434387207031,77.92266082763672,-0.724024772644043,-0.023629844188690186
