episode_dir,task,chunk_id,must_go,input_timestep,input_elapsed,unix_ts,front_img,wrist_img,recap_img,returned_len,exec_index,exec_timestep,exec_action_n,in_shoulder_pan.pos,in_shoulder_lift.pos,in_elbow_flex.pos,in_wrist_flex.pos,in_wrist_roll.pos,in_gripper.pos,act_shoulder_pan.pos,act_shoulder_lift.pos,act_elbow_flex.pos,act_wrist_flex.pos,act_wrist_roll.pos,act_gripper.pos
044_brown,put the brown pouch on the tray,1,1,0,0.0,1788426323.3946602,00000_front_put_the_brown_pouch_on_the_tray.png,00000_wrist_put_the_brown_pouch_on_the_tray.png,recap.png,50,0,0,1,-4.21978021978022,-101.84615384615384,92.17582417582418,74.9010989010989,-1.2747252747252746,0.821917808219178,-5.534162521362305,-101.66880798339844,88.65008544921875,74.90648651123047,-1.216841697692871,1.1278119087219238
044_brown,put the brown pouch on the tray,1,1,0,0.0,1788426323.3946602,00000_front_put_the_brown_pouch_on_the_tray.png,00000_wrist_put_the_brown_pouch_on_the_tray.png,recap.png,50,1,1,2,-4.21978021978022,-101.84615384615384,92.17582417582418,74.9010989010989,-1.2747252747252746,0.821917808219178,-5.409534454345703,-101.18698120117188,88.46034240722656,74.61659240722656,-1.183603286743164,1.1381540298461914
044_brown,put the brown pouch on the tray,1,1,0,0.0,1788426323.3946602,00000_front_put_the_brown_pouch_on_the_tray.png,00000_wrist_put_the_brown_pouch_on_the_tray.png,recap.png,50,2,2,3,-4.21978021978022,-101.84615384615384,92.17582417582418,74.9010989010989,-1.2747252747252746,0.821917808219178,-5.844240188598633,-100.83818054199219,88.37577819824219,74.46041107177734,-1.389206886291504,1.1233487129211426
044_brown,put the brown pouch on the tray,1,1,0,0.0,1788426323.3946602,00000_front_put_the_brown_pouch_on_the_tray.png,00000_wrist_put_the_brown_pouch_on_the_tray.png,recap.png,50,3,3,4,-4.21978021978022,-101.84615384615384,92.17582417582418,74.9010989010989,-1.2747252747252746,0.821917808219178,-6.506736755371094,-101.01171112060547,88.508056640625,74.65279388427734,-1.2123098373413086,1.1199445724487305
044_brown,put the brown pouch on the tray,1,1,0,0.0,1788426323.3946602,00000_front_put_the_brown_pouch_on_the_tray.png,00000_wrist_put_the_brown_pouch_on_the_tray.png,recap.png,50,4,4,5,-4.21978021978022,-101.84615384615384,92.17582417582418,74.9010989010989,-1.2747252747252746,0.821917808219178,-6.4840087890625,-100.98956298828125,88.21591186523438,74.48831176757812,-1.1991853713989258,1.2330024242401123
044_brown,put the brown pouch on the tray,1,1,0,0.0,1788426323.3946602,00000_front_put_the_brown_pouch_on_the_tray.png,00000_wrist_put_the_brown_pouch_on_the_tray.png,recap.png,50,5,5,6,-4.21978021978022,-101.84615384615384,92.17582417582418,74.9010989010989,-1.2747252747252746,0.821917808219178,-6.983057022094727,-101.64718627929688,88.42626953125,74.61724090576172,-1.2078218460083008,1.3215839862823486
044_brown,put the brown pouch on the tray,1,1,0,0.0,1788426323.3946602,00000_front_put_the_brown_pouch_on_the_tray.png,00000_wrist_put_the_brown_pouch_on_the_tray.png,recap.png,50,6,6,7,-4.21978021978022,-101.84615384615384,92.17582417582418,74.9010989010989,-1.2747252747252746,0.821917808219178,-7.6012115478515625,-101.46543884277344,88.18170166015625,74.9486312866211,-1.257899284362793,1.0494120121002197
044_brown,put the brown pouch on the tray,1,1,0,0.0,1788426323.3946602,00000_front_put_the_brown_pouch_on_the_tray.png,00000_wrist_put_the_brown_pouch_on_the_tray.png,recap.png,50,7,7,8,-4.21978021978022,-101.84615384615384,92.17582417582418,74.9010989010989,-1.2747252747252746,0.821917808219178,-7.392210006713867,-100.7995376586914,87.96115112304688,74.86968994140625,-1.2615137100219727,1.051853895187378
044_brown,put the brown pouch on the tray,1,1,0,0.0,1788426323.3946602,00000_front_put_the_brown_pouch_on_the_tray.png,00000_wrist_put_the_brown_pouch_on_the_tray.png,recap.png,50,8,8,9,-4.21978021978022,-101.84615384615384,92.17582417582418,74.9010989010989,-1.2747252747252746,0.821917808219178,-7.886127471923828,-101.32804107666016,88.18721008300781,74.59544372558594,-1.2340803146362305,1.1347858905792236
044_brown,put the brown pouch on the tray,1,1,0,0.0,1788426323.3946602,00000_front_put_the_brown_pouch_on_the_tray.png,00000_wrist_put_the_brown_pouch_on_the_tray.png,recap.png,50,9,9,10,-4.21978021978022,-101.84615384615384,92.17582417582418,74.9010989010989,-1.2747252747252746,0.821917808219178,-7.904979705810547,-101.64762115478516,88.15866088867188,74.49751281738281,-1.2186107635498047,1.0928747653961182
044_brown,put the brown pouch on the tray,1,1,0,0.0,1788426323.3946602,00000_front_put_the_brown_pouch_on_the_tray.png,00000_wrist_put_the_brown_pouch_on_the_tray.png,recap.png,50,10,10,11,-4.21978021978022,-101.84615384615384,92.17582417582418,74.9010989010989,-1.2747252747252746,0.821917808219178,-8.070215225219727,-101.07939910888672,88.03872680664062,74.05725860595703,-1.24517822265625,1.1366500854492188
044_brown,put the brown pouch on the tray,1,1,0,0.0,1788426323.3946602,00000_front_put_the_brown_pouch_on_the_tray.png,00000_wrist_put_the_brown_pouch_on_the_tray.png,recap.png,50,11,11,12,-4.21978021978022,-101.84615384615384,92.17582417582418,74.9010989010989,-1.2747252747252746,0.821917808219178,-8.032857894897461,-100.71299743652344,87.86215209960938,73.37748718261719,-1.2421607971191406,1.077909231185913
044_brown,put the brown pouch on the tray,1,1,0,0.0,1788426323.3946602,00000_front_put_the_brown_pouch_on_the_tray.png,00000_wrist_put_the_brown_pouch_on_the_tray.png,recap.png,50,12,12,13,-4.21978021978022,-101.84615384615384,92.17582417582418,74.9010989010989,-1.2747252747252746,0.821917808219178,-8.1148681640625,-101.5745849609375,87.87677001953125,72.4879150390625,-1.21539306640625,1.1403782367706299
044_brown,put the brown pouch on the tray,1,1,0,0.0,1788426323.3946602,00000_front_put_the_brown_pouch_on_the_tray.png,00000_wrist_put_the_brown_pouch_on_the_tray.png,recap.png,50,13,13,14,-4.21978021978022,-101.84615384615384,92.17582417582418,74.9010989010989,-1.2747252747252746,0.821917808219178,-7.559299468994141,-101.38368225097656,88.70433044433594,71.3373794555664,-1.2562198638916016,1.1331970691680908
044_brown,put the brown pouch on the tray,1,1,0,0.0,1788426323.3946602,00000_front_put_the_brown_pouch_on_the_tray.png,00000_wrist_put_the_brown_pouch_on_the_tray.png,recap.png,50,14,14,15,-4.21978021978022,-101.84615384615384,92.17582417582418,74.9010989010989,-1.2747252747252746,0.821917808219178,-7.34446907043457,-101.20293426513672,88.56794738769531,70.42042541503906,-1.2648639678955078,1.1219935417175293
044_brown,put the brown pouch on the tray,1,1,0,0.0,1788426323.3946602,00000_front_put_the_brown_pouch_on_the_tray.png,00000_wrist_put_the_brown_pouch_on_the_tray.png,recap.png,50,15,15,16,-4.21978021978022,-101.84615384615384,92.17582417582418,74.9010989010989,-1.2747252747252746,0.821917808219178,-7.096242904663086,-101.06795501708984,88.85054016113281,69.65879821777344,-1.2494831085205078,1.0830914974212646
044_brown,put the brown pouch on the tray,1,1,0,0.0,1788426323.3946602,00000_front_put_the_brown_pouch_on_the_tray.png,00000_wrist_put_the_brown_pouch_on_the_tray.png,recap.png,50,16,16,17,-4.21978021978022,-101.84615384615384,92.17582417582418,74.9010989010989,-1.2747252747252746,0.821917808219178,-6.748449325561523,-100.72361755371094,88.54812622070312,69.08732604980469,-1.2606563568115234,1.07061767578125
044_brown,put the brown pouch on the tray,1,1,0,0.0,1788426323.3946602,00000_front_put_the_brown_pouch_on_the_tray.png,00000_wrist_put_the_brown_pouch_on_the_tray.png,recap.png,50,17,17,18,-4.21978021978022,-101.84615384615384,92.17582417582418,74.9010989010989,-1.2747252747252746,0.821917808219178,-6.689096450805664,-100.86756134033203,89.373291015625,68.39570617675781,-1.306025505065918,1.21108078956604
044_brown,put the brown pouch on the tray,1,1,0,0.0,1788426323.3946602,00000_front_put_the_brown_pouch_on_the_tray.png,00000_wrist_put_the_brown_pouch_on_the_tray.png,recap.png,50,18,18,19,-4.21978021978022,-101.84615384615384,92.17582417582418,74.9010989010989,-1.2747252747252746,0.821917808219178,-6.563877105712891,-101.4368896484375,88.79302978515625,68.05476379394531,-1.218216896057129,1.1558430194854736
044_brown,put the brown pouch on the tray,1,1,0,0.0,1788426323.3946602,00000_front_put_the_brown_pouch_on_the_tray.png,00000_wrist_put_the_brown_pouch_on_the_tray.png,recap.png,50,19,19,20,-4.21978021978022,-101.84615384615384,92.17582417582418,74.9010989010989,-1.2747252747252746,0.821917808219178,-6.527284622192383,-101.33467102050781,88.21482849121094,67.78471374511719,-1.1887788772583008,1.1837220191955566
044_brown,put the brown pouch on the tray,1,1,0,0.0,1788426323.3946602,00000_front_put_the_brown_pouch_on_the_tray.png,00000_wrist_put_the_brown_pouch_on_the_tray.png,recap.png,50,20,20,21,-4.21978021978022,-101.84615384615384,92.17582417582418,74.9010989010989,-1.2747252747252746,0.821917808219178,-6.769512176513672,-101.4072036743164,88.25212097167969,67.8304443359375,-1.3245906829833984,1.1383516788482666
044_brown,put the brown pouch on the tray,1,1,0,0.0,1788426323.3946602,00000_front_put_the_brown_pouch_on_the_tray.png,00000_wrist_put_the_brown_pouch_on_the_tray.png,recap.png,50,21,21,22,-4.21978021978022,-101.84615384615384,92.17582417582418,74.9010989010989,-1.2747252747252746,0.821917808219178,-6.657934188842773,-101.43822479248047,87.61233520507812,67.82393646240234,-1.2238044738769531,1.0846294164657593
044_brown,put the brown pouch on the tray,1,1,0,0.0,1788426323.3946602,00000_front_put_the_brown_pouch_on_the_tray.png,00000_wrist_put_the_brown_pouch_on_the_tray.png,recap.png,50,22,22,23,-4.21978021978022,-101.84615384615384,92.17582417582418,74.9010989010989,-1.2747252747252746,0.821917808219178,-6.4906463623046875,-101.3223876953125,88.00906372070312,67.78111267089844,-1.2714738845825195,1.042076826095581
044_brown,put the brown pouch on the tray,1,1,0,0.0,1788426323.3946602,00000_front_put_the_brown_pouch_on_the_tray.png,00000_wrist_put_the_brown_pouch_on_the_tray.png,recap.png,50,23,23,24,-4.21978021978022,-101.84615384615384,92.17582417582418,74.9010989010989,-1.2747252747252746,0.821917808219178,-6.723613739013672,-101.47623443603516,88.17074584960938,67.83456420898438,-1.2282629013061523,1.097102165222168
044_brown,put the brown pouch on the tray,1,1,0,0.0,1788426323.3946602,00000_front_put_the_brown_pouch_on_the_tray.png,00000_wrist_put_the_brown_pouch_on_the_tray.png,recap.png,50,24,24,25,-4.21978021978022,-101.84615384615384,92.17582417582418,74.9010989010989,-1.2747252747252746,0.821917808219178,-6.781688690185547,-101.09662628173828,87.32997131347656,67.98068237304688,-1.3148469924926758,1.0581289529800415
044_brown,put the brown pouch on the tray,1,1,0,0.0,1788426323.3946602,00000_front_put_the_brown_pouch_on_the_tray.png,00000_wrist_put_the_brown_pouch_on_the_tray.png,recap.png,50,25,25,26,-4.21978021978022,-101.84615384615384,92.17582417582418,74.9010989010989,-1.2747252747252746,0.821917808219178,-6.560092926025391,-100.89527893066406,86.79106140136719,68.13050842285156,-1.1947603225708008,1.1398098468780518
044_brown,put the brown pouch on the tray,1,1,0,0.0,1788426323.3946602,00000_front_put_the_brown_pouch_on_the_tray.png,00000_wrist_put_the_brown_pouch_on_the_tray.png,recap.png,50,26,26,27,-4.21978021978022,-101.84615384615384,92.17582417582418,74.9010989010989,-1.2747252747252746,0.821917808219178,-6.763134002685547,-101.32876586914062,86.69342041015625,68.27960968017578,-1.2629318237304688,1.1293213367462158
044_brown,put the brown pouch on the tray,1,1,0,0.0,1788426323.3946602,00000_front_put_the_brown_pouch_on_the_tray.png,00000_wrist_put_the_brown_pouch_on_the_tray.png,recap.png,50,27,27,28,-4.21978021978022,-101.84615384615384,92.17582417582418,74.9010989010989,-1.2747252747252746,0.821917808219178,-6.651103973388672,-101.46997833251953,86.31427001953125,68.46748352050781,-1.2240934371948242,1.089942216873169
044_brown,put the brown pouch on the tray,1,1,0,0.0,1788426323.3946602,00000_front_put_the_brown_pouch_on_the_tray.png,00000_wrist_put_the_brown_pouch_on_the_tray.png,recap.png,50,28,28,29,-4.21978021978022,-101.84615384615384,92.17582417582418,74.9010989010989,-1.2747252747252746,0.821917808219178,-6.604978561401367,-101.25578308105469,86.01695251464844,68.14979553222656,-1.3054742813110352,1.0067424774169922
044_brown,put the brown pouch on the tray,1,1,0,0.0,1788426323.3946602,00000_front_put_the_brown_pouch_on_the_tray.png,00000_wrist_put_the_brown_pouch_on_the_tray.png,recap.png,50,29,29,30,-4.21978021978022,-101.84615384615384,92.17582417582418,74.9010989010989,-1.2747252747252746,0.821917808219178,-6.785577774047852,-101.5232162475586,86.53744506835938,68.55371856689453,-1.2747516632080078,1.028630018234253
044_brown,put the brown pouch on the tray,1,1,0,0.0,1788426323.3946602,00000_front_put_the_brown_pouch_on_the_tray.png,00000_wrist_put_the_brown_pouch_on_the_tray.png,recap.png,50,30,30,31,-4.21978021978022,-101.84615384615384,92.17582417582418,74.9010989010989,-1.2747252747252746,0.821917808219178,-6.259866714477539,-100.91779327392578,85.17500305175781,68.60601806640625,-1.3857126235961914,0.9329235553741455
044_brown,put the brown pouch on the tray,1,1,0,0.0,1788426323.3946602,00000_front_put_the_brown_pouch_on_the_tray.png,00000_wrist_put_the_brown_pouch_on_the_tray.png,recap.png,50,31,31,32,-4.21978021978022,-101.84615384615384,92.17582417582418,74.9010989010989,-1.2747252747252746,0.821917808219178,-6.293436050415039,-101.27863311767578,86.09173583984375,68.49845886230469,-1.276017189025879,1.0029091835021973
044_brown,put the brown pouch on the tray,2,0,3,1.037,1788426324.4344058,00001_front_put_the_brown_pouch_on_the_tray.png,00001_wrist_put_the_brown_pouch_on_the_tray.png,recap.png,50,0,32,33,-5.274725274725275,-101.23076923076923,91.03296703296704,74.9010989010989,-1.2747252747252746,0.821917808219178,-7.621786594390869,-100.67593383789062,85.67994689941406,69.50776672363281,-1.3980079889297485,0.9000228047370911
044_brown,put the brown pouch on the tray,2,0,3,1.037,1788426324.4344058,00001_front_put_the_brown_pouch_on_the_tray.png,00001_wrist_put_the_brown_pouch_on_the_tray.png,recap.png,50,1,33,34,-5.274725274725275,-101.23076923076923,91.03296703296704,74.9010989010989,-1.2747252747252746,0.821917808219178,-7.446812629699707,-101.2423095703125,84.91131591796875,69.49856567382812,-1.4132602214813232,0.9168040752410889
044_brown,put the brown pouch on the tray,2,0,3,1.037,1788426324.4344058,00001_front_put_the_brown_pouch_on_the_tray.png,00001_wrist_put_the_brown_pouch_on_the_tray.png,recap.png,50,2,34,35,-5.274725274725275,-101.23076923076923,91.03296703296704,74.9010989010989,-1.2747252747252746,0.821917808219178,-7.488208770751953,-101.14810180664062,84.91700744628906,69.7072982788086,-1.5633174180984497,0.9623639583587646
044_brown,put the brown pouch on the tray,2,0,3,1.037,1788426324.4344058,00001_front_put_the_brown_pouch_on_the_tray.png,00001_wrist_put_the_brown_pouch_on_the_tray.png,recap.png,50,3,35,36,-5.274725274725275,-101.23076923076923,91.03296703296704,74.9010989010989,-1.2747252747252746,0.821917808219178,-7.394402980804443,-101.37759399414062,84.57850646972656,70.06817626953125,-1.517844319343567,0.8716846108436584
044_brown,put the brown pouch on the tray,2,0,3,1.037,1788426324.4344058,00001_front_put_the_brown_pouch_on_the_tray.png,00001_wrist_put_the_brown_pouch_on_the_tray.png,recap.png,50,4,36,37,-5.274725274725275,-101.23076923076923,91.03296703296704,74.9010989010989,-1.2747252747252746,0.821917808219178,-7.372846603393555,-100.68009185791016,84.10995483398438,70.40011596679688,-1.6726187467575073,0.8989255428314209
044_brown,put the brown pouch on the tray,2,0,3,1.037,1788426324.4344058,00001_front_put_the_brown_pouch_on_the_tray.png,00001_wrist_put_the_brown_pouch_on_the_tray.png,recap.png,50,5,37,38,-5.274725274725275,-101.23076923076923,91.03296703296704,74.9010989010989,-1.2747252747252746,0.821917808219178,-7.004724502563477,-100.85417938232422,83.03788757324219,70.48237609863281,-1.658003330230713,0.753699779510498
044_brown,put the brown pouch on the tray,2,0,3,1.037,1788426324.4344058,00001_front_put_the_brown_pouch_on_the_tray.png,00001_wrist_put_the_brown_pouch_on_the_tray.png,recap.png,50,6,38,39,-5.274725274725275,-101.23076923076923,91.03296703296704,74.9010989010989,-1.2747252747252746,0.821917808219178,-7.173825740814209,-101.01934051513672,82.16027069091797,70.54469299316406,-1.8035848140716553,0.833835244178772
044_brown,put the brown pouch on the tray,2,0,3,1.037,1788426324.4344058,00001_front_put_the_brown_pouch_on_the_tray.png,00001_wrist_put_the_brown_pouch_on_the_tray.png,recap.png,50,7,39,40,-5.274725274725275,-101.23076923076923,91.03296703296704,74.9010989010989,-1.2747252747252746,0.821917808219178,-7.0240559577941895,-101.16091918945312,81.93826293945312,70.883056640625,-1.9647239446640015,0.9217453598976135
044_brown,put the brown pouch on the tray,2,0,3,1.037,1788426324.4344058,00001_front_put_the_brown_pouch_on_the_tray.png,00001_wrist_put_the_brown_pouch_on_the_tray.png,recap.png,50,8,40,41,-5.274725274725275,-101.23076923076923,91.03296703296704,74.9010989010989,-1.2747252747252746,0.821917808219178,-7.1281352043151855,-100.9856948852539,81.3709716796875,70.90462493896484,-2.0112388134002686,0.869615912437439
044_brown,put the brown pouch on the tray,2,0,3,1.037,1788426324.4344058,00001_front_put_the_brown_pouch_on_the_tray.png,00001_wrist_put_the_brown_pouch_on_the_tray.png,recap.png,50,9,41,42,-5.274725274725275,-101.23076923076923,91.03296703296704,74.9010989010989,-1.2747252747252746,0.821917808219178,-7.096163749694824,-100.38402557373047,80.8108139038086,70.92703247070312,-2.2951467037200928,0.8795678615570068
044_brown,put the brown pouch on the tray,2,0,3,1.037,1788426324.4344058,00001_front_put_the_brown_pouch_on_the_tray.png,00001_wrist_put_the_brown_pouch_on_the_tray.png,recap.png,50,10,42,43,-5.274725274725275,-101.23076923076923,91.03296703296704,74.9010989010989,-1.2747252747252746,0.821917808219178,-7.249375820159912,-100.14665985107422,80.33614349365234,70.8836669921875,-2.397646188735962,0.8320589065551758
044_brown,put the brown pouch on the tray,2,0,3,1.037,1788426324.4344058,00001_front_put_the_brown_pouch_on_the_tray.png,00001_wrist_put_the_brown_pouch_on_the_tray.png,recap.png,50,11,43,44,-5.274725274725275,-101.23076923076923,91.03296703296704,74.9010989010989,-1.2747252747252746,0.821917808219178,-7.224052429199219,-99.59915161132812,80.0534439086914,71.2064208984375,-2.740201473236084,0.8120239973068237
044_brown,put the brown pouch on the tray,2,0,3,1.037,1788426324.4344058,00001_front_put_the_brown_pouch_on_the_tray.png,00001_wrist_put_the_brown_pouch_on_the_tray.png,recap.png,50,12,44,45,-5.274725274725275,-101.23076923076923,91.03296703296704,74.9010989010989,-1.2747252747252746,0.821917808219178,-7.515108108520508,-99.62278747558594,79.60244750976562,71.15553283691406,-3.130345344543457,0.7331163287162781
044_brown,put the brown pouch on the tray,2,0,3,1.037,1788426324.4344058,00001_front_put_the_brown_pouch_on_the_tray.png,00001_wrist_put_the_brown_pouch_on_the_tray.png,recap.png,50,13,45,46,-5.274725274725275,-101.23076923076923,91.03296703296704,74.9010989010989,-1.2747252747252746,0.821917808219178,-7.652225971221924,-98.99681854248047,78.62840270996094,70.99140167236328,-3.608229160308838,0.8101521134376526
044_brown,put the brown pouch on the tray,2,0,3,1.037,1788426324.4344058,00001_front_put_the_brown_pouch_on_the_tray.png,00001_wrist_put_the_brown_pouch_on_the_tray.png,recap.png,50,14,46,47,-5.274725274725275,-101.23076923076923,91.03296703296704,74.9010989010989,-1.2747252747252746,0.821917808219178,-7.7118330001831055,-97.92328643798828,78.37956237792969,71.0672836303711,-3.9986190795898438,0.7841096520423889
044_brown,put the brown pouch on the tray,2,0,3,1.037,1788426324.4344058,00001_front_put_the_brown_pouch_on_the_tray.png,00001_wrist_put_the_brown_pouch_on_the_tray.png,recap.png,50,15,47,48,-5.274725274725275,-101.23076923076923,91.03296703296704,74.9010989010989,-1.2747252747252746,0.821917808219178,-7.780862331390381,-97.26026916503906,77.54206085205078,71.22203826904297,-4.1612091064453125,0.7959384918212891
044_brown,put the brown pouch on the tray,2,0,3,1.037,1788426324.4344058,00001_front_put_the_brown_pouch_on_the_tray.png,00001_wrist_put_the_brown_pouch_on_the_tray.png,recap.png,50,16,48,49,-5.274725274725275,-101.23076923076923,91.03296703296704,74.9010989010989,-1.2747252747252746,0.821917808219178,-7.87870979309082,-96.26829528808594,77.27405548095703,71.15582275390625,-4.413787364959717,0.8432053327560425
044_brown,put the brown pouch on the tray,2,0,3,1.037,1788426324.4344058,00001_front_put_the_brown_pouch_on_the_tray.png,00001_wrist_put_the_brown_pouch_on_the_tray.png,recap.png,50,17,49,50,-5.274725274725275,-101.23076923076923,91.03296703296704,74.9010989010989,-1.2747252747252746,0.821917808219178,-8.086580276489258,-94.89199829101562,75.71192932128906,71.1153564453125,-4.650663375854492,0.793994665145874
044_brown,put the brown pouch on the tray,2,0,3,1.037,1788426324.4344058,00001_front_put_the_brown_pouch_on_the_tray.png,00001_wrist_put_the_brown_pouch_on_the_tray.png,recap.png,50,18,50,51,-5.274725274725275,-101.23076923076923,91.03296703296704,74.9010989010989,-1.2747252747252746,0.821917808219178,-7.79835319519043,-91.8050765991211,74.71701049804688,71.29478454589844,-5.055896282196045,0.9357743263244629
044_brown,put the brown pouch on the tray,2,0,3,1.037,1788426324.4344058,00001_front_put_the_brown_pouch_on_the_tray.png,00001_wrist_put_the_brown_pouch_on_the_tray.png,recap.png,50,19,51,52,-5.274725274725275,-101.23076923076923,91.03296703296704,74.9010989010989,-1.2747252747252746,0.821917808219178,-8.271734237670898,-89.75131225585938,73.41075134277344,71.245361328125,-5.224163055419922,0.8137139081954956
044_brown,put the brown pouch on the tray,2,0,3,1.037,1788426324.4344058,00001_front_put_the_brown_pouch_on_the_tray.png,00001_wrist_put_the_brown_pouch_on_the_tray.png,recap.png,50,20,52,53,-5.274725274725275,-101.23076923076923,91.03296703296704,74.9010989010989,-1.2747252747252746,0.821917808219178,-8.29142951965332,-87.89007568359375,72.423828125,71.214111328125,-5.463847637176514,0.6949216723442078
044_brown,put the brown pouch on the tray,3,0,31,1.973,1788426325.376174,00002_front_put_the_brown_pouch_on_the_tray.png,00002_wrist_put_the_brown_pouch_on_the_tray.png,recap.png,50,0,53,54,-7.032967032967033,-101.31868131868131,88.65934065934066,69.01098901098901,-1.2747252747252746,0.821917808219178,-7.748302459716797,-100.7562484741211,81.54438781738281,68.17887115478516,-1.129831314086914,0.8940533399581909
044_brown,put the brown pouch on the tray,3,0,31,1.973,1788426325.376174,00002_front_put_the_brown_pouch_on_the_tray.png,00002_wrist_put_the_brown_pouch_on_the_tray.png,recap.png,50,1,54,55,-7.032967032967033,-101.31868131868131,88.65934065934066,69.01098901098901,-1.2747252747252746,0.821917808219178,-7.940120697021484,-100.87934112548828,81.40751647949219,68.24116516113281,-1.1015634536743164,0.8385499715805054
044_brown,put the brown pouch on the tray,3,0,31,1.973,1788426325.376174,00002_front_put_the_brown_pouch_on_the_tray.png,00002_wrist_put_the_brown_pouch_on_the_tray.png,recap.png,50,2,55,56,-7.032967032967033,-101.31868131868131,88.65934065934066,69.01098901098901,-1.2747252747252746,0.821917808219178,-7.870189666748047,-101.50989532470703,81.4603271484375,68.5013427734375,-1.168025016784668,0.923368513584137
044_brown,put the brown pouch on the tray,3,0,31,1.973,1788426325.376174,00002_front_put_the_brown_pouch_on_the_tray.png,00002_wrist_put_the_brown_pouch_on_the_tray.png,recap.png,50,3,56,57,-7.032967032967033,-101.31868131868131,88.65934065934066,69.01098901098901,-1.2747252747252746,0.821917808219178,-7.829568862915039,-101.044189453125,81.60597229003906,68.64070892333984,-1.0478391647338867,0.7967641949653625
044_brown,put the brown pouch on the tray,3,0,31,1.973,1788426325.376174,00002_front_put_the_brown_pouch_on_the_tray.png,00002_wrist_put_the_brown_pouch_on_the_tray.png,recap.png,50,4,57,58,-7.032967032967033,-101.31868131868131,88.65934065934066,69.01098901098901,-1.2747252747252746,0.821917808219178,-7.705204010009766,-101.15921020507812,80.640869140625,68.65996551513672,-0.9730930328369141,0.8688826560974121
044_brown,put the brown pouch on the tray,3,0,31,1.973,1788426325.376174,00002_front_put_the_brown_pouch_on_the_tray.png,00002_wrist_put_the_brown_pouch_on_the_tray.png,recap.png,50,5,58,59,-7.032967032967033,-101.31868131868131,88.65934065934066,69.01098901098901,-1.2747252747252746,0.821917808219178,-8.07368278503418,-100.66084289550781,80.60833740234375,68.60154724121094,-0.9268646240234375,0.7400319576263428
044_brown,put the brown pouch on the tray,3,0,31,1.973,1788426325.376174,00002_front_put_the_brown_pouch_on_the_tray.png,00002_wrist_put_the_brown_pouch_on_the_tray.png,recap.png,50,6,59,60,-7.032967032967033,-101.31868131868131,88.65934065934066,69.01098901098901,-1.2747252747252746,0.821917808219178,-7.700836181640625,-99.8234634399414,80.07514953613281,68.68712615966797,-0.8748188018798828,0.8941340446472168
044_brown,put the brown pouch on the tray,3,0,31,1.973,1788426325.376174,00002_front_put_the_brown_pouch_on_the_tray.png,00002_wrist_put_the_brown_pouch_on_the_tray.png,recap.png,50,7,60,61,-7.032967032967033,-101.31868131868131,88.65934065934066,69.01098901098901,-1.2747252747252746,0.821917808219178,-8.034854888916016,-98.53659057617188,78.93220520019531,68.77205657958984,-0.923365592956543,0.8396099805831909
044_brown,put the brown pouch on the tray,3,0,31,1.973,1788426325.376174,00002_front_put_the_brown_pouch_on_the_tray.png,00002_wrist_put_the_brown_pouch_on_the_tray.png,recap.png,50,8,61,62,-7.032967032967033,-101.31868131868131,88.65934065934066,69.01098901098901,-1.2747252747252746,0.821917808219178,-7.861610412597656,-97.04395294189453,78.72048950195312,68.60643005371094,-0.985316276550293,0.9824130535125732
044_brown,put the brown pouch on the tray,3,0,31,1.973,1788426325.376174,00002_front_put_the_brown_pouch_on_the_tray.png,00002_wrist_put_the_brown_pouch_on_the_tray.png,recap.png,50,9,62,63,-7.032967032967033,-101.31868131868131,88.65934065934066,69.01098901098901,-1.2747252747252746,0.821917808219178,-8.021232604980469,-94.27372741699219,77.30734252929688,68.03046417236328,-1.144516944885254,0.9532327651977539
044_brown,put the brown pouch on the tray,3,0,31,1.973,1788426325.376174,00002_front_put_the_brown_pouch_on_the_tray.png,00002_wrist_put_the_brown_pouch_on_the_tray.png,recap.png,50,10,63,64,-7.032967032967033,-101.31868131868131,88.65934065934066,69.01098901098901,-1.2747252747252746,0.821917808219178,-7.7218017578125,-91.19522094726562,75.14347839355469,67.55524444580078,-1.3190059661865234,0.8828137516975403
044_brown,put the brown pouch on the tray,3,0,31,1.973,1788426325.376174,00002_front_put_the_brown_pouch_on_the_tray.png,00002_wrist_put_the_brown_pouch_on_the_tray.png,recap.png,50,11,64,65,-7.032967032967033,-101.31868131868131,88.65934065934066,69.01098901098901,-1.2747252747252746,0.821917808219178,-8.036867141723633,-87.98423767089844,72.85470581054688,67.13233947753906,-1.7303171157836914,0.7330260872840881
044_brown,put the brown pouch on the tray,3,0,31,1.973,1788426325.376174,00002_front_put_the_brown_pouch_on_the_tray.png,00002_wrist_put_the_brown_pouch_on_the_tray.png,recap.png,50,12,65,66,-7.032967032967033,-101.31868131868131,88.65934065934066,69.01098901098901,-1.2747252747252746,0.821917808219178,-8.240234375,-85.09585571289062,71.16939544677734,66.864990234375,-2.166105270385742,0.5624809265136719
044_brown,put the brown pouch on the tray,3,0,31,1.973,1788426325.376174,00002_front_put_the_brown_pouch_on_the_tray.png,00002_wrist_put_the_brown_pouch_on_the_tray.png,recap.png,50,13,66,67,-7.032967032967033,-101.31868131868131,88.65934065934066,69.01098901098901,-1.2747252747252746,0.821917808219178,-7.804445266723633,-81.86671447753906,69.27778625488281,66.5904541015625,-2.445399284362793,0.77949059009552
044_brown,put the brown pouch on the tray,3,0,31,1.973,1788426325.376174,00002_front_put_the_brown_pouch_on_the_tray.png,00002_wrist_put_the_brown_pouch_on_the_tray.png,recap.png,50,14,67,68,-7.032967032967033,-101.31868131868131,88.65934065934066,69.01098901098901,-1.2747252747252746,0.821917808219178,-8.654104232788086,-79.04059600830078,67.3808822631836,66.34442138671875,-2.6780309677124023,0.5373474359512329
044_brown,put the brown pouch on the tray,3,0,31,1.973,1788426325.376174,00002_front_put_the_brown_pouch_on_the_tray.png,00002_wrist_put_the_brown_pouch_on_the_tray.png,recap.png,50,15,68,69,-7.032967032967033,-101.31868131868131,88.65934065934066,69.01098901098901,-1.2747252747252746,0.821917808219178,-8.382461547851562,-76.40676879882812,66.70531463623047,66.38246154785156,-2.933903694152832,0.683254063129425
044_brown,put the brown pouch on the tray,3,0,31,1.973,1788426325.376174,00002_front_put_the_brown_pouch_on_the_tray.png,00002_wrist_put_the_brown_pouch_on_the_tray.png,recap.png,50,16,69,70,-7.032967032967033,-101.31868131868131,88.65934065934066,69.01098901098901,-1.2747252747252746,0.821917808219178,-8.758384704589844,-73.8775863647461,64.30001831054688,66.1261215209961,-3.201157569885254,0.5772426128387451
044_brown,put the brown pouch on the tray,3,0,31,1.973,1788426325.376174,00002_front_put_the_brown_pouch_on_the_tray.png,00002_wrist_put_the_brown_pouch_on_the_tray.png,recap.png,50,17,70,71,-7.032967032967033,-101.31868131868131,88.65934065934066,69.01098901098901,-1.2747252747252746,0.821917808219178,-8.13679313659668,-71.47795104980469,64.00828552246094,65.84016418457031,-3.4436187744140625,0.5034501552581787
044_brown,put the brown pouch on the tray,3,0,31,1.973,1788426325.376174,00002_front_put_the_brown_pouch_on_the_tray.png,00002_wrist_put_the_brown_pouch_on_the_tray.png,recap.png,50,18,71,72,-7.032967032967033,-101.31868131868131,88.65934065934066,69.01098901098901,-1.2747252747252746,0.821917808219178,-8.402639389038086,-69.42993927001953,62.352378845214844,65.63695526123047,-3.9637670516967773,0.6498878598213196
044_brown,put the brown pouch on the tray,3,0,31,1.973,1788426325.376174,00002_front_put_the_brown_pouch_on_the_tray.png,00002_wrist_put_the_brown_pouch_on_the_tray.png,recap.png,50,19,72,73,-7.032967032967033,-101.31868131868131,88.65934065934066,69.01098901098901,-1.2747252747252746,0.821917808219178,-8.572687149047852,-67.70985412597656,60.293365478515625,65.57839965820312,-4.424523830413818,0.7213222980499268
044_brown,put the brown pouch on the tray,3,0,31,1.973,1788426325.376174,00002_front_put_the_brown_pouch_on_the_tray.png,00002_wrist_put_the_brown_pouch_on_the_tray.png,recap.png,50,20,73,74,-7.032967032967033,-101.31868131868131,88.65934065934066,69.01098901098901,-1.2747252747252746,0.821917808219178,-8.505256652832031,-66.13566589355469,59.40118408203125,65.43115997314453,-4.892722129821777,0.8423832654953003
044_brown,put the brown pouch on the tray,3,0,31,1.973,1788426325.376174,00002_front_put_the_brown_pouch_on_the_tray.png,00002_wrist_put_the_brown_pouch_on_the_tray.png,recap.png,50,21,74,75,-7.032967032967033,-101.31868131868131,88.65934065934066,69.01098901098901,-1.2747252747252746,0.821917808219178,-8.23370361328125,-64.45719909667969,58.476356506347656,65.35289764404297,-5.3400092124938965,0.8346540331840515
044_brown,put the brown pouch on the tray,3,0,31,1.973,1788426325.376174,00002_front_put_the_brown_pouch_on_the_tray.png,00002_wrist_put_the_brown_pouch_on_the_tray.png,recap.png,50,22,75,76,-7.032967032967033,-101.31868131868131,88.65934065934066,69.01098901098901,-1.2747252747252746,0.821917808219178,-8.605125427246094,-62.069496154785156,56.99005126953125,65.20114135742188,-5.822147846221924,0.9373388290405273
044_brown,put the brown pouch on the tray,3,0,31,1.973,1788426325.376174,00002_front_put_the_brown_pouch_on_the_tray.png,00002_wrist_put_the_brown_pouch_on_the_tray.png,recap.png,50,23,76,77,-7.032967032967033,-101.31868131868131,88.65934065934066,69.01098901098901,-1.2747252747252746,0.821917808219178,-8.762117385864258,-60.54142761230469,56.735328674316406,65.20896911621094,-6.112507343292236,1.0299407243728638
044_brown,put the brown pouch on the tray,3,0,31,1.973,1788426325.376174,00002_front_put_the_brown_pouch_on_the_tray.png,00002_wrist_put_the_brown_pouch_on_the_tray.png,recap.png,50,24,77,78,-7.032967032967033,-101.31868131868131,88.65934065934066,69.01098901098901,-1.2747252747252746,0.821917808219178,-8.376657485961914,-58.962337493896484,54.813270568847656,65.16191101074219,-6.319581508636475,1.1548190116882324
044_brown,put the brown pouch on the tray,3,0,31,1.973,1788426325.376174,00002_front_put_the_brown_pouch_on_the_tray.png,00002_wrist_put_the_brown_pouch_on_the_tray.png,recap.png,50,25,78,79,-7.032967032967033,-101.31868131868131,88.65934065934066,69.01098901098901,-1.2747252747252746,0.821917808219178,-8.204021453857422,-56.837581634521484,54.544883728027344,65.33766174316406,-6.494743347167969,1.3898086547851562
044_brown,put the brown pouch on the tray,3,0,31,1.973,1788426325.376174,00002_front_put_the_brown_pouch_on_the_tray.png,00002_wrist_put_the_brown_pouch_on_the_tray.png,recap.png,50,26,79,80,-7.032967032967033,-101.31868131868131,88.65934065934066,69.01098901098901,-1.2747252747252746,0.821917808219178,-8.65196418762207,-55.19663619995117,53.080543518066406,65.38638305664062,-6.652416229248047,1.777174472808838
044_brown,put the brown pouch on the tray,4,1,52,2.675,1788426326.0715766,00003_front_put_the_brown_pouch_on_the_tray.png,00003_wrist_put_the_brown_pouch_on_the_tray.png,recap.png,50,0,80,81,-7.736263736263736,-93.93406593406593,77.93406593406593,70.76923076923077,-4.43956043956044,0.821917808219178,-7.447704315185547,-43.77747344970703,45.56230545043945,70.10118103027344,-8.096174240112305,15.09244155883789
044_brown,put the brown pouch on the tray,4,1,52,2.675,1788426326.0715766,00003_front_put_the_brown_pouch_on_the_tray.png,00003_wrist_put_the_brown_pouch_on_the_tray.png,recap.png,50,1,81,82,-7.736263736263736,-93.93406593406593,77.93406593406593,70.76923076923077,-4.43956043956044,0.821917808219178,-7.312259674072266,-38.99803924560547,42.42046356201172,72.24580383300781,-8.826242446899414,23.032957077026367
044_brown,put the brown pouch on the tray,4,1,52,2.675,1788426326.0715766,00003_front_put_the_brown_pouch_on_the_tray.png,00003_wrist_put_the_brown_pouch_on_the_tray.png,recap.png,50,2,82,83,-7.736263736263736,-93.93406593406593,77.93406593406593,70.76923076923077,-4.43956043956044,0.821917808219178,-7.22955322265625,-38.88532638549805,42.41632080078125,72.27171325683594,-8.733563423156738,25.60409164428711
044_brown,put the brown pouch on the tray,4,1,52,2.675,1788426326.0715766,00003_front_put_the_brown_pouch_on_the_tray.png,00003_wrist_put_the_brown_pouch_on_the_tray.png,recap.png,50,3,83,84,-7.736263736263736,-93.93406593406593,77.93406593406593,70.76923076923077,-4.43956043956044,0.821917808219178,-7.4373626708984375,-38.529850006103516,42.39936065673828,72.48828887939453,-8.64542007446289,27.883846282958984
044_brown,put the brown pouch on the tray,4,1,52,2.675,1788426326.0715766,00003_front_put_the_brown_pouch_on_the_tray.png,00003_wrist_put_the_brown_pouch_on_the_tray.png,recap.png,50,4,84,85,-7.736263736263736,-93.93406593406593,77.93406593406593,70.76923076923077,-4.43956043956044,0.821917808219178,-7.355390548706055,-37.737693786621094,42.73639678955078,72.2258071899414,-8.607305526733398,29.830507278442383
044_brown,put the brown pouch on the tray,4,1,52,2.675,1788426326.0715766,00003_front_put_the_brown_pouch_on_the_tray.png,00003_wrist_put_the_brown_pouch_on_the_tray.png,recap.png,50,5,85,86,-7.736263736263736,-93.93406593406593,77.93406593406593,70.76923076923077,-4.43956043956044,0.821917808219178,-7.50169563293457,-37.167633056640625,42.971336364746094,72.28932189941406,-8.472854614257812,31.36773109436035
044_brown,put the brown pouch on the tray,4,1,52,2.675,1788426326.0715766,00003_front_put_the_brown_pouch_on_the_tray.png,00003_wrist_put_the_brown_pouch_on_the_tray.png,recap.png,50,6,86,87,-7.736263736263736,-93.93406593406593,77.93406593406593,70.76923076923077,-4.43956043956044,0.821917808219178,-7.244073867797852,-37.38465118408203,42.39784240722656,72.48274993896484,-8.365215301513672,31.947298049926758
044_brown,put the brown pouch on the tray,4,1,52,2.675,1788426326.0715766,00003_front_put_the_brown_pouch_on_the_tray.png,00003_wrist_put_the_brown_pouch_on_the_tray.png,recap.png,50,7,87,88,-7.736263736263736,-93.93406593406593,77.93406593406593,70.76923076923077,-4.43956043956044,0.821917808219178,-7.252809524536133,-36.02850341796875,42.12042999267578,72.56797790527344,-8.24588680267334,32.566837310791016
044_brown,put the brown pouch on the tray,4,1,52,2.675,1788426326.0715766,00003_front_put_the_brown_pouch_on_the_tray.png,00003_wrist_put_the_brown_pouch_on_the_tray.png,recap.png,50,8,88,89,-7.736263736263736,-93.93406593406593,77.93406593406593,70.76923076923077,-4.43956043956044,0.821917808219178,-7.3260040283203125,-35.306427001953125,42.05833435058594,72.14827728271484,-8.17849349975586,32.88455581665039
044_brown,put the brown pouch on the tray,4,1,52,2.675,1788426326.0715766,00003_front_put_the_brown_pouch_on_the_tray.png,00003_wrist_put_the_brown_pouch_on_the_tray.png,recap.png,50,9,89,90,-7.736263736263736,-93.93406593406593,77.93406593406593,70.76923076923077,-4.43956043956044,0.821917808219178,-7.500484466552734,-34.13660430908203,41.42345428466797,72.34345245361328,-8.151585578918457,32.9466438293457
044_brown,put the brown pouch on the tray,4,1,52,2.675,1788426326.0715766,00003_front_put_the_brown_pouch_on_the_tray.png,00003_wrist_put_the_brown_pouch_on_the_tray.png,recap.png,50,10,90,91,-7.736263736263736,-93.93406593406593,77.93406593406593,70.76923076923077,-4.43956043956044,0.821917808219178,-7.41969108581543,-32.8275146484375,41.53135681152344,72.20097351074219,-8.117340087890625,33.122554779052734
044_brown,put the brown pouch on the tray,4,1,52,2.675,1788426326.0715766,00003_front_put_the_brown_pouch_on_the_tray.png,00003_wrist_put_the_brown_pouch_on_the_tray.png,recap.png,50,11,91,92,-7.736263736263736,-93.93406593406593,77.93406593406593,70.76923076923077,-4.43956043956044,0.821917808219178,-7.383026123046875,-32.041175842285156,41.41535186767578,72.30941772460938,-8.02979850769043,33.52989196777344
044_brown,put the brown pouch on the tray,4,1,52,2.675,1788426326.0715766,00003_front_put_the_brown_pouch_on_the_tray.png,00003_wrist_put_the_brown_pouch_on_the_tray.png,recap.png,50,12,92,93,-7.736263736263736,-93.93406593406593,77.93406593406593,70.76923076923077,-4.43956043956044,0.821917808219178,-7.391576766967773,-30.775909423828125,41.231658935546875,72.53523254394531,-7.971059322357178,34.34275817871094
044_brown,put the brown pouch on the tray,4,1,52,2.675,1788426326.0715766,00003_front_put_the_brown_pouch_on_the_tray.png,00003_wrist_put_the_brown_pouch_on_the_tray.png,recap.png,50,13,93,94,-7.736263736263736,-93.93406593406593,77.93406593406593,70.76923076923077,-4.43956043956044,0.821917808219178,-7.406948089599609,-29.58466339111328,40.050514221191406,72.4362564086914,-7.798992156982422,34.91545867919922
044_brown,put the brown pouch on the tray,4,1,52,2.675,1788426326.0715766,00003_front_put_the_brown_pouch_on_the_tray.png,00003_wrist_put_the_brown_pouch_on_the_tray.png,recap.png,50,14,94,95,-7.736263736263736,-93.93406593406593,77.93406593406593,70.76923076923077,-4.43956043956044,0.821917808219178,-7.361444473266602,-28.23088836669922,40.33130645751953,72.64642333984375,-7.785988807678223,35.279457092285156
044_brown,put the brown pouch on the tray,4,1,52,2.675,1788426326.0715766,00003_front_put_the_brown_pouch_on_the_tray.png,00003_wrist_put_the_brown_pouch_on_the_tray.png,recap.png,50,15,95,96,-7.736263736263736,-93.93406593406593,77.93406593406593,70.76923076923077,-4.43956043956044,0.821917808219178,-7.419404983520508,-27.069908142089844,39.713714599609375,72.44657135009766,-7.709901332855225,35.616397857666016
044_brown,put the brown pouch on the tray,4,1,52,2.675,1788426326.0715766,00003_front_put_the_brown_pouch_on_the_tray.png,00003_wrist_put_the_brown_pouch_on_the_tray.png,recap.png,50,16,96,97,-7.736263736263736,-93.93406593406593,77.93406593406593,70.76923076923077,-4.43956043956044,0.821917808219178,-7.5813751220703125,-26.743309020996094,39.425575256347656,72.58331298828125,-7.685516834259033,35.6864128112793
044_brown,put the brown pouch on the tray,4,1,52,2.675,1788426326.0715766,00003_front_put_the_brown_pouch_on_the_tray.png,00003_wrist_put_the_brown_pouch_on_the_tray.png,recap.png,50,17,97,98,-7.736263736263736,-93.93406593406593,77.93406593406593,70.76923076923077,-4.43956043956044,0.821917808219178,-7.460271835327148,-25.021995544433594,39.29285430908203,72.40876770019531,-7.760197162628174,35.762699127197266
044_brown,put the brown pouch on the tray,4,1,52,2.675,1788426326.0715766,00003_front_put_the_brown_pouch_on_the_tray.png,00003_wrist_put_the_brown_pouch_on_the_tray.png,recap.png,50,18,98,99,-7.736263736263736,-93.93406593406593,77.93406593406593,70.76923076923077,-4.43956043956044,0.821917808219178,-7.616476058959961,-23.787261962890625,39.005348205566406,72.48368072509766,-7.704201698303223,35.699745178222656
044_brown,put the brown pouch on the tray,4,1,52,2.675,1788426326.0715766,00003_front_put_the_brown_pouch_on_the_tray.png,00003_wrist_put_the_brown_pouch_on_the_tray.png,recap.png,50,19,99,100,-7.736263736263736,-93.93406593406593,77.93406593406593,70.76923076923077,-4.43956043956044,0.821917808219178,-7.6624908447265625,-22.561737060546875,38.28736877441406,72.24384307861328,-7.667291641235352,35.18133544921875
044_brown,put the brown pouch on the tray,4,1,52,2.675,1788426326.0715766,00003_front_put_the_brown_pouch_on_the_tray.png,00003_wrist_put_the_brown_pouch_on_the_tray.png,recap.png,50,20,100,101,-7.736263736263736,-93.93406593406593,77.93406593406593,70.76923076923077,-4.43956043956044,0.821917808219178,-7.655485153198242,-21.711769104003906,38.58232116699219,72.19092559814453,-7.93751335144043,34.97784423828125
044_brown,put the brown pouch on the tray,4,1,52,2.675,1788426326.0715766,00003_front_put_the_brown_pouch_on_the_tray.png,00003_wrist_put_the_brown_pouch_on_the_tray.png,recap.png,50,21,101,102,-7.736263736263736,-93.93406593406593,77.93406593406593,70.76923076923077,-4.43956043956044,0.821917808219178,-7.847295761108398,-20.81537628173828,38.20244598388672,71.86824035644531,-8.154977798461914,34.567073822021484
044_brown,put the brown pouch on the tray,5,0,79,3.712,1788426327.1128297,00004_front_put_the_brown_pouch_on_the_tray.png,00004_wrist_put_the_brown_pouch_on_the_tray.png,recap.png,50,0,102,103,-8.43956043956044,-60.967032967032964,58.94505494505494,66.28571428571429,-5.670329670329671,0.821917808219178,-8.310689926147461,-33.41053009033203,40.537322998046875,72.26549530029297,-7.321216106414795,26.57201385498047
044_brown,put the brown pouch on the tray,5,0,79,3.712,1788426327.1128297,00004_front_put_the_brown_pouch_on_the_tray.png,00004_wrist_put_the_brown_pouch_on_the_tray.png,recap.png,50,1,103,104,-8.43956043956044,-60.967032967032964,58.94505494505494,66.28571428571429,-5.670329670329671,0.821917808219178,-8.260845184326172,-32.51927185058594,40.56829071044922,72.10879516601562,-7.3220977783203125,27.563072204589844
044_brown,put the brown pouch on the tray,5,0,79,3.712,1788426327.1128297,00004_front_put_the_brown_pouch_on_the_tray.png,00004_wrist_put_the_brown_pouch_on_the_tray.png,recap.png,50,2,104,105,-8.43956043956044,-60.967032967032964,58.94505494505494,66.28571428571429,-5.670329670329671,0.821917808219178,-8.210474014282227,-31.50061798095703,40.55522155761719,72.31344604492188,-7.412780284881592,28.588659286499023
044_brown,put the brown pouch on the tray,5,0,79,3.712,1788426327.1128297,00004_front_put_the_brown_pouch_on_the_tray.png,00004_wrist_put_the_brown_pouch_on_the_tray.png,recap.png,50,3,105,106,-8.43956043956044,-60.967032967032964,58.94505494505494,66.28571428571429,-5.670329670329671,0.821917808219178,-8.364419937133789,-31.13762664794922,40.62651824951172,72.2156982421875,-7.383971214294434,29.639280319213867
044_brown,put the brown pouch on the tray,5,0,79,3.712,1788426327.1128297,00004_front_put_the_brown_pouch_on_the_tray.png,00004_wrist_put_the_brown_pouch_on_the_tray.png,recap.png,50,4,106,107,-8.43956043956044,-60.967032967032964,58.94505494505494,66.28571428571429,-5.670329670329671,0.821917808219178,-8.67831802368164,-30.654876708984375,40.267730712890625,72.49695587158203,-7.409111022949219,30.581703186035156
044_brown,put the brown pouch on the tray,5,0,79,3.712,1788426327.1128297,00004_front_put_the_brown_pouch_on_the_tray.png,00004_wrist_put_the_brown_pouch_on_the_tray.png,recap.png,50,5,107,108,-8.43956043956044,-60.967032967032964,58.94505494505494,66.28571428571429,-5.670329670329671,0.821917808219178,-8.602436065673828,-30.85107421875,39.94830322265625,72.4351577758789,-7.425594329833984,31.296133041381836
044_brown,put the brown pouch on the tray,5,0,79,3.712,1788426327.1128297,00004_front_put_the_brown_pouch_on_the_tray.png,00004_wrist_put_the_brown_pouch_on_the_tray.png,recap.png,50,6,108,109,-8.43956043956044,-60.967032967032964,58.94505494505494,66.28571428571429,-5.670329670329671,0.821917808219178,-8.867481231689453,-30.142417907714844,40.44610595703125,72.40711212158203,-7.443033695220947,31.252845764160156
044_brown,put the brown pouch on the tray,5,0,79,3.712,1788426327.1128297,00004_front_put_the_brown_pouch_on_the_tray.png,00004_wrist_put_the_brown_pouch_on_the_tray.png,recap.png,50,7,109,110,-8.43956043956044,-60.967032967032964,58.94505494505494,66.28571428571429,-5.670329670329671,0.821917808219178,-8.990951538085938,-29.539352416992188,39.55335235595703,72.44144439697266,-7.4852447509765625,31.01125144958496
044_brown,put the brown pouch on the tray,5,0,79,3.712,1788426327.1128297,00004_front_put_the_brown_pouch_on_the_tray.png,00004_wrist_put_the_brown_pouch_on_the_tray.png,recap.png,50,8,110,111,-8.43956043956044,-60.967032967032964,58.94505494505494,66.28571428571429,-5.670329670329671,0.821917808219178,-9.125448226928711,-29.146163940429688,38.94505310058594,72.34839630126953,-7.452511787414551,30.554845809936523
044_brown,put the brown pouch on the tray,5,0,79,3.712,1788426327.1128297,00004_front_put_the_brown_pouch_on_the_tray.png,00004_wrist_put_the_brown_pouch_on_the_tray.png,recap.png,50,9,111,112,-8.43956043956044,-60.967032967032964,58.94505494505494,66.28571428571429,-5.670329670329671,0.821917808219178,-9.316024780273438,-27.62738037109375,39.520225524902344,72.4166259765625,-7.55592679977417,30.1845760345459
044_brown,put the brown pouch on the tray,5,0,79,3.712,1788426327.1128297,00004_front_put_the_brown_pouch_on_the_tray.png,00004_wrist_put_the_brown_pouch_on_the_tray.png,recap.png,50,10,112,113,-8.43956043956044,-60.967032967032964,58.94505494505494,66.28571428571429,-5.670329670329671,0.821917808219178,-8.972190856933594,-27.205589294433594,38.85606384277344,71.96040344238281,-7.597840309143066,29.967790603637695
044_brown,put the brown pouch on the tray,5,0,79,3.712,1788426327.1128297,00004_front_put_the_brown_pouch_on_the_tray.png,00004_wrist_put_the_brown_pouch_on_the_tray.png,recap.png,50,11,113,114,-8.43956043956044,-60.967032967032964,58.94505494505494,66.28571428571429,-5.670329670329671,0.821917808219178,-8.941692352294922,-26.013687133789062,38.947547912597656,71.90072631835938,-7.557008266448975,30.04324722290039
044_brown,put the brown pouch on the tray,5,0,79,3.712,1788426327.1128297,00004_front_put_the_brown_pouch_on_the_tray.png,00004_wrist_put_the_brown_pouch_on_the_tray.png,recap.png,50,12,114,115,-8.43956043956044,-60.967032967032964,58.94505494505494,66.28571428571429,-5.670329670329671,0.821917808219178,-9.219959259033203,-25.31903839111328,38.657859802246094,72.06415557861328,-7.356929779052734,30.15966796875
044_brown,put the brown pouch on the tray,5,0,79,3.712,1788426327.1128297,00004_front_put_the_brown_pouch_on_the_tray.png,00004_wrist_put_the_brown_pouch_on_the_tray.png,recap.png,50,13,115,116,-8.43956043956044,-60.967032967032964,58.94505494505494,66.28571428571429,-5.670329670329671,0.821917808219178,-9.041391372680664,-24.676971435546875,37.648590087890625,72.0721664428711,-7.400112628936768,30.249420166015625
044_brown,put the brown pouch on the tray,5,0,79,3.712,1788426327.1128297,00004_front_put_the_brown_pouch_on_the_tray.png,00004_wrist_put_the_brown_pouch_on_the_tray.png,recap.png,50,14,116,117,-8.43956043956044,-60.967032967032964,58.94505494505494,66.28571428571429,-5.670329670329671,0.821917808219178,-9.108039855957031,-24.349700927734375,38.46977233886719,72.05271911621094,-7.419832706451416,30.429250717163086
044_brown,put the brown pouch on the tray,5,0,79,3.712,1788426327.1128297,00004_front_put_the_brown_pouch_on_the_tray.png,00004_wrist_put_the_brown_pouch_on_the_tray.png,recap.png,50,15,117,118,-8.43956043956044,-60.967032967032964,58.94505494505494,66.28571428571429,-5.670329670329671,0.821917808219178,-9.251733779907227,-22.429954528808594,37.250205993652344,72.01422119140625,-7.313271999359131,30.47410011291504
044_brown,put the brown pouch on the tray,5,0,79,3.712,1788426327.1128297,00004_front_put_the_brown_pouch_on_the_tray.png,00004_wrist_put_the_brown_pouch_on_the_tray.png,recap.png,50,16,118,119,-8.43956043956044,-60.967032967032964,58.94505494505494,66.28571428571429,-5.670329670329671,0.821917808219178,-9.08293342590332,-21.120567321777344,37.1492919921875,71.97017669677734,-7.25244665145874,30.542869567871094
044_brown,put the brown pouch on the tray,5,0,79,3.712,1788426327.1128297,00004_front_put_the_brown_pouch_on_the_tray.png,00004_wrist_put_the_brown_pouch_on_the_tray.png,recap.png,50,17,119,120,-8.43956043956044,-60.967032967032964,58.94505494505494,66.28571428571429,-5.670329670329671,0.821917808219178,-9.140573501586914,-20.447036743164062,36.59388732910156,71.76329040527344,-7.3171234130859375,30.63129234313965
044_brown,put the brown pouch on the tray,5,0,79,3.712,1788426327.1128297,00004_front_put_the_brown_pouch_on_the_tray.png,00004_wrist_put_the_brown_pouch_on_the_tray.png,recap.png,50,18,120,121,-8.43956043956044,-60.967032967032964,58.94505494505494,66.28571428571429,-5.670329670329671,0.821917808219178,-9.220573425292969,-19.832054138183594,36.10112762451172,71.70477294921875,-7.095554828643799,30.607666015625
044_brown,put the brown pouch on the tray,5,0,79,3.712,1788426327.1128297,00004_front_put_the_brown_pouch_on_the_tray.png,00004_wrist_put_the_brown_pouch_on_the_tray.png,recap.png,50,19,121,122,-8.43956043956044,-60.967032967032964,58.94505494505494,66.28571428571429,-5.670329670329671,0.821917808219178,-9.201814651489258,-18.69922637939453,35.621726989746094,71.70307922363281,-7.01348876953125,30.862306594848633
044_brown,put the brown pouch on the tray,5,0,79,3.712,1788426327.1128297,00004_front_put_the_brown_pouch_on_the_tray.png,00004_wrist_put_the_brown_pouch_on_the_tray.png,recap.png,50,20,122,123,-8.43956043956044,-60.967032967032964,58.94505494505494,66.28571428571429,-5.670329670329671,0.821917808219178,-9.26534652709961,-17.86920928955078,35.322723388671875,71.62120056152344,-7.026144027709961,31.096378326416016
044_brown,put the brown pouch on the tray,5,0,79,3.712,1788426327.1128297,00004_front_put_the_brown_pouch_on_the_tray.png,00004_wrist_put_the_brown_pouch_on_the_tray.png,recap.png,50,21,123,124,-8.43956043956044,-60.967032967032964,58.94505494505494,66.28571428571429,-5.670329670329671,0.821917808219178,-9.29018783569336,-17.22345733642578,35.142059326171875,71.7422866821289,-6.942629814147949,31.389673233032227
044_brown,put the brown pouch on the tray,5,0,79,3.712,1788426327.1128297,00004_front_put_the_brown_pouch_on_the_tray.png,00004_wrist_put_the_brown_pouch_on_the_tray.png,recap.png,50,22,124,125,-8.43956043956044,-60.967032967032964,58.94505494505494,66.28571428571429,-5.670329670329671,0.821917808219178,-9.273723602294922,-15.972053527832031,34.53802490234375,71.40853881835938,-6.912081718444824,31.533735275268555
044_brown,put the brown pouch on the tray,5,0,79,3.712,1788426327.1128297,00004_front_put_the_brown_pouch_on_the_tray.png,00004_wrist_put_the_brown_pouch_on_the_tray.png,recap.png,50,23,125,126,-8.43956043956044,-60.967032967032964,58.94505494505494,66.28571428571429,-5.670329670329671,0.821917808219178,-9.404302597045898,-15.130958557128906,33.739418029785156,71.55958557128906,-6.938985824584961,31.756101608276367
044_brown,put the brown pouch on the tray,5,0,79,3.712,1788426327.1128297,00004_front_put_the_brown_pouch_on_the_tray.png,00004_wrist_put_the_brown_pouch_on_the_tray.png,recap.png,50,24,126,127,-8.43956043956044,-60.967032967032964,58.94505494505494,66.28571428571429,-5.670329670329671,0.821917808219178,-9.501026153564453,-14.239433288574219,34.30860137939453,71.55465698242188,-6.946136474609375,31.93071746826172
044_brown,put the brown pouch on the tray,5,0,79,3.712,1788426327.1128297,00004_front_put_the_brown_pouch_on_the_tray.png,00004_wrist_put_the_brown_pouch_on_the_tray.png,recap.png,50,25,127,128,-8.43956043956044,-60.967032967032964,58.94505494505494,66.28571428571429,-5.670329670329671,0.821917808219178,-9.353498458862305,-13.016250610351562,33.25660705566406,71.41506958007812,-6.813153266906738,32.056331634521484
044_brown,put the brown pouch on the tray,5,0,79,3.712,1788426327.1128297,00004_front_put_the_brown_pouch_on_the_tray.png,00004_wrist_put_the_brown_pouch_on_the_tray.png,recap.png,50,26,128,129,-8.43956043956044,-60.967032967032964,58.94505494505494,66.28571428571429,-5.670329670329671,0.821917808219178,-9.522579193115234,-12.266548156738281,33.22410583496094,71.52266693115234,-6.761163711547852,32.03397750854492
044_brown,put the brown pouch on the tray,6,1,101,4.448,1788426327.8417115,00005_front_put_the_brown_pouch_on_the_tray.png,00005_wrist_put_the_brown_pouch_on_the_tray.png,recap.png,50,0,129,130,-7.648351648351649,-23.252747252747252,40.92307692307692,72.26373626373626,-8.131868131868131,35.273972602739725,-9.749053955078125,-0.009063720703125,35.20618438720703,65.97025299072266,-7.804467678070068,33.31903076171875
044_brown,put the brown pouch on the tray,6,1,101,4.448,1788426327.8417115,00005_front_put_the_brown_pouch_on_the_tray.png,00005_wrist_put_the_brown_pouch_on_the_tray.png,recap.png,50,1,130,131,-7.648351648351649,-23.252747252747252,40.92307692307692,72.26373626373626,-8.131868131868131,35.273972602739725,-9.729652404785156,0.5775680541992188,34.95796203613281,65.90718841552734,-7.9445929527282715,30.644412994384766
044_brown,put the brown pouch on the tray,6,1,101,4.448,1788426327.8417115,00005_front_put_the_brown_pouch_on_the_tray.png,00005_wrist_put_the_brown_pouch_on_the_tray.png,recap.png,50,2,131,132,-7.648351648351649,-23.252747252747252,40.92307692307692,72.26373626373626,-8.131868131868131,35.273972602739725,-9.48133659362793,0.6445541381835938,34.796112060546875,66.02125549316406,-7.78236198425293,27.559328079223633
044_brown,put the brown pouch on the tray,6,1,101,4.448,1788426327.8417115,00005_front_put_the_brown_pouch_on_the_tray.png,00005_wrist_put_the_brown_pouch_on_the_tray.png,recap.png,50,3,132,133,-7.648351648351649,-23.252747252747252,40.92307692307692,72.26373626373626,-8.131868131868131,35.273972602739725,-9.657838821411133,0.265594482421875,34.95226287841797,66.03010559082031,-7.736710071563721,24.314014434814453
044_brown,put the brown pouch on the tray,6,1,101,4.448,1788426327.8417115,00005_front_put_the_brown_pouch_on_the_tray.png,00005_wrist_put_the_brown_pouch_on_the_tray.png,recap.png,50,4,133,134,-7.648351648351649,-23.252747252747252,40.92307692307692,72.26373626373626,-8.131868131868131,35.273972602739725,-9.555597305297852,0.6579208374023438,33.88560485839844,65.83177185058594,-7.5287394523620605,21.16449737548828
044_brown,put the brown pouch on the tray,6,1,101,4.448,1788426327.8417115,00005_front_put_the_brown_pouch_on_the_tray.png,00005_wrist_put_the_brown_pouch_on_the_tray.png,recap.png,50,5,134,135,-7.648351648351649,-23.252747252747252,40.92307692307692,72.26373626373626,-8.131868131868131,35.273972602739725,-9.60672378540039,1.2587661743164062,33.75688171386719,65.80937194824219,-7.377691745758057,18.278112411499023
044_brown,put the brown pouch on the tray,6,1,101,4.448,1788426327.8417115,00005_front_put_the_brown_pouch_on_the_tray.png,00005_wrist_put_the_brown_pouch_on_the_tray.png,recap.png,50,6,135,136,-7.648351648351649,-23.252747252747252,40.92307692307692,72.26373626373626,-8.131868131868131,35.273972602739725,-9.296342849731445,0.4698028564453125,34.467620849609375,66.2293701171875,-7.305157661437988,15.835379600524902
044_brown,put the brown pouch on the tray,6,1,101,4.448,1788426327.8417115,00005_front_put_the_brown_pouch_on_the_tray.png,00005_wrist_put_the_brown_pouch_on_the_tray.png,recap.png,50,7,136,137,-7.648351648351649,-23.252747252747252,40.92307692307692,72.26373626373626,-8.131868131868131,35.273972602739725,-9.60728645324707,0.7147750854492188,33.82636260986328,65.9892349243164,-7.2517595291137695,13.876748085021973
044_brown,put the brown pouch on the tray,6,1,101,4.448,1788426327.8417115,00005_front_put_the_brown_pouch_on_the_tray.png,00005_wrist_put_the_brown_pouch_on_the_tray.png,recap.png,50,8,137,138,-7.648351648351649,-23.252747252747252,40.92307692307692,72.26373626373626,-8.131868131868131,35.273972602739725,-9.536455154418945,1.2365646362304688,33.52904510498047,66.05426788330078,-7.316041469573975,12.361369132995605
044_brown,put the brown pouch on the tray,6,1,101,4.448,1788426327.8417115,00005_front_put_the_brown_pouch_on_the_tray.png,00005_wrist_put_the_brown_pouch_on_the_tray.png,recap.png,50,9,138,139,-7.648351648351649,-23.252747252747252,40.92307692307692,72.26373626373626,-8.131868131868131,35.273972602739725,-9.552072525024414,1.3176803588867188,33.406227111816406,66.21338653564453,-7.450701713562012,11.372101783752441
044_brown,put the brown pouch on the tray,6,1,101,4.448,1788426327.8417115,00005_front_put_the_brown_pouch_on_the_tray.png,00005_wrist_put_the_brown_pouch_on_the_tray.png,recap.png,50,10,139,140,-7.648351648351649,-23.252747252747252,40.92307692307692,72.26373626373626,-8.131868131868131,35.273972602739725,-9.546480178833008,1.4209671020507812,33.03102111816406,66.52667236328125,-7.350018501281738,10.721367835998535
044_brown,put the brown pouch on the tray,6,1,101,4.448,1788426327.8417115,00005_front_put_the_brown_pouch_on_the_tray.png,00005_wrist_put_the_brown_pouch_on_the_tray.png,recap.png,50,11,140,141,-7.648351648351649,-23.252747252747252,40.92307692307692,72.26373626373626,-8.131868131868131,35.273972602739725,-9.619180679321289,1.1002883911132812,32.87812805175781,66.84889221191406,-7.497744083404541,10.52713394165039
044_brown,put the brown pouch on the tray,6,1,101,4.448,1788426327.8417115,00005_front_put_the_brown_pouch_on_the_tray.png,00005_wrist_put_the_brown_pouch_on_the_tray.png,recap.png,50,12,141,142,-7.648351648351649,-23.252747252747252,40.92307692307692,72.26373626373626,-8.131868131868131,35.273972602739725,-9.891216278076172,2.0794906616210938,31.902297973632812,66.83436584472656,-7.49294900894165,10.696256637573242
044_brown,put the brown pouch on the tray,6,1,101,4.448,1788426327.8417115,00005_front_put_the_brown_pouch_on_the_tray.png,00005_wrist_put_the_brown_pouch_on_the_tray.png,recap.png,50,13,142,143,-7.648351648351649,-23.252747252747252,40.92307692307692,72.26373626373626,-8.131868131868131,35.273972602739725,-9.789316177368164,2.192352294921875,31.703216552734375,67.14067840576172,-7.605719566345215,10.695077896118164
044_brown,put the brown pouch on the tray,6,1,101,4.448,1788426327.8417115,00005_front_put_the_brown_pouch_on_the_tray.png,00005_wrist_put_the_brown_pouch_on_the_tray.png,recap.png,50,14,143,144,-7.648351648351649,-23.252747252747252,40.92307692307692,72.26373626373626,-8.131868131868131,35.273972602739725,-9.902795791625977,2.2548675537109375,31.52033233642578,67.56937408447266,-7.627178192138672,10.63585376739502
044_brown,put the brown pouch on the tray,6,1,101,4.448,1788426327.8417115,00005_front_put_the_brown_pouch_on_the_tray.png,00005_wrist_put_the_brown_pouch_on_the_tray.png,recap.png,50,15,144,145,-7.648351648351649,-23.252747252747252,40.92307692307692,72.26373626373626,-8.131868131868131,35.273972602739725,-10.076028823852539,1.7381210327148438,30.66271209716797,67.71367645263672,-7.713920593261719,10.67377758026123
044_brown,put the brown pouch on the tray,6,1,101,4.448,1788426327.8417115,00005_front_put_the_brown_pouch_on_the_tray.png,00005_wrist_put_the_brown_pouch_on_the_tray.png,recap.png,50,16,145,146,-7.648351648351649,-23.252747252747252,40.92307692307692,72.26373626373626,-8.131868131868131,35.273972602739725,-10.083414077758789,2.365203857421875,30.353477478027344,68.35529327392578,-7.734828948974609,10.151055335998535
044_brown,put the brown pouch on the tray,6,1,101,4.448,1788426327.8417115,00005_front_put_the_brown_pouch_on_the_tray.png,00005_wrist_put_the_brown_pouch_on_the_tray.png,recap.png,50,17,146,147,-7.648351648351649,-23.252747252747252,40.92307692307692,72.26373626373626,-8.131868131868131,35.273972602739725,-9.964855194091797,2.8406219482421875,29.508834838867188,69.36417388916016,-7.733883857727051,9.75658893585205
044_brown,put the brown pouch on the tray,6,1,101,4.448,1788426327.8417115,00005_front_put_the_brown_pouch_on_the_tray.png,00005_wrist_put_the_brown_pouch_on_the_tray.png,recap.png,50,18,147,148,-7.648351648351649,-23.252747252747252,40.92307692307692,72.26373626373626,-8.131868131868131,35.273972602739725,-10.009092330932617,2.9449615478515625,29.18584442138672,70.33739471435547,-7.984987258911133,9.456713676452637
044_brown,put the brown pouch on the tray,6,1,101,4.448,1788426327.8417115,00005_front_put_the_brown_pouch_on_the_tray.png,00005_wrist_put_the_brown_pouch_on_the_tray.png,recap.png,50,19,148,149,-7.648351648351649,-23.252747252747252,40.92307692307692,72.26373626373626,-8.131868131868131,35.273972602739725,-10.205350875854492,2.4013519287109375,28.162681579589844,71.793212890625,-8.1401948928833,9.235475540161133
044_brown,put the brown pouch on the tray,6,1,101,4.448,1788426327.8417115,00005_front_put_the_brown_pouch_on_the_tray.png,00005_wrist_put_the_brown_pouch_on_the_tray.png,recap.png,50,20,149,150,-7.648351648351649,-23.252747252747252,40.92307692307692,72.26373626373626,-8.131868131868131,35.273972602739725,-10.139585494995117,2.9800872802734375,26.631561279296875,73.04973602294922,-8.134060859680176,9.167058944702148
044_brown,put the brown pouch on the tray,6,1,101,4.448,1788426327.8417115,00005_front_put_the_brown_pouch_on_the_tray.png,00005_wrist_put_the_brown_pouch_on_the_tray.png,recap.png,50,21,150,151,-7.648351648351649,-23.252747252747252,40.92307692307692,72.26373626373626,-8.131868131868131,35.273972602739725,-10.318059921264648,2.55029296875,25.65166473388672,74.46150970458984,-8.2977933883667,9.13428020477295
044_brown,put the brown pouch on the tray,7,1,128,5.518,1788426328.910322,00006_front_put_the_brown_pouch_on_the_tray.png,00006_wrist_put_the_brown_pouch_on_the_tray.png,recap.png,50,0,151,152,-9.31868131868132,-14.461538461538462,36.43956043956044,72.17582417582418,-7.428571428571429,31.506849315068493,-10.16543960571289,4.513824462890625,33.43128967285156,68.09376525878906,-7.228196620941162,31.798328399658203
044_brown,put the brown pouch on the tray,7,1,128,5.518,1788426328.910322,00006_front_put_the_brown_pouch_on_the_tray.png,00006_wrist_put_the_brown_pouch_on_the_tray.png,recap.png,50,1,152,153,-9.31868131868132,-14.461538461538462,36.43956043956044,72.17582417582418,-7.428571428571429,31.506849315068493,-10.120595932006836,5.453643798828125,32.791099548339844,68.1789321899414,-7.279256820678711,29.26068115234375
044_brown,put the brown pouch on the tray,7,1,128,5.518,1788426328.910322,00006_front_put_the_brown_pouch_on_the_tray.png,00006_wrist_put_the_brown_pouch_on_the_tray.png,recap.png,50,2,153,154,-9.31868131868132,-14.461538461538462,36.43956043956044,72.17582417582418,-7.428571428571429,31.506849315068493,-10.362865447998047,5.0200042724609375,32.57115936279297,68.37405395507812,-7.388907432556152,25.242006301879883
044_brown,put the brown pouch on the tray,7,1,128,5.518,1788426328.910322,00006_front_put_the_brown_pouch_on_the_tray.png,00006_wrist_put_the_brown_pouch_on_the_tray.png,recap.png,50,3,154,155,-9.31868131868132,-14.461538461538462,36.43956043956044,72.17582417582418,-7.428571428571429,31.506849315068493,-10.088642120361328,4.424339294433594,32.34001159667969,68.37898254394531,-7.3492960929870605,21.071603775024414
044_brown,put the brown pouch on the tray,7,1,128,5.518,1788426328.910322,00006_front_put_the_brown_pouch_on_the_tray.png,00006_wrist_put_the_brown_pouch_on_the_tray.png,recap.png,50,4,155,156,-9.31868131868132,-14.461538461538462,36.43956043956044,72.17582417582418,-7.428571428571429,31.506849315068493,-10.106599807739258,3.5774078369140625,31.480911254882812,68.25747680664062,-7.514942169189453,16.910053253173828
044_brown,put the brown pouch on the tray,7,1,128,5.518,1788426328.910322,00006_front_put_the_brown_pouch_on_the_tray.png,00006_wrist_put_the_brown_pouch_on_the_tray.png,recap.png,50,5,156,157,-9.31868131868132,-14.461538461538462,36.43956043956044,72.17582417582418,-7.428571428571429,31.506849315068493,-10.472339630126953,4.630134582519531,32.10498046875,68.265380859375,-7.27051305770874,13.438286781311035
044_brown,put the brown pouch on the tray,7,1,128,5.518,1788426328.910322,00006_front_put_the_brown_pouch_on_the_tray.png,00006_wrist_put_the_brown_pouch_on_the_tray.png,recap.png,50,6,157,158,-9.31868131868132,-14.461538461538462,36.43956043956044,72.17582417582418,-7.428571428571429,31.506849315068493,-10.13534164428711,4.738090515136719,30.916236877441406,68.27627563476562,-7.331814765930176,11.388386726379395
044_brown,put the brown pouch on the tray,7,1,128,5.518,1788426328.910322,00006_front_put_the_brown_pouch_on_the_tray.png,00006_wrist_put_the_brown_pouch_on_the_tray.png,recap.png,50,7,158,159,-9.31868131868132,-14.461538461538462,36.43956043956044,72.17582417582418,-7.428571428571429,31.506849315068493,-10.579954147338867,3.5955581665039062,31.573272705078125,68.47083282470703,-7.341146469116211,10.318285942077637
044_brown,put the brown pouch on the tray,7,1,128,5.518,1788426328.910322,00006_front_put_the_brown_pouch_on_the_tray.png,00006_wrist_put_the_brown_pouch_on_the_tray.png,recap.png,50,8,159,160,-9.31868131868132,-14.461538461538462,36.43956043956044,72.17582417582418,-7.428571428571429,31.506849315068493,-11.08207893371582,4.33599853515625,30.61699676513672,68.41363525390625,-7.500221252441406,9.793120384216309
044_brown,put the brown pouch on the tray,7,1,128,5.518,1788426328.910322,00006_front_put_the_brown_pouch_on_the_tray.png,00006_wrist_put_the_brown_pouch_on_the_tray.png,recap.png,50,9,160,161,-9.31868131868132,-14.461538461538462,36.43956043956044,72.17582417582418,-7.428571428571429,31.506849315068493,-11.14501953125,3.7999496459960938,30.589996337890625,68.64503479003906,-7.530282497406006,9.6080322265625
044_brown,put the brown pouch on the tray,7,1,128,5.518,1788426328.910322,00006_front_put_the_brown_pouch_on_the_tray.png,00006_wrist_put_the_brown_pouch_on_the_tray.png,recap.png,50,10,161,162,-9.31868131868132,-14.461538461538462,36.43956043956044,72.17582417582418,-7.428571428571429,31.506849315068493,-11.498382568359375,3.8173065185546875,30.623214721679688,68.99385070800781,-7.625533103942871,9.397195816040039
044_brown,put the brown pouch on the tray,7,1,128,5.518,1788426328.910322,00006_front_put_the_brown_pouch_on_the_tray.png,00006_wrist_put_the_brown_pouch_on_the_tray.png,recap.png,50,11,162,163,-9.31868131868132,-14.461538461538462,36.43956043956044,72.17582417582418,-7.428571428571429,31.506849315068493,-11.913089752197266,2.9607696533203125,30.25110626220703,68.7958984375,-7.491994857788086,8.897957801818848
044_brown,put the brown pouch on the tray,7,1,128,5.518,1788426328.910322,00006_front_put_the_brown_pouch_on_the_tray.png,00006_wrist_put_the_brown_pouch_on_the_tray.png,recap.png,50,12,163,164,-9.31868131868132,-14.461538461538462,36.43956043956044,72.17582417582418,-7.428571428571429,31.506849315068493,-12.044849395751953,3.3365478515625,30.261489868164062,69.12609100341797,-7.577125549316406,8.936261177062988
044_brown,put the brown pouch on the tray,7,1,128,5.518,1788426328.910322,00006_front_put_the_brown_pouch_on_the_tray.png,00006_wrist_put_the_brown_pouch_on_the_tray.png,recap.png,50,13,164,165,-9.31868131868132,-14.461538461538462,36.43956043956044,72.17582417582418,-7.428571428571429,31.506849315068493,-12.287591934204102,4.11077880859375,29.19255828857422,69.30950164794922,-7.800760269165039,9.151875495910645
044_brown,put the brown pouch on the tray,7,1,128,5.518,1788426328.910322,00006_front_put_the_brown_pouch_on_the_tray.png,00006_wrist_put_the_brown_pouch_on_the_tray.png,recap.png,50,14,165,166,-9.31868131868132,-14.461538461538462,36.43956043956044,72.17582417582418,-7.428571428571429,31.506849315068493,-12.37693977355957,3.985870361328125,29.476280212402344,69.65158081054688,-7.631691932678223,8.844962120056152
044_brown,put the brown pouch on the tray,7,1,128,5.518,1788426328.910322,00006_front_put_the_brown_pouch_on_the_tray.png,00006_wrist_put_the_brown_pouch_on_the_tray.png,recap.png,50,15,166,167,-9.31868131868132,-14.461538461538462,36.43956043956044,72.17582417582418,-7.428571428571429,31.506849315068493,-12.638652801513672,3.45965576171875,29.41692352294922,70.03990936279297,-7.635438919067383,8.567623138427734
044_brown,put the brown pouch on the tray,7,1,128,5.518,1788426328.910322,00006_front_put_the_brown_pouch_on_the_tray.png,00006_wrist_put_the_brown_pouch_on_the_tray.png,recap.png,50,16,167,168,-9.31868131868132,-14.461538461538462,36.43956043956044,72.17582417582418,-7.428571428571429,31.506849315068493,-12.625398635864258,3.2706756591796875,28.88861846923828,70.42964172363281,-7.682418346405029,8.481790542602539
044_brown,put the brown pouch on the tray,7,1,128,5.518,1788426328.910322,00006_front_put_the_brown_pouch_on_the_tray.png,00006_wrist_put_the_brown_pouch_on_the_tray.png,recap.png,50,17,168,169,-9.31868131868132,-14.461538461538462,36.43956043956044,72.17582417582418,-7.428571428571429,31.506849315068493,-12.893638610839844,3.8589019775390625,28.629226684570312,71.1644515991211,-7.836921691894531,8.059576034545898
044_brown,put the brown pouch on the tray,7,1,128,5.518,1788426328.910322,00006_front_put_the_brown_pouch_on_the_tray.png,00006_wrist_put_the_brown_pouch_on_the_tray.png,recap.png,50,18,169,170,-9.31868131868132,-14.461538461538462,36.43956043956044,72.17582417582418,-7.428571428571429,31.506849315068493,-13.064245223999023,3.28741455078125,27.87921142578125,71.80590057373047,-7.888798236846924,7.959383964538574
044_brown,put the brown pouch on the tray,7,1,128,5.518,1788426328.910322,00006_front_put_the_brown_pouch_on_the_tray.png,00006_wrist_put_the_brown_pouch_on_the_tray.png,recap.png,50,19,170,171,-9.31868131868132,-14.461538461538462,36.43956043956044,72.17582417582418,-7.428571428571429,31.506849315068493,-13.175106048583984,2.7391128540039062,27.288719177246094,72.99066925048828,-7.959986686706543,7.931847095489502
044_brown,put the brown pouch on the tray,7,1,128,5.518,1788426328.910322,00006_front_put_the_brown_pouch_on_the_tray.png,00006_wrist_put_the_brown_pouch_on_the_tray.png,recap.png,50,20,171,172,-9.31868131868132,-14.461538461538462,36.43956043956044,72.17582417582418,-7.428571428571429,31.506849315068493,-13.458309173583984,2.0532302856445312,26.3529052734375,74.20329284667969,-7.941270351409912,7.880809783935547
044_brown,put the brown pouch on the tray,7,1,128,5.518,1788426328.910322,00006_front_put_the_brown_pouch_on_the_tray.png,00006_wrist_put_the_brown_pouch_on_the_tray.png,recap.png,50,21,172,173,-9.31868131868132,-14.461538461538462,36.43956043956044,72.17582417582418,-7.428571428571429,31.506849315068493,-13.36610221862793,0.9955520629882812,25.916030883789062,75.25715637207031,-8.091741561889648,8.122246742248535
044_brown,put the brown pouch on the tray,7,1,128,5.518,1788426328.910322,00006_front_put_the_brown_pouch_on_the_tray.png,00006_wrist_put_the_brown_pouch_on_the_tray.png,recap.png,50,22,173,174,-9.31868131868132,-14.461538461538462,36.43956043956044,72.17582417582418,-7.428571428571429,31.506849315068493,-13.492849349975586,0.21111297607421875,25.020950317382812,76.61690521240234,-8.105301856994629,8.246366500854492
044_brown,put the brown pouch on the tray,7,1,128,5.518,1788426328.910322,00006_front_put_the_brown_pouch_on_the_tray.png,00006_wrist_put_the_brown_pouch_on_the_tray.png,recap.png,50,23,174,175,-9.31868131868132,-14.461538461538462,36.43956043956044,72.17582417582418,-7.428571428571429,31.506849315068493,-13.60544204711914,-0.80584716796875,24.29967498779297,77.89804077148438,-8.077310562133789,8.308374404907227
044_brown,put the brown pouch on the tray,8,1,150,6.287,1788426329.6799726,00007_front_put_the_brown_pouch_on_the_tray.png,00007_wrist_put_the_brown_pouch_on_the_tray.png,recap.png,50,0,175,176,-9.582417582417582,0.9230769230769231,28.52747252747253,69.89010989010988,-7.604395604395604,16.027397260273972,-5.486994743347168,-19.62908363342285,19.336816787719727,88.49040222167969,-6.578802585601807,7.322139739990234
044_brown,put the brown pouch on the tray,8,1,150,6.287,1788426329.6799726,00007_front_put_the_brown_pouch_on_the_tray.png,00007_wrist_put_the_brown_pouch_on_the_tray.png,recap.png,50,1,176,177,-9.582417582417582,0.9230769230769231,28.52747252747253,69.89010989010988,-7.604395604395604,16.027397260273972,-4.811928749084473,-19.935930252075195,18.980131149291992,88.88331604003906,-6.03072452545166,7.23750638961792
044_brown,put the brown pouch on the tray,8,1,150,6.287,1788426329.6799726,00007_front_put_the_brown_pouch_on_the_tray.png,00007_wrist_put_the_brown_pouch_on_the_tray.png,recap.png,50,2,177,178,-9.582417582417582,0.9230769230769231,28.52747252747253,69.89010989010988,-7.604395604395604,16.027397260273972,-3.956827402114868,-20.428010940551758,18.86951446533203,89.2171630859375,-5.703947067260742,7.218522071838379
044_brown,put the brown pouch on the tray,8,1,150,6.287,1788426329.6799726,00007_front_put_the_brown_pouch_on_the_tray.png,00007_wrist_put_the_brown_pouch_on_the_tray.png,recap.png,50,3,178,179,-9.582417582417582,0.9230769230769231,28.52747252747253,69.89010989010988,-7.604395604395604,16.027397260273972,1.5299034118652344,-27.18951416015625,16.661163330078125,92.52584838867188,-3.8749828338623047,6.888238430023193
044_brown,put the brown pouch on the tray,8,1,150,6.287,1788426329.6799726,00007_front_put_the_brown_pouch_on_the_tray.png,00007_wrist_put_the_brown_pouch_on_the_tray.png,recap.png,50,4,179,180,-9.582417582417582,0.9230769230769231,28.52747252747253,69.89010989010988,-7.604395604395604,16.027397260273972,3.005657196044922,-26.96636962890625,15.353263854980469,92.25395202636719,-3.1020050048828125,6.970524787902832
044_brown,put the brown pouch on the tray,8,1,150,6.287,1788426329.6799726,00007_front_put_the_brown_pouch_on_the_tray.png,00007_wrist_put_the_brown_pouch_on_the_tray.png,recap.png,50,5,180,181,-9.582417582417582,0.9230769230769231,28.52747252747253,69.89010989010988,-7.604395604395604,16.027397260273972,4.103584289550781,-27.359695434570312,16.024635314941406,92.2901611328125,-2.2333078384399414,6.846294403076172
044_brown,put the brown pouch on the tray,8,1,150,6.287,1788426329.6799726,00007_front_put_the_brown_pouch_on_the_tray.png,00007_wrist_put_the_brown_pouch_on_the_tray.png,recap.png,50,6,181,182,-9.582417582417582,0.9230769230769231,28.52747252747253,69.89010989010988,-7.604395604395604,16.027397260273972,5.449199676513672,-27.62395477294922,15.317543029785156,91.95303344726562,-1.1941871643066406,6.863133430480957
044_brown,put the brown pouch on the tray,8,1,150,6.287,1788426329.6799726,00007_front_put_the_brown_pouch_on_the_tray.png,00007_wrist_put_the_brown_pouch_on_the_tray.png,recap.png,50,7,182,183,-9.582417582417582,0.9230769230769231,28.52747252747253,69.89010989010988,-7.604395604395604,16.027397260273972,6.936470031738281,-27.46318817138672,14.439102172851562,92.09799194335938,-0.2563762664794922,6.906032085418701
044_brown,put the brown pouch on the tray,8,1,150,6.287,1788426329.6799726,00007_front_put_the_brown_pouch_on_the_tray.png,00007_wrist_put_the_brown_pouch_on_the_tray.png,recap.png,50,8,183,184,-9.582417582417582,0.9230769230769231,28.52747252747253,69.89010989010988,-7.604395604395604,16.027397260273972,8.316680908203125,-27.423904418945312,14.040435791015625,91.96281433105469,1.0002498626708984,6.7736945152282715
044_brown,put the brown pouch on the tray,8,1,150,6.287,1788426329.6799726,00007_front_put_the_brown_pouch_on_the_tray.png,00007_wrist_put_the_brown_pouch_on_the_tray.png,recap.png,50,9,184,185,-9.582417582417582,0.9230769230769231,28.52747252747253,69.89010989010988,-7.604395604395604,16.027397260273972,9.524398803710938,-27.630767822265625,13.261856079101562,91.71516418457031,1.759176254272461,6.940951347351074
044_brown,put the brown pouch on the tray,8,1,150,6.287,1788426329.6799726,00007_front_put_the_brown_pouch_on_the_tray.png,00007_wrist_put_the_brown_pouch_on_the_tray.png,recap.png,50,10,185,186,-9.582417582417582,0.9230769230769231,28.52747252747253,69.89010989010988,-7.604395604395604,16.027397260273972,10.722663879394531,-26.536819458007812,12.475990295410156,91.50544738769531,2.6233787536621094,7.031728267669678
044_brown,put the brown pouch on the tray,8,1,150,6.287,1788426329.6799726,00007_front_put_the_brown_pouch_on_the_tray.png,00007_wrist_put_the_brown_pouch_on_the_tray.png,recap.png,50,11,186,187,-9.582417582417582,0.9230769230769231,28.52747252747253,69.89010989010988,-7.604395604395604,16.027397260273972,12.501976013183594,-25.676918029785156,12.002998352050781,91.23976135253906,3.598381996154785,6.883877277374268
044_brown,put the brown pouch on the tray,8,1,150,6.287,1788426329.6799726,00007_front_put_the_brown_pouch_on_the_tray.png,00007_wrist_put_the_brown_pouch_on_the_tray.png,recap.png,50,12,187,188,-9.582417582417582,0.9230769230769231,28.52747252747253,69.89010989010988,-7.604395604395604,16.027397260273972,13.48065185546875,-26.008621215820312,12.146728515625,90.52864074707031,4.23106575012207,7.078056812286377
044_brown,put the brown pouch on the tray,8,1,150,6.287,1788426329.6799726,00007_front_put_the_brown_pouch_on_the_tray.png,00007_wrist_put_the_brown_pouch_on_the_tray.png,recap.png,50,13,188,189,-9.582417582417582,0.9230769230769231,28.52747252747253,69.89010989010988,-7.604395604395604,16.027397260273972,14.718833923339844,-25.9041748046875,11.300796508789062,90.0313949584961,4.910369873046875,7.211948871612549
044_brown,put the brown pouch on the tray,8,1,150,6.287,1788426329.6799726,00007_front_put_the_brown_pouch_on_the_tray.png,00007_wrist_put_the_brown_pouch_on_the_tray.png,recap.png,50,14,189,190,-9.582417582417582,0.9230769230769231,28.52747252747253,69.89010989010988,-7.604395604395604,16.027397260273972,16.0919189453125,-25.326087951660156,9.717544555664062,89.07746124267578,5.450019836425781,7.122365474700928
044_brown,put the brown pouch on the tray,8,1,150,6.287,1788426329.6799726,00007_front_put_the_brown_pouch_on_the_tray.png,00007_wrist_put_the_brown_pouch_on_the_tray.png,recap.png,50,15,190,191,-9.582417582417582,0.9230769230769231,28.52747252747253,69.89010989010988,-7.604395604395604,16.027397260273972,17.01435089111328,-24.1265869140625,10.800064086914062,88.17135620117188,5.91932487487793,7.1469807624816895
044_brown,put the brown pouch on the tray,8,1,150,6.287,1788426329.6799726,00007_front_put_the_brown_pouch_on_the_tray.png,00007_wrist_put_the_brown_pouch_on_the_tray.png,recap.png,50,16,191,192,-9.582417582417582,0.9230769230769231,28.52747252747253,69.89010989010988,-7.604395604395604,16.027397260273972,17.86810302734375,-24.3192138671875,10.205795288085938,87.31593322753906,6.220428466796875,7.113314628601074
044_brown,put the brown pouch on the tray,8,1,150,6.287,1788426329.6799726,00007_front_put_the_brown_pouch_on_the_tray.png,00007_wrist_put_the_brown_pouch_on_the_tray.png,recap.png,50,17,192,193,-9.582417582417582,0.9230769230769231,28.52747252747253,69.89010989010988,-7.604395604395604,16.027397260273972,18.742679595947266,-22.985076904296875,9.211494445800781,85.89208984375,6.421747207641602,7.247406005859375
044_brown,put the brown pouch on the tray,8,1,150,6.287,1788426329.6799726,00007_front_put_the_brown_pouch_on_the_tray.png,00007_wrist_put_the_brown_pouch_on_the_tray.png,recap.png,50,18,193,194,-9.582417582417582,0.9230769230769231,28.52747252747253,69.89010989010988,-7.604395604395604,16.027397260273972,19.699138641357422,-22.44084930419922,9.563796997070312,85.06327819824219,6.619470596313477,7.291277885437012
044_brown,put the brown pouch on the tray,8,1,150,6.287,1788426329.6799726,00007_front_put_the_brown_pouch_on_the_tray.png,00007_wrist_put_the_brown_pouch_on_the_tray.png,recap.png,50,19,194,195,-9.582417582417582,0.9230769230769231,28.52747252747253,69.89010989010988,-7.604395604395604,16.027397260273972,20.497222900390625,-21.11420440673828,9.549362182617188,84.10333251953125,6.603923797607422,7.35296106338501
044_brown,put the brown pouch on the tray,8,1,150,6.287,1788426329.6799726,00007_front_put_the_brown_pouch_on_the_tray.png,00007_wrist_put_the_brown_pouch_on_the_tray.png,recap.png,50,20,195,196,-9.582417582417582,0.9230769230769231,28.52747252747253,69.89010989010988,-7.604395604395604,16.027397260273972,21.245643615722656,-20.356002807617188,9.4564208984375,83.10359954833984,6.803888320922852,7.439847469329834
044_brown,put the brown pouch on the tray,8,1,150,6.287,1788426329.6799726,00007_front_put_the_brown_pouch_on_the_tray.png,00007_wrist_put_the_brown_pouch_on_the_tray.png,recap.png,50,21,196,197,-9.582417582417582,0.9230769230769231,28.52747252747253,69.89010989010988,-7.604395604395604,16.027397260273972,21.670291900634766,-19.60938262939453,8.489295959472656,82.29039764404297,6.851598739624023,7.2290215492248535
044_brown,put the brown pouch on the tray,8,1,150,6.287,1788426329.6799726,00007_front_put_the_brown_pouch_on_the_tray.png,00007_wrist_put_the_brown_pouch_on_the_tray.png,recap.png,50,22,197,198,-9.582417582417582,0.9230769230769231,28.52747252747253,69.89010989010988,-7.604395604395604,16.027397260273972,22.703956604003906,-17.868385314941406,8.335914611816406,81.5604476928711,7.027553558349609,7.345555782318115
044_brown,put the brown pouch on the tray,8,1,150,6.287,1788426329.6799726,00007_front_put_the_brown_pouch_on_the_tray.png,00007_wrist_put_the_brown_pouch_on_the_tray.png,recap.png,50,23,198,199,-9.582417582417582,0.9230769230769231,28.52747252747253,69.89010989010988,-7.604395604395604,16.027397260273972,23.15705108642578,-17.531356811523438,7.298164367675781,80.69337463378906,7.182178497314453,7.374844074249268
044_brown,put the brown pouch on the tray,8,1,150,6.287,1788426329.6799726,00007_front_put_the_brown_pouch_on_the_tray.png,00007_wrist_put_the_brown_pouch_on_the_tray.png,recap.png,50,24,199,200,-9.582417582417582,0.9230769230769231,28.52747252747253,69.89010989010988,-7.604395604395604,16.027397260273972,23.48802947998047,-16.4495849609375,7.756313323974609,79.58782958984375,7.640453338623047,7.5707244873046875
044_brown,put the brown pouch on the tray,9,0,174,7.323,1788426330.7273638,00008_front_put_the_brown_pouch_on_the_tray.png,00008_wrist_put_the_brown_pouch_on_the_tray.png,recap.png,50,0,200,201,-11.516483516483516,2.065934065934066,26.153846153846153,72.79120879120879,-7.516483516483516,16.232876712328768,-0.5606060028076172,-23.575950622558594,13.197067260742188,91.69926452636719,-5.54425573348999,6.75456428527832
044_brown,put the brown pouch on the tray,9,0,174,7.323,1788426330.7273638,00008_front_put_the_brown_pouch_on_the_tray.png,00008_wrist_put_the_brown_pouch_on_the_tray.png,recap.png,50,1,201,202,-11.516483516483516,2.065934065934066,26.153846153846153,72.79120879120879,-7.516483516483516,16.232876712328768,1.0499458312988281,-24.53717041015625,12.485069274902344,91.70423889160156,-4.767166614532471,6.762441158294678
044_brown,put the brown pouch on the tray,9,0,174,7.323,1788426330.7273638,00008_front_put_the_brown_pouch_on_the_tray.png,00008_wrist_put_the_brown_pouch_on_the_tray.png,recap.png,50,2,202,203,-11.516483516483516,2.065934065934066,26.153846153846153,72.79120879120879,-7.516483516483516,16.232876712328768,2.1187896728515625,-23.966812133789062,12.930587768554688,91.73407745361328,-3.8133535385131836,6.764708995819092
044_brown,put the brown pouch on the tray,9,0,174,7.323,1788426330.7273638,00008_front_put_the_brown_pouch_on_the_tray.png,00008_wrist_put_the_brown_pouch_on_the_tray.png,recap.png,50,3,203,204,-11.516483516483516,2.065934065934066,26.153846153846153,72.79120879120879,-7.516483516483516,16.232876712328768,3.6287384033203125,-23.680892944335938,12.322174072265625,91.42471313476562,-2.9800243377685547,6.907219886779785
044_brown,put the brown pouch on the tray,9,0,174,7.323,1788426330.7273638,00008_front_put_the_brown_pouch_on_the_tray.png,00008_wrist_put_the_brown_pouch_on_the_tray.png,recap.png,50,4,204,205,-11.516483516483516,2.065934065934066,26.153846153846153,72.79120879120879,-7.516483516483516,16.232876712328768,5.096988677978516,-24.232162475585938,12.717811584472656,91.39575958251953,-1.8432912826538086,6.783144474029541
044_brown,put the brown pouch on the tray,9,0,174,7.323,1788426330.7273638,00008_front_put_the_brown_pouch_on_the_tray.png,00008_wrist_put_the_brown_pouch_on_the_tray.png,recap.png,50,5,205,206,-11.516483516483516,2.065934065934066,26.153846153846153,72.79120879120879,-7.516483516483516,16.232876712328768,6.631233215332031,-22.66058349609375,12.323432922363281,90.94610595703125,-1.285165786743164,6.7902045249938965
044_brown,put the brown pouch on the tray,9,0,174,7.323,1788426330.7273638,00008_front_put_the_brown_pouch_on_the_tray.png,00008_wrist_put_the_brown_pouch_on_the_tray.png,recap.png,50,6,206,207,-11.516483516483516,2.065934065934066,26.153846153846153,72.79120879120879,-7.516483516483516,16.232876712328768,8.158546447753906,-23.099105834960938,12.739921569824219,90.727294921875,-0.5791950225830078,6.897925853729248
044_brown,put the brown pouch on the tray,9,0,174,7.323,1788426330.7273638,00008_front_put_the_brown_pouch_on_the_tray.png,00008_wrist_put_the_brown_pouch_on_the_tray.png,recap.png,50,7,207,208,-11.516483516483516,2.065934065934066,26.153846153846153,72.79120879120879,-7.516483516483516,16.232876712328768,9.55966567993164,-22.24267578125,11.669212341308594,90.51580810546875,0.07305717468261719,6.907161235809326
044_brown,put the brown pouch on the tray,9,0,174,7.323,1788426330.7273638,00008_front_put_the_brown_pouch_on_the_tray.png,00008_wrist_put_the_brown_pouch_on_the_tray.png,recap.png,50,8,208,209,-11.516483516483516,2.065934065934066,26.153846153846153,72.79120879120879,-7.516483516483516,16.232876712328768,10.77719497680664,-22.229400634765625,12.148506164550781,89.76268768310547,0.7227649688720703,6.929019451141357
044_brown,put the brown pouch on the tray,9,0,174,7.323,1788426330.7273638,00008_front_put_the_brown_pouch_on_the_tray.png,00008_wrist_put_the_brown_pouch_on_the_tray.png,recap.png,50,9,209,210,-11.516483516483516,2.065934065934066,26.153846153846153,72.79120879120879,-7.516483516483516,16.232876712328768,11.817020416259766,-21.85424041748047,12.075996398925781,89.59070587158203,1.5766000747680664,6.918107986450195
044_brown,put the brown pouch on the tray,9,0,174,7.323,1788426330.7273638,00008_front_put_the_brown_pouch_on_the_tray.png,00008_wrist_put_the_brown_pouch_on_the_tray.png,recap.png,50,10,210,211,-11.516483516483516,2.065934065934066,26.153846153846153,72.79120879120879,-7.516483516483516,16.232876712328768,12.752750396728516,-21.94464111328125,11.588401794433594,88.78047943115234,2.499002456665039,6.937061786651611
044_brown,put the brown pouch on the tray,9,0,174,7.323,1788426330.7273638,00008_front_put_the_brown_pouch_on_the_tray.png,00008_wrist_put_the_brown_pouch_on_the_tray.png,recap.png,50,11,211,212,-11.516483516483516,2.065934065934066,26.153846153846153,72.79120879120879,-7.516483516483516,16.232876712328768,14.208976745605469,-20.639915466308594,11.950653076171875,88.47634887695312,3.285952568054199,7.059700012207031
044_brown,put the brown pouch on the tray,9,0,174,7.323,1788426330.7273638,00008_front_put_the_brown_pouch_on_the_tray.png,00008_wrist_put_the_brown_pouch_on_the_tray.png,recap.png,50,12,212,213,-11.516483516483516,2.065934065934066,26.153846153846153,72.79120879120879,-7.516483516483516,16.232876712328768,15.04220199584961,-20.768310546875,10.804206848144531,87.78022003173828,3.8059911727905273,7.011326789855957
044_brown,put the brown pouch on the tray,9,0,174,7.323,1788426330.7273638,00008_front_put_the_brown_pouch_on_the_tray.png,00008_wrist_put_the_brown_pouch_on_the_tray.png,recap.png,50,13,213,214,-11.516483516483516,2.065934065934066,26.153846153846153,72.79120879120879,-7.516483516483516,16.232876712328768,16.065574645996094,-19.766220092773438,10.412750244140625,87.24569702148438,4.389640808105469,7.025688171386719
044_brown,put the brown pouch on the tray,9,0,174,7.323,1788426330.7273638,00008_front_put_the_brown_pouch_on_the_tray.png,00008_wrist_put_the_brown_pouch_on_the_tray.png,recap.png,50,14,214,215,-11.516483516483516,2.065934065934066,26.153846153846153,72.79120879120879,-7.516483516483516,16.232876712328768,17.38540267944336,-19.43341064453125,9.905044555664062,86.7481689453125,4.954256057739258,6.925434589385986
044_brown,put the brown pouch on the tray,9,0,174,7.323,1788426330.7273638,00008_front_put_the_brown_pouch_on_the_tray.png,00008_wrist_put_the_brown_pouch_on_the_tray.png,recap.png,50,15,215,216,-11.516483516483516,2.065934065934066,26.153846153846153,72.79120879120879,-7.516483516483516,16.232876712328768,18.435039520263672,-18.306053161621094,9.773101806640625,86.04500579833984,5.315620422363281,7.179961204528809
044_brown,put the brown pouch on the tray,9,0,174,7.323,1788426330.7273638,00008_front_put_the_brown_pouch_on_the_tray.png,00008_wrist_put_the_brown_pouch_on_the_tray.png,recap.png,50,16,216,217,-11.516483516483516,2.065934065934066,26.153846153846153,72.79120879120879,-7.516483516483516,16.232876712328768,19.29296112060547,-18.339256286621094,9.036209106445312,85.51113891601562,5.650047302246094,7.214911937713623
044_brown,put the brown pouch on the tray,9,0,174,7.323,1788426330.7273638,00008_front_put_the_brown_pouch_on_the_tray.png,00008_wrist_put_the_brown_pouch_on_the_tray.png,recap.png,50,17,217,218,-11.516483516483516,2.065934065934066,26.153846153846153,72.79120879120879,-7.516483516483516,16.232876712328768,20.12765884399414,-16.79261016845703,7.8725738525390625,84.81425476074219,5.94996452331543,7.140614986419678
044_brown,put the brown pouch on the tray,9,0,174,7.323,1788426330.7273638,00008_front_put_the_brown_pouch_on_the_tray.png,00008_wrist_put_the_brown_pouch_on_the_tray.png,recap.png,50,18,218,219,-11.516483516483516,2.065934065934066,26.153846153846153,72.79120879120879,-7.516483516483516,16.232876712328768,20.662113189697266,-16.434532165527344,8.292190551757812,84.52101135253906,6.13340950012207,6.960148334503174
044_brown,put the brown pouch on the tray,9,0,174,7.323,1788426330.7273638,00008_front_put_the_brown_pouch_on_the_tray.png,00008_wrist_put_the_brown_pouch_on_the_tray.png,recap.png,50,19,219,220,-11.516483516483516,2.065934065934066,26.153846153846153,72.79120879120879,-7.516483516483516,16.232876712328768,21.57317352294922,-16.153160095214844,7.736698150634766,83.64091491699219,6.398870468139648,7.148830890655518
044_brown,put the brown pouch on the tray,9,0,174,7.323,1788426330.7273638,00008_front_put_the_brown_pouch_on_the_tray.png,00008_wrist_put_the_brown_pouch_on_the_tray.png,recap.png,50,20,220,221,-11.516483516483516,2.065934065934066,26.153846153846153,72.79120879120879,-7.516483516483516,16.232876712328768,22.046142578125,-16.127899169921875,7.560657501220703,83.58673858642578,6.871572494506836,7.311131477355957
044_brown,put the brown pouch on the tray,9,0,174,7.323,1788426330.7273638,00008_front_put_the_brown_pouch_on_the_tray.png,00008_wrist_put_the_brown_pouch_on_the_tray.png,recap.png,50,21,221,222,-11.516483516483516,2.065934065934066,26.153846153846153,72.79120879120879,-7.516483516483516,16.232876712328768,22.593448638916016,-15.316192626953125,7.196773529052734,83.21296691894531,6.927698135375977,7.004321098327637
044_brown,put the brown pouch on the tray,9,0,174,7.323,1788426330.7273638,00008_front_put_the_brown_pouch_on_the_tray.png,00008_wrist_put_the_brown_pouch_on_the_tray.png,recap.png,50,22,222,223,-11.516483516483516,2.065934065934066,26.153846153846153,72.79120879120879,-7.516483516483516,16.232876712328768,23.096851348876953,-14.9337158203125,7.2300872802734375,82.17808532714844,7.1789703369140625,7.129152297973633
044_brown,put the brown pouch on the tray,9,0,174,7.323,1788426330.7273638,00008_front_put_the_brown_pouch_on_the_tray.png,00008_wrist_put_the_brown_pouch_on_the_tray.png,recap.png,50,23,223,224,-11.516483516483516,2.065934065934066,26.153846153846153,72.79120879120879,-7.516483516483516,16.232876712328768,23.430885314941406,-14.247909545898438,6.585254669189453,81.44315338134766,7.445840835571289,7.346254348754883
044_brown,put the brown pouch on the tray,10,1,199,8.159,1788426331.5530005,00009_front_put_the_brown_pouch_on_the_tray.png,00009_wrist_put_the_brown_pouch_on_the_tray.png,recap.png,50,0,224,225,21.36263736263736,-17.802197802197803,13.582417582417582,84.04395604395604,6.549450549450549,15.205479452054796,38.05219650268555,-7.437446594238281,12.49163818359375,64.30978393554688,13.538389205932617,6.6891021728515625
044_brown,put the brown pouch on the tray,10,1,199,8.159,1788426331.5530005,00009_front_put_the_brown_pouch_on_the_tray.png,00009_wrist_put_the_brown_pouch_on_the_tray.png,recap.png,50,1,225,226,21.36263736263736,-17.802197802197803,13.582417582417582,84.04395604395604,6.549450549450549,15.205479452054796,38.37003707885742,-6.9545745849609375,12.853042602539062,63.99927520751953,13.62905502319336,6.7874650955200195
044_brown,put the brown pouch on the tray,10,1,199,8.159,1788426331.5530005,00009_front_put_the_brown_pouch_on_the_tray.png,00009_wrist_put_the_brown_pouch_on_the_tray.png,recap.png,50,2,226,227,21.36263736263736,-17.802197802197803,13.582417582417582,84.04395604395604,6.549450549450549,15.205479452054796,38.1942253112793,-6.4522552490234375,12.59088134765625,63.48000717163086,13.703161239624023,6.715625286102295
044_brown,put the brown pouch on the tray,10,1,199,8.159,1788426331.5530005,00009_front_put_the_brown_pouch_on_the_tray.png,00009_wrist_put_the_brown_pouch_on_the_tray.png,recap.png,50,3,227,228,21.36263736263736,-17.802197802197803,13.582417582417582,84.04395604395604,6.549450549450549,15.205479452054796,38.635372161865234,-5.3063507080078125,12.411033630371094,63.00049591064453,13.822998046875,6.662869453430176
044_brown,put the brown pouch on the tray,10,1,199,8.159,1788426331.5530005,00009_front_put_the_brown_pouch_on_the_tray.png,00009_wrist_put_the_brown_pouch_on_the_tray.png,recap.png,50,4,228,229,21.36263736263736,-17.802197802197803,13.582417582417582,84.04395604395604,6.549450549450549,15.205479452054796,38.6218147277832,-4.5783843994140625,12.1673583984375,62.51001739501953,13.785139083862305,6.720137119293213
044_brown,put the brown pouch on the tray,10,1,199,8.159,1788426331.5530005,00009_front_put_the_brown_pouch_on_the_tray.png,00009_wrist_put_the_brown_pouch_on_the_tray.png,recap.png,50,5,229,230,21.36263736263736,-17.802197802197803,13.582417582417582,84.04395604395604,6.549450549450549,15.205479452054796,38.75083541870117,-3.3415679931640625,12.286544799804688,62.23412322998047,13.86244010925293,6.756758689880371
044_brown,put the brown pouch on the tray,10,1,199,8.159,1788426331.5530005,00009_front_put_the_brown_pouch_on_the_tray.png,00009_wrist_put_the_brown_pouch_on_the_tray.png,recap.png,50,6,230,231,21.36263736263736,-17.802197802197803,13.582417582417582,84.04395604395604,6.549450549450549,15.205479452054796,39.055049896240234,-1.7743682861328125,11.05511474609375,61.686649322509766,13.842214584350586,6.709802627563477
044_brown,put the brown pouch on the tray,10,1,199,8.159,1788426331.5530005,00009_front_put_the_brown_pouch_on_the_tray.png,00009_wrist_put_the_brown_pouch_on_the_tray.png,recap.png,50,7,231,232,21.36263736263736,-17.802197802197803,13.582417582417582,84.04395604395604,6.549450549450549,15.205479452054796,39.0930061340332,-1.5349197387695312,11.036865234375,61.57978057861328,13.853618621826172,6.712524890899658
044_brown,put the brown pouch on the tray,10,1,199,8.159,1788426331.5530005,00009_front_put_the_brown_pouch_on_the_tray.png,00009_wrist_put_the_brown_pouch_on_the_tray.png,recap.png,50,8,232,233,21.36263736263736,-17.802197802197803,13.582417582417582,84.04395604395604,6.549450549450549,15.205479452054796,39.5065803527832,-0.8798141479492188,11.601913452148438,61.46011734008789,13.87126350402832,6.527615070343018
044_brown,put the brown pouch on the tray,10,1,199,8.159,1788426331.5530005,00009_front_put_the_brown_pouch_on_the_tray.png,00009_wrist_put_the_brown_pouch_on_the_tray.png,recap.png,50,9,233,234,21.36263736263736,-17.802197802197803,13.582417582417582,84.04395604395604,6.549450549450549,15.205479452054796,39.331722259521484,0.530853271484375,10.839073181152344,61.067527770996094,13.996185302734375,6.65994119644165
044_brown,put the brown pouch on the tray,10,1,199,8.159,1788426331.5530005,00009_front_put_the_brown_pouch_on_the_tray.png,00009_wrist_put_the_brown_pouch_on_the_tray.png,recap.png,50,10,234,235,21.36263736263736,-17.802197802197803,13.582417582417582,84.04395604395604,6.549450549450549,15.205479452054796,39.694950103759766,0.714996337890625,10.837997436523438,60.6846923828125,14.017749786376953,6.89293098449707
044_brown,put the brown pouch on the tray,10,1,199,8.159,1788426331.5530005,00009_front_put_the_brown_pouch_on_the_tray.png,00009_wrist_put_the_brown_pouch_on_the_tray.png,recap.png,50,11,235,236,21.36263736263736,-17.802197802197803,13.582417582417582,84.04395604395604,6.549450549450549,15.205479452054796,39.4239387512207,1.8447036743164062,9.801063537597656,60.76687240600586,13.997974395751953,7.459934711456299
044_brown,put the brown pouch on the tray,10,1,199,8.159,1788426331.5530005,00009_front_put_the_brown_pouch_on_the_tray.png,00009_wrist_put_the_brown_pouch_on_the_tray.png,recap.png,50,12,236,237,21.36263736263736,-17.802197802197803,13.582417582417582,84.04395604395604,6.549450549450549,15.205479452054796,39.45265579223633,2.0552825927734375,9.613723754882812,60.589542388916016,14.109403610229492,8.360810279846191
044_brown,put the brown pouch on the tray,10,1,199,8.159,1788426331.5530005,00009_front_put_the_brown_pouch_on_the_tray.png,00009_wrist_put_the_brown_pouch_on_the_tray.png,recap.png,50,13,237,238,21.36263736263736,-17.802197802197803,13.582417582417582,84.04395604395604,6.549450549450549,15.205479452054796,39.51710891723633,3.25750732421875,8.486274719238281,60.51755142211914,14.058151245117188,9.919269561767578
044_brown,put the brown pouch on the tray,10,1,199,8.159,1788426331.5530005,00009_front_put_the_brown_pouch_on_the_tray.png,00009_wrist_put_the_brown_pouch_on_the_tray.png,recap.png,50,14,238,239,21.36263736263736,-17.802197802197803,13.582417582417582,84.04395604395604,6.549450549450549,15.205479452054796,39.88654708862305,3.9154891967773438,8.200180053710938,60.76559066772461,13.867389678955078,11.630194664001465
044_brown,put the brown pouch on the tray,10,1,199,8.159,1788426331.5530005,00009_front_put_the_brown_pouch_on_the_tray.png,00009_wrist_put_the_brown_pouch_on_the_tray.png,recap.png,50,15,239,240,21.36263736263736,-17.802197802197803,13.582417582417582,84.04395604395604,6.549450549450549,15.205479452054796,39.6323356628418,4.981712341308594,8.349021911621094,60.60133743286133,13.948556900024414,14.631158828735352
044_brown,put the brown pouch on the tray,10,1,199,8.159,1788426331.5530005,00009_front_put_the_brown_pouch_on_the_tray.png,00009_wrist_put_the_brown_pouch_on_the_tray.png,recap.png,50,16,240,241,21.36263736263736,-17.802197802197803,13.582417582417582,84.04395604395604,6.549450549450549,15.205479452054796,39.57316970825195,5.4174957275390625,8.144073486328125,60.598167419433594,14.073253631591797,17.778120040893555
044_brown,put the brown pouch on the tray,10,1,199,8.159,1788426331.5530005,00009_front_put_the_brown_pouch_on_the_tray.png,00009_wrist_put_the_brown_pouch_on_the_tray.png,recap.png,50,17,241,242,21.36263736263736,-17.802197802197803,13.582417582417582,84.04395604395604,6.549450549450549,15.205479452054796,39.537349700927734,5.6509246826171875,8.272705078125,60.73820877075195,14.068521499633789,20.927831649780273
044_brown,put the brown pouch on the tray,10,1,199,8.159,1788426331.5530005,00009_front_put_the_brown_pouch_on_the_tray.png,00009_wrist_put_the_brown_pouch_on_the_tray.png,recap.png,50,18,242,243,21.36263736263736,-17.802197802197803,13.582417582417582,84.04395604395604,6.549450549450549,15.205479452054796,39.49519729614258,5.261993408203125,8.107994079589844,60.95262145996094,14.055459976196289,23.490028381347656
044_brown,put the brown pouch on the tray,10,1,199,8.159,1788426331.5530005,00009_front_put_the_brown_pouch_on_the_tray.png,00009_wrist_put_the_brown_pouch_on_the_tray.png,recap.png,50,19,243,244,21.36263736263736,-17.802197802197803,13.582417582417582,84.04395604395604,6.549450549450549,15.205479452054796,39.32731246948242,5.5723724365234375,8.627639770507812,60.73579406738281,13.999382019042969,25.705543518066406
044_brown,put the brown pouch on the tray,10,1,199,8.159,1788426331.5530005,00009_front_put_the_brown_pouch_on_the_tray.png,00009_wrist_put_the_brown_pouch_on_the_tray.png,recap.png,50,20,244,245,21.36263736263736,-17.802197802197803,13.582417582417582,84.04395604395604,6.549450549450549,15.205479452054796,39.16514205932617,5.4874114990234375,8.193763732910156,60.509033203125,13.975534439086914,27.110177993774414
044_brown,put the brown pouch on the tray,10,1,199,8.159,1788426331.5530005,00009_front_put_the_brown_pouch_on_the_tray.png,00009_wrist_put_the_brown_pouch_on_the_tray.png,recap.png,50,21,245,246,21.36263736263736,-17.802197802197803,13.582417582417582,84.04395604395604,6.549450549450549,15.205479452054796,39.204097747802734,5.816802978515625,8.751922607421875,60.43312454223633,13.962688446044922,28.063695907592773
044_brown,put the brown pouch on the tray,10,1,199,8.159,1788426331.5530005,00009_front_put_the_brown_pouch_on_the_tray.png,00009_wrist_put_the_brown_pouch_on_the_tray.png,recap.png,50,22,246,247,21.36263736263736,-17.802197802197803,13.582417582417582,84.04395604395604,6.549450549450549,15.205479452054796,38.92475509643555,5.9005889892578125,8.520866394042969,60.677669525146484,13.884057998657227,28.880081176757812
044_brown,put the brown pouch on the tray,10,1,199,8.159,1788426331.5530005,00009_front_put_the_brown_pouch_on_the_tray.png,00009_wrist_put_the_brown_pouch_on_the_tray.png,recap.png,50,23,247,248,21.36263736263736,-17.802197802197803,13.582417582417582,84.04395604395604,6.549450549450549,15.205479452054796,38.70346450805664,6.0639495849609375,8.6793212890625,60.588470458984375,13.832258224487305,29.40371322631836
044_brown,put the brown pouch on the tray,10,1,199,8.159,1788426331.5530005,00009_front_put_the_brown_pouch_on_the_tray.png,00009_wrist_put_the_brown_pouch_on_the_tray.png,recap.png,50,24,248,249,21.36263736263736,-17.802197802197803,13.582417582417582,84.04395604395604,6.549450549450549,15.205479452054796,38.55073165893555,5.4937896728515625,8.424674987792969,61.14177322387695,13.69352912902832,30.077136993408203
044_brown,put the brown pouch on the tray,11,1,223,9.029,1788426332.4230344,00010_front_put_the_brown_pouch_on_the_tray.png,00010_wrist_put_the_brown_pouch_on_the_tray.png,recap.png,50,0,249,250,21.0989010989011,-14.637362637362637,12.0,84.92307692307692,6.373626373626373,15.136986301369863,37.69233322143555,-3.7885589599609375,10.008697509765625,63.372074127197266,11.354597091674805,6.741756916046143
044_brown,put the brown pouch on the tray,11,1,223,9.029,1788426332.4230344,00010_front_put_the_brown_pouch_on_the_tray.png,00010_wrist_put_the_brown_pouch_on_the_tray.png,recap.png,50,1,250,251,21.0989010989011,-14.637362637362637,12.0,84.92307692307692,6.373626373626373,15.136986301369863,37.830448150634766,-2.805999755859375,9.541664123535156,62.96061706542969,11.467655181884766,6.639595985412598
044_brown,put the brown pouch on the tray,11,1,223,9.029,1788426332.4230344,00010_front_put_the_brown_pouch_on_the_tray.png,00010_wrist_put_the_brown_pouch_on_the_tray.png,recap.png,50,2,251,252,21.0989010989011,-14.637362637362637,12.0,84.92307692307692,6.373626373626373,15.136986301369863,37.893131256103516,-1.8255386352539062,9.703659057617188,62.78862380981445,11.482538223266602,6.496461391448975
044_brown,put the brown pouch on the tray,11,1,223,9.029,1788426332.4230344,00010_front_put_the_brown_pouch_on_the_tray.png,00010_wrist_put_the_brown_pouch_on_the_tray.png,recap.png,50,3,252,253,21.0989010989011,-14.637362637362637,12.0,84.92307692307692,6.373626373626373,15.136986301369863,38.11537551879883,-0.8762359619140625,8.590423583984375,62.44390869140625,11.541858673095703,6.491408824920654
044_brown,put the brown pouch on the tray,11,1,223,9.029,1788426332.4230344,00010_front_put_the_brown_pouch_on_the_tray.png,00010_wrist_put_the_brown_pouch_on_the_tray.png,recap.png,50,4,253,254,21.0989010989011,-14.637362637362637,12.0,84.92307692307692,6.373626373626373,15.136986301369863,37.92228317260742,0.39696502685546875,8.694816589355469,62.31981658935547,11.503124237060547,6.363633155822754
044_brown,put the brown pouch on the tray,11,1,223,9.029,1788426332.4230344,00010_front_put_the_brown_pouch_on_the_tray.png,00010_wrist_put_the_brown_pouch_on_the_tray.png,recap.png,50,5,254,255,21.0989010989011,-14.637362637362637,12.0,84.92307692307692,6.373626373626373,15.136986301369863,37.954158782958984,0.946533203125,8.179023742675781,62.353614807128906,11.518852233886719,6.4201507568359375
044_brown,put the brown pouch on the tray,11,1,223,9.029,1788426332.4230344,00010_front_put_the_brown_pouch_on_the_tray.png,00010_wrist_put_the_brown_pouch_on_the_tray.png,recap.png,50,6,255,256,21.0989010989011,-14.637362637362637,12.0,84.92307692307692,6.373626373626373,15.136986301369863,37.878055572509766,2.5306167602539062,8.324539184570312,62.55575942993164,11.721176147460938,6.366240501403809
044_brown,put the brown pouch on the tray,11,1,223,9.029,1788426332.4230344,00010_front_put_the_brown_pouch_on_the_tray.png,00010_wrist_put_the_brown_pouch_on_the_tray.png,recap.png,50,7,256,257,21.0989010989011,-14.637362637362637,12.0,84.92307692307692,6.373626373626373,15.136986301369863,38.03032302856445,2.899017333984375,7.9486083984375,62.49401092529297,11.492074966430664,6.725351333618164
044_brown,put the brown pouch on the tray,11,1,223,9.029,1788426332.4230344,00010_front_put_the_brown_pouch_on_the_tray.png,00010_wrist_put_the_brown_pouch_on_the_tray.png,recap.png,50,8,257,258,21.0989010989011,-14.637362637362637,12.0,84.92307692307692,6.373626373626373,15.136986301369863,38.09221267700195,3.1629257202148438,7.458465576171875,62.43190002441406,11.508420944213867,7.8655171394348145
044_brown,put the brown pouch on the tray,11,1,223,9.029,1788426332.4230344,00010_front_put_the_brown_pouch_on_the_tray.png,00010_wrist_put_the_brown_pouch_on_the_tray.png,recap.png,50,9,258,259,21.0989010989011,-14.637362637362637,12.0,84.92307692307692,6.373626373626373,15.136986301369863,38.01958084106445,3.8730010986328125,7.6394500732421875,62.32966995239258,11.428812026977539,10.208725929260254
044_brown,put the brown pouch on the tray,11,1,223,9.029,1788426332.4230344,00010_front_put_the_brown_pouch_on_the_tray.png,00010_wrist_put_the_brown_pouch_on_the_tray.png,recap.png,50,10,259,260,21.0989010989011,-14.637362637362637,12.0,84.92307692307692,6.373626373626373,15.136986301369863,38.07978439331055,4.601921081542969,7.6536865234375,62.609283447265625,11.705724716186523,13.617311477661133
044_brown,put the brown pouch on the tray,11,1,223,9.029,1788426332.4230344,00010_front_put_the_brown_pouch_on_the_tray.png,00010_wrist_put_the_brown_pouch_on_the_tray.png,recap.png,50,11,260,261,21.0989010989011,-14.637362637362637,12.0,84.92307692307692,6.373626373626373,15.136986301369863,38.05166244506836,4.3414306640625,7.649497985839844,62.458431243896484,11.632211685180664,17.114410400390625
044_brown,put the brown pouch on the tray,11,1,223,9.029,1788426332.4230344,00010_front_put_the_brown_pouch_on_the_tray.png,00010_wrist_put_the_brown_pouch_on_the_tray.png,recap.png,50,12,261,262,21.0989010989011,-14.637362637362637,12.0,84.92307692307692,6.373626373626373,15.136986301369863,37.80233383178711,4.757957458496094,7.681468963623047,62.51679992675781,11.659250259399414,20.28307342529297
044_brown,put the brown pouch on the tray,11,1,223,9.029,1788426332.4230344,00010_front_put_the_brown_pouch_on_the_tray.png,00010_wrist_put_the_brown_pouch_on_the_tray.png,recap.png,50,13,262,263,21.0989010989011,-14.637362637362637,12.0,84.92307692307692,6.373626373626373,15.136986301369863,37.832706451416016,4.278663635253906,7.4397735595703125,62.881324768066406,11.473648071289062,22.82024383544922
044_brown,put the brown pouch on the tray,11,1,223,9.029,1788426332.4230344,00010_front_put_the_brown_pouch_on_the_tray.png,00010_wrist_put_the_brown_pouch_on_the_tray.png,recap.png,50,14,263,264,21.0989010989011,-14.637362637362637,12.0,84.92307692307692,6.373626373626373,15.136986301369863,37.75007247924805,4.883903503417969,7.725887298583984,63.00998306274414,11.446695327758789,24.957218170166016
044_brown,put the brown pouch on the tray,11,1,223,9.029,1788426332.4230344,00010_front_put_the_brown_pouch_on_the_tray.png,00010_wrist_put_the_brown_pouch_on_the_tray.png,recap.png,50,15,264,265,21.0989010989011,-14.637362637362637,12.0,84.92307692307692,6.373626373626373,15.136986301369863,38.00624465942383,5.002693176269531,7.160362243652344,63.117523193359375,11.615453720092773,26.667024612426758
044_brown,put the brown pouch on the tray,11,1,223,9.029,1788426332.4230344,00010_front_put_the_brown_pouch_on_the_tray.png,00010_wrist_put_the_brown_pouch_on_the_tray.png,recap.png,50,16,265,266,21.0989010989011,-14.637362637362637,12.0,84.92307692307692,6.373626373626373,15.136986301369863,37.90224838256836,4.710472106933594,7.280490875244141,63.17646026611328,11.580595016479492,28.016521453857422
044_brown,put the brown pouch on the tray,11,1,223,9.029,1788426332.4230344,00010_front_put_the_brown_pouch_on_the_tray.png,00010_wrist_put_the_brown_pouch_on_the_tray.png,recap.png,50,17,266,267,21.0989010989011,-14.637362637362637,12.0,84.92307692307692,6.373626373626373,15.136986301369863,37.84505081176758,5.173492431640625,7.9703521728515625,63.07676696777344,11.495302200317383,29.19702911376953
044_brown,put the brown pouch on the tray,11,1,223,9.029,1788426332.4230344,00010_front_put_the_brown_pouch_on_the_tray.png,00010_wrist_put_the_brown_pouch_on_the_tray.png,recap.png,50,18,267,268,21.0989010989011,-14.637362637362637,12.0,84.92307692307692,6.373626373626373,15.136986301369863,37.85135269165039,5.196098327636719,7.820980072021484,62.98780822753906,11.5179443359375,30.07367515563965
044_brown,put the brown pouch on the tray,11,1,223,9.029,1788426332.4230344,00010_front_put_the_brown_pouch_on_the_tray.png,00010_wrist_put_the_brown_pouch_on_the_tray.png,recap.png,50,19,268,269,21.0989010989011,-14.637362637362637,12.0,84.92307692307692,6.373626373626373,15.136986301369863,37.91958236694336,4.514411926269531,7.509143829345703,63.15190124511719,11.57093620300293,30.881141662597656
044_brown,put the brown pouch on the tray,11,1,223,9.029,1788426332.4230344,00010_front_put_the_brown_pouch_on_the_tray.png,00010_wrist_put_the_brown_pouch_on_the_tray.png,recap.png,50,20,269,270,21.0989010989011,-14.637362637362637,12.0,84.92307692307692,6.373626373626373,15.136986301369863,37.51229476928711,5.9098358154296875,7.51849365234375,63.11838912963867,11.49559211730957,31.445709228515625
044_brown,put the brown pouch on the tray,11,1,223,9.029,1788426332.4230344,00010_front_put_the_brown_pouch_on_the_tray.png,00010_wrist_put_the_brown_pouch_on_the_tray.png,recap.png,50,21,270,271,21.0989010989011,-14.637362637362637,12.0,84.92307692307692,6.373626373626373,15.136986301369863,37.4621696472168,4.9740753173828125,8.341522216796875,63.377296447753906,11.400623321533203,31.968164443969727
044_brown,put the brown pouch on the tray,11,1,223,9.029,1788426332.4230344,00010_front_put_the_brown_pouch_on_the_tray.png,00010_wrist_put_the_brown_pouch_on_the_tray.png,recap.png,50,22,271,272,21.0989010989011,-14.637362637362637,12.0,84.92307692307692,6.373626373626373,15.136986301369863,37.15317916870117,5.265464782714844,8.266448974609375,63.187171936035156,11.293806076049805,32.43334197998047
044_brown,put the brown pouch on the tray,11,1,223,9.029,1788426332.4230344,00010_front_put_the_brown_pouch_on_the_tray.png,00010_wrist_put_the_brown_pouch_on_the_tray.png,recap.png,50,23,272,273,21.0989010989011,-14.637362637362637,12.0,84.92307692307692,6.373626373626373,15.136986301369863,37.11117935180664,4.744743347167969,8.103172302246094,63.579044342041016,11.211494445800781,32.73814392089844
044_brown,put the brown pouch on the tray,12,1,248,10.032,1788426333.4256818,00011_front_put_the_brown_pouch_on_the_tray.png,00011_wrist_put_the_brown_pouch_on_the_tray.png,recap.png,50,0,273,274,39.120879120879124,6.373626373626373,11.296703296703297,61.8021978021978,13.758241758241759,27.054794520547947,31.210308074951172,-8.193809509277344,0.724822998046875,86.28645324707031,14.660015106201172,35.973453521728516
044_brown,put the brown pouch on the tray,12,1,248,10.032,1788426333.4256818,00011_front_put_the_brown_pouch_on_the_tray.png,00011_wrist_put_the_brown_pouch_on_the_tray.png,recap.png,50,1,274,275,39.120879120879124,6.373626373626373,11.296703296703297,61.8021978021978,13.758241758241759,27.054794520547947,30.02850341796875,-8.987533569335938,0.7835426330566406,87.89407348632812,14.474950790405273,36.139984130859375
044_brown,put the brown pouch on the tray,12,1,248,10.032,1788426333.4256818,00011_front_put_the_brown_pouch_on_the_tray.png,00011_wrist_put_the_brown_pouch_on_the_tray.png,recap.png,50,2,275,276,39.120879120879124,6.373626373626373,11.296703296703297,61.8021978021978,13.758241758241759,27.054794520547947,28.68402862548828,-9.632843017578125,0.3551673889160156,89.38534545898438,14.265754699707031,36.0169677734375
044_brown,put the brown pouch on the tray,12,1,248,10.032,1788426333.4256818,00011_front_put_the_brown_pouch_on_the_tray.png,00011_wrist_put_the_brown_pouch_on_the_tray.png,recap.png,50,3,276,277,39.120879120879124,6.373626373626373,11.296703296703297,61.8021978021978,13.758241758241759,27.054794520547947,27.56515884399414,-10.322189331054688,0.16359710693359375,90.52946472167969,13.980419158935547,35.93341064453125
044_brown,put the brown pouch on the tray,12,1,248,10.032,1788426333.4256818,00011_front_put_the_brown_pouch_on_the_tray.png,00011_wrist_put_the_brown_pouch_on_the_tray.png,recap.png,50,4,277,278,39.120879120879124,6.373626373626373,11.296703296703297,61.8021978021978,13.758241758241759,27.054794520547947,26.233932495117188,-11.990493774414062,0.7619132995605469,91.43889617919922,13.859298706054688,35.8344841003418
044_brown,put the brown pouch on the tray,12,1,248,10.032,1788426333.4256818,00011_front_put_the_brown_pouch_on_the_tray.png,00011_wrist_put_the_brown_pouch_on_the_tray.png,recap.png,50,5,278,279,39.120879120879124,6.373626373626373,11.296703296703297,61.8021978021978,13.758241758241759,27.054794520547947,25.296833038330078,-13.904563903808594,0.8654251098632812,92.05860900878906,13.796762466430664,35.63618087768555
044_brown,put the brown pouch on the tray,12,1,248,10.032,1788426333.4256818,00011_front_put_the_brown_pouch_on_the_tray.png,00011_wrist_put_the_brown_pouch_on_the_tray.png,recap.png,50,6,279,280,39.120879120879124,6.373626373626373,11.296703296703297,61.8021978021978,13.758241758241759,27.054794520547947,23.78268814086914,-14.63824462890625,1.6116752624511719,92.30534362792969,13.368375778198242,35.03895568847656
044_brown,put the brown pouch on the tray,12,1,248,10.032,1788426333.4256818,00011_front_put_the_brown_pouch_on_the_tray.png,00011_wrist_put_the_brown_pouch_on_the_tray.png,recap.png,50,7,280,281,39.120879120879124,6.373626373626373,11.296703296703297,61.8021978021978,13.758241758241759,27.054794520547947,22.529422760009766,-17.308029174804688,2.844482421875,92.53518676757812,13.031757354736328,34.31284713745117
044_brown,put the brown pouch on the tray,12,1,248,10.032,1788426333.4256818,00011_front_put_the_brown_pouch_on_the_tray.png,00011_wrist_put_the_brown_pouch_on_the_tray.png,recap.png,50,8,281,282,39.120879120879124,6.373626373626373,11.296703296703297,61.8021978021978,13.758241758241759,27.054794520547947,21.228515625,-19.132904052734375,4.132377624511719,92.09846496582031,12.91031265258789,33.02123260498047
044_brown,put the brown pouch on the tray,12,1,248,10.032,1788426333.4256818,00011_front_put_the_brown_pouch_on_the_tray.png,00011_wrist_put_the_brown_pouch_on_the_tray.png,recap.png,50,9,282,283,39.120879120879124,6.373626373626373,11.296703296703297,61.8021978021978,13.758241758241759,27.054794520547947,20.056575775146484,-21.0670166015625,5.421775817871094,92.24473571777344,12.563371658325195,31.29949378967285
044_brown,put the brown pouch on the tray,12,1,248,10.032,1788426333.4256818,00011_front_put_the_brown_pouch_on_the_tray.png,00011_wrist_put_the_brown_pouch_on_the_tray.png,recap.png,50,10,283,284,39.120879120879124,6.373626373626373,11.296703296703297,61.8021978021978,13.758241758241759,27.054794520547947,18.825767517089844,-23.194595336914062,7.449287414550781,92.1699447631836,12.264404296875,29.450685501098633
044_brown,put the brown pouch on the tray,12,1,248,10.032,1788426333.4256818,00011_front_put_the_brown_pouch_on_the_tray.png,00011_wrist_put_the_brown_pouch_on_the_tray.png,recap.png,50,11,284,285,39.120879120879124,6.373626373626373,11.296703296703297,61.8021978021978,13.758241758241759,27.054794520547947,17.34707260131836,-25.10871124267578,8.449676513671875,91.91072845458984,11.797029495239258,27.049482345581055
044_brown,put the brown pouch on the tray,12,1,248,10.032,1788426333.4256818,00011_front_put_the_brown_pouch_on_the_tray.png,00011_wrist_put_the_brown_pouch_on_the_tray.png,recap.png,50,12,285,286,39.120879120879124,6.373626373626373,11.296703296703297,61.8021978021978,13.758241758241759,27.054794520547947,16.269676208496094,-27.85888671875,9.941055297851562,91.88664245605469,11.532577514648438,24.367267608642578
044_brown,put the brown pouch on the tray,12,1,248,10.032,1788426333.4256818,00011_front_put_the_brown_pouch_on_the_tray.png,00011_wrist_put_the_brown_pouch_on_the_tray.png,recap.png,50,13,286,287,39.120879120879124,6.373626373626373,11.296703296703297,61.8021978021978,13.758241758241759,27.054794520547947,15.259929656982422,-29.95305633544922,12.491844177246094,92.22108459472656,11.067937850952148,21.571401596069336
044_brown,put the brown pouch on the tray,12,1,248,10.032,1788426333.4256818,00011_front_put_the_brown_pouch_on_the_tray.png,00011_wrist_put_the_brown_pouch_on_the_tray.png,recap.png,50,14,287,288,39.120879120879124,6.373626373626373,11.296703296703297,61.8021978021978,13.758241758241759,27.054794520547947,13.994956970214844,-31.558631896972656,13.037467956542969,92.00481414794922,10.678064346313477,18.659421920776367
044_brown,put the brown pouch on the tray,12,1,248,10.032,1788426333.4256818,00011_front_put_the_brown_pouch_on_the_tray.png,00011_wrist_put_the_brown_pouch_on_the_tray.png,recap.png,50,15,288,289,39.120879120879124,6.373626373626373,11.296703296703297,61.8021978021978,13.758241758241759,27.054794520547947,13.363872528076172,-33.983131408691406,15.48760986328125,91.58477020263672,10.616886138916016,15.60183334350586
044_brown,put the brown pouch on the tray,12,1,248,10.032,1788426333.4256818,00011_front_put_the_brown_pouch_on_the_tray.png,00011_wrist_put_the_brown_pouch_on_the_tray.png,recap.png,50,16,289,290,39.120879120879124,6.373626373626373,11.296703296703297,61.8021978021978,13.758241758241759,27.054794520547947,12.749568939208984,-35.53385925292969,16.745407104492188,91.14678955078125,10.559328079223633,12.631674766540527
044_brown,put the brown pouch on the tray,12,1,248,10.032,1788426333.4256818,00011_front_put_the_brown_pouch_on_the_tray.png,00011_wrist_put_the_brown_pouch_on_the_tray.png,recap.png,50,17,290,291,39.120879120879124,6.373626373626373,11.296703296703297,61.8021978021978,13.758241758241759,27.054794520547947,11.859233856201172,-38.915767669677734,18.87334442138672,90.64120483398438,10.66453742980957,10.124933242797852
044_brown,put the brown pouch on the tray,12,1,248,10.032,1788426333.4256818,00011_front_put_the_brown_pouch_on_the_tray.png,00011_wrist_put_the_brown_pouch_on_the_tray.png,recap.png,50,18,291,292,39.120879120879124,6.373626373626373,11.296703296703297,61.8021978021978,13.758241758241759,27.054794520547947,10.969646453857422,-41.15317153930664,20.75110626220703,90.38577270507812,10.746841430664062,7.612135410308838
044_brown,put the brown pouch on the tray,12,1,248,10.032,1788426333.4256818,00011_front_put_the_brown_pouch_on_the_tray.png,00011_wrist_put_the_brown_pouch_on_the_tray.png,recap.png,50,19,292,293,39.120879120879124,6.373626373626373,11.296703296703297,61.8021978021978,13.758241758241759,27.054794520547947,9.986473083496094,-43.638187408447266,22.747299194335938,89.90283203125,10.632894515991211,6.057696342468262
044_brown,put the brown pouch on the tray,12,1,248,10.032,1788426333.4256818,00011_front_put_the_brown_pouch_on_the_tray.png,00011_wrist_put_the_brown_pouch_on_the_tray.png,recap.png,50,20,293,294,39.120879120879124,6.373626373626373,11.296703296703297,61.8021978021978,13.758241758241759,27.054794520547947,9.413528442382812,-46.07526779174805,25.26972198486328,89.47860717773438,10.667646408081055,5.316323757171631
044_brown,put the brown pouch on the tray,12,1,248,10.032,1788426333.4256818,00011_front_put_the_brown_pouch_on_the_tray.png,00011_wrist_put_the_brown_pouch_on_the_tray.png,recap.png,50,21,294,295,39.120879120879124,6.373626373626373,11.296703296703297,61.8021978021978,13.758241758241759,27.054794520547947,8.398204803466797,-49.33057403564453,27.10985565185547,89.22940063476562,10.405033111572266,4.810967922210693
044_brown,put the brown pouch on the tray,12,1,248,10.032,1788426333.4256818,00011_front_put_the_brown_pouch_on_the_tray.png,00011_wrist_put_the_brown_pouch_on_the_tray.png,recap.png,50,22,295,296,39.120879120879124,6.373626373626373,11.296703296703297,61.8021978021978,13.758241758241759,27.054794520547947,7.948890686035156,-52.30958557128906,29.859535217285156,88.70877075195312,10.489656448364258,4.281426429748535
044_brown,put the brown pouch on the tray,12,1,248,10.032,1788426333.4256818,00011_front_put_the_brown_pouch_on_the_tray.png,00011_wrist_put_the_brown_pouch_on_the_tray.png,recap.png,50,23,296,297,39.120879120879124,6.373626373626373,11.296703296703297,61.8021978021978,13.758241758241759,27.054794520547947,7.260135650634766,-54.93739318847656,32.033668518066406,88.20179748535156,10.457925796508789,3.667592763900757
044_brown,put the brown pouch on the tray,12,1,248,10.032,1788426333.4256818,00011_front_put_the_brown_pouch_on_the_tray.png,00011_wrist_put_the_brown_pouch_on_the_tray.png,recap.png,50,24,297,298,39.120879120879124,6.373626373626373,11.296703296703297,61.8021978021978,13.758241758241759,27.054794520547947,6.954708099365234,-57.44654846191406,34.10736083984375,87.55892944335938,10.163431167602539,3.3940365314483643
044_brown,put the brown pouch on the tray,13,1,272,10.868,1788426334.2622821,00012_front_put_the_brown_pouch_on_the_tray.png,00012_wrist_put_the_brown_pouch_on_the_tray.png,recap.png,50,0,298,299,38.15384615384615,6.021978021978022,9.362637362637363,63.120879120879124,12.087912087912088,30.82191780821918,24.036216735839844,-13.691856384277344,-2.7155075073242188,91.87703704833984,9.770149230957031,35.123390197753906
044_brown,put the brown pouch on the tray,13,1,272,10.868,1788426334.2622821,00012_front_put_the_brown_pouch_on_the_tray.png,00012_wrist_put_the_brown_pouch_on_the_tray.png,recap.png,50,1,299,300,38.15384615384615,6.021978021978022,9.362637362637363,63.120879120879124,12.087912087912088,30.82191780821918,23.365150451660156,-15.95831298828125,-1.3830108642578125,91.85189819335938,9.552694320678711,34.83394241333008
044_brown,put the brown pouch on the tray,13,1,272,10.868,1788426334.2622821,00012_front_put_the_brown_pouch_on_the_tray.png,00012_wrist_put_the_brown_pouch_on_the_tray.png,recap.png,50,2,300,301,38.15384615384615,6.021978021978022,9.362637362637363,63.120879120879124,12.087912087912088,30.82191780821918,22.458805084228516,-17.86266326904297,0.5573692321777344,91.80955505371094,9.372865676879883,33.92285919189453
044_brown,put the brown pouch on the tray,13,1,272,10.868,1788426334.2622821,00012_front_put_the_brown_pouch_on_the_tray.png,00012_wrist_put_the_brown_pouch_on_the_tray.png,recap.png,50,3,301,302,38.15384615384615,6.021978021978022,9.362637362637363,63.120879120879124,12.087912087912088,30.82191780821918,21.499618530273438,-20.174713134765625,2.7995872497558594,91.64244079589844,9.262432098388672,32.22753143310547
044_brown,put the brown pouch on the tray,13,1,272,10.868,1788426334.2622821,00012_front_put_the_brown_pouch_on_the_tray.png,00012_wrist_put_the_brown_pouch_on_the_tray.png,recap.png,50,4,302,303,38.15384615384615,6.021978021978022,9.362637362637363,63.120879120879124,12.087912087912088,30.82191780821918,20.691394805908203,-21.813865661621094,4.729583740234375,91.20499420166016,9.411645889282227,28.42335319519043
044_brown,put the brown pouch on the tray,13,1,272,10.868,1788426334.2622821,00012_front_put_the_brown_pouch_on_the_tray.png,00012_wrist_put_the_brown_pouch_on_the_tray.png,recap.png,50,5,303,304,38.15384615384615,6.021978021978022,9.362637362637363,63.120879120879124,12.087912087912088,30.82191780821918,19.496749877929688,-24.311065673828125,7.196788787841797,90.35064697265625,9.511283874511719,23.956134796142578
044_brown,put the brown pouch on the tray,13,1,272,10.868,1788426334.2622821,00012_front_put_the_brown_pouch_on_the_tray.png,00012_wrist_put_the_brown_pouch_on_the_tray.png,recap.png,50,6,304,305,38.15384615384615,6.021978021978022,9.362637362637363,63.120879120879124,12.087912087912088,30.82191780821918,18.760345458984375,-25.986106872558594,9.370712280273438,89.58895111083984,9.669746398925781,19.15987205505371
044_brown,put the brown pouch on the tray,13,1,272,10.868,1788426334.2622821,00012_front_put_the_brown_pouch_on_the_tray.png,00012_wrist_put_the_brown_pouch_on_the_tray.png,recap.png,50,7,305,306,38.15384615384615,6.021978021978022,9.362637362637363,63.120879120879124,12.087912087912088,30.82191780821918,17.945579528808594,-28.906295776367188,11.598548889160156,88.88319396972656,9.88595199584961,14.424071311950684
044_brown,put the brown pouch on the tray,13,1,272,10.868,1788426334.2622821,00012_front_put_the_brown_pouch_on_the_tray.png,00012_wrist_put_the_brown_pouch_on_the_tray.png,recap.png,50,8,306,307,38.15384615384615,6.021978021978022,9.362637362637363,63.120879120879124,12.087912087912088,30.82191780821918,17.61905288696289,-30.77521514892578,13.931671142578125,88.18600463867188,9.961618423461914,10.736929893493652
044_brown,put the brown pouch on the tray,13,1,272,10.868,1788426334.2622821,00012_front_put_the_brown_pouch_on_the_tray.png,00012_wrist_put_the_brown_pouch_on_the_tray.png,recap.png,50,9,307,308,38.15384615384615,6.021978021978022,9.362637362637363,63.120879120879124,12.087912087912088,30.82191780821918,16.993560791015625,-33.00542449951172,15.727058410644531,87.85894775390625,9.848079681396484,7.8310675621032715
044_brown,put the brown pouch on the tray,13,1,272,10.868,1788426334.2622821,00012_front_put_the_brown_pouch_on_the_tray.png,00012_wrist_put_the_brown_pouch_on_the_tray.png,recap.png,50,10,308,309,38.15384615384615,6.021978021978022,9.362637362637363,63.120879120879124,12.087912087912088,30.82191780821918,16.146190643310547,-35.124961853027344,17.5028076171875,87.40754699707031,9.73704719543457,5.953749656677246
044_brown,put the brown pouch on the tray,13,1,272,10.868,1788426334.2622821,00012_front_put_the_brown_pouch_on_the_tray.png,00012_wrist_put_the_brown_pouch_on_the_tray.png,recap.png,50,11,309,310,38.15384615384615,6.021978021978022,9.362637362637363,63.120879120879124,12.087912087912088,30.82191780821918,15.634296417236328,-37.10716247558594,19.5711669921875,86.89897918701172,9.501668930053711,4.519466876983643
044_brown,put the brown pouch on the tray,13,1,272,10.868,1788426334.2622821,00012_front_put_the_brown_pouch_on_the_tray.png,00012_wrist_put_the_brown_pouch_on_the_tray.png,recap.png,50,12,310,311,38.15384615384615,6.021978021978022,9.362637362637363,63.120879120879124,12.087912087912088,30.82191780821918,14.934593200683594,-39.77201843261719,21.75084686279297,86.60101318359375,9.346683502197266,3.4845480918884277
044_brown,put the brown pouch on the tray,13,1,272,10.868,1788426334.2622821,00012_front_put_the_brown_pouch_on_the_tray.png,00012_wrist_put_the_brown_pouch_on_the_tray.png,recap.png,50,13,311,312,38.15384615384615,6.021978021978022,9.362637362637363,63.120879120879124,12.087912087912088,30.82191780821918,14.39456558227539,-42.37104034423828,23.423477172851562,86.04634857177734,9.075448989868164,2.4792370796203613
044_brown,put the brown pouch on the tray,13,1,272,10.868,1788426334.2622821,00012_front_put_the_brown_pouch_on_the_tray.png,00012_wrist_put_the_brown_pouch_on_the_tray.png,recap.png,50,14,312,313,38.15384615384615,6.021978021978022,9.362637362637363,63.120879120879124,12.087912087912088,30.82191780821918,13.610759735107422,-45.29061508178711,26.06262969970703,85.47038269042969,8.999509811401367,1.6040217876434326
044_brown,put the brown pouch on the tray,13,1,272,10.868,1788426334.2622821,00012_front_put_the_brown_pouch_on_the_tray.png,00012_wrist_put_the_brown_pouch_on_the_tray.png,recap.png,50,15,313,314,38.15384615384615,6.021978021978022,9.362637362637363,63.120879120879124,12.087912087912088,30.82191780821918,13.27187728881836,-47.5167236328125,28.3673095703125,84.97401428222656,9.006649017333984,1.1016852855682373
044_brown,put the brown pouch on the tray,13,1,272,10.868,1788426334.2622821,00012_front_put_the_brown_pouch_on_the_tray.png,00012_wrist_put_the_brown_pouch_on_the_tray.png,recap.png,50,16,314,315,38.15384615384615,6.021978021978022,9.362637362637363,63.120879120879124,12.087912087912088,30.82191780821918,12.594993591308594,-50.026527404785156,30.28338623046875,84.40473175048828,9.127166748046875,0.6021254062652588
044_brown,put the brown pouch on the tray,13,1,272,10.868,1788426334.2622821,00012_front_put_the_brown_pouch_on_the_tray.png,00012_wrist_put_the_brown_pouch_on_the_tray.png,recap.png,50,17,315,316,38.15384615384615,6.021978021978022,9.362637362637363,63.120879120879124,12.087912087912088,30.82191780821918,11.911746978759766,-52.39237594604492,32.397705078125,84.2199935913086,9.044746398925781,0.22636359930038452
044_brown,put the brown pouch on the tray,13,1,272,10.868,1788426334.2622821,00012_front_put_the_brown_pouch_on_the_tray.png,00012_wrist_put_the_brown_pouch_on_the_tray.png,recap.png,50,18,316,317,38.15384615384615,6.021978021978022,9.362637362637363,63.120879120879124,12.087912087912088,30.82191780821918,11.423397064208984,-54.66883850097656,34.37635040283203,83.8185043334961,8.918533325195312,-0.05916915833950043
044_brown,put the brown pouch on the tray,13,1,272,10.868,1788426334.2622821,00012_front_put_the_brown_pouch_on_the_tray.png,00012_wrist_put_the_brown_pouch_on_the_tray.png,recap.png,50,19,317,318,38.15384615384615,6.021978021978022,9.362637362637363,63.120879120879124,12.087912087912088,30.82191780821918,11.102909088134766,-57.88718032836914,36.83838653564453,83.46593475341797,8.911365509033203,-0.14480552077293396
044_brown,put the brown pouch on the tray,13,1,272,10.868,1788426334.2622821,00012_front_put_the_brown_pouch_on_the_tray.png,00012_wrist_put_the_brown_pouch_on_the_tray.png,recap.png,50,20,318,319,38.15384615384615,6.021978021978022,9.362637362637363,63.120879120879124,12.087912087912088,30.82191780821918,10.479591369628906,-60.118263244628906,38.910728454589844,82.94287109375,8.769996643066406,-0.13124194741249084
044_brown,put the brown pouch on the tray,13,1,272,10.868,1788426334.2622821,00012_front_put_the_brown_pouch_on_the_tray.png,00012_wrist_put_the_brown_pouch_on_the_tray.png,recap.png,50,21,319,320,38.15384615384615,6.021978021978022,9.362637362637363,63.120879120879124,12.087912087912088,30.82191780821918,9.966232299804688,-62.882911682128906,40.9964599609375,82.56808471679688,8.832866668701172,0.019877657294273376
044_brown,put the brown pouch on the tray,13,1,272,10.868,1788426334.2622821,00012_front_put_the_brown_pouch_on_the_tray.png,00012_wrist_put_the_brown_pouch_on_the_tray.png,recap.png,50,22,320,321,38.15384615384615,6.021978021978022,9.362637362637363,63.120879120879124,12.087912087912088,30.82191780821918,9.33449935913086,-66.06928253173828,43.302330017089844,81.90850067138672,8.836862564086914,0.07579949498176575
044_brown,put the brown pouch on the tray,13,1,272,10.868,1788426334.2622821,00012_front_put_the_brown_pouch_on_the_tray.png,00012_wrist_put_the_brown_pouch_on_the_tray.png,recap.png,50,23,321,322,38.15384615384615,6.021978021978022,9.362637362637363,63.120879120879124,12.087912087912088,30.82191780821918,8.9053955078125,-68.70307922363281,46.30693817138672,81.27655029296875,8.823060989379883,0.22458875179290771
044_brown,put the brown pouch on the tray,14,1,297,11.738,1788426335.130615,00013_front_put_the_brown_pouch_on_the_tray.png,00013_wrist_put_the_brown_pouch_on_the_tray.png,recap.png,50,0,322,323,8.615384615384615,-47.42857142857143,27.64835164835165,89.84615384615384,10.945054945054945,5.684931506849315,2.5741806030273438,-82.9671859741211,71.73069763183594,68.184814453125,-1.5354013442993164,0.19286572933197021
044_brown,put the brown pouch on the tray,14,1,297,11.738,1788426335.130615,00013_front_put_the_brown_pouch_on_the_tray.png,00013_wrist_put_the_brown_pouch_on_the_tray.png,recap.png,50,1,323,324,8.615384615384615,-47.42857142857143,27.64835164835165,89.84615384615384,10.945054945054945,5.684931506849315,2.582134246826172,-84.96945190429688,73.46540832519531,68.23157501220703,-1.7428970336914062,0.03931275010108948
044_brown,put the brown pouch on the tray,14,1,297,11.738,1788426335.130615,00013_front_put_the_brown_pouch_on_the_tray.png,00013_wrist_put_the_brown_pouch_on_the_tray.png,recap.png,50,2,324,325,8.615384615384615,-47.42857142857143,27.64835164835165,89.84615384615384,10.945054945054945,5.684931506849315,2.4182510375976562,-87.16084289550781,74.49214172363281,68.12837982177734,-1.7709579467773438,0.060209356248378754
044_brown,put the brown pouch on the tray,14,1,297,11.738,1788426335.130615,00013_front_put_the_brown_pouch_on_the_tray.png,00013_wrist_put_the_brown_pouch_on_the_tray.png,recap.png,50,3,325,326,8.615384615384615,-47.42857142857143,27.64835164835165,89.84615384615384,10.945054945054945,5.684931506849315,2.2259178161621094,-88.84907531738281,75.99185180664062,68.244140625,-1.6442804336547852,0.01593073457479477
044_brown,put the brown pouch on the tray,14,1,297,11.738,1788426335.130615,00013_front_put_the_brown_pouch_on_the_tray.png,00013_wrist_put_the_brown_pouch_on_the_tray.png,recap.png,50,4,326,327,8.615384615384615,-47.42857142857143,27.64835164835165,89.84615384615384,10.945054945054945,5.684931506849315,2.0571975708007812,-91.01637268066406,77.17132568359375,68.33943176269531,-1.7338037490844727,0.0995277687907219
044_brown,put the brown pouch on the tray,14,1,297,11.738,1788426335.130615,00013_front_put_the_brown_pouch_on_the_tray.png,00013_wrist_put_the_brown_pouch_on_the_tray.png,recap.png,50,5,327,328,8.615384615384615,-47.42857142857143,27.64835164835165,89.84615384615384,10.945054945054945,5.684931506849315,1.8987007141113281,-93.06755065917969,78.25640869140625,68.54985046386719,-1.6094322204589844,-0.032005906105041504
044_brown,put the brown pouch on the tray,14,1,297,11.738,1788426335.130615,00013_front_put_the_brown_pouch_on_the_tray.png,00013_wrist_put_the_brown_pouch_on_the_tray.png,recap.png,50,6,328,329,8.615384615384615,-47.42857142857143,27.64835164835165,89.84615384615384,10.945054945054945,5.684931506849315,1.5513496398925781,-94.70811462402344,79.89175415039062,68.86615753173828,-1.548527717590332,-0.07428982853889465
044_brown,put the brown pouch on the tray,14,1,297,11.738,1788426335.130615,00013_front_put_the_brown_pouch_on_the_tray.png,00013_wrist_put_the_brown_pouch_on_the_tray.png,recap.png,50,7,329,330,8.615384615384615,-47.42857142857143,27.64835164835165,89.84615384615384,10.945054945054945,5.684931506849315,1.2384719848632812,-95.92024993896484,80.41084289550781,69.14669036865234,-1.492898941040039,0.1076892763376236
044_brown,put the brown pouch on the tray,14,1,297,11.738,1788426335.130615,00013_front_put_the_brown_pouch_on_the_tray.png,00013_wrist_put_the_brown_pouch_on_the_tray.png,recap.png,50,8,330,331,8.615384615384615,-47.42857142857143,27.64835164835165,89.84615384615384,10.945054945054945,5.684931506849315,1.1969375610351562,-97.37857818603516,81.4066162109375,69.773681640625,-1.4137792587280273,-0.015217676758766174
044_brown,put the brown pouch on the tray,14,1,297,11.738,1788426335.130615,00013_front_put_the_brown_pouch_on_the_tray.png,00013_wrist_put_the_brown_pouch_on_the_tray.png,recap.png,50,9,331,332,8.615384615384615,-47.42857142857143,27.64835164835165,89.84615384615384,10.945054945054945,5.684931506849315,1.1707839965820312,-98.69625854492188,82.189697265625,70.20108032226562,-1.2670345306396484,0.07706768810749054
044_brown,put the brown pouch on the tray,14,1,297,11.738,1788426335.130615,00013_front_put_the_brown_pouch_on_the_tray.png,00013_wrist_put_the_brown_pouch_on_the_tray.png,recap.png,50,10,332,333,8.615384615384615,-47.42857142857143,27.64835164835165,89.84615384615384,10.945054945054945,5.684931506849315,0.849945068359375,-98.6307144165039,82.09736633300781,71.49270629882812,-1.3237762451171875,0.233721062541008
044_brown,put the brown pouch on the tray,14,1,297,11.738,1788426335.130615,00013_front_put_the_brown_pouch_on_the_tray.png,00013_wrist_put_the_brown_pouch_on_the_tray.png,recap.png,50,11,333,334,8.615384615384615,-47.42857142857143,27.64835164835165,89.84615384615384,10.945054945054945,5.684931506849315,0.6702728271484375,-99.47626495361328,82.11378479003906,72.17870330810547,-1.155721664428711,0.2034096121788025
044_brown,put the brown pouch on the tray,14,1,297,11.738,1788426335.130615,00013_front_put_the_brown_pouch_on_the_tray.png,00013_wrist_put_the_brown_pouch_on_the_tray.png,recap.png,50,12,334,335,8.615384615384615,-47.42857142857143,27.64835164835165,89.84615384615384,10.945054945054945,5.684931506849315,0.4029579162597656,-99.8515625,83.09588623046875,72.98542785644531,-1.0724620819091797,0.15152393281459808
044_brown,put the brown pouch on the tray,14,1,297,11.738,1788426335.130615,00013_front_put_the_brown_pouch_on_the_tray.png,00013_wrist_put_the_brown_pouch_on_the_tray.png,recap.png,50,13,335,336,8.615384615384615,-47.42857142857143,27.64835164835165,89.84615384615384,10.945054945054945,5.684931506849315,0.4820823669433594,-100.03999328613281,82.77864074707031,73.4462890625,-0.9141941070556641,0.30456387996673584
044_brown,put the brown pouch on the tray,14,1,297,11.738,1788426335.130615,00013_front_put_the_brown_pouch_on_the_tray.png,00013_wrist_put_the_brown_pouch_on_the_tray.png,recap.png,50,14,336,337,8.615384615384615,-47.42857142857143,27.64835164835165,89.84615384615384,10.945054945054945,5.684931506849315,0.797698974609375,-100.32393646240234,83.46070861816406,73.8240966796875,-0.7805471420288086,0.10767228901386261
044_brown,put the brown pouch on the tray,14,1,297,11.738,1788426335.130615,00013_front_put_the_brown_pouch_on_the_tray.png,00013_wrist_put_the_brown_pouch_on_the_tray.png,recap.png,50,15,337,338,8.615384615384615,-47.42857142857143,27.64835164835165,89.84615384615384,10.945054945054945,5.684931506849315,0.4766197204589844,-100.22704315185547,83.99687194824219,74.26339721679688,-0.9494514465332031,0.26376059651374817
044_brown,put the brown pouch on the tray,14,1,297,11.738,1788426335.130615,00013_front_put_the_brown_pouch_on_the_tray.png,00013_wrist_put_the_brown_pouch_on_the_tray.png,recap.png,50,16,338,339,8.615384615384615,-47.42857142857143,27.64835164835165,89.84615384615384,10.945054945054945,5.684931506849315,0.6746330261230469,-100.39166259765625,83.88339233398438,74.47806549072266,-0.7879362106323242,0.24500314891338348
044_brown,put the brown pouch on the tray,14,1,297,11.738,1788426335.130615,00013_front_put_the_brown_pouch_on_the_tray.png,00013_wrist_put_the_brown_pouch_on_the_tray.png,recap.png,50,17,339,340,8.615384615384615,-47.42857142857143,27.64835164835165,89.84615384615384,10.945054945054945,5.684931506849315,0.3647422790527344,-100.98082733154297,84.93452453613281,75.16630554199219,-0.6928415298461914,0.2861771285533905
044_brown,put the brown pouch on the tray,14,1,297,11.738,1788426335.130615,00013_front_put_the_brown_pouch_on_the_tray.png,00013_wrist_put_the_brown_pouch_on_the_tray.png,recap.png,50,18,340,341,8.615384615384615,-47.42857142857143,27.64835164835165,89.84615384615384,10.945054945054945,5.684931506849315,0.19287109375,-100.71174621582031,85.06527709960938,75.81465148925781,-0.69879150390625,0.2786242365837097
044_brown,put the brown pouch on the tray,14,1,297,11.738,1788426335.130615,00013_front_put_the_brown_pouch_on_the_tray.png,00013_wrist_put_the_brown_pouch_on_the_tray.png,recap.png,50,19,341,342,8.615384615384615,-47.42857142857143,27.64835164835165,89.84615384615384,10.945054945054945,5.684931506849315,0.47713470458984375,-100.5715560913086,84.67449951171875,76.56990051269531,-0.8054771423339844,0.3256506323814392
044_brown,put the brown pouch on the tray,14,1,297,11.738,1788426335.130615,00013_front_put_the_brown_pouch_on_the_tray.png,00013_wrist_put_the_brown_pouch_on_the_tray.png,recap.png,50,20,342,343,8.615384615384615,-47.42857142857143,27.64835164835165,89.84615384615384,10.945054945054945,5.684931506849315,-0.240020751953125,-100.34268188476562,84.15528869628906,77.02983856201172,-0.8306083679199219,0.27122747898101807
044_brown,put the brown pouch on the tray,14,1,297,11.738,1788426335.130615,00013_front_put_the_brown_pouch_on_the_tray.png,00013_wrist_put_the_brown_pouch_on_the_tray.png,recap.png,50,21,343,344,8.615384615384615,-47.42857142857143,27.64835164835165,89.84615384615384,10.945054945054945,5.684931506849315,0.007354736328125,-101.26918029785156,84.32757568359375,77.66156768798828,-0.7466831207275391,0.42499497532844543
044_brown,put the brown pouch on the tray,14,1,297,11.738,1788426335.130615,00013_front_put_the_brown_pouch_on_the_tray.png,00013_wrist_put_the_brown_pouch_on_the_tray.png,recap.png,50,22,344,345,8.615384615384615,-47.42857142857143,27.64835164835165,89.84615384615384,10.945054945054945,5.684931506849315,-0.21573638916015625,-100.82981872558594,84.79638671875,78.32420349121094,-0.8218507766723633,0.4277905523777008
044_brown,put the brown pouch on the tray,14,1,297,11.738,1788426335.130615,00013_front_put_the_brown_pouch_on_the_tray.png,00013_wrist_put_the_brown_pouch_on_the_tray.png,recap.png,50,23,345,346,8.615384615384615,-47.42857142857143,27.64835164835165,89.84615384615384,10.945054945054945,5.684931506849315,-0.628662109375,-100.6440200805664,84.44061279296875,78.55339050292969,-0.7790756225585938,0.3306575417518616
044_brown,put the brown pouch on the tray,14,1,297,11.738,1788426335.130615,00013_front_put_the_brown_pouch_on_the_tray.png,00013_wrist_put_the_brown_pouch_on_the_tray.png,recap.png,50,24,346,347,8.615384615384615,-47.42857142857143,27.64835164835165,89.84615384615384,10.945054945054945,5.684931506849315,-0.9578361511230469,-100.51630401611328,83.59393310546875,79.19754791259766,-0.7771320343017578,0.4426722228527069
044_brown,put the brown pouch on the tray,15,1,321,12.574,1788426335.967145,00014_front_put_the_brown_pouch_on_the_tray.png,00014_wrist_put_the_brown_pouch_on_the_tray.png,recap.png,50,0,347,348,10.725274725274724,-58.76923076923077,39.252747252747255,83.78021978021978,9.45054945054945,0.547945205479452,-3.1142826080322266,-101.42474365234375,82.71755981445312,77.07447814941406,-4.293961048126221,0.7660831212997437
044_brown,put the brown pouch on the tray,15,1,321,12.574,1788426335.967145,00014_front_put_the_brown_pouch_on_the_tray.png,00014_wrist_put_the_brown_pouch_on_the_tray.png,recap.png,50,1,348,349,10.725274725274724,-58.76923076923077,39.252747252747255,83.78021978021978,9.45054945054945,0.547945205479452,-3.1004867553710938,-101.92204284667969,82.90644836425781,77.38523864746094,-4.122769355773926,0.9379718899726868
044_brown,put the brown pouch on the tray,15,1,321,12.574,1788426335.967145,00014_front_put_the_brown_pouch_on_the_tray.png,00014_wrist_put_the_brown_pouch_on_the_tray.png,recap.png,50,2,349,350,10.725274725274724,-58.76923076923077,39.252747252747255,83.78021978021978,9.45054945054945,0.547945205479452,-3.000703811645508,-101.58436584472656,83.46038818359375,77.22378540039062,-3.8951196670532227,0.8888764381408691
044_brown,put the brown pouch on the tray,15,1,321,12.574,1788426335.967145,00014_front_put_the_brown_pouch_on_the_tray.png,00014_wrist_put_the_brown_pouch_on_the_tray.png,recap.png,50,3,350,351,10.725274725274724,-58.76923076923077,39.252747252747255,83.78021978021978,9.45054945054945,0.547945205479452,-2.5103416442871094,-101.43510437011719,84.16032409667969,77.26290130615234,-3.182842254638672,0.6355075240135193
044_brown,put the brown pouch on the tray,15,1,321,12.574,1788426335.967145,00014_front_put_the_brown_pouch_on_the_tray.png,00014_wrist_put_the_brown_pouch_on_the_tray.png,recap.png,50,4,351,352,10.725274725274724,-58.76923076923077,39.252747252747255,83.78021978021978,9.45054945054945,0.547945205479452,-2.037099838256836,-101.47174072265625,85.13633728027344,77.08868408203125,-2.140596389770508,0.7681607007980347
044_brown,put the brown pouch on the tray,15,1,321,12.574,1788426335.967145,00014_front_put_the_brown_pouch_on_the_tray.png,00014_wrist_put_the_brown_pouch_on_the_tray.png,recap.png,50,5,352,353,10.725274725274724,-58.76923076923077,39.252747252747255,83.78021978021978,9.45054945054945,0.547945205479452,-2.001523971557617,-100.84610748291016,85.72257995605469,77.39335632324219,-0.5951547622680664,0.7244758009910583
044_brown,put the brown pouch on the tray,15,1,321,12.574,1788426335.967145,00014_front_put_the_brown_pouch_on_the_tray.png,00014_wrist_put_the_brown_pouch_on_the_tray.png,recap.png,50,6,353,354,10.725274725274724,-58.76923076923077,39.252747252747255,83.78021978021978,9.45054945054945,0.547945205479452,-1.8772525787353516,-100.898193359375,86.30140686035156,76.99130249023438,0.47948551177978516,0.6631603837013245
044_brown,put the brown pouch on the tray,15,1,321,12.574,1788426335.967145,00014_front_put_the_brown_pouch_on_the_tray.png,00014_wrist_put_the_brown_pouch_on_the_tray.png,recap.png,50,7,354,355,10.725274725274724,-58.76923076923077,39.252747252747255,83.78021978021978,9.45054945054945,0.547945205479452,-1.5733165740966797,-100.9289779663086,87.02485656738281,76.94216918945312,0.5025596618652344,0.809706449508667
044_brown,put the brown pouch on the tray,15,1,321,12.574,1788426335.967145,00014_front_put_the_brown_pouch_on_the_tray.png,00014_wrist_put_the_brown_pouch_on_the_tray.png,recap.png,50,8,355,356,10.725274725274724,-58.76923076923077,39.252747252747255,83.78021978021978,9.45054945054945,0.547945205479452,-1.5240859985351562,-101.13195037841797,87.11677551269531,77.06108093261719,0.5691671371459961,0.6448384523391724
044_brown,put the brown pouch on the tray,15,1,321,12.574,1788426335.967145,00014_front_put_the_brown_pouch_on_the_tray.png,00014_wrist_put_the_brown_pouch_on_the_tray.png,recap.png,50,9,356,357,10.725274725274724,-58.76923076923077,39.252747252747255,83.78021978021978,9.45054945054945,0.547945205479452,-1.7643070220947266,-100.77993774414062,87.58448791503906,77.20175170898438,0.6465311050415039,0.7418429255485535
044_brown,put the brown pouch on the tray,15,1,321,12.574,1788426335.967145,00014_front_put_the_brown_pouch_on_the_tray.png,00014_wrist_put_the_brown_pouch_on_the_tray.png,recap.png,50,10,357,358,10.725274725274724,-58.76923076923077,39.252747252747255,83.78021978021978,9.45054945054945,0.547945205479452,-1.2730693817138672,-101.13578033447266,87.76771545410156,77.59343719482422,0.37893199920654297,0.7672377228736877
044_brown,put the brown pouch on the tray,15,1,321,12.574,1788426335.967145,00014_front_put_the_brown_pouch_on_the_tray.png,00014_wrist_put_the_brown_pouch_on_the_tray.png,recap.png,50,11,358,359,10.725274725274724,-58.76923076923077,39.252747252747255,83.78021978021978,9.45054945054945,0.547945205479452,-1.104034423828125,-101.08158111572266,88.02424621582031,77.71615600585938,0.14735984802246094,0.7742213010787964
044_brown,put the brown pouch on the tray,15,1,321,12.574,1788426335.967145,00014_front_put_the_brown_pouch_on_the_tray.png,00014_wrist_put_the_brown_pouch_on_the_tray.png,recap.png,50,12,359,360,10.725274725274724,-58.76923076923077,39.252747252747255,83.78021978021978,9.45054945054945,0.547945205479452,-1.7258682250976562,-101.05419158935547,87.97210693359375,77.59310150146484,-0.09424972534179688,0.8379891514778137
044_brown,put the brown pouch on the tray,15,1,321,12.574,1788426335.967145,00014_front_put_the_brown_pouch_on_the_tray.png,00014_wrist_put_the_brown_pouch_on_the_tray.png,recap.png,50,13,360,361,10.725274725274724,-58.76923076923077,39.252747252747255,83.78021978021978,9.45054945054945,0.547945205479452,-1.5806636810302734,-101.31120300292969,87.77720642089844,77.75696563720703,-0.4658966064453125,0.7130057215690613
044_brown,put the brown pouch on the tray,15,1,321,12.574,1788426335.967145,00014_front_put_the_brown_pouch_on_the_tray.png,00014_wrist_put_the_brown_pouch_on_the_tray.png,recap.png,50,14,361,362,10.725274725274724,-58.76923076923077,39.252747252747255,83.78021978021978,9.45054945054945,0.547945205479452,-1.663644790649414,-101.25338745117188,88.00701904296875,78.07698822021484,-0.4361419677734375,0.7119191288948059
044_brown,put the brown pouch on the tray,15,1,321,12.574,1788426335.967145,00014_front_put_the_brown_pouch_on_the_tray.png,00014_wrist_put_the_brown_pouch_on_the_tray.png,recap.png,50,15,362,363,10.725274725274724,-58.76923076923077,39.252747252747255,83.78021978021978,9.45054945054945,0.547945205479452,-2.0999412536621094,-100.83612060546875,88.08865356445312,78.21562194824219,-0.7878923416137695,0.6457625031471252
044_brown,put the brown pouch on the tray,15,1,321,12.574,1788426335.967145,00014_front_put_the_brown_pouch_on_the_tray.png,00014_wrist_put_the_brown_pouch_on_the_tray.png,recap.png,50,16,363,364,10.725274725274724,-58.76923076923077,39.252747252747255,83.78021978021978,9.45054945054945,0.547945205479452,-1.7704830169677734,-101.43248748779297,87.75625610351562,78.47407531738281,-0.9120302200317383,0.6753718852996826
044_brown,put the brown pouch on the tray,15,1,321,12.574,1788426335.967145,00014_front_put_the_brown_pouch_on_the_tray.png,00014_wrist_put_the_brown_pouch_on_the_tray.png,recap.png,50,17,364,365,10.725274725274724,-58.76923076923077,39.252747252747255,83.78021978021978,9.45054945054945,0.547945205479452,-2.473379135131836,-101.78752899169922,88.28285217285156,78.86237335205078,-0.8727865219116211,0.7613576650619507
044_brown,put the brown pouch on the tray,15,1,321,12.574,1788426335.967145,00014_front_put_the_brown_pouch_on_the_tray.png,00014_wrist_put_the_brown_pouch_on_the_tray.png,recap.png,50,18,365,366,10.725274725274724,-58.76923076923077,39.252747252747255,83.78021978021978,9.45054945054945,0.547945205479452,-2.186094284057617,-101.76963806152344,88.30625915527344,78.61033630371094,-0.9444360733032227,0.7870392203330994
044_brown,put the brown pouch on the tray,15,1,321,12.574,1788426335.967145,00014_front_put_the_brown_pouch_on_the_tray.png,00014_wrist_put_the_brown_pouch_on_the_tray.png,recap.png,50,19,366,367,10.725274725274724,-58.76923076923077,39.252747252747255,83.78021978021978,9.45054945054945,0.547945205479452,-1.6493415832519531,-102.1932144165039,88.30661010742188,79.16960144042969,-0.8699846267700195,0.8274463415145874
044_brown,put the brown pouch on the tray,15,1,321,12.574,1788426335.967145,00014_front_put_the_brown_pouch_on_the_tray.png,00014_wrist_put_the_brown_pouch_on_the_tray.png,recap.png,50,20,367,368,10.725274725274724,-58.76923076923077,39.252747252747255,83.78021978021978,9.45054945054945,0.547945205479452,-1.7932243347167969,-100.74581146240234,87.76522827148438,79.46548461914062,-0.7678146362304688,0.7332618832588196
044_brown,put the brown pouch on the tray,15,1,321,12.574,1788426335.967145,00014_front_put_the_brown_pouch_on_the_tray.png,00014_wrist_put_the_brown_pouch_on_the_tray.png,recap.png,50,21,368,369,10.725274725274724,-58.76923076923077,39.252747252747255,83.78021978021978,9.45054945054945,0.547945205479452,-1.9688720703125,-101.17974090576172,88.56275939941406,79.55618286132812,-0.6294641494750977,0.8315992951393127
044_brown,put the brown pouch on the tray,16,1,346,13.51,1788426336.9042544,00015_front_put_the_brown_pouch_on_the_tray.png,00015_wrist_put_the_brown_pouch_on_the_tray.png,recap.png,50,0,369,370,0.08791208791208792,-100.96703296703296,85.05494505494505,76.83516483516483,-0.9230769230769231,0.273972602739726,-1.8838329315185547,-101.34974670410156,88.61259460449219,78.63751983642578,-1.0765045881271362,0.4183290898799896
044_brown,put the brown pouch on the tray,16,1,346,13.51,1788426336.9042544,00015_front_put_the_brown_pouch_on_the_tray.png,00015_wrist_put_the_brown_pouch_on_the_tray.png,recap.png,50,1,370,371,0.08791208791208792,-100.96703296703296,85.05494505494505,76.83516483516483,-0.9230769230769231,0.273972602739726,-1.878629446029663,-101.01589965820312,89.05875396728516,78.67312622070312,-1.1038122177124023,0.43839508295059204
044_brown,put the brown pouch on the tray,16,1,346,13.51,1788426336.9042544,00015_front_put_the_brown_pouch_on_the_tray.png,00015_wrist_put_the_brown_pouch_on_the_tray.png,recap.png,50,2,371,372,0.08791208791208792,-100.96703296703296,85.05494505494505,76.83516483516483,-0.9230769230769231,0.273972602739726,-2.1198081970214844,-100.85537719726562,89.1912841796875,78.17290496826172,-1.285872459411621,0.18914079666137695
044_brown,put the brown pouch on the tray,16,1,346,13.51,1788426336.9042544,00015_front_put_the_brown_pouch_on_the_tray.png,00015_wrist_put_the_brown_pouch_on_the_tray.png,recap.png,50,3,372,373,0.08791208791208792,-100.96703296703296,85.05494505494505,76.83516483516483,-0.9230769230769231,0.273972602739726,-2.1624317169189453,-100.58818054199219,88.98516845703125,78.29139709472656,-1.3292951583862305,0.20652487874031067
044_brown,put the brown pouch on the tray,16,1,346,13.51,1788426336.9042544,00015_front_put_the_brown_pouch_on_the_tray.png,00015_wrist_put_the_brown_pouch_on_the_tray.png,recap.png,50,4,373,374,0.08791208791208792,-100.96703296703296,85.05494505494505,76.83516483516483,-0.9230769230769231,0.273972602739726,-2.096424102783203,-101.09419250488281,89.13401794433594,78.1634750366211,-1.357254981994629,0.1800297200679779
044_brown,put the brown pouch on the tray,16,1,346,13.51,1788426336.9042544,00015_front_put_the_brown_pouch_on_the_tray.png,00015_wrist_put_the_brown_pouch_on_the_tray.png,recap.png,50,5,374,375,0.08791208791208792,-100.96703296703296,85.05494505494505,76.83516483516483,-0.9230769230769231,0.273972602739726,-2.0885086059570312,-100.93636322021484,89.43910217285156,78.11994934082031,-1.3295326232910156,0.14409105479717255
044_brown,put the brown pouch on the tray,16,1,346,13.51,1788426336.9042544,00015_front_put_the_brown_pouch_on_the_tray.png,00015_wrist_put_the_brown_pouch_on_the_tray.png,recap.png,50,6,375,376,0.08791208791208792,-100.96703296703296,85.05494505494505,76.83516483516483,-0.9230769230769231,0.273972602739726,-2.2126026153564453,-100.71460723876953,89.46038818359375,78.15005493164062,-1.3588933944702148,0.21825945377349854
044_brown,put the brown pouch on the tray,16,1,346,13.51,1788426336.9042544,00015_front_put_the_brown_pouch_on_the_tray.png,00015_wrist_put_the_brown_pouch_on_the_tray.png,recap.png,50,7,376,377,0.08791208791208792,-100.96703296703296,85.05494505494505,76.83516483516483,-0.9230769230769231,0.273972602739726,-2.017080307006836,-101.65885925292969,89.3927001953125,78.12154388427734,-1.288823127746582,0.19241750240325928
044_brown,put the brown pouch on the tray,16,1,346,13.51,1788426336.9042544,00015_front_put_the_brown_pouch_on_the_tray.png,00015_wrist_put_the_brown_pouch_on_the_tray.png,recap.png,50,8,377,378,0.08791208791208792,-100.96703296703296,85.05494505494505,76.83516483516483,-0.9230769230769231,0.273972602739726,-2.285921096801758,-100.96218872070312,89.50839233398438,78.14970397949219,-1.411087989807129,0.24503181874752045
044_brown,put the brown pouch on the tray,16,1,346,13.51,1788426336.9042544,00015_front_put_the_brown_pouch_on_the_tray.png,00015_wrist_put_the_brown_pouch_on_the_tray.png,recap.png,50,9,378,379,0.08791208791208792,-100.96703296703296,85.05494505494505,76.83516483516483,-0.9230769230769231,0.273972602739726,-2.294191360473633,-101.16303253173828,89.50625610351562,78.10985565185547,-1.3372430801391602,0.2685413062572479
044_brown,put the brown pouch on the tray,16,1,346,13.51,1788426336.9042544,00015_front_put_the_brown_pouch_on_the_tray.png,00015_wrist_put_the_brown_pouch_on_the_tray.png,recap.png,50,10,379,380,0.08791208791208792,-100.96703296703296,85.05494505494505,76.83516483516483,-0.9230769230769231,0.273972602739726,-2.2044734954833984,-101.48726654052734,89.49832153320312,78.17637634277344,-1.2855863571166992,0.27012282609939575
044_brown,put the brown pouch on the tray,16,1,346,13.51,1788426336.9042544,00015_front_put_the_brown_pouch_on_the_tray.png,00015_wrist_put_the_brown_pouch_on_the_tray.png,recap.png,50,11,380,381,0.08791208791208792,-100.96703296703296,85.05494505494505,76.83516483516483,-0.9230769230769231,0.273972602739726,-2.371286392211914,-101.09111022949219,89.80203247070312,78.09762573242188,-1.3603944778442383,0.14126786589622498
044_brown,put the brown pouch on the tray,16,1,346,13.51,1788426336.9042544,00015_front_put_the_brown_pouch_on_the_tray.png,00015_wrist_put_the_brown_pouch_on_the_tray.png,recap.png,50,12,381,382,0.08791208791208792,-100.96703296703296,85.05494505494505,76.83516483516483,-0.9230769230769231,0.273972602739726,-2.4628448486328125,-101.56805419921875,89.74613952636719,78.11529541015625,-1.3412466049194336,0.13158218562602997
044_brown,put the brown pouch on the tray,16,1,346,13.51,1788426336.9042544,00015_front_put_the_brown_pouch_on_the_tray.png,00015_wrist_put_the_brown_pouch_on_the_tray.png,recap.png,50,13,382,383,0.08791208791208792,-100.96703296703296,85.05494505494505,76.83516483516483,-0.9230769230769231,0.273972602739726,-2.376718521118164,-101.25445556640625,89.75738525390625,78.08028411865234,-1.3642969131469727,0.23491385579109192
044_brown,put the brown pouch on the tray,16,1,346,13.51,1788426336.9042544,00015_front_put_the_brown_pouch_on_the_tray.png,00015_wrist_put_the_brown_pouch_on_the_tray.png,recap.png,50,14,383,384,0.08791208791208792,-100.96703296703296,85.05494505494505,76.83516483516483,-0.9230769230769231,0.273972602739726,-2.341989517211914,-100.94556427001953,89.42329406738281,78.13115692138672,-1.4238996505737305,0.1511511206626892
044_brown,put the brown pouch on the tray,16,1,346,13.51,1788426336.9042544,00015_front_put_the_brown_pouch_on_the_tray.png,00015_wrist_put_the_brown_pouch_on_the_tray.png,recap.png,50,15,384,385,0.08791208791208792,-100.96703296703296,85.05494505494505,76.83516483516483,-0.9230769230769231,0.273972602739726,-2.3121414184570312,-101.03224182128906,89.86489868164062,78.05254364013672,-1.4578351974487305,0.17815610766410828
044_brown,put the brown pouch on the tray,16,1,346,13.51,1788426336.9042544,00015_front_put_the_brown_pouch_on_the_tray.png,00015_wrist_put_the_brown_pouch_on_the_tray.png,recap.png,50,16,385,386,0.08791208791208792,-100.96703296703296,85.05494505494505,76.83516483516483,-0.9230769230769231,0.273972602739726,-2.4523239135742188,-101.60111236572266,89.77662658691406,78.24598693847656,-1.373885154724121,0.23675772547721863
044_brown,put the brown pouch on the tray,16,1,346,13.51,1788426336.9042544,00015_front_put_the_brown_pouch_on_the_tray.png,00015_wrist_put_the_brown_pouch_on_the_tray.png,recap.png,50,17,386,387,0.08791208791208792,-100.96703296703296,85.05494505494505,76.83516483516483,-0.9230769230769231,0.273972602739726,-2.485280990600586,-101.26580810546875,89.55740356445312,78.15425109863281,-1.4184865951538086,0.292111337184906
044_brown,put the brown pouch on the tray,16,1,346,13.51,1788426336.9042544,00015_front_put_the_brown_pouch_on_the_tray.png,00015_wrist_put_the_brown_pouch_on_the_tray.png,recap.png,50,18,387,388,0.08791208791208792,-100.96703296703296,85.05494505494505,76.83516483516483,-0.9230769230769231,0.273972602739726,-2.3872299194335938,-101.26321411132812,89.65068054199219,78.15737915039062,-1.4505577087402344,0.16043424606323242
044_brown,put the brown pouch on the tray,16,1,346,13.51,1788426336.9042544,00015_front_put_the_brown_pouch_on_the_tray.png,00015_wrist_put_the_brown_pouch_on_the_tray.png,recap.png,50,19,388,389,0.08791208791208792,-100.96703296703296,85.05494505494505,76.83516483516483,-0.9230769230769231,0.273972602739726,-2.398477554321289,-101.33826446533203,89.80464172363281,78.21562957763672,-1.4382648468017578,0.15108314156532288
044_brown,put the brown pouch on the tray,16,1,346,13.51,1788426336.9042544,00015_front_put_the_brown_pouch_on_the_tray.png,00015_wrist_put_the_brown_pouch_on_the_tray.png,recap.png,50,20,389,390,0.08791208791208792,-100.96703296703296,85.05494505494505,76.83516483516483,-0.9230769230769231,0.273972602739726,-2.336141586303711,-100.7418212890625,89.4144287109375,78.08320617675781,-1.4364204406738281,0.21145641803741455
044_brown,put the brown pouch on the tray,16,1,346,13.51,1788426336.9042544,00015_front_put_the_brown_pouch_on_the_tray.png,00015_wrist_put_the_brown_pouch_on_the_tray.png,recap.png,50,21,390,391,0.08791208791208792,-100.96703296703296,85.05494505494505,76.83516483516483,-0.9230769230769231,0.273972602739726,-2.1641883850097656,-101.28311157226562,89.26986694335938,78.12850189208984,-1.3777999877929688,0.161239355802536
044_brown,put the brown pouch on the tray,16,1,346,13.51,1788426336.9042544,00015_front_put_the_brown_pouch_on_the_tray.png,00015_wrist_put_the_brown_pouch_on_the_tray.png,recap.png,50,22,391,392,0.08791208791208792,-100.96703296703296,85.05494505494505,76.83516483516483,-0.9230769230769231,0.273972602739726,-2.3744850158691406,-101.35894775390625,89.30513000488281,78.16216278076172,-1.4416389465332031,0.19776007533073425
