episode_dir,task,chunk_id,must_go,input_timestep,input_elapsed,unix_ts,front_img,wrist_img,recap_img,returned_len,exec_index,exec_timestep,exec_action_n,in_shoulder_pan.pos,in_shoulder_lift.pos,in_elbow_flex.pos,in_wrist_flex.pos,in_wrist_roll.pos,in_gripper.pos,act_shoulder_pan.pos,act_shoulder_lift.pos,act_elbow_flex.pos,act_wrist_flex.pos,act_wrist_roll.pos,act_gripper.pos
056_brown,put the brown cylinder on the tray,1,1,0,0.0,1788426882.3848014,00000_front_put_the_brown_cylinder_on_the_tray.png,00000_wrist_put_the_brown_cylinder_on_the_tray.png,recap.png,50,0,0,1,-4.571428571428571,-101.93406593406593,91.91208791208791,74.9010989010989,-1.098901098901099,0.821917808219178,-3.823190689086914,-101.45880126953125,88.83837890625,74.53744506835938,-0.976140022277832,1.0585029125213623
056_brown,put the brown cylinder on the tray,1,1,0,0.0,1788426882.3848014,00000_front_put_the_brown_cylinder_on_the_tray.png,00000_wrist_put_the_brown_cylinder_on_the_tray.png,recap.png,50,1,1,2,-4.571428571428571,-101.93406593406593,91.91208791208791,74.9010989010989,-1.098901098901099,0.821917808219178,-4.048076629638672,-101.304931640625,88.55741882324219,74.24234771728516,-0.9624223709106445,1.0294946432113647
056_brown,put the brown cylinder on the tray,1,1,0,0.0,1788426882.3848014,00000_front_put_the_brown_cylinder_on_the_tray.png,00000_wrist_put_the_brown_cylinder_on_the_tray.png,recap.png,50,2,2,3,-4.571428571428571,-101.93406593406593,91.91208791208791,74.9010989010989,-1.098901098901099,0.821917808219178,-3.877483367919922,-101.72602081298828,88.34022521972656,74.07910919189453,-1.0567655563354492,1.0564422607421875
056_brown,put the brown cylinder on the tray,1,1,0,0.0,1788426882.3848014,00000_front_put_the_brown_cylinder_on_the_tray.png,00000_wrist_put_the_brown_cylinder_on_the_tray.png,recap.png,50,3,3,4,-4.571428571428571,-101.93406593406593,91.91208791208791,74.9010989010989,-1.098901098901099,0.821917808219178,-4.050832748413086,-101.4515151977539,88.66117858886719,74.10807800292969,-1.029897689819336,1.0483753681182861
056_brown,put the brown cylinder on the tray,1,1,0,0.0,1788426882.3848014,00000_front_put_the_brown_cylinder_on_the_tray.png,00000_wrist_put_the_brown_cylinder_on_the_tray.png,recap.png,50,4,4,5,-4.571428571428571,-101.93406593406593,91.91208791208791,74.9010989010989,-1.098901098901099,0.821917808219178,-4.062131881713867,-101.28954315185547,88.4576416015625,73.89379119873047,-1.0486345291137695,1.0632314682006836
056_brown,put the brown cylinder on the tray,1,1,0,0.0,1788426882.3848014,00000_front_put_the_brown_cylinder_on_the_tray.png,00000_wrist_put_the_brown_cylinder_on_the_tray.png,recap.png,50,5,5,6,-4.571428571428571,-101.93406593406593,91.91208791208791,74.9010989010989,-1.098901098901099,0.821917808219178,-4.338172912597656,-101.78431701660156,88.26512145996094,73.68951416015625,-1.1473846435546875,0.9164029359817505
056_brown,put the brown cylinder on the tray,1,1,0,0.0,1788426882.3848014,00000_front_put_the_brown_cylinder_on_the_tray.png,00000_wrist_put_the_brown_cylinder_on_the_tray.png,recap.png,50,6,6,7,-4.571428571428571,-101.93406593406593,91.91208791208791,74.9010989010989,-1.098901098901099,0.821917808219178,-4.274251937866211,-101.7346420288086,88.00862121582031,73.69178771972656,-1.0366630554199219,1.0613303184509277
056_brown,put the brown cylinder on the tray,1,1,0,0.0,1788426882.3848014,00000_front_put_the_brown_cylinder_on_the_tray.png,00000_wrist_put_the_brown_cylinder_on_the_tray.png,recap.png,50,7,7,8,-4.571428571428571,-101.93406593406593,91.91208791208791,74.9010989010989,-1.098901098901099,0.821917808219178,-4.432640075683594,-101.90361785888672,88.4534912109375,73.055908203125,-1.1189937591552734,0.8638321757316589
056_brown,put the brown cylinder on the tray,1,1,0,0.0,1788426882.3848014,00000_front_put_the_brown_cylinder_on_the_tray.png,00000_wrist_put_the_brown_cylinder_on_the_tray.png,recap.png,50,8,8,9,-4.571428571428571,-101.93406593406593,91.91208791208791,74.9010989010989,-1.098901098901099,0.821917808219178,-4.515058517456055,-101.84364318847656,88.529296875,72.9361343383789,-1.1481733322143555,0.9153280854225159
056_brown,put the brown cylinder on the tray,1,1,0,0.0,1788426882.3848014,00000_front_put_the_brown_cylinder_on_the_tray.png,00000_wrist_put_the_brown_cylinder_on_the_tray.png,recap.png,50,9,9,10,-4.571428571428571,-101.93406593406593,91.91208791208791,74.9010989010989,-1.098901098901099,0.821917808219178,-4.749073028564453,-102.5943374633789,88.41653442382812,72.44752502441406,-1.0530710220336914,0.9848878383636475
056_brown,put the brown cylinder on the tray,1,1,0,0.0,1788426882.3848014,00000_front_put_the_brown_cylinder_on_the_tray.png,00000_wrist_put_the_brown_cylinder_on_the_tray.png,recap.png,50,10,10,11,-4.571428571428571,-101.93406593406593,91.91208791208791,74.9010989010989,-1.098901098901099,0.821917808219178,-4.966569900512695,-102.26677703857422,88.87300109863281,72.03033447265625,-1.0731744766235352,0.9392581582069397
056_brown,put the brown cylinder on the tray,1,1,0,0.0,1788426882.3848014,00000_front_put_the_brown_cylinder_on_the_tray.png,00000_wrist_put_the_brown_cylinder_on_the_tray.png,recap.png,50,11,11,12,-4.571428571428571,-101.93406593406593,91.91208791208791,74.9010989010989,-1.098901098901099,0.821917808219178,-5.333219528198242,-101.82170867919922,88.49493408203125,71.59654235839844,-1.1235618591308594,0.9105930328369141
056_brown,put the brown cylinder on the tray,1,1,0,0.0,1788426882.3848014,00000_front_put_the_brown_cylinder_on_the_tray.png,00000_wrist_put_the_brown_cylinder_on_the_tray.png,recap.png,50,12,12,13,-4.571428571428571,-101.93406593406593,91.91208791208791,74.9010989010989,-1.098901098901099,0.821917808219178,-5.819343566894531,-101.85657501220703,87.90095520019531,71.24198913574219,-1.2241716384887695,0.9677692651748657
056_brown,put the brown cylinder on the tray,1,1,0,0.0,1788426882.3848014,00000_front_put_the_brown_cylinder_on_the_tray.png,00000_wrist_put_the_brown_cylinder_on_the_tray.png,recap.png,50,13,13,14,-4.571428571428571,-101.93406593406593,91.91208791208791,74.9010989010989,-1.098901098901099,0.821917808219178,-6.220247268676758,-101.22057342529297,87.85282897949219,70.78736877441406,-1.0818452835083008,1.0347076654434204
056_brown,put the brown cylinder on the tray,1,1,0,0.0,1788426882.3848014,00000_front_put_the_brown_cylinder_on_the_tray.png,00000_wrist_put_the_brown_cylinder_on_the_tray.png,recap.png,50,14,14,15,-4.571428571428571,-101.93406593406593,91.91208791208791,74.9010989010989,-1.098901098901099,0.821917808219178,-6.883647918701172,-102.24252319335938,88.41265869140625,70.25182342529297,-1.2622957229614258,0.9168331027030945
056_brown,put the brown cylinder on the tray,1,1,0,0.0,1788426882.3848014,00000_front_put_the_brown_cylinder_on_the_tray.png,00000_wrist_put_the_brown_cylinder_on_the_tray.png,recap.png,50,15,15,16,-4.571428571428571,-101.93406593406593,91.91208791208791,74.9010989010989,-1.098901098901099,0.821917808219178,-7.008760452270508,-101.28787231445312,88.16972351074219,69.80229949951172,-1.1533374786376953,1.0058248043060303
056_brown,put the brown cylinder on the tray,1,1,0,0.0,1788426882.3848014,00000_front_put_the_brown_cylinder_on_the_tray.png,00000_wrist_put_the_brown_cylinder_on_the_tray.png,recap.png,50,16,16,17,-4.571428571428571,-101.93406593406593,91.91208791208791,74.9010989010989,-1.098901098901099,0.821917808219178,-7.132041931152344,-101.69190979003906,88.1226806640625,69.17020416259766,-1.2346467971801758,0.9209914207458496
056_brown,put the brown cylinder on the tray,1,1,0,0.0,1788426882.3848014,00000_front_put_the_brown_cylinder_on_the_tray.png,00000_wrist_put_the_brown_cylinder_on_the_tray.png,recap.png,50,17,17,18,-4.571428571428571,-101.93406593406593,91.91208791208791,74.9010989010989,-1.098901098901099,0.821917808219178,-7.2759552001953125,-101.59447479248047,88.8370361328125,68.86190795898438,-1.239018440246582,1.0064620971679688
056_brown,put the brown cylinder on the tray,1,1,0,0.0,1788426882.3848014,00000_front_put_the_brown_cylinder_on_the_tray.png,00000_wrist_put_the_brown_cylinder_on_the_tray.png,recap.png,50,18,18,19,-4.571428571428571,-101.93406593406593,91.91208791208791,74.9010989010989,-1.098901098901099,0.821917808219178,-7.20806884765625,-101.1853256225586,89.31863403320312,68.26295471191406,-1.1285810470581055,0.9079450964927673
056_brown,put the brown cylinder on the tray,1,1,0,0.0,1788426882.3848014,00000_front_put_the_brown_cylinder_on_the_tray.png,00000_wrist_put_the_brown_cylinder_on_the_tray.png,recap.png,50,19,19,20,-4.571428571428571,-101.93406593406593,91.91208791208791,74.9010989010989,-1.098901098901099,0.821917808219178,-7.093606948852539,-101.5826416015625,88.34751892089844,67.49981689453125,-1.197549819946289,1.0017929077148438
056_brown,put the brown cylinder on the tray,1,1,0,0.0,1788426882.3848014,00000_front_put_the_brown_cylinder_on_the_tray.png,00000_wrist_put_the_brown_cylinder_on_the_tray.png,recap.png,50,20,20,21,-4.571428571428571,-101.93406593406593,91.91208791208791,74.9010989010989,-1.098901098901099,0.821917808219178,-7.334800720214844,-101.91891479492188,88.56871032714844,67.34436798095703,-1.1782617568969727,1.0120213031768799
056_brown,put the brown cylinder on the tray,1,1,0,0.0,1788426882.3848014,00000_front_put_the_brown_cylinder_on_the_tray.png,00000_wrist_put_the_brown_cylinder_on_the_tray.png,recap.png,50,21,21,22,-4.571428571428571,-101.93406593406593,91.91208791208791,74.9010989010989,-1.098901098901099,0.821917808219178,-7.448503494262695,-101.84284210205078,89.33055114746094,66.88125610351562,-1.2641725540161133,0.9645169973373413
056_brown,put the brown cylinder on the tray,1,1,0,0.0,1788426882.3848014,00000_front_put_the_brown_cylinder_on_the_tray.png,00000_wrist_put_the_brown_cylinder_on_the_tray.png,recap.png,50,22,22,23,-4.571428571428571,-101.93406593406593,91.91208791208791,74.9010989010989,-1.098901098901099,0.821917808219178,-7.189306259155273,-102.06194305419922,88.71749877929688,66.499755859375,-1.2238693237304688,1.0816915035247803
056_brown,put the brown cylinder on the tray,1,1,0,0.0,1788426882.3848014,00000_front_put_the_brown_cylinder_on_the_tray.png,00000_wrist_put_the_brown_cylinder_on_the_tray.png,recap.png,50,23,23,24,-4.571428571428571,-101.93406593406593,91.91208791208791,74.9010989010989,-1.098901098901099,0.821917808219178,-6.966058731079102,-101.7734375,88.80044555664062,65.62554931640625,-1.3157768249511719,1.00077223777771
056_brown,put the brown cylinder on the tray,1,1,0,0.0,1788426882.3848014,00000_front_put_the_brown_cylinder_on_the_tray.png,00000_wrist_put_the_brown_cylinder_on_the_tray.png,recap.png,50,24,24,25,-4.571428571428571,-101.93406593406593,91.91208791208791,74.9010989010989,-1.098901098901099,0.821917808219178,-6.886085510253906,-101.81548309326172,89.15367126464844,64.96085357666016,-1.3600101470947266,0.9032058119773865
056_brown,put the brown cylinder on the tray,1,1,0,0.0,1788426882.3848014,00000_front_put_the_brown_cylinder_on_the_tray.png,00000_wrist_put_the_brown_cylinder_on_the_tray.png,recap.png,50,25,25,26,-4.571428571428571,-101.93406593406593,91.91208791208791,74.9010989010989,-1.098901098901099,0.821917808219178,-6.593008041381836,-102.09458923339844,89.35749816894531,64.42959594726562,-1.2350950241088867,1.0668916702270508
056_brown,put the brown cylinder on the tray,1,1,0,0.0,1788426882.3848014,00000_front_put_the_brown_cylinder_on_the_tray.png,00000_wrist_put_the_brown_cylinder_on_the_tray.png,recap.png,50,26,26,27,-4.571428571428571,-101.93406593406593,91.91208791208791,74.9010989010989,-1.098901098901099,0.821917808219178,-6.638397216796875,-102.13423156738281,89.62901306152344,63.69696807861328,-1.3135623931884766,1.1379904747009277
056_brown,put the brown cylinder on the tray,1,1,0,0.0,1788426882.3848014,00000_front_put_the_brown_cylinder_on_the_tray.png,00000_wrist_put_the_brown_cylinder_on_the_tray.png,recap.png,50,27,27,28,-4.571428571428571,-101.93406593406593,91.91208791208791,74.9010989010989,-1.098901098901099,0.821917808219178,-6.494655609130859,-101.77115631103516,89.092041015625,63.315879821777344,-1.2672557830810547,1.0180437564849854
056_brown,put the brown cylinder on the tray,1,1,0,0.0,1788426882.3848014,00000_front_put_the_brown_cylinder_on_the_tray.png,00000_wrist_put_the_brown_cylinder_on_the_tray.png,recap.png,50,28,28,29,-4.571428571428571,-101.93406593406593,91.91208791208791,74.9010989010989,-1.098901098901099,0.821917808219178,-6.336858749389648,-102.20005798339844,89.22218322753906,62.80199432373047,-1.2619743347167969,1.0115454196929932
056_brown,put the brown cylinder on the tray,1,1,0,0.0,1788426882.3848014,00000_front_put_the_brown_cylinder_on_the_tray.png,00000_wrist_put_the_brown_cylinder_on_the_tray.png,recap.png,50,29,29,30,-4.571428571428571,-101.93406593406593,91.91208791208791,74.9010989010989,-1.098901098901099,0.821917808219178,-6.455293655395508,-101.63737487792969,89.04290771484375,62.537471771240234,-1.3847846984863281,0.9736822247505188
056_brown,put the brown cylinder on the tray,1,1,0,0.0,1788426882.3848014,00000_front_put_the_brown_cylinder_on_the_tray.png,00000_wrist_put_the_brown_cylinder_on_the_tray.png,recap.png,50,30,30,31,-4.571428571428571,-101.93406593406593,91.91208791208791,74.9010989010989,-1.098901098901099,0.821917808219178,-6.233211517333984,-101.52338409423828,89.31257629394531,62.463653564453125,-1.3859062194824219,1.0055890083312988
056_brown,put the brown cylinder on the tray,1,1,0,0.0,1788426882.3848014,00000_front_put_the_brown_cylinder_on_the_tray.png,00000_wrist_put_the_brown_cylinder_on_the_tray.png,recap.png,50,31,31,32,-4.571428571428571,-101.93406593406593,91.91208791208791,74.9010989010989,-1.098901098901099,0.821917808219178,-6.443670272827148,-102.40030670166016,89.80760192871094,62.450225830078125,-1.2807321548461914,0.8451448082923889
056_brown,put the brown cylinder on the tray,2,0,3,1.806,1788426884.1932194,00001_front_put_the_brown_cylinder_on_the_tray.png,00001_wrist_put_the_brown_cylinder_on_the_tray.png,recap.png,50,0,32,33,-4.395604395604396,-101.31868131868131,90.94505494505495,74.9010989010989,-1.098901098901099,0.821917808219178,-6.20019006729126,-101.43766021728516,88.7367172241211,61.78721618652344,-1.3099095821380615,0.8460716009140015
056_brown,put the brown cylinder on the tray,2,0,3,1.806,1788426884.1932194,00001_front_put_the_brown_cylinder_on_the_tray.png,00001_wrist_put_the_brown_cylinder_on_the_tray.png,recap.png,50,1,33,34,-4.395604395604396,-101.31868131868131,90.94505494505495,74.9010989010989,-1.098901098901099,0.821917808219178,-6.176786422729492,-101.37236022949219,88.89976501464844,61.44408416748047,-1.3612301349639893,0.9647153615951538
056_brown,put the brown cylinder on the tray,2,0,3,1.806,1788426884.1932194,00001_front_put_the_brown_cylinder_on_the_tray.png,00001_wrist_put_the_brown_cylinder_on_the_tray.png,recap.png,50,2,34,35,-4.395604395604396,-101.31868131868131,90.94505494505495,74.9010989010989,-1.098901098901099,0.821917808219178,-6.018101215362549,-101.62061309814453,88.91641235351562,61.110618591308594,-1.3492215871810913,1.0674129724502563
056_brown,put the brown cylinder on the tray,2,0,3,1.806,1788426884.1932194,00001_front_put_the_brown_cylinder_on_the_tray.png,00001_wrist_put_the_brown_cylinder_on_the_tray.png,recap.png,50,3,35,36,-4.395604395604396,-101.31868131868131,90.94505494505495,74.9010989010989,-1.098901098901099,0.821917808219178,-6.259202003479004,-102.06771850585938,89.53792572021484,60.65159606933594,-1.405786395072937,0.8100348711013794
056_brown,put the brown cylinder on the tray,2,0,3,1.806,1788426884.1932194,00001_front_put_the_brown_cylinder_on_the_tray.png,00001_wrist_put_the_brown_cylinder_on_the_tray.png,recap.png,50,4,36,37,-4.395604395604396,-101.31868131868131,90.94505494505495,74.9010989010989,-1.098901098901099,0.821917808219178,-6.198357105255127,-101.31181335449219,88.75750732421875,60.30195999145508,-1.4379327297210693,0.9303401112556458
056_brown,put the brown cylinder on the tray,2,0,3,1.806,1788426884.1932194,00001_front_put_the_brown_cylinder_on_the_tray.png,00001_wrist_put_the_brown_cylinder_on_the_tray.png,recap.png,50,5,37,38,-4.395604395604396,-101.31868131868131,90.94505494505495,74.9010989010989,-1.098901098901099,0.821917808219178,-5.863908290863037,-101.973876953125,88.90574645996094,59.86823654174805,-1.3553388118743896,0.8877682685852051
056_brown,put the brown cylinder on the tray,2,0,3,1.806,1788426884.1932194,00001_front_put_the_brown_cylinder_on_the_tray.png,00001_wrist_put_the_brown_cylinder_on_the_tray.png,recap.png,50,6,38,39,-4.395604395604396,-101.31868131868131,90.94505494505495,74.9010989010989,-1.098901098901099,0.821917808219178,-6.176022052764893,-101.4326400756836,88.69558715820312,59.510215759277344,-1.3555513620376587,0.9454767107963562
056_brown,put the brown cylinder on the tray,2,0,3,1.806,1788426884.1932194,00001_front_put_the_brown_cylinder_on_the_tray.png,00001_wrist_put_the_brown_cylinder_on_the_tray.png,recap.png,50,7,39,40,-4.395604395604396,-101.31868131868131,90.94505494505495,74.9010989010989,-1.098901098901099,0.821917808219178,-5.977442741394043,-101.85785675048828,89.04476928710938,59.503074645996094,-1.4901938438415527,0.9258270263671875
056_brown,put the brown cylinder on the tray,2,0,3,1.806,1788426884.1932194,00001_front_put_the_brown_cylinder_on_the_tray.png,00001_wrist_put_the_brown_cylinder_on_the_tray.png,recap.png,50,8,40,41,-4.395604395604396,-101.31868131868131,90.94505494505495,74.9010989010989,-1.098901098901099,0.821917808219178,-5.929460525512695,-101.80168151855469,88.75015258789062,59.35309600830078,-1.4570714235305786,0.8883265256881714
056_brown,put the brown cylinder on the tray,2,0,3,1.806,1788426884.1932194,00001_front_put_the_brown_cylinder_on_the_tray.png,00001_wrist_put_the_brown_cylinder_on_the_tray.png,recap.png,50,9,41,42,-4.395604395604396,-101.31868131868131,90.94505494505495,74.9010989010989,-1.098901098901099,0.821917808219178,-5.924554824829102,-101.3125,88.67109680175781,59.425086975097656,-1.5544281005859375,0.9444951415061951
056_brown,put the brown cylinder on the tray,2,0,3,1.806,1788426884.1932194,00001_front_put_the_brown_cylinder_on_the_tray.png,00001_wrist_put_the_brown_cylinder_on_the_tray.png,recap.png,50,10,42,43,-4.395604395604396,-101.31868131868131,90.94505494505495,74.9010989010989,-1.098901098901099,0.821917808219178,-5.674567222595215,-101.69427490234375,88.40947723388672,59.562904357910156,-1.5059850215911865,0.8627000451087952
056_brown,put the brown cylinder on the tray,2,0,3,1.806,1788426884.1932194,00001_front_put_the_brown_cylinder_on_the_tray.png,00001_wrist_put_the_brown_cylinder_on_the_tray.png,recap.png,50,11,43,44,-4.395604395604396,-101.31868131868131,90.94505494505495,74.9010989010989,-1.098901098901099,0.821917808219178,-5.953590393066406,-101.10063171386719,88.27058410644531,59.63984298706055,-1.5427350997924805,0.8763734102249146
056_brown,put the brown cylinder on the tray,2,0,3,1.806,1788426884.1932194,00001_front_put_the_brown_cylinder_on_the_tray.png,00001_wrist_put_the_brown_cylinder_on_the_tray.png,recap.png,50,12,44,45,-4.395604395604396,-101.31868131868131,90.94505494505495,74.9010989010989,-1.098901098901099,0.821917808219178,-5.747721195220947,-101.1814956665039,87.83287048339844,59.8404541015625,-1.604701280593872,0.8815315961837769
056_brown,put the brown cylinder on the tray,2,0,3,1.806,1788426884.1932194,00001_front_put_the_brown_cylinder_on_the_tray.png,00001_wrist_put_the_brown_cylinder_on_the_tray.png,recap.png,50,13,45,46,-4.395604395604396,-101.31868131868131,90.94505494505495,74.9010989010989,-1.098901098901099,0.821917808219178,-5.670864582061768,-101.48458862304688,88.14078521728516,59.97522735595703,-1.629704475402832,0.9054523706436157
056_brown,put the brown cylinder on the tray,2,0,3,1.806,1788426884.1932194,00001_front_put_the_brown_cylinder_on_the_tray.png,00001_wrist_put_the_brown_cylinder_on_the_tray.png,recap.png,50,14,46,47,-4.395604395604396,-101.31868131868131,90.94505494505495,74.9010989010989,-1.098901098901099,0.821917808219178,-5.59541130065918,-101.36264038085938,86.9196548461914,60.065093994140625,-1.7177834510803223,0.8730310201644897
056_brown,put the brown cylinder on the tray,2,0,3,1.806,1788426884.1932194,00001_front_put_the_brown_cylinder_on_the_tray.png,00001_wrist_put_the_brown_cylinder_on_the_tray.png,recap.png,50,15,47,48,-4.395604395604396,-101.31868131868131,90.94505494505495,74.9010989010989,-1.098901098901099,0.821917808219178,-5.601143836975098,-101.47224426269531,86.73809051513672,60.22147750854492,-1.7663788795471191,0.815761923789978
056_brown,put the brown cylinder on the tray,2,0,3,1.806,1788426884.1932194,00001_front_put_the_brown_cylinder_on_the_tray.png,00001_wrist_put_the_brown_cylinder_on_the_tray.png,recap.png,50,16,48,49,-4.395604395604396,-101.31868131868131,90.94505494505495,74.9010989010989,-1.098901098901099,0.821917808219178,-5.768531799316406,-101.20259857177734,86.75569152832031,60.50316619873047,-1.9046962261199951,0.8326205015182495
056_brown,put the brown cylinder on the tray,2,0,3,1.806,1788426884.1932194,00001_front_put_the_brown_cylinder_on_the_tray.png,00001_wrist_put_the_brown_cylinder_on_the_tray.png,recap.png,50,17,49,50,-4.395604395604396,-101.31868131868131,90.94505494505495,74.9010989010989,-1.098901098901099,0.821917808219178,-5.769355297088623,-100.93515014648438,86.9091796875,60.43364715576172,-2.0493087768554688,0.8232833743095398
056_brown,put the brown cylinder on the tray,2,0,3,1.806,1788426884.1932194,00001_front_put_the_brown_cylinder_on_the_tray.png,00001_wrist_put_the_brown_cylinder_on_the_tray.png,recap.png,50,18,50,51,-4.395604395604396,-101.31868131868131,90.94505494505495,74.9010989010989,-1.098901098901099,0.821917808219178,-5.581394195556641,-100.98665618896484,85.53546142578125,60.81346130371094,-2.628962516784668,0.8316333293914795
056_brown,put the brown cylinder on the tray,2,0,3,1.806,1788426884.1932194,00001_front_put_the_brown_cylinder_on_the_tray.png,00001_wrist_put_the_brown_cylinder_on_the_tray.png,recap.png,50,19,51,52,-4.395604395604396,-101.31868131868131,90.94505494505495,74.9010989010989,-1.098901098901099,0.821917808219178,-5.421600341796875,-100.94938659667969,84.230712890625,61.086639404296875,-2.94989013671875,0.8227760791778564
056_brown,put the brown cylinder on the tray,2,0,3,1.806,1788426884.1932194,00001_front_put_the_brown_cylinder_on_the_tray.png,00001_wrist_put_the_brown_cylinder_on_the_tray.png,recap.png,50,20,52,53,-4.395604395604396,-101.31868131868131,90.94505494505495,74.9010989010989,-1.098901098901099,0.821917808219178,-5.585807800292969,-100.53337097167969,84.68769836425781,60.75270080566406,-3.3319530487060547,0.6546717882156372
056_brown,put the brown cylinder on the tray,3,0,31,2.742,1788426885.133993,00002_front_put_the_brown_cylinder_on_the_tray.png,00002_wrist_put_the_brown_cylinder_on_the_tray.png,recap.png,50,0,53,54,-6.857142857142857,-101.75824175824175,90.32967032967034,63.91208791208791,-1.098901098901099,0.821917808219178,-7.199880599975586,-101.57308197021484,86.4044189453125,59.75523376464844,-1.5522632598876953,0.9841209650039673
056_brown,put the brown cylinder on the tray,3,0,31,2.742,1788426885.133993,00002_front_put_the_brown_cylinder_on_the_tray.png,00002_wrist_put_the_brown_cylinder_on_the_tray.png,recap.png,50,1,54,55,-6.857142857142857,-101.75824175824175,90.32967032967034,63.91208791208791,-1.098901098901099,0.821917808219178,-7.1339111328125,-101.56639099121094,86.16291809082031,59.414852142333984,-1.550459861755371,0.8959301710128784
056_brown,put the brown cylinder on the tray,3,0,31,2.742,1788426885.133993,00002_front_put_the_brown_cylinder_on_the_tray.png,00002_wrist_put_the_brown_cylinder_on_the_tray.png,recap.png,50,2,55,56,-6.857142857142857,-101.75824175824175,90.32967032967034,63.91208791208791,-1.098901098901099,0.821917808219178,-7.013311386108398,-101.246337890625,85.68316650390625,59.85468292236328,-1.4948968887329102,0.9845787286758423
056_brown,put the brown cylinder on the tray,3,0,31,2.742,1788426885.133993,00002_front_put_the_brown_cylinder_on_the_tray.png,00002_wrist_put_the_brown_cylinder_on_the_tray.png,recap.png,50,3,56,57,-6.857142857142857,-101.75824175824175,90.32967032967034,63.91208791208791,-1.098901098901099,0.821917808219178,-7.185264587402344,-101.99409484863281,86.22813415527344,59.65565872192383,-1.5315656661987305,0.9157646298408508
056_brown,put the brown cylinder on the tray,3,0,31,2.742,1788426885.133993,00002_front_put_the_brown_cylinder_on_the_tray.png,00002_wrist_put_the_brown_cylinder_on_the_tray.png,recap.png,50,4,57,58,-6.857142857142857,-101.75824175824175,90.32967032967034,63.91208791208791,-1.098901098901099,0.821917808219178,-7.024492263793945,-101.1690444946289,85.95738220214844,60.16455841064453,-1.5939445495605469,1.0904872417449951
056_brown,put the brown cylinder on the tray,3,0,31,2.742,1788426885.133993,00002_front_put_the_brown_cylinder_on_the_tray.png,00002_wrist_put_the_brown_cylinder_on_the_tray.png,recap.png,50,5,58,59,-6.857142857142857,-101.75824175824175,90.32967032967034,63.91208791208791,-1.098901098901099,0.821917808219178,-7.08104133605957,-100.8980484008789,85.73220825195312,59.792335510253906,-1.5591049194335938,0.9956600666046143
056_brown,put the brown cylinder on the tray,3,0,31,2.742,1788426885.133993,00002_front_put_the_brown_cylinder_on_the_tray.png,00002_wrist_put_the_brown_cylinder_on_the_tray.png,recap.png,50,6,59,60,-6.857142857142857,-101.75824175824175,90.32967032967034,63.91208791208791,-1.098901098901099,0.821917808219178,-7.08203125,-101.4711685180664,85.49153137207031,60.217132568359375,-1.5004968643188477,1.1059424877166748
056_brown,put the brown cylinder on the tray,3,0,31,2.742,1788426885.133993,00002_front_put_the_brown_cylinder_on_the_tray.png,00002_wrist_put_the_brown_cylinder_on_the_tray.png,recap.png,50,7,60,61,-6.857142857142857,-101.75824175824175,90.32967032967034,63.91208791208791,-1.098901098901099,0.821917808219178,-6.962184906005859,-101.62181854248047,85.65850830078125,60.08082580566406,-1.5221996307373047,1.1124725341796875
056_brown,put the brown cylinder on the tray,3,0,31,2.742,1788426885.133993,00002_front_put_the_brown_cylinder_on_the_tray.png,00002_wrist_put_the_brown_cylinder_on_the_tray.png,recap.png,50,8,61,62,-6.857142857142857,-101.75824175824175,90.32967032967034,63.91208791208791,-1.098901098901099,0.821917808219178,-6.747610092163086,-101.5958251953125,85.56906127929688,60.08844757080078,-1.5547704696655273,1.1217660903930664
056_brown,put the brown cylinder on the tray,3,0,31,2.742,1788426885.133993,00002_front_put_the_brown_cylinder_on_the_tray.png,00002_wrist_put_the_brown_cylinder_on_the_tray.png,recap.png,50,9,62,63,-6.857142857142857,-101.75824175824175,90.32967032967034,63.91208791208791,-1.098901098901099,0.821917808219178,-6.848947525024414,-101.4112548828125,86.04530334472656,59.828704833984375,-1.4828157424926758,1.1474063396453857
056_brown,put the brown cylinder on the tray,3,0,31,2.742,1788426885.133993,00002_front_put_the_brown_cylinder_on_the_tray.png,00002_wrist_put_the_brown_cylinder_on_the_tray.png,recap.png,50,10,63,64,-6.857142857142857,-101.75824175824175,90.32967032967034,63.91208791208791,-1.098901098901099,0.821917808219178,-6.613607406616211,-100.22944641113281,85.24729919433594,59.41978073120117,-1.5018844604492188,0.9404562711715698
056_brown,put the brown cylinder on the tray,3,0,31,2.742,1788426885.133993,00002_front_put_the_brown_cylinder_on_the_tray.png,00002_wrist_put_the_brown_cylinder_on_the_tray.png,recap.png,50,11,64,65,-6.857142857142857,-101.75824175824175,90.32967032967034,63.91208791208791,-1.098901098901099,0.821917808219178,-6.786737442016602,-100.94401550292969,84.96488952636719,59.53452682495117,-1.4931020736694336,1.0772836208343506
056_brown,put the brown cylinder on the tray,3,0,31,2.742,1788426885.133993,00002_front_put_the_brown_cylinder_on_the_tray.png,00002_wrist_put_the_brown_cylinder_on_the_tray.png,recap.png,50,12,65,66,-6.857142857142857,-101.75824175824175,90.32967032967034,63.91208791208791,-1.098901098901099,0.821917808219178,-6.613681793212891,-100.55863189697266,85.25973510742188,59.25704574584961,-1.490987777709961,1.0475351810455322
056_brown,put the brown cylinder on the tray,3,0,31,2.742,1788426885.133993,00002_front_put_the_brown_cylinder_on_the_tray.png,00002_wrist_put_the_brown_cylinder_on_the_tray.png,recap.png,50,13,66,67,-6.857142857142857,-101.75824175824175,90.32967032967034,63.91208791208791,-1.098901098901099,0.821917808219178,-6.571065902709961,-100.38966369628906,84.15058898925781,58.8253288269043,-1.471898078918457,0.9405943155288696
056_brown,put the brown cylinder on the tray,3,0,31,2.742,1788426885.133993,00002_front_put_the_brown_cylinder_on_the_tray.png,00002_wrist_put_the_brown_cylinder_on_the_tray.png,recap.png,50,14,67,68,-6.857142857142857,-101.75824175824175,90.32967032967034,63.91208791208791,-1.098901098901099,0.821917808219178,-6.703149795532227,-100.27014923095703,84.29731750488281,58.80085754394531,-1.5142097473144531,1.0746750831604004
056_brown,put the brown cylinder on the tray,3,0,31,2.742,1788426885.133993,00002_front_put_the_brown_cylinder_on_the_tray.png,00002_wrist_put_the_brown_cylinder_on_the_tray.png,recap.png,50,15,68,69,-6.857142857142857,-101.75824175824175,90.32967032967034,63.91208791208791,-1.098901098901099,0.821917808219178,-6.57411003112793,-99.36978912353516,83.23356628417969,58.5158576965332,-1.4771137237548828,1.2707593441009521
056_brown,put the brown cylinder on the tray,3,0,31,2.742,1788426885.133993,00002_front_put_the_brown_cylinder_on_the_tray.png,00002_wrist_put_the_brown_cylinder_on_the_tray.png,recap.png,50,16,69,70,-6.857142857142857,-101.75824175824175,90.32967032967034,63.91208791208791,-1.098901098901099,0.821917808219178,-6.481740951538086,-98.96245574951172,83.30535888671875,58.3054313659668,-1.5564746856689453,1.2517216205596924
056_brown,put the brown cylinder on the tray,3,0,31,2.742,1788426885.133993,00002_front_put_the_brown_cylinder_on_the_tray.png,00002_wrist_put_the_brown_cylinder_on_the_tray.png,recap.png,50,17,70,71,-6.857142857142857,-101.75824175824175,90.32967032967034,63.91208791208791,-1.098901098901099,0.821917808219178,-6.995904922485352,-97.22185516357422,82.57989501953125,57.99998474121094,-1.6250228881835938,1.020707607269287
056_brown,put the brown cylinder on the tray,3,0,31,2.742,1788426885.133993,00002_front_put_the_brown_cylinder_on_the_tray.png,00002_wrist_put_the_brown_cylinder_on_the_tray.png,recap.png,50,18,71,72,-6.857142857142857,-101.75824175824175,90.32967032967034,63.91208791208791,-1.098901098901099,0.821917808219178,-6.764850616455078,-95.35833740234375,81.85720825195312,57.27320861816406,-1.6069440841674805,1.1691834926605225
056_brown,put the brown cylinder on the tray,3,0,31,2.742,1788426885.133993,00002_front_put_the_brown_cylinder_on_the_tray.png,00002_wrist_put_the_brown_cylinder_on_the_tray.png,recap.png,50,19,72,73,-6.857142857142857,-101.75824175824175,90.32967032967034,63.91208791208791,-1.098901098901099,0.821917808219178,-6.672567367553711,-93.09912872314453,80.00251770019531,56.52899169921875,-1.5831890106201172,1.0186660289764404
056_brown,put the brown cylinder on the tray,3,0,31,2.742,1788426885.133993,00002_front_put_the_brown_cylinder_on_the_tray.png,00002_wrist_put_the_brown_cylinder_on_the_tray.png,recap.png,50,20,73,74,-6.857142857142857,-101.75824175824175,90.32967032967034,63.91208791208791,-1.098901098901099,0.821917808219178,-6.879245758056641,-90.39846801757812,78.67919921875,55.654781341552734,-1.6740198135375977,0.9843100309371948
056_brown,put the brown cylinder on the tray,3,0,31,2.742,1788426885.133993,00002_front_put_the_brown_cylinder_on_the_tray.png,00002_wrist_put_the_brown_cylinder_on_the_tray.png,recap.png,50,21,74,75,-6.857142857142857,-101.75824175824175,90.32967032967034,63.91208791208791,-1.098901098901099,0.821917808219178,-6.709257125854492,-86.9136962890625,77.31520080566406,54.873451232910156,-1.7441139221191406,1.1261634826660156
056_brown,put the brown cylinder on the tray,3,0,31,2.742,1788426885.133993,00002_front_put_the_brown_cylinder_on_the_tray.png,00002_wrist_put_the_brown_cylinder_on_the_tray.png,recap.png,50,22,75,76,-6.857142857142857,-101.75824175824175,90.32967032967034,63.91208791208791,-1.098901098901099,0.821917808219178,-6.878862380981445,-83.49539947509766,75.87767028808594,54.03709030151367,-1.7755460739135742,1.2256789207458496
056_brown,put the brown cylinder on the tray,3,0,31,2.742,1788426885.133993,00002_front_put_the_brown_cylinder_on_the_tray.png,00002_wrist_put_the_brown_cylinder_on_the_tray.png,recap.png,50,23,76,77,-6.857142857142857,-101.75824175824175,90.32967032967034,63.91208791208791,-1.098901098901099,0.821917808219178,-6.644214630126953,-80.37416076660156,74.09442138671875,53.3409423828125,-1.9528379440307617,1.0370029211044312
056_brown,put the brown cylinder on the tray,3,0,31,2.742,1788426885.133993,00002_front_put_the_brown_cylinder_on_the_tray.png,00002_wrist_put_the_brown_cylinder_on_the_tray.png,recap.png,50,24,77,78,-6.857142857142857,-101.75824175824175,90.32967032967034,63.91208791208791,-1.098901098901099,0.821917808219178,-6.752021789550781,-76.69288635253906,71.84501647949219,52.409461975097656,-2.1443519592285156,1.0944702625274658
056_brown,put the brown cylinder on the tray,3,0,31,2.742,1788426885.133993,00002_front_put_the_brown_cylinder_on_the_tray.png,00002_wrist_put_the_brown_cylinder_on_the_tray.png,recap.png,50,25,78,79,-6.857142857142857,-101.75824175824175,90.32967032967034,63.91208791208791,-1.098901098901099,0.821917808219178,-6.887500762939453,-73.35020446777344,69.86398315429688,51.9835205078125,-2.141880989074707,1.1450345516204834
056_brown,put the brown cylinder on the tray,3,0,31,2.742,1788426885.133993,00002_front_put_the_brown_cylinder_on_the_tray.png,00002_wrist_put_the_brown_cylinder_on_the_tray.png,recap.png,50,26,79,80,-6.857142857142857,-101.75824175824175,90.32967032967034,63.91208791208791,-1.098901098901099,0.821917808219178,-6.688350677490234,-70.36695861816406,68.18204498291016,51.70001983642578,-2.467806816101074,1.340250015258789
056_brown,put the brown cylinder on the tray,3,0,31,2.742,1788426885.133993,00002_front_put_the_brown_cylinder_on_the_tray.png,00002_wrist_put_the_brown_cylinder_on_the_tray.png,recap.png,50,27,80,81,-6.857142857142857,-101.75824175824175,90.32967032967034,63.91208791208791,-1.098901098901099,0.821917808219178,-6.633230209350586,-67.47087097167969,65.5219497680664,51.14936065673828,-2.4861936569213867,1.1100168228149414
056_brown,put the brown cylinder on the tray,4,1,52,3.444,1788426885.8303723,00003_front_put_the_brown_cylinder_on_the_tray.png,00003_wrist_put_the_brown_cylinder_on_the_tray.png,recap.png,50,0,81,82,-6.153846153846154,-101.23076923076923,88.74725274725274,60.747252747252745,-1.89010989010989,0.821917808219178,-6.140110015869141,-81.5512924194336,72.55732727050781,59.98763656616211,-3.583162307739258,1.036078929901123
056_brown,put the brown cylinder on the tray,4,1,52,3.444,1788426885.8303723,00003_front_put_the_brown_cylinder_on_the_tray.png,00003_wrist_put_the_brown_cylinder_on_the_tray.png,recap.png,50,1,82,83,-6.153846153846154,-101.23076923076923,88.74725274725274,60.747252747252745,-1.89010989010989,0.821917808219178,-6.099575042724609,-80.43608856201172,71.34754180908203,59.7420654296875,-3.4297561645507812,1.0168349742889404
056_brown,put the brown cylinder on the tray,4,1,52,3.444,1788426885.8303723,00003_front_put_the_brown_cylinder_on_the_tray.png,00003_wrist_put_the_brown_cylinder_on_the_tray.png,recap.png,50,2,83,84,-6.153846153846154,-101.23076923076923,88.74725274725274,60.747252747252745,-1.89010989010989,0.821917808219178,-5.957906723022461,-78.6279296875,70.69694519042969,59.506370544433594,-3.4212045669555664,0.9726880192756653
056_brown,put the brown cylinder on the tray,4,1,52,3.444,1788426885.8303723,00003_front_put_the_brown_cylinder_on_the_tray.png,00003_wrist_put_the_brown_cylinder_on_the_tray.png,recap.png,50,3,84,85,-6.153846153846154,-101.23076923076923,88.74725274725274,60.747252747252745,-1.89010989010989,0.821917808219178,-5.677650451660156,-77.02033996582031,70.03800964355469,58.869850158691406,-3.411884307861328,0.8927596211433411
056_brown,put the brown cylinder on the tray,4,1,52,3.444,1788426885.8303723,00003_front_put_the_brown_cylinder_on_the_tray.png,00003_wrist_put_the_brown_cylinder_on_the_tray.png,recap.png,50,4,85,86,-6.153846153846154,-101.23076923076923,88.74725274725274,60.747252747252745,-1.89010989010989,0.821917808219178,-5.619478225708008,-74.70004272460938,69.10430908203125,58.41525650024414,-3.5200891494750977,0.7706078886985779
056_brown,put the brown cylinder on the tray,4,1,52,3.444,1788426885.8303723,00003_front_put_the_brown_cylinder_on_the_tray.png,00003_wrist_put_the_brown_cylinder_on_the_tray.png,recap.png,50,5,86,87,-6.153846153846154,-101.23076923076923,88.74725274725274,60.747252747252745,-1.89010989010989,0.821917808219178,-5.370264053344727,-73.21295166015625,68.49404907226562,57.89199447631836,-3.5256290435791016,0.9981348514556885
056_brown,put the brown cylinder on the tray,4,1,52,3.444,1788426885.8303723,00003_front_put_the_brown_cylinder_on_the_tray.png,00003_wrist_put_the_brown_cylinder_on_the_tray.png,recap.png,50,6,87,88,-6.153846153846154,-101.23076923076923,88.74725274725274,60.747252747252745,-1.89010989010989,0.821917808219178,-5.302753448486328,-71.38075256347656,67.27352905273438,57.431480407714844,-3.5811662673950195,0.9169350862503052
056_brown,put the brown cylinder on the tray,4,1,52,3.444,1788426885.8303723,00003_front_put_the_brown_cylinder_on_the_tray.png,00003_wrist_put_the_brown_cylinder_on_the_tray.png,recap.png,50,7,88,89,-6.153846153846154,-101.23076923076923,88.74725274725274,60.747252747252745,-1.89010989010989,0.821917808219178,-5.36223030090332,-69.49411010742188,66.44003295898438,56.903385162353516,-3.6467208862304688,0.9300833344459534
056_brown,put the brown cylinder on the tray,4,1,52,3.444,1788426885.8303723,00003_front_put_the_brown_cylinder_on_the_tray.png,00003_wrist_put_the_brown_cylinder_on_the_tray.png,recap.png,50,8,89,90,-6.153846153846154,-101.23076923076923,88.74725274725274,60.747252747252745,-1.89010989010989,0.821917808219178,-5.374723434448242,-68.01100158691406,65.15625,56.58414077758789,-3.7686662673950195,0.9026163220405579
056_brown,put the brown cylinder on the tray,4,1,52,3.444,1788426885.8303723,00003_front_put_the_brown_cylinder_on_the_tray.png,00003_wrist_put_the_brown_cylinder_on_the_tray.png,recap.png,50,9,90,91,-6.153846153846154,-101.23076923076923,88.74725274725274,60.747252747252745,-1.89010989010989,0.821917808219178,-5.115968704223633,-66.45991516113281,64.13518524169922,56.148956298828125,-3.7895078659057617,0.9905798435211182
056_brown,put the brown cylinder on the tray,4,1,52,3.444,1788426885.8303723,00003_front_put_the_brown_cylinder_on_the_tray.png,00003_wrist_put_the_brown_cylinder_on_the_tray.png,recap.png,50,10,91,92,-6.153846153846154,-101.23076923076923,88.74725274725274,60.747252747252745,-1.89010989010989,0.821917808219178,-5.050619125366211,-64.99674987792969,63.09761047363281,56.097816467285156,-3.812466621398926,1.024606704711914
056_brown,put the brown cylinder on the tray,4,1,52,3.444,1788426885.8303723,00003_front_put_the_brown_cylinder_on_the_tray.png,00003_wrist_put_the_brown_cylinder_on_the_tray.png,recap.png,50,11,92,93,-6.153846153846154,-101.23076923076923,88.74725274725274,60.747252747252745,-1.89010989010989,0.821917808219178,-5.408306121826172,-63.74436569213867,62.001617431640625,56.07462692260742,-4.074639320373535,0.9615111351013184
056_brown,put the brown cylinder on the tray,4,1,52,3.444,1788426885.8303723,00003_front_put_the_brown_cylinder_on_the_tray.png,00003_wrist_put_the_brown_cylinder_on_the_tray.png,recap.png,50,12,93,94,-6.153846153846154,-101.23076923076923,88.74725274725274,60.747252747252745,-1.89010989010989,0.821917808219178,-5.677785873413086,-61.4477653503418,60.9398193359375,55.96460723876953,-4.204233646392822,0.9643173217773438
056_brown,put the brown cylinder on the tray,4,1,52,3.444,1788426885.8303723,00003_front_put_the_brown_cylinder_on_the_tray.png,00003_wrist_put_the_brown_cylinder_on_the_tray.png,recap.png,50,13,94,95,-6.153846153846154,-101.23076923076923,88.74725274725274,60.747252747252745,-1.89010989010989,0.821917808219178,-5.844820022583008,-60.19921112060547,59.221885681152344,55.96821975708008,-4.422529697418213,1.0614322423934937
056_brown,put the brown cylinder on the tray,4,1,52,3.444,1788426885.8303723,00003_front_put_the_brown_cylinder_on_the_tray.png,00003_wrist_put_the_brown_cylinder_on_the_tray.png,recap.png,50,14,95,96,-6.153846153846154,-101.23076923076923,88.74725274725274,60.747252747252745,-1.89010989010989,0.821917808219178,-5.6162109375,-58.683650970458984,58.92277526855469,55.719581604003906,-4.924797534942627,0.7383314967155457
056_brown,put the brown cylinder on the tray,4,1,52,3.444,1788426885.8303723,00003_front_put_the_brown_cylinder_on_the_tray.png,00003_wrist_put_the_brown_cylinder_on_the_tray.png,recap.png,50,15,96,97,-6.153846153846154,-101.23076923076923,88.74725274725274,60.747252747252745,-1.89010989010989,0.821917808219178,-5.750001907348633,-56.821563720703125,56.80316162109375,55.701961517333984,-5.3176655769348145,0.8084233403205872
056_brown,put the brown cylinder on the tray,4,1,52,3.444,1788426885.8303723,00003_front_put_the_brown_cylinder_on_the_tray.png,00003_wrist_put_the_brown_cylinder_on_the_tray.png,recap.png,50,16,97,98,-6.153846153846154,-101.23076923076923,88.74725274725274,60.747252747252745,-1.89010989010989,0.821917808219178,-6.108989715576172,-54.42144012451172,55.39068603515625,55.496768951416016,-5.919149398803711,0.8330364227294922
056_brown,put the brown cylinder on the tray,4,1,52,3.444,1788426885.8303723,00003_front_put_the_brown_cylinder_on_the_tray.png,00003_wrist_put_the_brown_cylinder_on_the_tray.png,recap.png,50,17,98,99,-6.153846153846154,-101.23076923076923,88.74725274725274,60.747252747252745,-1.89010989010989,0.821917808219178,-5.985086441040039,-52.656558990478516,54.39801025390625,55.407814025878906,-6.617085933685303,0.9721165895462036
056_brown,put the brown cylinder on the tray,4,1,52,3.444,1788426885.8303723,00003_front_put_the_brown_cylinder_on_the_tray.png,00003_wrist_put_the_brown_cylinder_on_the_tray.png,recap.png,50,18,99,100,-6.153846153846154,-101.23076923076923,88.74725274725274,60.747252747252745,-1.89010989010989,0.821917808219178,-6.152521133422852,-50.79353713989258,53.83478546142578,55.25140380859375,-7.0455217361450195,0.9618350863456726
056_brown,put the brown cylinder on the tray,4,1,52,3.444,1788426885.8303723,00003_front_put_the_brown_cylinder_on_the_tray.png,00003_wrist_put_the_brown_cylinder_on_the_tray.png,recap.png,50,19,100,101,-6.153846153846154,-101.23076923076923,88.74725274725274,60.747252747252745,-1.89010989010989,0.821917808219178,-6.4103240966796875,-50.04130554199219,51.55513000488281,55.419132232666016,-7.460196495056152,0.8181015849113464
056_brown,put the brown cylinder on the tray,4,1,52,3.444,1788426885.8303723,00003_front_put_the_brown_cylinder_on_the_tray.png,00003_wrist_put_the_brown_cylinder_on_the_tray.png,recap.png,50,20,101,102,-6.153846153846154,-101.23076923076923,88.74725274725274,60.747252747252745,-1.89010989010989,0.821917808219178,-6.357610702514648,-48.565853118896484,50.713287353515625,55.33282470703125,-7.494717121124268,0.9040290117263794
056_brown,put the brown cylinder on the tray,5,1,80,4.581,1788426886.9723248,00004_front_put_the_brown_cylinder_on_the_tray.png,00004_wrist_put_the_brown_cylinder_on_the_tray.png,recap.png,50,0,102,103,-6.857142857142857,-77.84615384615384,74.50549450549451,53.8021978021978,-1.978021978021978,0.821917808219178,-6.690107345581055,-58.03297805786133,59.12427520751953,53.87196731567383,-3.6422767639160156,0.9850906729698181
056_brown,put the brown cylinder on the tray,5,1,80,4.581,1788426886.9723248,00004_front_put_the_brown_cylinder_on_the_tray.png,00004_wrist_put_the_brown_cylinder_on_the_tray.png,recap.png,50,1,103,104,-6.857142857142857,-77.84615384615384,74.50549450549451,53.8021978021978,-1.978021978021978,0.821917808219178,-6.821369171142578,-57.2371711730957,58.71393585205078,53.952842712402344,-3.765824317932129,1.0317060947418213
056_brown,put the brown cylinder on the tray,5,1,80,4.581,1788426886.9723248,00004_front_put_the_brown_cylinder_on_the_tray.png,00004_wrist_put_the_brown_cylinder_on_the_tray.png,recap.png,50,2,104,105,-6.857142857142857,-77.84615384615384,74.50549450549451,53.8021978021978,-1.978021978021978,0.821917808219178,-6.671430587768555,-56.53148651123047,57.67784118652344,53.80976867675781,-3.9876699447631836,1.152496099472046
056_brown,put the brown cylinder on the tray,5,1,80,4.581,1788426886.9723248,00004_front_put_the_brown_cylinder_on_the_tray.png,00004_wrist_put_the_brown_cylinder_on_the_tray.png,recap.png,50,3,105,106,-6.857142857142857,-77.84615384615384,74.50549450549451,53.8021978021978,-1.978021978021978,0.821917808219178,-6.616565704345703,-55.55367660522461,57.40061950683594,53.764617919921875,-4.106148719787598,1.1668710708618164
056_brown,put the brown cylinder on the tray,5,1,80,4.581,1788426886.9723248,00004_front_put_the_brown_cylinder_on_the_tray.png,00004_wrist_put_the_brown_cylinder_on_the_tray.png,recap.png,50,4,106,107,-6.857142857142857,-77.84615384615384,74.50549450549451,53.8021978021978,-1.978021978021978,0.821917808219178,-6.673135757446289,-55.515567779541016,56.71699523925781,53.83909606933594,-4.14078426361084,1.0650254487991333
056_brown,put the brown cylinder on the tray,5,1,80,4.581,1788426886.9723248,00004_front_put_the_brown_cylinder_on_the_tray.png,00004_wrist_put_the_brown_cylinder_on_the_tray.png,recap.png,50,5,107,108,-6.857142857142857,-77.84615384615384,74.50549450549451,53.8021978021978,-1.978021978021978,0.821917808219178,-6.789539337158203,-54.274375915527344,56.038108825683594,53.94620132446289,-4.147149085998535,1.0644710063934326
056_brown,put the brown cylinder on the tray,5,1,80,4.581,1788426886.9723248,00004_front_put_the_brown_cylinder_on_the_tray.png,00004_wrist_put_the_brown_cylinder_on_the_tray.png,recap.png,50,6,108,109,-6.857142857142857,-77.84615384615384,74.50549450549451,53.8021978021978,-1.978021978021978,0.821917808219178,-6.8583221435546875,-54.48152160644531,55.55872344970703,53.708099365234375,-4.10174560546875,1.0969343185424805
056_brown,put the brown cylinder on the tray,5,1,80,4.581,1788426886.9723248,00004_front_put_the_brown_cylinder_on_the_tray.png,00004_wrist_put_the_brown_cylinder_on_the_tray.png,recap.png,50,7,109,110,-6.857142857142857,-77.84615384615384,74.50549450549451,53.8021978021978,-1.978021978021978,0.821917808219178,-6.761722564697266,-53.40304183959961,55.08177947998047,53.738800048828125,-4.046541213989258,1.0276741981506348
056_brown,put the brown cylinder on the tray,5,1,80,4.581,1788426886.9723248,00004_front_put_the_brown_cylinder_on_the_tray.png,00004_wrist_put_the_brown_cylinder_on_the_tray.png,recap.png,50,8,110,111,-6.857142857142857,-77.84615384615384,74.50549450549451,53.8021978021978,-1.978021978021978,0.821917808219178,-6.804424285888672,-52.0352668762207,54.99146270751953,53.51158142089844,-4.0624494552612305,1.0344091653823853
056_brown,put the brown cylinder on the tray,5,1,80,4.581,1788426886.9723248,00004_front_put_the_brown_cylinder_on_the_tray.png,00004_wrist_put_the_brown_cylinder_on_the_tray.png,recap.png,50,9,111,112,-6.857142857142857,-77.84615384615384,74.50549450549451,53.8021978021978,-1.978021978021978,0.821917808219178,-6.77202033996582,-51.66398239135742,54.216392517089844,53.73677062988281,-3.8532962799072266,1.174586534500122
056_brown,put the brown cylinder on the tray,5,1,80,4.581,1788426886.9723248,00004_front_put_the_brown_cylinder_on_the_tray.png,00004_wrist_put_the_brown_cylinder_on_the_tray.png,recap.png,50,10,112,113,-6.857142857142857,-77.84615384615384,74.50549450549451,53.8021978021978,-1.978021978021978,0.821917808219178,-6.771081924438477,-50.485992431640625,53.828453063964844,53.592002868652344,-3.7365779876708984,1.0040680170059204
056_brown,put the brown cylinder on the tray,5,1,80,4.581,1788426886.9723248,00004_front_put_the_brown_cylinder_on_the_tray.png,00004_wrist_put_the_brown_cylinder_on_the_tray.png,recap.png,50,11,113,114,-6.857142857142857,-77.84615384615384,74.50549450549451,53.8021978021978,-1.978021978021978,0.821917808219178,-6.678539276123047,-49.3984375,53.375511169433594,53.689064025878906,-3.7994890213012695,0.9702185392379761
056_brown,put the brown cylinder on the tray,5,1,80,4.581,1788426886.9723248,00004_front_put_the_brown_cylinder_on_the_tray.png,00004_wrist_put_the_brown_cylinder_on_the_tray.png,recap.png,50,12,114,115,-6.857142857142857,-77.84615384615384,74.50549450549451,53.8021978021978,-1.978021978021978,0.821917808219178,-6.627431869506836,-48.40514373779297,52.623199462890625,53.550750732421875,-3.8109560012817383,1.1831707954406738
056_brown,put the brown cylinder on the tray,5,1,80,4.581,1788426886.9723248,00004_front_put_the_brown_cylinder_on_the_tray.png,00004_wrist_put_the_brown_cylinder_on_the_tray.png,recap.png,50,13,115,116,-6.857142857142857,-77.84615384615384,74.50549450549451,53.8021978021978,-1.978021978021978,0.821917808219178,-6.466529846191406,-47.6201171875,51.48748016357422,53.41046142578125,-3.8181581497192383,0.9951576590538025
056_brown,put the brown cylinder on the tray,5,1,80,4.581,1788426886.9723248,00004_front_put_the_brown_cylinder_on_the_tray.png,00004_wrist_put_the_brown_cylinder_on_the_tray.png,recap.png,50,14,116,117,-6.857142857142857,-77.84615384615384,74.50549450549451,53.8021978021978,-1.978021978021978,0.821917808219178,-6.323091506958008,-46.60270690917969,51.252296447753906,53.60206985473633,-3.8479738235473633,1.0118131637573242
056_brown,put the brown cylinder on the tray,5,1,80,4.581,1788426886.9723248,00004_front_put_the_brown_cylinder_on_the_tray.png,00004_wrist_put_the_brown_cylinder_on_the_tray.png,recap.png,50,15,117,118,-6.857142857142857,-77.84615384615384,74.50549450549451,53.8021978021978,-1.978021978021978,0.821917808219178,-6.549053192138672,-45.59559631347656,50.68632507324219,53.453372955322266,-3.972468376159668,1.1581361293792725
056_brown,put the brown cylinder on the tray,5,1,80,4.581,1788426886.9723248,00004_front_put_the_brown_cylinder_on_the_tray.png,00004_wrist_put_the_brown_cylinder_on_the_tray.png,recap.png,50,16,118,119,-6.857142857142857,-77.84615384615384,74.50549450549451,53.8021978021978,-1.978021978021978,0.821917808219178,-6.369020462036133,-45.72446060180664,50.409202575683594,53.48167037963867,-3.9210519790649414,1.1892940998077393
056_brown,put the brown cylinder on the tray,5,1,80,4.581,1788426886.9723248,00004_front_put_the_brown_cylinder_on_the_tray.png,00004_wrist_put_the_brown_cylinder_on_the_tray.png,recap.png,50,17,119,120,-6.857142857142857,-77.84615384615384,74.50549450549451,53.8021978021978,-1.978021978021978,0.821917808219178,-6.355867385864258,-45.05115509033203,49.879600524902344,53.40583038330078,-3.9470291137695312,1.0774812698364258
056_brown,put the brown cylinder on the tray,5,1,80,4.581,1788426886.9723248,00004_front_put_the_brown_cylinder_on_the_tray.png,00004_wrist_put_the_brown_cylinder_on_the_tray.png,recap.png,50,18,120,121,-6.857142857142857,-77.84615384615384,74.50549450549451,53.8021978021978,-1.978021978021978,0.821917808219178,-6.508493423461914,-43.96678161621094,49.88367462158203,53.41814422607422,-3.8885974884033203,1.0711922645568848
056_brown,put the brown cylinder on the tray,5,1,80,4.581,1788426886.9723248,00004_front_put_the_brown_cylinder_on_the_tray.png,00004_wrist_put_the_brown_cylinder_on_the_tray.png,recap.png,50,19,121,122,-6.857142857142857,-77.84615384615384,74.50549450549451,53.8021978021978,-1.978021978021978,0.821917808219178,-6.321178436279297,-42.04338836669922,48.807708740234375,53.64308166503906,-3.8929758071899414,1.0529170036315918
056_brown,put the brown cylinder on the tray,5,1,80,4.581,1788426886.9723248,00004_front_put_the_brown_cylinder_on_the_tray.png,00004_wrist_put_the_brown_cylinder_on_the_tray.png,recap.png,50,20,122,123,-6.857142857142857,-77.84615384615384,74.50549450549451,53.8021978021978,-1.978021978021978,0.821917808219178,-6.506830215454102,-42.735408782958984,48.26024627685547,53.5035400390625,-4.076783180236816,1.1411502361297607
056_brown,put the brown cylinder on the tray,5,1,80,4.581,1788426886.9723248,00004_front_put_the_brown_cylinder_on_the_tray.png,00004_wrist_put_the_brown_cylinder_on_the_tray.png,recap.png,50,21,123,124,-6.857142857142857,-77.84615384615384,74.50549450549451,53.8021978021978,-1.978021978021978,0.821917808219178,-6.64897346496582,-41.79152297973633,47.287376403808594,53.58159637451172,-4.157594203948975,1.2979862689971924
056_brown,put the brown cylinder on the tray,5,1,80,4.581,1788426886.9723248,00004_front_put_the_brown_cylinder_on_the_tray.png,00004_wrist_put_the_brown_cylinder_on_the_tray.png,recap.png,50,22,124,125,-6.857142857142857,-77.84615384615384,74.50549450549451,53.8021978021978,-1.978021978021978,0.821917808219178,-6.46845817565918,-40.57481002807617,47.2423095703125,53.46179962158203,-4.177562713623047,1.4899518489837646
056_brown,put the brown cylinder on the tray,5,1,80,4.581,1788426886.9723248,00004_front_put_the_brown_cylinder_on_the_tray.png,00004_wrist_put_the_brown_cylinder_on_the_tray.png,recap.png,50,23,125,126,-6.857142857142857,-77.84615384615384,74.50549450549451,53.8021978021978,-1.978021978021978,0.821917808219178,-6.252742767333984,-39.73991775512695,46.316932678222656,53.66188049316406,-4.1443963050842285,1.9112539291381836
056_brown,put the brown cylinder on the tray,5,1,80,4.581,1788426886.9723248,00004_front_put_the_brown_cylinder_on_the_tray.png,00004_wrist_put_the_brown_cylinder_on_the_tray.png,recap.png,50,24,126,127,-6.857142857142857,-77.84615384615384,74.50549450549451,53.8021978021978,-1.978021978021978,0.821917808219178,-6.248439788818359,-38.50642395019531,45.415977478027344,53.804752349853516,-4.110433578491211,2.8331825733184814
056_brown,put the brown cylinder on the tray,5,1,80,4.581,1788426886.9723248,00004_front_put_the_brown_cylinder_on_the_tray.png,00004_wrist_put_the_brown_cylinder_on_the_tray.png,recap.png,50,25,127,128,-6.857142857142857,-77.84615384615384,74.50549450549451,53.8021978021978,-1.978021978021978,0.821917808219178,-6.310220718383789,-37.811805725097656,44.87434387207031,54.08991241455078,-4.245943069458008,4.313175201416016
056_brown,put the brown cylinder on the tray,6,0,101,5.284,1788426887.6675632,00005_front_put_the_brown_cylinder_on_the_tray.png,00005_wrist_put_the_brown_cylinder_on_the_tray.png,recap.png,50,0,128,129,-5.802197802197802,-52.79120879120879,57.27472527472528,56.35164835164835,-6.1098901098901095,0.821917808219178,-5.364926338195801,-31.353879928588867,38.683738708496094,58.166748046875,-5.224214553833008,13.428409576416016
056_brown,put the brown cylinder on the tray,6,0,101,5.284,1788426887.6675632,00005_front_put_the_brown_cylinder_on_the_tray.png,00005_wrist_put_the_brown_cylinder_on_the_tray.png,recap.png,50,1,129,130,-5.802197802197802,-52.79120879120879,57.27472527472528,56.35164835164835,-6.1098901098901095,0.821917808219178,-5.486721992492676,-30.76142120361328,38.20299530029297,58.265968322753906,-5.155702114105225,14.653011322021484
056_brown,put the brown cylinder on the tray,6,0,101,5.284,1788426887.6675632,00005_front_put_the_brown_cylinder_on_the_tray.png,00005_wrist_put_the_brown_cylinder_on_the_tray.png,recap.png,50,2,130,131,-5.802197802197802,-52.79120879120879,57.27472527472528,56.35164835164835,-6.1098901098901095,0.821917808219178,-5.300754547119141,-28.320457458496094,36.144073486328125,60.19037628173828,-5.488630771636963,17.889902114868164
056_brown,put the brown cylinder on the tray,6,0,101,5.284,1788426887.6675632,00005_front_put_the_brown_cylinder_on_the_tray.png,00005_wrist_put_the_brown_cylinder_on_the_tray.png,recap.png,50,3,131,132,-5.802197802197802,-52.79120879120879,57.27472527472528,56.35164835164835,-6.1098901098901095,0.821917808219178,-5.472711563110352,-27.75249481201172,36.43186950683594,60.29276657104492,-5.551808834075928,19.13449478149414
056_brown,put the brown cylinder on the tray,6,0,101,5.284,1788426887.6675632,00005_front_put_the_brown_cylinder_on_the_tray.png,00005_wrist_put_the_brown_cylinder_on_the_tray.png,recap.png,50,4,132,133,-5.802197802197802,-52.79120879120879,57.27472527472528,56.35164835164835,-6.1098901098901095,0.821917808219178,-5.237089157104492,-27.097808837890625,36.273590087890625,60.54228210449219,-5.568465232849121,21.130746841430664
056_brown,put the brown cylinder on the tray,6,0,101,5.284,1788426887.6675632,00005_front_put_the_brown_cylinder_on_the_tray.png,00005_wrist_put_the_brown_cylinder_on_the_tray.png,recap.png,50,5,133,134,-5.802197802197802,-52.79120879120879,57.27472527472528,56.35164835164835,-6.1098901098901095,0.821917808219178,-5.271772384643555,-26.185592651367188,36.258628845214844,60.654293060302734,-5.467841148376465,22.800378799438477
056_brown,put the brown cylinder on the tray,6,0,101,5.284,1788426887.6675632,00005_front_put_the_brown_cylinder_on_the_tray.png,00005_wrist_put_the_brown_cylinder_on_the_tray.png,recap.png,50,6,134,135,-5.802197802197802,-52.79120879120879,57.27472527472528,56.35164835164835,-6.1098901098901095,0.821917808219178,-5.3515472412109375,-26.002403259277344,36.14927673339844,61.052391052246094,-5.333094120025635,24.36313819885254
056_brown,put the brown cylinder on the tray,6,0,101,5.284,1788426887.6675632,00005_front_put_the_brown_cylinder_on_the_tray.png,00005_wrist_put_the_brown_cylinder_on_the_tray.png,recap.png,50,7,135,136,-5.802197802197802,-52.79120879120879,57.27472527472528,56.35164835164835,-6.1098901098901095,0.821917808219178,-5.218603134155273,-26.229331970214844,35.49754333496094,61.249900817871094,-5.357728004455566,25.123031616210938
056_brown,put the brown cylinder on the tray,6,0,101,5.284,1788426887.6675632,00005_front_put_the_brown_cylinder_on_the_tray.png,00005_wrist_put_the_brown_cylinder_on_the_tray.png,recap.png,50,8,136,137,-5.802197802197802,-52.79120879120879,57.27472527472528,56.35164835164835,-6.1098901098901095,0.821917808219178,-5.467618942260742,-25.5096435546875,35.995277404785156,61.47118377685547,-5.3096699714660645,25.347156524658203
056_brown,put the brown cylinder on the tray,6,0,101,5.284,1788426887.6675632,00005_front_put_the_brown_cylinder_on_the_tray.png,00005_wrist_put_the_brown_cylinder_on_the_tray.png,recap.png,50,9,137,138,-5.802197802197802,-52.79120879120879,57.27472527472528,56.35164835164835,-6.1098901098901095,0.821917808219178,-5.210693359375,-24.558761596679688,34.644775390625,61.846153259277344,-5.148473262786865,25.296253204345703
056_brown,put the brown cylinder on the tray,6,0,101,5.284,1788426887.6675632,00005_front_put_the_brown_cylinder_on_the_tray.png,00005_wrist_put_the_brown_cylinder_on_the_tray.png,recap.png,50,10,138,139,-5.802197802197802,-52.79120879120879,57.27472527472528,56.35164835164835,-6.1098901098901095,0.821917808219178,-5.305307388305664,-24.432395935058594,35.228790283203125,62.08804702758789,-5.145649433135986,25.00349998474121
056_brown,put the brown cylinder on the tray,6,0,101,5.284,1788426887.6675632,00005_front_put_the_brown_cylinder_on_the_tray.png,00005_wrist_put_the_brown_cylinder_on_the_tray.png,recap.png,50,11,139,140,-5.802197802197802,-52.79120879120879,57.27472527472528,56.35164835164835,-6.1098901098901095,0.821917808219178,-5.22850227355957,-24.23443603515625,35.229408264160156,62.17008972167969,-5.068340301513672,24.7480411529541
056_brown,put the brown cylinder on the tray,6,0,101,5.284,1788426887.6675632,00005_front_put_the_brown_cylinder_on_the_tray.png,00005_wrist_put_the_brown_cylinder_on_the_tray.png,recap.png,50,12,140,141,-5.802197802197802,-52.79120879120879,57.27472527472528,56.35164835164835,-6.1098901098901095,0.821917808219178,-5.335420608520508,-24.420806884765625,34.81798553466797,62.15949630737305,-5.11155366897583,24.605533599853516
056_brown,put the brown cylinder on the tray,6,0,101,5.284,1788426887.6675632,00005_front_put_the_brown_cylinder_on_the_tray.png,00005_wrist_put_the_brown_cylinder_on_the_tray.png,recap.png,50,13,141,142,-5.802197802197802,-52.79120879120879,57.27472527472528,56.35164835164835,-6.1098901098901095,0.821917808219178,-5.388849258422852,-23.92620849609375,35.245750427246094,62.22372817993164,-4.95973539352417,24.64244842529297
056_brown,put the brown cylinder on the tray,6,0,101,5.284,1788426887.6675632,00005_front_put_the_brown_cylinder_on_the_tray.png,00005_wrist_put_the_brown_cylinder_on_the_tray.png,recap.png,50,14,142,143,-5.802197802197802,-52.79120879120879,57.27472527472528,56.35164835164835,-6.1098901098901095,0.821917808219178,-5.641582489013672,-23.73553466796875,35.90660095214844,62.20058822631836,-4.888591289520264,24.9235897064209
056_brown,put the brown cylinder on the tray,6,0,101,5.284,1788426887.6675632,00005_front_put_the_brown_cylinder_on_the_tray.png,00005_wrist_put_the_brown_cylinder_on_the_tray.png,recap.png,50,15,143,144,-5.802197802197802,-52.79120879120879,57.27472527472528,56.35164835164835,-6.1098901098901095,0.821917808219178,-5.303291320800781,-23.862525939941406,35.974143981933594,61.754676818847656,-4.851529598236084,25.348405838012695
056_brown,put the brown cylinder on the tray,6,0,101,5.284,1788426887.6675632,00005_front_put_the_brown_cylinder_on_the_tray.png,00005_wrist_put_the_brown_cylinder_on_the_tray.png,recap.png,50,16,144,145,-5.802197802197802,-52.79120879120879,57.27472527472528,56.35164835164835,-6.1098901098901095,0.821917808219178,-5.540557861328125,-23.552169799804688,36.45954895019531,61.84480667114258,-4.800611972808838,26.35272789001465
056_brown,put the brown cylinder on the tray,6,0,101,5.284,1788426887.6675632,00005_front_put_the_brown_cylinder_on_the_tray.png,00005_wrist_put_the_brown_cylinder_on_the_tray.png,recap.png,50,17,145,146,-5.802197802197802,-52.79120879120879,57.27472527472528,56.35164835164835,-6.1098901098901095,0.821917808219178,-5.112110137939453,-24.386383056640625,36.23223876953125,61.71706771850586,-4.834591865539551,26.715959548950195
056_brown,put the brown cylinder on the tray,6,0,101,5.284,1788426887.6675632,00005_front_put_the_brown_cylinder_on_the_tray.png,00005_wrist_put_the_brown_cylinder_on_the_tray.png,recap.png,50,18,146,147,-5.802197802197802,-52.79120879120879,57.27472527472528,56.35164835164835,-6.1098901098901095,0.821917808219178,-5.241353988647461,-23.1109619140625,36.44243621826172,61.67869567871094,-4.598639965057373,26.838233947753906
056_brown,put the brown cylinder on the tray,6,0,101,5.284,1788426887.6675632,00005_front_put_the_brown_cylinder_on_the_tray.png,00005_wrist_put_the_brown_cylinder_on_the_tray.png,recap.png,50,19,147,148,-5.802197802197802,-52.79120879120879,57.27472527472528,56.35164835164835,-6.1098901098901095,0.821917808219178,-5.422664642333984,-23.20978546142578,36.402076721191406,61.464599609375,-4.478681564331055,26.935279846191406
056_brown,put the brown cylinder on the tray,6,0,101,5.284,1788426887.6675632,00005_front_put_the_brown_cylinder_on_the_tray.png,00005_wrist_put_the_brown_cylinder_on_the_tray.png,recap.png,50,20,148,149,-5.802197802197802,-52.79120879120879,57.27472527472528,56.35164835164835,-6.1098901098901095,0.821917808219178,-5.38374137878418,-22.774253845214844,36.45611572265625,61.177738189697266,-4.44305419921875,26.93968963623047
056_brown,put the brown cylinder on the tray,6,0,101,5.284,1788426887.6675632,00005_front_put_the_brown_cylinder_on_the_tray.png,00005_wrist_put_the_brown_cylinder_on_the_tray.png,recap.png,50,21,149,150,-5.802197802197802,-52.79120879120879,57.27472527472528,56.35164835164835,-6.1098901098901095,0.821917808219178,-5.366716384887695,-22.116104125976562,36.33441162109375,61.10425567626953,-4.446523666381836,27.037364959716797
056_brown,put the brown cylinder on the tray,6,0,101,5.284,1788426887.6675632,00005_front_put_the_brown_cylinder_on_the_tray.png,00005_wrist_put_the_brown_cylinder_on_the_tray.png,recap.png,50,22,150,151,-5.802197802197802,-52.79120879120879,57.27472527472528,56.35164835164835,-6.1098901098901095,0.821917808219178,-5.19757080078125,-21.588157653808594,35.469276428222656,60.92382049560547,-4.285403728485107,27.123249053955078
056_brown,put the brown cylinder on the tray,7,0,127,6.354,1788426888.744234,00006_front_put_the_brown_cylinder_on_the_tray.png,00006_wrist_put_the_brown_cylinder_on_the_tray.png,recap.png,50,0,151,152,-6.681318681318682,-40.30769230769231,49.27472527472528,54.59340659340659,-4.175824175824176,1.3013698630136987,-5.545597076416016,-19.662818908691406,30.852447509765625,58.1223030090332,-3.9027862548828125,18.760263442993164
056_brown,put the brown cylinder on the tray,7,0,127,6.354,1788426888.744234,00006_front_put_the_brown_cylinder_on_the_tray.png,00006_wrist_put_the_brown_cylinder_on_the_tray.png,recap.png,50,1,152,153,-6.681318681318682,-40.30769230769231,49.27472527472528,54.59340659340659,-4.175824175824176,1.3013698630136987,-5.359828948974609,-19.56781768798828,31.1309814453125,58.149864196777344,-3.9035749435424805,20.111940383911133
056_brown,put the brown cylinder on the tray,7,0,127,6.354,1788426888.744234,00006_front_put_the_brown_cylinder_on_the_tray.png,00006_wrist_put_the_brown_cylinder_on_the_tray.png,recap.png,50,2,153,154,-6.681318681318682,-40.30769230769231,49.27472527472528,54.59340659340659,-4.175824175824176,1.3013698630136987,-5.3728790283203125,-19.83661651611328,31.579620361328125,58.647178649902344,-3.9324264526367188,21.19417953491211
056_brown,put the brown cylinder on the tray,7,0,127,6.354,1788426888.744234,00006_front_put_the_brown_cylinder_on_the_tray.png,00006_wrist_put_the_brown_cylinder_on_the_tray.png,recap.png,50,3,154,155,-6.681318681318682,-40.30769230769231,49.27472527472528,54.59340659340659,-4.175824175824176,1.3013698630136987,-5.333766937255859,-19.082473754882812,30.467559814453125,58.729454040527344,-3.9396486282348633,22.042346954345703
056_brown,put the brown cylinder on the tray,7,0,127,6.354,1788426888.744234,00006_front_put_the_brown_cylinder_on_the_tray.png,00006_wrist_put_the_brown_cylinder_on_the_tray.png,recap.png,50,4,155,156,-6.681318681318682,-40.30769230769231,49.27472527472528,54.59340659340659,-4.175824175824176,1.3013698630136987,-5.161266326904297,-19.0867919921875,30.73761749267578,58.76476287841797,-3.9429149627685547,22.624473571777344
056_brown,put the brown cylinder on the tray,7,0,127,6.354,1788426888.744234,00006_front_put_the_brown_cylinder_on_the_tray.png,00006_wrist_put_the_brown_cylinder_on_the_tray.png,recap.png,50,5,156,157,-6.681318681318682,-40.30769230769231,49.27472527472528,54.59340659340659,-4.175824175824176,1.3013698630136987,-5.2788238525390625,-19.388259887695312,30.856735229492188,59.00164031982422,-3.9182329177856445,22.52739143371582
056_brown,put the brown cylinder on the tray,7,0,127,6.354,1788426888.744234,00006_front_put_the_brown_cylinder_on_the_tray.png,00006_wrist_put_the_brown_cylinder_on_the_tray.png,recap.png,50,6,157,158,-6.681318681318682,-40.30769230769231,49.27472527472528,54.59340659340659,-4.175824175824176,1.3013698630136987,-5.012994766235352,-18.75292205810547,29.56275177001953,58.834083557128906,-3.937265396118164,22.898189544677734
056_brown,put the brown cylinder on the tray,7,0,127,6.354,1788426888.744234,00006_front_put_the_brown_cylinder_on_the_tray.png,00006_wrist_put_the_brown_cylinder_on_the_tray.png,recap.png,50,7,158,159,-6.681318681318682,-40.30769230769231,49.27472527472528,54.59340659340659,-4.175824175824176,1.3013698630136987,-5.094280242919922,-18.169754028320312,29.952316284179688,59.28807067871094,-3.6869020462036133,22.509923934936523
056_brown,put the brown cylinder on the tray,7,0,127,6.354,1788426888.744234,00006_front_put_the_brown_cylinder_on_the_tray.png,00006_wrist_put_the_brown_cylinder_on_the_tray.png,recap.png,50,8,159,160,-6.681318681318682,-40.30769230769231,49.27472527472528,54.59340659340659,-4.175824175824176,1.3013698630136987,-5.037681579589844,-17.432937622070312,28.91265106201172,59.488616943359375,-3.8273696899414062,22.708332061767578
056_brown,put the brown cylinder on the tray,7,0,127,6.354,1788426888.744234,00006_front_put_the_brown_cylinder_on_the_tray.png,00006_wrist_put_the_brown_cylinder_on_the_tray.png,recap.png,50,9,160,161,-6.681318681318682,-40.30769230769231,49.27472527472528,54.59340659340659,-4.175824175824176,1.3013698630136987,-5.218059539794922,-17.28093719482422,29.542022705078125,59.8082275390625,-3.550053596496582,23.055789947509766
056_brown,put the brown cylinder on the tray,7,0,127,6.354,1788426888.744234,00006_front_put_the_brown_cylinder_on_the_tray.png,00006_wrist_put_the_brown_cylinder_on_the_tray.png,recap.png,50,10,161,162,-6.681318681318682,-40.30769230769231,49.27472527472528,54.59340659340659,-4.175824175824176,1.3013698630136987,-5.309572219848633,-17.602386474609375,28.81806182861328,60.10118865966797,-3.4530372619628906,24.085783004760742
056_brown,put the brown cylinder on the tray,7,0,127,6.354,1788426888.744234,00006_front_put_the_brown_cylinder_on_the_tray.png,00006_wrist_put_the_brown_cylinder_on_the_tray.png,recap.png,50,11,162,163,-6.681318681318682,-40.30769230769231,49.27472527472528,54.59340659340659,-4.175824175824176,1.3013698630136987,-5.322429656982422,-16.425430297851562,28.86046600341797,60.440895080566406,-3.3976058959960938,25.990558624267578
056_brown,put the brown cylinder on the tray,7,0,127,6.354,1788426888.744234,00006_front_put_the_brown_cylinder_on_the_tray.png,00006_wrist_put_the_brown_cylinder_on_the_tray.png,recap.png,50,12,163,164,-6.681318681318682,-40.30769230769231,49.27472527472528,54.59340659340659,-4.175824175824176,1.3013698630136987,-5.488643646240234,-16.162071228027344,28.188613891601562,60.67908477783203,-3.4123334884643555,27.97444725036621
056_brown,put the brown cylinder on the tray,7,0,127,6.354,1788426888.744234,00006_front_put_the_brown_cylinder_on_the_tray.png,00006_wrist_put_the_brown_cylinder_on_the_tray.png,recap.png,50,13,164,165,-6.681318681318682,-40.30769230769231,49.27472527472528,54.59340659340659,-4.175824175824176,1.3013698630136987,-5.638195037841797,-15.508583068847656,28.13726806640625,60.554229736328125,-3.410493850708008,29.47977066040039
056_brown,put the brown cylinder on the tray,7,0,127,6.354,1788426888.744234,00006_front_put_the_brown_cylinder_on_the_tray.png,00006_wrist_put_the_brown_cylinder_on_the_tray.png,recap.png,50,14,165,166,-6.681318681318682,-40.30769230769231,49.27472527472528,54.59340659340659,-4.175824175824176,1.3013698630136987,-5.939786911010742,-14.609748840332031,27.192489624023438,60.639015197753906,-3.5578136444091797,30.37189483642578
056_brown,put the brown cylinder on the tray,7,0,127,6.354,1788426888.744234,00006_front_put_the_brown_cylinder_on_the_tray.png,00006_wrist_put_the_brown_cylinder_on_the_tray.png,recap.png,50,15,166,167,-6.681318681318682,-40.30769230769231,49.27472527472528,54.59340659340659,-4.175824175824176,1.3013698630136987,-5.991968154907227,-14.808067321777344,27.82019805908203,60.53044891357422,-3.4626026153564453,30.9110164642334
056_brown,put the brown cylinder on the tray,7,0,127,6.354,1788426888.744234,00006_front_put_the_brown_cylinder_on_the_tray.png,00006_wrist_put_the_brown_cylinder_on_the_tray.png,recap.png,50,16,167,168,-6.681318681318682,-40.30769230769231,49.27472527472528,54.59340659340659,-4.175824175824176,1.3013698630136987,-6.196767807006836,-14.255714416503906,27.472694396972656,60.33769226074219,-3.408693313598633,30.997398376464844
056_brown,put the brown cylinder on the tray,7,0,127,6.354,1788426888.744234,00006_front_put_the_brown_cylinder_on_the_tray.png,00006_wrist_put_the_brown_cylinder_on_the_tray.png,recap.png,50,17,168,169,-6.681318681318682,-40.30769230769231,49.27472527472528,54.59340659340659,-4.175824175824176,1.3013698630136987,-6.322484970092773,-13.715141296386719,27.08868408203125,60.316017150878906,-3.32949161529541,31.145488739013672
056_brown,put the brown cylinder on the tray,7,0,127,6.354,1788426888.744234,00006_front_put_the_brown_cylinder_on_the_tray.png,00006_wrist_put_the_brown_cylinder_on_the_tray.png,recap.png,50,18,169,170,-6.681318681318682,-40.30769230769231,49.27472527472528,54.59340659340659,-4.175824175824176,1.3013698630136987,-6.50446891784668,-12.413864135742188,26.580413818359375,60.459564208984375,-3.4165258407592773,31.751996994018555
056_brown,put the brown cylinder on the tray,7,0,127,6.354,1788426888.744234,00006_front_put_the_brown_cylinder_on_the_tray.png,00006_wrist_put_the_brown_cylinder_on_the_tray.png,recap.png,50,19,170,171,-6.681318681318682,-40.30769230769231,49.27472527472528,54.59340659340659,-4.175824175824176,1.3013698630136987,-6.720218658447266,-11.9857177734375,26.25152587890625,60.41044616699219,-3.350651741027832,32.23800277709961
056_brown,put the brown cylinder on the tray,7,0,127,6.354,1788426888.744234,00006_front_put_the_brown_cylinder_on_the_tray.png,00006_wrist_put_the_brown_cylinder_on_the_tray.png,recap.png,50,20,171,172,-6.681318681318682,-40.30769230769231,49.27472527472528,54.59340659340659,-4.175824175824176,1.3013698630136987,-6.9644012451171875,-10.924049377441406,25.986679077148438,60.495399475097656,-3.534886360168457,32.67740249633789
056_brown,put the brown cylinder on the tray,7,0,127,6.354,1788426888.744234,00006_front_put_the_brown_cylinder_on_the_tray.png,00006_wrist_put_the_brown_cylinder_on_the_tray.png,recap.png,50,21,172,173,-6.681318681318682,-40.30769230769231,49.27472527472528,54.59340659340659,-4.175824175824176,1.3013698630136987,-6.858440399169922,-10.210739135742188,25.750831604003906,60.48103713989258,-3.3478641510009766,32.82697296142578
056_brown,put the brown cylinder on the tray,7,0,127,6.354,1788426888.744234,00006_front_put_the_brown_cylinder_on_the_tray.png,00006_wrist_put_the_brown_cylinder_on_the_tray.png,recap.png,50,22,173,174,-6.681318681318682,-40.30769230769231,49.27472527472528,54.59340659340659,-4.175824175824176,1.3013698630136987,-7.006940841674805,-9.403221130371094,25.764617919921875,60.555992126464844,-3.427164077758789,32.810001373291016
056_brown,put the brown cylinder on the tray,7,0,127,6.354,1788426888.744234,00006_front_put_the_brown_cylinder_on_the_tray.png,00006_wrist_put_the_brown_cylinder_on_the_tray.png,recap.png,50,23,174,175,-6.681318681318682,-40.30769230769231,49.27472527472528,54.59340659340659,-4.175824175824176,1.3013698630136987,-7.037506103515625,-9.251564025878906,25.47020721435547,60.726234436035156,-3.458284378051758,32.8236198425293
056_brown,put the brown cylinder on the tray,7,0,127,6.354,1788426888.744234,00006_front_put_the_brown_cylinder_on_the_tray.png,00006_wrist_put_the_brown_cylinder_on_the_tray.png,recap.png,50,24,175,176,-6.681318681318682,-40.30769230769231,49.27472527472528,54.59340659340659,-4.175824175824176,1.3013698630136987,-7.099773406982422,-7.8889312744140625,24.83356475830078,60.545135498046875,-3.3537988662719727,32.78615951538086
056_brown,put the brown cylinder on the tray,7,0,127,6.354,1788426888.744234,00006_front_put_the_brown_cylinder_on_the_tray.png,00006_wrist_put_the_brown_cylinder_on_the_tray.png,recap.png,50,25,176,177,-6.681318681318682,-40.30769230769231,49.27472527472528,54.59340659340659,-4.175824175824176,1.3013698630136987,-7.302249908447266,-6.752845764160156,24.278282165527344,60.472206115722656,-3.513108253479004,32.99376678466797
056_brown,put the brown cylinder on the tray,8,1,150,7.122,1788426889.5053158,00007_front_put_the_brown_cylinder_on_the_tray.png,00007_wrist_put_the_brown_cylinder_on_the_tray.png,recap.png,50,0,177,178,-5.538461538461538,-22.725274725274726,37.494505494505496,61.97802197802198,-4.967032967032967,26.506849315068493,-6.759843826293945,-5.7609710693359375,27.716575622558594,59.612937927246094,-3.3269309997558594,33.64922332763672
056_brown,put the brown cylinder on the tray,8,1,150,7.122,1788426889.5053158,00007_front_put_the_brown_cylinder_on_the_tray.png,00007_wrist_put_the_brown_cylinder_on_the_tray.png,recap.png,50,1,178,179,-5.538461538461538,-22.725274725274726,37.494505494505496,61.97802197802198,-4.967032967032967,26.506849315068493,-6.681741714477539,-4.7125396728515625,26.195327758789062,59.52787399291992,-3.325838088989258,33.8733024597168
056_brown,put the brown cylinder on the tray,8,1,150,7.122,1788426889.5053158,00007_front_put_the_brown_cylinder_on_the_tray.png,00007_wrist_put_the_brown_cylinder_on_the_tray.png,recap.png,50,2,179,180,-5.538461538461538,-22.725274725274726,37.494505494505496,61.97802197802198,-4.967032967032967,26.506849315068493,-6.777263641357422,-3.5349273681640625,25.516845703125,59.55724334716797,-3.3890438079833984,33.67876434326172
056_brown,put the brown cylinder on the tray,8,1,150,7.122,1788426889.5053158,00007_front_put_the_brown_cylinder_on_the_tray.png,00007_wrist_put_the_brown_cylinder_on_the_tray.png,recap.png,50,3,180,181,-5.538461538461538,-22.725274725274726,37.494505494505496,61.97802197802198,-4.967032967032967,26.506849315068493,-6.42365837097168,-2.6114730834960938,24.865768432617188,59.37213134765625,-3.5123891830444336,33.76549530029297
056_brown,put the brown cylinder on the tray,8,1,150,7.122,1788426889.5053158,00007_front_put_the_brown_cylinder_on_the_tray.png,00007_wrist_put_the_brown_cylinder_on_the_tray.png,recap.png,50,4,181,182,-5.538461538461538,-22.725274725274726,37.494505494505496,61.97802197802198,-4.967032967032967,26.506849315068493,-6.605998992919922,-0.851165771484375,24.096519470214844,59.534217834472656,-3.366119384765625,33.79788589477539
056_brown,put the brown cylinder on the tray,8,1,150,7.122,1788426889.5053158,00007_front_put_the_brown_cylinder_on_the_tray.png,00007_wrist_put_the_brown_cylinder_on_the_tray.png,recap.png,50,5,182,183,-5.538461538461538,-22.725274725274726,37.494505494505496,61.97802197802198,-4.967032967032967,26.506849315068493,-6.603416442871094,0.17148590087890625,22.31999969482422,59.812217712402344,-3.4401168823242188,33.68666458129883
056_brown,put the brown cylinder on the tray,8,1,150,7.122,1788426889.5053158,00007_front_put_the_brown_cylinder_on_the_tray.png,00007_wrist_put_the_brown_cylinder_on_the_tray.png,recap.png,50,6,183,184,-5.538461538461538,-22.725274725274726,37.494505494505496,61.97802197802198,-4.967032967032967,26.506849315068493,-6.560781478881836,0.8041000366210938,22.31243133544922,59.42048645019531,-3.3331289291381836,33.65057373046875
056_brown,put the brown cylinder on the tray,8,1,150,7.122,1788426889.5053158,00007_front_put_the_brown_cylinder_on_the_tray.png,00007_wrist_put_the_brown_cylinder_on_the_tray.png,recap.png,50,7,184,185,-5.538461538461538,-22.725274725274726,37.494505494505496,61.97802197802198,-4.967032967032967,26.506849315068493,-6.354757308959961,2.8322372436523438,20.630691528320312,59.95751953125,-3.345667839050293,33.73871612548828
056_brown,put the brown cylinder on the tray,8,1,150,7.122,1788426889.5053158,00007_front_put_the_brown_cylinder_on_the_tray.png,00007_wrist_put_the_brown_cylinder_on_the_tray.png,recap.png,50,8,185,186,-5.538461538461538,-22.725274725274726,37.494505494505496,61.97802197802198,-4.967032967032967,26.506849315068493,-6.547702789306641,4.172279357910156,19.932907104492188,60.20608139038086,-3.3174991607666016,33.682647705078125
056_brown,put the brown cylinder on the tray,8,1,150,7.122,1788426889.5053158,00007_front_put_the_brown_cylinder_on_the_tray.png,00007_wrist_put_the_brown_cylinder_on_the_tray.png,recap.png,50,9,186,187,-5.538461538461538,-22.725274725274726,37.494505494505496,61.97802197802198,-4.967032967032967,26.506849315068493,-6.453315734863281,5.472206115722656,19.35870361328125,60.16749572753906,-3.2601795196533203,33.76695251464844
056_brown,put the brown cylinder on the tray,8,1,150,7.122,1788426889.5053158,00007_front_put_the_brown_cylinder_on_the_tray.png,00007_wrist_put_the_brown_cylinder_on_the_tray.png,recap.png,50,10,187,188,-5.538461538461538,-22.725274725274726,37.494505494505496,61.97802197802198,-4.967032967032967,26.506849315068493,-6.3731842041015625,6.3535614013671875,17.729293823242188,60.749725341796875,-3.2803831100463867,33.87302780151367
056_brown,put the brown cylinder on the tray,8,1,150,7.122,1788426889.5053158,00007_front_put_the_brown_cylinder_on_the_tray.png,00007_wrist_put_the_brown_cylinder_on_the_tray.png,recap.png,50,11,188,189,-5.538461538461538,-22.725274725274726,37.494505494505496,61.97802197802198,-4.967032967032967,26.506849315068493,-6.298845291137695,7.923835754394531,16.900314331054688,60.92790985107422,-3.338869094848633,34.0963249206543
056_brown,put the brown cylinder on the tray,8,1,150,7.122,1788426889.5053158,00007_front_put_the_brown_cylinder_on_the_tray.png,00007_wrist_put_the_brown_cylinder_on_the_tray.png,recap.png,50,12,189,190,-5.538461538461538,-22.725274725274726,37.494505494505496,61.97802197802198,-4.967032967032967,26.506849315068493,-6.171590805053711,8.583999633789062,16.526702880859375,61.44483184814453,-3.219895362854004,34.19709014892578
056_brown,put the brown cylinder on the tray,8,1,150,7.122,1788426889.5053158,00007_front_put_the_brown_cylinder_on_the_tray.png,00007_wrist_put_the_brown_cylinder_on_the_tray.png,recap.png,50,13,190,191,-5.538461538461538,-22.725274725274726,37.494505494505496,61.97802197802198,-4.967032967032967,26.506849315068493,-6.231327056884766,10.313369750976562,14.803359985351562,61.72418212890625,-3.2445144653320312,34.34156036376953
056_brown,put the brown cylinder on the tray,8,1,150,7.122,1788426889.5053158,00007_front_put_the_brown_cylinder_on_the_tray.png,00007_wrist_put_the_brown_cylinder_on_the_tray.png,recap.png,50,14,191,192,-5.538461538461538,-22.725274725274726,37.494505494505496,61.97802197802198,-4.967032967032967,26.506849315068493,-6.101110458374023,10.325042724609375,14.292953491210938,61.92237854003906,-3.280498504638672,34.4017448425293
056_brown,put the brown cylinder on the tray,8,1,150,7.122,1788426889.5053158,00007_front_put_the_brown_cylinder_on_the_tray.png,00007_wrist_put_the_brown_cylinder_on_the_tray.png,recap.png,50,15,192,193,-5.538461538461538,-22.725274725274726,37.494505494505496,61.97802197802198,-4.967032967032967,26.506849315068493,-6.08067512512207,11.249000549316406,13.32000732421875,62.19017791748047,-3.1995229721069336,34.61075973510742
056_brown,put the brown cylinder on the tray,8,1,150,7.122,1788426889.5053158,00007_front_put_the_brown_cylinder_on_the_tray.png,00007_wrist_put_the_brown_cylinder_on_the_tray.png,recap.png,50,16,193,194,-5.538461538461538,-22.725274725274726,37.494505494505496,61.97802197802198,-4.967032967032967,26.506849315068493,-6.098781585693359,12.229942321777344,12.686691284179688,62.6257438659668,-3.1762514114379883,34.563297271728516
056_brown,put the brown cylinder on the tray,8,1,150,7.122,1788426889.5053158,00007_front_put_the_brown_cylinder_on_the_tray.png,00007_wrist_put_the_brown_cylinder_on_the_tray.png,recap.png,50,17,194,195,-5.538461538461538,-22.725274725274726,37.494505494505496,61.97802197802198,-4.967032967032967,26.506849315068493,-6.071111679077148,13.069076538085938,12.140449523925781,62.915191650390625,-3.308363914489746,34.61227035522461
056_brown,put the brown cylinder on the tray,8,1,150,7.122,1788426889.5053158,00007_front_put_the_brown_cylinder_on_the_tray.png,00007_wrist_put_the_brown_cylinder_on_the_tray.png,recap.png,50,18,195,196,-5.538461538461538,-22.725274725274726,37.494505494505496,61.97802197802198,-4.967032967032967,26.506849315068493,-6.115316390991211,14.242965698242188,11.803581237792969,63.102500915527344,-3.170559883117676,34.56278610229492
056_brown,put the brown cylinder on the tray,8,1,150,7.122,1788426889.5053158,00007_front_put_the_brown_cylinder_on_the_tray.png,00007_wrist_put_the_brown_cylinder_on_the_tray.png,recap.png,50,19,196,197,-5.538461538461538,-22.725274725274726,37.494505494505496,61.97802197802198,-4.967032967032967,26.506849315068493,-6.23040771484375,14.747406005859375,10.599082946777344,63.39665222167969,-3.05489444732666,34.54924774169922
056_brown,put the brown cylinder on the tray,8,1,150,7.122,1788426889.5053158,00007_front_put_the_brown_cylinder_on_the_tray.png,00007_wrist_put_the_brown_cylinder_on_the_tray.png,recap.png,50,20,197,198,-5.538461538461538,-22.725274725274726,37.494505494505496,61.97802197802198,-4.967032967032967,26.506849315068493,-6.009559631347656,15.011787414550781,10.852897644042969,63.324806213378906,-3.1524887084960938,34.6629524230957
056_brown,put the brown cylinder on the tray,8,1,150,7.122,1788426889.5053158,00007_front_put_the_brown_cylinder_on_the_tray.png,00007_wrist_put_the_brown_cylinder_on_the_tray.png,recap.png,50,21,198,199,-5.538461538461538,-22.725274725274726,37.494505494505496,61.97802197802198,-4.967032967032967,26.506849315068493,-6.340576171875,15.764251708984375,10.290702819824219,63.84669494628906,-3.1669178009033203,34.817359924316406
056_brown,put the brown cylinder on the tray,8,1,150,7.122,1788426889.5053158,00007_front_put_the_brown_cylinder_on_the_tray.png,00007_wrist_put_the_brown_cylinder_on_the_tray.png,recap.png,50,22,199,200,-5.538461538461538,-22.725274725274726,37.494505494505496,61.97802197802198,-4.967032967032967,26.506849315068493,-6.426338195800781,16.06214141845703,9.532150268554688,64.26766204833984,-3.0133161544799805,34.68320846557617
056_brown,put the brown cylinder on the tray,9,1,176,8.193,1788426890.5778327,00008_front_put_the_brown_cylinder_on_the_tray.png,00008_wrist_put_the_brown_cylinder_on_the_tray.png,recap.png,50,0,200,201,-6.857142857142857,-9.010989010989011,28.087912087912088,60.30769230769231,-3.8241758241758244,32.465753424657535,-10.257833480834961,12.513519287109375,6.695259094238281,65.93511199951172,-4.21175479888916,35.13684844970703
056_brown,put the brown cylinder on the tray,9,1,176,8.193,1788426890.5778327,00008_front_put_the_brown_cylinder_on_the_tray.png,00008_wrist_put_the_brown_cylinder_on_the_tray.png,recap.png,50,1,201,202,-6.857142857142857,-9.010989010989011,28.087912087912088,60.30769230769231,-3.8241758241758244,32.465753424657535,-9.978202819824219,14.121376037597656,5.528598785400391,66.28207397460938,-4.147980690002441,35.242942810058594
056_brown,put the brown cylinder on the tray,9,1,176,8.193,1788426890.5778327,00008_front_put_the_brown_cylinder_on_the_tray.png,00008_wrist_put_the_brown_cylinder_on_the_tray.png,recap.png,50,2,202,203,-6.857142857142857,-9.010989010989011,28.087912087912088,60.30769230769231,-3.8241758241758244,32.465753424657535,-10.001667022705078,15.351814270019531,4.845088958740234,66.8353500366211,-4.2446088790893555,35.2084846496582
056_brown,put the brown cylinder on the tray,9,1,176,8.193,1788426890.5778327,00008_front_put_the_brown_cylinder_on_the_tray.png,00008_wrist_put_the_brown_cylinder_on_the_tray.png,recap.png,50,3,203,204,-6.857142857142857,-9.010989010989011,28.087912087912088,60.30769230769231,-3.8241758241758244,32.465753424657535,-9.801610946655273,16.57244110107422,3.804859161376953,67.11013793945312,-4.230009078979492,35.262386322021484
056_brown,put the brown cylinder on the tray,9,1,176,8.193,1788426890.5778327,00008_front_put_the_brown_cylinder_on_the_tray.png,00008_wrist_put_the_brown_cylinder_on_the_tray.png,recap.png,50,4,204,205,-6.857142857142857,-9.010989010989011,28.087912087912088,60.30769230769231,-3.8241758241758244,32.465753424657535,-10.039129257202148,18.219276428222656,2.8688583374023438,67.44781494140625,-4.293701648712158,35.37078857421875
056_brown,put the brown cylinder on the tray,9,1,176,8.193,1788426890.5778327,00008_front_put_the_brown_cylinder_on_the_tray.png,00008_wrist_put_the_brown_cylinder_on_the_tray.png,recap.png,50,5,205,206,-6.857142857142857,-9.010989010989011,28.087912087912088,60.30769230769231,-3.8241758241758244,32.465753424657535,-9.713199615478516,19.35065460205078,1.922607421875,67.85928344726562,-4.378562927246094,35.54263687133789
056_brown,put the brown cylinder on the tray,9,1,176,8.193,1788426890.5778327,00008_front_put_the_brown_cylinder_on_the_tray.png,00008_wrist_put_the_brown_cylinder_on_the_tray.png,recap.png,50,6,206,207,-6.857142857142857,-9.010989010989011,28.087912087912088,60.30769230769231,-3.8241758241758244,32.465753424657535,-9.604499816894531,20.252670288085938,1.2920608520507812,68.3729019165039,-4.315701007843018,35.492156982421875
056_brown,put the brown cylinder on the tray,9,1,176,8.193,1788426890.5778327,00008_front_put_the_brown_cylinder_on_the_tray.png,00008_wrist_put_the_brown_cylinder_on_the_tray.png,recap.png,50,7,207,208,-6.857142857142857,-9.010989010989011,28.087912087912088,60.30769230769231,-3.8241758241758244,32.465753424657535,-9.622905731201172,21.5255126953125,0.005962371826171875,68.30615234375,-4.399897575378418,35.453495025634766
056_brown,put the brown cylinder on the tray,9,1,176,8.193,1788426890.5778327,00008_front_put_the_brown_cylinder_on_the_tray.png,00008_wrist_put_the_brown_cylinder_on_the_tray.png,recap.png,50,8,208,209,-6.857142857142857,-9.010989010989011,28.087912087912088,60.30769230769231,-3.8241758241758244,32.465753424657535,-9.5740966796875,23.007667541503906,-0.980987548828125,68.60456848144531,-4.342885971069336,35.4793815612793
056_brown,put the brown cylinder on the tray,9,1,176,8.193,1788426890.5778327,00008_front_put_the_brown_cylinder_on_the_tray.png,00008_wrist_put_the_brown_cylinder_on_the_tray.png,recap.png,50,9,209,210,-6.857142857142857,-9.010989010989011,28.087912087912088,60.30769230769231,-3.8241758241758244,32.465753424657535,-9.343925476074219,24.244361877441406,-2.0158767700195312,68.82293701171875,-4.358084678649902,35.633811950683594
056_brown,put the brown cylinder on the tray,9,1,176,8.193,1788426890.5778327,00008_front_put_the_brown_cylinder_on_the_tray.png,00008_wrist_put_the_brown_cylinder_on_the_tray.png,recap.png,50,10,210,211,-6.857142857142857,-9.010989010989011,28.087912087912088,60.30769230769231,-3.8241758241758244,32.465753424657535,-9.291936874389648,25.232093811035156,-3.0446929931640625,68.93125915527344,-4.123199462890625,35.3978157043457
056_brown,put the brown cylinder on the tray,9,1,176,8.193,1788426890.5778327,00008_front_put_the_brown_cylinder_on_the_tray.png,00008_wrist_put_the_brown_cylinder_on_the_tray.png,recap.png,50,11,211,212,-6.857142857142857,-9.010989010989011,28.087912087912088,60.30769230769231,-3.8241758241758244,32.465753424657535,-9.16265869140625,25.777000427246094,-3.8553619384765625,68.80218505859375,-4.434045791625977,35.4622688293457
056_brown,put the brown cylinder on the tray,9,1,176,8.193,1788426890.5778327,00008_front_put_the_brown_cylinder_on_the_tray.png,00008_wrist_put_the_brown_cylinder_on_the_tray.png,recap.png,50,12,212,213,-6.857142857142857,-9.010989010989011,28.087912087912088,60.30769230769231,-3.8241758241758244,32.465753424657535,-9.406482696533203,26.63921356201172,-4.534934997558594,69.19644165039062,-4.450631618499756,35.460899353027344
056_brown,put the brown cylinder on the tray,9,1,176,8.193,1788426890.5778327,00008_front_put_the_brown_cylinder_on_the_tray.png,00008_wrist_put_the_brown_cylinder_on_the_tray.png,recap.png,50,13,213,214,-6.857142857142857,-9.010989010989011,28.087912087912088,60.30769230769231,-3.8241758241758244,32.465753424657535,-9.257463455200195,28.61951446533203,-5.869800567626953,69.39424133300781,-4.397485733032227,35.66709518432617
056_brown,put the brown cylinder on the tray,9,1,176,8.193,1788426890.5778327,00008_front_put_the_brown_cylinder_on_the_tray.png,00008_wrist_put_the_brown_cylinder_on_the_tray.png,recap.png,50,14,214,215,-6.857142857142857,-9.010989010989011,28.087912087912088,60.30769230769231,-3.8241758241758244,32.465753424657535,-9.070602416992188,29.116310119628906,-6.348659515380859,69.55219268798828,-4.264736652374268,35.46243667602539
056_brown,put the brown cylinder on the tray,9,1,176,8.193,1788426890.5778327,00008_front_put_the_brown_cylinder_on_the_tray.png,00008_wrist_put_the_brown_cylinder_on_the_tray.png,recap.png,50,15,215,216,-6.857142857142857,-9.010989010989011,28.087912087912088,60.30769230769231,-3.8241758241758244,32.465753424657535,-9.031351089477539,30.24134063720703,-7.038993835449219,70.16761016845703,-4.313714504241943,35.539485931396484
056_brown,put the brown cylinder on the tray,9,1,176,8.193,1788426890.5778327,00008_front_put_the_brown_cylinder_on_the_tray.png,00008_wrist_put_the_brown_cylinder_on_the_tray.png,recap.png,50,16,216,217,-6.857142857142857,-9.010989010989011,28.087912087912088,60.30769230769231,-3.8241758241758244,32.465753424657535,-9.079692840576172,31.168495178222656,-8.398910522460938,70.62198638916016,-4.318007469177246,35.556602478027344
056_brown,put the brown cylinder on the tray,9,1,176,8.193,1788426890.5778327,00008_front_put_the_brown_cylinder_on_the_tray.png,00008_wrist_put_the_brown_cylinder_on_the_tray.png,recap.png,50,17,217,218,-6.857142857142857,-9.010989010989011,28.087912087912088,60.30769230769231,-3.8241758241758244,32.465753424657535,-9.072471618652344,32.287574768066406,-9.604202270507812,71.00394439697266,-4.320879936218262,35.611778259277344
056_brown,put the brown cylinder on the tray,9,1,176,8.193,1788426890.5778327,00008_front_put_the_brown_cylinder_on_the_tray.png,00008_wrist_put_the_brown_cylinder_on_the_tray.png,recap.png,50,18,218,219,-6.857142857142857,-9.010989010989011,28.087912087912088,60.30769230769231,-3.8241758241758244,32.465753424657535,-9.121047973632812,32.74579620361328,-10.12020492553711,71.77897644042969,-4.284872531890869,35.40972900390625
056_brown,put the brown cylinder on the tray,9,1,176,8.193,1788426890.5778327,00008_front_put_the_brown_cylinder_on_the_tray.png,00008_wrist_put_the_brown_cylinder_on_the_tray.png,recap.png,50,19,219,220,-6.857142857142857,-9.010989010989011,28.087912087912088,60.30769230769231,-3.8241758241758244,32.465753424657535,-8.926904678344727,33.55860137939453,-10.398277282714844,71.78616333007812,-4.355223655700684,35.01278305053711
056_brown,put the brown cylinder on the tray,9,1,176,8.193,1788426890.5778327,00008_front_put_the_brown_cylinder_on_the_tray.png,00008_wrist_put_the_brown_cylinder_on_the_tray.png,recap.png,50,20,220,221,-6.857142857142857,-9.010989010989011,28.087912087912088,60.30769230769231,-3.8241758241758244,32.465753424657535,-9.179838180541992,34.09143829345703,-11.154926300048828,72.18412780761719,-4.3144121170043945,33.864585876464844
056_brown,put the brown cylinder on the tray,9,1,176,8.193,1788426890.5778327,00008_front_put_the_brown_cylinder_on_the_tray.png,00008_wrist_put_the_brown_cylinder_on_the_tray.png,recap.png,50,21,221,222,-6.857142857142857,-9.010989010989011,28.087912087912088,60.30769230769231,-3.8241758241758244,32.465753424657535,-9.049520492553711,34.08521270751953,-11.45364761352539,72.39471435546875,-4.206116199493408,31.66237449645996
056_brown,put the brown cylinder on the tray,9,1,176,8.193,1788426890.5778327,00008_front_put_the_brown_cylinder_on_the_tray.png,00008_wrist_put_the_brown_cylinder_on_the_tray.png,recap.png,50,22,222,223,-6.857142857142857,-9.010989010989011,28.087912087912088,60.30769230769231,-3.8241758241758244,32.465753424657535,-8.989326477050781,34.42432403564453,-12.068286895751953,72.48136901855469,-4.285281658172607,28.606199264526367
056_brown,put the brown cylinder on the tray,9,1,176,8.193,1788426890.5778327,00008_front_put_the_brown_cylinder_on_the_tray.png,00008_wrist_put_the_brown_cylinder_on_the_tray.png,recap.png,50,23,223,224,-6.857142857142857,-9.010989010989011,28.087912087912088,60.30769230769231,-3.8241758241758244,32.465753424657535,-9.01251220703125,34.31066131591797,-12.253131866455078,72.53514099121094,-4.15800666809082,25.406356811523438
056_brown,put the brown cylinder on the tray,9,1,176,8.193,1788426890.5778327,00008_front_put_the_brown_cylinder_on_the_tray.png,00008_wrist_put_the_brown_cylinder_on_the_tray.png,recap.png,50,24,224,225,-6.857142857142857,-9.010989010989011,28.087912087912088,60.30769230769231,-3.8241758241758244,32.465753424657535,-9.293533325195312,34.49889373779297,-12.319129943847656,72.28923797607422,-4.199059963226318,21.94823455810547
056_brown,put the brown cylinder on the tray,9,1,176,8.193,1788426890.5778327,00008_front_put_the_brown_cylinder_on_the_tray.png,00008_wrist_put_the_brown_cylinder_on_the_tray.png,recap.png,50,25,225,226,-6.857142857142857,-9.010989010989011,28.087912087912088,60.30769230769231,-3.8241758241758244,32.465753424657535,-9.271581649780273,34.74547576904297,-12.782302856445312,72.54147338867188,-4.213148593902588,19.0723876953125
056_brown,put the brown cylinder on the tray,10,1,199,8.995,1788426891.3782756,00009_front_put_the_brown_cylinder_on_the_tray.png,00009_wrist_put_the_brown_cylinder_on_the_tray.png,recap.png,50,0,226,227,-6.945054945054945,13.758241758241759,10.857142857142858,61.714285714285715,-3.5604395604395602,34.38356164383561,-5.739871978759766,36.076698303222656,-20.118419647216797,78.64361572265625,-3.7718915939331055,11.158037185668945
056_brown,put the brown cylinder on the tray,10,1,199,8.995,1788426891.3782756,00009_front_put_the_brown_cylinder_on_the_tray.png,00009_wrist_put_the_brown_cylinder_on_the_tray.png,recap.png,50,1,227,228,-6.945054945054945,13.758241758241759,10.857142857142858,61.714285714285715,-3.5604395604395602,34.38356164383561,-5.87193489074707,36.224830627441406,-20.711475372314453,78.94068908691406,-3.8034181594848633,10.693681716918945
056_brown,put the brown cylinder on the tray,10,1,199,8.995,1788426891.3782756,00009_front_put_the_brown_cylinder_on_the_tray.png,00009_wrist_put_the_brown_cylinder_on_the_tray.png,recap.png,50,2,228,229,-6.945054945054945,13.758241758241759,10.857142857142858,61.714285714285715,-3.5604395604395602,34.38356164383561,-5.935295104980469,35.351966857910156,-21.409099578857422,79.29930114746094,-3.807401657104492,10.00223445892334
056_brown,put the brown cylinder on the tray,10,1,199,8.995,1788426891.3782756,00009_front_put_the_brown_cylinder_on_the_tray.png,00009_wrist_put_the_brown_cylinder_on_the_tray.png,recap.png,50,3,229,230,-6.945054945054945,13.758241758241759,10.857142857142858,61.714285714285715,-3.5604395604395602,34.38356164383561,-5.803911209106445,36.121742248535156,-21.274269104003906,79.4786376953125,-3.9695005416870117,9.505077362060547
056_brown,put the brown cylinder on the tray,10,1,199,8.995,1788426891.3782756,00009_front_put_the_brown_cylinder_on_the_tray.png,00009_wrist_put_the_brown_cylinder_on_the_tray.png,recap.png,50,4,230,231,-6.945054945054945,13.758241758241759,10.857142857142858,61.714285714285715,-3.5604395604395602,34.38356164383561,-6.0424652099609375,34.956138610839844,-20.862201690673828,79.820068359375,-3.884937286376953,9.04172420501709
056_brown,put the brown cylinder on the tray,10,1,199,8.995,1788426891.3782756,00009_front_put_the_brown_cylinder_on_the_tray.png,00009_wrist_put_the_brown_cylinder_on_the_tray.png,recap.png,50,5,231,232,-6.945054945054945,13.758241758241759,10.857142857142858,61.714285714285715,-3.5604395604395602,34.38356164383561,-5.867429733276367,36.19567108154297,-21.69179916381836,80.28374481201172,-3.8330650329589844,8.39522933959961
056_brown,put the brown cylinder on the tray,10,1,199,8.995,1788426891.3782756,00009_front_put_the_brown_cylinder_on_the_tray.png,00009_wrist_put_the_brown_cylinder_on_the_tray.png,recap.png,50,6,232,233,-6.945054945054945,13.758241758241759,10.857142857142858,61.714285714285715,-3.5604395604395602,34.38356164383561,-5.861635208129883,34.785926818847656,-22.41025161743164,80.47390747070312,-3.9272193908691406,8.200957298278809
056_brown,put the brown cylinder on the tray,10,1,199,8.995,1788426891.3782756,00009_front_put_the_brown_cylinder_on_the_tray.png,00009_wrist_put_the_brown_cylinder_on_the_tray.png,recap.png,50,7,233,234,-6.945054945054945,13.758241758241759,10.857142857142858,61.714285714285715,-3.5604395604395602,34.38356164383561,-5.972177505493164,35.30040740966797,-22.669464111328125,80.76692199707031,-4.023576736450195,7.69855260848999
056_brown,put the brown cylinder on the tray,10,1,199,8.995,1788426891.3782756,00009_front_put_the_brown_cylinder_on_the_tray.png,00009_wrist_put_the_brown_cylinder_on_the_tray.png,recap.png,50,8,234,235,-6.945054945054945,13.758241758241759,10.857142857142858,61.714285714285715,-3.5604395604395602,34.38356164383561,-6.013002395629883,35.007835388183594,-23.599334716796875,81.49009704589844,-4.113214492797852,7.7370285987854
056_brown,put the brown cylinder on the tray,10,1,199,8.995,1788426891.3782756,00009_front_put_the_brown_cylinder_on_the_tray.png,00009_wrist_put_the_brown_cylinder_on_the_tray.png,recap.png,50,9,235,236,-6.945054945054945,13.758241758241759,10.857142857142858,61.714285714285715,-3.5604395604395602,34.38356164383561,-6.143440246582031,34.523719787597656,-23.982677459716797,82.01045989990234,-4.126272201538086,7.885225296020508
056_brown,put the brown cylinder on the tray,10,1,199,8.995,1788426891.3782756,00009_front_put_the_brown_cylinder_on_the_tray.png,00009_wrist_put_the_brown_cylinder_on_the_tray.png,recap.png,50,10,236,237,-6.945054945054945,13.758241758241759,10.857142857142858,61.714285714285715,-3.5604395604395602,34.38356164383561,-6.1882781982421875,33.77355194091797,-24.50215721130371,82.63832092285156,-4.116725921630859,8.055374145507812
056_brown,put the brown cylinder on the tray,10,1,199,8.995,1788426891.3782756,00009_front_put_the_brown_cylinder_on_the_tray.png,00009_wrist_put_the_brown_cylinder_on_the_tray.png,recap.png,50,11,237,238,-6.945054945054945,13.758241758241759,10.857142857142858,61.714285714285715,-3.5604395604395602,34.38356164383561,-6.157318115234375,33.158164978027344,-24.86061668395996,83.34590148925781,-4.118802070617676,8.133094787597656
056_brown,put the brown cylinder on the tray,10,1,199,8.995,1788426891.3782756,00009_front_put_the_brown_cylinder_on_the_tray.png,00009_wrist_put_the_brown_cylinder_on_the_tray.png,recap.png,50,12,238,239,-6.945054945054945,13.758241758241759,10.857142857142858,61.714285714285715,-3.5604395604395602,34.38356164383561,-6.34184455871582,32.86945343017578,-25.373798370361328,84.02574157714844,-4.217502593994141,8.137857437133789
056_brown,put the brown cylinder on the tray,10,1,199,8.995,1788426891.3782756,00009_front_put_the_brown_cylinder_on_the_tray.png,00009_wrist_put_the_brown_cylinder_on_the_tray.png,recap.png,50,13,239,240,-6.945054945054945,13.758241758241759,10.857142857142858,61.714285714285715,-3.5604395604395602,34.38356164383561,-6.242559432983398,32.680580139160156,-26.123260498046875,84.62580108642578,-4.228120803833008,8.116357803344727
056_brown,put the brown cylinder on the tray,10,1,199,8.995,1788426891.3782756,00009_front_put_the_brown_cylinder_on_the_tray.png,00009_wrist_put_the_brown_cylinder_on_the_tray.png,recap.png,50,14,240,241,-6.945054945054945,13.758241758241759,10.857142857142858,61.714285714285715,-3.5604395604395602,34.38356164383561,-6.3309326171875,32.07593536376953,-26.77705955505371,85.38431549072266,-4.236282825469971,8.09533405303955
056_brown,put the brown cylinder on the tray,10,1,199,8.995,1788426891.3782756,00009_front_put_the_brown_cylinder_on_the_tray.png,00009_wrist_put_the_brown_cylinder_on_the_tray.png,recap.png,50,15,241,242,-6.945054945054945,13.758241758241759,10.857142857142858,61.714285714285715,-3.5604395604395602,34.38356164383561,-6.043745040893555,31.882347106933594,-27.3794002532959,86.06763458251953,-4.270225524902344,8.043712615966797
056_brown,put the brown cylinder on the tray,10,1,199,8.995,1788426891.3782756,00009_front_put_the_brown_cylinder_on_the_tray.png,00009_wrist_put_the_brown_cylinder_on_the_tray.png,recap.png,50,16,242,243,-6.945054945054945,13.758241758241759,10.857142857142858,61.714285714285715,-3.5604395604395602,34.38356164383561,-6.064374923706055,31.85840606689453,-28.304513931274414,86.86245727539062,-4.224572658538818,8.056501388549805
056_brown,put the brown cylinder on the tray,10,1,199,8.995,1788426891.3782756,00009_front_put_the_brown_cylinder_on_the_tray.png,00009_wrist_put_the_brown_cylinder_on_the_tray.png,recap.png,50,17,243,244,-6.945054945054945,13.758241758241759,10.857142857142858,61.714285714285715,-3.5604395604395602,34.38356164383561,-6.118326187133789,31.20752716064453,-28.815303802490234,87.6937026977539,-4.206045627593994,8.151643753051758
056_brown,put the brown cylinder on the tray,10,1,199,8.995,1788426891.3782756,00009_front_put_the_brown_cylinder_on_the_tray.png,00009_wrist_put_the_brown_cylinder_on_the_tray.png,recap.png,50,18,244,245,-6.945054945054945,13.758241758241759,10.857142857142858,61.714285714285715,-3.5604395604395602,34.38356164383561,-6.0648193359375,30.863059997558594,-29.949859619140625,88.53355407714844,-4.2490620613098145,8.133301734924316
056_brown,put the brown cylinder on the tray,10,1,199,8.995,1788426891.3782756,00009_front_put_the_brown_cylinder_on_the_tray.png,00009_wrist_put_the_brown_cylinder_on_the_tray.png,recap.png,50,19,245,246,-6.945054945054945,13.758241758241759,10.857142857142858,61.714285714285715,-3.5604395604395602,34.38356164383561,-5.828252792358398,30.606178283691406,-30.52324104309082,89.43824768066406,-4.280472278594971,8.110621452331543
056_brown,put the brown cylinder on the tray,10,1,199,8.995,1788426891.3782756,00009_front_put_the_brown_cylinder_on_the_tray.png,00009_wrist_put_the_brown_cylinder_on_the_tray.png,recap.png,50,20,246,247,-6.945054945054945,13.758241758241759,10.857142857142858,61.714285714285715,-3.5604395604395602,34.38356164383561,-5.728923797607422,29.45008087158203,-31.75439453125,90.41942596435547,-4.199329853057861,8.086803436279297
056_brown,put the brown cylinder on the tray,10,1,199,8.995,1788426891.3782756,00009_front_put_the_brown_cylinder_on_the_tray.png,00009_wrist_put_the_brown_cylinder_on_the_tray.png,recap.png,50,21,247,248,-6.945054945054945,13.758241758241759,10.857142857142858,61.714285714285715,-3.5604395604395602,34.38356164383561,-5.812898635864258,28.375389099121094,-32.59920120239258,91.43507385253906,-4.1670074462890625,8.142915725708008
056_brown,put the brown cylinder on the tray,10,1,199,8.995,1788426891.3782756,00009_front_put_the_brown_cylinder_on_the_tray.png,00009_wrist_put_the_brown_cylinder_on_the_tray.png,recap.png,50,22,248,249,-6.945054945054945,13.758241758241759,10.857142857142858,61.714285714285715,-3.5604395604395602,34.38356164383561,-5.803501129150391,27.15430450439453,-33.641273498535156,92.27372741699219,-4.208010673522949,8.065982818603516
056_brown,put the brown cylinder on the tray,11,1,225,10.033,1788426892.4172542,00010_front_put_the_brown_cylinder_on_the_tray.png,00010_wrist_put_the_brown_cylinder_on_the_tray.png,recap.png,50,0,249,250,-9.31868131868132,32.30769230769231,-12.087912087912088,72.08791208791209,-4.0,30.41095890410959,-6.990419387817383,37.06322479248047,-34.557647705078125,88.32844543457031,-5.137446880340576,7.707456588745117
056_brown,put the brown cylinder on the tray,11,1,225,10.033,1788426892.4172542,00010_front_put_the_brown_cylinder_on_the_tray.png,00010_wrist_put_the_brown_cylinder_on_the_tray.png,recap.png,50,1,250,251,-9.31868131868132,32.30769230769231,-12.087912087912088,72.08791208791209,-4.0,30.41095890410959,-6.983390808105469,37.057472229003906,-36.66486740112305,89.8226089477539,-5.188947677612305,7.690913677215576
056_brown,put the brown cylinder on the tray,11,1,225,10.033,1788426892.4172542,00010_front_put_the_brown_cylinder_on_the_tray.png,00010_wrist_put_the_brown_cylinder_on_the_tray.png,recap.png,50,2,251,252,-9.31868131868132,32.30769230769231,-12.087912087912088,72.08791208791209,-4.0,30.41095890410959,-6.917167663574219,37.350181579589844,-38.40309524536133,91.138916015625,-5.24921178817749,7.848575115203857
056_brown,put the brown cylinder on the tray,11,1,225,10.033,1788426892.4172542,00010_front_put_the_brown_cylinder_on_the_tray.png,00010_wrist_put_the_brown_cylinder_on_the_tray.png,recap.png,50,3,252,253,-9.31868131868132,32.30769230769231,-12.087912087912088,72.08791208791209,-4.0,30.41095890410959,-6.883630752563477,37.31066131591797,-40.46418762207031,92.69009399414062,-5.437328338623047,7.887648105621338
056_brown,put the brown cylinder on the tray,11,1,225,10.033,1788426892.4172542,00010_front_put_the_brown_cylinder_on_the_tray.png,00010_wrist_put_the_brown_cylinder_on_the_tray.png,recap.png,50,4,253,254,-9.31868131868132,32.30769230769231,-12.087912087912088,72.08791208791209,-4.0,30.41095890410959,-7.044134140014648,37.749916076660156,-42.81583023071289,94.2140884399414,-5.437341213226318,7.821552753448486
056_brown,put the brown cylinder on the tray,11,1,225,10.033,1788426892.4172542,00010_front_put_the_brown_cylinder_on_the_tray.png,00010_wrist_put_the_brown_cylinder_on_the_tray.png,recap.png,50,5,254,255,-9.31868131868132,32.30769230769231,-12.087912087912088,72.08791208791209,-4.0,30.41095890410959,-6.798305511474609,38.570762634277344,-45.063316345214844,95.542236328125,-5.4599833488464355,7.840826511383057
056_brown,put the brown cylinder on the tray,11,1,225,10.033,1788426892.4172542,00010_front_put_the_brown_cylinder_on_the_tray.png,00010_wrist_put_the_brown_cylinder_on_the_tray.png,recap.png,50,6,255,256,-9.31868131868132,32.30769230769231,-12.087912087912088,72.08791208791209,-4.0,30.41095890410959,-6.682962417602539,37.94403839111328,-46.402645111083984,96.87234497070312,-5.537496566772461,7.88361930847168
056_brown,put the brown cylinder on the tray,11,1,225,10.033,1788426892.4172542,00010_front_put_the_brown_cylinder_on_the_tray.png,00010_wrist_put_the_brown_cylinder_on_the_tray.png,recap.png,50,7,256,257,-9.31868131868132,32.30769230769231,-12.087912087912088,72.08791208791209,-4.0,30.41095890410959,-6.480474472045898,37.76361846923828,-47.778846740722656,97.797119140625,-5.637432098388672,7.969751834869385
056_brown,put the brown cylinder on the tray,11,1,225,10.033,1788426892.4172542,00010_front_put_the_brown_cylinder_on_the_tray.png,00010_wrist_put_the_brown_cylinder_on_the_tray.png,recap.png,50,8,257,258,-9.31868131868132,32.30769230769231,-12.087912087912088,72.08791208791209,-4.0,30.41095890410959,-6.443927764892578,37.48560333251953,-48.77408981323242,98.60661315917969,-5.584518909454346,7.824389934539795
056_brown,put the brown cylinder on the tray,11,1,225,10.033,1788426892.4172542,00010_front_put_the_brown_cylinder_on_the_tray.png,00010_wrist_put_the_brown_cylinder_on_the_tray.png,recap.png,50,9,258,259,-9.31868131868132,32.30769230769231,-12.087912087912088,72.08791208791209,-4.0,30.41095890410959,-6.616308212280273,37.16242218017578,-50.00250244140625,99.12252807617188,-5.711203098297119,7.892136573791504
056_brown,put the brown cylinder on the tray,11,1,225,10.033,1788426892.4172542,00010_front_put_the_brown_cylinder_on_the_tray.png,00010_wrist_put_the_brown_cylinder_on_the_tray.png,recap.png,50,10,259,260,-9.31868131868132,32.30769230769231,-12.087912087912088,72.08791208791209,-4.0,30.41095890410959,-6.213613510131836,37.150306701660156,-50.25139617919922,99.87953186035156,-5.728752613067627,7.793363571166992
056_brown,put the brown cylinder on the tray,11,1,225,10.033,1788426892.4172542,00010_front_put_the_brown_cylinder_on_the_tray.png,00010_wrist_put_the_brown_cylinder_on_the_tray.png,recap.png,50,11,260,261,-9.31868131868132,32.30769230769231,-12.087912087912088,72.08791208791209,-4.0,30.41095890410959,-6.415067672729492,36.66638946533203,-50.65700912475586,100.11753845214844,-5.594580173492432,7.904825210571289
056_brown,put the brown cylinder on the tray,11,1,225,10.033,1788426892.4172542,00010_front_put_the_brown_cylinder_on_the_tray.png,00010_wrist_put_the_brown_cylinder_on_the_tray.png,recap.png,50,12,261,262,-9.31868131868132,32.30769230769231,-12.087912087912088,72.08791208791209,-4.0,30.41095890410959,-6.332935333251953,36.52227020263672,-51.29496765136719,100.41445922851562,-5.617223262786865,7.8635640144348145
056_brown,put the brown cylinder on the tray,11,1,225,10.033,1788426892.4172542,00010_front_put_the_brown_cylinder_on_the_tray.png,00010_wrist_put_the_brown_cylinder_on_the_tray.png,recap.png,50,13,262,263,-9.31868131868132,32.30769230769231,-12.087912087912088,72.08791208791209,-4.0,30.41095890410959,-6.2982177734375,35.93077850341797,-51.276851654052734,100.76881408691406,-5.654416561126709,7.932828426361084
056_brown,put the brown cylinder on the tray,11,1,225,10.033,1788426892.4172542,00010_front_put_the_brown_cylinder_on_the_tray.png,00010_wrist_put_the_brown_cylinder_on_the_tray.png,recap.png,50,14,263,264,-9.31868131868132,32.30769230769231,-12.087912087912088,72.08791208791209,-4.0,30.41095890410959,-5.988300323486328,35.19518280029297,-51.78151321411133,100.86421203613281,-5.711060047149658,7.802163600921631
056_brown,put the brown cylinder on the tray,11,1,225,10.033,1788426892.4172542,00010_front_put_the_brown_cylinder_on_the_tray.png,00010_wrist_put_the_brown_cylinder_on_the_tray.png,recap.png,50,15,264,265,-9.31868131868132,32.30769230769231,-12.087912087912088,72.08791208791209,-4.0,30.41095890410959,-5.87339973449707,35.599632263183594,-51.183311462402344,100.97186279296875,-5.6065778732299805,7.846354007720947
056_brown,put the brown cylinder on the tray,11,1,225,10.033,1788426892.4172542,00010_front_put_the_brown_cylinder_on_the_tray.png,00010_wrist_put_the_brown_cylinder_on_the_tray.png,recap.png,50,16,265,266,-9.31868131868132,32.30769230769231,-12.087912087912088,72.08791208791209,-4.0,30.41095890410959,-5.821617126464844,34.65538787841797,-50.869937896728516,101.19500732421875,-5.687571048736572,7.90238618850708
056_brown,put the brown cylinder on the tray,11,1,225,10.033,1788426892.4172542,00010_front_put_the_brown_cylinder_on_the_tray.png,00010_wrist_put_the_brown_cylinder_on_the_tray.png,recap.png,50,17,266,267,-9.31868131868132,32.30769230769231,-12.087912087912088,72.08791208791209,-4.0,30.41095890410959,-5.688486099243164,33.61113739013672,-50.2840690612793,101.41357421875,-5.482255935668945,7.830698013305664
056_brown,put the brown cylinder on the tray,11,1,225,10.033,1788426892.4172542,00010_front_put_the_brown_cylinder_on_the_tray.png,00010_wrist_put_the_brown_cylinder_on_the_tray.png,recap.png,50,18,267,268,-9.31868131868132,32.30769230769231,-12.087912087912088,72.08791208791209,-4.0,30.41095890410959,-5.542890548706055,32.684852600097656,-49.66428756713867,101.49655151367188,-5.460309982299805,7.8643479347229
056_brown,put the brown cylinder on the tray,11,1,225,10.033,1788426892.4172542,00010_front_put_the_brown_cylinder_on_the_tray.png,00010_wrist_put_the_brown_cylinder_on_the_tray.png,recap.png,50,19,268,269,-9.31868131868132,32.30769230769231,-12.087912087912088,72.08791208791209,-4.0,30.41095890410959,-5.356060028076172,32.30553436279297,-48.491065979003906,101.7006607055664,-5.274688720703125,7.748201370239258
056_brown,put the brown cylinder on the tray,11,1,225,10.033,1788426892.4172542,00010_front_put_the_brown_cylinder_on_the_tray.png,00010_wrist_put_the_brown_cylinder_on_the_tray.png,recap.png,50,20,269,270,-9.31868131868132,32.30769230769231,-12.087912087912088,72.08791208791209,-4.0,30.41095890410959,-4.978982925415039,31.189231872558594,-48.34270095825195,101.7896499633789,-5.172690391540527,7.8030877113342285
056_brown,put the brown cylinder on the tray,11,1,225,10.033,1788426892.4172542,00010_front_put_the_brown_cylinder_on_the_tray.png,00010_wrist_put_the_brown_cylinder_on_the_tray.png,recap.png,50,21,270,271,-9.31868131868132,32.30769230769231,-12.087912087912088,72.08791208791209,-4.0,30.41095890410959,-4.694217681884766,30.35468292236328,-47.68613052368164,101.84645080566406,-4.963162899017334,7.733120918273926
056_brown,put the brown cylinder on the tray,11,1,225,10.033,1788426892.4172542,00010_front_put_the_brown_cylinder_on_the_tray.png,00010_wrist_put_the_brown_cylinder_on_the_tray.png,recap.png,50,22,271,272,-9.31868131868132,32.30769230769231,-12.087912087912088,72.08791208791209,-4.0,30.41095890410959,-4.340902328491211,28.86359405517578,-46.849334716796875,102.09385681152344,-4.581328868865967,7.796077251434326
056_brown,put the brown cylinder on the tray,11,1,225,10.033,1788426892.4172542,00010_front_put_the_brown_cylinder_on_the_tray.png,00010_wrist_put_the_brown_cylinder_on_the_tray.png,recap.png,50,23,272,273,-9.31868131868132,32.30769230769231,-12.087912087912088,72.08791208791209,-4.0,30.41095890410959,-3.732555389404297,27.973670959472656,-45.27733612060547,101.95587921142578,-4.361543655395508,7.678878307342529
056_brown,put the brown cylinder on the tray,11,1,225,10.033,1788426892.4172542,00010_front_put_the_brown_cylinder_on_the_tray.png,00010_wrist_put_the_brown_cylinder_on_the_tray.png,recap.png,50,24,273,274,-9.31868131868132,32.30769230769231,-12.087912087912088,72.08791208791209,-4.0,30.41095890410959,-2.884084701538086,27.219932556152344,-44.55016326904297,101.88634490966797,-4.062617301940918,7.704226493835449
056_brown,put the brown cylinder on the tray,11,1,225,10.033,1788426892.4172542,00010_front_put_the_brown_cylinder_on_the_tray.png,00010_wrist_put_the_brown_cylinder_on_the_tray.png,recap.png,50,25,274,275,-9.31868131868132,32.30769230769231,-12.087912087912088,72.08791208791209,-4.0,30.41095890410959,-2.4991397857666016,25.601158142089844,-43.57170867919922,101.96074676513672,-3.8283872604370117,7.783379554748535
056_brown,put the brown cylinder on the tray,12,1,248,10.802,1788426893.1849906,00011_front_put_the_brown_cylinder_on_the_tray.png,00011_wrist_put_the_brown_cylinder_on_the_tray.png,recap.png,50,0,275,276,-6.945054945054945,33.97802197802198,-29.318681318681318,87.82417582417582,-4.0,15.479452054794521,13.176200866699219,5.522239685058594,-25.082826614379883,101.23143005371094,1.6383886337280273,7.654200553894043
056_brown,put the brown cylinder on the tray,12,1,248,10.802,1788426893.1849906,00011_front_put_the_brown_cylinder_on_the_tray.png,00011_wrist_put_the_brown_cylinder_on_the_tray.png,recap.png,50,1,276,277,-6.945054945054945,33.97802197802198,-29.318681318681318,87.82417582417582,-4.0,15.479452054794521,14.034881591796875,4.28387451171875,-24.665002822875977,101.1586685180664,2.111207962036133,7.770376682281494
056_brown,put the brown cylinder on the tray,12,1,248,10.802,1788426893.1849906,00011_front_put_the_brown_cylinder_on_the_tray.png,00011_wrist_put_the_brown_cylinder_on_the_tray.png,recap.png,50,2,277,278,-6.945054945054945,33.97802197802198,-29.318681318681318,87.82417582417582,-4.0,15.479452054794521,15.190258026123047,4.267204284667969,-23.835742950439453,101.27639770507812,2.6559629440307617,7.837039947509766
056_brown,put the brown cylinder on the tray,12,1,248,10.802,1788426893.1849906,00011_front_put_the_brown_cylinder_on_the_tray.png,00011_wrist_put_the_brown_cylinder_on_the_tray.png,recap.png,50,3,278,279,-6.945054945054945,33.97802197802198,-29.318681318681318,87.82417582417582,-4.0,15.479452054794521,16.345394134521484,3.1150970458984375,-23.36719512939453,101.05316925048828,3.2050886154174805,7.613491058349609
056_brown,put the brown cylinder on the tray,12,1,248,10.802,1788426893.1849906,00011_front_put_the_brown_cylinder_on_the_tray.png,00011_wrist_put_the_brown_cylinder_on_the_tray.png,recap.png,50,4,279,280,-6.945054945054945,33.97802197802198,-29.318681318681318,87.82417582417582,-4.0,15.479452054794521,17.13961410522461,2.21173095703125,-22.359111785888672,101.02731323242188,3.6028594970703125,7.711800575256348
056_brown,put the brown cylinder on the tray,12,1,248,10.802,1788426893.1849906,00011_front_put_the_brown_cylinder_on_the_tray.png,00011_wrist_put_the_brown_cylinder_on_the_tray.png,recap.png,50,5,280,281,-6.945054945054945,33.97802197802198,-29.318681318681318,87.82417582417582,-4.0,15.479452054794521,18.50653839111328,1.8059616088867188,-21.410812377929688,100.64787292480469,4.189924240112305,7.761551380157471
056_brown,put the brown cylinder on the tray,12,1,248,10.802,1788426893.1849906,00011_front_put_the_brown_cylinder_on_the_tray.png,00011_wrist_put_the_brown_cylinder_on_the_tray.png,recap.png,50,6,281,282,-6.945054945054945,33.97802197802198,-29.318681318681318,87.82417582417582,-4.0,15.479452054794521,19.39264678955078,1.4468231201171875,-20.57464599609375,100.14871215820312,4.598297119140625,7.6879801750183105
056_brown,put the brown cylinder on the tray,12,1,248,10.802,1788426893.1849906,00011_front_put_the_brown_cylinder_on_the_tray.png,00011_wrist_put_the_brown_cylinder_on_the_tray.png,recap.png,50,7,282,283,-6.945054945054945,33.97802197802198,-29.318681318681318,87.82417582417582,-4.0,15.479452054794521,20.04943084716797,0.8565826416015625,-19.35236358642578,99.4853515625,4.739887237548828,7.821033477783203
056_brown,put the brown cylinder on the tray,12,1,248,10.802,1788426893.1849906,00011_front_put_the_brown_cylinder_on_the_tray.png,00011_wrist_put_the_brown_cylinder_on_the_tray.png,recap.png,50,8,283,284,-6.945054945054945,33.97802197802198,-29.318681318681318,87.82417582417582,-4.0,15.479452054794521,20.88184356689453,0.06768798828125,-18.640995025634766,98.76565551757812,5.262042999267578,7.764184474945068
056_brown,put the brown cylinder on the tray,12,1,248,10.802,1788426893.1849906,00011_front_put_the_brown_cylinder_on_the_tray.png,00011_wrist_put_the_brown_cylinder_on_the_tray.png,recap.png,50,9,284,285,-6.945054945054945,33.97802197802198,-29.318681318681318,87.82417582417582,-4.0,15.479452054794521,21.884204864501953,-0.41715240478515625,-17.39990997314453,97.72936248779297,5.557735443115234,7.8003716468811035
056_brown,put the brown cylinder on the tray,12,1,248,10.802,1788426893.1849906,00011_front_put_the_brown_cylinder_on_the_tray.png,00011_wrist_put_the_brown_cylinder_on_the_tray.png,recap.png,50,10,285,286,-6.945054945054945,33.97802197802198,-29.318681318681318,87.82417582417582,-4.0,15.479452054794521,22.46303939819336,-0.27800750732421875,-16.330928802490234,96.82929992675781,5.733726501464844,7.771618366241455
056_brown,put the brown cylinder on the tray,12,1,248,10.802,1788426893.1849906,00011_front_put_the_brown_cylinder_on_the_tray.png,00011_wrist_put_the_brown_cylinder_on_the_tray.png,recap.png,50,11,286,287,-6.945054945054945,33.97802197802198,-29.318681318681318,87.82417582417582,-4.0,15.479452054794521,23.4788818359375,-1.0149078369140625,-15.308406829833984,95.535888671875,5.97126579284668,7.677774906158447
056_brown,put the brown cylinder on the tray,12,1,248,10.802,1788426893.1849906,00011_front_put_the_brown_cylinder_on_the_tray.png,00011_wrist_put_the_brown_cylinder_on_the_tray.png,recap.png,50,12,287,288,-6.945054945054945,33.97802197802198,-29.318681318681318,87.82417582417582,-4.0,15.479452054794521,24.16455078125,-0.9110031127929688,-13.936294555664062,94.51565551757812,6.142688751220703,7.704094886779785
056_brown,put the brown cylinder on the tray,12,1,248,10.802,1788426893.1849906,00011_front_put_the_brown_cylinder_on_the_tray.png,00011_wrist_put_the_brown_cylinder_on_the_tray.png,recap.png,50,13,288,289,-6.945054945054945,33.97802197802198,-29.318681318681318,87.82417582417582,-4.0,15.479452054794521,24.841705322265625,-1.0673370361328125,-12.97357177734375,93.23651885986328,6.324129104614258,7.840339183807373
056_brown,put the brown cylinder on the tray,12,1,248,10.802,1788426893.1849906,00011_front_put_the_brown_cylinder_on_the_tray.png,00011_wrist_put_the_brown_cylinder_on_the_tray.png,recap.png,50,14,289,290,-6.945054945054945,33.97802197802198,-29.318681318681318,87.82417582417582,-4.0,15.479452054794521,25.524005889892578,-1.55908203125,-11.509529113769531,91.97036743164062,6.262014389038086,7.90413761138916
056_brown,put the brown cylinder on the tray,12,1,248,10.802,1788426893.1849906,00011_front_put_the_brown_cylinder_on_the_tray.png,00011_wrist_put_the_brown_cylinder_on_the_tray.png,recap.png,50,15,290,291,-6.945054945054945,33.97802197802198,-29.318681318681318,87.82417582417582,-4.0,15.479452054794521,26.56646728515625,-1.45025634765625,-10.587791442871094,90.54009246826172,6.531929016113281,7.877998352050781
056_brown,put the brown cylinder on the tray,12,1,248,10.802,1788426893.1849906,00011_front_put_the_brown_cylinder_on_the_tray.png,00011_wrist_put_the_brown_cylinder_on_the_tray.png,recap.png,50,16,291,292,-6.945054945054945,33.97802197802198,-29.318681318681318,87.82417582417582,-4.0,15.479452054794521,27.062423706054688,-1.6570281982421875,-9.32999038696289,89.33822631835938,6.556737899780273,7.799785614013672
056_brown,put the brown cylinder on the tray,12,1,248,10.802,1788426893.1849906,00011_front_put_the_brown_cylinder_on_the_tray.png,00011_wrist_put_the_brown_cylinder_on_the_tray.png,recap.png,50,17,292,293,-6.945054945054945,33.97802197802198,-29.318681318681318,87.82417582417582,-4.0,15.479452054794521,27.65884017944336,-1.396026611328125,-8.679222106933594,88.03439331054688,6.62213134765625,7.987636089324951
056_brown,put the brown cylinder on the tray,12,1,248,10.802,1788426893.1849906,00011_front_put_the_brown_cylinder_on_the_tray.png,00011_wrist_put_the_brown_cylinder_on_the_tray.png,recap.png,50,18,293,294,-6.945054945054945,33.97802197802198,-29.318681318681318,87.82417582417582,-4.0,15.479452054794521,28.111488342285156,-1.3780975341796875,-7.891899108886719,86.71882629394531,6.684926986694336,7.9423441886901855
056_brown,put the brown cylinder on the tray,12,1,248,10.802,1788426893.1849906,00011_front_put_the_brown_cylinder_on_the_tray.png,00011_wrist_put_the_brown_cylinder_on_the_tray.png,recap.png,50,19,294,295,-6.945054945054945,33.97802197802198,-29.318681318681318,87.82417582417582,-4.0,15.479452054794521,28.629470825195312,-0.9266433715820312,-6.083568572998047,85.71272277832031,6.690103530883789,8.003789901733398
056_brown,put the brown cylinder on the tray,12,1,248,10.802,1788426893.1849906,00011_front_put_the_brown_cylinder_on_the_tray.png,00011_wrist_put_the_brown_cylinder_on_the_tray.png,recap.png,50,20,295,296,-6.945054945054945,33.97802197802198,-29.318681318681318,87.82417582417582,-4.0,15.479452054794521,28.998260498046875,-0.6616973876953125,-5.6842193603515625,84.61935424804688,6.728967666625977,7.961931228637695
056_brown,put the brown cylinder on the tray,12,1,248,10.802,1788426893.1849906,00011_front_put_the_brown_cylinder_on_the_tray.png,00011_wrist_put_the_brown_cylinder_on_the_tray.png,recap.png,50,21,296,297,-6.945054945054945,33.97802197802198,-29.318681318681318,87.82417582417582,-4.0,15.479452054794521,29.47293472290039,-0.4266357421875,-5.131683349609375,83.62045288085938,6.708135604858398,8.124261856079102
056_brown,put the brown cylinder on the tray,12,1,248,10.802,1788426893.1849906,00011_front_put_the_brown_cylinder_on_the_tray.png,00011_wrist_put_the_brown_cylinder_on_the_tray.png,recap.png,50,22,297,298,-6.945054945054945,33.97802197802198,-29.318681318681318,87.82417582417582,-4.0,15.479452054794521,29.652496337890625,0.1195526123046875,-4.469184875488281,82.35762786865234,6.614824295043945,8.103187561035156
056_brown,put the brown cylinder on the tray,13,1,274,11.809,1788426894.1936502,00012_front_put_the_brown_cylinder_on_the_tray.png,00012_wrist_put_the_brown_cylinder_on_the_tray.png,recap.png,50,0,298,299,-4.747252747252747,36.35164835164835,-44.79120879120879,100.48351648351648,-4.8791208791208796,14.863013698630137,17.952075958251953,3.7849655151367188,-24.690242767333984,101.7215576171875,2.5910491943359375,8.041240692138672
056_brown,put the brown cylinder on the tray,13,1,274,11.809,1788426894.1936502,00012_front_put_the_brown_cylinder_on_the_tray.png,00012_wrist_put_the_brown_cylinder_on_the_tray.png,recap.png,50,1,299,300,-4.747252747252747,36.35164835164835,-44.79120879120879,100.48351648351648,-4.8791208791208796,14.863013698630137,18.972469329833984,3.8026123046875,-24.176860809326172,101.76179504394531,2.9501781463623047,8.071198463439941
056_brown,put the brown cylinder on the tray,13,1,274,11.809,1788426894.1936502,00012_front_put_the_brown_cylinder_on_the_tray.png,00012_wrist_put_the_brown_cylinder_on_the_tray.png,recap.png,50,2,300,301,-4.747252747252747,36.35164835164835,-44.79120879120879,100.48351648351648,-4.8791208791208796,14.863013698630137,20.418834686279297,3.3243484497070312,-24.077083587646484,101.72522735595703,3.2142391204833984,8.080303192138672
056_brown,put the brown cylinder on the tray,13,1,274,11.809,1788426894.1936502,00012_front_put_the_brown_cylinder_on_the_tray.png,00012_wrist_put_the_brown_cylinder_on_the_tray.png,recap.png,50,3,301,302,-4.747252747252747,36.35164835164835,-44.79120879120879,100.48351648351648,-4.8791208791208796,14.863013698630137,21.200740814208984,3.8499374389648438,-23.833717346191406,101.48136901855469,3.38120174407959,8.11413288116455
056_brown,put the brown cylinder on the tray,13,1,274,11.809,1788426894.1936502,00012_front_put_the_brown_cylinder_on_the_tray.png,00012_wrist_put_the_brown_cylinder_on_the_tray.png,recap.png,50,4,302,303,-4.747252747252747,36.35164835164835,-44.79120879120879,100.48351648351648,-4.8791208791208796,14.863013698630137,22.655902862548828,3.4418487548828125,-23.870948791503906,101.02119445800781,3.632075309753418,8.200252532958984
056_brown,put the brown cylinder on the tray,13,1,274,11.809,1788426894.1936502,00012_front_put_the_brown_cylinder_on_the_tray.png,00012_wrist_put_the_brown_cylinder_on_the_tray.png,recap.png,50,5,303,304,-4.747252747252747,36.35164835164835,-44.79120879120879,100.48351648351648,-4.8791208791208796,14.863013698630137,23.579803466796875,3.9431686401367188,-23.79238510131836,100.68484497070312,3.860382080078125,8.193490028381348
056_brown,put the brown cylinder on the tray,13,1,274,11.809,1788426894.1936502,00012_front_put_the_brown_cylinder_on_the_tray.png,00012_wrist_put_the_brown_cylinder_on_the_tray.png,recap.png,50,6,304,305,-4.747252747252747,36.35164835164835,-44.79120879120879,100.48351648351648,-4.8791208791208796,14.863013698630137,24.84487533569336,3.7056350708007812,-22.8033447265625,99.81092834472656,4.11329460144043,8.117483139038086
056_brown,put the brown cylinder on the tray,13,1,274,11.809,1788426894.1936502,00012_front_put_the_brown_cylinder_on_the_tray.png,00012_wrist_put_the_brown_cylinder_on_the_tray.png,recap.png,50,7,305,306,-4.747252747252747,36.35164835164835,-44.79120879120879,100.48351648351648,-4.8791208791208796,14.863013698630137,26.050792694091797,4.022483825683594,-22.607189178466797,98.83074951171875,4.404947280883789,8.20081901550293
056_brown,put the brown cylinder on the tray,13,1,274,11.809,1788426894.1936502,00012_front_put_the_brown_cylinder_on_the_tray.png,00012_wrist_put_the_brown_cylinder_on_the_tray.png,recap.png,50,8,306,307,-4.747252747252747,36.35164835164835,-44.79120879120879,100.48351648351648,-4.8791208791208796,14.863013698630137,26.83993148803711,4.3269500732421875,-22.73746109008789,97.68915557861328,4.546655654907227,8.266340255737305
056_brown,put the brown cylinder on the tray,13,1,274,11.809,1788426894.1936502,00012_front_put_the_brown_cylinder_on_the_tray.png,00012_wrist_put_the_brown_cylinder_on_the_tray.png,recap.png,50,9,307,308,-4.747252747252747,36.35164835164835,-44.79120879120879,100.48351648351648,-4.8791208791208796,14.863013698630137,27.787296295166016,3.7089080810546875,-21.327987670898438,96.60134887695312,5.019218444824219,8.253631591796875
056_brown,put the brown cylinder on the tray,13,1,274,11.809,1788426894.1936502,00012_front_put_the_brown_cylinder_on_the_tray.png,00012_wrist_put_the_brown_cylinder_on_the_tray.png,recap.png,50,10,308,309,-4.747252747252747,36.35164835164835,-44.79120879120879,100.48351648351648,-4.8791208791208796,14.863013698630137,29.02907943725586,3.3441162109375,-21.20278549194336,95.2301025390625,5.187099456787109,8.522584915161133
056_brown,put the brown cylinder on the tray,13,1,274,11.809,1788426894.1936502,00012_front_put_the_brown_cylinder_on_the_tray.png,00012_wrist_put_the_brown_cylinder_on_the_tray.png,recap.png,50,11,309,310,-4.747252747252747,36.35164835164835,-44.79120879120879,100.48351648351648,-4.8791208791208796,14.863013698630137,29.857200622558594,4.518867492675781,-20.737503051757812,93.76731872558594,5.351449966430664,8.333369255065918
056_brown,put the brown cylinder on the tray,13,1,274,11.809,1788426894.1936502,00012_front_put_the_brown_cylinder_on_the_tray.png,00012_wrist_put_the_brown_cylinder_on_the_tray.png,recap.png,50,12,310,311,-4.747252747252747,36.35164835164835,-44.79120879120879,100.48351648351648,-4.8791208791208796,14.863013698630137,30.179988861083984,4.250297546386719,-20.031269073486328,92.37333679199219,5.459859848022461,8.465770721435547
056_brown,put the brown cylinder on the tray,13,1,274,11.809,1788426894.1936502,00012_front_put_the_brown_cylinder_on_the_tray.png,00012_wrist_put_the_brown_cylinder_on_the_tray.png,recap.png,50,13,311,312,-4.747252747252747,36.35164835164835,-44.79120879120879,100.48351648351648,-4.8791208791208796,14.863013698630137,30.90750503540039,4.052070617675781,-19.477420806884766,90.87734985351562,5.435138702392578,8.491737365722656
056_brown,put the brown cylinder on the tray,13,1,274,11.809,1788426894.1936502,00012_front_put_the_brown_cylinder_on_the_tray.png,00012_wrist_put_the_brown_cylinder_on_the_tray.png,recap.png,50,14,312,313,-4.747252747252747,36.35164835164835,-44.79120879120879,100.48351648351648,-4.8791208791208796,14.863013698630137,31.046520233154297,4.004844665527344,-19.12295913696289,89.3184814453125,5.471920013427734,8.494396209716797
056_brown,put the brown cylinder on the tray,13,1,274,11.809,1788426894.1936502,00012_front_put_the_brown_cylinder_on_the_tray.png,00012_wrist_put_the_brown_cylinder_on_the_tray.png,recap.png,50,15,313,314,-4.747252747252747,36.35164835164835,-44.79120879120879,100.48351648351648,-4.8791208791208796,14.863013698630137,31.527202606201172,5.094017028808594,-18.41016387939453,87.86256408691406,5.388938903808594,8.617852210998535
056_brown,put the brown cylinder on the tray,13,1,274,11.809,1788426894.1936502,00012_front_put_the_brown_cylinder_on_the_tray.png,00012_wrist_put_the_brown_cylinder_on_the_tray.png,recap.png,50,16,314,315,-4.747252747252747,36.35164835164835,-44.79120879120879,100.48351648351648,-4.8791208791208796,14.863013698630137,31.89211654663086,4.914794921875,-18.571128845214844,86.44048309326172,5.46136474609375,8.64670181274414
056_brown,put the brown cylinder on the tray,13,1,274,11.809,1788426894.1936502,00012_front_put_the_brown_cylinder_on_the_tray.png,00012_wrist_put_the_brown_cylinder_on_the_tray.png,recap.png,50,17,315,316,-4.747252747252747,36.35164835164835,-44.79120879120879,100.48351648351648,-4.8791208791208796,14.863013698630137,32.40311813354492,5.3883056640625,-18.516422271728516,85.13249206542969,5.52154541015625,8.720584869384766
056_brown,put the brown cylinder on the tray,13,1,274,11.809,1788426894.1936502,00012_front_put_the_brown_cylinder_on_the_tray.png,00012_wrist_put_the_brown_cylinder_on_the_tray.png,recap.png,50,18,316,317,-4.747252747252747,36.35164835164835,-44.79120879120879,100.48351648351648,-4.8791208791208796,14.863013698630137,32.87992477416992,5.295684814453125,-17.675331115722656,83.99034881591797,5.469705581665039,8.70532512664795
056_brown,put the brown cylinder on the tray,13,1,274,11.809,1788426894.1936502,00012_front_put_the_brown_cylinder_on_the_tray.png,00012_wrist_put_the_brown_cylinder_on_the_tray.png,recap.png,50,19,317,318,-4.747252747252747,36.35164835164835,-44.79120879120879,100.48351648351648,-4.8791208791208796,14.863013698630137,33.28593063354492,5.956153869628906,-17.50433349609375,82.9423828125,5.377593994140625,8.913456916809082
056_brown,put the brown cylinder on the tray,13,1,274,11.809,1788426894.1936502,00012_front_put_the_brown_cylinder_on_the_tray.png,00012_wrist_put_the_brown_cylinder_on_the_tray.png,recap.png,50,20,318,319,-4.747252747252747,36.35164835164835,-44.79120879120879,100.48351648351648,-4.8791208791208796,14.863013698630137,33.7700309753418,5.575889587402344,-17.657161712646484,81.75907897949219,5.321783065795898,8.794563293457031
056_brown,put the brown cylinder on the tray,13,1,274,11.809,1788426894.1936502,00012_front_put_the_brown_cylinder_on_the_tray.png,00012_wrist_put_the_brown_cylinder_on_the_tray.png,recap.png,50,21,319,320,-4.747252747252747,36.35164835164835,-44.79120879120879,100.48351648351648,-4.8791208791208796,14.863013698630137,34.07863998413086,6.034950256347656,-16.935657501220703,80.67736053466797,5.559076309204102,8.643096923828125
056_brown,put the brown cylinder on the tray,13,1,274,11.809,1788426894.1936502,00012_front_put_the_brown_cylinder_on_the_tray.png,00012_wrist_put_the_brown_cylinder_on_the_tray.png,recap.png,50,22,320,321,-4.747252747252747,36.35164835164835,-44.79120879120879,100.48351648351648,-4.8791208791208796,14.863013698630137,34.149662017822266,5.8385162353515625,-15.430320739746094,79.44496154785156,5.369129180908203,8.951377868652344
056_brown,put the brown cylinder on the tray,13,1,274,11.809,1788426894.1936502,00012_front_put_the_brown_cylinder_on_the_tray.png,00012_wrist_put_the_brown_cylinder_on_the_tray.png,recap.png,50,23,321,322,-4.747252747252747,36.35164835164835,-44.79120879120879,100.48351648351648,-4.8791208791208796,14.863013698630137,34.653682708740234,6.07708740234375,-15.4822998046875,78.16548919677734,5.42730712890625,8.853780746459961
056_brown,put the brown cylinder on the tray,13,1,274,11.809,1788426894.1936502,00012_front_put_the_brown_cylinder_on_the_tray.png,00012_wrist_put_the_brown_cylinder_on_the_tray.png,recap.png,50,24,322,323,-4.747252747252747,36.35164835164835,-44.79120879120879,100.48351648351648,-4.8791208791208796,14.863013698630137,35.4418830871582,5.842445373535156,-13.759357452392578,76.7876968383789,5.472469329833984,8.905077934265137
056_brown,put the brown cylinder on the tray,13,1,274,11.809,1788426894.1936502,00012_front_put_the_brown_cylinder_on_the_tray.png,00012_wrist_put_the_brown_cylinder_on_the_tray.png,recap.png,50,25,323,324,-4.747252747252747,36.35164835164835,-44.79120879120879,100.48351648351648,-4.8791208791208796,14.863013698630137,35.8283805847168,5.63433837890625,-13.12258529663086,75.38768005371094,5.608663558959961,8.87182331085205
056_brown,put the brown cylinder on the tray,14,1,297,12.678,1788426895.0627236,00013_front_put_the_brown_cylinder_on_the_tray.png,00013_wrist_put_the_brown_cylinder_on_the_tray.png,recap.png,50,0,324,325,27.252747252747252,4.175824175824176,-5.4945054945054945,86.94505494505495,6.373626373626373,14.794520547945206,36.8988151550293,8.075485229492188,3.877948760986328,62.53108215332031,8.359651565551758,11.486396789550781
056_brown,put the brown cylinder on the tray,14,1,297,12.678,1788426895.0627236,00013_front_put_the_brown_cylinder_on_the_tray.png,00013_wrist_put_the_brown_cylinder_on_the_tray.png,recap.png,50,1,325,326,27.252747252747252,4.175824175824176,-5.4945054945054945,86.94505494505495,6.373626373626373,14.794520547945206,36.83036422729492,7.9741973876953125,4.0660247802734375,62.399505615234375,8.30276107788086,14.76507568359375
056_brown,put the brown cylinder on the tray,14,1,297,12.678,1788426895.0627236,00013_front_put_the_brown_cylinder_on_the_tray.png,00013_wrist_put_the_brown_cylinder_on_the_tray.png,recap.png,50,2,326,327,27.252747252747252,4.175824175824176,-5.4945054945054945,86.94505494505495,6.373626373626373,14.794520547945206,36.96550369262695,8.094375610351562,3.579345703125,62.54077911376953,8.22890853881836,18.744850158691406
056_brown,put the brown cylinder on the tray,14,1,297,12.678,1788426895.0627236,00013_front_put_the_brown_cylinder_on_the_tray.png,00013_wrist_put_the_brown_cylinder_on_the_tray.png,recap.png,50,3,327,328,27.252747252747252,4.175824175824176,-5.4945054945054945,86.94505494505495,6.373626373626373,14.794520547945206,37.297306060791016,8.114288330078125,3.762836456298828,62.66719055175781,8.170316696166992,22.525402069091797
056_brown,put the brown cylinder on the tray,14,1,297,12.678,1788426895.0627236,00013_front_put_the_brown_cylinder_on_the_tray.png,00013_wrist_put_the_brown_cylinder_on_the_tray.png,recap.png,50,4,328,329,27.252747252747252,4.175824175824176,-5.4945054945054945,86.94505494505495,6.373626373626373,14.794520547945206,37.15666580200195,8.682144165039062,4.0560455322265625,62.87507247924805,8.068828582763672,26.109935760498047
056_brown,put the brown cylinder on the tray,14,1,297,12.678,1788426895.0627236,00013_front_put_the_brown_cylinder_on_the_tray.png,00013_wrist_put_the_brown_cylinder_on_the_tray.png,recap.png,50,5,329,330,27.252747252747252,4.175824175824176,-5.4945054945054945,86.94505494505495,6.373626373626373,14.794520547945206,37.06167984008789,8.659538269042969,3.5076828002929688,63.11293029785156,8.162229537963867,29.047027587890625
056_brown,put the brown cylinder on the tray,14,1,297,12.678,1788426895.0627236,00013_front_put_the_brown_cylinder_on_the_tray.png,00013_wrist_put_the_brown_cylinder_on_the_tray.png,recap.png,50,6,330,331,27.252747252747252,4.175824175824176,-5.4945054945054945,86.94505494505495,6.373626373626373,14.794520547945206,37.447391510009766,7.8621063232421875,3.5672225952148438,63.487552642822266,8.197484970092773,30.919097900390625
056_brown,put the brown cylinder on the tray,14,1,297,12.678,1788426895.0627236,00013_front_put_the_brown_cylinder_on_the_tray.png,00013_wrist_put_the_brown_cylinder_on_the_tray.png,recap.png,50,7,331,332,27.252747252747252,4.175824175824176,-5.4945054945054945,86.94505494505495,6.373626373626373,14.794520547945206,37.50210189819336,8.7266845703125,2.55096435546875,63.53343200683594,8.189546585083008,32.02826690673828
056_brown,put the brown cylinder on the tray,14,1,297,12.678,1788426895.0627236,00013_front_put_the_brown_cylinder_on_the_tray.png,00013_wrist_put_the_brown_cylinder_on_the_tray.png,recap.png,50,8,332,333,27.252747252747252,4.175824175824176,-5.4945054945054945,86.94505494505495,6.373626373626373,14.794520547945206,37.85158920288086,8.804267883300781,3.275524139404297,63.78837585449219,8.286176681518555,32.89656448364258
056_brown,put the brown cylinder on the tray,14,1,297,12.678,1788426895.0627236,00013_front_put_the_brown_cylinder_on_the_tray.png,00013_wrist_put_the_brown_cylinder_on_the_tray.png,recap.png,50,9,333,334,27.252747252747252,4.175824175824176,-5.4945054945054945,86.94505494505495,6.373626373626373,14.794520547945206,37.88174819946289,8.513626098632812,3.543384552001953,64.20169067382812,8.164655685424805,33.14757537841797
056_brown,put the brown cylinder on the tray,14,1,297,12.678,1788426895.0627236,00013_front_put_the_brown_cylinder_on_the_tray.png,00013_wrist_put_the_brown_cylinder_on_the_tray.png,recap.png,50,10,334,335,27.252747252747252,4.175824175824176,-5.4945054945054945,86.94505494505495,6.373626373626373,14.794520547945206,38.03757858276367,8.573211669921875,3.6745834350585938,64.43507385253906,8.400470733642578,33.333106994628906
056_brown,put the brown cylinder on the tray,14,1,297,12.678,1788426895.0627236,00013_front_put_the_brown_cylinder_on_the_tray.png,00013_wrist_put_the_brown_cylinder_on_the_tray.png,recap.png,50,11,335,336,27.252747252747252,4.175824175824176,-5.4945054945054945,86.94505494505495,6.373626373626373,14.794520547945206,37.93820571899414,8.813926696777344,3.3263282775878906,64.61195373535156,8.457494735717773,33.40510559082031
056_brown,put the brown cylinder on the tray,14,1,297,12.678,1788426895.0627236,00013_front_put_the_brown_cylinder_on_the_tray.png,00013_wrist_put_the_brown_cylinder_on_the_tray.png,recap.png,50,12,336,337,27.252747252747252,4.175824175824176,-5.4945054945054945,86.94505494505495,6.373626373626373,14.794520547945206,38.1873664855957,8.602294921875,3.389636993408203,64.84956359863281,8.629709243774414,33.5128059387207
056_brown,put the brown cylinder on the tray,14,1,297,12.678,1788426895.0627236,00013_front_put_the_brown_cylinder_on_the_tray.png,00013_wrist_put_the_brown_cylinder_on_the_tray.png,recap.png,50,13,337,338,27.252747252747252,4.175824175824176,-5.4945054945054945,86.94505494505495,6.373626373626373,14.794520547945206,38.3825798034668,8.8394775390625,3.405742645263672,65.20068359375,8.737850189208984,33.60169219970703
056_brown,put the brown cylinder on the tray,14,1,297,12.678,1788426895.0627236,00013_front_put_the_brown_cylinder_on_the_tray.png,00013_wrist_put_the_brown_cylinder_on_the_tray.png,recap.png,50,14,338,339,27.252747252747252,4.175824175824176,-5.4945054945054945,86.94505494505495,6.373626373626373,14.794520547945206,38.24553298950195,8.845718383789062,3.4810142517089844,65.47241973876953,8.836311340332031,33.62260055541992
056_brown,put the brown cylinder on the tray,14,1,297,12.678,1788426895.0627236,00013_front_put_the_brown_cylinder_on_the_tray.png,00013_wrist_put_the_brown_cylinder_on_the_tray.png,recap.png,50,15,339,340,27.252747252747252,4.175824175824176,-5.4945054945054945,86.94505494505495,6.373626373626373,14.794520547945206,38.36323165893555,8.143821716308594,3.7785873413085938,65.88780975341797,9.071939468383789,33.56918716430664
056_brown,put the brown cylinder on the tray,14,1,297,12.678,1788426895.0627236,00013_front_put_the_brown_cylinder_on_the_tray.png,00013_wrist_put_the_brown_cylinder_on_the_tray.png,recap.png,50,16,340,341,27.252747252747252,4.175824175824176,-5.4945054945054945,86.94505494505495,6.373626373626373,14.794520547945206,38.34005355834961,8.467178344726562,2.6252212524414062,66.15502166748047,9.075714111328125,33.35746765136719
056_brown,put the brown cylinder on the tray,14,1,297,12.678,1788426895.0627236,00013_front_put_the_brown_cylinder_on_the_tray.png,00013_wrist_put_the_brown_cylinder_on_the_tray.png,recap.png,50,17,341,342,27.252747252747252,4.175824175824176,-5.4945054945054945,86.94505494505495,6.373626373626373,14.794520547945206,38.323368072509766,8.101737976074219,2.5863800048828125,66.60796356201172,9.178403854370117,33.313785552978516
056_brown,put the brown cylinder on the tray,14,1,297,12.678,1788426895.0627236,00013_front_put_the_brown_cylinder_on_the_tray.png,00013_wrist_put_the_brown_cylinder_on_the_tray.png,recap.png,50,18,342,343,27.252747252747252,4.175824175824176,-5.4945054945054945,86.94505494505495,6.373626373626373,14.794520547945206,38.248905181884766,7.628448486328125,2.7327308654785156,67.06610870361328,9.46099853515625,33.36538314819336
056_brown,put the brown cylinder on the tray,14,1,297,12.678,1788426895.0627236,00013_front_put_the_brown_cylinder_on_the_tray.png,00013_wrist_put_the_brown_cylinder_on_the_tray.png,recap.png,50,19,343,344,27.252747252747252,4.175824175824176,-5.4945054945054945,86.94505494505495,6.373626373626373,14.794520547945206,38.272891998291016,6.988700866699219,2.588703155517578,67.70034790039062,9.511682510375977,33.26250076293945
056_brown,put the brown cylinder on the tray,14,1,297,12.678,1788426895.0627236,00013_front_put_the_brown_cylinder_on_the_tray.png,00013_wrist_put_the_brown_cylinder_on_the_tray.png,recap.png,50,20,344,345,27.252747252747252,4.175824175824176,-5.4945054945054945,86.94505494505495,6.373626373626373,14.794520547945206,38.11399459838867,6.525764465332031,2.3610267639160156,68.43142700195312,9.651247024536133,33.49250030517578
056_brown,put the brown cylinder on the tray,14,1,297,12.678,1788426895.0627236,00013_front_put_the_brown_cylinder_on_the_tray.png,00013_wrist_put_the_brown_cylinder_on_the_tray.png,recap.png,50,21,345,346,27.252747252747252,4.175824175824176,-5.4945054945054945,86.94505494505495,6.373626373626373,14.794520547945206,37.66384506225586,5.59222412109375,2.3256187438964844,69.30004119873047,9.722171783447266,33.58895492553711
056_brown,put the brown cylinder on the tray,14,1,297,12.678,1788426895.0627236,00013_front_put_the_brown_cylinder_on_the_tray.png,00013_wrist_put_the_brown_cylinder_on_the_tray.png,recap.png,50,22,346,347,27.252747252747252,4.175824175824176,-5.4945054945054945,86.94505494505495,6.373626373626373,14.794520547945206,37.50754928588867,4.8518218994140625,2.1537017822265625,70.540771484375,9.943750381469727,33.68937683105469
056_brown,put the brown cylinder on the tray,15,1,323,13.715,1788426896.099649,00014_front_put_the_brown_cylinder_on_the_tray.png,00014_wrist_put_the_brown_cylinder_on_the_tray.png,recap.png,50,0,347,348,33.05494505494506,7.604395604395604,-14.54945054945055,81.14285714285714,5.054945054945055,14.794520547945206,35.804073333740234,10.33685302734375,-0.6985969543457031,60.47257614135742,5.716474533081055,12.9078950881958
056_brown,put the brown cylinder on the tray,15,1,323,13.715,1788426896.099649,00014_front_put_the_brown_cylinder_on_the_tray.png,00014_wrist_put_the_brown_cylinder_on_the_tray.png,recap.png,50,1,348,349,33.05494505494506,7.604395604395604,-14.54945054945055,81.14285714285714,5.054945054945055,14.794520547945206,35.70399856567383,10.192138671875,-0.6568031311035156,60.55646896362305,5.750650405883789,16.58911895751953
056_brown,put the brown cylinder on the tray,15,1,323,13.715,1788426896.099649,00014_front_put_the_brown_cylinder_on_the_tray.png,00014_wrist_put_the_brown_cylinder_on_the_tray.png,recap.png,50,2,349,350,33.05494505494506,7.604395604395604,-14.54945054945055,81.14285714285714,5.054945054945055,14.794520547945206,35.79348373413086,10.374481201171875,-0.4856529235839844,60.66877746582031,5.65369987487793,20.263452529907227
056_brown,put the brown cylinder on the tray,15,1,323,13.715,1788426896.099649,00014_front_put_the_brown_cylinder_on_the_tray.png,00014_wrist_put_the_brown_cylinder_on_the_tray.png,recap.png,50,3,350,351,33.05494505494506,7.604395604395604,-14.54945054945055,81.14285714285714,5.054945054945055,14.794520547945206,35.73493576049805,10.596420288085938,-0.2811851501464844,60.92390060424805,5.60484504699707,23.805511474609375
056_brown,put the brown cylinder on the tray,15,1,323,13.715,1788426896.099649,00014_front_put_the_brown_cylinder_on_the_tray.png,00014_wrist_put_the_brown_cylinder_on_the_tray.png,recap.png,50,4,351,352,33.05494505494506,7.604395604395604,-14.54945054945055,81.14285714285714,5.054945054945055,14.794520547945206,35.91720962524414,10.928848266601562,-0.3386497497558594,61.04985809326172,5.8379364013671875,26.5308837890625
056_brown,put the brown cylinder on the tray,15,1,323,13.715,1788426896.099649,00014_front_put_the_brown_cylinder_on_the_tray.png,00014_wrist_put_the_brown_cylinder_on_the_tray.png,recap.png,50,5,352,353,33.05494505494506,7.604395604395604,-14.54945054945055,81.14285714285714,5.054945054945055,14.794520547945206,35.95927047729492,10.638938903808594,-0.3148536682128906,61.24976348876953,5.776336669921875,28.436674118041992
056_brown,put the brown cylinder on the tray,15,1,323,13.715,1788426896.099649,00014_front_put_the_brown_cylinder_on_the_tray.png,00014_wrist_put_the_brown_cylinder_on_the_tray.png,recap.png,50,6,353,354,33.05494505494506,7.604395604395604,-14.54945054945055,81.14285714285714,5.054945054945055,14.794520547945206,35.90970993041992,10.897163391113281,0.019550323486328125,61.13079833984375,5.747194290161133,29.60865020751953
056_brown,put the brown cylinder on the tray,15,1,323,13.715,1788426896.099649,00014_front_put_the_brown_cylinder_on_the_tray.png,00014_wrist_put_the_brown_cylinder_on_the_tray.png,recap.png,50,7,354,355,33.05494505494506,7.604395604395604,-14.54945054945055,81.14285714285714,5.054945054945055,14.794520547945206,35.87673568725586,10.827247619628906,-0.27508544921875,61.50689697265625,5.831291198730469,30.364978790283203
056_brown,put the brown cylinder on the tray,15,1,323,13.715,1788426896.099649,00014_front_put_the_brown_cylinder_on_the_tray.png,00014_wrist_put_the_brown_cylinder_on_the_tray.png,recap.png,50,8,355,356,33.05494505494506,7.604395604395604,-14.54945054945055,81.14285714285714,5.054945054945055,14.794520547945206,35.945064544677734,10.805313110351562,-0.10418319702148438,61.6611442565918,5.972618103027344,30.592073440551758
056_brown,put the brown cylinder on the tray,15,1,323,13.715,1788426896.099649,00014_front_put_the_brown_cylinder_on_the_tray.png,00014_wrist_put_the_brown_cylinder_on_the_tray.png,recap.png,50,9,356,357,33.05494505494506,7.604395604395604,-14.54945054945055,81.14285714285714,5.054945054945055,14.794520547945206,35.88369369506836,10.578071594238281,0.1794281005859375,61.76862335205078,5.963781356811523,30.54180335998535
056_brown,put the brown cylinder on the tray,15,1,323,13.715,1788426896.099649,00014_front_put_the_brown_cylinder_on_the_tray.png,00014_wrist_put_the_brown_cylinder_on_the_tray.png,recap.png,50,10,357,358,33.05494505494506,7.604395604395604,-14.54945054945055,81.14285714285714,5.054945054945055,14.794520547945206,36.0108528137207,11.059532165527344,0.3312644958496094,61.814369201660156,6.12413215637207,30.154315948486328
056_brown,put the brown cylinder on the tray,15,1,323,13.715,1788426896.099649,00014_front_put_the_brown_cylinder_on_the_tray.png,00014_wrist_put_the_brown_cylinder_on_the_tray.png,recap.png,50,11,358,359,33.05494505494506,7.604395604395604,-14.54945054945055,81.14285714285714,5.054945054945055,14.794520547945206,35.86044692993164,10.691635131835938,-0.1244964599609375,62.058929443359375,6.171211242675781,30.0482120513916
056_brown,put the brown cylinder on the tray,15,1,323,13.715,1788426896.099649,00014_front_put_the_brown_cylinder_on_the_tray.png,00014_wrist_put_the_brown_cylinder_on_the_tray.png,recap.png,50,12,359,360,33.05494505494506,7.604395604395604,-14.54945054945055,81.14285714285714,5.054945054945055,14.794520547945206,35.80070114135742,10.731307983398438,0.0318450927734375,62.21809005737305,6.285303115844727,30.14471435546875
056_brown,put the brown cylinder on the tray,15,1,323,13.715,1788426896.099649,00014_front_put_the_brown_cylinder_on_the_tray.png,00014_wrist_put_the_brown_cylinder_on_the_tray.png,recap.png,50,13,360,361,33.05494505494506,7.604395604395604,-14.54945054945055,81.14285714285714,5.054945054945055,14.794520547945206,35.49533462524414,10.56072998046875,0.19146728515625,62.46293258666992,6.365411758422852,30.42076301574707
056_brown,put the brown cylinder on the tray,15,1,323,13.715,1788426896.099649,00014_front_put_the_brown_cylinder_on_the_tray.png,00014_wrist_put_the_brown_cylinder_on_the_tray.png,recap.png,50,14,361,362,33.05494505494506,7.604395604395604,-14.54945054945055,81.14285714285714,5.054945054945055,14.794520547945206,35.59298324584961,10.546028137207031,-0.3079948425292969,62.92859649658203,6.284555435180664,30.708803176879883
056_brown,put the brown cylinder on the tray,15,1,323,13.715,1788426896.099649,00014_front_put_the_brown_cylinder_on_the_tray.png,00014_wrist_put_the_brown_cylinder_on_the_tray.png,recap.png,50,15,362,363,33.05494505494506,7.604395604395604,-14.54945054945055,81.14285714285714,5.054945054945055,14.794520547945206,35.4025764465332,10.527763366699219,-0.7670097351074219,63.49272537231445,6.4379425048828125,30.904338836669922
056_brown,put the brown cylinder on the tray,15,1,323,13.715,1788426896.099649,00014_front_put_the_brown_cylinder_on_the_tray.png,00014_wrist_put_the_brown_cylinder_on_the_tray.png,recap.png,50,16,363,364,33.05494505494506,7.604395604395604,-14.54945054945055,81.14285714285714,5.054945054945055,14.794520547945206,35.2564811706543,10.704673767089844,-1.0931053161621094,64.11876678466797,6.40947151184082,31.012439727783203
056_brown,put the brown cylinder on the tray,15,1,323,13.715,1788426896.099649,00014_front_put_the_brown_cylinder_on_the_tray.png,00014_wrist_put_the_brown_cylinder_on_the_tray.png,recap.png,50,17,364,365,33.05494505494506,7.604395604395604,-14.54945054945055,81.14285714285714,5.054945054945055,14.794520547945206,35.04732131958008,10.462173461914062,-1.1361465454101562,64.7388687133789,6.416324615478516,30.988811492919922
056_brown,put the brown cylinder on the tray,15,1,323,13.715,1788426896.099649,00014_front_put_the_brown_cylinder_on_the_tray.png,00014_wrist_put_the_brown_cylinder_on_the_tray.png,recap.png,50,18,365,366,33.05494505494506,7.604395604395604,-14.54945054945055,81.14285714285714,5.054945054945055,14.794520547945206,34.97395706176758,10.408889770507812,-1.9139022827148438,65.52046203613281,6.603326797485352,31.122150421142578
056_brown,put the brown cylinder on the tray,15,1,323,13.715,1788426896.099649,00014_front_put_the_brown_cylinder_on_the_tray.png,00014_wrist_put_the_brown_cylinder_on_the_tray.png,recap.png,50,19,366,367,33.05494505494506,7.604395604395604,-14.54945054945055,81.14285714285714,5.054945054945055,14.794520547945206,34.86306381225586,10.381744384765625,-1.9285163879394531,66.15599060058594,6.697530746459961,31.343765258789062
056_brown,put the brown cylinder on the tray,15,1,323,13.715,1788426896.099649,00014_front_put_the_brown_cylinder_on_the_tray.png,00014_wrist_put_the_brown_cylinder_on_the_tray.png,recap.png,50,20,367,368,33.05494505494506,7.604395604395604,-14.54945054945055,81.14285714285714,5.054945054945055,14.794520547945206,34.93655014038086,9.974609375,-2.8601722717285156,67.04961395263672,6.634422302246094,31.524005889892578
056_brown,put the brown cylinder on the tray,15,1,323,13.715,1788426896.099649,00014_front_put_the_brown_cylinder_on_the_tray.png,00014_wrist_put_the_brown_cylinder_on_the_tray.png,recap.png,50,21,368,369,33.05494505494506,7.604395604395604,-14.54945054945055,81.14285714285714,5.054945054945055,14.794520547945206,34.620304107666016,9.812583923339844,-2.5601844787597656,68.00037384033203,6.745744705200195,31.69314956665039
056_brown,put the brown cylinder on the tray,15,1,323,13.715,1788426896.099649,00014_front_put_the_brown_cylinder_on_the_tray.png,00014_wrist_put_the_brown_cylinder_on_the_tray.png,recap.png,50,22,369,370,33.05494505494506,7.604395604395604,-14.54945054945055,81.14285714285714,5.054945054945055,14.794520547945206,34.698612213134766,9.862060546875,-3.8381919860839844,68.99530029296875,6.827871322631836,31.903709411621094
056_brown,put the brown cylinder on the tray,15,1,323,13.715,1788426896.099649,00014_front_put_the_brown_cylinder_on_the_tray.png,00014_wrist_put_the_brown_cylinder_on_the_tray.png,recap.png,50,23,370,371,33.05494505494506,7.604395604395604,-14.54945054945055,81.14285714285714,5.054945054945055,14.794520547945206,34.52595138549805,9.166419982910156,-4.146308898925781,70.28666687011719,6.92808723449707,31.989423751831055
056_brown,put the brown cylinder on the tray,15,1,323,13.715,1788426896.099649,00014_front_put_the_brown_cylinder_on_the_tray.png,00014_wrist_put_the_brown_cylinder_on_the_tray.png,recap.png,50,24,371,372,33.05494505494506,7.604395604395604,-14.54945054945055,81.14285714285714,5.054945054945055,14.794520547945206,34.56459426879883,9.045379638671875,-5.278347015380859,71.73591613769531,6.945098876953125,32.03205490112305
056_brown,put the brown cylinder on the tray,15,1,323,13.715,1788426896.099649,00014_front_put_the_brown_cylinder_on_the_tray.png,00014_wrist_put_the_brown_cylinder_on_the_tray.png,recap.png,50,25,372,373,33.05494505494506,7.604395604395604,-14.54945054945055,81.14285714285714,5.054945054945055,14.794520547945206,34.29054641723633,8.790679931640625,-5.728302001953125,73.41925811767578,7.0715484619140625,31.955364227294922
056_brown,put the brown cylinder on the tray,16,1,346,14.551,1788426896.934341,00015_front_put_the_brown_cylinder_on_the_tray.png,00015_wrist_put_the_brown_cylinder_on_the_tray.png,recap.png,50,0,373,374,37.45054945054945,9.626373626373626,3.8241758241758244,67.51648351648352,9.098901098901099,33.21917808219178,13.145378112792969,-37.40135192871094,18.509384155273438,87.64186096191406,8.529745101928711,5.244553565979004
056_brown,put the brown cylinder on the tray,16,1,346,14.551,1788426896.934341,00015_front_put_the_brown_cylinder_on_the_tray.png,00015_wrist_put_the_brown_cylinder_on_the_tray.png,recap.png,50,1,374,375,37.45054945054945,9.626373626373626,3.8241758241758244,67.51648351648352,9.098901098901099,33.21917808219178,12.122966766357422,-39.020355224609375,20.723716735839844,87.04188537597656,8.505054473876953,3.7079784870147705
056_brown,put the brown cylinder on the tray,16,1,346,14.551,1788426896.934341,00015_front_put_the_brown_cylinder_on_the_tray.png,00015_wrist_put_the_brown_cylinder_on_the_tray.png,recap.png,50,2,375,376,37.45054945054945,9.626373626373626,3.8241758241758244,67.51648351648352,9.098901098901099,33.21917808219178,10.618038177490234,-41.395809173583984,22.811203002929688,86.20753479003906,8.437847137451172,3.0919196605682373
056_brown,put the brown cylinder on the tray,16,1,346,14.551,1788426896.934341,00015_front_put_the_brown_cylinder_on_the_tray.png,00015_wrist_put_the_brown_cylinder_on_the_tray.png,recap.png,50,3,376,377,37.45054945054945,9.626373626373626,3.8241758241758244,67.51648351648352,9.098901098901099,33.21917808219178,9.601665496826172,-42.912471771240234,24.618316650390625,85.56082153320312,8.422718048095703,2.5393364429473877
056_brown,put the brown cylinder on the tray,16,1,346,14.551,1788426896.934341,00015_front_put_the_brown_cylinder_on_the_tray.png,00015_wrist_put_the_brown_cylinder_on_the_tray.png,recap.png,50,4,377,378,37.45054945054945,9.626373626373626,3.8241758241758244,67.51648351648352,9.098901098901099,33.21917808219178,8.488945007324219,-44.69686508178711,27.24980926513672,84.69737243652344,8.318416595458984,2.443727493286133
056_brown,put the brown cylinder on the tray,16,1,346,14.551,1788426896.934341,00015_front_put_the_brown_cylinder_on_the_tray.png,00015_wrist_put_the_brown_cylinder_on_the_tray.png,recap.png,50,5,378,379,37.45054945054945,9.626373626373626,3.8241758241758244,67.51648351648352,9.098901098901099,33.21917808219178,7.570758819580078,-47.03114318847656,29.92145538330078,83.97802734375,8.219039916992188,2.5072097778320312
056_brown,put the brown cylinder on the tray,16,1,346,14.551,1788426896.934341,00015_front_put_the_brown_cylinder_on_the_tray.png,00015_wrist_put_the_brown_cylinder_on_the_tray.png,recap.png,50,6,379,380,37.45054945054945,9.626373626373626,3.8241758241758244,67.51648351648352,9.098901098901099,33.21917808219178,6.771614074707031,-48.27591323852539,31.77558135986328,83.10072326660156,8.208734512329102,2.403357744216919
056_brown,put the brown cylinder on the tray,16,1,346,14.551,1788426896.934341,00015_front_put_the_brown_cylinder_on_the_tray.png,00015_wrist_put_the_brown_cylinder_on_the_tray.png,recap.png,50,7,380,381,37.45054945054945,9.626373626373626,3.8241758241758244,67.51648351648352,9.098901098901099,33.21917808219178,6.055660247802734,-50.189456939697266,35.005836486816406,82.11589050292969,7.960140228271484,2.6154263019561768
056_brown,put the brown cylinder on the tray,16,1,346,14.551,1788426896.934341,00015_front_put_the_brown_cylinder_on_the_tray.png,00015_wrist_put_the_brown_cylinder_on_the_tray.png,recap.png,50,8,381,382,37.45054945054945,9.626373626373626,3.8241758241758244,67.51648351648352,9.098901098901099,33.21917808219178,5.243167877197266,-52.33501434326172,37.43028259277344,81.22655487060547,7.904260635375977,2.7107248306274414
056_brown,put the brown cylinder on the tray,16,1,346,14.551,1788426896.934341,00015_front_put_the_brown_cylinder_on_the_tray.png,00015_wrist_put_the_brown_cylinder_on_the_tray.png,recap.png,50,9,382,383,37.45054945054945,9.626373626373626,3.8241758241758244,67.51648351648352,9.098901098901099,33.21917808219178,4.791988372802734,-54.079437255859375,39.76573944091797,79.83866882324219,7.915857315063477,2.6369664669036865
056_brown,put the brown cylinder on the tray,16,1,346,14.551,1788426896.934341,00015_front_put_the_brown_cylinder_on_the_tray.png,00015_wrist_put_the_brown_cylinder_on_the_tray.png,recap.png,50,10,383,384,37.45054945054945,9.626373626373626,3.8241758241758244,67.51648351648352,9.098901098901099,33.21917808219178,4.7246551513671875,-55.86101531982422,41.99092102050781,78.8021011352539,7.994482040405273,2.253342628479004
056_brown,put the brown cylinder on the tray,16,1,346,14.551,1788426896.934341,00015_front_put_the_brown_cylinder_on_the_tray.png,00015_wrist_put_the_brown_cylinder_on_the_tray.png,recap.png,50,11,384,385,37.45054945054945,9.626373626373626,3.8241758241758244,67.51648351648352,9.098901098901099,33.21917808219178,4.496696472167969,-56.88211441040039,43.90977478027344,77.4902114868164,8.232269287109375,2.0644044876098633
056_brown,put the brown cylinder on the tray,16,1,346,14.551,1788426896.934341,00015_front_put_the_brown_cylinder_on_the_tray.png,00015_wrist_put_the_brown_cylinder_on_the_tray.png,recap.png,50,12,385,386,37.45054945054945,9.626373626373626,3.8241758241758244,67.51648351648352,9.098901098901099,33.21917808219178,4.170795440673828,-59.34804153442383,47.56269073486328,76.41845703125,8.504777908325195,1.947270154953003
056_brown,put the brown cylinder on the tray,16,1,346,14.551,1788426896.934341,00015_front_put_the_brown_cylinder_on_the_tray.png,00015_wrist_put_the_brown_cylinder_on_the_tray.png,recap.png,50,13,386,387,37.45054945054945,9.626373626373626,3.8241758241758244,67.51648351648352,9.098901098901099,33.21917808219178,3.9261207580566406,-60.42805099487305,49.45996856689453,75.53480529785156,8.772714614868164,2.1587066650390625
056_brown,put the brown cylinder on the tray,16,1,346,14.551,1788426896.934341,00015_front_put_the_brown_cylinder_on_the_tray.png,00015_wrist_put_the_brown_cylinder_on_the_tray.png,recap.png,50,14,387,388,37.45054945054945,9.626373626373626,3.8241758241758244,67.51648351648352,9.098901098901099,33.21917808219178,3.9405899047851562,-62.09049606323242,51.74553680419922,74.58056640625,9.08039665222168,2.2282092571258545
056_brown,put the brown cylinder on the tray,16,1,346,14.551,1788426896.934341,00015_front_put_the_brown_cylinder_on_the_tray.png,00015_wrist_put_the_brown_cylinder_on_the_tray.png,recap.png,50,15,388,389,37.45054945054945,9.626373626373626,3.8241758241758244,67.51648351648352,9.098901098901099,33.21917808219178,4.175006866455078,-63.3460693359375,53.53846740722656,73.93087768554688,9.158018112182617,2.170480728149414
056_brown,put the brown cylinder on the tray,16,1,346,14.551,1788426896.934341,00015_front_put_the_brown_cylinder_on_the_tray.png,00015_wrist_put_the_brown_cylinder_on_the_tray.png,recap.png,50,16,389,390,37.45054945054945,9.626373626373626,3.8241758241758244,67.51648351648352,9.098901098901099,33.21917808219178,3.9820327758789062,-64.83338928222656,55.17034912109375,73.47096252441406,9.042520523071289,2.193063974380493
056_brown,put the brown cylinder on the tray,16,1,346,14.551,1788426896.934341,00015_front_put_the_brown_cylinder_on_the_tray.png,00015_wrist_put_the_brown_cylinder_on_the_tray.png,recap.png,50,17,390,391,37.45054945054945,9.626373626373626,3.8241758241758244,67.51648351648352,9.098901098901099,33.21917808219178,3.8878440856933594,-66.98271942138672,57.44701385498047,72.86180114746094,9.03570556640625,2.1859018802642822
056_brown,put the brown cylinder on the tray,16,1,346,14.551,1788426896.934341,00015_front_put_the_brown_cylinder_on_the_tray.png,00015_wrist_put_the_brown_cylinder_on_the_tray.png,recap.png,50,18,391,392,37.45054945054945,9.626373626373626,3.8241758241758244,67.51648351648352,9.098901098901099,33.21917808219178,3.849140167236328,-69.01881408691406,58.93621826171875,72.55388641357422,9.003278732299805,2.080172061920166
056_brown,put the brown cylinder on the tray,16,1,346,14.551,1788426896.934341,00015_front_put_the_brown_cylinder_on_the_tray.png,00015_wrist_put_the_brown_cylinder_on_the_tray.png,recap.png,50,19,392,393,37.45054945054945,9.626373626373626,3.8241758241758244,67.51648351648352,9.098901098901099,33.21917808219178,3.69732666015625,-70.59883880615234,61.044090270996094,72.30472564697266,8.763378143310547,2.0315418243408203
056_brown,put the brown cylinder on the tray,16,1,346,14.551,1788426896.934341,00015_front_put_the_brown_cylinder_on_the_tray.png,00015_wrist_put_the_brown_cylinder_on_the_tray.png,recap.png,50,20,393,394,37.45054945054945,9.626373626373626,3.8241758241758244,67.51648351648352,9.098901098901099,33.21917808219178,3.3318824768066406,-73.21004486083984,63.13945770263672,72.0450668334961,8.77392578125,1.9598352909088135
056_brown,put the brown cylinder on the tray,16,1,346,14.551,1788426896.934341,00015_front_put_the_brown_cylinder_on_the_tray.png,00015_wrist_put_the_brown_cylinder_on_the_tray.png,recap.png,50,21,394,395,37.45054945054945,9.626373626373626,3.8241758241758244,67.51648351648352,9.098901098901099,33.21917808219178,3.126117706298828,-74.60258483886719,64.53128814697266,71.86528015136719,8.710662841796875,1.9185190200805664
056_brown,put the brown cylinder on the tray,16,1,346,14.551,1788426896.934341,00015_front_put_the_brown_cylinder_on_the_tray.png,00015_wrist_put_the_brown_cylinder_on_the_tray.png,recap.png,50,22,395,396,37.45054945054945,9.626373626373626,3.8241758241758244,67.51648351648352,9.098901098901099,33.21917808219178,3.3868675231933594,-77.36378479003906,66.59803771972656,71.5833511352539,8.953554153442383,1.935248851776123
056_brown,put the brown cylinder on the tray,17,1,372,15.521,1788426897.905274,00016_front_put_the_brown_cylinder_on_the_tray.png,00016_wrist_put_the_brown_cylinder_on_the_tray.png,recap.png,50,0,396,397,35.34065934065934,11.56043956043956,-1.2747252747252746,68.92307692307692,6.637362637362638,31.643835616438352,16.104129791259766,-25.027099609375,5.725090026855469,92.1041488647461,7.679929733276367,10.511802673339844
056_brown,put the brown cylinder on the tray,17,1,372,15.521,1788426897.905274,00016_front_put_the_brown_cylinder_on_the_tray.png,00016_wrist_put_the_brown_cylinder_on_the_tray.png,recap.png,50,1,397,398,35.34065934065934,11.56043956043956,-1.2747252747252746,68.92307692307692,6.637362637362638,31.643835616438352,15.041339874267578,-26.04705810546875,7.268093109130859,91.43305969238281,7.581449508666992,7.185891151428223
056_brown,put the brown cylinder on the tray,17,1,372,15.521,1788426897.905274,00016_front_put_the_brown_cylinder_on_the_tray.png,00016_wrist_put_the_brown_cylinder_on_the_tray.png,recap.png,50,2,398,399,35.34065934065934,11.56043956043956,-1.2747252747252746,68.92307692307692,6.637362637362638,31.643835616438352,13.829566955566406,-28.48517608642578,9.404975891113281,90.86557006835938,7.688320159912109,4.4289445877075195
056_brown,put the brown cylinder on the tray,17,1,372,15.521,1788426897.905274,00016_front_put_the_brown_cylinder_on_the_tray.png,00016_wrist_put_the_brown_cylinder_on_the_tray.png,recap.png,50,3,399,400,35.34065934065934,11.56043956043956,-1.2747252747252746,68.92307692307692,6.637362637362638,31.643835616438352,12.697200775146484,-30.479713439941406,11.343490600585938,90.17569732666016,7.520341873168945,2.840287208557129
056_brown,put the brown cylinder on the tray,17,1,372,15.521,1788426897.905274,00016_front_put_the_brown_cylinder_on_the_tray.png,00016_wrist_put_the_brown_cylinder_on_the_tray.png,recap.png,50,4,400,401,35.34065934065934,11.56043956043956,-1.2747252747252746,68.92307692307692,6.637362637362638,31.643835616438352,11.48037338256836,-31.60370635986328,12.423416137695312,89.51383972167969,7.351640701293945,2.082099676132202
056_brown,put the brown cylinder on the tray,17,1,372,15.521,1788426897.905274,00016_front_put_the_brown_cylinder_on_the_tray.png,00016_wrist_put_the_brown_cylinder_on_the_tray.png,recap.png,50,5,401,402,35.34065934065934,11.56043956043956,-1.2747252747252746,68.92307692307692,6.637362637362638,31.643835616438352,10.41604232788086,-33.58263397216797,15.991706848144531,88.77642822265625,7.277137756347656,1.6604373455047607
056_brown,put the brown cylinder on the tray,17,1,372,15.521,1788426897.905274,00016_front_put_the_brown_cylinder_on_the_tray.png,00016_wrist_put_the_brown_cylinder_on_the_tray.png,recap.png,50,6,402,403,35.34065934065934,11.56043956043956,-1.2747252747252746,68.92307692307692,6.637362637362638,31.643835616438352,9.021442413330078,-35.39093017578125,18.269195556640625,87.95652770996094,7.07403564453125,1.355487585067749
056_brown,put the brown cylinder on the tray,17,1,372,15.521,1788426897.905274,00016_front_put_the_brown_cylinder_on_the_tray.png,00016_wrist_put_the_brown_cylinder_on_the_tray.png,recap.png,50,7,403,404,35.34065934065934,11.56043956043956,-1.2747252747252746,68.92307692307692,6.637362637362638,31.643835616438352,7.7299041748046875,-38.064697265625,21.127159118652344,87.16284942626953,6.892887115478516,0.9745733737945557
056_brown,put the brown cylinder on the tray,17,1,372,15.521,1788426897.905274,00016_front_put_the_brown_cylinder_on_the_tray.png,00016_wrist_put_the_brown_cylinder_on_the_tray.png,recap.png,50,8,404,405,35.34065934065934,11.56043956043956,-1.2747252747252746,68.92307692307692,6.637362637362638,31.643835616438352,6.490089416503906,-39.855247497558594,23.688339233398438,86.16112518310547,6.761873245239258,0.7232288718223572
056_brown,put the brown cylinder on the tray,17,1,372,15.521,1788426897.905274,00016_front_put_the_brown_cylinder_on_the_tray.png,00016_wrist_put_the_brown_cylinder_on_the_tray.png,recap.png,50,9,405,406,35.34065934065934,11.56043956043956,-1.2747252747252746,68.92307692307692,6.637362637362638,31.643835616438352,5.6825103759765625,-42.33024597167969,26.323837280273438,85.21110534667969,6.808864593505859,0.5161714553833008
056_brown,put the brown cylinder on the tray,17,1,372,15.521,1788426897.905274,00016_front_put_the_brown_cylinder_on_the_tray.png,00016_wrist_put_the_brown_cylinder_on_the_tray.png,recap.png,50,10,406,407,35.34065934065934,11.56043956043956,-1.2747252747252746,68.92307692307692,6.637362637362638,31.643835616438352,4.439888000488281,-44.59861373901367,28.798118591308594,84.40034484863281,6.642463684082031,0.2662853002548218
056_brown,put the brown cylinder on the tray,17,1,372,15.521,1788426897.905274,00016_front_put_the_brown_cylinder_on_the_tray.png,00016_wrist_put_the_brown_cylinder_on_the_tray.png,recap.png,50,11,407,408,35.34065934065934,11.56043956043956,-1.2747252747252746,68.92307692307692,6.637362637362638,31.643835616438352,3.5029983520507812,-47.1343879699707,31.490562438964844,83.48056030273438,6.710117340087891,0.07059074193239212
056_brown,put the brown cylinder on the tray,17,1,372,15.521,1788426897.905274,00016_front_put_the_brown_cylinder_on_the_tray.png,00016_wrist_put_the_brown_cylinder_on_the_tray.png,recap.png,50,12,408,409,35.34065934065934,11.56043956043956,-1.2747252747252746,68.92307692307692,6.637362637362638,31.643835616438352,2.9413185119628906,-49.08142852783203,34.13197326660156,82.53277587890625,6.7385406494140625,-0.1807335615158081
056_brown,put the brown cylinder on the tray,17,1,372,15.521,1788426897.905274,00016_front_put_the_brown_cylinder_on_the_tray.png,00016_wrist_put_the_brown_cylinder_on_the_tray.png,recap.png,50,13,409,410,35.34065934065934,11.56043956043956,-1.2747252747252746,68.92307692307692,6.637362637362638,31.643835616438352,2.3367576599121094,-50.8365592956543,36.70616912841797,81.79358673095703,6.815269470214844,-0.3165264427661896
056_brown,put the brown cylinder on the tray,17,1,372,15.521,1788426897.905274,00016_front_put_the_brown_cylinder_on_the_tray.png,00016_wrist_put_the_brown_cylinder_on_the_tray.png,recap.png,50,14,410,411,35.34065934065934,11.56043956043956,-1.2747252747252746,68.92307692307692,6.637362637362638,31.643835616438352,1.8688621520996094,-52.62771224975586,38.569427490234375,80.76600646972656,6.648307800292969,-0.17962470650672913
056_brown,put the brown cylinder on the tray,17,1,372,15.521,1788426897.905274,00016_front_put_the_brown_cylinder_on_the_tray.png,00016_wrist_put_the_brown_cylinder_on_the_tray.png,recap.png,50,15,411,412,35.34065934065934,11.56043956043956,-1.2747252747252746,68.92307692307692,6.637362637362638,31.643835616438352,1.3008842468261719,-55.013893127441406,41.149497985839844,79.95540618896484,6.690793991088867,-0.09866814315319061
056_brown,put the brown cylinder on the tray,17,1,372,15.521,1788426897.905274,00016_front_put_the_brown_cylinder_on_the_tray.png,00016_wrist_put_the_brown_cylinder_on_the_tray.png,recap.png,50,16,412,413,35.34065934065934,11.56043956043956,-1.2747252747252746,68.92307692307692,6.637362637362638,31.643835616438352,1.0609359741210938,-56.92948532104492,43.163597106933594,78.85102081298828,6.687753677368164,-0.10375368595123291
056_brown,put the brown cylinder on the tray,17,1,372,15.521,1788426897.905274,00016_front_put_the_brown_cylinder_on_the_tray.png,00016_wrist_put_the_brown_cylinder_on_the_tray.png,recap.png,50,17,413,414,35.34065934065934,11.56043956043956,-1.2747252747252746,68.92307692307692,6.637362637362638,31.643835616438352,0.803192138671875,-58.815216064453125,45.308921813964844,78.06920623779297,6.682798385620117,-0.2344610095024109
056_brown,put the brown cylinder on the tray,17,1,372,15.521,1788426897.905274,00016_front_put_the_brown_cylinder_on_the_tray.png,00016_wrist_put_the_brown_cylinder_on_the_tray.png,recap.png,50,18,414,415,35.34065934065934,11.56043956043956,-1.2747252747252746,68.92307692307692,6.637362637362638,31.643835616438352,0.3971977233886719,-60.891788482666016,48.56140899658203,76.85739135742188,6.755409240722656,-0.23527038097381592
056_brown,put the brown cylinder on the tray,17,1,372,15.521,1788426897.905274,00016_front_put_the_brown_cylinder_on_the_tray.png,00016_wrist_put_the_brown_cylinder_on_the_tray.png,recap.png,50,19,415,416,35.34065934065934,11.56043956043956,-1.2747252747252746,68.92307692307692,6.637362637362638,31.643835616438352,0.23957443237304688,-62.0441780090332,50.47434997558594,75.53459167480469,6.7499542236328125,-0.20421117544174194
056_brown,put the brown cylinder on the tray,17,1,372,15.521,1788426897.905274,00016_front_put_the_brown_cylinder_on_the_tray.png,00016_wrist_put_the_brown_cylinder_on_the_tray.png,recap.png,50,20,416,417,35.34065934065934,11.56043956043956,-1.2747252747252746,68.92307692307692,6.637362637362638,31.643835616438352,0.12131881713867188,-63.69808578491211,52.64955139160156,74.05367279052734,6.975467681884766,-0.3506382405757904
056_brown,put the brown cylinder on the tray,17,1,372,15.521,1788426897.905274,00016_front_put_the_brown_cylinder_on_the_tray.png,00016_wrist_put_the_brown_cylinder_on_the_tray.png,recap.png,50,21,417,418,35.34065934065934,11.56043956043956,-1.2747252747252746,68.92307692307692,6.637362637362638,31.643835616438352,0.001216888427734375,-65.02851867675781,54.59828186035156,72.88509368896484,6.913612365722656,-0.27104124426841736
056_brown,put the brown cylinder on the tray,17,1,372,15.521,1788426897.905274,00016_front_put_the_brown_cylinder_on_the_tray.png,00016_wrist_put_the_brown_cylinder_on_the_tray.png,recap.png,50,22,418,419,35.34065934065934,11.56043956043956,-1.2747252747252746,68.92307692307692,6.637362637362638,31.643835616438352,0.08850860595703125,-66.3255615234375,56.94152069091797,71.7314224243164,6.8569488525390625,-0.27104124426841736
056_brown,put the brown cylinder on the tray,17,1,372,15.521,1788426897.905274,00016_front_put_the_brown_cylinder_on_the_tray.png,00016_wrist_put_the_brown_cylinder_on_the_tray.png,recap.png,50,23,419,420,35.34065934065934,11.56043956043956,-1.2747252747252746,68.92307692307692,6.637362637362638,31.643835616438352,-0.004512786865234375,-67.96185302734375,59.232276916503906,70.71153259277344,6.839574813842773,-0.20965784788131714
056_brown,put the brown cylinder on the tray,17,1,372,15.521,1788426897.905274,00016_front_put_the_brown_cylinder_on_the_tray.png,00016_wrist_put_the_brown_cylinder_on_the_tray.png,recap.png,50,24,420,421,35.34065934065934,11.56043956043956,-1.2747252747252746,68.92307692307692,6.637362637362638,31.643835616438352,0.27077484130859375,-69.40937805175781,61.220497131347656,70.00779724121094,6.805795669555664,-0.07909922301769257
056_brown,put the brown cylinder on the tray,17,1,372,15.521,1788426897.905274,00016_front_put_the_brown_cylinder_on_the_tray.png,00016_wrist_put_the_brown_cylinder_on_the_tray.png,recap.png,50,25,421,422,35.34065934065934,11.56043956043956,-1.2747252747252746,68.92307692307692,6.637362637362638,31.643835616438352,0.7213783264160156,-70.94514465332031,62.55585479736328,69.37612915039062,6.751211166381836,-0.04386155307292938
056_brown,put the brown cylinder on the tray,18,1,395,16.358,1788426898.7400987,00017_front_put_the_brown_cylinder_on_the_tray.png,00017_wrist_put_the_brown_cylinder_on_the_tray.png,recap.png,50,0,422,423,3.5164835164835164,-70.10989010989012,61.582417582417584,73.31868131868131,8.571428571428571,2.3972602739726026,-3.895029067993164,-101.97018432617188,88.56871032714844,77.70488739013672,-3.2143430709838867,1.0070260763168335
056_brown,put the brown cylinder on the tray,18,1,395,16.358,1788426898.7400987,00017_front_put_the_brown_cylinder_on_the_tray.png,00017_wrist_put_the_brown_cylinder_on_the_tray.png,recap.png,50,1,423,424,3.5164835164835164,-70.10989010989012,61.582417582417584,73.31868131868131,8.571428571428571,2.3972602739726026,-3.866762161254883,-102.21544647216797,88.36087036132812,77.51458740234375,-3.2354087829589844,1.0016570091247559
056_brown,put the brown cylinder on the tray,18,1,395,16.358,1788426898.7400987,00017_front_put_the_brown_cylinder_on_the_tray.png,00017_wrist_put_the_brown_cylinder_on_the_tray.png,recap.png,50,2,424,425,3.5164835164835164,-70.10989010989012,61.582417582417584,73.31868131868131,8.571428571428571,2.3972602739726026,-3.664203643798828,-101.90471649169922,88.97773742675781,77.67853546142578,-3.2253456115722656,1.0540492534637451
056_brown,put the brown cylinder on the tray,18,1,395,16.358,1788426898.7400987,00017_front_put_the_brown_cylinder_on_the_tray.png,00017_wrist_put_the_brown_cylinder_on_the_tray.png,recap.png,50,3,425,426,3.5164835164835164,-70.10989010989012,61.582417582417584,73.31868131868131,8.571428571428571,2.3972602739726026,-3.6877384185791016,-101.42826080322266,89.30409240722656,77.7462387084961,-3.3434925079345703,1.0180659294128418
056_brown,put the brown cylinder on the tray,18,1,395,16.358,1788426898.7400987,00017_front_put_the_brown_cylinder_on_the_tray.png,00017_wrist_put_the_brown_cylinder_on_the_tray.png,recap.png,50,4,426,427,3.5164835164835164,-70.10989010989012,61.582417582417584,73.31868131868131,8.571428571428571,2.3972602739726026,-3.2704524993896484,-101.8716049194336,89.36044311523438,77.6186294555664,-3.31984806060791,1.1126062870025635
056_brown,put the brown cylinder on the tray,18,1,395,16.358,1788426898.7400987,00017_front_put_the_brown_cylinder_on_the_tray.png,00017_wrist_put_the_brown_cylinder_on_the_tray.png,recap.png,50,5,427,428,3.5164835164835164,-70.10989010989012,61.582417582417584,73.31868131868131,8.571428571428571,2.3972602739726026,-3.055744171142578,-102.21835327148438,89.41891479492188,77.6258316040039,-3.294130325317383,1.030169129371643
056_brown,put the brown cylinder on the tray,18,1,395,16.358,1788426898.7400987,00017_front_put_the_brown_cylinder_on_the_tray.png,00017_wrist_put_the_brown_cylinder_on_the_tray.png,recap.png,50,6,428,429,3.5164835164835164,-70.10989010989012,61.582417582417584,73.31868131868131,8.571428571428571,2.3972602739726026,-2.6772918701171875,-101.91864013671875,90.11079406738281,77.65567779541016,-3.143012046813965,1.0893900394439697
056_brown,put the brown cylinder on the tray,18,1,395,16.358,1788426898.7400987,00017_front_put_the_brown_cylinder_on_the_tray.png,00017_wrist_put_the_brown_cylinder_on_the_tray.png,recap.png,50,7,429,430,3.5164835164835164,-70.10989010989012,61.582417582417584,73.31868131868131,8.571428571428571,2.3972602739726026,-2.3913841247558594,-101.99895477294922,90.16909790039062,77.79369354248047,-3.0646257400512695,0.9639572501182556
056_brown,put the brown cylinder on the tray,18,1,395,16.358,1788426898.7400987,00017_front_put_the_brown_cylinder_on_the_tray.png,00017_wrist_put_the_brown_cylinder_on_the_tray.png,recap.png,50,8,430,431,3.5164835164835164,-70.10989010989012,61.582417582417584,73.31868131868131,8.571428571428571,2.3972602739726026,-1.9570159912109375,-102.05944061279297,89.78570556640625,77.54408264160156,-2.883316993713379,0.9134087562561035
056_brown,put the brown cylinder on the tray,18,1,395,16.358,1788426898.7400987,00017_front_put_the_brown_cylinder_on_the_tray.png,00017_wrist_put_the_brown_cylinder_on_the_tray.png,recap.png,50,9,431,432,3.5164835164835164,-70.10989010989012,61.582417582417584,73.31868131868131,8.571428571428571,2.3972602739726026,-1.9592227935791016,-102.28196716308594,90.42196655273438,77.84539794921875,-2.7387237548828125,0.9750045537948608
056_brown,put the brown cylinder on the tray,18,1,395,16.358,1788426898.7400987,00017_front_put_the_brown_cylinder_on_the_tray.png,00017_wrist_put_the_brown_cylinder_on_the_tray.png,recap.png,50,10,432,433,3.5164835164835164,-70.10989010989012,61.582417582417584,73.31868131868131,8.571428571428571,2.3972602739726026,-1.758981704711914,-101.41996002197266,90.8385009765625,77.90030670166016,-2.5942630767822266,0.8674955368041992
056_brown,put the brown cylinder on the tray,18,1,395,16.358,1788426898.7400987,00017_front_put_the_brown_cylinder_on_the_tray.png,00017_wrist_put_the_brown_cylinder_on_the_tray.png,recap.png,50,11,433,434,3.5164835164835164,-70.10989010989012,61.582417582417584,73.31868131868131,8.571428571428571,2.3972602739726026,-1.7938785552978516,-101.31652069091797,90.37203979492188,78.06471252441406,-2.415407180786133,0.9872914552688599
056_brown,put the brown cylinder on the tray,18,1,395,16.358,1788426898.7400987,00017_front_put_the_brown_cylinder_on_the_tray.png,00017_wrist_put_the_brown_cylinder_on_the_tray.png,recap.png,50,12,434,435,3.5164835164835164,-70.10989010989012,61.582417582417584,73.31868131868131,8.571428571428571,2.3972602739726026,-1.9278793334960938,-101.27448272705078,90.55160522460938,78.03990936279297,-2.329880714416504,0.9656863808631897
056_brown,put the brown cylinder on the tray,18,1,395,16.358,1788426898.7400987,00017_front_put_the_brown_cylinder_on_the_tray.png,00017_wrist_put_the_brown_cylinder_on_the_tray.png,recap.png,50,13,435,436,3.5164835164835164,-70.10989010989012,61.582417582417584,73.31868131868131,8.571428571428571,2.3972602739726026,-2.1638832092285156,-102.02702331542969,91.67839050292969,78.14546966552734,-2.2539167404174805,1.0116336345672607
056_brown,put the brown cylinder on the tray,18,1,395,16.358,1788426898.7400987,00017_front_put_the_brown_cylinder_on_the_tray.png,00017_wrist_put_the_brown_cylinder_on_the_tray.png,recap.png,50,14,436,437,3.5164835164835164,-70.10989010989012,61.582417582417584,73.31868131868131,8.571428571428571,2.3972602739726026,-2.0255775451660156,-101.56239318847656,90.64013671875,78.01254272460938,-2.0681657791137695,0.9762292504310608
056_brown,put the brown cylinder on the tray,18,1,395,16.358,1788426898.7400987,00017_front_put_the_brown_cylinder_on_the_tray.png,00017_wrist_put_the_brown_cylinder_on_the_tray.png,recap.png,50,15,437,438,3.5164835164835164,-70.10989010989012,61.582417582417584,73.31868131868131,8.571428571428571,2.3972602739726026,-2.1516284942626953,-101.44024658203125,90.59599304199219,78.15115356445312,-2.1369972229003906,1.1089589595794678
056_brown,put the brown cylinder on the tray,18,1,395,16.358,1788426898.7400987,00017_front_put_the_brown_cylinder_on_the_tray.png,00017_wrist_put_the_brown_cylinder_on_the_tray.png,recap.png,50,16,438,439,3.5164835164835164,-70.10989010989012,61.582417582417584,73.31868131868131,8.571428571428571,2.3972602739726026,-2.1591625213623047,-101.10501861572266,91.21871948242188,78.24410247802734,-2.178731918334961,1.0356104373931885
056_brown,put the brown cylinder on the tray,18,1,395,16.358,1788426898.7400987,00017_front_put_the_brown_cylinder_on_the_tray.png,00017_wrist_put_the_brown_cylinder_on_the_tray.png,recap.png,50,17,439,440,3.5164835164835164,-70.10989010989012,61.582417582417584,73.31868131868131,8.571428571428571,2.3972602739726026,-1.8844242095947266,-100.97696685791016,90.076416015625,77.99462127685547,-2.2804107666015625,0.9841772317886353
056_brown,put the brown cylinder on the tray,18,1,395,16.358,1788426898.7400987,00017_front_put_the_brown_cylinder_on_the_tray.png,00017_wrist_put_the_brown_cylinder_on_the_tray.png,recap.png,50,18,440,441,3.5164835164835164,-70.10989010989012,61.582417582417584,73.31868131868131,8.571428571428571,2.3972602739726026,-2.0132102966308594,-101.1958999633789,89.71575927734375,77.92882537841797,-2.1440134048461914,0.8999227285385132
056_brown,put the brown cylinder on the tray,18,1,395,16.358,1788426898.7400987,00017_front_put_the_brown_cylinder_on_the_tray.png,00017_wrist_put_the_brown_cylinder_on_the_tray.png,recap.png,50,19,441,442,3.5164835164835164,-70.10989010989012,61.582417582417584,73.31868131868131,8.571428571428571,2.3972602739726026,-1.9663333892822266,-101.4091796875,90.86332702636719,78.33843231201172,-2.1100502014160156,1.0222359895706177
056_brown,put the brown cylinder on the tray,18,1,395,16.358,1788426898.7400987,00017_front_put_the_brown_cylinder_on_the_tray.png,00017_wrist_put_the_brown_cylinder_on_the_tray.png,recap.png,50,20,442,443,3.5164835164835164,-70.10989010989012,61.582417582417584,73.31868131868131,8.571428571428571,2.3972602739726026,-1.743896484375,-101.5763931274414,90.17887878417969,78.24235534667969,-2.1233749389648438,0.9424180388450623
056_brown,put the brown cylinder on the tray,18,1,395,16.358,1788426898.7400987,00017_front_put_the_brown_cylinder_on_the_tray.png,00017_wrist_put_the_brown_cylinder_on_the_tray.png,recap.png,50,21,443,444,3.5164835164835164,-70.10989010989012,61.582417582417584,73.31868131868131,8.571428571428571,2.3972602739726026,-1.691751480102539,-101.54682159423828,90.032958984375,78.32276916503906,-2.2104578018188477,0.9242914915084839
056_brown,put the brown cylinder on the tray,18,1,395,16.358,1788426898.7400987,00017_front_put_the_brown_cylinder_on_the_tray.png,00017_wrist_put_the_brown_cylinder_on_the_tray.png,recap.png,50,22,444,445,3.5164835164835164,-70.10989010989012,61.582417582417584,73.31868131868131,8.571428571428571,2.3972602739726026,-1.8462982177734375,-101.57949829101562,89.58638000488281,78.24759674072266,-2.0382280349731445,0.883418083190918
056_brown,put the brown cylinder on the tray,19,1,421,17.328,1788426899.711571,00018_front_put_the_brown_cylinder_on_the_tray.png,00018_wrist_put_the_brown_cylinder_on_the_tray.png,recap.png,50,0,445,446,0.43956043956043955,-65.71428571428571,57.362637362637365,72.87912087912088,7.34065934065934,0.273972602739726,-3.2416210174560547,-104.57601165771484,87.17327880859375,74.66572570800781,-2.424907684326172,0.5013981461524963
056_brown,put the brown cylinder on the tray,19,1,421,17.328,1788426899.711571,00018_front_put_the_brown_cylinder_on_the_tray.png,00018_wrist_put_the_brown_cylinder_on_the_tray.png,recap.png,50,1,446,447,0.43956043956043955,-65.71428571428571,57.362637362637365,72.87912087912088,7.34065934065934,0.273972602739726,-3.112232208251953,-103.27898406982422,86.96836853027344,75.5125961303711,-2.3773155212402344,0.28975123167037964
056_brown,put the brown cylinder on the tray,19,1,421,17.328,1788426899.711571,00018_front_put_the_brown_cylinder_on_the_tray.png,00018_wrist_put_the_brown_cylinder_on_the_tray.png,recap.png,50,2,447,448,0.43956043956043955,-65.71428571428571,57.362637362637365,72.87912087912088,7.34065934065934,0.273972602739726,-3.253194808959961,-104.19493865966797,86.73506164550781,76.4041748046875,-2.4475440979003906,0.4743846356868744
056_brown,put the brown cylinder on the tray,19,1,421,17.328,1788426899.711571,00018_front_put_the_brown_cylinder_on_the_tray.png,00018_wrist_put_the_brown_cylinder_on_the_tray.png,recap.png,50,3,448,449,0.43956043956043955,-65.71428571428571,57.362637362637365,72.87912087912088,7.34065934065934,0.273972602739726,-3.5539817810058594,-103.30047607421875,87.42689514160156,77.25192260742188,-2.334773063659668,0.31995221972465515
056_brown,put the brown cylinder on the tray,19,1,421,17.328,1788426899.711571,00018_front_put_the_brown_cylinder_on_the_tray.png,00018_wrist_put_the_brown_cylinder_on_the_tray.png,recap.png,50,4,449,450,0.43956043956043955,-65.71428571428571,57.362637362637365,72.87912087912088,7.34065934065934,0.273972602739726,-3.534944534301758,-102.039794921875,86.85404968261719,77.61216735839844,-2.1890411376953125,0.3926941454410553
056_brown,put the brown cylinder on the tray,19,1,421,17.328,1788426899.711571,00018_front_put_the_brown_cylinder_on_the_tray.png,00018_wrist_put_the_brown_cylinder_on_the_tray.png,recap.png,50,5,450,451,0.43956043956043955,-65.71428571428571,57.362637362637365,72.87912087912088,7.34065934065934,0.273972602739726,-3.7266674041748047,-102.38434600830078,87.74652099609375,78.04964447021484,-2.0462265014648438,0.5137062072753906
056_brown,put the brown cylinder on the tray,19,1,421,17.328,1788426899.711571,00018_front_put_the_brown_cylinder_on_the_tray.png,00018_wrist_put_the_brown_cylinder_on_the_tray.png,recap.png,50,6,451,452,0.43956043956043955,-65.71428571428571,57.362637362637365,72.87912087912088,7.34065934065934,0.273972602739726,-3.8620071411132812,-102.1960678100586,88.15237426757812,78.30327606201172,-1.8553028106689453,0.31347739696502686
056_brown,put the brown cylinder on the tray,19,1,421,17.328,1788426899.711571,00018_front_put_the_brown_cylinder_on_the_tray.png,00018_wrist_put_the_brown_cylinder_on_the_tray.png,recap.png,50,7,452,453,0.43956043956043955,-65.71428571428571,57.362637362637365,72.87912087912088,7.34065934065934,0.273972602739726,-3.4710445404052734,-102.07841491699219,87.77926635742188,78.51730346679688,-1.7903814315795898,0.47266504168510437
056_brown,put the brown cylinder on the tray,19,1,421,17.328,1788426899.711571,00018_front_put_the_brown_cylinder_on_the_tray.png,00018_wrist_put_the_brown_cylinder_on_the_tray.png,recap.png,50,8,453,454,0.43956043956043955,-65.71428571428571,57.362637362637365,72.87912087912088,7.34065934065934,0.273972602739726,-3.750194549560547,-101.119384765625,88.13652038574219,78.93341827392578,-1.559645652770996,0.4498799443244934
056_brown,put the brown cylinder on the tray,19,1,421,17.328,1788426899.711571,00018_front_put_the_brown_cylinder_on_the_tray.png,00018_wrist_put_the_brown_cylinder_on_the_tray.png,recap.png,50,9,454,455,0.43956043956043955,-65.71428571428571,57.362637362637365,72.87912087912088,7.34065934065934,0.273972602739726,-3.4544010162353516,-101.45851135253906,87.24627685546875,79.10277557373047,-1.3099088668823242,0.36782407760620117
056_brown,put the brown cylinder on the tray,19,1,421,17.328,1788426899.711571,00018_front_put_the_brown_cylinder_on_the_tray.png,00018_wrist_put_the_brown_cylinder_on_the_tray.png,recap.png,50,10,455,456,0.43956043956043955,-65.71428571428571,57.362637362637365,72.87912087912088,7.34065934065934,0.273972602739726,-3.4708003997802734,-101.05929565429688,87.91781616210938,79.08203125,-1.5498685836791992,0.3059871792793274
056_brown,put the brown cylinder on the tray,19,1,421,17.328,1788426899.711571,00018_front_put_the_brown_cylinder_on_the_tray.png,00018_wrist_put_the_brown_cylinder_on_the_tray.png,recap.png,50,11,456,457,0.43956043956043955,-65.71428571428571,57.362637362637365,72.87912087912088,7.34065934065934,0.273972602739726,-3.7739830017089844,-101.28225708007812,88.07496643066406,79.62163543701172,-1.4285249710083008,0.36179959774017334
056_brown,put the brown cylinder on the tray,19,1,421,17.328,1788426899.711571,00018_front_put_the_brown_cylinder_on_the_tray.png,00018_wrist_put_the_brown_cylinder_on_the_tray.png,recap.png,50,12,457,458,0.43956043956043955,-65.71428571428571,57.362637362637365,72.87912087912088,7.34065934065934,0.273972602739726,-3.611227035522461,-101.52750396728516,88.06935119628906,79.64620971679688,-1.3015546798706055,-0.02721989154815674
056_brown,put the brown cylinder on the tray,19,1,421,17.328,1788426899.711571,00018_front_put_the_brown_cylinder_on_the_tray.png,00018_wrist_put_the_brown_cylinder_on_the_tray.png,recap.png,50,13,458,459,0.43956043956043955,-65.71428571428571,57.362637362637365,72.87912087912088,7.34065934065934,0.273972602739726,-3.3700599670410156,-101.00052642822266,87.40992736816406,79.31238555908203,-1.3829059600830078,0.3769277036190033
056_brown,put the brown cylinder on the tray,19,1,421,17.328,1788426899.711571,00018_front_put_the_brown_cylinder_on_the_tray.png,00018_wrist_put_the_brown_cylinder_on_the_tray.png,recap.png,50,14,459,460,0.43956043956043955,-65.71428571428571,57.362637362637365,72.87912087912088,7.34065934065934,0.273972602739726,-3.3741607666015625,-101.00050354003906,87.85641479492188,79.50566101074219,-1.3683586120605469,0.5324127078056335
056_brown,put the brown cylinder on the tray,19,1,421,17.328,1788426899.711571,00018_front_put_the_brown_cylinder_on_the_tray.png,00018_wrist_put_the_brown_cylinder_on_the_tray.png,recap.png,50,15,460,461,0.43956043956043955,-65.71428571428571,57.362637362637365,72.87912087912088,7.34065934065934,0.273972602739726,-3.6865310668945312,-101.23712158203125,88.21533203125,79.3468246459961,-1.4859647750854492,0.20502939820289612
056_brown,put the brown cylinder on the tray,19,1,421,17.328,1788426899.711571,00018_front_put_the_brown_cylinder_on_the_tray.png,00018_wrist_put_the_brown_cylinder_on_the_tray.png,recap.png,50,16,461,462,0.43956043956043955,-65.71428571428571,57.362637362637365,72.87912087912088,7.34065934065934,0.273972602739726,-3.2695159912109375,-101.26875305175781,88.55181884765625,79.39674377441406,-1.6803503036499023,0.3385758399963379
056_brown,put the brown cylinder on the tray,19,1,421,17.328,1788426899.711571,00018_front_put_the_brown_cylinder_on_the_tray.png,00018_wrist_put_the_brown_cylinder_on_the_tray.png,recap.png,50,17,462,463,0.43956043956043955,-65.71428571428571,57.362637362637365,72.87912087912088,7.34065934065934,0.273972602739726,-3.6094818115234375,-100.62356567382812,88.82655334472656,79.33415985107422,-1.7248144149780273,0.4080442488193512
056_brown,put the brown cylinder on the tray,19,1,421,17.328,1788426899.711571,00018_front_put_the_brown_cylinder_on_the_tray.png,00018_wrist_put_the_brown_cylinder_on_the_tray.png,recap.png,50,18,463,464,0.43956043956043955,-65.71428571428571,57.362637362637365,72.87912087912088,7.34065934065934,0.273972602739726,-3.8451385498046875,-101.01704406738281,88.92607116699219,79.47622680664062,-1.7291593551635742,0.39580729603767395
056_brown,put the brown cylinder on the tray,19,1,421,17.328,1788426899.711571,00018_front_put_the_brown_cylinder_on_the_tray.png,00018_wrist_put_the_brown_cylinder_on_the_tray.png,recap.png,50,19,464,465,0.43956043956043955,-65.71428571428571,57.362637362637365,72.87912087912088,7.34065934065934,0.273972602739726,-3.516561508178711,-101.09820556640625,88.01258850097656,79.12506103515625,-1.9918766021728516,0.21636882424354553
056_brown,put the brown cylinder on the tray,19,1,421,17.328,1788426899.711571,00018_front_put_the_brown_cylinder_on_the_tray.png,00018_wrist_put_the_brown_cylinder_on_the_tray.png,recap.png,50,20,465,466,0.43956043956043955,-65.71428571428571,57.362637362637365,72.87912087912088,7.34065934065934,0.273972602739726,-3.8325767517089844,-101.55284881591797,88.32537841796875,78.82965850830078,-1.8743810653686523,0.1426783949136734
056_brown,put the brown cylinder on the tray,19,1,421,17.328,1788426899.711571,00018_front_put_the_brown_cylinder_on_the_tray.png,00018_wrist_put_the_brown_cylinder_on_the_tray.png,recap.png,50,21,466,467,0.43956043956043955,-65.71428571428571,57.362637362637365,72.87912087912088,7.34065934065934,0.273972602739726,-3.9132556915283203,-101.44987487792969,89.57145690917969,78.75631713867188,-1.9637117385864258,0.2738817632198334
056_brown,put the brown cylinder on the tray,19,1,421,17.328,1788426899.711571,00018_front_put_the_brown_cylinder_on_the_tray.png,00018_wrist_put_the_brown_cylinder_on_the_tray.png,recap.png,50,22,467,468,0.43956043956043955,-65.71428571428571,57.362637362637365,72.87912087912088,7.34065934065934,0.273972602739726,-3.272947311401367,-102.19879913330078,88.97799682617188,78.96659851074219,-2.105257034301758,0.22676827013492584
056_brown,put the brown cylinder on the tray,19,1,421,17.328,1788426899.711571,00018_front_put_the_brown_cylinder_on_the_tray.png,00018_wrist_put_the_brown_cylinder_on_the_tray.png,recap.png,50,23,468,469,0.43956043956043955,-65.71428571428571,57.362637362637365,72.87912087912088,7.34065934065934,0.273972602739726,-3.401285171508789,-102.54695892333984,89.19642639160156,78.72233581542969,-2.112969398498535,0.286146342754364
056_brown,put the brown cylinder on the tray,19,1,421,17.328,1788426899.711571,00018_front_put_the_brown_cylinder_on_the_tray.png,00018_wrist_put_the_brown_cylinder_on_the_tray.png,recap.png,50,24,469,470,0.43956043956043955,-65.71428571428571,57.362637362637365,72.87912087912088,7.34065934065934,0.273972602739726,-3.2703170776367188,-101.79013061523438,88.64892578125,78.93016052246094,-2.006598472595215,0.41121581196784973
056_brown,put the brown cylinder on the tray,19,1,421,17.328,1788426899.711571,00018_front_put_the_brown_cylinder_on_the_tray.png,00018_wrist_put_the_brown_cylinder_on_the_tray.png,recap.png,50,25,470,471,0.43956043956043955,-65.71428571428571,57.362637362637365,72.87912087912088,7.34065934065934,0.273972602739726,-3.357330322265625,-100.91828918457031,89.18524169921875,78.69471740722656,-1.9288291931152344,0.20374207198619843
056_brown,put the brown cylinder on the tray,20,1,444,18.13,1788426900.5141847,00019_front_put_the_brown_cylinder_on_the_tray.png,00019_wrist_put_the_brown_cylinder_on_the_tray.png,recap.png,50,0,471,472,-2.197802197802198,-101.84615384615384,90.50549450549451,76.48351648351648,-2.241758241758242,0.6164383561643836,-1.619119644165039,-102.19659423828125,89.71002197265625,78.03520965576172,-2.3910303115844727,0.5273430943489075
056_brown,put the brown cylinder on the tray,20,1,444,18.13,1788426900.5141847,00019_front_put_the_brown_cylinder_on_the_tray.png,00019_wrist_put_the_brown_cylinder_on_the_tray.png,recap.png,50,1,472,473,-2.197802197802198,-101.84615384615384,90.50549450549451,76.48351648351648,-2.241758241758242,0.6164383561643836,-1.5413475036621094,-102.20267486572266,89.31773376464844,77.83213806152344,-2.4443397521972656,0.5174853801727295
056_brown,put the brown cylinder on the tray,20,1,444,18.13,1788426900.5141847,00019_front_put_the_brown_cylinder_on_the_tray.png,00019_wrist_put_the_brown_cylinder_on_the_tray.png,recap.png,50,2,473,474,-2.197802197802198,-101.84615384615384,90.50549450549451,76.48351648351648,-2.241758241758242,0.6164383561643836,-1.4559326171875,-102.01325988769531,89.76361083984375,77.93638610839844,-2.3691492080688477,0.3930828869342804
056_brown,put the brown cylinder on the tray,20,1,444,18.13,1788426900.5141847,00019_front_put_the_brown_cylinder_on_the_tray.png,00019_wrist_put_the_brown_cylinder_on_the_tray.png,recap.png,50,3,474,475,-2.197802197802198,-101.84615384615384,90.50549450549451,76.48351648351648,-2.241758241758242,0.6164383561643836,-1.6436424255371094,-102.64794158935547,89.62376403808594,77.8597183227539,-2.3110151290893555,0.41327103972435
056_brown,put the brown cylinder on the tray,20,1,444,18.13,1788426900.5141847,00019_front_put_the_brown_cylinder_on_the_tray.png,00019_wrist_put_the_brown_cylinder_on_the_tray.png,recap.png,50,4,475,476,-2.197802197802198,-101.84615384615384,90.50549450549451,76.48351648351648,-2.241758241758242,0.6164383561643836,-1.5966911315917969,-102.01885223388672,89.44117736816406,77.79413604736328,-2.385922431945801,0.5971291065216064
056_brown,put the brown cylinder on the tray,20,1,444,18.13,1788426900.5141847,00019_front_put_the_brown_cylinder_on_the_tray.png,00019_wrist_put_the_brown_cylinder_on_the_tray.png,recap.png,50,5,476,477,-2.197802197802198,-101.84615384615384,90.50549450549451,76.48351648351648,-2.241758241758242,0.6164383561643836,-1.5897541046142578,-102.18827056884766,89.93698120117188,77.76189422607422,-2.381068229675293,0.33888065814971924
056_brown,put the brown cylinder on the tray,20,1,444,18.13,1788426900.5141847,00019_front_put_the_brown_cylinder_on_the_tray.png,00019_wrist_put_the_brown_cylinder_on_the_tray.png,recap.png,50,6,477,478,-2.197802197802198,-101.84615384615384,90.50549450549451,76.48351648351648,-2.241758241758242,0.6164383561643836,-1.429473876953125,-101.66812133789062,89.79953002929688,77.8730239868164,-2.336430549621582,0.526682436466217
056_brown,put the brown cylinder on the tray,20,1,444,18.13,1788426900.5141847,00019_front_put_the_brown_cylinder_on_the_tray.png,00019_wrist_put_the_brown_cylinder_on_the_tray.png,recap.png,50,7,478,479,-2.197802197802198,-101.84615384615384,90.50549450549451,76.48351648351648,-2.241758241758242,0.6164383561643836,-1.6268672943115234,-102.3838882446289,90.02461242675781,77.7444839477539,-2.3609142303466797,0.5493942499160767
056_brown,put the brown cylinder on the tray,20,1,444,18.13,1788426900.5141847,00019_front_put_the_brown_cylinder_on_the_tray.png,00019_wrist_put_the_brown_cylinder_on_the_tray.png,recap.png,50,8,479,480,-2.197802197802198,-101.84615384615384,90.50549450549451,76.48351648351648,-2.241758241758242,0.6164383561643836,-1.7415637969970703,-101.79876708984375,89.72604370117188,77.91089630126953,-2.3540401458740234,0.5024815201759338
056_brown,put the brown cylinder on the tray,20,1,444,18.13,1788426900.5141847,00019_front_put_the_brown_cylinder_on_the_tray.png,00019_wrist_put_the_brown_cylinder_on_the_tray.png,recap.png,50,9,480,481,-2.197802197802198,-101.84615384615384,90.50549450549451,76.48351648351648,-2.241758241758242,0.6164383561643836,-1.4705924987792969,-102.43888854980469,89.82179260253906,77.70247650146484,-2.368999481201172,0.43349745869636536
056_brown,put the brown cylinder on the tray,20,1,444,18.13,1788426900.5141847,00019_front_put_the_brown_cylinder_on_the_tray.png,00019_wrist_put_the_brown_cylinder_on_the_tray.png,recap.png,50,10,481,482,-2.197802197802198,-101.84615384615384,90.50549450549451,76.48351648351648,-2.241758241758242,0.6164383561643836,-1.6467170715332031,-102.14595031738281,89.8787841796875,77.81188201904297,-2.375965118408203,0.506739616394043
056_brown,put the brown cylinder on the tray,20,1,444,18.13,1788426900.5141847,00019_front_put_the_brown_cylinder_on_the_tray.png,00019_wrist_put_the_brown_cylinder_on_the_tray.png,recap.png,50,11,482,483,-2.197802197802198,-101.84615384615384,90.50549450549451,76.48351648351648,-2.241758241758242,0.6164383561643836,-1.6021556854248047,-101.8343734741211,89.49234008789062,77.7860107421875,-2.3494443893432617,0.47385889291763306
056_brown,put the brown cylinder on the tray,20,1,444,18.13,1788426900.5141847,00019_front_put_the_brown_cylinder_on_the_tray.png,00019_wrist_put_the_brown_cylinder_on_the_tray.png,recap.png,50,12,483,484,-2.197802197802198,-101.84615384615384,90.50549450549451,76.48351648351648,-2.241758241758242,0.6164383561643836,-1.6139698028564453,-102.13059997558594,89.79624938964844,77.740234375,-2.347529411315918,0.4015747308731079
056_brown,put the brown cylinder on the tray,20,1,444,18.13,1788426900.5141847,00019_front_put_the_brown_cylinder_on_the_tray.png,00019_wrist_put_the_brown_cylinder_on_the_tray.png,recap.png,50,13,484,485,-2.197802197802198,-101.84615384615384,90.50549450549451,76.48351648351648,-2.241758241758242,0.6164383561643836,-1.5534782409667969,-101.84612274169922,90.05381774902344,77.7514419555664,-2.3824462890625,0.43785223364830017
056_brown,put the brown cylinder on the tray,20,1,444,18.13,1788426900.5141847,00019_front_put_the_brown_cylinder_on_the_tray.png,00019_wrist_put_the_brown_cylinder_on_the_tray.png,recap.png,50,14,485,486,-2.197802197802198,-101.84615384615384,90.50549450549451,76.48351648351648,-2.241758241758242,0.6164383561643836,-1.6130256652832031,-102.2565689086914,90.33651733398438,77.86345672607422,-2.2928171157836914,0.47116634249687195
056_brown,put the brown cylinder on the tray,20,1,444,18.13,1788426900.5141847,00019_front_put_the_brown_cylinder_on_the_tray.png,00019_wrist_put_the_brown_cylinder_on_the_tray.png,recap.png,50,15,486,487,-2.197802197802198,-101.84615384615384,90.50549450549451,76.48351648351648,-2.241758241758242,0.6164383561643836,-1.3369178771972656,-102.15628814697266,89.66744995117188,77.84262084960938,-2.413969039916992,0.45974937081336975
056_brown,put the brown cylinder on the tray,20,1,444,18.13,1788426900.5141847,00019_front_put_the_brown_cylinder_on_the_tray.png,00019_wrist_put_the_brown_cylinder_on_the_tray.png,recap.png,50,16,487,488,-2.197802197802198,-101.84615384615384,90.50549450549451,76.48351648351648,-2.241758241758242,0.6164383561643836,-1.6592273712158203,-102.67306518554688,89.5576171875,77.6757583618164,-2.4170351028442383,0.4425490200519562
056_brown,put the brown cylinder on the tray,20,1,444,18.13,1788426900.5141847,00019_front_put_the_brown_cylinder_on_the_tray.png,00019_wrist_put_the_brown_cylinder_on_the_tray.png,recap.png,50,17,488,489,-2.197802197802198,-101.84615384615384,90.50549450549451,76.48351648351648,-2.241758241758242,0.6164383561643836,-1.5853691101074219,-101.95030212402344,89.85350036621094,77.72027587890625,-2.3978443145751953,0.5196319818496704
056_brown,put the brown cylinder on the tray,20,1,444,18.13,1788426900.5141847,00019_front_put_the_brown_cylinder_on_the_tray.png,00019_wrist_put_the_brown_cylinder_on_the_tray.png,recap.png,50,18,489,490,-2.197802197802198,-101.84615384615384,90.50549450549451,76.48351648351648,-2.241758241758242,0.6164383561643836,-1.5938358306884766,-102.15887451171875,89.78952026367188,77.79985046386719,-2.4568052291870117,0.43144750595092773
056_brown,put the brown cylinder on the tray,20,1,444,18.13,1788426900.5141847,00019_front_put_the_brown_cylinder_on_the_tray.png,00019_wrist_put_the_brown_cylinder_on_the_tray.png,recap.png,50,19,490,491,-2.197802197802198,-101.84615384615384,90.50549450549451,76.48351648351648,-2.241758241758242,0.6164383561643836,-1.6254768371582031,-101.89322662353516,89.84391784667969,77.85030364990234,-2.4168033599853516,0.5651745200157166
056_brown,put the brown cylinder on the tray,20,1,444,18.13,1788426900.5141847,00019_front_put_the_brown_cylinder_on_the_tray.png,00019_wrist_put_the_brown_cylinder_on_the_tray.png,recap.png,50,20,491,492,-2.197802197802198,-101.84615384615384,90.50549450549451,76.48351648351648,-2.241758241758242,0.6164383561643836,-1.5289058685302734,-101.905029296875,89.08282470703125,77.71434783935547,-2.4110469818115234,0.43365252017974854
056_brown,put the brown cylinder on the tray,20,1,444,18.13,1788426900.5141847,00019_front_put_the_brown_cylinder_on_the_tray.png,00019_wrist_put_the_brown_cylinder_on_the_tray.png,recap.png,50,21,492,493,-2.197802197802198,-101.84615384615384,90.50549450549451,76.48351648351648,-2.241758241758242,0.6164383561643836,-1.572702407836914,-102.26716613769531,89.870849609375,77.86942291259766,-2.3439369201660156,0.44349750876426697
056_brown,put the brown cylinder on the tray,20,1,444,18.13,1788426900.5141847,00019_front_put_the_brown_cylinder_on_the_tray.png,00019_wrist_put_the_brown_cylinder_on_the_tray.png,recap.png,50,22,493,494,-2.197802197802198,-101.84615384615384,90.50549450549451,76.48351648351648,-2.241758241758242,0.6164383561643836,-1.6599102020263672,-102.06855773925781,89.38795471191406,77.87501525878906,-2.451357841491699,0.5564543008804321
056_brown,put the brown cylinder on the tray,21,0,469,19.0,1788426901.3831716,00020_front_put_the_brown_cylinder_on_the_tray.png,00020_wrist_put_the_brown_cylinder_on_the_tray.png,recap.png,50,0,494,495,-3.6043956043956045,-102.10989010989012,89.62637362637362,76.92307692307692,-1.978021978021978,0.410958904109589,-3.1875782012939453,-101.63382720947266,89.78253173828125,78.15338134765625,-2.01895809173584,0.46889442205429077
056_brown,put the brown cylinder on the tray,21,0,469,19.0,1788426901.3831716,00020_front_put_the_brown_cylinder_on_the_tray.png,00020_wrist_put_the_brown_cylinder_on_the_tray.png,recap.png,50,1,495,496,-3.6043956043956045,-102.10989010989012,89.62637362637362,76.92307692307692,-1.978021978021978,0.410958904109589,-3.152721405029297,-101.91048431396484,88.56277465820312,77.9669418334961,-2.005732536315918,0.4591641426086426
056_brown,put the brown cylinder on the tray,21,0,469,19.0,1788426901.3831716,00020_front_put_the_brown_cylinder_on_the_tray.png,00020_wrist_put_the_brown_cylinder_on_the_tray.png,recap.png,50,2,496,497,-3.6043956043956045,-102.10989010989012,89.62637362637362,76.92307692307692,-1.978021978021978,0.410958904109589,-3.3591651916503906,-101.45147705078125,89.25889587402344,78.02546691894531,-2.0731334686279297,0.6203539371490479
056_brown,put the brown cylinder on the tray,21,0,469,19.0,1788426901.3831716,00020_front_put_the_brown_cylinder_on_the_tray.png,00020_wrist_put_the_brown_cylinder_on_the_tray.png,recap.png,50,3,497,498,-3.6043956043956045,-102.10989010989012,89.62637362637362,76.92307692307692,-1.978021978021978,0.410958904109589,-3.123380661010742,-101.4119873046875,89.1712646484375,78.0519027709961,-2.004659652709961,0.5286272764205933
056_brown,put the brown cylinder on the tray,21,0,469,19.0,1788426901.3831716,00020_front_put_the_brown_cylinder_on_the_tray.png,00020_wrist_put_the_brown_cylinder_on_the_tray.png,recap.png,50,4,498,499,-3.6043956043956045,-102.10989010989012,89.62637362637362,76.92307692307692,-1.978021978021978,0.410958904109589,-3.330249786376953,-102.16280364990234,89.38008117675781,77.94901275634766,-2.027637481689453,0.47517168521881104
056_brown,put the brown cylinder on the tray,21,0,469,19.0,1788426901.3831716,00020_front_put_the_brown_cylinder_on_the_tray.png,00020_wrist_put_the_brown_cylinder_on_the_tray.png,recap.png,50,5,499,500,-3.6043956043956045,-102.10989010989012,89.62637362637362,76.92307692307692,-1.978021978021978,0.410958904109589,-3.1311988830566406,-101.91958618164062,89.42787170410156,77.97392272949219,-2.0795021057128906,0.5186547636985779
056_brown,put the brown cylinder on the tray,21,0,469,19.0,1788426901.3831716,00020_front_put_the_brown_cylinder_on_the_tray.png,00020_wrist_put_the_brown_cylinder_on_the_tray.png,recap.png,50,6,500,501,-3.6043956043956045,-102.10989010989012,89.62637362637362,76.92307692307692,-1.978021978021978,0.410958904109589,-3.146472930908203,-101.84904479980469,89.57925415039062,78.06964874267578,-1.980733871459961,0.40461352467536926
056_brown,put the brown cylinder on the tray,21,0,469,19.0,1788426901.3831716,00020_front_put_the_brown_cylinder_on_the_tray.png,00020_wrist_put_the_brown_cylinder_on_the_tray.png,recap.png,50,7,501,502,-3.6043956043956045,-102.10989010989012,89.62637362637362,76.92307692307692,-1.978021978021978,0.410958904109589,-3.270366668701172,-101.81978607177734,88.84085083007812,77.74937438964844,-2.005457878112793,0.5783185362815857
056_brown,put the brown cylinder on the tray,21,0,469,19.0,1788426901.3831716,00020_front_put_the_brown_cylinder_on_the_tray.png,00020_wrist_put_the_brown_cylinder_on_the_tray.png,recap.png,50,8,502,503,-3.6043956043956045,-102.10989010989012,89.62637362637362,76.92307692307692,-1.978021978021978,0.410958904109589,-3.071371078491211,-101.55900573730469,89.24140930175781,78.1553726196289,-1.9849910736083984,0.5481218099594116
056_brown,put the brown cylinder on the tray,21,0,469,19.0,1788426901.3831716,00020_front_put_the_brown_cylinder_on_the_tray.png,00020_wrist_put_the_brown_cylinder_on_the_tray.png,recap.png,50,9,503,504,-3.6043956043956045,-102.10989010989012,89.62637362637362,76.92307692307692,-1.978021978021978,0.410958904109589,-3.2257080078125,-101.91304779052734,89.48445129394531,78.0243911743164,-2.018446922302246,0.5659774541854858
056_brown,put the brown cylinder on the tray,21,0,469,19.0,1788426901.3831716,00020_front_put_the_brown_cylinder_on_the_tray.png,00020_wrist_put_the_brown_cylinder_on_the_tray.png,recap.png,50,10,504,505,-3.6043956043956045,-102.10989010989012,89.62637362637362,76.92307692307692,-1.978021978021978,0.410958904109589,-3.081789016723633,-102.03690338134766,89.39300537109375,77.9662094116211,-1.9954242706298828,0.5217041969299316
056_brown,put the brown cylinder on the tray,21,0,469,19.0,1788426901.3831716,00020_front_put_the_brown_cylinder_on_the_tray.png,00020_wrist_put_the_brown_cylinder_on_the_tray.png,recap.png,50,11,505,506,-3.6043956043956045,-102.10989010989012,89.62637362637362,76.92307692307692,-1.978021978021978,0.410958904109589,-3.107004165649414,-101.88560485839844,89.4637451171875,77.86841583251953,-2.026726722717285,0.5686306953430176
056_brown,put the brown cylinder on the tray,21,0,469,19.0,1788426901.3831716,00020_front_put_the_brown_cylinder_on_the_tray.png,00020_wrist_put_the_brown_cylinder_on_the_tray.png,recap.png,50,12,506,507,-3.6043956043956045,-102.10989010989012,89.62637362637362,76.92307692307692,-1.978021978021978,0.410958904109589,-3.3008556365966797,-102.16580963134766,89.9267578125,77.92904663085938,-2.004446029663086,0.6257336735725403
056_brown,put the brown cylinder on the tray,21,0,469,19.0,1788426901.3831716,00020_front_put_the_brown_cylinder_on_the_tray.png,00020_wrist_put_the_brown_cylinder_on_the_tray.png,recap.png,50,13,507,508,-3.6043956043956045,-102.10989010989012,89.62637362637362,76.92307692307692,-1.978021978021978,0.410958904109589,-3.11517333984375,-102.02250671386719,89.48606872558594,77.97624206542969,-2.0195484161376953,0.48995354771614075
056_brown,put the brown cylinder on the tray,21,0,469,19.0,1788426901.3831716,00020_front_put_the_brown_cylinder_on_the_tray.png,00020_wrist_put_the_brown_cylinder_on_the_tray.png,recap.png,50,14,508,509,-3.6043956043956045,-102.10989010989012,89.62637362637362,76.92307692307692,-1.978021978021978,0.410958904109589,-2.9598217010498047,-101.74736022949219,89.33712768554688,77.93799591064453,-1.9851856231689453,0.3906983733177185
056_brown,put the brown cylinder on the tray,21,0,469,19.0,1788426901.3831716,00020_front_put_the_brown_cylinder_on_the_tray.png,00020_wrist_put_the_brown_cylinder_on_the_tray.png,recap.png,50,15,509,510,-3.6043956043956045,-102.10989010989012,89.62637362637362,76.92307692307692,-1.978021978021978,0.410958904109589,-3.1387863159179688,-101.90180206298828,89.40902709960938,77.99381256103516,-2.079869270324707,0.5832564830780029
056_brown,put the brown cylinder on the tray,21,0,469,19.0,1788426901.3831716,00020_front_put_the_brown_cylinder_on_the_tray.png,00020_wrist_put_the_brown_cylinder_on_the_tray.png,recap.png,50,16,510,511,-3.6043956043956045,-102.10989010989012,89.62637362637362,76.92307692307692,-1.978021978021978,0.410958904109589,-3.2917442321777344,-101.67672729492188,89.27166748046875,78.21360778808594,-2.04327392578125,0.5409884452819824
056_brown,put the brown cylinder on the tray,21,0,469,19.0,1788426901.3831716,00020_front_put_the_brown_cylinder_on_the_tray.png,00020_wrist_put_the_brown_cylinder_on_the_tray.png,recap.png,50,17,511,512,-3.6043956043956045,-102.10989010989012,89.62637362637362,76.92307692307692,-1.978021978021978,0.410958904109589,-2.9114761352539062,-101.93631744384766,89.74594116210938,77.89241027832031,-2.098440170288086,0.5008989572525024
056_brown,put the brown cylinder on the tray,21,0,469,19.0,1788426901.3831716,00020_front_put_the_brown_cylinder_on_the_tray.png,00020_wrist_put_the_brown_cylinder_on_the_tray.png,recap.png,50,18,512,513,-3.6043956043956045,-102.10989010989012,89.62637362637362,76.92307692307692,-1.978021978021978,0.410958904109589,-3.4046154022216797,-101.86534118652344,89.07391357421875,77.82630157470703,-2.059152603149414,0.5327377319335938
056_brown,put the brown cylinder on the tray,21,0,469,19.0,1788426901.3831716,00020_front_put_the_brown_cylinder_on_the_tray.png,00020_wrist_put_the_brown_cylinder_on_the_tray.png,recap.png,50,19,513,514,-3.6043956043956045,-102.10989010989012,89.62637362637362,76.92307692307692,-1.978021978021978,0.410958904109589,-3.218975067138672,-101.6845932006836,89.44180297851562,78.04232788085938,-2.0665454864501953,0.5786966681480408
056_brown,put the brown cylinder on the tray,21,0,469,19.0,1788426901.3831716,00020_front_put_the_brown_cylinder_on_the_tray.png,00020_wrist_put_the_brown_cylinder_on_the_tray.png,recap.png,50,20,514,515,-3.6043956043956045,-102.10989010989012,89.62637362637362,76.92307692307692,-1.978021978021978,0.410958904109589,-3.287961959838867,-101.75694274902344,89.76544189453125,78.19404602050781,-2.0066003799438477,0.4788159132003784
056_brown,put the brown cylinder on the tray,21,0,469,19.0,1788426901.3831716,00020_front_put_the_brown_cylinder_on_the_tray.png,00020_wrist_put_the_brown_cylinder_on_the_tray.png,recap.png,50,21,515,516,-3.6043956043956045,-102.10989010989012,89.62637362637362,76.92307692307692,-1.978021978021978,0.410958904109589,-3.404071807861328,-102.0789794921875,89.37748718261719,77.93531799316406,-2.080471992492676,0.5613274574279785
056_brown,put the brown cylinder on the tray,21,0,469,19.0,1788426901.3831716,00020_front_put_the_brown_cylinder_on_the_tray.png,00020_wrist_put_the_brown_cylinder_on_the_tray.png,recap.png,50,22,516,517,-3.6043956043956045,-102.10989010989012,89.62637362637362,76.92307692307692,-1.978021978021978,0.410958904109589,-3.224597930908203,-102.04395294189453,89.50961303710938,78.00245666503906,-2.021503448486328,0.4968287944793701
056_brown,put the brown cylinder on the tray,21,0,469,19.0,1788426901.3831716,00020_front_put_the_brown_cylinder_on_the_tray.png,00020_wrist_put_the_brown_cylinder_on_the_tray.png,recap.png,50,23,517,518,-3.6043956043956045,-102.10989010989012,89.62637362637362,76.92307692307692,-1.978021978021978,0.410958904109589,-3.505899429321289,-101.58552551269531,89.62705993652344,77.7885971069336,-2.1056623458862305,0.3418174982070923
056_brown,put the brown cylinder on the tray,21,0,469,19.0,1788426901.3831716,00020_front_put_the_brown_cylinder_on_the_tray.png,00020_wrist_put_the_brown_cylinder_on_the_tray.png,recap.png,50,24,518,519,-3.6043956043956045,-102.10989010989012,89.62637362637362,76.92307692307692,-1.978021978021978,0.410958904109589,-3.598052978515625,-101.72188568115234,89.63496398925781,77.92269134521484,-2.0055532455444336,0.615230143070221
056_brown,put the brown cylinder on the tray,22,0,493,19.802,1788426902.186207,00021_front_put_the_brown_cylinder_on_the_tray.png,00021_wrist_put_the_brown_cylinder_on_the_tray.png,recap.png,50,0,519,520,-2.021978021978022,-102.10989010989012,89.71428571428571,76.92307692307692,-1.978021978021978,0.410958904109589,-1.3715057373046875,-102.85899353027344,88.90525817871094,77.70264434814453,-2.2129554748535156,0.4626331031322479
056_brown,put the brown cylinder on the tray,22,0,493,19.802,1788426902.186207,00021_front_put_the_brown_cylinder_on_the_tray.png,00021_wrist_put_the_brown_cylinder_on_the_tray.png,recap.png,50,1,520,521,-2.021978021978022,-102.10989010989012,89.71428571428571,76.92307692307692,-1.978021978021978,0.410958904109589,-1.5556449890136719,-102.64786529541016,89.85733032226562,77.77200317382812,-2.3523740768432617,0.4459362030029297
056_brown,put the brown cylinder on the tray,22,0,493,19.802,1788426902.186207,00021_front_put_the_brown_cylinder_on_the_tray.png,00021_wrist_put_the_brown_cylinder_on_the_tray.png,recap.png,50,2,521,522,-2.021978021978022,-102.10989010989012,89.71428571428571,76.92307692307692,-1.978021978021978,0.410958904109589,-1.447662353515625,-102.43934631347656,89.42633056640625,77.580322265625,-2.3150014877319336,0.5277838706970215
056_brown,put the brown cylinder on the tray,22,0,493,19.802,1788426902.186207,00021_front_put_the_brown_cylinder_on_the_tray.png,00021_wrist_put_the_brown_cylinder_on_the_tray.png,recap.png,50,3,522,523,-2.021978021978022,-102.10989010989012,89.71428571428571,76.92307692307692,-1.978021978021978,0.410958904109589,-1.3988780975341797,-102.20266723632812,89.59196472167969,77.75028991699219,-2.297207832336426,0.5588643550872803
056_brown,put the brown cylinder on the tray,22,0,493,19.802,1788426902.186207,00021_front_put_the_brown_cylinder_on_the_tray.png,00021_wrist_put_the_brown_cylinder_on_the_tray.png,recap.png,50,4,523,524,-2.021978021978022,-102.10989010989012,89.71428571428571,76.92307692307692,-1.978021978021978,0.410958904109589,-1.5772018432617188,-101.75157928466797,89.90713500976562,77.5904769897461,-2.398545265197754,0.5111358165740967
056_brown,put the brown cylinder on the tray,22,0,493,19.802,1788426902.186207,00021_front_put_the_brown_cylinder_on_the_tray.png,00021_wrist_put_the_brown_cylinder_on_the_tray.png,recap.png,50,5,524,525,-2.021978021978022,-102.10989010989012,89.71428571428571,76.92307692307692,-1.978021978021978,0.410958904109589,-1.453176498413086,-102.16720581054688,90.30203247070312,77.59455871582031,-2.2478370666503906,0.42881977558135986
056_brown,put the brown cylinder on the tray,22,0,493,19.802,1788426902.186207,00021_front_put_the_brown_cylinder_on_the_tray.png,00021_wrist_put_the_brown_cylinder_on_the_tray.png,recap.png,50,6,525,526,-2.021978021978022,-102.10989010989012,89.71428571428571,76.92307692307692,-1.978021978021978,0.410958904109589,-1.5932559967041016,-102.57858276367188,89.6484375,77.54009246826172,-2.2617387771606445,0.39181894063949585
056_brown,put the brown cylinder on the tray,22,0,493,19.802,1788426902.186207,00021_front_put_the_brown_cylinder_on_the_tray.png,00021_wrist_put_the_brown_cylinder_on_the_tray.png,recap.png,50,7,526,527,-2.021978021978022,-102.10989010989012,89.71428571428571,76.92307692307692,-1.978021978021978,0.410958904109589,-1.4924907684326172,-102.08650207519531,89.79261779785156,77.69706726074219,-2.17202091217041,0.5179888010025024
056_brown,put the brown cylinder on the tray,22,0,493,19.802,1788426902.186207,00021_front_put_the_brown_cylinder_on_the_tray.png,00021_wrist_put_the_brown_cylinder_on_the_tray.png,recap.png,50,8,527,528,-2.021978021978022,-102.10989010989012,89.71428571428571,76.92307692307692,-1.978021978021978,0.410958904109589,-1.6416683197021484,-102.32307434082031,90.33695983886719,77.6566162109375,-2.1601381301879883,0.5769186019897461
056_brown,put the brown cylinder on the tray,22,0,493,19.802,1788426902.186207,00021_front_put_the_brown_cylinder_on_the_tray.png,00021_wrist_put_the_brown_cylinder_on_the_tray.png,recap.png,50,9,528,529,-2.021978021978022,-102.10989010989012,89.71428571428571,76.92307692307692,-1.978021978021978,0.410958904109589,-1.5400962829589844,-102.18486022949219,88.94692993164062,77.69467163085938,-2.2490224838256836,0.4370938539505005
056_brown,put the brown cylinder on the tray,22,0,493,19.802,1788426902.186207,00021_front_put_the_brown_cylinder_on_the_tray.png,00021_wrist_put_the_brown_cylinder_on_the_tray.png,recap.png,50,10,529,530,-2.021978021978022,-102.10989010989012,89.71428571428571,76.92307692307692,-1.978021978021978,0.410958904109589,-1.7910938262939453,-102.9111557006836,89.46658325195312,77.6548080444336,-2.1978578567504883,0.48257163166999817
056_brown,put the brown cylinder on the tray,22,0,493,19.802,1788426902.186207,00021_front_put_the_brown_cylinder_on_the_tray.png,00021_wrist_put_the_brown_cylinder_on_the_tray.png,recap.png,50,11,530,531,-2.021978021978022,-102.10989010989012,89.71428571428571,76.92307692307692,-1.978021978021978,0.410958904109589,-1.3831062316894531,-102.41716766357422,89.551025390625,77.50044250488281,-2.2237253189086914,0.46270743012428284
056_brown,put the brown cylinder on the tray,22,0,493,19.802,1788426902.186207,00021_front_put_the_brown_cylinder_on_the_tray.png,00021_wrist_put_the_brown_cylinder_on_the_tray.png,recap.png,50,12,531,532,-2.021978021978022,-102.10989010989012,89.71428571428571,76.92307692307692,-1.978021978021978,0.410958904109589,-1.5943050384521484,-102.19119262695312,89.62657165527344,77.65017700195312,-2.1533117294311523,0.6588650941848755
056_brown,put the brown cylinder on the tray,22,0,493,19.802,1788426902.186207,00021_front_put_the_brown_cylinder_on_the_tray.png,00021_wrist_put_the_brown_cylinder_on_the_tray.png,recap.png,50,13,532,533,-2.021978021978022,-102.10989010989012,89.71428571428571,76.92307692307692,-1.978021978021978,0.410958904109589,-1.6998977661132812,-102.08071899414062,89.3671875,77.68553161621094,-2.218832015991211,0.4564099907875061
056_brown,put the brown cylinder on the tray,22,0,493,19.802,1788426902.186207,00021_front_put_the_brown_cylinder_on_the_tray.png,00021_wrist_put_the_brown_cylinder_on_the_tray.png,recap.png,50,14,533,534,-2.021978021978022,-102.10989010989012,89.71428571428571,76.92307692307692,-1.978021978021978,0.410958904109589,-1.6056022644042969,-101.98016357421875,89.31591796875,77.54540252685547,-2.1807565689086914,0.4687786400318146
056_brown,put the brown cylinder on the tray,22,0,493,19.802,1788426902.186207,00021_front_put_the_brown_cylinder_on_the_tray.png,00021_wrist_put_the_brown_cylinder_on_the_tray.png,recap.png,50,15,534,535,-2.021978021978022,-102.10989010989012,89.71428571428571,76.92307692307692,-1.978021978021978,0.410958904109589,-1.7310447692871094,-102.03244018554688,89.87582397460938,77.54278564453125,-2.291632652282715,0.5365497469902039
056_brown,put the brown cylinder on the tray,22,0,493,19.802,1788426902.186207,00021_front_put_the_brown_cylinder_on_the_tray.png,00021_wrist_put_the_brown_cylinder_on_the_tray.png,recap.png,50,16,535,536,-2.021978021978022,-102.10989010989012,89.71428571428571,76.92307692307692,-1.978021978021978,0.410958904109589,-1.5991458892822266,-102.15540313720703,88.98831176757812,77.83698272705078,-2.1535940170288086,0.4072093963623047
056_brown,put the brown cylinder on the tray,22,0,493,19.802,1788426902.186207,00021_front_put_the_brown_cylinder_on_the_tray.png,00021_wrist_put_the_brown_cylinder_on_the_tray.png,recap.png,50,17,536,537,-2.021978021978022,-102.10989010989012,89.71428571428571,76.92307692307692,-1.978021978021978,0.410958904109589,-1.656118392944336,-102.40696716308594,89.65238952636719,77.70620727539062,-2.249349594116211,0.41940492391586304
056_brown,put the brown cylinder on the tray,22,0,493,19.802,1788426902.186207,00021_front_put_the_brown_cylinder_on_the_tray.png,00021_wrist_put_the_brown_cylinder_on_the_tray.png,recap.png,50,18,537,538,-2.021978021978022,-102.10989010989012,89.71428571428571,76.92307692307692,-1.978021978021978,0.410958904109589,-1.594635009765625,-102.50581359863281,89.05455017089844,77.71099853515625,-2.055180549621582,0.48553183674812317
056_brown,put the brown cylinder on the tray,22,0,493,19.802,1788426902.186207,00021_front_put_the_brown_cylinder_on_the_tray.png,00021_wrist_put_the_brown_cylinder_on_the_tray.png,recap.png,50,19,538,539,-2.021978021978022,-102.10989010989012,89.71428571428571,76.92307692307692,-1.978021978021978,0.410958904109589,-1.758310317993164,-101.37567901611328,89.24850463867188,77.66059875488281,-2.291335105895996,0.4833087623119354
056_brown,put the brown cylinder on the tray,22,0,493,19.802,1788426902.186207,00021_front_put_the_brown_cylinder_on_the_tray.png,00021_wrist_put_the_brown_cylinder_on_the_tray.png,recap.png,50,20,539,540,-2.021978021978022,-102.10989010989012,89.71428571428571,76.92307692307692,-1.978021978021978,0.410958904109589,-1.6796989440917969,-102.0577392578125,89.51173400878906,77.82881164550781,-2.2110376358032227,0.48869064450263977
056_brown,put the brown cylinder on the tray,22,0,493,19.802,1788426902.186207,00021_front_put_the_brown_cylinder_on_the_tray.png,00021_wrist_put_the_brown_cylinder_on_the_tray.png,recap.png,50,21,540,541,-2.021978021978022,-102.10989010989012,89.71428571428571,76.92307692307692,-1.978021978021978,0.410958904109589,-1.691579818725586,-102.01737213134766,89.59494018554688,77.63935852050781,-2.2675609588623047,0.48081591725349426
056_brown,put the brown cylinder on the tray,22,0,493,19.802,1788426902.186207,00021_front_put_the_brown_cylinder_on_the_tray.png,00021_wrist_put_the_brown_cylinder_on_the_tray.png,recap.png,50,22,541,542,-2.021978021978022,-102.10989010989012,89.71428571428571,76.92307692307692,-1.978021978021978,0.410958904109589,-1.3479175567626953,-102.50405883789062,89.43269348144531,77.8955078125,-2.205625534057617,0.5011793375015259
056_brown,put the brown cylinder on the tray,22,0,493,19.802,1788426902.186207,00021_front_put_the_brown_cylinder_on_the_tray.png,00021_wrist_put_the_brown_cylinder_on_the_tray.png,recap.png,50,23,542,543,-2.021978021978022,-102.10989010989012,89.71428571428571,76.92307692307692,-1.978021978021978,0.410958904109589,-1.4920425415039062,-102.13021850585938,89.4383544921875,77.87254333496094,-2.2335100173950195,0.38856878876686096
056_brown,put the brown cylinder on the tray,23,1,518,20.739,1788426903.1225,00022_front_put_the_brown_cylinder_on_the_tray.png,00022_wrist_put_the_brown_cylinder_on_the_tray.png,recap.png,50,0,543,544,-3.2527472527472527,-102.10989010989012,89.71428571428571,76.92307692307692,-1.978021978021978,0.3424657534246575,-2.290140151977539,-102.13382720947266,88.75093078613281,78.02540588378906,-2.0790529251098633,0.3828289806842804
056_brown,put the brown cylinder on the tray,23,1,518,20.739,1788426903.1225,00022_front_put_the_brown_cylinder_on_the_tray.png,00022_wrist_put_the_brown_cylinder_on_the_tray.png,recap.png,50,1,544,545,-3.2527472527472527,-102.10989010989012,89.71428571428571,76.92307692307692,-1.978021978021978,0.3424657534246575,-2.5508079528808594,-101.93732452392578,89.35084533691406,78.04039001464844,-2.0898475646972656,0.38869625329971313
056_brown,put the brown cylinder on the tray,23,1,518,20.739,1788426903.1225,00022_front_put_the_brown_cylinder_on_the_tray.png,00022_wrist_put_the_brown_cylinder_on_the_tray.png,recap.png,50,2,545,546,-3.2527472527472527,-102.10989010989012,89.71428571428571,76.92307692307692,-1.978021978021978,0.3424657534246575,-2.3176326751708984,-102.13551330566406,89.22853088378906,78.00534057617188,-2.1216373443603516,0.31558042764663696
056_brown,put the brown cylinder on the tray,23,1,518,20.739,1788426903.1225,00022_front_put_the_brown_cylinder_on_the_tray.png,00022_wrist_put_the_brown_cylinder_on_the_tray.png,recap.png,50,3,546,547,-3.2527472527472527,-102.10989010989012,89.71428571428571,76.92307692307692,-1.978021978021978,0.3424657534246575,-2.2960948944091797,-102.15584564208984,89.31986999511719,78.17133331298828,-2.076549530029297,0.43284422159194946
056_brown,put the brown cylinder on the tray,23,1,518,20.739,1788426903.1225,00022_front_put_the_brown_cylinder_on_the_tray.png,00022_wrist_put_the_brown_cylinder_on_the_tray.png,recap.png,50,4,547,548,-3.2527472527472527,-102.10989010989012,89.71428571428571,76.92307692307692,-1.978021978021978,0.3424657534246575,-2.427824020385742,-101.5976333618164,89.26161193847656,77.97125244140625,-2.112285614013672,0.37982097268104553
056_brown,put the brown cylinder on the tray,23,1,518,20.739,1788426903.1225,00022_front_put_the_brown_cylinder_on_the_tray.png,00022_wrist_put_the_brown_cylinder_on_the_tray.png,recap.png,50,5,548,549,-3.2527472527472527,-102.10989010989012,89.71428571428571,76.92307692307692,-1.978021978021978,0.3424657534246575,-2.312112808227539,-101.98231506347656,89.35357666015625,78.03436279296875,-2.1203479766845703,0.2737659811973572
056_brown,put the brown cylinder on the tray,23,1,518,20.739,1788426903.1225,00022_front_put_the_brown_cylinder_on_the_tray.png,00022_wrist_put_the_brown_cylinder_on_the_tray.png,recap.png,50,6,549,550,-3.2527472527472527,-102.10989010989012,89.71428571428571,76.92307692307692,-1.978021978021978,0.3424657534246575,-2.214193344116211,-101.63629150390625,88.92816162109375,78.16842651367188,-2.094633102416992,0.3226298689842224
056_brown,put the brown cylinder on the tray,23,1,518,20.739,1788426903.1225,00022_front_put_the_brown_cylinder_on_the_tray.png,00022_wrist_put_the_brown_cylinder_on_the_tray.png,recap.png,50,7,550,551,-3.2527472527472527,-102.10989010989012,89.71428571428571,76.92307692307692,-1.978021978021978,0.3424657534246575,-2.2500133514404297,-101.47242736816406,89.67430114746094,77.94563293457031,-2.121487617492676,0.33114081621170044
056_brown,put the brown cylinder on the tray,23,1,518,20.739,1788426903.1225,00022_front_put_the_brown_cylinder_on_the_tray.png,00022_wrist_put_the_brown_cylinder_on_the_tray.png,recap.png,50,8,551,552,-3.2527472527472527,-102.10989010989012,89.71428571428571,76.92307692307692,-1.978021978021978,0.3424657534246575,-2.4364795684814453,-102.49647521972656,89.37464904785156,77.95362854003906,-2.130579948425293,0.33634957671165466
056_brown,put the brown cylinder on the tray,23,1,518,20.739,1788426903.1225,00022_front_put_the_brown_cylinder_on_the_tray.png,00022_wrist_put_the_brown_cylinder_on_the_tray.png,recap.png,50,9,552,553,-3.2527472527472527,-102.10989010989012,89.71428571428571,76.92307692307692,-1.978021978021978,0.3424657534246575,-2.4467525482177734,-101.3302230834961,89.96209716796875,77.89398956298828,-2.2027292251586914,0.40837350487709045
056_brown,put the brown cylinder on the tray,23,1,518,20.739,1788426903.1225,00022_front_put_the_brown_cylinder_on_the_tray.png,00022_wrist_put_the_brown_cylinder_on_the_tray.png,recap.png,50,10,553,554,-3.2527472527472527,-102.10989010989012,89.71428571428571,76.92307692307692,-1.978021978021978,0.3424657534246575,-2.357501983642578,-102.16571044921875,89.01148986816406,78.08563232421875,-2.0618057250976562,0.42846181988716125
056_brown,put the brown cylinder on the tray,23,1,518,20.739,1788426903.1225,00022_front_put_the_brown_cylinder_on_the_tray.png,00022_wrist_put_the_brown_cylinder_on_the_tray.png,recap.png,50,11,554,555,-3.2527472527472527,-102.10989010989012,89.71428571428571,76.92307692307692,-1.978021978021978,0.3424657534246575,-2.4708824157714844,-102.11415100097656,88.4078369140625,78.07638549804688,-2.0847654342651367,0.2804213762283325
056_brown,put the brown cylinder on the tray,23,1,518,20.739,1788426903.1225,00022_front_put_the_brown_cylinder_on_the_tray.png,00022_wrist_put_the_brown_cylinder_on_the_tray.png,recap.png,50,12,555,556,-3.2527472527472527,-102.10989010989012,89.71428571428571,76.92307692307692,-1.978021978021978,0.3424657534246575,-2.440633773803711,-102.08369445800781,89.34739685058594,78.01651000976562,-2.1574459075927734,0.46724703907966614
056_brown,put the brown cylinder on the tray,23,1,518,20.739,1788426903.1225,00022_front_put_the_brown_cylinder_on_the_tray.png,00022_wrist_put_the_brown_cylinder_on_the_tray.png,recap.png,50,13,556,557,-3.2527472527472527,-102.10989010989012,89.71428571428571,76.92307692307692,-1.978021978021978,0.3424657534246575,-2.517068862915039,-102.86649322509766,89.15542602539062,78.38394927978516,-2.094292640686035,0.3680439293384552
056_brown,put the brown cylinder on the tray,23,1,518,20.739,1788426903.1225,00022_front_put_the_brown_cylinder_on_the_tray.png,00022_wrist_put_the_brown_cylinder_on_the_tray.png,recap.png,50,14,557,558,-3.2527472527472527,-102.10989010989012,89.71428571428571,76.92307692307692,-1.978021978021978,0.3424657534246575,-2.378133773803711,-102.35910034179688,89.46360778808594,78.04380798339844,-2.093942642211914,0.37393245100975037
056_brown,put the brown cylinder on the tray,23,1,518,20.739,1788426903.1225,00022_front_put_the_brown_cylinder_on_the_tray.png,00022_wrist_put_the_brown_cylinder_on_the_tray.png,recap.png,50,15,558,559,-3.2527472527472527,-102.10989010989012,89.71428571428571,76.92307692307692,-1.978021978021978,0.3424657534246575,-2.610391616821289,-101.77244567871094,89.04351806640625,77.90680694580078,-2.1689453125,0.3709680140018463
056_brown,put the brown cylinder on the tray,23,1,518,20.739,1788426903.1225,00022_front_put_the_brown_cylinder_on_the_tray.png,00022_wrist_put_the_brown_cylinder_on_the_tray.png,recap.png,50,16,559,560,-3.2527472527472527,-102.10989010989012,89.71428571428571,76.92307692307692,-1.978021978021978,0.3424657534246575,-2.4504318237304688,-102.56659698486328,88.8779296875,78.11726379394531,-2.072824478149414,0.3941853940486908
056_brown,put the brown cylinder on the tray,23,1,518,20.739,1788426903.1225,00022_front_put_the_brown_cylinder_on_the_tray.png,00022_wrist_put_the_brown_cylinder_on_the_tray.png,recap.png,50,17,560,561,-3.2527472527472527,-102.10989010989012,89.71428571428571,76.92307692307692,-1.978021978021978,0.3424657534246575,-2.590097427368164,-101.92655944824219,88.7816162109375,78.05719757080078,-2.1191415786743164,0.4197288751602173
056_brown,put the brown cylinder on the tray,23,1,518,20.739,1788426903.1225,00022_front_put_the_brown_cylinder_on_the_tray.png,00022_wrist_put_the_brown_cylinder_on_the_tray.png,recap.png,50,18,561,562,-3.2527472527472527,-102.10989010989012,89.71428571428571,76.92307692307692,-1.978021978021978,0.3424657534246575,-2.6894397735595703,-102.1385498046875,89.16371154785156,77.92120361328125,-2.123805046081543,0.403463214635849
056_brown,put the brown cylinder on the tray,23,1,518,20.739,1788426903.1225,00022_front_put_the_brown_cylinder_on_the_tray.png,00022_wrist_put_the_brown_cylinder_on_the_tray.png,recap.png,50,19,562,563,-3.2527472527472527,-102.10989010989012,89.71428571428571,76.92307692307692,-1.978021978021978,0.3424657534246575,-2.633026123046875,-101.79203796386719,89.1107177734375,78.18095397949219,-2.167901039123535,0.1816590428352356
056_brown,put the brown cylinder on the tray,23,1,518,20.739,1788426903.1225,00022_front_put_the_brown_cylinder_on_the_tray.png,00022_wrist_put_the_brown_cylinder_on_the_tray.png,recap.png,50,20,563,564,-3.2527472527472527,-102.10989010989012,89.71428571428571,76.92307692307692,-1.978021978021978,0.3424657534246575,-2.5099868774414062,-101.9454574584961,89.40640258789062,77.96576690673828,-2.1253108978271484,0.379371702671051
056_brown,put the brown cylinder on the tray,23,1,518,20.739,1788426903.1225,00022_front_put_the_brown_cylinder_on_the_tray.png,00022_wrist_put_the_brown_cylinder_on_the_tray.png,recap.png,50,21,564,565,-3.2527472527472527,-102.10989010989012,89.71428571428571,76.92307692307692,-1.978021978021978,0.3424657534246575,-2.8014984130859375,-101.8046875,89.70451354980469,78.07572174072266,-2.0331506729125977,0.38615453243255615
056_brown,put the brown cylinder on the tray,23,1,518,20.739,1788426903.1225,00022_front_put_the_brown_cylinder_on_the_tray.png,00022_wrist_put_the_brown_cylinder_on_the_tray.png,recap.png,50,22,565,566,-3.2527472527472527,-102.10989010989012,89.71428571428571,76.92307692307692,-1.978021978021978,0.3424657534246575,-2.501993179321289,-102.37255096435547,88.94387817382812,77.89850616455078,-2.096658706665039,0.38766276836395264
056_brown,put the brown cylinder on the tray,23,1,518,20.739,1788426903.1225,00022_front_put_the_brown_cylinder_on_the_tray.png,00022_wrist_put_the_brown_cylinder_on_the_tray.png,recap.png,50,23,566,567,-3.2527472527472527,-102.10989010989012,89.71428571428571,76.92307692307692,-1.978021978021978,0.3424657534246575,-2.555837631225586,-102.19517517089844,88.97642517089844,77.98975372314453,-2.1396055221557617,0.3654140532016754
056_brown,put the brown cylinder on the tray,23,1,518,20.739,1788426903.1225,00022_front_put_the_brown_cylinder_on_the_tray.png,00022_wrist_put_the_brown_cylinder_on_the_tray.png,recap.png,50,24,567,568,-3.2527472527472527,-102.10989010989012,89.71428571428571,76.92307692307692,-1.978021978021978,0.3424657534246575,-2.5659942626953125,-101.5033187866211,89.42704772949219,78.23396301269531,-2.0545167922973633,0.3698931336402893
056_brown,put the brown cylinder on the tray,24,1,542,21.609,1788426903.9921112,00023_front_put_the_brown_cylinder_on_the_tray.png,00023_wrist_put_the_brown_cylinder_on_the_tray.png,recap.png,50,0,568,569,-1.934065934065934,-102.1978021978022,89.71428571428571,76.92307692307692,-1.978021978021978,0.3424657534246575,-0.9904308319091797,-103.22451782226562,89.57774353027344,77.79129791259766,-2.0343828201293945,0.19442707300186157
056_brown,put the brown cylinder on the tray,24,1,542,21.609,1788426903.9921112,00023_front_put_the_brown_cylinder_on_the_tray.png,00023_wrist_put_the_brown_cylinder_on_the_tray.png,recap.png,50,1,569,570,-1.934065934065934,-102.1978021978022,89.71428571428571,76.92307692307692,-1.978021978021978,0.3424657534246575,-1.039154052734375,-102.27110290527344,89.24000549316406,77.73319244384766,-2.0315170288085938,0.3648936152458191
056_brown,put the brown cylinder on the tray,24,1,542,21.609,1788426903.9921112,00023_front_put_the_brown_cylinder_on_the_tray.png,00023_wrist_put_the_brown_cylinder_on_the_tray.png,recap.png,50,2,570,571,-1.934065934065934,-102.1978021978022,89.71428571428571,76.92307692307692,-1.978021978021978,0.3424657534246575,-1.2379493713378906,-102.65943145751953,89.78767395019531,77.70335388183594,-2.1110925674438477,0.2377784550189972
056_brown,put the brown cylinder on the tray,24,1,542,21.609,1788426903.9921112,00023_front_put_the_brown_cylinder_on_the_tray.png,00023_wrist_put_the_brown_cylinder_on_the_tray.png,recap.png,50,3,571,572,-1.934065934065934,-102.1978021978022,89.71428571428571,76.92307692307692,-1.978021978021978,0.3424657534246575,-1.1386966705322266,-102.5577163696289,89.69969177246094,77.6947250366211,-2.06081485748291,0.2920592725276947
056_brown,put the brown cylinder on the tray,24,1,542,21.609,1788426903.9921112,00023_front_put_the_brown_cylinder_on_the_tray.png,00023_wrist_put_the_brown_cylinder_on_the_tray.png,recap.png,50,4,572,573,-1.934065934065934,-102.1978021978022,89.71428571428571,76.92307692307692,-1.978021978021978,0.3424657534246575,-1.1811046600341797,-102.70454406738281,89.65695190429688,77.57251739501953,-1.976165771484375,0.21091896295547485
056_brown,put the brown cylinder on the tray,24,1,542,21.609,1788426903.9921112,00023_front_put_the_brown_cylinder_on_the_tray.png,00023_wrist_put_the_brown_cylinder_on_the_tray.png,recap.png,50,5,573,574,-1.934065934065934,-102.1978021978022,89.71428571428571,76.92307692307692,-1.978021978021978,0.3424657534246575,-1.059213638305664,-102.59065246582031,89.8287353515625,77.81698608398438,-2.1168413162231445,0.39029794931411743
056_brown,put the brown cylinder on the tray,24,1,542,21.609,1788426903.9921112,00023_front_put_the_brown_cylinder_on_the_tray.png,00023_wrist_put_the_brown_cylinder_on_the_tray.png,recap.png,50,6,574,575,-1.934065934065934,-102.1978021978022,89.71428571428571,76.92307692307692,-1.978021978021978,0.3424657534246575,-0.9971256256103516,-102.10565948486328,89.54071044921875,77.76634216308594,-2.0201425552368164,0.3554362952709198
056_brown,put the brown cylinder on the tray,24,1,542,21.609,1788426903.9921112,00023_front_put_the_brown_cylinder_on_the_tray.png,00023_wrist_put_the_brown_cylinder_on_the_tray.png,recap.png,50,7,575,576,-1.934065934065934,-102.1978021978022,89.71428571428571,76.92307692307692,-1.978021978021978,0.3424657534246575,-1.2534904479980469,-102.38868713378906,89.47824096679688,77.49466705322266,-1.9328985214233398,0.35193121433258057
056_brown,put the brown cylinder on the tray,24,1,542,21.609,1788426903.9921112,00023_front_put_the_brown_cylinder_on_the_tray.png,00023_wrist_put_the_brown_cylinder_on_the_tray.png,recap.png,50,8,576,577,-1.934065934065934,-102.1978021978022,89.71428571428571,76.92307692307692,-1.978021978021978,0.3424657534246575,-1.0265693664550781,-102.53543853759766,89.86009216308594,77.60384368896484,-1.9759025573730469,0.306208074092865
056_brown,put the brown cylinder on the tray,24,1,542,21.609,1788426903.9921112,00023_front_put_the_brown_cylinder_on_the_tray.png,00023_wrist_put_the_brown_cylinder_on_the_tray.png,recap.png,50,9,577,578,-1.934065934065934,-102.1978021978022,89.71428571428571,76.92307692307692,-1.978021978021978,0.3424657534246575,-1.2877979278564453,-102.40513610839844,90.34988403320312,77.57756805419922,-1.9799957275390625,0.40206649899482727
056_brown,put the brown cylinder on the tray,24,1,542,21.609,1788426903.9921112,00023_front_put_the_brown_cylinder_on_the_tray.png,00023_wrist_put_the_brown_cylinder_on_the_tray.png,recap.png,50,10,578,579,-1.934065934065934,-102.1978021978022,89.71428571428571,76.92307692307692,-1.978021978021978,0.3424657534246575,-1.3717575073242188,-102.9244155883789,90.06471252441406,77.85311889648438,-2.0632076263427734,0.2807198166847229
056_brown,put the brown cylinder on the tray,24,1,542,21.609,1788426903.9921112,00023_front_put_the_brown_cylinder_on_the_tray.png,00023_wrist_put_the_brown_cylinder_on_the_tray.png,recap.png,50,11,579,580,-1.934065934065934,-102.1978021978022,89.71428571428571,76.92307692307692,-1.978021978021978,0.3424657534246575,-1.2681255340576172,-102.49395751953125,89.37786865234375,77.72563934326172,-2.0230770111083984,0.23978377878665924
056_brown,put the brown cylinder on the tray,24,1,542,21.609,1788426903.9921112,00023_front_put_the_brown_cylinder_on_the_tray.png,00023_wrist_put_the_brown_cylinder_on_the_tray.png,recap.png,50,12,580,581,-1.934065934065934,-102.1978021978022,89.71428571428571,76.92307692307692,-1.978021978021978,0.3424657534246575,-1.2525138854980469,-103.16166687011719,89.37644958496094,77.70329284667969,-2.0011186599731445,0.2890162467956543
056_brown,put the brown cylinder on the tray,24,1,542,21.609,1788426903.9921112,00023_front_put_the_brown_cylinder_on_the_tray.png,00023_wrist_put_the_brown_cylinder_on_the_tray.png,recap.png,50,13,581,582,-1.934065934065934,-102.1978021978022,89.71428571428571,76.92307692307692,-1.978021978021978,0.3424657534246575,-1.3337211608886719,-102.49496459960938,90.12083435058594,77.72940063476562,-2.0573654174804688,0.39531126618385315
056_brown,put the brown cylinder on the tray,24,1,542,21.609,1788426903.9921112,00023_front_put_the_brown_cylinder_on_the_tray.png,00023_wrist_put_the_brown_cylinder_on_the_tray.png,recap.png,50,14,582,583,-1.934065934065934,-102.1978021978022,89.71428571428571,76.92307692307692,-1.978021978021978,0.3424657534246575,-1.062326431274414,-101.86627960205078,89.97554016113281,77.64251708984375,-2.0077905654907227,0.3500979542732239
056_brown,put the brown cylinder on the tray,24,1,542,21.609,1788426903.9921112,00023_front_put_the_brown_cylinder_on_the_tray.png,00023_wrist_put_the_brown_cylinder_on_the_tray.png,recap.png,50,15,583,584,-1.934065934065934,-102.1978021978022,89.71428571428571,76.92307692307692,-1.978021978021978,0.3424657534246575,-1.01153564453125,-102.35810852050781,89.86822509765625,77.7283706665039,-1.982956886291504,0.4125116169452667
056_brown,put the brown cylinder on the tray,24,1,542,21.609,1788426903.9921112,00023_front_put_the_brown_cylinder_on_the_tray.png,00023_wrist_put_the_brown_cylinder_on_the_tray.png,recap.png,50,16,584,585,-1.934065934065934,-102.1978021978022,89.71428571428571,76.92307692307692,-1.978021978021978,0.3424657534246575,-1.1423892974853516,-102.6593017578125,90.73377990722656,77.79308319091797,-2.01772403717041,0.48313775658607483
056_brown,put the brown cylinder on the tray,24,1,542,21.609,1788426903.9921112,00023_front_put_the_brown_cylinder_on_the_tray.png,00023_wrist_put_the_brown_cylinder_on_the_tray.png,recap.png,50,17,585,586,-1.934065934065934,-102.1978021978022,89.71428571428571,76.92307692307692,-1.978021978021978,0.3424657534246575,-1.128885269165039,-102.41669464111328,89.82986450195312,77.59087371826172,-2.003911018371582,0.30630579590797424
056_brown,put the brown cylinder on the tray,24,1,542,21.609,1788426903.9921112,00023_front_put_the_brown_cylinder_on_the_tray.png,00023_wrist_put_the_brown_cylinder_on_the_tray.png,recap.png,50,18,586,587,-1.934065934065934,-102.1978021978022,89.71428571428571,76.92307692307692,-1.978021978021978,0.3424657534246575,-1.0392894744873047,-102.25210571289062,89.5435791015625,77.755126953125,-2.023961067199707,0.39350882172584534
056_brown,put the brown cylinder on the tray,24,1,542,21.609,1788426903.9921112,00023_front_put_the_brown_cylinder_on_the_tray.png,00023_wrist_put_the_brown_cylinder_on_the_tray.png,recap.png,50,19,587,588,-1.934065934065934,-102.1978021978022,89.71428571428571,76.92307692307692,-1.978021978021978,0.3424657534246575,-1.1122417449951172,-102.28641510009766,89.85795593261719,77.94186401367188,-2.012012481689453,0.5194078683853149
056_brown,put the brown cylinder on the tray,24,1,542,21.609,1788426903.9921112,00023_front_put_the_brown_cylinder_on_the_tray.png,00023_wrist_put_the_brown_cylinder_on_the_tray.png,recap.png,50,20,588,589,-1.934065934065934,-102.1978021978022,89.71428571428571,76.92307692307692,-1.978021978021978,0.3424657534246575,-1.1752758026123047,-102.23308563232422,89.89263916015625,77.89415740966797,-1.970785140991211,0.28612828254699707
056_brown,put the brown cylinder on the tray,24,1,542,21.609,1788426903.9921112,00023_front_put_the_brown_cylinder_on_the_tray.png,00023_wrist_put_the_brown_cylinder_on_the_tray.png,recap.png,50,21,589,590,-1.934065934065934,-102.1978021978022,89.71428571428571,76.92307692307692,-1.978021978021978,0.3424657534246575,-1.196451187133789,-102.6348648071289,89.62831115722656,77.98567962646484,-2.056415557861328,0.29420268535614014
056_brown,put the brown cylinder on the tray,24,1,542,21.609,1788426903.9921112,00023_front_put_the_brown_cylinder_on_the_tray.png,00023_wrist_put_the_brown_cylinder_on_the_tray.png,recap.png,50,22,590,591,-1.934065934065934,-102.1978021978022,89.71428571428571,76.92307692307692,-1.978021978021978,0.3424657534246575,-1.1445236206054688,-102.38802337646484,89.35417175292969,77.95866394042969,-2.0372562408447266,0.3057470917701721
056_brown,put the brown cylinder on the tray,24,1,542,21.609,1788426903.9921112,00023_front_put_the_brown_cylinder_on_the_tray.png,00023_wrist_put_the_brown_cylinder_on_the_tray.png,recap.png,50,23,591,592,-1.934065934065934,-102.1978021978022,89.71428571428571,76.92307692307692,-1.978021978021978,0.3424657534246575,-1.0854129791259766,-102.4554443359375,89.58114624023438,77.9066390991211,-2.0915536880493164,0.31459370255470276
056_brown,put the brown cylinder on the tray,25,1,567,22.579,1788426904.9620779,00024_front_put_the_brown_cylinder_on_the_tray.png,00024_wrist_put_the_brown_cylinder_on_the_tray.png,recap.png,50,0,592,593,-2.3736263736263736,-102.1978021978022,89.62637362637362,76.92307692307692,-1.978021978021978,0.3424657534246575,-1.9159278869628906,-102.182861328125,90.03152465820312,77.90875244140625,-1.9235429763793945,0.23437321186065674
