episode_dir,task,chunk_id,must_go,input_timestep,input_elapsed,unix_ts,front_img,wrist_img,recap_img,returned_len,exec_index,exec_timestep,exec_action_n,in_shoulder_pan.pos,in_shoulder_lift.pos,in_elbow_flex.pos,in_wrist_flex.pos,in_wrist_roll.pos,in_gripper.pos,act_shoulder_pan.pos,act_shoulder_lift.pos,act_elbow_flex.pos,act_wrist_flex.pos,act_wrist_roll.pos,act_gripper.pos
031_roll,put the roll on the tray,1,1,0,0.0,1788424865.3200302,00000_front_put_the_roll_on_the_tray.png,00000_wrist_put_the_roll_on_the_tray.png,recap.png,50,0,0,1,-4.571428571428571,-101.31868131868131,91.82417582417582,74.72527472527473,-1.2747252747252746,0.821917808219178,-4.466806411743164,-101.0736083984375,88.62240600585938,74.6500244140625,-1.0902748107910156,0.846342921257019
031_roll,put the roll on the tray,1,1,0,0.0,1788424865.3200302,00000_front_put_the_roll_on_the_tray.png,00000_wrist_put_the_roll_on_the_tray.png,recap.png,50,1,1,2,-4.571428571428571,-101.31868131868131,91.82417582417582,74.72527472527473,-1.2747252747252746,0.821917808219178,-4.585474014282227,-101.09523010253906,88.69326782226562,74.38726806640625,-1.1010303497314453,0.8387390375137329
031_roll,put the roll on the tray,1,1,0,0.0,1788424865.3200302,00000_front_put_the_roll_on_the_tray.png,00000_wrist_put_the_roll_on_the_tray.png,recap.png,50,2,2,3,-4.571428571428571,-101.31868131868131,91.82417582417582,74.72527472527473,-1.2747252747252746,0.821917808219178,-4.560155868530273,-101.19764709472656,88.28561401367188,74.02919006347656,-1.0114545822143555,0.7845495939254761
031_roll,put the roll on the tray,1,1,0,0.0,1788424865.3200302,00000_front_put_the_roll_on_the_tray.png,00000_wrist_put_the_roll_on_the_tray.png,recap.png,50,3,3,4,-4.571428571428571,-101.31868131868131,91.82417582417582,74.72527472527473,-1.2747252747252746,0.821917808219178,-4.731046676635742,-101.17900848388672,88.88706970214844,74.07919311523438,-1.0223684310913086,0.8932365775108337
031_roll,put the roll on the tray,1,1,0,0.0,1788424865.3200302,00000_front_put_the_roll_on_the_tray.png,00000_wrist_put_the_roll_on_the_tray.png,recap.png,50,4,4,5,-4.571428571428571,-101.31868131868131,91.82417582417582,74.72527472527473,-1.2747252747252746,0.821917808219178,-4.79789924621582,-101.09873962402344,88.2423095703125,74.18899536132812,-1.1359329223632812,0.7989363074302673
031_roll,put the roll on the tray,1,1,0,0.0,1788424865.3200302,00000_front_put_the_roll_on_the_tray.png,00000_wrist_put_the_roll_on_the_tray.png,recap.png,50,5,5,6,-4.571428571428571,-101.31868131868131,91.82417582417582,74.72527472527473,-1.2747252747252746,0.821917808219178,-4.933200836181641,-101.14153289794922,88.66506958007812,73.93242645263672,-1.084188461303711,0.8185136914253235
031_roll,put the roll on the tray,1,1,0,0.0,1788424865.3200302,00000_front_put_the_roll_on_the_tray.png,00000_wrist_put_the_roll_on_the_tray.png,recap.png,50,6,6,7,-4.571428571428571,-101.31868131868131,91.82417582417582,74.72527472527473,-1.2747252747252746,0.821917808219178,-5.04429817199707,-100.94949340820312,88.47691345214844,74.03852081298828,-1.0626916885375977,0.8302270174026489
031_roll,put the roll on the tray,1,1,0,0.0,1788424865.3200302,00000_front_put_the_roll_on_the_tray.png,00000_wrist_put_the_roll_on_the_tray.png,recap.png,50,7,7,8,-4.571428571428571,-101.31868131868131,91.82417582417582,74.72527472527473,-1.2747252747252746,0.821917808219178,-5.300933837890625,-101.22502899169922,88.10330200195312,73.9056396484375,-1.055720329284668,0.7241497039794922
031_roll,put the roll on the tray,1,1,0,0.0,1788424865.3200302,00000_front_put_the_roll_on_the_tray.png,00000_wrist_put_the_roll_on_the_tray.png,recap.png,50,8,8,9,-4.571428571428571,-101.31868131868131,91.82417582417582,74.72527472527473,-1.2747252747252746,0.821917808219178,-5.19965934753418,-101.2362289428711,88.78839111328125,73.83088684082031,-1.1035966873168945,0.8963857889175415
031_roll,put the roll on the tray,1,1,0,0.0,1788424865.3200302,00000_front_put_the_roll_on_the_tray.png,00000_wrist_put_the_roll_on_the_tray.png,recap.png,50,9,9,10,-4.571428571428571,-101.31868131868131,91.82417582417582,74.72527472527473,-1.2747252747252746,0.821917808219178,-5.820072174072266,-101.54659271240234,88.64826965332031,73.63162994384766,-1.0614004135131836,0.7033349275588989
031_roll,put the roll on the tray,1,1,0,0.0,1788424865.3200302,00000_front_put_the_roll_on_the_tray.png,00000_wrist_put_the_roll_on_the_tray.png,recap.png,50,10,10,11,-4.571428571428571,-101.31868131868131,91.82417582417582,74.72527472527473,-1.2747252747252746,0.821917808219178,-5.784416198730469,-101.31535339355469,88.17823791503906,73.31709289550781,-1.1515750885009766,0.8240793347358704
031_roll,put the roll on the tray,1,1,0,0.0,1788424865.3200302,00000_front_put_the_roll_on_the_tray.png,00000_wrist_put_the_roll_on_the_tray.png,recap.png,50,11,11,12,-4.571428571428571,-101.31868131868131,91.82417582417582,74.72527472527473,-1.2747252747252746,0.821917808219178,-6.121408462524414,-101.7901840209961,88.48768615722656,72.97930908203125,-1.0856151580810547,0.8282546401023865
031_roll,put the roll on the tray,1,1,0,0.0,1788424865.3200302,00000_front_put_the_roll_on_the_tray.png,00000_wrist_put_the_roll_on_the_tray.png,recap.png,50,12,12,13,-4.571428571428571,-101.31868131868131,91.82417582417582,74.72527472527473,-1.2747252747252746,0.821917808219178,-6.106805801391602,-101.22760009765625,87.99800109863281,72.67282104492188,-1.0354795455932617,0.6099990606307983
031_roll,put the roll on the tray,1,1,0,0.0,1788424865.3200302,00000_front_put_the_roll_on_the_tray.png,00000_wrist_put_the_roll_on_the_tray.png,recap.png,50,13,13,14,-4.571428571428571,-101.31868131868131,91.82417582417582,74.72527472527473,-1.2747252747252746,0.821917808219178,-6.503259658813477,-100.67379760742188,87.85769653320312,72.47624206542969,-1.0606355667114258,0.7944402694702148
031_roll,put the roll on the tray,1,1,0,0.0,1788424865.3200302,00000_front_put_the_roll_on_the_tray.png,00000_wrist_put_the_roll_on_the_tray.png,recap.png,50,14,14,15,-4.571428571428571,-101.31868131868131,91.82417582417582,74.72527472527473,-1.2747252747252746,0.821917808219178,-7.223979949951172,-101.1858901977539,88.24725341796875,72.06285095214844,-1.1391429901123047,0.5908465385437012
031_roll,put the roll on the tray,1,1,0,0.0,1788424865.3200302,00000_front_put_the_roll_on_the_tray.png,00000_wrist_put_the_roll_on_the_tray.png,recap.png,50,15,15,16,-4.571428571428571,-101.31868131868131,91.82417582417582,74.72527472527473,-1.2747252747252746,0.821917808219178,-7.440927505493164,-101.50078582763672,87.65885925292969,71.67225646972656,-1.1130046844482422,0.6980486512184143
031_roll,put the roll on the tray,1,1,0,0.0,1788424865.3200302,00000_front_put_the_roll_on_the_tray.png,00000_wrist_put_the_roll_on_the_tray.png,recap.png,50,16,16,17,-4.571428571428571,-101.31868131868131,91.82417582417582,74.72527472527473,-1.2747252747252746,0.821917808219178,-8.141290664672852,-101.36392211914062,87.56355285644531,71.315185546875,-1.1039390563964844,0.6615831255912781
031_roll,put the roll on the tray,1,1,0,0.0,1788424865.3200302,00000_front_put_the_roll_on_the_tray.png,00000_wrist_put_the_roll_on_the_tray.png,recap.png,50,17,17,18,-4.571428571428571,-101.31868131868131,91.82417582417582,74.72527472527473,-1.2747252747252746,0.821917808219178,-8.665760040283203,-100.85367584228516,87.96563720703125,71.00113677978516,-1.1236572265625,0.6583361625671387
031_roll,put the roll on the tray,1,1,0,0.0,1788424865.3200302,00000_front_put_the_roll_on_the_tray.png,00000_wrist_put_the_roll_on_the_tray.png,recap.png,50,18,18,19,-4.571428571428571,-101.31868131868131,91.82417582417582,74.72527472527473,-1.2747252747252746,0.821917808219178,-9.336952209472656,-101.34284973144531,87.94209289550781,70.68374633789062,-1.1604490280151367,0.6935344934463501
031_roll,put the roll on the tray,1,1,0,0.0,1788424865.3200302,00000_front_put_the_roll_on_the_tray.png,00000_wrist_put_the_roll_on_the_tray.png,recap.png,50,19,19,20,-4.571428571428571,-101.31868131868131,91.82417582417582,74.72527472527473,-1.2747252747252746,0.821917808219178,-9.70309066772461,-100.79398345947266,87.71641540527344,70.27998352050781,-1.129495620727539,0.7478854656219482
031_roll,put the roll on the tray,1,1,0,0.0,1788424865.3200302,00000_front_put_the_roll_on_the_tray.png,00000_wrist_put_the_roll_on_the_tray.png,recap.png,50,20,20,21,-4.571428571428571,-101.31868131868131,91.82417582417582,74.72527472527473,-1.2747252747252746,0.821917808219178,-10.254472732543945,-100.88014221191406,87.93177795410156,70.02761840820312,-1.1791038513183594,0.5189489722251892
031_roll,put the roll on the tray,1,1,0,0.0,1788424865.3200302,00000_front_put_the_roll_on_the_tray.png,00000_wrist_put_the_roll_on_the_tray.png,recap.png,50,21,21,22,-4.571428571428571,-101.31868131868131,91.82417582417582,74.72527472527473,-1.2747252747252746,0.821917808219178,-10.46914291381836,-101.11326599121094,87.87687683105469,69.70576477050781,-1.1242866516113281,0.5690290331840515
031_roll,put the roll on the tray,1,1,0,0.0,1788424865.3200302,00000_front_put_the_roll_on_the_tray.png,00000_wrist_put_the_roll_on_the_tray.png,recap.png,50,22,22,23,-4.571428571428571,-101.31868131868131,91.82417582417582,74.72527472527473,-1.2747252747252746,0.821917808219178,-10.864545822143555,-101.1851806640625,87.58328247070312,69.3830337524414,-1.149282455444336,0.5723609924316406
031_roll,put the roll on the tray,1,1,0,0.0,1788424865.3200302,00000_front_put_the_roll_on_the_tray.png,00000_wrist_put_the_roll_on_the_tray.png,recap.png,50,23,23,24,-4.571428571428571,-101.31868131868131,91.82417582417582,74.72527472527473,-1.2747252747252746,0.821917808219178,-11.308795928955078,-101.34288787841797,87.91850280761719,69.13261413574219,-1.1618537902832031,0.6635746359825134
031_roll,put the roll on the tray,1,1,0,0.0,1788424865.3200302,00000_front_put_the_roll_on_the_tray.png,00000_wrist_put_the_roll_on_the_tray.png,recap.png,50,24,24,25,-4.571428571428571,-101.31868131868131,91.82417582417582,74.72527472527473,-1.2747252747252746,0.821917808219178,-11.870475769042969,-101.24919891357422,87.81427001953125,69.00482177734375,-1.1616106033325195,0.6268212795257568
031_roll,put the roll on the tray,1,1,0,0.0,1788424865.3200302,00000_front_put_the_roll_on_the_tray.png,00000_wrist_put_the_roll_on_the_tray.png,recap.png,50,25,25,26,-4.571428571428571,-101.31868131868131,91.82417582417582,74.72527472527473,-1.2747252747252746,0.821917808219178,-12.459253311157227,-101.7552261352539,87.54093933105469,68.80127716064453,-1.122483253479004,0.6612570285797119
031_roll,put the roll on the tray,1,1,0,0.0,1788424865.3200302,00000_front_put_the_roll_on_the_tray.png,00000_wrist_put_the_roll_on_the_tray.png,recap.png,50,26,26,27,-4.571428571428571,-101.31868131868131,91.82417582417582,74.72527472527473,-1.2747252747252746,0.821917808219178,-12.794628143310547,-101.0384292602539,87.54183959960938,68.42755889892578,-1.1905078887939453,0.4951537847518921
031_roll,put the roll on the tray,1,1,0,0.0,1788424865.3200302,00000_front_put_the_roll_on_the_tray.png,00000_wrist_put_the_roll_on_the_tray.png,recap.png,50,27,27,28,-4.571428571428571,-101.31868131868131,91.82417582417582,74.72527472527473,-1.2747252747252746,0.821917808219178,-13.274423599243164,-100.69088745117188,87.5909423828125,67.95037078857422,-1.1825485229492188,0.5559381246566772
031_roll,put the roll on the tray,1,1,0,0.0,1788424865.3200302,00000_front_put_the_roll_on_the_tray.png,00000_wrist_put_the_roll_on_the_tray.png,recap.png,50,28,28,29,-4.571428571428571,-101.31868131868131,91.82417582417582,74.72527472527473,-1.2747252747252746,0.821917808219178,-13.723592758178711,-101.07136535644531,87.75184631347656,67.71502685546875,-1.1804885864257812,0.6129210591316223
031_roll,put the roll on the tray,1,1,0,0.0,1788424865.3200302,00000_front_put_the_roll_on_the_tray.png,00000_wrist_put_the_roll_on_the_tray.png,recap.png,50,29,29,30,-4.571428571428571,-101.31868131868131,91.82417582417582,74.72527472527473,-1.2747252747252746,0.821917808219178,-14.16241455078125,-100.77957916259766,87.74154663085938,66.95318603515625,-1.1523303985595703,0.4321155846118927
031_roll,put the roll on the tray,2,0,3,1.906,1788424867.2244089,00001_front_put_the_roll_on_the_tray.png,00001_wrist_put_the_roll_on_the_tray.png,recap.png,50,0,30,31,-4.571428571428571,-100.7032967032967,91.03296703296704,74.72527472527473,-1.2747252747252746,0.821917808219178,-7.980121612548828,-101.30550384521484,88.17601013183594,68.59408569335938,-0.9523307085037231,0.8433933258056641
031_roll,put the roll on the tray,2,0,3,1.906,1788424867.2244089,00001_front_put_the_roll_on_the_tray.png,00001_wrist_put_the_roll_on_the_tray.png,recap.png,50,1,31,32,-4.571428571428571,-100.7032967032967,91.03296703296704,74.72527472527473,-1.2747252747252746,0.821917808219178,-8.292981147766113,-101.1402816772461,88.1249771118164,68.52792358398438,-0.9413801431655884,0.7702168822288513
031_roll,put the roll on the tray,2,0,3,1.906,1788424867.2244089,00001_front_put_the_roll_on_the_tray.png,00001_wrist_put_the_roll_on_the_tray.png,recap.png,50,2,32,33,-4.571428571428571,-100.7032967032967,91.03296703296704,74.72527472527473,-1.2747252747252746,0.821917808219178,-8.814754486083984,-101.603759765625,88.3004379272461,68.18878173828125,-0.9190100431442261,0.828222393989563
031_roll,put the roll on the tray,2,0,3,1.906,1788424867.2244089,00001_front_put_the_roll_on_the_tray.png,00001_wrist_put_the_roll_on_the_tray.png,recap.png,50,3,33,34,-4.571428571428571,-100.7032967032967,91.03296703296704,74.72527472527473,-1.2747252747252746,0.821917808219178,-9.041975021362305,-101.453125,88.46617126464844,68.24372100830078,-0.991002082824707,0.76848304271698
031_roll,put the roll on the tray,2,0,3,1.906,1788424867.2244089,00001_front_put_the_roll_on_the_tray.png,00001_wrist_put_the_roll_on_the_tray.png,recap.png,50,4,34,35,-4.571428571428571,-100.7032967032967,91.03296703296704,74.72527472527473,-1.2747252747252746,0.821917808219178,-9.586073875427246,-101.08756256103516,88.0892105102539,68.37926483154297,-1.0313997268676758,0.7223860621452332
031_roll,put the roll on the tray,2,0,3,1.906,1788424867.2244089,00001_front_put_the_roll_on_the_tray.png,00001_wrist_put_the_roll_on_the_tray.png,recap.png,50,5,35,36,-4.571428571428571,-100.7032967032967,91.03296703296704,74.72527472527473,-1.2747252747252746,0.821917808219178,-9.791155815124512,-101.71863555908203,87.71692657470703,68.45478057861328,-1.0319968461990356,0.7584251761436462
031_roll,put the roll on the tray,2,0,3,1.906,1788424867.2244089,00001_front_put_the_roll_on_the_tray.png,00001_wrist_put_the_roll_on_the_tray.png,recap.png,50,6,36,37,-4.571428571428571,-100.7032967032967,91.03296703296704,74.72527472527473,-1.2747252747252746,0.821917808219178,-10.041404724121094,-101.57167053222656,87.87138366699219,68.48281860351562,-1.0465128421783447,0.7842209339141846
031_roll,put the roll on the tray,2,0,3,1.906,1788424867.2244089,00001_front_put_the_roll_on_the_tray.png,00001_wrist_put_the_roll_on_the_tray.png,recap.png,50,7,37,38,-4.571428571428571,-100.7032967032967,91.03296703296704,74.72527472527473,-1.2747252747252746,0.821917808219178,-10.146722793579102,-101.44216918945312,87.55375671386719,68.39620971679688,-0.9946465492248535,0.7054905891418457
031_roll,put the roll on the tray,2,0,3,1.906,1788424867.2244089,00001_front_put_the_roll_on_the_tray.png,00001_wrist_put_the_roll_on_the_tray.png,recap.png,50,8,38,39,-4.571428571428571,-100.7032967032967,91.03296703296704,74.72527472527473,-1.2747252747252746,0.821917808219178,-10.334558486938477,-101.46963500976562,87.83316040039062,68.4055404663086,-0.9542220234870911,0.6719900369644165
031_roll,put the roll on the tray,2,0,3,1.906,1788424867.2244089,00001_front_put_the_roll_on_the_tray.png,00001_wrist_put_the_roll_on_the_tray.png,recap.png,50,9,39,40,-4.571428571428571,-100.7032967032967,91.03296703296704,74.72527472527473,-1.2747252747252746,0.821917808219178,-10.420452117919922,-101.34712982177734,87.59209442138672,68.3081283569336,-0.9668947458267212,0.6401028037071228
031_roll,put the roll on the tray,2,0,3,1.906,1788424867.2244089,00001_front_put_the_roll_on_the_tray.png,00001_wrist_put_the_roll_on_the_tray.png,recap.png,50,10,40,41,-4.571428571428571,-100.7032967032967,91.03296703296704,74.72527472527473,-1.2747252747252746,0.821917808219178,-10.643298149108887,-101.3324966430664,87.5716552734375,68.27360534667969,-1.0043635368347168,0.6073204278945923
031_roll,put the roll on the tray,2,0,3,1.906,1788424867.2244089,00001_front_put_the_roll_on_the_tray.png,00001_wrist_put_the_roll_on_the_tray.png,recap.png,50,11,41,42,-4.571428571428571,-100.7032967032967,91.03296703296704,74.72527472527473,-1.2747252747252746,0.821917808219178,-10.911972999572754,-101.69949340820312,87.28364562988281,68.28300476074219,-1.0610564947128296,0.6218026876449585
031_roll,put the roll on the tray,2,0,3,1.906,1788424867.2244089,00001_front_put_the_roll_on_the_tray.png,00001_wrist_put_the_roll_on_the_tray.png,recap.png,50,12,42,43,-4.571428571428571,-100.7032967032967,91.03296703296704,74.72527472527473,-1.2747252747252746,0.821917808219178,-11.172335624694824,-101.27889251708984,87.34907531738281,68.17080688476562,-1.0652981996536255,0.5970738530158997
031_roll,put the roll on the tray,2,0,3,1.906,1788424867.2244089,00001_front_put_the_roll_on_the_tray.png,00001_wrist_put_the_roll_on_the_tray.png,recap.png,50,13,43,44,-4.571428571428571,-100.7032967032967,91.03296703296704,74.72527472527473,-1.2747252747252746,0.821917808219178,-11.235736846923828,-101.43684387207031,87.63069152832031,68.17837524414062,-1.092517614364624,0.6552704572677612
031_roll,put the roll on the tray,2,0,3,1.906,1788424867.2244089,00001_front_put_the_roll_on_the_tray.png,00001_wrist_put_the_roll_on_the_tray.png,recap.png,50,14,44,45,-4.571428571428571,-100.7032967032967,91.03296703296704,74.72527472527473,-1.2747252747252746,0.821917808219178,-11.484800338745117,-101.38046264648438,87.3221664428711,68.05519104003906,-1.0719668865203857,0.583340048789978
031_roll,put the roll on the tray,2,0,3,1.906,1788424867.2244089,00001_front_put_the_roll_on_the_tray.png,00001_wrist_put_the_roll_on_the_tray.png,recap.png,50,15,45,46,-4.571428571428571,-100.7032967032967,91.03296703296704,74.72527472527473,-1.2747252747252746,0.821917808219178,-11.728102684020996,-101.365966796875,87.13128662109375,67.79525756835938,-1.0094270706176758,0.546258807182312
031_roll,put the roll on the tray,2,0,3,1.906,1788424867.2244089,00001_front_put_the_roll_on_the_tray.png,00001_wrist_put_the_roll_on_the_tray.png,recap.png,50,16,46,47,-4.571428571428571,-100.7032967032967,91.03296703296704,74.72527472527473,-1.2747252747252746,0.821917808219178,-11.83297348022461,-101.71919250488281,87.3131332397461,67.75688934326172,-1.0063574314117432,0.5032592415809631
031_roll,put the roll on the tray,2,0,3,1.906,1788424867.2244089,00001_front_put_the_roll_on_the_tray.png,00001_wrist_put_the_roll_on_the_tray.png,recap.png,50,17,47,48,-4.571428571428571,-100.7032967032967,91.03296703296704,74.72527472527473,-1.2747252747252746,0.821917808219178,-11.833581924438477,-101.19276428222656,86.82917022705078,67.66128540039062,-1.0976641178131104,0.5214095711708069
031_roll,put the roll on the tray,2,0,3,1.906,1788424867.2244089,00001_front_put_the_roll_on_the_tray.png,00001_wrist_put_the_roll_on_the_tray.png,recap.png,50,18,48,49,-4.571428571428571,-100.7032967032967,91.03296703296704,74.72527472527473,-1.2747252747252746,0.821917808219178,-11.903335571289062,-101.50286102294922,87.27819061279297,67.79378509521484,-1.0604525804519653,0.5508072376251221
031_roll,put the roll on the tray,2,0,3,1.906,1788424867.2244089,00001_front_put_the_roll_on_the_tray.png,00001_wrist_put_the_roll_on_the_tray.png,recap.png,50,19,49,50,-4.571428571428571,-100.7032967032967,91.03296703296704,74.72527472527473,-1.2747252747252746,0.821917808219178,-11.883658409118652,-101.73616027832031,86.86353302001953,67.40718078613281,-1.0664358139038086,0.5670293569564819
031_roll,put the roll on the tray,2,0,3,1.906,1788424867.2244089,00001_front_put_the_roll_on_the_tray.png,00001_wrist_put_the_roll_on_the_tray.png,recap.png,50,20,50,51,-4.571428571428571,-100.7032967032967,91.03296703296704,74.72527472527473,-1.2747252747252746,0.821917808219178,-9.423986434936523,-101.27779388427734,86.95916748046875,68.57429504394531,-0.8504228591918945,0.676547646522522
031_roll,put the roll on the tray,2,0,3,1.906,1788424867.2244089,00001_front_put_the_roll_on_the_tray.png,00001_wrist_put_the_roll_on_the_tray.png,recap.png,50,21,51,52,-4.571428571428571,-100.7032967032967,91.03296703296704,74.72527472527473,-1.2747252747252746,0.821917808219178,-9.715478897094727,-100.80350494384766,87.16275024414062,68.70436096191406,-0.9384098052978516,0.6113395094871521
031_roll,put the roll on the tray,2,0,3,1.906,1788424867.2244089,00001_front_put_the_roll_on_the_tray.png,00001_wrist_put_the_roll_on_the_tray.png,recap.png,50,22,52,53,-4.571428571428571,-100.7032967032967,91.03296703296704,74.72527472527473,-1.2747252747252746,0.821917808219178,-9.50724983215332,-100.72566223144531,86.68971252441406,68.17744445800781,-0.9356536865234375,0.6407024264335632
031_roll,put the roll on the tray,3,0,29,2.775,1788424868.099189,00002_front_put_the_roll_on_the_tray.png,00002_wrist_put_the_roll_on_the_tray.png,recap.png,50,0,53,54,-12.659340659340659,-100.87912087912088,89.97802197802197,69.0989010989011,-1.2747252747252746,0.821917808219178,-14.11911392211914,-99.56534576416016,84.85574340820312,61.25336456298828,-1.7626304626464844,0.64075767993927
031_roll,put the roll on the tray,3,0,29,2.775,1788424868.099189,00002_front_put_the_roll_on_the_tray.png,00002_wrist_put_the_roll_on_the_tray.png,recap.png,50,1,54,55,-12.659340659340659,-100.87912087912088,89.97802197802197,69.0989010989011,-1.2747252747252746,0.821917808219178,-14.180215835571289,-99.2091293334961,85.01679992675781,61.291908264160156,-1.8411731719970703,0.7856637239456177
031_roll,put the roll on the tray,3,0,29,2.775,1788424868.099189,00002_front_put_the_roll_on_the_tray.png,00002_wrist_put_the_roll_on_the_tray.png,recap.png,50,2,55,56,-12.659340659340659,-100.87912087912088,89.97802197802197,69.0989010989011,-1.2747252747252746,0.821917808219178,-14.247604370117188,-99.42985534667969,84.6685791015625,61.50407791137695,-1.8006582260131836,0.6514120697975159
031_roll,put the roll on the tray,3,0,29,2.775,1788424868.099189,00002_front_put_the_roll_on_the_tray.png,00002_wrist_put_the_roll_on_the_tray.png,recap.png,50,3,56,57,-12.659340659340659,-100.87912087912088,89.97802197802197,69.0989010989011,-1.2747252747252746,0.821917808219178,-14.415027618408203,-99.20474243164062,84.75796508789062,61.63787078857422,-1.744767189025879,0.7474914193153381
031_roll,put the roll on the tray,3,0,29,2.775,1788424868.099189,00002_front_put_the_roll_on_the_tray.png,00002_wrist_put_the_roll_on_the_tray.png,recap.png,50,4,57,58,-12.659340659340659,-100.87912087912088,89.97802197802197,69.0989010989011,-1.2747252747252746,0.821917808219178,-14.694938659667969,-99.80040740966797,84.48260498046875,61.774742126464844,-1.7684736251831055,0.6138663291931152
031_roll,put the roll on the tray,3,0,29,2.775,1788424868.099189,00002_front_put_the_roll_on_the_tray.png,00002_wrist_put_the_roll_on_the_tray.png,recap.png,50,5,58,59,-12.659340659340659,-100.87912087912088,89.97802197802197,69.0989010989011,-1.2747252747252746,0.821917808219178,-14.464996337890625,-99.4034652709961,84.00225830078125,61.6989631652832,-1.4994277954101562,0.6515352725982666
031_roll,put the roll on the tray,3,0,29,2.775,1788424868.099189,00002_front_put_the_roll_on_the_tray.png,00002_wrist_put_the_roll_on_the_tray.png,recap.png,50,6,59,60,-12.659340659340659,-100.87912087912088,89.97802197802197,69.0989010989011,-1.2747252747252746,0.821917808219178,-14.775045394897461,-99.2178726196289,84.39445495605469,61.83076477050781,-1.5131502151489258,0.6133267879486084
031_roll,put the roll on the tray,3,0,29,2.775,1788424868.099189,00002_front_put_the_roll_on_the_tray.png,00002_wrist_put_the_roll_on_the_tray.png,recap.png,50,7,60,61,-12.659340659340659,-100.87912087912088,89.97802197802197,69.0989010989011,-1.2747252747252746,0.821917808219178,-14.911865234375,-98.9359130859375,83.60380554199219,61.621177673339844,-1.4877147674560547,0.5717853307723999
031_roll,put the roll on the tray,3,0,29,2.775,1788424868.099189,00002_front_put_the_roll_on_the_tray.png,00002_wrist_put_the_roll_on_the_tray.png,recap.png,50,8,61,62,-12.659340659340659,-100.87912087912088,89.97802197802197,69.0989010989011,-1.2747252747252746,0.821917808219178,-15.457782745361328,-98.78353881835938,84.11054992675781,61.177764892578125,-1.490915298461914,0.5290244817733765
031_roll,put the roll on the tray,3,0,29,2.775,1788424868.099189,00002_front_put_the_roll_on_the_tray.png,00002_wrist_put_the_roll_on_the_tray.png,recap.png,50,9,62,63,-12.659340659340659,-100.87912087912088,89.97802197802197,69.0989010989011,-1.2747252747252746,0.821917808219178,-15.6339111328125,-98.6246109008789,83.86996459960938,60.989479064941406,-1.5610027313232422,0.5821422338485718
031_roll,put the roll on the tray,3,0,29,2.775,1788424868.099189,00002_front_put_the_roll_on_the_tray.png,00002_wrist_put_the_roll_on_the_tray.png,recap.png,50,10,63,64,-12.659340659340659,-100.87912087912088,89.97802197802197,69.0989010989011,-1.2747252747252746,0.821917808219178,-15.487541198730469,-98.07653045654297,83.01303100585938,60.55254364013672,-1.5388221740722656,0.6060277223587036
031_roll,put the roll on the tray,3,0,29,2.775,1788424868.099189,00002_front_put_the_roll_on_the_tray.png,00002_wrist_put_the_roll_on_the_tray.png,recap.png,50,11,64,65,-12.659340659340659,-100.87912087912088,89.97802197802197,69.0989010989011,-1.2747252747252746,0.821917808219178,-15.765148162841797,-97.6590805053711,83.48330688476562,60.24139404296875,-1.4988374710083008,0.7057937979698181
031_roll,put the roll on the tray,3,0,29,2.775,1788424868.099189,00002_front_put_the_roll_on_the_tray.png,00002_wrist_put_the_roll_on_the_tray.png,recap.png,50,12,65,66,-12.659340659340659,-100.87912087912088,89.97802197802197,69.0989010989011,-1.2747252747252746,0.821917808219178,-15.914201736450195,-96.27157592773438,82.89268493652344,59.61286163330078,-1.6638784408569336,0.6061530709266663
031_roll,put the roll on the tray,3,0,29,2.775,1788424868.099189,00002_front_put_the_roll_on_the_tray.png,00002_wrist_put_the_roll_on_the_tray.png,recap.png,50,13,66,67,-12.659340659340659,-100.87912087912088,89.97802197802197,69.0989010989011,-1.2747252747252746,0.821917808219178,-16.20379638671875,-95.04049682617188,81.84780883789062,59.45368194580078,-1.7676849365234375,0.6623372435569763
031_roll,put the roll on the tray,3,0,29,2.775,1788424868.099189,00002_front_put_the_roll_on_the_tray.png,00002_wrist_put_the_roll_on_the_tray.png,recap.png,50,14,67,68,-12.659340659340659,-100.87912087912088,89.97802197802197,69.0989010989011,-1.2747252747252746,0.821917808219178,-16.35820770263672,-92.85609436035156,81.05764770507812,59.19953918457031,-2.016566276550293,0.5080440044403076
031_roll,put the roll on the tray,3,0,29,2.775,1788424868.099189,00002_front_put_the_roll_on_the_tray.png,00002_wrist_put_the_roll_on_the_tray.png,recap.png,50,15,68,69,-12.659340659340659,-100.87912087912088,89.97802197802197,69.0989010989011,-1.2747252747252746,0.821917808219178,-16.101638793945312,-90.41304016113281,80.30824279785156,58.84956741333008,-2.3466196060180664,0.6325441598892212
031_roll,put the roll on the tray,3,0,29,2.775,1788424868.099189,00002_front_put_the_roll_on_the_tray.png,00002_wrist_put_the_roll_on_the_tray.png,recap.png,50,16,69,70,-12.659340659340659,-100.87912087912088,89.97802197802197,69.0989010989011,-1.2747252747252746,0.821917808219178,-16.05654525756836,-87.80778503417969,78.77090454101562,58.71539306640625,-2.766490936279297,0.6472027897834778
031_roll,put the roll on the tray,3,0,29,2.775,1788424868.099189,00002_front_put_the_roll_on_the_tray.png,00002_wrist_put_the_roll_on_the_tray.png,recap.png,50,17,70,71,-12.659340659340659,-100.87912087912088,89.97802197802197,69.0989010989011,-1.2747252747252746,0.821917808219178,-15.809070587158203,-84.96024322509766,77.08827209472656,58.40312194824219,-3.252133369445801,0.5600135326385498
031_roll,put the roll on the tray,3,0,29,2.775,1788424868.099189,00002_front_put_the_roll_on_the_tray.png,00002_wrist_put_the_roll_on_the_tray.png,recap.png,50,18,71,72,-12.659340659340659,-100.87912087912088,89.97802197802197,69.0989010989011,-1.2747252747252746,0.821917808219178,-15.477222442626953,-81.96025848388672,75.51524353027344,57.93895721435547,-4.061854362487793,0.5371201038360596
031_roll,put the roll on the tray,3,0,29,2.775,1788424868.099189,00002_front_put_the_roll_on_the_tray.png,00002_wrist_put_the_roll_on_the_tray.png,recap.png,50,19,72,73,-12.659340659340659,-100.87912087912088,89.97802197802197,69.0989010989011,-1.2747252747252746,0.821917808219178,-15.133445739746094,-78.76425170898438,74.27267456054688,57.67379379272461,-4.714190483093262,0.5898194313049316
031_roll,put the roll on the tray,3,0,29,2.775,1788424868.099189,00002_front_put_the_roll_on_the_tray.png,00002_wrist_put_the_roll_on_the_tray.png,recap.png,50,20,73,74,-12.659340659340659,-100.87912087912088,89.97802197802197,69.0989010989011,-1.2747252747252746,0.821917808219178,-15.221311569213867,-77.05007934570312,73.276611328125,57.10842514038086,-4.65744686126709,0.5970281958580017
031_roll,put the roll on the tray,3,0,29,2.775,1788424868.099189,00002_front_put_the_roll_on_the_tray.png,00002_wrist_put_the_roll_on_the_tray.png,recap.png,50,21,74,75,-12.659340659340659,-100.87912087912088,89.97802197802197,69.0989010989011,-1.2747252747252746,0.821917808219178,-15.257360458374023,-75.04142761230469,73.21229553222656,56.6005744934082,-4.56320333480835,0.6684137582778931
031_roll,put the roll on the tray,3,0,29,2.775,1788424868.099189,00002_front_put_the_roll_on_the_tray.png,00002_wrist_put_the_roll_on_the_tray.png,recap.png,50,22,75,76,-12.659340659340659,-100.87912087912088,89.97802197802197,69.0989010989011,-1.2747252747252746,0.821917808219178,-15.200389862060547,-73.61582946777344,72.09857177734375,56.146995544433594,-4.56101655960083,0.6612018346786499
031_roll,put the roll on the tray,3,0,29,2.775,1788424868.099189,00002_front_put_the_roll_on_the_tray.png,00002_wrist_put_the_roll_on_the_tray.png,recap.png,50,23,76,77,-12.659340659340659,-100.87912087912088,89.97802197802197,69.0989010989011,-1.2747252747252746,0.821917808219178,-15.275129318237305,-72.109375,71.59735107421875,55.588138580322266,-4.625369071960449,0.7171215415000916
031_roll,put the roll on the tray,4,1,52,3.544,1788424868.8614376,00003_front_put_the_roll_on_the_tray.png,00003_wrist_put_the_roll_on_the_tray.png,recap.png,50,0,77,78,-11.164835164835164,-101.31868131868131,89.36263736263736,68.74725274725274,-1.2747252747252746,0.7534246575342466,-12.007545471191406,-90.70922088623047,81.11341094970703,60.11363220214844,-1.9876372814178467,0.5797644257545471
031_roll,put the roll on the tray,4,1,52,3.544,1788424868.8614376,00003_front_put_the_roll_on_the_tray.png,00003_wrist_put_the_roll_on_the_tray.png,recap.png,50,1,78,79,-11.164835164835164,-101.31868131868131,89.36263736263736,68.74725274725274,-1.2747252747252746,0.7534246575342466,-12.018472671508789,-89.66234588623047,79.82788848876953,59.945472717285156,-2.055759906768799,0.6870021224021912
031_roll,put the roll on the tray,4,1,52,3.544,1788424868.8614376,00003_front_put_the_roll_on_the_tray.png,00003_wrist_put_the_roll_on_the_tray.png,recap.png,50,2,79,80,-11.164835164835164,-101.31868131868131,89.36263736263736,68.74725274725274,-1.2747252747252746,0.7534246575342466,-10.764911651611328,-96.72769927978516,82.57844543457031,62.038726806640625,-1.0253009796142578,0.6295509934425354
031_roll,put the roll on the tray,4,1,52,3.544,1788424868.8614376,00003_front_put_the_roll_on_the_tray.png,00003_wrist_put_the_roll_on_the_tray.png,recap.png,50,3,80,81,-11.164835164835164,-101.31868131868131,89.36263736263736,68.74725274725274,-1.2747252747252746,0.7534246575342466,-10.81903076171875,-94.95991516113281,82.51737976074219,61.94374084472656,-1.0894432067871094,0.6099332571029663
031_roll,put the roll on the tray,4,1,52,3.544,1788424868.8614376,00003_front_put_the_roll_on_the_tray.png,00003_wrist_put_the_roll_on_the_tray.png,recap.png,50,4,81,82,-11.164835164835164,-101.31868131868131,89.36263736263736,68.74725274725274,-1.2747252747252746,0.7534246575342466,-10.65406608581543,-92.59835815429688,81.2933349609375,61.57401657104492,-0.9917173385620117,0.6356201171875
031_roll,put the roll on the tray,4,1,52,3.544,1788424868.8614376,00003_front_put_the_roll_on_the_tray.png,00003_wrist_put_the_roll_on_the_tray.png,recap.png,50,5,82,83,-11.164835164835164,-101.31868131868131,89.36263736263736,68.74725274725274,-1.2747252747252746,0.7534246575342466,-10.007543563842773,-89.942138671875,80.23583984375,61.219871520996094,-1.0935001373291016,0.8873607516288757
031_roll,put the roll on the tray,4,1,52,3.544,1788424868.8614376,00003_front_put_the_roll_on_the_tray.png,00003_wrist_put_the_roll_on_the_tray.png,recap.png,50,6,83,84,-11.164835164835164,-101.31868131868131,89.36263736263736,68.74725274725274,-1.2747252747252746,0.7534246575342466,-10.308780670166016,-87.7792739868164,79.05235290527344,60.622650146484375,-1.1355524063110352,0.6673920154571533
031_roll,put the roll on the tray,4,1,52,3.544,1788424868.8614376,00003_front_put_the_roll_on_the_tray.png,00003_wrist_put_the_roll_on_the_tray.png,recap.png,50,7,84,85,-11.164835164835164,-101.31868131868131,89.36263736263736,68.74725274725274,-1.2747252747252746,0.7534246575342466,-9.960451126098633,-85.00361633300781,78.3785400390625,60.52495193481445,-1.1504640579223633,0.669224202632904
031_roll,put the roll on the tray,4,1,52,3.544,1788424868.8614376,00003_front_put_the_roll_on_the_tray.png,00003_wrist_put_the_roll_on_the_tray.png,recap.png,50,8,85,86,-11.164835164835164,-101.31868131868131,89.36263736263736,68.74725274725274,-1.2747252747252746,0.7534246575342466,-9.90121078491211,-82.84230041503906,78.02566528320312,59.9556884765625,-1.1654834747314453,0.6644668579101562
031_roll,put the roll on the tray,4,1,52,3.544,1788424868.8614376,00003_front_put_the_roll_on_the_tray.png,00003_wrist_put_the_roll_on_the_tray.png,recap.png,50,9,86,87,-11.164835164835164,-101.31868131868131,89.36263736263736,68.74725274725274,-1.2747252747252746,0.7534246575342466,-9.380178451538086,-80.18700408935547,75.91883850097656,59.37843704223633,-1.3073501586914062,0.6108169555664062
031_roll,put the roll on the tray,4,1,52,3.544,1788424868.8614376,00003_front_put_the_roll_on_the_tray.png,00003_wrist_put_the_roll_on_the_tray.png,recap.png,50,10,87,88,-11.164835164835164,-101.31868131868131,89.36263736263736,68.74725274725274,-1.2747252747252746,0.7534246575342466,-9.807287216186523,-77.57513427734375,75.48709106445312,58.66607666015625,-1.4349241256713867,0.5380154848098755
031_roll,put the roll on the tray,4,1,52,3.544,1788424868.8614376,00003_front_put_the_roll_on_the_tray.png,00003_wrist_put_the_roll_on_the_tray.png,recap.png,50,11,88,89,-11.164835164835164,-101.31868131868131,89.36263736263736,68.74725274725274,-1.2747252747252746,0.7534246575342466,-9.586542129516602,-75.09378814697266,74.13969421386719,57.92756271362305,-1.617034912109375,0.8215057849884033
031_roll,put the roll on the tray,4,1,52,3.544,1788424868.8614376,00003_front_put_the_roll_on_the_tray.png,00003_wrist_put_the_roll_on_the_tray.png,recap.png,50,12,89,90,-11.164835164835164,-101.31868131868131,89.36263736263736,68.74725274725274,-1.2747252747252746,0.7534246575342466,-9.268058776855469,-72.52569580078125,72.33283996582031,57.22353744506836,-1.923018455505371,0.651822030544281
031_roll,put the roll on the tray,4,1,52,3.544,1788424868.8614376,00003_front_put_the_roll_on_the_tray.png,00003_wrist_put_the_roll_on_the_tray.png,recap.png,50,13,90,91,-11.164835164835164,-101.31868131868131,89.36263736263736,68.74725274725274,-1.2747252747252746,0.7534246575342466,-9.258096694946289,-71.2865982055664,71.16626739501953,56.7287712097168,-2.0788040161132812,0.619099497795105
031_roll,put the roll on the tray,4,1,52,3.544,1788424868.8614376,00003_front_put_the_roll_on_the_tray.png,00003_wrist_put_the_roll_on_the_tray.png,recap.png,50,14,91,92,-11.164835164835164,-101.31868131868131,89.36263736263736,68.74725274725274,-1.2747252747252746,0.7534246575342466,-9.398763656616211,-68.428466796875,70.46632385253906,56.62007141113281,-2.2421646118164062,0.6155796051025391
031_roll,put the roll on the tray,4,1,52,3.544,1788424868.8614376,00003_front_put_the_roll_on_the_tray.png,00003_wrist_put_the_roll_on_the_tray.png,recap.png,50,15,92,93,-11.164835164835164,-101.31868131868131,89.36263736263736,68.74725274725274,-1.2747252747252746,0.7534246575342466,-9.441242218017578,-67.03443908691406,70.5359878540039,56.336002349853516,-2.392939567565918,0.5515121817588806
031_roll,put the roll on the tray,4,1,52,3.544,1788424868.8614376,00003_front_put_the_roll_on_the_tray.png,00003_wrist_put_the_roll_on_the_tray.png,recap.png,50,16,93,94,-11.164835164835164,-101.31868131868131,89.36263736263736,68.74725274725274,-1.2747252747252746,0.7534246575342466,-9.206274032592773,-66.14642333984375,68.45506286621094,56.456878662109375,-2.687638282775879,0.8397586941719055
031_roll,put the roll on the tray,4,1,52,3.544,1788424868.8614376,00003_front_put_the_roll_on_the_tray.png,00003_wrist_put_the_roll_on_the_tray.png,recap.png,50,17,94,95,-11.164835164835164,-101.31868131868131,89.36263736263736,68.74725274725274,-1.2747252747252746,0.7534246575342466,-9.488927841186523,-64.50940704345703,66.80451202392578,56.55147933959961,-2.7395448684692383,0.6631019711494446
031_roll,put the roll on the tray,4,1,52,3.544,1788424868.8614376,00003_front_put_the_roll_on_the_tray.png,00003_wrist_put_the_roll_on_the_tray.png,recap.png,50,18,95,96,-11.164835164835164,-101.31868131868131,89.36263736263736,68.74725274725274,-1.2747252747252746,0.7534246575342466,-9.499433517456055,-63.38263702392578,66.95992279052734,56.47136688232422,-2.880430221557617,0.6686336398124695
031_roll,put the roll on the tray,4,1,52,3.544,1788424868.8614376,00003_front_put_the_roll_on_the_tray.png,00003_wrist_put_the_roll_on_the_tray.png,recap.png,50,19,96,97,-11.164835164835164,-101.31868131868131,89.36263736263736,68.74725274725274,-1.2747252747252746,0.7534246575342466,-9.914932250976562,-62.70333480834961,65.2309341430664,56.48112487792969,-2.8311614990234375,0.6575798988342285
031_roll,put the roll on the tray,4,1,52,3.544,1788424868.8614376,00003_front_put_the_roll_on_the_tray.png,00003_wrist_put_the_roll_on_the_tray.png,recap.png,50,20,97,98,-11.164835164835164,-101.31868131868131,89.36263736263736,68.74725274725274,-1.2747252747252746,0.7534246575342466,-9.797029495239258,-61.711971282958984,64.45870971679688,56.15823745727539,-2.9704580307006836,0.7510803937911987
031_roll,put the roll on the tray,4,1,52,3.544,1788424868.8614376,00003_front_put_the_roll_on_the_tray.png,00003_wrist_put_the_roll_on_the_tray.png,recap.png,50,21,98,99,-11.164835164835164,-101.31868131868131,89.36263736263736,68.74725274725274,-1.2747252747252746,0.7534246575342466,-9.379995346069336,-59.83320236206055,64.08584594726562,56.27519226074219,-3.0226316452026367,0.7918708920478821
031_roll,put the roll on the tray,4,1,52,3.544,1788424868.8614376,00003_front_put_the_roll_on_the_tray.png,00003_wrist_put_the_roll_on_the_tray.png,recap.png,50,22,99,100,-11.164835164835164,-101.31868131868131,89.36263736263736,68.74725274725274,-1.2747252747252746,0.7534246575342466,-9.118549346923828,-59.10913848876953,63.190345764160156,56.200828552246094,-3.0672969818115234,0.8560370802879333
031_roll,put the roll on the tray,4,1,52,3.544,1788424868.8614376,00003_front_put_the_roll_on_the_tray.png,00003_wrist_put_the_roll_on_the_tray.png,recap.png,50,23,100,101,-11.164835164835164,-101.31868131868131,89.36263736263736,68.74725274725274,-1.2747252747252746,0.7534246575342466,-9.64984130859375,-58.41600799560547,62.214927673339844,56.38394546508789,-3.2368383407592773,0.9123115539550781
031_roll,put the roll on the tray,4,1,52,3.544,1788424868.8614376,00003_front_put_the_roll_on_the_tray.png,00003_wrist_put_the_roll_on_the_tray.png,recap.png,50,24,101,102,-11.164835164835164,-101.31868131868131,89.36263736263736,68.74725274725274,-1.2747252747252746,0.7534246575342466,-9.478141784667969,-57.21046829223633,62.620086669921875,56.48541259765625,-3.5024051666259766,1.3929228782653809
031_roll,put the roll on the tray,5,0,76,4.514,1788424869.832722,00004_front_put_the_roll_on_the_tray.png,00004_wrist_put_the_roll_on_the_tray.png,recap.png,50,0,102,103,-15.648351648351648,-77.93406593406593,76.43956043956044,57.84615384615385,-4.0,0.684931506849315,-11.961874008178711,-48.14668655395508,58.662078857421875,55.081241607666016,-5.801130771636963,2.2628848552703857
031_roll,put the roll on the tray,5,0,76,4.514,1788424869.832722,00004_front_put_the_roll_on_the_tray.png,00004_wrist_put_the_roll_on_the_tray.png,recap.png,50,1,103,104,-15.648351648351648,-77.93406593406593,76.43956043956044,57.84615384615385,-4.0,0.684931506849315,-12.04146957397461,-47.75059127807617,58.31244659423828,55.556785583496094,-5.761934757232666,4.144348621368408
031_roll,put the roll on the tray,5,0,76,4.514,1788424869.832722,00004_front_put_the_roll_on_the_tray.png,00004_wrist_put_the_roll_on_the_tray.png,recap.png,50,2,104,105,-15.648351648351648,-77.93406593406593,76.43956043956044,57.84615384615385,-4.0,0.684931506849315,-11.982501983642578,-47.06336212158203,57.768165588378906,55.90760040283203,-5.611174583435059,6.887794494628906
031_roll,put the roll on the tray,5,0,76,4.514,1788424869.832722,00004_front_put_the_roll_on_the_tray.png,00004_wrist_put_the_roll_on_the_tray.png,recap.png,50,3,105,106,-15.648351648351648,-77.93406593406593,76.43956043956044,57.84615384615385,-4.0,0.684931506849315,-12.133737564086914,-46.458831787109375,57.47837829589844,55.97787094116211,-5.648516654968262,10.266611099243164
031_roll,put the roll on the tray,5,0,76,4.514,1788424869.832722,00004_front_put_the_roll_on_the_tray.png,00004_wrist_put_the_roll_on_the_tray.png,recap.png,50,4,106,107,-15.648351648351648,-77.93406593406593,76.43956043956044,57.84615384615385,-4.0,0.684931506849315,-12.093006134033203,-46.42401885986328,57.71311950683594,56.039794921875,-5.645265102386475,12.969290733337402
031_roll,put the roll on the tray,5,0,76,4.514,1788424869.832722,00004_front_put_the_roll_on_the_tray.png,00004_wrist_put_the_roll_on_the_tray.png,recap.png,50,5,107,108,-15.648351648351648,-77.93406593406593,76.43956043956044,57.84615384615385,-4.0,0.684931506849315,-11.764860153198242,-45.85023880004883,57.65495300292969,56.261131286621094,-5.737565517425537,15.306103706359863
031_roll,put the roll on the tray,5,0,76,4.514,1788424869.832722,00004_front_put_the_roll_on_the_tray.png,00004_wrist_put_the_roll_on_the_tray.png,recap.png,50,6,108,109,-15.648351648351648,-77.93406593406593,76.43956043956044,57.84615384615385,-4.0,0.684931506849315,-11.515893936157227,-45.4970588684082,56.95301055908203,56.626583099365234,-5.5694451332092285,16.628644943237305
031_roll,put the roll on the tray,5,0,76,4.514,1788424869.832722,00004_front_put_the_roll_on_the_tray.png,00004_wrist_put_the_roll_on_the_tray.png,recap.png,50,7,109,110,-15.648351648351648,-77.93406593406593,76.43956043956044,57.84615384615385,-4.0,0.684931506849315,-11.520256042480469,-44.9595947265625,56.41393280029297,56.624961853027344,-5.629244804382324,17.847219467163086
031_roll,put the roll on the tray,5,0,76,4.514,1788424869.832722,00004_front_put_the_roll_on_the_tray.png,00004_wrist_put_the_roll_on_the_tray.png,recap.png,50,8,110,111,-15.648351648351648,-77.93406593406593,76.43956043956044,57.84615384615385,-4.0,0.684931506849315,-11.657325744628906,-44.692535400390625,56.47504425048828,56.99199676513672,-5.552687644958496,18.681198120117188
031_roll,put the roll on the tray,5,0,76,4.514,1788424869.832722,00004_front_put_the_roll_on_the_tray.png,00004_wrist_put_the_roll_on_the_tray.png,recap.png,50,9,111,112,-15.648351648351648,-77.93406593406593,76.43956043956044,57.84615384615385,-4.0,0.684931506849315,-11.345447540283203,-43.64027404785156,56.011390686035156,57.1924934387207,-5.591287136077881,19.84136199951172
031_roll,put the roll on the tray,5,0,76,4.514,1788424869.832722,00004_front_put_the_roll_on_the_tray.png,00004_wrist_put_the_roll_on_the_tray.png,recap.png,50,10,112,113,-15.648351648351648,-77.93406593406593,76.43956043956044,57.84615384615385,-4.0,0.684931506849315,-11.61656379699707,-44.10122299194336,55.90476989746094,57.41679382324219,-5.586414813995361,20.663434982299805
031_roll,put the roll on the tray,5,0,76,4.514,1788424869.832722,00004_front_put_the_roll_on_the_tray.png,00004_wrist_put_the_roll_on_the_tray.png,recap.png,50,11,113,114,-15.648351648351648,-77.93406593406593,76.43956043956044,57.84615384615385,-4.0,0.684931506849315,-11.460262298583984,-42.45499038696289,55.500885009765625,57.63471984863281,-5.482424736022949,21.29259490966797
031_roll,put the roll on the tray,5,0,76,4.514,1788424869.832722,00004_front_put_the_roll_on_the_tray.png,00004_wrist_put_the_roll_on_the_tray.png,recap.png,50,12,114,115,-15.648351648351648,-77.93406593406593,76.43956043956044,57.84615384615385,-4.0,0.684931506849315,-11.481727600097656,-43.22124481201172,55.414390563964844,57.71474075317383,-5.459029197692871,21.81892967224121
031_roll,put the roll on the tray,5,0,76,4.514,1788424869.832722,00004_front_put_the_roll_on_the_tray.png,00004_wrist_put_the_roll_on_the_tray.png,recap.png,50,13,115,116,-15.648351648351648,-77.93406593406593,76.43956043956044,57.84615384615385,-4.0,0.684931506849315,-11.664276123046875,-43.031551361083984,55.15990447998047,58.00748825073242,-5.373575210571289,22.298519134521484
031_roll,put the roll on the tray,5,0,76,4.514,1788424869.832722,00004_front_put_the_roll_on_the_tray.png,00004_wrist_put_the_roll_on_the_tray.png,recap.png,50,14,116,117,-15.648351648351648,-77.93406593406593,76.43956043956044,57.84615384615385,-4.0,0.684931506849315,-11.45539665222168,-42.502403259277344,54.804054260253906,57.952598571777344,-5.3548150062561035,22.814556121826172
031_roll,put the roll on the tray,5,0,76,4.514,1788424869.832722,00004_front_put_the_roll_on_the_tray.png,00004_wrist_put_the_roll_on_the_tray.png,recap.png,50,15,117,118,-15.648351648351648,-77.93406593406593,76.43956043956044,57.84615384615385,-4.0,0.684931506849315,-11.712894439697266,-41.87683868408203,54.650970458984375,58.28590393066406,-5.22977352142334,23.928104400634766
031_roll,put the roll on the tray,5,0,76,4.514,1788424869.832722,00004_front_put_the_roll_on_the_tray.png,00004_wrist_put_the_roll_on_the_tray.png,recap.png,50,16,118,119,-15.648351648351648,-77.93406593406593,76.43956043956044,57.84615384615385,-4.0,0.684931506849315,-11.867984771728516,-40.782981872558594,54.42413330078125,58.38926315307617,-5.241321563720703,25.128231048583984
031_roll,put the roll on the tray,5,0,76,4.514,1788424869.832722,00004_front_put_the_roll_on_the_tray.png,00004_wrist_put_the_roll_on_the_tray.png,recap.png,50,17,119,120,-15.648351648351648,-77.93406593406593,76.43956043956044,57.84615384615385,-4.0,0.684931506849315,-11.56406021118164,-40.460357666015625,54.18193054199219,58.27705001831055,-5.23739767074585,26.363962173461914
031_roll,put the roll on the tray,5,0,76,4.514,1788424869.832722,00004_front_put_the_roll_on_the_tray.png,00004_wrist_put_the_roll_on_the_tray.png,recap.png,50,18,120,121,-15.648351648351648,-77.93406593406593,76.43956043956044,57.84615384615385,-4.0,0.684931506849315,-11.848201751708984,-40.38177490234375,54.131385803222656,58.315914154052734,-5.226958274841309,27.256175994873047
031_roll,put the roll on the tray,5,0,76,4.514,1788424869.832722,00004_front_put_the_roll_on_the_tray.png,00004_wrist_put_the_roll_on_the_tray.png,recap.png,50,19,121,122,-15.648351648351648,-77.93406593406593,76.43956043956044,57.84615384615385,-4.0,0.684931506849315,-11.827901840209961,-39.33827209472656,53.1888427734375,58.43419647216797,-5.077462196350098,27.626235961914062
031_roll,put the roll on the tray,5,0,76,4.514,1788424869.832722,00004_front_put_the_roll_on_the_tray.png,00004_wrist_put_the_roll_on_the_tray.png,recap.png,50,20,122,123,-15.648351648351648,-77.93406593406593,76.43956043956044,57.84615384615385,-4.0,0.684931506849315,-11.962972640991211,-39.14189910888672,53.325233459472656,58.3848762512207,-5.090240001678467,27.575529098510742
031_roll,put the roll on the tray,5,0,76,4.514,1788424869.832722,00004_front_put_the_roll_on_the_tray.png,00004_wrist_put_the_roll_on_the_tray.png,recap.png,50,21,123,124,-15.648351648351648,-77.93406593406593,76.43956043956044,57.84615384615385,-4.0,0.684931506849315,-11.79144287109375,-37.838096618652344,52.945533752441406,58.254215240478516,-5.299554824829102,27.1267032623291
031_roll,put the roll on the tray,5,0,76,4.514,1788424869.832722,00004_front_put_the_roll_on_the_tray.png,00004_wrist_put_the_roll_on_the_tray.png,recap.png,50,22,124,125,-15.648351648351648,-77.93406593406593,76.43956043956044,57.84615384615385,-4.0,0.684931506849315,-12.271596908569336,-38.21851348876953,52.63605499267578,58.1876220703125,-5.1184773445129395,26.59254264831543
031_roll,put the roll on the tray,5,0,76,4.514,1788424869.832722,00004_front_put_the_roll_on_the_tray.png,00004_wrist_put_the_roll_on_the_tray.png,recap.png,50,23,125,126,-15.648351648351648,-77.93406593406593,76.43956043956044,57.84615384615385,-4.0,0.684931506849315,-12.092483520507812,-36.03931427001953,51.66582489013672,57.824310302734375,-5.344864845275879,26.31674575805664
031_roll,put the roll on the tray,6,1,101,5.35,1788424870.6646972,00005_front_put_the_roll_on_the_tray.png,00005_wrist_put_the_roll_on_the_tray.png,recap.png,50,0,126,127,-9.67032967032967,-60.08791208791209,66.41758241758242,57.142857142857146,-2.5054945054945055,0.684931506849315,-8.370695114135742,-32.8443603515625,52.7840576171875,56.24952697753906,-4.088031768798828,19.544984817504883
031_roll,put the roll on the tray,6,1,101,5.35,1788424870.6646972,00005_front_put_the_roll_on_the_tray.png,00005_wrist_put_the_roll_on_the_tray.png,recap.png,50,1,127,128,-9.67032967032967,-60.08791208791209,66.41758241758242,57.142857142857146,-2.5054945054945055,0.684931506849315,-8.336339950561523,-32.736602783203125,52.71931457519531,56.1005744934082,-4.0215301513671875,20.24258041381836
031_roll,put the roll on the tray,6,1,101,5.35,1788424870.6646972,00005_front_put_the_roll_on_the_tray.png,00005_wrist_put_the_roll_on_the_tray.png,recap.png,50,2,128,129,-9.67032967032967,-60.08791208791209,66.41758241758242,57.142857142857146,-2.5054945054945055,0.684931506849315,-8.456708908081055,-31.60961151123047,51.97053527832031,56.31036376953125,-4.122217178344727,21.895244598388672
031_roll,put the roll on the tray,6,1,101,5.35,1788424870.6646972,00005_front_put_the_roll_on_the_tray.png,00005_wrist_put_the_roll_on_the_tray.png,recap.png,50,3,129,130,-9.67032967032967,-60.08791208791209,66.41758241758242,57.142857142857146,-2.5054945054945055,0.684931506849315,-8.22758674621582,-31.56097412109375,51.768226623535156,56.3037223815918,-4.014327049255371,23.12335777282715
031_roll,put the roll on the tray,6,1,101,5.35,1788424870.6646972,00005_front_put_the_roll_on_the_tray.png,00005_wrist_put_the_roll_on_the_tray.png,recap.png,50,4,130,131,-9.67032967032967,-60.08791208791209,66.41758241758242,57.142857142857146,-2.5054945054945055,0.684931506849315,-7.981197357177734,-30.922271728515625,51.32097625732422,56.230140686035156,-4.078974723815918,23.849651336669922
031_roll,put the roll on the tray,6,1,101,5.35,1788424870.6646972,00005_front_put_the_roll_on_the_tray.png,00005_wrist_put_the_roll_on_the_tray.png,recap.png,50,5,131,132,-9.67032967032967,-60.08791208791209,66.41758241758242,57.142857142857146,-2.5054945054945055,0.684931506849315,-8.510976791381836,-30.40258026123047,50.822296142578125,56.46464538574219,-3.933319091796875,24.21942710876465
031_roll,put the roll on the tray,6,1,101,5.35,1788424870.6646972,00005_front_put_the_roll_on_the_tray.png,00005_wrist_put_the_roll_on_the_tray.png,recap.png,50,6,132,133,-9.67032967032967,-60.08791208791209,66.41758241758242,57.142857142857146,-2.5054945054945055,0.684931506849315,-8.053003311157227,-28.76764678955078,50.147422790527344,56.188270568847656,-3.940126419067383,24.176273345947266
031_roll,put the roll on the tray,6,1,101,5.35,1788424870.6646972,00005_front_put_the_roll_on_the_tray.png,00005_wrist_put_the_roll_on_the_tray.png,recap.png,50,7,133,134,-9.67032967032967,-60.08791208791209,66.41758241758242,57.142857142857146,-2.5054945054945055,0.684931506849315,-8.25938606262207,-29.0897216796875,50.20703887939453,56.44990539550781,-3.912663459777832,24.166345596313477
031_roll,put the roll on the tray,6,1,101,5.35,1788424870.6646972,00005_front_put_the_roll_on_the_tray.png,00005_wrist_put_the_roll_on_the_tray.png,recap.png,50,8,134,135,-9.67032967032967,-60.08791208791209,66.41758241758242,57.142857142857146,-2.5054945054945055,0.684931506849315,-8.077255249023438,-27.089309692382812,49.751953125,56.44197082519531,-3.951162338256836,24.07307243347168
031_roll,put the roll on the tray,6,1,101,5.35,1788424870.6646972,00005_front_put_the_roll_on_the_tray.png,00005_wrist_put_the_roll_on_the_tray.png,recap.png,50,9,135,136,-9.67032967032967,-60.08791208791209,66.41758241758242,57.142857142857146,-2.5054945054945055,0.684931506849315,-8.207704544067383,-26.77111053466797,48.76319122314453,56.595741271972656,-3.8105783462524414,24.220077514648438
031_roll,put the roll on the tray,6,1,101,5.35,1788424870.6646972,00005_front_put_the_roll_on_the_tray.png,00005_wrist_put_the_roll_on_the_tray.png,recap.png,50,10,136,137,-9.67032967032967,-60.08791208791209,66.41758241758242,57.142857142857146,-2.5054945054945055,0.684931506849315,-8.218502044677734,-26.129173278808594,48.599647521972656,56.71676254272461,-3.5248451232910156,24.334304809570312
031_roll,put the roll on the tray,6,1,101,5.35,1788424870.6646972,00005_front_put_the_roll_on_the_tray.png,00005_wrist_put_the_roll_on_the_tray.png,recap.png,50,11,137,138,-9.67032967032967,-60.08791208791209,66.41758241758242,57.142857142857146,-2.5054945054945055,0.684931506849315,-8.554792404174805,-25.97704315185547,49.1031494140625,56.89137649536133,-3.2160377502441406,24.7381649017334
031_roll,put the roll on the tray,6,1,101,5.35,1788424870.6646972,00005_front_put_the_roll_on_the_tray.png,00005_wrist_put_the_roll_on_the_tray.png,recap.png,50,12,138,139,-9.67032967032967,-60.08791208791209,66.41758241758242,57.142857142857146,-2.5054945054945055,0.684931506849315,-8.228988647460938,-25.201377868652344,48.25756072998047,56.94395446777344,-2.9556941986083984,25.27073097229004
031_roll,put the roll on the tray,6,1,101,5.35,1788424870.6646972,00005_front_put_the_roll_on_the_tray.png,00005_wrist_put_the_roll_on_the_tray.png,recap.png,50,13,139,140,-9.67032967032967,-60.08791208791209,66.41758241758242,57.142857142857146,-2.5054945054945055,0.684931506849315,-8.10169792175293,-23.885467529296875,46.94512939453125,57.263526916503906,-2.7637672424316406,26.002573013305664
031_roll,put the roll on the tray,6,1,101,5.35,1788424870.6646972,00005_front_put_the_roll_on_the_tray.png,00005_wrist_put_the_roll_on_the_tray.png,recap.png,50,14,140,141,-9.67032967032967,-60.08791208791209,66.41758241758242,57.142857142857146,-2.5054945054945055,0.684931506849315,-8.135372161865234,-23.71112823486328,47.139915466308594,57.426368713378906,-2.634650230407715,26.50615882873535
031_roll,put the roll on the tray,6,1,101,5.35,1788424870.6646972,00005_front_put_the_roll_on_the_tray.png,00005_wrist_put_the_roll_on_the_tray.png,recap.png,50,15,141,142,-9.67032967032967,-60.08791208791209,66.41758241758242,57.142857142857146,-2.5054945054945055,0.684931506849315,-8.386402130126953,-23.40422821044922,46.80994415283203,57.75284957885742,-2.7212629318237305,27.1607666015625
031_roll,put the roll on the tray,6,1,101,5.35,1788424870.6646972,00005_front_put_the_roll_on_the_tray.png,00005_wrist_put_the_roll_on_the_tray.png,recap.png,50,16,142,143,-9.67032967032967,-60.08791208791209,66.41758241758242,57.142857142857146,-2.5054945054945055,0.684931506849315,-8.072549819946289,-23.322669982910156,46.71931457519531,57.75230026245117,-2.5294790267944336,27.66145896911621
031_roll,put the roll on the tray,6,1,101,5.35,1788424870.6646972,00005_front_put_the_roll_on_the_tray.png,00005_wrist_put_the_roll_on_the_tray.png,recap.png,50,17,143,144,-9.67032967032967,-60.08791208791209,66.41758241758242,57.142857142857146,-2.5054945054945055,0.684931506849315,-8.481481552124023,-22.88555145263672,45.65912628173828,58.11158752441406,-2.5917749404907227,27.97734832763672
031_roll,put the roll on the tray,6,1,101,5.35,1788424870.6646972,00005_front_put_the_roll_on_the_tray.png,00005_wrist_put_the_roll_on_the_tray.png,recap.png,50,18,144,145,-9.67032967032967,-60.08791208791209,66.41758241758242,57.142857142857146,-2.5054945054945055,0.684931506849315,-8.763145446777344,-22.208038330078125,45.233299255371094,57.92251968383789,-2.4677629470825195,28.334314346313477
031_roll,put the roll on the tray,6,1,101,5.35,1788424870.6646972,00005_front_put_the_roll_on_the_tray.png,00005_wrist_put_the_roll_on_the_tray.png,recap.png,50,19,145,146,-9.67032967032967,-60.08791208791209,66.41758241758242,57.142857142857146,-2.5054945054945055,0.684931506849315,-8.731805801391602,-21.75103759765625,45.286964416503906,58.04564666748047,-2.486578941345215,28.31712532043457
031_roll,put the roll on the tray,6,1,101,5.35,1788424870.6646972,00005_front_put_the_roll_on_the_tray.png,00005_wrist_put_the_roll_on_the_tray.png,recap.png,50,20,146,147,-9.67032967032967,-60.08791208791209,66.41758241758242,57.142857142857146,-2.5054945054945055,0.684931506849315,-8.738969802856445,-21.371902465820312,45.21392059326172,57.940547943115234,-2.474912643432617,28.445049285888672
031_roll,put the roll on the tray,6,1,101,5.35,1788424870.6646972,00005_front_put_the_roll_on_the_tray.png,00005_wrist_put_the_roll_on_the_tray.png,recap.png,50,21,147,148,-9.67032967032967,-60.08791208791209,66.41758241758242,57.142857142857146,-2.5054945054945055,0.684931506849315,-8.976564407348633,-20.98291778564453,43.67163848876953,57.87859344482422,-2.37288761138916,28.803089141845703
031_roll,put the roll on the tray,6,1,101,5.35,1788424870.6646972,00005_front_put_the_roll_on_the_tray.png,00005_wrist_put_the_roll_on_the_tray.png,recap.png,50,22,148,149,-9.67032967032967,-60.08791208791209,66.41758241758242,57.142857142857146,-2.5054945054945055,0.684931506849315,-8.836633682250977,-20.59455108642578,44.81700897216797,57.73850631713867,-2.2612924575805664,29.0667667388916
031_roll,put the roll on the tray,6,1,101,5.35,1788424870.6646972,00005_front_put_the_roll_on_the_tray.png,00005_wrist_put_the_roll_on_the_tray.png,recap.png,50,23,149,150,-9.67032967032967,-60.08791208791209,66.41758241758242,57.142857142857146,-2.5054945054945055,0.684931506849315,-8.861534118652344,-19.728248596191406,43.84861755371094,57.6468620300293,-2.4691295623779297,29.53859519958496
031_roll,put the roll on the tray,6,1,101,5.35,1788424870.6646972,00005_front_put_the_roll_on_the_tray.png,00005_wrist_put_the_roll_on_the_tray.png,recap.png,50,24,150,151,-9.67032967032967,-60.08791208791209,66.41758241758242,57.142857142857146,-2.5054945054945055,0.684931506849315,-8.875299453735352,-19.253555297851562,44.690940856933594,57.4771614074707,-2.383551597595215,29.77970314025879
031_roll,put the roll on the tray,7,1,125,6.186,1788424871.5016186,00006_front_put_the_roll_on_the_tray.png,00006_wrist_put_the_roll_on_the_tray.png,recap.png,50,0,151,152,-11.692307692307692,-38.46153846153846,55.69230769230769,58.1978021978022,-5.230769230769231,26.78082191780822,-9.42086410522461,-14.714523315429688,43.193634033203125,58.74847412109375,-4.2735090255737305,29.2536678314209
031_roll,put the roll on the tray,7,1,125,6.186,1788424871.5016186,00006_front_put_the_roll_on_the_tray.png,00006_wrist_put_the_roll_on_the_tray.png,recap.png,50,1,152,153,-11.692307692307692,-38.46153846153846,55.69230769230769,58.1978021978022,-5.230769230769231,26.78082191780822,-9.26646614074707,-14.081871032714844,41.883087158203125,59.02008056640625,-4.313731670379639,29.120418548583984
031_roll,put the roll on the tray,7,1,125,6.186,1788424871.5016186,00006_front_put_the_roll_on_the_tray.png,00006_wrist_put_the_roll_on_the_tray.png,recap.png,50,2,153,154,-11.692307692307692,-38.46153846153846,55.69230769230769,58.1978021978022,-5.230769230769231,26.78082191780822,-9.222993850708008,-13.322257995605469,41.76023864746094,59.28049087524414,-4.326569557189941,29.361783981323242
031_roll,put the roll on the tray,7,1,125,6.186,1788424871.5016186,00006_front_put_the_roll_on_the_tray.png,00006_wrist_put_the_roll_on_the_tray.png,recap.png,50,3,154,155,-11.692307692307692,-38.46153846153846,55.69230769230769,58.1978021978022,-5.230769230769231,26.78082191780822,-9.321399688720703,-12.459304809570312,41.048255920410156,59.252872467041016,-4.345545291900635,29.259504318237305
031_roll,put the roll on the tray,7,1,125,6.186,1788424871.5016186,00006_front_put_the_roll_on_the_tray.png,00006_wrist_put_the_roll_on_the_tray.png,recap.png,50,4,155,156,-11.692307692307692,-38.46153846153846,55.69230769230769,58.1978021978022,-5.230769230769231,26.78082191780822,-9.331998825073242,-12.167396545410156,40.90874481201172,59.363433837890625,-4.228020668029785,29.11699867248535
031_roll,put the roll on the tray,7,1,125,6.186,1788424871.5016186,00006_front_put_the_roll_on_the_tray.png,00006_wrist_put_the_roll_on_the_tray.png,recap.png,50,5,156,157,-11.692307692307692,-38.46153846153846,55.69230769230769,58.1978021978022,-5.230769230769231,26.78082191780822,-9.244503021240234,-11.264640808105469,40.081146240234375,59.35624313354492,-4.339413166046143,29.232261657714844
031_roll,put the roll on the tray,7,1,125,6.186,1788424871.5016186,00006_front_put_the_roll_on_the_tray.png,00006_wrist_put_the_roll_on_the_tray.png,recap.png,50,6,157,158,-11.692307692307692,-38.46153846153846,55.69230769230769,58.1978021978022,-5.230769230769231,26.78082191780822,-9.274829864501953,-10.84637451171875,39.338233947753906,59.240047454833984,-4.332479476928711,29.16400146484375
031_roll,put the roll on the tray,7,1,125,6.186,1788424871.5016186,00006_front_put_the_roll_on_the_tray.png,00006_wrist_put_the_roll_on_the_tray.png,recap.png,50,7,158,159,-11.692307692307692,-38.46153846153846,55.69230769230769,58.1978021978022,-5.230769230769231,26.78082191780822,-9.242692947387695,-9.219375610351562,38.34966278076172,59.44403076171875,-4.432894229888916,29.26205062866211
031_roll,put the roll on the tray,7,1,125,6.186,1788424871.5016186,00006_front_put_the_roll_on_the_tray.png,00006_wrist_put_the_roll_on_the_tray.png,recap.png,50,8,159,160,-11.692307692307692,-38.46153846153846,55.69230769230769,58.1978021978022,-5.230769230769231,26.78082191780822,-9.179397583007812,-8.450439453125,38.88621520996094,59.37225341796875,-4.30511474609375,29.03305435180664
031_roll,put the roll on the tray,7,1,125,6.186,1788424871.5016186,00006_front_put_the_roll_on_the_tray.png,00006_wrist_put_the_roll_on_the_tray.png,recap.png,50,9,160,161,-11.692307692307692,-38.46153846153846,55.69230769230769,58.1978021978022,-5.230769230769231,26.78082191780822,-9.141550064086914,-7.73675537109375,38.06702423095703,59.515892028808594,-4.3649187088012695,29.134693145751953
031_roll,put the roll on the tray,7,1,125,6.186,1788424871.5016186,00006_front_put_the_roll_on_the_tray.png,00006_wrist_put_the_roll_on_the_tray.png,recap.png,50,10,161,162,-11.692307692307692,-38.46153846153846,55.69230769230769,58.1978021978022,-5.230769230769231,26.78082191780822,-9.32923698425293,-7.639213562011719,37.65166473388672,59.77206802368164,-4.303640365600586,29.23360824584961
031_roll,put the roll on the tray,7,1,125,6.186,1788424871.5016186,00006_front_put_the_roll_on_the_tray.png,00006_wrist_put_the_roll_on_the_tray.png,recap.png,50,11,162,163,-11.692307692307692,-38.46153846153846,55.69230769230769,58.1978021978022,-5.230769230769231,26.78082191780822,-8.925365447998047,-6.208671569824219,37.10462951660156,59.4837532043457,-4.311807632446289,29.17329216003418
031_roll,put the roll on the tray,7,1,125,6.186,1788424871.5016186,00006_front_put_the_roll_on_the_tray.png,00006_wrist_put_the_roll_on_the_tray.png,recap.png,50,12,163,164,-11.692307692307692,-38.46153846153846,55.69230769230769,58.1978021978022,-5.230769230769231,26.78082191780822,-9.124542236328125,-5.290885925292969,36.23217010498047,59.73497772216797,-4.396674156188965,29.21150016784668
031_roll,put the roll on the tray,7,1,125,6.186,1788424871.5016186,00006_front_put_the_roll_on_the_tray.png,00006_wrist_put_the_roll_on_the_tray.png,recap.png,50,13,164,165,-11.692307692307692,-38.46153846153846,55.69230769230769,58.1978021978022,-5.230769230769231,26.78082191780822,-9.335277557373047,-4.682769775390625,35.822837829589844,59.92079162597656,-4.3968400955200195,29.254159927368164
031_roll,put the roll on the tray,7,1,125,6.186,1788424871.5016186,00006_front_put_the_roll_on_the_tray.png,00006_wrist_put_the_roll_on_the_tray.png,recap.png,50,14,165,166,-11.692307692307692,-38.46153846153846,55.69230769230769,58.1978021978022,-5.230769230769231,26.78082191780822,-9.170692443847656,-3.8637237548828125,35.336036682128906,60.080787658691406,-4.291495323181152,29.046777725219727
031_roll,put the roll on the tray,7,1,125,6.186,1788424871.5016186,00006_front_put_the_roll_on_the_tray.png,00006_wrist_put_the_roll_on_the_tray.png,recap.png,50,15,166,167,-11.692307692307692,-38.46153846153846,55.69230769230769,58.1978021978022,-5.230769230769231,26.78082191780822,-9.216026306152344,-3.7950592041015625,35.31932830810547,60.190067291259766,-4.393756866455078,29.188077926635742
031_roll,put the roll on the tray,7,1,125,6.186,1788424871.5016186,00006_front_put_the_roll_on_the_tray.png,00006_wrist_put_the_roll_on_the_tray.png,recap.png,50,16,167,168,-11.692307692307692,-38.46153846153846,55.69230769230769,58.1978021978022,-5.230769230769231,26.78082191780822,-9.158382415771484,-3.1840972900390625,34.813514709472656,60.21760559082031,-4.320234298706055,28.992197036743164
031_roll,put the roll on the tray,7,1,125,6.186,1788424871.5016186,00006_front_put_the_roll_on_the_tray.png,00006_wrist_put_the_roll_on_the_tray.png,recap.png,50,17,168,169,-11.692307692307692,-38.46153846153846,55.69230769230769,58.1978021978022,-5.230769230769231,26.78082191780822,-9.166975021362305,-2.9974746704101562,34.61454772949219,60.37530517578125,-4.345067977905273,28.87738800048828
031_roll,put the roll on the tray,7,1,125,6.186,1788424871.5016186,00006_front_put_the_roll_on_the_tray.png,00006_wrist_put_the_roll_on_the_tray.png,recap.png,50,18,169,170,-11.692307692307692,-38.46153846153846,55.69230769230769,58.1978021978022,-5.230769230769231,26.78082191780822,-9.137752532958984,-1.9599838256835938,34.874664306640625,60.688846588134766,-4.342841625213623,28.17770767211914
031_roll,put the roll on the tray,7,1,125,6.186,1788424871.5016186,00006_front_put_the_roll_on_the_tray.png,00006_wrist_put_the_roll_on_the_tray.png,recap.png,50,19,170,171,-11.692307692307692,-38.46153846153846,55.69230769230769,58.1978021978022,-5.230769230769231,26.78082191780822,-9.178655624389648,-1.9694595336914062,33.99626159667969,60.83186340332031,-4.333632946014404,26.372743606567383
031_roll,put the roll on the tray,7,1,125,6.186,1788424871.5016186,00006_front_put_the_roll_on_the_tray.png,00006_wrist_put_the_roll_on_the_tray.png,recap.png,50,20,171,172,-11.692307692307692,-38.46153846153846,55.69230769230769,58.1978021978022,-5.230769230769231,26.78082191780822,-8.901960372924805,-1.7357711791992188,33.971466064453125,61.03002166748047,-4.420318126678467,24.266590118408203
031_roll,put the roll on the tray,7,1,125,6.186,1788424871.5016186,00006_front_put_the_roll_on_the_tray.png,00006_wrist_put_the_roll_on_the_tray.png,recap.png,50,21,172,173,-11.692307692307692,-38.46153846153846,55.69230769230769,58.1978021978022,-5.230769230769231,26.78082191780822,-9.151937484741211,-1.9346389770507812,34.39490509033203,61.05845642089844,-4.415877819061279,21.7810001373291
031_roll,put the roll on the tray,7,1,125,6.186,1788424871.5016186,00006_front_put_the_roll_on_the_tray.png,00006_wrist_put_the_roll_on_the_tray.png,recap.png,50,22,173,174,-11.692307692307692,-38.46153846153846,55.69230769230769,58.1978021978022,-5.230769230769231,26.78082191780822,-8.744871139526367,-1.5636825561523438,34.734161376953125,60.88587188720703,-4.398568153381348,19.394378662109375
031_roll,put the roll on the tray,7,1,125,6.186,1788424871.5016186,00006_front_put_the_roll_on_the_tray.png,00006_wrist_put_the_roll_on_the_tray.png,recap.png,50,23,174,175,-11.692307692307692,-38.46153846153846,55.69230769230769,58.1978021978022,-5.230769230769231,26.78082191780822,-8.652326583862305,-1.3890914916992188,34.11492156982422,61.075775146484375,-4.500028610229492,17.197830200195312
031_roll,put the roll on the tray,8,1,150,7.123,1788424872.4378173,00007_front_put_the_roll_on_the_tray.png,00007_wrist_put_the_roll_on_the_tray.png,recap.png,50,0,175,176,-8.791208791208792,-20.52747252747253,46.72527472527472,57.75824175824176,-2.769230769230769,28.63013698630137,-6.656370162963867,1.113250732421875,31.25817108154297,61.408260345458984,-2.775588035583496,28.764968872070312
031_roll,put the roll on the tray,8,1,150,7.123,1788424872.4378173,00007_front_put_the_roll_on_the_tray.png,00007_wrist_put_the_roll_on_the_tray.png,recap.png,50,1,176,177,-8.791208791208792,-20.52747252747253,46.72527472527472,57.75824175824176,-2.769230769230769,28.63013698630137,-6.709583282470703,0.5928802490234375,30.85449981689453,61.93029022216797,-2.707803726196289,28.362911224365234
031_roll,put the roll on the tray,8,1,150,7.123,1788424872.4378173,00007_front_put_the_roll_on_the_tray.png,00007_wrist_put_the_roll_on_the_tray.png,recap.png,50,2,177,178,-8.791208791208792,-20.52747252747253,46.72527472527472,57.75824175824176,-2.769230769230769,28.63013698630137,-6.575588226318359,0.949005126953125,30.69867706298828,62.109615325927734,-2.7645444869995117,27.538740158081055
031_roll,put the roll on the tray,8,1,150,7.123,1788424872.4378173,00007_front_put_the_roll_on_the_tray.png,00007_wrist_put_the_roll_on_the_tray.png,recap.png,50,3,178,179,-8.791208791208792,-20.52747252747253,46.72527472527472,57.75824175824176,-2.769230769230769,28.63013698630137,-6.173988342285156,2.3764877319335938,30.35083770751953,62.42003631591797,-2.909604072570801,25.3971004486084
031_roll,put the roll on the tray,8,1,150,7.123,1788424872.4378173,00007_front_put_the_roll_on_the_tray.png,00007_wrist_put_the_roll_on_the_tray.png,recap.png,50,4,179,180,-8.791208791208792,-20.52747252747253,46.72527472527472,57.75824175824176,-2.769230769230769,28.63013698630137,-6.228305816650391,1.6608734130859375,29.879920959472656,62.564117431640625,-2.8845043182373047,22.79665756225586
031_roll,put the roll on the tray,8,1,150,7.123,1788424872.4378173,00007_front_put_the_roll_on_the_tray.png,00007_wrist_put_the_roll_on_the_tray.png,recap.png,50,5,180,181,-8.791208791208792,-20.52747252747253,46.72527472527472,57.75824175824176,-2.769230769230769,28.63013698630137,-6.127233505249023,1.537750244140625,29.586074829101562,62.86412811279297,-2.7317914962768555,20.306049346923828
031_roll,put the roll on the tray,8,1,150,7.123,1788424872.4378173,00007_front_put_the_roll_on_the_tray.png,00007_wrist_put_the_roll_on_the_tray.png,recap.png,50,6,181,182,-8.791208791208792,-20.52747252747253,46.72527472527472,57.75824175824176,-2.769230769230769,28.63013698630137,-6.152988433837891,1.7650299072265625,29.534263610839844,63.01414489746094,-2.544767379760742,17.54290199279785
031_roll,put the roll on the tray,8,1,150,7.123,1788424872.4378173,00007_front_put_the_roll_on_the_tray.png,00007_wrist_put_the_roll_on_the_tray.png,recap.png,50,7,182,183,-8.791208791208792,-20.52747252747253,46.72527472527472,57.75824175824176,-2.769230769230769,28.63013698630137,-5.942840576171875,1.8720779418945312,29.654510498046875,63.104496002197266,-2.7230100631713867,15.282724380493164
031_roll,put the roll on the tray,8,1,150,7.123,1788424872.4378173,00007_front_put_the_roll_on_the_tray.png,00007_wrist_put_the_roll_on_the_tray.png,recap.png,50,8,183,184,-8.791208791208792,-20.52747252747253,46.72527472527472,57.75824175824176,-2.769230769230769,28.63013698630137,-6.218898773193359,1.8871002197265625,30.360504150390625,63.183998107910156,-2.765744209289551,12.76206111907959
031_roll,put the roll on the tray,8,1,150,7.123,1788424872.4378173,00007_front_put_the_roll_on_the_tray.png,00007_wrist_put_the_roll_on_the_tray.png,recap.png,50,9,184,185,-8.791208791208792,-20.52747252747253,46.72527472527472,57.75824175824176,-2.769230769230769,28.63013698630137,-6.025087356567383,2.0235137939453125,29.887405395507812,63.41449737548828,-2.6916065216064453,10.525616645812988
031_roll,put the roll on the tray,8,1,150,7.123,1788424872.4378173,00007_front_put_the_roll_on_the_tray.png,00007_wrist_put_the_roll_on_the_tray.png,recap.png,50,10,185,186,-8.791208791208792,-20.52747252747253,46.72527472527472,57.75824175824176,-2.769230769230769,28.63013698630137,-5.676212310791016,2.0015487670898438,29.77149200439453,63.2225456237793,-2.836944580078125,8.517571449279785
031_roll,put the roll on the tray,8,1,150,7.123,1788424872.4378173,00007_front_put_the_roll_on_the_tray.png,00007_wrist_put_the_roll_on_the_tray.png,recap.png,50,11,186,187,-8.791208791208792,-20.52747252747253,46.72527472527472,57.75824175824176,-2.769230769230769,28.63013698630137,-5.919284820556641,1.0851593017578125,29.838836669921875,63.12423324584961,-2.8073949813842773,7.169544696807861
031_roll,put the roll on the tray,8,1,150,7.123,1788424872.4378173,00007_front_put_the_roll_on_the_tray.png,00007_wrist_put_the_roll_on_the_tray.png,recap.png,50,12,187,188,-8.791208791208792,-20.52747252747253,46.72527472527472,57.75824175824176,-2.769230769230769,28.63013698630137,-6.161678314208984,0.48632049560546875,30.578102111816406,63.22835159301758,-2.795557975769043,6.203359603881836
031_roll,put the roll on the tray,8,1,150,7.123,1788424872.4378173,00007_front_put_the_roll_on_the_tray.png,00007_wrist_put_the_roll_on_the_tray.png,recap.png,50,13,188,189,-8.791208791208792,-20.52747252747253,46.72527472527472,57.75824175824176,-2.769230769230769,28.63013698630137,-5.918451309204102,0.9142074584960938,30.244163513183594,63.470184326171875,-3.1068029403686523,5.78763484954834
031_roll,put the roll on the tray,8,1,150,7.123,1788424872.4378173,00007_front_put_the_roll_on_the_tray.png,00007_wrist_put_the_roll_on_the_tray.png,recap.png,50,14,189,190,-8.791208791208792,-20.52747252747253,46.72527472527472,57.75824175824176,-2.769230769230769,28.63013698630137,-5.9773406982421875,0.6968841552734375,29.75226593017578,63.70387268066406,-3.1007299423217773,5.59754753112793
031_roll,put the roll on the tray,8,1,150,7.123,1788424872.4378173,00007_front_put_the_roll_on_the_tray.png,00007_wrist_put_the_roll_on_the_tray.png,recap.png,50,15,190,191,-8.791208791208792,-20.52747252747253,46.72527472527472,57.75824175824176,-2.769230769230769,28.63013698630137,-6.251258850097656,0.6621932983398438,29.620315551757812,63.98481369018555,-3.1157941818237305,5.573807239532471
031_roll,put the roll on the tray,8,1,150,7.123,1788424872.4378173,00007_front_put_the_roll_on_the_tray.png,00007_wrist_put_the_roll_on_the_tray.png,recap.png,50,16,191,192,-8.791208791208792,-20.52747252747253,46.72527472527472,57.75824175824176,-2.769230769230769,28.63013698630137,-6.298063278198242,0.0236663818359375,29.07611846923828,64.32935333251953,-3.3963441848754883,5.914064884185791
031_roll,put the roll on the tray,8,1,150,7.123,1788424872.4378173,00007_front_put_the_roll_on_the_tray.png,00007_wrist_put_the_roll_on_the_tray.png,recap.png,50,17,192,193,-8.791208791208792,-20.52747252747253,46.72527472527472,57.75824175824176,-2.769230769230769,28.63013698630137,-6.350728988647461,0.39373779296875,28.790847778320312,64.79269409179688,-3.5718564987182617,6.068342208862305
031_roll,put the roll on the tray,8,1,150,7.123,1788424872.4378173,00007_front_put_the_roll_on_the_tray.png,00007_wrist_put_the_roll_on_the_tray.png,recap.png,50,18,193,194,-8.791208791208792,-20.52747252747253,46.72527472527472,57.75824175824176,-2.769230769230769,28.63013698630137,-6.263914108276367,0.16387176513671875,28.676376342773438,65.31484985351562,-3.599715232849121,6.137576103210449
031_roll,put the roll on the tray,8,1,150,7.123,1788424872.4378173,00007_front_put_the_roll_on_the_tray.png,00007_wrist_put_the_roll_on_the_tray.png,recap.png,50,19,194,195,-8.791208791208792,-20.52747252747253,46.72527472527472,57.75824175824176,-2.769230769230769,28.63013698630137,-6.238136291503906,-0.12989044189453125,28.188003540039062,65.81251525878906,-3.7309494018554688,6.125477313995361
031_roll,put the roll on the tray,8,1,150,7.123,1788424872.4378173,00007_front_put_the_roll_on_the_tray.png,00007_wrist_put_the_roll_on_the_tray.png,recap.png,50,20,195,196,-8.791208791208792,-20.52747252747253,46.72527472527472,57.75824175824176,-2.769230769230769,28.63013698630137,-6.285737991333008,-0.4915618896484375,27.91412353515625,66.42436218261719,-3.8744935989379883,6.02504301071167
031_roll,put the roll on the tray,8,1,150,7.123,1788424872.4378173,00007_front_put_the_roll_on_the_tray.png,00007_wrist_put_the_roll_on_the_tray.png,recap.png,50,21,196,197,-8.791208791208792,-20.52747252747253,46.72527472527472,57.75824175824176,-2.769230769230769,28.63013698630137,-6.292457580566406,0.30127716064453125,27.520675659179688,67.2048110961914,-4.074577331542969,5.999053478240967
031_roll,put the roll on the tray,8,1,150,7.123,1788424872.4378173,00007_front_put_the_roll_on_the_tray.png,00007_wrist_put_the_roll_on_the_tray.png,recap.png,50,22,197,198,-8.791208791208792,-20.52747252747253,46.72527472527472,57.75824175824176,-2.769230769230769,28.63013698630137,-6.33143424987793,-0.7867889404296875,26.653884887695312,68.27765655517578,-4.2453694343566895,5.832951068878174
031_roll,put the roll on the tray,8,1,150,7.123,1788424872.4378173,00007_front_put_the_roll_on_the_tray.png,00007_wrist_put_the_roll_on_the_tray.png,recap.png,50,23,198,199,-8.791208791208792,-20.52747252747253,46.72527472527472,57.75824175824176,-2.769230769230769,28.63013698630137,-6.238651275634766,-1.5637893676757812,26.087257385253906,69.11216735839844,-4.376852989196777,5.718436241149902
031_roll,put the roll on the tray,8,1,150,7.123,1788424872.4378173,00007_front_put_the_roll_on_the_tray.png,00007_wrist_put_the_roll_on_the_tray.png,recap.png,50,24,199,200,-8.791208791208792,-20.52747252747253,46.72527472527472,57.75824175824176,-2.769230769230769,28.63013698630137,-6.237943649291992,-1.450897216796875,25.814834594726562,70.1563720703125,-4.590422630310059,5.688558101654053
031_roll,put the roll on the tray,9,1,174,7.96,1788424873.2746036,00008_front_put_the_roll_on_the_tray.png,00008_wrist_put_the_roll_on_the_tray.png,recap.png,50,0,200,201,-9.23076923076923,-1.8021978021978022,36.43956043956044,60.65934065934066,-3.7362637362637363,24.726027397260275,-10.93488883972168,-1.7177734375,22.490074157714844,69.0009765625,-6.266740798950195,6.496123790740967
031_roll,put the roll on the tray,9,1,174,7.96,1788424873.2746036,00008_front_put_the_roll_on_the_tray.png,00008_wrist_put_the_roll_on_the_tray.png,recap.png,50,1,201,202,-9.23076923076923,-1.8021978021978022,36.43956043956044,60.65934065934066,-3.7362637362637363,24.726027397260275,-10.90818977355957,-3.3286361694335938,22.362319946289062,69.59809112548828,-6.317329406738281,6.53754186630249
031_roll,put the roll on the tray,9,1,174,7.96,1788424873.2746036,00008_front_put_the_roll_on_the_tray.png,00008_wrist_put_the_roll_on_the_tray.png,recap.png,50,2,202,203,-9.23076923076923,-1.8021978021978022,36.43956043956044,60.65934065934066,-3.7362637362637363,24.726027397260275,-10.84976577758789,-2.6691055297851562,22.175636291503906,70.1861801147461,-6.590366840362549,6.156067848205566
031_roll,put the roll on the tray,9,1,174,7.96,1788424873.2746036,00008_front_put_the_roll_on_the_tray.png,00008_wrist_put_the_roll_on_the_tray.png,recap.png,50,3,203,204,-9.23076923076923,-1.8021978021978022,36.43956043956044,60.65934065934066,-3.7362637362637363,24.726027397260275,-10.591581344604492,-2.9335708618164062,21.21373748779297,70.93669128417969,-6.412494659423828,6.170137882232666
031_roll,put the roll on the tray,9,1,174,7.96,1788424873.2746036,00008_front_put_the_roll_on_the_tray.png,00008_wrist_put_the_roll_on_the_tray.png,recap.png,50,4,204,205,-9.23076923076923,-1.8021978021978022,36.43956043956044,60.65934065934066,-3.7362637362637363,24.726027397260275,-10.965389251708984,-4.1139984130859375,21.221633911132812,71.74873352050781,-6.562916278839111,5.976344585418701
031_roll,put the roll on the tray,9,1,174,7.96,1788424873.2746036,00008_front_put_the_roll_on_the_tray.png,00008_wrist_put_the_roll_on_the_tray.png,recap.png,50,5,205,206,-9.23076923076923,-1.8021978021978022,36.43956043956044,60.65934065934066,-3.7362637362637363,24.726027397260275,-10.47732162475586,-4.5186309814453125,19.126914978027344,72.39849090576172,-6.527104377746582,6.067878246307373
031_roll,put the roll on the tray,9,1,174,7.96,1788424873.2746036,00008_front_put_the_roll_on_the_tray.png,00008_wrist_put_the_roll_on_the_tray.png,recap.png,50,6,206,207,-9.23076923076923,-1.8021978021978022,36.43956043956044,60.65934065934066,-3.7362637362637363,24.726027397260275,-10.616098403930664,-5.545585632324219,20.04876708984375,73.60991668701172,-6.637813091278076,6.191993713378906
031_roll,put the roll on the tray,9,1,174,7.96,1788424873.2746036,00008_front_put_the_roll_on_the_tray.png,00008_wrist_put_the_roll_on_the_tray.png,recap.png,50,7,207,208,-9.23076923076923,-1.8021978021978022,36.43956043956044,60.65934065934066,-3.7362637362637363,24.726027397260275,-10.850494384765625,-6.803070068359375,18.447914123535156,74.53887939453125,-6.523010730743408,6.353235721588135
031_roll,put the roll on the tray,9,1,174,7.96,1788424873.2746036,00008_front_put_the_roll_on_the_tray.png,00008_wrist_put_the_roll_on_the_tray.png,recap.png,50,8,208,209,-9.23076923076923,-1.8021978021978022,36.43956043956044,60.65934065934066,-3.7362637362637363,24.726027397260275,-10.605508804321289,-7.543922424316406,18.630233764648438,75.63813781738281,-6.73751974105835,6.484306335449219
031_roll,put the roll on the tray,9,1,174,7.96,1788424873.2746036,00008_front_put_the_roll_on_the_tray.png,00008_wrist_put_the_roll_on_the_tray.png,recap.png,50,9,209,210,-9.23076923076923,-1.8021978021978022,36.43956043956044,60.65934065934066,-3.7362637362637363,24.726027397260275,-10.245830535888672,-8.112525939941406,17.940147399902344,76.29229736328125,-6.8995041847229,6.4028472900390625
031_roll,put the roll on the tray,9,1,174,7.96,1788424873.2746036,00008_front_put_the_roll_on_the_tray.png,00008_wrist_put_the_roll_on_the_tray.png,recap.png,50,10,210,211,-9.23076923076923,-1.8021978021978022,36.43956043956044,60.65934065934066,-3.7362637362637363,24.726027397260275,-10.049211502075195,-8.969673156738281,16.806228637695312,77.45484924316406,-6.774092197418213,6.314817905426025
031_roll,put the roll on the tray,9,1,174,7.96,1788424873.2746036,00008_front_put_the_roll_on_the_tray.png,00008_wrist_put_the_roll_on_the_tray.png,recap.png,50,11,211,212,-9.23076923076923,-1.8021978021978022,36.43956043956044,60.65934065934066,-3.7362637362637363,24.726027397260275,-9.142959594726562,-10.190765380859375,16.072906494140625,78.26315307617188,-6.830062389373779,6.297642230987549
031_roll,put the roll on the tray,9,1,174,7.96,1788424873.2746036,00008_front_put_the_roll_on_the_tray.png,00008_wrist_put_the_roll_on_the_tray.png,recap.png,50,12,212,213,-9.23076923076923,-1.8021978021978022,36.43956043956044,60.65934065934066,-3.7362637362637363,24.726027397260275,-8.97761344909668,-11.650482177734375,16.513748168945312,79.10404968261719,-6.741146087646484,6.46934175491333
031_roll,put the roll on the tray,9,1,174,7.96,1788424873.2746036,00008_front_put_the_roll_on_the_tray.png,00008_wrist_put_the_roll_on_the_tray.png,recap.png,50,13,213,214,-9.23076923076923,-1.8021978021978022,36.43956043956044,60.65934065934066,-3.7362637362637363,24.726027397260275,-8.824346542358398,-12.635513305664062,16.555206298828125,79.95173645019531,-6.753746032714844,6.3902459144592285
031_roll,put the roll on the tray,9,1,174,7.96,1788424873.2746036,00008_front_put_the_roll_on_the_tray.png,00008_wrist_put_the_roll_on_the_tray.png,recap.png,50,14,214,215,-9.23076923076923,-1.8021978021978022,36.43956043956044,60.65934065934066,-3.7362637362637363,24.726027397260275,-8.299806594848633,-14.26873779296875,15.517288208007812,80.54036712646484,-6.764150142669678,6.27115535736084
031_roll,put the roll on the tray,9,1,174,7.96,1788424873.2746036,00008_front_put_the_roll_on_the_tray.png,00008_wrist_put_the_roll_on_the_tray.png,recap.png,50,15,215,216,-9.23076923076923,-1.8021978021978022,36.43956043956044,60.65934065934066,-3.7362637362637363,24.726027397260275,-7.274181365966797,-14.906394958496094,15.617347717285156,80.91552734375,-6.479846477508545,6.455318450927734
031_roll,put the roll on the tray,9,1,174,7.96,1788424873.2746036,00008_front_put_the_roll_on_the_tray.png,00008_wrist_put_the_roll_on_the_tray.png,recap.png,50,16,216,217,-9.23076923076923,-1.8021978021978022,36.43956043956044,60.65934065934066,-3.7362637362637363,24.726027397260275,-6.479301452636719,-15.309196472167969,15.686996459960938,81.54804992675781,-6.720367431640625,6.354544162750244
031_roll,put the roll on the tray,9,1,174,7.96,1788424873.2746036,00008_front_put_the_roll_on_the_tray.png,00008_wrist_put_the_roll_on_the_tray.png,recap.png,50,17,217,218,-9.23076923076923,-1.8021978021978022,36.43956043956044,60.65934065934066,-3.7362637362637363,24.726027397260275,-5.754343032836914,-17.637611389160156,15.534042358398438,82.13778686523438,-6.328941822052002,6.447285175323486
031_roll,put the roll on the tray,9,1,174,7.96,1788424873.2746036,00008_front_put_the_roll_on_the_tray.png,00008_wrist_put_the_roll_on_the_tray.png,recap.png,50,18,218,219,-9.23076923076923,-1.8021978021978022,36.43956043956044,60.65934065934066,-3.7362637362637363,24.726027397260275,-4.62054443359375,-16.73090362548828,14.346549987792969,82.30024719238281,-6.3856024742126465,6.533020496368408
031_roll,put the roll on the tray,9,1,174,7.96,1788424873.2746036,00008_front_put_the_roll_on_the_tray.png,00008_wrist_put_the_roll_on_the_tray.png,recap.png,50,19,219,220,-9.23076923076923,-1.8021978021978022,36.43956043956044,60.65934065934066,-3.7362637362637363,24.726027397260275,-3.5055084228515625,-17.24078369140625,14.109321594238281,82.33467102050781,-6.02864408493042,6.540225982666016
031_roll,put the roll on the tray,9,1,174,7.96,1788424873.2746036,00008_front_put_the_roll_on_the_tray.png,00008_wrist_put_the_roll_on_the_tray.png,recap.png,50,20,220,221,-9.23076923076923,-1.8021978021978022,36.43956043956044,60.65934065934066,-3.7362637362637363,24.726027397260275,-2.7390518188476562,-17.74304962158203,14.542839050292969,82.26637268066406,-5.833798408508301,6.475417137145996
031_roll,put the roll on the tray,9,1,174,7.96,1788424873.2746036,00008_front_put_the_roll_on_the_tray.png,00008_wrist_put_the_roll_on_the_tray.png,recap.png,50,21,221,222,-9.23076923076923,-1.8021978021978022,36.43956043956044,60.65934065934066,-3.7362637362637363,24.726027397260275,-1.7319755554199219,-18.04010772705078,14.0289306640625,82.05194091796875,-5.6895856857299805,6.460845470428467
031_roll,put the roll on the tray,9,1,174,7.96,1788424873.2746036,00008_front_put_the_roll_on_the_tray.png,00008_wrist_put_the_roll_on_the_tray.png,recap.png,50,22,222,223,-9.23076923076923,-1.8021978021978022,36.43956043956044,60.65934065934066,-3.7362637362637363,24.726027397260275,-0.6016769409179688,-19.177818298339844,14.273757934570312,82.27313232421875,-5.52509069442749,6.284179210662842
031_roll,put the roll on the tray,9,1,174,7.96,1788424873.2746036,00008_front_put_the_roll_on_the_tray.png,00008_wrist_put_the_roll_on_the_tray.png,recap.png,50,23,223,224,-9.23076923076923,-1.8021978021978022,36.43956043956044,60.65934065934066,-3.7362637362637363,24.726027397260275,-0.006725311279296875,-19.192398071289062,14.582290649414062,82.27383422851562,-5.20374059677124,6.308349609375
031_roll,put the roll on the tray,10,1,199,8.867,1788424874.183265,00009_front_put_the_roll_on_the_tray.png,00009_wrist_put_the_roll_on_the_tray.png,recap.png,50,0,224,225,-6.329670329670329,2.32967032967033,29.934065934065934,66.98901098901099,-3.5604395604395602,16.232876712328768,0.9532318115234375,-22.397499084472656,16.228172302246094,84.23570251464844,-5.079249858856201,6.979336261749268
031_roll,put the roll on the tray,10,1,199,8.867,1788424874.183265,00009_front_put_the_roll_on_the_tray.png,00009_wrist_put_the_roll_on_the_tray.png,recap.png,50,1,225,226,-6.329670329670329,2.32967032967033,29.934065934065934,66.98901098901099,-3.5604395604395602,16.232876712328768,2.31536865234375,-23.19195556640625,16.16014862060547,84.02572631835938,-5.028181076049805,7.037538528442383
031_roll,put the roll on the tray,10,1,199,8.867,1788424874.183265,00009_front_put_the_roll_on_the_tray.png,00009_wrist_put_the_roll_on_the_tray.png,recap.png,50,2,226,227,-6.329670329670329,2.32967032967033,29.934065934065934,66.98901098901099,-3.5604395604395602,16.232876712328768,3.37188720703125,-23.641555786132812,16.28997802734375,83.61309051513672,-4.907548904418945,7.065362453460693
031_roll,put the roll on the tray,10,1,199,8.867,1788424874.183265,00009_front_put_the_roll_on_the_tray.png,00009_wrist_put_the_roll_on_the_tray.png,recap.png,50,3,227,228,-6.329670329670329,2.32967032967033,29.934065934065934,66.98901098901099,-3.5604395604395602,16.232876712328768,4.303577423095703,-22.569900512695312,15.542373657226562,83.58648681640625,-4.607950687408447,7.079869270324707
031_roll,put the roll on the tray,10,1,199,8.867,1788424874.183265,00009_front_put_the_roll_on_the_tray.png,00009_wrist_put_the_roll_on_the_tray.png,recap.png,50,4,228,229,-6.329670329670329,2.32967032967033,29.934065934065934,66.98901098901099,-3.5604395604395602,16.232876712328768,5.158893585205078,-22.494224548339844,15.266502380371094,83.521484375,-4.502280235290527,6.985387325286865
031_roll,put the roll on the tray,10,1,199,8.867,1788424874.183265,00009_front_put_the_roll_on_the_tray.png,00009_wrist_put_the_roll_on_the_tray.png,recap.png,50,5,229,230,-6.329670329670329,2.32967032967033,29.934065934065934,66.98901098901099,-3.5604395604395602,16.232876712328768,6.269706726074219,-22.139305114746094,14.813011169433594,83.39204406738281,-4.394956588745117,7.035877227783203
031_roll,put the roll on the tray,10,1,199,8.867,1788424874.183265,00009_front_put_the_roll_on_the_tray.png,00009_wrist_put_the_roll_on_the_tray.png,recap.png,50,6,230,231,-6.329670329670329,2.32967032967033,29.934065934065934,66.98901098901099,-3.5604395604395602,16.232876712328768,7.125270843505859,-22.227447509765625,14.360382080078125,83.20567321777344,-4.241220474243164,7.050839424133301
031_roll,put the roll on the tray,10,1,199,8.867,1788424874.183265,00009_front_put_the_roll_on_the_tray.png,00009_wrist_put_the_roll_on_the_tray.png,recap.png,50,7,231,232,-6.329670329670329,2.32967032967033,29.934065934065934,66.98901098901099,-3.5604395604395602,16.232876712328768,8.339935302734375,-22.600509643554688,14.877159118652344,82.62248229980469,-4.133169174194336,7.143535137176514
031_roll,put the roll on the tray,10,1,199,8.867,1788424874.183265,00009_front_put_the_roll_on_the_tray.png,00009_wrist_put_the_roll_on_the_tray.png,recap.png,50,8,232,233,-6.329670329670329,2.32967032967033,29.934065934065934,66.98901098901099,-3.5604395604395602,16.232876712328768,9.168109893798828,-21.303634643554688,13.705596923828125,82.67033386230469,-4.0074663162231445,7.188505172729492
031_roll,put the roll on the tray,10,1,199,8.867,1788424874.183265,00009_front_put_the_roll_on_the_tray.png,00009_wrist_put_the_roll_on_the_tray.png,recap.png,50,9,233,234,-6.329670329670329,2.32967032967033,29.934065934065934,66.98901098901099,-3.5604395604395602,16.232876712328768,10.285736083984375,-21.263160705566406,12.888442993164062,82.49346923828125,-3.750398635864258,7.160861492156982
031_roll,put the roll on the tray,10,1,199,8.867,1788424874.183265,00009_front_put_the_roll_on_the_tray.png,00009_wrist_put_the_roll_on_the_tray.png,recap.png,50,10,234,235,-6.329670329670329,2.32967032967033,29.934065934065934,66.98901098901099,-3.5604395604395602,16.232876712328768,11.2135009765625,-20.963836669921875,12.879722595214844,82.52314758300781,-3.482328414916992,7.085469722747803
031_roll,put the roll on the tray,10,1,199,8.867,1788424874.183265,00009_front_put_the_roll_on_the_tray.png,00009_wrist_put_the_roll_on_the_tray.png,recap.png,50,11,235,236,-6.329670329670329,2.32967032967033,29.934065934065934,66.98901098901099,-3.5604395604395602,16.232876712328768,12.24441146850586,-20.236595153808594,12.034919738769531,82.60342407226562,-3.209824562072754,7.268728733062744
031_roll,put the roll on the tray,10,1,199,8.867,1788424874.183265,00009_front_put_the_roll_on_the_tray.png,00009_wrist_put_the_roll_on_the_tray.png,recap.png,50,12,236,237,-6.329670329670329,2.32967032967033,29.934065934065934,66.98901098901099,-3.5604395604395602,16.232876712328768,13.387203216552734,-19.832809448242188,11.778785705566406,82.33578491210938,-2.75772762298584,7.0915985107421875
031_roll,put the roll on the tray,10,1,199,8.867,1788424874.183265,00009_front_put_the_roll_on_the_tray.png,00009_wrist_put_the_roll_on_the_tray.png,recap.png,50,13,237,238,-6.329670329670329,2.32967032967033,29.934065934065934,66.98901098901099,-3.5604395604395602,16.232876712328768,13.995773315429688,-18.968101501464844,11.337860107421875,82.06806182861328,-2.22353458404541,7.173804759979248
031_roll,put the roll on the tray,10,1,199,8.867,1788424874.183265,00009_front_put_the_roll_on_the_tray.png,00009_wrist_put_the_roll_on_the_tray.png,recap.png,50,14,238,239,-6.329670329670329,2.32967032967033,29.934065934065934,66.98901098901099,-3.5604395604395602,16.232876712328768,14.91732406616211,-18.62786102294922,10.6807861328125,81.98133850097656,-1.790482521057129,6.923110485076904
031_roll,put the roll on the tray,10,1,199,8.867,1788424874.183265,00009_front_put_the_roll_on_the_tray.png,00009_wrist_put_the_roll_on_the_tray.png,recap.png,50,15,239,240,-6.329670329670329,2.32967032967033,29.934065934065934,66.98901098901099,-3.5604395604395602,16.232876712328768,15.80069351196289,-18.2489013671875,10.163963317871094,81.5662612915039,-1.5389184951782227,7.192277908325195
031_roll,put the roll on the tray,10,1,199,8.867,1788424874.183265,00009_front_put_the_roll_on_the_tray.png,00009_wrist_put_the_roll_on_the_tray.png,recap.png,50,16,240,241,-6.329670329670329,2.32967032967033,29.934065934065934,66.98901098901099,-3.5604395604395602,16.232876712328768,16.4674072265625,-18.251220703125,10.293014526367188,81.35189056396484,-1.2115230560302734,7.1496381759643555
031_roll,put the roll on the tray,10,1,199,8.867,1788424874.183265,00009_front_put_the_roll_on_the_tray.png,00009_wrist_put_the_roll_on_the_tray.png,recap.png,50,17,241,242,-6.329670329670329,2.32967032967033,29.934065934065934,66.98901098901099,-3.5604395604395602,16.232876712328768,17.435466766357422,-17.600730895996094,9.604820251464844,81.11518096923828,-1.3417882919311523,7.02133846282959
031_roll,put the roll on the tray,10,1,199,8.867,1788424874.183265,00009_front_put_the_roll_on_the_tray.png,00009_wrist_put_the_roll_on_the_tray.png,recap.png,50,18,242,243,-6.329670329670329,2.32967032967033,29.934065934065934,66.98901098901099,-3.5604395604395602,16.232876712328768,18.139530181884766,-17.55821990966797,9.903678894042969,80.5029296875,-0.9513845443725586,7.120564937591553
031_roll,put the roll on the tray,10,1,199,8.867,1788424874.183265,00009_front_put_the_roll_on_the_tray.png,00009_wrist_put_the_roll_on_the_tray.png,recap.png,50,19,243,244,-6.329670329670329,2.32967032967033,29.934065934065934,66.98901098901099,-3.5604395604395602,16.232876712328768,19.509506225585938,-17.94518280029297,11.020004272460938,80.11512756347656,-0.9811630249023438,6.9770684242248535
031_roll,put the roll on the tray,10,1,199,8.867,1788424874.183265,00009_front_put_the_roll_on_the_tray.png,00009_wrist_put_the_roll_on_the_tray.png,recap.png,50,20,244,245,-6.329670329670329,2.32967032967033,29.934065934065934,66.98901098901099,-3.5604395604395602,16.232876712328768,20.063400268554688,-16.926101684570312,10.141700744628906,79.600830078125,-0.9235925674438477,7.319362163543701
031_roll,put the roll on the tray,10,1,199,8.867,1788424874.183265,00009_front_put_the_roll_on_the_tray.png,00009_wrist_put_the_roll_on_the_tray.png,recap.png,50,21,245,246,-6.329670329670329,2.32967032967033,29.934065934065934,66.98901098901099,-3.5604395604395602,16.232876712328768,20.830612182617188,-16.800506591796875,9.979103088378906,79.11727142333984,-0.9449958801269531,7.0349955558776855
031_roll,put the roll on the tray,10,1,199,8.867,1788424874.183265,00009_front_put_the_roll_on_the_tray.png,00009_wrist_put_the_roll_on_the_tray.png,recap.png,50,22,246,247,-6.329670329670329,2.32967032967033,29.934065934065934,66.98901098901099,-3.5604395604395602,16.232876712328768,21.416866302490234,-15.68023681640625,10.128768920898438,78.41866302490234,-0.6703271865844727,7.032074928283691
031_roll,put the roll on the tray,10,1,199,8.867,1788424874.183265,00009_front_put_the_roll_on_the_tray.png,00009_wrist_put_the_roll_on_the_tray.png,recap.png,50,23,247,248,-6.329670329670329,2.32967032967033,29.934065934065934,66.98901098901099,-3.5604395604395602,16.232876712328768,22.379173278808594,-14.674446105957031,9.676597595214844,78.33999633789062,-0.7319765090942383,7.246519088745117
031_roll,put the roll on the tray,10,1,199,8.867,1788424874.183265,00009_front_put_the_roll_on_the_tray.png,00009_wrist_put_the_roll_on_the_tray.png,recap.png,50,24,248,249,-6.329670329670329,2.32967032967033,29.934065934065934,66.98901098901099,-3.5604395604395602,16.232876712328768,23.175914764404297,-13.441558837890625,8.437141418457031,77.80830383300781,-0.8197231292724609,7.0392889976501465
031_roll,put the roll on the tray,11,1,223,9.803,1788424875.1185803,00010_front_put_the_roll_on_the_tray.png,00010_wrist_put_the_roll_on_the_tray.png,recap.png,50,0,249,250,-3.340659340659341,-13.846153846153847,18.153846153846153,82.02197802197803,-6.197802197802198,16.232876712328768,30.068946838378906,-10.274795532226562,4.117496490478516,73.20143127441406,-2.591435432434082,6.654792785644531
031_roll,put the roll on the tray,11,1,223,9.803,1788424875.1185803,00010_front_put_the_roll_on_the_tray.png,00010_wrist_put_the_roll_on_the_tray.png,recap.png,50,1,250,251,-3.340659340659341,-13.846153846153847,18.153846153846153,82.02197802197803,-6.197802197802198,16.232876712328768,30.880767822265625,-8.577171325683594,2.483318328857422,72.82917785644531,-2.6934967041015625,6.655338764190674
031_roll,put the roll on the tray,11,1,223,9.803,1788424875.1185803,00010_front_put_the_roll_on_the_tray.png,00010_wrist_put_the_roll_on_the_tray.png,recap.png,50,2,251,252,-3.340659340659341,-13.846153846153847,18.153846153846153,82.02197802197803,-6.197802197802198,16.232876712328768,31.609516143798828,-6.2720184326171875,1.0108451843261719,72.81388854980469,-2.6536741256713867,6.573177814483643
031_roll,put the roll on the tray,11,1,223,9.803,1788424875.1185803,00010_front_put_the_roll_on_the_tray.png,00010_wrist_put_the_roll_on_the_tray.png,recap.png,50,3,252,253,-3.340659340659341,-13.846153846153847,18.153846153846153,82.02197802197803,-6.197802197802198,16.232876712328768,31.833148956298828,-4.5573883056640625,-0.6292190551757812,72.80450439453125,-2.5675106048583984,6.641838073730469
031_roll,put the roll on the tray,11,1,223,9.803,1788424875.1185803,00010_front_put_the_roll_on_the_tray.png,00010_wrist_put_the_roll_on_the_tray.png,recap.png,50,4,253,254,-3.340659340659341,-13.846153846153847,18.153846153846153,82.02197802197803,-6.197802197802198,16.232876712328768,32.121944427490234,-2.3487472534179688,-2.6569747924804688,72.83245086669922,-2.6087255477905273,6.6880412101745605
031_roll,put the roll on the tray,11,1,223,9.803,1788424875.1185803,00010_front_put_the_roll_on_the_tray.png,00010_wrist_put_the_roll_on_the_tray.png,recap.png,50,5,254,255,-3.340659340659341,-13.846153846153847,18.153846153846153,82.02197802197803,-6.197802197802198,16.232876712328768,32.65236282348633,-0.6229095458984375,-4.239986419677734,73.0811996459961,-2.547774314880371,6.6094584465026855
031_roll,put the roll on the tray,11,1,223,9.803,1788424875.1185803,00010_front_put_the_roll_on_the_tray.png,00010_wrist_put_the_roll_on_the_tray.png,recap.png,50,6,255,256,-3.340659340659341,-13.846153846153847,18.153846153846153,82.02197802197803,-6.197802197802198,16.232876712328768,33.0009880065918,1.3126296997070312,-5.529987335205078,73.06043243408203,-2.444744110107422,6.785653114318848
031_roll,put the roll on the tray,11,1,223,9.803,1788424875.1185803,00010_front_put_the_roll_on_the_tray.png,00010_wrist_put_the_roll_on_the_tray.png,recap.png,50,7,256,257,-3.340659340659341,-13.846153846153847,18.153846153846153,82.02197802197803,-6.197802197802198,16.232876712328768,33.98725509643555,3.1970443725585938,-6.418758392333984,72.89476013183594,-2.5189599990844727,6.597494602203369
031_roll,put the roll on the tray,11,1,223,9.803,1788424875.1185803,00010_front_put_the_roll_on_the_tray.png,00010_wrist_put_the_roll_on_the_tray.png,recap.png,50,8,257,258,-3.340659340659341,-13.846153846153847,18.153846153846153,82.02197802197803,-6.197802197802198,16.232876712328768,33.8853874206543,4.333648681640625,-7.8874969482421875,72.90961456298828,-2.491143226623535,6.737015724182129
031_roll,put the roll on the tray,11,1,223,9.803,1788424875.1185803,00010_front_put_the_roll_on_the_tray.png,00010_wrist_put_the_roll_on_the_tray.png,recap.png,50,9,258,259,-3.340659340659341,-13.846153846153847,18.153846153846153,82.02197802197803,-6.197802197802198,16.232876712328768,34.40177536010742,6.534584045410156,-9.399112701416016,72.90751647949219,-2.539510726928711,6.618901252746582
031_roll,put the roll on the tray,11,1,223,9.803,1788424875.1185803,00010_front_put_the_roll_on_the_tray.png,00010_wrist_put_the_roll_on_the_tray.png,recap.png,50,10,259,260,-3.340659340659341,-13.846153846153847,18.153846153846153,82.02197802197803,-6.197802197802198,16.232876712328768,34.69747543334961,7.855171203613281,-10.47225570678711,72.81222534179688,-2.4877309799194336,6.452067852020264
031_roll,put the roll on the tray,11,1,223,9.803,1788424875.1185803,00010_front_put_the_roll_on_the_tray.png,00010_wrist_put_the_roll_on_the_tray.png,recap.png,50,11,260,261,-3.340659340659341,-13.846153846153847,18.153846153846153,82.02197802197803,-6.197802197802198,16.232876712328768,35.26907730102539,9.435203552246094,-11.258724212646484,73.16175842285156,-2.5675249099731445,6.602373123168945
031_roll,put the roll on the tray,11,1,223,9.803,1788424875.1185803,00010_front_put_the_roll_on_the_tray.png,00010_wrist_put_the_roll_on_the_tray.png,recap.png,50,12,261,262,-3.340659340659341,-13.846153846153847,18.153846153846153,82.02197802197803,-6.197802197802198,16.232876712328768,35.62180709838867,9.803932189941406,-13.219306945800781,72.94015502929688,-2.5555973052978516,6.528775215148926
031_roll,put the roll on the tray,11,1,223,9.803,1788424875.1185803,00010_front_put_the_roll_on_the_tray.png,00010_wrist_put_the_roll_on_the_tray.png,recap.png,50,13,262,263,-3.340659340659341,-13.846153846153847,18.153846153846153,82.02197802197803,-6.197802197802198,16.232876712328768,36.08267593383789,11.786544799804688,-13.285076141357422,73.21990966796875,-2.399812698364258,6.5689473152160645
031_roll,put the roll on the tray,11,1,223,9.803,1788424875.1185803,00010_front_put_the_roll_on_the_tray.png,00010_wrist_put_the_roll_on_the_tray.png,recap.png,50,14,263,264,-3.340659340659341,-13.846153846153847,18.153846153846153,82.02197802197803,-6.197802197802198,16.232876712328768,36.46174240112305,12.654747009277344,-13.72713851928711,73.17788696289062,-2.5616559982299805,6.634954452514648
031_roll,put the roll on the tray,11,1,223,9.803,1788424875.1185803,00010_front_put_the_roll_on_the_tray.png,00010_wrist_put_the_roll_on_the_tray.png,recap.png,50,15,264,265,-3.340659340659341,-13.846153846153847,18.153846153846153,82.02197802197803,-6.197802197802198,16.232876712328768,36.97941970825195,14.345565795898438,-15.327239990234375,73.3011245727539,-2.593280792236328,6.61713981628418
031_roll,put the roll on the tray,11,1,223,9.803,1788424875.1185803,00010_front_put_the_roll_on_the_tray.png,00010_wrist_put_the_roll_on_the_tray.png,recap.png,50,16,265,266,-3.340659340659341,-13.846153846153847,18.153846153846153,82.02197802197803,-6.197802197802198,16.232876712328768,37.43552780151367,14.6263427734375,-17.345008850097656,73.44902801513672,-2.473217010498047,6.520698547363281
031_roll,put the roll on the tray,11,1,223,9.803,1788424875.1185803,00010_front_put_the_roll_on_the_tray.png,00010_wrist_put_the_roll_on_the_tray.png,recap.png,50,17,266,267,-3.340659340659341,-13.846153846153847,18.153846153846153,82.02197802197803,-6.197802197802198,16.232876712328768,38.2302360534668,15.586418151855469,-16.42926788330078,73.55949401855469,-2.6098861694335938,6.745589256286621
031_roll,put the roll on the tray,11,1,223,9.803,1788424875.1185803,00010_front_put_the_roll_on_the_tray.png,00010_wrist_put_the_roll_on_the_tray.png,recap.png,50,18,267,268,-3.340659340659341,-13.846153846153847,18.153846153846153,82.02197802197803,-6.197802197802198,16.232876712328768,38.50936508178711,17.537277221679688,-18.30630874633789,73.50330352783203,-2.5648841857910156,6.6902570724487305
031_roll,put the roll on the tray,11,1,223,9.803,1788424875.1185803,00010_front_put_the_roll_on_the_tray.png,00010_wrist_put_the_roll_on_the_tray.png,recap.png,50,19,268,269,-3.340659340659341,-13.846153846153847,18.153846153846153,82.02197802197803,-6.197802197802198,16.232876712328768,38.52609634399414,17.685272216796875,-18.45022201538086,73.52945709228516,-2.5296382904052734,6.913383483886719
031_roll,put the roll on the tray,11,1,223,9.803,1788424875.1185803,00010_front_put_the_roll_on_the_tray.png,00010_wrist_put_the_roll_on_the_tray.png,recap.png,50,20,269,270,-3.340659340659341,-13.846153846153847,18.153846153846153,82.02197802197803,-6.197802197802198,16.232876712328768,38.89364242553711,19.812606811523438,-19.472702026367188,73.38343811035156,-2.6961183547973633,6.7022528648376465
031_roll,put the roll on the tray,11,1,223,9.803,1788424875.1185803,00010_front_put_the_roll_on_the_tray.png,00010_wrist_put_the_roll_on_the_tray.png,recap.png,50,21,270,271,-3.340659340659341,-13.846153846153847,18.153846153846153,82.02197802197803,-6.197802197802198,16.232876712328768,38.99898147583008,20.453460693359375,-20.55590057373047,73.69630432128906,-2.6256723403930664,6.8783793449401855
031_roll,put the roll on the tray,11,1,223,9.803,1788424875.1185803,00010_front_put_the_roll_on_the_tray.png,00010_wrist_put_the_roll_on_the_tray.png,recap.png,50,22,271,272,-3.340659340659341,-13.846153846153847,18.153846153846153,82.02197802197803,-6.197802197802198,16.232876712328768,39.15199661254883,21.763946533203125,-21.68492889404297,73.36186218261719,-2.807157516479492,6.804687023162842
031_roll,put the roll on the tray,11,1,223,9.803,1788424875.1185803,00010_front_put_the_roll_on_the_tray.png,00010_wrist_put_the_roll_on_the_tray.png,recap.png,50,23,272,273,-3.340659340659341,-13.846153846153847,18.153846153846153,82.02197802197803,-6.197802197802198,16.232876712328768,38.98075485229492,22.77094268798828,-23.351848602294922,73.31696319580078,-2.645998954772949,7.0753889083862305
031_roll,put the roll on the tray,12,1,248,10.773,1788424876.0874252,00011_front_put_the_roll_on_the_tray.png,00011_wrist_put_the_roll_on_the_tray.png,recap.png,50,0,273,274,20.483516483516482,-15.252747252747254,14.021978021978022,80.35164835164835,-1.2747252747252746,16.164383561643834,33.51008224487305,7.059112548828125,-0.22260665893554688,62.500091552734375,0.35746288299560547,5.185343265533447
031_roll,put the roll on the tray,12,1,248,10.773,1788424876.0874252,00011_front_put_the_roll_on_the_tray.png,00011_wrist_put_the_roll_on_the_tray.png,recap.png,50,1,274,275,20.483516483516482,-15.252747252747254,14.021978021978022,80.35164835164835,-1.2747252747252746,16.164383561643834,33.84981918334961,8.537017822265625,-0.34825897216796875,62.466739654541016,0.17417335510253906,5.258194923400879
031_roll,put the roll on the tray,12,1,248,10.773,1788424876.0874252,00011_front_put_the_roll_on_the_tray.png,00011_wrist_put_the_roll_on_the_tray.png,recap.png,50,2,275,276,20.483516483516482,-15.252747252747254,14.021978021978022,80.35164835164835,-1.2747252747252746,16.164383561643834,34.17335891723633,9.203033447265625,-2.20361328125,62.52170181274414,0.32830333709716797,5.146650791168213
031_roll,put the roll on the tray,12,1,248,10.773,1788424876.0874252,00011_front_put_the_roll_on_the_tray.png,00011_wrist_put_the_roll_on_the_tray.png,recap.png,50,3,276,277,20.483516483516482,-15.252747252747254,14.021978021978022,80.35164835164835,-1.2747252747252746,16.164383561643834,34.114200592041016,10.245452880859375,-1.7223663330078125,62.79156494140625,0.04892158508300781,5.252094745635986
031_roll,put the roll on the tray,12,1,248,10.773,1788424876.0874252,00011_front_put_the_roll_on_the_tray.png,00011_wrist_put_the_roll_on_the_tray.png,recap.png,50,4,277,278,20.483516483516482,-15.252747252747254,14.021978021978022,80.35164835164835,-1.2747252747252746,16.164383561643834,34.717769622802734,10.900978088378906,-3.896289825439453,62.985198974609375,0.012495994567871094,5.086663722991943
031_roll,put the roll on the tray,12,1,248,10.773,1788424876.0874252,00011_front_put_the_roll_on_the_tray.png,00011_wrist_put_the_roll_on_the_tray.png,recap.png,50,5,278,279,20.483516483516482,-15.252747252747254,14.021978021978022,80.35164835164835,-1.2747252747252746,16.164383561643834,34.4879264831543,12.098701477050781,-5.618564605712891,62.9281005859375,0.04608917236328125,5.276865005493164
031_roll,put the roll on the tray,12,1,248,10.773,1788424876.0874252,00011_front_put_the_roll_on_the_tray.png,00011_wrist_put_the_roll_on_the_tray.png,recap.png,50,6,279,280,20.483516483516482,-15.252747252747254,14.021978021978022,80.35164835164835,-1.2747252747252746,16.164383561643834,35.215206146240234,13.3797607421875,-5.329292297363281,63.01792907714844,-0.230621337890625,5.308932304382324
031_roll,put the roll on the tray,12,1,248,10.773,1788424876.0874252,00011_front_put_the_roll_on_the_tray.png,00011_wrist_put_the_roll_on_the_tray.png,recap.png,50,7,280,281,20.483516483516482,-15.252747252747254,14.021978021978022,80.35164835164835,-1.2747252747252746,16.164383561643834,35.11776351928711,14.143341064453125,-7.79779052734375,63.46295166015625,-0.08682918548583984,5.085168361663818
031_roll,put the roll on the tray,12,1,248,10.773,1788424876.0874252,00011_front_put_the_roll_on_the_tray.png,00011_wrist_put_the_roll_on_the_tray.png,recap.png,50,8,281,282,20.483516483516482,-15.252747252747254,14.021978021978022,80.35164835164835,-1.2747252747252746,16.164383561643834,35.31357192993164,14.516960144042969,-7.995758056640625,63.489261627197266,-0.14690303802490234,5.111522197723389
031_roll,put the roll on the tray,12,1,248,10.773,1788424876.0874252,00011_front_put_the_roll_on_the_tray.png,00011_wrist_put_the_roll_on_the_tray.png,recap.png,50,9,282,283,20.483516483516482,-15.252747252747254,14.021978021978022,80.35164835164835,-1.2747252747252746,16.164383561643834,35.36354446411133,16.050506591796875,-8.689971923828125,63.728023529052734,-0.3231077194213867,5.046149730682373
031_roll,put the roll on the tray,12,1,248,10.773,1788424876.0874252,00011_front_put_the_roll_on_the_tray.png,00011_wrist_put_the_roll_on_the_tray.png,recap.png,50,10,283,284,20.483516483516482,-15.252747252747254,14.021978021978022,80.35164835164835,-1.2747252747252746,16.164383561643834,35.50642013549805,16.748611450195312,-9.19448471069336,64.02781677246094,-0.25169849395751953,5.366185188293457
031_roll,put the roll on the tray,12,1,248,10.773,1788424876.0874252,00011_front_put_the_roll_on_the_tray.png,00011_wrist_put_the_roll_on_the_tray.png,recap.png,50,11,284,285,20.483516483516482,-15.252747252747254,14.021978021978022,80.35164835164835,-1.2747252747252746,16.164383561643834,36.0475959777832,17.37664031982422,-10.429805755615234,64.49366760253906,-0.3557281494140625,5.335338115692139
031_roll,put the roll on the tray,12,1,248,10.773,1788424876.0874252,00011_front_put_the_roll_on_the_tray.png,00011_wrist_put_the_roll_on_the_tray.png,recap.png,50,12,285,286,20.483516483516482,-15.252747252747254,14.021978021978022,80.35164835164835,-1.2747252747252746,16.164383561643834,36.0604362487793,17.87261199951172,-10.422515869140625,64.52742004394531,-0.5317773818969727,5.807987689971924
031_roll,put the roll on the tray,12,1,248,10.773,1788424876.0874252,00011_front_put_the_roll_on_the_tray.png,00011_wrist_put_the_roll_on_the_tray.png,recap.png,50,13,286,287,20.483516483516482,-15.252747252747254,14.021978021978022,80.35164835164835,-1.2747252747252746,16.164383561643834,35.93961715698242,17.542068481445312,-11.831085205078125,64.62576293945312,-0.5209035873413086,6.880475997924805
031_roll,put the roll on the tray,12,1,248,10.773,1788424876.0874252,00011_front_put_the_roll_on_the_tray.png,00011_wrist_put_the_roll_on_the_tray.png,recap.png,50,14,287,288,20.483516483516482,-15.252747252747254,14.021978021978022,80.35164835164835,-1.2747252747252746,16.164383561643834,36.17073440551758,18.558517456054688,-12.539161682128906,64.93338775634766,-0.5109968185424805,8.206490516662598
031_roll,put the roll on the tray,12,1,248,10.773,1788424876.0874252,00011_front_put_the_roll_on_the_tray.png,00011_wrist_put_the_roll_on_the_tray.png,recap.png,50,15,288,289,20.483516483516482,-15.252747252747254,14.021978021978022,80.35164835164835,-1.2747252747252746,16.164383561643834,36.081851959228516,18.591354370117188,-12.646907806396484,65.75270080566406,-0.5327825546264648,10.56833553314209
031_roll,put the roll on the tray,12,1,248,10.773,1788424876.0874252,00011_front_put_the_roll_on_the_tray.png,00011_wrist_put_the_roll_on_the_tray.png,recap.png,50,16,289,290,20.483516483516482,-15.252747252747254,14.021978021978022,80.35164835164835,-1.2747252747252746,16.164383561643834,36.2965202331543,19.109535217285156,-13.18218994140625,65.81658172607422,-0.7632474899291992,12.913328170776367
031_roll,put the roll on the tray,12,1,248,10.773,1788424876.0874252,00011_front_put_the_roll_on_the_tray.png,00011_wrist_put_the_roll_on_the_tray.png,recap.png,50,17,290,291,20.483516483516482,-15.252747252747254,14.021978021978022,80.35164835164835,-1.2747252747252746,16.164383561643834,36.46859359741211,19.135330200195312,-12.879459381103516,66.21471405029297,-0.6358957290649414,16.386699676513672
031_roll,put the roll on the tray,12,1,248,10.773,1788424876.0874252,00011_front_put_the_roll_on_the_tray.png,00011_wrist_put_the_roll_on_the_tray.png,recap.png,50,18,291,292,20.483516483516482,-15.252747252747254,14.021978021978022,80.35164835164835,-1.2747252747252746,16.164383561643834,36.41054916381836,19.212554931640625,-12.550785064697266,66.71956634521484,-0.8506336212158203,19.90304946899414
031_roll,put the roll on the tray,12,1,248,10.773,1788424876.0874252,00011_front_put_the_roll_on_the_tray.png,00011_wrist_put_the_roll_on_the_tray.png,recap.png,50,19,292,293,20.483516483516482,-15.252747252747254,14.021978021978022,80.35164835164835,-1.2747252747252746,16.164383561643834,36.57473373413086,19.015609741210938,-12.76102066040039,67.4112548828125,-0.7518711090087891,23.612751007080078
031_roll,put the roll on the tray,12,1,248,10.773,1788424876.0874252,00011_front_put_the_roll_on_the_tray.png,00011_wrist_put_the_roll_on_the_tray.png,recap.png,50,20,293,294,20.483516483516482,-15.252747252747254,14.021978021978022,80.35164835164835,-1.2747252747252746,16.164383561643834,36.30900192260742,18.763275146484375,-12.546932220458984,67.77752685546875,-0.9656801223754883,26.65397834777832
031_roll,put the roll on the tray,12,1,248,10.773,1788424876.0874252,00011_front_put_the_roll_on_the_tray.png,00011_wrist_put_the_roll_on_the_tray.png,recap.png,50,21,294,295,20.483516483516482,-15.252747252747254,14.021978021978022,80.35164835164835,-1.2747252747252746,16.164383561643834,36.40171432495117,18.97911834716797,-12.446475982666016,68.4255599975586,-0.8405466079711914,29.126510620117188
031_roll,put the roll on the tray,12,1,248,10.773,1788424876.0874252,00011_front_put_the_roll_on_the_tray.png,00011_wrist_put_the_roll_on_the_tray.png,recap.png,50,22,295,296,20.483516483516482,-15.252747252747254,14.021978021978022,80.35164835164835,-1.2747252747252746,16.164383561643834,36.524593353271484,19.014678955078125,-11.947460174560547,68.93074035644531,-0.7080249786376953,31.08219337463379
031_roll,put the roll on the tray,12,1,248,10.773,1788424876.0874252,00011_front_put_the_roll_on_the_tray.png,00011_wrist_put_the_roll_on_the_tray.png,recap.png,50,23,296,297,20.483516483516482,-15.252747252747254,14.021978021978022,80.35164835164835,-1.2747252747252746,16.164383561643834,36.40982437133789,18.843658447265625,-12.24167251586914,69.45555877685547,-0.8119573593139648,32.31775665283203
031_roll,put the roll on the tray,12,1,248,10.773,1788424876.0874252,00011_front_put_the_roll_on_the_tray.png,00011_wrist_put_the_roll_on_the_tray.png,recap.png,50,24,297,298,20.483516483516482,-15.252747252747254,14.021978021978022,80.35164835164835,-1.2747252747252746,16.164383561643834,36.40420150756836,17.74720001220703,-11.65230941772461,70.26853942871094,-0.9183835983276367,33.26116180419922
031_roll,put the roll on the tray,13,1,272,11.709,1788424877.0234976,00012_front_put_the_roll_on_the_tray.png,00012_wrist_put_the_roll_on_the_tray.png,recap.png,50,0,298,299,37.62637362637363,21.318681318681318,-15.340659340659341,74.28571428571429,-2.1538461538461537,16.164383561643834,34.5325813293457,30.520774841308594,-27.28908920288086,74.0748291015625,-1.5138559341430664,28.337743759155273
031_roll,put the roll on the tray,13,1,272,11.709,1788424877.0234976,00012_front_put_the_roll_on_the_tray.png,00012_wrist_put_the_roll_on_the_tray.png,recap.png,50,1,299,300,37.62637362637363,21.318681318681318,-15.340659340659341,74.28571428571429,-2.1538461538461537,16.164383561643834,34.55263137817383,30.59992218017578,-28.75277328491211,75.23152160644531,-1.4614381790161133,28.774742126464844
031_roll,put the roll on the tray,13,1,272,11.709,1788424877.0234976,00012_front_put_the_roll_on_the_tray.png,00012_wrist_put_the_roll_on_the_tray.png,recap.png,50,2,300,301,37.62637362637363,21.318681318681318,-15.340659340659341,74.28571428571429,-2.1538461538461537,16.164383561643834,34.64578628540039,30.91181182861328,-29.067291259765625,76.15580749511719,-1.3189382553100586,29.400691986083984
031_roll,put the roll on the tray,13,1,272,11.709,1788424877.0234976,00012_front_put_the_roll_on_the_tray.png,00012_wrist_put_the_roll_on_the_tray.png,recap.png,50,3,301,302,37.62637362637363,21.318681318681318,-15.340659340659341,74.28571428571429,-2.1538461538461537,16.164383561643834,34.7385368347168,31.316612243652344,-29.754915237426758,76.9686279296875,-1.1482524871826172,30.122512817382812
031_roll,put the roll on the tray,13,1,272,11.709,1788424877.0234976,00012_front_put_the_roll_on_the_tray.png,00012_wrist_put_the_roll_on_the_tray.png,recap.png,50,4,302,303,37.62637362637363,21.318681318681318,-15.340659340659341,74.28571428571429,-2.1538461538461537,16.164383561643834,34.61135482788086,30.84052276611328,-30.288238525390625,78.0736083984375,-1.0083036422729492,30.667247772216797
031_roll,put the roll on the tray,13,1,272,11.709,1788424877.0234976,00012_front_put_the_roll_on_the_tray.png,00012_wrist_put_the_roll_on_the_tray.png,recap.png,50,5,303,304,37.62637362637363,21.318681318681318,-15.340659340659341,74.28571428571429,-2.1538461538461537,16.164383561643834,34.4301643371582,30.78968048095703,-30.212892532348633,78.87266540527344,-0.7886571884155273,31.267385482788086
031_roll,put the roll on the tray,13,1,272,11.709,1788424877.0234976,00012_front_put_the_roll_on_the_tray.png,00012_wrist_put_the_roll_on_the_tray.png,recap.png,50,6,304,305,37.62637362637363,21.318681318681318,-15.340659340659341,74.28571428571429,-2.1538461538461537,16.164383561643834,34.22096633911133,30.97264862060547,-31.645538330078125,80.04872131347656,-0.5718069076538086,31.563283920288086
031_roll,put the roll on the tray,13,1,272,11.709,1788424877.0234976,00012_front_put_the_roll_on_the_tray.png,00012_wrist_put_the_roll_on_the_tray.png,recap.png,50,7,305,306,37.62637362637363,21.318681318681318,-15.340659340659341,74.28571428571429,-2.1538461538461537,16.164383561643834,33.937984466552734,30.65143585205078,-32.013160705566406,81.5130615234375,-0.5461416244506836,31.65541648864746
031_roll,put the roll on the tray,13,1,272,11.709,1788424877.0234976,00012_front_put_the_roll_on_the_tray.png,00012_wrist_put_the_roll_on_the_tray.png,recap.png,50,8,306,307,37.62637362637363,21.318681318681318,-15.340659340659341,74.28571428571429,-2.1538461538461537,16.164383561643834,33.836177825927734,31.01459503173828,-32.423866271972656,82.84290313720703,-0.23408794403076172,31.8314208984375
031_roll,put the roll on the tray,13,1,272,11.709,1788424877.0234976,00012_front_put_the_roll_on_the_tray.png,00012_wrist_put_the_roll_on_the_tray.png,recap.png,50,9,307,308,37.62637362637363,21.318681318681318,-15.340659340659341,74.28571428571429,-2.1538461538461537,16.164383561643834,33.456661224365234,30.343711853027344,-33.29191589355469,84.43962097167969,0.13849163055419922,31.788883209228516
031_roll,put the roll on the tray,13,1,272,11.709,1788424877.0234976,00012_front_put_the_roll_on_the_tray.png,00012_wrist_put_the_roll_on_the_tray.png,recap.png,50,10,308,309,37.62637362637363,21.318681318681318,-15.340659340659341,74.28571428571429,-2.1538461538461537,16.164383561643834,33.41006088256836,29.85521697998047,-34.591712951660156,86.27442932128906,0.40653324127197266,31.57319450378418
031_roll,put the roll on the tray,13,1,272,11.709,1788424877.0234976,00012_front_put_the_roll_on_the_tray.png,00012_wrist_put_the_roll_on_the_tray.png,recap.png,50,11,309,310,37.62637362637363,21.318681318681318,-15.340659340659341,74.28571428571429,-2.1538461538461537,16.164383561643834,32.53585433959961,29.944480895996094,-35.980735778808594,87.9295654296875,0.5942001342773438,31.27577781677246
031_roll,put the roll on the tray,13,1,272,11.709,1788424877.0234976,00012_front_put_the_roll_on_the_tray.png,00012_wrist_put_the_roll_on_the_tray.png,recap.png,50,12,310,311,37.62637362637363,21.318681318681318,-15.340659340659341,74.28571428571429,-2.1538461538461537,16.164383561643834,32.13558578491211,29.582054138183594,-37.22832489013672,89.70101928710938,0.8518924713134766,31.133426666259766
031_roll,put the roll on the tray,13,1,272,11.709,1788424877.0234976,00012_front_put_the_roll_on_the_tray.png,00012_wrist_put_the_roll_on_the_tray.png,recap.png,50,13,311,312,37.62637362637363,21.318681318681318,-15.340659340659341,74.28571428571429,-2.1538461538461537,16.164383561643834,31.495925903320312,28.835105895996094,-39.28409957885742,91.88356018066406,1.1394014358520508,30.992582321166992
031_roll,put the roll on the tray,13,1,272,11.709,1788424877.0234976,00012_front_put_the_roll_on_the_tray.png,00012_wrist_put_the_roll_on_the_tray.png,recap.png,50,14,312,313,37.62637362637363,21.318681318681318,-15.340659340659341,74.28571428571429,-2.1538461538461537,16.164383561643834,30.605796813964844,29.14635467529297,-41.46006393432617,93.9140625,1.438614845275879,30.918867111206055
031_roll,put the roll on the tray,13,1,272,11.709,1788424877.0234976,00012_front_put_the_roll_on_the_tray.png,00012_wrist_put_the_roll_on_the_tray.png,recap.png,50,15,313,314,37.62637362637363,21.318681318681318,-15.340659340659341,74.28571428571429,-2.1538461538461537,16.164383561643834,30.41339874267578,29.05815887451172,-43.04768753051758,95.59086608886719,1.5079288482666016,30.969554901123047
031_roll,put the roll on the tray,13,1,272,11.709,1788424877.0234976,00012_front_put_the_roll_on_the_tray.png,00012_wrist_put_the_roll_on_the_tray.png,recap.png,50,16,314,315,37.62637362637363,21.318681318681318,-15.340659340659341,74.28571428571429,-2.1538461538461537,16.164383561643834,29.390792846679688,28.63072967529297,-44.614105224609375,96.9024658203125,1.5730018615722656,30.980745315551758
031_roll,put the roll on the tray,13,1,272,11.709,1788424877.0234976,00012_front_put_the_roll_on_the_tray.png,00012_wrist_put_the_roll_on_the_tray.png,recap.png,50,17,315,316,37.62637362637363,21.318681318681318,-15.340659340659341,74.28571428571429,-2.1538461538461537,16.164383561643834,28.921234130859375,28.573448181152344,-45.24311828613281,98.2096939086914,1.5719146728515625,30.91398048400879
031_roll,put the roll on the tray,13,1,272,11.709,1788424877.0234976,00012_front_put_the_roll_on_the_tray.png,00012_wrist_put_the_roll_on_the_tray.png,recap.png,50,18,316,317,37.62637362637363,21.318681318681318,-15.340659340659341,74.28571428571429,-2.1538461538461537,16.164383561643834,28.31452178955078,28.66527557373047,-45.70405197143555,99.1597900390625,1.6003599166870117,30.728775024414062
031_roll,put the roll on the tray,13,1,272,11.709,1788424877.0234976,00012_front_put_the_roll_on_the_tray.png,00012_wrist_put_the_roll_on_the_tray.png,recap.png,50,19,317,318,37.62637362637363,21.318681318681318,-15.340659340659341,74.28571428571429,-2.1538461538461537,16.164383561643834,28.066490173339844,28.619712829589844,-46.8073844909668,99.7943344116211,1.6820621490478516,29.805017471313477
031_roll,put the roll on the tray,13,1,272,11.709,1788424877.0234976,00012_front_put_the_roll_on_the_tray.png,00012_wrist_put_the_roll_on_the_tray.png,recap.png,50,20,318,319,37.62637362637363,21.318681318681318,-15.340659340659341,74.28571428571429,-2.1538461538461537,16.164383561643834,27.587295532226562,28.827491760253906,-46.75138473510742,100.35497283935547,1.890233039855957,27.981143951416016
031_roll,put the roll on the tray,13,1,272,11.709,1788424877.0234976,00012_front_put_the_roll_on_the_tray.png,00012_wrist_put_the_roll_on_the_tray.png,recap.png,50,21,319,320,37.62637362637363,21.318681318681318,-15.340659340659341,74.28571428571429,-2.1538461538461537,16.164383561643834,26.90878677368164,28.33386993408203,-47.23368835449219,100.44475555419922,1.9341144561767578,25.75666618347168
031_roll,put the roll on the tray,13,1,272,11.709,1788424877.0234976,00012_front_put_the_roll_on_the_tray.png,00012_wrist_put_the_roll_on_the_tray.png,recap.png,50,22,320,321,37.62637362637363,21.318681318681318,-15.340659340659341,74.28571428571429,-2.1538461538461537,16.164383561643834,26.424686431884766,28.22789764404297,-47.80143737792969,100.72447204589844,1.913299560546875,24.28398323059082
031_roll,put the roll on the tray,13,1,272,11.709,1788424877.0234976,00012_front_put_the_roll_on_the_tray.png,00012_wrist_put_the_roll_on_the_tray.png,recap.png,50,23,321,322,37.62637362637363,21.318681318681318,-15.340659340659341,74.28571428571429,-2.1538461538461537,16.164383561643834,25.78905487060547,28.314796447753906,-46.93762969970703,100.48634338378906,1.7547082901000977,22.434261322021484
031_roll,put the roll on the tray,14,1,297,12.678,1788424877.99298,00013_front_put_the_roll_on_the_tray.png,00013_wrist_put_the_roll_on_the_tray.png,recap.png,50,0,322,323,35.604395604395606,20.35164835164835,-9.098901098901099,68.48351648351648,-0.4835164835164835,27.534246575342465,17.679412841796875,0.8986587524414062,-16.4102783203125,95.3675537109375,0.9947233200073242,13.080803871154785
031_roll,put the roll on the tray,14,1,297,12.678,1788424877.99298,00013_front_put_the_roll_on_the_tray.png,00013_wrist_put_the_roll_on_the_tray.png,recap.png,50,1,323,324,35.604395604395606,20.35164835164835,-9.098901098901099,68.48351648351648,-0.4835164835164835,27.534246575342465,16.87442398071289,-0.5594100952148438,-15.902629852294922,95.51177978515625,1.0779743194580078,8.89111614227295
031_roll,put the roll on the tray,14,1,297,12.678,1788424877.99298,00013_front_put_the_roll_on_the_tray.png,00013_wrist_put_the_roll_on_the_tray.png,recap.png,50,2,324,325,35.604395604395606,20.35164835164835,-9.098901098901099,68.48351648351648,-0.4835164835164835,27.534246575342465,16.710311889648438,-2.0315322875976562,-14.12032699584961,95.62123107910156,1.280679702758789,5.748227119445801
031_roll,put the roll on the tray,14,1,297,12.678,1788424877.99298,00013_front_put_the_roll_on_the_tray.png,00013_wrist_put_the_roll_on_the_tray.png,recap.png,50,3,325,326,35.604395604395606,20.35164835164835,-9.098901098901099,68.48351648351648,-0.4835164835164835,27.534246575342465,16.118099212646484,-3.6705322265625,-13.322097778320312,95.49537658691406,1.2927227020263672,3.754304885864258
031_roll,put the roll on the tray,14,1,297,12.678,1788424877.99298,00013_front_put_the_roll_on_the_tray.png,00013_wrist_put_the_roll_on_the_tray.png,recap.png,50,4,326,327,35.604395604395606,20.35164835164835,-9.098901098901099,68.48351648351648,-0.4835164835164835,27.534246575342465,15.626323699951172,-5.7188873291015625,-11.455570220947266,95.37045288085938,1.4140920639038086,2.7181599140167236
031_roll,put the roll on the tray,14,1,297,12.678,1788424877.99298,00013_front_put_the_roll_on_the_tray.png,00013_wrist_put_the_roll_on_the_tray.png,recap.png,50,5,327,328,35.604395604395606,20.35164835164835,-9.098901098901099,68.48351648351648,-0.4835164835164835,27.534246575342465,15.265998840332031,-7.704307556152344,-10.446468353271484,95.20603942871094,1.585169792175293,1.904221534729004
031_roll,put the roll on the tray,14,1,297,12.678,1788424877.99298,00013_front_put_the_roll_on_the_tray.png,00013_wrist_put_the_roll_on_the_tray.png,recap.png,50,6,328,329,35.604395604395606,20.35164835164835,-9.098901098901099,68.48351648351648,-0.4835164835164835,27.534246575342465,14.483940124511719,-9.527114868164062,-7.8006134033203125,94.88916015625,1.3771610260009766,1.6199336051940918
031_roll,put the roll on the tray,14,1,297,12.678,1788424877.99298,00013_front_put_the_roll_on_the_tray.png,00013_wrist_put_the_roll_on_the_tray.png,recap.png,50,7,329,330,35.604395604395606,20.35164835164835,-9.098901098901099,68.48351648351648,-0.4835164835164835,27.534246575342465,13.588905334472656,-11.523880004882812,-5.8069610595703125,94.16886901855469,1.5253219604492188,0.8131381869316101
031_roll,put the roll on the tray,14,1,297,12.678,1788424877.99298,00013_front_put_the_roll_on_the_tray.png,00013_wrist_put_the_roll_on_the_tray.png,recap.png,50,8,330,331,35.604395604395606,20.35164835164835,-9.098901098901099,68.48351648351648,-0.4835164835164835,27.534246575342465,12.726470947265625,-14.604576110839844,-3.3812828063964844,93.40428161621094,1.691105842590332,0.5154629945755005
031_roll,put the roll on the tray,14,1,297,12.678,1788424877.99298,00013_front_put_the_roll_on_the_tray.png,00013_wrist_put_the_roll_on_the_tray.png,recap.png,50,9,331,332,35.604395604395606,20.35164835164835,-9.098901098901099,68.48351648351648,-0.4835164835164835,27.534246575342465,12.055183410644531,-16.70087432861328,-0.2596015930175781,92.28898620605469,1.6061716079711914,0.6158355474472046
031_roll,put the roll on the tray,14,1,297,12.678,1788424877.99298,00013_front_put_the_roll_on_the_tray.png,00013_wrist_put_the_roll_on_the_tray.png,recap.png,50,10,332,333,35.604395604395606,20.35164835164835,-9.098901098901099,68.48351648351648,-0.4835164835164835,27.534246575342465,11.266773223876953,-19.422988891601562,2.4365463256835938,91.04121398925781,1.607731819152832,0.17610085010528564
031_roll,put the roll on the tray,14,1,297,12.678,1788424877.99298,00013_front_put_the_roll_on_the_tray.png,00013_wrist_put_the_roll_on_the_tray.png,recap.png,50,11,333,334,35.604395604395606,20.35164835164835,-9.098901098901099,68.48351648351648,-0.4835164835164835,27.534246575342465,10.579841613769531,-21.190101623535156,5.163818359375,89.64218139648438,1.386723518371582,0.4388485252857208
031_roll,put the roll on the tray,14,1,297,12.678,1788424877.99298,00013_front_put_the_roll_on_the_tray.png,00013_wrist_put_the_roll_on_the_tray.png,recap.png,50,12,334,335,35.604395604395606,20.35164835164835,-9.098901098901099,68.48351648351648,-0.4835164835164835,27.534246575342465,9.80306625366211,-24.426162719726562,7.646572113037109,88.28044128417969,1.564244270324707,0.12058475613594055
031_roll,put the roll on the tray,14,1,297,12.678,1788424877.99298,00013_front_put_the_roll_on_the_tray.png,00013_wrist_put_the_roll_on_the_tray.png,recap.png,50,13,335,336,35.604395604395606,20.35164835164835,-9.098901098901099,68.48351648351648,-0.4835164835164835,27.534246575342465,9.077461242675781,-26.361656188964844,10.703300476074219,87.05230712890625,1.4595136642456055,-0.041008636355400085
031_roll,put the roll on the tray,14,1,297,12.678,1788424877.99298,00013_front_put_the_roll_on_the_tray.png,00013_wrist_put_the_roll_on_the_tray.png,recap.png,50,14,336,337,35.604395604395606,20.35164835164835,-9.098901098901099,68.48351648351648,-0.4835164835164835,27.534246575342465,7.8589324951171875,-29.194992065429688,14.2772216796875,85.92102813720703,1.5047035217285156,-0.09083801507949829
031_roll,put the roll on the tray,14,1,297,12.678,1788424877.99298,00013_front_put_the_roll_on_the_tray.png,00013_wrist_put_the_roll_on_the_tray.png,recap.png,50,15,337,338,35.604395604395606,20.35164835164835,-9.098901098901099,68.48351648351648,-0.4835164835164835,27.534246575342465,7.352569580078125,-31.570220947265625,15.891868591308594,84.681396484375,1.566725730895996,-0.09808395802974701
031_roll,put the roll on the tray,14,1,297,12.678,1788424877.99298,00013_front_put_the_roll_on_the_tray.png,00013_wrist_put_the_roll_on_the_tray.png,recap.png,50,16,338,339,35.604395604395606,20.35164835164835,-9.098901098901099,68.48351648351648,-0.4835164835164835,27.534246575342465,6.422878265380859,-33.7646484375,19.942123413085938,83.65805053710938,1.5200510025024414,-0.015950553119182587
031_roll,put the roll on the tray,14,1,297,12.678,1788424877.99298,00013_front_put_the_roll_on_the_tray.png,00013_wrist_put_the_roll_on_the_tray.png,recap.png,50,17,339,340,35.604395604395606,20.35164835164835,-9.098901098901099,68.48351648351648,-0.4835164835164835,27.534246575342465,5.959922790527344,-35.279014587402344,21.92823028564453,82.56819152832031,1.2903709411621094,0.061789825558662415
031_roll,put the roll on the tray,14,1,297,12.678,1788424877.99298,00013_front_put_the_roll_on_the_tray.png,00013_wrist_put_the_roll_on_the_tray.png,recap.png,50,18,340,341,35.604395604395606,20.35164835164835,-9.098901098901099,68.48351648351648,-0.4835164835164835,27.534246575342465,5.487640380859375,-37.89594268798828,25.107467651367188,81.36781311035156,1.4348869323730469,0.09227333217859268
031_roll,put the roll on the tray,14,1,297,12.678,1788424877.99298,00013_front_put_the_roll_on_the_tray.png,00013_wrist_put_the_roll_on_the_tray.png,recap.png,50,19,341,342,35.604395604395606,20.35164835164835,-9.098901098901099,68.48351648351648,-0.4835164835164835,27.534246575342465,4.940288543701172,-39.684532165527344,27.415069580078125,79.97593688964844,1.4813652038574219,0.15662115812301636
031_roll,put the roll on the tray,14,1,297,12.678,1788424877.99298,00013_front_put_the_roll_on_the_tray.png,00013_wrist_put_the_roll_on_the_tray.png,recap.png,50,20,342,343,35.604395604395606,20.35164835164835,-9.098901098901099,68.48351648351648,-0.4835164835164835,27.534246575342465,4.422767639160156,-42.09175491333008,31.17279815673828,78.66810607910156,1.4345970153808594,0.04715349152684212
031_roll,put the roll on the tray,14,1,297,12.678,1788424877.99298,00013_front_put_the_roll_on_the_tray.png,00013_wrist_put_the_roll_on_the_tray.png,recap.png,50,21,343,344,35.604395604395606,20.35164835164835,-9.098901098901099,68.48351648351648,-0.4835164835164835,27.534246575342465,4.062473297119141,-44.012298583984375,32.869041442871094,77.33729553222656,1.4670295715332031,-0.07137106359004974
031_roll,put the roll on the tray,14,1,297,12.678,1788424877.99298,00013_front_put_the_roll_on_the_tray.png,00013_wrist_put_the_roll_on_the_tray.png,recap.png,50,22,344,345,35.604395604395606,20.35164835164835,-9.098901098901099,68.48351648351648,-0.4835164835164835,27.534246575342465,3.9805908203125,-46.69489669799805,36.05787658691406,76.129638671875,1.2820138931274414,-0.19791480898857117
031_roll,put the roll on the tray,14,1,297,12.678,1788424877.99298,00013_front_put_the_roll_on_the_tray.png,00013_wrist_put_the_roll_on_the_tray.png,recap.png,50,23,345,346,35.604395604395606,20.35164835164835,-9.098901098901099,68.48351648351648,-0.4835164835164835,27.534246575342465,3.4202117919921875,-47.89776611328125,38.78607177734375,75.32711029052734,1.4118986129760742,-0.365302175283432
031_roll,put the roll on the tray,15,1,321,13.547,1788424878.8624876,00014_front_put_the_roll_on_the_tray.png,00014_wrist_put_the_roll_on_the_tray.png,recap.png,50,0,346,347,27.956043956043956,31.428571428571427,-44.61538461538461,99.16483516483517,1.3626373626373627,28.15068493150685,3.1572017669677734,-40.15526580810547,20.05321502685547,86.72340393066406,-0.14503887295722961,0.896679699420929
031_roll,put the roll on the tray,15,1,321,13.547,1788424878.8624876,00014_front_put_the_roll_on_the_tray.png,00014_wrist_put_the_roll_on_the_tray.png,recap.png,50,1,347,348,27.956043956043956,31.428571428571427,-44.61538461538461,99.16483516483517,1.3626373626373627,28.15068493150685,2.2242050170898438,-36.748008728027344,13.237541198730469,91.49462890625,-1.011453628540039,1.202892780303955
031_roll,put the roll on the tray,15,1,321,13.547,1788424878.8624876,00014_front_put_the_roll_on_the_tray.png,00014_wrist_put_the_roll_on_the_tray.png,recap.png,50,2,348,349,27.956043956043956,31.428571428571427,-44.61538461538461,99.16483516483517,1.3626373626373627,28.15068493150685,1.40264892578125,-39.08496856689453,15.53778076171875,90.37568664550781,-0.9310703277587891,1.2775676250457764
031_roll,put the roll on the tray,15,1,321,13.547,1788424878.8624876,00014_front_put_the_roll_on_the_tray.png,00014_wrist_put_the_roll_on_the_tray.png,recap.png,50,3,349,350,27.956043956043956,31.428571428571427,-44.61538461538461,99.16483516483517,1.3626373626373627,28.15068493150685,1.0158576965332031,-41.45189666748047,18.244415283203125,89.69779205322266,-1.0001049041748047,0.9626136422157288
031_roll,put the roll on the tray,15,1,321,13.547,1788424878.8624876,00014_front_put_the_roll_on_the_tray.png,00014_wrist_put_the_roll_on_the_tray.png,recap.png,50,4,350,351,27.956043956043956,31.428571428571427,-44.61538461538461,99.16483516483517,1.3626373626373627,28.15068493150685,0.0727386474609375,-43.296512603759766,20.305160522460938,88.86357116699219,-0.9608087539672852,0.9328109622001648
031_roll,put the roll on the tray,15,1,321,13.547,1788424878.8624876,00014_front_put_the_roll_on_the_tray.png,00014_wrist_put_the_roll_on_the_tray.png,recap.png,50,5,351,352,27.956043956043956,31.428571428571427,-44.61538461538461,99.16483516483517,1.3626373626373627,28.15068493150685,-0.2510108947753906,-45.729732513427734,22.73242950439453,88.3545150756836,-0.8917036056518555,0.8378956913948059
031_roll,put the roll on the tray,15,1,321,13.547,1788424878.8624876,00014_front_put_the_roll_on_the_tray.png,00014_wrist_put_the_roll_on_the_tray.png,recap.png,50,6,352,353,27.956043956043956,31.428571428571427,-44.61538461538461,99.16483516483517,1.3626373626373627,28.15068493150685,-0.8947029113769531,-48.22467041015625,24.938194274902344,87.42416381835938,-0.8191633224487305,0.7572641968727112
031_roll,put the roll on the tray,15,1,321,13.547,1788424878.8624876,00014_front_put_the_roll_on_the_tray.png,00014_wrist_put_the_roll_on_the_tray.png,recap.png,50,7,353,354,27.956043956043956,31.428571428571427,-44.61538461538461,99.16483516483517,1.3626373626373627,28.15068493150685,-1.2658920288085938,-50.060611724853516,27.643310546875,86.69281768798828,-1.0983562469482422,0.5915178060531616
031_roll,put the roll on the tray,15,1,321,13.547,1788424878.8624876,00014_front_put_the_roll_on_the_tray.png,00014_wrist_put_the_roll_on_the_tray.png,recap.png,50,8,354,355,27.956043956043956,31.428571428571427,-44.61538461538461,99.16483516483517,1.3626373626373627,28.15068493150685,-1.927734375,-52.120731353759766,29.594688415527344,86.11878204345703,-1.0322036743164062,0.517798662185669
031_roll,put the roll on the tray,15,1,321,13.547,1788424878.8624876,00014_front_put_the_roll_on_the_tray.png,00014_wrist_put_the_roll_on_the_tray.png,recap.png,50,9,355,356,27.956043956043956,31.428571428571427,-44.61538461538461,99.16483516483517,1.3626373626373627,28.15068493150685,-2.301870346069336,-54.816261291503906,32.468170166015625,85.3028564453125,-1.0390167236328125,0.686716616153717
031_roll,put the roll on the tray,15,1,321,13.547,1788424878.8624876,00014_front_put_the_roll_on_the_tray.png,00014_wrist_put_the_roll_on_the_tray.png,recap.png,50,10,356,357,27.956043956043956,31.428571428571427,-44.61538461538461,99.16483516483517,1.3626373626373627,28.15068493150685,-2.611949920654297,-56.44746017456055,34.44207763671875,84.86090087890625,-1.0546083450317383,0.6486706733703613
031_roll,put the roll on the tray,15,1,321,13.547,1788424878.8624876,00014_front_put_the_roll_on_the_tray.png,00014_wrist_put_the_roll_on_the_tray.png,recap.png,50,11,357,358,27.956043956043956,31.428571428571427,-44.61538461538461,99.16483516483517,1.3626373626373627,28.15068493150685,-2.9563751220703125,-59.04448699951172,36.77764892578125,84.00342559814453,-0.9870271682739258,0.8193347454071045
031_roll,put the roll on the tray,15,1,321,13.547,1788424878.8624876,00014_front_put_the_roll_on_the_tray.png,00014_wrist_put_the_roll_on_the_tray.png,recap.png,50,12,358,359,27.956043956043956,31.428571428571427,-44.61538461538461,99.16483516483517,1.3626373626373627,28.15068493150685,-3.3550796508789062,-61.38029861450195,38.67048645019531,83.31819152832031,-1.0141096115112305,0.7613459825515747
031_roll,put the roll on the tray,15,1,321,13.547,1788424878.8624876,00014_front_put_the_roll_on_the_tray.png,00014_wrist_put_the_roll_on_the_tray.png,recap.png,50,13,359,360,27.956043956043956,31.428571428571427,-44.61538461538461,99.16483516483517,1.3626373626373627,28.15068493150685,-3.4124011993408203,-63.15383529663086,40.289405822753906,82.71475982666016,-1.1029510498046875,0.854033887386322
031_roll,put the roll on the tray,15,1,321,13.547,1788424878.8624876,00014_front_put_the_roll_on_the_tray.png,00014_wrist_put_the_roll_on_the_tray.png,recap.png,50,14,360,361,27.956043956043956,31.428571428571427,-44.61538461538461,99.16483516483517,1.3626373626373627,28.15068493150685,-3.6062545776367188,-65.2215576171875,42.522361755371094,82.00131225585938,-1.0746192932128906,0.5639732480049133
031_roll,put the roll on the tray,15,1,321,13.547,1788424878.8624876,00014_front_put_the_roll_on_the_tray.png,00014_wrist_put_the_roll_on_the_tray.png,recap.png,50,15,361,362,27.956043956043956,31.428571428571427,-44.61538461538461,99.16483516483517,1.3626373626373627,28.15068493150685,-3.993680953979492,-67.26802825927734,43.58982849121094,81.37142181396484,-1.0573806762695312,0.7227763533592224
031_roll,put the roll on the tray,15,1,321,13.547,1788424878.8624876,00014_front_put_the_roll_on_the_tray.png,00014_wrist_put_the_roll_on_the_tray.png,recap.png,50,16,362,363,27.956043956043956,31.428571428571427,-44.61538461538461,99.16483516483517,1.3626373626373627,28.15068493150685,-3.718729019165039,-69.14634704589844,45.711280822753906,80.61378479003906,-1.1864967346191406,0.7177280187606812
031_roll,put the roll on the tray,15,1,321,13.547,1788424878.8624876,00014_front_put_the_roll_on_the_tray.png,00014_wrist_put_the_roll_on_the_tray.png,recap.png,50,17,363,364,27.956043956043956,31.428571428571427,-44.61538461538461,99.16483516483517,1.3626373626373627,28.15068493150685,-3.982288360595703,-70.14216613769531,47.02159118652344,79.9902572631836,-1.1042728424072266,0.7877349257469177
031_roll,put the roll on the tray,15,1,321,13.547,1788424878.8624876,00014_front_put_the_roll_on_the_tray.png,00014_wrist_put_the_roll_on_the_tray.png,recap.png,50,18,364,365,27.956043956043956,31.428571428571427,-44.61538461538461,99.16483516483517,1.3626373626373627,28.15068493150685,-3.9964599609375,-72.22465515136719,48.88233947753906,79.5352554321289,-1.1811542510986328,0.7388062477111816
031_roll,put the roll on the tray,15,1,321,13.547,1788424878.8624876,00014_front_put_the_roll_on_the_tray.png,00014_wrist_put_the_roll_on_the_tray.png,recap.png,50,19,365,366,27.956043956043956,31.428571428571427,-44.61538461538461,99.16483516483517,1.3626373626373627,28.15068493150685,-4.210563659667969,-72.75975036621094,50.534034729003906,79.04351043701172,-1.0619468688964844,0.8380550146102905
031_roll,put the roll on the tray,15,1,321,13.547,1788424878.8624876,00014_front_put_the_roll_on_the_tray.png,00014_wrist_put_the_roll_on_the_tray.png,recap.png,50,20,366,367,27.956043956043956,31.428571428571427,-44.61538461538461,99.16483516483517,1.3626373626373627,28.15068493150685,-4.220638275146484,-74.1085205078125,50.89787292480469,78.60234832763672,-1.1337928771972656,0.8640021085739136
031_roll,put the roll on the tray,15,1,321,13.547,1788424878.8624876,00014_front_put_the_roll_on_the_tray.png,00014_wrist_put_the_roll_on_the_tray.png,recap.png,50,21,367,368,27.956043956043956,31.428571428571427,-44.61538461538461,99.16483516483517,1.3626373626373627,28.15068493150685,-4.478693008422852,-75.22804260253906,53.011863708496094,78.03125,-1.2821483612060547,0.8655974864959717
031_roll,put the roll on the tray,15,1,321,13.547,1788424878.8624876,00014_front_put_the_roll_on_the_tray.png,00014_wrist_put_the_roll_on_the_tray.png,recap.png,50,22,368,369,27.956043956043956,31.428571428571427,-44.61538461538461,99.16483516483517,1.3626373626373627,28.15068493150685,-4.279291152954102,-76.82588195800781,54.752098083496094,76.876953125,-1.1686458587646484,0.7932198643684387
031_roll,put the roll on the tray,15,1,321,13.547,1788424878.8624876,00014_front_put_the_roll_on_the_tray.png,00014_wrist_put_the_roll_on_the_tray.png,recap.png,50,23,369,370,27.956043956043956,31.428571428571427,-44.61538461538461,99.16483516483517,1.3626373626373627,28.15068493150685,-4.249458312988281,-78.52481079101562,56.534461975097656,75.79991149902344,-1.2252616882324219,0.7950838804244995
031_roll,put the roll on the tray,15,1,321,13.547,1788424878.8624876,00014_front_put_the_roll_on_the_tray.png,00014_wrist_put_the_roll_on_the_tray.png,recap.png,50,24,370,371,27.956043956043956,31.428571428571427,-44.61538461538461,99.16483516483517,1.3626373626373627,28.15068493150685,-4.29646110534668,-79.66767883300781,57.48570251464844,74.61885070800781,-1.187124252319336,0.6835110783576965
031_roll,put the roll on the tray,16,0,345,14.45,1788424879.768433,00015_front_put_the_roll_on_the_tray.png,00015_wrist_put_the_roll_on_the_tray.png,recap.png,50,0,371,372,4.483516483516484,-40.21978021978022,30.46153846153846,79.2967032967033,1.4505494505494505,0.273972602739726,-3.501588821411133,-88.2499771118164,73.66972351074219,71.20858764648438,-0.3258209228515625,0.3471473455429077
031_roll,put the roll on the tray,16,0,345,14.45,1788424879.768433,00015_front_put_the_roll_on_the_tray.png,00015_wrist_put_the_roll_on_the_tray.png,recap.png,50,1,372,373,4.483516483516484,-40.21978021978022,30.46153846153846,79.2967032967033,1.4505494505494505,0.273972602739726,-4.038106918334961,-89.4120864868164,74.68605041503906,71.17933654785156,-0.2134695053100586,0.3971073627471924
031_roll,put the roll on the tray,16,0,345,14.45,1788424879.768433,00015_front_put_the_roll_on_the_tray.png,00015_wrist_put_the_roll_on_the_tray.png,recap.png,50,2,373,374,4.483516483516484,-40.21978021978022,30.46153846153846,79.2967032967033,1.4505494505494505,0.273972602739726,-4.10760498046875,-90.64493560791016,75.60049438476562,71.4147720336914,-0.19365215301513672,0.5757343769073486
031_roll,put the roll on the tray,16,0,345,14.45,1788424879.768433,00015_front_put_the_roll_on_the_tray.png,00015_wrist_put_the_roll_on_the_tray.png,recap.png,50,3,374,375,4.483516483516484,-40.21978021978022,30.46153846153846,79.2967032967033,1.4505494505494505,0.273972602739726,-4.125398635864258,-92.19473266601562,76.54354858398438,71.34494018554688,-0.24014949798583984,0.31684333086013794
031_roll,put the roll on the tray,16,0,345,14.45,1788424879.768433,00015_front_put_the_roll_on_the_tray.png,00015_wrist_put_the_roll_on_the_tray.png,recap.png,50,4,375,376,4.483516483516484,-40.21978021978022,30.46153846153846,79.2967032967033,1.4505494505494505,0.273972602739726,-4.2643890380859375,-93.5823974609375,77.42153930664062,71.4208755493164,-0.19589805603027344,0.337250292301178
031_roll,put the roll on the tray,16,0,345,14.45,1788424879.768433,00015_front_put_the_roll_on_the_tray.png,00015_wrist_put_the_roll_on_the_tray.png,recap.png,50,5,376,377,4.483516483516484,-40.21978021978022,30.46153846153846,79.2967032967033,1.4505494505494505,0.273972602739726,-4.472162246704102,-94.7760238647461,77.85049438476562,71.51528930664062,-0.3380117416381836,0.3464537560939789
031_roll,put the roll on the tray,16,0,345,14.45,1788424879.768433,00015_front_put_the_roll_on_the_tray.png,00015_wrist_put_the_roll_on_the_tray.png,recap.png,50,6,377,378,4.483516483516484,-40.21978021978022,30.46153846153846,79.2967032967033,1.4505494505494505,0.273972602739726,-4.505043029785156,-96.29548645019531,78.86209106445312,71.46002197265625,-0.36949920654296875,0.4091658592224121
031_roll,put the roll on the tray,16,0,345,14.45,1788424879.768433,00015_front_put_the_roll_on_the_tray.png,00015_wrist_put_the_roll_on_the_tray.png,recap.png,50,7,378,379,4.483516483516484,-40.21978021978022,30.46153846153846,79.2967032967033,1.4505494505494505,0.273972602739726,-4.479034423828125,-98.11256408691406,80.32089233398438,71.75576782226562,-0.4462604522705078,0.3669584095478058
031_roll,put the roll on the tray,16,0,345,14.45,1788424879.768433,00015_front_put_the_roll_on_the_tray.png,00015_wrist_put_the_roll_on_the_tray.png,recap.png,50,8,379,380,4.483516483516484,-40.21978021978022,30.46153846153846,79.2967032967033,1.4505494505494505,0.273972602739726,-4.305997848510742,-99.02847290039062,80.92379760742188,71.9328384399414,-0.8009109497070312,0.46603408455848694
031_roll,put the roll on the tray,16,0,345,14.45,1788424879.768433,00015_front_put_the_roll_on_the_tray.png,00015_wrist_put_the_roll_on_the_tray.png,recap.png,50,9,380,381,4.483516483516484,-40.21978021978022,30.46153846153846,79.2967032967033,1.4505494505494505,0.273972602739726,-4.125253677368164,-100.80228424072266,81.59701538085938,72.22639465332031,-0.9940671920776367,0.3913760185241699
031_roll,put the roll on the tray,16,0,345,14.45,1788424879.768433,00015_front_put_the_roll_on_the_tray.png,00015_wrist_put_the_roll_on_the_tray.png,recap.png,50,10,381,382,4.483516483516484,-40.21978021978022,30.46153846153846,79.2967032967033,1.4505494505494505,0.273972602739726,-4.118120193481445,-101.92293548583984,82.77545166015625,72.53662109375,-1.3733148574829102,0.30159837007522583
031_roll,put the roll on the tray,16,0,345,14.45,1788424879.768433,00015_front_put_the_roll_on_the_tray.png,00015_wrist_put_the_roll_on_the_tray.png,recap.png,50,11,382,383,4.483516483516484,-40.21978021978022,30.46153846153846,79.2967032967033,1.4505494505494505,0.273972602739726,-4.353214263916016,-103.13522338867188,84.17179870605469,72.78772735595703,-1.3822317123413086,0.20914095640182495
031_roll,put the roll on the tray,16,0,345,14.45,1788424879.768433,00015_front_put_the_roll_on_the_tray.png,00015_wrist_put_the_roll_on_the_tray.png,recap.png,50,12,383,384,4.483516483516484,-40.21978021978022,30.46153846153846,79.2967032967033,1.4505494505494505,0.273972602739726,-3.8893260955810547,-104.6800537109375,84.52093505859375,72.6192626953125,-1.5927152633666992,0.35812246799468994
031_roll,put the roll on the tray,16,0,345,14.45,1788424879.768433,00015_front_put_the_roll_on_the_tray.png,00015_wrist_put_the_roll_on_the_tray.png,recap.png,50,13,384,385,4.483516483516484,-40.21978021978022,30.46153846153846,79.2967032967033,1.4505494505494505,0.273972602739726,-4.286907196044922,-105.39283752441406,85.40666198730469,73.0835189819336,-1.681981086730957,0.27734753489494324
031_roll,put the roll on the tray,16,0,345,14.45,1788424879.768433,00015_front_put_the_roll_on_the_tray.png,00015_wrist_put_the_roll_on_the_tray.png,recap.png,50,14,385,386,4.483516483516484,-40.21978021978022,30.46153846153846,79.2967032967033,1.4505494505494505,0.273972602739726,-4.236717224121094,-106.17755889892578,85.96733093261719,73.19020080566406,-1.777496337890625,0.2909312844276428
031_roll,put the roll on the tray,16,0,345,14.45,1788424879.768433,00015_front_put_the_roll_on_the_tray.png,00015_wrist_put_the_roll_on_the_tray.png,recap.png,50,15,386,387,4.483516483516484,-40.21978021978022,30.46153846153846,79.2967032967033,1.4505494505494505,0.273972602739726,-4.382268905639648,-106.55119323730469,86.115966796875,73.7228012084961,-1.9400663375854492,0.4037138819694519
031_roll,put the roll on the tray,16,0,345,14.45,1788424879.768433,00015_front_put_the_roll_on_the_tray.png,00015_wrist_put_the_roll_on_the_tray.png,recap.png,50,16,387,388,4.483516483516484,-40.21978021978022,30.46153846153846,79.2967032967033,1.4505494505494505,0.273972602739726,-4.534055709838867,-106.34329223632812,87.02348327636719,74.19668579101562,-2.2711830139160156,0.28313302993774414
031_roll,put the roll on the tray,16,0,345,14.45,1788424879.768433,00015_front_put_the_roll_on_the_tray.png,00015_wrist_put_the_roll_on_the_tray.png,recap.png,50,17,388,389,4.483516483516484,-40.21978021978022,30.46153846153846,79.2967032967033,1.4505494505494505,0.273972602739726,-4.568698883056641,-106.22882843017578,87.15231323242188,74.92021942138672,-2.475653648376465,0.25435957312583923
031_roll,put the roll on the tray,16,0,345,14.45,1788424879.768433,00015_front_put_the_roll_on_the_tray.png,00015_wrist_put_the_roll_on_the_tray.png,recap.png,50,18,389,390,4.483516483516484,-40.21978021978022,30.46153846153846,79.2967032967033,1.4505494505494505,0.273972602739726,-4.241655349731445,-106.29571533203125,87.82968139648438,75.22420501708984,-2.785158157348633,0.22693078219890594
031_roll,put the roll on the tray,16,0,345,14.45,1788424879.768433,00015_front_put_the_roll_on_the_tray.png,00015_wrist_put_the_roll_on_the_tray.png,recap.png,50,19,390,391,4.483516483516484,-40.21978021978022,30.46153846153846,79.2967032967033,1.4505494505494505,0.273972602739726,-4.22474479675293,-105.8019790649414,87.89256286621094,75.67066955566406,-3.0422887802124023,0.37232542037963867
031_roll,put the roll on the tray,16,0,345,14.45,1788424879.768433,00015_front_put_the_roll_on_the_tray.png,00015_wrist_put_the_roll_on_the_tray.png,recap.png,50,20,391,392,4.483516483516484,-40.21978021978022,30.46153846153846,79.2967032967033,1.4505494505494505,0.273972602739726,-4.109552383422852,-106.5010986328125,88.28956604003906,75.572509765625,-3.1942806243896484,0.38682475686073303
031_roll,put the roll on the tray,16,0,345,14.45,1788424879.768433,00015_front_put_the_roll_on_the_tray.png,00015_wrist_put_the_roll_on_the_tray.png,recap.png,50,21,392,393,4.483516483516484,-40.21978021978022,30.46153846153846,79.2967032967033,1.4505494505494505,0.273972602739726,-3.8427047729492188,-106.400390625,88.24812316894531,75.50687408447266,-3.1617422103881836,0.3435403108596802
031_roll,put the roll on the tray,16,0,345,14.45,1788424879.768433,00015_front_put_the_roll_on_the_tray.png,00015_wrist_put_the_roll_on_the_tray.png,recap.png,50,22,393,394,4.483516483516484,-40.21978021978022,30.46153846153846,79.2967032967033,1.4505494505494505,0.273972602739726,-3.832855224609375,-107.04512023925781,89.25204467773438,75.7386703491211,-2.9238948822021484,0.3138289451599121
031_roll,put the roll on the tray,16,0,345,14.45,1788424879.768433,00015_front_put_the_roll_on_the_tray.png,00015_wrist_put_the_roll_on_the_tray.png,recap.png,50,23,394,395,4.483516483516484,-40.21978021978022,30.46153846153846,79.2967032967033,1.4505494505494505,0.273972602739726,-3.683269500732422,-106.83390808105469,88.37220764160156,75.93296813964844,-2.821817398071289,0.31309181451797485
031_roll,put the roll on the tray,17,1,370,15.286,1788424880.6010022,00016_front_put_the_roll_on_the_tray.png,00016_wrist_put_the_roll_on_the_tray.png,recap.png,50,0,395,396,-3.956043956043956,-75.56043956043956,53.582417582417584,78.50549450549451,-0.7472527472527473,0.7534246575342466,-5.352848052978516,-103.45295715332031,84.45074462890625,79.87344360351562,-0.8620166778564453,0.5749047994613647
031_roll,put the roll on the tray,17,1,370,15.286,1788424880.6010022,00016_front_put_the_roll_on_the_tray.png,00016_wrist_put_the_roll_on_the_tray.png,recap.png,50,1,396,397,-3.956043956043956,-75.56043956043956,53.582417582417584,78.50549450549451,-0.7472527472527473,0.7534246575342466,-5.5888214111328125,-103.76416778564453,84.69561767578125,79.88973236083984,-0.8405876159667969,0.5467877388000488
031_roll,put the roll on the tray,17,1,370,15.286,1788424880.6010022,00016_front_put_the_roll_on_the_tray.png,00016_wrist_put_the_roll_on_the_tray.png,recap.png,50,2,397,398,-3.956043956043956,-75.56043956043956,53.582417582417584,78.50549450549451,-0.7472527472527473,0.7534246575342466,-5.345508575439453,-103.74483489990234,85.27554321289062,79.85563659667969,-0.8811111450195312,0.6589404940605164
031_roll,put the roll on the tray,17,1,370,15.286,1788424880.6010022,00016_front_put_the_roll_on_the_tray.png,00016_wrist_put_the_roll_on_the_tray.png,recap.png,50,3,398,399,-3.956043956043956,-75.56043956043956,53.582417582417584,78.50549450549451,-0.7472527472527473,0.7534246575342466,-5.609151840209961,-104.55301666259766,86.87557983398438,80.12569427490234,-0.9209957122802734,0.5813435316085815
031_roll,put the roll on the tray,17,1,370,15.286,1788424880.6010022,00016_front_put_the_roll_on_the_tray.png,00016_wrist_put_the_roll_on_the_tray.png,recap.png,50,4,399,400,-3.956043956043956,-75.56043956043956,53.582417582417584,78.50549450549451,-0.7472527472527473,0.7534246575342466,-5.612245559692383,-104.19792175292969,86.93092346191406,79.64920043945312,-0.7866849899291992,0.4882487952709198
031_roll,put the roll on the tray,17,1,370,15.286,1788424880.6010022,00016_front_put_the_roll_on_the_tray.png,00016_wrist_put_the_roll_on_the_tray.png,recap.png,50,5,400,401,-3.956043956043956,-75.56043956043956,53.582417582417584,78.50549450549451,-0.7472527472527473,0.7534246575342466,-5.411111831665039,-103.6167984008789,86.65196228027344,79.67233276367188,-0.8107891082763672,0.6077972650527954
031_roll,put the roll on the tray,17,1,370,15.286,1788424880.6010022,00016_front_put_the_roll_on_the_tray.png,00016_wrist_put_the_roll_on_the_tray.png,recap.png,50,6,401,402,-3.956043956043956,-75.56043956043956,53.582417582417584,78.50549450549451,-0.7472527472527473,0.7534246575342466,-5.477930068969727,-103.91475677490234,87.58544921875,79.56136322021484,-0.8721761703491211,0.40955355763435364
031_roll,put the roll on the tray,17,1,370,15.286,1788424880.6010022,00016_front_put_the_roll_on_the_tray.png,00016_wrist_put_the_roll_on_the_tray.png,recap.png,50,7,402,403,-3.956043956043956,-75.56043956043956,53.582417582417584,78.50549450549451,-0.7472527472527473,0.7534246575342466,-5.251499176025391,-104.0035400390625,87.66754150390625,79.6194839477539,-0.8426303863525391,0.5592297315597534
031_roll,put the roll on the tray,17,1,370,15.286,1788424880.6010022,00016_front_put_the_roll_on_the_tray.png,00016_wrist_put_the_roll_on_the_tray.png,recap.png,50,8,403,404,-3.956043956043956,-75.56043956043956,53.582417582417584,78.50549450549451,-0.7472527472527473,0.7534246575342466,-5.45051383972168,-103.59056091308594,88.2099609375,79.56510162353516,-0.8699893951416016,0.6532527208328247
031_roll,put the roll on the tray,17,1,370,15.286,1788424880.6010022,00016_front_put_the_roll_on_the_tray.png,00016_wrist_put_the_roll_on_the_tray.png,recap.png,50,9,404,405,-3.956043956043956,-75.56043956043956,53.582417582417584,78.50549450549451,-0.7472527472527473,0.7534246575342466,-5.099241256713867,-103.54220581054688,88.10957336425781,79.44453430175781,-0.8253774642944336,0.4619310200214386
031_roll,put the roll on the tray,17,1,370,15.286,1788424880.6010022,00016_front_put_the_roll_on_the_tray.png,00016_wrist_put_the_roll_on_the_tray.png,recap.png,50,10,405,406,-3.956043956043956,-75.56043956043956,53.582417582417584,78.50549450549451,-0.7472527472527473,0.7534246575342466,-5.219514846801758,-103.57015228271484,88.88734436035156,79.49824523925781,-0.8221540451049805,0.45219436287879944
031_roll,put the roll on the tray,17,1,370,15.286,1788424880.6010022,00016_front_put_the_roll_on_the_tray.png,00016_wrist_put_the_roll_on_the_tray.png,recap.png,50,11,406,407,-3.956043956043956,-75.56043956043956,53.582417582417584,78.50549450549451,-0.7472527472527473,0.7534246575342466,-5.212869644165039,-103.41804504394531,89.20140075683594,79.39450073242188,-0.889277458190918,0.4569251239299774
031_roll,put the roll on the tray,17,1,370,15.286,1788424880.6010022,00016_front_put_the_roll_on_the_tray.png,00016_wrist_put_the_roll_on_the_tray.png,recap.png,50,12,407,408,-3.956043956043956,-75.56043956043956,53.582417582417584,78.50549450549451,-0.7472527472527473,0.7534246575342466,-5.004268646240234,-103.45675659179688,89.05412292480469,79.38522338867188,-0.8846426010131836,0.5253356695175171
031_roll,put the roll on the tray,17,1,370,15.286,1788424880.6010022,00016_front_put_the_roll_on_the_tray.png,00016_wrist_put_the_roll_on_the_tray.png,recap.png,50,13,408,409,-3.956043956043956,-75.56043956043956,53.582417582417584,78.50549450549451,-0.7472527472527473,0.7534246575342466,-4.81566047668457,-103.7611312866211,89.42771911621094,79.4853744506836,-0.9284524917602539,0.5572275519371033
031_roll,put the roll on the tray,17,1,370,15.286,1788424880.6010022,00016_front_put_the_roll_on_the_tray.png,00016_wrist_put_the_roll_on_the_tray.png,recap.png,50,14,409,410,-3.956043956043956,-75.56043956043956,53.582417582417584,78.50549450549451,-0.7472527472527473,0.7534246575342466,-4.793157577514648,-104.20379638671875,89.66046142578125,79.49057006835938,-0.901667594909668,0.505766749382019
031_roll,put the roll on the tray,17,1,370,15.286,1788424880.6010022,00016_front_put_the_roll_on_the_tray.png,00016_wrist_put_the_roll_on_the_tray.png,recap.png,50,15,410,411,-3.956043956043956,-75.56043956043956,53.582417582417584,78.50549450549451,-0.7472527472527473,0.7534246575342466,-4.59423828125,-103.548095703125,89.544189453125,79.6384048461914,-0.9647026062011719,0.318325012922287
031_roll,put the roll on the tray,17,1,370,15.286,1788424880.6010022,00016_front_put_the_roll_on_the_tray.png,00016_wrist_put_the_roll_on_the_tray.png,recap.png,50,16,411,412,-3.956043956043956,-75.56043956043956,53.582417582417584,78.50549450549451,-0.7472527472527473,0.7534246575342466,-4.5369110107421875,-103.06303405761719,89.79403686523438,79.63436126708984,-1.172109603881836,0.46245360374450684
031_roll,put the roll on the tray,17,1,370,15.286,1788424880.6010022,00016_front_put_the_roll_on_the_tray.png,00016_wrist_put_the_roll_on_the_tray.png,recap.png,50,17,412,413,-3.956043956043956,-75.56043956043956,53.582417582417584,78.50549450549451,-0.7472527472527473,0.7534246575342466,-4.20720100402832,-103.43842315673828,89.40182495117188,79.7453384399414,-1.2063217163085938,0.6103368401527405
031_roll,put the roll on the tray,17,1,370,15.286,1788424880.6010022,00016_front_put_the_roll_on_the_tray.png,00016_wrist_put_the_roll_on_the_tray.png,recap.png,50,18,413,414,-3.956043956043956,-75.56043956043956,53.582417582417584,78.50549450549451,-0.7472527472527473,0.7534246575342466,-3.7958106994628906,-103.39740753173828,89.83084106445312,79.67335510253906,-1.408736228942871,0.5780094861984253
031_roll,put the roll on the tray,17,1,370,15.286,1788424880.6010022,00016_front_put_the_roll_on_the_tray.png,00016_wrist_put_the_roll_on_the_tray.png,recap.png,50,19,414,415,-3.956043956043956,-75.56043956043956,53.582417582417584,78.50549450549451,-0.7472527472527473,0.7534246575342466,-3.7645721435546875,-103.21534729003906,89.43495178222656,79.74932098388672,-1.3582782745361328,0.4795190393924713
031_roll,put the roll on the tray,17,1,370,15.286,1788424880.6010022,00016_front_put_the_roll_on_the_tray.png,00016_wrist_put_the_roll_on_the_tray.png,recap.png,50,20,415,416,-3.956043956043956,-75.56043956043956,53.582417582417584,78.50549450549451,-0.7472527472527473,0.7534246575342466,-3.5073585510253906,-103.51168823242188,89.8070068359375,79.69630432128906,-1.350773811340332,0.5942028760910034
031_roll,put the roll on the tray,17,1,370,15.286,1788424880.6010022,00016_front_put_the_roll_on_the_tray.png,00016_wrist_put_the_roll_on_the_tray.png,recap.png,50,21,416,417,-3.956043956043956,-75.56043956043956,53.582417582417584,78.50549450549451,-0.7472527472527473,0.7534246575342466,-3.1868934631347656,-103.34260559082031,89.46328735351562,79.57154846191406,-1.3819551467895508,0.5958884954452515
031_roll,put the roll on the tray,17,1,370,15.286,1788424880.6010022,00016_front_put_the_roll_on_the_tray.png,00016_wrist_put_the_roll_on_the_tray.png,recap.png,50,22,417,418,-3.956043956043956,-75.56043956043956,53.582417582417584,78.50549450549451,-0.7472527472527473,0.7534246575342466,-2.9322967529296875,-102.79032897949219,89.35093688964844,79.54283905029297,-1.4835329055786133,0.35928550362586975
031_roll,put the roll on the tray,17,1,370,15.286,1788424880.6010022,00016_front_put_the_roll_on_the_tray.png,00016_wrist_put_the_roll_on_the_tray.png,recap.png,50,23,418,419,-3.956043956043956,-75.56043956043956,53.582417582417584,78.50549450549451,-0.7472527472527473,0.7534246575342466,-2.5715179443359375,-103.46927642822266,89.43902587890625,79.43609619140625,-1.5407161712646484,0.578228235244751
031_roll,put the roll on the tray,17,1,370,15.286,1788424880.6010022,00016_front_put_the_roll_on_the_tray.png,00016_wrist_put_the_roll_on_the_tray.png,recap.png,50,24,419,420,-3.956043956043956,-75.56043956043956,53.582417582417584,78.50549450549451,-0.7472527472527473,0.7534246575342466,-2.4572505950927734,-103.12139129638672,89.98362731933594,79.35629272460938,-1.7298669815063477,0.5159452557563782
031_roll,put the roll on the tray,18,1,394,16.155,1788424881.4699264,00017_front_put_the_roll_on_the_tray.png,00017_wrist_put_the_roll_on_the_tray.png,recap.png,50,0,420,421,-4.21978021978022,-102.1978021978022,88.3076923076923,74.72527472527473,-2.5934065934065935,0.684931506849315,-5.035926818847656,-102.0606689453125,88.969482421875,78.17221069335938,-2.265793800354004,0.7749552130699158
031_roll,put the roll on the tray,18,1,394,16.155,1788424881.4699264,00017_front_put_the_roll_on_the_tray.png,00017_wrist_put_the_roll_on_the_tray.png,recap.png,50,1,421,422,-4.21978021978022,-102.1978021978022,88.3076923076923,74.72527472527473,-2.5934065934065935,0.684931506849315,-5.015163421630859,-101.91397094726562,88.58326721191406,78.121826171875,-2.356271743774414,0.6993359327316284
031_roll,put the roll on the tray,18,1,394,16.155,1788424881.4699264,00017_front_put_the_roll_on_the_tray.png,00017_wrist_put_the_roll_on_the_tray.png,recap.png,50,2,422,423,-4.21978021978022,-102.1978021978022,88.3076923076923,74.72527472527473,-2.5934065934065935,0.684931506849315,-4.985393524169922,-101.96440124511719,88.7537841796875,78.03125,-2.3935976028442383,0.688878059387207
031_roll,put the roll on the tray,18,1,394,16.155,1788424881.4699264,00017_front_put_the_roll_on_the_tray.png,00017_wrist_put_the_roll_on_the_tray.png,recap.png,50,3,423,424,-4.21978021978022,-102.1978021978022,88.3076923076923,74.72527472527473,-2.5934065934065935,0.684931506849315,-5.07969856262207,-101.88909912109375,88.61021423339844,77.97100067138672,-2.4096288681030273,0.6151621341705322
031_roll,put the roll on the tray,18,1,394,16.155,1788424881.4699264,00017_front_put_the_roll_on_the_tray.png,00017_wrist_put_the_roll_on_the_tray.png,recap.png,50,4,424,425,-4.21978021978022,-102.1978021978022,88.3076923076923,74.72527472527473,-2.5934065934065935,0.684931506849315,-5.093544006347656,-102.09745788574219,88.74575805664062,78.02445220947266,-2.401322364807129,0.6798307299613953
031_roll,put the roll on the tray,18,1,394,16.155,1788424881.4699264,00017_front_put_the_roll_on_the_tray.png,00017_wrist_put_the_roll_on_the_tray.png,recap.png,50,5,425,426,-4.21978021978022,-102.1978021978022,88.3076923076923,74.72527472527473,-2.5934065934065935,0.684931506849315,-5.091442108154297,-102.00973510742188,88.63412475585938,77.89508819580078,-2.3506383895874023,0.7185586094856262
031_roll,put the roll on the tray,18,1,394,16.155,1788424881.4699264,00017_front_put_the_roll_on_the_tray.png,00017_wrist_put_the_roll_on_the_tray.png,recap.png,50,6,426,427,-4.21978021978022,-102.1978021978022,88.3076923076923,74.72527472527473,-2.5934065934065935,0.684931506849315,-5.186073303222656,-102.28349304199219,88.81393432617188,78.13943481445312,-2.373371124267578,0.7192596197128296
031_roll,put the roll on the tray,18,1,394,16.155,1788424881.4699264,00017_front_put_the_roll_on_the_tray.png,00017_wrist_put_the_roll_on_the_tray.png,recap.png,50,7,427,428,-4.21978021978022,-102.1978021978022,88.3076923076923,74.72527472527473,-2.5934065934065935,0.684931506849315,-4.956718444824219,-101.99681091308594,88.3544921875,77.9884033203125,-2.3983020782470703,0.7735393643379211
031_roll,put the roll on the tray,18,1,394,16.155,1788424881.4699264,00017_front_put_the_roll_on_the_tray.png,00017_wrist_put_the_roll_on_the_tray.png,recap.png,50,8,428,429,-4.21978021978022,-102.1978021978022,88.3076923076923,74.72527472527473,-2.5934065934065935,0.684931506849315,-5.028453826904297,-102.2191390991211,88.55484008789062,78.00196838378906,-2.400270462036133,0.673547089099884
031_roll,put the roll on the tray,18,1,394,16.155,1788424881.4699264,00017_front_put_the_roll_on_the_tray.png,00017_wrist_put_the_roll_on_the_tray.png,recap.png,50,9,429,430,-4.21978021978022,-102.1978021978022,88.3076923076923,74.72527472527473,-2.5934065934065935,0.684931506849315,-5.06123161315918,-101.70622253417969,88.58584594726562,77.87525177001953,-2.3703689575195312,0.7421732544898987
031_roll,put the roll on the tray,18,1,394,16.155,1788424881.4699264,00017_front_put_the_roll_on_the_tray.png,00017_wrist_put_the_roll_on_the_tray.png,recap.png,50,10,430,431,-4.21978021978022,-102.1978021978022,88.3076923076923,74.72527472527473,-2.5934065934065935,0.684931506849315,-5.12834358215332,-101.86700439453125,88.59053039550781,77.94742584228516,-2.452564239501953,0.7091841101646423
031_roll,put the roll on the tray,18,1,394,16.155,1788424881.4699264,00017_front_put_the_roll_on_the_tray.png,00017_wrist_put_the_roll_on_the_tray.png,recap.png,50,11,431,432,-4.21978021978022,-102.1978021978022,88.3076923076923,74.72527472527473,-2.5934065934065935,0.684931506849315,-4.967155456542969,-101.83519744873047,88.10655212402344,77.99871063232422,-2.4391260147094727,0.6657106280326843
031_roll,put the roll on the tray,18,1,394,16.155,1788424881.4699264,00017_front_put_the_roll_on_the_tray.png,00017_wrist_put_the_roll_on_the_tray.png,recap.png,50,12,432,433,-4.21978021978022,-102.1978021978022,88.3076923076923,74.72527472527473,-2.5934065934065935,0.684931506849315,-4.849735260009766,-101.87444305419922,88.87864685058594,77.89183807373047,-2.37457275390625,0.714816689491272
031_roll,put the roll on the tray,18,1,394,16.155,1788424881.4699264,00017_front_put_the_roll_on_the_tray.png,00017_wrist_put_the_roll_on_the_tray.png,recap.png,50,13,433,434,-4.21978021978022,-102.1978021978022,88.3076923076923,74.72527472527473,-2.5934065934065935,0.684931506849315,-5.042163848876953,-102.1490478515625,89.05006408691406,78.00337982177734,-2.5280771255493164,0.6480545997619629
031_roll,put the roll on the tray,18,1,394,16.155,1788424881.4699264,00017_front_put_the_roll_on_the_tray.png,00017_wrist_put_the_roll_on_the_tray.png,recap.png,50,14,434,435,-4.21978021978022,-102.1978021978022,88.3076923076923,74.72527472527473,-2.5934065934065935,0.684931506849315,-5.000373840332031,-102.02217864990234,89.13722229003906,77.9365234375,-2.4690351486206055,0.741640031337738
031_roll,put the roll on the tray,18,1,394,16.155,1788424881.4699264,00017_front_put_the_roll_on_the_tray.png,00017_wrist_put_the_roll_on_the_tray.png,recap.png,50,15,435,436,-4.21978021978022,-102.1978021978022,88.3076923076923,74.72527472527473,-2.5934065934065935,0.684931506849315,-4.825002670288086,-101.604248046875,88.69915771484375,78.00354766845703,-2.4429845809936523,0.7288539409637451
031_roll,put the roll on the tray,18,1,394,16.155,1788424881.4699264,00017_front_put_the_roll_on_the_tray.png,00017_wrist_put_the_roll_on_the_tray.png,recap.png,50,16,436,437,-4.21978021978022,-102.1978021978022,88.3076923076923,74.72527472527473,-2.5934065934065935,0.684931506849315,-4.941417694091797,-102.10089111328125,88.74903869628906,77.90166473388672,-2.490203857421875,0.6999849081039429
031_roll,put the roll on the tray,18,1,394,16.155,1788424881.4699264,00017_front_put_the_roll_on_the_tray.png,00017_wrist_put_the_roll_on_the_tray.png,recap.png,50,17,437,438,-4.21978021978022,-102.1978021978022,88.3076923076923,74.72527472527473,-2.5934065934065935,0.684931506849315,-4.806417465209961,-101.83013916015625,89.15432739257812,77.82068634033203,-2.478398323059082,0.6694706082344055
031_roll,put the roll on the tray,18,1,394,16.155,1788424881.4699264,00017_front_put_the_roll_on_the_tray.png,00017_wrist_put_the_roll_on_the_tray.png,recap.png,50,18,438,439,-4.21978021978022,-102.1978021978022,88.3076923076923,74.72527472527473,-2.5934065934065935,0.684931506849315,-4.799613952636719,-102.28629302978516,88.57452392578125,77.97926330566406,-2.5078907012939453,0.6594067811965942
031_roll,put the roll on the tray,18,1,394,16.155,1788424881.4699264,00017_front_put_the_roll_on_the_tray.png,00017_wrist_put_the_roll_on_the_tray.png,recap.png,50,19,439,440,-4.21978021978022,-102.1978021978022,88.3076923076923,74.72527472527473,-2.5934065934065935,0.684931506849315,-4.958824157714844,-101.79537963867188,88.61376953125,77.95655059814453,-2.4722518920898438,0.6337741017341614
031_roll,put the roll on the tray,18,1,394,16.155,1788424881.4699264,00017_front_put_the_roll_on_the_tray.png,00017_wrist_put_the_roll_on_the_tray.png,recap.png,50,20,440,441,-4.21978021978022,-102.1978021978022,88.3076923076923,74.72527472527473,-2.5934065934065935,0.684931506849315,-4.917888641357422,-101.8973159790039,88.87939453125,78.02816009521484,-2.4555788040161133,0.6158154010772705
031_roll,put the roll on the tray,18,1,394,16.155,1788424881.4699264,00017_front_put_the_roll_on_the_tray.png,00017_wrist_put_the_roll_on_the_tray.png,recap.png,50,21,441,442,-4.21978021978022,-102.1978021978022,88.3076923076923,74.72527472527473,-2.5934065934065935,0.684931506849315,-4.751951217651367,-102.13440704345703,89.08584594726562,77.8867416381836,-2.4696483612060547,0.710996150970459
031_roll,put the roll on the tray,18,1,394,16.155,1788424881.4699264,00017_front_put_the_roll_on_the_tray.png,00017_wrist_put_the_roll_on_the_tray.png,recap.png,50,22,442,443,-4.21978021978022,-102.1978021978022,88.3076923076923,74.72527472527473,-2.5934065934065935,0.684931506849315,-4.87213134765625,-101.79169464111328,88.30726623535156,77.8381118774414,-2.467172622680664,0.5527209043502808
031_roll,put the roll on the tray,18,1,394,16.155,1788424881.4699264,00017_front_put_the_roll_on_the_tray.png,00017_wrist_put_the_roll_on_the_tray.png,recap.png,50,23,443,444,-4.21978021978022,-102.1978021978022,88.3076923076923,74.72527472527473,-2.5934065934065935,0.684931506849315,-4.730634689331055,-102.27598571777344,88.55014038085938,77.89569854736328,-2.4820098876953125,0.6055051684379578
031_roll,put the roll on the tray,19,1,419,17.024,1788424882.339156,00018_front_put_the_roll_on_the_tray.png,00018_wrist_put_the_roll_on_the_tray.png,recap.png,50,0,444,445,-3.4285714285714284,-102.28571428571429,88.74725274725274,77.45054945054945,-1.2747252747252746,0.7534246575342466,-4.07420539855957,-102.03451538085938,88.34634399414062,78.16851806640625,-1.4763126373291016,0.6599739789962769
031_roll,put the roll on the tray,19,1,419,17.024,1788424882.339156,00018_front_put_the_roll_on_the_tray.png,00018_wrist_put_the_roll_on_the_tray.png,recap.png,50,1,445,446,-3.4285714285714284,-102.28571428571429,88.74725274725274,77.45054945054945,-1.2747252747252746,0.7534246575342466,-4.178068161010742,-102.2864990234375,88.44241333007812,78.21572875976562,-1.4619598388671875,0.8185625672340393
031_roll,put the roll on the tray,19,1,419,17.024,1788424882.339156,00018_front_put_the_roll_on_the_tray.png,00018_wrist_put_the_roll_on_the_tray.png,recap.png,50,2,446,447,-3.4285714285714284,-102.28571428571429,88.74725274725274,77.45054945054945,-1.2747252747252746,0.7534246575342466,-4.224861145019531,-102.3415298461914,88.41499328613281,78.23821258544922,-1.5048704147338867,0.7988003492355347
031_roll,put the roll on the tray,19,1,419,17.024,1788424882.339156,00018_front_put_the_roll_on_the_tray.png,00018_wrist_put_the_roll_on_the_tray.png,recap.png,50,3,447,448,-3.4285714285714284,-102.28571428571429,88.74725274725274,77.45054945054945,-1.2747252747252746,0.7534246575342466,-4.218931198120117,-101.35175323486328,87.8157958984375,77.99385070800781,-1.5297832489013672,0.7915055155754089
031_roll,put the roll on the tray,19,1,419,17.024,1788424882.339156,00018_front_put_the_roll_on_the_tray.png,00018_wrist_put_the_roll_on_the_tray.png,recap.png,50,4,448,449,-3.4285714285714284,-102.28571428571429,88.74725274725274,77.45054945054945,-1.2747252747252746,0.7534246575342466,-4.125663757324219,-102.26998901367188,88.16036987304688,78.29248046875,-1.4392662048339844,0.8864759802818298
031_roll,put the roll on the tray,19,1,419,17.024,1788424882.339156,00018_front_put_the_roll_on_the_tray.png,00018_wrist_put_the_roll_on_the_tray.png,recap.png,50,5,449,450,-3.4285714285714284,-102.28571428571429,88.74725274725274,77.45054945054945,-1.2747252747252746,0.7534246575342466,-4.21751594543457,-102.2715835571289,88.69987487792969,78.1467514038086,-1.505110740661621,0.7392650842666626
031_roll,put the roll on the tray,19,1,419,17.024,1788424882.339156,00018_front_put_the_roll_on_the_tray.png,00018_wrist_put_the_roll_on_the_tray.png,recap.png,50,6,450,451,-3.4285714285714284,-102.28571428571429,88.74725274725274,77.45054945054945,-1.2747252747252746,0.7534246575342466,-4.290529251098633,-101.95638275146484,88.74313354492188,78.25221252441406,-1.5076780319213867,0.7854704260826111
031_roll,put the roll on the tray,19,1,419,17.024,1788424882.339156,00018_front_put_the_roll_on_the_tray.png,00018_wrist_put_the_roll_on_the_tray.png,recap.png,50,7,451,452,-3.4285714285714284,-102.28571428571429,88.74725274725274,77.45054945054945,-1.2747252747252746,0.7534246575342466,-4.209867477416992,-102.10774230957031,88.53054809570312,78.2773666381836,-1.6031169891357422,0.8207601308822632
031_roll,put the roll on the tray,19,1,419,17.024,1788424882.339156,00018_front_put_the_roll_on_the_tray.png,00018_wrist_put_the_roll_on_the_tray.png,recap.png,50,8,452,453,-3.4285714285714284,-102.28571428571429,88.74725274725274,77.45054945054945,-1.2747252747252746,0.7534246575342466,-4.31016731262207,-102.39165496826172,88.34645080566406,78.30668640136719,-1.4903564453125,0.8530790209770203
031_roll,put the roll on the tray,19,1,419,17.024,1788424882.339156,00018_front_put_the_roll_on_the_tray.png,00018_wrist_put_the_roll_on_the_tray.png,recap.png,50,9,453,454,-3.4285714285714284,-102.28571428571429,88.74725274725274,77.45054945054945,-1.2747252747252746,0.7534246575342466,-4.048545837402344,-102.04252624511719,88.16273498535156,78.09168243408203,-1.4181251525878906,0.8149183392524719
031_roll,put the roll on the tray,19,1,419,17.024,1788424882.339156,00018_front_put_the_roll_on_the_tray.png,00018_wrist_put_the_roll_on_the_tray.png,recap.png,50,10,454,455,-3.4285714285714284,-102.28571428571429,88.74725274725274,77.45054945054945,-1.2747252747252746,0.7534246575342466,-4.140100479125977,-102.58487701416016,87.84640502929688,78.21627807617188,-1.502568244934082,0.7729286551475525
031_roll,put the roll on the tray,19,1,419,17.024,1788424882.339156,00018_front_put_the_roll_on_the_tray.png,00018_wrist_put_the_roll_on_the_tray.png,recap.png,50,11,455,456,-3.4285714285714284,-102.28571428571429,88.74725274725274,77.45054945054945,-1.2747252747252746,0.7534246575342466,-4.122941970825195,-101.89884185791016,88.26618957519531,78.15887451171875,-1.5492925643920898,0.7960525751113892
031_roll,put the roll on the tray,19,1,419,17.024,1788424882.339156,00018_front_put_the_roll_on_the_tray.png,00018_wrist_put_the_roll_on_the_tray.png,recap.png,50,12,456,457,-3.4285714285714284,-102.28571428571429,88.74725274725274,77.45054945054945,-1.2747252747252746,0.7534246575342466,-4.005546569824219,-102.2518539428711,88.6348876953125,78.07562255859375,-1.570669174194336,0.8682730197906494
031_roll,put the roll on the tray,19,1,419,17.024,1788424882.339156,00018_front_put_the_roll_on_the_tray.png,00018_wrist_put_the_roll_on_the_tray.png,recap.png,50,13,457,458,-3.4285714285714284,-102.28571428571429,88.74725274725274,77.45054945054945,-1.2747252747252746,0.7534246575342466,-4.017316818237305,-102.5423355102539,88.8690185546875,78.086181640625,-1.52252197265625,0.966389536857605
031_roll,put the roll on the tray,19,1,419,17.024,1788424882.339156,00018_front_put_the_roll_on_the_tray.png,00018_wrist_put_the_roll_on_the_tray.png,recap.png,50,14,458,459,-3.4285714285714284,-102.28571428571429,88.74725274725274,77.45054945054945,-1.2747252747252746,0.7534246575342466,-3.9575443267822266,-101.98036193847656,88.19807434082031,78.08805847167969,-1.5203990936279297,0.9026173949241638
031_roll,put the roll on the tray,19,1,419,17.024,1788424882.339156,00018_front_put_the_roll_on_the_tray.png,00018_wrist_put_the_roll_on_the_tray.png,recap.png,50,15,459,460,-3.4285714285714284,-102.28571428571429,88.74725274725274,77.45054945054945,-1.2747252747252746,0.7534246575342466,-4.096416473388672,-102.1513900756836,88.77835083007812,78.02529907226562,-1.575423240661621,0.883841872215271
031_roll,put the roll on the tray,19,1,419,17.024,1788424882.339156,00018_front_put_the_roll_on_the_tray.png,00018_wrist_put_the_roll_on_the_tray.png,recap.png,50,16,460,461,-3.4285714285714284,-102.28571428571429,88.74725274725274,77.45054945054945,-1.2747252747252746,0.7534246575342466,-4.1169586181640625,-102.0254135131836,88.47537231445312,78.28349304199219,-1.5059394836425781,0.956576406955719
031_roll,put the roll on the tray,19,1,419,17.024,1788424882.339156,00018_front_put_the_roll_on_the_tray.png,00018_wrist_put_the_roll_on_the_tray.png,recap.png,50,17,461,462,-3.4285714285714284,-102.28571428571429,88.74725274725274,77.45054945054945,-1.2747252747252746,0.7534246575342466,-4.10600471496582,-101.83061981201172,88.4853515625,78.21981811523438,-1.4852094650268555,0.8278807401657104
031_roll,put the roll on the tray,19,1,419,17.024,1788424882.339156,00018_front_put_the_roll_on_the_tray.png,00018_wrist_put_the_roll_on_the_tray.png,recap.png,50,18,462,463,-3.4285714285714284,-102.28571428571429,88.74725274725274,77.45054945054945,-1.2747252747252746,0.7534246575342466,-4.206148147583008,-101.62808990478516,88.96897888183594,78.19983673095703,-1.5721435546875,0.9433240294456482
031_roll,put the roll on the tray,19,1,419,17.024,1788424882.339156,00018_front_put_the_roll_on_the_tray.png,00018_wrist_put_the_roll_on_the_tray.png,recap.png,50,19,463,464,-3.4285714285714284,-102.28571428571429,88.74725274725274,77.45054945054945,-1.2747252747252746,0.7534246575342466,-4.138835906982422,-102.35435485839844,88.61177062988281,78.09334564208984,-1.547846794128418,0.8967150449752808
031_roll,put the roll on the tray,19,1,419,17.024,1788424882.339156,00018_front_put_the_roll_on_the_tray.png,00018_wrist_put_the_roll_on_the_tray.png,recap.png,50,20,464,465,-3.4285714285714284,-102.28571428571429,88.74725274725274,77.45054945054945,-1.2747252747252746,0.7534246575342466,-4.191190719604492,-101.4375991821289,88.78622436523438,77.98480987548828,-1.4949159622192383,0.9794623851776123
031_roll,put the roll on the tray,19,1,419,17.024,1788424882.339156,00018_front_put_the_roll_on_the_tray.png,00018_wrist_put_the_roll_on_the_tray.png,recap.png,50,21,465,466,-3.4285714285714284,-102.28571428571429,88.74725274725274,77.45054945054945,-1.2747252747252746,0.7534246575342466,-4.301767349243164,-101.83457946777344,88.77415466308594,77.91162109375,-1.6007938385009766,0.8958016037940979
031_roll,put the roll on the tray,19,1,419,17.024,1788424882.339156,00018_front_put_the_roll_on_the_tray.png,00018_wrist_put_the_roll_on_the_tray.png,recap.png,50,22,466,467,-3.4285714285714284,-102.28571428571429,88.74725274725274,77.45054945054945,-1.2747252747252746,0.7534246575342466,-4.419761657714844,-102.71224975585938,88.62554931640625,77.89945220947266,-1.5786828994750977,0.8836613297462463
031_roll,put the roll on the tray,19,1,419,17.024,1788424882.339156,00018_front_put_the_roll_on_the_tray.png,00018_wrist_put_the_roll_on_the_tray.png,recap.png,50,23,467,468,-3.4285714285714284,-102.28571428571429,88.74725274725274,77.45054945054945,-1.2747252747252746,0.7534246575342466,-4.400022506713867,-102.06047058105469,88.68931579589844,78.16178131103516,-1.550485610961914,0.8389281034469604
031_roll,put the roll on the tray,19,1,419,17.024,1788424882.339156,00018_front_put_the_roll_on_the_tray.png,00018_wrist_put_the_roll_on_the_tray.png,recap.png,50,24,468,469,-3.4285714285714284,-102.28571428571429,88.74725274725274,77.45054945054945,-1.2747252747252746,0.7534246575342466,-4.327064514160156,-102.1190414428711,88.94749450683594,78.01771545410156,-1.4622650146484375,0.7072924375534058
