DEBUG 2026-08-20 06:33:04 === episode start | task: 'put the stuffed animal on the tray' | duration: 30.0s ===
DEBUG 2026-08-20 06:33:05 [chunk] received 50 actions, timesteps 0..49 | first: shoulder_pan.pos=-3.94 shoulder_lift.pos=-101.60 elbow_flex.pos=+88.18 wrist_flex.pos=+75.51 wrist_roll.pos=-0.09 gripper.pos=+0.71 | last: shoulder_pan.pos=-25.24 shoulder_lift.pos=-102.74 elbow_flex.pos=+89.29 wrist_flex.pos=+76.08 wrist_roll.pos=-0.12 gripper.pos=+0.60
DEBUG 2026-08-20 06:33:05 [action #1] t=0.90s step=0 queue=50 dmax=n/a | shoulder_pan.pos=-3.94 shoulder_lift.pos=-101.60 elbow_flex.pos=+88.18 wrist_flex.pos=+75.51 wrist_roll.pos=-0.09 gripper.pos=+0.71
DEBUG 2026-08-20 06:33:05 [action #2] t=0.94s step=1 queue=49 dmax=0.870 | shoulder_pan.pos=-3.78 shoulder_lift.pos=-100.73 elbow_flex.pos=+87.44 wrist_flex.pos=+75.83 wrist_roll.pos=-0.09 gripper.pos=+0.64
DEBUG 2026-08-20 06:33:05 [action #3] t=0.97s step=2 queue=48 dmax=1.977 | shoulder_pan.pos=-3.88 shoulder_lift.pos=-102.70 elbow_flex.pos=+88.03 wrist_flex.pos=+75.64 wrist_roll.pos=+0.04 gripper.pos=+0.73
DEBUG 2026-08-20 06:33:05 [action #4] t=1.00s step=3 queue=47 dmax=0.942 | shoulder_pan.pos=-3.84 shoulder_lift.pos=-101.76 elbow_flex.pos=+88.95 wrist_flex.pos=+75.65 wrist_roll.pos=-0.05 gripper.pos=+0.64
DEBUG 2026-08-20 06:33:05 [action #5] t=1.04s step=4 queue=46 dmax=0.668 | shoulder_pan.pos=-4.26 shoulder_lift.pos=-102.26 elbow_flex.pos=+88.28 wrist_flex.pos=+75.68 wrist_roll.pos=-0.02 gripper.pos=+0.60
DEBUG 2026-08-20 06:33:05 [action #6] t=1.07s step=5 queue=45 dmax=1.173 | shoulder_pan.pos=-3.76 shoulder_lift.pos=-101.08 elbow_flex.pos=+88.26 wrist_flex.pos=+75.69 wrist_roll.pos=+0.05 gripper.pos=+0.44
DEBUG 2026-08-20 06:33:05 [action #7] t=1.10s step=6 queue=44 dmax=0.351 | shoulder_pan.pos=-3.79 shoulder_lift.pos=-101.19 elbow_flex.pos=+87.90 wrist_flex.pos=+75.61 wrist_roll.pos=+0.04 gripper.pos=+0.63
DEBUG 2026-08-20 06:33:05 [action #8] t=1.14s step=7 queue=43 dmax=0.810 | shoulder_pan.pos=-4.06 shoulder_lift.pos=-102.00 elbow_flex.pos=+88.00 wrist_flex.pos=+75.36 wrist_roll.pos=+0.09 gripper.pos=+0.64
DEBUG 2026-08-20 06:33:05 [action #9] t=1.17s step=8 queue=42 dmax=0.829 | shoulder_pan.pos=-3.91 shoulder_lift.pos=-102.83 elbow_flex.pos=+88.36 wrist_flex.pos=+75.72 wrist_roll.pos=-0.04 gripper.pos=+0.56
DEBUG 2026-08-20 06:33:05 [action #10] t=1.20s step=9 queue=41 dmax=1.381 | shoulder_pan.pos=-3.88 shoulder_lift.pos=-101.45 elbow_flex.pos=+88.30 wrist_flex.pos=+75.79 wrist_roll.pos=-0.04 gripper.pos=+0.49
DEBUG 2026-08-20 06:33:05 [action #11] t=1.24s step=10 queue=40 dmax=0.681 | shoulder_pan.pos=-3.71 shoulder_lift.pos=-102.13 elbow_flex.pos=+88.33 wrist_flex.pos=+75.78 wrist_roll.pos=-0.04 gripper.pos=+0.52
DEBUG 2026-08-20 06:33:05 [action #12] t=1.27s step=11 queue=39 dmax=0.384 | shoulder_pan.pos=-3.91 shoulder_lift.pos=-101.82 elbow_flex.pos=+88.03 wrist_flex.pos=+76.16 wrist_roll.pos=+0.10 gripper.pos=+0.43
DEBUG 2026-08-20 06:33:05 [action #13] t=1.30s step=12 queue=38 dmax=0.459 | shoulder_pan.pos=-3.86 shoulder_lift.pos=-101.80 elbow_flex.pos=+88.20 wrist_flex.pos=+75.70 wrist_roll.pos=-0.03 gripper.pos=+0.50
DEBUG 2026-08-20 06:33:05 [action #14] t=1.34s step=13 queue=37 dmax=0.461 | shoulder_pan.pos=-3.96 shoulder_lift.pos=-101.34 elbow_flex.pos=+88.23 wrist_flex.pos=+75.97 wrist_roll.pos=-0.11 gripper.pos=+0.81
DEBUG 2026-08-20 06:33:05 [action #15] t=1.37s step=14 queue=36 dmax=1.274 | shoulder_pan.pos=-3.85 shoulder_lift.pos=-101.65 elbow_flex.pos=+89.50 wrist_flex.pos=+75.90 wrist_roll.pos=+0.03 gripper.pos=+0.64
DEBUG 2026-08-20 06:33:05 [action #16] t=1.40s step=15 queue=35 dmax=0.941 | shoulder_pan.pos=-3.65 shoulder_lift.pos=-101.69 elbow_flex.pos=+88.56 wrist_flex.pos=+76.20 wrist_roll.pos=+0.01 gripper.pos=+0.60
DEBUG 2026-08-20 06:33:05 [action #17] t=1.44s step=16 queue=34 dmax=0.800 | shoulder_pan.pos=-3.83 shoulder_lift.pos=-101.87 elbow_flex.pos=+87.76 wrist_flex.pos=+75.69 wrist_roll.pos=-0.08 gripper.pos=+0.57
DEBUG 2026-08-20 06:33:05 [action #18] t=1.47s step=17 queue=33 dmax=0.802 | shoulder_pan.pos=-3.76 shoulder_lift.pos=-101.07 elbow_flex.pos=+88.16 wrist_flex.pos=+75.85 wrist_roll.pos=+0.07 gripper.pos=+0.51
DEBUG 2026-08-20 06:33:05 [action #19] t=1.51s step=18 queue=32 dmax=0.691 | shoulder_pan.pos=-3.50 shoulder_lift.pos=-101.76 elbow_flex.pos=+88.32 wrist_flex.pos=+75.73 wrist_roll.pos=+0.04 gripper.pos=+0.61
DEBUG 2026-08-20 06:33:05 [action #20] t=1.54s step=19 queue=31 dmax=0.240 | shoulder_pan.pos=-3.59 shoulder_lift.pos=-101.73 elbow_flex.pos=+88.27 wrist_flex.pos=+75.97 wrist_roll.pos=+0.02 gripper.pos=+0.55
DEBUG 2026-08-20 06:33:05 [action #21] t=1.57s step=20 queue=30 dmax=0.875 | shoulder_pan.pos=-3.51 shoulder_lift.pos=-100.86 elbow_flex.pos=+87.89 wrist_flex.pos=+75.60 wrist_roll.pos=-0.03 gripper.pos=+0.47
DEBUG 2026-08-20 06:33:05 [action #22] t=1.61s step=21 queue=29 dmax=0.317 | shoulder_pan.pos=-3.40 shoulder_lift.pos=-100.98 elbow_flex.pos=+87.80 wrist_flex.pos=+75.91 wrist_roll.pos=+0.01 gripper.pos=+0.41
DEBUG 2026-08-20 06:33:05 [action #23] t=1.64s step=22 queue=28 dmax=0.835 | shoulder_pan.pos=-3.39 shoulder_lift.pos=-101.82 elbow_flex.pos=+87.72 wrist_flex.pos=+75.76 wrist_roll.pos=+0.01 gripper.pos=+0.59
DEBUG 2026-08-20 06:33:05 [action #24] t=1.68s step=23 queue=27 dmax=0.671 | shoulder_pan.pos=-3.62 shoulder_lift.pos=-102.49 elbow_flex.pos=+87.61 wrist_flex.pos=+75.57 wrist_roll.pos=-0.04 gripper.pos=+0.60
DEBUG 2026-08-20 06:33:05 [action #25] t=1.71s step=24 queue=26 dmax=0.539 | shoulder_pan.pos=-3.84 shoulder_lift.pos=-101.95 elbow_flex.pos=+87.35 wrist_flex.pos=+75.74 wrist_roll.pos=+0.08 gripper.pos=+0.67
DEBUG 2026-08-20 06:33:05 [action #26] t=1.74s step=25 queue=25 dmax=0.405 | shoulder_pan.pos=-3.65 shoulder_lift.pos=-101.55 elbow_flex.pos=+87.54 wrist_flex.pos=+75.59 wrist_roll.pos=+0.13 gripper.pos=+0.61
DEBUG 2026-08-20 06:33:05 [action #27] t=1.78s step=26 queue=24 dmax=0.317 | shoulder_pan.pos=-3.84 shoulder_lift.pos=-101.86 elbow_flex.pos=+87.25 wrist_flex.pos=+75.56 wrist_roll.pos=+0.05 gripper.pos=+0.51
DEBUG 2026-08-20 06:33:05 [action #28] t=1.81s step=27 queue=23 dmax=0.644 | shoulder_pan.pos=-3.93 shoulder_lift.pos=-101.25 elbow_flex.pos=+86.60 wrist_flex.pos=+75.33 wrist_roll.pos=+0.04 gripper.pos=+0.75
DEBUG 2026-08-20 06:33:06 [action #29] t=1.84s step=28 queue=22 dmax=1.814 | shoulder_pan.pos=-4.23 shoulder_lift.pos=-100.61 elbow_flex.pos=+88.42 wrist_flex.pos=+75.80 wrist_roll.pos=+0.03 gripper.pos=+0.57
DEBUG 2026-08-20 06:33:06 [action #30] t=1.88s step=29 queue=21 dmax=0.306 | shoulder_pan.pos=-4.45 shoulder_lift.pos=-100.82 elbow_flex.pos=+88.11 wrist_flex.pos=+75.93 wrist_roll.pos=+0.09 gripper.pos=+0.41
DEBUG 2026-08-20 06:33:06 [action #31] t=1.91s step=30 queue=20 dmax=0.908 | shoulder_pan.pos=-4.78 shoulder_lift.pos=-101.72 elbow_flex.pos=+88.36 wrist_flex.pos=+75.88 wrist_roll.pos=+0.11 gripper.pos=+0.42
DEBUG 2026-08-20 06:33:06 [action #32] t=1.94s step=31 queue=19 dmax=0.246 | shoulder_pan.pos=-5.02 shoulder_lift.pos=-101.81 elbow_flex.pos=+88.50 wrist_flex.pos=+75.73 wrist_roll.pos=+0.07 gripper.pos=+0.44
DEBUG 2026-08-20 06:33:06 [action #33] t=1.98s step=32 queue=18 dmax=0.865 | shoulder_pan.pos=-5.89 shoulder_lift.pos=-101.95 elbow_flex.pos=+88.04 wrist_flex.pos=+75.90 wrist_roll.pos=+0.07 gripper.pos=+0.34
DEBUG 2026-08-20 06:33:06 [action #34] t=2.01s step=33 queue=17 dmax=0.809 | shoulder_pan.pos=-6.70 shoulder_lift.pos=-102.08 elbow_flex.pos=+88.33 wrist_flex.pos=+75.63 wrist_roll.pos=+0.09 gripper.pos=+0.44
DEBUG 2026-08-20 06:33:06 [action #35] t=2.04s step=34 queue=16 dmax=1.095 | shoulder_pan.pos=-7.79 shoulder_lift.pos=-101.73 elbow_flex.pos=+89.00 wrist_flex.pos=+75.53 wrist_roll.pos=+0.15 gripper.pos=+0.43
DEBUG 2026-08-20 06:33:06 [action #36] t=2.08s step=35 queue=15 dmax=1.107 | shoulder_pan.pos=-8.90 shoulder_lift.pos=-101.96 elbow_flex.pos=+88.05 wrist_flex.pos=+75.67 wrist_roll.pos=+0.10 gripper.pos=+0.34
DEBUG 2026-08-20 06:33:06 [action #37] t=2.11s step=36 queue=14 dmax=1.426 | shoulder_pan.pos=-10.32 shoulder_lift.pos=-101.69 elbow_flex.pos=+88.53 wrist_flex.pos=+75.72 wrist_roll.pos=+0.12 gripper.pos=+0.38
DEBUG 2026-08-20 06:33:06 [action #38] t=2.14s step=37 queue=13 dmax=1.635 | shoulder_pan.pos=-11.96 shoulder_lift.pos=-101.59 elbow_flex.pos=+88.92 wrist_flex.pos=+75.99 wrist_roll.pos=+0.09 gripper.pos=+0.33
DEBUG 2026-08-20 06:33:06 [action #39] t=2.18s step=38 queue=12 dmax=1.437 | shoulder_pan.pos=-13.39 shoulder_lift.pos=-102.45 elbow_flex.pos=+88.32 wrist_flex.pos=+75.81 wrist_roll.pos=+0.14 gripper.pos=+0.41
DEBUG 2026-08-20 06:33:06 [action #40] t=2.21s step=39 queue=11 dmax=1.292 | shoulder_pan.pos=-14.69 shoulder_lift.pos=-102.97 elbow_flex.pos=+88.31 wrist_flex.pos=+75.71 wrist_roll.pos=+0.09 gripper.pos=+0.32
DEBUG 2026-08-20 06:33:06 [action #41] t=2.24s step=40 queue=10 dmax=1.408 | shoulder_pan.pos=-16.10 shoulder_lift.pos=-102.72 elbow_flex.pos=+89.25 wrist_flex.pos=+75.73 wrist_roll.pos=+0.08 gripper.pos=+0.35
DEBUG 2026-08-20 06:33:06 [action #42] t=2.28s step=41 queue=9 dmax=1.434 | shoulder_pan.pos=-17.53 shoulder_lift.pos=-102.29 elbow_flex.pos=+88.17 wrist_flex.pos=+75.82 wrist_roll.pos=+0.07 gripper.pos=+0.42
DEBUG 2026-08-20 06:33:06 [action #43] t=2.31s step=42 queue=8 dmax=1.220 | shoulder_pan.pos=-18.75 shoulder_lift.pos=-103.38 elbow_flex.pos=+88.15 wrist_flex.pos=+75.84 wrist_roll.pos=+0.11 gripper.pos=+0.51
DEBUG 2026-08-20 06:33:06 [action #44] t=2.34s step=43 queue=7 dmax=1.680 | shoulder_pan.pos=-20.43 shoulder_lift.pos=-102.81 elbow_flex.pos=+88.00 wrist_flex.pos=+75.67 wrist_roll.pos=+0.05 gripper.pos=+0.34
DEBUG 2026-08-20 06:33:06 [action #45] t=2.38s step=44 queue=6 dmax=0.847 | shoulder_pan.pos=-21.28 shoulder_lift.pos=-102.66 elbow_flex.pos=+88.63 wrist_flex.pos=+76.00 wrist_roll.pos=+0.05 gripper.pos=+0.33
DEBUG 2026-08-20 06:33:06 [action #46] t=2.41s step=45 queue=5 dmax=1.056 | shoulder_pan.pos=-22.33 shoulder_lift.pos=-103.05 elbow_flex.pos=+88.52 wrist_flex.pos=+75.80 wrist_roll.pos=+0.04 gripper.pos=+0.40
DEBUG 2026-08-20 06:33:06 [chunk] received 50 actions, timesteps 17..66 | first: shoulder_pan.pos=-4.31 shoulder_lift.pos=-101.15 elbow_flex.pos=+88.24 wrist_flex.pos=+75.30 wrist_roll.pos=+0.06 gripper.pos=+0.47 | last: shoulder_pan.pos=-42.01 shoulder_lift.pos=-102.93 elbow_flex.pos=+89.78 wrist_flex.pos=+74.52 wrist_roll.pos=-0.05 gripper.pos=-0.01
DEBUG 2026-08-20 06:33:06 [action #47] t=2.44s step=46 queue=21 dmax=5.248 | shoulder_pan.pos=-27.58 shoulder_lift.pos=-102.86 elbow_flex.pos=+88.83 wrist_flex.pos=+76.79 wrist_roll.pos=+0.09 gripper.pos=+0.51
DEBUG 2026-08-20 06:33:06 [action #48] t=2.48s step=47 queue=20 dmax=0.462 | shoulder_pan.pos=-28.04 shoulder_lift.pos=-102.81 elbow_flex.pos=+88.72 wrist_flex.pos=+76.74 wrist_roll.pos=+0.13 gripper.pos=+0.39
DEBUG 2026-08-20 06:33:06 [action #49] t=2.51s step=48 queue=19 dmax=0.797 | shoulder_pan.pos=-28.84 shoulder_lift.pos=-102.72 elbow_flex.pos=+88.64 wrist_flex.pos=+76.68 wrist_roll.pos=+0.01 gripper.pos=+0.46
DEBUG 2026-08-20 06:33:06 [action #50] t=2.55s step=49 queue=18 dmax=0.699 | shoulder_pan.pos=-29.54 shoulder_lift.pos=-102.39 elbow_flex.pos=+89.16 wrist_flex.pos=+76.74 wrist_roll.pos=+0.13 gripper.pos=+0.47
DEBUG 2026-08-20 06:33:06 [action #51] t=2.58s step=50 queue=17 dmax=2.641 | shoulder_pan.pos=-32.18 shoulder_lift.pos=-102.70 elbow_flex.pos=+88.59 wrist_flex.pos=+76.87 wrist_roll.pos=+0.17 gripper.pos=+0.33
DEBUG 2026-08-20 06:33:06 [action #52] t=2.61s step=51 queue=16 dmax=0.580 | shoulder_pan.pos=-32.76 shoulder_lift.pos=-102.46 elbow_flex.pos=+88.52 wrist_flex.pos=+76.90 wrist_roll.pos=+0.22 gripper.pos=+0.31
DEBUG 2026-08-20 06:33:06 [action #53] t=2.65s step=52 queue=15 dmax=0.928 | shoulder_pan.pos=-33.69 shoulder_lift.pos=-101.87 elbow_flex.pos=+88.52 wrist_flex.pos=+76.93 wrist_roll.pos=+0.07 gripper.pos=+0.46
DEBUG 2026-08-20 06:33:06 [action #54] t=2.68s step=53 queue=14 dmax=0.813 | shoulder_pan.pos=-34.50 shoulder_lift.pos=-102.50 elbow_flex.pos=+88.71 wrist_flex.pos=+77.02 wrist_roll.pos=+0.17 gripper.pos=+0.50
DEBUG 2026-08-20 06:33:06 [action #55] t=2.71s step=54 queue=13 dmax=0.782 | shoulder_pan.pos=-35.28 shoulder_lift.pos=-103.08 elbow_flex.pos=+88.56 wrist_flex.pos=+76.92 wrist_roll.pos=+0.20 gripper.pos=+0.39
DEBUG 2026-08-20 06:33:06 [action #56] t=2.75s step=55 queue=12 dmax=0.801 | shoulder_pan.pos=-36.08 shoulder_lift.pos=-102.60 elbow_flex.pos=+88.91 wrist_flex.pos=+76.69 wrist_roll.pos=+0.16 gripper.pos=+0.21
DEBUG 2026-08-20 06:33:06 [action #57] t=2.78s step=56 queue=11 dmax=0.463 | shoulder_pan.pos=-36.55 shoulder_lift.pos=-102.39 elbow_flex.pos=+88.65 wrist_flex.pos=+76.83 wrist_roll.pos=+0.05 gripper.pos=+0.17
DEBUG 2026-08-20 06:33:06 [action #58] t=2.81s step=57 queue=10 dmax=0.576 | shoulder_pan.pos=-37.12 shoulder_lift.pos=-102.59 elbow_flex.pos=+89.06 wrist_flex.pos=+76.60 wrist_roll.pos=+0.05 gripper.pos=+0.14
DEBUG 2026-08-20 06:33:07 [action #59] t=2.85s step=58 queue=9 dmax=0.536 | shoulder_pan.pos=-37.66 shoulder_lift.pos=-103.06 elbow_flex.pos=+88.58 wrist_flex.pos=+76.27 wrist_roll.pos=-0.00 gripper.pos=+0.19
DEBUG 2026-08-20 06:33:07 [action #60] t=2.88s step=59 queue=8 dmax=0.789 | shoulder_pan.pos=-37.91 shoulder_lift.pos=-102.58 elbow_flex.pos=+89.37 wrist_flex.pos=+75.89 wrist_roll.pos=-0.00 gripper.pos=+0.19
DEBUG 2026-08-20 06:33:07 [action #61] t=2.91s step=60 queue=7 dmax=0.496 | shoulder_pan.pos=-38.41 shoulder_lift.pos=-102.59 elbow_flex.pos=+89.23 wrist_flex.pos=+75.95 wrist_roll.pos=+0.02 gripper.pos=+0.36
DEBUG 2026-08-20 06:33:07 [action #62] t=2.95s step=61 queue=6 dmax=0.407 | shoulder_pan.pos=-38.81 shoulder_lift.pos=-102.95 elbow_flex.pos=+89.55 wrist_flex.pos=+75.87 wrist_roll.pos=+0.04 gripper.pos=+0.27
DEBUG 2026-08-20 06:33:07 [action #63] t=2.98s step=62 queue=5 dmax=0.537 | shoulder_pan.pos=-39.35 shoulder_lift.pos=-102.84 elbow_flex.pos=+89.25 wrist_flex.pos=+75.55 wrist_roll.pos=-0.09 gripper.pos=+0.23
DEBUG 2026-08-20 06:33:07 [action #64] t=3.01s step=63 queue=4 dmax=0.809 | shoulder_pan.pos=-40.16 shoulder_lift.pos=-102.10 elbow_flex.pos=+89.24 wrist_flex.pos=+75.32 wrist_roll.pos=-0.11 gripper.pos=+0.17
DEBUG 2026-08-20 06:33:07 [action #65] t=3.05s step=64 queue=3 dmax=1.042 | shoulder_pan.pos=-40.64 shoulder_lift.pos=-103.15 elbow_flex.pos=+89.02 wrist_flex.pos=+74.76 wrist_roll.pos=+0.04 gripper.pos=+0.18
DEBUG 2026-08-20 06:33:07 [action #66] t=3.08s step=65 queue=2 dmax=0.689 | shoulder_pan.pos=-41.23 shoulder_lift.pos=-102.57 elbow_flex.pos=+89.71 wrist_flex.pos=+75.02 wrist_roll.pos=+0.01 gripper.pos=+0.11
DEBUG 2026-08-20 06:33:07 [action #67] t=3.11s step=66 queue=1 dmax=0.788 | shoulder_pan.pos=-42.01 shoulder_lift.pos=-102.93 elbow_flex.pos=+89.78 wrist_flex.pos=+74.52 wrist_roll.pos=-0.05 gripper.pos=-0.01
DEBUG 2026-08-20 06:33:07 [chunk] received 50 actions, timesteps 44..93 | first: shoulder_pan.pos=-21.73 shoulder_lift.pos=-101.83 elbow_flex.pos=+89.20 wrist_flex.pos=+76.04 wrist_roll.pos=+0.19 gripper.pos=+0.36 | last: shoulder_pan.pos=-43.19 shoulder_lift.pos=-103.23 elbow_flex.pos=+90.45 wrist_flex.pos=+63.48 wrist_roll.pos=-0.12 gripper.pos=+0.02
DEBUG 2026-08-20 06:33:07 [action #68] t=3.21s step=67 queue=27 dmax=3.041 | shoulder_pan.pos=-38.97 shoulder_lift.pos=-101.96 elbow_flex.pos=+89.77 wrist_flex.pos=+75.88 wrist_roll.pos=+0.12 gripper.pos=+0.39
DEBUG 2026-08-20 06:33:07 [action #69] t=3.25s step=68 queue=26 dmax=1.206 | shoulder_pan.pos=-39.51 shoulder_lift.pos=-103.16 elbow_flex.pos=+88.76 wrist_flex.pos=+75.52 wrist_roll.pos=+0.15 gripper.pos=+0.38
DEBUG 2026-08-20 06:33:07 [action #70] t=3.28s step=69 queue=25 dmax=0.357 | shoulder_pan.pos=-39.79 shoulder_lift.pos=-102.98 elbow_flex.pos=+88.41 wrist_flex.pos=+75.68 wrist_roll.pos=+0.06 gripper.pos=+0.40
DEBUG 2026-08-20 06:33:07 [action #71] t=3.31s step=70 queue=24 dmax=0.462 | shoulder_pan.pos=-39.85 shoulder_lift.pos=-102.52 elbow_flex.pos=+88.57 wrist_flex.pos=+75.22 wrist_roll.pos=+0.19 gripper.pos=+0.49
DEBUG 2026-08-20 06:33:07 [action #72] t=3.35s step=71 queue=23 dmax=0.354 | shoulder_pan.pos=-40.20 shoulder_lift.pos=-102.62 elbow_flex.pos=+88.47 wrist_flex.pos=+75.03 wrist_roll.pos=+0.19 gripper.pos=+0.34
DEBUG 2026-08-20 06:33:07 [action #73] t=3.38s step=72 queue=22 dmax=0.895 | shoulder_pan.pos=-40.41 shoulder_lift.pos=-102.74 elbow_flex.pos=+89.37 wrist_flex.pos=+74.65 wrist_roll.pos=+0.15 gripper.pos=+0.28
DEBUG 2026-08-20 06:33:07 [action #74] t=3.41s step=73 queue=21 dmax=0.769 | shoulder_pan.pos=-40.69 shoulder_lift.pos=-103.14 elbow_flex.pos=+88.81 wrist_flex.pos=+73.88 wrist_roll.pos=+0.11 gripper.pos=+0.39
DEBUG 2026-08-20 06:33:07 [action #75] t=3.45s step=74 queue=20 dmax=0.853 | shoulder_pan.pos=-40.98 shoulder_lift.pos=-103.17 elbow_flex.pos=+89.66 wrist_flex.pos=+73.52 wrist_roll.pos=+0.17 gripper.pos=+0.39
DEBUG 2026-08-20 06:33:07 [action #76] t=3.48s step=75 queue=19 dmax=0.753 | shoulder_pan.pos=-40.92 shoulder_lift.pos=-102.86 elbow_flex.pos=+89.72 wrist_flex.pos=+72.77 wrist_roll.pos=+0.12 gripper.pos=+0.38
DEBUG 2026-08-20 06:33:07 [action #77] t=3.52s step=76 queue=18 dmax=0.815 | shoulder_pan.pos=-41.35 shoulder_lift.pos=-102.39 elbow_flex.pos=+89.44 wrist_flex.pos=+71.96 wrist_roll.pos=+0.08 gripper.pos=+0.33
DEBUG 2026-08-20 06:33:07 [action #78] t=3.55s step=77 queue=17 dmax=1.324 | shoulder_pan.pos=-41.68 shoulder_lift.pos=-102.56 elbow_flex.pos=+90.04 wrist_flex.pos=+70.63 wrist_roll.pos=+0.09 gripper.pos=+0.34
DEBUG 2026-08-20 06:33:07 [action #79] t=3.58s step=78 queue=16 dmax=0.986 | shoulder_pan.pos=-41.62 shoulder_lift.pos=-103.17 elbow_flex.pos=+90.49 wrist_flex.pos=+69.65 wrist_roll.pos=+0.02 gripper.pos=+0.29
DEBUG 2026-08-20 06:33:07 [action #80] t=3.62s step=79 queue=15 dmax=0.977 | shoulder_pan.pos=-41.73 shoulder_lift.pos=-102.67 elbow_flex.pos=+90.32 wrist_flex.pos=+68.67 wrist_roll.pos=+0.04 gripper.pos=+0.30
DEBUG 2026-08-20 06:33:07 [action #81] t=3.65s step=80 queue=14 dmax=0.654 | shoulder_pan.pos=-41.81 shoulder_lift.pos=-102.39 elbow_flex.pos=+90.68 wrist_flex.pos=+68.02 wrist_roll.pos=+0.04 gripper.pos=+0.39
DEBUG 2026-08-20 06:33:07 [action #82] t=3.68s step=81 queue=13 dmax=0.781 | shoulder_pan.pos=-42.20 shoulder_lift.pos=-103.09 elbow_flex.pos=+90.83 wrist_flex.pos=+67.23 wrist_roll.pos=+0.05 gripper.pos=+0.19
DEBUG 2026-08-20 06:33:07 [action #83] t=3.72s step=82 queue=12 dmax=0.641 | shoulder_pan.pos=-42.06 shoulder_lift.pos=-102.63 elbow_flex.pos=+90.19 wrist_flex.pos=+66.76 wrist_roll.pos=+0.12 gripper.pos=+0.26
DEBUG 2026-08-20 06:33:07 [action #84] t=3.75s step=83 queue=11 dmax=0.605 | shoulder_pan.pos=-42.36 shoulder_lift.pos=-103.23 elbow_flex.pos=+90.53 wrist_flex.pos=+66.26 wrist_roll.pos=+0.06 gripper.pos=+0.20
DEBUG 2026-08-20 06:33:07 [action #85] t=3.78s step=84 queue=10 dmax=0.625 | shoulder_pan.pos=-42.45 shoulder_lift.pos=-102.88 elbow_flex.pos=+90.45 wrist_flex.pos=+65.63 wrist_roll.pos=+0.04 gripper.pos=+0.22
DEBUG 2026-08-20 06:33:07 [action #86] t=3.82s step=85 queue=9 dmax=0.776 | shoulder_pan.pos=-42.49 shoulder_lift.pos=-102.11 elbow_flex.pos=+90.10 wrist_flex.pos=+65.44 wrist_roll.pos=+0.11 gripper.pos=+0.30
DEBUG 2026-08-20 06:33:08 [action #87] t=3.85s step=86 queue=8 dmax=1.189 | shoulder_pan.pos=-42.65 shoulder_lift.pos=-103.30 elbow_flex.pos=+90.50 wrist_flex.pos=+65.29 wrist_roll.pos=+0.03 gripper.pos=+0.38
DEBUG 2026-08-20 06:33:08 [action #88] t=3.88s step=87 queue=7 dmax=0.318 | shoulder_pan.pos=-42.55 shoulder_lift.pos=-103.19 elbow_flex.pos=+90.47 wrist_flex.pos=+64.97 wrist_roll.pos=+0.06 gripper.pos=+0.39
DEBUG 2026-08-20 06:33:08 [action #89] t=3.92s step=88 queue=6 dmax=0.400 | shoulder_pan.pos=-42.70 shoulder_lift.pos=-103.07 elbow_flex.pos=+90.07 wrist_flex.pos=+64.85 wrist_roll.pos=-0.02 gripper.pos=+0.24
DEBUG 2026-08-20 06:33:08 [chunk] received 50 actions, timesteps 66..115 | first: shoulder_pan.pos=-43.45 shoulder_lift.pos=-102.55 elbow_flex.pos=+90.69 wrist_flex.pos=+73.19 wrist_roll.pos=+0.05 gripper.pos=+0.31 | last: shoulder_pan.pos=-46.43 shoulder_lift.pos=-102.14 elbow_flex.pos=+85.76 wrist_flex.pos=+57.36 wrist_roll.pos=-2.73 gripper.pos=+0.26
DEBUG 2026-08-20 06:33:08 [action #90] t=3.95s step=89 queue=27 dmax=3.601 | shoulder_pan.pos=-46.30 shoulder_lift.pos=-103.06 elbow_flex.pos=+90.05 wrist_flex.pos=+63.81 wrist_roll.pos=-0.18 gripper.pos=+0.29
DEBUG 2026-08-20 06:33:08 [action #91] t=3.98s step=90 queue=26 dmax=0.375 | shoulder_pan.pos=-46.37 shoulder_lift.pos=-103.43 elbow_flex.pos=+90.09 wrist_flex.pos=+63.51 wrist_roll.pos=-0.12 gripper.pos=+0.38
DEBUG 2026-08-20 06:33:08 [action #92] t=4.02s step=91 queue=25 dmax=0.310 | shoulder_pan.pos=-46.37 shoulder_lift.pos=-103.39 elbow_flex.pos=+90.22 wrist_flex.pos=+63.20 wrist_roll.pos=-0.16 gripper.pos=+0.38
DEBUG 2026-08-20 06:33:08 [action #93] t=4.05s step=92 queue=24 dmax=0.711 | shoulder_pan.pos=-46.33 shoulder_lift.pos=-102.68 elbow_flex.pos=+90.35 wrist_flex.pos=+62.53 wrist_roll.pos=-0.20 gripper.pos=+0.22
DEBUG 2026-08-20 06:33:08 [action #94] t=4.08s step=93 queue=23 dmax=0.347 | shoulder_pan.pos=-46.51 shoulder_lift.pos=-102.83 elbow_flex.pos=+90.01 wrist_flex.pos=+62.18 wrist_roll.pos=-0.27 gripper.pos=+0.20
DEBUG 2026-08-20 06:33:08 [action #95] t=4.12s step=94 queue=22 dmax=1.564 | shoulder_pan.pos=-48.08 shoulder_lift.pos=-103.27 elbow_flex.pos=+89.97 wrist_flex.pos=+60.98 wrist_roll.pos=-0.52 gripper.pos=+0.47
DEBUG 2026-08-20 06:33:08 [action #96] t=4.15s step=95 queue=21 dmax=0.219 | shoulder_pan.pos=-48.07 shoulder_lift.pos=-103.31 elbow_flex.pos=+89.85 wrist_flex.pos=+60.76 wrist_roll.pos=-0.69 gripper.pos=+0.38
DEBUG 2026-08-20 06:33:08 [action #97] t=4.18s step=96 queue=20 dmax=0.456 | shoulder_pan.pos=-48.08 shoulder_lift.pos=-102.89 elbow_flex.pos=+89.80 wrist_flex.pos=+60.30 wrist_roll.pos=-0.93 gripper.pos=+0.37
DEBUG 2026-08-20 06:33:08 [action #98] t=4.22s step=97 queue=19 dmax=0.162 | shoulder_pan.pos=-47.92 shoulder_lift.pos=-102.94 elbow_flex.pos=+89.75 wrist_flex.pos=+60.23 wrist_roll.pos=-0.99 gripper.pos=+0.37
DEBUG 2026-08-20 06:33:08 [action #99] t=4.25s step=98 queue=18 dmax=0.496 | shoulder_pan.pos=-47.82 shoulder_lift.pos=-103.03 elbow_flex.pos=+89.25 wrist_flex.pos=+59.84 wrist_roll.pos=-1.02 gripper.pos=+0.28
DEBUG 2026-08-20 06:33:08 [action #100] t=4.28s step=99 queue=17 dmax=0.610 | shoulder_pan.pos=-47.80 shoulder_lift.pos=-103.64 elbow_flex.pos=+89.37 wrist_flex.pos=+59.50 wrist_roll.pos=-1.00 gripper.pos=+0.30
DEBUG 2026-08-20 06:33:08 [action #101] t=4.32s step=100 queue=16 dmax=0.760 | shoulder_pan.pos=-47.57 shoulder_lift.pos=-102.88 elbow_flex.pos=+89.05 wrist_flex.pos=+59.53 wrist_roll.pos=-1.00 gripper.pos=+0.27
DEBUG 2026-08-20 06:33:08 [action #102] t=4.35s step=101 queue=15 dmax=0.662 | shoulder_pan.pos=-47.70 shoulder_lift.pos=-102.73 elbow_flex.pos=+88.38 wrist_flex.pos=+59.38 wrist_roll.pos=-0.88 gripper.pos=+0.15
DEBUG 2026-08-20 06:33:08 [action #103] t=4.38s step=102 queue=14 dmax=0.733 | shoulder_pan.pos=-47.58 shoulder_lift.pos=-102.92 elbow_flex.pos=+89.12 wrist_flex.pos=+59.22 wrist_roll.pos=-0.91 gripper.pos=+0.24
DEBUG 2026-08-20 06:33:08 [action #104] t=4.42s step=103 queue=13 dmax=0.806 | shoulder_pan.pos=-47.30 shoulder_lift.pos=-102.68 elbow_flex.pos=+88.31 wrist_flex.pos=+59.58 wrist_roll.pos=-0.94 gripper.pos=+0.20
DEBUG 2026-08-20 06:33:08 [action #105] t=4.45s step=104 queue=12 dmax=0.300 | shoulder_pan.pos=-47.20 shoulder_lift.pos=-102.76 elbow_flex.pos=+88.56 wrist_flex.pos=+59.28 wrist_roll.pos=-1.00 gripper.pos=+0.16
DEBUG 2026-08-20 06:33:08 [action #106] t=4.48s step=105 queue=11 dmax=0.669 | shoulder_pan.pos=-47.11 shoulder_lift.pos=-103.01 elbow_flex.pos=+87.89 wrist_flex.pos=+59.34 wrist_roll.pos=-0.86 gripper.pos=+0.21
DEBUG 2026-08-20 06:33:08 [action #107] t=4.52s step=106 queue=10 dmax=0.526 | shoulder_pan.pos=-47.04 shoulder_lift.pos=-102.48 elbow_flex.pos=+87.86 wrist_flex.pos=+59.19 wrist_roll.pos=-0.86 gripper.pos=+0.15
DEBUG 2026-08-20 06:33:08 [action #108] t=4.55s step=107 queue=9 dmax=0.465 | shoulder_pan.pos=-46.74 shoulder_lift.pos=-102.93 elbow_flex.pos=+87.39 wrist_flex.pos=+59.10 wrist_roll.pos=-0.86 gripper.pos=+0.10
DEBUG 2026-08-20 06:33:08 [action #109] t=4.59s step=108 queue=8 dmax=0.757 | shoulder_pan.pos=-46.90 shoulder_lift.pos=-103.26 elbow_flex.pos=+88.15 wrist_flex.pos=+58.90 wrist_roll.pos=-1.00 gripper.pos=+0.20
DEBUG 2026-08-20 06:33:08 [action #110] t=4.62s step=109 queue=7 dmax=0.921 | shoulder_pan.pos=-46.52 shoulder_lift.pos=-102.40 elbow_flex.pos=+87.23 wrist_flex.pos=+58.54 wrist_roll.pos=-0.98 gripper.pos=+0.20
DEBUG 2026-08-20 06:33:08 [action #111] t=4.65s step=110 queue=6 dmax=0.405 | shoulder_pan.pos=-46.60 shoulder_lift.pos=-102.36 elbow_flex.pos=+87.63 wrist_flex.pos=+58.54 wrist_roll.pos=-1.12 gripper.pos=+0.25
DEBUG 2026-08-20 06:33:08 [action #112] t=4.69s step=111 queue=5 dmax=0.672 | shoulder_pan.pos=-46.72 shoulder_lift.pos=-103.03 elbow_flex.pos=+87.16 wrist_flex.pos=+58.05 wrist_roll.pos=-1.39 gripper.pos=+0.11
DEBUG 2026-08-20 06:33:08 [action #113] t=4.72s step=112 queue=4 dmax=0.975 | shoulder_pan.pos=-46.70 shoulder_lift.pos=-102.06 elbow_flex.pos=+87.44 wrist_flex.pos=+57.43 wrist_roll.pos=-1.64 gripper.pos=+0.05
DEBUG 2026-08-20 06:33:08 [chunk] received 50 actions, timesteps 88..137 | first: shoulder_pan.pos=-45.80 shoulder_lift.pos=-102.81 elbow_flex.pos=+91.95 wrist_flex.pos=+64.12 wrist_roll.pos=-0.35 gripper.pos=+0.67 | last: shoulder_pan.pos=-45.34 shoulder_lift.pos=-84.25 elbow_flex.pos=+71.56 wrist_flex.pos=+60.62 wrist_roll.pos=-2.00 gripper.pos=+0.50
DEBUG 2026-08-20 06:33:08 [action #114] t=4.75s step=113 queue=25 dmax=1.207 | shoulder_pan.pos=-45.49 shoulder_lift.pos=-102.70 elbow_flex.pos=+88.01 wrist_flex.pos=+57.68 wrist_roll.pos=-1.08 gripper.pos=+0.44
DEBUG 2026-08-20 06:33:08 [action #115] t=4.79s step=114 queue=24 dmax=0.554 | shoulder_pan.pos=-45.69 shoulder_lift.pos=-102.15 elbow_flex.pos=+87.73 wrist_flex.pos=+57.80 wrist_roll.pos=-1.24 gripper.pos=+0.50
DEBUG 2026-08-20 06:33:08 [action #116] t=4.82s step=115 queue=23 dmax=0.717 | shoulder_pan.pos=-45.57 shoulder_lift.pos=-102.32 elbow_flex.pos=+87.01 wrist_flex.pos=+57.84 wrist_roll.pos=-1.27 gripper.pos=+0.42
DEBUG 2026-08-20 06:33:09 [action #117] t=4.85s step=116 queue=22 dmax=0.712 | shoulder_pan.pos=-45.67 shoulder_lift.pos=-102.51 elbow_flex.pos=+87.72 wrist_flex.pos=+58.28 wrist_roll.pos=-0.69 gripper.pos=+0.34
DEBUG 2026-08-20 06:33:09 [action #118] t=4.89s step=117 queue=21 dmax=0.601 | shoulder_pan.pos=-45.94 shoulder_lift.pos=-102.72 elbow_flex.pos=+87.12 wrist_flex.pos=+58.60 wrist_roll.pos=-0.65 gripper.pos=+0.42
DEBUG 2026-08-20 06:33:09 [action #119] t=4.92s step=118 queue=20 dmax=0.305 | shoulder_pan.pos=-46.17 shoulder_lift.pos=-102.73 elbow_flex.pos=+86.82 wrist_flex.pos=+58.66 wrist_roll.pos=-0.64 gripper.pos=+0.40
DEBUG 2026-08-20 06:33:09 [action #120] t=4.95s step=119 queue=19 dmax=0.466 | shoulder_pan.pos=-46.23 shoulder_lift.pos=-102.28 elbow_flex.pos=+86.35 wrist_flex.pos=+58.94 wrist_roll.pos=-0.70 gripper.pos=+0.46
DEBUG 2026-08-20 06:33:09 [action #121] t=4.99s step=120 queue=18 dmax=0.212 | shoulder_pan.pos=-46.41 shoulder_lift.pos=-102.24 elbow_flex.pos=+86.14 wrist_flex.pos=+59.02 wrist_roll.pos=-0.68 gripper.pos=+0.61
DEBUG 2026-08-20 06:33:09 [action #122] t=5.02s step=121 queue=17 dmax=0.436 | shoulder_pan.pos=-46.84 shoulder_lift.pos=-102.05 elbow_flex.pos=+86.28 wrist_flex.pos=+59.23 wrist_roll.pos=-0.73 gripper.pos=+0.37
DEBUG 2026-08-20 06:33:09 [action #123] t=5.05s step=122 queue=16 dmax=0.509 | shoulder_pan.pos=-47.08 shoulder_lift.pos=-102.56 elbow_flex.pos=+85.95 wrist_flex.pos=+59.00 wrist_roll.pos=-0.78 gripper.pos=+0.23
DEBUG 2026-08-20 06:33:09 [action #124] t=5.09s step=123 queue=15 dmax=0.446 | shoulder_pan.pos=-47.06 shoulder_lift.pos=-102.66 elbow_flex.pos=+85.50 wrist_flex.pos=+59.28 wrist_roll.pos=-0.63 gripper.pos=+0.53
DEBUG 2026-08-20 06:33:09 [action #125] t=5.12s step=124 queue=14 dmax=1.028 | shoulder_pan.pos=-46.73 shoulder_lift.pos=-102.49 elbow_flex.pos=+84.48 wrist_flex.pos=+59.46 wrist_roll.pos=-0.74 gripper.pos=+0.32
DEBUG 2026-08-20 06:33:09 [action #126] t=5.15s step=125 queue=13 dmax=0.542 | shoulder_pan.pos=-46.84 shoulder_lift.pos=-102.02 elbow_flex.pos=+83.93 wrist_flex.pos=+59.49 wrist_roll.pos=-0.85 gripper.pos=+0.30
DEBUG 2026-08-20 06:33:09 [action #127] t=5.19s step=126 queue=12 dmax=0.625 | shoulder_pan.pos=-46.42 shoulder_lift.pos=-101.54 elbow_flex.pos=+83.78 wrist_flex.pos=+60.11 wrist_roll.pos=-0.80 gripper.pos=+0.35
DEBUG 2026-08-20 06:33:09 [action #128] t=5.22s step=127 queue=11 dmax=0.399 | shoulder_pan.pos=-46.35 shoulder_lift.pos=-101.14 elbow_flex.pos=+83.42 wrist_flex.pos=+60.40 wrist_roll.pos=-0.91 gripper.pos=+0.53
DEBUG 2026-08-20 06:33:09 [action #129] t=5.25s step=128 queue=10 dmax=1.225 | shoulder_pan.pos=-46.26 shoulder_lift.pos=-100.61 elbow_flex.pos=+82.19 wrist_flex.pos=+60.44 wrist_roll.pos=-1.06 gripper.pos=+0.44
DEBUG 2026-08-20 06:33:09 [action #130] t=5.29s step=129 queue=9 dmax=1.434 | shoulder_pan.pos=-46.00 shoulder_lift.pos=-99.18 elbow_flex.pos=+80.92 wrist_flex.pos=+60.77 wrist_roll.pos=-1.17 gripper.pos=+0.34
DEBUG 2026-08-20 06:33:09 [action #131] t=5.32s step=130 queue=8 dmax=1.258 | shoulder_pan.pos=-45.87 shoulder_lift.pos=-97.92 elbow_flex.pos=+80.29 wrist_flex.pos=+60.81 wrist_roll.pos=-1.28 gripper.pos=+0.49
DEBUG 2026-08-20 06:33:09 [action #132] t=5.35s step=131 queue=7 dmax=1.760 | shoulder_pan.pos=-45.89 shoulder_lift.pos=-96.16 elbow_flex.pos=+79.35 wrist_flex.pos=+60.94 wrist_roll.pos=-1.40 gripper.pos=+0.49
DEBUG 2026-08-20 06:33:09 [action #133] t=5.39s step=132 queue=6 dmax=1.498 | shoulder_pan.pos=-45.52 shoulder_lift.pos=-94.66 elbow_flex.pos=+78.11 wrist_flex.pos=+60.89 wrist_roll.pos=-1.37 gripper.pos=+0.58
DEBUG 2026-08-20 06:33:09 [action #134] t=5.42s step=133 queue=5 dmax=1.965 | shoulder_pan.pos=-45.43 shoulder_lift.pos=-92.69 elbow_flex.pos=+77.12 wrist_flex.pos=+60.84 wrist_roll.pos=-1.53 gripper.pos=+0.38
DEBUG 2026-08-20 06:33:09 [chunk] received 50 actions, timesteps 112..161 | first: shoulder_pan.pos=-49.41 shoulder_lift.pos=-102.96 elbow_flex.pos=+89.64 wrist_flex.pos=+57.64 wrist_roll.pos=-0.67 gripper.pos=+0.47 | last: shoulder_pan.pos=-44.93 shoulder_lift.pos=-70.28 elbow_flex.pos=+61.49 wrist_flex.pos=+62.25 wrist_roll.pos=-1.24 gripper.pos=+0.23
DEBUG 2026-08-20 06:33:09 [action #135] t=5.45s step=134 queue=28 dmax=5.623 | shoulder_pan.pos=-45.78 shoulder_lift.pos=-98.32 elbow_flex.pos=+81.66 wrist_flex.pos=+59.94 wrist_roll.pos=-1.84 gripper.pos=+0.50
DEBUG 2026-08-20 06:33:09 [action #136] t=5.49s step=135 queue=27 dmax=0.688 | shoulder_pan.pos=-45.90 shoulder_lift.pos=-97.63 elbow_flex.pos=+81.77 wrist_flex.pos=+60.17 wrist_roll.pos=-1.95 gripper.pos=+0.46
DEBUG 2026-08-20 06:33:09 [action #137] t=5.52s step=136 queue=26 dmax=1.321 | shoulder_pan.pos=-45.72 shoulder_lift.pos=-97.09 elbow_flex.pos=+80.45 wrist_flex.pos=+60.09 wrist_roll.pos=-2.00 gripper.pos=+0.42
DEBUG 2026-08-20 06:33:09 [action #138] t=5.56s step=137 queue=25 dmax=0.795 | shoulder_pan.pos=-45.69 shoulder_lift.pos=-96.29 elbow_flex.pos=+79.74 wrist_flex.pos=+60.20 wrist_roll.pos=-2.15 gripper.pos=+0.51
DEBUG 2026-08-20 06:33:09 [action #139] t=5.59s step=138 queue=24 dmax=6.219 | shoulder_pan.pos=-45.72 shoulder_lift.pos=-102.51 elbow_flex.pos=+83.89 wrist_flex.pos=+60.07 wrist_roll.pos=-2.20 gripper.pos=+0.54
DEBUG 2026-08-20 06:33:09 [action #140] t=5.62s step=139 queue=23 dmax=0.957 | shoulder_pan.pos=-46.14 shoulder_lift.pos=-101.56 elbow_flex.pos=+83.46 wrist_flex.pos=+60.14 wrist_roll.pos=-2.27 gripper.pos=+0.43
DEBUG 2026-08-20 06:33:09 [action #141] t=5.66s step=140 queue=22 dmax=0.854 | shoulder_pan.pos=-46.24 shoulder_lift.pos=-102.36 elbow_flex.pos=+82.61 wrist_flex.pos=+60.10 wrist_roll.pos=-2.13 gripper.pos=+0.53
DEBUG 2026-08-20 06:33:09 [action #142] t=5.69s step=141 queue=21 dmax=0.744 | shoulder_pan.pos=-46.13 shoulder_lift.pos=-102.28 elbow_flex.pos=+81.87 wrist_flex.pos=+60.45 wrist_roll.pos=-2.03 gripper.pos=+0.45
DEBUG 2026-08-20 06:33:09 [action #143] t=5.72s step=142 queue=20 dmax=0.419 | shoulder_pan.pos=-46.18 shoulder_lift.pos=-101.87 elbow_flex.pos=+81.83 wrist_flex.pos=+60.43 wrist_roll.pos=-2.00 gripper.pos=+0.23
DEBUG 2026-08-20 06:33:09 [action #144] t=5.76s step=143 queue=19 dmax=0.698 | shoulder_pan.pos=-46.29 shoulder_lift.pos=-102.56 elbow_flex.pos=+82.29 wrist_flex.pos=+61.04 wrist_roll.pos=-1.97 gripper.pos=+0.32
DEBUG 2026-08-20 06:33:09 [action #145] t=5.79s step=144 queue=18 dmax=0.954 | shoulder_pan.pos=-46.30 shoulder_lift.pos=-101.78 elbow_flex.pos=+81.33 wrist_flex.pos=+60.89 wrist_roll.pos=-2.00 gripper.pos=+0.41
DEBUG 2026-08-20 06:33:09 [action #146] t=5.82s step=145 queue=17 dmax=0.372 | shoulder_pan.pos=-45.98 shoulder_lift.pos=-101.85 elbow_flex.pos=+81.29 wrist_flex.pos=+61.26 wrist_roll.pos=-1.99 gripper.pos=+0.23
DEBUG 2026-08-20 06:33:10 [action #147] t=5.86s step=146 queue=16 dmax=0.625 | shoulder_pan.pos=-46.23 shoulder_lift.pos=-101.62 elbow_flex.pos=+80.67 wrist_flex.pos=+61.64 wrist_roll.pos=-1.97 gripper.pos=+0.38
DEBUG 2026-08-20 06:33:10 [action #148] t=5.89s step=147 queue=15 dmax=0.541 | shoulder_pan.pos=-45.69 shoulder_lift.pos=-101.29 elbow_flex.pos=+80.25 wrist_flex.pos=+61.77 wrist_roll.pos=-1.88 gripper.pos=+0.20
DEBUG 2026-08-20 06:33:10 [action #149] t=5.92s step=148 queue=14 dmax=1.019 | shoulder_pan.pos=-45.66 shoulder_lift.pos=-100.52 elbow_flex.pos=+79.23 wrist_flex.pos=+62.05 wrist_roll.pos=-2.00 gripper.pos=+0.38
DEBUG 2026-08-20 06:33:10 [action #150] t=5.96s step=149 queue=13 dmax=1.447 | shoulder_pan.pos=-45.42 shoulder_lift.pos=-99.07 elbow_flex.pos=+78.52 wrist_flex.pos=+62.61 wrist_roll.pos=-1.83 gripper.pos=+0.41
DEBUG 2026-08-20 06:33:10 [action #151] t=5.99s step=150 queue=12 dmax=1.458 | shoulder_pan.pos=-45.07 shoulder_lift.pos=-97.61 elbow_flex.pos=+77.38 wrist_flex.pos=+63.06 wrist_roll.pos=-1.91 gripper.pos=+0.23
DEBUG 2026-08-20 06:33:10 [action #152] t=6.02s step=151 queue=11 dmax=2.797 | shoulder_pan.pos=-44.96 shoulder_lift.pos=-95.76 elbow_flex.pos=+74.58 wrist_flex.pos=+63.24 wrist_roll.pos=-1.88 gripper.pos=+0.29
DEBUG 2026-08-20 06:33:10 [action #153] t=6.06s step=152 queue=10 dmax=2.540 | shoulder_pan.pos=-45.26 shoulder_lift.pos=-93.22 elbow_flex.pos=+75.38 wrist_flex.pos=+63.70 wrist_roll.pos=-1.89 gripper.pos=+0.42
DEBUG 2026-08-20 06:33:10 [action #154] t=6.09s step=153 queue=9 dmax=3.069 | shoulder_pan.pos=-44.86 shoulder_lift.pos=-90.30 elbow_flex.pos=+72.31 wrist_flex.pos=+63.29 wrist_roll.pos=-2.06 gripper.pos=+0.37
DEBUG 2026-08-20 06:33:10 [chunk] received 50 actions, timesteps 133..182 | first: shoulder_pan.pos=-45.04 shoulder_lift.pos=-90.89 elbow_flex.pos=+77.61 wrist_flex.pos=+58.96 wrist_roll.pos=-0.97 gripper.pos=+0.51 | last: shoulder_pan.pos=-48.69 shoulder_lift.pos=-29.30 elbow_flex.pos=+29.50 wrist_flex.pos=+71.86 wrist_roll.pos=-0.28 gripper.pos=+31.28
DEBUG 2026-08-20 06:33:10 [action #155] t=6.12s step=154 queue=29 dmax=25.662 | shoulder_pan.pos=-45.15 shoulder_lift.pos=-64.64 elbow_flex.pos=+58.25 wrist_flex.pos=+60.65 wrist_roll.pos=-1.57 gripper.pos=+0.35
DEBUG 2026-08-20 06:33:10 [action #156] t=6.16s step=155 queue=28 dmax=1.261 | shoulder_pan.pos=-45.14 shoulder_lift.pos=-63.38 elbow_flex.pos=+57.65 wrist_flex.pos=+60.85 wrist_roll.pos=-1.65 gripper.pos=+0.35
DEBUG 2026-08-20 06:33:10 [action #157] t=6.19s step=156 queue=27 dmax=1.834 | shoulder_pan.pos=-45.40 shoulder_lift.pos=-61.55 elbow_flex.pos=+56.43 wrist_flex.pos=+60.70 wrist_roll.pos=-1.64 gripper.pos=+0.32
DEBUG 2026-08-20 06:33:10 [action #158] t=6.22s step=157 queue=26 dmax=1.237 | shoulder_pan.pos=-45.19 shoulder_lift.pos=-60.31 elbow_flex.pos=+55.20 wrist_flex.pos=+60.90 wrist_roll.pos=-1.67 gripper.pos=+0.21
DEBUG 2026-08-20 06:33:10 [action #159] t=6.26s step=158 queue=25 dmax=1.794 | shoulder_pan.pos=-45.16 shoulder_lift.pos=-58.52 elbow_flex.pos=+53.87 wrist_flex.pos=+60.86 wrist_roll.pos=-1.64 gripper.pos=+0.32
DEBUG 2026-08-20 06:33:10 [action #160] t=6.29s step=159 queue=24 dmax=1.207 | shoulder_pan.pos=-44.97 shoulder_lift.pos=-57.31 elbow_flex.pos=+52.88 wrist_flex.pos=+61.20 wrist_roll.pos=-1.66 gripper.pos=+0.27
DEBUG 2026-08-20 06:33:10 [action #161] t=6.32s step=160 queue=23 dmax=1.417 | shoulder_pan.pos=-45.20 shoulder_lift.pos=-56.02 elbow_flex.pos=+51.47 wrist_flex.pos=+61.33 wrist_roll.pos=-1.41 gripper.pos=+0.23
DEBUG 2026-08-20 06:33:10 [action #162] t=6.36s step=161 queue=22 dmax=1.819 | shoulder_pan.pos=-45.22 shoulder_lift.pos=-54.20 elbow_flex.pos=+50.49 wrist_flex.pos=+61.71 wrist_roll.pos=-1.45 gripper.pos=+0.20
DEBUG 2026-08-20 06:33:10 [action #163] t=6.39s step=162 queue=21 dmax=7.915 | shoulder_pan.pos=-45.41 shoulder_lift.pos=-46.28 elbow_flex.pos=+44.23 wrist_flex.pos=+62.04 wrist_roll.pos=-1.59 gripper.pos=+0.07
DEBUG 2026-08-20 06:33:10 [action #164] t=6.42s step=163 queue=20 dmax=1.934 | shoulder_pan.pos=-45.30 shoulder_lift.pos=-44.35 elbow_flex.pos=+43.05 wrist_flex.pos=+62.68 wrist_roll.pos=-1.57 gripper.pos=+0.08
DEBUG 2026-08-20 06:33:10 [action #165] t=6.46s step=164 queue=19 dmax=2.108 | shoulder_pan.pos=-45.66 shoulder_lift.pos=-42.24 elbow_flex.pos=+41.40 wrist_flex.pos=+63.23 wrist_roll.pos=-1.56 gripper.pos=-0.02
DEBUG 2026-08-20 06:33:10 [action #166] t=6.49s step=165 queue=18 dmax=2.029 | shoulder_pan.pos=-45.76 shoulder_lift.pos=-41.36 elbow_flex.pos=+39.37 wrist_flex.pos=+63.68 wrist_roll.pos=-1.63 gripper.pos=-0.07
DEBUG 2026-08-20 06:33:10 [action #167] t=6.53s step=166 queue=17 dmax=1.402 | shoulder_pan.pos=-45.71 shoulder_lift.pos=-39.95 elbow_flex.pos=+38.15 wrist_flex.pos=+64.02 wrist_roll.pos=-1.60 gripper.pos=+0.06
DEBUG 2026-08-20 06:33:10 [action #168] t=6.56s step=167 queue=16 dmax=1.312 | shoulder_pan.pos=-45.96 shoulder_lift.pos=-38.64 elbow_flex.pos=+37.31 wrist_flex.pos=+64.51 wrist_roll.pos=-1.73 gripper.pos=-0.14
DEBUG 2026-08-20 06:33:10 [action #169] t=6.59s step=168 queue=15 dmax=1.428 | shoulder_pan.pos=-46.21 shoulder_lift.pos=-37.21 elbow_flex.pos=+36.10 wrist_flex.pos=+64.81 wrist_roll.pos=-1.71 gripper.pos=+0.07
DEBUG 2026-08-20 06:33:10 [action #170] t=6.63s step=169 queue=14 dmax=1.580 | shoulder_pan.pos=-46.37 shoulder_lift.pos=-35.63 elbow_flex.pos=+34.76 wrist_flex.pos=+65.35 wrist_roll.pos=-1.73 gripper.pos=+0.71
DEBUG 2026-08-20 06:33:10 [action #171] t=6.66s step=170 queue=13 dmax=2.603 | shoulder_pan.pos=-46.55 shoulder_lift.pos=-34.83 elbow_flex.pos=+32.98 wrist_flex.pos=+66.59 wrist_roll.pos=-1.61 gripper.pos=+3.31
DEBUG 2026-08-20 06:33:10 [action #172] t=6.69s step=171 queue=12 dmax=4.892 | shoulder_pan.pos=-47.28 shoulder_lift.pos=-34.49 elbow_flex.pos=+31.81 wrist_flex.pos=+67.79 wrist_roll.pos=-1.56 gripper.pos=+8.21
DEBUG 2026-08-20 06:33:10 [action #173] t=6.73s step=172 queue=11 dmax=5.474 | shoulder_pan.pos=-47.75 shoulder_lift.pos=-33.17 elbow_flex.pos=+30.63 wrist_flex.pos=+69.33 wrist_roll.pos=-1.52 gripper.pos=+13.68
DEBUG 2026-08-20 06:33:10 [action #174] t=6.76s step=173 queue=10 dmax=4.554 | shoulder_pan.pos=-47.71 shoulder_lift.pos=-32.30 elbow_flex.pos=+30.08 wrist_flex.pos=+70.15 wrist_roll.pos=-1.47 gripper.pos=+18.23
DEBUG 2026-08-20 06:33:10 [action #175] t=6.79s step=174 queue=9 dmax=3.772 | shoulder_pan.pos=-48.07 shoulder_lift.pos=-32.36 elbow_flex.pos=+29.90 wrist_flex.pos=+70.95 wrist_roll.pos=-1.40 gripper.pos=+22.01
DEBUG 2026-08-20 06:33:10 [action #176] t=6.83s step=175 queue=8 dmax=2.673 | shoulder_pan.pos=-48.26 shoulder_lift.pos=-31.56 elbow_flex.pos=+29.18 wrist_flex.pos=+71.61 wrist_roll.pos=-1.25 gripper.pos=+24.68
DEBUG 2026-08-20 06:33:11 [chunk] received 50 actions, timesteps 153..202 | first: shoulder_pan.pos=-46.92 shoulder_lift.pos=-90.79 elbow_flex.pos=+75.08 wrist_flex.pos=+61.93 wrist_roll.pos=-1.81 gripper.pos=+0.44 | last: shoulder_pan.pos=-47.49 shoulder_lift.pos=-23.71 elbow_flex.pos=+31.75 wrist_flex.pos=+69.38 wrist_roll.pos=-0.98 gripper.pos=+33.71
DEBUG 2026-08-20 06:33:11 [action #177] t=6.86s step=176 queue=27 dmax=16.495 | shoulder_pan.pos=-45.64 shoulder_lift.pos=-37.96 elbow_flex.pos=+38.22 wrist_flex.pos=+65.27 wrist_roll.pos=-1.96 gripper.pos=+8.18
DEBUG 2026-08-20 06:33:11 [action #178] t=6.89s step=177 queue=26 dmax=1.114 | shoulder_pan.pos=-45.71 shoulder_lift.pos=-36.85 elbow_flex.pos=+37.42 wrist_flex.pos=+65.56 wrist_roll.pos=-1.85 gripper.pos=+8.64
DEBUG 2026-08-20 06:33:11 [action #179] t=6.93s step=178 queue=25 dmax=0.649 | shoulder_pan.pos=-45.57 shoulder_lift.pos=-36.48 elbow_flex.pos=+36.84 wrist_flex.pos=+65.93 wrist_roll.pos=-1.82 gripper.pos=+9.29
DEBUG 2026-08-20 06:33:11 [action #180] t=6.96s step=179 queue=24 dmax=0.960 | shoulder_pan.pos=-45.63 shoulder_lift.pos=-35.54 elbow_flex.pos=+36.63 wrist_flex.pos=+66.16 wrist_roll.pos=-1.75 gripper.pos=+10.25
DEBUG 2026-08-20 06:33:11 [action #181] t=6.99s step=180 queue=23 dmax=1.800 | shoulder_pan.pos=-45.63 shoulder_lift.pos=-35.38 elbow_flex.pos=+36.29 wrist_flex.pos=+66.56 wrist_roll.pos=-1.65 gripper.pos=+12.05
DEBUG 2026-08-20 06:33:11 [action #182] t=7.03s step=181 queue=22 dmax=2.089 | shoulder_pan.pos=-45.70 shoulder_lift.pos=-35.07 elbow_flex.pos=+35.62 wrist_flex.pos=+66.85 wrist_roll.pos=-1.50 gripper.pos=+14.13
DEBUG 2026-08-20 06:33:11 [action #183] t=7.06s step=182 queue=21 dmax=2.462 | shoulder_pan.pos=-45.80 shoulder_lift.pos=-34.48 elbow_flex.pos=+35.93 wrist_flex.pos=+67.40 wrist_roll.pos=-1.42 gripper.pos=+16.60
DEBUG 2026-08-20 06:33:11 [action #184] t=7.09s step=183 queue=20 dmax=3.515 | shoulder_pan.pos=-45.12 shoulder_lift.pos=-37.29 elbow_flex.pos=+37.83 wrist_flex.pos=+65.79 wrist_roll.pos=-1.88 gripper.pos=+13.08
DEBUG 2026-08-20 06:33:11 [action #185] t=7.13s step=184 queue=19 dmax=2.333 | shoulder_pan.pos=-45.24 shoulder_lift.pos=-37.16 elbow_flex.pos=+38.48 wrist_flex.pos=+66.16 wrist_roll.pos=-1.88 gripper.pos=+15.42
DEBUG 2026-08-20 06:33:11 [action #186] t=7.16s step=185 queue=18 dmax=1.759 | shoulder_pan.pos=-45.46 shoulder_lift.pos=-36.93 elbow_flex.pos=+38.02 wrist_flex.pos=+66.38 wrist_roll.pos=-1.95 gripper.pos=+17.17
DEBUG 2026-08-20 06:33:11 [action #187] t=7.19s step=186 queue=17 dmax=1.323 | shoulder_pan.pos=-45.43 shoulder_lift.pos=-36.19 elbow_flex.pos=+38.22 wrist_flex.pos=+66.42 wrist_roll.pos=-1.87 gripper.pos=+18.50
DEBUG 2026-08-20 06:33:11 [action #188] t=7.23s step=187 queue=16 dmax=1.123 | shoulder_pan.pos=-45.57 shoulder_lift.pos=-36.11 elbow_flex.pos=+37.79 wrist_flex.pos=+66.54 wrist_roll.pos=-1.73 gripper.pos=+19.62
DEBUG 2026-08-20 06:33:11 [action #189] t=7.26s step=188 queue=15 dmax=1.055 | shoulder_pan.pos=-45.67 shoulder_lift.pos=-35.93 elbow_flex.pos=+38.06 wrist_flex.pos=+66.78 wrist_roll.pos=-1.77 gripper.pos=+20.68
DEBUG 2026-08-20 06:33:11 [action #190] t=7.29s step=189 queue=14 dmax=0.883 | shoulder_pan.pos=-45.61 shoulder_lift.pos=-35.36 elbow_flex.pos=+38.13 wrist_flex.pos=+66.74 wrist_roll.pos=-1.70 gripper.pos=+21.56
DEBUG 2026-08-20 06:33:11 [action #191] t=7.33s step=190 queue=13 dmax=1.294 | shoulder_pan.pos=-45.93 shoulder_lift.pos=-34.59 elbow_flex.pos=+38.03 wrist_flex.pos=+66.81 wrist_roll.pos=-1.59 gripper.pos=+22.85
DEBUG 2026-08-20 06:33:11 [action #192] t=7.36s step=191 queue=12 dmax=1.973 | shoulder_pan.pos=-45.80 shoulder_lift.pos=-34.35 elbow_flex.pos=+37.98 wrist_flex.pos=+67.17 wrist_roll.pos=-1.61 gripper.pos=+24.83
DEBUG 2026-08-20 06:33:11 [action #193] t=7.39s step=192 queue=11 dmax=2.566 | shoulder_pan.pos=-46.01 shoulder_lift.pos=-34.06 elbow_flex.pos=+38.37 wrist_flex.pos=+67.38 wrist_roll.pos=-1.52 gripper.pos=+27.39
DEBUG 2026-08-20 06:33:11 [action #194] t=7.43s step=193 queue=10 dmax=2.666 | shoulder_pan.pos=-46.25 shoulder_lift.pos=-33.53 elbow_flex.pos=+37.38 wrist_flex.pos=+68.01 wrist_roll.pos=-1.42 gripper.pos=+30.06
DEBUG 2026-08-20 06:33:11 [action #195] t=7.46s step=194 queue=9 dmax=2.235 | shoulder_pan.pos=-46.48 shoulder_lift.pos=-32.22 elbow_flex.pos=+37.65 wrist_flex.pos=+68.40 wrist_roll.pos=-1.45 gripper.pos=+32.29
DEBUG 2026-08-20 06:33:11 [action #196] t=7.50s step=195 queue=8 dmax=1.569 | shoulder_pan.pos=-46.56 shoulder_lift.pos=-31.00 elbow_flex.pos=+36.08 wrist_flex.pos=+68.68 wrist_roll.pos=-1.28 gripper.pos=+33.50
DEBUG 2026-08-20 06:33:11 [action #197] t=7.53s step=196 queue=7 dmax=0.718 | shoulder_pan.pos=-46.79 shoulder_lift.pos=-30.28 elbow_flex.pos=+35.95 wrist_flex.pos=+68.87 wrist_roll.pos=-1.17 gripper.pos=+34.08
DEBUG 2026-08-20 06:33:11 [action #198] t=7.56s step=197 queue=6 dmax=0.806 | shoulder_pan.pos=-46.86 shoulder_lift.pos=-29.47 elbow_flex.pos=+35.97 wrist_flex.pos=+68.95 wrist_roll.pos=-1.25 gripper.pos=+34.17
DEBUG 2026-08-20 06:33:11 [action #199] t=7.60s step=198 queue=5 dmax=1.267 | shoulder_pan.pos=-46.78 shoulder_lift.pos=-28.94 elbow_flex.pos=+34.71 wrist_flex.pos=+69.13 wrist_roll.pos=-1.06 gripper.pos=+34.12
DEBUG 2026-08-20 06:33:11 [chunk] received 50 actions, timesteps 175..224 | first: shoulder_pan.pos=-45.33 shoulder_lift.pos=-29.78 elbow_flex.pos=+30.75 wrist_flex.pos=+70.50 wrist_roll.pos=-1.12 gripper.pos=+19.94 | last: shoulder_pan.pos=-49.32 shoulder_lift.pos=+10.18 elbow_flex.pos=+17.31 wrist_flex.pos=+64.42 wrist_roll.pos=+3.06 gripper.pos=+36.22
DEBUG 2026-08-20 06:33:11 [action #200] t=7.63s step=199 queue=26 dmax=9.084 | shoulder_pan.pos=-48.05 shoulder_lift.pos=-19.85 elbow_flex.pos=+30.75 wrist_flex.pos=+69.20 wrist_roll.pos=+3.34 gripper.pos=+36.80
DEBUG 2026-08-20 06:33:11 [action #201] t=7.66s step=200 queue=25 dmax=1.175 | shoulder_pan.pos=-48.41 shoulder_lift.pos=-18.68 elbow_flex.pos=+30.01 wrist_flex.pos=+69.16 wrist_roll.pos=+3.35 gripper.pos=+36.73
DEBUG 2026-08-20 06:33:11 [action #202] t=7.70s step=201 queue=24 dmax=0.898 | shoulder_pan.pos=-48.33 shoulder_lift.pos=-17.78 elbow_flex.pos=+29.42 wrist_flex.pos=+68.85 wrist_roll.pos=+3.26 gripper.pos=+36.69
DEBUG 2026-08-20 06:33:11 [action #203] t=7.73s step=202 queue=23 dmax=1.134 | shoulder_pan.pos=-48.44 shoulder_lift.pos=-16.73 elbow_flex.pos=+28.28 wrist_flex.pos=+68.59 wrist_roll.pos=+3.25 gripper.pos=+36.70
DEBUG 2026-08-20 06:33:11 [action #204] t=7.76s step=203 queue=22 dmax=4.233 | shoulder_pan.pos=-49.18 shoulder_lift.pos=-12.50 elbow_flex.pos=+27.31 wrist_flex.pos=+67.72 wrist_roll.pos=+5.20 gripper.pos=+38.00
DEBUG 2026-08-20 06:33:11 [action #205] t=7.80s step=204 queue=21 dmax=1.208 | shoulder_pan.pos=-49.18 shoulder_lift.pos=-11.29 elbow_flex.pos=+27.05 wrist_flex.pos=+67.40 wrist_roll.pos=+5.09 gripper.pos=+37.96
DEBUG 2026-08-20 06:33:11 [action #206] t=7.83s step=205 queue=20 dmax=1.344 | shoulder_pan.pos=-49.10 shoulder_lift.pos=-9.95 elbow_flex.pos=+25.91 wrist_flex.pos=+66.95 wrist_roll.pos=+4.99 gripper.pos=+37.86
DEBUG 2026-08-20 06:33:12 [action #207] t=7.86s step=206 queue=19 dmax=1.687 | shoulder_pan.pos=-49.18 shoulder_lift.pos=-8.26 elbow_flex.pos=+25.77 wrist_flex.pos=+66.59 wrist_roll.pos=+4.76 gripper.pos=+37.79
DEBUG 2026-08-20 06:33:12 [action #208] t=7.90s step=207 queue=18 dmax=1.619 | shoulder_pan.pos=-49.19 shoulder_lift.pos=-6.64 elbow_flex.pos=+24.40 wrist_flex.pos=+66.08 wrist_roll.pos=+4.73 gripper.pos=+37.75
DEBUG 2026-08-20 06:33:12 [action #209] t=7.93s step=208 queue=17 dmax=1.346 | shoulder_pan.pos=-49.44 shoulder_lift.pos=-5.30 elbow_flex.pos=+23.82 wrist_flex.pos=+65.68 wrist_roll.pos=+4.62 gripper.pos=+37.73
DEBUG 2026-08-20 06:33:12 [action #210] t=7.96s step=209 queue=16 dmax=1.721 | shoulder_pan.pos=-49.17 shoulder_lift.pos=-3.57 elbow_flex.pos=+23.75 wrist_flex.pos=+65.58 wrist_roll.pos=+4.52 gripper.pos=+37.57
DEBUG 2026-08-20 06:33:12 [action #211] t=8.00s step=210 queue=15 dmax=1.311 | shoulder_pan.pos=-49.18 shoulder_lift.pos=-2.26 elbow_flex.pos=+23.24 wrist_flex.pos=+65.00 wrist_roll.pos=+4.37 gripper.pos=+37.49
DEBUG 2026-08-20 06:33:12 [action #212] t=8.03s step=211 queue=14 dmax=1.599 | shoulder_pan.pos=-49.13 shoulder_lift.pos=-0.66 elbow_flex.pos=+21.95 wrist_flex.pos=+65.01 wrist_roll.pos=+4.27 gripper.pos=+37.47
DEBUG 2026-08-20 06:33:12 [action #213] t=8.06s step=212 queue=13 dmax=1.981 | shoulder_pan.pos=-49.03 shoulder_lift.pos=+1.32 elbow_flex.pos=+20.84 wrist_flex.pos=+64.75 wrist_roll.pos=+4.12 gripper.pos=+37.62
DEBUG 2026-08-20 06:33:12 [action #214] t=8.10s step=213 queue=12 dmax=0.843 | shoulder_pan.pos=-48.83 shoulder_lift.pos=+2.16 elbow_flex.pos=+21.41 wrist_flex.pos=+64.98 wrist_roll.pos=+4.06 gripper.pos=+37.16
DEBUG 2026-08-20 06:33:12 [action #215] t=8.13s step=214 queue=11 dmax=1.433 | shoulder_pan.pos=-49.21 shoulder_lift.pos=+3.05 elbow_flex.pos=+19.98 wrist_flex.pos=+64.43 wrist_roll.pos=+4.19 gripper.pos=+37.32
DEBUG 2026-08-20 06:33:12 [action #216] t=8.39s step=215 queue=10 dmax=0.875 | shoulder_pan.pos=-49.20 shoulder_lift.pos=+3.92 elbow_flex.pos=+20.16 wrist_flex.pos=+64.78 wrist_roll.pos=+3.98 gripper.pos=+37.31
DEBUG 2026-08-20 06:33:12 [action #217] t=8.42s step=216 queue=9 dmax=0.861 | shoulder_pan.pos=-48.93 shoulder_lift.pos=+4.07 elbow_flex.pos=+19.30 wrist_flex.pos=+64.59 wrist_roll.pos=+3.79 gripper.pos=+37.08
DEBUG 2026-08-20 06:33:12 [action #218] t=8.45s step=217 queue=8 dmax=1.914 | shoulder_pan.pos=-49.07 shoulder_lift.pos=+5.98 elbow_flex.pos=+18.71 wrist_flex.pos=+64.60 wrist_roll.pos=+3.87 gripper.pos=+37.23
DEBUG 2026-08-20 06:33:12 [action #219] t=8.49s step=218 queue=7 dmax=0.594 | shoulder_pan.pos=-49.23 shoulder_lift.pos=+6.57 elbow_flex.pos=+18.53 wrist_flex.pos=+64.59 wrist_roll.pos=+3.76 gripper.pos=+37.14
DEBUG 2026-08-20 06:33:12 [action #220] t=8.52s step=219 queue=6 dmax=0.643 | shoulder_pan.pos=-49.29 shoulder_lift.pos=+7.22 elbow_flex.pos=+18.37 wrist_flex.pos=+64.44 wrist_roll.pos=+3.53 gripper.pos=+37.21
DEBUG 2026-08-20 06:33:12 [action #221] t=8.55s step=220 queue=5 dmax=0.544 | shoulder_pan.pos=-49.31 shoulder_lift.pos=+7.50 elbow_flex.pos=+17.83 wrist_flex.pos=+64.54 wrist_roll.pos=+3.39 gripper.pos=+37.16
DEBUG 2026-08-20 06:33:12 [action #222] t=8.59s step=221 queue=4 dmax=1.128 | shoulder_pan.pos=-49.14 shoulder_lift.pos=+8.63 elbow_flex.pos=+17.60 wrist_flex.pos=+64.58 wrist_roll.pos=+3.17 gripper.pos=+37.11
DEBUG 2026-08-20 06:33:12 [action #223] t=8.62s step=222 queue=3 dmax=0.417 | shoulder_pan.pos=-49.56 shoulder_lift.pos=+9.01 elbow_flex.pos=+17.44 wrist_flex.pos=+64.22 wrist_roll.pos=+3.21 gripper.pos=+37.11
DEBUG 2026-08-20 06:33:12 [action #224] t=8.65s step=223 queue=2 dmax=1.537 | shoulder_pan.pos=-49.42 shoulder_lift.pos=+10.55 elbow_flex.pos=+17.34 wrist_flex.pos=+64.52 wrist_roll.pos=+3.10 gripper.pos=+36.89
DEBUG 2026-08-20 06:33:12 [action #225] t=8.69s step=224 queue=1 dmax=0.666 | shoulder_pan.pos=-49.32 shoulder_lift.pos=+10.18 elbow_flex.pos=+17.31 wrist_flex.pos=+64.42 wrist_roll.pos=+3.06 gripper.pos=+36.22
DEBUG 2026-08-20 06:33:12 [chunk] received 50 actions, timesteps 197..246 | first: shoulder_pan.pos=-46.99 shoulder_lift.pos=-34.68 elbow_flex.pos=+34.26 wrist_flex.pos=+68.39 wrist_roll.pos=+0.20 gripper.pos=+35.17 | last: shoulder_pan.pos=-49.69 shoulder_lift.pos=+6.32 elbow_flex.pos=+18.03 wrist_flex.pos=+63.82 wrist_roll.pos=-0.70 gripper.pos=+7.35
DEBUG 2026-08-20 06:33:12 [action #226] t=8.75s step=225 queue=22 dmax=9.167 | shoulder_pan.pos=-48.29 shoulder_lift.pos=+1.01 elbow_flex.pos=+20.66 wrist_flex.pos=+62.81 wrist_roll.pos=+1.92 gripper.pos=+39.55
DEBUG 2026-08-20 06:33:12 [action #227] t=8.79s step=226 queue=21 dmax=1.277 | shoulder_pan.pos=-48.00 shoulder_lift.pos=+2.29 elbow_flex.pos=+19.76 wrist_flex.pos=+62.65 wrist_roll.pos=+1.59 gripper.pos=+39.52
DEBUG 2026-08-20 06:33:12 [action #228] t=8.82s step=227 queue=20 dmax=1.069 | shoulder_pan.pos=-48.49 shoulder_lift.pos=+3.36 elbow_flex.pos=+19.65 wrist_flex.pos=+62.16 wrist_roll.pos=+1.60 gripper.pos=+39.30
DEBUG 2026-08-20 06:33:13 [action #229] t=8.85s step=228 queue=19 dmax=1.092 | shoulder_pan.pos=-47.97 shoulder_lift.pos=+4.36 elbow_flex.pos=+18.56 wrist_flex.pos=+62.11 wrist_roll.pos=+1.51 gripper.pos=+39.23
DEBUG 2026-08-20 06:33:13 [action #230] t=8.89s step=229 queue=18 dmax=0.382 | shoulder_pan.pos=-48.23 shoulder_lift.pos=+4.74 elbow_flex.pos=+18.71 wrist_flex.pos=+62.04 wrist_roll.pos=+1.59 gripper.pos=+39.27
DEBUG 2026-08-20 06:33:13 [action #231] t=8.92s step=230 queue=17 dmax=1.096 | shoulder_pan.pos=-48.22 shoulder_lift.pos=+5.84 elbow_flex.pos=+18.72 wrist_flex.pos=+62.27 wrist_roll.pos=+1.63 gripper.pos=+39.24
DEBUG 2026-08-20 06:33:13 [action #232] t=8.96s step=231 queue=16 dmax=0.679 | shoulder_pan.pos=-48.16 shoulder_lift.pos=+6.51 elbow_flex.pos=+18.18 wrist_flex.pos=+61.92 wrist_roll.pos=+1.60 gripper.pos=+39.10
DEBUG 2026-08-20 06:33:13 [action #233] t=8.99s step=232 queue=15 dmax=1.235 | shoulder_pan.pos=-48.50 shoulder_lift.pos=+6.82 elbow_flex.pos=+16.94 wrist_flex.pos=+61.89 wrist_roll.pos=+1.60 gripper.pos=+39.41
DEBUG 2026-08-20 06:33:13 [action #234] t=9.02s step=233 queue=14 dmax=0.877 | shoulder_pan.pos=-48.51 shoulder_lift.pos=+7.56 elbow_flex.pos=+17.82 wrist_flex.pos=+62.02 wrist_roll.pos=+1.67 gripper.pos=+39.42
DEBUG 2026-08-20 06:33:13 [action #235] t=9.06s step=234 queue=13 dmax=0.609 | shoulder_pan.pos=-48.63 shoulder_lift.pos=+7.57 elbow_flex.pos=+17.23 wrist_flex.pos=+62.02 wrist_roll.pos=+1.56 gripper.pos=+38.81
DEBUG 2026-08-20 06:33:13 [action #236] t=9.09s step=235 queue=12 dmax=0.748 | shoulder_pan.pos=-49.01 shoulder_lift.pos=+7.90 elbow_flex.pos=+17.82 wrist_flex.pos=+62.13 wrist_roll.pos=+1.35 gripper.pos=+38.06
DEBUG 2026-08-20 06:33:13 [action #237] t=9.12s step=236 queue=11 dmax=2.753 | shoulder_pan.pos=-48.95 shoulder_lift.pos=+9.23 elbow_flex.pos=+16.94 wrist_flex.pos=+62.82 wrist_roll.pos=+1.37 gripper.pos=+35.31
DEBUG 2026-08-20 06:33:13 [action #238] t=9.16s step=237 queue=10 dmax=4.153 | shoulder_pan.pos=-48.96 shoulder_lift.pos=+10.15 elbow_flex.pos=+16.56 wrist_flex.pos=+63.00 wrist_roll.pos=+1.29 gripper.pos=+31.15
DEBUG 2026-08-20 06:33:13 [action #239] t=9.19s step=238 queue=9 dmax=5.460 | shoulder_pan.pos=-49.17 shoulder_lift.pos=+8.63 elbow_flex.pos=+16.41 wrist_flex.pos=+63.35 wrist_roll.pos=+1.28 gripper.pos=+25.69
DEBUG 2026-08-20 06:33:13 [action #240] t=9.22s step=239 queue=8 dmax=4.957 | shoulder_pan.pos=-49.55 shoulder_lift.pos=+9.29 elbow_flex.pos=+17.36 wrist_flex.pos=+63.50 wrist_roll.pos=+1.04 gripper.pos=+20.74
DEBUG 2026-08-20 06:33:13 [action #241] t=9.26s step=240 queue=7 dmax=4.283 | shoulder_pan.pos=-49.45 shoulder_lift.pos=+8.19 elbow_flex.pos=+17.30 wrist_flex.pos=+63.34 wrist_roll.pos=+0.93 gripper.pos=+16.45
DEBUG 2026-08-20 06:33:13 [action #242] t=9.29s step=241 queue=6 dmax=3.135 | shoulder_pan.pos=-49.33 shoulder_lift.pos=+8.24 elbow_flex.pos=+17.58 wrist_flex.pos=+63.23 wrist_roll.pos=+0.90 gripper.pos=+13.32
DEBUG 2026-08-20 06:33:13 [action #243] t=9.32s step=242 queue=5 dmax=2.333 | shoulder_pan.pos=-49.24 shoulder_lift.pos=+8.23 elbow_flex.pos=+18.51 wrist_flex.pos=+63.06 wrist_roll.pos=+0.87 gripper.pos=+10.99
DEBUG 2026-08-20 06:33:13 [action #244] t=9.36s step=243 queue=4 dmax=1.573 | shoulder_pan.pos=-49.44 shoulder_lift.pos=+7.74 elbow_flex.pos=+18.25 wrist_flex.pos=+63.01 wrist_roll.pos=+0.69 gripper.pos=+9.41
DEBUG 2026-08-20 06:33:13 [action #245] t=9.39s step=244 queue=3 dmax=0.895 | shoulder_pan.pos=-49.67 shoulder_lift.pos=+7.37 elbow_flex.pos=+18.02 wrist_flex.pos=+63.41 wrist_roll.pos=+0.16 gripper.pos=+8.52
DEBUG 2026-08-20 06:33:13 [action #246] t=9.42s step=245 queue=2 dmax=0.834 | shoulder_pan.pos=-49.56 shoulder_lift.pos=+7.06 elbow_flex.pos=+18.19 wrist_flex.pos=+63.61 wrist_roll.pos=-0.07 gripper.pos=+7.68
DEBUG 2026-08-20 06:33:13 [action #247] t=9.46s step=246 queue=1 dmax=0.740 | shoulder_pan.pos=-49.69 shoulder_lift.pos=+6.32 elbow_flex.pos=+18.03 wrist_flex.pos=+63.82 wrist_roll.pos=-0.70 gripper.pos=+7.35
DEBUG 2026-08-20 06:33:13 [chunk] received 50 actions, timesteps 224..273 | first: shoulder_pan.pos=-47.40 shoulder_lift.pos=+10.68 elbow_flex.pos=+13.33 wrist_flex.pos=+63.77 wrist_roll.pos=+3.26 gripper.pos=+39.85 | last: shoulder_pan.pos=-31.68 shoulder_lift.pos=-14.77 elbow_flex.pos=+1.84 wrist_flex.pos=+81.81 wrist_roll.pos=-4.19 gripper.pos=+9.40
DEBUG 2026-08-20 06:33:13 [action #248] t=9.69s step=247 queue=27 dmax=12.036 | shoulder_pan.pos=-45.38 shoulder_lift.pos=+11.65 elbow_flex.pos=+6.00 wrist_flex.pos=+68.75 wrist_roll.pos=-1.11 gripper.pos=+11.06
DEBUG 2026-08-20 06:33:13 [action #249] t=9.72s step=248 queue=26 dmax=0.662 | shoulder_pan.pos=-44.93 shoulder_lift.pos=+11.87 elbow_flex.pos=+5.56 wrist_flex.pos=+68.99 wrist_roll.pos=-1.19 gripper.pos=+10.39
DEBUG 2026-08-20 06:33:13 [action #250] t=9.76s step=249 queue=25 dmax=1.496 | shoulder_pan.pos=-44.63 shoulder_lift.pos=+10.38 elbow_flex.pos=+6.36 wrist_flex.pos=+69.53 wrist_roll.pos=-1.50 gripper.pos=+10.36
DEBUG 2026-08-20 06:33:13 [action #251] t=9.79s step=250 queue=24 dmax=1.088 | shoulder_pan.pos=-44.07 shoulder_lift.pos=+9.29 elbow_flex.pos=+6.71 wrist_flex.pos=+69.95 wrist_roll.pos=-1.89 gripper.pos=+10.18
DEBUG 2026-08-20 06:33:13 [action #252] t=9.82s step=251 queue=23 dmax=1.140 | shoulder_pan.pos=-43.98 shoulder_lift.pos=+8.15 elbow_flex.pos=+6.26 wrist_flex.pos=+70.73 wrist_roll.pos=-2.38 gripper.pos=+10.16
DEBUG 2026-08-20 06:33:14 [action #253] t=9.86s step=252 queue=22 dmax=0.665 | shoulder_pan.pos=-43.64 shoulder_lift.pos=+7.65 elbow_flex.pos=+5.59 wrist_flex.pos=+71.23 wrist_roll.pos=-2.76 gripper.pos=+10.27
DEBUG 2026-08-20 06:33:14 [action #254] t=9.89s step=253 queue=21 dmax=1.713 | shoulder_pan.pos=-43.41 shoulder_lift.pos=+5.94 elbow_flex.pos=+5.89 wrist_flex.pos=+71.80 wrist_roll.pos=-3.11 gripper.pos=+10.27
DEBUG 2026-08-20 06:33:14 [action #255] t=9.93s step=254 queue=20 dmax=1.631 | shoulder_pan.pos=-42.65 shoulder_lift.pos=+4.31 elbow_flex.pos=+5.55 wrist_flex.pos=+72.52 wrist_roll.pos=-3.34 gripper.pos=+10.24
DEBUG 2026-08-20 06:33:14 [action #256] t=9.96s step=255 queue=19 dmax=1.494 | shoulder_pan.pos=-42.56 shoulder_lift.pos=+2.82 elbow_flex.pos=+6.10 wrist_flex.pos=+72.83 wrist_roll.pos=-3.38 gripper.pos=+10.06
DEBUG 2026-08-20 06:33:14 [action #257] t=9.99s step=256 queue=18 dmax=1.238 | shoulder_pan.pos=-42.45 shoulder_lift.pos=+1.78 elbow_flex.pos=+4.87 wrist_flex.pos=+73.41 wrist_roll.pos=-3.53 gripper.pos=+10.01
DEBUG 2026-08-20 06:33:14 [action #258] t=10.03s step=257 queue=17 dmax=1.964 | shoulder_pan.pos=-42.12 shoulder_lift.pos=-0.19 elbow_flex.pos=+4.70 wrist_flex.pos=+74.14 wrist_roll.pos=-3.27 gripper.pos=+9.92
DEBUG 2026-08-20 06:33:14 [action #259] t=10.06s step=258 queue=16 dmax=0.520 | shoulder_pan.pos=-41.59 shoulder_lift.pos=-0.60 elbow_flex.pos=+4.66 wrist_flex.pos=+74.56 wrist_roll.pos=-3.08 gripper.pos=+9.58
DEBUG 2026-08-20 06:33:14 [action #260] t=10.09s step=259 queue=15 dmax=1.287 | shoulder_pan.pos=-41.31 shoulder_lift.pos=-1.89 elbow_flex.pos=+5.00 wrist_flex.pos=+75.04 wrist_roll.pos=-3.16 gripper.pos=+9.62
DEBUG 2026-08-20 06:33:14 [action #261] t=10.13s step=260 queue=14 dmax=1.086 | shoulder_pan.pos=-41.46 shoulder_lift.pos=-2.97 elbow_flex.pos=+5.09 wrist_flex.pos=+75.83 wrist_roll.pos=-3.17 gripper.pos=+9.36
DEBUG 2026-08-20 06:33:14 [action #262] t=10.16s step=261 queue=13 dmax=1.264 | shoulder_pan.pos=-40.20 shoulder_lift.pos=-3.80 elbow_flex.pos=+4.50 wrist_flex.pos=+76.15 wrist_roll.pos=-3.12 gripper.pos=+9.60
DEBUG 2026-08-20 06:33:14 [action #263] t=10.19s step=262 queue=12 dmax=1.722 | shoulder_pan.pos=-39.73 shoulder_lift.pos=-5.52 elbow_flex.pos=+3.97 wrist_flex.pos=+77.15 wrist_roll.pos=-3.23 gripper.pos=+9.54
DEBUG 2026-08-20 06:33:14 [action #264] t=10.23s step=263 queue=11 dmax=1.815 | shoulder_pan.pos=-39.31 shoulder_lift.pos=-7.33 elbow_flex.pos=+3.70 wrist_flex.pos=+77.73 wrist_roll.pos=-3.46 gripper.pos=+9.66
DEBUG 2026-08-20 06:33:14 [action #265] t=10.26s step=264 queue=10 dmax=0.766 | shoulder_pan.pos=-38.61 shoulder_lift.pos=-8.10 elbow_flex.pos=+3.11 wrist_flex.pos=+78.49 wrist_roll.pos=-3.38 gripper.pos=+9.77
DEBUG 2026-08-20 06:33:14 [action #266] t=10.29s step=265 queue=9 dmax=1.103 | shoulder_pan.pos=-38.38 shoulder_lift.pos=-8.79 elbow_flex.pos=+4.21 wrist_flex.pos=+79.01 wrist_roll.pos=-3.53 gripper.pos=+9.68
DEBUG 2026-08-20 06:33:14 [action #267] t=10.33s step=266 queue=8 dmax=1.465 | shoulder_pan.pos=-37.56 shoulder_lift.pos=-9.97 elbow_flex.pos=+2.75 wrist_flex.pos=+79.50 wrist_roll.pos=-3.35 gripper.pos=+9.83
DEBUG 2026-08-20 06:33:14 [chunk] received 50 actions, timesteps 246..295 | first: shoulder_pan.pos=-47.12 shoulder_lift.pos=+4.20 elbow_flex.pos=+17.49 wrist_flex.pos=+64.99 wrist_roll.pos=-3.30 gripper.pos=+7.10 | last: shoulder_pan.pos=-2.42 shoulder_lift.pos=-25.30 elbow_flex.pos=+7.53 wrist_flex.pos=+75.35 wrist_roll.pos=-2.46 gripper.pos=+8.40
DEBUG 2026-08-20 06:33:14 [action #268] t=10.36s step=267 queue=29 dmax=11.704 | shoulder_pan.pos=-37.17 shoulder_lift.pos=-21.67 elbow_flex.pos=+11.75 wrist_flex.pos=+79.05 wrist_roll.pos=-4.30 gripper.pos=+8.49
DEBUG 2026-08-20 06:33:14 [action #269] t=10.39s step=268 queue=28 dmax=1.193 | shoulder_pan.pos=-35.98 shoulder_lift.pos=-22.21 elbow_flex.pos=+11.82 wrist_flex.pos=+79.08 wrist_roll.pos=-4.24 gripper.pos=+8.36
DEBUG 2026-08-20 06:33:14 [action #270] t=10.43s step=269 queue=27 dmax=0.821 | shoulder_pan.pos=-35.16 shoulder_lift.pos=-22.76 elbow_flex.pos=+11.73 wrist_flex.pos=+79.33 wrist_roll.pos=-4.28 gripper.pos=+8.60
DEBUG 2026-08-20 06:33:14 [action #271] t=10.46s step=270 queue=26 dmax=1.325 | shoulder_pan.pos=-33.83 shoulder_lift.pos=-22.95 elbow_flex.pos=+11.97 wrist_flex.pos=+79.75 wrist_roll.pos=-4.23 gripper.pos=+8.51
DEBUG 2026-08-20 06:33:14 [action #272] t=10.49s step=271 queue=25 dmax=1.129 | shoulder_pan.pos=-32.70 shoulder_lift.pos=-24.07 elbow_flex.pos=+11.72 wrist_flex.pos=+79.89 wrist_roll.pos=-4.33 gripper.pos=+8.51
DEBUG 2026-08-20 06:33:14 [action #273] t=10.53s step=272 queue=24 dmax=1.470 | shoulder_pan.pos=-31.23 shoulder_lift.pos=-24.19 elbow_flex.pos=+11.31 wrist_flex.pos=+79.97 wrist_roll.pos=-4.37 gripper.pos=+8.63
DEBUG 2026-08-20 06:33:14 [action #274] t=10.56s step=273 queue=23 dmax=1.594 | shoulder_pan.pos=-29.64 shoulder_lift.pos=-24.57 elbow_flex.pos=+10.87 wrist_flex.pos=+79.76 wrist_roll.pos=-4.34 gripper.pos=+8.51
DEBUG 2026-08-20 06:33:14 [action #275] t=10.59s step=274 queue=22 dmax=4.545 | shoulder_pan.pos=-27.19 shoulder_lift.pos=-29.12 elbow_flex.pos=+14.83 wrist_flex.pos=+78.96 wrist_roll.pos=-4.35 gripper.pos=+8.06
DEBUG 2026-08-20 06:33:14 [action #276] t=10.63s step=275 queue=21 dmax=1.522 | shoulder_pan.pos=-25.66 shoulder_lift.pos=-29.18 elbow_flex.pos=+15.07 wrist_flex.pos=+78.96 wrist_roll.pos=-4.36 gripper.pos=+8.21
DEBUG 2026-08-20 06:33:14 [action #277] t=10.66s step=276 queue=20 dmax=1.821 | shoulder_pan.pos=-23.84 shoulder_lift.pos=-29.58 elbow_flex.pos=+14.07 wrist_flex.pos=+78.88 wrist_roll.pos=-4.03 gripper.pos=+8.15
DEBUG 2026-08-20 06:33:14 [action #278] t=10.69s step=277 queue=19 dmax=1.330 | shoulder_pan.pos=-22.51 shoulder_lift.pos=-29.43 elbow_flex.pos=+13.67 wrist_flex.pos=+78.96 wrist_roll.pos=-4.06 gripper.pos=+8.19
DEBUG 2026-08-20 06:33:14 [action #279] t=10.73s step=278 queue=18 dmax=1.623 | shoulder_pan.pos=-20.89 shoulder_lift.pos=-28.92 elbow_flex.pos=+13.94 wrist_flex.pos=+78.63 wrist_roll.pos=-3.78 gripper.pos=+8.34
DEBUG 2026-08-20 06:33:14 [action #280] t=10.76s step=279 queue=17 dmax=0.806 | shoulder_pan.pos=-20.09 shoulder_lift.pos=-28.78 elbow_flex.pos=+13.64 wrist_flex.pos=+78.61 wrist_roll.pos=-3.67 gripper.pos=+8.34
DEBUG 2026-08-20 06:33:14 [action #281] t=10.79s step=280 queue=16 dmax=1.154 | shoulder_pan.pos=-18.93 shoulder_lift.pos=-29.45 elbow_flex.pos=+13.55 wrist_flex.pos=+78.78 wrist_roll.pos=-3.58 gripper.pos=+8.18
DEBUG 2026-08-20 06:33:14 [action #282] t=10.83s step=281 queue=15 dmax=0.894 | shoulder_pan.pos=-18.04 shoulder_lift.pos=-29.10 elbow_flex.pos=+12.90 wrist_flex.pos=+78.65 wrist_roll.pos=-3.52 gripper.pos=+8.56
DEBUG 2026-08-20 06:33:15 [action #283] t=10.86s step=282 queue=14 dmax=0.738 | shoulder_pan.pos=-17.30 shoulder_lift.pos=-29.00 elbow_flex.pos=+12.92 wrist_flex.pos=+78.37 wrist_roll.pos=-3.47 gripper.pos=+8.48
DEBUG 2026-08-20 06:33:15 [action #284] t=10.90s step=283 queue=13 dmax=1.151 | shoulder_pan.pos=-16.15 shoulder_lift.pos=-28.71 elbow_flex.pos=+12.85 wrist_flex.pos=+78.28 wrist_roll.pos=-3.19 gripper.pos=+8.26
DEBUG 2026-08-20 06:33:15 [action #285] t=10.93s step=284 queue=12 dmax=1.596 | shoulder_pan.pos=-14.55 shoulder_lift.pos=-27.76 elbow_flex.pos=+11.42 wrist_flex.pos=+78.48 wrist_roll.pos=-3.11 gripper.pos=+8.39
DEBUG 2026-08-20 06:33:15 [action #286] t=10.96s step=285 queue=11 dmax=0.801 | shoulder_pan.pos=-13.83 shoulder_lift.pos=-28.56 elbow_flex.pos=+11.18 wrist_flex.pos=+78.13 wrist_roll.pos=-3.23 gripper.pos=+8.39
DEBUG 2026-08-20 06:33:15 [action #287] t=11.00s step=286 queue=10 dmax=1.651 | shoulder_pan.pos=-12.18 shoulder_lift.pos=-28.31 elbow_flex.pos=+10.31 wrist_flex.pos=+78.31 wrist_roll.pos=-3.05 gripper.pos=+8.63
DEBUG 2026-08-20 06:33:15 [action #288] t=11.03s step=287 queue=9 dmax=1.459 | shoulder_pan.pos=-10.72 shoulder_lift.pos=-28.04 elbow_flex.pos=+10.47 wrist_flex.pos=+77.85 wrist_roll.pos=-3.05 gripper.pos=+8.31
DEBUG 2026-08-20 06:33:15 [action #289] t=11.06s step=288 queue=8 dmax=1.195 | shoulder_pan.pos=-9.52 shoulder_lift.pos=-27.66 elbow_flex.pos=+10.38 wrist_flex.pos=+77.78 wrist_roll.pos=-2.92 gripper.pos=+8.43
DEBUG 2026-08-20 06:33:15 [chunk] received 50 actions, timesteps 265..314 | first: shoulder_pan.pos=-41.22 shoulder_lift.pos=-17.53 elbow_flex.pos=+9.15 wrist_flex.pos=+79.45 wrist_roll.pos=-4.85 gripper.pos=+9.48 | last: shoulder_pan.pos=+17.41 shoulder_lift.pos=-15.01 elbow_flex.pos=+1.73 wrist_flex.pos=+71.77 wrist_roll.pos=+0.71 gripper.pos=+9.33
DEBUG 2026-08-20 06:33:15 [action #290] t=11.10s step=289 queue=26 dmax=4.760 | shoulder_pan.pos=-8.46 shoulder_lift.pos=-24.12 elbow_flex.pos=+5.62 wrist_flex.pos=+79.50 wrist_roll.pos=-3.33 gripper.pos=+9.44
DEBUG 2026-08-20 06:33:15 [action #291] t=11.13s step=290 queue=25 dmax=1.482 | shoulder_pan.pos=-6.98 shoulder_lift.pos=-24.51 elbow_flex.pos=+6.26 wrist_flex.pos=+79.47 wrist_roll.pos=-3.42 gripper.pos=+9.30
DEBUG 2026-08-20 06:33:15 [action #292] t=11.16s step=291 queue=24 dmax=1.221 | shoulder_pan.pos=-5.76 shoulder_lift.pos=-23.83 elbow_flex.pos=+5.26 wrist_flex.pos=+78.91 wrist_roll.pos=-3.19 gripper.pos=+9.51
DEBUG 2026-08-20 06:33:15 [action #293] t=11.20s step=292 queue=23 dmax=1.323 | shoulder_pan.pos=-4.44 shoulder_lift.pos=-23.81 elbow_flex.pos=+5.01 wrist_flex.pos=+78.86 wrist_roll.pos=-3.01 gripper.pos=+9.38
DEBUG 2026-08-20 06:33:15 [action #294] t=11.23s step=293 queue=22 dmax=1.284 | shoulder_pan.pos=-3.15 shoulder_lift.pos=-24.12 elbow_flex.pos=+4.98 wrist_flex.pos=+78.56 wrist_roll.pos=-2.87 gripper.pos=+9.40
DEBUG 2026-08-20 06:33:15 [action #295] t=11.26s step=294 queue=21 dmax=0.920 | shoulder_pan.pos=-2.46 shoulder_lift.pos=-23.20 elbow_flex.pos=+5.49 wrist_flex.pos=+77.93 wrist_roll.pos=-2.50 gripper.pos=+9.40
DEBUG 2026-08-20 06:33:15 [action #296] t=11.30s step=295 queue=20 dmax=1.192 | shoulder_pan.pos=-1.27 shoulder_lift.pos=-23.48 elbow_flex.pos=+4.34 wrist_flex.pos=+78.01 wrist_roll.pos=-2.39 gripper.pos=+9.35
DEBUG 2026-08-20 06:33:15 [action #297] t=11.33s step=296 queue=19 dmax=1.816 | shoulder_pan.pos=+0.55 shoulder_lift.pos=-22.97 elbow_flex.pos=+2.91 wrist_flex.pos=+78.52 wrist_roll.pos=-1.97 gripper.pos=+9.75
DEBUG 2026-08-20 06:33:15 [action #298] t=11.36s step=297 queue=18 dmax=1.135 | shoulder_pan.pos=+1.68 shoulder_lift.pos=-22.50 elbow_flex.pos=+3.16 wrist_flex.pos=+78.32 wrist_roll.pos=-1.80 gripper.pos=+9.69
DEBUG 2026-08-20 06:33:15 [action #299] t=11.40s step=298 queue=17 dmax=1.156 | shoulder_pan.pos=+2.84 shoulder_lift.pos=-22.16 elbow_flex.pos=+2.93 wrist_flex.pos=+78.21 wrist_roll.pos=-1.75 gripper.pos=+9.86
DEBUG 2026-08-20 06:33:15 [action #300] t=11.43s step=299 queue=16 dmax=1.852 | shoulder_pan.pos=+4.69 shoulder_lift.pos=-21.37 elbow_flex.pos=+2.64 wrist_flex.pos=+78.11 wrist_roll.pos=-1.51 gripper.pos=+9.53
DEBUG 2026-08-20 06:33:15 [action #301] t=11.46s step=300 queue=15 dmax=0.648 | shoulder_pan.pos=+5.34 shoulder_lift.pos=-21.36 elbow_flex.pos=+2.46 wrist_flex.pos=+77.68 wrist_roll.pos=-1.64 gripper.pos=+9.64
DEBUG 2026-08-20 06:33:15 [action #302] t=11.50s step=301 queue=14 dmax=1.292 | shoulder_pan.pos=+6.63 shoulder_lift.pos=-21.93 elbow_flex.pos=+2.19 wrist_flex.pos=+77.78 wrist_roll.pos=-1.66 gripper.pos=+9.54
DEBUG 2026-08-20 06:33:15 [action #303] t=11.53s step=302 queue=13 dmax=1.157 | shoulder_pan.pos=+7.79 shoulder_lift.pos=-22.07 elbow_flex.pos=+1.59 wrist_flex.pos=+77.45 wrist_roll.pos=-1.54 gripper.pos=+9.47
DEBUG 2026-08-20 06:33:15 [action #304] t=11.56s step=303 queue=12 dmax=1.026 | shoulder_pan.pos=+8.81 shoulder_lift.pos=-22.22 elbow_flex.pos=+2.20 wrist_flex.pos=+77.02 wrist_roll.pos=-1.59 gripper.pos=+9.71
DEBUG 2026-08-20 06:33:15 [action #305] t=11.60s step=304 queue=11 dmax=1.071 | shoulder_pan.pos=+9.89 shoulder_lift.pos=-21.79 elbow_flex.pos=+1.59 wrist_flex.pos=+76.84 wrist_roll.pos=-1.53 gripper.pos=+9.52
DEBUG 2026-08-20 06:33:15 [action #306] t=11.63s step=305 queue=10 dmax=1.173 | shoulder_pan.pos=+11.06 shoulder_lift.pos=-20.97 elbow_flex.pos=+1.77 wrist_flex.pos=+76.92 wrist_roll.pos=-1.58 gripper.pos=+9.70
DEBUG 2026-08-20 06:33:15 [action #307] t=11.66s step=306 queue=9 dmax=1.080 | shoulder_pan.pos=+11.50 shoulder_lift.pos=-19.89 elbow_flex.pos=+1.04 wrist_flex.pos=+76.68 wrist_roll.pos=-1.41 gripper.pos=+9.61
DEBUG 2026-08-20 06:33:15 [action #308] t=11.70s step=307 queue=8 dmax=0.977 | shoulder_pan.pos=+12.28 shoulder_lift.pos=-20.87 elbow_flex.pos=+0.75 wrist_flex.pos=+76.37 wrist_roll.pos=-1.33 gripper.pos=+9.39
DEBUG 2026-08-20 06:33:15 [action #309] t=11.73s step=308 queue=7 dmax=1.387 | shoulder_pan.pos=+13.67 shoulder_lift.pos=-20.50 elbow_flex.pos=+0.89 wrist_flex.pos=+75.53 wrist_roll.pos=-0.98 gripper.pos=+9.59
DEBUG 2026-08-20 06:33:15 [action #310] t=11.77s step=309 queue=6 dmax=1.694 | shoulder_pan.pos=+13.93 shoulder_lift.pos=-18.81 elbow_flex.pos=+1.07 wrist_flex.pos=+75.86 wrist_roll.pos=-0.79 gripper.pos=+9.53
DEBUG 2026-08-20 06:33:15 [chunk] received 50 actions, timesteps 288..337 | first: shoulder_pan.pos=-9.87 shoulder_lift.pos=-30.64 elbow_flex.pos=+11.38 wrist_flex.pos=+81.40 wrist_roll.pos=-4.05 gripper.pos=+8.13 | last: shoulder_pan.pos=+33.14 shoulder_lift.pos=+3.73 elbow_flex.pos=-4.29 wrist_flex.pos=+63.24 wrist_roll.pos=-4.06 gripper.pos=+8.33
DEBUG 2026-08-20 06:33:15 [action #311] t=11.80s step=310 queue=28 dmax=6.369 | shoulder_pan.pos=+16.57 shoulder_lift.pos=-25.18 elbow_flex.pos=+6.43 wrist_flex.pos=+78.30 wrist_roll.pos=-2.04 gripper.pos=+8.73
DEBUG 2026-08-20 06:33:16 [action #312] t=11.83s step=311 queue=27 dmax=0.834 | shoulder_pan.pos=+17.34 shoulder_lift.pos=-24.34 elbow_flex.pos=+5.97 wrist_flex.pos=+77.61 wrist_roll.pos=-1.98 gripper.pos=+8.75
DEBUG 2026-08-20 06:33:16 [action #313] t=11.87s step=312 queue=26 dmax=1.162 | shoulder_pan.pos=+17.99 shoulder_lift.pos=-23.18 elbow_flex.pos=+5.79 wrist_flex.pos=+77.27 wrist_roll.pos=-1.66 gripper.pos=+8.62
DEBUG 2026-08-20 06:33:16 [action #314] t=11.90s step=313 queue=25 dmax=0.861 | shoulder_pan.pos=+18.53 shoulder_lift.pos=-22.32 elbow_flex.pos=+5.91 wrist_flex.pos=+76.61 wrist_roll.pos=-1.69 gripper.pos=+8.75
DEBUG 2026-08-20 06:33:16 [action #315] t=11.93s step=314 queue=24 dmax=1.118 | shoulder_pan.pos=+19.48 shoulder_lift.pos=-21.20 elbow_flex.pos=+6.18 wrist_flex.pos=+76.19 wrist_roll.pos=-1.63 gripper.pos=+8.64
DEBUG 2026-08-20 06:33:16 [action #316] t=11.97s step=315 queue=23 dmax=1.626 | shoulder_pan.pos=+21.11 shoulder_lift.pos=-22.80 elbow_flex.pos=+7.05 wrist_flex.pos=+77.24 wrist_roll.pos=-2.30 gripper.pos=+8.55
DEBUG 2026-08-20 06:33:16 [action #317] t=12.00s step=316 queue=22 dmax=1.251 | shoulder_pan.pos=+21.85 shoulder_lift.pos=-21.55 elbow_flex.pos=+6.38 wrist_flex.pos=+76.84 wrist_roll.pos=-2.30 gripper.pos=+8.43
DEBUG 2026-08-20 06:33:16 [action #318] t=12.03s step=317 queue=21 dmax=1.669 | shoulder_pan.pos=+22.55 shoulder_lift.pos=-19.88 elbow_flex.pos=+5.52 wrist_flex.pos=+76.57 wrist_roll.pos=-2.19 gripper.pos=+8.53
DEBUG 2026-08-20 06:33:16 [action #319] t=12.07s step=318 queue=20 dmax=0.798 | shoulder_pan.pos=+23.22 shoulder_lift.pos=-19.08 elbow_flex.pos=+5.04 wrist_flex.pos=+76.24 wrist_roll.pos=-2.01 gripper.pos=+8.39
DEBUG 2026-08-20 06:33:16 [action #320] t=12.10s step=319 queue=19 dmax=3.107 | shoulder_pan.pos=+23.82 shoulder_lift.pos=-15.98 elbow_flex.pos=+4.55 wrist_flex.pos=+75.79 wrist_roll.pos=-2.00 gripper.pos=+8.44
DEBUG 2026-08-20 06:33:16 [action #321] t=12.13s step=320 queue=18 dmax=1.369 | shoulder_pan.pos=+24.40 shoulder_lift.pos=-15.68 elbow_flex.pos=+3.18 wrist_flex.pos=+75.32 wrist_roll.pos=-2.06 gripper.pos=+8.37
DEBUG 2026-08-20 06:33:16 [action #322] t=12.17s step=321 queue=17 dmax=1.522 | shoulder_pan.pos=+25.03 shoulder_lift.pos=-14.16 elbow_flex.pos=+2.45 wrist_flex.pos=+74.63 wrist_roll.pos=-2.22 gripper.pos=+8.51
DEBUG 2026-08-20 06:33:16 [action #323] t=12.20s step=322 queue=16 dmax=1.054 | shoulder_pan.pos=+25.59 shoulder_lift.pos=-13.10 elbow_flex.pos=+1.82 wrist_flex.pos=+74.00 wrist_roll.pos=-2.12 gripper.pos=+8.48
DEBUG 2026-08-20 06:33:16 [action #324] t=12.23s step=323 queue=15 dmax=1.585 | shoulder_pan.pos=+26.26 shoulder_lift.pos=-11.52 elbow_flex.pos=+1.23 wrist_flex.pos=+73.29 wrist_roll.pos=-1.98 gripper.pos=+8.40
DEBUG 2026-08-20 06:33:16 [action #325] t=12.27s step=324 queue=14 dmax=0.852 | shoulder_pan.pos=+26.56 shoulder_lift.pos=-10.67 elbow_flex.pos=+1.08 wrist_flex.pos=+72.54 wrist_roll.pos=-2.03 gripper.pos=+8.35
DEBUG 2026-08-20 06:33:16 [action #326] t=12.30s step=325 queue=13 dmax=1.240 | shoulder_pan.pos=+26.75 shoulder_lift.pos=-9.43 elbow_flex.pos=+0.10 wrist_flex.pos=+72.02 wrist_roll.pos=-2.00 gripper.pos=+8.57
DEBUG 2026-08-20 06:33:16 [action #327] t=12.33s step=326 queue=12 dmax=2.023 | shoulder_pan.pos=+27.32 shoulder_lift.pos=-7.40 elbow_flex.pos=-0.66 wrist_flex.pos=+71.50 wrist_roll.pos=-2.13 gripper.pos=+8.48
DEBUG 2026-08-20 06:33:16 [action #328] t=12.37s step=327 queue=11 dmax=1.000 | shoulder_pan.pos=+27.64 shoulder_lift.pos=-6.40 elbow_flex.pos=-1.31 wrist_flex.pos=+71.07 wrist_roll.pos=-2.21 gripper.pos=+8.38
DEBUG 2026-08-20 06:33:16 [action #329] t=12.40s step=328 queue=10 dmax=1.020 | shoulder_pan.pos=+27.89 shoulder_lift.pos=-5.38 elbow_flex.pos=-1.97 wrist_flex.pos=+70.23 wrist_roll.pos=-2.37 gripper.pos=+8.36
DEBUG 2026-08-20 06:33:16 [action #330] t=12.43s step=329 queue=9 dmax=1.593 | shoulder_pan.pos=+28.54 shoulder_lift.pos=-3.79 elbow_flex.pos=-2.38 wrist_flex.pos=+69.78 wrist_roll.pos=-2.54 gripper.pos=+8.34
DEBUG 2026-08-20 06:33:16 [action #331] t=12.47s step=330 queue=8 dmax=0.976 | shoulder_pan.pos=+28.94 shoulder_lift.pos=-2.82 elbow_flex.pos=-2.38 wrist_flex.pos=+68.88 wrist_roll.pos=-2.64 gripper.pos=+8.41
DEBUG 2026-08-20 06:33:16 [action #332] t=12.50s step=331 queue=7 dmax=0.874 | shoulder_pan.pos=+29.55 shoulder_lift.pos=-1.94 elbow_flex.pos=-3.01 wrist_flex.pos=+68.27 wrist_roll.pos=-2.88 gripper.pos=+8.27
DEBUG 2026-08-20 06:33:16 [action #333] t=12.53s step=332 queue=6 dmax=1.335 | shoulder_pan.pos=+30.16 shoulder_lift.pos=-0.61 elbow_flex.pos=-3.26 wrist_flex.pos=+67.70 wrist_roll.pos=-3.08 gripper.pos=+8.41
DEBUG 2026-08-20 06:33:16 [chunk] received 50 actions, timesteps 308..357 | first: shoulder_pan.pos=+13.75 shoulder_lift.pos=-21.51 elbow_flex.pos=+2.35 wrist_flex.pos=+76.86 wrist_roll.pos=-1.65 gripper.pos=+7.91 | last: shoulder_pan.pos=+34.11 shoulder_lift.pos=+6.71 elbow_flex.pos=-0.00 wrist_flex.pos=+57.97 wrist_roll.pos=+1.41 gripper.pos=+8.57
DEBUG 2026-08-20 06:33:16 [action #334] t=12.57s step=333 queue=25 dmax=8.024 | shoulder_pan.pos=+30.27 shoulder_lift.pos=-8.63 elbow_flex.pos=-0.22 wrist_flex.pos=+67.59 wrist_roll.pos=-0.69 gripper.pos=+8.30
DEBUG 2026-08-20 06:33:16 [action #335] t=12.60s step=334 queue=24 dmax=1.043 | shoulder_pan.pos=+30.98 shoulder_lift.pos=-7.59 elbow_flex.pos=+0.16 wrist_flex.pos=+67.14 wrist_roll.pos=-0.74 gripper.pos=+8.07
DEBUG 2026-08-20 06:33:16 [action #336] t=12.63s step=335 queue=23 dmax=1.173 | shoulder_pan.pos=+31.36 shoulder_lift.pos=-6.41 elbow_flex.pos=-0.58 wrist_flex.pos=+66.71 wrist_roll.pos=-0.78 gripper.pos=+8.05
DEBUG 2026-08-20 06:33:16 [action #337] t=12.67s step=336 queue=22 dmax=0.781 | shoulder_pan.pos=+32.06 shoulder_lift.pos=-5.63 elbow_flex.pos=-0.64 wrist_flex.pos=+66.09 wrist_roll.pos=-0.84 gripper.pos=+8.08
DEBUG 2026-08-20 06:33:16 [action #338] t=12.70s step=337 queue=21 dmax=0.601 | shoulder_pan.pos=+32.51 shoulder_lift.pos=-5.03 elbow_flex.pos=-1.12 wrist_flex.pos=+65.57 wrist_roll.pos=-0.81 gripper.pos=+7.99
DEBUG 2026-08-20 06:33:16 [action #339] t=12.73s step=338 queue=20 dmax=3.011 | shoulder_pan.pos=+32.49 shoulder_lift.pos=-8.04 elbow_flex.pos=-0.54 wrist_flex.pos=+66.30 wrist_roll.pos=+0.62 gripper.pos=+7.93
DEBUG 2026-08-20 06:33:16 [action #340] t=12.77s step=339 queue=19 dmax=0.874 | shoulder_pan.pos=+33.01 shoulder_lift.pos=-7.17 elbow_flex.pos=-0.24 wrist_flex.pos=+66.23 wrist_roll.pos=+0.62 gripper.pos=+7.90
DEBUG 2026-08-20 06:33:16 [action #341] t=12.80s step=340 queue=18 dmax=1.680 | shoulder_pan.pos=+33.52 shoulder_lift.pos=-5.49 elbow_flex.pos=-0.54 wrist_flex.pos=+65.82 wrist_roll.pos=+0.70 gripper.pos=+7.76
DEBUG 2026-08-20 06:33:17 [action #342] t=12.84s step=341 queue=17 dmax=0.436 | shoulder_pan.pos=+33.96 shoulder_lift.pos=-5.53 elbow_flex.pos=-0.56 wrist_flex.pos=+65.78 wrist_roll.pos=+0.72 gripper.pos=+7.80
DEBUG 2026-08-20 06:33:17 [action #343] t=12.87s step=342 queue=16 dmax=0.992 | shoulder_pan.pos=+34.07 shoulder_lift.pos=-4.54 elbow_flex.pos=-1.20 wrist_flex.pos=+65.56 wrist_roll.pos=+0.84 gripper.pos=+7.71
DEBUG 2026-08-20 06:33:17 [action #344] t=12.90s step=343 queue=15 dmax=1.505 | shoulder_pan.pos=+34.04 shoulder_lift.pos=-3.04 elbow_flex.pos=-0.48 wrist_flex.pos=+65.17 wrist_roll.pos=+0.98 gripper.pos=+7.92
DEBUG 2026-08-20 06:33:17 [action #345] t=12.94s step=344 queue=14 dmax=0.739 | shoulder_pan.pos=+34.25 shoulder_lift.pos=-2.30 elbow_flex.pos=-0.93 wrist_flex.pos=+64.90 wrist_roll.pos=+0.99 gripper.pos=+7.86
DEBUG 2026-08-20 06:33:17 [action #346] t=12.97s step=345 queue=13 dmax=0.964 | shoulder_pan.pos=+34.62 shoulder_lift.pos=-1.33 elbow_flex.pos=-1.23 wrist_flex.pos=+64.61 wrist_roll.pos=+1.15 gripper.pos=+7.81
DEBUG 2026-08-20 06:33:17 [action #347] t=13.00s step=346 queue=12 dmax=0.864 | shoulder_pan.pos=+34.69 shoulder_lift.pos=-0.47 elbow_flex.pos=-0.55 wrist_flex.pos=+63.83 wrist_roll.pos=+1.26 gripper.pos=+7.65
DEBUG 2026-08-20 06:33:17 [action #348] t=13.04s step=347 queue=11 dmax=0.800 | shoulder_pan.pos=+34.53 shoulder_lift.pos=+0.25 elbow_flex.pos=-1.35 wrist_flex.pos=+63.86 wrist_roll.pos=+1.19 gripper.pos=+7.70
DEBUG 2026-08-20 06:33:17 [action #349] t=13.07s step=348 queue=10 dmax=0.657 | shoulder_pan.pos=+34.92 shoulder_lift.pos=+0.88 elbow_flex.pos=-0.74 wrist_flex.pos=+63.20 wrist_roll.pos=+1.25 gripper.pos=+7.69
DEBUG 2026-08-20 06:33:17 [action #350] t=13.10s step=349 queue=9 dmax=0.940 | shoulder_pan.pos=+34.71 shoulder_lift.pos=+1.82 elbow_flex.pos=-1.25 wrist_flex.pos=+62.71 wrist_roll.pos=+1.22 gripper.pos=+7.64
DEBUG 2026-08-20 06:33:17 [action #351] t=13.14s step=350 queue=8 dmax=0.617 | shoulder_pan.pos=+34.78 shoulder_lift.pos=+2.31 elbow_flex.pos=-1.15 wrist_flex.pos=+62.10 wrist_roll.pos=+1.33 gripper.pos=+7.59
DEBUG 2026-08-20 06:33:17 [action #352] t=13.17s step=351 queue=7 dmax=1.176 | shoulder_pan.pos=+34.79 shoulder_lift.pos=+3.49 elbow_flex.pos=-0.99 wrist_flex.pos=+61.25 wrist_roll.pos=+1.29 gripper.pos=+7.55
DEBUG 2026-08-20 06:33:17 [action #353] t=13.20s step=352 queue=6 dmax=0.600 | shoulder_pan.pos=+34.63 shoulder_lift.pos=+3.27 elbow_flex.pos=-0.39 wrist_flex.pos=+60.68 wrist_roll.pos=+1.23 gripper.pos=+7.72
DEBUG 2026-08-20 06:33:17 [action #354] t=13.24s step=353 queue=5 dmax=0.724 | shoulder_pan.pos=+34.58 shoulder_lift.pos=+3.57 elbow_flex.pos=+0.34 wrist_flex.pos=+60.19 wrist_roll.pos=+1.28 gripper.pos=+7.72
DEBUG 2026-08-20 06:33:17 [action #355] t=13.27s step=354 queue=4 dmax=0.593 | shoulder_pan.pos=+34.57 shoulder_lift.pos=+4.16 elbow_flex.pos=+0.35 wrist_flex.pos=+59.62 wrist_roll.pos=+1.38 gripper.pos=+7.87
DEBUG 2026-08-20 06:33:17 [chunk] received 50 actions, timesteps 332..381 | first: shoulder_pan.pos=+30.16 shoulder_lift.pos=-1.38 elbow_flex.pos=-4.73 wrist_flex.pos=+68.06 wrist_roll.pos=-1.64 gripper.pos=+7.64 | last: shoulder_pan.pos=+29.65 shoulder_lift.pos=+7.85 elbow_flex.pos=-3.53 wrist_flex.pos=+71.23 wrist_roll.pos=-1.58 gripper.pos=+32.90
DEBUG 2026-08-20 06:33:17 [action #356] t=13.30s step=355 queue=27 dmax=4.457 | shoulder_pan.pos=+34.08 shoulder_lift.pos=+8.62 elbow_flex.pos=-3.00 wrist_flex.pos=+58.77 wrist_roll.pos=-0.43 gripper.pos=+8.04
DEBUG 2026-08-20 06:33:17 [action #357] t=13.34s step=356 queue=26 dmax=1.035 | shoulder_pan.pos=+33.89 shoulder_lift.pos=+8.34 elbow_flex.pos=-1.97 wrist_flex.pos=+58.62 wrist_roll.pos=-0.34 gripper.pos=+9.00
DEBUG 2026-08-20 06:33:17 [action #358] t=13.37s step=357 queue=25 dmax=1.937 | shoulder_pan.pos=+33.78 shoulder_lift.pos=+9.09 elbow_flex.pos=-2.02 wrist_flex.pos=+58.71 wrist_roll.pos=-0.37 gripper.pos=+10.94
DEBUG 2026-08-20 06:33:17 [action #359] t=13.40s step=358 queue=24 dmax=4.248 | shoulder_pan.pos=+33.61 shoulder_lift.pos=+10.00 elbow_flex.pos=-2.86 wrist_flex.pos=+59.52 wrist_roll.pos=-1.14 gripper.pos=+15.19
DEBUG 2026-08-20 06:33:17 [action #360] t=13.44s step=359 queue=23 dmax=4.436 | shoulder_pan.pos=+33.50 shoulder_lift.pos=+9.75 elbow_flex.pos=-2.65 wrist_flex.pos=+59.72 wrist_roll.pos=-1.03 gripper.pos=+19.62
DEBUG 2026-08-20 06:33:17 [action #361] t=13.47s step=360 queue=22 dmax=3.386 | shoulder_pan.pos=+33.37 shoulder_lift.pos=+9.70 elbow_flex.pos=-2.47 wrist_flex.pos=+60.20 wrist_roll.pos=-1.22 gripper.pos=+23.01
DEBUG 2026-08-20 06:33:17 [action #362] t=13.50s step=361 queue=21 dmax=2.665 | shoulder_pan.pos=+33.36 shoulder_lift.pos=+9.22 elbow_flex.pos=-2.87 wrist_flex.pos=+60.75 wrist_roll.pos=-1.10 gripper.pos=+25.67
DEBUG 2026-08-20 06:33:17 [action #363] t=13.54s step=362 queue=20 dmax=1.640 | shoulder_pan.pos=+33.23 shoulder_lift.pos=+10.24 elbow_flex.pos=-2.86 wrist_flex.pos=+61.06 wrist_roll.pos=-1.23 gripper.pos=+27.31
DEBUG 2026-08-20 06:33:17 [action #364] t=13.57s step=363 queue=19 dmax=1.220 | shoulder_pan.pos=+33.19 shoulder_lift.pos=+9.96 elbow_flex.pos=-2.47 wrist_flex.pos=+61.37 wrist_roll.pos=-1.13 gripper.pos=+28.53
DEBUG 2026-08-20 06:33:17 [action #365] t=13.60s step=364 queue=18 dmax=0.839 | shoulder_pan.pos=+33.09 shoulder_lift.pos=+10.06 elbow_flex.pos=-2.90 wrist_flex.pos=+61.91 wrist_roll.pos=-1.09 gripper.pos=+29.37
DEBUG 2026-08-20 06:33:17 [action #366] t=13.64s step=365 queue=17 dmax=0.641 | shoulder_pan.pos=+33.06 shoulder_lift.pos=+10.31 elbow_flex.pos=-2.65 wrist_flex.pos=+62.26 wrist_roll.pos=-1.17 gripper.pos=+30.01
DEBUG 2026-08-20 06:33:17 [action #367] t=13.67s step=366 queue=16 dmax=0.436 | shoulder_pan.pos=+33.09 shoulder_lift.pos=+10.06 elbow_flex.pos=-2.21 wrist_flex.pos=+62.58 wrist_roll.pos=-1.17 gripper.pos=+30.45
DEBUG 2026-08-20 06:33:17 [action #368] t=13.70s step=367 queue=15 dmax=0.583 | shoulder_pan.pos=+32.90 shoulder_lift.pos=+10.45 elbow_flex.pos=-2.79 wrist_flex.pos=+63.03 wrist_roll.pos=-1.15 gripper.pos=+30.64
DEBUG 2026-08-20 06:33:17 [action #369] t=13.74s step=368 queue=14 dmax=0.905 | shoulder_pan.pos=+32.83 shoulder_lift.pos=+10.63 elbow_flex.pos=-3.70 wrist_flex.pos=+63.54 wrist_roll.pos=-1.04 gripper.pos=+30.66
DEBUG 2026-08-20 06:33:17 [action #370] t=13.77s step=369 queue=13 dmax=0.416 | shoulder_pan.pos=+32.71 shoulder_lift.pos=+10.42 elbow_flex.pos=-3.70 wrist_flex.pos=+63.96 wrist_roll.pos=-0.98 gripper.pos=+30.77
DEBUG 2026-08-20 06:33:17 [action #371] t=13.81s step=370 queue=12 dmax=0.626 | shoulder_pan.pos=+32.51 shoulder_lift.pos=+10.33 elbow_flex.pos=-3.08 wrist_flex.pos=+64.15 wrist_roll.pos=-1.21 gripper.pos=+31.11
DEBUG 2026-08-20 06:33:18 [action #372] t=13.84s step=371 queue=11 dmax=0.399 | shoulder_pan.pos=+32.66 shoulder_lift.pos=+10.39 elbow_flex.pos=-3.24 wrist_flex.pos=+64.50 wrist_roll.pos=-1.21 gripper.pos=+31.51
DEBUG 2026-08-20 06:33:18 [action #373] t=13.87s step=372 queue=10 dmax=0.518 | shoulder_pan.pos=+32.40 shoulder_lift.pos=+10.39 elbow_flex.pos=-2.98 wrist_flex.pos=+64.97 wrist_roll.pos=-1.09 gripper.pos=+32.03
DEBUG 2026-08-20 06:33:18 [action #374] t=13.91s step=373 queue=9 dmax=1.329 | shoulder_pan.pos=+31.69 shoulder_lift.pos=+10.30 elbow_flex.pos=-4.31 wrist_flex.pos=+65.40 wrist_roll.pos=-1.01 gripper.pos=+32.61
DEBUG 2026-08-20 06:33:18 [action #375] t=13.94s step=374 queue=8 dmax=0.925 | shoulder_pan.pos=+31.74 shoulder_lift.pos=+10.16 elbow_flex.pos=-3.38 wrist_flex.pos=+65.80 wrist_roll.pos=-1.23 gripper.pos=+32.73
DEBUG 2026-08-20 06:33:18 [chunk] received 50 actions, timesteps 353..402 | first: shoulder_pan.pos=+32.37 shoulder_lift.pos=+2.68 elbow_flex.pos=-1.23 wrist_flex.pos=+59.91 wrist_roll.pos=+1.28 gripper.pos=+8.05 | last: shoulder_pan.pos=+30.04 shoulder_lift.pos=-1.41 elbow_flex.pos=-1.73 wrist_flex.pos=+78.67 wrist_roll.pos=+3.57 gripper.pos=+33.96
DEBUG 2026-08-20 06:33:18 [action #376] t=13.97s step=375 queue=28 dmax=6.462 | shoulder_pan.pos=+32.67 shoulder_lift.pos=+9.66 elbow_flex.pos=+0.36 wrist_flex.pos=+59.41 wrist_roll.pos=+0.66 gripper.pos=+26.27
DEBUG 2026-08-20 06:33:18 [action #377] t=14.01s step=376 queue=27 dmax=1.480 | shoulder_pan.pos=+32.63 shoulder_lift.pos=+9.96 elbow_flex.pos=+0.24 wrist_flex.pos=+59.83 wrist_roll.pos=+0.60 gripper.pos=+27.75
DEBUG 2026-08-20 06:33:18 [action #378] t=14.04s step=377 queue=26 dmax=1.158 | shoulder_pan.pos=+32.76 shoulder_lift.pos=+9.56 elbow_flex.pos=+0.32 wrist_flex.pos=+60.17 wrist_roll.pos=+0.72 gripper.pos=+28.90
DEBUG 2026-08-20 06:33:18 [action #379] t=14.07s step=378 queue=25 dmax=0.992 | shoulder_pan.pos=+32.42 shoulder_lift.pos=+9.26 elbow_flex.pos=+0.02 wrist_flex.pos=+60.56 wrist_roll.pos=+0.66 gripper.pos=+29.90
DEBUG 2026-08-20 06:33:18 [action #380] t=14.11s step=379 queue=24 dmax=0.712 | shoulder_pan.pos=+32.37 shoulder_lift.pos=+8.98 elbow_flex.pos=+0.64 wrist_flex.pos=+61.06 wrist_roll.pos=+0.59 gripper.pos=+30.61
DEBUG 2026-08-20 06:33:18 [action #381] t=14.14s step=380 queue=23 dmax=0.691 | shoulder_pan.pos=+32.53 shoulder_lift.pos=+9.20 elbow_flex.pos=+0.23 wrist_flex.pos=+61.63 wrist_roll.pos=+0.64 gripper.pos=+31.30
DEBUG 2026-08-20 06:33:18 [action #382] t=14.17s step=381 queue=22 dmax=0.711 | shoulder_pan.pos=+32.11 shoulder_lift.pos=+8.75 elbow_flex.pos=+0.64 wrist_flex.pos=+62.34 wrist_roll.pos=+0.59 gripper.pos=+31.64
DEBUG 2026-08-20 06:33:18 [action #383] t=14.21s step=382 queue=21 dmax=3.350 | shoulder_pan.pos=+33.30 shoulder_lift.pos=+8.58 elbow_flex.pos=+1.94 wrist_flex.pos=+58.99 wrist_roll.pos=+1.68 gripper.pos=+31.47
DEBUG 2026-08-20 06:33:18 [action #384] t=14.24s step=383 queue=20 dmax=0.515 | shoulder_pan.pos=+33.43 shoulder_lift.pos=+8.25 elbow_flex.pos=+2.45 wrist_flex.pos=+59.43 wrist_roll.pos=+1.52 gripper.pos=+31.95
DEBUG 2026-08-20 06:33:18 [action #385] t=14.27s step=384 queue=19 dmax=0.855 | shoulder_pan.pos=+33.09 shoulder_lift.pos=+8.22 elbow_flex.pos=+1.87 wrist_flex.pos=+60.06 wrist_roll.pos=+1.71 gripper.pos=+32.80
DEBUG 2026-08-20 06:33:18 [action #386] t=14.31s step=385 queue=18 dmax=0.938 | shoulder_pan.pos=+33.15 shoulder_lift.pos=+8.45 elbow_flex.pos=+2.81 wrist_flex.pos=+60.42 wrist_roll.pos=+1.72 gripper.pos=+33.13
DEBUG 2026-08-20 06:33:18 [action #387] t=14.34s step=386 queue=17 dmax=0.729 | shoulder_pan.pos=+33.29 shoulder_lift.pos=+8.10 elbow_flex.pos=+2.08 wrist_flex.pos=+61.14 wrist_roll.pos=+1.66 gripper.pos=+33.59
DEBUG 2026-08-20 06:33:18 [action #388] t=14.37s step=387 queue=16 dmax=1.273 | shoulder_pan.pos=+33.41 shoulder_lift.pos=+6.83 elbow_flex.pos=+2.30 wrist_flex.pos=+61.73 wrist_roll.pos=+1.86 gripper.pos=+33.55
DEBUG 2026-08-20 06:33:18 [action #389] t=14.41s step=388 queue=15 dmax=0.408 | shoulder_pan.pos=+33.29 shoulder_lift.pos=+6.64 elbow_flex.pos=+2.21 wrist_flex.pos=+62.14 wrist_roll.pos=+2.04 gripper.pos=+33.63
DEBUG 2026-08-20 06:33:18 [action #390] t=14.44s step=389 queue=14 dmax=0.815 | shoulder_pan.pos=+33.20 shoulder_lift.pos=+7.46 elbow_flex.pos=+2.02 wrist_flex.pos=+62.73 wrist_roll.pos=+1.85 gripper.pos=+33.67
DEBUG 2026-08-20 06:33:18 [action #391] t=14.47s step=390 queue=13 dmax=1.948 | shoulder_pan.pos=+33.10 shoulder_lift.pos=+5.51 elbow_flex.pos=+1.82 wrist_flex.pos=+63.61 wrist_roll.pos=+2.02 gripper.pos=+33.86
DEBUG 2026-08-20 06:33:18 [action #392] t=14.51s step=391 queue=12 dmax=0.696 | shoulder_pan.pos=+32.83 shoulder_lift.pos=+5.75 elbow_flex.pos=+1.43 wrist_flex.pos=+64.31 wrist_roll.pos=+2.08 gripper.pos=+34.05
DEBUG 2026-08-20 06:33:18 [action #393] t=14.54s step=392 queue=11 dmax=0.720 | shoulder_pan.pos=+32.68 shoulder_lift.pos=+5.33 elbow_flex.pos=+1.46 wrist_flex.pos=+65.03 wrist_roll.pos=+2.23 gripper.pos=+34.11
DEBUG 2026-08-20 06:33:18 [action #394] t=14.57s step=393 queue=10 dmax=1.137 | shoulder_pan.pos=+32.39 shoulder_lift.pos=+5.16 elbow_flex.pos=+1.48 wrist_flex.pos=+66.17 wrist_roll.pos=+2.26 gripper.pos=+34.19
DEBUG 2026-08-20 06:33:18 [action #395] t=14.61s step=394 queue=9 dmax=1.482 | shoulder_pan.pos=+31.99 shoulder_lift.pos=+3.68 elbow_flex.pos=+0.27 wrist_flex.pos=+67.17 wrist_roll.pos=+2.35 gripper.pos=+34.23
DEBUG 2026-08-20 06:33:18 [action #396] t=14.64s step=395 queue=8 dmax=1.341 | shoulder_pan.pos=+32.10 shoulder_lift.pos=+3.75 elbow_flex.pos=+0.91 wrist_flex.pos=+68.51 wrist_roll.pos=+2.43 gripper.pos=+34.11
DEBUG 2026-08-20 06:33:18 [action #397] t=14.67s step=396 queue=7 dmax=1.386 | shoulder_pan.pos=+32.07 shoulder_lift.pos=+3.72 elbow_flex.pos=-0.48 wrist_flex.pos=+69.52 wrist_roll.pos=+2.64 gripper.pos=+34.05
DEBUG 2026-08-20 06:33:18 [action #398] t=14.71s step=397 queue=6 dmax=1.366 | shoulder_pan.pos=+31.90 shoulder_lift.pos=+3.14 elbow_flex.pos=+0.40 wrist_flex.pos=+70.88 wrist_roll.pos=+2.85 gripper.pos=+34.01
DEBUG 2026-08-20 06:33:18 [action #399] t=14.74s step=398 queue=5 dmax=1.423 | shoulder_pan.pos=+31.50 shoulder_lift.pos=+1.72 elbow_flex.pos=-0.23 wrist_flex.pos=+72.12 wrist_roll.pos=+3.05 gripper.pos=+33.96
DEBUG 2026-08-20 06:33:18 [chunk] received 50 actions, timesteps 374..423 | first: shoulder_pan.pos=+31.73 shoulder_lift.pos=+9.78 elbow_flex.pos=-4.93 wrist_flex.pos=+65.94 wrist_roll.pos=-1.07 gripper.pos=+33.76 | last: shoulder_pan.pos=+3.42 shoulder_lift.pos=-61.63 elbow_flex.pos=+52.41 wrist_flex.pos=+74.17 wrist_roll.pos=+2.24 gripper.pos=+1.04
DEBUG 2026-08-20 06:33:18 [action #400] t=14.77s step=399 queue=25 dmax=13.954 | shoulder_pan.pos=+25.56 shoulder_lift.pos=-9.38 elbow_flex.pos=-4.52 wrist_flex.pos=+86.07 wrist_roll.pos=+2.20 gripper.pos=+35.26
DEBUG 2026-08-20 06:33:18 [action #401] t=14.81s step=400 queue=24 dmax=1.892 | shoulder_pan.pos=+24.73 shoulder_lift.pos=-11.27 elbow_flex.pos=-3.71 wrist_flex.pos=+86.60 wrist_roll.pos=+2.45 gripper.pos=+35.26
DEBUG 2026-08-20 06:33:19 [action #402] t=14.84s step=401 queue=23 dmax=1.500 | shoulder_pan.pos=+23.76 shoulder_lift.pos=-12.77 elbow_flex.pos=-2.31 wrist_flex.pos=+86.97 wrist_roll.pos=+2.54 gripper.pos=+35.03
DEBUG 2026-08-20 06:33:19 [action #403] t=14.88s step=402 queue=22 dmax=1.667 | shoulder_pan.pos=+22.68 shoulder_lift.pos=-14.44 elbow_flex.pos=-1.24 wrist_flex.pos=+87.32 wrist_roll.pos=+2.65 gripper.pos=+33.92
DEBUG 2026-08-20 06:33:19 [action #404] t=14.91s step=403 queue=21 dmax=7.079 | shoulder_pan.pos=+18.51 shoulder_lift.pos=-21.52 elbow_flex.pos=+0.95 wrist_flex.pos=+90.82 wrist_roll.pos=+2.43 gripper.pos=+31.11
DEBUG 2026-08-20 06:33:19 [action #405] t=14.94s step=404 queue=20 dmax=3.726 | shoulder_pan.pos=+17.41 shoulder_lift.pos=-22.82 elbow_flex.pos=+2.85 wrist_flex.pos=+90.41 wrist_roll.pos=+2.57 gripper.pos=+27.38
DEBUG 2026-08-20 06:33:19 [action #406] t=14.98s step=405 queue=19 dmax=4.017 | shoulder_pan.pos=+16.38 shoulder_lift.pos=-24.84 elbow_flex.pos=+5.79 wrist_flex.pos=+89.72 wrist_roll.pos=+2.93 gripper.pos=+23.36
DEBUG 2026-08-20 06:33:19 [action #407] t=15.01s step=406 queue=18 dmax=4.319 | shoulder_pan.pos=+15.04 shoulder_lift.pos=-26.58 elbow_flex.pos=+8.56 wrist_flex.pos=+88.77 wrist_roll.pos=+3.19 gripper.pos=+19.04
DEBUG 2026-08-20 06:33:19 [action #408] t=15.04s step=407 queue=17 dmax=4.119 | shoulder_pan.pos=+13.82 shoulder_lift.pos=-28.54 elbow_flex.pos=+11.54 wrist_flex.pos=+88.01 wrist_roll.pos=+3.44 gripper.pos=+14.92
DEBUG 2026-08-20 06:33:19 [action #409] t=15.08s step=408 queue=16 dmax=4.518 | shoulder_pan.pos=+12.59 shoulder_lift.pos=-30.65 elbow_flex.pos=+15.40 wrist_flex.pos=+86.92 wrist_roll.pos=+3.57 gripper.pos=+10.41
DEBUG 2026-08-20 06:33:19 [action #410] t=15.11s step=409 queue=15 dmax=3.762 | shoulder_pan.pos=+11.41 shoulder_lift.pos=-32.73 elbow_flex.pos=+17.92 wrist_flex.pos=+86.05 wrist_roll.pos=+3.61 gripper.pos=+6.64
DEBUG 2026-08-20 06:33:19 [action #411] t=15.14s step=410 queue=14 dmax=3.368 | shoulder_pan.pos=+10.12 shoulder_lift.pos=-34.80 elbow_flex.pos=+21.23 wrist_flex.pos=+85.33 wrist_roll.pos=+3.87 gripper.pos=+3.28
DEBUG 2026-08-20 06:33:19 [action #412] t=15.18s step=411 queue=13 dmax=2.608 | shoulder_pan.pos=+9.23 shoulder_lift.pos=-37.40 elbow_flex.pos=+22.95 wrist_flex.pos=+84.42 wrist_roll.pos=+3.77 gripper.pos=+1.20
DEBUG 2026-08-20 06:33:19 [action #413] t=15.21s step=412 queue=12 dmax=3.247 | shoulder_pan.pos=+8.27 shoulder_lift.pos=-39.92 elbow_flex.pos=+26.19 wrist_flex.pos=+83.86 wrist_roll.pos=+3.58 gripper.pos=+0.73
DEBUG 2026-08-20 06:33:19 [action #414] t=15.24s step=413 queue=11 dmax=2.430 | shoulder_pan.pos=+7.46 shoulder_lift.pos=-42.28 elbow_flex.pos=+28.62 wrist_flex.pos=+83.14 wrist_roll.pos=+3.51 gripper.pos=+0.74
DEBUG 2026-08-20 06:33:19 [action #415] t=15.28s step=414 queue=10 dmax=2.494 | shoulder_pan.pos=+6.59 shoulder_lift.pos=-44.30 elbow_flex.pos=+31.12 wrist_flex.pos=+82.53 wrist_roll.pos=+3.43 gripper.pos=+0.84
DEBUG 2026-08-20 06:33:19 [action #416] t=15.31s step=415 queue=9 dmax=2.465 | shoulder_pan.pos=+5.71 shoulder_lift.pos=-46.54 elbow_flex.pos=+33.58 wrist_flex.pos=+81.95 wrist_roll.pos=+3.34 gripper.pos=+0.87
DEBUG 2026-08-20 06:33:19 [action #417] t=15.34s step=416 queue=8 dmax=2.351 | shoulder_pan.pos=+5.21 shoulder_lift.pos=-48.06 elbow_flex.pos=+35.93 wrist_flex.pos=+81.33 wrist_roll.pos=+3.25 gripper.pos=+0.95
DEBUG 2026-08-20 06:33:19 [action #418] t=15.38s step=417 queue=7 dmax=2.623 | shoulder_pan.pos=+4.59 shoulder_lift.pos=-50.48 elbow_flex.pos=+38.56 wrist_flex.pos=+80.46 wrist_roll.pos=+3.08 gripper.pos=+0.78
DEBUG 2026-08-20 06:33:19 [action #419] t=15.41s step=418 queue=6 dmax=2.117 | shoulder_pan.pos=+4.61 shoulder_lift.pos=-52.59 elbow_flex.pos=+40.43 wrist_flex.pos=+79.49 wrist_roll.pos=+2.88 gripper.pos=+0.65
DEBUG 2026-08-20 06:33:19 [action #420] t=15.44s step=419 queue=5 dmax=2.528 | shoulder_pan.pos=+4.14 shoulder_lift.pos=-54.22 elbow_flex.pos=+42.96 wrist_flex.pos=+78.54 wrist_roll.pos=+2.75 gripper.pos=+0.72
DEBUG 2026-08-20 06:33:19 [action #421] t=15.48s step=420 queue=4 dmax=2.851 | shoulder_pan.pos=+3.89 shoulder_lift.pos=-56.44 elbow_flex.pos=+45.81 wrist_flex.pos=+77.35 wrist_roll.pos=+2.60 gripper.pos=+0.81
DEBUG 2026-08-20 06:33:19 [action #422] t=15.51s step=421 queue=3 dmax=2.291 | shoulder_pan.pos=+3.66 shoulder_lift.pos=-58.32 elbow_flex.pos=+48.10 wrist_flex.pos=+76.22 wrist_roll.pos=+2.51 gripper.pos=+0.94
DEBUG 2026-08-20 06:33:19 [chunk] received 50 actions, timesteps 398..447 | first: shoulder_pan.pos=+31.28 shoulder_lift.pos=+4.01 elbow_flex.pos=+0.53 wrist_flex.pos=+69.81 wrist_roll.pos=+2.93 gripper.pos=+35.84 | last: shoulder_pan.pos=+3.07 shoulder_lift.pos=-81.24 elbow_flex.pos=+65.13 wrist_flex.pos=+76.10 wrist_roll.pos=+4.94 gripper.pos=+1.17
DEBUG 2026-08-20 06:33:19 [action #423] t=15.54s step=422 queue=26 dmax=24.056 | shoulder_pan.pos=+13.34 shoulder_lift.pos=-38.96 elbow_flex.pos=+24.04 wrist_flex.pos=+83.81 wrist_roll.pos=+4.83 gripper.pos=+16.60
DEBUG 2026-08-20 06:33:19 [action #424] t=15.58s step=423 queue=25 dmax=2.400 | shoulder_pan.pos=+12.72 shoulder_lift.pos=-41.08 elbow_flex.pos=+26.44 wrist_flex.pos=+83.21 wrist_roll.pos=+4.86 gripper.pos=+14.32
DEBUG 2026-08-20 06:33:19 [action #425] t=15.61s step=424 queue=24 dmax=8.926 | shoulder_pan.pos=+16.03 shoulder_lift.pos=-33.91 elbow_flex.pos=+17.52 wrist_flex.pos=+86.49 wrist_roll.pos=+6.23 gripper.pos=+16.41
DEBUG 2026-08-20 06:33:19 [action #426] t=15.64s step=425 queue=23 dmax=3.949 | shoulder_pan.pos=+14.73 shoulder_lift.pos=-36.37 elbow_flex.pos=+19.26 wrist_flex.pos=+86.02 wrist_roll.pos=+6.19 gripper.pos=+12.46
DEBUG 2026-08-20 06:33:19 [action #427] t=15.68s step=426 queue=22 dmax=3.742 | shoulder_pan.pos=+13.75 shoulder_lift.pos=-38.96 elbow_flex.pos=+21.65 wrist_flex.pos=+85.44 wrist_roll.pos=+6.28 gripper.pos=+8.72
DEBUG 2026-08-20 06:33:19 [action #428] t=15.71s step=427 queue=21 dmax=3.547 | shoulder_pan.pos=+12.18 shoulder_lift.pos=-41.57 elbow_flex.pos=+23.82 wrist_flex.pos=+84.69 wrist_roll.pos=+6.24 gripper.pos=+5.17
DEBUG 2026-08-20 06:33:19 [action #429] t=15.75s step=428 queue=20 dmax=2.494 | shoulder_pan.pos=+11.28 shoulder_lift.pos=-43.39 elbow_flex.pos=+25.85 wrist_flex.pos=+84.19 wrist_roll.pos=+6.16 gripper.pos=+2.68
DEBUG 2026-08-20 06:33:19 [action #430] t=15.78s step=429 queue=19 dmax=2.729 | shoulder_pan.pos=+10.21 shoulder_lift.pos=-45.30 elbow_flex.pos=+28.58 wrist_flex.pos=+83.67 wrist_roll.pos=+5.98 gripper.pos=+1.34
DEBUG 2026-08-20 06:33:19 [action #431] t=15.81s step=430 queue=18 dmax=2.423 | shoulder_pan.pos=+9.36 shoulder_lift.pos=-47.72 elbow_flex.pos=+30.33 wrist_flex.pos=+83.08 wrist_roll.pos=+5.88 gripper.pos=+0.79
DEBUG 2026-08-20 06:33:20 [action #432] t=15.85s step=431 queue=17 dmax=2.954 | shoulder_pan.pos=+8.57 shoulder_lift.pos=-50.46 elbow_flex.pos=+33.28 wrist_flex.pos=+82.52 wrist_roll.pos=+5.65 gripper.pos=+0.62
DEBUG 2026-08-20 06:33:20 [action #433] t=15.88s step=432 queue=16 dmax=2.170 | shoulder_pan.pos=+7.74 shoulder_lift.pos=-52.63 elbow_flex.pos=+34.50 wrist_flex.pos=+82.08 wrist_roll.pos=+5.72 gripper.pos=+0.52
DEBUG 2026-08-20 06:33:20 [action #434] t=15.91s step=433 queue=15 dmax=2.820 | shoulder_pan.pos=+6.88 shoulder_lift.pos=-54.28 elbow_flex.pos=+37.32 wrist_flex.pos=+81.64 wrist_roll.pos=+5.48 gripper.pos=+0.81
DEBUG 2026-08-20 06:33:20 [action #435] t=15.95s step=434 queue=14 dmax=2.285 | shoulder_pan.pos=+6.20 shoulder_lift.pos=-56.56 elbow_flex.pos=+39.00 wrist_flex.pos=+81.12 wrist_roll.pos=+5.19 gripper.pos=+0.83
DEBUG 2026-08-20 06:33:20 [action #436] t=15.98s step=435 queue=13 dmax=2.834 | shoulder_pan.pos=+5.82 shoulder_lift.pos=-58.65 elbow_flex.pos=+41.83 wrist_flex.pos=+80.42 wrist_roll.pos=+4.97 gripper.pos=+0.74
DEBUG 2026-08-20 06:33:20 [action #437] t=16.01s step=436 queue=12 dmax=2.495 | shoulder_pan.pos=+5.27 shoulder_lift.pos=-61.15 elbow_flex.pos=+44.30 wrist_flex.pos=+79.85 wrist_roll.pos=+4.96 gripper.pos=+0.68
DEBUG 2026-08-20 06:33:20 [action #438] t=16.05s step=437 queue=11 dmax=2.095 | shoulder_pan.pos=+5.23 shoulder_lift.pos=-63.24 elbow_flex.pos=+46.34 wrist_flex.pos=+79.17 wrist_roll.pos=+4.95 gripper.pos=+0.66
DEBUG 2026-08-20 06:33:20 [action #439] t=16.08s step=438 queue=10 dmax=1.944 | shoulder_pan.pos=+4.84 shoulder_lift.pos=-64.40 elbow_flex.pos=+48.29 wrist_flex.pos=+78.50 wrist_roll.pos=+4.97 gripper.pos=+0.69
DEBUG 2026-08-20 06:33:20 [action #440] t=16.11s step=439 queue=9 dmax=2.956 | shoulder_pan.pos=+4.69 shoulder_lift.pos=-67.35 elbow_flex.pos=+50.85 wrist_flex.pos=+78.23 wrist_roll.pos=+5.03 gripper.pos=+0.77
DEBUG 2026-08-20 06:33:20 [action #441] t=16.15s step=440 queue=8 dmax=1.953 | shoulder_pan.pos=+4.50 shoulder_lift.pos=-68.64 elbow_flex.pos=+52.80 wrist_flex.pos=+77.63 wrist_roll.pos=+4.86 gripper.pos=+0.88
DEBUG 2026-08-20 06:33:20 [action #442] t=16.18s step=441 queue=7 dmax=2.188 | shoulder_pan.pos=+4.25 shoulder_lift.pos=-70.83 elbow_flex.pos=+54.77 wrist_flex.pos=+77.18 wrist_roll.pos=+4.80 gripper.pos=+0.92
DEBUG 2026-08-20 06:33:20 [chunk] received 50 actions, timesteps 420..469 | first: shoulder_pan.pos=+3.26 shoulder_lift.pos=-54.63 elbow_flex.pos=+45.08 wrist_flex.pos=+75.76 wrist_roll.pos=+3.00 gripper.pos=+1.06 | last: shoulder_pan.pos=-5.37 shoulder_lift.pos=-104.76 elbow_flex.pos=+86.18 wrist_flex.pos=+80.11 wrist_roll.pos=-3.96 gripper.pos=+0.93
DEBUG 2026-08-20 06:33:20 [action #443] t=16.21s step=442 queue=28 dmax=15.966 | shoulder_pan.pos=-2.54 shoulder_lift.pos=-86.79 elbow_flex.pos=+67.29 wrist_flex.pos=+75.32 wrist_roll.pos=+3.04 gripper.pos=+0.78
DEBUG 2026-08-20 06:33:20 [action #444] t=16.25s step=443 queue=27 dmax=1.772 | shoulder_pan.pos=-2.35 shoulder_lift.pos=-88.56 elbow_flex.pos=+68.75 wrist_flex.pos=+75.37 wrist_roll.pos=+3.01 gripper.pos=+0.74
DEBUG 2026-08-20 06:33:20 [action #445] t=16.28s step=444 queue=26 dmax=1.826 | shoulder_pan.pos=-2.38 shoulder_lift.pos=-89.96 elbow_flex.pos=+70.57 wrist_flex.pos=+75.35 wrist_roll.pos=+2.82 gripper.pos=+0.79
DEBUG 2026-08-20 06:33:20 [action #446] t=16.31s step=445 queue=25 dmax=1.316 | shoulder_pan.pos=-2.57 shoulder_lift.pos=-91.28 elbow_flex.pos=+71.76 wrist_flex.pos=+75.24 wrist_roll.pos=+2.71 gripper.pos=+0.75
DEBUG 2026-08-20 06:33:20 [action #447] t=16.35s step=446 queue=24 dmax=1.739 | shoulder_pan.pos=-2.52 shoulder_lift.pos=-93.02 elbow_flex.pos=+73.16 wrist_flex.pos=+75.40 wrist_roll.pos=+2.49 gripper.pos=+0.75
DEBUG 2026-08-20 06:33:20 [action #448] t=16.38s step=447 queue=23 dmax=1.394 | shoulder_pan.pos=-2.53 shoulder_lift.pos=-94.41 elbow_flex.pos=+74.24 wrist_flex.pos=+75.46 wrist_roll.pos=+2.20 gripper.pos=+0.78
DEBUG 2026-08-20 06:33:20 [action #449] t=16.41s step=448 queue=22 dmax=6.399 | shoulder_pan.pos=-4.65 shoulder_lift.pos=-100.81 elbow_flex.pos=+78.79 wrist_flex.pos=+75.44 wrist_roll.pos=+0.27 gripper.pos=+0.61
DEBUG 2026-08-20 06:33:20 [action #450] t=16.45s step=449 queue=21 dmax=1.034 | shoulder_pan.pos=-4.49 shoulder_lift.pos=-101.85 elbow_flex.pos=+79.68 wrist_flex.pos=+75.94 wrist_roll.pos=-0.46 gripper.pos=+0.82
DEBUG 2026-08-20 06:33:20 [action #451] t=16.48s step=450 queue=20 dmax=1.115 | shoulder_pan.pos=-4.71 shoulder_lift.pos=-102.60 elbow_flex.pos=+80.80 wrist_flex.pos=+76.47 wrist_roll.pos=-1.03 gripper.pos=+0.78
DEBUG 2026-08-20 06:33:20 [action #452] t=16.51s step=451 queue=19 dmax=1.205 | shoulder_pan.pos=-4.56 shoulder_lift.pos=-102.45 elbow_flex.pos=+80.85 wrist_flex.pos=+77.68 wrist_roll.pos=-1.64 gripper.pos=+0.91
DEBUG 2026-08-20 06:33:20 [action #453] t=16.55s step=452 queue=18 dmax=0.874 | shoulder_pan.pos=-4.71 shoulder_lift.pos=-103.33 elbow_flex.pos=+81.32 wrist_flex.pos=+78.34 wrist_roll.pos=-1.86 gripper.pos=+0.74
DEBUG 2026-08-20 06:33:20 [action #454] t=16.58s step=453 queue=17 dmax=0.754 | shoulder_pan.pos=-4.73 shoulder_lift.pos=-103.20 elbow_flex.pos=+81.36 wrist_flex.pos=+79.10 wrist_roll.pos=-2.14 gripper.pos=+0.85
DEBUG 2026-08-20 06:33:20 [action #455] t=16.61s step=454 queue=16 dmax=0.659 | shoulder_pan.pos=-4.87 shoulder_lift.pos=-103.63 elbow_flex.pos=+81.43 wrist_flex.pos=+79.76 wrist_roll.pos=-2.22 gripper.pos=+0.97
DEBUG 2026-08-20 06:33:20 [action #456] t=16.65s step=455 queue=15 dmax=0.765 | shoulder_pan.pos=-5.17 shoulder_lift.pos=-104.38 elbow_flex.pos=+82.19 wrist_flex.pos=+80.15 wrist_roll.pos=-2.28 gripper.pos=+0.91
DEBUG 2026-08-20 06:33:20 [action #457] t=16.68s step=456 queue=14 dmax=0.442 | shoulder_pan.pos=-4.91 shoulder_lift.pos=-104.31 elbow_flex.pos=+82.63 wrist_flex.pos=+80.45 wrist_roll.pos=-2.27 gripper.pos=+0.90
DEBUG 2026-08-20 06:33:20 [action #458] t=16.72s step=457 queue=13 dmax=0.337 | shoulder_pan.pos=-4.60 shoulder_lift.pos=-104.55 elbow_flex.pos=+82.97 wrist_flex.pos=+80.18 wrist_roll.pos=-2.10 gripper.pos=+0.82
DEBUG 2026-08-20 06:33:20 [action #459] t=16.75s step=458 queue=12 dmax=0.951 | shoulder_pan.pos=-4.62 shoulder_lift.pos=-104.39 elbow_flex.pos=+83.92 wrist_flex.pos=+80.33 wrist_roll.pos=-1.79 gripper.pos=+0.80
DEBUG 2026-08-20 06:33:20 [action #460] t=16.78s step=459 queue=11 dmax=0.316 | shoulder_pan.pos=-4.36 shoulder_lift.pos=-104.07 elbow_flex.pos=+83.80 wrist_flex.pos=+80.27 wrist_roll.pos=-1.71 gripper.pos=+0.84
DEBUG 2026-08-20 06:33:20 [action #461] t=16.82s step=460 queue=10 dmax=1.191 | shoulder_pan.pos=-4.07 shoulder_lift.pos=-104.94 elbow_flex.pos=+84.99 wrist_flex.pos=+79.97 wrist_roll.pos=-1.43 gripper.pos=+0.81
DEBUG 2026-08-20 06:33:21 [action #462] t=16.85s step=461 queue=9 dmax=0.244 | shoulder_pan.pos=-4.17 shoulder_lift.pos=-104.87 elbow_flex.pos=+84.75 wrist_flex.pos=+79.92 wrist_roll.pos=-1.36 gripper.pos=+0.67
DEBUG 2026-08-20 06:33:21 [action #463] t=16.88s step=462 queue=8 dmax=0.137 | shoulder_pan.pos=-4.25 shoulder_lift.pos=-104.73 elbow_flex.pos=+84.67 wrist_flex.pos=+79.80 wrist_roll.pos=-1.30 gripper.pos=+0.64
DEBUG 2026-08-20 06:33:21 [action #464] t=16.92s step=463 queue=7 dmax=0.540 | shoulder_pan.pos=-4.44 shoulder_lift.pos=-104.19 elbow_flex.pos=+84.47 wrist_flex.pos=+79.94 wrist_roll.pos=-1.41 gripper.pos=+0.68
DEBUG 2026-08-20 06:33:21 [action #465] t=16.95s step=464 queue=6 dmax=1.091 | shoulder_pan.pos=-4.37 shoulder_lift.pos=-104.54 elbow_flex.pos=+85.56 wrist_flex.pos=+79.97 wrist_roll.pos=-1.63 gripper.pos=+0.63
DEBUG 2026-08-20 06:33:21 [action #466] t=16.98s step=465 queue=5 dmax=0.436 | shoulder_pan.pos=-4.41 shoulder_lift.pos=-104.42 elbow_flex.pos=+85.31 wrist_flex.pos=+79.97 wrist_roll.pos=-2.06 gripper.pos=+0.83
DEBUG 2026-08-20 06:33:21 [action #467] t=17.02s step=466 queue=4 dmax=0.399 | shoulder_pan.pos=-4.46 shoulder_lift.pos=-104.58 elbow_flex.pos=+85.52 wrist_flex.pos=+80.13 wrist_roll.pos=-2.46 gripper.pos=+0.81
DEBUG 2026-08-20 06:33:21 [action #468] t=17.05s step=467 queue=3 dmax=0.674 | shoulder_pan.pos=-4.76 shoulder_lift.pos=-103.91 elbow_flex.pos=+85.37 wrist_flex.pos=+79.93 wrist_roll.pos=-2.91 gripper.pos=+0.89
DEBUG 2026-08-20 06:33:21 [action #469] t=17.08s step=468 queue=2 dmax=0.564 | shoulder_pan.pos=-5.15 shoulder_lift.pos=-104.47 elbow_flex.pos=+85.80 wrist_flex.pos=+80.04 wrist_roll.pos=-3.29 gripper.pos=+0.77
DEBUG 2026-08-20 06:33:21 [action #470] t=17.12s step=469 queue=1 dmax=0.662 | shoulder_pan.pos=-5.37 shoulder_lift.pos=-104.76 elbow_flex.pos=+86.18 wrist_flex.pos=+80.11 wrist_roll.pos=-3.96 gripper.pos=+0.93
DEBUG 2026-08-20 06:33:21 [chunk] received 50 actions, timesteps 441..490 | first: shoulder_pan.pos=+3.49 shoulder_lift.pos=-68.89 elbow_flex.pos=+53.09 wrist_flex.pos=+77.86 wrist_roll.pos=+5.15 gripper.pos=+1.00 | last: shoulder_pan.pos=-1.22 shoulder_lift.pos=-102.98 elbow_flex.pos=+86.73 wrist_flex.pos=+79.81 wrist_roll.pos=-1.35 gripper.pos=+0.64
DEBUG 2026-08-20 06:33:21 [action #471] t=17.15s step=470 queue=21 dmax=3.701 | shoulder_pan.pos=-3.47 shoulder_lift.pos=-103.15 elbow_flex.pos=+82.48 wrist_flex.pos=+78.80 wrist_roll.pos=-5.19 gripper.pos=+0.67
DEBUG 2026-08-20 06:33:21 [action #472] t=17.18s step=471 queue=20 dmax=0.239 | shoulder_pan.pos=-3.62 shoulder_lift.pos=-103.06 elbow_flex.pos=+82.61 wrist_flex.pos=+79.04 wrist_roll.pos=-5.26 gripper.pos=+0.75
DEBUG 2026-08-20 06:33:21 [action #473] t=17.22s step=472 queue=19 dmax=0.405 | shoulder_pan.pos=-3.92 shoulder_lift.pos=-102.65 elbow_flex.pos=+82.52 wrist_flex.pos=+78.93 wrist_roll.pos=-5.32 gripper.pos=+0.72
DEBUG 2026-08-20 06:33:21 [action #474] t=17.25s step=473 queue=18 dmax=1.080 | shoulder_pan.pos=-3.97 shoulder_lift.pos=-103.73 elbow_flex.pos=+83.06 wrist_flex.pos=+78.76 wrist_roll.pos=-5.04 gripper.pos=+0.66
DEBUG 2026-08-20 06:33:21 [action #475] t=17.28s step=474 queue=17 dmax=0.698 | shoulder_pan.pos=-4.28 shoulder_lift.pos=-103.03 elbow_flex.pos=+83.60 wrist_flex.pos=+78.96 wrist_roll.pos=-4.81 gripper.pos=+0.57
DEBUG 2026-08-20 06:33:21 [action #476] t=17.32s step=475 queue=16 dmax=0.774 | shoulder_pan.pos=-4.20 shoulder_lift.pos=-103.13 elbow_flex.pos=+84.38 wrist_flex.pos=+79.02 wrist_roll.pos=-4.35 gripper.pos=+0.58
DEBUG 2026-08-20 06:33:21 [action #477] t=17.35s step=476 queue=15 dmax=1.803 | shoulder_pan.pos=-3.95 shoulder_lift.pos=-101.33 elbow_flex.pos=+84.78 wrist_flex.pos=+79.17 wrist_roll.pos=-3.84 gripper.pos=+0.69
DEBUG 2026-08-20 06:33:21 [action #478] t=17.38s step=477 queue=14 dmax=0.901 | shoulder_pan.pos=-4.07 shoulder_lift.pos=-102.23 elbow_flex.pos=+85.03 wrist_flex.pos=+78.96 wrist_roll.pos=-3.53 gripper.pos=+0.71
DEBUG 2026-08-20 06:33:21 [action #479] t=17.42s step=478 queue=13 dmax=0.506 | shoulder_pan.pos=-3.74 shoulder_lift.pos=-102.32 elbow_flex.pos=+84.95 wrist_flex.pos=+79.33 wrist_roll.pos=-3.03 gripper.pos=+0.77
DEBUG 2026-08-20 06:33:21 [action #480] t=17.45s step=479 queue=12 dmax=0.268 | shoulder_pan.pos=-3.47 shoulder_lift.pos=-102.34 elbow_flex.pos=+85.17 wrist_flex.pos=+79.44 wrist_roll.pos=-2.82 gripper.pos=+0.73
DEBUG 2026-08-20 06:33:21 [action #481] t=17.48s step=480 queue=11 dmax=0.446 | shoulder_pan.pos=-3.07 shoulder_lift.pos=-102.78 elbow_flex.pos=+85.28 wrist_flex.pos=+79.43 wrist_roll.pos=-2.45 gripper.pos=+0.72
DEBUG 2026-08-20 06:33:21 [action #482] t=17.52s step=481 queue=10 dmax=0.775 | shoulder_pan.pos=-3.14 shoulder_lift.pos=-102.48 elbow_flex.pos=+86.05 wrist_flex.pos=+79.33 wrist_roll.pos=-2.31 gripper.pos=+0.77
DEBUG 2026-08-20 06:33:21 [action #483] t=17.55s step=482 queue=9 dmax=0.549 | shoulder_pan.pos=-2.70 shoulder_lift.pos=-102.36 elbow_flex.pos=+85.50 wrist_flex.pos=+79.51 wrist_roll.pos=-1.85 gripper.pos=+0.74
DEBUG 2026-08-20 06:33:21 [action #484] t=17.58s step=483 queue=8 dmax=0.337 | shoulder_pan.pos=-2.81 shoulder_lift.pos=-102.03 elbow_flex.pos=+85.72 wrist_flex.pos=+79.61 wrist_roll.pos=-1.68 gripper.pos=+0.80
DEBUG 2026-08-20 06:33:21 [action #485] t=17.62s step=484 queue=7 dmax=0.699 | shoulder_pan.pos=-2.53 shoulder_lift.pos=-102.72 elbow_flex.pos=+86.06 wrist_flex.pos=+79.70 wrist_roll.pos=-1.30 gripper.pos=+0.85
DEBUG 2026-08-20 06:33:21 [action #486] t=17.65s step=485 queue=6 dmax=0.393 | shoulder_pan.pos=-2.14 shoulder_lift.pos=-102.70 elbow_flex.pos=+86.31 wrist_flex.pos=+79.93 wrist_roll.pos=-1.16 gripper.pos=+0.80
DEBUG 2026-08-20 06:33:21 [action #487] t=17.69s step=486 queue=5 dmax=0.435 | shoulder_pan.pos=-1.91 shoulder_lift.pos=-102.84 elbow_flex.pos=+85.87 wrist_flex.pos=+79.68 wrist_roll.pos=-1.14 gripper.pos=+0.81
DEBUG 2026-08-20 06:33:21 [action #488] t=17.72s step=487 queue=4 dmax=0.561 | shoulder_pan.pos=-1.37 shoulder_lift.pos=-103.41 elbow_flex.pos=+86.05 wrist_flex.pos=+79.70 wrist_roll.pos=-1.14 gripper.pos=+0.55
DEBUG 2026-08-20 06:33:21 [action #489] t=17.75s step=488 queue=3 dmax=0.145 | shoulder_pan.pos=-1.51 shoulder_lift.pos=-103.26 elbow_flex.pos=+86.18 wrist_flex.pos=+79.64 wrist_roll.pos=-1.18 gripper.pos=+0.51
DEBUG 2026-08-20 06:33:21 [action #490] t=17.79s step=489 queue=2 dmax=1.084 | shoulder_pan.pos=-0.96 shoulder_lift.pos=-104.34 elbow_flex.pos=+85.95 wrist_flex.pos=+79.64 wrist_roll.pos=-1.27 gripper.pos=+0.60
DEBUG 2026-08-20 06:33:21 [action #491] t=17.82s step=490 queue=1 dmax=1.366 | shoulder_pan.pos=-1.22 shoulder_lift.pos=-102.98 elbow_flex.pos=+86.73 wrist_flex.pos=+79.81 wrist_roll.pos=-1.35 gripper.pos=+0.64
DEBUG 2026-08-20 06:33:22 [chunk] received 50 actions, timesteps 469..518 | first: shoulder_pan.pos=-4.38 shoulder_lift.pos=-101.96 elbow_flex.pos=+86.62 wrist_flex.pos=+79.55 wrist_roll.pos=-2.31 gripper.pos=+0.76 | last: shoulder_pan.pos=-3.02 shoulder_lift.pos=-101.32 elbow_flex.pos=+87.88 wrist_flex.pos=+78.90 wrist_roll.pos=-2.27 gripper.pos=+0.67
DEBUG 2026-08-20 06:33:22 [action #492] t=17.95s step=491 queue=28 dmax=1.274 | shoulder_pan.pos=-2.50 shoulder_lift.pos=-102.01 elbow_flex.pos=+87.93 wrist_flex.pos=+78.98 wrist_roll.pos=-2.42 gripper.pos=+0.71
DEBUG 2026-08-20 06:33:22 [action #493] t=17.99s step=492 queue=27 dmax=0.927 | shoulder_pan.pos=-2.22 shoulder_lift.pos=-102.94 elbow_flex.pos=+88.03 wrist_flex.pos=+79.01 wrist_roll.pos=-2.32 gripper.pos=+0.58
DEBUG 2026-08-20 06:33:22 [action #494] t=18.02s step=493 queue=26 dmax=0.400 | shoulder_pan.pos=-2.29 shoulder_lift.pos=-103.34 elbow_flex.pos=+88.11 wrist_flex.pos=+78.90 wrist_roll.pos=-2.30 gripper.pos=+0.71
DEBUG 2026-08-20 06:33:22 [action #495] t=18.05s step=494 queue=25 dmax=0.705 | shoulder_pan.pos=-2.19 shoulder_lift.pos=-102.63 elbow_flex.pos=+87.54 wrist_flex.pos=+79.01 wrist_roll.pos=-2.37 gripper.pos=+0.67
DEBUG 2026-08-20 06:33:22 [action #496] t=18.09s step=495 queue=24 dmax=0.350 | shoulder_pan.pos=-2.37 shoulder_lift.pos=-102.98 elbow_flex.pos=+87.85 wrist_flex.pos=+79.05 wrist_roll.pos=-2.30 gripper.pos=+0.73
DEBUG 2026-08-20 06:33:22 [action #497] t=18.12s step=496 queue=23 dmax=0.258 | shoulder_pan.pos=-2.11 shoulder_lift.pos=-102.90 elbow_flex.pos=+88.11 wrist_flex.pos=+79.02 wrist_roll.pos=-2.39 gripper.pos=+0.66
DEBUG 2026-08-20 06:33:22 [action #498] t=18.15s step=497 queue=22 dmax=0.428 | shoulder_pan.pos=-2.18 shoulder_lift.pos=-103.32 elbow_flex.pos=+88.08 wrist_flex.pos=+79.00 wrist_roll.pos=-2.34 gripper.pos=+0.81
DEBUG 2026-08-20 06:33:22 [action #499] t=18.19s step=498 queue=21 dmax=0.392 | shoulder_pan.pos=-2.09 shoulder_lift.pos=-102.93 elbow_flex.pos=+87.84 wrist_flex.pos=+78.96 wrist_roll.pos=-2.34 gripper.pos=+0.71
DEBUG 2026-08-20 06:33:22 [action #500] t=18.22s step=499 queue=20 dmax=0.402 | shoulder_pan.pos=-2.29 shoulder_lift.pos=-103.01 elbow_flex.pos=+87.43 wrist_flex.pos=+78.97 wrist_roll.pos=-2.37 gripper.pos=+0.64
DEBUG 2026-08-20 06:33:22 [action #501] t=18.25s step=500 queue=19 dmax=0.528 | shoulder_pan.pos=-2.61 shoulder_lift.pos=-103.00 elbow_flex.pos=+87.96 wrist_flex.pos=+78.98 wrist_roll.pos=-2.36 gripper.pos=+0.58
DEBUG 2026-08-20 06:33:22 [action #502] t=18.29s step=501 queue=18 dmax=0.944 | shoulder_pan.pos=-2.52 shoulder_lift.pos=-102.05 elbow_flex.pos=+87.96 wrist_flex.pos=+79.06 wrist_roll.pos=-2.30 gripper.pos=+0.59
DEBUG 2026-08-20 06:33:22 [action #503] t=18.32s step=502 queue=17 dmax=0.381 | shoulder_pan.pos=-2.40 shoulder_lift.pos=-102.00 elbow_flex.pos=+87.58 wrist_flex.pos=+78.99 wrist_roll.pos=-2.28 gripper.pos=+0.62
DEBUG 2026-08-20 06:33:22 [action #504] t=18.35s step=503 queue=16 dmax=0.939 | shoulder_pan.pos=-2.56 shoulder_lift.pos=-102.28 elbow_flex.pos=+88.52 wrist_flex.pos=+79.04 wrist_roll.pos=-2.25 gripper.pos=+0.52
DEBUG 2026-08-20 06:33:22 [action #505] t=18.39s step=504 queue=15 dmax=0.264 | shoulder_pan.pos=-2.36 shoulder_lift.pos=-102.54 elbow_flex.pos=+88.62 wrist_flex.pos=+79.00 wrist_roll.pos=-2.34 gripper.pos=+0.66
DEBUG 2026-08-20 06:33:22 [action #506] t=18.42s step=505 queue=14 dmax=0.647 | shoulder_pan.pos=-2.81 shoulder_lift.pos=-102.71 elbow_flex.pos=+87.98 wrist_flex.pos=+79.17 wrist_roll.pos=-2.30 gripper.pos=+0.69
DEBUG 2026-08-20 06:33:22 [action #507] t=18.45s step=506 queue=13 dmax=0.240 | shoulder_pan.pos=-2.79 shoulder_lift.pos=-102.47 elbow_flex.pos=+88.05 wrist_flex.pos=+79.03 wrist_roll.pos=-2.35 gripper.pos=+0.53
DEBUG 2026-08-20 06:33:22 [action #508] t=18.49s step=507 queue=12 dmax=1.327 | shoulder_pan.pos=-2.70 shoulder_lift.pos=-101.91 elbow_flex.pos=+89.38 wrist_flex.pos=+79.21 wrist_roll.pos=-2.26 gripper.pos=+0.71
DEBUG 2026-08-20 06:33:22 [action #509] t=18.52s step=508 queue=11 dmax=1.089 | shoulder_pan.pos=-2.72 shoulder_lift.pos=-101.54 elbow_flex.pos=+88.29 wrist_flex.pos=+78.97 wrist_roll.pos=-2.31 gripper.pos=+0.50
DEBUG 2026-08-20 06:33:22 [action #510] t=18.55s step=509 queue=10 dmax=0.258 | shoulder_pan.pos=-2.66 shoulder_lift.pos=-101.63 elbow_flex.pos=+88.03 wrist_flex.pos=+78.93 wrist_roll.pos=-2.22 gripper.pos=+0.47
DEBUG 2026-08-20 06:33:22 [action #511] t=18.59s step=510 queue=9 dmax=0.491 | shoulder_pan.pos=-2.61 shoulder_lift.pos=-101.83 elbow_flex.pos=+88.52 wrist_flex.pos=+78.95 wrist_roll.pos=-2.34 gripper.pos=+0.54
DEBUG 2026-08-20 06:33:22 [action #512] t=18.62s step=511 queue=8 dmax=0.512 | shoulder_pan.pos=-2.56 shoulder_lift.pos=-101.32 elbow_flex.pos=+88.57 wrist_flex.pos=+79.12 wrist_roll.pos=-2.23 gripper.pos=+0.44
DEBUG 2026-08-20 06:33:22 [action #513] t=18.66s step=512 queue=7 dmax=0.989 | shoulder_pan.pos=-2.68 shoulder_lift.pos=-102.31 elbow_flex.pos=+88.32 wrist_flex.pos=+79.02 wrist_roll.pos=-2.24 gripper.pos=+0.60
DEBUG 2026-08-20 06:33:22 [action #514] t=18.69s step=513 queue=6 dmax=0.261 | shoulder_pan.pos=-2.87 shoulder_lift.pos=-102.05 elbow_flex.pos=+88.58 wrist_flex.pos=+78.92 wrist_roll.pos=-2.26 gripper.pos=+0.48
DEBUG 2026-08-20 06:33:22 [action #515] t=18.72s step=514 queue=5 dmax=0.827 | shoulder_pan.pos=-2.74 shoulder_lift.pos=-101.23 elbow_flex.pos=+88.76 wrist_flex.pos=+78.80 wrist_roll.pos=-2.15 gripper.pos=+0.59
DEBUG 2026-08-20 06:33:22 [action #516] t=18.76s step=515 queue=4 dmax=0.776 | shoulder_pan.pos=-3.11 shoulder_lift.pos=-101.83 elbow_flex.pos=+87.98 wrist_flex.pos=+79.02 wrist_roll.pos=-2.28 gripper.pos=+0.50
DEBUG 2026-08-20 06:33:22 [action #517] t=18.79s step=516 queue=3 dmax=0.409 | shoulder_pan.pos=-2.93 shoulder_lift.pos=-101.42 elbow_flex.pos=+88.12 wrist_flex.pos=+79.00 wrist_roll.pos=-2.21 gripper.pos=+0.59
DEBUG 2026-08-20 06:33:22 [action #518] t=18.82s step=517 queue=2 dmax=0.445 | shoulder_pan.pos=-3.11 shoulder_lift.pos=-101.86 elbow_flex.pos=+88.35 wrist_flex.pos=+79.00 wrist_roll.pos=-2.30 gripper.pos=+0.54
DEBUG 2026-08-20 06:33:23 [action #519] t=18.86s step=518 queue=1 dmax=0.545 | shoulder_pan.pos=-3.02 shoulder_lift.pos=-101.32 elbow_flex.pos=+87.88 wrist_flex.pos=+78.90 wrist_roll.pos=-2.27 gripper.pos=+0.67
DEBUG 2026-08-20 06:33:23 [chunk] received 50 actions, timesteps 490..539 | first: shoulder_pan.pos=-1.78 shoulder_lift.pos=-101.92 elbow_flex.pos=+86.87 wrist_flex.pos=+78.96 wrist_roll.pos=-1.67 gripper.pos=+0.88 | last: shoulder_pan.pos=-3.20 shoulder_lift.pos=-102.93 elbow_flex.pos=+90.26 wrist_flex.pos=+78.43 wrist_roll.pos=-2.25 gripper.pos=+0.59
DEBUG 2026-08-20 06:33:23 [action #520] t=18.92s step=519 queue=21 dmax=2.103 | shoulder_pan.pos=-2.28 shoulder_lift.pos=-102.19 elbow_flex.pos=+89.98 wrist_flex.pos=+78.54 wrist_roll.pos=-2.30 gripper.pos=+0.62
DEBUG 2026-08-20 06:33:23 [action #521] t=18.96s step=520 queue=20 dmax=0.582 | shoulder_pan.pos=-2.33 shoulder_lift.pos=-102.77 elbow_flex.pos=+89.62 wrist_flex.pos=+78.61 wrist_roll.pos=-2.31 gripper.pos=+0.65
DEBUG 2026-08-20 06:33:23 [action #522] t=18.99s step=521 queue=19 dmax=0.808 | shoulder_pan.pos=-2.37 shoulder_lift.pos=-103.58 elbow_flex.pos=+90.34 wrist_flex.pos=+78.54 wrist_roll.pos=-2.29 gripper.pos=+0.69
DEBUG 2026-08-20 06:33:23 [action #523] t=19.02s step=522 queue=18 dmax=0.418 | shoulder_pan.pos=-2.39 shoulder_lift.pos=-103.16 elbow_flex.pos=+90.65 wrist_flex.pos=+78.63 wrist_roll.pos=-2.26 gripper.pos=+0.72
DEBUG 2026-08-20 06:33:23 [action #524] t=19.06s step=523 queue=17 dmax=0.923 | shoulder_pan.pos=-2.59 shoulder_lift.pos=-102.23 elbow_flex.pos=+90.02 wrist_flex.pos=+78.54 wrist_roll.pos=-2.27 gripper.pos=+0.56
DEBUG 2026-08-20 06:33:23 [action #525] t=19.09s step=524 queue=16 dmax=0.505 | shoulder_pan.pos=-2.39 shoulder_lift.pos=-102.74 elbow_flex.pos=+90.19 wrist_flex.pos=+78.35 wrist_roll.pos=-2.26 gripper.pos=+0.62
DEBUG 2026-08-20 06:33:23 [action #526] t=19.12s step=525 queue=15 dmax=0.265 | shoulder_pan.pos=-2.35 shoulder_lift.pos=-102.49 elbow_flex.pos=+90.20 wrist_flex.pos=+78.62 wrist_roll.pos=-2.16 gripper.pos=+0.72
DEBUG 2026-08-20 06:33:23 [action #527] t=19.16s step=526 queue=14 dmax=0.250 | shoulder_pan.pos=-2.46 shoulder_lift.pos=-102.74 elbow_flex.pos=+90.06 wrist_flex.pos=+78.52 wrist_roll.pos=-2.26 gripper.pos=+0.64
DEBUG 2026-08-20 06:33:23 [action #528] t=19.19s step=527 queue=13 dmax=0.517 | shoulder_pan.pos=-2.42 shoulder_lift.pos=-103.26 elbow_flex.pos=+90.07 wrist_flex.pos=+78.55 wrist_roll.pos=-2.22 gripper.pos=+0.68
DEBUG 2026-08-20 06:33:23 [action #529] t=19.22s step=528 queue=12 dmax=0.615 | shoulder_pan.pos=-2.59 shoulder_lift.pos=-102.64 elbow_flex.pos=+89.87 wrist_flex.pos=+78.53 wrist_roll.pos=-2.25 gripper.pos=+0.75
DEBUG 2026-08-20 06:33:23 [action #530] t=19.26s step=529 queue=11 dmax=0.485 | shoulder_pan.pos=-2.47 shoulder_lift.pos=-102.86 elbow_flex.pos=+90.35 wrist_flex.pos=+78.37 wrist_roll.pos=-2.30 gripper.pos=+0.65
DEBUG 2026-08-20 06:33:23 [action #531] t=19.29s step=530 queue=10 dmax=0.255 | shoulder_pan.pos=-2.42 shoulder_lift.pos=-102.77 elbow_flex.pos=+90.10 wrist_flex.pos=+78.43 wrist_roll.pos=-2.15 gripper.pos=+0.56
DEBUG 2026-08-20 06:33:23 [action #532] t=19.32s step=531 queue=9 dmax=0.378 | shoulder_pan.pos=-2.52 shoulder_lift.pos=-102.85 elbow_flex.pos=+90.48 wrist_flex.pos=+78.36 wrist_roll.pos=-2.23 gripper.pos=+0.72
DEBUG 2026-08-20 06:33:23 [action #533] t=19.36s step=532 queue=8 dmax=0.762 | shoulder_pan.pos=-2.61 shoulder_lift.pos=-102.79 elbow_flex.pos=+89.71 wrist_flex.pos=+78.30 wrist_roll.pos=-2.25 gripper.pos=+0.66
DEBUG 2026-08-20 06:33:23 [action #534] t=19.39s step=533 queue=7 dmax=0.529 | shoulder_pan.pos=-2.66 shoulder_lift.pos=-103.07 elbow_flex.pos=+90.24 wrist_flex.pos=+78.59 wrist_roll.pos=-2.24 gripper.pos=+0.63
DEBUG 2026-08-20 06:33:23 [action #535] t=19.42s step=534 queue=6 dmax=0.465 | shoulder_pan.pos=-2.71 shoulder_lift.pos=-102.61 elbow_flex.pos=+90.43 wrist_flex.pos=+78.47 wrist_roll.pos=-2.18 gripper.pos=+0.69
DEBUG 2026-08-20 06:33:23 [action #536] t=19.46s step=535 queue=5 dmax=0.599 | shoulder_pan.pos=-2.64 shoulder_lift.pos=-102.89 elbow_flex.pos=+89.83 wrist_flex.pos=+78.44 wrist_roll.pos=-2.15 gripper.pos=+0.64
DEBUG 2026-08-20 06:33:23 [action #537] t=19.49s step=536 queue=4 dmax=0.510 | shoulder_pan.pos=-2.68 shoulder_lift.pos=-102.92 elbow_flex.pos=+90.34 wrist_flex.pos=+78.42 wrist_roll.pos=-2.16 gripper.pos=+0.71
DEBUG 2026-08-20 06:33:23 [action #538] t=19.52s step=537 queue=3 dmax=0.686 | shoulder_pan.pos=-2.91 shoulder_lift.pos=-102.83 elbow_flex.pos=+89.65 wrist_flex.pos=+78.36 wrist_roll.pos=-2.22 gripper.pos=+0.62
DEBUG 2026-08-20 06:33:23 [action #539] t=19.56s step=538 queue=2 dmax=0.487 | shoulder_pan.pos=-3.00 shoulder_lift.pos=-103.32 elbow_flex.pos=+90.06 wrist_flex.pos=+78.53 wrist_roll.pos=-2.25 gripper.pos=+0.69
DEBUG 2026-08-20 06:33:23 [action #540] t=19.59s step=539 queue=1 dmax=0.383 | shoulder_pan.pos=-3.20 shoulder_lift.pos=-102.93 elbow_flex.pos=+90.26 wrist_flex.pos=+78.43 wrist_roll.pos=-2.25 gripper.pos=+0.59
DEBUG 2026-08-20 06:33:23 [chunk] received 50 actions, timesteps 518..567 | first: shoulder_pan.pos=-2.47 shoulder_lift.pos=-102.41 elbow_flex.pos=+87.73 wrist_flex.pos=+78.69 wrist_roll.pos=-2.02 gripper.pos=+0.73 | last: shoulder_pan.pos=-2.77 shoulder_lift.pos=-101.93 elbow_flex.pos=+89.46 wrist_flex.pos=+78.58 wrist_roll.pos=-2.16 gripper.pos=+0.50
DEBUG 2026-08-20 06:33:23 [action #541] t=19.76s step=540 queue=28 dmax=0.493 | shoulder_pan.pos=-2.71 shoulder_lift.pos=-102.93 elbow_flex.pos=+90.20 wrist_flex.pos=+78.64 wrist_roll.pos=-2.06 gripper.pos=+0.74
DEBUG 2026-08-20 06:33:23 [action #542] t=19.79s step=541 queue=27 dmax=0.150 | shoulder_pan.pos=-2.57 shoulder_lift.pos=-102.80 elbow_flex.pos=+90.12 wrist_flex.pos=+78.49 wrist_roll.pos=-2.09 gripper.pos=+0.78
DEBUG 2026-08-20 06:33:23 [action #543] t=19.83s step=542 queue=26 dmax=0.346 | shoulder_pan.pos=-2.80 shoulder_lift.pos=-102.75 elbow_flex.pos=+90.47 wrist_flex.pos=+78.43 wrist_roll.pos=-2.15 gripper.pos=+0.66
DEBUG 2026-08-20 06:33:24 [action #544] t=19.86s step=543 queue=25 dmax=0.490 | shoulder_pan.pos=-2.72 shoulder_lift.pos=-102.26 elbow_flex.pos=+90.22 wrist_flex.pos=+78.64 wrist_roll.pos=-2.13 gripper.pos=+0.71
DEBUG 2026-08-20 06:33:24 [chunk] received 50 actions, timesteps 539..588 | first: shoulder_pan.pos=-2.55 shoulder_lift.pos=-101.72 elbow_flex.pos=+87.90 wrist_flex.pos=+78.12 wrist_roll.pos=-1.82 gripper.pos=+0.74 | last: shoulder_pan.pos=-2.87 shoulder_lift.pos=-101.97 elbow_flex.pos=+89.30 wrist_flex.pos=+78.72 wrist_roll.pos=-1.92 gripper.pos=+0.59
INFO 2026-08-20 06:33:24 Final action sent: shoulder_pan.pos=-2.72 shoulder_lift.pos=-102.26 elbow_flex.pos=+90.22 wrist_flex.pos=+78.64 wrist_roll.pos=-2.13 gripper.pos=+0.71
DEBUG 2026-08-20 06:33:24 === episode end | 20.4s | converged=True | actions=544 ===
DEBUG 2026-08-20 06:33:31 === episode start | task: 'put the roll on the tray' | duration: 30.0s ===
DEBUG 2026-08-20 06:33:32 [chunk] received 50 actions, timesteps 0..49 | first: shoulder_pan.pos=-3.89 shoulder_lift.pos=-102.02 elbow_flex.pos=+89.10 wrist_flex.pos=+77.71 wrist_roll.pos=-0.91 gripper.pos=+0.79 | last: shoulder_pan.pos=-3.50 shoulder_lift.pos=-101.92 elbow_flex.pos=+88.77 wrist_flex.pos=+78.56 wrist_roll.pos=-1.08 gripper.pos=+0.90
DEBUG 2026-08-20 06:33:32 [action #1] t=0.87s step=0 queue=50 dmax=n/a | shoulder_pan.pos=-3.89 shoulder_lift.pos=-102.02 elbow_flex.pos=+89.10 wrist_flex.pos=+77.71 wrist_roll.pos=-0.91 gripper.pos=+0.79
DEBUG 2026-08-20 06:33:32 [action #2] t=0.90s step=1 queue=49 dmax=0.150 | shoulder_pan.pos=-3.83 shoulder_lift.pos=-102.17 elbow_flex.pos=+89.05 wrist_flex.pos=+77.83 wrist_roll.pos=-0.85 gripper.pos=+0.89
DEBUG 2026-08-20 06:33:32 [action #3] t=0.94s step=2 queue=48 dmax=0.262 | shoulder_pan.pos=-3.80 shoulder_lift.pos=-102.29 elbow_flex.pos=+89.32 wrist_flex.pos=+78.06 wrist_roll.pos=-0.92 gripper.pos=+0.96
DEBUG 2026-08-20 06:33:32 [action #4] t=0.97s step=3 queue=47 dmax=0.729 | shoulder_pan.pos=-3.78 shoulder_lift.pos=-101.56 elbow_flex.pos=+89.15 wrist_flex.pos=+78.23 wrist_roll.pos=-0.94 gripper.pos=+0.88
DEBUG 2026-08-20 06:33:32 [action #5] t=1.00s step=4 queue=46 dmax=0.320 | shoulder_pan.pos=-3.78 shoulder_lift.pos=-101.88 elbow_flex.pos=+89.21 wrist_flex.pos=+78.03 wrist_roll.pos=-0.89 gripper.pos=+0.87
DEBUG 2026-08-20 06:33:32 [action #6] t=1.04s step=5 queue=45 dmax=0.205 | shoulder_pan.pos=-3.80 shoulder_lift.pos=-102.04 elbow_flex.pos=+89.25 wrist_flex.pos=+78.18 wrist_roll.pos=-1.09 gripper.pos=+0.84
DEBUG 2026-08-20 06:33:32 [action #7] t=1.07s step=6 queue=44 dmax=0.206 | shoulder_pan.pos=-3.77 shoulder_lift.pos=-101.94 elbow_flex.pos=+89.39 wrist_flex.pos=+78.35 wrist_roll.pos=-0.89 gripper.pos=+0.92
DEBUG 2026-08-20 06:33:32 [action #8] t=1.10s step=7 queue=43 dmax=0.293 | shoulder_pan.pos=-3.51 shoulder_lift.pos=-102.12 elbow_flex.pos=+89.62 wrist_flex.pos=+78.06 wrist_roll.pos=-0.98 gripper.pos=+0.96
DEBUG 2026-08-20 06:33:32 [action #9] t=1.14s step=8 queue=42 dmax=0.588 | shoulder_pan.pos=-3.82 shoulder_lift.pos=-101.53 elbow_flex.pos=+89.97 wrist_flex.pos=+78.18 wrist_roll.pos=-0.89 gripper.pos=+0.95
DEBUG 2026-08-20 06:33:32 [action #10] t=1.17s step=9 queue=41 dmax=0.989 | shoulder_pan.pos=-3.61 shoulder_lift.pos=-101.93 elbow_flex.pos=+88.98 wrist_flex.pos=+78.54 wrist_roll.pos=-0.97 gripper.pos=+0.93
DEBUG 2026-08-20 06:33:32 [action #11] t=1.20s step=10 queue=40 dmax=0.339 | shoulder_pan.pos=-3.55 shoulder_lift.pos=-102.08 elbow_flex.pos=+89.32 wrist_flex.pos=+78.42 wrist_roll.pos=-0.93 gripper.pos=+0.90
DEBUG 2026-08-20 06:33:32 [action #12] t=1.24s step=11 queue=39 dmax=0.087 | shoulder_pan.pos=-3.46 shoulder_lift.pos=-102.14 elbow_flex.pos=+89.40 wrist_flex.pos=+78.36 wrist_roll.pos=-0.96 gripper.pos=+0.92
DEBUG 2026-08-20 06:33:32 [action #13] t=1.27s step=12 queue=38 dmax=0.409 | shoulder_pan.pos=-3.35 shoulder_lift.pos=-102.05 elbow_flex.pos=+88.99 wrist_flex.pos=+78.46 wrist_roll.pos=-0.90 gripper.pos=+0.87
DEBUG 2026-08-20 06:33:32 [action #14] t=1.30s step=13 queue=37 dmax=0.572 | shoulder_pan.pos=-3.36 shoulder_lift.pos=-102.17 elbow_flex.pos=+89.57 wrist_flex.pos=+78.52 wrist_roll.pos=-0.89 gripper.pos=+0.97
DEBUG 2026-08-20 06:33:32 [action #15] t=1.34s step=14 queue=36 dmax=0.681 | shoulder_pan.pos=-3.44 shoulder_lift.pos=-101.86 elbow_flex.pos=+88.88 wrist_flex.pos=+78.58 wrist_roll.pos=-0.95 gripper.pos=+0.87
DEBUG 2026-08-20 06:33:32 [action #16] t=1.37s step=15 queue=35 dmax=0.978 | shoulder_pan.pos=-3.45 shoulder_lift.pos=-102.84 elbow_flex.pos=+88.95 wrist_flex.pos=+78.58 wrist_roll.pos=-0.98 gripper.pos=+0.86
DEBUG 2026-08-20 06:33:32 [action #17] t=1.40s step=16 queue=34 dmax=0.616 | shoulder_pan.pos=-3.34 shoulder_lift.pos=-102.22 elbow_flex.pos=+89.22 wrist_flex.pos=+78.59 wrist_roll.pos=-0.93 gripper.pos=+0.91
DEBUG 2026-08-20 06:33:32 [action #18] t=1.44s step=17 queue=33 dmax=0.379 | shoulder_pan.pos=-3.34 shoulder_lift.pos=-102.60 elbow_flex.pos=+89.49 wrist_flex.pos=+78.62 wrist_roll.pos=-0.84 gripper.pos=+0.91
DEBUG 2026-08-20 06:33:32 [action #19] t=1.47s step=18 queue=32 dmax=0.702 | shoulder_pan.pos=-3.39 shoulder_lift.pos=-102.22 elbow_flex.pos=+88.79 wrist_flex.pos=+78.66 wrist_roll.pos=-0.87 gripper.pos=+0.71
DEBUG 2026-08-20 06:33:32 [action #20] t=1.51s step=19 queue=31 dmax=0.591 | shoulder_pan.pos=-3.28 shoulder_lift.pos=-102.11 elbow_flex.pos=+89.38 wrist_flex.pos=+78.71 wrist_roll.pos=-0.84 gripper.pos=+0.85
DEBUG 2026-08-20 06:33:32 [action #21] t=1.54s step=20 queue=30 dmax=0.451 | shoulder_pan.pos=-3.29 shoulder_lift.pos=-102.45 elbow_flex.pos=+88.93 wrist_flex.pos=+78.67 wrist_roll.pos=-0.89 gripper.pos=+0.82
DEBUG 2026-08-20 06:33:32 [action #22] t=1.57s step=21 queue=29 dmax=0.276 | shoulder_pan.pos=-3.46 shoulder_lift.pos=-102.52 elbow_flex.pos=+88.65 wrist_flex.pos=+78.81 wrist_roll.pos=-0.98 gripper.pos=+0.89
DEBUG 2026-08-20 06:33:32 [action #23] t=1.61s step=22 queue=28 dmax=0.188 | shoulder_pan.pos=-3.27 shoulder_lift.pos=-102.63 elbow_flex.pos=+88.64 wrist_flex.pos=+78.70 wrist_roll.pos=-0.95 gripper.pos=+0.83
DEBUG 2026-08-20 06:33:32 [action #24] t=1.64s step=23 queue=27 dmax=0.811 | shoulder_pan.pos=-3.53 shoulder_lift.pos=-102.34 elbow_flex.pos=+89.45 wrist_flex.pos=+78.87 wrist_roll.pos=-0.91 gripper.pos=+0.88
DEBUG 2026-08-20 06:33:32 [action #25] t=1.67s step=24 queue=26 dmax=0.466 | shoulder_pan.pos=-3.39 shoulder_lift.pos=-102.36 elbow_flex.pos=+88.99 wrist_flex.pos=+78.64 wrist_roll.pos=-1.04 gripper.pos=+0.84
DEBUG 2026-08-20 06:33:32 [action #26] t=1.71s step=25 queue=25 dmax=0.313 | shoulder_pan.pos=-3.42 shoulder_lift.pos=-102.66 elbow_flex.pos=+89.30 wrist_flex.pos=+78.64 wrist_roll.pos=-1.01 gripper.pos=+0.67
DEBUG 2026-08-20 06:33:33 [action #27] t=1.74s step=26 queue=24 dmax=0.298 | shoulder_pan.pos=-3.44 shoulder_lift.pos=-102.36 elbow_flex.pos=+89.22 wrist_flex.pos=+78.48 wrist_roll.pos=-0.93 gripper.pos=+0.90
DEBUG 2026-08-20 06:33:33 [action #28] t=1.77s step=27 queue=23 dmax=0.500 | shoulder_pan.pos=-3.45 shoulder_lift.pos=-101.86 elbow_flex.pos=+89.19 wrist_flex.pos=+78.52 wrist_roll.pos=-0.96 gripper.pos=+0.85
DEBUG 2026-08-20 06:33:33 [action #29] t=1.81s step=28 queue=22 dmax=0.876 | shoulder_pan.pos=-3.47 shoulder_lift.pos=-102.74 elbow_flex.pos=+89.32 wrist_flex.pos=+78.61 wrist_roll.pos=-0.97 gripper.pos=+0.83
DEBUG 2026-08-20 06:33:33 [action #30] t=1.84s step=29 queue=21 dmax=1.055 | shoulder_pan.pos=-3.58 shoulder_lift.pos=-101.69 elbow_flex.pos=+89.02 wrist_flex.pos=+78.55 wrist_roll.pos=-0.98 gripper.pos=+0.84
DEBUG 2026-08-20 06:33:33 [action #31] t=1.87s step=30 queue=20 dmax=0.734 | shoulder_pan.pos=-3.55 shoulder_lift.pos=-102.42 elbow_flex.pos=+89.17 wrist_flex.pos=+78.59 wrist_roll.pos=-0.91 gripper.pos=+0.72
DEBUG 2026-08-20 06:33:33 [action #32] t=1.91s step=31 queue=19 dmax=0.736 | shoulder_pan.pos=-3.38 shoulder_lift.pos=-101.68 elbow_flex.pos=+89.30 wrist_flex.pos=+78.46 wrist_roll.pos=-1.05 gripper.pos=+0.80
DEBUG 2026-08-20 06:33:33 [action #33] t=1.94s step=32 queue=18 dmax=0.166 | shoulder_pan.pos=-3.50 shoulder_lift.pos=-101.52 elbow_flex.pos=+89.20 wrist_flex.pos=+78.41 wrist_roll.pos=-1.06 gripper.pos=+0.89
DEBUG 2026-08-20 06:33:33 [action #34] t=1.97s step=33 queue=17 dmax=0.172 | shoulder_pan.pos=-3.52 shoulder_lift.pos=-101.69 elbow_flex.pos=+89.31 wrist_flex.pos=+78.48 wrist_roll.pos=-1.00 gripper.pos=+0.80
DEBUG 2026-08-20 06:33:33 [action #35] t=2.01s step=34 queue=16 dmax=0.419 | shoulder_pan.pos=-3.67 shoulder_lift.pos=-101.27 elbow_flex.pos=+89.04 wrist_flex.pos=+78.41 wrist_roll.pos=-1.02 gripper.pos=+0.88
DEBUG 2026-08-20 06:33:33 [action #36] t=2.04s step=35 queue=15 dmax=0.954 | shoulder_pan.pos=-3.50 shoulder_lift.pos=-102.22 elbow_flex.pos=+89.17 wrist_flex.pos=+78.54 wrist_roll.pos=-1.04 gripper.pos=+0.84
DEBUG 2026-08-20 06:33:33 [action #37] t=2.07s step=36 queue=14 dmax=0.544 | shoulder_pan.pos=-3.35 shoulder_lift.pos=-101.68 elbow_flex.pos=+88.91 wrist_flex.pos=+78.52 wrist_roll.pos=-1.02 gripper.pos=+0.82
DEBUG 2026-08-20 06:33:33 [action #38] t=2.11s step=37 queue=13 dmax=0.276 | shoulder_pan.pos=-3.50 shoulder_lift.pos=-101.96 elbow_flex.pos=+88.95 wrist_flex.pos=+78.38 wrist_roll.pos=-1.04 gripper.pos=+0.77
DEBUG 2026-08-20 06:33:33 [action #39] t=2.14s step=38 queue=12 dmax=0.464 | shoulder_pan.pos=-3.51 shoulder_lift.pos=-101.49 elbow_flex.pos=+89.09 wrist_flex.pos=+78.47 wrist_roll.pos=-1.04 gripper.pos=+0.95
DEBUG 2026-08-20 06:33:33 [action #40] t=2.17s step=39 queue=11 dmax=0.542 | shoulder_pan.pos=-3.59 shoulder_lift.pos=-102.03 elbow_flex.pos=+88.94 wrist_flex.pos=+78.44 wrist_roll.pos=-0.94 gripper.pos=+0.81
DEBUG 2026-08-20 06:33:33 [action #41] t=2.21s step=40 queue=10 dmax=0.165 | shoulder_pan.pos=-3.52 shoulder_lift.pos=-101.87 elbow_flex.pos=+89.03 wrist_flex.pos=+78.47 wrist_roll.pos=-1.10 gripper.pos=+0.81
DEBUG 2026-08-20 06:33:33 [action #42] t=2.24s step=41 queue=9 dmax=0.483 | shoulder_pan.pos=-3.39 shoulder_lift.pos=-101.81 elbow_flex.pos=+88.55 wrist_flex.pos=+78.62 wrist_roll.pos=-0.95 gripper.pos=+0.82
DEBUG 2026-08-20 06:33:33 [action #43] t=2.27s step=42 queue=8 dmax=0.851 | shoulder_pan.pos=-3.41 shoulder_lift.pos=-102.33 elbow_flex.pos=+89.40 wrist_flex.pos=+78.33 wrist_roll.pos=-0.94 gripper.pos=+0.92
DEBUG 2026-08-20 06:33:33 [action #44] t=2.31s step=43 queue=7 dmax=0.163 | shoulder_pan.pos=-3.35 shoulder_lift.pos=-102.20 elbow_flex.pos=+89.25 wrist_flex.pos=+78.45 wrist_roll.pos=-1.10 gripper.pos=+0.95
DEBUG 2026-08-20 06:33:33 [action #45] t=2.34s step=44 queue=6 dmax=0.507 | shoulder_pan.pos=-3.52 shoulder_lift.pos=-101.69 elbow_flex.pos=+88.85 wrist_flex.pos=+78.54 wrist_roll.pos=-1.06 gripper.pos=+0.93
DEBUG 2026-08-20 06:33:33 [chunk] received 50 actions, timesteps 18..67 | first: shoulder_pan.pos=-3.67 shoulder_lift.pos=-102.60 elbow_flex.pos=+90.34 wrist_flex.pos=+77.55 wrist_roll.pos=-0.89 gripper.pos=+0.79 | last: shoulder_pan.pos=-3.16 shoulder_lift.pos=-102.39 elbow_flex.pos=+88.69 wrist_flex.pos=+78.18 wrist_roll.pos=-0.83 gripper.pos=+0.70
DEBUG 2026-08-20 06:33:33 [action #46] t=2.37s step=45 queue=23 dmax=1.052 | shoulder_pan.pos=-3.21 shoulder_lift.pos=-102.50 elbow_flex.pos=+89.90 wrist_flex.pos=+78.25 wrist_roll.pos=-0.98 gripper.pos=+0.82
DEBUG 2026-08-20 06:33:33 [action #47] t=2.41s step=46 queue=22 dmax=0.551 | shoulder_pan.pos=-3.20 shoulder_lift.pos=-101.95 elbow_flex.pos=+89.63 wrist_flex.pos=+78.25 wrist_roll.pos=-0.92 gripper.pos=+0.72
DEBUG 2026-08-20 06:33:33 [action #48] t=2.44s step=47 queue=21 dmax=0.175 | shoulder_pan.pos=-3.18 shoulder_lift.pos=-102.13 elbow_flex.pos=+89.62 wrist_flex.pos=+78.16 wrist_roll.pos=-0.95 gripper.pos=+0.66
DEBUG 2026-08-20 06:33:33 [action #49] t=2.48s step=48 queue=20 dmax=0.104 | shoulder_pan.pos=-3.28 shoulder_lift.pos=-102.16 elbow_flex.pos=+89.68 wrist_flex.pos=+78.25 wrist_roll.pos=-0.96 gripper.pos=+0.70
DEBUG 2026-08-20 06:33:33 [action #50] t=2.51s step=49 queue=19 dmax=0.334 | shoulder_pan.pos=-3.34 shoulder_lift.pos=-102.49 elbow_flex.pos=+89.64 wrist_flex.pos=+78.23 wrist_roll.pos=-0.94 gripper.pos=+0.72
DEBUG 2026-08-20 06:33:33 [action #51] t=2.54s step=50 queue=18 dmax=0.298 | shoulder_pan.pos=-3.40 shoulder_lift.pos=-102.19 elbow_flex.pos=+89.83 wrist_flex.pos=+78.10 wrist_roll.pos=-0.95 gripper.pos=+0.66
DEBUG 2026-08-20 06:33:33 [action #52] t=2.58s step=51 queue=17 dmax=0.264 | shoulder_pan.pos=-3.14 shoulder_lift.pos=-102.18 elbow_flex.pos=+89.63 wrist_flex.pos=+78.06 wrist_roll.pos=-0.91 gripper.pos=+0.67
DEBUG 2026-08-20 06:33:33 [action #53] t=2.61s step=52 queue=16 dmax=0.309 | shoulder_pan.pos=-3.12 shoulder_lift.pos=-102.49 elbow_flex.pos=+89.51 wrist_flex.pos=+78.18 wrist_roll.pos=-0.83 gripper.pos=+0.73
DEBUG 2026-08-20 06:33:33 [action #54] t=2.64s step=53 queue=15 dmax=0.457 | shoulder_pan.pos=-3.16 shoulder_lift.pos=-102.30 elbow_flex.pos=+89.97 wrist_flex.pos=+78.21 wrist_roll.pos=-0.87 gripper.pos=+0.72
DEBUG 2026-08-20 06:33:33 [action #55] t=2.68s step=54 queue=14 dmax=0.230 | shoulder_pan.pos=-3.06 shoulder_lift.pos=-102.17 elbow_flex.pos=+89.74 wrist_flex.pos=+78.07 wrist_roll.pos=-0.87 gripper.pos=+0.71
DEBUG 2026-08-20 06:33:33 [action #56] t=2.71s step=55 queue=13 dmax=0.144 | shoulder_pan.pos=-3.20 shoulder_lift.pos=-102.24 elbow_flex.pos=+89.85 wrist_flex.pos=+78.19 wrist_roll.pos=-0.93 gripper.pos=+0.80
DEBUG 2026-08-20 06:33:34 [action #57] t=2.74s step=56 queue=12 dmax=0.215 | shoulder_pan.pos=-3.12 shoulder_lift.pos=-102.40 elbow_flex.pos=+89.82 wrist_flex.pos=+77.98 wrist_roll.pos=-0.87 gripper.pos=+0.72
DEBUG 2026-08-20 06:33:34 [action #58] t=2.78s step=57 queue=11 dmax=0.274 | shoulder_pan.pos=-3.29 shoulder_lift.pos=-102.68 elbow_flex.pos=+89.89 wrist_flex.pos=+78.00 wrist_roll.pos=-0.88 gripper.pos=+0.66
DEBUG 2026-08-20 06:33:34 [action #59] t=2.81s step=58 queue=10 dmax=0.203 | shoulder_pan.pos=-3.19 shoulder_lift.pos=-102.74 elbow_flex.pos=+90.08 wrist_flex.pos=+78.20 wrist_roll.pos=-0.98 gripper.pos=+0.74
DEBUG 2026-08-20 06:33:34 [action #60] t=2.84s step=59 queue=9 dmax=0.674 | shoulder_pan.pos=-3.14 shoulder_lift.pos=-102.28 elbow_flex.pos=+89.40 wrist_flex.pos=+78.22 wrist_roll.pos=-0.85 gripper.pos=+0.78
DEBUG 2026-08-20 06:33:34 [action #61] t=2.88s step=60 queue=8 dmax=0.529 | shoulder_pan.pos=-3.29 shoulder_lift.pos=-102.18 elbow_flex.pos=+89.93 wrist_flex.pos=+78.11 wrist_roll.pos=-0.91 gripper.pos=+0.66
DEBUG 2026-08-20 06:33:34 [action #62] t=2.91s step=61 queue=7 dmax=0.536 | shoulder_pan.pos=-3.24 shoulder_lift.pos=-102.72 elbow_flex.pos=+89.71 wrist_flex.pos=+78.22 wrist_roll.pos=-0.91 gripper.pos=+0.68
DEBUG 2026-08-20 06:33:34 [action #63] t=2.94s step=62 queue=6 dmax=0.293 | shoulder_pan.pos=-3.32 shoulder_lift.pos=-102.42 elbow_flex.pos=+89.56 wrist_flex.pos=+78.18 wrist_roll.pos=-0.88 gripper.pos=+0.72
DEBUG 2026-08-20 06:33:34 [action #64] t=2.98s step=63 queue=5 dmax=0.586 | shoulder_pan.pos=-3.40 shoulder_lift.pos=-101.84 elbow_flex.pos=+89.05 wrist_flex.pos=+78.03 wrist_roll.pos=-0.95 gripper.pos=+0.78
DEBUG 2026-08-20 06:33:34 [action #65] t=3.01s step=64 queue=4 dmax=0.663 | shoulder_pan.pos=-3.23 shoulder_lift.pos=-102.50 elbow_flex.pos=+89.50 wrist_flex.pos=+78.19 wrist_roll.pos=-0.83 gripper.pos=+0.75
DEBUG 2026-08-20 06:33:34 [action #66] t=3.04s step=65 queue=3 dmax=0.255 | shoulder_pan.pos=-3.24 shoulder_lift.pos=-102.75 elbow_flex.pos=+89.42 wrist_flex.pos=+78.09 wrist_roll.pos=-0.87 gripper.pos=+0.63
DEBUG 2026-08-20 06:33:34 [action #67] t=3.08s step=66 queue=2 dmax=0.582 | shoulder_pan.pos=-3.12 shoulder_lift.pos=-102.17 elbow_flex.pos=+89.18 wrist_flex.pos=+78.02 wrist_roll.pos=-0.90 gripper.pos=+0.66
DEBUG 2026-08-20 06:33:34 [action #68] t=3.11s step=67 queue=1 dmax=0.486 | shoulder_pan.pos=-3.16 shoulder_lift.pos=-102.39 elbow_flex.pos=+88.69 wrist_flex.pos=+78.18 wrist_roll.pos=-0.83 gripper.pos=+0.70
DEBUG 2026-08-20 06:33:35 [chunk] received 50 actions, timesteps 67..116 | first: shoulder_pan.pos=-3.89 shoulder_lift.pos=-102.90 elbow_flex.pos=+89.82 wrist_flex.pos=+78.22 wrist_roll.pos=-1.13 gripper.pos=+0.91 | last: shoulder_pan.pos=-3.86 shoulder_lift.pos=-101.88 elbow_flex.pos=+89.11 wrist_flex.pos=+77.85 wrist_roll.pos=-0.96 gripper.pos=+0.94
DEBUG 2026-08-20 06:33:35 [action #69] t=3.98s step=68 queue=49 dmax=0.815 | shoulder_pan.pos=-3.76 shoulder_lift.pos=-102.69 elbow_flex.pos=+89.51 wrist_flex.pos=+78.23 wrist_roll.pos=-1.02 gripper.pos=+0.88
DEBUG 2026-08-20 06:33:35 [action #70] t=4.01s step=69 queue=48 dmax=0.325 | shoulder_pan.pos=-3.95 shoulder_lift.pos=-102.36 elbow_flex.pos=+89.46 wrist_flex.pos=+78.30 wrist_roll.pos=-1.04 gripper.pos=+0.99
DEBUG 2026-08-20 06:33:35 [action #71] t=4.05s step=70 queue=47 dmax=0.167 | shoulder_pan.pos=-3.96 shoulder_lift.pos=-102.20 elbow_flex.pos=+89.39 wrist_flex.pos=+78.29 wrist_roll.pos=-1.03 gripper.pos=+0.92
DEBUG 2026-08-20 06:33:35 [action #72] t=4.08s step=71 queue=46 dmax=0.190 | shoulder_pan.pos=-3.85 shoulder_lift.pos=-102.39 elbow_flex.pos=+89.36 wrist_flex.pos=+78.19 wrist_roll.pos=-0.96 gripper.pos=+0.90
DEBUG 2026-08-20 06:33:35 [action #73] t=4.11s step=72 queue=45 dmax=0.429 | shoulder_pan.pos=-3.95 shoulder_lift.pos=-101.96 elbow_flex.pos=+89.40 wrist_flex.pos=+78.08 wrist_roll.pos=-1.01 gripper.pos=+0.89
DEBUG 2026-08-20 06:33:35 [action #74] t=4.15s step=73 queue=44 dmax=0.237 | shoulder_pan.pos=-4.09 shoulder_lift.pos=-102.13 elbow_flex.pos=+89.63 wrist_flex.pos=+78.17 wrist_roll.pos=-0.97 gripper.pos=+0.85
DEBUG 2026-08-20 06:33:35 [action #75] t=4.18s step=74 queue=43 dmax=0.515 | shoulder_pan.pos=-4.10 shoulder_lift.pos=-102.64 elbow_flex.pos=+89.65 wrist_flex.pos=+78.07 wrist_roll.pos=-1.04 gripper.pos=+0.95
DEBUG 2026-08-20 06:33:35 [action #76] t=4.21s step=75 queue=42 dmax=0.306 | shoulder_pan.pos=-4.15 shoulder_lift.pos=-102.34 elbow_flex.pos=+89.60 wrist_flex.pos=+78.05 wrist_roll.pos=-1.03 gripper.pos=+0.85
DEBUG 2026-08-20 06:33:35 [action #77] t=4.25s step=76 queue=41 dmax=0.506 | shoulder_pan.pos=-4.66 shoulder_lift.pos=-102.50 elbow_flex.pos=+89.50 wrist_flex.pos=+78.19 wrist_roll.pos=-1.02 gripper.pos=+0.96
DEBUG 2026-08-20 06:33:35 [action #78] t=4.28s step=77 queue=40 dmax=0.204 | shoulder_pan.pos=-4.47 shoulder_lift.pos=-102.62 elbow_flex.pos=+89.29 wrist_flex.pos=+78.04 wrist_roll.pos=-0.99 gripper.pos=+0.97
DEBUG 2026-08-20 06:33:35 [action #79] t=4.31s step=78 queue=39 dmax=0.686 | shoulder_pan.pos=-4.71 shoulder_lift.pos=-101.93 elbow_flex.pos=+89.50 wrist_flex.pos=+77.94 wrist_roll.pos=-1.02 gripper.pos=+1.01
DEBUG 2026-08-20 06:33:35 [action #80] t=4.35s step=79 queue=38 dmax=0.475 | shoulder_pan.pos=-4.73 shoulder_lift.pos=-102.41 elbow_flex.pos=+89.20 wrist_flex.pos=+77.95 wrist_roll.pos=-1.01 gripper.pos=+1.03
DEBUG 2026-08-20 06:33:35 [action #81] t=4.38s step=80 queue=37 dmax=0.436 | shoulder_pan.pos=-4.81 shoulder_lift.pos=-102.48 elbow_flex.pos=+89.63 wrist_flex.pos=+78.18 wrist_roll.pos=-1.01 gripper.pos=+1.00
DEBUG 2026-08-20 06:33:35 [action #82] t=4.42s step=81 queue=36 dmax=0.205 | shoulder_pan.pos=-4.61 shoulder_lift.pos=-102.45 elbow_flex.pos=+89.50 wrist_flex.pos=+78.02 wrist_roll.pos=-1.03 gripper.pos=+0.95
DEBUG 2026-08-20 06:33:35 [action #83] t=4.45s step=82 queue=35 dmax=0.295 | shoulder_pan.pos=-4.65 shoulder_lift.pos=-102.74 elbow_flex.pos=+89.74 wrist_flex.pos=+78.17 wrist_roll.pos=-1.03 gripper.pos=+1.00
DEBUG 2026-08-20 06:33:35 [action #84] t=4.48s step=83 queue=34 dmax=0.169 | shoulder_pan.pos=-4.48 shoulder_lift.pos=-102.66 elbow_flex.pos=+89.73 wrist_flex.pos=+78.22 wrist_roll.pos=-1.02 gripper.pos=+0.92
DEBUG 2026-08-20 06:33:35 [action #85] t=4.52s step=84 queue=33 dmax=0.242 | shoulder_pan.pos=-4.37 shoulder_lift.pos=-102.41 elbow_flex.pos=+89.53 wrist_flex.pos=+78.19 wrist_roll.pos=-1.03 gripper.pos=+0.85
DEBUG 2026-08-20 06:33:35 [action #86] t=4.55s step=85 queue=32 dmax=0.381 | shoulder_pan.pos=-4.25 shoulder_lift.pos=-102.03 elbow_flex.pos=+89.87 wrist_flex.pos=+78.05 wrist_roll.pos=-1.06 gripper.pos=+0.96
DEBUG 2026-08-20 06:33:35 [action #87] t=4.58s step=86 queue=31 dmax=0.430 | shoulder_pan.pos=-4.22 shoulder_lift.pos=-102.01 elbow_flex.pos=+89.44 wrist_flex.pos=+78.13 wrist_roll.pos=-0.98 gripper.pos=+0.81
DEBUG 2026-08-20 06:33:35 [action #88] t=4.62s step=87 queue=30 dmax=0.247 | shoulder_pan.pos=-4.25 shoulder_lift.pos=-102.05 elbow_flex.pos=+89.64 wrist_flex.pos=+78.04 wrist_roll.pos=-1.01 gripper.pos=+1.06
DEBUG 2026-08-20 06:33:35 [action #89] t=4.65s step=88 queue=29 dmax=0.575 | shoulder_pan.pos=-4.26 shoulder_lift.pos=-102.63 elbow_flex.pos=+89.49 wrist_flex.pos=+78.05 wrist_roll.pos=-1.04 gripper.pos=+1.00
DEBUG 2026-08-20 06:33:35 [action #90] t=4.68s step=89 queue=28 dmax=0.544 | shoulder_pan.pos=-4.21 shoulder_lift.pos=-102.08 elbow_flex.pos=+89.72 wrist_flex.pos=+78.05 wrist_roll.pos=-0.99 gripper.pos=+0.89
DEBUG 2026-08-20 06:33:35 [action #91] t=4.72s step=90 queue=27 dmax=0.336 | shoulder_pan.pos=-4.27 shoulder_lift.pos=-101.99 elbow_flex.pos=+89.39 wrist_flex.pos=+78.07 wrist_roll.pos=-0.97 gripper.pos=+0.93
DEBUG 2026-08-20 06:33:36 [action #92] t=4.75s step=91 queue=26 dmax=0.127 | shoulder_pan.pos=-4.21 shoulder_lift.pos=-102.06 elbow_flex.pos=+89.51 wrist_flex.pos=+78.00 wrist_roll.pos=-1.02 gripper.pos=+0.90
DEBUG 2026-08-20 06:33:36 [action #93] t=4.78s step=92 queue=25 dmax=0.308 | shoulder_pan.pos=-4.29 shoulder_lift.pos=-101.75 elbow_flex.pos=+89.37 wrist_flex.pos=+77.85 wrist_roll.pos=-1.06 gripper.pos=+0.93
DEBUG 2026-08-20 06:33:36 [action #94] t=4.82s step=93 queue=24 dmax=0.546 | shoulder_pan.pos=-4.30 shoulder_lift.pos=-102.23 elbow_flex.pos=+89.91 wrist_flex.pos=+78.02 wrist_roll.pos=-0.99 gripper.pos=+0.94
DEBUG 2026-08-20 06:33:36 [action #95] t=4.85s step=94 queue=23 dmax=0.343 | shoulder_pan.pos=-4.21 shoulder_lift.pos=-102.21 elbow_flex.pos=+89.57 wrist_flex.pos=+77.96 wrist_roll.pos=-0.99 gripper.pos=+0.89
DEBUG 2026-08-20 06:33:36 [action #96] t=4.88s step=95 queue=22 dmax=0.398 | shoulder_pan.pos=-4.28 shoulder_lift.pos=-102.22 elbow_flex.pos=+89.97 wrist_flex.pos=+77.88 wrist_roll.pos=-0.99 gripper.pos=+0.92
DEBUG 2026-08-20 06:33:36 [action #97] t=4.92s step=96 queue=21 dmax=0.278 | shoulder_pan.pos=-4.01 shoulder_lift.pos=-102.37 elbow_flex.pos=+89.84 wrist_flex.pos=+78.00 wrist_roll.pos=-1.07 gripper.pos=+0.96
DEBUG 2026-08-20 06:33:36 [action #98] t=4.95s step=97 queue=20 dmax=0.354 | shoulder_pan.pos=-4.08 shoulder_lift.pos=-102.02 elbow_flex.pos=+89.87 wrist_flex.pos=+77.86 wrist_roll.pos=-0.97 gripper.pos=+1.01
DEBUG 2026-08-20 06:33:36 [action #99] t=4.98s step=98 queue=19 dmax=0.357 | shoulder_pan.pos=-4.02 shoulder_lift.pos=-102.07 elbow_flex.pos=+89.52 wrist_flex.pos=+77.98 wrist_roll.pos=-0.97 gripper.pos=+0.96
DEBUG 2026-08-20 06:33:36 [action #100] t=5.02s step=99 queue=18 dmax=0.312 | shoulder_pan.pos=-3.97 shoulder_lift.pos=-102.21 elbow_flex.pos=+89.83 wrist_flex.pos=+77.74 wrist_roll.pos=-1.06 gripper.pos=+1.01
DEBUG 2026-08-20 06:33:36 [action #101] t=5.05s step=100 queue=17 dmax=0.382 | shoulder_pan.pos=-4.14 shoulder_lift.pos=-101.83 elbow_flex.pos=+89.92 wrist_flex.pos=+77.88 wrist_roll.pos=-0.97 gripper.pos=+0.84
DEBUG 2026-08-20 06:33:36 [action #102] t=5.08s step=101 queue=16 dmax=0.132 | shoulder_pan.pos=-4.02 shoulder_lift.pos=-101.75 elbow_flex.pos=+89.79 wrist_flex.pos=+77.81 wrist_roll.pos=-0.96 gripper.pos=+0.95
DEBUG 2026-08-20 06:33:36 [action #103] t=5.12s step=102 queue=15 dmax=0.246 | shoulder_pan.pos=-4.02 shoulder_lift.pos=-101.76 elbow_flex.pos=+89.54 wrist_flex.pos=+77.85 wrist_roll.pos=-1.03 gripper.pos=+0.84
DEBUG 2026-08-20 06:33:36 [action #104] t=5.15s step=103 queue=14 dmax=0.694 | shoulder_pan.pos=-3.86 shoulder_lift.pos=-102.46 elbow_flex.pos=+89.35 wrist_flex.pos=+77.74 wrist_roll.pos=-0.96 gripper.pos=+0.92
DEBUG 2026-08-20 06:33:36 [action #105] t=5.18s step=104 queue=13 dmax=0.556 | shoulder_pan.pos=-3.73 shoulder_lift.pos=-101.90 elbow_flex.pos=+89.56 wrist_flex.pos=+77.76 wrist_roll.pos=-1.03 gripper.pos=+0.96
DEBUG 2026-08-20 06:33:36 [action #106] t=5.22s step=105 queue=12 dmax=0.382 | shoulder_pan.pos=-4.06 shoulder_lift.pos=-102.29 elbow_flex.pos=+89.22 wrist_flex.pos=+77.80 wrist_roll.pos=-0.95 gripper.pos=+0.84
DEBUG 2026-08-20 06:33:36 [action #107] t=5.25s step=106 queue=11 dmax=0.171 | shoulder_pan.pos=-3.93 shoulder_lift.pos=-102.26 elbow_flex.pos=+89.39 wrist_flex.pos=+77.88 wrist_roll.pos=-0.98 gripper.pos=+0.90
DEBUG 2026-08-20 06:33:36 [action #108] t=5.29s step=107 queue=10 dmax=0.149 | shoulder_pan.pos=-3.91 shoulder_lift.pos=-102.31 elbow_flex.pos=+89.53 wrist_flex.pos=+77.73 wrist_roll.pos=-1.04 gripper.pos=+0.98
DEBUG 2026-08-20 06:33:36 [action #109] t=5.32s step=108 queue=9 dmax=0.685 | shoulder_pan.pos=-3.80 shoulder_lift.pos=-101.62 elbow_flex.pos=+89.05 wrist_flex.pos=+77.76 wrist_roll.pos=-1.00 gripper.pos=+0.95
DEBUG 2026-08-20 06:33:36 [action #110] t=5.35s step=109 queue=8 dmax=0.290 | shoulder_pan.pos=-4.06 shoulder_lift.pos=-101.79 elbow_flex.pos=+89.34 wrist_flex.pos=+77.79 wrist_roll.pos=-1.03 gripper.pos=+0.83
DEBUG 2026-08-20 06:33:36 [action #111] t=5.39s step=110 queue=7 dmax=0.345 | shoulder_pan.pos=-3.71 shoulder_lift.pos=-101.93 elbow_flex.pos=+89.10 wrist_flex.pos=+77.72 wrist_roll.pos=-1.07 gripper.pos=+0.93
DEBUG 2026-08-20 06:33:36 [action #112] t=5.42s step=111 queue=6 dmax=0.297 | shoulder_pan.pos=-3.80 shoulder_lift.pos=-102.22 elbow_flex.pos=+88.85 wrist_flex.pos=+77.79 wrist_roll.pos=-1.00 gripper.pos=+0.89
DEBUG 2026-08-20 06:33:36 [action #113] t=5.45s step=112 queue=5 dmax=0.629 | shoulder_pan.pos=-3.98 shoulder_lift.pos=-101.59 elbow_flex.pos=+88.78 wrist_flex.pos=+77.72 wrist_roll.pos=-1.05 gripper.pos=+0.96
DEBUG 2026-08-20 06:33:36 [action #114] t=5.49s step=113 queue=4 dmax=0.374 | shoulder_pan.pos=-3.90 shoulder_lift.pos=-101.97 elbow_flex.pos=+88.80 wrist_flex.pos=+77.79 wrist_roll.pos=-1.00 gripper.pos=+0.89
DEBUG 2026-08-20 06:33:36 [action #115] t=5.52s step=114 queue=3 dmax=0.091 | shoulder_pan.pos=-3.81 shoulder_lift.pos=-101.99 elbow_flex.pos=+88.89 wrist_flex.pos=+77.73 wrist_roll.pos=-1.04 gripper.pos=+0.90
DEBUG 2026-08-20 06:33:36 [action #116] t=5.55s step=115 queue=2 dmax=0.374 | shoulder_pan.pos=-3.92 shoulder_lift.pos=-102.36 elbow_flex.pos=+89.16 wrist_flex.pos=+77.84 wrist_roll.pos=-1.06 gripper.pos=+0.90
DEBUG 2026-08-20 06:33:36 [action #117] t=5.59s step=116 queue=1 dmax=0.475 | shoulder_pan.pos=-3.86 shoulder_lift.pos=-101.88 elbow_flex.pos=+89.11 wrist_flex.pos=+77.85 wrist_roll.pos=-0.96 gripper.pos=+0.94
DEBUG 2026-08-20 06:33:37 [chunk] received 50 actions, timesteps 116..165 | first: shoulder_pan.pos=-4.04 shoulder_lift.pos=-102.00 elbow_flex.pos=+89.64 wrist_flex.pos=+78.01 wrist_roll.pos=-0.91 gripper.pos=+0.86 | last: shoulder_pan.pos=-3.15 shoulder_lift.pos=-103.04 elbow_flex.pos=+89.50 wrist_flex.pos=+78.07 wrist_roll.pos=-0.98 gripper.pos=+0.76
DEBUG 2026-08-20 06:33:37 [action #118] t=6.49s step=117 queue=49 dmax=0.236 | shoulder_pan.pos=-4.02 shoulder_lift.pos=-102.12 elbow_flex.pos=+89.10 wrist_flex.pos=+78.02 wrist_roll.pos=-0.97 gripper.pos=+0.83
INFO 2026-08-20 06:33:39 Final action sent: shoulder_pan.pos=-4.02 shoulder_lift.pos=-102.12 elbow_flex.pos=+89.10 wrist_flex.pos=+78.02 wrist_roll.pos=-0.97 gripper.pos=+0.83
DEBUG 2026-08-20 06:33:39 === episode end | 8.5s | converged=True | actions=118 ===
DEBUG 2026-08-20 06:33:47 === episode start | task: 'put the roll on the tray' | duration: 30.0s ===
DEBUG 2026-08-20 06:33:48 [chunk] received 50 actions, timesteps 0..49 | first: shoulder_pan.pos=-4.29 shoulder_lift.pos=-102.41 elbow_flex.pos=+89.73 wrist_flex.pos=+77.02 wrist_roll.pos=-0.91 gripper.pos=+0.78 | last: shoulder_pan.pos=-4.14 shoulder_lift.pos=-101.68 elbow_flex.pos=+89.18 wrist_flex.pos=+78.51 wrist_roll.pos=-0.88 gripper.pos=+0.74
DEBUG 2026-08-20 06:33:48 [action #1] t=0.70s step=0 queue=50 dmax=n/a | shoulder_pan.pos=-4.29 shoulder_lift.pos=-102.41 elbow_flex.pos=+89.73 wrist_flex.pos=+77.02 wrist_roll.pos=-0.91 gripper.pos=+0.78
DEBUG 2026-08-20 06:33:48 [action #2] t=0.74s step=1 queue=49 dmax=0.516 | shoulder_pan.pos=-4.16 shoulder_lift.pos=-102.21 elbow_flex.pos=+89.29 wrist_flex.pos=+77.54 wrist_roll.pos=-0.87 gripper.pos=+0.82
DEBUG 2026-08-20 06:33:48 [action #3] t=0.77s step=2 queue=48 dmax=0.765 | shoulder_pan.pos=-4.02 shoulder_lift.pos=-102.40 elbow_flex.pos=+90.05 wrist_flex.pos=+77.58 wrist_roll.pos=-0.83 gripper.pos=+0.76
DEBUG 2026-08-20 06:33:48 [action #4] t=0.80s step=3 queue=47 dmax=0.752 | shoulder_pan.pos=-4.23 shoulder_lift.pos=-102.05 elbow_flex.pos=+89.30 wrist_flex.pos=+77.85 wrist_roll.pos=-0.95 gripper.pos=+0.76
DEBUG 2026-08-20 06:33:48 [action #5] t=0.84s step=4 queue=46 dmax=0.425 | shoulder_pan.pos=-4.13 shoulder_lift.pos=-102.12 elbow_flex.pos=+89.23 wrist_flex.pos=+78.27 wrist_roll.pos=-0.91 gripper.pos=+0.83
DEBUG 2026-08-20 06:33:48 [action #6] t=0.87s step=5 queue=45 dmax=0.400 | shoulder_pan.pos=-4.23 shoulder_lift.pos=-102.52 elbow_flex.pos=+89.60 wrist_flex.pos=+78.07 wrist_roll.pos=-1.05 gripper.pos=+0.78
DEBUG 2026-08-20 06:33:48 [action #7] t=0.90s step=6 queue=44 dmax=0.575 | shoulder_pan.pos=-4.09 shoulder_lift.pos=-101.94 elbow_flex.pos=+89.67 wrist_flex.pos=+78.09 wrist_roll.pos=-0.93 gripper.pos=+0.69
DEBUG 2026-08-20 06:33:48 [action #8] t=0.94s step=7 queue=43 dmax=0.516 | shoulder_pan.pos=-4.19 shoulder_lift.pos=-102.46 elbow_flex.pos=+90.16 wrist_flex.pos=+78.25 wrist_roll.pos=-0.99 gripper.pos=+0.78
DEBUG 2026-08-20 06:33:48 [action #9] t=0.97s step=8 queue=42 dmax=0.515 | shoulder_pan.pos=-4.17 shoulder_lift.pos=-101.94 elbow_flex.pos=+89.91 wrist_flex.pos=+78.47 wrist_roll.pos=-1.00 gripper.pos=+0.80
DEBUG 2026-08-20 06:33:48 [action #10] t=1.00s step=9 queue=41 dmax=0.382 | shoulder_pan.pos=-3.99 shoulder_lift.pos=-102.32 elbow_flex.pos=+89.72 wrist_flex.pos=+78.61 wrist_roll.pos=-0.87 gripper.pos=+0.78
DEBUG 2026-08-20 06:33:48 [action #11] t=1.04s step=10 queue=40 dmax=0.541 | shoulder_pan.pos=-4.18 shoulder_lift.pos=-102.22 elbow_flex.pos=+89.18 wrist_flex.pos=+78.75 wrist_roll.pos=-0.96 gripper.pos=+0.78
DEBUG 2026-08-20 06:33:48 [action #12] t=1.07s step=11 queue=39 dmax=0.538 | shoulder_pan.pos=-4.03 shoulder_lift.pos=-102.40 elbow_flex.pos=+89.72 wrist_flex.pos=+78.81 wrist_roll.pos=-0.98 gripper.pos=+0.74
DEBUG 2026-08-20 06:33:48 [action #13] t=1.10s step=12 queue=38 dmax=0.360 | shoulder_pan.pos=-4.05 shoulder_lift.pos=-102.38 elbow_flex.pos=+89.36 wrist_flex.pos=+78.78 wrist_roll.pos=-1.00 gripper.pos=+0.91
DEBUG 2026-08-20 06:33:48 [action #14] t=1.14s step=13 queue=37 dmax=0.462 | shoulder_pan.pos=-4.17 shoulder_lift.pos=-101.91 elbow_flex.pos=+89.31 wrist_flex.pos=+78.82 wrist_roll.pos=-0.98 gripper.pos=+0.77
DEBUG 2026-08-20 06:33:48 [action #15] t=1.17s step=14 queue=36 dmax=0.227 | shoulder_pan.pos=-4.02 shoulder_lift.pos=-102.14 elbow_flex.pos=+89.35 wrist_flex.pos=+78.66 wrist_roll.pos=-0.95 gripper.pos=+0.81
DEBUG 2026-08-20 06:33:48 [action #16] t=1.20s step=15 queue=35 dmax=0.283 | shoulder_pan.pos=-4.09 shoulder_lift.pos=-102.20 elbow_flex.pos=+89.07 wrist_flex.pos=+78.68 wrist_roll.pos=-0.92 gripper.pos=+0.71
DEBUG 2026-08-20 06:33:48 [action #17] t=1.24s step=16 queue=34 dmax=0.577 | shoulder_pan.pos=-4.09 shoulder_lift.pos=-102.10 elbow_flex.pos=+89.64 wrist_flex.pos=+78.76 wrist_roll.pos=-0.94 gripper.pos=+0.78
DEBUG 2026-08-20 06:33:48 [action #18] t=1.27s step=17 queue=33 dmax=0.098 | shoulder_pan.pos=-4.10 shoulder_lift.pos=-102.05 elbow_flex.pos=+89.55 wrist_flex.pos=+78.74 wrist_roll.pos=-0.95 gripper.pos=+0.80
DEBUG 2026-08-20 06:33:48 [action #19] t=1.30s step=18 queue=32 dmax=0.368 | shoulder_pan.pos=-4.17 shoulder_lift.pos=-102.42 elbow_flex.pos=+89.53 wrist_flex.pos=+79.04 wrist_roll.pos=-0.96 gripper.pos=+0.66
DEBUG 2026-08-20 06:33:48 [action #20] t=1.34s step=19 queue=31 dmax=0.265 | shoulder_pan.pos=-3.98 shoulder_lift.pos=-102.15 elbow_flex.pos=+89.63 wrist_flex.pos=+78.78 wrist_roll.pos=-0.96 gripper.pos=+0.62
DEBUG 2026-08-20 06:33:49 [action #21] t=1.37s step=20 queue=30 dmax=0.470 | shoulder_pan.pos=-4.10 shoulder_lift.pos=-101.68 elbow_flex.pos=+89.69 wrist_flex.pos=+78.92 wrist_roll.pos=-0.98 gripper.pos=+0.73
DEBUG 2026-08-20 06:33:49 [action #22] t=1.40s step=21 queue=29 dmax=1.130 | shoulder_pan.pos=-4.10 shoulder_lift.pos=-102.81 elbow_flex.pos=+89.75 wrist_flex.pos=+78.77 wrist_roll.pos=-0.87 gripper.pos=+0.74
DEBUG 2026-08-20 06:33:49 [action #23] t=1.44s step=22 queue=28 dmax=0.607 | shoulder_pan.pos=-3.93 shoulder_lift.pos=-102.21 elbow_flex.pos=+89.55 wrist_flex.pos=+78.85 wrist_roll.pos=-0.90 gripper.pos=+0.67
DEBUG 2026-08-20 06:33:49 [action #24] t=1.47s step=23 queue=27 dmax=0.336 | shoulder_pan.pos=-4.20 shoulder_lift.pos=-101.87 elbow_flex.pos=+89.27 wrist_flex.pos=+78.96 wrist_roll.pos=-0.93 gripper.pos=+0.72
DEBUG 2026-08-20 06:33:49 [action #25] t=1.50s step=24 queue=26 dmax=0.530 | shoulder_pan.pos=-3.96 shoulder_lift.pos=-102.40 elbow_flex.pos=+89.52 wrist_flex.pos=+78.94 wrist_roll.pos=-0.86 gripper.pos=+0.84
DEBUG 2026-08-20 06:33:49 [action #26] t=1.54s step=25 queue=25 dmax=0.414 | shoulder_pan.pos=-4.11 shoulder_lift.pos=-101.99 elbow_flex.pos=+89.38 wrist_flex.pos=+78.77 wrist_roll.pos=-0.92 gripper.pos=+0.67
DEBUG 2026-08-20 06:33:49 [action #27] t=1.57s step=26 queue=24 dmax=0.143 | shoulder_pan.pos=-4.02 shoulder_lift.pos=-102.03 elbow_flex.pos=+89.45 wrist_flex.pos=+78.63 wrist_roll.pos=-0.91 gripper.pos=+0.81
DEBUG 2026-08-20 06:33:49 [action #28] t=1.61s step=27 queue=23 dmax=0.430 | shoulder_pan.pos=-4.07 shoulder_lift.pos=-102.46 elbow_flex.pos=+89.24 wrist_flex.pos=+78.76 wrist_roll.pos=-0.93 gripper.pos=+0.75
DEBUG 2026-08-20 06:33:49 [action #29] t=1.64s step=28 queue=22 dmax=0.362 | shoulder_pan.pos=-3.97 shoulder_lift.pos=-102.38 elbow_flex.pos=+89.60 wrist_flex.pos=+78.72 wrist_roll.pos=-0.92 gripper.pos=+0.65
DEBUG 2026-08-20 06:33:49 [action #30] t=1.67s step=29 queue=21 dmax=0.175 | shoulder_pan.pos=-3.99 shoulder_lift.pos=-102.52 elbow_flex.pos=+89.77 wrist_flex.pos=+78.62 wrist_roll.pos=-0.91 gripper.pos=+0.71
DEBUG 2026-08-20 06:33:49 [action #31] t=1.71s step=30 queue=20 dmax=1.032 | shoulder_pan.pos=-3.98 shoulder_lift.pos=-101.49 elbow_flex.pos=+89.54 wrist_flex.pos=+78.50 wrist_roll.pos=-0.91 gripper.pos=+0.64
DEBUG 2026-08-20 06:33:49 [action #32] t=1.74s step=31 queue=19 dmax=0.614 | shoulder_pan.pos=-4.08 shoulder_lift.pos=-102.10 elbow_flex.pos=+89.23 wrist_flex.pos=+78.67 wrist_roll.pos=-0.91 gripper.pos=+0.76
DEBUG 2026-08-20 06:33:49 [action #33] t=1.77s step=32 queue=18 dmax=0.129 | shoulder_pan.pos=-4.10 shoulder_lift.pos=-102.20 elbow_flex.pos=+89.12 wrist_flex.pos=+78.54 wrist_roll.pos=-0.91 gripper.pos=+0.86
DEBUG 2026-08-20 06:33:49 [action #34] t=1.81s step=33 queue=17 dmax=0.367 | shoulder_pan.pos=-3.96 shoulder_lift.pos=-102.31 elbow_flex.pos=+89.49 wrist_flex.pos=+78.67 wrist_roll.pos=-0.93 gripper.pos=+0.80
DEBUG 2026-08-20 06:33:49 [action #35] t=1.84s step=34 queue=16 dmax=0.385 | shoulder_pan.pos=-3.93 shoulder_lift.pos=-101.92 elbow_flex.pos=+89.20 wrist_flex.pos=+78.59 wrist_roll.pos=-0.93 gripper.pos=+0.73
DEBUG 2026-08-20 06:33:49 [action #36] t=1.87s step=35 queue=15 dmax=0.478 | shoulder_pan.pos=-4.08 shoulder_lift.pos=-102.40 elbow_flex.pos=+89.61 wrist_flex.pos=+78.52 wrist_roll.pos=-0.90 gripper.pos=+0.72
DEBUG 2026-08-20 06:33:49 [action #37] t=1.91s step=36 queue=14 dmax=0.433 | shoulder_pan.pos=-4.14 shoulder_lift.pos=-101.97 elbow_flex.pos=+89.57 wrist_flex.pos=+78.67 wrist_roll.pos=-0.93 gripper.pos=+0.79
DEBUG 2026-08-20 06:33:49 [action #38] t=1.94s step=37 queue=13 dmax=0.217 | shoulder_pan.pos=-4.06 shoulder_lift.pos=-101.90 elbow_flex.pos=+89.36 wrist_flex.pos=+78.63 wrist_roll.pos=-0.91 gripper.pos=+0.72
DEBUG 2026-08-20 06:33:49 [action #39] t=1.97s step=38 queue=12 dmax=0.212 | shoulder_pan.pos=-4.04 shoulder_lift.pos=-102.02 elbow_flex.pos=+89.44 wrist_flex.pos=+78.42 wrist_roll.pos=-0.98 gripper.pos=+0.70
DEBUG 2026-08-20 06:33:49 [action #40] t=2.01s step=39 queue=11 dmax=0.378 | shoulder_pan.pos=-3.94 shoulder_lift.pos=-102.19 elbow_flex.pos=+89.06 wrist_flex.pos=+78.65 wrist_roll.pos=-1.02 gripper.pos=+0.79
DEBUG 2026-08-20 06:33:49 [action #41] t=2.04s step=40 queue=10 dmax=0.629 | shoulder_pan.pos=-3.95 shoulder_lift.pos=-101.82 elbow_flex.pos=+89.69 wrist_flex.pos=+78.52 wrist_roll.pos=-0.94 gripper.pos=+0.84
DEBUG 2026-08-20 06:33:49 [action #42] t=2.07s step=41 queue=9 dmax=0.326 | shoulder_pan.pos=-4.20 shoulder_lift.pos=-102.14 elbow_flex.pos=+89.61 wrist_flex.pos=+78.50 wrist_roll.pos=-0.95 gripper.pos=+0.81
DEBUG 2026-08-20 06:33:49 [action #43] t=2.11s step=42 queue=8 dmax=0.376 | shoulder_pan.pos=-4.08 shoulder_lift.pos=-102.51 elbow_flex.pos=+89.23 wrist_flex.pos=+78.55 wrist_roll.pos=-0.89 gripper.pos=+0.72
DEBUG 2026-08-20 06:33:49 [action #44] t=2.14s step=43 queue=7 dmax=0.922 | shoulder_pan.pos=-3.90 shoulder_lift.pos=-101.59 elbow_flex.pos=+89.65 wrist_flex.pos=+78.46 wrist_roll.pos=-0.91 gripper.pos=+0.83
DEBUG 2026-08-20 06:33:49 [chunk] received 50 actions, timesteps 19..68 | first: shoulder_pan.pos=-4.15 shoulder_lift.pos=-102.28 elbow_flex.pos=+89.72 wrist_flex.pos=+77.09 wrist_roll.pos=-0.87 gripper.pos=+0.76 | last: shoulder_pan.pos=-3.53 shoulder_lift.pos=-102.18 elbow_flex.pos=+89.49 wrist_flex.pos=+77.63 wrist_roll.pos=-0.98 gripper.pos=+0.86
DEBUG 2026-08-20 06:33:49 [action #45] t=2.17s step=44 queue=25 dmax=0.851 | shoulder_pan.pos=-3.98 shoulder_lift.pos=-102.44 elbow_flex.pos=+89.80 wrist_flex.pos=+77.99 wrist_roll.pos=-0.93 gripper.pos=+0.76
DEBUG 2026-08-20 06:33:49 [action #46] t=2.21s step=45 queue=24 dmax=0.419 | shoulder_pan.pos=-4.00 shoulder_lift.pos=-102.02 elbow_flex.pos=+89.89 wrist_flex.pos=+78.00 wrist_roll.pos=-0.95 gripper.pos=+0.78
DEBUG 2026-08-20 06:33:49 [action #47] t=2.24s step=46 queue=23 dmax=0.407 | shoulder_pan.pos=-3.95 shoulder_lift.pos=-102.43 elbow_flex.pos=+89.82 wrist_flex.pos=+77.94 wrist_roll.pos=-0.94 gripper.pos=+0.79
DEBUG 2026-08-20 06:33:49 [action #48] t=2.27s step=47 queue=22 dmax=0.204 | shoulder_pan.pos=-4.15 shoulder_lift.pos=-102.48 elbow_flex.pos=+89.64 wrist_flex.pos=+78.06 wrist_roll.pos=-0.86 gripper.pos=+0.75
DEBUG 2026-08-20 06:33:49 [action #49] t=2.31s step=48 queue=21 dmax=0.315 | shoulder_pan.pos=-4.12 shoulder_lift.pos=-102.17 elbow_flex.pos=+89.42 wrist_flex.pos=+78.02 wrist_roll.pos=-0.88 gripper.pos=+0.76
DEBUG 2026-08-20 06:33:49 [action #50] t=2.34s step=49 queue=20 dmax=0.175 | shoulder_pan.pos=-4.06 shoulder_lift.pos=-102.14 elbow_flex.pos=+89.60 wrist_flex.pos=+77.98 wrist_roll.pos=-0.90 gripper.pos=+0.74
DEBUG 2026-08-20 06:33:50 [action #51] t=2.37s step=50 queue=19 dmax=0.384 | shoulder_pan.pos=-3.90 shoulder_lift.pos=-102.08 elbow_flex.pos=+89.98 wrist_flex.pos=+77.64 wrist_roll.pos=-0.92 gripper.pos=+0.78
DEBUG 2026-08-20 06:33:50 [action #52] t=2.41s step=51 queue=18 dmax=0.495 | shoulder_pan.pos=-3.96 shoulder_lift.pos=-102.58 elbow_flex.pos=+89.85 wrist_flex.pos=+77.75 wrist_roll.pos=-0.88 gripper.pos=+0.86
DEBUG 2026-08-20 06:33:50 [action #53] t=2.44s step=52 queue=17 dmax=0.218 | shoulder_pan.pos=-4.08 shoulder_lift.pos=-102.36 elbow_flex.pos=+90.07 wrist_flex.pos=+77.73 wrist_roll.pos=-0.95 gripper.pos=+0.78
DEBUG 2026-08-20 06:33:50 [action #54] t=2.47s step=53 queue=16 dmax=0.210 | shoulder_pan.pos=-3.96 shoulder_lift.pos=-102.15 elbow_flex.pos=+90.12 wrist_flex.pos=+77.73 wrist_roll.pos=-0.93 gripper.pos=+0.80
DEBUG 2026-08-20 06:33:50 [action #55] t=2.51s step=54 queue=15 dmax=0.325 | shoulder_pan.pos=-3.76 shoulder_lift.pos=-102.12 elbow_flex.pos=+89.80 wrist_flex.pos=+77.74 wrist_roll.pos=-0.93 gripper.pos=+0.78
DEBUG 2026-08-20 06:33:50 [action #56] t=2.54s step=55 queue=14 dmax=0.727 | shoulder_pan.pos=-3.77 shoulder_lift.pos=-102.85 elbow_flex.pos=+89.70 wrist_flex.pos=+77.72 wrist_roll.pos=-0.88 gripper.pos=+0.77
DEBUG 2026-08-20 06:33:50 [action #57] t=2.58s step=56 queue=13 dmax=0.801 | shoulder_pan.pos=-3.78 shoulder_lift.pos=-102.05 elbow_flex.pos=+89.34 wrist_flex.pos=+77.70 wrist_roll.pos=-0.93 gripper.pos=+0.84
DEBUG 2026-08-20 06:33:50 [action #58] t=2.61s step=57 queue=12 dmax=0.246 | shoulder_pan.pos=-3.83 shoulder_lift.pos=-102.29 elbow_flex.pos=+89.54 wrist_flex.pos=+77.62 wrist_roll.pos=-0.92 gripper.pos=+0.79
DEBUG 2026-08-20 06:33:50 [action #59] t=2.64s step=58 queue=11 dmax=0.345 | shoulder_pan.pos=-3.79 shoulder_lift.pos=-102.64 elbow_flex.pos=+89.75 wrist_flex.pos=+77.71 wrist_roll.pos=-1.00 gripper.pos=+0.78
DEBUG 2026-08-20 06:33:50 [action #60] t=2.68s step=59 queue=10 dmax=0.368 | shoulder_pan.pos=-3.84 shoulder_lift.pos=-102.60 elbow_flex.pos=+90.11 wrist_flex.pos=+77.71 wrist_roll.pos=-1.04 gripper.pos=+0.82
DEBUG 2026-08-20 06:33:50 [action #61] t=2.71s step=60 queue=9 dmax=0.337 | shoulder_pan.pos=-3.91 shoulder_lift.pos=-102.50 elbow_flex.pos=+89.78 wrist_flex.pos=+77.74 wrist_roll.pos=-0.96 gripper.pos=+0.82
DEBUG 2026-08-20 06:33:50 [action #62] t=2.74s step=61 queue=8 dmax=0.555 | shoulder_pan.pos=-3.86 shoulder_lift.pos=-102.55 elbow_flex.pos=+90.33 wrist_flex.pos=+77.67 wrist_roll.pos=-0.98 gripper.pos=+0.80
DEBUG 2026-08-20 06:33:50 [action #63] t=2.78s step=62 queue=7 dmax=0.704 | shoulder_pan.pos=-3.78 shoulder_lift.pos=-101.91 elbow_flex.pos=+89.63 wrist_flex.pos=+77.69 wrist_roll.pos=-0.94 gripper.pos=+0.83
DEBUG 2026-08-20 06:33:50 [action #64] t=2.81s step=63 queue=6 dmax=0.640 | shoulder_pan.pos=-3.83 shoulder_lift.pos=-102.54 elbow_flex.pos=+90.27 wrist_flex.pos=+77.66 wrist_roll.pos=-1.02 gripper.pos=+0.82
DEBUG 2026-08-20 06:33:50 [action #65] t=2.84s step=64 queue=5 dmax=0.473 | shoulder_pan.pos=-3.63 shoulder_lift.pos=-102.65 elbow_flex.pos=+89.79 wrist_flex.pos=+77.67 wrist_roll.pos=-0.99 gripper.pos=+0.81
DEBUG 2026-08-20 06:33:50 [action #66] t=2.88s step=65 queue=4 dmax=0.933 | shoulder_pan.pos=-3.77 shoulder_lift.pos=-101.71 elbow_flex.pos=+89.87 wrist_flex.pos=+77.71 wrist_roll.pos=-1.05 gripper.pos=+0.86
DEBUG 2026-08-20 06:33:50 [action #67] t=2.91s step=66 queue=3 dmax=0.623 | shoulder_pan.pos=-3.74 shoulder_lift.pos=-102.34 elbow_flex.pos=+89.67 wrist_flex.pos=+77.67 wrist_roll.pos=-1.02 gripper.pos=+0.93
DEBUG 2026-08-20 06:33:50 [action #68] t=2.94s step=67 queue=2 dmax=0.164 | shoulder_pan.pos=-3.58 shoulder_lift.pos=-102.28 elbow_flex.pos=+89.72 wrist_flex.pos=+77.74 wrist_roll.pos=-1.04 gripper.pos=+0.93
DEBUG 2026-08-20 06:33:50 [action #69] t=2.98s step=68 queue=1 dmax=0.229 | shoulder_pan.pos=-3.53 shoulder_lift.pos=-102.18 elbow_flex.pos=+89.49 wrist_flex.pos=+77.63 wrist_roll.pos=-0.98 gripper.pos=+0.86
DEBUG 2026-08-20 06:33:51 [chunk] received 50 actions, timesteps 68..117 | first: shoulder_pan.pos=-4.10 shoulder_lift.pos=-102.83 elbow_flex.pos=+89.83 wrist_flex.pos=+77.53 wrist_roll.pos=-0.81 gripper.pos=+0.66 | last: shoulder_pan.pos=-4.01 shoulder_lift.pos=-102.58 elbow_flex.pos=+90.65 wrist_flex.pos=+77.88 wrist_roll.pos=-0.85 gripper.pos=+0.87
DEBUG 2026-08-20 06:33:51 [action #70] t=3.88s step=69 queue=49 dmax=0.740 | shoulder_pan.pos=-4.27 shoulder_lift.pos=-102.46 elbow_flex.pos=+89.42 wrist_flex.pos=+77.74 wrist_roll.pos=-0.86 gripper.pos=+0.69
DEBUG 2026-08-20 06:33:51 [action #71] t=3.91s step=70 queue=48 dmax=0.473 | shoulder_pan.pos=-4.21 shoulder_lift.pos=-102.80 elbow_flex.pos=+89.89 wrist_flex.pos=+77.86 wrist_roll.pos=-1.03 gripper.pos=+0.80
DEBUG 2026-08-20 06:33:51 [action #72] t=3.95s step=71 queue=47 dmax=0.235 | shoulder_pan.pos=-4.29 shoulder_lift.pos=-102.81 elbow_flex.pos=+89.65 wrist_flex.pos=+77.93 wrist_roll.pos=-1.13 gripper.pos=+0.84
DEBUG 2026-08-20 06:33:51 [action #73] t=3.98s step=72 queue=46 dmax=0.605 | shoulder_pan.pos=-4.30 shoulder_lift.pos=-102.21 elbow_flex.pos=+89.81 wrist_flex.pos=+78.08 wrist_roll.pos=-1.01 gripper.pos=+0.88
DEBUG 2026-08-20 06:33:51 [action #74] t=4.01s step=73 queue=45 dmax=0.413 | shoulder_pan.pos=-4.20 shoulder_lift.pos=-102.28 elbow_flex.pos=+89.39 wrist_flex.pos=+77.83 wrist_roll.pos=-0.90 gripper.pos=+0.84
DEBUG 2026-08-20 06:33:51 [action #75] t=4.05s step=74 queue=44 dmax=0.604 | shoulder_pan.pos=-4.31 shoulder_lift.pos=-102.65 elbow_flex.pos=+90.00 wrist_flex.pos=+77.93 wrist_roll.pos=-0.88 gripper.pos=+0.75
DEBUG 2026-08-20 06:33:51 [action #76] t=4.08s step=75 queue=43 dmax=0.567 | shoulder_pan.pos=-3.87 shoulder_lift.pos=-102.08 elbow_flex.pos=+90.10 wrist_flex.pos=+77.95 wrist_roll.pos=-0.92 gripper.pos=+0.63
DEBUG 2026-08-20 06:33:51 [action #77] t=4.11s step=76 queue=42 dmax=0.752 | shoulder_pan.pos=-4.31 shoulder_lift.pos=-102.83 elbow_flex.pos=+89.91 wrist_flex.pos=+78.02 wrist_roll.pos=-0.85 gripper.pos=+0.84
DEBUG 2026-08-20 06:33:51 [action #78] t=4.15s step=77 queue=41 dmax=0.402 | shoulder_pan.pos=-3.91 shoulder_lift.pos=-102.56 elbow_flex.pos=+89.81 wrist_flex.pos=+78.05 wrist_roll.pos=-0.87 gripper.pos=+0.74
DEBUG 2026-08-20 06:33:51 [action #79] t=4.18s step=78 queue=40 dmax=0.541 | shoulder_pan.pos=-4.00 shoulder_lift.pos=-102.02 elbow_flex.pos=+89.83 wrist_flex.pos=+77.90 wrist_roll.pos=-0.79 gripper.pos=+0.80
DEBUG 2026-08-20 06:33:51 [action #80] t=4.22s step=79 queue=39 dmax=0.887 | shoulder_pan.pos=-4.21 shoulder_lift.pos=-102.90 elbow_flex.pos=+90.15 wrist_flex.pos=+78.01 wrist_roll.pos=-0.89 gripper.pos=+0.88
DEBUG 2026-08-20 06:33:51 [action #81] t=4.25s step=80 queue=38 dmax=0.528 | shoulder_pan.pos=-3.84 shoulder_lift.pos=-102.38 elbow_flex.pos=+89.84 wrist_flex.pos=+78.22 wrist_roll.pos=-0.81 gripper.pos=+0.80
DEBUG 2026-08-20 06:33:51 [action #82] t=4.28s step=81 queue=37 dmax=0.226 | shoulder_pan.pos=-3.99 shoulder_lift.pos=-102.28 elbow_flex.pos=+89.91 wrist_flex.pos=+78.00 wrist_roll.pos=-0.86 gripper.pos=+0.81
DEBUG 2026-08-20 06:33:51 [action #83] t=4.32s step=82 queue=36 dmax=0.577 | shoulder_pan.pos=-3.80 shoulder_lift.pos=-102.23 elbow_flex.pos=+89.34 wrist_flex.pos=+77.95 wrist_roll.pos=-0.91 gripper.pos=+0.82
DEBUG 2026-08-20 06:33:52 [action #84] t=4.35s step=83 queue=35 dmax=0.793 | shoulder_pan.pos=-3.96 shoulder_lift.pos=-102.55 elbow_flex.pos=+90.13 wrist_flex.pos=+78.14 wrist_roll.pos=-0.87 gripper.pos=+0.75
DEBUG 2026-08-20 06:33:52 [action #85] t=4.38s step=84 queue=34 dmax=0.933 | shoulder_pan.pos=-4.07 shoulder_lift.pos=-102.00 elbow_flex.pos=+89.20 wrist_flex.pos=+77.93 wrist_roll.pos=-0.82 gripper.pos=+0.73
DEBUG 2026-08-20 06:33:52 [action #86] t=4.42s step=85 queue=33 dmax=0.217 | shoulder_pan.pos=-3.93 shoulder_lift.pos=-102.22 elbow_flex.pos=+89.15 wrist_flex.pos=+78.00 wrist_roll.pos=-0.90 gripper.pos=+0.77
DEBUG 2026-08-20 06:33:52 [action #87] t=4.45s step=86 queue=32 dmax=0.424 | shoulder_pan.pos=-4.24 shoulder_lift.pos=-102.64 elbow_flex.pos=+88.80 wrist_flex.pos=+77.99 wrist_roll.pos=-0.89 gripper.pos=+0.75
DEBUG 2026-08-20 06:33:52 [action #88] t=4.48s step=87 queue=31 dmax=0.892 | shoulder_pan.pos=-4.17 shoulder_lift.pos=-102.95 elbow_flex.pos=+89.69 wrist_flex.pos=+77.97 wrist_roll.pos=-0.86 gripper.pos=+0.79
DEBUG 2026-08-20 06:33:52 [action #89] t=4.52s step=88 queue=30 dmax=0.726 | shoulder_pan.pos=-3.92 shoulder_lift.pos=-102.22 elbow_flex.pos=+89.83 wrist_flex.pos=+78.00 wrist_roll.pos=-0.91 gripper.pos=+0.84
DEBUG 2026-08-20 06:33:52 [action #90] t=4.55s step=89 queue=29 dmax=0.583 | shoulder_pan.pos=-4.13 shoulder_lift.pos=-102.80 elbow_flex.pos=+89.41 wrist_flex.pos=+77.95 wrist_roll.pos=-0.85 gripper.pos=+0.74
DEBUG 2026-08-20 06:33:52 [action #91] t=4.58s step=90 queue=28 dmax=0.223 | shoulder_pan.pos=-3.91 shoulder_lift.pos=-102.58 elbow_flex.pos=+89.20 wrist_flex.pos=+78.08 wrist_roll.pos=-0.84 gripper.pos=+0.83
DEBUG 2026-08-20 06:33:52 [action #92] t=4.62s step=91 queue=27 dmax=0.444 | shoulder_pan.pos=-4.03 shoulder_lift.pos=-102.14 elbow_flex.pos=+89.44 wrist_flex.pos=+77.92 wrist_roll.pos=-0.96 gripper.pos=+0.77
DEBUG 2026-08-20 06:33:52 [action #93] t=4.65s step=92 queue=26 dmax=0.471 | shoulder_pan.pos=-4.08 shoulder_lift.pos=-102.08 elbow_flex.pos=+88.97 wrist_flex.pos=+77.87 wrist_roll.pos=-0.88 gripper.pos=+0.85
DEBUG 2026-08-20 06:33:52 [action #94] t=4.68s step=93 queue=25 dmax=0.640 | shoulder_pan.pos=-3.91 shoulder_lift.pos=-102.22 elbow_flex.pos=+89.61 wrist_flex.pos=+77.93 wrist_roll.pos=-0.93 gripper.pos=+0.81
DEBUG 2026-08-20 06:33:52 [action #95] t=4.72s step=94 queue=24 dmax=0.396 | shoulder_pan.pos=-3.94 shoulder_lift.pos=-102.07 elbow_flex.pos=+89.21 wrist_flex.pos=+78.02 wrist_roll.pos=-0.95 gripper.pos=+0.80
DEBUG 2026-08-20 06:33:52 [action #96] t=4.75s step=95 queue=23 dmax=0.468 | shoulder_pan.pos=-3.87 shoulder_lift.pos=-102.54 elbow_flex.pos=+89.33 wrist_flex.pos=+77.97 wrist_roll.pos=-0.90 gripper.pos=+0.77
DEBUG 2026-08-20 06:33:52 [action #97] t=4.78s step=96 queue=22 dmax=0.522 | shoulder_pan.pos=-4.00 shoulder_lift.pos=-102.42 elbow_flex.pos=+89.85 wrist_flex.pos=+78.15 wrist_roll.pos=-0.90 gripper.pos=+0.87
DEBUG 2026-08-20 06:33:52 [action #98] t=4.82s step=97 queue=21 dmax=0.829 | shoulder_pan.pos=-3.86 shoulder_lift.pos=-102.15 elbow_flex.pos=+89.03 wrist_flex.pos=+78.06 wrist_roll.pos=-0.91 gripper.pos=+0.87
DEBUG 2026-08-20 06:33:52 [action #99] t=4.85s step=98 queue=20 dmax=0.353 | shoulder_pan.pos=-3.83 shoulder_lift.pos=-101.86 elbow_flex.pos=+89.38 wrist_flex.pos=+78.04 wrist_roll.pos=-0.91 gripper.pos=+0.79
DEBUG 2026-08-20 06:33:52 [action #100] t=4.88s step=99 queue=19 dmax=0.257 | shoulder_pan.pos=-3.85 shoulder_lift.pos=-102.09 elbow_flex.pos=+89.64 wrist_flex.pos=+78.10 wrist_roll.pos=-0.83 gripper.pos=+0.88
DEBUG 2026-08-20 06:33:52 [action #101] t=4.92s step=100 queue=18 dmax=0.232 | shoulder_pan.pos=-3.88 shoulder_lift.pos=-102.32 elbow_flex.pos=+89.49 wrist_flex.pos=+77.94 wrist_roll.pos=-0.90 gripper.pos=+0.83
DEBUG 2026-08-20 06:33:52 [action #102] t=4.95s step=101 queue=17 dmax=0.432 | shoulder_pan.pos=-3.88 shoulder_lift.pos=-101.89 elbow_flex.pos=+89.65 wrist_flex.pos=+78.22 wrist_roll.pos=-0.90 gripper.pos=+0.89
DEBUG 2026-08-20 06:33:52 [action #103] t=4.98s step=102 queue=16 dmax=0.419 | shoulder_pan.pos=-3.88 shoulder_lift.pos=-102.31 elbow_flex.pos=+89.48 wrist_flex.pos=+78.18 wrist_roll.pos=-0.86 gripper.pos=+0.83
DEBUG 2026-08-20 06:33:52 [action #104] t=5.02s step=103 queue=15 dmax=0.285 | shoulder_pan.pos=-3.60 shoulder_lift.pos=-102.39 elbow_flex.pos=+89.40 wrist_flex.pos=+78.14 wrist_roll.pos=-0.90 gripper.pos=+0.96
DEBUG 2026-08-20 06:33:52 [action #105] t=5.05s step=104 queue=14 dmax=0.545 | shoulder_pan.pos=-3.89 shoulder_lift.pos=-101.85 elbow_flex.pos=+89.67 wrist_flex.pos=+77.99 wrist_roll.pos=-0.92 gripper.pos=+0.81
DEBUG 2026-08-20 06:33:52 [action #106] t=5.08s step=105 queue=13 dmax=0.491 | shoulder_pan.pos=-3.66 shoulder_lift.pos=-102.32 elbow_flex.pos=+89.18 wrist_flex.pos=+78.21 wrist_roll.pos=-0.92 gripper.pos=+0.85
DEBUG 2026-08-20 06:33:52 [action #107] t=5.12s step=106 queue=12 dmax=0.233 | shoulder_pan.pos=-3.78 shoulder_lift.pos=-102.33 elbow_flex.pos=+89.41 wrist_flex.pos=+78.12 wrist_roll.pos=-0.87 gripper.pos=+0.85
DEBUG 2026-08-20 06:33:52 [action #108] t=5.15s step=107 queue=11 dmax=0.294 | shoulder_pan.pos=-3.86 shoulder_lift.pos=-102.03 elbow_flex.pos=+89.51 wrist_flex.pos=+78.18 wrist_roll.pos=-0.92 gripper.pos=+0.79
DEBUG 2026-08-20 06:33:52 [action #109] t=5.19s step=108 queue=10 dmax=0.298 | shoulder_pan.pos=-4.06 shoulder_lift.pos=-101.74 elbow_flex.pos=+89.53 wrist_flex.pos=+78.07 wrist_roll.pos=-0.85 gripper.pos=+0.89
DEBUG 2026-08-20 06:33:52 [action #110] t=5.22s step=109 queue=9 dmax=0.548 | shoulder_pan.pos=-4.25 shoulder_lift.pos=-102.28 elbow_flex.pos=+90.01 wrist_flex.pos=+78.02 wrist_roll.pos=-0.93 gripper.pos=+0.83
DEBUG 2026-08-20 06:33:52 [action #111] t=5.25s step=110 queue=8 dmax=0.523 | shoulder_pan.pos=-3.89 shoulder_lift.pos=-102.33 elbow_flex.pos=+89.49 wrist_flex.pos=+78.06 wrist_roll.pos=-0.87 gripper.pos=+0.85
DEBUG 2026-08-20 06:33:52 [action #112] t=5.29s step=111 queue=7 dmax=0.272 | shoulder_pan.pos=-3.98 shoulder_lift.pos=-102.44 elbow_flex.pos=+89.61 wrist_flex.pos=+77.78 wrist_roll.pos=-0.89 gripper.pos=+0.78
DEBUG 2026-08-20 06:33:52 [action #113] t=5.32s step=112 queue=6 dmax=0.254 | shoulder_pan.pos=-3.86 shoulder_lift.pos=-102.18 elbow_flex.pos=+89.77 wrist_flex.pos=+77.91 wrist_roll.pos=-0.84 gripper.pos=+0.88
DEBUG 2026-08-20 06:33:53 [action #114] t=5.35s step=113 queue=5 dmax=0.508 | shoulder_pan.pos=-4.23 shoulder_lift.pos=-102.33 elbow_flex.pos=+89.26 wrist_flex.pos=+78.00 wrist_roll.pos=-0.83 gripper.pos=+0.81
DEBUG 2026-08-20 06:33:53 [action #115] t=5.39s step=114 queue=4 dmax=0.480 | shoulder_pan.pos=-4.06 shoulder_lift.pos=-102.12 elbow_flex.pos=+89.74 wrist_flex.pos=+78.00 wrist_roll.pos=-0.89 gripper.pos=+0.93
DEBUG 2026-08-20 06:33:53 [action #116] t=5.42s step=115 queue=3 dmax=0.661 | shoulder_pan.pos=-4.37 shoulder_lift.pos=-102.78 elbow_flex.pos=+89.64 wrist_flex.pos=+77.83 wrist_roll.pos=-0.88 gripper.pos=+0.81
DEBUG 2026-08-20 06:33:53 [action #117] t=5.45s step=116 queue=2 dmax=0.517 | shoulder_pan.pos=-4.07 shoulder_lift.pos=-102.26 elbow_flex.pos=+89.57 wrist_flex.pos=+77.90 wrist_roll.pos=-0.92 gripper.pos=+0.80
DEBUG 2026-08-20 06:33:53 [action #118] t=5.49s step=117 queue=1 dmax=1.074 | shoulder_pan.pos=-4.01 shoulder_lift.pos=-102.58 elbow_flex.pos=+90.65 wrist_flex.pos=+77.88 wrist_roll.pos=-0.85 gripper.pos=+0.87
DEBUG 2026-08-20 06:33:54 [chunk] received 50 actions, timesteps 117..166 | first: shoulder_pan.pos=-4.37 shoulder_lift.pos=-102.90 elbow_flex.pos=+89.66 wrist_flex.pos=+77.29 wrist_roll.pos=-1.00 gripper.pos=+0.82 | last: shoulder_pan.pos=-4.07 shoulder_lift.pos=-102.34 elbow_flex.pos=+89.13 wrist_flex.pos=+77.77 wrist_roll.pos=-0.96 gripper.pos=+0.72
DEBUG 2026-08-20 06:33:54 [action #119] t=6.42s step=118 queue=49 dmax=1.582 | shoulder_pan.pos=-4.45 shoulder_lift.pos=-102.40 elbow_flex.pos=+89.07 wrist_flex.pos=+77.23 wrist_roll.pos=-1.11 gripper.pos=+0.74
DEBUG 2026-08-20 06:33:54 [action #120] t=6.46s step=119 queue=48 dmax=0.425 | shoulder_pan.pos=-4.32 shoulder_lift.pos=-102.56 elbow_flex.pos=+89.23 wrist_flex.pos=+77.65 wrist_roll.pos=-0.93 gripper.pos=+0.91
DEBUG 2026-08-20 06:33:54 [action #121] t=6.49s step=120 queue=47 dmax=0.494 | shoulder_pan.pos=-4.18 shoulder_lift.pos=-102.06 elbow_flex.pos=+89.15 wrist_flex.pos=+77.79 wrist_roll.pos=-1.05 gripper.pos=+0.89
DEBUG 2026-08-20 06:33:54 [action #122] t=6.52s step=121 queue=46 dmax=0.192 | shoulder_pan.pos=-4.29 shoulder_lift.pos=-102.17 elbow_flex.pos=+89.34 wrist_flex.pos=+77.80 wrist_roll.pos=-1.07 gripper.pos=+1.06
DEBUG 2026-08-20 06:33:54 [action #123] t=6.56s step=122 queue=45 dmax=0.555 | shoulder_pan.pos=-4.37 shoulder_lift.pos=-101.92 elbow_flex.pos=+88.78 wrist_flex.pos=+77.62 wrist_roll.pos=-1.02 gripper.pos=+1.02
DEBUG 2026-08-20 06:33:54 [action #124] t=6.59s step=123 queue=44 dmax=0.602 | shoulder_pan.pos=-4.33 shoulder_lift.pos=-101.32 elbow_flex.pos=+89.37 wrist_flex.pos=+77.62 wrist_roll.pos=-0.99 gripper.pos=+0.88
DEBUG 2026-08-20 06:33:54 [action #125] t=6.62s step=124 queue=43 dmax=0.774 | shoulder_pan.pos=-4.10 shoulder_lift.pos=-102.09 elbow_flex.pos=+89.88 wrist_flex.pos=+77.75 wrist_roll.pos=-1.02 gripper.pos=+0.90
DEBUG 2026-08-20 06:33:54 [action #126] t=6.66s step=125 queue=42 dmax=0.235 | shoulder_pan.pos=-4.16 shoulder_lift.pos=-102.33 elbow_flex.pos=+89.67 wrist_flex.pos=+77.75 wrist_roll.pos=-1.03 gripper.pos=+0.87
DEBUG 2026-08-20 06:33:54 [action #127] t=6.69s step=126 queue=41 dmax=0.698 | shoulder_pan.pos=-4.27 shoulder_lift.pos=-101.63 elbow_flex.pos=+89.30 wrist_flex.pos=+77.83 wrist_roll.pos=-0.99 gripper.pos=+1.00
DEBUG 2026-08-20 06:33:54 [action #128] t=6.72s step=127 queue=40 dmax=0.438 | shoulder_pan.pos=-4.01 shoulder_lift.pos=-102.07 elbow_flex.pos=+89.49 wrist_flex.pos=+77.79 wrist_roll.pos=-0.93 gripper.pos=+0.84
DEBUG 2026-08-20 06:33:54 [action #129] t=6.76s step=128 queue=39 dmax=0.171 | shoulder_pan.pos=-4.18 shoulder_lift.pos=-102.19 elbow_flex.pos=+89.55 wrist_flex.pos=+77.74 wrist_roll.pos=-0.99 gripper.pos=+0.73
DEBUG 2026-08-20 06:33:54 [action #130] t=6.79s step=129 queue=38 dmax=0.626 | shoulder_pan.pos=-4.25 shoulder_lift.pos=-101.83 elbow_flex.pos=+88.92 wrist_flex.pos=+77.93 wrist_roll.pos=-0.93 gripper.pos=+0.86
DEBUG 2026-08-20 06:33:54 [action #131] t=6.82s step=130 queue=37 dmax=0.088 | shoulder_pan.pos=-4.25 shoulder_lift.pos=-101.92 elbow_flex.pos=+88.95 wrist_flex.pos=+77.85 wrist_roll.pos=-1.00 gripper.pos=+0.84
DEBUG 2026-08-20 06:33:54 [action #132] t=6.86s step=131 queue=36 dmax=0.533 | shoulder_pan.pos=-4.13 shoulder_lift.pos=-102.26 elbow_flex.pos=+89.48 wrist_flex.pos=+77.76 wrist_roll.pos=-1.06 gripper.pos=+0.74
DEBUG 2026-08-20 06:33:54 [action #133] t=6.89s step=132 queue=35 dmax=0.422 | shoulder_pan.pos=-3.99 shoulder_lift.pos=-102.21 elbow_flex.pos=+89.06 wrist_flex.pos=+77.84 wrist_roll.pos=-1.03 gripper.pos=+0.91
DEBUG 2026-08-20 06:33:54 [action #134] t=6.92s step=133 queue=34 dmax=1.085 | shoulder_pan.pos=-4.06 shoulder_lift.pos=-102.42 elbow_flex.pos=+90.14 wrist_flex.pos=+78.04 wrist_roll.pos=-0.99 gripper.pos=+0.93
DEBUG 2026-08-20 06:33:54 [action #135] t=6.96s step=134 queue=33 dmax=0.664 | shoulder_pan.pos=-4.03 shoulder_lift.pos=-102.15 elbow_flex.pos=+89.48 wrist_flex.pos=+77.82 wrist_roll.pos=-0.91 gripper.pos=+0.78
DEBUG 2026-08-20 06:33:54 [action #136] t=6.99s step=135 queue=32 dmax=0.455 | shoulder_pan.pos=-3.94 shoulder_lift.pos=-101.69 elbow_flex.pos=+89.42 wrist_flex.pos=+77.79 wrist_roll.pos=-0.96 gripper.pos=+0.92
DEBUG 2026-08-20 06:33:54 [action #137] t=7.02s step=136 queue=31 dmax=0.461 | shoulder_pan.pos=-3.93 shoulder_lift.pos=-101.75 elbow_flex.pos=+89.88 wrist_flex.pos=+77.83 wrist_roll.pos=-0.95 gripper.pos=+0.68
DEBUG 2026-08-20 06:33:54 [action #138] t=7.06s step=137 queue=30 dmax=0.610 | shoulder_pan.pos=-4.08 shoulder_lift.pos=-102.04 elbow_flex.pos=+89.27 wrist_flex.pos=+77.95 wrist_roll.pos=-0.95 gripper.pos=+0.81
DEBUG 2026-08-20 06:33:54 [action #139] t=7.09s step=138 queue=29 dmax=0.405 | shoulder_pan.pos=-4.06 shoulder_lift.pos=-101.92 elbow_flex.pos=+89.67 wrist_flex.pos=+77.69 wrist_roll.pos=-0.94 gripper.pos=+0.80
DEBUG 2026-08-20 06:33:54 [action #140] t=7.12s step=139 queue=28 dmax=0.174 | shoulder_pan.pos=-4.24 shoulder_lift.pos=-101.89 elbow_flex.pos=+89.65 wrist_flex.pos=+77.79 wrist_roll.pos=-1.06 gripper.pos=+0.76
DEBUG 2026-08-20 06:33:54 [action #141] t=7.16s step=140 queue=27 dmax=0.381 | shoulder_pan.pos=-3.96 shoulder_lift.pos=-101.93 elbow_flex.pos=+90.03 wrist_flex.pos=+77.68 wrist_roll.pos=-0.96 gripper.pos=+0.80
DEBUG 2026-08-20 06:33:54 [action #142] t=7.19s step=141 queue=26 dmax=0.286 | shoulder_pan.pos=-4.02 shoulder_lift.pos=-102.08 elbow_flex.pos=+89.75 wrist_flex.pos=+77.81 wrist_roll.pos=-1.03 gripper.pos=+0.83
DEBUG 2026-08-20 06:33:54 [action #143] t=7.23s step=142 queue=25 dmax=0.529 | shoulder_pan.pos=-4.04 shoulder_lift.pos=-101.81 elbow_flex.pos=+89.22 wrist_flex.pos=+77.78 wrist_roll.pos=-0.94 gripper.pos=+0.82
DEBUG 2026-08-20 06:33:54 [action #144] t=7.26s step=143 queue=24 dmax=0.529 | shoulder_pan.pos=-4.27 shoulder_lift.pos=-102.30 elbow_flex.pos=+89.75 wrist_flex.pos=+77.87 wrist_roll.pos=-0.97 gripper.pos=+0.79
DEBUG 2026-08-20 06:33:54 [action #145] t=7.29s step=144 queue=23 dmax=0.249 | shoulder_pan.pos=-4.02 shoulder_lift.pos=-102.54 elbow_flex.pos=+89.58 wrist_flex.pos=+77.63 wrist_roll.pos=-1.05 gripper.pos=+0.76
DEBUG 2026-08-20 06:33:54 [action #146] t=7.33s step=145 queue=22 dmax=0.287 | shoulder_pan.pos=-3.97 shoulder_lift.pos=-102.25 elbow_flex.pos=+89.56 wrist_flex.pos=+77.71 wrist_roll.pos=-1.03 gripper.pos=+0.83
DEBUG 2026-08-20 06:33:55 [action #147] t=7.36s step=146 queue=21 dmax=0.519 | shoulder_pan.pos=-3.97 shoulder_lift.pos=-102.77 elbow_flex.pos=+90.08 wrist_flex.pos=+77.84 wrist_roll.pos=-1.00 gripper.pos=+0.77
DEBUG 2026-08-20 06:33:55 [action #148] t=7.39s step=147 queue=20 dmax=0.379 | shoulder_pan.pos=-3.92 shoulder_lift.pos=-102.39 elbow_flex.pos=+90.08 wrist_flex.pos=+77.79 wrist_roll.pos=-1.01 gripper.pos=+0.84
DEBUG 2026-08-20 06:33:55 [action #149] t=7.43s step=148 queue=19 dmax=0.794 | shoulder_pan.pos=-4.13 shoulder_lift.pos=-102.24 elbow_flex.pos=+89.28 wrist_flex.pos=+77.78 wrist_roll.pos=-0.98 gripper.pos=+0.81
DEBUG 2026-08-20 06:33:55 [action #150] t=7.46s step=149 queue=18 dmax=0.324 | shoulder_pan.pos=-4.15 shoulder_lift.pos=-101.92 elbow_flex.pos=+89.48 wrist_flex.pos=+77.92 wrist_roll.pos=-1.02 gripper.pos=+0.83
DEBUG 2026-08-20 06:33:55 [action #151] t=7.49s step=150 queue=17 dmax=0.265 | shoulder_pan.pos=-4.31 shoulder_lift.pos=-102.13 elbow_flex.pos=+89.74 wrist_flex.pos=+77.92 wrist_roll.pos=-1.03 gripper.pos=+0.85
DEBUG 2026-08-20 06:33:55 [action #152] t=7.53s step=151 queue=16 dmax=0.260 | shoulder_pan.pos=-4.04 shoulder_lift.pos=-102.29 elbow_flex.pos=+89.56 wrist_flex.pos=+77.85 wrist_roll.pos=-1.04 gripper.pos=+0.79
DEBUG 2026-08-20 06:33:55 [action #153] t=7.56s step=152 queue=15 dmax=0.121 | shoulder_pan.pos=-4.00 shoulder_lift.pos=-102.34 elbow_flex.pos=+89.44 wrist_flex.pos=+77.88 wrist_roll.pos=-0.97 gripper.pos=+0.85
DEBUG 2026-08-20 06:33:55 [action #154] t=7.59s step=153 queue=14 dmax=0.817 | shoulder_pan.pos=-4.01 shoulder_lift.pos=-101.52 elbow_flex.pos=+89.46 wrist_flex.pos=+77.84 wrist_roll.pos=-1.04 gripper.pos=+0.95
DEBUG 2026-08-20 06:33:55 [action #155] t=7.63s step=154 queue=13 dmax=0.411 | shoulder_pan.pos=-3.89 shoulder_lift.pos=-101.93 elbow_flex.pos=+89.51 wrist_flex.pos=+77.64 wrist_roll.pos=-1.00 gripper.pos=+0.82
DEBUG 2026-08-20 06:33:55 [action #156] t=7.66s step=155 queue=12 dmax=0.851 | shoulder_pan.pos=-4.03 shoulder_lift.pos=-102.78 elbow_flex.pos=+89.20 wrist_flex.pos=+77.64 wrist_roll.pos=-1.00 gripper.pos=+0.66
DEBUG 2026-08-20 06:33:55 [action #157] t=7.69s step=156 queue=11 dmax=0.671 | shoulder_pan.pos=-4.13 shoulder_lift.pos=-102.11 elbow_flex.pos=+89.85 wrist_flex.pos=+77.81 wrist_roll.pos=-0.95 gripper.pos=+0.84
DEBUG 2026-08-20 06:33:55 [action #158] t=7.73s step=157 queue=10 dmax=0.392 | shoulder_pan.pos=-4.09 shoulder_lift.pos=-101.72 elbow_flex.pos=+89.53 wrist_flex.pos=+77.69 wrist_roll.pos=-0.98 gripper.pos=+0.75
INFO 2026-08-20 06:33:56 Final action sent: shoulder_pan.pos=-4.09 shoulder_lift.pos=-101.72 elbow_flex.pos=+89.53 wrist_flex.pos=+77.69 wrist_roll.pos=-0.98 gripper.pos=+0.75
DEBUG 2026-08-20 06:33:56 === episode end | 8.4s | converged=True | actions=158 ===
DEBUG 2026-08-20 06:34:10 === episode start | task: 'put the roll on the tray' | duration: 30.0s ===
DEBUG 2026-08-20 06:34:11 [chunk] received 50 actions, timesteps 0..49 | first: shoulder_pan.pos=-4.36 shoulder_lift.pos=-102.07 elbow_flex.pos=+88.36 wrist_flex.pos=+77.69 wrist_roll.pos=-0.89 gripper.pos=+0.75 | last: shoulder_pan.pos=-3.80 shoulder_lift.pos=-102.07 elbow_flex.pos=+88.98 wrist_flex.pos=+79.03 wrist_roll.pos=-1.37 gripper.pos=+0.76
DEBUG 2026-08-20 06:34:11 [action #1] t=0.87s step=0 queue=50 dmax=n/a | shoulder_pan.pos=-4.36 shoulder_lift.pos=-102.07 elbow_flex.pos=+88.36 wrist_flex.pos=+77.69 wrist_roll.pos=-0.89 gripper.pos=+0.75
DEBUG 2026-08-20 06:34:11 [action #2] t=0.90s step=1 queue=49 dmax=0.642 | shoulder_pan.pos=-4.16 shoulder_lift.pos=-101.57 elbow_flex.pos=+89.00 wrist_flex.pos=+77.89 wrist_roll.pos=-0.89 gripper.pos=+0.72
DEBUG 2026-08-20 06:34:11 [action #3] t=0.94s step=2 queue=48 dmax=0.413 | shoulder_pan.pos=-4.23 shoulder_lift.pos=-101.98 elbow_flex.pos=+88.72 wrist_flex.pos=+77.98 wrist_roll.pos=-1.03 gripper.pos=+0.93
DEBUG 2026-08-20 06:34:11 [action #4] t=0.97s step=3 queue=47 dmax=0.251 | shoulder_pan.pos=-4.01 shoulder_lift.pos=-102.23 elbow_flex.pos=+88.94 wrist_flex.pos=+78.23 wrist_roll.pos=-1.05 gripper.pos=+0.89
DEBUG 2026-08-20 06:34:11 [action #5] t=1.00s step=4 queue=46 dmax=0.181 | shoulder_pan.pos=-4.09 shoulder_lift.pos=-102.05 elbow_flex.pos=+88.80 wrist_flex.pos=+78.29 wrist_roll.pos=-0.97 gripper.pos=+0.79
DEBUG 2026-08-20 06:34:11 [action #6] t=1.04s step=5 queue=45 dmax=0.402 | shoulder_pan.pos=-4.28 shoulder_lift.pos=-101.65 elbow_flex.pos=+88.55 wrist_flex.pos=+78.32 wrist_roll.pos=-0.96 gripper.pos=+0.77
DEBUG 2026-08-20 06:34:11 [action #7] t=1.07s step=6 queue=44 dmax=1.117 | shoulder_pan.pos=-4.01 shoulder_lift.pos=-102.10 elbow_flex.pos=+89.67 wrist_flex.pos=+78.58 wrist_roll.pos=-0.98 gripper.pos=+0.72
DEBUG 2026-08-20 06:34:11 [action #8] t=1.10s step=7 queue=43 dmax=1.055 | shoulder_pan.pos=-4.00 shoulder_lift.pos=-101.90 elbow_flex.pos=+88.62 wrist_flex.pos=+78.67 wrist_roll.pos=-0.97 gripper.pos=+0.68
DEBUG 2026-08-20 06:34:11 [action #9] t=1.14s step=8 queue=42 dmax=0.691 | shoulder_pan.pos=-3.71 shoulder_lift.pos=-102.59 elbow_flex.pos=+89.04 wrist_flex.pos=+78.74 wrist_roll.pos=-1.08 gripper.pos=+0.77
DEBUG 2026-08-20 06:34:12 [action #10] t=1.17s step=9 queue=41 dmax=0.472 | shoulder_pan.pos=-3.85 shoulder_lift.pos=-102.12 elbow_flex.pos=+88.89 wrist_flex.pos=+78.85 wrist_roll.pos=-1.07 gripper.pos=+0.68
DEBUG 2026-08-20 06:34:12 [action #11] t=1.20s step=10 queue=40 dmax=0.607 | shoulder_pan.pos=-3.84 shoulder_lift.pos=-102.73 elbow_flex.pos=+88.51 wrist_flex.pos=+79.03 wrist_roll.pos=-1.05 gripper.pos=+0.81
DEBUG 2026-08-20 06:34:12 [action #12] t=1.24s step=11 queue=39 dmax=0.706 | shoulder_pan.pos=-3.74 shoulder_lift.pos=-102.02 elbow_flex.pos=+89.03 wrist_flex.pos=+79.01 wrist_roll.pos=-0.96 gripper.pos=+0.80
DEBUG 2026-08-20 06:34:12 [action #13] t=1.27s step=12 queue=38 dmax=0.553 | shoulder_pan.pos=-3.85 shoulder_lift.pos=-102.57 elbow_flex.pos=+88.55 wrist_flex.pos=+79.08 wrist_roll.pos=-1.05 gripper.pos=+0.81
DEBUG 2026-08-20 06:34:12 [action #14] t=1.30s step=13 queue=37 dmax=0.592 | shoulder_pan.pos=-3.73 shoulder_lift.pos=-101.98 elbow_flex.pos=+88.83 wrist_flex.pos=+79.08 wrist_roll.pos=-1.02 gripper.pos=+0.67
DEBUG 2026-08-20 06:34:12 [action #15] t=1.34s step=14 queue=36 dmax=0.206 | shoulder_pan.pos=-3.93 shoulder_lift.pos=-102.19 elbow_flex.pos=+88.81 wrist_flex.pos=+79.05 wrist_roll.pos=-1.04 gripper.pos=+0.73
DEBUG 2026-08-20 06:34:12 [action #16] t=1.37s step=15 queue=35 dmax=0.364 | shoulder_pan.pos=-3.57 shoulder_lift.pos=-102.40 elbow_flex.pos=+88.70 wrist_flex.pos=+78.94 wrist_roll.pos=-0.97 gripper.pos=+0.73
DEBUG 2026-08-20 06:34:12 [action #17] t=1.41s step=16 queue=34 dmax=0.954 | shoulder_pan.pos=-3.79 shoulder_lift.pos=-101.45 elbow_flex.pos=+88.67 wrist_flex.pos=+78.92 wrist_roll.pos=-1.02 gripper.pos=+0.62
DEBUG 2026-08-20 06:34:12 [action #18] t=1.44s step=17 queue=33 dmax=0.869 | shoulder_pan.pos=-3.76 shoulder_lift.pos=-102.32 elbow_flex.pos=+88.31 wrist_flex.pos=+78.90 wrist_roll.pos=-1.09 gripper.pos=+0.65
DEBUG 2026-08-20 06:34:12 [action #19] t=1.47s step=18 queue=32 dmax=0.850 | shoulder_pan.pos=-3.63 shoulder_lift.pos=-101.47 elbow_flex.pos=+88.74 wrist_flex.pos=+78.77 wrist_roll.pos=-1.01 gripper.pos=+0.74
DEBUG 2026-08-20 06:34:12 [action #20] t=1.51s step=19 queue=31 dmax=0.775 | shoulder_pan.pos=-3.65 shoulder_lift.pos=-102.24 elbow_flex.pos=+88.63 wrist_flex.pos=+78.76 wrist_roll.pos=-1.05 gripper.pos=+0.70
DEBUG 2026-08-20 06:34:12 [action #21] t=1.54s step=20 queue=30 dmax=1.150 | shoulder_pan.pos=-4.09 shoulder_lift.pos=-101.09 elbow_flex.pos=+88.50 wrist_flex.pos=+78.88 wrist_roll.pos=-1.02 gripper.pos=+0.57
DEBUG 2026-08-20 06:34:12 [action #22] t=1.57s step=21 queue=29 dmax=0.834 | shoulder_pan.pos=-3.65 shoulder_lift.pos=-101.93 elbow_flex.pos=+88.99 wrist_flex.pos=+78.67 wrist_roll.pos=-1.10 gripper.pos=+0.74
DEBUG 2026-08-20 06:34:12 [action #23] t=1.61s step=22 queue=28 dmax=0.779 | shoulder_pan.pos=-3.87 shoulder_lift.pos=-102.70 elbow_flex.pos=+88.70 wrist_flex.pos=+78.61 wrist_roll.pos=-1.06 gripper.pos=+0.64
DEBUG 2026-08-20 06:34:12 [action #24] t=1.64s step=23 queue=27 dmax=0.610 | shoulder_pan.pos=-3.79 shoulder_lift.pos=-102.09 elbow_flex.pos=+89.02 wrist_flex.pos=+78.64 wrist_roll.pos=-1.00 gripper.pos=+0.58
DEBUG 2026-08-20 06:34:12 [action #25] t=1.67s step=24 queue=26 dmax=0.295 | shoulder_pan.pos=-3.88 shoulder_lift.pos=-101.80 elbow_flex.pos=+89.06 wrist_flex.pos=+78.69 wrist_roll.pos=-1.03 gripper.pos=+0.65
DEBUG 2026-08-20 06:34:12 [action #26] t=1.71s step=25 queue=25 dmax=0.317 | shoulder_pan.pos=-3.65 shoulder_lift.pos=-101.87 elbow_flex.pos=+88.75 wrist_flex.pos=+78.60 wrist_roll.pos=-1.06 gripper.pos=+0.66
DEBUG 2026-08-20 06:34:12 [action #27] t=1.74s step=26 queue=24 dmax=0.295 | shoulder_pan.pos=-3.90 shoulder_lift.pos=-102.17 elbow_flex.pos=+88.78 wrist_flex.pos=+78.48 wrist_roll.pos=-1.03 gripper.pos=+0.62
DEBUG 2026-08-20 06:34:12 [action #28] t=1.77s step=27 queue=23 dmax=0.396 | shoulder_pan.pos=-3.76 shoulder_lift.pos=-101.77 elbow_flex.pos=+88.89 wrist_flex.pos=+78.41 wrist_roll.pos=-1.11 gripper.pos=+0.60
DEBUG 2026-08-20 06:34:12 [action #29] t=1.81s step=28 queue=22 dmax=0.125 | shoulder_pan.pos=-3.68 shoulder_lift.pos=-101.90 elbow_flex.pos=+88.81 wrist_flex.pos=+78.38 wrist_roll.pos=-1.08 gripper.pos=+0.65
DEBUG 2026-08-20 06:34:12 [action #30] t=1.84s step=29 queue=21 dmax=0.429 | shoulder_pan.pos=-3.63 shoulder_lift.pos=-101.47 elbow_flex.pos=+89.11 wrist_flex.pos=+78.35 wrist_roll.pos=-1.08 gripper.pos=+0.68
DEBUG 2026-08-20 06:34:12 [action #31] t=1.87s step=30 queue=20 dmax=0.717 | shoulder_pan.pos=-3.80 shoulder_lift.pos=-102.18 elbow_flex.pos=+89.05 wrist_flex.pos=+78.51 wrist_roll.pos=-1.13 gripper.pos=+0.67
DEBUG 2026-08-20 06:34:12 [action #32] t=1.91s step=31 queue=19 dmax=0.453 | shoulder_pan.pos=-3.79 shoulder_lift.pos=-101.73 elbow_flex.pos=+89.15 wrist_flex.pos=+78.49 wrist_roll.pos=-1.24 gripper.pos=+0.67
DEBUG 2026-08-20 06:34:12 [action #33] t=1.94s step=32 queue=18 dmax=0.469 | shoulder_pan.pos=-3.85 shoulder_lift.pos=-102.20 elbow_flex.pos=+88.92 wrist_flex.pos=+78.59 wrist_roll.pos=-1.25 gripper.pos=+0.72
DEBUG 2026-08-20 06:34:12 [action #34] t=1.98s step=33 queue=17 dmax=0.252 | shoulder_pan.pos=-3.92 shoulder_lift.pos=-102.45 elbow_flex.pos=+89.02 wrist_flex.pos=+78.44 wrist_roll.pos=-1.18 gripper.pos=+0.67
DEBUG 2026-08-20 06:34:12 [action #35] t=2.01s step=34 queue=16 dmax=0.488 | shoulder_pan.pos=-3.83 shoulder_lift.pos=-101.96 elbow_flex.pos=+89.18 wrist_flex.pos=+78.62 wrist_roll.pos=-1.25 gripper.pos=+0.66
DEBUG 2026-08-20 06:34:12 [action #36] t=2.04s step=35 queue=15 dmax=0.206 | shoulder_pan.pos=-3.67 shoulder_lift.pos=-102.03 elbow_flex.pos=+88.97 wrist_flex.pos=+78.47 wrist_roll.pos=-1.16 gripper.pos=+0.64
DEBUG 2026-08-20 06:34:12 [action #37] t=2.08s step=36 queue=14 dmax=0.346 | shoulder_pan.pos=-3.70 shoulder_lift.pos=-101.77 elbow_flex.pos=+88.63 wrist_flex.pos=+78.54 wrist_roll.pos=-1.22 gripper.pos=+0.66
DEBUG 2026-08-20 06:34:12 [action #38] t=2.11s step=37 queue=13 dmax=0.332 | shoulder_pan.pos=-3.66 shoulder_lift.pos=-101.88 elbow_flex.pos=+88.96 wrist_flex.pos=+78.52 wrist_roll.pos=-1.25 gripper.pos=+0.55
DEBUG 2026-08-20 06:34:12 [action #39] t=2.14s step=38 queue=12 dmax=0.226 | shoulder_pan.pos=-3.83 shoulder_lift.pos=-101.88 elbow_flex.pos=+89.19 wrist_flex.pos=+78.71 wrist_roll.pos=-1.20 gripper.pos=+0.66
DEBUG 2026-08-20 06:34:13 [action #40] t=2.18s step=39 queue=11 dmax=0.449 | shoulder_pan.pos=-3.69 shoulder_lift.pos=-101.70 elbow_flex.pos=+88.74 wrist_flex.pos=+78.69 wrist_roll.pos=-1.22 gripper.pos=+0.72
DEBUG 2026-08-20 06:34:13 [action #41] t=2.21s step=40 queue=10 dmax=0.204 | shoulder_pan.pos=-3.60 shoulder_lift.pos=-101.90 elbow_flex.pos=+88.63 wrist_flex.pos=+78.72 wrist_roll.pos=-1.20 gripper.pos=+0.66
DEBUG 2026-08-20 06:34:13 [action #42] t=2.24s step=41 queue=9 dmax=0.327 | shoulder_pan.pos=-3.62 shoulder_lift.pos=-101.95 elbow_flex.pos=+88.96 wrist_flex.pos=+78.81 wrist_roll.pos=-1.22 gripper.pos=+0.59
DEBUG 2026-08-20 06:34:13 [action #43] t=2.28s step=42 queue=8 dmax=0.237 | shoulder_pan.pos=-3.64 shoulder_lift.pos=-101.71 elbow_flex.pos=+88.93 wrist_flex.pos=+78.82 wrist_roll.pos=-1.27 gripper.pos=+0.81
DEBUG 2026-08-20 06:34:13 [action #44] t=2.31s step=43 queue=7 dmax=0.393 | shoulder_pan.pos=-3.81 shoulder_lift.pos=-102.09 elbow_flex.pos=+89.32 wrist_flex.pos=+78.91 wrist_roll.pos=-1.35 gripper.pos=+0.97
DEBUG 2026-08-20 06:34:13 [action #45] t=2.34s step=44 queue=6 dmax=0.604 | shoulder_pan.pos=-3.82 shoulder_lift.pos=-101.49 elbow_flex.pos=+89.41 wrist_flex.pos=+78.97 wrist_roll.pos=-1.29 gripper.pos=+0.87
DEBUG 2026-08-20 06:34:13 [action #46] t=2.38s step=45 queue=5 dmax=0.783 | shoulder_pan.pos=-3.73 shoulder_lift.pos=-102.27 elbow_flex.pos=+89.83 wrist_flex.pos=+78.87 wrist_roll.pos=-1.30 gripper.pos=+0.93
DEBUG 2026-08-20 06:34:13 [action #47] t=2.41s step=46 queue=4 dmax=0.688 | shoulder_pan.pos=-3.71 shoulder_lift.pos=-102.00 elbow_flex.pos=+89.14 wrist_flex.pos=+78.96 wrist_roll.pos=-1.31 gripper.pos=+0.86
DEBUG 2026-08-20 06:34:13 [action #48] t=2.44s step=47 queue=3 dmax=0.481 | shoulder_pan.pos=-3.85 shoulder_lift.pos=-101.52 elbow_flex.pos=+88.86 wrist_flex.pos=+79.03 wrist_roll.pos=-1.27 gripper.pos=+0.79
DEBUG 2026-08-20 06:34:13 [chunk] received 50 actions, timesteps 20..69 | first: shoulder_pan.pos=-3.66 shoulder_lift.pos=-101.85 elbow_flex.pos=+89.54 wrist_flex.pos=+77.43 wrist_roll.pos=-0.91 gripper.pos=+0.79 | last: shoulder_pan.pos=-3.10 shoulder_lift.pos=-102.23 elbow_flex.pos=+89.39 wrist_flex.pos=+78.13 wrist_roll.pos=-0.99 gripper.pos=+0.92
DEBUG 2026-08-20 06:34:13 [action #49] t=2.48s step=48 queue=22 dmax=0.575 | shoulder_pan.pos=-3.46 shoulder_lift.pos=-102.03 elbow_flex.pos=+89.43 wrist_flex.pos=+78.52 wrist_roll.pos=-1.03 gripper.pos=+0.80
DEBUG 2026-08-20 06:34:13 [action #50] t=2.51s step=49 queue=21 dmax=0.350 | shoulder_pan.pos=-3.54 shoulder_lift.pos=-101.92 elbow_flex.pos=+89.08 wrist_flex.pos=+78.44 wrist_roll.pos=-1.10 gripper.pos=+0.67
DEBUG 2026-08-20 06:34:13 [action #51] t=2.54s step=50 queue=20 dmax=0.756 | shoulder_pan.pos=-3.33 shoulder_lift.pos=-101.95 elbow_flex.pos=+89.84 wrist_flex.pos=+78.34 wrist_roll.pos=-0.86 gripper.pos=+0.70
DEBUG 2026-08-20 06:34:13 [action #52] t=2.58s step=51 queue=19 dmax=0.131 | shoulder_pan.pos=-3.30 shoulder_lift.pos=-101.97 elbow_flex.pos=+89.88 wrist_flex.pos=+78.47 wrist_roll.pos=-0.90 gripper.pos=+0.78
DEBUG 2026-08-20 06:34:13 [action #53] t=2.61s step=52 queue=18 dmax=0.270 | shoulder_pan.pos=-3.57 shoulder_lift.pos=-101.70 elbow_flex.pos=+89.88 wrist_flex.pos=+78.27 wrist_roll.pos=-0.91 gripper.pos=+0.72
DEBUG 2026-08-20 06:34:13 [action #54] t=2.64s step=53 queue=17 dmax=0.603 | shoulder_pan.pos=-3.47 shoulder_lift.pos=-102.13 elbow_flex.pos=+89.28 wrist_flex.pos=+78.29 wrist_roll.pos=-0.99 gripper.pos=+0.83
DEBUG 2026-08-20 06:34:13 [action #55] t=2.68s step=54 queue=16 dmax=0.500 | shoulder_pan.pos=-3.56 shoulder_lift.pos=-101.63 elbow_flex.pos=+89.71 wrist_flex.pos=+78.24 wrist_roll.pos=-1.01 gripper.pos=+0.83
DEBUG 2026-08-20 06:34:13 [action #56] t=2.71s step=55 queue=15 dmax=0.424 | shoulder_pan.pos=-3.14 shoulder_lift.pos=-101.80 elbow_flex.pos=+89.39 wrist_flex.pos=+78.13 wrist_roll.pos=-0.96 gripper.pos=+0.81
DEBUG 2026-08-20 06:34:13 [action #57] t=2.74s step=56 queue=14 dmax=0.432 | shoulder_pan.pos=-3.35 shoulder_lift.pos=-101.99 elbow_flex.pos=+89.82 wrist_flex.pos=+78.28 wrist_roll.pos=-0.94 gripper.pos=+0.79
DEBUG 2026-08-20 06:34:13 [action #58] t=2.78s step=57 queue=13 dmax=0.956 | shoulder_pan.pos=-3.48 shoulder_lift.pos=-101.69 elbow_flex.pos=+88.87 wrist_flex.pos=+78.22 wrist_roll.pos=-0.95 gripper.pos=+0.76
DEBUG 2026-08-20 06:34:13 [action #59] t=2.81s step=58 queue=12 dmax=0.205 | shoulder_pan.pos=-3.28 shoulder_lift.pos=-101.63 elbow_flex.pos=+89.04 wrist_flex.pos=+78.23 wrist_roll.pos=-1.04 gripper.pos=+0.85
DEBUG 2026-08-20 06:34:13 [action #60] t=2.84s step=59 queue=11 dmax=0.286 | shoulder_pan.pos=-3.56 shoulder_lift.pos=-101.87 elbow_flex.pos=+88.97 wrist_flex.pos=+78.19 wrist_roll.pos=-1.03 gripper.pos=+0.77
DEBUG 2026-08-20 06:34:13 [action #61] t=2.88s step=60 queue=10 dmax=0.372 | shoulder_pan.pos=-3.35 shoulder_lift.pos=-101.84 elbow_flex.pos=+89.34 wrist_flex.pos=+78.17 wrist_roll.pos=-0.95 gripper.pos=+0.62
DEBUG 2026-08-20 06:34:13 [action #62] t=2.91s step=61 queue=9 dmax=0.295 | shoulder_pan.pos=-3.55 shoulder_lift.pos=-102.13 elbow_flex.pos=+89.49 wrist_flex.pos=+78.40 wrist_roll.pos=-1.00 gripper.pos=+0.86
DEBUG 2026-08-20 06:34:13 [action #63] t=2.95s step=62 queue=8 dmax=0.522 | shoulder_pan.pos=-3.26 shoulder_lift.pos=-102.54 elbow_flex.pos=+88.97 wrist_flex.pos=+78.07 wrist_roll.pos=-0.93 gripper.pos=+0.84
DEBUG 2026-08-20 06:34:13 [action #64] t=2.98s step=63 queue=7 dmax=0.694 | shoulder_pan.pos=-3.45 shoulder_lift.pos=-102.00 elbow_flex.pos=+89.67 wrist_flex.pos=+78.27 wrist_roll.pos=-1.00 gripper.pos=+0.82
DEBUG 2026-08-20 06:34:13 [action #65] t=3.01s step=64 queue=6 dmax=0.635 | shoulder_pan.pos=-3.43 shoulder_lift.pos=-101.37 elbow_flex.pos=+89.41 wrist_flex.pos=+78.02 wrist_roll.pos=-1.00 gripper.pos=+0.76
DEBUG 2026-08-20 06:34:13 [action #66] t=3.05s step=65 queue=5 dmax=1.122 | shoulder_pan.pos=-3.25 shoulder_lift.pos=-102.49 elbow_flex.pos=+89.55 wrist_flex.pos=+78.26 wrist_roll.pos=-0.96 gripper.pos=+0.75
DEBUG 2026-08-20 06:34:13 [action #67] t=3.08s step=66 queue=4 dmax=0.258 | shoulder_pan.pos=-3.26 shoulder_lift.pos=-102.41 elbow_flex.pos=+89.29 wrist_flex.pos=+78.09 wrist_roll.pos=-0.92 gripper.pos=+0.84
DEBUG 2026-08-20 06:34:13 [action #68] t=3.11s step=67 queue=3 dmax=0.072 | shoulder_pan.pos=-3.20 shoulder_lift.pos=-102.34 elbow_flex.pos=+89.27 wrist_flex.pos=+78.04 wrist_roll.pos=-0.97 gripper.pos=+0.78
DEBUG 2026-08-20 06:34:14 [action #69] t=3.15s step=68 queue=2 dmax=0.800 | shoulder_pan.pos=-3.24 shoulder_lift.pos=-101.54 elbow_flex.pos=+89.17 wrist_flex.pos=+78.13 wrist_roll.pos=-0.96 gripper.pos=+0.65
DEBUG 2026-08-20 06:34:14 [action #70] t=3.18s step=69 queue=1 dmax=0.690 | shoulder_pan.pos=-3.10 shoulder_lift.pos=-102.23 elbow_flex.pos=+89.39 wrist_flex.pos=+78.13 wrist_roll.pos=-0.99 gripper.pos=+0.92
DEBUG 2026-08-20 06:34:14 [chunk] received 50 actions, timesteps 69..118 | first: shoulder_pan.pos=-3.80 shoulder_lift.pos=-101.90 elbow_flex.pos=+89.65 wrist_flex.pos=+77.09 wrist_roll.pos=-1.05 gripper.pos=+0.76 | last: shoulder_pan.pos=-3.57 shoulder_lift.pos=-101.77 elbow_flex.pos=+88.89 wrist_flex.pos=+78.75 wrist_roll.pos=-1.22 gripper.pos=+0.80
DEBUG 2026-08-20 06:34:14 [action #71] t=4.08s step=70 queue=49 dmax=0.683 | shoulder_pan.pos=-3.61 shoulder_lift.pos=-102.73 elbow_flex.pos=+89.27 wrist_flex.pos=+77.44 wrist_roll.pos=-1.09 gripper.pos=+0.73
DEBUG 2026-08-20 06:34:14 [action #72] t=4.12s step=71 queue=48 dmax=1.054 | shoulder_pan.pos=-3.74 shoulder_lift.pos=-101.67 elbow_flex.pos=+89.46 wrist_flex.pos=+77.44 wrist_roll.pos=-1.07 gripper.pos=+0.76
DEBUG 2026-08-20 06:34:15 [action #73] t=4.15s step=72 queue=47 dmax=0.635 | shoulder_pan.pos=-3.74 shoulder_lift.pos=-102.31 elbow_flex.pos=+89.39 wrist_flex.pos=+77.81 wrist_roll.pos=-1.01 gripper.pos=+0.81
DEBUG 2026-08-20 06:34:15 [action #74] t=4.18s step=73 queue=46 dmax=0.096 | shoulder_pan.pos=-3.76 shoulder_lift.pos=-102.34 elbow_flex.pos=+89.43 wrist_flex.pos=+77.73 wrist_roll.pos=-0.91 gripper.pos=+0.78
DEBUG 2026-08-20 06:34:15 [action #75] t=4.22s step=74 queue=45 dmax=0.640 | shoulder_pan.pos=-3.43 shoulder_lift.pos=-101.70 elbow_flex.pos=+89.59 wrist_flex.pos=+78.09 wrist_roll.pos=-1.00 gripper.pos=+0.78
DEBUG 2026-08-20 06:34:15 [action #76] t=4.25s step=75 queue=44 dmax=0.472 | shoulder_pan.pos=-3.71 shoulder_lift.pos=-102.17 elbow_flex.pos=+89.96 wrist_flex.pos=+78.40 wrist_roll.pos=-1.01 gripper.pos=+0.82
DEBUG 2026-08-20 06:34:15 [action #77] t=4.28s step=76 queue=43 dmax=0.914 | shoulder_pan.pos=-3.71 shoulder_lift.pos=-102.04 elbow_flex.pos=+89.04 wrist_flex.pos=+78.43 wrist_roll.pos=-1.09 gripper.pos=+0.71
DEBUG 2026-08-20 06:34:15 [action #78] t=4.32s step=77 queue=42 dmax=0.328 | shoulder_pan.pos=-3.73 shoulder_lift.pos=-102.15 elbow_flex.pos=+89.37 wrist_flex.pos=+78.64 wrist_roll.pos=-1.02 gripper.pos=+0.87
DEBUG 2026-08-20 06:34:15 [action #79] t=4.35s step=78 queue=41 dmax=0.606 | shoulder_pan.pos=-3.62 shoulder_lift.pos=-101.54 elbow_flex.pos=+89.05 wrist_flex.pos=+78.75 wrist_roll.pos=-0.99 gripper.pos=+0.77
DEBUG 2026-08-20 06:34:15 [action #80] t=4.38s step=79 queue=40 dmax=0.700 | shoulder_pan.pos=-3.77 shoulder_lift.pos=-102.24 elbow_flex.pos=+89.06 wrist_flex.pos=+78.73 wrist_roll.pos=-1.01 gripper.pos=+0.82
DEBUG 2026-08-20 06:34:15 [action #81] t=4.42s step=80 queue=39 dmax=0.435 | shoulder_pan.pos=-3.72 shoulder_lift.pos=-102.68 elbow_flex.pos=+89.19 wrist_flex.pos=+78.61 wrist_roll.pos=-1.01 gripper.pos=+0.77
DEBUG 2026-08-20 06:34:15 [action #82] t=4.45s step=81 queue=38 dmax=0.348 | shoulder_pan.pos=-3.69 shoulder_lift.pos=-102.33 elbow_flex.pos=+89.28 wrist_flex.pos=+78.67 wrist_roll.pos=-0.99 gripper.pos=+0.68
DEBUG 2026-08-20 06:34:15 [action #83] t=4.48s step=82 queue=37 dmax=0.501 | shoulder_pan.pos=-3.81 shoulder_lift.pos=-101.83 elbow_flex.pos=+89.26 wrist_flex.pos=+78.91 wrist_roll.pos=-0.98 gripper.pos=+0.71
DEBUG 2026-08-20 06:34:15 [action #84] t=4.52s step=83 queue=36 dmax=0.850 | shoulder_pan.pos=-3.79 shoulder_lift.pos=-102.68 elbow_flex.pos=+88.64 wrist_flex.pos=+78.93 wrist_roll.pos=-1.04 gripper.pos=+0.78
DEBUG 2026-08-20 06:34:15 [action #85] t=4.55s step=84 queue=35 dmax=0.345 | shoulder_pan.pos=-3.59 shoulder_lift.pos=-102.67 elbow_flex.pos=+88.99 wrist_flex.pos=+79.11 wrist_roll.pos=-1.00 gripper.pos=+0.69
DEBUG 2026-08-20 06:34:15 [action #86] t=4.58s step=85 queue=34 dmax=0.455 | shoulder_pan.pos=-3.66 shoulder_lift.pos=-102.22 elbow_flex.pos=+89.35 wrist_flex.pos=+78.92 wrist_roll.pos=-1.03 gripper.pos=+0.67
DEBUG 2026-08-20 06:34:15 [action #87] t=4.62s step=86 queue=33 dmax=0.367 | shoulder_pan.pos=-3.95 shoulder_lift.pos=-101.85 elbow_flex.pos=+89.04 wrist_flex.pos=+79.11 wrist_roll.pos=-0.97 gripper.pos=+0.75
DEBUG 2026-08-20 06:34:15 [action #88] t=4.65s step=87 queue=32 dmax=0.516 | shoulder_pan.pos=-3.81 shoulder_lift.pos=-102.37 elbow_flex.pos=+88.82 wrist_flex.pos=+79.04 wrist_roll.pos=-0.99 gripper.pos=+0.77
DEBUG 2026-08-20 06:34:15 [action #89] t=4.69s step=88 queue=31 dmax=1.181 | shoulder_pan.pos=-3.88 shoulder_lift.pos=-102.03 elbow_flex.pos=+90.00 wrist_flex.pos=+79.06 wrist_roll.pos=-1.11 gripper.pos=+0.69
DEBUG 2026-08-20 06:34:15 [action #90] t=4.72s step=89 queue=30 dmax=0.352 | shoulder_pan.pos=-3.83 shoulder_lift.pos=-102.07 elbow_flex.pos=+89.65 wrist_flex.pos=+78.89 wrist_roll.pos=-0.97 gripper.pos=+0.84
DEBUG 2026-08-20 06:34:15 [action #91] t=4.75s step=90 queue=29 dmax=0.358 | shoulder_pan.pos=-3.56 shoulder_lift.pos=-101.72 elbow_flex.pos=+89.64 wrist_flex.pos=+78.95 wrist_roll.pos=-1.07 gripper.pos=+0.82
DEBUG 2026-08-20 06:34:15 [action #92] t=4.79s step=91 queue=28 dmax=0.859 | shoulder_pan.pos=-3.97 shoulder_lift.pos=-102.58 elbow_flex.pos=+89.82 wrist_flex.pos=+78.84 wrist_roll.pos=-1.05 gripper.pos=+0.60
DEBUG 2026-08-20 06:34:15 [action #93] t=4.82s step=92 queue=27 dmax=0.495 | shoulder_pan.pos=-3.56 shoulder_lift.pos=-102.14 elbow_flex.pos=+89.32 wrist_flex.pos=+78.88 wrist_roll.pos=-0.99 gripper.pos=+0.74
DEBUG 2026-08-20 06:34:15 [action #94] t=4.85s step=93 queue=26 dmax=0.223 | shoulder_pan.pos=-3.78 shoulder_lift.pos=-102.08 elbow_flex.pos=+89.29 wrist_flex.pos=+78.87 wrist_roll.pos=-0.97 gripper.pos=+0.65
DEBUG 2026-08-20 06:34:15 [action #95] t=4.89s step=94 queue=25 dmax=0.509 | shoulder_pan.pos=-3.57 shoulder_lift.pos=-101.58 elbow_flex.pos=+89.20 wrist_flex.pos=+78.94 wrist_roll.pos=-1.00 gripper.pos=+0.78
DEBUG 2026-08-20 06:34:15 [action #96] t=4.92s step=95 queue=24 dmax=0.376 | shoulder_pan.pos=-3.74 shoulder_lift.pos=-101.59 elbow_flex.pos=+89.57 wrist_flex.pos=+78.81 wrist_roll.pos=-1.00 gripper.pos=+0.65
DEBUG 2026-08-20 06:34:15 [action #97] t=4.95s step=96 queue=23 dmax=0.802 | shoulder_pan.pos=-3.66 shoulder_lift.pos=-101.59 elbow_flex.pos=+88.77 wrist_flex.pos=+78.82 wrist_roll.pos=-1.00 gripper.pos=+0.72
DEBUG 2026-08-20 06:34:15 [action #98] t=4.99s step=97 queue=22 dmax=0.643 | shoulder_pan.pos=-3.56 shoulder_lift.pos=-102.23 elbow_flex.pos=+89.23 wrist_flex.pos=+78.84 wrist_roll.pos=-0.99 gripper.pos=+0.69
DEBUG 2026-08-20 06:34:15 [action #99] t=5.02s step=98 queue=21 dmax=0.647 | shoulder_pan.pos=-3.69 shoulder_lift.pos=-101.59 elbow_flex.pos=+89.15 wrist_flex.pos=+78.95 wrist_roll.pos=-0.95 gripper.pos=+0.68
DEBUG 2026-08-20 06:34:15 [action #100] t=5.05s step=99 queue=20 dmax=0.280 | shoulder_pan.pos=-3.49 shoulder_lift.pos=-101.60 elbow_flex.pos=+88.87 wrist_flex.pos=+78.76 wrist_roll.pos=-1.02 gripper.pos=+0.78
DEBUG 2026-08-20 06:34:15 [action #101] t=5.09s step=100 queue=19 dmax=0.616 | shoulder_pan.pos=-3.58 shoulder_lift.pos=-102.21 elbow_flex.pos=+88.36 wrist_flex.pos=+78.82 wrist_roll.pos=-0.96 gripper.pos=+0.67
DEBUG 2026-08-20 06:34:15 [action #102] t=5.12s step=101 queue=18 dmax=0.770 | shoulder_pan.pos=-3.83 shoulder_lift.pos=-101.52 elbow_flex.pos=+89.13 wrist_flex.pos=+78.88 wrist_roll.pos=-1.06 gripper.pos=+0.78
DEBUG 2026-08-20 06:34:16 [action #103] t=5.15s step=102 queue=17 dmax=0.383 | shoulder_pan.pos=-3.55 shoulder_lift.pos=-101.91 elbow_flex.pos=+88.98 wrist_flex.pos=+78.87 wrist_roll.pos=-0.92 gripper.pos=+0.70
DEBUG 2026-08-20 06:34:16 [action #104] t=5.19s step=103 queue=16 dmax=0.358 | shoulder_pan.pos=-3.46 shoulder_lift.pos=-101.58 elbow_flex.pos=+89.33 wrist_flex.pos=+79.05 wrist_roll.pos=-1.03 gripper.pos=+0.69
DEBUG 2026-08-20 06:34:16 [action #105] t=5.22s step=104 queue=15 dmax=0.553 | shoulder_pan.pos=-3.61 shoulder_lift.pos=-102.14 elbow_flex.pos=+88.84 wrist_flex.pos=+78.82 wrist_roll.pos=-0.95 gripper.pos=+0.77
DEBUG 2026-08-20 06:34:16 [action #106] t=5.25s step=105 queue=14 dmax=0.331 | shoulder_pan.pos=-3.59 shoulder_lift.pos=-102.26 elbow_flex.pos=+88.51 wrist_flex.pos=+78.75 wrist_roll.pos=-1.06 gripper.pos=+0.71
DEBUG 2026-08-20 06:34:16 [action #107] t=5.29s step=106 queue=13 dmax=0.858 | shoulder_pan.pos=-3.47 shoulder_lift.pos=-101.40 elbow_flex.pos=+89.31 wrist_flex.pos=+79.01 wrist_roll.pos=-1.02 gripper.pos=+0.80
DEBUG 2026-08-20 06:34:16 [action #108] t=5.32s step=107 queue=12 dmax=0.502 | shoulder_pan.pos=-3.48 shoulder_lift.pos=-101.76 elbow_flex.pos=+88.81 wrist_flex.pos=+78.86 wrist_roll.pos=-1.02 gripper.pos=+0.64
DEBUG 2026-08-20 06:34:16 [action #109] t=5.35s step=108 queue=11 dmax=0.263 | shoulder_pan.pos=-3.74 shoulder_lift.pos=-101.71 elbow_flex.pos=+88.98 wrist_flex.pos=+78.87 wrist_roll.pos=-1.11 gripper.pos=+0.83
DEBUG 2026-08-20 06:34:16 [action #110] t=5.39s step=109 queue=10 dmax=0.342 | shoulder_pan.pos=-3.52 shoulder_lift.pos=-101.75 elbow_flex.pos=+89.32 wrist_flex.pos=+78.69 wrist_roll.pos=-1.08 gripper.pos=+0.81
DEBUG 2026-08-20 06:34:16 [action #111] t=5.42s step=110 queue=9 dmax=0.450 | shoulder_pan.pos=-3.52 shoulder_lift.pos=-101.89 elbow_flex.pos=+88.87 wrist_flex.pos=+78.83 wrist_roll.pos=-1.06 gripper.pos=+0.68
DEBUG 2026-08-20 06:34:16 [action #112] t=5.45s step=111 queue=8 dmax=0.499 | shoulder_pan.pos=-3.32 shoulder_lift.pos=-101.39 elbow_flex.pos=+88.92 wrist_flex.pos=+78.82 wrist_roll.pos=-1.11 gripper.pos=+0.77
DEBUG 2026-08-20 06:34:16 [action #113] t=5.49s step=112 queue=7 dmax=0.750 | shoulder_pan.pos=-3.58 shoulder_lift.pos=-102.14 elbow_flex.pos=+88.72 wrist_flex.pos=+78.98 wrist_roll.pos=-1.22 gripper.pos=+0.65
DEBUG 2026-08-20 06:34:16 [action #114] t=5.52s step=113 queue=6 dmax=0.235 | shoulder_pan.pos=-3.61 shoulder_lift.pos=-101.90 elbow_flex.pos=+88.80 wrist_flex.pos=+78.92 wrist_roll.pos=-1.12 gripper.pos=+0.69
DEBUG 2026-08-20 06:34:16 [action #115] t=5.56s step=114 queue=5 dmax=0.322 | shoulder_pan.pos=-3.39 shoulder_lift.pos=-101.58 elbow_flex.pos=+88.93 wrist_flex.pos=+78.81 wrist_roll.pos=-1.15 gripper.pos=+0.76
DEBUG 2026-08-20 06:34:16 [action #116] t=5.59s step=115 queue=4 dmax=0.559 | shoulder_pan.pos=-3.05 shoulder_lift.pos=-102.14 elbow_flex.pos=+88.73 wrist_flex.pos=+79.04 wrist_roll.pos=-1.11 gripper.pos=+0.65
DEBUG 2026-08-20 06:34:16 [action #117] t=5.62s step=116 queue=3 dmax=0.389 | shoulder_pan.pos=-3.44 shoulder_lift.pos=-101.95 elbow_flex.pos=+88.87 wrist_flex.pos=+78.95 wrist_roll.pos=-1.18 gripper.pos=+0.69
DEBUG 2026-08-20 06:34:16 [action #118] t=5.66s step=117 queue=2 dmax=0.389 | shoulder_pan.pos=-3.09 shoulder_lift.pos=-101.56 elbow_flex.pos=+88.96 wrist_flex.pos=+78.81 wrist_roll.pos=-1.15 gripper.pos=+0.74
DEBUG 2026-08-20 06:34:16 [action #119] t=5.69s step=118 queue=1 dmax=0.481 | shoulder_pan.pos=-3.57 shoulder_lift.pos=-101.77 elbow_flex.pos=+88.89 wrist_flex.pos=+78.75 wrist_roll.pos=-1.22 gripper.pos=+0.80
DEBUG 2026-08-20 06:34:17 [chunk] received 50 actions, timesteps 118..167 | first: shoulder_pan.pos=-3.95 shoulder_lift.pos=-102.03 elbow_flex.pos=+88.92 wrist_flex.pos=+78.20 wrist_roll.pos=-0.83 gripper.pos=+0.89 | last: shoulder_pan.pos=-3.61 shoulder_lift.pos=-101.16 elbow_flex.pos=+88.56 wrist_flex.pos=+78.72 wrist_roll.pos=-1.07 gripper.pos=+0.67
DEBUG 2026-08-20 06:34:17 [action #120] t=6.56s step=119 queue=49 dmax=0.362 | shoulder_pan.pos=-3.65 shoulder_lift.pos=-101.64 elbow_flex.pos=+89.01 wrist_flex.pos=+78.43 wrist_roll.pos=-0.85 gripper.pos=+0.68
INFO 2026-08-20 06:34:19 Final action sent: shoulder_pan.pos=-3.65 shoulder_lift.pos=-101.64 elbow_flex.pos=+89.01 wrist_flex.pos=+78.43 wrist_roll.pos=-0.85 gripper.pos=+0.68
DEBUG 2026-08-20 06:34:19 === episode end | 8.5s | converged=True | actions=120 ===
DEBUG 2026-08-20 06:34:27 === episode start | task: 'put the roll on the tray' | duration: 30.0s ===
DEBUG 2026-08-20 06:34:28 [chunk] received 50 actions, timesteps 0..49 | first: shoulder_pan.pos=-4.24 shoulder_lift.pos=-102.09 elbow_flex.pos=+88.21 wrist_flex.pos=+79.05 wrist_roll.pos=-0.61 gripper.pos=+0.79 | last: shoulder_pan.pos=-3.43 shoulder_lift.pos=-102.14 elbow_flex.pos=+88.75 wrist_flex.pos=+78.48 wrist_roll.pos=-0.89 gripper.pos=+0.72
DEBUG 2026-08-20 06:34:28 [action #1] t=0.90s step=0 queue=50 dmax=n/a | shoulder_pan.pos=-4.24 shoulder_lift.pos=-102.09 elbow_flex.pos=+88.21 wrist_flex.pos=+79.05 wrist_roll.pos=-0.61 gripper.pos=+0.79
DEBUG 2026-08-20 06:34:28 [action #2] t=0.94s step=1 queue=49 dmax=0.529 | shoulder_pan.pos=-4.03 shoulder_lift.pos=-102.62 elbow_flex.pos=+88.38 wrist_flex.pos=+79.48 wrist_roll.pos=-0.54 gripper.pos=+0.88
DEBUG 2026-08-20 06:34:28 [action #3] t=0.97s step=2 queue=48 dmax=0.877 | shoulder_pan.pos=-4.31 shoulder_lift.pos=-101.74 elbow_flex.pos=+87.99 wrist_flex.pos=+79.75 wrist_roll.pos=-0.61 gripper.pos=+0.72
DEBUG 2026-08-20 06:34:28 [action #4] t=1.00s step=3 queue=47 dmax=0.459 | shoulder_pan.pos=-4.25 shoulder_lift.pos=-102.16 elbow_flex.pos=+88.45 wrist_flex.pos=+79.55 wrist_roll.pos=-0.60 gripper.pos=+0.70
DEBUG 2026-08-20 06:34:28 [action #5] t=1.04s step=4 queue=46 dmax=0.232 | shoulder_pan.pos=-4.02 shoulder_lift.pos=-102.35 elbow_flex.pos=+88.54 wrist_flex.pos=+79.48 wrist_roll.pos=-0.57 gripper.pos=+0.82
DEBUG 2026-08-20 06:34:28 [action #6] t=1.07s step=5 queue=45 dmax=0.383 | shoulder_pan.pos=-3.99 shoulder_lift.pos=-102.13 elbow_flex.pos=+88.93 wrist_flex.pos=+79.36 wrist_roll.pos=-0.60 gripper.pos=+0.75
DEBUG 2026-08-20 06:34:28 [action #7] t=1.10s step=6 queue=44 dmax=0.707 | shoulder_pan.pos=-4.01 shoulder_lift.pos=-101.42 elbow_flex.pos=+88.64 wrist_flex.pos=+79.15 wrist_roll.pos=-0.63 gripper.pos=+0.66
DEBUG 2026-08-20 06:34:28 [action #8] t=1.14s step=7 queue=43 dmax=0.718 | shoulder_pan.pos=-3.83 shoulder_lift.pos=-102.14 elbow_flex.pos=+88.72 wrist_flex.pos=+79.10 wrist_roll.pos=-0.63 gripper.pos=+0.73
DEBUG 2026-08-20 06:34:28 [action #9] t=1.17s step=8 queue=42 dmax=0.299 | shoulder_pan.pos=-4.13 shoulder_lift.pos=-102.10 elbow_flex.pos=+88.71 wrist_flex.pos=+79.23 wrist_roll.pos=-0.62 gripper.pos=+0.69
DEBUG 2026-08-20 06:34:28 [action #10] t=1.20s step=9 queue=41 dmax=0.303 | shoulder_pan.pos=-3.82 shoulder_lift.pos=-101.96 elbow_flex.pos=+88.68 wrist_flex.pos=+78.96 wrist_roll.pos=-0.75 gripper.pos=+0.77
DEBUG 2026-08-20 06:34:28 [action #11] t=1.24s step=10 queue=40 dmax=0.547 | shoulder_pan.pos=-4.07 shoulder_lift.pos=-101.83 elbow_flex.pos=+89.22 wrist_flex.pos=+79.12 wrist_roll.pos=-0.76 gripper.pos=+0.81
DEBUG 2026-08-20 06:34:28 [action #12] t=1.27s step=11 queue=39 dmax=0.234 | shoulder_pan.pos=-3.94 shoulder_lift.pos=-102.06 elbow_flex.pos=+89.03 wrist_flex.pos=+79.01 wrist_roll.pos=-0.71 gripper.pos=+0.79
DEBUG 2026-08-20 06:34:28 [action #13] t=1.30s step=12 queue=38 dmax=0.121 | shoulder_pan.pos=-3.86 shoulder_lift.pos=-102.15 elbow_flex.pos=+88.98 wrist_flex.pos=+78.89 wrist_roll.pos=-0.69 gripper.pos=+0.83
DEBUG 2026-08-20 06:34:28 [action #14] t=1.34s step=13 queue=37 dmax=0.113 | shoulder_pan.pos=-3.94 shoulder_lift.pos=-102.16 elbow_flex.pos=+88.87 wrist_flex.pos=+79.00 wrist_roll.pos=-0.74 gripper.pos=+0.83
DEBUG 2026-08-20 06:34:28 [action #15] t=1.37s step=14 queue=36 dmax=0.340 | shoulder_pan.pos=-3.77 shoulder_lift.pos=-101.83 elbow_flex.pos=+89.08 wrist_flex.pos=+78.87 wrist_roll.pos=-0.75 gripper.pos=+0.73
DEBUG 2026-08-20 06:34:28 [action #16] t=1.41s step=15 queue=35 dmax=0.288 | shoulder_pan.pos=-3.90 shoulder_lift.pos=-102.11 elbow_flex.pos=+89.02 wrist_flex.pos=+78.94 wrist_roll.pos=-0.66 gripper.pos=+0.82
DEBUG 2026-08-20 06:34:28 [action #17] t=1.44s step=16 queue=34 dmax=0.276 | shoulder_pan.pos=-3.63 shoulder_lift.pos=-102.04 elbow_flex.pos=+89.14 wrist_flex.pos=+78.86 wrist_roll.pos=-0.77 gripper.pos=+0.68
DEBUG 2026-08-20 06:34:28 [action #18] t=1.47s step=17 queue=33 dmax=0.438 | shoulder_pan.pos=-3.45 shoulder_lift.pos=-102.10 elbow_flex.pos=+88.70 wrist_flex.pos=+78.82 wrist_roll.pos=-0.76 gripper.pos=+0.59
DEBUG 2026-08-20 06:34:28 [action #19] t=1.51s step=18 queue=32 dmax=0.187 | shoulder_pan.pos=-3.59 shoulder_lift.pos=-102.28 elbow_flex.pos=+88.72 wrist_flex.pos=+78.73 wrist_roll.pos=-0.79 gripper.pos=+0.75
DEBUG 2026-08-20 06:34:28 [action #20] t=1.54s step=19 queue=31 dmax=0.084 | shoulder_pan.pos=-3.50 shoulder_lift.pos=-102.31 elbow_flex.pos=+88.66 wrist_flex.pos=+78.73 wrist_roll.pos=-0.78 gripper.pos=+0.79
DEBUG 2026-08-20 06:34:28 [action #21] t=1.57s step=20 queue=30 dmax=0.185 | shoulder_pan.pos=-3.53 shoulder_lift.pos=-102.29 elbow_flex.pos=+88.72 wrist_flex.pos=+78.91 wrist_roll.pos=-0.78 gripper.pos=+0.83
DEBUG 2026-08-20 06:34:28 [action #22] t=1.61s step=21 queue=29 dmax=0.345 | shoulder_pan.pos=-3.61 shoulder_lift.pos=-102.18 elbow_flex.pos=+88.37 wrist_flex.pos=+78.92 wrist_roll.pos=-0.81 gripper.pos=+0.60
DEBUG 2026-08-20 06:34:28 [action #23] t=1.64s step=22 queue=28 dmax=1.081 | shoulder_pan.pos=-3.67 shoulder_lift.pos=-101.73 elbow_flex.pos=+89.45 wrist_flex.pos=+78.93 wrist_roll.pos=-0.81 gripper.pos=+0.64
DEBUG 2026-08-20 06:34:29 [action #24] t=1.67s step=23 queue=27 dmax=0.771 | shoulder_pan.pos=-3.71 shoulder_lift.pos=-101.92 elbow_flex.pos=+88.68 wrist_flex.pos=+78.80 wrist_roll.pos=-0.80 gripper.pos=+0.78
DEBUG 2026-08-20 06:34:29 [action #25] t=1.71s step=24 queue=26 dmax=0.445 | shoulder_pan.pos=-3.61 shoulder_lift.pos=-101.97 elbow_flex.pos=+88.24 wrist_flex.pos=+78.82 wrist_roll.pos=-0.79 gripper.pos=+0.66
DEBUG 2026-08-20 06:34:29 [action #26] t=1.74s step=25 queue=25 dmax=0.467 | shoulder_pan.pos=-3.60 shoulder_lift.pos=-101.69 elbow_flex.pos=+88.70 wrist_flex.pos=+78.71 wrist_roll.pos=-0.79 gripper.pos=+0.58
DEBUG 2026-08-20 06:34:29 [action #27] t=1.77s step=26 queue=24 dmax=0.497 | shoulder_pan.pos=-3.57 shoulder_lift.pos=-102.19 elbow_flex.pos=+88.73 wrist_flex.pos=+78.81 wrist_roll.pos=-0.82 gripper.pos=+0.82
DEBUG 2026-08-20 06:34:29 [action #28] t=1.81s step=27 queue=23 dmax=0.481 | shoulder_pan.pos=-3.56 shoulder_lift.pos=-101.70 elbow_flex.pos=+88.93 wrist_flex.pos=+78.78 wrist_roll.pos=-0.83 gripper.pos=+0.72
DEBUG 2026-08-20 06:34:29 [action #29] t=1.84s step=28 queue=22 dmax=0.711 | shoulder_pan.pos=-3.82 shoulder_lift.pos=-102.42 elbow_flex.pos=+89.13 wrist_flex.pos=+78.88 wrist_roll.pos=-0.81 gripper.pos=+0.69
DEBUG 2026-08-20 06:34:29 [action #30] t=1.87s step=29 queue=21 dmax=0.802 | shoulder_pan.pos=-3.61 shoulder_lift.pos=-101.61 elbow_flex.pos=+89.14 wrist_flex.pos=+78.67 wrist_roll.pos=-0.90 gripper.pos=+0.67
DEBUG 2026-08-20 06:34:29 [action #31] t=1.91s step=30 queue=20 dmax=0.308 | shoulder_pan.pos=-3.67 shoulder_lift.pos=-101.92 elbow_flex.pos=+89.04 wrist_flex.pos=+78.60 wrist_roll.pos=-0.85 gripper.pos=+0.70
DEBUG 2026-08-20 06:34:29 [action #32] t=1.94s step=31 queue=19 dmax=0.452 | shoulder_pan.pos=-3.79 shoulder_lift.pos=-102.37 elbow_flex.pos=+88.64 wrist_flex.pos=+78.68 wrist_roll.pos=-0.80 gripper.pos=+0.77
DEBUG 2026-08-20 06:34:29 [action #33] t=1.97s step=32 queue=18 dmax=0.513 | shoulder_pan.pos=-3.70 shoulder_lift.pos=-101.86 elbow_flex.pos=+89.09 wrist_flex.pos=+78.63 wrist_roll.pos=-0.82 gripper.pos=+0.69
DEBUG 2026-08-20 06:34:29 [action #34] t=2.01s step=33 queue=17 dmax=0.320 | shoulder_pan.pos=-3.71 shoulder_lift.pos=-102.18 elbow_flex.pos=+89.14 wrist_flex.pos=+78.69 wrist_roll.pos=-0.84 gripper.pos=+0.78
DEBUG 2026-08-20 06:34:29 [action #35] t=2.04s step=34 queue=16 dmax=0.442 | shoulder_pan.pos=-3.87 shoulder_lift.pos=-102.62 elbow_flex.pos=+89.38 wrist_flex.pos=+78.82 wrist_roll.pos=-0.77 gripper.pos=+0.57
DEBUG 2026-08-20 06:34:29 [action #36] t=2.07s step=35 queue=15 dmax=0.721 | shoulder_pan.pos=-3.66 shoulder_lift.pos=-101.90 elbow_flex.pos=+89.20 wrist_flex.pos=+78.68 wrist_roll.pos=-0.86 gripper.pos=+0.70
DEBUG 2026-08-20 06:34:29 [action #37] t=2.11s step=36 queue=14 dmax=0.380 | shoulder_pan.pos=-3.88 shoulder_lift.pos=-101.91 elbow_flex.pos=+88.82 wrist_flex.pos=+78.82 wrist_roll.pos=-0.80 gripper.pos=+0.73
DEBUG 2026-08-20 06:34:29 [action #38] t=2.14s step=37 queue=13 dmax=0.499 | shoulder_pan.pos=-3.71 shoulder_lift.pos=-102.41 elbow_flex.pos=+89.17 wrist_flex.pos=+78.65 wrist_roll.pos=-0.82 gripper.pos=+0.69
DEBUG 2026-08-20 06:34:29 [action #39] t=2.17s step=38 queue=12 dmax=0.574 | shoulder_pan.pos=-3.73 shoulder_lift.pos=-102.22 elbow_flex.pos=+88.59 wrist_flex.pos=+78.46 wrist_roll.pos=-0.84 gripper.pos=+0.72
DEBUG 2026-08-20 06:34:29 [action #40] t=2.21s step=39 queue=11 dmax=0.140 | shoulder_pan.pos=-3.60 shoulder_lift.pos=-102.35 elbow_flex.pos=+88.70 wrist_flex.pos=+78.60 wrist_roll.pos=-0.92 gripper.pos=+0.72
DEBUG 2026-08-20 06:34:29 [action #41] t=2.24s step=40 queue=10 dmax=0.384 | shoulder_pan.pos=-3.73 shoulder_lift.pos=-101.97 elbow_flex.pos=+89.07 wrist_flex.pos=+78.63 wrist_roll.pos=-0.90 gripper.pos=+0.61
DEBUG 2026-08-20 06:34:29 [action #42] t=2.27s step=41 queue=9 dmax=0.452 | shoulder_pan.pos=-3.64 shoulder_lift.pos=-101.79 elbow_flex.pos=+88.62 wrist_flex.pos=+78.55 wrist_roll.pos=-0.87 gripper.pos=+0.73
DEBUG 2026-08-20 06:34:29 [action #43] t=2.31s step=42 queue=8 dmax=0.490 | shoulder_pan.pos=-3.59 shoulder_lift.pos=-102.07 elbow_flex.pos=+89.11 wrist_flex.pos=+78.60 wrist_roll.pos=-0.89 gripper.pos=+0.67
DEBUG 2026-08-20 06:34:29 [action #44] t=2.34s step=43 queue=7 dmax=0.406 | shoulder_pan.pos=-3.54 shoulder_lift.pos=-102.47 elbow_flex.pos=+88.75 wrist_flex.pos=+78.58 wrist_roll.pos=-0.87 gripper.pos=+0.75
DEBUG 2026-08-20 06:34:29 [action #45] t=2.38s step=44 queue=6 dmax=0.420 | shoulder_pan.pos=-3.63 shoulder_lift.pos=-102.05 elbow_flex.pos=+89.15 wrist_flex.pos=+78.54 wrist_roll.pos=-0.95 gripper.pos=+0.68
DEBUG 2026-08-20 06:34:29 [action #46] t=2.41s step=45 queue=5 dmax=0.347 | shoulder_pan.pos=-3.47 shoulder_lift.pos=-101.71 elbow_flex.pos=+88.94 wrist_flex.pos=+78.48 wrist_roll.pos=-0.90 gripper.pos=+0.68
DEBUG 2026-08-20 06:34:29 [chunk] received 50 actions, timesteps 21..70 | first: shoulder_pan.pos=-3.27 shoulder_lift.pos=-102.54 elbow_flex.pos=+89.49 wrist_flex.pos=+77.29 wrist_roll.pos=-1.04 gripper.pos=+0.59 | last: shoulder_pan.pos=-3.33 shoulder_lift.pos=-102.20 elbow_flex.pos=+89.00 wrist_flex.pos=+77.88 wrist_roll.pos=-1.16 gripper.pos=+0.63
DEBUG 2026-08-20 06:34:29 [action #47] t=2.44s step=46 queue=25 dmax=0.458 | shoulder_pan.pos=-3.39 shoulder_lift.pos=-102.09 elbow_flex.pos=+89.28 wrist_flex.pos=+78.02 wrist_roll.pos=-1.07 gripper.pos=+0.70
DEBUG 2026-08-20 06:34:29 [action #48] t=2.48s step=47 queue=24 dmax=0.319 | shoulder_pan.pos=-3.54 shoulder_lift.pos=-101.77 elbow_flex.pos=+88.97 wrist_flex.pos=+78.00 wrist_roll.pos=-1.08 gripper.pos=+0.65
DEBUG 2026-08-20 06:34:29 [action #49] t=2.51s step=48 queue=23 dmax=0.319 | shoulder_pan.pos=-3.62 shoulder_lift.pos=-102.09 elbow_flex.pos=+89.21 wrist_flex.pos=+77.94 wrist_roll.pos=-1.14 gripper.pos=+0.66
DEBUG 2026-08-20 06:34:29 [action #50] t=2.54s step=49 queue=22 dmax=0.496 | shoulder_pan.pos=-3.12 shoulder_lift.pos=-102.12 elbow_flex.pos=+89.54 wrist_flex.pos=+78.06 wrist_roll.pos=-1.13 gripper.pos=+0.72
DEBUG 2026-08-20 06:34:29 [action #51] t=2.58s step=50 queue=21 dmax=0.386 | shoulder_pan.pos=-3.40 shoulder_lift.pos=-101.97 elbow_flex.pos=+89.15 wrist_flex.pos=+77.72 wrist_roll.pos=-1.20 gripper.pos=+0.73
DEBUG 2026-08-20 06:34:29 [action #52] t=2.61s step=51 queue=20 dmax=0.918 | shoulder_pan.pos=-3.32 shoulder_lift.pos=-102.34 elbow_flex.pos=+90.07 wrist_flex.pos=+77.80 wrist_roll.pos=-1.18 gripper.pos=+0.66
DEBUG 2026-08-20 06:34:29 [action #53] t=2.64s step=52 queue=19 dmax=0.791 | shoulder_pan.pos=-3.27 shoulder_lift.pos=-102.53 elbow_flex.pos=+89.28 wrist_flex.pos=+77.67 wrist_roll.pos=-1.27 gripper.pos=+0.72
DEBUG 2026-08-20 06:34:30 [action #54] t=2.68s step=53 queue=18 dmax=1.023 | shoulder_pan.pos=-3.47 shoulder_lift.pos=-101.51 elbow_flex.pos=+89.39 wrist_flex.pos=+77.78 wrist_roll.pos=-1.24 gripper.pos=+0.69
DEBUG 2026-08-20 06:34:30 [action #55] t=2.71s step=54 queue=17 dmax=0.198 | shoulder_pan.pos=-3.27 shoulder_lift.pos=-101.41 elbow_flex.pos=+89.23 wrist_flex.pos=+77.70 wrist_roll.pos=-1.12 gripper.pos=+0.65
DEBUG 2026-08-20 06:34:30 [action #56] t=2.74s step=55 queue=16 dmax=0.623 | shoulder_pan.pos=-3.16 shoulder_lift.pos=-102.03 elbow_flex.pos=+89.01 wrist_flex.pos=+77.87 wrist_roll.pos=-1.25 gripper.pos=+0.62
DEBUG 2026-08-20 06:34:30 [action #57] t=2.78s step=56 queue=15 dmax=0.369 | shoulder_pan.pos=-3.53 shoulder_lift.pos=-102.15 elbow_flex.pos=+88.84 wrist_flex.pos=+77.89 wrist_roll.pos=-1.20 gripper.pos=+0.65
DEBUG 2026-08-20 06:34:30 [action #58] t=2.81s step=57 queue=14 dmax=0.710 | shoulder_pan.pos=-3.21 shoulder_lift.pos=-102.14 elbow_flex.pos=+89.55 wrist_flex.pos=+77.72 wrist_roll.pos=-1.21 gripper.pos=+0.61
DEBUG 2026-08-20 06:34:30 [action #59] t=2.84s step=58 queue=13 dmax=0.246 | shoulder_pan.pos=-3.45 shoulder_lift.pos=-102.38 elbow_flex.pos=+89.61 wrist_flex.pos=+77.70 wrist_roll.pos=-1.27 gripper.pos=+0.53
DEBUG 2026-08-20 06:34:30 [action #60] t=2.88s step=59 queue=12 dmax=0.456 | shoulder_pan.pos=-3.30 shoulder_lift.pos=-101.93 elbow_flex.pos=+89.32 wrist_flex.pos=+77.91 wrist_roll.pos=-1.15 gripper.pos=+0.70
DEBUG 2026-08-20 06:34:30 [action #61] t=2.91s step=60 queue=11 dmax=0.545 | shoulder_pan.pos=-3.15 shoulder_lift.pos=-102.47 elbow_flex.pos=+89.49 wrist_flex.pos=+77.96 wrist_roll.pos=-1.21 gripper.pos=+0.77
DEBUG 2026-08-20 06:34:30 [action #62] t=2.94s step=61 queue=10 dmax=0.364 | shoulder_pan.pos=-3.43 shoulder_lift.pos=-102.18 elbow_flex.pos=+89.13 wrist_flex.pos=+77.88 wrist_roll.pos=-1.25 gripper.pos=+0.75
DEBUG 2026-08-20 06:34:30 [action #63] t=2.98s step=62 queue=9 dmax=0.380 | shoulder_pan.pos=-3.47 shoulder_lift.pos=-101.98 elbow_flex.pos=+89.51 wrist_flex.pos=+77.88 wrist_roll.pos=-1.24 gripper.pos=+0.68
DEBUG 2026-08-20 06:34:30 [action #64] t=3.01s step=63 queue=8 dmax=0.641 | shoulder_pan.pos=-3.70 shoulder_lift.pos=-101.79 elbow_flex.pos=+88.87 wrist_flex.pos=+77.74 wrist_roll.pos=-1.13 gripper.pos=+0.55
DEBUG 2026-08-20 06:34:30 [action #65] t=3.04s step=64 queue=7 dmax=0.561 | shoulder_pan.pos=-3.46 shoulder_lift.pos=-101.76 elbow_flex.pos=+89.43 wrist_flex.pos=+78.09 wrist_roll.pos=-1.23 gripper.pos=+0.70
DEBUG 2026-08-20 06:34:30 [action #66] t=3.08s step=65 queue=6 dmax=1.049 | shoulder_pan.pos=-3.33 shoulder_lift.pos=-102.81 elbow_flex.pos=+89.69 wrist_flex.pos=+77.86 wrist_roll.pos=-1.14 gripper.pos=+0.61
DEBUG 2026-08-20 06:34:30 [action #67] t=3.11s step=66 queue=5 dmax=0.838 | shoulder_pan.pos=-3.35 shoulder_lift.pos=-101.97 elbow_flex.pos=+89.23 wrist_flex.pos=+77.78 wrist_roll.pos=-1.23 gripper.pos=+0.68
DEBUG 2026-08-20 06:34:30 [action #68] t=3.14s step=67 queue=4 dmax=0.521 | shoulder_pan.pos=-3.50 shoulder_lift.pos=-102.49 elbow_flex.pos=+89.32 wrist_flex.pos=+77.86 wrist_roll.pos=-1.19 gripper.pos=+0.59
DEBUG 2026-08-20 06:34:30 [action #69] t=3.18s step=68 queue=3 dmax=0.591 | shoulder_pan.pos=-3.54 shoulder_lift.pos=-102.15 elbow_flex.pos=+88.73 wrist_flex.pos=+77.95 wrist_roll.pos=-1.18 gripper.pos=+0.68
DEBUG 2026-08-20 06:34:30 [action #70] t=3.21s step=69 queue=2 dmax=0.718 | shoulder_pan.pos=-3.45 shoulder_lift.pos=-101.95 elbow_flex.pos=+89.45 wrist_flex.pos=+78.09 wrist_roll.pos=-1.21 gripper.pos=+0.62
DEBUG 2026-08-20 06:34:30 [action #71] t=3.25s step=70 queue=1 dmax=0.442 | shoulder_pan.pos=-3.33 shoulder_lift.pos=-102.20 elbow_flex.pos=+89.00 wrist_flex.pos=+77.88 wrist_roll.pos=-1.16 gripper.pos=+0.63
DEBUG 2026-08-20 06:34:31 [chunk] received 50 actions, timesteps 70..119 | first: shoulder_pan.pos=-3.46 shoulder_lift.pos=-103.31 elbow_flex.pos=+89.91 wrist_flex.pos=+77.73 wrist_roll.pos=-0.70 gripper.pos=+0.89 | last: shoulder_pan.pos=-3.41 shoulder_lift.pos=-102.06 elbow_flex.pos=+89.04 wrist_flex.pos=+77.96 wrist_roll.pos=-0.83 gripper.pos=+0.73
DEBUG 2026-08-20 06:34:31 [action #72] t=4.11s step=71 queue=49 dmax=0.673 | shoulder_pan.pos=-3.43 shoulder_lift.pos=-102.71 elbow_flex.pos=+89.68 wrist_flex.pos=+77.79 wrist_roll.pos=-0.78 gripper.pos=+0.68
DEBUG 2026-08-20 06:34:31 [action #73] t=4.15s step=72 queue=48 dmax=0.511 | shoulder_pan.pos=-3.39 shoulder_lift.pos=-103.02 elbow_flex.pos=+89.17 wrist_flex.pos=+77.88 wrist_roll.pos=-0.74 gripper.pos=+0.73
DEBUG 2026-08-20 06:34:31 [action #74] t=4.18s step=73 queue=47 dmax=0.382 | shoulder_pan.pos=-3.34 shoulder_lift.pos=-102.76 elbow_flex.pos=+89.55 wrist_flex.pos=+77.95 wrist_roll.pos=-0.75 gripper.pos=+0.62
DEBUG 2026-08-20 06:34:31 [action #75] t=4.22s step=74 queue=46 dmax=0.196 | shoulder_pan.pos=-3.39 shoulder_lift.pos=-102.95 elbow_flex.pos=+89.73 wrist_flex.pos=+77.79 wrist_roll.pos=-0.75 gripper.pos=+0.71
DEBUG 2026-08-20 06:34:31 [action #76] t=4.25s step=75 queue=45 dmax=0.499 | shoulder_pan.pos=-3.33 shoulder_lift.pos=-102.45 elbow_flex.pos=+89.33 wrist_flex.pos=+77.78 wrist_roll.pos=-0.70 gripper.pos=+0.55
DEBUG 2026-08-20 06:34:31 [action #77] t=4.28s step=76 queue=44 dmax=0.344 | shoulder_pan.pos=-3.41 shoulder_lift.pos=-102.33 elbow_flex.pos=+89.67 wrist_flex.pos=+77.98 wrist_roll.pos=-0.71 gripper.pos=+0.62
DEBUG 2026-08-20 06:34:31 [action #78] t=4.32s step=77 queue=43 dmax=0.312 | shoulder_pan.pos=-3.32 shoulder_lift.pos=-102.64 elbow_flex.pos=+89.39 wrist_flex.pos=+77.95 wrist_roll.pos=-0.73 gripper.pos=+0.62
DEBUG 2026-08-20 06:34:31 [action #79] t=4.35s step=78 queue=42 dmax=0.530 | shoulder_pan.pos=-3.39 shoulder_lift.pos=-103.09 elbow_flex.pos=+89.92 wrist_flex.pos=+78.09 wrist_roll.pos=-0.70 gripper.pos=+0.65
DEBUG 2026-08-20 06:34:31 [action #80] t=4.38s step=79 queue=41 dmax=0.809 | shoulder_pan.pos=-3.39 shoulder_lift.pos=-102.64 elbow_flex.pos=+89.12 wrist_flex.pos=+78.13 wrist_roll.pos=-0.68 gripper.pos=+0.72
DEBUG 2026-08-20 06:34:31 [action #81] t=4.42s step=80 queue=40 dmax=0.354 | shoulder_pan.pos=-3.31 shoulder_lift.pos=-102.78 elbow_flex.pos=+89.47 wrist_flex.pos=+78.08 wrist_roll.pos=-0.74 gripper.pos=+0.86
DEBUG 2026-08-20 06:34:31 [action #82] t=4.45s step=81 queue=39 dmax=0.649 | shoulder_pan.pos=-3.47 shoulder_lift.pos=-102.13 elbow_flex.pos=+89.68 wrist_flex.pos=+78.04 wrist_roll.pos=-0.77 gripper.pos=+0.60
DEBUG 2026-08-20 06:34:31 [action #83] t=4.48s step=82 queue=38 dmax=0.317 | shoulder_pan.pos=-3.35 shoulder_lift.pos=-102.45 elbow_flex.pos=+89.36 wrist_flex.pos=+77.99 wrist_roll.pos=-0.73 gripper.pos=+0.68
DEBUG 2026-08-20 06:34:31 [action #84] t=4.52s step=83 queue=37 dmax=0.269 | shoulder_pan.pos=-3.43 shoulder_lift.pos=-102.72 elbow_flex.pos=+89.54 wrist_flex.pos=+77.97 wrist_roll.pos=-0.65 gripper.pos=+0.74
DEBUG 2026-08-20 06:34:31 [action #85] t=4.55s step=84 queue=36 dmax=0.557 | shoulder_pan.pos=-3.40 shoulder_lift.pos=-102.61 elbow_flex.pos=+90.10 wrist_flex.pos=+77.92 wrist_roll.pos=-0.72 gripper.pos=+0.64
DEBUG 2026-08-20 06:34:31 [action #86] t=4.58s step=85 queue=35 dmax=0.244 | shoulder_pan.pos=-3.41 shoulder_lift.pos=-102.42 elbow_flex.pos=+89.94 wrist_flex.pos=+77.67 wrist_roll.pos=-0.66 gripper.pos=+0.68
DEBUG 2026-08-20 06:34:31 [action #87] t=4.62s step=86 queue=34 dmax=0.307 | shoulder_pan.pos=-3.40 shoulder_lift.pos=-102.44 elbow_flex.pos=+89.63 wrist_flex.pos=+77.88 wrist_roll.pos=-0.75 gripper.pos=+0.67
DEBUG 2026-08-20 06:34:31 [action #88] t=4.65s step=87 queue=33 dmax=0.557 | shoulder_pan.pos=-3.35 shoulder_lift.pos=-102.33 elbow_flex.pos=+89.08 wrist_flex.pos=+77.85 wrist_roll.pos=-0.70 gripper.pos=+0.64
DEBUG 2026-08-20 06:34:32 [action #89] t=4.68s step=88 queue=32 dmax=0.665 | shoulder_pan.pos=-3.38 shoulder_lift.pos=-102.52 elbow_flex.pos=+89.74 wrist_flex.pos=+77.83 wrist_roll.pos=-0.77 gripper.pos=+0.54
DEBUG 2026-08-20 06:34:32 [action #90] t=4.72s step=89 queue=31 dmax=0.328 | shoulder_pan.pos=-3.14 shoulder_lift.pos=-102.41 elbow_flex.pos=+89.42 wrist_flex.pos=+77.98 wrist_roll.pos=-0.75 gripper.pos=+0.68
DEBUG 2026-08-20 06:34:32 [action #91] t=4.75s step=90 queue=30 dmax=0.238 | shoulder_pan.pos=-3.38 shoulder_lift.pos=-102.31 elbow_flex.pos=+89.59 wrist_flex.pos=+77.83 wrist_roll.pos=-0.73 gripper.pos=+0.70
DEBUG 2026-08-20 06:34:32 [action #92] t=4.78s step=91 queue=29 dmax=0.467 | shoulder_pan.pos=-3.37 shoulder_lift.pos=-102.78 elbow_flex.pos=+89.80 wrist_flex.pos=+77.95 wrist_roll.pos=-0.78 gripper.pos=+0.73
DEBUG 2026-08-20 06:34:32 [action #93] t=4.82s step=92 queue=28 dmax=0.528 | shoulder_pan.pos=-3.39 shoulder_lift.pos=-102.30 elbow_flex.pos=+89.27 wrist_flex.pos=+77.96 wrist_roll.pos=-0.80 gripper.pos=+0.76
DEBUG 2026-08-20 06:34:32 [action #94] t=4.85s step=93 queue=27 dmax=0.362 | shoulder_pan.pos=-3.40 shoulder_lift.pos=-101.94 elbow_flex.pos=+89.51 wrist_flex.pos=+77.94 wrist_roll.pos=-0.71 gripper.pos=+0.62
DEBUG 2026-08-20 06:34:32 [action #95] t=4.88s step=94 queue=26 dmax=0.327 | shoulder_pan.pos=-3.59 shoulder_lift.pos=-102.27 elbow_flex.pos=+89.82 wrist_flex.pos=+78.04 wrist_roll.pos=-0.70 gripper.pos=+0.61
DEBUG 2026-08-20 06:34:32 [action #96] t=4.92s step=95 queue=25 dmax=0.275 | shoulder_pan.pos=-3.43 shoulder_lift.pos=-102.11 elbow_flex.pos=+89.54 wrist_flex.pos=+78.17 wrist_roll.pos=-0.67 gripper.pos=+0.66
DEBUG 2026-08-20 06:34:32 [action #97] t=4.95s step=96 queue=24 dmax=0.655 | shoulder_pan.pos=-3.45 shoulder_lift.pos=-102.44 elbow_flex.pos=+88.89 wrist_flex.pos=+77.96 wrist_roll.pos=-0.67 gripper.pos=+0.64
DEBUG 2026-08-20 06:34:32 [action #98] t=4.98s step=97 queue=23 dmax=0.271 | shoulder_pan.pos=-3.38 shoulder_lift.pos=-102.20 elbow_flex.pos=+89.16 wrist_flex.pos=+78.04 wrist_roll.pos=-0.74 gripper.pos=+0.78
DEBUG 2026-08-20 06:34:32 [action #99] t=5.02s step=98 queue=22 dmax=0.290 | shoulder_pan.pos=-3.24 shoulder_lift.pos=-102.32 elbow_flex.pos=+89.45 wrist_flex.pos=+77.89 wrist_roll.pos=-0.73 gripper.pos=+0.64
DEBUG 2026-08-20 06:34:32 [action #100] t=5.05s step=99 queue=21 dmax=0.461 | shoulder_pan.pos=-3.35 shoulder_lift.pos=-102.19 elbow_flex.pos=+88.99 wrist_flex.pos=+77.99 wrist_roll.pos=-0.72 gripper.pos=+0.80
DEBUG 2026-08-20 06:34:32 [action #101] t=5.09s step=100 queue=20 dmax=0.355 | shoulder_pan.pos=-3.35 shoulder_lift.pos=-102.55 elbow_flex.pos=+89.26 wrist_flex.pos=+77.94 wrist_roll.pos=-0.77 gripper.pos=+0.71
DEBUG 2026-08-20 06:34:32 [action #102] t=5.12s step=101 queue=19 dmax=0.504 | shoulder_pan.pos=-3.35 shoulder_lift.pos=-102.04 elbow_flex.pos=+89.40 wrist_flex.pos=+77.93 wrist_roll.pos=-0.74 gripper.pos=+0.73
DEBUG 2026-08-20 06:34:32 [action #103] t=5.15s step=102 queue=18 dmax=0.160 | shoulder_pan.pos=-3.39 shoulder_lift.pos=-102.04 elbow_flex.pos=+89.24 wrist_flex.pos=+77.85 wrist_roll.pos=-0.72 gripper.pos=+0.69
DEBUG 2026-08-20 06:34:32 [action #104] t=5.19s step=103 queue=17 dmax=0.522 | shoulder_pan.pos=-3.33 shoulder_lift.pos=-102.56 elbow_flex.pos=+89.16 wrist_flex.pos=+77.94 wrist_roll.pos=-0.68 gripper.pos=+0.76
DEBUG 2026-08-20 06:34:32 [action #105] t=5.22s step=104 queue=16 dmax=0.510 | shoulder_pan.pos=-3.30 shoulder_lift.pos=-102.05 elbow_flex.pos=+89.34 wrist_flex.pos=+77.97 wrist_roll.pos=-0.74 gripper.pos=+0.72
DEBUG 2026-08-20 06:34:32 [action #106] t=5.25s step=105 queue=15 dmax=0.095 | shoulder_pan.pos=-3.22 shoulder_lift.pos=-102.03 elbow_flex.pos=+89.24 wrist_flex.pos=+77.96 wrist_roll.pos=-0.69 gripper.pos=+0.73
DEBUG 2026-08-20 06:34:32 [action #107] t=5.29s step=106 queue=14 dmax=0.423 | shoulder_pan.pos=-3.39 shoulder_lift.pos=-102.45 elbow_flex.pos=+89.23 wrist_flex.pos=+78.05 wrist_roll.pos=-0.69 gripper.pos=+0.75
DEBUG 2026-08-20 06:34:32 [action #108] t=5.32s step=107 queue=13 dmax=0.555 | shoulder_pan.pos=-3.23 shoulder_lift.pos=-101.89 elbow_flex.pos=+89.48 wrist_flex.pos=+78.01 wrist_roll.pos=-0.68 gripper.pos=+0.76
DEBUG 2026-08-20 06:34:32 [action #109] t=5.35s step=108 queue=12 dmax=0.273 | shoulder_pan.pos=-3.34 shoulder_lift.pos=-102.17 elbow_flex.pos=+89.35 wrist_flex.pos=+77.96 wrist_roll.pos=-0.67 gripper.pos=+0.66
DEBUG 2026-08-20 06:34:32 [action #110] t=5.39s step=109 queue=11 dmax=0.143 | shoulder_pan.pos=-3.40 shoulder_lift.pos=-102.21 elbow_flex.pos=+89.44 wrist_flex.pos=+78.01 wrist_roll.pos=-0.66 gripper.pos=+0.80
DEBUG 2026-08-20 06:34:32 [action #111] t=5.42s step=110 queue=10 dmax=0.275 | shoulder_pan.pos=-3.41 shoulder_lift.pos=-102.36 elbow_flex.pos=+89.72 wrist_flex.pos=+78.04 wrist_roll.pos=-0.67 gripper.pos=+0.76
DEBUG 2026-08-20 06:34:32 [action #112] t=5.45s step=111 queue=9 dmax=0.232 | shoulder_pan.pos=-3.18 shoulder_lift.pos=-102.36 elbow_flex.pos=+89.61 wrist_flex.pos=+78.04 wrist_roll.pos=-0.70 gripper.pos=+0.67
DEBUG 2026-08-20 06:34:32 [action #113] t=5.49s step=112 queue=8 dmax=0.327 | shoulder_pan.pos=-3.28 shoulder_lift.pos=-102.42 elbow_flex.pos=+89.28 wrist_flex.pos=+78.07 wrist_roll.pos=-0.80 gripper.pos=+0.90
DEBUG 2026-08-20 06:34:32 [action #114] t=5.52s step=113 queue=7 dmax=0.188 | shoulder_pan.pos=-3.19 shoulder_lift.pos=-102.33 elbow_flex.pos=+89.47 wrist_flex.pos=+77.89 wrist_roll.pos=-0.82 gripper.pos=+0.82
DEBUG 2026-08-20 06:34:32 [action #115] t=5.55s step=114 queue=6 dmax=0.209 | shoulder_pan.pos=-3.27 shoulder_lift.pos=-102.18 elbow_flex.pos=+89.26 wrist_flex.pos=+78.09 wrist_roll.pos=-0.77 gripper.pos=+0.81
DEBUG 2026-08-20 06:34:32 [action #116] t=5.59s step=115 queue=5 dmax=0.222 | shoulder_pan.pos=-3.37 shoulder_lift.pos=-102.40 elbow_flex.pos=+89.31 wrist_flex.pos=+78.01 wrist_roll.pos=-0.78 gripper.pos=+0.70
DEBUG 2026-08-20 06:34:32 [action #117] t=5.62s step=116 queue=4 dmax=0.409 | shoulder_pan.pos=-3.32 shoulder_lift.pos=-102.81 elbow_flex.pos=+89.57 wrist_flex.pos=+77.99 wrist_roll.pos=-0.80 gripper.pos=+0.92
DEBUG 2026-08-20 06:34:32 [action #118] t=5.65s step=117 queue=3 dmax=0.991 | shoulder_pan.pos=-3.23 shoulder_lift.pos=-101.82 elbow_flex.pos=+89.09 wrist_flex.pos=+77.97 wrist_roll.pos=-0.80 gripper.pos=+0.79
DEBUG 2026-08-20 06:34:33 [action #119] t=5.69s step=118 queue=2 dmax=0.460 | shoulder_pan.pos=-3.36 shoulder_lift.pos=-102.28 elbow_flex.pos=+89.00 wrist_flex.pos=+78.06 wrist_roll.pos=-0.84 gripper.pos=+0.79
DEBUG 2026-08-20 06:34:33 [action #120] t=5.72s step=119 queue=1 dmax=0.212 | shoulder_pan.pos=-3.41 shoulder_lift.pos=-102.06 elbow_flex.pos=+89.04 wrist_flex.pos=+77.96 wrist_roll.pos=-0.83 gripper.pos=+0.73
DEBUG 2026-08-20 06:34:33 [chunk] received 50 actions, timesteps 119..168 | first: shoulder_pan.pos=-3.84 shoulder_lift.pos=-102.64 elbow_flex.pos=+90.37 wrist_flex.pos=+77.79 wrist_roll.pos=-0.79 gripper.pos=+0.61 | last: shoulder_pan.pos=-3.38 shoulder_lift.pos=-102.54 elbow_flex.pos=+88.69 wrist_flex.pos=+77.84 wrist_roll.pos=-0.93 gripper.pos=+0.89
DEBUG 2026-08-20 06:34:33 [action #121] t=6.66s step=120 queue=49 dmax=1.253 | shoulder_pan.pos=-3.55 shoulder_lift.pos=-102.41 elbow_flex.pos=+90.29 wrist_flex.pos=+77.69 wrist_roll.pos=-0.87 gripper.pos=+0.59
DEBUG 2026-08-20 06:34:34 [action #122] t=6.69s step=121 queue=48 dmax=1.335 | shoulder_pan.pos=-3.70 shoulder_lift.pos=-102.73 elbow_flex.pos=+88.96 wrist_flex.pos=+77.78 wrist_roll.pos=-0.91 gripper.pos=+0.65
DEBUG 2026-08-20 06:34:34 [action #123] t=6.72s step=122 queue=47 dmax=1.243 | shoulder_pan.pos=-3.66 shoulder_lift.pos=-102.51 elbow_flex.pos=+90.20 wrist_flex.pos=+77.78 wrist_roll.pos=-0.74 gripper.pos=+0.71
DEBUG 2026-08-20 06:34:34 [action #124] t=6.76s step=123 queue=46 dmax=0.401 | shoulder_pan.pos=-3.72 shoulder_lift.pos=-102.11 elbow_flex.pos=+89.97 wrist_flex.pos=+77.69 wrist_roll.pos=-0.83 gripper.pos=+0.54
DEBUG 2026-08-20 06:34:34 [action #125] t=6.79s step=124 queue=45 dmax=0.469 | shoulder_pan.pos=-3.82 shoulder_lift.pos=-102.58 elbow_flex.pos=+89.66 wrist_flex.pos=+77.91 wrist_roll.pos=-0.79 gripper.pos=+0.65
DEBUG 2026-08-20 06:34:34 [action #126] t=6.82s step=125 queue=44 dmax=0.178 | shoulder_pan.pos=-3.78 shoulder_lift.pos=-102.72 elbow_flex.pos=+89.73 wrist_flex.pos=+78.06 wrist_roll.pos=-0.81 gripper.pos=+0.47
DEBUG 2026-08-20 06:34:34 [action #127] t=6.86s step=126 queue=43 dmax=0.753 | shoulder_pan.pos=-3.67 shoulder_lift.pos=-101.97 elbow_flex.pos=+89.72 wrist_flex.pos=+78.02 wrist_roll.pos=-0.94 gripper.pos=+0.54
DEBUG 2026-08-20 06:34:34 [action #128] t=6.89s step=127 queue=42 dmax=1.182 | shoulder_pan.pos=-3.65 shoulder_lift.pos=-103.15 elbow_flex.pos=+89.83 wrist_flex.pos=+77.96 wrist_roll.pos=-0.91 gripper.pos=+0.56
DEBUG 2026-08-20 06:34:34 [action #129] t=6.93s step=128 queue=41 dmax=0.928 | shoulder_pan.pos=-3.67 shoulder_lift.pos=-102.22 elbow_flex.pos=+89.65 wrist_flex.pos=+77.98 wrist_roll.pos=-0.90 gripper.pos=+0.57
DEBUG 2026-08-20 06:34:34 [action #130] t=6.96s step=129 queue=40 dmax=0.369 | shoulder_pan.pos=-3.77 shoulder_lift.pos=-102.27 elbow_flex.pos=+90.02 wrist_flex.pos=+78.18 wrist_roll.pos=-0.94 gripper.pos=+0.73
DEBUG 2026-08-20 06:34:34 [action #131] t=6.99s step=130 queue=39 dmax=0.385 | shoulder_pan.pos=-3.55 shoulder_lift.pos=-102.01 elbow_flex.pos=+89.64 wrist_flex.pos=+78.15 wrist_roll.pos=-0.88 gripper.pos=+0.67
DEBUG 2026-08-20 06:34:34 [action #132] t=7.03s step=131 queue=38 dmax=0.307 | shoulder_pan.pos=-3.34 shoulder_lift.pos=-101.71 elbow_flex.pos=+89.73 wrist_flex.pos=+78.06 wrist_roll.pos=-0.92 gripper.pos=+0.53
DEBUG 2026-08-20 06:34:34 [action #133] t=7.06s step=132 queue=37 dmax=0.796 | shoulder_pan.pos=-3.48 shoulder_lift.pos=-102.50 elbow_flex.pos=+89.43 wrist_flex.pos=+78.04 wrist_roll.pos=-0.95 gripper.pos=+0.56
DEBUG 2026-08-20 06:34:34 [action #134] t=7.09s step=133 queue=36 dmax=0.409 | shoulder_pan.pos=-3.57 shoulder_lift.pos=-102.09 elbow_flex.pos=+89.49 wrist_flex.pos=+78.11 wrist_roll.pos=-0.97 gripper.pos=+0.68
DEBUG 2026-08-20 06:34:34 [action #135] t=7.13s step=134 queue=35 dmax=0.205 | shoulder_pan.pos=-3.36 shoulder_lift.pos=-102.06 elbow_flex.pos=+89.38 wrist_flex.pos=+78.09 wrist_roll.pos=-0.86 gripper.pos=+0.74
DEBUG 2026-08-20 06:34:34 [action #136] t=7.16s step=135 queue=34 dmax=0.400 | shoulder_pan.pos=-3.20 shoulder_lift.pos=-102.19 elbow_flex.pos=+89.78 wrist_flex.pos=+78.02 wrist_roll.pos=-0.91 gripper.pos=+0.69
DEBUG 2026-08-20 06:34:34 [action #137] t=7.19s step=136 queue=33 dmax=0.836 | shoulder_pan.pos=-3.17 shoulder_lift.pos=-102.43 elbow_flex.pos=+88.95 wrist_flex.pos=+78.08 wrist_roll.pos=-0.94 gripper.pos=+0.60
DEBUG 2026-08-20 06:34:34 [action #138] t=7.23s step=137 queue=32 dmax=0.399 | shoulder_pan.pos=-3.30 shoulder_lift.pos=-102.11 elbow_flex.pos=+89.34 wrist_flex.pos=+78.02 wrist_roll.pos=-0.98 gripper.pos=+0.71
DEBUG 2026-08-20 06:34:34 [action #139] t=7.26s step=138 queue=31 dmax=0.329 | shoulder_pan.pos=-2.97 shoulder_lift.pos=-102.13 elbow_flex.pos=+89.50 wrist_flex.pos=+77.97 wrist_roll.pos=-0.93 gripper.pos=+0.72
DEBUG 2026-08-20 06:34:34 [action #140] t=7.29s step=139 queue=30 dmax=0.362 | shoulder_pan.pos=-3.05 shoulder_lift.pos=-102.49 elbow_flex.pos=+89.46 wrist_flex.pos=+77.93 wrist_roll.pos=-0.94 gripper.pos=+0.70
DEBUG 2026-08-20 06:34:34 [action #141] t=7.33s step=140 queue=29 dmax=0.233 | shoulder_pan.pos=-3.19 shoulder_lift.pos=-102.73 elbow_flex.pos=+89.35 wrist_flex.pos=+77.86 wrist_roll.pos=-0.87 gripper.pos=+0.80
DEBUG 2026-08-20 06:34:34 [action #142] t=7.36s step=141 queue=28 dmax=0.216 | shoulder_pan.pos=-3.14 shoulder_lift.pos=-102.51 elbow_flex.pos=+89.38 wrist_flex.pos=+78.06 wrist_roll.pos=-0.99 gripper.pos=+0.66
DEBUG 2026-08-20 06:34:34 [action #143] t=7.39s step=142 queue=27 dmax=0.527 | shoulder_pan.pos=-2.81 shoulder_lift.pos=-101.98 elbow_flex.pos=+89.31 wrist_flex.pos=+77.72 wrist_roll.pos=-1.00 gripper.pos=+0.61
DEBUG 2026-08-20 06:34:34 [action #144] t=7.43s step=143 queue=26 dmax=0.305 | shoulder_pan.pos=-3.11 shoulder_lift.pos=-102.07 elbow_flex.pos=+89.13 wrist_flex.pos=+77.89 wrist_roll.pos=-0.94 gripper.pos=+0.67
DEBUG 2026-08-20 06:34:34 [action #145] t=7.46s step=144 queue=25 dmax=0.376 | shoulder_pan.pos=-3.14 shoulder_lift.pos=-101.93 elbow_flex.pos=+89.51 wrist_flex.pos=+77.94 wrist_roll.pos=-1.03 gripper.pos=+0.79
DEBUG 2026-08-20 06:34:34 [action #146] t=7.49s step=145 queue=24 dmax=0.924 | shoulder_pan.pos=-3.18 shoulder_lift.pos=-102.85 elbow_flex.pos=+90.03 wrist_flex.pos=+77.88 wrist_roll.pos=-0.96 gripper.pos=+0.85
DEBUG 2026-08-20 06:34:34 [action #147] t=7.53s step=146 queue=23 dmax=0.677 | shoulder_pan.pos=-3.38 shoulder_lift.pos=-102.18 elbow_flex.pos=+89.36 wrist_flex.pos=+77.99 wrist_roll.pos=-0.94 gripper.pos=+0.76
DEBUG 2026-08-20 06:34:34 [action #148] t=7.56s step=147 queue=22 dmax=0.593 | shoulder_pan.pos=-3.16 shoulder_lift.pos=-102.64 elbow_flex.pos=+89.96 wrist_flex.pos=+78.06 wrist_roll.pos=-0.95 gripper.pos=+0.74
DEBUG 2026-08-20 06:34:34 [action #149] t=7.59s step=148 queue=21 dmax=0.264 | shoulder_pan.pos=-3.17 shoulder_lift.pos=-102.73 elbow_flex.pos=+89.69 wrist_flex.pos=+77.82 wrist_roll.pos=-1.00 gripper.pos=+0.76
DEBUG 2026-08-20 06:34:34 [action #150] t=7.63s step=149 queue=20 dmax=0.420 | shoulder_pan.pos=-3.15 shoulder_lift.pos=-102.31 elbow_flex.pos=+89.36 wrist_flex.pos=+77.82 wrist_roll.pos=-0.98 gripper.pos=+0.76
DEBUG 2026-08-20 06:34:34 [action #151] t=7.66s step=150 queue=19 dmax=0.176 | shoulder_pan.pos=-3.26 shoulder_lift.pos=-102.21 elbow_flex.pos=+89.45 wrist_flex.pos=+77.99 wrist_roll.pos=-0.97 gripper.pos=+0.85
DEBUG 2026-08-20 06:34:35 [action #152] t=7.69s step=151 queue=18 dmax=0.217 | shoulder_pan.pos=-3.39 shoulder_lift.pos=-102.18 elbow_flex.pos=+89.24 wrist_flex.pos=+77.81 wrist_roll.pos=-1.03 gripper.pos=+0.69
INFO 2026-08-20 06:34:35 Final action sent: shoulder_pan.pos=-3.39 shoulder_lift.pos=-102.18 elbow_flex.pos=+89.24 wrist_flex.pos=+77.81 wrist_roll.pos=-1.03 gripper.pos=+0.69
DEBUG 2026-08-20 06:34:35 === episode end | 8.6s | converged=True | actions=152 ===
DEBUG 2026-08-20 06:34:43 === episode start | task: 'put the banana on the tray' | duration: 30.0s ===
DEBUG 2026-08-20 06:34:44 [chunk] received 50 actions, timesteps 0..49 | first: shoulder_pan.pos=-3.71 shoulder_lift.pos=-102.74 elbow_flex.pos=+88.16 wrist_flex.pos=+75.56 wrist_roll.pos=-1.11 gripper.pos=+1.14 | last: shoulder_pan.pos=-6.61 shoulder_lift.pos=-100.07 elbow_flex.pos=+86.54 wrist_flex.pos=+73.18 wrist_roll.pos=-0.85 gripper.pos=+0.55
DEBUG 2026-08-20 06:34:44 [action #1] t=0.80s step=0 queue=50 dmax=n/a | shoulder_pan.pos=-3.71 shoulder_lift.pos=-102.74 elbow_flex.pos=+88.16 wrist_flex.pos=+75.56 wrist_roll.pos=-1.11 gripper.pos=+1.14
DEBUG 2026-08-20 06:34:44 [action #2] t=0.84s step=1 queue=49 dmax=1.356 | shoulder_pan.pos=-4.10 shoulder_lift.pos=-101.39 elbow_flex.pos=+89.05 wrist_flex.pos=+75.38 wrist_roll.pos=-1.08 gripper.pos=+0.99
DEBUG 2026-08-20 06:34:44 [action #3] t=0.87s step=2 queue=48 dmax=0.280 | shoulder_pan.pos=-4.25 shoulder_lift.pos=-101.54 elbow_flex.pos=+88.77 wrist_flex.pos=+75.53 wrist_roll.pos=-1.12 gripper.pos=+0.91
DEBUG 2026-08-20 06:34:44 [action #4] t=0.90s step=3 queue=47 dmax=0.433 | shoulder_pan.pos=-4.19 shoulder_lift.pos=-101.29 elbow_flex.pos=+89.20 wrist_flex.pos=+75.87 wrist_roll.pos=-0.99 gripper.pos=+0.89
DEBUG 2026-08-20 06:34:44 [action #5] t=0.94s step=4 queue=46 dmax=0.655 | shoulder_pan.pos=-4.19 shoulder_lift.pos=-100.82 elbow_flex.pos=+88.55 wrist_flex.pos=+75.41 wrist_roll.pos=-1.18 gripper.pos=+0.79
DEBUG 2026-08-20 06:34:44 [action #6] t=0.97s step=5 queue=45 dmax=0.462 | shoulder_pan.pos=-4.20 shoulder_lift.pos=-100.97 elbow_flex.pos=+88.08 wrist_flex.pos=+75.60 wrist_roll.pos=-0.98 gripper.pos=+1.03
DEBUG 2026-08-20 06:34:44 [action #7] t=1.00s step=6 queue=44 dmax=0.665 | shoulder_pan.pos=-4.02 shoulder_lift.pos=-101.63 elbow_flex.pos=+88.25 wrist_flex.pos=+75.22 wrist_roll.pos=-0.90 gripper.pos=+0.95
DEBUG 2026-08-20 06:34:44 [action #8] t=1.04s step=7 queue=43 dmax=1.142 | shoulder_pan.pos=-4.12 shoulder_lift.pos=-101.12 elbow_flex.pos=+89.40 wrist_flex.pos=+75.37 wrist_roll.pos=-0.96 gripper.pos=+0.85
DEBUG 2026-08-20 06:34:45 [action #9] t=1.07s step=8 queue=42 dmax=0.799 | shoulder_pan.pos=-3.64 shoulder_lift.pos=-101.62 elbow_flex.pos=+88.60 wrist_flex.pos=+75.16 wrist_roll.pos=-1.02 gripper.pos=+0.83
DEBUG 2026-08-20 06:34:45 [action #10] t=1.10s step=9 queue=41 dmax=0.730 | shoulder_pan.pos=-3.40 shoulder_lift.pos=-101.95 elbow_flex.pos=+89.33 wrist_flex.pos=+75.08 wrist_roll.pos=-0.92 gripper.pos=+0.83
DEBUG 2026-08-20 06:34:45 [action #11] t=1.14s step=10 queue=40 dmax=0.891 | shoulder_pan.pos=-3.64 shoulder_lift.pos=-101.06 elbow_flex.pos=+88.77 wrist_flex.pos=+75.26 wrist_roll.pos=-1.03 gripper.pos=+0.95
DEBUG 2026-08-20 06:34:45 [action #12] t=1.17s step=11 queue=39 dmax=0.539 | shoulder_pan.pos=-3.45 shoulder_lift.pos=-101.43 elbow_flex.pos=+88.23 wrist_flex.pos=+75.40 wrist_roll.pos=-0.91 gripper.pos=+0.93
DEBUG 2026-08-20 06:34:45 [action #13] t=1.20s step=12 queue=38 dmax=0.357 | shoulder_pan.pos=-3.47 shoulder_lift.pos=-101.13 elbow_flex.pos=+88.53 wrist_flex.pos=+75.04 wrist_roll.pos=-1.02 gripper.pos=+0.90
DEBUG 2026-08-20 06:34:45 [action #14] t=1.24s step=13 queue=37 dmax=0.267 | shoulder_pan.pos=-3.74 shoulder_lift.pos=-101.09 elbow_flex.pos=+88.35 wrist_flex.pos=+75.21 wrist_roll.pos=-0.90 gripper.pos=+0.93
DEBUG 2026-08-20 06:34:45 [action #15] t=1.27s step=14 queue=36 dmax=0.285 | shoulder_pan.pos=-3.71 shoulder_lift.pos=-100.98 elbow_flex.pos=+88.06 wrist_flex.pos=+75.14 wrist_roll.pos=-0.86 gripper.pos=+0.95
DEBUG 2026-08-20 06:34:45 [action #16] t=1.30s step=15 queue=35 dmax=0.143 | shoulder_pan.pos=-3.57 shoulder_lift.pos=-100.86 elbow_flex.pos=+88.07 wrist_flex.pos=+75.10 wrist_roll.pos=-0.84 gripper.pos=+0.82
DEBUG 2026-08-20 06:34:45 [action #17] t=1.34s step=16 queue=34 dmax=0.817 | shoulder_pan.pos=-4.05 shoulder_lift.pos=-101.16 elbow_flex.pos=+88.89 wrist_flex.pos=+75.15 wrist_roll.pos=-0.97 gripper.pos=+0.92
DEBUG 2026-08-20 06:34:45 [action #18] t=1.37s step=17 queue=33 dmax=0.330 | shoulder_pan.pos=-4.04 shoulder_lift.pos=-101.22 elbow_flex.pos=+89.03 wrist_flex.pos=+74.82 wrist_roll.pos=-0.90 gripper.pos=+0.72
DEBUG 2026-08-20 06:34:45 [action #19] t=1.41s step=18 queue=32 dmax=0.857 | shoulder_pan.pos=-4.25 shoulder_lift.pos=-100.79 elbow_flex.pos=+88.17 wrist_flex.pos=+75.09 wrist_roll.pos=-0.87 gripper.pos=+0.87
DEBUG 2026-08-20 06:34:45 [action #20] t=1.44s step=19 queue=31 dmax=0.771 | shoulder_pan.pos=-4.44 shoulder_lift.pos=-101.56 elbow_flex.pos=+88.92 wrist_flex.pos=+74.82 wrist_roll.pos=-0.94 gripper.pos=+0.71
DEBUG 2026-08-20 06:34:45 [action #21] t=1.47s step=20 queue=30 dmax=0.654 | shoulder_pan.pos=-4.58 shoulder_lift.pos=-101.02 elbow_flex.pos=+88.26 wrist_flex.pos=+74.81 wrist_roll.pos=-0.88 gripper.pos=+0.75
DEBUG 2026-08-20 06:34:45 [action #22] t=1.51s step=21 queue=29 dmax=0.308 | shoulder_pan.pos=-4.81 shoulder_lift.pos=-101.32 elbow_flex.pos=+88.32 wrist_flex.pos=+74.83 wrist_roll.pos=-0.88 gripper.pos=+0.73
DEBUG 2026-08-20 06:34:45 [action #23] t=1.54s step=22 queue=28 dmax=0.591 | shoulder_pan.pos=-5.25 shoulder_lift.pos=-100.73 elbow_flex.pos=+88.42 wrist_flex.pos=+74.72 wrist_roll.pos=-0.94 gripper.pos=+0.68
DEBUG 2026-08-20 06:34:45 [action #24] t=1.57s step=23 queue=27 dmax=0.530 | shoulder_pan.pos=-5.35 shoulder_lift.pos=-100.92 elbow_flex.pos=+87.89 wrist_flex.pos=+74.75 wrist_roll.pos=-0.78 gripper.pos=+0.69
DEBUG 2026-08-20 06:34:45 [action #25] t=1.61s step=24 queue=26 dmax=0.166 | shoulder_pan.pos=-5.43 shoulder_lift.pos=-100.93 elbow_flex.pos=+87.73 wrist_flex.pos=+74.61 wrist_roll.pos=-0.89 gripper.pos=+0.78
DEBUG 2026-08-20 06:34:45 [action #26] t=1.64s step=25 queue=25 dmax=0.586 | shoulder_pan.pos=-5.94 shoulder_lift.pos=-101.52 elbow_flex.pos=+88.04 wrist_flex.pos=+74.56 wrist_roll.pos=-0.89 gripper.pos=+0.77
DEBUG 2026-08-20 06:34:45 [action #27] t=1.67s step=26 queue=24 dmax=0.544 | shoulder_pan.pos=-6.18 shoulder_lift.pos=-100.98 elbow_flex.pos=+87.82 wrist_flex.pos=+74.48 wrist_roll.pos=-0.85 gripper.pos=+0.80
DEBUG 2026-08-20 06:34:45 [action #28] t=1.71s step=27 queue=23 dmax=0.560 | shoulder_pan.pos=-6.74 shoulder_lift.pos=-101.17 elbow_flex.pos=+87.54 wrist_flex.pos=+74.24 wrist_roll.pos=-0.81 gripper.pos=+0.77
DEBUG 2026-08-20 06:34:45 [action #29] t=1.74s step=28 queue=22 dmax=0.466 | shoulder_pan.pos=-6.89 shoulder_lift.pos=-101.30 elbow_flex.pos=+88.01 wrist_flex.pos=+74.05 wrist_roll.pos=-0.92 gripper.pos=+0.71
DEBUG 2026-08-20 06:34:45 [action #30] t=1.77s step=29 queue=21 dmax=0.699 | shoulder_pan.pos=-7.13 shoulder_lift.pos=-100.60 elbow_flex.pos=+87.75 wrist_flex.pos=+73.87 wrist_roll.pos=-0.89 gripper.pos=+0.89
DEBUG 2026-08-20 06:34:45 [action #31] t=1.81s step=30 queue=20 dmax=0.591 | shoulder_pan.pos=-7.32 shoulder_lift.pos=-101.19 elbow_flex.pos=+87.44 wrist_flex.pos=+73.79 wrist_roll.pos=-0.80 gripper.pos=+0.58
DEBUG 2026-08-20 06:34:45 [action #32] t=1.84s step=31 queue=19 dmax=0.264 | shoulder_pan.pos=-7.20 shoulder_lift.pos=-101.23 elbow_flex.pos=+87.71 wrist_flex.pos=+73.71 wrist_roll.pos=-0.85 gripper.pos=+0.72
DEBUG 2026-08-20 06:34:45 [action #33] t=1.87s step=32 queue=18 dmax=0.431 | shoulder_pan.pos=-7.58 shoulder_lift.pos=-100.93 elbow_flex.pos=+88.14 wrist_flex.pos=+73.78 wrist_roll.pos=-0.95 gripper.pos=+0.65
DEBUG 2026-08-20 06:34:45 [action #34] t=1.91s step=33 queue=17 dmax=0.883 | shoulder_pan.pos=-7.59 shoulder_lift.pos=-100.05 elbow_flex.pos=+87.81 wrist_flex.pos=+73.78 wrist_roll.pos=-0.85 gripper.pos=+0.55
DEBUG 2026-08-20 06:34:45 [action #35] t=1.94s step=34 queue=16 dmax=0.572 | shoulder_pan.pos=-7.32 shoulder_lift.pos=-100.62 elbow_flex.pos=+87.66 wrist_flex.pos=+73.98 wrist_roll.pos=-0.98 gripper.pos=+0.74
DEBUG 2026-08-20 06:34:45 [action #36] t=1.97s step=35 queue=15 dmax=0.782 | shoulder_pan.pos=-7.36 shoulder_lift.pos=-101.40 elbow_flex.pos=+87.53 wrist_flex.pos=+73.87 wrist_roll.pos=-0.99 gripper.pos=+0.85
DEBUG 2026-08-20 06:34:45 [action #37] t=2.01s step=36 queue=14 dmax=0.309 | shoulder_pan.pos=-7.21 shoulder_lift.pos=-101.09 elbow_flex.pos=+87.80 wrist_flex.pos=+73.86 wrist_roll.pos=-0.92 gripper.pos=+0.77
DEBUG 2026-08-20 06:34:45 [action #38] t=2.04s step=37 queue=13 dmax=0.521 | shoulder_pan.pos=-6.90 shoulder_lift.pos=-100.83 elbow_flex.pos=+87.28 wrist_flex.pos=+73.79 wrist_roll.pos=-0.92 gripper.pos=+0.77
DEBUG 2026-08-20 06:34:46 [action #39] t=2.07s step=38 queue=12 dmax=0.670 | shoulder_pan.pos=-6.84 shoulder_lift.pos=-100.16 elbow_flex.pos=+87.24 wrist_flex.pos=+73.70 wrist_roll.pos=-0.89 gripper.pos=+0.78
DEBUG 2026-08-20 06:34:46 [action #40] t=2.11s step=39 queue=11 dmax=1.099 | shoulder_pan.pos=-6.87 shoulder_lift.pos=-101.26 elbow_flex.pos=+87.57 wrist_flex.pos=+73.46 wrist_roll.pos=-0.90 gripper.pos=+0.64
DEBUG 2026-08-20 06:34:46 [action #41] t=2.14s step=40 queue=10 dmax=0.797 | shoulder_pan.pos=-6.74 shoulder_lift.pos=-100.46 elbow_flex.pos=+87.39 wrist_flex.pos=+73.50 wrist_roll.pos=-0.83 gripper.pos=+0.58
DEBUG 2026-08-20 06:34:46 [action #42] t=2.17s step=41 queue=9 dmax=0.634 | shoulder_pan.pos=-6.83 shoulder_lift.pos=-101.10 elbow_flex.pos=+87.07 wrist_flex.pos=+73.44 wrist_roll.pos=-0.94 gripper.pos=+0.83
DEBUG 2026-08-20 06:34:46 [action #43] t=2.21s step=42 queue=8 dmax=0.385 | shoulder_pan.pos=-6.54 shoulder_lift.pos=-101.48 elbow_flex.pos=+87.02 wrist_flex.pos=+73.21 wrist_roll.pos=-0.93 gripper.pos=+0.64
DEBUG 2026-08-20 06:34:46 [action #44] t=2.24s step=43 queue=7 dmax=0.684 | shoulder_pan.pos=-6.66 shoulder_lift.pos=-100.80 elbow_flex.pos=+87.12 wrist_flex.pos=+73.17 wrist_roll.pos=-0.86 gripper.pos=+0.65
DEBUG 2026-08-20 06:34:46 [action #45] t=2.27s step=44 queue=6 dmax=0.435 | shoulder_pan.pos=-6.65 shoulder_lift.pos=-100.37 elbow_flex.pos=+86.92 wrist_flex.pos=+73.34 wrist_roll.pos=-0.88 gripper.pos=+0.70
DEBUG 2026-08-20 06:34:46 [action #46] t=2.31s step=45 queue=5 dmax=0.124 | shoulder_pan.pos=-6.60 shoulder_lift.pos=-100.49 elbow_flex.pos=+87.01 wrist_flex.pos=+73.23 wrist_roll.pos=-0.90 gripper.pos=+0.65
DEBUG 2026-08-20 06:34:46 [action #47] t=2.34s step=46 queue=4 dmax=0.472 | shoulder_pan.pos=-6.45 shoulder_lift.pos=-100.96 elbow_flex.pos=+86.96 wrist_flex.pos=+73.29 wrist_roll.pos=-0.83 gripper.pos=+0.58
DEBUG 2026-08-20 06:34:46 [action #48] t=2.37s step=47 queue=3 dmax=0.656 | shoulder_pan.pos=-6.45 shoulder_lift.pos=-100.30 elbow_flex.pos=+86.67 wrist_flex.pos=+73.24 wrist_roll.pos=-0.83 gripper.pos=+0.52
DEBUG 2026-08-20 06:34:46 [chunk] received 50 actions, timesteps 22..71 | first: shoulder_pan.pos=-4.03 shoulder_lift.pos=-101.02 elbow_flex.pos=+88.54 wrist_flex.pos=+74.85 wrist_roll.pos=-0.45 gripper.pos=+1.08 | last: shoulder_pan.pos=-4.16 shoulder_lift.pos=-99.92 elbow_flex.pos=+84.92 wrist_flex.pos=+72.13 wrist_roll.pos=-0.84 gripper.pos=+0.80
DEBUG 2026-08-20 06:34:46 [action #49] t=2.41s step=48 queue=24 dmax=1.809 | shoulder_pan.pos=-4.64 shoulder_lift.pos=-101.41 elbow_flex.pos=+87.12 wrist_flex.pos=+72.04 wrist_roll.pos=-0.61 gripper.pos=+0.68
DEBUG 2026-08-20 06:34:46 [action #50] t=2.44s step=49 queue=23 dmax=0.254 | shoulder_pan.pos=-4.70 shoulder_lift.pos=-101.16 elbow_flex.pos=+87.09 wrist_flex.pos=+72.14 wrist_roll.pos=-0.54 gripper.pos=+0.65
DEBUG 2026-08-20 06:34:46 [action #51] t=2.48s step=50 queue=22 dmax=0.985 | shoulder_pan.pos=-3.72 shoulder_lift.pos=-101.28 elbow_flex.pos=+86.82 wrist_flex.pos=+71.93 wrist_roll.pos=-0.52 gripper.pos=+0.79
DEBUG 2026-08-20 06:34:46 [action #52] t=2.51s step=51 queue=21 dmax=0.256 | shoulder_pan.pos=-3.80 shoulder_lift.pos=-101.32 elbow_flex.pos=+87.08 wrist_flex.pos=+71.79 wrist_roll.pos=-0.45 gripper.pos=+0.69
DEBUG 2026-08-20 06:34:46 [action #53] t=2.54s step=52 queue=20 dmax=0.466 | shoulder_pan.pos=-3.77 shoulder_lift.pos=-101.00 elbow_flex.pos=+86.61 wrist_flex.pos=+71.68 wrist_roll.pos=-0.48 gripper.pos=+0.66
DEBUG 2026-08-20 06:34:46 [action #54] t=2.58s step=53 queue=19 dmax=0.395 | shoulder_pan.pos=-3.84 shoulder_lift.pos=-101.40 elbow_flex.pos=+86.64 wrist_flex.pos=+71.81 wrist_roll.pos=-0.42 gripper.pos=+0.61
DEBUG 2026-08-20 06:34:46 [action #55] t=2.61s step=54 queue=18 dmax=0.565 | shoulder_pan.pos=-3.84 shoulder_lift.pos=-101.13 elbow_flex.pos=+86.07 wrist_flex.pos=+71.92 wrist_roll.pos=-0.45 gripper.pos=+0.60
DEBUG 2026-08-20 06:34:46 [action #56] t=2.64s step=55 queue=17 dmax=0.512 | shoulder_pan.pos=-3.78 shoulder_lift.pos=-100.61 elbow_flex.pos=+86.42 wrist_flex.pos=+71.75 wrist_roll.pos=-0.39 gripper.pos=+0.53
DEBUG 2026-08-20 06:34:46 [action #57] t=2.68s step=56 queue=16 dmax=0.431 | shoulder_pan.pos=-3.79 shoulder_lift.pos=-100.84 elbow_flex.pos=+86.12 wrist_flex.pos=+72.18 wrist_roll.pos=-0.38 gripper.pos=+0.64
DEBUG 2026-08-20 06:34:46 [action #58] t=2.71s step=57 queue=15 dmax=0.310 | shoulder_pan.pos=-3.91 shoulder_lift.pos=-101.15 elbow_flex.pos=+86.16 wrist_flex.pos=+71.93 wrist_roll.pos=-0.44 gripper.pos=+0.59
DEBUG 2026-08-20 06:34:46 [action #59] t=2.74s step=58 queue=14 dmax=0.116 | shoulder_pan.pos=-3.82 shoulder_lift.pos=-101.03 elbow_flex.pos=+86.07 wrist_flex.pos=+72.02 wrist_roll.pos=-0.43 gripper.pos=+0.70
DEBUG 2026-08-20 06:34:46 [action #60] t=2.78s step=59 queue=13 dmax=0.443 | shoulder_pan.pos=-3.73 shoulder_lift.pos=-100.59 elbow_flex.pos=+86.34 wrist_flex.pos=+71.80 wrist_roll.pos=-0.39 gripper.pos=+0.69
DEBUG 2026-08-20 06:34:46 [action #61] t=2.81s step=60 queue=12 dmax=1.262 | shoulder_pan.pos=-4.18 shoulder_lift.pos=-100.70 elbow_flex.pos=+85.08 wrist_flex.pos=+71.88 wrist_roll.pos=-0.52 gripper.pos=+0.78
DEBUG 2026-08-20 06:34:46 [action #62] t=2.84s step=61 queue=11 dmax=0.887 | shoulder_pan.pos=-3.87 shoulder_lift.pos=-101.43 elbow_flex.pos=+85.96 wrist_flex.pos=+71.76 wrist_roll.pos=-0.34 gripper.pos=+0.53
DEBUG 2026-08-20 06:34:46 [action #63] t=2.88s step=62 queue=10 dmax=1.067 | shoulder_pan.pos=-4.10 shoulder_lift.pos=-100.51 elbow_flex.pos=+84.90 wrist_flex.pos=+72.01 wrist_roll.pos=-0.47 gripper.pos=+0.61
DEBUG 2026-08-20 06:34:46 [action #64] t=2.91s step=63 queue=9 dmax=0.436 | shoulder_pan.pos=-4.28 shoulder_lift.pos=-100.94 elbow_flex.pos=+85.08 wrist_flex.pos=+71.95 wrist_roll.pos=-0.51 gripper.pos=+0.80
DEBUG 2026-08-20 06:34:46 [action #65] t=2.94s step=64 queue=8 dmax=0.566 | shoulder_pan.pos=-3.84 shoulder_lift.pos=-100.38 elbow_flex.pos=+85.23 wrist_flex.pos=+72.09 wrist_roll.pos=-0.42 gripper.pos=+0.88
DEBUG 2026-08-20 06:34:46 [action #66] t=2.98s step=65 queue=7 dmax=0.253 | shoulder_pan.pos=-3.96 shoulder_lift.pos=-100.62 elbow_flex.pos=+85.20 wrist_flex.pos=+72.00 wrist_roll.pos=-0.68 gripper.pos=+0.82
DEBUG 2026-08-20 06:34:46 [action #67] t=3.01s step=66 queue=6 dmax=0.599 | shoulder_pan.pos=-3.82 shoulder_lift.pos=-101.22 elbow_flex.pos=+85.22 wrist_flex.pos=+71.55 wrist_roll.pos=-0.86 gripper.pos=+0.68
DEBUG 2026-08-20 06:34:46 [action #68] t=3.04s step=67 queue=5 dmax=0.420 | shoulder_pan.pos=-3.99 shoulder_lift.pos=-100.87 elbow_flex.pos=+84.80 wrist_flex.pos=+71.75 wrist_roll.pos=-0.87 gripper.pos=+0.72
DEBUG 2026-08-20 06:34:47 [action #69] t=3.08s step=68 queue=4 dmax=0.388 | shoulder_pan.pos=-3.78 shoulder_lift.pos=-100.85 elbow_flex.pos=+85.19 wrist_flex.pos=+71.98 wrist_roll.pos=-0.94 gripper.pos=+0.67
DEBUG 2026-08-20 06:34:47 [chunk] received 50 actions, timesteps 47..96 | first: shoulder_pan.pos=-6.43 shoulder_lift.pos=-100.83 elbow_flex.pos=+87.49 wrist_flex.pos=+73.12 wrist_roll.pos=-0.23 gripper.pos=+0.91 | last: shoulder_pan.pos=-9.04 shoulder_lift.pos=-59.44 elbow_flex.pos=+62.96 wrist_flex.pos=+64.68 wrist_roll.pos=-1.92 gripper.pos=+0.23
DEBUG 2026-08-20 06:34:47 [action #70] t=3.11s step=69 queue=28 dmax=2.556 | shoulder_pan.pos=-6.34 shoulder_lift.pos=-100.87 elbow_flex.pos=+84.47 wrist_flex.pos=+71.07 wrist_roll.pos=-0.76 gripper.pos=+0.58
DEBUG 2026-08-20 06:34:47 [action #71] t=3.14s step=70 queue=27 dmax=0.730 | shoulder_pan.pos=-6.48 shoulder_lift.pos=-100.63 elbow_flex.pos=+85.20 wrist_flex.pos=+71.13 wrist_roll.pos=-0.78 gripper.pos=+0.48
DEBUG 2026-08-20 06:34:47 [action #72] t=3.18s step=71 queue=26 dmax=0.844 | shoulder_pan.pos=-6.37 shoulder_lift.pos=-100.19 elbow_flex.pos=+84.36 wrist_flex.pos=+70.92 wrist_roll.pos=-0.80 gripper.pos=+0.59
DEBUG 2026-08-20 06:34:47 [action #73] t=3.21s step=72 queue=25 dmax=1.190 | shoulder_pan.pos=-7.56 shoulder_lift.pos=-100.18 elbow_flex.pos=+84.31 wrist_flex.pos=+70.48 wrist_roll.pos=-0.72 gripper.pos=+0.50
DEBUG 2026-08-20 06:34:47 [action #74] t=3.24s step=73 queue=24 dmax=0.784 | shoulder_pan.pos=-7.68 shoulder_lift.pos=-99.93 elbow_flex.pos=+83.53 wrist_flex.pos=+70.05 wrist_roll.pos=-0.77 gripper.pos=+0.60
DEBUG 2026-08-20 06:34:47 [action #75] t=3.28s step=74 queue=23 dmax=0.349 | shoulder_pan.pos=-7.75 shoulder_lift.pos=-99.81 elbow_flex.pos=+83.88 wrist_flex.pos=+70.11 wrist_roll.pos=-0.79 gripper.pos=+0.56
DEBUG 2026-08-20 06:34:47 [action #76] t=3.31s step=75 queue=22 dmax=0.770 | shoulder_pan.pos=-8.08 shoulder_lift.pos=-99.04 elbow_flex.pos=+83.61 wrist_flex.pos=+69.76 wrist_roll.pos=-1.06 gripper.pos=+0.60
DEBUG 2026-08-20 06:34:47 [action #77] t=3.35s step=76 queue=21 dmax=0.909 | shoulder_pan.pos=-7.89 shoulder_lift.pos=-98.13 elbow_flex.pos=+83.33 wrist_flex.pos=+69.49 wrist_roll.pos=-1.05 gripper.pos=+0.59
DEBUG 2026-08-20 06:34:47 [action #78] t=3.38s step=77 queue=20 dmax=1.369 | shoulder_pan.pos=-8.27 shoulder_lift.pos=-96.76 elbow_flex.pos=+83.04 wrist_flex.pos=+69.22 wrist_roll.pos=-1.04 gripper.pos=+0.57
DEBUG 2026-08-20 06:34:47 [action #79] t=3.41s step=78 queue=19 dmax=1.255 | shoulder_pan.pos=-8.31 shoulder_lift.pos=-95.51 elbow_flex.pos=+81.88 wrist_flex.pos=+68.72 wrist_roll.pos=-0.94 gripper.pos=+0.54
DEBUG 2026-08-20 06:34:47 [action #80] t=3.45s step=79 queue=18 dmax=3.074 | shoulder_pan.pos=-8.62 shoulder_lift.pos=-92.44 elbow_flex.pos=+81.26 wrist_flex.pos=+68.38 wrist_roll.pos=-1.19 gripper.pos=+0.67
DEBUG 2026-08-20 06:34:47 [action #81] t=3.48s step=80 queue=17 dmax=1.629 | shoulder_pan.pos=-8.81 shoulder_lift.pos=-90.81 elbow_flex.pos=+79.65 wrist_flex.pos=+67.86 wrist_roll.pos=-1.07 gripper.pos=+0.62
DEBUG 2026-08-20 06:34:47 [action #82] t=3.51s step=81 queue=16 dmax=2.831 | shoulder_pan.pos=-8.88 shoulder_lift.pos=-87.98 elbow_flex.pos=+79.28 wrist_flex.pos=+67.73 wrist_roll.pos=-1.20 gripper.pos=+0.53
DEBUG 2026-08-20 06:34:47 [action #83] t=3.55s step=82 queue=15 dmax=1.969 | shoulder_pan.pos=-8.74 shoulder_lift.pos=-86.01 elbow_flex.pos=+77.53 wrist_flex.pos=+67.47 wrist_roll.pos=-1.23 gripper.pos=+0.47
DEBUG 2026-08-20 06:34:47 [action #84] t=3.58s step=83 queue=14 dmax=2.471 | shoulder_pan.pos=-8.44 shoulder_lift.pos=-83.53 elbow_flex.pos=+76.35 wrist_flex.pos=+67.03 wrist_roll.pos=-1.23 gripper.pos=+0.47
DEBUG 2026-08-20 06:34:47 [action #85] t=3.61s step=84 queue=13 dmax=2.365 | shoulder_pan.pos=-8.30 shoulder_lift.pos=-81.17 elbow_flex.pos=+75.32 wrist_flex.pos=+66.78 wrist_roll.pos=-1.33 gripper.pos=+0.55
DEBUG 2026-08-20 06:34:47 [action #86] t=3.65s step=85 queue=12 dmax=2.193 | shoulder_pan.pos=-8.54 shoulder_lift.pos=-78.98 elbow_flex.pos=+74.20 wrist_flex.pos=+66.34 wrist_roll.pos=-1.40 gripper.pos=+0.41
DEBUG 2026-08-20 06:34:47 [action #87] t=3.68s step=86 queue=11 dmax=1.926 | shoulder_pan.pos=-8.64 shoulder_lift.pos=-77.05 elbow_flex.pos=+72.82 wrist_flex.pos=+65.90 wrist_roll.pos=-1.55 gripper.pos=+0.52
DEBUG 2026-08-20 06:34:47 [action #88] t=3.71s step=87 queue=10 dmax=2.367 | shoulder_pan.pos=-8.68 shoulder_lift.pos=-74.68 elbow_flex.pos=+72.19 wrist_flex.pos=+65.60 wrist_roll.pos=-1.76 gripper.pos=+0.41
DEBUG 2026-08-20 06:34:47 [action #89] t=3.75s step=88 queue=9 dmax=2.037 | shoulder_pan.pos=-8.87 shoulder_lift.pos=-72.65 elbow_flex.pos=+70.61 wrist_flex.pos=+65.54 wrist_roll.pos=-1.86 gripper.pos=+0.37
DEBUG 2026-08-20 06:34:47 [action #90] t=3.78s step=89 queue=8 dmax=1.062 | shoulder_pan.pos=-9.03 shoulder_lift.pos=-71.58 elbow_flex.pos=+69.55 wrist_flex.pos=+65.19 wrist_roll.pos=-1.83 gripper.pos=+0.27
DEBUG 2026-08-20 06:34:47 [action #91] t=3.81s step=90 queue=7 dmax=1.706 | shoulder_pan.pos=-9.24 shoulder_lift.pos=-69.88 elbow_flex.pos=+69.65 wrist_flex.pos=+64.83 wrist_roll.pos=-1.77 gripper.pos=+0.09
DEBUG 2026-08-20 06:34:47 [chunk] received 50 actions, timesteps 63..112 | first: shoulder_pan.pos=-4.69 shoulder_lift.pos=-101.10 elbow_flex.pos=+85.91 wrist_flex.pos=+72.12 wrist_roll.pos=-0.66 gripper.pos=+0.93 | last: shoulder_pan.pos=-8.94 shoulder_lift.pos=-63.42 elbow_flex.pos=+63.48 wrist_flex.pos=+64.93 wrist_roll.pos=-2.11 gripper.pos=+0.59
DEBUG 2026-08-20 06:34:47 [action #92] t=3.85s step=91 queue=22 dmax=16.302 | shoulder_pan.pos=-7.93 shoulder_lift.pos=-86.18 elbow_flex.pos=+76.75 wrist_flex.pos=+68.46 wrist_roll.pos=+0.15 gripper.pos=+0.47
DEBUG 2026-08-20 06:34:47 [action #93] t=3.88s step=92 queue=21 dmax=2.042 | shoulder_pan.pos=-8.51 shoulder_lift.pos=-84.14 elbow_flex.pos=+75.87 wrist_flex.pos=+67.90 wrist_roll.pos=-0.10 gripper.pos=+0.47
DEBUG 2026-08-20 06:34:47 [action #94] t=3.91s step=93 queue=20 dmax=2.423 | shoulder_pan.pos=-8.31 shoulder_lift.pos=-81.71 elbow_flex.pos=+74.51 wrist_flex.pos=+67.41 wrist_roll.pos=-0.36 gripper.pos=+0.49
DEBUG 2026-08-20 06:34:47 [action #95] t=3.95s step=94 queue=19 dmax=2.660 | shoulder_pan.pos=-8.27 shoulder_lift.pos=-79.05 elbow_flex.pos=+73.11 wrist_flex.pos=+66.83 wrist_roll.pos=-0.76 gripper.pos=+0.33
DEBUG 2026-08-20 06:34:47 [action #96] t=3.98s step=95 queue=18 dmax=2.299 | shoulder_pan.pos=-8.39 shoulder_lift.pos=-76.76 elbow_flex.pos=+72.04 wrist_flex.pos=+66.38 wrist_roll.pos=-1.18 gripper.pos=+0.34
DEBUG 2026-08-20 06:34:47 [action #97] t=4.01s step=96 queue=17 dmax=2.024 | shoulder_pan.pos=-8.33 shoulder_lift.pos=-74.73 elbow_flex.pos=+71.05 wrist_flex.pos=+66.22 wrist_roll.pos=-1.40 gripper.pos=+0.29
DEBUG 2026-08-20 06:34:47 [action #98] t=4.05s step=97 queue=16 dmax=4.129 | shoulder_pan.pos=-7.72 shoulder_lift.pos=-78.86 elbow_flex.pos=+72.99 wrist_flex.pos=+66.50 wrist_roll.pos=-1.31 gripper.pos=+0.36
DEBUG 2026-08-20 06:34:48 [action #99] t=4.08s step=98 queue=15 dmax=1.480 | shoulder_pan.pos=-7.88 shoulder_lift.pos=-77.38 elbow_flex.pos=+72.22 wrist_flex.pos=+66.00 wrist_roll.pos=-1.53 gripper.pos=+0.26
DEBUG 2026-08-20 06:34:48 [action #100] t=4.11s step=99 queue=14 dmax=1.400 | shoulder_pan.pos=-7.93 shoulder_lift.pos=-75.98 elbow_flex.pos=+71.75 wrist_flex.pos=+66.07 wrist_roll.pos=-1.23 gripper.pos=+0.39
DEBUG 2026-08-20 06:34:48 [action #101] t=4.15s step=100 queue=13 dmax=2.079 | shoulder_pan.pos=-7.84 shoulder_lift.pos=-73.90 elbow_flex.pos=+71.48 wrist_flex.pos=+66.11 wrist_roll.pos=-1.25 gripper.pos=+0.42
DEBUG 2026-08-20 06:34:48 [action #102] t=4.18s step=101 queue=12 dmax=1.692 | shoulder_pan.pos=-8.32 shoulder_lift.pos=-72.21 elbow_flex.pos=+69.96 wrist_flex.pos=+65.82 wrist_roll.pos=-1.15 gripper.pos=+0.38
DEBUG 2026-08-20 06:34:48 [action #103] t=4.21s step=102 queue=11 dmax=0.714 | shoulder_pan.pos=-8.25 shoulder_lift.pos=-71.49 elbow_flex.pos=+69.75 wrist_flex.pos=+65.70 wrist_roll.pos=-1.27 gripper.pos=+0.58
DEBUG 2026-08-20 06:34:48 [action #104] t=4.25s step=103 queue=10 dmax=1.540 | shoulder_pan.pos=-8.47 shoulder_lift.pos=-69.95 elbow_flex.pos=+68.45 wrist_flex.pos=+65.49 wrist_roll.pos=-1.46 gripper.pos=+0.50
DEBUG 2026-08-20 06:34:48 [action #105] t=4.28s step=104 queue=9 dmax=1.161 | shoulder_pan.pos=-8.54 shoulder_lift.pos=-68.95 elbow_flex.pos=+67.28 wrist_flex.pos=+65.21 wrist_roll.pos=-1.69 gripper.pos=+0.38
DEBUG 2026-08-20 06:34:48 [action #106] t=4.32s step=105 queue=8 dmax=1.184 | shoulder_pan.pos=-8.65 shoulder_lift.pos=-67.77 elbow_flex.pos=+66.65 wrist_flex.pos=+65.24 wrist_roll.pos=-2.00 gripper.pos=+0.48
DEBUG 2026-08-20 06:34:48 [action #107] t=4.35s step=106 queue=7 dmax=0.750 | shoulder_pan.pos=-8.59 shoulder_lift.pos=-67.02 elbow_flex.pos=+66.55 wrist_flex.pos=+64.94 wrist_roll.pos=-2.00 gripper.pos=+0.56
DEBUG 2026-08-20 06:34:48 [action #108] t=4.38s step=107 queue=6 dmax=0.679 | shoulder_pan.pos=-8.73 shoulder_lift.pos=-66.34 elbow_flex.pos=+66.24 wrist_flex.pos=+65.16 wrist_roll.pos=-2.02 gripper.pos=+0.58
DEBUG 2026-08-20 06:34:48 [action #109] t=4.42s step=108 queue=5 dmax=0.802 | shoulder_pan.pos=-8.65 shoulder_lift.pos=-65.82 elbow_flex.pos=+65.44 wrist_flex.pos=+64.98 wrist_roll.pos=-2.17 gripper.pos=+0.50
DEBUG 2026-08-20 06:34:48 [action #110] t=4.45s step=109 queue=4 dmax=0.571 | shoulder_pan.pos=-9.10 shoulder_lift.pos=-65.25 elbow_flex.pos=+65.67 wrist_flex.pos=+65.07 wrist_roll.pos=-2.11 gripper.pos=+0.52
DEBUG 2026-08-20 06:34:48 [action #111] t=4.48s step=110 queue=3 dmax=1.285 | shoulder_pan.pos=-8.89 shoulder_lift.pos=-64.65 elbow_flex.pos=+64.38 wrist_flex.pos=+65.01 wrist_roll.pos=-2.06 gripper.pos=+0.46
DEBUG 2026-08-20 06:34:48 [chunk] received 50 actions, timesteps 90..139 | first: shoulder_pan.pos=-9.28 shoulder_lift.pos=-68.56 elbow_flex.pos=+70.81 wrist_flex.pos=+63.71 wrist_roll.pos=-2.37 gripper.pos=+0.74 | last: shoulder_pan.pos=-8.85 shoulder_lift.pos=-19.20 elbow_flex.pos=+42.46 wrist_flex.pos=+62.45 wrist_roll.pos=-1.46 gripper.pos=+26.51
DEBUG 2026-08-20 06:34:48 [action #112] t=4.52s step=111 queue=29 dmax=8.018 | shoulder_pan.pos=-9.04 shoulder_lift.pos=-56.63 elbow_flex.pos=+62.58 wrist_flex.pos=+62.52 wrist_roll.pos=-2.84 gripper.pos=+2.28
DEBUG 2026-08-20 06:34:48 [action #113] t=4.55s step=112 queue=28 dmax=1.961 | shoulder_pan.pos=-9.22 shoulder_lift.pos=-55.65 elbow_flex.pos=+61.29 wrist_flex.pos=+62.37 wrist_roll.pos=-2.86 gripper.pos=+4.24
DEBUG 2026-08-20 06:34:48 [action #114] t=4.58s step=113 queue=27 dmax=5.309 | shoulder_pan.pos=-9.77 shoulder_lift.pos=-50.34 elbow_flex.pos=+60.38 wrist_flex.pos=+61.38 wrist_roll.pos=-3.08 gripper.pos=+9.07
DEBUG 2026-08-20 06:34:48 [action #115] t=4.62s step=114 queue=26 dmax=2.556 | shoulder_pan.pos=-10.30 shoulder_lift.pos=-50.58 elbow_flex.pos=+60.44 wrist_flex.pos=+61.28 wrist_roll.pos=-3.15 gripper.pos=+11.63
DEBUG 2026-08-20 06:34:48 [action #116] t=4.65s step=115 queue=25 dmax=1.926 | shoulder_pan.pos=-10.64 shoulder_lift.pos=-49.01 elbow_flex.pos=+59.86 wrist_flex.pos=+61.68 wrist_roll.pos=-3.06 gripper.pos=+13.56
DEBUG 2026-08-20 06:34:48 [action #117] t=4.68s step=116 queue=24 dmax=1.024 | shoulder_pan.pos=-10.38 shoulder_lift.pos=-48.51 elbow_flex.pos=+59.38 wrist_flex.pos=+61.68 wrist_roll.pos=-2.90 gripper.pos=+14.58
DEBUG 2026-08-20 06:34:48 [action #118] t=4.72s step=117 queue=23 dmax=1.528 | shoulder_pan.pos=-10.91 shoulder_lift.pos=-46.98 elbow_flex.pos=+58.79 wrist_flex.pos=+61.75 wrist_roll.pos=-3.04 gripper.pos=+14.88
DEBUG 2026-08-20 06:34:48 [action #119] t=4.75s step=118 queue=22 dmax=1.447 | shoulder_pan.pos=-10.46 shoulder_lift.pos=-45.53 elbow_flex.pos=+58.11 wrist_flex.pos=+61.74 wrist_roll.pos=-2.82 gripper.pos=+14.99
DEBUG 2026-08-20 06:34:48 [action #120] t=4.78s step=119 queue=21 dmax=1.216 | shoulder_pan.pos=-10.59 shoulder_lift.pos=-44.53 elbow_flex.pos=+56.89 wrist_flex.pos=+61.89 wrist_roll.pos=-3.02 gripper.pos=+14.64
DEBUG 2026-08-20 06:34:48 [action #121] t=4.82s step=120 queue=20 dmax=1.440 | shoulder_pan.pos=-10.22 shoulder_lift.pos=-43.09 elbow_flex.pos=+56.51 wrist_flex.pos=+61.84 wrist_roll.pos=-2.91 gripper.pos=+14.74
DEBUG 2026-08-20 06:34:48 [action #122] t=4.85s step=121 queue=19 dmax=1.463 | shoulder_pan.pos=-10.33 shoulder_lift.pos=-41.62 elbow_flex.pos=+55.86 wrist_flex.pos=+61.72 wrist_roll.pos=-2.81 gripper.pos=+14.94
DEBUG 2026-08-20 06:34:48 [action #123] t=4.88s step=122 queue=18 dmax=1.260 | shoulder_pan.pos=-10.08 shoulder_lift.pos=-40.39 elbow_flex.pos=+54.60 wrist_flex.pos=+62.06 wrist_roll.pos=-2.68 gripper.pos=+15.77
DEBUG 2026-08-20 06:34:48 [action #124] t=4.92s step=123 queue=17 dmax=1.056 | shoulder_pan.pos=-10.16 shoulder_lift.pos=-39.40 elbow_flex.pos=+54.21 wrist_flex.pos=+61.65 wrist_roll.pos=-2.70 gripper.pos=+16.83
DEBUG 2026-08-20 06:34:48 [action #125] t=4.95s step=124 queue=16 dmax=1.625 | shoulder_pan.pos=-10.43 shoulder_lift.pos=-38.68 elbow_flex.pos=+53.95 wrist_flex.pos=+61.60 wrist_roll.pos=-2.73 gripper.pos=+18.46
DEBUG 2026-08-20 06:34:48 [action #126] t=4.98s step=125 queue=15 dmax=1.897 | shoulder_pan.pos=-10.01 shoulder_lift.pos=-37.17 elbow_flex.pos=+53.38 wrist_flex.pos=+61.96 wrist_roll.pos=-2.49 gripper.pos=+20.35
DEBUG 2026-08-20 06:34:48 [action #127] t=5.02s step=126 queue=14 dmax=2.209 | shoulder_pan.pos=-9.86 shoulder_lift.pos=-35.65 elbow_flex.pos=+52.03 wrist_flex.pos=+62.03 wrist_roll.pos=-2.45 gripper.pos=+22.56
DEBUG 2026-08-20 06:34:48 [action #128] t=5.05s step=127 queue=13 dmax=2.463 | shoulder_pan.pos=-9.37 shoulder_lift.pos=-33.19 elbow_flex.pos=+50.42 wrist_flex.pos=+62.04 wrist_roll.pos=-2.35 gripper.pos=+24.09
DEBUG 2026-08-20 06:34:49 [action #129] t=5.08s step=128 queue=12 dmax=0.905 | shoulder_pan.pos=-9.61 shoulder_lift.pos=-32.35 elbow_flex.pos=+50.12 wrist_flex.pos=+62.26 wrist_roll.pos=-2.31 gripper.pos=+25.00
DEBUG 2026-08-20 06:34:49 [action #130] t=5.12s step=129 queue=11 dmax=1.187 | shoulder_pan.pos=-9.22 shoulder_lift.pos=-31.16 elbow_flex.pos=+49.59 wrist_flex.pos=+62.23 wrist_roll.pos=-2.22 gripper.pos=+25.22
DEBUG 2026-08-20 06:34:49 [action #131] t=5.15s step=130 queue=10 dmax=1.547 | shoulder_pan.pos=-9.26 shoulder_lift.pos=-29.61 elbow_flex.pos=+48.93 wrist_flex.pos=+62.33 wrist_roll.pos=-2.10 gripper.pos=+25.33
DEBUG 2026-08-20 06:34:49 [chunk] received 50 actions, timesteps 110..159 | first: shoulder_pan.pos=-8.75 shoulder_lift.pos=-61.91 elbow_flex.pos=+66.69 wrist_flex.pos=+62.69 wrist_roll.pos=-2.41 gripper.pos=+0.46 | last: shoulder_pan.pos=-10.46 shoulder_lift.pos=-16.21 elbow_flex.pos=+44.30 wrist_flex.pos=+61.87 wrist_roll.pos=-1.28 gripper.pos=+27.00
DEBUG 2026-08-20 06:34:49 [action #132] t=5.18s step=131 queue=29 dmax=6.114 | shoulder_pan.pos=-10.16 shoulder_lift.pos=-35.73 elbow_flex.pos=+50.98 wrist_flex.pos=+62.89 wrist_roll.pos=-2.22 gripper.pos=+19.57
DEBUG 2026-08-20 06:34:49 [action #133] t=5.22s step=132 queue=28 dmax=0.622 | shoulder_pan.pos=-9.99 shoulder_lift.pos=-35.63 elbow_flex.pos=+51.60 wrist_flex.pos=+62.69 wrist_roll.pos=-2.14 gripper.pos=+19.10
DEBUG 2026-08-20 06:34:49 [action #134] t=5.25s step=133 queue=27 dmax=1.291 | shoulder_pan.pos=-9.87 shoulder_lift.pos=-35.00 elbow_flex.pos=+50.31 wrist_flex.pos=+62.73 wrist_roll.pos=-2.20 gripper.pos=+19.42
DEBUG 2026-08-20 06:34:49 [action #135] t=5.29s step=134 queue=26 dmax=1.145 | shoulder_pan.pos=-10.34 shoulder_lift.pos=-33.85 elbow_flex.pos=+50.05 wrist_flex.pos=+62.78 wrist_roll.pos=-1.97 gripper.pos=+19.24
DEBUG 2026-08-20 06:34:49 [action #136] t=5.32s step=135 queue=25 dmax=0.403 | shoulder_pan.pos=-10.05 shoulder_lift.pos=-33.46 elbow_flex.pos=+49.91 wrist_flex.pos=+62.79 wrist_roll.pos=-2.03 gripper.pos=+19.64
DEBUG 2026-08-20 06:34:49 [action #137] t=5.35s step=136 queue=24 dmax=1.283 | shoulder_pan.pos=-10.07 shoulder_lift.pos=-32.17 elbow_flex.pos=+48.98 wrist_flex.pos=+63.05 wrist_roll.pos=-1.92 gripper.pos=+20.15
DEBUG 2026-08-20 06:34:49 [action #138] t=5.39s step=137 queue=23 dmax=0.735 | shoulder_pan.pos=-10.11 shoulder_lift.pos=-31.44 elbow_flex.pos=+48.72 wrist_flex.pos=+62.76 wrist_roll.pos=-1.91 gripper.pos=+20.65
DEBUG 2026-08-20 06:34:49 [action #139] t=5.42s step=138 queue=22 dmax=1.545 | shoulder_pan.pos=-10.11 shoulder_lift.pos=-29.89 elbow_flex.pos=+48.25 wrist_flex.pos=+62.93 wrist_roll.pos=-1.87 gripper.pos=+21.49
DEBUG 2026-08-20 06:34:49 [action #140] t=5.45s step=139 queue=21 dmax=1.464 | shoulder_pan.pos=-10.05 shoulder_lift.pos=-30.13 elbow_flex.pos=+47.72 wrist_flex.pos=+62.89 wrist_roll.pos=-1.90 gripper.pos=+22.95
DEBUG 2026-08-20 06:34:49 [action #141] t=5.49s step=140 queue=20 dmax=2.897 | shoulder_pan.pos=-10.64 shoulder_lift.pos=-33.03 elbow_flex.pos=+49.99 wrist_flex.pos=+63.24 wrist_roll.pos=-1.84 gripper.pos=+23.41
DEBUG 2026-08-20 06:34:49 [action #142] t=5.52s step=141 queue=19 dmax=1.771 | shoulder_pan.pos=-10.61 shoulder_lift.pos=-32.83 elbow_flex.pos=+49.05 wrist_flex.pos=+63.59 wrist_roll.pos=-1.83 gripper.pos=+25.18
DEBUG 2026-08-20 06:34:49 [action #143] t=5.55s step=142 queue=18 dmax=1.547 | shoulder_pan.pos=-10.76 shoulder_lift.pos=-31.28 elbow_flex.pos=+49.95 wrist_flex.pos=+63.30 wrist_roll.pos=-1.96 gripper.pos=+25.75
DEBUG 2026-08-20 06:34:49 [action #144] t=5.59s step=143 queue=17 dmax=0.480 | shoulder_pan.pos=-10.45 shoulder_lift.pos=-31.16 elbow_flex.pos=+49.47 wrist_flex.pos=+63.04 wrist_roll.pos=-1.66 gripper.pos=+25.96
DEBUG 2026-08-20 06:34:49 [action #145] t=5.62s step=144 queue=16 dmax=0.241 | shoulder_pan.pos=-10.41 shoulder_lift.pos=-31.17 elbow_flex.pos=+49.43 wrist_flex.pos=+63.09 wrist_roll.pos=-1.90 gripper.pos=+26.13
DEBUG 2026-08-20 06:34:49 [action #146] t=5.65s step=145 queue=15 dmax=1.628 | shoulder_pan.pos=-10.66 shoulder_lift.pos=-29.55 elbow_flex.pos=+48.88 wrist_flex.pos=+63.39 wrist_roll.pos=-1.63 gripper.pos=+26.22
DEBUG 2026-08-20 06:34:49 [action #147] t=5.69s step=146 queue=14 dmax=0.613 | shoulder_pan.pos=-10.28 shoulder_lift.pos=-28.93 elbow_flex.pos=+49.05 wrist_flex.pos=+63.21 wrist_roll.pos=-1.54 gripper.pos=+26.35
DEBUG 2026-08-20 06:34:49 [action #148] t=5.72s step=147 queue=13 dmax=1.114 | shoulder_pan.pos=-10.73 shoulder_lift.pos=-27.82 elbow_flex.pos=+48.43 wrist_flex.pos=+62.93 wrist_roll.pos=-1.64 gripper.pos=+26.81
DEBUG 2026-08-20 06:34:49 [action #149] t=5.75s step=148 queue=12 dmax=1.533 | shoulder_pan.pos=-10.14 shoulder_lift.pos=-26.29 elbow_flex.pos=+47.80 wrist_flex.pos=+62.92 wrist_roll.pos=-1.47 gripper.pos=+27.09
DEBUG 2026-08-20 06:34:49 [action #150] t=5.79s step=149 queue=11 dmax=0.628 | shoulder_pan.pos=-10.47 shoulder_lift.pos=-25.85 elbow_flex.pos=+47.32 wrist_flex.pos=+62.80 wrist_roll.pos=-1.52 gripper.pos=+27.72
DEBUG 2026-08-20 06:34:49 [action #151] t=5.82s step=150 queue=10 dmax=0.516 | shoulder_pan.pos=-10.40 shoulder_lift.pos=-25.65 elbow_flex.pos=+47.83 wrist_flex.pos=+62.74 wrist_roll.pos=-1.50 gripper.pos=+27.79
DEBUG 2026-08-20 06:34:49 [chunk] received 50 actions, timesteps 128..177 | first: shoulder_pan.pos=-9.96 shoulder_lift.pos=-36.69 elbow_flex.pos=+53.64 wrist_flex.pos=+62.45 wrist_roll.pos=-2.81 gripper.pos=+18.94 | last: shoulder_pan.pos=-8.85 shoulder_lift.pos=+2.13 elbow_flex.pos=+33.50 wrist_flex.pos=+64.55 wrist_roll.pos=-2.07 gripper.pos=+26.56
DEBUG 2026-08-20 06:34:49 [action #152] t=5.85s step=151 queue=27 dmax=1.088 | shoulder_pan.pos=-9.66 shoulder_lift.pos=-25.08 elbow_flex.pos=+47.48 wrist_flex.pos=+62.50 wrist_roll.pos=-2.17 gripper.pos=+28.88
DEBUG 2026-08-20 06:34:49 [action #153] t=5.89s step=152 queue=26 dmax=1.309 | shoulder_pan.pos=-9.88 shoulder_lift.pos=-23.77 elbow_flex.pos=+47.08 wrist_flex.pos=+62.37 wrist_roll.pos=-2.27 gripper.pos=+28.86
DEBUG 2026-08-20 06:34:49 [action #154] t=5.92s step=153 queue=25 dmax=1.122 | shoulder_pan.pos=-9.73 shoulder_lift.pos=-22.65 elbow_flex.pos=+46.76 wrist_flex.pos=+62.47 wrist_roll.pos=-2.27 gripper.pos=+28.75
DEBUG 2026-08-20 06:34:49 [action #155] t=5.95s step=154 queue=24 dmax=1.073 | shoulder_pan.pos=-9.73 shoulder_lift.pos=-21.82 elbow_flex.pos=+45.68 wrist_flex.pos=+62.36 wrist_roll.pos=-2.21 gripper.pos=+28.77
DEBUG 2026-08-20 06:34:49 [action #156] t=5.99s step=155 queue=23 dmax=0.922 | shoulder_pan.pos=-9.91 shoulder_lift.pos=-20.90 elbow_flex.pos=+45.24 wrist_flex.pos=+62.37 wrist_roll.pos=-2.21 gripper.pos=+28.75
DEBUG 2026-08-20 06:34:49 [action #157] t=6.02s step=156 queue=22 dmax=1.492 | shoulder_pan.pos=-9.77 shoulder_lift.pos=-19.41 elbow_flex.pos=+44.43 wrist_flex.pos=+62.48 wrist_roll.pos=-2.21 gripper.pos=+28.75
DEBUG 2026-08-20 06:34:50 [action #158] t=6.05s step=157 queue=21 dmax=0.965 | shoulder_pan.pos=-9.72 shoulder_lift.pos=-18.45 elbow_flex.pos=+44.00 wrist_flex.pos=+62.32 wrist_roll.pos=-2.20 gripper.pos=+28.69
DEBUG 2026-08-20 06:34:50 [action #159] t=6.09s step=158 queue=20 dmax=1.445 | shoulder_pan.pos=-9.76 shoulder_lift.pos=-17.00 elbow_flex.pos=+43.57 wrist_flex.pos=+62.53 wrist_roll.pos=-2.17 gripper.pos=+28.86
DEBUG 2026-08-20 06:34:50 [action #160] t=6.12s step=159 queue=19 dmax=0.978 | shoulder_pan.pos=-9.76 shoulder_lift.pos=-16.35 elbow_flex.pos=+42.60 wrist_flex.pos=+62.61 wrist_roll.pos=-2.12 gripper.pos=+28.90
DEBUG 2026-08-20 06:34:50 [action #161] t=6.16s step=160 queue=18 dmax=1.553 | shoulder_pan.pos=-9.46 shoulder_lift.pos=-15.34 elbow_flex.pos=+41.04 wrist_flex.pos=+63.01 wrist_roll.pos=-2.56 gripper.pos=+29.96
DEBUG 2026-08-20 06:34:50 [action #162] t=6.19s step=161 queue=17 dmax=1.793 | shoulder_pan.pos=-9.33 shoulder_lift.pos=-13.55 elbow_flex.pos=+40.67 wrist_flex.pos=+63.14 wrist_roll.pos=-2.49 gripper.pos=+30.19
DEBUG 2026-08-20 06:34:50 [action #163] t=6.22s step=162 queue=16 dmax=1.235 | shoulder_pan.pos=-9.45 shoulder_lift.pos=-12.71 elbow_flex.pos=+39.44 wrist_flex.pos=+63.31 wrist_roll.pos=-2.45 gripper.pos=+30.39
DEBUG 2026-08-20 06:34:50 [action #164] t=6.26s step=163 queue=15 dmax=1.519 | shoulder_pan.pos=-9.41 shoulder_lift.pos=-11.19 elbow_flex.pos=+38.41 wrist_flex.pos=+63.44 wrist_roll.pos=-2.34 gripper.pos=+30.52
DEBUG 2026-08-20 06:34:50 [action #165] t=6.29s step=164 queue=14 dmax=0.511 | shoulder_pan.pos=-9.33 shoulder_lift.pos=-10.68 elbow_flex.pos=+38.09 wrist_flex.pos=+63.43 wrist_roll.pos=-2.45 gripper.pos=+30.64
DEBUG 2026-08-20 06:34:50 [action #166] t=6.32s step=165 queue=13 dmax=1.587 | shoulder_pan.pos=-9.38 shoulder_lift.pos=-9.09 elbow_flex.pos=+37.41 wrist_flex.pos=+63.45 wrist_roll.pos=-2.45 gripper.pos=+30.60
DEBUG 2026-08-20 06:34:50 [action #167] t=6.36s step=166 queue=12 dmax=1.445 | shoulder_pan.pos=-9.35 shoulder_lift.pos=-7.65 elbow_flex.pos=+36.92 wrist_flex.pos=+63.53 wrist_roll.pos=-2.37 gripper.pos=+30.59
DEBUG 2026-08-20 06:34:50 [action #168] t=6.39s step=167 queue=11 dmax=1.102 | shoulder_pan.pos=-9.18 shoulder_lift.pos=-6.55 elbow_flex.pos=+36.38 wrist_flex.pos=+63.51 wrist_roll.pos=-2.31 gripper.pos=+30.60
DEBUG 2026-08-20 06:34:50 [action #169] t=6.42s step=168 queue=10 dmax=0.937 | shoulder_pan.pos=-9.32 shoulder_lift.pos=-5.61 elbow_flex.pos=+36.02 wrist_flex.pos=+63.60 wrist_roll.pos=-2.33 gripper.pos=+30.68
DEBUG 2026-08-20 06:34:50 [action #170] t=6.46s step=169 queue=9 dmax=1.456 | shoulder_pan.pos=-9.13 shoulder_lift.pos=-4.15 elbow_flex.pos=+35.75 wrist_flex.pos=+63.78 wrist_roll.pos=-2.35 gripper.pos=+30.79
DEBUG 2026-08-20 06:34:50 [action #171] t=6.49s step=170 queue=8 dmax=0.991 | shoulder_pan.pos=-9.09 shoulder_lift.pos=-3.46 elbow_flex.pos=+34.76 wrist_flex.pos=+63.59 wrist_roll.pos=-2.34 gripper.pos=+30.87
DEBUG 2026-08-20 06:34:50 [action #172] t=6.52s step=171 queue=7 dmax=1.445 | shoulder_pan.pos=-9.13 shoulder_lift.pos=-2.01 elbow_flex.pos=+34.67 wrist_flex.pos=+63.69 wrist_roll.pos=-2.25 gripper.pos=+30.92
DEBUG 2026-08-20 06:34:50 [action #173] t=6.56s step=172 queue=6 dmax=0.818 | shoulder_pan.pos=-8.98 shoulder_lift.pos=-1.19 elbow_flex.pos=+33.91 wrist_flex.pos=+63.74 wrist_roll.pos=-2.28 gripper.pos=+30.96
DEBUG 2026-08-20 06:34:50 [action #174] t=6.59s step=173 queue=5 dmax=0.997 | shoulder_pan.pos=-8.95 shoulder_lift.pos=-0.20 elbow_flex.pos=+34.18 wrist_flex.pos=+63.81 wrist_roll.pos=-2.28 gripper.pos=+31.00
DEBUG 2026-08-20 06:34:50 [chunk] received 50 actions, timesteps 149..198 | first: shoulder_pan.pos=-10.93 shoulder_lift.pos=-30.87 elbow_flex.pos=+51.19 wrist_flex.pos=+62.73 wrist_roll.pos=-1.94 gripper.pos=+28.80 | last: shoulder_pan.pos=-10.20 shoulder_lift.pos=+2.60 elbow_flex.pos=+33.04 wrist_flex.pos=+63.93 wrist_roll.pos=+0.78 gripper.pos=+10.73
DEBUG 2026-08-20 06:34:50 [action #175] t=6.62s step=174 queue=25 dmax=10.072 | shoulder_pan.pos=-11.16 shoulder_lift.pos=-10.27 elbow_flex.pos=+39.65 wrist_flex.pos=+63.15 wrist_roll.pos=-2.12 gripper.pos=+29.38
DEBUG 2026-08-20 06:34:50 [action #176] t=6.66s step=175 queue=24 dmax=0.590 | shoulder_pan.pos=-11.15 shoulder_lift.pos=-9.68 elbow_flex.pos=+39.55 wrist_flex.pos=+63.30 wrist_roll.pos=-1.94 gripper.pos=+29.09
DEBUG 2026-08-20 06:34:50 [action #177] t=6.69s step=176 queue=23 dmax=1.605 | shoulder_pan.pos=-11.00 shoulder_lift.pos=-8.07 elbow_flex.pos=+38.62 wrist_flex.pos=+63.26 wrist_roll.pos=-1.99 gripper.pos=+28.62
DEBUG 2026-08-20 06:34:50 [action #178] t=6.72s step=177 queue=22 dmax=0.801 | shoulder_pan.pos=-10.93 shoulder_lift.pos=-7.45 elbow_flex.pos=+38.30 wrist_flex.pos=+63.23 wrist_roll.pos=-1.90 gripper.pos=+27.82
DEBUG 2026-08-20 06:34:50 [action #179] t=6.76s step=178 queue=21 dmax=2.713 | shoulder_pan.pos=-11.80 shoulder_lift.pos=-10.16 elbow_flex.pos=+39.68 wrist_flex.pos=+62.75 wrist_roll.pos=-1.84 gripper.pos=+28.48
DEBUG 2026-08-20 06:34:50 [action #180] t=6.79s step=179 queue=20 dmax=1.280 | shoulder_pan.pos=-11.84 shoulder_lift.pos=-8.88 elbow_flex.pos=+39.14 wrist_flex.pos=+62.70 wrist_roll.pos=-1.91 gripper.pos=+28.45
DEBUG 2026-08-20 06:34:50 [action #181] t=6.82s step=180 queue=19 dmax=0.783 | shoulder_pan.pos=-11.67 shoulder_lift.pos=-8.10 elbow_flex.pos=+38.91 wrist_flex.pos=+62.71 wrist_roll.pos=-1.68 gripper.pos=+28.60
DEBUG 2026-08-20 06:34:50 [action #182] t=6.86s step=181 queue=18 dmax=1.278 | shoulder_pan.pos=-11.36 shoulder_lift.pos=-6.82 elbow_flex.pos=+37.77 wrist_flex.pos=+62.72 wrist_roll.pos=-1.69 gripper.pos=+28.47
DEBUG 2026-08-20 06:34:50 [action #183] t=6.89s step=182 queue=17 dmax=1.389 | shoulder_pan.pos=-11.53 shoulder_lift.pos=-5.43 elbow_flex.pos=+38.27 wrist_flex.pos=+62.95 wrist_roll.pos=-1.54 gripper.pos=+28.62
DEBUG 2026-08-20 06:34:50 [action #184] t=6.92s step=183 queue=16 dmax=1.619 | shoulder_pan.pos=-11.42 shoulder_lift.pos=-4.63 elbow_flex.pos=+36.65 wrist_flex.pos=+63.03 wrist_roll.pos=-1.50 gripper.pos=+28.74
DEBUG 2026-08-20 06:34:50 [action #185] t=6.96s step=184 queue=15 dmax=2.040 | shoulder_pan.pos=-11.00 shoulder_lift.pos=-2.59 elbow_flex.pos=+35.95 wrist_flex.pos=+63.07 wrist_roll.pos=-1.37 gripper.pos=+28.75
DEBUG 2026-08-20 06:34:50 [action #186] t=6.99s step=185 queue=14 dmax=0.446 | shoulder_pan.pos=-11.23 shoulder_lift.pos=-2.43 elbow_flex.pos=+35.50 wrist_flex.pos=+63.13 wrist_roll.pos=-1.23 gripper.pos=+28.77
DEBUG 2026-08-20 06:34:50 [action #187] t=7.02s step=186 queue=13 dmax=1.452 | shoulder_pan.pos=-11.04 shoulder_lift.pos=-0.98 elbow_flex.pos=+35.10 wrist_flex.pos=+63.25 wrist_roll.pos=-1.23 gripper.pos=+28.89
DEBUG 2026-08-20 06:34:51 [action #188] t=7.06s step=187 queue=12 dmax=0.734 | shoulder_pan.pos=-11.48 shoulder_lift.pos=-0.25 elbow_flex.pos=+35.45 wrist_flex.pos=+63.28 wrist_roll.pos=-1.11 gripper.pos=+29.00
DEBUG 2026-08-20 06:34:51 [action #189] t=7.09s step=188 queue=11 dmax=0.798 | shoulder_pan.pos=-10.81 shoulder_lift.pos=-0.14 elbow_flex.pos=+34.65 wrist_flex.pos=+63.01 wrist_roll.pos=-1.07 gripper.pos=+29.03
DEBUG 2026-08-20 06:34:51 [action #190] t=7.12s step=189 queue=10 dmax=0.715 | shoulder_pan.pos=-10.98 shoulder_lift.pos=+0.58 elbow_flex.pos=+34.71 wrist_flex.pos=+63.15 wrist_roll.pos=-0.91 gripper.pos=+28.83
DEBUG 2026-08-20 06:34:51 [action #191] t=7.16s step=190 queue=9 dmax=0.497 | shoulder_pan.pos=-11.18 shoulder_lift.pos=+1.07 elbow_flex.pos=+34.25 wrist_flex.pos=+63.20 wrist_roll.pos=-0.80 gripper.pos=+28.47
DEBUG 2026-08-20 06:34:51 [action #192] t=7.19s step=191 queue=8 dmax=0.698 | shoulder_pan.pos=-10.97 shoulder_lift.pos=+1.52 elbow_flex.pos=+34.95 wrist_flex.pos=+63.27 wrist_roll.pos=-0.69 gripper.pos=+27.77
DEBUG 2026-08-20 06:34:51 [action #193] t=7.23s step=192 queue=7 dmax=1.814 | shoulder_pan.pos=-10.79 shoulder_lift.pos=+2.16 elbow_flex.pos=+33.98 wrist_flex.pos=+62.98 wrist_roll.pos=-0.44 gripper.pos=+25.96
DEBUG 2026-08-20 06:34:51 [action #194] t=7.26s step=193 queue=6 dmax=1.927 | shoulder_pan.pos=-10.73 shoulder_lift.pos=+2.42 elbow_flex.pos=+34.26 wrist_flex.pos=+63.00 wrist_roll.pos=-0.10 gripper.pos=+24.03
DEBUG 2026-08-20 06:34:51 [chunk] received 50 actions, timesteps 173..222 | first: shoulder_pan.pos=-9.84 shoulder_lift.pos=-2.41 elbow_flex.pos=+31.85 wrist_flex.pos=+63.37 wrist_roll.pos=-2.27 gripper.pos=+31.47 | last: shoulder_pan.pos=-4.83 shoulder_lift.pos=+2.85 elbow_flex.pos=-10.58 wrist_flex.pos=+90.37 wrist_roll.pos=-2.08 gripper.pos=+6.65
DEBUG 2026-08-20 06:34:51 [action #195] t=7.29s step=194 queue=29 dmax=13.481 | shoulder_pan.pos=-10.43 shoulder_lift.pos=+1.79 elbow_flex.pos=+29.11 wrist_flex.pos=+64.64 wrist_roll.pos=-1.05 gripper.pos=+10.55
DEBUG 2026-08-20 06:34:51 [action #196] t=7.33s step=195 queue=28 dmax=1.040 | shoulder_pan.pos=-10.49 shoulder_lift.pos=+2.32 elbow_flex.pos=+29.29 wrist_flex.pos=+64.73 wrist_roll.pos=-1.01 gripper.pos=+9.51
DEBUG 2026-08-20 06:34:51 [action #197] t=7.36s step=196 queue=27 dmax=0.906 | shoulder_pan.pos=-10.34 shoulder_lift.pos=+1.51 elbow_flex.pos=+29.21 wrist_flex.pos=+64.85 wrist_roll.pos=-0.94 gripper.pos=+8.60
DEBUG 2026-08-20 06:34:51 [action #198] t=7.39s step=197 queue=26 dmax=1.004 | shoulder_pan.pos=-10.55 shoulder_lift.pos=+1.76 elbow_flex.pos=+28.69 wrist_flex.pos=+64.94 wrist_roll.pos=-0.92 gripper.pos=+7.60
DEBUG 2026-08-20 06:34:51 [action #199] t=7.43s step=198 queue=25 dmax=0.553 | shoulder_pan.pos=-10.59 shoulder_lift.pos=+1.21 elbow_flex.pos=+28.57 wrist_flex.pos=+65.05 wrist_roll.pos=-0.98 gripper.pos=+7.34
DEBUG 2026-08-20 06:34:51 [action #200] t=7.46s step=199 queue=24 dmax=1.955 | shoulder_pan.pos=-10.64 shoulder_lift.pos=-0.12 elbow_flex.pos=+26.61 wrist_flex.pos=+65.85 wrist_roll.pos=-1.77 gripper.pos=+6.07
DEBUG 2026-08-20 06:34:51 [action #201] t=7.49s step=200 queue=23 dmax=0.916 | shoulder_pan.pos=-10.56 shoulder_lift.pos=+0.80 elbow_flex.pos=+26.25 wrist_flex.pos=+66.09 wrist_roll.pos=-1.90 gripper.pos=+6.11
DEBUG 2026-08-20 06:34:51 [action #202] t=7.53s step=201 queue=22 dmax=0.541 | shoulder_pan.pos=-10.67 shoulder_lift.pos=+0.45 elbow_flex.pos=+25.71 wrist_flex.pos=+66.30 wrist_roll.pos=-1.94 gripper.pos=+6.07
DEBUG 2026-08-20 06:34:51 [action #203] t=7.56s step=202 queue=21 dmax=0.413 | shoulder_pan.pos=-10.64 shoulder_lift.pos=+0.71 elbow_flex.pos=+25.39 wrist_flex.pos=+66.72 wrist_roll.pos=-1.90 gripper.pos=+6.11
DEBUG 2026-08-20 06:34:51 [action #204] t=7.59s step=203 queue=20 dmax=1.228 | shoulder_pan.pos=-10.67 shoulder_lift.pos=-0.51 elbow_flex.pos=+24.99 wrist_flex.pos=+67.23 wrist_roll.pos=-1.88 gripper.pos=+6.08
DEBUG 2026-08-20 06:34:51 [action #205] t=7.63s step=204 queue=19 dmax=1.123 | shoulder_pan.pos=-10.66 shoulder_lift.pos=+0.35 elbow_flex.pos=+23.87 wrist_flex.pos=+67.61 wrist_roll.pos=-1.94 gripper.pos=+6.18
DEBUG 2026-08-20 06:34:51 [action #206] t=7.66s step=205 queue=18 dmax=1.317 | shoulder_pan.pos=-10.85 shoulder_lift.pos=+0.37 elbow_flex.pos=+22.55 wrist_flex.pos=+68.44 wrist_roll.pos=-2.00 gripper.pos=+6.19
DEBUG 2026-08-20 06:34:51 [action #207] t=7.69s step=206 queue=17 dmax=0.827 | shoulder_pan.pos=-10.78 shoulder_lift.pos=+0.17 elbow_flex.pos=+21.94 wrist_flex.pos=+69.27 wrist_roll.pos=-2.13 gripper.pos=+6.20
DEBUG 2026-08-20 06:34:51 [action #208] t=7.73s step=207 queue=16 dmax=1.561 | shoulder_pan.pos=-10.37 shoulder_lift.pos=+0.18 elbow_flex.pos=+20.38 wrist_flex.pos=+70.27 wrist_roll.pos=-2.25 gripper.pos=+6.20
DEBUG 2026-08-20 06:34:51 [action #209] t=7.76s step=208 queue=15 dmax=1.510 | shoulder_pan.pos=-10.67 shoulder_lift.pos=+0.51 elbow_flex.pos=+18.87 wrist_flex.pos=+71.46 wrist_roll.pos=-2.19 gripper.pos=+6.31
DEBUG 2026-08-20 06:34:51 [action #210] t=7.79s step=209 queue=14 dmax=1.362 | shoulder_pan.pos=-10.33 shoulder_lift.pos=+1.02 elbow_flex.pos=+17.72 wrist_flex.pos=+72.82 wrist_roll.pos=-2.32 gripper.pos=+6.22
DEBUG 2026-08-20 06:34:51 [action #211] t=7.83s step=210 queue=13 dmax=2.250 | shoulder_pan.pos=-10.48 shoulder_lift.pos=+0.96 elbow_flex.pos=+15.47 wrist_flex.pos=+74.13 wrist_roll.pos=-2.42 gripper.pos=+6.23
DEBUG 2026-08-20 06:34:51 [action #212] t=7.86s step=211 queue=12 dmax=1.925 | shoulder_pan.pos=-10.04 shoulder_lift.pos=+1.57 elbow_flex.pos=+13.55 wrist_flex.pos=+75.52 wrist_roll.pos=-2.49 gripper.pos=+6.33
DEBUG 2026-08-20 06:34:51 [action #213] t=7.89s step=212 queue=11 dmax=2.204 | shoulder_pan.pos=-9.71 shoulder_lift.pos=+1.35 elbow_flex.pos=+11.35 wrist_flex.pos=+77.14 wrist_roll.pos=-2.48 gripper.pos=+6.31
DEBUG 2026-08-20 06:34:51 [action #214] t=7.93s step=213 queue=10 dmax=2.148 | shoulder_pan.pos=-9.43 shoulder_lift.pos=+1.28 elbow_flex.pos=+9.20 wrist_flex.pos=+78.58 wrist_roll.pos=-2.34 gripper.pos=+6.54
DEBUG 2026-08-20 06:34:51 [action #215] t=7.96s step=214 queue=9 dmax=2.080 | shoulder_pan.pos=-9.27 shoulder_lift.pos=+1.92 elbow_flex.pos=+7.12 wrist_flex.pos=+80.22 wrist_roll.pos=-2.49 gripper.pos=+6.50
DEBUG 2026-08-20 06:34:51 [action #216] t=7.99s step=215 queue=8 dmax=2.157 | shoulder_pan.pos=-8.79 shoulder_lift.pos=+2.00 elbow_flex.pos=+4.96 wrist_flex.pos=+81.75 wrist_roll.pos=-2.46 gripper.pos=+6.52
DEBUG 2026-08-20 06:34:51 [action #217] t=8.03s step=216 queue=7 dmax=2.746 | shoulder_pan.pos=-8.25 shoulder_lift.pos=+2.30 elbow_flex.pos=+2.22 wrist_flex.pos=+83.20 wrist_roll.pos=-2.55 gripper.pos=+6.48
DEBUG 2026-08-20 06:34:51 [chunk] received 50 actions, timesteps 192..241 | first: shoulder_pan.pos=-10.96 shoulder_lift.pos=+0.61 elbow_flex.pos=+31.92 wrist_flex.pos=+62.47 wrist_roll.pos=-0.84 gripper.pos=+29.77 | last: shoulder_pan.pos=+0.56 shoulder_lift.pos=-4.23 elbow_flex.pos=-13.40 wrist_flex.pos=+88.20 wrist_roll.pos=+1.28 gripper.pos=+7.11
DEBUG 2026-08-20 06:34:52 [action #218] t=8.06s step=217 queue=25 dmax=14.829 | shoulder_pan.pos=-9.90 shoulder_lift.pos=+2.45 elbow_flex.pos=+17.04 wrist_flex.pos=+73.19 wrist_roll.pos=-1.15 gripper.pos=+6.64
DEBUG 2026-08-20 06:34:52 [action #219] t=8.09s step=218 queue=24 dmax=0.810 | shoulder_pan.pos=-9.94 shoulder_lift.pos=+1.81 elbow_flex.pos=+16.37 wrist_flex.pos=+74.00 wrist_roll.pos=-1.05 gripper.pos=+6.57
DEBUG 2026-08-20 06:34:52 [action #220] t=8.13s step=219 queue=23 dmax=1.075 | shoulder_pan.pos=-9.37 shoulder_lift.pos=+1.90 elbow_flex.pos=+15.29 wrist_flex.pos=+74.72 wrist_roll.pos=-1.08 gripper.pos=+6.88
DEBUG 2026-08-20 06:34:52 [action #221] t=8.16s step=220 queue=22 dmax=0.998 | shoulder_pan.pos=-9.31 shoulder_lift.pos=+1.08 elbow_flex.pos=+14.29 wrist_flex.pos=+75.55 wrist_roll.pos=-1.06 gripper.pos=+6.89
DEBUG 2026-08-20 06:34:52 [action #222] t=8.20s step=221 queue=21 dmax=1.109 | shoulder_pan.pos=-8.96 shoulder_lift.pos=+0.79 elbow_flex.pos=+13.32 wrist_flex.pos=+76.66 wrist_roll.pos=-0.97 gripper.pos=+6.89
DEBUG 2026-08-20 06:34:52 [action #223] t=8.23s step=222 queue=20 dmax=1.769 | shoulder_pan.pos=-8.70 shoulder_lift.pos=+0.57 elbow_flex.pos=+11.55 wrist_flex.pos=+77.70 wrist_roll.pos=-0.99 gripper.pos=+6.91
DEBUG 2026-08-20 06:34:52 [action #224] t=8.26s step=223 queue=19 dmax=8.690 | shoulder_pan.pos=-9.79 shoulder_lift.pos=-1.67 elbow_flex.pos=+20.24 wrist_flex.pos=+73.39 wrist_roll.pos=-0.58 gripper.pos=+7.05
DEBUG 2026-08-20 06:34:52 [action #225] t=8.30s step=224 queue=18 dmax=1.824 | shoulder_pan.pos=-9.85 shoulder_lift.pos=-2.02 elbow_flex.pos=+18.41 wrist_flex.pos=+74.48 wrist_roll.pos=-0.59 gripper.pos=+6.92
DEBUG 2026-08-20 06:34:52 [action #226] t=8.33s step=225 queue=17 dmax=0.942 | shoulder_pan.pos=-9.98 shoulder_lift.pos=-2.79 elbow_flex.pos=+17.49 wrist_flex.pos=+75.42 wrist_roll.pos=-0.63 gripper.pos=+7.04
DEBUG 2026-08-20 06:34:52 [action #227] t=8.36s step=226 queue=16 dmax=1.283 | shoulder_pan.pos=-9.72 shoulder_lift.pos=-3.52 elbow_flex.pos=+16.21 wrist_flex.pos=+76.43 wrist_roll.pos=-0.52 gripper.pos=+6.97
DEBUG 2026-08-20 06:34:52 [action #228] t=8.40s step=227 queue=15 dmax=2.156 | shoulder_pan.pos=-9.43 shoulder_lift.pos=-3.75 elbow_flex.pos=+14.05 wrist_flex.pos=+77.26 wrist_roll.pos=-0.62 gripper.pos=+7.01
DEBUG 2026-08-20 06:34:52 [action #229] t=8.43s step=228 queue=14 dmax=1.181 | shoulder_pan.pos=-9.35 shoulder_lift.pos=-3.81 elbow_flex.pos=+13.25 wrist_flex.pos=+78.44 wrist_roll.pos=-0.66 gripper.pos=+7.08
DEBUG 2026-08-20 06:34:52 [action #230] t=8.46s step=229 queue=13 dmax=1.705 | shoulder_pan.pos=-9.07 shoulder_lift.pos=-3.79 elbow_flex.pos=+11.54 wrist_flex.pos=+79.64 wrist_roll.pos=-0.53 gripper.pos=+6.98
DEBUG 2026-08-20 06:34:52 [action #231] t=8.50s step=230 queue=12 dmax=2.028 | shoulder_pan.pos=-8.83 shoulder_lift.pos=-3.42 elbow_flex.pos=+9.51 wrist_flex.pos=+80.69 wrist_roll.pos=-0.64 gripper.pos=+7.13
DEBUG 2026-08-20 06:34:52 [action #232] t=8.53s step=231 queue=11 dmax=2.336 | shoulder_pan.pos=-8.37 shoulder_lift.pos=-4.08 elbow_flex.pos=+7.18 wrist_flex.pos=+81.81 wrist_roll.pos=-0.59 gripper.pos=+7.15
DEBUG 2026-08-20 06:34:52 [action #233] t=8.56s step=232 queue=10 dmax=2.043 | shoulder_pan.pos=-7.90 shoulder_lift.pos=-3.72 elbow_flex.pos=+5.14 wrist_flex.pos=+82.76 wrist_roll.pos=-0.46 gripper.pos=+7.11
DEBUG 2026-08-20 06:34:52 [action #234] t=8.60s step=233 queue=9 dmax=1.741 | shoulder_pan.pos=-7.48 shoulder_lift.pos=-3.83 elbow_flex.pos=+3.39 wrist_flex.pos=+83.69 wrist_roll.pos=-0.68 gripper.pos=+7.14
DEBUG 2026-08-20 06:34:52 [action #235] t=8.63s step=234 queue=8 dmax=1.571 | shoulder_pan.pos=-6.93 shoulder_lift.pos=-4.99 elbow_flex.pos=+1.82 wrist_flex.pos=+84.29 wrist_roll.pos=-0.53 gripper.pos=+7.12
DEBUG 2026-08-20 06:34:52 [action #236] t=8.66s step=235 queue=7 dmax=2.017 | shoulder_pan.pos=-5.99 shoulder_lift.pos=-4.60 elbow_flex.pos=-0.19 wrist_flex.pos=+85.13 wrist_roll.pos=-0.51 gripper.pos=+7.06
DEBUG 2026-08-20 06:34:52 [action #237] t=8.70s step=236 queue=6 dmax=1.899 | shoulder_pan.pos=-5.26 shoulder_lift.pos=-3.92 elbow_flex.pos=-2.09 wrist_flex.pos=+85.77 wrist_roll.pos=-0.38 gripper.pos=+7.24
DEBUG 2026-08-20 06:34:52 [action #238] t=8.73s step=237 queue=5 dmax=2.162 | shoulder_pan.pos=-4.14 shoulder_lift.pos=-4.93 elbow_flex.pos=-4.25 wrist_flex.pos=+86.42 wrist_roll.pos=-0.12 gripper.pos=+7.20
DEBUG 2026-08-20 06:34:52 [chunk] received 50 actions, timesteps 214..263 | first: shoulder_pan.pos=-10.06 shoulder_lift.pos=+2.52 elbow_flex.pos=+17.37 wrist_flex.pos=+75.47 wrist_roll.pos=-1.90 gripper.pos=+8.04 | last: shoulder_pan.pos=+14.92 shoulder_lift.pos=+9.77 elbow_flex.pos=-28.87 wrist_flex.pos=+84.37 wrist_roll.pos=+5.62 gripper.pos=+7.29
DEBUG 2026-08-20 06:34:52 [action #239] t=8.76s step=238 queue=26 dmax=2.056 | shoulder_pan.pos=-3.88 shoulder_lift.pos=-4.25 elbow_flex.pos=-3.67 wrist_flex.pos=+88.48 wrist_roll.pos=-0.82 gripper.pos=+7.24
DEBUG 2026-08-20 06:34:52 [action #240] t=8.80s step=239 queue=25 dmax=1.551 | shoulder_pan.pos=-3.27 shoulder_lift.pos=-3.96 elbow_flex.pos=-5.22 wrist_flex.pos=+89.25 wrist_roll.pos=-0.66 gripper.pos=+7.38
DEBUG 2026-08-20 06:34:52 [action #241] t=8.83s step=240 queue=24 dmax=1.989 | shoulder_pan.pos=-2.29 shoulder_lift.pos=-3.68 elbow_flex.pos=-7.21 wrist_flex.pos=+89.78 wrist_roll.pos=-0.54 gripper.pos=+7.27
DEBUG 2026-08-20 06:34:52 [action #242] t=8.86s step=241 queue=23 dmax=1.459 | shoulder_pan.pos=-1.26 shoulder_lift.pos=-3.58 elbow_flex.pos=-8.67 wrist_flex.pos=+90.13 wrist_roll.pos=-0.22 gripper.pos=+7.34
DEBUG 2026-08-20 06:34:52 [action #243] t=8.90s step=242 queue=22 dmax=1.076 | shoulder_pan.pos=-1.73 shoulder_lift.pos=-4.04 elbow_flex.pos=-8.42 wrist_flex.pos=+91.20 wrist_roll.pos=-0.75 gripper.pos=+7.43
DEBUG 2026-08-20 06:34:52 [action #244] t=8.93s step=243 queue=21 dmax=0.929 | shoulder_pan.pos=-1.07 shoulder_lift.pos=-4.31 elbow_flex.pos=-9.35 wrist_flex.pos=+91.53 wrist_roll.pos=-0.65 gripper.pos=+7.39
DEBUG 2026-08-20 06:34:52 [action #245] t=8.96s step=244 queue=20 dmax=1.509 | shoulder_pan.pos=-0.28 shoulder_lift.pos=-4.11 elbow_flex.pos=-10.86 wrist_flex.pos=+91.80 wrist_roll.pos=-0.23 gripper.pos=+7.45
DEBUG 2026-08-20 06:34:52 [action #246] t=9.00s step=245 queue=19 dmax=1.033 | shoulder_pan.pos=+0.63 shoulder_lift.pos=-3.42 elbow_flex.pos=-11.89 wrist_flex.pos=+91.95 wrist_roll.pos=-0.12 gripper.pos=+7.24
DEBUG 2026-08-20 06:34:52 [action #247] t=9.03s step=246 queue=18 dmax=1.573 | shoulder_pan.pos=+1.43 shoulder_lift.pos=-3.66 elbow_flex.pos=-13.47 wrist_flex.pos=+92.05 wrist_roll.pos=+0.36 gripper.pos=+7.50
DEBUG 2026-08-20 06:34:53 [action #248] t=9.06s step=247 queue=17 dmax=1.152 | shoulder_pan.pos=+2.29 shoulder_lift.pos=-3.11 elbow_flex.pos=-14.62 wrist_flex.pos=+91.93 wrist_roll.pos=+0.93 gripper.pos=+7.35
DEBUG 2026-08-20 06:34:53 [action #249] t=9.10s step=248 queue=16 dmax=0.698 | shoulder_pan.pos=+2.99 shoulder_lift.pos=-2.48 elbow_flex.pos=-15.00 wrist_flex.pos=+91.86 wrist_roll.pos=+1.36 gripper.pos=+7.42
DEBUG 2026-08-20 06:34:53 [action #250] t=9.13s step=249 queue=15 dmax=1.145 | shoulder_pan.pos=+4.06 shoulder_lift.pos=-2.30 elbow_flex.pos=-16.15 wrist_flex.pos=+91.75 wrist_roll.pos=+1.84 gripper.pos=+7.18
DEBUG 2026-08-20 06:34:53 [action #251] t=9.17s step=250 queue=14 dmax=0.877 | shoulder_pan.pos=+4.93 shoulder_lift.pos=-2.31 elbow_flex.pos=-16.57 wrist_flex.pos=+91.35 wrist_roll.pos=+2.11 gripper.pos=+7.42
DEBUG 2026-08-20 06:34:53 [action #252] t=9.20s step=251 queue=13 dmax=0.829 | shoulder_pan.pos=+5.76 shoulder_lift.pos=-1.84 elbow_flex.pos=-17.10 wrist_flex.pos=+90.81 wrist_roll.pos=+2.37 gripper.pos=+7.22
DEBUG 2026-08-20 06:34:53 [action #253] t=9.23s step=252 queue=12 dmax=0.956 | shoulder_pan.pos=+6.44 shoulder_lift.pos=-1.62 elbow_flex.pos=-18.06 wrist_flex.pos=+90.40 wrist_roll.pos=+2.59 gripper.pos=+7.42
DEBUG 2026-08-20 06:34:53 [action #254] t=9.27s step=253 queue=11 dmax=0.877 | shoulder_pan.pos=+7.32 shoulder_lift.pos=-1.54 elbow_flex.pos=-18.62 wrist_flex.pos=+90.18 wrist_roll.pos=+2.96 gripper.pos=+7.41
DEBUG 2026-08-20 06:34:53 [action #255] t=9.30s step=254 queue=10 dmax=1.068 | shoulder_pan.pos=+8.38 shoulder_lift.pos=-0.65 elbow_flex.pos=-19.43 wrist_flex.pos=+89.46 wrist_roll.pos=+3.21 gripper.pos=+7.22
DEBUG 2026-08-20 06:34:53 [action #256] t=9.33s step=255 queue=9 dmax=1.053 | shoulder_pan.pos=+9.16 shoulder_lift.pos=-0.38 elbow_flex.pos=-20.48 wrist_flex.pos=+88.62 wrist_roll.pos=+3.57 gripper.pos=+7.31
DEBUG 2026-08-20 06:34:53 [action #257] t=9.37s step=256 queue=8 dmax=1.416 | shoulder_pan.pos=+10.13 shoulder_lift.pos=+1.03 elbow_flex.pos=-20.51 wrist_flex.pos=+87.96 wrist_roll.pos=+3.83 gripper.pos=+7.35
DEBUG 2026-08-20 06:34:53 [action #258] t=9.40s step=257 queue=7 dmax=1.345 | shoulder_pan.pos=+10.91 shoulder_lift.pos=+1.98 elbow_flex.pos=-21.85 wrist_flex.pos=+87.43 wrist_roll.pos=+4.08 gripper.pos=+7.26
DEBUG 2026-08-20 06:34:53 [action #259] t=9.43s step=258 queue=6 dmax=0.937 | shoulder_pan.pos=+11.65 shoulder_lift.pos=+2.65 elbow_flex.pos=-22.79 wrist_flex.pos=+86.88 wrist_roll.pos=+4.23 gripper.pos=+7.27
DEBUG 2026-08-20 06:34:53 [chunk] received 50 actions, timesteps 237..286 | first: shoulder_pan.pos=-5.84 shoulder_lift.pos=-4.53 elbow_flex.pos=+3.57 wrist_flex.pos=+85.57 wrist_roll.pos=-1.03 gripper.pos=+9.05 | last: shoulder_pan.pos=+23.63 shoulder_lift.pos=+25.53 elbow_flex.pos=-36.87 wrist_flex.pos=+73.31 wrist_roll.pos=+9.33 gripper.pos=+8.38
DEBUG 2026-08-20 06:34:53 [action #260] t=9.47s step=259 queue=28 dmax=3.946 | shoulder_pan.pos=+11.57 shoulder_lift.pos=-1.30 elbow_flex.pos=-19.66 wrist_flex.pos=+88.08 wrist_roll.pos=+4.55 gripper.pos=+8.30
DEBUG 2026-08-20 06:34:53 [action #261] t=9.50s step=260 queue=27 dmax=1.710 | shoulder_pan.pos=+12.29 shoulder_lift.pos=+0.41 elbow_flex.pos=-19.89 wrist_flex.pos=+87.50 wrist_roll.pos=+4.92 gripper.pos=+8.21
DEBUG 2026-08-20 06:34:53 [action #262] t=9.53s step=261 queue=26 dmax=0.685 | shoulder_pan.pos=+12.90 shoulder_lift.pos=+1.09 elbow_flex.pos=-20.54 wrist_flex.pos=+86.96 wrist_roll.pos=+5.15 gripper.pos=+8.17
DEBUG 2026-08-20 06:34:53 [action #263] t=9.57s step=262 queue=25 dmax=0.884 | shoulder_pan.pos=+13.38 shoulder_lift.pos=+1.76 elbow_flex.pos=-21.41 wrist_flex.pos=+86.08 wrist_roll.pos=+5.41 gripper.pos=+8.14
DEBUG 2026-08-20 06:34:53 [action #264] t=9.60s step=263 queue=24 dmax=0.915 | shoulder_pan.pos=+14.01 shoulder_lift.pos=+2.67 elbow_flex.pos=-22.21 wrist_flex.pos=+85.52 wrist_roll.pos=+5.56 gripper.pos=+8.21
DEBUG 2026-08-20 06:34:53 [action #265] t=9.63s step=264 queue=23 dmax=2.706 | shoulder_pan.pos=+14.40 shoulder_lift.pos=-0.03 elbow_flex.pos=-20.00 wrist_flex.pos=+85.06 wrist_roll.pos=+5.71 gripper.pos=+8.65
DEBUG 2026-08-20 06:34:53 [action #266] t=9.67s step=265 queue=22 dmax=1.032 | shoulder_pan.pos=+14.80 shoulder_lift.pos=+1.00 elbow_flex.pos=-19.85 wrist_flex.pos=+84.20 wrist_roll.pos=+5.85 gripper.pos=+8.60
DEBUG 2026-08-20 06:34:53 [action #267] t=9.70s step=266 queue=21 dmax=0.789 | shoulder_pan.pos=+15.41 shoulder_lift.pos=+1.16 elbow_flex.pos=-19.78 wrist_flex.pos=+83.41 wrist_roll.pos=+6.21 gripper.pos=+8.62
DEBUG 2026-08-20 06:34:53 [action #268] t=9.73s step=267 queue=20 dmax=1.061 | shoulder_pan.pos=+16.36 shoulder_lift.pos=+2.22 elbow_flex.pos=-20.40 wrist_flex.pos=+82.35 wrist_roll.pos=+6.48 gripper.pos=+8.67
DEBUG 2026-08-20 06:34:53 [action #269] t=9.77s step=268 queue=19 dmax=0.841 | shoulder_pan.pos=+17.03 shoulder_lift.pos=+3.06 elbow_flex.pos=-21.12 wrist_flex.pos=+81.62 wrist_roll.pos=+6.70 gripper.pos=+8.51
DEBUG 2026-08-20 06:34:53 [action #270] t=9.80s step=269 queue=18 dmax=1.094 | shoulder_pan.pos=+17.80 shoulder_lift.pos=+4.15 elbow_flex.pos=-21.42 wrist_flex.pos=+80.54 wrist_roll.pos=+6.73 gripper.pos=+8.64
DEBUG 2026-08-20 06:34:53 [action #271] t=9.83s step=270 queue=17 dmax=1.297 | shoulder_pan.pos=+18.86 shoulder_lift.pos=+4.13 elbow_flex.pos=-22.72 wrist_flex.pos=+79.56 wrist_roll.pos=+7.08 gripper.pos=+8.43
DEBUG 2026-08-20 06:34:53 [action #272] t=9.87s step=271 queue=16 dmax=1.537 | shoulder_pan.pos=+19.22 shoulder_lift.pos=+5.67 elbow_flex.pos=-22.22 wrist_flex.pos=+78.69 wrist_roll.pos=+7.23 gripper.pos=+8.78
DEBUG 2026-08-20 06:34:53 [action #273] t=9.90s step=272 queue=15 dmax=0.814 | shoulder_pan.pos=+19.97 shoulder_lift.pos=+6.36 elbow_flex.pos=-23.03 wrist_flex.pos=+77.94 wrist_roll.pos=+7.50 gripper.pos=+8.69
DEBUG 2026-08-20 06:34:53 [action #274] t=9.93s step=273 queue=14 dmax=1.411 | shoulder_pan.pos=+20.36 shoulder_lift.pos=+7.77 elbow_flex.pos=-23.84 wrist_flex.pos=+77.10 wrist_roll.pos=+7.70 gripper.pos=+8.56
DEBUG 2026-08-20 06:34:53 [action #275] t=9.97s step=274 queue=13 dmax=1.292 | shoulder_pan.pos=+20.62 shoulder_lift.pos=+8.66 elbow_flex.pos=-25.13 wrist_flex.pos=+76.58 wrist_roll.pos=+7.89 gripper.pos=+8.52
DEBUG 2026-08-20 06:34:53 [action #276] t=10.00s step=275 queue=12 dmax=1.132 | shoulder_pan.pos=+21.23 shoulder_lift.pos=+9.79 elbow_flex.pos=-25.97 wrist_flex.pos=+76.14 wrist_roll.pos=+7.85 gripper.pos=+8.62
DEBUG 2026-08-20 06:34:53 [action #277] t=10.03s step=276 queue=11 dmax=1.952 | shoulder_pan.pos=+21.72 shoulder_lift.pos=+11.74 elbow_flex.pos=-26.27 wrist_flex.pos=+75.38 wrist_roll.pos=+7.97 gripper.pos=+8.59
DEBUG 2026-08-20 06:34:54 [action #278] t=10.07s step=277 queue=10 dmax=1.299 | shoulder_pan.pos=+21.90 shoulder_lift.pos=+13.04 elbow_flex.pos=-27.49 wrist_flex.pos=+74.99 wrist_roll.pos=+7.85 gripper.pos=+8.40
DEBUG 2026-08-20 06:34:54 [action #279] t=10.10s step=278 queue=9 dmax=1.519 | shoulder_pan.pos=+22.24 shoulder_lift.pos=+14.56 elbow_flex.pos=-28.79 wrist_flex.pos=+74.41 wrist_roll.pos=+7.90 gripper.pos=+8.50
DEBUG 2026-08-20 06:34:54 [chunk] received 50 actions, timesteps 257..306 | first: shoulder_pan.pos=+10.58 shoulder_lift.pos=-2.41 elbow_flex.pos=-18.17 wrist_flex.pos=+98.01 wrist_roll.pos=+4.21 gripper.pos=+8.59 | last: shoulder_pan.pos=+32.89 shoulder_lift.pos=+23.22 elbow_flex.pos=-26.15 wrist_flex.pos=+70.05 wrist_roll.pos=+9.75 gripper.pos=+8.83
DEBUG 2026-08-20 06:34:54 [action #280] t=10.14s step=279 queue=28 dmax=9.289 | shoulder_pan.pos=+25.06 shoulder_lift.pos=+5.27 elbow_flex.pos=-20.55 wrist_flex.pos=+77.25 wrist_roll.pos=+9.33 gripper.pos=+7.98
DEBUG 2026-08-20 06:34:54 [action #281] t=10.17s step=280 queue=27 dmax=1.222 | shoulder_pan.pos=+25.39 shoulder_lift.pos=+6.49 elbow_flex.pos=-20.59 wrist_flex.pos=+76.19 wrist_roll.pos=+9.44 gripper.pos=+8.05
DEBUG 2026-08-20 06:34:54 [action #282] t=10.20s step=281 queue=26 dmax=1.070 | shoulder_pan.pos=+25.94 shoulder_lift.pos=+7.25 elbow_flex.pos=-20.86 wrist_flex.pos=+75.12 wrist_roll.pos=+9.53 gripper.pos=+7.92
DEBUG 2026-08-20 06:34:54 [action #283] t=10.24s step=282 queue=25 dmax=0.700 | shoulder_pan.pos=+26.28 shoulder_lift.pos=+7.85 elbow_flex.pos=-20.73 wrist_flex.pos=+74.42 wrist_roll.pos=+9.62 gripper.pos=+7.98
DEBUG 2026-08-20 06:34:54 [action #284] t=10.27s step=283 queue=24 dmax=0.786 | shoulder_pan.pos=+26.32 shoulder_lift.pos=+8.61 elbow_flex.pos=-21.00 wrist_flex.pos=+73.63 wrist_roll.pos=+9.59 gripper.pos=+7.97
DEBUG 2026-08-20 06:34:54 [action #285] t=10.30s step=284 queue=23 dmax=1.222 | shoulder_pan.pos=+26.74 shoulder_lift.pos=+9.83 elbow_flex.pos=-21.25 wrist_flex.pos=+73.12 wrist_roll.pos=+9.73 gripper.pos=+8.01
DEBUG 2026-08-20 06:34:54 [action #286] t=10.34s step=285 queue=22 dmax=0.899 | shoulder_pan.pos=+26.96 shoulder_lift.pos=+10.73 elbow_flex.pos=-21.57 wrist_flex.pos=+72.63 wrist_roll.pos=+9.80 gripper.pos=+7.91
DEBUG 2026-08-20 06:34:54 [action #287] t=10.37s step=286 queue=21 dmax=0.959 | shoulder_pan.pos=+27.21 shoulder_lift.pos=+11.68 elbow_flex.pos=-22.53 wrist_flex.pos=+72.24 wrist_roll.pos=+9.91 gripper.pos=+7.85
DEBUG 2026-08-20 06:34:54 [action #288] t=10.40s step=287 queue=20 dmax=6.267 | shoulder_pan.pos=+29.03 shoulder_lift.pos=+6.74 elbow_flex.pos=-16.26 wrist_flex.pos=+71.45 wrist_roll.pos=+10.15 gripper.pos=+7.49
DEBUG 2026-08-20 06:34:54 [action #289] t=10.44s step=288 queue=19 dmax=1.000 | shoulder_pan.pos=+28.96 shoulder_lift.pos=+7.74 elbow_flex.pos=-16.90 wrist_flex.pos=+71.13 wrist_roll.pos=+10.10 gripper.pos=+7.76
DEBUG 2026-08-20 06:34:54 [action #290] t=10.47s step=289 queue=18 dmax=1.769 | shoulder_pan.pos=+29.01 shoulder_lift.pos=+9.51 elbow_flex.pos=-16.90 wrist_flex.pos=+71.01 wrist_roll.pos=+10.20 gripper.pos=+7.82
DEBUG 2026-08-20 06:34:54 [action #291] t=10.50s step=290 queue=17 dmax=1.003 | shoulder_pan.pos=+29.21 shoulder_lift.pos=+10.08 elbow_flex.pos=-17.90 wrist_flex.pos=+70.80 wrist_roll.pos=+10.10 gripper.pos=+7.66
DEBUG 2026-08-20 06:34:54 [action #292] t=10.54s step=291 queue=16 dmax=0.717 | shoulder_pan.pos=+29.80 shoulder_lift.pos=+10.27 elbow_flex.pos=-18.62 wrist_flex.pos=+70.76 wrist_roll.pos=+10.12 gripper.pos=+7.43
DEBUG 2026-08-20 06:34:54 [action #293] t=10.57s step=292 queue=15 dmax=1.240 | shoulder_pan.pos=+29.97 shoulder_lift.pos=+11.51 elbow_flex.pos=-19.39 wrist_flex.pos=+70.64 wrist_roll.pos=+10.17 gripper.pos=+7.64
DEBUG 2026-08-20 06:34:54 [action #294] t=10.60s step=293 queue=14 dmax=1.212 | shoulder_pan.pos=+30.05 shoulder_lift.pos=+12.72 elbow_flex.pos=-20.04 wrist_flex.pos=+70.62 wrist_roll.pos=+10.08 gripper.pos=+7.67
DEBUG 2026-08-20 06:34:54 [action #295] t=10.64s step=294 queue=13 dmax=0.700 | shoulder_pan.pos=+30.36 shoulder_lift.pos=+13.33 elbow_flex.pos=-20.74 wrist_flex.pos=+70.70 wrist_roll.pos=+10.17 gripper.pos=+7.62
DEBUG 2026-08-20 06:34:54 [action #296] t=10.67s step=295 queue=12 dmax=1.471 | shoulder_pan.pos=+30.56 shoulder_lift.pos=+14.38 elbow_flex.pos=-22.21 wrist_flex.pos=+70.56 wrist_roll.pos=+10.18 gripper.pos=+7.62
DEBUG 2026-08-20 06:34:54 [action #297] t=10.70s step=296 queue=11 dmax=0.940 | shoulder_pan.pos=+30.86 shoulder_lift.pos=+15.32 elbow_flex.pos=-22.50 wrist_flex.pos=+70.55 wrist_roll.pos=+10.21 gripper.pos=+7.58
DEBUG 2026-08-20 06:34:54 [action #298] t=10.74s step=297 queue=10 dmax=0.986 | shoulder_pan.pos=+31.39 shoulder_lift.pos=+16.31 elbow_flex.pos=-23.36 wrist_flex.pos=+70.69 wrist_roll.pos=+10.18 gripper.pos=+7.53
DEBUG 2026-08-20 06:34:54 [action #299] t=10.77s step=298 queue=9 dmax=1.146 | shoulder_pan.pos=+30.97 shoulder_lift.pos=+17.45 elbow_flex.pos=-23.90 wrist_flex.pos=+70.65 wrist_roll.pos=+10.22 gripper.pos=+7.80
DEBUG 2026-08-20 06:34:54 [action #300] t=10.80s step=299 queue=8 dmax=0.977 | shoulder_pan.pos=+31.41 shoulder_lift.pos=+18.39 elbow_flex.pos=-24.87 wrist_flex.pos=+70.61 wrist_roll.pos=+10.15 gripper.pos=+7.68
DEBUG 2026-08-20 06:34:54 [chunk] received 50 actions, timesteps 278..327 | first: shoulder_pan.pos=+22.47 shoulder_lift.pos=+9.01 elbow_flex.pos=-21.23 wrist_flex.pos=+75.73 wrist_roll.pos=+8.49 gripper.pos=+7.70 | last: shoulder_pan.pos=+25.00 shoulder_lift.pos=+17.83 elbow_flex.pos=-18.84 wrist_flex.pos=+88.15 wrist_roll.pos=+9.58 gripper.pos=+31.76
DEBUG 2026-08-20 06:34:54 [action #301] t=10.84s step=300 queue=28 dmax=16.043 | shoulder_pan.pos=+29.68 shoulder_lift.pos=+14.33 elbow_flex.pos=-8.83 wrist_flex.pos=+62.01 wrist_roll.pos=+9.16 gripper.pos=+7.37
DEBUG 2026-08-20 06:34:54 [action #302] t=10.87s step=301 queue=27 dmax=0.682 | shoulder_pan.pos=+29.87 shoulder_lift.pos=+15.01 elbow_flex.pos=-8.87 wrist_flex.pos=+62.06 wrist_roll.pos=+9.17 gripper.pos=+7.29
DEBUG 2026-08-20 06:34:54 [action #303] t=10.90s step=302 queue=26 dmax=0.500 | shoulder_pan.pos=+29.81 shoulder_lift.pos=+15.51 elbow_flex.pos=-9.34 wrist_flex.pos=+62.12 wrist_roll.pos=+9.22 gripper.pos=+7.47
DEBUG 2026-08-20 06:34:54 [action #304] t=10.94s step=303 queue=25 dmax=0.785 | shoulder_pan.pos=+29.94 shoulder_lift.pos=+16.30 elbow_flex.pos=-8.82 wrist_flex.pos=+62.31 wrist_roll.pos=+9.06 gripper.pos=+7.82
DEBUG 2026-08-20 06:34:54 [action #305] t=10.97s step=304 queue=24 dmax=1.235 | shoulder_pan.pos=+30.09 shoulder_lift.pos=+17.00 elbow_flex.pos=-9.16 wrist_flex.pos=+62.66 wrist_roll.pos=+9.03 gripper.pos=+9.06
DEBUG 2026-08-20 06:34:54 [action #306] t=11.00s step=305 queue=23 dmax=2.486 | shoulder_pan.pos=+29.91 shoulder_lift.pos=+17.13 elbow_flex.pos=-9.71 wrist_flex.pos=+62.88 wrist_roll.pos=+8.95 gripper.pos=+11.54
DEBUG 2026-08-20 06:34:54 [action #307] t=11.04s step=306 queue=22 dmax=2.403 | shoulder_pan.pos=+30.00 shoulder_lift.pos=+17.36 elbow_flex.pos=-10.43 wrist_flex.pos=+63.39 wrist_roll.pos=+9.07 gripper.pos=+13.95
DEBUG 2026-08-20 06:34:55 [action #308] t=11.07s step=307 queue=21 dmax=7.112 | shoulder_pan.pos=+28.66 shoulder_lift.pos=+14.91 elbow_flex.pos=-3.32 wrist_flex.pos=+60.95 wrist_roll.pos=+8.77 gripper.pos=+18.97
DEBUG 2026-08-20 06:34:55 [action #309] t=11.11s step=308 queue=20 dmax=2.174 | shoulder_pan.pos=+28.65 shoulder_lift.pos=+15.34 elbow_flex.pos=-3.68 wrist_flex.pos=+61.60 wrist_roll.pos=+8.83 gripper.pos=+21.15
DEBUG 2026-08-20 06:34:55 [action #310] t=11.14s step=309 queue=19 dmax=1.757 | shoulder_pan.pos=+28.60 shoulder_lift.pos=+15.51 elbow_flex.pos=-4.12 wrist_flex.pos=+61.98 wrist_roll.pos=+8.85 gripper.pos=+22.90
DEBUG 2026-08-20 06:34:55 [action #311] t=11.17s step=310 queue=18 dmax=1.320 | shoulder_pan.pos=+28.72 shoulder_lift.pos=+15.69 elbow_flex.pos=-4.36 wrist_flex.pos=+62.96 wrist_roll.pos=+8.97 gripper.pos=+24.22
DEBUG 2026-08-20 06:34:55 [action #312] t=11.21s step=311 queue=17 dmax=1.023 | shoulder_pan.pos=+28.62 shoulder_lift.pos=+15.38 elbow_flex.pos=-5.13 wrist_flex.pos=+63.99 wrist_roll.pos=+9.06 gripper.pos=+25.24
DEBUG 2026-08-20 06:34:55 [action #313] t=11.24s step=312 queue=16 dmax=1.148 | shoulder_pan.pos=+28.85 shoulder_lift.pos=+15.61 elbow_flex.pos=-5.62 wrist_flex.pos=+65.13 wrist_roll.pos=+9.09 gripper.pos=+26.22
DEBUG 2026-08-20 06:34:55 [action #314] t=11.27s step=313 queue=15 dmax=1.319 | shoulder_pan.pos=+28.61 shoulder_lift.pos=+15.93 elbow_flex.pos=-6.60 wrist_flex.pos=+66.45 wrist_roll.pos=+9.16 gripper.pos=+27.00
DEBUG 2026-08-20 06:34:55 [action #315] t=11.31s step=314 queue=14 dmax=1.018 | shoulder_pan.pos=+28.73 shoulder_lift.pos=+16.35 elbow_flex.pos=-7.11 wrist_flex.pos=+67.47 wrist_roll.pos=+9.13 gripper.pos=+27.67
DEBUG 2026-08-20 06:34:55 [action #316] t=11.34s step=315 queue=13 dmax=1.067 | shoulder_pan.pos=+28.45 shoulder_lift.pos=+16.10 elbow_flex.pos=-7.65 wrist_flex.pos=+68.54 wrist_roll.pos=+9.08 gripper.pos=+28.30
DEBUG 2026-08-20 06:34:55 [action #317] t=11.37s step=316 queue=12 dmax=1.179 | shoulder_pan.pos=+28.54 shoulder_lift.pos=+16.40 elbow_flex.pos=-8.45 wrist_flex.pos=+69.72 wrist_roll.pos=+9.21 gripper.pos=+28.86
DEBUG 2026-08-20 06:34:55 [action #318] t=11.41s step=317 queue=11 dmax=1.091 | shoulder_pan.pos=+28.23 shoulder_lift.pos=+16.16 elbow_flex.pos=-8.31 wrist_flex.pos=+70.81 wrist_roll.pos=+9.30 gripper.pos=+29.47
DEBUG 2026-08-20 06:34:55 [action #319] t=11.44s step=318 queue=10 dmax=1.078 | shoulder_pan.pos=+28.22 shoulder_lift.pos=+17.02 elbow_flex.pos=-8.71 wrist_flex.pos=+71.89 wrist_roll.pos=+9.36 gripper.pos=+29.86
DEBUG 2026-08-20 06:34:55 [action #320] t=11.47s step=319 queue=9 dmax=1.270 | shoulder_pan.pos=+28.11 shoulder_lift.pos=+16.49 elbow_flex.pos=-9.98 wrist_flex.pos=+72.91 wrist_roll.pos=+9.52 gripper.pos=+30.19
DEBUG 2026-08-20 06:34:55 [chunk] received 50 actions, timesteps 298..347 | first: shoulder_pan.pos=+29.24 shoulder_lift.pos=+17.69 elbow_flex.pos=-20.14 wrist_flex.pos=+69.40 wrist_roll.pos=+10.21 gripper.pos=+10.38 | last: shoulder_pan.pos=+23.13 shoulder_lift.pos=+10.61 elbow_flex.pos=-23.25 wrist_flex.pos=+97.95 wrist_roll.pos=+11.63 gripper.pos=+34.47
DEBUG 2026-08-20 06:34:55 [action #321] t=11.51s step=320 queue=28 dmax=3.211 | shoulder_pan.pos=+30.67 shoulder_lift.pos=+18.07 elbow_flex.pos=-9.51 wrist_flex.pos=+69.70 wrist_roll.pos=+10.23 gripper.pos=+28.54
DEBUG 2026-08-20 06:34:55 [action #322] t=11.54s step=321 queue=27 dmax=1.102 | shoulder_pan.pos=+30.51 shoulder_lift.pos=+18.31 elbow_flex.pos=-9.51 wrist_flex.pos=+70.80 wrist_roll.pos=+10.32 gripper.pos=+29.33
DEBUG 2026-08-20 06:34:55 [action #323] t=11.57s step=322 queue=26 dmax=1.147 | shoulder_pan.pos=+30.23 shoulder_lift.pos=+18.02 elbow_flex.pos=-9.79 wrist_flex.pos=+71.94 wrist_roll.pos=+10.38 gripper.pos=+30.12
DEBUG 2026-08-20 06:34:55 [action #324] t=11.61s step=323 queue=25 dmax=1.150 | shoulder_pan.pos=+29.97 shoulder_lift.pos=+18.22 elbow_flex.pos=-10.48 wrist_flex.pos=+73.10 wrist_roll.pos=+10.54 gripper.pos=+30.55
DEBUG 2026-08-20 06:34:55 [action #325] t=11.64s step=324 queue=24 dmax=1.337 | shoulder_pan.pos=+29.90 shoulder_lift.pos=+18.42 elbow_flex.pos=-10.88 wrist_flex.pos=+74.43 wrist_roll.pos=+10.56 gripper.pos=+30.82
DEBUG 2026-08-20 06:34:55 [action #326] t=11.67s step=325 queue=23 dmax=1.346 | shoulder_pan.pos=+29.46 shoulder_lift.pos=+18.17 elbow_flex.pos=-11.06 wrist_flex.pos=+75.78 wrist_roll.pos=+10.65 gripper.pos=+31.19
DEBUG 2026-08-20 06:34:55 [action #327] t=11.71s step=326 queue=22 dmax=1.613 | shoulder_pan.pos=+29.16 shoulder_lift.pos=+18.37 elbow_flex.pos=-12.37 wrist_flex.pos=+77.39 wrist_roll.pos=+10.67 gripper.pos=+31.54
DEBUG 2026-08-20 06:34:55 [action #328] t=11.74s step=327 queue=21 dmax=1.442 | shoulder_pan.pos=+28.62 shoulder_lift.pos=+18.05 elbow_flex.pos=-12.97 wrist_flex.pos=+78.83 wrist_roll.pos=+10.70 gripper.pos=+32.12
DEBUG 2026-08-20 06:34:55 [action #329] t=11.77s step=328 queue=20 dmax=2.891 | shoulder_pan.pos=+29.72 shoulder_lift.pos=+18.42 elbow_flex.pos=-10.75 wrist_flex.pos=+75.94 wrist_roll.pos=+11.15 gripper.pos=+32.87
DEBUG 2026-08-20 06:34:55 [action #330] t=11.81s step=329 queue=19 dmax=0.998 | shoulder_pan.pos=+29.61 shoulder_lift.pos=+18.66 elbow_flex.pos=-11.38 wrist_flex.pos=+76.94 wrist_roll.pos=+11.19 gripper.pos=+33.27
DEBUG 2026-08-20 06:34:55 [action #331] t=11.84s step=330 queue=18 dmax=0.936 | shoulder_pan.pos=+29.46 shoulder_lift.pos=+18.42 elbow_flex.pos=-12.19 wrist_flex.pos=+77.88 wrist_roll.pos=+11.25 gripper.pos=+33.38
DEBUG 2026-08-20 06:34:55 [action #332] t=11.87s step=331 queue=17 dmax=0.849 | shoulder_pan.pos=+29.09 shoulder_lift.pos=+17.92 elbow_flex.pos=-12.41 wrist_flex.pos=+78.73 wrist_roll.pos=+11.25 gripper.pos=+33.30
DEBUG 2026-08-20 06:34:55 [action #333] t=11.91s step=332 queue=16 dmax=0.757 | shoulder_pan.pos=+28.84 shoulder_lift.pos=+18.18 elbow_flex.pos=-13.00 wrist_flex.pos=+79.48 wrist_roll.pos=+11.26 gripper.pos=+33.27
DEBUG 2026-08-20 06:34:55 [action #334] t=11.94s step=333 queue=15 dmax=0.815 | shoulder_pan.pos=+28.85 shoulder_lift.pos=+17.95 elbow_flex.pos=-13.66 wrist_flex.pos=+80.30 wrist_roll.pos=+11.32 gripper.pos=+33.21
DEBUG 2026-08-20 06:34:55 [action #335] t=11.97s step=334 queue=14 dmax=1.198 | shoulder_pan.pos=+28.78 shoulder_lift.pos=+17.94 elbow_flex.pos=-14.86 wrist_flex.pos=+81.14 wrist_roll.pos=+11.37 gripper.pos=+33.20
DEBUG 2026-08-20 06:34:55 [action #336] t=12.01s step=335 queue=13 dmax=1.016 | shoulder_pan.pos=+28.52 shoulder_lift.pos=+18.26 elbow_flex.pos=-15.24 wrist_flex.pos=+82.15 wrist_roll.pos=+11.25 gripper.pos=+33.28
DEBUG 2026-08-20 06:34:55 [action #337] t=12.04s step=336 queue=12 dmax=1.311 | shoulder_pan.pos=+28.33 shoulder_lift.pos=+17.69 elbow_flex.pos=-16.00 wrist_flex.pos=+83.46 wrist_roll.pos=+11.47 gripper.pos=+33.40
DEBUG 2026-08-20 06:34:56 [action #338] t=12.08s step=337 queue=11 dmax=1.330 | shoulder_pan.pos=+27.88 shoulder_lift.pos=+17.49 elbow_flex.pos=-16.76 wrist_flex.pos=+84.79 wrist_roll.pos=+11.43 gripper.pos=+33.76
DEBUG 2026-08-20 06:34:56 [action #339] t=12.11s step=338 queue=10 dmax=1.612 | shoulder_pan.pos=+27.61 shoulder_lift.pos=+17.77 elbow_flex.pos=-18.37 wrist_flex.pos=+86.24 wrist_roll.pos=+11.36 gripper.pos=+33.87
DEBUG 2026-08-20 06:34:56 [action #340] t=12.14s step=339 queue=9 dmax=1.713 | shoulder_pan.pos=+27.27 shoulder_lift.pos=+17.41 elbow_flex.pos=-19.53 wrist_flex.pos=+87.95 wrist_roll.pos=+11.46 gripper.pos=+34.10
DEBUG 2026-08-20 06:34:56 [action #341] t=12.18s step=340 queue=8 dmax=1.798 | shoulder_pan.pos=+26.58 shoulder_lift.pos=+16.97 elbow_flex.pos=-20.52 wrist_flex.pos=+89.75 wrist_roll.pos=+11.38 gripper.pos=+34.28
DEBUG 2026-08-20 06:34:56 [action #342] t=12.21s step=341 queue=7 dmax=1.815 | shoulder_pan.pos=+26.31 shoulder_lift.pos=+16.50 elbow_flex.pos=-21.27 wrist_flex.pos=+91.56 wrist_roll.pos=+11.38 gripper.pos=+34.40
DEBUG 2026-08-20 06:34:56 [action #343] t=12.24s step=342 queue=6 dmax=1.765 | shoulder_pan.pos=+26.06 shoulder_lift.pos=+15.55 elbow_flex.pos=-23.04 wrist_flex.pos=+93.27 wrist_roll.pos=+11.47 gripper.pos=+34.56
DEBUG 2026-08-20 06:34:56 [chunk] received 50 actions, timesteps 319..368 | first: shoulder_pan.pos=+28.33 shoulder_lift.pos=+16.71 elbow_flex.pos=-11.40 wrist_flex.pos=+71.36 wrist_roll.pos=+9.57 gripper.pos=+32.88 | last: shoulder_pan.pos=+6.30 shoulder_lift.pos=-36.24 elbow_flex.pos=+37.53 wrist_flex.pos=+73.07 wrist_roll.pos=+4.40 gripper.pos=-0.02
DEBUG 2026-08-20 06:34:56 [action #344] t=12.28s step=343 queue=26 dmax=3.195 | shoulder_pan.pos=+23.13 shoulder_lift.pos=+12.36 elbow_flex.pos=-22.73 wrist_flex.pos=+94.44 wrist_roll.pos=+10.38 gripper.pos=+33.48
DEBUG 2026-08-20 06:34:56 [action #345] t=12.31s step=344 queue=25 dmax=1.417 | shoulder_pan.pos=+22.38 shoulder_lift.pos=+10.94 elbow_flex.pos=-22.28 wrist_flex.pos=+95.31 wrist_roll.pos=+10.32 gripper.pos=+33.45
DEBUG 2026-08-20 06:34:56 [action #346] t=12.34s step=345 queue=24 dmax=1.366 | shoulder_pan.pos=+21.72 shoulder_lift.pos=+9.57 elbow_flex.pos=-21.53 wrist_flex.pos=+96.19 wrist_roll.pos=+10.44 gripper.pos=+33.67
DEBUG 2026-08-20 06:34:56 [action #347] t=12.38s step=346 queue=23 dmax=1.302 | shoulder_pan.pos=+20.92 shoulder_lift.pos=+8.27 elbow_flex.pos=-21.17 wrist_flex.pos=+96.57 wrist_roll.pos=+10.53 gripper.pos=+33.62
DEBUG 2026-08-20 06:34:56 [action #348] t=12.41s step=347 queue=22 dmax=1.542 | shoulder_pan.pos=+20.03 shoulder_lift.pos=+6.73 elbow_flex.pos=-19.98 wrist_flex.pos=+96.90 wrist_roll.pos=+10.59 gripper.pos=+33.71
DEBUG 2026-08-20 06:34:56 [action #349] t=12.44s step=348 queue=21 dmax=3.550 | shoulder_pan.pos=+17.98 shoulder_lift.pos=+3.18 elbow_flex.pos=-16.64 wrist_flex.pos=+96.27 wrist_roll.pos=+10.18 gripper.pos=+33.28
DEBUG 2026-08-20 06:34:56 [action #350] t=12.48s step=349 queue=20 dmax=2.070 | shoulder_pan.pos=+17.11 shoulder_lift.pos=+1.20 elbow_flex.pos=-14.57 wrist_flex.pos=+96.03 wrist_roll.pos=+10.27 gripper.pos=+32.91
DEBUG 2026-08-20 06:34:56 [action #351] t=12.51s step=350 queue=19 dmax=2.729 | shoulder_pan.pos=+16.26 shoulder_lift.pos=-1.14 elbow_flex.pos=-11.84 wrist_flex.pos=+95.94 wrist_roll.pos=+10.43 gripper.pos=+31.45
DEBUG 2026-08-20 06:34:56 [action #352] t=12.54s step=351 queue=18 dmax=2.732 | shoulder_pan.pos=+15.31 shoulder_lift.pos=-3.39 elbow_flex.pos=-9.75 wrist_flex.pos=+95.60 wrist_roll.pos=+10.47 gripper.pos=+28.72
DEBUG 2026-08-20 06:34:56 [action #353] t=12.58s step=352 queue=17 dmax=3.422 | shoulder_pan.pos=+14.50 shoulder_lift.pos=-5.31 elbow_flex.pos=-7.73 wrist_flex.pos=+95.08 wrist_roll.pos=+10.39 gripper.pos=+25.30
DEBUG 2026-08-20 06:34:56 [action #354] t=12.61s step=353 queue=16 dmax=4.531 | shoulder_pan.pos=+13.77 shoulder_lift.pos=-7.73 elbow_flex.pos=-5.56 wrist_flex.pos=+94.35 wrist_roll.pos=+10.37 gripper.pos=+20.77
DEBUG 2026-08-20 06:34:56 [action #355] t=12.64s step=354 queue=15 dmax=4.614 | shoulder_pan.pos=+12.82 shoulder_lift.pos=-9.70 elbow_flex.pos=-3.13 wrist_flex.pos=+93.58 wrist_roll.pos=+10.12 gripper.pos=+16.15
DEBUG 2026-08-20 06:34:56 [action #356] t=12.68s step=355 queue=14 dmax=4.671 | shoulder_pan.pos=+12.00 shoulder_lift.pos=-11.71 elbow_flex.pos=-0.91 wrist_flex.pos=+92.71 wrist_roll.pos=+10.08 gripper.pos=+11.48
DEBUG 2026-08-20 06:34:56 [action #357] t=12.71s step=356 queue=13 dmax=4.320 | shoulder_pan.pos=+11.13 shoulder_lift.pos=-13.91 elbow_flex.pos=+2.12 wrist_flex.pos=+91.74 wrist_roll.pos=+9.97 gripper.pos=+7.16
DEBUG 2026-08-20 06:34:56 [action #358] t=12.74s step=357 queue=12 dmax=3.452 | shoulder_pan.pos=+10.40 shoulder_lift.pos=-15.89 elbow_flex.pos=+4.96 wrist_flex.pos=+90.60 wrist_roll.pos=+9.60 gripper.pos=+3.71
DEBUG 2026-08-20 06:34:56 [action #359] t=12.78s step=358 queue=11 dmax=3.145 | shoulder_pan.pos=+9.79 shoulder_lift.pos=-17.90 elbow_flex.pos=+8.10 wrist_flex.pos=+89.14 wrist_roll.pos=+9.25 gripper.pos=+1.14
DEBUG 2026-08-20 06:34:56 [action #360] t=12.81s step=359 queue=10 dmax=2.926 | shoulder_pan.pos=+9.13 shoulder_lift.pos=-19.76 elbow_flex.pos=+11.03 wrist_flex.pos=+87.51 wrist_roll.pos=+8.73 gripper.pos=+0.12
DEBUG 2026-08-20 06:34:56 [action #361] t=12.84s step=360 queue=9 dmax=3.714 | shoulder_pan.pos=+8.45 shoulder_lift.pos=-22.16 elbow_flex.pos=+14.74 wrist_flex.pos=+85.81 wrist_roll.pos=+8.05 gripper.pos=-0.37
DEBUG 2026-08-20 06:34:56 [action #362] t=12.88s step=361 queue=8 dmax=3.187 | shoulder_pan.pos=+8.07 shoulder_lift.pos=-23.99 elbow_flex.pos=+17.93 wrist_flex.pos=+83.99 wrist_roll.pos=+7.28 gripper.pos=-0.52
DEBUG 2026-08-20 06:34:56 [action #363] t=12.91s step=362 queue=7 dmax=3.161 | shoulder_pan.pos=+7.61 shoulder_lift.pos=-25.63 elbow_flex.pos=+21.09 wrist_flex.pos=+82.34 wrist_roll.pos=+6.58 gripper.pos=-0.38
DEBUG 2026-08-20 06:34:56 [action #364] t=12.94s step=363 queue=6 dmax=2.611 | shoulder_pan.pos=+7.30 shoulder_lift.pos=-27.31 elbow_flex.pos=+23.70 wrist_flex.pos=+80.66 wrist_roll.pos=+5.93 gripper.pos=-0.30
DEBUG 2026-08-20 06:34:56 [action #365] t=12.98s step=364 queue=5 dmax=3.140 | shoulder_pan.pos=+6.92 shoulder_lift.pos=-28.91 elbow_flex.pos=+26.84 wrist_flex.pos=+79.00 wrist_roll.pos=+5.51 gripper.pos=-0.30
DEBUG 2026-08-20 06:34:56 [chunk] received 50 actions, timesteps 342..391 | first: shoulder_pan.pos=+26.07 shoulder_lift.pos=+11.68 elbow_flex.pos=-18.04 wrist_flex.pos=+94.26 wrist_roll.pos=+11.30 gripper.pos=+32.21 | last: shoulder_pan.pos=+4.66 shoulder_lift.pos=-62.26 elbow_flex.pos=+65.47 wrist_flex.pos=+62.56 wrist_roll.pos=+5.44 gripper.pos=+0.74
DEBUG 2026-08-20 06:34:56 [action #366] t=13.01s step=365 queue=27 dmax=13.418 | shoulder_pan.pos=+5.11 shoulder_lift.pos=-30.56 elbow_flex.pos=+21.84 wrist_flex.pos=+84.03 wrist_roll.pos=+6.98 gripper.pos=+13.12
DEBUG 2026-08-20 06:34:56 [action #367] t=13.05s step=366 queue=26 dmax=2.282 | shoulder_pan.pos=+4.97 shoulder_lift.pos=-32.31 elbow_flex.pos=+23.97 wrist_flex.pos=+82.90 wrist_roll.pos=+6.88 gripper.pos=+10.84
DEBUG 2026-08-20 06:34:57 [action #368] t=13.08s step=367 queue=25 dmax=2.578 | shoulder_pan.pos=+4.44 shoulder_lift.pos=-33.66 elbow_flex.pos=+26.11 wrist_flex.pos=+81.90 wrist_roll.pos=+6.78 gripper.pos=+8.26
DEBUG 2026-08-20 06:34:57 [action #369] t=13.11s step=368 queue=24 dmax=1.999 | shoulder_pan.pos=+4.05 shoulder_lift.pos=-34.87 elbow_flex.pos=+28.00 wrist_flex.pos=+80.92 wrist_roll.pos=+6.61 gripper.pos=+6.26
DEBUG 2026-08-20 06:34:57 [action #370] t=13.15s step=369 queue=23 dmax=2.176 | shoulder_pan.pos=+2.78 shoulder_lift.pos=-35.75 elbow_flex.pos=+26.19 wrist_flex.pos=+83.09 wrist_roll.pos=+7.45 gripper.pos=+6.59
DEBUG 2026-08-20 06:34:57 [action #371] t=13.18s step=370 queue=22 dmax=1.610 | shoulder_pan.pos=+2.64 shoulder_lift.pos=-36.64 elbow_flex.pos=+27.63 wrist_flex.pos=+82.13 wrist_roll.pos=+7.47 gripper.pos=+4.98
DEBUG 2026-08-20 06:34:57 [action #372] t=13.21s step=371 queue=21 dmax=2.241 | shoulder_pan.pos=+2.44 shoulder_lift.pos=-38.41 elbow_flex.pos=+29.87 wrist_flex.pos=+80.75 wrist_roll.pos=+7.46 gripper.pos=+4.24
DEBUG 2026-08-20 06:34:57 [action #373] t=13.25s step=372 queue=20 dmax=2.518 | shoulder_pan.pos=+2.50 shoulder_lift.pos=-39.56 elbow_flex.pos=+32.39 wrist_flex.pos=+79.51 wrist_roll.pos=+7.13 gripper.pos=+3.82
DEBUG 2026-08-20 06:34:57 [action #374] t=13.28s step=373 queue=19 dmax=2.041 | shoulder_pan.pos=+2.33 shoulder_lift.pos=-41.18 elbow_flex.pos=+34.43 wrist_flex.pos=+78.58 wrist_roll.pos=+7.25 gripper.pos=+3.13
DEBUG 2026-08-20 06:34:57 [action #375] t=13.31s step=374 queue=18 dmax=2.088 | shoulder_pan.pos=+2.28 shoulder_lift.pos=-42.43 elbow_flex.pos=+36.52 wrist_flex.pos=+77.67 wrist_roll.pos=+7.07 gripper.pos=+2.55
DEBUG 2026-08-20 06:34:57 [action #376] t=13.35s step=375 queue=17 dmax=1.929 | shoulder_pan.pos=+2.27 shoulder_lift.pos=-44.06 elbow_flex.pos=+38.45 wrist_flex.pos=+76.77 wrist_roll.pos=+7.01 gripper.pos=+1.68
DEBUG 2026-08-20 06:34:57 [action #377] t=13.38s step=376 queue=16 dmax=2.112 | shoulder_pan.pos=+2.13 shoulder_lift.pos=-45.59 elbow_flex.pos=+40.56 wrist_flex.pos=+75.70 wrist_roll.pos=+6.48 gripper.pos=+1.38
DEBUG 2026-08-20 06:34:57 [action #378] t=13.41s step=377 queue=15 dmax=2.244 | shoulder_pan.pos=+1.99 shoulder_lift.pos=-47.18 elbow_flex.pos=+42.80 wrist_flex.pos=+74.52 wrist_roll.pos=+5.64 gripper.pos=+1.07
DEBUG 2026-08-20 06:34:57 [action #379] t=13.45s step=378 queue=14 dmax=2.523 | shoulder_pan.pos=+2.06 shoulder_lift.pos=-48.69 elbow_flex.pos=+45.33 wrist_flex.pos=+73.22 wrist_roll.pos=+4.76 gripper.pos=+1.27
DEBUG 2026-08-20 06:34:57 [action #380] t=13.48s step=379 queue=13 dmax=1.976 | shoulder_pan.pos=+1.89 shoulder_lift.pos=-50.30 elbow_flex.pos=+47.30 wrist_flex.pos=+71.82 wrist_roll.pos=+3.90 gripper.pos=+1.40
DEBUG 2026-08-20 06:34:57 [action #381] t=13.51s step=380 queue=12 dmax=2.170 | shoulder_pan.pos=+1.92 shoulder_lift.pos=-51.41 elbow_flex.pos=+49.47 wrist_flex.pos=+70.62 wrist_roll.pos=+3.48 gripper.pos=+1.48
DEBUG 2026-08-20 06:34:57 [action #382] t=13.55s step=381 queue=11 dmax=1.661 | shoulder_pan.pos=+1.97 shoulder_lift.pos=-52.52 elbow_flex.pos=+51.13 wrist_flex.pos=+69.46 wrist_roll.pos=+3.40 gripper.pos=+1.31
DEBUG 2026-08-20 06:34:57 [action #383] t=13.58s step=382 queue=10 dmax=1.986 | shoulder_pan.pos=+2.07 shoulder_lift.pos=-53.69 elbow_flex.pos=+53.12 wrist_flex.pos=+68.28 wrist_roll.pos=+3.58 gripper.pos=+1.16
DEBUG 2026-08-20 06:34:57 [action #384] t=13.61s step=383 queue=9 dmax=1.297 | shoulder_pan.pos=+2.30 shoulder_lift.pos=-54.51 elbow_flex.pos=+54.42 wrist_flex.pos=+67.65 wrist_roll.pos=+3.71 gripper.pos=+0.82
DEBUG 2026-08-20 06:34:57 [action #385] t=13.65s step=384 queue=8 dmax=1.391 | shoulder_pan.pos=+2.52 shoulder_lift.pos=-55.71 elbow_flex.pos=+55.81 wrist_flex.pos=+66.87 wrist_roll.pos=+3.91 gripper.pos=+0.64
DEBUG 2026-08-20 06:34:57 [action #386] t=13.68s step=385 queue=7 dmax=1.511 | shoulder_pan.pos=+2.78 shoulder_lift.pos=-56.24 elbow_flex.pos=+57.32 wrist_flex.pos=+66.05 wrist_roll.pos=+4.02 gripper.pos=+0.59
DEBUG 2026-08-20 06:34:57 [chunk] received 50 actions, timesteps 364..413 | first: shoulder_pan.pos=+5.20 shoulder_lift.pos=-30.13 elbow_flex.pos=+26.19 wrist_flex.pos=+80.46 wrist_roll.pos=+6.99 gripper.pos=+1.43 | last: shoulder_pan.pos=-2.87 shoulder_lift.pos=-100.21 elbow_flex.pos=+87.45 wrist_flex.pos=+71.81 wrist_roll.pos=-2.89 gripper.pos=+1.70
DEBUG 2026-08-20 06:34:57 [action #387] t=13.71s step=386 queue=28 dmax=4.311 | shoulder_pan.pos=-1.53 shoulder_lift.pos=-53.47 elbow_flex.pos=+56.72 wrist_flex.pos=+67.63 wrist_roll.pos=+1.66 gripper.pos=+0.87
DEBUG 2026-08-20 06:34:57 [action #388] t=13.75s step=387 queue=27 dmax=0.989 | shoulder_pan.pos=-1.56 shoulder_lift.pos=-54.32 elbow_flex.pos=+57.71 wrist_flex.pos=+67.46 wrist_roll.pos=+1.53 gripper.pos=+0.93
DEBUG 2026-08-20 06:34:57 [action #389] t=13.78s step=388 queue=26 dmax=0.676 | shoulder_pan.pos=-1.21 shoulder_lift.pos=-54.83 elbow_flex.pos=+58.38 wrist_flex.pos=+67.10 wrist_roll.pos=+1.44 gripper.pos=+0.98
DEBUG 2026-08-20 06:34:57 [action #390] t=13.81s step=389 queue=25 dmax=1.288 | shoulder_pan.pos=-1.08 shoulder_lift.pos=-56.12 elbow_flex.pos=+59.38 wrist_flex.pos=+66.53 wrist_roll.pos=+1.35 gripper.pos=+0.94
DEBUG 2026-08-20 06:34:57 [action #391] t=13.85s step=390 queue=24 dmax=0.872 | shoulder_pan.pos=-1.10 shoulder_lift.pos=-56.90 elbow_flex.pos=+60.25 wrist_flex.pos=+66.37 wrist_roll.pos=+1.39 gripper.pos=+0.89
DEBUG 2026-08-20 06:34:57 [action #392] t=13.88s step=391 queue=23 dmax=1.307 | shoulder_pan.pos=-0.98 shoulder_lift.pos=-58.21 elbow_flex.pos=+61.54 wrist_flex.pos=+65.78 wrist_roll.pos=+1.31 gripper.pos=+1.13
DEBUG 2026-08-20 06:34:57 [action #393] t=13.91s step=392 queue=22 dmax=2.433 | shoulder_pan.pos=-3.41 shoulder_lift.pos=-58.00 elbow_flex.pos=+60.86 wrist_flex.pos=+67.00 wrist_roll.pos=-0.59 gripper.pos=+1.00
DEBUG 2026-08-20 06:34:57 [action #394] t=13.95s step=393 queue=21 dmax=1.613 | shoulder_pan.pos=-3.35 shoulder_lift.pos=-59.61 elbow_flex.pos=+62.05 wrist_flex.pos=+66.34 wrist_roll.pos=-0.94 gripper.pos=+0.90
DEBUG 2026-08-20 06:34:57 [action #395] t=13.98s step=394 queue=20 dmax=1.228 | shoulder_pan.pos=-3.54 shoulder_lift.pos=-60.84 elbow_flex.pos=+63.12 wrist_flex.pos=+65.80 wrist_roll.pos=-1.20 gripper.pos=+1.05
DEBUG 2026-08-20 06:34:57 [action #396] t=14.02s step=395 queue=19 dmax=1.496 | shoulder_pan.pos=-3.61 shoulder_lift.pos=-62.22 elbow_flex.pos=+64.62 wrist_flex.pos=+65.60 wrist_roll.pos=-1.84 gripper.pos=+1.15
DEBUG 2026-08-20 06:34:57 [action #397] t=14.05s step=396 queue=18 dmax=3.286 | shoulder_pan.pos=-3.90 shoulder_lift.pos=-65.51 elbow_flex.pos=+66.53 wrist_flex.pos=+64.63 wrist_roll.pos=-2.15 gripper.pos=+0.94
DEBUG 2026-08-20 06:34:58 [action #398] t=14.08s step=397 queue=17 dmax=1.397 | shoulder_pan.pos=-3.90 shoulder_lift.pos=-66.91 elbow_flex.pos=+67.33 wrist_flex.pos=+64.37 wrist_roll.pos=-2.55 gripper.pos=+1.04
DEBUG 2026-08-20 06:34:58 [action #399] t=14.12s step=398 queue=16 dmax=2.898 | shoulder_pan.pos=-4.02 shoulder_lift.pos=-69.80 elbow_flex.pos=+69.08 wrist_flex.pos=+64.06 wrist_roll.pos=-2.80 gripper.pos=+1.21
DEBUG 2026-08-20 06:34:58 [action #400] t=14.15s step=399 queue=15 dmax=1.938 | shoulder_pan.pos=-4.10 shoulder_lift.pos=-71.30 elbow_flex.pos=+71.02 wrist_flex.pos=+63.64 wrist_roll.pos=-2.85 gripper.pos=+1.16
DEBUG 2026-08-20 06:34:58 [action #401] t=14.18s step=400 queue=14 dmax=1.615 | shoulder_pan.pos=-3.92 shoulder_lift.pos=-72.91 elbow_flex.pos=+72.00 wrist_flex.pos=+63.69 wrist_roll.pos=-2.73 gripper.pos=+0.98
DEBUG 2026-08-20 06:34:58 [action #402] t=14.22s step=401 queue=13 dmax=1.858 | shoulder_pan.pos=-3.89 shoulder_lift.pos=-74.77 elbow_flex.pos=+73.17 wrist_flex.pos=+63.17 wrist_roll.pos=-2.55 gripper.pos=+1.10
DEBUG 2026-08-20 06:34:58 [action #403] t=14.25s step=402 queue=12 dmax=3.149 | shoulder_pan.pos=-3.69 shoulder_lift.pos=-77.92 elbow_flex.pos=+75.17 wrist_flex.pos=+62.95 wrist_roll.pos=-2.26 gripper.pos=+1.08
DEBUG 2026-08-20 06:34:58 [action #404] t=14.28s step=403 queue=11 dmax=1.715 | shoulder_pan.pos=-3.78 shoulder_lift.pos=-79.63 elbow_flex.pos=+76.31 wrist_flex.pos=+62.92 wrist_roll.pos=-2.24 gripper.pos=+1.03
DEBUG 2026-08-20 06:34:58 [action #405] t=14.32s step=404 queue=10 dmax=2.607 | shoulder_pan.pos=-3.32 shoulder_lift.pos=-82.24 elbow_flex.pos=+78.72 wrist_flex.pos=+63.20 wrist_roll.pos=-2.13 gripper.pos=+0.90
DEBUG 2026-08-20 06:34:58 [action #406] t=14.35s step=405 queue=9 dmax=2.002 | shoulder_pan.pos=-3.18 shoulder_lift.pos=-84.24 elbow_flex.pos=+79.11 wrist_flex.pos=+63.42 wrist_roll.pos=-2.13 gripper.pos=+1.09
DEBUG 2026-08-20 06:34:58 [action #407] t=14.38s step=406 queue=8 dmax=2.034 | shoulder_pan.pos=-2.67 shoulder_lift.pos=-86.28 elbow_flex.pos=+80.88 wrist_flex.pos=+63.79 wrist_roll.pos=-2.05 gripper.pos=+1.02
DEBUG 2026-08-20 06:34:58 [action #408] t=14.42s step=407 queue=7 dmax=2.221 | shoulder_pan.pos=-2.56 shoulder_lift.pos=-88.50 elbow_flex.pos=+82.34 wrist_flex.pos=+64.21 wrist_roll.pos=-2.07 gripper.pos=+1.02
DEBUG 2026-08-20 06:34:58 [action #409] t=14.45s step=408 queue=6 dmax=3.155 | shoulder_pan.pos=-2.50 shoulder_lift.pos=-91.65 elbow_flex.pos=+83.75 wrist_flex.pos=+64.61 wrist_roll.pos=-1.99 gripper.pos=+1.00
DEBUG 2026-08-20 06:34:58 [chunk] received 50 actions, timesteps 385..434 | first: shoulder_pan.pos=+1.81 shoulder_lift.pos=-57.10 elbow_flex.pos=+58.50 wrist_flex.pos=+65.67 wrist_roll.pos=+3.06 gripper.pos=+0.44 | last: shoulder_pan.pos=-3.55 shoulder_lift.pos=-102.50 elbow_flex.pos=+88.80 wrist_flex.pos=+78.11 wrist_roll.pos=-3.60 gripper.pos=+0.24
DEBUG 2026-08-20 06:34:58 [action #410] t=14.48s step=409 queue=26 dmax=7.073 | shoulder_pan.pos=-1.96 shoulder_lift.pos=-98.73 elbow_flex.pos=+86.30 wrist_flex.pos=+69.16 wrist_roll.pos=-3.80 gripper.pos=+0.82
DEBUG 2026-08-20 06:34:58 [action #411] t=14.52s step=410 queue=25 dmax=1.603 | shoulder_pan.pos=-2.35 shoulder_lift.pos=-99.87 elbow_flex.pos=+86.31 wrist_flex.pos=+70.76 wrist_roll.pos=-3.79 gripper.pos=+0.77
DEBUG 2026-08-20 06:34:58 [action #412] t=14.55s step=411 queue=24 dmax=1.161 | shoulder_pan.pos=-2.40 shoulder_lift.pos=-100.77 elbow_flex.pos=+86.80 wrist_flex.pos=+71.92 wrist_roll.pos=-3.78 gripper.pos=+0.75
DEBUG 2026-08-20 06:34:58 [action #413] t=14.58s step=412 queue=23 dmax=1.207 | shoulder_pan.pos=-2.61 shoulder_lift.pos=-101.87 elbow_flex.pos=+86.79 wrist_flex.pos=+73.13 wrist_roll.pos=-3.89 gripper.pos=+0.82
DEBUG 2026-08-20 06:34:58 [action #414] t=14.62s step=413 queue=22 dmax=0.929 | shoulder_pan.pos=-2.82 shoulder_lift.pos=-101.93 elbow_flex.pos=+87.19 wrist_flex.pos=+74.06 wrist_roll.pos=-3.96 gripper.pos=+0.84
DEBUG 2026-08-20 06:34:58 [action #415] t=14.65s step=414 queue=21 dmax=1.393 | shoulder_pan.pos=-3.03 shoulder_lift.pos=-102.07 elbow_flex.pos=+87.03 wrist_flex.pos=+75.45 wrist_roll.pos=-4.27 gripper.pos=+0.55
DEBUG 2026-08-20 06:34:58 [action #416] t=14.68s step=415 queue=20 dmax=0.661 | shoulder_pan.pos=-3.07 shoulder_lift.pos=-101.45 elbow_flex.pos=+86.43 wrist_flex.pos=+76.12 wrist_roll.pos=-4.22 gripper.pos=+0.58
DEBUG 2026-08-20 06:34:58 [action #417] t=14.72s step=416 queue=19 dmax=0.867 | shoulder_pan.pos=-2.99 shoulder_lift.pos=-100.59 elbow_flex.pos=+86.34 wrist_flex.pos=+76.62 wrist_roll.pos=-4.18 gripper.pos=+0.53
DEBUG 2026-08-20 06:34:58 [action #418] t=14.75s step=417 queue=18 dmax=0.678 | shoulder_pan.pos=-2.97 shoulder_lift.pos=-100.32 elbow_flex.pos=+86.72 wrist_flex.pos=+77.29 wrist_roll.pos=-4.24 gripper.pos=+0.56
DEBUG 2026-08-20 06:34:58 [action #419] t=14.78s step=418 queue=17 dmax=0.434 | shoulder_pan.pos=-2.95 shoulder_lift.pos=-100.22 elbow_flex.pos=+86.55 wrist_flex.pos=+77.73 wrist_roll.pos=-4.06 gripper.pos=+0.57
DEBUG 2026-08-20 06:34:58 [action #420] t=14.82s step=419 queue=16 dmax=0.680 | shoulder_pan.pos=-3.14 shoulder_lift.pos=-99.62 elbow_flex.pos=+85.87 wrist_flex.pos=+77.88 wrist_roll.pos=-3.97 gripper.pos=+0.51
DEBUG 2026-08-20 06:34:58 [action #421] t=14.85s step=420 queue=15 dmax=0.350 | shoulder_pan.pos=-3.25 shoulder_lift.pos=-99.97 elbow_flex.pos=+85.69 wrist_flex.pos=+77.94 wrist_roll.pos=-3.82 gripper.pos=+0.48
DEBUG 2026-08-20 06:34:58 [action #422] t=14.88s step=421 queue=14 dmax=0.693 | shoulder_pan.pos=-2.97 shoulder_lift.pos=-99.94 elbow_flex.pos=+86.38 wrist_flex.pos=+78.19 wrist_roll.pos=-3.79 gripper.pos=+0.43
DEBUG 2026-08-20 06:34:58 [action #423] t=14.92s step=422 queue=13 dmax=0.627 | shoulder_pan.pos=-3.43 shoulder_lift.pos=-100.39 elbow_flex.pos=+87.01 wrist_flex.pos=+78.13 wrist_roll.pos=-3.86 gripper.pos=+0.56
DEBUG 2026-08-20 06:34:58 [action #424] t=14.95s step=423 queue=12 dmax=0.477 | shoulder_pan.pos=-3.22 shoulder_lift.pos=-99.91 elbow_flex.pos=+86.83 wrist_flex.pos=+78.08 wrist_roll.pos=-3.74 gripper.pos=+0.32
DEBUG 2026-08-20 06:34:58 [action #425] t=14.99s step=424 queue=11 dmax=0.963 | shoulder_pan.pos=-3.22 shoulder_lift.pos=-100.88 elbow_flex.pos=+87.02 wrist_flex.pos=+77.86 wrist_roll.pos=-3.75 gripper.pos=+0.34
DEBUG 2026-08-20 06:34:58 [action #426] t=15.02s step=425 queue=10 dmax=0.670 | shoulder_pan.pos=-3.32 shoulder_lift.pos=-100.21 elbow_flex.pos=+86.78 wrist_flex.pos=+77.83 wrist_roll.pos=-3.75 gripper.pos=+0.41
DEBUG 2026-08-20 06:34:58 [action #427] t=15.05s step=426 queue=9 dmax=0.593 | shoulder_pan.pos=-3.36 shoulder_lift.pos=-100.80 elbow_flex.pos=+87.05 wrist_flex.pos=+77.94 wrist_roll.pos=-3.78 gripper.pos=+0.32
DEBUG 2026-08-20 06:34:59 [action #428] t=15.09s step=427 queue=8 dmax=0.124 | shoulder_pan.pos=-3.34 shoulder_lift.pos=-100.85 elbow_flex.pos=+86.92 wrist_flex.pos=+78.03 wrist_roll.pos=-3.75 gripper.pos=+0.21
DEBUG 2026-08-20 06:34:59 [action #429] t=15.12s step=428 queue=7 dmax=0.296 | shoulder_pan.pos=-3.36 shoulder_lift.pos=-100.82 elbow_flex.pos=+86.85 wrist_flex.pos=+77.73 wrist_roll.pos=-3.76 gripper.pos=+0.31
DEBUG 2026-08-20 06:34:59 [action #430] t=15.15s step=429 queue=6 dmax=0.770 | shoulder_pan.pos=-3.58 shoulder_lift.pos=-101.60 elbow_flex.pos=+87.53 wrist_flex.pos=+77.95 wrist_roll.pos=-3.76 gripper.pos=+0.32
DEBUG 2026-08-20 06:34:59 [action #431] t=15.19s step=430 queue=5 dmax=0.487 | shoulder_pan.pos=-3.53 shoulder_lift.pos=-101.29 elbow_flex.pos=+88.02 wrist_flex.pos=+77.91 wrist_roll.pos=-3.70 gripper.pos=+0.24
DEBUG 2026-08-20 06:34:59 [action #432] t=15.22s step=431 queue=4 dmax=0.912 | shoulder_pan.pos=-3.47 shoulder_lift.pos=-102.20 elbow_flex.pos=+88.20 wrist_flex.pos=+77.99 wrist_roll.pos=-3.63 gripper.pos=+0.18
DEBUG 2026-08-20 06:34:59 [action #433] t=15.25s step=432 queue=3 dmax=0.100 | shoulder_pan.pos=-3.46 shoulder_lift.pos=-102.30 elbow_flex.pos=+88.28 wrist_flex.pos=+78.05 wrist_roll.pos=-3.59 gripper.pos=+0.24
DEBUG 2026-08-20 06:34:59 [action #434] t=15.29s step=433 queue=2 dmax=0.185 | shoulder_pan.pos=-3.39 shoulder_lift.pos=-102.11 elbow_flex.pos=+88.16 wrist_flex.pos=+77.94 wrist_roll.pos=-3.58 gripper.pos=+0.34
DEBUG 2026-08-20 06:34:59 [chunk] received 50 actions, timesteps 407..456 | first: shoulder_pan.pos=-3.80 shoulder_lift.pos=-88.75 elbow_flex.pos=+83.27 wrist_flex.pos=+64.52 wrist_roll.pos=-2.73 gripper.pos=+0.78 | last: shoulder_pan.pos=-4.25 shoulder_lift.pos=-102.49 elbow_flex.pos=+90.03 wrist_flex.pos=+78.52 wrist_roll.pos=-2.93 gripper.pos=+0.53
DEBUG 2026-08-20 06:34:59 [action #435] t=15.32s step=434 queue=23 dmax=1.644 | shoulder_pan.pos=-3.90 shoulder_lift.pos=-102.46 elbow_flex.pos=+89.80 wrist_flex.pos=+77.84 wrist_roll.pos=-3.15 gripper.pos=+0.45
DEBUG 2026-08-20 06:34:59 [action #436] t=15.35s step=435 queue=22 dmax=0.741 | shoulder_pan.pos=-4.64 shoulder_lift.pos=-101.97 elbow_flex.pos=+89.76 wrist_flex.pos=+78.06 wrist_roll.pos=-2.82 gripper.pos=+0.50
DEBUG 2026-08-20 06:34:59 [action #437] t=15.39s step=436 queue=21 dmax=0.527 | shoulder_pan.pos=-4.39 shoulder_lift.pos=-102.49 elbow_flex.pos=+90.08 wrist_flex.pos=+77.92 wrist_roll.pos=-2.98 gripper.pos=+0.28
DEBUG 2026-08-20 06:34:59 [action #438] t=15.42s step=437 queue=20 dmax=0.849 | shoulder_pan.pos=-4.49 shoulder_lift.pos=-102.68 elbow_flex.pos=+89.23 wrist_flex.pos=+77.90 wrist_roll.pos=-2.93 gripper.pos=+0.46
DEBUG 2026-08-20 06:34:59 [action #439] t=15.45s step=438 queue=19 dmax=0.894 | shoulder_pan.pos=-4.41 shoulder_lift.pos=-102.61 elbow_flex.pos=+90.13 wrist_flex.pos=+78.03 wrist_roll.pos=-2.84 gripper.pos=+0.53
DEBUG 2026-08-20 06:34:59 [action #440] t=15.49s step=439 queue=18 dmax=0.527 | shoulder_pan.pos=-4.35 shoulder_lift.pos=-102.60 elbow_flex.pos=+89.60 wrist_flex.pos=+78.00 wrist_roll.pos=-2.93 gripper.pos=+0.54
DEBUG 2026-08-20 06:34:59 [action #441] t=15.52s step=440 queue=17 dmax=0.144 | shoulder_pan.pos=-4.49 shoulder_lift.pos=-102.74 elbow_flex.pos=+89.64 wrist_flex.pos=+77.90 wrist_roll.pos=-2.92 gripper.pos=+0.59
DEBUG 2026-08-20 06:34:59 [action #442] t=15.55s step=441 queue=16 dmax=0.408 | shoulder_pan.pos=-4.63 shoulder_lift.pos=-102.53 elbow_flex.pos=+90.05 wrist_flex.pos=+78.03 wrist_roll.pos=-2.93 gripper.pos=+0.58
DEBUG 2026-08-20 06:34:59 [action #443] t=15.59s step=442 queue=15 dmax=0.714 | shoulder_pan.pos=-4.31 shoulder_lift.pos=-102.72 elbow_flex.pos=+90.77 wrist_flex.pos=+78.08 wrist_roll.pos=-2.87 gripper.pos=+0.74
DEBUG 2026-08-20 06:34:59 [action #444] t=15.62s step=443 queue=14 dmax=0.600 | shoulder_pan.pos=-4.41 shoulder_lift.pos=-102.12 elbow_flex.pos=+90.27 wrist_flex.pos=+78.15 wrist_roll.pos=-2.93 gripper.pos=+0.54
DEBUG 2026-08-20 06:34:59 [action #445] t=15.65s step=444 queue=13 dmax=0.529 | shoulder_pan.pos=-4.41 shoulder_lift.pos=-102.04 elbow_flex.pos=+89.74 wrist_flex.pos=+78.11 wrist_roll.pos=-2.91 gripper.pos=+0.70
DEBUG 2026-08-20 06:34:59 [action #446] t=15.69s step=445 queue=12 dmax=0.880 | shoulder_pan.pos=-4.36 shoulder_lift.pos=-101.88 elbow_flex.pos=+90.62 wrist_flex.pos=+78.14 wrist_roll.pos=-2.83 gripper.pos=+0.68
DEBUG 2026-08-20 06:34:59 [action #447] t=15.72s step=446 queue=11 dmax=0.519 | shoulder_pan.pos=-4.68 shoulder_lift.pos=-102.40 elbow_flex.pos=+90.84 wrist_flex.pos=+78.33 wrist_roll.pos=-2.94 gripper.pos=+0.62
DEBUG 2026-08-20 06:34:59 [action #448] t=15.75s step=447 queue=10 dmax=0.727 | shoulder_pan.pos=-4.51 shoulder_lift.pos=-102.60 elbow_flex.pos=+90.11 wrist_flex.pos=+78.26 wrist_roll.pos=-2.83 gripper.pos=+0.69
DEBUG 2026-08-20 06:34:59 [action #449] t=15.79s step=448 queue=9 dmax=0.264 | shoulder_pan.pos=-4.53 shoulder_lift.pos=-102.34 elbow_flex.pos=+90.36 wrist_flex.pos=+78.36 wrist_roll.pos=-2.96 gripper.pos=+0.65
DEBUG 2026-08-20 06:34:59 [action #450] t=15.82s step=449 queue=8 dmax=0.440 | shoulder_pan.pos=-4.61 shoulder_lift.pos=-102.78 elbow_flex.pos=+90.76 wrist_flex.pos=+78.31 wrist_roll.pos=-2.90 gripper.pos=+0.50
DEBUG 2026-08-20 06:34:59 [action #451] t=15.85s step=450 queue=7 dmax=0.455 | shoulder_pan.pos=-4.66 shoulder_lift.pos=-102.54 elbow_flex.pos=+90.31 wrist_flex.pos=+78.43 wrist_roll.pos=-2.89 gripper.pos=+0.74
DEBUG 2026-08-20 06:34:59 [action #452] t=15.89s step=451 queue=6 dmax=0.431 | shoulder_pan.pos=-4.52 shoulder_lift.pos=-102.11 elbow_flex.pos=+90.65 wrist_flex.pos=+78.37 wrist_roll.pos=-2.91 gripper.pos=+0.65
DEBUG 2026-08-20 06:34:59 [action #453] t=15.92s step=452 queue=5 dmax=0.264 | shoulder_pan.pos=-4.51 shoulder_lift.pos=-102.17 elbow_flex.pos=+90.39 wrist_flex.pos=+78.50 wrist_roll.pos=-2.95 gripper.pos=+0.53
DEBUG 2026-08-20 06:34:59 [action #454] t=15.95s step=453 queue=4 dmax=0.675 | shoulder_pan.pos=-4.29 shoulder_lift.pos=-102.53 elbow_flex.pos=+89.71 wrist_flex.pos=+78.46 wrist_roll.pos=-2.98 gripper.pos=+0.51
DEBUG 2026-08-20 06:34:59 [action #455] t=15.99s step=454 queue=3 dmax=0.721 | shoulder_pan.pos=-4.28 shoulder_lift.pos=-102.27 elbow_flex.pos=+90.43 wrist_flex.pos=+78.52 wrist_roll.pos=-2.86 gripper.pos=+0.65
DEBUG 2026-08-20 06:34:59 [action #456] t=16.02s step=455 queue=2 dmax=0.133 | shoulder_pan.pos=-4.26 shoulder_lift.pos=-102.25 elbow_flex.pos=+90.57 wrist_flex.pos=+78.49 wrist_roll.pos=-2.93 gripper.pos=+0.52
DEBUG 2026-08-20 06:35:00 [action #457] t=16.06s step=456 queue=1 dmax=0.537 | shoulder_pan.pos=-4.25 shoulder_lift.pos=-102.49 elbow_flex.pos=+90.03 wrist_flex.pos=+78.52 wrist_roll.pos=-2.93 gripper.pos=+0.53
DEBUG 2026-08-20 06:35:00 [chunk] received 50 actions, timesteps 433..482 | first: shoulder_pan.pos=-3.23 shoulder_lift.pos=-100.61 elbow_flex.pos=+88.20 wrist_flex.pos=+77.98 wrist_roll.pos=-3.74 gripper.pos=+0.33 | last: shoulder_pan.pos=-3.61 shoulder_lift.pos=-101.66 elbow_flex.pos=+88.85 wrist_flex.pos=+78.38 wrist_roll.pos=-3.64 gripper.pos=+0.24
DEBUG 2026-08-20 06:35:00 [action #458] t=16.09s step=457 queue=26 dmax=0.984 | shoulder_pan.pos=-3.63 shoulder_lift.pos=-101.50 elbow_flex.pos=+89.15 wrist_flex.pos=+78.37 wrist_roll.pos=-3.82 gripper.pos=+0.37
DEBUG 2026-08-20 06:35:00 [action #459] t=16.12s step=458 queue=25 dmax=0.646 | shoulder_pan.pos=-3.68 shoulder_lift.pos=-101.35 elbow_flex.pos=+89.80 wrist_flex.pos=+78.45 wrist_roll.pos=-3.76 gripper.pos=+0.40
DEBUG 2026-08-20 06:35:00 [chunk] received 50 actions, timesteps 456..505 | first: shoulder_pan.pos=-4.03 shoulder_lift.pos=-101.18 elbow_flex.pos=+89.26 wrist_flex.pos=+77.50 wrist_roll.pos=-3.14 gripper.pos=+0.64 | last: shoulder_pan.pos=-3.70 shoulder_lift.pos=-101.15 elbow_flex.pos=+89.17 wrist_flex.pos=+77.84 wrist_roll.pos=-3.06 gripper.pos=+0.62
INFO 2026-08-20 06:35:00 Final action sent: shoulder_pan.pos=-3.68 shoulder_lift.pos=-101.35 elbow_flex.pos=+89.80 wrist_flex.pos=+78.45 wrist_roll.pos=-3.76 gripper.pos=+0.40
DEBUG 2026-08-20 06:35:00 === episode end | 16.7s | converged=True | actions=459 ===
DEBUG 2026-08-20 06:35:37 === episode start | task: 'put the kumquat on the tray' | duration: 30.0s ===
DEBUG 2026-08-20 06:35:38 [chunk] received 50 actions, timesteps 0..49 | first: shoulder_pan.pos=-3.89 shoulder_lift.pos=-101.64 elbow_flex.pos=+89.20 wrist_flex.pos=+76.45 wrist_roll.pos=-1.32 gripper.pos=+0.72 | last: shoulder_pan.pos=-4.57 shoulder_lift.pos=-102.15 elbow_flex.pos=+88.79 wrist_flex.pos=+76.79 wrist_roll.pos=-1.56 gripper.pos=+0.60
DEBUG 2026-08-20 06:35:38 [action #1] t=1.04s step=0 queue=50 dmax=n/a | shoulder_pan.pos=-3.89 shoulder_lift.pos=-101.64 elbow_flex.pos=+89.20 wrist_flex.pos=+76.45 wrist_roll.pos=-1.32 gripper.pos=+0.72
DEBUG 2026-08-20 06:35:38 [action #2] t=1.07s step=1 queue=49 dmax=0.585 | shoulder_pan.pos=-3.63 shoulder_lift.pos=-102.23 elbow_flex.pos=+89.28 wrist_flex.pos=+76.56 wrist_roll.pos=-1.42 gripper.pos=+0.68
DEBUG 2026-08-20 06:35:38 [action #3] t=1.10s step=2 queue=48 dmax=0.489 | shoulder_pan.pos=-4.11 shoulder_lift.pos=-101.96 elbow_flex.pos=+88.80 wrist_flex.pos=+76.62 wrist_roll.pos=-1.46 gripper.pos=+0.64
DEBUG 2026-08-20 06:35:39 [action #4] t=1.14s step=3 queue=47 dmax=0.269 | shoulder_pan.pos=-3.84 shoulder_lift.pos=-101.95 elbow_flex.pos=+88.95 wrist_flex.pos=+76.64 wrist_roll.pos=-1.50 gripper.pos=+0.68
DEBUG 2026-08-20 06:35:39 [action #5] t=1.17s step=4 queue=46 dmax=0.466 | shoulder_pan.pos=-3.98 shoulder_lift.pos=-102.26 elbow_flex.pos=+89.41 wrist_flex.pos=+76.70 wrist_roll.pos=-1.51 gripper.pos=+0.59
DEBUG 2026-08-20 06:35:39 [action #6] t=1.20s step=5 queue=45 dmax=0.345 | shoulder_pan.pos=-3.92 shoulder_lift.pos=-101.92 elbow_flex.pos=+89.67 wrist_flex.pos=+76.69 wrist_roll.pos=-1.46 gripper.pos=+0.74
DEBUG 2026-08-20 06:35:39 [action #7] t=1.24s step=6 queue=44 dmax=0.574 | shoulder_pan.pos=-4.05 shoulder_lift.pos=-101.93 elbow_flex.pos=+89.10 wrist_flex.pos=+76.54 wrist_roll.pos=-1.41 gripper.pos=+0.57
DEBUG 2026-08-20 06:35:39 [action #8] t=1.27s step=7 queue=43 dmax=0.566 | shoulder_pan.pos=-3.94 shoulder_lift.pos=-101.70 elbow_flex.pos=+89.66 wrist_flex.pos=+76.67 wrist_roll.pos=-1.45 gripper.pos=+0.68
DEBUG 2026-08-20 06:35:39 [action #9] t=1.30s step=8 queue=42 dmax=0.759 | shoulder_pan.pos=-3.99 shoulder_lift.pos=-101.71 elbow_flex.pos=+88.90 wrist_flex.pos=+76.62 wrist_roll.pos=-1.46 gripper.pos=+0.56
DEBUG 2026-08-20 06:35:39 [action #10] t=1.34s step=9 queue=41 dmax=0.419 | shoulder_pan.pos=-4.11 shoulder_lift.pos=-101.95 elbow_flex.pos=+89.32 wrist_flex.pos=+76.62 wrist_roll.pos=-1.50 gripper.pos=+0.55
DEBUG 2026-08-20 06:35:39 [action #11] t=1.37s step=10 queue=40 dmax=0.365 | shoulder_pan.pos=-4.31 shoulder_lift.pos=-102.30 elbow_flex.pos=+89.69 wrist_flex.pos=+76.66 wrist_roll.pos=-1.51 gripper.pos=+0.70
DEBUG 2026-08-20 06:35:39 [action #12] t=1.40s step=11 queue=39 dmax=0.855 | shoulder_pan.pos=-4.24 shoulder_lift.pos=-102.00 elbow_flex.pos=+88.83 wrist_flex.pos=+76.72 wrist_roll.pos=-1.47 gripper.pos=+0.62
DEBUG 2026-08-20 06:35:39 [action #13] t=1.44s step=12 queue=38 dmax=0.398 | shoulder_pan.pos=-4.43 shoulder_lift.pos=-101.60 elbow_flex.pos=+89.23 wrist_flex.pos=+76.70 wrist_roll.pos=-1.52 gripper.pos=+0.52
DEBUG 2026-08-20 06:35:39 [action #14] t=1.47s step=13 queue=37 dmax=0.327 | shoulder_pan.pos=-4.32 shoulder_lift.pos=-101.93 elbow_flex.pos=+89.14 wrist_flex.pos=+76.81 wrist_roll.pos=-1.45 gripper.pos=+0.49
DEBUG 2026-08-20 06:35:39 [action #15] t=1.51s step=14 queue=36 dmax=0.285 | shoulder_pan.pos=-4.61 shoulder_lift.pos=-101.70 elbow_flex.pos=+89.05 wrist_flex.pos=+76.77 wrist_roll.pos=-1.50 gripper.pos=+0.50
DEBUG 2026-08-20 06:35:39 [action #16] t=1.54s step=15 queue=35 dmax=0.213 | shoulder_pan.pos=-4.62 shoulder_lift.pos=-101.91 elbow_flex.pos=+89.02 wrist_flex.pos=+76.83 wrist_roll.pos=-1.44 gripper.pos=+0.68
DEBUG 2026-08-20 06:35:39 [action #17] t=1.57s step=16 queue=34 dmax=0.333 | shoulder_pan.pos=-4.52 shoulder_lift.pos=-101.58 elbow_flex.pos=+89.04 wrist_flex.pos=+76.70 wrist_roll.pos=-1.46 gripper.pos=+0.54
DEBUG 2026-08-20 06:35:39 [action #18] t=1.61s step=17 queue=33 dmax=0.339 | shoulder_pan.pos=-4.56 shoulder_lift.pos=-101.84 elbow_flex.pos=+88.71 wrist_flex.pos=+76.83 wrist_roll.pos=-1.51 gripper.pos=+0.65
DEBUG 2026-08-20 06:35:39 [action #19] t=1.64s step=18 queue=32 dmax=0.300 | shoulder_pan.pos=-4.26 shoulder_lift.pos=-101.90 elbow_flex.pos=+88.54 wrist_flex.pos=+76.71 wrist_roll.pos=-1.43 gripper.pos=+0.56
DEBUG 2026-08-20 06:35:39 [action #20] t=1.67s step=19 queue=31 dmax=0.712 | shoulder_pan.pos=-4.54 shoulder_lift.pos=-102.00 elbow_flex.pos=+89.25 wrist_flex.pos=+76.82 wrist_roll.pos=-1.50 gripper.pos=+0.65
DEBUG 2026-08-20 06:35:39 [action #21] t=1.71s step=20 queue=30 dmax=0.444 | shoulder_pan.pos=-4.47 shoulder_lift.pos=-101.56 elbow_flex.pos=+88.95 wrist_flex.pos=+76.93 wrist_roll.pos=-1.56 gripper.pos=+0.68
DEBUG 2026-08-20 06:35:39 [action #22] t=1.74s step=21 queue=29 dmax=0.295 | shoulder_pan.pos=-4.44 shoulder_lift.pos=-101.86 elbow_flex.pos=+89.10 wrist_flex.pos=+76.71 wrist_roll.pos=-1.54 gripper.pos=+0.56
DEBUG 2026-08-20 06:35:39 [action #23] t=1.77s step=22 queue=28 dmax=0.132 | shoulder_pan.pos=-4.35 shoulder_lift.pos=-101.77 elbow_flex.pos=+88.97 wrist_flex.pos=+76.73 wrist_roll.pos=-1.56 gripper.pos=+0.64
DEBUG 2026-08-20 06:35:39 [action #24] t=1.81s step=23 queue=27 dmax=0.610 | shoulder_pan.pos=-4.34 shoulder_lift.pos=-101.70 elbow_flex.pos=+88.36 wrist_flex.pos=+76.73 wrist_roll.pos=-1.58 gripper.pos=+0.60
DEBUG 2026-08-20 06:35:39 [action #25] t=1.84s step=24 queue=26 dmax=0.639 | shoulder_pan.pos=-4.31 shoulder_lift.pos=-102.33 elbow_flex.pos=+88.87 wrist_flex.pos=+76.75 wrist_roll.pos=-1.52 gripper.pos=+0.62
DEBUG 2026-08-20 06:35:39 [action #26] t=1.87s step=25 queue=25 dmax=0.459 | shoulder_pan.pos=-4.24 shoulder_lift.pos=-101.88 elbow_flex.pos=+88.73 wrist_flex.pos=+76.70 wrist_roll.pos=-1.60 gripper.pos=+0.65
DEBUG 2026-08-20 06:35:39 [action #27] t=1.91s step=26 queue=24 dmax=0.483 | shoulder_pan.pos=-4.26 shoulder_lift.pos=-102.36 elbow_flex.pos=+88.39 wrist_flex.pos=+76.70 wrist_roll.pos=-1.66 gripper.pos=+0.69
DEBUG 2026-08-20 06:35:39 [action #28] t=1.94s step=27 queue=23 dmax=0.642 | shoulder_pan.pos=-4.40 shoulder_lift.pos=-102.15 elbow_flex.pos=+89.03 wrist_flex.pos=+76.76 wrist_roll.pos=-1.52 gripper.pos=+0.57
DEBUG 2026-08-20 06:35:39 [action #29] t=1.97s step=28 queue=22 dmax=0.225 | shoulder_pan.pos=-4.20 shoulder_lift.pos=-101.92 elbow_flex.pos=+88.90 wrist_flex.pos=+76.75 wrist_roll.pos=-1.61 gripper.pos=+0.47
DEBUG 2026-08-20 06:35:39 [action #30] t=2.01s step=29 queue=21 dmax=0.159 | shoulder_pan.pos=-4.28 shoulder_lift.pos=-101.94 elbow_flex.pos=+89.06 wrist_flex.pos=+76.76 wrist_roll.pos=-1.65 gripper.pos=+0.49
DEBUG 2026-08-20 06:35:39 [action #31] t=2.04s step=30 queue=20 dmax=0.258 | shoulder_pan.pos=-4.34 shoulder_lift.pos=-102.19 elbow_flex.pos=+88.95 wrist_flex.pos=+76.74 wrist_roll.pos=-1.59 gripper.pos=+0.60
DEBUG 2026-08-20 06:35:39 [action #32] t=2.07s step=31 queue=19 dmax=0.598 | shoulder_pan.pos=-4.27 shoulder_lift.pos=-101.60 elbow_flex.pos=+89.22 wrist_flex.pos=+76.60 wrist_roll.pos=-1.57 gripper.pos=+0.52
DEBUG 2026-08-20 06:35:39 [action #33] t=2.11s step=32 queue=18 dmax=0.304 | shoulder_pan.pos=-4.11 shoulder_lift.pos=-101.69 elbow_flex.pos=+88.92 wrist_flex.pos=+76.63 wrist_roll.pos=-1.64 gripper.pos=+0.43
DEBUG 2026-08-20 06:35:40 [action #34] t=2.14s step=33 queue=17 dmax=0.279 | shoulder_pan.pos=-4.20 shoulder_lift.pos=-101.97 elbow_flex.pos=+88.80 wrist_flex.pos=+76.67 wrist_roll.pos=-1.66 gripper.pos=+0.53
DEBUG 2026-08-20 06:35:40 [action #35] t=2.17s step=34 queue=16 dmax=0.446 | shoulder_pan.pos=-4.20 shoulder_lift.pos=-101.71 elbow_flex.pos=+89.25 wrist_flex.pos=+76.81 wrist_roll.pos=-1.62 gripper.pos=+0.51
DEBUG 2026-08-20 06:35:40 [action #36] t=2.21s step=35 queue=15 dmax=0.801 | shoulder_pan.pos=-4.00 shoulder_lift.pos=-101.93 elbow_flex.pos=+88.45 wrist_flex.pos=+76.71 wrist_roll.pos=-1.59 gripper.pos=+0.52
DEBUG 2026-08-20 06:35:40 [action #37] t=2.24s step=36 queue=14 dmax=0.193 | shoulder_pan.pos=-4.19 shoulder_lift.pos=-102.04 elbow_flex.pos=+88.59 wrist_flex.pos=+76.90 wrist_roll.pos=-1.56 gripper.pos=+0.52
DEBUG 2026-08-20 06:35:40 [action #38] t=2.27s step=37 queue=13 dmax=0.686 | shoulder_pan.pos=-4.21 shoulder_lift.pos=-101.35 elbow_flex.pos=+89.09 wrist_flex.pos=+76.71 wrist_roll.pos=-1.52 gripper.pos=+0.55
DEBUG 2026-08-20 06:35:40 [action #39] t=2.31s step=38 queue=12 dmax=0.292 | shoulder_pan.pos=-4.41 shoulder_lift.pos=-101.32 elbow_flex.pos=+88.80 wrist_flex.pos=+76.67 wrist_roll.pos=-1.60 gripper.pos=+0.44
DEBUG 2026-08-20 06:35:40 [action #40] t=2.34s step=39 queue=11 dmax=0.505 | shoulder_pan.pos=-4.24 shoulder_lift.pos=-101.57 elbow_flex.pos=+89.31 wrist_flex.pos=+76.66 wrist_roll.pos=-1.55 gripper.pos=+0.56
DEBUG 2026-08-20 06:35:40 [action #41] t=2.38s step=40 queue=10 dmax=0.134 | shoulder_pan.pos=-4.25 shoulder_lift.pos=-101.55 elbow_flex.pos=+89.37 wrist_flex.pos=+76.80 wrist_roll.pos=-1.63 gripper.pos=+0.58
DEBUG 2026-08-20 06:35:40 [action #42] t=2.41s step=41 queue=9 dmax=0.753 | shoulder_pan.pos=-4.41 shoulder_lift.pos=-101.73 elbow_flex.pos=+88.62 wrist_flex.pos=+76.80 wrist_roll.pos=-1.62 gripper.pos=+0.61
DEBUG 2026-08-20 06:35:40 [action #43] t=2.44s step=42 queue=8 dmax=0.489 | shoulder_pan.pos=-4.43 shoulder_lift.pos=-101.24 elbow_flex.pos=+88.85 wrist_flex.pos=+76.75 wrist_roll.pos=-1.63 gripper.pos=+0.47
DEBUG 2026-08-20 06:35:40 [action #44] t=2.48s step=43 queue=7 dmax=0.439 | shoulder_pan.pos=-4.31 shoulder_lift.pos=-101.44 elbow_flex.pos=+89.29 wrist_flex.pos=+76.72 wrist_roll.pos=-1.56 gripper.pos=+0.67
DEBUG 2026-08-20 06:35:40 [action #45] t=2.51s step=44 queue=6 dmax=0.225 | shoulder_pan.pos=-4.53 shoulder_lift.pos=-101.66 elbow_flex.pos=+89.29 wrist_flex.pos=+76.82 wrist_roll.pos=-1.60 gripper.pos=+0.56
DEBUG 2026-08-20 06:35:40 [action #46] t=2.54s step=45 queue=5 dmax=0.359 | shoulder_pan.pos=-4.37 shoulder_lift.pos=-101.89 elbow_flex.pos=+88.93 wrist_flex.pos=+76.84 wrist_roll.pos=-1.66 gripper.pos=+0.57
DEBUG 2026-08-20 06:35:40 [action #47] t=2.58s step=46 queue=4 dmax=0.344 | shoulder_pan.pos=-4.60 shoulder_lift.pos=-101.55 elbow_flex.pos=+88.71 wrist_flex.pos=+76.95 wrist_roll.pos=-1.52 gripper.pos=+0.53
DEBUG 2026-08-20 06:35:40 [action #48] t=2.61s step=47 queue=3 dmax=0.226 | shoulder_pan.pos=-4.57 shoulder_lift.pos=-101.50 elbow_flex.pos=+88.93 wrist_flex.pos=+76.83 wrist_roll.pos=-1.57 gripper.pos=+0.66
DEBUG 2026-08-20 06:35:40 [action #49] t=2.64s step=48 queue=2 dmax=0.543 | shoulder_pan.pos=-4.50 shoulder_lift.pos=-101.91 elbow_flex.pos=+88.39 wrist_flex.pos=+77.03 wrist_roll.pos=-1.62 gripper.pos=+0.70
DEBUG 2026-08-20 06:35:40 [action #50] t=2.68s step=49 queue=1 dmax=0.401 | shoulder_pan.pos=-4.57 shoulder_lift.pos=-102.15 elbow_flex.pos=+88.79 wrist_flex.pos=+76.79 wrist_roll.pos=-1.56 gripper.pos=+0.60
DEBUG 2026-08-20 06:35:41 [chunk] received 50 actions, timesteps 49..98 | first: shoulder_pan.pos=-3.61 shoulder_lift.pos=-102.16 elbow_flex.pos=+89.72 wrist_flex.pos=+77.48 wrist_roll.pos=-1.58 gripper.pos=+0.82 | last: shoulder_pan.pos=-4.59 shoulder_lift.pos=-102.34 elbow_flex.pos=+88.80 wrist_flex.pos=+77.47 wrist_roll.pos=-2.51 gripper.pos=+0.61
DEBUG 2026-08-20 06:35:41 [action #51] t=3.48s step=50 queue=49 dmax=0.861 | shoulder_pan.pos=-3.71 shoulder_lift.pos=-101.80 elbow_flex.pos=+88.76 wrist_flex.pos=+77.52 wrist_roll.pos=-1.63 gripper.pos=+0.66
DEBUG 2026-08-20 06:35:41 [action #52] t=3.51s step=51 queue=48 dmax=0.414 | shoulder_pan.pos=-4.12 shoulder_lift.pos=-101.48 elbow_flex.pos=+89.04 wrist_flex.pos=+77.54 wrist_roll.pos=-1.71 gripper.pos=+0.65
DEBUG 2026-08-20 06:35:41 [action #53] t=3.55s step=52 queue=47 dmax=0.617 | shoulder_pan.pos=-4.11 shoulder_lift.pos=-102.10 elbow_flex.pos=+89.23 wrist_flex.pos=+77.76 wrist_roll.pos=-1.73 gripper.pos=+0.55
DEBUG 2026-08-20 06:35:41 [action #54] t=3.58s step=53 queue=46 dmax=0.483 | shoulder_pan.pos=-4.09 shoulder_lift.pos=-101.71 elbow_flex.pos=+89.72 wrist_flex.pos=+77.63 wrist_roll.pos=-1.58 gripper.pos=+0.63
DEBUG 2026-08-20 06:35:41 [action #55] t=3.61s step=54 queue=45 dmax=0.245 | shoulder_pan.pos=-4.19 shoulder_lift.pos=-101.82 elbow_flex.pos=+89.47 wrist_flex.pos=+77.80 wrist_roll.pos=-1.70 gripper.pos=+0.75
DEBUG 2026-08-20 06:35:41 [action #56] t=3.65s step=55 queue=44 dmax=0.447 | shoulder_pan.pos=-4.02 shoulder_lift.pos=-101.78 elbow_flex.pos=+89.03 wrist_flex.pos=+77.93 wrist_roll.pos=-1.77 gripper.pos=+0.64
DEBUG 2026-08-20 06:35:41 [action #57] t=3.68s step=56 queue=43 dmax=0.358 | shoulder_pan.pos=-3.97 shoulder_lift.pos=-101.58 elbow_flex.pos=+89.02 wrist_flex.pos=+77.57 wrist_roll.pos=-1.89 gripper.pos=+0.49
DEBUG 2026-08-20 06:35:41 [action #58] t=3.71s step=57 queue=42 dmax=0.745 | shoulder_pan.pos=-4.13 shoulder_lift.pos=-102.32 elbow_flex.pos=+88.89 wrist_flex.pos=+77.94 wrist_roll.pos=-1.95 gripper.pos=+0.63
DEBUG 2026-08-20 06:35:41 [action #59] t=3.75s step=58 queue=41 dmax=0.618 | shoulder_pan.pos=-4.07 shoulder_lift.pos=-101.70 elbow_flex.pos=+89.47 wrist_flex.pos=+77.92 wrist_roll.pos=-2.14 gripper.pos=+0.44
DEBUG 2026-08-20 06:35:41 [action #60] t=3.78s step=59 queue=40 dmax=0.565 | shoulder_pan.pos=-3.96 shoulder_lift.pos=-102.27 elbow_flex.pos=+88.99 wrist_flex.pos=+77.64 wrist_roll.pos=-2.45 gripper.pos=+0.51
DEBUG 2026-08-20 06:35:41 [action #61] t=3.81s step=60 queue=39 dmax=0.310 | shoulder_pan.pos=-4.13 shoulder_lift.pos=-102.27 elbow_flex.pos=+89.18 wrist_flex.pos=+77.68 wrist_roll.pos=-2.76 gripper.pos=+0.50
DEBUG 2026-08-20 06:35:41 [action #62] t=3.85s step=61 queue=38 dmax=0.248 | shoulder_pan.pos=-4.13 shoulder_lift.pos=-102.31 elbow_flex.pos=+88.94 wrist_flex.pos=+77.57 wrist_roll.pos=-2.92 gripper.pos=+0.46
DEBUG 2026-08-20 06:35:41 [action #63] t=3.88s step=62 queue=37 dmax=0.302 | shoulder_pan.pos=-3.99 shoulder_lift.pos=-102.20 elbow_flex.pos=+89.21 wrist_flex.pos=+77.61 wrist_roll.pos=-3.22 gripper.pos=+0.66
DEBUG 2026-08-20 06:35:41 [action #64] t=3.91s step=63 queue=36 dmax=0.651 | shoulder_pan.pos=-4.13 shoulder_lift.pos=-101.96 elbow_flex.pos=+88.56 wrist_flex.pos=+77.56 wrist_roll.pos=-3.22 gripper.pos=+0.51
DEBUG 2026-08-20 06:35:41 [action #65] t=3.95s step=64 queue=35 dmax=0.584 | shoulder_pan.pos=-4.11 shoulder_lift.pos=-102.55 elbow_flex.pos=+88.60 wrist_flex.pos=+77.70 wrist_roll.pos=-3.44 gripper.pos=+0.55
DEBUG 2026-08-20 06:35:41 [action #66] t=3.98s step=65 queue=34 dmax=0.506 | shoulder_pan.pos=-4.41 shoulder_lift.pos=-102.04 elbow_flex.pos=+88.90 wrist_flex.pos=+77.64 wrist_roll.pos=-3.30 gripper.pos=+0.48
DEBUG 2026-08-20 06:35:41 [action #67] t=4.01s step=66 queue=33 dmax=0.162 | shoulder_pan.pos=-4.26 shoulder_lift.pos=-102.10 elbow_flex.pos=+88.94 wrist_flex.pos=+77.63 wrist_roll.pos=-3.17 gripper.pos=+0.65
DEBUG 2026-08-20 06:35:41 [action #68] t=4.05s step=67 queue=32 dmax=0.279 | shoulder_pan.pos=-4.54 shoulder_lift.pos=-102.12 elbow_flex.pos=+88.75 wrist_flex.pos=+77.80 wrist_roll.pos=-2.97 gripper.pos=+0.44
DEBUG 2026-08-20 06:35:41 [action #69] t=4.08s step=68 queue=31 dmax=0.209 | shoulder_pan.pos=-4.33 shoulder_lift.pos=-102.30 elbow_flex.pos=+88.93 wrist_flex.pos=+77.85 wrist_roll.pos=-2.97 gripper.pos=+0.54
DEBUG 2026-08-20 06:35:42 [action #70] t=4.11s step=69 queue=30 dmax=0.505 | shoulder_pan.pos=-4.26 shoulder_lift.pos=-102.14 elbow_flex.pos=+88.43 wrist_flex.pos=+77.86 wrist_roll.pos=-2.83 gripper.pos=+0.57
DEBUG 2026-08-20 06:35:42 [action #71] t=4.15s step=70 queue=29 dmax=0.680 | shoulder_pan.pos=-4.18 shoulder_lift.pos=-101.46 elbow_flex.pos=+88.42 wrist_flex.pos=+77.62 wrist_roll.pos=-2.67 gripper.pos=+0.63
DEBUG 2026-08-20 06:35:42 [action #72] t=4.18s step=71 queue=28 dmax=0.907 | shoulder_pan.pos=-4.02 shoulder_lift.pos=-102.37 elbow_flex.pos=+88.40 wrist_flex.pos=+77.64 wrist_roll.pos=-2.61 gripper.pos=+0.55
DEBUG 2026-08-20 06:35:42 [action #73] t=4.21s step=72 queue=27 dmax=0.755 | shoulder_pan.pos=-4.26 shoulder_lift.pos=-101.93 elbow_flex.pos=+89.16 wrist_flex.pos=+77.77 wrist_roll.pos=-2.71 gripper.pos=+0.52
DEBUG 2026-08-20 06:35:42 [action #74] t=4.25s step=73 queue=26 dmax=0.602 | shoulder_pan.pos=-3.90 shoulder_lift.pos=-102.28 elbow_flex.pos=+88.55 wrist_flex.pos=+77.65 wrist_roll.pos=-2.70 gripper.pos=+0.52
DEBUG 2026-08-20 06:35:42 [action #75] t=4.28s step=74 queue=25 dmax=0.659 | shoulder_pan.pos=-4.00 shoulder_lift.pos=-101.62 elbow_flex.pos=+88.09 wrist_flex.pos=+77.70 wrist_roll.pos=-2.56 gripper.pos=+0.56
DEBUG 2026-08-20 06:35:42 [action #76] t=4.31s step=75 queue=24 dmax=0.891 | shoulder_pan.pos=-4.19 shoulder_lift.pos=-102.51 elbow_flex.pos=+88.72 wrist_flex.pos=+77.53 wrist_roll.pos=-2.50 gripper.pos=+0.46
DEBUG 2026-08-20 06:35:42 [action #77] t=4.35s step=76 queue=23 dmax=1.088 | shoulder_pan.pos=-4.17 shoulder_lift.pos=-101.43 elbow_flex.pos=+88.70 wrist_flex.pos=+77.81 wrist_roll.pos=-2.58 gripper.pos=+0.48
DEBUG 2026-08-20 06:35:42 [action #78] t=4.38s step=77 queue=22 dmax=0.428 | shoulder_pan.pos=-4.29 shoulder_lift.pos=-101.85 elbow_flex.pos=+88.63 wrist_flex.pos=+77.64 wrist_roll.pos=-2.61 gripper.pos=+0.46
DEBUG 2026-08-20 06:35:42 [action #79] t=4.42s step=78 queue=21 dmax=0.157 | shoulder_pan.pos=-4.17 shoulder_lift.pos=-102.00 elbow_flex.pos=+88.48 wrist_flex.pos=+77.59 wrist_roll.pos=-2.46 gripper.pos=+0.59
DEBUG 2026-08-20 06:35:42 [action #80] t=4.45s step=79 queue=20 dmax=0.512 | shoulder_pan.pos=-3.95 shoulder_lift.pos=-101.98 elbow_flex.pos=+88.99 wrist_flex.pos=+77.53 wrist_roll.pos=-2.53 gripper.pos=+0.36
DEBUG 2026-08-20 06:35:42 [action #81] t=4.48s step=80 queue=19 dmax=1.175 | shoulder_pan.pos=-4.21 shoulder_lift.pos=-103.16 elbow_flex.pos=+89.17 wrist_flex.pos=+77.58 wrist_roll.pos=-2.43 gripper.pos=+0.45
DEBUG 2026-08-20 06:35:42 [action #82] t=4.52s step=81 queue=18 dmax=1.325 | shoulder_pan.pos=-4.14 shoulder_lift.pos=-101.83 elbow_flex.pos=+88.38 wrist_flex.pos=+77.54 wrist_roll.pos=-2.46 gripper.pos=+0.54
DEBUG 2026-08-20 06:35:42 [action #83] t=4.55s step=82 queue=17 dmax=0.708 | shoulder_pan.pos=-4.23 shoulder_lift.pos=-101.73 elbow_flex.pos=+89.09 wrist_flex.pos=+77.62 wrist_roll.pos=-2.44 gripper.pos=+0.34
DEBUG 2026-08-20 06:35:42 [action #84] t=4.58s step=83 queue=16 dmax=0.563 | shoulder_pan.pos=-4.20 shoulder_lift.pos=-101.87 elbow_flex.pos=+88.53 wrist_flex.pos=+77.56 wrist_roll.pos=-2.43 gripper.pos=+0.47
DEBUG 2026-08-20 06:35:42 [action #85] t=4.62s step=84 queue=15 dmax=0.319 | shoulder_pan.pos=-4.18 shoulder_lift.pos=-102.19 elbow_flex.pos=+88.61 wrist_flex.pos=+77.80 wrist_roll.pos=-2.41 gripper.pos=+0.43
DEBUG 2026-08-20 06:35:42 [action #86] t=4.65s step=85 queue=14 dmax=0.400 | shoulder_pan.pos=-4.09 shoulder_lift.pos=-102.59 elbow_flex.pos=+88.59 wrist_flex.pos=+77.57 wrist_roll.pos=-2.46 gripper.pos=+0.50
DEBUG 2026-08-20 06:35:42 [action #87] t=4.68s step=86 queue=13 dmax=0.454 | shoulder_pan.pos=-4.23 shoulder_lift.pos=-102.14 elbow_flex.pos=+88.21 wrist_flex.pos=+77.57 wrist_roll.pos=-2.47 gripper.pos=+0.54
DEBUG 2026-08-20 06:35:42 [action #88] t=4.72s step=87 queue=12 dmax=0.109 | shoulder_pan.pos=-4.27 shoulder_lift.pos=-102.12 elbow_flex.pos=+88.16 wrist_flex.pos=+77.63 wrist_roll.pos=-2.47 gripper.pos=+0.43
DEBUG 2026-08-20 06:35:42 [action #89] t=4.75s step=88 queue=11 dmax=0.522 | shoulder_pan.pos=-4.26 shoulder_lift.pos=-102.64 elbow_flex.pos=+88.48 wrist_flex.pos=+77.54 wrist_roll.pos=-2.45 gripper.pos=+0.63
DEBUG 2026-08-20 06:35:42 [action #90] t=4.78s step=89 queue=10 dmax=0.665 | shoulder_pan.pos=-4.07 shoulder_lift.pos=-101.98 elbow_flex.pos=+88.57 wrist_flex.pos=+77.50 wrist_roll.pos=-2.49 gripper.pos=+0.79
DEBUG 2026-08-20 06:35:42 [action #91] t=4.82s step=90 queue=9 dmax=0.457 | shoulder_pan.pos=-4.23 shoulder_lift.pos=-101.54 elbow_flex.pos=+88.11 wrist_flex.pos=+77.57 wrist_roll.pos=-2.61 gripper.pos=+0.61
DEBUG 2026-08-20 06:35:42 [action #92] t=4.85s step=91 queue=8 dmax=0.184 | shoulder_pan.pos=-4.16 shoulder_lift.pos=-101.48 elbow_flex.pos=+88.29 wrist_flex.pos=+77.49 wrist_roll.pos=-2.55 gripper.pos=+0.68
DEBUG 2026-08-20 06:35:42 [action #93] t=4.88s step=92 queue=7 dmax=0.191 | shoulder_pan.pos=-4.30 shoulder_lift.pos=-101.67 elbow_flex.pos=+88.37 wrist_flex.pos=+77.62 wrist_roll.pos=-2.44 gripper.pos=+0.55
DEBUG 2026-08-20 06:35:42 [action #94] t=4.92s step=93 queue=6 dmax=0.580 | shoulder_pan.pos=-4.58 shoulder_lift.pos=-102.25 elbow_flex.pos=+88.85 wrist_flex.pos=+77.59 wrist_roll.pos=-2.52 gripper.pos=+0.56
DEBUG 2026-08-20 06:35:42 [action #95] t=4.95s step=94 queue=5 dmax=0.525 | shoulder_pan.pos=-4.41 shoulder_lift.pos=-101.73 elbow_flex.pos=+88.57 wrist_flex.pos=+77.41 wrist_roll.pos=-2.54 gripper.pos=+0.63
DEBUG 2026-08-20 06:35:42 [action #96] t=4.98s step=95 queue=4 dmax=0.351 | shoulder_pan.pos=-4.48 shoulder_lift.pos=-101.66 elbow_flex.pos=+88.22 wrist_flex.pos=+77.51 wrist_roll.pos=-2.60 gripper.pos=+0.66
DEBUG 2026-08-20 06:35:42 [action #97] t=5.02s step=96 queue=3 dmax=0.437 | shoulder_pan.pos=-4.64 shoulder_lift.pos=-102.09 elbow_flex.pos=+88.61 wrist_flex.pos=+77.51 wrist_roll.pos=-2.52 gripper.pos=+0.61
DEBUG 2026-08-20 06:35:42 [action #98] t=5.05s step=97 queue=2 dmax=0.273 | shoulder_pan.pos=-4.66 shoulder_lift.pos=-102.09 elbow_flex.pos=+88.33 wrist_flex.pos=+77.62 wrist_roll.pos=-2.52 gripper.pos=+0.65
DEBUG 2026-08-20 06:35:42 [chunk] received 50 actions, timesteps 71..120 | first: shoulder_pan.pos=-3.82 shoulder_lift.pos=-101.60 elbow_flex.pos=+88.64 wrist_flex.pos=+77.37 wrist_roll.pos=-2.54 gripper.pos=+0.57 | last: shoulder_pan.pos=-4.19 shoulder_lift.pos=-101.32 elbow_flex.pos=+88.69 wrist_flex.pos=+77.35 wrist_roll.pos=-2.50 gripper.pos=+0.59
DEBUG 2026-08-20 06:35:42 [action #99] t=5.08s step=98 queue=23 dmax=0.632 | shoulder_pan.pos=-4.03 shoulder_lift.pos=-101.48 elbow_flex.pos=+88.91 wrist_flex.pos=+77.43 wrist_roll.pos=-2.56 gripper.pos=+0.57
DEBUG 2026-08-20 06:35:43 [action #100] t=5.12s step=99 queue=22 dmax=0.599 | shoulder_pan.pos=-3.98 shoulder_lift.pos=-101.23 elbow_flex.pos=+88.31 wrist_flex.pos=+77.37 wrist_roll.pos=-2.55 gripper.pos=+0.42
DEBUG 2026-08-20 06:35:43 [action #101] t=5.15s step=100 queue=21 dmax=0.256 | shoulder_pan.pos=-4.13 shoulder_lift.pos=-101.20 elbow_flex.pos=+88.57 wrist_flex.pos=+77.48 wrist_roll.pos=-2.64 gripper.pos=+0.47
DEBUG 2026-08-20 06:35:43 [action #102] t=5.18s step=101 queue=20 dmax=0.335 | shoulder_pan.pos=-4.05 shoulder_lift.pos=-101.53 elbow_flex.pos=+88.85 wrist_flex.pos=+77.58 wrist_roll.pos=-2.68 gripper.pos=+0.54
DEBUG 2026-08-20 06:35:43 [action #103] t=5.22s step=102 queue=19 dmax=0.635 | shoulder_pan.pos=-4.04 shoulder_lift.pos=-101.17 elbow_flex.pos=+88.21 wrist_flex.pos=+77.24 wrist_roll.pos=-2.53 gripper.pos=+0.55
DEBUG 2026-08-20 06:35:43 [action #104] t=5.25s step=103 queue=18 dmax=0.206 | shoulder_pan.pos=-4.01 shoulder_lift.pos=-101.06 elbow_flex.pos=+88.30 wrist_flex.pos=+77.45 wrist_roll.pos=-2.54 gripper.pos=+0.61
DEBUG 2026-08-20 06:35:43 [action #105] t=5.28s step=104 queue=17 dmax=0.589 | shoulder_pan.pos=-4.02 shoulder_lift.pos=-101.52 elbow_flex.pos=+88.89 wrist_flex.pos=+77.52 wrist_roll.pos=-2.60 gripper.pos=+0.60
DEBUG 2026-08-20 06:35:43 [action #106] t=5.32s step=105 queue=16 dmax=0.675 | shoulder_pan.pos=-4.07 shoulder_lift.pos=-100.85 elbow_flex.pos=+88.85 wrist_flex.pos=+77.45 wrist_roll.pos=-2.68 gripper.pos=+0.51
DEBUG 2026-08-20 06:35:43 [action #107] t=5.35s step=106 queue=15 dmax=0.454 | shoulder_pan.pos=-4.13 shoulder_lift.pos=-101.30 elbow_flex.pos=+88.61 wrist_flex.pos=+77.45 wrist_roll.pos=-2.61 gripper.pos=+0.50
DEBUG 2026-08-20 06:35:43 [action #108] t=5.38s step=107 queue=14 dmax=0.383 | shoulder_pan.pos=-4.13 shoulder_lift.pos=-101.32 elbow_flex.pos=+88.23 wrist_flex.pos=+77.43 wrist_roll.pos=-2.57 gripper.pos=+0.50
DEBUG 2026-08-20 06:35:43 [action #109] t=5.42s step=108 queue=13 dmax=0.145 | shoulder_pan.pos=-4.27 shoulder_lift.pos=-101.40 elbow_flex.pos=+88.27 wrist_flex.pos=+77.50 wrist_roll.pos=-2.55 gripper.pos=+0.53
DEBUG 2026-08-20 06:35:43 [action #110] t=5.45s step=109 queue=12 dmax=0.442 | shoulder_pan.pos=-4.32 shoulder_lift.pos=-101.38 elbow_flex.pos=+88.71 wrist_flex.pos=+77.66 wrist_roll.pos=-2.62 gripper.pos=+0.53
DEBUG 2026-08-20 06:35:43 [action #111] t=5.49s step=110 queue=11 dmax=0.201 | shoulder_pan.pos=-4.23 shoulder_lift.pos=-101.41 elbow_flex.pos=+88.55 wrist_flex.pos=+77.46 wrist_roll.pos=-2.63 gripper.pos=+0.55
DEBUG 2026-08-20 06:35:43 [action #112] t=5.52s step=111 queue=10 dmax=0.605 | shoulder_pan.pos=-4.02 shoulder_lift.pos=-100.80 elbow_flex.pos=+88.19 wrist_flex.pos=+77.60 wrist_roll.pos=-2.50 gripper.pos=+0.53
DEBUG 2026-08-20 06:35:43 [action #113] t=5.55s step=112 queue=9 dmax=0.793 | shoulder_pan.pos=-4.08 shoulder_lift.pos=-101.59 elbow_flex.pos=+88.24 wrist_flex.pos=+77.60 wrist_roll.pos=-2.53 gripper.pos=+0.47
DEBUG 2026-08-20 06:35:43 [action #114] t=5.59s step=113 queue=8 dmax=0.221 | shoulder_pan.pos=-4.24 shoulder_lift.pos=-101.44 elbow_flex.pos=+88.46 wrist_flex.pos=+77.62 wrist_roll.pos=-2.65 gripper.pos=+0.43
DEBUG 2026-08-20 06:35:43 [action #115] t=5.62s step=114 queue=7 dmax=0.548 | shoulder_pan.pos=-4.23 shoulder_lift.pos=-101.02 elbow_flex.pos=+89.01 wrist_flex.pos=+77.43 wrist_roll.pos=-2.62 gripper.pos=+0.47
DEBUG 2026-08-20 06:35:43 [action #116] t=5.65s step=115 queue=6 dmax=0.466 | shoulder_pan.pos=-4.06 shoulder_lift.pos=-101.13 elbow_flex.pos=+88.55 wrist_flex.pos=+77.41 wrist_roll.pos=-2.52 gripper.pos=+0.41
DEBUG 2026-08-20 06:35:43 [action #117] t=5.69s step=116 queue=5 dmax=0.337 | shoulder_pan.pos=-4.40 shoulder_lift.pos=-100.93 elbow_flex.pos=+88.41 wrist_flex.pos=+77.44 wrist_roll.pos=-2.56 gripper.pos=+0.55
DEBUG 2026-08-20 06:35:43 [action #118] t=5.72s step=117 queue=4 dmax=0.218 | shoulder_pan.pos=-4.18 shoulder_lift.pos=-101.06 elbow_flex.pos=+88.58 wrist_flex.pos=+77.53 wrist_roll.pos=-2.58 gripper.pos=+0.61
DEBUG 2026-08-20 06:35:43 [action #119] t=5.75s step=118 queue=3 dmax=0.439 | shoulder_pan.pos=-4.19 shoulder_lift.pos=-100.62 elbow_flex.pos=+88.36 wrist_flex.pos=+77.65 wrist_roll.pos=-2.49 gripper.pos=+0.59
DEBUG 2026-08-20 06:35:43 [action #120] t=5.79s step=119 queue=2 dmax=0.089 | shoulder_pan.pos=-4.26 shoulder_lift.pos=-100.62 elbow_flex.pos=+88.45 wrist_flex.pos=+77.58 wrist_roll.pos=-2.46 gripper.pos=+0.66
DEBUG 2026-08-20 06:35:43 [action #121] t=5.82s step=120 queue=1 dmax=0.708 | shoulder_pan.pos=-4.19 shoulder_lift.pos=-101.32 elbow_flex.pos=+88.69 wrist_flex.pos=+77.35 wrist_roll.pos=-2.50 gripper.pos=+0.59
DEBUG 2026-08-20 06:35:44 [chunk] received 50 actions, timesteps 120..169 | first: shoulder_pan.pos=-4.29 shoulder_lift.pos=-100.92 elbow_flex.pos=+89.32 wrist_flex.pos=+77.62 wrist_roll.pos=-2.77 gripper.pos=+0.56 | last: shoulder_pan.pos=-4.35 shoulder_lift.pos=-101.74 elbow_flex.pos=+88.63 wrist_flex.pos=+78.04 wrist_roll.pos=-2.57 gripper.pos=+0.46
DEBUG 2026-08-20 06:35:44 [action #122] t=6.76s step=121 queue=49 dmax=0.298 | shoulder_pan.pos=-4.15 shoulder_lift.pos=-101.17 elbow_flex.pos=+88.84 wrist_flex.pos=+77.65 wrist_roll.pos=-2.77 gripper.pos=+0.49
INFO 2026-08-20 06:35:46 Final action sent: shoulder_pan.pos=-4.15 shoulder_lift.pos=-101.17 elbow_flex.pos=+88.84 wrist_flex.pos=+77.65 wrist_roll.pos=-2.77 gripper.pos=+0.49
DEBUG 2026-08-20 06:35:46 === episode end | 8.7s | converged=True | actions=122 ===
