DEBUG 2026-09-03 08:24:11 === episode start | task: 'put the purse on the tray' | duration: 50.0s ===
DEBUG 2026-09-03 08:24:12 [chunk] dropped stale chunk (ts0=296 > max_sent=0)
DEBUG 2026-09-03 08:24:13 [chunk] received 50 actions, timesteps 0..49 | first: shoulder_pan.pos=-4.32 shoulder_lift.pos=-100.28 elbow_flex.pos=+88.41 wrist_flex.pos=+74.26 wrist_roll.pos=+0.11 gripper.pos=+1.44 | last: shoulder_pan.pos=-6.76 shoulder_lift.pos=-97.99 elbow_flex.pos=+81.05 wrist_flex.pos=+63.27 wrist_roll.pos=-0.55 gripper.pos=+1.37
DEBUG 2026-09-03 08:24:13 [action #1] t=1.77s step=0 queue=50 dmax=n/a | shoulder_pan.pos=-4.32 shoulder_lift.pos=-100.28 elbow_flex.pos=+88.41 wrist_flex.pos=+74.26 wrist_roll.pos=+0.11 gripper.pos=+1.44
DEBUG 2026-09-03 08:24:13 [action #2] t=1.81s step=1 queue=49 dmax=0.405 | shoulder_pan.pos=-4.60 shoulder_lift.pos=-99.88 elbow_flex.pos=+88.81 wrist_flex.pos=+73.93 wrist_roll.pos=+0.08 gripper.pos=+1.44
DEBUG 2026-09-03 08:24:13 [action #3] t=1.84s step=2 queue=48 dmax=0.883 | shoulder_pan.pos=-4.53 shoulder_lift.pos=-100.76 elbow_flex.pos=+88.15 wrist_flex.pos=+73.66 wrist_roll.pos=+0.07 gripper.pos=+1.48
DEBUG 2026-09-03 08:24:13 [action #4] t=1.87s step=3 queue=47 dmax=0.438 | shoulder_pan.pos=-4.55 shoulder_lift.pos=-100.43 elbow_flex.pos=+88.27 wrist_flex.pos=+73.22 wrist_roll.pos=+0.16 gripper.pos=+1.41
DEBUG 2026-09-03 08:24:13 [action #5] t=1.91s step=4 queue=46 dmax=0.565 | shoulder_pan.pos=-4.51 shoulder_lift.pos=-99.94 elbow_flex.pos=+88.84 wrist_flex.pos=+72.86 wrist_roll.pos=+0.11 gripper.pos=+1.30
DEBUG 2026-09-03 08:24:13 [action #6] t=1.94s step=5 queue=45 dmax=0.783 | shoulder_pan.pos=-4.71 shoulder_lift.pos=-100.41 elbow_flex.pos=+89.15 wrist_flex.pos=+72.08 wrist_roll.pos=+0.13 gripper.pos=+1.47
DEBUG 2026-09-03 08:24:13 [action #7] t=1.97s step=6 queue=44 dmax=0.556 | shoulder_pan.pos=-5.02 shoulder_lift.pos=-100.58 elbow_flex.pos=+89.27 wrist_flex.pos=+71.53 wrist_roll.pos=+0.11 gripper.pos=+1.32
DEBUG 2026-09-03 08:24:13 [action #8] t=2.01s step=7 queue=43 dmax=0.702 | shoulder_pan.pos=-4.97 shoulder_lift.pos=-100.99 elbow_flex.pos=+88.76 wrist_flex.pos=+70.82 wrist_roll.pos=+0.14 gripper.pos=+1.38
DEBUG 2026-09-03 08:24:13 [action #9] t=2.04s step=8 queue=42 dmax=1.065 | shoulder_pan.pos=-5.26 shoulder_lift.pos=-99.93 elbow_flex.pos=+89.75 wrist_flex.pos=+70.01 wrist_roll.pos=+0.03 gripper.pos=+1.37
DEBUG 2026-09-03 08:24:13 [action #10] t=2.07s step=9 queue=41 dmax=1.433 | shoulder_pan.pos=-5.11 shoulder_lift.pos=-101.36 elbow_flex.pos=+89.49 wrist_flex.pos=+68.95 wrist_roll.pos=+0.08 gripper.pos=+1.30
DEBUG 2026-09-03 08:24:13 [action #11] t=2.11s step=10 queue=40 dmax=1.050 | shoulder_pan.pos=-5.23 shoulder_lift.pos=-100.31 elbow_flex.pos=+89.66 wrist_flex.pos=+68.21 wrist_roll.pos=+0.13 gripper.pos=+1.29
DEBUG 2026-09-03 08:24:13 [action #12] t=2.14s step=11 queue=39 dmax=0.640 | shoulder_pan.pos=-4.98 shoulder_lift.pos=-100.72 elbow_flex.pos=+89.72 wrist_flex.pos=+67.57 wrist_roll.pos=+0.05 gripper.pos=+1.29
DEBUG 2026-09-03 08:24:13 [action #13] t=2.17s step=12 queue=38 dmax=0.494 | shoulder_pan.pos=-4.94 shoulder_lift.pos=-100.33 elbow_flex.pos=+89.47 wrist_flex.pos=+67.08 wrist_roll.pos=+0.01 gripper.pos=+1.33
DEBUG 2026-09-03 08:24:13 [action #14] t=2.21s step=13 queue=37 dmax=0.624 | shoulder_pan.pos=-5.46 shoulder_lift.pos=-100.42 elbow_flex.pos=+89.26 wrist_flex.pos=+66.45 wrist_roll.pos=+0.06 gripper.pos=+1.35
DEBUG 2026-09-03 08:24:13 [action #15] t=2.24s step=14 queue=36 dmax=0.531 | shoulder_pan.pos=-5.19 shoulder_lift.pos=-100.95 elbow_flex.pos=+89.20 wrist_flex.pos=+66.15 wrist_roll.pos=+0.04 gripper.pos=+1.31
DEBUG 2026-09-03 08:24:13 [action #16] t=2.27s step=15 queue=35 dmax=0.752 | shoulder_pan.pos=-5.40 shoulder_lift.pos=-100.33 elbow_flex.pos=+89.95 wrist_flex.pos=+65.64 wrist_roll.pos=+0.05 gripper.pos=+1.25
DEBUG 2026-09-03 08:24:13 [action #17] t=2.31s step=16 queue=34 dmax=0.691 | shoulder_pan.pos=-5.41 shoulder_lift.pos=-100.66 elbow_flex.pos=+89.26 wrist_flex.pos=+65.33 wrist_roll.pos=+0.01 gripper.pos=+1.41
DEBUG 2026-09-03 08:24:13 [action #18] t=2.34s step=17 queue=33 dmax=0.547 | shoulder_pan.pos=-5.42 shoulder_lift.pos=-100.65 elbow_flex.pos=+89.80 wrist_flex.pos=+64.80 wrist_roll.pos=+0.13 gripper.pos=+1.35
DEBUG 2026-09-03 08:24:13 [action #19] t=2.37s step=18 queue=32 dmax=0.327 | shoulder_pan.pos=-5.69 shoulder_lift.pos=-100.56 elbow_flex.pos=+89.61 wrist_flex.pos=+64.47 wrist_roll.pos=+0.03 gripper.pos=+1.33
DEBUG 2026-09-03 08:24:13 [action #20] t=2.41s step=19 queue=31 dmax=0.576 | shoulder_pan.pos=-5.52 shoulder_lift.pos=-101.14 elbow_flex.pos=+89.33 wrist_flex.pos=+63.97 wrist_roll.pos=+0.12 gripper.pos=+1.23
DEBUG 2026-09-03 08:24:13 [action #21] t=2.44s step=20 queue=30 dmax=0.310 | shoulder_pan.pos=-5.80 shoulder_lift.pos=-100.83 elbow_flex.pos=+89.18 wrist_flex.pos=+64.06 wrist_roll.pos=-0.01 gripper.pos=+1.42
DEBUG 2026-09-03 08:24:13 [action #22] t=2.47s step=21 queue=29 dmax=0.404 | shoulder_pan.pos=-5.78 shoulder_lift.pos=-100.96 elbow_flex.pos=+89.58 wrist_flex.pos=+63.73 wrist_roll.pos=-0.01 gripper.pos=+1.37
DEBUG 2026-09-03 08:24:13 [action #23] t=2.51s step=22 queue=28 dmax=0.482 | shoulder_pan.pos=-6.07 shoulder_lift.pos=-100.47 elbow_flex.pos=+89.33 wrist_flex.pos=+63.78 wrist_roll.pos=+0.06 gripper.pos=+1.34
DEBUG 2026-09-03 08:24:13 [action #24] t=2.54s step=23 queue=27 dmax=0.384 | shoulder_pan.pos=-6.03 shoulder_lift.pos=-100.77 elbow_flex.pos=+88.95 wrist_flex.pos=+63.52 wrist_roll.pos=+0.03 gripper.pos=+1.44
DEBUG 2026-09-03 08:24:13 [action #25] t=2.58s step=24 queue=26 dmax=0.573 | shoulder_pan.pos=-6.14 shoulder_lift.pos=-101.00 elbow_flex.pos=+88.38 wrist_flex.pos=+63.24 wrist_roll.pos=+0.09 gripper.pos=+1.31
DEBUG 2026-09-03 08:24:13 [action #26] t=2.61s step=25 queue=25 dmax=0.297 | shoulder_pan.pos=-6.32 shoulder_lift.pos=-101.10 elbow_flex.pos=+88.67 wrist_flex.pos=+63.02 wrist_roll.pos=+0.07 gripper.pos=+1.36
DEBUG 2026-09-03 08:24:13 [action #27] t=2.64s step=26 queue=24 dmax=0.377 | shoulder_pan.pos=-6.14 shoulder_lift.pos=-100.80 elbow_flex.pos=+88.39 wrist_flex.pos=+62.64 wrist_roll.pos=+0.00 gripper.pos=+1.26
DEBUG 2026-09-03 08:24:14 [action #28] t=2.68s step=27 queue=23 dmax=0.634 | shoulder_pan.pos=-6.34 shoulder_lift.pos=-101.43 elbow_flex.pos=+88.23 wrist_flex.pos=+62.49 wrist_roll.pos=-0.03 gripper.pos=+1.30
DEBUG 2026-09-03 08:24:14 [action #29] t=2.71s step=28 queue=22 dmax=0.549 | shoulder_pan.pos=-6.23 shoulder_lift.pos=-101.98 elbow_flex.pos=+88.53 wrist_flex.pos=+62.35 wrist_roll.pos=-0.06 gripper.pos=+1.30
DEBUG 2026-09-03 08:24:14 [action #30] t=2.74s step=29 queue=21 dmax=1.349 | shoulder_pan.pos=-6.50 shoulder_lift.pos=-100.63 elbow_flex.pos=+87.69 wrist_flex.pos=+62.43 wrist_roll.pos=-0.08 gripper.pos=+1.37
DEBUG 2026-09-03 08:24:14 [action #31] t=2.78s step=30 queue=20 dmax=0.856 | shoulder_pan.pos=-6.52 shoulder_lift.pos=-101.49 elbow_flex.pos=+87.81 wrist_flex.pos=+62.26 wrist_roll.pos=-0.02 gripper.pos=+1.23
DEBUG 2026-09-03 08:24:14 [action #32] t=2.81s step=31 queue=19 dmax=0.778 | shoulder_pan.pos=-6.43 shoulder_lift.pos=-100.71 elbow_flex.pos=+87.60 wrist_flex.pos=+61.69 wrist_roll.pos=-0.05 gripper.pos=+1.31
DEBUG 2026-09-03 08:24:14 [action #33] t=2.84s step=32 queue=18 dmax=0.483 | shoulder_pan.pos=-6.67 shoulder_lift.pos=-101.19 elbow_flex.pos=+88.09 wrist_flex.pos=+61.97 wrist_roll.pos=-0.02 gripper.pos=+1.37
DEBUG 2026-09-03 08:24:14 [action #34] t=2.88s step=33 queue=17 dmax=1.144 | shoulder_pan.pos=-6.32 shoulder_lift.pos=-100.78 elbow_flex.pos=+86.94 wrist_flex.pos=+61.88 wrist_roll.pos=+0.09 gripper.pos=+1.37
DEBUG 2026-09-03 08:24:14 [action #35] t=2.91s step=34 queue=16 dmax=0.381 | shoulder_pan.pos=-6.54 shoulder_lift.pos=-100.40 elbow_flex.pos=+86.85 wrist_flex.pos=+61.87 wrist_roll.pos=-0.10 gripper.pos=+1.27
DEBUG 2026-09-03 08:24:14 [chunk] received 50 actions, timesteps 3..52 | first: shoulder_pan.pos=-4.18 shoulder_lift.pos=-99.29 elbow_flex.pos=+87.46 wrist_flex.pos=+73.33 wrist_roll.pos=-0.18 gripper.pos=+1.62 | last: shoulder_pan.pos=-7.70 shoulder_lift.pos=-100.74 elbow_flex.pos=+84.95 wrist_flex.pos=+61.15 wrist_roll.pos=-0.11 gripper.pos=+1.29
DEBUG 2026-09-03 08:24:14 [action #36] t=2.94s step=35 queue=18 dmax=1.364 | shoulder_pan.pos=-6.85 shoulder_lift.pos=-100.83 elbow_flex.pos=+88.22 wrist_flex.pos=+60.65 wrist_roll.pos=-0.10 gripper.pos=+1.36
DEBUG 2026-09-03 08:24:14 [action #37] t=2.98s step=36 queue=17 dmax=0.163 | shoulder_pan.pos=-6.77 shoulder_lift.pos=-100.99 elbow_flex.pos=+88.06 wrist_flex.pos=+60.51 wrist_roll.pos=-0.09 gripper.pos=+1.35
DEBUG 2026-09-03 08:24:14 [action #38] t=3.01s step=37 queue=16 dmax=0.319 | shoulder_pan.pos=-6.73 shoulder_lift.pos=-100.72 elbow_flex.pos=+87.74 wrist_flex.pos=+60.60 wrist_roll.pos=-0.09 gripper.pos=+1.42
DEBUG 2026-09-03 08:24:14 [action #39] t=3.04s step=38 queue=15 dmax=0.552 | shoulder_pan.pos=-6.88 shoulder_lift.pos=-101.27 elbow_flex.pos=+87.46 wrist_flex.pos=+60.54 wrist_roll.pos=-0.04 gripper.pos=+1.22
DEBUG 2026-09-03 08:24:14 [action #40] t=3.08s step=39 queue=14 dmax=0.698 | shoulder_pan.pos=-6.85 shoulder_lift.pos=-100.57 elbow_flex.pos=+86.84 wrist_flex.pos=+60.75 wrist_roll.pos=-0.11 gripper.pos=+1.46
DEBUG 2026-09-03 08:24:14 [action #41] t=3.11s step=40 queue=13 dmax=0.119 | shoulder_pan.pos=-6.94 shoulder_lift.pos=-100.67 elbow_flex.pos=+86.96 wrist_flex.pos=+60.73 wrist_roll.pos=-0.15 gripper.pos=+1.43
DEBUG 2026-09-03 08:24:14 [action #42] t=3.14s step=41 queue=12 dmax=0.207 | shoulder_pan.pos=-6.91 shoulder_lift.pos=-100.87 elbow_flex.pos=+87.07 wrist_flex.pos=+60.89 wrist_roll.pos=-0.10 gripper.pos=+1.32
DEBUG 2026-09-03 08:24:14 [action #43] t=3.18s step=42 queue=11 dmax=0.256 | shoulder_pan.pos=-6.96 shoulder_lift.pos=-100.84 elbow_flex.pos=+86.81 wrist_flex.pos=+60.95 wrist_roll.pos=-0.07 gripper.pos=+1.35
DEBUG 2026-09-03 08:24:14 [action #44] t=3.21s step=43 queue=10 dmax=0.464 | shoulder_pan.pos=-6.82 shoulder_lift.pos=-101.05 elbow_flex.pos=+86.35 wrist_flex.pos=+60.96 wrist_roll.pos=-0.13 gripper.pos=+1.35
DEBUG 2026-09-03 08:24:14 [action #45] t=3.24s step=44 queue=9 dmax=0.407 | shoulder_pan.pos=-6.97 shoulder_lift.pos=-100.90 elbow_flex.pos=+85.94 wrist_flex.pos=+61.22 wrist_roll.pos=-0.17 gripper.pos=+1.35
DEBUG 2026-09-03 08:24:14 [action #46] t=3.28s step=45 queue=8 dmax=0.232 | shoulder_pan.pos=-6.95 shoulder_lift.pos=-100.67 elbow_flex.pos=+85.85 wrist_flex.pos=+61.29 wrist_roll.pos=-0.12 gripper.pos=+1.40
DEBUG 2026-09-03 08:24:14 [action #47] t=3.31s step=46 queue=7 dmax=0.454 | shoulder_pan.pos=-6.86 shoulder_lift.pos=-101.13 elbow_flex.pos=+85.46 wrist_flex.pos=+61.42 wrist_roll.pos=-0.15 gripper.pos=+1.48
DEBUG 2026-09-03 08:24:14 [action #48] t=3.34s step=47 queue=6 dmax=0.751 | shoulder_pan.pos=-6.86 shoulder_lift.pos=-100.37 elbow_flex.pos=+85.23 wrist_flex.pos=+61.55 wrist_roll.pos=-0.18 gripper.pos=+1.41
DEBUG 2026-09-03 08:24:14 [action #49] t=3.38s step=48 queue=5 dmax=0.485 | shoulder_pan.pos=-7.00 shoulder_lift.pos=-100.47 elbow_flex.pos=+84.75 wrist_flex.pos=+61.54 wrist_roll.pos=-0.20 gripper.pos=+1.49
DEBUG 2026-09-03 08:24:14 [action #50] t=3.41s step=49 queue=4 dmax=0.925 | shoulder_pan.pos=-7.00 shoulder_lift.pos=-100.16 elbow_flex.pos=+83.82 wrist_flex.pos=+61.70 wrist_roll.pos=-0.28 gripper.pos=+1.48
DEBUG 2026-09-03 08:24:14 [action #51] t=3.44s step=50 queue=3 dmax=1.015 | shoulder_pan.pos=-7.25 shoulder_lift.pos=-100.74 elbow_flex.pos=+84.84 wrist_flex.pos=+61.03 wrist_roll.pos=-0.04 gripper.pos=+1.49
DEBUG 2026-09-03 08:24:14 [action #52] t=3.48s step=51 queue=2 dmax=0.173 | shoulder_pan.pos=-7.42 shoulder_lift.pos=-100.62 elbow_flex.pos=+84.94 wrist_flex.pos=+61.15 wrist_roll.pos=-0.08 gripper.pos=+1.53
DEBUG 2026-09-03 08:24:14 [action #53] t=3.51s step=52 queue=1 dmax=0.273 | shoulder_pan.pos=-7.70 shoulder_lift.pos=-100.74 elbow_flex.pos=+84.95 wrist_flex.pos=+61.15 wrist_roll.pos=-0.11 gripper.pos=+1.29
DEBUG 2026-09-03 08:24:15 [chunk] received 50 actions, timesteps 34..83 | first: shoulder_pan.pos=-6.57 shoulder_lift.pos=-98.63 elbow_flex.pos=+89.55 wrist_flex.pos=+60.70 wrist_roll.pos=-0.20 gripper.pos=+1.84 | last: shoulder_pan.pos=-8.23 shoulder_lift.pos=-60.93 elbow_flex.pos=+62.74 wrist_flex.pos=+56.79 wrist_roll.pos=-3.17 gripper.pos=+1.46
DEBUG 2026-09-03 08:24:15 [action #54] t=3.95s step=53 queue=31 dmax=3.025 | shoulder_pan.pos=-7.68 shoulder_lift.pos=-100.21 elbow_flex.pos=+87.92 wrist_flex.pos=+58.13 wrist_roll.pos=-0.34 gripper.pos=+1.45
DEBUG 2026-09-03 08:24:15 [action #55] t=3.98s step=54 queue=30 dmax=0.603 | shoulder_pan.pos=-7.84 shoulder_lift.pos=-99.61 elbow_flex.pos=+88.06 wrist_flex.pos=+58.16 wrist_roll.pos=-0.26 gripper.pos=+1.47
DEBUG 2026-09-03 08:24:15 [action #56] t=4.01s step=55 queue=29 dmax=0.424 | shoulder_pan.pos=-7.86 shoulder_lift.pos=-99.82 elbow_flex.pos=+87.64 wrist_flex.pos=+58.58 wrist_roll.pos=-0.38 gripper.pos=+1.49
DEBUG 2026-09-03 08:24:15 [action #57] t=4.05s step=56 queue=28 dmax=0.527 | shoulder_pan.pos=-7.72 shoulder_lift.pos=-99.32 elbow_flex.pos=+87.11 wrist_flex.pos=+58.71 wrist_roll.pos=-0.37 gripper.pos=+1.47
DEBUG 2026-09-03 08:24:15 [action #58] t=4.08s step=57 queue=27 dmax=0.508 | shoulder_pan.pos=-7.74 shoulder_lift.pos=-99.38 elbow_flex.pos=+86.60 wrist_flex.pos=+59.06 wrist_roll.pos=-0.36 gripper.pos=+1.49
DEBUG 2026-09-03 08:24:15 [action #59] t=4.11s step=58 queue=26 dmax=0.660 | shoulder_pan.pos=-7.83 shoulder_lift.pos=-98.96 elbow_flex.pos=+85.94 wrist_flex.pos=+59.36 wrist_roll.pos=-0.32 gripper.pos=+1.32
DEBUG 2026-09-03 08:24:15 [action #60] t=4.15s step=59 queue=25 dmax=1.133 | shoulder_pan.pos=-7.72 shoulder_lift.pos=-98.13 elbow_flex.pos=+84.81 wrist_flex.pos=+59.56 wrist_roll.pos=-0.38 gripper.pos=+1.55
DEBUG 2026-09-03 08:24:15 [action #61] t=4.18s step=60 queue=24 dmax=1.219 | shoulder_pan.pos=-7.71 shoulder_lift.pos=-96.91 elbow_flex.pos=+84.49 wrist_flex.pos=+59.63 wrist_roll.pos=-0.41 gripper.pos=+1.43
DEBUG 2026-09-03 08:24:15 [action #62] t=4.21s step=61 queue=23 dmax=0.523 | shoulder_pan.pos=-7.97 shoulder_lift.pos=-96.56 elbow_flex.pos=+83.96 wrist_flex.pos=+59.69 wrist_roll.pos=-0.42 gripper.pos=+1.58
DEBUG 2026-09-03 08:24:15 [action #63] t=4.25s step=62 queue=22 dmax=1.078 | shoulder_pan.pos=-7.59 shoulder_lift.pos=-95.53 elbow_flex.pos=+82.88 wrist_flex.pos=+59.64 wrist_roll.pos=-0.53 gripper.pos=+1.53
DEBUG 2026-09-03 08:24:15 [action #64] t=4.28s step=63 queue=21 dmax=1.749 | shoulder_pan.pos=-7.93 shoulder_lift.pos=-93.78 elbow_flex.pos=+82.02 wrist_flex.pos=+59.41 wrist_roll.pos=-0.55 gripper.pos=+1.44
DEBUG 2026-09-03 08:24:15 [action #65] t=4.31s step=64 queue=20 dmax=1.791 | shoulder_pan.pos=-7.85 shoulder_lift.pos=-91.99 elbow_flex.pos=+80.56 wrist_flex.pos=+59.27 wrist_roll.pos=-0.57 gripper.pos=+1.55
DEBUG 2026-09-03 08:24:15 [action #66] t=4.35s step=65 queue=19 dmax=1.956 | shoulder_pan.pos=-8.00 shoulder_lift.pos=-90.04 elbow_flex.pos=+79.59 wrist_flex.pos=+59.09 wrist_roll.pos=-0.73 gripper.pos=+1.62
DEBUG 2026-09-03 08:24:15 [action #67] t=4.38s step=66 queue=18 dmax=2.650 | shoulder_pan.pos=-7.93 shoulder_lift.pos=-87.39 elbow_flex.pos=+77.94 wrist_flex.pos=+58.88 wrist_roll.pos=-0.90 gripper.pos=+1.56
DEBUG 2026-09-03 08:24:15 [action #68] t=4.41s step=67 queue=17 dmax=1.924 | shoulder_pan.pos=-7.87 shoulder_lift.pos=-85.46 elbow_flex.pos=+77.11 wrist_flex.pos=+58.69 wrist_roll.pos=-1.11 gripper.pos=+1.57
DEBUG 2026-09-03 08:24:15 [action #69] t=4.45s step=68 queue=16 dmax=2.346 | shoulder_pan.pos=-8.00 shoulder_lift.pos=-83.12 elbow_flex.pos=+75.46 wrist_flex.pos=+58.53 wrist_roll.pos=-1.18 gripper.pos=+1.50
DEBUG 2026-09-03 08:24:15 [action #70] t=4.48s step=69 queue=15 dmax=1.528 | shoulder_pan.pos=-7.93 shoulder_lift.pos=-81.59 elbow_flex.pos=+74.68 wrist_flex.pos=+58.41 wrist_roll.pos=-1.35 gripper.pos=+1.48
DEBUG 2026-09-03 08:24:15 [action #71] t=4.51s step=70 queue=14 dmax=1.930 | shoulder_pan.pos=-8.14 shoulder_lift.pos=-79.66 elbow_flex.pos=+73.38 wrist_flex.pos=+58.19 wrist_roll.pos=-1.41 gripper.pos=+1.55
DEBUG 2026-09-03 08:24:15 [action #72] t=4.55s step=71 queue=13 dmax=1.762 | shoulder_pan.pos=-8.40 shoulder_lift.pos=-77.90 elbow_flex.pos=+72.54 wrist_flex.pos=+58.15 wrist_roll.pos=-1.55 gripper.pos=+1.55
DEBUG 2026-09-03 08:24:15 [action #73] t=4.58s step=72 queue=12 dmax=1.263 | shoulder_pan.pos=-8.38 shoulder_lift.pos=-76.63 elbow_flex.pos=+71.37 wrist_flex.pos=+57.96 wrist_roll.pos=-1.60 gripper.pos=+1.45
DEBUG 2026-09-03 08:24:15 [action #74] t=4.62s step=73 queue=11 dmax=1.294 | shoulder_pan.pos=-8.41 shoulder_lift.pos=-75.34 elbow_flex.pos=+71.02 wrist_flex.pos=+57.90 wrist_roll.pos=-1.78 gripper.pos=+1.50
DEBUG 2026-09-03 08:24:16 [action #75] t=4.65s step=74 queue=10 dmax=2.226 | shoulder_pan.pos=-8.53 shoulder_lift.pos=-73.11 elbow_flex.pos=+69.96 wrist_flex.pos=+57.68 wrist_roll.pos=-1.88 gripper.pos=+1.48
DEBUG 2026-09-03 08:24:16 [action #76] t=4.68s step=75 queue=9 dmax=1.686 | shoulder_pan.pos=-8.63 shoulder_lift.pos=-71.43 elbow_flex.pos=+69.14 wrist_flex.pos=+57.71 wrist_roll.pos=-2.10 gripper.pos=+1.43
DEBUG 2026-09-03 08:24:16 [action #77] t=4.72s step=76 queue=8 dmax=1.896 | shoulder_pan.pos=-8.60 shoulder_lift.pos=-69.72 elbow_flex.pos=+67.25 wrist_flex.pos=+57.41 wrist_roll.pos=-2.52 gripper.pos=+1.27
DEBUG 2026-09-03 08:24:16 [action #78] t=4.75s step=77 queue=7 dmax=1.499 | shoulder_pan.pos=-8.54 shoulder_lift.pos=-68.22 elbow_flex.pos=+67.20 wrist_flex.pos=+57.30 wrist_roll.pos=-2.73 gripper.pos=+1.51
DEBUG 2026-09-03 08:24:16 [action #79] t=4.78s step=78 queue=6 dmax=2.121 | shoulder_pan.pos=-8.59 shoulder_lift.pos=-66.10 elbow_flex.pos=+66.18 wrist_flex.pos=+57.11 wrist_roll.pos=-3.01 gripper.pos=+1.46
DEBUG 2026-09-03 08:24:16 [action #80] t=4.82s step=79 queue=5 dmax=1.167 | shoulder_pan.pos=-8.31 shoulder_lift.pos=-64.93 elbow_flex.pos=+65.27 wrist_flex.pos=+56.98 wrist_roll.pos=-3.17 gripper.pos=+1.43
DEBUG 2026-09-03 08:24:16 [action #81] t=4.85s step=80 queue=4 dmax=1.044 | shoulder_pan.pos=-8.70 shoulder_lift.pos=-63.89 elbow_flex.pos=+64.26 wrist_flex.pos=+56.79 wrist_roll.pos=-3.37 gripper.pos=+1.37
DEBUG 2026-09-03 08:24:16 [action #82] t=4.88s step=81 queue=3 dmax=0.856 | shoulder_pan.pos=-8.36 shoulder_lift.pos=-63.03 elbow_flex.pos=+63.68 wrist_flex.pos=+56.82 wrist_roll.pos=-3.29 gripper.pos=+1.40
DEBUG 2026-09-03 08:24:16 [action #83] t=4.92s step=82 queue=2 dmax=1.361 | shoulder_pan.pos=-8.49 shoulder_lift.pos=-61.67 elbow_flex.pos=+63.49 wrist_flex.pos=+56.78 wrist_roll.pos=-3.16 gripper.pos=+1.47
DEBUG 2026-09-03 08:24:16 [chunk] received 50 actions, timesteps 52..101 | first: shoulder_pan.pos=-7.12 shoulder_lift.pos=-97.87 elbow_flex.pos=+82.69 wrist_flex.pos=+61.70 wrist_roll.pos=+0.01 gripper.pos=+1.60 | last: shoulder_pan.pos=-7.74 shoulder_lift.pos=-49.37 elbow_flex.pos=+54.02 wrist_flex.pos=+55.18 wrist_roll.pos=-4.93 gripper.pos=+1.37
DEBUG 2026-09-03 08:24:16 [action #84] t=4.95s step=83 queue=19 dmax=1.984 | shoulder_pan.pos=-7.22 shoulder_lift.pos=-63.65 elbow_flex.pos=+62.83 wrist_flex.pos=+56.35 wrist_roll.pos=-2.28 gripper.pos=+1.42
DEBUG 2026-09-03 08:24:16 [action #85] t=4.98s step=84 queue=18 dmax=0.878 | shoulder_pan.pos=-6.86 shoulder_lift.pos=-62.95 elbow_flex.pos=+61.95 wrist_flex.pos=+56.18 wrist_roll.pos=-1.97 gripper.pos=+1.42
DEBUG 2026-09-03 08:24:16 [action #86] t=5.02s step=85 queue=17 dmax=1.223 | shoulder_pan.pos=-6.72 shoulder_lift.pos=-61.73 elbow_flex.pos=+61.59 wrist_flex.pos=+56.17 wrist_roll.pos=-2.14 gripper.pos=+1.32
DEBUG 2026-09-03 08:24:16 [action #87] t=5.05s step=86 queue=16 dmax=1.022 | shoulder_pan.pos=-6.67 shoulder_lift.pos=-60.71 elbow_flex.pos=+61.19 wrist_flex.pos=+56.21 wrist_roll.pos=-2.06 gripper.pos=+1.51
DEBUG 2026-09-03 08:24:16 [action #88] t=5.08s step=87 queue=15 dmax=1.405 | shoulder_pan.pos=-6.72 shoulder_lift.pos=-59.30 elbow_flex.pos=+60.24 wrist_flex.pos=+56.14 wrist_roll.pos=-2.21 gripper.pos=+1.49
DEBUG 2026-09-03 08:24:16 [action #89] t=5.12s step=88 queue=14 dmax=1.023 | shoulder_pan.pos=-6.80 shoulder_lift.pos=-58.28 elbow_flex.pos=+60.04 wrist_flex.pos=+56.35 wrist_roll.pos=-2.33 gripper.pos=+1.45
DEBUG 2026-09-03 08:24:16 [action #90] t=5.15s step=89 queue=13 dmax=1.221 | shoulder_pan.pos=-7.16 shoulder_lift.pos=-57.37 elbow_flex.pos=+58.82 wrist_flex.pos=+56.15 wrist_roll.pos=-2.46 gripper.pos=+1.47
DEBUG 2026-09-03 08:24:16 [action #91] t=5.18s step=90 queue=12 dmax=1.209 | shoulder_pan.pos=-6.98 shoulder_lift.pos=-56.16 elbow_flex.pos=+57.73 wrist_flex.pos=+56.13 wrist_roll.pos=-2.50 gripper.pos=+1.40
DEBUG 2026-09-03 08:24:16 [action #92] t=5.22s step=91 queue=11 dmax=1.036 | shoulder_pan.pos=-6.98 shoulder_lift.pos=-55.12 elbow_flex.pos=+57.47 wrist_flex.pos=+56.08 wrist_roll.pos=-2.60 gripper.pos=+1.37
DEBUG 2026-09-03 08:24:16 [action #93] t=5.25s step=92 queue=10 dmax=0.415 | shoulder_pan.pos=-7.00 shoulder_lift.pos=-54.71 elbow_flex.pos=+57.25 wrist_flex.pos=+55.90 wrist_roll.pos=-2.83 gripper.pos=+1.30
DEBUG 2026-09-03 08:24:16 [action #94] t=5.28s step=93 queue=9 dmax=1.526 | shoulder_pan.pos=-6.75 shoulder_lift.pos=-53.18 elbow_flex.pos=+56.37 wrist_flex.pos=+56.16 wrist_roll.pos=-3.06 gripper.pos=+1.44
DEBUG 2026-09-03 08:24:16 [action #95] t=5.32s step=94 queue=8 dmax=0.849 | shoulder_pan.pos=-6.93 shoulder_lift.pos=-52.41 elbow_flex.pos=+55.52 wrist_flex.pos=+56.12 wrist_roll.pos=-3.22 gripper.pos=+1.44
DEBUG 2026-09-03 08:24:16 [action #96] t=5.35s step=95 queue=7 dmax=0.241 | shoulder_pan.pos=-6.99 shoulder_lift.pos=-52.17 elbow_flex.pos=+55.30 wrist_flex.pos=+55.92 wrist_roll.pos=-3.44 gripper.pos=+1.35
DEBUG 2026-09-03 08:24:16 [action #97] t=5.38s step=96 queue=6 dmax=0.729 | shoulder_pan.pos=-7.29 shoulder_lift.pos=-51.44 elbow_flex.pos=+55.49 wrist_flex.pos=+55.81 wrist_roll.pos=-3.72 gripper.pos=+1.34
DEBUG 2026-09-03 08:24:16 [action #98] t=5.42s step=97 queue=5 dmax=0.766 | shoulder_pan.pos=-7.09 shoulder_lift.pos=-51.02 elbow_flex.pos=+54.73 wrist_flex.pos=+55.63 wrist_roll.pos=-3.95 gripper.pos=+1.42
DEBUG 2026-09-03 08:24:16 [action #99] t=5.45s step=98 queue=4 dmax=0.594 | shoulder_pan.pos=-7.09 shoulder_lift.pos=-50.84 elbow_flex.pos=+54.13 wrist_flex.pos=+55.46 wrist_roll.pos=-4.07 gripper.pos=+1.31
DEBUG 2026-09-03 08:24:16 [action #100] t=5.48s step=99 queue=3 dmax=1.172 | shoulder_pan.pos=-7.63 shoulder_lift.pos=-49.67 elbow_flex.pos=+54.31 wrist_flex.pos=+55.36 wrist_roll.pos=-4.33 gripper.pos=+1.50
DEBUG 2026-09-03 08:24:16 [action #101] t=5.52s step=100 queue=2 dmax=0.467 | shoulder_pan.pos=-7.66 shoulder_lift.pos=-49.26 elbow_flex.pos=+53.84 wrist_flex.pos=+55.41 wrist_roll.pos=-4.60 gripper.pos=+1.41
DEBUG 2026-09-03 08:24:16 [action #102] t=5.55s step=101 queue=1 dmax=0.326 | shoulder_pan.pos=-7.74 shoulder_lift.pos=-49.37 elbow_flex.pos=+54.02 wrist_flex.pos=+55.18 wrist_roll.pos=-4.93 gripper.pos=+1.37
DEBUG 2026-09-03 08:24:17 [chunk] received 50 actions, timesteps 82..131 | first: shoulder_pan.pos=-7.41 shoulder_lift.pos=-61.52 elbow_flex.pos=+63.49 wrist_flex.pos=+56.84 wrist_roll.pos=-3.16 gripper.pos=+1.49 | last: shoulder_pan.pos=-7.01 shoulder_lift.pos=-31.52 elbow_flex.pos=+48.09 wrist_flex.pos=+59.97 wrist_roll.pos=-4.23 gripper.pos=+31.75
DEBUG 2026-09-03 08:24:17 [action #103] t=5.89s step=102 queue=30 dmax=13.046 | shoulder_pan.pos=-5.61 shoulder_lift.pos=-48.24 elbow_flex.pos=+55.68 wrist_flex.pos=+60.68 wrist_roll.pos=-3.81 gripper.pos=+14.41
DEBUG 2026-09-03 08:24:17 [action #104] t=5.92s step=103 queue=29 dmax=1.220 | shoulder_pan.pos=-5.52 shoulder_lift.pos=-47.65 elbow_flex.pos=+55.33 wrist_flex.pos=+60.51 wrist_roll.pos=-3.96 gripper.pos=+15.63
DEBUG 2026-09-03 08:24:17 [action #105] t=5.95s step=104 queue=28 dmax=1.237 | shoulder_pan.pos=-5.64 shoulder_lift.pos=-47.09 elbow_flex.pos=+54.58 wrist_flex.pos=+60.59 wrist_roll.pos=-3.98 gripper.pos=+16.87
DEBUG 2026-09-03 08:24:17 [action #106] t=5.99s step=105 queue=27 dmax=1.362 | shoulder_pan.pos=-5.70 shoulder_lift.pos=-46.85 elbow_flex.pos=+54.42 wrist_flex.pos=+60.46 wrist_roll.pos=-3.95 gripper.pos=+18.23
DEBUG 2026-09-03 08:24:17 [action #107] t=6.02s step=106 queue=26 dmax=1.021 | shoulder_pan.pos=-5.97 shoulder_lift.pos=-45.83 elbow_flex.pos=+54.48 wrist_flex.pos=+60.39 wrist_roll.pos=-3.94 gripper.pos=+19.09
DEBUG 2026-09-03 08:24:17 [action #108] t=6.05s step=107 queue=25 dmax=0.876 | shoulder_pan.pos=-6.23 shoulder_lift.pos=-45.78 elbow_flex.pos=+54.27 wrist_flex.pos=+60.27 wrist_roll.pos=-4.08 gripper.pos=+19.97
DEBUG 2026-09-03 08:24:17 [action #109] t=6.09s step=108 queue=24 dmax=1.174 | shoulder_pan.pos=-6.05 shoulder_lift.pos=-44.60 elbow_flex.pos=+53.85 wrist_flex.pos=+60.27 wrist_roll.pos=-3.91 gripper.pos=+20.19
DEBUG 2026-09-03 08:24:17 [action #110] t=6.12s step=109 queue=23 dmax=0.678 | shoulder_pan.pos=-6.13 shoulder_lift.pos=-45.15 elbow_flex.pos=+53.18 wrist_flex.pos=+60.15 wrist_roll.pos=-3.97 gripper.pos=+20.20
DEBUG 2026-09-03 08:24:17 [action #111] t=6.15s step=110 queue=22 dmax=1.939 | shoulder_pan.pos=-6.40 shoulder_lift.pos=-43.21 elbow_flex.pos=+53.28 wrist_flex.pos=+59.98 wrist_roll.pos=-3.98 gripper.pos=+20.20
DEBUG 2026-09-03 08:24:17 [action #112] t=6.19s step=111 queue=21 dmax=0.674 | shoulder_pan.pos=-6.32 shoulder_lift.pos=-42.53 elbow_flex.pos=+52.98 wrist_flex.pos=+59.90 wrist_roll.pos=-4.02 gripper.pos=+20.20
DEBUG 2026-09-03 08:24:17 [action #113] t=6.22s step=112 queue=20 dmax=0.818 | shoulder_pan.pos=-6.26 shoulder_lift.pos=-41.72 elbow_flex.pos=+52.21 wrist_flex.pos=+60.03 wrist_roll.pos=-3.93 gripper.pos=+20.04
DEBUG 2026-09-03 08:24:17 [action #114] t=6.25s step=113 queue=19 dmax=0.814 | shoulder_pan.pos=-6.20 shoulder_lift.pos=-41.56 elbow_flex.pos=+53.02 wrist_flex.pos=+59.98 wrist_roll.pos=-4.04 gripper.pos=+20.66
DEBUG 2026-09-03 08:24:17 [action #115] t=6.29s step=114 queue=18 dmax=1.564 | shoulder_pan.pos=-6.61 shoulder_lift.pos=-40.00 elbow_flex.pos=+51.64 wrist_flex.pos=+60.14 wrist_roll.pos=-4.08 gripper.pos=+21.39
DEBUG 2026-09-03 08:24:17 [action #116] t=6.32s step=115 queue=17 dmax=1.096 | shoulder_pan.pos=-6.44 shoulder_lift.pos=-38.90 elbow_flex.pos=+51.60 wrist_flex.pos=+59.87 wrist_roll.pos=-4.05 gripper.pos=+22.21
DEBUG 2026-09-03 08:24:17 [action #117] t=6.35s step=116 queue=16 dmax=0.970 | shoulder_pan.pos=-6.67 shoulder_lift.pos=-38.45 elbow_flex.pos=+51.42 wrist_flex.pos=+60.09 wrist_roll.pos=-4.07 gripper.pos=+23.18
DEBUG 2026-09-03 08:24:17 [action #118] t=6.39s step=117 queue=15 dmax=1.164 | shoulder_pan.pos=-6.22 shoulder_lift.pos=-37.28 elbow_flex.pos=+50.85 wrist_flex.pos=+60.00 wrist_roll.pos=-4.11 gripper.pos=+23.87
DEBUG 2026-09-03 08:24:17 [action #119] t=6.42s step=118 queue=14 dmax=0.717 | shoulder_pan.pos=-6.51 shoulder_lift.pos=-36.66 elbow_flex.pos=+50.63 wrist_flex.pos=+60.12 wrist_roll.pos=-4.12 gripper.pos=+24.59
DEBUG 2026-09-03 08:24:17 [action #120] t=6.46s step=119 queue=13 dmax=0.635 | shoulder_pan.pos=-6.52 shoulder_lift.pos=-36.02 elbow_flex.pos=+50.20 wrist_flex.pos=+60.05 wrist_roll.pos=-4.21 gripper.pos=+25.10
DEBUG 2026-09-03 08:24:17 [action #121] t=6.49s step=120 queue=12 dmax=0.793 | shoulder_pan.pos=-6.64 shoulder_lift.pos=-35.23 elbow_flex.pos=+49.49 wrist_flex.pos=+60.23 wrist_roll.pos=-4.20 gripper.pos=+25.48
DEBUG 2026-09-03 08:24:17 [action #122] t=6.52s step=121 queue=11 dmax=0.814 | shoulder_pan.pos=-6.51 shoulder_lift.pos=-35.07 elbow_flex.pos=+49.82 wrist_flex.pos=+60.04 wrist_roll.pos=-4.22 gripper.pos=+26.30
DEBUG 2026-09-03 08:24:17 [action #123] t=6.56s step=122 queue=10 dmax=0.922 | shoulder_pan.pos=-6.42 shoulder_lift.pos=-34.16 elbow_flex.pos=+48.90 wrist_flex.pos=+60.29 wrist_roll.pos=-4.06 gripper.pos=+26.59
DEBUG 2026-09-03 08:24:17 [action #124] t=6.59s step=123 queue=9 dmax=0.693 | shoulder_pan.pos=-6.58 shoulder_lift.pos=-33.84 elbow_flex.pos=+49.59 wrist_flex.pos=+60.40 wrist_roll.pos=-4.17 gripper.pos=+26.91
DEBUG 2026-09-03 08:24:17 [action #125] t=6.62s step=124 queue=8 dmax=0.675 | shoulder_pan.pos=-6.68 shoulder_lift.pos=-33.55 elbow_flex.pos=+48.92 wrist_flex.pos=+60.69 wrist_roll.pos=-4.20 gripper.pos=+27.29
DEBUG 2026-09-03 08:24:18 [action #126] t=6.66s step=125 queue=7 dmax=0.520 | shoulder_pan.pos=-6.46 shoulder_lift.pos=-33.24 elbow_flex.pos=+48.40 wrist_flex.pos=+60.40 wrist_roll.pos=-4.11 gripper.pos=+27.69
DEBUG 2026-09-03 08:24:18 [action #127] t=6.69s step=126 queue=6 dmax=0.541 | shoulder_pan.pos=-6.68 shoulder_lift.pos=-33.03 elbow_flex.pos=+48.33 wrist_flex.pos=+60.48 wrist_roll.pos=-4.16 gripper.pos=+28.23
DEBUG 2026-09-03 08:24:18 [action #128] t=6.72s step=127 queue=5 dmax=1.124 | shoulder_pan.pos=-6.81 shoulder_lift.pos=-32.72 elbow_flex.pos=+48.53 wrist_flex.pos=+60.62 wrist_roll.pos=-4.10 gripper.pos=+29.36
DEBUG 2026-09-03 08:24:18 [action #129] t=6.76s step=128 queue=4 dmax=0.989 | shoulder_pan.pos=-7.08 shoulder_lift.pos=-33.27 elbow_flex.pos=+48.43 wrist_flex.pos=+60.80 wrist_roll.pos=-4.22 gripper.pos=+30.34
DEBUG 2026-09-03 08:24:18 [action #130] t=6.79s step=129 queue=3 dmax=1.327 | shoulder_pan.pos=-6.74 shoulder_lift.pos=-31.94 elbow_flex.pos=+48.23 wrist_flex.pos=+60.53 wrist_roll.pos=-4.17 gripper.pos=+30.96
DEBUG 2026-09-03 08:24:18 [action #131] t=6.82s step=130 queue=2 dmax=0.656 | shoulder_pan.pos=-6.94 shoulder_lift.pos=-32.05 elbow_flex.pos=+48.52 wrist_flex.pos=+60.38 wrist_roll.pos=-4.23 gripper.pos=+31.62
DEBUG 2026-09-03 08:24:18 [chunk] received 50 actions, timesteps 101..150 | first: shoulder_pan.pos=-7.16 shoulder_lift.pos=-48.60 elbow_flex.pos=+53.00 wrist_flex.pos=+55.42 wrist_roll.pos=-5.55 gripper.pos=+2.04 | last: shoulder_pan.pos=-7.96 shoulder_lift.pos=-22.57 elbow_flex.pos=+36.38 wrist_flex.pos=+58.02 wrist_roll.pos=-5.58 gripper.pos=+25.92
DEBUG 2026-09-03 08:24:18 [action #132] t=6.86s step=131 queue=20 dmax=18.760 | shoulder_pan.pos=-7.71 shoulder_lift.pos=-31.82 elbow_flex.pos=+42.04 wrist_flex.pos=+57.65 wrist_roll.pos=-5.35 gripper.pos=+12.86
DEBUG 2026-09-03 08:24:18 [action #133] t=6.89s step=132 queue=19 dmax=5.439 | shoulder_pan.pos=-7.89 shoulder_lift.pos=-30.33 elbow_flex.pos=+38.61 wrist_flex.pos=+56.66 wrist_roll.pos=-5.94 gripper.pos=+7.42
DEBUG 2026-09-03 08:24:18 [action #134] t=6.92s step=133 queue=18 dmax=1.528 | shoulder_pan.pos=-7.75 shoulder_lift.pos=-29.68 elbow_flex.pos=+38.61 wrist_flex.pos=+56.81 wrist_roll.pos=-5.91 gripper.pos=+8.95
DEBUG 2026-09-03 08:24:18 [action #135] t=6.96s step=134 queue=17 dmax=0.843 | shoulder_pan.pos=-7.86 shoulder_lift.pos=-29.07 elbow_flex.pos=+38.09 wrist_flex.pos=+56.87 wrist_roll.pos=-5.99 gripper.pos=+9.79
DEBUG 2026-09-03 08:24:18 [action #136] t=6.99s step=135 queue=16 dmax=1.131 | shoulder_pan.pos=-7.64 shoulder_lift.pos=-27.94 elbow_flex.pos=+37.43 wrist_flex.pos=+56.91 wrist_roll.pos=-5.83 gripper.pos=+9.62
DEBUG 2026-09-03 08:24:18 [action #137] t=7.02s step=136 queue=15 dmax=1.203 | shoulder_pan.pos=-7.62 shoulder_lift.pos=-27.56 elbow_flex.pos=+36.23 wrist_flex.pos=+57.10 wrist_roll.pos=-5.92 gripper.pos=+8.99
DEBUG 2026-09-03 08:24:18 [action #138] t=7.06s step=137 queue=14 dmax=0.783 | shoulder_pan.pos=-7.78 shoulder_lift.pos=-26.78 elbow_flex.pos=+36.53 wrist_flex.pos=+57.05 wrist_roll.pos=-5.92 gripper.pos=+8.37
DEBUG 2026-09-03 08:24:18 [action #139] t=7.09s step=138 queue=13 dmax=0.642 | shoulder_pan.pos=-7.42 shoulder_lift.pos=-26.39 elbow_flex.pos=+36.71 wrist_flex.pos=+57.16 wrist_roll.pos=-5.95 gripper.pos=+7.72
DEBUG 2026-09-03 08:24:18 [action #140] t=7.12s step=139 queue=12 dmax=1.326 | shoulder_pan.pos=-7.68 shoulder_lift.pos=-25.06 elbow_flex.pos=+35.92 wrist_flex.pos=+57.10 wrist_roll.pos=-5.82 gripper.pos=+7.88
DEBUG 2026-09-03 08:24:18 [action #141] t=7.16s step=140 queue=11 dmax=0.425 | shoulder_pan.pos=-7.37 shoulder_lift.pos=-25.34 elbow_flex.pos=+35.66 wrist_flex.pos=+57.31 wrist_roll.pos=-5.73 gripper.pos=+8.30
DEBUG 2026-09-03 08:24:18 [action #142] t=7.19s step=141 queue=10 dmax=1.349 | shoulder_pan.pos=-7.54 shoulder_lift.pos=-23.99 elbow_flex.pos=+35.96 wrist_flex.pos=+57.34 wrist_roll.pos=-5.74 gripper.pos=+9.33
DEBUG 2026-09-03 08:24:18 [action #143] t=7.22s step=142 queue=9 dmax=1.081 | shoulder_pan.pos=-7.49 shoulder_lift.pos=-23.63 elbow_flex.pos=+35.67 wrist_flex.pos=+57.41 wrist_roll.pos=-5.77 gripper.pos=+10.41
DEBUG 2026-09-03 08:24:18 [action #144] t=7.26s step=143 queue=8 dmax=2.150 | shoulder_pan.pos=-7.46 shoulder_lift.pos=-24.12 elbow_flex.pos=+35.83 wrist_flex.pos=+57.28 wrist_roll.pos=-5.69 gripper.pos=+12.56
DEBUG 2026-09-03 08:24:18 [action #145] t=7.29s step=144 queue=7 dmax=1.246 | shoulder_pan.pos=-7.32 shoulder_lift.pos=-23.78 elbow_flex.pos=+35.56 wrist_flex.pos=+57.55 wrist_roll.pos=-5.72 gripper.pos=+13.80
DEBUG 2026-09-03 08:24:18 [action #146] t=7.32s step=145 queue=6 dmax=1.753 | shoulder_pan.pos=-7.56 shoulder_lift.pos=-24.02 elbow_flex.pos=+36.08 wrist_flex.pos=+57.58 wrist_roll.pos=-5.58 gripper.pos=+15.56
DEBUG 2026-09-03 08:24:18 [action #147] t=7.36s step=146 queue=5 dmax=1.472 | shoulder_pan.pos=-7.58 shoulder_lift.pos=-23.76 elbow_flex.pos=+36.02 wrist_flex.pos=+57.73 wrist_roll.pos=-5.58 gripper.pos=+17.03
DEBUG 2026-09-03 08:24:18 [action #148] t=7.39s step=147 queue=4 dmax=1.642 | shoulder_pan.pos=-7.62 shoulder_lift.pos=-22.83 elbow_flex.pos=+36.30 wrist_flex.pos=+57.67 wrist_roll.pos=-5.67 gripper.pos=+18.67
DEBUG 2026-09-03 08:24:18 [action #149] t=7.43s step=148 queue=3 dmax=2.173 | shoulder_pan.pos=-7.60 shoulder_lift.pos=-23.96 elbow_flex.pos=+35.97 wrist_flex.pos=+57.70 wrist_roll.pos=-5.66 gripper.pos=+20.84
DEBUG 2026-09-03 08:24:18 [action #150] t=7.46s step=149 queue=2 dmax=2.378 | shoulder_pan.pos=-7.71 shoulder_lift.pos=-23.38 elbow_flex.pos=+36.32 wrist_flex.pos=+57.89 wrist_roll.pos=-5.61 gripper.pos=+23.22
DEBUG 2026-09-03 08:24:18 [action #151] t=7.49s step=150 queue=1 dmax=2.692 | shoulder_pan.pos=-7.96 shoulder_lift.pos=-22.57 elbow_flex.pos=+36.38 wrist_flex.pos=+58.02 wrist_roll.pos=-5.58 gripper.pos=+25.92
DEBUG 2026-09-03 08:24:19 [chunk] received 50 actions, timesteps 130..179 | first: shoulder_pan.pos=-6.44 shoulder_lift.pos=-32.05 elbow_flex.pos=+48.33 wrist_flex.pos=+61.17 wrist_roll.pos=-4.11 gripper.pos=+30.96 | last: shoulder_pan.pos=-5.29 shoulder_lift.pos=-0.06 elbow_flex.pos=+32.25 wrist_flex.pos=+62.96 wrist_roll.pos=-4.43 gripper.pos=+21.22
DEBUG 2026-09-03 08:24:19 [action #152] t=7.69s step=151 queue=29 dmax=8.940 | shoulder_pan.pos=-6.17 shoulder_lift.pos=-23.73 elbow_flex.pos=+45.32 wrist_flex.pos=+61.86 wrist_roll.pos=-3.37 gripper.pos=+31.97
DEBUG 2026-09-03 08:24:19 [action #153] t=7.73s step=152 queue=28 dmax=0.817 | shoulder_pan.pos=-5.92 shoulder_lift.pos=-22.91 elbow_flex.pos=+44.88 wrist_flex.pos=+61.87 wrist_roll.pos=-3.30 gripper.pos=+32.11
DEBUG 2026-09-03 08:24:19 [action #154] t=7.76s step=153 queue=27 dmax=1.207 | shoulder_pan.pos=-6.01 shoulder_lift.pos=-21.71 elbow_flex.pos=+43.81 wrist_flex.pos=+61.58 wrist_roll.pos=-3.43 gripper.pos=+31.87
DEBUG 2026-09-03 08:24:19 [action #155] t=7.79s step=154 queue=26 dmax=1.008 | shoulder_pan.pos=-5.87 shoulder_lift.pos=-20.70 elbow_flex.pos=+43.97 wrist_flex.pos=+61.86 wrist_roll.pos=-3.44 gripper.pos=+32.02
DEBUG 2026-09-03 08:24:19 [action #156] t=7.83s step=155 queue=25 dmax=1.066 | shoulder_pan.pos=-5.84 shoulder_lift.pos=-19.63 elbow_flex.pos=+44.04 wrist_flex.pos=+61.57 wrist_roll.pos=-3.48 gripper.pos=+31.91
DEBUG 2026-09-03 08:24:19 [action #157] t=7.86s step=156 queue=24 dmax=0.940 | shoulder_pan.pos=-5.84 shoulder_lift.pos=-19.04 elbow_flex.pos=+43.10 wrist_flex.pos=+61.71 wrist_roll.pos=-3.49 gripper.pos=+31.84
DEBUG 2026-09-03 08:24:19 [action #158] t=7.89s step=157 queue=23 dmax=2.165 | shoulder_pan.pos=-5.56 shoulder_lift.pos=-16.87 elbow_flex.pos=+42.31 wrist_flex.pos=+61.83 wrist_roll.pos=-3.44 gripper.pos=+31.93
DEBUG 2026-09-03 08:24:19 [action #159] t=7.93s step=158 queue=22 dmax=0.757 | shoulder_pan.pos=-5.78 shoulder_lift.pos=-16.12 elbow_flex.pos=+41.81 wrist_flex.pos=+61.63 wrist_roll.pos=-3.48 gripper.pos=+31.83
DEBUG 2026-09-03 08:24:19 [action #160] t=7.96s step=159 queue=21 dmax=1.420 | shoulder_pan.pos=-5.43 shoulder_lift.pos=-14.70 elbow_flex.pos=+41.61 wrist_flex.pos=+61.60 wrist_roll.pos=-3.36 gripper.pos=+31.68
DEBUG 2026-09-03 08:24:19 [action #161] t=7.99s step=160 queue=20 dmax=0.544 | shoulder_pan.pos=-5.43 shoulder_lift.pos=-14.19 elbow_flex.pos=+41.07 wrist_flex.pos=+61.57 wrist_roll.pos=-3.52 gripper.pos=+31.78
DEBUG 2026-09-03 08:24:19 [action #162] t=8.03s step=161 queue=19 dmax=1.278 | shoulder_pan.pos=-5.49 shoulder_lift.pos=-12.91 elbow_flex.pos=+40.61 wrist_flex.pos=+61.46 wrist_roll.pos=-3.54 gripper.pos=+31.87
DEBUG 2026-09-03 08:24:19 [action #163] t=8.06s step=162 queue=18 dmax=0.985 | shoulder_pan.pos=-5.47 shoulder_lift.pos=-11.93 elbow_flex.pos=+39.95 wrist_flex.pos=+61.61 wrist_roll.pos=-3.53 gripper.pos=+31.83
DEBUG 2026-09-03 08:24:19 [action #164] t=8.09s step=163 queue=17 dmax=0.910 | shoulder_pan.pos=-5.31 shoulder_lift.pos=-11.02 elbow_flex.pos=+39.67 wrist_flex.pos=+61.45 wrist_roll.pos=-3.44 gripper.pos=+31.79
DEBUG 2026-09-03 08:24:19 [action #165] t=8.13s step=164 queue=16 dmax=0.205 | shoulder_pan.pos=-5.25 shoulder_lift.pos=-10.81 elbow_flex.pos=+39.53 wrist_flex.pos=+61.57 wrist_roll.pos=-3.48 gripper.pos=+31.71
DEBUG 2026-09-03 08:24:19 [action #166] t=8.16s step=165 queue=15 dmax=1.535 | shoulder_pan.pos=-5.13 shoulder_lift.pos=-9.28 elbow_flex.pos=+38.18 wrist_flex.pos=+61.53 wrist_roll.pos=-3.52 gripper.pos=+31.62
DEBUG 2026-09-03 08:24:19 [action #167] t=8.19s step=166 queue=14 dmax=0.571 | shoulder_pan.pos=-5.45 shoulder_lift.pos=-8.71 elbow_flex.pos=+38.05 wrist_flex.pos=+61.61 wrist_roll.pos=-3.46 gripper.pos=+31.90
DEBUG 2026-09-03 08:24:19 [action #168] t=8.23s step=167 queue=13 dmax=0.916 | shoulder_pan.pos=-5.34 shoulder_lift.pos=-8.03 elbow_flex.pos=+37.14 wrist_flex.pos=+61.54 wrist_roll.pos=-3.49 gripper.pos=+31.68
DEBUG 2026-09-03 08:24:19 [action #169] t=8.26s step=168 queue=12 dmax=0.722 | shoulder_pan.pos=-5.41 shoulder_lift.pos=-7.31 elbow_flex.pos=+36.93 wrist_flex.pos=+61.51 wrist_roll.pos=-3.48 gripper.pos=+31.64
DEBUG 2026-09-03 08:24:19 [action #170] t=8.29s step=169 queue=11 dmax=1.069 | shoulder_pan.pos=-5.57 shoulder_lift.pos=-6.24 elbow_flex.pos=+36.13 wrist_flex.pos=+61.65 wrist_roll.pos=-3.46 gripper.pos=+31.76
DEBUG 2026-09-03 08:24:19 [action #171] t=8.33s step=170 queue=10 dmax=0.740 | shoulder_pan.pos=-5.55 shoulder_lift.pos=-5.50 elbow_flex.pos=+35.53 wrist_flex.pos=+61.70 wrist_roll.pos=-3.49 gripper.pos=+31.54
DEBUG 2026-09-03 08:24:19 [action #172] t=8.36s step=171 queue=9 dmax=0.315 | shoulder_pan.pos=-5.55 shoulder_lift.pos=-5.28 elbow_flex.pos=+35.22 wrist_flex.pos=+61.71 wrist_roll.pos=-3.34 gripper.pos=+31.68
DEBUG 2026-09-03 08:24:19 [action #173] t=8.40s step=172 queue=8 dmax=0.721 | shoulder_pan.pos=-5.75 shoulder_lift.pos=-4.56 elbow_flex.pos=+34.98 wrist_flex.pos=+61.64 wrist_roll.pos=-3.42 gripper.pos=+31.43
DEBUG 2026-09-03 08:24:19 [action #174] t=8.43s step=173 queue=7 dmax=1.392 | shoulder_pan.pos=-5.87 shoulder_lift.pos=-3.17 elbow_flex.pos=+34.30 wrist_flex.pos=+62.03 wrist_roll.pos=-3.60 gripper.pos=+31.49
DEBUG 2026-09-03 08:24:19 [action #175] t=8.46s step=174 queue=6 dmax=0.570 | shoulder_pan.pos=-5.61 shoulder_lift.pos=-2.98 elbow_flex.pos=+34.01 wrist_flex.pos=+62.24 wrist_roll.pos=-3.47 gripper.pos=+30.92
DEBUG 2026-09-03 08:24:19 [action #176] t=8.50s step=175 queue=5 dmax=0.954 | shoulder_pan.pos=-5.96 shoulder_lift.pos=-2.02 elbow_flex.pos=+33.70 wrist_flex.pos=+62.36 wrist_roll.pos=-3.65 gripper.pos=+30.00
DEBUG 2026-09-03 08:24:19 [action #177] t=8.53s step=176 queue=4 dmax=2.232 | shoulder_pan.pos=-5.75 shoulder_lift.pos=-1.33 elbow_flex.pos=+32.79 wrist_flex.pos=+62.46 wrist_roll.pos=-3.95 gripper.pos=+27.77
DEBUG 2026-09-03 08:24:19 [action #178] t=8.56s step=177 queue=3 dmax=2.319 | shoulder_pan.pos=-5.39 shoulder_lift.pos=-0.93 elbow_flex.pos=+32.90 wrist_flex.pos=+62.79 wrist_roll.pos=-4.25 gripper.pos=+25.45
DEBUG 2026-09-03 08:24:19 [chunk] received 50 actions, timesteps 150..199 | first: shoulder_pan.pos=-7.39 shoulder_lift.pos=-19.20 elbow_flex.pos=+35.02 wrist_flex.pos=+58.96 wrist_roll.pos=-5.33 gripper.pos=+27.59 | last: shoulder_pan.pos=-8.43 shoulder_lift.pos=+18.16 elbow_flex.pos=-0.68 wrist_flex.pos=+67.55 wrist_roll.pos=-4.59 gripper.pos=+31.55
DEBUG 2026-09-03 08:24:19 [action #179] t=8.60s step=178 queue=22 dmax=13.790 | shoulder_pan.pos=-7.44 shoulder_lift.pos=+0.33 elbow_flex.pos=+19.11 wrist_flex.pos=+64.51 wrist_roll.pos=-4.19 gripper.pos=+29.20
DEBUG 2026-09-03 08:24:19 [action #180] t=8.63s step=179 queue=21 dmax=1.233 | shoulder_pan.pos=-7.27 shoulder_lift.pos=+1.56 elbow_flex.pos=+18.67 wrist_flex.pos=+64.68 wrist_roll.pos=-4.19 gripper.pos=+28.63
DEBUG 2026-09-03 08:24:20 [action #181] t=8.66s step=180 queue=20 dmax=6.526 | shoulder_pan.pos=-8.27 shoulder_lift.pos=+3.01 elbow_flex.pos=+12.15 wrist_flex.pos=+65.60 wrist_roll.pos=-4.12 gripper.pos=+31.84
DEBUG 2026-09-03 08:24:20 [action #182] t=8.70s step=181 queue=19 dmax=0.606 | shoulder_pan.pos=-8.02 shoulder_lift.pos=+3.61 elbow_flex.pos=+11.87 wrist_flex.pos=+65.59 wrist_roll.pos=-4.02 gripper.pos=+31.71
DEBUG 2026-09-03 08:24:20 [action #183] t=8.73s step=182 queue=18 dmax=0.734 | shoulder_pan.pos=-8.02 shoulder_lift.pos=+4.35 elbow_flex.pos=+11.45 wrist_flex.pos=+65.67 wrist_roll.pos=-4.19 gripper.pos=+31.64
DEBUG 2026-09-03 08:24:20 [action #184] t=8.76s step=183 queue=17 dmax=0.776 | shoulder_pan.pos=-7.95 shoulder_lift.pos=+4.73 elbow_flex.pos=+10.68 wrist_flex.pos=+65.75 wrist_roll.pos=-4.17 gripper.pos=+31.65
DEBUG 2026-09-03 08:24:20 [action #185] t=8.80s step=184 queue=16 dmax=1.154 | shoulder_pan.pos=-7.83 shoulder_lift.pos=+5.88 elbow_flex.pos=+10.00 wrist_flex.pos=+66.06 wrist_roll.pos=-4.20 gripper.pos=+31.69
DEBUG 2026-09-03 08:24:20 [action #186] t=8.83s step=185 queue=15 dmax=0.996 | shoulder_pan.pos=-7.78 shoulder_lift.pos=+5.92 elbow_flex.pos=+9.01 wrist_flex.pos=+66.17 wrist_roll.pos=-4.12 gripper.pos=+31.68
DEBUG 2026-09-03 08:24:20 [action #187] t=8.86s step=186 queue=14 dmax=0.701 | shoulder_pan.pos=-7.81 shoulder_lift.pos=+6.62 elbow_flex.pos=+8.87 wrist_flex.pos=+66.46 wrist_roll.pos=-4.16 gripper.pos=+31.59
DEBUG 2026-09-03 08:24:20 [action #188] t=8.90s step=187 queue=13 dmax=1.199 | shoulder_pan.pos=-7.84 shoulder_lift.pos=+7.67 elbow_flex.pos=+7.67 wrist_flex.pos=+66.65 wrist_roll.pos=-4.26 gripper.pos=+31.59
DEBUG 2026-09-03 08:24:20 [action #189] t=8.93s step=188 queue=12 dmax=1.078 | shoulder_pan.pos=-7.85 shoulder_lift.pos=+8.75 elbow_flex.pos=+6.87 wrist_flex.pos=+66.91 wrist_roll.pos=-4.20 gripper.pos=+31.74
DEBUG 2026-09-03 08:24:20 [action #190] t=8.96s step=189 queue=11 dmax=0.616 | shoulder_pan.pos=-7.87 shoulder_lift.pos=+9.36 elbow_flex.pos=+6.27 wrist_flex.pos=+67.06 wrist_roll.pos=-4.35 gripper.pos=+31.65
DEBUG 2026-09-03 08:24:20 [action #191] t=9.00s step=190 queue=10 dmax=1.192 | shoulder_pan.pos=-7.91 shoulder_lift.pos=+10.55 elbow_flex.pos=+5.59 wrist_flex.pos=+66.99 wrist_roll.pos=-4.31 gripper.pos=+31.67
DEBUG 2026-09-03 08:24:20 [action #192] t=9.03s step=191 queue=9 dmax=0.900 | shoulder_pan.pos=-8.02 shoulder_lift.pos=+10.92 elbow_flex.pos=+4.69 wrist_flex.pos=+67.06 wrist_roll.pos=-4.34 gripper.pos=+31.76
DEBUG 2026-09-03 08:24:20 [action #193] t=9.06s step=192 queue=8 dmax=0.805 | shoulder_pan.pos=-7.97 shoulder_lift.pos=+11.73 elbow_flex.pos=+4.36 wrist_flex.pos=+67.05 wrist_roll.pos=-4.50 gripper.pos=+31.66
DEBUG 2026-09-03 08:24:20 [action #194] t=9.10s step=193 queue=7 dmax=1.375 | shoulder_pan.pos=-8.06 shoulder_lift.pos=+12.22 elbow_flex.pos=+2.99 wrist_flex.pos=+67.11 wrist_roll.pos=-4.65 gripper.pos=+31.75
DEBUG 2026-09-03 08:24:20 [action #195] t=9.13s step=194 queue=6 dmax=1.327 | shoulder_pan.pos=-8.29 shoulder_lift.pos=+13.55 elbow_flex.pos=+2.64 wrist_flex.pos=+66.98 wrist_roll.pos=-4.60 gripper.pos=+31.83
DEBUG 2026-09-03 08:24:20 [action #196] t=9.16s step=195 queue=5 dmax=0.617 | shoulder_pan.pos=-8.16 shoulder_lift.pos=+14.17 elbow_flex.pos=+2.32 wrist_flex.pos=+67.03 wrist_roll.pos=-4.72 gripper.pos=+31.96
DEBUG 2026-09-03 08:24:20 [action #197] t=9.20s step=196 queue=4 dmax=0.559 | shoulder_pan.pos=-8.28 shoulder_lift.pos=+14.27 elbow_flex.pos=+1.76 wrist_flex.pos=+67.05 wrist_roll.pos=-4.80 gripper.pos=+32.10
DEBUG 2026-09-03 08:24:20 [action #198] t=9.23s step=197 queue=3 dmax=1.544 | shoulder_pan.pos=-8.21 shoulder_lift.pos=+15.81 elbow_flex.pos=+0.74 wrist_flex.pos=+67.28 wrist_roll.pos=-4.73 gripper.pos=+31.93
DEBUG 2026-09-03 08:24:20 [action #199] t=9.26s step=198 queue=2 dmax=1.303 | shoulder_pan.pos=-8.23 shoulder_lift.pos=+17.01 elbow_flex.pos=-0.57 wrist_flex.pos=+67.53 wrist_roll.pos=-4.71 gripper.pos=+31.91
DEBUG 2026-09-03 08:24:20 [action #200] t=9.30s step=199 queue=1 dmax=1.156 | shoulder_pan.pos=-8.43 shoulder_lift.pos=+18.16 elbow_flex.pos=-0.68 wrist_flex.pos=+67.55 wrist_roll.pos=-4.59 gripper.pos=+31.55
DEBUG 2026-09-03 08:24:20 [chunk] received 50 actions, timesteps 176..225 | first: shoulder_pan.pos=-5.51 shoulder_lift.pos=-3.16 elbow_flex.pos=+35.73 wrist_flex.pos=+61.90 wrist_roll.pos=-3.68 gripper.pos=+32.56 | last: shoulder_pan.pos=-4.00 shoulder_lift.pos=-5.91 elbow_flex.pos=+15.09 wrist_flex.pos=+80.38 wrist_roll.pos=-7.04 gripper.pos=+6.83
DEBUG 2026-09-03 08:24:20 [action #201] t=9.53s step=200 queue=26 dmax=28.388 | shoulder_pan.pos=-4.45 shoulder_lift.pos=+4.53 elbow_flex.pos=+27.71 wrist_flex.pos=+64.69 wrist_roll.pos=-4.99 gripper.pos=+7.42
DEBUG 2026-09-03 08:24:20 [action #202] t=9.57s step=201 queue=25 dmax=0.814 | shoulder_pan.pos=-4.77 shoulder_lift.pos=+3.77 elbow_flex.pos=+27.60 wrist_flex.pos=+64.58 wrist_roll.pos=-4.99 gripper.pos=+6.60
DEBUG 2026-09-03 08:24:20 [action #203] t=9.60s step=202 queue=24 dmax=0.619 | shoulder_pan.pos=-4.54 shoulder_lift.pos=+4.15 elbow_flex.pos=+26.98 wrist_flex.pos=+64.44 wrist_roll.pos=-4.98 gripper.pos=+6.42
DEBUG 2026-09-03 08:24:20 [action #204] t=9.63s step=203 queue=23 dmax=0.350 | shoulder_pan.pos=-4.55 shoulder_lift.pos=+4.15 elbow_flex.pos=+26.70 wrist_flex.pos=+64.79 wrist_roll.pos=-5.12 gripper.pos=+6.23
DEBUG 2026-09-03 08:24:21 [action #205] t=9.67s step=204 queue=22 dmax=0.207 | shoulder_pan.pos=-4.61 shoulder_lift.pos=+4.07 elbow_flex.pos=+26.91 wrist_flex.pos=+64.97 wrist_roll.pos=-5.25 gripper.pos=+6.14
DEBUG 2026-09-03 08:24:21 [action #206] t=9.70s step=205 queue=21 dmax=0.677 | shoulder_pan.pos=-4.71 shoulder_lift.pos=+4.12 elbow_flex.pos=+26.23 wrist_flex.pos=+65.21 wrist_roll.pos=-5.17 gripper.pos=+6.33
DEBUG 2026-09-03 08:24:21 [action #207] t=9.73s step=206 queue=20 dmax=0.837 | shoulder_pan.pos=-4.44 shoulder_lift.pos=+3.98 elbow_flex.pos=+25.39 wrist_flex.pos=+65.34 wrist_roll.pos=-5.24 gripper.pos=+6.45
DEBUG 2026-09-03 08:24:21 [action #208] t=9.77s step=207 queue=19 dmax=0.389 | shoulder_pan.pos=-4.46 shoulder_lift.pos=+4.37 elbow_flex.pos=+25.57 wrist_flex.pos=+65.57 wrist_roll.pos=-5.39 gripper.pos=+6.48
DEBUG 2026-09-03 08:24:21 [action #209] t=9.80s step=208 queue=18 dmax=0.904 | shoulder_pan.pos=-4.67 shoulder_lift.pos=+3.47 elbow_flex.pos=+25.37 wrist_flex.pos=+66.23 wrist_roll.pos=-5.48 gripper.pos=+6.37
DEBUG 2026-09-03 08:24:21 [action #210] t=9.83s step=209 queue=17 dmax=0.497 | shoulder_pan.pos=-4.42 shoulder_lift.pos=+3.67 elbow_flex.pos=+24.87 wrist_flex.pos=+66.54 wrist_roll.pos=-5.48 gripper.pos=+6.42
DEBUG 2026-09-03 08:24:21 [action #211] t=9.87s step=210 queue=16 dmax=0.585 | shoulder_pan.pos=-4.55 shoulder_lift.pos=+4.19 elbow_flex.pos=+24.29 wrist_flex.pos=+67.01 wrist_roll.pos=-5.59 gripper.pos=+6.56
DEBUG 2026-09-03 08:24:21 [action #212] t=9.90s step=211 queue=15 dmax=0.902 | shoulder_pan.pos=-4.79 shoulder_lift.pos=+3.38 elbow_flex.pos=+23.82 wrist_flex.pos=+67.91 wrist_roll.pos=-5.69 gripper.pos=+6.40
DEBUG 2026-09-03 08:24:21 [action #213] t=9.93s step=212 queue=14 dmax=0.869 | shoulder_pan.pos=-4.53 shoulder_lift.pos=+3.87 elbow_flex.pos=+22.96 wrist_flex.pos=+68.60 wrist_roll.pos=-5.66 gripper.pos=+6.42
DEBUG 2026-09-03 08:24:21 [action #214] t=9.97s step=213 queue=13 dmax=0.866 | shoulder_pan.pos=-4.17 shoulder_lift.pos=+3.16 elbow_flex.pos=+22.61 wrist_flex.pos=+69.46 wrist_roll.pos=-5.83 gripper.pos=+6.41
DEBUG 2026-09-03 08:24:21 [action #215] t=10.00s step=214 queue=12 dmax=1.231 | shoulder_pan.pos=-4.49 shoulder_lift.pos=+3.62 elbow_flex.pos=+21.38 wrist_flex.pos=+70.48 wrist_roll.pos=-6.00 gripper.pos=+6.49
DEBUG 2026-09-03 08:24:21 [action #216] t=10.03s step=215 queue=11 dmax=1.329 | shoulder_pan.pos=-4.48 shoulder_lift.pos=+2.29 elbow_flex.pos=+21.09 wrist_flex.pos=+71.45 wrist_roll.pos=-6.11 gripper.pos=+6.35
DEBUG 2026-09-03 08:24:21 [action #217] t=10.07s step=216 queue=10 dmax=1.012 | shoulder_pan.pos=-4.62 shoulder_lift.pos=+1.94 elbow_flex.pos=+20.44 wrist_flex.pos=+72.46 wrist_roll.pos=-6.25 gripper.pos=+6.36
DEBUG 2026-09-03 08:24:21 [action #218] t=10.10s step=217 queue=9 dmax=1.130 | shoulder_pan.pos=-4.49 shoulder_lift.pos=+1.90 elbow_flex.pos=+19.31 wrist_flex.pos=+73.58 wrist_roll.pos=-6.34 gripper.pos=+6.50
DEBUG 2026-09-03 08:24:21 [action #219] t=10.13s step=218 queue=8 dmax=1.088 | shoulder_pan.pos=-4.44 shoulder_lift.pos=+0.81 elbow_flex.pos=+19.28 wrist_flex.pos=+74.41 wrist_roll.pos=-6.54 gripper.pos=+6.51
DEBUG 2026-09-03 08:24:21 [action #220] t=10.17s step=219 queue=7 dmax=0.909 | shoulder_pan.pos=-4.35 shoulder_lift.pos=-0.09 elbow_flex.pos=+18.52 wrist_flex.pos=+75.32 wrist_roll.pos=-6.58 gripper.pos=+6.61
DEBUG 2026-09-03 08:24:21 [action #221] t=10.20s step=220 queue=6 dmax=1.311 | shoulder_pan.pos=-4.45 shoulder_lift.pos=-1.40 elbow_flex.pos=+18.14 wrist_flex.pos=+76.49 wrist_roll.pos=-6.81 gripper.pos=+6.54
DEBUG 2026-09-03 08:24:21 [action #222] t=10.23s step=221 queue=5 dmax=1.383 | shoulder_pan.pos=-4.35 shoulder_lift.pos=-2.79 elbow_flex.pos=+17.18 wrist_flex.pos=+77.32 wrist_roll.pos=-6.87 gripper.pos=+6.61
DEBUG 2026-09-03 08:24:21 [action #223] t=10.27s step=222 queue=4 dmax=1.028 | shoulder_pan.pos=-4.46 shoulder_lift.pos=-2.75 elbow_flex.pos=+16.17 wrist_flex.pos=+78.34 wrist_roll.pos=-6.91 gripper.pos=+6.45
DEBUG 2026-09-03 08:24:21 [action #224] t=10.30s step=223 queue=3 dmax=0.775 | shoulder_pan.pos=-4.29 shoulder_lift.pos=-3.52 elbow_flex.pos=+15.99 wrist_flex.pos=+78.86 wrist_roll.pos=-6.93 gripper.pos=+6.60
DEBUG 2026-09-03 08:24:21 [action #225] t=10.34s step=224 queue=2 dmax=1.511 | shoulder_pan.pos=-4.35 shoulder_lift.pos=-5.03 elbow_flex.pos=+16.12 wrist_flex.pos=+79.64 wrist_roll.pos=-6.94 gripper.pos=+6.60
DEBUG 2026-09-03 08:24:21 [action #226] t=10.37s step=225 queue=1 dmax=1.031 | shoulder_pan.pos=-4.00 shoulder_lift.pos=-5.91 elbow_flex.pos=+15.09 wrist_flex.pos=+80.38 wrist_roll.pos=-7.04 gripper.pos=+6.83
DEBUG 2026-09-03 08:24:21 [chunk] received 50 actions, timesteps 199..248 | first: shoulder_pan.pos=-7.17 shoulder_lift.pos=+17.72 elbow_flex.pos=+1.16 wrist_flex.pos=+69.51 wrist_roll.pos=-4.55 gripper.pos=+32.01 | last: shoulder_pan.pos=-1.36 shoulder_lift.pos=+18.81 elbow_flex.pos=-32.81 wrist_flex.pos=+92.50 wrist_roll.pos=-7.90 gripper.pos=+6.63
DEBUG 2026-09-03 08:24:21 [action #227] t=10.44s step=226 queue=23 dmax=36.352 | shoulder_pan.pos=-5.04 shoulder_lift.pos=+30.44 elbow_flex.pos=-16.94 wrist_flex.pos=+74.79 wrist_roll.pos=-7.67 gripper.pos=+7.12
DEBUG 2026-09-03 08:24:21 [action #228] t=10.47s step=227 queue=22 dmax=1.291 | shoulder_pan.pos=-5.33 shoulder_lift.pos=+29.15 elbow_flex.pos=-18.17 wrist_flex.pos=+75.15 wrist_roll.pos=-7.53 gripper.pos=+7.09
DEBUG 2026-09-03 08:24:21 [action #229] t=10.50s step=228 queue=21 dmax=0.556 | shoulder_pan.pos=-4.97 shoulder_lift.pos=+29.56 elbow_flex.pos=-17.90 wrist_flex.pos=+75.51 wrist_roll.pos=-7.61 gripper.pos=+6.53
DEBUG 2026-09-03 08:24:21 [action #230] t=10.54s step=229 queue=20 dmax=0.949 | shoulder_pan.pos=-5.12 shoulder_lift.pos=+28.61 elbow_flex.pos=-18.02 wrist_flex.pos=+75.89 wrist_roll.pos=-7.47 gripper.pos=+6.00
DEBUG 2026-09-03 08:24:21 [action #231] t=10.57s step=230 queue=19 dmax=1.108 | shoulder_pan.pos=-4.80 shoulder_lift.pos=+28.70 elbow_flex.pos=-19.13 wrist_flex.pos=+76.27 wrist_roll.pos=-7.43 gripper.pos=+6.08
DEBUG 2026-09-03 08:24:21 [action #232] t=10.60s step=231 queue=18 dmax=0.948 | shoulder_pan.pos=-5.06 shoulder_lift.pos=+28.28 elbow_flex.pos=-19.45 wrist_flex.pos=+77.22 wrist_roll.pos=-7.57 gripper.pos=+5.99
DEBUG 2026-09-03 08:24:21 [action #233] t=10.64s step=232 queue=17 dmax=1.221 | shoulder_pan.pos=-4.94 shoulder_lift.pos=+28.10 elbow_flex.pos=-20.67 wrist_flex.pos=+78.17 wrist_roll.pos=-7.46 gripper.pos=+6.43
DEBUG 2026-09-03 08:24:22 [action #234] t=10.67s step=233 queue=16 dmax=0.563 | shoulder_pan.pos=-4.88 shoulder_lift.pos=+27.73 elbow_flex.pos=-21.23 wrist_flex.pos=+78.64 wrist_roll.pos=-7.60 gripper.pos=+6.67
DEBUG 2026-09-03 08:24:22 [action #235] t=10.70s step=234 queue=15 dmax=1.336 | shoulder_pan.pos=-4.52 shoulder_lift.pos=+27.34 elbow_flex.pos=-22.19 wrist_flex.pos=+79.98 wrist_roll.pos=-7.52 gripper.pos=+6.58
DEBUG 2026-09-03 08:24:22 [action #236] t=10.74s step=235 queue=14 dmax=1.305 | shoulder_pan.pos=-4.57 shoulder_lift.pos=+26.55 elbow_flex.pos=-23.49 wrist_flex.pos=+81.19 wrist_roll.pos=-7.51 gripper.pos=+6.57
DEBUG 2026-09-03 08:24:22 [action #237] t=10.77s step=236 queue=13 dmax=1.308 | shoulder_pan.pos=-3.93 shoulder_lift.pos=+25.58 elbow_flex.pos=-24.80 wrist_flex.pos=+81.92 wrist_roll.pos=-7.65 gripper.pos=+6.62
DEBUG 2026-09-03 08:24:22 [action #238] t=10.80s step=237 queue=12 dmax=0.893 | shoulder_pan.pos=-3.99 shoulder_lift.pos=+25.99 elbow_flex.pos=-24.89 wrist_flex.pos=+82.82 wrist_roll.pos=-7.67 gripper.pos=+6.54
DEBUG 2026-09-03 08:24:22 [action #239] t=10.84s step=238 queue=11 dmax=1.567 | shoulder_pan.pos=-3.99 shoulder_lift.pos=+26.10 elbow_flex.pos=-26.46 wrist_flex.pos=+83.75 wrist_roll.pos=-7.75 gripper.pos=+6.58
DEBUG 2026-09-03 08:24:22 [action #240] t=10.87s step=239 queue=10 dmax=0.822 | shoulder_pan.pos=-3.93 shoulder_lift.pos=+25.33 elbow_flex.pos=-26.83 wrist_flex.pos=+84.58 wrist_roll.pos=-7.71 gripper.pos=+6.59
DEBUG 2026-09-03 08:24:22 [action #241] t=10.90s step=240 queue=9 dmax=1.118 | shoulder_pan.pos=-3.76 shoulder_lift.pos=+25.23 elbow_flex.pos=-27.94 wrist_flex.pos=+85.52 wrist_roll.pos=-7.58 gripper.pos=+6.63
DEBUG 2026-09-03 08:24:22 [action #242] t=10.94s step=241 queue=8 dmax=0.874 | shoulder_pan.pos=-3.55 shoulder_lift.pos=+24.97 elbow_flex.pos=-28.45 wrist_flex.pos=+86.40 wrist_roll.pos=-7.75 gripper.pos=+6.59
DEBUG 2026-09-03 08:24:22 [action #243] t=10.97s step=242 queue=7 dmax=0.903 | shoulder_pan.pos=-3.57 shoulder_lift.pos=+24.96 elbow_flex.pos=-29.15 wrist_flex.pos=+87.30 wrist_roll.pos=-7.97 gripper.pos=+6.55
DEBUG 2026-09-03 08:24:22 [action #244] t=11.00s step=243 queue=6 dmax=1.114 | shoulder_pan.pos=-2.96 shoulder_lift.pos=+23.84 elbow_flex.pos=-29.59 wrist_flex.pos=+88.07 wrist_roll.pos=-7.97 gripper.pos=+6.58
DEBUG 2026-09-03 08:24:22 [action #245] t=11.04s step=244 queue=5 dmax=1.151 | shoulder_pan.pos=-2.81 shoulder_lift.pos=+22.69 elbow_flex.pos=-30.61 wrist_flex.pos=+88.92 wrist_roll.pos=-7.97 gripper.pos=+6.67
DEBUG 2026-09-03 08:24:22 [action #246] t=11.07s step=245 queue=4 dmax=0.909 | shoulder_pan.pos=-2.46 shoulder_lift.pos=+21.78 elbow_flex.pos=-30.77 wrist_flex.pos=+89.62 wrist_roll.pos=-8.03 gripper.pos=+6.62
DEBUG 2026-09-03 08:24:22 [action #247] t=11.10s step=246 queue=3 dmax=1.668 | shoulder_pan.pos=-2.17 shoulder_lift.pos=+20.11 elbow_flex.pos=-31.39 wrist_flex.pos=+90.83 wrist_roll.pos=-8.10 gripper.pos=+6.44
DEBUG 2026-09-03 08:24:22 [action #248] t=11.14s step=247 queue=2 dmax=1.089 | shoulder_pan.pos=-1.68 shoulder_lift.pos=+20.67 elbow_flex.pos=-32.48 wrist_flex.pos=+91.56 wrist_roll.pos=-8.03 gripper.pos=+6.67
DEBUG 2026-09-03 08:24:22 [action #249] t=11.17s step=248 queue=1 dmax=1.856 | shoulder_pan.pos=-1.36 shoulder_lift.pos=+18.81 elbow_flex.pos=-32.81 wrist_flex.pos=+92.50 wrist_roll.pos=-7.90 gripper.pos=+6.63
DEBUG 2026-09-03 08:24:22 [chunk] received 50 actions, timesteps 225..274 | first: shoulder_pan.pos=-3.58 shoulder_lift.pos=-3.72 elbow_flex.pos=+16.62 wrist_flex.pos=+80.59 wrist_roll.pos=-7.13 gripper.pos=+6.61 | last: shoulder_pan.pos=+19.54 shoulder_lift.pos=-7.15 elbow_flex.pos=+3.23 wrist_flex.pos=+76.52 wrist_roll.pos=-4.72 gripper.pos=+5.60
DEBUG 2026-09-03 08:24:22 [action #250] t=11.37s step=249 queue=26 dmax=43.619 | shoulder_pan.pos=+2.33 shoulder_lift.pos=-12.76 elbow_flex.pos=+10.81 wrist_flex.pos=+86.60 wrist_roll.pos=-8.21 gripper.pos=+6.04
DEBUG 2026-09-03 08:24:22 [action #251] t=11.40s step=250 queue=25 dmax=0.618 | shoulder_pan.pos=+2.95 shoulder_lift.pos=-12.91 elbow_flex.pos=+11.17 wrist_flex.pos=+86.58 wrist_roll.pos=-8.10 gripper.pos=+5.92
DEBUG 2026-09-03 08:24:22 [action #252] t=11.44s step=251 queue=24 dmax=0.808 | shoulder_pan.pos=+3.76 shoulder_lift.pos=-13.58 elbow_flex.pos=+10.62 wrist_flex.pos=+86.61 wrist_roll.pos=-7.94 gripper.pos=+5.91
DEBUG 2026-09-03 08:24:22 [action #253] t=11.47s step=252 queue=23 dmax=0.883 | shoulder_pan.pos=+4.64 shoulder_lift.pos=-13.49 elbow_flex.pos=+10.40 wrist_flex.pos=+86.36 wrist_roll.pos=-7.70 gripper.pos=+5.81
DEBUG 2026-09-03 08:24:22 [action #254] t=11.51s step=253 queue=22 dmax=0.834 | shoulder_pan.pos=+5.48 shoulder_lift.pos=-13.47 elbow_flex.pos=+10.21 wrist_flex.pos=+86.18 wrist_roll.pos=-7.50 gripper.pos=+5.62
DEBUG 2026-09-03 08:24:22 [action #255] t=11.54s step=254 queue=21 dmax=1.005 | shoulder_pan.pos=+6.48 shoulder_lift.pos=-13.81 elbow_flex.pos=+10.24 wrist_flex.pos=+86.05 wrist_roll.pos=-7.29 gripper.pos=+5.66
DEBUG 2026-09-03 08:24:22 [action #256] t=11.57s step=255 queue=20 dmax=0.878 | shoulder_pan.pos=+7.36 shoulder_lift.pos=-13.83 elbow_flex.pos=+9.78 wrist_flex.pos=+85.88 wrist_roll.pos=-7.06 gripper.pos=+5.55
DEBUG 2026-09-03 08:24:22 [action #257] t=11.61s step=256 queue=19 dmax=1.074 | shoulder_pan.pos=+8.43 shoulder_lift.pos=-14.06 elbow_flex.pos=+9.23 wrist_flex.pos=+85.67 wrist_roll.pos=-6.86 gripper.pos=+5.63
DEBUG 2026-09-03 08:24:22 [action #258] t=11.64s step=257 queue=18 dmax=0.955 | shoulder_pan.pos=+9.39 shoulder_lift.pos=-14.41 elbow_flex.pos=+9.42 wrist_flex.pos=+85.28 wrist_roll.pos=-6.69 gripper.pos=+5.64
DEBUG 2026-09-03 08:24:23 [action #259] t=11.67s step=258 queue=17 dmax=0.894 | shoulder_pan.pos=+10.28 shoulder_lift.pos=-14.70 elbow_flex.pos=+9.19 wrist_flex.pos=+84.82 wrist_roll.pos=-6.56 gripper.pos=+5.67
DEBUG 2026-09-03 08:24:23 [action #260] t=11.71s step=259 queue=16 dmax=0.731 | shoulder_pan.pos=+11.01 shoulder_lift.pos=-14.92 elbow_flex.pos=+9.13 wrist_flex.pos=+84.70 wrist_roll.pos=-6.40 gripper.pos=+5.62
DEBUG 2026-09-03 08:24:23 [action #261] t=11.74s step=260 queue=15 dmax=0.741 | shoulder_pan.pos=+11.75 shoulder_lift.pos=-14.62 elbow_flex.pos=+9.12 wrist_flex.pos=+84.35 wrist_roll.pos=-6.29 gripper.pos=+5.59
DEBUG 2026-09-03 08:24:23 [action #262] t=11.77s step=261 queue=14 dmax=1.006 | shoulder_pan.pos=+12.61 shoulder_lift.pos=-14.85 elbow_flex.pos=+8.11 wrist_flex.pos=+84.13 wrist_roll.pos=-6.18 gripper.pos=+5.61
DEBUG 2026-09-03 08:24:23 [action #263] t=11.81s step=262 queue=13 dmax=0.679 | shoulder_pan.pos=+13.29 shoulder_lift.pos=-14.92 elbow_flex.pos=+7.90 wrist_flex.pos=+83.79 wrist_roll.pos=-5.97 gripper.pos=+5.64
DEBUG 2026-09-03 08:24:23 [action #264] t=11.84s step=263 queue=12 dmax=0.645 | shoulder_pan.pos=+13.93 shoulder_lift.pos=-15.55 elbow_flex.pos=+7.90 wrist_flex.pos=+83.41 wrist_roll.pos=-5.84 gripper.pos=+5.71
DEBUG 2026-09-03 08:24:23 [action #265] t=11.87s step=264 queue=11 dmax=0.605 | shoulder_pan.pos=+14.46 shoulder_lift.pos=-14.95 elbow_flex.pos=+7.30 wrist_flex.pos=+83.01 wrist_roll.pos=-5.72 gripper.pos=+5.53
DEBUG 2026-09-03 08:24:23 [action #266] t=11.91s step=265 queue=10 dmax=0.403 | shoulder_pan.pos=+14.87 shoulder_lift.pos=-14.57 elbow_flex.pos=+7.35 wrist_flex.pos=+82.62 wrist_roll.pos=-5.63 gripper.pos=+5.57
DEBUG 2026-09-03 08:24:23 [action #267] t=11.94s step=266 queue=9 dmax=0.745 | shoulder_pan.pos=+15.61 shoulder_lift.pos=-14.78 elbow_flex.pos=+6.73 wrist_flex.pos=+82.09 wrist_roll.pos=-5.46 gripper.pos=+5.62
DEBUG 2026-09-03 08:24:23 [action #268] t=11.97s step=267 queue=8 dmax=0.553 | shoulder_pan.pos=+16.11 shoulder_lift.pos=-14.55 elbow_flex.pos=+6.39 wrist_flex.pos=+81.54 wrist_roll.pos=-5.23 gripper.pos=+5.62
DEBUG 2026-09-03 08:24:23 [action #269] t=12.01s step=268 queue=7 dmax=0.880 | shoulder_pan.pos=+16.69 shoulder_lift.pos=-13.67 elbow_flex.pos=+6.74 wrist_flex.pos=+80.81 wrist_roll.pos=-5.05 gripper.pos=+5.70
DEBUG 2026-09-03 08:24:23 [action #270] t=12.04s step=269 queue=6 dmax=0.690 | shoulder_pan.pos=+17.28 shoulder_lift.pos=-13.53 elbow_flex.pos=+6.34 wrist_flex.pos=+80.12 wrist_roll.pos=-4.90 gripper.pos=+5.60
DEBUG 2026-09-03 08:24:23 [action #271] t=12.07s step=270 queue=5 dmax=0.913 | shoulder_pan.pos=+17.77 shoulder_lift.pos=-12.61 elbow_flex.pos=+5.61 wrist_flex.pos=+79.57 wrist_roll.pos=-4.89 gripper.pos=+5.79
DEBUG 2026-09-03 08:24:23 [action #272] t=12.11s step=271 queue=4 dmax=1.250 | shoulder_pan.pos=+18.20 shoulder_lift.pos=-11.36 elbow_flex.pos=+5.49 wrist_flex.pos=+78.72 wrist_roll.pos=-4.84 gripper.pos=+5.64
DEBUG 2026-09-03 08:24:23 [action #273] t=12.14s step=272 queue=3 dmax=1.137 | shoulder_pan.pos=+18.51 shoulder_lift.pos=-10.23 elbow_flex.pos=+4.93 wrist_flex.pos=+78.09 wrist_roll.pos=-4.80 gripper.pos=+5.56
DEBUG 2026-09-03 08:24:23 [action #274] t=12.17s step=273 queue=2 dmax=1.446 | shoulder_pan.pos=+19.12 shoulder_lift.pos=-8.78 elbow_flex.pos=+4.10 wrist_flex.pos=+77.11 wrist_roll.pos=-4.76 gripper.pos=+5.55
DEBUG 2026-09-03 08:24:23 [action #275] t=12.21s step=274 queue=1 dmax=1.634 | shoulder_pan.pos=+19.54 shoulder_lift.pos=-7.15 elbow_flex.pos=+3.23 wrist_flex.pos=+76.52 wrist_roll.pos=-4.72 gripper.pos=+5.60
DEBUG 2026-09-03 08:24:23 [chunk] received 50 actions, timesteps 248..297 | first: shoulder_pan.pos=-1.07 shoulder_lift.pos=+17.64 elbow_flex.pos=-28.91 wrist_flex.pos=+95.08 wrist_roll.pos=-6.94 gripper.pos=+7.61 | last: shoulder_pan.pos=+28.84 shoulder_lift.pos=+21.11 elbow_flex.pos=-22.08 wrist_flex.pos=+83.51 wrist_roll.pos=-5.37 gripper.pos=+5.92
DEBUG 2026-09-03 08:24:23 [action #276] t=12.24s step=275 queue=23 dmax=31.413 | shoulder_pan.pos=+21.12 shoulder_lift.pos=+8.18 elbow_flex.pos=-28.18 wrist_flex.pos=+94.73 wrist_roll.pos=-6.85 gripper.pos=+6.20
DEBUG 2026-09-03 08:24:23 [action #277] t=12.27s step=276 queue=22 dmax=0.934 | shoulder_pan.pos=+22.05 shoulder_lift.pos=+8.69 elbow_flex.pos=-27.78 wrist_flex.pos=+93.91 wrist_roll.pos=-6.72 gripper.pos=+6.33
DEBUG 2026-09-03 08:24:23 [action #278] t=12.31s step=277 queue=21 dmax=1.064 | shoulder_pan.pos=+22.82 shoulder_lift.pos=+8.92 elbow_flex.pos=-26.80 wrist_flex.pos=+92.85 wrist_roll.pos=-6.52 gripper.pos=+6.26
DEBUG 2026-09-03 08:24:23 [action #279] t=12.34s step=278 queue=20 dmax=1.156 | shoulder_pan.pos=+23.28 shoulder_lift.pos=+8.78 elbow_flex.pos=-25.65 wrist_flex.pos=+92.16 wrist_roll.pos=-6.65 gripper.pos=+6.05
DEBUG 2026-09-03 08:24:23 [action #280] t=12.37s step=279 queue=19 dmax=0.962 | shoulder_pan.pos=+24.12 shoulder_lift.pos=+8.34 elbow_flex.pos=-25.55 wrist_flex.pos=+91.19 wrist_roll.pos=-6.59 gripper.pos=+6.18
DEBUG 2026-09-03 08:24:23 [action #281] t=12.41s step=280 queue=18 dmax=1.646 | shoulder_pan.pos=+24.72 shoulder_lift.pos=+8.37 elbow_flex.pos=-23.90 wrist_flex.pos=+90.49 wrist_roll.pos=-6.51 gripper.pos=+6.27
DEBUG 2026-09-03 08:24:23 [action #282] t=12.44s step=281 queue=17 dmax=0.872 | shoulder_pan.pos=+25.33 shoulder_lift.pos=+8.30 elbow_flex.pos=-23.39 wrist_flex.pos=+89.62 wrist_roll.pos=-6.41 gripper.pos=+6.25
DEBUG 2026-09-03 08:24:23 [action #283] t=12.47s step=282 queue=16 dmax=0.792 | shoulder_pan.pos=+26.12 shoulder_lift.pos=+8.53 elbow_flex.pos=-22.63 wrist_flex.pos=+88.90 wrist_roll.pos=-6.32 gripper.pos=+6.11
DEBUG 2026-09-03 08:24:23 [action #284] t=12.51s step=283 queue=15 dmax=0.516 | shoulder_pan.pos=+26.05 shoulder_lift.pos=+9.05 elbow_flex.pos=-22.70 wrist_flex.pos=+88.40 wrist_roll.pos=-6.08 gripper.pos=+6.23
DEBUG 2026-09-03 08:24:23 [action #285] t=12.54s step=284 queue=14 dmax=1.079 | shoulder_pan.pos=+26.86 shoulder_lift.pos=+9.54 elbow_flex.pos=-21.62 wrist_flex.pos=+87.45 wrist_roll.pos=-5.96 gripper.pos=+6.29
DEBUG 2026-09-03 08:24:23 [action #286] t=12.58s step=285 queue=13 dmax=0.564 | shoulder_pan.pos=+27.11 shoulder_lift.pos=+10.10 elbow_flex.pos=-21.06 wrist_flex.pos=+86.89 wrist_roll.pos=-5.71 gripper.pos=+6.33
DEBUG 2026-09-03 08:24:23 [action #287] t=12.61s step=286 queue=12 dmax=0.815 | shoulder_pan.pos=+27.77 shoulder_lift.pos=+10.44 elbow_flex.pos=-20.69 wrist_flex.pos=+86.08 wrist_roll.pos=-5.52 gripper.pos=+6.20
DEBUG 2026-09-03 08:24:23 [action #288] t=12.64s step=287 queue=11 dmax=0.898 | shoulder_pan.pos=+28.31 shoulder_lift.pos=+10.57 elbow_flex.pos=-19.79 wrist_flex.pos=+85.25 wrist_roll.pos=-5.70 gripper.pos=+6.21
DEBUG 2026-09-03 08:24:24 [action #289] t=12.68s step=288 queue=10 dmax=0.687 | shoulder_pan.pos=+28.68 shoulder_lift.pos=+10.96 elbow_flex.pos=-19.44 wrist_flex.pos=+84.57 wrist_roll.pos=-5.49 gripper.pos=+6.32
DEBUG 2026-09-03 08:24:24 [action #290] t=12.71s step=289 queue=9 dmax=1.575 | shoulder_pan.pos=+28.68 shoulder_lift.pos=+11.13 elbow_flex.pos=-17.87 wrist_flex.pos=+84.01 wrist_roll.pos=-5.49 gripper.pos=+6.19
DEBUG 2026-09-03 08:24:24 [action #291] t=12.74s step=290 queue=8 dmax=0.937 | shoulder_pan.pos=+28.90 shoulder_lift.pos=+12.07 elbow_flex.pos=-18.78 wrist_flex.pos=+83.72 wrist_roll.pos=-5.45 gripper.pos=+6.12
DEBUG 2026-09-03 08:24:24 [action #292] t=12.78s step=291 queue=7 dmax=1.171 | shoulder_pan.pos=+29.18 shoulder_lift.pos=+13.24 elbow_flex.pos=-19.00 wrist_flex.pos=+83.49 wrist_roll.pos=-5.35 gripper.pos=+6.18
DEBUG 2026-09-03 08:24:24 [action #293] t=12.81s step=292 queue=6 dmax=0.694 | shoulder_pan.pos=+29.31 shoulder_lift.pos=+13.93 elbow_flex.pos=-19.07 wrist_flex.pos=+83.03 wrist_roll.pos=-5.27 gripper.pos=+6.05
DEBUG 2026-09-03 08:24:24 [action #294] t=12.84s step=293 queue=5 dmax=1.227 | shoulder_pan.pos=+29.17 shoulder_lift.pos=+15.16 elbow_flex.pos=-18.55 wrist_flex.pos=+83.36 wrist_roll.pos=-5.38 gripper.pos=+6.17
DEBUG 2026-09-03 08:24:24 [action #295] t=12.88s step=294 queue=4 dmax=1.796 | shoulder_pan.pos=+28.98 shoulder_lift.pos=+16.95 elbow_flex.pos=-19.64 wrist_flex.pos=+83.25 wrist_roll.pos=-5.45 gripper.pos=+6.12
DEBUG 2026-09-03 08:24:24 [action #296] t=12.91s step=295 queue=3 dmax=0.623 | shoulder_pan.pos=+29.17 shoulder_lift.pos=+17.58 elbow_flex.pos=-19.80 wrist_flex.pos=+83.34 wrist_roll.pos=-5.49 gripper.pos=+6.07
DEBUG 2026-09-03 08:24:24 [action #297] t=12.94s step=296 queue=2 dmax=2.372 | shoulder_pan.pos=+28.98 shoulder_lift.pos=+19.95 elbow_flex.pos=-20.67 wrist_flex.pos=+83.51 wrist_roll.pos=-5.46 gripper.pos=+6.00
DEBUG 2026-09-03 08:24:24 [action #298] t=12.98s step=297 queue=1 dmax=1.410 | shoulder_pan.pos=+28.84 shoulder_lift.pos=+21.11 elbow_flex.pos=-22.08 wrist_flex.pos=+83.51 wrist_roll.pos=-5.37 gripper.pos=+5.92
DEBUG 2026-09-03 08:24:24 [chunk] received 50 actions, timesteps 274..323 | first: shoulder_pan.pos=+23.02 shoulder_lift.pos=-11.93 elbow_flex.pos=+2.59 wrist_flex.pos=+78.68 wrist_roll.pos=-5.70 gripper.pos=+4.29 | last: shoulder_pan.pos=+34.66 shoulder_lift.pos=+23.03 elbow_flex.pos=-16.14 wrist_flex.pos=+70.58 wrist_roll.pos=-4.46 gripper.pos=+33.00
DEBUG 2026-09-03 08:24:24 [action #299] t=13.18s step=298 queue=26 dmax=13.264 | shoulder_pan.pos=+33.11 shoulder_lift.pos=+11.34 elbow_flex.pos=-13.52 wrist_flex.pos=+70.25 wrist_roll.pos=-5.14 gripper.pos=+4.30
DEBUG 2026-09-03 08:24:24 [action #300] t=13.21s step=299 queue=25 dmax=1.342 | shoulder_pan.pos=+32.80 shoulder_lift.pos=+12.68 elbow_flex.pos=-14.52 wrist_flex.pos=+70.00 wrist_roll.pos=-5.04 gripper.pos=+4.26
DEBUG 2026-09-03 08:24:24 [action #301] t=13.24s step=300 queue=24 dmax=0.767 | shoulder_pan.pos=+33.11 shoulder_lift.pos=+13.01 elbow_flex.pos=-15.29 wrist_flex.pos=+70.11 wrist_roll.pos=-5.11 gripper.pos=+4.45
DEBUG 2026-09-03 08:24:24 [action #302] t=13.28s step=301 queue=23 dmax=0.887 | shoulder_pan.pos=+33.20 shoulder_lift.pos=+13.90 elbow_flex.pos=-15.05 wrist_flex.pos=+70.18 wrist_roll.pos=-5.19 gripper.pos=+4.27
DEBUG 2026-09-03 08:24:24 [action #303] t=13.31s step=302 queue=22 dmax=1.334 | shoulder_pan.pos=+33.21 shoulder_lift.pos=+15.23 elbow_flex.pos=-16.04 wrist_flex.pos=+69.98 wrist_roll.pos=-5.08 gripper.pos=+4.14
DEBUG 2026-09-03 08:24:24 [action #304] t=13.34s step=303 queue=21 dmax=0.289 | shoulder_pan.pos=+33.17 shoulder_lift.pos=+15.52 elbow_flex.pos=-15.96 wrist_flex.pos=+69.90 wrist_roll.pos=-5.11 gripper.pos=+4.22
DEBUG 2026-09-03 08:24:24 [action #305] t=13.38s step=304 queue=20 dmax=1.034 | shoulder_pan.pos=+33.43 shoulder_lift.pos=+16.06 elbow_flex.pos=-17.00 wrist_flex.pos=+69.97 wrist_roll.pos=-5.16 gripper.pos=+3.88
DEBUG 2026-09-03 08:24:24 [action #306] t=13.41s step=305 queue=19 dmax=1.129 | shoulder_pan.pos=+33.18 shoulder_lift.pos=+17.19 elbow_flex.pos=-17.67 wrist_flex.pos=+69.78 wrist_roll.pos=-5.08 gripper.pos=+3.95
DEBUG 2026-09-03 08:24:24 [action #307] t=13.44s step=306 queue=18 dmax=0.347 | shoulder_pan.pos=+33.48 shoulder_lift.pos=+17.53 elbow_flex.pos=-17.57 wrist_flex.pos=+69.84 wrist_roll.pos=-5.09 gripper.pos=+4.12
DEBUG 2026-09-03 08:24:24 [action #308] t=13.48s step=307 queue=17 dmax=1.459 | shoulder_pan.pos=+34.07 shoulder_lift.pos=+18.99 elbow_flex.pos=-17.69 wrist_flex.pos=+69.87 wrist_roll.pos=-5.23 gripper.pos=+3.92
DEBUG 2026-09-03 08:24:24 [action #309] t=13.51s step=308 queue=16 dmax=0.584 | shoulder_pan.pos=+34.11 shoulder_lift.pos=+19.58 elbow_flex.pos=-17.84 wrist_flex.pos=+69.70 wrist_roll.pos=-5.21 gripper.pos=+3.90
DEBUG 2026-09-03 08:24:24 [action #310] t=13.54s step=309 queue=15 dmax=0.710 | shoulder_pan.pos=+34.34 shoulder_lift.pos=+20.29 elbow_flex.pos=-18.50 wrist_flex.pos=+69.74 wrist_roll.pos=-5.28 gripper.pos=+3.90
DEBUG 2026-09-03 08:24:24 [action #311] t=13.58s step=310 queue=14 dmax=0.772 | shoulder_pan.pos=+34.64 shoulder_lift.pos=+20.99 elbow_flex.pos=-17.72 wrist_flex.pos=+69.50 wrist_roll.pos=-5.27 gripper.pos=+3.90
DEBUG 2026-09-03 08:24:24 [action #312] t=13.61s step=311 queue=13 dmax=1.044 | shoulder_pan.pos=+35.03 shoulder_lift.pos=+20.81 elbow_flex.pos=-18.77 wrist_flex.pos=+69.29 wrist_roll.pos=-5.43 gripper.pos=+3.81
DEBUG 2026-09-03 08:24:25 [action #313] t=13.64s step=312 queue=12 dmax=1.189 | shoulder_pan.pos=+34.94 shoulder_lift.pos=+22.00 elbow_flex.pos=-19.02 wrist_flex.pos=+69.12 wrist_roll.pos=-5.46 gripper.pos=+4.35
DEBUG 2026-09-03 08:24:25 [action #314] t=13.68s step=313 queue=11 dmax=1.039 | shoulder_pan.pos=+35.08 shoulder_lift.pos=+22.27 elbow_flex.pos=-18.60 wrist_flex.pos=+69.08 wrist_roll.pos=-5.41 gripper.pos=+5.39
DEBUG 2026-09-03 08:24:25 [action #315] t=13.71s step=314 queue=10 dmax=2.733 | shoulder_pan.pos=+35.28 shoulder_lift.pos=+23.20 elbow_flex.pos=-18.44 wrist_flex.pos=+68.96 wrist_roll.pos=-5.31 gripper.pos=+8.12
DEBUG 2026-09-03 08:24:25 [action #316] t=13.75s step=315 queue=9 dmax=2.886 | shoulder_pan.pos=+35.38 shoulder_lift.pos=+23.76 elbow_flex.pos=-18.74 wrist_flex.pos=+69.26 wrist_roll.pos=-5.34 gripper.pos=+11.01
DEBUG 2026-09-03 08:24:25 [action #317] t=13.78s step=316 queue=8 dmax=3.354 | shoulder_pan.pos=+35.67 shoulder_lift.pos=+23.95 elbow_flex.pos=-19.00 wrist_flex.pos=+69.37 wrist_roll.pos=-5.24 gripper.pos=+14.36
DEBUG 2026-09-03 08:24:25 [action #318] t=13.81s step=317 queue=7 dmax=3.584 | shoulder_pan.pos=+35.87 shoulder_lift.pos=+24.06 elbow_flex.pos=-18.36 wrist_flex.pos=+69.42 wrist_roll.pos=-5.23 gripper.pos=+17.94
DEBUG 2026-09-03 08:24:25 [action #319] t=13.85s step=318 queue=6 dmax=3.697 | shoulder_pan.pos=+35.47 shoulder_lift.pos=+23.91 elbow_flex.pos=-18.41 wrist_flex.pos=+69.75 wrist_roll.pos=-5.10 gripper.pos=+21.64
DEBUG 2026-09-03 08:24:25 [action #320] t=13.88s step=319 queue=5 dmax=2.998 | shoulder_pan.pos=+35.80 shoulder_lift.pos=+23.67 elbow_flex.pos=-18.11 wrist_flex.pos=+69.72 wrist_roll.pos=-5.07 gripper.pos=+24.64
DEBUG 2026-09-03 08:24:25 [action #321] t=13.91s step=320 queue=4 dmax=3.025 | shoulder_pan.pos=+35.07 shoulder_lift.pos=+23.94 elbow_flex.pos=-17.51 wrist_flex.pos=+70.03 wrist_roll.pos=-4.99 gripper.pos=+27.66
DEBUG 2026-09-03 08:24:25 [action #322] t=13.95s step=321 queue=3 dmax=2.289 | shoulder_pan.pos=+34.89 shoulder_lift.pos=+24.25 elbow_flex.pos=-17.09 wrist_flex.pos=+70.02 wrist_roll.pos=-4.73 gripper.pos=+29.95
DEBUG 2026-09-03 08:24:25 [action #323] t=13.98s step=322 queue=2 dmax=1.812 | shoulder_pan.pos=+34.84 shoulder_lift.pos=+23.07 elbow_flex.pos=-15.89 wrist_flex.pos=+70.22 wrist_roll.pos=-4.68 gripper.pos=+31.77
DEBUG 2026-09-03 08:24:25 [chunk] received 50 actions, timesteps 297..346 | first: shoulder_pan.pos=+32.66 shoulder_lift.pos=+18.74 elbow_flex.pos=-22.22 wrist_flex.pos=+81.36 wrist_roll.pos=-5.96 gripper.pos=+5.34 | last: shoulder_pan.pos=+20.81 shoulder_lift.pos=+10.35 elbow_flex.pos=-28.35 wrist_flex.pos=+98.39 wrist_roll.pos=-2.69 gripper.pos=+9.37
DEBUG 2026-09-03 08:24:25 [action #324] t=14.01s step=323 queue=24 dmax=6.921 | shoulder_pan.pos=+34.84 shoulder_lift.pos=+25.49 elbow_flex.pos=-22.31 wrist_flex.pos=+77.14 wrist_roll.pos=-5.02 gripper.pos=+31.14
DEBUG 2026-09-03 08:24:25 [action #325] t=14.05s step=324 queue=23 dmax=3.147 | shoulder_pan.pos=+34.62 shoulder_lift.pos=+26.14 elbow_flex.pos=-25.08 wrist_flex.pos=+80.29 wrist_roll.pos=-5.33 gripper.pos=+30.43
DEBUG 2026-09-03 08:24:25 [action #326] t=14.08s step=325 queue=22 dmax=0.517 | shoulder_pan.pos=+34.46 shoulder_lift.pos=+26.11 elbow_flex.pos=-25.18 wrist_flex.pos=+80.81 wrist_roll.pos=-5.27 gripper.pos=+30.17
DEBUG 2026-09-03 08:24:25 [action #327] t=14.11s step=326 queue=21 dmax=0.842 | shoulder_pan.pos=+34.07 shoulder_lift.pos=+25.27 elbow_flex.pos=-25.30 wrist_flex.pos=+81.22 wrist_roll.pos=-5.25 gripper.pos=+29.92
DEBUG 2026-09-03 08:24:25 [action #328] t=14.15s step=327 queue=20 dmax=0.640 | shoulder_pan.pos=+33.86 shoulder_lift.pos=+24.75 elbow_flex.pos=-25.94 wrist_flex.pos=+81.55 wrist_roll.pos=-5.18 gripper.pos=+29.44
DEBUG 2026-09-03 08:24:25 [action #329] t=14.18s step=328 queue=19 dmax=0.919 | shoulder_pan.pos=+33.61 shoulder_lift.pos=+23.83 elbow_flex.pos=-26.82 wrist_flex.pos=+82.33 wrist_roll.pos=-5.29 gripper.pos=+29.13
DEBUG 2026-09-03 08:24:25 [action #330] t=14.21s step=329 queue=18 dmax=0.868 | shoulder_pan.pos=+33.30 shoulder_lift.pos=+23.74 elbow_flex.pos=-27.69 wrist_flex.pos=+83.15 wrist_roll.pos=-5.27 gripper.pos=+28.78
DEBUG 2026-09-03 08:24:25 [action #331] t=14.25s step=330 queue=17 dmax=1.439 | shoulder_pan.pos=+32.96 shoulder_lift.pos=+23.72 elbow_flex.pos=-29.13 wrist_flex.pos=+84.52 wrist_roll.pos=-5.21 gripper.pos=+28.47
DEBUG 2026-09-03 08:24:25 [action #332] t=14.28s step=331 queue=16 dmax=1.784 | shoulder_pan.pos=+32.56 shoulder_lift.pos=+23.14 elbow_flex.pos=-30.67 wrist_flex.pos=+86.30 wrist_roll.pos=-5.15 gripper.pos=+28.02
DEBUG 2026-09-03 08:24:25 [action #333] t=14.31s step=332 queue=15 dmax=1.843 | shoulder_pan.pos=+31.98 shoulder_lift.pos=+23.55 elbow_flex.pos=-32.17 wrist_flex.pos=+88.14 wrist_roll.pos=-5.11 gripper.pos=+27.61
DEBUG 2026-09-03 08:24:25 [action #334] t=14.35s step=333 queue=14 dmax=2.000 | shoulder_pan.pos=+31.19 shoulder_lift.pos=+23.67 elbow_flex.pos=-33.99 wrist_flex.pos=+90.14 wrist_roll.pos=-5.04 gripper.pos=+27.19
DEBUG 2026-09-03 08:24:25 [action #335] t=14.38s step=334 queue=13 dmax=1.505 | shoulder_pan.pos=+30.81 shoulder_lift.pos=+22.57 elbow_flex.pos=-34.08 wrist_flex.pos=+91.65 wrist_roll.pos=-5.02 gripper.pos=+26.62
DEBUG 2026-09-03 08:24:25 [action #336] t=14.41s step=335 queue=12 dmax=1.567 | shoulder_pan.pos=+30.00 shoulder_lift.pos=+22.73 elbow_flex.pos=-35.29 wrist_flex.pos=+93.21 wrist_roll.pos=-4.66 gripper.pos=+25.96
DEBUG 2026-09-03 08:24:25 [action #337] t=14.45s step=336 queue=11 dmax=1.294 | shoulder_pan.pos=+29.40 shoulder_lift.pos=+22.08 elbow_flex.pos=-36.11 wrist_flex.pos=+94.51 wrist_roll.pos=-4.54 gripper.pos=+25.17
DEBUG 2026-09-03 08:24:25 [action #338] t=14.48s step=337 queue=10 dmax=1.072 | shoulder_pan.pos=+28.38 shoulder_lift.pos=+21.28 elbow_flex.pos=-36.28 wrist_flex.pos=+95.58 wrist_roll.pos=-4.35 gripper.pos=+24.41
DEBUG 2026-09-03 08:24:25 [action #339] t=14.51s step=338 queue=9 dmax=0.941 | shoulder_pan.pos=+27.80 shoulder_lift.pos=+20.87 elbow_flex.pos=-36.30 wrist_flex.pos=+96.52 wrist_roll.pos=-4.13 gripper.pos=+23.56
DEBUG 2026-09-03 08:24:25 [action #340] t=14.55s step=339 queue=8 dmax=0.897 | shoulder_pan.pos=+27.11 shoulder_lift.pos=+20.48 elbow_flex.pos=-36.28 wrist_flex.pos=+97.28 wrist_roll.pos=-3.95 gripper.pos=+22.66
DEBUG 2026-09-03 08:24:25 [action #341] t=14.58s step=340 queue=7 dmax=1.209 | shoulder_pan.pos=+26.23 shoulder_lift.pos=+19.46 elbow_flex.pos=-35.77 wrist_flex.pos=+97.85 wrist_roll.pos=-3.75 gripper.pos=+21.45
DEBUG 2026-09-03 08:24:25 [action #342] t=14.61s step=341 queue=6 dmax=1.495 | shoulder_pan.pos=+25.63 shoulder_lift.pos=+18.33 elbow_flex.pos=-35.40 wrist_flex.pos=+98.35 wrist_roll.pos=-3.46 gripper.pos=+19.96
DEBUG 2026-09-03 08:24:26 [action #343] t=14.65s step=342 queue=5 dmax=1.872 | shoulder_pan.pos=+24.61 shoulder_lift.pos=+17.38 elbow_flex.pos=-34.00 wrist_flex.pos=+98.59 wrist_roll.pos=-3.28 gripper.pos=+18.08
DEBUG 2026-09-03 08:24:26 [action #344] t=14.68s step=343 queue=4 dmax=1.809 | shoulder_pan.pos=+23.68 shoulder_lift.pos=+16.56 elbow_flex.pos=-33.40 wrist_flex.pos=+98.68 wrist_roll.pos=-3.06 gripper.pos=+16.27
DEBUG 2026-09-03 08:24:26 [action #345] t=14.72s step=344 queue=3 dmax=2.083 | shoulder_pan.pos=+22.88 shoulder_lift.pos=+14.60 elbow_flex.pos=-31.75 wrist_flex.pos=+98.70 wrist_roll.pos=-2.95 gripper.pos=+14.19
DEBUG 2026-09-03 08:24:26 [action #346] t=14.75s step=345 queue=2 dmax=2.085 | shoulder_pan.pos=+21.79 shoulder_lift.pos=+12.71 elbow_flex.pos=-30.64 wrist_flex.pos=+98.63 wrist_roll.pos=-2.73 gripper.pos=+12.11
DEBUG 2026-09-03 08:24:26 [action #347] t=14.78s step=346 queue=1 dmax=2.740 | shoulder_pan.pos=+20.81 shoulder_lift.pos=+10.35 elbow_flex.pos=-28.35 wrist_flex.pos=+98.39 wrist_roll.pos=-2.69 gripper.pos=+9.37
DEBUG 2026-09-03 08:24:26 [chunk] received 50 actions, timesteps 322..371 | first: shoulder_pan.pos=+28.82 shoulder_lift.pos=+23.06 elbow_flex.pos=-19.13 wrist_flex.pos=+72.54 wrist_roll.pos=-4.76 gripper.pos=+24.12 | last: shoulder_pan.pos=-2.85 shoulder_lift.pos=-44.58 elbow_flex.pos=+47.10 wrist_flex.pos=+72.58 wrist_roll.pos=-3.75 gripper.pos=+0.11
DEBUG 2026-09-03 08:24:26 [action #348] t=14.95s step=347 queue=25 dmax=18.304 | shoulder_pan.pos=+16.72 shoulder_lift.pos=-1.46 elbow_flex.pos=-10.04 wrist_flex.pos=+89.56 wrist_roll.pos=-3.12 gripper.pos=+0.37
DEBUG 2026-09-03 08:24:26 [action #349] t=14.98s step=348 queue=24 dmax=2.152 | shoulder_pan.pos=+15.52 shoulder_lift.pos=-3.57 elbow_flex.pos=-7.89 wrist_flex.pos=+88.90 wrist_roll.pos=-3.22 gripper.pos=-0.26
DEBUG 2026-09-03 08:24:26 [action #350] t=15.02s step=349 queue=23 dmax=2.752 | shoulder_pan.pos=+14.36 shoulder_lift.pos=-6.33 elbow_flex.pos=-5.39 wrist_flex.pos=+88.41 wrist_roll.pos=-3.19 gripper.pos=-0.62
DEBUG 2026-09-03 08:24:26 [action #351] t=15.05s step=350 queue=22 dmax=2.564 | shoulder_pan.pos=+13.46 shoulder_lift.pos=-7.82 elbow_flex.pos=-2.82 wrist_flex.pos=+87.53 wrist_roll.pos=-3.37 gripper.pos=-0.56
DEBUG 2026-09-03 08:24:26 [action #352] t=15.08s step=351 queue=21 dmax=2.827 | shoulder_pan.pos=+12.67 shoulder_lift.pos=-9.59 elbow_flex.pos=+0.01 wrist_flex.pos=+86.63 wrist_roll.pos=-3.42 gripper.pos=-0.74
DEBUG 2026-09-03 08:24:26 [action #353] t=15.12s step=352 queue=20 dmax=2.989 | shoulder_pan.pos=+11.43 shoulder_lift.pos=-11.51 elbow_flex.pos=+2.99 wrist_flex.pos=+85.58 wrist_roll.pos=-3.50 gripper.pos=-0.38
DEBUG 2026-09-03 08:24:26 [action #354] t=15.15s step=353 queue=19 dmax=3.206 | shoulder_pan.pos=+10.60 shoulder_lift.pos=-13.18 elbow_flex.pos=+6.20 wrist_flex.pos=+84.55 wrist_roll.pos=-3.58 gripper.pos=-0.11
DEBUG 2026-09-03 08:24:26 [action #355] t=15.18s step=354 queue=18 dmax=2.497 | shoulder_pan.pos=+9.79 shoulder_lift.pos=-15.67 elbow_flex.pos=+8.66 wrist_flex.pos=+83.77 wrist_roll.pos=-3.63 gripper.pos=-0.06
DEBUG 2026-09-03 08:24:26 [action #356] t=15.22s step=355 queue=17 dmax=3.164 | shoulder_pan.pos=+8.76 shoulder_lift.pos=-16.95 elbow_flex.pos=+11.83 wrist_flex.pos=+83.02 wrist_roll.pos=-3.61 gripper.pos=+0.05
DEBUG 2026-09-03 08:24:26 [action #357] t=15.25s step=356 queue=16 dmax=2.474 | shoulder_pan.pos=+7.83 shoulder_lift.pos=-18.93 elbow_flex.pos=+14.30 wrist_flex.pos=+82.32 wrist_roll.pos=-3.61 gripper.pos=+0.11
DEBUG 2026-09-03 08:24:26 [action #358] t=15.28s step=357 queue=15 dmax=2.372 | shoulder_pan.pos=+6.85 shoulder_lift.pos=-20.54 elbow_flex.pos=+16.67 wrist_flex.pos=+81.71 wrist_roll.pos=-3.73 gripper.pos=+0.12
DEBUG 2026-09-03 08:24:26 [action #359] t=15.32s step=358 queue=14 dmax=2.716 | shoulder_pan.pos=+5.76 shoulder_lift.pos=-22.00 elbow_flex.pos=+19.39 wrist_flex.pos=+81.12 wrist_roll.pos=-3.81 gripper.pos=+0.14
DEBUG 2026-09-03 08:24:26 [action #360] t=15.35s step=359 queue=13 dmax=2.900 | shoulder_pan.pos=+4.58 shoulder_lift.pos=-24.08 elbow_flex.pos=+22.29 wrist_flex.pos=+80.35 wrist_roll.pos=-3.82 gripper.pos=+0.29
DEBUG 2026-09-03 08:24:26 [action #361] t=15.38s step=360 queue=12 dmax=2.162 | shoulder_pan.pos=+3.48 shoulder_lift.pos=-25.86 elbow_flex.pos=+24.45 wrist_flex.pos=+79.59 wrist_roll.pos=-3.78 gripper.pos=+0.24
DEBUG 2026-09-03 08:24:26 [action #362] t=15.42s step=361 queue=11 dmax=3.061 | shoulder_pan.pos=+2.30 shoulder_lift.pos=-28.10 elbow_flex.pos=+27.51 wrist_flex.pos=+78.82 wrist_roll.pos=-3.76 gripper.pos=+0.26
DEBUG 2026-09-03 08:24:26 [action #363] t=15.45s step=362 queue=10 dmax=2.623 | shoulder_pan.pos=+1.43 shoulder_lift.pos=-29.92 elbow_flex.pos=+30.13 wrist_flex.pos=+78.23 wrist_roll.pos=-3.87 gripper.pos=+0.24
DEBUG 2026-09-03 08:24:26 [action #364] t=15.48s step=363 queue=9 dmax=1.955 | shoulder_pan.pos=+0.66 shoulder_lift.pos=-31.87 elbow_flex.pos=+31.95 wrist_flex.pos=+77.46 wrist_roll.pos=-3.83 gripper.pos=+0.35
DEBUG 2026-09-03 08:24:26 [action #365] t=15.52s step=364 queue=8 dmax=2.497 | shoulder_pan.pos=+0.01 shoulder_lift.pos=-33.14 elbow_flex.pos=+34.45 wrist_flex.pos=+77.06 wrist_roll.pos=-3.94 gripper.pos=+0.37
DEBUG 2026-09-03 08:24:26 [action #366] t=15.55s step=365 queue=7 dmax=2.102 | shoulder_pan.pos=-0.88 shoulder_lift.pos=-34.53 elbow_flex.pos=+36.55 wrist_flex.pos=+76.10 wrist_roll.pos=-3.95 gripper.pos=+0.34
DEBUG 2026-09-03 08:24:26 [action #367] t=15.58s step=366 queue=6 dmax=2.194 | shoulder_pan.pos=-1.26 shoulder_lift.pos=-36.72 elbow_flex.pos=+38.21 wrist_flex.pos=+75.40 wrist_roll.pos=-3.93 gripper.pos=+0.31
DEBUG 2026-09-03 08:24:26 [action #368] t=15.62s step=367 queue=5 dmax=1.799 | shoulder_pan.pos=-1.72 shoulder_lift.pos=-37.77 elbow_flex.pos=+40.01 wrist_flex.pos=+74.63 wrist_roll.pos=-3.92 gripper.pos=+0.21
DEBUG 2026-09-03 08:24:27 [action #369] t=15.65s step=368 queue=4 dmax=2.239 | shoulder_pan.pos=-2.05 shoulder_lift.pos=-39.76 elbow_flex.pos=+42.25 wrist_flex.pos=+74.02 wrist_roll.pos=-3.82 gripper.pos=+0.24
DEBUG 2026-09-03 08:24:27 [action #370] t=15.69s step=369 queue=3 dmax=1.545 | shoulder_pan.pos=-2.30 shoulder_lift.pos=-41.26 elbow_flex.pos=+43.79 wrist_flex.pos=+73.52 wrist_roll.pos=-3.89 gripper.pos=+0.11
DEBUG 2026-09-03 08:24:27 [action #371] t=15.72s step=370 queue=2 dmax=1.629 | shoulder_pan.pos=-2.70 shoulder_lift.pos=-42.67 elbow_flex.pos=+45.42 wrist_flex.pos=+73.02 wrist_roll.pos=-3.88 gripper.pos=+0.09
DEBUG 2026-09-03 08:24:27 [action #372] t=15.75s step=371 queue=1 dmax=1.907 | shoulder_pan.pos=-2.85 shoulder_lift.pos=-44.58 elbow_flex.pos=+47.10 wrist_flex.pos=+72.58 wrist_roll.pos=-3.75 gripper.pos=+0.11
DEBUG 2026-09-03 08:24:27 [chunk] received 50 actions, timesteps 346..395 | first: shoulder_pan.pos=+18.68 shoulder_lift.pos=+2.37 elbow_flex.pos=-20.49 wrist_flex.pos=+96.92 wrist_roll.pos=-2.81 gripper.pos=+4.71 | last: shoulder_pan.pos=-4.98 shoulder_lift.pos=-82.82 elbow_flex.pos=+70.80 wrist_flex.pos=+71.12 wrist_roll.pos=-3.26 gripper.pos=-0.02
DEBUG 2026-09-03 08:24:27 [action #373] t=15.85s step=372 queue=24 dmax=5.361 | shoulder_pan.pos=-0.98 shoulder_lift.pos=-49.94 elbow_flex.pos=+44.05 wrist_flex.pos=+77.71 wrist_roll.pos=-3.38 gripper.pos=+0.25
DEBUG 2026-09-03 08:24:27 [action #374] t=15.89s step=373 queue=23 dmax=1.605 | shoulder_pan.pos=-1.94 shoulder_lift.pos=-51.55 elbow_flex.pos=+45.64 wrist_flex.pos=+77.05 wrist_roll.pos=-3.18 gripper.pos=-0.22
DEBUG 2026-09-03 08:24:27 [action #375] t=15.92s step=374 queue=22 dmax=0.851 | shoulder_pan.pos=-2.29 shoulder_lift.pos=-52.40 elbow_flex.pos=+46.47 wrist_flex.pos=+76.77 wrist_roll.pos=-3.24 gripper.pos=+0.30
DEBUG 2026-09-03 08:24:27 [action #376] t=15.95s step=375 queue=21 dmax=2.522 | shoulder_pan.pos=-2.29 shoulder_lift.pos=-54.60 elbow_flex.pos=+48.99 wrist_flex.pos=+76.08 wrist_roll.pos=-3.18 gripper.pos=+0.01
DEBUG 2026-09-03 08:24:27 [action #377] t=15.99s step=376 queue=20 dmax=1.603 | shoulder_pan.pos=-2.78 shoulder_lift.pos=-55.61 elbow_flex.pos=+50.59 wrist_flex.pos=+75.49 wrist_roll.pos=-3.21 gripper.pos=+0.06
DEBUG 2026-09-03 08:24:27 [action #378] t=16.02s step=377 queue=19 dmax=2.335 | shoulder_pan.pos=-3.09 shoulder_lift.pos=-57.94 elbow_flex.pos=+51.56 wrist_flex.pos=+75.09 wrist_roll.pos=-3.15 gripper.pos=+0.16
DEBUG 2026-09-03 08:24:27 [action #379] t=16.05s step=378 queue=18 dmax=1.340 | shoulder_pan.pos=-3.25 shoulder_lift.pos=-59.28 elbow_flex.pos=+52.40 wrist_flex.pos=+74.55 wrist_roll.pos=-3.23 gripper.pos=+0.49
DEBUG 2026-09-03 08:24:27 [action #380] t=16.09s step=379 queue=17 dmax=2.011 | shoulder_pan.pos=-3.80 shoulder_lift.pos=-60.75 elbow_flex.pos=+54.41 wrist_flex.pos=+74.06 wrist_roll.pos=-3.21 gripper.pos=+0.31
DEBUG 2026-09-03 08:24:27 [action #381] t=16.12s step=380 queue=16 dmax=2.035 | shoulder_pan.pos=-4.22 shoulder_lift.pos=-62.79 elbow_flex.pos=+56.23 wrist_flex.pos=+73.90 wrist_roll.pos=-3.19 gripper.pos=+0.17
DEBUG 2026-09-03 08:24:27 [action #382] t=16.15s step=381 queue=15 dmax=1.485 | shoulder_pan.pos=-4.40 shoulder_lift.pos=-64.27 elbow_flex.pos=+57.25 wrist_flex.pos=+73.82 wrist_roll.pos=-3.14 gripper.pos=+0.24
DEBUG 2026-09-03 08:24:27 [action #383] t=16.19s step=382 queue=14 dmax=1.906 | shoulder_pan.pos=-4.54 shoulder_lift.pos=-66.18 elbow_flex.pos=+58.50 wrist_flex.pos=+73.75 wrist_roll.pos=-3.17 gripper.pos=+0.24
DEBUG 2026-09-03 08:24:27 [action #384] t=16.22s step=383 queue=13 dmax=1.857 | shoulder_pan.pos=-4.58 shoulder_lift.pos=-68.04 elbow_flex.pos=+59.81 wrist_flex.pos=+73.70 wrist_roll.pos=-2.98 gripper.pos=+0.22
DEBUG 2026-09-03 08:24:27 [action #385] t=16.25s step=384 queue=12 dmax=1.249 | shoulder_pan.pos=-4.22 shoulder_lift.pos=-69.29 elbow_flex.pos=+60.18 wrist_flex.pos=+73.34 wrist_roll.pos=-3.23 gripper.pos=+0.33
DEBUG 2026-09-03 08:24:27 [action #386] t=16.29s step=385 queue=11 dmax=2.164 | shoulder_pan.pos=-4.05 shoulder_lift.pos=-71.45 elbow_flex.pos=+61.95 wrist_flex.pos=+73.06 wrist_roll.pos=-3.14 gripper.pos=+0.22
DEBUG 2026-09-03 08:24:27 [action #387] t=16.32s step=386 queue=10 dmax=1.775 | shoulder_pan.pos=-4.42 shoulder_lift.pos=-73.23 elbow_flex.pos=+63.14 wrist_flex.pos=+72.70 wrist_roll.pos=-3.06 gripper.pos=+0.22
DEBUG 2026-09-03 08:24:27 [action #388] t=16.35s step=387 queue=9 dmax=1.722 | shoulder_pan.pos=-4.56 shoulder_lift.pos=-74.95 elbow_flex.pos=+64.31 wrist_flex.pos=+72.90 wrist_roll.pos=-3.06 gripper.pos=+0.13
DEBUG 2026-09-03 08:24:27 [action #389] t=16.39s step=388 queue=8 dmax=1.318 | shoulder_pan.pos=-4.57 shoulder_lift.pos=-76.26 elbow_flex.pos=+64.54 wrist_flex.pos=+72.67 wrist_roll.pos=-3.10 gripper.pos=+0.17
DEBUG 2026-09-03 08:24:27 [action #390] t=16.42s step=389 queue=7 dmax=1.254 | shoulder_pan.pos=-4.55 shoulder_lift.pos=-77.52 elbow_flex.pos=+65.16 wrist_flex.pos=+72.59 wrist_roll.pos=-3.08 gripper.pos=+0.04
DEBUG 2026-09-03 08:24:27 [action #391] t=16.45s step=390 queue=6 dmax=1.612 | shoulder_pan.pos=-4.45 shoulder_lift.pos=-78.52 elbow_flex.pos=+66.77 wrist_flex.pos=+72.20 wrist_roll.pos=-3.25 gripper.pos=-0.01
DEBUG 2026-09-03 08:24:27 [action #392] t=16.49s step=391 queue=5 dmax=0.754 | shoulder_pan.pos=-4.27 shoulder_lift.pos=-79.28 elbow_flex.pos=+66.47 wrist_flex.pos=+72.18 wrist_roll.pos=-3.16 gripper.pos=-0.17
DEBUG 2026-09-03 08:24:27 [action #393] t=16.52s step=392 queue=4 dmax=1.465 | shoulder_pan.pos=-4.41 shoulder_lift.pos=-80.19 elbow_flex.pos=+67.94 wrist_flex.pos=+71.71 wrist_roll.pos=-3.00 gripper.pos=-0.23
DEBUG 2026-09-03 08:24:27 [action #394] t=16.55s step=393 queue=3 dmax=0.687 | shoulder_pan.pos=-4.60 shoulder_lift.pos=-80.88 elbow_flex.pos=+68.13 wrist_flex.pos=+71.45 wrist_roll.pos=-3.23 gripper.pos=+0.05
DEBUG 2026-09-03 08:24:27 [action #395] t=16.59s step=394 queue=2 dmax=1.111 | shoulder_pan.pos=-4.91 shoulder_lift.pos=-81.59 elbow_flex.pos=+69.24 wrist_flex.pos=+71.27 wrist_roll.pos=-3.23 gripper.pos=+0.07
DEBUG 2026-09-03 08:24:27 [action #396] t=16.62s step=395 queue=1 dmax=1.557 | shoulder_pan.pos=-4.98 shoulder_lift.pos=-82.82 elbow_flex.pos=+70.80 wrist_flex.pos=+71.12 wrist_roll.pos=-3.26 gripper.pos=-0.02
DEBUG 2026-09-03 08:24:28 [chunk] received 50 actions, timesteps 371..420 | first: shoulder_pan.pos=-2.93 shoulder_lift.pos=-47.84 elbow_flex.pos=+50.20 wrist_flex.pos=+71.85 wrist_roll.pos=-3.33 gripper.pos=+0.92 | last: shoulder_pan.pos=-5.41 shoulder_lift.pos=-101.23 elbow_flex.pos=+85.64 wrist_flex.pos=+79.58 wrist_roll.pos=-3.54 gripper.pos=+0.07
DEBUG 2026-09-03 08:24:28 [action #397] t=16.75s step=396 queue=25 dmax=5.911 | shoulder_pan.pos=-9.34 shoulder_lift.pos=-79.53 elbow_flex.pos=+76.71 wrist_flex.pos=+68.34 wrist_roll.pos=-3.22 gripper.pos=+0.75
DEBUG 2026-09-03 08:24:28 [action #398] t=16.79s step=397 queue=24 dmax=1.874 | shoulder_pan.pos=-9.38 shoulder_lift.pos=-81.40 elbow_flex.pos=+77.91 wrist_flex.pos=+68.52 wrist_roll.pos=-3.21 gripper.pos=+0.75
DEBUG 2026-09-03 08:24:28 [action #399] t=16.82s step=398 queue=23 dmax=2.268 | shoulder_pan.pos=-8.97 shoulder_lift.pos=-83.67 elbow_flex.pos=+78.69 wrist_flex.pos=+68.73 wrist_roll.pos=-3.24 gripper.pos=+0.65
DEBUG 2026-09-03 08:24:28 [action #400] t=16.86s step=399 queue=22 dmax=1.534 | shoulder_pan.pos=-9.01 shoulder_lift.pos=-85.21 elbow_flex.pos=+79.69 wrist_flex.pos=+69.17 wrist_roll.pos=-3.22 gripper.pos=+0.69
DEBUG 2026-09-03 08:24:28 [action #401] t=16.89s step=400 queue=21 dmax=1.987 | shoulder_pan.pos=-8.43 shoulder_lift.pos=-87.19 elbow_flex.pos=+80.08 wrist_flex.pos=+69.71 wrist_roll.pos=-3.28 gripper.pos=+0.56
DEBUG 2026-09-03 08:24:28 [action #402] t=16.92s step=401 queue=20 dmax=2.445 | shoulder_pan.pos=-8.45 shoulder_lift.pos=-89.64 elbow_flex.pos=+81.83 wrist_flex.pos=+70.49 wrist_roll.pos=-3.42 gripper.pos=+0.60
DEBUG 2026-09-03 08:24:28 [action #403] t=16.96s step=402 queue=19 dmax=1.376 | shoulder_pan.pos=-8.20 shoulder_lift.pos=-91.01 elbow_flex.pos=+81.82 wrist_flex.pos=+71.32 wrist_roll.pos=-3.45 gripper.pos=+0.58
DEBUG 2026-09-03 08:24:28 [action #404] t=16.99s step=403 queue=18 dmax=1.839 | shoulder_pan.pos=-7.69 shoulder_lift.pos=-92.85 elbow_flex.pos=+82.90 wrist_flex.pos=+72.15 wrist_roll.pos=-3.55 gripper.pos=+0.41
DEBUG 2026-09-03 08:24:28 [action #405] t=17.02s step=404 queue=17 dmax=1.394 | shoulder_pan.pos=-7.36 shoulder_lift.pos=-94.25 elbow_flex.pos=+83.18 wrist_flex.pos=+73.13 wrist_roll.pos=-3.57 gripper.pos=+0.43
DEBUG 2026-09-03 08:24:28 [action #406] t=17.06s step=405 queue=16 dmax=0.743 | shoulder_pan.pos=-7.00 shoulder_lift.pos=-94.99 elbow_flex.pos=+83.35 wrist_flex.pos=+73.78 wrist_roll.pos=-3.54 gripper.pos=+0.35
DEBUG 2026-09-03 08:24:28 [action #407] t=17.09s step=406 queue=15 dmax=1.762 | shoulder_pan.pos=-6.65 shoulder_lift.pos=-96.75 elbow_flex.pos=+84.28 wrist_flex.pos=+74.39 wrist_roll.pos=-3.56 gripper.pos=+0.41
DEBUG 2026-09-03 08:24:28 [action #408] t=17.12s step=407 queue=14 dmax=0.809 | shoulder_pan.pos=-6.33 shoulder_lift.pos=-97.56 elbow_flex.pos=+84.00 wrist_flex.pos=+74.83 wrist_roll.pos=-3.51 gripper.pos=+0.38
DEBUG 2026-09-03 08:24:28 [action #409] t=17.16s step=408 queue=13 dmax=1.128 | shoulder_pan.pos=-6.00 shoulder_lift.pos=-98.69 elbow_flex.pos=+84.48 wrist_flex.pos=+75.36 wrist_roll.pos=-3.65 gripper.pos=+0.42
DEBUG 2026-09-03 08:24:28 [action #410] t=17.19s step=409 queue=12 dmax=0.864 | shoulder_pan.pos=-6.13 shoulder_lift.pos=-99.15 elbow_flex.pos=+84.65 wrist_flex.pos=+76.22 wrist_roll.pos=-3.57 gripper.pos=+0.32
DEBUG 2026-09-03 08:24:28 [action #411] t=17.22s step=410 queue=11 dmax=0.626 | shoulder_pan.pos=-5.99 shoulder_lift.pos=-99.77 elbow_flex.pos=+84.75 wrist_flex.pos=+76.75 wrist_roll.pos=-3.54 gripper.pos=+0.35
DEBUG 2026-09-03 08:24:28 [action #412] t=17.26s step=411 queue=10 dmax=0.623 | shoulder_pan.pos=-5.80 shoulder_lift.pos=-100.19 elbow_flex.pos=+84.99 wrist_flex.pos=+77.37 wrist_roll.pos=-3.57 gripper.pos=+0.33
DEBUG 2026-09-03 08:24:28 [action #413] t=17.29s step=412 queue=9 dmax=0.478 | shoulder_pan.pos=-6.12 shoulder_lift.pos=-100.56 elbow_flex.pos=+84.77 wrist_flex.pos=+77.85 wrist_roll.pos=-3.59 gripper.pos=+0.31
DEBUG 2026-09-03 08:24:28 [action #414] t=17.32s step=413 queue=8 dmax=0.680 | shoulder_pan.pos=-5.91 shoulder_lift.pos=-100.97 elbow_flex.pos=+85.45 wrist_flex.pos=+78.30 wrist_roll.pos=-3.64 gripper.pos=+0.21
DEBUG 2026-09-03 08:24:28 [action #415] t=17.36s step=414 queue=7 dmax=0.399 | shoulder_pan.pos=-5.94 shoulder_lift.pos=-101.37 elbow_flex.pos=+85.56 wrist_flex.pos=+78.69 wrist_roll.pos=-3.59 gripper.pos=+0.21
DEBUG 2026-09-03 08:24:28 [action #416] t=17.39s step=415 queue=6 dmax=0.364 | shoulder_pan.pos=-5.87 shoulder_lift.pos=-101.60 elbow_flex.pos=+85.20 wrist_flex.pos=+79.05 wrist_roll.pos=-3.56 gripper.pos=+0.10
DEBUG 2026-09-03 08:24:28 [action #417] t=17.42s step=416 queue=5 dmax=0.495 | shoulder_pan.pos=-5.99 shoulder_lift.pos=-101.34 elbow_flex.pos=+85.69 wrist_flex.pos=+79.20 wrist_roll.pos=-3.59 gripper.pos=+0.20
DEBUG 2026-09-03 08:24:28 [action #418] t=17.46s step=417 queue=4 dmax=0.250 | shoulder_pan.pos=-5.87 shoulder_lift.pos=-101.31 elbow_flex.pos=+85.48 wrist_flex.pos=+79.45 wrist_roll.pos=-3.45 gripper.pos=+0.07
DEBUG 2026-09-03 08:24:28 [action #419] t=17.49s step=418 queue=3 dmax=0.319 | shoulder_pan.pos=-5.77 shoulder_lift.pos=-101.06 elbow_flex.pos=+85.80 wrist_flex.pos=+79.49 wrist_roll.pos=-3.49 gripper.pos=+0.08
DEBUG 2026-09-03 08:24:28 [action #420] t=17.52s step=419 queue=2 dmax=0.170 | shoulder_pan.pos=-5.60 shoulder_lift.pos=-101.15 elbow_flex.pos=+85.76 wrist_flex.pos=+79.54 wrist_roll.pos=-3.54 gripper.pos=+0.09
DEBUG 2026-09-03 08:24:28 [action #421] t=17.56s step=420 queue=1 dmax=0.199 | shoulder_pan.pos=-5.41 shoulder_lift.pos=-101.23 elbow_flex.pos=+85.64 wrist_flex.pos=+79.58 wrist_roll.pos=-3.54 gripper.pos=+0.07
DEBUG 2026-09-03 08:24:29 [chunk] received 50 actions, timesteps 395..444 | first: shoulder_pan.pos=-4.57 shoulder_lift.pos=-85.83 elbow_flex.pos=+73.16 wrist_flex.pos=+70.16 wrist_roll.pos=-4.19 gripper.pos=+0.09 | last: shoulder_pan.pos=-9.81 shoulder_lift.pos=-43.20 elbow_flex.pos=+43.12 wrist_flex.pos=+66.78 wrist_roll.pos=-5.49 gripper.pos=+0.34
DEBUG 2026-09-03 08:24:29 [action #422] t=17.72s step=421 queue=24 dmax=4.830 | shoulder_pan.pos=-9.07 shoulder_lift.pos=-99.58 elbow_flex.pos=+83.51 wrist_flex.pos=+74.75 wrist_roll.pos=-2.91 gripper.pos=-0.09
DEBUG 2026-09-03 08:24:29 [action #423] t=17.76s step=422 queue=23 dmax=0.825 | shoulder_pan.pos=-8.97 shoulder_lift.pos=-99.49 elbow_flex.pos=+82.69 wrist_flex.pos=+74.89 wrist_roll.pos=-3.07 gripper.pos=+0.01
DEBUG 2026-09-03 08:24:29 [action #424] t=17.79s step=423 queue=22 dmax=1.026 | shoulder_pan.pos=-8.83 shoulder_lift.pos=-98.46 elbow_flex.pos=+82.45 wrist_flex.pos=+74.83 wrist_roll.pos=-3.16 gripper.pos=+0.04
DEBUG 2026-09-03 08:24:29 [action #425] t=17.82s step=424 queue=21 dmax=0.932 | shoulder_pan.pos=-8.79 shoulder_lift.pos=-97.71 elbow_flex.pos=+81.52 wrist_flex.pos=+74.94 wrist_roll.pos=-3.45 gripper.pos=+0.05
DEBUG 2026-09-03 08:24:29 [action #426] t=17.86s step=425 queue=20 dmax=1.485 | shoulder_pan.pos=-8.92 shoulder_lift.pos=-96.23 elbow_flex.pos=+80.92 wrist_flex.pos=+74.69 wrist_roll.pos=-3.64 gripper.pos=-0.06
DEBUG 2026-09-03 08:24:29 [action #427] t=17.89s step=426 queue=19 dmax=2.137 | shoulder_pan.pos=-8.95 shoulder_lift.pos=-94.09 elbow_flex.pos=+80.29 wrist_flex.pos=+74.33 wrist_roll.pos=-3.96 gripper.pos=+0.01
DEBUG 2026-09-03 08:24:29 [action #428] t=17.92s step=427 queue=18 dmax=2.676 | shoulder_pan.pos=-8.98 shoulder_lift.pos=-91.42 elbow_flex.pos=+78.37 wrist_flex.pos=+73.59 wrist_roll.pos=-4.27 gripper.pos=+0.03
DEBUG 2026-09-03 08:24:29 [action #429] t=17.96s step=428 queue=17 dmax=3.581 | shoulder_pan.pos=-9.03 shoulder_lift.pos=-87.83 elbow_flex.pos=+76.77 wrist_flex.pos=+72.82 wrist_roll.pos=-4.58 gripper.pos=+0.02
DEBUG 2026-09-03 08:24:29 [action #430] t=17.99s step=429 queue=16 dmax=3.877 | shoulder_pan.pos=-9.30 shoulder_lift.pos=-83.96 elbow_flex.pos=+75.14 wrist_flex.pos=+71.75 wrist_roll.pos=-4.75 gripper.pos=+0.02
DEBUG 2026-09-03 08:24:29 [action #431] t=18.02s step=430 queue=15 dmax=3.542 | shoulder_pan.pos=-9.20 shoulder_lift.pos=-80.42 elbow_flex.pos=+72.62 wrist_flex.pos=+70.74 wrist_roll.pos=-5.08 gripper.pos=-0.05
DEBUG 2026-09-03 08:24:29 [action #432] t=18.06s step=431 queue=14 dmax=3.827 | shoulder_pan.pos=-9.46 shoulder_lift.pos=-76.59 elbow_flex.pos=+70.21 wrist_flex.pos=+69.63 wrist_roll.pos=-5.19 gripper.pos=-0.12
DEBUG 2026-09-03 08:24:29 [action #433] t=18.09s step=432 queue=13 dmax=3.106 | shoulder_pan.pos=-9.36 shoulder_lift.pos=-73.48 elbow_flex.pos=+68.38 wrist_flex.pos=+68.42 wrist_roll.pos=-5.40 gripper.pos=-0.05
DEBUG 2026-09-03 08:24:29 [action #434] t=18.12s step=433 queue=12 dmax=3.750 | shoulder_pan.pos=-9.50 shoulder_lift.pos=-69.73 elbow_flex.pos=+65.80 wrist_flex.pos=+67.69 wrist_roll.pos=-5.46 gripper.pos=+0.05
DEBUG 2026-09-03 08:24:29 [action #435] t=18.16s step=434 queue=11 dmax=2.880 | shoulder_pan.pos=-9.47 shoulder_lift.pos=-66.85 elbow_flex.pos=+63.82 wrist_flex.pos=+67.32 wrist_roll.pos=-5.57 gripper.pos=+0.02
DEBUG 2026-09-03 08:24:29 [action #436] t=18.19s step=435 queue=10 dmax=2.727 | shoulder_pan.pos=-9.21 shoulder_lift.pos=-64.13 elbow_flex.pos=+61.35 wrist_flex.pos=+67.14 wrist_roll.pos=-5.65 gripper.pos=-0.06
DEBUG 2026-09-03 08:24:29 [action #437] t=18.23s step=436 queue=9 dmax=3.087 | shoulder_pan.pos=-9.63 shoulder_lift.pos=-61.04 elbow_flex.pos=+58.91 wrist_flex.pos=+66.85 wrist_roll.pos=-5.62 gripper.pos=+0.11
DEBUG 2026-09-03 08:24:29 [action #438] t=18.26s step=437 queue=8 dmax=2.968 | shoulder_pan.pos=-9.51 shoulder_lift.pos=-58.07 elbow_flex.pos=+56.85 wrist_flex.pos=+66.72 wrist_roll.pos=-5.49 gripper.pos=+0.03
DEBUG 2026-09-03 08:24:29 [action #439] t=18.29s step=438 queue=7 dmax=2.779 | shoulder_pan.pos=-9.63 shoulder_lift.pos=-55.29 elbow_flex.pos=+54.56 wrist_flex.pos=+66.74 wrist_roll.pos=-5.42 gripper.pos=+0.02
DEBUG 2026-09-03 08:24:29 [action #440] t=18.33s step=439 queue=6 dmax=2.508 | shoulder_pan.pos=-9.72 shoulder_lift.pos=-52.78 elbow_flex.pos=+52.46 wrist_flex.pos=+66.66 wrist_roll.pos=-5.48 gripper.pos=+0.09
DEBUG 2026-09-03 08:24:29 [action #441] t=18.36s step=440 queue=5 dmax=3.023 | shoulder_pan.pos=-9.88 shoulder_lift.pos=-50.87 elbow_flex.pos=+49.43 wrist_flex.pos=+66.63 wrist_roll.pos=-5.47 gripper.pos=+0.05
DEBUG 2026-09-03 08:24:29 [action #442] t=18.39s step=441 queue=4 dmax=2.489 | shoulder_pan.pos=-9.90 shoulder_lift.pos=-48.38 elbow_flex.pos=+48.37 wrist_flex.pos=+66.32 wrist_roll.pos=-5.43 gripper.pos=+0.16
DEBUG 2026-09-03 08:24:29 [action #443] t=18.43s step=442 queue=3 dmax=2.231 | shoulder_pan.pos=-9.97 shoulder_lift.pos=-46.26 elbow_flex.pos=+46.13 wrist_flex.pos=+66.60 wrist_roll.pos=-5.50 gripper.pos=+0.19
DEBUG 2026-09-03 08:24:29 [action #444] t=18.46s step=443 queue=2 dmax=1.674 | shoulder_pan.pos=-9.95 shoulder_lift.pos=-44.58 elbow_flex.pos=+44.55 wrist_flex.pos=+66.71 wrist_roll.pos=-5.52 gripper.pos=+0.32
DEBUG 2026-09-03 08:24:29 [action #445] t=18.49s step=444 queue=1 dmax=1.423 | shoulder_pan.pos=-9.81 shoulder_lift.pos=-43.20 elbow_flex.pos=+43.12 wrist_flex.pos=+66.78 wrist_roll.pos=-5.49 gripper.pos=+0.34
DEBUG 2026-09-03 08:24:29 [chunk] received 50 actions, timesteps 420..469 | first: shoulder_pan.pos=-7.63 shoulder_lift.pos=-99.96 elbow_flex.pos=+86.80 wrist_flex.pos=+77.33 wrist_roll.pos=-3.27 gripper.pos=+0.13 | last: shoulder_pan.pos=-14.05 shoulder_lift.pos=-99.72 elbow_flex.pos=+86.53 wrist_flex.pos=+62.50 wrist_roll.pos=-2.29 gripper.pos=+0.27
DEBUG 2026-09-03 08:24:29 [action #446] t=18.63s step=445 queue=25 dmax=57.700 | shoulder_pan.pos=-11.79 shoulder_lift.pos=-100.90 elbow_flex.pos=+87.57 wrist_flex.pos=+72.44 wrist_roll.pos=-3.14 gripper.pos=+0.18
DEBUG 2026-09-03 08:24:30 [action #447] t=18.66s step=446 queue=24 dmax=0.347 | shoulder_pan.pos=-11.78 shoulder_lift.pos=-101.25 elbow_flex.pos=+87.36 wrist_flex.pos=+72.46 wrist_roll.pos=-3.15 gripper.pos=+0.24
DEBUG 2026-09-03 08:24:30 [action #448] t=18.69s step=447 queue=23 dmax=0.385 | shoulder_pan.pos=-11.75 shoulder_lift.pos=-101.00 elbow_flex.pos=+86.97 wrist_flex.pos=+72.54 wrist_roll.pos=-3.09 gripper.pos=+0.06
DEBUG 2026-09-03 08:24:30 [action #449] t=18.73s step=448 queue=22 dmax=0.569 | shoulder_pan.pos=-12.31 shoulder_lift.pos=-100.89 elbow_flex.pos=+87.09 wrist_flex.pos=+72.44 wrist_roll.pos=-3.13 gripper.pos=+0.17
DEBUG 2026-09-03 08:24:30 [action #450] t=18.76s step=449 queue=21 dmax=0.336 | shoulder_pan.pos=-12.19 shoulder_lift.pos=-100.56 elbow_flex.pos=+87.12 wrist_flex.pos=+72.53 wrist_roll.pos=-3.00 gripper.pos=+0.16
DEBUG 2026-09-03 08:24:30 [action #451] t=18.79s step=450 queue=20 dmax=0.316 | shoulder_pan.pos=-12.48 shoulder_lift.pos=-100.45 elbow_flex.pos=+86.98 wrist_flex.pos=+72.84 wrist_roll.pos=-2.98 gripper.pos=-0.04
DEBUG 2026-09-03 08:24:30 [action #452] t=18.83s step=451 queue=19 dmax=0.630 | shoulder_pan.pos=-12.62 shoulder_lift.pos=-101.08 elbow_flex.pos=+87.07 wrist_flex.pos=+72.70 wrist_roll.pos=-2.81 gripper.pos=+0.07
DEBUG 2026-09-03 08:24:30 [action #453] t=18.86s step=452 queue=18 dmax=0.208 | shoulder_pan.pos=-12.83 shoulder_lift.pos=-101.22 elbow_flex.pos=+87.13 wrist_flex.pos=+72.65 wrist_roll.pos=-2.62 gripper.pos=+0.17
DEBUG 2026-09-03 08:24:30 [action #454] t=18.89s step=453 queue=17 dmax=0.699 | shoulder_pan.pos=-13.53 shoulder_lift.pos=-100.82 elbow_flex.pos=+86.64 wrist_flex.pos=+72.50 wrist_roll.pos=-2.36 gripper.pos=+0.09
DEBUG 2026-09-03 08:24:30 [action #455] t=18.93s step=454 queue=16 dmax=0.235 | shoulder_pan.pos=-13.39 shoulder_lift.pos=-101.03 elbow_flex.pos=+86.74 wrist_flex.pos=+72.50 wrist_roll.pos=-2.12 gripper.pos=+0.08
DEBUG 2026-09-03 08:24:30 [action #456] t=18.96s step=455 queue=15 dmax=0.511 | shoulder_pan.pos=-13.90 shoulder_lift.pos=-101.24 elbow_flex.pos=+87.23 wrist_flex.pos=+72.09 wrist_roll.pos=-1.95 gripper.pos=+0.18
DEBUG 2026-09-03 08:24:30 [action #457] t=18.99s step=456 queue=14 dmax=0.218 | shoulder_pan.pos=-14.02 shoulder_lift.pos=-101.06 elbow_flex.pos=+87.11 wrist_flex.pos=+71.87 wrist_roll.pos=-1.74 gripper.pos=+0.07
DEBUG 2026-09-03 08:24:30 [action #458] t=19.03s step=457 queue=13 dmax=0.695 | shoulder_pan.pos=-14.23 shoulder_lift.pos=-101.18 elbow_flex.pos=+86.42 wrist_flex.pos=+71.43 wrist_roll.pos=-1.66 gripper.pos=+0.18
DEBUG 2026-09-03 08:24:30 [action #459] t=19.06s step=458 queue=12 dmax=0.532 | shoulder_pan.pos=-14.06 shoulder_lift.pos=-101.71 elbow_flex.pos=+86.44 wrist_flex.pos=+71.29 wrist_roll.pos=-1.65 gripper.pos=+0.04
DEBUG 2026-09-03 08:24:30 [action #460] t=19.09s step=459 queue=11 dmax=0.605 | shoulder_pan.pos=-14.21 shoulder_lift.pos=-101.42 elbow_flex.pos=+86.57 wrist_flex.pos=+70.69 wrist_roll.pos=-1.75 gripper.pos=+0.13
DEBUG 2026-09-03 08:24:30 [action #461] t=19.13s step=460 queue=10 dmax=0.584 | shoulder_pan.pos=-14.26 shoulder_lift.pos=-101.31 elbow_flex.pos=+86.28 wrist_flex.pos=+70.10 wrist_roll.pos=-1.78 gripper.pos=+0.14
DEBUG 2026-09-03 08:24:30 [action #462] t=19.16s step=461 queue=9 dmax=0.663 | shoulder_pan.pos=-14.30 shoulder_lift.pos=-100.90 elbow_flex.pos=+86.44 wrist_flex.pos=+69.44 wrist_roll.pos=-1.68 gripper.pos=+0.05
DEBUG 2026-09-03 08:24:30 [action #463] t=19.19s step=462 queue=8 dmax=0.955 | shoulder_pan.pos=-14.17 shoulder_lift.pos=-101.02 elbow_flex.pos=+86.90 wrist_flex.pos=+68.49 wrist_roll.pos=-1.79 gripper.pos=+0.24
DEBUG 2026-09-03 08:24:30 [action #464] t=19.23s step=463 queue=7 dmax=1.052 | shoulder_pan.pos=-14.09 shoulder_lift.pos=-100.80 elbow_flex.pos=+87.05 wrist_flex.pos=+67.43 wrist_roll.pos=-1.84 gripper.pos=+0.09
DEBUG 2026-09-03 08:24:30 [action #465] t=19.26s step=464 queue=6 dmax=1.212 | shoulder_pan.pos=-14.24 shoulder_lift.pos=-100.88 elbow_flex.pos=+86.68 wrist_flex.pos=+66.22 wrist_roll.pos=-2.00 gripper.pos=+0.18
DEBUG 2026-09-03 08:24:30 [action #466] t=19.29s step=465 queue=5 dmax=0.950 | shoulder_pan.pos=-14.24 shoulder_lift.pos=-100.53 elbow_flex.pos=+87.08 wrist_flex.pos=+65.27 wrist_roll.pos=-2.15 gripper.pos=+0.27
DEBUG 2026-09-03 08:24:30 [action #467] t=19.33s step=466 queue=4 dmax=0.695 | shoulder_pan.pos=-14.39 shoulder_lift.pos=-101.08 elbow_flex.pos=+87.41 wrist_flex.pos=+64.58 wrist_roll.pos=-2.21 gripper.pos=+0.38
DEBUG 2026-09-03 08:24:30 [action #468] t=19.36s step=467 queue=3 dmax=0.680 | shoulder_pan.pos=-14.35 shoulder_lift.pos=-101.22 elbow_flex.pos=+87.98 wrist_flex.pos=+63.90 wrist_roll.pos=-2.24 gripper.pos=+0.32
DEBUG 2026-09-03 08:24:30 [action #469] t=19.40s step=468 queue=2 dmax=1.346 | shoulder_pan.pos=-14.22 shoulder_lift.pos=-99.92 elbow_flex.pos=+86.63 wrist_flex.pos=+63.11 wrist_roll.pos=-2.20 gripper.pos=+0.18
DEBUG 2026-09-03 08:24:30 [action #470] t=19.43s step=469 queue=1 dmax=0.604 | shoulder_pan.pos=-14.05 shoulder_lift.pos=-99.72 elbow_flex.pos=+86.53 wrist_flex.pos=+62.50 wrist_roll.pos=-2.29 gripper.pos=+0.27
DEBUG 2026-09-03 08:24:30 [chunk] received 50 actions, timesteps 444..493 | first: shoulder_pan.pos=-10.66 shoulder_lift.pos=-48.18 elbow_flex.pos=+50.63 wrist_flex.pos=+65.36 wrist_roll.pos=-5.56 gripper.pos=+0.57 | last: shoulder_pan.pos=-26.78 shoulder_lift.pos=-97.75 elbow_flex.pos=+83.06 wrist_flex.pos=+73.67 wrist_roll.pos=-3.99 gripper.pos=-0.12
DEBUG 2026-09-03 08:24:30 [action #471] t=19.63s step=470 queue=24 dmax=19.580 | shoulder_pan.pos=-20.30 shoulder_lift.pos=-80.14 elbow_flex.pos=+74.18 wrist_flex.pos=+66.61 wrist_roll.pos=-4.76 gripper.pos=+0.47
DEBUG 2026-09-03 08:24:31 [action #472] t=19.66s step=471 queue=23 dmax=1.610 | shoulder_pan.pos=-20.76 shoulder_lift.pos=-81.75 elbow_flex.pos=+75.05 wrist_flex.pos=+66.98 wrist_roll.pos=-4.77 gripper.pos=+0.17
DEBUG 2026-09-03 08:24:31 [action #473] t=19.70s step=472 queue=22 dmax=0.999 | shoulder_pan.pos=-20.94 shoulder_lift.pos=-82.75 elbow_flex.pos=+75.56 wrist_flex.pos=+67.54 wrist_roll.pos=-4.81 gripper.pos=+0.33
DEBUG 2026-09-03 08:24:31 [action #474] t=19.73s step=473 queue=21 dmax=1.823 | shoulder_pan.pos=-21.48 shoulder_lift.pos=-84.57 elbow_flex.pos=+75.41 wrist_flex.pos=+67.85 wrist_roll.pos=-4.71 gripper.pos=+0.30
DEBUG 2026-09-03 08:24:31 [action #475] t=19.76s step=474 queue=20 dmax=1.070 | shoulder_pan.pos=-22.29 shoulder_lift.pos=-85.64 elbow_flex.pos=+76.16 wrist_flex.pos=+68.50 wrist_roll.pos=-4.85 gripper.pos=+0.32
DEBUG 2026-09-03 08:24:31 [action #476] t=19.80s step=475 queue=19 dmax=2.053 | shoulder_pan.pos=-22.65 shoulder_lift.pos=-87.69 elbow_flex.pos=+77.31 wrist_flex.pos=+68.69 wrist_roll.pos=-4.77 gripper.pos=+0.24
DEBUG 2026-09-03 08:24:31 [action #477] t=19.83s step=476 queue=18 dmax=0.947 | shoulder_pan.pos=-23.22 shoulder_lift.pos=-88.64 elbow_flex.pos=+77.98 wrist_flex.pos=+68.98 wrist_roll.pos=-4.78 gripper.pos=+0.18
DEBUG 2026-09-03 08:24:31 [action #478] t=19.86s step=477 queue=17 dmax=0.917 | shoulder_pan.pos=-23.54 shoulder_lift.pos=-89.56 elbow_flex.pos=+78.82 wrist_flex.pos=+69.35 wrist_roll.pos=-4.87 gripper.pos=+0.08
DEBUG 2026-09-03 08:24:31 [action #479] t=19.90s step=478 queue=16 dmax=1.817 | shoulder_pan.pos=-23.49 shoulder_lift.pos=-91.37 elbow_flex.pos=+79.26 wrist_flex.pos=+69.55 wrist_roll.pos=-4.81 gripper.pos=-0.03
DEBUG 2026-09-03 08:24:31 [action #480] t=19.93s step=479 queue=15 dmax=1.078 | shoulder_pan.pos=-23.94 shoulder_lift.pos=-92.01 elbow_flex.pos=+80.34 wrist_flex.pos=+70.08 wrist_roll.pos=-4.81 gripper.pos=+0.09
DEBUG 2026-09-03 08:24:31 [action #481] t=19.96s step=480 queue=14 dmax=2.169 | shoulder_pan.pos=-24.09 shoulder_lift.pos=-94.18 elbow_flex.pos=+81.10 wrist_flex.pos=+70.00 wrist_roll.pos=-4.79 gripper.pos=+0.16
DEBUG 2026-09-03 08:24:31 [action #482] t=20.00s step=481 queue=13 dmax=0.807 | shoulder_pan.pos=-24.05 shoulder_lift.pos=-94.99 elbow_flex.pos=+81.16 wrist_flex.pos=+70.54 wrist_roll.pos=-4.85 gripper.pos=+0.13
DEBUG 2026-09-03 08:24:31 [action #483] t=20.03s step=482 queue=12 dmax=1.107 | shoulder_pan.pos=-24.55 shoulder_lift.pos=-96.10 elbow_flex.pos=+81.53 wrist_flex.pos=+70.92 wrist_roll.pos=-4.88 gripper.pos=+0.00
DEBUG 2026-09-03 08:24:31 [action #484] t=20.06s step=483 queue=11 dmax=1.475 | shoulder_pan.pos=-24.69 shoulder_lift.pos=-97.57 elbow_flex.pos=+82.33 wrist_flex.pos=+71.37 wrist_roll.pos=-4.87 gripper.pos=-0.02
DEBUG 2026-09-03 08:24:31 [action #485] t=20.10s step=484 queue=10 dmax=0.528 | shoulder_pan.pos=-25.12 shoulder_lift.pos=-98.10 elbow_flex.pos=+82.41 wrist_flex.pos=+71.77 wrist_roll.pos=-4.86 gripper.pos=+0.03
DEBUG 2026-09-03 08:24:31 [action #486] t=20.13s step=485 queue=9 dmax=0.631 | shoulder_pan.pos=-25.60 shoulder_lift.pos=-98.39 elbow_flex.pos=+83.05 wrist_flex.pos=+72.19 wrist_roll.pos=-4.71 gripper.pos=+0.04
DEBUG 2026-09-03 08:24:31 [action #487] t=20.16s step=486 queue=8 dmax=0.410 | shoulder_pan.pos=-25.81 shoulder_lift.pos=-98.80 elbow_flex.pos=+82.79 wrist_flex.pos=+72.53 wrist_roll.pos=-4.71 gripper.pos=+0.09
DEBUG 2026-09-03 08:24:31 [action #488] t=20.20s step=487 queue=7 dmax=0.496 | shoulder_pan.pos=-26.30 shoulder_lift.pos=-99.00 elbow_flex.pos=+83.11 wrist_flex.pos=+72.71 wrist_roll.pos=-4.66 gripper.pos=+0.02
DEBUG 2026-09-03 08:24:31 [action #489] t=20.23s step=488 queue=6 dmax=0.378 | shoulder_pan.pos=-26.68 shoulder_lift.pos=-98.63 elbow_flex.pos=+83.13 wrist_flex.pos=+72.70 wrist_roll.pos=-4.57 gripper.pos=-0.06
DEBUG 2026-09-03 08:24:31 [action #490] t=20.26s step=489 queue=5 dmax=0.299 | shoulder_pan.pos=-26.47 shoulder_lift.pos=-98.33 elbow_flex.pos=+83.11 wrist_flex.pos=+72.93 wrist_roll.pos=-4.55 gripper.pos=-0.14
DEBUG 2026-09-03 08:24:31 [action #491] t=20.30s step=490 queue=4 dmax=0.266 | shoulder_pan.pos=-26.56 shoulder_lift.pos=-98.24 elbow_flex.pos=+82.93 wrist_flex.pos=+73.20 wrist_roll.pos=-4.49 gripper.pos=-0.32
DEBUG 2026-09-03 08:24:31 [action #492] t=20.33s step=491 queue=3 dmax=0.342 | shoulder_pan.pos=-26.66 shoulder_lift.pos=-98.58 elbow_flex.pos=+82.89 wrist_flex.pos=+73.53 wrist_roll.pos=-4.44 gripper.pos=-0.36
DEBUG 2026-09-03 08:24:31 [action #493] t=20.36s step=492 queue=2 dmax=0.439 | shoulder_pan.pos=-26.60 shoulder_lift.pos=-98.14 elbow_flex.pos=+82.99 wrist_flex.pos=+73.82 wrist_roll.pos=-4.26 gripper.pos=-0.24
DEBUG 2026-09-03 08:24:31 [action #494] t=20.40s step=493 queue=1 dmax=0.390 | shoulder_pan.pos=-26.78 shoulder_lift.pos=-97.75 elbow_flex.pos=+83.06 wrist_flex.pos=+73.67 wrist_roll.pos=-3.99 gripper.pos=-0.12
DEBUG 2026-09-03 08:24:31 [chunk] received 50 actions, timesteps 469..518 | first: shoulder_pan.pos=-14.47 shoulder_lift.pos=-98.35 elbow_flex.pos=+86.12 wrist_flex.pos=+63.42 wrist_roll.pos=-2.01 gripper.pos=+0.52 | last: shoulder_pan.pos=-16.90 shoulder_lift.pos=-39.05 elbow_flex.pos=+38.43 wrist_flex.pos=+57.75 wrist_roll.pos=-5.20 gripper.pos=+0.75
DEBUG 2026-09-03 08:24:31 [action #495] t=20.53s step=494 queue=25 dmax=12.741 | shoulder_pan.pos=-16.31 shoulder_lift.pos=-93.71 elbow_flex.pos=+81.08 wrist_flex.pos=+60.93 wrist_roll.pos=-1.92 gripper.pos=+0.40
DEBUG 2026-09-03 08:24:31 [action #496] t=20.57s step=495 queue=24 dmax=2.347 | shoulder_pan.pos=-16.41 shoulder_lift.pos=-91.36 elbow_flex.pos=+79.46 wrist_flex.pos=+60.03 wrist_roll.pos=-1.97 gripper.pos=+0.42
DEBUG 2026-09-03 08:24:31 [action #497] t=20.60s step=496 queue=23 dmax=3.544 | shoulder_pan.pos=-16.28 shoulder_lift.pos=-87.82 elbow_flex.pos=+78.06 wrist_flex.pos=+59.26 wrist_roll.pos=-2.09 gripper.pos=+0.41
DEBUG 2026-09-03 08:24:31 [action #498] t=20.63s step=497 queue=22 dmax=3.217 | shoulder_pan.pos=-16.32 shoulder_lift.pos=-84.60 elbow_flex.pos=+75.77 wrist_flex.pos=+58.13 wrist_roll.pos=-2.10 gripper.pos=+0.35
DEBUG 2026-09-03 08:24:32 [action #499] t=20.67s step=498 queue=21 dmax=2.996 | shoulder_pan.pos=-16.42 shoulder_lift.pos=-81.60 elbow_flex.pos=+74.21 wrist_flex.pos=+57.64 wrist_roll.pos=-2.26 gripper.pos=+0.43
DEBUG 2026-09-03 08:24:32 [action #500] t=20.70s step=499 queue=20 dmax=3.273 | shoulder_pan.pos=-16.43 shoulder_lift.pos=-78.33 elbow_flex.pos=+72.43 wrist_flex.pos=+56.94 wrist_roll.pos=-2.34 gripper.pos=+0.53
DEBUG 2026-09-03 08:24:32 [action #501] t=20.73s step=500 queue=19 dmax=2.284 | shoulder_pan.pos=-16.34 shoulder_lift.pos=-76.05 elbow_flex.pos=+70.52 wrist_flex.pos=+56.49 wrist_roll.pos=-2.48 gripper.pos=+0.45
DEBUG 2026-09-03 08:24:32 [action #502] t=20.77s step=501 queue=18 dmax=2.821 | shoulder_pan.pos=-16.46 shoulder_lift.pos=-73.23 elbow_flex.pos=+68.60 wrist_flex.pos=+56.26 wrist_roll.pos=-2.73 gripper.pos=+0.43
DEBUG 2026-09-03 08:24:32 [action #503] t=20.80s step=502 queue=17 dmax=2.604 | shoulder_pan.pos=-16.44 shoulder_lift.pos=-70.62 elbow_flex.pos=+66.56 wrist_flex.pos=+55.93 wrist_roll.pos=-2.84 gripper.pos=+0.55
DEBUG 2026-09-03 08:24:32 [action #504] t=20.83s step=503 queue=16 dmax=3.009 | shoulder_pan.pos=-16.61 shoulder_lift.pos=-67.61 elbow_flex.pos=+64.34 wrist_flex.pos=+55.77 wrist_roll.pos=-3.16 gripper.pos=+0.40
DEBUG 2026-09-03 08:24:32 [action #505] t=20.87s step=504 queue=15 dmax=2.968 | shoulder_pan.pos=-16.55 shoulder_lift.pos=-64.65 elbow_flex.pos=+62.21 wrist_flex.pos=+55.88 wrist_roll.pos=-3.28 gripper.pos=+0.63
DEBUG 2026-09-03 08:24:32 [action #506] t=20.90s step=505 queue=14 dmax=2.690 | shoulder_pan.pos=-16.79 shoulder_lift.pos=-61.96 elbow_flex.pos=+59.67 wrist_flex.pos=+56.11 wrist_roll.pos=-3.65 gripper.pos=+0.56
DEBUG 2026-09-03 08:24:32 [action #507] t=20.93s step=506 queue=13 dmax=2.523 | shoulder_pan.pos=-16.97 shoulder_lift.pos=-59.65 elbow_flex.pos=+57.15 wrist_flex.pos=+56.17 wrist_roll.pos=-4.09 gripper.pos=+0.45
DEBUG 2026-09-03 08:24:32 [action #508] t=20.97s step=507 queue=12 dmax=2.511 | shoulder_pan.pos=-17.09 shoulder_lift.pos=-57.14 elbow_flex.pos=+54.99 wrist_flex.pos=+56.17 wrist_roll.pos=-4.56 gripper.pos=+0.45
DEBUG 2026-09-03 08:24:32 [action #509] t=21.00s step=508 queue=11 dmax=2.000 | shoulder_pan.pos=-16.86 shoulder_lift.pos=-55.14 elbow_flex.pos=+53.09 wrist_flex.pos=+56.22 wrist_roll.pos=-4.78 gripper.pos=+0.54
DEBUG 2026-09-03 08:24:32 [action #510] t=21.03s step=509 queue=10 dmax=2.394 | shoulder_pan.pos=-17.15 shoulder_lift.pos=-52.75 elbow_flex.pos=+51.23 wrist_flex.pos=+56.34 wrist_roll.pos=-4.98 gripper.pos=+0.58
DEBUG 2026-09-03 08:24:32 [action #511] t=21.07s step=510 queue=9 dmax=1.649 | shoulder_pan.pos=-17.15 shoulder_lift.pos=-51.16 elbow_flex.pos=+49.58 wrist_flex.pos=+56.34 wrist_roll.pos=-5.07 gripper.pos=+0.62
DEBUG 2026-09-03 08:24:32 [action #512] t=21.10s step=511 queue=8 dmax=1.750 | shoulder_pan.pos=-17.05 shoulder_lift.pos=-49.57 elbow_flex.pos=+47.83 wrist_flex.pos=+56.61 wrist_roll.pos=-5.11 gripper.pos=+0.56
DEBUG 2026-09-03 08:24:32 [action #513] t=21.13s step=512 queue=7 dmax=1.392 | shoulder_pan.pos=-17.09 shoulder_lift.pos=-48.18 elbow_flex.pos=+46.58 wrist_flex.pos=+56.81 wrist_roll.pos=-5.06 gripper.pos=+0.61
DEBUG 2026-09-03 08:24:32 [action #514] t=21.17s step=513 queue=6 dmax=1.607 | shoulder_pan.pos=-17.05 shoulder_lift.pos=-46.80 elbow_flex.pos=+44.97 wrist_flex.pos=+57.02 wrist_roll.pos=-5.10 gripper.pos=+0.65
DEBUG 2026-09-03 08:24:32 [action #515] t=21.20s step=514 queue=5 dmax=1.586 | shoulder_pan.pos=-17.12 shoulder_lift.pos=-45.22 elbow_flex.pos=+43.83 wrist_flex.pos=+57.11 wrist_roll.pos=-5.06 gripper.pos=+0.67
DEBUG 2026-09-03 08:24:32 [action #516] t=21.23s step=515 queue=4 dmax=1.339 | shoulder_pan.pos=-17.00 shoulder_lift.pos=-43.88 elbow_flex.pos=+43.14 wrist_flex.pos=+57.23 wrist_roll.pos=-5.06 gripper.pos=+0.67
DEBUG 2026-09-03 08:24:32 [action #517] t=21.27s step=516 queue=3 dmax=1.856 | shoulder_pan.pos=-16.97 shoulder_lift.pos=-42.02 elbow_flex.pos=+41.34 wrist_flex.pos=+57.35 wrist_roll.pos=-5.17 gripper.pos=+0.80
DEBUG 2026-09-03 08:24:32 [action #518] t=21.30s step=517 queue=2 dmax=1.394 | shoulder_pan.pos=-16.83 shoulder_lift.pos=-40.63 elbow_flex.pos=+40.10 wrist_flex.pos=+57.40 wrist_roll.pos=-5.17 gripper.pos=+0.65
DEBUG 2026-09-03 08:24:32 [action #519] t=21.33s step=518 queue=1 dmax=1.669 | shoulder_pan.pos=-16.90 shoulder_lift.pos=-39.05 elbow_flex.pos=+38.43 wrist_flex.pos=+57.75 wrist_roll.pos=-5.20 gripper.pos=+0.75
DEBUG 2026-09-03 08:24:32 [chunk] received 50 actions, timesteps 493..542 | first: shoulder_pan.pos=-28.96 shoulder_lift.pos=-96.90 elbow_flex.pos=+82.29 wrist_flex.pos=+72.25 wrist_roll.pos=-4.18 gripper.pos=+0.42 | last: shoulder_pan.pos=-28.30 shoulder_lift.pos=-47.83 elbow_flex.pos=+47.23 wrist_flex.pos=+60.35 wrist_roll.pos=-3.24 gripper.pos=+0.55
DEBUG 2026-09-03 08:24:32 [action #520] t=21.50s step=519 queue=24 dmax=50.068 | shoulder_pan.pos=-31.02 shoulder_lift.pos=-89.12 elbow_flex.pos=+76.39 wrist_flex.pos=+63.18 wrist_roll.pos=-2.87 gripper.pos=+0.58
DEBUG 2026-09-03 08:24:32 [action #521] t=21.54s step=520 queue=23 dmax=2.376 | shoulder_pan.pos=-30.62 shoulder_lift.pos=-86.74 elbow_flex.pos=+74.58 wrist_flex.pos=+62.59 wrist_roll.pos=-2.82 gripper.pos=+0.49
DEBUG 2026-09-03 08:24:32 [action #522] t=21.57s step=521 queue=22 dmax=1.755 | shoulder_pan.pos=-30.64 shoulder_lift.pos=-84.99 elbow_flex.pos=+74.00 wrist_flex.pos=+62.67 wrist_roll.pos=-2.88 gripper.pos=+0.46
DEBUG 2026-09-03 08:24:32 [action #523] t=21.60s step=522 queue=21 dmax=2.445 | shoulder_pan.pos=-30.34 shoulder_lift.pos=-82.54 elbow_flex.pos=+71.72 wrist_flex.pos=+62.44 wrist_roll.pos=-2.91 gripper.pos=+0.54
DEBUG 2026-09-03 08:24:32 [action #524] t=21.64s step=523 queue=20 dmax=2.464 | shoulder_pan.pos=-29.86 shoulder_lift.pos=-80.08 elbow_flex.pos=+70.71 wrist_flex.pos=+62.39 wrist_roll.pos=-3.02 gripper.pos=+0.49
DEBUG 2026-09-03 08:24:33 [action #525] t=21.67s step=524 queue=19 dmax=1.966 | shoulder_pan.pos=-29.60 shoulder_lift.pos=-78.11 elbow_flex.pos=+69.56 wrist_flex.pos=+62.40 wrist_roll.pos=-2.98 gripper.pos=+0.57
DEBUG 2026-09-03 08:24:33 [action #526] t=21.70s step=525 queue=18 dmax=2.282 | shoulder_pan.pos=-29.23 shoulder_lift.pos=-75.83 elbow_flex.pos=+67.40 wrist_flex.pos=+62.36 wrist_roll.pos=-3.00 gripper.pos=+0.59
DEBUG 2026-09-03 08:24:33 [action #527] t=21.74s step=526 queue=17 dmax=1.815 | shoulder_pan.pos=-29.01 shoulder_lift.pos=-74.01 elbow_flex.pos=+66.04 wrist_flex.pos=+62.70 wrist_roll.pos=-3.07 gripper.pos=+0.71
DEBUG 2026-09-03 08:24:33 [action #528] t=21.77s step=527 queue=16 dmax=1.938 | shoulder_pan.pos=-28.97 shoulder_lift.pos=-72.08 elbow_flex.pos=+64.77 wrist_flex.pos=+62.67 wrist_roll.pos=-3.06 gripper.pos=+0.44
DEBUG 2026-09-03 08:24:33 [action #529] t=21.80s step=528 queue=15 dmax=2.059 | shoulder_pan.pos=-28.37 shoulder_lift.pos=-70.02 elbow_flex.pos=+63.51 wrist_flex.pos=+62.49 wrist_roll.pos=-3.16 gripper.pos=+0.66
DEBUG 2026-09-03 08:24:33 [action #530] t=21.84s step=529 queue=14 dmax=1.955 | shoulder_pan.pos=-28.71 shoulder_lift.pos=-68.06 elbow_flex.pos=+61.97 wrist_flex.pos=+62.53 wrist_roll.pos=-3.17 gripper.pos=+0.70
DEBUG 2026-09-03 08:24:33 [action #531] t=21.87s step=530 queue=13 dmax=2.136 | shoulder_pan.pos=-28.39 shoulder_lift.pos=-65.93 elbow_flex.pos=+60.63 wrist_flex.pos=+62.37 wrist_roll.pos=-3.14 gripper.pos=+0.71
DEBUG 2026-09-03 08:24:33 [action #532] t=21.90s step=531 queue=12 dmax=1.794 | shoulder_pan.pos=-28.30 shoulder_lift.pos=-64.25 elbow_flex.pos=+58.84 wrist_flex.pos=+62.15 wrist_roll.pos=-3.12 gripper.pos=+0.77
DEBUG 2026-09-03 08:24:33 [action #533] t=21.94s step=532 queue=11 dmax=1.782 | shoulder_pan.pos=-28.17 shoulder_lift.pos=-62.47 elbow_flex.pos=+57.87 wrist_flex.pos=+62.19 wrist_roll.pos=-3.22 gripper.pos=+0.80
DEBUG 2026-09-03 08:24:33 [action #534] t=21.97s step=533 queue=10 dmax=1.691 | shoulder_pan.pos=-28.55 shoulder_lift.pos=-60.78 elbow_flex.pos=+56.81 wrist_flex.pos=+62.08 wrist_roll.pos=-3.18 gripper.pos=+0.79
DEBUG 2026-09-03 08:24:33 [action #535] t=22.00s step=534 queue=9 dmax=1.891 | shoulder_pan.pos=-28.30 shoulder_lift.pos=-59.12 elbow_flex.pos=+54.92 wrist_flex.pos=+62.15 wrist_roll.pos=-3.19 gripper.pos=+0.75
DEBUG 2026-09-03 08:24:33 [action #536] t=22.04s step=535 queue=8 dmax=1.730 | shoulder_pan.pos=-28.25 shoulder_lift.pos=-57.39 elbow_flex.pos=+54.16 wrist_flex.pos=+61.85 wrist_roll.pos=-3.22 gripper.pos=+0.82
DEBUG 2026-09-03 08:24:33 [action #537] t=22.07s step=536 queue=7 dmax=1.696 | shoulder_pan.pos=-28.15 shoulder_lift.pos=-55.69 elbow_flex.pos=+53.34 wrist_flex.pos=+61.80 wrist_roll.pos=-3.19 gripper.pos=+0.88
DEBUG 2026-09-03 08:24:33 [action #538] t=22.10s step=537 queue=6 dmax=1.804 | shoulder_pan.pos=-28.00 shoulder_lift.pos=-53.89 elbow_flex.pos=+51.61 wrist_flex.pos=+61.71 wrist_roll.pos=-3.19 gripper.pos=+0.87
DEBUG 2026-09-03 08:24:33 [action #539] t=22.14s step=538 queue=5 dmax=1.368 | shoulder_pan.pos=-28.17 shoulder_lift.pos=-52.73 elbow_flex.pos=+50.24 wrist_flex.pos=+61.40 wrist_roll.pos=-3.10 gripper.pos=+0.97
DEBUG 2026-09-03 08:24:33 [action #540] t=22.17s step=539 queue=4 dmax=1.847 | shoulder_pan.pos=-28.25 shoulder_lift.pos=-50.88 elbow_flex.pos=+49.64 wrist_flex.pos=+61.22 wrist_roll.pos=-3.11 gripper.pos=+0.78
DEBUG 2026-09-03 08:24:33 [action #541] t=22.20s step=540 queue=3 dmax=0.800 | shoulder_pan.pos=-28.12 shoulder_lift.pos=-50.08 elbow_flex.pos=+48.87 wrist_flex.pos=+61.04 wrist_roll.pos=-3.20 gripper.pos=+0.92
DEBUG 2026-09-03 08:24:33 [action #542] t=22.24s step=541 queue=2 dmax=1.135 | shoulder_pan.pos=-28.20 shoulder_lift.pos=-48.95 elbow_flex.pos=+48.45 wrist_flex.pos=+60.80 wrist_roll.pos=-3.21 gripper.pos=+0.85
DEBUG 2026-09-03 08:24:33 [action #543] t=22.27s step=542 queue=1 dmax=1.220 | shoulder_pan.pos=-28.30 shoulder_lift.pos=-47.83 elbow_flex.pos=+47.23 wrist_flex.pos=+60.35 wrist_roll.pos=-3.24 gripper.pos=+0.55
DEBUG 2026-09-03 08:24:33 [chunk] received 50 actions, timesteps 518..567 | first: shoulder_pan.pos=-16.92 shoulder_lift.pos=-35.26 elbow_flex.pos=+38.90 wrist_flex.pos=+55.80 wrist_roll.pos=-4.91 gripper.pos=+0.40 | last: shoulder_pan.pos=-17.86 shoulder_lift.pos=+12.53 elbow_flex.pos=-0.26 wrist_flex.pos=+65.53 wrist_roll.pos=-3.50 gripper.pos=+32.26
DEBUG 2026-09-03 08:24:33 [action #544] t=22.40s step=543 queue=25 dmax=39.359 | shoulder_pan.pos=-16.92 shoulder_lift.pos=-8.47 elbow_flex.pos=+13.47 wrist_flex.pos=+63.73 wrist_roll.pos=-4.83 gripper.pos=+15.44
DEBUG 2026-09-03 08:24:33 [action #545] t=22.44s step=544 queue=24 dmax=1.455 | shoulder_pan.pos=-16.71 shoulder_lift.pos=-7.41 elbow_flex.pos=+13.10 wrist_flex.pos=+63.90 wrist_roll.pos=-4.77 gripper.pos=+16.89
DEBUG 2026-09-03 08:24:33 [action #546] t=22.47s step=545 queue=23 dmax=1.849 | shoulder_pan.pos=-16.99 shoulder_lift.pos=-6.77 elbow_flex.pos=+11.71 wrist_flex.pos=+64.18 wrist_roll.pos=-4.70 gripper.pos=+18.74
DEBUG 2026-09-03 08:24:33 [action #547] t=22.50s step=546 queue=22 dmax=1.969 | shoulder_pan.pos=-16.79 shoulder_lift.pos=-5.62 elbow_flex.pos=+11.62 wrist_flex.pos=+64.06 wrist_roll.pos=-4.66 gripper.pos=+20.71
DEBUG 2026-09-03 08:24:33 [action #548] t=22.54s step=547 queue=21 dmax=1.757 | shoulder_pan.pos=-16.52 shoulder_lift.pos=-4.09 elbow_flex.pos=+10.67 wrist_flex.pos=+64.13 wrist_roll.pos=-4.65 gripper.pos=+22.47
DEBUG 2026-09-03 08:24:33 [action #549] t=22.57s step=548 queue=20 dmax=1.373 | shoulder_pan.pos=-16.64 shoulder_lift.pos=-3.24 elbow_flex.pos=+10.30 wrist_flex.pos=+64.13 wrist_roll.pos=-4.57 gripper.pos=+23.84
DEBUG 2026-09-03 08:24:33 [action #550] t=22.61s step=549 queue=19 dmax=1.265 | shoulder_pan.pos=-16.78 shoulder_lift.pos=-1.97 elbow_flex.pos=+9.25 wrist_flex.pos=+64.27 wrist_roll.pos=-4.61 gripper.pos=+25.01
DEBUG 2026-09-03 08:24:33 [action #551] t=22.64s step=550 queue=18 dmax=0.972 | shoulder_pan.pos=-16.66 shoulder_lift.pos=-1.00 elbow_flex.pos=+8.81 wrist_flex.pos=+64.19 wrist_roll.pos=-4.47 gripper.pos=+25.81
DEBUG 2026-09-03 08:24:34 [action #552] t=22.67s step=551 queue=17 dmax=1.172 | shoulder_pan.pos=-16.76 shoulder_lift.pos=+0.17 elbow_flex.pos=+8.10 wrist_flex.pos=+64.12 wrist_roll.pos=-4.40 gripper.pos=+26.34
DEBUG 2026-09-03 08:24:34 [action #553] t=22.71s step=552 queue=16 dmax=0.957 | shoulder_pan.pos=-16.46 shoulder_lift.pos=+1.13 elbow_flex.pos=+7.34 wrist_flex.pos=+64.27 wrist_roll.pos=-4.39 gripper.pos=+26.88
DEBUG 2026-09-03 08:24:34 [action #554] t=22.74s step=553 queue=15 dmax=0.697 | shoulder_pan.pos=-16.69 shoulder_lift.pos=+1.83 elbow_flex.pos=+7.01 wrist_flex.pos=+64.31 wrist_roll.pos=-4.27 gripper.pos=+27.09
DEBUG 2026-09-03 08:24:34 [action #555] t=22.77s step=554 queue=14 dmax=0.990 | shoulder_pan.pos=-16.72 shoulder_lift.pos=+2.75 elbow_flex.pos=+6.02 wrist_flex.pos=+64.27 wrist_roll.pos=-4.23 gripper.pos=+27.20
DEBUG 2026-09-03 08:24:34 [action #556] t=22.81s step=555 queue=13 dmax=1.142 | shoulder_pan.pos=-16.69 shoulder_lift.pos=+3.90 elbow_flex.pos=+5.96 wrist_flex.pos=+64.29 wrist_roll.pos=-4.15 gripper.pos=+27.06
DEBUG 2026-09-03 08:24:34 [action #557] t=22.84s step=556 queue=12 dmax=0.568 | shoulder_pan.pos=-16.69 shoulder_lift.pos=+4.25 elbow_flex.pos=+5.40 wrist_flex.pos=+64.44 wrist_roll.pos=-4.05 gripper.pos=+26.96
DEBUG 2026-09-03 08:24:34 [action #558] t=22.87s step=557 queue=11 dmax=0.737 | shoulder_pan.pos=-16.68 shoulder_lift.pos=+4.99 elbow_flex.pos=+4.67 wrist_flex.pos=+64.53 wrist_roll.pos=-4.07 gripper.pos=+27.01
DEBUG 2026-09-03 08:24:34 [action #559] t=22.91s step=558 queue=10 dmax=1.032 | shoulder_pan.pos=-16.83 shoulder_lift.pos=+6.02 elbow_flex.pos=+4.39 wrist_flex.pos=+64.61 wrist_roll.pos=-4.06 gripper.pos=+27.43
DEBUG 2026-09-03 08:24:34 [action #560] t=22.94s step=559 queue=9 dmax=0.899 | shoulder_pan.pos=-16.97 shoulder_lift.pos=+6.92 elbow_flex.pos=+3.74 wrist_flex.pos=+64.96 wrist_roll.pos=-4.01 gripper.pos=+28.02
DEBUG 2026-09-03 08:24:34 [action #561] t=22.97s step=560 queue=8 dmax=0.873 | shoulder_pan.pos=-17.01 shoulder_lift.pos=+7.54 elbow_flex.pos=+3.05 wrist_flex.pos=+65.18 wrist_roll.pos=-3.97 gripper.pos=+28.90
DEBUG 2026-09-03 08:24:34 [action #562] t=23.01s step=561 queue=7 dmax=0.815 | shoulder_pan.pos=-17.10 shoulder_lift.pos=+8.16 elbow_flex.pos=+2.24 wrist_flex.pos=+65.19 wrist_roll.pos=-3.94 gripper.pos=+29.58
DEBUG 2026-09-03 08:24:34 [action #563] t=23.04s step=562 queue=6 dmax=1.009 | shoulder_pan.pos=-17.20 shoulder_lift.pos=+9.02 elbow_flex.pos=+2.31 wrist_flex.pos=+65.23 wrist_roll.pos=-3.85 gripper.pos=+30.59
DEBUG 2026-09-03 08:24:34 [action #564] t=23.07s step=563 queue=5 dmax=0.771 | shoulder_pan.pos=-17.45 shoulder_lift.pos=+9.76 elbow_flex.pos=+1.54 wrist_flex.pos=+65.27 wrist_roll.pos=-3.78 gripper.pos=+31.13
DEBUG 2026-09-03 08:24:34 [action #565] t=23.11s step=564 queue=4 dmax=0.625 | shoulder_pan.pos=-17.45 shoulder_lift.pos=+10.38 elbow_flex.pos=+1.36 wrist_flex.pos=+65.38 wrist_roll.pos=-3.83 gripper.pos=+31.51
DEBUG 2026-09-03 08:24:34 [action #566] t=23.14s step=565 queue=3 dmax=0.665 | shoulder_pan.pos=-17.44 shoulder_lift.pos=+10.99 elbow_flex.pos=+0.70 wrist_flex.pos=+65.63 wrist_roll.pos=-3.77 gripper.pos=+31.80
DEBUG 2026-09-03 08:24:34 [action #567] t=23.17s step=566 queue=2 dmax=0.775 | shoulder_pan.pos=-17.69 shoulder_lift.pos=+11.77 elbow_flex.pos=+0.38 wrist_flex.pos=+65.54 wrist_roll.pos=-3.57 gripper.pos=+31.95
DEBUG 2026-09-03 08:24:34 [action #568] t=23.21s step=567 queue=1 dmax=0.763 | shoulder_pan.pos=-17.86 shoulder_lift.pos=+12.53 elbow_flex.pos=-0.26 wrist_flex.pos=+65.53 wrist_roll.pos=-3.50 gripper.pos=+32.26
DEBUG 2026-09-03 08:24:34 [chunk] received 50 actions, timesteps 542..591 | first: shoulder_pan.pos=-29.88 shoulder_lift.pos=-42.65 elbow_flex.pos=+44.17 wrist_flex.pos=+61.34 wrist_roll.pos=-3.42 gripper.pos=+0.26 | last: shoulder_pan.pos=-37.87 shoulder_lift.pos=-0.93 elbow_flex.pos=+11.66 wrist_flex.pos=+72.82 wrist_roll.pos=+1.38 gripper.pos=+35.57
DEBUG 2026-09-03 08:24:34 [action #569] t=23.24s step=568 queue=24 dmax=31.545 | shoulder_pan.pos=-35.09 shoulder_lift.pos=-19.01 elbow_flex.pos=+23.98 wrist_flex.pos=+69.56 wrist_roll.pos=-3.12 gripper.pos=+23.74
DEBUG 2026-09-03 08:24:34 [action #570] t=23.27s step=569 queue=23 dmax=1.279 | shoulder_pan.pos=-35.17 shoulder_lift.pos=-18.66 elbow_flex.pos=+23.33 wrist_flex.pos=+70.16 wrist_roll.pos=-3.13 gripper.pos=+25.02
DEBUG 2026-09-03 08:24:34 [action #571] t=23.31s step=570 queue=22 dmax=1.310 | shoulder_pan.pos=-35.46 shoulder_lift.pos=-17.93 elbow_flex.pos=+23.22 wrist_flex.pos=+70.52 wrist_roll.pos=-2.60 gripper.pos=+26.33
DEBUG 2026-09-03 08:24:34 [action #572] t=23.34s step=571 queue=21 dmax=1.348 | shoulder_pan.pos=-35.68 shoulder_lift.pos=-17.06 elbow_flex.pos=+22.77 wrist_flex.pos=+70.80 wrist_roll.pos=-2.32 gripper.pos=+27.68
DEBUG 2026-09-03 08:24:34 [action #573] t=23.37s step=572 queue=20 dmax=0.932 | shoulder_pan.pos=-35.55 shoulder_lift.pos=-16.74 elbow_flex.pos=+22.86 wrist_flex.pos=+71.17 wrist_roll.pos=-2.21 gripper.pos=+28.61
DEBUG 2026-09-03 08:24:34 [action #574] t=23.41s step=573 queue=19 dmax=0.877 | shoulder_pan.pos=-36.14 shoulder_lift.pos=-16.41 elbow_flex.pos=+21.98 wrist_flex.pos=+71.20 wrist_roll.pos=-2.12 gripper.pos=+29.44
DEBUG 2026-09-03 08:24:34 [action #575] t=23.44s step=574 queue=18 dmax=0.738 | shoulder_pan.pos=-36.03 shoulder_lift.pos=-15.68 elbow_flex.pos=+21.77 wrist_flex.pos=+71.71 wrist_roll.pos=-2.01 gripper.pos=+29.81
DEBUG 2026-09-03 08:24:34 [action #576] t=23.47s step=575 queue=17 dmax=1.477 | shoulder_pan.pos=-36.16 shoulder_lift.pos=-14.20 elbow_flex.pos=+21.50 wrist_flex.pos=+71.77 wrist_roll.pos=-2.07 gripper.pos=+29.98
DEBUG 2026-09-03 08:24:34 [action #577] t=23.51s step=576 queue=16 dmax=1.001 | shoulder_pan.pos=-36.55 shoulder_lift.pos=-13.79 elbow_flex.pos=+20.50 wrist_flex.pos=+72.03 wrist_roll.pos=-1.92 gripper.pos=+30.29
DEBUG 2026-09-03 08:24:34 [action #578] t=23.54s step=577 queue=15 dmax=0.632 | shoulder_pan.pos=-36.53 shoulder_lift.pos=-13.16 elbow_flex.pos=+20.48 wrist_flex.pos=+72.20 wrist_roll.pos=-1.95 gripper.pos=+30.46
DEBUG 2026-09-03 08:24:34 [action #579] t=23.58s step=578 queue=14 dmax=1.249 | shoulder_pan.pos=-36.67 shoulder_lift.pos=-12.08 elbow_flex.pos=+19.23 wrist_flex.pos=+72.77 wrist_roll.pos=-1.73 gripper.pos=+31.09
DEBUG 2026-09-03 08:24:34 [action #580] t=23.61s step=579 queue=13 dmax=1.216 | shoulder_pan.pos=-36.73 shoulder_lift.pos=-10.96 elbow_flex.pos=+18.01 wrist_flex.pos=+73.03 wrist_roll.pos=-1.39 gripper.pos=+31.90
DEBUG 2026-09-03 08:24:34 [action #581] t=23.64s step=580 queue=12 dmax=1.181 | shoulder_pan.pos=-36.89 shoulder_lift.pos=-9.78 elbow_flex.pos=+17.93 wrist_flex.pos=+73.28 wrist_roll.pos=-1.02 gripper.pos=+32.98
DEBUG 2026-09-03 08:24:35 [action #582] t=23.68s step=581 queue=11 dmax=0.927 | shoulder_pan.pos=-36.56 shoulder_lift.pos=-8.85 elbow_flex.pos=+17.68 wrist_flex.pos=+73.52 wrist_roll.pos=-0.72 gripper.pos=+33.55
DEBUG 2026-09-03 08:24:35 [action #583] t=23.71s step=582 queue=10 dmax=1.303 | shoulder_pan.pos=-36.62 shoulder_lift.pos=-8.94 elbow_flex.pos=+16.37 wrist_flex.pos=+73.31 wrist_roll.pos=-0.21 gripper.pos=+33.63
DEBUG 2026-09-03 08:24:35 [action #584] t=23.74s step=583 queue=9 dmax=1.342 | shoulder_pan.pos=-37.05 shoulder_lift.pos=-7.60 elbow_flex.pos=+15.40 wrist_flex.pos=+73.50 wrist_roll.pos=+0.14 gripper.pos=+34.32
DEBUG 2026-09-03 08:24:35 [action #585] t=23.78s step=584 queue=8 dmax=0.460 | shoulder_pan.pos=-37.03 shoulder_lift.pos=-7.14 elbow_flex.pos=+15.44 wrist_flex.pos=+73.62 wrist_roll.pos=+0.36 gripper.pos=+34.61
DEBUG 2026-09-03 08:24:35 [action #586] t=23.81s step=585 queue=7 dmax=0.577 | shoulder_pan.pos=-37.21 shoulder_lift.pos=-6.63 elbow_flex.pos=+14.86 wrist_flex.pos=+73.42 wrist_roll.pos=+0.46 gripper.pos=+34.64
DEBUG 2026-09-03 08:24:35 [action #587] t=23.84s step=586 queue=6 dmax=0.873 | shoulder_pan.pos=-37.33 shoulder_lift.pos=-5.76 elbow_flex.pos=+14.26 wrist_flex.pos=+73.37 wrist_roll.pos=+0.65 gripper.pos=+34.96
DEBUG 2026-09-03 08:24:35 [action #588] t=23.88s step=587 queue=5 dmax=0.989 | shoulder_pan.pos=-37.54 shoulder_lift.pos=-4.77 elbow_flex.pos=+14.22 wrist_flex.pos=+73.33 wrist_roll.pos=+0.82 gripper.pos=+35.38
DEBUG 2026-09-03 08:24:35 [action #589] t=23.91s step=588 queue=4 dmax=1.089 | shoulder_pan.pos=-37.50 shoulder_lift.pos=-4.00 elbow_flex.pos=+13.13 wrist_flex.pos=+73.13 wrist_roll.pos=+1.00 gripper.pos=+35.56
DEBUG 2026-09-03 08:24:35 [action #590] t=23.94s step=589 queue=3 dmax=1.170 | shoulder_pan.pos=-37.57 shoulder_lift.pos=-2.83 elbow_flex.pos=+13.01 wrist_flex.pos=+73.05 wrist_roll.pos=+1.08 gripper.pos=+35.74
DEBUG 2026-09-03 08:24:35 [action #591] t=23.98s step=590 queue=2 dmax=0.653 | shoulder_pan.pos=-37.98 shoulder_lift.pos=-2.18 elbow_flex.pos=+12.50 wrist_flex.pos=+72.91 wrist_roll.pos=+1.32 gripper.pos=+35.64
DEBUG 2026-09-03 08:24:35 [action #592] t=24.01s step=591 queue=1 dmax=1.243 | shoulder_pan.pos=-37.87 shoulder_lift.pos=-0.93 elbow_flex.pos=+11.66 wrist_flex.pos=+72.82 wrist_roll.pos=+1.38 gripper.pos=+35.57
DEBUG 2026-09-03 08:24:35 [chunk] received 50 actions, timesteps 567..616 | first: shoulder_pan.pos=-16.67 shoulder_lift.pos=+10.23 elbow_flex.pos=+0.08 wrist_flex.pos=+65.60 wrist_roll.pos=-3.73 gripper.pos=+30.14 | last: shoulder_pan.pos=-17.36 shoulder_lift.pos=+49.11 elbow_flex.pos=-41.75 wrist_flex.pos=+84.24 wrist_roll.pos=-4.58 gripper.pos=+10.21
DEBUG 2026-09-03 08:24:35 [action #593] t=24.08s step=592 queue=25 dmax=37.360 | shoulder_pan.pos=-19.06 shoulder_lift.pos=+34.29 elbow_flex.pos=-25.70 wrist_flex.pos=+75.51 wrist_roll.pos=-4.74 gripper.pos=+33.53
DEBUG 2026-09-03 08:24:35 [action #594] t=24.11s step=593 queue=24 dmax=2.001 | shoulder_pan.pos=-19.07 shoulder_lift.pos=+35.26 elbow_flex.pos=-27.70 wrist_flex.pos=+76.10 wrist_roll.pos=-4.73 gripper.pos=+33.56
DEBUG 2026-09-03 08:24:35 [action #595] t=24.14s step=594 queue=23 dmax=1.083 | shoulder_pan.pos=-19.04 shoulder_lift.pos=+36.34 elbow_flex.pos=-28.41 wrist_flex.pos=+76.81 wrist_roll.pos=-4.54 gripper.pos=+33.53
DEBUG 2026-09-03 08:24:35 [action #596] t=24.18s step=595 queue=22 dmax=1.365 | shoulder_pan.pos=-19.07 shoulder_lift.pos=+37.54 elbow_flex.pos=-29.78 wrist_flex.pos=+77.23 wrist_roll.pos=-4.81 gripper.pos=+33.51
DEBUG 2026-09-03 08:24:35 [action #597] t=24.21s step=596 queue=21 dmax=1.084 | shoulder_pan.pos=-18.84 shoulder_lift.pos=+38.62 elbow_flex.pos=-30.56 wrist_flex.pos=+77.74 wrist_roll.pos=-4.80 gripper.pos=+33.55
DEBUG 2026-09-03 08:24:35 [action #598] t=24.24s step=597 queue=20 dmax=1.697 | shoulder_pan.pos=-19.30 shoulder_lift.pos=+39.35 elbow_flex.pos=-32.25 wrist_flex.pos=+78.52 wrist_roll.pos=-4.80 gripper.pos=+33.55
DEBUG 2026-09-03 08:24:35 [action #599] t=24.28s step=598 queue=19 dmax=1.416 | shoulder_pan.pos=-19.08 shoulder_lift.pos=+40.77 elbow_flex.pos=-33.06 wrist_flex.pos=+79.01 wrist_roll.pos=-4.74 gripper.pos=+33.42
DEBUG 2026-09-03 08:24:35 [action #600] t=24.31s step=599 queue=18 dmax=0.865 | shoulder_pan.pos=-18.93 shoulder_lift.pos=+41.64 elbow_flex.pos=-33.81 wrist_flex.pos=+79.68 wrist_roll.pos=-4.92 gripper.pos=+33.33
DEBUG 2026-09-03 08:24:35 [action #601] t=24.34s step=600 queue=17 dmax=1.808 | shoulder_pan.pos=-18.91 shoulder_lift.pos=+42.60 elbow_flex.pos=-35.62 wrist_flex.pos=+80.09 wrist_roll.pos=-4.92 gripper.pos=+33.36
DEBUG 2026-09-03 08:24:35 [action #602] t=24.38s step=601 queue=16 dmax=1.064 | shoulder_pan.pos=-19.12 shoulder_lift.pos=+43.60 elbow_flex.pos=-36.69 wrist_flex.pos=+80.77 wrist_roll.pos=-4.85 gripper.pos=+33.29
DEBUG 2026-09-03 08:24:35 [action #603] t=24.41s step=602 queue=15 dmax=0.982 | shoulder_pan.pos=-18.95 shoulder_lift.pos=+44.58 elbow_flex.pos=-37.22 wrist_flex.pos=+81.40 wrist_roll.pos=-4.78 gripper.pos=+33.08
DEBUG 2026-09-03 08:24:35 [action #604] t=24.44s step=603 queue=14 dmax=0.765 | shoulder_pan.pos=-18.96 shoulder_lift.pos=+45.35 elbow_flex.pos=-37.94 wrist_flex.pos=+81.90 wrist_roll.pos=-4.95 gripper.pos=+32.66
DEBUG 2026-09-03 08:24:35 [action #605] t=24.48s step=604 queue=13 dmax=1.096 | shoulder_pan.pos=-19.07 shoulder_lift.pos=+46.41 elbow_flex.pos=-38.98 wrist_flex.pos=+82.75 wrist_roll.pos=-4.85 gripper.pos=+31.57
DEBUG 2026-09-03 08:24:35 [action #606] t=24.51s step=605 queue=12 dmax=2.286 | shoulder_pan.pos=-18.63 shoulder_lift.pos=+46.82 elbow_flex.pos=-39.64 wrist_flex.pos=+83.60 wrist_roll.pos=-4.65 gripper.pos=+29.28
DEBUG 2026-09-03 08:24:35 [action #607] t=24.55s step=606 queue=11 dmax=1.895 | shoulder_pan.pos=-18.38 shoulder_lift.pos=+47.41 elbow_flex.pos=-40.38 wrist_flex.pos=+83.83 wrist_roll.pos=-4.72 gripper.pos=+27.39
DEBUG 2026-09-03 08:24:35 [action #608] t=24.58s step=607 queue=10 dmax=2.100 | shoulder_pan.pos=-18.14 shoulder_lift.pos=+47.87 elbow_flex.pos=-40.63 wrist_flex.pos=+84.15 wrist_roll.pos=-4.79 gripper.pos=+25.29
DEBUG 2026-09-03 08:24:35 [action #609] t=24.61s step=608 queue=9 dmax=2.097 | shoulder_pan.pos=-18.23 shoulder_lift.pos=+48.67 elbow_flex.pos=-41.36 wrist_flex.pos=+84.28 wrist_roll.pos=-4.73 gripper.pos=+23.19
DEBUG 2026-09-03 08:24:36 [action #610] t=24.65s step=609 queue=8 dmax=2.073 | shoulder_pan.pos=-18.29 shoulder_lift.pos=+48.52 elbow_flex.pos=-41.22 wrist_flex.pos=+84.37 wrist_roll.pos=-4.66 gripper.pos=+21.12
DEBUG 2026-09-03 08:24:36 [action #611] t=24.68s step=610 queue=7 dmax=1.708 | shoulder_pan.pos=-17.84 shoulder_lift.pos=+48.61 elbow_flex.pos=-41.26 wrist_flex.pos=+84.39 wrist_roll.pos=-4.57 gripper.pos=+19.41
DEBUG 2026-09-03 08:24:36 [action #612] t=24.71s step=611 queue=6 dmax=1.613 | shoulder_pan.pos=-17.85 shoulder_lift.pos=+48.53 elbow_flex.pos=-41.53 wrist_flex.pos=+84.35 wrist_roll.pos=-4.63 gripper.pos=+17.80
DEBUG 2026-09-03 08:24:36 [action #613] t=24.75s step=612 queue=5 dmax=1.659 | shoulder_pan.pos=-17.77 shoulder_lift.pos=+48.56 elbow_flex.pos=-41.19 wrist_flex.pos=+84.48 wrist_roll.pos=-4.67 gripper.pos=+16.14
DEBUG 2026-09-03 08:24:36 [action #614] t=24.78s step=613 queue=4 dmax=1.279 | shoulder_pan.pos=-17.64 shoulder_lift.pos=+48.97 elbow_flex.pos=-41.57 wrist_flex.pos=+84.43 wrist_roll.pos=-4.48 gripper.pos=+14.86
DEBUG 2026-09-03 08:24:36 [action #615] t=24.81s step=614 queue=3 dmax=1.694 | shoulder_pan.pos=-17.67 shoulder_lift.pos=+49.06 elbow_flex.pos=-41.66 wrist_flex.pos=+84.42 wrist_roll.pos=-4.57 gripper.pos=+13.16
DEBUG 2026-09-03 08:24:36 [action #616] t=24.85s step=615 queue=2 dmax=1.516 | shoulder_pan.pos=-17.57 shoulder_lift.pos=+48.81 elbow_flex.pos=-41.75 wrist_flex.pos=+84.27 wrist_roll.pos=-4.52 gripper.pos=+11.65
DEBUG 2026-09-03 08:24:36 [action #617] t=24.88s step=616 queue=1 dmax=1.434 | shoulder_pan.pos=-17.36 shoulder_lift.pos=+49.11 elbow_flex.pos=-41.75 wrist_flex.pos=+84.24 wrist_roll.pos=-4.58 gripper.pos=+10.21
DEBUG 2026-09-03 08:24:36 [chunk] received 50 actions, timesteps 591..640 | first: shoulder_pan.pos=-39.95 shoulder_lift.pos=-2.11 elbow_flex.pos=+14.45 wrist_flex.pos=+73.33 wrist_roll.pos=+2.59 gripper.pos=+39.24 | last: shoulder_pan.pos=-34.44 shoulder_lift.pos=-0.05 elbow_flex.pos=-0.85 wrist_flex.pos=+82.68 wrist_roll.pos=-1.76 gripper.pos=+10.44
DEBUG 2026-09-03 08:24:36 [action #618] t=24.98s step=617 queue=24 dmax=47.761 | shoulder_pan.pos=-39.44 shoulder_lift.pos=+16.63 elbow_flex.pos=+6.01 wrist_flex.pos=+72.89 wrist_roll.pos=+1.15 gripper.pos=+19.27
DEBUG 2026-09-03 08:24:36 [action #619] t=25.01s step=618 queue=23 dmax=2.201 | shoulder_pan.pos=-39.67 shoulder_lift.pos=+16.67 elbow_flex.pos=+5.85 wrist_flex.pos=+72.82 wrist_roll.pos=+1.18 gripper.pos=+17.07
DEBUG 2026-09-03 08:24:36 [action #620] t=25.05s step=619 queue=22 dmax=1.856 | shoulder_pan.pos=-39.62 shoulder_lift.pos=+16.55 elbow_flex.pos=+5.53 wrist_flex.pos=+72.81 wrist_roll.pos=+1.22 gripper.pos=+15.22
DEBUG 2026-09-03 08:24:36 [action #621] t=25.08s step=620 queue=21 dmax=1.668 | shoulder_pan.pos=-39.58 shoulder_lift.pos=+16.35 elbow_flex.pos=+6.23 wrist_flex.pos=+72.99 wrist_roll.pos=+1.25 gripper.pos=+13.55
DEBUG 2026-09-03 08:24:36 [action #622] t=25.11s step=621 queue=20 dmax=1.018 | shoulder_pan.pos=-39.52 shoulder_lift.pos=+16.72 elbow_flex.pos=+5.89 wrist_flex.pos=+72.85 wrist_roll.pos=+1.12 gripper.pos=+12.53
DEBUG 2026-09-03 08:24:36 [action #623] t=25.15s step=622 queue=19 dmax=0.832 | shoulder_pan.pos=-39.83 shoulder_lift.pos=+16.78 elbow_flex.pos=+5.86 wrist_flex.pos=+73.10 wrist_roll.pos=+1.10 gripper.pos=+11.70
DEBUG 2026-09-03 08:24:36 [action #624] t=25.18s step=623 queue=18 dmax=0.954 | shoulder_pan.pos=-39.78 shoulder_lift.pos=+15.83 elbow_flex.pos=+5.13 wrist_flex.pos=+73.25 wrist_roll.pos=+1.05 gripper.pos=+10.96
DEBUG 2026-09-03 08:24:36 [action #625] t=25.21s step=624 queue=17 dmax=0.477 | shoulder_pan.pos=-39.92 shoulder_lift.pos=+15.85 elbow_flex.pos=+5.02 wrist_flex.pos=+73.16 wrist_roll.pos=+0.78 gripper.pos=+10.48
DEBUG 2026-09-03 08:24:36 [action #626] t=25.25s step=625 queue=16 dmax=0.565 | shoulder_pan.pos=-40.04 shoulder_lift.pos=+15.76 elbow_flex.pos=+4.46 wrist_flex.pos=+73.42 wrist_roll.pos=+0.60 gripper.pos=+10.29
DEBUG 2026-09-03 08:24:36 [action #627] t=25.28s step=626 queue=15 dmax=0.624 | shoulder_pan.pos=-40.05 shoulder_lift.pos=+15.14 elbow_flex.pos=+3.83 wrist_flex.pos=+73.84 wrist_roll.pos=+0.18 gripper.pos=+9.78
DEBUG 2026-09-03 08:24:36 [action #628] t=25.31s step=627 queue=14 dmax=0.719 | shoulder_pan.pos=-39.79 shoulder_lift.pos=+14.50 elbow_flex.pos=+3.11 wrist_flex.pos=+74.03 wrist_roll.pos=+0.13 gripper.pos=+9.55
DEBUG 2026-09-03 08:24:36 [action #629] t=25.35s step=628 queue=13 dmax=0.995 | shoulder_pan.pos=-39.74 shoulder_lift.pos=+13.92 elbow_flex.pos=+3.13 wrist_flex.pos=+75.03 wrist_roll.pos=-0.29 gripper.pos=+9.52
DEBUG 2026-09-03 08:24:36 [action #630] t=25.38s step=629 queue=12 dmax=0.841 | shoulder_pan.pos=-39.80 shoulder_lift.pos=+13.54 elbow_flex.pos=+2.29 wrist_flex.pos=+75.27 wrist_roll.pos=-0.50 gripper.pos=+9.56
DEBUG 2026-09-03 08:24:36 [action #631] t=25.41s step=630 queue=11 dmax=0.664 | shoulder_pan.pos=-39.93 shoulder_lift.pos=+13.12 elbow_flex.pos=+2.16 wrist_flex.pos=+75.94 wrist_roll.pos=-0.71 gripper.pos=+9.90
DEBUG 2026-09-03 08:24:36 [action #632] t=25.45s step=631 queue=10 dmax=1.318 | shoulder_pan.pos=-39.76 shoulder_lift.pos=+11.80 elbow_flex.pos=+2.44 wrist_flex.pos=+76.35 wrist_roll.pos=-0.83 gripper.pos=+10.02
DEBUG 2026-09-03 08:24:36 [action #633] t=25.48s step=632 queue=9 dmax=0.888 | shoulder_pan.pos=-39.52 shoulder_lift.pos=+11.01 elbow_flex.pos=+1.89 wrist_flex.pos=+77.23 wrist_roll.pos=-0.83 gripper.pos=+10.34
DEBUG 2026-09-03 08:24:36 [action #634] t=25.52s step=633 queue=8 dmax=1.481 | shoulder_pan.pos=-39.41 shoulder_lift.pos=+9.53 elbow_flex.pos=+2.61 wrist_flex.pos=+78.21 wrist_roll.pos=-0.95 gripper.pos=+10.40
DEBUG 2026-09-03 08:24:36 [action #635] t=25.55s step=634 queue=7 dmax=1.318 | shoulder_pan.pos=-38.95 shoulder_lift.pos=+8.36 elbow_flex.pos=+1.30 wrist_flex.pos=+78.64 wrist_roll.pos=-1.17 gripper.pos=+10.44
DEBUG 2026-09-03 08:24:36 [action #636] t=25.58s step=635 queue=6 dmax=1.624 | shoulder_pan.pos=-38.34 shoulder_lift.pos=+6.74 elbow_flex.pos=+1.63 wrist_flex.pos=+79.54 wrist_roll.pos=-1.34 gripper.pos=+10.37
DEBUG 2026-09-03 08:24:36 [action #637] t=25.62s step=636 queue=5 dmax=1.597 | shoulder_pan.pos=-37.69 shoulder_lift.pos=+5.14 elbow_flex.pos=+1.59 wrist_flex.pos=+80.01 wrist_roll.pos=-1.49 gripper.pos=+10.40
DEBUG 2026-09-03 08:24:37 [action #638] t=25.65s step=637 queue=4 dmax=1.459 | shoulder_pan.pos=-37.02 shoulder_lift.pos=+3.68 elbow_flex.pos=+1.10 wrist_flex.pos=+80.71 wrist_roll.pos=-1.65 gripper.pos=+10.38
DEBUG 2026-09-03 08:24:37 [action #639] t=25.68s step=638 queue=3 dmax=1.155 | shoulder_pan.pos=-35.87 shoulder_lift.pos=+2.61 elbow_flex.pos=+0.28 wrist_flex.pos=+81.53 wrist_roll.pos=-1.65 gripper.pos=+10.34
DEBUG 2026-09-03 08:24:37 [action #640] t=25.72s step=639 queue=2 dmax=1.542 | shoulder_pan.pos=-35.22 shoulder_lift.pos=+1.07 elbow_flex.pos=-0.68 wrist_flex.pos=+82.14 wrist_roll.pos=-1.73 gripper.pos=+10.31
DEBUG 2026-09-03 08:24:37 [action #641] t=25.75s step=640 queue=1 dmax=1.117 | shoulder_pan.pos=-34.44 shoulder_lift.pos=-0.05 elbow_flex.pos=-0.85 wrist_flex.pos=+82.68 wrist_roll.pos=-1.76 gripper.pos=+10.44
DEBUG 2026-09-03 08:24:37 [chunk] received 50 actions, timesteps 616..665 | first: shoulder_pan.pos=-18.49 shoulder_lift.pos=+43.82 elbow_flex.pos=-47.26 wrist_flex.pos=+85.47 wrist_roll.pos=-4.95 gripper.pos=+6.01 | last: shoulder_pan.pos=+1.39 shoulder_lift.pos=+21.14 elbow_flex.pos=-57.63 wrist_flex.pos=+102.65 wrist_roll.pos=-5.45 gripper.pos=+6.45
DEBUG 2026-09-03 08:24:37 [action #642] t=25.95s step=641 queue=25 dmax=65.491 | shoulder_pan.pos=-17.50 shoulder_lift.pos=+40.45 elbow_flex.pos=-66.34 wrist_flex.pos=+100.58 wrist_roll.pos=-6.52 gripper.pos=+5.96
DEBUG 2026-09-03 08:24:37 [action #643] t=25.98s step=642 queue=24 dmax=0.802 | shoulder_pan.pos=-17.35 shoulder_lift.pos=+39.65 elbow_flex.pos=-65.91 wrist_flex.pos=+100.36 wrist_roll.pos=-6.39 gripper.pos=+6.04
DEBUG 2026-09-03 08:24:37 [action #644] t=26.02s step=643 queue=23 dmax=0.571 | shoulder_pan.pos=-17.30 shoulder_lift.pos=+39.08 elbow_flex.pos=-65.43 wrist_flex.pos=+100.33 wrist_roll.pos=-6.46 gripper.pos=+6.07
DEBUG 2026-09-03 08:24:37 [action #645] t=26.05s step=644 queue=22 dmax=1.124 | shoulder_pan.pos=-16.75 shoulder_lift.pos=+37.97 elbow_flex.pos=-64.30 wrist_flex.pos=+100.50 wrist_roll.pos=-6.51 gripper.pos=+6.05
DEBUG 2026-09-03 08:24:37 [action #646] t=26.08s step=645 queue=21 dmax=0.943 | shoulder_pan.pos=-17.08 shoulder_lift.pos=+37.03 elbow_flex.pos=-64.10 wrist_flex.pos=+100.65 wrist_roll.pos=-6.45 gripper.pos=+5.91
DEBUG 2026-09-03 08:24:37 [action #647] t=26.12s step=646 queue=20 dmax=0.736 | shoulder_pan.pos=-16.34 shoulder_lift.pos=+36.31 elbow_flex.pos=-63.87 wrist_flex.pos=+100.68 wrist_roll.pos=-6.47 gripper.pos=+6.02
DEBUG 2026-09-03 08:24:37 [action #648] t=26.15s step=647 queue=19 dmax=0.782 | shoulder_pan.pos=-16.35 shoulder_lift.pos=+35.53 elbow_flex.pos=-64.15 wrist_flex.pos=+100.83 wrist_roll.pos=-6.32 gripper.pos=+6.07
DEBUG 2026-09-03 08:24:37 [action #649] t=26.18s step=648 queue=18 dmax=0.935 | shoulder_pan.pos=-15.79 shoulder_lift.pos=+34.60 elbow_flex.pos=-63.68 wrist_flex.pos=+101.12 wrist_roll.pos=-6.49 gripper.pos=+5.97
DEBUG 2026-09-03 08:24:37 [action #650] t=26.22s step=649 queue=17 dmax=1.259 | shoulder_pan.pos=-15.38 shoulder_lift.pos=+33.34 elbow_flex.pos=-63.57 wrist_flex.pos=+101.20 wrist_roll.pos=-6.48 gripper.pos=+6.12
DEBUG 2026-09-03 08:24:37 [action #651] t=26.25s step=650 queue=16 dmax=0.976 | shoulder_pan.pos=-14.41 shoulder_lift.pos=+32.56 elbow_flex.pos=-63.27 wrist_flex.pos=+101.52 wrist_roll.pos=-6.35 gripper.pos=+6.12
DEBUG 2026-09-03 08:24:37 [action #652] t=26.28s step=651 queue=15 dmax=0.895 | shoulder_pan.pos=-13.79 shoulder_lift.pos=+31.66 elbow_flex.pos=-62.73 wrist_flex.pos=+101.54 wrist_roll.pos=-6.38 gripper.pos=+6.12
DEBUG 2026-09-03 08:24:37 [action #653] t=26.32s step=652 queue=14 dmax=0.758 | shoulder_pan.pos=-13.03 shoulder_lift.pos=+31.11 elbow_flex.pos=-62.41 wrist_flex.pos=+101.59 wrist_roll.pos=-6.38 gripper.pos=+6.11
DEBUG 2026-09-03 08:24:37 [action #654] t=26.35s step=653 queue=13 dmax=1.190 | shoulder_pan.pos=-12.01 shoulder_lift.pos=+29.92 elbow_flex.pos=-62.14 wrist_flex.pos=+101.73 wrist_roll.pos=-6.32 gripper.pos=+6.17
DEBUG 2026-09-03 08:24:37 [action #655] t=26.38s step=654 queue=12 dmax=0.761 | shoulder_pan.pos=-11.25 shoulder_lift.pos=+29.25 elbow_flex.pos=-61.60 wrist_flex.pos=+101.96 wrist_roll.pos=-6.40 gripper.pos=+6.20
DEBUG 2026-09-03 08:24:37 [action #656] t=26.42s step=655 queue=11 dmax=0.966 | shoulder_pan.pos=-10.29 shoulder_lift.pos=+28.87 elbow_flex.pos=-61.33 wrist_flex.pos=+102.10 wrist_roll.pos=-6.35 gripper.pos=+6.32
DEBUG 2026-09-03 08:24:37 [action #657] t=26.45s step=656 queue=10 dmax=1.534 | shoulder_pan.pos=-9.19 shoulder_lift.pos=+27.33 elbow_flex.pos=-60.40 wrist_flex.pos=+102.24 wrist_roll.pos=-6.33 gripper.pos=+6.23
DEBUG 2026-09-03 08:24:37 [action #658] t=26.49s step=657 queue=9 dmax=1.313 | shoulder_pan.pos=-7.88 shoulder_lift.pos=+26.06 elbow_flex.pos=-60.37 wrist_flex.pos=+102.23 wrist_roll.pos=-6.30 gripper.pos=+6.20
DEBUG 2026-09-03 08:24:37 [action #659] t=26.52s step=658 queue=8 dmax=1.184 | shoulder_pan.pos=-6.70 shoulder_lift.pos=+25.83 elbow_flex.pos=-61.12 wrist_flex.pos=+102.62 wrist_roll.pos=-6.19 gripper.pos=+6.28
DEBUG 2026-09-03 08:24:37 [action #660] t=26.55s step=659 queue=7 dmax=1.399 | shoulder_pan.pos=-5.30 shoulder_lift.pos=+24.89 elbow_flex.pos=-60.26 wrist_flex.pos=+102.57 wrist_roll.pos=-6.29 gripper.pos=+6.30
DEBUG 2026-09-03 08:24:37 [action #661] t=26.59s step=660 queue=6 dmax=1.188 | shoulder_pan.pos=-4.11 shoulder_lift.pos=+24.08 elbow_flex.pos=-60.20 wrist_flex.pos=+102.64 wrist_roll.pos=-6.03 gripper.pos=+6.37
DEBUG 2026-09-03 08:24:37 [action #662] t=26.62s step=661 queue=5 dmax=1.125 | shoulder_pan.pos=-2.98 shoulder_lift.pos=+23.22 elbow_flex.pos=-60.18 wrist_flex.pos=+102.61 wrist_roll.pos=-6.07 gripper.pos=+6.35
DEBUG 2026-09-03 08:24:38 [action #663] t=26.65s step=662 queue=4 dmax=1.365 | shoulder_pan.pos=-2.17 shoulder_lift.pos=+22.49 elbow_flex.pos=-58.81 wrist_flex.pos=+102.55 wrist_roll.pos=-6.00 gripper.pos=+6.36
DEBUG 2026-09-03 08:24:38 [action #664] t=26.69s step=663 queue=3 dmax=1.103 | shoulder_pan.pos=-1.07 shoulder_lift.pos=+22.12 elbow_flex.pos=-58.39 wrist_flex.pos=+102.69 wrist_roll.pos=-5.79 gripper.pos=+6.26
DEBUG 2026-09-03 08:24:38 [action #665] t=26.72s step=664 queue=2 dmax=1.598 | shoulder_pan.pos=-0.01 shoulder_lift.pos=+20.53 elbow_flex.pos=-59.06 wrist_flex.pos=+102.73 wrist_roll.pos=-5.52 gripper.pos=+6.21
DEBUG 2026-09-03 08:24:38 [action #666] t=26.75s step=665 queue=1 dmax=1.426 | shoulder_pan.pos=+1.39 shoulder_lift.pos=+21.14 elbow_flex.pos=-57.63 wrist_flex.pos=+102.65 wrist_roll.pos=-5.45 gripper.pos=+6.45
DEBUG 2026-09-03 08:24:38 [chunk] received 50 actions, timesteps 640..689 | first: shoulder_pan.pos=-39.44 shoulder_lift.pos=-4.64 elbow_flex.pos=+0.00 wrist_flex.pos=+81.41 wrist_roll.pos=-1.68 gripper.pos=+10.12 | last: shoulder_pan.pos=+9.36 shoulder_lift.pos=-8.73 elbow_flex.pos=-2.87 wrist_flex.pos=+71.58 wrist_roll.pos=+3.96 gripper.pos=+12.19
DEBUG 2026-09-03 08:24:38 [action #667] t=26.85s step=666 queue=24 dmax=59.712 | shoulder_pan.pos=-5.48 shoulder_lift.pos=-20.55 elbow_flex.pos=+2.08 wrist_flex.pos=+81.47 wrist_roll.pos=+1.61 gripper.pos=+7.79
DEBUG 2026-09-03 08:24:38 [action #668] t=26.89s step=667 queue=23 dmax=0.929 | shoulder_pan.pos=-4.66 shoulder_lift.pos=-20.57 elbow_flex.pos=+3.01 wrist_flex.pos=+81.33 wrist_roll.pos=+1.75 gripper.pos=+7.82
DEBUG 2026-09-03 08:24:38 [action #669] t=26.92s step=668 queue=22 dmax=1.073 | shoulder_pan.pos=-3.58 shoulder_lift.pos=-20.48 elbow_flex.pos=+3.08 wrist_flex.pos=+81.20 wrist_roll.pos=+2.04 gripper.pos=+7.85
DEBUG 2026-09-03 08:24:38 [action #670] t=26.95s step=669 queue=21 dmax=0.690 | shoulder_pan.pos=-2.89 shoulder_lift.pos=-20.69 elbow_flex.pos=+2.78 wrist_flex.pos=+81.28 wrist_roll.pos=+2.20 gripper.pos=+7.77
DEBUG 2026-09-03 08:24:38 [action #671] t=26.99s step=670 queue=20 dmax=0.966 | shoulder_pan.pos=-1.95 shoulder_lift.pos=-21.66 elbow_flex.pos=+3.15 wrist_flex.pos=+81.07 wrist_roll.pos=+2.46 gripper.pos=+7.86
DEBUG 2026-09-03 08:24:38 [action #672] t=27.02s step=671 queue=19 dmax=1.055 | shoulder_pan.pos=-0.89 shoulder_lift.pos=-21.15 elbow_flex.pos=+3.34 wrist_flex.pos=+80.89 wrist_roll.pos=+2.51 gripper.pos=+8.15
DEBUG 2026-09-03 08:24:38 [action #673] t=27.05s step=672 queue=18 dmax=0.959 | shoulder_pan.pos=+0.06 shoulder_lift.pos=-21.77 elbow_flex.pos=+3.76 wrist_flex.pos=+80.76 wrist_roll.pos=+2.60 gripper.pos=+8.55
DEBUG 2026-09-03 08:24:38 [action #674] t=27.09s step=673 queue=17 dmax=0.808 | shoulder_pan.pos=+0.87 shoulder_lift.pos=-21.45 elbow_flex.pos=+3.51 wrist_flex.pos=+80.61 wrist_roll.pos=+2.82 gripper.pos=+9.09
DEBUG 2026-09-03 08:24:38 [action #675] t=27.12s step=674 queue=16 dmax=1.021 | shoulder_pan.pos=+1.89 shoulder_lift.pos=-21.32 elbow_flex.pos=+4.07 wrist_flex.pos=+80.30 wrist_roll.pos=+2.94 gripper.pos=+9.72
DEBUG 2026-09-03 08:24:38 [action #676] t=27.15s step=675 queue=15 dmax=0.989 | shoulder_pan.pos=+2.88 shoulder_lift.pos=-21.58 elbow_flex.pos=+4.00 wrist_flex.pos=+80.08 wrist_roll.pos=+3.05 gripper.pos=+10.46
DEBUG 2026-09-03 08:24:38 [action #677] t=27.19s step=676 queue=14 dmax=1.112 | shoulder_pan.pos=+3.99 shoulder_lift.pos=-21.05 elbow_flex.pos=+3.32 wrist_flex.pos=+79.56 wrist_roll.pos=+3.00 gripper.pos=+11.03
DEBUG 2026-09-03 08:24:38 [action #678] t=27.22s step=677 queue=13 dmax=1.050 | shoulder_pan.pos=+5.04 shoulder_lift.pos=-20.30 elbow_flex.pos=+2.96 wrist_flex.pos=+79.35 wrist_roll.pos=+3.08 gripper.pos=+11.29
DEBUG 2026-09-03 08:24:38 [action #679] t=27.25s step=678 queue=12 dmax=0.801 | shoulder_pan.pos=+5.85 shoulder_lift.pos=-20.09 elbow_flex.pos=+2.62 wrist_flex.pos=+78.96 wrist_roll.pos=+3.10 gripper.pos=+11.20
DEBUG 2026-09-03 08:24:38 [action #680] t=27.29s step=679 queue=11 dmax=1.225 | shoulder_pan.pos=+6.68 shoulder_lift.pos=-19.10 elbow_flex.pos=+1.39 wrist_flex.pos=+78.75 wrist_roll.pos=+3.30 gripper.pos=+10.97
DEBUG 2026-09-03 08:24:38 [action #681] t=27.32s step=680 queue=10 dmax=0.634 | shoulder_pan.pos=+7.31 shoulder_lift.pos=-18.79 elbow_flex.pos=+1.09 wrist_flex.pos=+78.28 wrist_roll.pos=+3.33 gripper.pos=+10.68
DEBUG 2026-09-03 08:24:38 [action #682] t=27.35s step=681 queue=9 dmax=1.448 | shoulder_pan.pos=+7.99 shoulder_lift.pos=-17.34 elbow_flex.pos=+0.61 wrist_flex.pos=+77.78 wrist_roll.pos=+3.40 gripper.pos=+10.44
DEBUG 2026-09-03 08:24:38 [action #683] t=27.39s step=682 queue=8 dmax=0.805 | shoulder_pan.pos=+8.38 shoulder_lift.pos=-16.53 elbow_flex.pos=-0.02 wrist_flex.pos=+77.16 wrist_roll.pos=+3.55 gripper.pos=+10.45
DEBUG 2026-09-03 08:24:38 [action #684] t=27.42s step=683 queue=7 dmax=0.821 | shoulder_pan.pos=+8.86 shoulder_lift.pos=-15.71 elbow_flex.pos=-0.18 wrist_flex.pos=+76.48 wrist_roll.pos=+3.66 gripper.pos=+10.49
DEBUG 2026-09-03 08:24:38 [action #685] t=27.45s step=684 queue=6 dmax=1.159 | shoulder_pan.pos=+9.24 shoulder_lift.pos=-14.83 elbow_flex.pos=-1.34 wrist_flex.pos=+75.55 wrist_roll.pos=+3.69 gripper.pos=+10.55
DEBUG 2026-09-03 08:24:38 [action #686] t=27.49s step=685 queue=5 dmax=0.935 | shoulder_pan.pos=+9.16 shoulder_lift.pos=-13.89 elbow_flex.pos=-1.46 wrist_flex.pos=+74.84 wrist_roll.pos=+3.74 gripper.pos=+10.65
DEBUG 2026-09-03 08:24:38 [action #687] t=27.52s step=686 queue=4 dmax=1.291 | shoulder_pan.pos=+9.31 shoulder_lift.pos=-12.60 elbow_flex.pos=-1.80 wrist_flex.pos=+74.22 wrist_roll.pos=+3.93 gripper.pos=+10.82
DEBUG 2026-09-03 08:24:38 [action #688] t=27.56s step=687 queue=3 dmax=1.387 | shoulder_pan.pos=+9.19 shoulder_lift.pos=-11.22 elbow_flex.pos=-1.88 wrist_flex.pos=+73.38 wrist_roll.pos=+3.89 gripper.pos=+11.04
DEBUG 2026-09-03 08:24:38 [action #689] t=27.59s step=688 queue=2 dmax=1.055 | shoulder_pan.pos=+9.56 shoulder_lift.pos=-10.16 elbow_flex.pos=-2.60 wrist_flex.pos=+72.57 wrist_roll.pos=+3.99 gripper.pos=+11.56
DEBUG 2026-09-03 08:24:38 [action #690] t=27.62s step=689 queue=1 dmax=1.430 | shoulder_pan.pos=+9.36 shoulder_lift.pos=-8.73 elbow_flex.pos=-2.87 wrist_flex.pos=+71.58 wrist_roll.pos=+3.96 gripper.pos=+12.19
DEBUG 2026-09-03 08:24:39 [chunk] received 50 actions, timesteps 665..714 | first: shoulder_pan.pos=-1.95 shoulder_lift.pos=+13.33 elbow_flex.pos=-39.37 wrist_flex.pos=+101.68 wrist_roll.pos=-5.76 gripper.pos=+1.92 | last: shoulder_pan.pos=-2.94 shoulder_lift.pos=-72.08 elbow_flex.pos=+62.30 wrist_flex.pos=+71.08 wrist_roll.pos=-4.91 gripper.pos=+1.15
DEBUG 2026-09-03 08:24:39 [action #691] t=27.82s step=690 queue=25 dmax=28.061 | shoulder_pan.pos=-5.41 shoulder_lift.pos=-35.60 elbow_flex.pos=+25.19 wrist_flex.pos=+79.77 wrist_roll.pos=-6.19 gripper.pos=+0.92
DEBUG 2026-09-03 08:24:39 [action #692] t=27.86s step=691 queue=24 dmax=2.284 | shoulder_pan.pos=-5.26 shoulder_lift.pos=-37.44 elbow_flex.pos=+27.47 wrist_flex.pos=+78.71 wrist_roll.pos=-6.13 gripper.pos=+0.76
DEBUG 2026-09-03 08:24:39 [action #693] t=27.89s step=692 queue=23 dmax=2.429 | shoulder_pan.pos=-5.16 shoulder_lift.pos=-39.27 elbow_flex.pos=+29.90 wrist_flex.pos=+77.71 wrist_roll.pos=-6.17 gripper.pos=+0.91
DEBUG 2026-09-03 08:24:39 [action #694] t=27.92s step=693 queue=22 dmax=1.960 | shoulder_pan.pos=-5.28 shoulder_lift.pos=-40.71 elbow_flex.pos=+31.86 wrist_flex.pos=+77.06 wrist_roll.pos=-6.10 gripper.pos=+0.91
DEBUG 2026-09-03 08:24:39 [action #695] t=27.96s step=694 queue=21 dmax=1.886 | shoulder_pan.pos=-5.06 shoulder_lift.pos=-41.99 elbow_flex.pos=+33.75 wrist_flex.pos=+76.41 wrist_roll.pos=-5.99 gripper.pos=+0.84
DEBUG 2026-09-03 08:24:39 [action #696] t=27.99s step=695 queue=20 dmax=1.591 | shoulder_pan.pos=-4.96 shoulder_lift.pos=-43.11 elbow_flex.pos=+35.34 wrist_flex.pos=+76.09 wrist_roll.pos=-5.89 gripper.pos=+0.93
DEBUG 2026-09-03 08:24:39 [action #697] t=28.02s step=696 queue=19 dmax=1.588 | shoulder_pan.pos=-5.01 shoulder_lift.pos=-44.70 elbow_flex.pos=+36.89 wrist_flex.pos=+75.78 wrist_roll.pos=-5.80 gripper.pos=+0.90
DEBUG 2026-09-03 08:24:39 [action #698] t=28.06s step=697 queue=18 dmax=1.949 | shoulder_pan.pos=-5.13 shoulder_lift.pos=-45.59 elbow_flex.pos=+38.84 wrist_flex.pos=+75.73 wrist_roll.pos=-5.80 gripper.pos=+0.77
DEBUG 2026-09-03 08:24:39 [action #699] t=28.09s step=698 queue=17 dmax=1.313 | shoulder_pan.pos=-5.09 shoulder_lift.pos=-46.65 elbow_flex.pos=+40.16 wrist_flex.pos=+75.43 wrist_roll.pos=-5.67 gripper.pos=+0.86
DEBUG 2026-09-03 08:24:39 [action #700] t=28.12s step=699 queue=16 dmax=1.379 | shoulder_pan.pos=-5.00 shoulder_lift.pos=-47.68 elbow_flex.pos=+41.53 wrist_flex.pos=+75.40 wrist_roll.pos=-5.62 gripper.pos=+0.85
DEBUG 2026-09-03 08:24:39 [action #701] t=28.16s step=700 queue=15 dmax=1.550 | shoulder_pan.pos=-4.98 shoulder_lift.pos=-48.99 elbow_flex.pos=+43.08 wrist_flex.pos=+75.22 wrist_roll.pos=-5.60 gripper.pos=+0.81
DEBUG 2026-09-03 08:24:39 [action #702] t=28.19s step=701 queue=14 dmax=0.934 | shoulder_pan.pos=-4.68 shoulder_lift.pos=-49.92 elbow_flex.pos=+43.68 wrist_flex.pos=+74.76 wrist_roll.pos=-5.61 gripper.pos=+0.87
DEBUG 2026-09-03 08:24:39 [action #703] t=28.22s step=702 queue=13 dmax=1.454 | shoulder_pan.pos=-4.77 shoulder_lift.pos=-51.16 elbow_flex.pos=+45.13 wrist_flex.pos=+74.79 wrist_roll.pos=-5.50 gripper.pos=+0.90
DEBUG 2026-09-03 08:24:39 [action #704] t=28.26s step=703 queue=12 dmax=1.424 | shoulder_pan.pos=-4.89 shoulder_lift.pos=-52.02 elbow_flex.pos=+46.56 wrist_flex.pos=+74.72 wrist_roll.pos=-5.55 gripper.pos=+0.81
DEBUG 2026-09-03 08:24:39 [action #705] t=28.29s step=704 queue=11 dmax=1.132 | shoulder_pan.pos=-4.64 shoulder_lift.pos=-53.15 elbow_flex.pos=+47.44 wrist_flex.pos=+74.52 wrist_roll.pos=-5.34 gripper.pos=+0.74
DEBUG 2026-09-03 08:24:39 [action #706] t=28.32s step=705 queue=10 dmax=1.617 | shoulder_pan.pos=-5.03 shoulder_lift.pos=-54.17 elbow_flex.pos=+49.06 wrist_flex.pos=+74.53 wrist_roll.pos=-5.29 gripper.pos=+0.82
DEBUG 2026-09-03 08:24:39 [action #707] t=28.36s step=706 queue=9 dmax=1.648 | shoulder_pan.pos=-4.51 shoulder_lift.pos=-55.82 elbow_flex.pos=+49.83 wrist_flex.pos=+74.12 wrist_roll.pos=-5.17 gripper.pos=+0.91
DEBUG 2026-09-03 08:24:39 [action #708] t=28.39s step=707 queue=8 dmax=2.197 | shoulder_pan.pos=-4.21 shoulder_lift.pos=-58.01 elbow_flex.pos=+51.87 wrist_flex.pos=+73.35 wrist_roll.pos=-5.28 gripper.pos=+0.91
DEBUG 2026-09-03 08:24:39 [action #709] t=28.43s step=708 queue=7 dmax=1.070 | shoulder_pan.pos=-4.20 shoulder_lift.pos=-58.93 elbow_flex.pos=+52.94 wrist_flex.pos=+73.12 wrist_roll.pos=-5.10 gripper.pos=+1.07
DEBUG 2026-09-03 08:24:39 [action #710] t=28.46s step=709 queue=6 dmax=2.084 | shoulder_pan.pos=-4.05 shoulder_lift.pos=-61.01 elbow_flex.pos=+54.63 wrist_flex.pos=+72.69 wrist_roll.pos=-5.20 gripper.pos=+0.97
DEBUG 2026-09-03 08:24:39 [action #711] t=28.49s step=710 queue=5 dmax=1.472 | shoulder_pan.pos=-4.02 shoulder_lift.pos=-62.48 elbow_flex.pos=+56.02 wrist_flex.pos=+72.24 wrist_roll.pos=-5.09 gripper.pos=+0.99
DEBUG 2026-09-03 08:24:39 [action #712] t=28.53s step=711 queue=4 dmax=2.202 | shoulder_pan.pos=-3.81 shoulder_lift.pos=-64.69 elbow_flex.pos=+57.62 wrist_flex.pos=+71.92 wrist_roll.pos=-5.02 gripper.pos=+1.16
DEBUG 2026-09-03 08:24:39 [action #713] t=28.56s step=712 queue=3 dmax=2.620 | shoulder_pan.pos=-3.62 shoulder_lift.pos=-67.31 elbow_flex.pos=+59.34 wrist_flex.pos=+71.65 wrist_roll.pos=-4.93 gripper.pos=+1.14
DEBUG 2026-09-03 08:24:39 [action #714] t=28.59s step=713 queue=2 dmax=2.640 | shoulder_pan.pos=-3.22 shoulder_lift.pos=-69.94 elbow_flex.pos=+60.52 wrist_flex.pos=+71.37 wrist_roll.pos=-5.00 gripper.pos=+1.12
DEBUG 2026-09-03 08:24:39 [action #715] t=28.63s step=714 queue=1 dmax=2.137 | shoulder_pan.pos=-2.94 shoulder_lift.pos=-72.08 elbow_flex.pos=+62.30 wrist_flex.pos=+71.08 wrist_roll.pos=-4.91 gripper.pos=+1.15
DEBUG 2026-09-03 08:24:40 [chunk] received 50 actions, timesteps 689..738 | first: shoulder_pan.pos=+6.58 shoulder_lift.pos=-18.36 elbow_flex.pos=+8.96 wrist_flex.pos=+71.03 wrist_roll.pos=+2.29 gripper.pos=+5.61 | last: shoulder_pan.pos=-5.50 shoulder_lift.pos=-97.31 elbow_flex.pos=+82.30 wrist_flex.pos=+69.04 wrist_roll.pos=-3.42 gripper.pos=+1.66
DEBUG 2026-09-03 08:24:40 [action #716] t=28.69s step=715 queue=24 dmax=14.044 | shoulder_pan.pos=-3.63 shoulder_lift.pos=-58.04 elbow_flex.pos=+55.20 wrist_flex.pos=+64.71 wrist_roll.pos=+0.70 gripper.pos=+1.61
DEBUG 2026-09-03 08:24:40 [action #717] t=28.73s step=716 queue=23 dmax=1.837 | shoulder_pan.pos=-3.46 shoulder_lift.pos=-59.49 elbow_flex.pos=+57.04 wrist_flex.pos=+64.60 wrist_roll.pos=+0.75 gripper.pos=+1.14
DEBUG 2026-09-03 08:24:40 [action #718] t=28.76s step=717 queue=22 dmax=1.342 | shoulder_pan.pos=-3.14 shoulder_lift.pos=-60.83 elbow_flex.pos=+57.90 wrist_flex.pos=+64.38 wrist_roll.pos=+0.74 gripper.pos=+0.76
DEBUG 2026-09-03 08:24:40 [action #719] t=28.79s step=718 queue=21 dmax=1.716 | shoulder_pan.pos=-3.26 shoulder_lift.pos=-62.55 elbow_flex.pos=+58.89 wrist_flex.pos=+64.32 wrist_roll.pos=+0.77 gripper.pos=+0.67
DEBUG 2026-09-03 08:24:40 [action #720] t=28.83s step=719 queue=20 dmax=1.957 | shoulder_pan.pos=-3.28 shoulder_lift.pos=-64.50 elbow_flex.pos=+60.43 wrist_flex.pos=+64.07 wrist_roll.pos=+0.83 gripper.pos=+0.88
DEBUG 2026-09-03 08:24:40 [action #721] t=28.86s step=720 queue=19 dmax=1.669 | shoulder_pan.pos=-3.31 shoulder_lift.pos=-65.68 elbow_flex.pos=+62.10 wrist_flex.pos=+64.31 wrist_roll.pos=+0.83 gripper.pos=+0.71
DEBUG 2026-09-03 08:24:40 [action #722] t=28.89s step=721 queue=18 dmax=1.605 | shoulder_pan.pos=-3.35 shoulder_lift.pos=-67.29 elbow_flex.pos=+62.73 wrist_flex.pos=+64.35 wrist_roll.pos=+0.75 gripper.pos=+1.05
DEBUG 2026-09-03 08:24:40 [action #723] t=28.93s step=722 queue=17 dmax=2.736 | shoulder_pan.pos=-3.46 shoulder_lift.pos=-70.02 elbow_flex.pos=+64.40 wrist_flex.pos=+64.42 wrist_roll.pos=+0.83 gripper.pos=+1.26
DEBUG 2026-09-03 08:24:40 [action #724] t=28.96s step=723 queue=16 dmax=2.386 | shoulder_pan.pos=-3.98 shoulder_lift.pos=-72.41 elbow_flex.pos=+65.43 wrist_flex.pos=+64.41 wrist_roll.pos=+0.76 gripper.pos=+1.25
DEBUG 2026-09-03 08:24:40 [action #725] t=28.99s step=724 queue=15 dmax=1.613 | shoulder_pan.pos=-4.48 shoulder_lift.pos=-74.02 elbow_flex.pos=+66.42 wrist_flex.pos=+64.14 wrist_roll.pos=+0.80 gripper.pos=+1.29
DEBUG 2026-09-03 08:24:40 [action #726] t=29.03s step=725 queue=14 dmax=2.409 | shoulder_pan.pos=-4.86 shoulder_lift.pos=-76.43 elbow_flex.pos=+68.27 wrist_flex.pos=+64.61 wrist_roll.pos=+0.69 gripper.pos=+1.34
DEBUG 2026-09-03 08:24:40 [action #727] t=29.06s step=726 queue=13 dmax=2.033 | shoulder_pan.pos=-5.08 shoulder_lift.pos=-78.46 elbow_flex.pos=+69.00 wrist_flex.pos=+64.63 wrist_roll.pos=+0.82 gripper.pos=+1.29
DEBUG 2026-09-03 08:24:40 [action #728] t=29.09s step=727 queue=12 dmax=2.463 | shoulder_pan.pos=-5.24 shoulder_lift.pos=-80.93 elbow_flex.pos=+70.75 wrist_flex.pos=+64.62 wrist_roll.pos=+0.77 gripper.pos=+1.31
DEBUG 2026-09-03 08:24:40 [action #729] t=29.13s step=728 queue=11 dmax=1.802 | shoulder_pan.pos=-5.31 shoulder_lift.pos=-82.73 elbow_flex.pos=+71.30 wrist_flex.pos=+64.75 wrist_roll.pos=+0.73 gripper.pos=+1.31
DEBUG 2026-09-03 08:24:40 [action #730] t=29.16s step=729 queue=10 dmax=2.052 | shoulder_pan.pos=-5.82 shoulder_lift.pos=-84.78 elbow_flex.pos=+73.08 wrist_flex.pos=+64.77 wrist_roll.pos=+0.95 gripper.pos=+1.40
DEBUG 2026-09-03 08:24:40 [action #731] t=29.19s step=730 queue=9 dmax=1.764 | shoulder_pan.pos=-5.57 shoulder_lift.pos=-86.55 elbow_flex.pos=+74.41 wrist_flex.pos=+65.12 wrist_roll.pos=+0.92 gripper.pos=+1.44
DEBUG 2026-09-03 08:24:40 [action #732] t=29.23s step=731 queue=8 dmax=2.428 | shoulder_pan.pos=-5.72 shoulder_lift.pos=-88.97 elbow_flex.pos=+75.93 wrist_flex.pos=+65.04 wrist_roll.pos=+0.95 gripper.pos=+1.39
DEBUG 2026-09-03 08:24:40 [action #733] t=29.26s step=732 queue=7 dmax=2.432 | shoulder_pan.pos=-5.61 shoulder_lift.pos=-91.41 elbow_flex.pos=+77.85 wrist_flex.pos=+65.41 wrist_roll.pos=+0.90 gripper.pos=+1.39
DEBUG 2026-09-03 08:24:40 [action #734] t=29.29s step=733 queue=6 dmax=1.139 | shoulder_pan.pos=-6.00 shoulder_lift.pos=-92.55 elbow_flex.pos=+78.57 wrist_flex.pos=+65.66 wrist_roll.pos=+0.74 gripper.pos=+1.42
DEBUG 2026-09-03 08:24:40 [action #735] t=29.33s step=734 queue=5 dmax=1.531 | shoulder_pan.pos=-5.92 shoulder_lift.pos=-94.08 elbow_flex.pos=+80.04 wrist_flex.pos=+65.99 wrist_roll.pos=-0.09 gripper.pos=+1.43
DEBUG 2026-09-03 08:24:40 [action #736] t=29.36s step=735 queue=4 dmax=2.028 | shoulder_pan.pos=-5.81 shoulder_lift.pos=-95.33 elbow_flex.pos=+80.95 wrist_flex.pos=+66.81 wrist_roll.pos=-2.12 gripper.pos=+1.51
DEBUG 2026-09-03 08:24:40 [action #737] t=29.40s step=736 queue=3 dmax=0.817 | shoulder_pan.pos=-5.90 shoulder_lift.pos=-95.67 elbow_flex.pos=+81.61 wrist_flex.pos=+67.63 wrist_roll.pos=-2.83 gripper.pos=+1.58
DEBUG 2026-09-03 08:24:40 [action #738] t=29.43s step=737 queue=2 dmax=1.268 | shoulder_pan.pos=-5.69 shoulder_lift.pos=-96.94 elbow_flex.pos=+81.82 wrist_flex.pos=+68.53 wrist_roll.pos=-3.41 gripper.pos=+1.60
DEBUG 2026-09-03 08:24:40 [action #739] t=29.46s step=738 queue=1 dmax=0.513 | shoulder_pan.pos=-5.50 shoulder_lift.pos=-97.31 elbow_flex.pos=+82.30 wrist_flex.pos=+69.04 wrist_roll.pos=-3.42 gripper.pos=+1.66
DEBUG 2026-09-03 08:24:40 [chunk] received 50 actions, timesteps 714..763 | first: shoulder_pan.pos=-3.87 shoulder_lift.pos=-70.31 elbow_flex.pos=+63.67 wrist_flex.pos=+70.39 wrist_roll.pos=-5.12 gripper.pos=+0.93 | last: shoulder_pan.pos=-5.32 shoulder_lift.pos=-103.24 elbow_flex.pos=+87.33 wrist_flex.pos=+79.04 wrist_roll.pos=-3.89 gripper.pos=+0.51
DEBUG 2026-09-03 08:24:40 [action #740] t=29.60s step=739 queue=25 dmax=3.310 | shoulder_pan.pos=-6.12 shoulder_lift.pos=-98.91 elbow_flex.pos=+82.44 wrist_flex.pos=+72.35 wrist_roll.pos=-4.99 gripper.pos=+0.60
DEBUG 2026-09-03 08:24:40 [action #741] t=29.63s step=740 queue=24 dmax=0.821 | shoulder_pan.pos=-6.23 shoulder_lift.pos=-98.92 elbow_flex.pos=+83.26 wrist_flex.pos=+72.45 wrist_roll.pos=-5.08 gripper.pos=+0.69
DEBUG 2026-09-03 08:24:41 [action #742] t=29.66s step=741 queue=23 dmax=0.587 | shoulder_pan.pos=-6.28 shoulder_lift.pos=-99.18 elbow_flex.pos=+83.84 wrist_flex.pos=+72.37 wrist_roll.pos=-4.94 gripper.pos=+0.87
DEBUG 2026-09-03 08:24:41 [action #743] t=29.70s step=742 queue=22 dmax=0.708 | shoulder_pan.pos=-6.45 shoulder_lift.pos=-99.89 elbow_flex.pos=+84.53 wrist_flex.pos=+72.86 wrist_roll.pos=-5.06 gripper.pos=+0.65
DEBUG 2026-09-03 08:24:41 [action #744] t=29.73s step=743 queue=21 dmax=0.908 | shoulder_pan.pos=-6.18 shoulder_lift.pos=-100.80 elbow_flex.pos=+84.73 wrist_flex.pos=+73.28 wrist_roll.pos=-5.02 gripper.pos=+0.63
DEBUG 2026-09-03 08:24:41 [action #745] t=29.76s step=744 queue=20 dmax=0.550 | shoulder_pan.pos=-6.43 shoulder_lift.pos=-100.88 elbow_flex.pos=+84.73 wrist_flex.pos=+73.83 wrist_roll.pos=-4.95 gripper.pos=+0.67
DEBUG 2026-09-03 08:24:41 [action #746] t=29.80s step=745 queue=19 dmax=0.626 | shoulder_pan.pos=-6.24 shoulder_lift.pos=-101.19 elbow_flex.pos=+85.35 wrist_flex.pos=+74.46 wrist_roll.pos=-4.91 gripper.pos=+0.73
DEBUG 2026-09-03 08:24:41 [action #747] t=29.83s step=746 queue=18 dmax=0.769 | shoulder_pan.pos=-6.53 shoulder_lift.pos=-101.76 elbow_flex.pos=+86.07 wrist_flex.pos=+75.23 wrist_roll.pos=-4.98 gripper.pos=+0.66
DEBUG 2026-09-03 08:24:41 [action #748] t=29.86s step=747 queue=17 dmax=0.890 | shoulder_pan.pos=-6.40 shoulder_lift.pos=-102.38 elbow_flex.pos=+85.72 wrist_flex.pos=+76.11 wrist_roll.pos=-4.93 gripper.pos=+0.67
DEBUG 2026-09-03 08:24:41 [action #749] t=29.90s step=748 queue=16 dmax=1.177 | shoulder_pan.pos=-6.66 shoulder_lift.pos=-102.78 elbow_flex.pos=+85.85 wrist_flex.pos=+77.29 wrist_roll.pos=-4.87 gripper.pos=+0.76
DEBUG 2026-09-03 08:24:41 [action #750] t=29.93s step=749 queue=15 dmax=0.822 | shoulder_pan.pos=-6.74 shoulder_lift.pos=-103.16 elbow_flex.pos=+85.82 wrist_flex.pos=+78.11 wrist_roll.pos=-5.01 gripper.pos=+0.55
DEBUG 2026-09-03 08:24:41 [action #751] t=29.96s step=750 queue=14 dmax=0.822 | shoulder_pan.pos=-6.55 shoulder_lift.pos=-102.81 elbow_flex.pos=+85.64 wrist_flex.pos=+78.94 wrist_roll.pos=-4.94 gripper.pos=+0.63
DEBUG 2026-09-03 08:24:41 [action #752] t=30.00s step=751 queue=13 dmax=0.758 | shoulder_pan.pos=-6.88 shoulder_lift.pos=-102.78 elbow_flex.pos=+86.10 wrist_flex.pos=+79.69 wrist_roll.pos=-4.86 gripper.pos=+0.51
DEBUG 2026-09-03 08:24:41 [action #753] t=30.03s step=752 queue=12 dmax=0.651 | shoulder_pan.pos=-6.65 shoulder_lift.pos=-102.13 elbow_flex.pos=+85.98 wrist_flex.pos=+80.05 wrist_roll.pos=-4.66 gripper.pos=+0.52
DEBUG 2026-09-03 08:24:41 [action #754] t=30.06s step=753 queue=11 dmax=0.386 | shoulder_pan.pos=-6.70 shoulder_lift.pos=-102.13 elbow_flex.pos=+85.59 wrist_flex.pos=+80.43 wrist_roll.pos=-4.54 gripper.pos=+0.60
DEBUG 2026-09-03 08:24:41 [action #755] t=30.10s step=754 queue=10 dmax=0.482 | shoulder_pan.pos=-6.62 shoulder_lift.pos=-102.36 elbow_flex.pos=+86.07 wrist_flex.pos=+80.53 wrist_roll.pos=-4.27 gripper.pos=+0.51
DEBUG 2026-09-03 08:24:41 [action #756] t=30.13s step=755 queue=9 dmax=0.846 | shoulder_pan.pos=-6.28 shoulder_lift.pos=-103.21 elbow_flex.pos=+86.42 wrist_flex.pos=+80.48 wrist_roll.pos=-4.22 gripper.pos=+0.51
DEBUG 2026-09-03 08:24:41 [action #757] t=30.16s step=756 queue=8 dmax=0.571 | shoulder_pan.pos=-6.11 shoulder_lift.pos=-102.64 elbow_flex.pos=+86.80 wrist_flex.pos=+80.16 wrist_roll.pos=-4.12 gripper.pos=+0.50
DEBUG 2026-09-03 08:24:41 [action #758] t=30.20s step=757 queue=7 dmax=0.362 | shoulder_pan.pos=-6.01 shoulder_lift.pos=-102.69 elbow_flex.pos=+86.94 wrist_flex.pos=+79.80 wrist_roll.pos=-4.01 gripper.pos=+0.43
DEBUG 2026-09-03 08:24:41 [action #759] t=30.23s step=758 queue=6 dmax=0.666 | shoulder_pan.pos=-5.79 shoulder_lift.pos=-102.03 elbow_flex.pos=+86.48 wrist_flex.pos=+79.71 wrist_roll.pos=-3.83 gripper.pos=+0.37
DEBUG 2026-09-03 08:24:41 [action #760] t=30.26s step=759 queue=5 dmax=1.015 | shoulder_pan.pos=-5.75 shoulder_lift.pos=-102.51 elbow_flex.pos=+87.49 wrist_flex.pos=+79.53 wrist_roll.pos=-3.75 gripper.pos=+0.48
DEBUG 2026-09-03 08:24:41 [action #761] t=30.30s step=760 queue=4 dmax=0.113 | shoulder_pan.pos=-5.64 shoulder_lift.pos=-102.61 elbow_flex.pos=+87.48 wrist_flex.pos=+79.58 wrist_roll.pos=-3.78 gripper.pos=+0.37
DEBUG 2026-09-03 08:24:41 [action #762] t=30.33s step=761 queue=3 dmax=0.396 | shoulder_pan.pos=-5.53 shoulder_lift.pos=-102.75 elbow_flex.pos=+87.87 wrist_flex.pos=+79.32 wrist_roll.pos=-3.77 gripper.pos=+0.39
DEBUG 2026-09-03 08:24:41 [action #763] t=30.36s step=762 queue=2 dmax=0.962 | shoulder_pan.pos=-5.32 shoulder_lift.pos=-102.73 elbow_flex.pos=+86.91 wrist_flex.pos=+79.26 wrist_roll.pos=-3.97 gripper.pos=+0.37
DEBUG 2026-09-03 08:24:41 [action #764] t=30.40s step=763 queue=1 dmax=0.508 | shoulder_pan.pos=-5.32 shoulder_lift.pos=-103.24 elbow_flex.pos=+87.33 wrist_flex.pos=+79.04 wrist_roll.pos=-3.89 gripper.pos=+0.51
DEBUG 2026-09-03 08:24:41 [chunk] received 50 actions, timesteps 738..787 | first: shoulder_pan.pos=-5.33 shoulder_lift.pos=-98.98 elbow_flex.pos=+82.26 wrist_flex.pos=+68.12 wrist_roll.pos=-2.32 gripper.pos=+1.28 | last: shoulder_pan.pos=-13.70 shoulder_lift.pos=-45.31 elbow_flex.pos=+47.81 wrist_flex.pos=+57.99 wrist_roll.pos=-4.81 gripper.pos=+1.20
DEBUG 2026-09-03 08:24:41 [action #765] t=30.47s step=764 queue=24 dmax=17.388 | shoulder_pan.pos=-15.87 shoulder_lift.pos=-96.23 elbow_flex.pos=+81.27 wrist_flex.pos=+61.65 wrist_roll.pos=-2.63 gripper.pos=+0.88
DEBUG 2026-09-03 08:24:41 [action #766] t=30.50s step=765 queue=23 dmax=1.688 | shoulder_pan.pos=-15.54 shoulder_lift.pos=-94.54 elbow_flex.pos=+80.51 wrist_flex.pos=+61.50 wrist_roll.pos=-2.57 gripper.pos=+0.79
DEBUG 2026-09-03 08:24:41 [action #767] t=30.53s step=766 queue=22 dmax=1.304 | shoulder_pan.pos=-15.08 shoulder_lift.pos=-93.31 elbow_flex.pos=+79.20 wrist_flex.pos=+61.08 wrist_roll.pos=-2.64 gripper.pos=+0.98
DEBUG 2026-09-03 08:24:41 [action #768] t=30.57s step=767 queue=21 dmax=2.201 | shoulder_pan.pos=-14.87 shoulder_lift.pos=-91.11 elbow_flex.pos=+78.12 wrist_flex.pos=+60.62 wrist_roll.pos=-2.74 gripper.pos=+1.01
DEBUG 2026-09-03 08:24:41 [action #769] t=30.60s step=768 queue=20 dmax=2.020 | shoulder_pan.pos=-14.56 shoulder_lift.pos=-89.09 elbow_flex.pos=+76.71 wrist_flex.pos=+59.97 wrist_roll.pos=-2.70 gripper.pos=+0.89
DEBUG 2026-09-03 08:24:41 [action #770] t=30.63s step=769 queue=19 dmax=3.471 | shoulder_pan.pos=-14.31 shoulder_lift.pos=-85.61 elbow_flex.pos=+75.38 wrist_flex.pos=+59.40 wrist_roll.pos=-2.73 gripper.pos=+0.96
DEBUG 2026-09-03 08:24:42 [action #771] t=30.67s step=770 queue=18 dmax=3.167 | shoulder_pan.pos=-14.21 shoulder_lift.pos=-82.45 elbow_flex.pos=+74.15 wrist_flex.pos=+58.80 wrist_roll.pos=-2.88 gripper.pos=+0.73
DEBUG 2026-09-03 08:24:42 [action #772] t=30.70s step=771 queue=17 dmax=2.425 | shoulder_pan.pos=-13.97 shoulder_lift.pos=-80.02 elbow_flex.pos=+72.13 wrist_flex.pos=+58.10 wrist_roll.pos=-2.97 gripper.pos=+0.72
DEBUG 2026-09-03 08:24:42 [action #773] t=30.73s step=772 queue=16 dmax=3.159 | shoulder_pan.pos=-14.00 shoulder_lift.pos=-76.86 elbow_flex.pos=+70.68 wrist_flex.pos=+57.67 wrist_roll.pos=-3.11 gripper.pos=+0.63
DEBUG 2026-09-03 08:24:42 [action #774] t=30.77s step=773 queue=15 dmax=2.982 | shoulder_pan.pos=-13.84 shoulder_lift.pos=-73.88 elbow_flex.pos=+68.88 wrist_flex.pos=+57.44 wrist_roll.pos=-3.03 gripper.pos=+0.70
DEBUG 2026-09-03 08:24:42 [action #775] t=30.80s step=774 queue=14 dmax=2.424 | shoulder_pan.pos=-13.62 shoulder_lift.pos=-71.46 elbow_flex.pos=+67.21 wrist_flex.pos=+57.33 wrist_roll.pos=-3.13 gripper.pos=+0.84
DEBUG 2026-09-03 08:24:42 [action #776] t=30.83s step=775 queue=13 dmax=2.645 | shoulder_pan.pos=-13.40 shoulder_lift.pos=-68.81 elbow_flex.pos=+65.41 wrist_flex.pos=+57.03 wrist_roll.pos=-3.08 gripper.pos=+0.84
DEBUG 2026-09-03 08:24:42 [action #777] t=30.87s step=776 queue=12 dmax=2.586 | shoulder_pan.pos=-13.28 shoulder_lift.pos=-66.23 elbow_flex.pos=+63.87 wrist_flex.pos=+56.84 wrist_roll.pos=-3.22 gripper.pos=+1.01
DEBUG 2026-09-03 08:24:42 [action #778] t=30.90s step=777 queue=11 dmax=2.850 | shoulder_pan.pos=-12.87 shoulder_lift.pos=-63.38 elbow_flex.pos=+62.39 wrist_flex.pos=+56.58 wrist_roll.pos=-3.23 gripper.pos=+1.09
DEBUG 2026-09-03 08:24:42 [action #779] t=30.93s step=778 queue=10 dmax=2.286 | shoulder_pan.pos=-12.74 shoulder_lift.pos=-61.09 elbow_flex.pos=+60.43 wrist_flex.pos=+56.53 wrist_roll.pos=-3.26 gripper.pos=+1.10
DEBUG 2026-09-03 08:24:42 [action #780] t=30.97s step=779 queue=9 dmax=2.245 | shoulder_pan.pos=-12.68 shoulder_lift.pos=-58.85 elbow_flex.pos=+58.80 wrist_flex.pos=+56.74 wrist_roll.pos=-3.44 gripper.pos=+1.01
DEBUG 2026-09-03 08:24:42 [action #781] t=31.00s step=780 queue=8 dmax=2.191 | shoulder_pan.pos=-12.79 shoulder_lift.pos=-56.66 elbow_flex.pos=+56.99 wrist_flex.pos=+56.82 wrist_roll.pos=-3.55 gripper.pos=+1.13
DEBUG 2026-09-03 08:24:42 [action #782] t=31.03s step=781 queue=7 dmax=1.809 | shoulder_pan.pos=-12.77 shoulder_lift.pos=-54.85 elbow_flex.pos=+55.24 wrist_flex.pos=+56.95 wrist_roll.pos=-3.60 gripper.pos=+1.09
DEBUG 2026-09-03 08:24:42 [action #783] t=31.07s step=782 queue=6 dmax=2.161 | shoulder_pan.pos=-12.72 shoulder_lift.pos=-52.69 elbow_flex.pos=+53.56 wrist_flex.pos=+56.94 wrist_roll.pos=-3.81 gripper.pos=+1.00
DEBUG 2026-09-03 08:24:42 [action #784] t=31.10s step=783 queue=5 dmax=1.387 | shoulder_pan.pos=-12.97 shoulder_lift.pos=-51.30 elbow_flex.pos=+52.86 wrist_flex.pos=+57.10 wrist_roll.pos=-3.99 gripper.pos=+1.10
DEBUG 2026-09-03 08:24:42 [action #785] t=31.13s step=784 queue=4 dmax=1.771 | shoulder_pan.pos=-13.20 shoulder_lift.pos=-49.53 elbow_flex.pos=+51.88 wrist_flex.pos=+57.17 wrist_roll.pos=-4.17 gripper.pos=+1.05
DEBUG 2026-09-03 08:24:42 [action #786] t=31.17s step=785 queue=3 dmax=1.560 | shoulder_pan.pos=-13.05 shoulder_lift.pos=-48.68 elbow_flex.pos=+50.32 wrist_flex.pos=+57.62 wrist_roll.pos=-4.34 gripper.pos=+1.11
DEBUG 2026-09-03 08:24:42 [action #787] t=31.20s step=786 queue=2 dmax=1.241 | shoulder_pan.pos=-13.40 shoulder_lift.pos=-47.69 elbow_flex.pos=+49.08 wrist_flex.pos=+57.46 wrist_roll.pos=-4.46 gripper.pos=+1.18
DEBUG 2026-09-03 08:24:42 [action #788] t=31.23s step=787 queue=1 dmax=2.380 | shoulder_pan.pos=-13.70 shoulder_lift.pos=-45.31 elbow_flex.pos=+47.81 wrist_flex.pos=+57.99 wrist_roll.pos=-4.81 gripper.pos=+1.20
DEBUG 2026-09-03 08:24:42 [chunk] received 50 actions, timesteps 763..812 | first: shoulder_pan.pos=-6.63 shoulder_lift.pos=-102.05 elbow_flex.pos=+87.45 wrist_flex.pos=+77.84 wrist_roll.pos=-3.93 gripper.pos=+0.78 | last: shoulder_pan.pos=-14.43 shoulder_lift.pos=-102.85 elbow_flex.pos=+89.42 wrist_flex.pos=+63.94 wrist_roll.pos=-3.95 gripper.pos=+0.87
DEBUG 2026-09-03 08:24:42 [action #789] t=31.37s step=788 queue=25 dmax=56.684 | shoulder_pan.pos=-14.00 shoulder_lift.pos=-101.99 elbow_flex.pos=+89.18 wrist_flex.pos=+69.77 wrist_roll.pos=-3.84 gripper.pos=+0.75
DEBUG 2026-09-03 08:24:42 [action #790] t=31.40s step=789 queue=24 dmax=0.614 | shoulder_pan.pos=-14.08 shoulder_lift.pos=-101.86 elbow_flex.pos=+89.32 wrist_flex.pos=+69.16 wrist_roll.pos=-3.80 gripper.pos=+0.80
DEBUG 2026-09-03 08:24:42 [action #791] t=31.44s step=790 queue=23 dmax=0.855 | shoulder_pan.pos=-14.41 shoulder_lift.pos=-101.37 elbow_flex.pos=+88.84 wrist_flex.pos=+68.30 wrist_roll.pos=-3.83 gripper.pos=+0.67
DEBUG 2026-09-03 08:24:42 [action #792] t=31.47s step=791 queue=22 dmax=0.575 | shoulder_pan.pos=-14.53 shoulder_lift.pos=-101.37 elbow_flex.pos=+88.89 wrist_flex.pos=+67.73 wrist_roll.pos=-3.81 gripper.pos=+0.71
DEBUG 2026-09-03 08:24:42 [action #793] t=31.50s step=792 queue=21 dmax=0.715 | shoulder_pan.pos=-14.50 shoulder_lift.pos=-101.66 elbow_flex.pos=+89.47 wrist_flex.pos=+67.02 wrist_roll.pos=-3.73 gripper.pos=+0.64
DEBUG 2026-09-03 08:24:42 [action #794] t=31.54s step=793 queue=20 dmax=0.827 | shoulder_pan.pos=-14.70 shoulder_lift.pos=-101.56 elbow_flex.pos=+89.21 wrist_flex.pos=+66.19 wrist_roll.pos=-3.79 gripper.pos=+0.71
DEBUG 2026-09-03 08:24:42 [action #795] t=31.57s step=794 queue=19 dmax=0.368 | shoulder_pan.pos=-14.48 shoulder_lift.pos=-101.32 elbow_flex.pos=+89.58 wrist_flex.pos=+65.98 wrist_roll.pos=-3.86 gripper.pos=+0.85
DEBUG 2026-09-03 08:24:42 [action #796] t=31.60s step=795 queue=18 dmax=0.494 | shoulder_pan.pos=-14.36 shoulder_lift.pos=-101.78 elbow_flex.pos=+89.08 wrist_flex.pos=+65.60 wrist_roll.pos=-3.77 gripper.pos=+0.83
DEBUG 2026-09-03 08:24:42 [action #797] t=31.64s step=796 queue=17 dmax=0.664 | shoulder_pan.pos=-14.50 shoulder_lift.pos=-101.66 elbow_flex.pos=+89.75 wrist_flex.pos=+65.46 wrist_roll.pos=-3.81 gripper.pos=+0.78
DEBUG 2026-09-03 08:24:43 [action #798] t=31.67s step=797 queue=16 dmax=0.249 | shoulder_pan.pos=-14.70 shoulder_lift.pos=-101.78 elbow_flex.pos=+89.50 wrist_flex.pos=+65.25 wrist_roll.pos=-3.80 gripper.pos=+0.66
DEBUG 2026-09-03 08:24:43 [action #799] t=31.70s step=798 queue=15 dmax=0.627 | shoulder_pan.pos=-14.68 shoulder_lift.pos=-101.16 elbow_flex.pos=+89.18 wrist_flex.pos=+65.16 wrist_roll.pos=-3.80 gripper.pos=+0.77
DEBUG 2026-09-03 08:24:43 [action #800] t=31.74s step=799 queue=14 dmax=0.863 | shoulder_pan.pos=-14.80 shoulder_lift.pos=-101.77 elbow_flex.pos=+90.04 wrist_flex.pos=+65.03 wrist_roll.pos=-3.82 gripper.pos=+0.93
DEBUG 2026-09-03 08:24:43 [action #801] t=31.77s step=800 queue=13 dmax=0.635 | shoulder_pan.pos=-14.89 shoulder_lift.pos=-101.48 elbow_flex.pos=+89.41 wrist_flex.pos=+64.91 wrist_roll.pos=-3.90 gripper.pos=+0.80
DEBUG 2026-09-03 08:24:43 [action #802] t=31.80s step=801 queue=12 dmax=0.339 | shoulder_pan.pos=-14.99 shoulder_lift.pos=-101.82 elbow_flex.pos=+89.08 wrist_flex.pos=+64.73 wrist_roll.pos=-3.94 gripper.pos=+0.84
DEBUG 2026-09-03 08:24:43 [action #803] t=31.84s step=802 queue=11 dmax=0.204 | shoulder_pan.pos=-15.10 shoulder_lift.pos=-101.87 elbow_flex.pos=+89.07 wrist_flex.pos=+64.52 wrist_roll.pos=-3.96 gripper.pos=+0.86
DEBUG 2026-09-03 08:24:43 [action #804] t=31.87s step=803 queue=10 dmax=0.413 | shoulder_pan.pos=-14.69 shoulder_lift.pos=-101.70 elbow_flex.pos=+88.99 wrist_flex.pos=+64.58 wrist_roll.pos=-3.88 gripper.pos=+0.96
DEBUG 2026-09-03 08:24:43 [action #805] t=31.90s step=804 queue=9 dmax=0.477 | shoulder_pan.pos=-15.08 shoulder_lift.pos=-102.17 elbow_flex.pos=+88.96 wrist_flex.pos=+64.45 wrist_roll.pos=-3.87 gripper.pos=+0.79
DEBUG 2026-09-03 08:24:43 [action #806] t=31.94s step=805 queue=8 dmax=0.325 | shoulder_pan.pos=-14.88 shoulder_lift.pos=-102.00 elbow_flex.pos=+88.64 wrist_flex.pos=+64.38 wrist_roll.pos=-3.95 gripper.pos=+0.93
DEBUG 2026-09-03 08:24:43 [action #807] t=31.97s step=806 queue=7 dmax=0.402 | shoulder_pan.pos=-14.88 shoulder_lift.pos=-101.92 elbow_flex.pos=+89.04 wrist_flex.pos=+64.42 wrist_roll.pos=-3.91 gripper.pos=+0.92
DEBUG 2026-09-03 08:24:43 [action #808] t=32.00s step=807 queue=6 dmax=0.484 | shoulder_pan.pos=-14.40 shoulder_lift.pos=-101.64 elbow_flex.pos=+89.24 wrist_flex.pos=+64.30 wrist_roll.pos=-3.88 gripper.pos=+0.90
DEBUG 2026-09-03 08:24:43 [action #809] t=32.04s step=808 queue=5 dmax=0.346 | shoulder_pan.pos=-14.73 shoulder_lift.pos=-101.99 elbow_flex.pos=+89.13 wrist_flex.pos=+64.22 wrist_roll.pos=-3.92 gripper.pos=+0.88
DEBUG 2026-09-03 08:24:43 [action #810] t=32.07s step=809 queue=4 dmax=0.500 | shoulder_pan.pos=-14.60 shoulder_lift.pos=-102.49 elbow_flex.pos=+88.66 wrist_flex.pos=+64.25 wrist_roll.pos=-3.87 gripper.pos=+0.84
DEBUG 2026-09-03 08:24:43 [action #811] t=32.10s step=810 queue=3 dmax=0.449 | shoulder_pan.pos=-14.44 shoulder_lift.pos=-102.09 elbow_flex.pos=+89.11 wrist_flex.pos=+64.07 wrist_roll.pos=-3.91 gripper.pos=+0.84
DEBUG 2026-09-03 08:24:43 [action #812] t=32.14s step=811 queue=2 dmax=0.235 | shoulder_pan.pos=-14.44 shoulder_lift.pos=-101.85 elbow_flex.pos=+89.17 wrist_flex.pos=+64.06 wrist_roll.pos=-3.92 gripper.pos=+0.85
DEBUG 2026-09-03 08:24:43 [action #813] t=32.17s step=812 queue=1 dmax=0.999 | shoulder_pan.pos=-14.43 shoulder_lift.pos=-102.85 elbow_flex.pos=+89.42 wrist_flex.pos=+63.94 wrist_roll.pos=-3.95 gripper.pos=+0.87
DEBUG 2026-09-03 08:24:43 [chunk] received 50 actions, timesteps 787..836 | first: shoulder_pan.pos=-13.60 shoulder_lift.pos=-43.46 elbow_flex.pos=+46.76 wrist_flex.pos=+57.23 wrist_roll.pos=-4.81 gripper.pos=+1.33 | last: shoulder_pan.pos=-12.61 shoulder_lift.pos=+4.58 elbow_flex.pos=+0.45 wrist_flex.pos=+70.73 wrist_roll.pos=-3.89 gripper.pos=+26.35
INFO 2026-09-03 08:24:52 Final action sent: shoulder_pan.pos=-14.43 shoulder_lift.pos=-102.85 elbow_flex.pos=+89.42 wrist_flex.pos=+63.94 wrist_roll.pos=-3.95 gripper.pos=+0.87
DEBUG 2026-09-03 08:24:52 === episode end | 40.7s | converged=True | actions=813 ===
