DEBUG 2026-09-03 10:06:11 === episode start | task: 'put the purse on the tray' | duration: 50.0s ===
DEBUG 2026-09-03 10:06:12 [chunk] received 50 actions, timesteps 0..49 | first: shoulder_pan.pos=-4.63 shoulder_lift.pos=-101.56 elbow_flex.pos=+89.23 wrist_flex.pos=+76.94 wrist_roll.pos=-1.47 gripper.pos=+1.07 | last: shoulder_pan.pos=-20.49 shoulder_lift.pos=-103.36 elbow_flex.pos=+90.32 wrist_flex.pos=+77.26 wrist_roll.pos=-1.79 gripper.pos=+0.75
DEBUG 2026-09-03 10:06:12 [action #1] t=1.04s step=0 queue=50 dmax=n/a | shoulder_pan.pos=-4.63 shoulder_lift.pos=-101.56 elbow_flex.pos=+89.23 wrist_flex.pos=+76.94 wrist_roll.pos=-1.47 gripper.pos=+1.07
DEBUG 2026-09-03 10:06:12 [action #2] t=1.07s step=1 queue=49 dmax=0.142 | shoulder_pan.pos=-4.77 shoulder_lift.pos=-101.51 elbow_flex.pos=+89.16 wrist_flex.pos=+76.90 wrist_roll.pos=-1.43 gripper.pos=+1.00
DEBUG 2026-09-03 10:06:12 [action #3] t=1.10s step=2 queue=48 dmax=0.561 | shoulder_pan.pos=-4.70 shoulder_lift.pos=-101.60 elbow_flex.pos=+88.59 wrist_flex.pos=+77.09 wrist_roll.pos=-1.41 gripper.pos=+0.88
DEBUG 2026-09-03 10:06:12 [action #4] t=1.14s step=3 queue=47 dmax=0.619 | shoulder_pan.pos=-4.81 shoulder_lift.pos=-101.66 elbow_flex.pos=+89.21 wrist_flex.pos=+77.10 wrist_roll.pos=-1.44 gripper.pos=+0.88
DEBUG 2026-09-03 10:06:12 [action #5] t=1.17s step=4 queue=46 dmax=0.211 | shoulder_pan.pos=-4.81 shoulder_lift.pos=-101.49 elbow_flex.pos=+89.42 wrist_flex.pos=+77.28 wrist_roll.pos=-1.42 gripper.pos=+0.86
DEBUG 2026-09-03 10:06:12 [action #6] t=1.20s step=5 queue=45 dmax=0.365 | shoulder_pan.pos=-4.94 shoulder_lift.pos=-101.85 elbow_flex.pos=+89.26 wrist_flex.pos=+77.20 wrist_roll.pos=-1.38 gripper.pos=+0.94
DEBUG 2026-09-03 10:06:12 [action #7] t=1.24s step=6 queue=44 dmax=0.263 | shoulder_pan.pos=-5.13 shoulder_lift.pos=-101.68 elbow_flex.pos=+89.13 wrist_flex.pos=+77.47 wrist_roll.pos=-1.38 gripper.pos=+0.93
DEBUG 2026-09-03 10:06:12 [action #8] t=1.27s step=7 queue=43 dmax=0.270 | shoulder_pan.pos=-5.21 shoulder_lift.pos=-101.95 elbow_flex.pos=+89.38 wrist_flex.pos=+77.30 wrist_roll.pos=-1.44 gripper.pos=+0.95
DEBUG 2026-09-03 10:06:12 [action #9] t=1.30s step=8 queue=42 dmax=0.363 | shoulder_pan.pos=-5.55 shoulder_lift.pos=-101.58 elbow_flex.pos=+89.44 wrist_flex.pos=+77.27 wrist_roll.pos=-1.40 gripper.pos=+0.89
DEBUG 2026-09-03 10:06:12 [action #10] t=1.34s step=9 queue=41 dmax=0.400 | shoulder_pan.pos=-5.56 shoulder_lift.pos=-101.98 elbow_flex.pos=+89.25 wrist_flex.pos=+77.23 wrist_roll.pos=-1.35 gripper.pos=+0.90
DEBUG 2026-09-03 10:06:12 [action #11] t=1.37s step=10 queue=40 dmax=0.292 | shoulder_pan.pos=-5.84 shoulder_lift.pos=-102.14 elbow_flex.pos=+89.54 wrist_flex.pos=+77.32 wrist_roll.pos=-1.37 gripper.pos=+0.91
DEBUG 2026-09-03 10:06:12 [action #12] t=1.41s step=11 queue=39 dmax=0.295 | shoulder_pan.pos=-6.13 shoulder_lift.pos=-102.08 elbow_flex.pos=+89.66 wrist_flex.pos=+77.31 wrist_roll.pos=-1.39 gripper.pos=+0.96
DEBUG 2026-09-03 10:06:12 [action #13] t=1.44s step=12 queue=38 dmax=0.513 | shoulder_pan.pos=-6.64 shoulder_lift.pos=-101.92 elbow_flex.pos=+89.39 wrist_flex.pos=+77.35 wrist_roll.pos=-1.37 gripper.pos=+0.91
DEBUG 2026-09-03 10:06:12 [action #14] t=1.47s step=13 queue=37 dmax=0.282 | shoulder_pan.pos=-6.92 shoulder_lift.pos=-101.64 elbow_flex.pos=+89.54 wrist_flex.pos=+77.22 wrist_roll.pos=-1.42 gripper.pos=+0.75
DEBUG 2026-09-03 10:06:12 [action #15] t=1.51s step=14 queue=36 dmax=0.516 | shoulder_pan.pos=-7.44 shoulder_lift.pos=-102.10 elbow_flex.pos=+89.27 wrist_flex.pos=+77.30 wrist_roll.pos=-1.50 gripper.pos=+0.83
DEBUG 2026-09-03 10:06:12 [action #16] t=1.54s step=15 queue=35 dmax=0.374 | shoulder_pan.pos=-7.82 shoulder_lift.pos=-101.99 elbow_flex.pos=+89.43 wrist_flex.pos=+77.29 wrist_roll.pos=-1.43 gripper.pos=+0.78
DEBUG 2026-09-03 10:06:12 [action #17] t=1.57s step=16 queue=34 dmax=0.239 | shoulder_pan.pos=-8.05 shoulder_lift.pos=-102.17 elbow_flex.pos=+89.40 wrist_flex.pos=+77.27 wrist_roll.pos=-1.38 gripper.pos=+0.75
DEBUG 2026-09-03 10:06:12 [action #18] t=1.61s step=17 queue=33 dmax=0.700 | shoulder_pan.pos=-8.75 shoulder_lift.pos=-102.01 elbow_flex.pos=+89.20 wrist_flex.pos=+77.36 wrist_roll.pos=-1.45 gripper.pos=+0.81
DEBUG 2026-09-03 10:06:12 [action #19] t=1.64s step=18 queue=32 dmax=0.366 | shoulder_pan.pos=-9.12 shoulder_lift.pos=-102.26 elbow_flex.pos=+89.16 wrist_flex.pos=+77.27 wrist_roll.pos=-1.49 gripper.pos=+0.80
DEBUG 2026-09-03 10:06:12 [action #20] t=1.67s step=19 queue=31 dmax=0.493 | shoulder_pan.pos=-9.30 shoulder_lift.pos=-102.12 elbow_flex.pos=+89.65 wrist_flex.pos=+77.35 wrist_roll.pos=-1.49 gripper.pos=+0.94
DEBUG 2026-09-03 10:06:12 [action #21] t=1.71s step=20 queue=30 dmax=0.435 | shoulder_pan.pos=-9.73 shoulder_lift.pos=-102.51 elbow_flex.pos=+89.39 wrist_flex.pos=+77.41 wrist_roll.pos=-1.42 gripper.pos=+0.80
DEBUG 2026-09-03 10:06:12 [action #22] t=1.74s step=21 queue=29 dmax=0.252 | shoulder_pan.pos=-9.98 shoulder_lift.pos=-102.48 elbow_flex.pos=+89.28 wrist_flex.pos=+77.41 wrist_roll.pos=-1.50 gripper.pos=+0.85
DEBUG 2026-09-03 10:06:12 [action #23] t=1.77s step=22 queue=28 dmax=0.225 | shoulder_pan.pos=-10.21 shoulder_lift.pos=-102.39 elbow_flex.pos=+89.50 wrist_flex.pos=+77.41 wrist_roll.pos=-1.54 gripper.pos=+0.77
DEBUG 2026-09-03 10:06:12 [action #24] t=1.81s step=23 queue=27 dmax=0.391 | shoulder_pan.pos=-10.46 shoulder_lift.pos=-102.37 elbow_flex.pos=+89.11 wrist_flex.pos=+77.45 wrist_roll.pos=-1.49 gripper.pos=+0.72
DEBUG 2026-09-03 10:06:12 [action #25] t=1.84s step=24 queue=26 dmax=0.427 | shoulder_pan.pos=-10.54 shoulder_lift.pos=-102.29 elbow_flex.pos=+89.54 wrist_flex.pos=+77.57 wrist_roll.pos=-1.49 gripper.pos=+0.81
DEBUG 2026-09-03 10:06:13 [action #26] t=1.87s step=25 queue=25 dmax=0.398 | shoulder_pan.pos=-10.93 shoulder_lift.pos=-102.50 elbow_flex.pos=+89.16 wrist_flex.pos=+77.51 wrist_roll.pos=-1.50 gripper.pos=+0.78
DEBUG 2026-09-03 10:06:13 [action #27] t=1.91s step=26 queue=24 dmax=0.160 | shoulder_pan.pos=-11.09 shoulder_lift.pos=-102.47 elbow_flex.pos=+89.24 wrist_flex.pos=+77.57 wrist_roll.pos=-1.48 gripper.pos=+0.72
DEBUG 2026-09-03 10:06:13 [action #28] t=1.94s step=27 queue=23 dmax=0.423 | shoulder_pan.pos=-11.29 shoulder_lift.pos=-102.75 elbow_flex.pos=+89.67 wrist_flex.pos=+77.48 wrist_roll.pos=-1.52 gripper.pos=+0.82
DEBUG 2026-09-03 10:06:13 [action #29] t=1.97s step=28 queue=22 dmax=0.201 | shoulder_pan.pos=-11.44 shoulder_lift.pos=-102.75 elbow_flex.pos=+89.46 wrist_flex.pos=+77.54 wrist_roll.pos=-1.46 gripper.pos=+0.86
DEBUG 2026-09-03 10:06:13 [action #30] t=2.01s step=29 queue=21 dmax=0.322 | shoulder_pan.pos=-11.76 shoulder_lift.pos=-102.92 elbow_flex.pos=+89.15 wrist_flex.pos=+77.57 wrist_roll.pos=-1.53 gripper.pos=+0.79
DEBUG 2026-09-03 10:06:13 [action #31] t=2.04s step=30 queue=20 dmax=0.380 | shoulder_pan.pos=-12.02 shoulder_lift.pos=-103.02 elbow_flex.pos=+89.53 wrist_flex.pos=+77.70 wrist_roll.pos=-1.50 gripper.pos=+0.70
DEBUG 2026-09-03 10:06:13 [action #32] t=2.07s step=31 queue=19 dmax=0.183 | shoulder_pan.pos=-12.20 shoulder_lift.pos=-103.03 elbow_flex.pos=+89.40 wrist_flex.pos=+77.58 wrist_roll.pos=-1.52 gripper.pos=+0.86
DEBUG 2026-09-03 10:06:13 [action #33] t=2.11s step=32 queue=18 dmax=0.270 | shoulder_pan.pos=-12.45 shoulder_lift.pos=-102.76 elbow_flex.pos=+89.58 wrist_flex.pos=+77.54 wrist_roll.pos=-1.53 gripper.pos=+0.83
DEBUG 2026-09-03 10:06:13 [action #34] t=2.14s step=33 queue=17 dmax=0.551 | shoulder_pan.pos=-13.00 shoulder_lift.pos=-103.12 elbow_flex.pos=+89.49 wrist_flex.pos=+77.58 wrist_roll.pos=-1.52 gripper.pos=+0.77
DEBUG 2026-09-03 10:06:13 [action #35] t=2.17s step=34 queue=16 dmax=0.550 | shoulder_pan.pos=-13.40 shoulder_lift.pos=-102.57 elbow_flex.pos=+89.48 wrist_flex.pos=+77.57 wrist_roll.pos=-1.54 gripper.pos=+0.80
DEBUG 2026-09-03 10:06:13 [action #36] t=2.21s step=35 queue=15 dmax=0.527 | shoulder_pan.pos=-13.93 shoulder_lift.pos=-102.86 elbow_flex.pos=+89.33 wrist_flex.pos=+77.46 wrist_roll.pos=-1.55 gripper.pos=+0.74
DEBUG 2026-09-03 10:06:13 [chunk] received 50 actions, timesteps 4..53 | first: shoulder_pan.pos=-5.90 shoulder_lift.pos=-100.69 elbow_flex.pos=+88.74 wrist_flex.pos=+77.52 wrist_roll.pos=-1.15 gripper.pos=+1.14 | last: shoulder_pan.pos=-28.91 shoulder_lift.pos=-103.29 elbow_flex.pos=+89.74 wrist_flex.pos=+77.61 wrist_roll.pos=-1.57 gripper.pos=+0.58
DEBUG 2026-09-03 10:06:13 [action #37] t=2.24s step=36 queue=18 dmax=8.178 | shoulder_pan.pos=-22.11 shoulder_lift.pos=-103.45 elbow_flex.pos=+89.57 wrist_flex.pos=+78.07 wrist_roll.pos=-1.43 gripper.pos=+0.74
DEBUG 2026-09-03 10:06:13 [action #38] t=2.27s step=37 queue=17 dmax=0.510 | shoulder_pan.pos=-22.62 shoulder_lift.pos=-102.97 elbow_flex.pos=+89.30 wrist_flex.pos=+78.06 wrist_roll.pos=-1.50 gripper.pos=+0.78
DEBUG 2026-09-03 10:06:13 [action #39] t=2.31s step=38 queue=16 dmax=0.425 | shoulder_pan.pos=-23.04 shoulder_lift.pos=-103.34 elbow_flex.pos=+89.38 wrist_flex.pos=+78.22 wrist_roll.pos=-1.44 gripper.pos=+0.65
DEBUG 2026-09-03 10:06:13 [action #40] t=2.34s step=39 queue=15 dmax=0.398 | shoulder_pan.pos=-23.43 shoulder_lift.pos=-103.07 elbow_flex.pos=+89.22 wrist_flex.pos=+77.82 wrist_roll.pos=-1.48 gripper.pos=+0.65
DEBUG 2026-09-03 10:06:13 [action #41] t=2.38s step=40 queue=14 dmax=0.604 | shoulder_pan.pos=-24.03 shoulder_lift.pos=-103.36 elbow_flex.pos=+89.59 wrist_flex.pos=+77.93 wrist_roll.pos=-1.49 gripper.pos=+0.60
DEBUG 2026-09-03 10:06:13 [action #42] t=2.41s step=41 queue=13 dmax=0.464 | shoulder_pan.pos=-24.32 shoulder_lift.pos=-102.89 elbow_flex.pos=+89.54 wrist_flex.pos=+77.81 wrist_roll.pos=-1.42 gripper.pos=+0.79
DEBUG 2026-09-03 10:06:13 [action #43] t=2.44s step=42 queue=12 dmax=0.546 | shoulder_pan.pos=-24.87 shoulder_lift.pos=-102.89 elbow_flex.pos=+89.42 wrist_flex.pos=+77.74 wrist_roll.pos=-1.52 gripper.pos=+0.68
DEBUG 2026-09-03 10:06:13 [action #44] t=2.48s step=43 queue=11 dmax=0.686 | shoulder_pan.pos=-25.12 shoulder_lift.pos=-103.57 elbow_flex.pos=+89.61 wrist_flex.pos=+77.91 wrist_roll.pos=-1.49 gripper.pos=+0.66
DEBUG 2026-09-03 10:06:13 [action #45] t=2.51s step=44 queue=10 dmax=0.556 | shoulder_pan.pos=-25.49 shoulder_lift.pos=-103.02 elbow_flex.pos=+89.54 wrist_flex.pos=+77.63 wrist_roll.pos=-1.55 gripper.pos=+0.73
DEBUG 2026-09-03 10:06:13 [action #46] t=2.54s step=45 queue=9 dmax=0.364 | shoulder_pan.pos=-25.68 shoulder_lift.pos=-102.65 elbow_flex.pos=+89.61 wrist_flex.pos=+77.65 wrist_roll.pos=-1.51 gripper.pos=+0.67
DEBUG 2026-09-03 10:06:13 [action #47] t=2.58s step=46 queue=8 dmax=0.375 | shoulder_pan.pos=-25.84 shoulder_lift.pos=-103.03 elbow_flex.pos=+89.79 wrist_flex.pos=+77.79 wrist_roll.pos=-1.51 gripper.pos=+0.72
DEBUG 2026-09-03 10:06:13 [action #48] t=2.61s step=47 queue=7 dmax=0.231 | shoulder_pan.pos=-25.93 shoulder_lift.pos=-103.15 elbow_flex.pos=+90.00 wrist_flex.pos=+77.56 wrist_roll.pos=-1.55 gripper.pos=+0.73
DEBUG 2026-09-03 10:06:13 [action #49] t=2.64s step=48 queue=6 dmax=0.561 | shoulder_pan.pos=-26.20 shoulder_lift.pos=-102.82 elbow_flex.pos=+89.44 wrist_flex.pos=+77.55 wrist_roll.pos=-1.54 gripper.pos=+0.69
DEBUG 2026-09-03 10:06:13 [action #50] t=2.68s step=49 queue=5 dmax=0.435 | shoulder_pan.pos=-26.37 shoulder_lift.pos=-102.80 elbow_flex.pos=+89.88 wrist_flex.pos=+77.65 wrist_roll.pos=-1.55 gripper.pos=+0.60
DEBUG 2026-09-03 10:06:13 [action #51] t=2.71s step=50 queue=4 dmax=2.469 | shoulder_pan.pos=-28.84 shoulder_lift.pos=-103.11 elbow_flex.pos=+89.51 wrist_flex.pos=+77.65 wrist_roll.pos=-1.53 gripper.pos=+0.58
DEBUG 2026-09-03 10:06:13 [action #52] t=2.74s step=51 queue=3 dmax=0.239 | shoulder_pan.pos=-28.81 shoulder_lift.pos=-102.87 elbow_flex.pos=+89.48 wrist_flex.pos=+77.79 wrist_roll.pos=-1.55 gripper.pos=+0.55
DEBUG 2026-09-03 10:06:13 [action #53] t=2.78s step=52 queue=2 dmax=0.189 | shoulder_pan.pos=-28.82 shoulder_lift.pos=-102.93 elbow_flex.pos=+89.67 wrist_flex.pos=+77.86 wrist_roll.pos=-1.57 gripper.pos=+0.63
DEBUG 2026-09-03 10:06:13 [action #54] t=2.81s step=53 queue=1 dmax=0.369 | shoulder_pan.pos=-28.91 shoulder_lift.pos=-103.29 elbow_flex.pos=+89.74 wrist_flex.pos=+77.61 wrist_roll.pos=-1.57 gripper.pos=+0.58
DEBUG 2026-09-03 10:06:14 [chunk] received 50 actions, timesteps 35..84 | first: shoulder_pan.pos=-13.94 shoulder_lift.pos=-101.39 elbow_flex.pos=+88.18 wrist_flex.pos=+77.04 wrist_roll.pos=-1.46 gripper.pos=+0.96 | last: shoulder_pan.pos=-31.01 shoulder_lift.pos=-103.56 elbow_flex.pos=+89.64 wrist_flex.pos=+76.33 wrist_roll.pos=-1.76 gripper.pos=+0.70
DEBUG 2026-09-03 10:06:14 [action #55] t=3.24s step=54 queue=31 dmax=4.897 | shoulder_pan.pos=-24.01 shoulder_lift.pos=-102.95 elbow_flex.pos=+89.20 wrist_flex.pos=+77.24 wrist_roll.pos=-1.52 gripper.pos=+0.85
DEBUG 2026-09-03 10:06:14 [action #56] t=3.28s step=55 queue=30 dmax=0.804 | shoulder_pan.pos=-24.35 shoulder_lift.pos=-103.18 elbow_flex.pos=+90.00 wrist_flex.pos=+77.34 wrist_roll.pos=-1.54 gripper.pos=+0.94
DEBUG 2026-09-03 10:06:14 [action #57] t=3.31s step=56 queue=29 dmax=0.932 | shoulder_pan.pos=-24.88 shoulder_lift.pos=-103.32 elbow_flex.pos=+89.07 wrist_flex.pos=+77.23 wrist_roll.pos=-1.59 gripper.pos=+0.82
DEBUG 2026-09-03 10:06:14 [action #58] t=3.35s step=57 queue=28 dmax=0.713 | shoulder_pan.pos=-25.59 shoulder_lift.pos=-103.56 elbow_flex.pos=+88.94 wrist_flex.pos=+77.28 wrist_roll.pos=-1.48 gripper.pos=+0.77
DEBUG 2026-09-03 10:06:14 [action #59] t=3.38s step=58 queue=27 dmax=0.352 | shoulder_pan.pos=-25.94 shoulder_lift.pos=-103.58 elbow_flex.pos=+89.28 wrist_flex.pos=+77.15 wrist_roll.pos=-1.61 gripper.pos=+0.88
DEBUG 2026-09-03 10:06:14 [action #60] t=3.41s step=59 queue=26 dmax=0.730 | shoulder_pan.pos=-26.06 shoulder_lift.pos=-103.46 elbow_flex.pos=+88.55 wrist_flex.pos=+77.22 wrist_roll.pos=-1.55 gripper.pos=+1.13
DEBUG 2026-09-03 10:06:14 [action #61] t=3.45s step=60 queue=25 dmax=0.864 | shoulder_pan.pos=-26.93 shoulder_lift.pos=-103.03 elbow_flex.pos=+88.82 wrist_flex.pos=+77.21 wrist_roll.pos=-1.55 gripper.pos=+0.88
DEBUG 2026-09-03 10:06:14 [action #62] t=3.48s step=61 queue=24 dmax=0.542 | shoulder_pan.pos=-27.05 shoulder_lift.pos=-103.23 elbow_flex.pos=+89.36 wrist_flex.pos=+77.03 wrist_roll.pos=-1.48 gripper.pos=+0.84
DEBUG 2026-09-03 10:06:14 [action #63] t=3.51s step=62 queue=23 dmax=0.685 | shoulder_pan.pos=-27.70 shoulder_lift.pos=-103.69 elbow_flex.pos=+88.68 wrist_flex.pos=+77.37 wrist_roll.pos=-1.63 gripper.pos=+1.01
DEBUG 2026-09-03 10:06:14 [action #64] t=3.55s step=63 queue=22 dmax=0.484 | shoulder_pan.pos=-28.18 shoulder_lift.pos=-103.30 elbow_flex.pos=+88.70 wrist_flex.pos=+77.31 wrist_roll.pos=-1.58 gripper.pos=+0.93
DEBUG 2026-09-03 10:06:14 [action #65] t=3.58s step=64 queue=21 dmax=0.508 | shoulder_pan.pos=-28.29 shoulder_lift.pos=-103.81 elbow_flex.pos=+88.52 wrist_flex.pos=+77.02 wrist_roll.pos=-1.57 gripper.pos=+1.01
DEBUG 2026-09-03 10:06:14 [action #66] t=3.61s step=65 queue=20 dmax=0.297 | shoulder_pan.pos=-28.58 shoulder_lift.pos=-103.70 elbow_flex.pos=+88.73 wrist_flex.pos=+77.25 wrist_roll.pos=-1.66 gripper.pos=+0.89
DEBUG 2026-09-03 10:06:14 [action #67] t=3.65s step=66 queue=19 dmax=0.632 | shoulder_pan.pos=-29.21 shoulder_lift.pos=-103.51 elbow_flex.pos=+88.15 wrist_flex.pos=+77.22 wrist_roll.pos=-1.67 gripper.pos=+0.75
DEBUG 2026-09-03 10:06:14 [action #68] t=3.68s step=67 queue=18 dmax=1.484 | shoulder_pan.pos=-29.77 shoulder_lift.pos=-102.94 elbow_flex.pos=+89.64 wrist_flex.pos=+77.21 wrist_roll.pos=-1.70 gripper.pos=+1.00
DEBUG 2026-09-03 10:06:14 [action #69] t=3.71s step=68 queue=17 dmax=0.618 | shoulder_pan.pos=-29.87 shoulder_lift.pos=-103.22 elbow_flex.pos=+89.02 wrist_flex.pos=+77.14 wrist_roll.pos=-1.62 gripper.pos=+0.70
DEBUG 2026-09-03 10:06:14 [action #70] t=3.75s step=69 queue=16 dmax=0.913 | shoulder_pan.pos=-30.17 shoulder_lift.pos=-102.30 elbow_flex.pos=+89.04 wrist_flex.pos=+77.16 wrist_roll.pos=-1.69 gripper.pos=+1.03
DEBUG 2026-09-03 10:06:14 [action #71] t=3.78s step=70 queue=15 dmax=0.883 | shoulder_pan.pos=-30.56 shoulder_lift.pos=-103.19 elbow_flex.pos=+89.58 wrist_flex.pos=+77.07 wrist_roll.pos=-1.69 gripper.pos=+0.95
DEBUG 2026-09-03 10:06:14 [action #72] t=3.81s step=71 queue=14 dmax=0.763 | shoulder_pan.pos=-30.62 shoulder_lift.pos=-102.42 elbow_flex.pos=+89.52 wrist_flex.pos=+76.86 wrist_roll.pos=-1.62 gripper.pos=+0.69
DEBUG 2026-09-03 10:06:14 [action #73] t=3.85s step=72 queue=13 dmax=0.577 | shoulder_pan.pos=-30.63 shoulder_lift.pos=-102.57 elbow_flex.pos=+90.09 wrist_flex.pos=+76.92 wrist_roll.pos=-1.65 gripper.pos=+0.96
DEBUG 2026-09-03 10:06:15 [action #74] t=3.88s step=73 queue=12 dmax=0.414 | shoulder_pan.pos=-31.05 shoulder_lift.pos=-102.33 elbow_flex.pos=+90.02 wrist_flex.pos=+76.70 wrist_roll.pos=-1.63 gripper.pos=+0.87
DEBUG 2026-09-03 10:06:15 [action #75] t=3.91s step=74 queue=11 dmax=0.876 | shoulder_pan.pos=-31.23 shoulder_lift.pos=-103.21 elbow_flex.pos=+90.49 wrist_flex.pos=+76.85 wrist_roll.pos=-1.70 gripper.pos=+1.03
DEBUG 2026-09-03 10:06:15 [action #76] t=3.95s step=75 queue=10 dmax=0.549 | shoulder_pan.pos=-31.39 shoulder_lift.pos=-103.34 elbow_flex.pos=+89.94 wrist_flex.pos=+76.72 wrist_roll.pos=-1.67 gripper.pos=+1.08
DEBUG 2026-09-03 10:06:15 [action #77] t=3.98s step=76 queue=9 dmax=1.264 | shoulder_pan.pos=-31.71 shoulder_lift.pos=-102.07 elbow_flex.pos=+89.86 wrist_flex.pos=+76.54 wrist_roll.pos=-1.61 gripper.pos=+0.90
DEBUG 2026-09-03 10:06:15 [action #78] t=4.01s step=77 queue=8 dmax=0.442 | shoulder_pan.pos=-31.72 shoulder_lift.pos=-102.51 elbow_flex.pos=+89.84 wrist_flex.pos=+76.73 wrist_roll.pos=-1.75 gripper.pos=+0.81
DEBUG 2026-09-03 10:06:15 [action #79] t=4.05s step=78 queue=7 dmax=0.613 | shoulder_pan.pos=-31.72 shoulder_lift.pos=-103.13 elbow_flex.pos=+89.47 wrist_flex.pos=+76.72 wrist_roll.pos=-1.69 gripper.pos=+0.80
DEBUG 2026-09-03 10:06:15 [action #80] t=4.08s step=79 queue=6 dmax=0.386 | shoulder_pan.pos=-31.39 shoulder_lift.pos=-103.51 elbow_flex.pos=+89.67 wrist_flex.pos=+76.59 wrist_roll.pos=-1.65 gripper.pos=+0.87
DEBUG 2026-09-03 10:06:15 [action #81] t=4.11s step=80 queue=5 dmax=0.102 | shoulder_pan.pos=-31.32 shoulder_lift.pos=-103.61 elbow_flex.pos=+89.58 wrist_flex.pos=+76.60 wrist_roll.pos=-1.66 gripper.pos=+0.77
DEBUG 2026-09-03 10:06:15 [action #82] t=4.15s step=81 queue=4 dmax=0.392 | shoulder_pan.pos=-31.42 shoulder_lift.pos=-103.22 elbow_flex.pos=+89.27 wrist_flex.pos=+76.68 wrist_roll.pos=-1.62 gripper.pos=+0.68
DEBUG 2026-09-03 10:06:15 [action #83] t=4.18s step=82 queue=3 dmax=0.197 | shoulder_pan.pos=-31.33 shoulder_lift.pos=-103.03 elbow_flex.pos=+89.31 wrist_flex.pos=+76.63 wrist_roll.pos=-1.70 gripper.pos=+0.72
DEBUG 2026-09-03 10:06:15 [chunk] received 50 actions, timesteps 53..102 | first: shoulder_pan.pos=-32.10 shoulder_lift.pos=-101.38 elbow_flex.pos=+89.28 wrist_flex.pos=+75.95 wrist_roll.pos=-1.64 gripper.pos=+1.22 | last: shoulder_pan.pos=-36.52 shoulder_lift.pos=-100.02 elbow_flex.pos=+87.72 wrist_flex.pos=+66.41 wrist_roll.pos=-2.11 gripper.pos=+1.12
DEBUG 2026-09-03 10:06:15 [action #84] t=4.22s step=83 queue=20 dmax=3.359 | shoulder_pan.pos=-34.69 shoulder_lift.pos=-101.66 elbow_flex.pos=+88.34 wrist_flex.pos=+74.31 wrist_roll.pos=-1.78 gripper.pos=+0.94
DEBUG 2026-09-03 10:06:15 [action #85] t=4.25s step=84 queue=19 dmax=0.614 | shoulder_pan.pos=-34.68 shoulder_lift.pos=-101.50 elbow_flex.pos=+88.33 wrist_flex.pos=+73.69 wrist_roll.pos=-1.80 gripper.pos=+1.06
DEBUG 2026-09-03 10:06:15 [action #86] t=4.28s step=85 queue=18 dmax=1.971 | shoulder_pan.pos=-36.43 shoulder_lift.pos=-100.77 elbow_flex.pos=+87.72 wrist_flex.pos=+71.72 wrist_roll.pos=-1.82 gripper.pos=+1.12
DEBUG 2026-09-03 10:06:15 [action #87] t=4.32s step=86 queue=17 dmax=0.651 | shoulder_pan.pos=-36.48 shoulder_lift.pos=-101.08 elbow_flex.pos=+87.91 wrist_flex.pos=+71.07 wrist_roll.pos=-1.84 gripper.pos=+1.13
DEBUG 2026-09-03 10:06:15 [action #88] t=4.35s step=87 queue=16 dmax=0.743 | shoulder_pan.pos=-36.23 shoulder_lift.pos=-100.66 elbow_flex.pos=+88.25 wrist_flex.pos=+70.33 wrist_roll.pos=-1.78 gripper.pos=+1.35
DEBUG 2026-09-03 10:06:15 [action #89] t=4.38s step=88 queue=15 dmax=0.861 | shoulder_pan.pos=-36.32 shoulder_lift.pos=-100.49 elbow_flex.pos=+88.04 wrist_flex.pos=+69.47 wrist_roll.pos=-1.87 gripper.pos=+1.18
DEBUG 2026-09-03 10:06:15 [action #90] t=4.42s step=89 queue=14 dmax=0.620 | shoulder_pan.pos=-36.21 shoulder_lift.pos=-100.42 elbow_flex.pos=+88.24 wrist_flex.pos=+68.85 wrist_roll.pos=-1.83 gripper.pos=+1.11
DEBUG 2026-09-03 10:06:15 [action #91] t=4.45s step=90 queue=13 dmax=0.730 | shoulder_pan.pos=-36.11 shoulder_lift.pos=-99.90 elbow_flex.pos=+87.51 wrist_flex.pos=+68.54 wrist_roll.pos=-1.94 gripper.pos=+1.21
DEBUG 2026-09-03 10:06:15 [action #92] t=4.48s step=91 queue=12 dmax=1.263 | shoulder_pan.pos=-36.18 shoulder_lift.pos=-101.17 elbow_flex.pos=+87.61 wrist_flex.pos=+68.32 wrist_roll.pos=-1.81 gripper.pos=+1.22
DEBUG 2026-09-03 10:06:15 [action #93] t=4.52s step=92 queue=11 dmax=0.435 | shoulder_pan.pos=-35.99 shoulder_lift.pos=-100.97 elbow_flex.pos=+87.67 wrist_flex.pos=+67.88 wrist_roll.pos=-1.96 gripper.pos=+1.12
DEBUG 2026-09-03 10:06:15 [action #94] t=4.55s step=93 queue=10 dmax=0.585 | shoulder_pan.pos=-36.11 shoulder_lift.pos=-100.39 elbow_flex.pos=+87.83 wrist_flex.pos=+67.74 wrist_roll.pos=-1.99 gripper.pos=+1.31
DEBUG 2026-09-03 10:06:15 [action #95] t=4.58s step=94 queue=9 dmax=0.622 | shoulder_pan.pos=-36.06 shoulder_lift.pos=-100.62 elbow_flex.pos=+87.21 wrist_flex.pos=+67.24 wrist_roll.pos=-1.96 gripper.pos=+1.11
DEBUG 2026-09-03 10:06:15 [action #96] t=4.62s step=95 queue=8 dmax=0.923 | shoulder_pan.pos=-36.10 shoulder_lift.pos=-101.55 elbow_flex.pos=+87.33 wrist_flex.pos=+67.32 wrist_roll.pos=-1.94 gripper.pos=+1.31
DEBUG 2026-09-03 10:06:15 [action #97] t=4.65s step=96 queue=7 dmax=0.975 | shoulder_pan.pos=-36.16 shoulder_lift.pos=-100.57 elbow_flex.pos=+87.28 wrist_flex.pos=+67.03 wrist_roll.pos=-1.93 gripper.pos=+0.96
DEBUG 2026-09-03 10:06:15 [action #98] t=4.68s step=97 queue=6 dmax=0.206 | shoulder_pan.pos=-36.02 shoulder_lift.pos=-100.37 elbow_flex.pos=+87.44 wrist_flex.pos=+66.96 wrist_roll.pos=-2.03 gripper.pos=+1.01
DEBUG 2026-09-03 10:06:15 [action #99] t=4.72s step=98 queue=5 dmax=0.368 | shoulder_pan.pos=-36.39 shoulder_lift.pos=-100.33 elbow_flex.pos=+87.41 wrist_flex.pos=+66.61 wrist_roll.pos=-2.15 gripper.pos=+0.84
DEBUG 2026-09-03 10:06:15 [action #100] t=4.75s step=99 queue=4 dmax=0.161 | shoulder_pan.pos=-36.23 shoulder_lift.pos=-100.19 elbow_flex.pos=+87.33 wrist_flex.pos=+66.47 wrist_roll.pos=-1.99 gripper.pos=+0.91
DEBUG 2026-09-03 10:06:15 [action #101] t=4.78s step=100 queue=3 dmax=0.234 | shoulder_pan.pos=-36.28 shoulder_lift.pos=-100.31 elbow_flex.pos=+87.09 wrist_flex.pos=+66.41 wrist_roll.pos=-2.09 gripper.pos=+0.94
DEBUG 2026-09-03 10:06:15 [action #102] t=4.82s step=101 queue=2 dmax=0.673 | shoulder_pan.pos=-36.49 shoulder_lift.pos=-100.12 elbow_flex.pos=+87.76 wrist_flex.pos=+66.49 wrist_roll.pos=-2.08 gripper.pos=+1.13
DEBUG 2026-09-03 10:06:15 [action #103] t=4.85s step=102 queue=1 dmax=0.098 | shoulder_pan.pos=-36.52 shoulder_lift.pos=-100.02 elbow_flex.pos=+87.72 wrist_flex.pos=+66.41 wrist_roll.pos=-2.11 gripper.pos=+1.12
DEBUG 2026-09-03 10:06:16 [chunk] received 50 actions, timesteps 81..130 | first: shoulder_pan.pos=-34.81 shoulder_lift.pos=-103.19 elbow_flex.pos=+89.70 wrist_flex.pos=+75.44 wrist_roll.pos=-1.49 gripper.pos=+1.23 | last: shoulder_pan.pos=-39.54 shoulder_lift.pos=-98.40 elbow_flex.pos=+86.46 wrist_flex.pos=+61.71 wrist_roll.pos=-2.64 gripper.pos=+1.17
DEBUG 2026-09-03 10:06:16 [action #104] t=5.15s step=103 queue=28 dmax=6.070 | shoulder_pan.pos=-37.93 shoulder_lift.pos=-102.79 elbow_flex.pos=+89.17 wrist_flex.pos=+72.48 wrist_roll.pos=-1.64 gripper.pos=+0.92
DEBUG 2026-09-03 10:06:16 [action #105] t=5.19s step=104 queue=27 dmax=0.558 | shoulder_pan.pos=-38.06 shoulder_lift.pos=-103.01 elbow_flex.pos=+88.76 wrist_flex.pos=+71.92 wrist_roll.pos=-1.58 gripper.pos=+1.00
DEBUG 2026-09-03 10:06:16 [action #106] t=5.22s step=105 queue=26 dmax=0.559 | shoulder_pan.pos=-37.98 shoulder_lift.pos=-103.26 elbow_flex.pos=+88.80 wrist_flex.pos=+71.36 wrist_roll.pos=-1.67 gripper.pos=+0.97
DEBUG 2026-09-03 10:06:16 [action #107] t=5.25s step=106 queue=25 dmax=0.506 | shoulder_pan.pos=-38.26 shoulder_lift.pos=-102.76 elbow_flex.pos=+88.78 wrist_flex.pos=+71.07 wrist_roll.pos=-1.62 gripper.pos=+1.09
DEBUG 2026-09-03 10:06:16 [action #108] t=5.29s step=107 queue=24 dmax=0.524 | shoulder_pan.pos=-38.30 shoulder_lift.pos=-103.28 elbow_flex.pos=+89.01 wrist_flex.pos=+70.60 wrist_roll.pos=-1.60 gripper.pos=+0.96
DEBUG 2026-09-03 10:06:16 [action #109] t=5.32s step=108 queue=23 dmax=0.508 | shoulder_pan.pos=-38.52 shoulder_lift.pos=-103.06 elbow_flex.pos=+88.72 wrist_flex.pos=+70.09 wrist_roll.pos=-1.61 gripper.pos=+0.98
DEBUG 2026-09-03 10:06:16 [action #110] t=5.35s step=109 queue=22 dmax=0.356 | shoulder_pan.pos=-38.77 shoulder_lift.pos=-102.70 elbow_flex.pos=+89.01 wrist_flex.pos=+69.78 wrist_roll.pos=-1.61 gripper.pos=+0.90
DEBUG 2026-09-03 10:06:16 [action #111] t=5.39s step=110 queue=21 dmax=0.584 | shoulder_pan.pos=-38.82 shoulder_lift.pos=-103.09 elbow_flex.pos=+88.43 wrist_flex.pos=+69.56 wrist_roll.pos=-1.55 gripper.pos=+0.93
DEBUG 2026-09-03 10:06:16 [action #112] t=5.42s step=111 queue=20 dmax=1.081 | shoulder_pan.pos=-38.83 shoulder_lift.pos=-102.67 elbow_flex.pos=+89.51 wrist_flex.pos=+69.03 wrist_roll.pos=-1.65 gripper.pos=+0.92
DEBUG 2026-09-03 10:06:16 [action #113] t=5.45s step=112 queue=19 dmax=0.556 | shoulder_pan.pos=-39.01 shoulder_lift.pos=-102.12 elbow_flex.pos=+89.13 wrist_flex.pos=+68.53 wrist_roll.pos=-1.68 gripper.pos=+0.89
DEBUG 2026-09-03 10:06:16 [action #114] t=5.49s step=113 queue=18 dmax=0.237 | shoulder_pan.pos=-38.99 shoulder_lift.pos=-102.35 elbow_flex.pos=+89.36 wrist_flex.pos=+68.38 wrist_roll.pos=-1.66 gripper.pos=+1.03
DEBUG 2026-09-03 10:06:16 [action #115] t=5.52s step=114 queue=17 dmax=0.568 | shoulder_pan.pos=-39.06 shoulder_lift.pos=-102.55 elbow_flex.pos=+89.22 wrist_flex.pos=+67.82 wrist_roll.pos=-1.71 gripper.pos=+0.93
DEBUG 2026-09-03 10:06:16 [action #116] t=5.55s step=115 queue=16 dmax=0.227 | shoulder_pan.pos=-39.01 shoulder_lift.pos=-102.57 elbow_flex.pos=+89.22 wrist_flex.pos=+67.59 wrist_roll.pos=-1.70 gripper.pos=+1.10
DEBUG 2026-09-03 10:06:16 [action #117] t=5.59s step=116 queue=15 dmax=0.696 | shoulder_pan.pos=-38.88 shoulder_lift.pos=-102.46 elbow_flex.pos=+89.44 wrist_flex.pos=+66.89 wrist_roll.pos=-1.66 gripper.pos=+0.97
DEBUG 2026-09-03 10:06:16 [action #118] t=5.62s step=117 queue=14 dmax=0.644 | shoulder_pan.pos=-39.01 shoulder_lift.pos=-103.10 elbow_flex.pos=+89.44 wrist_flex.pos=+66.61 wrist_roll.pos=-1.71 gripper.pos=+0.98
DEBUG 2026-09-03 10:06:16 [action #119] t=5.65s step=118 queue=13 dmax=0.346 | shoulder_pan.pos=-39.25 shoulder_lift.pos=-102.99 elbow_flex.pos=+89.70 wrist_flex.pos=+66.27 wrist_roll.pos=-1.72 gripper.pos=+0.88
DEBUG 2026-09-03 10:06:16 [action #120] t=5.69s step=119 queue=12 dmax=0.841 | shoulder_pan.pos=-39.20 shoulder_lift.pos=-102.15 elbow_flex.pos=+88.89 wrist_flex.pos=+65.67 wrist_roll.pos=-1.74 gripper.pos=+0.97
DEBUG 2026-09-03 10:06:16 [action #121] t=5.72s step=120 queue=11 dmax=0.557 | shoulder_pan.pos=-39.29 shoulder_lift.pos=-102.71 elbow_flex.pos=+89.37 wrist_flex.pos=+65.25 wrist_roll.pos=-1.71 gripper.pos=+1.02
DEBUG 2026-09-03 10:06:16 [action #122] t=5.75s step=121 queue=10 dmax=0.549 | shoulder_pan.pos=-39.49 shoulder_lift.pos=-102.16 elbow_flex.pos=+89.53 wrist_flex.pos=+65.13 wrist_roll.pos=-1.83 gripper.pos=+0.85
DEBUG 2026-09-03 10:06:16 [action #123] t=5.79s step=122 queue=9 dmax=0.649 | shoulder_pan.pos=-39.57 shoulder_lift.pos=-102.34 elbow_flex.pos=+88.88 wrist_flex.pos=+64.78 wrist_roll.pos=-1.81 gripper.pos=+0.90
DEBUG 2026-09-03 10:06:16 [action #124] t=5.82s step=123 queue=8 dmax=0.309 | shoulder_pan.pos=-39.66 shoulder_lift.pos=-102.65 elbow_flex.pos=+89.19 wrist_flex.pos=+64.52 wrist_roll.pos=-1.79 gripper.pos=+0.90
DEBUG 2026-09-03 10:06:16 [action #125] t=5.85s step=124 queue=7 dmax=0.254 | shoulder_pan.pos=-39.67 shoulder_lift.pos=-102.52 elbow_flex.pos=+89.00 wrist_flex.pos=+64.26 wrist_roll.pos=-1.79 gripper.pos=+0.91
DEBUG 2026-09-03 10:06:17 [action #126] t=5.89s step=125 queue=6 dmax=0.558 | shoulder_pan.pos=-39.50 shoulder_lift.pos=-102.00 elbow_flex.pos=+88.64 wrist_flex.pos=+63.71 wrist_roll.pos=-1.88 gripper.pos=+0.93
DEBUG 2026-09-03 10:06:17 [action #127] t=5.92s step=126 queue=5 dmax=0.342 | shoulder_pan.pos=-39.55 shoulder_lift.pos=-102.12 elbow_flex.pos=+88.97 wrist_flex.pos=+63.36 wrist_roll.pos=-1.96 gripper.pos=+0.95
DEBUG 2026-09-03 10:06:17 [chunk] received 50 actions, timesteps 102..151 | first: shoulder_pan.pos=-37.90 shoulder_lift.pos=-98.98 elbow_flex.pos=+87.62 wrist_flex.pos=+66.48 wrist_roll.pos=-2.25 gripper.pos=+1.00 | last: shoulder_pan.pos=-40.13 shoulder_lift.pos=-71.19 elbow_flex.pos=+67.43 wrist_flex.pos=+58.76 wrist_roll.pos=-7.23 gripper.pos=+1.13
DEBUG 2026-09-03 10:06:17 [action #128] t=5.95s step=127 queue=25 dmax=2.331 | shoulder_pan.pos=-40.17 shoulder_lift.pos=-99.79 elbow_flex.pos=+86.66 wrist_flex.pos=+63.12 wrist_roll.pos=-3.10 gripper.pos=+0.94
DEBUG 2026-09-03 10:06:17 [action #129] t=5.99s step=128 queue=24 dmax=0.296 | shoulder_pan.pos=-40.28 shoulder_lift.pos=-100.04 elbow_flex.pos=+86.36 wrist_flex.pos=+63.11 wrist_roll.pos=-3.25 gripper.pos=+0.94
DEBUG 2026-09-03 10:06:17 [action #130] t=6.02s step=129 queue=23 dmax=0.548 | shoulder_pan.pos=-40.45 shoulder_lift.pos=-99.79 elbow_flex.pos=+85.81 wrist_flex.pos=+63.02 wrist_roll.pos=-3.45 gripper.pos=+0.93
DEBUG 2026-09-03 10:06:17 [action #131] t=6.05s step=130 queue=22 dmax=0.256 | shoulder_pan.pos=-40.42 shoulder_lift.pos=-99.54 elbow_flex.pos=+85.66 wrist_flex.pos=+63.04 wrist_roll.pos=-3.63 gripper.pos=+0.99
DEBUG 2026-09-03 10:06:17 [action #132] t=6.09s step=131 queue=21 dmax=0.706 | shoulder_pan.pos=-41.01 shoulder_lift.pos=-99.58 elbow_flex.pos=+85.32 wrist_flex.pos=+63.48 wrist_roll.pos=-4.34 gripper.pos=+0.98
DEBUG 2026-09-03 10:06:17 [action #133] t=6.12s step=132 queue=20 dmax=0.642 | shoulder_pan.pos=-40.77 shoulder_lift.pos=-99.74 elbow_flex.pos=+84.68 wrist_flex.pos=+63.57 wrist_roll.pos=-4.61 gripper.pos=+0.88
DEBUG 2026-09-03 10:06:17 [action #134] t=6.16s step=133 queue=19 dmax=0.324 | shoulder_pan.pos=-40.66 shoulder_lift.pos=-99.41 elbow_flex.pos=+84.57 wrist_flex.pos=+63.48 wrist_roll.pos=-4.93 gripper.pos=+0.86
DEBUG 2026-09-03 10:06:17 [action #135] t=6.19s step=134 queue=18 dmax=0.453 | shoulder_pan.pos=-40.60 shoulder_lift.pos=-99.36 elbow_flex.pos=+84.11 wrist_flex.pos=+63.51 wrist_roll.pos=-5.13 gripper.pos=+0.90
DEBUG 2026-09-03 10:06:17 [action #136] t=6.22s step=135 queue=17 dmax=0.329 | shoulder_pan.pos=-40.27 shoulder_lift.pos=-99.64 elbow_flex.pos=+84.28 wrist_flex.pos=+63.28 wrist_roll.pos=-5.27 gripper.pos=+0.83
DEBUG 2026-09-03 10:06:17 [action #137] t=6.26s step=136 queue=16 dmax=0.840 | shoulder_pan.pos=-40.24 shoulder_lift.pos=-98.80 elbow_flex.pos=+83.94 wrist_flex.pos=+63.59 wrist_roll.pos=-5.29 gripper.pos=+0.85
DEBUG 2026-09-03 10:06:17 [action #138] t=6.29s step=137 queue=15 dmax=0.405 | shoulder_pan.pos=-40.21 shoulder_lift.pos=-98.62 elbow_flex.pos=+83.94 wrist_flex.pos=+63.18 wrist_roll.pos=-5.30 gripper.pos=+0.88
DEBUG 2026-09-03 10:06:17 [action #139] t=6.32s step=138 queue=14 dmax=0.617 | shoulder_pan.pos=-40.23 shoulder_lift.pos=-98.31 elbow_flex.pos=+83.33 wrist_flex.pos=+62.98 wrist_roll.pos=-5.42 gripper.pos=+0.94
DEBUG 2026-09-03 10:06:17 [action #140] t=6.36s step=139 queue=13 dmax=1.592 | shoulder_pan.pos=-40.35 shoulder_lift.pos=-96.72 elbow_flex.pos=+82.41 wrist_flex.pos=+62.65 wrist_roll.pos=-5.54 gripper.pos=+0.90
DEBUG 2026-09-03 10:06:17 [action #141] t=6.39s step=140 queue=12 dmax=1.996 | shoulder_pan.pos=-40.49 shoulder_lift.pos=-94.72 elbow_flex.pos=+82.04 wrist_flex.pos=+62.15 wrist_roll.pos=-5.62 gripper.pos=+0.92
DEBUG 2026-09-03 10:06:17 [action #142] t=6.42s step=141 queue=11 dmax=1.795 | shoulder_pan.pos=-40.57 shoulder_lift.pos=-92.93 elbow_flex.pos=+81.31 wrist_flex.pos=+61.54 wrist_roll.pos=-5.68 gripper.pos=+0.91
DEBUG 2026-09-03 10:06:17 [action #143] t=6.46s step=142 queue=10 dmax=2.626 | shoulder_pan.pos=-40.47 shoulder_lift.pos=-90.30 elbow_flex.pos=+79.27 wrist_flex.pos=+61.21 wrist_roll.pos=-5.81 gripper.pos=+0.99
DEBUG 2026-09-03 10:06:17 [action #144] t=6.49s step=143 queue=9 dmax=1.704 | shoulder_pan.pos=-40.55 shoulder_lift.pos=-88.60 elbow_flex.pos=+78.13 wrist_flex.pos=+60.86 wrist_roll.pos=-5.84 gripper.pos=+0.93
DEBUG 2026-09-03 10:06:17 [action #145] t=6.52s step=144 queue=8 dmax=2.028 | shoulder_pan.pos=-40.51 shoulder_lift.pos=-86.57 elbow_flex.pos=+76.89 wrist_flex.pos=+60.49 wrist_roll.pos=-5.93 gripper.pos=+1.03
DEBUG 2026-09-03 10:06:17 [action #146] t=6.56s step=145 queue=7 dmax=2.135 | shoulder_pan.pos=-40.52 shoulder_lift.pos=-84.43 elbow_flex.pos=+76.00 wrist_flex.pos=+60.20 wrist_roll.pos=-6.07 gripper.pos=+1.02
DEBUG 2026-09-03 10:06:17 [action #147] t=6.59s step=146 queue=6 dmax=2.436 | shoulder_pan.pos=-40.60 shoulder_lift.pos=-82.00 elbow_flex.pos=+74.62 wrist_flex.pos=+59.75 wrist_roll.pos=-6.17 gripper.pos=+1.00
DEBUG 2026-09-03 10:06:17 [action #148] t=6.62s step=147 queue=5 dmax=2.405 | shoulder_pan.pos=-40.47 shoulder_lift.pos=-79.59 elbow_flex.pos=+73.10 wrist_flex.pos=+59.43 wrist_roll.pos=-6.34 gripper.pos=+1.04
DEBUG 2026-09-03 10:06:17 [action #149] t=6.66s step=148 queue=4 dmax=2.295 | shoulder_pan.pos=-40.40 shoulder_lift.pos=-77.30 elbow_flex.pos=+71.77 wrist_flex.pos=+59.07 wrist_roll.pos=-6.52 gripper.pos=+0.98
DEBUG 2026-09-03 10:06:17 [action #150] t=6.69s step=149 queue=3 dmax=2.123 | shoulder_pan.pos=-40.40 shoulder_lift.pos=-75.18 elbow_flex.pos=+70.26 wrist_flex.pos=+59.03 wrist_roll.pos=-6.77 gripper.pos=+1.13
DEBUG 2026-09-03 10:06:17 [action #151] t=6.72s step=150 queue=2 dmax=2.204 | shoulder_pan.pos=-40.24 shoulder_lift.pos=-72.97 elbow_flex.pos=+68.58 wrist_flex.pos=+58.74 wrist_roll.pos=-6.94 gripper.pos=+1.15
DEBUG 2026-09-03 10:06:17 [action #152] t=6.76s step=151 queue=1 dmax=1.785 | shoulder_pan.pos=-40.13 shoulder_lift.pos=-71.19 elbow_flex.pos=+67.43 wrist_flex.pos=+58.76 wrist_roll.pos=-7.23 gripper.pos=+1.13
DEBUG 2026-09-03 10:06:18 [chunk] received 50 actions, timesteps 126..175 | first: shoulder_pan.pos=-39.37 shoulder_lift.pos=-101.48 elbow_flex.pos=+88.99 wrist_flex.pos=+63.24 wrist_roll.pos=-1.78 gripper.pos=+0.63 | last: shoulder_pan.pos=-38.92 shoulder_lift.pos=-62.02 elbow_flex.pos=+64.36 wrist_flex.pos=+55.00 wrist_roll.pos=-7.20 gripper.pos=+0.75
DEBUG 2026-09-03 10:06:18 [action #153] t=6.89s step=152 queue=24 dmax=30.766 | shoulder_pan.pos=-40.90 shoulder_lift.pos=-101.95 elbow_flex.pos=+85.85 wrist_flex.pos=+59.97 wrist_roll.pos=-4.67 gripper.pos=+0.49
DEBUG 2026-09-03 10:06:18 [action #154] t=6.92s step=153 queue=23 dmax=0.215 | shoulder_pan.pos=-40.71 shoulder_lift.pos=-101.87 elbow_flex.pos=+85.91 wrist_flex.pos=+60.18 wrist_roll.pos=-4.74 gripper.pos=+0.44
DEBUG 2026-09-03 10:06:18 [action #155] t=6.96s step=154 queue=22 dmax=0.892 | shoulder_pan.pos=-40.70 shoulder_lift.pos=-100.98 elbow_flex.pos=+85.42 wrist_flex.pos=+59.98 wrist_roll.pos=-4.79 gripper.pos=+0.47
DEBUG 2026-09-03 10:06:18 [action #156] t=6.99s step=155 queue=21 dmax=0.455 | shoulder_pan.pos=-40.59 shoulder_lift.pos=-101.43 elbow_flex.pos=+85.55 wrist_flex.pos=+59.86 wrist_roll.pos=-5.03 gripper.pos=+0.35
DEBUG 2026-09-03 10:06:18 [action #157] t=7.03s step=156 queue=20 dmax=0.504 | shoulder_pan.pos=-40.57 shoulder_lift.pos=-101.40 elbow_flex.pos=+85.04 wrist_flex.pos=+60.00 wrist_roll.pos=-5.24 gripper.pos=+0.56
DEBUG 2026-09-03 10:06:18 [action #158] t=7.06s step=157 queue=19 dmax=0.345 | shoulder_pan.pos=-40.22 shoulder_lift.pos=-101.15 elbow_flex.pos=+84.80 wrist_flex.pos=+59.71 wrist_roll.pos=-5.36 gripper.pos=+0.54
DEBUG 2026-09-03 10:06:18 [action #159] t=7.09s step=158 queue=18 dmax=0.734 | shoulder_pan.pos=-40.22 shoulder_lift.pos=-100.41 elbow_flex.pos=+84.69 wrist_flex.pos=+59.82 wrist_roll.pos=-5.49 gripper.pos=+0.61
DEBUG 2026-09-03 10:06:18 [action #160] t=7.13s step=159 queue=17 dmax=0.827 | shoulder_pan.pos=-39.99 shoulder_lift.pos=-99.79 elbow_flex.pos=+83.86 wrist_flex.pos=+59.74 wrist_roll.pos=-5.55 gripper.pos=+0.55
DEBUG 2026-09-03 10:06:18 [action #161] t=7.16s step=160 queue=16 dmax=1.798 | shoulder_pan.pos=-39.88 shoulder_lift.pos=-97.99 elbow_flex.pos=+83.20 wrist_flex.pos=+59.61 wrist_roll.pos=-5.61 gripper.pos=+0.56
DEBUG 2026-09-03 10:06:18 [action #162] t=7.19s step=161 queue=15 dmax=1.759 | shoulder_pan.pos=-39.85 shoulder_lift.pos=-96.23 elbow_flex.pos=+82.49 wrist_flex.pos=+59.07 wrist_roll.pos=-5.57 gripper.pos=+0.49
DEBUG 2026-09-03 10:06:18 [action #163] t=7.23s step=162 queue=14 dmax=2.000 | shoulder_pan.pos=-40.08 shoulder_lift.pos=-94.23 elbow_flex.pos=+81.48 wrist_flex.pos=+58.56 wrist_roll.pos=-5.56 gripper.pos=+0.55
DEBUG 2026-09-03 10:06:18 [action #164] t=7.26s step=163 queue=13 dmax=4.006 | shoulder_pan.pos=-39.82 shoulder_lift.pos=-90.22 elbow_flex.pos=+79.67 wrist_flex.pos=+58.20 wrist_roll.pos=-5.59 gripper.pos=+0.53
DEBUG 2026-09-03 10:06:18 [action #165] t=7.29s step=164 queue=12 dmax=3.398 | shoulder_pan.pos=-39.65 shoulder_lift.pos=-86.83 elbow_flex.pos=+78.51 wrist_flex.pos=+57.66 wrist_roll.pos=-5.73 gripper.pos=+0.67
DEBUG 2026-09-03 10:06:18 [action #166] t=7.33s step=165 queue=11 dmax=4.189 | shoulder_pan.pos=-39.66 shoulder_lift.pos=-82.64 elbow_flex.pos=+76.21 wrist_flex.pos=+57.15 wrist_roll.pos=-5.83 gripper.pos=+0.67
DEBUG 2026-09-03 10:06:18 [action #167] t=7.36s step=166 queue=10 dmax=3.589 | shoulder_pan.pos=-39.70 shoulder_lift.pos=-79.05 elbow_flex.pos=+74.38 wrist_flex.pos=+56.45 wrist_roll.pos=-6.02 gripper.pos=+0.62
DEBUG 2026-09-03 10:06:18 [action #168] t=7.39s step=167 queue=9 dmax=3.927 | shoulder_pan.pos=-39.43 shoulder_lift.pos=-75.12 elbow_flex.pos=+72.25 wrist_flex.pos=+56.14 wrist_roll.pos=-6.25 gripper.pos=+0.63
DEBUG 2026-09-03 10:06:18 [action #169] t=7.43s step=168 queue=8 dmax=2.926 | shoulder_pan.pos=-39.39 shoulder_lift.pos=-72.20 elbow_flex.pos=+70.49 wrist_flex.pos=+55.84 wrist_roll.pos=-6.53 gripper.pos=+0.65
DEBUG 2026-09-03 10:06:18 [action #170] t=7.46s step=169 queue=7 dmax=2.114 | shoulder_pan.pos=-39.28 shoulder_lift.pos=-70.08 elbow_flex.pos=+69.53 wrist_flex.pos=+55.72 wrist_roll.pos=-6.74 gripper.pos=+0.73
DEBUG 2026-09-03 10:06:18 [action #171] t=7.49s step=170 queue=6 dmax=2.291 | shoulder_pan.pos=-39.34 shoulder_lift.pos=-67.79 elbow_flex.pos=+68.04 wrist_flex.pos=+55.77 wrist_roll.pos=-6.92 gripper.pos=+0.70
DEBUG 2026-09-03 10:06:18 [action #172] t=7.53s step=171 queue=5 dmax=1.352 | shoulder_pan.pos=-39.11 shoulder_lift.pos=-66.44 elbow_flex.pos=+67.15 wrist_flex.pos=+55.59 wrist_roll.pos=-7.09 gripper.pos=+0.74
DEBUG 2026-09-03 10:06:18 [action #173] t=7.56s step=172 queue=4 dmax=1.419 | shoulder_pan.pos=-39.27 shoulder_lift.pos=-65.02 elbow_flex.pos=+66.21 wrist_flex.pos=+55.50 wrist_roll.pos=-7.17 gripper.pos=+0.80
DEBUG 2026-09-03 10:06:18 [action #174] t=7.59s step=173 queue=3 dmax=1.036 | shoulder_pan.pos=-39.10 shoulder_lift.pos=-63.99 elbow_flex.pos=+65.29 wrist_flex.pos=+55.22 wrist_roll.pos=-7.14 gripper.pos=+0.67
DEBUG 2026-09-03 10:06:18 [action #175] t=7.63s step=174 queue=2 dmax=0.934 | shoulder_pan.pos=-39.12 shoulder_lift.pos=-63.05 elbow_flex.pos=+64.62 wrist_flex.pos=+55.35 wrist_roll.pos=-7.22 gripper.pos=+0.82
DEBUG 2026-09-03 10:06:18 [action #176] t=7.66s step=175 queue=1 dmax=1.036 | shoulder_pan.pos=-38.92 shoulder_lift.pos=-62.02 elbow_flex.pos=+64.36 wrist_flex.pos=+55.00 wrist_roll.pos=-7.20 gripper.pos=+0.75
DEBUG 2026-09-03 10:06:18 [chunk] received 50 actions, timesteps 151..200 | first: shoulder_pan.pos=-41.35 shoulder_lift.pos=-71.02 elbow_flex.pos=+68.56 wrist_flex.pos=+57.77 wrist_roll.pos=-7.12 gripper.pos=+1.32 | last: shoulder_pan.pos=-41.71 shoulder_lift.pos=-14.86 elbow_flex.pos=+24.17 wrist_flex.pos=+67.44 wrist_roll.pos=-8.02 gripper.pos=+22.32
DEBUG 2026-09-03 10:06:18 [action #177] t=7.79s step=176 queue=25 dmax=23.102 | shoulder_pan.pos=-42.29 shoulder_lift.pos=-38.91 elbow_flex.pos=+44.09 wrist_flex.pos=+58.70 wrist_roll.pos=-7.86 gripper.pos=+1.60
DEBUG 2026-09-03 10:06:18 [action #178] t=7.83s step=177 queue=24 dmax=1.384 | shoulder_pan.pos=-42.26 shoulder_lift.pos=-37.53 elbow_flex.pos=+43.31 wrist_flex.pos=+58.75 wrist_roll.pos=-7.93 gripper.pos=+1.70
DEBUG 2026-09-03 10:06:18 [action #179] t=7.86s step=178 queue=23 dmax=1.457 | shoulder_pan.pos=-42.33 shoulder_lift.pos=-36.07 elbow_flex.pos=+42.26 wrist_flex.pos=+58.83 wrist_roll.pos=-7.93 gripper.pos=+1.65
DEBUG 2026-09-03 10:06:19 [action #180] t=7.89s step=179 queue=22 dmax=1.583 | shoulder_pan.pos=-42.36 shoulder_lift.pos=-34.49 elbow_flex.pos=+41.19 wrist_flex.pos=+58.81 wrist_roll.pos=-8.01 gripper.pos=+1.71
DEBUG 2026-09-03 10:06:19 [action #181] t=7.93s step=180 queue=21 dmax=1.084 | shoulder_pan.pos=-42.48 shoulder_lift.pos=-33.40 elbow_flex.pos=+40.52 wrist_flex.pos=+58.97 wrist_roll.pos=-8.06 gripper.pos=+1.73
DEBUG 2026-09-03 10:06:19 [action #182] t=7.96s step=181 queue=20 dmax=1.234 | shoulder_pan.pos=-42.18 shoulder_lift.pos=-32.17 elbow_flex.pos=+39.35 wrist_flex.pos=+59.19 wrist_roll.pos=-7.97 gripper.pos=+1.76
DEBUG 2026-09-03 10:06:19 [action #183] t=7.99s step=182 queue=19 dmax=1.324 | shoulder_pan.pos=-42.34 shoulder_lift.pos=-30.85 elbow_flex.pos=+38.52 wrist_flex.pos=+59.55 wrist_roll.pos=-7.97 gripper.pos=+1.71
DEBUG 2026-09-03 10:06:19 [action #184] t=8.03s step=183 queue=18 dmax=1.330 | shoulder_pan.pos=-42.37 shoulder_lift.pos=-29.52 elbow_flex.pos=+37.25 wrist_flex.pos=+60.03 wrist_roll.pos=-7.94 gripper.pos=+1.71
DEBUG 2026-09-03 10:06:19 [action #185] t=8.06s step=184 queue=17 dmax=1.219 | shoulder_pan.pos=-42.39 shoulder_lift.pos=-28.50 elbow_flex.pos=+36.03 wrist_flex.pos=+60.71 wrist_roll.pos=-7.98 gripper.pos=+1.82
DEBUG 2026-09-03 10:06:19 [action #186] t=8.09s step=185 queue=16 dmax=1.301 | shoulder_pan.pos=-42.44 shoulder_lift.pos=-27.20 elbow_flex.pos=+34.96 wrist_flex.pos=+61.61 wrist_roll.pos=-7.90 gripper.pos=+2.00
DEBUG 2026-09-03 10:06:19 [action #187] t=8.13s step=186 queue=15 dmax=1.476 | shoulder_pan.pos=-42.48 shoulder_lift.pos=-26.28 elbow_flex.pos=+33.48 wrist_flex.pos=+62.16 wrist_roll.pos=-8.06 gripper.pos=+2.83
DEBUG 2026-09-03 10:06:19 [action #188] t=8.16s step=187 queue=14 dmax=1.106 | shoulder_pan.pos=-42.56 shoulder_lift.pos=-25.44 elbow_flex.pos=+32.66 wrist_flex.pos=+62.72 wrist_roll.pos=-7.98 gripper.pos=+3.94
DEBUG 2026-09-03 10:06:19 [action #189] t=8.19s step=188 queue=13 dmax=1.742 | shoulder_pan.pos=-42.66 shoulder_lift.pos=-24.35 elbow_flex.pos=+31.41 wrist_flex.pos=+63.27 wrist_roll.pos=-8.09 gripper.pos=+5.68
DEBUG 2026-09-03 10:06:19 [action #190] t=8.23s step=189 queue=12 dmax=1.739 | shoulder_pan.pos=-42.64 shoulder_lift.pos=-23.22 elbow_flex.pos=+30.43 wrist_flex.pos=+63.96 wrist_roll.pos=-8.07 gripper.pos=+7.42
DEBUG 2026-09-03 10:06:19 [action #191] t=8.26s step=190 queue=11 dmax=2.220 | shoulder_pan.pos=-42.56 shoulder_lift.pos=-22.50 elbow_flex.pos=+29.67 wrist_flex.pos=+64.60 wrist_roll.pos=-8.00 gripper.pos=+9.64
DEBUG 2026-09-03 10:06:19 [action #192] t=8.30s step=191 queue=10 dmax=2.543 | shoulder_pan.pos=-42.64 shoulder_lift.pos=-21.79 elbow_flex.pos=+28.70 wrist_flex.pos=+65.34 wrist_roll.pos=-8.12 gripper.pos=+12.18
DEBUG 2026-09-03 10:06:19 [action #193] t=8.33s step=192 queue=9 dmax=2.582 | shoulder_pan.pos=-42.70 shoulder_lift.pos=-20.61 elbow_flex.pos=+27.68 wrist_flex.pos=+66.02 wrist_roll.pos=-8.13 gripper.pos=+14.76
DEBUG 2026-09-03 10:06:19 [action #194] t=8.36s step=193 queue=8 dmax=2.313 | shoulder_pan.pos=-42.50 shoulder_lift.pos=-19.86 elbow_flex.pos=+26.81 wrist_flex.pos=+66.58 wrist_roll.pos=-8.17 gripper.pos=+17.08
DEBUG 2026-09-03 10:06:19 [action #195] t=8.40s step=194 queue=7 dmax=1.812 | shoulder_pan.pos=-42.70 shoulder_lift.pos=-18.74 elbow_flex.pos=+26.43 wrist_flex.pos=+67.10 wrist_roll.pos=-8.25 gripper.pos=+18.89
DEBUG 2026-09-03 10:06:19 [action #196] t=8.43s step=195 queue=6 dmax=1.401 | shoulder_pan.pos=-42.25 shoulder_lift.pos=-18.07 elbow_flex.pos=+25.70 wrist_flex.pos=+67.54 wrist_roll.pos=-8.26 gripper.pos=+20.29
DEBUG 2026-09-03 10:06:19 [action #197] t=8.46s step=196 queue=5 dmax=0.971 | shoulder_pan.pos=-42.24 shoulder_lift.pos=-17.45 elbow_flex.pos=+25.32 wrist_flex.pos=+67.65 wrist_roll.pos=-8.16 gripper.pos=+21.26
DEBUG 2026-09-03 10:06:19 [action #198] t=8.50s step=197 queue=4 dmax=0.821 | shoulder_pan.pos=-42.17 shoulder_lift.pos=-16.63 elbow_flex.pos=+25.19 wrist_flex.pos=+67.60 wrist_roll.pos=-8.03 gripper.pos=+21.72
DEBUG 2026-09-03 10:06:19 [action #199] t=8.53s step=198 queue=3 dmax=0.677 | shoulder_pan.pos=-41.92 shoulder_lift.pos=-15.95 elbow_flex.pos=+24.64 wrist_flex.pos=+67.73 wrist_roll.pos=-8.07 gripper.pos=+22.01
DEBUG 2026-09-03 10:06:19 [chunk] received 50 actions, timesteps 175..224 | first: shoulder_pan.pos=-40.66 shoulder_lift.pos=-59.53 elbow_flex.pos=+62.89 wrist_flex.pos=+54.85 wrist_roll.pos=-7.54 gripper.pos=+1.47 | last: shoulder_pan.pos=-43.62 shoulder_lift.pos=-11.29 elbow_flex.pos=+21.88 wrist_flex.pos=+67.87 wrist_roll.pos=-8.67 gripper.pos=+27.24
DEBUG 2026-09-03 10:06:19 [action #200] t=8.56s step=199 queue=26 dmax=14.443 | shoulder_pan.pos=-42.20 shoulder_lift.pos=-28.35 elbow_flex.pos=+36.73 wrist_flex.pos=+59.95 wrist_roll.pos=-8.26 gripper.pos=+7.57
DEBUG 2026-09-03 10:06:19 [action #201] t=8.60s step=200 queue=25 dmax=1.267 | shoulder_pan.pos=-42.10 shoulder_lift.pos=-27.09 elbow_flex.pos=+36.37 wrist_flex.pos=+60.30 wrist_roll.pos=-8.29 gripper.pos=+7.63
DEBUG 2026-09-03 10:06:19 [action #202] t=8.63s step=201 queue=24 dmax=6.285 | shoulder_pan.pos=-42.05 shoulder_lift.pos=-31.18 elbow_flex.pos=+40.06 wrist_flex.pos=+57.92 wrist_roll.pos=-8.42 gripper.pos=+1.35
DEBUG 2026-09-03 10:06:19 [action #203] t=8.66s step=202 queue=23 dmax=1.184 | shoulder_pan.pos=-41.87 shoulder_lift.pos=-29.99 elbow_flex.pos=+38.91 wrist_flex.pos=+58.33 wrist_roll.pos=-8.40 gripper.pos=+1.33
DEBUG 2026-09-03 10:06:19 [action #204] t=8.70s step=203 queue=22 dmax=1.055 | shoulder_pan.pos=-41.95 shoulder_lift.pos=-28.94 elbow_flex.pos=+37.86 wrist_flex.pos=+58.78 wrist_roll.pos=-8.44 gripper.pos=+1.29
DEBUG 2026-09-03 10:06:19 [action #205] t=8.73s step=204 queue=21 dmax=1.352 | shoulder_pan.pos=-41.96 shoulder_lift.pos=-27.59 elbow_flex.pos=+37.59 wrist_flex.pos=+58.85 wrist_roll.pos=-8.38 gripper.pos=+1.36
DEBUG 2026-09-03 10:06:19 [action #206] t=8.76s step=205 queue=20 dmax=0.646 | shoulder_pan.pos=-41.75 shoulder_lift.pos=-26.96 elbow_flex.pos=+36.95 wrist_flex.pos=+58.95 wrist_roll.pos=-8.38 gripper.pos=+1.24
DEBUG 2026-09-03 10:06:19 [action #207] t=8.80s step=206 queue=19 dmax=0.556 | shoulder_pan.pos=-41.74 shoulder_lift.pos=-26.90 elbow_flex.pos=+36.39 wrist_flex.pos=+58.80 wrist_roll.pos=-8.37 gripper.pos=+1.25
DEBUG 2026-09-03 10:06:19 [action #208] t=8.83s step=207 queue=18 dmax=1.283 | shoulder_pan.pos=-41.57 shoulder_lift.pos=-25.62 elbow_flex.pos=+35.66 wrist_flex.pos=+58.88 wrist_roll.pos=-8.41 gripper.pos=+1.15
DEBUG 2026-09-03 10:06:19 [action #209] t=8.86s step=208 queue=17 dmax=0.584 | shoulder_pan.pos=-41.22 shoulder_lift.pos=-25.04 elbow_flex.pos=+35.36 wrist_flex.pos=+58.93 wrist_roll.pos=-8.43 gripper.pos=+1.20
DEBUG 2026-09-03 10:06:20 [action #210] t=8.90s step=209 queue=16 dmax=1.533 | shoulder_pan.pos=-41.05 shoulder_lift.pos=-23.51 elbow_flex.pos=+34.22 wrist_flex.pos=+59.38 wrist_roll.pos=-8.52 gripper.pos=+1.18
DEBUG 2026-09-03 10:06:20 [action #211] t=8.93s step=210 queue=15 dmax=1.284 | shoulder_pan.pos=-41.18 shoulder_lift.pos=-22.34 elbow_flex.pos=+32.94 wrist_flex.pos=+59.60 wrist_roll.pos=-8.55 gripper.pos=+1.32
DEBUG 2026-09-03 10:06:20 [action #212] t=8.96s step=211 queue=14 dmax=1.642 | shoulder_pan.pos=-41.26 shoulder_lift.pos=-20.70 elbow_flex.pos=+31.43 wrist_flex.pos=+60.48 wrist_roll.pos=-8.82 gripper.pos=+1.95
DEBUG 2026-09-03 10:06:20 [action #213] t=9.00s step=212 queue=13 dmax=1.751 | shoulder_pan.pos=-41.57 shoulder_lift.pos=-19.43 elbow_flex.pos=+29.68 wrist_flex.pos=+61.42 wrist_roll.pos=-9.01 gripper.pos=+3.45
DEBUG 2026-09-03 10:06:20 [action #214] t=9.03s step=213 queue=12 dmax=2.760 | shoulder_pan.pos=-41.80 shoulder_lift.pos=-18.87 elbow_flex.pos=+28.01 wrist_flex.pos=+62.42 wrist_roll.pos=-9.03 gripper.pos=+6.21
DEBUG 2026-09-03 10:06:20 [action #215] t=9.06s step=214 queue=11 dmax=3.281 | shoulder_pan.pos=-42.21 shoulder_lift.pos=-17.49 elbow_flex.pos=+26.82 wrist_flex.pos=+63.44 wrist_roll.pos=-9.13 gripper.pos=+9.49
DEBUG 2026-09-03 10:06:20 [action #216] t=9.10s step=215 queue=10 dmax=3.343 | shoulder_pan.pos=-42.52 shoulder_lift.pos=-16.59 elbow_flex.pos=+26.13 wrist_flex.pos=+64.55 wrist_roll.pos=-9.21 gripper.pos=+12.83
DEBUG 2026-09-03 10:06:20 [action #217] t=9.13s step=216 queue=9 dmax=2.764 | shoulder_pan.pos=-42.60 shoulder_lift.pos=-15.62 elbow_flex.pos=+25.06 wrist_flex.pos=+65.24 wrist_roll.pos=-9.19 gripper.pos=+15.60
DEBUG 2026-09-03 10:06:20 [action #218] t=9.16s step=217 queue=8 dmax=2.051 | shoulder_pan.pos=-43.16 shoulder_lift.pos=-14.88 elbow_flex.pos=+24.45 wrist_flex.pos=+66.05 wrist_roll.pos=-9.15 gripper.pos=+17.65
DEBUG 2026-09-03 10:06:20 [action #219] t=9.20s step=218 queue=7 dmax=1.901 | shoulder_pan.pos=-43.24 shoulder_lift.pos=-14.53 elbow_flex.pos=+23.80 wrist_flex.pos=+66.47 wrist_roll.pos=-9.14 gripper.pos=+19.55
DEBUG 2026-09-03 10:06:20 [action #220] t=9.23s step=219 queue=6 dmax=1.654 | shoulder_pan.pos=-43.28 shoulder_lift.pos=-14.00 elbow_flex.pos=+22.97 wrist_flex.pos=+67.06 wrist_roll.pos=-9.04 gripper.pos=+21.20
DEBUG 2026-09-03 10:06:20 [action #221] t=9.27s step=220 queue=5 dmax=1.905 | shoulder_pan.pos=-43.39 shoulder_lift.pos=-13.30 elbow_flex.pos=+22.76 wrist_flex.pos=+67.26 wrist_roll.pos=-9.07 gripper.pos=+23.11
DEBUG 2026-09-03 10:06:20 [action #222] t=9.30s step=221 queue=4 dmax=1.552 | shoulder_pan.pos=-43.23 shoulder_lift.pos=-12.47 elbow_flex.pos=+22.52 wrist_flex.pos=+67.57 wrist_roll.pos=-8.95 gripper.pos=+24.66
DEBUG 2026-09-03 10:06:20 [action #223] t=9.33s step=222 queue=3 dmax=1.304 | shoulder_pan.pos=-43.40 shoulder_lift.pos=-12.22 elbow_flex.pos=+21.95 wrist_flex.pos=+67.70 wrist_roll.pos=-8.85 gripper.pos=+25.96
DEBUG 2026-09-03 10:06:20 [action #224] t=9.37s step=223 queue=2 dmax=0.786 | shoulder_pan.pos=-43.38 shoulder_lift.pos=-11.58 elbow_flex.pos=+21.98 wrist_flex.pos=+67.67 wrist_roll.pos=-8.73 gripper.pos=+26.75
DEBUG 2026-09-03 10:06:20 [action #225] t=9.40s step=224 queue=1 dmax=0.496 | shoulder_pan.pos=-43.62 shoulder_lift.pos=-11.29 elbow_flex.pos=+21.88 wrist_flex.pos=+67.87 wrist_roll.pos=-8.67 gripper.pos=+27.24
DEBUG 2026-09-03 10:06:20 [chunk] received 50 actions, timesteps 198..247 | first: shoulder_pan.pos=-39.56 shoulder_lift.pos=-14.16 elbow_flex.pos=+22.04 wrist_flex.pos=+68.48 wrist_roll.pos=-7.90 gripper.pos=+21.87 | last: shoulder_pan.pos=-40.45 shoulder_lift.pos=+22.71 elbow_flex.pos=-4.18 wrist_flex.pos=+74.69 wrist_roll.pos=-8.24 gripper.pos=+35.21
DEBUG 2026-09-03 10:06:20 [action #226] t=9.43s step=225 queue=23 dmax=18.509 | shoulder_pan.pos=-41.80 shoulder_lift.pos=+7.22 elbow_flex.pos=+9.60 wrist_flex.pos=+68.55 wrist_roll.pos=-8.28 gripper.pos=+33.12
DEBUG 2026-09-03 10:06:20 [action #227] t=9.47s step=226 queue=22 dmax=1.212 | shoulder_pan.pos=-41.72 shoulder_lift.pos=+8.43 elbow_flex.pos=+8.61 wrist_flex.pos=+68.82 wrist_roll.pos=-8.30 gripper.pos=+33.15
DEBUG 2026-09-03 10:06:20 [action #228] t=9.50s step=227 queue=21 dmax=1.138 | shoulder_pan.pos=-41.57 shoulder_lift.pos=+9.01 elbow_flex.pos=+7.47 wrist_flex.pos=+69.08 wrist_roll.pos=-8.25 gripper.pos=+33.21
DEBUG 2026-09-03 10:06:20 [action #229] t=9.53s step=228 queue=20 dmax=0.838 | shoulder_pan.pos=-41.82 shoulder_lift.pos=+9.85 elbow_flex.pos=+6.91 wrist_flex.pos=+69.44 wrist_roll.pos=-8.34 gripper.pos=+33.15
DEBUG 2026-09-03 10:06:20 [action #230] t=9.57s step=229 queue=19 dmax=1.496 | shoulder_pan.pos=-41.50 shoulder_lift.pos=+11.34 elbow_flex.pos=+5.92 wrist_flex.pos=+69.91 wrist_roll.pos=-8.31 gripper.pos=+33.18
DEBUG 2026-09-03 10:06:20 [action #231] t=9.60s step=230 queue=18 dmax=0.842 | shoulder_pan.pos=-41.47 shoulder_lift.pos=+11.98 elbow_flex.pos=+5.07 wrist_flex.pos=+70.24 wrist_roll.pos=-8.33 gripper.pos=+33.20
DEBUG 2026-09-03 10:06:20 [action #232] t=9.63s step=231 queue=17 dmax=1.214 | shoulder_pan.pos=-41.15 shoulder_lift.pos=+13.17 elbow_flex.pos=+3.86 wrist_flex.pos=+70.46 wrist_roll.pos=-8.42 gripper.pos=+33.23
DEBUG 2026-09-03 10:06:20 [action #233] t=9.67s step=232 queue=16 dmax=1.242 | shoulder_pan.pos=-41.28 shoulder_lift.pos=+14.32 elbow_flex.pos=+2.62 wrist_flex.pos=+70.80 wrist_roll.pos=-8.35 gripper.pos=+33.23
DEBUG 2026-09-03 10:06:20 [action #234] t=9.70s step=233 queue=15 dmax=0.292 | shoulder_pan.pos=-41.34 shoulder_lift.pos=+14.49 elbow_flex.pos=+2.33 wrist_flex.pos=+71.06 wrist_roll.pos=-8.32 gripper.pos=+33.14
DEBUG 2026-09-03 10:06:20 [action #235] t=9.73s step=234 queue=14 dmax=1.181 | shoulder_pan.pos=-41.11 shoulder_lift.pos=+15.54 elbow_flex.pos=+1.14 wrist_flex.pos=+71.36 wrist_roll.pos=-8.32 gripper.pos=+33.15
DEBUG 2026-09-03 10:06:20 [action #236] t=9.77s step=235 queue=13 dmax=1.129 | shoulder_pan.pos=-41.05 shoulder_lift.pos=+16.66 elbow_flex.pos=+0.45 wrist_flex.pos=+71.39 wrist_roll.pos=-8.31 gripper.pos=+33.27
DEBUG 2026-09-03 10:06:20 [action #237] t=9.80s step=236 queue=12 dmax=0.817 | shoulder_pan.pos=-41.17 shoulder_lift.pos=+17.38 elbow_flex.pos=-0.37 wrist_flex.pos=+71.83 wrist_roll.pos=-8.47 gripper.pos=+33.41
DEBUG 2026-09-03 10:06:20 [action #238] t=9.83s step=237 queue=11 dmax=0.407 | shoulder_pan.pos=-41.21 shoulder_lift.pos=+17.64 elbow_flex.pos=-0.19 wrist_flex.pos=+72.17 wrist_roll.pos=-8.41 gripper.pos=+33.82
DEBUG 2026-09-03 10:06:21 [action #239] t=9.87s step=238 queue=10 dmax=0.942 | shoulder_pan.pos=-41.22 shoulder_lift.pos=+18.59 elbow_flex.pos=-0.73 wrist_flex.pos=+72.56 wrist_roll.pos=-8.19 gripper.pos=+33.99
DEBUG 2026-09-03 10:06:21 [action #240] t=9.90s step=239 queue=9 dmax=1.012 | shoulder_pan.pos=-40.98 shoulder_lift.pos=+18.49 elbow_flex.pos=-1.74 wrist_flex.pos=+72.59 wrist_roll.pos=-8.20 gripper.pos=+34.33
DEBUG 2026-09-03 10:06:21 [action #241] t=9.93s step=240 queue=8 dmax=0.577 | shoulder_pan.pos=-40.97 shoulder_lift.pos=+18.68 elbow_flex.pos=-1.68 wrist_flex.pos=+72.50 wrist_roll.pos=-8.41 gripper.pos=+34.91
DEBUG 2026-09-03 10:06:21 [action #242] t=9.97s step=241 queue=7 dmax=1.144 | shoulder_pan.pos=-40.87 shoulder_lift.pos=+19.82 elbow_flex.pos=-1.97 wrist_flex.pos=+73.21 wrist_roll.pos=-8.46 gripper.pos=+35.20
DEBUG 2026-09-03 10:06:21 [action #243] t=10.00s step=242 queue=6 dmax=0.696 | shoulder_pan.pos=-40.75 shoulder_lift.pos=+20.31 elbow_flex.pos=-2.66 wrist_flex.pos=+73.25 wrist_roll.pos=-8.37 gripper.pos=+35.01
DEBUG 2026-09-03 10:06:21 [action #244] t=10.03s step=243 queue=5 dmax=0.563 | shoulder_pan.pos=-40.71 shoulder_lift.pos=+20.59 elbow_flex.pos=-3.23 wrist_flex.pos=+73.64 wrist_roll.pos=-8.27 gripper.pos=+35.16
DEBUG 2026-09-03 10:06:21 [action #245] t=10.07s step=244 queue=4 dmax=0.304 | shoulder_pan.pos=-40.40 shoulder_lift.pos=+20.87 elbow_flex.pos=-3.40 wrist_flex.pos=+73.86 wrist_roll.pos=-8.33 gripper.pos=+34.98
DEBUG 2026-09-03 10:06:21 [action #246] t=10.10s step=245 queue=3 dmax=0.773 | shoulder_pan.pos=-40.65 shoulder_lift.pos=+21.39 elbow_flex.pos=-2.63 wrist_flex.pos=+73.99 wrist_roll.pos=-8.32 gripper.pos=+35.01
DEBUG 2026-09-03 10:06:21 [action #247] t=10.13s step=246 queue=2 dmax=1.124 | shoulder_pan.pos=-40.54 shoulder_lift.pos=+22.32 elbow_flex.pos=-3.75 wrist_flex.pos=+74.28 wrist_roll.pos=-8.30 gripper.pos=+35.05
DEBUG 2026-09-03 10:06:21 [action #248] t=10.17s step=247 queue=1 dmax=0.427 | shoulder_pan.pos=-40.45 shoulder_lift.pos=+22.71 elbow_flex.pos=-4.18 wrist_flex.pos=+74.69 wrist_roll.pos=-8.24 gripper.pos=+35.21
DEBUG 2026-09-03 10:06:21 [chunk] received 50 actions, timesteps 224..273 | first: shoulder_pan.pos=-41.92 shoulder_lift.pos=-8.18 elbow_flex.pos=+17.38 wrist_flex.pos=+67.80 wrist_roll.pos=-10.19 gripper.pos=+27.57 | last: shoulder_pan.pos=-39.68 shoulder_lift.pos=+31.65 elbow_flex.pos=-10.97 wrist_flex.pos=+77.70 wrist_roll.pos=-9.83 gripper.pos=+34.26
DEBUG 2026-09-03 10:06:21 [action #249] t=10.34s step=248 queue=26 dmax=10.299 | shoulder_pan.pos=-41.07 shoulder_lift.pos=+12.41 elbow_flex.pos=+1.51 wrist_flex.pos=+71.44 wrist_roll.pos=-9.94 gripper.pos=+34.26
DEBUG 2026-09-03 10:06:21 [action #250] t=10.37s step=249 queue=25 dmax=0.893 | shoulder_pan.pos=-40.83 shoulder_lift.pos=+13.09 elbow_flex.pos=+0.62 wrist_flex.pos=+71.63 wrist_roll.pos=-9.85 gripper.pos=+34.23
DEBUG 2026-09-03 10:06:21 [action #251] t=10.40s step=250 queue=24 dmax=0.929 | shoulder_pan.pos=-40.87 shoulder_lift.pos=+14.02 elbow_flex.pos=+1.00 wrist_flex.pos=+71.51 wrist_roll.pos=-9.81 gripper.pos=+34.10
DEBUG 2026-09-03 10:06:21 [action #252] t=10.44s step=251 queue=23 dmax=0.973 | shoulder_pan.pos=-40.85 shoulder_lift.pos=+14.83 elbow_flex.pos=+0.03 wrist_flex.pos=+71.45 wrist_roll.pos=-9.67 gripper.pos=+34.13
DEBUG 2026-09-03 10:06:21 [action #253] t=10.47s step=252 queue=22 dmax=0.653 | shoulder_pan.pos=-40.84 shoulder_lift.pos=+15.48 elbow_flex.pos=-0.31 wrist_flex.pos=+71.65 wrist_roll.pos=-9.52 gripper.pos=+34.13
DEBUG 2026-09-03 10:06:21 [action #254] t=10.50s step=253 queue=21 dmax=0.830 | shoulder_pan.pos=-40.72 shoulder_lift.pos=+16.31 elbow_flex.pos=-0.85 wrist_flex.pos=+71.70 wrist_roll.pos=-9.61 gripper.pos=+34.04
DEBUG 2026-09-03 10:06:21 [action #255] t=10.54s step=254 queue=20 dmax=1.042 | shoulder_pan.pos=-40.48 shoulder_lift.pos=+17.12 elbow_flex.pos=-1.89 wrist_flex.pos=+71.78 wrist_roll.pos=-9.54 gripper.pos=+34.04
DEBUG 2026-09-03 10:06:21 [action #256] t=10.57s step=255 queue=19 dmax=1.385 | shoulder_pan.pos=-40.63 shoulder_lift.pos=+18.51 elbow_flex.pos=-1.66 wrist_flex.pos=+71.82 wrist_roll.pos=-9.82 gripper.pos=+34.13
DEBUG 2026-09-03 10:06:21 [action #257] t=10.60s step=256 queue=18 dmax=1.044 | shoulder_pan.pos=-40.54 shoulder_lift.pos=+19.12 elbow_flex.pos=-2.71 wrist_flex.pos=+72.39 wrist_roll.pos=-9.74 gripper.pos=+34.04
DEBUG 2026-09-03 10:06:21 [action #258] t=10.64s step=257 queue=17 dmax=1.501 | shoulder_pan.pos=-40.46 shoulder_lift.pos=+20.62 elbow_flex.pos=-3.92 wrist_flex.pos=+72.60 wrist_roll.pos=-9.68 gripper.pos=+34.20
DEBUG 2026-09-03 10:06:21 [action #259] t=10.67s step=258 queue=16 dmax=0.655 | shoulder_pan.pos=-40.36 shoulder_lift.pos=+21.28 elbow_flex.pos=-4.46 wrist_flex.pos=+73.10 wrist_roll.pos=-9.74 gripper.pos=+34.27
DEBUG 2026-09-03 10:06:21 [action #260] t=10.70s step=259 queue=15 dmax=1.023 | shoulder_pan.pos=-40.24 shoulder_lift.pos=+22.11 elbow_flex.pos=-5.49 wrist_flex.pos=+73.12 wrist_roll.pos=-9.77 gripper.pos=+34.10
DEBUG 2026-09-03 10:06:21 [action #261] t=10.74s step=260 queue=14 dmax=0.628 | shoulder_pan.pos=-40.26 shoulder_lift.pos=+22.74 elbow_flex.pos=-6.04 wrist_flex.pos=+73.36 wrist_roll.pos=-9.81 gripper.pos=+34.09
DEBUG 2026-09-03 10:06:21 [action #262] t=10.77s step=261 queue=13 dmax=0.916 | shoulder_pan.pos=-40.28 shoulder_lift.pos=+23.65 elbow_flex.pos=-6.36 wrist_flex.pos=+73.57 wrist_roll.pos=-9.88 gripper.pos=+34.17
DEBUG 2026-09-03 10:06:21 [action #263] t=10.80s step=262 queue=12 dmax=1.040 | shoulder_pan.pos=-39.98 shoulder_lift.pos=+24.69 elbow_flex.pos=-7.39 wrist_flex.pos=+73.97 wrist_roll.pos=-9.88 gripper.pos=+33.97
DEBUG 2026-09-03 10:06:21 [action #264] t=10.84s step=263 queue=11 dmax=0.557 | shoulder_pan.pos=-39.77 shoulder_lift.pos=+25.20 elbow_flex.pos=-7.94 wrist_flex.pos=+74.17 wrist_roll.pos=-9.90 gripper.pos=+34.08
DEBUG 2026-09-03 10:06:22 [action #265] t=10.87s step=264 queue=10 dmax=0.904 | shoulder_pan.pos=-39.65 shoulder_lift.pos=+26.10 elbow_flex.pos=-8.42 wrist_flex.pos=+74.59 wrist_roll.pos=-9.94 gripper.pos=+34.03
DEBUG 2026-09-03 10:06:22 [action #266] t=10.90s step=265 queue=9 dmax=0.902 | shoulder_pan.pos=-39.69 shoulder_lift.pos=+26.95 elbow_flex.pos=-9.32 wrist_flex.pos=+74.77 wrist_roll.pos=-9.97 gripper.pos=+34.14
DEBUG 2026-09-03 10:06:22 [action #267] t=10.94s step=266 queue=8 dmax=1.196 | shoulder_pan.pos=-39.44 shoulder_lift.pos=+28.14 elbow_flex.pos=-9.14 wrist_flex.pos=+75.03 wrist_roll.pos=-9.94 gripper.pos=+34.13
DEBUG 2026-09-03 10:06:22 [action #268] t=10.97s step=267 queue=7 dmax=0.764 | shoulder_pan.pos=-39.32 shoulder_lift.pos=+28.91 elbow_flex.pos=-9.80 wrist_flex.pos=+75.34 wrist_roll.pos=-9.98 gripper.pos=+34.16
DEBUG 2026-09-03 10:06:22 [action #269] t=11.00s step=268 queue=6 dmax=1.104 | shoulder_pan.pos=-39.57 shoulder_lift.pos=+29.67 elbow_flex.pos=-10.90 wrist_flex.pos=+75.76 wrist_roll.pos=-9.92 gripper.pos=+34.24
DEBUG 2026-09-03 10:06:22 [action #270] t=11.04s step=269 queue=5 dmax=0.750 | shoulder_pan.pos=-39.33 shoulder_lift.pos=+29.70 elbow_flex.pos=-10.15 wrist_flex.pos=+75.89 wrist_roll.pos=-10.02 gripper.pos=+34.28
DEBUG 2026-09-03 10:06:22 [action #271] t=11.07s step=270 queue=4 dmax=0.563 | shoulder_pan.pos=-39.50 shoulder_lift.pos=+30.23 elbow_flex.pos=-10.72 wrist_flex.pos=+76.27 wrist_roll.pos=-10.06 gripper.pos=+34.36
DEBUG 2026-09-03 10:06:22 [action #272] t=11.10s step=271 queue=3 dmax=0.407 | shoulder_pan.pos=-39.09 shoulder_lift.pos=+30.22 elbow_flex.pos=-11.04 wrist_flex.pos=+76.67 wrist_roll.pos=-9.90 gripper.pos=+34.45
DEBUG 2026-09-03 10:06:22 [action #273] t=11.14s step=272 queue=2 dmax=0.362 | shoulder_pan.pos=-39.24 shoulder_lift.pos=+30.18 elbow_flex.pos=-10.76 wrist_flex.pos=+77.03 wrist_roll.pos=-9.89 gripper.pos=+34.42
DEBUG 2026-09-03 10:06:22 [action #274] t=11.17s step=273 queue=1 dmax=1.470 | shoulder_pan.pos=-39.68 shoulder_lift.pos=+31.65 elbow_flex.pos=-10.97 wrist_flex.pos=+77.70 wrist_roll.pos=-9.83 gripper.pos=+34.26
DEBUG 2026-09-03 10:06:22 [chunk] received 50 actions, timesteps 247..296 | first: shoulder_pan.pos=-40.33 shoulder_lift.pos=+21.25 elbow_flex.pos=-6.51 wrist_flex.pos=+75.37 wrist_roll.pos=-9.04 gripper.pos=+36.10 | last: shoulder_pan.pos=-38.81 shoulder_lift.pos=+34.73 elbow_flex.pos=-37.07 wrist_flex.pos=+94.74 wrist_roll.pos=-10.43 gripper.pos=+7.11
DEBUG 2026-09-03 10:06:22 [action #275] t=11.20s step=274 queue=23 dmax=16.768 | shoulder_pan.pos=-40.40 shoulder_lift.pos=+38.39 elbow_flex.pos=-19.74 wrist_flex.pos=+81.95 wrist_roll.pos=-8.75 gripper.pos=+17.50
DEBUG 2026-09-03 10:06:22 [action #276] t=11.24s step=275 queue=22 dmax=2.715 | shoulder_pan.pos=-40.47 shoulder_lift.pos=+37.72 elbow_flex.pos=-20.32 wrist_flex.pos=+81.72 wrist_roll.pos=-8.65 gripper.pos=+14.78
DEBUG 2026-09-03 10:06:22 [action #277] t=11.27s step=276 queue=21 dmax=2.165 | shoulder_pan.pos=-40.19 shoulder_lift.pos=+38.35 elbow_flex.pos=-20.15 wrist_flex.pos=+81.95 wrist_roll.pos=-8.61 gripper.pos=+12.62
DEBUG 2026-09-03 10:06:22 [action #278] t=11.30s step=277 queue=20 dmax=2.054 | shoulder_pan.pos=-39.80 shoulder_lift.pos=+37.83 elbow_flex.pos=-19.95 wrist_flex.pos=+82.00 wrist_roll.pos=-8.74 gripper.pos=+10.56
DEBUG 2026-09-03 10:06:22 [action #279] t=11.34s step=278 queue=19 dmax=1.674 | shoulder_pan.pos=-40.20 shoulder_lift.pos=+37.85 elbow_flex.pos=-20.04 wrist_flex.pos=+82.04 wrist_roll.pos=-8.71 gripper.pos=+8.89
DEBUG 2026-09-03 10:06:22 [action #280] t=11.37s step=279 queue=18 dmax=1.259 | shoulder_pan.pos=-40.17 shoulder_lift.pos=+37.45 elbow_flex.pos=-19.64 wrist_flex.pos=+82.09 wrist_roll.pos=-8.70 gripper.pos=+7.63
DEBUG 2026-09-03 10:06:22 [action #281] t=11.41s step=280 queue=17 dmax=0.678 | shoulder_pan.pos=-39.83 shoulder_lift.pos=+36.93 elbow_flex.pos=-20.01 wrist_flex.pos=+82.41 wrist_roll.pos=-8.68 gripper.pos=+6.95
DEBUG 2026-09-03 10:06:22 [action #282] t=11.44s step=281 queue=16 dmax=0.627 | shoulder_pan.pos=-40.11 shoulder_lift.pos=+37.11 elbow_flex.pos=-20.63 wrist_flex.pos=+82.90 wrist_roll.pos=-8.86 gripper.pos=+6.90
DEBUG 2026-09-03 10:06:22 [action #283] t=11.47s step=282 queue=15 dmax=0.839 | shoulder_pan.pos=-40.13 shoulder_lift.pos=+36.81 elbow_flex.pos=-21.47 wrist_flex.pos=+83.22 wrist_roll.pos=-9.00 gripper.pos=+6.84
DEBUG 2026-09-03 10:06:22 [action #284] t=11.51s step=283 queue=14 dmax=1.241 | shoulder_pan.pos=-39.89 shoulder_lift.pos=+36.69 elbow_flex.pos=-22.71 wrist_flex.pos=+84.31 wrist_roll.pos=-9.13 gripper.pos=+6.99
DEBUG 2026-09-03 10:06:22 [action #285] t=11.54s step=284 queue=13 dmax=1.243 | shoulder_pan.pos=-39.88 shoulder_lift.pos=+35.65 elbow_flex.pos=-23.96 wrist_flex.pos=+84.96 wrist_roll.pos=-9.42 gripper.pos=+7.37
DEBUG 2026-09-03 10:06:22 [action #286] t=11.57s step=285 queue=12 dmax=0.997 | shoulder_pan.pos=-39.97 shoulder_lift.pos=+36.41 elbow_flex.pos=-23.95 wrist_flex.pos=+85.95 wrist_roll.pos=-9.65 gripper.pos=+7.50
DEBUG 2026-09-03 10:06:22 [action #287] t=11.61s step=286 queue=11 dmax=1.814 | shoulder_pan.pos=-39.90 shoulder_lift.pos=+35.68 elbow_flex.pos=-25.76 wrist_flex.pos=+86.68 wrist_roll.pos=-9.62 gripper.pos=+7.69
DEBUG 2026-09-03 10:06:22 [action #288] t=11.64s step=287 queue=10 dmax=1.920 | shoulder_pan.pos=-39.88 shoulder_lift.pos=+35.91 elbow_flex.pos=-27.68 wrist_flex.pos=+87.43 wrist_roll.pos=-9.89 gripper.pos=+7.71
DEBUG 2026-09-03 10:06:22 [action #289] t=11.67s step=288 queue=9 dmax=0.629 | shoulder_pan.pos=-39.90 shoulder_lift.pos=+35.85 elbow_flex.pos=-28.04 wrist_flex.pos=+88.06 wrist_roll.pos=-9.80 gripper.pos=+7.64
DEBUG 2026-09-03 10:06:22 [action #290] t=11.71s step=289 queue=8 dmax=0.802 | shoulder_pan.pos=-39.77 shoulder_lift.pos=+35.56 elbow_flex.pos=-28.84 wrist_flex.pos=+88.75 wrist_roll.pos=-9.92 gripper.pos=+7.62
DEBUG 2026-09-03 10:06:22 [action #291] t=11.74s step=290 queue=7 dmax=1.310 | shoulder_pan.pos=-39.66 shoulder_lift.pos=+35.47 elbow_flex.pos=-30.15 wrist_flex.pos=+89.31 wrist_roll.pos=-9.94 gripper.pos=+7.73
DEBUG 2026-09-03 10:06:22 [action #292] t=11.77s step=291 queue=6 dmax=0.898 | shoulder_pan.pos=-39.51 shoulder_lift.pos=+35.91 elbow_flex.pos=-30.32 wrist_flex.pos=+90.21 wrist_roll.pos=-10.03 gripper.pos=+7.63
DEBUG 2026-09-03 10:06:22 [action #293] t=11.81s step=292 queue=5 dmax=0.813 | shoulder_pan.pos=-39.48 shoulder_lift.pos=+35.31 elbow_flex.pos=-31.10 wrist_flex.pos=+91.02 wrist_roll.pos=-9.94 gripper.pos=+7.48
DEBUG 2026-09-03 10:06:22 [action #294] t=11.84s step=293 queue=4 dmax=1.925 | shoulder_pan.pos=-39.53 shoulder_lift.pos=+35.62 elbow_flex.pos=-33.02 wrist_flex.pos=+91.82 wrist_roll.pos=-10.08 gripper.pos=+7.49
DEBUG 2026-09-03 10:06:23 [action #295] t=11.87s step=294 queue=3 dmax=0.903 | shoulder_pan.pos=-39.12 shoulder_lift.pos=+35.33 elbow_flex.pos=-33.78 wrist_flex.pos=+92.73 wrist_roll.pos=-10.26 gripper.pos=+7.40
DEBUG 2026-09-03 10:06:23 [action #296] t=11.91s step=295 queue=2 dmax=2.415 | shoulder_pan.pos=-39.01 shoulder_lift.pos=+34.56 elbow_flex.pos=-36.20 wrist_flex.pos=+93.85 wrist_roll.pos=-10.24 gripper.pos=+7.30
DEBUG 2026-09-03 10:06:23 [action #297] t=11.94s step=296 queue=1 dmax=0.895 | shoulder_pan.pos=-38.81 shoulder_lift.pos=+34.73 elbow_flex.pos=-37.07 wrist_flex.pos=+94.74 wrist_roll.pos=-10.43 gripper.pos=+7.11
DEBUG 2026-09-03 10:06:23 [chunk] received 50 actions, timesteps 273..322 | first: shoulder_pan.pos=-40.66 shoulder_lift.pos=+28.27 elbow_flex.pos=-10.35 wrist_flex.pos=+76.88 wrist_roll.pos=-9.44 gripper.pos=+35.94 | last: shoulder_pan.pos=-39.31 shoulder_lift.pos=+37.94 elbow_flex.pos=-41.05 wrist_flex.pos=+96.13 wrist_roll.pos=-10.17 gripper.pos=+6.06
DEBUG 2026-09-03 10:06:23 [action #298] t=12.17s step=297 queue=26 dmax=17.913 | shoulder_pan.pos=-39.85 shoulder_lift.pos=+39.84 elbow_flex.pos=-19.15 wrist_flex.pos=+80.45 wrist_roll.pos=-9.13 gripper.pos=+13.11
DEBUG 2026-09-03 10:06:23 [action #299] t=12.21s step=298 queue=25 dmax=2.137 | shoulder_pan.pos=-39.82 shoulder_lift.pos=+40.14 elbow_flex.pos=-18.76 wrist_flex.pos=+80.44 wrist_roll.pos=-9.02 gripper.pos=+10.98
DEBUG 2026-09-03 10:06:23 [action #300] t=12.24s step=299 queue=24 dmax=1.655 | shoulder_pan.pos=-39.72 shoulder_lift.pos=+40.24 elbow_flex.pos=-19.00 wrist_flex.pos=+80.48 wrist_roll.pos=-9.04 gripper.pos=+9.32
DEBUG 2026-09-03 10:06:23 [action #301] t=12.27s step=300 queue=23 dmax=1.083 | shoulder_pan.pos=-39.75 shoulder_lift.pos=+40.20 elbow_flex.pos=-18.99 wrist_flex.pos=+80.27 wrist_roll.pos=-9.14 gripper.pos=+8.24
DEBUG 2026-09-03 10:06:23 [action #302] t=12.31s step=301 queue=22 dmax=0.711 | shoulder_pan.pos=-39.73 shoulder_lift.pos=+39.86 elbow_flex.pos=-19.54 wrist_flex.pos=+80.35 wrist_roll.pos=-8.96 gripper.pos=+7.53
DEBUG 2026-09-03 10:06:23 [action #303] t=12.34s step=302 queue=21 dmax=0.266 | shoulder_pan.pos=-39.74 shoulder_lift.pos=+39.59 elbow_flex.pos=-19.54 wrist_flex.pos=+80.44 wrist_roll.pos=-8.89 gripper.pos=+7.33
DEBUG 2026-09-03 10:06:23 [action #304] t=12.38s step=303 queue=20 dmax=0.344 | shoulder_pan.pos=-39.96 shoulder_lift.pos=+39.25 elbow_flex.pos=-19.29 wrist_flex.pos=+80.29 wrist_roll.pos=-8.98 gripper.pos=+7.05
DEBUG 2026-09-03 10:06:23 [action #305] t=12.41s step=304 queue=19 dmax=1.175 | shoulder_pan.pos=-39.72 shoulder_lift.pos=+39.70 elbow_flex.pos=-20.46 wrist_flex.pos=+80.53 wrist_roll.pos=-8.93 gripper.pos=+6.80
DEBUG 2026-09-03 10:06:23 [action #306] t=12.44s step=305 queue=18 dmax=0.752 | shoulder_pan.pos=-39.83 shoulder_lift.pos=+39.89 elbow_flex.pos=-21.22 wrist_flex.pos=+80.88 wrist_roll.pos=-8.93 gripper.pos=+6.82
DEBUG 2026-09-03 10:06:23 [action #307] t=12.48s step=306 queue=17 dmax=0.719 | shoulder_pan.pos=-39.95 shoulder_lift.pos=+39.18 elbow_flex.pos=-20.89 wrist_flex.pos=+81.25 wrist_roll.pos=-9.05 gripper.pos=+6.79
DEBUG 2026-09-03 10:06:23 [action #308] t=12.51s step=307 queue=16 dmax=1.708 | shoulder_pan.pos=-39.87 shoulder_lift.pos=+39.62 elbow_flex.pos=-22.60 wrist_flex.pos=+81.66 wrist_roll.pos=-9.15 gripper.pos=+6.81
DEBUG 2026-09-03 10:06:23 [action #309] t=12.54s step=308 queue=15 dmax=1.099 | shoulder_pan.pos=-39.73 shoulder_lift.pos=+39.65 elbow_flex.pos=-23.70 wrist_flex.pos=+82.51 wrist_roll.pos=-9.24 gripper.pos=+6.84
DEBUG 2026-09-03 10:06:23 [action #310] t=12.58s step=309 queue=14 dmax=1.331 | shoulder_pan.pos=-39.66 shoulder_lift.pos=+39.63 elbow_flex.pos=-25.03 wrist_flex.pos=+83.47 wrist_roll.pos=-9.25 gripper.pos=+6.78
DEBUG 2026-09-03 10:06:23 [action #311] t=12.61s step=310 queue=13 dmax=1.165 | shoulder_pan.pos=-39.59 shoulder_lift.pos=+39.37 elbow_flex.pos=-26.20 wrist_flex.pos=+84.41 wrist_roll.pos=-9.30 gripper.pos=+6.67
DEBUG 2026-09-03 10:06:23 [action #312] t=12.64s step=311 queue=12 dmax=1.135 | shoulder_pan.pos=-39.65 shoulder_lift.pos=+39.87 elbow_flex.pos=-27.33 wrist_flex.pos=+85.30 wrist_roll.pos=-9.29 gripper.pos=+6.49
DEBUG 2026-09-03 10:06:23 [action #313] t=12.68s step=312 queue=11 dmax=1.373 | shoulder_pan.pos=-39.81 shoulder_lift.pos=+39.49 elbow_flex.pos=-28.71 wrist_flex.pos=+86.36 wrist_roll.pos=-9.35 gripper.pos=+6.26
DEBUG 2026-09-03 10:06:23 [action #314] t=12.71s step=313 queue=10 dmax=1.106 | shoulder_pan.pos=-39.93 shoulder_lift.pos=+40.28 elbow_flex.pos=-29.81 wrist_flex.pos=+87.14 wrist_roll.pos=-9.47 gripper.pos=+5.79
DEBUG 2026-09-03 10:06:23 [action #315] t=12.74s step=314 queue=9 dmax=0.905 | shoulder_pan.pos=-39.86 shoulder_lift.pos=+40.49 elbow_flex.pos=-30.14 wrist_flex.pos=+88.05 wrist_roll.pos=-9.49 gripper.pos=+5.68
DEBUG 2026-09-03 10:06:23 [action #316] t=12.78s step=315 queue=8 dmax=1.106 | shoulder_pan.pos=-39.96 shoulder_lift.pos=+39.91 elbow_flex.pos=-31.25 wrist_flex.pos=+89.09 wrist_roll.pos=-9.63 gripper.pos=+5.56
DEBUG 2026-09-03 10:06:23 [action #317] t=12.81s step=316 queue=7 dmax=1.540 | shoulder_pan.pos=-39.77 shoulder_lift.pos=+39.71 elbow_flex.pos=-32.79 wrist_flex.pos=+89.91 wrist_roll.pos=-9.63 gripper.pos=+5.72
DEBUG 2026-09-03 10:06:23 [action #318] t=12.84s step=317 queue=6 dmax=1.508 | shoulder_pan.pos=-39.68 shoulder_lift.pos=+39.32 elbow_flex.pos=-34.30 wrist_flex.pos=+91.02 wrist_roll.pos=-9.70 gripper.pos=+5.84
DEBUG 2026-09-03 10:06:24 [action #319] t=12.88s step=318 queue=5 dmax=1.395 | shoulder_pan.pos=-39.79 shoulder_lift.pos=+39.34 elbow_flex.pos=-35.69 wrist_flex.pos=+92.00 wrist_roll.pos=-9.84 gripper.pos=+6.01
DEBUG 2026-09-03 10:06:24 [action #320] t=12.91s step=319 queue=4 dmax=0.983 | shoulder_pan.pos=-39.49 shoulder_lift.pos=+39.10 elbow_flex.pos=-36.67 wrist_flex.pos=+92.92 wrist_roll.pos=-9.79 gripper.pos=+6.18
DEBUG 2026-09-03 10:06:24 [action #321] t=12.94s step=320 queue=3 dmax=1.632 | shoulder_pan.pos=-39.32 shoulder_lift.pos=+38.65 elbow_flex.pos=-38.31 wrist_flex.pos=+94.02 wrist_roll.pos=-9.97 gripper.pos=+6.09
DEBUG 2026-09-03 10:06:24 [action #322] t=12.98s step=321 queue=2 dmax=1.575 | shoulder_pan.pos=-39.40 shoulder_lift.pos=+38.09 elbow_flex.pos=-39.88 wrist_flex.pos=+95.14 wrist_roll.pos=-10.01 gripper.pos=+6.06
DEBUG 2026-09-03 10:06:24 [action #323] t=13.01s step=322 queue=1 dmax=1.173 | shoulder_pan.pos=-39.31 shoulder_lift.pos=+37.94 elbow_flex.pos=-41.05 wrist_flex.pos=+96.13 wrist_roll.pos=-10.17 gripper.pos=+6.06
DEBUG 2026-09-03 10:06:24 [chunk] received 50 actions, timesteps 296..345 | first: shoulder_pan.pos=-38.69 shoulder_lift.pos=+34.14 elbow_flex.pos=-39.88 wrist_flex.pos=+96.75 wrist_roll.pos=-10.73 gripper.pos=+4.32 | last: shoulder_pan.pos=+14.17 shoulder_lift.pos=+2.90 elbow_flex.pos=-36.57 wrist_flex.pos=+97.70 wrist_roll.pos=+0.69 gripper.pos=+4.34
DEBUG 2026-09-03 10:06:24 [action #324] t=13.08s step=323 queue=23 dmax=31.836 | shoulder_pan.pos=-17.64 shoulder_lift.pos=+6.11 elbow_flex.pos=-36.40 wrist_flex.pos=+100.87 wrist_roll.pos=-6.97 gripper.pos=+4.54
DEBUG 2026-09-03 10:06:24 [action #325] t=13.11s step=324 queue=22 dmax=1.582 | shoulder_pan.pos=-16.05 shoulder_lift.pos=+5.51 elbow_flex.pos=-35.69 wrist_flex.pos=+100.95 wrist_roll.pos=-6.68 gripper.pos=+4.52
DEBUG 2026-09-03 10:06:24 [action #326] t=13.14s step=325 queue=21 dmax=1.584 | shoulder_pan.pos=-14.47 shoulder_lift.pos=+5.22 elbow_flex.pos=-36.18 wrist_flex.pos=+100.88 wrist_roll.pos=-6.47 gripper.pos=+4.53
DEBUG 2026-09-03 10:06:24 [action #327] t=13.18s step=326 queue=20 dmax=1.569 | shoulder_pan.pos=-12.90 shoulder_lift.pos=+4.61 elbow_flex.pos=-36.06 wrist_flex.pos=+101.13 wrist_roll.pos=-6.18 gripper.pos=+4.54
DEBUG 2026-09-03 10:06:24 [action #328] t=13.21s step=327 queue=19 dmax=1.502 | shoulder_pan.pos=-11.40 shoulder_lift.pos=+4.65 elbow_flex.pos=-36.28 wrist_flex.pos=+101.20 wrist_roll.pos=-5.76 gripper.pos=+4.38
DEBUG 2026-09-03 10:06:24 [action #329] t=13.24s step=328 queue=18 dmax=1.331 | shoulder_pan.pos=-10.07 shoulder_lift.pos=+4.61 elbow_flex.pos=-36.70 wrist_flex.pos=+101.18 wrist_roll.pos=-5.58 gripper.pos=+4.45
DEBUG 2026-09-03 10:06:24 [action #330] t=13.28s step=329 queue=17 dmax=1.564 | shoulder_pan.pos=-8.50 shoulder_lift.pos=+3.98 elbow_flex.pos=-36.79 wrist_flex.pos=+101.36 wrist_roll.pos=-5.14 gripper.pos=+4.37
DEBUG 2026-09-03 10:06:24 [action #331] t=13.31s step=330 queue=16 dmax=1.468 | shoulder_pan.pos=-7.04 shoulder_lift.pos=+4.29 elbow_flex.pos=-37.50 wrist_flex.pos=+101.52 wrist_roll.pos=-4.95 gripper.pos=+4.38
DEBUG 2026-09-03 10:06:24 [action #332] t=13.34s step=331 queue=15 dmax=1.519 | shoulder_pan.pos=-5.52 shoulder_lift.pos=+3.97 elbow_flex.pos=-37.62 wrist_flex.pos=+101.51 wrist_roll.pos=-4.54 gripper.pos=+4.52
DEBUG 2026-09-03 10:06:24 [action #333] t=13.38s step=332 queue=14 dmax=1.512 | shoulder_pan.pos=-4.01 shoulder_lift.pos=+3.51 elbow_flex.pos=-38.25 wrist_flex.pos=+101.74 wrist_roll.pos=-4.21 gripper.pos=+4.50
DEBUG 2026-09-03 10:06:24 [action #334] t=13.41s step=333 queue=13 dmax=1.705 | shoulder_pan.pos=-2.30 shoulder_lift.pos=+3.91 elbow_flex.pos=-38.06 wrist_flex.pos=+101.58 wrist_roll.pos=-3.77 gripper.pos=+4.45
DEBUG 2026-09-03 10:06:24 [action #335] t=13.45s step=334 queue=12 dmax=1.881 | shoulder_pan.pos=-0.42 shoulder_lift.pos=+3.79 elbow_flex.pos=-38.55 wrist_flex.pos=+101.44 wrist_roll.pos=-3.36 gripper.pos=+4.59
DEBUG 2026-09-03 10:06:24 [action #336] t=13.48s step=335 queue=11 dmax=1.737 | shoulder_pan.pos=+1.32 shoulder_lift.pos=+3.75 elbow_flex.pos=-39.40 wrist_flex.pos=+101.41 wrist_roll.pos=-2.91 gripper.pos=+4.29
DEBUG 2026-09-03 10:06:24 [action #337] t=13.51s step=336 queue=10 dmax=1.723 | shoulder_pan.pos=+3.04 shoulder_lift.pos=+3.64 elbow_flex.pos=-39.32 wrist_flex.pos=+101.27 wrist_roll.pos=-2.35 gripper.pos=+4.31
DEBUG 2026-09-03 10:06:24 [action #338] t=13.55s step=337 queue=9 dmax=1.478 | shoulder_pan.pos=+4.52 shoulder_lift.pos=+3.93 elbow_flex.pos=-39.67 wrist_flex.pos=+100.90 wrist_roll.pos=-1.98 gripper.pos=+4.46
DEBUG 2026-09-03 10:06:24 [action #339] t=13.58s step=338 queue=8 dmax=1.249 | shoulder_pan.pos=+5.77 shoulder_lift.pos=+3.95 elbow_flex.pos=-38.75 wrist_flex.pos=+100.70 wrist_roll.pos=-1.50 gripper.pos=+4.34
DEBUG 2026-09-03 10:06:24 [action #340] t=13.61s step=339 queue=7 dmax=1.511 | shoulder_pan.pos=+7.28 shoulder_lift.pos=+3.43 elbow_flex.pos=-39.08 wrist_flex.pos=+100.21 wrist_roll.pos=-0.96 gripper.pos=+4.40
DEBUG 2026-09-03 10:06:24 [action #341] t=13.65s step=340 queue=6 dmax=1.362 | shoulder_pan.pos=+8.64 shoulder_lift.pos=+3.60 elbow_flex.pos=-38.75 wrist_flex.pos=+99.78 wrist_roll.pos=-0.61 gripper.pos=+4.28
DEBUG 2026-09-03 10:06:24 [action #342] t=13.68s step=341 queue=5 dmax=0.978 | shoulder_pan.pos=+9.62 shoulder_lift.pos=+3.19 elbow_flex.pos=-39.04 wrist_flex.pos=+99.59 wrist_roll.pos=-0.20 gripper.pos=+4.39
DEBUG 2026-09-03 10:06:24 [action #343] t=13.71s step=342 queue=4 dmax=1.413 | shoulder_pan.pos=+11.03 shoulder_lift.pos=+3.31 elbow_flex.pos=-38.16 wrist_flex.pos=+99.26 wrist_roll.pos=+0.21 gripper.pos=+4.24
DEBUG 2026-09-03 10:06:24 [action #344] t=13.75s step=343 queue=3 dmax=0.986 | shoulder_pan.pos=+12.02 shoulder_lift.pos=+3.23 elbow_flex.pos=-37.56 wrist_flex.pos=+98.67 wrist_roll.pos=+0.22 gripper.pos=+4.41
DEBUG 2026-09-03 10:06:24 [action #345] t=13.78s step=344 queue=2 dmax=0.954 | shoulder_pan.pos=+12.97 shoulder_lift.pos=+2.95 elbow_flex.pos=-37.05 wrist_flex.pos=+98.21 wrist_roll.pos=+0.50 gripper.pos=+4.33
DEBUG 2026-09-03 10:06:24 [action #346] t=13.81s step=345 queue=1 dmax=1.203 | shoulder_pan.pos=+14.17 shoulder_lift.pos=+2.90 elbow_flex.pos=-36.57 wrist_flex.pos=+97.70 wrist_roll.pos=+0.69 gripper.pos=+4.34
DEBUG 2026-09-03 10:06:25 [chunk] received 50 actions, timesteps 322..371 | first: shoulder_pan.pos=-35.58 shoulder_lift.pos=+35.28 elbow_flex.pos=-42.54 wrist_flex.pos=+95.22 wrist_roll.pos=-9.44 gripper.pos=+4.32 | last: shoulder_pan.pos=+19.09 shoulder_lift.pos=+1.65 elbow_flex.pos=-28.24 wrist_flex.pos=+94.43 wrist_roll.pos=+1.55 gripper.pos=+3.72
DEBUG 2026-09-03 10:06:25 [action #347] t=14.01s step=346 queue=26 dmax=33.615 | shoulder_pan.pos=-19.44 shoulder_lift.pos=+8.69 elbow_flex.pos=-37.48 wrist_flex.pos=+100.02 wrist_roll.pos=-7.74 gripper.pos=+3.35
DEBUG 2026-09-03 10:06:25 [action #348] t=14.05s step=347 queue=25 dmax=2.009 | shoulder_pan.pos=-17.43 shoulder_lift.pos=+8.23 elbow_flex.pos=-37.75 wrist_flex.pos=+100.10 wrist_roll.pos=-7.44 gripper.pos=+3.42
DEBUG 2026-09-03 10:06:25 [action #349] t=14.08s step=348 queue=24 dmax=1.887 | shoulder_pan.pos=-15.54 shoulder_lift.pos=+7.76 elbow_flex.pos=-38.01 wrist_flex.pos=+100.08 wrist_roll.pos=-7.18 gripper.pos=+3.49
DEBUG 2026-09-03 10:06:25 [action #350] t=14.11s step=349 queue=23 dmax=2.021 | shoulder_pan.pos=-13.52 shoulder_lift.pos=+7.67 elbow_flex.pos=-38.46 wrist_flex.pos=+100.23 wrist_roll.pos=-6.81 gripper.pos=+3.43
DEBUG 2026-09-03 10:06:25 [action #351] t=14.15s step=350 queue=22 dmax=1.988 | shoulder_pan.pos=-11.54 shoulder_lift.pos=+7.78 elbow_flex.pos=-38.89 wrist_flex.pos=+100.17 wrist_roll.pos=-6.32 gripper.pos=+3.39
DEBUG 2026-09-03 10:06:25 [action #352] t=14.18s step=351 queue=21 dmax=1.713 | shoulder_pan.pos=-9.82 shoulder_lift.pos=+7.34 elbow_flex.pos=-38.59 wrist_flex.pos=+100.29 wrist_roll.pos=-5.99 gripper.pos=+3.44
DEBUG 2026-09-03 10:06:25 [action #353] t=14.21s step=352 queue=20 dmax=1.652 | shoulder_pan.pos=-8.17 shoulder_lift.pos=+6.76 elbow_flex.pos=-38.69 wrist_flex.pos=+100.50 wrist_roll.pos=-5.57 gripper.pos=+3.63
DEBUG 2026-09-03 10:06:25 [action #354] t=14.25s step=353 queue=19 dmax=1.541 | shoulder_pan.pos=-6.63 shoulder_lift.pos=+7.04 elbow_flex.pos=-38.90 wrist_flex.pos=+100.34 wrist_roll.pos=-4.94 gripper.pos=+3.31
DEBUG 2026-09-03 10:06:25 [action #355] t=14.28s step=354 queue=18 dmax=1.871 | shoulder_pan.pos=-4.76 shoulder_lift.pos=+6.64 elbow_flex.pos=-38.15 wrist_flex.pos=+100.54 wrist_roll.pos=-4.69 gripper.pos=+3.44
DEBUG 2026-09-03 10:06:25 [action #356] t=14.31s step=355 queue=17 dmax=1.599 | shoulder_pan.pos=-3.16 shoulder_lift.pos=+6.75 elbow_flex.pos=-38.39 wrist_flex.pos=+100.47 wrist_roll.pos=-4.43 gripper.pos=+3.50
DEBUG 2026-09-03 10:06:25 [action #357] t=14.35s step=356 queue=16 dmax=1.254 | shoulder_pan.pos=-1.91 shoulder_lift.pos=+7.11 elbow_flex.pos=-38.14 wrist_flex.pos=+100.82 wrist_roll.pos=-4.13 gripper.pos=+3.58
DEBUG 2026-09-03 10:06:25 [action #358] t=14.38s step=357 queue=15 dmax=1.783 | shoulder_pan.pos=-0.12 shoulder_lift.pos=+6.85 elbow_flex.pos=-38.22 wrist_flex.pos=+100.97 wrist_roll.pos=-3.83 gripper.pos=+3.68
DEBUG 2026-09-03 10:06:25 [action #359] t=14.42s step=358 queue=14 dmax=1.327 | shoulder_pan.pos=+1.20 shoulder_lift.pos=+5.58 elbow_flex.pos=-38.17 wrist_flex.pos=+100.52 wrist_roll.pos=-3.29 gripper.pos=+3.46
DEBUG 2026-09-03 10:06:25 [action #360] t=14.45s step=359 queue=13 dmax=1.447 | shoulder_pan.pos=+2.65 shoulder_lift.pos=+6.11 elbow_flex.pos=-37.67 wrist_flex.pos=+100.77 wrist_roll.pos=-2.79 gripper.pos=+3.57
DEBUG 2026-09-03 10:06:25 [action #361] t=14.48s step=360 queue=12 dmax=1.039 | shoulder_pan.pos=+3.69 shoulder_lift.pos=+5.72 elbow_flex.pos=-37.03 wrist_flex.pos=+100.85 wrist_roll.pos=-2.62 gripper.pos=+3.41
DEBUG 2026-09-03 10:06:25 [action #362] t=14.52s step=361 queue=11 dmax=1.976 | shoulder_pan.pos=+5.67 shoulder_lift.pos=+5.70 elbow_flex.pos=-36.46 wrist_flex.pos=+100.86 wrist_roll.pos=-2.09 gripper.pos=+3.30
DEBUG 2026-09-03 10:06:25 [action #363] t=14.55s step=362 queue=10 dmax=1.208 | shoulder_pan.pos=+6.87 shoulder_lift.pos=+5.92 elbow_flex.pos=-36.68 wrist_flex.pos=+100.75 wrist_roll.pos=-1.74 gripper.pos=+3.49
DEBUG 2026-09-03 10:06:25 [action #364] t=14.58s step=363 queue=9 dmax=1.839 | shoulder_pan.pos=+8.71 shoulder_lift.pos=+5.53 elbow_flex.pos=-35.81 wrist_flex.pos=+100.71 wrist_roll.pos=-1.16 gripper.pos=+3.66
DEBUG 2026-09-03 10:06:25 [action #365] t=14.62s step=364 queue=8 dmax=1.370 | shoulder_pan.pos=+10.08 shoulder_lift.pos=+4.82 elbow_flex.pos=-35.05 wrist_flex.pos=+100.19 wrist_roll.pos=-0.54 gripper.pos=+3.65
DEBUG 2026-09-03 10:06:25 [action #366] t=14.65s step=365 queue=7 dmax=0.946 | shoulder_pan.pos=+11.03 shoulder_lift.pos=+4.87 elbow_flex.pos=-34.32 wrist_flex.pos=+100.00 wrist_roll.pos=-0.03 gripper.pos=+3.42
DEBUG 2026-09-03 10:06:25 [action #367] t=14.68s step=366 queue=6 dmax=1.968 | shoulder_pan.pos=+13.00 shoulder_lift.pos=+4.82 elbow_flex.pos=-33.50 wrist_flex.pos=+99.86 wrist_roll.pos=+0.42 gripper.pos=+3.37
DEBUG 2026-09-03 10:06:25 [action #368] t=14.72s step=367 queue=5 dmax=1.178 | shoulder_pan.pos=+14.18 shoulder_lift.pos=+4.63 elbow_flex.pos=-32.41 wrist_flex.pos=+98.98 wrist_roll.pos=+0.95 gripper.pos=+3.64
DEBUG 2026-09-03 10:06:25 [action #369] t=14.75s step=368 queue=4 dmax=1.367 | shoulder_pan.pos=+15.54 shoulder_lift.pos=+4.52 elbow_flex.pos=-31.49 wrist_flex.pos=+98.06 wrist_roll.pos=+1.20 gripper.pos=+3.49
DEBUG 2026-09-03 10:06:25 [action #370] t=14.78s step=369 queue=3 dmax=1.194 | shoulder_pan.pos=+16.74 shoulder_lift.pos=+4.00 elbow_flex.pos=-30.62 wrist_flex.pos=+97.05 wrist_roll.pos=+1.41 gripper.pos=+3.49
DEBUG 2026-09-03 10:06:25 [action #371] t=14.82s step=370 queue=2 dmax=1.538 | shoulder_pan.pos=+17.85 shoulder_lift.pos=+3.02 elbow_flex.pos=-29.08 wrist_flex.pos=+95.86 wrist_roll.pos=+1.46 gripper.pos=+3.46
DEBUG 2026-09-03 10:06:25 [action #372] t=14.85s step=371 queue=1 dmax=1.434 | shoulder_pan.pos=+19.09 shoulder_lift.pos=+1.65 elbow_flex.pos=-28.24 wrist_flex.pos=+94.43 wrist_roll.pos=+1.55 gripper.pos=+3.72
DEBUG 2026-09-03 10:06:26 [chunk] received 50 actions, timesteps 345..394 | first: shoulder_pan.pos=+17.38 shoulder_lift.pos=+6.82 elbow_flex.pos=-37.40 wrist_flex.pos=+99.46 wrist_roll.pos=+1.44 gripper.pos=+4.44 | last: shoulder_pan.pos=+34.76 shoulder_lift.pos=+18.06 elbow_flex.pos=-19.91 wrist_flex.pos=+62.48 wrist_roll.pos=+3.19 gripper.pos=+5.36
DEBUG 2026-09-03 10:06:26 [action #373] t=14.88s step=372 queue=23 dmax=17.644 | shoulder_pan.pos=+30.99 shoulder_lift.pos=+10.90 elbow_flex.pos=-30.07 wrist_flex.pos=+76.78 wrist_roll.pos=+3.50 gripper.pos=+5.02
DEBUG 2026-09-03 10:06:26 [action #374] t=14.92s step=373 queue=22 dmax=0.883 | shoulder_pan.pos=+30.95 shoulder_lift.pos=+11.76 elbow_flex.pos=-29.42 wrist_flex.pos=+75.90 wrist_roll.pos=+3.41 gripper.pos=+5.05
DEBUG 2026-09-03 10:06:26 [action #375] t=14.95s step=374 queue=21 dmax=1.018 | shoulder_pan.pos=+31.48 shoulder_lift.pos=+12.05 elbow_flex.pos=-28.97 wrist_flex.pos=+74.88 wrist_roll.pos=+3.34 gripper.pos=+5.12
DEBUG 2026-09-03 10:06:26 [action #376] t=14.98s step=375 queue=20 dmax=1.026 | shoulder_pan.pos=+31.42 shoulder_lift.pos=+13.08 elbow_flex.pos=-29.49 wrist_flex.pos=+74.14 wrist_roll.pos=+3.30 gripper.pos=+5.04
DEBUG 2026-09-03 10:06:26 [action #377] t=15.02s step=376 queue=19 dmax=1.087 | shoulder_pan.pos=+31.77 shoulder_lift.pos=+13.66 elbow_flex.pos=-28.62 wrist_flex.pos=+73.05 wrist_roll.pos=+3.43 gripper.pos=+5.07
DEBUG 2026-09-03 10:06:26 [action #378] t=15.05s step=377 queue=18 dmax=0.965 | shoulder_pan.pos=+31.73 shoulder_lift.pos=+14.08 elbow_flex.pos=-27.65 wrist_flex.pos=+72.28 wrist_roll.pos=+3.32 gripper.pos=+5.21
DEBUG 2026-09-03 10:06:26 [action #379] t=15.08s step=378 queue=17 dmax=0.839 | shoulder_pan.pos=+31.77 shoulder_lift.pos=+13.97 elbow_flex.pos=-27.76 wrist_flex.pos=+71.45 wrist_roll.pos=+3.22 gripper.pos=+5.06
DEBUG 2026-09-03 10:06:26 [action #380] t=15.12s step=379 queue=16 dmax=0.812 | shoulder_pan.pos=+32.22 shoulder_lift.pos=+14.78 elbow_flex.pos=-27.52 wrist_flex.pos=+70.66 wrist_roll.pos=+3.39 gripper.pos=+5.19
DEBUG 2026-09-03 10:06:26 [action #381] t=15.15s step=380 queue=15 dmax=1.164 | shoulder_pan.pos=+31.94 shoulder_lift.pos=+14.96 elbow_flex.pos=-26.36 wrist_flex.pos=+69.88 wrist_roll.pos=+3.24 gripper.pos=+5.14
DEBUG 2026-09-03 10:06:26 [action #382] t=15.18s step=381 queue=14 dmax=0.845 | shoulder_pan.pos=+32.35 shoulder_lift.pos=+15.59 elbow_flex.pos=-26.91 wrist_flex.pos=+69.03 wrist_roll.pos=+3.26 gripper.pos=+5.19
DEBUG 2026-09-03 10:06:26 [action #383] t=15.22s step=382 queue=13 dmax=0.565 | shoulder_pan.pos=+32.72 shoulder_lift.pos=+15.82 elbow_flex.pos=-26.54 wrist_flex.pos=+68.47 wrist_roll.pos=+3.15 gripper.pos=+5.24
DEBUG 2026-09-03 10:06:26 [action #384] t=15.25s step=383 queue=12 dmax=0.981 | shoulder_pan.pos=+32.97 shoulder_lift.pos=+16.48 elbow_flex.pos=-25.56 wrist_flex.pos=+67.77 wrist_roll.pos=+3.33 gripper.pos=+5.25
DEBUG 2026-09-03 10:06:26 [action #385] t=15.28s step=384 queue=11 dmax=0.622 | shoulder_pan.pos=+33.19 shoulder_lift.pos=+15.86 elbow_flex.pos=-25.47 wrist_flex.pos=+67.21 wrist_roll.pos=+3.23 gripper.pos=+5.19
DEBUG 2026-09-03 10:06:26 [action #386] t=15.32s step=385 queue=10 dmax=0.577 | shoulder_pan.pos=+33.59 shoulder_lift.pos=+16.34 elbow_flex.pos=-26.05 wrist_flex.pos=+66.74 wrist_roll.pos=+3.23 gripper.pos=+5.12
DEBUG 2026-09-03 10:06:26 [action #387] t=15.35s step=386 queue=9 dmax=2.279 | shoulder_pan.pos=+33.49 shoulder_lift.pos=+17.02 elbow_flex.pos=-23.77 wrist_flex.pos=+66.25 wrist_roll.pos=+3.31 gripper.pos=+5.07
DEBUG 2026-09-03 10:06:26 [action #388] t=15.39s step=387 queue=8 dmax=0.375 | shoulder_pan.pos=+33.82 shoulder_lift.pos=+16.79 elbow_flex.pos=-23.75 wrist_flex.pos=+65.87 wrist_roll.pos=+3.22 gripper.pos=+5.25
DEBUG 2026-09-03 10:06:26 [action #389] t=15.42s step=388 queue=7 dmax=0.741 | shoulder_pan.pos=+34.25 shoulder_lift.pos=+16.82 elbow_flex.pos=-23.01 wrist_flex.pos=+65.26 wrist_roll.pos=+3.32 gripper.pos=+5.24
DEBUG 2026-09-03 10:06:26 [action #390] t=15.45s step=389 queue=6 dmax=0.488 | shoulder_pan.pos=+34.42 shoulder_lift.pos=+16.69 elbow_flex.pos=-22.63 wrist_flex.pos=+64.77 wrist_roll.pos=+3.27 gripper.pos=+5.40
DEBUG 2026-09-03 10:06:26 [action #391] t=15.49s step=390 queue=5 dmax=1.267 | shoulder_pan.pos=+34.12 shoulder_lift.pos=+17.96 elbow_flex.pos=-22.51 wrist_flex.pos=+64.35 wrist_roll.pos=+3.33 gripper.pos=+5.14
DEBUG 2026-09-03 10:06:26 [action #392] t=15.52s step=391 queue=4 dmax=0.735 | shoulder_pan.pos=+34.43 shoulder_lift.pos=+17.29 elbow_flex.pos=-21.97 wrist_flex.pos=+63.61 wrist_roll.pos=+3.17 gripper.pos=+5.17
DEBUG 2026-09-03 10:06:26 [action #393] t=15.55s step=392 queue=3 dmax=0.911 | shoulder_pan.pos=+34.65 shoulder_lift.pos=+17.44 elbow_flex.pos=-21.06 wrist_flex.pos=+63.25 wrist_roll.pos=+3.35 gripper.pos=+5.32
DEBUG 2026-09-03 10:06:26 [action #394] t=15.59s step=393 queue=2 dmax=0.386 | shoulder_pan.pos=+35.03 shoulder_lift.pos=+17.21 elbow_flex.pos=-20.67 wrist_flex.pos=+63.04 wrist_roll.pos=+3.29 gripper.pos=+5.20
DEBUG 2026-09-03 10:06:26 [action #395] t=15.62s step=394 queue=1 dmax=0.852 | shoulder_pan.pos=+34.76 shoulder_lift.pos=+18.06 elbow_flex.pos=-19.91 wrist_flex.pos=+62.48 wrist_roll.pos=+3.19 gripper.pos=+5.36
DEBUG 2026-09-03 10:06:26 [chunk] received 50 actions, timesteps 371..420 | first: shoulder_pan.pos=+19.64 shoulder_lift.pos=+4.11 elbow_flex.pos=-34.84 wrist_flex.pos=+100.15 wrist_roll.pos=+1.61 gripper.pos=+4.90 | last: shoulder_pan.pos=+33.81 shoulder_lift.pos=+23.05 elbow_flex.pos=-20.97 wrist_flex.pos=+58.54 wrist_roll.pos=+2.15 gripper.pos=+4.85
DEBUG 2026-09-03 10:06:26 [action #396] t=15.82s step=395 queue=26 dmax=12.494 | shoulder_pan.pos=+33.29 shoulder_lift.pos=+10.88 elbow_flex.pos=-29.42 wrist_flex.pos=+74.97 wrist_roll.pos=+3.23 gripper.pos=+5.19
DEBUG 2026-09-03 10:06:26 [action #397] t=15.85s step=396 queue=25 dmax=1.350 | shoulder_pan.pos=+33.23 shoulder_lift.pos=+11.38 elbow_flex.pos=-28.07 wrist_flex.pos=+74.09 wrist_roll.pos=+3.16 gripper.pos=+4.79
DEBUG 2026-09-03 10:06:27 [action #398] t=15.89s step=397 queue=24 dmax=0.907 | shoulder_pan.pos=+33.40 shoulder_lift.pos=+12.28 elbow_flex.pos=-28.03 wrist_flex.pos=+73.23 wrist_roll.pos=+3.19 gripper.pos=+5.05
DEBUG 2026-09-03 10:06:27 [action #399] t=15.92s step=398 queue=23 dmax=0.952 | shoulder_pan.pos=+33.41 shoulder_lift.pos=+13.24 elbow_flex.pos=-28.58 wrist_flex.pos=+72.37 wrist_roll.pos=+3.20 gripper.pos=+4.94
DEBUG 2026-09-03 10:06:27 [action #400] t=15.95s step=399 queue=22 dmax=1.106 | shoulder_pan.pos=+33.56 shoulder_lift.pos=+13.73 elbow_flex.pos=-27.47 wrist_flex.pos=+71.39 wrist_roll.pos=+3.07 gripper.pos=+5.00
DEBUG 2026-09-03 10:06:27 [action #401] t=15.99s step=400 queue=21 dmax=0.946 | shoulder_pan.pos=+33.48 shoulder_lift.pos=+14.68 elbow_flex.pos=-27.92 wrist_flex.pos=+70.48 wrist_roll.pos=+3.14 gripper.pos=+5.00
DEBUG 2026-09-03 10:06:27 [action #402] t=16.02s step=401 queue=20 dmax=0.697 | shoulder_pan.pos=+33.55 shoulder_lift.pos=+14.89 elbow_flex.pos=-27.77 wrist_flex.pos=+69.78 wrist_roll.pos=+3.04 gripper.pos=+5.03
DEBUG 2026-09-03 10:06:27 [action #403] t=16.05s step=402 queue=19 dmax=0.778 | shoulder_pan.pos=+33.69 shoulder_lift.pos=+15.30 elbow_flex.pos=-27.71 wrist_flex.pos=+69.01 wrist_roll.pos=+3.06 gripper.pos=+4.96
DEBUG 2026-09-03 10:06:27 [action #404] t=16.09s step=403 queue=18 dmax=0.993 | shoulder_pan.pos=+33.51 shoulder_lift.pos=+16.29 elbow_flex.pos=-28.02 wrist_flex.pos=+68.46 wrist_roll.pos=+2.88 gripper.pos=+5.03
DEBUG 2026-09-03 10:06:27 [action #405] t=16.12s step=404 queue=17 dmax=0.882 | shoulder_pan.pos=+33.34 shoulder_lift.pos=+17.03 elbow_flex.pos=-27.91 wrist_flex.pos=+67.58 wrist_roll.pos=+2.86 gripper.pos=+5.10
DEBUG 2026-09-03 10:06:27 [action #406] t=16.15s step=405 queue=16 dmax=1.191 | shoulder_pan.pos=+33.58 shoulder_lift.pos=+18.22 elbow_flex.pos=-27.26 wrist_flex.pos=+66.82 wrist_roll.pos=+2.73 gripper.pos=+5.11
DEBUG 2026-09-03 10:06:27 [action #407] t=16.19s step=406 queue=15 dmax=0.732 | shoulder_pan.pos=+33.33 shoulder_lift.pos=+18.22 elbow_flex.pos=-27.78 wrist_flex.pos=+66.08 wrist_roll.pos=+2.82 gripper.pos=+4.83
DEBUG 2026-09-03 10:06:27 [action #408] t=16.22s step=407 queue=14 dmax=1.868 | shoulder_pan.pos=+33.27 shoulder_lift.pos=+19.12 elbow_flex.pos=-25.91 wrist_flex.pos=+65.50 wrist_roll.pos=+2.75 gripper.pos=+4.98
DEBUG 2026-09-03 10:06:27 [action #409] t=16.25s step=408 queue=13 dmax=0.952 | shoulder_pan.pos=+33.28 shoulder_lift.pos=+19.16 elbow_flex.pos=-26.86 wrist_flex.pos=+64.70 wrist_roll.pos=+2.74 gripper.pos=+5.07
DEBUG 2026-09-03 10:06:27 [action #410] t=16.29s step=409 queue=12 dmax=0.697 | shoulder_pan.pos=+33.19 shoulder_lift.pos=+19.46 elbow_flex.pos=-26.20 wrist_flex.pos=+64.01 wrist_roll.pos=+2.58 gripper.pos=+4.93
DEBUG 2026-09-03 10:06:27 [action #411] t=16.32s step=410 queue=11 dmax=0.891 | shoulder_pan.pos=+33.12 shoulder_lift.pos=+19.90 elbow_flex.pos=-25.30 wrist_flex.pos=+63.53 wrist_roll.pos=+2.51 gripper.pos=+4.83
DEBUG 2026-09-03 10:06:27 [action #412] t=16.35s step=411 queue=10 dmax=1.020 | shoulder_pan.pos=+33.45 shoulder_lift.pos=+20.15 elbow_flex.pos=-25.27 wrist_flex.pos=+62.51 wrist_roll.pos=+2.35 gripper.pos=+4.88
DEBUG 2026-09-03 10:06:27 [action #413] t=16.39s step=412 queue=9 dmax=0.605 | shoulder_pan.pos=+33.12 shoulder_lift.pos=+20.75 elbow_flex.pos=-24.96 wrist_flex.pos=+62.07 wrist_roll.pos=+2.44 gripper.pos=+4.92
DEBUG 2026-09-03 10:06:27 [action #414] t=16.42s step=413 queue=8 dmax=1.003 | shoulder_pan.pos=+33.26 shoulder_lift.pos=+21.76 elbow_flex.pos=-24.22 wrist_flex.pos=+61.62 wrist_roll.pos=+2.31 gripper.pos=+4.83
DEBUG 2026-09-03 10:06:27 [action #415] t=16.46s step=414 queue=7 dmax=0.553 | shoulder_pan.pos=+33.61 shoulder_lift.pos=+22.15 elbow_flex.pos=-24.77 wrist_flex.pos=+61.07 wrist_roll.pos=+2.39 gripper.pos=+4.75
DEBUG 2026-09-03 10:06:27 [action #416] t=16.49s step=415 queue=6 dmax=0.779 | shoulder_pan.pos=+33.53 shoulder_lift.pos=+22.10 elbow_flex.pos=-23.99 wrist_flex.pos=+60.69 wrist_roll.pos=+2.26 gripper.pos=+4.94
DEBUG 2026-09-03 10:06:27 [action #417] t=16.52s step=416 queue=5 dmax=1.420 | shoulder_pan.pos=+33.60 shoulder_lift.pos=+23.25 elbow_flex.pos=-22.57 wrist_flex.pos=+60.38 wrist_roll.pos=+2.23 gripper.pos=+4.78
DEBUG 2026-09-03 10:06:27 [action #418] t=16.56s step=417 queue=4 dmax=0.480 | shoulder_pan.pos=+33.47 shoulder_lift.pos=+23.24 elbow_flex.pos=-22.39 wrist_flex.pos=+59.90 wrist_roll.pos=+2.23 gripper.pos=+5.05
DEBUG 2026-09-03 10:06:27 [action #419] t=16.59s step=418 queue=3 dmax=0.577 | shoulder_pan.pos=+33.60 shoulder_lift.pos=+23.35 elbow_flex.pos=-22.48 wrist_flex.pos=+59.32 wrist_roll.pos=+2.19 gripper.pos=+4.79
DEBUG 2026-09-03 10:06:27 [action #420] t=16.62s step=419 queue=2 dmax=2.027 | shoulder_pan.pos=+33.97 shoulder_lift.pos=+23.67 elbow_flex.pos=-20.45 wrist_flex.pos=+58.91 wrist_roll.pos=+2.16 gripper.pos=+4.79
DEBUG 2026-09-03 10:06:27 [action #421] t=16.66s step=420 queue=1 dmax=0.624 | shoulder_pan.pos=+33.81 shoulder_lift.pos=+23.05 elbow_flex.pos=-20.97 wrist_flex.pos=+58.54 wrist_roll.pos=+2.15 gripper.pos=+4.85
DEBUG 2026-09-03 10:06:27 [chunk] received 50 actions, timesteps 394..443 | first: shoulder_pan.pos=+31.50 shoulder_lift.pos=+18.72 elbow_flex.pos=-23.15 wrist_flex.pos=+62.20 wrist_roll.pos=+3.17 gripper.pos=+3.98 | last: shoulder_pan.pos=+28.09 shoulder_lift.pos=+17.93 elbow_flex.pos=-29.90 wrist_flex.pos=+90.68 wrist_roll.pos=+6.11 gripper.pos=+36.80
DEBUG 2026-09-03 10:06:27 [action #422] t=16.76s step=421 queue=23 dmax=29.342 | shoulder_pan.pos=+31.33 shoulder_lift.pos=+24.01 elbow_flex.pos=-23.50 wrist_flex.pos=+66.42 wrist_roll.pos=+5.02 gripper.pos=+34.19
DEBUG 2026-09-03 10:06:27 [action #423] t=16.79s step=422 queue=22 dmax=0.569 | shoulder_pan.pos=+31.02 shoulder_lift.pos=+24.54 elbow_flex.pos=-23.46 wrist_flex.pos=+66.99 wrist_roll.pos=+5.10 gripper.pos=+34.74
DEBUG 2026-09-03 10:06:27 [action #424] t=16.82s step=423 queue=21 dmax=0.668 | shoulder_pan.pos=+30.99 shoulder_lift.pos=+24.39 elbow_flex.pos=-23.46 wrist_flex.pos=+67.66 wrist_roll.pos=+5.24 gripper.pos=+35.24
DEBUG 2026-09-03 10:06:27 [action #425] t=16.86s step=424 queue=20 dmax=0.633 | shoulder_pan.pos=+31.05 shoulder_lift.pos=+23.75 elbow_flex.pos=-23.30 wrist_flex.pos=+68.26 wrist_roll.pos=+5.33 gripper.pos=+35.75
DEBUG 2026-09-03 10:06:28 [action #426] t=16.89s step=425 queue=19 dmax=0.623 | shoulder_pan.pos=+30.75 shoulder_lift.pos=+24.02 elbow_flex.pos=-23.32 wrist_flex.pos=+68.89 wrist_roll.pos=+5.36 gripper.pos=+36.17
DEBUG 2026-09-03 10:06:28 [action #427] t=16.92s step=426 queue=18 dmax=0.861 | shoulder_pan.pos=+30.57 shoulder_lift.pos=+23.72 elbow_flex.pos=-23.41 wrist_flex.pos=+69.75 wrist_roll.pos=+5.35 gripper.pos=+36.32
DEBUG 2026-09-03 10:06:28 [action #428] t=16.96s step=427 queue=17 dmax=0.696 | shoulder_pan.pos=+30.57 shoulder_lift.pos=+23.67 elbow_flex.pos=-23.65 wrist_flex.pos=+70.44 wrist_roll.pos=+5.36 gripper.pos=+36.39
DEBUG 2026-09-03 10:06:28 [action #429] t=16.99s step=428 queue=16 dmax=0.729 | shoulder_pan.pos=+30.57 shoulder_lift.pos=+23.30 elbow_flex.pos=-23.38 wrist_flex.pos=+71.17 wrist_roll.pos=+5.45 gripper.pos=+36.43
DEBUG 2026-09-03 10:06:28 [action #430] t=17.02s step=429 queue=15 dmax=0.757 | shoulder_pan.pos=+30.53 shoulder_lift.pos=+23.30 elbow_flex.pos=-23.53 wrist_flex.pos=+71.93 wrist_roll.pos=+5.51 gripper.pos=+36.46
DEBUG 2026-09-03 10:06:28 [action #431] t=17.06s step=430 queue=14 dmax=0.837 | shoulder_pan.pos=+30.46 shoulder_lift.pos=+23.15 elbow_flex.pos=-23.86 wrist_flex.pos=+72.77 wrist_roll.pos=+5.53 gripper.pos=+36.32
DEBUG 2026-09-03 10:06:28 [action #432] t=17.09s step=431 queue=13 dmax=0.893 | shoulder_pan.pos=+30.43 shoulder_lift.pos=+22.98 elbow_flex.pos=-24.07 wrist_flex.pos=+73.66 wrist_roll.pos=+5.62 gripper.pos=+36.40
DEBUG 2026-09-03 10:06:28 [action #433] t=17.12s step=432 queue=12 dmax=1.123 | shoulder_pan.pos=+30.32 shoulder_lift.pos=+22.98 elbow_flex.pos=-24.50 wrist_flex.pos=+74.78 wrist_roll.pos=+5.59 gripper.pos=+36.53
DEBUG 2026-09-03 10:06:28 [action #434] t=17.16s step=433 queue=11 dmax=1.168 | shoulder_pan.pos=+30.08 shoulder_lift.pos=+22.27 elbow_flex.pos=-24.84 wrist_flex.pos=+75.95 wrist_roll.pos=+5.65 gripper.pos=+36.66
DEBUG 2026-09-03 10:06:28 [action #435] t=17.19s step=434 queue=10 dmax=1.311 | shoulder_pan.pos=+29.69 shoulder_lift.pos=+21.51 elbow_flex.pos=-24.73 wrist_flex.pos=+77.26 wrist_roll.pos=+5.74 gripper.pos=+36.82
DEBUG 2026-09-03 10:06:28 [action #436] t=17.22s step=435 queue=9 dmax=1.409 | shoulder_pan.pos=+29.80 shoulder_lift.pos=+21.68 elbow_flex.pos=-25.65 wrist_flex.pos=+78.67 wrist_roll.pos=+5.67 gripper.pos=+36.85
DEBUG 2026-09-03 10:06:28 [action #437] t=17.26s step=436 queue=8 dmax=1.399 | shoulder_pan.pos=+29.68 shoulder_lift.pos=+21.07 elbow_flex.pos=-25.90 wrist_flex.pos=+80.07 wrist_roll.pos=+5.76 gripper.pos=+36.80
DEBUG 2026-09-03 10:06:28 [action #438] t=17.29s step=437 queue=7 dmax=1.420 | shoulder_pan.pos=+29.57 shoulder_lift.pos=+20.98 elbow_flex.pos=-26.35 wrist_flex.pos=+81.49 wrist_roll.pos=+5.77 gripper.pos=+36.90
DEBUG 2026-09-03 10:06:28 [action #439] t=17.32s step=438 queue=6 dmax=1.413 | shoulder_pan.pos=+29.34 shoulder_lift.pos=+20.59 elbow_flex.pos=-26.98 wrist_flex.pos=+82.90 wrist_roll.pos=+5.86 gripper.pos=+36.89
DEBUG 2026-09-03 10:06:28 [action #440] t=17.36s step=439 queue=5 dmax=1.510 | shoulder_pan.pos=+29.34 shoulder_lift.pos=+20.06 elbow_flex.pos=-27.51 wrist_flex.pos=+84.41 wrist_roll.pos=+5.87 gripper.pos=+36.91
DEBUG 2026-09-03 10:06:28 [action #441] t=17.39s step=440 queue=4 dmax=1.623 | shoulder_pan.pos=+29.17 shoulder_lift.pos=+19.59 elbow_flex.pos=-27.85 wrist_flex.pos=+86.04 wrist_roll.pos=+5.94 gripper.pos=+36.89
DEBUG 2026-09-03 10:06:28 [action #442] t=17.42s step=441 queue=3 dmax=1.725 | shoulder_pan.pos=+28.88 shoulder_lift.pos=+19.78 elbow_flex.pos=-28.24 wrist_flex.pos=+87.76 wrist_roll.pos=+5.89 gripper.pos=+36.95
DEBUG 2026-09-03 10:06:28 [action #443] t=17.46s step=442 queue=2 dmax=1.571 | shoulder_pan.pos=+28.58 shoulder_lift.pos=+18.48 elbow_flex.pos=-28.99 wrist_flex.pos=+89.33 wrist_roll.pos=+5.95 gripper.pos=+36.87
DEBUG 2026-09-03 10:06:28 [action #444] t=17.49s step=443 queue=1 dmax=1.353 | shoulder_pan.pos=+28.09 shoulder_lift.pos=+17.93 elbow_flex.pos=-29.90 wrist_flex.pos=+90.68 wrist_roll.pos=+6.11 gripper.pos=+36.80
DEBUG 2026-09-03 10:06:28 [chunk] received 50 actions, timesteps 420..469 | first: shoulder_pan.pos=+31.38 shoulder_lift.pos=+22.18 elbow_flex.pos=-22.49 wrist_flex.pos=+60.49 wrist_roll.pos=+3.49 gripper.pos=+3.88 | last: shoulder_pan.pos=+24.26 shoulder_lift.pos=+16.77 elbow_flex.pos=-30.36 wrist_flex.pos=+89.92 wrist_roll.pos=+5.74 gripper.pos=+38.82
DEBUG 2026-09-03 10:06:28 [action #445] t=17.66s step=444 queue=26 dmax=26.730 | shoulder_pan.pos=+32.46 shoulder_lift.pos=+27.05 elbow_flex.pos=-24.55 wrist_flex.pos=+63.95 wrist_roll.pos=+4.37 gripper.pos=+26.79
DEBUG 2026-09-03 10:06:28 [action #446] t=17.69s step=445 queue=25 dmax=1.743 | shoulder_pan.pos=+32.06 shoulder_lift.pos=+27.34 elbow_flex.pos=-23.96 wrist_flex.pos=+64.30 wrist_roll.pos=+4.42 gripper.pos=+28.53
DEBUG 2026-09-03 10:06:28 [action #447] t=17.73s step=446 queue=24 dmax=1.861 | shoulder_pan.pos=+31.59 shoulder_lift.pos=+27.56 elbow_flex.pos=-23.82 wrist_flex.pos=+64.79 wrist_roll.pos=+4.54 gripper.pos=+30.39
DEBUG 2026-09-03 10:06:28 [action #448] t=17.76s step=447 queue=23 dmax=1.689 | shoulder_pan.pos=+31.47 shoulder_lift.pos=+27.05 elbow_flex.pos=-23.43 wrist_flex.pos=+65.34 wrist_roll.pos=+4.67 gripper.pos=+32.08
DEBUG 2026-09-03 10:06:28 [action #449] t=17.79s step=448 queue=22 dmax=1.355 | shoulder_pan.pos=+31.56 shoulder_lift.pos=+26.84 elbow_flex.pos=-24.60 wrist_flex.pos=+66.05 wrist_roll.pos=+4.76 gripper.pos=+33.44
DEBUG 2026-09-03 10:06:28 [action #450] t=17.83s step=449 queue=21 dmax=0.990 | shoulder_pan.pos=+31.43 shoulder_lift.pos=+26.82 elbow_flex.pos=-24.81 wrist_flex.pos=+66.90 wrist_roll.pos=+4.81 gripper.pos=+34.43
DEBUG 2026-09-03 10:06:28 [action #451] t=17.86s step=450 queue=20 dmax=0.793 | shoulder_pan.pos=+30.97 shoulder_lift.pos=+26.80 elbow_flex.pos=-24.61 wrist_flex.pos=+67.69 wrist_roll.pos=+5.06 gripper.pos=+35.11
DEBUG 2026-09-03 10:06:29 [action #452] t=17.89s step=451 queue=19 dmax=0.613 | shoulder_pan.pos=+30.94 shoulder_lift.pos=+26.39 elbow_flex.pos=-24.32 wrist_flex.pos=+68.30 wrist_roll.pos=+5.30 gripper.pos=+35.43
DEBUG 2026-09-03 10:06:29 [action #453] t=17.93s step=452 queue=18 dmax=0.881 | shoulder_pan.pos=+30.71 shoulder_lift.pos=+26.01 elbow_flex.pos=-24.96 wrist_flex.pos=+69.19 wrist_roll.pos=+5.36 gripper.pos=+35.79
DEBUG 2026-09-03 10:06:29 [action #454] t=17.96s step=453 queue=17 dmax=0.972 | shoulder_pan.pos=+30.60 shoulder_lift.pos=+25.34 elbow_flex.pos=-24.90 wrist_flex.pos=+70.16 wrist_roll.pos=+5.51 gripper.pos=+35.87
DEBUG 2026-09-03 10:06:29 [action #455] t=17.99s step=454 queue=16 dmax=1.167 | shoulder_pan.pos=+30.29 shoulder_lift.pos=+25.67 elbow_flex.pos=-24.91 wrist_flex.pos=+71.33 wrist_roll.pos=+5.47 gripper.pos=+35.88
DEBUG 2026-09-03 10:06:29 [action #456] t=18.03s step=455 queue=15 dmax=1.221 | shoulder_pan.pos=+30.02 shoulder_lift.pos=+24.75 elbow_flex.pos=-25.35 wrist_flex.pos=+72.55 wrist_roll.pos=+5.66 gripper.pos=+35.92
DEBUG 2026-09-03 10:06:29 [action #457] t=18.06s step=456 queue=14 dmax=1.142 | shoulder_pan.pos=+29.53 shoulder_lift.pos=+24.46 elbow_flex.pos=-26.35 wrist_flex.pos=+73.69 wrist_roll.pos=+5.59 gripper.pos=+36.05
DEBUG 2026-09-03 10:06:29 [action #458] t=18.09s step=457 queue=13 dmax=1.460 | shoulder_pan.pos=+29.51 shoulder_lift.pos=+24.81 elbow_flex.pos=-25.79 wrist_flex.pos=+75.15 wrist_roll.pos=+5.60 gripper.pos=+36.10
DEBUG 2026-09-03 10:06:29 [action #459] t=18.13s step=458 queue=12 dmax=1.515 | shoulder_pan.pos=+28.85 shoulder_lift.pos=+23.67 elbow_flex.pos=-27.16 wrist_flex.pos=+76.66 wrist_roll.pos=+5.74 gripper.pos=+36.44
DEBUG 2026-09-03 10:06:29 [action #460] t=18.16s step=459 queue=11 dmax=1.607 | shoulder_pan.pos=+28.78 shoulder_lift.pos=+23.16 elbow_flex.pos=-28.38 wrist_flex.pos=+78.27 wrist_roll.pos=+5.68 gripper.pos=+36.70
DEBUG 2026-09-03 10:06:29 [action #461] t=18.19s step=460 queue=10 dmax=1.781 | shoulder_pan.pos=+28.38 shoulder_lift.pos=+22.44 elbow_flex.pos=-28.52 wrist_flex.pos=+80.05 wrist_roll.pos=+5.68 gripper.pos=+36.79
DEBUG 2026-09-03 10:06:29 [action #462] t=18.23s step=461 queue=9 dmax=1.677 | shoulder_pan.pos=+27.84 shoulder_lift.pos=+21.79 elbow_flex.pos=-29.50 wrist_flex.pos=+81.73 wrist_roll.pos=+5.77 gripper.pos=+36.90
DEBUG 2026-09-03 10:06:29 [action #463] t=18.26s step=462 queue=8 dmax=1.476 | shoulder_pan.pos=+27.44 shoulder_lift.pos=+21.27 elbow_flex.pos=-29.51 wrist_flex.pos=+83.20 wrist_roll.pos=+5.75 gripper.pos=+36.97
DEBUG 2026-09-03 10:06:29 [action #464] t=18.29s step=463 queue=7 dmax=1.306 | shoulder_pan.pos=+26.83 shoulder_lift.pos=+20.58 elbow_flex.pos=-30.30 wrist_flex.pos=+84.51 wrist_roll.pos=+5.73 gripper.pos=+37.12
DEBUG 2026-09-03 10:06:29 [action #465] t=18.33s step=464 queue=6 dmax=1.271 | shoulder_pan.pos=+26.45 shoulder_lift.pos=+20.35 elbow_flex.pos=-30.16 wrist_flex.pos=+85.78 wrist_roll.pos=+5.72 gripper.pos=+37.42
DEBUG 2026-09-03 10:06:29 [action #466] t=18.36s step=465 queue=5 dmax=1.126 | shoulder_pan.pos=+26.11 shoulder_lift.pos=+19.63 elbow_flex.pos=-30.99 wrist_flex.pos=+86.91 wrist_roll.pos=+5.78 gripper.pos=+37.61
DEBUG 2026-09-03 10:06:29 [action #467] t=18.39s step=466 queue=4 dmax=1.109 | shoulder_pan.pos=+25.70 shoulder_lift.pos=+18.83 elbow_flex.pos=-30.89 wrist_flex.pos=+88.02 wrist_roll.pos=+5.91 gripper.pos=+38.15
DEBUG 2026-09-03 10:06:29 [action #468] t=18.43s step=467 queue=3 dmax=0.883 | shoulder_pan.pos=+25.12 shoulder_lift.pos=+18.23 elbow_flex.pos=-30.01 wrist_flex.pos=+88.69 wrist_roll.pos=+5.84 gripper.pos=+38.31
DEBUG 2026-09-03 10:06:29 [action #469] t=18.46s step=468 queue=2 dmax=1.495 | shoulder_pan.pos=+24.62 shoulder_lift.pos=+16.73 elbow_flex.pos=-30.45 wrist_flex.pos=+89.48 wrist_roll.pos=+5.83 gripper.pos=+38.63
DEBUG 2026-09-03 10:06:29 [action #470] t=18.50s step=469 queue=1 dmax=0.436 | shoulder_pan.pos=+24.26 shoulder_lift.pos=+16.77 elbow_flex.pos=-30.36 wrist_flex.pos=+89.92 wrist_roll.pos=+5.74 gripper.pos=+38.82
DEBUG 2026-09-03 10:06:29 [chunk] received 50 actions, timesteps 443..492 | first: shoulder_pan.pos=+23.84 shoulder_lift.pos=+18.10 elbow_flex.pos=-30.37 wrist_flex.pos=+98.49 wrist_roll.pos=+6.30 gripper.pos=+39.54 | last: shoulder_pan.pos=-3.36 shoulder_lift.pos=-67.72 elbow_flex.pos=+65.51 wrist_flex.pos=+63.08 wrist_roll.pos=+6.39 gripper.pos=+1.86
DEBUG 2026-09-03 10:06:29 [action #471] t=18.53s step=470 queue=23 dmax=57.205 | shoulder_pan.pos=+5.05 shoulder_lift.pos=-33.02 elbow_flex.pos=+26.84 wrist_flex.pos=+81.35 wrist_roll.pos=+9.06 gripper.pos=+9.35
DEBUG 2026-09-03 10:06:29 [action #472] t=18.56s step=471 queue=22 dmax=1.794 | shoulder_pan.pos=+4.39 shoulder_lift.pos=-34.63 elbow_flex.pos=+28.64 wrist_flex.pos=+80.42 wrist_roll.pos=+9.21 gripper.pos=+7.61
DEBUG 2026-09-03 10:06:29 [action #473] t=18.60s step=472 queue=21 dmax=2.076 | shoulder_pan.pos=+3.91 shoulder_lift.pos=-36.28 elbow_flex.pos=+30.71 wrist_flex.pos=+79.56 wrist_roll.pos=+9.16 gripper.pos=+5.97
DEBUG 2026-09-03 10:06:29 [action #474] t=18.63s step=473 queue=20 dmax=2.312 | shoulder_pan.pos=+3.54 shoulder_lift.pos=-37.64 elbow_flex.pos=+33.03 wrist_flex.pos=+78.65 wrist_roll.pos=+9.01 gripper.pos=+4.82
DEBUG 2026-09-03 10:06:29 [action #475] t=18.66s step=474 queue=19 dmax=1.625 | shoulder_pan.pos=+3.19 shoulder_lift.pos=-39.27 elbow_flex.pos=+34.54 wrist_flex.pos=+77.65 wrist_roll.pos=+9.06 gripper.pos=+3.79
DEBUG 2026-09-03 10:06:29 [action #476] t=18.70s step=475 queue=18 dmax=2.321 | shoulder_pan.pos=+2.72 shoulder_lift.pos=-40.67 elbow_flex.pos=+36.86 wrist_flex.pos=+76.66 wrist_roll.pos=+9.04 gripper.pos=+3.51
DEBUG 2026-09-03 10:06:29 [action #477] t=18.73s step=476 queue=17 dmax=1.902 | shoulder_pan.pos=+2.31 shoulder_lift.pos=-42.06 elbow_flex.pos=+38.76 wrist_flex.pos=+75.61 wrist_roll.pos=+9.02 gripper.pos=+3.20
DEBUG 2026-09-03 10:06:29 [action #478] t=18.76s step=477 queue=16 dmax=1.828 | shoulder_pan.pos=+1.74 shoulder_lift.pos=-43.22 elbow_flex.pos=+40.59 wrist_flex.pos=+74.58 wrist_roll.pos=+9.02 gripper.pos=+2.97
DEBUG 2026-09-03 10:06:29 [action #479] t=18.80s step=478 queue=15 dmax=2.018 | shoulder_pan.pos=+1.10 shoulder_lift.pos=-45.05 elbow_flex.pos=+42.61 wrist_flex.pos=+73.61 wrist_roll.pos=+8.87 gripper.pos=+2.60
DEBUG 2026-09-03 10:06:29 [action #480] t=18.83s step=479 queue=14 dmax=2.067 | shoulder_pan.pos=+0.57 shoulder_lift.pos=-46.46 elbow_flex.pos=+44.67 wrist_flex.pos=+72.69 wrist_roll.pos=+8.70 gripper.pos=+2.10
DEBUG 2026-09-03 10:06:29 [action #481] t=18.86s step=480 queue=13 dmax=1.739 | shoulder_pan.pos=-0.07 shoulder_lift.pos=-48.08 elbow_flex.pos=+46.41 wrist_flex.pos=+71.79 wrist_roll.pos=+8.70 gripper.pos=+1.83
DEBUG 2026-09-03 10:06:30 [action #482] t=18.90s step=481 queue=12 dmax=1.845 | shoulder_pan.pos=-0.71 shoulder_lift.pos=-49.84 elbow_flex.pos=+48.26 wrist_flex.pos=+70.93 wrist_roll.pos=+8.58 gripper.pos=+1.57
DEBUG 2026-09-03 10:06:30 [action #483] t=18.93s step=482 queue=11 dmax=1.834 | shoulder_pan.pos=-1.26 shoulder_lift.pos=-51.68 elbow_flex.pos=+50.09 wrist_flex.pos=+70.29 wrist_roll.pos=+8.27 gripper.pos=+1.44
DEBUG 2026-09-03 10:06:30 [action #484] t=18.96s step=483 queue=10 dmax=1.501 | shoulder_pan.pos=-1.87 shoulder_lift.pos=-53.00 elbow_flex.pos=+51.59 wrist_flex.pos=+69.55 wrist_roll.pos=+8.00 gripper.pos=+1.55
DEBUG 2026-09-03 10:06:30 [action #485] t=19.00s step=484 queue=9 dmax=1.680 | shoulder_pan.pos=-2.53 shoulder_lift.pos=-54.41 elbow_flex.pos=+53.27 wrist_flex.pos=+69.10 wrist_roll.pos=+7.54 gripper.pos=+1.64
DEBUG 2026-09-03 10:06:30 [action #486] t=19.03s step=485 queue=8 dmax=1.691 | shoulder_pan.pos=-2.87 shoulder_lift.pos=-55.96 elbow_flex.pos=+54.96 wrist_flex.pos=+68.48 wrist_roll.pos=+6.97 gripper.pos=+1.72
DEBUG 2026-09-03 10:06:30 [action #487] t=19.06s step=486 queue=7 dmax=1.620 | shoulder_pan.pos=-3.09 shoulder_lift.pos=-57.58 elbow_flex.pos=+56.12 wrist_flex.pos=+67.72 wrist_roll.pos=+6.56 gripper.pos=+1.71
DEBUG 2026-09-03 10:06:30 [action #488] t=19.10s step=487 queue=6 dmax=1.856 | shoulder_pan.pos=-3.41 shoulder_lift.pos=-59.11 elbow_flex.pos=+57.98 wrist_flex.pos=+67.22 wrist_roll.pos=+6.23 gripper.pos=+1.89
DEBUG 2026-09-03 10:06:30 [action #489] t=19.13s step=488 queue=5 dmax=1.878 | shoulder_pan.pos=-3.18 shoulder_lift.pos=-60.99 elbow_flex.pos=+59.13 wrist_flex.pos=+66.48 wrist_roll.pos=+6.15 gripper.pos=+1.99
DEBUG 2026-09-03 10:06:30 [action #490] t=19.16s step=489 queue=4 dmax=1.991 | shoulder_pan.pos=-3.47 shoulder_lift.pos=-62.84 elbow_flex.pos=+61.12 wrist_flex.pos=+65.65 wrist_roll.pos=+6.19 gripper.pos=+1.98
DEBUG 2026-09-03 10:06:30 [action #491] t=19.20s step=490 queue=3 dmax=2.200 | shoulder_pan.pos=-3.82 shoulder_lift.pos=-64.32 elbow_flex.pos=+63.32 wrist_flex.pos=+64.91 wrist_roll.pos=+6.32 gripper.pos=+2.06
DEBUG 2026-09-03 10:06:30 [action #492] t=19.23s step=491 queue=2 dmax=2.062 | shoulder_pan.pos=-3.56 shoulder_lift.pos=-66.38 elbow_flex.pos=+64.42 wrist_flex.pos=+64.02 wrist_roll.pos=+6.27 gripper.pos=+1.96
DEBUG 2026-09-03 10:06:30 [action #493] t=19.26s step=492 queue=1 dmax=1.337 | shoulder_pan.pos=-3.36 shoulder_lift.pos=-67.72 elbow_flex.pos=+65.51 wrist_flex.pos=+63.08 wrist_roll.pos=+6.39 gripper.pos=+1.86
DEBUG 2026-09-03 10:06:30 [chunk] received 50 actions, timesteps 469..518 | first: shoulder_pan.pos=+21.97 shoulder_lift.pos=+15.44 elbow_flex.pos=-27.30 wrist_flex.pos=+92.72 wrist_roll.pos=+5.92 gripper.pos=+41.52 | last: shoulder_pan.pos=-3.06 shoulder_lift.pos=-61.41 elbow_flex.pos=+60.36 wrist_flex.pos=+64.53 wrist_roll.pos=+5.68 gripper.pos=+2.27
DEBUG 2026-09-03 10:06:30 [action #494] t=19.43s step=493 queue=26 dmax=54.573 | shoulder_pan.pos=+6.41 shoulder_lift.pos=-22.72 elbow_flex.pos=+10.93 wrist_flex.pos=+86.76 wrist_roll.pos=+8.46 gripper.pos=+16.43
DEBUG 2026-09-03 10:06:30 [action #495] t=19.46s step=494 queue=25 dmax=3.165 | shoulder_pan.pos=+5.49 shoulder_lift.pos=-23.41 elbow_flex.pos=+12.29 wrist_flex.pos=+85.95 wrist_roll.pos=+8.32 gripper.pos=+13.26
DEBUG 2026-09-03 10:06:30 [action #496] t=19.50s step=495 queue=24 dmax=2.884 | shoulder_pan.pos=+4.99 shoulder_lift.pos=-25.12 elbow_flex.pos=+14.77 wrist_flex.pos=+85.19 wrist_roll.pos=+8.19 gripper.pos=+10.38
DEBUG 2026-09-03 10:06:30 [action #497] t=19.53s step=496 queue=23 dmax=2.782 | shoulder_pan.pos=+4.23 shoulder_lift.pos=-26.65 elbow_flex.pos=+16.90 wrist_flex.pos=+84.32 wrist_roll.pos=+8.23 gripper.pos=+7.60
DEBUG 2026-09-03 10:06:30 [action #498] t=19.57s step=497 queue=22 dmax=2.006 | shoulder_pan.pos=+3.48 shoulder_lift.pos=-28.02 elbow_flex.pos=+18.91 wrist_flex.pos=+83.43 wrist_roll.pos=+8.17 gripper.pos=+5.96
DEBUG 2026-09-03 10:06:30 [action #499] t=19.60s step=498 queue=21 dmax=2.153 | shoulder_pan.pos=+3.21 shoulder_lift.pos=-30.05 elbow_flex.pos=+21.06 wrist_flex.pos=+82.36 wrist_roll.pos=+8.17 gripper.pos=+5.10
DEBUG 2026-09-03 10:06:30 [action #500] t=19.63s step=499 queue=20 dmax=2.536 | shoulder_pan.pos=+2.71 shoulder_lift.pos=-31.88 elbow_flex.pos=+23.59 wrist_flex.pos=+81.37 wrist_roll.pos=+8.11 gripper.pos=+4.63
DEBUG 2026-09-03 10:06:30 [action #501] t=19.67s step=500 queue=19 dmax=1.804 | shoulder_pan.pos=+2.53 shoulder_lift.pos=-32.57 elbow_flex.pos=+25.40 wrist_flex.pos=+80.56 wrist_roll.pos=+7.91 gripper.pos=+4.46
DEBUG 2026-09-03 10:06:30 [action #502] t=19.70s step=501 queue=18 dmax=2.140 | shoulder_pan.pos=+2.00 shoulder_lift.pos=-34.46 elbow_flex.pos=+27.54 wrist_flex.pos=+79.77 wrist_roll.pos=+7.60 gripper.pos=+4.71
DEBUG 2026-09-03 10:06:30 [action #503] t=19.73s step=502 queue=17 dmax=2.381 | shoulder_pan.pos=+1.61 shoulder_lift.pos=-35.82 elbow_flex.pos=+29.92 wrist_flex.pos=+79.03 wrist_roll.pos=+7.29 gripper.pos=+4.76
DEBUG 2026-09-03 10:06:30 [action #504] t=19.77s step=503 queue=16 dmax=1.946 | shoulder_pan.pos=+1.42 shoulder_lift.pos=-37.77 elbow_flex.pos=+31.72 wrist_flex.pos=+78.17 wrist_roll.pos=+6.81 gripper.pos=+4.75
DEBUG 2026-09-03 10:06:30 [action #505] t=19.80s step=504 queue=15 dmax=1.755 | shoulder_pan.pos=+1.05 shoulder_lift.pos=-39.53 elbow_flex.pos=+33.44 wrist_flex.pos=+77.33 wrist_roll.pos=+6.34 gripper.pos=+4.40
DEBUG 2026-09-03 10:06:30 [action #506] t=19.83s step=505 queue=14 dmax=2.504 | shoulder_pan.pos=+0.75 shoulder_lift.pos=-40.98 elbow_flex.pos=+35.95 wrist_flex.pos=+76.54 wrist_roll.pos=+5.77 gripper.pos=+3.67
DEBUG 2026-09-03 10:06:30 [action #507] t=19.87s step=506 queue=13 dmax=2.214 | shoulder_pan.pos=+0.50 shoulder_lift.pos=-42.10 elbow_flex.pos=+38.16 wrist_flex.pos=+75.42 wrist_roll.pos=+5.86 gripper.pos=+2.95
DEBUG 2026-09-03 10:06:31 [action #508] t=19.90s step=507 queue=12 dmax=1.839 | shoulder_pan.pos=+0.13 shoulder_lift.pos=-43.43 elbow_flex.pos=+40.00 wrist_flex.pos=+74.14 wrist_roll.pos=+6.23 gripper.pos=+2.30
DEBUG 2026-09-03 10:06:31 [action #509] t=19.93s step=508 queue=11 dmax=2.775 | shoulder_pan.pos=-0.25 shoulder_lift.pos=-45.25 elbow_flex.pos=+42.77 wrist_flex.pos=+72.93 wrist_roll.pos=+6.11 gripper.pos=+2.19
DEBUG 2026-09-03 10:06:31 [action #510] t=19.97s step=509 queue=10 dmax=2.239 | shoulder_pan.pos=-0.62 shoulder_lift.pos=-46.67 elbow_flex.pos=+45.01 wrist_flex.pos=+71.46 wrist_roll.pos=+6.38 gripper.pos=+1.97
DEBUG 2026-09-03 10:06:31 [action #511] t=20.00s step=510 queue=9 dmax=2.004 | shoulder_pan.pos=-0.87 shoulder_lift.pos=-48.28 elbow_flex.pos=+47.02 wrist_flex.pos=+70.40 wrist_roll.pos=+6.22 gripper.pos=+2.08
DEBUG 2026-09-03 10:06:31 [action #512] t=20.03s step=511 queue=8 dmax=1.397 | shoulder_pan.pos=-1.24 shoulder_lift.pos=-49.42 elbow_flex.pos=+48.41 wrist_flex.pos=+69.26 wrist_roll.pos=+6.10 gripper.pos=+2.17
DEBUG 2026-09-03 10:06:31 [action #513] t=20.07s step=512 queue=7 dmax=2.707 | shoulder_pan.pos=-1.67 shoulder_lift.pos=-51.34 elbow_flex.pos=+51.12 wrist_flex.pos=+68.04 wrist_roll.pos=+6.08 gripper.pos=+2.20
DEBUG 2026-09-03 10:06:31 [action #514] t=20.10s step=513 queue=6 dmax=1.930 | shoulder_pan.pos=-1.85 shoulder_lift.pos=-52.57 elbow_flex.pos=+53.05 wrist_flex.pos=+67.08 wrist_roll.pos=+5.93 gripper.pos=+2.37
DEBUG 2026-09-03 10:06:31 [action #515] t=20.13s step=514 queue=5 dmax=0.984 | shoulder_pan.pos=-1.99 shoulder_lift.pos=-53.52 elbow_flex.pos=+54.04 wrist_flex.pos=+66.23 wrist_roll.pos=+5.86 gripper.pos=+2.25
DEBUG 2026-09-03 10:06:31 [action #516] t=20.17s step=515 queue=4 dmax=2.222 | shoulder_pan.pos=-2.38 shoulder_lift.pos=-55.74 elbow_flex.pos=+55.48 wrist_flex.pos=+65.73 wrist_roll.pos=+5.64 gripper.pos=+2.21
DEBUG 2026-09-03 10:06:31 [action #517] t=20.20s step=516 queue=3 dmax=1.905 | shoulder_pan.pos=-2.75 shoulder_lift.pos=-57.54 elbow_flex.pos=+57.39 wrist_flex.pos=+65.18 wrist_roll.pos=+5.62 gripper.pos=+2.23
DEBUG 2026-09-03 10:06:31 [action #518] t=20.23s step=517 queue=2 dmax=2.429 | shoulder_pan.pos=-2.75 shoulder_lift.pos=-59.97 elbow_flex.pos=+58.13 wrist_flex.pos=+64.77 wrist_roll.pos=+5.59 gripper.pos=+2.21
DEBUG 2026-09-03 10:06:31 [action #519] t=20.27s step=518 queue=1 dmax=2.225 | shoulder_pan.pos=-3.06 shoulder_lift.pos=-61.41 elbow_flex.pos=+60.36 wrist_flex.pos=+64.53 wrist_roll.pos=+5.68 gripper.pos=+2.27
DEBUG 2026-09-03 10:06:31 [chunk] received 50 actions, timesteps 492..541 | first: shoulder_pan.pos=-3.58 shoulder_lift.pos=-68.86 elbow_flex.pos=+68.28 wrist_flex.pos=+63.38 wrist_roll.pos=+5.28 gripper.pos=+1.22 | last: shoulder_pan.pos=-2.38 shoulder_lift.pos=-103.57 elbow_flex.pos=+90.49 wrist_flex.pos=+77.18 wrist_roll.pos=-0.43 gripper.pos=+0.05
DEBUG 2026-09-03 10:06:31 [action #520] t=20.30s step=519 queue=23 dmax=42.830 | shoulder_pan.pos=-4.84 shoulder_lift.pos=-104.24 elbow_flex.pos=+89.85 wrist_flex.pos=+75.70 wrist_roll.pos=+1.36 gripper.pos=+0.69
DEBUG 2026-09-03 10:06:31 [action #521] t=20.33s step=520 queue=22 dmax=0.800 | shoulder_pan.pos=-4.95 shoulder_lift.pos=-105.04 elbow_flex.pos=+89.83 wrist_flex.pos=+75.90 wrist_roll.pos=+1.35 gripper.pos=+0.55
DEBUG 2026-09-03 10:06:31 [action #522] t=20.37s step=521 queue=21 dmax=0.604 | shoulder_pan.pos=-4.75 shoulder_lift.pos=-104.53 elbow_flex.pos=+89.98 wrist_flex.pos=+76.51 wrist_roll.pos=+1.15 gripper.pos=+0.54
DEBUG 2026-09-03 10:06:31 [action #523] t=20.40s step=522 queue=20 dmax=0.590 | shoulder_pan.pos=-4.72 shoulder_lift.pos=-104.62 elbow_flex.pos=+90.57 wrist_flex.pos=+76.76 wrist_roll.pos=+1.05 gripper.pos=+0.39
DEBUG 2026-09-03 10:06:31 [action #524] t=20.43s step=523 queue=19 dmax=0.566 | shoulder_pan.pos=-4.45 shoulder_lift.pos=-104.47 elbow_flex.pos=+90.05 wrist_flex.pos=+76.69 wrist_roll.pos=+0.49 gripper.pos=+0.41
DEBUG 2026-09-03 10:06:31 [action #525] t=20.47s step=524 queue=18 dmax=0.454 | shoulder_pan.pos=-4.35 shoulder_lift.pos=-104.20 elbow_flex.pos=+89.60 wrist_flex.pos=+76.61 wrist_roll.pos=+0.15 gripper.pos=+0.49
DEBUG 2026-09-03 10:06:31 [action #526] t=20.50s step=525 queue=17 dmax=0.779 | shoulder_pan.pos=-4.38 shoulder_lift.pos=-103.77 elbow_flex.pos=+90.38 wrist_flex.pos=+76.62 wrist_roll.pos=-0.30 gripper.pos=+0.36
DEBUG 2026-09-03 10:06:31 [action #527] t=20.53s step=526 queue=16 dmax=0.263 | shoulder_pan.pos=-4.26 shoulder_lift.pos=-103.56 elbow_flex.pos=+90.64 wrist_flex.pos=+76.60 wrist_roll.pos=-0.31 gripper.pos=+0.37
DEBUG 2026-09-03 10:06:31 [action #528] t=20.57s step=527 queue=15 dmax=0.182 | shoulder_pan.pos=-4.16 shoulder_lift.pos=-103.38 elbow_flex.pos=+90.53 wrist_flex.pos=+76.76 wrist_roll.pos=-0.45 gripper.pos=+0.38
DEBUG 2026-09-03 10:06:31 [action #529] t=20.60s step=528 queue=14 dmax=0.314 | shoulder_pan.pos=-4.20 shoulder_lift.pos=-103.21 elbow_flex.pos=+90.22 wrist_flex.pos=+76.88 wrist_roll.pos=-0.30 gripper.pos=+0.40
DEBUG 2026-09-03 10:06:31 [action #530] t=20.63s step=529 queue=13 dmax=0.391 | shoulder_pan.pos=-4.16 shoulder_lift.pos=-103.60 elbow_flex.pos=+90.61 wrist_flex.pos=+77.06 wrist_roll.pos=-0.24 gripper.pos=+0.47
DEBUG 2026-09-03 10:06:31 [action #531] t=20.67s step=530 queue=12 dmax=0.277 | shoulder_pan.pos=-3.98 shoulder_lift.pos=-103.88 elbow_flex.pos=+90.40 wrist_flex.pos=+77.01 wrist_roll.pos=-0.32 gripper.pos=+0.49
DEBUG 2026-09-03 10:06:31 [action #532] t=20.70s step=531 queue=11 dmax=0.461 | shoulder_pan.pos=-4.00 shoulder_lift.pos=-103.42 elbow_flex.pos=+90.35 wrist_flex.pos=+76.95 wrist_roll.pos=-0.51 gripper.pos=+0.41
DEBUG 2026-09-03 10:06:31 [action #533] t=20.74s step=532 queue=10 dmax=0.785 | shoulder_pan.pos=-4.15 shoulder_lift.pos=-104.20 elbow_flex.pos=+90.58 wrist_flex.pos=+76.90 wrist_roll.pos=-0.61 gripper.pos=+0.37
DEBUG 2026-09-03 10:06:31 [action #534] t=20.77s step=533 queue=9 dmax=0.426 | shoulder_pan.pos=-3.86 shoulder_lift.pos=-103.92 elbow_flex.pos=+91.01 wrist_flex.pos=+77.00 wrist_roll.pos=-0.87 gripper.pos=+0.41
DEBUG 2026-09-03 10:06:31 [action #535] t=20.80s step=534 queue=8 dmax=0.565 | shoulder_pan.pos=-3.74 shoulder_lift.pos=-103.35 elbow_flex.pos=+90.53 wrist_flex.pos=+76.84 wrist_roll.pos=-0.87 gripper.pos=+0.30
DEBUG 2026-09-03 10:06:31 [action #536] t=20.84s step=535 queue=7 dmax=0.287 | shoulder_pan.pos=-3.59 shoulder_lift.pos=-103.11 elbow_flex.pos=+90.81 wrist_flex.pos=+77.09 wrist_roll.pos=-0.82 gripper.pos=+0.27
DEBUG 2026-09-03 10:06:32 [action #537] t=20.87s step=536 queue=6 dmax=0.638 | shoulder_pan.pos=-3.41 shoulder_lift.pos=-103.75 elbow_flex.pos=+90.54 wrist_flex.pos=+77.15 wrist_roll.pos=-0.75 gripper.pos=+0.27
DEBUG 2026-09-03 10:06:32 [action #538] t=20.90s step=537 queue=5 dmax=0.414 | shoulder_pan.pos=-3.14 shoulder_lift.pos=-103.73 elbow_flex.pos=+90.12 wrist_flex.pos=+77.12 wrist_roll.pos=-0.53 gripper.pos=+0.17
DEBUG 2026-09-03 10:06:32 [action #539] t=20.94s step=538 queue=4 dmax=0.361 | shoulder_pan.pos=-2.78 shoulder_lift.pos=-103.54 elbow_flex.pos=+90.48 wrist_flex.pos=+77.12 wrist_roll.pos=-0.64 gripper.pos=+0.13
DEBUG 2026-09-03 10:06:32 [action #540] t=20.97s step=539 queue=3 dmax=0.227 | shoulder_pan.pos=-2.85 shoulder_lift.pos=-103.53 elbow_flex.pos=+90.42 wrist_flex.pos=+77.35 wrist_roll.pos=-0.59 gripper.pos=+0.23
DEBUG 2026-09-03 10:06:32 [action #541] t=21.00s step=540 queue=2 dmax=0.920 | shoulder_pan.pos=-2.68 shoulder_lift.pos=-104.45 elbow_flex.pos=+91.24 wrist_flex.pos=+77.24 wrist_roll.pos=-0.42 gripper.pos=+0.26
DEBUG 2026-09-03 10:06:32 [action #542] t=21.04s step=541 queue=1 dmax=0.877 | shoulder_pan.pos=-2.38 shoulder_lift.pos=-103.57 elbow_flex.pos=+90.49 wrist_flex.pos=+77.18 wrist_roll.pos=-0.43 gripper.pos=+0.05
DEBUG 2026-09-03 10:06:32 [chunk] received 50 actions, timesteps 518..567 | first: shoulder_pan.pos=-2.69 shoulder_lift.pos=-58.52 elbow_flex.pos=+59.38 wrist_flex.pos=+64.96 wrist_roll.pos=+4.00 gripper.pos=+1.34 | last: shoulder_pan.pos=-4.11 shoulder_lift.pos=-103.13 elbow_flex.pos=+90.90 wrist_flex.pos=+79.21 wrist_roll.pos=+0.84 gripper.pos=+0.45
DEBUG 2026-09-03 10:06:32 [action #543] t=21.14s step=542 queue=26 dmax=10.792 | shoulder_pan.pos=-2.16 shoulder_lift.pos=-97.53 elbow_flex.pos=+88.73 wrist_flex.pos=+66.39 wrist_roll.pos=+1.75 gripper.pos=+0.50
DEBUG 2026-09-03 10:06:32 [action #544] t=21.17s step=543 queue=25 dmax=1.938 | shoulder_pan.pos=-2.12 shoulder_lift.pos=-99.47 elbow_flex.pos=+89.74 wrist_flex.pos=+67.19 wrist_roll.pos=+1.69 gripper.pos=+0.48
DEBUG 2026-09-03 10:06:32 [action #545] t=21.20s step=544 queue=24 dmax=0.946 | shoulder_pan.pos=-2.55 shoulder_lift.pos=-99.84 elbow_flex.pos=+90.03 wrist_flex.pos=+68.13 wrist_roll.pos=+1.61 gripper.pos=+0.42
DEBUG 2026-09-03 10:06:32 [action #546] t=21.24s step=545 queue=23 dmax=1.583 | shoulder_pan.pos=-2.89 shoulder_lift.pos=-101.43 elbow_flex.pos=+90.01 wrist_flex.pos=+69.33 wrist_roll.pos=+1.64 gripper.pos=+0.42
DEBUG 2026-09-03 10:06:32 [action #547] t=21.27s step=546 queue=22 dmax=1.321 | shoulder_pan.pos=-2.92 shoulder_lift.pos=-102.75 elbow_flex.pos=+90.25 wrist_flex.pos=+70.63 wrist_roll.pos=+1.52 gripper.pos=+0.37
DEBUG 2026-09-03 10:06:32 [action #548] t=21.30s step=547 queue=21 dmax=1.299 | shoulder_pan.pos=-3.27 shoulder_lift.pos=-103.16 elbow_flex.pos=+90.40 wrist_flex.pos=+71.93 wrist_roll.pos=+1.48 gripper.pos=+0.35
DEBUG 2026-09-03 10:06:32 [action #549] t=21.34s step=548 queue=20 dmax=1.122 | shoulder_pan.pos=-3.39 shoulder_lift.pos=-104.19 elbow_flex.pos=+90.74 wrist_flex.pos=+73.05 wrist_roll.pos=+1.48 gripper.pos=+0.29
DEBUG 2026-09-03 10:06:32 [action #550] t=21.37s step=549 queue=19 dmax=0.967 | shoulder_pan.pos=-3.41 shoulder_lift.pos=-104.46 elbow_flex.pos=+91.04 wrist_flex.pos=+74.01 wrist_roll.pos=+1.50 gripper.pos=+0.34
DEBUG 2026-09-03 10:06:32 [action #551] t=21.40s step=550 queue=18 dmax=0.917 | shoulder_pan.pos=-3.43 shoulder_lift.pos=-104.36 elbow_flex.pos=+90.75 wrist_flex.pos=+74.93 wrist_roll.pos=+1.53 gripper.pos=+0.34
DEBUG 2026-09-03 10:06:32 [action #552] t=21.44s step=551 queue=17 dmax=0.878 | shoulder_pan.pos=-3.58 shoulder_lift.pos=-104.08 elbow_flex.pos=+90.54 wrist_flex.pos=+75.81 wrist_roll.pos=+1.49 gripper.pos=+0.29
DEBUG 2026-09-03 10:06:32 [action #553] t=21.47s step=552 queue=16 dmax=0.691 | shoulder_pan.pos=-3.40 shoulder_lift.pos=-104.01 elbow_flex.pos=+90.37 wrist_flex.pos=+76.50 wrist_roll.pos=+1.53 gripper.pos=+0.41
DEBUG 2026-09-03 10:06:32 [action #554] t=21.50s step=553 queue=15 dmax=0.562 | shoulder_pan.pos=-3.76 shoulder_lift.pos=-103.45 elbow_flex.pos=+90.80 wrist_flex.pos=+76.81 wrist_roll.pos=+1.46 gripper.pos=+0.38
DEBUG 2026-09-03 10:06:32 [action #555] t=21.54s step=554 queue=14 dmax=0.428 | shoulder_pan.pos=-3.72 shoulder_lift.pos=-103.02 elbow_flex.pos=+90.92 wrist_flex.pos=+76.98 wrist_roll.pos=+1.53 gripper.pos=+0.35
DEBUG 2026-09-03 10:06:32 [action #556] t=21.57s step=555 queue=13 dmax=0.364 | shoulder_pan.pos=-3.81 shoulder_lift.pos=-102.66 elbow_flex.pos=+90.71 wrist_flex.pos=+77.23 wrist_roll.pos=+1.46 gripper.pos=+0.42
DEBUG 2026-09-03 10:06:32 [action #557] t=21.60s step=556 queue=12 dmax=0.250 | shoulder_pan.pos=-3.64 shoulder_lift.pos=-102.91 elbow_flex.pos=+90.90 wrist_flex.pos=+77.45 wrist_roll.pos=+1.47 gripper.pos=+0.44
DEBUG 2026-09-03 10:06:32 [action #558] t=21.64s step=557 queue=11 dmax=0.245 | shoulder_pan.pos=-3.60 shoulder_lift.pos=-102.86 elbow_flex.pos=+90.66 wrist_flex.pos=+77.60 wrist_roll.pos=+1.61 gripper.pos=+0.38
DEBUG 2026-09-03 10:06:32 [action #559] t=21.67s step=558 queue=10 dmax=0.467 | shoulder_pan.pos=-3.76 shoulder_lift.pos=-102.40 elbow_flex.pos=+90.57 wrist_flex.pos=+78.06 wrist_roll.pos=+1.40 gripper.pos=+0.47
DEBUG 2026-09-03 10:06:32 [action #560] t=21.70s step=559 queue=9 dmax=0.414 | shoulder_pan.pos=-3.91 shoulder_lift.pos=-102.72 elbow_flex.pos=+90.43 wrist_flex.pos=+78.47 wrist_roll.pos=+1.36 gripper.pos=+0.46
DEBUG 2026-09-03 10:06:32 [action #561] t=21.74s step=560 queue=8 dmax=0.354 | shoulder_pan.pos=-3.88 shoulder_lift.pos=-103.07 elbow_flex.pos=+90.74 wrist_flex.pos=+78.70 wrist_roll.pos=+1.36 gripper.pos=+0.41
DEBUG 2026-09-03 10:06:32 [action #562] t=21.77s step=561 queue=7 dmax=0.506 | shoulder_pan.pos=-3.92 shoulder_lift.pos=-102.57 elbow_flex.pos=+90.87 wrist_flex.pos=+78.89 wrist_roll.pos=+1.43 gripper.pos=+0.41
DEBUG 2026-09-03 10:06:32 [action #563] t=21.81s step=562 queue=6 dmax=0.423 | shoulder_pan.pos=-4.07 shoulder_lift.pos=-102.99 elbow_flex.pos=+91.05 wrist_flex.pos=+79.07 wrist_roll.pos=+1.37 gripper.pos=+0.48
DEBUG 2026-09-03 10:06:32 [action #564] t=21.84s step=563 queue=5 dmax=0.293 | shoulder_pan.pos=-4.15 shoulder_lift.pos=-102.70 elbow_flex.pos=+90.76 wrist_flex.pos=+79.15 wrist_roll.pos=+1.29 gripper.pos=+0.53
DEBUG 2026-09-03 10:06:33 [action #565] t=21.87s step=564 queue=4 dmax=0.303 | shoulder_pan.pos=-4.19 shoulder_lift.pos=-102.91 elbow_flex.pos=+91.06 wrist_flex.pos=+79.24 wrist_roll.pos=+1.22 gripper.pos=+0.54
DEBUG 2026-09-03 10:06:33 [action #566] t=21.91s step=565 queue=3 dmax=0.231 | shoulder_pan.pos=-4.20 shoulder_lift.pos=-103.14 elbow_flex.pos=+91.05 wrist_flex.pos=+79.27 wrist_roll.pos=+1.03 gripper.pos=+0.59
DEBUG 2026-09-03 10:06:33 [action #567] t=21.94s step=566 queue=2 dmax=0.357 | shoulder_pan.pos=-4.15 shoulder_lift.pos=-102.79 elbow_flex.pos=+90.83 wrist_flex.pos=+79.32 wrist_roll.pos=+0.90 gripper.pos=+0.59
DEBUG 2026-09-03 10:06:33 [action #568] t=21.97s step=567 queue=1 dmax=0.341 | shoulder_pan.pos=-4.11 shoulder_lift.pos=-103.13 elbow_flex.pos=+90.90 wrist_flex.pos=+79.21 wrist_roll.pos=+0.84 gripper.pos=+0.45
DEBUG 2026-09-03 10:06:33 [chunk] received 50 actions, timesteps 541..590 | first: shoulder_pan.pos=-2.37 shoulder_lift.pos=-102.74 elbow_flex.pos=+89.92 wrist_flex.pos=+77.15 wrist_roll.pos=-0.46 gripper.pos=+0.46 | last: shoulder_pan.pos=-2.70 shoulder_lift.pos=-102.24 elbow_flex.pos=+89.13 wrist_flex.pos=+77.69 wrist_roll.pos=-0.40 gripper.pos=+0.49
DEBUG 2026-09-03 10:06:33 [action #569] t=22.04s step=568 queue=23 dmax=1.839 | shoulder_pan.pos=-2.89 shoulder_lift.pos=-102.94 elbow_flex.pos=+89.55 wrist_flex.pos=+77.38 wrist_roll.pos=-0.56 gripper.pos=+0.42
DEBUG 2026-09-03 10:06:33 [action #570] t=22.07s step=569 queue=22 dmax=0.331 | shoulder_pan.pos=-2.79 shoulder_lift.pos=-102.63 elbow_flex.pos=+89.22 wrist_flex.pos=+77.51 wrist_roll.pos=-0.40 gripper.pos=+0.37
DEBUG 2026-09-03 10:06:33 [action #571] t=22.11s step=570 queue=21 dmax=0.300 | shoulder_pan.pos=-2.64 shoulder_lift.pos=-102.33 elbow_flex.pos=+89.21 wrist_flex.pos=+77.78 wrist_roll.pos=-0.35 gripper.pos=+0.51
DEBUG 2026-09-03 10:06:33 [action #572] t=22.14s step=571 queue=20 dmax=0.313 | shoulder_pan.pos=-2.81 shoulder_lift.pos=-102.55 elbow_flex.pos=+89.48 wrist_flex.pos=+77.47 wrist_roll.pos=-0.39 gripper.pos=+0.50
DEBUG 2026-09-03 10:06:33 [action #573] t=22.17s step=572 queue=19 dmax=0.122 | shoulder_pan.pos=-2.69 shoulder_lift.pos=-102.62 elbow_flex.pos=+89.36 wrist_flex.pos=+77.54 wrist_roll.pos=-0.51 gripper.pos=+0.46
DEBUG 2026-09-03 10:06:33 [action #574] t=22.21s step=573 queue=18 dmax=0.586 | shoulder_pan.pos=-2.73 shoulder_lift.pos=-102.03 elbow_flex.pos=+89.35 wrist_flex.pos=+77.49 wrist_roll.pos=-0.35 gripper.pos=+0.38
DEBUG 2026-09-03 10:06:33 [action #575] t=22.24s step=574 queue=17 dmax=0.448 | shoulder_pan.pos=-2.69 shoulder_lift.pos=-102.48 elbow_flex.pos=+89.32 wrist_flex.pos=+77.54 wrist_roll.pos=-0.51 gripper.pos=+0.45
DEBUG 2026-09-03 10:06:33 [action #576] t=22.27s step=575 queue=16 dmax=0.188 | shoulder_pan.pos=-2.69 shoulder_lift.pos=-102.51 elbow_flex.pos=+89.31 wrist_flex.pos=+77.49 wrist_roll.pos=-0.32 gripper.pos=+0.35
DEBUG 2026-09-03 10:06:33 [action #577] t=22.31s step=576 queue=15 dmax=0.306 | shoulder_pan.pos=-2.69 shoulder_lift.pos=-102.81 elbow_flex.pos=+89.23 wrist_flex.pos=+77.60 wrist_roll.pos=-0.38 gripper.pos=+0.33
DEBUG 2026-09-03 10:06:33 [action #578] t=22.34s step=577 queue=14 dmax=0.381 | shoulder_pan.pos=-2.86 shoulder_lift.pos=-102.94 elbow_flex.pos=+89.61 wrist_flex.pos=+77.54 wrist_roll.pos=-0.37 gripper.pos=+0.29
DEBUG 2026-09-03 10:06:33 [action #579] t=22.37s step=578 queue=13 dmax=0.367 | shoulder_pan.pos=-2.85 shoulder_lift.pos=-102.57 elbow_flex.pos=+89.60 wrist_flex.pos=+77.75 wrist_roll.pos=-0.36 gripper.pos=+0.32
DEBUG 2026-09-03 10:06:33 [action #580] t=22.41s step=579 queue=12 dmax=0.490 | shoulder_pan.pos=-2.73 shoulder_lift.pos=-102.57 elbow_flex.pos=+90.09 wrist_flex.pos=+77.66 wrist_roll.pos=-0.41 gripper.pos=+0.35
DEBUG 2026-09-03 10:06:33 [action #581] t=22.44s step=580 queue=11 dmax=0.862 | shoulder_pan.pos=-2.85 shoulder_lift.pos=-102.31 elbow_flex.pos=+89.22 wrist_flex.pos=+77.51 wrist_roll.pos=-0.35 gripper.pos=+0.41
DEBUG 2026-09-03 10:06:33 [action #582] t=22.47s step=581 queue=10 dmax=0.161 | shoulder_pan.pos=-2.84 shoulder_lift.pos=-102.14 elbow_flex.pos=+89.19 wrist_flex.pos=+77.56 wrist_roll.pos=-0.39 gripper.pos=+0.35
DEBUG 2026-09-03 10:06:33 [action #583] t=22.51s step=582 queue=9 dmax=0.378 | shoulder_pan.pos=-2.74 shoulder_lift.pos=-102.52 elbow_flex.pos=+89.47 wrist_flex.pos=+77.63 wrist_roll.pos=-0.42 gripper.pos=+0.42
DEBUG 2026-09-03 10:06:33 [action #584] t=22.54s step=583 queue=8 dmax=0.601 | shoulder_pan.pos=-2.72 shoulder_lift.pos=-102.42 elbow_flex.pos=+88.87 wrist_flex.pos=+77.41 wrist_roll.pos=-0.41 gripper.pos=+0.43
DEBUG 2026-09-03 10:06:33 [action #585] t=22.57s step=584 queue=7 dmax=0.542 | shoulder_pan.pos=-2.70 shoulder_lift.pos=-102.70 elbow_flex.pos=+89.41 wrist_flex.pos=+77.61 wrist_roll.pos=-0.37 gripper.pos=+0.31
DEBUG 2026-09-03 10:06:33 [action #586] t=22.61s step=585 queue=6 dmax=0.349 | shoulder_pan.pos=-2.67 shoulder_lift.pos=-102.35 elbow_flex.pos=+89.68 wrist_flex.pos=+77.95 wrist_roll.pos=-0.28 gripper.pos=+0.45
DEBUG 2026-09-03 10:06:33 [action #587] t=22.64s step=586 queue=5 dmax=0.320 | shoulder_pan.pos=-2.69 shoulder_lift.pos=-102.67 elbow_flex.pos=+89.55 wrist_flex.pos=+77.89 wrist_roll.pos=-0.40 gripper.pos=+0.42
DEBUG 2026-09-03 10:06:33 [action #588] t=22.67s step=587 queue=4 dmax=0.750 | shoulder_pan.pos=-2.64 shoulder_lift.pos=-101.92 elbow_flex.pos=+89.22 wrist_flex.pos=+77.65 wrist_roll.pos=-0.38 gripper.pos=+0.43
DEBUG 2026-09-03 10:06:33 [action #589] t=22.71s step=588 queue=3 dmax=0.501 | shoulder_pan.pos=-2.64 shoulder_lift.pos=-101.86 elbow_flex.pos=+89.72 wrist_flex.pos=+77.73 wrist_roll.pos=-0.41 gripper.pos=+0.38
DEBUG 2026-09-03 10:06:33 [action #590] t=22.74s step=589 queue=2 dmax=0.356 | shoulder_pan.pos=-2.75 shoulder_lift.pos=-102.22 elbow_flex.pos=+89.59 wrist_flex.pos=+77.78 wrist_roll.pos=-0.33 gripper.pos=+0.36
DEBUG 2026-09-03 10:06:33 [action #591] t=22.77s step=590 queue=1 dmax=0.457 | shoulder_pan.pos=-2.70 shoulder_lift.pos=-102.24 elbow_flex.pos=+89.13 wrist_flex.pos=+77.69 wrist_roll.pos=-0.40 gripper.pos=+0.49
DEBUG 2026-09-03 10:06:34 [chunk] received 50 actions, timesteps 567..616 | first: shoulder_pan.pos=-3.98 shoulder_lift.pos=-102.11 elbow_flex.pos=+89.55 wrist_flex.pos=+78.07 wrist_roll.pos=+0.56 gripper.pos=+0.44 | last: shoulder_pan.pos=-4.14 shoulder_lift.pos=-102.95 elbow_flex.pos=+88.65 wrist_flex.pos=+78.17 wrist_roll.pos=+0.81 gripper.pos=+0.35
DEBUG 2026-09-03 10:06:34 [action #592] t=22.94s step=591 queue=26 dmax=1.545 | shoulder_pan.pos=-4.25 shoulder_lift.pos=-101.90 elbow_flex.pos=+89.82 wrist_flex.pos=+77.93 wrist_roll.pos=+0.59 gripper.pos=+0.58
DEBUG 2026-09-03 10:06:34 [action #593] t=22.98s step=592 queue=25 dmax=0.987 | shoulder_pan.pos=-3.66 shoulder_lift.pos=-102.59 elbow_flex.pos=+88.83 wrist_flex.pos=+77.93 wrist_roll.pos=+0.57 gripper.pos=+0.44
DEBUG 2026-09-03 10:06:34 [action #594] t=23.01s step=593 queue=24 dmax=0.152 | shoulder_pan.pos=-3.81 shoulder_lift.pos=-102.53 elbow_flex.pos=+88.98 wrist_flex.pos=+77.82 wrist_roll.pos=+0.72 gripper.pos=+0.45
DEBUG 2026-09-03 10:06:34 [action #595] t=23.04s step=594 queue=23 dmax=0.273 | shoulder_pan.pos=-3.98 shoulder_lift.pos=-102.45 elbow_flex.pos=+88.96 wrist_flex.pos=+78.09 wrist_roll.pos=+0.67 gripper.pos=+0.55
DEBUG 2026-09-03 10:06:34 [action #596] t=23.08s step=595 queue=22 dmax=0.552 | shoulder_pan.pos=-4.28 shoulder_lift.pos=-101.93 elbow_flex.pos=+89.52 wrist_flex.pos=+78.09 wrist_roll.pos=+0.80 gripper.pos=+0.45
DEBUG 2026-09-03 10:06:34 [action #597] t=23.11s step=596 queue=21 dmax=0.568 | shoulder_pan.pos=-4.02 shoulder_lift.pos=-102.01 elbow_flex.pos=+88.95 wrist_flex.pos=+77.81 wrist_roll.pos=+0.63 gripper.pos=+0.46
DEBUG 2026-09-03 10:06:34 [action #598] t=23.14s step=597 queue=20 dmax=0.787 | shoulder_pan.pos=-4.00 shoulder_lift.pos=-102.80 elbow_flex.pos=+89.02 wrist_flex.pos=+77.96 wrist_roll.pos=+0.66 gripper.pos=+0.45
DEBUG 2026-09-03 10:06:34 [action #599] t=23.18s step=598 queue=19 dmax=0.216 | shoulder_pan.pos=-3.79 shoulder_lift.pos=-102.79 elbow_flex.pos=+89.02 wrist_flex.pos=+78.12 wrist_roll.pos=+0.74 gripper.pos=+0.36
DEBUG 2026-09-03 10:06:34 [action #600] t=23.21s step=599 queue=18 dmax=0.583 | shoulder_pan.pos=-4.08 shoulder_lift.pos=-102.38 elbow_flex.pos=+89.61 wrist_flex.pos=+77.90 wrist_roll.pos=+0.67 gripper.pos=+0.49
DEBUG 2026-09-03 10:06:34 [action #601] t=23.24s step=600 queue=17 dmax=0.520 | shoulder_pan.pos=-4.05 shoulder_lift.pos=-102.21 elbow_flex.pos=+89.09 wrist_flex.pos=+77.94 wrist_roll.pos=+0.70 gripper.pos=+0.45
DEBUG 2026-09-03 10:06:34 [action #602] t=23.28s step=601 queue=16 dmax=0.391 | shoulder_pan.pos=-4.36 shoulder_lift.pos=-102.60 elbow_flex.pos=+89.42 wrist_flex.pos=+77.79 wrist_roll.pos=+0.75 gripper.pos=+0.48
DEBUG 2026-09-03 10:06:34 [action #603] t=23.31s step=602 queue=15 dmax=0.487 | shoulder_pan.pos=-4.16 shoulder_lift.pos=-102.11 elbow_flex.pos=+88.98 wrist_flex.pos=+77.79 wrist_roll.pos=+0.76 gripper.pos=+0.47
DEBUG 2026-09-03 10:06:34 [action #604] t=23.34s step=603 queue=14 dmax=0.413 | shoulder_pan.pos=-4.08 shoulder_lift.pos=-102.35 elbow_flex.pos=+89.39 wrist_flex.pos=+77.80 wrist_roll.pos=+0.81 gripper.pos=+0.49
DEBUG 2026-09-03 10:06:34 [action #605] t=23.38s step=604 queue=13 dmax=0.411 | shoulder_pan.pos=-4.20 shoulder_lift.pos=-102.03 elbow_flex.pos=+89.81 wrist_flex.pos=+77.96 wrist_roll.pos=+0.67 gripper.pos=+0.32
DEBUG 2026-09-03 10:06:34 [action #606] t=23.41s step=605 queue=12 dmax=0.650 | shoulder_pan.pos=-4.00 shoulder_lift.pos=-102.68 elbow_flex.pos=+89.25 wrist_flex.pos=+78.06 wrist_roll.pos=+0.68 gripper.pos=+0.41
DEBUG 2026-09-03 10:06:34 [action #607] t=23.44s step=606 queue=11 dmax=0.234 | shoulder_pan.pos=-4.08 shoulder_lift.pos=-102.62 elbow_flex.pos=+89.48 wrist_flex.pos=+78.14 wrist_roll.pos=+0.82 gripper.pos=+0.44
DEBUG 2026-09-03 10:06:34 [action #608] t=23.48s step=607 queue=10 dmax=0.508 | shoulder_pan.pos=-4.16 shoulder_lift.pos=-102.11 elbow_flex.pos=+89.03 wrist_flex.pos=+77.74 wrist_roll.pos=+0.77 gripper.pos=+0.41
DEBUG 2026-09-03 10:06:34 [action #609] t=23.51s step=608 queue=9 dmax=0.394 | shoulder_pan.pos=-4.19 shoulder_lift.pos=-101.94 elbow_flex.pos=+89.42 wrist_flex.pos=+77.83 wrist_roll.pos=+0.67 gripper.pos=+0.34
DEBUG 2026-09-03 10:06:34 [action #610] t=23.54s step=609 queue=8 dmax=0.394 | shoulder_pan.pos=-4.24 shoulder_lift.pos=-102.04 elbow_flex.pos=+89.03 wrist_flex.pos=+77.78 wrist_roll.pos=+0.68 gripper.pos=+0.30
DEBUG 2026-09-03 10:06:34 [action #611] t=23.58s step=610 queue=7 dmax=0.499 | shoulder_pan.pos=-4.16 shoulder_lift.pos=-102.54 elbow_flex.pos=+88.75 wrist_flex.pos=+78.08 wrist_roll.pos=+0.71 gripper.pos=+0.31
DEBUG 2026-09-03 10:06:34 [action #612] t=23.61s step=611 queue=6 dmax=0.389 | shoulder_pan.pos=-4.20 shoulder_lift.pos=-102.38 elbow_flex.pos=+89.14 wrist_flex.pos=+77.88 wrist_roll.pos=+0.74 gripper.pos=+0.39
DEBUG 2026-09-03 10:06:34 [action #613] t=23.64s step=612 queue=5 dmax=0.524 | shoulder_pan.pos=-4.09 shoulder_lift.pos=-101.86 elbow_flex.pos=+88.74 wrist_flex.pos=+77.82 wrist_roll.pos=+0.76 gripper.pos=+0.35
DEBUG 2026-09-03 10:06:34 [action #614] t=23.68s step=613 queue=4 dmax=0.732 | shoulder_pan.pos=-4.19 shoulder_lift.pos=-102.59 elbow_flex.pos=+89.20 wrist_flex.pos=+77.93 wrist_roll.pos=+0.71 gripper.pos=+0.55
DEBUG 2026-09-03 10:06:34 [action #615] t=23.71s step=614 queue=3 dmax=0.349 | shoulder_pan.pos=-3.98 shoulder_lift.pos=-102.53 elbow_flex.pos=+88.85 wrist_flex.pos=+78.02 wrist_roll.pos=+0.78 gripper.pos=+0.52
DEBUG 2026-09-03 10:06:34 [action #616] t=23.74s step=615 queue=2 dmax=0.577 | shoulder_pan.pos=-4.14 shoulder_lift.pos=-102.94 elbow_flex.pos=+89.43 wrist_flex.pos=+78.00 wrist_roll.pos=+0.77 gripper.pos=+0.41
DEBUG 2026-09-03 10:06:34 [chunk] received 50 actions, timesteps 590..639 | first: shoulder_pan.pos=-3.21 shoulder_lift.pos=-102.30 elbow_flex.pos=+90.05 wrist_flex.pos=+77.37 wrist_roll.pos=+0.10 gripper.pos=+0.46 | last: shoulder_pan.pos=-3.02 shoulder_lift.pos=-102.44 elbow_flex.pos=+89.38 wrist_flex.pos=+77.65 wrist_roll.pos=+0.24 gripper.pos=+0.36
INFO 2026-09-03 10:06:40 Final action sent: shoulder_pan.pos=-4.14 shoulder_lift.pos=-102.94 elbow_flex.pos=+89.43 wrist_flex.pos=+78.00 wrist_roll.pos=+0.77 gripper.pos=+0.41
DEBUG 2026-09-03 10:06:40 === episode end | 29.7s | converged=True | actions=616 ===
