episode_dir,task,chunk_id,must_go,input_timestep,input_elapsed,unix_ts,front_img,wrist_img,recap_img,returned_len,exec_index,exec_timestep,exec_action_n,in_shoulder_pan.pos,in_shoulder_lift.pos,in_elbow_flex.pos,in_wrist_flex.pos,in_wrist_roll.pos,in_gripper.pos,act_shoulder_pan.pos,act_shoulder_lift.pos,act_elbow_flex.pos,act_wrist_flex.pos,act_wrist_roll.pos,act_gripper.pos
088_purse,put the purse on the tray,1,1,0,0.0,1788429059.8816705,00000_front_put_the_purse_on_the_tray.png,00000_wrist_put_the_purse_on_the_tray.png,recap.png,50,0,0,1,-4.923076923076923,-101.93406593406593,92.08791208791209,74.9010989010989,-1.2747252747252746,0.4794520547945206,-6.119728088378906,-101.57310485839844,87.72547912597656,76.06273651123047,-0.8723316192626953,0.5384680032730103
088_purse,put the purse on the tray,1,1,0,0.0,1788429059.8816705,00000_front_put_the_purse_on_the_tray.png,00000_wrist_put_the_purse_on_the_tray.png,recap.png,50,1,1,2,-4.923076923076923,-101.93406593406593,92.08791208791209,74.9010989010989,-1.2747252747252746,0.4794520547945206,-6.4755859375,-101.74041748046875,87.82951354980469,76.29106140136719,-0.9376430511474609,0.4825811982154846
088_purse,put the purse on the tray,1,1,0,0.0,1788429059.8816705,00000_front_put_the_purse_on_the_tray.png,00000_wrist_put_the_purse_on_the_tray.png,recap.png,50,2,2,3,-4.923076923076923,-101.93406593406593,92.08791208791209,74.9010989010989,-1.2747252747252746,0.4794520547945206,-6.844448089599609,-101.15865325927734,87.33491516113281,76.32740020751953,-0.9435586929321289,0.541579008102417
088_purse,put the purse on the tray,1,1,0,0.0,1788429059.8816705,00000_front_put_the_purse_on_the_tray.png,00000_wrist_put_the_purse_on_the_tray.png,recap.png,50,3,3,4,-4.923076923076923,-101.93406593406593,92.08791208791209,74.9010989010989,-1.2747252747252746,0.4794520547945206,-7.4049224853515625,-101.99095153808594,88.09042358398438,76.29946899414062,-0.9476184844970703,0.5132909417152405
088_purse,put the purse on the tray,1,1,0,0.0,1788429059.8816705,00000_front_put_the_purse_on_the_tray.png,00000_wrist_put_the_purse_on_the_tray.png,recap.png,50,4,4,5,-4.923076923076923,-101.93406593406593,92.08791208791209,74.9010989010989,-1.2747252747252746,0.4794520547945206,-8.195547103881836,-101.56602478027344,88.01850891113281,76.34548950195312,-0.946843147277832,0.47981539368629456
088_purse,put the purse on the tray,1,1,0,0.0,1788429059.8816705,00000_front_put_the_purse_on_the_tray.png,00000_wrist_put_the_purse_on_the_tray.png,recap.png,50,5,5,6,-4.923076923076923,-101.93406593406593,92.08791208791209,74.9010989010989,-1.2747252747252746,0.4794520547945206,-8.59549331665039,-101.76809692382812,87.55462646484375,76.21395874023438,-0.8946981430053711,0.41415369510650635
088_purse,put the purse on the tray,1,1,0,0.0,1788429059.8816705,00000_front_put_the_purse_on_the_tray.png,00000_wrist_put_the_purse_on_the_tray.png,recap.png,50,6,6,7,-4.923076923076923,-101.93406593406593,92.08791208791209,74.9010989010989,-1.2747252747252746,0.4794520547945206,-9.386327743530273,-101.61441802978516,87.48248291015625,76.42840576171875,-0.9982748031616211,0.4583091139793396
088_purse,put the purse on the tray,1,1,0,0.0,1788429059.8816705,00000_front_put_the_purse_on_the_tray.png,00000_wrist_put_the_purse_on_the_tray.png,recap.png,50,7,7,8,-4.923076923076923,-101.93406593406593,92.08791208791209,74.9010989010989,-1.2747252747252746,0.4794520547945206,-9.809789657592773,-101.86602020263672,87.97445678710938,76.40863800048828,-0.9823846817016602,0.49567317962646484
088_purse,put the purse on the tray,1,1,0,0.0,1788429059.8816705,00000_front_put_the_purse_on_the_tray.png,00000_wrist_put_the_purse_on_the_tray.png,recap.png,50,8,8,9,-4.923076923076923,-101.93406593406593,92.08791208791209,74.9010989010989,-1.2747252747252746,0.4794520547945206,-10.4974365234375,-102.1358413696289,88.11514282226562,76.51158905029297,-0.9366569519042969,0.4726012945175171
088_purse,put the purse on the tray,1,1,0,0.0,1788429059.8816705,00000_front_put_the_purse_on_the_tray.png,00000_wrist_put_the_purse_on_the_tray.png,recap.png,50,9,9,10,-4.923076923076923,-101.93406593406593,92.08791208791209,74.9010989010989,-1.2747252747252746,0.4794520547945206,-10.912710189819336,-102.1513442993164,87.39555358886719,76.67497253417969,-0.9558324813842773,0.4732024669647217
088_purse,put the purse on the tray,1,1,0,0.0,1788429059.8816705,00000_front_put_the_purse_on_the_tray.png,00000_wrist_put_the_purse_on_the_tray.png,recap.png,50,10,10,11,-4.923076923076923,-101.93406593406593,92.08791208791209,74.9010989010989,-1.2747252747252746,0.4794520547945206,-11.798864364624023,-102.3373794555664,87.51513671875,76.75718688964844,-1.0310707092285156,0.4628742039203644
088_purse,put the purse on the tray,1,1,0,0.0,1788429059.8816705,00000_front_put_the_purse_on_the_tray.png,00000_wrist_put_the_purse_on_the_tray.png,recap.png,50,11,11,12,-4.923076923076923,-101.93406593406593,92.08791208791209,74.9010989010989,-1.2747252747252746,0.4794520547945206,-12.298967361450195,-102.30487823486328,87.76727294921875,77.01399230957031,-1.015284538269043,0.6254309415817261
088_purse,put the purse on the tray,1,1,0,0.0,1788429059.8816705,00000_front_put_the_purse_on_the_tray.png,00000_wrist_put_the_purse_on_the_tray.png,recap.png,50,12,12,13,-4.923076923076923,-101.93406593406593,92.08791208791209,74.9010989010989,-1.2747252747252746,0.4794520547945206,-12.782495498657227,-102.0489730834961,87.09199523925781,77.0245132446289,-1.0153913497924805,0.5427027940750122
088_purse,put the purse on the tray,1,1,0,0.0,1788429059.8816705,00000_front_put_the_purse_on_the_tray.png,00000_wrist_put_the_purse_on_the_tray.png,recap.png,50,13,13,14,-4.923076923076923,-101.93406593406593,92.08791208791209,74.9010989010989,-1.2747252747252746,0.4794520547945206,-13.232559204101562,-101.97715759277344,87.32379150390625,77.25132751464844,-0.9621152877807617,0.5738500952720642
088_purse,put the purse on the tray,1,1,0,0.0,1788429059.8816705,00000_front_put_the_purse_on_the_tray.png,00000_wrist_put_the_purse_on_the_tray.png,recap.png,50,14,14,15,-4.923076923076923,-101.93406593406593,92.08791208791209,74.9010989010989,-1.2747252747252746,0.4794520547945206,-13.486154556274414,-102.50102996826172,86.86378479003906,77.27686309814453,-0.9170541763305664,0.4979535937309265
088_purse,put the purse on the tray,1,1,0,0.0,1788429059.8816705,00000_front_put_the_purse_on_the_tray.png,00000_wrist_put_the_purse_on_the_tray.png,recap.png,50,15,15,16,-4.923076923076923,-101.93406593406593,92.08791208791209,74.9010989010989,-1.2747252747252746,0.4794520547945206,-13.622516632080078,-102.50284576416016,87.20928955078125,77.5115966796875,-0.997248649597168,0.5239580869674683
088_purse,put the purse on the tray,1,1,0,0.0,1788429059.8816705,00000_front_put_the_purse_on_the_tray.png,00000_wrist_put_the_purse_on_the_tray.png,recap.png,50,16,16,17,-4.923076923076923,-101.93406593406593,92.08791208791209,74.9010989010989,-1.2747252747252746,0.4794520547945206,-13.619112014770508,-102.37919616699219,87.10267639160156,77.38417053222656,-0.9332094192504883,0.5280728340148926
088_purse,put the purse on the tray,1,1,0,0.0,1788429059.8816705,00000_front_put_the_purse_on_the_tray.png,00000_wrist_put_the_purse_on_the_tray.png,recap.png,50,17,17,18,-4.923076923076923,-101.93406593406593,92.08791208791209,74.9010989010989,-1.2747252747252746,0.4794520547945206,-13.854848861694336,-102.08393859863281,87.06083679199219,77.52688598632812,-0.9509792327880859,0.46128523349761963
088_purse,put the purse on the tray,1,1,0,0.0,1788429059.8816705,00000_front_put_the_purse_on_the_tray.png,00000_wrist_put_the_purse_on_the_tray.png,recap.png,50,18,18,19,-4.923076923076923,-101.93406593406593,92.08791208791209,74.9010989010989,-1.2747252747252746,0.4794520547945206,-13.910673141479492,-102.25733947753906,87.00625610351562,77.45326232910156,-1.0298185348510742,0.5009838938713074
088_purse,put the purse on the tray,1,1,0,0.0,1788429059.8816705,00000_front_put_the_purse_on_the_tray.png,00000_wrist_put_the_purse_on_the_tray.png,recap.png,50,19,19,20,-4.923076923076923,-101.93406593406593,92.08791208791209,74.9010989010989,-1.2747252747252746,0.4794520547945206,-14.000240325927734,-101.74817657470703,87.65603637695312,77.32606506347656,-1.000579833984375,0.48635604977607727
088_purse,put the purse on the tray,1,1,0,0.0,1788429059.8816705,00000_front_put_the_purse_on_the_tray.png,00000_wrist_put_the_purse_on_the_tray.png,recap.png,50,20,20,21,-4.923076923076923,-101.93406593406593,92.08791208791209,74.9010989010989,-1.2747252747252746,0.4794520547945206,-14.104974746704102,-102.79859924316406,87.80145263671875,77.42061614990234,-1.054208755493164,0.6109921932220459
088_purse,put the purse on the tray,1,1,0,0.0,1788429059.8816705,00000_front_put_the_purse_on_the_tray.png,00000_wrist_put_the_purse_on_the_tray.png,recap.png,50,21,21,22,-4.923076923076923,-101.93406593406593,92.08791208791209,74.9010989010989,-1.2747252747252746,0.4794520547945206,-14.242399215698242,-102.67705535888672,87.69090270996094,77.20465087890625,-1.0412368774414062,0.5687146186828613
088_purse,put the purse on the tray,1,1,0,0.0,1788429059.8816705,00000_front_put_the_purse_on_the_tray.png,00000_wrist_put_the_purse_on_the_tray.png,recap.png,50,22,22,23,-4.923076923076923,-101.93406593406593,92.08791208791209,74.9010989010989,-1.2747252747252746,0.4794520547945206,-14.090703964233398,-102.34175109863281,87.34768676757812,76.97262573242188,-1.0290145874023438,0.5189287662506104
088_purse,put the purse on the tray,1,1,0,0.0,1788429059.8816705,00000_front_put_the_purse_on_the_tray.png,00000_wrist_put_the_purse_on_the_tray.png,recap.png,50,23,23,24,-4.923076923076923,-101.93406593406593,92.08791208791209,74.9010989010989,-1.2747252747252746,0.4794520547945206,-14.067031860351562,-102.17462921142578,86.87693786621094,77.135498046875,-1.0420265197753906,0.4041217565536499
088_purse,put the purse on the tray,1,1,0,0.0,1788429059.8816705,00000_front_put_the_purse_on_the_tray.png,00000_wrist_put_the_purse_on_the_tray.png,recap.png,50,24,24,25,-4.923076923076923,-101.93406593406593,92.08791208791209,74.9010989010989,-1.2747252747252746,0.4794520547945206,-14.173967361450195,-102.00957489013672,87.34364318847656,77.01756286621094,-0.9966621398925781,0.6413971185684204
088_purse,put the purse on the tray,1,1,0,0.0,1788429059.8816705,00000_front_put_the_purse_on_the_tray.png,00000_wrist_put_the_purse_on_the_tray.png,recap.png,50,25,25,26,-4.923076923076923,-101.93406593406593,92.08791208791209,74.9010989010989,-1.2747252747252746,0.4794520547945206,-14.021244049072266,-102.01173400878906,87.29347229003906,77.11212158203125,-0.9648771286010742,0.5303107500076294
088_purse,put the purse on the tray,1,1,0,0.0,1788429059.8816705,00000_front_put_the_purse_on_the_tray.png,00000_wrist_put_the_purse_on_the_tray.png,recap.png,50,26,26,27,-4.923076923076923,-101.93406593406593,92.08791208791209,74.9010989010989,-1.2747252747252746,0.4794520547945206,-14.135576248168945,-101.91266632080078,87.158203125,77.07508087158203,-0.9294309616088867,0.4520743191242218
088_purse,put the purse on the tray,1,1,0,0.0,1788429059.8816705,00000_front_put_the_purse_on_the_tray.png,00000_wrist_put_the_purse_on_the_tray.png,recap.png,50,27,27,28,-4.923076923076923,-101.93406593406593,92.08791208791209,74.9010989010989,-1.2747252747252746,0.4794520547945206,-13.930173873901367,-102.44879150390625,87.33525085449219,77.10527038574219,-0.8872041702270508,0.5057178735733032
088_purse,put the purse on the tray,2,0,3,1.873,1788429061.7580583,00001_front_put_the_purse_on_the_tray.png,00001_wrist_put_the_purse_on_the_tray.png,recap.png,50,0,28,29,-6.153846153846154,-101.67032967032966,90.76923076923077,75.42857142857143,-1.2747252747252746,0.410958904109589,-18.01190948486328,-102.34577941894531,88.26984405517578,73.73265075683594,-1.1954233646392822,0.49785590171813965
088_purse,put the purse on the tray,2,0,3,1.873,1788429061.7580583,00001_front_put_the_purse_on_the_tray.png,00001_wrist_put_the_purse_on_the_tray.png,recap.png,50,1,29,30,-6.153846153846154,-101.67032967032966,90.76923076923077,75.42857142857143,-1.2747252747252746,0.410958904109589,-17.81565284729004,-102.19532775878906,87.44163513183594,73.79566192626953,-1.159449815750122,0.48540979623794556
088_purse,put the purse on the tray,2,0,3,1.873,1788429061.7580583,00001_front_put_the_purse_on_the_tray.png,00001_wrist_put_the_purse_on_the_tray.png,recap.png,50,2,30,31,-6.153846153846154,-101.67032967032966,90.76923076923077,75.42857142857143,-1.2747252747252746,0.410958904109589,-17.91836166381836,-102.43206787109375,87.47224426269531,73.81262969970703,-1.1905558109283447,0.5055021643638611
088_purse,put the purse on the tray,2,0,3,1.873,1788429061.7580583,00001_front_put_the_purse_on_the_tray.png,00001_wrist_put_the_purse_on_the_tray.png,recap.png,50,3,31,32,-6.153846153846154,-101.67032967032966,90.76923076923077,75.42857142857143,-1.2747252747252746,0.410958904109589,-17.854822158813477,-102.37676239013672,87.37239837646484,73.74991607666016,-1.166386604309082,0.3829587697982788
088_purse,put the purse on the tray,2,0,3,1.873,1788429061.7580583,00001_front_put_the_purse_on_the_tray.png,00001_wrist_put_the_purse_on_the_tray.png,recap.png,50,4,32,33,-6.153846153846154,-101.67032967032966,90.76923076923077,75.42857142857143,-1.2747252747252746,0.410958904109589,-17.825008392333984,-102.41582489013672,87.56185913085938,73.68172454833984,-1.2057225704193115,0.48206841945648193
088_purse,put the purse on the tray,2,0,3,1.873,1788429061.7580583,00001_front_put_the_purse_on_the_tray.png,00001_wrist_put_the_purse_on_the_tray.png,recap.png,50,5,33,34,-6.153846153846154,-101.67032967032966,90.76923076923077,75.42857142857143,-1.2747252747252746,0.410958904109589,-17.910099029541016,-102.09846496582031,87.55270385742188,73.43992614746094,-1.2051461935043335,0.49420636892318726
088_purse,put the purse on the tray,2,0,3,1.873,1788429061.7580583,00001_front_put_the_purse_on_the_tray.png,00001_wrist_put_the_purse_on_the_tray.png,recap.png,50,6,34,35,-6.153846153846154,-101.67032967032966,90.76923076923077,75.42857142857143,-1.2747252747252746,0.410958904109589,-17.979427337646484,-102.29435729980469,87.44432067871094,73.5143814086914,-1.2227191925048828,0.49887633323669434
088_purse,put the purse on the tray,2,0,3,1.873,1788429061.7580583,00001_front_put_the_purse_on_the_tray.png,00001_wrist_put_the_purse_on_the_tray.png,recap.png,50,7,35,36,-6.153846153846154,-101.67032967032966,90.76923076923077,75.42857142857143,-1.2747252747252746,0.410958904109589,-17.869070053100586,-102.25588989257812,87.37967681884766,73.39446258544922,-1.1785705089569092,0.524843156337738
088_purse,put the purse on the tray,2,0,3,1.873,1788429061.7580583,00001_front_put_the_purse_on_the_tray.png,00001_wrist_put_the_purse_on_the_tray.png,recap.png,50,8,36,37,-6.153846153846154,-101.67032967032966,90.76923076923077,75.42857142857143,-1.2747252747252746,0.410958904109589,-17.98635482788086,-102.19761657714844,87.30780792236328,73.49185180664062,-1.2151222229003906,0.49625515937805176
088_purse,put the purse on the tray,2,0,3,1.873,1788429061.7580583,00001_front_put_the_purse_on_the_tray.png,00001_wrist_put_the_purse_on_the_tray.png,recap.png,50,9,37,38,-6.153846153846154,-101.67032967032966,90.76923076923077,75.42857142857143,-1.2747252747252746,0.410958904109589,-18.021236419677734,-102.51673126220703,87.38057708740234,73.30532836914062,-1.20791757106781,0.5246502757072449
088_purse,put the purse on the tray,2,0,3,1.873,1788429061.7580583,00001_front_put_the_purse_on_the_tray.png,00001_wrist_put_the_purse_on_the_tray.png,recap.png,50,10,38,39,-6.153846153846154,-101.67032967032966,90.76923076923077,75.42857142857143,-1.2747252747252746,0.410958904109589,-18.078697204589844,-101.86227416992188,87.0667953491211,73.20170593261719,-1.1931161880493164,0.5049602389335632
088_purse,put the purse on the tray,2,0,3,1.873,1788429061.7580583,00001_front_put_the_purse_on_the_tray.png,00001_wrist_put_the_purse_on_the_tray.png,recap.png,50,11,39,40,-6.153846153846154,-101.67032967032966,90.76923076923077,75.42857142857143,-1.2747252747252746,0.410958904109589,-18.1387996673584,-102.12640380859375,86.83275604248047,73.10920715332031,-1.1525237560272217,0.4141257405281067
088_purse,put the purse on the tray,2,0,3,1.873,1788429061.7580583,00001_front_put_the_purse_on_the_tray.png,00001_wrist_put_the_purse_on_the_tray.png,recap.png,50,12,40,41,-6.153846153846154,-101.67032967032966,90.76923076923077,75.42857142857143,-1.2747252747252746,0.410958904109589,-18.241085052490234,-102.1684799194336,87.65084838867188,72.98404693603516,-1.1918628215789795,0.5221875905990601
088_purse,put the purse on the tray,2,0,3,1.873,1788429061.7580583,00001_front_put_the_purse_on_the_tray.png,00001_wrist_put_the_purse_on_the_tray.png,recap.png,50,13,41,42,-6.153846153846154,-101.67032967032966,90.76923076923077,75.42857142857143,-1.2747252747252746,0.410958904109589,-18.263511657714844,-102.37097930908203,87.78399658203125,72.85790252685547,-1.2486189603805542,0.4515796899795532
088_purse,put the purse on the tray,2,0,3,1.873,1788429061.7580583,00001_front_put_the_purse_on_the_tray.png,00001_wrist_put_the_purse_on_the_tray.png,recap.png,50,14,42,43,-6.153846153846154,-101.67032967032966,90.76923076923077,75.42857142857143,-1.2747252747252746,0.410958904109589,-18.43085479736328,-101.72286224365234,88.04026794433594,72.87501525878906,-1.2483881711959839,0.39761072397232056
088_purse,put the purse on the tray,2,0,3,1.873,1788429061.7580583,00001_front_put_the_purse_on_the_tray.png,00001_wrist_put_the_purse_on_the_tray.png,recap.png,50,15,43,44,-6.153846153846154,-101.67032967032966,90.76923076923077,75.42857142857143,-1.2747252747252746,0.410958904109589,-18.392953872680664,-101.87420654296875,87.2565689086914,72.7833480834961,-1.1876176595687866,0.4246341586112976
088_purse,put the purse on the tray,2,0,3,1.873,1788429061.7580583,00001_front_put_the_purse_on_the_tray.png,00001_wrist_put_the_purse_on_the_tray.png,recap.png,50,16,44,45,-6.153846153846154,-101.67032967032966,90.76923076923077,75.42857142857143,-1.2747252747252746,0.410958904109589,-18.486709594726562,-102.15240478515625,87.35899353027344,72.7926254272461,-1.2054507732391357,0.4257480502128601
088_purse,put the purse on the tray,2,0,3,1.873,1788429061.7580583,00001_front_put_the_purse_on_the_tray.png,00001_wrist_put_the_purse_on_the_tray.png,recap.png,50,17,45,46,-6.153846153846154,-101.67032967032966,90.76923076923077,75.42857142857143,-1.2747252747252746,0.410958904109589,-18.56833267211914,-101.95066833496094,87.03177642822266,72.91605377197266,-1.2641839981079102,0.5157002210617065
088_purse,put the purse on the tray,2,0,3,1.873,1788429061.7580583,00001_front_put_the_purse_on_the_tray.png,00001_wrist_put_the_purse_on_the_tray.png,recap.png,50,18,46,47,-6.153846153846154,-101.67032967032966,90.76923076923077,75.42857142857143,-1.2747252747252746,0.410958904109589,-18.622037887573242,-101.9339828491211,87.32870483398438,73.15043640136719,-1.278504490852356,0.445777952671051
088_purse,put the purse on the tray,2,0,3,1.873,1788429061.7580583,00001_front_put_the_purse_on_the_tray.png,00001_wrist_put_the_purse_on_the_tray.png,recap.png,50,19,47,48,-6.153846153846154,-101.67032967032966,90.76923076923077,75.42857142857143,-1.2747252747252746,0.410958904109589,-18.58264923095703,-101.64710998535156,87.44100952148438,73.13734436035156,-1.284050464630127,0.3556665778160095
088_purse,put the purse on the tray,2,0,3,1.873,1788429061.7580583,00001_front_put_the_purse_on_the_tray.png,00001_wrist_put_the_purse_on_the_tray.png,recap.png,50,20,48,49,-6.153846153846154,-101.67032967032966,90.76923076923077,75.42857142857143,-1.2747252747252746,0.410958904109589,-18.75819969177246,-101.66394805908203,86.57269287109375,73.19624328613281,-1.2460720539093018,0.4917060434818268
088_purse,put the purse on the tray,2,0,3,1.873,1788429061.7580583,00001_front_put_the_purse_on_the_tray.png,00001_wrist_put_the_purse_on_the_tray.png,recap.png,50,21,49,50,-6.153846153846154,-101.67032967032966,90.76923076923077,75.42857142857143,-1.2747252747252746,0.410958904109589,-18.680866241455078,-101.91021728515625,86.7757797241211,73.0958251953125,-1.3330758810043335,0.46845000982284546
088_purse,put the purse on the tray,2,0,3,1.873,1788429061.7580583,00001_front_put_the_purse_on_the_tray.png,00001_wrist_put_the_purse_on_the_tray.png,recap.png,50,22,50,51,-6.153846153846154,-101.67032967032966,90.76923076923077,75.42857142857143,-1.2747252747252746,0.410958904109589,-19.420093536376953,-101.90351104736328,86.41014099121094,72.00973510742188,-1.3771076202392578,0.45156130194664
088_purse,put the purse on the tray,2,0,3,1.873,1788429061.7580583,00001_front_put_the_purse_on_the_tray.png,00001_wrist_put_the_purse_on_the_tray.png,recap.png,50,23,51,52,-6.153846153846154,-101.67032967032966,90.76923076923077,75.42857142857143,-1.2747252747252746,0.410958904109589,-19.39078712463379,-101.66510009765625,86.40217590332031,71.92715454101562,-1.425013542175293,0.3839420974254608
088_purse,put the purse on the tray,2,0,3,1.873,1788429061.7580583,00001_front_put_the_purse_on_the_tray.png,00001_wrist_put_the_purse_on_the_tray.png,recap.png,50,24,52,53,-6.153846153846154,-101.67032967032966,90.76923076923077,75.42857142857143,-1.2747252747252746,0.410958904109589,-19.668277740478516,-101.0695571899414,86.43597412109375,71.9172134399414,-1.4035758972167969,0.4049204885959625
088_purse,put the purse on the tray,3,0,27,2.676,1788429062.5581486,00002_front_put_the_purse_on_the_tray.png,00002_wrist_put_the_purse_on_the_tray.png,recap.png,50,0,53,54,-13.978021978021978,-102.1978021978022,89.62637362637362,76.3076923076923,-1.2747252747252746,0.3424657534246575,-15.762273788452148,-100.7491683959961,83.82418823242188,72.29437255859375,-1.53607177734375,0.4147495627403259
088_purse,put the purse on the tray,3,0,27,2.676,1788429062.5581486,00002_front_put_the_purse_on_the_tray.png,00002_wrist_put_the_purse_on_the_tray.png,recap.png,50,1,54,55,-13.978021978021978,-102.1978021978022,89.62637362637362,76.3076923076923,-1.2747252747252746,0.3424657534246575,-15.480546951293945,-101.28951263427734,83.72576904296875,72.22438049316406,-1.6012468338012695,0.4216906726360321
088_purse,put the purse on the tray,3,0,27,2.676,1788429062.5581486,00002_front_put_the_purse_on_the_tray.png,00002_wrist_put_the_purse_on_the_tray.png,recap.png,50,2,55,56,-13.978021978021978,-102.1978021978022,89.62637362637362,76.3076923076923,-1.2747252747252746,0.3424657534246575,-15.499351501464844,-101.2324447631836,83.29086303710938,72.17254638671875,-1.7082805633544922,0.36957237124443054
088_purse,put the purse on the tray,3,0,27,2.676,1788429062.5581486,00002_front_put_the_purse_on_the_tray.png,00002_wrist_put_the_purse_on_the_tray.png,recap.png,50,3,56,57,-13.978021978021978,-102.1978021978022,89.62637362637362,76.3076923076923,-1.2747252747252746,0.3424657534246575,-15.3887939453125,-101.43084716796875,83.03697204589844,72.27216339111328,-1.6633329391479492,0.5060970783233643
088_purse,put the purse on the tray,3,0,27,2.676,1788429062.5581486,00002_front_put_the_purse_on_the_tray.png,00002_wrist_put_the_purse_on_the_tray.png,recap.png,50,4,57,58,-13.978021978021978,-102.1978021978022,89.62637362637362,76.3076923076923,-1.2747252747252746,0.3424657534246575,-15.187036514282227,-100.58729553222656,83.09381103515625,71.91207885742188,-1.5800905227661133,0.4397417902946472
088_purse,put the purse on the tray,3,0,27,2.676,1788429062.5581486,00002_front_put_the_purse_on_the_tray.png,00002_wrist_put_the_purse_on_the_tray.png,recap.png,50,5,58,59,-13.978021978021978,-102.1978021978022,89.62637362637362,76.3076923076923,-1.2747252747252746,0.3424657534246575,-15.575309753417969,-100.67451477050781,83.00265502929688,71.8111572265625,-1.5420475006103516,0.43128180503845215
088_purse,put the purse on the tray,3,0,27,2.676,1788429062.5581486,00002_front_put_the_purse_on_the_tray.png,00002_wrist_put_the_purse_on_the_tray.png,recap.png,50,6,59,60,-13.978021978021978,-102.1978021978022,89.62637362637362,76.3076923076923,-1.2747252747252746,0.3424657534246575,-15.643594741821289,-100.72032928466797,82.31167602539062,71.81838989257812,-1.6240615844726562,0.5486018657684326
088_purse,put the purse on the tray,3,0,27,2.676,1788429062.5581486,00002_front_put_the_purse_on_the_tray.png,00002_wrist_put_the_purse_on_the_tray.png,recap.png,50,7,60,61,-13.978021978021978,-102.1978021978022,89.62637362637362,76.3076923076923,-1.2747252747252746,0.3424657534246575,-15.776458740234375,-101.05303192138672,82.8663330078125,71.26798248291016,-1.6026182174682617,0.4664430022239685
088_purse,put the purse on the tray,3,0,27,2.676,1788429062.5581486,00002_front_put_the_purse_on_the_tray.png,00002_wrist_put_the_purse_on_the_tray.png,recap.png,50,8,61,62,-13.978021978021978,-102.1978021978022,89.62637362637362,76.3076923076923,-1.2747252747252746,0.3424657534246575,-16.268596649169922,-100.76165771484375,82.55978393554688,70.95611572265625,-1.5773649215698242,0.40062305331230164
088_purse,put the purse on the tray,3,0,27,2.676,1788429062.5581486,00002_front_put_the_purse_on_the_tray.png,00002_wrist_put_the_purse_on_the_tray.png,recap.png,50,9,62,63,-13.978021978021978,-102.1978021978022,89.62637362637362,76.3076923076923,-1.2747252747252746,0.3424657534246575,-16.59052276611328,-100.7399673461914,82.87458801269531,70.8236312866211,-1.6874628067016602,0.3109038174152374
088_purse,put the purse on the tray,3,0,27,2.676,1788429062.5581486,00002_front_put_the_purse_on_the_tray.png,00002_wrist_put_the_purse_on_the_tray.png,recap.png,50,10,63,64,-13.978021978021978,-102.1978021978022,89.62637362637362,76.3076923076923,-1.2747252747252746,0.3424657534246575,-16.830965042114258,-101.31605529785156,83.063720703125,70.56305694580078,-1.6535558700561523,0.41989246010780334
088_purse,put the purse on the tray,3,0,27,2.676,1788429062.5581486,00002_front_put_the_purse_on_the_tray.png,00002_wrist_put_the_purse_on_the_tray.png,recap.png,50,11,64,65,-13.978021978021978,-102.1978021978022,89.62637362637362,76.3076923076923,-1.2747252747252746,0.3424657534246575,-17.080421447753906,-100.82331085205078,82.66073608398438,70.4733657836914,-1.8661508560180664,0.3920600414276123
088_purse,put the purse on the tray,3,0,27,2.676,1788429062.5581486,00002_front_put_the_purse_on_the_tray.png,00002_wrist_put_the_purse_on_the_tray.png,recap.png,50,12,65,66,-13.978021978021978,-102.1978021978022,89.62637362637362,76.3076923076923,-1.2747252747252746,0.3424657534246575,-17.427001953125,-100.2258529663086,82.33053588867188,70.21302795410156,-1.8940067291259766,0.3747301399707794
088_purse,put the purse on the tray,3,0,27,2.676,1788429062.5581486,00002_front_put_the_purse_on_the_tray.png,00002_wrist_put_the_purse_on_the_tray.png,recap.png,50,13,66,67,-13.978021978021978,-102.1978021978022,89.62637362637362,76.3076923076923,-1.2747252747252746,0.3424657534246575,-17.735553741455078,-100.34599304199219,81.8026123046875,69.73747253417969,-2.135303497314453,0.3111555576324463
088_purse,put the purse on the tray,3,0,27,2.676,1788429062.5581486,00002_front_put_the_purse_on_the_tray.png,00002_wrist_put_the_purse_on_the_tray.png,recap.png,50,14,67,68,-13.978021978021978,-102.1978021978022,89.62637362637362,76.3076923076923,-1.2747252747252746,0.3424657534246575,-17.68744468688965,-100.15706634521484,81.70947265625,69.72235870361328,-2.313913345336914,0.42211976647377014
088_purse,put the purse on the tray,3,0,27,2.676,1788429062.5581486,00002_front_put_the_purse_on_the_tray.png,00002_wrist_put_the_purse_on_the_tray.png,recap.png,50,15,68,69,-13.978021978021978,-102.1978021978022,89.62637362637362,76.3076923076923,-1.2747252747252746,0.3424657534246575,-17.900188446044922,-99.97502899169922,81.59063720703125,69.29292297363281,-2.440077781677246,0.3232289254665375
088_purse,put the purse on the tray,3,0,27,2.676,1788429062.5581486,00002_front_put_the_purse_on_the_tray.png,00002_wrist_put_the_purse_on_the_tray.png,recap.png,50,16,69,70,-13.978021978021978,-102.1978021978022,89.62637362637362,76.3076923076923,-1.2747252747252746,0.3424657534246575,-18.00472640991211,-100.25526428222656,81.29545593261719,69.4469985961914,-2.6173791885375977,0.443871408700943
088_purse,put the purse on the tray,3,0,27,2.676,1788429062.5581486,00002_front_put_the_purse_on_the_tray.png,00002_wrist_put_the_purse_on_the_tray.png,recap.png,50,17,70,71,-13.978021978021978,-102.1978021978022,89.62637362637362,76.3076923076923,-1.2747252747252746,0.3424657534246575,-18.001585006713867,-100.18904876708984,80.75608825683594,69.09109497070312,-2.738888740539551,0.49027642607688904
088_purse,put the purse on the tray,3,0,27,2.676,1788429062.5581486,00002_front_put_the_purse_on_the_tray.png,00002_wrist_put_the_purse_on_the_tray.png,recap.png,50,18,71,72,-13.978021978021978,-102.1978021978022,89.62637362637362,76.3076923076923,-1.2747252747252746,0.3424657534246575,-18.178056716918945,-99.46832275390625,80.73292541503906,68.99934387207031,-2.9251232147216797,0.4343970715999603
088_purse,put the purse on the tray,3,0,27,2.676,1788429062.5581486,00002_front_put_the_purse_on_the_tray.png,00002_wrist_put_the_purse_on_the_tray.png,recap.png,50,19,72,73,-13.978021978021978,-102.1978021978022,89.62637362637362,76.3076923076923,-1.2747252747252746,0.3424657534246575,-18.385711669921875,-98.66098022460938,80.982421875,68.7049331665039,-3.283766746520996,0.5796058177947998
088_purse,put the purse on the tray,3,0,27,2.676,1788429062.5581486,00002_front_put_the_purse_on_the_tray.png,00002_wrist_put_the_purse_on_the_tray.png,recap.png,50,20,73,74,-13.978021978021978,-102.1978021978022,89.62637362637362,76.3076923076923,-1.2747252747252746,0.3424657534246575,-18.338031768798828,-98.92887878417969,80.17385864257812,68.50662231445312,-3.6688032150268555,0.46914827823638916
088_purse,put the purse on the tray,3,0,27,2.676,1788429062.5581486,00002_front_put_the_purse_on_the_tray.png,00002_wrist_put_the_purse_on_the_tray.png,recap.png,50,21,74,75,-13.978021978021978,-102.1978021978022,89.62637362637362,76.3076923076923,-1.2747252747252746,0.3424657534246575,-18.442237854003906,-97.59394836425781,79.76043701171875,68.21147155761719,-3.8835878372192383,0.4818844497203827
088_purse,put the purse on the tray,3,0,27,2.676,1788429062.5581486,00002_front_put_the_purse_on_the_tray.png,00002_wrist_put_the_purse_on_the_tray.png,recap.png,50,22,75,76,-13.978021978021978,-102.1978021978022,89.62637362637362,76.3076923076923,-1.2747252747252746,0.3424657534246575,-18.417537689208984,-96.52554321289062,78.88371276855469,67.7910385131836,-4.159896373748779,0.5741719007492065
088_purse,put the purse on the tray,3,0,27,2.676,1788429062.5581486,00002_front_put_the_purse_on_the_tray.png,00002_wrist_put_the_purse_on_the_tray.png,recap.png,50,23,76,77,-13.978021978021978,-102.1978021978022,89.62637362637362,76.3076923076923,-1.2747252747252746,0.3424657534246575,-18.254776000976562,-94.42630767822266,78.4716796875,67.25762939453125,-4.558870315551758,0.3879304528236389
088_purse,put the purse on the tray,4,1,52,3.511,1788429063.3931577,00003_front_put_the_purse_on_the_tray.png,00003_wrist_put_the_purse_on_the_tray.png,recap.png,50,0,77,78,-18.813186813186814,-102.02197802197803,88.83516483516483,73.49450549450549,-1.3626373626373627,0.3424657534246575,-22.027185440063477,-101.48597717285156,84.16737365722656,70.97697448730469,-1.8141288757324219,0.414097398519516
088_purse,put the purse on the tray,4,1,52,3.511,1788429063.3931577,00003_front_put_the_purse_on_the_tray.png,00003_wrist_put_the_purse_on_the_tray.png,recap.png,50,1,78,79,-18.813186813186814,-102.02197802197803,88.83516483516483,73.49450549450549,-1.3626373626373627,0.3424657534246575,-21.978317260742188,-101.91096496582031,82.68096923828125,70.98301696777344,-1.8809585571289062,0.27193164825439453
088_purse,put the purse on the tray,4,1,52,3.511,1788429063.3931577,00003_front_put_the_purse_on_the_tray.png,00003_wrist_put_the_purse_on_the_tray.png,recap.png,50,2,79,80,-18.813186813186814,-102.02197802197803,88.83516483516483,73.49450549450549,-1.3626373626373627,0.3424657534246575,-21.885391235351562,-101.2544174194336,83.29566955566406,70.97128295898438,-1.903421401977539,0.41283345222473145
088_purse,put the purse on the tray,4,1,52,3.511,1788429063.3931577,00003_front_put_the_purse_on_the_tray.png,00003_wrist_put_the_purse_on_the_tray.png,recap.png,50,3,80,81,-18.813186813186814,-102.02197802197803,88.83516483516483,73.49450549450549,-1.3626373626373627,0.3424657534246575,-21.802560806274414,-101.88665008544922,82.81730651855469,70.71798706054688,-2.0500688552856445,0.36278313398361206
088_purse,put the purse on the tray,4,1,52,3.511,1788429063.3931577,00003_front_put_the_purse_on_the_tray.png,00003_wrist_put_the_purse_on_the_tray.png,recap.png,50,4,81,82,-18.813186813186814,-102.02197802197803,88.83516483516483,73.49450549450549,-1.3626373626373627,0.3424657534246575,-21.63602638244629,-101.6874771118164,82.38389587402344,70.5210189819336,-2.0287389755249023,0.38862189650535583
088_purse,put the purse on the tray,4,1,52,3.511,1788429063.3931577,00003_front_put_the_purse_on_the_tray.png,00003_wrist_put_the_purse_on_the_tray.png,recap.png,50,5,82,83,-18.813186813186814,-102.02197802197803,88.83516483516483,73.49450549450549,-1.3626373626373627,0.3424657534246575,-21.846633911132812,-101.85572814941406,82.46340942382812,70.32772064208984,-2.245701789855957,0.4346020817756653
088_purse,put the purse on the tray,4,1,52,3.511,1788429063.3931577,00003_front_put_the_purse_on_the_tray.png,00003_wrist_put_the_purse_on_the_tray.png,recap.png,50,6,83,84,-18.813186813186814,-102.02197802197803,88.83516483516483,73.49450549450549,-1.3626373626373627,0.3424657534246575,-21.56753921508789,-101.12069702148438,82.41616821289062,70.09919738769531,-2.2284927368164062,0.4449484050273895
088_purse,put the purse on the tray,4,1,52,3.511,1788429063.3931577,00003_front_put_the_purse_on_the_tray.png,00003_wrist_put_the_purse_on_the_tray.png,recap.png,50,7,84,85,-18.813186813186814,-102.02197802197803,88.83516483516483,73.49450549450549,-1.3626373626373627,0.3424657534246575,-21.456357955932617,-101.01643371582031,82.15899658203125,69.83533477783203,-2.1431074142456055,0.3880663812160492
088_purse,put the purse on the tray,4,1,52,3.511,1788429063.3931577,00003_front_put_the_purse_on_the_tray.png,00003_wrist_put_the_purse_on_the_tray.png,recap.png,50,8,85,86,-18.813186813186814,-102.02197802197803,88.83516483516483,73.49450549450549,-1.3626373626373627,0.3424657534246575,-21.450439453125,-101.1241226196289,82.14210510253906,69.93229675292969,-2.129606246948242,0.46735963225364685
088_purse,put the purse on the tray,4,1,52,3.511,1788429063.3931577,00003_front_put_the_purse_on_the_tray.png,00003_wrist_put_the_purse_on_the_tray.png,recap.png,50,9,86,87,-18.813186813186814,-102.02197802197803,88.83516483516483,73.49450549450549,-1.3626373626373627,0.3424657534246575,-21.211225509643555,-100.83968353271484,82.00413513183594,69.71022033691406,-2.0407018661499023,0.3530772924423218
088_purse,put the purse on the tray,4,1,52,3.511,1788429063.3931577,00003_front_put_the_purse_on_the_tray.png,00003_wrist_put_the_purse_on_the_tray.png,recap.png,50,10,87,88,-18.813186813186814,-102.02197802197803,88.83516483516483,73.49450549450549,-1.3626373626373627,0.3424657534246575,-21.367019653320312,-100.74295043945312,81.65426635742188,69.57470703125,-2.0318241119384766,0.4256216585636139
088_purse,put the purse on the tray,4,1,52,3.511,1788429063.3931577,00003_front_put_the_purse_on_the_tray.png,00003_wrist_put_the_purse_on_the_tray.png,recap.png,50,11,88,89,-18.813186813186814,-102.02197802197803,88.83516483516483,73.49450549450549,-1.3626373626373627,0.3424657534246575,-21.20549964904785,-99.85187530517578,81.99526977539062,69.42842864990234,-2.0643091201782227,0.41125616431236267
088_purse,put the purse on the tray,4,1,52,3.511,1788429063.3931577,00003_front_put_the_purse_on_the_tray.png,00003_wrist_put_the_purse_on_the_tray.png,recap.png,50,12,89,90,-18.813186813186814,-102.02197802197803,88.83516483516483,73.49450549450549,-1.3626373626373627,0.3424657534246575,-21.551895141601562,-100.05741119384766,81.76771545410156,69.3487319946289,-2.197542190551758,0.5161789059638977
088_purse,put the purse on the tray,4,1,52,3.511,1788429063.3931577,00003_front_put_the_purse_on_the_tray.png,00003_wrist_put_the_purse_on_the_tray.png,recap.png,50,13,90,91,-18.813186813186814,-102.02197802197803,88.83516483516483,73.49450549450549,-1.3626373626373627,0.3424657534246575,-21.508758544921875,-99.40880584716797,81.4576416015625,69.2685546875,-2.2305784225463867,0.34541603922843933
088_purse,put the purse on the tray,4,1,52,3.511,1788429063.3931577,00003_front_put_the_purse_on_the_tray.png,00003_wrist_put_the_purse_on_the_tray.png,recap.png,50,14,91,92,-18.813186813186814,-102.02197802197803,88.83516483516483,73.49450549450549,-1.3626373626373627,0.3424657534246575,-21.90419578552246,-98.95038604736328,81.26051330566406,69.06922149658203,-2.123044013977051,0.2886306643486023
088_purse,put the purse on the tray,4,1,52,3.511,1788429063.3931577,00003_front_put_the_purse_on_the_tray.png,00003_wrist_put_the_purse_on_the_tray.png,recap.png,50,15,92,93,-18.813186813186814,-102.02197802197803,88.83516483516483,73.49450549450549,-1.3626373626373627,0.3424657534246575,-21.964767456054688,-97.61363983154297,81.20294189453125,68.79869842529297,-2.4380064010620117,0.5194673538208008
088_purse,put the purse on the tray,4,1,52,3.511,1788429063.3931577,00003_front_put_the_purse_on_the_tray.png,00003_wrist_put_the_purse_on_the_tray.png,recap.png,50,16,93,94,-18.813186813186814,-102.02197802197803,88.83516483516483,73.49450549450549,-1.3626373626373627,0.3424657534246575,-22.084453582763672,-95.96109771728516,79.777587890625,68.53779602050781,-2.4881649017333984,0.5175958275794983
088_purse,put the purse on the tray,4,1,52,3.511,1788429063.3931577,00003_front_put_the_purse_on_the_tray.png,00003_wrist_put_the_purse_on_the_tray.png,recap.png,50,17,94,95,-18.813186813186814,-102.02197802197803,88.83516483516483,73.49450549450549,-1.3626373626373627,0.3424657534246575,-21.98491859436035,-94.67007446289062,78.87384033203125,67.678466796875,-2.5156431198120117,0.3822447955608368
088_purse,put the purse on the tray,4,1,52,3.511,1788429063.3931577,00003_front_put_the_purse_on_the_tray.png,00003_wrist_put_the_purse_on_the_tray.png,recap.png,50,18,95,96,-18.813186813186814,-102.02197802197803,88.83516483516483,73.49450549450549,-1.3626373626373627,0.3424657534246575,-22.071964263916016,-92.26123809814453,78.18495178222656,67.33364868164062,-2.5010786056518555,0.423689603805542
088_purse,put the purse on the tray,4,1,52,3.511,1788429063.3931577,00003_front_put_the_purse_on_the_tray.png,00003_wrist_put_the_purse_on_the_tray.png,recap.png,50,19,96,97,-18.813186813186814,-102.02197802197803,88.83516483516483,73.49450549450549,-1.3626373626373627,0.3424657534246575,-21.837329864501953,-89.7377700805664,76.95741271972656,66.71881103515625,-2.5499868392944336,0.46278178691864014
088_purse,put the purse on the tray,4,1,52,3.511,1788429063.3931577,00003_front_put_the_purse_on_the_tray.png,00003_wrist_put_the_purse_on_the_tray.png,recap.png,50,20,97,98,-18.813186813186814,-102.02197802197803,88.83516483516483,73.49450549450549,-1.3626373626373627,0.3424657534246575,-21.65813636779785,-87.39950561523438,76.23054504394531,65.8600845336914,-2.5627822875976562,0.4423058032989502
088_purse,put the purse on the tray,4,1,52,3.511,1788429063.3931577,00003_front_put_the_purse_on_the_tray.png,00003_wrist_put_the_purse_on_the_tray.png,recap.png,50,21,98,99,-18.813186813186814,-102.02197802197803,88.83516483516483,73.49450549450549,-1.3626373626373627,0.3424657534246575,-21.566410064697266,-85.16161346435547,75.05319213867188,65.47110748291016,-2.639920234680176,0.5708261728286743
088_purse,put the purse on the tray,4,1,52,3.511,1788429063.3931577,00003_front_put_the_purse_on_the_tray.png,00003_wrist_put_the_purse_on_the_tray.png,recap.png,50,22,99,100,-18.813186813186814,-102.02197802197803,88.83516483516483,73.49450549450549,-1.3626373626373627,0.3424657534246575,-21.504188537597656,-82.90226745605469,73.71571350097656,64.93782043457031,-2.7516117095947266,0.5124422907829285
088_purse,put the purse on the tray,4,1,52,3.511,1788429063.3931577,00003_front_put_the_purse_on_the_tray.png,00003_wrist_put_the_purse_on_the_tray.png,recap.png,50,23,100,101,-18.813186813186814,-102.02197802197803,88.83516483516483,73.49450549450549,-1.3626373626373627,0.3424657534246575,-21.490398406982422,-80.1765365600586,73.03437805175781,64.64715576171875,-2.7708044052124023,0.5619699954986572
088_purse,put the purse on the tray,4,1,52,3.511,1788429063.3931577,00003_front_put_the_purse_on_the_tray.png,00003_wrist_put_the_purse_on_the_tray.png,recap.png,50,24,101,102,-18.813186813186814,-102.02197802197803,88.83516483516483,73.49450549450549,-1.3626373626373627,0.3424657534246575,-21.325315475463867,-78.6453857421875,71.78578186035156,64.11882781982422,-2.8245697021484375,0.36698922514915466
088_purse,put the purse on the tray,5,1,76,4.414,1788429064.2934937,00004_front_put_the_purse_on_the_tray.png,00004_wrist_put_the_purse_on_the_tray.png,recap.png,50,0,102,103,-18.197802197802197,-98.24175824175825,82.32967032967034,69.45054945054945,-3.208791208791209,0.3424657534246575,-17.09735107421875,-49.871131896972656,54.00990295410156,65.94682312011719,-7.500361919403076,4.9686713218688965
088_purse,put the purse on the tray,5,1,76,4.414,1788429064.2934937,00004_front_put_the_purse_on_the_tray.png,00004_wrist_put_the_purse_on_the_tray.png,recap.png,50,1,103,104,-18.197802197802197,-98.24175824175825,82.32967032967034,69.45054945054945,-3.208791208791209,0.3424657534246575,-17.021875381469727,-48.44489288330078,53.05479431152344,66.01028442382812,-7.502669334411621,8.531095504760742
088_purse,put the purse on the tray,5,1,76,4.414,1788429064.2934937,00004_front_put_the_purse_on_the_tray.png,00004_wrist_put_the_purse_on_the_tray.png,recap.png,50,2,104,105,-18.197802197802197,-98.24175824175825,82.32967032967034,69.45054945054945,-3.208791208791209,0.3424657534246575,-16.96615982055664,-47.573463439941406,52.636932373046875,66.26605224609375,-7.6422953605651855,12.589825630187988
088_purse,put the purse on the tray,5,1,76,4.414,1788429064.2934937,00004_front_put_the_purse_on_the_tray.png,00004_wrist_put_the_purse_on_the_tray.png,recap.png,50,3,105,106,-18.197802197802197,-98.24175824175825,82.32967032967034,69.45054945054945,-3.208791208791209,0.3424657534246575,-16.75857162475586,-46.63087463378906,52.02410888671875,66.35597229003906,-7.7601799964904785,16.17598533630371
088_purse,put the purse on the tray,5,1,76,4.414,1788429064.2934937,00004_front_put_the_purse_on_the_tray.png,00004_wrist_put_the_purse_on_the_tray.png,recap.png,50,4,106,107,-18.197802197802197,-98.24175824175825,82.32967032967034,69.45054945054945,-3.208791208791209,0.3424657534246575,-16.49422836303711,-45.133052825927734,51.81422424316406,66.44416809082031,-7.880272388458252,18.991275787353516
088_purse,put the purse on the tray,5,1,76,4.414,1788429064.2934937,00004_front_put_the_purse_on_the_tray.png,00004_wrist_put_the_purse_on_the_tray.png,recap.png,50,5,107,108,-18.197802197802197,-98.24175824175825,82.32967032967034,69.45054945054945,-3.208791208791209,0.3424657534246575,-16.408357620239258,-43.66986846923828,50.644615173339844,66.69004821777344,-7.95101261138916,21.121673583984375
088_purse,put the purse on the tray,5,1,76,4.414,1788429064.2934937,00004_front_put_the_purse_on_the_tray.png,00004_wrist_put_the_purse_on_the_tray.png,recap.png,50,6,108,109,-18.197802197802197,-98.24175824175825,82.32967032967034,69.45054945054945,-3.208791208791209,0.3424657534246575,-15.938602447509766,-42.17303466796875,49.91261291503906,66.82603454589844,-7.936273097991943,22.84117317199707
088_purse,put the purse on the tray,5,1,76,4.414,1788429064.2934937,00004_front_put_the_purse_on_the_tray.png,00004_wrist_put_the_purse_on_the_tray.png,recap.png,50,7,109,110,-18.197802197802197,-98.24175824175825,82.32967032967034,69.45054945054945,-3.208791208791209,0.3424657534246575,-16.107641220092773,-40.63202667236328,48.78685760498047,67.24258422851562,-8.08401107788086,24.271259307861328
088_purse,put the purse on the tray,5,1,76,4.414,1788429064.2934937,00004_front_put_the_purse_on_the_tray.png,00004_wrist_put_the_purse_on_the_tray.png,recap.png,50,8,110,111,-18.197802197802197,-98.24175824175825,82.32967032967034,69.45054945054945,-3.208791208791209,0.3424657534246575,-15.85757827758789,-39.713836669921875,48.09565734863281,67.2990493774414,-8.03619384765625,25.309186935424805
088_purse,put the purse on the tray,5,1,76,4.414,1788429064.2934937,00004_front_put_the_purse_on_the_tray.png,00004_wrist_put_the_purse_on_the_tray.png,recap.png,50,9,111,112,-18.197802197802197,-98.24175824175825,82.32967032967034,69.45054945054945,-3.208791208791209,0.3424657534246575,-15.71635627746582,-38.721099853515625,47.405784606933594,67.4060287475586,-8.157755851745605,26.136653900146484
088_purse,put the purse on the tray,5,1,76,4.414,1788429064.2934937,00004_front_put_the_purse_on_the_tray.png,00004_wrist_put_the_purse_on_the_tray.png,recap.png,50,10,112,113,-18.197802197802197,-98.24175824175825,82.32967032967034,69.45054945054945,-3.208791208791209,0.3424657534246575,-15.795797348022461,-37.60087585449219,46.37202453613281,67.51802062988281,-8.152679443359375,27.01911735534668
088_purse,put the purse on the tray,5,1,76,4.414,1788429064.2934937,00004_front_put_the_purse_on_the_tray.png,00004_wrist_put_the_purse_on_the_tray.png,recap.png,50,11,113,114,-18.197802197802197,-98.24175824175825,82.32967032967034,69.45054945054945,-3.208791208791209,0.3424657534246575,-15.914310455322266,-36.597503662109375,45.687957763671875,67.58155059814453,-8.146500587463379,27.50393295288086
088_purse,put the purse on the tray,5,1,76,4.414,1788429064.2934937,00004_front_put_the_purse_on_the_tray.png,00004_wrist_put_the_purse_on_the_tray.png,recap.png,50,12,114,115,-18.197802197802197,-98.24175824175825,82.32967032967034,69.45054945054945,-3.208791208791209,0.3424657534246575,-15.703521728515625,-35.47700500488281,45.25871276855469,67.53762817382812,-8.100818634033203,27.881202697753906
088_purse,put the purse on the tray,5,1,76,4.414,1788429064.2934937,00004_front_put_the_purse_on_the_tray.png,00004_wrist_put_the_purse_on_the_tray.png,recap.png,50,13,115,116,-18.197802197802197,-98.24175824175825,82.32967032967034,69.45054945054945,-3.208791208791209,0.3424657534246575,-15.83962631225586,-34.74223327636719,44.53624725341797,67.58819580078125,-8.197385787963867,27.85426139831543
088_purse,put the purse on the tray,5,1,76,4.414,1788429064.2934937,00004_front_put_the_purse_on_the_tray.png,00004_wrist_put_the_purse_on_the_tray.png,recap.png,50,14,116,117,-18.197802197802197,-98.24175824175825,82.32967032967034,69.45054945054945,-3.208791208791209,0.3424657534246575,-15.820989608764648,-34.64751434326172,44.553680419921875,67.49424743652344,-8.167256355285645,28.077713012695312
088_purse,put the purse on the tray,5,1,76,4.414,1788429064.2934937,00004_front_put_the_purse_on_the_tray.png,00004_wrist_put_the_purse_on_the_tray.png,recap.png,50,15,117,118,-18.197802197802197,-98.24175824175825,82.32967032967034,69.45054945054945,-3.208791208791209,0.3424657534246575,-15.815999984741211,-33.700828552246094,44.3206787109375,67.27427673339844,-8.176579475402832,28.08094596862793
088_purse,put the purse on the tray,5,1,76,4.414,1788429064.2934937,00004_front_put_the_purse_on_the_tray.png,00004_wrist_put_the_purse_on_the_tray.png,recap.png,50,16,118,119,-18.197802197802197,-98.24175824175825,82.32967032967034,69.45054945054945,-3.208791208791209,0.3424657534246575,-15.885669708251953,-32.808998107910156,43.967018127441406,67.37088775634766,-8.091665267944336,28.235944747924805
088_purse,put the purse on the tray,5,1,76,4.414,1788429064.2934937,00004_front_put_the_purse_on_the_tray.png,00004_wrist_put_the_purse_on_the_tray.png,recap.png,50,17,119,120,-18.197802197802197,-98.24175824175825,82.32967032967034,69.45054945054945,-3.208791208791209,0.3424657534246575,-15.957094192504883,-32.21476745605469,44.440643310546875,67.33311462402344,-8.043023109436035,28.455034255981445
088_purse,put the purse on the tray,5,1,76,4.414,1788429064.2934937,00004_front_put_the_purse_on_the_tray.png,00004_wrist_put_the_purse_on_the_tray.png,recap.png,50,18,120,121,-18.197802197802197,-98.24175824175825,82.32967032967034,69.45054945054945,-3.208791208791209,0.3424657534246575,-16.191736221313477,-32.00733184814453,43.76305389404297,67.38374328613281,-8.124269485473633,28.727279663085938
088_purse,put the purse on the tray,5,1,76,4.414,1788429064.2934937,00004_front_put_the_purse_on_the_tray.png,00004_wrist_put_the_purse_on_the_tray.png,recap.png,50,19,121,122,-18.197802197802197,-98.24175824175825,82.32967032967034,69.45054945054945,-3.208791208791209,0.3424657534246575,-16.078197479248047,-31.602645874023438,43.99437713623047,67.33624267578125,-7.979888439178467,28.78803825378418
088_purse,put the purse on the tray,5,1,76,4.414,1788429064.2934937,00004_front_put_the_purse_on_the_tray.png,00004_wrist_put_the_purse_on_the_tray.png,recap.png,50,20,122,123,-18.197802197802197,-98.24175824175825,82.32967032967034,69.45054945054945,-3.208791208791209,0.3424657534246575,-16.276443481445312,-30.655906677246094,44.21916961669922,67.23145294189453,-8.039121627807617,28.917932510375977
088_purse,put the purse on the tray,5,1,76,4.414,1788429064.2934937,00004_front_put_the_purse_on_the_tray.png,00004_wrist_put_the_purse_on_the_tray.png,recap.png,50,21,123,124,-18.197802197802197,-98.24175824175825,82.32967032967034,69.45054945054945,-3.208791208791209,0.3424657534246575,-16.116397857666016,-30.109786987304688,44.00386047363281,67.21690368652344,-7.84161376953125,28.98131561279297
088_purse,put the purse on the tray,5,1,76,4.414,1788429064.2934937,00004_front_put_the_purse_on_the_tray.png,00004_wrist_put_the_purse_on_the_tray.png,recap.png,50,22,124,125,-18.197802197802197,-98.24175824175825,82.32967032967034,69.45054945054945,-3.208791208791209,0.3424657534246575,-16.12967300415039,-29.75664520263672,43.07746124267578,67.21895599365234,-7.765153408050537,29.160789489746094
088_purse,put the purse on the tray,5,1,76,4.414,1788429064.2934937,00004_front_put_the_purse_on_the_tray.png,00004_wrist_put_the_purse_on_the_tray.png,recap.png,50,23,125,126,-18.197802197802197,-98.24175824175825,82.32967032967034,69.45054945054945,-3.208791208791209,0.3424657534246575,-16.369016647338867,-29.158309936523438,43.9339599609375,67.23059844970703,-7.6428632736206055,29.42955780029297
088_purse,put the purse on the tray,6,1,101,5.351,1788429065.2294421,00005_front_put_the_purse_on_the_tray.png,00005_wrist_put_the_purse_on_the_tray.png,recap.png,50,0,126,127,-21.802197802197803,-85.4065934065934,77.23076923076923,66.63736263736264,-2.5934065934065935,0.3424657534246575,-20.990453720092773,-41.72261428833008,46.55866241455078,70.47843933105469,-5.858768939971924,16.908954620361328
088_purse,put the purse on the tray,6,1,101,5.351,1788429065.2294421,00005_front_put_the_purse_on_the_tray.png,00005_wrist_put_the_purse_on_the_tray.png,recap.png,50,1,127,128,-21.802197802197803,-85.4065934065934,77.23076923076923,66.63736263736264,-2.5934065934065935,0.3424657534246575,-20.643604278564453,-40.269493103027344,45.93043518066406,70.68614196777344,-5.911916255950928,18.106603622436523
088_purse,put the purse on the tray,6,1,101,5.351,1788429065.2294421,00005_front_put_the_purse_on_the_tray.png,00005_wrist_put_the_purse_on_the_tray.png,recap.png,50,2,128,129,-21.802197802197803,-85.4065934065934,77.23076923076923,66.63736263736264,-2.5934065934065935,0.3424657534246575,-20.670482635498047,-39.276344299316406,45.46790313720703,70.87482452392578,-5.9927144050598145,19.399120330810547
088_purse,put the purse on the tray,6,1,101,5.351,1788429065.2294421,00005_front_put_the_purse_on_the_tray.png,00005_wrist_put_the_purse_on_the_tray.png,recap.png,50,3,129,130,-21.802197802197803,-85.4065934065934,77.23076923076923,66.63736263736264,-2.5934065934065935,0.3424657534246575,-20.94283103942871,-37.989723205566406,45.14117431640625,71.35971069335938,-6.028423309326172,20.381784439086914
088_purse,put the purse on the tray,6,1,101,5.351,1788429065.2294421,00005_front_put_the_purse_on_the_tray.png,00005_wrist_put_the_purse_on_the_tray.png,recap.png,50,4,130,131,-21.802197802197803,-85.4065934065934,77.23076923076923,66.63736263736264,-2.5934065934065935,0.3424657534246575,-21.087692260742188,-37.92180633544922,44.405120849609375,71.22605895996094,-6.161097049713135,21.61598777770996
088_purse,put the purse on the tray,6,1,101,5.351,1788429065.2294421,00005_front_put_the_purse_on_the_tray.png,00005_wrist_put_the_purse_on_the_tray.png,recap.png,50,5,131,132,-21.802197802197803,-85.4065934065934,77.23076923076923,66.63736263736264,-2.5934065934065935,0.3424657534246575,-20.942859649658203,-36.86766052246094,44.42218017578125,71.21744537353516,-6.203365325927734,22.91105842590332
088_purse,put the purse on the tray,6,1,101,5.351,1788429065.2294421,00005_front_put_the_purse_on_the_tray.png,00005_wrist_put_the_purse_on_the_tray.png,recap.png,50,6,132,133,-21.802197802197803,-85.4065934065934,77.23076923076923,66.63736263736264,-2.5934065934065935,0.3424657534246575,-20.740684509277344,-36.08045959472656,44.115257263183594,71.18555450439453,-6.196284770965576,24.40888786315918
088_purse,put the purse on the tray,6,1,101,5.351,1788429065.2294421,00005_front_put_the_purse_on_the_tray.png,00005_wrist_put_the_purse_on_the_tray.png,recap.png,50,7,133,134,-21.802197802197803,-85.4065934065934,77.23076923076923,66.63736263736264,-2.5934065934065935,0.3424657534246575,-21.052734375,-35.78693389892578,43.632476806640625,71.21257019042969,-6.244581699371338,25.875967025756836
088_purse,put the purse on the tray,6,1,101,5.351,1788429065.2294421,00005_front_put_the_purse_on_the_tray.png,00005_wrist_put_the_purse_on_the_tray.png,recap.png,50,8,134,135,-21.802197802197803,-85.4065934065934,77.23076923076923,66.63736263736264,-2.5934065934065935,0.3424657534246575,-21.087989807128906,-34.39155578613281,43.27528381347656,71.08624267578125,-6.23833703994751,27.027109146118164
088_purse,put the purse on the tray,6,1,101,5.351,1788429065.2294421,00005_front_put_the_purse_on_the_tray.png,00005_wrist_put_the_purse_on_the_tray.png,recap.png,50,9,135,136,-21.802197802197803,-85.4065934065934,77.23076923076923,66.63736263736264,-2.5934065934065935,0.3424657534246575,-21.061418533325195,-33.44499206542969,43.279518127441406,71.06732940673828,-6.294859409332275,28.102806091308594
088_purse,put the purse on the tray,6,1,101,5.351,1788429065.2294421,00005_front_put_the_purse_on_the_tray.png,00005_wrist_put_the_purse_on_the_tray.png,recap.png,50,10,136,137,-21.802197802197803,-85.4065934065934,77.23076923076923,66.63736263736264,-2.5934065934065935,0.3424657534246575,-21.181926727294922,-32.88981628417969,43.040008544921875,71.10492706298828,-6.3078083992004395,28.835063934326172
088_purse,put the purse on the tray,6,1,101,5.351,1788429065.2294421,00005_front_put_the_purse_on_the_tray.png,00005_wrist_put_the_purse_on_the_tray.png,recap.png,50,11,137,138,-21.802197802197803,-85.4065934065934,77.23076923076923,66.63736263736264,-2.5934065934065935,0.3424657534246575,-21.236602783203125,-31.709312438964844,42.41383361816406,71.13751983642578,-6.351473331451416,29.61976432800293
088_purse,put the purse on the tray,6,1,101,5.351,1788429065.2294421,00005_front_put_the_purse_on_the_tray.png,00005_wrist_put_the_purse_on_the_tray.png,recap.png,50,12,138,139,-21.802197802197803,-85.4065934065934,77.23076923076923,66.63736263736264,-2.5934065934065935,0.3424657534246575,-21.274471282958984,-30.851303100585938,42.137855529785156,71.07528686523438,-6.355923652648926,30.03898811340332
088_purse,put the purse on the tray,6,1,101,5.351,1788429065.2294421,00005_front_put_the_purse_on_the_tray.png,00005_wrist_put_the_purse_on_the_tray.png,recap.png,50,13,139,140,-21.802197802197803,-85.4065934065934,77.23076923076923,66.63736263736264,-2.5934065934065935,0.3424657534246575,-21.12702751159668,-29.841697692871094,41.60919189453125,71.11439514160156,-6.487895488739014,30.359439849853516
088_purse,put the purse on the tray,6,1,101,5.351,1788429065.2294421,00005_front_put_the_purse_on_the_tray.png,00005_wrist_put_the_purse_on_the_tray.png,recap.png,50,14,140,141,-21.802197802197803,-85.4065934065934,77.23076923076923,66.63736263736264,-2.5934065934065935,0.3424657534246575,-21.330284118652344,-28.748207092285156,41.137672424316406,71.17774963378906,-6.443969249725342,30.310834884643555
088_purse,put the purse on the tray,6,1,101,5.351,1788429065.2294421,00005_front_put_the_purse_on_the_tray.png,00005_wrist_put_the_purse_on_the_tray.png,recap.png,50,15,141,142,-21.802197802197803,-85.4065934065934,77.23076923076923,66.63736263736264,-2.5934065934065935,0.3424657534246575,-21.569459915161133,-27.573760986328125,41.00520324707031,71.27281188964844,-6.414710998535156,30.183734893798828
088_purse,put the purse on the tray,6,1,101,5.351,1788429065.2294421,00005_front_put_the_purse_on_the_tray.png,00005_wrist_put_the_purse_on_the_tray.png,recap.png,50,16,142,143,-21.802197802197803,-85.4065934065934,77.23076923076923,66.63736263736264,-2.5934065934065935,0.3424657534246575,-21.438899993896484,-27.079200744628906,40.55757141113281,71.12245178222656,-6.482147693634033,30.09005355834961
088_purse,put the purse on the tray,6,1,101,5.351,1788429065.2294421,00005_front_put_the_purse_on_the_tray.png,00005_wrist_put_the_purse_on_the_tray.png,recap.png,50,17,143,144,-21.802197802197803,-85.4065934065934,77.23076923076923,66.63736263736264,-2.5934065934065935,0.3424657534246575,-21.134521484375,-26.475296020507812,40.29438018798828,70.90179443359375,-6.671618938446045,30.1259708404541
088_purse,put the purse on the tray,6,1,101,5.351,1788429065.2294421,00005_front_put_the_purse_on_the_tray.png,00005_wrist_put_the_purse_on_the_tray.png,recap.png,50,18,144,145,-21.802197802197803,-85.4065934065934,77.23076923076923,66.63736263736264,-2.5934065934065935,0.3424657534246575,-21.411846160888672,-25.54534912109375,39.63310241699219,70.9631118774414,-6.573690891265869,30.27088165283203
088_purse,put the purse on the tray,6,1,101,5.351,1788429065.2294421,00005_front_put_the_purse_on_the_tray.png,00005_wrist_put_the_purse_on_the_tray.png,recap.png,50,19,145,146,-21.802197802197803,-85.4065934065934,77.23076923076923,66.63736263736264,-2.5934065934065935,0.3424657534246575,-21.14515495300293,-24.43860626220703,39.22438049316406,70.82186126708984,-6.6030659675598145,30.415752410888672
088_purse,put the purse on the tray,6,1,101,5.351,1788429065.2294421,00005_front_put_the_purse_on_the_tray.png,00005_wrist_put_the_purse_on_the_tray.png,recap.png,50,20,146,147,-21.802197802197803,-85.4065934065934,77.23076923076923,66.63736263736264,-2.5934065934065935,0.3424657534246575,-21.287151336669922,-23.96576690673828,39.26417541503906,70.77621459960938,-6.623829364776611,30.714712142944336
088_purse,put the purse on the tray,6,1,101,5.351,1788429065.2294421,00005_front_put_the_purse_on_the_tray.png,00005_wrist_put_the_purse_on_the_tray.png,recap.png,50,21,147,148,-21.802197802197803,-85.4065934065934,77.23076923076923,66.63736263736264,-2.5934065934065935,0.3424657534246575,-21.224361419677734,-22.983238220214844,39.11840057373047,70.74866485595703,-6.568049430847168,31.022207260131836
088_purse,put the purse on the tray,6,1,101,5.351,1788429065.2294421,00005_front_put_the_purse_on_the_tray.png,00005_wrist_put_the_purse_on_the_tray.png,recap.png,50,22,148,149,-21.802197802197803,-85.4065934065934,77.23076923076923,66.63736263736264,-2.5934065934065935,0.3424657534246575,-21.313993453979492,-23.348106384277344,38.82771301269531,70.74876403808594,-6.738171100616455,31.47038459777832
088_purse,put the purse on the tray,6,1,101,5.351,1788429065.2294421,00005_front_put_the_purse_on_the_tray.png,00005_wrist_put_the_purse_on_the_tray.png,recap.png,50,23,149,150,-21.802197802197803,-85.4065934065934,77.23076923076923,66.63736263736264,-2.5934065934065935,0.3424657534246575,-21.203704833984375,-21.54668426513672,38.28862762451172,70.54635620117188,-6.689550399780273,31.96471405029297
088_purse,put the purse on the tray,6,1,101,5.351,1788429065.2294421,00005_front_put_the_purse_on_the_tray.png,00005_wrist_put_the_purse_on_the_tray.png,recap.png,50,24,150,151,-21.802197802197803,-85.4065934065934,77.23076923076923,66.63736263736264,-2.5934065934065935,0.3424657534246575,-21.202817916870117,-20.73670196533203,38.50691223144531,70.3134994506836,-6.875700950622559,32.649559020996094
088_purse,put the purse on the tray,7,1,125,6.22,1788429066.0997412,00006_front_put_the_purse_on_the_tray.png,00006_wrist_put_the_purse_on_the_tray.png,recap.png,50,0,151,152,-16.35164835164835,-30.197802197802197,46.285714285714285,67.16483516483517,-7.6923076923076925,28.493150684931507,-16.865028381347656,-4.7125244140625,34.66173553466797,64.75568389892578,-8.217503547668457,36.71446228027344
088_purse,put the purse on the tray,7,1,125,6.22,1788429066.0997412,00006_front_put_the_purse_on_the_tray.png,00006_wrist_put_the_purse_on_the_tray.png,recap.png,50,1,152,153,-16.35164835164835,-30.197802197802197,46.285714285714285,67.16483516483517,-7.6923076923076925,28.493150684931507,-16.65681266784668,-3.5072174072265625,33.844383239746094,64.55183410644531,-8.148454666137695,36.65950393676758
088_purse,put the purse on the tray,7,1,125,6.22,1788429066.0997412,00006_front_put_the_purse_on_the_tray.png,00006_wrist_put_the_purse_on_the_tray.png,recap.png,50,2,153,154,-16.35164835164835,-30.197802197802197,46.285714285714285,67.16483516483517,-7.6923076923076925,28.493150684931507,-16.78130340576172,-2.7776107788085938,34.11469268798828,64.49754333496094,-8.226221084594727,36.707801818847656
088_purse,put the purse on the tray,7,1,125,6.22,1788429066.0997412,00006_front_put_the_purse_on_the_tray.png,00006_wrist_put_the_purse_on_the_tray.png,recap.png,50,3,154,155,-16.35164835164835,-30.197802197802197,46.285714285714285,67.16483516483517,-7.6923076923076925,28.493150684931507,-16.526819229125977,-1.4534225463867188,33.516151428222656,64.50028228759766,-8.115056991577148,36.6954231262207
088_purse,put the purse on the tray,7,1,125,6.22,1788429066.0997412,00006_front_put_the_purse_on_the_tray.png,00006_wrist_put_the_purse_on_the_tray.png,recap.png,50,4,155,156,-16.35164835164835,-30.197802197802197,46.285714285714285,67.16483516483517,-7.6923076923076925,28.493150684931507,-16.316604614257812,-1.278900146484375,33.1800537109375,64.56941986083984,-8.200708389282227,36.72161102294922
088_purse,put the purse on the tray,7,1,125,6.22,1788429066.0997412,00006_front_put_the_purse_on_the_tray.png,00006_wrist_put_the_purse_on_the_tray.png,recap.png,50,5,156,157,-16.35164835164835,-30.197802197802197,46.285714285714285,67.16483516483517,-7.6923076923076925,28.493150684931507,-16.598657608032227,0.49648284912109375,32.143104553222656,64.45616912841797,-8.203397750854492,36.69889450073242
088_purse,put the purse on the tray,7,1,125,6.22,1788429066.0997412,00006_front_put_the_purse_on_the_tray.png,00006_wrist_put_the_purse_on_the_tray.png,recap.png,50,6,157,158,-16.35164835164835,-30.197802197802197,46.285714285714285,67.16483516483517,-7.6923076923076925,28.493150684931507,-16.702014923095703,1.0443801879882812,31.922996520996094,64.34489440917969,-8.24012279510498,36.6508903503418
088_purse,put the purse on the tray,7,1,125,6.22,1788429066.0997412,00006_front_put_the_purse_on_the_tray.png,00006_wrist_put_the_purse_on_the_tray.png,recap.png,50,7,158,159,-16.35164835164835,-30.197802197802197,46.285714285714285,67.16483516483517,-7.6923076923076925,28.493150684931507,-16.268945693969727,2.1616973876953125,31.601318359375,64.13919067382812,-8.142717361450195,36.799564361572266
088_purse,put the purse on the tray,7,1,125,6.22,1788429066.0997412,00006_front_put_the_purse_on_the_tray.png,00006_wrist_put_the_purse_on_the_tray.png,recap.png,50,8,159,160,-16.35164835164835,-30.197802197802197,46.285714285714285,67.16483516483517,-7.6923076923076925,28.493150684931507,-16.154754638671875,2.5482406616210938,31.353172302246094,64.2627944946289,-8.125792503356934,36.62239074707031
088_purse,put the purse on the tray,7,1,125,6.22,1788429066.0997412,00006_front_put_the_purse_on_the_tray.png,00006_wrist_put_the_purse_on_the_tray.png,recap.png,50,9,160,161,-16.35164835164835,-30.197802197802197,46.285714285714285,67.16483516483517,-7.6923076923076925,28.493150684931507,-16.07815170288086,3.4145278930664062,31.500747680664062,64.23352813720703,-8.133593559265137,36.73163986206055
088_purse,put the purse on the tray,7,1,125,6.22,1788429066.0997412,00006_front_put_the_purse_on_the_tray.png,00006_wrist_put_the_purse_on_the_tray.png,recap.png,50,10,161,162,-16.35164835164835,-30.197802197802197,46.285714285714285,67.16483516483517,-7.6923076923076925,28.493150684931507,-15.869314193725586,4.4819183349609375,30.318153381347656,64.63644409179688,-8.07620906829834,36.264156341552734
088_purse,put the purse on the tray,7,1,125,6.22,1788429066.0997412,00006_front_put_the_purse_on_the_tray.png,00006_wrist_put_the_purse_on_the_tray.png,recap.png,50,11,162,163,-16.35164835164835,-30.197802197802197,46.285714285714285,67.16483516483517,-7.6923076923076925,28.493150684931507,-16.126142501831055,4.912750244140625,30.945472717285156,64.82740783691406,-8.016212463378906,35.17608642578125
088_purse,put the purse on the tray,7,1,125,6.22,1788429066.0997412,00006_front_put_the_purse_on_the_tray.png,00006_wrist_put_the_purse_on_the_tray.png,recap.png,50,12,163,164,-16.35164835164835,-30.197802197802197,46.285714285714285,67.16483516483517,-7.6923076923076925,28.493150684931507,-15.878028869628906,5.287811279296875,29.722396850585938,64.84456634521484,-7.9603118896484375,33.43718338012695
088_purse,put the purse on the tray,7,1,125,6.22,1788429066.0997412,00006_front_put_the_purse_on_the_tray.png,00006_wrist_put_the_purse_on_the_tray.png,recap.png,50,13,164,165,-16.35164835164835,-30.197802197802197,46.285714285714285,67.16483516483517,-7.6923076923076925,28.493150684931507,-15.858842849731445,5.730369567871094,29.514793395996094,65.22102355957031,-7.974208354949951,30.745073318481445
088_purse,put the purse on the tray,7,1,125,6.22,1788429066.0997412,00006_front_put_the_purse_on_the_tray.png,00006_wrist_put_the_purse_on_the_tray.png,recap.png,50,14,165,166,-16.35164835164835,-30.197802197802197,46.285714285714285,67.16483516483517,-7.6923076923076925,28.493150684931507,-15.69110107421875,5.949989318847656,29.23363494873047,65.16365051269531,-8.017362594604492,27.959993362426758
088_purse,put the purse on the tray,7,1,125,6.22,1788429066.0997412,00006_front_put_the_purse_on_the_tray.png,00006_wrist_put_the_purse_on_the_tray.png,recap.png,50,15,166,167,-16.35164835164835,-30.197802197802197,46.285714285714285,67.16483516483517,-7.6923076923076925,28.493150684931507,-15.528547286987305,5.4437255859375,28.28907012939453,65.39704132080078,-7.901554584503174,24.782447814941406
088_purse,put the purse on the tray,7,1,125,6.22,1788429066.0997412,00006_front_put_the_purse_on_the_tray.png,00006_wrist_put_the_purse_on_the_tray.png,recap.png,50,16,167,168,-16.35164835164835,-30.197802197802197,46.285714285714285,67.16483516483517,-7.6923076923076925,28.493150684931507,-15.455711364746094,5.776580810546875,28.38953399658203,65.50436401367188,-7.804637432098389,21.618751525878906
088_purse,put the purse on the tray,7,1,125,6.22,1788429066.0997412,00006_front_put_the_purse_on_the_tray.png,00006_wrist_put_the_purse_on_the_tray.png,recap.png,50,17,168,169,-16.35164835164835,-30.197802197802197,46.285714285714285,67.16483516483517,-7.6923076923076925,28.493150684931507,-15.52448844909668,6.2364654541015625,28.107276916503906,65.627685546875,-7.661228179931641,18.50400733947754
088_purse,put the purse on the tray,7,1,125,6.22,1788429066.0997412,00006_front_put_the_purse_on_the_tray.png,00006_wrist_put_the_purse_on_the_tray.png,recap.png,50,18,169,170,-16.35164835164835,-30.197802197802197,46.285714285714285,67.16483516483517,-7.6923076923076925,28.493150684931507,-15.164033889770508,6.288063049316406,27.829696655273438,65.87097930908203,-7.540141582489014,16.010391235351562
088_purse,put the purse on the tray,7,1,125,6.22,1788429066.0997412,00006_front_put_the_purse_on_the_tray.png,00006_wrist_put_the_purse_on_the_tray.png,recap.png,50,19,170,171,-16.35164835164835,-30.197802197802197,46.285714285714285,67.16483516483517,-7.6923076923076925,28.493150684931507,-15.263923645019531,6.5612945556640625,27.644866943359375,66.00013732910156,-7.513012409210205,13.962719917297363
088_purse,put the purse on the tray,7,1,125,6.22,1788429066.0997412,00006_front_put_the_purse_on_the_tray.png,00006_wrist_put_the_purse_on_the_tray.png,recap.png,50,20,171,172,-16.35164835164835,-30.197802197802197,46.285714285714285,67.16483516483517,-7.6923076923076925,28.493150684931507,-15.491409301757812,6.7195587158203125,27.686927795410156,66.05412292480469,-7.558271884918213,12.584268569946289
088_purse,put the purse on the tray,7,1,125,6.22,1788429066.0997412,00006_front_put_the_purse_on_the_tray.png,00006_wrist_put_the_purse_on_the_tray.png,recap.png,50,21,172,173,-16.35164835164835,-30.197802197802197,46.285714285714285,67.16483516483517,-7.6923076923076925,28.493150684931507,-15.488019943237305,7.585884094238281,27.30773162841797,66.91204833984375,-7.442210674285889,11.677735328674316
088_purse,put the purse on the tray,7,1,125,6.22,1788429066.0997412,00006_front_put_the_purse_on_the_tray.png,00006_wrist_put_the_purse_on_the_tray.png,recap.png,50,22,173,174,-16.35164835164835,-30.197802197802197,46.285714285714285,67.16483516483517,-7.6923076923076925,28.493150684931507,-15.430652618408203,6.4824981689453125,26.657333374023438,67.21183013916016,-7.51543664932251,10.803009986877441
088_purse,put the purse on the tray,7,1,125,6.22,1788429066.0997412,00006_front_put_the_purse_on_the_tray.png,00006_wrist_put_the_purse_on_the_tray.png,recap.png,50,23,174,175,-16.35164835164835,-30.197802197802197,46.285714285714285,67.16483516483517,-7.6923076923076925,28.493150684931507,-15.770524978637695,6.3340606689453125,26.174766540527344,67.86151123046875,-7.458654880523682,10.238309860229492
088_purse,put the purse on the tray,8,1,150,7.156,1788429067.0356464,00007_front_put_the_purse_on_the_tray.png,00007_wrist_put_the_purse_on_the_tray.png,recap.png,50,0,175,176,-21.36263736263736,-23.34065934065934,41.0989010989011,71.03296703296704,-6.549450549450549,30.89041095890411,-22.082416534423828,2.6081390380859375,32.75852966308594,63.51652526855469,-6.2088494300842285,34.275081634521484
088_purse,put the purse on the tray,8,1,150,7.156,1788429067.0356464,00007_front_put_the_purse_on_the_tray.png,00007_wrist_put_the_purse_on_the_tray.png,recap.png,50,1,176,177,-21.36263736263736,-23.34065934065934,41.0989010989011,71.03296703296704,-6.549450549450549,30.89041095890411,-21.61568832397461,2.928955078125,32.74921417236328,63.46231460571289,-6.19586181640625,34.360870361328125
088_purse,put the purse on the tray,8,1,150,7.156,1788429067.0356464,00007_front_put_the_purse_on_the_tray.png,00007_wrist_put_the_purse_on_the_tray.png,recap.png,50,2,177,178,-21.36263736263736,-23.34065934065934,41.0989010989011,71.03296703296704,-6.549450549450549,30.89041095890411,-21.870906829833984,4.368751525878906,31.859474182128906,63.24942398071289,-6.184804916381836,34.347938537597656
088_purse,put the purse on the tray,8,1,150,7.156,1788429067.0356464,00007_front_put_the_purse_on_the_tray.png,00007_wrist_put_the_purse_on_the_tray.png,recap.png,50,3,178,179,-21.36263736263736,-23.34065934065934,41.0989010989011,71.03296703296704,-6.549450549450549,30.89041095890411,-21.814111709594727,5.01666259765625,31.090232849121094,63.23627853393555,-6.131782054901123,34.167362213134766
088_purse,put the purse on the tray,8,1,150,7.156,1788429067.0356464,00007_front_put_the_purse_on_the_tray.png,00007_wrist_put_the_purse_on_the_tray.png,recap.png,50,4,179,180,-21.36263736263736,-23.34065934065934,41.0989010989011,71.03296703296704,-6.549450549450549,30.89041095890411,-21.522953033447266,4.6767425537109375,31.649932861328125,63.38223648071289,-6.105341911315918,33.25297927856445
088_purse,put the purse on the tray,8,1,150,7.156,1788429067.0356464,00007_front_put_the_purse_on_the_tray.png,00007_wrist_put_the_purse_on_the_tray.png,recap.png,50,5,180,181,-21.36263736263736,-23.34065934065934,41.0989010989011,71.03296703296704,-6.549450549450549,30.89041095890411,-21.31548500061035,5.4883270263671875,31.062171936035156,63.72469711303711,-5.996935844421387,31.61728858947754
088_purse,put the purse on the tray,8,1,150,7.156,1788429067.0356464,00007_front_put_the_purse_on_the_tray.png,00007_wrist_put_the_purse_on_the_tray.png,recap.png,50,6,181,182,-21.36263736263736,-23.34065934065934,41.0989010989011,71.03296703296704,-6.549450549450549,30.89041095890411,-21.090621948242188,5.690948486328125,30.3341064453125,64.0812759399414,-5.931605339050293,29.070268630981445
088_purse,put the purse on the tray,8,1,150,7.156,1788429067.0356464,00007_front_put_the_purse_on_the_tray.png,00007_wrist_put_the_purse_on_the_tray.png,recap.png,50,7,182,183,-21.36263736263736,-23.34065934065934,41.0989010989011,71.03296703296704,-6.549450549450549,30.89041095890411,-20.9976806640625,6.193939208984375,29.73157501220703,64.14661407470703,-5.857236385345459,26.124786376953125
088_purse,put the purse on the tray,8,1,150,7.156,1788429067.0356464,00007_front_put_the_purse_on_the_tray.png,00007_wrist_put_the_purse_on_the_tray.png,recap.png,50,8,183,184,-21.36263736263736,-23.34065934065934,41.0989010989011,71.03296703296704,-6.549450549450549,30.89041095890411,-20.807273864746094,6.401298522949219,29.291839599609375,64.40221405029297,-5.822632312774658,23.048974990844727
088_purse,put the purse on the tray,8,1,150,7.156,1788429067.0356464,00007_front_put_the_purse_on_the_tray.png,00007_wrist_put_the_purse_on_the_tray.png,recap.png,50,9,184,185,-21.36263736263736,-23.34065934065934,41.0989010989011,71.03296703296704,-6.549450549450549,30.89041095890411,-20.980571746826172,6.843788146972656,29.055374145507812,64.54090118408203,-5.740600109100342,20.071550369262695
088_purse,put the purse on the tray,8,1,150,7.156,1788429067.0356464,00007_front_put_the_purse_on_the_tray.png,00007_wrist_put_the_purse_on_the_tray.png,recap.png,50,10,185,186,-21.36263736263736,-23.34065934065934,41.0989010989011,71.03296703296704,-6.549450549450549,30.89041095890411,-20.285751342773438,6.3406524658203125,28.168128967285156,64.8222885131836,-5.5554962158203125,17.249584197998047
088_purse,put the purse on the tray,8,1,150,7.156,1788429067.0356464,00007_front_put_the_purse_on_the_tray.png,00007_wrist_put_the_purse_on_the_tray.png,recap.png,50,11,186,187,-21.36263736263736,-23.34065934065934,41.0989010989011,71.03296703296704,-6.549450549450549,30.89041095890411,-20.15535545349121,7.1876220703125,28.356277465820312,65.08401489257812,-5.659503936767578,14.872537612915039
088_purse,put the purse on the tray,8,1,150,7.156,1788429067.0356464,00007_front_put_the_purse_on_the_tray.png,00007_wrist_put_the_purse_on_the_tray.png,recap.png,50,12,187,188,-21.36263736263736,-23.34065934065934,41.0989010989011,71.03296703296704,-6.549450549450549,30.89041095890411,-19.928203582763672,5.998626708984375,27.39795684814453,65.3700942993164,-5.664703369140625,12.970778465270996
088_purse,put the purse on the tray,8,1,150,7.156,1788429067.0356464,00007_front_put_the_purse_on_the_tray.png,00007_wrist_put_the_purse_on_the_tray.png,recap.png,50,13,188,189,-21.36263736263736,-23.34065934065934,41.0989010989011,71.03296703296704,-6.549450549450549,30.89041095890411,-20.038421630859375,6.549583435058594,27.95148468017578,65.72872924804688,-5.557406902313232,11.823585510253906
088_purse,put the purse on the tray,8,1,150,7.156,1788429067.0356464,00007_front_put_the_purse_on_the_tray.png,00007_wrist_put_the_purse_on_the_tray.png,recap.png,50,14,189,190,-21.36263736263736,-23.34065934065934,41.0989010989011,71.03296703296704,-6.549450549450549,30.89041095890411,-20.089427947998047,6.715324401855469,26.27448272705078,66.04753112792969,-5.566658973693848,11.200021743774414
088_purse,put the purse on the tray,8,1,150,7.156,1788429067.0356464,00007_front_put_the_purse_on_the_tray.png,00007_wrist_put_the_purse_on_the_tray.png,recap.png,50,15,190,191,-21.36263736263736,-23.34065934065934,41.0989010989011,71.03296703296704,-6.549450549450549,30.89041095890411,-20.025007247924805,6.523262023925781,26.87017059326172,66.36154174804688,-5.58983850479126,10.958656311035156
088_purse,put the purse on the tray,8,1,150,7.156,1788429067.0356464,00007_front_put_the_purse_on_the_tray.png,00007_wrist_put_the_purse_on_the_tray.png,recap.png,50,16,191,192,-21.36263736263736,-23.34065934065934,41.0989010989011,71.03296703296704,-6.549450549450549,30.89041095890411,-19.951156616210938,6.972938537597656,26.208152770996094,67.09092712402344,-5.599731922149658,10.53906536102295
088_purse,put the purse on the tray,8,1,150,7.156,1788429067.0356464,00007_front_put_the_purse_on_the_tray.png,00007_wrist_put_the_purse_on_the_tray.png,recap.png,50,17,192,193,-21.36263736263736,-23.34065934065934,41.0989010989011,71.03296703296704,-6.549450549450549,30.89041095890411,-19.87899398803711,6.5616302490234375,25.06873321533203,67.59663391113281,-5.661188125610352,10.408716201782227
088_purse,put the purse on the tray,8,1,150,7.156,1788429067.0356464,00007_front_put_the_purse_on_the_tray.png,00007_wrist_put_the_purse_on_the_tray.png,recap.png,50,18,193,194,-21.36263736263736,-23.34065934065934,41.0989010989011,71.03296703296704,-6.549450549450549,30.89041095890411,-19.884380340576172,6.851448059082031,25.36840057373047,68.12806701660156,-5.802944183349609,9.94056224822998
088_purse,put the purse on the tray,8,1,150,7.156,1788429067.0356464,00007_front_put_the_purse_on_the_tray.png,00007_wrist_put_the_purse_on_the_tray.png,recap.png,50,19,194,195,-21.36263736263736,-23.34065934065934,41.0989010989011,71.03296703296704,-6.549450549450549,30.89041095890411,-20.001720428466797,6.940437316894531,24.844741821289062,68.95562744140625,-5.692590236663818,9.570595741271973
088_purse,put the purse on the tray,8,1,150,7.156,1788429067.0356464,00007_front_put_the_purse_on_the_tray.png,00007_wrist_put_the_purse_on_the_tray.png,recap.png,50,20,195,196,-21.36263736263736,-23.34065934065934,41.0989010989011,71.03296703296704,-6.549450549450549,30.89041095890411,-19.940628051757812,6.7735595703125,24.014625549316406,69.72554016113281,-5.824190139770508,9.347807884216309
088_purse,put the purse on the tray,8,1,150,7.156,1788429067.0356464,00007_front_put_the_purse_on_the_tray.png,00007_wrist_put_the_purse_on_the_tray.png,recap.png,50,21,196,197,-21.36263736263736,-23.34065934065934,41.0989010989011,71.03296703296704,-6.549450549450549,30.89041095890411,-19.953235626220703,6.384986877441406,22.989173889160156,70.79341888427734,-5.907238483428955,9.060519218444824
088_purse,put the purse on the tray,8,1,150,7.156,1788429067.0356464,00007_front_put_the_purse_on_the_tray.png,00007_wrist_put_the_purse_on_the_tray.png,recap.png,50,22,197,198,-21.36263736263736,-23.34065934065934,41.0989010989011,71.03296703296704,-6.549450549450549,30.89041095890411,-20.037734985351562,6.546012878417969,22.017654418945312,71.83220672607422,-6.135368824005127,8.82776927947998
088_purse,put the purse on the tray,8,1,150,7.156,1788429067.0356464,00007_front_put_the_purse_on_the_tray.png,00007_wrist_put_the_purse_on_the_tray.png,recap.png,50,23,198,199,-21.36263736263736,-23.34065934065934,41.0989010989011,71.03296703296704,-6.549450549450549,30.89041095890411,-20.134180068969727,5.750083923339844,21.22979736328125,72.85002899169922,-6.437636375427246,8.522323608398438
088_purse,put the purse on the tray,8,1,150,7.156,1788429067.0356464,00007_front_put_the_purse_on_the_tray.png,00007_wrist_put_the_purse_on_the_tray.png,recap.png,50,24,199,200,-21.36263736263736,-23.34065934065934,41.0989010989011,71.03296703296704,-6.549450549450549,30.89041095890411,-20.01896858215332,5.680824279785156,20.23760223388672,73.64081573486328,-6.611771583557129,8.317082405090332
088_purse,put the purse on the tray,9,1,174,8.059,1788429067.9393442,00008_front_put_the_purse_on_the_tray.png,00008_wrist_put_the_purse_on_the_tray.png,recap.png,50,0,200,201,-16.35164835164835,4.351648351648351,27.12087912087912,66.10989010989012,-7.6923076923076925,22.602739726027394,-12.408374786376953,-6.135566711425781,2.3694229125976562,89.19033813476562,-7.959700584411621,4.737133979797363
088_purse,put the purse on the tray,9,1,174,8.059,1788429067.9393442,00008_front_put_the_purse_on_the_tray.png,00008_wrist_put_the_purse_on_the_tray.png,recap.png,50,1,201,202,-16.35164835164835,4.351648351648351,27.12087912087912,66.10989010989012,-7.6923076923076925,22.602739726027394,-11.908849716186523,-7.1039581298828125,1.3135337829589844,90.08807373046875,-8.050887107849121,4.852070331573486
088_purse,put the purse on the tray,9,1,174,8.059,1788429067.9393442,00008_front_put_the_purse_on_the_tray.png,00008_wrist_put_the_purse_on_the_tray.png,recap.png,50,2,202,203,-16.35164835164835,4.351648351648351,27.12087912087912,66.10989010989012,-7.6923076923076925,22.602739726027394,-11.13380241394043,-7.777244567871094,-0.006687164306640625,90.52777099609375,-7.822904109954834,4.810306072235107
088_purse,put the purse on the tray,9,1,174,8.059,1788429067.9393442,00008_front_put_the_purse_on_the_tray.png,00008_wrist_put_the_purse_on_the_tray.png,recap.png,50,3,203,204,-16.35164835164835,4.351648351648351,27.12087912087912,66.10989010989012,-7.6923076923076925,22.602739726027394,-10.32209587097168,-8.220634460449219,-0.5750923156738281,90.83824157714844,-7.682988166809082,4.797013282775879
088_purse,put the purse on the tray,9,1,174,8.059,1788429067.9393442,00008_front_put_the_purse_on_the_tray.png,00008_wrist_put_the_purse_on_the_tray.png,recap.png,50,4,204,205,-16.35164835164835,4.351648351648351,27.12087912087912,66.10989010989012,-7.6923076923076925,22.602739726027394,-9.403905868530273,-9.103195190429688,-0.6010398864746094,91.03739166259766,-7.652657508850098,4.83910608291626
088_purse,put the purse on the tray,9,1,174,8.059,1788429067.9393442,00008_front_put_the_purse_on_the_tray.png,00008_wrist_put_the_purse_on_the_tray.png,recap.png,50,5,205,206,-16.35164835164835,4.351648351648351,27.12087912087912,66.10989010989012,-7.6923076923076925,22.602739726027394,-8.574270248413086,-9.544975280761719,-1.3786048889160156,91.32801055908203,-7.379947185516357,4.699359893798828
088_purse,put the purse on the tray,9,1,174,8.059,1788429067.9393442,00008_front_put_the_purse_on_the_tray.png,00008_wrist_put_the_purse_on_the_tray.png,recap.png,50,6,206,207,-16.35164835164835,4.351648351648351,27.12087912087912,66.10989010989012,-7.6923076923076925,22.602739726027394,-7.313098907470703,-10.280227661132812,-3.0776710510253906,91.32305908203125,-7.184088230133057,4.83303165435791
088_purse,put the purse on the tray,9,1,174,8.059,1788429067.9393442,00008_front_put_the_purse_on_the_tray.png,00008_wrist_put_the_purse_on_the_tray.png,recap.png,50,7,207,208,-16.35164835164835,4.351648351648351,27.12087912087912,66.10989010989012,-7.6923076923076925,22.602739726027394,-6.445091247558594,-11.33880615234375,-3.5502471923828125,91.36837005615234,-6.96060037612915,5.090065002441406
088_purse,put the purse on the tray,9,1,174,8.059,1788429067.9393442,00008_front_put_the_purse_on_the_tray.png,00008_wrist_put_the_purse_on_the_tray.png,recap.png,50,8,208,209,-16.35164835164835,4.351648351648351,27.12087912087912,66.10989010989012,-7.6923076923076925,22.602739726027394,-5.383501052856445,-12.193992614746094,-3.9184799194335938,91.3000717163086,-6.616528034210205,4.72834587097168
088_purse,put the purse on the tray,9,1,174,8.059,1788429067.9393442,00008_front_put_the_purse_on_the_tray.png,00008_wrist_put_the_purse_on_the_tray.png,recap.png,50,9,209,210,-16.35164835164835,4.351648351648351,27.12087912087912,66.10989010989012,-7.6923076923076925,22.602739726027394,-4.008544921875,-11.677383422851562,-4.499858856201172,91.44890594482422,-6.502922534942627,5.026474475860596
088_purse,put the purse on the tray,9,1,174,8.059,1788429067.9393442,00008_front_put_the_purse_on_the_tray.png,00008_wrist_put_the_purse_on_the_tray.png,recap.png,50,10,210,211,-16.35164835164835,4.351648351648351,27.12087912087912,66.10989010989012,-7.6923076923076925,22.602739726027394,-2.643648147583008,-11.615791320800781,-6.705986022949219,91.5360107421875,-5.935328483581543,4.963212966918945
088_purse,put the purse on the tray,9,1,174,8.059,1788429067.9393442,00008_front_put_the_purse_on_the_tray.png,00008_wrist_put_the_purse_on_the_tray.png,recap.png,50,11,211,212,-16.35164835164835,4.351648351648351,27.12087912087912,66.10989010989012,-7.6923076923076925,22.602739726027394,-1.2464771270751953,-11.469558715820312,-7.4722900390625,91.4421615600586,-5.636895656585693,5.146698474884033
088_purse,put the purse on the tray,9,1,174,8.059,1788429067.9393442,00008_front_put_the_purse_on_the_tray.png,00008_wrist_put_the_purse_on_the_tray.png,recap.png,50,12,212,213,-16.35164835164835,4.351648351648351,27.12087912087912,66.10989010989012,-7.6923076923076925,22.602739726027394,0.11837387084960938,-12.054656982421875,-8.147647857666016,91.36524963378906,-5.398220062255859,5.03049373626709
088_purse,put the purse on the tray,9,1,174,8.059,1788429067.9393442,00008_front_put_the_purse_on_the_tray.png,00008_wrist_put_the_purse_on_the_tray.png,recap.png,50,13,213,214,-16.35164835164835,4.351648351648351,27.12087912087912,66.10989010989012,-7.6923076923076925,22.602739726027394,0.984710693359375,-11.15045166015625,-9.358779907226562,91.08262634277344,-4.713845729827881,5.34513521194458
088_purse,put the purse on the tray,9,1,174,8.059,1788429067.9393442,00008_front_put_the_purse_on_the_tray.png,00008_wrist_put_the_purse_on_the_tray.png,recap.png,50,14,214,215,-16.35164835164835,4.351648351648351,27.12087912087912,66.10989010989012,-7.6923076923076925,22.602739726027394,2.75799560546875,-11.091461181640625,-10.692188262939453,90.64087677001953,-4.161508560180664,5.040435314178467
088_purse,put the purse on the tray,9,1,174,8.059,1788429067.9393442,00008_front_put_the_purse_on_the_tray.png,00008_wrist_put_the_purse_on_the_tray.png,recap.png,50,15,215,216,-16.35164835164835,4.351648351648351,27.12087912087912,66.10989010989012,-7.6923076923076925,22.602739726027394,3.7369766235351562,-10.589645385742188,-11.553791046142578,90.5901870727539,-3.5802717208862305,5.19269323348999
088_purse,put the purse on the tray,9,1,174,8.059,1788429067.9393442,00008_front_put_the_purse_on_the_tray.png,00008_wrist_put_the_purse_on_the_tray.png,recap.png,50,16,216,217,-16.35164835164835,4.351648351648351,27.12087912087912,66.10989010989012,-7.6923076923076925,22.602739726027394,5.195610046386719,-11.230278015136719,-12.707500457763672,90.2949447631836,-2.995817184448242,5.212662696838379
088_purse,put the purse on the tray,9,1,174,8.059,1788429067.9393442,00008_front_put_the_purse_on_the_tray.png,00008_wrist_put_the_purse_on_the_tray.png,recap.png,50,17,217,218,-16.35164835164835,4.351648351648351,27.12087912087912,66.10989010989012,-7.6923076923076925,22.602739726027394,6.719242095947266,-10.246498107910156,-13.606681823730469,89.69159698486328,-2.424811363220215,5.164453029632568
088_purse,put the purse on the tray,9,1,174,8.059,1788429067.9393442,00008_front_put_the_purse_on_the_tray.png,00008_wrist_put_the_purse_on_the_tray.png,recap.png,50,18,218,219,-16.35164835164835,4.351648351648351,27.12087912087912,66.10989010989012,-7.6923076923076925,22.602739726027394,7.400981903076172,-9.941612243652344,-15.261680603027344,89.7498779296875,-1.6647834777832031,5.445470809936523
088_purse,put the purse on the tray,9,1,174,8.059,1788429067.9393442,00008_front_put_the_purse_on_the_tray.png,00008_wrist_put_the_purse_on_the_tray.png,recap.png,50,19,219,220,-16.35164835164835,4.351648351648351,27.12087912087912,66.10989010989012,-7.6923076923076925,22.602739726027394,8.441890716552734,-9.35089111328125,-16.694286346435547,89.38766479492188,-1.0217256546020508,5.317175388336182
088_purse,put the purse on the tray,9,1,174,8.059,1788429067.9393442,00008_front_put_the_purse_on_the_tray.png,00008_wrist_put_the_purse_on_the_tray.png,recap.png,50,20,220,221,-16.35164835164835,4.351648351648351,27.12087912087912,66.10989010989012,-7.6923076923076925,22.602739726027394,9.603851318359375,-8.603324890136719,-17.62131118774414,89.22834777832031,-0.13263320922851562,5.27307653427124
088_purse,put the purse on the tray,9,1,174,8.059,1788429067.9393442,00008_front_put_the_purse_on_the_tray.png,00008_wrist_put_the_purse_on_the_tray.png,recap.png,50,21,221,222,-16.35164835164835,4.351648351648351,27.12087912087912,66.10989010989012,-7.6923076923076925,22.602739726027394,10.772113800048828,-7.979087829589844,-18.494892120361328,88.65618896484375,0.4407958984375,5.290395736694336
088_purse,put the purse on the tray,9,1,174,8.059,1788429067.9393442,00008_front_put_the_purse_on_the_tray.png,00008_wrist_put_the_purse_on_the_tray.png,recap.png,50,22,222,223,-16.35164835164835,4.351648351648351,27.12087912087912,66.10989010989012,-7.6923076923076925,22.602739726027394,11.356895446777344,-7.3337860107421875,-19.644607543945312,88.8226547241211,0.9600515365600586,5.408454895019531
088_purse,put the purse on the tray,9,1,174,8.059,1788429067.9393442,00008_front_put_the_purse_on_the_tray.png,00008_wrist_put_the_purse_on_the_tray.png,recap.png,50,23,223,224,-16.35164835164835,4.351648351648351,27.12087912087912,66.10989010989012,-7.6923076923076925,22.602739726027394,12.5189208984375,-5.9462738037109375,-20.883193969726562,88.3646240234375,1.2096939086914062,5.239058017730713
088_purse,put the purse on the tray,10,1,199,9.029,1788429068.9085495,00009_front_put_the_purse_on_the_tray.png,00009_wrist_put_the_purse_on_the_tray.png,recap.png,50,0,224,225,-19.692307692307693,5.582417582417582,22.813186813186814,70.15384615384616,-6.197802197802198,20.34246575342466,-13.894474029541016,-9.074615478515625,-3.361175537109375,92.75944519042969,-7.486730575561523,5.974073886871338
088_purse,put the purse on the tray,10,1,199,9.029,1788429068.9085495,00009_front_put_the_purse_on_the_tray.png,00009_wrist_put_the_purse_on_the_tray.png,recap.png,50,1,225,226,-19.692307692307693,5.582417582417582,22.813186813186814,70.15384615384616,-6.197802197802198,20.34246575342466,-13.097091674804688,-8.803688049316406,-3.953937530517578,93.30180358886719,-7.439759731292725,6.150026321411133
088_purse,put the purse on the tray,10,1,199,9.029,1788429068.9085495,00009_front_put_the_purse_on_the_tray.png,00009_wrist_put_the_purse_on_the_tray.png,recap.png,50,2,226,227,-19.692307692307693,5.582417582417582,22.813186813186814,70.15384615384616,-6.197802197802198,20.34246575342466,-12.146783828735352,-9.306869506835938,-6.067226409912109,93.44186401367188,-7.208990573883057,6.134223937988281
088_purse,put the purse on the tray,10,1,199,9.029,1788429068.9085495,00009_front_put_the_purse_on_the_tray.png,00009_wrist_put_the_purse_on_the_tray.png,recap.png,50,3,227,228,-19.692307692307693,5.582417582417582,22.813186813186814,70.15384615384616,-6.197802197802198,20.34246575342466,-11.028879165649414,-9.165977478027344,-6.576995849609375,93.72299194335938,-6.969870090484619,6.078145980834961
088_purse,put the purse on the tray,10,1,199,9.029,1788429068.9085495,00009_front_put_the_purse_on_the_tray.png,00009_wrist_put_the_purse_on_the_tray.png,recap.png,50,4,228,229,-19.692307692307693,5.582417582417582,22.813186813186814,70.15384615384616,-6.197802197802198,20.34246575342466,-9.789508819580078,-9.840782165527344,-7.682338714599609,93.909423828125,-6.687375545501709,6.103971004486084
088_purse,put the purse on the tray,10,1,199,9.029,1788429068.9085495,00009_front_put_the_purse_on_the_tray.png,00009_wrist_put_the_purse_on_the_tray.png,recap.png,50,5,229,230,-19.692307692307693,5.582417582417582,22.813186813186814,70.15384615384616,-6.197802197802198,20.34246575342466,-8.944574356079102,-9.362632751464844,-8.498458862304688,94.29275512695312,-6.440734386444092,6.004160404205322
088_purse,put the purse on the tray,10,1,199,9.029,1788429068.9085495,00009_front_put_the_purse_on_the_tray.png,00009_wrist_put_the_purse_on_the_tray.png,recap.png,50,6,230,231,-19.692307692307693,5.582417582417582,22.813186813186814,70.15384615384616,-6.197802197802198,20.34246575342466,-7.760297775268555,-10.256309509277344,-10.138423919677734,94.41983795166016,-6.037097930908203,6.062849044799805
088_purse,put the purse on the tray,10,1,199,9.029,1788429068.9085495,00009_front_put_the_purse_on_the_tray.png,00009_wrist_put_the_purse_on_the_tray.png,recap.png,50,7,231,232,-19.692307692307693,5.582417582417582,22.813186813186814,70.15384615384616,-6.197802197802198,20.34246575342466,-6.830053329467773,-10.217300415039062,-12.090747833251953,94.69377136230469,-5.696866989135742,6.178981304168701
088_purse,put the purse on the tray,10,1,199,9.029,1788429068.9085495,00009_front_put_the_purse_on_the_tray.png,00009_wrist_put_the_purse_on_the_tray.png,recap.png,50,8,232,233,-19.692307692307693,5.582417582417582,22.813186813186814,70.15384615384616,-6.197802197802198,20.34246575342466,-5.701715469360352,-9.591941833496094,-12.726337432861328,95.22727966308594,-5.084195137023926,6.24672269821167
088_purse,put the purse on the tray,10,1,199,9.029,1788429068.9085495,00009_front_put_the_purse_on_the_tray.png,00009_wrist_put_the_purse_on_the_tray.png,recap.png,50,9,233,234,-19.692307692307693,5.582417582417582,22.813186813186814,70.15384615384616,-6.197802197802198,20.34246575342466,-4.662750244140625,-9.878173828125,-14.465522766113281,95.15919494628906,-4.622044086456299,6.1777567863464355
088_purse,put the purse on the tray,10,1,199,9.029,1788429068.9085495,00009_front_put_the_purse_on_the_tray.png,00009_wrist_put_the_purse_on_the_tray.png,recap.png,50,10,234,235,-19.692307692307693,5.582417582417582,22.813186813186814,70.15384615384616,-6.197802197802198,20.34246575342466,-2.8926353454589844,-9.930229187011719,-16.132686614990234,95.26280975341797,-4.105960845947266,6.148090362548828
088_purse,put the purse on the tray,10,1,199,9.029,1788429068.9085495,00009_front_put_the_purse_on_the_tray.png,00009_wrist_put_the_purse_on_the_tray.png,recap.png,50,11,235,236,-19.692307692307693,5.582417582417582,22.813186813186814,70.15384615384616,-6.197802197802198,20.34246575342466,-2.059511184692383,-10.13250732421875,-17.165470123291016,95.51850891113281,-3.3360109329223633,6.205854892730713
088_purse,put the purse on the tray,10,1,199,9.029,1788429068.9085495,00009_front_put_the_purse_on_the_tray.png,00009_wrist_put_the_purse_on_the_tray.png,recap.png,50,12,236,237,-19.692307692307693,5.582417582417582,22.813186813186814,70.15384615384616,-6.197802197802198,20.34246575342466,-1.013895034790039,-9.601699829101562,-17.99919891357422,95.61125183105469,-3.0545530319213867,6.236263751983643
088_purse,put the purse on the tray,10,1,199,9.029,1788429068.9085495,00009_front_put_the_purse_on_the_tray.png,00009_wrist_put_the_purse_on_the_tray.png,recap.png,50,13,237,238,-19.692307692307693,5.582417582417582,22.813186813186814,70.15384615384616,-6.197802197802198,20.34246575342466,0.1093292236328125,-9.608863830566406,-18.861209869384766,95.36245727539062,-2.5489683151245117,6.104288578033447
088_purse,put the purse on the tray,10,1,199,9.029,1788429068.9085495,00009_front_put_the_purse_on_the_tray.png,00009_wrist_put_the_purse_on_the_tray.png,recap.png,50,14,238,239,-19.692307692307693,5.582417582417582,22.813186813186814,70.15384615384616,-6.197802197802198,20.34246575342466,1.3438682556152344,-9.616889953613281,-19.863121032714844,95.2852783203125,-1.9647998809814453,6.134566783905029
088_purse,put the purse on the tray,10,1,199,9.029,1788429068.9085495,00009_front_put_the_purse_on_the_tray.png,00009_wrist_put_the_purse_on_the_tray.png,recap.png,50,15,239,240,-19.692307692307693,5.582417582417582,22.813186813186814,70.15384615384616,-6.197802197802198,20.34246575342466,2.4657020568847656,-10.154579162597656,-21.30544662475586,94.92396545410156,-1.5148029327392578,6.375143527984619
088_purse,put the purse on the tray,10,1,199,9.029,1788429068.9085495,00009_front_put_the_purse_on_the_tray.png,00009_wrist_put_the_purse_on_the_tray.png,recap.png,50,16,240,241,-19.692307692307693,5.582417582417582,22.813186813186814,70.15384615384616,-6.197802197802198,20.34246575342466,3.6767921447753906,-9.4913330078125,-21.402244567871094,94.8758773803711,-0.9626226425170898,6.24608039855957
088_purse,put the purse on the tray,10,1,199,9.029,1788429068.9085495,00009_front_put_the_purse_on_the_tray.png,00009_wrist_put_the_purse_on_the_tray.png,recap.png,50,17,241,242,-19.692307692307693,5.582417582417582,22.813186813186814,70.15384615384616,-6.197802197802198,20.34246575342466,5.231700897216797,-8.971099853515625,-22.568511962890625,94.57709503173828,-0.3908224105834961,6.275980472564697
088_purse,put the purse on the tray,10,1,199,9.029,1788429068.9085495,00009_front_put_the_purse_on_the_tray.png,00009_wrist_put_the_purse_on_the_tray.png,recap.png,50,18,242,243,-19.692307692307693,5.582417582417582,22.813186813186814,70.15384615384616,-6.197802197802198,20.34246575342466,6.402370452880859,-9.294082641601562,-22.28084945678711,94.17605590820312,-0.12752342224121094,6.3126044273376465
088_purse,put the purse on the tray,10,1,199,9.029,1788429068.9085495,00009_front_put_the_purse_on_the_tray.png,00009_wrist_put_the_purse_on_the_tray.png,recap.png,50,19,243,244,-19.692307692307693,5.582417582417582,22.813186813186814,70.15384615384616,-6.197802197802198,20.34246575342466,7.778827667236328,-7.988838195800781,-24.257965087890625,93.45468139648438,0.3608570098876953,6.372416019439697
088_purse,put the purse on the tray,10,1,199,9.029,1788429068.9085495,00009_front_put_the_purse_on_the_tray.png,00009_wrist_put_the_purse_on_the_tray.png,recap.png,50,20,244,245,-19.692307692307693,5.582417582417582,22.813186813186814,70.15384615384616,-6.197802197802198,20.34246575342466,8.935428619384766,-8.555046081542969,-23.885013580322266,92.78399658203125,0.7927589416503906,6.466165065765381
088_purse,put the purse on the tray,10,1,199,9.029,1788429068.9085495,00009_front_put_the_purse_on_the_tray.png,00009_wrist_put_the_purse_on_the_tray.png,recap.png,50,21,245,246,-19.692307692307693,5.582417582417582,22.813186813186814,70.15384615384616,-6.197802197802198,20.34246575342466,10.069343566894531,-8.31280517578125,-24.284292221069336,91.84395599365234,1.4034805297851562,6.434219837188721
088_purse,put the purse on the tray,10,1,199,9.029,1788429068.9085495,00009_front_put_the_purse_on_the_tray.png,00009_wrist_put_the_purse_on_the_tray.png,recap.png,50,22,246,247,-19.692307692307693,5.582417582417582,22.813186813186814,70.15384615384616,-6.197802197802198,20.34246575342466,11.077117919921875,-8.514167785644531,-24.66718292236328,91.01077270507812,1.8943815231323242,6.4766364097595215
088_purse,put the purse on the tray,10,1,199,9.029,1788429068.9085495,00009_front_put_the_purse_on_the_tray.png,00009_wrist_put_the_purse_on_the_tray.png,recap.png,50,23,247,248,-19.692307692307693,5.582417582417582,22.813186813186814,70.15384615384616,-6.197802197802198,20.34246575342466,12.511798858642578,-7.723236083984375,-25.36383819580078,89.73828125,2.349471092224121,6.410056114196777
088_purse,put the purse on the tray,10,1,199,9.029,1788429068.9085495,00009_front_put_the_purse_on_the_tray.png,00009_wrist_put_the_purse_on_the_tray.png,recap.png,50,24,248,249,-19.692307692307693,5.582417582417582,22.813186813186814,70.15384615384616,-6.197802197802198,20.34246575342466,13.38174819946289,-8.332237243652344,-24.998327255249023,88.90753173828125,2.7078704833984375,6.6344146728515625
088_purse,put the purse on the tray,11,1,223,9.898,1788429069.7780523,00010_front_put_the_purse_on_the_tray.png,00010_wrist_put_the_purse_on_the_tray.png,recap.png,50,0,249,250,8.967032967032967,-6.725274725274725,-13.054945054945055,90.98901098901099,-0.7472527472527473,16.232876712328768,31.336177825927734,2.459869384765625,-20.015052795410156,71.99486541748047,5.482662200927734,7.540482521057129
088_purse,put the purse on the tray,11,1,223,9.898,1788429069.7780523,00010_front_put_the_purse_on_the_tray.png,00010_wrist_put_the_purse_on_the_tray.png,recap.png,50,1,250,251,8.967032967032967,-6.725274725274725,-13.054945054945055,90.98901098901099,-0.7472527472527473,16.232876712328768,31.725849151611328,2.5491561889648438,-20.25271987915039,71.3797378540039,5.674631118774414,7.4889960289001465
088_purse,put the purse on the tray,11,1,223,9.898,1788429069.7780523,00010_front_put_the_purse_on_the_tray.png,00010_wrist_put_the_purse_on_the_tray.png,recap.png,50,2,251,252,8.967032967032967,-6.725274725274725,-13.054945054945055,90.98901098901099,-0.7472527472527473,16.232876712328768,31.817676544189453,2.7642364501953125,-19.381187438964844,70.50308990478516,5.629396438598633,7.67173433303833
088_purse,put the purse on the tray,11,1,223,9.898,1788429069.7780523,00010_front_put_the_purse_on_the_tray.png,00010_wrist_put_the_purse_on_the_tray.png,recap.png,50,3,252,253,8.967032967032967,-6.725274725274725,-13.054945054945055,90.98901098901099,-0.7472527472527473,16.232876712328768,32.2890739440918,3.4556350708007812,-18.424175262451172,69.60111236572266,5.50617790222168,7.630233287811279
088_purse,put the purse on the tray,11,1,223,9.898,1788429069.7780523,00010_front_put_the_purse_on_the_tray.png,00010_wrist_put_the_purse_on_the_tray.png,recap.png,50,4,253,254,8.967032967032967,-6.725274725274725,-13.054945054945055,90.98901098901099,-0.7472527472527473,16.232876712328768,32.30891799926758,4.1113128662109375,-17.881492614746094,68.8338394165039,5.489843368530273,7.535901069641113
088_purse,put the purse on the tray,11,1,223,9.898,1788429069.7780523,00010_front_put_the_purse_on_the_tray.png,00010_wrist_put_the_purse_on_the_tray.png,recap.png,50,5,254,255,8.967032967032967,-6.725274725274725,-13.054945054945055,90.98901098901099,-0.7472527472527473,16.232876712328768,32.50637435913086,4.5871429443359375,-18.01987075805664,68.2452621459961,5.4639434814453125,7.787471771240234
088_purse,put the purse on the tray,11,1,223,9.898,1788429069.7780523,00010_front_put_the_purse_on_the_tray.png,00010_wrist_put_the_purse_on_the_tray.png,recap.png,50,6,255,256,8.967032967032967,-6.725274725274725,-13.054945054945055,90.98901098901099,-0.7472527472527473,16.232876712328768,32.61457443237305,4.571617126464844,-17.72736358642578,67.68900299072266,5.44647216796875,7.568873405456543
088_purse,put the purse on the tray,11,1,223,9.898,1788429069.7780523,00010_front_put_the_purse_on_the_tray.png,00010_wrist_put_the_purse_on_the_tray.png,recap.png,50,7,256,257,8.967032967032967,-6.725274725274725,-13.054945054945055,90.98901098901099,-0.7472527472527473,16.232876712328768,32.67776870727539,5.610710144042969,-17.694900512695312,67.15589904785156,5.532381057739258,7.708502769470215
088_purse,put the purse on the tray,11,1,223,9.898,1788429069.7780523,00010_front_put_the_purse_on_the_tray.png,00010_wrist_put_the_purse_on_the_tray.png,recap.png,50,8,257,258,8.967032967032967,-6.725274725274725,-13.054945054945055,90.98901098901099,-0.7472527472527473,16.232876712328768,33.06527328491211,5.708747863769531,-17.45500946044922,66.38992309570312,5.458499908447266,7.465418338775635
088_purse,put the purse on the tray,11,1,223,9.898,1788429069.7780523,00010_front_put_the_purse_on_the_tray.png,00010_wrist_put_the_purse_on_the_tray.png,recap.png,50,9,258,259,8.967032967032967,-6.725274725274725,-13.054945054945055,90.98901098901099,-0.7472527472527473,16.232876712328768,32.994327545166016,6.109367370605469,-17.282840728759766,66.09176635742188,5.368656158447266,7.7314629554748535
088_purse,put the purse on the tray,11,1,223,9.898,1788429069.7780523,00010_front_put_the_purse_on_the_tray.png,00010_wrist_put_the_purse_on_the_tray.png,recap.png,50,10,259,260,8.967032967032967,-6.725274725274725,-13.054945054945055,90.98901098901099,-0.7472527472527473,16.232876712328768,33.2393913269043,5.928436279296875,-16.861339569091797,65.68595123291016,5.506650924682617,7.564328670501709
088_purse,put the purse on the tray,11,1,223,9.898,1788429069.7780523,00010_front_put_the_purse_on_the_tray.png,00010_wrist_put_the_purse_on_the_tray.png,recap.png,50,11,260,261,8.967032967032967,-6.725274725274725,-13.054945054945055,90.98901098901099,-0.7472527472527473,16.232876712328768,33.41335678100586,6.885986328125,-16.61032485961914,65.31146240234375,5.419309616088867,7.695317268371582
088_purse,put the purse on the tray,11,1,223,9.898,1788429069.7780523,00010_front_put_the_purse_on_the_tray.png,00010_wrist_put_the_purse_on_the_tray.png,recap.png,50,12,261,262,8.967032967032967,-6.725274725274725,-13.054945054945055,90.98901098901099,-0.7472527472527473,16.232876712328768,33.4278450012207,7.387428283691406,-17.137813568115234,65.18637084960938,5.435449600219727,7.700193405151367
088_purse,put the purse on the tray,11,1,223,9.898,1788429069.7780523,00010_front_put_the_purse_on_the_tray.png,00010_wrist_put_the_purse_on_the_tray.png,recap.png,50,13,262,263,8.967032967032967,-6.725274725274725,-13.054945054945055,90.98901098901099,-0.7472527472527473,16.232876712328768,33.302677154541016,7.33197021484375,-16.715309143066406,65.08893585205078,5.250532150268555,7.768190860748291
088_purse,put the purse on the tray,11,1,223,9.898,1788429069.7780523,00010_front_put_the_purse_on_the_tray.png,00010_wrist_put_the_purse_on_the_tray.png,recap.png,50,14,263,264,8.967032967032967,-6.725274725274725,-13.054945054945055,90.98901098901099,-0.7472527472527473,16.232876712328768,33.842411041259766,7.87060546875,-17.706714630126953,65.10428619384766,5.475921630859375,7.629467487335205
088_purse,put the purse on the tray,11,1,223,9.898,1788429069.7780523,00010_front_put_the_purse_on_the_tray.png,00010_wrist_put_the_purse_on_the_tray.png,recap.png,50,15,264,265,8.967032967032967,-6.725274725274725,-13.054945054945055,90.98901098901099,-0.7472527472527473,16.232876712328768,33.625789642333984,9.351615905761719,-16.07740020751953,64.95570373535156,5.393688201904297,7.734856605529785
088_purse,put the purse on the tray,11,1,223,9.898,1788429069.7780523,00010_front_put_the_purse_on_the_tray.png,00010_wrist_put_the_purse_on_the_tray.png,recap.png,50,16,265,266,8.967032967032967,-6.725274725274725,-13.054945054945055,90.98901098901099,-0.7472527472527473,16.232876712328768,33.625370025634766,9.104515075683594,-17.368148803710938,64.86824798583984,5.415699005126953,7.635115146636963
088_purse,put the purse on the tray,11,1,223,9.898,1788429069.7780523,00010_front_put_the_purse_on_the_tray.png,00010_wrist_put_the_purse_on_the_tray.png,recap.png,50,17,266,267,8.967032967032967,-6.725274725274725,-13.054945054945055,90.98901098901099,-0.7472527472527473,16.232876712328768,33.84097671508789,9.583091735839844,-17.134254455566406,64.99446868896484,5.400291442871094,7.690339088439941
088_purse,put the purse on the tray,11,1,223,9.898,1788429069.7780523,00010_front_put_the_purse_on_the_tray.png,00010_wrist_put_the_purse_on_the_tray.png,recap.png,50,18,267,268,8.967032967032967,-6.725274725274725,-13.054945054945055,90.98901098901099,-0.7472527472527473,16.232876712328768,34.011417388916016,10.283065795898438,-17.77520751953125,65.01353454589844,5.338695526123047,7.862023830413818
088_purse,put the purse on the tray,11,1,223,9.898,1788429069.7780523,00010_front_put_the_purse_on_the_tray.png,00010_wrist_put_the_purse_on_the_tray.png,recap.png,50,19,268,269,8.967032967032967,-6.725274725274725,-13.054945054945055,90.98901098901099,-0.7472527472527473,16.232876712328768,33.77833938598633,10.430976867675781,-18.0654296875,64.8209228515625,5.2794342041015625,7.678809642791748
088_purse,put the purse on the tray,11,1,223,9.898,1788429069.7780523,00010_front_put_the_purse_on_the_tray.png,00010_wrist_put_the_purse_on_the_tray.png,recap.png,50,20,269,270,8.967032967032967,-6.725274725274725,-13.054945054945055,90.98901098901099,-0.7472527472527473,16.232876712328768,33.92599868774414,10.441192626953125,-17.953330993652344,65.00341796875,5.2108306884765625,7.8199896812438965
088_purse,put the purse on the tray,11,1,223,9.898,1788429069.7780523,00010_front_put_the_purse_on_the_tray.png,00010_wrist_put_the_purse_on_the_tray.png,recap.png,50,21,270,271,8.967032967032967,-6.725274725274725,-13.054945054945055,90.98901098901099,-0.7472527472527473,16.232876712328768,33.781856536865234,11.264198303222656,-18.29122543334961,64.65628051757812,5.162027359008789,7.809580326080322
088_purse,put the purse on the tray,11,1,223,9.898,1788429069.7780523,00010_front_put_the_purse_on_the_tray.png,00010_wrist_put_the_purse_on_the_tray.png,recap.png,50,22,271,272,8.967032967032967,-6.725274725274725,-13.054945054945055,90.98901098901099,-0.7472527472527473,16.232876712328768,33.95676803588867,11.488075256347656,-18.310470581054688,64.67908477783203,5.173431396484375,7.710061073303223
088_purse,put the purse on the tray,11,1,223,9.898,1788429069.7780523,00010_front_put_the_purse_on_the_tray.png,00010_wrist_put_the_purse_on_the_tray.png,recap.png,50,23,272,273,8.967032967032967,-6.725274725274725,-13.054945054945055,90.98901098901099,-0.7472527472527473,16.232876712328768,33.59310531616211,11.723030090332031,-17.696720123291016,64.61502075195312,5.017114639282227,7.766644477844238
088_purse,put the purse on the tray,12,1,248,10.835,1788429070.715235,00011_front_put_the_purse_on_the_tray.png,00011_wrist_put_the_purse_on_the_tray.png,recap.png,50,0,273,274,9.582417582417582,-6.461538461538462,-19.736263736263737,93.89010989010988,0.8351648351648352,16.164383561643834,27.602855682373047,2.57281494140625,-21.881359100341797,74.22859954833984,6.843378067016602,7.4720282554626465
088_purse,put the purse on the tray,12,1,248,10.835,1788429070.715235,00011_front_put_the_purse_on_the_tray.png,00011_wrist_put_the_purse_on_the_tray.png,recap.png,50,1,274,275,9.582417582417582,-6.461538461538462,-19.736263736263737,93.89010989010988,0.8351648351648352,16.164383561643834,27.642227172851562,3.041351318359375,-21.721511840820312,73.58009338378906,6.617408752441406,7.560415744781494
088_purse,put the purse on the tray,12,1,248,10.835,1788429070.715235,00011_front_put_the_purse_on_the_tray.png,00011_wrist_put_the_purse_on_the_tray.png,recap.png,50,2,275,276,9.582417582417582,-6.461538461538462,-19.736263736263737,93.89010989010988,0.8351648351648352,16.164383561643834,28.45505142211914,3.266845703125,-21.37396240234375,73.13810729980469,6.602170944213867,7.514674186706543
088_purse,put the purse on the tray,12,1,248,10.835,1788429070.715235,00011_front_put_the_purse_on_the_tray.png,00011_wrist_put_the_purse_on_the_tray.png,recap.png,50,3,276,277,9.582417582417582,-6.461538461538462,-19.736263736263737,93.89010989010988,0.8351648351648352,16.164383561643834,28.381298065185547,3.7358322143554688,-21.79471206665039,72.44517517089844,6.55683708190918,7.629154205322266
088_purse,put the purse on the tray,12,1,248,10.835,1788429070.715235,00011_front_put_the_purse_on_the_tray.png,00011_wrist_put_the_purse_on_the_tray.png,recap.png,50,4,277,278,9.582417582417582,-6.461538461538462,-19.736263736263737,93.89010989010988,0.8351648351648352,16.164383561643834,28.939552307128906,4.4651641845703125,-21.45543670654297,72.05460357666016,6.586080551147461,7.6985697746276855
088_purse,put the purse on the tray,12,1,248,10.835,1788429070.715235,00011_front_put_the_purse_on_the_tray.png,00011_wrist_put_the_purse_on_the_tray.png,recap.png,50,5,278,279,9.582417582417582,-6.461538461538462,-19.736263736263737,93.89010989010988,0.8351648351648352,16.164383561643834,29.234275817871094,5.113731384277344,-21.085346221923828,71.45146942138672,6.565984725952148,7.694218158721924
088_purse,put the purse on the tray,12,1,248,10.835,1788429070.715235,00011_front_put_the_purse_on_the_tray.png,00011_wrist_put_the_purse_on_the_tray.png,recap.png,50,6,279,280,9.582417582417582,-6.461538461538462,-19.736263736263737,93.89010989010988,0.8351648351648352,16.164383561643834,29.74911117553711,5.964996337890625,-21.354026794433594,71.14897155761719,6.466581344604492,7.614258766174316
088_purse,put the purse on the tray,12,1,248,10.835,1788429070.715235,00011_front_put_the_purse_on_the_tray.png,00011_wrist_put_the_purse_on_the_tray.png,recap.png,50,7,280,281,9.582417582417582,-6.461538461538462,-19.736263736263737,93.89010989010988,0.8351648351648352,16.164383561643834,29.831119537353516,6.348289489746094,-21.617839813232422,70.69561004638672,6.450473785400391,7.566556930541992
088_purse,put the purse on the tray,12,1,248,10.835,1788429070.715235,00011_front_put_the_purse_on_the_tray.png,00011_wrist_put_the_purse_on_the_tray.png,recap.png,50,8,281,282,9.582417582417582,-6.461538461538462,-19.736263736263737,93.89010989010988,0.8351648351648352,16.164383561643834,30.25615692138672,7.110404968261719,-21.391132354736328,70.3146743774414,6.395092010498047,7.699599742889404
088_purse,put the purse on the tray,12,1,248,10.835,1788429070.715235,00011_front_put_the_purse_on_the_tray.png,00011_wrist_put_the_purse_on_the_tray.png,recap.png,50,9,282,283,9.582417582417582,-6.461538461538462,-19.736263736263737,93.89010989010988,0.8351648351648352,16.164383561643834,30.59537124633789,7.215614318847656,-21.076335906982422,69.857666015625,6.212360382080078,7.717180252075195
088_purse,put the purse on the tray,12,1,248,10.835,1788429070.715235,00011_front_put_the_purse_on_the_tray.png,00011_wrist_put_the_purse_on_the_tray.png,recap.png,50,10,283,284,9.582417582417582,-6.461538461538462,-19.736263736263737,93.89010989010988,0.8351648351648352,16.164383561643834,30.918960571289062,8.29754638671875,-21.041744232177734,69.3907470703125,6.1880035400390625,7.595564842224121
088_purse,put the purse on the tray,12,1,248,10.835,1788429070.715235,00011_front_put_the_purse_on_the_tray.png,00011_wrist_put_the_purse_on_the_tray.png,recap.png,50,11,284,285,9.582417582417582,-6.461538461538462,-19.736263736263737,93.89010989010988,0.8351648351648352,16.164383561643834,31.229854583740234,8.906509399414062,-21.245079040527344,69.08970642089844,6.086345672607422,7.5343918800354
088_purse,put the purse on the tray,12,1,248,10.835,1788429070.715235,00011_front_put_the_purse_on_the_tray.png,00011_wrist_put_the_purse_on_the_tray.png,recap.png,50,12,285,286,9.582417582417582,-6.461538461538462,-19.736263736263737,93.89010989010988,0.8351648351648352,16.164383561643834,31.370098114013672,8.54034423828125,-21.377349853515625,68.40487670898438,6.104709625244141,7.800120830535889
088_purse,put the purse on the tray,12,1,248,10.835,1788429070.715235,00011_front_put_the_purse_on_the_tray.png,00011_wrist_put_the_purse_on_the_tray.png,recap.png,50,13,286,287,9.582417582417582,-6.461538461538462,-19.736263736263737,93.89010989010988,0.8351648351648352,16.164383561643834,31.541873931884766,9.106735229492188,-20.929718017578125,68.01314544677734,6.003795623779297,7.559475421905518
088_purse,put the purse on the tray,12,1,248,10.835,1788429070.715235,00011_front_put_the_purse_on_the_tray.png,00011_wrist_put_the_purse_on_the_tray.png,recap.png,50,14,287,288,9.582417582417582,-6.461538461538462,-19.736263736263737,93.89010989010988,0.8351648351648352,16.164383561643834,32.242183685302734,9.542190551757812,-20.650684356689453,67.18672180175781,5.896869659423828,7.560548305511475
088_purse,put the purse on the tray,12,1,248,10.835,1788429070.715235,00011_front_put_the_purse_on_the_tray.png,00011_wrist_put_the_purse_on_the_tray.png,recap.png,50,15,288,289,9.582417582417582,-6.461538461538462,-19.736263736263737,93.89010989010988,0.8351648351648352,16.164383561643834,32.26726150512695,9.993820190429688,-21.12641143798828,66.90087890625,6.05615234375,7.6104254722595215
088_purse,put the purse on the tray,12,1,248,10.835,1788429070.715235,00011_front_put_the_purse_on_the_tray.png,00011_wrist_put_the_purse_on_the_tray.png,recap.png,50,16,289,290,9.582417582417582,-6.461538461538462,-19.736263736263737,93.89010989010988,0.8351648351648352,16.164383561643834,32.54618453979492,11.069778442382812,-20.68221664428711,66.04854583740234,6.04850959777832,7.760478496551514
088_purse,put the purse on the tray,12,1,248,10.835,1788429070.715235,00011_front_put_the_purse_on_the_tray.png,00011_wrist_put_the_purse_on_the_tray.png,recap.png,50,17,290,291,9.582417582417582,-6.461538461538462,-19.736263736263737,93.89010989010988,0.8351648351648352,16.164383561643834,32.78461837768555,11.367485046386719,-20.937210083007812,65.5853500366211,6.062664031982422,7.546976089477539
088_purse,put the purse on the tray,12,1,248,10.835,1788429070.715235,00011_front_put_the_purse_on_the_tray.png,00011_wrist_put_the_purse_on_the_tray.png,recap.png,50,18,291,292,9.582417582417582,-6.461538461538462,-19.736263736263737,93.89010989010988,0.8351648351648352,16.164383561643834,33.08150100708008,11.607460021972656,-20.14297866821289,65.24828338623047,6.0937957763671875,7.570040702819824
088_purse,put the purse on the tray,12,1,248,10.835,1788429070.715235,00011_front_put_the_purse_on_the_tray.png,00011_wrist_put_the_purse_on_the_tray.png,recap.png,50,19,292,293,9.582417582417582,-6.461538461538462,-19.736263736263737,93.89010989010988,0.8351648351648352,16.164383561643834,33.3709831237793,11.929039001464844,-19.775287628173828,64.96552276611328,5.846706390380859,7.698089599609375
088_purse,put the purse on the tray,12,1,248,10.835,1788429070.715235,00011_front_put_the_purse_on_the_tray.png,00011_wrist_put_the_purse_on_the_tray.png,recap.png,50,20,293,294,9.582417582417582,-6.461538461538462,-19.736263736263737,93.89010989010988,0.8351648351648352,16.164383561643834,33.71146011352539,12.855079650878906,-19.675033569335938,64.78524017333984,6.041925430297852,7.626989364624023
088_purse,put the purse on the tray,12,1,248,10.835,1788429070.715235,00011_front_put_the_purse_on_the_tray.png,00011_wrist_put_the_purse_on_the_tray.png,recap.png,50,21,294,295,9.582417582417582,-6.461538461538462,-19.736263736263737,93.89010989010988,0.8351648351648352,16.164383561643834,33.490726470947266,13.191047668457031,-19.884952545166016,64.39021301269531,5.99009895324707,7.792208194732666
088_purse,put the purse on the tray,12,1,248,10.835,1788429070.715235,00011_front_put_the_purse_on_the_tray.png,00011_wrist_put_the_purse_on_the_tray.png,recap.png,50,22,295,296,9.582417582417582,-6.461538461538462,-19.736263736263737,93.89010989010988,0.8351648351648352,16.164383561643834,33.61467361450195,13.840576171875,-19.3721923828125,64.22667694091797,5.992826461791992,7.702974319458008
088_purse,put the purse on the tray,12,1,248,10.835,1788429070.715235,00011_front_put_the_purse_on_the_tray.png,00011_wrist_put_the_purse_on_the_tray.png,recap.png,50,23,296,297,9.582417582417582,-6.461538461538462,-19.736263736263737,93.89010989010988,0.8351648351648352,16.164383561643834,33.85857009887695,14.091705322265625,-19.141902923583984,63.893218994140625,5.803262710571289,7.780341625213623
088_purse,put the purse on the tray,12,1,248,10.835,1788429070.715235,00011_front_put_the_purse_on_the_tray.png,00011_wrist_put_the_purse_on_the_tray.png,recap.png,50,24,297,298,9.582417582417582,-6.461538461538462,-19.736263736263737,93.89010989010988,0.8351648351648352,16.164383561643834,33.86125564575195,14.191871643066406,-19.787425994873047,63.73362731933594,5.782207489013672,7.740501880645752
088_purse,put the purse on the tray,13,1,272,11.671,1788429071.550287,00012_front_put_the_purse_on_the_tray.png,00012_wrist_put_the_purse_on_the_tray.png,recap.png,50,0,298,299,32.879120879120876,12.0,-15.164835164835164,66.81318681318682,5.054945054945055,16.164383561643834,33.799137115478516,19.750328063964844,-12.559982299804688,61.009735107421875,6.544853210449219,31.918516159057617
088_purse,put the purse on the tray,13,1,272,11.671,1788429071.550287,00012_front_put_the_purse_on_the_tray.png,00012_wrist_put_the_purse_on_the_tray.png,recap.png,50,1,299,300,32.879120879120876,12.0,-15.164835164835164,66.81318681318682,5.054945054945055,16.164383561643834,33.67966079711914,19.865310668945312,-12.594791412353516,61.32648849487305,6.668867111206055,32.56693649291992
088_purse,put the purse on the tray,13,1,272,11.671,1788429071.550287,00012_front_put_the_purse_on_the_tray.png,00012_wrist_put_the_purse_on_the_tray.png,recap.png,50,2,300,301,32.879120879120876,12.0,-15.164835164835164,66.81318681318682,5.054945054945055,16.164383561643834,33.63985824584961,19.847854614257812,-12.8182373046875,61.57272720336914,6.734224319458008,33.74583435058594
088_purse,put the purse on the tray,13,1,272,11.671,1788429071.550287,00012_front_put_the_purse_on_the_tray.png,00012_wrist_put_the_purse_on_the_tray.png,recap.png,50,3,301,302,32.879120879120876,12.0,-15.164835164835164,66.81318681318682,5.054945054945055,16.164383561643834,33.42709732055664,20.01421356201172,-12.144054412841797,61.91466522216797,6.926933288574219,34.4534797668457
088_purse,put the purse on the tray,13,1,272,11.671,1788429071.550287,00012_front_put_the_purse_on_the_tray.png,00012_wrist_put_the_purse_on_the_tray.png,recap.png,50,4,302,303,32.879120879120876,12.0,-15.164835164835164,66.81318681318682,5.054945054945055,16.164383561643834,33.545772552490234,20.33814239501953,-12.547733306884766,62.38026428222656,6.955636978149414,35.2967414855957
088_purse,put the purse on the tray,13,1,272,11.671,1788429071.550287,00012_front_put_the_purse_on_the_tray.png,00012_wrist_put_the_purse_on_the_tray.png,recap.png,50,5,303,304,32.879120879120876,12.0,-15.164835164835164,66.81318681318682,5.054945054945055,16.164383561643834,33.40544509887695,20.288795471191406,-12.898887634277344,62.94696044921875,7.14152717590332,35.82283020019531
088_purse,put the purse on the tray,13,1,272,11.671,1788429071.550287,00012_front_put_the_purse_on_the_tray.png,00012_wrist_put_the_purse_on_the_tray.png,recap.png,50,6,304,305,32.879120879120876,12.0,-15.164835164835164,66.81318681318682,5.054945054945055,16.164383561643834,33.401493072509766,20.272048950195312,-13.038387298583984,63.68658447265625,7.021327972412109,36.405921936035156
088_purse,put the purse on the tray,13,1,272,11.671,1788429071.550287,00012_front_put_the_purse_on_the_tray.png,00012_wrist_put_the_purse_on_the_tray.png,recap.png,50,7,305,306,32.879120879120876,12.0,-15.164835164835164,66.81318681318682,5.054945054945055,16.164383561643834,33.16141128540039,19.84233856201172,-13.025199890136719,64.47064208984375,7.171474456787109,37.08073806762695
088_purse,put the purse on the tray,13,1,272,11.671,1788429071.550287,00012_front_put_the_purse_on_the_tray.png,00012_wrist_put_the_purse_on_the_tray.png,recap.png,50,8,306,307,32.879120879120876,12.0,-15.164835164835164,66.81318681318682,5.054945054945055,16.164383561643834,32.89748001098633,19.683517456054688,-13.551918029785156,65.44422149658203,7.395418167114258,37.699581146240234
088_purse,put the purse on the tray,13,1,272,11.671,1788429071.550287,00012_front_put_the_purse_on_the_tray.png,00012_wrist_put_the_purse_on_the_tray.png,recap.png,50,9,307,308,32.879120879120876,12.0,-15.164835164835164,66.81318681318682,5.054945054945055,16.164383561643834,32.884517669677734,20.019630432128906,-13.697254180908203,66.5716781616211,7.554880142211914,38.390403747558594
088_purse,put the purse on the tray,13,1,272,11.671,1788429071.550287,00012_front_put_the_purse_on_the_tray.png,00012_wrist_put_the_purse_on_the_tray.png,recap.png,50,10,308,309,32.879120879120876,12.0,-15.164835164835164,66.81318681318682,5.054945054945055,16.164383561643834,32.83083724975586,19.608352661132812,-13.950859069824219,67.4814682006836,7.916065216064453,38.87970733642578
088_purse,put the purse on the tray,13,1,272,11.671,1788429071.550287,00012_front_put_the_purse_on_the_tray.png,00012_wrist_put_the_purse_on_the_tray.png,recap.png,50,11,309,310,32.879120879120876,12.0,-15.164835164835164,66.81318681318682,5.054945054945055,16.164383561643834,32.61105728149414,20.113502502441406,-14.182613372802734,68.29098510742188,8.135400772094727,39.301544189453125
088_purse,put the purse on the tray,13,1,272,11.671,1788429071.550287,00012_front_put_the_purse_on_the_tray.png,00012_wrist_put_the_purse_on_the_tray.png,recap.png,50,12,310,311,32.879120879120876,12.0,-15.164835164835164,66.81318681318682,5.054945054945055,16.164383561643834,32.39181137084961,19.464096069335938,-14.454719543457031,68.89498901367188,8.343494415283203,39.39995574951172
088_purse,put the purse on the tray,13,1,272,11.671,1788429071.550287,00012_front_put_the_purse_on_the_tray.png,00012_wrist_put_the_purse_on_the_tray.png,recap.png,50,13,311,312,32.879120879120876,12.0,-15.164835164835164,66.81318681318682,5.054945054945055,16.164383561643834,32.3544807434082,19.30097198486328,-14.450736999511719,69.52491760253906,8.532873153686523,39.23291015625
088_purse,put the purse on the tray,13,1,272,11.671,1788429071.550287,00012_front_put_the_purse_on_the_tray.png,00012_wrist_put_the_purse_on_the_tray.png,recap.png,50,14,312,313,32.879120879120876,12.0,-15.164835164835164,66.81318681318682,5.054945054945055,16.164383561643834,32.13020706176758,19.038414001464844,-13.974479675292969,70.10655212402344,8.747076034545898,39.18975830078125
088_purse,put the purse on the tray,13,1,272,11.671,1788429071.550287,00012_front_put_the_purse_on_the_tray.png,00012_wrist_put_the_purse_on_the_tray.png,recap.png,50,15,313,314,32.879120879120876,12.0,-15.164835164835164,66.81318681318682,5.054945054945055,16.164383561643834,32.057682037353516,19.488052368164062,-14.720699310302734,70.78802490234375,8.98798942565918,39.48343276977539
088_purse,put the purse on the tray,13,1,272,11.671,1788429071.550287,00012_front_put_the_purse_on_the_tray.png,00012_wrist_put_the_purse_on_the_tray.png,recap.png,50,16,314,315,32.879120879120876,12.0,-15.164835164835164,66.81318681318682,5.054945054945055,16.164383561643834,31.841503143310547,19.232322692871094,-14.24483871459961,71.50480651855469,9.123058319091797,39.70039749145508
088_purse,put the purse on the tray,13,1,272,11.671,1788429071.550287,00012_front_put_the_purse_on_the_tray.png,00012_wrist_put_the_purse_on_the_tray.png,recap.png,50,17,315,316,32.879120879120876,12.0,-15.164835164835164,66.81318681318682,5.054945054945055,16.164383561643834,31.868419647216797,18.706619262695312,-15.313812255859375,72.15335845947266,9.245994567871094,39.94839096069336
088_purse,put the purse on the tray,13,1,272,11.671,1788429071.550287,00012_front_put_the_purse_on_the_tray.png,00012_wrist_put_the_purse_on_the_tray.png,recap.png,50,18,316,317,32.879120879120876,12.0,-15.164835164835164,66.81318681318682,5.054945054945055,16.164383561643834,31.974529266357422,18.77845001220703,-14.845596313476562,72.93022155761719,9.31544303894043,40.32023239135742
088_purse,put the purse on the tray,13,1,272,11.671,1788429071.550287,00012_front_put_the_purse_on_the_tray.png,00012_wrist_put_the_purse_on_the_tray.png,recap.png,50,19,317,318,32.879120879120876,12.0,-15.164835164835164,66.81318681318682,5.054945054945055,16.164383561643834,31.760929107666016,18.89356231689453,-15.575027465820312,73.76454162597656,9.494468688964844,40.28109359741211
088_purse,put the purse on the tray,13,1,272,11.671,1788429071.550287,00012_front_put_the_purse_on_the_tray.png,00012_wrist_put_the_purse_on_the_tray.png,recap.png,50,20,318,319,32.879120879120876,12.0,-15.164835164835164,66.81318681318682,5.054945054945055,16.164383561643834,31.44239044189453,17.981338500976562,-15.650100708007812,74.67284393310547,9.640205383300781,40.428104400634766
088_purse,put the purse on the tray,13,1,272,11.671,1788429071.550287,00012_front_put_the_purse_on_the_tray.png,00012_wrist_put_the_purse_on_the_tray.png,recap.png,50,21,319,320,32.879120879120876,12.0,-15.164835164835164,66.81318681318682,5.054945054945055,16.164383561643834,31.367694854736328,17.58258819580078,-16.22280502319336,75.70053100585938,9.759021759033203,40.426578521728516
088_purse,put the purse on the tray,13,1,272,11.671,1788429071.550287,00012_front_put_the_purse_on_the_tray.png,00012_wrist_put_the_purse_on_the_tray.png,recap.png,50,22,320,321,32.879120879120876,12.0,-15.164835164835164,66.81318681318682,5.054945054945055,16.164383561643834,31.067317962646484,17.356422424316406,-16.87297821044922,76.8337631225586,9.890209197998047,40.266448974609375
088_purse,put the purse on the tray,13,1,272,11.671,1788429071.550287,00012_front_put_the_purse_on_the_tray.png,00012_wrist_put_the_purse_on_the_tray.png,recap.png,50,23,321,322,32.879120879120876,12.0,-15.164835164835164,66.81318681318682,5.054945054945055,16.164383561643834,30.938068389892578,16.940826416015625,-17.062156677246094,77.98770904541016,10.033369064331055,40.30525588989258
088_purse,put the purse on the tray,14,1,297,12.607,1788429072.488057,00013_front_put_the_purse_on_the_tray.png,00013_wrist_put_the_purse_on_the_tray.png,recap.png,50,0,322,323,31.736263736263737,14.637362637362637,-17.0989010989011,66.81318681318682,6.1098901098901095,16.164383561643834,32.5432243347168,23.328453063964844,-17.42538833618164,63.59340286254883,9.078542709350586,32.863868713378906
088_purse,put the purse on the tray,14,1,297,12.607,1788429072.488057,00013_front_put_the_purse_on_the_tray.png,00013_wrist_put_the_purse_on_the_tray.png,recap.png,50,1,323,324,31.736263736263737,14.637362637362637,-17.0989010989011,66.81318681318682,6.1098901098901095,16.164383561643834,32.57255172729492,23.602691650390625,-17.59588623046875,63.90202713012695,9.397214889526367,33.46860885620117
088_purse,put the purse on the tray,14,1,297,12.607,1788429072.488057,00013_front_put_the_purse_on_the_tray.png,00013_wrist_put_the_purse_on_the_tray.png,recap.png,50,2,324,325,31.736263736263737,14.637362637362637,-17.0989010989011,66.81318681318682,6.1098901098901095,16.164383561643834,32.54012680053711,23.21880340576172,-17.264293670654297,64.47383117675781,9.622293472290039,34.13918685913086
088_purse,put the purse on the tray,14,1,297,12.607,1788429072.488057,00013_front_put_the_purse_on_the_tray.png,00013_wrist_put_the_purse_on_the_tray.png,recap.png,50,3,325,326,31.736263736263737,14.637362637362637,-17.0989010989011,66.81318681318682,6.1098901098901095,16.164383561643834,32.334346771240234,23.74962615966797,-17.484363555908203,65.03364562988281,9.663555145263672,34.875606536865234
088_purse,put the purse on the tray,14,1,297,12.607,1788429072.488057,00013_front_put_the_purse_on_the_tray.png,00013_wrist_put_the_purse_on_the_tray.png,recap.png,50,4,326,327,31.736263736263737,14.637362637362637,-17.0989010989011,66.81318681318682,6.1098901098901095,16.164383561643834,32.3619499206543,23.95531463623047,-17.946353912353516,65.5787124633789,9.684232711791992,35.481266021728516
088_purse,put the purse on the tray,14,1,297,12.607,1788429072.488057,00013_front_put_the_purse_on_the_tray.png,00013_wrist_put_the_purse_on_the_tray.png,recap.png,50,5,327,328,31.736263736263737,14.637362637362637,-17.0989010989011,66.81318681318682,6.1098901098901095,16.164383561643834,32.15012741088867,23.55113983154297,-18.14797592163086,66.14912414550781,9.925329208374023,36.158626556396484
088_purse,put the purse on the tray,14,1,297,12.607,1788429072.488057,00013_front_put_the_purse_on_the_tray.png,00013_wrist_put_the_purse_on_the_tray.png,recap.png,50,6,328,329,31.736263736263737,14.637362637362637,-17.0989010989011,66.81318681318682,6.1098901098901095,16.164383561643834,32.140254974365234,23.13117218017578,-18.375640869140625,66.88314819335938,10.167383193969727,36.56989669799805
088_purse,put the purse on the tray,14,1,297,12.607,1788429072.488057,00013_front_put_the_purse_on_the_tray.png,00013_wrist_put_the_purse_on_the_tray.png,recap.png,50,7,329,330,31.736263736263737,14.637362637362637,-17.0989010989011,66.81318681318682,6.1098901098901095,16.164383561643834,31.632701873779297,23.36016845703125,-17.578433990478516,67.52748107910156,10.458580017089844,36.804752349853516
088_purse,put the purse on the tray,14,1,297,12.607,1788429072.488057,00013_front_put_the_purse_on_the_tray.png,00013_wrist_put_the_purse_on_the_tray.png,recap.png,50,8,330,331,31.736263736263737,14.637362637362637,-17.0989010989011,66.81318681318682,6.1098901098901095,16.164383561643834,31.786945343017578,23.237548828125,-18.913204193115234,68.33916473388672,10.444408416748047,36.92903518676758
088_purse,put the purse on the tray,14,1,297,12.607,1788429072.488057,00013_front_put_the_purse_on_the_tray.png,00013_wrist_put_the_purse_on_the_tray.png,recap.png,50,9,331,332,31.736263736263737,14.637362637362637,-17.0989010989011,66.81318681318682,6.1098901098901095,16.164383561643834,31.449417114257812,23.019081115722656,-18.090717315673828,68.79631042480469,10.64815902709961,37.20369338989258
088_purse,put the purse on the tray,14,1,297,12.607,1788429072.488057,00013_front_put_the_purse_on_the_tray.png,00013_wrist_put_the_purse_on_the_tray.png,recap.png,50,10,332,333,31.736263736263737,14.637362637362637,-17.0989010989011,66.81318681318682,6.1098901098901095,16.164383561643834,31.830074310302734,23.095046997070312,-19.09444808959961,69.61181640625,10.687793731689453,37.170013427734375
088_purse,put the purse on the tray,14,1,297,12.607,1788429072.488057,00013_front_put_the_purse_on_the_tray.png,00013_wrist_put_the_purse_on_the_tray.png,recap.png,50,11,333,334,31.736263736263737,14.637362637362637,-17.0989010989011,66.81318681318682,6.1098901098901095,16.164383561643834,31.46881866455078,22.973220825195312,-19.596599578857422,70.18519592285156,10.75786018371582,37.033103942871094
088_purse,put the purse on the tray,14,1,297,12.607,1788429072.488057,00013_front_put_the_purse_on_the_tray.png,00013_wrist_put_the_purse_on_the_tray.png,recap.png,50,12,334,335,31.736263736263737,14.637362637362637,-17.0989010989011,66.81318681318682,6.1098901098901095,16.164383561643834,31.24228286743164,22.711517333984375,-18.717655181884766,70.78564453125,10.794212341308594,36.96061706542969
088_purse,put the purse on the tray,14,1,297,12.607,1788429072.488057,00013_front_put_the_purse_on_the_tray.png,00013_wrist_put_the_purse_on_the_tray.png,recap.png,50,13,335,336,31.736263736263737,14.637362637362637,-17.0989010989011,66.81318681318682,6.1098901098901095,16.164383561643834,31.2423095703125,22.623306274414062,-19.58914566040039,71.44024658203125,10.931991577148438,37.027950286865234
088_purse,put the purse on the tray,14,1,297,12.607,1788429072.488057,00013_front_put_the_purse_on_the_tray.png,00013_wrist_put_the_purse_on_the_tray.png,recap.png,50,14,336,337,31.736263736263737,14.637362637362637,-17.0989010989011,66.81318681318682,6.1098901098901095,16.164383561643834,30.986759185791016,21.872711181640625,-19.848865509033203,72.30952453613281,10.84050178527832,37.127559661865234
088_purse,put the purse on the tray,14,1,297,12.607,1788429072.488057,00013_front_put_the_purse_on_the_tray.png,00013_wrist_put_the_purse_on_the_tray.png,recap.png,50,15,337,338,31.736263736263737,14.637362637362637,-17.0989010989011,66.81318681318682,6.1098901098901095,16.164383561643834,30.931053161621094,21.75359344482422,-20.05770492553711,73.04853057861328,10.829002380371094,37.451778411865234
088_purse,put the purse on the tray,14,1,297,12.607,1788429072.488057,00013_front_put_the_purse_on_the_tray.png,00013_wrist_put_the_purse_on_the_tray.png,recap.png,50,16,338,339,31.736263736263737,14.637362637362637,-17.0989010989011,66.81318681318682,6.1098901098901095,16.164383561643834,30.844825744628906,21.199058532714844,-20.230026245117188,73.95838928222656,10.909584045410156,37.5219612121582
088_purse,put the purse on the tray,14,1,297,12.607,1788429072.488057,00013_front_put_the_purse_on_the_tray.png,00013_wrist_put_the_purse_on_the_tray.png,recap.png,50,17,339,340,31.736263736263737,14.637362637362637,-17.0989010989011,66.81318681318682,6.1098901098901095,16.164383561643834,30.554161071777344,20.97992706298828,-20.368778228759766,74.68388366699219,11.06976318359375,37.52339172363281
088_purse,put the purse on the tray,14,1,297,12.607,1788429072.488057,00013_front_put_the_purse_on_the_tray.png,00013_wrist_put_the_purse_on_the_tray.png,recap.png,50,18,340,341,31.736263736263737,14.637362637362637,-17.0989010989011,66.81318681318682,6.1098901098901095,16.164383561643834,30.518218994140625,20.53594970703125,-20.60858917236328,75.63186645507812,11.009012222290039,37.5286865234375
088_purse,put the purse on the tray,14,1,297,12.607,1788429072.488057,00013_front_put_the_purse_on_the_tray.png,00013_wrist_put_the_purse_on_the_tray.png,recap.png,50,19,341,342,31.736263736263737,14.637362637362637,-17.0989010989011,66.81318681318682,6.1098901098901095,16.164383561643834,30.56171417236328,19.727821350097656,-20.798301696777344,76.50067138671875,11.135143280029297,37.521854400634766
088_purse,put the purse on the tray,14,1,297,12.607,1788429072.488057,00013_front_put_the_purse_on_the_tray.png,00013_wrist_put_the_purse_on_the_tray.png,recap.png,50,20,342,343,31.736263736263737,14.637362637362637,-17.0989010989011,66.81318681318682,6.1098901098901095,16.164383561643834,30.358741760253906,18.90331268310547,-21.268299102783203,77.64480590820312,11.196889877319336,37.55260467529297
088_purse,put the purse on the tray,14,1,297,12.607,1788429072.488057,00013_front_put_the_purse_on_the_tray.png,00013_wrist_put_the_purse_on_the_tray.png,recap.png,50,21,343,344,31.736263736263737,14.637362637362637,-17.0989010989011,66.81318681318682,6.1098901098901095,16.164383561643834,30.27663803100586,19.211891174316406,-21.512813568115234,78.6744155883789,11.19194221496582,37.53564453125
088_purse,put the purse on the tray,14,1,297,12.607,1788429072.488057,00013_front_put_the_purse_on_the_tray.png,00013_wrist_put_the_purse_on_the_tray.png,recap.png,50,22,344,345,31.736263736263737,14.637362637362637,-17.0989010989011,66.81318681318682,6.1098901098901095,16.164383561643834,30.215946197509766,17.715469360351562,-22.035598754882812,79.8516845703125,11.3475341796875,37.26141357421875
088_purse,put the purse on the tray,14,1,297,12.607,1788429072.488057,00013_front_put_the_purse_on_the_tray.png,00013_wrist_put_the_purse_on_the_tray.png,recap.png,50,23,345,346,31.736263736263737,14.637362637362637,-17.0989010989011,66.81318681318682,6.1098901098901095,16.164383561643834,29.959163665771484,17.484230041503906,-22.43289566040039,80.93928527832031,11.46988296508789,37.445098876953125
088_purse,put the purse on the tray,14,1,297,12.607,1788429072.488057,00013_front_put_the_purse_on_the_tray.png,00013_wrist_put_the_purse_on_the_tray.png,recap.png,50,24,346,347,31.736263736263737,14.637362637362637,-17.0989010989011,66.81318681318682,6.1098901098901095,16.164383561643834,29.918968200683594,16.78131103515625,-22.922733306884766,82.05364990234375,11.589895248413086,37.43864440917969
088_purse,put the purse on the tray,15,1,321,13.477,1788429073.3569894,00014_front_put_the_purse_on_the_tray.png,00014_wrist_put_the_purse_on_the_tray.png,recap.png,50,0,347,348,31.824175824175825,20.439560439560438,-14.10989010989011,74.10989010989012,9.274725274725276,40.06849315068493,24.648662567138672,3.4043197631835938,-14.781070709228516,94.30451965332031,11.389238357543945,41.61042022705078
088_purse,put the purse on the tray,15,1,321,13.477,1788429073.3569894,00014_front_put_the_purse_on_the_tray.png,00014_wrist_put_the_purse_on_the_tray.png,recap.png,50,1,348,349,31.824175824175825,20.439560439560438,-14.10989010989011,74.10989010989012,9.274725274725276,40.06849315068493,23.705020904541016,1.2278594970703125,-14.2130126953125,94.48489379882812,11.509723663330078,41.37216567993164
088_purse,put the purse on the tray,15,1,321,13.477,1788429073.3569894,00014_front_put_the_purse_on_the_tray.png,00014_wrist_put_the_purse_on_the_tray.png,recap.png,50,2,349,350,31.824175824175825,20.439560439560438,-14.10989010989011,74.10989010989012,9.274725274725276,40.06849315068493,23.64352798461914,-0.4563751220703125,-12.43658447265625,94.54188537597656,11.42225456237793,41.71112823486328
088_purse,put the purse on the tray,15,1,321,13.477,1788429073.3569894,00014_front_put_the_purse_on_the_tray.png,00014_wrist_put_the_purse_on_the_tray.png,recap.png,50,3,350,351,31.824175824175825,20.439560439560438,-14.10989010989011,74.10989010989012,9.274725274725276,40.06849315068493,23.022319793701172,-2.2016983032226562,-10.873592376708984,94.48231506347656,11.480485916137695,41.84703063964844
088_purse,put the purse on the tray,15,1,321,13.477,1788429073.3569894,00014_front_put_the_purse_on_the_tray.png,00014_wrist_put_the_purse_on_the_tray.png,recap.png,50,4,351,352,31.824175824175825,20.439560439560438,-14.10989010989011,74.10989010989012,9.274725274725276,40.06849315068493,22.100257873535156,-4.1566619873046875,-9.253650665283203,93.82769775390625,11.744026184082031,41.7928581237793
088_purse,put the purse on the tray,15,1,321,13.477,1788429073.3569894,00014_front_put_the_purse_on_the_tray.png,00014_wrist_put_the_purse_on_the_tray.png,recap.png,50,5,352,353,31.824175824175825,20.439560439560438,-14.10989010989011,74.10989010989012,9.274725274725276,40.06849315068493,21.60976791381836,-6.3065185546875,-7.1514892578125,93.49722290039062,11.778841018676758,41.96992111206055
088_purse,put the purse on the tray,15,1,321,13.477,1788429073.3569894,00014_front_put_the_purse_on_the_tray.png,00014_wrist_put_the_purse_on_the_tray.png,recap.png,50,6,353,354,31.824175824175825,20.439560439560438,-14.10989010989011,74.10989010989012,9.274725274725276,40.06849315068493,20.676528930664062,-7.532188415527344,-5.6433868408203125,93.26815795898438,11.931259155273438,41.99612045288086
088_purse,put the purse on the tray,15,1,321,13.477,1788429073.3569894,00014_front_put_the_purse_on_the_tray.png,00014_wrist_put_the_purse_on_the_tray.png,recap.png,50,7,354,355,31.824175824175825,20.439560439560438,-14.10989010989011,74.10989010989012,9.274725274725276,40.06849315068493,20.050312042236328,-8.750358581542969,-4.666805267333984,92.53851318359375,11.82264518737793,41.698463439941406
088_purse,put the purse on the tray,15,1,321,13.477,1788429073.3569894,00014_front_put_the_purse_on_the_tray.png,00014_wrist_put_the_purse_on_the_tray.png,recap.png,50,8,355,356,31.824175824175825,20.439560439560438,-14.10989010989011,74.10989010989012,9.274725274725276,40.06849315068493,19.699840545654297,-10.509140014648438,-1.9760208129882812,92.06664276123047,11.922761917114258,41.14504623413086
088_purse,put the purse on the tray,15,1,321,13.477,1788429073.3569894,00014_front_put_the_purse_on_the_tray.png,00014_wrist_put_the_purse_on_the_tray.png,recap.png,50,9,356,357,31.824175824175825,20.439560439560438,-14.10989010989011,74.10989010989012,9.274725274725276,40.06849315068493,19.1553955078125,-12.293777465820312,0.0829925537109375,91.633056640625,12.05549430847168,39.01249313354492
088_purse,put the purse on the tray,15,1,321,13.477,1788429073.3569894,00014_front_put_the_purse_on_the_tray.png,00014_wrist_put_the_purse_on_the_tray.png,recap.png,50,10,357,358,31.824175824175825,20.439560439560438,-14.10989010989011,74.10989010989012,9.274725274725276,40.06849315068493,18.593441009521484,-13.899543762207031,2.3921737670898438,90.56524658203125,11.888761520385742,35.522064208984375
088_purse,put the purse on the tray,15,1,321,13.477,1788429073.3569894,00014_front_put_the_purse_on_the_tray.png,00014_wrist_put_the_purse_on_the_tray.png,recap.png,50,11,358,359,31.824175824175825,20.439560439560438,-14.10989010989011,74.10989010989012,9.274725274725276,40.06849315068493,18.083778381347656,-15.529991149902344,4.795497894287109,89.52981567382812,12.062337875366211,31.029870986938477
088_purse,put the purse on the tray,15,1,321,13.477,1788429073.3569894,00014_front_put_the_purse_on_the_tray.png,00014_wrist_put_the_purse_on_the_tray.png,recap.png,50,12,359,360,31.824175824175825,20.439560439560438,-14.10989010989011,74.10989010989012,9.274725274725276,40.06849315068493,17.41051483154297,-16.9971923828125,6.6833343505859375,88.22689056396484,11.986019134521484,25.964824676513672
088_purse,put the purse on the tray,15,1,321,13.477,1788429073.3569894,00014_front_put_the_purse_on_the_tray.png,00014_wrist_put_the_purse_on_the_tray.png,recap.png,50,13,360,361,31.824175824175825,20.439560439560438,-14.10989010989011,74.10989010989012,9.274725274725276,40.06849315068493,16.544334411621094,-19.63446044921875,8.798957824707031,87.2126693725586,12.063312530517578,21.357858657836914
088_purse,put the purse on the tray,15,1,321,13.477,1788429073.3569894,00014_front_put_the_purse_on_the_tray.png,00014_wrist_put_the_purse_on_the_tray.png,recap.png,50,14,361,362,31.824175824175825,20.439560439560438,-14.10989010989011,74.10989010989012,9.274725274725276,40.06849315068493,15.979034423828125,-21.306480407714844,11.217742919921875,86.01089477539062,11.941598892211914,17.51250648498535
088_purse,put the purse on the tray,15,1,321,13.477,1788429073.3569894,00014_front_put_the_purse_on_the_tray.png,00014_wrist_put_the_purse_on_the_tray.png,recap.png,50,15,362,363,31.824175824175825,20.439560439560438,-14.10989010989011,74.10989010989012,9.274725274725276,40.06849315068493,15.19338607788086,-21.882095336914062,13.399383544921875,85.06024932861328,12.054035186767578,14.348672866821289
088_purse,put the purse on the tray,15,1,321,13.477,1788429073.3569894,00014_front_put_the_purse_on_the_tray.png,00014_wrist_put_the_purse_on_the_tray.png,recap.png,50,16,363,364,31.824175824175825,20.439560439560438,-14.10989010989011,74.10989010989012,9.274725274725276,40.06849315068493,14.683780670166016,-24.145912170410156,15.477188110351562,84.54710388183594,11.976734161376953,11.592913627624512
088_purse,put the purse on the tray,15,1,321,13.477,1788429073.3569894,00014_front_put_the_purse_on_the_tray.png,00014_wrist_put_the_purse_on_the_tray.png,recap.png,50,17,364,365,31.824175824175825,20.439560439560438,-14.10989010989011,74.10989010989012,9.274725274725276,40.06849315068493,13.891098022460938,-24.894500732421875,17.221023559570312,84.06057739257812,11.936351776123047,9.229316711425781
088_purse,put the purse on the tray,15,1,321,13.477,1788429073.3569894,00014_front_put_the_purse_on_the_tray.png,00014_wrist_put_the_purse_on_the_tray.png,recap.png,50,18,365,366,31.824175824175825,20.439560439560438,-14.10989010989011,74.10989010989012,9.274725274725276,40.06849315068493,13.042278289794922,-26.459243774414062,18.83965301513672,83.6668930053711,11.807758331298828,7.037858009338379
088_purse,put the purse on the tray,15,1,321,13.477,1788429073.3569894,00014_front_put_the_purse_on_the_tray.png,00014_wrist_put_the_purse_on_the_tray.png,recap.png,50,19,366,367,31.824175824175825,20.439560439560438,-14.10989010989011,74.10989010989012,9.274725274725276,40.06849315068493,12.450965881347656,-27.580589294433594,20.221206665039062,83.2808609008789,11.787467956542969,5.425708770751953
088_purse,put the purse on the tray,15,1,321,13.477,1788429073.3569894,00014_front_put_the_purse_on_the_tray.png,00014_wrist_put_the_purse_on_the_tray.png,recap.png,50,20,367,368,31.824175824175825,20.439560439560438,-14.10989010989011,74.10989010989012,9.274725274725276,40.06849315068493,11.442840576171875,-29.430618286132812,22.05486297607422,82.88021087646484,11.648687362670898,4.219079971313477
088_purse,put the purse on the tray,15,1,321,13.477,1788429073.3569894,00014_front_put_the_purse_on_the_tray.png,00014_wrist_put_the_purse_on_the_tray.png,recap.png,50,21,368,369,31.824175824175825,20.439560439560438,-14.10989010989011,74.10989010989012,9.274725274725276,40.06849315068493,10.60715103149414,-30.529541015625,23.179542541503906,82.42642211914062,11.485862731933594,3.2460663318634033
088_purse,put the purse on the tray,15,1,321,13.477,1788429073.3569894,00014_front_put_the_purse_on_the_tray.png,00014_wrist_put_the_purse_on_the_tray.png,recap.png,50,22,369,370,31.824175824175825,20.439560439560438,-14.10989010989011,74.10989010989012,9.274725274725276,40.06849315068493,9.721427917480469,-32.450836181640625,25.125030517578125,81.99354553222656,11.149391174316406,2.2904603481292725
088_purse,put the purse on the tray,15,1,321,13.477,1788429073.3569894,00014_front_put_the_purse_on_the_tray.png,00014_wrist_put_the_purse_on_the_tray.png,recap.png,50,23,370,371,31.824175824175825,20.439560439560438,-14.10989010989011,74.10989010989012,9.274725274725276,40.06849315068493,8.926651000976562,-33.846580505371094,26.56957244873047,81.75517272949219,11.100046157836914,1.4437696933746338
088_purse,put the purse on the tray,16,1,346,14.447,1788429074.327161,00015_front_put_the_purse_on_the_tray.png,00015_wrist_put_the_purse_on_the_tray.png,recap.png,50,0,371,372,31.032967032967033,22.54945054945055,-19.64835164835165,78.06593406593407,10.505494505494505,37.19178082191781,23.604907989501953,3.2331466674804688,-15.198081970214844,95.29580688476562,12.604557037353516,40.08991241455078
088_purse,put the purse on the tray,16,1,346,14.447,1788429074.327161,00015_front_put_the_purse_on_the_tray.png,00015_wrist_put_the_purse_on_the_tray.png,recap.png,50,1,372,373,31.032967032967033,22.54945054945055,-19.64835164835165,78.06593406593407,10.505494505494505,37.19178082191781,23.2579345703125,1.7414627075195312,-13.507869720458984,95.16852569580078,12.509845733642578,40.068729400634766
088_purse,put the purse on the tray,16,1,346,14.447,1788429074.327161,00015_front_put_the_purse_on_the_tray.png,00015_wrist_put_the_purse_on_the_tray.png,recap.png,50,2,373,374,31.032967032967033,22.54945054945055,-19.64835164835165,78.06593406593407,10.505494505494505,37.19178082191781,22.695262908935547,0.24942779541015625,-12.030559539794922,94.87832641601562,12.537416458129883,40.06779098510742
088_purse,put the purse on the tray,16,1,346,14.447,1788429074.327161,00015_front_put_the_purse_on_the_tray.png,00015_wrist_put_the_purse_on_the_tray.png,recap.png,50,3,374,375,31.032967032967033,22.54945054945055,-19.64835164835165,78.06593406593407,10.505494505494505,37.19178082191781,21.946155548095703,-1.9838027954101562,-9.496726989746094,94.32949829101562,12.543619155883789,39.948062896728516
088_purse,put the purse on the tray,16,1,346,14.447,1788429074.327161,00015_front_put_the_purse_on_the_tray.png,00015_wrist_put_the_purse_on_the_tray.png,recap.png,50,4,375,376,31.032967032967033,22.54945054945055,-19.64835164835165,78.06593406593407,10.505494505494505,37.19178082191781,21.286579132080078,-3.931732177734375,-6.792423248291016,93.58732604980469,12.462329864501953,39.86595153808594
088_purse,put the purse on the tray,16,1,346,14.447,1788429074.327161,00015_front_put_the_purse_on_the_tray.png,00015_wrist_put_the_purse_on_the_tray.png,recap.png,50,5,376,377,31.032967032967033,22.54945054945055,-19.64835164835165,78.06593406593407,10.505494505494505,37.19178082191781,20.817352294921875,-6.058441162109375,-4.8165740966796875,92.6010971069336,12.456899642944336,39.313053131103516
088_purse,put the purse on the tray,16,1,346,14.447,1788429074.327161,00015_front_put_the_purse_on_the_tray.png,00015_wrist_put_the_purse_on_the_tray.png,recap.png,50,6,377,378,31.032967032967033,22.54945054945055,-19.64835164835165,78.06593406593407,10.505494505494505,37.19178082191781,20.073528289794922,-8.173110961914062,-1.9641380310058594,91.5890121459961,12.657529830932617,38.79341506958008
088_purse,put the purse on the tray,16,1,346,14.447,1788429074.327161,00015_front_put_the_purse_on_the_tray.png,00015_wrist_put_the_purse_on_the_tray.png,recap.png,50,7,378,379,31.032967032967033,22.54945054945055,-19.64835164835165,78.06593406593407,10.505494505494505,37.19178082191781,19.19384765625,-9.712532043457031,0.3798675537109375,90.72900390625,12.557371139526367,38.178672790527344
088_purse,put the purse on the tray,16,1,346,14.447,1788429074.327161,00015_front_put_the_purse_on_the_tray.png,00015_wrist_put_the_purse_on_the_tray.png,recap.png,50,8,379,380,31.032967032967033,22.54945054945055,-19.64835164835165,78.06593406593407,10.505494505494505,37.19178082191781,18.88283920288086,-11.254180908203125,3.2197532653808594,90.0047607421875,12.731359481811523,37.59294509887695
088_purse,put the purse on the tray,16,1,346,14.447,1788429074.327161,00015_front_put_the_purse_on_the_tray.png,00015_wrist_put_the_purse_on_the_tray.png,recap.png,50,9,380,381,31.032967032967033,22.54945054945055,-19.64835164835165,78.06593406593407,10.505494505494505,37.19178082191781,18.249691009521484,-13.145530700683594,5.063549041748047,89.1221923828125,12.515188217163086,36.85273742675781
088_purse,put the purse on the tray,16,1,346,14.447,1788429074.327161,00015_front_put_the_purse_on_the_tray.png,00015_wrist_put_the_purse_on_the_tray.png,recap.png,50,10,381,382,31.032967032967033,22.54945054945055,-19.64835164835165,78.06593406593407,10.505494505494505,37.19178082191781,17.677066802978516,-14.814842224121094,7.134502410888672,88.3677978515625,12.574605941772461,35.41145706176758
088_purse,put the purse on the tray,16,1,346,14.447,1788429074.327161,00015_front_put_the_purse_on_the_tray.png,00015_wrist_put_the_purse_on_the_tray.png,recap.png,50,11,382,383,31.032967032967033,22.54945054945055,-19.64835164835165,78.06593406593407,10.505494505494505,37.19178082191781,16.90349578857422,-16.987403869628906,9.416755676269531,87.6995620727539,12.486188888549805,33.60874938964844
088_purse,put the purse on the tray,16,1,346,14.447,1788429074.327161,00015_front_put_the_purse_on_the_tray.png,00015_wrist_put_the_purse_on_the_tray.png,recap.png,50,12,383,384,31.032967032967033,22.54945054945055,-19.64835164835165,78.06593406593407,10.505494505494505,37.19178082191781,16.191383361816406,-18.60857391357422,11.619972229003906,87.09260559082031,12.45065689086914,30.86707878112793
088_purse,put the purse on the tray,16,1,346,14.447,1788429074.327161,00015_front_put_the_purse_on_the_tray.png,00015_wrist_put_the_purse_on_the_tray.png,recap.png,50,13,384,385,31.032967032967033,22.54945054945055,-19.64835164835165,78.06593406593407,10.505494505494505,37.19178082191781,15.690425872802734,-20.37232208251953,13.823280334472656,86.3193359375,12.459684371948242,27.861528396606445
088_purse,put the purse on the tray,16,1,346,14.447,1788429074.327161,00015_front_put_the_purse_on_the_tray.png,00015_wrist_put_the_purse_on_the_tray.png,recap.png,50,14,385,386,31.032967032967033,22.54945054945055,-19.64835164835165,78.06593406593407,10.505494505494505,37.19178082191781,14.771183013916016,-21.89997100830078,15.756637573242188,85.73863220214844,12.312923431396484,24.412128448486328
088_purse,put the purse on the tray,16,1,346,14.447,1788429074.327161,00015_front_put_the_purse_on_the_tray.png,00015_wrist_put_the_purse_on_the_tray.png,recap.png,50,15,386,387,31.032967032967033,22.54945054945055,-19.64835164835165,78.06593406593407,10.505494505494505,37.19178082191781,14.238224029541016,-23.38500213623047,17.409820556640625,85.02395629882812,12.183845520019531,21.23974609375
088_purse,put the purse on the tray,16,1,346,14.447,1788429074.327161,00015_front_put_the_purse_on_the_tray.png,00015_wrist_put_the_purse_on_the_tray.png,recap.png,50,16,387,388,31.032967032967033,22.54945054945055,-19.64835164835165,78.06593406593407,10.505494505494505,37.19178082191781,13.669078826904297,-24.988632202148438,19.82898712158203,84.29637145996094,12.111337661743164,18.016054153442383
088_purse,put the purse on the tray,16,1,346,14.447,1788429074.327161,00015_front_put_the_purse_on_the_tray.png,00015_wrist_put_the_purse_on_the_tray.png,recap.png,50,17,388,389,31.032967032967033,22.54945054945055,-19.64835164835165,78.06593406593407,10.505494505494505,37.19178082191781,12.938838958740234,-26.45336151123047,21.3770751953125,83.41634368896484,11.92520523071289,15.218157768249512
088_purse,put the purse on the tray,16,1,346,14.447,1788429074.327161,00015_front_put_the_purse_on_the_tray.png,00015_wrist_put_the_purse_on_the_tray.png,recap.png,50,18,389,390,31.032967032967033,22.54945054945055,-19.64835164835165,78.06593406593407,10.505494505494505,37.19178082191781,12.493900299072266,-27.973159790039062,22.853073120117188,82.49668884277344,11.947549819946289,12.79043960571289
088_purse,put the purse on the tray,16,1,346,14.447,1788429074.327161,00015_front_put_the_purse_on_the_tray.png,00015_wrist_put_the_purse_on_the_tray.png,recap.png,50,19,390,391,31.032967032967033,22.54945054945055,-19.64835164835165,78.06593406593407,10.505494505494505,37.19178082191781,11.798419952392578,-29.596893310546875,24.58216094970703,81.50056457519531,11.915704727172852,10.633611679077148
088_purse,put the purse on the tray,16,1,346,14.447,1788429074.327161,00015_front_put_the_purse_on_the_tray.png,00015_wrist_put_the_purse_on_the_tray.png,recap.png,50,20,391,392,31.032967032967033,22.54945054945055,-19.64835164835165,78.06593406593407,10.505494505494505,37.19178082191781,10.89373779296875,-30.935195922851562,26.320220947265625,80.5503921508789,11.800771713256836,8.865077018737793
088_purse,put the purse on the tray,16,1,346,14.447,1788429074.327161,00015_front_put_the_purse_on_the_tray.png,00015_wrist_put_the_purse_on_the_tray.png,recap.png,50,21,392,393,31.032967032967033,22.54945054945055,-19.64835164835165,78.06593406593407,10.505494505494505,37.19178082191781,10.045318603515625,-32.57178497314453,28.03449249267578,79.49828338623047,11.687419891357422,7.697169780731201
088_purse,put the purse on the tray,16,1,346,14.447,1788429074.327161,00015_front_put_the_purse_on_the_tray.png,00015_wrist_put_the_purse_on_the_tray.png,recap.png,50,22,393,394,31.032967032967033,22.54945054945055,-19.64835164835165,78.06593406593407,10.505494505494505,37.19178082191781,9.18960952758789,-33.91950225830078,29.702110290527344,78.49891662597656,11.517698287963867,6.843204498291016
088_purse,put the purse on the tray,16,1,346,14.447,1788429074.327161,00015_front_put_the_purse_on_the_tray.png,00015_wrist_put_the_purse_on_the_tray.png,recap.png,50,23,394,395,31.032967032967033,22.54945054945055,-19.64835164835165,78.06593406593407,10.505494505494505,37.19178082191781,8.280967712402344,-35.703041076660156,31.435409545898438,77.56639862060547,11.29229736328125,5.954956531524658
088_purse,put the purse on the tray,16,1,346,14.447,1788429074.327161,00015_front_put_the_purse_on_the_tray.png,00015_wrist_put_the_purse_on_the_tray.png,recap.png,50,24,395,396,31.032967032967033,22.54945054945055,-19.64835164835165,78.06593406593407,10.505494505494505,37.19178082191781,7.472713470458984,-37.17338562011719,33.28773498535156,76.6759033203125,11.112585067749023,5.3428497314453125
088_purse,put the purse on the tray,17,1,370,15.283,1788429075.1632805,00016_front_put_the_purse_on_the_tray.png,00016_wrist_put_the_purse_on_the_tray.png,recap.png,50,0,396,397,11.340659340659341,-27.296703296703296,22.46153846153846,83.6043956043956,11.472527472527473,5.410958904109589,-1.6151294708251953,-69.58354187011719,68.09923553466797,65.6646728515625,2.6367578506469727,0.6720505356788635
088_purse,put the purse on the tray,17,1,370,15.283,1788429075.1632805,00016_front_put_the_purse_on_the_tray.png,00016_wrist_put_the_purse_on_the_tray.png,recap.png,50,1,397,398,11.340659340659341,-27.296703296703296,22.46153846153846,83.6043956043956,11.472527472527473,5.410958904109589,-1.8184585571289062,-71.29979705810547,69.94153594970703,65.14734649658203,1.8566036224365234,0.8097754716873169
088_purse,put the purse on the tray,17,1,370,15.283,1788429075.1632805,00016_front_put_the_purse_on_the_tray.png,00016_wrist_put_the_purse_on_the_tray.png,recap.png,50,2,398,399,11.340659340659341,-27.296703296703296,22.46153846153846,83.6043956043956,11.472527472527473,5.410958904109589,-1.8872413635253906,-71.79273223876953,70.80908203125,64.65838623046875,0.8994302749633789,0.7932049632072449
088_purse,put the purse on the tray,17,1,370,15.283,1788429075.1632805,00016_front_put_the_purse_on_the_tray.png,00016_wrist_put_the_purse_on_the_tray.png,recap.png,50,3,399,400,11.340659340659341,-27.296703296703296,22.46153846153846,83.6043956043956,11.472527472527473,5.410958904109589,-1.4956340789794922,-73.68415832519531,72.74790954589844,63.855289459228516,0.07184982299804688,0.807589590549469
088_purse,put the purse on the tray,17,1,370,15.283,1788429075.1632805,00016_front_put_the_purse_on_the_tray.png,00016_wrist_put_the_purse_on_the_tray.png,recap.png,50,4,400,401,11.340659340659341,-27.296703296703296,22.46153846153846,83.6043956043956,11.472527472527473,5.410958904109589,-1.351449966430664,-74.30341339111328,73.73176574707031,63.125328063964844,-0.5497236251831055,0.6908833980560303
088_purse,put the purse on the tray,17,1,370,15.283,1788429075.1632805,00016_front_put_the_purse_on_the_tray.png,00016_wrist_put_the_purse_on_the_tray.png,recap.png,50,5,401,402,11.340659340659341,-27.296703296703296,22.46153846153846,83.6043956043956,11.472527472527473,5.410958904109589,-1.0841751098632812,-76.1478271484375,74.71537780761719,62.46185302734375,-0.9298820495605469,0.688017725944519
088_purse,put the purse on the tray,17,1,370,15.283,1788429075.1632805,00016_front_put_the_purse_on_the_tray.png,00016_wrist_put_the_purse_on_the_tray.png,recap.png,50,6,402,403,11.340659340659341,-27.296703296703296,22.46153846153846,83.6043956043956,11.472527472527473,5.410958904109589,-0.8017807006835938,-77.53570556640625,76.10697937011719,62.01332092285156,-1.0662364959716797,0.6987188458442688
088_purse,put the purse on the tray,17,1,370,15.283,1788429075.1632805,00016_front_put_the_purse_on_the_tray.png,00016_wrist_put_the_purse_on_the_tray.png,recap.png,50,7,403,404,11.340659340659341,-27.296703296703296,22.46153846153846,83.6043956043956,11.472527472527473,5.410958904109589,-0.657135009765625,-79.50333404541016,77.41755676269531,61.79899597167969,-0.9104156494140625,0.5379528403282166
088_purse,put the purse on the tray,17,1,370,15.283,1788429075.1632805,00016_front_put_the_purse_on_the_tray.png,00016_wrist_put_the_purse_on_the_tray.png,recap.png,50,8,404,405,11.340659340659341,-27.296703296703296,22.46153846153846,83.6043956043956,11.472527472527473,5.410958904109589,-0.2496795654296875,-81.17639923095703,77.78752136230469,61.603538513183594,-0.8028297424316406,0.6368256211280823
088_purse,put the purse on the tray,17,1,370,15.283,1788429075.1632805,00016_front_put_the_purse_on_the_tray.png,00016_wrist_put_the_purse_on_the_tray.png,recap.png,50,9,405,406,11.340659340659341,-27.296703296703296,22.46153846153846,83.6043956043956,11.472527472527473,5.410958904109589,-0.21612548828125,-83.14838409423828,79.21165466308594,61.98564529418945,-0.8703279495239258,0.7404440641403198
088_purse,put the purse on the tray,17,1,370,15.283,1788429075.1632805,00016_front_put_the_purse_on_the_tray.png,00016_wrist_put_the_purse_on_the_tray.png,recap.png,50,10,406,407,11.340659340659341,-27.296703296703296,22.46153846153846,83.6043956043956,11.472527472527473,5.410958904109589,-0.5188083648681641,-85.61062622070312,79.96372985839844,62.13249969482422,-0.8055925369262695,0.6745296120643616
088_purse,put the purse on the tray,17,1,370,15.283,1788429075.1632805,00016_front_put_the_purse_on_the_tray.png,00016_wrist_put_the_purse_on_the_tray.png,recap.png,50,11,407,408,11.340659340659341,-27.296703296703296,22.46153846153846,83.6043956043956,11.472527472527473,5.410958904109589,-0.27437591552734375,-88.14781951904297,81.4046630859375,62.46438217163086,-0.7669286727905273,0.7219011783599854
088_purse,put the purse on the tray,17,1,370,15.283,1788429075.1632805,00016_front_put_the_purse_on_the_tray.png,00016_wrist_put_the_purse_on_the_tray.png,recap.png,50,12,408,409,11.340659340659341,-27.296703296703296,22.46153846153846,83.6043956043956,11.472527472527473,5.410958904109589,-0.3275642395019531,-89.80766296386719,81.54328918457031,62.5416374206543,-0.6234970092773438,0.6462468504905701
088_purse,put the purse on the tray,17,1,370,15.283,1788429075.1632805,00016_front_put_the_purse_on_the_tray.png,00016_wrist_put_the_purse_on_the_tray.png,recap.png,50,13,409,410,11.340659340659341,-27.296703296703296,22.46153846153846,83.6043956043956,11.472527472527473,5.410958904109589,-0.3229331970214844,-92.12049865722656,83.20208740234375,62.96153259277344,-0.5340137481689453,0.7236430644989014
088_purse,put the purse on the tray,17,1,370,15.283,1788429075.1632805,00016_front_put_the_purse_on_the_tray.png,00016_wrist_put_the_purse_on_the_tray.png,recap.png,50,14,410,411,11.340659340659341,-27.296703296703296,22.46153846153846,83.6043956043956,11.472527472527473,5.410958904109589,-0.36229705810546875,-94.08860778808594,83.79704284667969,63.818763732910156,-0.6185712814331055,0.69691002368927
088_purse,put the purse on the tray,17,1,370,15.283,1788429075.1632805,00016_front_put_the_purse_on_the_tray.png,00016_wrist_put_the_purse_on_the_tray.png,recap.png,50,15,411,412,11.340659340659341,-27.296703296703296,22.46153846153846,83.6043956043956,11.472527472527473,5.410958904109589,-0.5789260864257812,-96.70137023925781,84.938720703125,64.47435760498047,-0.4280509948730469,0.655653178691864
088_purse,put the purse on the tray,17,1,370,15.283,1788429075.1632805,00016_front_put_the_purse_on_the_tray.png,00016_wrist_put_the_purse_on_the_tray.png,recap.png,50,16,412,413,11.340659340659341,-27.296703296703296,22.46153846153846,83.6043956043956,11.472527472527473,5.410958904109589,-1.0053787231445312,-98.09908294677734,86.04872131347656,65.50453186035156,-0.6457433700561523,0.6659495830535889
088_purse,put the purse on the tray,17,1,370,15.283,1788429075.1632805,00016_front_put_the_purse_on_the_tray.png,00016_wrist_put_the_purse_on_the_tray.png,recap.png,50,17,413,414,11.340659340659341,-27.296703296703296,22.46153846153846,83.6043956043956,11.472527472527473,5.410958904109589,-1.3333587646484375,-99.8235092163086,86.83718872070312,66.39810180664062,-0.4262561798095703,0.5567846298217773
088_purse,put the purse on the tray,17,1,370,15.283,1788429075.1632805,00016_front_put_the_purse_on_the_tray.png,00016_wrist_put_the_purse_on_the_tray.png,recap.png,50,18,414,415,11.340659340659341,-27.296703296703296,22.46153846153846,83.6043956043956,11.472527472527473,5.410958904109589,-1.6171092987060547,-101.57168579101562,87.53593444824219,67.43537139892578,-0.21260738372802734,0.6723319888114929
088_purse,put the purse on the tray,17,1,370,15.283,1788429075.1632805,00016_front_put_the_purse_on_the_tray.png,00016_wrist_put_the_purse_on_the_tray.png,recap.png,50,19,415,416,11.340659340659341,-27.296703296703296,22.46153846153846,83.6043956043956,11.472527472527473,5.410958904109589,-2.5253067016601562,-102.0013656616211,87.60079956054688,68.45260620117188,0.2113790512084961,0.8059889078140259
088_purse,put the purse on the tray,17,1,370,15.283,1788429075.1632805,00016_front_put_the_purse_on_the_tray.png,00016_wrist_put_the_purse_on_the_tray.png,recap.png,50,20,416,417,11.340659340659341,-27.296703296703296,22.46153846153846,83.6043956043956,11.472527472527473,5.410958904109589,-2.518278121948242,-103.39592742919922,89.19512939453125,69.24455261230469,0.772064208984375,0.7803551554679871
088_purse,put the purse on the tray,17,1,370,15.283,1788429075.1632805,00016_front_put_the_purse_on_the_tray.png,00016_wrist_put_the_purse_on_the_tray.png,recap.png,50,21,417,418,11.340659340659341,-27.296703296703296,22.46153846153846,83.6043956043956,11.472527472527473,5.410958904109589,-3.227235794067383,-104.09104919433594,89.23197937011719,70.17098999023438,1.2009334564208984,0.7543273568153381
088_purse,put the purse on the tray,17,1,370,15.283,1788429075.1632805,00016_front_put_the_purse_on_the_tray.png,00016_wrist_put_the_purse_on_the_tray.png,recap.png,50,22,418,419,11.340659340659341,-27.296703296703296,22.46153846153846,83.6043956043956,11.472527472527473,5.410958904109589,-3.570516586303711,-104.63707733154297,89.52493286132812,71.085205078125,1.836258888244629,0.7698962092399597
088_purse,put the purse on the tray,17,1,370,15.283,1788429075.1632805,00016_front_put_the_purse_on_the_tray.png,00016_wrist_put_the_purse_on_the_tray.png,recap.png,50,23,419,420,11.340659340659341,-27.296703296703296,22.46153846153846,83.6043956043956,11.472527472527473,5.410958904109589,-4.178955078125,-105.78141784667969,90.47041320800781,71.68394470214844,2.3394956588745117,0.6446323990821838
088_purse,put the purse on the tray,18,1,395,16.219,1788429076.098221,00017_front_put_the_purse_on_the_tray.png,00017_wrist_put_the_purse_on_the_tray.png,recap.png,50,0,420,421,10.285714285714286,-30.813186813186814,28.615384615384617,80.17582417582418,12.175824175824175,8.698630136986301,-0.18597030639648438,-70.04475402832031,72.79025268554688,63.30300521850586,-2.865711212158203,0.49564555287361145
088_purse,put the purse on the tray,18,1,395,16.219,1788429076.098221,00017_front_put_the_purse_on_the_tray.png,00017_wrist_put_the_purse_on_the_tray.png,recap.png,50,1,421,422,10.285714285714286,-30.813186813186814,28.615384615384617,80.17582417582418,12.175824175824175,8.698630136986301,0.032314300537109375,-72.18905639648438,73.44003295898438,63.13053894042969,-3.4372739791870117,0.6559314727783203
088_purse,put the purse on the tray,18,1,395,16.219,1788429076.098221,00017_front_put_the_purse_on_the_tray.png,00017_wrist_put_the_purse_on_the_tray.png,recap.png,50,2,422,423,10.285714285714286,-30.813186813186814,28.615384615384617,80.17582417582418,12.175824175824175,8.698630136986301,-0.2932853698730469,-73.4446792602539,74.66172790527344,63.06085205078125,-3.8465633392333984,0.6052300930023193
088_purse,put the purse on the tray,18,1,395,16.219,1788429076.098221,00017_front_put_the_purse_on_the_tray.png,00017_wrist_put_the_purse_on_the_tray.png,recap.png,50,3,423,424,10.285714285714286,-30.813186813186814,28.615384615384617,80.17582417582418,12.175824175824175,8.698630136986301,-0.09515762329101562,-75.29910278320312,75.65000915527344,62.847110748291016,-4.124703407287598,0.6165939569473267
088_purse,put the purse on the tray,18,1,395,16.219,1788429076.098221,00017_front_put_the_purse_on_the_tray.png,00017_wrist_put_the_purse_on_the_tray.png,recap.png,50,4,424,425,10.285714285714286,-30.813186813186814,28.615384615384617,80.17582417582418,12.175824175824175,8.698630136986301,-0.062274932861328125,-76.96624755859375,76.60466003417969,62.59585189819336,-4.193958759307861,0.4910432994365692
088_purse,put the purse on the tray,18,1,395,16.219,1788429076.098221,00017_front_put_the_purse_on_the_tray.png,00017_wrist_put_the_purse_on_the_tray.png,recap.png,50,5,425,426,10.285714285714286,-30.813186813186814,28.615384615384617,80.17582417582418,12.175824175824175,8.698630136986301,-0.5184593200683594,-79.2479476928711,77.8541259765625,62.49266052246094,-4.16231107711792,0.615614652633667
088_purse,put the purse on the tray,18,1,395,16.219,1788429076.098221,00017_front_put_the_purse_on_the_tray.png,00017_wrist_put_the_purse_on_the_tray.png,recap.png,50,6,426,427,10.285714285714286,-30.813186813186814,28.615384615384617,80.17582417582418,12.175824175824175,8.698630136986301,-0.7350807189941406,-81.58038330078125,78.26951599121094,62.45574188232422,-3.8626155853271484,0.4962201714515686
088_purse,put the purse on the tray,18,1,395,16.219,1788429076.098221,00017_front_put_the_purse_on_the_tray.png,00017_wrist_put_the_purse_on_the_tray.png,recap.png,50,7,427,428,10.285714285714286,-30.813186813186814,28.615384615384617,80.17582417582418,12.175824175824175,8.698630136986301,-0.8652286529541016,-83.62747192382812,79.79634094238281,62.42988586425781,-3.488872528076172,0.5951142311096191
088_purse,put the purse on the tray,18,1,395,16.219,1788429076.098221,00017_front_put_the_purse_on_the_tray.png,00017_wrist_put_the_purse_on_the_tray.png,recap.png,50,8,428,429,10.285714285714286,-30.813186813186814,28.615384615384617,80.17582417582418,12.175824175824175,8.698630136986301,-1.296152114868164,-86.47976684570312,81.19784545898438,62.32865905761719,-2.975113868713379,0.3308253884315491
088_purse,put the purse on the tray,18,1,395,16.219,1788429076.098221,00017_front_put_the_purse_on_the_tray.png,00017_wrist_put_the_purse_on_the_tray.png,recap.png,50,9,429,430,10.285714285714286,-30.813186813186814,28.615384615384617,80.17582417582418,12.175824175824175,8.698630136986301,-1.3808574676513672,-88.42386627197266,82.42626953125,62.86271286010742,-2.4944238662719727,0.22906887531280518
088_purse,put the purse on the tray,18,1,395,16.219,1788429076.098221,00017_front_put_the_purse_on_the_tray.png,00017_wrist_put_the_purse_on_the_tray.png,recap.png,50,10,430,431,10.285714285714286,-30.813186813186814,28.615384615384617,80.17582417582418,12.175824175824175,8.698630136986301,-1.8820343017578125,-90.0430908203125,83.86817932128906,63.90192413330078,-1.811863899230957,0.47384294867515564
088_purse,put the purse on the tray,18,1,395,16.219,1788429076.098221,00017_front_put_the_purse_on_the_tray.png,00017_wrist_put_the_purse_on_the_tray.png,recap.png,50,11,431,432,10.285714285714286,-30.813186813186814,28.615384615384617,80.17582417582418,12.175824175824175,8.698630136986301,-1.8853607177734375,-91.823486328125,85.08540344238281,65.11878967285156,-1.070791244506836,0.4198690950870514
088_purse,put the purse on the tray,18,1,395,16.219,1788429076.098221,00017_front_put_the_purse_on_the_tray.png,00017_wrist_put_the_purse_on_the_tray.png,recap.png,50,12,432,433,10.285714285714286,-30.813186813186814,28.615384615384617,80.17582417582418,12.175824175824175,8.698630136986301,-2.166515350341797,-94.01409149169922,85.36077880859375,66.72380828857422,-0.7414007186889648,0.6355212926864624
088_purse,put the purse on the tray,18,1,395,16.219,1788429076.098221,00017_front_put_the_purse_on_the_tray.png,00017_wrist_put_the_purse_on_the_tray.png,recap.png,50,13,433,434,10.285714285714286,-30.813186813186814,28.615384615384617,80.17582417582418,12.175824175824175,8.698630136986301,-2.338165283203125,-95.24032592773438,85.46247863769531,68.54757690429688,-0.3733253479003906,0.5417553186416626
088_purse,put the purse on the tray,18,1,395,16.219,1788429076.098221,00017_front_put_the_purse_on_the_tray.png,00017_wrist_put_the_purse_on_the_tray.png,recap.png,50,14,434,435,10.285714285714286,-30.813186813186814,28.615384615384617,80.17582417582418,12.175824175824175,8.698630136986301,-2.5283336639404297,-95.84777069091797,85.77351379394531,70.47471618652344,-0.35013675689697266,0.41720205545425415
088_purse,put the purse on the tray,18,1,395,16.219,1788429076.098221,00017_front_put_the_purse_on_the_tray.png,00017_wrist_put_the_purse_on_the_tray.png,recap.png,50,15,435,436,10.285714285714286,-30.813186813186814,28.615384615384617,80.17582417582418,12.175824175824175,8.698630136986301,-2.4950485229492188,-97.52066802978516,86.62091064453125,72.09227752685547,-0.2596292495727539,0.3292236626148224
088_purse,put the purse on the tray,18,1,395,16.219,1788429076.098221,00017_front_put_the_purse_on_the_tray.png,00017_wrist_put_the_purse_on_the_tray.png,recap.png,50,16,436,437,10.285714285714286,-30.813186813186814,28.615384615384617,80.17582417582418,12.175824175824175,8.698630136986301,-2.336383819580078,-98.85299682617188,87.13093566894531,73.45042419433594,-0.4015951156616211,0.30415815114974976
088_purse,put the purse on the tray,18,1,395,16.219,1788429076.098221,00017_front_put_the_purse_on_the_tray.png,00017_wrist_put_the_purse_on_the_tray.png,recap.png,50,17,437,438,10.285714285714286,-30.813186813186814,28.615384615384617,80.17582417582418,12.175824175824175,8.698630136986301,-2.2487335205078125,-99.13782501220703,87.22134399414062,74.5897216796875,-0.3891315460205078,0.37987834215164185
088_purse,put the purse on the tray,18,1,395,16.219,1788429076.098221,00017_front_put_the_purse_on_the_tray.png,00017_wrist_put_the_purse_on_the_tray.png,recap.png,50,18,438,439,10.285714285714286,-30.813186813186814,28.615384615384617,80.17582417582418,12.175824175824175,8.698630136986301,-2.2397689819335938,-99.38996887207031,87.70065307617188,75.46343994140625,-0.25939083099365234,0.310407817363739
088_purse,put the purse on the tray,18,1,395,16.219,1788429076.098221,00017_front_put_the_purse_on_the_tray.png,00017_wrist_put_the_purse_on_the_tray.png,recap.png,50,19,439,440,10.285714285714286,-30.813186813186814,28.615384615384617,80.17582417582418,12.175824175824175,8.698630136986301,-1.8312435150146484,-100.95655059814453,88.05068969726562,76.60912322998047,0.17434120178222656,0.2802344560623169
088_purse,put the purse on the tray,18,1,395,16.219,1788429076.098221,00017_front_put_the_purse_on_the_tray.png,00017_wrist_put_the_purse_on_the_tray.png,recap.png,50,20,440,441,10.285714285714286,-30.813186813186814,28.615384615384617,80.17582417582418,12.175824175824175,8.698630136986301,-2.031269073486328,-101.4517822265625,88.58856201171875,77.56974792480469,0.2875175476074219,0.4484821557998657
088_purse,put the purse on the tray,18,1,395,16.219,1788429076.098221,00017_front_put_the_purse_on_the_tray.png,00017_wrist_put_the_purse_on_the_tray.png,recap.png,50,21,441,442,10.285714285714286,-30.813186813186814,28.615384615384617,80.17582417582418,12.175824175824175,8.698630136986301,-2.070556640625,-102.1829833984375,89.13436889648438,78.35612487792969,0.7013940811157227,0.4154399335384369
088_purse,put the purse on the tray,18,1,395,16.219,1788429076.098221,00017_front_put_the_purse_on_the_tray.png,00017_wrist_put_the_purse_on_the_tray.png,recap.png,50,22,442,443,10.285714285714286,-30.813186813186814,28.615384615384617,80.17582417582418,12.175824175824175,8.698630136986301,-1.7667579650878906,-103.32290649414062,89.41851806640625,78.89968872070312,0.9930658340454102,0.4536473751068115
088_purse,put the purse on the tray,18,1,395,16.219,1788429076.098221,00017_front_put_the_purse_on_the_tray.png,00017_wrist_put_the_purse_on_the_tray.png,recap.png,50,23,443,444,10.285714285714286,-30.813186813186814,28.615384615384617,80.17582417582418,12.175824175824175,8.698630136986301,-1.8170795440673828,-103.5666275024414,89.796875,79.07395935058594,1.1897773742675781,0.49773266911506653
088_purse,put the purse on the tray,18,1,395,16.219,1788429076.098221,00017_front_put_the_purse_on_the_tray.png,00017_wrist_put_the_purse_on_the_tray.png,recap.png,50,24,444,445,10.285714285714286,-30.813186813186814,28.615384615384617,80.17582417582418,12.175824175824175,8.698630136986301,-1.9337158203125,-103.96418762207031,89.7451171875,79.68478393554688,1.253462791442871,0.517274022102356
088_purse,put the purse on the tray,19,1,419,17.088,1788429076.967606,00018_front_put_the_purse_on_the_tray.png,00018_wrist_put_the_purse_on_the_tray.png,recap.png,50,0,445,446,-2.5494505494505493,-101.93406593406593,89.18681318681318,68.92307692307692,0.3956043956043956,0.7534246575342466,-2.93682861328125,-101.25167846679688,88.4423828125,77.4144515991211,0.934112548828125,0.773554265499115
088_purse,put the purse on the tray,19,1,419,17.088,1788429076.967606,00018_front_put_the_purse_on_the_tray.png,00018_wrist_put_the_purse_on_the_tray.png,recap.png,50,1,446,447,-2.5494505494505493,-101.93406593406593,89.18681318681318,68.92307692307692,0.3956043956043956,0.7534246575342466,-2.8221969604492188,-101.0525131225586,88.73902893066406,77.33403015136719,0.9281406402587891,0.8141174912452698
088_purse,put the purse on the tray,19,1,419,17.088,1788429076.967606,00018_front_put_the_purse_on_the_tray.png,00018_wrist_put_the_purse_on_the_tray.png,recap.png,50,2,447,448,-2.5494505494505493,-101.93406593406593,89.18681318681318,68.92307692307692,0.3956043956043956,0.7534246575342466,-2.879117965698242,-101.7026138305664,88.51913452148438,77.31539154052734,0.8902215957641602,0.6623914241790771
088_purse,put the purse on the tray,19,1,419,17.088,1788429076.967606,00018_front_put_the_purse_on_the_tray.png,00018_wrist_put_the_purse_on_the_tray.png,recap.png,50,3,448,449,-2.5494505494505493,-101.93406593406593,89.18681318681318,68.92307692307692,0.3956043956043956,0.7534246575342466,-2.730213165283203,-101.05440521240234,88.54092407226562,77.08195495605469,0.8901243209838867,0.7098724246025085
088_purse,put the purse on the tray,19,1,419,17.088,1788429076.967606,00018_front_put_the_purse_on_the_tray.png,00018_wrist_put_the_purse_on_the_tray.png,recap.png,50,4,449,450,-2.5494505494505493,-101.93406593406593,89.18681318681318,68.92307692307692,0.3956043956043956,0.7534246575342466,-2.941631317138672,-101.31730651855469,88.50736999511719,77.20660400390625,0.8623638153076172,0.6980985403060913
088_purse,put the purse on the tray,19,1,419,17.088,1788429076.967606,00018_front_put_the_purse_on_the_tray.png,00018_wrist_put_the_purse_on_the_tray.png,recap.png,50,5,450,451,-2.5494505494505493,-101.93406593406593,89.18681318681318,68.92307692307692,0.3956043956043956,0.7534246575342466,-2.976032257080078,-101.29855346679688,88.81703186035156,77.37490844726562,0.8943653106689453,0.672642171382904
088_purse,put the purse on the tray,19,1,419,17.088,1788429076.967606,00018_front_put_the_purse_on_the_tray.png,00018_wrist_put_the_purse_on_the_tray.png,recap.png,50,6,451,452,-2.5494505494505493,-101.93406593406593,89.18681318681318,68.92307692307692,0.3956043956043956,0.7534246575342466,-2.8509864807128906,-101.34168243408203,88.97509765625,77.33395385742188,0.9070606231689453,0.6492952108383179
088_purse,put the purse on the tray,19,1,419,17.088,1788429076.967606,00018_front_put_the_purse_on_the_tray.png,00018_wrist_put_the_purse_on_the_tray.png,recap.png,50,7,452,453,-2.5494505494505493,-101.93406593406593,89.18681318681318,68.92307692307692,0.3956043956043956,0.7534246575342466,-2.961639404296875,-101.1974868774414,88.32130432128906,77.24747467041016,0.8565273284912109,0.7234359979629517
088_purse,put the purse on the tray,19,1,419,17.088,1788429076.967606,00018_front_put_the_purse_on_the_tray.png,00018_wrist_put_the_purse_on_the_tray.png,recap.png,50,8,453,454,-2.5494505494505493,-101.93406593406593,89.18681318681318,68.92307692307692,0.3956043956043956,0.7534246575342466,-2.8731040954589844,-101.39811706542969,88.33503723144531,77.14210510253906,0.9610872268676758,0.6021572947502136
088_purse,put the purse on the tray,19,1,419,17.088,1788429076.967606,00018_front_put_the_purse_on_the_tray.png,00018_wrist_put_the_purse_on_the_tray.png,recap.png,50,9,454,455,-2.5494505494505493,-101.93406593406593,89.18681318681318,68.92307692307692,0.3956043956043956,0.7534246575342466,-2.8804168701171875,-101.32952117919922,88.01893615722656,77.42485809326172,0.9675226211547852,0.8672979474067688
088_purse,put the purse on the tray,19,1,419,17.088,1788429076.967606,00018_front_put_the_purse_on_the_tray.png,00018_wrist_put_the_purse_on_the_tray.png,recap.png,50,10,455,456,-2.5494505494505493,-101.93406593406593,89.18681318681318,68.92307692307692,0.3956043956043956,0.7534246575342466,-2.925760269165039,-100.81891632080078,88.63113403320312,77.2708740234375,1.0359516143798828,0.8012857437133789
088_purse,put the purse on the tray,19,1,419,17.088,1788429076.967606,00018_front_put_the_purse_on_the_tray.png,00018_wrist_put_the_purse_on_the_tray.png,recap.png,50,11,456,457,-2.5494505494505493,-101.93406593406593,89.18681318681318,68.92307692307692,0.3956043956043956,0.7534246575342466,-3.000028610229492,-101.86318969726562,88.23298645019531,77.16595458984375,0.9526643753051758,0.7287583947181702
088_purse,put the purse on the tray,19,1,419,17.088,1788429076.967606,00018_front_put_the_purse_on_the_tray.png,00018_wrist_put_the_purse_on_the_tray.png,recap.png,50,12,457,458,-2.5494505494505493,-101.93406593406593,89.18681318681318,68.92307692307692,0.3956043956043956,0.7534246575342466,-2.9141807556152344,-101.45736694335938,88.59770202636719,77.09943389892578,0.9644174575805664,0.6638146638870239
088_purse,put the purse on the tray,19,1,419,17.088,1788429076.967606,00018_front_put_the_purse_on_the_tray.png,00018_wrist_put_the_purse_on_the_tray.png,recap.png,50,13,458,459,-2.5494505494505493,-101.93406593406593,89.18681318681318,68.92307692307692,0.3956043956043956,0.7534246575342466,-3.028604507446289,-100.71063232421875,88.81697082519531,77.21391296386719,0.9674472808837891,0.6989886164665222
088_purse,put the purse on the tray,19,1,419,17.088,1788429076.967606,00018_front_put_the_purse_on_the_tray.png,00018_wrist_put_the_purse_on_the_tray.png,recap.png,50,14,459,460,-2.5494505494505493,-101.93406593406593,89.18681318681318,68.92307692307692,0.3956043956043956,0.7534246575342466,-2.8075904846191406,-101.3060302734375,88.56504821777344,76.9561767578125,0.9099998474121094,0.6736044883728027
088_purse,put the purse on the tray,19,1,419,17.088,1788429076.967606,00018_front_put_the_purse_on_the_tray.png,00018_wrist_put_the_purse_on_the_tray.png,recap.png,50,15,460,461,-2.5494505494505493,-101.93406593406593,89.18681318681318,68.92307692307692,0.3956043956043956,0.7534246575342466,-2.9574012756347656,-101.45912170410156,88.49116516113281,77.15161895751953,0.9119224548339844,0.6794175505638123
088_purse,put the purse on the tray,19,1,419,17.088,1788429076.967606,00018_front_put_the_purse_on_the_tray.png,00018_wrist_put_the_purse_on_the_tray.png,recap.png,50,16,461,462,-2.5494505494505493,-101.93406593406593,89.18681318681318,68.92307692307692,0.3956043956043956,0.7534246575342466,-3.008808135986328,-101.0251235961914,88.56234741210938,77.05021667480469,0.8939218521118164,0.8065168261528015
088_purse,put the purse on the tray,19,1,419,17.088,1788429076.967606,00018_front_put_the_purse_on_the_tray.png,00018_wrist_put_the_purse_on_the_tray.png,recap.png,50,17,462,463,-2.5494505494505493,-101.93406593406593,89.18681318681318,68.92307692307692,0.3956043956043956,0.7534246575342466,-3.05731201171875,-101.15839385986328,88.67341613769531,77.14137268066406,0.9346561431884766,0.719524085521698
088_purse,put the purse on the tray,19,1,419,17.088,1788429076.967606,00018_front_put_the_purse_on_the_tray.png,00018_wrist_put_the_purse_on_the_tray.png,recap.png,50,18,463,464,-2.5494505494505493,-101.93406593406593,89.18681318681318,68.92307692307692,0.3956043956043956,0.7534246575342466,-2.883543014526367,-100.97209167480469,88.54319763183594,76.89459991455078,0.8819169998168945,0.6703457832336426
088_purse,put the purse on the tray,19,1,419,17.088,1788429076.967606,00018_front_put_the_purse_on_the_tray.png,00018_wrist_put_the_purse_on_the_tray.png,recap.png,50,19,464,465,-2.5494505494505493,-101.93406593406593,89.18681318681318,68.92307692307692,0.3956043956043956,0.7534246575342466,-3.1765518188476562,-101.26995849609375,88.1107177734375,77.2227554321289,0.9208831787109375,0.8839640617370605
088_purse,put the purse on the tray,19,1,419,17.088,1788429076.967606,00018_front_put_the_purse_on_the_tray.png,00018_wrist_put_the_purse_on_the_tray.png,recap.png,50,20,465,466,-2.5494505494505493,-101.93406593406593,89.18681318681318,68.92307692307692,0.3956043956043956,0.7534246575342466,-3.0494861602783203,-101.30353546142578,88.97027587890625,77.21721649169922,0.9224042892456055,0.6587068438529968
088_purse,put the purse on the tray,19,1,419,17.088,1788429076.967606,00018_front_put_the_purse_on_the_tray.png,00018_wrist_put_the_purse_on_the_tray.png,recap.png,50,21,466,467,-2.5494505494505493,-101.93406593406593,89.18681318681318,68.92307692307692,0.3956043956043956,0.7534246575342466,-3.096559524536133,-101.508544921875,88.84104919433594,77.05823516845703,0.89111328125,0.6742332577705383
088_purse,put the purse on the tray,19,1,419,17.088,1788429076.967606,00018_front_put_the_purse_on_the_tray.png,00018_wrist_put_the_purse_on_the_tray.png,recap.png,50,22,467,468,-2.5494505494505493,-101.93406593406593,89.18681318681318,68.92307692307692,0.3956043956043956,0.7534246575342466,-3.013713836669922,-101.01029205322266,88.64166259765625,77.22206115722656,0.9226789474487305,0.6309211850166321
088_purse,put the purse on the tray,19,1,419,17.088,1788429076.967606,00018_front_put_the_purse_on_the_tray.png,00018_wrist_put_the_purse_on_the_tray.png,recap.png,50,23,468,469,-2.5494505494505493,-101.93406593406593,89.18681318681318,68.92307692307692,0.3956043956043956,0.7534246575342466,-3.4015960693359375,-100.88533020019531,89.09365844726562,77.21495819091797,1.0414113998413086,0.8116310238838196
088_purse,put the purse on the tray,20,1,444,18.058,1788429077.9374285,00019_front_put_the_purse_on_the_tray.png,00019_wrist_put_the_purse_on_the_tray.png,recap.png,50,0,469,470,-2.197802197802198,-102.1978021978022,89.27472527472527,76.65934065934066,0.3076923076923077,0.4794520547945206,-2.1256046295166016,-102.24615478515625,89.69239807128906,77.74980163574219,0.48999977111816406,0.4392542541027069
088_purse,put the purse on the tray,20,1,444,18.058,1788429077.9374285,00019_front_put_the_purse_on_the_tray.png,00019_wrist_put_the_purse_on_the_tray.png,recap.png,50,1,470,471,-2.197802197802198,-102.1978021978022,89.27472527472527,76.65934065934066,0.3076923076923077,0.4794520547945206,-2.334932327270508,-102.77902221679688,89.75418090820312,77.87641143798828,0.3763608932495117,0.4004499316215515
088_purse,put the purse on the tray,20,1,444,18.058,1788429077.9374285,00019_front_put_the_purse_on_the_tray.png,00019_wrist_put_the_purse_on_the_tray.png,recap.png,50,2,471,472,-2.197802197802198,-102.1978021978022,89.27472527472527,76.65934065934066,0.3076923076923077,0.4794520547945206,-2.0626049041748047,-102.15960693359375,89.42276000976562,77.80532836914062,0.42984485626220703,0.394295871257782
088_purse,put the purse on the tray,20,1,444,18.058,1788429077.9374285,00019_front_put_the_purse_on_the_tray.png,00019_wrist_put_the_purse_on_the_tray.png,recap.png,50,3,472,473,-2.197802197802198,-102.1978021978022,89.27472527472527,76.65934065934066,0.3076923076923077,0.4794520547945206,-2.233785629272461,-102.26611328125,90.31588745117188,77.92974853515625,0.49987316131591797,0.3294350504875183
088_purse,put the purse on the tray,20,1,444,18.058,1788429077.9374285,00019_front_put_the_purse_on_the_tray.png,00019_wrist_put_the_purse_on_the_tray.png,recap.png,50,4,473,474,-2.197802197802198,-102.1978021978022,89.27472527472527,76.65934065934066,0.3076923076923077,0.4794520547945206,-2.15625,-101.98228454589844,89.83514404296875,77.7740478515625,0.3950643539428711,0.41145265102386475
088_purse,put the purse on the tray,20,1,444,18.058,1788429077.9374285,00019_front_put_the_purse_on_the_tray.png,00019_wrist_put_the_purse_on_the_tray.png,recap.png,50,5,474,475,-2.197802197802198,-102.1978021978022,89.27472527472527,76.65934065934066,0.3076923076923077,0.4794520547945206,-2.256359100341797,-102.4667739868164,89.89154052734375,77.79812622070312,0.3822345733642578,0.22437845170497894
088_purse,put the purse on the tray,20,1,444,18.058,1788429077.9374285,00019_front_put_the_purse_on_the_tray.png,00019_wrist_put_the_purse_on_the_tray.png,recap.png,50,6,475,476,-2.197802197802198,-102.1978021978022,89.27472527472527,76.65934065934066,0.3076923076923077,0.4794520547945206,-2.266141891479492,-102.35806274414062,89.05015563964844,77.7252426147461,0.4292774200439453,0.35973796248435974
088_purse,put the purse on the tray,20,1,444,18.058,1788429077.9374285,00019_front_put_the_purse_on_the_tray.png,00019_wrist_put_the_purse_on_the_tray.png,recap.png,50,7,476,477,-2.197802197802198,-102.1978021978022,89.27472527472527,76.65934065934066,0.3076923076923077,0.4794520547945206,-2.040027618408203,-102.45858001708984,89.51931762695312,77.66915893554688,0.3278322219848633,0.3509689271450043
088_purse,put the purse on the tray,20,1,444,18.058,1788429077.9374285,00019_front_put_the_purse_on_the_tray.png,00019_wrist_put_the_purse_on_the_tray.png,recap.png,50,8,477,478,-2.197802197802198,-102.1978021978022,89.27472527472527,76.65934065934066,0.3076923076923077,0.4794520547945206,-2.152994155883789,-101.84266662597656,89.6002197265625,77.64987182617188,0.40726280212402344,0.23208323121070862
088_purse,put the purse on the tray,20,1,444,18.058,1788429077.9374285,00019_front_put_the_purse_on_the_tray.png,00019_wrist_put_the_purse_on_the_tray.png,recap.png,50,9,478,479,-2.197802197802198,-102.1978021978022,89.27472527472527,76.65934065934066,0.3076923076923077,0.4794520547945206,-2.338663101196289,-102.43452453613281,89.29060363769531,77.92942810058594,0.40240001678466797,0.3067922592163086
088_purse,put the purse on the tray,20,1,444,18.058,1788429077.9374285,00019_front_put_the_purse_on_the_tray.png,00019_wrist_put_the_purse_on_the_tray.png,recap.png,50,10,479,480,-2.197802197802198,-102.1978021978022,89.27472527472527,76.65934065934066,0.3076923076923077,0.4794520547945206,-2.2115859985351562,-101.66224670410156,89.04397583007812,77.86564636230469,0.4454212188720703,0.4494922459125519
088_purse,put the purse on the tray,20,1,444,18.058,1788429077.9374285,00019_front_put_the_purse_on_the_tray.png,00019_wrist_put_the_purse_on_the_tray.png,recap.png,50,11,480,481,-2.197802197802198,-102.1978021978022,89.27472527472527,76.65934065934066,0.3076923076923077,0.4794520547945206,-2.140483856201172,-101.8548355102539,89.14724731445312,77.6917724609375,0.5260581970214844,0.3560682535171509
088_purse,put the purse on the tray,20,1,444,18.058,1788429077.9374285,00019_front_put_the_purse_on_the_tray.png,00019_wrist_put_the_purse_on_the_tray.png,recap.png,50,12,481,482,-2.197802197802198,-102.1978021978022,89.27472527472527,76.65934065934066,0.3076923076923077,0.4794520547945206,-2.2707595825195312,-102.09178161621094,89.2000732421875,77.74893951416016,0.5523414611816406,0.2923619747161865
088_purse,put the purse on the tray,20,1,444,18.058,1788429077.9374285,00019_front_put_the_purse_on_the_tray.png,00019_wrist_put_the_purse_on_the_tray.png,recap.png,50,13,482,483,-2.197802197802198,-102.1978021978022,89.27472527472527,76.65934065934066,0.3076923076923077,0.4794520547945206,-2.1381473541259766,-102.08489990234375,89.72293090820312,77.82846069335938,0.5251989364624023,0.24991768598556519
088_purse,put the purse on the tray,20,1,444,18.058,1788429077.9374285,00019_front_put_the_purse_on_the_tray.png,00019_wrist_put_the_purse_on_the_tray.png,recap.png,50,14,483,484,-2.197802197802198,-102.1978021978022,89.27472527472527,76.65934065934066,0.3076923076923077,0.4794520547945206,-2.153318405151367,-101.74483489990234,89.57618713378906,77.79059600830078,0.5201225280761719,0.25981366634368896
088_purse,put the purse on the tray,20,1,444,18.058,1788429077.9374285,00019_front_put_the_purse_on_the_tray.png,00019_wrist_put_the_purse_on_the_tray.png,recap.png,50,15,484,485,-2.197802197802198,-102.1978021978022,89.27472527472527,76.65934065934066,0.3076923076923077,0.4794520547945206,-2.0163440704345703,-102.05391693115234,89.58450317382812,77.87928009033203,0.5348730087280273,0.255931556224823
088_purse,put the purse on the tray,20,1,444,18.058,1788429077.9374285,00019_front_put_the_purse_on_the_tray.png,00019_wrist_put_the_purse_on_the_tray.png,recap.png,50,16,485,486,-2.197802197802198,-102.1978021978022,89.27472527472527,76.65934065934066,0.3076923076923077,0.4794520547945206,-2.1159591674804688,-102.53943634033203,89.37271118164062,77.7837905883789,0.48282527923583984,0.39428311586380005
088_purse,put the purse on the tray,20,1,444,18.058,1788429077.9374285,00019_front_put_the_purse_on_the_tray.png,00019_wrist_put_the_purse_on_the_tray.png,recap.png,50,17,486,487,-2.197802197802198,-102.1978021978022,89.27472527472527,76.65934065934066,0.3076923076923077,0.4794520547945206,-2.126791000366211,-101.58429718017578,89.49848937988281,77.88186645507812,0.48685455322265625,0.2951904535293579
088_purse,put the purse on the tray,20,1,444,18.058,1788429077.9374285,00019_front_put_the_purse_on_the_tray.png,00019_wrist_put_the_purse_on_the_tray.png,recap.png,50,18,487,488,-2.197802197802198,-102.1978021978022,89.27472527472527,76.65934065934066,0.3076923076923077,0.4794520547945206,-2.240755081176758,-101.8499984741211,89.43841552734375,77.80384063720703,0.5524005889892578,0.33724498748779297
088_purse,put the purse on the tray,20,1,444,18.058,1788429077.9374285,00019_front_put_the_purse_on_the_tray.png,00019_wrist_put_the_purse_on_the_tray.png,recap.png,50,19,488,489,-2.197802197802198,-102.1978021978022,89.27472527472527,76.65934065934066,0.3076923076923077,0.4794520547945206,-2.2416858673095703,-102.7144546508789,89.29313659667969,77.85193634033203,0.49052906036376953,0.3052298426628113
088_purse,put the purse on the tray,20,1,444,18.058,1788429077.9374285,00019_front_put_the_purse_on_the_tray.png,00019_wrist_put_the_purse_on_the_tray.png,recap.png,50,20,489,490,-2.197802197802198,-102.1978021978022,89.27472527472527,76.65934065934066,0.3076923076923077,0.4794520547945206,-2.112253189086914,-101.90237426757812,88.786865234375,77.55270385742188,0.47043418884277344,0.3967101275920868
088_purse,put the purse on the tray,20,1,444,18.058,1788429077.9374285,00019_front_put_the_purse_on_the_tray.png,00019_wrist_put_the_purse_on_the_tray.png,recap.png,50,21,490,491,-2.197802197802198,-102.1978021978022,89.27472527472527,76.65934065934066,0.3076923076923077,0.4794520547945206,-2.357889175415039,-102.30264282226562,89.589111328125,77.76786041259766,0.5505914688110352,0.33495497703552246
088_purse,put the purse on the tray,20,1,444,18.058,1788429077.9374285,00019_front_put_the_purse_on_the_tray.png,00019_wrist_put_the_purse_on_the_tray.png,recap.png,50,22,491,492,-2.197802197802198,-102.1978021978022,89.27472527472527,76.65934065934066,0.3076923076923077,0.4794520547945206,-2.2900390625,-102.3496322631836,88.94444274902344,77.9061508178711,0.42580509185791016,0.304091215133667
088_purse,put the purse on the tray,20,1,444,18.058,1788429077.9374285,00019_front_put_the_purse_on_the_tray.png,00019_wrist_put_the_purse_on_the_tray.png,recap.png,50,23,492,493,-2.197802197802198,-102.1978021978022,89.27472527472527,76.65934065934066,0.3076923076923077,0.4794520547945206,-2.393686294555664,-102.17820739746094,89.452392578125,77.67571258544922,0.49242687225341797,0.3556402325630188
088_purse,put the purse on the tray,20,1,444,18.058,1788429077.9374285,00019_front_put_the_purse_on_the_tray.png,00019_wrist_put_the_purse_on_the_tray.png,recap.png,50,24,493,494,-2.197802197802198,-102.1978021978022,89.27472527472527,76.65934065934066,0.3076923076923077,0.4794520547945206,-2.2818832397460938,-102.18062591552734,89.47779846191406,77.85956573486328,0.5205440521240234,0.37183046340942383
