DEBUG 2026-08-19 04:36:59 === episode start | task: 'put the stuffed animal on the tray' | duration: 30.0s ===
DEBUG 2026-08-19 04:37:00 [chunk] received 50 actions, timesteps 757..806 | first: shoulder_pan.pos=-5.68 shoulder_lift.pos=-15.74 elbow_flex.pos=+13.09 wrist_flex.pos=+66.52 wrist_roll.pos=-2.53 gripper.pos=+15.46 | last: shoulder_pan.pos=-5.74 shoulder_lift.pos=+42.09 elbow_flex.pos=-39.40 wrist_flex.pos=+88.41 wrist_roll.pos=+0.09 gripper.pos=+28.00
DEBUG 2026-08-19 04:37:00 [action #1] t=0.87s step=757 queue=50 dmax=n/a | shoulder_pan.pos=-5.68 shoulder_lift.pos=-15.74 elbow_flex.pos=+13.09 wrist_flex.pos=+66.52 wrist_roll.pos=-2.53 gripper.pos=+15.46
DEBUG 2026-08-19 04:37:00 [action #2] t=0.90s step=758 queue=49 dmax=1.840 | shoulder_pan.pos=-5.95 shoulder_lift.pos=-15.47 elbow_flex.pos=+12.20 wrist_flex.pos=+66.82 wrist_roll.pos=-2.43 gripper.pos=+17.30
DEBUG 2026-08-19 04:37:00 [action #3] t=0.94s step=759 queue=48 dmax=1.499 | shoulder_pan.pos=-5.53 shoulder_lift.pos=-13.97 elbow_flex.pos=+10.99 wrist_flex.pos=+67.52 wrist_roll.pos=-2.35 gripper.pos=+18.29
DEBUG 2026-08-19 04:37:00 [action #4] t=0.97s step=760 queue=47 dmax=0.907 | shoulder_pan.pos=-5.69 shoulder_lift.pos=-13.06 elbow_flex.pos=+10.55 wrist_flex.pos=+67.91 wrist_roll.pos=-2.11 gripper.pos=+19.16
DEBUG 2026-08-19 04:37:01 [action #5] t=1.00s step=761 queue=46 dmax=1.504 | shoulder_pan.pos=-5.59 shoulder_lift.pos=-12.15 elbow_flex.pos=+9.04 wrist_flex.pos=+68.29 wrist_roll.pos=-2.10 gripper.pos=+20.61
DEBUG 2026-08-19 04:37:01 [action #6] t=1.04s step=762 queue=45 dmax=1.879 | shoulder_pan.pos=-5.82 shoulder_lift.pos=-11.81 elbow_flex.pos=+8.45 wrist_flex.pos=+68.79 wrist_roll.pos=-2.03 gripper.pos=+22.49
DEBUG 2026-08-19 04:37:01 [action #7] t=1.07s step=763 queue=44 dmax=1.997 | shoulder_pan.pos=-5.51 shoulder_lift.pos=-10.32 elbow_flex.pos=+8.29 wrist_flex.pos=+69.18 wrist_roll.pos=-1.94 gripper.pos=+24.48
DEBUG 2026-08-19 04:37:01 [action #8] t=1.10s step=764 queue=43 dmax=1.882 | shoulder_pan.pos=-5.51 shoulder_lift.pos=-9.13 elbow_flex.pos=+7.30 wrist_flex.pos=+69.47 wrist_roll.pos=-2.07 gripper.pos=+26.37
DEBUG 2026-08-19 04:37:01 [action #9] t=1.14s step=765 queue=42 dmax=1.232 | shoulder_pan.pos=-5.59 shoulder_lift.pos=-8.24 elbow_flex.pos=+6.80 wrist_flex.pos=+69.82 wrist_roll.pos=-1.91 gripper.pos=+27.60
DEBUG 2026-08-19 04:37:01 [action #10] t=1.17s step=766 queue=41 dmax=1.107 | shoulder_pan.pos=-5.55 shoulder_lift.pos=-7.26 elbow_flex.pos=+5.69 wrist_flex.pos=+69.62 wrist_roll.pos=-1.87 gripper.pos=+28.25
DEBUG 2026-08-19 04:37:01 [action #11] t=1.20s step=767 queue=40 dmax=0.668 | shoulder_pan.pos=-5.43 shoulder_lift.pos=-6.59 elbow_flex.pos=+5.09 wrist_flex.pos=+69.66 wrist_roll.pos=-1.94 gripper.pos=+28.79
DEBUG 2026-08-19 04:37:01 [action #12] t=1.24s step=768 queue=39 dmax=1.450 | shoulder_pan.pos=-5.40 shoulder_lift.pos=-5.14 elbow_flex.pos=+4.26 wrist_flex.pos=+69.68 wrist_roll.pos=-2.02 gripper.pos=+28.94
DEBUG 2026-08-19 04:37:01 [action #13] t=1.27s step=769 queue=38 dmax=1.075 | shoulder_pan.pos=-5.39 shoulder_lift.pos=-4.06 elbow_flex.pos=+3.74 wrist_flex.pos=+69.73 wrist_roll.pos=-2.08 gripper.pos=+28.91
DEBUG 2026-08-19 04:37:01 [action #14] t=1.30s step=770 queue=37 dmax=1.605 | shoulder_pan.pos=-5.41 shoulder_lift.pos=-2.46 elbow_flex.pos=+2.43 wrist_flex.pos=+70.12 wrist_roll.pos=-2.11 gripper.pos=+29.00
DEBUG 2026-08-19 04:37:01 [action #15] t=1.34s step=771 queue=36 dmax=1.631 | shoulder_pan.pos=-5.42 shoulder_lift.pos=-1.85 elbow_flex.pos=+0.80 wrist_flex.pos=+70.39 wrist_roll.pos=-2.09 gripper.pos=+29.18
DEBUG 2026-08-19 04:37:01 [action #16] t=1.37s step=772 queue=35 dmax=2.043 | shoulder_pan.pos=-5.29 shoulder_lift.pos=+0.20 elbow_flex.pos=-0.68 wrist_flex.pos=+71.03 wrist_roll.pos=-2.10 gripper.pos=+29.29
DEBUG 2026-08-19 04:37:01 [action #17] t=1.40s step=773 queue=34 dmax=1.735 | shoulder_pan.pos=-5.36 shoulder_lift.pos=+1.93 elbow_flex.pos=-2.19 wrist_flex.pos=+71.95 wrist_roll.pos=-2.06 gripper.pos=+29.59
DEBUG 2026-08-19 04:37:01 [action #18] t=1.44s step=774 queue=33 dmax=1.889 | shoulder_pan.pos=-5.35 shoulder_lift.pos=+3.72 elbow_flex.pos=-4.08 wrist_flex.pos=+72.99 wrist_roll.pos=-2.18 gripper.pos=+29.73
DEBUG 2026-08-19 04:37:01 [action #19] t=1.47s step=775 queue=32 dmax=2.390 | shoulder_pan.pos=-5.24 shoulder_lift.pos=+5.76 elbow_flex.pos=-6.47 wrist_flex.pos=+74.19 wrist_roll.pos=-2.06 gripper.pos=+29.73
DEBUG 2026-08-19 04:37:01 [action #20] t=1.50s step=776 queue=31 dmax=2.099 | shoulder_pan.pos=-5.38 shoulder_lift.pos=+7.48 elbow_flex.pos=-8.57 wrist_flex.pos=+75.26 wrist_roll.pos=-2.06 gripper.pos=+29.66
DEBUG 2026-08-19 04:37:01 [action #21] t=1.54s step=777 queue=30 dmax=1.955 | shoulder_pan.pos=-5.33 shoulder_lift.pos=+9.24 elbow_flex.pos=-10.52 wrist_flex.pos=+76.31 wrist_roll.pos=-2.16 gripper.pos=+29.63
DEBUG 2026-08-19 04:37:01 [action #22] t=1.57s step=778 queue=29 dmax=1.701 | shoulder_pan.pos=-5.58 shoulder_lift.pos=+10.80 elbow_flex.pos=-12.23 wrist_flex.pos=+77.19 wrist_roll.pos=-2.02 gripper.pos=+29.77
DEBUG 2026-08-19 04:37:01 [chunk] received 50 actions, timesteps 0..49 | first: shoulder_pan.pos=-4.62 shoulder_lift.pos=-100.69 elbow_flex.pos=+88.71 wrist_flex.pos=+73.17 wrist_roll.pos=-0.82 gripper.pos=+2.12 | last: shoulder_pan.pos=-6.45 shoulder_lift.pos=-100.84 elbow_flex.pos=+81.49 wrist_flex.pos=+61.59 wrist_roll.pos=-1.89 gripper.pos=+2.01
DEBUG 2026-08-19 04:37:02 [chunk] received 50 actions, timesteps 777..826 | first: shoulder_pan.pos=-6.39 shoulder_lift.pos=+5.81 elbow_flex.pos=-6.06 wrist_flex.pos=+73.99 wrist_roll.pos=-1.57 gripper.pos=+30.23 | last: shoulder_pan.pos=-5.07 shoulder_lift.pos=+40.68 elbow_flex.pos=-30.97 wrist_flex.pos=+75.58 wrist_roll.pos=+1.67 gripper.pos=+12.36
DEBUG 2026-08-19 04:37:02 [action #23] t=2.51s step=779 queue=48 dmax=5.388 | shoulder_pan.pos=-6.44 shoulder_lift.pos=+7.15 elbow_flex.pos=-6.84 wrist_flex.pos=+74.65 wrist_roll.pos=-0.92 gripper.pos=+30.88
DEBUG 2026-08-19 04:37:02 [action #24] t=2.54s step=780 queue=47 dmax=1.140 | shoulder_pan.pos=-6.58 shoulder_lift.pos=+8.29 elbow_flex.pos=-7.74 wrist_flex.pos=+74.83 wrist_roll.pos=-0.59 gripper.pos=+31.49
DEBUG 2026-08-19 04:37:02 [action #25] t=2.57s step=781 queue=46 dmax=0.808 | shoulder_pan.pos=-6.42 shoulder_lift.pos=+9.10 elbow_flex.pos=-8.07 wrist_flex.pos=+75.24 wrist_roll.pos=-0.32 gripper.pos=+32.27
DEBUG 2026-08-19 04:37:02 [action #26] t=2.61s step=782 queue=45 dmax=1.123 | shoulder_pan.pos=-6.43 shoulder_lift.pos=+10.02 elbow_flex.pos=-9.20 wrist_flex.pos=+75.65 wrist_roll.pos=+0.05 gripper.pos=+33.30
DEBUG 2026-08-19 04:37:02 [action #27] t=2.64s step=783 queue=44 dmax=1.004 | shoulder_pan.pos=-6.59 shoulder_lift.pos=+10.55 elbow_flex.pos=-9.16 wrist_flex.pos=+75.59 wrist_roll.pos=+0.51 gripper.pos=+34.30
DEBUG 2026-08-19 04:37:02 [action #28] t=2.68s step=784 queue=43 dmax=0.758 | shoulder_pan.pos=-6.59 shoulder_lift.pos=+10.72 elbow_flex.pos=-8.88 wrist_flex.pos=+75.54 wrist_roll.pos=+0.85 gripper.pos=+35.06
DEBUG 2026-08-19 04:37:02 [action #29] t=2.71s step=785 queue=42 dmax=1.505 | shoulder_pan.pos=-6.61 shoulder_lift.pos=+12.23 elbow_flex.pos=-9.36 wrist_flex.pos=+75.40 wrist_roll.pos=+1.39 gripper.pos=+35.68
DEBUG 2026-08-19 04:37:02 [action #30] t=2.74s step=786 queue=41 dmax=0.625 | shoulder_pan.pos=-6.36 shoulder_lift.pos=+12.75 elbow_flex.pos=-9.98 wrist_flex.pos=+75.27 wrist_roll.pos=+1.60 gripper.pos=+36.24
DEBUG 2026-08-19 04:37:02 [action #31] t=2.78s step=787 queue=40 dmax=1.130 | shoulder_pan.pos=-6.24 shoulder_lift.pos=+13.88 elbow_flex.pos=-10.85 wrist_flex.pos=+75.10 wrist_roll.pos=+1.92 gripper.pos=+36.03
DEBUG 2026-08-19 04:37:02 [action #32] t=2.81s step=788 queue=39 dmax=0.397 | shoulder_pan.pos=-6.37 shoulder_lift.pos=+13.94 elbow_flex.pos=-10.57 wrist_flex.pos=+74.94 wrist_roll.pos=+2.32 gripper.pos=+36.16
DEBUG 2026-08-19 04:37:02 [action #33] t=2.84s step=789 queue=38 dmax=0.450 | shoulder_pan.pos=-6.43 shoulder_lift.pos=+14.39 elbow_flex.pos=-10.85 wrist_flex.pos=+74.94 wrist_roll.pos=+2.52 gripper.pos=+36.23
DEBUG 2026-08-19 04:37:02 [action #34] t=2.88s step=790 queue=37 dmax=1.568 | shoulder_pan.pos=-6.44 shoulder_lift.pos=+15.96 elbow_flex.pos=-11.58 wrist_flex.pos=+74.78 wrist_roll.pos=+2.79 gripper.pos=+36.15
DEBUG 2026-08-19 04:37:02 [action #35] t=2.91s step=791 queue=36 dmax=0.699 | shoulder_pan.pos=-6.38 shoulder_lift.pos=+16.49 elbow_flex.pos=-12.28 wrist_flex.pos=+74.33 wrist_roll.pos=+3.00 gripper.pos=+36.06
DEBUG 2026-08-19 04:37:02 [action #36] t=2.94s step=792 queue=35 dmax=1.228 | shoulder_pan.pos=-6.45 shoulder_lift.pos=+17.72 elbow_flex.pos=-13.01 wrist_flex.pos=+74.26 wrist_roll.pos=+3.31 gripper.pos=+36.03
DEBUG 2026-08-19 04:37:02 [action #37] t=2.98s step=793 queue=34 dmax=0.285 | shoulder_pan.pos=-6.23 shoulder_lift.pos=+17.89 elbow_flex.pos=-13.07 wrist_flex.pos=+74.07 wrist_roll.pos=+3.16 gripper.pos=+36.32
DEBUG 2026-08-19 04:37:03 [action #38] t=3.01s step=794 queue=33 dmax=1.931 | shoulder_pan.pos=-6.10 shoulder_lift.pos=+19.82 elbow_flex.pos=-13.90 wrist_flex.pos=+73.72 wrist_roll.pos=+3.18 gripper.pos=+36.26
DEBUG 2026-08-19 04:37:03 [action #39] t=3.04s step=795 queue=32 dmax=0.959 | shoulder_pan.pos=-6.32 shoulder_lift.pos=+20.11 elbow_flex.pos=-14.86 wrist_flex.pos=+73.88 wrist_roll.pos=+3.30 gripper.pos=+36.13
DEBUG 2026-08-19 04:37:03 [action #40] t=3.08s step=796 queue=31 dmax=1.078 | shoulder_pan.pos=-6.21 shoulder_lift.pos=+21.19 elbow_flex.pos=-15.72 wrist_flex.pos=+73.61 wrist_roll.pos=+3.25 gripper.pos=+36.26
DEBUG 2026-08-19 04:37:03 [action #41] t=3.11s step=797 queue=30 dmax=1.741 | shoulder_pan.pos=-6.08 shoulder_lift.pos=+22.93 elbow_flex.pos=-16.89 wrist_flex.pos=+73.68 wrist_roll.pos=+3.24 gripper.pos=+36.33
DEBUG 2026-08-19 04:37:03 [action #42] t=3.14s step=798 queue=29 dmax=0.972 | shoulder_pan.pos=-6.42 shoulder_lift.pos=+23.71 elbow_flex.pos=-17.86 wrist_flex.pos=+73.58 wrist_roll.pos=+2.98 gripper.pos=+36.51
DEBUG 2026-08-19 04:37:03 [action #43] t=3.18s step=799 queue=28 dmax=1.070 | shoulder_pan.pos=-6.26 shoulder_lift.pos=+24.78 elbow_flex.pos=-18.47 wrist_flex.pos=+73.53 wrist_roll.pos=+2.94 gripper.pos=+36.60
DEBUG 2026-08-19 04:37:03 [action #44] t=3.21s step=800 queue=27 dmax=1.435 | shoulder_pan.pos=-6.40 shoulder_lift.pos=+26.22 elbow_flex.pos=-19.26 wrist_flex.pos=+73.58 wrist_roll.pos=+2.80 gripper.pos=+36.66
DEBUG 2026-08-19 04:37:03 [chunk] received 50 actions, timesteps 778..827 | first: shoulder_pan.pos=-5.94 shoulder_lift.pos=+9.69 elbow_flex.pos=-9.11 wrist_flex.pos=+75.50 wrist_roll.pos=-0.57 gripper.pos=+29.94 | last: shoulder_pan.pos=-5.25 shoulder_lift.pos=+40.02 elbow_flex.pos=-29.73 wrist_flex.pos=+78.07 wrist_roll.pos=+0.85 gripper.pos=+8.03
DEBUG 2026-08-19 04:37:03 [action #45] t=3.24s step=801 queue=27 dmax=1.579 | shoulder_pan.pos=-6.37 shoulder_lift.pos=+27.80 elbow_flex.pos=-20.25 wrist_flex.pos=+74.46 wrist_roll.pos=+2.38 gripper.pos=+35.51
DEBUG 2026-08-19 04:37:03 [action #46] t=3.28s step=802 queue=26 dmax=0.874 | shoulder_pan.pos=-6.56 shoulder_lift.pos=+28.67 elbow_flex.pos=-20.66 wrist_flex.pos=+74.49 wrist_roll.pos=+2.27 gripper.pos=+35.65
DEBUG 2026-08-19 04:37:03 [action #47] t=3.31s step=803 queue=25 dmax=1.248 | shoulder_pan.pos=-6.59 shoulder_lift.pos=+29.66 elbow_flex.pos=-21.91 wrist_flex.pos=+74.44 wrist_roll.pos=+2.21 gripper.pos=+35.65
DEBUG 2026-08-19 04:37:03 [action #48] t=3.34s step=804 queue=24 dmax=1.249 | shoulder_pan.pos=-6.48 shoulder_lift.pos=+30.90 elbow_flex.pos=-22.23 wrist_flex.pos=+74.53 wrist_roll.pos=+2.24 gripper.pos=+35.57
DEBUG 2026-08-19 04:37:03 [action #49] t=3.38s step=805 queue=23 dmax=0.882 | shoulder_pan.pos=-6.50 shoulder_lift.pos=+31.73 elbow_flex.pos=-23.11 wrist_flex.pos=+74.64 wrist_roll.pos=+2.18 gripper.pos=+35.58
DEBUG 2026-08-19 04:37:03 [action #50] t=3.41s step=806 queue=22 dmax=0.902 | shoulder_pan.pos=-6.46 shoulder_lift.pos=+32.63 elbow_flex.pos=-23.57 wrist_flex.pos=+74.50 wrist_roll.pos=+2.05 gripper.pos=+35.63
DEBUG 2026-08-19 04:37:03 [action #51] t=3.44s step=807 queue=21 dmax=1.279 | shoulder_pan.pos=-6.34 shoulder_lift.pos=+33.52 elbow_flex.pos=-24.85 wrist_flex.pos=+74.57 wrist_roll.pos=+2.05 gripper.pos=+35.56
DEBUG 2026-08-19 04:37:03 [action #52] t=3.48s step=808 queue=20 dmax=1.252 | shoulder_pan.pos=-6.42 shoulder_lift.pos=+34.78 elbow_flex.pos=-25.29 wrist_flex.pos=+74.67 wrist_roll.pos=+1.96 gripper.pos=+35.63
DEBUG 2026-08-19 04:37:03 [action #53] t=3.51s step=809 queue=19 dmax=1.308 | shoulder_pan.pos=-6.25 shoulder_lift.pos=+35.67 elbow_flex.pos=-26.60 wrist_flex.pos=+74.62 wrist_roll.pos=+2.05 gripper.pos=+35.65
DEBUG 2026-08-19 04:37:03 [action #54] t=3.54s step=810 queue=18 dmax=0.973 | shoulder_pan.pos=-6.17 shoulder_lift.pos=+36.64 elbow_flex.pos=-26.78 wrist_flex.pos=+74.81 wrist_roll.pos=+1.99 gripper.pos=+35.59
DEBUG 2026-08-19 04:37:03 [action #55] t=3.58s step=811 queue=17 dmax=0.304 | shoulder_pan.pos=-5.95 shoulder_lift.pos=+36.94 elbow_flex.pos=-27.01 wrist_flex.pos=+74.89 wrist_roll.pos=+1.99 gripper.pos=+35.55
DEBUG 2026-08-19 04:37:03 [action #56] t=3.61s step=812 queue=16 dmax=0.972 | shoulder_pan.pos=-6.22 shoulder_lift.pos=+37.75 elbow_flex.pos=-27.99 wrist_flex.pos=+74.73 wrist_roll.pos=+1.87 gripper.pos=+35.51
DEBUG 2026-08-19 04:37:03 [action #57] t=3.65s step=813 queue=15 dmax=0.234 | shoulder_pan.pos=-6.27 shoulder_lift.pos=+37.98 elbow_flex.pos=-27.89 wrist_flex.pos=+74.89 wrist_roll.pos=+1.84 gripper.pos=+35.49
DEBUG 2026-08-19 04:37:03 [action #58] t=3.68s step=814 queue=14 dmax=0.252 | shoulder_pan.pos=-6.11 shoulder_lift.pos=+38.16 elbow_flex.pos=-27.82 wrist_flex.pos=+74.86 wrist_roll.pos=+1.93 gripper.pos=+35.23
DEBUG 2026-08-19 04:37:03 [action #59] t=3.71s step=815 queue=13 dmax=0.603 | shoulder_pan.pos=-6.15 shoulder_lift.pos=+38.40 elbow_flex.pos=-28.07 wrist_flex.pos=+75.34 wrist_roll.pos=+1.78 gripper.pos=+34.63
DEBUG 2026-08-19 04:37:03 [action #60] t=3.75s step=816 queue=12 dmax=1.739 | shoulder_pan.pos=-5.89 shoulder_lift.pos=+39.05 elbow_flex.pos=-28.36 wrist_flex.pos=+75.24 wrist_roll.pos=+1.84 gripper.pos=+32.89
DEBUG 2026-08-19 04:37:03 [action #61] t=3.78s step=817 queue=11 dmax=2.520 | shoulder_pan.pos=-5.75 shoulder_lift.pos=+39.60 elbow_flex.pos=-28.38 wrist_flex.pos=+75.64 wrist_roll.pos=+1.81 gripper.pos=+30.37
DEBUG 2026-08-19 04:37:03 [action #62] t=3.81s step=818 queue=10 dmax=3.563 | shoulder_pan.pos=-5.74 shoulder_lift.pos=+39.59 elbow_flex.pos=-29.01 wrist_flex.pos=+75.67 wrist_roll.pos=+1.75 gripper.pos=+26.81
DEBUG 2026-08-19 04:37:03 [action #63] t=3.85s step=819 queue=9 dmax=3.708 | shoulder_pan.pos=-5.54 shoulder_lift.pos=+39.28 elbow_flex.pos=-28.80 wrist_flex.pos=+75.78 wrist_roll.pos=+1.70 gripper.pos=+23.10
DEBUG 2026-08-19 04:37:03 [action #64] t=3.88s step=820 queue=8 dmax=3.223 | shoulder_pan.pos=-5.30 shoulder_lift.pos=+39.37 elbow_flex.pos=-29.08 wrist_flex.pos=+75.88 wrist_roll.pos=+1.63 gripper.pos=+19.88
DEBUG 2026-08-19 04:37:03 [action #65] t=3.91s step=821 queue=7 dmax=2.690 | shoulder_pan.pos=-5.29 shoulder_lift.pos=+39.34 elbow_flex.pos=-29.25 wrist_flex.pos=+76.00 wrist_roll.pos=+1.55 gripper.pos=+17.19
DEBUG 2026-08-19 04:37:03 [action #66] t=3.95s step=822 queue=6 dmax=1.823 | shoulder_pan.pos=-5.10 shoulder_lift.pos=+39.53 elbow_flex.pos=-29.35 wrist_flex.pos=+76.13 wrist_roll.pos=+1.53 gripper.pos=+15.36
DEBUG 2026-08-19 04:37:03 [action #67] t=3.98s step=823 queue=5 dmax=1.467 | shoulder_pan.pos=-5.04 shoulder_lift.pos=+39.63 elbow_flex.pos=-29.26 wrist_flex.pos=+76.06 wrist_roll.pos=+1.46 gripper.pos=+13.90
DEBUG 2026-08-19 04:37:04 [action #68] t=4.01s step=824 queue=4 dmax=1.135 | shoulder_pan.pos=-5.15 shoulder_lift.pos=+39.80 elbow_flex.pos=-29.39 wrist_flex.pos=+76.45 wrist_roll.pos=+1.32 gripper.pos=+12.76
DEBUG 2026-08-19 04:37:04 [action #69] t=4.05s step=825 queue=3 dmax=1.523 | shoulder_pan.pos=-5.19 shoulder_lift.pos=+39.91 elbow_flex.pos=-29.49 wrist_flex.pos=+76.73 wrist_roll.pos=+1.34 gripper.pos=+11.24
DEBUG 2026-08-19 04:37:04 [action #70] t=4.08s step=826 queue=2 dmax=1.318 | shoulder_pan.pos=-5.08 shoulder_lift.pos=+40.01 elbow_flex.pos=-29.93 wrist_flex.pos=+77.10 wrist_roll.pos=+1.20 gripper.pos=+9.92
DEBUG 2026-08-19 04:37:04 [action #71] t=4.11s step=827 queue=1 dmax=1.892 | shoulder_pan.pos=-5.25 shoulder_lift.pos=+40.02 elbow_flex.pos=-29.73 wrist_flex.pos=+78.07 wrist_roll.pos=+0.85 gripper.pos=+8.03
DEBUG 2026-08-19 04:37:04 [chunk] received 50 actions, timesteps 800..849 | first: shoulder_pan.pos=-5.72 shoulder_lift.pos=+25.69 elbow_flex.pos=-20.40 wrist_flex.pos=+74.08 wrist_roll.pos=+2.93 gripper.pos=+37.74 | last: shoulder_pan.pos=+2.33 shoulder_lift.pos=+36.63 elbow_flex.pos=-62.90 wrist_flex.pos=+98.77 wrist_roll.pos=-1.20 gripper.pos=+6.24
DEBUG 2026-08-19 04:37:04 [action #72] t=4.18s step=828 queue=22 dmax=10.470 | shoulder_pan.pos=-3.07 shoulder_lift.pos=+44.07 elbow_flex.pos=-40.20 wrist_flex.pos=+78.67 wrist_roll.pos=+0.09 gripper.pos=+8.05
DEBUG 2026-08-19 04:37:04 [action #73] t=4.21s step=829 queue=21 dmax=1.229 | shoulder_pan.pos=-2.80 shoulder_lift.pos=+43.64 elbow_flex.pos=-41.43 wrist_flex.pos=+79.06 wrist_roll.pos=-0.34 gripper.pos=+7.60
DEBUG 2026-08-19 04:37:04 [action #74] t=4.25s step=830 queue=20 dmax=0.876 | shoulder_pan.pos=-2.44 shoulder_lift.pos=+44.03 elbow_flex.pos=-42.04 wrist_flex.pos=+79.94 wrist_roll.pos=-0.61 gripper.pos=+7.26
DEBUG 2026-08-19 04:37:04 [action #75] t=4.28s step=831 queue=19 dmax=1.074 | shoulder_pan.pos=-2.65 shoulder_lift.pos=+44.30 elbow_flex.pos=-43.11 wrist_flex.pos=+80.71 wrist_roll.pos=-0.57 gripper.pos=+7.14
DEBUG 2026-08-19 04:37:04 [action #76] t=4.31s step=832 queue=18 dmax=1.772 | shoulder_pan.pos=-2.37 shoulder_lift.pos=+44.93 elbow_flex.pos=-44.88 wrist_flex.pos=+81.77 wrist_roll.pos=-0.49 gripper.pos=+6.84
DEBUG 2026-08-19 04:37:04 [action #77] t=4.35s step=833 queue=17 dmax=1.134 | shoulder_pan.pos=-2.50 shoulder_lift.pos=+44.50 elbow_flex.pos=-45.47 wrist_flex.pos=+82.90 wrist_roll.pos=-0.60 gripper.pos=+6.83
DEBUG 2026-08-19 04:37:04 [action #78] t=4.38s step=834 queue=16 dmax=2.333 | shoulder_pan.pos=-2.42 shoulder_lift.pos=+43.85 elbow_flex.pos=-47.81 wrist_flex.pos=+83.85 wrist_roll.pos=-0.52 gripper.pos=+6.88
DEBUG 2026-08-19 04:37:04 [action #79] t=4.41s step=835 queue=15 dmax=1.069 | shoulder_pan.pos=-2.19 shoulder_lift.pos=+44.67 elbow_flex.pos=-48.66 wrist_flex.pos=+84.92 wrist_roll.pos=-0.62 gripper.pos=+6.71
DEBUG 2026-08-19 04:37:04 [action #80] t=4.45s step=836 queue=14 dmax=2.199 | shoulder_pan.pos=-2.13 shoulder_lift.pos=+44.34 elbow_flex.pos=-50.85 wrist_flex.pos=+86.12 wrist_roll.pos=-0.74 gripper.pos=+6.71
DEBUG 2026-08-19 04:37:04 [action #81] t=4.48s step=837 queue=13 dmax=1.266 | shoulder_pan.pos=-1.90 shoulder_lift.pos=+44.09 elbow_flex.pos=-51.18 wrist_flex.pos=+87.38 wrist_roll.pos=-0.65 gripper.pos=+6.60
DEBUG 2026-08-19 04:37:04 [action #82] t=4.51s step=838 queue=12 dmax=1.534 | shoulder_pan.pos=-1.66 shoulder_lift.pos=+44.30 elbow_flex.pos=-52.71 wrist_flex.pos=+88.62 wrist_roll.pos=-0.78 gripper.pos=+6.57
DEBUG 2026-08-19 04:37:04 [action #83] t=4.55s step=839 queue=11 dmax=1.845 | shoulder_pan.pos=-1.69 shoulder_lift.pos=+43.97 elbow_flex.pos=-54.56 wrist_flex.pos=+89.97 wrist_roll.pos=-0.69 gripper.pos=+6.43
DEBUG 2026-08-19 04:37:04 [action #84] t=4.58s step=840 queue=10 dmax=1.771 | shoulder_pan.pos=-1.39 shoulder_lift.pos=+43.42 elbow_flex.pos=-56.33 wrist_flex.pos=+91.30 wrist_roll.pos=-0.91 gripper.pos=+6.43
DEBUG 2026-08-19 04:37:04 [action #85] t=4.61s step=841 queue=9 dmax=1.129 | shoulder_pan.pos=-1.36 shoulder_lift.pos=+43.29 elbow_flex.pos=-57.05 wrist_flex.pos=+92.43 wrist_roll.pos=-0.86 gripper.pos=+6.35
DEBUG 2026-08-19 04:37:04 [action #86] t=4.65s step=842 queue=8 dmax=1.643 | shoulder_pan.pos=-1.16 shoulder_lift.pos=+42.56 elbow_flex.pos=-58.69 wrist_flex.pos=+93.55 wrist_roll.pos=-1.04 gripper.pos=+6.39
DEBUG 2026-08-19 04:37:04 [action #87] t=4.68s step=843 queue=7 dmax=1.156 | shoulder_pan.pos=-0.75 shoulder_lift.pos=+41.92 elbow_flex.pos=-59.49 wrist_flex.pos=+94.71 wrist_roll.pos=-1.19 gripper.pos=+6.33
DEBUG 2026-08-19 04:37:04 [action #88] t=4.72s step=844 queue=6 dmax=1.097 | shoulder_pan.pos=-0.42 shoulder_lift.pos=+40.82 elbow_flex.pos=-60.47 wrist_flex.pos=+95.45 wrist_roll.pos=-1.32 gripper.pos=+6.28
DEBUG 2026-08-19 04:37:04 [action #89] t=4.75s step=845 queue=5 dmax=0.833 | shoulder_pan.pos=+0.06 shoulder_lift.pos=+40.24 elbow_flex.pos=-61.10 wrist_flex.pos=+96.29 wrist_roll.pos=-1.44 gripper.pos=+6.28
DEBUG 2026-08-19 04:37:04 [action #90] t=4.78s step=846 queue=4 dmax=1.137 | shoulder_pan.pos=+0.51 shoulder_lift.pos=+39.93 elbow_flex.pos=-62.23 wrist_flex.pos=+96.89 wrist_roll.pos=-1.37 gripper.pos=+6.12
DEBUG 2026-08-19 04:37:04 [action #91] t=4.82s step=847 queue=3 dmax=1.314 | shoulder_pan.pos=+1.43 shoulder_lift.pos=+38.62 elbow_flex.pos=-62.56 wrist_flex.pos=+97.50 wrist_roll.pos=-1.42 gripper.pos=+6.24
DEBUG 2026-08-19 04:37:04 [action #92] t=4.85s step=848 queue=2 dmax=0.736 | shoulder_pan.pos=+1.68 shoulder_lift.pos=+37.88 elbow_flex.pos=-63.03 wrist_flex.pos=+98.18 wrist_roll.pos=-1.29 gripper.pos=+6.19
DEBUG 2026-08-19 04:37:04 [action #93] t=4.88s step=849 queue=1 dmax=1.252 | shoulder_pan.pos=+2.33 shoulder_lift.pos=+36.63 elbow_flex.pos=-62.90 wrist_flex.pos=+98.77 wrist_roll.pos=-1.20 gripper.pos=+6.24
DEBUG 2026-08-19 04:37:04 [chunk] received 50 actions, timesteps 827..876 | first: shoulder_pan.pos=-5.02 shoulder_lift.pos=+41.53 elbow_flex.pos=-30.84 wrist_flex.pos=+77.37 wrist_roll.pos=+1.37 gripper.pos=+11.00 | last: shoulder_pan.pos=+19.43 shoulder_lift.pos=+27.75 elbow_flex.pos=-58.05 wrist_flex.pos=+99.11 wrist_roll.pos=-2.62 gripper.pos=+7.52
DEBUG 2026-08-19 04:37:04 [action #94] t=4.98s step=850 queue=27 dmax=4.795 | shoulder_pan.pos=-2.46 shoulder_lift.pos=+39.93 elbow_flex.pos=-61.44 wrist_flex.pos=+101.22 wrist_roll.pos=-1.50 gripper.pos=+8.32
DEBUG 2026-08-19 04:37:05 [action #95] t=5.02s step=851 queue=26 dmax=0.644 | shoulder_pan.pos=-2.07 shoulder_lift.pos=+39.28 elbow_flex.pos=-62.01 wrist_flex.pos=+101.50 wrist_roll.pos=-1.60 gripper.pos=+8.37
DEBUG 2026-08-19 04:37:05 [action #96] t=5.05s step=852 queue=25 dmax=0.771 | shoulder_pan.pos=-1.61 shoulder_lift.pos=+39.39 elbow_flex.pos=-62.79 wrist_flex.pos=+101.54 wrist_roll.pos=-1.57 gripper.pos=+8.36
DEBUG 2026-08-19 04:37:05 [action #97] t=5.08s step=853 queue=24 dmax=0.435 | shoulder_pan.pos=-1.17 shoulder_lift.pos=+39.44 elbow_flex.pos=-63.02 wrist_flex.pos=+101.86 wrist_roll.pos=-1.65 gripper.pos=+8.07
DEBUG 2026-08-19 04:37:05 [action #98] t=5.12s step=854 queue=23 dmax=1.051 | shoulder_pan.pos=-0.46 shoulder_lift.pos=+39.10 elbow_flex.pos=-64.07 wrist_flex.pos=+102.04 wrist_roll.pos=-1.66 gripper.pos=+8.30
DEBUG 2026-08-19 04:37:05 [action #99] t=5.15s step=855 queue=22 dmax=0.936 | shoulder_pan.pos=-0.12 shoulder_lift.pos=+38.16 elbow_flex.pos=-64.42 wrist_flex.pos=+102.48 wrist_roll.pos=-1.70 gripper.pos=+8.27
DEBUG 2026-08-19 04:37:05 [action #100] t=5.18s step=856 queue=21 dmax=0.891 | shoulder_pan.pos=+0.60 shoulder_lift.pos=+37.27 elbow_flex.pos=-64.45 wrist_flex.pos=+102.49 wrist_roll.pos=-1.79 gripper.pos=+8.46
DEBUG 2026-08-19 04:37:05 [action #101] t=5.22s step=857 queue=20 dmax=0.479 | shoulder_pan.pos=+1.08 shoulder_lift.pos=+36.98 elbow_flex.pos=-64.58 wrist_flex.pos=+102.46 wrist_roll.pos=-1.79 gripper.pos=+8.22
DEBUG 2026-08-19 04:37:05 [action #102] t=5.25s step=858 queue=19 dmax=0.813 | shoulder_pan.pos=+1.89 shoulder_lift.pos=+36.47 elbow_flex.pos=-64.80 wrist_flex.pos=+102.55 wrist_roll.pos=-1.97 gripper.pos=+8.17
DEBUG 2026-08-19 04:37:05 [action #103] t=5.28s step=859 queue=18 dmax=0.819 | shoulder_pan.pos=+2.62 shoulder_lift.pos=+35.65 elbow_flex.pos=-64.56 wrist_flex.pos=+102.57 wrist_roll.pos=-2.11 gripper.pos=+8.25
DEBUG 2026-08-19 04:37:05 [action #104] t=5.32s step=860 queue=17 dmax=0.835 | shoulder_pan.pos=+3.14 shoulder_lift.pos=+34.82 elbow_flex.pos=-63.81 wrist_flex.pos=+102.42 wrist_roll.pos=-2.44 gripper.pos=+8.36
DEBUG 2026-08-19 04:37:05 [action #105] t=5.35s step=861 queue=16 dmax=0.872 | shoulder_pan.pos=+4.01 shoulder_lift.pos=+34.20 elbow_flex.pos=-64.02 wrist_flex.pos=+102.19 wrist_roll.pos=-2.56 gripper.pos=+8.22
DEBUG 2026-08-19 04:37:05 [action #106] t=5.38s step=862 queue=15 dmax=1.010 | shoulder_pan.pos=+5.02 shoulder_lift.pos=+33.81 elbow_flex.pos=-64.01 wrist_flex.pos=+102.14 wrist_roll.pos=-2.72 gripper.pos=+8.15
DEBUG 2026-08-19 04:37:05 [action #107] t=5.42s step=863 queue=14 dmax=0.850 | shoulder_pan.pos=+5.60 shoulder_lift.pos=+32.96 elbow_flex.pos=-63.22 wrist_flex.pos=+102.07 wrist_roll.pos=-2.77 gripper.pos=+8.30
DEBUG 2026-08-19 04:37:05 [action #108] t=5.45s step=864 queue=13 dmax=1.310 | shoulder_pan.pos=+6.91 shoulder_lift.pos=+32.02 elbow_flex.pos=-63.03 wrist_flex.pos=+102.18 wrist_roll.pos=-2.69 gripper.pos=+8.18
DEBUG 2026-08-19 04:37:05 [action #109] t=5.48s step=865 queue=12 dmax=0.980 | shoulder_pan.pos=+7.89 shoulder_lift.pos=+32.00 elbow_flex.pos=-63.59 wrist_flex.pos=+101.97 wrist_roll.pos=-2.71 gripper.pos=+8.19
DEBUG 2026-08-19 04:37:05 [action #110] t=5.52s step=866 queue=11 dmax=1.007 | shoulder_pan.pos=+8.69 shoulder_lift.pos=+30.99 elbow_flex.pos=-63.38 wrist_flex.pos=+101.87 wrist_roll.pos=-2.88 gripper.pos=+8.21
DEBUG 2026-08-19 04:37:05 [action #111] t=5.55s step=867 queue=10 dmax=1.302 | shoulder_pan.pos=+10.00 shoulder_lift.pos=+31.11 elbow_flex.pos=-63.31 wrist_flex.pos=+101.85 wrist_roll.pos=-2.80 gripper.pos=+8.19
DEBUG 2026-08-19 04:37:05 [action #112] t=5.58s step=868 queue=9 dmax=1.069 | shoulder_pan.pos=+11.07 shoulder_lift.pos=+30.48 elbow_flex.pos=-63.18 wrist_flex.pos=+101.66 wrist_roll.pos=-2.95 gripper.pos=+8.17
DEBUG 2026-08-19 04:37:05 [action #113] t=5.62s step=869 queue=8 dmax=0.960 | shoulder_pan.pos=+12.03 shoulder_lift.pos=+30.26 elbow_flex.pos=-62.52 wrist_flex.pos=+101.63 wrist_roll.pos=-2.86 gripper.pos=+8.05
DEBUG 2026-08-19 04:37:05 [action #114] t=5.65s step=870 queue=7 dmax=1.279 | shoulder_pan.pos=+13.31 shoulder_lift.pos=+29.95 elbow_flex.pos=-61.92 wrist_flex.pos=+101.43 wrist_roll.pos=-2.76 gripper.pos=+8.05
DEBUG 2026-08-19 04:37:05 [action #115] t=5.69s step=871 queue=6 dmax=1.173 | shoulder_pan.pos=+14.48 shoulder_lift.pos=+29.83 elbow_flex.pos=-62.03 wrist_flex.pos=+101.36 wrist_roll.pos=-2.69 gripper.pos=+8.03
DEBUG 2026-08-19 04:37:05 [action #116] t=5.72s step=872 queue=5 dmax=0.867 | shoulder_pan.pos=+15.35 shoulder_lift.pos=+29.44 elbow_flex.pos=-61.38 wrist_flex.pos=+101.11 wrist_roll.pos=-2.68 gripper.pos=+7.96
DEBUG 2026-08-19 04:37:05 [action #117] t=5.75s step=873 queue=4 dmax=1.175 | shoulder_pan.pos=+16.52 shoulder_lift.pos=+28.91 elbow_flex.pos=-60.66 wrist_flex.pos=+101.01 wrist_roll.pos=-2.66 gripper.pos=+7.87
DEBUG 2026-08-19 04:37:05 [action #118] t=5.79s step=874 queue=3 dmax=1.004 | shoulder_pan.pos=+17.51 shoulder_lift.pos=+28.01 elbow_flex.pos=-59.65 wrist_flex.pos=+100.47 wrist_roll.pos=-2.65 gripper.pos=+7.71
DEBUG 2026-08-19 04:37:05 [action #119] t=5.82s step=875 queue=2 dmax=0.913 | shoulder_pan.pos=+18.42 shoulder_lift.pos=+28.30 elbow_flex.pos=-59.50 wrist_flex.pos=+100.11 wrist_roll.pos=-2.50 gripper.pos=+7.75
DEBUG 2026-08-19 04:37:05 [action #120] t=5.85s step=876 queue=1 dmax=1.453 | shoulder_pan.pos=+19.43 shoulder_lift.pos=+27.75 elbow_flex.pos=-58.05 wrist_flex.pos=+99.11 wrist_roll.pos=-2.62 gripper.pos=+7.52
DEBUG 2026-08-19 04:37:05 [chunk] received 50 actions, timesteps 849..898 | first: shoulder_pan.pos=+2.27 shoulder_lift.pos=+47.27 elbow_flex.pos=-70.07 wrist_flex.pos=+102.77 wrist_roll.pos=-1.91 gripper.pos=+7.33 | last: shoulder_pan.pos=+37.42 shoulder_lift.pos=+22.22 elbow_flex.pos=-40.03 wrist_flex.pos=+83.19 wrist_roll.pos=-1.58 gripper.pos=+7.63
DEBUG 2026-08-19 04:37:05 [action #121] t=5.92s step=877 queue=22 dmax=6.319 | shoulder_pan.pos=+25.75 shoulder_lift.pos=+25.41 elbow_flex.pos=-60.15 wrist_flex.pos=+101.74 wrist_roll.pos=-2.12 gripper.pos=+7.75
DEBUG 2026-08-19 04:37:05 [action #122] t=5.95s step=878 queue=21 dmax=1.319 | shoulder_pan.pos=+27.07 shoulder_lift.pos=+25.90 elbow_flex.pos=-60.22 wrist_flex.pos=+101.76 wrist_roll.pos=-2.06 gripper.pos=+7.43
DEBUG 2026-08-19 04:37:05 [action #123] t=5.99s step=879 queue=20 dmax=1.139 | shoulder_pan.pos=+27.89 shoulder_lift.pos=+25.88 elbow_flex.pos=-59.08 wrist_flex.pos=+101.73 wrist_roll.pos=-2.01 gripper.pos=+7.48
DEBUG 2026-08-19 04:37:06 [action #124] t=6.02s step=880 queue=19 dmax=1.071 | shoulder_pan.pos=+28.63 shoulder_lift.pos=+24.81 elbow_flex.pos=-58.52 wrist_flex.pos=+101.74 wrist_roll.pos=-2.01 gripper.pos=+7.51
DEBUG 2026-08-19 04:37:06 [action #125] t=6.05s step=881 queue=18 dmax=1.233 | shoulder_pan.pos=+29.87 shoulder_lift.pos=+24.96 elbow_flex.pos=-57.62 wrist_flex.pos=+101.34 wrist_roll.pos=-2.02 gripper.pos=+7.44
DEBUG 2026-08-19 04:37:06 [action #126] t=6.09s step=882 queue=17 dmax=0.735 | shoulder_pan.pos=+30.36 shoulder_lift.pos=+24.28 elbow_flex.pos=-56.88 wrist_flex.pos=+101.30 wrist_roll.pos=-1.97 gripper.pos=+7.47
DEBUG 2026-08-19 04:37:06 [action #127] t=6.12s step=883 queue=16 dmax=0.613 | shoulder_pan.pos=+30.97 shoulder_lift.pos=+23.67 elbow_flex.pos=-56.79 wrist_flex.pos=+101.07 wrist_roll.pos=-1.93 gripper.pos=+7.47
DEBUG 2026-08-19 04:37:06 [action #128] t=6.15s step=884 queue=15 dmax=1.344 | shoulder_pan.pos=+31.62 shoulder_lift.pos=+24.43 elbow_flex.pos=-55.45 wrist_flex.pos=+100.36 wrist_roll.pos=-1.92 gripper.pos=+7.61
DEBUG 2026-08-19 04:37:06 [action #129] t=6.19s step=885 queue=14 dmax=1.266 | shoulder_pan.pos=+32.39 shoulder_lift.pos=+23.16 elbow_flex.pos=-54.84 wrist_flex.pos=+99.83 wrist_roll.pos=-1.92 gripper.pos=+7.59
DEBUG 2026-08-19 04:37:06 [action #130] t=6.22s step=886 queue=13 dmax=1.549 | shoulder_pan.pos=+32.61 shoulder_lift.pos=+23.57 elbow_flex.pos=-53.29 wrist_flex.pos=+99.26 wrist_roll.pos=-1.84 gripper.pos=+7.33
DEBUG 2026-08-19 04:37:06 [action #131] t=6.25s step=887 queue=12 dmax=1.646 | shoulder_pan.pos=+33.62 shoulder_lift.pos=+23.42 elbow_flex.pos=-51.64 wrist_flex.pos=+97.90 wrist_roll.pos=-1.92 gripper.pos=+7.35
DEBUG 2026-08-19 04:37:06 [action #132] t=6.29s step=888 queue=11 dmax=1.333 | shoulder_pan.pos=+34.11 shoulder_lift.pos=+22.82 elbow_flex.pos=-50.42 wrist_flex.pos=+96.57 wrist_roll.pos=-1.85 gripper.pos=+7.44
DEBUG 2026-08-19 04:37:06 [action #133] t=6.32s step=889 queue=10 dmax=1.659 | shoulder_pan.pos=+34.26 shoulder_lift.pos=+22.33 elbow_flex.pos=-48.77 wrist_flex.pos=+95.01 wrist_roll.pos=-1.91 gripper.pos=+7.56
DEBUG 2026-08-19 04:37:06 [action #134] t=6.35s step=890 queue=9 dmax=1.858 | shoulder_pan.pos=+34.91 shoulder_lift.pos=+22.31 elbow_flex.pos=-47.23 wrist_flex.pos=+93.15 wrist_roll.pos=-1.79 gripper.pos=+7.43
DEBUG 2026-08-19 04:37:06 [action #135] t=6.39s step=891 queue=8 dmax=1.454 | shoulder_pan.pos=+35.46 shoulder_lift.pos=+22.07 elbow_flex.pos=-46.34 wrist_flex.pos=+91.70 wrist_roll.pos=-1.85 gripper.pos=+7.54
DEBUG 2026-08-19 04:37:06 [action #136] t=6.42s step=892 queue=7 dmax=1.405 | shoulder_pan.pos=+35.80 shoulder_lift.pos=+22.28 elbow_flex.pos=-44.93 wrist_flex.pos=+90.46 wrist_roll.pos=-1.89 gripper.pos=+7.57
DEBUG 2026-08-19 04:37:06 [action #137] t=6.45s step=893 queue=6 dmax=1.497 | shoulder_pan.pos=+36.06 shoulder_lift.pos=+22.07 elbow_flex.pos=-43.44 wrist_flex.pos=+89.14 wrist_roll.pos=-1.71 gripper.pos=+7.49
DEBUG 2026-08-19 04:37:06 [action #138] t=6.49s step=894 queue=5 dmax=1.047 | shoulder_pan.pos=+36.31 shoulder_lift.pos=+21.66 elbow_flex.pos=-42.48 wrist_flex.pos=+88.10 wrist_roll.pos=-1.67 gripper.pos=+7.70
DEBUG 2026-08-19 04:37:06 [action #139] t=6.52s step=895 queue=4 dmax=1.344 | shoulder_pan.pos=+36.82 shoulder_lift.pos=+21.91 elbow_flex.pos=-41.67 wrist_flex.pos=+86.75 wrist_roll.pos=-1.77 gripper.pos=+7.58
DEBUG 2026-08-19 04:37:06 [action #140] t=6.55s step=896 queue=3 dmax=0.985 | shoulder_pan.pos=+36.77 shoulder_lift.pos=+21.57 elbow_flex.pos=-40.93 wrist_flex.pos=+85.77 wrist_roll.pos=-1.66 gripper.pos=+7.69
DEBUG 2026-08-19 04:37:06 [action #141] t=6.59s step=897 queue=2 dmax=1.378 | shoulder_pan.pos=+37.14 shoulder_lift.pos=+21.99 elbow_flex.pos=-40.41 wrist_flex.pos=+84.39 wrist_roll.pos=-1.70 gripper.pos=+7.88
DEBUG 2026-08-19 04:37:06 [action #142] t=6.62s step=898 queue=1 dmax=1.206 | shoulder_pan.pos=+37.42 shoulder_lift.pos=+22.22 elbow_flex.pos=-40.03 wrist_flex.pos=+83.19 wrist_roll.pos=-1.58 gripper.pos=+7.63
DEBUG 2026-08-19 04:37:06 [chunk] received 50 actions, timesteps 876..925 | first: shoulder_pan.pos=+22.24 shoulder_lift.pos=+23.42 elbow_flex.pos=-55.07 wrist_flex.pos=+103.84 wrist_roll.pos=-2.08 gripper.pos=+8.18 | last: shoulder_pan.pos=+36.23 shoulder_lift.pos=+30.76 elbow_flex.pos=-30.39 wrist_flex.pos=+73.25 wrist_roll.pos=-0.06 gripper.pos=+26.23
DEBUG 2026-08-19 04:37:06 [action #143] t=6.82s step=899 queue=27 dmax=8.240 | shoulder_pan.pos=+34.96 shoulder_lift.pos=+20.63 elbow_flex.pos=-31.79 wrist_flex.pos=+82.18 wrist_roll.pos=-1.15 gripper.pos=+8.75
DEBUG 2026-08-19 04:37:06 [action #144] t=6.86s step=900 queue=26 dmax=1.253 | shoulder_pan.pos=+35.40 shoulder_lift.pos=+20.42 elbow_flex.pos=-31.20 wrist_flex.pos=+80.93 wrist_roll.pos=-1.10 gripper.pos=+8.62
DEBUG 2026-08-19 04:37:06 [action #145] t=6.89s step=901 queue=25 dmax=0.942 | shoulder_pan.pos=+35.27 shoulder_lift.pos=+21.07 elbow_flex.pos=-30.26 wrist_flex.pos=+80.02 wrist_roll.pos=-1.14 gripper.pos=+8.64
DEBUG 2026-08-19 04:37:06 [action #146] t=6.92s step=902 queue=24 dmax=0.636 | shoulder_pan.pos=+35.62 shoulder_lift.pos=+21.46 elbow_flex.pos=-29.80 wrist_flex.pos=+79.39 wrist_roll.pos=-1.01 gripper.pos=+8.49
DEBUG 2026-08-19 04:37:06 [action #147] t=6.96s step=903 queue=23 dmax=0.976 | shoulder_pan.pos=+35.57 shoulder_lift.pos=+21.92 elbow_flex.pos=-29.90 wrist_flex.pos=+78.41 wrist_roll.pos=-0.87 gripper.pos=+8.59
DEBUG 2026-08-19 04:37:06 [action #148] t=6.99s step=904 queue=22 dmax=0.841 | shoulder_pan.pos=+36.08 shoulder_lift.pos=+21.85 elbow_flex.pos=-29.06 wrist_flex.pos=+78.07 wrist_roll.pos=-0.99 gripper.pos=+8.62
DEBUG 2026-08-19 04:37:07 [action #149] t=7.02s step=905 queue=21 dmax=0.761 | shoulder_pan.pos=+36.12 shoulder_lift.pos=+22.53 elbow_flex.pos=-28.49 wrist_flex.pos=+77.31 wrist_roll.pos=-0.73 gripper.pos=+8.61
DEBUG 2026-08-19 04:37:07 [action #150] t=7.06s step=906 queue=20 dmax=0.695 | shoulder_pan.pos=+36.62 shoulder_lift.pos=+23.23 elbow_flex.pos=-28.17 wrist_flex.pos=+76.83 wrist_roll.pos=-0.70 gripper.pos=+8.57
DEBUG 2026-08-19 04:37:07 [action #151] t=7.09s step=907 queue=19 dmax=0.648 | shoulder_pan.pos=+36.65 shoulder_lift.pos=+23.04 elbow_flex.pos=-28.07 wrist_flex.pos=+76.18 wrist_roll.pos=-0.59 gripper.pos=+8.62
DEBUG 2026-08-19 04:37:07 [action #152] t=7.12s step=908 queue=18 dmax=0.679 | shoulder_pan.pos=+36.81 shoulder_lift.pos=+23.72 elbow_flex.pos=-28.45 wrist_flex.pos=+75.72 wrist_roll.pos=-0.66 gripper.pos=+8.42
DEBUG 2026-08-19 04:37:07 [action #153] t=7.16s step=909 queue=17 dmax=0.855 | shoulder_pan.pos=+37.27 shoulder_lift.pos=+24.57 elbow_flex.pos=-28.03 wrist_flex.pos=+75.07 wrist_roll.pos=-0.45 gripper.pos=+8.49
DEBUG 2026-08-19 04:37:07 [action #154] t=7.19s step=910 queue=16 dmax=0.488 | shoulder_pan.pos=+36.89 shoulder_lift.pos=+25.00 elbow_flex.pos=-28.51 wrist_flex.pos=+74.58 wrist_roll.pos=-0.49 gripper.pos=+8.54
DEBUG 2026-08-19 04:37:07 [action #155] t=7.22s step=911 queue=15 dmax=0.484 | shoulder_pan.pos=+37.20 shoulder_lift.pos=+25.46 elbow_flex.pos=-28.05 wrist_flex.pos=+74.10 wrist_roll.pos=-0.34 gripper.pos=+8.47
DEBUG 2026-08-19 04:37:07 [action #156] t=7.26s step=912 queue=14 dmax=0.547 | shoulder_pan.pos=+37.13 shoulder_lift.pos=+26.01 elbow_flex.pos=-27.83 wrist_flex.pos=+73.67 wrist_roll.pos=-0.35 gripper.pos=+8.55
DEBUG 2026-08-19 04:37:07 [action #157] t=7.29s step=913 queue=13 dmax=0.665 | shoulder_pan.pos=+37.80 shoulder_lift.pos=+26.10 elbow_flex.pos=-28.43 wrist_flex.pos=+73.12 wrist_roll.pos=-0.18 gripper.pos=+8.47
DEBUG 2026-08-19 04:37:07 [action #158] t=7.32s step=914 queue=12 dmax=0.568 | shoulder_pan.pos=+37.55 shoulder_lift.pos=+26.67 elbow_flex.pos=-28.94 wrist_flex.pos=+72.75 wrist_roll.pos=-0.08 gripper.pos=+8.58
DEBUG 2026-08-19 04:37:07 [action #159] t=7.36s step=915 queue=11 dmax=0.729 | shoulder_pan.pos=+37.80 shoulder_lift.pos=+27.40 elbow_flex.pos=-28.69 wrist_flex.pos=+72.31 wrist_roll.pos=+0.08 gripper.pos=+8.43
DEBUG 2026-08-19 04:37:07 [action #160] t=7.39s step=916 queue=10 dmax=0.277 | shoulder_pan.pos=+37.53 shoulder_lift.pos=+27.40 elbow_flex.pos=-28.43 wrist_flex.pos=+72.11 wrist_roll.pos=+0.19 gripper.pos=+8.52
DEBUG 2026-08-19 04:37:07 [action #161] t=7.42s step=917 queue=9 dmax=0.759 | shoulder_pan.pos=+37.53 shoulder_lift.pos=+28.16 elbow_flex.pos=-28.91 wrist_flex.pos=+72.09 wrist_roll.pos=+0.18 gripper.pos=+8.57
DEBUG 2026-08-19 04:37:07 [action #162] t=7.46s step=918 queue=8 dmax=0.553 | shoulder_pan.pos=+37.66 shoulder_lift.pos=+28.68 elbow_flex.pos=-28.66 wrist_flex.pos=+72.04 wrist_roll.pos=+0.22 gripper.pos=+9.12
DEBUG 2026-08-19 04:37:07 [action #163] t=7.49s step=919 queue=7 dmax=1.393 | shoulder_pan.pos=+37.72 shoulder_lift.pos=+29.04 elbow_flex.pos=-28.96 wrist_flex.pos=+72.00 wrist_roll.pos=+0.28 gripper.pos=+10.51
DEBUG 2026-08-19 04:37:07 [action #164] t=7.52s step=920 queue=6 dmax=2.637 | shoulder_pan.pos=+37.34 shoulder_lift.pos=+29.41 elbow_flex.pos=-30.05 wrist_flex.pos=+72.10 wrist_roll.pos=+0.14 gripper.pos=+13.15
DEBUG 2026-08-19 04:37:07 [action #165] t=7.56s step=921 queue=5 dmax=3.126 | shoulder_pan.pos=+37.15 shoulder_lift.pos=+29.50 elbow_flex.pos=-29.66 wrist_flex.pos=+72.52 wrist_roll.pos=-0.04 gripper.pos=+16.28
DEBUG 2026-08-19 04:37:07 [action #166] t=7.59s step=922 queue=4 dmax=3.081 | shoulder_pan.pos=+36.92 shoulder_lift.pos=+30.54 elbow_flex.pos=-30.43 wrist_flex.pos=+72.50 wrist_roll.pos=-0.02 gripper.pos=+19.36
DEBUG 2026-08-19 04:37:07 [chunk] received 50 actions, timesteps 898..947 | first: shoulder_pan.pos=+33.07 shoulder_lift.pos=+23.92 elbow_flex.pos=-37.03 wrist_flex.pos=+79.42 wrist_roll.pos=-2.18 gripper.pos=+6.88 | last: shoulder_pan.pos=+33.08 shoulder_lift.pos=+22.28 elbow_flex.pos=-38.39 wrist_flex.pos=+92.47 wrist_roll.pos=-1.40 gripper.pos=+38.04
DEBUG 2026-08-19 04:37:07 [action #167] t=7.63s step=923 queue=25 dmax=4.960 | shoulder_pan.pos=+35.53 shoulder_lift.pos=+30.64 elbow_flex.pos=-29.95 wrist_flex.pos=+71.98 wrist_roll.pos=-1.53 gripper.pos=+24.32
DEBUG 2026-08-19 04:37:07 [action #168] t=7.66s step=924 queue=24 dmax=2.141 | shoulder_pan.pos=+35.67 shoulder_lift.pos=+31.28 elbow_flex.pos=-30.26 wrist_flex.pos=+72.11 wrist_roll.pos=-1.53 gripper.pos=+26.46
DEBUG 2026-08-19 04:37:07 [action #169] t=7.69s step=925 queue=23 dmax=2.226 | shoulder_pan.pos=+35.70 shoulder_lift.pos=+31.19 elbow_flex.pos=-30.19 wrist_flex.pos=+72.56 wrist_roll.pos=-1.53 gripper.pos=+28.68
DEBUG 2026-08-19 04:37:07 [action #170] t=7.73s step=926 queue=22 dmax=2.437 | shoulder_pan.pos=+35.35 shoulder_lift.pos=+31.12 elbow_flex.pos=-30.24 wrist_flex.pos=+72.94 wrist_roll.pos=-2.33 gripper.pos=+31.12
DEBUG 2026-08-19 04:37:07 [action #171] t=7.76s step=927 queue=21 dmax=1.225 | shoulder_pan.pos=+35.39 shoulder_lift.pos=+31.42 elbow_flex.pos=-30.74 wrist_flex.pos=+73.57 wrist_roll.pos=-2.32 gripper.pos=+32.35
DEBUG 2026-08-19 04:37:07 [action #172] t=7.79s step=928 queue=20 dmax=0.910 | shoulder_pan.pos=+35.40 shoulder_lift.pos=+31.26 elbow_flex.pos=-31.13 wrist_flex.pos=+74.17 wrist_roll.pos=-2.32 gripper.pos=+33.26
DEBUG 2026-08-19 04:37:07 [action #173] t=7.83s step=929 queue=19 dmax=0.899 | shoulder_pan.pos=+35.23 shoulder_lift.pos=+32.14 elbow_flex.pos=-31.98 wrist_flex.pos=+74.82 wrist_roll.pos=-2.36 gripper.pos=+34.16
DEBUG 2026-08-19 04:37:07 [action #174] t=7.86s step=930 queue=18 dmax=0.941 | shoulder_pan.pos=+35.21 shoulder_lift.pos=+31.68 elbow_flex.pos=-32.19 wrist_flex.pos=+75.37 wrist_roll.pos=-2.34 gripper.pos=+35.10
DEBUG 2026-08-19 04:37:07 [action #175] t=7.89s step=931 queue=17 dmax=0.670 | shoulder_pan.pos=+35.39 shoulder_lift.pos=+31.39 elbow_flex.pos=-32.36 wrist_flex.pos=+75.64 wrist_roll.pos=-2.16 gripper.pos=+35.77
DEBUG 2026-08-19 04:37:07 [action #176] t=7.93s step=932 queue=16 dmax=1.106 | shoulder_pan.pos=+35.05 shoulder_lift.pos=+31.30 elbow_flex.pos=-32.40 wrist_flex.pos=+75.90 wrist_roll.pos=-2.32 gripper.pos=+36.87
DEBUG 2026-08-19 04:37:07 [action #177] t=7.96s step=933 queue=15 dmax=0.612 | shoulder_pan.pos=+35.11 shoulder_lift.pos=+31.47 elbow_flex.pos=-32.45 wrist_flex.pos=+76.41 wrist_roll.pos=-2.29 gripper.pos=+37.49
DEBUG 2026-08-19 04:37:07 [action #178] t=7.99s step=934 queue=14 dmax=0.353 | shoulder_pan.pos=+35.31 shoulder_lift.pos=+31.17 elbow_flex.pos=-32.78 wrist_flex.pos=+76.70 wrist_roll.pos=-2.30 gripper.pos=+37.84
DEBUG 2026-08-19 04:37:08 [action #179] t=8.03s step=935 queue=13 dmax=0.551 | shoulder_pan.pos=+35.01 shoulder_lift.pos=+31.15 elbow_flex.pos=-33.06 wrist_flex.pos=+77.26 wrist_roll.pos=-2.18 gripper.pos=+37.95
DEBUG 2026-08-19 04:37:08 [action #180] t=8.06s step=936 queue=12 dmax=0.403 | shoulder_pan.pos=+34.96 shoulder_lift.pos=+30.95 elbow_flex.pos=-33.36 wrist_flex.pos=+77.66 wrist_roll.pos=-2.10 gripper.pos=+37.74
DEBUG 2026-08-19 04:37:08 [action #181] t=8.09s step=937 queue=11 dmax=0.581 | shoulder_pan.pos=+35.08 shoulder_lift.pos=+30.79 elbow_flex.pos=-33.94 wrist_flex.pos=+78.20 wrist_roll.pos=-2.08 gripper.pos=+37.40
DEBUG 2026-08-19 04:37:08 [action #182] t=8.13s step=938 queue=10 dmax=1.299 | shoulder_pan.pos=+34.82 shoulder_lift.pos=+29.49 elbow_flex.pos=-34.13 wrist_flex.pos=+79.21 wrist_roll.pos=-2.01 gripper.pos=+37.25
DEBUG 2026-08-19 04:37:08 [action #183] t=8.16s step=939 queue=9 dmax=1.250 | shoulder_pan.pos=+34.74 shoulder_lift.pos=+29.56 elbow_flex.pos=-34.67 wrist_flex.pos=+80.46 wrist_roll.pos=-1.91 gripper.pos=+37.53
DEBUG 2026-08-19 04:37:08 [action #184] t=8.19s step=940 queue=8 dmax=1.437 | shoulder_pan.pos=+34.75 shoulder_lift.pos=+28.71 elbow_flex.pos=-35.60 wrist_flex.pos=+81.90 wrist_roll.pos=-1.93 gripper.pos=+37.76
DEBUG 2026-08-19 04:37:08 [action #185] t=8.23s step=941 queue=7 dmax=1.487 | shoulder_pan.pos=+34.50 shoulder_lift.pos=+28.26 elbow_flex.pos=-36.02 wrist_flex.pos=+83.39 wrist_roll.pos=-1.89 gripper.pos=+38.09
DEBUG 2026-08-19 04:37:08 [action #186] t=8.26s step=942 queue=6 dmax=1.607 | shoulder_pan.pos=+34.45 shoulder_lift.pos=+27.10 elbow_flex.pos=-36.24 wrist_flex.pos=+84.99 wrist_roll.pos=-1.84 gripper.pos=+38.28
DEBUG 2026-08-19 04:37:08 [action #187] t=8.29s step=943 queue=5 dmax=1.534 | shoulder_pan.pos=+34.21 shoulder_lift.pos=+26.44 elbow_flex.pos=-37.23 wrist_flex.pos=+86.53 wrist_roll.pos=-1.77 gripper.pos=+38.38
DEBUG 2026-08-19 04:37:08 [chunk] received 50 actions, timesteps 921..970 | first: shoulder_pan.pos=+34.73 shoulder_lift.pos=+26.00 elbow_flex.pos=-28.28 wrist_flex.pos=+71.85 wrist_roll.pos=+0.25 gripper.pos=+6.13 | last: shoulder_pan.pos=+26.81 shoulder_lift.pos=+5.87 elbow_flex.pos=-24.66 wrist_flex.pos=+98.84 wrist_roll.pos=+1.90 gripper.pos=+31.39
DEBUG 2026-08-19 04:37:08 [action #188] t=8.33s step=944 queue=27 dmax=5.797 | shoulder_pan.pos=+34.79 shoulder_lift.pos=+28.24 elbow_flex.pos=-31.44 wrist_flex.pos=+82.70 wrist_roll.pos=-0.16 gripper.pos=+38.37
DEBUG 2026-08-19 04:37:08 [action #189] t=8.36s step=945 queue=26 dmax=0.929 | shoulder_pan.pos=+34.51 shoulder_lift.pos=+27.78 elbow_flex.pos=-31.56 wrist_flex.pos=+83.63 wrist_roll.pos=-0.08 gripper.pos=+38.18
DEBUG 2026-08-19 04:37:08 [action #190] t=8.39s step=946 queue=25 dmax=0.923 | shoulder_pan.pos=+34.23 shoulder_lift.pos=+26.86 elbow_flex.pos=-31.76 wrist_flex.pos=+84.53 wrist_roll.pos=-0.03 gripper.pos=+38.00
DEBUG 2026-08-19 04:37:08 [action #191] t=8.43s step=947 queue=24 dmax=0.937 | shoulder_pan.pos=+33.99 shoulder_lift.pos=+26.55 elbow_flex.pos=-32.16 wrist_flex.pos=+85.47 wrist_roll.pos=+0.01 gripper.pos=+37.92
DEBUG 2026-08-19 04:37:08 [action #192] t=8.46s step=948 queue=23 dmax=2.212 | shoulder_pan.pos=+34.08 shoulder_lift.pos=+28.10 elbow_flex.pos=-30.47 wrist_flex.pos=+83.25 wrist_roll.pos=+0.71 gripper.pos=+37.92
DEBUG 2026-08-19 04:37:08 [action #193] t=8.49s step=949 queue=22 dmax=0.973 | shoulder_pan.pos=+33.82 shoulder_lift.pos=+27.13 elbow_flex.pos=-30.24 wrist_flex.pos=+84.20 wrist_roll.pos=+0.73 gripper.pos=+38.11
DEBUG 2026-08-19 04:37:08 [action #194] t=8.53s step=950 queue=21 dmax=1.397 | shoulder_pan.pos=+33.22 shoulder_lift.pos=+27.29 elbow_flex.pos=-31.22 wrist_flex.pos=+85.60 wrist_roll.pos=+0.72 gripper.pos=+38.66
DEBUG 2026-08-19 04:37:08 [action #195] t=8.56s step=951 queue=20 dmax=1.601 | shoulder_pan.pos=+32.72 shoulder_lift.pos=+25.91 elbow_flex.pos=-31.26 wrist_flex.pos=+87.20 wrist_roll.pos=+0.87 gripper.pos=+39.12
DEBUG 2026-08-19 04:37:08 [action #196] t=8.60s step=952 queue=19 dmax=1.914 | shoulder_pan.pos=+32.20 shoulder_lift.pos=+25.73 elbow_flex.pos=-31.82 wrist_flex.pos=+89.11 wrist_roll.pos=+0.77 gripper.pos=+39.86
DEBUG 2026-08-19 04:37:08 [action #197] t=8.63s step=953 queue=18 dmax=2.081 | shoulder_pan.pos=+31.32 shoulder_lift.pos=+24.32 elbow_flex.pos=-32.17 wrist_flex.pos=+91.19 wrist_roll.pos=+0.77 gripper.pos=+40.31
DEBUG 2026-08-19 04:37:08 [action #198] t=8.66s step=954 queue=17 dmax=1.749 | shoulder_pan.pos=+31.04 shoulder_lift.pos=+23.77 elbow_flex.pos=-33.10 wrist_flex.pos=+92.94 wrist_roll.pos=+0.89 gripper.pos=+40.44
DEBUG 2026-08-19 04:37:08 [action #199] t=8.70s step=955 queue=16 dmax=1.526 | shoulder_pan.pos=+30.30 shoulder_lift.pos=+22.57 elbow_flex.pos=-33.09 wrist_flex.pos=+94.47 wrist_roll.pos=+0.87 gripper.pos=+40.44
DEBUG 2026-08-19 04:37:08 [action #200] t=8.73s step=956 queue=15 dmax=1.307 | shoulder_pan.pos=+29.84 shoulder_lift.pos=+21.53 elbow_flex.pos=-33.22 wrist_flex.pos=+95.78 wrist_roll.pos=+0.92 gripper.pos=+40.28
DEBUG 2026-08-19 04:37:08 [action #201] t=8.76s step=957 queue=14 dmax=1.025 | shoulder_pan.pos=+29.31 shoulder_lift.pos=+20.50 elbow_flex.pos=-33.24 wrist_flex.pos=+96.75 wrist_roll.pos=+0.86 gripper.pos=+40.25
DEBUG 2026-08-19 04:37:08 [action #202] t=8.80s step=958 queue=13 dmax=1.311 | shoulder_pan.pos=+28.80 shoulder_lift.pos=+19.19 elbow_flex.pos=-33.26 wrist_flex.pos=+97.52 wrist_roll.pos=+0.81 gripper.pos=+40.27
DEBUG 2026-08-19 04:37:08 [action #203] t=8.83s step=959 queue=12 dmax=0.748 | shoulder_pan.pos=+28.50 shoulder_lift.pos=+18.44 elbow_flex.pos=-32.89 wrist_flex.pos=+98.17 wrist_roll.pos=+0.92 gripper.pos=+40.33
DEBUG 2026-08-19 04:37:08 [action #204] t=8.86s step=960 queue=11 dmax=1.218 | shoulder_pan.pos=+28.17 shoulder_lift.pos=+17.22 elbow_flex.pos=-32.11 wrist_flex.pos=+98.63 wrist_roll.pos=+1.01 gripper.pos=+40.19
DEBUG 2026-08-19 04:37:08 [action #205] t=8.90s step=961 queue=10 dmax=0.909 | shoulder_pan.pos=+27.76 shoulder_lift.pos=+16.31 elbow_flex.pos=-32.73 wrist_flex.pos=+98.78 wrist_roll.pos=+1.01 gripper.pos=+40.20
DEBUG 2026-08-19 04:37:08 [action #206] t=8.93s step=962 queue=9 dmax=0.918 | shoulder_pan.pos=+27.62 shoulder_lift.pos=+15.40 elbow_flex.pos=-31.82 wrist_flex.pos=+98.96 wrist_roll.pos=+1.08 gripper.pos=+40.17
DEBUG 2026-08-19 04:37:08 [action #207] t=8.96s step=963 queue=8 dmax=1.073 | shoulder_pan.pos=+27.45 shoulder_lift.pos=+14.32 elbow_flex.pos=-31.24 wrist_flex.pos=+99.24 wrist_roll.pos=+1.07 gripper.pos=+40.25
DEBUG 2026-08-19 04:37:08 [action #208] t=9.00s step=964 queue=7 dmax=1.100 | shoulder_pan.pos=+27.47 shoulder_lift.pos=+13.22 elbow_flex.pos=-30.41 wrist_flex.pos=+99.36 wrist_roll.pos=+1.26 gripper.pos=+40.21
DEBUG 2026-08-19 04:37:09 [action #209] t=9.03s step=965 queue=6 dmax=0.976 | shoulder_pan.pos=+27.30 shoulder_lift.pos=+12.38 elbow_flex.pos=-29.43 wrist_flex.pos=+99.29 wrist_roll.pos=+1.33 gripper.pos=+40.08
DEBUG 2026-08-19 04:37:09 [action #210] t=9.06s step=966 queue=5 dmax=0.898 | shoulder_pan.pos=+27.00 shoulder_lift.pos=+11.48 elbow_flex.pos=-28.98 wrist_flex.pos=+99.21 wrist_roll.pos=+1.27 gripper.pos=+39.80
DEBUG 2026-08-19 04:37:09 [action #211] t=9.10s step=967 queue=4 dmax=1.440 | shoulder_pan.pos=+27.10 shoulder_lift.pos=+10.04 elbow_flex.pos=-27.93 wrist_flex.pos=+99.04 wrist_roll.pos=+1.42 gripper.pos=+38.92
DEBUG 2026-08-19 04:37:09 [action #212] t=9.13s step=968 queue=3 dmax=2.058 | shoulder_pan.pos=+26.95 shoulder_lift.pos=+8.35 elbow_flex.pos=-27.13 wrist_flex.pos=+98.82 wrist_roll.pos=+1.64 gripper.pos=+36.86
DEBUG 2026-08-19 04:37:09 [action #213] t=9.16s step=969 queue=2 dmax=2.989 | shoulder_pan.pos=+26.89 shoulder_lift.pos=+7.55 elbow_flex.pos=-25.93 wrist_flex.pos=+98.73 wrist_roll.pos=+1.68 gripper.pos=+33.87
DEBUG 2026-08-19 04:37:09 [chunk] received 50 actions, timesteps 943..992 | first: shoulder_pan.pos=+32.71 shoulder_lift.pos=+26.18 elbow_flex.pos=-34.09 wrist_flex.pos=+86.16 wrist_roll.pos=-2.55 gripper.pos=+38.08 | last: shoulder_pan.pos=+1.95 shoulder_lift.pos=-43.97 elbow_flex.pos=+23.53 wrist_flex.pos=+88.58 wrist_roll.pos=+3.88 gripper.pos=-2.42
DEBUG 2026-08-19 04:37:09 [action #214] t=9.20s step=970 queue=23 dmax=4.627 | shoulder_pan.pos=+24.97 shoulder_lift.pos=+2.93 elbow_flex.pos=-21.81 wrist_flex.pos=+100.05 wrist_roll.pos=-0.53 gripper.pos=+36.50
DEBUG 2026-08-19 04:37:09 [action #215] t=9.23s step=971 queue=22 dmax=3.219 | shoulder_pan.pos=+23.33 shoulder_lift.pos=-0.21 elbow_flex.pos=-18.59 wrist_flex.pos=+100.26 wrist_roll.pos=-1.42 gripper.pos=+38.17
DEBUG 2026-08-19 04:37:09 [action #216] t=9.26s step=972 queue=21 dmax=2.155 | shoulder_pan.pos=+22.59 shoulder_lift.pos=-2.37 elbow_flex.pos=-16.65 wrist_flex.pos=+100.47 wrist_roll.pos=-0.98 gripper.pos=+36.83
DEBUG 2026-08-19 04:37:09 [action #217] t=9.30s step=973 queue=20 dmax=2.936 | shoulder_pan.pos=+21.41 shoulder_lift.pos=-3.65 elbow_flex.pos=-15.26 wrist_flex.pos=+100.64 wrist_roll.pos=-0.31 gripper.pos=+33.89
DEBUG 2026-08-19 04:37:09 [action #218] t=9.33s step=974 queue=19 dmax=3.924 | shoulder_pan.pos=+20.59 shoulder_lift.pos=-5.63 elbow_flex.pos=-13.72 wrist_flex.pos=+100.60 wrist_roll.pos=+0.21 gripper.pos=+29.97
DEBUG 2026-08-19 04:37:09 [action #219] t=9.36s step=975 queue=18 dmax=4.374 | shoulder_pan.pos=+19.50 shoulder_lift.pos=-7.19 elbow_flex.pos=-11.78 wrist_flex.pos=+100.50 wrist_roll.pos=+0.82 gripper.pos=+25.59
DEBUG 2026-08-19 04:37:09 [action #220] t=9.40s step=976 queue=17 dmax=4.643 | shoulder_pan.pos=+18.45 shoulder_lift.pos=-9.53 elbow_flex.pos=-10.05 wrist_flex.pos=+100.45 wrist_roll.pos=+1.38 gripper.pos=+20.95
DEBUG 2026-08-19 04:37:09 [action #221] t=9.43s step=977 queue=16 dmax=4.486 | shoulder_pan.pos=+17.72 shoulder_lift.pos=-11.84 elbow_flex.pos=-8.65 wrist_flex.pos=+100.13 wrist_roll.pos=+1.86 gripper.pos=+16.46
DEBUG 2026-08-19 04:37:09 [action #222] t=9.46s step=978 queue=15 dmax=4.252 | shoulder_pan.pos=+16.82 shoulder_lift.pos=-12.92 elbow_flex.pos=-7.19 wrist_flex.pos=+99.92 wrist_roll.pos=+2.26 gripper.pos=+12.21
DEBUG 2026-08-19 04:37:09 [action #223] t=9.50s step=979 queue=14 dmax=3.666 | shoulder_pan.pos=+15.99 shoulder_lift.pos=-14.25 elbow_flex.pos=-5.60 wrist_flex.pos=+99.39 wrist_roll.pos=+2.63 gripper.pos=+8.55
DEBUG 2026-08-19 04:37:09 [action #224] t=9.53s step=980 queue=13 dmax=3.098 | shoulder_pan.pos=+15.14 shoulder_lift.pos=-15.64 elbow_flex.pos=-3.64 wrist_flex.pos=+99.36 wrist_roll.pos=+2.93 gripper.pos=+5.45
DEBUG 2026-08-19 04:37:09 [action #225] t=9.57s step=981 queue=12 dmax=2.439 | shoulder_pan.pos=+13.89 shoulder_lift.pos=-17.91 elbow_flex.pos=-1.20 wrist_flex.pos=+98.49 wrist_roll.pos=+3.29 gripper.pos=+3.09
DEBUG 2026-08-19 04:37:09 [action #226] t=9.60s step=982 queue=11 dmax=2.423 | shoulder_pan.pos=+12.99 shoulder_lift.pos=-20.33 elbow_flex.pos=+0.64 wrist_flex.pos=+97.95 wrist_roll.pos=+3.29 gripper.pos=+1.15
DEBUG 2026-08-19 04:37:09 [action #227] t=9.63s step=983 queue=10 dmax=2.334 | shoulder_pan.pos=+11.57 shoulder_lift.pos=-22.60 elbow_flex.pos=+2.98 wrist_flex.pos=+97.10 wrist_roll.pos=+3.45 gripper.pos=+0.18
DEBUG 2026-08-19 04:37:09 [action #228] t=9.67s step=984 queue=9 dmax=2.237 | shoulder_pan.pos=+10.25 shoulder_lift.pos=-24.84 elbow_flex.pos=+5.17 wrist_flex.pos=+96.12 wrist_roll.pos=+3.49 gripper.pos=-0.66
DEBUG 2026-08-19 04:37:09 [action #229] t=9.70s step=985 queue=8 dmax=2.448 | shoulder_pan.pos=+9.20 shoulder_lift.pos=-26.92 elbow_flex.pos=+7.62 wrist_flex.pos=+95.22 wrist_roll.pos=+3.53 gripper.pos=-0.69
DEBUG 2026-08-19 04:37:09 [action #230] t=9.73s step=986 queue=7 dmax=2.468 | shoulder_pan.pos=+8.18 shoulder_lift.pos=-28.75 elbow_flex.pos=+10.09 wrist_flex.pos=+94.26 wrist_roll.pos=+3.76 gripper.pos=-1.28
DEBUG 2026-08-19 04:37:09 [action #231] t=9.77s step=987 queue=6 dmax=2.476 | shoulder_pan.pos=+7.03 shoulder_lift.pos=-31.23 elbow_flex.pos=+11.92 wrist_flex.pos=+93.25 wrist_roll.pos=+3.68 gripper.pos=-1.40
DEBUG 2026-08-19 04:37:09 [action #232] t=9.80s step=988 queue=5 dmax=2.784 | shoulder_pan.pos=+6.06 shoulder_lift.pos=-34.01 elbow_flex.pos=+14.30 wrist_flex.pos=+92.35 wrist_roll.pos=+3.73 gripper.pos=-1.69
DEBUG 2026-08-19 04:37:09 [action #233] t=9.83s step=989 queue=4 dmax=2.879 | shoulder_pan.pos=+4.95 shoulder_lift.pos=-36.89 elbow_flex.pos=+16.62 wrist_flex.pos=+91.32 wrist_roll.pos=+3.80 gripper.pos=-1.92
DEBUG 2026-08-19 04:37:09 [action #234] t=9.87s step=990 queue=3 dmax=2.286 | shoulder_pan.pos=+3.94 shoulder_lift.pos=-39.18 elbow_flex.pos=+18.90 wrist_flex.pos=+90.35 wrist_roll.pos=+3.84 gripper.pos=-2.19
DEBUG 2026-08-19 04:37:09 [action #235] t=9.90s step=991 queue=2 dmax=2.832 | shoulder_pan.pos=+2.60 shoulder_lift.pos=-41.92 elbow_flex.pos=+21.73 wrist_flex.pos=+89.37 wrist_roll.pos=+4.05 gripper.pos=-2.27
DEBUG 2026-08-19 04:37:09 [action #236] t=9.93s step=992 queue=1 dmax=2.046 | shoulder_pan.pos=+1.95 shoulder_lift.pos=-43.97 elbow_flex.pos=+23.53 wrist_flex.pos=+88.58 wrist_roll.pos=+3.88 gripper.pos=-2.42
DEBUG 2026-08-19 04:37:09 [chunk] received 50 actions, timesteps 969..1018 | first: shoulder_pan.pos=+24.70 shoulder_lift.pos=+5.81 elbow_flex.pos=-25.00 wrist_flex.pos=+102.04 wrist_roll.pos=+0.84 gripper.pos=+37.82 | last: shoulder_pan.pos=-4.44 shoulder_lift.pos=-97.22 elbow_flex.pos=+65.89 wrist_flex.pos=+76.63 wrist_roll.pos=+3.66 gripper.pos=+0.57
DEBUG 2026-08-19 04:37:09 [action #237] t=10.00s step=993 queue=26 dmax=5.143 | shoulder_pan.pos=+7.10 shoulder_lift.pos=-43.59 elbow_flex.pos=+19.85 wrist_flex.pos=+91.32 wrist_roll.pos=+3.44 gripper.pos=+2.51
DEBUG 2026-08-19 04:37:10 [action #238] t=10.03s step=994 queue=25 dmax=3.382 | shoulder_pan.pos=+6.24 shoulder_lift.pos=-46.48 elbow_flex.pos=+23.23 wrist_flex.pos=+90.18 wrist_roll.pos=+3.59 gripper.pos=+2.29
DEBUG 2026-08-19 04:37:10 [action #239] t=10.07s step=995 queue=24 dmax=2.361 | shoulder_pan.pos=+5.71 shoulder_lift.pos=-48.84 elbow_flex.pos=+25.11 wrist_flex.pos=+88.76 wrist_roll.pos=+3.88 gripper.pos=+1.80
DEBUG 2026-08-19 04:37:10 [action #240] t=10.10s step=996 queue=23 dmax=2.838 | shoulder_pan.pos=+4.39 shoulder_lift.pos=-51.49 elbow_flex.pos=+27.95 wrist_flex.pos=+87.79 wrist_roll.pos=+3.55 gripper.pos=+1.37
DEBUG 2026-08-19 04:37:10 [action #241] t=10.13s step=997 queue=22 dmax=2.321 | shoulder_pan.pos=+3.55 shoulder_lift.pos=-53.81 elbow_flex.pos=+30.18 wrist_flex.pos=+86.91 wrist_roll.pos=+3.49 gripper.pos=+0.92
DEBUG 2026-08-19 04:37:10 [action #242] t=10.17s step=998 queue=21 dmax=2.958 | shoulder_pan.pos=+2.50 shoulder_lift.pos=-56.77 elbow_flex.pos=+32.85 wrist_flex.pos=+86.01 wrist_roll.pos=+3.47 gripper.pos=+0.57
DEBUG 2026-08-19 04:37:10 [action #243] t=10.20s step=999 queue=20 dmax=2.346 | shoulder_pan.pos=+1.95 shoulder_lift.pos=-59.12 elbow_flex.pos=+34.02 wrist_flex.pos=+85.49 wrist_roll.pos=+3.53 gripper.pos=+0.30
DEBUG 2026-08-19 04:37:10 [action #244] t=10.23s step=1000 queue=19 dmax=2.289 | shoulder_pan.pos=+0.61 shoulder_lift.pos=-61.34 elbow_flex.pos=+36.31 wrist_flex.pos=+84.82 wrist_roll.pos=+3.63 gripper.pos=-0.06
DEBUG 2026-08-19 04:37:10 [action #245] t=10.27s step=1001 queue=18 dmax=2.594 | shoulder_pan.pos=+0.20 shoulder_lift.pos=-63.94 elbow_flex.pos=+38.06 wrist_flex.pos=+84.30 wrist_roll.pos=+3.57 gripper.pos=-0.28
DEBUG 2026-08-19 04:37:10 [action #246] t=10.30s step=1002 queue=17 dmax=2.298 | shoulder_pan.pos=-0.44 shoulder_lift.pos=-66.23 elbow_flex.pos=+40.19 wrist_flex.pos=+83.91 wrist_roll.pos=+3.61 gripper.pos=-0.29
DEBUG 2026-08-19 04:37:10 [action #247] t=10.33s step=1003 queue=16 dmax=2.591 | shoulder_pan.pos=-0.54 shoulder_lift.pos=-68.83 elbow_flex.pos=+41.94 wrist_flex.pos=+83.69 wrist_roll.pos=+3.75 gripper.pos=-0.37
DEBUG 2026-08-19 04:37:10 [action #248] t=10.37s step=1004 queue=15 dmax=1.919 | shoulder_pan.pos=-1.14 shoulder_lift.pos=-70.74 elbow_flex.pos=+43.72 wrist_flex.pos=+83.52 wrist_roll.pos=+3.58 gripper.pos=-0.12
DEBUG 2026-08-19 04:37:10 [action #249] t=10.40s step=1005 queue=14 dmax=3.060 | shoulder_pan.pos=-1.59 shoulder_lift.pos=-73.80 elbow_flex.pos=+45.40 wrist_flex.pos=+83.17 wrist_roll.pos=+3.72 gripper.pos=+0.05
DEBUG 2026-08-19 04:37:10 [action #250] t=10.43s step=1006 queue=13 dmax=1.949 | shoulder_pan.pos=-2.10 shoulder_lift.pos=-75.75 elbow_flex.pos=+46.93 wrist_flex.pos=+82.61 wrist_roll.pos=+3.62 gripper.pos=+0.17
DEBUG 2026-08-19 04:37:10 [action #251] t=10.47s step=1007 queue=12 dmax=2.399 | shoulder_pan.pos=-2.58 shoulder_lift.pos=-78.15 elbow_flex.pos=+48.82 wrist_flex.pos=+82.26 wrist_roll.pos=+3.69 gripper.pos=+0.22
DEBUG 2026-08-19 04:37:10 [action #252] t=10.50s step=1008 queue=11 dmax=1.542 | shoulder_pan.pos=-2.88 shoulder_lift.pos=-79.69 elbow_flex.pos=+49.52 wrist_flex.pos=+82.13 wrist_roll.pos=+3.76 gripper.pos=+0.22
DEBUG 2026-08-19 04:37:10 [action #253] t=10.53s step=1009 queue=10 dmax=2.456 | shoulder_pan.pos=-3.15 shoulder_lift.pos=-82.15 elbow_flex.pos=+51.64 wrist_flex.pos=+81.62 wrist_roll.pos=+3.62 gripper.pos=+0.28
DEBUG 2026-08-19 04:37:10 [action #254] t=10.57s step=1010 queue=9 dmax=1.816 | shoulder_pan.pos=-3.43 shoulder_lift.pos=-83.97 elbow_flex.pos=+53.42 wrist_flex.pos=+81.10 wrist_roll.pos=+3.65 gripper.pos=+0.45
DEBUG 2026-08-19 04:37:10 [action #255] t=10.60s step=1011 queue=8 dmax=1.859 | shoulder_pan.pos=-3.56 shoulder_lift.pos=-85.82 elbow_flex.pos=+54.19 wrist_flex.pos=+81.06 wrist_roll.pos=+3.69 gripper.pos=+0.55
DEBUG 2026-08-19 04:37:10 [action #256] t=10.63s step=1012 queue=7 dmax=1.754 | shoulder_pan.pos=-4.12 shoulder_lift.pos=-87.35 elbow_flex.pos=+55.95 wrist_flex.pos=+80.75 wrist_roll.pos=+3.81 gripper.pos=+0.58
DEBUG 2026-08-19 04:37:10 [action #257] t=10.67s step=1013 queue=6 dmax=1.688 | shoulder_pan.pos=-4.25 shoulder_lift.pos=-89.03 elbow_flex.pos=+57.47 wrist_flex.pos=+80.12 wrist_roll.pos=+3.65 gripper.pos=+0.39
DEBUG 2026-08-19 04:37:10 [action #258] t=10.70s step=1014 queue=5 dmax=1.819 | shoulder_pan.pos=-4.32 shoulder_lift.pos=-90.85 elbow_flex.pos=+58.75 wrist_flex.pos=+79.66 wrist_roll.pos=+3.77 gripper.pos=+0.50
DEBUG 2026-08-19 04:37:10 [action #259] t=10.74s step=1015 queue=4 dmax=1.779 | shoulder_pan.pos=-4.53 shoulder_lift.pos=-92.63 elbow_flex.pos=+60.18 wrist_flex.pos=+78.89 wrist_roll.pos=+3.70 gripper.pos=+0.50
DEBUG 2026-08-19 04:37:10 [action #260] t=10.77s step=1016 queue=3 dmax=1.826 | shoulder_pan.pos=-4.54 shoulder_lift.pos=-94.46 elbow_flex.pos=+61.87 wrist_flex.pos=+78.00 wrist_roll.pos=+3.72 gripper.pos=+0.57
DEBUG 2026-08-19 04:37:10 [action #261] t=10.80s step=1017 queue=2 dmax=2.781 | shoulder_pan.pos=-4.64 shoulder_lift.pos=-95.75 elbow_flex.pos=+64.66 wrist_flex.pos=+77.01 wrist_roll.pos=+3.70 gripper.pos=+0.70
DEBUG 2026-08-19 04:37:10 [action #262] t=10.84s step=1018 queue=1 dmax=1.472 | shoulder_pan.pos=-4.44 shoulder_lift.pos=-97.22 elbow_flex.pos=+65.89 wrist_flex.pos=+76.63 wrist_roll.pos=+3.66 gripper.pos=+0.57
DEBUG 2026-08-19 04:37:10 [chunk] received 50 actions, timesteps 992..1041 | first: shoulder_pan.pos=+2.95 shoulder_lift.pos=-44.51 elbow_flex.pos=+25.66 wrist_flex.pos=+86.03 wrist_roll.pos=+3.26 gripper.pos=+0.25 | last: shoulder_pan.pos=-3.59 shoulder_lift.pos=-104.67 elbow_flex.pos=+82.54 wrist_flex.pos=+77.34 wrist_roll.pos=-0.99 gripper.pos=+1.06
DEBUG 2026-08-19 04:37:10 [action #263] t=10.94s step=1019 queue=23 dmax=8.678 | shoulder_pan.pos=-3.59 shoulder_lift.pos=-88.54 elbow_flex.pos=+69.22 wrist_flex.pos=+70.69 wrist_roll.pos=-1.28 gripper.pos=+0.90
DEBUG 2026-08-19 04:37:10 [action #264] t=10.97s step=1020 queue=22 dmax=2.007 | shoulder_pan.pos=-3.53 shoulder_lift.pos=-90.55 elbow_flex.pos=+70.68 wrist_flex.pos=+70.77 wrist_roll.pos=-1.25 gripper.pos=+0.75
DEBUG 2026-08-19 04:37:11 [action #265] t=11.00s step=1021 queue=21 dmax=2.080 | shoulder_pan.pos=-3.71 shoulder_lift.pos=-92.63 elbow_flex.pos=+71.45 wrist_flex.pos=+71.09 wrist_roll.pos=-1.23 gripper.pos=+0.83
DEBUG 2026-08-19 04:37:11 [action #266] t=11.04s step=1022 queue=20 dmax=1.576 | shoulder_pan.pos=-3.63 shoulder_lift.pos=-94.21 elbow_flex.pos=+72.13 wrist_flex.pos=+71.27 wrist_roll.pos=-1.16 gripper.pos=+0.93
DEBUG 2026-08-19 04:37:11 [action #267] t=11.07s step=1023 queue=19 dmax=1.590 | shoulder_pan.pos=-3.66 shoulder_lift.pos=-95.80 elbow_flex.pos=+73.02 wrist_flex.pos=+71.60 wrist_roll.pos=-1.20 gripper.pos=+0.85
DEBUG 2026-08-19 04:37:11 [action #268] t=11.10s step=1024 queue=18 dmax=1.053 | shoulder_pan.pos=-3.50 shoulder_lift.pos=-96.85 elbow_flex.pos=+73.42 wrist_flex.pos=+72.06 wrist_roll.pos=-1.06 gripper.pos=+0.83
DEBUG 2026-08-19 04:37:11 [action #269] t=11.14s step=1025 queue=17 dmax=1.731 | shoulder_pan.pos=-3.46 shoulder_lift.pos=-98.58 elbow_flex.pos=+74.08 wrist_flex.pos=+72.68 wrist_roll.pos=-1.12 gripper.pos=+0.79
DEBUG 2026-08-19 04:37:11 [action #270] t=11.17s step=1026 queue=16 dmax=0.987 | shoulder_pan.pos=-3.31 shoulder_lift.pos=-99.18 elbow_flex.pos=+74.57 wrist_flex.pos=+73.66 wrist_roll.pos=-1.15 gripper.pos=+0.92
DEBUG 2026-08-19 04:37:11 [action #271] t=11.20s step=1027 queue=15 dmax=1.463 | shoulder_pan.pos=-3.02 shoulder_lift.pos=-100.64 elbow_flex.pos=+74.92 wrist_flex.pos=+74.31 wrist_roll.pos=-1.13 gripper.pos=+1.00
DEBUG 2026-08-19 04:37:11 [action #272] t=11.24s step=1028 queue=14 dmax=0.921 | shoulder_pan.pos=-2.87 shoulder_lift.pos=-101.33 elbow_flex.pos=+75.42 wrist_flex.pos=+75.23 wrist_roll.pos=-1.02 gripper.pos=+0.98
DEBUG 2026-08-19 04:37:11 [action #273] t=11.27s step=1029 queue=13 dmax=0.655 | shoulder_pan.pos=-2.92 shoulder_lift.pos=-101.35 elbow_flex.pos=+76.08 wrist_flex.pos=+75.53 wrist_roll.pos=-0.91 gripper.pos=+0.94
DEBUG 2026-08-19 04:37:11 [action #274] t=11.30s step=1030 queue=12 dmax=0.677 | shoulder_pan.pos=-3.11 shoulder_lift.pos=-101.07 elbow_flex.pos=+75.58 wrist_flex.pos=+76.21 wrist_roll.pos=-0.92 gripper.pos=+1.18
DEBUG 2026-08-19 04:37:11 [action #275] t=11.34s step=1031 queue=11 dmax=0.682 | shoulder_pan.pos=-3.26 shoulder_lift.pos=-100.99 elbow_flex.pos=+76.26 wrist_flex.pos=+76.32 wrist_roll.pos=-1.09 gripper.pos=+1.00
DEBUG 2026-08-19 04:37:11 [action #276] t=11.37s step=1032 queue=10 dmax=1.240 | shoulder_pan.pos=-2.85 shoulder_lift.pos=-102.10 elbow_flex.pos=+77.50 wrist_flex.pos=+76.46 wrist_roll.pos=-0.95 gripper.pos=+0.98
DEBUG 2026-08-19 04:37:11 [action #277] t=11.40s step=1033 queue=9 dmax=1.237 | shoulder_pan.pos=-3.35 shoulder_lift.pos=-100.86 elbow_flex.pos=+77.52 wrist_flex.pos=+76.09 wrist_roll.pos=-0.98 gripper.pos=+1.03
DEBUG 2026-08-19 04:37:11 [action #278] t=11.44s step=1034 queue=8 dmax=1.343 | shoulder_pan.pos=-2.93 shoulder_lift.pos=-101.94 elbow_flex.pos=+78.87 wrist_flex.pos=+76.26 wrist_roll.pos=-0.92 gripper.pos=+0.84
DEBUG 2026-08-19 04:37:11 [action #279] t=11.47s step=1035 queue=7 dmax=0.943 | shoulder_pan.pos=-3.22 shoulder_lift.pos=-102.47 elbow_flex.pos=+79.81 wrist_flex.pos=+76.16 wrist_roll.pos=-0.97 gripper.pos=+1.00
DEBUG 2026-08-19 04:37:11 [action #280] t=11.50s step=1036 queue=6 dmax=0.599 | shoulder_pan.pos=-3.07 shoulder_lift.pos=-102.57 elbow_flex.pos=+80.41 wrist_flex.pos=+76.29 wrist_roll.pos=-0.99 gripper.pos=+0.92
DEBUG 2026-08-19 04:37:11 [action #281] t=11.54s step=1037 queue=5 dmax=0.398 | shoulder_pan.pos=-3.46 shoulder_lift.pos=-102.58 elbow_flex.pos=+80.41 wrist_flex.pos=+76.42 wrist_roll.pos=-0.87 gripper.pos=+0.89
DEBUG 2026-08-19 04:37:11 [action #282] t=11.57s step=1038 queue=4 dmax=0.790 | shoulder_pan.pos=-3.48 shoulder_lift.pos=-103.23 elbow_flex.pos=+81.20 wrist_flex.pos=+76.58 wrist_roll.pos=-0.97 gripper.pos=+0.79
DEBUG 2026-08-19 04:37:11 [action #283] t=11.61s step=1039 queue=3 dmax=1.150 | shoulder_pan.pos=-3.57 shoulder_lift.pos=-103.97 elbow_flex.pos=+82.35 wrist_flex.pos=+76.78 wrist_roll.pos=-1.01 gripper.pos=+0.89
DEBUG 2026-08-19 04:37:11 [action #284] t=11.64s step=1040 queue=2 dmax=0.806 | shoulder_pan.pos=-3.51 shoulder_lift.pos=-104.78 elbow_flex.pos=+82.85 wrist_flex.pos=+77.23 wrist_roll.pos=-0.91 gripper.pos=+0.89
DEBUG 2026-08-19 04:37:11 [action #285] t=11.67s step=1041 queue=1 dmax=0.311 | shoulder_pan.pos=-3.59 shoulder_lift.pos=-104.67 elbow_flex.pos=+82.54 wrist_flex.pos=+77.34 wrist_roll.pos=-0.99 gripper.pos=+1.06
DEBUG 2026-08-19 04:37:11 [chunk] received 50 actions, timesteps 1018..1067 | first: shoulder_pan.pos=-3.98 shoulder_lift.pos=-98.18 elbow_flex.pos=+66.18 wrist_flex.pos=+78.63 wrist_roll.pos=+4.19 gripper.pos=+0.56 | last: shoulder_pan.pos=-0.13 shoulder_lift.pos=-102.07 elbow_flex.pos=+87.48 wrist_flex.pos=+79.49 wrist_roll.pos=-2.73 gripper.pos=+0.63
DEBUG 2026-08-19 04:37:11 [action #286] t=11.74s step=1042 queue=26 dmax=3.404 | shoulder_pan.pos=-3.21 shoulder_lift.pos=-101.27 elbow_flex.pos=+84.94 wrist_flex.pos=+79.94 wrist_roll.pos=-2.98 gripper.pos=+0.77
DEBUG 2026-08-19 04:37:11 [action #287] t=11.77s step=1043 queue=25 dmax=0.289 | shoulder_pan.pos=-3.08 shoulder_lift.pos=-101.56 elbow_flex.pos=+85.23 wrist_flex.pos=+80.20 wrist_roll.pos=-2.75 gripper.pos=+0.79
DEBUG 2026-08-19 04:37:11 [action #288] t=11.81s step=1044 queue=24 dmax=0.263 | shoulder_pan.pos=-2.97 shoulder_lift.pos=-101.82 elbow_flex.pos=+85.31 wrist_flex.pos=+80.27 wrist_roll.pos=-2.48 gripper.pos=+0.68
DEBUG 2026-08-19 04:37:11 [action #289] t=11.84s step=1045 queue=23 dmax=0.614 | shoulder_pan.pos=-2.42 shoulder_lift.pos=-101.73 elbow_flex.pos=+85.93 wrist_flex.pos=+80.04 wrist_roll.pos=-2.43 gripper.pos=+0.64
DEBUG 2026-08-19 04:37:11 [action #290] t=11.87s step=1046 queue=22 dmax=0.614 | shoulder_pan.pos=-2.48 shoulder_lift.pos=-102.34 elbow_flex.pos=+86.24 wrist_flex.pos=+80.17 wrist_roll.pos=-2.39 gripper.pos=+0.68
DEBUG 2026-08-19 04:37:11 [action #291] t=11.91s step=1047 queue=21 dmax=1.033 | shoulder_pan.pos=-2.65 shoulder_lift.pos=-101.31 elbow_flex.pos=+85.42 wrist_flex.pos=+80.11 wrist_roll.pos=-2.47 gripper.pos=+0.68
DEBUG 2026-08-19 04:37:11 [action #292] t=11.94s step=1048 queue=20 dmax=0.530 | shoulder_pan.pos=-2.63 shoulder_lift.pos=-101.60 elbow_flex.pos=+85.94 wrist_flex.pos=+79.81 wrist_roll.pos=-2.46 gripper.pos=+0.66
DEBUG 2026-08-19 04:37:11 [action #293] t=11.97s step=1049 queue=19 dmax=0.187 | shoulder_pan.pos=-2.71 shoulder_lift.pos=-101.79 elbow_flex.pos=+85.92 wrist_flex.pos=+79.80 wrist_roll.pos=-2.45 gripper.pos=+0.69
DEBUG 2026-08-19 04:37:12 [action #294] t=12.01s step=1050 queue=18 dmax=0.406 | shoulder_pan.pos=-2.31 shoulder_lift.pos=-101.94 elbow_flex.pos=+86.27 wrist_flex.pos=+79.99 wrist_roll.pos=-2.39 gripper.pos=+0.68
DEBUG 2026-08-19 04:37:12 [action #295] t=12.04s step=1051 queue=17 dmax=0.422 | shoulder_pan.pos=-2.36 shoulder_lift.pos=-101.51 elbow_flex.pos=+86.18 wrist_flex.pos=+79.62 wrist_roll.pos=-2.32 gripper.pos=+0.69
DEBUG 2026-08-19 04:37:12 [action #296] t=12.07s step=1052 queue=16 dmax=0.254 | shoulder_pan.pos=-2.11 shoulder_lift.pos=-101.55 elbow_flex.pos=+85.97 wrist_flex.pos=+79.71 wrist_roll.pos=-2.25 gripper.pos=+0.68
DEBUG 2026-08-19 04:37:12 [action #297] t=12.11s step=1053 queue=15 dmax=0.403 | shoulder_pan.pos=-1.88 shoulder_lift.pos=-101.49 elbow_flex.pos=+86.37 wrist_flex.pos=+79.79 wrist_roll.pos=-2.23 gripper.pos=+0.70
DEBUG 2026-08-19 04:37:12 [action #298] t=12.14s step=1054 queue=14 dmax=0.295 | shoulder_pan.pos=-1.71 shoulder_lift.pos=-101.78 elbow_flex.pos=+86.19 wrist_flex.pos=+79.73 wrist_roll.pos=-2.32 gripper.pos=+0.68
DEBUG 2026-08-19 04:37:12 [action #299] t=12.17s step=1055 queue=13 dmax=0.493 | shoulder_pan.pos=-1.41 shoulder_lift.pos=-102.06 elbow_flex.pos=+86.68 wrist_flex.pos=+79.64 wrist_roll.pos=-2.35 gripper.pos=+0.67
DEBUG 2026-08-19 04:37:12 [action #300] t=12.21s step=1056 queue=12 dmax=0.218 | shoulder_pan.pos=-1.23 shoulder_lift.pos=-102.28 elbow_flex.pos=+86.67 wrist_flex.pos=+79.63 wrist_roll.pos=-2.43 gripper.pos=+0.79
DEBUG 2026-08-19 04:37:12 [action #301] t=12.24s step=1057 queue=11 dmax=0.578 | shoulder_pan.pos=-1.06 shoulder_lift.pos=-102.61 elbow_flex.pos=+86.10 wrist_flex.pos=+79.41 wrist_roll.pos=-2.50 gripper.pos=+0.77
DEBUG 2026-08-19 04:37:12 [action #302] t=12.27s step=1058 queue=10 dmax=0.877 | shoulder_pan.pos=-0.89 shoulder_lift.pos=-101.73 elbow_flex.pos=+85.99 wrist_flex.pos=+79.63 wrist_roll.pos=-2.64 gripper.pos=+0.83
DEBUG 2026-08-19 04:37:12 [action #303] t=12.31s step=1059 queue=9 dmax=0.293 | shoulder_pan.pos=-0.78 shoulder_lift.pos=-101.50 elbow_flex.pos=+86.29 wrist_flex.pos=+79.44 wrist_roll.pos=-2.64 gripper.pos=+0.66
DEBUG 2026-08-19 04:37:12 [action #304] t=12.34s step=1060 queue=8 dmax=0.851 | shoulder_pan.pos=-0.67 shoulder_lift.pos=-102.36 elbow_flex.pos=+86.70 wrist_flex.pos=+79.53 wrist_roll.pos=-2.73 gripper.pos=+0.85
DEBUG 2026-08-19 04:37:12 [action #305] t=12.37s step=1061 queue=7 dmax=0.814 | shoulder_pan.pos=-0.75 shoulder_lift.pos=-101.54 elbow_flex.pos=+86.69 wrist_flex.pos=+79.73 wrist_roll.pos=-2.85 gripper.pos=+0.94
DEBUG 2026-08-19 04:37:12 [action #306] t=12.41s step=1062 queue=6 dmax=0.818 | shoulder_pan.pos=-0.68 shoulder_lift.pos=-102.36 elbow_flex.pos=+87.30 wrist_flex.pos=+79.73 wrist_roll.pos=-2.97 gripper.pos=+0.65
DEBUG 2026-08-19 04:37:12 [action #307] t=12.44s step=1063 queue=5 dmax=0.190 | shoulder_pan.pos=-0.57 shoulder_lift.pos=-102.42 elbow_flex.pos=+87.35 wrist_flex.pos=+79.71 wrist_roll.pos=-2.95 gripper.pos=+0.84
DEBUG 2026-08-19 04:37:12 [action #308] t=12.47s step=1064 queue=4 dmax=0.776 | shoulder_pan.pos=-0.55 shoulder_lift.pos=-101.64 elbow_flex.pos=+86.78 wrist_flex.pos=+79.65 wrist_roll.pos=-2.92 gripper.pos=+0.60
DEBUG 2026-08-19 04:37:12 [action #309] t=12.51s step=1065 queue=3 dmax=0.589 | shoulder_pan.pos=-0.32 shoulder_lift.pos=-102.10 elbow_flex.pos=+87.37 wrist_flex.pos=+79.69 wrist_roll.pos=-2.96 gripper.pos=+0.72
DEBUG 2026-08-19 04:37:12 [action #310] t=12.54s step=1066 queue=2 dmax=0.198 | shoulder_pan.pos=-0.24 shoulder_lift.pos=-102.11 elbow_flex.pos=+87.56 wrist_flex.pos=+79.63 wrist_roll.pos=-2.85 gripper.pos=+0.68
DEBUG 2026-08-19 04:37:12 [action #311] t=12.58s step=1067 queue=1 dmax=0.142 | shoulder_pan.pos=-0.13 shoulder_lift.pos=-102.07 elbow_flex.pos=+87.48 wrist_flex.pos=+79.49 wrist_roll.pos=-2.73 gripper.pos=+0.63
DEBUG 2026-08-19 04:37:12 [chunk] received 50 actions, timesteps 1041..1090 | first: shoulder_pan.pos=-3.37 shoulder_lift.pos=-102.03 elbow_flex.pos=+85.43 wrist_flex.pos=+77.77 wrist_roll.pos=-0.29 gripper.pos=+0.54 | last: shoulder_pan.pos=-1.94 shoulder_lift.pos=-102.86 elbow_flex.pos=+88.05 wrist_flex.pos=+77.75 wrist_roll.pos=-0.28 gripper.pos=+0.73
DEBUG 2026-08-19 04:37:12 [action #312] t=12.64s step=1068 queue=23 dmax=2.570 | shoulder_pan.pos=-2.44 shoulder_lift.pos=-102.58 elbow_flex.pos=+87.52 wrist_flex.pos=+77.89 wrist_roll.pos=-0.16 gripper.pos=+0.74
DEBUG 2026-08-19 04:37:12 [action #313] t=12.68s step=1069 queue=22 dmax=0.146 | shoulder_pan.pos=-2.29 shoulder_lift.pos=-102.71 elbow_flex.pos=+87.62 wrist_flex.pos=+77.78 wrist_roll.pos=-0.16 gripper.pos=+0.85
DEBUG 2026-08-19 04:37:12 [action #314] t=12.71s step=1070 queue=21 dmax=0.351 | shoulder_pan.pos=-2.17 shoulder_lift.pos=-103.06 elbow_flex.pos=+87.41 wrist_flex.pos=+77.93 wrist_roll.pos=-0.13 gripper.pos=+0.86
DEBUG 2026-08-19 04:37:12 [action #315] t=12.74s step=1071 queue=20 dmax=0.691 | shoulder_pan.pos=-1.84 shoulder_lift.pos=-102.37 elbow_flex.pos=+87.15 wrist_flex.pos=+77.75 wrist_roll.pos=-0.17 gripper.pos=+0.82
DEBUG 2026-08-19 04:37:12 [action #316] t=12.78s step=1072 queue=19 dmax=0.755 | shoulder_pan.pos=-1.82 shoulder_lift.pos=-102.32 elbow_flex.pos=+87.90 wrist_flex.pos=+77.81 wrist_roll.pos=-0.21 gripper.pos=+0.78
DEBUG 2026-08-19 04:37:12 [action #317] t=12.81s step=1073 queue=18 dmax=0.463 | shoulder_pan.pos=-1.69 shoulder_lift.pos=-102.78 elbow_flex.pos=+88.23 wrist_flex.pos=+77.85 wrist_roll.pos=-0.17 gripper.pos=+0.85
DEBUG 2026-08-19 04:37:12 [action #318] t=12.84s step=1074 queue=17 dmax=0.436 | shoulder_pan.pos=-1.62 shoulder_lift.pos=-102.35 elbow_flex.pos=+87.99 wrist_flex.pos=+77.80 wrist_roll.pos=-0.12 gripper.pos=+0.84
DEBUG 2026-08-19 04:37:12 [action #319] t=12.88s step=1075 queue=16 dmax=0.430 | shoulder_pan.pos=-1.69 shoulder_lift.pos=-102.78 elbow_flex.pos=+88.03 wrist_flex.pos=+77.84 wrist_roll.pos=-0.13 gripper.pos=+0.75
DEBUG 2026-08-19 04:37:12 [action #320] t=12.91s step=1076 queue=15 dmax=0.455 | shoulder_pan.pos=-1.85 shoulder_lift.pos=-102.32 elbow_flex.pos=+87.67 wrist_flex.pos=+77.74 wrist_roll.pos=-0.14 gripper.pos=+0.90
DEBUG 2026-08-19 04:37:12 [action #321] t=12.94s step=1077 queue=14 dmax=0.605 | shoulder_pan.pos=-1.72 shoulder_lift.pos=-102.93 elbow_flex.pos=+88.24 wrist_flex.pos=+77.86 wrist_roll.pos=-0.15 gripper.pos=+0.78
DEBUG 2026-08-19 04:37:12 [action #322] t=12.98s step=1078 queue=13 dmax=0.364 | shoulder_pan.pos=-1.76 shoulder_lift.pos=-102.56 elbow_flex.pos=+88.00 wrist_flex.pos=+77.83 wrist_roll.pos=-0.16 gripper.pos=+0.80
DEBUG 2026-08-19 04:37:13 [action #323] t=13.01s step=1079 queue=12 dmax=0.161 | shoulder_pan.pos=-1.92 shoulder_lift.pos=-102.56 elbow_flex.pos=+88.10 wrist_flex.pos=+77.83 wrist_roll.pos=-0.21 gripper.pos=+0.72
DEBUG 2026-08-19 04:37:13 [action #324] t=13.04s step=1080 queue=11 dmax=0.221 | shoulder_pan.pos=-1.84 shoulder_lift.pos=-102.78 elbow_flex.pos=+88.05 wrist_flex.pos=+77.92 wrist_roll.pos=-0.17 gripper.pos=+0.71
DEBUG 2026-08-19 04:37:13 [action #325] t=13.08s step=1081 queue=10 dmax=0.300 | shoulder_pan.pos=-1.93 shoulder_lift.pos=-102.48 elbow_flex.pos=+87.91 wrist_flex.pos=+77.73 wrist_roll.pos=-0.20 gripper.pos=+0.69
DEBUG 2026-08-19 04:37:13 [action #326] t=13.11s step=1082 queue=9 dmax=0.409 | shoulder_pan.pos=-1.89 shoulder_lift.pos=-102.78 elbow_flex.pos=+88.32 wrist_flex.pos=+77.83 wrist_roll.pos=-0.17 gripper.pos=+0.82
DEBUG 2026-08-19 04:37:13 [action #327] t=13.14s step=1083 queue=8 dmax=0.236 | shoulder_pan.pos=-1.81 shoulder_lift.pos=-102.66 elbow_flex.pos=+88.56 wrist_flex.pos=+77.72 wrist_roll.pos=-0.18 gripper.pos=+0.77
DEBUG 2026-08-19 04:37:13 [action #328] t=13.18s step=1084 queue=7 dmax=0.157 | shoulder_pan.pos=-1.81 shoulder_lift.pos=-102.82 elbow_flex.pos=+88.57 wrist_flex.pos=+77.74 wrist_roll.pos=-0.17 gripper.pos=+0.74
DEBUG 2026-08-19 04:37:13 [action #329] t=13.21s step=1085 queue=6 dmax=0.209 | shoulder_pan.pos=-1.83 shoulder_lift.pos=-102.61 elbow_flex.pos=+88.36 wrist_flex.pos=+77.70 wrist_roll.pos=-0.24 gripper.pos=+0.58
DEBUG 2026-08-19 04:37:13 [action #330] t=13.24s step=1086 queue=5 dmax=0.186 | shoulder_pan.pos=-1.88 shoulder_lift.pos=-102.80 elbow_flex.pos=+88.25 wrist_flex.pos=+77.72 wrist_roll.pos=-0.26 gripper.pos=+0.64
DEBUG 2026-08-19 04:37:13 [action #331] t=13.28s step=1087 queue=4 dmax=0.284 | shoulder_pan.pos=-1.93 shoulder_lift.pos=-102.52 elbow_flex.pos=+88.34 wrist_flex.pos=+77.78 wrist_roll.pos=-0.25 gripper.pos=+0.73
DEBUG 2026-08-19 04:37:13 [action #332] t=13.31s step=1088 queue=3 dmax=0.205 | shoulder_pan.pos=-2.00 shoulder_lift.pos=-102.66 elbow_flex.pos=+88.13 wrist_flex.pos=+77.81 wrist_roll.pos=-0.20 gripper.pos=+0.66
DEBUG 2026-08-19 04:37:13 [action #333] t=13.34s step=1089 queue=2 dmax=0.117 | shoulder_pan.pos=-1.95 shoulder_lift.pos=-102.72 elbow_flex.pos=+88.25 wrist_flex.pos=+77.71 wrist_roll.pos=-0.25 gripper.pos=+0.56
DEBUG 2026-08-19 04:37:13 [action #334] t=13.38s step=1090 queue=1 dmax=0.196 | shoulder_pan.pos=-1.94 shoulder_lift.pos=-102.86 elbow_flex.pos=+88.05 wrist_flex.pos=+77.75 wrist_roll.pos=-0.28 gripper.pos=+0.73
DEBUG 2026-08-19 04:37:13 [chunk] received 50 actions, timesteps 1067..1116 | first: shoulder_pan.pos=-0.71 shoulder_lift.pos=-102.24 elbow_flex.pos=+87.80 wrist_flex.pos=+78.81 wrist_roll.pos=-2.46 gripper.pos=+0.52 | last: shoulder_pan.pos=-1.74 shoulder_lift.pos=-102.89 elbow_flex.pos=+89.28 wrist_flex.pos=+78.76 wrist_roll.pos=-2.42 gripper.pos=+0.46
DEBUG 2026-08-19 04:37:13 [action #335] t=13.51s step=1091 queue=26 dmax=2.153 | shoulder_pan.pos=-1.79 shoulder_lift.pos=-102.39 elbow_flex.pos=+89.48 wrist_flex.pos=+78.83 wrist_roll.pos=-2.43 gripper.pos=+0.44
DEBUG 2026-08-19 04:37:13 [action #336] t=13.54s step=1092 queue=25 dmax=0.533 | shoulder_pan.pos=-1.82 shoulder_lift.pos=-102.92 elbow_flex.pos=+89.61 wrist_flex.pos=+78.85 wrist_roll.pos=-2.39 gripper.pos=+0.48
DEBUG 2026-08-19 04:37:13 [action #337] t=13.58s step=1093 queue=24 dmax=0.382 | shoulder_pan.pos=-1.83 shoulder_lift.pos=-103.01 elbow_flex.pos=+89.23 wrist_flex.pos=+78.74 wrist_roll.pos=-2.40 gripper.pos=+0.38
DEBUG 2026-08-19 04:37:13 [action #338] t=13.61s step=1094 queue=23 dmax=0.315 | shoulder_pan.pos=-1.72 shoulder_lift.pos=-102.71 elbow_flex.pos=+89.55 wrist_flex.pos=+78.80 wrist_roll.pos=-2.41 gripper.pos=+0.53
DEBUG 2026-08-19 04:37:13 [action #339] t=13.65s step=1095 queue=22 dmax=0.452 | shoulder_pan.pos=-1.84 shoulder_lift.pos=-102.74 elbow_flex.pos=+89.09 wrist_flex.pos=+78.75 wrist_roll.pos=-2.41 gripper.pos=+0.53
DEBUG 2026-08-19 04:37:13 [action #340] t=13.68s step=1096 queue=21 dmax=0.427 | shoulder_pan.pos=-1.85 shoulder_lift.pos=-103.16 elbow_flex.pos=+89.37 wrist_flex.pos=+78.74 wrist_roll.pos=-2.41 gripper.pos=+0.42
DEBUG 2026-08-19 04:37:13 [action #341] t=13.71s step=1097 queue=20 dmax=0.136 | shoulder_pan.pos=-1.80 shoulder_lift.pos=-103.10 elbow_flex.pos=+89.49 wrist_flex.pos=+78.88 wrist_roll.pos=-2.35 gripper.pos=+0.50
DEBUG 2026-08-19 04:37:13 [action #342] t=13.75s step=1098 queue=19 dmax=0.269 | shoulder_pan.pos=-1.98 shoulder_lift.pos=-102.83 elbow_flex.pos=+89.40 wrist_flex.pos=+78.92 wrist_roll.pos=-2.39 gripper.pos=+0.47
DEBUG 2026-08-19 04:37:13 [action #343] t=13.78s step=1099 queue=18 dmax=0.228 | shoulder_pan.pos=-1.85 shoulder_lift.pos=-103.06 elbow_flex.pos=+89.52 wrist_flex.pos=+78.78 wrist_roll.pos=-2.37 gripper.pos=+0.56
DEBUG 2026-08-19 04:37:13 [action #344] t=13.81s step=1100 queue=17 dmax=0.244 | shoulder_pan.pos=-1.81 shoulder_lift.pos=-102.82 elbow_flex.pos=+89.49 wrist_flex.pos=+78.72 wrist_roll.pos=-2.36 gripper.pos=+0.53
DEBUG 2026-08-19 04:37:13 [action #345] t=13.85s step=1101 queue=16 dmax=0.580 | shoulder_pan.pos=-2.15 shoulder_lift.pos=-102.63 elbow_flex.pos=+90.07 wrist_flex.pos=+78.67 wrist_roll.pos=-2.38 gripper.pos=+0.40
DEBUG 2026-08-19 04:37:13 [action #346] t=13.88s step=1102 queue=15 dmax=0.588 | shoulder_pan.pos=-1.82 shoulder_lift.pos=-102.92 elbow_flex.pos=+89.48 wrist_flex.pos=+78.87 wrist_roll.pos=-2.36 gripper.pos=+0.47
DEBUG 2026-08-19 04:37:13 [action #347] t=13.91s step=1103 queue=14 dmax=0.188 | shoulder_pan.pos=-1.86 shoulder_lift.pos=-102.73 elbow_flex.pos=+89.64 wrist_flex.pos=+78.85 wrist_roll.pos=-2.35 gripper.pos=+0.53
DEBUG 2026-08-19 04:37:13 [action #348] t=13.95s step=1104 queue=13 dmax=0.171 | shoulder_pan.pos=-1.87 shoulder_lift.pos=-102.56 elbow_flex.pos=+89.76 wrist_flex.pos=+78.73 wrist_roll.pos=-2.35 gripper.pos=+0.59
DEBUG 2026-08-19 04:37:13 [action #349] t=13.98s step=1105 queue=12 dmax=0.299 | shoulder_pan.pos=-2.02 shoulder_lift.pos=-102.74 elbow_flex.pos=+89.46 wrist_flex.pos=+78.82 wrist_roll.pos=-2.36 gripper.pos=+0.55
DEBUG 2026-08-19 04:37:14 [action #350] t=14.01s step=1106 queue=11 dmax=0.304 | shoulder_pan.pos=-1.78 shoulder_lift.pos=-102.71 elbow_flex.pos=+89.77 wrist_flex.pos=+78.67 wrist_roll.pos=-2.37 gripper.pos=+0.69
DEBUG 2026-08-19 04:37:14 [action #351] t=14.05s step=1107 queue=10 dmax=0.128 | shoulder_pan.pos=-1.83 shoulder_lift.pos=-102.63 elbow_flex.pos=+89.69 wrist_flex.pos=+78.78 wrist_roll.pos=-2.40 gripper.pos=+0.56
DEBUG 2026-08-19 04:37:14 [action #352] t=14.08s step=1108 queue=9 dmax=0.157 | shoulder_pan.pos=-1.96 shoulder_lift.pos=-102.78 elbow_flex.pos=+89.54 wrist_flex.pos=+78.83 wrist_roll.pos=-2.36 gripper.pos=+0.43
DEBUG 2026-08-19 04:37:14 [action #353] t=14.11s step=1109 queue=8 dmax=0.253 | shoulder_pan.pos=-1.84 shoulder_lift.pos=-103.04 elbow_flex.pos=+89.51 wrist_flex.pos=+78.68 wrist_roll.pos=-2.40 gripper.pos=+0.57
DEBUG 2026-08-19 04:37:14 [action #354] t=14.15s step=1110 queue=7 dmax=0.315 | shoulder_pan.pos=-1.96 shoulder_lift.pos=-102.72 elbow_flex.pos=+89.44 wrist_flex.pos=+78.71 wrist_roll.pos=-2.38 gripper.pos=+0.57
DEBUG 2026-08-19 04:37:14 [action #355] t=14.18s step=1111 queue=6 dmax=0.328 | shoulder_pan.pos=-1.95 shoulder_lift.pos=-102.94 elbow_flex.pos=+89.76 wrist_flex.pos=+78.74 wrist_roll.pos=-2.32 gripper.pos=+0.52
DEBUG 2026-08-19 04:37:14 [action #356] t=14.21s step=1112 queue=5 dmax=0.102 | shoulder_pan.pos=-1.93 shoulder_lift.pos=-102.94 elbow_flex.pos=+89.87 wrist_flex.pos=+78.65 wrist_roll.pos=-2.38 gripper.pos=+0.61
DEBUG 2026-08-19 04:37:14 [action #357] t=14.25s step=1113 queue=4 dmax=0.472 | shoulder_pan.pos=-1.83 shoulder_lift.pos=-102.74 elbow_flex.pos=+89.39 wrist_flex.pos=+78.74 wrist_roll.pos=-2.38 gripper.pos=+0.49
DEBUG 2026-08-19 04:37:14 [action #358] t=14.28s step=1114 queue=3 dmax=0.379 | shoulder_pan.pos=-1.95 shoulder_lift.pos=-102.85 elbow_flex.pos=+89.77 wrist_flex.pos=+78.75 wrist_roll.pos=-2.38 gripper.pos=+0.55
DEBUG 2026-08-19 04:37:14 [action #359] t=14.31s step=1115 queue=2 dmax=0.576 | shoulder_pan.pos=-1.95 shoulder_lift.pos=-103.30 elbow_flex.pos=+89.20 wrist_flex.pos=+78.74 wrist_roll.pos=-2.45 gripper.pos=+0.47
DEBUG 2026-08-19 04:37:14 [chunk] received 50 actions, timesteps 1090..1139 | first: shoulder_pan.pos=-1.83 shoulder_lift.pos=-102.15 elbow_flex.pos=+88.23 wrist_flex.pos=+78.00 wrist_roll.pos=-1.07 gripper.pos=+0.75 | last: shoulder_pan.pos=-3.38 shoulder_lift.pos=-102.05 elbow_flex.pos=+88.93 wrist_flex.pos=+77.76 wrist_roll.pos=-1.15 gripper.pos=+0.92
INFO 2026-08-19 04:37:14 Final action sent: shoulder_pan.pos=-1.95 shoulder_lift.pos=-103.30 elbow_flex.pos=+89.20 wrist_flex.pos=+78.74 wrist_roll.pos=-2.45 gripper.pos=+0.47
DEBUG 2026-08-19 04:37:14 === episode end | 14.4s | converged=True | actions=359 ===
DEBUG 2026-08-19 04:37:21 === episode start | task: 'put the purse on the tray' | duration: 30.0s ===
DEBUG 2026-08-19 04:37:22 [chunk] received 50 actions, timesteps 1114..1163 | first: shoulder_pan.pos=-1.69 shoulder_lift.pos=-102.66 elbow_flex.pos=+89.15 wrist_flex.pos=+77.81 wrist_roll.pos=-1.99 gripper.pos=+0.87 | last: shoulder_pan.pos=-2.14 shoulder_lift.pos=-102.55 elbow_flex.pos=+88.87 wrist_flex.pos=+77.94 wrist_roll.pos=-1.87 gripper.pos=+0.67
DEBUG 2026-08-19 04:37:22 [action #1] t=0.84s step=1114 queue=50 dmax=n/a | shoulder_pan.pos=-1.69 shoulder_lift.pos=-102.66 elbow_flex.pos=+89.15 wrist_flex.pos=+77.81 wrist_roll.pos=-1.99 gripper.pos=+0.87
DEBUG 2026-08-19 04:37:22 [action #2] t=0.87s step=1115 queue=49 dmax=0.592 | shoulder_pan.pos=-1.87 shoulder_lift.pos=-102.57 elbow_flex.pos=+89.75 wrist_flex.pos=+77.84 wrist_roll.pos=-1.87 gripper.pos=+0.79
DEBUG 2026-08-19 04:37:22 [action #3] t=0.90s step=1116 queue=48 dmax=0.477 | shoulder_pan.pos=-1.94 shoulder_lift.pos=-102.09 elbow_flex.pos=+89.27 wrist_flex.pos=+78.06 wrist_roll.pos=-1.83 gripper.pos=+0.75
DEBUG 2026-08-19 04:37:22 [action #4] t=0.94s step=1117 queue=47 dmax=0.493 | shoulder_pan.pos=-1.98 shoulder_lift.pos=-102.58 elbow_flex.pos=+89.64 wrist_flex.pos=+77.83 wrist_roll.pos=-1.94 gripper.pos=+0.60
DEBUG 2026-08-19 04:37:22 [action #5] t=0.97s step=1118 queue=46 dmax=0.356 | shoulder_pan.pos=-1.93 shoulder_lift.pos=-102.54 elbow_flex.pos=+89.28 wrist_flex.pos=+77.93 wrist_roll.pos=-1.87 gripper.pos=+0.83
DEBUG 2026-08-19 04:37:22 [action #6] t=1.00s step=1119 queue=45 dmax=0.541 | shoulder_pan.pos=-1.86 shoulder_lift.pos=-102.69 elbow_flex.pos=+89.82 wrist_flex.pos=+77.93 wrist_roll.pos=-1.84 gripper.pos=+0.63
DEBUG 2026-08-19 04:37:22 [action #7] t=1.04s step=1120 queue=44 dmax=0.683 | shoulder_pan.pos=-1.99 shoulder_lift.pos=-102.00 elbow_flex.pos=+89.64 wrist_flex.pos=+77.93 wrist_roll.pos=-1.85 gripper.pos=+0.72
DEBUG 2026-08-19 04:37:22 [action #8] t=1.07s step=1121 queue=43 dmax=0.253 | shoulder_pan.pos=-2.05 shoulder_lift.pos=-101.88 elbow_flex.pos=+89.74 wrist_flex.pos=+78.19 wrist_roll.pos=-1.81 gripper.pos=+0.77
DEBUG 2026-08-19 04:37:22 [action #9] t=1.10s step=1122 queue=42 dmax=0.923 | shoulder_pan.pos=-2.13 shoulder_lift.pos=-102.80 elbow_flex.pos=+90.55 wrist_flex.pos=+77.92 wrist_roll.pos=-1.86 gripper.pos=+0.85
DEBUG 2026-08-19 04:37:22 [action #10] t=1.14s step=1123 queue=41 dmax=0.877 | shoulder_pan.pos=-2.06 shoulder_lift.pos=-102.53 elbow_flex.pos=+89.67 wrist_flex.pos=+77.90 wrist_roll.pos=-1.83 gripper.pos=+0.70
DEBUG 2026-08-19 04:37:22 [action #11] t=1.17s step=1124 queue=40 dmax=0.213 | shoulder_pan.pos=-2.07 shoulder_lift.pos=-102.74 elbow_flex.pos=+89.82 wrist_flex.pos=+77.96 wrist_roll.pos=-1.99 gripper.pos=+0.66
DEBUG 2026-08-19 04:37:22 [action #12] t=1.20s step=1125 queue=39 dmax=0.525 | shoulder_pan.pos=-2.08 shoulder_lift.pos=-102.44 elbow_flex.pos=+89.29 wrist_flex.pos=+78.04 wrist_roll.pos=-1.90 gripper.pos=+0.77
DEBUG 2026-08-19 04:37:22 [action #13] t=1.24s step=1126 queue=38 dmax=0.439 | shoulder_pan.pos=-1.94 shoulder_lift.pos=-102.88 elbow_flex.pos=+89.43 wrist_flex.pos=+77.95 wrist_roll.pos=-1.88 gripper.pos=+0.74
DEBUG 2026-08-19 04:37:22 [action #14] t=1.27s step=1127 queue=37 dmax=0.659 | shoulder_pan.pos=-2.22 shoulder_lift.pos=-102.22 elbow_flex.pos=+89.25 wrist_flex.pos=+77.92 wrist_roll.pos=-1.91 gripper.pos=+0.88
DEBUG 2026-08-19 04:37:22 [action #15] t=1.30s step=1128 queue=36 dmax=0.731 | shoulder_pan.pos=-2.03 shoulder_lift.pos=-102.47 elbow_flex.pos=+89.98 wrist_flex.pos=+77.75 wrist_roll.pos=-1.97 gripper.pos=+0.84
DEBUG 2026-08-19 04:37:22 [action #16] t=1.34s step=1129 queue=35 dmax=0.238 | shoulder_pan.pos=-2.17 shoulder_lift.pos=-102.58 elbow_flex.pos=+89.74 wrist_flex.pos=+77.73 wrist_roll.pos=-1.94 gripper.pos=+0.80
DEBUG 2026-08-19 04:37:22 [action #17] t=1.37s step=1130 queue=34 dmax=0.181 | shoulder_pan.pos=-2.23 shoulder_lift.pos=-102.49 elbow_flex.pos=+89.56 wrist_flex.pos=+77.88 wrist_roll.pos=-1.94 gripper.pos=+0.76
DEBUG 2026-08-19 04:37:22 [action #18] t=1.40s step=1131 queue=33 dmax=0.349 | shoulder_pan.pos=-2.19 shoulder_lift.pos=-102.56 elbow_flex.pos=+89.91 wrist_flex.pos=+78.07 wrist_roll.pos=-1.87 gripper.pos=+0.68
DEBUG 2026-08-19 04:37:22 [action #19] t=1.44s step=1132 queue=32 dmax=0.467 | shoulder_pan.pos=-2.06 shoulder_lift.pos=-102.47 elbow_flex.pos=+89.44 wrist_flex.pos=+77.91 wrist_roll.pos=-1.85 gripper.pos=+0.76
DEBUG 2026-08-19 04:37:22 [chunk] received 50 actions, timesteps 0..49 | first: shoulder_pan.pos=-6.07 shoulder_lift.pos=-102.38 elbow_flex.pos=+88.29 wrist_flex.pos=+75.36 wrist_roll.pos=-1.23 gripper.pos=+1.04 | last: shoulder_pan.pos=-11.99 shoulder_lift.pos=-100.95 elbow_flex.pos=+86.87 wrist_flex.pos=+74.19 wrist_roll.pos=-1.15 gripper.pos=+0.78
DEBUG 2026-08-19 04:37:23 [chunk] received 50 actions, timesteps 1132..1181 | first: shoulder_pan.pos=-2.89 shoulder_lift.pos=-102.29 elbow_flex.pos=+88.46 wrist_flex.pos=+76.18 wrist_roll.pos=-1.44 gripper.pos=+0.97 | last: shoulder_pan.pos=-8.35 shoulder_lift.pos=-101.89 elbow_flex.pos=+87.46 wrist_flex.pos=+76.50 wrist_roll.pos=-1.93 gripper.pos=+0.99
DEBUG 2026-08-19 04:37:23 [action #20] t=2.21s step=1133 queue=49 dmax=1.826 | shoulder_pan.pos=-2.86 shoulder_lift.pos=-102.03 elbow_flex.pos=+87.94 wrist_flex.pos=+76.08 wrist_roll.pos=-1.69 gripper.pos=+0.85
DEBUG 2026-08-19 04:37:23 [action #21] t=2.24s step=1134 queue=48 dmax=0.779 | shoulder_pan.pos=-3.02 shoulder_lift.pos=-102.53 elbow_flex.pos=+88.72 wrist_flex.pos=+76.32 wrist_roll.pos=-1.66 gripper.pos=+0.82
DEBUG 2026-08-19 04:37:23 [action #22] t=2.27s step=1135 queue=47 dmax=0.710 | shoulder_pan.pos=-2.85 shoulder_lift.pos=-102.14 elbow_flex.pos=+88.01 wrist_flex.pos=+76.15 wrist_roll.pos=-1.65 gripper.pos=+0.93
DEBUG 2026-08-19 04:37:23 [action #23] t=2.31s step=1136 queue=46 dmax=0.729 | shoulder_pan.pos=-3.58 shoulder_lift.pos=-101.89 elbow_flex.pos=+88.17 wrist_flex.pos=+76.16 wrist_roll.pos=-1.56 gripper.pos=+0.94
DEBUG 2026-08-19 04:37:23 [action #24] t=2.34s step=1137 queue=45 dmax=0.211 | shoulder_pan.pos=-3.78 shoulder_lift.pos=-102.10 elbow_flex.pos=+88.04 wrist_flex.pos=+76.08 wrist_roll.pos=-1.54 gripper.pos=+0.93
DEBUG 2026-08-19 04:37:23 [action #25] t=2.38s step=1138 queue=44 dmax=0.313 | shoulder_pan.pos=-3.86 shoulder_lift.pos=-101.79 elbow_flex.pos=+88.28 wrist_flex.pos=+75.99 wrist_roll.pos=-1.68 gripper.pos=+0.96
DEBUG 2026-08-19 04:37:23 [action #26] t=2.41s step=1139 queue=43 dmax=0.760 | shoulder_pan.pos=-3.94 shoulder_lift.pos=-102.02 elbow_flex.pos=+89.04 wrist_flex.pos=+76.31 wrist_roll.pos=-1.72 gripper.pos=+1.01
DEBUG 2026-08-19 04:37:23 [action #27] t=2.44s step=1140 queue=42 dmax=0.265 | shoulder_pan.pos=-4.17 shoulder_lift.pos=-101.76 elbow_flex.pos=+88.97 wrist_flex.pos=+76.31 wrist_roll.pos=-1.67 gripper.pos=+0.95
DEBUG 2026-08-19 04:37:23 [action #28] t=2.48s step=1141 queue=41 dmax=0.982 | shoulder_pan.pos=-4.43 shoulder_lift.pos=-102.18 elbow_flex.pos=+87.99 wrist_flex.pos=+76.11 wrist_roll.pos=-1.60 gripper.pos=+0.89
DEBUG 2026-08-19 04:37:23 [action #29] t=2.51s step=1142 queue=40 dmax=0.426 | shoulder_pan.pos=-4.53 shoulder_lift.pos=-101.75 elbow_flex.pos=+88.18 wrist_flex.pos=+76.26 wrist_roll.pos=-1.69 gripper.pos=+1.04
DEBUG 2026-08-19 04:37:23 [action #30] t=2.54s step=1143 queue=39 dmax=0.146 | shoulder_pan.pos=-4.65 shoulder_lift.pos=-101.69 elbow_flex.pos=+88.22 wrist_flex.pos=+76.41 wrist_roll.pos=-1.75 gripper.pos=+0.96
DEBUG 2026-08-19 04:37:23 [action #31] t=2.58s step=1144 queue=38 dmax=0.159 | shoulder_pan.pos=-4.78 shoulder_lift.pos=-101.84 elbow_flex.pos=+88.30 wrist_flex.pos=+76.51 wrist_roll.pos=-1.76 gripper.pos=+1.08
DEBUG 2026-08-19 04:37:23 [action #32] t=2.61s step=1145 queue=37 dmax=0.537 | shoulder_pan.pos=-5.04 shoulder_lift.pos=-101.71 elbow_flex.pos=+88.84 wrist_flex.pos=+76.29 wrist_roll.pos=-1.88 gripper.pos=+1.00
DEBUG 2026-08-19 04:37:24 [action #33] t=2.64s step=1146 queue=36 dmax=0.434 | shoulder_pan.pos=-5.07 shoulder_lift.pos=-101.97 elbow_flex.pos=+88.40 wrist_flex.pos=+76.45 wrist_roll.pos=-1.72 gripper.pos=+1.13
DEBUG 2026-08-19 04:37:24 [action #34] t=2.68s step=1147 queue=35 dmax=0.537 | shoulder_pan.pos=-5.32 shoulder_lift.pos=-101.91 elbow_flex.pos=+87.87 wrist_flex.pos=+76.51 wrist_roll.pos=-1.80 gripper.pos=+0.94
DEBUG 2026-08-19 04:37:24 [action #35] t=2.71s step=1148 queue=34 dmax=0.325 | shoulder_pan.pos=-5.61 shoulder_lift.pos=-101.82 elbow_flex.pos=+87.54 wrist_flex.pos=+76.36 wrist_roll.pos=-1.79 gripper.pos=+0.91
DEBUG 2026-08-19 04:37:24 [action #36] t=2.74s step=1149 queue=33 dmax=0.802 | shoulder_pan.pos=-5.67 shoulder_lift.pos=-101.26 elbow_flex.pos=+88.35 wrist_flex.pos=+76.22 wrist_roll.pos=-1.73 gripper.pos=+0.93
DEBUG 2026-08-19 04:37:24 [action #37] t=2.78s step=1150 queue=32 dmax=0.771 | shoulder_pan.pos=-5.62 shoulder_lift.pos=-102.03 elbow_flex.pos=+87.96 wrist_flex.pos=+76.32 wrist_roll.pos=-1.82 gripper.pos=+1.01
DEBUG 2026-08-19 04:37:24 [action #38] t=2.81s step=1151 queue=31 dmax=0.621 | shoulder_pan.pos=-5.69 shoulder_lift.pos=-101.65 elbow_flex.pos=+88.58 wrist_flex.pos=+76.47 wrist_roll.pos=-1.78 gripper.pos=+1.07
DEBUG 2026-08-19 04:37:24 [action #39] t=2.84s step=1152 queue=30 dmax=0.154 | shoulder_pan.pos=-5.75 shoulder_lift.pos=-101.63 elbow_flex.pos=+88.42 wrist_flex.pos=+76.32 wrist_roll.pos=-1.69 gripper.pos=+1.01
DEBUG 2026-08-19 04:37:24 [chunk] received 50 actions, timesteps 1132..1181 | first: shoulder_pan.pos=-2.71 shoulder_lift.pos=-102.10 elbow_flex.pos=+89.01 wrist_flex.pos=+76.43 wrist_roll.pos=-1.44 gripper.pos=+1.00 | last: shoulder_pan.pos=-7.97 shoulder_lift.pos=-101.68 elbow_flex.pos=+88.16 wrist_flex.pos=+76.51 wrist_roll.pos=-1.60 gripper.pos=+0.73
DEBUG 2026-08-19 04:37:24 [action #40] t=2.88s step=1153 queue=29 dmax=1.139 | shoulder_pan.pos=-6.89 shoulder_lift.pos=-101.83 elbow_flex.pos=+88.79 wrist_flex.pos=+76.24 wrist_roll.pos=-1.60 gripper.pos=+0.94
DEBUG 2026-08-19 04:37:24 [action #41] t=2.91s step=1154 queue=28 dmax=0.246 | shoulder_pan.pos=-6.98 shoulder_lift.pos=-101.58 elbow_flex.pos=+88.55 wrist_flex.pos=+76.34 wrist_roll.pos=-1.60 gripper.pos=+0.91
DEBUG 2026-08-19 04:37:24 [action #42] t=2.94s step=1155 queue=27 dmax=0.521 | shoulder_pan.pos=-7.01 shoulder_lift.pos=-101.74 elbow_flex.pos=+89.07 wrist_flex.pos=+76.26 wrist_roll.pos=-1.61 gripper.pos=+1.03
DEBUG 2026-08-19 04:37:24 [action #43] t=2.98s step=1156 queue=26 dmax=0.304 | shoulder_pan.pos=-7.08 shoulder_lift.pos=-101.76 elbow_flex.pos=+88.76 wrist_flex.pos=+76.28 wrist_roll.pos=-1.62 gripper.pos=+1.01
DEBUG 2026-08-19 04:37:24 [action #44] t=3.01s step=1157 queue=25 dmax=0.382 | shoulder_pan.pos=-7.16 shoulder_lift.pos=-101.38 elbow_flex.pos=+88.80 wrist_flex.pos=+76.18 wrist_roll.pos=-1.59 gripper.pos=+0.93
DEBUG 2026-08-19 04:37:24 [action #45] t=3.04s step=1158 queue=24 dmax=0.176 | shoulder_pan.pos=-7.05 shoulder_lift.pos=-101.49 elbow_flex.pos=+88.71 wrist_flex.pos=+76.36 wrist_roll.pos=-1.63 gripper.pos=+0.98
DEBUG 2026-08-19 04:37:24 [action #46] t=3.08s step=1159 queue=23 dmax=0.253 | shoulder_pan.pos=-7.31 shoulder_lift.pos=-101.73 elbow_flex.pos=+88.75 wrist_flex.pos=+76.31 wrist_roll.pos=-1.62 gripper.pos=+0.97
DEBUG 2026-08-19 04:37:24 [action #47] t=3.11s step=1160 queue=22 dmax=0.107 | shoulder_pan.pos=-7.25 shoulder_lift.pos=-101.66 elbow_flex.pos=+88.65 wrist_flex.pos=+76.37 wrist_roll.pos=-1.65 gripper.pos=+0.90
DEBUG 2026-08-19 04:37:24 [action #48] t=3.14s step=1161 queue=21 dmax=0.146 | shoulder_pan.pos=-7.26 shoulder_lift.pos=-101.76 elbow_flex.pos=+88.50 wrist_flex.pos=+76.34 wrist_roll.pos=-1.62 gripper.pos=+0.90
DEBUG 2026-08-19 04:37:24 [action #49] t=3.18s step=1162 queue=20 dmax=0.066 | shoulder_pan.pos=-7.32 shoulder_lift.pos=-101.74 elbow_flex.pos=+88.51 wrist_flex.pos=+76.27 wrist_roll.pos=-1.59 gripper.pos=+0.94
DEBUG 2026-08-19 04:37:24 [action #50] t=3.21s step=1163 queue=19 dmax=0.191 | shoulder_pan.pos=-7.38 shoulder_lift.pos=-101.61 elbow_flex.pos=+88.44 wrist_flex.pos=+76.46 wrist_roll.pos=-1.63 gripper.pos=+0.98
DEBUG 2026-08-19 04:37:24 [action #51] t=3.24s step=1164 queue=18 dmax=0.240 | shoulder_pan.pos=-7.30 shoulder_lift.pos=-101.85 elbow_flex.pos=+88.46 wrist_flex.pos=+76.33 wrist_roll.pos=-1.59 gripper.pos=+0.96
DEBUG 2026-08-19 04:37:24 [action #52] t=3.28s step=1165 queue=17 dmax=0.217 | shoulder_pan.pos=-7.37 shoulder_lift.pos=-101.64 elbow_flex.pos=+88.37 wrist_flex.pos=+76.37 wrist_roll.pos=-1.61 gripper.pos=+0.92
DEBUG 2026-08-19 04:37:24 [action #53] t=3.31s step=1166 queue=16 dmax=0.200 | shoulder_pan.pos=-7.37 shoulder_lift.pos=-101.44 elbow_flex.pos=+88.33 wrist_flex.pos=+76.37 wrist_roll.pos=-1.60 gripper.pos=+0.92
DEBUG 2026-08-19 04:37:24 [action #54] t=3.34s step=1167 queue=15 dmax=0.256 | shoulder_pan.pos=-7.46 shoulder_lift.pos=-101.69 elbow_flex.pos=+88.21 wrist_flex.pos=+76.46 wrist_roll.pos=-1.60 gripper.pos=+0.93
DEBUG 2026-08-19 04:37:24 [action #55] t=3.38s step=1168 queue=14 dmax=0.170 | shoulder_pan.pos=-7.50 shoulder_lift.pos=-101.52 elbow_flex.pos=+88.24 wrist_flex.pos=+76.44 wrist_roll.pos=-1.57 gripper.pos=+0.92
DEBUG 2026-08-19 04:37:24 [action #56] t=3.41s step=1169 queue=13 dmax=0.092 | shoulder_pan.pos=-7.59 shoulder_lift.pos=-101.47 elbow_flex.pos=+88.17 wrist_flex.pos=+76.51 wrist_roll.pos=-1.57 gripper.pos=+0.90
DEBUG 2026-08-19 04:37:24 [action #57] t=3.45s step=1170 queue=12 dmax=0.131 | shoulder_pan.pos=-7.70 shoulder_lift.pos=-101.36 elbow_flex.pos=+88.30 wrist_flex.pos=+76.48 wrist_roll.pos=-1.59 gripper.pos=+0.88
DEBUG 2026-08-19 04:37:24 [action #58] t=3.48s step=1171 queue=11 dmax=0.230 | shoulder_pan.pos=-7.85 shoulder_lift.pos=-101.59 elbow_flex.pos=+88.35 wrist_flex.pos=+76.45 wrist_roll.pos=-1.61 gripper.pos=+0.88
DEBUG 2026-08-19 04:37:24 [action #59] t=3.51s step=1172 queue=10 dmax=0.449 | shoulder_pan.pos=-7.88 shoulder_lift.pos=-101.24 elbow_flex.pos=+87.90 wrist_flex.pos=+76.42 wrist_roll.pos=-1.59 gripper.pos=+0.87
DEBUG 2026-08-19 04:37:24 [action #60] t=3.55s step=1173 queue=9 dmax=0.549 | shoulder_pan.pos=-7.91 shoulder_lift.pos=-101.79 elbow_flex.pos=+88.27 wrist_flex.pos=+76.48 wrist_roll.pos=-1.61 gripper.pos=+0.90
DEBUG 2026-08-19 04:37:24 [action #61] t=3.58s step=1174 queue=8 dmax=0.138 | shoulder_pan.pos=-7.86 shoulder_lift.pos=-101.93 elbow_flex.pos=+88.14 wrist_flex.pos=+76.37 wrist_roll.pos=-1.62 gripper.pos=+0.87
DEBUG 2026-08-19 04:37:24 [action #62] t=3.61s step=1175 queue=7 dmax=0.273 | shoulder_pan.pos=-7.99 shoulder_lift.pos=-101.65 elbow_flex.pos=+87.98 wrist_flex.pos=+76.42 wrist_roll.pos=-1.62 gripper.pos=+0.85
DEBUG 2026-08-19 04:37:25 [action #63] t=3.65s step=1176 queue=6 dmax=0.173 | shoulder_pan.pos=-8.06 shoulder_lift.pos=-101.60 elbow_flex.pos=+88.15 wrist_flex.pos=+76.43 wrist_roll.pos=-1.66 gripper.pos=+0.88
DEBUG 2026-08-19 04:37:25 [action #64] t=3.68s step=1177 queue=5 dmax=0.108 | shoulder_pan.pos=-8.07 shoulder_lift.pos=-101.50 elbow_flex.pos=+88.16 wrist_flex.pos=+76.37 wrist_roll.pos=-1.63 gripper.pos=+0.91
DEBUG 2026-08-19 04:37:25 [action #65] t=3.71s step=1178 queue=4 dmax=0.121 | shoulder_pan.pos=-8.13 shoulder_lift.pos=-101.58 elbow_flex.pos=+88.20 wrist_flex.pos=+76.49 wrist_roll.pos=-1.66 gripper.pos=+0.91
DEBUG 2026-08-19 04:37:25 [action #66] t=3.75s step=1179 queue=3 dmax=0.221 | shoulder_pan.pos=-8.01 shoulder_lift.pos=-101.74 elbow_flex.pos=+87.97 wrist_flex.pos=+76.39 wrist_roll.pos=-1.64 gripper.pos=+0.80
DEBUG 2026-08-19 04:37:25 [chunk] received 50 actions, timesteps 1152..1201 | first: shoulder_pan.pos=-6.36 shoulder_lift.pos=-102.09 elbow_flex.pos=+89.53 wrist_flex.pos=+76.02 wrist_roll.pos=-1.53 gripper.pos=+0.77 | last: shoulder_pan.pos=-10.30 shoulder_lift.pos=-101.29 elbow_flex.pos=+88.56 wrist_flex.pos=+75.28 wrist_roll.pos=-1.57 gripper.pos=+0.62
DEBUG 2026-08-19 04:37:25 [action #67] t=3.78s step=1180 queue=22 dmax=1.655 | shoulder_pan.pos=-9.66 shoulder_lift.pos=-102.04 elbow_flex.pos=+88.40 wrist_flex.pos=+75.83 wrist_roll.pos=-1.62 gripper.pos=+0.82
DEBUG 2026-08-19 04:37:25 [action #68] t=3.81s step=1181 queue=21 dmax=0.200 | shoulder_pan.pos=-9.68 shoulder_lift.pos=-101.85 elbow_flex.pos=+88.38 wrist_flex.pos=+75.88 wrist_roll.pos=-1.60 gripper.pos=+0.76
DEBUG 2026-08-19 04:37:25 [action #69] t=3.85s step=1182 queue=20 dmax=0.612 | shoulder_pan.pos=-10.29 shoulder_lift.pos=-101.66 elbow_flex.pos=+88.66 wrist_flex.pos=+75.42 wrist_roll.pos=-1.55 gripper.pos=+0.80
DEBUG 2026-08-19 04:37:25 [action #70] t=3.88s step=1183 queue=19 dmax=0.265 | shoulder_pan.pos=-10.32 shoulder_lift.pos=-101.88 elbow_flex.pos=+88.40 wrist_flex.pos=+75.52 wrist_roll.pos=-1.52 gripper.pos=+0.77
DEBUG 2026-08-19 04:37:25 [action #71] t=3.91s step=1184 queue=18 dmax=0.110 | shoulder_pan.pos=-10.26 shoulder_lift.pos=-101.95 elbow_flex.pos=+88.29 wrist_flex.pos=+75.50 wrist_roll.pos=-1.55 gripper.pos=+0.78
DEBUG 2026-08-19 04:37:25 [action #72] t=3.95s step=1185 queue=17 dmax=0.382 | shoulder_pan.pos=-10.16 shoulder_lift.pos=-101.57 elbow_flex.pos=+88.67 wrist_flex.pos=+75.73 wrist_roll.pos=-1.55 gripper.pos=+0.86
DEBUG 2026-08-19 04:37:25 [action #73] t=3.98s step=1186 queue=16 dmax=0.221 | shoulder_pan.pos=-10.18 shoulder_lift.pos=-101.77 elbow_flex.pos=+88.45 wrist_flex.pos=+75.66 wrist_roll.pos=-1.52 gripper.pos=+0.74
DEBUG 2026-08-19 04:37:25 [action #74] t=4.01s step=1187 queue=15 dmax=0.518 | shoulder_pan.pos=-10.05 shoulder_lift.pos=-101.37 elbow_flex.pos=+87.93 wrist_flex.pos=+75.71 wrist_roll.pos=-1.58 gripper.pos=+0.77
DEBUG 2026-08-19 04:37:25 [action #75] t=4.05s step=1188 queue=14 dmax=0.568 | shoulder_pan.pos=-10.22 shoulder_lift.pos=-101.78 elbow_flex.pos=+88.50 wrist_flex.pos=+75.61 wrist_roll.pos=-1.54 gripper.pos=+0.81
DEBUG 2026-08-19 04:37:25 [action #76] t=4.08s step=1189 queue=13 dmax=0.235 | shoulder_pan.pos=-10.14 shoulder_lift.pos=-101.81 elbow_flex.pos=+88.27 wrist_flex.pos=+75.64 wrist_roll.pos=-1.55 gripper.pos=+0.82
DEBUG 2026-08-19 04:37:25 [action #77] t=4.11s step=1190 queue=12 dmax=0.340 | shoulder_pan.pos=-10.13 shoulder_lift.pos=-101.64 elbow_flex.pos=+87.93 wrist_flex.pos=+75.61 wrist_roll.pos=-1.55 gripper.pos=+0.84
DEBUG 2026-08-19 04:37:25 [action #78] t=4.15s step=1191 queue=11 dmax=0.331 | shoulder_pan.pos=-10.31 shoulder_lift.pos=-101.79 elbow_flex.pos=+88.26 wrist_flex.pos=+75.85 wrist_roll.pos=-1.58 gripper.pos=+0.79
DEBUG 2026-08-19 04:37:25 [action #79] t=4.18s step=1192 queue=10 dmax=0.199 | shoulder_pan.pos=-10.26 shoulder_lift.pos=-101.79 elbow_flex.pos=+88.39 wrist_flex.pos=+75.65 wrist_roll.pos=-1.55 gripper.pos=+0.89
DEBUG 2026-08-19 04:37:25 [action #80] t=4.21s step=1193 queue=9 dmax=0.152 | shoulder_pan.pos=-10.38 shoulder_lift.pos=-101.77 elbow_flex.pos=+88.24 wrist_flex.pos=+75.63 wrist_roll.pos=-1.56 gripper.pos=+0.84
DEBUG 2026-08-19 04:37:25 [action #81] t=4.25s step=1194 queue=8 dmax=0.225 | shoulder_pan.pos=-10.23 shoulder_lift.pos=-101.57 elbow_flex.pos=+88.02 wrist_flex.pos=+75.57 wrist_roll.pos=-1.54 gripper.pos=+0.79
DEBUG 2026-08-19 04:37:25 [action #82] t=4.28s step=1195 queue=7 dmax=0.151 | shoulder_pan.pos=-10.29 shoulder_lift.pos=-101.42 elbow_flex.pos=+88.16 wrist_flex.pos=+75.58 wrist_roll.pos=-1.55 gripper.pos=+0.73
DEBUG 2026-08-19 04:37:25 [action #83] t=4.31s step=1196 queue=6 dmax=0.114 | shoulder_pan.pos=-10.22 shoulder_lift.pos=-101.32 elbow_flex.pos=+88.07 wrist_flex.pos=+75.70 wrist_roll.pos=-1.55 gripper.pos=+0.68
DEBUG 2026-08-19 04:37:25 [action #84] t=4.35s step=1197 queue=5 dmax=0.260 | shoulder_pan.pos=-10.17 shoulder_lift.pos=-101.58 elbow_flex.pos=+88.15 wrist_flex.pos=+75.54 wrist_roll.pos=-1.53 gripper.pos=+0.81
DEBUG 2026-08-19 04:37:25 [action #85] t=4.38s step=1198 queue=4 dmax=0.279 | shoulder_pan.pos=-10.35 shoulder_lift.pos=-101.77 elbow_flex.pos=+88.43 wrist_flex.pos=+75.45 wrist_roll.pos=-1.54 gripper.pos=+0.78
DEBUG 2026-08-19 04:37:25 [action #86] t=4.41s step=1199 queue=3 dmax=0.163 | shoulder_pan.pos=-10.23 shoulder_lift.pos=-101.62 elbow_flex.pos=+88.27 wrist_flex.pos=+75.60 wrist_roll.pos=-1.57 gripper.pos=+0.73
DEBUG 2026-08-19 04:37:25 [action #87] t=4.45s step=1200 queue=2 dmax=0.272 | shoulder_pan.pos=-10.30 shoulder_lift.pos=-101.89 elbow_flex.pos=+88.42 wrist_flex.pos=+75.54 wrist_roll.pos=-1.60 gripper.pos=+0.74
DEBUG 2026-08-19 04:37:25 [action #88] t=4.48s step=1201 queue=1 dmax=0.600 | shoulder_pan.pos=-10.30 shoulder_lift.pos=-101.29 elbow_flex.pos=+88.56 wrist_flex.pos=+75.28 wrist_roll.pos=-1.57 gripper.pos=+0.62
DEBUG 2026-08-19 04:37:25 [chunk] received 50 actions, timesteps 1178..1227 | first: shoulder_pan.pos=-8.75 shoulder_lift.pos=-102.40 elbow_flex.pos=+88.73 wrist_flex.pos=+76.43 wrist_roll.pos=-1.37 gripper.pos=+0.90 | last: shoulder_pan.pos=-9.85 shoulder_lift.pos=-70.16 elbow_flex.pos=+66.21 wrist_flex.pos=+69.45 wrist_roll.pos=-3.96 gripper.pos=+0.46
DEBUG 2026-08-19 04:37:25 [action #89] t=4.58s step=1202 queue=26 dmax=3.555 | shoulder_pan.pos=-13.42 shoulder_lift.pos=-102.48 elbow_flex.pos=+87.97 wrist_flex.pos=+71.73 wrist_roll.pos=-1.38 gripper.pos=+0.68
DEBUG 2026-08-19 04:37:26 [action #90] t=4.62s step=1203 queue=25 dmax=0.616 | shoulder_pan.pos=-13.15 shoulder_lift.pos=-101.86 elbow_flex.pos=+88.05 wrist_flex.pos=+71.81 wrist_roll.pos=-1.41 gripper.pos=+0.88
DEBUG 2026-08-19 04:37:26 [action #91] t=4.65s step=1204 queue=24 dmax=0.656 | shoulder_pan.pos=-12.90 shoulder_lift.pos=-102.15 elbow_flex.pos=+87.40 wrist_flex.pos=+71.64 wrist_roll.pos=-1.27 gripper.pos=+0.85
DEBUG 2026-08-19 04:37:26 [action #92] t=4.68s step=1205 queue=23 dmax=0.304 | shoulder_pan.pos=-12.78 shoulder_lift.pos=-102.17 elbow_flex.pos=+87.70 wrist_flex.pos=+71.38 wrist_roll.pos=-1.30 gripper.pos=+0.77
DEBUG 2026-08-19 04:37:26 [action #93] t=4.72s step=1206 queue=22 dmax=0.353 | shoulder_pan.pos=-12.84 shoulder_lift.pos=-101.81 elbow_flex.pos=+87.57 wrist_flex.pos=+71.62 wrist_roll.pos=-1.31 gripper.pos=+0.79
DEBUG 2026-08-19 04:37:26 [action #94] t=4.75s step=1207 queue=21 dmax=0.811 | shoulder_pan.pos=-12.86 shoulder_lift.pos=-101.89 elbow_flex.pos=+86.76 wrist_flex.pos=+71.03 wrist_roll.pos=-1.40 gripper.pos=+0.73
DEBUG 2026-08-19 04:37:26 [action #95] t=4.78s step=1208 queue=20 dmax=0.334 | shoulder_pan.pos=-12.53 shoulder_lift.pos=-101.62 elbow_flex.pos=+86.76 wrist_flex.pos=+71.08 wrist_roll.pos=-1.37 gripper.pos=+0.95
DEBUG 2026-08-19 04:37:26 [action #96] t=4.82s step=1209 queue=19 dmax=0.838 | shoulder_pan.pos=-12.66 shoulder_lift.pos=-100.79 elbow_flex.pos=+86.72 wrist_flex.pos=+70.62 wrist_roll.pos=-1.41 gripper.pos=+0.72
DEBUG 2026-08-19 04:37:26 [action #97] t=4.85s step=1210 queue=18 dmax=1.235 | shoulder_pan.pos=-12.49 shoulder_lift.pos=-99.96 elbow_flex.pos=+85.48 wrist_flex.pos=+70.32 wrist_roll.pos=-1.51 gripper.pos=+0.65
DEBUG 2026-08-19 04:37:26 [action #98] t=4.88s step=1211 queue=17 dmax=1.339 | shoulder_pan.pos=-12.32 shoulder_lift.pos=-98.62 elbow_flex.pos=+85.33 wrist_flex.pos=+70.35 wrist_roll.pos=-1.52 gripper.pos=+0.77
DEBUG 2026-08-19 04:37:26 [action #99] t=4.92s step=1212 queue=16 dmax=1.453 | shoulder_pan.pos=-12.48 shoulder_lift.pos=-97.17 elbow_flex.pos=+84.63 wrist_flex.pos=+70.26 wrist_roll.pos=-1.64 gripper.pos=+0.82
DEBUG 2026-08-19 04:37:26 [action #100] t=4.95s step=1213 queue=15 dmax=2.060 | shoulder_pan.pos=-12.36 shoulder_lift.pos=-95.11 elbow_flex.pos=+83.28 wrist_flex.pos=+70.14 wrist_roll.pos=-1.83 gripper.pos=+0.88
DEBUG 2026-08-19 04:37:26 [action #101] t=4.98s step=1214 queue=14 dmax=1.624 | shoulder_pan.pos=-12.35 shoulder_lift.pos=-93.48 elbow_flex.pos=+82.10 wrist_flex.pos=+69.92 wrist_roll.pos=-1.79 gripper.pos=+0.84
DEBUG 2026-08-19 04:37:26 [action #102] t=5.02s step=1215 queue=13 dmax=2.394 | shoulder_pan.pos=-12.23 shoulder_lift.pos=-91.09 elbow_flex.pos=+80.84 wrist_flex.pos=+69.63 wrist_roll.pos=-1.92 gripper.pos=+0.74
DEBUG 2026-08-19 04:37:26 [action #103] t=5.05s step=1216 queue=12 dmax=3.361 | shoulder_pan.pos=-12.10 shoulder_lift.pos=-87.73 elbow_flex.pos=+79.00 wrist_flex.pos=+69.17 wrist_roll.pos=-2.00 gripper.pos=+0.67
DEBUG 2026-08-19 04:37:26 [action #104] t=5.08s step=1217 queue=11 dmax=1.973 | shoulder_pan.pos=-12.21 shoulder_lift.pos=-85.75 elbow_flex.pos=+78.23 wrist_flex.pos=+69.29 wrist_roll.pos=-2.10 gripper.pos=+0.85
DEBUG 2026-08-19 04:37:26 [action #105] t=5.12s step=1218 queue=10 dmax=2.993 | shoulder_pan.pos=-12.11 shoulder_lift.pos=-82.76 elbow_flex.pos=+76.38 wrist_flex.pos=+68.95 wrist_roll.pos=-2.41 gripper.pos=+0.74
DEBUG 2026-08-19 04:37:26 [action #106] t=5.15s step=1219 queue=9 dmax=2.510 | shoulder_pan.pos=-11.95 shoulder_lift.pos=-80.25 elbow_flex.pos=+74.21 wrist_flex.pos=+69.05 wrist_roll.pos=-2.70 gripper.pos=+0.75
DEBUG 2026-08-19 04:37:26 [action #107] t=5.18s step=1220 queue=8 dmax=2.630 | shoulder_pan.pos=-11.48 shoulder_lift.pos=-77.62 elbow_flex.pos=+73.46 wrist_flex.pos=+69.08 wrist_roll.pos=-2.89 gripper.pos=+0.80
DEBUG 2026-08-19 04:37:26 [action #108] t=5.22s step=1221 queue=7 dmax=2.109 | shoulder_pan.pos=-11.66 shoulder_lift.pos=-75.51 elbow_flex.pos=+71.60 wrist_flex.pos=+69.01 wrist_roll.pos=-3.16 gripper.pos=+0.70
DEBUG 2026-08-19 04:37:26 [action #109] t=5.25s step=1222 queue=6 dmax=2.123 | shoulder_pan.pos=-10.92 shoulder_lift.pos=-73.39 elbow_flex.pos=+70.78 wrist_flex.pos=+68.99 wrist_roll.pos=-3.49 gripper.pos=+0.69
DEBUG 2026-08-19 04:37:26 [action #110] t=5.28s step=1223 queue=5 dmax=1.762 | shoulder_pan.pos=-11.31 shoulder_lift.pos=-72.20 elbow_flex.pos=+69.02 wrist_flex.pos=+69.18 wrist_roll.pos=-3.57 gripper.pos=+0.62
DEBUG 2026-08-19 04:37:26 [action #111] t=5.32s step=1224 queue=4 dmax=0.817 | shoulder_pan.pos=-10.83 shoulder_lift.pos=-71.63 elbow_flex.pos=+68.20 wrist_flex.pos=+69.05 wrist_roll.pos=-3.81 gripper.pos=+0.66
DEBUG 2026-08-19 04:37:26 [action #112] t=5.35s step=1225 queue=3 dmax=1.097 | shoulder_pan.pos=-10.43 shoulder_lift.pos=-70.53 elbow_flex.pos=+67.94 wrist_flex.pos=+69.20 wrist_roll.pos=-3.96 gripper.pos=+0.64
DEBUG 2026-08-19 04:37:26 [action #113] t=5.38s step=1226 queue=2 dmax=0.700 | shoulder_pan.pos=-9.99 shoulder_lift.pos=-70.21 elbow_flex.pos=+67.24 wrist_flex.pos=+69.50 wrist_roll.pos=-3.92 gripper.pos=+0.52
DEBUG 2026-08-19 04:37:26 [action #114] t=5.42s step=1227 queue=1 dmax=1.030 | shoulder_pan.pos=-9.85 shoulder_lift.pos=-70.16 elbow_flex.pos=+66.21 wrist_flex.pos=+69.45 wrist_roll.pos=-3.96 gripper.pos=+0.46
DEBUG 2026-08-19 04:37:26 [chunk] received 50 actions, timesteps 1201..1250 | first: shoulder_pan.pos=-10.50 shoulder_lift.pos=-102.90 elbow_flex.pos=+89.88 wrist_flex.pos=+75.97 wrist_roll.pos=-1.10 gripper.pos=+0.92 | last: shoulder_pan.pos=-11.35 shoulder_lift.pos=-102.10 elbow_flex.pos=+87.07 wrist_flex.pos=+72.99 wrist_roll.pos=-1.08 gripper.pos=+0.73
DEBUG 2026-08-19 04:37:26 [action #115] t=5.52s step=1228 queue=23 dmax=32.762 | shoulder_pan.pos=-11.72 shoulder_lift.pos=-102.92 elbow_flex.pos=+88.37 wrist_flex.pos=+74.31 wrist_roll.pos=-0.99 gripper.pos=+0.64
DEBUG 2026-08-19 04:37:26 [action #116] t=5.55s step=1229 queue=22 dmax=0.394 | shoulder_pan.pos=-11.32 shoulder_lift.pos=-103.14 elbow_flex.pos=+88.21 wrist_flex.pos=+74.23 wrist_roll.pos=-0.84 gripper.pos=+0.67
DEBUG 2026-08-19 04:37:26 [action #117] t=5.59s step=1230 queue=21 dmax=0.700 | shoulder_pan.pos=-11.89 shoulder_lift.pos=-102.44 elbow_flex.pos=+87.83 wrist_flex.pos=+74.01 wrist_roll.pos=-0.92 gripper.pos=+0.80
DEBUG 2026-08-19 04:37:27 [action #118] t=5.62s step=1231 queue=20 dmax=0.429 | shoulder_pan.pos=-11.46 shoulder_lift.pos=-102.71 elbow_flex.pos=+87.87 wrist_flex.pos=+74.29 wrist_roll.pos=-1.05 gripper.pos=+0.72
DEBUG 2026-08-19 04:37:27 [action #119] t=5.65s step=1232 queue=19 dmax=0.159 | shoulder_pan.pos=-11.54 shoulder_lift.pos=-102.87 elbow_flex.pos=+87.98 wrist_flex.pos=+74.13 wrist_roll.pos=-0.99 gripper.pos=+0.70
DEBUG 2026-08-19 04:37:27 [action #120] t=5.69s step=1233 queue=18 dmax=0.363 | shoulder_pan.pos=-11.42 shoulder_lift.pos=-102.51 elbow_flex.pos=+88.15 wrist_flex.pos=+74.20 wrist_roll.pos=-0.93 gripper.pos=+0.62
DEBUG 2026-08-19 04:37:27 [action #121] t=5.72s step=1234 queue=17 dmax=0.319 | shoulder_pan.pos=-11.62 shoulder_lift.pos=-102.37 elbow_flex.pos=+87.83 wrist_flex.pos=+73.99 wrist_roll.pos=-0.90 gripper.pos=+0.71
DEBUG 2026-08-19 04:37:27 [action #122] t=5.75s step=1235 queue=16 dmax=0.457 | shoulder_pan.pos=-11.62 shoulder_lift.pos=-102.76 elbow_flex.pos=+88.28 wrist_flex.pos=+74.19 wrist_roll.pos=-1.04 gripper.pos=+0.74
DEBUG 2026-08-19 04:37:27 [action #123] t=5.79s step=1236 queue=15 dmax=0.540 | shoulder_pan.pos=-11.67 shoulder_lift.pos=-103.10 elbow_flex.pos=+87.74 wrist_flex.pos=+74.24 wrist_roll.pos=-0.97 gripper.pos=+0.73
DEBUG 2026-08-19 04:37:27 [action #124] t=5.82s step=1237 queue=14 dmax=1.214 | shoulder_pan.pos=-11.65 shoulder_lift.pos=-101.89 elbow_flex.pos=+87.46 wrist_flex.pos=+74.06 wrist_roll.pos=-1.04 gripper.pos=+0.70
DEBUG 2026-08-19 04:37:27 [action #125] t=5.85s step=1238 queue=13 dmax=0.971 | shoulder_pan.pos=-11.68 shoulder_lift.pos=-102.86 elbow_flex.pos=+88.06 wrist_flex.pos=+73.89 wrist_roll.pos=-0.95 gripper.pos=+0.79
DEBUG 2026-08-19 04:37:27 [action #126] t=5.89s step=1239 queue=12 dmax=0.484 | shoulder_pan.pos=-11.65 shoulder_lift.pos=-102.57 elbow_flex.pos=+87.57 wrist_flex.pos=+73.82 wrist_roll.pos=-1.04 gripper.pos=+0.65
DEBUG 2026-08-19 04:37:27 [action #127] t=5.92s step=1240 queue=11 dmax=0.530 | shoulder_pan.pos=-11.43 shoulder_lift.pos=-102.04 elbow_flex.pos=+87.98 wrist_flex.pos=+73.99 wrist_roll.pos=-0.98 gripper.pos=+0.75
DEBUG 2026-08-19 04:37:27 [action #128] t=5.95s step=1241 queue=10 dmax=0.194 | shoulder_pan.pos=-11.62 shoulder_lift.pos=-102.00 elbow_flex.pos=+88.11 wrist_flex.pos=+73.80 wrist_roll.pos=-1.04 gripper.pos=+0.73
DEBUG 2026-08-19 04:37:27 [action #129] t=5.99s step=1242 queue=9 dmax=0.535 | shoulder_pan.pos=-11.69 shoulder_lift.pos=-102.54 elbow_flex.pos=+88.25 wrist_flex.pos=+73.61 wrist_roll.pos=-1.00 gripper.pos=+0.75
DEBUG 2026-08-19 04:37:27 [action #130] t=6.02s step=1243 queue=8 dmax=0.242 | shoulder_pan.pos=-11.45 shoulder_lift.pos=-102.51 elbow_flex.pos=+88.28 wrist_flex.pos=+73.66 wrist_roll.pos=-0.95 gripper.pos=+0.80
DEBUG 2026-08-19 04:37:27 [action #131] t=6.05s step=1244 queue=7 dmax=0.838 | shoulder_pan.pos=-11.29 shoulder_lift.pos=-102.25 elbow_flex.pos=+87.44 wrist_flex.pos=+73.51 wrist_roll.pos=-1.01 gripper.pos=+0.66
DEBUG 2026-08-19 04:37:27 [action #132] t=6.09s step=1245 queue=6 dmax=0.450 | shoulder_pan.pos=-11.22 shoulder_lift.pos=-101.80 elbow_flex.pos=+87.45 wrist_flex.pos=+73.71 wrist_roll.pos=-1.06 gripper.pos=+0.82
DEBUG 2026-08-19 04:37:27 [action #133] t=6.12s step=1246 queue=5 dmax=0.771 | shoulder_pan.pos=-11.30 shoulder_lift.pos=-102.57 elbow_flex.pos=+87.27 wrist_flex.pos=+73.50 wrist_roll.pos=-1.09 gripper.pos=+0.67
DEBUG 2026-08-19 04:37:27 [action #134] t=6.15s step=1247 queue=4 dmax=0.197 | shoulder_pan.pos=-11.44 shoulder_lift.pos=-102.38 elbow_flex.pos=+87.31 wrist_flex.pos=+73.51 wrist_roll.pos=-1.03 gripper.pos=+0.77
DEBUG 2026-08-19 04:37:27 [action #135] t=6.19s step=1248 queue=3 dmax=0.307 | shoulder_pan.pos=-11.75 shoulder_lift.pos=-102.53 elbow_flex.pos=+87.38 wrist_flex.pos=+73.36 wrist_roll.pos=-1.12 gripper.pos=+0.71
DEBUG 2026-08-19 04:37:27 [action #136] t=6.22s step=1249 queue=2 dmax=0.392 | shoulder_pan.pos=-11.38 shoulder_lift.pos=-102.14 elbow_flex.pos=+87.41 wrist_flex.pos=+73.19 wrist_roll.pos=-1.08 gripper.pos=+0.72
DEBUG 2026-08-19 04:37:27 [action #137] t=6.25s step=1250 queue=1 dmax=0.336 | shoulder_pan.pos=-11.35 shoulder_lift.pos=-102.10 elbow_flex.pos=+87.07 wrist_flex.pos=+72.99 wrist_roll.pos=-1.08 gripper.pos=+0.73
DEBUG 2026-08-19 04:37:27 [chunk] received 50 actions, timesteps 1227..1276 | first: shoulder_pan.pos=-11.39 shoulder_lift.pos=-70.30 elbow_flex.pos=+68.26 wrist_flex.pos=+68.86 wrist_roll.pos=-4.47 gripper.pos=+0.63 | last: shoulder_pan.pos=-12.64 shoulder_lift.pos=-21.28 elbow_flex.pos=+33.91 wrist_flex.pos=+75.08 wrist_roll.pos=-6.11 gripper.pos=+34.22
DEBUG 2026-08-19 04:37:27 [action #138] t=6.39s step=1251 queue=26 dmax=64.090 | shoulder_pan.pos=-12.28 shoulder_lift.pos=-38.01 elbow_flex.pos=+40.84 wrist_flex.pos=+74.14 wrist_roll.pos=-4.94 gripper.pos=+7.45
DEBUG 2026-08-19 04:37:27 [action #139] t=6.42s step=1252 queue=25 dmax=1.342 | shoulder_pan.pos=-12.25 shoulder_lift.pos=-37.45 elbow_flex.pos=+39.87 wrist_flex.pos=+74.30 wrist_roll.pos=-4.94 gripper.pos=+8.80
DEBUG 2026-08-19 04:37:27 [action #140] t=6.46s step=1253 queue=24 dmax=1.361 | shoulder_pan.pos=-11.88 shoulder_lift.pos=-36.78 elbow_flex.pos=+39.46 wrist_flex.pos=+74.24 wrist_roll.pos=-5.17 gripper.pos=+10.16
DEBUG 2026-08-19 04:37:27 [action #141] t=6.49s step=1254 queue=23 dmax=1.450 | shoulder_pan.pos=-12.27 shoulder_lift.pos=-36.06 elbow_flex.pos=+38.75 wrist_flex.pos=+74.52 wrist_roll.pos=-5.38 gripper.pos=+11.61
DEBUG 2026-08-19 04:37:27 [action #142] t=6.52s step=1255 queue=22 dmax=1.414 | shoulder_pan.pos=-12.34 shoulder_lift.pos=-35.01 elbow_flex.pos=+37.69 wrist_flex.pos=+74.61 wrist_roll.pos=-5.54 gripper.pos=+13.02
DEBUG 2026-08-19 04:37:27 [action #143] t=6.56s step=1256 queue=21 dmax=1.397 | shoulder_pan.pos=-12.39 shoulder_lift.pos=-35.15 elbow_flex.pos=+37.78 wrist_flex.pos=+74.87 wrist_roll.pos=-5.74 gripper.pos=+14.42
DEBUG 2026-08-19 04:37:27 [action #144] t=6.59s step=1257 queue=20 dmax=1.510 | shoulder_pan.pos=-12.30 shoulder_lift.pos=-34.27 elbow_flex.pos=+37.55 wrist_flex.pos=+74.91 wrist_roll.pos=-5.82 gripper.pos=+15.93
DEBUG 2026-08-19 04:37:28 [action #145] t=6.62s step=1258 queue=19 dmax=1.755 | shoulder_pan.pos=-12.29 shoulder_lift.pos=-33.46 elbow_flex.pos=+36.85 wrist_flex.pos=+75.15 wrist_roll.pos=-5.77 gripper.pos=+17.68
DEBUG 2026-08-19 04:37:28 [action #146] t=6.66s step=1259 queue=18 dmax=1.498 | shoulder_pan.pos=-12.21 shoulder_lift.pos=-32.48 elbow_flex.pos=+37.64 wrist_flex.pos=+75.34 wrist_roll.pos=-5.77 gripper.pos=+19.18
DEBUG 2026-08-19 04:37:28 [action #147] t=6.69s step=1260 queue=17 dmax=1.759 | shoulder_pan.pos=-12.66 shoulder_lift.pos=-32.38 elbow_flex.pos=+36.31 wrist_flex.pos=+75.24 wrist_roll.pos=-5.76 gripper.pos=+20.94
DEBUG 2026-08-19 04:37:28 [action #148] t=6.72s step=1261 queue=16 dmax=1.073 | shoulder_pan.pos=-12.61 shoulder_lift.pos=-31.47 elbow_flex.pos=+37.18 wrist_flex.pos=+75.53 wrist_roll.pos=-5.58 gripper.pos=+22.01
DEBUG 2026-08-19 04:37:28 [action #149] t=6.76s step=1262 queue=15 dmax=1.221 | shoulder_pan.pos=-12.38 shoulder_lift.pos=-30.33 elbow_flex.pos=+36.43 wrist_flex.pos=+75.21 wrist_roll.pos=-5.78 gripper.pos=+23.24
DEBUG 2026-08-19 04:37:28 [action #150] t=6.79s step=1263 queue=14 dmax=0.787 | shoulder_pan.pos=-12.59 shoulder_lift.pos=-30.35 elbow_flex.pos=+36.20 wrist_flex.pos=+75.19 wrist_roll.pos=-5.65 gripper.pos=+24.02
DEBUG 2026-08-19 04:37:28 [action #151] t=6.82s step=1264 queue=13 dmax=0.786 | shoulder_pan.pos=-12.32 shoulder_lift.pos=-30.31 elbow_flex.pos=+36.61 wrist_flex.pos=+75.10 wrist_roll.pos=-5.57 gripper.pos=+24.81
DEBUG 2026-08-19 04:37:28 [action #152] t=6.86s step=1265 queue=12 dmax=1.486 | shoulder_pan.pos=-12.51 shoulder_lift.pos=-28.83 elbow_flex.pos=+35.84 wrist_flex.pos=+75.16 wrist_roll.pos=-5.57 gripper.pos=+25.79
DEBUG 2026-08-19 04:37:28 [action #153] t=6.89s step=1266 queue=11 dmax=0.958 | shoulder_pan.pos=-12.54 shoulder_lift.pos=-28.53 elbow_flex.pos=+36.22 wrist_flex.pos=+75.00 wrist_roll.pos=-5.62 gripper.pos=+26.75
DEBUG 2026-08-19 04:37:28 [action #154] t=6.93s step=1267 queue=10 dmax=1.271 | shoulder_pan.pos=-12.34 shoulder_lift.pos=-27.71 elbow_flex.pos=+35.12 wrist_flex.pos=+74.91 wrist_roll.pos=-5.63 gripper.pos=+28.02
DEBUG 2026-08-19 04:37:28 [action #155] t=6.96s step=1268 queue=9 dmax=1.279 | shoulder_pan.pos=-12.41 shoulder_lift.pos=-27.61 elbow_flex.pos=+35.30 wrist_flex.pos=+74.87 wrist_roll.pos=-5.52 gripper.pos=+29.30
DEBUG 2026-08-19 04:37:28 [action #156] t=6.99s step=1269 queue=8 dmax=1.169 | shoulder_pan.pos=-12.58 shoulder_lift.pos=-26.53 elbow_flex.pos=+35.27 wrist_flex.pos=+75.01 wrist_roll.pos=-5.57 gripper.pos=+30.46
DEBUG 2026-08-19 04:37:28 [action #157] t=7.03s step=1270 queue=7 dmax=1.028 | shoulder_pan.pos=-12.40 shoulder_lift.pos=-25.50 elbow_flex.pos=+35.01 wrist_flex.pos=+74.98 wrist_roll.pos=-5.64 gripper.pos=+31.47
DEBUG 2026-08-19 04:37:28 [action #158] t=7.06s step=1271 queue=6 dmax=1.134 | shoulder_pan.pos=-12.32 shoulder_lift.pos=-25.24 elbow_flex.pos=+34.61 wrist_flex.pos=+74.89 wrist_roll.pos=-5.83 gripper.pos=+32.60
DEBUG 2026-08-19 04:37:28 [action #159] t=7.09s step=1272 queue=5 dmax=0.776 | shoulder_pan.pos=-12.57 shoulder_lift.pos=-24.46 elbow_flex.pos=+34.79 wrist_flex.pos=+74.79 wrist_roll.pos=-5.87 gripper.pos=+33.30
DEBUG 2026-08-19 04:37:28 [action #160] t=7.13s step=1273 queue=4 dmax=0.834 | shoulder_pan.pos=-12.57 shoulder_lift.pos=-23.63 elbow_flex.pos=+34.15 wrist_flex.pos=+74.97 wrist_roll.pos=-6.03 gripper.pos=+34.00
DEBUG 2026-08-19 04:37:28 [action #161] t=7.16s step=1274 queue=3 dmax=0.513 | shoulder_pan.pos=-12.69 shoulder_lift.pos=-23.11 elbow_flex.pos=+34.21 wrist_flex.pos=+75.28 wrist_roll.pos=-6.18 gripper.pos=+34.39
DEBUG 2026-08-19 04:37:28 [action #162] t=7.19s step=1275 queue=2 dmax=1.121 | shoulder_pan.pos=-12.73 shoulder_lift.pos=-21.99 elbow_flex.pos=+33.72 wrist_flex.pos=+74.98 wrist_roll.pos=-6.11 gripper.pos=+34.19
DEBUG 2026-08-19 04:37:28 [chunk] received 50 actions, timesteps 1250..1299 | first: shoulder_pan.pos=-12.19 shoulder_lift.pos=-101.86 elbow_flex.pos=+88.39 wrist_flex.pos=+73.58 wrist_roll.pos=-1.50 gripper.pos=+0.89 | last: shoulder_pan.pos=-11.17 shoulder_lift.pos=-71.73 elbow_flex.pos=+64.36 wrist_flex.pos=+70.99 wrist_roll.pos=-2.69 gripper.pos=+1.10
DEBUG 2026-08-19 04:37:28 [action #163] t=7.23s step=1276 queue=24 dmax=55.375 | shoulder_pan.pos=-12.80 shoulder_lift.pos=-77.37 elbow_flex.pos=+69.89 wrist_flex.pos=+72.50 wrist_roll.pos=-3.32 gripper.pos=+10.92
DEBUG 2026-08-19 04:37:28 [action #164] t=7.26s step=1277 queue=23 dmax=23.248 | shoulder_pan.pos=-12.67 shoulder_lift.pos=-100.62 elbow_flex.pos=+84.63 wrist_flex.pos=+71.43 wrist_roll.pos=-2.08 gripper.pos=+0.82
DEBUG 2026-08-19 04:37:28 [action #165] t=7.29s step=1278 queue=22 dmax=0.362 | shoulder_pan.pos=-12.64 shoulder_lift.pos=-100.98 elbow_flex.pos=+84.53 wrist_flex.pos=+71.59 wrist_roll.pos=-2.11 gripper.pos=+0.94
DEBUG 2026-08-19 04:37:28 [action #166] t=7.33s step=1279 queue=21 dmax=0.732 | shoulder_pan.pos=-12.69 shoulder_lift.pos=-100.25 elbow_flex.pos=+84.08 wrist_flex.pos=+71.73 wrist_roll.pos=-2.01 gripper.pos=+1.03
DEBUG 2026-08-19 04:37:28 [action #167] t=7.36s step=1280 queue=20 dmax=0.838 | shoulder_pan.pos=-12.70 shoulder_lift.pos=-99.88 elbow_flex.pos=+83.24 wrist_flex.pos=+71.93 wrist_roll.pos=-2.05 gripper.pos=+0.91
DEBUG 2026-08-19 04:37:28 [action #168] t=7.39s step=1281 queue=19 dmax=0.615 | shoulder_pan.pos=-12.73 shoulder_lift.pos=-99.27 elbow_flex.pos=+82.97 wrist_flex.pos=+71.76 wrist_roll.pos=-1.98 gripper.pos=+0.99
DEBUG 2026-08-19 04:37:28 [action #169] t=7.43s step=1282 queue=18 dmax=0.723 | shoulder_pan.pos=-12.63 shoulder_lift.pos=-99.27 elbow_flex.pos=+82.25 wrist_flex.pos=+71.93 wrist_roll.pos=-2.04 gripper.pos=+0.93
DEBUG 2026-08-19 04:37:28 [action #170] t=7.46s step=1283 queue=17 dmax=1.251 | shoulder_pan.pos=-12.63 shoulder_lift.pos=-98.02 elbow_flex.pos=+81.82 wrist_flex.pos=+71.95 wrist_roll.pos=-1.99 gripper.pos=+0.83
DEBUG 2026-08-19 04:37:28 [action #171] t=7.49s step=1284 queue=16 dmax=1.102 | shoulder_pan.pos=-12.72 shoulder_lift.pos=-96.92 elbow_flex.pos=+81.27 wrist_flex.pos=+71.94 wrist_roll.pos=-1.96 gripper.pos=+0.82
DEBUG 2026-08-19 04:37:28 [action #172] t=7.53s step=1285 queue=15 dmax=1.646 | shoulder_pan.pos=-12.75 shoulder_lift.pos=-95.72 elbow_flex.pos=+79.63 wrist_flex.pos=+71.92 wrist_roll.pos=-1.92 gripper.pos=+0.85
DEBUG 2026-08-19 04:37:28 [action #173] t=7.56s step=1286 queue=14 dmax=1.340 | shoulder_pan.pos=-12.45 shoulder_lift.pos=-94.38 elbow_flex.pos=+78.75 wrist_flex.pos=+71.80 wrist_roll.pos=-1.92 gripper.pos=+0.88
DEBUG 2026-08-19 04:37:28 [action #174] t=7.59s step=1287 queue=13 dmax=1.296 | shoulder_pan.pos=-12.54 shoulder_lift.pos=-93.08 elbow_flex.pos=+77.49 wrist_flex.pos=+71.70 wrist_roll.pos=-1.86 gripper.pos=+0.88
DEBUG 2026-08-19 04:37:29 [action #175] t=7.63s step=1288 queue=12 dmax=1.682 | shoulder_pan.pos=-12.50 shoulder_lift.pos=-91.40 elbow_flex.pos=+76.81 wrist_flex.pos=+71.95 wrist_roll.pos=-1.90 gripper.pos=+0.88
DEBUG 2026-08-19 04:37:29 [action #176] t=7.66s step=1289 queue=11 dmax=2.075 | shoulder_pan.pos=-12.21 shoulder_lift.pos=-89.33 elbow_flex.pos=+75.81 wrist_flex.pos=+71.75 wrist_roll.pos=-1.83 gripper.pos=+0.76
DEBUG 2026-08-19 04:37:29 [action #177] t=7.69s step=1290 queue=10 dmax=1.261 | shoulder_pan.pos=-12.25 shoulder_lift.pos=-88.07 elbow_flex.pos=+75.12 wrist_flex.pos=+71.68 wrist_roll.pos=-1.87 gripper.pos=+0.88
DEBUG 2026-08-19 04:37:29 [action #178] t=7.73s step=1291 queue=9 dmax=1.671 | shoulder_pan.pos=-12.16 shoulder_lift.pos=-86.40 elbow_flex.pos=+74.12 wrist_flex.pos=+71.86 wrist_roll.pos=-1.91 gripper.pos=+0.95
DEBUG 2026-08-19 04:37:29 [action #179] t=7.76s step=1292 queue=8 dmax=2.318 | shoulder_pan.pos=-11.84 shoulder_lift.pos=-84.08 elbow_flex.pos=+72.96 wrist_flex.pos=+71.80 wrist_roll.pos=-1.99 gripper.pos=+0.95
DEBUG 2026-08-19 04:37:29 [action #180] t=7.80s step=1293 queue=7 dmax=1.789 | shoulder_pan.pos=-11.92 shoulder_lift.pos=-82.29 elbow_flex.pos=+71.42 wrist_flex.pos=+71.77 wrist_roll.pos=-2.08 gripper.pos=+0.87
DEBUG 2026-08-19 04:37:29 [action #181] t=7.83s step=1294 queue=6 dmax=1.368 | shoulder_pan.pos=-11.69 shoulder_lift.pos=-80.92 elbow_flex.pos=+70.57 wrist_flex.pos=+71.74 wrist_roll.pos=-2.17 gripper.pos=+0.91
DEBUG 2026-08-19 04:37:29 [action #182] t=7.86s step=1295 queue=5 dmax=1.295 | shoulder_pan.pos=-11.71 shoulder_lift.pos=-79.76 elbow_flex.pos=+69.27 wrist_flex.pos=+71.43 wrist_roll.pos=-2.11 gripper.pos=+0.94
DEBUG 2026-08-19 04:37:29 [chunk] received 50 actions, timesteps 1275..1324 | first: shoulder_pan.pos=-12.97 shoulder_lift.pos=-22.57 elbow_flex.pos=+36.99 wrist_flex.pos=+73.51 wrist_roll.pos=-5.42 gripper.pos=+33.07 | last: shoulder_pan.pos=-11.26 shoulder_lift.pos=+6.26 elbow_flex.pos=+24.38 wrist_flex.pos=+67.77 wrist_roll.pos=-2.60 gripper.pos=+9.54
DEBUG 2026-08-19 04:37:29 [action #183] t=7.90s step=1296 queue=4 dmax=2.196 | shoulder_pan.pos=-11.38 shoulder_lift.pos=-77.57 elbow_flex.pos=+67.91 wrist_flex.pos=+71.32 wrist_roll.pos=-2.28 gripper.pos=+1.04
DEBUG 2026-08-19 04:37:29 [action #184] t=7.93s step=1296 queue=29 dmax=75.040 | shoulder_pan.pos=-13.64 shoulder_lift.pos=-2.53 elbow_flex.pos=+27.56 wrist_flex.pos=+70.97 wrist_roll.pos=-4.71 gripper.pos=+34.21
DEBUG 2026-08-19 04:37:29 [action #185] t=7.96s step=1297 queue=28 dmax=21.084 | shoulder_pan.pos=-12.91 shoulder_lift.pos=-23.61 elbow_flex.pos=+39.00 wrist_flex.pos=+70.83 wrist_roll.pos=-4.03 gripper.pos=+24.19
DEBUG 2026-08-19 04:37:29 [action #186] t=8.00s step=1298 queue=27 dmax=0.735 | shoulder_pan.pos=-12.96 shoulder_lift.pos=-22.88 elbow_flex.pos=+38.51 wrist_flex.pos=+70.72 wrist_roll.pos=-4.06 gripper.pos=+24.32
DEBUG 2026-08-19 04:37:29 [action #187] t=8.03s step=1299 queue=26 dmax=0.787 | shoulder_pan.pos=-12.95 shoulder_lift.pos=-22.09 elbow_flex.pos=+37.94 wrist_flex.pos=+70.52 wrist_roll.pos=-4.12 gripper.pos=+24.32
DEBUG 2026-08-19 04:37:29 [action #188] t=8.06s step=1300 queue=25 dmax=21.798 | shoulder_pan.pos=-13.94 shoulder_lift.pos=-0.29 elbow_flex.pos=+26.84 wrist_flex.pos=+70.29 wrist_roll.pos=-4.61 gripper.pos=+34.22
DEBUG 2026-08-19 04:37:29 [action #189] t=8.10s step=1301 queue=24 dmax=0.784 | shoulder_pan.pos=-13.75 shoulder_lift.pos=+0.49 elbow_flex.pos=+26.29 wrist_flex.pos=+69.84 wrist_roll.pos=-4.64 gripper.pos=+34.26
DEBUG 2026-08-19 04:37:29 [action #190] t=8.13s step=1302 queue=23 dmax=0.215 | shoulder_pan.pos=-13.97 shoulder_lift.pos=+0.58 elbow_flex.pos=+26.41 wrist_flex.pos=+69.74 wrist_roll.pos=-4.53 gripper.pos=+34.24
DEBUG 2026-08-19 04:37:29 [action #191] t=8.16s step=1303 queue=22 dmax=0.154 | shoulder_pan.pos=-13.81 shoulder_lift.pos=+0.69 elbow_flex.pos=+26.41 wrist_flex.pos=+69.61 wrist_roll.pos=-4.51 gripper.pos=+34.24
DEBUG 2026-08-19 04:37:29 [action #192] t=8.20s step=1304 queue=21 dmax=1.169 | shoulder_pan.pos=-13.81 shoulder_lift.pos=+1.86 elbow_flex.pos=+26.64 wrist_flex.pos=+69.38 wrist_roll.pos=-4.60 gripper.pos=+34.17
DEBUG 2026-08-19 04:37:29 [action #193] t=8.23s step=1305 queue=20 dmax=0.817 | shoulder_pan.pos=-13.95 shoulder_lift.pos=+1.97 elbow_flex.pos=+25.82 wrist_flex.pos=+69.36 wrist_roll.pos=-4.66 gripper.pos=+34.19
DEBUG 2026-08-19 04:37:29 [action #194] t=8.26s step=1306 queue=19 dmax=0.849 | shoulder_pan.pos=-13.97 shoulder_lift.pos=+2.82 elbow_flex.pos=+25.93 wrist_flex.pos=+69.33 wrist_roll.pos=-4.49 gripper.pos=+34.11
DEBUG 2026-08-19 04:37:29 [action #195] t=8.30s step=1307 queue=18 dmax=0.613 | shoulder_pan.pos=-13.88 shoulder_lift.pos=+3.00 elbow_flex.pos=+25.32 wrist_flex.pos=+69.10 wrist_roll.pos=-4.58 gripper.pos=+34.15
DEBUG 2026-08-19 04:37:29 [action #196] t=8.33s step=1308 queue=17 dmax=0.490 | shoulder_pan.pos=-13.94 shoulder_lift.pos=+3.49 elbow_flex.pos=+25.48 wrist_flex.pos=+68.97 wrist_roll.pos=-4.52 gripper.pos=+34.17
DEBUG 2026-08-19 04:37:29 [action #197] t=8.36s step=1309 queue=16 dmax=0.444 | shoulder_pan.pos=-13.77 shoulder_lift.pos=+3.71 elbow_flex.pos=+25.03 wrist_flex.pos=+68.72 wrist_roll.pos=-4.55 gripper.pos=+34.13
DEBUG 2026-08-19 04:37:29 [action #198] t=8.40s step=1310 queue=15 dmax=0.511 | shoulder_pan.pos=-13.84 shoulder_lift.pos=+4.22 elbow_flex.pos=+25.05 wrist_flex.pos=+68.48 wrist_roll.pos=-4.51 gripper.pos=+34.22
DEBUG 2026-08-19 04:37:29 [action #199] t=8.43s step=1311 queue=14 dmax=0.518 | shoulder_pan.pos=-13.70 shoulder_lift.pos=+4.74 elbow_flex.pos=+25.27 wrist_flex.pos=+68.38 wrist_roll.pos=-4.58 gripper.pos=+34.13
DEBUG 2026-08-19 04:37:29 [action #200] t=8.46s step=1312 queue=13 dmax=0.358 | shoulder_pan.pos=-13.64 shoulder_lift.pos=+5.09 elbow_flex.pos=+25.01 wrist_flex.pos=+68.36 wrist_roll.pos=-4.57 gripper.pos=+34.16
DEBUG 2026-08-19 04:37:29 [action #201] t=8.50s step=1313 queue=12 dmax=0.546 | shoulder_pan.pos=-13.60 shoulder_lift.pos=+5.64 elbow_flex.pos=+24.76 wrist_flex.pos=+68.27 wrist_roll.pos=-4.49 gripper.pos=+33.89
DEBUG 2026-08-19 04:37:29 [action #202] t=8.53s step=1314 queue=11 dmax=0.480 | shoulder_pan.pos=-13.49 shoulder_lift.pos=+6.12 elbow_flex.pos=+24.77 wrist_flex.pos=+68.18 wrist_roll.pos=-4.45 gripper.pos=+33.45
DEBUG 2026-08-19 04:37:29 [action #203] t=8.56s step=1315 queue=10 dmax=1.320 | shoulder_pan.pos=-13.41 shoulder_lift.pos=+6.73 elbow_flex.pos=+24.05 wrist_flex.pos=+68.17 wrist_roll.pos=-4.35 gripper.pos=+32.13
DEBUG 2026-08-19 04:37:29 [action #204] t=8.60s step=1316 queue=9 dmax=1.707 | shoulder_pan.pos=-12.87 shoulder_lift.pos=+6.77 elbow_flex.pos=+24.23 wrist_flex.pos=+68.03 wrist_roll.pos=-4.42 gripper.pos=+30.42
DEBUG 2026-08-19 04:37:30 [action #205] t=8.63s step=1317 queue=8 dmax=2.822 | shoulder_pan.pos=-13.05 shoulder_lift.pos=+6.87 elbow_flex.pos=+23.81 wrist_flex.pos=+68.24 wrist_roll.pos=-4.27 gripper.pos=+27.60
DEBUG 2026-08-19 04:37:30 [action #206] t=8.66s step=1318 queue=7 dmax=2.800 | shoulder_pan.pos=-12.67 shoulder_lift.pos=+7.22 elbow_flex.pos=+23.27 wrist_flex.pos=+68.05 wrist_roll.pos=-4.16 gripper.pos=+24.80
DEBUG 2026-08-19 04:37:30 [chunk] received 50 actions, timesteps 1295..1344 | first: shoulder_pan.pos=-13.59 shoulder_lift.pos=-75.98 elbow_flex.pos=+70.47 wrist_flex.pos=+72.04 wrist_roll.pos=-2.89 gripper.pos=+0.97 | last: shoulder_pan.pos=-17.56 shoulder_lift.pos=-27.61 elbow_flex.pos=+42.37 wrist_flex.pos=+76.55 wrist_roll.pos=-3.23 gripper.pos=+34.35
DEBUG 2026-08-19 04:37:30 [action #207] t=8.70s step=1319 queue=26 dmax=35.271 | shoulder_pan.pos=-13.67 shoulder_lift.pos=-28.05 elbow_flex.pos=+41.07 wrist_flex.pos=+73.59 wrist_roll.pos=-3.55 gripper.pos=+21.93
DEBUG 2026-08-19 04:37:30 [action #208] t=8.73s step=1320 queue=25 dmax=0.340 | shoulder_pan.pos=-13.70 shoulder_lift.pos=-28.39 elbow_flex.pos=+41.27 wrist_flex.pos=+73.57 wrist_roll.pos=-3.54 gripper.pos=+21.80
DEBUG 2026-08-19 04:37:30 [action #209] t=8.76s step=1321 queue=24 dmax=0.211 | shoulder_pan.pos=-13.90 shoulder_lift.pos=-28.25 elbow_flex.pos=+41.06 wrist_flex.pos=+73.66 wrist_roll.pos=-3.39 gripper.pos=+21.67
DEBUG 2026-08-19 04:37:30 [action #210] t=8.80s step=1322 queue=23 dmax=0.213 | shoulder_pan.pos=-13.80 shoulder_lift.pos=-28.32 elbow_flex.pos=+41.02 wrist_flex.pos=+73.87 wrist_roll.pos=-3.28 gripper.pos=+21.53
DEBUG 2026-08-19 04:37:30 [action #211] t=8.83s step=1323 queue=22 dmax=0.495 | shoulder_pan.pos=-13.95 shoulder_lift.pos=-27.83 elbow_flex.pos=+40.82 wrist_flex.pos=+74.08 wrist_roll.pos=-3.30 gripper.pos=+21.61
DEBUG 2026-08-19 04:37:30 [action #212] t=8.87s step=1324 queue=21 dmax=0.405 | shoulder_pan.pos=-13.80 shoulder_lift.pos=-27.42 elbow_flex.pos=+40.48 wrist_flex.pos=+74.32 wrist_roll.pos=-3.15 gripper.pos=+21.92
DEBUG 2026-08-19 04:37:30 [action #213] t=8.90s step=1325 queue=20 dmax=14.409 | shoulder_pan.pos=-15.29 shoulder_lift.pos=-41.83 elbow_flex.pos=+47.95 wrist_flex.pos=+77.35 wrist_roll.pos=-3.35 gripper.pos=+28.33
DEBUG 2026-08-19 04:37:30 [action #214] t=8.93s step=1326 queue=19 dmax=1.599 | shoulder_pan.pos=-15.19 shoulder_lift.pos=-41.48 elbow_flex.pos=+47.82 wrist_flex.pos=+77.28 wrist_roll.pos=-3.36 gripper.pos=+29.93
DEBUG 2026-08-19 04:37:30 [action #215] t=8.97s step=1327 queue=18 dmax=1.223 | shoulder_pan.pos=-15.52 shoulder_lift.pos=-40.61 elbow_flex.pos=+47.25 wrist_flex.pos=+77.34 wrist_roll.pos=-3.32 gripper.pos=+31.15
DEBUG 2026-08-19 04:37:30 [action #216] t=9.00s step=1328 queue=17 dmax=1.191 | shoulder_pan.pos=-15.64 shoulder_lift.pos=-39.42 elbow_flex.pos=+47.32 wrist_flex.pos=+77.32 wrist_roll.pos=-3.30 gripper.pos=+32.20
DEBUG 2026-08-19 04:37:30 [action #217] t=9.03s step=1329 queue=16 dmax=0.775 | shoulder_pan.pos=-15.97 shoulder_lift.pos=-39.25 elbow_flex.pos=+46.78 wrist_flex.pos=+77.39 wrist_roll.pos=-3.31 gripper.pos=+32.98
DEBUG 2026-08-19 04:37:30 [action #218] t=9.07s step=1330 queue=15 dmax=1.151 | shoulder_pan.pos=-16.10 shoulder_lift.pos=-38.10 elbow_flex.pos=+46.39 wrist_flex.pos=+77.23 wrist_roll.pos=-3.25 gripper.pos=+33.66
DEBUG 2026-08-19 04:37:30 [action #219] t=9.10s step=1331 queue=14 dmax=0.361 | shoulder_pan.pos=-16.42 shoulder_lift.pos=-38.04 elbow_flex.pos=+46.47 wrist_flex.pos=+77.25 wrist_roll.pos=-3.21 gripper.pos=+34.02
DEBUG 2026-08-19 04:37:30 [action #220] t=9.13s step=1332 queue=13 dmax=1.210 | shoulder_pan.pos=-16.53 shoulder_lift.pos=-36.83 elbow_flex.pos=+45.92 wrist_flex.pos=+77.13 wrist_roll.pos=-3.11 gripper.pos=+34.39
DEBUG 2026-08-19 04:37:30 [action #221] t=9.17s step=1333 queue=12 dmax=1.357 | shoulder_pan.pos=-16.59 shoulder_lift.pos=-35.48 elbow_flex.pos=+45.23 wrist_flex.pos=+77.22 wrist_roll.pos=-3.20 gripper.pos=+34.63
DEBUG 2026-08-19 04:37:30 [action #222] t=9.20s step=1334 queue=11 dmax=0.338 | shoulder_pan.pos=-16.93 shoulder_lift.pos=-35.18 elbow_flex.pos=+45.52 wrist_flex.pos=+77.11 wrist_roll.pos=-3.19 gripper.pos=+34.67
DEBUG 2026-08-19 04:37:30 [action #223] t=9.23s step=1335 queue=10 dmax=1.018 | shoulder_pan.pos=-16.87 shoulder_lift.pos=-34.16 elbow_flex.pos=+44.64 wrist_flex.pos=+76.96 wrist_roll.pos=-3.21 gripper.pos=+34.54
DEBUG 2026-08-19 04:37:30 [action #224] t=9.27s step=1336 queue=9 dmax=0.675 | shoulder_pan.pos=-16.92 shoulder_lift.pos=-33.49 elbow_flex.pos=+44.78 wrist_flex.pos=+76.78 wrist_roll.pos=-3.08 gripper.pos=+34.38
DEBUG 2026-08-19 04:37:30 [action #225] t=9.30s step=1337 queue=8 dmax=0.581 | shoulder_pan.pos=-17.21 shoulder_lift.pos=-32.91 elbow_flex.pos=+44.46 wrist_flex.pos=+76.78 wrist_roll.pos=-3.20 gripper.pos=+34.27
DEBUG 2026-08-19 04:37:30 [action #226] t=9.33s step=1338 queue=7 dmax=0.956 | shoulder_pan.pos=-17.21 shoulder_lift.pos=-31.95 elbow_flex.pos=+43.96 wrist_flex.pos=+76.84 wrist_roll.pos=-3.21 gripper.pos=+34.26
DEBUG 2026-08-19 04:37:30 [action #227] t=9.37s step=1339 queue=6 dmax=0.490 | shoulder_pan.pos=-17.03 shoulder_lift.pos=-31.46 elbow_flex.pos=+43.62 wrist_flex.pos=+76.80 wrist_roll.pos=-3.17 gripper.pos=+34.13
DEBUG 2026-08-19 04:37:30 [action #228] t=9.40s step=1340 queue=5 dmax=0.839 | shoulder_pan.pos=-17.31 shoulder_lift.pos=-30.63 elbow_flex.pos=+43.32 wrist_flex.pos=+76.87 wrist_roll.pos=-3.20 gripper.pos=+34.23
DEBUG 2026-08-19 04:37:30 [action #229] t=9.43s step=1341 queue=4 dmax=0.776 | shoulder_pan.pos=-17.19 shoulder_lift.pos=-29.85 elbow_flex.pos=+43.37 wrist_flex.pos=+76.69 wrist_roll.pos=-3.21 gripper.pos=+34.36
DEBUG 2026-08-19 04:37:30 [action #230] t=9.47s step=1342 queue=3 dmax=0.528 | shoulder_pan.pos=-17.22 shoulder_lift.pos=-29.32 elbow_flex.pos=+43.19 wrist_flex.pos=+76.66 wrist_roll.pos=-3.28 gripper.pos=+34.29
DEBUG 2026-08-19 04:37:30 [action #231] t=9.50s step=1343 queue=2 dmax=0.712 | shoulder_pan.pos=-17.39 shoulder_lift.pos=-28.61 elbow_flex.pos=+42.52 wrist_flex.pos=+76.83 wrist_roll.pos=-3.28 gripper.pos=+34.24
DEBUG 2026-08-19 04:37:30 [action #232] t=9.53s step=1344 queue=1 dmax=1.003 | shoulder_pan.pos=-17.56 shoulder_lift.pos=-27.61 elbow_flex.pos=+42.37 wrist_flex.pos=+76.55 wrist_roll.pos=-3.23 gripper.pos=+34.35
DEBUG 2026-08-19 04:37:30 [chunk] received 50 actions, timesteps 1318..1367 | first: shoulder_pan.pos=-13.81 shoulder_lift.pos=+3.47 elbow_flex.pos=+21.48 wrist_flex.pos=+71.30 wrist_roll.pos=-4.11 gripper.pos=+34.96 | last: shoulder_pan.pos=-13.12 shoulder_lift.pos=+9.77 elbow_flex.pos=-0.89 wrist_flex.pos=+86.76 wrist_roll.pos=-2.97 gripper.pos=+4.54
DEBUG 2026-08-19 04:37:30 [action #233] t=9.60s step=1345 queue=23 dmax=41.748 | shoulder_pan.pos=-13.89 shoulder_lift.pos=+14.14 elbow_flex.pos=+17.42 wrist_flex.pos=+71.03 wrist_roll.pos=-2.02 gripper.pos=+8.15
DEBUG 2026-08-19 04:37:31 [action #234] t=9.63s step=1346 queue=22 dmax=1.960 | shoulder_pan.pos=-13.62 shoulder_lift.pos=+13.14 elbow_flex.pos=+17.52 wrist_flex.pos=+71.13 wrist_roll.pos=-1.76 gripper.pos=+6.19
DEBUG 2026-08-19 04:37:31 [action #235] t=9.67s step=1347 queue=21 dmax=1.179 | shoulder_pan.pos=-13.57 shoulder_lift.pos=+13.56 elbow_flex.pos=+16.99 wrist_flex.pos=+71.29 wrist_roll.pos=-1.83 gripper.pos=+5.01
DEBUG 2026-08-19 04:37:31 [action #236] t=9.70s step=1348 queue=20 dmax=0.928 | shoulder_pan.pos=-13.48 shoulder_lift.pos=+13.18 elbow_flex.pos=+16.07 wrist_flex.pos=+71.78 wrist_roll.pos=-2.00 gripper.pos=+4.21
DEBUG 2026-08-19 04:37:31 [action #237] t=9.73s step=1349 queue=19 dmax=0.421 | shoulder_pan.pos=-13.37 shoulder_lift.pos=+12.96 elbow_flex.pos=+16.49 wrist_flex.pos=+72.10 wrist_roll.pos=-1.94 gripper.pos=+4.20
DEBUG 2026-08-19 04:37:31 [action #238] t=9.77s step=1350 queue=18 dmax=0.836 | shoulder_pan.pos=-13.43 shoulder_lift.pos=+13.13 elbow_flex.pos=+15.90 wrist_flex.pos=+72.94 wrist_roll.pos=-1.95 gripper.pos=+4.18
DEBUG 2026-08-19 04:37:31 [action #239] t=9.80s step=1351 queue=17 dmax=0.868 | shoulder_pan.pos=-13.46 shoulder_lift.pos=+13.44 elbow_flex.pos=+15.03 wrist_flex.pos=+73.63 wrist_roll.pos=-1.95 gripper.pos=+4.43
DEBUG 2026-08-19 04:37:31 [action #240] t=9.83s step=1352 queue=16 dmax=1.326 | shoulder_pan.pos=-13.32 shoulder_lift.pos=+12.93 elbow_flex.pos=+13.71 wrist_flex.pos=+74.83 wrist_roll.pos=-1.80 gripper.pos=+4.65
DEBUG 2026-08-19 04:37:31 [action #241] t=9.87s step=1353 queue=15 dmax=1.109 | shoulder_pan.pos=-13.17 shoulder_lift.pos=+13.04 elbow_flex.pos=+12.75 wrist_flex.pos=+75.94 wrist_roll.pos=-2.07 gripper.pos=+4.85
DEBUG 2026-08-19 04:37:31 [action #242] t=9.90s step=1354 queue=14 dmax=1.123 | shoulder_pan.pos=-13.46 shoulder_lift.pos=+13.37 elbow_flex.pos=+11.73 wrist_flex.pos=+77.06 wrist_roll.pos=-2.25 gripper.pos=+4.76
DEBUG 2026-08-19 04:37:31 [action #243] t=9.94s step=1355 queue=13 dmax=1.068 | shoulder_pan.pos=-13.31 shoulder_lift.pos=+13.03 elbow_flex.pos=+10.66 wrist_flex.pos=+78.08 wrist_roll.pos=-2.26 gripper.pos=+4.65
DEBUG 2026-08-19 04:37:31 [action #244] t=9.97s step=1356 queue=12 dmax=1.000 | shoulder_pan.pos=-13.35 shoulder_lift.pos=+13.12 elbow_flex.pos=+9.66 wrist_flex.pos=+78.96 wrist_roll.pos=-2.25 gripper.pos=+4.61
DEBUG 2026-08-19 04:37:31 [action #245] t=10.00s step=1357 queue=11 dmax=0.756 | shoulder_pan.pos=-13.26 shoulder_lift.pos=+12.88 elbow_flex.pos=+9.19 wrist_flex.pos=+79.72 wrist_roll.pos=-2.21 gripper.pos=+4.53
DEBUG 2026-08-19 04:37:31 [action #246] t=10.04s step=1358 queue=10 dmax=1.118 | shoulder_pan.pos=-13.48 shoulder_lift.pos=+13.04 elbow_flex.pos=+8.07 wrist_flex.pos=+80.58 wrist_roll.pos=-2.35 gripper.pos=+4.45
DEBUG 2026-08-19 04:37:31 [action #247] t=10.07s step=1359 queue=9 dmax=0.774 | shoulder_pan.pos=-13.32 shoulder_lift.pos=+12.71 elbow_flex.pos=+7.33 wrist_flex.pos=+81.35 wrist_roll.pos=-2.31 gripper.pos=+4.36
DEBUG 2026-08-19 04:37:31 [action #248] t=10.10s step=1360 queue=8 dmax=0.847 | shoulder_pan.pos=-13.18 shoulder_lift.pos=+12.92 elbow_flex.pos=+6.49 wrist_flex.pos=+81.80 wrist_roll.pos=-2.35 gripper.pos=+4.47
DEBUG 2026-08-19 04:37:31 [action #249] t=10.14s step=1361 queue=7 dmax=0.690 | shoulder_pan.pos=-13.21 shoulder_lift.pos=+12.68 elbow_flex.pos=+5.80 wrist_flex.pos=+82.49 wrist_roll.pos=-2.40 gripper.pos=+4.26
DEBUG 2026-08-19 04:37:31 [action #250] t=10.17s step=1362 queue=6 dmax=0.869 | shoulder_pan.pos=-13.27 shoulder_lift.pos=+12.33 elbow_flex.pos=+4.93 wrist_flex.pos=+83.17 wrist_roll.pos=-2.37 gripper.pos=+4.23
DEBUG 2026-08-19 04:37:31 [action #251] t=10.20s step=1363 queue=5 dmax=0.839 | shoulder_pan.pos=-13.30 shoulder_lift.pos=+11.95 elbow_flex.pos=+4.09 wrist_flex.pos=+83.77 wrist_roll.pos=-2.37 gripper.pos=+4.24
DEBUG 2026-08-19 04:37:31 [action #252] t=10.24s step=1364 queue=4 dmax=1.331 | shoulder_pan.pos=-13.23 shoulder_lift.pos=+11.97 elbow_flex.pos=+2.76 wrist_flex.pos=+84.41 wrist_roll.pos=-2.46 gripper.pos=+4.25
DEBUG 2026-08-19 04:37:31 [action #253] t=10.27s step=1365 queue=3 dmax=1.204 | shoulder_pan.pos=-13.36 shoulder_lift.pos=+11.02 elbow_flex.pos=+1.56 wrist_flex.pos=+85.36 wrist_roll.pos=-2.58 gripper.pos=+4.26
DEBUG 2026-08-19 04:37:31 [action #254] t=10.30s step=1366 queue=2 dmax=1.192 | shoulder_pan.pos=-13.23 shoulder_lift.pos=+10.49 elbow_flex.pos=+0.36 wrist_flex.pos=+86.15 wrist_roll.pos=-2.83 gripper.pos=+4.50
DEBUG 2026-08-19 04:37:31 [action #255] t=10.34s step=1367 queue=1 dmax=1.251 | shoulder_pan.pos=-13.12 shoulder_lift.pos=+9.77 elbow_flex.pos=-0.89 wrist_flex.pos=+86.76 wrist_roll.pos=-2.97 gripper.pos=+4.54
DEBUG 2026-08-19 04:37:31 [chunk] received 50 actions, timesteps 1344..1393 | first: shoulder_pan.pos=-17.24 shoulder_lift.pos=-27.38 elbow_flex.pos=+41.44 wrist_flex.pos=+75.26 wrist_roll.pos=-2.58 gripper.pos=+36.89 | last: shoulder_pan.pos=-15.73 shoulder_lift.pos=+1.71 elbow_flex.pos=+28.54 wrist_flex.pos=+67.75 wrist_roll.pos=-1.60 gripper.pos=+8.26
DEBUG 2026-08-19 04:37:31 [action #256] t=10.44s step=1368 queue=26 dmax=36.298 | shoulder_pan.pos=-17.71 shoulder_lift.pos=-4.54 elbow_flex.pos=+35.41 wrist_flex.pos=+66.64 wrist_roll.pos=-1.31 gripper.pos=+36.96
DEBUG 2026-08-19 04:37:31 [action #257] t=10.47s step=1369 queue=25 dmax=0.714 | shoulder_pan.pos=-17.59 shoulder_lift.pos=-3.82 elbow_flex.pos=+34.76 wrist_flex.pos=+66.59 wrist_roll.pos=-1.10 gripper.pos=+36.86
DEBUG 2026-08-19 04:37:31 [action #258] t=10.50s step=1370 queue=24 dmax=0.352 | shoulder_pan.pos=-17.75 shoulder_lift.pos=-4.02 elbow_flex.pos=+35.11 wrist_flex.pos=+66.37 wrist_roll.pos=-1.12 gripper.pos=+36.73
DEBUG 2026-08-19 04:37:31 [action #259] t=10.54s step=1371 queue=23 dmax=1.093 | shoulder_pan.pos=-17.52 shoulder_lift.pos=-2.93 elbow_flex.pos=+34.50 wrist_flex.pos=+66.13 wrist_roll.pos=-1.11 gripper.pos=+36.39
DEBUG 2026-08-19 04:37:31 [action #260] t=10.57s step=1372 queue=22 dmax=0.775 | shoulder_pan.pos=-17.56 shoulder_lift.pos=-2.15 elbow_flex.pos=+34.40 wrist_flex.pos=+65.91 wrist_roll.pos=-1.21 gripper.pos=+35.80
DEBUG 2026-08-19 04:37:31 [action #261] t=10.60s step=1373 queue=21 dmax=0.890 | shoulder_pan.pos=-17.22 shoulder_lift.pos=-1.27 elbow_flex.pos=+33.88 wrist_flex.pos=+65.90 wrist_roll.pos=-1.20 gripper.pos=+35.27
DEBUG 2026-08-19 04:37:32 [action #262] t=10.64s step=1374 queue=20 dmax=1.065 | shoulder_pan.pos=-17.13 shoulder_lift.pos=-1.14 elbow_flex.pos=+33.78 wrist_flex.pos=+65.81 wrist_roll.pos=-1.16 gripper.pos=+34.20
DEBUG 2026-08-19 04:37:32 [action #263] t=10.67s step=1375 queue=19 dmax=1.186 | shoulder_pan.pos=-16.88 shoulder_lift.pos=-0.46 elbow_flex.pos=+33.17 wrist_flex.pos=+65.86 wrist_roll.pos=-1.13 gripper.pos=+33.02
DEBUG 2026-08-19 04:37:32 [action #264] t=10.70s step=1376 queue=18 dmax=1.415 | shoulder_pan.pos=-16.86 shoulder_lift.pos=-0.15 elbow_flex.pos=+33.05 wrist_flex.pos=+65.79 wrist_roll.pos=-1.19 gripper.pos=+31.60
DEBUG 2026-08-19 04:37:32 [action #265] t=10.74s step=1377 queue=17 dmax=1.551 | shoulder_pan.pos=-16.38 shoulder_lift.pos=+0.48 elbow_flex.pos=+33.01 wrist_flex.pos=+65.80 wrist_roll.pos=-1.13 gripper.pos=+30.05
DEBUG 2026-08-19 04:37:32 [action #266] t=10.77s step=1378 queue=16 dmax=1.291 | shoulder_pan.pos=-16.43 shoulder_lift.pos=+1.17 elbow_flex.pos=+33.17 wrist_flex.pos=+65.89 wrist_roll.pos=-1.09 gripper.pos=+28.76
DEBUG 2026-08-19 04:37:32 [action #267] t=10.80s step=1379 queue=15 dmax=1.906 | shoulder_pan.pos=-16.14 shoulder_lift.pos=+1.30 elbow_flex.pos=+32.97 wrist_flex.pos=+65.72 wrist_roll.pos=-1.12 gripper.pos=+26.86
DEBUG 2026-08-19 04:37:32 [action #268] t=10.84s step=1380 queue=14 dmax=1.622 | shoulder_pan.pos=-16.01 shoulder_lift.pos=+1.76 elbow_flex.pos=+32.33 wrist_flex.pos=+65.81 wrist_roll.pos=-1.18 gripper.pos=+25.23
DEBUG 2026-08-19 04:37:32 [action #269] t=10.87s step=1381 queue=13 dmax=2.320 | shoulder_pan.pos=-15.91 shoulder_lift.pos=+1.43 elbow_flex.pos=+32.47 wrist_flex.pos=+65.80 wrist_roll.pos=-1.20 gripper.pos=+22.91
DEBUG 2026-08-19 04:37:32 [action #270] t=10.90s step=1382 queue=12 dmax=2.534 | shoulder_pan.pos=-15.90 shoulder_lift.pos=+1.73 elbow_flex.pos=+32.64 wrist_flex.pos=+65.93 wrist_roll.pos=-1.25 gripper.pos=+20.38
DEBUG 2026-08-19 04:37:32 [action #271] t=10.94s step=1383 queue=11 dmax=2.366 | shoulder_pan.pos=-15.80 shoulder_lift.pos=+1.48 elbow_flex.pos=+32.37 wrist_flex.pos=+66.00 wrist_roll.pos=-1.30 gripper.pos=+18.01
DEBUG 2026-08-19 04:37:32 [action #272] t=10.97s step=1384 queue=10 dmax=2.657 | shoulder_pan.pos=-15.79 shoulder_lift.pos=+1.44 elbow_flex.pos=+32.03 wrist_flex.pos=+65.95 wrist_roll.pos=-1.31 gripper.pos=+15.36
DEBUG 2026-08-19 04:37:32 [action #273] t=11.01s step=1385 queue=9 dmax=2.160 | shoulder_pan.pos=-15.76 shoulder_lift.pos=+1.77 elbow_flex.pos=+31.70 wrist_flex.pos=+65.81 wrist_roll.pos=-1.34 gripper.pos=+13.20
DEBUG 2026-08-19 04:37:32 [action #274] t=11.04s step=1386 queue=8 dmax=1.689 | shoulder_pan.pos=-15.60 shoulder_lift.pos=+1.30 elbow_flex.pos=+32.27 wrist_flex.pos=+65.87 wrist_roll.pos=-1.41 gripper.pos=+11.51
DEBUG 2026-08-19 04:37:32 [action #275] t=11.07s step=1387 queue=7 dmax=1.033 | shoulder_pan.pos=-15.56 shoulder_lift.pos=+1.81 elbow_flex.pos=+31.66 wrist_flex.pos=+66.01 wrist_roll.pos=-1.61 gripper.pos=+10.47
DEBUG 2026-08-19 04:37:32 [action #276] t=11.11s step=1388 queue=6 dmax=1.096 | shoulder_pan.pos=-15.74 shoulder_lift.pos=+1.19 elbow_flex.pos=+31.45 wrist_flex.pos=+65.92 wrist_roll.pos=-1.40 gripper.pos=+9.38
DEBUG 2026-08-19 04:37:32 [action #277] t=11.14s step=1389 queue=5 dmax=0.511 | shoulder_pan.pos=-15.54 shoulder_lift.pos=+1.34 elbow_flex.pos=+31.08 wrist_flex.pos=+66.00 wrist_roll.pos=-1.48 gripper.pos=+8.87
DEBUG 2026-08-19 04:37:32 [action #278] t=11.17s step=1390 queue=4 dmax=0.371 | shoulder_pan.pos=-15.68 shoulder_lift.pos=+1.49 elbow_flex.pos=+31.26 wrist_flex.pos=+66.21 wrist_roll.pos=-1.52 gripper.pos=+8.50
DEBUG 2026-08-19 04:37:32 [action #279] t=11.21s step=1391 queue=3 dmax=0.982 | shoulder_pan.pos=-15.60 shoulder_lift.pos=+1.51 elbow_flex.pos=+30.28 wrist_flex.pos=+66.54 wrist_roll.pos=-1.55 gripper.pos=+8.40
DEBUG 2026-08-19 04:37:32 [action #280] t=11.24s step=1392 queue=2 dmax=0.719 | shoulder_pan.pos=-15.77 shoulder_lift.pos=+1.08 elbow_flex.pos=+29.56 wrist_flex.pos=+67.07 wrist_roll.pos=-1.62 gripper.pos=+8.47
DEBUG 2026-08-19 04:37:32 [chunk] received 50 actions, timesteps 1367..1416 | first: shoulder_pan.pos=-12.33 shoulder_lift.pos=+7.63 elbow_flex.pos=+2.57 wrist_flex.pos=+82.80 wrist_roll.pos=-1.56 gripper.pos=+5.79 | last: shoulder_pan.pos=+15.41 shoulder_lift.pos=+1.88 elbow_flex.pos=-24.86 wrist_flex.pos=+86.92 wrist_roll.pos=+2.24 gripper.pos=+3.49
DEBUG 2026-08-19 04:37:32 [action #281] t=11.27s step=1393 queue=24 dmax=34.294 | shoulder_pan.pos=-8.03 shoulder_lift.pos=+3.78 elbow_flex.pos=-4.73 wrist_flex.pos=+87.13 wrist_roll.pos=-1.36 gripper.pos=+4.91
DEBUG 2026-08-19 04:37:32 [action #282] t=11.31s step=1394 queue=23 dmax=15.362 | shoulder_pan.pos=-3.95 shoulder_lift.pos=+4.13 elbow_flex.pos=-20.09 wrist_flex.pos=+95.83 wrist_roll.pos=-1.20 gripper.pos=+3.56
DEBUG 2026-08-19 04:37:32 [action #283] t=11.34s step=1395 queue=22 dmax=0.922 | shoulder_pan.pos=-3.09 shoulder_lift.pos=+4.36 elbow_flex.pos=-21.01 wrist_flex.pos=+96.11 wrist_roll.pos=-1.12 gripper.pos=+3.45
DEBUG 2026-08-19 04:37:32 [action #284] t=11.37s step=1396 queue=21 dmax=1.233 | shoulder_pan.pos=-2.22 shoulder_lift.pos=+4.14 elbow_flex.pos=-22.25 wrist_flex.pos=+96.30 wrist_roll.pos=-1.09 gripper.pos=+3.45
DEBUG 2026-08-19 04:37:32 [action #285] t=11.41s step=1397 queue=20 dmax=0.796 | shoulder_pan.pos=-1.42 shoulder_lift.pos=+3.53 elbow_flex.pos=-22.52 wrist_flex.pos=+96.38 wrist_roll.pos=-0.99 gripper.pos=+3.45
DEBUG 2026-08-19 04:37:32 [action #286] t=11.44s step=1398 queue=19 dmax=1.142 | shoulder_pan.pos=-0.28 shoulder_lift.pos=+3.37 elbow_flex.pos=-23.48 wrist_flex.pos=+96.45 wrist_roll.pos=-0.79 gripper.pos=+3.44
DEBUG 2026-08-19 04:37:32 [action #287] t=11.47s step=1399 queue=18 dmax=0.872 | shoulder_pan.pos=+0.59 shoulder_lift.pos=+2.91 elbow_flex.pos=-23.96 wrist_flex.pos=+96.45 wrist_roll.pos=-0.69 gripper.pos=+3.45
DEBUG 2026-08-19 04:37:32 [action #288] t=11.51s step=1400 queue=17 dmax=1.016 | shoulder_pan.pos=+1.61 shoulder_lift.pos=+2.89 elbow_flex.pos=-24.72 wrist_flex.pos=+96.38 wrist_roll.pos=-0.60 gripper.pos=+3.45
DEBUG 2026-08-19 04:37:32 [action #289] t=11.54s step=1401 queue=16 dmax=1.052 | shoulder_pan.pos=+2.66 shoulder_lift.pos=+2.42 elbow_flex.pos=-25.05 wrist_flex.pos=+96.38 wrist_roll.pos=-0.46 gripper.pos=+3.40
DEBUG 2026-08-19 04:37:32 [action #290] t=11.57s step=1402 queue=15 dmax=0.920 | shoulder_pan.pos=+3.58 shoulder_lift.pos=+2.34 elbow_flex.pos=-25.58 wrist_flex.pos=+96.34 wrist_roll.pos=-0.30 gripper.pos=+3.57
DEBUG 2026-08-19 04:37:32 [action #291] t=11.61s step=1403 queue=14 dmax=0.973 | shoulder_pan.pos=+4.56 shoulder_lift.pos=+2.13 elbow_flex.pos=-25.94 wrist_flex.pos=+96.24 wrist_roll.pos=-0.09 gripper.pos=+3.51
DEBUG 2026-08-19 04:37:33 [action #292] t=11.64s step=1404 queue=13 dmax=1.005 | shoulder_pan.pos=+5.56 shoulder_lift.pos=+2.33 elbow_flex.pos=-26.28 wrist_flex.pos=+96.17 wrist_roll.pos=+0.10 gripper.pos=+3.47
DEBUG 2026-08-19 04:37:33 [action #293] t=11.67s step=1405 queue=12 dmax=0.799 | shoulder_pan.pos=+6.36 shoulder_lift.pos=+2.10 elbow_flex.pos=-26.55 wrist_flex.pos=+95.94 wrist_roll.pos=+0.35 gripper.pos=+3.54
DEBUG 2026-08-19 04:37:33 [action #294] t=11.71s step=1406 queue=11 dmax=1.009 | shoulder_pan.pos=+7.37 shoulder_lift.pos=+2.10 elbow_flex.pos=-26.89 wrist_flex.pos=+95.63 wrist_roll.pos=+0.60 gripper.pos=+3.57
DEBUG 2026-08-19 04:37:33 [action #295] t=11.74s step=1407 queue=10 dmax=0.986 | shoulder_pan.pos=+8.35 shoulder_lift.pos=+2.06 elbow_flex.pos=-27.09 wrist_flex.pos=+95.20 wrist_roll.pos=+0.84 gripper.pos=+3.51
DEBUG 2026-08-19 04:37:33 [action #296] t=11.77s step=1408 queue=9 dmax=0.933 | shoulder_pan.pos=+9.29 shoulder_lift.pos=+1.80 elbow_flex.pos=-26.97 wrist_flex.pos=+94.57 wrist_roll.pos=+0.97 gripper.pos=+3.56
DEBUG 2026-08-19 04:37:33 [action #297] t=11.81s step=1409 queue=8 dmax=0.935 | shoulder_pan.pos=+10.22 shoulder_lift.pos=+1.99 elbow_flex.pos=-27.00 wrist_flex.pos=+93.93 wrist_roll.pos=+1.20 gripper.pos=+3.56
DEBUG 2026-08-19 04:37:33 [action #298] t=11.84s step=1410 queue=7 dmax=0.794 | shoulder_pan.pos=+11.02 shoulder_lift.pos=+1.81 elbow_flex.pos=-26.83 wrist_flex.pos=+93.23 wrist_roll.pos=+1.41 gripper.pos=+3.47
DEBUG 2026-08-19 04:37:33 [action #299] t=11.87s step=1411 queue=6 dmax=0.856 | shoulder_pan.pos=+11.78 shoulder_lift.pos=+1.61 elbow_flex.pos=-26.57 wrist_flex.pos=+92.37 wrist_roll.pos=+1.53 gripper.pos=+3.50
DEBUG 2026-08-19 04:37:33 [action #300] t=11.91s step=1412 queue=5 dmax=0.942 | shoulder_pan.pos=+12.64 shoulder_lift.pos=+1.28 elbow_flex.pos=-26.40 wrist_flex.pos=+91.43 wrist_roll.pos=+1.76 gripper.pos=+3.44
DEBUG 2026-08-19 04:37:33 [action #301] t=11.94s step=1413 queue=4 dmax=1.121 | shoulder_pan.pos=+13.47 shoulder_lift.pos=+1.48 elbow_flex.pos=-26.31 wrist_flex.pos=+90.31 wrist_roll.pos=+1.82 gripper.pos=+3.49
DEBUG 2026-08-19 04:37:33 [action #302] t=11.98s step=1414 queue=3 dmax=1.174 | shoulder_pan.pos=+14.15 shoulder_lift.pos=+1.32 elbow_flex.pos=-25.71 wrist_flex.pos=+89.13 wrist_roll.pos=+1.91 gripper.pos=+3.52
DEBUG 2026-08-19 04:37:33 [action #303] t=12.01s step=1415 queue=2 dmax=1.115 | shoulder_pan.pos=+14.92 shoulder_lift.pos=+1.50 elbow_flex.pos=-25.11 wrist_flex.pos=+88.02 wrist_roll.pos=+2.02 gripper.pos=+3.45
DEBUG 2026-08-19 04:37:33 [action #304] t=12.04s step=1416 queue=1 dmax=1.094 | shoulder_pan.pos=+15.41 shoulder_lift.pos=+1.88 elbow_flex.pos=-24.86 wrist_flex.pos=+86.92 wrist_roll.pos=+2.24 gripper.pos=+3.49
DEBUG 2026-08-19 04:37:33 [chunk] received 50 actions, timesteps 1391..1440 | first: shoulder_pan.pos=-15.83 shoulder_lift.pos=-3.23 elbow_flex.pos=+29.98 wrist_flex.pos=+64.58 wrist_roll.pos=-1.04 gripper.pos=+13.77 | last: shoulder_pan.pos=-6.54 shoulder_lift.pos=-20.24 elbow_flex.pos=+9.25 wrist_flex.pos=+88.80 wrist_roll.pos=+0.21 gripper.pos=+2.21
DEBUG 2026-08-19 04:37:33 [action #305] t=12.14s step=1417 queue=24 dmax=46.264 | shoulder_pan.pos=-14.01 shoulder_lift.pos=-2.85 elbow_flex.pos=+21.40 wrist_flex.pos=+74.99 wrist_roll.pos=-0.58 gripper.pos=+2.89
DEBUG 2026-08-19 04:37:33 [action #306] t=12.18s step=1418 queue=23 dmax=1.306 | shoulder_pan.pos=-14.11 shoulder_lift.pos=-2.71 elbow_flex.pos=+20.10 wrist_flex.pos=+76.23 wrist_roll.pos=-0.46 gripper.pos=+2.61
DEBUG 2026-08-19 04:37:33 [action #307] t=12.21s step=1419 queue=22 dmax=1.222 | shoulder_pan.pos=-14.17 shoulder_lift.pos=-2.77 elbow_flex.pos=+19.22 wrist_flex.pos=+77.46 wrist_roll.pos=-0.43 gripper.pos=+2.54
DEBUG 2026-08-19 04:37:33 [action #308] t=12.24s step=1420 queue=21 dmax=1.057 | shoulder_pan.pos=-14.08 shoulder_lift.pos=-3.07 elbow_flex.pos=+18.52 wrist_flex.pos=+78.51 wrist_roll.pos=-0.56 gripper.pos=+2.54
DEBUG 2026-08-19 04:37:33 [action #309] t=12.28s step=1421 queue=20 dmax=1.070 | shoulder_pan.pos=-13.99 shoulder_lift.pos=-3.00 elbow_flex.pos=+17.45 wrist_flex.pos=+79.47 wrist_roll.pos=-0.51 gripper.pos=+2.56
DEBUG 2026-08-19 04:37:33 [action #310] t=12.31s step=1422 queue=19 dmax=0.996 | shoulder_pan.pos=-14.18 shoulder_lift.pos=-3.43 elbow_flex.pos=+17.12 wrist_flex.pos=+80.46 wrist_roll.pos=-0.48 gripper.pos=+2.48
DEBUG 2026-08-19 04:37:33 [action #311] t=12.34s step=1423 queue=18 dmax=0.673 | shoulder_pan.pos=-13.81 shoulder_lift.pos=-3.82 elbow_flex.pos=+16.58 wrist_flex.pos=+81.14 wrist_roll.pos=-0.48 gripper.pos=+2.48
DEBUG 2026-08-19 04:37:33 [action #312] t=12.38s step=1424 queue=17 dmax=0.784 | shoulder_pan.pos=-13.94 shoulder_lift.pos=-4.47 elbow_flex.pos=+16.00 wrist_flex.pos=+81.92 wrist_roll.pos=-0.51 gripper.pos=+2.37
DEBUG 2026-08-19 04:37:33 [action #313] t=12.41s step=1425 queue=16 dmax=0.838 | shoulder_pan.pos=-14.02 shoulder_lift.pos=-5.23 elbow_flex.pos=+15.23 wrist_flex.pos=+82.76 wrist_roll.pos=-0.53 gripper.pos=+2.31
DEBUG 2026-08-19 04:37:33 [action #314] t=12.44s step=1426 queue=15 dmax=1.118 | shoulder_pan.pos=-13.93 shoulder_lift.pos=-6.34 elbow_flex.pos=+14.94 wrist_flex.pos=+83.55 wrist_roll.pos=-0.52 gripper.pos=+2.43
DEBUG 2026-08-19 04:37:33 [action #315] t=12.48s step=1427 queue=14 dmax=0.896 | shoulder_pan.pos=-13.89 shoulder_lift.pos=-7.01 elbow_flex.pos=+14.05 wrist_flex.pos=+84.41 wrist_roll.pos=-0.46 gripper.pos=+2.30
DEBUG 2026-08-19 04:37:33 [action #316] t=12.51s step=1428 queue=13 dmax=1.209 | shoulder_pan.pos=-13.85 shoulder_lift.pos=-8.22 elbow_flex.pos=+13.26 wrist_flex.pos=+84.86 wrist_roll.pos=-0.64 gripper.pos=+2.44
DEBUG 2026-08-19 04:37:33 [action #317] t=12.54s step=1429 queue=12 dmax=1.053 | shoulder_pan.pos=-13.51 shoulder_lift.pos=-9.27 elbow_flex.pos=+13.51 wrist_flex.pos=+85.68 wrist_roll.pos=-0.50 gripper.pos=+2.39
DEBUG 2026-08-19 04:37:33 [action #318] t=12.58s step=1430 queue=11 dmax=1.389 | shoulder_pan.pos=-13.34 shoulder_lift.pos=-10.66 elbow_flex.pos=+12.66 wrist_flex.pos=+86.21 wrist_roll.pos=-0.54 gripper.pos=+2.35
DEBUG 2026-08-19 04:37:33 [action #319] t=12.61s step=1431 queue=10 dmax=1.293 | shoulder_pan.pos=-13.19 shoulder_lift.pos=-11.95 elbow_flex.pos=+12.00 wrist_flex.pos=+86.80 wrist_roll.pos=-0.43 gripper.pos=+2.30
DEBUG 2026-08-19 04:37:34 [action #320] t=12.64s step=1432 queue=9 dmax=0.769 | shoulder_pan.pos=-12.92 shoulder_lift.pos=-12.72 elbow_flex.pos=+12.22 wrist_flex.pos=+87.38 wrist_roll.pos=-0.48 gripper.pos=+2.33
DEBUG 2026-08-19 04:37:34 [action #321] t=12.68s step=1433 queue=8 dmax=1.125 | shoulder_pan.pos=-12.46 shoulder_lift.pos=-13.84 elbow_flex.pos=+11.67 wrist_flex.pos=+87.63 wrist_roll.pos=-0.51 gripper.pos=+2.36
DEBUG 2026-08-19 04:37:34 [action #322] t=12.71s step=1434 queue=7 dmax=1.076 | shoulder_pan.pos=-12.00 shoulder_lift.pos=-14.92 elbow_flex.pos=+11.83 wrist_flex.pos=+87.93 wrist_roll.pos=-0.58 gripper.pos=+2.29
DEBUG 2026-08-19 04:37:34 [action #323] t=12.74s step=1435 queue=6 dmax=1.150 | shoulder_pan.pos=-11.39 shoulder_lift.pos=-16.07 elbow_flex.pos=+11.64 wrist_flex.pos=+88.05 wrist_roll.pos=-0.37 gripper.pos=+2.28
DEBUG 2026-08-19 04:37:34 [action #324] t=12.78s step=1436 queue=5 dmax=1.162 | shoulder_pan.pos=-10.64 shoulder_lift.pos=-17.23 elbow_flex.pos=+10.76 wrist_flex.pos=+88.33 wrist_roll.pos=-0.25 gripper.pos=+2.33
DEBUG 2026-08-19 04:37:34 [action #325] t=12.81s step=1437 queue=4 dmax=0.774 | shoulder_pan.pos=-9.90 shoulder_lift.pos=-17.77 elbow_flex.pos=+9.99 wrist_flex.pos=+88.58 wrist_roll.pos=-0.21 gripper.pos=+2.25
DEBUG 2026-08-19 04:37:34 [action #326] t=12.84s step=1438 queue=3 dmax=0.877 | shoulder_pan.pos=-9.22 shoulder_lift.pos=-18.65 elbow_flex.pos=+10.30 wrist_flex.pos=+88.61 wrist_roll.pos=-0.14 gripper.pos=+2.30
DEBUG 2026-08-19 04:37:34 [action #327] t=12.88s step=1439 queue=2 dmax=1.392 | shoulder_pan.pos=-7.83 shoulder_lift.pos=-19.96 elbow_flex.pos=+10.05 wrist_flex.pos=+88.86 wrist_roll.pos=-0.09 gripper.pos=+2.18
DEBUG 2026-08-19 04:37:34 [action #328] t=12.91s step=1440 queue=1 dmax=1.291 | shoulder_pan.pos=-6.54 shoulder_lift.pos=-20.24 elbow_flex.pos=+9.25 wrist_flex.pos=+88.80 wrist_roll.pos=+0.21 gripper.pos=+2.21
DEBUG 2026-08-19 04:37:34 [chunk] received 50 actions, timesteps 1416..1465 | first: shoulder_pan.pos=+12.13 shoulder_lift.pos=-5.66 elbow_flex.pos=-16.22 wrist_flex.pos=+102.07 wrist_roll.pos=+1.47 gripper.pos=+2.76 | last: shoulder_pan.pos=-4.96 shoulder_lift.pos=-82.99 elbow_flex.pos=+69.13 wrist_flex.pos=+74.64 wrist_roll.pos=-3.04 gripper.pos=+0.45
DEBUG 2026-08-19 04:37:34 [action #329] t=13.01s step=1441 queue=25 dmax=30.707 | shoulder_pan.pos=-3.39 shoulder_lift.pos=-46.85 elbow_flex.pos=+39.95 wrist_flex.pos=+77.89 wrist_roll.pos=-0.87 gripper.pos=+0.63
DEBUG 2026-08-19 04:37:34 [action #330] t=13.05s step=1442 queue=24 dmax=1.742 | shoulder_pan.pos=-3.23 shoulder_lift.pos=-47.99 elbow_flex.pos=+41.70 wrist_flex.pos=+77.34 wrist_roll.pos=-0.88 gripper.pos=+0.59
DEBUG 2026-08-19 04:37:34 [action #331] t=13.08s step=1443 queue=23 dmax=1.321 | shoulder_pan.pos=-3.46 shoulder_lift.pos=-49.18 elbow_flex.pos=+43.02 wrist_flex.pos=+76.72 wrist_roll.pos=-0.67 gripper.pos=+0.59
DEBUG 2026-08-19 04:37:34 [action #332] t=13.11s step=1444 queue=22 dmax=1.717 | shoulder_pan.pos=-3.51 shoulder_lift.pos=-50.16 elbow_flex.pos=+44.74 wrist_flex.pos=+76.21 wrist_roll.pos=-0.75 gripper.pos=+0.55
DEBUG 2026-08-19 04:37:34 [action #333] t=13.15s step=1445 queue=21 dmax=0.825 | shoulder_pan.pos=-3.26 shoulder_lift.pos=-50.99 elbow_flex.pos=+45.08 wrist_flex.pos=+75.69 wrist_roll.pos=-0.82 gripper.pos=+0.62
DEBUG 2026-08-19 04:37:34 [action #334] t=13.18s step=1446 queue=20 dmax=1.548 | shoulder_pan.pos=-3.05 shoulder_lift.pos=-52.27 elbow_flex.pos=+46.63 wrist_flex.pos=+75.08 wrist_roll.pos=-0.77 gripper.pos=+0.56
DEBUG 2026-08-19 04:37:34 [action #335] t=13.21s step=1447 queue=19 dmax=1.542 | shoulder_pan.pos=-2.85 shoulder_lift.pos=-53.72 elbow_flex.pos=+48.17 wrist_flex.pos=+74.56 wrist_roll.pos=-0.73 gripper.pos=+0.60
DEBUG 2026-08-19 04:37:34 [action #336] t=13.25s step=1448 queue=18 dmax=0.894 | shoulder_pan.pos=-2.83 shoulder_lift.pos=-54.62 elbow_flex.pos=+48.88 wrist_flex.pos=+74.07 wrist_roll.pos=-0.72 gripper.pos=+0.55
DEBUG 2026-08-19 04:37:34 [action #337] t=13.28s step=1449 queue=17 dmax=1.449 | shoulder_pan.pos=-2.32 shoulder_lift.pos=-55.51 elbow_flex.pos=+50.32 wrist_flex.pos=+73.87 wrist_roll.pos=-0.83 gripper.pos=+0.57
DEBUG 2026-08-19 04:37:34 [action #338] t=13.31s step=1450 queue=16 dmax=1.402 | shoulder_pan.pos=-2.37 shoulder_lift.pos=-56.91 elbow_flex.pos=+50.68 wrist_flex.pos=+73.58 wrist_roll.pos=-0.83 gripper.pos=+0.65
DEBUG 2026-08-19 04:37:34 [action #339] t=13.35s step=1451 queue=15 dmax=1.992 | shoulder_pan.pos=-2.15 shoulder_lift.pos=-58.60 elbow_flex.pos=+52.68 wrist_flex.pos=+73.22 wrist_roll.pos=-0.63 gripper.pos=+0.48
DEBUG 2026-08-19 04:37:34 [action #340] t=13.38s step=1452 queue=14 dmax=1.254 | shoulder_pan.pos=-2.20 shoulder_lift.pos=-59.85 elbow_flex.pos=+53.87 wrist_flex.pos=+73.13 wrist_roll.pos=-0.72 gripper.pos=+0.53
DEBUG 2026-08-19 04:37:34 [action #341] t=13.41s step=1453 queue=13 dmax=1.601 | shoulder_pan.pos=-2.31 shoulder_lift.pos=-61.45 elbow_flex.pos=+55.11 wrist_flex.pos=+72.97 wrist_roll.pos=-0.71 gripper.pos=+0.61
DEBUG 2026-08-19 04:37:34 [action #342] t=13.45s step=1454 queue=12 dmax=1.360 | shoulder_pan.pos=-2.27 shoulder_lift.pos=-62.81 elbow_flex.pos=+55.85 wrist_flex.pos=+73.04 wrist_roll.pos=-0.81 gripper.pos=+0.55
DEBUG 2026-08-19 04:37:34 [action #343] t=13.48s step=1455 queue=11 dmax=2.110 | shoulder_pan.pos=-2.38 shoulder_lift.pos=-64.92 elbow_flex.pos=+57.37 wrist_flex.pos=+73.24 wrist_roll.pos=-0.76 gripper.pos=+0.57
DEBUG 2026-08-19 04:37:34 [action #344] t=13.51s step=1456 queue=10 dmax=1.482 | shoulder_pan.pos=-2.59 shoulder_lift.pos=-66.40 elbow_flex.pos=+58.63 wrist_flex.pos=+73.26 wrist_roll.pos=-0.92 gripper.pos=+0.61
DEBUG 2026-08-19 04:37:34 [action #345] t=13.55s step=1457 queue=9 dmax=2.148 | shoulder_pan.pos=-2.75 shoulder_lift.pos=-68.55 elbow_flex.pos=+59.73 wrist_flex.pos=+73.35 wrist_roll.pos=-1.01 gripper.pos=+0.52
DEBUG 2026-08-19 04:37:34 [action #346] t=13.58s step=1458 queue=8 dmax=1.780 | shoulder_pan.pos=-2.99 shoulder_lift.pos=-70.29 elbow_flex.pos=+61.51 wrist_flex.pos=+73.27 wrist_roll.pos=-1.13 gripper.pos=+0.62
DEBUG 2026-08-19 04:37:34 [action #347] t=13.61s step=1459 queue=7 dmax=2.181 | shoulder_pan.pos=-3.10 shoulder_lift.pos=-72.47 elbow_flex.pos=+62.96 wrist_flex.pos=+73.13 wrist_roll.pos=-1.16 gripper.pos=+0.55
DEBUG 2026-08-19 04:37:35 [action #348] t=13.65s step=1460 queue=6 dmax=1.262 | shoulder_pan.pos=-3.52 shoulder_lift.pos=-73.73 elbow_flex.pos=+63.34 wrist_flex.pos=+73.29 wrist_roll.pos=-1.22 gripper.pos=+0.67
DEBUG 2026-08-19 04:37:35 [action #349] t=13.68s step=1461 queue=5 dmax=1.816 | shoulder_pan.pos=-3.74 shoulder_lift.pos=-75.55 elbow_flex.pos=+65.04 wrist_flex.pos=+73.22 wrist_roll.pos=-1.34 gripper.pos=+0.58
DEBUG 2026-08-19 04:37:35 [action #350] t=13.71s step=1462 queue=4 dmax=2.221 | shoulder_pan.pos=-4.21 shoulder_lift.pos=-77.77 elbow_flex.pos=+66.43 wrist_flex.pos=+73.45 wrist_roll.pos=-1.62 gripper.pos=+0.50
DEBUG 2026-08-19 04:37:35 [action #351] t=13.75s step=1463 queue=3 dmax=1.932 | shoulder_pan.pos=-4.50 shoulder_lift.pos=-79.70 elbow_flex.pos=+67.68 wrist_flex.pos=+73.75 wrist_roll.pos=-2.08 gripper.pos=+0.60
DEBUG 2026-08-19 04:37:35 [action #352] t=13.78s step=1464 queue=2 dmax=1.721 | shoulder_pan.pos=-4.67 shoulder_lift.pos=-81.42 elbow_flex.pos=+69.03 wrist_flex.pos=+74.37 wrist_roll.pos=-2.84 gripper.pos=+0.68
DEBUG 2026-08-19 04:37:35 [action #353] t=13.81s step=1465 queue=1 dmax=1.569 | shoulder_pan.pos=-4.96 shoulder_lift.pos=-82.99 elbow_flex.pos=+69.13 wrist_flex.pos=+74.64 wrist_roll.pos=-3.04 gripper.pos=+0.45
DEBUG 2026-08-19 04:37:35 [chunk] received 50 actions, timesteps 1440..1489 | first: shoulder_pan.pos=-7.94 shoulder_lift.pos=-26.80 elbow_flex.pos=+18.65 wrist_flex.pos=+88.17 wrist_roll.pos=+0.43 gripper.pos=+1.79 | last: shoulder_pan.pos=-3.28 shoulder_lift.pos=-86.85 elbow_flex.pos=+77.38 wrist_flex.pos=+70.22 wrist_roll.pos=+0.85 gripper.pos=+1.22
DEBUG 2026-08-19 04:37:35 [action #354] t=13.92s step=1466 queue=24 dmax=26.831 | shoulder_pan.pos=-6.92 shoulder_lift.pos=-56.16 elbow_flex.pos=+54.87 wrist_flex.pos=+69.22 wrist_roll.pos=+1.51 gripper.pos=+1.65
DEBUG 2026-08-19 04:37:35 [action #355] t=13.95s step=1467 queue=23 dmax=2.494 | shoulder_pan.pos=-7.21 shoulder_lift.pos=-57.60 elbow_flex.pos=+57.36 wrist_flex.pos=+68.71 wrist_roll.pos=+1.54 gripper.pos=+1.56
DEBUG 2026-08-19 04:37:35 [action #356] t=13.98s step=1468 queue=22 dmax=1.376 | shoulder_pan.pos=-7.09 shoulder_lift.pos=-57.96 elbow_flex.pos=+58.74 wrist_flex.pos=+68.50 wrist_roll.pos=+1.38 gripper.pos=+1.37
DEBUG 2026-08-19 04:37:35 [action #357] t=14.02s step=1469 queue=21 dmax=1.587 | shoulder_pan.pos=-6.94 shoulder_lift.pos=-59.19 elbow_flex.pos=+60.33 wrist_flex.pos=+67.64 wrist_roll.pos=+1.42 gripper.pos=+1.70
DEBUG 2026-08-19 04:37:35 [action #358] t=14.05s step=1470 queue=20 dmax=1.122 | shoulder_pan.pos=-6.99 shoulder_lift.pos=-60.31 elbow_flex.pos=+61.43 wrist_flex.pos=+66.96 wrist_roll.pos=+1.42 gripper.pos=+1.60
DEBUG 2026-08-19 04:37:35 [action #359] t=14.08s step=1471 queue=19 dmax=1.636 | shoulder_pan.pos=-6.48 shoulder_lift.pos=-61.95 elbow_flex.pos=+62.30 wrist_flex.pos=+65.96 wrist_roll.pos=+1.38 gripper.pos=+1.51
DEBUG 2026-08-19 04:37:35 [action #360] t=14.12s step=1472 queue=18 dmax=1.299 | shoulder_pan.pos=-6.59 shoulder_lift.pos=-63.13 elbow_flex.pos=+63.60 wrist_flex.pos=+65.89 wrist_roll.pos=+1.24 gripper.pos=+1.48
DEBUG 2026-08-19 04:37:35 [action #361] t=14.15s step=1473 queue=17 dmax=1.181 | shoulder_pan.pos=-6.77 shoulder_lift.pos=-64.22 elbow_flex.pos=+64.78 wrist_flex.pos=+65.53 wrist_roll.pos=+1.17 gripper.pos=+1.49
DEBUG 2026-08-19 04:37:35 [action #362] t=14.18s step=1474 queue=16 dmax=1.698 | shoulder_pan.pos=-6.27 shoulder_lift.pos=-65.92 elbow_flex.pos=+66.07 wrist_flex.pos=+65.31 wrist_roll.pos=+1.07 gripper.pos=+1.55
DEBUG 2026-08-19 04:37:35 [action #363] t=14.22s step=1475 queue=15 dmax=1.345 | shoulder_pan.pos=-6.39 shoulder_lift.pos=-67.26 elbow_flex.pos=+67.31 wrist_flex.pos=+65.26 wrist_roll.pos=+1.02 gripper.pos=+1.38
DEBUG 2026-08-19 04:37:35 [action #364] t=14.25s step=1476 queue=14 dmax=2.455 | shoulder_pan.pos=-6.04 shoulder_lift.pos=-69.72 elbow_flex.pos=+68.42 wrist_flex.pos=+65.27 wrist_roll.pos=+0.93 gripper.pos=+1.46
DEBUG 2026-08-19 04:37:35 [action #365] t=14.28s step=1477 queue=13 dmax=1.220 | shoulder_pan.pos=-5.92 shoulder_lift.pos=-70.94 elbow_flex.pos=+68.89 wrist_flex.pos=+65.42 wrist_roll.pos=+0.85 gripper.pos=+1.42
DEBUG 2026-08-19 04:37:35 [action #366] t=14.32s step=1478 queue=12 dmax=1.358 | shoulder_pan.pos=-5.91 shoulder_lift.pos=-72.30 elbow_flex.pos=+69.95 wrist_flex.pos=+65.70 wrist_roll.pos=+0.77 gripper.pos=+1.55
DEBUG 2026-08-19 04:37:35 [action #367] t=14.35s step=1479 queue=11 dmax=1.419 | shoulder_pan.pos=-5.73 shoulder_lift.pos=-73.72 elbow_flex.pos=+70.37 wrist_flex.pos=+65.88 wrist_roll.pos=+0.89 gripper.pos=+1.36
DEBUG 2026-08-19 04:37:35 [action #368] t=14.38s step=1480 queue=10 dmax=1.959 | shoulder_pan.pos=-5.42 shoulder_lift.pos=-75.67 elbow_flex.pos=+72.06 wrist_flex.pos=+65.81 wrist_roll.pos=+1.03 gripper.pos=+1.56
DEBUG 2026-08-19 04:37:35 [action #369] t=14.42s step=1481 queue=9 dmax=1.147 | shoulder_pan.pos=-5.32 shoulder_lift.pos=-76.82 elbow_flex.pos=+72.41 wrist_flex.pos=+65.98 wrist_roll.pos=+1.06 gripper.pos=+1.29
DEBUG 2026-08-19 04:37:35 [action #370] t=14.45s step=1482 queue=8 dmax=2.403 | shoulder_pan.pos=-4.74 shoulder_lift.pos=-79.23 elbow_flex.pos=+73.68 wrist_flex.pos=+66.03 wrist_roll.pos=+1.08 gripper.pos=+1.27
DEBUG 2026-08-19 04:37:35 [action #371] t=14.48s step=1483 queue=7 dmax=0.700 | shoulder_pan.pos=-4.89 shoulder_lift.pos=-79.93 elbow_flex.pos=+74.02 wrist_flex.pos=+66.55 wrist_roll.pos=+1.01 gripper.pos=+1.54
DEBUG 2026-08-19 04:37:35 [action #372] t=14.52s step=1484 queue=6 dmax=1.660 | shoulder_pan.pos=-4.24 shoulder_lift.pos=-81.59 elbow_flex.pos=+75.36 wrist_flex.pos=+67.08 wrist_roll.pos=+0.83 gripper.pos=+1.57
DEBUG 2026-08-19 04:37:35 [action #373] t=14.55s step=1485 queue=5 dmax=1.645 | shoulder_pan.pos=-3.81 shoulder_lift.pos=-83.23 elbow_flex.pos=+75.43 wrist_flex.pos=+67.22 wrist_roll.pos=+1.00 gripper.pos=+1.39
DEBUG 2026-08-19 04:37:35 [action #374] t=14.58s step=1486 queue=4 dmax=0.791 | shoulder_pan.pos=-3.83 shoulder_lift.pos=-82.95 elbow_flex.pos=+75.82 wrist_flex.pos=+68.01 wrist_roll.pos=+0.93 gripper.pos=+1.40
DEBUG 2026-08-19 04:37:36 [action #375] t=14.62s step=1487 queue=3 dmax=1.229 | shoulder_pan.pos=-3.32 shoulder_lift.pos=-84.18 elbow_flex.pos=+76.54 wrist_flex.pos=+68.67 wrist_roll.pos=+1.03 gripper.pos=+1.56
DEBUG 2026-08-19 04:37:36 [action #376] t=14.65s step=1488 queue=2 dmax=1.730 | shoulder_pan.pos=-3.34 shoulder_lift.pos=-85.91 elbow_flex.pos=+76.75 wrist_flex.pos=+69.24 wrist_roll.pos=+1.04 gripper.pos=+1.50
DEBUG 2026-08-19 04:37:36 [action #377] t=14.68s step=1489 queue=1 dmax=0.981 | shoulder_pan.pos=-3.28 shoulder_lift.pos=-86.85 elbow_flex.pos=+77.38 wrist_flex.pos=+70.22 wrist_roll.pos=+0.85 gripper.pos=+1.22
DEBUG 2026-08-19 04:37:36 [chunk] received 50 actions, timesteps 1465..1514 | first: shoulder_pan.pos=-5.21 shoulder_lift.pos=-83.93 elbow_flex.pos=+71.57 wrist_flex.pos=+73.05 wrist_roll.pos=-2.75 gripper.pos=+0.94 | last: shoulder_pan.pos=-5.20 shoulder_lift.pos=-85.88 elbow_flex.pos=+80.53 wrist_flex.pos=+70.44 wrist_roll.pos=-2.81 gripper.pos=+0.37
DEBUG 2026-08-19 04:37:36 [action #378] t=14.72s step=1490 queue=25 dmax=14.995 | shoulder_pan.pos=-6.02 shoulder_lift.pos=-101.85 elbow_flex.pos=+84.57 wrist_flex.pos=+78.45 wrist_roll.pos=-2.06 gripper.pos=+0.95
DEBUG 2026-08-19 04:37:36 [action #379] t=14.75s step=1491 queue=24 dmax=0.234 | shoulder_pan.pos=-5.79 shoulder_lift.pos=-101.83 elbow_flex.pos=+84.68 wrist_flex.pos=+78.53 wrist_roll.pos=-1.98 gripper.pos=+0.88
DEBUG 2026-08-19 04:37:36 [action #380] t=14.78s step=1492 queue=23 dmax=0.537 | shoulder_pan.pos=-5.94 shoulder_lift.pos=-101.75 elbow_flex.pos=+85.21 wrist_flex.pos=+78.42 wrist_roll.pos=-1.89 gripper.pos=+0.96
DEBUG 2026-08-19 04:37:36 [action #381] t=14.82s step=1493 queue=22 dmax=0.292 | shoulder_pan.pos=-5.76 shoulder_lift.pos=-101.70 elbow_flex.pos=+84.92 wrist_flex.pos=+78.27 wrist_roll.pos=-1.87 gripper.pos=+0.80
DEBUG 2026-08-19 04:37:36 [action #382] t=14.85s step=1494 queue=21 dmax=0.707 | shoulder_pan.pos=-5.87 shoulder_lift.pos=-101.10 elbow_flex.pos=+85.63 wrist_flex.pos=+78.27 wrist_roll.pos=-1.90 gripper.pos=+0.89
DEBUG 2026-08-19 04:37:36 [action #383] t=14.88s step=1495 queue=20 dmax=0.159 | shoulder_pan.pos=-5.75 shoulder_lift.pos=-100.94 elbow_flex.pos=+85.73 wrist_flex.pos=+78.38 wrist_roll.pos=-1.90 gripper.pos=+0.91
DEBUG 2026-08-19 04:37:36 [action #384] t=14.92s step=1496 queue=19 dmax=0.787 | shoulder_pan.pos=-6.16 shoulder_lift.pos=-101.73 elbow_flex.pos=+86.08 wrist_flex.pos=+77.78 wrist_roll.pos=-1.86 gripper.pos=+0.87
DEBUG 2026-08-19 04:37:36 [action #385] t=14.95s step=1497 queue=18 dmax=0.485 | shoulder_pan.pos=-6.18 shoulder_lift.pos=-101.24 elbow_flex.pos=+86.10 wrist_flex.pos=+77.76 wrist_roll.pos=-1.93 gripper.pos=+0.80
DEBUG 2026-08-19 04:37:36 [action #386] t=14.99s step=1498 queue=17 dmax=0.532 | shoulder_pan.pos=-6.08 shoulder_lift.pos=-100.71 elbow_flex.pos=+85.97 wrist_flex.pos=+77.93 wrist_roll.pos=-1.99 gripper.pos=+0.83
DEBUG 2026-08-19 04:37:36 [action #387] t=15.02s step=1499 queue=16 dmax=1.262 | shoulder_pan.pos=-6.11 shoulder_lift.pos=-101.97 elbow_flex.pos=+86.40 wrist_flex.pos=+77.67 wrist_roll.pos=-1.83 gripper.pos=+0.94
DEBUG 2026-08-19 04:37:36 [action #388] t=15.05s step=1500 queue=15 dmax=1.341 | shoulder_pan.pos=-5.96 shoulder_lift.pos=-100.63 elbow_flex.pos=+86.49 wrist_flex.pos=+77.83 wrist_roll.pos=-1.91 gripper.pos=+0.66
DEBUG 2026-08-19 04:37:36 [action #389] t=15.09s step=1501 queue=14 dmax=0.608 | shoulder_pan.pos=-6.23 shoulder_lift.pos=-101.24 elbow_flex.pos=+86.92 wrist_flex.pos=+77.75 wrist_roll.pos=-1.78 gripper.pos=+0.85
DEBUG 2026-08-19 04:37:36 [action #390] t=15.12s step=1502 queue=13 dmax=0.537 | shoulder_pan.pos=-6.07 shoulder_lift.pos=-100.84 elbow_flex.pos=+86.38 wrist_flex.pos=+77.51 wrist_roll.pos=-1.88 gripper.pos=+0.78
DEBUG 2026-08-19 04:37:36 [action #391] t=15.15s step=1503 queue=12 dmax=0.411 | shoulder_pan.pos=-6.38 shoulder_lift.pos=-100.89 elbow_flex.pos=+86.79 wrist_flex.pos=+77.44 wrist_roll.pos=-1.74 gripper.pos=+0.99
DEBUG 2026-08-19 04:37:36 [action #392] t=15.19s step=1504 queue=11 dmax=0.501 | shoulder_pan.pos=-6.14 shoulder_lift.pos=-101.39 elbow_flex.pos=+86.87 wrist_flex.pos=+77.37 wrist_roll.pos=-1.83 gripper.pos=+0.79
DEBUG 2026-08-19 04:37:36 [action #393] t=15.22s step=1505 queue=10 dmax=0.693 | shoulder_pan.pos=-5.92 shoulder_lift.pos=-100.70 elbow_flex.pos=+86.81 wrist_flex.pos=+77.11 wrist_roll.pos=-1.91 gripper.pos=+0.73
DEBUG 2026-08-19 04:37:36 [action #394] t=15.25s step=1506 queue=9 dmax=0.287 | shoulder_pan.pos=-6.10 shoulder_lift.pos=-100.65 elbow_flex.pos=+86.90 wrist_flex.pos=+76.82 wrist_roll.pos=-1.77 gripper.pos=+0.81
DEBUG 2026-08-19 04:37:36 [action #395] t=15.29s step=1507 queue=8 dmax=0.444 | shoulder_pan.pos=-5.98 shoulder_lift.pos=-100.20 elbow_flex.pos=+86.68 wrist_flex.pos=+76.48 wrist_roll.pos=-1.92 gripper.pos=+0.70
DEBUG 2026-08-19 04:37:36 [action #396] t=15.32s step=1508 queue=7 dmax=1.379 | shoulder_pan.pos=-6.01 shoulder_lift.pos=-98.82 elbow_flex.pos=+86.44 wrist_flex.pos=+75.82 wrist_roll.pos=-1.98 gripper.pos=+0.61
DEBUG 2026-08-19 04:37:36 [action #397] t=15.35s step=1509 queue=6 dmax=1.429 | shoulder_pan.pos=-5.58 shoulder_lift.pos=-97.39 elbow_flex.pos=+85.18 wrist_flex.pos=+75.12 wrist_roll.pos=-1.90 gripper.pos=+0.60
DEBUG 2026-08-19 04:37:36 [action #398] t=15.39s step=1510 queue=5 dmax=2.708 | shoulder_pan.pos=-5.48 shoulder_lift.pos=-94.69 elbow_flex.pos=+84.66 wrist_flex.pos=+74.10 wrist_roll.pos=-2.07 gripper.pos=+0.45
DEBUG 2026-08-19 04:37:36 [chunk] received 50 actions, timesteps 1489..1538 | first: shoulder_pan.pos=-4.32 shoulder_lift.pos=-87.31 elbow_flex.pos=+77.81 wrist_flex.pos=+66.01 wrist_roll.pos=+0.95 gripper.pos=+1.10 | last: shoulder_pan.pos=-5.74 shoulder_lift.pos=-103.45 elbow_flex.pos=+87.92 wrist_flex.pos=+76.63 wrist_roll.pos=-1.88 gripper.pos=+0.93
DEBUG 2026-08-19 04:37:36 [action #399] t=15.42s step=1511 queue=28 dmax=7.497 | shoulder_pan.pos=-4.92 shoulder_lift.pos=-102.18 elbow_flex.pos=+86.87 wrist_flex.pos=+73.22 wrist_roll.pos=+0.41 gripper.pos=+0.89
DEBUG 2026-08-19 04:37:36 [action #400] t=15.45s step=1512 queue=27 dmax=1.234 | shoulder_pan.pos=-4.87 shoulder_lift.pos=-100.95 elbow_flex.pos=+86.76 wrist_flex.pos=+73.59 wrist_roll.pos=+0.29 gripper.pos=+0.86
DEBUG 2026-08-19 04:37:36 [action #401] t=15.49s step=1513 queue=26 dmax=0.628 | shoulder_pan.pos=-4.89 shoulder_lift.pos=-100.68 elbow_flex.pos=+86.13 wrist_flex.pos=+73.61 wrist_roll.pos=+0.25 gripper.pos=+0.85
DEBUG 2026-08-19 04:37:36 [action #402] t=15.52s step=1514 queue=25 dmax=0.461 | shoulder_pan.pos=-4.73 shoulder_lift.pos=-100.44 elbow_flex.pos=+85.67 wrist_flex.pos=+73.71 wrist_roll.pos=+0.25 gripper.pos=+0.83
DEBUG 2026-08-19 04:37:36 [action #403] t=15.55s step=1515 queue=24 dmax=4.955 | shoulder_pan.pos=-4.50 shoulder_lift.pos=-105.40 elbow_flex.pos=+88.04 wrist_flex.pos=+75.47 wrist_roll.pos=+1.43 gripper.pos=+1.02
DEBUG 2026-08-19 04:37:36 [action #404] t=15.59s step=1516 queue=23 dmax=0.969 | shoulder_pan.pos=-4.26 shoulder_lift.pos=-105.61 elbow_flex.pos=+87.07 wrist_flex.pos=+75.47 wrist_roll.pos=+1.45 gripper.pos=+1.13
DEBUG 2026-08-19 04:37:37 [action #405] t=15.62s step=1517 queue=22 dmax=0.282 | shoulder_pan.pos=-4.04 shoulder_lift.pos=-105.85 elbow_flex.pos=+87.31 wrist_flex.pos=+75.63 wrist_roll.pos=+1.38 gripper.pos=+0.85
DEBUG 2026-08-19 04:37:37 [action #406] t=15.65s step=1518 queue=21 dmax=0.357 | shoulder_pan.pos=-4.08 shoulder_lift.pos=-105.73 elbow_flex.pos=+86.95 wrist_flex.pos=+75.58 wrist_roll.pos=+1.43 gripper.pos=+1.01
DEBUG 2026-08-19 04:37:37 [action #407] t=15.69s step=1519 queue=20 dmax=0.404 | shoulder_pan.pos=-4.17 shoulder_lift.pos=-105.53 elbow_flex.pos=+87.36 wrist_flex.pos=+75.81 wrist_roll.pos=+1.48 gripper.pos=+1.00
DEBUG 2026-08-19 04:37:37 [action #408] t=15.72s step=1520 queue=19 dmax=0.788 | shoulder_pan.pos=-4.27 shoulder_lift.pos=-104.74 elbow_flex.pos=+87.41 wrist_flex.pos=+75.88 wrist_roll.pos=+1.47 gripper.pos=+0.86
DEBUG 2026-08-19 04:37:37 [action #409] t=15.75s step=1521 queue=18 dmax=0.127 | shoulder_pan.pos=-4.19 shoulder_lift.pos=-104.81 elbow_flex.pos=+87.29 wrist_flex.pos=+75.78 wrist_roll.pos=+1.36 gripper.pos=+0.99
DEBUG 2026-08-19 04:37:37 [action #410] t=15.79s step=1522 queue=17 dmax=0.216 | shoulder_pan.pos=-4.02 shoulder_lift.pos=-104.61 elbow_flex.pos=+87.41 wrist_flex.pos=+75.80 wrist_roll.pos=+1.41 gripper.pos=+0.77
DEBUG 2026-08-19 04:37:37 [action #411] t=15.82s step=1523 queue=16 dmax=0.159 | shoulder_pan.pos=-4.06 shoulder_lift.pos=-104.45 elbow_flex.pos=+87.49 wrist_flex.pos=+75.74 wrist_roll.pos=+1.27 gripper.pos=+0.82
DEBUG 2026-08-19 04:37:37 [action #412] t=15.85s step=1524 queue=15 dmax=0.689 | shoulder_pan.pos=-4.25 shoulder_lift.pos=-104.75 elbow_flex.pos=+88.17 wrist_flex.pos=+75.76 wrist_roll.pos=+1.34 gripper.pos=+0.93
DEBUG 2026-08-19 04:37:37 [action #413] t=15.89s step=1525 queue=14 dmax=0.397 | shoulder_pan.pos=-4.31 shoulder_lift.pos=-104.36 elbow_flex.pos=+87.79 wrist_flex.pos=+75.67 wrist_roll.pos=+1.22 gripper.pos=+0.66
DEBUG 2026-08-19 04:37:37 [action #414] t=15.92s step=1526 queue=13 dmax=0.693 | shoulder_pan.pos=-4.39 shoulder_lift.pos=-103.67 elbow_flex.pos=+88.05 wrist_flex.pos=+75.65 wrist_roll.pos=+1.13 gripper.pos=+0.88
DEBUG 2026-08-19 04:37:37 [action #415] t=15.96s step=1527 queue=12 dmax=0.400 | shoulder_pan.pos=-4.28 shoulder_lift.pos=-103.96 elbow_flex.pos=+87.65 wrist_flex.pos=+75.54 wrist_roll.pos=+0.94 gripper.pos=+0.79
DEBUG 2026-08-19 04:37:37 [action #416] t=15.99s step=1528 queue=11 dmax=0.324 | shoulder_pan.pos=-4.33 shoulder_lift.pos=-103.73 elbow_flex.pos=+87.59 wrist_flex.pos=+75.61 wrist_roll.pos=+0.62 gripper.pos=+0.53
DEBUG 2026-08-19 04:37:37 [action #417] t=16.02s step=1529 queue=10 dmax=0.410 | shoulder_pan.pos=-4.74 shoulder_lift.pos=-103.79 elbow_flex.pos=+87.67 wrist_flex.pos=+75.84 wrist_roll.pos=+0.35 gripper.pos=+0.53
DEBUG 2026-08-19 04:37:37 [action #418] t=16.06s step=1530 queue=9 dmax=0.525 | shoulder_pan.pos=-4.59 shoulder_lift.pos=-104.18 elbow_flex.pos=+87.95 wrist_flex.pos=+75.84 wrist_roll.pos=-0.17 gripper.pos=+0.57
DEBUG 2026-08-19 04:37:37 [action #419] t=16.09s step=1531 queue=8 dmax=0.407 | shoulder_pan.pos=-4.92 shoulder_lift.pos=-103.80 elbow_flex.pos=+87.81 wrist_flex.pos=+75.84 wrist_roll.pos=-0.58 gripper.pos=+0.67
DEBUG 2026-08-19 04:37:37 [chunk] received 50 actions, timesteps 1510..1559 | first: shoulder_pan.pos=-6.41 shoulder_lift.pos=-100.31 elbow_flex.pos=+86.51 wrist_flex.pos=+76.57 wrist_roll.pos=-2.25 gripper.pos=+0.68 | last: shoulder_pan.pos=-5.76 shoulder_lift.pos=-102.40 elbow_flex.pos=+88.78 wrist_flex.pos=+77.37 wrist_roll.pos=-1.82 gripper.pos=+1.06
DEBUG 2026-08-19 04:37:37 [action #420] t=16.12s step=1532 queue=28 dmax=1.291 | shoulder_pan.pos=-5.16 shoulder_lift.pos=-102.87 elbow_flex.pos=+88.31 wrist_flex.pos=+77.13 wrist_roll.pos=-1.51 gripper.pos=+0.88
DEBUG 2026-08-19 04:37:37 [action #421] t=16.16s step=1533 queue=27 dmax=0.162 | shoulder_pan.pos=-5.30 shoulder_lift.pos=-103.01 elbow_flex.pos=+88.15 wrist_flex.pos=+77.16 wrist_roll.pos=-1.66 gripper.pos=+0.89
DEBUG 2026-08-19 04:37:37 [action #422] t=16.19s step=1534 queue=26 dmax=0.377 | shoulder_pan.pos=-5.31 shoulder_lift.pos=-102.63 elbow_flex.pos=+87.99 wrist_flex.pos=+77.18 wrist_roll.pos=-1.69 gripper.pos=+0.88
DEBUG 2026-08-19 04:37:37 [action #423] t=16.22s step=1535 queue=25 dmax=0.504 | shoulder_pan.pos=-5.35 shoulder_lift.pos=-102.85 elbow_flex.pos=+88.49 wrist_flex.pos=+77.25 wrist_roll.pos=-1.65 gripper.pos=+0.98
DEBUG 2026-08-19 04:37:37 [action #424] t=16.26s step=1536 queue=24 dmax=0.450 | shoulder_pan.pos=-5.36 shoulder_lift.pos=-103.05 elbow_flex.pos=+88.04 wrist_flex.pos=+77.25 wrist_roll.pos=-1.75 gripper.pos=+0.98
DEBUG 2026-08-19 04:37:37 [action #425] t=16.29s step=1537 queue=23 dmax=0.686 | shoulder_pan.pos=-5.51 shoulder_lift.pos=-102.95 elbow_flex.pos=+88.73 wrist_flex.pos=+77.19 wrist_roll.pos=-1.79 gripper.pos=+0.92
DEBUG 2026-08-19 04:37:37 [action #426] t=16.32s step=1538 queue=22 dmax=0.535 | shoulder_pan.pos=-5.46 shoulder_lift.pos=-102.91 elbow_flex.pos=+88.19 wrist_flex.pos=+77.21 wrist_roll.pos=-1.92 gripper.pos=+1.03
DEBUG 2026-08-19 04:37:37 [action #427] t=16.36s step=1539 queue=21 dmax=0.531 | shoulder_pan.pos=-5.41 shoulder_lift.pos=-102.38 elbow_flex.pos=+88.35 wrist_flex.pos=+77.26 wrist_roll.pos=-1.79 gripper.pos=+1.04
DEBUG 2026-08-19 04:37:37 [action #428] t=16.39s step=1540 queue=20 dmax=0.810 | shoulder_pan.pos=-5.45 shoulder_lift.pos=-102.48 elbow_flex.pos=+89.16 wrist_flex.pos=+77.30 wrist_roll.pos=-1.82 gripper.pos=+1.10
DEBUG 2026-08-19 04:37:37 [action #429] t=16.42s step=1541 queue=19 dmax=0.211 | shoulder_pan.pos=-5.36 shoulder_lift.pos=-102.67 elbow_flex.pos=+88.95 wrist_flex.pos=+77.29 wrist_roll.pos=-1.89 gripper.pos=+1.04
DEBUG 2026-08-19 04:37:37 [action #430] t=16.46s step=1542 queue=18 dmax=0.268 | shoulder_pan.pos=-5.38 shoulder_lift.pos=-102.55 elbow_flex.pos=+88.68 wrist_flex.pos=+77.10 wrist_roll.pos=-1.85 gripper.pos=+1.13
DEBUG 2026-08-19 04:37:37 [action #431] t=16.49s step=1543 queue=17 dmax=0.337 | shoulder_pan.pos=-5.72 shoulder_lift.pos=-102.22 elbow_flex.pos=+88.49 wrist_flex.pos=+77.29 wrist_roll.pos=-1.90 gripper.pos=+1.02
DEBUG 2026-08-19 04:37:37 [action #432] t=16.52s step=1544 queue=16 dmax=0.153 | shoulder_pan.pos=-5.66 shoulder_lift.pos=-102.07 elbow_flex.pos=+88.55 wrist_flex.pos=+77.36 wrist_roll.pos=-1.84 gripper.pos=+0.91
DEBUG 2026-08-19 04:37:37 [action #433] t=16.56s step=1545 queue=15 dmax=0.503 | shoulder_pan.pos=-5.57 shoulder_lift.pos=-102.51 elbow_flex.pos=+89.05 wrist_flex.pos=+77.37 wrist_roll.pos=-1.71 gripper.pos=+1.12
DEBUG 2026-08-19 04:37:37 [action #434] t=16.59s step=1546 queue=14 dmax=0.174 | shoulder_pan.pos=-5.68 shoulder_lift.pos=-102.53 elbow_flex.pos=+88.88 wrist_flex.pos=+77.47 wrist_roll.pos=-1.80 gripper.pos=+1.02
DEBUG 2026-08-19 04:37:38 [action #435] t=16.62s step=1547 queue=13 dmax=0.480 | shoulder_pan.pos=-5.57 shoulder_lift.pos=-102.05 elbow_flex.pos=+88.99 wrist_flex.pos=+77.25 wrist_roll.pos=-1.80 gripper.pos=+1.04
DEBUG 2026-08-19 04:37:38 [action #436] t=16.66s step=1548 queue=12 dmax=0.150 | shoulder_pan.pos=-5.68 shoulder_lift.pos=-102.16 elbow_flex.pos=+89.14 wrist_flex.pos=+77.26 wrist_roll.pos=-1.77 gripper.pos=+1.10
DEBUG 2026-08-19 04:37:38 [action #437] t=16.69s step=1549 queue=11 dmax=0.291 | shoulder_pan.pos=-5.92 shoulder_lift.pos=-102.45 elbow_flex.pos=+89.10 wrist_flex.pos=+77.34 wrist_roll.pos=-1.75 gripper.pos=+1.03
DEBUG 2026-08-19 04:37:38 [action #438] t=16.72s step=1550 queue=10 dmax=0.301 | shoulder_pan.pos=-5.68 shoulder_lift.pos=-102.15 elbow_flex.pos=+88.89 wrist_flex.pos=+77.39 wrist_roll.pos=-1.83 gripper.pos=+0.93
DEBUG 2026-08-19 04:37:38 [action #439] t=16.76s step=1551 queue=9 dmax=0.327 | shoulder_pan.pos=-5.80 shoulder_lift.pos=-102.23 elbow_flex.pos=+89.22 wrist_flex.pos=+77.26 wrist_roll.pos=-1.83 gripper.pos=+0.95
DEBUG 2026-08-19 04:37:38 [action #440] t=16.79s step=1552 queue=8 dmax=0.151 | shoulder_pan.pos=-5.78 shoulder_lift.pos=-102.29 elbow_flex.pos=+89.07 wrist_flex.pos=+77.38 wrist_roll.pos=-1.79 gripper.pos=+0.99
DEBUG 2026-08-19 04:37:38 [action #441] t=16.82s step=1553 queue=7 dmax=0.345 | shoulder_pan.pos=-5.85 shoulder_lift.pos=-102.63 elbow_flex.pos=+89.18 wrist_flex.pos=+77.40 wrist_roll.pos=-1.80 gripper.pos=+1.00
DEBUG 2026-08-19 04:37:38 [action #442] t=16.86s step=1554 queue=6 dmax=0.744 | shoulder_pan.pos=-5.61 shoulder_lift.pos=-101.89 elbow_flex.pos=+88.97 wrist_flex.pos=+77.36 wrist_roll.pos=-1.81 gripper.pos=+0.94
DEBUG 2026-08-19 04:37:38 [action #443] t=16.89s step=1555 queue=5 dmax=0.136 | shoulder_pan.pos=-5.74 shoulder_lift.pos=-101.99 elbow_flex.pos=+88.85 wrist_flex.pos=+77.28 wrist_roll.pos=-1.83 gripper.pos=+0.98
DEBUG 2026-08-19 04:37:38 [chunk] received 50 actions, timesteps 1531..1580 | first: shoulder_pan.pos=-3.82 shoulder_lift.pos=-100.84 elbow_flex.pos=+87.55 wrist_flex.pos=+75.91 wrist_roll.pos=+0.75 gripper.pos=+0.84 | last: shoulder_pan.pos=-4.80 shoulder_lift.pos=-101.45 elbow_flex.pos=+87.17 wrist_flex.pos=+75.95 wrist_roll.pos=-1.59 gripper.pos=+0.95
DEBUG 2026-08-19 04:37:38 [action #444] t=16.93s step=1556 queue=25 dmax=1.281 | shoulder_pan.pos=-4.67 shoulder_lift.pos=-101.52 elbow_flex.pos=+87.57 wrist_flex.pos=+76.25 wrist_roll.pos=-1.85 gripper.pos=+0.98
DEBUG 2026-08-19 04:37:38 [action #445] t=16.96s step=1557 queue=24 dmax=0.155 | shoulder_pan.pos=-4.72 shoulder_lift.pos=-101.68 elbow_flex.pos=+87.56 wrist_flex.pos=+76.34 wrist_roll.pos=-1.85 gripper.pos=+0.88
DEBUG 2026-08-19 04:37:38 [action #446] t=16.99s step=1558 queue=23 dmax=0.192 | shoulder_pan.pos=-4.59 shoulder_lift.pos=-101.60 elbow_flex.pos=+87.36 wrist_flex.pos=+76.32 wrist_roll.pos=-1.78 gripper.pos=+1.00
DEBUG 2026-08-19 04:37:38 [action #447] t=17.03s step=1559 queue=22 dmax=0.201 | shoulder_pan.pos=-4.62 shoulder_lift.pos=-101.80 elbow_flex.pos=+87.53 wrist_flex.pos=+76.25 wrist_roll.pos=-1.77 gripper.pos=+1.01
DEBUG 2026-08-19 04:37:38 [action #448] t=17.06s step=1560 queue=21 dmax=0.595 | shoulder_pan.pos=-4.09 shoulder_lift.pos=-101.21 elbow_flex.pos=+87.00 wrist_flex.pos=+75.83 wrist_roll.pos=-1.65 gripper.pos=+0.91
DEBUG 2026-08-19 04:37:38 [action #449] t=17.09s step=1561 queue=20 dmax=0.298 | shoulder_pan.pos=-4.05 shoulder_lift.pos=-100.91 elbow_flex.pos=+86.73 wrist_flex.pos=+75.76 wrist_roll.pos=-1.64 gripper.pos=+0.88
DEBUG 2026-08-19 04:37:38 [action #450] t=17.13s step=1562 queue=19 dmax=0.628 | shoulder_pan.pos=-4.19 shoulder_lift.pos=-101.54 elbow_flex.pos=+86.76 wrist_flex.pos=+75.86 wrist_roll.pos=-1.61 gripper.pos=+0.98
DEBUG 2026-08-19 04:37:38 [action #451] t=17.16s step=1563 queue=18 dmax=0.540 | shoulder_pan.pos=-4.02 shoulder_lift.pos=-101.00 elbow_flex.pos=+86.74 wrist_flex.pos=+75.91 wrist_roll.pos=-1.53 gripper.pos=+0.96
DEBUG 2026-08-19 04:37:38 [action #452] t=17.19s step=1564 queue=17 dmax=0.335 | shoulder_pan.pos=-4.04 shoulder_lift.pos=-100.66 elbow_flex.pos=+86.57 wrist_flex.pos=+75.96 wrist_roll.pos=-1.52 gripper.pos=+0.99
DEBUG 2026-08-19 04:37:38 [action #453] t=17.23s step=1565 queue=16 dmax=0.190 | shoulder_pan.pos=-4.10 shoulder_lift.pos=-100.76 elbow_flex.pos=+86.74 wrist_flex.pos=+75.77 wrist_roll.pos=-1.48 gripper.pos=+0.91
DEBUG 2026-08-19 04:37:38 [action #454] t=17.26s step=1566 queue=15 dmax=0.112 | shoulder_pan.pos=-4.18 shoulder_lift.pos=-100.70 elbow_flex.pos=+86.81 wrist_flex.pos=+75.88 wrist_roll.pos=-1.46 gripper.pos=+0.92
DEBUG 2026-08-19 04:37:38 [action #455] t=17.29s step=1567 queue=14 dmax=0.316 | shoulder_pan.pos=-4.37 shoulder_lift.pos=-101.01 elbow_flex.pos=+86.86 wrist_flex.pos=+76.04 wrist_roll.pos=-1.39 gripper.pos=+0.97
DEBUG 2026-08-19 04:37:38 [action #456] t=17.33s step=1568 queue=13 dmax=0.163 | shoulder_pan.pos=-4.44 shoulder_lift.pos=-100.85 elbow_flex.pos=+87.03 wrist_flex.pos=+75.91 wrist_roll.pos=-1.40 gripper.pos=+0.85
DEBUG 2026-08-19 04:37:38 [action #457] t=17.36s step=1569 queue=12 dmax=0.164 | shoulder_pan.pos=-4.43 shoulder_lift.pos=-101.01 elbow_flex.pos=+87.11 wrist_flex.pos=+75.97 wrist_roll.pos=-1.37 gripper.pos=+0.90
DEBUG 2026-08-19 04:37:38 [action #458] t=17.39s step=1570 queue=11 dmax=0.340 | shoulder_pan.pos=-4.34 shoulder_lift.pos=-101.09 elbow_flex.pos=+86.77 wrist_flex.pos=+75.93 wrist_roll.pos=-1.36 gripper.pos=+0.93
DEBUG 2026-08-19 04:37:38 [action #459] t=17.43s step=1571 queue=10 dmax=0.211 | shoulder_pan.pos=-4.48 shoulder_lift.pos=-101.08 elbow_flex.pos=+86.98 wrist_flex.pos=+75.93 wrist_roll.pos=-1.36 gripper.pos=+0.84
DEBUG 2026-08-19 04:37:38 [action #460] t=17.46s step=1572 queue=9 dmax=0.741 | shoulder_pan.pos=-4.63 shoulder_lift.pos=-100.34 elbow_flex.pos=+86.37 wrist_flex.pos=+75.85 wrist_roll.pos=-1.33 gripper.pos=+0.76
DEBUG 2026-08-19 04:37:38 [action #461] t=17.49s step=1573 queue=8 dmax=0.198 | shoulder_pan.pos=-4.77 shoulder_lift.pos=-100.31 elbow_flex.pos=+86.55 wrist_flex.pos=+75.93 wrist_roll.pos=-1.35 gripper.pos=+0.96
DEBUG 2026-08-19 04:37:38 [action #462] t=17.53s step=1574 queue=7 dmax=0.670 | shoulder_pan.pos=-4.71 shoulder_lift.pos=-100.98 elbow_flex.pos=+86.91 wrist_flex.pos=+75.80 wrist_roll.pos=-1.35 gripper.pos=+0.91
DEBUG 2026-08-19 04:37:38 [action #463] t=17.56s step=1575 queue=6 dmax=0.214 | shoulder_pan.pos=-4.54 shoulder_lift.pos=-101.19 elbow_flex.pos=+86.71 wrist_flex.pos=+75.88 wrist_roll.pos=-1.43 gripper.pos=+0.89
DEBUG 2026-08-19 04:37:38 [action #464] t=17.59s step=1576 queue=5 dmax=0.581 | shoulder_pan.pos=-4.89 shoulder_lift.pos=-100.61 elbow_flex.pos=+86.77 wrist_flex.pos=+75.75 wrist_roll.pos=-1.41 gripper.pos=+0.88
DEBUG 2026-08-19 04:37:39 [action #465] t=17.63s step=1577 queue=4 dmax=0.235 | shoulder_pan.pos=-4.65 shoulder_lift.pos=-100.80 elbow_flex.pos=+86.93 wrist_flex.pos=+75.86 wrist_roll.pos=-1.48 gripper.pos=+0.90
DEBUG 2026-08-19 04:37:39 [action #466] t=17.66s step=1578 queue=3 dmax=0.537 | shoulder_pan.pos=-4.56 shoulder_lift.pos=-101.34 elbow_flex.pos=+86.79 wrist_flex.pos=+75.76 wrist_roll.pos=-1.56 gripper.pos=+0.96
DEBUG 2026-08-19 04:37:39 [action #467] t=17.69s step=1579 queue=2 dmax=0.198 | shoulder_pan.pos=-4.76 shoulder_lift.pos=-101.17 elbow_flex.pos=+86.83 wrist_flex.pos=+75.95 wrist_roll.pos=-1.54 gripper.pos=+0.88
DEBUG 2026-08-19 04:37:39 [action #468] t=17.73s step=1580 queue=1 dmax=0.344 | shoulder_pan.pos=-4.80 shoulder_lift.pos=-101.45 elbow_flex.pos=+87.17 wrist_flex.pos=+75.95 wrist_roll.pos=-1.59 gripper.pos=+0.95
DEBUG 2026-08-19 04:37:39 [chunk] received 50 actions, timesteps 1555..1604 | first: shoulder_pan.pos=-5.14 shoulder_lift.pos=-102.19 elbow_flex.pos=+88.74 wrist_flex.pos=+76.43 wrist_roll.pos=-1.32 gripper.pos=+0.93 | last: shoulder_pan.pos=-7.08 shoulder_lift.pos=-102.56 elbow_flex.pos=+89.22 wrist_flex.pos=+75.73 wrist_roll.pos=-1.43 gripper.pos=+1.05
INFO 2026-08-19 04:37:39 Final action sent: shoulder_pan.pos=-4.80 shoulder_lift.pos=-101.45 elbow_flex.pos=+87.17 wrist_flex.pos=+75.95 wrist_roll.pos=-1.59 gripper.pos=+0.95
DEBUG 2026-08-19 04:37:39 === episode end | 17.7s | converged=True | actions=468 ===
DEBUG 2026-08-19 04:37:46 === episode start | task: 'put the purse on the tray' | duration: 30.0s ===
DEBUG 2026-08-19 04:37:47 [chunk] received 50 actions, timesteps 1579..1628 | first: shoulder_pan.pos=-4.59 shoulder_lift.pos=-101.25 elbow_flex.pos=+89.07 wrist_flex.pos=+76.44 wrist_roll.pos=-1.70 gripper.pos=+1.08 | last: shoulder_pan.pos=-5.93 shoulder_lift.pos=-90.42 elbow_flex.pos=+80.05 wrist_flex.pos=+69.04 wrist_roll.pos=-2.64 gripper.pos=+1.02
DEBUG 2026-08-19 04:37:47 [action #1] t=0.87s step=1579 queue=50 dmax=n/a | shoulder_pan.pos=-4.59 shoulder_lift.pos=-101.25 elbow_flex.pos=+89.07 wrist_flex.pos=+76.44 wrist_roll.pos=-1.70 gripper.pos=+1.08
DEBUG 2026-08-19 04:37:47 [action #2] t=0.90s step=1580 queue=49 dmax=0.378 | shoulder_pan.pos=-4.92 shoulder_lift.pos=-101.63 elbow_flex.pos=+88.77 wrist_flex.pos=+76.47 wrist_roll.pos=-1.76 gripper.pos=+1.22
DEBUG 2026-08-19 04:37:47 [action #3] t=0.94s step=1581 queue=48 dmax=0.265 | shoulder_pan.pos=-4.73 shoulder_lift.pos=-101.77 elbow_flex.pos=+88.93 wrist_flex.pos=+76.60 wrist_roll.pos=-1.76 gripper.pos=+0.96
DEBUG 2026-08-19 04:37:47 [action #4] t=0.97s step=1582 queue=47 dmax=0.472 | shoulder_pan.pos=-5.00 shoulder_lift.pos=-101.30 elbow_flex.pos=+88.88 wrist_flex.pos=+76.57 wrist_roll.pos=-1.73 gripper.pos=+0.89
DEBUG 2026-08-19 04:37:47 [action #5] t=1.00s step=1583 queue=46 dmax=0.550 | shoulder_pan.pos=-5.55 shoulder_lift.pos=-101.72 elbow_flex.pos=+89.12 wrist_flex.pos=+76.50 wrist_roll.pos=-1.82 gripper.pos=+1.16
DEBUG 2026-08-19 04:37:47 [action #6] t=1.04s step=1584 queue=45 dmax=0.465 | shoulder_pan.pos=-5.53 shoulder_lift.pos=-101.93 elbow_flex.pos=+88.65 wrist_flex.pos=+76.72 wrist_roll.pos=-1.71 gripper.pos=+0.98
DEBUG 2026-08-19 04:37:47 [action #7] t=1.07s step=1585 queue=44 dmax=0.152 | shoulder_pan.pos=-5.47 shoulder_lift.pos=-101.99 elbow_flex.pos=+88.68 wrist_flex.pos=+76.57 wrist_roll.pos=-1.75 gripper.pos=+1.05
DEBUG 2026-08-19 04:37:47 [action #8] t=1.10s step=1586 queue=43 dmax=0.608 | shoulder_pan.pos=-5.67 shoulder_lift.pos=-101.53 elbow_flex.pos=+89.29 wrist_flex.pos=+76.63 wrist_roll.pos=-1.73 gripper.pos=+1.06
DEBUG 2026-08-19 04:37:47 [action #9] t=1.14s step=1587 queue=42 dmax=0.534 | shoulder_pan.pos=-5.84 shoulder_lift.pos=-102.07 elbow_flex.pos=+89.12 wrist_flex.pos=+76.51 wrist_roll.pos=-1.67 gripper.pos=+1.01
DEBUG 2026-08-19 04:37:47 [action #10] t=1.17s step=1588 queue=41 dmax=0.551 | shoulder_pan.pos=-5.50 shoulder_lift.pos=-101.93 elbow_flex.pos=+88.57 wrist_flex.pos=+76.55 wrist_roll.pos=-1.76 gripper.pos=+1.06
DEBUG 2026-08-19 04:37:47 [action #11] t=1.20s step=1589 queue=40 dmax=0.459 | shoulder_pan.pos=-5.96 shoulder_lift.pos=-101.57 elbow_flex.pos=+88.53 wrist_flex.pos=+76.64 wrist_roll.pos=-1.66 gripper.pos=+1.05
DEBUG 2026-08-19 04:37:47 [action #12] t=1.24s step=1590 queue=39 dmax=0.478 | shoulder_pan.pos=-5.94 shoulder_lift.pos=-101.84 elbow_flex.pos=+88.05 wrist_flex.pos=+76.55 wrist_roll.pos=-1.77 gripper.pos=+1.06
DEBUG 2026-08-19 04:37:47 [action #13] t=1.27s step=1591 queue=38 dmax=0.334 | shoulder_pan.pos=-6.27 shoulder_lift.pos=-101.98 elbow_flex.pos=+88.38 wrist_flex.pos=+76.67 wrist_roll.pos=-1.71 gripper.pos=+1.00
DEBUG 2026-08-19 04:37:47 [action #14] t=1.30s step=1592 queue=37 dmax=0.719 | shoulder_pan.pos=-6.25 shoulder_lift.pos=-101.55 elbow_flex.pos=+89.10 wrist_flex.pos=+76.37 wrist_roll.pos=-1.74 gripper.pos=+1.03
DEBUG 2026-08-19 04:37:47 [action #15] t=1.34s step=1593 queue=36 dmax=0.822 | shoulder_pan.pos=-6.44 shoulder_lift.pos=-101.77 elbow_flex.pos=+88.28 wrist_flex.pos=+76.52 wrist_roll.pos=-1.72 gripper.pos=+1.01
DEBUG 2026-08-19 04:37:47 [action #16] t=1.37s step=1594 queue=35 dmax=0.271 | shoulder_pan.pos=-6.48 shoulder_lift.pos=-101.50 elbow_flex.pos=+88.35 wrist_flex.pos=+76.59 wrist_roll.pos=-1.70 gripper.pos=+1.07
DEBUG 2026-08-19 04:37:47 [action #17] t=1.40s step=1595 queue=34 dmax=0.357 | shoulder_pan.pos=-6.62 shoulder_lift.pos=-101.33 elbow_flex.pos=+87.99 wrist_flex.pos=+76.50 wrist_roll.pos=-1.71 gripper.pos=+1.06
DEBUG 2026-08-19 04:37:47 [chunk] received 50 actions, timesteps 0..49 | first: shoulder_pan.pos=-4.22 shoulder_lift.pos=-101.36 elbow_flex.pos=+89.24 wrist_flex.pos=+75.62 wrist_roll.pos=-1.56 gripper.pos=+1.08 | last: shoulder_pan.pos=-5.66 shoulder_lift.pos=-100.93 elbow_flex.pos=+89.03 wrist_flex.pos=+73.82 wrist_roll.pos=-1.35 gripper.pos=+1.37
DEBUG 2026-08-19 04:37:48 [chunk] received 50 actions, timesteps 1595..1644 | first: shoulder_pan.pos=-7.25 shoulder_lift.pos=-102.55 elbow_flex.pos=+88.94 wrist_flex.pos=+75.91 wrist_roll.pos=-1.76 gripper.pos=+1.15 | last: shoulder_pan.pos=-6.12 shoulder_lift.pos=-101.77 elbow_flex.pos=+88.00 wrist_flex.pos=+69.35 wrist_roll.pos=-0.66 gripper.pos=+1.01
DEBUG 2026-08-19 04:37:48 [action #18] t=2.11s step=1596 queue=49 dmax=1.256 | shoulder_pan.pos=-7.66 shoulder_lift.pos=-102.59 elbow_flex.pos=+89.03 wrist_flex.pos=+75.85 wrist_roll.pos=-1.81 gripper.pos=+1.04
DEBUG 2026-08-19 04:37:48 [action #19] t=2.14s step=1597 queue=48 dmax=0.322 | shoulder_pan.pos=-7.90 shoulder_lift.pos=-102.27 elbow_flex.pos=+88.99 wrist_flex.pos=+75.62 wrist_roll.pos=-1.80 gripper.pos=+1.01
DEBUG 2026-08-19 04:37:48 [action #20] t=2.17s step=1598 queue=47 dmax=0.626 | shoulder_pan.pos=-7.82 shoulder_lift.pos=-102.01 elbow_flex.pos=+89.61 wrist_flex.pos=+75.61 wrist_roll.pos=-1.79 gripper.pos=+1.15
DEBUG 2026-08-19 04:37:48 [action #21] t=2.21s step=1599 queue=46 dmax=0.319 | shoulder_pan.pos=-7.68 shoulder_lift.pos=-102.32 elbow_flex.pos=+89.81 wrist_flex.pos=+75.58 wrist_roll.pos=-1.73 gripper.pos=+1.20
DEBUG 2026-08-19 04:37:48 [action #22] t=2.24s step=1600 queue=45 dmax=0.225 | shoulder_pan.pos=-7.77 shoulder_lift.pos=-102.36 elbow_flex.pos=+89.62 wrist_flex.pos=+75.35 wrist_roll.pos=-1.74 gripper.pos=+1.17
DEBUG 2026-08-19 04:37:48 [action #23] t=2.27s step=1601 queue=44 dmax=0.277 | shoulder_pan.pos=-7.49 shoulder_lift.pos=-102.14 elbow_flex.pos=+89.40 wrist_flex.pos=+75.31 wrist_roll.pos=-1.78 gripper.pos=+1.06
DEBUG 2026-08-19 04:37:48 [action #24] t=2.31s step=1602 queue=43 dmax=0.242 | shoulder_pan.pos=-7.34 shoulder_lift.pos=-102.22 elbow_flex.pos=+89.16 wrist_flex.pos=+75.26 wrist_roll.pos=-1.73 gripper.pos=+1.07
DEBUG 2026-08-19 04:37:48 [action #25] t=2.34s step=1603 queue=42 dmax=0.309 | shoulder_pan.pos=-7.14 shoulder_lift.pos=-102.25 elbow_flex.pos=+89.47 wrist_flex.pos=+75.19 wrist_roll.pos=-1.75 gripper.pos=+1.16
DEBUG 2026-08-19 04:37:48 [action #26] t=2.37s step=1604 queue=41 dmax=0.125 | shoulder_pan.pos=-7.09 shoulder_lift.pos=-102.37 elbow_flex.pos=+89.43 wrist_flex.pos=+75.12 wrist_roll.pos=-1.74 gripper.pos=+1.12
DEBUG 2026-08-19 04:37:48 [action #27] t=2.41s step=1605 queue=40 dmax=0.451 | shoulder_pan.pos=-6.64 shoulder_lift.pos=-102.20 elbow_flex.pos=+89.53 wrist_flex.pos=+75.00 wrist_roll.pos=-1.77 gripper.pos=+1.13
DEBUG 2026-08-19 04:37:48 [action #28] t=2.44s step=1606 queue=39 dmax=0.138 | shoulder_pan.pos=-6.51 shoulder_lift.pos=-102.06 elbow_flex.pos=+89.46 wrist_flex.pos=+75.00 wrist_roll.pos=-1.73 gripper.pos=+1.15
DEBUG 2026-08-19 04:37:48 [action #29] t=2.47s step=1607 queue=38 dmax=0.268 | shoulder_pan.pos=-6.24 shoulder_lift.pos=-102.19 elbow_flex.pos=+89.27 wrist_flex.pos=+74.99 wrist_roll.pos=-1.73 gripper.pos=+1.13
DEBUG 2026-08-19 04:37:49 [action #30] t=2.51s step=1608 queue=37 dmax=0.334 | shoulder_pan.pos=-6.12 shoulder_lift.pos=-102.53 elbow_flex.pos=+89.22 wrist_flex.pos=+74.98 wrist_roll.pos=-1.78 gripper.pos=+1.21
DEBUG 2026-08-19 04:37:49 [action #31] t=2.54s step=1609 queue=36 dmax=0.400 | shoulder_pan.pos=-5.72 shoulder_lift.pos=-102.23 elbow_flex.pos=+88.92 wrist_flex.pos=+74.90 wrist_roll.pos=-1.76 gripper.pos=+1.16
DEBUG 2026-08-19 04:37:49 [action #32] t=2.58s step=1610 queue=35 dmax=0.364 | shoulder_pan.pos=-5.35 shoulder_lift.pos=-102.24 elbow_flex.pos=+88.82 wrist_flex.pos=+74.82 wrist_roll.pos=-1.79 gripper.pos=+1.04
DEBUG 2026-08-19 04:37:49 [action #33] t=2.61s step=1611 queue=34 dmax=0.143 | shoulder_pan.pos=-5.21 shoulder_lift.pos=-102.37 elbow_flex.pos=+88.92 wrist_flex.pos=+74.73 wrist_roll.pos=-1.76 gripper.pos=+1.15
DEBUG 2026-08-19 04:37:49 [chunk] received 50 actions, timesteps 1595..1644 | first: shoulder_pan.pos=-6.38 shoulder_lift.pos=-102.00 elbow_flex.pos=+88.66 wrist_flex.pos=+76.35 wrist_roll.pos=-1.89 gripper.pos=+1.19 | last: shoulder_pan.pos=-4.34 shoulder_lift.pos=-101.55 elbow_flex.pos=+87.45 wrist_flex.pos=+69.49 wrist_roll.pos=-2.20 gripper.pos=+1.02
DEBUG 2026-08-19 04:37:49 [action #34] t=2.64s step=1612 queue=33 dmax=0.963 | shoulder_pan.pos=-4.25 shoulder_lift.pos=-102.25 elbow_flex.pos=+88.68 wrist_flex.pos=+75.52 wrist_roll.pos=-1.94 gripper.pos=+1.10
DEBUG 2026-08-19 04:37:49 [action #35] t=2.68s step=1613 queue=32 dmax=0.142 | shoulder_pan.pos=-4.17 shoulder_lift.pos=-102.16 elbow_flex.pos=+88.82 wrist_flex.pos=+75.50 wrist_roll.pos=-1.97 gripper.pos=+1.15
DEBUG 2026-08-19 04:37:49 [action #36] t=2.71s step=1614 queue=31 dmax=0.161 | shoulder_pan.pos=-4.33 shoulder_lift.pos=-102.24 elbow_flex.pos=+88.71 wrist_flex.pos=+75.36 wrist_roll.pos=-1.97 gripper.pos=+1.15
DEBUG 2026-08-19 04:37:49 [action #37] t=2.74s step=1615 queue=30 dmax=0.252 | shoulder_pan.pos=-4.45 shoulder_lift.pos=-102.12 elbow_flex.pos=+88.46 wrist_flex.pos=+75.35 wrist_roll.pos=-2.04 gripper.pos=+1.12
DEBUG 2026-08-19 04:37:49 [action #38] t=2.78s step=1616 queue=29 dmax=0.383 | shoulder_pan.pos=-4.45 shoulder_lift.pos=-102.51 elbow_flex.pos=+88.50 wrist_flex.pos=+75.33 wrist_roll.pos=-2.02 gripper.pos=+1.07
DEBUG 2026-08-19 04:37:49 [action #39] t=2.81s step=1617 queue=28 dmax=0.329 | shoulder_pan.pos=-4.41 shoulder_lift.pos=-102.18 elbow_flex.pos=+88.78 wrist_flex.pos=+75.29 wrist_roll.pos=-2.04 gripper.pos=+1.06
DEBUG 2026-08-19 04:37:49 [action #40] t=2.84s step=1618 queue=27 dmax=0.418 | shoulder_pan.pos=-4.44 shoulder_lift.pos=-101.98 elbow_flex.pos=+88.36 wrist_flex.pos=+75.16 wrist_roll.pos=-2.06 gripper.pos=+1.05
DEBUG 2026-08-19 04:37:49 [action #41] t=2.88s step=1619 queue=26 dmax=0.175 | shoulder_pan.pos=-4.54 shoulder_lift.pos=-102.05 elbow_flex.pos=+88.53 wrist_flex.pos=+74.99 wrist_roll.pos=-2.05 gripper.pos=+1.09
DEBUG 2026-08-19 04:37:49 [action #42] t=2.91s step=1620 queue=25 dmax=0.490 | shoulder_pan.pos=-4.64 shoulder_lift.pos=-102.54 elbow_flex.pos=+88.17 wrist_flex.pos=+74.91 wrist_roll.pos=-2.00 gripper.pos=+1.09
DEBUG 2026-08-19 04:37:49 [action #43] t=2.94s step=1621 queue=24 dmax=0.193 | shoulder_pan.pos=-4.56 shoulder_lift.pos=-102.37 elbow_flex.pos=+88.23 wrist_flex.pos=+74.72 wrist_roll.pos=-2.06 gripper.pos=+1.06
DEBUG 2026-08-19 04:37:49 [action #44] t=2.98s step=1622 queue=23 dmax=0.232 | shoulder_pan.pos=-4.79 shoulder_lift.pos=-102.27 elbow_flex.pos=+88.36 wrist_flex.pos=+74.59 wrist_roll.pos=-2.01 gripper.pos=+1.10
DEBUG 2026-08-19 04:37:49 [action #45] t=3.01s step=1623 queue=22 dmax=0.373 | shoulder_pan.pos=-4.87 shoulder_lift.pos=-102.19 elbow_flex.pos=+87.98 wrist_flex.pos=+74.35 wrist_roll.pos=-2.09 gripper.pos=+1.05
DEBUG 2026-08-19 04:37:49 [action #46] t=3.04s step=1624 queue=21 dmax=0.265 | shoulder_pan.pos=-4.93 shoulder_lift.pos=-102.17 elbow_flex.pos=+87.76 wrist_flex.pos=+74.09 wrist_roll.pos=-2.00 gripper.pos=+1.09
DEBUG 2026-08-19 04:37:49 [action #47] t=3.08s step=1625 queue=20 dmax=0.161 | shoulder_pan.pos=-5.09 shoulder_lift.pos=-102.01 elbow_flex.pos=+87.83 wrist_flex.pos=+73.93 wrist_roll.pos=-2.00 gripper.pos=+1.10
DEBUG 2026-08-19 04:37:49 [action #48] t=3.11s step=1626 queue=19 dmax=0.443 | shoulder_pan.pos=-5.08 shoulder_lift.pos=-101.96 elbow_flex.pos=+88.27 wrist_flex.pos=+73.61 wrist_roll.pos=-2.03 gripper.pos=+1.08
DEBUG 2026-08-19 04:37:49 [action #49] t=3.14s step=1627 queue=18 dmax=0.498 | shoulder_pan.pos=-5.13 shoulder_lift.pos=-101.98 elbow_flex.pos=+87.78 wrist_flex.pos=+73.42 wrist_roll.pos=-2.01 gripper.pos=+1.11
DEBUG 2026-08-19 04:37:49 [action #50] t=3.18s step=1628 queue=17 dmax=0.307 | shoulder_pan.pos=-5.05 shoulder_lift.pos=-102.01 elbow_flex.pos=+88.08 wrist_flex.pos=+73.12 wrist_roll.pos=-1.99 gripper.pos=+1.12
DEBUG 2026-08-19 04:37:49 [action #51] t=3.21s step=1629 queue=16 dmax=0.355 | shoulder_pan.pos=-5.07 shoulder_lift.pos=-102.02 elbow_flex.pos=+87.97 wrist_flex.pos=+72.76 wrist_roll.pos=-2.03 gripper.pos=+1.07
DEBUG 2026-08-19 04:37:49 [action #52] t=3.24s step=1630 queue=15 dmax=0.388 | shoulder_pan.pos=-5.18 shoulder_lift.pos=-101.79 elbow_flex.pos=+87.93 wrist_flex.pos=+72.38 wrist_roll.pos=-2.02 gripper.pos=+1.03
DEBUG 2026-08-19 04:37:49 [action #53] t=3.28s step=1631 queue=14 dmax=0.565 | shoulder_pan.pos=-5.02 shoulder_lift.pos=-102.10 elbow_flex.pos=+88.03 wrist_flex.pos=+71.81 wrist_roll.pos=-2.01 gripper.pos=+1.03
DEBUG 2026-08-19 04:37:49 [action #54] t=3.31s step=1632 queue=13 dmax=0.441 | shoulder_pan.pos=-5.07 shoulder_lift.pos=-101.96 elbow_flex.pos=+87.98 wrist_flex.pos=+71.37 wrist_roll.pos=-2.00 gripper.pos=+0.96
DEBUG 2026-08-19 04:37:49 [action #55] t=3.34s step=1633 queue=12 dmax=0.362 | shoulder_pan.pos=-4.96 shoulder_lift.pos=-101.86 elbow_flex.pos=+87.93 wrist_flex.pos=+71.01 wrist_roll.pos=-2.03 gripper.pos=+0.96
DEBUG 2026-08-19 04:37:49 [action #56] t=3.38s step=1634 queue=11 dmax=0.473 | shoulder_pan.pos=-5.01 shoulder_lift.pos=-102.08 elbow_flex.pos=+88.40 wrist_flex.pos=+70.67 wrist_roll.pos=-2.05 gripper.pos=+1.07
DEBUG 2026-08-19 04:37:49 [action #57] t=3.41s step=1635 queue=10 dmax=0.516 | shoulder_pan.pos=-5.01 shoulder_lift.pos=-101.75 elbow_flex.pos=+87.89 wrist_flex.pos=+70.40 wrist_roll.pos=-2.06 gripper.pos=+1.06
DEBUG 2026-08-19 04:37:49 [action #58] t=3.44s step=1636 queue=9 dmax=0.221 | shoulder_pan.pos=-4.88 shoulder_lift.pos=-101.97 elbow_flex.pos=+87.75 wrist_flex.pos=+70.19 wrist_roll.pos=-2.05 gripper.pos=+1.07
DEBUG 2026-08-19 04:37:49 [action #59] t=3.48s step=1637 queue=8 dmax=0.265 | shoulder_pan.pos=-5.00 shoulder_lift.pos=-101.94 elbow_flex.pos=+87.82 wrist_flex.pos=+69.93 wrist_roll.pos=-2.04 gripper.pos=+0.93
DEBUG 2026-08-19 04:37:50 [action #60] t=3.51s step=1638 queue=7 dmax=0.164 | shoulder_pan.pos=-4.88 shoulder_lift.pos=-101.97 elbow_flex.pos=+87.69 wrist_flex.pos=+69.76 wrist_roll.pos=-2.02 gripper.pos=+1.02
DEBUG 2026-08-19 04:37:50 [action #61] t=3.54s step=1639 queue=6 dmax=0.178 | shoulder_pan.pos=-5.05 shoulder_lift.pos=-101.79 elbow_flex.pos=+87.76 wrist_flex.pos=+69.69 wrist_roll.pos=-2.01 gripper.pos=+0.97
DEBUG 2026-08-19 04:37:50 [action #62] t=3.58s step=1640 queue=5 dmax=0.175 | shoulder_pan.pos=-4.89 shoulder_lift.pos=-101.61 elbow_flex.pos=+87.67 wrist_flex.pos=+69.64 wrist_roll.pos=-2.04 gripper.pos=+1.03
DEBUG 2026-08-19 04:37:50 [action #63] t=3.61s step=1641 queue=4 dmax=0.364 | shoulder_pan.pos=-4.95 shoulder_lift.pos=-101.84 elbow_flex.pos=+87.31 wrist_flex.pos=+69.58 wrist_roll.pos=-1.95 gripper.pos=+0.98
DEBUG 2026-08-19 04:37:50 [chunk] received 50 actions, timesteps 1614..1663 | first: shoulder_pan.pos=-4.78 shoulder_lift.pos=-101.43 elbow_flex.pos=+89.27 wrist_flex.pos=+76.49 wrist_roll.pos=-1.54 gripper.pos=+1.07 | last: shoulder_pan.pos=-5.61 shoulder_lift.pos=-102.14 elbow_flex.pos=+89.37 wrist_flex.pos=+76.12 wrist_roll.pos=-1.59 gripper.pos=+1.23
DEBUG 2026-08-19 04:37:50 [action #64] t=3.65s step=1642 queue=22 dmax=4.623 | shoulder_pan.pos=-5.27 shoulder_lift.pos=-102.29 elbow_flex.pos=+88.87 wrist_flex.pos=+74.20 wrist_roll.pos=-1.66 gripper.pos=+1.06
DEBUG 2026-08-19 04:37:50 [action #65] t=3.68s step=1643 queue=21 dmax=0.306 | shoulder_pan.pos=-5.12 shoulder_lift.pos=-101.98 elbow_flex.pos=+88.73 wrist_flex.pos=+74.14 wrist_roll.pos=-1.61 gripper.pos=+1.07
DEBUG 2026-08-19 04:37:50 [action #66] t=3.71s step=1644 queue=20 dmax=0.227 | shoulder_pan.pos=-5.22 shoulder_lift.pos=-101.96 elbow_flex.pos=+88.95 wrist_flex.pos=+74.19 wrist_roll.pos=-1.63 gripper.pos=+1.03
DEBUG 2026-08-19 04:37:50 [action #67] t=3.75s step=1645 queue=19 dmax=1.966 | shoulder_pan.pos=-5.24 shoulder_lift.pos=-102.27 elbow_flex.pos=+89.90 wrist_flex.pos=+76.16 wrist_roll.pos=-1.60 gripper.pos=+1.18
DEBUG 2026-08-19 04:37:50 [action #68] t=3.78s step=1646 queue=18 dmax=0.421 | shoulder_pan.pos=-5.35 shoulder_lift.pos=-101.85 elbow_flex.pos=+89.64 wrist_flex.pos=+76.26 wrist_roll.pos=-1.59 gripper.pos=+1.19
DEBUG 2026-08-19 04:37:50 [action #69] t=3.81s step=1647 queue=17 dmax=0.148 | shoulder_pan.pos=-5.34 shoulder_lift.pos=-101.90 elbow_flex.pos=+89.79 wrist_flex.pos=+76.29 wrist_roll.pos=-1.61 gripper.pos=+1.14
DEBUG 2026-08-19 04:37:50 [action #70] t=3.85s step=1648 queue=16 dmax=0.257 | shoulder_pan.pos=-5.30 shoulder_lift.pos=-101.94 elbow_flex.pos=+90.05 wrist_flex.pos=+76.16 wrist_roll.pos=-1.58 gripper.pos=+1.00
DEBUG 2026-08-19 04:37:50 [action #71] t=3.88s step=1649 queue=15 dmax=0.499 | shoulder_pan.pos=-5.12 shoulder_lift.pos=-101.89 elbow_flex.pos=+89.55 wrist_flex.pos=+76.03 wrist_roll.pos=-1.58 gripper.pos=+1.01
DEBUG 2026-08-19 04:37:50 [action #72] t=3.91s step=1650 queue=14 dmax=0.381 | shoulder_pan.pos=-5.50 shoulder_lift.pos=-102.04 elbow_flex.pos=+89.87 wrist_flex.pos=+76.38 wrist_roll.pos=-1.64 gripper.pos=+1.11
DEBUG 2026-08-19 04:37:50 [action #73] t=3.95s step=1651 queue=13 dmax=0.408 | shoulder_pan.pos=-5.37 shoulder_lift.pos=-101.63 elbow_flex.pos=+89.72 wrist_flex.pos=+76.24 wrist_roll.pos=-1.55 gripper.pos=+1.11
DEBUG 2026-08-19 04:37:50 [action #74] t=3.98s step=1652 queue=12 dmax=0.459 | shoulder_pan.pos=-5.41 shoulder_lift.pos=-102.09 elbow_flex.pos=+89.54 wrist_flex.pos=+76.23 wrist_roll.pos=-1.69 gripper.pos=+1.11
DEBUG 2026-08-19 04:37:50 [action #75] t=4.01s step=1653 queue=11 dmax=0.166 | shoulder_pan.pos=-5.57 shoulder_lift.pos=-101.93 elbow_flex.pos=+89.52 wrist_flex.pos=+76.11 wrist_roll.pos=-1.67 gripper.pos=+1.00
DEBUG 2026-08-19 04:37:50 [action #76] t=4.05s step=1654 queue=10 dmax=0.952 | shoulder_pan.pos=-5.63 shoulder_lift.pos=-102.88 elbow_flex.pos=+90.27 wrist_flex.pos=+76.08 wrist_roll.pos=-1.62 gripper.pos=+1.10
DEBUG 2026-08-19 04:37:50 [action #77] t=4.08s step=1655 queue=9 dmax=0.871 | shoulder_pan.pos=-5.58 shoulder_lift.pos=-102.01 elbow_flex.pos=+89.88 wrist_flex.pos=+76.16 wrist_roll.pos=-1.63 gripper.pos=+1.06
DEBUG 2026-08-19 04:37:50 [action #78] t=4.11s step=1656 queue=8 dmax=0.494 | shoulder_pan.pos=-5.46 shoulder_lift.pos=-102.50 elbow_flex.pos=+89.47 wrist_flex.pos=+75.95 wrist_roll.pos=-1.63 gripper.pos=+0.99
DEBUG 2026-08-19 04:37:50 [action #79] t=4.15s step=1657 queue=7 dmax=0.505 | shoulder_pan.pos=-5.52 shoulder_lift.pos=-102.00 elbow_flex.pos=+89.82 wrist_flex.pos=+76.19 wrist_roll.pos=-1.68 gripper.pos=+1.23
DEBUG 2026-08-19 04:37:50 [action #80] t=4.18s step=1658 queue=6 dmax=0.139 | shoulder_pan.pos=-5.58 shoulder_lift.pos=-102.14 elbow_flex.pos=+89.69 wrist_flex.pos=+76.13 wrist_roll.pos=-1.70 gripper.pos=+1.18
DEBUG 2026-08-19 04:37:50 [action #81] t=4.21s step=1659 queue=5 dmax=0.511 | shoulder_pan.pos=-5.76 shoulder_lift.pos=-102.00 elbow_flex.pos=+89.18 wrist_flex.pos=+75.97 wrist_roll.pos=-1.65 gripper.pos=+1.05
DEBUG 2026-08-19 04:37:50 [action #82] t=4.25s step=1660 queue=4 dmax=0.486 | shoulder_pan.pos=-5.59 shoulder_lift.pos=-101.56 elbow_flex.pos=+89.67 wrist_flex.pos=+76.08 wrist_roll.pos=-1.64 gripper.pos=+1.22
DEBUG 2026-08-19 04:37:50 [action #83] t=4.28s step=1661 queue=3 dmax=0.513 | shoulder_pan.pos=-5.79 shoulder_lift.pos=-102.07 elbow_flex.pos=+89.68 wrist_flex.pos=+75.91 wrist_roll.pos=-1.72 gripper.pos=+1.10
DEBUG 2026-08-19 04:37:50 [action #84] t=4.31s step=1662 queue=2 dmax=0.419 | shoulder_pan.pos=-5.62 shoulder_lift.pos=-102.49 elbow_flex.pos=+89.40 wrist_flex.pos=+76.04 wrist_roll.pos=-1.68 gripper.pos=+1.19
DEBUG 2026-08-19 04:37:50 [action #85] t=4.35s step=1663 queue=1 dmax=0.352 | shoulder_pan.pos=-5.61 shoulder_lift.pos=-102.14 elbow_flex.pos=+89.37 wrist_flex.pos=+76.12 wrist_roll.pos=-1.59 gripper.pos=+1.23
DEBUG 2026-08-19 04:37:50 [chunk] received 50 actions, timesteps 1641..1690 | first: shoulder_pan.pos=-5.07 shoulder_lift.pos=-101.31 elbow_flex.pos=+90.15 wrist_flex.pos=+70.81 wrist_roll.pos=-1.99 gripper.pos=+1.03 | last: shoulder_pan.pos=-4.45 shoulder_lift.pos=-101.33 elbow_flex.pos=+88.00 wrist_flex.pos=+75.14 wrist_roll.pos=-2.12 gripper.pos=+1.15
DEBUG 2026-08-19 04:37:50 [action #86] t=4.41s step=1664 queue=27 dmax=1.615 | shoulder_pan.pos=-4.78 shoulder_lift.pos=-100.53 elbow_flex.pos=+88.04 wrist_flex.pos=+74.91 wrist_roll.pos=-2.03 gripper.pos=+0.91
DEBUG 2026-08-19 04:37:50 [action #87] t=4.45s step=1665 queue=26 dmax=0.721 | shoulder_pan.pos=-4.53 shoulder_lift.pos=-101.25 elbow_flex.pos=+88.30 wrist_flex.pos=+74.94 wrist_roll.pos=-1.93 gripper.pos=+1.07
DEBUG 2026-08-19 04:37:50 [action #88] t=4.48s step=1666 queue=25 dmax=0.543 | shoulder_pan.pos=-4.71 shoulder_lift.pos=-101.14 elbow_flex.pos=+88.84 wrist_flex.pos=+74.76 wrist_roll.pos=-1.97 gripper.pos=+1.16
DEBUG 2026-08-19 04:37:51 [action #89] t=4.51s step=1667 queue=24 dmax=0.456 | shoulder_pan.pos=-4.54 shoulder_lift.pos=-101.31 elbow_flex.pos=+88.39 wrist_flex.pos=+74.72 wrist_roll.pos=-1.99 gripper.pos=+1.00
DEBUG 2026-08-19 04:37:51 [action #90] t=4.55s step=1668 queue=23 dmax=0.531 | shoulder_pan.pos=-4.57 shoulder_lift.pos=-101.84 elbow_flex.pos=+88.67 wrist_flex.pos=+74.74 wrist_roll.pos=-2.00 gripper.pos=+1.07
DEBUG 2026-08-19 04:37:51 [action #91] t=4.58s step=1669 queue=22 dmax=0.743 | shoulder_pan.pos=-4.51 shoulder_lift.pos=-101.47 elbow_flex.pos=+87.93 wrist_flex.pos=+74.81 wrist_roll.pos=-2.02 gripper.pos=+1.23
DEBUG 2026-08-19 04:37:51 [action #92] t=4.61s step=1670 queue=21 dmax=0.311 | shoulder_pan.pos=-4.42 shoulder_lift.pos=-101.64 elbow_flex.pos=+88.24 wrist_flex.pos=+74.84 wrist_roll.pos=-2.05 gripper.pos=+1.04
DEBUG 2026-08-19 04:37:51 [action #93] t=4.65s step=1671 queue=20 dmax=0.984 | shoulder_pan.pos=-4.47 shoulder_lift.pos=-100.66 elbow_flex.pos=+88.27 wrist_flex.pos=+74.88 wrist_roll.pos=-2.07 gripper.pos=+1.11
DEBUG 2026-08-19 04:37:51 [action #94] t=4.68s step=1672 queue=19 dmax=0.600 | shoulder_pan.pos=-4.60 shoulder_lift.pos=-101.26 elbow_flex.pos=+88.07 wrist_flex.pos=+74.83 wrist_roll.pos=-2.01 gripper.pos=+1.08
DEBUG 2026-08-19 04:37:51 [action #95] t=4.72s step=1673 queue=18 dmax=0.433 | shoulder_pan.pos=-4.65 shoulder_lift.pos=-100.99 elbow_flex.pos=+87.64 wrist_flex.pos=+74.87 wrist_roll.pos=-2.10 gripper.pos=+1.09
DEBUG 2026-08-19 04:37:51 [action #96] t=4.75s step=1674 queue=17 dmax=0.932 | shoulder_pan.pos=-4.57 shoulder_lift.pos=-101.05 elbow_flex.pos=+88.57 wrist_flex.pos=+74.78 wrist_roll.pos=-2.01 gripper.pos=+1.02
DEBUG 2026-08-19 04:37:51 [action #97] t=4.78s step=1675 queue=16 dmax=0.464 | shoulder_pan.pos=-4.58 shoulder_lift.pos=-101.07 elbow_flex.pos=+88.11 wrist_flex.pos=+75.04 wrist_roll.pos=-1.97 gripper.pos=+1.16
DEBUG 2026-08-19 04:37:51 [action #98] t=4.82s step=1676 queue=15 dmax=0.123 | shoulder_pan.pos=-4.66 shoulder_lift.pos=-100.97 elbow_flex.pos=+88.19 wrist_flex.pos=+74.91 wrist_roll.pos=-2.08 gripper.pos=+1.08
DEBUG 2026-08-19 04:37:51 [action #99] t=4.85s step=1677 queue=14 dmax=0.375 | shoulder_pan.pos=-4.56 shoulder_lift.pos=-101.34 elbow_flex.pos=+88.17 wrist_flex.pos=+74.96 wrist_roll.pos=-2.06 gripper.pos=+1.09
DEBUG 2026-08-19 04:37:51 [action #100] t=4.88s step=1678 queue=13 dmax=0.401 | shoulder_pan.pos=-4.60 shoulder_lift.pos=-100.94 elbow_flex.pos=+87.97 wrist_flex.pos=+74.93 wrist_roll.pos=-2.04 gripper.pos=+0.98
DEBUG 2026-08-19 04:37:51 [action #101] t=4.92s step=1679 queue=12 dmax=0.339 | shoulder_pan.pos=-4.56 shoulder_lift.pos=-101.08 elbow_flex.pos=+87.64 wrist_flex.pos=+74.91 wrist_roll.pos=-2.06 gripper.pos=+0.82
DEBUG 2026-08-19 04:37:51 [action #102] t=4.95s step=1680 queue=11 dmax=0.303 | shoulder_pan.pos=-4.52 shoulder_lift.pos=-101.10 elbow_flex.pos=+87.60 wrist_flex.pos=+75.21 wrist_roll.pos=-2.00 gripper.pos=+1.07
DEBUG 2026-08-19 04:37:51 [action #103] t=4.98s step=1681 queue=10 dmax=0.256 | shoulder_pan.pos=-4.60 shoulder_lift.pos=-101.35 elbow_flex.pos=+87.70 wrist_flex.pos=+75.16 wrist_roll.pos=-2.08 gripper.pos=+0.89
DEBUG 2026-08-19 04:37:51 [action #104] t=5.02s step=1682 queue=9 dmax=0.216 | shoulder_pan.pos=-4.59 shoulder_lift.pos=-101.57 elbow_flex.pos=+87.91 wrist_flex.pos=+75.05 wrist_roll.pos=-2.01 gripper.pos=+0.92
DEBUG 2026-08-19 04:37:51 [action #105] t=5.05s step=1683 queue=8 dmax=0.651 | shoulder_pan.pos=-4.60 shoulder_lift.pos=-100.92 elbow_flex.pos=+88.20 wrist_flex.pos=+75.06 wrist_roll.pos=-2.07 gripper.pos=+1.17
DEBUG 2026-08-19 04:37:51 [chunk] received 50 actions, timesteps 1663..1712 | first: shoulder_pan.pos=-4.47 shoulder_lift.pos=-101.26 elbow_flex.pos=+90.04 wrist_flex.pos=+75.92 wrist_roll.pos=-1.91 gripper.pos=+1.18 | last: shoulder_pan.pos=-5.34 shoulder_lift.pos=-102.48 elbow_flex.pos=+88.73 wrist_flex.pos=+75.10 wrist_roll.pos=-2.68 gripper.pos=+1.06
DEBUG 2026-08-19 04:37:51 [action #106] t=5.08s step=1684 queue=29 dmax=1.233 | shoulder_pan.pos=-4.91 shoulder_lift.pos=-102.15 elbow_flex.pos=+89.42 wrist_flex.pos=+75.12 wrist_roll.pos=-2.01 gripper.pos=+1.20
DEBUG 2026-08-19 04:37:51 [action #107] t=5.12s step=1685 queue=28 dmax=0.303 | shoulder_pan.pos=-4.89 shoulder_lift.pos=-101.85 elbow_flex.pos=+89.12 wrist_flex.pos=+75.22 wrist_roll.pos=-2.00 gripper.pos=+1.15
DEBUG 2026-08-19 04:37:51 [action #108] t=5.15s step=1686 queue=27 dmax=0.233 | shoulder_pan.pos=-4.97 shoulder_lift.pos=-101.62 elbow_flex.pos=+89.14 wrist_flex.pos=+75.07 wrist_roll.pos=-2.06 gripper.pos=+1.11
DEBUG 2026-08-19 04:37:51 [action #109] t=5.18s step=1687 queue=26 dmax=0.426 | shoulder_pan.pos=-5.02 shoulder_lift.pos=-102.04 elbow_flex.pos=+89.40 wrist_flex.pos=+75.12 wrist_roll.pos=-2.07 gripper.pos=+1.08
DEBUG 2026-08-19 04:37:51 [action #110] t=5.22s step=1688 queue=25 dmax=0.202 | shoulder_pan.pos=-4.92 shoulder_lift.pos=-101.85 elbow_flex.pos=+89.20 wrist_flex.pos=+75.19 wrist_roll.pos=-2.07 gripper.pos=+1.04
DEBUG 2026-08-19 04:37:51 [action #111] t=5.25s step=1689 queue=24 dmax=0.321 | shoulder_pan.pos=-4.84 shoulder_lift.pos=-102.17 elbow_flex.pos=+88.91 wrist_flex.pos=+75.28 wrist_roll.pos=-2.12 gripper.pos=+1.15
DEBUG 2026-08-19 04:37:51 [action #112] t=5.28s step=1690 queue=23 dmax=0.207 | shoulder_pan.pos=-4.89 shoulder_lift.pos=-101.97 elbow_flex.pos=+89.02 wrist_flex.pos=+75.27 wrist_roll.pos=-2.15 gripper.pos=+1.12
DEBUG 2026-08-19 04:37:51 [action #113] t=5.32s step=1691 queue=22 dmax=0.392 | shoulder_pan.pos=-4.76 shoulder_lift.pos=-102.15 elbow_flex.pos=+89.41 wrist_flex.pos=+75.43 wrist_roll.pos=-2.18 gripper.pos=+1.14
DEBUG 2026-08-19 04:37:51 [action #114] t=5.35s step=1692 queue=21 dmax=0.284 | shoulder_pan.pos=-5.04 shoulder_lift.pos=-102.37 elbow_flex.pos=+89.48 wrist_flex.pos=+75.31 wrist_roll.pos=-2.35 gripper.pos=+1.12
DEBUG 2026-08-19 04:37:51 [action #115] t=5.38s step=1693 queue=20 dmax=0.207 | shoulder_pan.pos=-4.88 shoulder_lift.pos=-102.16 elbow_flex.pos=+89.51 wrist_flex.pos=+75.26 wrist_roll.pos=-2.23 gripper.pos=+1.23
DEBUG 2026-08-19 04:37:51 [action #116] t=5.42s step=1694 queue=19 dmax=0.302 | shoulder_pan.pos=-4.98 shoulder_lift.pos=-102.47 elbow_flex.pos=+89.39 wrist_flex.pos=+75.12 wrist_roll.pos=-2.37 gripper.pos=+1.13
DEBUG 2026-08-19 04:37:51 [action #117] t=5.45s step=1695 queue=18 dmax=0.277 | shoulder_pan.pos=-5.06 shoulder_lift.pos=-102.19 elbow_flex.pos=+89.31 wrist_flex.pos=+75.32 wrist_roll.pos=-2.45 gripper.pos=+1.02
DEBUG 2026-08-19 04:37:51 [action #118] t=5.48s step=1696 queue=17 dmax=0.182 | shoulder_pan.pos=-5.08 shoulder_lift.pos=-102.33 elbow_flex.pos=+89.44 wrist_flex.pos=+75.14 wrist_roll.pos=-2.50 gripper.pos=+1.16
DEBUG 2026-08-19 04:37:52 [action #119] t=5.52s step=1697 queue=16 dmax=0.334 | shoulder_pan.pos=-5.00 shoulder_lift.pos=-102.07 elbow_flex.pos=+89.11 wrist_flex.pos=+75.06 wrist_roll.pos=-2.52 gripper.pos=+1.11
DEBUG 2026-08-19 04:37:52 [action #120] t=5.55s step=1698 queue=15 dmax=0.123 | shoulder_pan.pos=-4.96 shoulder_lift.pos=-102.10 elbow_flex.pos=+89.00 wrist_flex.pos=+75.01 wrist_roll.pos=-2.58 gripper.pos=+0.98
DEBUG 2026-08-19 04:37:52 [action #121] t=5.58s step=1699 queue=14 dmax=0.617 | shoulder_pan.pos=-5.08 shoulder_lift.pos=-102.71 elbow_flex.pos=+88.84 wrist_flex.pos=+75.25 wrist_roll.pos=-2.65 gripper.pos=+1.04
DEBUG 2026-08-19 04:37:52 [action #122] t=5.62s step=1700 queue=13 dmax=0.502 | shoulder_pan.pos=-5.15 shoulder_lift.pos=-102.21 elbow_flex.pos=+88.80 wrist_flex.pos=+75.16 wrist_roll.pos=-2.70 gripper.pos=+1.04
DEBUG 2026-08-19 04:37:52 [action #123] t=5.65s step=1701 queue=12 dmax=0.157 | shoulder_pan.pos=-4.99 shoulder_lift.pos=-102.18 elbow_flex.pos=+88.89 wrist_flex.pos=+75.20 wrist_roll.pos=-2.72 gripper.pos=+1.08
DEBUG 2026-08-19 04:37:52 [action #124] t=5.68s step=1702 queue=11 dmax=0.130 | shoulder_pan.pos=-5.11 shoulder_lift.pos=-102.27 elbow_flex.pos=+88.76 wrist_flex.pos=+75.27 wrist_roll.pos=-2.63 gripper.pos=+1.18
DEBUG 2026-08-19 04:37:52 [action #125] t=5.72s step=1703 queue=10 dmax=0.151 | shoulder_pan.pos=-5.11 shoulder_lift.pos=-102.36 elbow_flex.pos=+88.91 wrist_flex.pos=+75.31 wrist_roll.pos=-2.70 gripper.pos=+1.19
DEBUG 2026-08-19 04:37:52 [chunk] received 50 actions, timesteps 1683..1732 | first: shoulder_pan.pos=-4.87 shoulder_lift.pos=-101.46 elbow_flex.pos=+89.15 wrist_flex.pos=+76.24 wrist_roll.pos=-1.70 gripper.pos=+1.10 | last: shoulder_pan.pos=-5.41 shoulder_lift.pos=-101.72 elbow_flex.pos=+89.25 wrist_flex.pos=+76.36 wrist_roll.pos=-2.03 gripper.pos=+1.15
DEBUG 2026-08-19 04:37:52 [action #126] t=5.75s step=1704 queue=29 dmax=0.608 | shoulder_pan.pos=-4.88 shoulder_lift.pos=-102.10 elbow_flex.pos=+88.99 wrist_flex.pos=+75.92 wrist_roll.pos=-2.23 gripper.pos=+1.13
DEBUG 2026-08-19 04:37:52 [action #127] t=5.78s step=1705 queue=28 dmax=0.232 | shoulder_pan.pos=-4.97 shoulder_lift.pos=-101.92 elbow_flex.pos=+89.22 wrist_flex.pos=+76.13 wrist_roll.pos=-2.31 gripper.pos=+1.12
DEBUG 2026-08-19 04:37:52 [action #128] t=5.82s step=1706 queue=27 dmax=0.238 | shoulder_pan.pos=-5.16 shoulder_lift.pos=-101.95 elbow_flex.pos=+89.46 wrist_flex.pos=+76.03 wrist_roll.pos=-2.24 gripper.pos=+1.16
DEBUG 2026-08-19 04:37:52 [action #129] t=5.85s step=1707 queue=26 dmax=0.429 | shoulder_pan.pos=-5.27 shoulder_lift.pos=-101.89 elbow_flex.pos=+89.03 wrist_flex.pos=+76.01 wrist_roll.pos=-2.30 gripper.pos=+1.08
DEBUG 2026-08-19 04:37:52 [action #130] t=5.89s step=1708 queue=25 dmax=0.579 | shoulder_pan.pos=-5.17 shoulder_lift.pos=-102.46 elbow_flex.pos=+89.09 wrist_flex.pos=+76.12 wrist_roll.pos=-2.30 gripper.pos=+1.03
DEBUG 2026-08-19 04:37:52 [action #131] t=5.92s step=1709 queue=24 dmax=0.263 | shoulder_pan.pos=-5.29 shoulder_lift.pos=-102.25 elbow_flex.pos=+89.35 wrist_flex.pos=+75.99 wrist_roll.pos=-2.23 gripper.pos=+1.02
DEBUG 2026-08-19 04:37:52 [action #132] t=5.95s step=1710 queue=23 dmax=0.555 | shoulder_pan.pos=-5.32 shoulder_lift.pos=-101.97 elbow_flex.pos=+88.80 wrist_flex.pos=+75.96 wrist_roll.pos=-2.21 gripper.pos=+1.04
DEBUG 2026-08-19 04:37:52 [action #133] t=5.99s step=1711 queue=22 dmax=0.120 | shoulder_pan.pos=-5.29 shoulder_lift.pos=-101.97 elbow_flex.pos=+88.92 wrist_flex.pos=+76.00 wrist_roll.pos=-2.22 gripper.pos=+1.06
DEBUG 2026-08-19 04:37:52 [action #134] t=6.02s step=1712 queue=21 dmax=0.286 | shoulder_pan.pos=-5.38 shoulder_lift.pos=-101.93 elbow_flex.pos=+89.20 wrist_flex.pos=+75.94 wrist_roll.pos=-2.20 gripper.pos=+1.09
DEBUG 2026-08-19 04:37:53 [chunk] received 50 actions, timesteps 1704..1753 | first: shoulder_pan.pos=-5.14 shoulder_lift.pos=-102.53 elbow_flex.pos=+89.40 wrist_flex.pos=+75.87 wrist_roll.pos=-2.54 gripper.pos=+1.09 | last: shoulder_pan.pos=-3.36 shoulder_lift.pos=-101.98 elbow_flex.pos=+89.40 wrist_flex.pos=+70.66 wrist_roll.pos=-2.62 gripper.pos=+0.99
INFO 2026-08-19 04:37:53 Final action sent: shoulder_pan.pos=-5.38 shoulder_lift.pos=-101.93 elbow_flex.pos=+89.20 wrist_flex.pos=+75.94 wrist_roll.pos=-2.20 gripper.pos=+1.09
DEBUG 2026-08-19 04:37:53 === episode end | 6.5s | converged=True | actions=134 ===
DEBUG 2026-08-19 04:38:13 === episode start | task: 'put the purse on the tray' | duration: 30.0s ===
DEBUG 2026-08-19 04:38:14 [chunk] received 50 actions, timesteps 0..49 | first: shoulder_pan.pos=-4.64 shoulder_lift.pos=-101.75 elbow_flex.pos=+88.99 wrist_flex.pos=+74.83 wrist_roll.pos=-0.93 gripper.pos=+0.83 | last: shoulder_pan.pos=-7.09 shoulder_lift.pos=-102.35 elbow_flex.pos=+88.99 wrist_flex.pos=+73.67 wrist_roll.pos=-1.06 gripper.pos=+1.12
DEBUG 2026-08-19 04:38:14 [action #1] t=0.90s step=0 queue=50 dmax=n/a | shoulder_pan.pos=-4.64 shoulder_lift.pos=-101.75 elbow_flex.pos=+88.99 wrist_flex.pos=+74.83 wrist_roll.pos=-0.93 gripper.pos=+0.83
DEBUG 2026-08-19 04:38:14 [action #2] t=0.94s step=1 queue=49 dmax=0.318 | shoulder_pan.pos=-4.62 shoulder_lift.pos=-102.07 elbow_flex.pos=+89.29 wrist_flex.pos=+74.73 wrist_roll.pos=-0.86 gripper.pos=+0.94
DEBUG 2026-08-19 04:38:14 [action #3] t=0.97s step=2 queue=48 dmax=0.625 | shoulder_pan.pos=-5.01 shoulder_lift.pos=-102.69 elbow_flex.pos=+89.40 wrist_flex.pos=+74.60 wrist_roll.pos=-0.88 gripper.pos=+0.94
DEBUG 2026-08-19 04:38:14 [action #4] t=1.00s step=3 queue=47 dmax=0.631 | shoulder_pan.pos=-5.02 shoulder_lift.pos=-102.06 elbow_flex.pos=+89.03 wrist_flex.pos=+74.46 wrist_roll.pos=-0.89 gripper.pos=+0.91
DEBUG 2026-08-19 04:38:14 [action #5] t=1.04s step=4 queue=46 dmax=0.422 | shoulder_pan.pos=-5.22 shoulder_lift.pos=-102.11 elbow_flex.pos=+89.45 wrist_flex.pos=+74.58 wrist_roll.pos=-0.79 gripper.pos=+0.98
DEBUG 2026-08-19 04:38:14 [action #6] t=1.07s step=5 queue=45 dmax=0.355 | shoulder_pan.pos=-5.35 shoulder_lift.pos=-101.75 elbow_flex.pos=+89.35 wrist_flex.pos=+74.61 wrist_roll.pos=-0.79 gripper.pos=+0.98
DEBUG 2026-08-19 04:38:14 [action #7] t=1.10s step=6 queue=44 dmax=0.353 | shoulder_pan.pos=-5.45 shoulder_lift.pos=-101.77 elbow_flex.pos=+89.70 wrist_flex.pos=+74.50 wrist_roll.pos=-0.77 gripper.pos=+0.89
DEBUG 2026-08-19 04:38:14 [action #8] t=1.14s step=7 queue=43 dmax=0.272 | shoulder_pan.pos=-5.72 shoulder_lift.pos=-101.84 elbow_flex.pos=+89.82 wrist_flex.pos=+74.48 wrist_roll.pos=-0.73 gripper.pos=+0.98
DEBUG 2026-08-19 04:38:14 [action #9] t=1.17s step=8 queue=42 dmax=0.595 | shoulder_pan.pos=-5.81 shoulder_lift.pos=-102.43 elbow_flex.pos=+89.83 wrist_flex.pos=+74.81 wrist_roll.pos=-0.75 gripper.pos=+1.03
DEBUG 2026-08-19 04:38:14 [action #10] t=1.20s step=9 queue=41 dmax=0.591 | shoulder_pan.pos=-5.64 shoulder_lift.pos=-102.22 elbow_flex.pos=+89.24 wrist_flex.pos=+74.84 wrist_roll.pos=-0.72 gripper.pos=+0.86
DEBUG 2026-08-19 04:38:14 [action #11] t=1.24s step=10 queue=40 dmax=0.277 | shoulder_pan.pos=-5.84 shoulder_lift.pos=-102.01 elbow_flex.pos=+89.52 wrist_flex.pos=+74.76 wrist_roll.pos=-0.76 gripper.pos=+0.86
DEBUG 2026-08-19 04:38:14 [action #12] t=1.27s step=11 queue=39 dmax=0.338 | shoulder_pan.pos=-5.84 shoulder_lift.pos=-102.34 elbow_flex.pos=+89.23 wrist_flex.pos=+74.77 wrist_roll.pos=-0.72 gripper.pos=+0.99
DEBUG 2026-08-19 04:38:14 [action #13] t=1.30s step=12 queue=38 dmax=0.118 | shoulder_pan.pos=-5.73 shoulder_lift.pos=-102.23 elbow_flex.pos=+89.24 wrist_flex.pos=+74.71 wrist_roll.pos=-0.72 gripper.pos=+0.93
DEBUG 2026-08-19 04:38:14 [action #14] t=1.34s step=13 queue=37 dmax=0.582 | shoulder_pan.pos=-5.87 shoulder_lift.pos=-101.87 elbow_flex.pos=+89.82 wrist_flex.pos=+75.04 wrist_roll.pos=-0.69 gripper.pos=+1.03
DEBUG 2026-08-19 04:38:14 [action #15] t=1.37s step=14 queue=36 dmax=0.664 | shoulder_pan.pos=-5.85 shoulder_lift.pos=-101.86 elbow_flex.pos=+89.15 wrist_flex.pos=+74.85 wrist_roll.pos=-0.68 gripper.pos=+0.96
DEBUG 2026-08-19 04:38:14 [action #16] t=1.40s step=15 queue=35 dmax=0.178 | shoulder_pan.pos=-5.88 shoulder_lift.pos=-101.80 elbow_flex.pos=+88.98 wrist_flex.pos=+74.90 wrist_roll.pos=-0.67 gripper.pos=+0.96
DEBUG 2026-08-19 04:38:14 [action #17] t=1.44s step=16 queue=34 dmax=0.487 | shoulder_pan.pos=-5.83 shoulder_lift.pos=-101.97 elbow_flex.pos=+89.46 wrist_flex.pos=+74.90 wrist_roll.pos=-0.70 gripper.pos=+0.95
DEBUG 2026-08-19 04:38:14 [action #18] t=1.47s step=17 queue=33 dmax=0.268 | shoulder_pan.pos=-5.81 shoulder_lift.pos=-101.98 elbow_flex.pos=+89.20 wrist_flex.pos=+74.78 wrist_roll.pos=-0.77 gripper.pos=+0.92
DEBUG 2026-08-19 04:38:14 [action #19] t=1.51s step=18 queue=32 dmax=0.278 | shoulder_pan.pos=-5.54 shoulder_lift.pos=-102.04 elbow_flex.pos=+89.44 wrist_flex.pos=+74.62 wrist_roll.pos=-0.84 gripper.pos=+1.07
DEBUG 2026-08-19 04:38:14 [action #20] t=1.54s step=19 queue=31 dmax=0.372 | shoulder_pan.pos=-5.53 shoulder_lift.pos=-102.41 elbow_flex.pos=+89.60 wrist_flex.pos=+74.60 wrist_roll.pos=-0.90 gripper.pos=+0.92
DEBUG 2026-08-19 04:38:14 [action #21] t=1.57s step=20 queue=30 dmax=0.875 | shoulder_pan.pos=-5.63 shoulder_lift.pos=-101.53 elbow_flex.pos=+89.16 wrist_flex.pos=+74.51 wrist_roll.pos=-0.91 gripper.pos=+0.88
DEBUG 2026-08-19 04:38:14 [action #22] t=1.61s step=21 queue=29 dmax=0.305 | shoulder_pan.pos=-5.68 shoulder_lift.pos=-101.84 elbow_flex.pos=+89.30 wrist_flex.pos=+74.46 wrist_roll.pos=-0.97 gripper.pos=+0.89
DEBUG 2026-08-19 04:38:14 [action #23] t=1.64s step=22 queue=28 dmax=0.490 | shoulder_pan.pos=-5.19 shoulder_lift.pos=-102.10 elbow_flex.pos=+88.92 wrist_flex.pos=+74.38 wrist_roll.pos=-1.07 gripper.pos=+0.99
DEBUG 2026-08-19 04:38:14 [action #24] t=1.67s step=23 queue=27 dmax=0.252 | shoulder_pan.pos=-5.39 shoulder_lift.pos=-101.90 elbow_flex.pos=+88.92 wrist_flex.pos=+74.13 wrist_roll.pos=-0.97 gripper.pos=+0.99
DEBUG 2026-08-19 04:38:15 [action #25] t=1.71s step=24 queue=26 dmax=0.276 | shoulder_pan.pos=-5.45 shoulder_lift.pos=-102.00 elbow_flex.pos=+88.75 wrist_flex.pos=+74.41 wrist_roll.pos=-1.06 gripper.pos=+1.01
DEBUG 2026-08-19 04:38:15 [action #26] t=1.74s step=25 queue=25 dmax=0.308 | shoulder_pan.pos=-5.29 shoulder_lift.pos=-102.31 elbow_flex.pos=+89.04 wrist_flex.pos=+74.36 wrist_roll.pos=-1.04 gripper.pos=+0.88
DEBUG 2026-08-19 04:38:15 [action #27] t=1.77s step=26 queue=24 dmax=0.337 | shoulder_pan.pos=-5.26 shoulder_lift.pos=-102.10 elbow_flex.pos=+88.71 wrist_flex.pos=+74.29 wrist_roll.pos=-1.06 gripper.pos=+1.02
DEBUG 2026-08-19 04:38:15 [action #28] t=1.81s step=27 queue=23 dmax=0.344 | shoulder_pan.pos=-5.31 shoulder_lift.pos=-101.76 elbow_flex.pos=+88.71 wrist_flex.pos=+74.14 wrist_roll.pos=-1.05 gripper.pos=+0.90
DEBUG 2026-08-19 04:38:15 [action #29] t=1.84s step=28 queue=22 dmax=0.392 | shoulder_pan.pos=-5.27 shoulder_lift.pos=-102.15 elbow_flex.pos=+88.73 wrist_flex.pos=+74.14 wrist_roll.pos=-1.04 gripper.pos=+0.95
DEBUG 2026-08-19 04:38:15 [action #30] t=1.87s step=29 queue=21 dmax=0.323 | shoulder_pan.pos=-5.28 shoulder_lift.pos=-102.39 elbow_flex.pos=+89.05 wrist_flex.pos=+74.33 wrist_roll.pos=-1.06 gripper.pos=+0.98
DEBUG 2026-08-19 04:38:15 [action #31] t=1.91s step=30 queue=20 dmax=0.262 | shoulder_pan.pos=-5.33 shoulder_lift.pos=-102.31 elbow_flex.pos=+88.79 wrist_flex.pos=+74.18 wrist_roll.pos=-1.09 gripper.pos=+1.01
DEBUG 2026-08-19 04:38:15 [action #32] t=1.94s step=31 queue=19 dmax=0.624 | shoulder_pan.pos=-5.43 shoulder_lift.pos=-101.69 elbow_flex.pos=+88.95 wrist_flex.pos=+74.03 wrist_roll.pos=-1.18 gripper.pos=+0.99
DEBUG 2026-08-19 04:38:15 [action #33] t=1.97s step=32 queue=18 dmax=0.369 | shoulder_pan.pos=-5.25 shoulder_lift.pos=-102.06 elbow_flex.pos=+89.04 wrist_flex.pos=+74.23 wrist_roll.pos=-1.10 gripper.pos=+1.03
DEBUG 2026-08-19 04:38:15 [action #34] t=2.01s step=33 queue=17 dmax=0.234 | shoulder_pan.pos=-5.28 shoulder_lift.pos=-102.11 elbow_flex.pos=+88.96 wrist_flex.pos=+74.00 wrist_roll.pos=-1.09 gripper.pos=+1.07
DEBUG 2026-08-19 04:38:15 [action #35] t=2.04s step=34 queue=16 dmax=0.429 | shoulder_pan.pos=-5.50 shoulder_lift.pos=-101.68 elbow_flex.pos=+88.69 wrist_flex.pos=+74.11 wrist_roll.pos=-1.09 gripper.pos=+1.01
DEBUG 2026-08-19 04:38:15 [action #36] t=2.07s step=35 queue=15 dmax=0.330 | shoulder_pan.pos=-5.31 shoulder_lift.pos=-101.77 elbow_flex.pos=+89.02 wrist_flex.pos=+73.97 wrist_roll.pos=-1.10 gripper.pos=+1.00
DEBUG 2026-08-19 04:38:15 [action #37] t=2.11s step=36 queue=14 dmax=0.440 | shoulder_pan.pos=-5.47 shoulder_lift.pos=-101.65 elbow_flex.pos=+88.58 wrist_flex.pos=+73.95 wrist_roll.pos=-1.03 gripper.pos=+0.86
DEBUG 2026-08-19 04:38:15 [action #38] t=2.14s step=37 queue=13 dmax=0.144 | shoulder_pan.pos=-5.56 shoulder_lift.pos=-101.54 elbow_flex.pos=+88.67 wrist_flex.pos=+73.81 wrist_roll.pos=-1.04 gripper.pos=+0.91
DEBUG 2026-08-19 04:38:15 [action #39] t=2.17s step=38 queue=12 dmax=0.414 | shoulder_pan.pos=-5.48 shoulder_lift.pos=-101.62 elbow_flex.pos=+89.09 wrist_flex.pos=+74.06 wrist_roll.pos=-1.02 gripper.pos=+0.95
DEBUG 2026-08-19 04:38:15 [action #40] t=2.21s step=39 queue=11 dmax=0.437 | shoulder_pan.pos=-5.61 shoulder_lift.pos=-102.01 elbow_flex.pos=+88.65 wrist_flex.pos=+74.06 wrist_roll.pos=-1.06 gripper.pos=+1.01
DEBUG 2026-08-19 04:38:15 [action #41] t=2.24s step=40 queue=10 dmax=0.492 | shoulder_pan.pos=-5.92 shoulder_lift.pos=-101.51 elbow_flex.pos=+88.97 wrist_flex.pos=+73.86 wrist_roll.pos=-1.01 gripper.pos=+0.84
DEBUG 2026-08-19 04:38:15 [action #42] t=2.27s step=41 queue=9 dmax=0.307 | shoulder_pan.pos=-5.96 shoulder_lift.pos=-101.82 elbow_flex.pos=+88.68 wrist_flex.pos=+73.86 wrist_roll.pos=-1.01 gripper.pos=+0.84
DEBUG 2026-08-19 04:38:15 [action #43] t=2.31s step=42 queue=8 dmax=0.713 | shoulder_pan.pos=-6.04 shoulder_lift.pos=-101.11 elbow_flex.pos=+88.79 wrist_flex.pos=+73.84 wrist_roll.pos=-1.03 gripper.pos=+0.80
DEBUG 2026-08-19 04:38:15 [action #44] t=2.34s step=43 queue=7 dmax=0.437 | shoulder_pan.pos=-6.25 shoulder_lift.pos=-101.55 elbow_flex.pos=+88.98 wrist_flex.pos=+73.89 wrist_roll.pos=-1.08 gripper.pos=+0.91
DEBUG 2026-08-19 04:38:15 [action #45] t=2.37s step=44 queue=6 dmax=0.334 | shoulder_pan.pos=-6.45 shoulder_lift.pos=-101.75 elbow_flex.pos=+88.65 wrist_flex.pos=+73.86 wrist_roll.pos=-1.09 gripper.pos=+0.90
DEBUG 2026-08-19 04:38:15 [action #46] t=2.41s step=45 queue=5 dmax=0.254 | shoulder_pan.pos=-6.65 shoulder_lift.pos=-101.78 elbow_flex.pos=+88.90 wrist_flex.pos=+73.75 wrist_roll.pos=-1.08 gripper.pos=+0.98
DEBUG 2026-08-19 04:38:15 [action #47] t=2.44s step=46 queue=4 dmax=0.237 | shoulder_pan.pos=-6.88 shoulder_lift.pos=-101.61 elbow_flex.pos=+89.01 wrist_flex.pos=+73.78 wrist_roll.pos=-1.09 gripper.pos=+0.91
DEBUG 2026-08-19 04:38:15 [action #48] t=2.47s step=47 queue=3 dmax=0.531 | shoulder_pan.pos=-7.09 shoulder_lift.pos=-102.15 elbow_flex.pos=+88.87 wrist_flex.pos=+73.51 wrist_roll.pos=-1.11 gripper.pos=+0.85
DEBUG 2026-08-19 04:38:15 [action #49] t=2.51s step=48 queue=2 dmax=0.486 | shoulder_pan.pos=-7.06 shoulder_lift.pos=-101.66 elbow_flex.pos=+88.95 wrist_flex.pos=+73.65 wrist_roll.pos=-1.11 gripper.pos=+0.93
DEBUG 2026-08-19 04:38:15 [action #50] t=2.54s step=49 queue=1 dmax=0.689 | shoulder_pan.pos=-7.09 shoulder_lift.pos=-102.35 elbow_flex.pos=+88.99 wrist_flex.pos=+73.67 wrist_roll.pos=-1.06 gripper.pos=+1.12
DEBUG 2026-08-19 04:38:16 [chunk] received 50 actions, timesteps 45..94 | first: shoulder_pan.pos=-5.61 shoulder_lift.pos=-102.34 elbow_flex.pos=+89.11 wrist_flex.pos=+75.72 wrist_roll.pos=-1.50 gripper.pos=+1.17 | last: shoulder_pan.pos=-7.53 shoulder_lift.pos=-101.93 elbow_flex.pos=+87.96 wrist_flex.pos=+68.71 wrist_roll.pos=-2.01 gripper.pos=+0.95
DEBUG 2026-08-19 04:38:16 [action #51] t=3.34s step=50 queue=45 dmax=1.857 | shoulder_pan.pos=-5.89 shoulder_lift.pos=-102.64 elbow_flex.pos=+89.39 wrist_flex.pos=+75.52 wrist_roll.pos=-1.32 gripper.pos=+1.08
DEBUG 2026-08-19 04:38:16 [action #52] t=3.38s step=51 queue=44 dmax=0.538 | shoulder_pan.pos=-6.25 shoulder_lift.pos=-102.20 elbow_flex.pos=+89.92 wrist_flex.pos=+75.41 wrist_roll.pos=-1.49 gripper.pos=+0.94
DEBUG 2026-08-19 04:38:16 [action #53] t=3.41s step=52 queue=43 dmax=0.582 | shoulder_pan.pos=-5.80 shoulder_lift.pos=-102.79 elbow_flex.pos=+90.14 wrist_flex.pos=+75.21 wrist_roll.pos=-1.45 gripper.pos=+1.05
DEBUG 2026-08-19 04:38:16 [action #54] t=3.44s step=53 queue=42 dmax=0.692 | shoulder_pan.pos=-5.89 shoulder_lift.pos=-102.78 elbow_flex.pos=+89.45 wrist_flex.pos=+74.91 wrist_roll.pos=-1.36 gripper.pos=+1.11
DEBUG 2026-08-19 04:38:16 [action #55] t=3.48s step=54 queue=41 dmax=0.542 | shoulder_pan.pos=-5.83 shoulder_lift.pos=-102.23 elbow_flex.pos=+89.51 wrist_flex.pos=+75.01 wrist_roll.pos=-1.41 gripper.pos=+0.76
DEBUG 2026-08-19 04:38:16 [action #56] t=3.51s step=55 queue=40 dmax=0.450 | shoulder_pan.pos=-6.26 shoulder_lift.pos=-102.41 elbow_flex.pos=+89.06 wrist_flex.pos=+74.99 wrist_roll.pos=-1.49 gripper.pos=+0.98
DEBUG 2026-08-19 04:38:16 [action #57] t=3.54s step=56 queue=39 dmax=0.953 | shoulder_pan.pos=-6.16 shoulder_lift.pos=-102.57 elbow_flex.pos=+90.02 wrist_flex.pos=+74.94 wrist_roll.pos=-1.59 gripper.pos=+1.12
DEBUG 2026-08-19 04:38:16 [action #58] t=3.58s step=57 queue=38 dmax=0.772 | shoulder_pan.pos=-6.18 shoulder_lift.pos=-101.80 elbow_flex.pos=+89.70 wrist_flex.pos=+74.65 wrist_roll.pos=-1.47 gripper.pos=+0.99
DEBUG 2026-08-19 04:38:16 [action #59] t=3.61s step=58 queue=37 dmax=0.782 | shoulder_pan.pos=-5.88 shoulder_lift.pos=-102.58 elbow_flex.pos=+89.62 wrist_flex.pos=+74.18 wrist_roll.pos=-1.39 gripper.pos=+0.98
DEBUG 2026-08-19 04:38:16 [action #60] t=3.64s step=59 queue=36 dmax=0.796 | shoulder_pan.pos=-6.55 shoulder_lift.pos=-101.79 elbow_flex.pos=+90.08 wrist_flex.pos=+74.40 wrist_roll.pos=-1.53 gripper.pos=+1.04
DEBUG 2026-08-19 04:38:16 [action #61] t=3.68s step=60 queue=35 dmax=1.618 | shoulder_pan.pos=-6.23 shoulder_lift.pos=-102.04 elbow_flex.pos=+88.47 wrist_flex.pos=+74.17 wrist_roll.pos=-1.45 gripper.pos=+0.96
DEBUG 2026-08-19 04:38:17 [action #62] t=3.71s step=61 queue=34 dmax=0.404 | shoulder_pan.pos=-6.52 shoulder_lift.pos=-102.34 elbow_flex.pos=+88.06 wrist_flex.pos=+74.47 wrist_roll.pos=-1.46 gripper.pos=+0.96
DEBUG 2026-08-19 04:38:17 [action #63] t=3.75s step=62 queue=33 dmax=0.557 | shoulder_pan.pos=-6.44 shoulder_lift.pos=-102.47 elbow_flex.pos=+88.62 wrist_flex.pos=+74.22 wrist_roll.pos=-1.57 gripper.pos=+0.94
DEBUG 2026-08-19 04:38:17 [action #64] t=3.78s step=63 queue=32 dmax=0.233 | shoulder_pan.pos=-6.53 shoulder_lift.pos=-102.41 elbow_flex.pos=+88.85 wrist_flex.pos=+74.02 wrist_roll.pos=-1.54 gripper.pos=+1.07
DEBUG 2026-08-19 04:38:17 [action #65] t=3.81s step=64 queue=31 dmax=0.345 | shoulder_pan.pos=-6.58 shoulder_lift.pos=-102.07 elbow_flex.pos=+88.70 wrist_flex.pos=+74.07 wrist_roll.pos=-1.60 gripper.pos=+1.07
DEBUG 2026-08-19 04:38:17 [action #66] t=3.85s step=65 queue=30 dmax=0.442 | shoulder_pan.pos=-7.02 shoulder_lift.pos=-102.27 elbow_flex.pos=+88.70 wrist_flex.pos=+73.86 wrist_roll.pos=-1.54 gripper.pos=+1.10
DEBUG 2026-08-19 04:38:17 [action #67] t=3.88s step=66 queue=29 dmax=0.742 | shoulder_pan.pos=-7.00 shoulder_lift.pos=-102.59 elbow_flex.pos=+89.44 wrist_flex.pos=+73.96 wrist_roll.pos=-1.54 gripper.pos=+0.98
DEBUG 2026-08-19 04:38:17 [action #68] t=3.91s step=67 queue=28 dmax=1.114 | shoulder_pan.pos=-7.39 shoulder_lift.pos=-101.59 elbow_flex.pos=+88.33 wrist_flex.pos=+74.06 wrist_roll.pos=-1.60 gripper.pos=+1.08
DEBUG 2026-08-19 04:38:17 [action #69] t=3.95s step=68 queue=27 dmax=0.639 | shoulder_pan.pos=-7.63 shoulder_lift.pos=-102.23 elbow_flex.pos=+88.41 wrist_flex.pos=+73.71 wrist_roll.pos=-1.64 gripper.pos=+1.02
DEBUG 2026-08-19 04:38:17 [action #70] t=3.98s step=69 queue=26 dmax=0.449 | shoulder_pan.pos=-7.32 shoulder_lift.pos=-101.80 elbow_flex.pos=+88.14 wrist_flex.pos=+73.26 wrist_roll.pos=-1.58 gripper.pos=+0.95
DEBUG 2026-08-19 04:38:17 [action #71] t=4.01s step=70 queue=25 dmax=0.324 | shoulder_pan.pos=-7.36 shoulder_lift.pos=-102.13 elbow_flex.pos=+87.95 wrist_flex.pos=+73.03 wrist_roll.pos=-1.64 gripper.pos=+0.99
DEBUG 2026-08-19 04:38:17 [action #72] t=4.05s step=71 queue=24 dmax=0.270 | shoulder_pan.pos=-7.61 shoulder_lift.pos=-102.07 elbow_flex.pos=+88.22 wrist_flex.pos=+72.90 wrist_roll.pos=-1.61 gripper.pos=+1.01
DEBUG 2026-08-19 04:38:17 [chunk] received 50 actions, timesteps 49..98 | first: shoulder_pan.pos=-5.89 shoulder_lift.pos=-102.06 elbow_flex.pos=+88.93 wrist_flex.pos=+74.61 wrist_roll.pos=-1.58 gripper.pos=+1.14 | last: shoulder_pan.pos=-5.13 shoulder_lift.pos=-102.05 elbow_flex.pos=+86.74 wrist_flex.pos=+72.28 wrist_roll.pos=-1.94 gripper.pos=+1.07
DEBUG 2026-08-19 04:38:17 [action #73] t=4.08s step=72 queue=27 dmax=1.615 | shoulder_pan.pos=-6.00 shoulder_lift.pos=-102.00 elbow_flex.pos=+88.68 wrist_flex.pos=+71.87 wrist_roll.pos=-1.64 gripper.pos=+1.00
DEBUG 2026-08-19 04:38:17 [action #74] t=4.11s step=73 queue=26 dmax=0.166 | shoulder_pan.pos=-6.16 shoulder_lift.pos=-102.05 elbow_flex.pos=+88.53 wrist_flex.pos=+71.88 wrist_roll.pos=-1.65 gripper.pos=+1.01
DEBUG 2026-08-19 04:38:17 [action #75] t=4.15s step=74 queue=25 dmax=0.232 | shoulder_pan.pos=-6.00 shoulder_lift.pos=-101.85 elbow_flex.pos=+88.30 wrist_flex.pos=+71.87 wrist_roll.pos=-1.63 gripper.pos=+1.00
DEBUG 2026-08-19 04:38:17 [action #76] t=4.18s step=75 queue=24 dmax=0.138 | shoulder_pan.pos=-5.92 shoulder_lift.pos=-101.99 elbow_flex.pos=+88.37 wrist_flex.pos=+71.84 wrist_roll.pos=-1.67 gripper.pos=+0.98
DEBUG 2026-08-19 04:38:17 [action #77] t=4.21s step=76 queue=23 dmax=0.239 | shoulder_pan.pos=-5.91 shoulder_lift.pos=-101.99 elbow_flex.pos=+88.13 wrist_flex.pos=+71.88 wrist_roll.pos=-1.58 gripper.pos=+1.06
DEBUG 2026-08-19 04:38:17 [action #78] t=4.25s step=77 queue=22 dmax=0.491 | shoulder_pan.pos=-5.86 shoulder_lift.pos=-101.90 elbow_flex.pos=+88.62 wrist_flex.pos=+72.10 wrist_roll.pos=-1.59 gripper.pos=+1.10
DEBUG 2026-08-19 04:38:17 [action #79] t=4.28s step=78 queue=21 dmax=0.411 | shoulder_pan.pos=-5.79 shoulder_lift.pos=-101.88 elbow_flex.pos=+88.21 wrist_flex.pos=+71.91 wrist_roll.pos=-1.59 gripper.pos=+0.97
DEBUG 2026-08-19 04:38:17 [action #80] t=4.31s step=79 queue=20 dmax=0.309 | shoulder_pan.pos=-5.91 shoulder_lift.pos=-102.06 elbow_flex.pos=+87.90 wrist_flex.pos=+72.08 wrist_roll.pos=-1.56 gripper.pos=+1.03
DEBUG 2026-08-19 04:38:17 [action #81] t=4.35s step=80 queue=19 dmax=0.173 | shoulder_pan.pos=-5.73 shoulder_lift.pos=-102.00 elbow_flex.pos=+87.85 wrist_flex.pos=+72.02 wrist_roll.pos=-1.68 gripper.pos=+1.03
DEBUG 2026-08-19 04:38:17 [action #82] t=4.38s step=81 queue=18 dmax=0.171 | shoulder_pan.pos=-5.67 shoulder_lift.pos=-101.91 elbow_flex.pos=+88.02 wrist_flex.pos=+72.18 wrist_roll.pos=-1.62 gripper.pos=+0.97
DEBUG 2026-08-19 04:38:17 [action #83] t=4.41s step=82 queue=17 dmax=0.188 | shoulder_pan.pos=-5.74 shoulder_lift.pos=-101.98 elbow_flex.pos=+88.21 wrist_flex.pos=+72.26 wrist_roll.pos=-1.63 gripper.pos=+1.02
DEBUG 2026-08-19 04:38:17 [action #84] t=4.45s step=83 queue=16 dmax=0.587 | shoulder_pan.pos=-5.73 shoulder_lift.pos=-101.71 elbow_flex.pos=+87.62 wrist_flex.pos=+72.14 wrist_roll.pos=-1.67 gripper.pos=+1.09
DEBUG 2026-08-19 04:38:17 [action #85] t=4.48s step=84 queue=15 dmax=0.129 | shoulder_pan.pos=-5.78 shoulder_lift.pos=-101.58 elbow_flex.pos=+87.62 wrist_flex.pos=+72.18 wrist_roll.pos=-1.59 gripper.pos=+1.07
DEBUG 2026-08-19 04:38:17 [action #86] t=4.51s step=85 queue=14 dmax=0.263 | shoulder_pan.pos=-5.70 shoulder_lift.pos=-101.61 elbow_flex.pos=+87.36 wrist_flex.pos=+72.19 wrist_roll.pos=-1.61 gripper.pos=+1.16
DEBUG 2026-08-19 04:38:17 [action #87] t=4.55s step=86 queue=13 dmax=0.306 | shoulder_pan.pos=-5.59 shoulder_lift.pos=-101.80 elbow_flex.pos=+87.66 wrist_flex.pos=+72.18 wrist_roll.pos=-1.62 gripper.pos=+1.16
DEBUG 2026-08-19 04:38:17 [action #88] t=4.58s step=87 queue=12 dmax=0.331 | shoulder_pan.pos=-5.70 shoulder_lift.pos=-102.13 elbow_flex.pos=+87.59 wrist_flex.pos=+72.21 wrist_roll.pos=-1.66 gripper.pos=+1.02
DEBUG 2026-08-19 04:38:17 [action #89] t=4.62s step=88 queue=11 dmax=0.420 | shoulder_pan.pos=-5.62 shoulder_lift.pos=-101.71 elbow_flex.pos=+87.56 wrist_flex.pos=+72.17 wrist_roll.pos=-1.69 gripper.pos=+1.07
DEBUG 2026-08-19 04:38:17 [action #90] t=4.65s step=89 queue=10 dmax=0.258 | shoulder_pan.pos=-5.69 shoulder_lift.pos=-101.97 elbow_flex.pos=+87.81 wrist_flex.pos=+72.10 wrist_roll.pos=-1.62 gripper.pos=+1.11
DEBUG 2026-08-19 04:38:17 [action #91] t=4.68s step=90 queue=9 dmax=0.586 | shoulder_pan.pos=-5.80 shoulder_lift.pos=-101.45 elbow_flex.pos=+87.22 wrist_flex.pos=+72.08 wrist_roll.pos=-1.71 gripper.pos=+1.14
DEBUG 2026-08-19 04:38:18 [action #92] t=4.72s step=91 queue=8 dmax=0.321 | shoulder_pan.pos=-5.74 shoulder_lift.pos=-101.75 elbow_flex.pos=+87.55 wrist_flex.pos=+71.82 wrist_roll.pos=-1.70 gripper.pos=+1.04
DEBUG 2026-08-19 04:38:18 [action #93] t=4.75s step=92 queue=7 dmax=0.116 | shoulder_pan.pos=-5.78 shoulder_lift.pos=-101.69 elbow_flex.pos=+87.62 wrist_flex.pos=+71.71 wrist_roll.pos=-1.79 gripper.pos=+1.07
DEBUG 2026-08-19 04:38:18 [action #94] t=4.78s step=93 queue=6 dmax=0.357 | shoulder_pan.pos=-5.63 shoulder_lift.pos=-102.05 elbow_flex.pos=+87.39 wrist_flex.pos=+71.56 wrist_roll.pos=-1.80 gripper.pos=+1.08
DEBUG 2026-08-19 04:38:18 [action #95] t=4.82s step=94 queue=5 dmax=0.291 | shoulder_pan.pos=-5.76 shoulder_lift.pos=-101.96 elbow_flex.pos=+87.45 wrist_flex.pos=+71.27 wrist_roll.pos=-1.83 gripper.pos=+1.09
DEBUG 2026-08-19 04:38:18 [action #96] t=4.85s step=95 queue=4 dmax=1.210 | shoulder_pan.pos=-5.08 shoulder_lift.pos=-101.44 elbow_flex.pos=+87.42 wrist_flex.pos=+72.48 wrist_roll.pos=-1.77 gripper.pos=+0.95
DEBUG 2026-08-19 04:38:18 [action #97] t=4.88s step=96 queue=3 dmax=0.580 | shoulder_pan.pos=-5.03 shoulder_lift.pos=-102.02 elbow_flex.pos=+87.47 wrist_flex.pos=+72.39 wrist_roll.pos=-1.86 gripper.pos=+1.18
DEBUG 2026-08-19 04:38:18 [action #98] t=4.92s step=97 queue=2 dmax=0.380 | shoulder_pan.pos=-5.15 shoulder_lift.pos=-101.64 elbow_flex.pos=+87.52 wrist_flex.pos=+72.40 wrist_roll.pos=-1.85 gripper.pos=+1.09
DEBUG 2026-08-19 04:38:18 [chunk] received 50 actions, timesteps 72..121 | first: shoulder_pan.pos=-6.95 shoulder_lift.pos=-101.83 elbow_flex.pos=+89.42 wrist_flex.pos=+74.80 wrist_roll.pos=-2.74 gripper.pos=+0.97 | last: shoulder_pan.pos=-7.79 shoulder_lift.pos=-102.47 elbow_flex.pos=+89.04 wrist_flex.pos=+75.50 wrist_roll.pos=-2.43 gripper.pos=+0.98
DEBUG 2026-08-19 04:38:18 [action #99] t=4.95s step=98 queue=24 dmax=2.238 | shoulder_pan.pos=-6.60 shoulder_lift.pos=-102.02 elbow_flex.pos=+88.62 wrist_flex.pos=+74.64 wrist_roll.pos=-2.16 gripper.pos=+0.94
DEBUG 2026-08-19 04:38:18 [action #100] t=4.98s step=99 queue=23 dmax=1.104 | shoulder_pan.pos=-7.52 shoulder_lift.pos=-101.81 elbow_flex.pos=+88.90 wrist_flex.pos=+75.74 wrist_roll.pos=-2.29 gripper.pos=+1.00
DEBUG 2026-08-19 04:38:18 [action #101] t=5.02s step=100 queue=22 dmax=0.378 | shoulder_pan.pos=-7.26 shoulder_lift.pos=-102.13 elbow_flex.pos=+89.28 wrist_flex.pos=+75.89 wrist_roll.pos=-2.33 gripper.pos=+1.08
DEBUG 2026-08-19 04:38:18 [action #102] t=5.05s step=101 queue=21 dmax=0.635 | shoulder_pan.pos=-7.40 shoulder_lift.pos=-101.49 elbow_flex.pos=+89.55 wrist_flex.pos=+75.84 wrist_roll.pos=-2.36 gripper.pos=+0.95
DEBUG 2026-08-19 04:38:18 [action #103] t=5.08s step=102 queue=20 dmax=0.889 | shoulder_pan.pos=-7.33 shoulder_lift.pos=-102.38 elbow_flex.pos=+89.52 wrist_flex.pos=+75.88 wrist_roll.pos=-2.36 gripper.pos=+1.03
DEBUG 2026-08-19 04:38:18 [action #104] t=5.12s step=103 queue=19 dmax=0.679 | shoulder_pan.pos=-7.39 shoulder_lift.pos=-101.70 elbow_flex.pos=+89.46 wrist_flex.pos=+75.74 wrist_roll.pos=-2.39 gripper.pos=+1.05
DEBUG 2026-08-19 04:38:18 [action #105] t=5.15s step=104 queue=18 dmax=0.220 | shoulder_pan.pos=-7.60 shoulder_lift.pos=-101.50 elbow_flex.pos=+89.24 wrist_flex.pos=+75.83 wrist_roll.pos=-2.42 gripper.pos=+1.03
DEBUG 2026-08-19 04:38:18 [action #106] t=5.18s step=105 queue=17 dmax=0.206 | shoulder_pan.pos=-7.62 shoulder_lift.pos=-101.59 elbow_flex.pos=+89.03 wrist_flex.pos=+75.81 wrist_roll.pos=-2.35 gripper.pos=+0.94
DEBUG 2026-08-19 04:38:18 [action #107] t=5.22s step=106 queue=16 dmax=0.850 | shoulder_pan.pos=-7.86 shoulder_lift.pos=-102.44 elbow_flex.pos=+89.86 wrist_flex.pos=+75.45 wrist_roll.pos=-2.33 gripper.pos=+0.94
DEBUG 2026-08-19 04:38:18 [action #108] t=5.25s step=107 queue=15 dmax=1.150 | shoulder_pan.pos=-8.01 shoulder_lift.pos=-101.29 elbow_flex.pos=+89.61 wrist_flex.pos=+75.62 wrist_roll.pos=-2.36 gripper.pos=+1.01
DEBUG 2026-08-19 04:38:18 [action #109] t=5.28s step=108 queue=14 dmax=0.862 | shoulder_pan.pos=-7.59 shoulder_lift.pos=-101.58 elbow_flex.pos=+88.75 wrist_flex.pos=+75.65 wrist_roll.pos=-2.38 gripper.pos=+0.87
DEBUG 2026-08-19 04:38:18 [action #110] t=5.32s step=109 queue=13 dmax=0.851 | shoulder_pan.pos=-7.68 shoulder_lift.pos=-102.43 elbow_flex.pos=+89.00 wrist_flex.pos=+75.82 wrist_roll.pos=-2.34 gripper.pos=+1.12
DEBUG 2026-08-19 04:38:18 [action #111] t=5.35s step=110 queue=12 dmax=0.189 | shoulder_pan.pos=-7.60 shoulder_lift.pos=-102.50 elbow_flex.pos=+88.89 wrist_flex.pos=+75.84 wrist_roll.pos=-2.35 gripper.pos=+0.93
DEBUG 2026-08-19 04:38:18 [action #112] t=5.38s step=111 queue=11 dmax=0.632 | shoulder_pan.pos=-7.81 shoulder_lift.pos=-102.73 elbow_flex.pos=+89.53 wrist_flex.pos=+75.60 wrist_roll.pos=-2.35 gripper.pos=+1.02
DEBUG 2026-08-19 04:38:18 [action #113] t=5.42s step=112 queue=10 dmax=0.649 | shoulder_pan.pos=-7.78 shoulder_lift.pos=-102.28 elbow_flex.pos=+88.88 wrist_flex.pos=+75.68 wrist_roll.pos=-2.31 gripper.pos=+1.01
DEBUG 2026-08-19 04:38:18 [action #114] t=5.45s step=113 queue=9 dmax=0.124 | shoulder_pan.pos=-7.90 shoulder_lift.pos=-102.22 elbow_flex.pos=+88.88 wrist_flex.pos=+75.77 wrist_roll.pos=-2.42 gripper.pos=+0.94
DEBUG 2026-08-19 04:38:18 [action #115] t=5.49s step=114 queue=8 dmax=0.568 | shoulder_pan.pos=-7.71 shoulder_lift.pos=-102.15 elbow_flex.pos=+89.44 wrist_flex.pos=+75.67 wrist_roll.pos=-2.37 gripper.pos=+1.18
DEBUG 2026-08-19 04:38:18 [action #116] t=5.52s step=115 queue=7 dmax=0.403 | shoulder_pan.pos=-7.64 shoulder_lift.pos=-102.50 elbow_flex.pos=+89.04 wrist_flex.pos=+75.75 wrist_roll.pos=-2.34 gripper.pos=+1.10
DEBUG 2026-08-19 04:38:18 [action #117] t=5.55s step=116 queue=6 dmax=0.863 | shoulder_pan.pos=-7.62 shoulder_lift.pos=-101.63 elbow_flex.pos=+88.91 wrist_flex.pos=+75.62 wrist_roll.pos=-2.30 gripper.pos=+0.98
DEBUG 2026-08-19 04:38:18 [action #118] t=5.59s step=117 queue=5 dmax=0.689 | shoulder_pan.pos=-7.74 shoulder_lift.pos=-101.55 elbow_flex.pos=+88.22 wrist_flex.pos=+75.87 wrist_roll.pos=-2.39 gripper.pos=+1.07
DEBUG 2026-08-19 04:38:18 [action #119] t=5.62s step=118 queue=4 dmax=0.953 | shoulder_pan.pos=-7.73 shoulder_lift.pos=-102.50 elbow_flex.pos=+88.70 wrist_flex.pos=+75.50 wrist_roll.pos=-2.32 gripper.pos=+1.01
DEBUG 2026-08-19 04:38:18 [action #120] t=5.65s step=119 queue=3 dmax=0.234 | shoulder_pan.pos=-7.77 shoulder_lift.pos=-102.27 elbow_flex.pos=+88.77 wrist_flex.pos=+75.63 wrist_roll.pos=-2.37 gripper.pos=+0.91
DEBUG 2026-08-19 04:38:18 [action #121] t=5.69s step=120 queue=2 dmax=0.192 | shoulder_pan.pos=-7.63 shoulder_lift.pos=-102.46 elbow_flex.pos=+88.59 wrist_flex.pos=+75.55 wrist_roll.pos=-2.33 gripper.pos=+1.02
DEBUG 2026-08-19 04:38:19 [action #122] t=5.72s step=121 queue=1 dmax=0.447 | shoulder_pan.pos=-7.79 shoulder_lift.pos=-102.47 elbow_flex.pos=+89.04 wrist_flex.pos=+75.50 wrist_roll.pos=-2.43 gripper.pos=+0.98
DEBUG 2026-08-19 04:38:19 [chunk] received 50 actions, timesteps 97..146 | first: shoulder_pan.pos=-5.37 shoulder_lift.pos=-102.38 elbow_flex.pos=+89.79 wrist_flex.pos=+72.89 wrist_roll.pos=-1.17 gripper.pos=+0.96 | last: shoulder_pan.pos=-4.49 shoulder_lift.pos=-102.28 elbow_flex.pos=+87.93 wrist_flex.pos=+76.59 wrist_roll.pos=-0.89 gripper.pos=+0.87
DEBUG 2026-08-19 04:38:19 [action #123] t=5.75s step=122 queue=25 dmax=2.349 | shoulder_pan.pos=-5.44 shoulder_lift.pos=-101.80 elbow_flex.pos=+88.28 wrist_flex.pos=+76.31 wrist_roll.pos=-0.87 gripper.pos=+0.92
DEBUG 2026-08-19 04:38:19 [action #124] t=5.79s step=123 queue=24 dmax=0.400 | shoulder_pan.pos=-5.34 shoulder_lift.pos=-101.40 elbow_flex.pos=+88.39 wrist_flex.pos=+76.28 wrist_roll.pos=-0.96 gripper.pos=+0.91
DEBUG 2026-08-19 04:38:19 [action #125] t=5.82s step=124 queue=23 dmax=0.779 | shoulder_pan.pos=-5.44 shoulder_lift.pos=-102.18 elbow_flex.pos=+88.72 wrist_flex.pos=+76.47 wrist_roll.pos=-0.87 gripper.pos=+0.89
DEBUG 2026-08-19 04:38:19 [action #126] t=5.85s step=125 queue=22 dmax=0.815 | shoulder_pan.pos=-5.13 shoulder_lift.pos=-101.99 elbow_flex.pos=+87.91 wrist_flex.pos=+76.31 wrist_roll.pos=-1.04 gripper.pos=+0.99
DEBUG 2026-08-19 04:38:19 [action #127] t=5.89s step=126 queue=21 dmax=0.303 | shoulder_pan.pos=-5.12 shoulder_lift.pos=-102.18 elbow_flex.pos=+87.93 wrist_flex.pos=+76.01 wrist_roll.pos=-1.01 gripper.pos=+0.86
DEBUG 2026-08-19 04:38:19 [action #128] t=5.92s step=127 queue=20 dmax=0.536 | shoulder_pan.pos=-4.98 shoulder_lift.pos=-101.64 elbow_flex.pos=+88.23 wrist_flex.pos=+76.34 wrist_roll.pos=-0.90 gripper.pos=+1.02
DEBUG 2026-08-19 04:38:19 [action #129] t=5.95s step=128 queue=19 dmax=0.394 | shoulder_pan.pos=-5.38 shoulder_lift.pos=-101.68 elbow_flex.pos=+87.97 wrist_flex.pos=+76.29 wrist_roll.pos=-0.99 gripper.pos=+0.91
DEBUG 2026-08-19 04:38:19 [action #130] t=5.99s step=129 queue=18 dmax=0.554 | shoulder_pan.pos=-5.36 shoulder_lift.pos=-102.24 elbow_flex.pos=+87.74 wrist_flex.pos=+76.55 wrist_roll.pos=-0.82 gripper.pos=+0.97
DEBUG 2026-08-19 04:38:19 [action #131] t=6.02s step=130 queue=17 dmax=0.397 | shoulder_pan.pos=-5.15 shoulder_lift.pos=-101.84 elbow_flex.pos=+87.98 wrist_flex.pos=+76.30 wrist_roll.pos=-0.89 gripper.pos=+0.95
DEBUG 2026-08-19 04:38:19 [action #132] t=6.05s step=131 queue=16 dmax=0.685 | shoulder_pan.pos=-5.40 shoulder_lift.pos=-102.53 elbow_flex.pos=+87.58 wrist_flex.pos=+76.49 wrist_roll.pos=-0.71 gripper.pos=+1.01
DEBUG 2026-08-19 04:38:19 [action #133] t=6.09s step=132 queue=15 dmax=0.678 | shoulder_pan.pos=-4.82 shoulder_lift.pos=-101.85 elbow_flex.pos=+87.94 wrist_flex.pos=+76.35 wrist_roll.pos=-0.94 gripper.pos=+0.91
DEBUG 2026-08-19 04:38:19 [action #134] t=6.12s step=133 queue=14 dmax=0.424 | shoulder_pan.pos=-4.99 shoulder_lift.pos=-102.27 elbow_flex.pos=+87.70 wrist_flex.pos=+76.16 wrist_roll.pos=-0.77 gripper.pos=+1.00
DEBUG 2026-08-19 04:38:19 [action #135] t=6.15s step=134 queue=13 dmax=1.372 | shoulder_pan.pos=-4.96 shoulder_lift.pos=-100.90 elbow_flex.pos=+87.70 wrist_flex.pos=+76.40 wrist_roll.pos=-0.79 gripper.pos=+1.06
DEBUG 2026-08-19 04:38:19 [action #136] t=6.19s step=135 queue=12 dmax=0.569 | shoulder_pan.pos=-5.02 shoulder_lift.pos=-101.34 elbow_flex.pos=+88.27 wrist_flex.pos=+76.19 wrist_roll.pos=-0.79 gripper.pos=+0.98
DEBUG 2026-08-19 04:38:19 [action #137] t=6.22s step=136 queue=11 dmax=0.722 | shoulder_pan.pos=-5.20 shoulder_lift.pos=-102.06 elbow_flex.pos=+88.14 wrist_flex.pos=+76.40 wrist_roll.pos=-0.85 gripper.pos=+0.79
DEBUG 2026-08-19 04:38:19 [action #138] t=6.25s step=137 queue=10 dmax=0.402 | shoulder_pan.pos=-5.13 shoulder_lift.pos=-101.67 elbow_flex.pos=+88.38 wrist_flex.pos=+76.00 wrist_roll.pos=-0.74 gripper.pos=+1.05
DEBUG 2026-08-19 04:38:19 [action #139] t=6.29s step=138 queue=9 dmax=0.661 | shoulder_pan.pos=-5.04 shoulder_lift.pos=-101.49 elbow_flex.pos=+87.72 wrist_flex.pos=+76.32 wrist_roll.pos=-0.87 gripper.pos=+0.92
DEBUG 2026-08-19 04:38:19 [action #140] t=6.32s step=139 queue=8 dmax=0.321 | shoulder_pan.pos=-4.79 shoulder_lift.pos=-101.81 elbow_flex.pos=+87.91 wrist_flex.pos=+76.20 wrist_roll.pos=-0.87 gripper.pos=+0.93
DEBUG 2026-08-19 04:38:19 [action #141] t=6.35s step=140 queue=7 dmax=0.712 | shoulder_pan.pos=-4.68 shoulder_lift.pos=-102.22 elbow_flex.pos=+88.62 wrist_flex.pos=+76.18 wrist_roll.pos=-0.80 gripper.pos=+0.82
DEBUG 2026-08-19 04:38:19 [action #142] t=6.39s step=141 queue=6 dmax=1.304 | shoulder_pan.pos=-5.25 shoulder_lift.pos=-101.96 elbow_flex.pos=+87.32 wrist_flex.pos=+76.59 wrist_roll.pos=-0.90 gripper.pos=+0.81
DEBUG 2026-08-19 04:38:19 [action #143] t=6.42s step=142 queue=5 dmax=0.479 | shoulder_pan.pos=-4.77 shoulder_lift.pos=-102.40 elbow_flex.pos=+87.79 wrist_flex.pos=+76.30 wrist_roll.pos=-0.91 gripper.pos=+0.91
DEBUG 2026-08-19 04:38:19 [action #144] t=6.45s step=143 queue=4 dmax=0.250 | shoulder_pan.pos=-4.53 shoulder_lift.pos=-102.55 elbow_flex.pos=+87.54 wrist_flex.pos=+76.39 wrist_roll.pos=-0.87 gripper.pos=+0.83
DEBUG 2026-08-19 04:38:19 [action #145] t=6.49s step=144 queue=3 dmax=1.263 | shoulder_pan.pos=-4.75 shoulder_lift.pos=-101.29 elbow_flex.pos=+87.72 wrist_flex.pos=+76.23 wrist_roll.pos=-0.91 gripper.pos=+0.94
DEBUG 2026-08-19 04:38:19 [chunk] received 50 actions, timesteps 121..170 | first: shoulder_pan.pos=-7.80 shoulder_lift.pos=-101.28 elbow_flex.pos=+88.92 wrist_flex.pos=+75.14 wrist_roll.pos=-2.43 gripper.pos=+1.11 | last: shoulder_pan.pos=-8.47 shoulder_lift.pos=-101.95 elbow_flex.pos=+87.86 wrist_flex.pos=+72.40 wrist_roll.pos=-2.33 gripper.pos=+1.00
DEBUG 2026-08-19 04:38:19 [action #146] t=6.52s step=145 queue=26 dmax=2.148 | shoulder_pan.pos=-6.90 shoulder_lift.pos=-102.05 elbow_flex.pos=+88.14 wrist_flex.pos=+74.52 wrist_roll.pos=-1.91 gripper.pos=+1.04
DEBUG 2026-08-19 04:38:19 [action #147] t=6.56s step=146 queue=25 dmax=0.169 | shoulder_pan.pos=-6.93 shoulder_lift.pos=-101.89 elbow_flex.pos=+88.18 wrist_flex.pos=+74.57 wrist_roll.pos=-1.89 gripper.pos=+1.02
DEBUG 2026-08-19 04:38:19 [action #148] t=6.59s step=147 queue=24 dmax=1.047 | shoulder_pan.pos=-7.82 shoulder_lift.pos=-101.53 elbow_flex.pos=+88.13 wrist_flex.pos=+73.52 wrist_roll.pos=-2.27 gripper.pos=+1.07
DEBUG 2026-08-19 04:38:19 [action #149] t=6.62s step=148 queue=23 dmax=0.362 | shoulder_pan.pos=-7.97 shoulder_lift.pos=-101.89 elbow_flex.pos=+88.17 wrist_flex.pos=+73.56 wrist_roll.pos=-2.31 gripper.pos=+1.05
DEBUG 2026-08-19 04:38:19 [action #150] t=6.66s step=149 queue=22 dmax=0.231 | shoulder_pan.pos=-7.99 shoulder_lift.pos=-102.08 elbow_flex.pos=+88.25 wrist_flex.pos=+73.33 wrist_roll.pos=-2.26 gripper.pos=+1.06
DEBUG 2026-08-19 04:38:19 [action #151] t=6.69s step=150 queue=21 dmax=0.411 | shoulder_pan.pos=-8.18 shoulder_lift.pos=-101.94 elbow_flex.pos=+87.84 wrist_flex.pos=+73.35 wrist_roll.pos=-2.28 gripper.pos=+1.03
DEBUG 2026-08-19 04:38:20 [action #152] t=6.72s step=151 queue=20 dmax=0.367 | shoulder_pan.pos=-8.10 shoulder_lift.pos=-101.58 elbow_flex.pos=+88.06 wrist_flex.pos=+73.23 wrist_roll.pos=-2.28 gripper.pos=+0.98
DEBUG 2026-08-19 04:38:20 [action #153] t=6.76s step=152 queue=19 dmax=0.387 | shoulder_pan.pos=-8.23 shoulder_lift.pos=-101.96 elbow_flex.pos=+88.30 wrist_flex.pos=+73.16 wrist_roll.pos=-2.26 gripper.pos=+1.00
DEBUG 2026-08-19 04:38:20 [action #154] t=6.79s step=153 queue=18 dmax=0.139 | shoulder_pan.pos=-8.09 shoulder_lift.pos=-101.86 elbow_flex.pos=+88.31 wrist_flex.pos=+73.30 wrist_roll.pos=-2.29 gripper.pos=+1.13
DEBUG 2026-08-19 04:38:20 [action #155] t=6.82s step=154 queue=17 dmax=0.354 | shoulder_pan.pos=-8.20 shoulder_lift.pos=-101.85 elbow_flex.pos=+87.95 wrist_flex.pos=+73.12 wrist_roll.pos=-2.26 gripper.pos=+1.01
DEBUG 2026-08-19 04:38:20 [action #156] t=6.86s step=155 queue=16 dmax=0.147 | shoulder_pan.pos=-8.27 shoulder_lift.pos=-101.80 elbow_flex.pos=+87.80 wrist_flex.pos=+73.02 wrist_roll.pos=-2.32 gripper.pos=+0.89
DEBUG 2026-08-19 04:38:20 [action #157] t=6.89s step=156 queue=15 dmax=0.109 | shoulder_pan.pos=-8.28 shoulder_lift.pos=-101.80 elbow_flex.pos=+87.91 wrist_flex.pos=+73.03 wrist_roll.pos=-2.24 gripper.pos=+0.97
DEBUG 2026-08-19 04:38:20 [action #158] t=6.92s step=157 queue=14 dmax=0.283 | shoulder_pan.pos=-8.16 shoulder_lift.pos=-102.08 elbow_flex.pos=+88.10 wrist_flex.pos=+72.92 wrist_roll.pos=-2.21 gripper.pos=+1.00
DEBUG 2026-08-19 04:38:20 [action #159] t=6.96s step=158 queue=13 dmax=0.241 | shoulder_pan.pos=-8.24 shoulder_lift.pos=-102.10 elbow_flex.pos=+88.07 wrist_flex.pos=+72.68 wrist_roll.pos=-2.25 gripper.pos=+0.92
DEBUG 2026-08-19 04:38:20 [action #160] t=6.99s step=159 queue=12 dmax=0.265 | shoulder_pan.pos=-8.21 shoulder_lift.pos=-101.84 elbow_flex.pos=+87.82 wrist_flex.pos=+72.69 wrist_roll.pos=-2.27 gripper.pos=+1.00
DEBUG 2026-08-19 04:38:20 [action #161] t=7.02s step=160 queue=11 dmax=0.275 | shoulder_pan.pos=-8.31 shoulder_lift.pos=-101.56 elbow_flex.pos=+87.73 wrist_flex.pos=+72.45 wrist_roll.pos=-2.30 gripper.pos=+0.96
DEBUG 2026-08-19 04:38:20 [action #162] t=7.06s step=161 queue=10 dmax=0.206 | shoulder_pan.pos=-8.17 shoulder_lift.pos=-101.70 elbow_flex.pos=+87.94 wrist_flex.pos=+72.44 wrist_roll.pos=-2.32 gripper.pos=+0.92
DEBUG 2026-08-19 04:38:20 [action #163] t=7.09s step=162 queue=9 dmax=0.292 | shoulder_pan.pos=-8.29 shoulder_lift.pos=-101.99 elbow_flex.pos=+88.03 wrist_flex.pos=+72.31 wrist_roll.pos=-2.25 gripper.pos=+0.93
DEBUG 2026-08-19 04:38:20 [action #164] t=7.12s step=163 queue=8 dmax=0.161 | shoulder_pan.pos=-8.28 shoulder_lift.pos=-101.83 elbow_flex.pos=+88.04 wrist_flex.pos=+72.43 wrist_roll.pos=-2.24 gripper.pos=+0.98
DEBUG 2026-08-19 04:38:20 [action #165] t=7.16s step=164 queue=7 dmax=0.279 | shoulder_pan.pos=-8.27 shoulder_lift.pos=-101.86 elbow_flex.pos=+87.76 wrist_flex.pos=+72.49 wrist_roll.pos=-2.30 gripper.pos=+1.02
DEBUG 2026-08-19 04:38:20 [action #166] t=7.19s step=165 queue=6 dmax=0.675 | shoulder_pan.pos=-8.32 shoulder_lift.pos=-102.54 elbow_flex.pos=+87.90 wrist_flex.pos=+72.49 wrist_roll.pos=-2.26 gripper.pos=+1.00
DEBUG 2026-08-19 04:38:20 [action #167] t=7.22s step=166 queue=5 dmax=0.602 | shoulder_pan.pos=-8.45 shoulder_lift.pos=-101.93 elbow_flex.pos=+87.73 wrist_flex.pos=+72.49 wrist_roll.pos=-2.28 gripper.pos=+0.97
DEBUG 2026-08-19 04:38:20 [chunk] received 50 actions, timesteps 143..192 | first: shoulder_pan.pos=-6.45 shoulder_lift.pos=-102.46 elbow_flex.pos=+89.12 wrist_flex.pos=+75.71 wrist_roll.pos=-1.16 gripper.pos=+0.90 | last: shoulder_pan.pos=-7.54 shoulder_lift.pos=-95.82 elbow_flex.pos=+82.39 wrist_flex.pos=+69.02 wrist_roll.pos=-4.25 gripper.pos=+1.14
DEBUG 2026-08-19 04:38:20 [action #168] t=7.26s step=167 queue=26 dmax=0.886 | shoulder_pan.pos=-8.52 shoulder_lift.pos=-102.26 elbow_flex.pos=+88.30 wrist_flex.pos=+73.38 wrist_roll.pos=-2.80 gripper.pos=+1.04
DEBUG 2026-08-19 04:38:20 [action #169] t=7.29s step=168 queue=25 dmax=0.386 | shoulder_pan.pos=-8.57 shoulder_lift.pos=-102.30 elbow_flex.pos=+88.22 wrist_flex.pos=+72.99 wrist_roll.pos=-3.11 gripper.pos=+0.99
DEBUG 2026-08-19 04:38:20 [action #170] t=7.32s step=169 queue=24 dmax=0.408 | shoulder_pan.pos=-8.56 shoulder_lift.pos=-102.63 elbow_flex.pos=+87.81 wrist_flex.pos=+72.90 wrist_roll.pos=-3.34 gripper.pos=+1.10
DEBUG 2026-08-19 04:38:20 [action #171] t=7.36s step=170 queue=23 dmax=0.287 | shoulder_pan.pos=-8.62 shoulder_lift.pos=-102.37 elbow_flex.pos=+87.64 wrist_flex.pos=+72.61 wrist_roll.pos=-3.55 gripper.pos=+1.07
DEBUG 2026-08-19 04:38:20 [action #172] t=7.39s step=171 queue=22 dmax=0.706 | shoulder_pan.pos=-8.47 shoulder_lift.pos=-102.72 elbow_flex.pos=+87.63 wrist_flex.pos=+72.77 wrist_roll.pos=-4.25 gripper.pos=+0.98
DEBUG 2026-08-19 04:38:21 [chunk] received 50 actions, timesteps 165..214 | first: shoulder_pan.pos=-8.54 shoulder_lift.pos=-102.28 elbow_flex.pos=+88.81 wrist_flex.pos=+73.67 wrist_roll.pos=-2.10 gripper.pos=+1.03 | last: shoulder_pan.pos=-2.95 shoulder_lift.pos=-102.61 elbow_flex.pos=+88.31 wrist_flex.pos=+75.42 wrist_roll.pos=-1.71 gripper.pos=+0.90
INFO 2026-08-19 04:38:21 Final action sent: shoulder_pan.pos=-8.47 shoulder_lift.pos=-102.72 elbow_flex.pos=+87.63 wrist_flex.pos=+72.77 wrist_roll.pos=-4.25 gripper.pos=+0.98
DEBUG 2026-08-19 04:38:21 === episode end | 7.8s | converged=True | actions=172 ===
DEBUG 2026-08-19 04:38:28 === episode start | task: 'put the purse on the tray' | duration: 30.0s ===
DEBUG 2026-08-19 04:38:29 [chunk] received 50 actions, timesteps 166..215 | first: shoulder_pan.pos=-8.36 shoulder_lift.pos=-101.57 elbow_flex.pos=+89.52 wrist_flex.pos=+74.02 wrist_roll.pos=-2.48 gripper.pos=+0.84 | last: shoulder_pan.pos=-6.47 shoulder_lift.pos=-101.91 elbow_flex.pos=+87.95 wrist_flex.pos=+74.71 wrist_roll.pos=-2.50 gripper.pos=+0.89
DEBUG 2026-08-19 04:38:29 [action #1] t=0.80s step=166 queue=50 dmax=n/a | shoulder_pan.pos=-8.36 shoulder_lift.pos=-101.57 elbow_flex.pos=+89.52 wrist_flex.pos=+74.02 wrist_roll.pos=-2.48 gripper.pos=+0.84
DEBUG 2026-08-19 04:38:29 [action #2] t=0.84s step=167 queue=49 dmax=0.599 | shoulder_pan.pos=-8.42 shoulder_lift.pos=-101.99 elbow_flex.pos=+88.92 wrist_flex.pos=+73.89 wrist_roll.pos=-2.45 gripper.pos=+1.09
DEBUG 2026-08-19 04:38:29 [action #3] t=0.87s step=168 queue=48 dmax=0.419 | shoulder_pan.pos=-8.69 shoulder_lift.pos=-101.97 elbow_flex.pos=+88.96 wrist_flex.pos=+74.31 wrist_roll.pos=-2.38 gripper.pos=+1.03
DEBUG 2026-08-19 04:38:29 [action #4] t=0.90s step=169 queue=47 dmax=0.560 | shoulder_pan.pos=-8.58 shoulder_lift.pos=-102.03 elbow_flex.pos=+89.52 wrist_flex.pos=+74.37 wrist_roll.pos=-2.35 gripper.pos=+0.93
DEBUG 2026-08-19 04:38:29 [action #5] t=0.94s step=170 queue=46 dmax=0.650 | shoulder_pan.pos=-8.27 shoulder_lift.pos=-102.68 elbow_flex.pos=+89.52 wrist_flex.pos=+74.19 wrist_roll.pos=-2.32 gripper.pos=+0.90
DEBUG 2026-08-19 04:38:29 [action #6] t=0.97s step=171 queue=45 dmax=0.484 | shoulder_pan.pos=-8.05 shoulder_lift.pos=-102.20 elbow_flex.pos=+89.55 wrist_flex.pos=+74.37 wrist_roll.pos=-2.35 gripper.pos=+0.93
DEBUG 2026-08-19 04:38:29 [action #7] t=1.00s step=172 queue=44 dmax=0.347 | shoulder_pan.pos=-8.28 shoulder_lift.pos=-101.85 elbow_flex.pos=+89.37 wrist_flex.pos=+74.27 wrist_roll.pos=-2.29 gripper.pos=+0.73
DEBUG 2026-08-19 04:38:29 [action #8] t=1.04s step=173 queue=43 dmax=0.296 | shoulder_pan.pos=-8.15 shoulder_lift.pos=-101.91 elbow_flex.pos=+89.25 wrist_flex.pos=+74.57 wrist_roll.pos=-2.36 gripper.pos=+1.00
DEBUG 2026-08-19 04:38:29 [action #9] t=1.07s step=174 queue=42 dmax=0.482 | shoulder_pan.pos=-8.20 shoulder_lift.pos=-102.01 elbow_flex.pos=+89.74 wrist_flex.pos=+74.52 wrist_roll.pos=-2.35 gripper.pos=+0.85
DEBUG 2026-08-19 04:38:29 [action #10] t=1.10s step=175 queue=41 dmax=0.593 | shoulder_pan.pos=-8.07 shoulder_lift.pos=-102.56 elbow_flex.pos=+89.14 wrist_flex.pos=+74.34 wrist_roll.pos=-2.44 gripper.pos=+1.06
DEBUG 2026-08-19 04:38:29 [action #11] t=1.14s step=176 queue=40 dmax=0.259 | shoulder_pan.pos=-7.81 shoulder_lift.pos=-102.45 elbow_flex.pos=+89.38 wrist_flex.pos=+74.48 wrist_roll.pos=-2.41 gripper.pos=+1.07
DEBUG 2026-08-19 04:38:29 [action #12] t=1.17s step=177 queue=39 dmax=1.051 | shoulder_pan.pos=-7.56 shoulder_lift.pos=-101.40 elbow_flex.pos=+89.08 wrist_flex.pos=+74.36 wrist_roll.pos=-2.37 gripper.pos=+1.03
DEBUG 2026-08-19 04:38:29 [action #13] t=1.20s step=178 queue=38 dmax=0.741 | shoulder_pan.pos=-7.78 shoulder_lift.pos=-102.14 elbow_flex.pos=+89.05 wrist_flex.pos=+74.69 wrist_roll.pos=-2.44 gripper.pos=+1.11
DEBUG 2026-08-19 04:38:29 [action #14] t=1.24s step=179 queue=37 dmax=0.353 | shoulder_pan.pos=-7.66 shoulder_lift.pos=-102.14 elbow_flex.pos=+89.03 wrist_flex.pos=+74.34 wrist_roll.pos=-2.49 gripper.pos=+1.11
DEBUG 2026-08-19 04:38:29 [action #15] t=1.27s step=180 queue=36 dmax=0.177 | shoulder_pan.pos=-7.68 shoulder_lift.pos=-102.16 elbow_flex.pos=+89.03 wrist_flex.pos=+74.52 wrist_roll.pos=-2.47 gripper.pos=+1.11
DEBUG 2026-08-19 04:38:29 [action #16] t=1.30s step=181 queue=35 dmax=0.105 | shoulder_pan.pos=-7.67 shoulder_lift.pos=-102.24 elbow_flex.pos=+89.14 wrist_flex.pos=+74.42 wrist_roll.pos=-2.52 gripper.pos=+1.09
DEBUG 2026-08-19 04:38:30 [action #17] t=1.34s step=182 queue=34 dmax=0.373 | shoulder_pan.pos=-8.04 shoulder_lift.pos=-102.05 elbow_flex.pos=+89.40 wrist_flex.pos=+74.46 wrist_roll.pos=-2.49 gripper.pos=+0.99
DEBUG 2026-08-19 04:38:30 [action #18] t=1.37s step=183 queue=33 dmax=0.508 | shoulder_pan.pos=-7.94 shoulder_lift.pos=-101.92 elbow_flex.pos=+88.90 wrist_flex.pos=+74.53 wrist_roll.pos=-2.56 gripper.pos=+0.95
DEBUG 2026-08-19 04:38:30 [action #19] t=1.40s step=184 queue=32 dmax=0.157 | shoulder_pan.pos=-7.97 shoulder_lift.pos=-101.96 elbow_flex.pos=+88.74 wrist_flex.pos=+74.57 wrist_roll.pos=-2.64 gripper.pos=+0.96
DEBUG 2026-08-19 04:38:30 [action #20] t=1.44s step=185 queue=31 dmax=0.595 | shoulder_pan.pos=-8.05 shoulder_lift.pos=-102.04 elbow_flex.pos=+89.33 wrist_flex.pos=+74.51 wrist_roll.pos=-2.54 gripper.pos=+1.12
DEBUG 2026-08-19 04:38:30 [action #21] t=1.47s step=186 queue=30 dmax=0.233 | shoulder_pan.pos=-8.17 shoulder_lift.pos=-102.27 elbow_flex.pos=+89.13 wrist_flex.pos=+74.38 wrist_roll.pos=-2.62 gripper.pos=+1.02
DEBUG 2026-08-19 04:38:30 [action #22] t=1.50s step=187 queue=29 dmax=0.321 | shoulder_pan.pos=-7.85 shoulder_lift.pos=-101.99 elbow_flex.pos=+88.93 wrist_flex.pos=+74.52 wrist_roll.pos=-2.64 gripper.pos=+1.08
DEBUG 2026-08-19 04:38:30 [chunk] received 50 actions, timesteps 0..49 | first: shoulder_pan.pos=-5.74 shoulder_lift.pos=-102.69 elbow_flex.pos=+89.54 wrist_flex.pos=+74.04 wrist_roll.pos=-1.44 gripper.pos=+1.27 | last: shoulder_pan.pos=-5.52 shoulder_lift.pos=-102.03 elbow_flex.pos=+87.98 wrist_flex.pos=+73.52 wrist_roll.pos=-1.88 gripper.pos=+1.09
DEBUG 2026-08-19 04:38:30 [chunk] received 50 actions, timesteps 186..235 | first: shoulder_pan.pos=-8.58 shoulder_lift.pos=-102.35 elbow_flex.pos=+88.87 wrist_flex.pos=+74.50 wrist_roll.pos=-2.46 gripper.pos=+1.20 | last: shoulder_pan.pos=-8.56 shoulder_lift.pos=-101.66 elbow_flex.pos=+86.76 wrist_flex.pos=+69.33 wrist_roll.pos=-2.52 gripper.pos=+1.17
DEBUG 2026-08-19 04:38:30 [action #23] t=2.27s step=188 queue=48 dmax=1.337 | shoulder_pan.pos=-9.19 shoulder_lift.pos=-102.00 elbow_flex.pos=+88.96 wrist_flex.pos=+74.49 wrist_roll.pos=-2.47 gripper.pos=+1.23
DEBUG 2026-08-19 04:38:31 [action #24] t=2.31s step=189 queue=47 dmax=0.456 | shoulder_pan.pos=-8.80 shoulder_lift.pos=-101.54 elbow_flex.pos=+88.78 wrist_flex.pos=+74.23 wrist_roll.pos=-2.42 gripper.pos=+1.15
DEBUG 2026-08-19 04:38:31 [action #25] t=2.34s step=190 queue=46 dmax=0.276 | shoulder_pan.pos=-9.08 shoulder_lift.pos=-101.71 elbow_flex.pos=+88.90 wrist_flex.pos=+74.17 wrist_roll.pos=-2.40 gripper.pos=+1.26
DEBUG 2026-08-19 04:38:31 [action #26] t=2.37s step=191 queue=45 dmax=0.234 | shoulder_pan.pos=-9.05 shoulder_lift.pos=-101.79 elbow_flex.pos=+88.67 wrist_flex.pos=+73.95 wrist_roll.pos=-2.38 gripper.pos=+1.22
DEBUG 2026-08-19 04:38:31 [action #27] t=2.41s step=192 queue=44 dmax=0.293 | shoulder_pan.pos=-9.06 shoulder_lift.pos=-101.50 elbow_flex.pos=+88.67 wrist_flex.pos=+73.87 wrist_roll.pos=-2.43 gripper.pos=+1.27
DEBUG 2026-08-19 04:38:31 [action #28] t=2.44s step=193 queue=43 dmax=0.256 | shoulder_pan.pos=-8.91 shoulder_lift.pos=-101.57 elbow_flex.pos=+88.93 wrist_flex.pos=+73.81 wrist_roll.pos=-2.38 gripper.pos=+1.18
DEBUG 2026-08-19 04:38:31 [action #29] t=2.47s step=194 queue=42 dmax=0.376 | shoulder_pan.pos=-8.75 shoulder_lift.pos=-101.38 elbow_flex.pos=+88.66 wrist_flex.pos=+73.43 wrist_roll.pos=-2.34 gripper.pos=+1.05
DEBUG 2026-08-19 04:38:31 [action #30] t=2.51s step=195 queue=41 dmax=0.306 | shoulder_pan.pos=-8.45 shoulder_lift.pos=-101.53 elbow_flex.pos=+88.78 wrist_flex.pos=+73.58 wrist_roll.pos=-2.41 gripper.pos=+1.27
DEBUG 2026-08-19 04:38:31 [action #31] t=2.54s step=196 queue=40 dmax=0.407 | shoulder_pan.pos=-8.68 shoulder_lift.pos=-101.47 elbow_flex.pos=+88.37 wrist_flex.pos=+73.19 wrist_roll.pos=-2.48 gripper.pos=+1.14
DEBUG 2026-08-19 04:38:31 [action #32] t=2.58s step=197 queue=39 dmax=0.504 | shoulder_pan.pos=-8.74 shoulder_lift.pos=-101.97 elbow_flex.pos=+88.46 wrist_flex.pos=+72.79 wrist_roll.pos=-2.54 gripper.pos=+1.07
DEBUG 2026-08-19 04:38:31 [action #33] t=2.61s step=198 queue=38 dmax=0.488 | shoulder_pan.pos=-8.48 shoulder_lift.pos=-101.48 elbow_flex.pos=+88.78 wrist_flex.pos=+72.82 wrist_roll.pos=-2.42 gripper.pos=+1.17
DEBUG 2026-08-19 04:38:31 [action #34] t=2.64s step=199 queue=37 dmax=0.518 | shoulder_pan.pos=-8.32 shoulder_lift.pos=-101.07 elbow_flex.pos=+88.48 wrist_flex.pos=+72.30 wrist_roll.pos=-2.42 gripper.pos=+1.19
DEBUG 2026-08-19 04:38:31 [action #35] t=2.68s step=200 queue=36 dmax=0.320 | shoulder_pan.pos=-8.40 shoulder_lift.pos=-101.39 elbow_flex.pos=+88.21 wrist_flex.pos=+72.10 wrist_roll.pos=-2.47 gripper.pos=+1.30
DEBUG 2026-08-19 04:38:31 [action #36] t=2.71s step=201 queue=35 dmax=0.306 | shoulder_pan.pos=-8.30 shoulder_lift.pos=-101.25 elbow_flex.pos=+88.52 wrist_flex.pos=+71.88 wrist_roll.pos=-2.51 gripper.pos=+1.28
DEBUG 2026-08-19 04:38:31 [action #37] t=2.74s step=202 queue=34 dmax=0.403 | shoulder_pan.pos=-8.23 shoulder_lift.pos=-101.47 elbow_flex.pos=+88.11 wrist_flex.pos=+71.91 wrist_roll.pos=-2.38 gripper.pos=+1.31
DEBUG 2026-08-19 04:38:31 [action #38] t=2.78s step=203 queue=33 dmax=0.295 | shoulder_pan.pos=-8.52 shoulder_lift.pos=-101.50 elbow_flex.pos=+87.82 wrist_flex.pos=+71.81 wrist_roll.pos=-2.48 gripper.pos=+1.16
DEBUG 2026-08-19 04:38:31 [action #39] t=2.81s step=204 queue=32 dmax=0.457 | shoulder_pan.pos=-8.50 shoulder_lift.pos=-101.04 elbow_flex.pos=+87.38 wrist_flex.pos=+71.58 wrist_roll.pos=-2.50 gripper.pos=+1.20
DEBUG 2026-08-19 04:38:31 [chunk] received 50 actions, timesteps 187..236 | first: shoulder_pan.pos=-8.95 shoulder_lift.pos=-102.08 elbow_flex.pos=+89.22 wrist_flex.pos=+74.57 wrist_roll.pos=-2.41 gripper.pos=+1.20 | last: shoulder_pan.pos=-1.59 shoulder_lift.pos=-101.62 elbow_flex.pos=+87.36 wrist_flex.pos=+72.14 wrist_roll.pos=-2.41 gripper.pos=+0.76
DEBUG 2026-08-19 04:38:31 [action #40] t=2.84s step=205 queue=32 dmax=2.320 | shoulder_pan.pos=-8.18 shoulder_lift.pos=-101.99 elbow_flex.pos=+89.70 wrist_flex.pos=+73.20 wrist_roll.pos=-2.52 gripper.pos=+1.20
DEBUG 2026-08-19 04:38:31 [action #41] t=2.88s step=206 queue=31 dmax=0.693 | shoulder_pan.pos=-8.32 shoulder_lift.pos=-101.49 elbow_flex.pos=+89.01 wrist_flex.pos=+73.16 wrist_roll.pos=-2.48 gripper.pos=+1.04
DEBUG 2026-08-19 04:38:31 [action #42] t=2.91s step=207 queue=30 dmax=0.225 | shoulder_pan.pos=-8.35 shoulder_lift.pos=-101.54 elbow_flex.pos=+88.99 wrist_flex.pos=+73.38 wrist_roll.pos=-2.46 gripper.pos=+1.04
DEBUG 2026-08-19 04:38:31 [action #43] t=2.94s step=208 queue=29 dmax=0.230 | shoulder_pan.pos=-8.55 shoulder_lift.pos=-101.78 elbow_flex.pos=+89.13 wrist_flex.pos=+73.22 wrist_roll.pos=-2.54 gripper.pos=+1.13
DEBUG 2026-08-19 04:38:31 [action #44] t=2.98s step=209 queue=28 dmax=0.418 | shoulder_pan.pos=-8.24 shoulder_lift.pos=-101.36 elbow_flex.pos=+89.21 wrist_flex.pos=+73.22 wrist_roll.pos=-2.48 gripper.pos=+1.12
DEBUG 2026-08-19 04:38:31 [action #45] t=3.01s step=210 queue=27 dmax=0.319 | shoulder_pan.pos=-8.56 shoulder_lift.pos=-101.17 elbow_flex.pos=+89.18 wrist_flex.pos=+73.11 wrist_roll.pos=-2.45 gripper.pos=+1.06
DEBUG 2026-08-19 04:38:31 [action #46] t=3.04s step=211 queue=26 dmax=0.174 | shoulder_pan.pos=-8.59 shoulder_lift.pos=-101.25 elbow_flex.pos=+89.12 wrist_flex.pos=+72.93 wrist_roll.pos=-2.52 gripper.pos=+1.16
DEBUG 2026-08-19 04:38:31 [action #47] t=3.08s step=212 queue=25 dmax=0.412 | shoulder_pan.pos=-8.63 shoulder_lift.pos=-101.66 elbow_flex.pos=+89.20 wrist_flex.pos=+72.64 wrist_roll.pos=-2.49 gripper.pos=+1.07
DEBUG 2026-08-19 04:38:31 [action #48] t=3.11s step=213 queue=24 dmax=0.592 | shoulder_pan.pos=-8.58 shoulder_lift.pos=-101.71 elbow_flex.pos=+88.61 wrist_flex.pos=+72.80 wrist_roll.pos=-2.45 gripper.pos=+1.08
DEBUG 2026-08-19 04:38:31 [action #49] t=3.14s step=214 queue=23 dmax=0.593 | shoulder_pan.pos=-8.44 shoulder_lift.pos=-101.12 elbow_flex.pos=+88.52 wrist_flex.pos=+72.56 wrist_roll.pos=-2.49 gripper.pos=+1.09
DEBUG 2026-08-19 04:38:31 [action #50] t=3.18s step=215 queue=22 dmax=0.971 | shoulder_pan.pos=-8.36 shoulder_lift.pos=-102.09 elbow_flex.pos=+89.00 wrist_flex.pos=+72.64 wrist_roll.pos=-2.48 gripper.pos=+1.14
DEBUG 2026-08-19 04:38:31 [action #51] t=3.21s step=216 queue=21 dmax=1.012 | shoulder_pan.pos=-8.44 shoulder_lift.pos=-101.07 elbow_flex.pos=+88.35 wrist_flex.pos=+72.54 wrist_roll.pos=-2.46 gripper.pos=+0.92
DEBUG 2026-08-19 04:38:31 [action #52] t=3.24s step=217 queue=20 dmax=0.751 | shoulder_pan.pos=-8.39 shoulder_lift.pos=-101.83 elbow_flex.pos=+88.57 wrist_flex.pos=+72.35 wrist_roll.pos=-2.44 gripper.pos=+1.06
DEBUG 2026-08-19 04:38:31 [action #53] t=3.28s step=218 queue=19 dmax=0.099 | shoulder_pan.pos=-8.29 shoulder_lift.pos=-101.88 elbow_flex.pos=+88.49 wrist_flex.pos=+72.29 wrist_roll.pos=-2.45 gripper.pos=+1.09
DEBUG 2026-08-19 04:38:32 [action #54] t=3.31s step=219 queue=18 dmax=0.310 | shoulder_pan.pos=-8.21 shoulder_lift.pos=-101.57 elbow_flex.pos=+88.55 wrist_flex.pos=+72.16 wrist_roll.pos=-2.42 gripper.pos=+1.15
DEBUG 2026-08-19 04:38:32 [action #55] t=3.34s step=220 queue=17 dmax=0.425 | shoulder_pan.pos=-8.06 shoulder_lift.pos=-101.59 elbow_flex.pos=+88.12 wrist_flex.pos=+72.11 wrist_roll.pos=-2.47 gripper.pos=+1.11
DEBUG 2026-08-19 04:38:32 [action #56] t=3.38s step=221 queue=16 dmax=0.475 | shoulder_pan.pos=-7.96 shoulder_lift.pos=-102.07 elbow_flex.pos=+88.40 wrist_flex.pos=+72.23 wrist_roll.pos=-2.48 gripper.pos=+1.07
DEBUG 2026-08-19 04:38:32 [action #57] t=3.41s step=222 queue=15 dmax=0.828 | shoulder_pan.pos=-7.42 shoulder_lift.pos=-101.24 elbow_flex.pos=+88.45 wrist_flex.pos=+72.25 wrist_roll.pos=-2.43 gripper.pos=+1.06
DEBUG 2026-08-19 04:38:32 [action #58] t=3.44s step=223 queue=14 dmax=0.668 | shoulder_pan.pos=-7.31 shoulder_lift.pos=-101.91 elbow_flex.pos=+88.38 wrist_flex.pos=+72.32 wrist_roll.pos=-2.49 gripper.pos=+1.12
DEBUG 2026-08-19 04:38:32 [action #59] t=3.48s step=224 queue=13 dmax=0.737 | shoulder_pan.pos=-6.68 shoulder_lift.pos=-101.17 elbow_flex.pos=+87.87 wrist_flex.pos=+72.23 wrist_roll.pos=-2.48 gripper.pos=+1.06
DEBUG 2026-08-19 04:38:32 [action #60] t=3.51s step=225 queue=12 dmax=0.342 | shoulder_pan.pos=-6.47 shoulder_lift.pos=-101.51 elbow_flex.pos=+88.13 wrist_flex.pos=+72.14 wrist_roll.pos=-2.51 gripper.pos=+1.05
DEBUG 2026-08-19 04:38:32 [chunk] received 50 actions, timesteps 204..253 | first: shoulder_pan.pos=-8.58 shoulder_lift.pos=-101.97 elbow_flex.pos=+89.26 wrist_flex.pos=+74.49 wrist_roll.pos=-2.68 gripper.pos=+1.03 | last: shoulder_pan.pos=-7.26 shoulder_lift.pos=-102.31 elbow_flex.pos=+88.00 wrist_flex.pos=+76.06 wrist_roll.pos=-2.50 gripper.pos=+1.01
DEBUG 2026-08-19 04:38:32 [action #61] t=3.55s step=226 queue=28 dmax=2.647 | shoulder_pan.pos=-5.15 shoulder_lift.pos=-101.94 elbow_flex.pos=+88.05 wrist_flex.pos=+74.79 wrist_roll.pos=-2.52 gripper.pos=+0.95
DEBUG 2026-08-19 04:38:32 [action #62] t=3.58s step=227 queue=27 dmax=0.183 | shoulder_pan.pos=-5.10 shoulder_lift.pos=-102.08 elbow_flex.pos=+88.23 wrist_flex.pos=+74.90 wrist_roll.pos=-2.52 gripper.pos=+0.99
DEBUG 2026-08-19 04:38:32 [action #63] t=3.61s step=228 queue=26 dmax=0.403 | shoulder_pan.pos=-4.98 shoulder_lift.pos=-101.68 elbow_flex.pos=+88.00 wrist_flex.pos=+74.80 wrist_roll.pos=-2.50 gripper.pos=+0.93
DEBUG 2026-08-19 04:38:32 [action #64] t=3.65s step=229 queue=25 dmax=0.522 | shoulder_pan.pos=-4.96 shoulder_lift.pos=-102.20 elbow_flex.pos=+88.38 wrist_flex.pos=+74.68 wrist_roll.pos=-2.45 gripper.pos=+0.93
DEBUG 2026-08-19 04:38:32 [action #65] t=3.68s step=230 queue=24 dmax=0.502 | shoulder_pan.pos=-5.03 shoulder_lift.pos=-102.07 elbow_flex.pos=+87.88 wrist_flex.pos=+74.79 wrist_roll.pos=-2.49 gripper.pos=+0.96
DEBUG 2026-08-19 04:38:32 [action #66] t=3.71s step=231 queue=23 dmax=0.438 | shoulder_pan.pos=-5.05 shoulder_lift.pos=-102.02 elbow_flex.pos=+88.32 wrist_flex.pos=+74.72 wrist_roll.pos=-2.54 gripper.pos=+0.94
DEBUG 2026-08-19 04:38:32 [action #67] t=3.75s step=232 queue=22 dmax=0.361 | shoulder_pan.pos=-4.93 shoulder_lift.pos=-101.97 elbow_flex.pos=+87.96 wrist_flex.pos=+74.76 wrist_roll.pos=-2.52 gripper.pos=+0.96
DEBUG 2026-08-19 04:38:32 [action #68] t=3.78s step=233 queue=21 dmax=0.230 | shoulder_pan.pos=-4.93 shoulder_lift.pos=-102.20 elbow_flex.pos=+88.00 wrist_flex.pos=+74.57 wrist_roll.pos=-2.55 gripper.pos=+1.00
DEBUG 2026-08-19 04:38:32 [action #69] t=3.81s step=234 queue=20 dmax=0.411 | shoulder_pan.pos=-4.96 shoulder_lift.pos=-101.79 elbow_flex.pos=+87.95 wrist_flex.pos=+74.67 wrist_roll.pos=-2.56 gripper.pos=+1.05
DEBUG 2026-08-19 04:38:32 [action #70] t=3.85s step=235 queue=19 dmax=0.312 | shoulder_pan.pos=-4.96 shoulder_lift.pos=-102.10 elbow_flex.pos=+87.86 wrist_flex.pos=+74.57 wrist_roll.pos=-2.54 gripper.pos=+1.01
DEBUG 2026-08-19 04:38:32 [action #71] t=3.88s step=236 queue=18 dmax=0.469 | shoulder_pan.pos=-4.49 shoulder_lift.pos=-101.78 elbow_flex.pos=+88.02 wrist_flex.pos=+74.78 wrist_roll.pos=-2.58 gripper.pos=+0.87
DEBUG 2026-08-19 04:38:32 [action #72] t=3.91s step=237 queue=17 dmax=1.308 | shoulder_pan.pos=-5.80 shoulder_lift.pos=-101.80 elbow_flex.pos=+87.90 wrist_flex.pos=+76.02 wrist_roll.pos=-2.64 gripper.pos=+1.00
DEBUG 2026-08-19 04:38:32 [action #73] t=3.95s step=238 queue=16 dmax=0.519 | shoulder_pan.pos=-6.02 shoulder_lift.pos=-102.32 elbow_flex.pos=+87.92 wrist_flex.pos=+76.02 wrist_roll.pos=-2.64 gripper.pos=+1.05
DEBUG 2026-08-19 04:38:32 [action #74] t=3.98s step=239 queue=15 dmax=0.092 | shoulder_pan.pos=-6.04 shoulder_lift.pos=-102.25 elbow_flex.pos=+87.84 wrist_flex.pos=+76.03 wrist_roll.pos=-2.70 gripper.pos=+0.96
DEBUG 2026-08-19 04:38:32 [action #75] t=4.01s step=240 queue=14 dmax=0.608 | shoulder_pan.pos=-6.39 shoulder_lift.pos=-101.64 elbow_flex.pos=+87.77 wrist_flex.pos=+76.14 wrist_roll.pos=-2.66 gripper.pos=+1.02
DEBUG 2026-08-19 04:38:32 [action #76] t=4.05s step=241 queue=13 dmax=0.389 | shoulder_pan.pos=-6.34 shoulder_lift.pos=-102.03 elbow_flex.pos=+87.89 wrist_flex.pos=+76.21 wrist_roll.pos=-2.66 gripper.pos=+0.96
DEBUG 2026-08-19 04:38:32 [action #77] t=4.08s step=242 queue=12 dmax=0.451 | shoulder_pan.pos=-6.43 shoulder_lift.pos=-102.48 elbow_flex.pos=+88.12 wrist_flex.pos=+76.14 wrist_roll.pos=-2.66 gripper.pos=+0.99
DEBUG 2026-08-19 04:38:32 [action #78] t=4.11s step=243 queue=11 dmax=0.338 | shoulder_pan.pos=-6.49 shoulder_lift.pos=-102.19 elbow_flex.pos=+87.78 wrist_flex.pos=+76.04 wrist_roll.pos=-2.65 gripper.pos=+0.92
DEBUG 2026-08-19 04:38:32 [action #79] t=4.15s step=244 queue=10 dmax=0.370 | shoulder_pan.pos=-6.70 shoulder_lift.pos=-101.82 elbow_flex.pos=+87.70 wrist_flex.pos=+76.07 wrist_roll.pos=-2.63 gripper.pos=+0.94
DEBUG 2026-08-19 04:38:32 [action #80] t=4.18s step=245 queue=9 dmax=0.427 | shoulder_pan.pos=-6.77 shoulder_lift.pos=-102.25 elbow_flex.pos=+87.90 wrist_flex.pos=+76.20 wrist_roll.pos=-2.68 gripper.pos=+0.95
DEBUG 2026-08-19 04:38:32 [action #81] t=4.21s step=246 queue=8 dmax=0.517 | shoulder_pan.pos=-6.64 shoulder_lift.pos=-101.73 elbow_flex.pos=+87.73 wrist_flex.pos=+76.20 wrist_roll.pos=-2.60 gripper.pos=+1.01
DEBUG 2026-08-19 04:38:32 [action #82] t=4.25s step=247 queue=7 dmax=0.513 | shoulder_pan.pos=-6.80 shoulder_lift.pos=-102.24 elbow_flex.pos=+87.92 wrist_flex.pos=+76.21 wrist_roll.pos=-2.53 gripper.pos=+0.94
DEBUG 2026-08-19 04:38:32 [action #83] t=4.28s step=248 queue=6 dmax=0.504 | shoulder_pan.pos=-6.78 shoulder_lift.pos=-101.74 elbow_flex.pos=+87.90 wrist_flex.pos=+76.18 wrist_roll.pos=-2.62 gripper.pos=+0.99
DEBUG 2026-08-19 04:38:33 [action #84] t=4.31s step=249 queue=5 dmax=0.153 | shoulder_pan.pos=-6.92 shoulder_lift.pos=-101.89 elbow_flex.pos=+87.83 wrist_flex.pos=+76.12 wrist_roll.pos=-2.56 gripper.pos=+1.00
DEBUG 2026-08-19 04:38:33 [action #85] t=4.35s step=250 queue=4 dmax=0.316 | shoulder_pan.pos=-6.88 shoulder_lift.pos=-101.61 elbow_flex.pos=+87.51 wrist_flex.pos=+76.13 wrist_roll.pos=-2.57 gripper.pos=+0.95
DEBUG 2026-08-19 04:38:33 [action #86] t=4.38s step=251 queue=3 dmax=0.384 | shoulder_pan.pos=-7.27 shoulder_lift.pos=-101.90 elbow_flex.pos=+87.58 wrist_flex.pos=+76.20 wrist_roll.pos=-2.52 gripper.pos=+0.96
DEBUG 2026-08-19 04:38:33 [chunk] received 50 actions, timesteps 225..274 | first: shoulder_pan.pos=-6.76 shoulder_lift.pos=-101.77 elbow_flex.pos=+89.56 wrist_flex.pos=+73.03 wrist_roll.pos=-2.48 gripper.pos=+0.85 | last: shoulder_pan.pos=-6.49 shoulder_lift.pos=-85.93 elbow_flex.pos=+76.90 wrist_flex.pos=+66.95 wrist_roll.pos=-3.03 gripper.pos=+1.07
DEBUG 2026-08-19 04:38:33 [action #87] t=4.41s step=252 queue=23 dmax=3.820 | shoulder_pan.pos=-6.87 shoulder_lift.pos=-102.16 elbow_flex.pos=+88.02 wrist_flex.pos=+72.38 wrist_roll.pos=-2.65 gripper.pos=+0.83
DEBUG 2026-08-19 04:38:33 [action #88] t=4.45s step=253 queue=22 dmax=0.097 | shoulder_pan.pos=-6.93 shoulder_lift.pos=-102.13 elbow_flex.pos=+87.95 wrist_flex.pos=+72.43 wrist_roll.pos=-2.56 gripper.pos=+0.89
DEBUG 2026-08-19 04:38:33 [action #89] t=4.48s step=254 queue=21 dmax=1.271 | shoulder_pan.pos=-6.86 shoulder_lift.pos=-102.37 elbow_flex.pos=+88.23 wrist_flex.pos=+71.16 wrist_roll.pos=-2.62 gripper.pos=+0.90
DEBUG 2026-08-19 04:38:33 [action #90] t=4.51s step=255 queue=20 dmax=0.248 | shoulder_pan.pos=-6.74 shoulder_lift.pos=-102.23 elbow_flex.pos=+88.09 wrist_flex.pos=+71.40 wrist_roll.pos=-2.59 gripper.pos=+0.86
DEBUG 2026-08-19 04:38:33 [action #91] t=4.55s step=256 queue=19 dmax=0.665 | shoulder_pan.pos=-6.81 shoulder_lift.pos=-102.18 elbow_flex.pos=+87.43 wrist_flex.pos=+71.20 wrist_roll.pos=-2.64 gripper.pos=+0.78
DEBUG 2026-08-19 04:38:33 [action #92] t=4.58s step=257 queue=18 dmax=0.144 | shoulder_pan.pos=-6.67 shoulder_lift.pos=-102.19 elbow_flex.pos=+87.44 wrist_flex.pos=+71.31 wrist_roll.pos=-2.61 gripper.pos=+0.85
DEBUG 2026-08-19 04:38:33 [action #93] t=4.62s step=258 queue=17 dmax=0.478 | shoulder_pan.pos=-6.69 shoulder_lift.pos=-101.72 elbow_flex.pos=+87.04 wrist_flex.pos=+71.32 wrist_roll.pos=-2.59 gripper.pos=+0.93
DEBUG 2026-08-19 04:38:33 [action #94] t=4.65s step=259 queue=16 dmax=0.293 | shoulder_pan.pos=-6.80 shoulder_lift.pos=-101.55 elbow_flex.pos=+87.33 wrist_flex.pos=+71.46 wrist_roll.pos=-2.61 gripper.pos=+0.86
DEBUG 2026-08-19 04:38:33 [action #95] t=4.68s step=260 queue=15 dmax=0.519 | shoulder_pan.pos=-6.69 shoulder_lift.pos=-102.07 elbow_flex.pos=+86.87 wrist_flex.pos=+71.42 wrist_roll.pos=-2.58 gripper.pos=+0.95
DEBUG 2026-08-19 04:38:33 [action #96] t=4.72s step=261 queue=14 dmax=0.440 | shoulder_pan.pos=-7.05 shoulder_lift.pos=-101.63 elbow_flex.pos=+86.82 wrist_flex.pos=+71.53 wrist_roll.pos=-2.67 gripper.pos=+0.91
DEBUG 2026-08-19 04:38:33 [action #97] t=4.75s step=262 queue=13 dmax=0.275 | shoulder_pan.pos=-6.78 shoulder_lift.pos=-101.70 elbow_flex.pos=+86.69 wrist_flex.pos=+71.67 wrist_roll.pos=-2.60 gripper.pos=+0.93
DEBUG 2026-08-19 04:38:33 [action #98] t=4.78s step=263 queue=12 dmax=0.375 | shoulder_pan.pos=-7.15 shoulder_lift.pos=-101.82 elbow_flex.pos=+86.70 wrist_flex.pos=+71.66 wrist_roll.pos=-2.61 gripper.pos=+0.92
DEBUG 2026-08-19 04:38:33 [action #99] t=4.82s step=264 queue=11 dmax=0.881 | shoulder_pan.pos=-7.30 shoulder_lift.pos=-100.94 elbow_flex.pos=+86.61 wrist_flex.pos=+71.60 wrist_roll.pos=-2.66 gripper.pos=+0.73
DEBUG 2026-08-19 04:38:33 [action #100] t=4.85s step=265 queue=10 dmax=0.653 | shoulder_pan.pos=-7.24 shoulder_lift.pos=-101.03 elbow_flex.pos=+85.96 wrist_flex.pos=+71.60 wrist_roll.pos=-2.66 gripper.pos=+0.94
DEBUG 2026-08-19 04:38:33 [action #101] t=4.88s step=266 queue=9 dmax=1.044 | shoulder_pan.pos=-7.01 shoulder_lift.pos=-99.99 elbow_flex.pos=+85.55 wrist_flex.pos=+71.42 wrist_roll.pos=-2.58 gripper.pos=+0.79
DEBUG 2026-08-19 04:38:33 [action #102] t=4.92s step=267 queue=8 dmax=0.973 | shoulder_pan.pos=-7.16 shoulder_lift.pos=-99.01 elbow_flex.pos=+85.43 wrist_flex.pos=+71.39 wrist_roll.pos=-2.66 gripper.pos=+0.88
DEBUG 2026-08-19 04:38:33 [action #103] t=4.95s step=268 queue=7 dmax=1.300 | shoulder_pan.pos=-7.27 shoulder_lift.pos=-98.08 elbow_flex.pos=+84.13 wrist_flex.pos=+70.96 wrist_roll.pos=-2.67 gripper.pos=+0.85
DEBUG 2026-08-19 04:38:33 [action #104] t=4.98s step=269 queue=6 dmax=1.493 | shoulder_pan.pos=-7.08 shoulder_lift.pos=-96.59 elbow_flex.pos=+84.00 wrist_flex.pos=+70.54 wrist_roll.pos=-2.68 gripper.pos=+0.88
DEBUG 2026-08-19 04:38:33 [action #105] t=5.02s step=270 queue=5 dmax=2.597 | shoulder_pan.pos=-7.35 shoulder_lift.pos=-93.99 elbow_flex.pos=+81.62 wrist_flex.pos=+69.88 wrist_roll.pos=-2.78 gripper.pos=+0.69
DEBUG 2026-08-19 04:38:33 [action #106] t=5.05s step=271 queue=4 dmax=2.251 | shoulder_pan.pos=-7.11 shoulder_lift.pos=-91.74 elbow_flex.pos=+80.74 wrist_flex.pos=+69.35 wrist_roll.pos=-2.89 gripper.pos=+0.71
DEBUG 2026-08-19 04:38:33 [action #107] t=5.08s step=272 queue=3 dmax=2.196 | shoulder_pan.pos=-7.28 shoulder_lift.pos=-89.54 elbow_flex.pos=+79.59 wrist_flex.pos=+68.69 wrist_roll.pos=-2.95 gripper.pos=+0.62
DEBUG 2026-08-19 04:38:33 [action #108] t=5.12s step=273 queue=2 dmax=1.724 | shoulder_pan.pos=-7.03 shoulder_lift.pos=-87.82 elbow_flex.pos=+78.37 wrist_flex.pos=+68.07 wrist_roll.pos=-2.99 gripper.pos=+0.76
DEBUG 2026-08-19 04:38:33 [action #109] t=5.15s step=274 queue=1 dmax=1.892 | shoulder_pan.pos=-6.49 shoulder_lift.pos=-85.93 elbow_flex.pos=+76.90 wrist_flex.pos=+66.95 wrist_roll.pos=-3.03 gripper.pos=+1.07
DEBUG 2026-08-19 04:38:33 [chunk] received 50 actions, timesteps 251..300 | first: shoulder_pan.pos=-6.72 shoulder_lift.pos=-102.50 elbow_flex.pos=+89.51 wrist_flex.pos=+75.99 wrist_roll.pos=-2.67 gripper.pos=+1.00 | last: shoulder_pan.pos=-6.88 shoulder_lift.pos=-102.29 elbow_flex.pos=+87.36 wrist_flex.pos=+75.39 wrist_roll.pos=-3.23 gripper.pos=+0.87
DEBUG 2026-08-19 04:38:33 [action #110] t=5.18s step=275 queue=26 dmax=16.322 | shoulder_pan.pos=-6.69 shoulder_lift.pos=-102.25 elbow_flex.pos=+89.05 wrist_flex.pos=+75.78 wrist_roll.pos=-2.95 gripper.pos=+1.07
DEBUG 2026-08-19 04:38:33 [action #111] t=5.22s step=276 queue=25 dmax=0.098 | shoulder_pan.pos=-6.62 shoulder_lift.pos=-102.34 elbow_flex.pos=+88.95 wrist_flex.pos=+75.77 wrist_roll.pos=-3.00 gripper.pos=+1.00
DEBUG 2026-08-19 04:38:33 [action #112] t=5.25s step=277 queue=24 dmax=0.292 | shoulder_pan.pos=-6.68 shoulder_lift.pos=-102.05 elbow_flex.pos=+88.73 wrist_flex.pos=+75.68 wrist_roll.pos=-2.91 gripper.pos=+0.96
DEBUG 2026-08-19 04:38:33 [action #113] t=5.28s step=278 queue=23 dmax=0.269 | shoulder_pan.pos=-6.67 shoulder_lift.pos=-102.24 elbow_flex.pos=+89.00 wrist_flex.pos=+75.69 wrist_roll.pos=-2.94 gripper.pos=+0.88
DEBUG 2026-08-19 04:38:34 [action #114] t=5.32s step=279 queue=22 dmax=0.199 | shoulder_pan.pos=-6.63 shoulder_lift.pos=-102.36 elbow_flex.pos=+88.90 wrist_flex.pos=+75.49 wrist_roll.pos=-3.00 gripper.pos=+0.97
DEBUG 2026-08-19 04:38:34 [action #115] t=5.35s step=280 queue=21 dmax=0.447 | shoulder_pan.pos=-6.63 shoulder_lift.pos=-101.91 elbow_flex.pos=+88.80 wrist_flex.pos=+75.52 wrist_roll.pos=-2.90 gripper.pos=+1.07
DEBUG 2026-08-19 04:38:34 [action #116] t=5.38s step=281 queue=20 dmax=0.439 | shoulder_pan.pos=-6.72 shoulder_lift.pos=-102.35 elbow_flex.pos=+88.71 wrist_flex.pos=+75.46 wrist_roll.pos=-2.95 gripper.pos=+1.01
DEBUG 2026-08-19 04:38:34 [action #117] t=5.42s step=282 queue=19 dmax=0.580 | shoulder_pan.pos=-6.64 shoulder_lift.pos=-102.69 elbow_flex.pos=+89.29 wrist_flex.pos=+75.25 wrist_roll.pos=-2.97 gripper.pos=+1.04
DEBUG 2026-08-19 04:38:34 [action #118] t=5.45s step=283 queue=18 dmax=0.776 | shoulder_pan.pos=-6.68 shoulder_lift.pos=-101.91 elbow_flex.pos=+88.98 wrist_flex.pos=+75.38 wrist_roll.pos=-2.94 gripper.pos=+1.08
DEBUG 2026-08-19 04:38:34 [action #119] t=5.48s step=284 queue=17 dmax=0.586 | shoulder_pan.pos=-6.79 shoulder_lift.pos=-102.50 elbow_flex.pos=+88.66 wrist_flex.pos=+75.18 wrist_roll.pos=-3.00 gripper.pos=+1.10
DEBUG 2026-08-19 04:38:34 [action #120] t=5.52s step=285 queue=16 dmax=0.355 | shoulder_pan.pos=-6.81 shoulder_lift.pos=-102.14 elbow_flex.pos=+88.55 wrist_flex.pos=+75.24 wrist_roll.pos=-3.03 gripper.pos=+1.09
DEBUG 2026-08-19 04:38:34 [action #121] t=5.55s step=286 queue=15 dmax=0.168 | shoulder_pan.pos=-6.81 shoulder_lift.pos=-102.10 elbow_flex.pos=+88.40 wrist_flex.pos=+75.33 wrist_roll.pos=-2.98 gripper.pos=+0.92
DEBUG 2026-08-19 04:38:34 [action #122] t=5.59s step=287 queue=14 dmax=0.242 | shoulder_pan.pos=-6.57 shoulder_lift.pos=-102.31 elbow_flex.pos=+88.50 wrist_flex.pos=+75.27 wrist_roll.pos=-3.04 gripper.pos=+0.99
DEBUG 2026-08-19 04:38:34 [action #123] t=5.62s step=288 queue=13 dmax=0.108 | shoulder_pan.pos=-6.64 shoulder_lift.pos=-102.23 elbow_flex.pos=+88.40 wrist_flex.pos=+75.37 wrist_roll.pos=-3.13 gripper.pos=+0.92
DEBUG 2026-08-19 04:38:34 [action #124] t=5.65s step=289 queue=12 dmax=0.538 | shoulder_pan.pos=-6.73 shoulder_lift.pos=-102.77 elbow_flex.pos=+88.62 wrist_flex.pos=+75.49 wrist_roll.pos=-3.08 gripper.pos=+1.11
DEBUG 2026-08-19 04:38:34 [action #125] t=5.69s step=290 queue=11 dmax=0.406 | shoulder_pan.pos=-6.77 shoulder_lift.pos=-102.71 elbow_flex.pos=+88.22 wrist_flex.pos=+75.35 wrist_roll.pos=-3.11 gripper.pos=+1.01
DEBUG 2026-08-19 04:38:34 [action #126] t=5.72s step=291 queue=10 dmax=0.238 | shoulder_pan.pos=-6.85 shoulder_lift.pos=-102.47 elbow_flex.pos=+88.34 wrist_flex.pos=+75.26 wrist_roll.pos=-3.04 gripper.pos=+1.08
DEBUG 2026-08-19 04:38:34 [action #127] t=5.75s step=292 queue=9 dmax=0.284 | shoulder_pan.pos=-7.01 shoulder_lift.pos=-102.65 elbow_flex.pos=+88.06 wrist_flex.pos=+75.29 wrist_roll.pos=-3.11 gripper.pos=+1.08
DEBUG 2026-08-19 04:38:34 [action #128] t=5.79s step=293 queue=8 dmax=0.690 | shoulder_pan.pos=-6.82 shoulder_lift.pos=-101.96 elbow_flex.pos=+88.34 wrist_flex.pos=+75.28 wrist_roll.pos=-3.10 gripper.pos=+1.03
DEBUG 2026-08-19 04:38:34 [action #129] t=5.82s step=294 queue=7 dmax=0.616 | shoulder_pan.pos=-7.01 shoulder_lift.pos=-102.29 elbow_flex.pos=+87.73 wrist_flex.pos=+75.29 wrist_roll.pos=-3.15 gripper.pos=+1.05
DEBUG 2026-08-19 04:38:34 [action #130] t=5.85s step=295 queue=6 dmax=0.157 | shoulder_pan.pos=-6.93 shoulder_lift.pos=-102.45 elbow_flex.pos=+87.57 wrist_flex.pos=+75.32 wrist_roll.pos=-3.12 gripper.pos=+0.95
DEBUG 2026-08-19 04:38:34 [chunk] received 50 actions, timesteps 274..323 | first: shoulder_pan.pos=-7.09 shoulder_lift.pos=-97.28 elbow_flex.pos=+85.14 wrist_flex.pos=+69.59 wrist_roll.pos=-3.20 gripper.pos=+1.02 | last: shoulder_pan.pos=-2.77 shoulder_lift.pos=-99.69 elbow_flex.pos=+86.00 wrist_flex.pos=+78.09 wrist_roll.pos=-6.49 gripper.pos=+0.93
DEBUG 2026-08-19 04:38:34 [action #131] t=5.89s step=296 queue=28 dmax=4.172 | shoulder_pan.pos=-2.76 shoulder_lift.pos=-102.12 elbow_flex.pos=+88.31 wrist_flex.pos=+75.12 wrist_roll.pos=-1.49 gripper.pos=+0.92
DEBUG 2026-08-19 04:38:34 [action #132] t=5.92s step=297 queue=27 dmax=0.220 | shoulder_pan.pos=-2.73 shoulder_lift.pos=-102.34 elbow_flex.pos=+88.53 wrist_flex.pos=+74.95 wrist_roll.pos=-1.47 gripper.pos=+1.01
DEBUG 2026-08-19 04:38:34 [action #133] t=5.95s step=298 queue=26 dmax=0.346 | shoulder_pan.pos=-2.74 shoulder_lift.pos=-101.99 elbow_flex.pos=+88.62 wrist_flex.pos=+75.11 wrist_roll.pos=-1.39 gripper.pos=+0.99
DEBUG 2026-08-19 04:38:34 [action #134] t=5.99s step=299 queue=25 dmax=0.127 | shoulder_pan.pos=-2.71 shoulder_lift.pos=-101.89 elbow_flex.pos=+88.49 wrist_flex.pos=+75.15 wrist_roll.pos=-1.49 gripper.pos=+0.91
DEBUG 2026-08-19 04:38:34 [action #135] t=6.02s step=300 queue=24 dmax=0.448 | shoulder_pan.pos=-2.77 shoulder_lift.pos=-102.33 elbow_flex.pos=+88.93 wrist_flex.pos=+74.96 wrist_roll.pos=-1.51 gripper.pos=+0.84
DEBUG 2026-08-19 04:38:34 [action #136] t=6.05s step=301 queue=23 dmax=1.464 | shoulder_pan.pos=-1.31 shoulder_lift.pos=-102.27 elbow_flex.pos=+89.04 wrist_flex.pos=+75.23 wrist_roll.pos=-0.81 gripper.pos=+0.90
DEBUG 2026-08-19 04:38:34 [action #137] t=6.09s step=302 queue=22 dmax=0.507 | shoulder_pan.pos=-1.31 shoulder_lift.pos=-101.76 elbow_flex.pos=+88.77 wrist_flex.pos=+75.14 wrist_roll.pos=-0.86 gripper.pos=+0.78
DEBUG 2026-08-19 04:38:34 [action #138] t=6.12s step=303 queue=21 dmax=0.272 | shoulder_pan.pos=-1.36 shoulder_lift.pos=-101.91 elbow_flex.pos=+88.61 wrist_flex.pos=+75.08 wrist_roll.pos=-1.14 gripper.pos=+0.92
DEBUG 2026-08-19 04:38:34 [action #139] t=6.15s step=304 queue=20 dmax=0.329 | shoulder_pan.pos=-1.56 shoulder_lift.pos=-102.24 elbow_flex.pos=+88.88 wrist_flex.pos=+75.25 wrist_roll.pos=-1.13 gripper.pos=+0.82
DEBUG 2026-08-19 04:38:34 [action #140] t=6.19s step=305 queue=19 dmax=0.562 | shoulder_pan.pos=-1.95 shoulder_lift.pos=-101.69 elbow_flex.pos=+88.32 wrist_flex.pos=+75.37 wrist_roll.pos=-1.32 gripper.pos=+0.88
DEBUG 2026-08-19 04:38:34 [action #141] t=6.22s step=306 queue=18 dmax=0.467 | shoulder_pan.pos=-2.23 shoulder_lift.pos=-101.22 elbow_flex.pos=+88.20 wrist_flex.pos=+75.47 wrist_roll.pos=-1.33 gripper.pos=+0.89
DEBUG 2026-08-19 04:38:34 [action #142] t=6.25s step=307 queue=17 dmax=0.427 | shoulder_pan.pos=-2.20 shoulder_lift.pos=-101.65 elbow_flex.pos=+88.38 wrist_flex.pos=+75.35 wrist_roll.pos=-1.31 gripper.pos=+0.94
DEBUG 2026-08-19 04:38:34 [action #143] t=6.29s step=308 queue=16 dmax=0.452 | shoulder_pan.pos=-2.25 shoulder_lift.pos=-101.19 elbow_flex.pos=+88.13 wrist_flex.pos=+75.57 wrist_roll.pos=-1.25 gripper.pos=+0.83
DEBUG 2026-08-19 04:38:35 [action #144] t=6.32s step=309 queue=15 dmax=0.425 | shoulder_pan.pos=-2.38 shoulder_lift.pos=-101.59 elbow_flex.pos=+88.23 wrist_flex.pos=+75.99 wrist_roll.pos=-1.30 gripper.pos=+0.81
DEBUG 2026-08-19 04:38:35 [action #145] t=6.35s step=310 queue=14 dmax=0.259 | shoulder_pan.pos=-2.51 shoulder_lift.pos=-101.33 elbow_flex.pos=+88.24 wrist_flex.pos=+76.05 wrist_roll.pos=-1.26 gripper.pos=+0.86
DEBUG 2026-08-19 04:38:35 [action #146] t=6.39s step=311 queue=13 dmax=0.161 | shoulder_pan.pos=-2.67 shoulder_lift.pos=-101.48 elbow_flex.pos=+88.20 wrist_flex.pos=+76.07 wrist_roll.pos=-1.33 gripper.pos=+0.82
DEBUG 2026-08-19 04:38:35 [action #147] t=6.42s step=312 queue=12 dmax=0.747 | shoulder_pan.pos=-2.75 shoulder_lift.pos=-101.27 elbow_flex.pos=+87.45 wrist_flex.pos=+76.42 wrist_roll.pos=-1.52 gripper.pos=+0.76
DEBUG 2026-08-19 04:38:35 [action #148] t=6.45s step=313 queue=11 dmax=0.304 | shoulder_pan.pos=-2.73 shoulder_lift.pos=-100.97 elbow_flex.pos=+87.54 wrist_flex.pos=+76.49 wrist_roll.pos=-1.73 gripper.pos=+0.89
DEBUG 2026-08-19 04:38:35 [action #149] t=6.49s step=314 queue=10 dmax=0.370 | shoulder_pan.pos=-2.56 shoulder_lift.pos=-100.64 elbow_flex.pos=+87.69 wrist_flex.pos=+76.75 wrist_roll.pos=-2.10 gripper.pos=+0.77
DEBUG 2026-08-19 04:38:35 [action #150] t=6.52s step=315 queue=9 dmax=0.412 | shoulder_pan.pos=-2.81 shoulder_lift.pos=-100.63 elbow_flex.pos=+87.28 wrist_flex.pos=+76.90 wrist_roll.pos=-2.40 gripper.pos=+0.64
DEBUG 2026-08-19 04:38:35 [action #151] t=6.56s step=316 queue=8 dmax=0.702 | shoulder_pan.pos=-2.83 shoulder_lift.pos=-100.14 elbow_flex.pos=+87.30 wrist_flex.pos=+77.13 wrist_roll.pos=-3.10 gripper.pos=+0.55
DEBUG 2026-08-19 04:38:35 [action #152] t=6.59s step=317 queue=7 dmax=0.623 | shoulder_pan.pos=-2.64 shoulder_lift.pos=-100.54 elbow_flex.pos=+86.95 wrist_flex.pos=+77.34 wrist_roll.pos=-3.73 gripper.pos=+0.57
DEBUG 2026-08-19 04:38:35 [action #153] t=6.62s step=318 queue=6 dmax=0.377 | shoulder_pan.pos=-2.77 shoulder_lift.pos=-100.22 elbow_flex.pos=+86.98 wrist_flex.pos=+77.18 wrist_roll.pos=-4.10 gripper.pos=+0.58
DEBUG 2026-08-19 04:38:35 [action #154] t=6.66s step=319 queue=5 dmax=0.838 | shoulder_pan.pos=-2.70 shoulder_lift.pos=-99.59 elbow_flex.pos=+86.62 wrist_flex.pos=+77.25 wrist_roll.pos=-4.94 gripper.pos=+0.53
DEBUG 2026-08-19 04:38:35 [action #155] t=6.69s step=320 queue=4 dmax=0.795 | shoulder_pan.pos=-2.64 shoulder_lift.pos=-99.70 elbow_flex.pos=+86.48 wrist_flex.pos=+77.82 wrist_roll.pos=-5.74 gripper.pos=+0.67
DEBUG 2026-08-19 04:38:35 [action #156] t=6.72s step=321 queue=3 dmax=0.334 | shoulder_pan.pos=-2.67 shoulder_lift.pos=-99.67 elbow_flex.pos=+86.20 wrist_flex.pos=+77.88 wrist_roll.pos=-6.07 gripper.pos=+0.79
DEBUG 2026-08-19 04:38:35 [action #157] t=6.76s step=322 queue=2 dmax=0.252 | shoulder_pan.pos=-2.85 shoulder_lift.pos=-99.59 elbow_flex.pos=+86.13 wrist_flex.pos=+78.01 wrist_roll.pos=-6.32 gripper.pos=+0.82
DEBUG 2026-08-19 04:38:35 [chunk] received 50 actions, timesteps 295..344 | first: shoulder_pan.pos=-6.78 shoulder_lift.pos=-102.02 elbow_flex.pos=+87.93 wrist_flex.pos=+75.03 wrist_roll.pos=-3.23 gripper.pos=+0.88 | last: shoulder_pan.pos=-7.88 shoulder_lift.pos=-101.73 elbow_flex.pos=+87.35 wrist_flex.pos=+74.33 wrist_roll.pos=-3.22 gripper.pos=+0.96
DEBUG 2026-08-19 04:38:35 [action #158] t=6.79s step=323 queue=22 dmax=3.834 | shoulder_pan.pos=-6.69 shoulder_lift.pos=-101.30 elbow_flex.pos=+87.08 wrist_flex.pos=+75.40 wrist_roll.pos=-4.16 gripper.pos=+0.85
DEBUG 2026-08-19 04:38:35 [action #159] t=6.82s step=324 queue=21 dmax=2.015 | shoulder_pan.pos=-8.70 shoulder_lift.pos=-102.16 elbow_flex.pos=+87.76 wrist_flex.pos=+74.25 wrist_roll.pos=-3.12 gripper.pos=+0.88
DEBUG 2026-08-19 04:38:35 [action #160] t=6.86s step=325 queue=20 dmax=0.582 | shoulder_pan.pos=-8.56 shoulder_lift.pos=-101.58 elbow_flex.pos=+87.45 wrist_flex.pos=+74.41 wrist_roll.pos=-3.22 gripper.pos=+0.98
DEBUG 2026-08-19 04:38:35 [action #161] t=6.89s step=326 queue=19 dmax=0.816 | shoulder_pan.pos=-8.36 shoulder_lift.pos=-102.08 elbow_flex.pos=+88.27 wrist_flex.pos=+74.46 wrist_roll.pos=-3.12 gripper.pos=+0.94
DEBUG 2026-08-19 04:38:35 [action #162] t=6.92s step=327 queue=18 dmax=0.453 | shoulder_pan.pos=-8.58 shoulder_lift.pos=-102.46 elbow_flex.pos=+87.82 wrist_flex.pos=+74.13 wrist_roll.pos=-3.15 gripper.pos=+1.13
DEBUG 2026-08-19 04:38:35 [action #163] t=6.96s step=328 queue=17 dmax=1.002 | shoulder_pan.pos=-8.29 shoulder_lift.pos=-101.46 elbow_flex.pos=+87.29 wrist_flex.pos=+74.15 wrist_roll.pos=-3.11 gripper.pos=+0.85
DEBUG 2026-08-19 04:38:35 [action #164] t=6.99s step=329 queue=16 dmax=0.181 | shoulder_pan.pos=-8.22 shoulder_lift.pos=-101.49 elbow_flex.pos=+87.47 wrist_flex.pos=+74.29 wrist_roll.pos=-3.14 gripper.pos=+0.93
DEBUG 2026-08-19 04:38:35 [action #165] t=7.02s step=330 queue=15 dmax=0.487 | shoulder_pan.pos=-8.22 shoulder_lift.pos=-101.98 elbow_flex.pos=+87.14 wrist_flex.pos=+74.28 wrist_roll.pos=-3.19 gripper.pos=+0.94
DEBUG 2026-08-19 04:38:35 [action #166] t=7.06s step=331 queue=14 dmax=0.577 | shoulder_pan.pos=-8.37 shoulder_lift.pos=-101.47 elbow_flex.pos=+87.72 wrist_flex.pos=+74.58 wrist_roll.pos=-3.05 gripper.pos=+0.97
DEBUG 2026-08-19 04:38:35 [action #167] t=7.09s step=332 queue=13 dmax=0.614 | shoulder_pan.pos=-8.41 shoulder_lift.pos=-102.08 elbow_flex.pos=+87.53 wrist_flex.pos=+74.23 wrist_roll.pos=-3.11 gripper.pos=+0.94
DEBUG 2026-08-19 04:38:35 [action #168] t=7.12s step=333 queue=12 dmax=0.576 | shoulder_pan.pos=-8.08 shoulder_lift.pos=-102.22 elbow_flex.pos=+88.11 wrist_flex.pos=+74.32 wrist_roll.pos=-3.11 gripper.pos=+1.04
DEBUG 2026-08-19 04:38:35 [action #169] t=7.16s step=334 queue=11 dmax=0.549 | shoulder_pan.pos=-8.27 shoulder_lift.pos=-101.67 elbow_flex.pos=+87.85 wrist_flex.pos=+74.49 wrist_roll.pos=-3.22 gripper.pos=+0.90
DEBUG 2026-08-19 04:38:35 [action #170] t=7.19s step=335 queue=10 dmax=0.162 | shoulder_pan.pos=-8.25 shoulder_lift.pos=-101.72 elbow_flex.pos=+87.69 wrist_flex.pos=+74.49 wrist_roll.pos=-3.27 gripper.pos=+0.88
DEBUG 2026-08-19 04:38:35 [action #171] t=7.22s step=336 queue=9 dmax=0.680 | shoulder_pan.pos=-8.01 shoulder_lift.pos=-101.04 elbow_flex.pos=+87.62 wrist_flex.pos=+74.16 wrist_roll.pos=-3.21 gripper.pos=+0.85
DEBUG 2026-08-19 04:38:35 [action #172] t=7.26s step=337 queue=8 dmax=0.735 | shoulder_pan.pos=-8.19 shoulder_lift.pos=-101.77 elbow_flex.pos=+87.59 wrist_flex.pos=+74.36 wrist_roll.pos=-3.16 gripper.pos=+0.88
DEBUG 2026-08-19 04:38:35 [action #173] t=7.29s step=338 queue=7 dmax=0.349 | shoulder_pan.pos=-8.23 shoulder_lift.pos=-101.91 elbow_flex.pos=+87.94 wrist_flex.pos=+74.34 wrist_roll.pos=-3.21 gripper.pos=+0.80
DEBUG 2026-08-19 04:38:36 [action #174] t=7.32s step=339 queue=6 dmax=0.527 | shoulder_pan.pos=-8.03 shoulder_lift.pos=-101.59 elbow_flex.pos=+87.42 wrist_flex.pos=+74.26 wrist_roll.pos=-3.23 gripper.pos=+0.95
DEBUG 2026-08-19 04:38:36 [action #175] t=7.36s step=340 queue=5 dmax=0.367 | shoulder_pan.pos=-8.09 shoulder_lift.pos=-101.22 elbow_flex.pos=+87.44 wrist_flex.pos=+74.43 wrist_roll.pos=-3.25 gripper.pos=+0.92
DEBUG 2026-08-19 04:38:36 [action #176] t=7.39s step=341 queue=4 dmax=0.408 | shoulder_pan.pos=-8.12 shoulder_lift.pos=-101.63 elbow_flex.pos=+87.15 wrist_flex.pos=+74.30 wrist_roll.pos=-3.16 gripper.pos=+0.71
DEBUG 2026-08-19 04:38:36 [action #177] t=7.42s step=342 queue=3 dmax=0.546 | shoulder_pan.pos=-8.27 shoulder_lift.pos=-102.18 elbow_flex.pos=+87.01 wrist_flex.pos=+74.27 wrist_roll.pos=-3.14 gripper.pos=+0.87
DEBUG 2026-08-19 04:38:36 [action #178] t=7.46s step=343 queue=2 dmax=0.937 | shoulder_pan.pos=-8.09 shoulder_lift.pos=-101.24 elbow_flex.pos=+86.61 wrist_flex.pos=+74.31 wrist_roll.pos=-3.27 gripper.pos=+0.88
DEBUG 2026-08-19 04:38:36 [action #179] t=7.49s step=344 queue=1 dmax=0.745 | shoulder_pan.pos=-7.88 shoulder_lift.pos=-101.73 elbow_flex.pos=+87.35 wrist_flex.pos=+74.33 wrist_roll.pos=-3.22 gripper.pos=+0.96
DEBUG 2026-08-19 04:38:36 [chunk] received 50 actions, timesteps 321..370 | first: shoulder_pan.pos=-1.82 shoulder_lift.pos=-100.44 elbow_flex.pos=+88.71 wrist_flex.pos=+75.77 wrist_roll.pos=-3.89 gripper.pos=+1.01 | last: shoulder_pan.pos=-5.41 shoulder_lift.pos=-102.03 elbow_flex.pos=+88.90 wrist_flex.pos=+74.27 wrist_roll.pos=-3.86 gripper.pos=+0.75
DEBUG 2026-08-19 04:38:36 [action #180] t=7.63s step=345 queue=26 dmax=4.271 | shoulder_pan.pos=-3.61 shoulder_lift.pos=-101.06 elbow_flex.pos=+89.40 wrist_flex.pos=+75.33 wrist_roll.pos=-3.85 gripper.pos=+1.14
DEBUG 2026-08-19 04:38:36 [action #181] t=7.66s step=346 queue=25 dmax=0.401 | shoulder_pan.pos=-3.71 shoulder_lift.pos=-101.15 elbow_flex.pos=+89.00 wrist_flex.pos=+75.38 wrist_roll.pos=-3.82 gripper.pos=+0.98
DEBUG 2026-08-19 04:38:36 [action #182] t=7.69s step=347 queue=24 dmax=0.360 | shoulder_pan.pos=-3.65 shoulder_lift.pos=-101.03 elbow_flex.pos=+89.36 wrist_flex.pos=+75.46 wrist_roll.pos=-3.58 gripper.pos=+1.25
DEBUG 2026-08-19 04:38:36 [action #183] t=7.73s step=348 queue=23 dmax=0.886 | shoulder_pan.pos=-4.05 shoulder_lift.pos=-101.45 elbow_flex.pos=+88.47 wrist_flex.pos=+74.98 wrist_roll.pos=-3.78 gripper.pos=+1.13
DEBUG 2026-08-19 04:38:36 [action #184] t=7.76s step=349 queue=22 dmax=1.282 | shoulder_pan.pos=-3.86 shoulder_lift.pos=-100.76 elbow_flex.pos=+89.76 wrist_flex.pos=+75.01 wrist_roll.pos=-3.95 gripper.pos=+1.11
DEBUG 2026-08-19 04:38:36 [action #185] t=7.79s step=350 queue=21 dmax=1.171 | shoulder_pan.pos=-3.92 shoulder_lift.pos=-101.93 elbow_flex.pos=+89.19 wrist_flex.pos=+75.33 wrist_roll.pos=-3.84 gripper.pos=+1.00
DEBUG 2026-08-19 04:38:36 [action #186] t=7.83s step=351 queue=20 dmax=0.586 | shoulder_pan.pos=-4.33 shoulder_lift.pos=-101.35 elbow_flex.pos=+89.25 wrist_flex.pos=+74.99 wrist_roll.pos=-3.93 gripper.pos=+0.99
DEBUG 2026-08-19 04:38:36 [action #187] t=7.86s step=352 queue=19 dmax=0.433 | shoulder_pan.pos=-4.41 shoulder_lift.pos=-100.92 elbow_flex.pos=+89.54 wrist_flex.pos=+75.18 wrist_roll.pos=-3.80 gripper.pos=+1.00
DEBUG 2026-08-19 04:38:36 [action #188] t=7.89s step=353 queue=18 dmax=0.679 | shoulder_pan.pos=-4.49 shoulder_lift.pos=-101.19 elbow_flex.pos=+88.86 wrist_flex.pos=+74.95 wrist_roll.pos=-3.94 gripper.pos=+1.08
DEBUG 2026-08-19 04:38:36 [action #189] t=7.93s step=354 queue=17 dmax=0.389 | shoulder_pan.pos=-4.88 shoulder_lift.pos=-101.30 elbow_flex.pos=+88.77 wrist_flex.pos=+75.26 wrist_roll.pos=-3.88 gripper.pos=+1.37
DEBUG 2026-08-19 04:38:36 [action #190] t=7.96s step=355 queue=16 dmax=0.500 | shoulder_pan.pos=-4.77 shoulder_lift.pos=-101.02 elbow_flex.pos=+89.27 wrist_flex.pos=+75.22 wrist_roll.pos=-3.91 gripper.pos=+1.31
DEBUG 2026-08-19 04:38:36 [action #191] t=7.99s step=356 queue=15 dmax=0.841 | shoulder_pan.pos=-4.96 shoulder_lift.pos=-101.10 elbow_flex.pos=+88.43 wrist_flex.pos=+75.33 wrist_roll.pos=-3.94 gripper.pos=+1.20
DEBUG 2026-08-19 04:38:36 [action #192] t=8.03s step=357 queue=14 dmax=0.688 | shoulder_pan.pos=-4.95 shoulder_lift.pos=-101.48 elbow_flex.pos=+89.12 wrist_flex.pos=+75.18 wrist_roll.pos=-4.02 gripper.pos=+1.11
DEBUG 2026-08-19 04:38:36 [action #193] t=8.06s step=358 queue=13 dmax=0.359 | shoulder_pan.pos=-5.01 shoulder_lift.pos=-101.43 elbow_flex.pos=+88.76 wrist_flex.pos=+75.01 wrist_roll.pos=-3.84 gripper.pos=+1.01
DEBUG 2026-08-19 04:38:36 [action #194] t=8.09s step=359 queue=12 dmax=0.390 | shoulder_pan.pos=-5.09 shoulder_lift.pos=-101.82 elbow_flex.pos=+88.59 wrist_flex.pos=+75.12 wrist_roll.pos=-3.81 gripper.pos=+1.08
DEBUG 2026-08-19 04:38:36 [action #195] t=8.13s step=360 queue=11 dmax=0.282 | shoulder_pan.pos=-5.37 shoulder_lift.pos=-101.80 elbow_flex.pos=+88.65 wrist_flex.pos=+75.06 wrist_roll.pos=-3.81 gripper.pos=+0.95
DEBUG 2026-08-19 04:38:36 [action #196] t=8.16s step=361 queue=10 dmax=0.305 | shoulder_pan.pos=-5.29 shoulder_lift.pos=-102.09 elbow_flex.pos=+88.95 wrist_flex.pos=+75.29 wrist_roll.pos=-3.76 gripper.pos=+0.90
DEBUG 2026-08-19 04:38:36 [action #197] t=8.19s step=362 queue=9 dmax=0.418 | shoulder_pan.pos=-5.58 shoulder_lift.pos=-101.93 elbow_flex.pos=+88.54 wrist_flex.pos=+75.24 wrist_roll.pos=-3.92 gripper.pos=+0.90
DEBUG 2026-08-19 04:38:36 [action #198] t=8.23s step=363 queue=8 dmax=0.507 | shoulder_pan.pos=-5.45 shoulder_lift.pos=-101.47 elbow_flex.pos=+89.04 wrist_flex.pos=+75.01 wrist_roll.pos=-3.92 gripper.pos=+1.09
DEBUG 2026-08-19 04:38:36 [action #199] t=8.26s step=364 queue=7 dmax=0.291 | shoulder_pan.pos=-5.25 shoulder_lift.pos=-101.18 elbow_flex.pos=+88.91 wrist_flex.pos=+75.09 wrist_roll.pos=-3.97 gripper.pos=+1.22
DEBUG 2026-08-19 04:38:36 [action #200] t=8.29s step=365 queue=6 dmax=0.479 | shoulder_pan.pos=-5.73 shoulder_lift.pos=-100.89 elbow_flex.pos=+88.61 wrist_flex.pos=+74.89 wrist_roll.pos=-3.91 gripper.pos=+0.90
DEBUG 2026-08-19 04:38:37 [action #201] t=8.33s step=366 queue=5 dmax=0.388 | shoulder_pan.pos=-5.72 shoulder_lift.pos=-101.28 elbow_flex.pos=+88.73 wrist_flex.pos=+74.71 wrist_roll.pos=-3.81 gripper.pos=+0.87
DEBUG 2026-08-19 04:38:37 [action #202] t=8.36s step=367 queue=4 dmax=0.393 | shoulder_pan.pos=-5.33 shoulder_lift.pos=-101.39 elbow_flex.pos=+88.40 wrist_flex.pos=+74.83 wrist_roll.pos=-3.82 gripper.pos=+0.92
DEBUG 2026-08-19 04:38:37 [chunk] received 50 actions, timesteps 344..393 | first: shoulder_pan.pos=-9.57 shoulder_lift.pos=-101.74 elbow_flex.pos=+88.32 wrist_flex.pos=+75.92 wrist_roll.pos=-3.68 gripper.pos=+0.86 | last: shoulder_pan.pos=-3.68 shoulder_lift.pos=-68.38 elbow_flex.pos=+66.89 wrist_flex.pos=+66.26 wrist_roll.pos=-7.34 gripper.pos=+1.15
DEBUG 2026-08-19 04:38:37 [action #203] t=8.39s step=368 queue=26 dmax=2.750 | shoulder_pan.pos=-8.08 shoulder_lift.pos=-101.65 elbow_flex.pos=+87.84 wrist_flex.pos=+75.58 wrist_roll.pos=-3.65 gripper.pos=+0.87
DEBUG 2026-08-19 04:38:37 [action #204] t=8.43s step=369 queue=25 dmax=0.661 | shoulder_pan.pos=-7.96 shoulder_lift.pos=-101.38 elbow_flex.pos=+88.50 wrist_flex.pos=+75.50 wrist_roll.pos=-3.58 gripper.pos=+0.94
DEBUG 2026-08-19 04:38:37 [action #205] t=8.46s step=370 queue=24 dmax=0.438 | shoulder_pan.pos=-8.11 shoulder_lift.pos=-101.82 elbow_flex.pos=+88.18 wrist_flex.pos=+75.40 wrist_roll.pos=-3.65 gripper.pos=+0.81
DEBUG 2026-08-19 04:38:37 [action #206] t=8.49s step=371 queue=23 dmax=0.872 | shoulder_pan.pos=-8.79 shoulder_lift.pos=-101.93 elbow_flex.pos=+87.31 wrist_flex.pos=+75.88 wrist_roll.pos=-3.47 gripper.pos=+0.91
DEBUG 2026-08-19 04:38:37 [action #207] t=8.53s step=372 queue=22 dmax=0.158 | shoulder_pan.pos=-8.63 shoulder_lift.pos=-102.00 elbow_flex.pos=+87.25 wrist_flex.pos=+75.74 wrist_roll.pos=-3.44 gripper.pos=+0.88
DEBUG 2026-08-19 04:38:37 [action #208] t=8.56s step=373 queue=21 dmax=1.077 | shoulder_pan.pos=-8.58 shoulder_lift.pos=-100.92 elbow_flex.pos=+87.22 wrist_flex.pos=+75.61 wrist_roll.pos=-3.47 gripper.pos=+0.89
DEBUG 2026-08-19 04:38:37 [action #209] t=8.60s step=374 queue=20 dmax=0.807 | shoulder_pan.pos=-8.55 shoulder_lift.pos=-100.96 elbow_flex.pos=+86.41 wrist_flex.pos=+75.48 wrist_roll.pos=-3.53 gripper.pos=+0.92
DEBUG 2026-08-19 04:38:37 [action #210] t=8.63s step=375 queue=19 dmax=0.088 | shoulder_pan.pos=-8.52 shoulder_lift.pos=-100.96 elbow_flex.pos=+86.34 wrist_flex.pos=+75.57 wrist_roll.pos=-3.55 gripper.pos=+0.93
DEBUG 2026-08-19 04:38:37 [action #211] t=8.66s step=376 queue=18 dmax=0.233 | shoulder_pan.pos=-8.75 shoulder_lift.pos=-100.77 elbow_flex.pos=+86.45 wrist_flex.pos=+75.55 wrist_roll.pos=-3.52 gripper.pos=+0.95
DEBUG 2026-08-19 04:38:37 [action #212] t=8.70s step=377 queue=17 dmax=0.670 | shoulder_pan.pos=-8.61 shoulder_lift.pos=-100.54 elbow_flex.pos=+85.78 wrist_flex.pos=+75.38 wrist_roll.pos=-3.58 gripper.pos=+0.92
DEBUG 2026-08-19 04:38:37 [action #213] t=8.73s step=378 queue=16 dmax=0.550 | shoulder_pan.pos=-8.56 shoulder_lift.pos=-100.15 elbow_flex.pos=+85.23 wrist_flex.pos=+75.35 wrist_roll.pos=-3.59 gripper.pos=+0.98
DEBUG 2026-08-19 04:38:37 [action #214] t=8.76s step=379 queue=15 dmax=0.442 | shoulder_pan.pos=-8.47 shoulder_lift.pos=-99.71 elbow_flex.pos=+85.11 wrist_flex.pos=+75.22 wrist_roll.pos=-3.55 gripper.pos=+0.95
DEBUG 2026-08-19 04:38:37 [action #215] t=8.80s step=380 queue=14 dmax=0.518 | shoulder_pan.pos=-8.27 shoulder_lift.pos=-99.30 elbow_flex.pos=+84.59 wrist_flex.pos=+74.97 wrist_roll.pos=-3.58 gripper.pos=+0.92
DEBUG 2026-08-19 04:38:37 [action #216] t=8.83s step=381 queue=13 dmax=0.648 | shoulder_pan.pos=-8.05 shoulder_lift.pos=-98.80 elbow_flex.pos=+83.95 wrist_flex.pos=+74.63 wrist_roll.pos=-3.53 gripper.pos=+0.90
DEBUG 2026-08-19 04:38:37 [action #217] t=8.86s step=382 queue=12 dmax=1.052 | shoulder_pan.pos=-7.67 shoulder_lift.pos=-97.75 elbow_flex.pos=+83.57 wrist_flex.pos=+74.42 wrist_roll.pos=-3.58 gripper.pos=+1.08
DEBUG 2026-08-19 04:38:37 [action #218] t=8.90s step=383 queue=11 dmax=1.380 | shoulder_pan.pos=-7.71 shoulder_lift.pos=-96.37 elbow_flex.pos=+83.00 wrist_flex.pos=+73.85 wrist_roll.pos=-3.65 gripper.pos=+0.86
DEBUG 2026-08-19 04:38:37 [action #219] t=8.93s step=384 queue=10 dmax=1.682 | shoulder_pan.pos=-7.26 shoulder_lift.pos=-94.68 elbow_flex.pos=+81.83 wrist_flex.pos=+73.12 wrist_roll.pos=-3.72 gripper.pos=+0.89
DEBUG 2026-08-19 04:38:37 [action #220] t=8.96s step=385 queue=9 dmax=3.195 | shoulder_pan.pos=-6.96 shoulder_lift.pos=-91.49 elbow_flex.pos=+80.76 wrist_flex.pos=+72.45 wrist_roll.pos=-3.88 gripper.pos=+1.02
DEBUG 2026-08-19 04:38:37 [action #221] t=9.00s step=386 queue=8 dmax=2.455 | shoulder_pan.pos=-6.39 shoulder_lift.pos=-89.03 elbow_flex.pos=+79.58 wrist_flex.pos=+71.65 wrist_roll.pos=-3.95 gripper.pos=+1.07
DEBUG 2026-08-19 04:38:37 [action #222] t=9.03s step=387 queue=7 dmax=2.119 | shoulder_pan.pos=-5.89 shoulder_lift.pos=-86.91 elbow_flex.pos=+77.89 wrist_flex.pos=+70.97 wrist_roll.pos=-4.15 gripper.pos=+1.15
DEBUG 2026-08-19 04:38:37 [action #223] t=9.06s step=388 queue=6 dmax=4.057 | shoulder_pan.pos=-5.41 shoulder_lift.pos=-82.86 elbow_flex.pos=+75.79 wrist_flex.pos=+70.09 wrist_roll.pos=-4.47 gripper.pos=+1.16
DEBUG 2026-08-19 04:38:37 [action #224] t=9.10s step=389 queue=5 dmax=3.068 | shoulder_pan.pos=-4.90 shoulder_lift.pos=-79.79 elbow_flex.pos=+74.07 wrist_flex.pos=+69.23 wrist_roll.pos=-4.99 gripper.pos=+1.14
DEBUG 2026-08-19 04:38:37 [chunk] received 50 actions, timesteps 367..416 | first: shoulder_pan.pos=-5.25 shoulder_lift.pos=-101.87 elbow_flex.pos=+89.50 wrist_flex.pos=+76.31 wrist_roll.pos=-3.84 gripper.pos=+1.06 | last: shoulder_pan.pos=-5.51 shoulder_lift.pos=-96.47 elbow_flex.pos=+80.72 wrist_flex.pos=+67.96 wrist_roll.pos=-4.09 gripper.pos=+0.82
DEBUG 2026-08-19 04:38:37 [action #225] t=9.13s step=390 queue=27 dmax=14.950 | shoulder_pan.pos=-5.27 shoulder_lift.pos=-94.74 elbow_flex.pos=+85.01 wrist_flex.pos=+66.92 wrist_roll.pos=-4.41 gripper.pos=+1.10
DEBUG 2026-08-19 04:38:37 [action #226] t=9.16s step=391 queue=26 dmax=0.842 | shoulder_pan.pos=-4.86 shoulder_lift.pos=-93.90 elbow_flex.pos=+84.55 wrist_flex.pos=+66.39 wrist_roll.pos=-4.58 gripper.pos=+1.11
DEBUG 2026-08-19 04:38:37 [action #227] t=9.20s step=392 queue=25 dmax=0.964 | shoulder_pan.pos=-4.97 shoulder_lift.pos=-92.93 elbow_flex.pos=+83.67 wrist_flex.pos=+65.89 wrist_roll.pos=-4.76 gripper.pos=+1.10
DEBUG 2026-08-19 04:38:37 [action #228] t=9.23s step=393 queue=24 dmax=0.519 | shoulder_pan.pos=-5.01 shoulder_lift.pos=-92.41 elbow_flex.pos=+83.39 wrist_flex.pos=+65.44 wrist_roll.pos=-4.90 gripper.pos=+1.09
DEBUG 2026-08-19 04:38:37 [action #229] t=9.26s step=394 queue=23 dmax=10.396 | shoulder_pan.pos=-5.41 shoulder_lift.pos=-102.81 elbow_flex.pos=+89.81 wrist_flex.pos=+64.94 wrist_roll.pos=-3.88 gripper.pos=+1.16
DEBUG 2026-08-19 04:38:37 [action #230] t=9.30s step=395 queue=22 dmax=0.587 | shoulder_pan.pos=-5.34 shoulder_lift.pos=-103.08 elbow_flex.pos=+90.40 wrist_flex.pos=+64.86 wrist_roll.pos=-3.89 gripper.pos=+1.04
DEBUG 2026-08-19 04:38:38 [action #231] t=9.33s step=396 queue=21 dmax=0.659 | shoulder_pan.pos=-5.46 shoulder_lift.pos=-103.18 elbow_flex.pos=+89.74 wrist_flex.pos=+64.89 wrist_roll.pos=-3.89 gripper.pos=+0.95
DEBUG 2026-08-19 04:38:38 [action #232] t=9.36s step=397 queue=20 dmax=0.710 | shoulder_pan.pos=-5.41 shoulder_lift.pos=-102.47 elbow_flex.pos=+89.53 wrist_flex.pos=+65.05 wrist_roll.pos=-3.87 gripper.pos=+1.13
DEBUG 2026-08-19 04:38:38 [action #233] t=9.40s step=398 queue=19 dmax=0.174 | shoulder_pan.pos=-5.40 shoulder_lift.pos=-102.58 elbow_flex.pos=+89.36 wrist_flex.pos=+64.94 wrist_roll.pos=-3.85 gripper.pos=+1.09
DEBUG 2026-08-19 04:38:38 [action #234] t=9.43s step=399 queue=18 dmax=0.237 | shoulder_pan.pos=-5.52 shoulder_lift.pos=-102.43 elbow_flex.pos=+89.36 wrist_flex.pos=+65.18 wrist_roll.pos=-3.88 gripper.pos=+1.12
DEBUG 2026-08-19 04:38:38 [action #235] t=9.46s step=400 queue=17 dmax=0.199 | shoulder_pan.pos=-5.32 shoulder_lift.pos=-102.28 elbow_flex.pos=+89.17 wrist_flex.pos=+65.31 wrist_roll.pos=-3.92 gripper.pos=+1.06
DEBUG 2026-08-19 04:38:38 [action #236] t=9.50s step=401 queue=16 dmax=0.421 | shoulder_pan.pos=-5.67 shoulder_lift.pos=-102.20 elbow_flex.pos=+88.75 wrist_flex.pos=+65.24 wrist_roll.pos=-3.86 gripper.pos=+1.02
DEBUG 2026-08-19 04:38:38 [action #237] t=9.53s step=402 queue=15 dmax=0.357 | shoulder_pan.pos=-5.74 shoulder_lift.pos=-102.22 elbow_flex.pos=+88.39 wrist_flex.pos=+65.42 wrist_roll.pos=-3.87 gripper.pos=+0.92
DEBUG 2026-08-19 04:38:38 [action #238] t=9.56s step=403 queue=14 dmax=0.939 | shoulder_pan.pos=-5.64 shoulder_lift.pos=-102.44 elbow_flex.pos=+89.33 wrist_flex.pos=+65.54 wrist_roll.pos=-3.78 gripper.pos=+0.95
DEBUG 2026-08-19 04:38:38 [action #239] t=9.60s step=404 queue=13 dmax=0.595 | shoulder_pan.pos=-5.67 shoulder_lift.pos=-102.23 elbow_flex.pos=+88.73 wrist_flex.pos=+65.61 wrist_roll.pos=-3.95 gripper.pos=+0.94
DEBUG 2026-08-19 04:38:38 [action #240] t=9.63s step=405 queue=12 dmax=0.445 | shoulder_pan.pos=-5.89 shoulder_lift.pos=-102.24 elbow_flex.pos=+88.29 wrist_flex.pos=+65.92 wrist_roll.pos=-3.99 gripper.pos=+0.99
DEBUG 2026-08-19 04:38:38 [action #241] t=9.67s step=406 queue=11 dmax=0.283 | shoulder_pan.pos=-5.82 shoulder_lift.pos=-102.17 elbow_flex.pos=+88.13 wrist_flex.pos=+65.63 wrist_roll.pos=-3.95 gripper.pos=+0.99
DEBUG 2026-08-19 04:38:38 [action #242] t=9.70s step=407 queue=10 dmax=0.863 | shoulder_pan.pos=-5.77 shoulder_lift.pos=-101.30 elbow_flex.pos=+88.01 wrist_flex.pos=+65.84 wrist_roll.pos=-3.88 gripper.pos=+0.96
DEBUG 2026-08-19 04:38:38 [action #243] t=9.73s step=408 queue=9 dmax=0.497 | shoulder_pan.pos=-5.68 shoulder_lift.pos=-101.63 elbow_flex.pos=+87.52 wrist_flex.pos=+65.91 wrist_roll.pos=-3.84 gripper.pos=+0.98
DEBUG 2026-08-19 04:38:38 [action #244] t=9.77s step=409 queue=8 dmax=0.186 | shoulder_pan.pos=-5.77 shoulder_lift.pos=-101.54 elbow_flex.pos=+87.70 wrist_flex.pos=+65.99 wrist_roll.pos=-3.92 gripper.pos=+0.95
DEBUG 2026-08-19 04:38:38 [action #245] t=9.80s step=410 queue=7 dmax=0.887 | shoulder_pan.pos=-5.68 shoulder_lift.pos=-100.66 elbow_flex.pos=+86.90 wrist_flex.pos=+66.18 wrist_roll.pos=-4.00 gripper.pos=+0.92
DEBUG 2026-08-19 04:38:38 [action #246] t=9.83s step=411 queue=6 dmax=0.752 | shoulder_pan.pos=-5.55 shoulder_lift.pos=-100.37 elbow_flex.pos=+86.15 wrist_flex.pos=+66.45 wrist_roll.pos=-3.94 gripper.pos=+0.92
DEBUG 2026-08-19 04:38:38 [chunk] received 50 actions, timesteps 388..437 | first: shoulder_pan.pos=-7.04 shoulder_lift.pos=-95.63 elbow_flex.pos=+83.65 wrist_flex.pos=+72.79 wrist_roll.pos=-3.51 gripper.pos=+1.03 | last: shoulder_pan.pos=-3.09 shoulder_lift.pos=-86.50 elbow_flex.pos=+73.09 wrist_flex.pos=+69.90 wrist_roll.pos=-5.10 gripper.pos=+0.69
DEBUG 2026-08-19 04:38:38 [action #247] t=9.87s step=412 queue=26 dmax=5.614 | shoulder_pan.pos=-4.72 shoulder_lift.pos=-99.83 elbow_flex.pos=+85.17 wrist_flex.pos=+72.06 wrist_roll.pos=-3.32 gripper.pos=+0.99
DEBUG 2026-08-19 04:38:38 [action #248] t=9.90s step=413 queue=25 dmax=0.467 | shoulder_pan.pos=-4.76 shoulder_lift.pos=-99.37 elbow_flex.pos=+85.27 wrist_flex.pos=+72.18 wrist_roll.pos=-3.38 gripper.pos=+0.97
DEBUG 2026-08-19 04:38:38 [action #249] t=9.93s step=414 queue=24 dmax=0.577 | shoulder_pan.pos=-4.77 shoulder_lift.pos=-98.79 elbow_flex.pos=+84.78 wrist_flex.pos=+72.34 wrist_roll.pos=-3.48 gripper.pos=+0.91
DEBUG 2026-08-19 04:38:38 [action #250] t=9.97s step=415 queue=23 dmax=0.327 | shoulder_pan.pos=-4.66 shoulder_lift.pos=-98.58 elbow_flex.pos=+84.45 wrist_flex.pos=+72.22 wrist_roll.pos=-3.54 gripper.pos=+0.90
DEBUG 2026-08-19 04:38:38 [action #251] t=10.00s step=416 queue=22 dmax=0.945 | shoulder_pan.pos=-4.61 shoulder_lift.pos=-97.64 elbow_flex.pos=+83.61 wrist_flex.pos=+72.21 wrist_roll.pos=-3.47 gripper.pos=+0.90
DEBUG 2026-08-19 04:38:38 [action #252] t=10.03s step=417 queue=21 dmax=1.566 | shoulder_pan.pos=-4.20 shoulder_lift.pos=-98.27 elbow_flex.pos=+84.79 wrist_flex.pos=+73.77 wrist_roll.pos=-3.37 gripper.pos=+0.96
DEBUG 2026-08-19 04:38:38 [action #253] t=10.07s step=418 queue=20 dmax=0.472 | shoulder_pan.pos=-4.32 shoulder_lift.pos=-98.38 elbow_flex.pos=+85.26 wrist_flex.pos=+73.47 wrist_roll.pos=-3.34 gripper.pos=+0.95
DEBUG 2026-08-19 04:38:38 [action #254] t=10.10s step=419 queue=19 dmax=0.380 | shoulder_pan.pos=-4.30 shoulder_lift.pos=-98.10 elbow_flex.pos=+84.88 wrist_flex.pos=+73.22 wrist_roll.pos=-3.42 gripper.pos=+0.93
DEBUG 2026-08-19 04:38:38 [action #255] t=10.13s step=420 queue=18 dmax=0.267 | shoulder_pan.pos=-4.52 shoulder_lift.pos=-98.37 elbow_flex.pos=+84.85 wrist_flex.pos=+72.96 wrist_roll.pos=-3.41 gripper.pos=+1.03
DEBUG 2026-08-19 04:38:38 [action #256] t=10.17s step=421 queue=17 dmax=0.635 | shoulder_pan.pos=-4.11 shoulder_lift.pos=-97.92 elbow_flex.pos=+84.22 wrist_flex.pos=+72.47 wrist_roll.pos=-3.48 gripper.pos=+0.88
DEBUG 2026-08-19 04:38:38 [action #257] t=10.20s step=422 queue=16 dmax=0.508 | shoulder_pan.pos=-4.44 shoulder_lift.pos=-97.61 elbow_flex.pos=+83.71 wrist_flex.pos=+72.22 wrist_roll.pos=-3.46 gripper.pos=+0.87
DEBUG 2026-08-19 04:38:38 [action #258] t=10.23s step=423 queue=15 dmax=0.402 | shoulder_pan.pos=-4.11 shoulder_lift.pos=-98.01 elbow_flex.pos=+84.05 wrist_flex.pos=+71.91 wrist_roll.pos=-3.58 gripper.pos=+0.91
DEBUG 2026-08-19 04:38:38 [action #259] t=10.27s step=424 queue=14 dmax=1.251 | shoulder_pan.pos=-4.24 shoulder_lift.pos=-97.46 elbow_flex.pos=+82.80 wrist_flex.pos=+71.77 wrist_roll.pos=-3.57 gripper.pos=+0.83
DEBUG 2026-08-19 04:38:38 [action #260] t=10.30s step=425 queue=13 dmax=0.510 | shoulder_pan.pos=-3.95 shoulder_lift.pos=-97.34 elbow_flex.pos=+83.31 wrist_flex.pos=+71.43 wrist_roll.pos=-3.58 gripper.pos=+0.90
DEBUG 2026-08-19 04:38:39 [action #261] t=10.33s step=426 queue=12 dmax=1.091 | shoulder_pan.pos=-3.99 shoulder_lift.pos=-96.24 elbow_flex.pos=+82.76 wrist_flex.pos=+71.25 wrist_roll.pos=-3.61 gripper.pos=+0.74
DEBUG 2026-08-19 04:38:39 [action #262] t=10.37s step=427 queue=11 dmax=0.340 | shoulder_pan.pos=-4.20 shoulder_lift.pos=-96.36 elbow_flex.pos=+82.42 wrist_flex.pos=+71.16 wrist_roll.pos=-3.72 gripper.pos=+0.74
DEBUG 2026-08-19 04:38:39 [action #263] t=10.40s step=428 queue=10 dmax=0.529 | shoulder_pan.pos=-4.07 shoulder_lift.pos=-95.88 elbow_flex.pos=+81.90 wrist_flex.pos=+70.83 wrist_roll.pos=-3.76 gripper.pos=+0.89
DEBUG 2026-08-19 04:38:39 [action #264] t=10.43s step=429 queue=9 dmax=0.857 | shoulder_pan.pos=-4.50 shoulder_lift.pos=-95.03 elbow_flex.pos=+81.15 wrist_flex.pos=+70.69 wrist_roll.pos=-3.82 gripper.pos=+0.85
DEBUG 2026-08-19 04:38:39 [action #265] t=10.47s step=430 queue=8 dmax=0.656 | shoulder_pan.pos=-3.97 shoulder_lift.pos=-94.53 elbow_flex.pos=+80.49 wrist_flex.pos=+70.52 wrist_roll.pos=-3.96 gripper.pos=+0.79
DEBUG 2026-08-19 04:38:39 [action #266] t=10.50s step=431 queue=7 dmax=1.012 | shoulder_pan.pos=-4.04 shoulder_lift.pos=-93.99 elbow_flex.pos=+79.48 wrist_flex.pos=+70.14 wrist_roll.pos=-4.10 gripper.pos=+0.73
DEBUG 2026-08-19 04:38:39 [action #267] t=10.53s step=432 queue=6 dmax=0.927 | shoulder_pan.pos=-3.80 shoulder_lift.pos=-93.35 elbow_flex.pos=+78.55 wrist_flex.pos=+70.27 wrist_roll.pos=-4.07 gripper.pos=+0.81
DEBUG 2026-08-19 04:38:39 [action #268] t=10.57s step=433 queue=5 dmax=1.342 | shoulder_pan.pos=-3.40 shoulder_lift.pos=-92.01 elbow_flex.pos=+77.67 wrist_flex.pos=+70.29 wrist_roll.pos=-4.35 gripper.pos=+0.88
DEBUG 2026-08-19 04:38:39 [action #269] t=10.60s step=434 queue=4 dmax=1.346 | shoulder_pan.pos=-3.26 shoulder_lift.pos=-90.66 elbow_flex.pos=+77.03 wrist_flex.pos=+70.18 wrist_roll.pos=-4.48 gripper.pos=+0.98
DEBUG 2026-08-19 04:38:39 [action #270] t=10.64s step=435 queue=3 dmax=1.372 | shoulder_pan.pos=-3.30 shoulder_lift.pos=-89.29 elbow_flex.pos=+75.76 wrist_flex.pos=+70.32 wrist_roll.pos=-4.70 gripper.pos=+0.84
DEBUG 2026-08-19 04:38:39 [action #271] t=10.67s step=436 queue=2 dmax=1.151 | shoulder_pan.pos=-3.14 shoulder_lift.pos=-88.61 elbow_flex.pos=+74.61 wrist_flex.pos=+70.10 wrist_roll.pos=-4.90 gripper.pos=+0.92
DEBUG 2026-08-19 04:38:39 [action #272] t=10.70s step=437 queue=1 dmax=2.111 | shoulder_pan.pos=-3.09 shoulder_lift.pos=-86.50 elbow_flex.pos=+73.09 wrist_flex.pos=+69.90 wrist_roll.pos=-5.10 gripper.pos=+0.69
DEBUG 2026-08-19 04:38:39 [chunk] received 50 actions, timesteps 411..460 | first: shoulder_pan.pos=-5.24 shoulder_lift.pos=-101.56 elbow_flex.pos=+89.36 wrist_flex.pos=+67.23 wrist_roll.pos=-4.16 gripper.pos=+0.92 | last: shoulder_pan.pos=-3.39 shoulder_lift.pos=-101.72 elbow_flex.pos=+87.40 wrist_flex.pos=+77.30 wrist_roll.pos=-1.70 gripper.pos=+0.88
DEBUG 2026-08-19 04:38:39 [action #273] t=10.74s step=438 queue=23 dmax=15.173 | shoulder_pan.pos=-3.68 shoulder_lift.pos=-101.67 elbow_flex.pos=+87.60 wrist_flex.pos=+77.31 wrist_roll.pos=-1.24 gripper.pos=+0.98
DEBUG 2026-08-19 04:38:39 [action #274] t=10.77s step=439 queue=22 dmax=0.252 | shoulder_pan.pos=-3.78 shoulder_lift.pos=-101.82 elbow_flex.pos=+87.35 wrist_flex.pos=+77.33 wrist_roll.pos=-1.30 gripper.pos=+0.84
DEBUG 2026-08-19 04:38:39 [action #275] t=10.80s step=440 queue=21 dmax=0.225 | shoulder_pan.pos=-3.57 shoulder_lift.pos=-101.88 elbow_flex.pos=+87.57 wrist_flex.pos=+77.33 wrist_roll.pos=-1.34 gripper.pos=+1.00
DEBUG 2026-08-19 04:38:39 [action #276] t=10.84s step=441 queue=20 dmax=0.602 | shoulder_pan.pos=-3.41 shoulder_lift.pos=-101.27 elbow_flex.pos=+87.29 wrist_flex.pos=+77.14 wrist_roll.pos=-1.38 gripper.pos=+0.91
DEBUG 2026-08-19 04:38:39 [action #277] t=10.87s step=442 queue=19 dmax=0.409 | shoulder_pan.pos=-3.28 shoulder_lift.pos=-101.68 elbow_flex.pos=+87.34 wrist_flex.pos=+77.17 wrist_roll.pos=-1.51 gripper.pos=+0.99
DEBUG 2026-08-19 04:38:39 [action #278] t=10.90s step=443 queue=18 dmax=0.358 | shoulder_pan.pos=-3.22 shoulder_lift.pos=-101.62 elbow_flex.pos=+87.70 wrist_flex.pos=+77.13 wrist_roll.pos=-1.58 gripper.pos=+0.89
DEBUG 2026-08-19 04:38:39 [action #279] t=10.94s step=444 queue=17 dmax=0.458 | shoulder_pan.pos=-3.47 shoulder_lift.pos=-101.74 elbow_flex.pos=+87.24 wrist_flex.pos=+77.13 wrist_roll.pos=-1.64 gripper.pos=+0.87
DEBUG 2026-08-19 04:38:39 [action #280] t=10.97s step=445 queue=16 dmax=0.360 | shoulder_pan.pos=-3.11 shoulder_lift.pos=-101.57 elbow_flex.pos=+87.39 wrist_flex.pos=+77.03 wrist_roll.pos=-1.63 gripper.pos=+0.95
DEBUG 2026-08-19 04:38:39 [action #281] t=11.00s step=446 queue=15 dmax=0.416 | shoulder_pan.pos=-3.20 shoulder_lift.pos=-101.55 elbow_flex.pos=+86.97 wrist_flex.pos=+77.06 wrist_roll.pos=-1.73 gripper.pos=+0.89
DEBUG 2026-08-19 04:38:39 [action #282] t=11.04s step=447 queue=14 dmax=0.360 | shoulder_pan.pos=-3.14 shoulder_lift.pos=-101.48 elbow_flex.pos=+87.33 wrist_flex.pos=+76.87 wrist_roll.pos=-1.75 gripper.pos=+0.89
DEBUG 2026-08-19 04:38:39 [action #283] t=11.07s step=448 queue=13 dmax=0.159 | shoulder_pan.pos=-3.08 shoulder_lift.pos=-101.62 elbow_flex.pos=+87.17 wrist_flex.pos=+76.96 wrist_roll.pos=-1.83 gripper.pos=+0.93
DEBUG 2026-08-19 04:38:39 [action #284] t=11.10s step=449 queue=12 dmax=0.452 | shoulder_pan.pos=-3.04 shoulder_lift.pos=-101.17 elbow_flex.pos=+87.15 wrist_flex.pos=+77.04 wrist_roll.pos=-1.81 gripper.pos=+0.86
DEBUG 2026-08-19 04:38:39 [action #285] t=11.14s step=450 queue=11 dmax=0.284 | shoulder_pan.pos=-3.13 shoulder_lift.pos=-101.35 elbow_flex.pos=+86.86 wrist_flex.pos=+77.08 wrist_roll.pos=-1.87 gripper.pos=+0.93
DEBUG 2026-08-19 04:38:39 [action #286] t=11.17s step=451 queue=10 dmax=0.418 | shoulder_pan.pos=-3.12 shoulder_lift.pos=-101.39 elbow_flex.pos=+87.28 wrist_flex.pos=+76.98 wrist_roll.pos=-1.85 gripper.pos=+0.98
DEBUG 2026-08-19 04:38:39 [action #287] t=11.20s step=452 queue=9 dmax=0.212 | shoulder_pan.pos=-3.26 shoulder_lift.pos=-101.36 elbow_flex.pos=+87.49 wrist_flex.pos=+77.03 wrist_roll.pos=-1.81 gripper.pos=+0.91
DEBUG 2026-08-19 04:38:39 [action #288] t=11.24s step=453 queue=8 dmax=0.563 | shoulder_pan.pos=-3.32 shoulder_lift.pos=-100.99 elbow_flex.pos=+86.93 wrist_flex.pos=+77.05 wrist_roll.pos=-1.74 gripper.pos=+0.93
DEBUG 2026-08-19 04:38:39 [action #289] t=11.27s step=454 queue=7 dmax=0.574 | shoulder_pan.pos=-3.35 shoulder_lift.pos=-101.57 elbow_flex.pos=+86.84 wrist_flex.pos=+77.11 wrist_roll.pos=-1.76 gripper.pos=+0.90
DEBUG 2026-08-19 04:38:39 [action #290] t=11.30s step=455 queue=6 dmax=0.401 | shoulder_pan.pos=-3.51 shoulder_lift.pos=-101.86 elbow_flex.pos=+87.24 wrist_flex.pos=+77.14 wrist_roll.pos=-1.74 gripper.pos=+0.91
DEBUG 2026-08-19 04:38:40 [action #291] t=11.34s step=456 queue=5 dmax=0.347 | shoulder_pan.pos=-3.45 shoulder_lift.pos=-102.21 elbow_flex.pos=+87.19 wrist_flex.pos=+77.17 wrist_roll.pos=-1.73 gripper.pos=+0.85
DEBUG 2026-08-19 04:38:40 [action #292] t=11.37s step=457 queue=4 dmax=0.947 | shoulder_pan.pos=-3.29 shoulder_lift.pos=-101.26 elbow_flex.pos=+87.42 wrist_flex.pos=+77.30 wrist_roll.pos=-1.74 gripper.pos=+0.89
DEBUG 2026-08-19 04:38:40 [action #293] t=11.40s step=458 queue=3 dmax=0.212 | shoulder_pan.pos=-3.28 shoulder_lift.pos=-101.08 elbow_flex.pos=+87.20 wrist_flex.pos=+77.29 wrist_roll.pos=-1.71 gripper.pos=+0.95
DEBUG 2026-08-19 04:38:40 [action #294] t=11.44s step=459 queue=2 dmax=0.736 | shoulder_pan.pos=-3.55 shoulder_lift.pos=-101.81 elbow_flex.pos=+87.32 wrist_flex.pos=+77.25 wrist_roll.pos=-1.79 gripper.pos=+0.93
DEBUG 2026-08-19 04:38:40 [action #295] t=11.47s step=460 queue=1 dmax=0.163 | shoulder_pan.pos=-3.39 shoulder_lift.pos=-101.72 elbow_flex.pos=+87.40 wrist_flex.pos=+77.30 wrist_roll.pos=-1.70 gripper.pos=+0.88
DEBUG 2026-08-19 04:38:40 [chunk] received 50 actions, timesteps 437..486 | first: shoulder_pan.pos=-3.55 shoulder_lift.pos=-94.26 elbow_flex.pos=+81.00 wrist_flex.pos=+70.65 wrist_roll.pos=-4.94 gripper.pos=+0.89 | last: shoulder_pan.pos=-3.16 shoulder_lift.pos=-100.14 elbow_flex.pos=+85.86 wrist_flex.pos=+75.34 wrist_roll.pos=-2.44 gripper.pos=+1.05
DEBUG 2026-08-19 04:38:40 [action #296] t=11.64s step=461 queue=26 dmax=2.842 | shoulder_pan.pos=-2.69 shoulder_lift.pos=-100.51 elbow_flex.pos=+84.56 wrist_flex.pos=+75.47 wrist_roll.pos=-2.48 gripper.pos=+1.14
DEBUG 2026-08-19 04:38:40 [action #297] t=11.67s step=462 queue=25 dmax=0.640 | shoulder_pan.pos=-2.96 shoulder_lift.pos=-100.47 elbow_flex.pos=+85.20 wrist_flex.pos=+75.32 wrist_roll.pos=-2.52 gripper.pos=+1.15
DEBUG 2026-08-19 04:38:40 [action #298] t=11.70s step=463 queue=24 dmax=0.225 | shoulder_pan.pos=-2.79 shoulder_lift.pos=-100.65 elbow_flex.pos=+84.97 wrist_flex.pos=+75.31 wrist_roll.pos=-2.63 gripper.pos=+1.07
DEBUG 2026-08-19 04:38:40 [action #299] t=11.74s step=464 queue=23 dmax=0.234 | shoulder_pan.pos=-2.65 shoulder_lift.pos=-100.81 elbow_flex.pos=+84.74 wrist_flex.pos=+75.24 wrist_roll.pos=-2.64 gripper.pos=+1.07
DEBUG 2026-08-19 04:38:40 [action #300] t=11.77s step=465 queue=22 dmax=0.818 | shoulder_pan.pos=-2.80 shoulder_lift.pos=-101.03 elbow_flex.pos=+85.56 wrist_flex.pos=+75.41 wrist_roll.pos=-2.74 gripper.pos=+1.19
DEBUG 2026-08-19 04:38:40 [action #301] t=11.81s step=466 queue=21 dmax=0.400 | shoulder_pan.pos=-2.81 shoulder_lift.pos=-100.63 elbow_flex.pos=+85.50 wrist_flex.pos=+75.37 wrist_roll.pos=-2.67 gripper.pos=+1.05
DEBUG 2026-08-19 04:38:40 [action #302] t=11.84s step=467 queue=20 dmax=0.216 | shoulder_pan.pos=-2.97 shoulder_lift.pos=-100.84 elbow_flex.pos=+85.32 wrist_flex.pos=+75.34 wrist_roll.pos=-2.59 gripper.pos=+1.10
DEBUG 2026-08-19 04:38:40 [action #303] t=11.87s step=468 queue=19 dmax=0.286 | shoulder_pan.pos=-2.87 shoulder_lift.pos=-101.13 elbow_flex.pos=+85.23 wrist_flex.pos=+75.43 wrist_roll.pos=-2.43 gripper.pos=+1.09
DEBUG 2026-08-19 04:38:40 [action #304] t=11.91s step=469 queue=18 dmax=0.593 | shoulder_pan.pos=-3.00 shoulder_lift.pos=-100.54 elbow_flex.pos=+84.91 wrist_flex.pos=+75.33 wrist_roll.pos=-2.37 gripper.pos=+1.11
DEBUG 2026-08-19 04:38:40 [action #305] t=11.94s step=470 queue=17 dmax=0.327 | shoulder_pan.pos=-2.90 shoulder_lift.pos=-100.50 elbow_flex.pos=+85.23 wrist_flex.pos=+75.40 wrist_roll.pos=-2.31 gripper.pos=+1.15
DEBUG 2026-08-19 04:38:40 [action #306] t=11.97s step=471 queue=16 dmax=0.278 | shoulder_pan.pos=-2.97 shoulder_lift.pos=-100.76 elbow_flex.pos=+85.51 wrist_flex.pos=+75.39 wrist_roll.pos=-2.29 gripper.pos=+1.12
DEBUG 2026-08-19 04:38:40 [action #307] t=12.01s step=472 queue=15 dmax=0.174 | shoulder_pan.pos=-3.14 shoulder_lift.pos=-100.73 elbow_flex.pos=+85.51 wrist_flex.pos=+75.39 wrist_roll.pos=-2.21 gripper.pos=+1.24
DEBUG 2026-08-19 04:38:40 [action #308] t=12.04s step=473 queue=14 dmax=0.892 | shoulder_pan.pos=-3.14 shoulder_lift.pos=-99.84 elbow_flex.pos=+85.51 wrist_flex.pos=+75.25 wrist_roll.pos=-2.18 gripper.pos=+1.07
DEBUG 2026-08-19 04:38:40 [action #309] t=12.07s step=474 queue=13 dmax=0.686 | shoulder_pan.pos=-3.04 shoulder_lift.pos=-100.53 elbow_flex.pos=+85.67 wrist_flex.pos=+75.49 wrist_roll.pos=-2.30 gripper.pos=+1.12
DEBUG 2026-08-19 04:38:40 [action #310] t=12.11s step=475 queue=12 dmax=0.346 | shoulder_pan.pos=-3.07 shoulder_lift.pos=-100.18 elbow_flex.pos=+85.99 wrist_flex.pos=+75.63 wrist_roll.pos=-2.30 gripper.pos=+1.17
DEBUG 2026-08-19 04:38:40 [action #311] t=12.14s step=476 queue=11 dmax=0.426 | shoulder_pan.pos=-3.27 shoulder_lift.pos=-100.61 elbow_flex.pos=+85.80 wrist_flex.pos=+75.65 wrist_roll.pos=-2.37 gripper.pos=+1.11
DEBUG 2026-08-19 04:38:40 [action #312] t=12.17s step=477 queue=10 dmax=1.479 | shoulder_pan.pos=-3.17 shoulder_lift.pos=-99.13 elbow_flex.pos=+85.46 wrist_flex.pos=+75.45 wrist_roll.pos=-2.22 gripper.pos=+1.17
DEBUG 2026-08-19 04:38:40 [action #313] t=12.21s step=478 queue=9 dmax=0.958 | shoulder_pan.pos=-3.28 shoulder_lift.pos=-100.09 elbow_flex.pos=+86.13 wrist_flex.pos=+75.43 wrist_roll.pos=-2.26 gripper.pos=+1.05
DEBUG 2026-08-19 04:38:40 [action #314] t=12.24s step=479 queue=8 dmax=0.624 | shoulder_pan.pos=-3.23 shoulder_lift.pos=-100.62 elbow_flex.pos=+85.50 wrist_flex.pos=+75.43 wrist_roll.pos=-2.36 gripper.pos=+1.08
DEBUG 2026-08-19 04:38:40 [action #315] t=12.27s step=480 queue=7 dmax=0.510 | shoulder_pan.pos=-3.48 shoulder_lift.pos=-100.11 elbow_flex.pos=+85.53 wrist_flex.pos=+75.44 wrist_roll.pos=-2.20 gripper.pos=+0.98
DEBUG 2026-08-19 04:38:41 [action #316] t=12.31s step=481 queue=6 dmax=0.382 | shoulder_pan.pos=-3.10 shoulder_lift.pos=-99.94 elbow_flex.pos=+85.63 wrist_flex.pos=+75.48 wrist_roll.pos=-2.19 gripper.pos=+1.16
DEBUG 2026-08-19 04:38:41 [action #317] t=12.34s step=482 queue=5 dmax=0.344 | shoulder_pan.pos=-3.44 shoulder_lift.pos=-100.06 elbow_flex.pos=+85.97 wrist_flex.pos=+75.51 wrist_roll.pos=-2.24 gripper.pos=+1.01
DEBUG 2026-08-19 04:38:41 [action #318] t=12.37s step=483 queue=4 dmax=1.164 | shoulder_pan.pos=-3.25 shoulder_lift.pos=-101.22 elbow_flex.pos=+86.07 wrist_flex.pos=+75.29 wrist_roll.pos=-2.27 gripper.pos=+0.99
DEBUG 2026-08-19 04:38:41 [chunk] received 50 actions, timesteps 460..509 | first: shoulder_pan.pos=-3.67 shoulder_lift.pos=-101.75 elbow_flex.pos=+88.20 wrist_flex.pos=+77.01 wrist_roll.pos=-1.94 gripper.pos=+0.88 | last: shoulder_pan.pos=-3.71 shoulder_lift.pos=-101.71 elbow_flex.pos=+87.73 wrist_flex.pos=+77.09 wrist_roll.pos=-1.82 gripper.pos=+0.88
DEBUG 2026-08-19 04:38:41 [action #319] t=12.41s step=484 queue=26 dmax=1.671 | shoulder_pan.pos=-3.78 shoulder_lift.pos=-101.32 elbow_flex.pos=+87.74 wrist_flex.pos=+76.76 wrist_roll.pos=-1.90 gripper.pos=+0.89
DEBUG 2026-08-19 04:38:41 [chunk] received 50 actions, timesteps 482..531 | first: shoulder_pan.pos=-2.85 shoulder_lift.pos=-101.29 elbow_flex.pos=+88.06 wrist_flex.pos=+76.72 wrist_roll.pos=-2.70 gripper.pos=+0.72 | last: shoulder_pan.pos=-3.29 shoulder_lift.pos=-101.57 elbow_flex.pos=+88.24 wrist_flex.pos=+77.17 wrist_roll.pos=-2.59 gripper.pos=+0.80
INFO 2026-08-19 04:38:41 Final action sent: shoulder_pan.pos=-3.78 shoulder_lift.pos=-101.32 elbow_flex.pos=+87.74 wrist_flex.pos=+76.76 wrist_roll.pos=-1.90 gripper.pos=+0.89
DEBUG 2026-08-19 04:38:41 === episode end | 13.1s | converged=False | actions=319 ===
