episode_dir,task,chunk_id,must_go,input_timestep,input_elapsed,unix_ts,front_img,wrist_img,recap_img,returned_len,exec_index,exec_timestep,exec_action_n,in_shoulder_pan.pos,in_shoulder_lift.pos,in_elbow_flex.pos,in_wrist_flex.pos,in_wrist_roll.pos,in_gripper.pos,act_shoulder_pan.pos,act_shoulder_lift.pos,act_elbow_flex.pos,act_wrist_flex.pos,act_wrist_roll.pos,act_gripper.pos
047_bag,put the bag on the tray,1,1,0,0.0,1788426474.6862886,00000_front_put_the_bag_on_the_tray.png,00000_wrist_put_the_bag_on_the_tray.png,recap.png,50,0,0,1,-4.21978021978022,-101.93406593406593,92.17582417582418,74.9010989010989,-0.3076923076923077,0.821917808219178,-4.938419342041016,-101.70169830322266,88.37831115722656,75.19374084472656,-0.20196819305419922,1.2032792568206787
047_bag,put the bag on the tray,1,1,0,0.0,1788426474.6862886,00000_front_put_the_bag_on_the_tray.png,00000_wrist_put_the_bag_on_the_tray.png,recap.png,50,1,1,2,-4.21978021978022,-101.93406593406593,92.17582417582418,74.9010989010989,-0.3076923076923077,0.821917808219178,-5.0053558349609375,-101.40088653564453,88.41574096679688,74.9482650756836,-0.3062763214111328,1.0205694437026978
047_bag,put the bag on the tray,1,1,0,0.0,1788426474.6862886,00000_front_put_the_bag_on_the_tray.png,00000_wrist_put_the_bag_on_the_tray.png,recap.png,50,2,2,3,-4.21978021978022,-101.93406593406593,92.17582417582418,74.9010989010989,-0.3076923076923077,0.821917808219178,-5.058010101318359,-101.82321166992188,88.38589477539062,75.08445739746094,-0.35080909729003906,1.1320085525512695
047_bag,put the bag on the tray,1,1,0,0.0,1788426474.6862886,00000_front_put_the_bag_on_the_tray.png,00000_wrist_put_the_bag_on_the_tray.png,recap.png,50,3,3,4,-4.21978021978022,-101.93406593406593,92.17582417582418,74.9010989010989,-0.3076923076923077,0.821917808219178,-5.019857406616211,-101.45561981201172,88.19886779785156,74.98426818847656,-0.4254302978515625,0.9904587864875793
047_bag,put the bag on the tray,1,1,0,0.0,1788426474.6862886,00000_front_put_the_bag_on_the_tray.png,00000_wrist_put_the_bag_on_the_tray.png,recap.png,50,4,4,5,-4.21978021978022,-101.93406593406593,92.17582417582418,74.9010989010989,-0.3076923076923077,0.821917808219178,-5.115438461303711,-101.43539428710938,88.25273132324219,74.94247436523438,-0.446075439453125,1.1003810167312622
047_bag,put the bag on the tray,1,1,0,0.0,1788426474.6862886,00000_front_put_the_bag_on_the_tray.png,00000_wrist_put_the_bag_on_the_tray.png,recap.png,50,5,5,6,-4.21978021978022,-101.93406593406593,92.17582417582418,74.9010989010989,-0.3076923076923077,0.821917808219178,-5.096529006958008,-101.71614837646484,87.66767883300781,75.03666687011719,-0.47644996643066406,0.9784268140792847
047_bag,put the bag on the tray,1,1,0,0.0,1788426474.6862886,00000_front_put_the_bag_on_the_tray.png,00000_wrist_put_the_bag_on_the_tray.png,recap.png,50,6,6,7,-4.21978021978022,-101.93406593406593,92.17582417582418,74.9010989010989,-0.3076923076923077,0.821917808219178,-5.348321914672852,-102.0928955078125,87.95819091796875,75.14814758300781,-0.6741857528686523,0.9119939804077148
047_bag,put the bag on the tray,1,1,0,0.0,1788426474.6862886,00000_front_put_the_bag_on_the_tray.png,00000_wrist_put_the_bag_on_the_tray.png,recap.png,50,7,7,8,-4.21978021978022,-101.93406593406593,92.17582417582418,74.9010989010989,-0.3076923076923077,0.821917808219178,-5.2209625244140625,-101.4542465209961,88.14161682128906,75.03962707519531,-0.8004417419433594,0.9197561144828796
047_bag,put the bag on the tray,1,1,0,0.0,1788426474.6862886,00000_front_put_the_bag_on_the_tray.png,00000_wrist_put_the_bag_on_the_tray.png,recap.png,50,8,8,9,-4.21978021978022,-101.93406593406593,92.17582417582418,74.9010989010989,-0.3076923076923077,0.821917808219178,-5.208967208862305,-101.79115295410156,87.72125244140625,74.96568298339844,-1.226766586303711,0.9027916193008423
047_bag,put the bag on the tray,1,1,0,0.0,1788426474.6862886,00000_front_put_the_bag_on_the_tray.png,00000_wrist_put_the_bag_on_the_tray.png,recap.png,50,9,9,10,-4.21978021978022,-101.93406593406593,92.17582417582418,74.9010989010989,-0.3076923076923077,0.821917808219178,-5.388002395629883,-101.90724182128906,87.52200317382812,74.83522033691406,-1.6966094970703125,0.9132685661315918
047_bag,put the bag on the tray,1,1,0,0.0,1788426474.6862886,00000_front_put_the_bag_on_the_tray.png,00000_wrist_put_the_bag_on_the_tray.png,recap.png,50,10,10,11,-4.21978021978022,-101.93406593406593,92.17582417582418,74.9010989010989,-0.3076923076923077,0.821917808219178,-5.179410934448242,-102.12428283691406,87.08885192871094,74.41785430908203,-2.4145679473876953,0.9428152441978455
047_bag,put the bag on the tray,1,1,0,0.0,1788426474.6862886,00000_front_put_the_bag_on_the_tray.png,00000_wrist_put_the_bag_on_the_tray.png,recap.png,50,11,11,12,-4.21978021978022,-101.93406593406593,92.17582417582418,74.9010989010989,-0.3076923076923077,0.821917808219178,-5.129327774047852,-101.84246063232422,86.85188293457031,74.14303588867188,-3.2041330337524414,0.969376266002655
047_bag,put the bag on the tray,1,1,0,0.0,1788426474.6862886,00000_front_put_the_bag_on_the_tray.png,00000_wrist_put_the_bag_on_the_tray.png,recap.png,50,12,12,13,-4.21978021978022,-101.93406593406593,92.17582417582418,74.9010989010989,-0.3076923076923077,0.821917808219178,-5.397909164428711,-102.27478790283203,87.43490600585938,73.78079986572266,-3.647899627685547,0.8686362504959106
047_bag,put the bag on the tray,1,1,0,0.0,1788426474.6862886,00000_front_put_the_bag_on_the_tray.png,00000_wrist_put_the_bag_on_the_tray.png,recap.png,50,13,13,14,-4.21978021978022,-101.93406593406593,92.17582417582418,74.9010989010989,-0.3076923076923077,0.821917808219178,-5.389562606811523,-101.8031005859375,86.73565673828125,73.43208312988281,-3.6412744522094727,0.9955687522888184
047_bag,put the bag on the tray,1,1,0,0.0,1788426474.6862886,00000_front_put_the_bag_on_the_tray.png,00000_wrist_put_the_bag_on_the_tray.png,recap.png,50,14,14,15,-4.21978021978022,-101.93406593406593,92.17582417582418,74.9010989010989,-0.3076923076923077,0.821917808219178,-5.574859619140625,-101.77410125732422,86.57563781738281,73.2158203125,-3.662050247192383,0.9795101881027222
047_bag,put the bag on the tray,1,1,0,0.0,1788426474.6862886,00000_front_put_the_bag_on_the_tray.png,00000_wrist_put_the_bag_on_the_tray.png,recap.png,50,15,15,16,-4.21978021978022,-101.93406593406593,92.17582417582418,74.9010989010989,-0.3076923076923077,0.821917808219178,-5.3679656982421875,-102.00013732910156,86.73091125488281,72.96047973632812,-3.202871322631836,0.8468878269195557
047_bag,put the bag on the tray,1,1,0,0.0,1788426474.6862886,00000_front_put_the_bag_on_the_tray.png,00000_wrist_put_the_bag_on_the_tray.png,recap.png,50,16,16,17,-4.21978021978022,-101.93406593406593,92.17582417582418,74.9010989010989,-0.3076923076923077,0.821917808219178,-5.723466873168945,-102.21380615234375,86.88059997558594,72.64341735839844,-2.966444969177246,0.898730993270874
047_bag,put the bag on the tray,1,1,0,0.0,1788426474.6862886,00000_front_put_the_bag_on_the_tray.png,00000_wrist_put_the_bag_on_the_tray.png,recap.png,50,17,17,18,-4.21978021978022,-101.93406593406593,92.17582417582418,74.9010989010989,-0.3076923076923077,0.821917808219178,-5.530323028564453,-101.62191772460938,86.67294311523438,72.5513916015625,-2.6310501098632812,0.9006630778312683
047_bag,put the bag on the tray,1,1,0,0.0,1788426474.6862886,00000_front_put_the_bag_on_the_tray.png,00000_wrist_put_the_bag_on_the_tray.png,recap.png,50,18,18,19,-4.21978021978022,-101.93406593406593,92.17582417582418,74.9010989010989,-0.3076923076923077,0.821917808219178,-5.619220733642578,-101.72749328613281,86.99411010742188,72.30168151855469,-2.2905454635620117,0.9805670380592346
047_bag,put the bag on the tray,1,1,0,0.0,1788426474.6862886,00000_front_put_the_bag_on_the_tray.png,00000_wrist_put_the_bag_on_the_tray.png,recap.png,50,19,19,20,-4.21978021978022,-101.93406593406593,92.17582417582418,74.9010989010989,-0.3076923076923077,0.821917808219178,-5.43824577331543,-101.97868347167969,87.41603088378906,71.99160766601562,-2.275339126586914,0.9800401926040649
047_bag,put the bag on the tray,1,1,0,0.0,1788426474.6862886,00000_front_put_the_bag_on_the_tray.png,00000_wrist_put_the_bag_on_the_tray.png,recap.png,50,20,20,21,-4.21978021978022,-101.93406593406593,92.17582417582418,74.9010989010989,-0.3076923076923077,0.821917808219178,-5.505990982055664,-101.53055572509766,86.62007141113281,72.0550308227539,-2.084469795227051,0.9249946475028992
047_bag,put the bag on the tray,1,1,0,0.0,1788426474.6862886,00000_front_put_the_bag_on_the_tray.png,00000_wrist_put_the_bag_on_the_tray.png,recap.png,50,21,21,22,-4.21978021978022,-101.93406593406593,92.17582417582418,74.9010989010989,-0.3076923076923077,0.821917808219178,-5.539594650268555,-101.97592163085938,87.74603271484375,71.76725769042969,-2.1005468368530273,0.8911186456680298
047_bag,put the bag on the tray,1,1,0,0.0,1788426474.6862886,00000_front_put_the_bag_on_the_tray.png,00000_wrist_put_the_bag_on_the_tray.png,recap.png,50,22,22,23,-4.21978021978022,-101.93406593406593,92.17582417582418,74.9010989010989,-0.3076923076923077,0.821917808219178,-5.602581024169922,-102.31835174560547,87.47172546386719,71.9335708618164,-1.9590034484863281,1.0121221542358398
047_bag,put the bag on the tray,1,1,0,0.0,1788426474.6862886,00000_front_put_the_bag_on_the_tray.png,00000_wrist_put_the_bag_on_the_tray.png,recap.png,50,23,23,24,-4.21978021978022,-101.93406593406593,92.17582417582418,74.9010989010989,-0.3076923076923077,0.821917808219178,-5.495246887207031,-101.64862060546875,86.47508239746094,71.65369415283203,-1.9655447006225586,0.9108107686042786
047_bag,put the bag on the tray,1,1,0,0.0,1788426474.6862886,00000_front_put_the_bag_on_the_tray.png,00000_wrist_put_the_bag_on_the_tray.png,recap.png,50,24,24,25,-4.21978021978022,-101.93406593406593,92.17582417582418,74.9010989010989,-0.3076923076923077,0.821917808219178,-5.592487335205078,-101.79953002929688,86.46925354003906,71.67144775390625,-1.9567975997924805,0.9176063537597656
047_bag,put the bag on the tray,1,1,0,0.0,1788426474.6862886,00000_front_put_the_bag_on_the_tray.png,00000_wrist_put_the_bag_on_the_tray.png,recap.png,50,25,25,26,-4.21978021978022,-101.93406593406593,92.17582417582418,74.9010989010989,-0.3076923076923077,0.821917808219178,-5.64079475402832,-101.8893814086914,86.52658081054688,71.437744140625,-1.8789710998535156,0.8417374491691589
047_bag,put the bag on the tray,1,1,0,0.0,1788426474.6862886,00000_front_put_the_bag_on_the_tray.png,00000_wrist_put_the_bag_on_the_tray.png,recap.png,50,26,26,27,-4.21978021978022,-101.93406593406593,92.17582417582418,74.9010989010989,-0.3076923076923077,0.821917808219178,-5.523094177246094,-102.0973129272461,86.55795288085938,71.44510650634766,-1.8850440979003906,0.9258783459663391
047_bag,put the bag on the tray,1,1,0,0.0,1788426474.6862886,00000_front_put_the_bag_on_the_tray.png,00000_wrist_put_the_bag_on_the_tray.png,recap.png,50,27,27,28,-4.21978021978022,-101.93406593406593,92.17582417582418,74.9010989010989,-0.3076923076923077,0.821917808219178,-5.6451568603515625,-102.26012420654297,86.92094421386719,71.38887023925781,-1.8181991577148438,0.8883708715438843
047_bag,put the bag on the tray,1,1,0,0.0,1788426474.6862886,00000_front_put_the_bag_on_the_tray.png,00000_wrist_put_the_bag_on_the_tray.png,recap.png,50,28,28,29,-4.21978021978022,-101.93406593406593,92.17582417582418,74.9010989010989,-0.3076923076923077,0.821917808219178,-5.435478210449219,-101.83305358886719,85.74935913085938,71.56988525390625,-1.7716312408447266,0.9737140536308289
047_bag,put the bag on the tray,1,1,0,0.0,1788426474.6862886,00000_front_put_the_bag_on_the_tray.png,00000_wrist_put_the_bag_on_the_tray.png,recap.png,50,29,29,30,-4.21978021978022,-101.93406593406593,92.17582417582418,74.9010989010989,-0.3076923076923077,0.821917808219178,-5.558795928955078,-101.8635025024414,85.7562255859375,71.5405044555664,-1.8022842407226562,0.9287206530570984
047_bag,put the bag on the tray,1,1,0,0.0,1788426474.6862886,00000_front_put_the_bag_on_the_tray.png,00000_wrist_put_the_bag_on_the_tray.png,recap.png,50,30,30,31,-4.21978021978022,-101.93406593406593,92.17582417582418,74.9010989010989,-0.3076923076923077,0.821917808219178,-5.608640670776367,-102.30616760253906,86.1141357421875,71.56438446044922,-1.7721672058105469,0.9124071598052979
047_bag,put the bag on the tray,2,0,3,1.973,1788426476.6637785,00001_front_put_the_bag_on_the_tray.png,00001_wrist_put_the_bag_on_the_tray.png,recap.png,50,0,31,32,-4.747252747252747,-101.31868131868131,91.03296703296704,74.98901098901099,-0.21978021978021978,0.821917808219178,-6.768703460693359,-100.89784240722656,82.653076171875,70.13352966308594,-1.4103693962097168,0.8712708950042725
047_bag,put the bag on the tray,2,0,3,1.973,1788426476.6637785,00001_front_put_the_bag_on_the_tray.png,00001_wrist_put_the_bag_on_the_tray.png,recap.png,50,1,32,33,-4.747252747252747,-101.31868131868131,91.03296703296704,74.98901098901099,-0.21978021978021978,0.821917808219178,-6.726467132568359,-101.12724304199219,82.32160949707031,70.36016845703125,-1.2931221723556519,0.8293988108634949
047_bag,put the bag on the tray,2,0,3,1.973,1788426476.6637785,00001_front_put_the_bag_on_the_tray.png,00001_wrist_put_the_bag_on_the_tray.png,recap.png,50,2,33,34,-4.747252747252747,-101.31868131868131,91.03296703296704,74.98901098901099,-0.21978021978021978,0.821917808219178,-6.7746806144714355,-101.2520980834961,82.3748779296875,70.55281066894531,-1.3387129306793213,0.8927751779556274
047_bag,put the bag on the tray,2,0,3,1.973,1788426476.6637785,00001_front_put_the_bag_on_the_tray.png,00001_wrist_put_the_bag_on_the_tray.png,recap.png,50,3,34,35,-4.747252747252747,-101.31868131868131,91.03296703296704,74.98901098901099,-0.21978021978021978,0.821917808219178,-6.757641315460205,-101.38345336914062,81.71648406982422,70.89775848388672,-1.2389256954193115,0.9114940762519836
047_bag,put the bag on the tray,2,0,3,1.973,1788426476.6637785,00001_front_put_the_bag_on_the_tray.png,00001_wrist_put_the_bag_on_the_tray.png,recap.png,50,4,35,36,-4.747252747252747,-101.31868131868131,91.03296703296704,74.98901098901099,-0.21978021978021978,0.821917808219178,-6.718236923217773,-101.20222473144531,81.78719329833984,71.14259338378906,-1.1982977390289307,0.8953932523727417
047_bag,put the bag on the tray,2,0,3,1.973,1788426476.6637785,00001_front_put_the_bag_on_the_tray.png,00001_wrist_put_the_bag_on_the_tray.png,recap.png,50,5,36,37,-4.747252747252747,-101.31868131868131,91.03296703296704,74.98901098901099,-0.21978021978021978,0.821917808219178,-6.527717590332031,-100.82276916503906,80.4827880859375,71.37457275390625,-1.2321735620498657,0.9194202423095703
047_bag,put the bag on the tray,2,0,3,1.973,1788426476.6637785,00001_front_put_the_bag_on_the_tray.png,00001_wrist_put_the_bag_on_the_tray.png,recap.png,50,6,37,38,-4.747252747252747,-101.31868131868131,91.03296703296704,74.98901098901099,-0.21978021978021978,0.821917808219178,-6.868908882141113,-100.60610961914062,80.25038146972656,71.7554702758789,-1.309889316558838,0.8282930850982666
047_bag,put the bag on the tray,2,0,3,1.973,1788426476.6637785,00001_front_put_the_bag_on_the_tray.png,00001_wrist_put_the_bag_on_the_tray.png,recap.png,50,7,38,39,-4.747252747252747,-101.31868131868131,91.03296703296704,74.98901098901099,-0.21978021978021978,0.821917808219178,-6.80709171295166,-100.55320739746094,79.79531860351562,72.09899139404297,-1.2172530889511108,0.7398744225502014
047_bag,put the bag on the tray,2,0,3,1.973,1788426476.6637785,00001_front_put_the_bag_on_the_tray.png,00001_wrist_put_the_bag_on_the_tray.png,recap.png,50,8,39,40,-4.747252747252747,-101.31868131868131,91.03296703296704,74.98901098901099,-0.21978021978021978,0.821917808219178,-6.722443103790283,-100.648681640625,79.35603332519531,72.294189453125,-1.3064305782318115,0.8153197765350342
047_bag,put the bag on the tray,2,0,3,1.973,1788426476.6637785,00001_front_put_the_bag_on_the_tray.png,00001_wrist_put_the_bag_on_the_tray.png,recap.png,50,9,40,41,-4.747252747252747,-101.31868131868131,91.03296703296704,74.98901098901099,-0.21978021978021978,0.821917808219178,-6.834242820739746,-100.76376342773438,79.41688537597656,72.54796600341797,-1.2159510850906372,0.8193213939666748
047_bag,put the bag on the tray,2,0,3,1.973,1788426476.6637785,00001_front_put_the_bag_on_the_tray.png,00001_wrist_put_the_bag_on_the_tray.png,recap.png,50,10,41,42,-4.747252747252747,-101.31868131868131,91.03296703296704,74.98901098901099,-0.21978021978021978,0.821917808219178,-6.742572784423828,-100.22479248046875,79.49410247802734,72.64077758789062,-1.2446420192718506,0.8032310605049133
047_bag,put the bag on the tray,2,0,3,1.973,1788426476.6637785,00001_front_put_the_bag_on_the_tray.png,00001_wrist_put_the_bag_on_the_tray.png,recap.png,50,11,42,43,-4.747252747252747,-101.31868131868131,91.03296703296704,74.98901098901099,-0.21978021978021978,0.821917808219178,-6.819670677185059,-100.40299987792969,79.31845092773438,72.707763671875,-1.3910648822784424,0.793249249458313
047_bag,put the bag on the tray,2,0,3,1.973,1788426476.6637785,00001_front_put_the_bag_on_the_tray.png,00001_wrist_put_the_bag_on_the_tray.png,recap.png,50,12,43,44,-4.747252747252747,-101.31868131868131,91.03296703296704,74.98901098901099,-0.21978021978021978,0.821917808219178,-6.547986030578613,-100.69347381591797,78.49261474609375,72.62554168701172,-1.6065196990966797,0.7053162455558777
047_bag,put the bag on the tray,2,0,3,1.973,1788426476.6637785,00001_front_put_the_bag_on_the_tray.png,00001_wrist_put_the_bag_on_the_tray.png,recap.png,50,13,44,45,-4.747252747252747,-101.31868131868131,91.03296703296704,74.98901098901099,-0.21978021978021978,0.821917808219178,-6.6418585777282715,-100.09588623046875,77.87354278564453,72.30387878417969,-2.4514122009277344,0.7917033433914185
047_bag,put the bag on the tray,2,0,3,1.973,1788426476.6637785,00001_front_put_the_bag_on_the_tray.png,00001_wrist_put_the_bag_on_the_tray.png,recap.png,50,14,45,46,-4.747252747252747,-101.31868131868131,91.03296703296704,74.98901098901099,-0.21978021978021978,0.821917808219178,-6.5806121826171875,-100.2317123413086,77.44256591796875,72.42387390136719,-3.38885760307312,0.7123124599456787
047_bag,put the bag on the tray,2,0,3,1.973,1788426476.6637785,00001_front_put_the_bag_on_the_tray.png,00001_wrist_put_the_bag_on_the_tray.png,recap.png,50,15,46,47,-4.747252747252747,-101.31868131868131,91.03296703296704,74.98901098901099,-0.21978021978021978,0.821917808219178,-6.750086784362793,-100.29547882080078,76.603271484375,72.47312927246094,-3.7010297775268555,0.6966574192047119
047_bag,put the bag on the tray,2,0,3,1.973,1788426476.6637785,00001_front_put_the_bag_on_the_tray.png,00001_wrist_put_the_bag_on_the_tray.png,recap.png,50,16,47,48,-4.747252747252747,-101.31868131868131,91.03296703296704,74.98901098901099,-0.21978021978021978,0.821917808219178,-6.755136013031006,-99.74526977539062,76.51124572753906,72.60659790039062,-3.678478479385376,0.6900447607040405
047_bag,put the bag on the tray,2,0,3,1.973,1788426476.6637785,00001_front_put_the_bag_on_the_tray.png,00001_wrist_put_the_bag_on_the_tray.png,recap.png,50,17,48,49,-4.747252747252747,-101.31868131868131,91.03296703296704,74.98901098901099,-0.21978021978021978,0.821917808219178,-6.79848051071167,-99.78631591796875,76.30027770996094,72.79418182373047,-3.628333806991577,0.676706075668335
047_bag,put the bag on the tray,2,0,3,1.973,1788426476.6637785,00001_front_put_the_bag_on_the_tray.png,00001_wrist_put_the_bag_on_the_tray.png,recap.png,50,18,49,50,-4.747252747252747,-101.31868131868131,91.03296703296704,74.98901098901099,-0.21978021978021978,0.821917808219178,-6.761092185974121,-99.81924438476562,75.9656753540039,72.80015563964844,-3.594780683517456,0.7594199180603027
047_bag,put the bag on the tray,2,0,3,1.973,1788426476.6637785,00001_front_put_the_bag_on_the_tray.png,00001_wrist_put_the_bag_on_the_tray.png,recap.png,50,19,50,51,-4.747252747252747,-101.31868131868131,91.03296703296704,74.98901098901099,-0.21978021978021978,0.821917808219178,-7.125267028808594,-98.61209869384766,74.37934875488281,72.78827667236328,-3.8911867141723633,0.7735999226570129
047_bag,put the bag on the tray,2,0,3,1.973,1788426476.6637785,00001_front_put_the_bag_on_the_tray.png,00001_wrist_put_the_bag_on_the_tray.png,recap.png,50,20,51,52,-4.747252747252747,-101.31868131868131,91.03296703296704,74.98901098901099,-0.21978021978021978,0.821917808219178,-6.984521865844727,-99.052001953125,73.90432739257812,72.9345703125,-3.883148193359375,0.7274498343467712
047_bag,put the bag on the tray,2,0,3,1.973,1788426476.6637785,00001_front_put_the_bag_on_the_tray.png,00001_wrist_put_the_bag_on_the_tray.png,recap.png,50,21,52,53,-4.747252747252747,-101.31868131868131,91.03296703296704,74.98901098901099,-0.21978021978021978,0.821917808219178,-7.106609344482422,-98.0491943359375,73.72804260253906,72.82261657714844,-3.809558868408203,0.8088269829750061
047_bag,put the bag on the tray,3,0,30,2.876,1788426477.5686758,00002_front_put_the_bag_on_the_tray.png,00002_wrist_put_the_bag_on_the_tray.png,recap.png,50,0,53,54,-5.450549450549451,-101.84615384615384,88.57142857142857,72.61538461538461,-2.241758241758242,0.821917808219178,-9.027122497558594,-101.02843475341797,78.83790588378906,70.11996459960938,-2.6568260192871094,0.8133602142333984
047_bag,put the bag on the tray,3,0,30,2.876,1788426477.5686758,00002_front_put_the_bag_on_the_tray.png,00002_wrist_put_the_bag_on_the_tray.png,recap.png,50,1,54,55,-5.450549450549451,-101.84615384615384,88.57142857142857,72.61538461538461,-2.241758241758242,0.821917808219178,-8.658863067626953,-100.99622344970703,78.35879516601562,69.92642211914062,-2.7444562911987305,0.7315114736557007
047_bag,put the bag on the tray,3,0,30,2.876,1788426477.5686758,00002_front_put_the_bag_on_the_tray.png,00002_wrist_put_the_bag_on_the_tray.png,recap.png,50,2,55,56,-5.450549450549451,-101.84615384615384,88.57142857142857,72.61538461538461,-2.241758241758242,0.821917808219178,-8.591081619262695,-100.41610717773438,77.7274169921875,70.02897644042969,-2.6435747146606445,0.6762874126434326
047_bag,put the bag on the tray,3,0,30,2.876,1788426477.5686758,00002_front_put_the_bag_on_the_tray.png,00002_wrist_put_the_bag_on_the_tray.png,recap.png,50,3,56,57,-5.450549450549451,-101.84615384615384,88.57142857142857,72.61538461538461,-2.241758241758242,0.821917808219178,-8.31602668762207,-100.18304443359375,77.81118774414062,69.82524871826172,-2.688652992248535,0.8529048562049866
047_bag,put the bag on the tray,3,0,30,2.876,1788426477.5686758,00002_front_put_the_bag_on_the_tray.png,00002_wrist_put_the_bag_on_the_tray.png,recap.png,50,4,57,58,-5.450549450549451,-101.84615384615384,88.57142857142857,72.61538461538461,-2.241758241758242,0.821917808219178,-8.505197525024414,-100.16307067871094,77.81527709960938,70.02146911621094,-2.6327781677246094,0.770974338054657
047_bag,put the bag on the tray,3,0,30,2.876,1788426477.5686758,00002_front_put_the_bag_on_the_tray.png,00002_wrist_put_the_bag_on_the_tray.png,recap.png,50,5,58,59,-5.450549450549451,-101.84615384615384,88.57142857142857,72.61538461538461,-2.241758241758242,0.821917808219178,-8.546066284179688,-99.1166763305664,77.33270263671875,70.03142547607422,-2.685413360595703,0.7642817497253418
047_bag,put the bag on the tray,3,0,30,2.876,1788426477.5686758,00002_front_put_the_bag_on_the_tray.png,00002_wrist_put_the_bag_on_the_tray.png,recap.png,50,6,59,60,-5.450549450549451,-101.84615384615384,88.57142857142857,72.61538461538461,-2.241758241758242,0.821917808219178,-8.006828308105469,-98.34810638427734,77.06103515625,69.58746337890625,-2.6188745498657227,0.770603597164154
047_bag,put the bag on the tray,3,0,30,2.876,1788426477.5686758,00002_front_put_the_bag_on_the_tray.png,00002_wrist_put_the_bag_on_the_tray.png,recap.png,50,7,60,61,-5.450549450549451,-101.84615384615384,88.57142857142857,72.61538461538461,-2.241758241758242,0.821917808219178,-8.046138763427734,-97.18780517578125,76.55947875976562,69.47928619384766,-2.646921157836914,1.0303986072540283
047_bag,put the bag on the tray,3,0,30,2.876,1788426477.5686758,00002_front_put_the_bag_on_the_tray.png,00002_wrist_put_the_bag_on_the_tray.png,recap.png,50,8,61,62,-5.450549450549451,-101.84615384615384,88.57142857142857,72.61538461538461,-2.241758241758242,0.821917808219178,-7.807168960571289,-95.34922790527344,75.85574340820312,69.25997924804688,-2.689570426940918,0.7017873525619507
047_bag,put the bag on the tray,3,0,30,2.876,1788426477.5686758,00002_front_put_the_bag_on_the_tray.png,00002_wrist_put_the_bag_on_the_tray.png,recap.png,50,9,62,63,-5.450549450549451,-101.84615384615384,88.57142857142857,72.61538461538461,-2.241758241758242,0.821917808219178,-8.140172958374023,-92.86102294921875,74.77684020996094,68.78067016601562,-2.7317628860473633,0.8088354468345642
047_bag,put the bag on the tray,3,0,30,2.876,1788426477.5686758,00002_front_put_the_bag_on_the_tray.png,00002_wrist_put_the_bag_on_the_tray.png,recap.png,50,10,63,64,-5.450549450549451,-101.84615384615384,88.57142857142857,72.61538461538461,-2.241758241758242,0.821917808219178,-8.03712272644043,-90.98175048828125,74.22161865234375,68.55850219726562,-2.780552864074707,0.7159786820411682
047_bag,put the bag on the tray,3,0,30,2.876,1788426477.5686758,00002_front_put_the_bag_on_the_tray.png,00002_wrist_put_the_bag_on_the_tray.png,recap.png,50,11,64,65,-5.450549450549451,-101.84615384615384,88.57142857142857,72.61538461538461,-2.241758241758242,0.821917808219178,-8.024093627929688,-87.95084381103516,72.97508239746094,68.05996704101562,-2.9391613006591797,0.5946564674377441
047_bag,put the bag on the tray,3,0,30,2.876,1788426477.5686758,00002_front_put_the_bag_on_the_tray.png,00002_wrist_put_the_bag_on_the_tray.png,recap.png,50,12,65,66,-5.450549450549451,-101.84615384615384,88.57142857142857,72.61538461538461,-2.241758241758242,0.821917808219178,-8.02760124206543,-85.13656616210938,71.33341979980469,67.57575225830078,-3.034910202026367,0.7217259407043457
047_bag,put the bag on the tray,3,0,30,2.876,1788426477.5686758,00002_front_put_the_bag_on_the_tray.png,00002_wrist_put_the_bag_on_the_tray.png,recap.png,50,13,66,67,-5.450549450549451,-101.84615384615384,88.57142857142857,72.61538461538461,-2.241758241758242,0.821917808219178,-7.691585540771484,-82.2508316040039,69.63219451904297,67.22750091552734,-3.0969924926757812,0.7643752098083496
047_bag,put the bag on the tray,3,0,30,2.876,1788426477.5686758,00002_front_put_the_bag_on_the_tray.png,00002_wrist_put_the_bag_on_the_tray.png,recap.png,50,14,67,68,-5.450549450549451,-101.84615384615384,88.57142857142857,72.61538461538461,-2.241758241758242,0.821917808219178,-7.4041900634765625,-80.01045227050781,68.57169342041016,66.87106323242188,-3.0425777435302734,0.8030287027359009
047_bag,put the bag on the tray,3,0,30,2.876,1788426477.5686758,00002_front_put_the_bag_on_the_tray.png,00002_wrist_put_the_bag_on_the_tray.png,recap.png,50,15,68,69,-5.450549450549451,-101.84615384615384,88.57142857142857,72.61538461538461,-2.241758241758242,0.821917808219178,-7.777744293212891,-77.89494323730469,68.05853271484375,66.853271484375,-3.2460403442382812,0.6757797598838806
047_bag,put the bag on the tray,3,0,30,2.876,1788426477.5686758,00002_front_put_the_bag_on_the_tray.png,00002_wrist_put_the_bag_on_the_tray.png,recap.png,50,16,69,70,-5.450549450549451,-101.84615384615384,88.57142857142857,72.61538461538461,-2.241758241758242,0.821917808219178,-7.289632797241211,-76.152587890625,66.56209564208984,66.70899200439453,-3.2330970764160156,0.5602525472640991
047_bag,put the bag on the tray,3,0,30,2.876,1788426477.5686758,00002_front_put_the_bag_on_the_tray.png,00002_wrist_put_the_bag_on_the_tray.png,recap.png,50,17,70,71,-5.450549450549451,-101.84615384615384,88.57142857142857,72.61538461538461,-2.241758241758242,0.821917808219178,-7.460651397705078,-74.95977020263672,65.36768341064453,66.96836853027344,-3.320981979370117,0.6165004372596741
047_bag,put the bag on the tray,3,0,30,2.876,1788426477.5686758,00002_front_put_the_bag_on_the_tray.png,00002_wrist_put_the_bag_on_the_tray.png,recap.png,50,18,71,72,-5.450549450549451,-101.84615384615384,88.57142857142857,72.61538461538461,-2.241758241758242,0.821917808219178,-7.01707649230957,-73.59844207763672,64.81248474121094,66.72966003417969,-3.3980255126953125,0.8984091877937317
047_bag,put the bag on the tray,3,0,30,2.876,1788426477.5686758,00002_front_put_the_bag_on_the_tray.png,00002_wrist_put_the_bag_on_the_tray.png,recap.png,50,19,72,73,-5.450549450549451,-101.84615384615384,88.57142857142857,72.61538461538461,-2.241758241758242,0.821917808219178,-7.238162994384766,-72.08503723144531,63.86894226074219,66.66429138183594,-3.418455123901367,0.7074273228645325
047_bag,put the bag on the tray,3,0,30,2.876,1788426477.5686758,00002_front_put_the_bag_on_the_tray.png,00002_wrist_put_the_bag_on_the_tray.png,recap.png,50,20,73,74,-5.450549450549451,-101.84615384615384,88.57142857142857,72.61538461538461,-2.241758241758242,0.821917808219178,-6.9505615234375,-71.96078491210938,63.354652404785156,66.73014068603516,-3.3605709075927734,0.7235867977142334
047_bag,put the bag on the tray,3,0,30,2.876,1788426477.5686758,00002_front_put_the_bag_on_the_tray.png,00002_wrist_put_the_bag_on_the_tray.png,recap.png,50,21,74,75,-5.450549450549451,-101.84615384615384,88.57142857142857,72.61538461538461,-2.241758241758242,0.821917808219178,-7.111188888549805,-70.3035888671875,62.740020751953125,67.02799987792969,-3.3752574920654297,0.7727937698364258
047_bag,put the bag on the tray,3,0,30,2.876,1788426477.5686758,00002_front_put_the_bag_on_the_tray.png,00002_wrist_put_the_bag_on_the_tray.png,recap.png,50,22,75,76,-5.450549450549451,-101.84615384615384,88.57142857142857,72.61538461538461,-2.241758241758242,0.821917808219178,-7.166294097900391,-69.48394775390625,62.303916931152344,66.95808410644531,-3.4959869384765625,0.7526470422744751
047_bag,put the bag on the tray,3,0,30,2.876,1788426477.5686758,00002_front_put_the_bag_on_the_tray.png,00002_wrist_put_the_bag_on_the_tray.png,recap.png,50,23,76,77,-5.450549450549451,-101.84615384615384,88.57142857142857,72.61538461538461,-2.241758241758242,0.821917808219178,-7.2734527587890625,-68.42414855957031,60.821556091308594,67.05963897705078,-3.498809814453125,0.7701564431190491
047_bag,put the bag on the tray,3,0,30,2.876,1788426477.5686758,00002_front_put_the_bag_on_the_tray.png,00002_wrist_put_the_bag_on_the_tray.png,recap.png,50,24,77,78,-5.450549450549451,-101.84615384615384,88.57142857142857,72.61538461538461,-2.241758241758242,0.821917808219178,-7.139841079711914,-67.046875,60.3070068359375,67.14708709716797,-3.4484786987304688,0.9274247884750366
047_bag,put the bag on the tray,3,0,30,2.876,1788426477.5686758,00002_front_put_the_bag_on_the_tray.png,00002_wrist_put_the_bag_on_the_tray.png,recap.png,50,25,78,79,-5.450549450549451,-101.84615384615384,88.57142857142857,72.61538461538461,-2.241758241758242,0.821917808219178,-7.42823600769043,-65.63909912109375,60.077911376953125,67.28269958496094,-3.552668571472168,0.6449552774429321
047_bag,put the bag on the tray,3,0,30,2.876,1788426477.5686758,00002_front_put_the_bag_on_the_tray.png,00002_wrist_put_the_bag_on_the_tray.png,recap.png,50,26,79,80,-5.450549450549451,-101.84615384615384,88.57142857142857,72.61538461538461,-2.241758241758242,0.821917808219178,-7.53028678894043,-64.13847351074219,58.35575866699219,67.08685302734375,-3.6280517578125,0.7419077157974243
047_bag,put the bag on the tray,4,1,52,3.612,1788426478.2977443,00003_front_put_the_bag_on_the_tray.png,00003_wrist_put_the_bag_on_the_tray.png,recap.png,50,0,80,81,-6.857142857142857,-99.47252747252747,77.67032967032966,72.61538461538461,-3.2967032967032965,0.821917808219178,-8.100793838500977,-44.64216232299805,46.64167022705078,72.0903091430664,-7.159152984619141,19.687074661254883
047_bag,put the bag on the tray,4,1,52,3.612,1788426478.2977443,00003_front_put_the_bag_on_the_tray.png,00003_wrist_put_the_bag_on_the_tray.png,recap.png,50,1,81,82,-6.857142857142857,-99.47252747252747,77.67032967032966,72.61538461538461,-3.2967032967032965,0.821917808219178,-8.023279190063477,-44.255550384521484,46.49568176269531,72.53987884521484,-6.812431335449219,21.59486961364746
047_bag,put the bag on the tray,4,1,52,3.612,1788426478.2977443,00003_front_put_the_bag_on_the_tray.png,00003_wrist_put_the_bag_on_the_tray.png,recap.png,50,2,82,83,-6.857142857142857,-99.47252747252747,77.67032967032966,72.61538461538461,-3.2967032967032965,0.821917808219178,-8.044647216796875,-43.13667297363281,45.736785888671875,73.16767883300781,-6.822546482086182,23.167715072631836
047_bag,put the bag on the tray,4,1,52,3.612,1788426478.2977443,00003_front_put_the_bag_on_the_tray.png,00003_wrist_put_the_bag_on_the_tray.png,recap.png,50,3,83,84,-6.857142857142857,-99.47252747252747,77.67032967032966,72.61538461538461,-3.2967032967032965,0.821917808219178,-8.435392379760742,-42.35811996459961,45.37505340576172,73.88356018066406,-6.819728851318359,24.266698837280273
047_bag,put the bag on the tray,4,1,52,3.612,1788426478.2977443,00003_front_put_the_bag_on_the_tray.png,00003_wrist_put_the_bag_on_the_tray.png,recap.png,50,4,84,85,-6.857142857142857,-99.47252747252747,77.67032967032966,72.61538461538461,-3.2967032967032965,0.821917808219178,-8.53830337524414,-42.3617057800293,45.29821014404297,74.19111633300781,-6.782159328460693,25.426477432250977
047_bag,put the bag on the tray,4,1,52,3.612,1788426478.2977443,00003_front_put_the_bag_on_the_tray.png,00003_wrist_put_the_bag_on_the_tray.png,recap.png,50,5,85,86,-6.857142857142857,-99.47252747252747,77.67032967032966,72.61538461538461,-3.2967032967032965,0.821917808219178,-8.47370719909668,-41.41685104370117,45.778404235839844,74.41720581054688,-6.635206699371338,26.383359909057617
047_bag,put the bag on the tray,4,1,52,3.612,1788426478.2977443,00003_front_put_the_bag_on_the_tray.png,00003_wrist_put_the_bag_on_the_tray.png,recap.png,50,6,86,87,-6.857142857142857,-99.47252747252747,77.67032967032966,72.61538461538461,-3.2967032967032965,0.821917808219178,-8.66340446472168,-40.38518524169922,44.58308410644531,74.4532241821289,-6.602921962738037,27.231464385986328
047_bag,put the bag on the tray,4,1,52,3.612,1788426478.2977443,00003_front_put_the_bag_on_the_tray.png,00003_wrist_put_the_bag_on_the_tray.png,recap.png,50,7,87,88,-6.857142857142857,-99.47252747252747,77.67032967032966,72.61538461538461,-3.2967032967032965,0.821917808219178,-8.49868392944336,-40.4653205871582,45.28777313232422,74.73353576660156,-6.499380111694336,27.80927848815918
047_bag,put the bag on the tray,4,1,52,3.612,1788426478.2977443,00003_front_put_the_bag_on_the_tray.png,00003_wrist_put_the_bag_on_the_tray.png,recap.png,50,8,88,89,-6.857142857142857,-99.47252747252747,77.67032967032966,72.61538461538461,-3.2967032967032965,0.821917808219178,-8.792524337768555,-39.23469543457031,44.51570129394531,75.22262573242188,-6.5092267990112305,28.555097579956055
047_bag,put the bag on the tray,4,1,52,3.612,1788426478.2977443,00003_front_put_the_bag_on_the_tray.png,00003_wrist_put_the_bag_on_the_tray.png,recap.png,50,9,89,90,-6.857142857142857,-99.47252747252747,77.67032967032966,72.61538461538461,-3.2967032967032965,0.821917808219178,-9.143564224243164,-38.505733489990234,44.026832580566406,75.51341247558594,-6.565771102905273,29.529075622558594
047_bag,put the bag on the tray,4,1,52,3.612,1788426478.2977443,00003_front_put_the_bag_on_the_tray.png,00003_wrist_put_the_bag_on_the_tray.png,recap.png,50,10,90,91,-6.857142857142857,-99.47252747252747,77.67032967032966,72.61538461538461,-3.2967032967032965,0.821917808219178,-9.06180191040039,-39.10280227661133,43.39726257324219,76.13177490234375,-6.688063621520996,30.316076278686523
047_bag,put the bag on the tray,4,1,52,3.612,1788426478.2977443,00003_front_put_the_bag_on_the_tray.png,00003_wrist_put_the_bag_on_the_tray.png,recap.png,50,11,91,92,-6.857142857142857,-99.47252747252747,77.67032967032966,72.61538461538461,-3.2967032967032965,0.821917808219178,-9.531431198120117,-37.759666442871094,43.057884216308594,76.23509979248047,-6.716459274291992,31.201583862304688
047_bag,put the bag on the tray,4,1,52,3.612,1788426478.2977443,00003_front_put_the_bag_on_the_tray.png,00003_wrist_put_the_bag_on_the_tray.png,recap.png,50,12,92,93,-6.857142857142857,-99.47252747252747,77.67032967032966,72.61538461538461,-3.2967032967032965,0.821917808219178,-9.541156768798828,-37.244834899902344,42.84539794921875,76.43666076660156,-6.559258937835693,31.40324592590332
047_bag,put the bag on the tray,4,1,52,3.612,1788426478.2977443,00003_front_put_the_bag_on_the_tray.png,00003_wrist_put_the_bag_on_the_tray.png,recap.png,50,13,93,94,-6.857142857142857,-99.47252747252747,77.67032967032966,72.61538461538461,-3.2967032967032965,0.821917808219178,-9.792646408081055,-37.035888671875,42.521385192871094,76.2304916381836,-6.514729022979736,31.4079647064209
047_bag,put the bag on the tray,4,1,52,3.612,1788426478.2977443,00003_front_put_the_bag_on_the_tray.png,00003_wrist_put_the_bag_on_the_tray.png,recap.png,50,14,94,95,-6.857142857142857,-99.47252747252747,77.67032967032966,72.61538461538461,-3.2967032967032965,0.821917808219178,-9.870243072509766,-36.175193786621094,42.298828125,76.25033569335938,-6.640005111694336,31.30293083190918
047_bag,put the bag on the tray,4,1,52,3.612,1788426478.2977443,00003_front_put_the_bag_on_the_tray.png,00003_wrist_put_the_bag_on_the_tray.png,recap.png,50,15,95,96,-6.857142857142857,-99.47252747252747,77.67032967032966,72.61538461538461,-3.2967032967032965,0.821917808219178,-9.953628540039062,-35.97392272949219,42.46327209472656,76.04549407958984,-6.622582912445068,31.19759750366211
047_bag,put the bag on the tray,4,1,52,3.612,1788426478.2977443,00003_front_put_the_bag_on_the_tray.png,00003_wrist_put_the_bag_on_the_tray.png,recap.png,50,16,96,97,-6.857142857142857,-99.47252747252747,77.67032967032966,72.61538461538461,-3.2967032967032965,0.821917808219178,-10.200967788696289,-35.37812805175781,42.06837463378906,76.04835510253906,-6.5597405433654785,31.076656341552734
047_bag,put the bag on the tray,4,1,52,3.612,1788426478.2977443,00003_front_put_the_bag_on_the_tray.png,00003_wrist_put_the_bag_on_the_tray.png,recap.png,50,17,97,98,-6.857142857142857,-99.47252747252747,77.67032967032966,72.61538461538461,-3.2967032967032965,0.821917808219178,-10.172323226928711,-35.908470153808594,43.008209228515625,75.67472839355469,-6.575170040130615,31.175806045532227
047_bag,put the bag on the tray,4,1,52,3.612,1788426478.2977443,00003_front_put_the_bag_on_the_tray.png,00003_wrist_put_the_bag_on_the_tray.png,recap.png,50,18,98,99,-6.857142857142857,-99.47252747252747,77.67032967032966,72.61538461538461,-3.2967032967032965,0.821917808219178,-10.312576293945312,-34.121971130371094,42.49607849121094,75.62492370605469,-6.443378448486328,31.47136688232422
047_bag,put the bag on the tray,4,1,52,3.612,1788426478.2977443,00003_front_put_the_bag_on_the_tray.png,00003_wrist_put_the_bag_on_the_tray.png,recap.png,50,19,99,100,-6.857142857142857,-99.47252747252747,77.67032967032966,72.61538461538461,-3.2967032967032965,0.821917808219178,-10.347373962402344,-33.851295471191406,42.64146423339844,75.49728393554688,-6.315104961395264,31.676424026489258
047_bag,put the bag on the tray,4,1,52,3.612,1788426478.2977443,00003_front_put_the_bag_on_the_tray.png,00003_wrist_put_the_bag_on_the_tray.png,recap.png,50,20,100,101,-6.857142857142857,-99.47252747252747,77.67032967032966,72.61538461538461,-3.2967032967032965,0.821917808219178,-10.536510467529297,-33.246559143066406,42.86376953125,75.29312133789062,-6.2588605880737305,32.04017639160156
047_bag,put the bag on the tray,4,1,52,3.612,1788426478.2977443,00003_front_put_the_bag_on_the_tray.png,00003_wrist_put_the_bag_on_the_tray.png,recap.png,50,21,101,102,-6.857142857142857,-99.47252747252747,77.67032967032966,72.61538461538461,-3.2967032967032965,0.821917808219178,-10.462638854980469,-32.294273376464844,42.563026428222656,74.91813659667969,-6.095455646514893,32.40291976928711
047_bag,put the bag on the tray,5,1,79,4.682,1788426479.3664725,00004_front_put_the_bag_on_the_tray.png,00004_wrist_put_the_bag_on_the_tray.png,recap.png,50,0,102,103,-7.56043956043956,-68.35164835164835,63.51648351648352,67.86813186813187,-3.120879120879121,0.821917808219178,-9.639293670654297,-39.62611389160156,45.313438415527344,70.66978454589844,-4.773000717163086,24.56162452697754
047_bag,put the bag on the tray,5,1,79,4.682,1788426479.3664725,00004_front_put_the_bag_on_the_tray.png,00004_wrist_put_the_bag_on_the_tray.png,recap.png,50,1,103,104,-7.56043956043956,-68.35164835164835,63.51648351648352,67.86813186813187,-3.120879120879121,0.821917808219178,-9.542339324951172,-39.48175048828125,45.12870788574219,71.05953216552734,-4.7525482177734375,26.09184455871582
047_bag,put the bag on the tray,5,1,79,4.682,1788426479.3664725,00004_front_put_the_bag_on_the_tray.png,00004_wrist_put_the_bag_on_the_tray.png,recap.png,50,2,104,105,-7.56043956043956,-68.35164835164835,63.51648351648352,67.86813186813187,-3.120879120879121,0.821917808219178,-9.339637756347656,-38.022247314453125,45.008392333984375,70.9549560546875,-4.725078105926514,26.807296752929688
047_bag,put the bag on the tray,5,1,79,4.682,1788426479.3664725,00004_front_put_the_bag_on_the_tray.png,00004_wrist_put_the_bag_on_the_tray.png,recap.png,50,3,105,106,-7.56043956043956,-68.35164835164835,63.51648351648352,67.86813186813187,-3.120879120879121,0.821917808219178,-9.603233337402344,-37.25360107421875,44.24964141845703,71.23027038574219,-4.751327037811279,27.395099639892578
047_bag,put the bag on the tray,5,1,79,4.682,1788426479.3664725,00004_front_put_the_bag_on_the_tray.png,00004_wrist_put_the_bag_on_the_tray.png,recap.png,50,4,106,107,-7.56043956043956,-68.35164835164835,63.51648351648352,67.86813186813187,-3.120879120879121,0.821917808219178,-9.44411849975586,-37.15569305419922,44.70854187011719,71.23652648925781,-4.745848655700684,28.168785095214844
047_bag,put the bag on the tray,5,1,79,4.682,1788426479.3664725,00004_front_put_the_bag_on_the_tray.png,00004_wrist_put_the_bag_on_the_tray.png,recap.png,50,5,107,108,-7.56043956043956,-68.35164835164835,63.51648351648352,67.86813186813187,-3.120879120879121,0.821917808219178,-9.381460189819336,-36.986427307128906,45.330345153808594,71.32255554199219,-4.851187705993652,28.718488693237305
047_bag,put the bag on the tray,5,1,79,4.682,1788426479.3664725,00004_front_put_the_bag_on_the_tray.png,00004_wrist_put_the_bag_on_the_tray.png,recap.png,50,6,108,109,-7.56043956043956,-68.35164835164835,63.51648351648352,67.86813186813187,-3.120879120879121,0.821917808219178,-9.44692611694336,-35.47705841064453,44.26512145996094,71.60163879394531,-4.876347541809082,29.636280059814453
047_bag,put the bag on the tray,5,1,79,4.682,1788426479.3664725,00004_front_put_the_bag_on_the_tray.png,00004_wrist_put_the_bag_on_the_tray.png,recap.png,50,7,109,110,-7.56043956043956,-68.35164835164835,63.51648351648352,67.86813186813187,-3.120879120879121,0.821917808219178,-9.522218704223633,-36.50238037109375,44.83905029296875,71.87966918945312,-4.901747703552246,30.897031784057617
047_bag,put the bag on the tray,5,1,79,4.682,1788426479.3664725,00004_front_put_the_bag_on_the_tray.png,00004_wrist_put_the_bag_on_the_tray.png,recap.png,50,8,110,111,-7.56043956043956,-68.35164835164835,63.51648351648352,67.86813186813187,-3.120879120879121,0.821917808219178,-9.632633209228516,-35.75147247314453,44.44383239746094,72.16353607177734,-4.705315113067627,32.46462631225586
047_bag,put the bag on the tray,5,1,79,4.682,1788426479.3664725,00004_front_put_the_bag_on_the_tray.png,00004_wrist_put_the_bag_on_the_tray.png,recap.png,50,9,111,112,-7.56043956043956,-68.35164835164835,63.51648351648352,67.86813186813187,-3.120879120879121,0.821917808219178,-9.064571380615234,-35.225547790527344,44.738861083984375,72.33006286621094,-4.7663750648498535,33.4583854675293
047_bag,put the bag on the tray,5,1,79,4.682,1788426479.3664725,00004_front_put_the_bag_on_the_tray.png,00004_wrist_put_the_bag_on_the_tray.png,recap.png,50,10,112,113,-7.56043956043956,-68.35164835164835,63.51648351648352,67.86813186813187,-3.120879120879121,0.821917808219178,-9.508148193359375,-34.390380859375,44.862770080566406,72.34669494628906,-4.850331783294678,34.018943786621094
047_bag,put the bag on the tray,5,1,79,4.682,1788426479.3664725,00004_front_put_the_bag_on_the_tray.png,00004_wrist_put_the_bag_on_the_tray.png,recap.png,50,11,113,114,-7.56043956043956,-68.35164835164835,63.51648351648352,67.86813186813187,-3.120879120879121,0.821917808219178,-9.626066207885742,-34.57844543457031,44.842185974121094,72.33428955078125,-4.72923469543457,34.141929626464844
047_bag,put the bag on the tray,5,1,79,4.682,1788426479.3664725,00004_front_put_the_bag_on_the_tray.png,00004_wrist_put_the_bag_on_the_tray.png,recap.png,50,12,114,115,-7.56043956043956,-68.35164835164835,63.51648351648352,67.86813186813187,-3.120879120879121,0.821917808219178,-9.280082702636719,-34.59590148925781,44.918678283691406,72.23187255859375,-4.7960309982299805,33.99502944946289
047_bag,put the bag on the tray,5,1,79,4.682,1788426479.3664725,00004_front_put_the_bag_on_the_tray.png,00004_wrist_put_the_bag_on_the_tray.png,recap.png,50,13,115,116,-7.56043956043956,-68.35164835164835,63.51648351648352,67.86813186813187,-3.120879120879121,0.821917808219178,-9.63216781616211,-34.014137268066406,44.424774169921875,72.2171401977539,-4.756809711456299,33.69491958618164
047_bag,put the bag on the tray,5,1,79,4.682,1788426479.3664725,00004_front_put_the_bag_on_the_tray.png,00004_wrist_put_the_bag_on_the_tray.png,recap.png,50,14,116,117,-7.56043956043956,-68.35164835164835,63.51648351648352,67.86813186813187,-3.120879120879121,0.821917808219178,-9.518442153930664,-34.188446044921875,44.25768280029297,71.86724853515625,-4.639862537384033,33.5206298828125
047_bag,put the bag on the tray,5,1,79,4.682,1788426479.3664725,00004_front_put_the_bag_on_the_tray.png,00004_wrist_put_the_bag_on_the_tray.png,recap.png,50,15,117,118,-7.56043956043956,-68.35164835164835,63.51648351648352,67.86813186813187,-3.120879120879121,0.821917808219178,-9.558502197265625,-33.86882019042969,44.058799743652344,71.55181884765625,-4.567704677581787,33.4382438659668
047_bag,put the bag on the tray,5,1,79,4.682,1788426479.3664725,00004_front_put_the_bag_on_the_tray.png,00004_wrist_put_the_bag_on_the_tray.png,recap.png,50,16,118,119,-7.56043956043956,-68.35164835164835,63.51648351648352,67.86813186813187,-3.120879120879121,0.821917808219178,-9.545677185058594,-32.27747344970703,43.841453552246094,71.28450775146484,-4.558081150054932,33.44844055175781
047_bag,put the bag on the tray,5,1,79,4.682,1788426479.3664725,00004_front_put_the_bag_on_the_tray.png,00004_wrist_put_the_bag_on_the_tray.png,recap.png,50,17,119,120,-7.56043956043956,-68.35164835164835,63.51648351648352,67.86813186813187,-3.120879120879121,0.821917808219178,-9.617179870605469,-32.299102783203125,44.350852966308594,71.10711669921875,-4.4687089920043945,33.596046447753906
047_bag,put the bag on the tray,5,1,79,4.682,1788426479.3664725,00004_front_put_the_bag_on_the_tray.png,00004_wrist_put_the_bag_on_the_tray.png,recap.png,50,18,120,121,-7.56043956043956,-68.35164835164835,63.51648351648352,67.86813186813187,-3.120879120879121,0.821917808219178,-9.749799728393555,-31.81853485107422,43.43048095703125,70.70398712158203,-4.518314838409424,33.83488464355469
047_bag,put the bag on the tray,5,1,79,4.682,1788426479.3664725,00004_front_put_the_bag_on_the_tray.png,00004_wrist_put_the_bag_on_the_tray.png,recap.png,50,19,121,122,-7.56043956043956,-68.35164835164835,63.51648351648352,67.86813186813187,-3.120879120879121,0.821917808219178,-9.714614868164062,-30.666275024414062,43.34008026123047,70.25199890136719,-4.442687511444092,33.97937774658203
047_bag,put the bag on the tray,5,1,79,4.682,1788426479.3664725,00004_front_put_the_bag_on_the_tray.png,00004_wrist_put_the_bag_on_the_tray.png,recap.png,50,20,122,123,-7.56043956043956,-68.35164835164835,63.51648351648352,67.86813186813187,-3.120879120879121,0.821917808219178,-9.781335830688477,-29.579208374023438,42.796607971191406,70.20769500732422,-4.1926140785217285,34.17605209350586
047_bag,put the bag on the tray,5,1,79,4.682,1788426479.3664725,00004_front_put_the_bag_on_the_tray.png,00004_wrist_put_the_bag_on_the_tray.png,recap.png,50,21,123,124,-7.56043956043956,-68.35164835164835,63.51648351648352,67.86813186813187,-3.120879120879121,0.821917808219178,-9.739570617675781,-28.865516662597656,41.59416198730469,69.81391143798828,-4.032393455505371,34.44112014770508
047_bag,put the bag on the tray,5,1,79,4.682,1788426479.3664725,00004_front_put_the_bag_on_the_tray.png,00004_wrist_put_the_bag_on_the_tray.png,recap.png,50,22,124,125,-7.56043956043956,-68.35164835164835,63.51648351648352,67.86813186813187,-3.120879120879121,0.821917808219178,-9.674732208251953,-27.143699645996094,42.292869567871094,69.93334197998047,-3.7163867950439453,34.73298263549805
047_bag,put the bag on the tray,5,1,79,4.682,1788426479.3664725,00004_front_put_the_bag_on_the_tray.png,00004_wrist_put_the_bag_on_the_tray.png,recap.png,50,23,125,126,-7.56043956043956,-68.35164835164835,63.51648351648352,67.86813186813187,-3.120879120879121,0.821917808219178,-9.911909103393555,-26.554916381835938,42.40052032470703,69.44481658935547,-3.600581169128418,35.006072998046875
047_bag,put the bag on the tray,5,1,79,4.682,1788426479.3664725,00004_front_put_the_bag_on_the_tray.png,00004_wrist_put_the_bag_on_the_tray.png,recap.png,50,24,126,127,-7.56043956043956,-68.35164835164835,63.51648351648352,67.86813186813187,-3.120879120879121,0.821917808219178,-9.761594772338867,-25.07721710205078,41.24860382080078,69.44384002685547,-3.448737144470215,35.40042495727539
047_bag,put the bag on the tray,5,1,79,4.682,1788426479.3664725,00004_front_put_the_bag_on_the_tray.png,00004_wrist_put_the_bag_on_the_tray.png,recap.png,50,25,127,128,-7.56043956043956,-68.35164835164835,63.51648351648352,67.86813186813187,-3.120879120879121,0.821917808219178,-9.998428344726562,-23.492706298828125,39.88483428955078,69.30195617675781,-3.4153223037719727,35.61807632446289
047_bag,put the bag on the tray,5,1,79,4.682,1788426479.3664725,00004_front_put_the_bag_on_the_tray.png,00004_wrist_put_the_bag_on_the_tray.png,recap.png,50,26,128,129,-7.56043956043956,-68.35164835164835,63.51648351648352,67.86813186813187,-3.120879120879121,0.821917808219178,-9.777292251586914,-21.64422607421875,40.509552001953125,69.38304138183594,-3.371006965637207,35.79483413696289
047_bag,put the bag on the tray,6,1,101,5.418,1788426480.1027987,00005_front_put_the_bag_on_the_tray.png,00005_wrist_put_the_bag_on_the_tray.png,recap.png,50,0,129,130,-10.021978021978022,-34.15384615384615,44.43956043956044,75.95604395604396,-6.373626373626373,31.3013698630137,-11.386140823364258,-3.8948974609375,32.90375518798828,68.78724670410156,-5.656399250030518,37.483726501464844
047_bag,put the bag on the tray,6,1,101,5.418,1788426480.1027987,00005_front_put_the_bag_on_the_tray.png,00005_wrist_put_the_bag_on_the_tray.png,recap.png,50,1,130,131,-10.021978021978022,-34.15384615384615,44.43956043956044,75.95604395604396,-6.373626373626373,31.3013698630137,-10.73316764831543,-2.7659912109375,32.29387664794922,68.81986999511719,-5.6256585121154785,37.40126419067383
047_bag,put the bag on the tray,6,1,101,5.418,1788426480.1027987,00005_front_put_the_bag_on_the_tray.png,00005_wrist_put_the_bag_on_the_tray.png,recap.png,50,2,131,132,-10.021978021978022,-34.15384615384615,44.43956043956044,75.95604395604396,-6.373626373626373,31.3013698630137,-11.14156723022461,-2.5326995849609375,31.486244201660156,69.02752685546875,-5.5617499351501465,37.46030044555664
047_bag,put the bag on the tray,6,1,101,5.418,1788426480.1027987,00005_front_put_the_bag_on_the_tray.png,00005_wrist_put_the_bag_on_the_tray.png,recap.png,50,3,132,133,-10.021978021978022,-34.15384615384615,44.43956043956044,75.95604395604396,-6.373626373626373,31.3013698630137,-10.781463623046875,-1.0185012817382812,31.384201049804688,69.31752014160156,-5.579619884490967,37.33158493041992
047_bag,put the bag on the tray,6,1,101,5.418,1788426480.1027987,00005_front_put_the_bag_on_the_tray.png,00005_wrist_put_the_bag_on_the_tray.png,recap.png,50,4,133,134,-10.021978021978022,-34.15384615384615,44.43956043956044,75.95604395604396,-6.373626373626373,31.3013698630137,-10.853839874267578,-0.16657257080078125,31.095947265625,69.32089233398438,-5.59422492980957,37.56913757324219
047_bag,put the bag on the tray,6,1,101,5.418,1788426480.1027987,00005_front_put_the_bag_on_the_tray.png,00005_wrist_put_the_bag_on_the_tray.png,recap.png,50,5,134,135,-10.021978021978022,-34.15384615384615,44.43956043956044,75.95604395604396,-6.373626373626373,31.3013698630137,-10.832921981811523,0.9001312255859375,30.441322326660156,69.56330871582031,-5.4799017906188965,37.4525032043457
047_bag,put the bag on the tray,6,1,101,5.418,1788426480.1027987,00005_front_put_the_bag_on_the_tray.png,00005_wrist_put_the_bag_on_the_tray.png,recap.png,50,6,135,136,-10.021978021978022,-34.15384615384615,44.43956043956044,75.95604395604396,-6.373626373626373,31.3013698630137,-10.398824691772461,1.133087158203125,29.702064514160156,69.54358673095703,-5.538119792938232,37.57044982910156
047_bag,put the bag on the tray,6,1,101,5.418,1788426480.1027987,00005_front_put_the_bag_on_the_tray.png,00005_wrist_put_the_bag_on_the_tray.png,recap.png,50,7,136,137,-10.021978021978022,-34.15384615384615,44.43956043956044,75.95604395604396,-6.373626373626373,31.3013698630137,-10.691438674926758,2.23614501953125,29.91716766357422,69.76985168457031,-5.5855512619018555,37.65116500854492
047_bag,put the bag on the tray,6,1,101,5.418,1788426480.1027987,00005_front_put_the_bag_on_the_tray.png,00005_wrist_put_the_bag_on_the_tray.png,recap.png,50,8,137,138,-10.021978021978022,-34.15384615384615,44.43956043956044,75.95604395604396,-6.373626373626373,31.3013698630137,-10.582992553710938,2.6537933349609375,29.65528106689453,70.13583374023438,-5.516761302947998,37.659217834472656
047_bag,put the bag on the tray,6,1,101,5.418,1788426480.1027987,00005_front_put_the_bag_on_the_tray.png,00005_wrist_put_the_bag_on_the_tray.png,recap.png,50,9,138,139,-10.021978021978022,-34.15384615384615,44.43956043956044,75.95604395604396,-6.373626373626373,31.3013698630137,-10.631864547729492,3.4474258422851562,29.218711853027344,70.11265563964844,-5.601889610290527,37.54856872558594
047_bag,put the bag on the tray,6,1,101,5.418,1788426480.1027987,00005_front_put_the_bag_on_the_tray.png,00005_wrist_put_the_bag_on_the_tray.png,recap.png,50,10,139,140,-10.021978021978022,-34.15384615384615,44.43956043956044,75.95604395604396,-6.373626373626373,31.3013698630137,-10.707206726074219,3.8371505737304688,29.57349395751953,70.36709594726562,-5.541754245758057,37.01008987426758
047_bag,put the bag on the tray,6,1,101,5.418,1788426480.1027987,00005_front_put_the_bag_on_the_tray.png,00005_wrist_put_the_bag_on_the_tray.png,recap.png,50,11,140,141,-10.021978021978022,-34.15384615384615,44.43956043956044,75.95604395604396,-6.373626373626373,31.3013698630137,-10.432151794433594,4.156974792480469,28.97296905517578,70.59123229980469,-5.614830017089844,35.45427322387695
047_bag,put the bag on the tray,6,1,101,5.418,1788426480.1027987,00005_front_put_the_bag_on_the_tray.png,00005_wrist_put_the_bag_on_the_tray.png,recap.png,50,12,141,142,-10.021978021978022,-34.15384615384615,44.43956043956044,75.95604395604396,-6.373626373626373,31.3013698630137,-10.285762786865234,3.9709091186523438,29.042373657226562,70.6660385131836,-5.574466705322266,32.932220458984375
047_bag,put the bag on the tray,6,1,101,5.418,1788426480.1027987,00005_front_put_the_bag_on_the_tray.png,00005_wrist_put_the_bag_on_the_tray.png,recap.png,50,13,142,143,-10.021978021978022,-34.15384615384615,44.43956043956044,75.95604395604396,-6.373626373626373,31.3013698630137,-10.190999984741211,3.859893798828125,29.17889404296875,70.83172607421875,-5.502284526824951,30.062442779541016
047_bag,put the bag on the tray,6,1,101,5.418,1788426480.1027987,00005_front_put_the_bag_on_the_tray.png,00005_wrist_put_the_bag_on_the_tray.png,recap.png,50,14,143,144,-10.021978021978022,-34.15384615384615,44.43956043956044,75.95604395604396,-6.373626373626373,31.3013698630137,-10.372457504272461,4.0161285400390625,29.343040466308594,70.65839385986328,-5.4891557693481445,27.085542678833008
047_bag,put the bag on the tray,6,1,101,5.418,1788426480.1027987,00005_front_put_the_bag_on_the_tray.png,00005_wrist_put_the_bag_on_the_tray.png,recap.png,50,15,144,145,-10.021978021978022,-34.15384615384615,44.43956043956044,75.95604395604396,-6.373626373626373,31.3013698630137,-10.235416412353516,3.844146728515625,28.489173889160156,71.02791595458984,-5.589509010314941,24.24368667602539
047_bag,put the bag on the tray,6,1,101,5.418,1788426480.1027987,00005_front_put_the_bag_on_the_tray.png,00005_wrist_put_the_bag_on_the_tray.png,recap.png,50,16,145,146,-10.021978021978022,-34.15384615384615,44.43956043956044,75.95604395604396,-6.373626373626373,31.3013698630137,-9.579877853393555,3.584686279296875,28.809951782226562,70.77696990966797,-5.446927070617676,21.018152236938477
047_bag,put the bag on the tray,6,1,101,5.418,1788426480.1027987,00005_front_put_the_bag_on_the_tray.png,00005_wrist_put_the_bag_on_the_tray.png,recap.png,50,17,146,147,-10.021978021978022,-34.15384615384615,44.43956043956044,75.95604395604396,-6.373626373626373,31.3013698630137,-9.776872634887695,3.1318588256835938,28.28595733642578,70.87034606933594,-5.43243932723999,18.097017288208008
047_bag,put the bag on the tray,6,1,101,5.418,1788426480.1027987,00005_front_put_the_bag_on_the_tray.png,00005_wrist_put_the_bag_on_the_tray.png,recap.png,50,18,147,148,-10.021978021978022,-34.15384615384615,44.43956043956044,75.95604395604396,-6.373626373626373,31.3013698630137,-9.592321395874023,3.281890869140625,27.882308959960938,70.66878509521484,-5.315854072570801,15.341811180114746
047_bag,put the bag on the tray,6,1,101,5.418,1788426480.1027987,00005_front_put_the_bag_on_the_tray.png,00005_wrist_put_the_bag_on_the_tray.png,recap.png,50,19,148,149,-10.021978021978022,-34.15384615384615,44.43956043956044,75.95604395604396,-6.373626373626373,31.3013698630137,-9.726396560668945,2.1163558959960938,27.668548583984375,70.76854705810547,-5.392870903015137,12.94521427154541
047_bag,put the bag on the tray,6,1,101,5.418,1788426480.1027987,00005_front_put_the_bag_on_the_tray.png,00005_wrist_put_the_bag_on_the_tray.png,recap.png,50,20,149,150,-10.021978021978022,-34.15384615384615,44.43956043956044,75.95604395604396,-6.373626373626373,31.3013698630137,-9.726617813110352,2.4876632690429688,28.318016052246094,70.77056884765625,-5.326196193695068,11.178984642028809
047_bag,put the bag on the tray,6,1,101,5.418,1788426480.1027987,00005_front_put_the_bag_on_the_tray.png,00005_wrist_put_the_bag_on_the_tray.png,recap.png,50,21,150,151,-10.021978021978022,-34.15384615384615,44.43956043956044,75.95604395604396,-6.373626373626373,31.3013698630137,-9.720315933227539,2.4541778564453125,27.573211669921875,70.92546081542969,-5.397050380706787,9.989960670471191
047_bag,put the bag on the tray,7,1,128,6.454,1788426481.1401172,00006_front_put_the_bag_on_the_tray.png,00006_wrist_put_the_bag_on_the_tray.png,recap.png,50,0,151,152,-9.758241758241759,-25.802197802197803,43.824175824175825,70.15384615384616,-4.0,34.863013698630134,-9.883966445922852,0.9579086303710938,32.63172912597656,67.90834045410156,-4.330384731292725,37.24467086791992
047_bag,put the bag on the tray,7,1,128,6.454,1788426481.1401172,00006_front_put_the_bag_on_the_tray.png,00006_wrist_put_the_bag_on_the_tray.png,recap.png,50,1,152,153,-9.758241758241759,-25.802197802197803,43.824175824175825,70.15384615384616,-4.0,34.863013698630134,-9.963634490966797,2.1201248168945312,32.3629150390625,67.68675231933594,-4.211605072021484,37.27460479736328
047_bag,put the bag on the tray,7,1,128,6.454,1788426481.1401172,00006_front_put_the_bag_on_the_tray.png,00006_wrist_put_the_bag_on_the_tray.png,recap.png,50,2,153,154,-9.758241758241759,-25.802197802197803,43.824175824175825,70.15384615384616,-4.0,34.863013698630134,-9.610755920410156,2.2354965209960938,31.651123046875,67.62299346923828,-4.3531494140625,37.144954681396484
047_bag,put the bag on the tray,7,1,128,6.454,1788426481.1401172,00006_front_put_the_bag_on_the_tray.png,00006_wrist_put_the_bag_on_the_tray.png,recap.png,50,3,154,155,-9.758241758241759,-25.802197802197803,43.824175824175825,70.15384615384616,-4.0,34.863013698630134,-9.614328384399414,3.2721099853515625,31.530105590820312,67.6788330078125,-4.457036018371582,36.86390686035156
047_bag,put the bag on the tray,7,1,128,6.454,1788426481.1401172,00006_front_put_the_bag_on_the_tray.png,00006_wrist_put_the_bag_on_the_tray.png,recap.png,50,4,155,156,-9.758241758241759,-25.802197802197803,43.824175824175825,70.15384615384616,-4.0,34.863013698630134,-9.78408432006836,3.8027420043945312,31.02721405029297,67.72923278808594,-4.357929229736328,35.41636657714844
047_bag,put the bag on the tray,7,1,128,6.454,1788426481.1401172,00006_front_put_the_bag_on_the_tray.png,00006_wrist_put_the_bag_on_the_tray.png,recap.png,50,5,156,157,-9.758241758241759,-25.802197802197803,43.824175824175825,70.15384615384616,-4.0,34.863013698630134,-9.6749267578125,4.195457458496094,31.355499267578125,67.76421356201172,-4.266349792480469,32.0580940246582
047_bag,put the bag on the tray,7,1,128,6.454,1788426481.1401172,00006_front_put_the_bag_on_the_tray.png,00006_wrist_put_the_bag_on_the_tray.png,recap.png,50,6,157,158,-9.758241758241759,-25.802197802197803,43.824175824175825,70.15384615384616,-4.0,34.863013698630134,-9.747686386108398,4.8199462890625,31.266456604003906,67.61266326904297,-4.312719821929932,28.473968505859375
047_bag,put the bag on the tray,7,1,128,6.454,1788426481.1401172,00006_front_put_the_bag_on_the_tray.png,00006_wrist_put_the_bag_on_the_tray.png,recap.png,50,7,158,159,-9.758241758241759,-25.802197802197803,43.824175824175825,70.15384615384616,-4.0,34.863013698630134,-9.980161666870117,4.270660400390625,31.030555725097656,67.66800689697266,-4.217174053192139,24.496170043945312
047_bag,put the bag on the tray,7,1,128,6.454,1788426481.1401172,00006_front_put_the_bag_on_the_tray.png,00006_wrist_put_the_bag_on_the_tray.png,recap.png,50,8,159,160,-9.758241758241759,-25.802197802197803,43.824175824175825,70.15384615384616,-4.0,34.863013698630134,-9.87716293334961,4.339508056640625,31.686676025390625,67.53697204589844,-4.077021598815918,20.895383834838867
047_bag,put the bag on the tray,7,1,128,6.454,1788426481.1401172,00006_front_put_the_bag_on_the_tray.png,00006_wrist_put_the_bag_on_the_tray.png,recap.png,50,9,160,161,-9.758241758241759,-25.802197802197803,43.824175824175825,70.15384615384616,-4.0,34.863013698630134,-9.92805290222168,3.8706588745117188,31.4779052734375,67.72781372070312,-4.1321940422058105,17.843000411987305
047_bag,put the bag on the tray,7,1,128,6.454,1788426481.1401172,00006_front_put_the_bag_on_the_tray.png,00006_wrist_put_the_bag_on_the_tray.png,recap.png,50,10,161,162,-9.758241758241759,-25.802197802197803,43.824175824175825,70.15384615384616,-4.0,34.863013698630134,-10.163578033447266,4.747550964355469,31.301063537597656,67.61996459960938,-4.3030853271484375,15.581071853637695
047_bag,put the bag on the tray,7,1,128,6.454,1788426481.1401172,00006_front_put_the_bag_on_the_tray.png,00006_wrist_put_the_bag_on_the_tray.png,recap.png,50,11,162,163,-9.758241758241759,-25.802197802197803,43.824175824175825,70.15384615384616,-4.0,34.863013698630134,-10.112447738647461,3.8371505737304688,30.28253936767578,67.56116485595703,-4.13567590713501,13.577204704284668
047_bag,put the bag on the tray,7,1,128,6.454,1788426481.1401172,00006_front_put_the_bag_on_the_tray.png,00006_wrist_put_the_bag_on_the_tray.png,recap.png,50,12,163,164,-9.758241758241759,-25.802197802197803,43.824175824175825,70.15384615384616,-4.0,34.863013698630134,-9.870250701904297,3.2829055786132812,30.30113983154297,67.83425903320312,-4.058465957641602,12.213648796081543
047_bag,put the bag on the tray,7,1,128,6.454,1788426481.1401172,00006_front_put_the_bag_on_the_tray.png,00006_wrist_put_the_bag_on_the_tray.png,recap.png,50,13,164,165,-9.758241758241759,-25.802197802197803,43.824175824175825,70.15384615384616,-4.0,34.863013698630134,-10.30067253112793,3.0051345825195312,30.42926788330078,67.81790161132812,-4.09283447265625,11.247940063476562
047_bag,put the bag on the tray,7,1,128,6.454,1788426481.1401172,00006_front_put_the_bag_on_the_tray.png,00006_wrist_put_the_bag_on_the_tray.png,recap.png,50,14,165,166,-9.758241758241759,-25.802197802197803,43.824175824175825,70.15384615384616,-4.0,34.863013698630134,-10.419097900390625,2.8688888549804688,30.530853271484375,67.95051574707031,-4.140831470489502,10.719846725463867
047_bag,put the bag on the tray,7,1,128,6.454,1788426481.1401172,00006_front_put_the_bag_on_the_tray.png,00006_wrist_put_the_bag_on_the_tray.png,recap.png,50,15,166,167,-9.758241758241759,-25.802197802197803,43.824175824175825,70.15384615384616,-4.0,34.863013698630134,-10.079717636108398,2.6162643432617188,30.029190063476562,68.41759490966797,-4.162407875061035,10.190067291259766
047_bag,put the bag on the tray,7,1,128,6.454,1788426481.1401172,00006_front_put_the_bag_on_the_tray.png,00006_wrist_put_the_bag_on_the_tray.png,recap.png,50,16,167,168,-9.758241758241759,-25.802197802197803,43.824175824175825,70.15384615384616,-4.0,34.863013698630134,-10.294403076171875,3.034393310546875,29.532997131347656,68.74846649169922,-4.2487101554870605,9.789432525634766
047_bag,put the bag on the tray,7,1,128,6.454,1788426481.1401172,00006_front_put_the_bag_on_the_tray.png,00006_wrist_put_the_bag_on_the_tray.png,recap.png,50,17,168,169,-9.758241758241759,-25.802197802197803,43.824175824175825,70.15384615384616,-4.0,34.863013698630134,-10.424604415893555,2.2396697998046875,29.02710723876953,69.34192657470703,-4.258166313171387,9.597681045532227
047_bag,put the bag on the tray,7,1,128,6.454,1788426481.1401172,00006_front_put_the_bag_on_the_tray.png,00006_wrist_put_the_bag_on_the_tray.png,recap.png,50,18,169,170,-9.758241758241759,-25.802197802197803,43.824175824175825,70.15384615384616,-4.0,34.863013698630134,-10.408393859863281,2.5538787841796875,29.18726348876953,69.49261474609375,-4.495767593383789,9.744933128356934
047_bag,put the bag on the tray,7,1,128,6.454,1788426481.1401172,00006_front_put_the_bag_on_the_tray.png,00006_wrist_put_the_bag_on_the_tray.png,recap.png,50,19,170,171,-9.758241758241759,-25.802197802197803,43.824175824175825,70.15384615384616,-4.0,34.863013698630134,-10.06406021118164,2.6602630615234375,28.539352416992188,70.09074401855469,-4.4617438316345215,9.532331466674805
047_bag,put the bag on the tray,7,1,128,6.454,1788426481.1401172,00006_front_put_the_bag_on_the_tray.png,00006_wrist_put_the_bag_on_the_tray.png,recap.png,50,20,171,172,-9.758241758241759,-25.802197802197803,43.824175824175825,70.15384615384616,-4.0,34.863013698630134,-10.274009704589844,2.4868087768554688,27.607406616210938,71.03651428222656,-4.5907182693481445,9.452463150024414
047_bag,put the bag on the tray,7,1,128,6.454,1788426481.1401172,00006_front_put_the_bag_on_the_tray.png,00006_wrist_put_the_bag_on_the_tray.png,recap.png,50,21,172,173,-9.758241758241759,-25.802197802197803,43.824175824175825,70.15384615384616,-4.0,34.863013698630134,-10.208293914794922,1.4165191650390625,27.03704071044922,71.79109191894531,-4.64314603805542,9.398062705993652
047_bag,put the bag on the tray,7,1,128,6.454,1788426481.1401172,00006_front_put_the_bag_on_the_tray.png,00006_wrist_put_the_bag_on_the_tray.png,recap.png,50,22,173,174,-9.758241758241759,-25.802197802197803,43.824175824175825,70.15384615384616,-4.0,34.863013698630134,-10.319559097290039,1.7930679321289062,26.122215270996094,72.82603454589844,-4.8987627029418945,9.67768383026123
047_bag,put the bag on the tray,7,1,128,6.454,1788426481.1401172,00006_front_put_the_bag_on_the_tray.png,00006_wrist_put_the_bag_on_the_tray.png,recap.png,50,23,174,175,-9.758241758241759,-25.802197802197803,43.824175824175825,70.15384615384616,-4.0,34.863013698630134,-10.351545333862305,1.9715423583984375,24.772354125976562,73.96222686767578,-5.00093936920166,9.604101181030273
047_bag,put the bag on the tray,7,1,128,6.454,1788426481.1401172,00006_front_put_the_bag_on_the_tray.png,00006_wrist_put_the_bag_on_the_tray.png,recap.png,50,24,175,176,-9.758241758241759,-25.802197802197803,43.824175824175825,70.15384615384616,-4.0,34.863013698630134,-9.929704666137695,0.7754135131835938,24.275978088378906,74.80551147460938,-5.108429431915283,9.500683784484863
047_bag,put the bag on the tray,7,1,128,6.454,1788426481.1401172,00006_front_put_the_bag_on_the_tray.png,00006_wrist_put_the_bag_on_the_tray.png,recap.png,50,25,176,177,-9.758241758241759,-25.802197802197803,43.824175824175825,70.15384615384616,-4.0,34.863013698630134,-10.074455261230469,0.7104034423828125,23.659446716308594,75.89814758300781,-5.100226879119873,9.45047664642334
047_bag,put the bag on the tray,7,1,128,6.454,1788426481.1401172,00006_front_put_the_bag_on_the_tray.png,00006_wrist_put_the_bag_on_the_tray.png,recap.png,50,26,177,178,-9.758241758241759,-25.802197802197803,43.824175824175825,70.15384615384616,-4.0,34.863013698630134,-9.95823860168457,0.1375885009765625,22.55975341796875,76.85121154785156,-5.167316436767578,9.54534912109375
047_bag,put the bag on the tray,8,1,150,7.257,1788426481.9424489,00007_front_put_the_bag_on_the_tray.png,00007_wrist_put_the_bag_on_the_tray.png,recap.png,50,0,178,179,-10.197802197802197,2.32967032967033,27.824175824175825,70.24175824175825,-4.967032967032967,21.986301369863014,-4.8360748291015625,-20.52857208251953,15.614913940429688,90.38224792480469,-5.20791482925415,8.979410171508789
047_bag,put the bag on the tray,8,1,150,7.257,1788426481.9424489,00007_front_put_the_bag_on_the_tray.png,00007_wrist_put_the_bag_on_the_tray.png,recap.png,50,1,179,180,-10.197802197802197,2.32967032967033,27.824175824175825,70.24175824175825,-4.967032967032967,21.986301369863014,-3.353729248046875,-21.819236755371094,16.61884307861328,90.07943725585938,-4.684840202331543,8.8621244430542
047_bag,put the bag on the tray,8,1,150,7.257,1788426481.9424489,00007_front_put_the_bag_on_the_tray.png,00007_wrist_put_the_bag_on_the_tray.png,recap.png,50,2,180,181,-10.197802197802197,2.32967032967033,27.824175824175825,70.24175824175825,-4.967032967032967,21.986301369863014,-2.6419544219970703,-22.44853973388672,15.700477600097656,90.03605651855469,-4.301141262054443,9.05837631225586
047_bag,put the bag on the tray,8,1,150,7.257,1788426481.9424489,00007_front_put_the_bag_on_the_tray.png,00007_wrist_put_the_bag_on_the_tray.png,recap.png,50,3,181,182,-10.197802197802197,2.32967032967033,27.824175824175825,70.24175824175825,-4.967032967032967,21.986301369863014,-1.2487239837646484,-22.937904357910156,15.641082763671875,90.02195739746094,-3.6450300216674805,8.809737205505371
047_bag,put the bag on the tray,8,1,150,7.257,1788426481.9424489,00007_front_put_the_bag_on_the_tray.png,00007_wrist_put_the_bag_on_the_tray.png,recap.png,50,4,182,183,-10.197802197802197,2.32967032967033,27.824175824175825,70.24175824175825,-4.967032967032967,21.986301369863014,-0.06349945068359375,-23.197402954101562,15.698829650878906,89.66671752929688,-3.152090072631836,8.957906723022461
047_bag,put the bag on the tray,8,1,150,7.257,1788426481.9424489,00007_front_put_the_bag_on_the_tray.png,00007_wrist_put_the_bag_on_the_tray.png,recap.png,50,5,183,184,-10.197802197802197,2.32967032967033,27.824175824175825,70.24175824175825,-4.967032967032967,21.986301369863014,0.9489097595214844,-23.557899475097656,15.387115478515625,89.69184875488281,-2.56717586517334,8.980086326599121
047_bag,put the bag on the tray,8,1,150,7.257,1788426481.9424489,00007_front_put_the_bag_on_the_tray.png,00007_wrist_put_the_bag_on_the_tray.png,recap.png,50,6,184,185,-10.197802197802197,2.32967032967033,27.824175824175825,70.24175824175825,-4.967032967032967,21.986301369863014,2.0823440551757812,-24.147193908691406,15.651679992675781,89.330810546875,-2.1563072204589844,8.805379867553711
047_bag,put the bag on the tray,8,1,150,7.257,1788426481.9424489,00007_front_put_the_bag_on_the_tray.png,00007_wrist_put_the_bag_on_the_tray.png,recap.png,50,7,185,186,-10.197802197802197,2.32967032967033,27.824175824175825,70.24175824175825,-4.967032967032967,21.986301369863014,3.026355743408203,-24.755020141601562,15.552490234375,89.2029037475586,-1.9158496856689453,9.021973609924316
047_bag,put the bag on the tray,8,1,150,7.257,1788426481.9424489,00007_front_put_the_bag_on_the_tray.png,00007_wrist_put_the_bag_on_the_tray.png,recap.png,50,8,186,187,-10.197802197802197,2.32967032967033,27.824175824175825,70.24175824175825,-4.967032967032967,21.986301369863014,4.325992584228516,-23.876625061035156,15.125450134277344,88.97386932373047,-1.3976869583129883,8.817943572998047
047_bag,put the bag on the tray,8,1,150,7.257,1788426481.9424489,00007_front_put_the_bag_on_the_tray.png,00007_wrist_put_the_bag_on_the_tray.png,recap.png,50,9,187,188,-10.197802197802197,2.32967032967033,27.824175824175825,70.24175824175825,-4.967032967032967,21.986301369863014,5.367622375488281,-24.23126983642578,15.469100952148438,88.83548736572266,-1.091695785522461,8.696879386901855
047_bag,put the bag on the tray,8,1,150,7.257,1788426481.9424489,00007_front_put_the_bag_on_the_tray.png,00007_wrist_put_the_bag_on_the_tray.png,recap.png,50,10,188,189,-10.197802197802197,2.32967032967033,27.824175824175825,70.24175824175825,-4.967032967032967,21.986301369863014,6.2327728271484375,-24.902175903320312,15.1959228515625,88.49961853027344,-0.7637491226196289,8.866804122924805
047_bag,put the bag on the tray,8,1,150,7.257,1788426481.9424489,00007_front_put_the_bag_on_the_tray.png,00007_wrist_put_the_bag_on_the_tray.png,recap.png,50,11,189,190,-10.197802197802197,2.32967032967033,27.824175824175825,70.24175824175825,-4.967032967032967,21.986301369863014,7.141548156738281,-23.990219116210938,14.279685974121094,88.2171630859375,-0.3662567138671875,8.754924774169922
047_bag,put the bag on the tray,8,1,150,7.257,1788426481.9424489,00007_front_put_the_bag_on_the_tray.png,00007_wrist_put_the_bag_on_the_tray.png,recap.png,50,12,190,191,-10.197802197802197,2.32967032967033,27.824175824175825,70.24175824175825,-4.967032967032967,21.986301369863014,8.418952941894531,-24.577247619628906,14.307159423828125,88.01255798339844,0.0900125503540039,8.891369819641113
047_bag,put the bag on the tray,8,1,150,7.257,1788426481.9424489,00007_front_put_the_bag_on_the_tray.png,00007_wrist_put_the_bag_on_the_tray.png,recap.png,50,13,191,192,-10.197802197802197,2.32967032967033,27.824175824175825,70.24175824175825,-4.967032967032967,21.986301369863014,9.496410369873047,-23.852386474609375,13.893341064453125,87.6488037109375,0.2694387435913086,8.66342544555664
047_bag,put the bag on the tray,8,1,150,7.257,1788426481.9424489,00007_front_put_the_bag_on_the_tray.png,00007_wrist_put_the_bag_on_the_tray.png,recap.png,50,14,192,193,-10.197802197802197,2.32967032967033,27.824175824175825,70.24175824175825,-4.967032967032967,21.986301369863014,10.327133178710938,-23.959625244140625,13.818359375,87.3443603515625,0.49334716796875,8.843220710754395
047_bag,put the bag on the tray,8,1,150,7.257,1788426481.9424489,00007_front_put_the_bag_on_the_tray.png,00007_wrist_put_the_bag_on_the_tray.png,recap.png,50,15,193,194,-10.197802197802197,2.32967032967033,27.824175824175825,70.24175824175825,-4.967032967032967,21.986301369863014,11.71258544921875,-23.3094482421875,13.125411987304688,87.1540298461914,0.8766288757324219,8.894351959228516
047_bag,put the bag on the tray,8,1,150,7.257,1788426481.9424489,00007_front_put_the_bag_on_the_tray.png,00007_wrist_put_the_bag_on_the_tray.png,recap.png,50,16,194,195,-10.197802197802197,2.32967032967033,27.824175824175825,70.24175824175825,-4.967032967032967,21.986301369863014,12.825653076171875,-23.212539672851562,12.676986694335938,86.82443237304688,1.1131601333618164,8.769198417663574
047_bag,put the bag on the tray,8,1,150,7.257,1788426481.9424489,00007_front_put_the_bag_on_the_tray.png,00007_wrist_put_the_bag_on_the_tray.png,recap.png,50,17,195,196,-10.197802197802197,2.32967032967033,27.824175824175825,70.24175824175825,-4.967032967032967,21.986301369863014,13.891498565673828,-22.99944305419922,12.684867858886719,86.45331573486328,1.3217439651489258,8.673017501831055
047_bag,put the bag on the tray,8,1,150,7.257,1788426481.9424489,00007_front_put_the_bag_on_the_tray.png,00007_wrist_put_the_bag_on_the_tray.png,recap.png,50,18,196,197,-10.197802197802197,2.32967032967033,27.824175824175825,70.24175824175825,-4.967032967032967,21.986301369863014,14.687641143798828,-22.51599884033203,12.108230590820312,86.12525939941406,1.7538166046142578,8.878833770751953
047_bag,put the bag on the tray,8,1,150,7.257,1788426481.9424489,00007_front_put_the_bag_on_the_tray.png,00007_wrist_put_the_bag_on_the_tray.png,recap.png,50,19,197,198,-10.197802197802197,2.32967032967033,27.824175824175825,70.24175824175825,-4.967032967032967,21.986301369863014,15.72000503540039,-22.17864990234375,11.444633483886719,85.69355010986328,1.920694351196289,8.775217056274414
047_bag,put the bag on the tray,8,1,150,7.257,1788426481.9424489,00007_front_put_the_bag_on_the_tray.png,00007_wrist_put_the_bag_on_the_tray.png,recap.png,50,20,198,199,-10.197802197802197,2.32967032967033,27.824175824175825,70.24175824175825,-4.967032967032967,21.986301369863014,16.918437957763672,-22.003982543945312,11.311904907226562,85.00706481933594,2.2444334030151367,8.753118515014648
047_bag,put the bag on the tray,8,1,150,7.257,1788426481.9424489,00007_front_put_the_bag_on_the_tray.png,00007_wrist_put_the_bag_on_the_tray.png,recap.png,50,21,199,200,-10.197802197802197,2.32967032967033,27.824175824175825,70.24175824175825,-4.967032967032967,21.986301369863014,17.814430236816406,-20.96337127685547,11.118072509765625,84.34552001953125,2.4895057678222656,8.87760066986084
047_bag,put the bag on the tray,9,1,177,8.261,1788426482.946253,00008_front_put_the_bag_on_the_tray.png,00008_wrist_put_the_bag_on_the_tray.png,recap.png,50,0,200,201,-10.021978021978022,2.32967032967033,25.714285714285715,72.35164835164835,-4.7032967032967035,19.383561643835616,-4.942750930786133,-21.372238159179688,18.11957550048828,89.75621795654297,-4.286780834197998,7.596794128417969
047_bag,put the bag on the tray,9,1,177,8.261,1788426482.946253,00008_front_put_the_bag_on_the_tray.png,00008_wrist_put_the_bag_on_the_tray.png,recap.png,50,1,201,202,-10.021978021978022,2.32967032967033,25.714285714285715,72.35164835164835,-4.7032967032967035,19.383561643835616,-3.9671154022216797,-22.60638427734375,17.886634826660156,90.13241577148438,-4.091020584106445,7.55648136138916
047_bag,put the bag on the tray,9,1,177,8.261,1788426482.946253,00008_front_put_the_bag_on_the_tray.png,00008_wrist_put_the_bag_on_the_tray.png,recap.png,50,2,202,203,-10.021978021978022,2.32967032967033,25.714285714285715,72.35164835164835,-4.7032967032967035,19.383561643835616,-3.074922561645508,-22.785499572753906,16.628372192382812,90.23631286621094,-4.012764930725098,7.717299461364746
047_bag,put the bag on the tray,9,1,177,8.261,1788426482.946253,00008_front_put_the_bag_on_the_tray.png,00008_wrist_put_the_bag_on_the_tray.png,recap.png,50,3,203,204,-10.021978021978022,2.32967032967033,25.714285714285715,72.35164835164835,-4.7032967032967035,19.383561643835616,-2.106700897216797,-23.545379638671875,16.951622009277344,90.6373291015625,-3.5714550018310547,7.6328301429748535
047_bag,put the bag on the tray,9,1,177,8.261,1788426482.946253,00008_front_put_the_bag_on_the_tray.png,00008_wrist_put_the_bag_on_the_tray.png,recap.png,50,4,204,205,-10.021978021978022,2.32967032967033,25.714285714285715,72.35164835164835,-4.7032967032967035,19.383561643835616,-0.7759780883789062,-23.54236602783203,17.19281768798828,90.54959106445312,-3.2579517364501953,7.602643013000488
047_bag,put the bag on the tray,9,1,177,8.261,1788426482.946253,00008_front_put_the_bag_on_the_tray.png,00008_wrist_put_the_bag_on_the_tray.png,recap.png,50,5,205,206,-10.021978021978022,2.32967032967033,25.714285714285715,72.35164835164835,-4.7032967032967035,19.383561643835616,0.5281105041503906,-24.433258056640625,16.99011993408203,90.50117492675781,-2.5734968185424805,7.683426380157471
047_bag,put the bag on the tray,9,1,177,8.261,1788426482.946253,00008_front_put_the_bag_on_the_tray.png,00008_wrist_put_the_bag_on_the_tray.png,recap.png,50,6,206,207,-10.021978021978022,2.32967032967033,25.714285714285715,72.35164835164835,-4.7032967032967035,19.383561643835616,2.1381187438964844,-24.5623779296875,16.114700317382812,90.44058227539062,-2.1182479858398438,7.65416145324707
047_bag,put the bag on the tray,9,1,177,8.261,1788426482.946253,00008_front_put_the_bag_on_the_tray.png,00008_wrist_put_the_bag_on_the_tray.png,recap.png,50,7,207,208,-10.021978021978022,2.32967032967033,25.714285714285715,72.35164835164835,-4.7032967032967035,19.383561643835616,2.9708900451660156,-24.47338104248047,16.235397338867188,90.3282470703125,-1.6823711395263672,7.6932692527771
047_bag,put the bag on the tray,9,1,177,8.261,1788426482.946253,00008_front_put_the_bag_on_the_tray.png,00008_wrist_put_the_bag_on_the_tray.png,recap.png,50,8,208,209,-10.021978021978022,2.32967032967033,25.714285714285715,72.35164835164835,-4.7032967032967035,19.383561643835616,4.442676544189453,-24.065460205078125,15.733451843261719,90.16360473632812,-0.9487447738647461,7.687885284423828
047_bag,put the bag on the tray,9,1,177,8.261,1788426482.946253,00008_front_put_the_bag_on_the_tray.png,00008_wrist_put_the_bag_on_the_tray.png,recap.png,50,9,209,210,-10.021978021978022,2.32967032967033,25.714285714285715,72.35164835164835,-4.7032967032967035,19.383561643835616,5.865993499755859,-24.085426330566406,15.451385498046875,90.02459716796875,-0.28682422637939453,7.662957191467285
047_bag,put the bag on the tray,9,1,177,8.261,1788426482.946253,00008_front_put_the_bag_on_the_tray.png,00008_wrist_put_the_bag_on_the_tray.png,recap.png,50,10,210,211,-10.021978021978022,2.32967032967033,25.714285714285715,72.35164835164835,-4.7032967032967035,19.383561643835616,7.038227081298828,-24.151153564453125,14.844032287597656,89.6928939819336,0.17701435089111328,7.700392246246338
047_bag,put the bag on the tray,9,1,177,8.261,1788426482.946253,00008_front_put_the_bag_on_the_tray.png,00008_wrist_put_the_bag_on_the_tray.png,recap.png,50,11,211,212,-10.021978021978022,2.32967032967033,25.714285714285715,72.35164835164835,-4.7032967032967035,19.383561643835616,8.098201751708984,-24.779403686523438,14.518447875976562,89.56033325195312,0.8487653732299805,7.647680282592773
047_bag,put the bag on the tray,9,1,177,8.261,1788426482.946253,00008_front_put_the_bag_on_the_tray.png,00008_wrist_put_the_bag_on_the_tray.png,recap.png,50,12,212,213,-10.021978021978022,2.32967032967033,25.714285714285715,72.35164835164835,-4.7032967032967035,19.383561643835616,9.60595703125,-24.439552307128906,14.85345458984375,89.39828491210938,1.6011104583740234,7.701816558837891
047_bag,put the bag on the tray,9,1,177,8.261,1788426482.946253,00008_front_put_the_bag_on_the_tray.png,00008_wrist_put_the_bag_on_the_tray.png,recap.png,50,13,213,214,-10.021978021978022,2.32967032967033,25.714285714285715,72.35164835164835,-4.7032967032967035,19.383561643835616,10.786388397216797,-24.62640380859375,14.553642272949219,88.9371566772461,2.224013328552246,7.607652187347412
047_bag,put the bag on the tray,9,1,177,8.261,1788426482.946253,00008_front_put_the_bag_on_the_tray.png,00008_wrist_put_the_bag_on_the_tray.png,recap.png,50,14,214,215,-10.021978021978022,2.32967032967033,25.714285714285715,72.35164835164835,-4.7032967032967035,19.383561643835616,11.898025512695312,-24.12432861328125,14.743995666503906,88.31930541992188,2.623539924621582,7.665433883666992
047_bag,put the bag on the tray,9,1,177,8.261,1788426482.946253,00008_front_put_the_bag_on_the_tray.png,00008_wrist_put_the_bag_on_the_tray.png,recap.png,50,15,215,216,-10.021978021978022,2.32967032967033,25.714285714285715,72.35164835164835,-4.7032967032967035,19.383561643835616,13.06390380859375,-23.7392578125,14.577781677246094,87.81434631347656,3.1686763763427734,7.680673599243164
047_bag,put the bag on the tray,9,1,177,8.261,1788426482.946253,00008_front_put_the_bag_on_the_tray.png,00008_wrist_put_the_bag_on_the_tray.png,recap.png,50,16,216,217,-10.021978021978022,2.32967032967033,25.714285714285715,72.35164835164835,-4.7032967032967035,19.383561643835616,13.918758392333984,-23.79627227783203,14.958465576171875,87.20265197753906,3.6655988693237305,7.6439924240112305
047_bag,put the bag on the tray,9,1,177,8.261,1788426482.946253,00008_front_put_the_bag_on_the_tray.png,00008_wrist_put_the_bag_on_the_tray.png,recap.png,50,17,217,218,-10.021978021978022,2.32967032967033,25.714285714285715,72.35164835164835,-4.7032967032967035,19.383561643835616,14.943191528320312,-23.15178680419922,14.3011474609375,86.39924621582031,3.97723388671875,7.5334086418151855
047_bag,put the bag on the tray,9,1,177,8.261,1788426482.946253,00008_front_put_the_bag_on_the_tray.png,00008_wrist_put_the_bag_on_the_tray.png,recap.png,50,18,218,219,-10.021978021978022,2.32967032967033,25.714285714285715,72.35164835164835,-4.7032967032967035,19.383561643835616,15.853069305419922,-23.630691528320312,14.921394348144531,85.53750610351562,4.3846893310546875,7.530790328979492
047_bag,put the bag on the tray,9,1,177,8.261,1788426482.946253,00008_front_put_the_bag_on_the_tray.png,00008_wrist_put_the_bag_on_the_tray.png,recap.png,50,19,219,220,-10.021978021978022,2.32967032967033,25.714285714285715,72.35164835164835,-4.7032967032967035,19.383561643835616,16.840431213378906,-23.575637817382812,15.47845458984375,84.44805145263672,4.905820846557617,7.646642208099365
047_bag,put the bag on the tray,9,1,177,8.261,1788426482.946253,00008_front_put_the_bag_on_the_tray.png,00008_wrist_put_the_bag_on_the_tray.png,recap.png,50,20,220,221,-10.021978021978022,2.32967032967033,25.714285714285715,72.35164835164835,-4.7032967032967035,19.383561643835616,17.591407775878906,-22.694175720214844,15.517791748046875,83.35284423828125,5.414121627807617,7.62412691116333
047_bag,put the bag on the tray,9,1,177,8.261,1788426482.946253,00008_front_put_the_bag_on_the_tray.png,00008_wrist_put_the_bag_on_the_tray.png,recap.png,50,21,221,222,-10.021978021978022,2.32967032967033,25.714285714285715,72.35164835164835,-4.7032967032967035,19.383561643835616,18.5133056640625,-22.82159423828125,16.027603149414062,82.41090393066406,5.7904510498046875,7.720529556274414
047_bag,put the bag on the tray,9,1,177,8.261,1788426482.946253,00008_front_put_the_bag_on_the_tray.png,00008_wrist_put_the_bag_on_the_tray.png,recap.png,50,22,222,223,-10.021978021978022,2.32967032967033,25.714285714285715,72.35164835164835,-4.7032967032967035,19.383561643835616,19.163536071777344,-22.377716064453125,15.946731567382812,81.21793365478516,6.329179763793945,7.805118560791016
047_bag,put the bag on the tray,9,1,177,8.261,1788426482.946253,00008_front_put_the_bag_on_the_tray.png,00008_wrist_put_the_bag_on_the_tray.png,recap.png,50,23,223,224,-10.021978021978022,2.32967032967033,25.714285714285715,72.35164835164835,-4.7032967032967035,19.383561643835616,20.007747650146484,-21.17072296142578,16.249839782714844,80.35493469238281,6.410955429077148,7.56760311126709
047_bag,put the bag on the tray,9,1,177,8.261,1788426482.946253,00008_front_put_the_bag_on_the_tray.png,00008_wrist_put_the_bag_on_the_tray.png,recap.png,50,24,224,225,-10.021978021978022,2.32967032967033,25.714285714285715,72.35164835164835,-4.7032967032967035,19.383561643835616,20.508708953857422,-20.969078063964844,16.288177490234375,79.02760314941406,6.979654312133789,7.86044454574585
047_bag,put the bag on the tray,9,1,177,8.261,1788426482.946253,00008_front_put_the_bag_on_the_tray.png,00008_wrist_put_the_bag_on_the_tray.png,recap.png,50,25,225,226,-10.021978021978022,2.32967032967033,25.714285714285715,72.35164835164835,-4.7032967032967035,19.383561643835616,21.01163101196289,-20.515396118164062,16.27027130126953,78.13449096679688,7.148040771484375,7.9369282722473145
047_bag,put the bag on the tray,9,1,177,8.261,1788426482.946253,00008_front_put_the_bag_on_the_tray.png,00008_wrist_put_the_bag_on_the_tray.png,recap.png,50,26,226,227,-10.021978021978022,2.32967032967033,25.714285714285715,72.35164835164835,-4.7032967032967035,19.383561643835616,21.89316177368164,-19.201034545898438,15.160003662109375,77.36575317382812,7.5311431884765625,7.834992408752441
047_bag,put the bag on the tray,10,1,199,9.03,1788426483.7149315,00009_front_put_the_bag_on_the_tray.png,00009_wrist_put_the_bag_on_the_tray.png,recap.png,50,0,227,228,14.417582417582418,-20.615384615384617,16.307692307692307,87.47252747252747,1.3626373626373627,18.493150684931507,36.6889762878418,-6.58575439453125,8.611473083496094,67.76277160644531,10.653636932373047,7.947505950927734
047_bag,put the bag on the tray,10,1,199,9.03,1788426483.7149315,00009_front_put_the_bag_on_the_tray.png,00009_wrist_put_the_bag_on_the_tray.png,recap.png,50,1,228,229,14.417582417582418,-20.615384615384617,16.307692307692307,87.47252747252747,1.3626373626373627,18.493150684931507,37.189815521240234,-6.225944519042969,8.142662048339844,67.5173568725586,10.667488098144531,8.086448669433594
047_bag,put the bag on the tray,10,1,199,9.03,1788426483.7149315,00009_front_put_the_bag_on_the_tray.png,00009_wrist_put_the_bag_on_the_tray.png,recap.png,50,2,229,230,14.417582417582418,-20.615384615384617,16.307692307692307,87.47252747252747,1.3626373626373627,18.493150684931507,37.465389251708984,-4.307579040527344,7.808406829833984,67.43522644042969,10.686086654663086,8.120315551757812
047_bag,put the bag on the tray,10,1,199,9.03,1788426483.7149315,00009_front_put_the_bag_on_the_tray.png,00009_wrist_put_the_bag_on_the_tray.png,recap.png,50,3,230,231,14.417582417582418,-20.615384615384617,16.307692307692307,87.47252747252747,1.3626373626373627,18.493150684931507,37.71799850463867,-3.6687850952148438,7.459835052490234,67.43421936035156,10.825922012329102,7.7750139236450195
047_bag,put the bag on the tray,10,1,199,9.03,1788426483.7149315,00009_front_put_the_bag_on_the_tray.png,00009_wrist_put_the_bag_on_the_tray.png,recap.png,50,4,231,232,14.417582417582418,-20.615384615384617,16.307692307692307,87.47252747252747,1.3626373626373627,18.493150684931507,37.917293548583984,-3.0373611450195312,7.3988037109375,67.10392761230469,10.866403579711914,8.074662208557129
047_bag,put the bag on the tray,10,1,199,9.03,1788426483.7149315,00009_front_put_the_bag_on_the_tray.png,00009_wrist_put_the_bag_on_the_tray.png,recap.png,50,5,232,233,14.417582417582418,-20.615384615384617,16.307692307692307,87.47252747252747,1.3626373626373627,18.493150684931507,38.16109848022461,-1.8240966796875,6.9916534423828125,66.77542114257812,10.796022415161133,7.877080917358398
047_bag,put the bag on the tray,10,1,199,9.03,1788426483.7149315,00009_front_put_the_bag_on_the_tray.png,00009_wrist_put_the_bag_on_the_tray.png,recap.png,50,6,233,234,14.417582417582418,-20.615384615384617,16.307692307692307,87.47252747252747,1.3626373626373627,18.493150684931507,38.41215133666992,-0.49993896484375,5.940910339355469,66.79476928710938,10.875389099121094,8.090149879455566
047_bag,put the bag on the tray,10,1,199,9.03,1788426483.7149315,00009_front_put_the_bag_on_the_tray.png,00009_wrist_put_the_bag_on_the_tray.png,recap.png,50,7,234,235,14.417582417582418,-20.615384615384617,16.307692307692307,87.47252747252747,1.3626373626373627,18.493150684931507,38.855655670166016,0.34874725341796875,6.347476959228516,66.7139892578125,10.883214950561523,7.782354354858398
047_bag,put the bag on the tray,10,1,199,9.03,1788426483.7149315,00009_front_put_the_bag_on_the_tray.png,00009_wrist_put_the_bag_on_the_tray.png,recap.png,50,8,235,236,14.417582417582418,-20.615384615384617,16.307692307692307,87.47252747252747,1.3626373626373627,18.493150684931507,38.46383285522461,0.713775634765625,5.109077453613281,66.36154174804688,11.072866439819336,7.868103504180908
047_bag,put the bag on the tray,10,1,199,9.03,1788426483.7149315,00009_front_put_the_bag_on_the_tray.png,00009_wrist_put_the_bag_on_the_tray.png,recap.png,50,9,236,237,14.417582417582418,-20.615384615384617,16.307692307692307,87.47252747252747,1.3626373626373627,18.493150684931507,38.57638168334961,3.2559738159179688,4.517047882080078,66.34243774414062,10.896461486816406,7.6467390060424805
047_bag,put the bag on the tray,10,1,199,9.03,1788426483.7149315,00009_front_put_the_bag_on_the_tray.png,00009_wrist_put_the_bag_on_the_tray.png,recap.png,50,10,237,238,14.417582417582418,-20.615384615384617,16.307692307692307,87.47252747252747,1.3626373626373627,18.493150684931507,39.00516891479492,2.4606170654296875,4.42010498046875,66.23499298095703,11.057672500610352,7.863019943237305
047_bag,put the bag on the tray,10,1,199,9.03,1788426483.7149315,00009_front_put_the_bag_on_the_tray.png,00009_wrist_put_the_bag_on_the_tray.png,recap.png,50,11,238,239,14.417582417582418,-20.615384615384617,16.307692307692307,87.47252747252747,1.3626373626373627,18.493150684931507,39.29983901977539,3.3287429809570312,4.996437072753906,65.99627685546875,11.023405075073242,7.832870006561279
047_bag,put the bag on the tray,10,1,199,9.03,1788426483.7149315,00009_front_put_the_bag_on_the_tray.png,00009_wrist_put_the_bag_on_the_tray.png,recap.png,50,12,239,240,14.417582417582418,-20.615384615384617,16.307692307692307,87.47252747252747,1.3626373626373627,18.493150684931507,39.350093841552734,3.9881210327148438,4.265789031982422,65.94267272949219,11.191366195678711,7.708731174468994
047_bag,put the bag on the tray,10,1,199,9.03,1788426483.7149315,00009_front_put_the_bag_on_the_tray.png,00009_wrist_put_the_bag_on_the_tray.png,recap.png,50,13,240,241,14.417582417582418,-20.615384615384617,16.307692307692307,87.47252747252747,1.3626373626373627,18.493150684931507,39.28946304321289,4.828773498535156,3.481830596923828,65.90127563476562,10.895378112792969,7.915176868438721
047_bag,put the bag on the tray,10,1,199,9.03,1788426483.7149315,00009_front_put_the_bag_on_the_tray.png,00009_wrist_put_the_bag_on_the_tray.png,recap.png,50,14,241,242,14.417582417582418,-20.615384615384617,16.307692307692307,87.47252747252747,1.3626373626373627,18.493150684931507,39.67119216918945,5.7815093994140625,3.444591522216797,65.90730285644531,11.016485214233398,8.080920219421387
047_bag,put the bag on the tray,10,1,199,9.03,1788426483.7149315,00009_front_put_the_bag_on_the_tray.png,00009_wrist_put_the_bag_on_the_tray.png,recap.png,50,15,242,243,14.417582417582418,-20.615384615384617,16.307692307692307,87.47252747252747,1.3626373626373627,18.493150684931507,39.689395904541016,6.719810485839844,2.8725624084472656,65.84120178222656,10.925886154174805,8.990426063537598
047_bag,put the bag on the tray,10,1,199,9.03,1788426483.7149315,00009_front_put_the_bag_on_the_tray.png,00009_wrist_put_the_bag_on_the_tray.png,recap.png,50,16,243,244,14.417582417582418,-20.615384615384617,16.307692307692307,87.47252747252747,1.3626373626373627,18.493150684931507,39.90769577026367,6.89178466796875,2.2658653259277344,66.02732849121094,10.971334457397461,11.458992004394531
047_bag,put the bag on the tray,10,1,199,9.03,1788426483.7149315,00009_front_put_the_bag_on_the_tray.png,00009_wrist_put_the_bag_on_the_tray.png,recap.png,50,17,244,245,14.417582417582418,-20.615384615384617,16.307692307692307,87.47252747252747,1.3626373626373627,18.493150684931507,40.23031997680664,8.107040405273438,0.9921302795410156,66.22184753417969,10.75773811340332,15.559463500976562
047_bag,put the bag on the tray,10,1,199,9.03,1788426483.7149315,00009_front_put_the_bag_on_the_tray.png,00009_wrist_put_the_bag_on_the_tray.png,recap.png,50,18,245,246,14.417582417582418,-20.615384615384617,16.307692307692307,87.47252747252747,1.3626373626373627,18.493150684931507,40.21719741821289,9.130912780761719,1.4197120666503906,66.08892822265625,10.649568557739258,20.10651969909668
047_bag,put the bag on the tray,10,1,199,9.03,1788426483.7149315,00009_front_put_the_bag_on_the_tray.png,00009_wrist_put_the_bag_on_the_tray.png,recap.png,50,19,246,247,14.417582417582418,-20.615384615384617,16.307692307692307,87.47252747252747,1.3626373626373627,18.493150684931507,39.92306900024414,9.794105529785156,0.7273674011230469,66.52467346191406,10.323379516601562,24.602481842041016
047_bag,put the bag on the tray,10,1,199,9.03,1788426483.7149315,00009_front_put_the_bag_on_the_tray.png,00009_wrist_put_the_bag_on_the_tray.png,recap.png,50,20,247,248,14.417582417582418,-20.615384615384617,16.307692307692307,87.47252747252747,1.3626373626373627,18.493150684931507,40.02702713012695,8.8037109375,1.5278472900390625,67.04019165039062,9.867727279663086,27.856510162353516
047_bag,put the bag on the tray,10,1,199,9.03,1788426483.7149315,00009_front_put_the_bag_on_the_tray.png,00009_wrist_put_the_bag_on_the_tray.png,recap.png,50,21,248,249,14.417582417582418,-20.615384615384617,16.307692307692307,87.47252747252747,1.3626373626373627,18.493150684931507,39.9818000793457,9.209861755371094,1.2532730102539062,67.03158569335938,9.625162124633789,30.04735565185547
047_bag,put the bag on the tray,11,1,226,10.1,1788426484.7879293,00010_front_put_the_bag_on_the_tray.png,00010_wrist_put_the_bag_on_the_tray.png,recap.png,50,0,249,250,19.604395604395606,-20.263736263736263,18.24175824175824,81.67032967032966,6.197802197802198,18.493150684931507,36.50639724731445,-2.5279312133789062,3.4747161865234375,69.19474792480469,12.623563766479492,9.28630542755127
047_bag,put the bag on the tray,11,1,226,10.1,1788426484.7879293,00010_front_put_the_bag_on_the_tray.png,00010_wrist_put_the_bag_on_the_tray.png,recap.png,50,1,250,251,19.604395604395606,-20.263736263736263,18.24175824175824,81.67032967032966,6.197802197802198,18.493150684931507,36.62594985961914,-0.9213714599609375,2.669506072998047,69.08150482177734,12.715593338012695,9.29317855834961
047_bag,put the bag on the tray,11,1,226,10.1,1788426484.7879293,00010_front_put_the_bag_on_the_tray.png,00010_wrist_put_the_bag_on_the_tray.png,recap.png,50,2,251,252,19.604395604395606,-20.263736263736263,18.24175824175824,81.67032967032966,6.197802197802198,18.493150684931507,36.831851959228516,-0.5051727294921875,2.1538658142089844,68.75043487548828,13.067216873168945,9.318072319030762
047_bag,put the bag on the tray,11,1,226,10.1,1788426484.7879293,00010_front_put_the_bag_on_the_tray.png,00010_wrist_put_the_bag_on_the_tray.png,recap.png,50,3,252,253,19.604395604395606,-20.263736263736263,18.24175824175824,81.67032967032966,6.197802197802198,18.493150684931507,37.042537689208984,0.4184722900390625,2.6588783264160156,68.91159057617188,13.012380599975586,9.357646942138672
047_bag,put the bag on the tray,11,1,226,10.1,1788426484.7879293,00010_front_put_the_bag_on_the_tray.png,00010_wrist_put_the_bag_on_the_tray.png,recap.png,50,4,253,254,19.604395604395606,-20.263736263736263,18.24175824175824,81.67032967032966,6.197802197802198,18.493150684931507,36.9606819152832,1.5017242431640625,1.3249282836914062,68.43888092041016,13.122049331665039,9.327675819396973
047_bag,put the bag on the tray,11,1,226,10.1,1788426484.7879293,00010_front_put_the_bag_on_the_tray.png,00010_wrist_put_the_bag_on_the_tray.png,recap.png,50,5,254,255,19.604395604395606,-20.263736263736263,18.24175824175824,81.67032967032966,6.197802197802198,18.493150684931507,37.01267623901367,1.9459609985351562,1.3155441284179688,68.3024673461914,13.170459747314453,9.279180526733398
047_bag,put the bag on the tray,11,1,226,10.1,1788426484.7879293,00010_front_put_the_bag_on_the_tray.png,00010_wrist_put_the_bag_on_the_tray.png,recap.png,50,6,255,256,19.604395604395606,-20.263736263736263,18.24175824175824,81.67032967032966,6.197802197802198,18.493150684931507,37.11491775512695,2.9263381958007812,1.8336677551269531,68.06205749511719,13.259883880615234,9.365562438964844
047_bag,put the bag on the tray,11,1,226,10.1,1788426484.7879293,00010_front_put_the_bag_on_the_tray.png,00010_wrist_put_the_bag_on_the_tray.png,recap.png,50,7,256,257,19.604395604395606,-20.263736263736263,18.24175824175824,81.67032967032966,6.197802197802198,18.493150684931507,37.21102523803711,3.3075714111328125,1.3540840148925781,67.60279846191406,13.412942886352539,9.399599075317383
047_bag,put the bag on the tray,11,1,226,10.1,1788426484.7879293,00010_front_put_the_bag_on_the_tray.png,00010_wrist_put_the_bag_on_the_tray.png,recap.png,50,8,257,258,19.604395604395606,-20.263736263736263,18.24175824175824,81.67032967032966,6.197802197802198,18.493150684931507,37.11787796020508,3.9275894165039062,1.7040863037109375,67.54817199707031,13.447206497192383,9.46545696258545
047_bag,put the bag on the tray,11,1,226,10.1,1788426484.7879293,00010_front_put_the_bag_on_the_tray.png,00010_wrist_put_the_bag_on_the_tray.png,recap.png,50,9,258,259,19.604395604395606,-20.263736263736263,18.24175824175824,81.67032967032966,6.197802197802198,18.493150684931507,37.36410140991211,4.7371826171875,1.8234939575195312,67.09876251220703,13.43769645690918,9.31419563293457
047_bag,put the bag on the tray,11,1,226,10.1,1788426484.7879293,00010_front_put_the_bag_on_the_tray.png,00010_wrist_put_the_bag_on_the_tray.png,recap.png,50,10,259,260,19.604395604395606,-20.263736263736263,18.24175824175824,81.67032967032966,6.197802197802198,18.493150684931507,37.37763595581055,4.5305938720703125,1.2102127075195312,66.88728332519531,13.325918197631836,9.336353302001953
047_bag,put the bag on the tray,11,1,226,10.1,1788426484.7879293,00010_front_put_the_bag_on_the_tray.png,00010_wrist_put_the_bag_on_the_tray.png,recap.png,50,11,260,261,19.604395604395606,-20.263736263736263,18.24175824175824,81.67032967032966,6.197802197802198,18.493150684931507,37.199771881103516,6.273109436035156,1.0541763305664062,66.53604125976562,13.408649444580078,9.334153175354004
047_bag,put the bag on the tray,11,1,226,10.1,1788426484.7879293,00010_front_put_the_bag_on_the_tray.png,00010_wrist_put_the_bag_on_the_tray.png,recap.png,50,12,261,262,19.604395604395606,-20.263736263736263,18.24175824175824,81.67032967032966,6.197802197802198,18.493150684931507,37.607059478759766,6.928016662597656,1.8110504150390625,66.1583480834961,13.460016250610352,9.271437644958496
047_bag,put the bag on the tray,11,1,226,10.1,1788426484.7879293,00010_front_put_the_bag_on_the_tray.png,00010_wrist_put_the_bag_on_the_tray.png,recap.png,50,13,262,263,19.604395604395606,-20.263736263736263,18.24175824175824,81.67032967032966,6.197802197802198,18.493150684931507,37.779109954833984,6.9128570556640625,2.1342086791992188,65.60221099853516,13.252769470214844,9.258796691894531
047_bag,put the bag on the tray,11,1,226,10.1,1788426484.7879293,00010_front_put_the_bag_on_the_tray.png,00010_wrist_put_the_bag_on_the_tray.png,recap.png,50,14,263,264,19.604395604395606,-20.263736263736263,18.24175824175824,81.67032967032966,6.197802197802198,18.493150684931507,37.71250534057617,8.04644775390625,2.680248260498047,65.20803833007812,13.47027587890625,9.145125389099121
047_bag,put the bag on the tray,11,1,226,10.1,1788426484.7879293,00010_front_put_the_bag_on_the_tray.png,00010_wrist_put_the_bag_on_the_tray.png,recap.png,50,15,264,265,19.604395604395606,-20.263736263736263,18.24175824175824,81.67032967032966,6.197802197802198,18.493150684931507,37.95415115356445,7.7004241943359375,3.0206069946289062,64.9033203125,13.4224853515625,9.035013198852539
047_bag,put the bag on the tray,11,1,226,10.1,1788426484.7879293,00010_front_put_the_bag_on_the_tray.png,00010_wrist_put_the_bag_on_the_tray.png,recap.png,50,16,265,266,19.604395604395606,-20.263736263736263,18.24175824175824,81.67032967032966,6.197802197802198,18.493150684931507,37.80205154418945,8.809402465820312,1.8384780883789062,64.50804901123047,13.188955307006836,8.972301483154297
047_bag,put the bag on the tray,11,1,226,10.1,1788426484.7879293,00010_front_put_the_bag_on_the_tray.png,00010_wrist_put_the_bag_on_the_tray.png,recap.png,50,17,266,267,19.604395604395606,-20.263736263736263,18.24175824175824,81.67032967032966,6.197802197802198,18.493150684931507,37.80477523803711,9.293701171875,2.6727066040039062,64.20418548583984,13.332775115966797,9.199625015258789
047_bag,put the bag on the tray,11,1,226,10.1,1788426484.7879293,00010_front_put_the_bag_on_the_tray.png,00010_wrist_put_the_bag_on_the_tray.png,recap.png,50,18,267,268,19.604395604395606,-20.263736263736263,18.24175824175824,81.67032967032966,6.197802197802198,18.493150684931507,38.21207809448242,8.870559692382812,2.436443328857422,64.1566162109375,13.117019653320312,9.529383659362793
047_bag,put the bag on the tray,11,1,226,10.1,1788426484.7879293,00010_front_put_the_bag_on_the_tray.png,00010_wrist_put_the_bag_on_the_tray.png,recap.png,50,19,268,269,19.604395604395606,-20.263736263736263,18.24175824175824,81.67032967032966,6.197802197802198,18.493150684931507,37.90530776977539,9.358108520507812,2.433734893798828,63.93370819091797,13.229799270629883,10.023080825805664
047_bag,put the bag on the tray,11,1,226,10.1,1788426484.7879293,00010_front_put_the_bag_on_the_tray.png,00010_wrist_put_the_bag_on_the_tray.png,recap.png,50,20,269,270,19.604395604395606,-20.263736263736263,18.24175824175824,81.67032967032966,6.197802197802198,18.493150684931507,38.01234817504883,9.905670166015625,2.528667449951172,63.49629211425781,13.23448371887207,11.25319766998291
047_bag,put the bag on the tray,11,1,226,10.1,1788426484.7879293,00010_front_put_the_bag_on_the_tray.png,00010_wrist_put_the_bag_on_the_tray.png,recap.png,50,21,270,271,19.604395604395606,-20.263736263736263,18.24175824175824,81.67032967032966,6.197802197802198,18.493150684931507,38.24459457397461,10.011024475097656,2.4244346618652344,63.56058120727539,13.122270584106445,13.492691993713379
047_bag,put the bag on the tray,11,1,226,10.1,1788426484.7879293,00010_front_put_the_bag_on_the_tray.png,00010_wrist_put_the_bag_on_the_tray.png,recap.png,50,22,271,272,19.604395604395606,-20.263736263736263,18.24175824175824,81.67032967032966,6.197802197802198,18.493150684931507,37.98286819458008,10.243324279785156,1.8761978149414062,63.433074951171875,13.091772079467773,15.978582382202148
047_bag,put the bag on the tray,11,1,226,10.1,1788426484.7879293,00010_front_put_the_bag_on_the_tray.png,00010_wrist_put_the_bag_on_the_tray.png,recap.png,50,23,272,273,19.604395604395606,-20.263736263736263,18.24175824175824,81.67032967032966,6.197802197802198,18.493150684931507,38.08463668823242,10.315696716308594,1.577056884765625,63.3626594543457,13.04024887084961,18.960662841796875
047_bag,put the bag on the tray,11,1,226,10.1,1788426484.7879293,00010_front_put_the_bag_on_the_tray.png,00010_wrist_put_the_bag_on_the_tray.png,recap.png,50,24,273,274,19.604395604395606,-20.263736263736263,18.24175824175824,81.67032967032966,6.197802197802198,18.493150684931507,37.56386947631836,10.787666320800781,1.5592460632324219,63.576045989990234,13.030956268310547,21.62879753112793
047_bag,put the bag on the tray,12,1,248,10.836,1788426485.5203056,00011_front_put_the_bag_on_the_tray.png,00011_wrist_put_the_bag_on_the_tray.png,recap.png,50,0,274,275,39.120879120879124,10.505494505494505,5.318681318681318,67.25274725274726,10.593406593406593,21.3013698630137,31.68977928161621,-1.3362042903900146,-3.4166526794433594,82.44446563720703,11.04722785949707,33.138282775878906
047_bag,put the bag on the tray,12,1,248,10.836,1788426485.5203056,00011_front_put_the_bag_on_the_tray.png,00011_wrist_put_the_bag_on_the_tray.png,recap.png,50,1,275,276,39.120879120879124,10.505494505494505,5.318681318681318,67.25274725274726,10.593406593406593,21.3013698630137,30.928131103515625,-2.6442160606384277,-3.1506705284118652,82.97791290283203,10.860955238342285,33.85688781738281
047_bag,put the bag on the tray,12,1,248,10.836,1788426485.5203056,00011_front_put_the_bag_on_the_tray.png,00011_wrist_put_the_bag_on_the_tray.png,recap.png,50,2,276,277,39.120879120879124,10.505494505494505,5.318681318681318,67.25274725274726,10.593406593406593,21.3013698630137,26.64315414428711,-9.355453491210938,-6.049663543701172,91.79136657714844,9.956428527832031,37.49761199951172
047_bag,put the bag on the tray,12,1,248,10.836,1788426485.5203056,00011_front_put_the_bag_on_the_tray.png,00011_wrist_put_the_bag_on_the_tray.png,recap.png,50,3,277,278,39.120879120879124,10.505494505494505,5.318681318681318,67.25274725274726,10.593406593406593,21.3013698630137,25.357467651367188,-11.258583068847656,-5.1158447265625,92.00861358642578,9.783788681030273,37.62961196899414
047_bag,put the bag on the tray,12,1,248,10.836,1788426485.5203056,00011_front_put_the_bag_on_the_tray.png,00011_wrist_put_the_bag_on_the_tray.png,recap.png,50,4,278,279,39.120879120879124,10.505494505494505,5.318681318681318,67.25274725274726,10.593406593406593,21.3013698630137,24.196617126464844,-12.866630554199219,-4.415702819824219,92.4704818725586,9.655256271362305,37.53590393066406
047_bag,put the bag on the tray,12,1,248,10.836,1788426485.5203056,00011_front_put_the_bag_on_the_tray.png,00011_wrist_put_the_bag_on_the_tray.png,recap.png,50,5,279,280,39.120879120879124,10.505494505494505,5.318681318681318,67.25274725274726,10.593406593406593,21.3013698630137,22.830184936523438,-14.547218322753906,-3.825031280517578,92.81236267089844,9.643062591552734,37.14387512207031
047_bag,put the bag on the tray,12,1,248,10.836,1788426485.5203056,00011_front_put_the_bag_on_the_tray.png,00011_wrist_put_the_bag_on_the_tray.png,recap.png,50,6,280,281,39.120879120879124,10.505494505494505,5.318681318681318,67.25274725274726,10.593406593406593,21.3013698630137,21.92452621459961,-16.350265502929688,-3.0487899780273438,93.19081115722656,9.618663787841797,35.94660949707031
047_bag,put the bag on the tray,12,1,248,10.836,1788426485.5203056,00011_front_put_the_bag_on_the_tray.png,00011_wrist_put_the_bag_on_the_tray.png,recap.png,50,7,281,282,39.120879120879124,10.505494505494505,5.318681318681318,67.25274725274726,10.593406593406593,21.3013698630137,20.964832305908203,-18.694747924804688,-1.8180007934570312,93.39824676513672,9.676630020141602,33.723976135253906
047_bag,put the bag on the tray,12,1,248,10.836,1788426485.5203056,00011_front_put_the_bag_on_the_tray.png,00011_wrist_put_the_bag_on_the_tray.png,recap.png,50,8,282,283,39.120879120879124,10.505494505494505,5.318681318681318,67.25274725274726,10.593406593406593,21.3013698630137,19.962818145751953,-20.629989624023438,-1.233978271484375,93.25924682617188,9.611682891845703,30.53006935119629
047_bag,put the bag on the tray,12,1,248,10.836,1788426485.5203056,00011_front_put_the_bag_on_the_tray.png,00011_wrist_put_the_bag_on_the_tray.png,recap.png,50,9,283,284,39.120879120879124,10.505494505494505,5.318681318681318,67.25274725274726,10.593406593406593,21.3013698630137,18.797866821289062,-22.236732482910156,0.24327468872070312,93.22237396240234,9.681516647338867,26.68157196044922
047_bag,put the bag on the tray,12,1,248,10.836,1788426485.5203056,00011_front_put_the_bag_on_the_tray.png,00011_wrist_put_the_bag_on_the_tray.png,recap.png,50,10,284,285,39.120879120879124,10.505494505494505,5.318681318681318,67.25274725274726,10.593406593406593,21.3013698630137,17.89969253540039,-25.17180633544922,1.976470947265625,92.69119262695312,9.65463638305664,22.22227668762207
047_bag,put the bag on the tray,12,1,248,10.836,1788426485.5203056,00011_front_put_the_bag_on_the_tray.png,00011_wrist_put_the_bag_on_the_tray.png,recap.png,50,11,285,286,39.120879120879124,10.505494505494505,5.318681318681318,67.25274725274726,10.593406593406593,21.3013698630137,16.87310791015625,-27.397911071777344,3.9685935974121094,92.3800277709961,9.918069839477539,17.759763717651367
047_bag,put the bag on the tray,12,1,248,10.836,1788426485.5203056,00011_front_put_the_bag_on_the_tray.png,00011_wrist_put_the_bag_on_the_tray.png,recap.png,50,12,286,287,39.120879120879124,10.505494505494505,5.318681318681318,67.25274725274726,10.593406593406593,21.3013698630137,15.607887268066406,-29.402381896972656,6.493812561035156,92.13968658447266,10.071199417114258,13.412368774414062
047_bag,put the bag on the tray,12,1,248,10.836,1788426485.5203056,00011_front_put_the_bag_on_the_tray.png,00011_wrist_put_the_bag_on_the_tray.png,recap.png,50,13,287,288,39.120879120879124,10.505494505494505,5.318681318681318,67.25274725274726,10.593406593406593,21.3013698630137,15.158981323242188,-31.815933227539062,8.569625854492188,91.78729248046875,10.124177932739258,9.62005615234375
047_bag,put the bag on the tray,12,1,248,10.836,1788426485.5203056,00011_front_put_the_bag_on_the_tray.png,00011_wrist_put_the_bag_on_the_tray.png,recap.png,50,14,288,289,39.120879120879124,10.505494505494505,5.318681318681318,67.25274725274726,10.593406593406593,21.3013698630137,14.138259887695312,-34.09595489501953,8.708221435546875,91.10819244384766,10.185808181762695,6.424320697784424
047_bag,put the bag on the tray,12,1,248,10.836,1788426485.5203056,00011_front_put_the_bag_on_the_tray.png,00011_wrist_put_the_bag_on_the_tray.png,recap.png,50,15,289,290,39.120879120879124,10.505494505494505,5.318681318681318,67.25274725274726,10.593406593406593,21.3013698630137,13.242294311523438,-36.71234893798828,11.33966064453125,90.6906509399414,10.407291412353516,3.7680788040161133
047_bag,put the bag on the tray,12,1,248,10.836,1788426485.5203056,00011_front_put_the_bag_on_the_tray.png,00011_wrist_put_the_bag_on_the_tray.png,recap.png,50,16,290,291,39.120879120879124,10.505494505494505,5.318681318681318,67.25274725274726,10.593406593406593,21.3013698630137,12.373348236083984,-39.334434509277344,14.031158447265625,90.06214904785156,10.166297912597656,2.4621195793151855
047_bag,put the bag on the tray,12,1,248,10.836,1788426485.5203056,00011_front_put_the_bag_on_the_tray.png,00011_wrist_put_the_bag_on_the_tray.png,recap.png,50,17,291,292,39.120879120879124,10.505494505494505,5.318681318681318,67.25274725274726,10.593406593406593,21.3013698630137,11.518531799316406,-41.770328521728516,15.936073303222656,89.26202392578125,10.063066482543945,1.4281232357025146
047_bag,put the bag on the tray,12,1,248,10.836,1788426485.5203056,00011_front_put_the_bag_on_the_tray.png,00011_wrist_put_the_bag_on_the_tray.png,recap.png,50,18,292,293,39.120879120879124,10.505494505494505,5.318681318681318,67.25274725274726,10.593406593406593,21.3013698630137,11.065692901611328,-43.88962936401367,18.18762969970703,88.71444702148438,9.841329574584961,1.322033405303955
047_bag,put the bag on the tray,12,1,248,10.836,1788426485.5203056,00011_front_put_the_bag_on_the_tray.png,00011_wrist_put_the_bag_on_the_tray.png,recap.png,50,19,293,294,39.120879120879124,10.505494505494505,5.318681318681318,67.25274725274726,10.593406593406593,21.3013698630137,10.519550323486328,-46.157623291015625,20.228302001953125,88.16351318359375,9.570755004882812,1.089426040649414
047_bag,put the bag on the tray,12,1,248,10.836,1788426485.5203056,00011_front_put_the_bag_on_the_tray.png,00011_wrist_put_the_bag_on_the_tray.png,recap.png,50,20,294,295,39.120879120879124,10.505494505494505,5.318681318681318,67.25274725274726,10.593406593406593,21.3013698630137,9.863037109375,-48.702362060546875,22.742950439453125,87.55976104736328,9.207742691040039,0.9712138175964355
047_bag,put the bag on the tray,12,1,248,10.836,1788426485.5203056,00011_front_put_the_bag_on_the_tray.png,00011_wrist_put_the_bag_on_the_tray.png,recap.png,50,21,295,296,39.120879120879124,10.505494505494505,5.318681318681318,67.25274725274726,10.593406593406593,21.3013698630137,9.509830474853516,-51.14754867553711,24.820892333984375,87.06631469726562,8.492897033691406,1.1983447074890137
047_bag,put the bag on the tray,12,1,248,10.836,1788426485.5203056,00011_front_put_the_bag_on_the_tray.png,00011_wrist_put_the_bag_on_the_tray.png,recap.png,50,22,296,297,39.120879120879124,10.505494505494505,5.318681318681318,67.25274725274726,10.593406593406593,21.3013698630137,9.224021911621094,-53.36612319946289,26.9453125,86.42045593261719,7.779802322387695,1.2462143898010254
047_bag,put the bag on the tray,12,1,248,10.836,1788426485.5203056,00011_front_put_the_bag_on_the_tray.png,00011_wrist_put_the_bag_on_the_tray.png,recap.png,50,23,297,298,39.120879120879124,10.505494505494505,5.318681318681318,67.25274725274726,10.593406593406593,21.3013698630137,9.174739837646484,-55.8626823425293,29.255813598632812,85.81599426269531,7.102519989013672,1.2631587982177734
047_bag,put the bag on the tray,13,0,273,11.874,1788426486.5654986,00012_front_put_the_bag_on_the_tray.png,00012_wrist_put_the_bag_on_the_tray.png,recap.png,50,0,298,299,37.62637362637363,9.538461538461538,3.120879120879121,65.23076923076923,13.054945054945055,15.342465753424658,33.0023078918457,-1.8011474609375,1.00933837890625,76.2240219116211,13.871448516845703,29.50833511352539
047_bag,put the bag on the tray,13,0,273,11.874,1788426486.5654986,00012_front_put_the_bag_on_the_tray.png,00012_wrist_put_the_bag_on_the_tray.png,recap.png,50,1,299,300,37.62637362637363,9.538461538461538,3.120879120879121,65.23076923076923,13.054945054945055,15.342465753424658,32.2488899230957,-3.1427154541015625,0.2992401123046875,77.94068908691406,13.887319564819336,29.545120239257812
047_bag,put the bag on the tray,13,0,273,11.874,1788426486.5654986,00012_front_put_the_bag_on_the_tray.png,00012_wrist_put_the_bag_on_the_tray.png,recap.png,50,2,300,301,37.62637362637363,9.538461538461538,3.120879120879121,65.23076923076923,13.054945054945055,15.342465753424658,31.413185119628906,-4.936698913574219,-0.7230262756347656,79.54566955566406,13.903411865234375,29.82616424560547
047_bag,put the bag on the tray,13,0,273,11.874,1788426486.5654986,00012_front_put_the_bag_on_the_tray.png,00012_wrist_put_the_bag_on_the_tray.png,recap.png,50,3,301,302,37.62637362637363,9.538461538461538,3.120879120879121,65.23076923076923,13.054945054945055,15.342465753424658,30.404193878173828,-6.820182800292969,-1.7235488891601562,81.45806121826172,13.669086456298828,29.834604263305664
047_bag,put the bag on the tray,13,0,273,11.874,1788426486.5654986,00012_front_put_the_bag_on_the_tray.png,00012_wrist_put_the_bag_on_the_tray.png,recap.png,50,4,302,303,37.62637362637363,9.538461538461538,3.120879120879121,65.23076923076923,13.054945054945055,15.342465753424658,29.534725189208984,-8.093170166015625,-2.3839378356933594,83.59388732910156,13.569086074829102,30.001985549926758
047_bag,put the bag on the tray,13,0,273,11.874,1788426486.5654986,00012_front_put_the_bag_on_the_tray.png,00012_wrist_put_the_bag_on_the_tray.png,recap.png,50,5,303,304,37.62637362637363,9.538461538461538,3.120879120879121,65.23076923076923,13.054945054945055,15.342465753424658,28.37329864501953,-9.795463562011719,-3.271556854248047,85.42135620117188,13.476444244384766,30.13872528076172
047_bag,put the bag on the tray,13,0,273,11.874,1788426486.5654986,00012_front_put_the_bag_on_the_tray.png,00012_wrist_put_the_bag_on_the_tray.png,recap.png,50,6,304,305,37.62637362637363,9.538461538461538,3.120879120879121,65.23076923076923,13.054945054945055,15.342465753424658,27.20415496826172,-11.904670715332031,-3.5048561096191406,87.1395263671875,13.266838073730469,30.25878143310547
047_bag,put the bag on the tray,13,0,273,11.874,1788426486.5654986,00012_front_put_the_bag_on_the_tray.png,00012_wrist_put_the_bag_on_the_tray.png,recap.png,50,7,305,306,37.62637362637363,9.538461538461538,3.120879120879121,65.23076923076923,13.054945054945055,15.342465753424658,26.33929443359375,-13.429542541503906,-4.141155242919922,88.86483001708984,13.059709548950195,30.47015953063965
047_bag,put the bag on the tray,13,0,273,11.874,1788426486.5654986,00012_front_put_the_bag_on_the_tray.png,00012_wrist_put_the_bag_on_the_tray.png,recap.png,50,8,306,307,37.62637362637363,9.538461538461538,3.120879120879121,65.23076923076923,13.054945054945055,15.342465753424658,25.478206634521484,-14.870223999023438,-4.792686462402344,90.24235534667969,12.723640441894531,30.712594985961914
047_bag,put the bag on the tray,13,0,273,11.874,1788426486.5654986,00012_front_put_the_bag_on_the_tray.png,00012_wrist_put_the_bag_on_the_tray.png,recap.png,50,9,307,308,37.62637362637363,9.538461538461538,3.120879120879121,65.23076923076923,13.054945054945055,15.342465753424658,24.225326538085938,-16.6343994140625,-4.5940093994140625,91.08892059326172,12.3603515625,30.694900512695312
047_bag,put the bag on the tray,13,0,273,11.874,1788426486.5654986,00012_front_put_the_bag_on_the_tray.png,00012_wrist_put_the_bag_on_the_tray.png,recap.png,50,10,308,309,37.62637362637363,9.538461538461538,3.120879120879121,65.23076923076923,13.054945054945055,15.342465753424658,22.880615234375,-18.826400756835938,-3.9487876892089844,92.0377426147461,12.01799201965332,30.465877532958984
047_bag,put the bag on the tray,13,0,273,11.874,1788426486.5654986,00012_front_put_the_bag_on_the_tray.png,00012_wrist_put_the_bag_on_the_tray.png,recap.png,50,11,309,310,37.62637362637363,9.538461538461538,3.120879120879121,65.23076923076923,13.054945054945055,15.342465753424658,22.151634216308594,-20.284576416015625,-3.544330596923828,92.55725860595703,11.719144821166992,29.374046325683594
047_bag,put the bag on the tray,13,0,273,11.874,1788426486.5654986,00012_front_put_the_bag_on_the_tray.png,00012_wrist_put_the_bag_on_the_tray.png,recap.png,50,12,310,311,37.62637362637363,9.538461538461538,3.120879120879121,65.23076923076923,13.054945054945055,15.342465753424658,21.15894317626953,-22.19854736328125,-2.6889724731445312,92.89004516601562,11.39255142211914,26.89542579650879
047_bag,put the bag on the tray,13,0,273,11.874,1788426486.5654986,00012_front_put_the_bag_on_the_tray.png,00012_wrist_put_the_bag_on_the_tray.png,recap.png,50,13,311,312,37.62637362637363,9.538461538461538,3.120879120879121,65.23076923076923,13.054945054945055,15.342465753424658,19.988204956054688,-24.300209045410156,-1.0501365661621094,93.06802368164062,11.149591445922852,23.235126495361328
047_bag,put the bag on the tray,13,0,273,11.874,1788426486.5654986,00012_front_put_the_bag_on_the_tray.png,00012_wrist_put_the_bag_on_the_tray.png,recap.png,50,14,312,313,37.62637362637363,9.538461538461538,3.120879120879121,65.23076923076923,13.054945054945055,15.342465753424658,18.955242156982422,-25.776329040527344,0.9782485961914062,92.85318756103516,10.947643280029297,19.02039909362793
047_bag,put the bag on the tray,13,0,273,11.874,1788426486.5654986,00012_front_put_the_bag_on_the_tray.png,00012_wrist_put_the_bag_on_the_tray.png,recap.png,50,15,313,314,37.62637362637363,9.538461538461538,3.120879120879121,65.23076923076923,13.054945054945055,15.342465753424658,17.61813735961914,-27.70404815673828,2.9489707946777344,92.71133422851562,10.985662460327148,15.33823299407959
047_bag,put the bag on the tray,13,0,273,11.874,1788426486.5654986,00012_front_put_the_bag_on_the_tray.png,00012_wrist_put_the_bag_on_the_tray.png,recap.png,50,16,314,315,37.62637362637363,9.538461538461538,3.120879120879121,65.23076923076923,13.054945054945055,15.342465753424658,16.389347076416016,-29.549217224121094,5.262626647949219,92.18121337890625,10.986194610595703,11.853574752807617
047_bag,put the bag on the tray,13,0,273,11.874,1788426486.5654986,00012_front_put_the_bag_on_the_tray.png,00012_wrist_put_the_bag_on_the_tray.png,recap.png,50,17,315,316,37.62637362637363,9.538461538461538,3.120879120879121,65.23076923076923,13.054945054945055,15.342465753424658,15.20267105102539,-31.53350830078125,7.239532470703125,91.75552368164062,10.986808776855469,8.857074737548828
047_bag,put the bag on the tray,13,0,273,11.874,1788426486.5654986,00012_front_put_the_bag_on_the_tray.png,00012_wrist_put_the_bag_on_the_tray.png,recap.png,50,18,316,317,37.62637362637363,9.538461538461538,3.120879120879121,65.23076923076923,13.054945054945055,15.342465753424658,14.496501922607422,-33.54258728027344,9.345100402832031,90.97667694091797,10.890134811401367,6.757637977600098
047_bag,put the bag on the tray,13,0,273,11.874,1788426486.5654986,00012_front_put_the_bag_on_the_tray.png,00012_wrist_put_the_bag_on_the_tray.png,recap.png,50,19,317,318,37.62637362637363,9.538461538461538,3.120879120879121,65.23076923076923,13.054945054945055,15.342465753424658,13.177566528320312,-35.492759704589844,12.6004638671875,90.53473663330078,10.60971450805664,5.134600639343262
047_bag,put the bag on the tray,13,0,273,11.874,1788426486.5654986,00012_front_put_the_bag_on_the_tray.png,00012_wrist_put_the_bag_on_the_tray.png,recap.png,50,20,318,319,37.62637362637363,9.538461538461538,3.120879120879121,65.23076923076923,13.054945054945055,15.342465753424658,12.280555725097656,-37.95618438720703,15.224411010742188,89.96746826171875,10.480287551879883,4.260541915893555
047_bag,put the bag on the tray,13,0,273,11.874,1788426486.5654986,00012_front_put_the_bag_on_the_tray.png,00012_wrist_put_the_bag_on_the_tray.png,recap.png,50,21,319,320,37.62637362637363,9.538461538461538,3.120879120879121,65.23076923076923,13.054945054945055,15.342465753424658,11.058372497558594,-41.000328063964844,18.37506103515625,89.42306518554688,10.037050247192383,3.687735080718994
047_bag,put the bag on the tray,13,0,273,11.874,1788426486.5654986,00012_front_put_the_bag_on_the_tray.png,00012_wrist_put_the_bag_on_the_tray.png,recap.png,50,22,320,321,37.62637362637363,9.538461538461538,3.120879120879121,65.23076923076923,13.054945054945055,15.342465753424658,10.480735778808594,-43.498722076416016,21.417373657226562,88.4656753540039,9.485177993774414,3.525165557861328
047_bag,put the bag on the tray,13,0,273,11.874,1788426486.5654986,00012_front_put_the_bag_on_the_tray.png,00012_wrist_put_the_bag_on_the_tray.png,recap.png,50,23,321,322,37.62637362637363,9.538461538461538,3.120879120879121,65.23076923076923,13.054945054945055,15.342465753424658,9.56103515625,-46.220802307128906,24.252342224121094,87.44672393798828,9.147346496582031,3.3852038383483887
047_bag,put the bag on the tray,13,0,273,11.874,1788426486.5654986,00012_front_put_the_bag_on_the_tray.png,00012_wrist_put_the_bag_on_the_tray.png,recap.png,50,24,322,323,37.62637362637363,9.538461538461538,3.120879120879121,65.23076923076923,13.054945054945055,15.342465753424658,8.9097900390625,-49.19812774658203,27.01673126220703,86.36500549316406,8.740854263305664,3.0957188606262207
047_bag,put the bag on the tray,14,1,297,12.676,1788426487.3614256,00013_front_put_the_bag_on_the_tray.png,00013_wrist_put_the_bag_on_the_tray.png,recap.png,50,0,323,324,10.10989010989011,-47.252747252747255,22.98901098901099,88.43956043956044,9.274725274725276,1.7808219178082192,-0.43653106689453125,-92.59548950195312,74.01033020019531,74.43539428710938,-2.3762664794921875,0.7864072322845459
047_bag,put the bag on the tray,14,1,297,12.676,1788426487.3614256,00013_front_put_the_bag_on_the_tray.png,00013_wrist_put_the_bag_on_the_tray.png,recap.png,50,1,324,325,10.10989010989011,-47.252747252747255,22.98901098901099,88.43956043956044,9.274725274725276,1.7808219178082192,-1.1439189910888672,-93.83319091796875,74.78994750976562,74.34178161621094,-2.2121686935424805,0.5557862520217896
047_bag,put the bag on the tray,14,1,297,12.676,1788426487.3614256,00013_front_put_the_bag_on_the_tray.png,00013_wrist_put_the_bag_on_the_tray.png,recap.png,50,2,325,326,10.10989010989011,-47.252747252747255,22.98901098901099,88.43956043956044,9.274725274725276,1.7808219178082192,-1.7940750122070312,-94.80500030517578,75.75227355957031,74.42894744873047,-1.9616174697875977,0.5443065762519836
047_bag,put the bag on the tray,14,1,297,12.676,1788426487.3614256,00013_front_put_the_bag_on_the_tray.png,00013_wrist_put_the_bag_on_the_tray.png,recap.png,50,3,326,327,10.10989010989011,-47.252747252747255,22.98901098901099,88.43956043956044,9.274725274725276,1.7808219178082192,-2.3503246307373047,-96.12325286865234,76.57647705078125,74.42152404785156,-1.7134008407592773,0.4919503629207611
047_bag,put the bag on the tray,14,1,297,12.676,1788426487.3614256,00013_front_put_the_bag_on_the_tray.png,00013_wrist_put_the_bag_on_the_tray.png,recap.png,50,4,327,328,10.10989010989011,-47.252747252747255,22.98901098901099,88.43956043956044,9.274725274725276,1.7808219178082192,-2.3501033782958984,-96.89756774902344,77.35812377929688,74.42219543457031,-1.8184585571289062,0.27702251076698303
047_bag,put the bag on the tray,14,1,297,12.676,1788426487.3614256,00013_front_put_the_bag_on_the_tray.png,00013_wrist_put_the_bag_on_the_tray.png,recap.png,50,5,328,329,10.10989010989011,-47.252747252747255,22.98901098901099,88.43956043956044,9.274725274725276,1.7808219178082192,-2.4564247131347656,-98.82747650146484,77.84732055664062,74.452880859375,-1.7849836349487305,0.23109757900238037
047_bag,put the bag on the tray,14,1,297,12.676,1788426487.3614256,00013_front_put_the_bag_on_the_tray.png,00013_wrist_put_the_bag_on_the_tray.png,recap.png,50,6,329,330,10.10989010989011,-47.252747252747255,22.98901098901099,88.43956043956044,9.274725274725276,1.7808219178082192,-2.1659927368164062,-99.60153198242188,78.51473999023438,74.4630126953125,-1.8031978607177734,0.3978487253189087
047_bag,put the bag on the tray,14,1,297,12.676,1788426487.3614256,00013_front_put_the_bag_on_the_tray.png,00013_wrist_put_the_bag_on_the_tray.png,recap.png,50,7,330,331,10.10989010989011,-47.252747252747255,22.98901098901099,88.43956043956044,9.274725274725276,1.7808219178082192,-2.429830551147461,-100.18402862548828,78.47291564941406,74.70376586914062,-1.6603879928588867,0.3520395755767822
047_bag,put the bag on the tray,14,1,297,12.676,1788426487.3614256,00013_front_put_the_bag_on_the_tray.png,00013_wrist_put_the_bag_on_the_tray.png,recap.png,50,8,331,332,10.10989010989011,-47.252747252747255,22.98901098901099,88.43956043956044,9.274725274725276,1.7808219178082192,-2.249774932861328,-100.8900146484375,79.5733642578125,74.4645004272461,-1.7059974670410156,0.574721097946167
047_bag,put the bag on the tray,14,1,297,12.676,1788426487.3614256,00013_front_put_the_bag_on_the_tray.png,00013_wrist_put_the_bag_on_the_tray.png,recap.png,50,9,332,333,10.10989010989011,-47.252747252747255,22.98901098901099,88.43956043956044,9.274725274725276,1.7808219178082192,-2.1077499389648438,-102.45170593261719,80.16102600097656,74.57762145996094,-1.7181739807128906,0.4312223196029663
047_bag,put the bag on the tray,14,1,297,12.676,1788426487.3614256,00013_front_put_the_bag_on_the_tray.png,00013_wrist_put_the_bag_on_the_tray.png,recap.png,50,10,333,334,10.10989010989011,-47.252747252747255,22.98901098901099,88.43956043956044,9.274725274725276,1.7808219178082192,-2.5760650634765625,-103.42080688476562,81.39643859863281,74.59419250488281,-1.4432373046875,0.31684648990631104
047_bag,put the bag on the tray,14,1,297,12.676,1788426487.3614256,00013_front_put_the_bag_on_the_tray.png,00013_wrist_put_the_bag_on_the_tray.png,recap.png,50,11,334,335,10.10989010989011,-47.252747252747255,22.98901098901099,88.43956043956044,9.274725274725276,1.7808219178082192,-2.657552719116211,-103.81932830810547,82.26528930664062,74.68182373046875,-1.4311981201171875,0.5123190879821777
047_bag,put the bag on the tray,14,1,297,12.676,1788426487.3614256,00013_front_put_the_bag_on_the_tray.png,00013_wrist_put_the_bag_on_the_tray.png,recap.png,50,12,335,336,10.10989010989011,-47.252747252747255,22.98901098901099,88.43956043956044,9.274725274725276,1.7808219178082192,-2.4578399658203125,-104.50274658203125,83.13375854492188,74.67813110351562,-1.333329200744629,0.41501614451408386
047_bag,put the bag on the tray,14,1,297,12.676,1788426487.3614256,00013_front_put_the_bag_on_the_tray.png,00013_wrist_put_the_bag_on_the_tray.png,recap.png,50,13,336,337,10.10989010989011,-47.252747252747255,22.98901098901099,88.43956043956044,9.274725274725276,1.7808219178082192,-2.6519432067871094,-105.2349624633789,84.1458740234375,74.82206726074219,-1.220163345336914,0.6283486485481262
047_bag,put the bag on the tray,14,1,297,12.676,1788426487.3614256,00013_front_put_the_bag_on_the_tray.png,00013_wrist_put_the_bag_on_the_tray.png,recap.png,50,14,337,338,10.10989010989011,-47.252747252747255,22.98901098901099,88.43956043956044,9.274725274725276,1.7808219178082192,-2.9257049560546875,-105.58072662353516,83.89990234375,74.5196762084961,-1.1855449676513672,0.4119964838027954
047_bag,put the bag on the tray,14,1,297,12.676,1788426487.3614256,00013_front_put_the_bag_on_the_tray.png,00013_wrist_put_the_bag_on_the_tray.png,recap.png,50,15,338,339,10.10989010989011,-47.252747252747255,22.98901098901099,88.43956043956044,9.274725274725276,1.7808219178082192,-3.1689376831054688,-105.92951965332031,85.29708862304688,74.80374145507812,-1.2704277038574219,0.44221019744873047
047_bag,put the bag on the tray,14,1,297,12.676,1788426487.3614256,00013_front_put_the_bag_on_the_tray.png,00013_wrist_put_the_bag_on_the_tray.png,recap.png,50,16,339,340,10.10989010989011,-47.252747252747255,22.98901098901099,88.43956043956044,9.274725274725276,1.7808219178082192,-3.2317733764648438,-105.14655303955078,86.09170532226562,74.91289520263672,-1.2796974182128906,0.4804505407810211
047_bag,put the bag on the tray,14,1,297,12.676,1788426487.3614256,00013_front_put_the_bag_on_the_tray.png,00013_wrist_put_the_bag_on_the_tray.png,recap.png,50,17,340,341,10.10989010989011,-47.252747252747255,22.98901098901099,88.43956043956044,9.274725274725276,1.7808219178082192,-3.6783199310302734,-105.95696258544922,86.15911865234375,74.7215347290039,-1.2078561782836914,0.5328842997550964
047_bag,put the bag on the tray,14,1,297,12.676,1788426487.3614256,00013_front_put_the_bag_on_the_tray.png,00013_wrist_put_the_bag_on_the_tray.png,recap.png,50,18,341,342,10.10989010989011,-47.252747252747255,22.98901098901099,88.43956043956044,9.274725274725276,1.7808219178082192,-3.6983280181884766,-105.4849624633789,86.29116821289062,75.13732147216797,-1.1582231521606445,0.468132883310318
047_bag,put the bag on the tray,14,1,297,12.676,1788426487.3614256,00013_front_put_the_bag_on_the_tray.png,00013_wrist_put_the_bag_on_the_tray.png,recap.png,50,19,342,343,10.10989010989011,-47.252747252747255,22.98901098901099,88.43956043956044,9.274725274725276,1.7808219178082192,-3.9251155853271484,-104.90998077392578,86.59632873535156,75.22615051269531,-1.1754827499389648,0.43024942278862
047_bag,put the bag on the tray,14,1,297,12.676,1788426487.3614256,00013_front_put_the_bag_on_the_tray.png,00013_wrist_put_the_bag_on_the_tray.png,recap.png,50,20,343,344,10.10989010989011,-47.252747252747255,22.98901098901099,88.43956043956044,9.274725274725276,1.7808219178082192,-3.9473190307617188,-104.85529327392578,87.40902709960938,75.75410461425781,-1.0088281631469727,0.513073205947876
047_bag,put the bag on the tray,14,1,297,12.676,1788426487.3614256,00013_front_put_the_bag_on_the_tray.png,00013_wrist_put_the_bag_on_the_tray.png,recap.png,50,21,344,345,10.10989010989011,-47.252747252747255,22.98901098901099,88.43956043956044,9.274725274725276,1.7808219178082192,-3.9618988037109375,-104.316162109375,87.25480651855469,75.8344955444336,-1.0425100326538086,0.5328640937805176
047_bag,put the bag on the tray,14,1,297,12.676,1788426487.3614256,00013_front_put_the_bag_on_the_tray.png,00013_wrist_put_the_bag_on_the_tray.png,recap.png,50,22,345,346,10.10989010989011,-47.252747252747255,22.98901098901099,88.43956043956044,9.274725274725276,1.7808219178082192,-3.8525333404541016,-104.19857788085938,87.05595397949219,76.28693389892578,-0.9034700393676758,0.6294735074043274
047_bag,put the bag on the tray,14,1,297,12.676,1788426487.3614256,00013_front_put_the_bag_on_the_tray.png,00013_wrist_put_the_bag_on_the_tray.png,recap.png,50,23,346,347,10.10989010989011,-47.252747252747255,22.98901098901099,88.43956043956044,9.274725274725276,1.7808219178082192,-3.911661148071289,-104.40048217773438,87.41728210449219,76.57609558105469,-0.9494037628173828,0.5823812484741211
047_bag,put the bag on the tray,15,1,322,13.579,1788426488.2644598,00014_front_put_the_bag_on_the_tray.png,00014_wrist_put_the_bag_on_the_tray.png,recap.png,50,0,347,348,11.428571428571429,-39.07692307692308,18.417582417582416,89.84615384615384,10.065934065934066,4.863013698630137,0.7202491760253906,-88.37997436523438,70.13970947265625,72.46537780761719,-3.875133514404297,1.1577930450439453
047_bag,put the bag on the tray,15,1,322,13.579,1788426488.2644598,00014_front_put_the_bag_on_the_tray.png,00014_wrist_put_the_bag_on_the_tray.png,recap.png,50,1,348,349,11.428571428571429,-39.07692307692308,18.417582417582416,89.84615384615384,10.065934065934066,4.863013698630137,0.5842514038085938,-89.58710479736328,71.20892333984375,72.60516357421875,-3.927732467651367,1.3024485111236572
047_bag,put the bag on the tray,15,1,322,13.579,1788426488.2644598,00014_front_put_the_bag_on_the_tray.png,00014_wrist_put_the_bag_on_the_tray.png,recap.png,50,2,349,350,11.428571428571429,-39.07692307692308,18.417582417582416,89.84615384615384,10.065934065934066,4.863013698630137,0.5854759216308594,-91.42384338378906,72.49797058105469,72.67607879638672,-3.824826240539551,1.4280297756195068
047_bag,put the bag on the tray,15,1,322,13.579,1788426488.2644598,00014_front_put_the_bag_on_the_tray.png,00014_wrist_put_the_bag_on_the_tray.png,recap.png,50,3,350,351,11.428571428571429,-39.07692307692308,18.417582417582416,89.84615384615384,10.065934065934066,4.863013698630137,0.14282989501953125,-92.30338287353516,73.82994079589844,72.43665313720703,-3.7169504165649414,1.3884034156799316
047_bag,put the bag on the tray,15,1,322,13.579,1788426488.2644598,00014_front_put_the_bag_on_the_tray.png,00014_wrist_put_the_bag_on_the_tray.png,recap.png,50,4,351,352,11.428571428571429,-39.07692307692308,18.417582417582416,89.84615384615384,10.065934065934066,4.863013698630137,0.041408538818359375,-94.30317687988281,75.98971557617188,72.59391784667969,-3.6464242935180664,1.1617791652679443
047_bag,put the bag on the tray,15,1,322,13.579,1788426488.2644598,00014_front_put_the_bag_on_the_tray.png,00014_wrist_put_the_bag_on_the_tray.png,recap.png,50,5,352,353,11.428571428571429,-39.07692307692308,18.417582417582416,89.84615384615384,10.065934065934066,4.863013698630137,-0.133514404296875,-95.70597839355469,76.87142944335938,72.54981994628906,-3.6590576171875,1.2717854976654053
047_bag,put the bag on the tray,15,1,322,13.579,1788426488.2644598,00014_front_put_the_bag_on_the_tray.png,00014_wrist_put_the_bag_on_the_tray.png,recap.png,50,6,353,354,11.428571428571429,-39.07692307692308,18.417582417582416,89.84615384615384,10.065934065934066,4.863013698630137,-0.449005126953125,-97.56510925292969,77.3377685546875,72.57011413574219,-3.5632429122924805,1.3339686393737793
047_bag,put the bag on the tray,15,1,322,13.579,1788426488.2644598,00014_front_put_the_bag_on_the_tray.png,00014_wrist_put_the_bag_on_the_tray.png,recap.png,50,7,354,355,11.428571428571429,-39.07692307692308,18.417582417582416,89.84615384615384,10.065934065934066,4.863013698630137,-0.653076171875,-99.11538696289062,80.13270568847656,72.89152526855469,-3.6672019958496094,1.2193410396575928
047_bag,put the bag on the tray,15,1,322,13.579,1788426488.2644598,00014_front_put_the_bag_on_the_tray.png,00014_wrist_put_the_bag_on_the_tray.png,recap.png,50,8,355,356,11.428571428571429,-39.07692307692308,18.417582417582416,89.84615384615384,10.065934065934066,4.863013698630137,-1.1424198150634766,-100.58712005615234,80.79023742675781,73.07146453857422,-3.6090822219848633,1.1738357543945312
047_bag,put the bag on the tray,15,1,322,13.579,1788426488.2644598,00014_front_put_the_bag_on_the_tray.png,00014_wrist_put_the_bag_on_the_tray.png,recap.png,50,9,356,357,11.428571428571429,-39.07692307692308,18.417582417582416,89.84615384615384,10.065934065934066,4.863013698630137,-1.0938358306884766,-102.7464599609375,81.51828002929688,72.94407653808594,-3.3044328689575195,1.1766481399536133
047_bag,put the bag on the tray,15,1,322,13.579,1788426488.2644598,00014_front_put_the_bag_on_the_tray.png,00014_wrist_put_the_bag_on_the_tray.png,recap.png,50,10,357,358,11.428571428571429,-39.07692307692308,18.417582417582416,89.84615384615384,10.065934065934066,4.863013698630137,-1.4238395690917969,-103.28766632080078,83.52040100097656,73.26786041259766,-3.0053281784057617,1.2531957626342773
047_bag,put the bag on the tray,15,1,322,13.579,1788426488.2644598,00014_front_put_the_bag_on_the_tray.png,00014_wrist_put_the_bag_on_the_tray.png,recap.png,50,11,358,359,11.428571428571429,-39.07692307692308,18.417582417582416,89.84615384615384,10.065934065934066,4.863013698630137,-1.4407615661621094,-104.97677612304688,83.947021484375,73.58906555175781,-2.8439207077026367,1.1013646125793457
047_bag,put the bag on the tray,15,1,322,13.579,1788426488.2644598,00014_front_put_the_bag_on_the_tray.png,00014_wrist_put_the_bag_on_the_tray.png,recap.png,50,12,359,360,11.428571428571429,-39.07692307692308,18.417582417582416,89.84615384615384,10.065934065934066,4.863013698630137,-1.379446029663086,-105.45962524414062,84.94705200195312,73.93830871582031,-2.861636161804199,1.2580211162567139
047_bag,put the bag on the tray,15,1,322,13.579,1788426488.2644598,00014_front_put_the_bag_on_the_tray.png,00014_wrist_put_the_bag_on_the_tray.png,recap.png,50,13,360,361,11.428571428571429,-39.07692307692308,18.417582417582416,89.84615384615384,10.065934065934066,4.863013698630137,-1.6447639465332031,-106.38270568847656,86.14564514160156,74.20668029785156,-2.865546226501465,1.3634228706359863
047_bag,put the bag on the tray,15,1,322,13.579,1788426488.2644598,00014_front_put_the_bag_on_the_tray.png,00014_wrist_put_the_bag_on_the_tray.png,recap.png,50,14,361,362,11.428571428571429,-39.07692307692308,18.417582417582416,89.84615384615384,10.065934065934066,4.863013698630137,-1.7379417419433594,-106.33222198486328,86.58938598632812,74.92381286621094,-2.688412666320801,1.1331682205200195
047_bag,put the bag on the tray,15,1,322,13.579,1788426488.2644598,00014_front_put_the_bag_on_the_tray.png,00014_wrist_put_the_bag_on_the_tray.png,recap.png,50,15,362,363,11.428571428571429,-39.07692307692308,18.417582417582416,89.84615384615384,10.065934065934066,4.863013698630137,-1.471811294555664,-106.82951354980469,86.13966369628906,75.42941284179688,-2.2500991821289062,1.0906645059585571
047_bag,put the bag on the tray,15,1,322,13.579,1788426488.2644598,00014_front_put_the_bag_on_the_tray.png,00014_wrist_put_the_bag_on_the_tray.png,recap.png,50,16,363,364,11.428571428571429,-39.07692307692308,18.417582417582416,89.84615384615384,10.065934065934066,4.863013698630137,-1.8473682403564453,-105.64994812011719,86.75627136230469,76.39199829101562,-1.6896095275878906,1.1842350959777832
047_bag,put the bag on the tray,15,1,322,13.579,1788426488.2644598,00014_front_put_the_bag_on_the_tray.png,00014_wrist_put_the_bag_on_the_tray.png,recap.png,50,17,364,365,11.428571428571429,-39.07692307692308,18.417582417582416,89.84615384615384,10.065934065934066,4.863013698630137,-2.079904556274414,-105.83452606201172,87.46469116210938,76.90104675292969,-0.8973855972290039,1.243809700012207
047_bag,put the bag on the tray,15,1,322,13.579,1788426488.2644598,00014_front_put_the_bag_on_the_tray.png,00014_wrist_put_the_bag_on_the_tray.png,recap.png,50,18,365,366,11.428571428571429,-39.07692307692308,18.417582417582416,89.84615384615384,10.065934065934066,4.863013698630137,-1.8331432342529297,-105.91881561279297,87.48609924316406,77.40287780761719,-0.29273509979248047,1.1055843830108643
047_bag,put the bag on the tray,15,1,322,13.579,1788426488.2644598,00014_front_put_the_bag_on_the_tray.png,00014_wrist_put_the_bag_on_the_tray.png,recap.png,50,19,366,367,11.428571428571429,-39.07692307692308,18.417582417582416,89.84615384615384,10.065934065934066,4.863013698630137,-1.8056774139404297,-105.71047973632812,87.68165588378906,77.55756378173828,-0.26000118255615234,1.2959799766540527
047_bag,put the bag on the tray,15,1,322,13.579,1788426488.2644598,00014_front_put_the_bag_on_the_tray.png,00014_wrist_put_the_bag_on_the_tray.png,recap.png,50,20,367,368,11.428571428571429,-39.07692307692308,18.417582417582416,89.84615384615384,10.065934065934066,4.863013698630137,-1.6808013916015625,-106.19171142578125,88.29454040527344,77.47396087646484,-0.07642745971679688,1.1710517406463623
047_bag,put the bag on the tray,15,1,322,13.579,1788426488.2644598,00014_front_put_the_bag_on_the_tray.png,00014_wrist_put_the_bag_on_the_tray.png,recap.png,50,21,368,369,11.428571428571429,-39.07692307692308,18.417582417582416,89.84615384615384,10.065934065934066,4.863013698630137,-1.7941913604736328,-105.62378692626953,87.73612976074219,77.95468139648438,-0.3267374038696289,1.0971627235412598
047_bag,put the bag on the tray,15,1,322,13.579,1788426488.2644598,00014_front_put_the_bag_on_the_tray.png,00014_wrist_put_the_bag_on_the_tray.png,recap.png,50,22,369,370,11.428571428571429,-39.07692307692308,18.417582417582416,89.84615384615384,10.065934065934066,4.863013698630137,-2.0845680236816406,-105.62281036376953,87.94577026367188,77.55089569091797,-0.43985652923583984,1.1590919494628906
047_bag,put the bag on the tray,15,1,322,13.579,1788426488.2644598,00014_front_put_the_bag_on_the_tray.png,00014_wrist_put_the_bag_on_the_tray.png,recap.png,50,23,370,371,11.428571428571429,-39.07692307692308,18.417582417582416,89.84615384615384,10.065934065934066,4.863013698630137,-2.54217529296875,-105.42848205566406,88.62159729003906,77.45023345947266,-0.6547479629516602,1.1253011226654053
047_bag,put the bag on the tray,15,1,322,13.579,1788426488.2644598,00014_front_put_the_bag_on_the_tray.png,00014_wrist_put_the_bag_on_the_tray.png,recap.png,50,24,371,372,11.428571428571429,-39.07692307692308,18.417582417582416,89.84615384615384,10.065934065934066,4.863013698630137,-2.952394485473633,-105.61004638671875,88.11111450195312,77.42817687988281,-0.9716949462890625,1.02541184425354
047_bag,put the bag on the tray,16,1,346,14.415,1788426489.0997329,00015_front_put_the_bag_on_the_tray.png,00015_wrist_put_the_bag_on_the_tray.png,recap.png,50,0,372,373,-3.78021978021978,-102.28571428571429,87.16483516483517,75.25274725274726,-1.2747252747252746,0.3424657534246575,-3.0514488220214844,-101.21015930175781,88.81890869140625,77.68840789794922,-1.3924369812011719,0.01880064606666565
047_bag,put the bag on the tray,16,1,346,14.415,1788426489.0997329,00015_front_put_the_bag_on_the_tray.png,00015_wrist_put_the_bag_on_the_tray.png,recap.png,50,1,373,374,-3.78021978021978,-102.28571428571429,87.16483516483517,75.25274725274726,-1.2747252747252746,0.3424657534246575,-3.061708450317383,-101.53596496582031,88.780517578125,77.58843231201172,-1.3380098342895508,0.08116119354963303
047_bag,put the bag on the tray,16,1,346,14.415,1788426489.0997329,00015_front_put_the_bag_on_the_tray.png,00015_wrist_put_the_bag_on_the_tray.png,recap.png,50,2,374,375,-3.78021978021978,-102.28571428571429,87.16483516483517,75.25274725274726,-1.2747252747252746,0.3424657534246575,-3.060171127319336,-101.30245971679688,88.7720947265625,77.76513671875,-1.2798748016357422,0.06561778485774994
047_bag,put the bag on the tray,16,1,346,14.415,1788426489.0997329,00015_front_put_the_bag_on_the_tray.png,00015_wrist_put_the_bag_on_the_tray.png,recap.png,50,3,375,376,-3.78021978021978,-102.28571428571429,87.16483516483517,75.25274725274726,-1.2747252747252746,0.3424657534246575,-2.9415111541748047,-101.95648193359375,88.84828186035156,77.96295928955078,-1.3886337280273438,0.05275098606944084
047_bag,put the bag on the tray,16,1,346,14.415,1788426489.0997329,00015_front_put_the_bag_on_the_tray.png,00015_wrist_put_the_bag_on_the_tray.png,recap.png,50,4,376,377,-3.78021978021978,-102.28571428571429,87.16483516483517,75.25274725274726,-1.2747252747252746,0.3424657534246575,-3.0406494140625,-101.81858825683594,88.85301208496094,77.72977447509766,-1.3234357833862305,0.05392996594309807
047_bag,put the bag on the tray,16,1,346,14.415,1788426489.0997329,00015_front_put_the_bag_on_the_tray.png,00015_wrist_put_the_bag_on_the_tray.png,recap.png,50,5,377,378,-3.78021978021978,-102.28571428571429,87.16483516483517,75.25274725274726,-1.2747252747252746,0.3424657534246575,-2.8498764038085938,-101.78535461425781,89.41940307617188,77.65153503417969,-1.3074102401733398,0.09135138988494873
047_bag,put the bag on the tray,16,1,346,14.415,1788426489.0997329,00015_front_put_the_bag_on_the_tray.png,00015_wrist_put_the_bag_on_the_tray.png,recap.png,50,6,378,379,-3.78021978021978,-102.28571428571429,87.16483516483517,75.25274725274726,-1.2747252747252746,0.3424657534246575,-3.1004791259765625,-101.38441467285156,88.39045715332031,77.62626647949219,-1.2783803939819336,0.00488656759262085
047_bag,put the bag on the tray,16,1,346,14.415,1788426489.0997329,00015_front_put_the_bag_on_the_tray.png,00015_wrist_put_the_bag_on_the_tray.png,recap.png,50,7,379,380,-3.78021978021978,-102.28571428571429,87.16483516483517,75.25274725274726,-1.2747252747252746,0.3424657534246575,-2.965452194213867,-101.52783203125,89.04180908203125,77.71146392822266,-1.3168067932128906,0.11554595082998276
047_bag,put the bag on the tray,16,1,346,14.415,1788426489.0997329,00015_front_put_the_bag_on_the_tray.png,00015_wrist_put_the_bag_on_the_tray.png,recap.png,50,8,380,381,-3.78021978021978,-102.28571428571429,87.16483516483517,75.25274725274726,-1.2747252747252746,0.3424657534246575,-2.973186492919922,-101.2566146850586,89.04611206054688,77.66260528564453,-1.2835865020751953,-0.042109012603759766
047_bag,put the bag on the tray,16,1,346,14.415,1788426489.0997329,00015_front_put_the_bag_on_the_tray.png,00015_wrist_put_the_bag_on_the_tray.png,recap.png,50,9,381,382,-3.78021978021978,-102.28571428571429,87.16483516483517,75.25274725274726,-1.2747252747252746,0.3424657534246575,-3.024639129638672,-101.54035949707031,89.35514831542969,77.79403686523438,-1.366537094116211,0.011527083814144135
047_bag,put the bag on the tray,16,1,346,14.415,1788426489.0997329,00015_front_put_the_bag_on_the_tray.png,00015_wrist_put_the_bag_on_the_tray.png,recap.png,50,10,382,383,-3.78021978021978,-102.28571428571429,87.16483516483517,75.25274725274726,-1.2747252747252746,0.3424657534246575,-3.039417266845703,-101.45189666748047,88.02919006347656,77.63670349121094,-1.2395505905151367,-0.05014732480049133
047_bag,put the bag on the tray,16,1,346,14.415,1788426489.0997329,00015_front_put_the_bag_on_the_tray.png,00015_wrist_put_the_bag_on_the_tray.png,recap.png,50,11,383,384,-3.78021978021978,-102.28571428571429,87.16483516483517,75.25274725274726,-1.2747252747252746,0.3424657534246575,-3.0773239135742188,-101.33619689941406,89.18522644042969,77.76866912841797,-1.3344087600708008,0.14041179418563843
047_bag,put the bag on the tray,16,1,346,14.415,1788426489.0997329,00015_front_put_the_bag_on_the_tray.png,00015_wrist_put_the_bag_on_the_tray.png,recap.png,50,12,384,385,-3.78021978021978,-102.28571428571429,87.16483516483517,75.25274725274726,-1.2747252747252746,0.3424657534246575,-2.8956527709960938,-101.57715606689453,88.70512390136719,77.76151275634766,-1.3162870407104492,0.08027111738920212
047_bag,put the bag on the tray,16,1,346,14.415,1788426489.0997329,00015_front_put_the_bag_on_the_tray.png,00015_wrist_put_the_bag_on_the_tray.png,recap.png,50,13,385,386,-3.78021978021978,-102.28571428571429,87.16483516483517,75.25274725274726,-1.2747252747252746,0.3424657534246575,-2.995504379272461,-101.52122497558594,88.93121337890625,77.80636596679688,-1.3268651962280273,-0.0479019433259964
047_bag,put the bag on the tray,16,1,346,14.415,1788426489.0997329,00015_front_put_the_bag_on_the_tray.png,00015_wrist_put_the_bag_on_the_tray.png,recap.png,50,14,386,387,-3.78021978021978,-102.28571428571429,87.16483516483517,75.25274725274726,-1.2747252747252746,0.3424657534246575,-2.956514358520508,-101.52458190917969,88.57975769042969,77.5918197631836,-1.3015317916870117,0.047072768211364746
047_bag,put the bag on the tray,16,1,346,14.415,1788426489.0997329,00015_front_put_the_bag_on_the_tray.png,00015_wrist_put_the_bag_on_the_tray.png,recap.png,50,15,387,388,-3.78021978021978,-102.28571428571429,87.16483516483517,75.25274725274726,-1.2747252747252746,0.3424657534246575,-2.8637542724609375,-102.02850341796875,88.53749084472656,77.72157287597656,-1.3783378601074219,0.032260119915008545
047_bag,put the bag on the tray,16,1,346,14.415,1788426489.0997329,00015_front_put_the_bag_on_the_tray.png,00015_wrist_put_the_bag_on_the_tray.png,recap.png,50,16,388,389,-3.78021978021978,-102.28571428571429,87.16483516483517,75.25274725274726,-1.2747252747252746,0.3424657534246575,-2.9512481689453125,-101.59536743164062,88.87477111816406,77.78690338134766,-1.3840951919555664,0.0887364000082016
047_bag,put the bag on the tray,16,1,346,14.415,1788426489.0997329,00015_front_put_the_bag_on_the_tray.png,00015_wrist_put_the_bag_on_the_tray.png,recap.png,50,17,389,390,-3.78021978021978,-102.28571428571429,87.16483516483517,75.25274725274726,-1.2747252747252746,0.3424657534246575,-2.994081497192383,-101.47298431396484,88.8458251953125,77.73433685302734,-1.2885150909423828,0.09807050973176956
047_bag,put the bag on the tray,16,1,346,14.415,1788426489.0997329,00015_front_put_the_bag_on_the_tray.png,00015_wrist_put_the_bag_on_the_tray.png,recap.png,50,18,390,391,-3.78021978021978,-102.28571428571429,87.16483516483517,75.25274725274726,-1.2747252747252746,0.3424657534246575,-2.923168182373047,-102.09356689453125,88.73564147949219,77.69468688964844,-1.3987665176391602,0.10458569973707199
047_bag,put the bag on the tray,16,1,346,14.415,1788426489.0997329,00015_front_put_the_bag_on_the_tray.png,00015_wrist_put_the_bag_on_the_tray.png,recap.png,50,19,391,392,-3.78021978021978,-102.28571428571429,87.16483516483517,75.25274725274726,-1.2747252747252746,0.3424657534246575,-3.0537281036376953,-101.9280776977539,88.77470397949219,77.7313003540039,-1.3119964599609375,-0.08082838356494904
047_bag,put the bag on the tray,16,1,346,14.415,1788426489.0997329,00015_front_put_the_bag_on_the_tray.png,00015_wrist_put_the_bag_on_the_tray.png,recap.png,50,20,392,393,-3.78021978021978,-102.28571428571429,87.16483516483517,75.25274725274726,-1.2747252747252746,0.3424657534246575,-2.972553253173828,-101.24362182617188,88.25552368164062,77.65691375732422,-1.3013248443603516,-0.006452873349189758
047_bag,put the bag on the tray,16,1,346,14.415,1788426489.0997329,00015_front_put_the_bag_on_the_tray.png,00015_wrist_put_the_bag_on_the_tray.png,recap.png,50,21,393,394,-3.78021978021978,-102.28571428571429,87.16483516483517,75.25274725274726,-1.2747252747252746,0.3424657534246575,-2.9556446075439453,-101.28030395507812,88.94566345214844,77.96724700927734,-1.3110265731811523,-0.0573507696390152
047_bag,put the bag on the tray,16,1,346,14.415,1788426489.0997329,00015_front_put_the_bag_on_the_tray.png,00015_wrist_put_the_bag_on_the_tray.png,recap.png,50,22,394,395,-3.78021978021978,-102.28571428571429,87.16483516483517,75.25274725274726,-1.2747252747252746,0.3424657534246575,-2.7354068756103516,-101.59208679199219,89.41331481933594,77.76687622070312,-1.3603763580322266,-0.007115647196769714
047_bag,put the bag on the tray,16,1,346,14.415,1788426489.0997329,00015_front_put_the_bag_on_the_tray.png,00015_wrist_put_the_bag_on_the_tray.png,recap.png,50,23,395,396,-3.78021978021978,-102.28571428571429,87.16483516483517,75.25274725274726,-1.2747252747252746,0.3424657534246575,-3.1632747650146484,-101.43297576904297,89.14280700683594,77.76618957519531,-1.3420782089233398,0.1605670154094696
047_bag,put the bag on the tray,17,1,371,15.385,1788426490.0702825,00016_front_put_the_bag_on_the_tray.png,00016_wrist_put_the_bag_on_the_tray.png,recap.png,50,0,396,397,-1.8461538461538463,-102.1978021978022,88.13186813186813,76.57142857142857,-0.8351648351648352,0.821917808219178,-2.5320968627929688,-101.79944610595703,89.36087036132812,78.02275085449219,-1.1401681900024414,0.7700587511062622
047_bag,put the bag on the tray,17,1,371,15.385,1788426490.0702825,00016_front_put_the_bag_on_the_tray.png,00016_wrist_put_the_bag_on_the_tray.png,recap.png,50,1,397,398,-1.8461538461538463,-102.1978021978022,88.13186813186813,76.57142857142857,-0.8351648351648352,0.821917808219178,-2.561441421508789,-101.18415069580078,89.42784118652344,78.07192993164062,-1.1354074478149414,0.6998447179794312
047_bag,put the bag on the tray,17,1,371,15.385,1788426490.0702825,00016_front_put_the_bag_on_the_tray.png,00016_wrist_put_the_bag_on_the_tray.png,recap.png,50,2,398,399,-1.8461538461538463,-102.1978021978022,88.13186813186813,76.57142857142857,-0.8351648351648352,0.821917808219178,-2.5672359466552734,-101.32365417480469,89.08123779296875,78.0212173461914,-1.1316747665405273,0.6877904534339905
047_bag,put the bag on the tray,17,1,371,15.385,1788426490.0702825,00016_front_put_the_bag_on_the_tray.png,00016_wrist_put_the_bag_on_the_tray.png,recap.png,50,3,399,400,-1.8461538461538463,-102.1978021978022,88.13186813186813,76.57142857142857,-0.8351648351648352,0.821917808219178,-2.544046401977539,-102.06326293945312,89.11128234863281,78.14263916015625,-1.1860837936401367,0.7208347916603088
047_bag,put the bag on the tray,17,1,371,15.385,1788426490.0702825,00016_front_put_the_bag_on_the_tray.png,00016_wrist_put_the_bag_on_the_tray.png,recap.png,50,4,400,401,-1.8461538461538463,-102.1978021978022,88.13186813186813,76.57142857142857,-0.8351648351648352,0.821917808219178,-2.5665245056152344,-101.67694091796875,89.30619812011719,78.09272766113281,-1.1846771240234375,0.6995579600334167
047_bag,put the bag on the tray,17,1,371,15.385,1788426490.0702825,00016_front_put_the_bag_on_the_tray.png,00016_wrist_put_the_bag_on_the_tray.png,recap.png,50,5,401,402,-1.8461538461538463,-102.1978021978022,88.13186813186813,76.57142857142857,-0.8351648351648352,0.821917808219178,-2.8048171997070312,-101.19368743896484,89.10321044921875,77.86637115478516,-1.1688175201416016,0.6457784175872803
047_bag,put the bag on the tray,17,1,371,15.385,1788426490.0702825,00016_front_put_the_bag_on_the_tray.png,00016_wrist_put_the_bag_on_the_tray.png,recap.png,50,6,402,403,-1.8461538461538463,-102.1978021978022,88.13186813186813,76.57142857142857,-0.8351648351648352,0.821917808219178,-2.4796390533447266,-101.87665557861328,89.54136657714844,78.06571960449219,-1.164846420288086,0.6765859127044678
047_bag,put the bag on the tray,17,1,371,15.385,1788426490.0702825,00016_front_put_the_bag_on_the_tray.png,00016_wrist_put_the_bag_on_the_tray.png,recap.png,50,7,403,404,-1.8461538461538463,-102.1978021978022,88.13186813186813,76.57142857142857,-0.8351648351648352,0.821917808219178,-2.495138168334961,-101.59345245361328,89.27574157714844,78.09708404541016,-1.1490650177001953,0.6214521527290344
047_bag,put the bag on the tray,17,1,371,15.385,1788426490.0702825,00016_front_put_the_bag_on_the_tray.png,00016_wrist_put_the_bag_on_the_tray.png,recap.png,50,8,404,405,-1.8461538461538463,-102.1978021978022,88.13186813186813,76.57142857142857,-0.8351648351648352,0.821917808219178,-2.598358154296875,-101.77510070800781,89.29844665527344,78.08576965332031,-1.235060691833496,0.6615310907363892
047_bag,put the bag on the tray,17,1,371,15.385,1788426490.0702825,00016_front_put_the_bag_on_the_tray.png,00016_wrist_put_the_bag_on_the_tray.png,recap.png,50,9,405,406,-1.8461538461538463,-102.1978021978022,88.13186813186813,76.57142857142857,-0.8351648351648352,0.821917808219178,-2.6869754791259766,-101.28790283203125,89.46858215332031,77.95851135253906,-1.2315874099731445,0.62333744764328
047_bag,put the bag on the tray,17,1,371,15.385,1788426490.0702825,00016_front_put_the_bag_on_the_tray.png,00016_wrist_put_the_bag_on_the_tray.png,recap.png,50,10,406,407,-1.8461538461538463,-102.1978021978022,88.13186813186813,76.57142857142857,-0.8351648351648352,0.821917808219178,-2.3971691131591797,-101.59032440185547,89.33908081054688,77.97120666503906,-1.1726303100585938,0.6106947660446167
047_bag,put the bag on the tray,17,1,371,15.385,1788426490.0702825,00016_front_put_the_bag_on_the_tray.png,00016_wrist_put_the_bag_on_the_tray.png,recap.png,50,11,407,408,-1.8461538461538463,-102.1978021978022,88.13186813186813,76.57142857142857,-0.8351648351648352,0.821917808219178,-2.5478782653808594,-101.2417984008789,89.15275573730469,78.12442779541016,-1.2042131423950195,0.6980337500572205
