episode_dir,task,chunk_id,must_go,input_timestep,input_elapsed,unix_ts,front_img,wrist_img,recap_img,returned_len,exec_index,exec_timestep,exec_action_n,in_shoulder_pan.pos,in_shoulder_lift.pos,in_elbow_flex.pos,in_wrist_flex.pos,in_wrist_roll.pos,in_gripper.pos,act_shoulder_pan.pos,act_shoulder_lift.pos,act_elbow_flex.pos,act_wrist_flex.pos,act_wrist_roll.pos,act_gripper.pos
073_roll,put the roll on the tray,1,1,0,0.0,1788427918.053031,00000_front_put_the_roll_on_the_tray.png,00000_wrist_put_the_roll_on_the_tray.png,recap.png,50,0,0,1,-4.747252747252747,-101.23076923076923,91.91208791208791,73.84615384615384,-0.21978021978021978,0.8904109589041096,-4.780677795410156,-101.55750274658203,88.00938415527344,72.07344055175781,0.057091712951660156,1.0484018325805664
073_roll,put the roll on the tray,1,1,0,0.0,1788427918.053031,00000_front_put_the_roll_on_the_tray.png,00000_wrist_put_the_roll_on_the_tray.png,recap.png,50,1,1,2,-4.747252747252747,-101.23076923076923,91.91208791208791,73.84615384615384,-0.21978021978021978,0.8904109589041096,-4.617002487182617,-101.39217376708984,87.53968811035156,71.67306518554688,0.14216041564941406,1.0010005235671997
073_roll,put the roll on the tray,1,1,0,0.0,1788427918.053031,00000_front_put_the_roll_on_the_tray.png,00000_wrist_put_the_roll_on_the_tray.png,recap.png,50,2,2,3,-4.747252747252747,-101.23076923076923,91.91208791208791,73.84615384615384,-0.21978021978021978,0.8904109589041096,-4.64483642578125,-102.12980651855469,87.79736328125,71.17318725585938,0.12864971160888672,0.996174156665802
073_roll,put the roll on the tray,1,1,0,0.0,1788427918.053031,00000_front_put_the_roll_on_the_tray.png,00000_wrist_put_the_roll_on_the_tray.png,recap.png,50,3,3,4,-4.747252747252747,-101.23076923076923,91.91208791208791,73.84615384615384,-0.21978021978021978,0.8904109589041096,-4.562896728515625,-101.75958251953125,86.68130493164062,70.61665344238281,0.12101459503173828,0.9284794926643372
073_roll,put the roll on the tray,1,1,0,0.0,1788427918.053031,00000_front_put_the_roll_on_the_tray.png,00000_wrist_put_the_roll_on_the_tray.png,recap.png,50,4,4,5,-4.747252747252747,-101.23076923076923,91.91208791208791,73.84615384615384,-0.21978021978021978,0.8904109589041096,-4.629480361938477,-102.07102966308594,87.13920593261719,69.70359802246094,0.10420417785644531,0.98680180311203
073_roll,put the roll on the tray,1,1,0,0.0,1788427918.053031,00000_front_put_the_roll_on_the_tray.png,00000_wrist_put_the_roll_on_the_tray.png,recap.png,50,5,5,6,-4.747252747252747,-101.23076923076923,91.91208791208791,73.84615384615384,-0.21978021978021978,0.8904109589041096,-4.725795745849609,-100.83919525146484,86.60409545898438,69.12959289550781,-0.03217792510986328,0.941663920879364
073_roll,put the roll on the tray,1,1,0,0.0,1788427918.053031,00000_front_put_the_roll_on_the_tray.png,00000_wrist_put_the_roll_on_the_tray.png,recap.png,50,6,6,7,-4.747252747252747,-101.23076923076923,91.91208791208791,73.84615384615384,-0.21978021978021978,0.8904109589041096,-4.504493713378906,-102.2505111694336,86.66651916503906,68.35501861572266,0.12098884582519531,1.0028613805770874
073_roll,put the roll on the tray,1,1,0,0.0,1788427918.053031,00000_front_put_the_roll_on_the_tray.png,00000_wrist_put_the_roll_on_the_tray.png,recap.png,50,7,7,8,-4.747252747252747,-101.23076923076923,91.91208791208791,73.84615384615384,-0.21978021978021978,0.8904109589041096,-4.53790283203125,-101.13539123535156,87.2630615234375,67.73981475830078,-0.03579902648925781,0.9622153043746948
073_roll,put the roll on the tray,1,1,0,0.0,1788427918.053031,00000_front_put_the_roll_on_the_tray.png,00000_wrist_put_the_roll_on_the_tray.png,recap.png,50,8,8,9,-4.747252747252747,-101.23076923076923,91.91208791208791,73.84615384615384,-0.21978021978021978,0.8904109589041096,-4.539669036865234,-101.5581283569336,87.46559143066406,67.2361068725586,0.004986763000488281,1.0018672943115234
073_roll,put the roll on the tray,1,1,0,0.0,1788427918.053031,00000_front_put_the_roll_on_the_tray.png,00000_wrist_put_the_roll_on_the_tray.png,recap.png,50,9,9,10,-4.747252747252747,-101.23076923076923,91.91208791208791,73.84615384615384,-0.21978021978021978,0.8904109589041096,-4.553047180175781,-100.70414733886719,86.532470703125,66.44822692871094,-0.16613197326660156,0.9556533694267273
073_roll,put the roll on the tray,1,1,0,0.0,1788427918.053031,00000_front_put_the_roll_on_the_tray.png,00000_wrist_put_the_roll_on_the_tray.png,recap.png,50,10,10,11,-4.747252747252747,-101.23076923076923,91.91208791208791,73.84615384615384,-0.21978021978021978,0.8904109589041096,-4.767326354980469,-101.14913940429688,86.56611633300781,66.4002914428711,-0.29269981384277344,0.8845418691635132
073_roll,put the roll on the tray,1,1,0,0.0,1788427918.053031,00000_front_put_the_roll_on_the_tray.png,00000_wrist_put_the_roll_on_the_tray.png,recap.png,50,11,11,12,-4.747252747252747,-101.23076923076923,91.91208791208791,73.84615384615384,-0.21978021978021978,0.8904109589041096,-4.700448989868164,-100.87077331542969,86.67214965820312,65.96500396728516,-0.49863529205322266,1.0047860145568848
073_roll,put the roll on the tray,1,1,0,0.0,1788427918.053031,00000_front_put_the_roll_on_the_tray.png,00000_wrist_put_the_roll_on_the_tray.png,recap.png,50,12,12,13,-4.747252747252747,-101.23076923076923,91.91208791208791,73.84615384615384,-0.21978021978021978,0.8904109589041096,-4.542789459228516,-101.78197479248047,85.61091613769531,66.07992553710938,-0.7823257446289062,1.112328052520752
073_roll,put the roll on the tray,1,1,0,0.0,1788427918.053031,00000_front_put_the_roll_on_the_tray.png,00000_wrist_put_the_roll_on_the_tray.png,recap.png,50,13,13,14,-4.747252747252747,-101.23076923076923,91.91208791208791,73.84615384615384,-0.21978021978021978,0.8904109589041096,-4.329490661621094,-101.2918701171875,85.63517761230469,65.99402618408203,-0.8095598220825195,0.9638998508453369
073_roll,put the roll on the tray,1,1,0,0.0,1788427918.053031,00000_front_put_the_roll_on_the_tray.png,00000_wrist_put_the_roll_on_the_tray.png,recap.png,50,14,14,15,-4.747252747252747,-101.23076923076923,91.91208791208791,73.84615384615384,-0.21978021978021978,0.8904109589041096,-4.479335784912109,-100.91082763671875,85.20542907714844,65.93726348876953,-1.1804685592651367,0.9657458662986755
073_roll,put the roll on the tray,1,1,0,0.0,1788427918.053031,00000_front_put_the_roll_on_the_tray.png,00000_wrist_put_the_roll_on_the_tray.png,recap.png,50,15,15,16,-4.747252747252747,-101.23076923076923,91.91208791208791,73.84615384615384,-0.21978021978021978,0.8904109589041096,-4.664667129516602,-101.62238311767578,84.72364807128906,66.15643310546875,-1.4686002731323242,0.908930778503418
073_roll,put the roll on the tray,1,1,0,0.0,1788427918.053031,00000_front_put_the_roll_on_the_tray.png,00000_wrist_put_the_roll_on_the_tray.png,recap.png,50,16,16,17,-4.747252747252747,-101.23076923076923,91.91208791208791,73.84615384615384,-0.21978021978021978,0.8904109589041096,-4.477813720703125,-101.71903228759766,85.10060119628906,66.66681671142578,-1.796656608581543,0.9817332625389099
073_roll,put the roll on the tray,1,1,0,0.0,1788427918.053031,00000_front_put_the_roll_on_the_tray.png,00000_wrist_put_the_roll_on_the_tray.png,recap.png,50,17,17,18,-4.747252747252747,-101.23076923076923,91.91208791208791,73.84615384615384,-0.21978021978021978,0.8904109589041096,-4.650203704833984,-101.72015380859375,83.67483520507812,66.68910217285156,-2.17266845703125,0.9208873510360718
073_roll,put the roll on the tray,1,1,0,0.0,1788427918.053031,00000_front_put_the_roll_on_the_tray.png,00000_wrist_put_the_roll_on_the_tray.png,recap.png,50,18,18,19,-4.747252747252747,-101.23076923076923,91.91208791208791,73.84615384615384,-0.21978021978021978,0.8904109589041096,-4.3740234375,-101.31083679199219,83.94419860839844,66.89036560058594,-2.054990768432617,0.8629229664802551
073_roll,put the roll on the tray,1,1,0,0.0,1788427918.053031,00000_front_put_the_roll_on_the_tray.png,00000_wrist_put_the_roll_on_the_tray.png,recap.png,50,19,19,20,-4.747252747252747,-101.23076923076923,91.91208791208791,73.84615384615384,-0.21978021978021978,0.8904109589041096,-4.328395843505859,-101.16553497314453,82.93972778320312,67.21929931640625,-2.063722610473633,0.7945899963378906
073_roll,put the roll on the tray,1,1,0,0.0,1788427918.053031,00000_front_put_the_roll_on_the_tray.png,00000_wrist_put_the_roll_on_the_tray.png,recap.png,50,20,20,21,-4.747252747252747,-101.23076923076923,91.91208791208791,73.84615384615384,-0.21978021978021978,0.8904109589041096,-4.53399658203125,-103.03987884521484,83.19209289550781,67.29096984863281,-1.9532594680786133,0.8472882509231567
073_roll,put the roll on the tray,1,1,0,0.0,1788427918.053031,00000_front_put_the_roll_on_the_tray.png,00000_wrist_put_the_roll_on_the_tray.png,recap.png,50,21,21,22,-4.747252747252747,-101.23076923076923,91.91208791208791,73.84615384615384,-0.21978021978021978,0.8904109589041096,-4.592775344848633,-102.21739196777344,82.46124267578125,67.63929748535156,-1.885106086730957,1.008042573928833
073_roll,put the roll on the tray,1,1,0,0.0,1788427918.053031,00000_front_put_the_roll_on_the_tray.png,00000_wrist_put_the_roll_on_the_tray.png,recap.png,50,22,22,23,-4.747252747252747,-101.23076923076923,91.91208791208791,73.84615384615384,-0.21978021978021978,0.8904109589041096,-4.462385177612305,-102.18915557861328,82.27348327636719,66.879638671875,-1.8069181442260742,0.982530951499939
073_roll,put the roll on the tray,1,1,0,0.0,1788427918.053031,00000_front_put_the_roll_on_the_tray.png,00000_wrist_put_the_roll_on_the_tray.png,recap.png,50,23,23,24,-4.747252747252747,-101.23076923076923,91.91208791208791,73.84615384615384,-0.21978021978021978,0.8904109589041096,-4.465105056762695,-102.28800964355469,82.19113159179688,67.25566101074219,-1.6795167922973633,0.9787071943283081
073_roll,put the roll on the tray,1,1,0,0.0,1788427918.053031,00000_front_put_the_roll_on_the_tray.png,00000_wrist_put_the_roll_on_the_tray.png,recap.png,50,24,24,25,-4.747252747252747,-101.23076923076923,91.91208791208791,73.84615384615384,-0.21978021978021978,0.8904109589041096,-4.348423004150391,-101.32219696044922,81.9381103515625,67.23246002197266,-1.5401201248168945,1.0000722408294678
073_roll,put the roll on the tray,1,1,0,0.0,1788427918.053031,00000_front_put_the_roll_on_the_tray.png,00000_wrist_put_the_roll_on_the_tray.png,recap.png,50,25,25,26,-4.747252747252747,-101.23076923076923,91.91208791208791,73.84615384615384,-0.21978021978021978,0.8904109589041096,-4.341346740722656,-101.3642807006836,81.54159545898438,67.23857116699219,-1.4413776397705078,0.7778867483139038
073_roll,put the roll on the tray,1,1,0,0.0,1788427918.053031,00000_front_put_the_roll_on_the_tray.png,00000_wrist_put_the_roll_on_the_tray.png,recap.png,50,26,26,27,-4.747252747252747,-101.23076923076923,91.91208791208791,73.84615384615384,-0.21978021978021978,0.8904109589041096,-4.604684829711914,-101.74272918701172,80.53561401367188,67.02225494384766,-1.3003349304199219,0.7500925660133362
073_roll,put the roll on the tray,1,1,0,0.0,1788427918.053031,00000_front_put_the_roll_on_the_tray.png,00000_wrist_put_the_roll_on_the_tray.png,recap.png,50,27,27,28,-4.747252747252747,-101.23076923076923,91.91208791208791,73.84615384615384,-0.21978021978021978,0.8904109589041096,-4.258020401000977,-101.31192016601562,81.00325012207031,67.28132629394531,-1.267888069152832,0.7525174617767334
073_roll,put the roll on the tray,1,1,0,0.0,1788427918.053031,00000_front_put_the_roll_on_the_tray.png,00000_wrist_put_the_roll_on_the_tray.png,recap.png,50,28,28,29,-4.747252747252747,-101.23076923076923,91.91208791208791,73.84615384615384,-0.21978021978021978,0.8904109589041096,-4.055927276611328,-101.57593536376953,80.71633911132812,67.10917663574219,-1.2934656143188477,0.6137378215789795
073_roll,put the roll on the tray,1,1,0,0.0,1788427918.053031,00000_front_put_the_roll_on_the_tray.png,00000_wrist_put_the_roll_on_the_tray.png,recap.png,50,29,29,30,-4.747252747252747,-101.23076923076923,91.91208791208791,73.84615384615384,-0.21978021978021978,0.8904109589041096,-4.426280975341797,-100.5867691040039,79.10639953613281,67.4566421508789,-1.2239933013916016,0.6738009452819824
073_roll,put the roll on the tray,2,0,3,1.905,1788427919.9568233,00001_front_put_the_roll_on_the_tray.png,00001_wrist_put_the_roll_on_the_tray.png,recap.png,50,0,30,31,-4.747252747252747,-100.26373626373626,90.5934065934066,72.87912087912088,-0.21978021978021978,0.8904109589041096,-4.9336771965026855,-101.91667175292969,80.04774475097656,69.74439239501953,-0.1210121214389801,0.7708105444908142
073_roll,put the roll on the tray,2,0,3,1.905,1788427919.9568233,00001_front_put_the_roll_on_the_tray.png,00001_wrist_put_the_roll_on_the_tray.png,recap.png,50,1,31,32,-4.747252747252747,-100.26373626373626,90.5934065934066,72.87912087912088,-0.21978021978021978,0.8904109589041096,-5.0655927658081055,-100.82798767089844,79.87904357910156,69.85299682617188,-0.20198526978492737,0.8223301768302917
073_roll,put the roll on the tray,2,0,3,1.905,1788427919.9568233,00001_front_put_the_roll_on_the_tray.png,00001_wrist_put_the_roll_on_the_tray.png,recap.png,50,2,32,33,-4.747252747252747,-100.26373626373626,90.5934065934066,72.87912087912088,-0.21978021978021978,0.8904109589041096,-5.008399486541748,-100.61851501464844,78.81434631347656,69.97566223144531,-0.27174484729766846,0.9135364294052124
073_roll,put the roll on the tray,2,0,3,1.905,1788427919.9568233,00001_front_put_the_roll_on_the_tray.png,00001_wrist_put_the_roll_on_the_tray.png,recap.png,50,3,33,34,-4.747252747252747,-100.26373626373626,90.5934065934066,72.87912087912088,-0.21978021978021978,0.8904109589041096,-4.842532157897949,-101.06344604492188,78.84712982177734,69.97034454345703,-0.15167009830474854,0.8333147764205933
073_roll,put the roll on the tray,2,0,3,1.905,1788427919.9568233,00001_front_put_the_roll_on_the_tray.png,00001_wrist_put_the_roll_on_the_tray.png,recap.png,50,4,34,35,-4.747252747252747,-100.26373626373626,90.5934065934066,72.87912087912088,-0.21978021978021978,0.8904109589041096,-4.747230529785156,-100.47732543945312,78.24491119384766,70.04814910888672,-0.10524339973926544,0.80389404296875
073_roll,put the roll on the tray,2,0,3,1.905,1788427919.9568233,00001_front_put_the_roll_on_the_tray.png,00001_wrist_put_the_roll_on_the_tray.png,recap.png,50,5,35,36,-4.747252747252747,-100.26373626373626,90.5934065934066,72.87912087912088,-0.21978021978021978,0.8904109589041096,-4.835522651672363,-100.21806335449219,77.54673767089844,70.4936752319336,-0.20980015397071838,0.767593264579773
073_roll,put the roll on the tray,2,0,3,1.905,1788427919.9568233,00001_front_put_the_roll_on_the_tray.png,00001_wrist_put_the_roll_on_the_tray.png,recap.png,50,6,36,37,-4.747252747252747,-100.26373626373626,90.5934065934066,72.87912087912088,-0.21978021978021978,0.8904109589041096,-4.767555236816406,-99.19068908691406,75.97972869873047,70.78009033203125,-0.22738954424858093,0.7957550883293152
073_roll,put the roll on the tray,2,0,3,1.905,1788427919.9568233,00001_front_put_the_roll_on_the_tray.png,00001_wrist_put_the_roll_on_the_tray.png,recap.png,50,7,37,38,-4.747252747252747,-100.26373626373626,90.5934065934066,72.87912087912088,-0.21978021978021978,0.8904109589041096,-4.773532867431641,-98.54127502441406,75.91664123535156,70.75654602050781,-0.21718674898147583,0.7481426000595093
073_roll,put the roll on the tray,2,0,3,1.905,1788427919.9568233,00001_front_put_the_roll_on_the_tray.png,00001_wrist_put_the_roll_on_the_tray.png,recap.png,50,8,38,39,-4.747252747252747,-100.26373626373626,90.5934065934066,72.87912087912088,-0.21978021978021978,0.8904109589041096,-4.833523750305176,-97.68119049072266,74.42461395263672,71.07987213134766,-0.07845470309257507,0.6782591938972473
073_roll,put the roll on the tray,2,0,3,1.905,1788427919.9568233,00001_front_put_the_roll_on_the_tray.png,00001_wrist_put_the_roll_on_the_tray.png,recap.png,50,9,39,40,-4.747252747252747,-100.26373626373626,90.5934065934066,72.87912087912088,-0.21978021978021978,0.8904109589041096,-4.840819358825684,-96.59467315673828,73.60266876220703,71.35771179199219,-0.06079629063606262,0.678449273109436
073_roll,put the roll on the tray,2,0,3,1.905,1788427919.9568233,00001_front_put_the_roll_on_the_tray.png,00001_wrist_put_the_roll_on_the_tray.png,recap.png,50,10,40,41,-4.747252747252747,-100.26373626373626,90.5934065934066,72.87912087912088,-0.21978021978021978,0.8904109589041096,-4.924663066864014,-95.18724060058594,72.84002685546875,71.53091430664062,-0.022842511534690857,0.6912491917610168
073_roll,put the roll on the tray,2,0,3,1.905,1788427919.9568233,00001_front_put_the_roll_on_the_tray.png,00001_wrist_put_the_roll_on_the_tray.png,recap.png,50,11,41,42,-4.747252747252747,-100.26373626373626,90.5934065934066,72.87912087912088,-0.21978021978021978,0.8904109589041096,-4.8543806076049805,-93.98443603515625,71.53115844726562,71.70240020751953,-0.09537163376808167,0.7594366073608398
073_roll,put the roll on the tray,2,0,3,1.905,1788427919.9568233,00001_front_put_the_roll_on_the_tray.png,00001_wrist_put_the_roll_on_the_tray.png,recap.png,50,12,42,43,-4.747252747252747,-100.26373626373626,90.5934065934066,72.87912087912088,-0.21978021978021978,0.8904109589041096,-4.949812412261963,-92.79158782958984,70.68826293945312,71.83564758300781,-0.14399166405200958,0.7844632267951965
073_roll,put the roll on the tray,2,0,3,1.905,1788427919.9568233,00001_front_put_the_roll_on_the_tray.png,00001_wrist_put_the_roll_on_the_tray.png,recap.png,50,13,43,44,-4.747252747252747,-100.26373626373626,90.5934065934066,72.87912087912088,-0.21978021978021978,0.8904109589041096,-4.939821243286133,-91.45314025878906,69.44122314453125,71.46469116210938,-0.19475767016410828,0.6894063949584961
073_roll,put the roll on the tray,2,0,3,1.905,1788427919.9568233,00001_front_put_the_roll_on_the_tray.png,00001_wrist_put_the_roll_on_the_tray.png,recap.png,50,14,44,45,-4.747252747252747,-100.26373626373626,90.5934065934066,72.87912087912088,-0.21978021978021978,0.8904109589041096,-4.776760578155518,-90.38619232177734,68.67976379394531,71.39173889160156,-0.20147296786308289,0.6993431448936462
073_roll,put the roll on the tray,2,0,3,1.905,1788427919.9568233,00001_front_put_the_roll_on_the_tray.png,00001_wrist_put_the_roll_on_the_tray.png,recap.png,50,15,45,46,-4.747252747252747,-100.26373626373626,90.5934065934066,72.87912087912088,-0.21978021978021978,0.8904109589041096,-4.962770462036133,-88.86766052246094,68.06884765625,71.24030303955078,-0.26638364791870117,0.6686952114105225
073_roll,put the roll on the tray,2,0,3,1.905,1788427919.9568233,00001_front_put_the_roll_on_the_tray.png,00001_wrist_put_the_roll_on_the_tray.png,recap.png,50,16,46,47,-4.747252747252747,-100.26373626373626,90.5934065934066,72.87912087912088,-0.21978021978021978,0.8904109589041096,-4.855822563171387,-87.3123779296875,66.7721176147461,71.05349731445312,-0.33926182985305786,0.6529401540756226
073_roll,put the roll on the tray,2,0,3,1.905,1788427919.9568233,00001_front_put_the_roll_on_the_tray.png,00001_wrist_put_the_roll_on_the_tray.png,recap.png,50,17,47,48,-4.747252747252747,-100.26373626373626,90.5934065934066,72.87912087912088,-0.21978021978021978,0.8904109589041096,-5.059359550476074,-85.07891845703125,65.72865295410156,70.96768951416016,-0.26772281527519226,0.6926734447479248
073_roll,put the roll on the tray,2,0,3,1.905,1788427919.9568233,00001_front_put_the_roll_on_the_tray.png,00001_wrist_put_the_roll_on_the_tray.png,recap.png,50,18,48,49,-4.747252747252747,-100.26373626373626,90.5934065934066,72.87912087912088,-0.21978021978021978,0.8904109589041096,-4.997334003448486,-83.75971984863281,65.4677734375,70.70580291748047,-0.3818257451057434,0.7734133005142212
073_roll,put the roll on the tray,2,0,3,1.905,1788427919.9568233,00001_front_put_the_roll_on_the_tray.png,00001_wrist_put_the_roll_on_the_tray.png,recap.png,50,19,49,50,-4.747252747252747,-100.26373626373626,90.5934065934066,72.87912087912088,-0.21978021978021978,0.8904109589041096,-5.096413612365723,-82.20442199707031,64.0821304321289,70.57670593261719,-0.3439359962940216,0.7073894739151001
073_roll,put the roll on the tray,2,0,3,1.905,1788427919.9568233,00001_front_put_the_roll_on_the_tray.png,00001_wrist_put_the_roll_on_the_tray.png,recap.png,50,20,50,51,-4.747252747252747,-100.26373626373626,90.5934065934066,72.87912087912088,-0.21978021978021978,0.8904109589041096,-5.414041519165039,-77.82162475585938,62.27275085449219,70.371337890625,-0.0951690673828125,0.7953356504440308
073_roll,put the roll on the tray,2,0,3,1.905,1788427919.9568233,00001_front_put_the_roll_on_the_tray.png,00001_wrist_put_the_roll_on_the_tray.png,recap.png,50,21,51,52,-4.747252747252747,-100.26373626373626,90.5934065934066,72.87912087912088,-0.21978021978021978,0.8904109589041096,-5.591249465942383,-76.70732116699219,62.252113342285156,70.45182037353516,-0.2242593765258789,0.8786119222640991
073_roll,put the roll on the tray,2,0,3,1.905,1788427919.9568233,00001_front_put_the_roll_on_the_tray.png,00001_wrist_put_the_roll_on_the_tray.png,recap.png,50,22,52,53,-4.747252747252747,-100.26373626373626,90.5934065934066,72.87912087912088,-0.21978021978021978,0.8904109589041096,-5.428918838500977,-75.17240142822266,61.76304626464844,70.42395782470703,-0.36440563201904297,0.7111523151397705
073_roll,put the roll on the tray,3,0,29,2.774,1788427920.831223,00002_front_put_the_roll_on_the_tray.png,00002_wrist_put_the_roll_on_the_tray.png,recap.png,50,0,53,54,-4.747252747252747,-101.67032967032966,83.38461538461539,67.16483516483517,-1.4505494505494505,0.8904109589041096,-4.401739120483398,-80.28577423095703,61.76024627685547,73.298095703125,-1.8894023895263672,0.928901195526123
073_roll,put the roll on the tray,3,0,29,2.774,1788427920.831223,00002_front_put_the_roll_on_the_tray.png,00002_wrist_put_the_roll_on_the_tray.png,recap.png,50,1,54,55,-4.747252747252747,-101.67032967032966,83.38461538461539,67.16483516483517,-1.4505494505494505,0.8904109589041096,-3.7605648040771484,-77.98138427734375,60.71466827392578,73.19175720214844,-1.8009777069091797,0.9672955274581909
073_roll,put the roll on the tray,3,0,29,2.774,1788427920.831223,00002_front_put_the_roll_on_the_tray.png,00002_wrist_put_the_roll_on_the_tray.png,recap.png,50,2,55,56,-4.747252747252747,-101.67032967032966,83.38461538461539,67.16483516483517,-1.4505494505494505,0.8904109589041096,-3.8393077850341797,-76.18192291259766,59.42888641357422,73.1659164428711,-1.9486875534057617,0.8775508403778076
073_roll,put the roll on the tray,3,0,29,2.774,1788427920.831223,00002_front_put_the_roll_on_the_tray.png,00002_wrist_put_the_roll_on_the_tray.png,recap.png,50,3,56,57,-4.747252747252747,-101.67032967032966,83.38461538461539,67.16483516483517,-1.4505494505494505,0.8904109589041096,-3.778949737548828,-74.23495483398438,58.853424072265625,73.36203002929688,-1.90228271484375,0.8933799266815186
073_roll,put the roll on the tray,3,0,29,2.774,1788427920.831223,00002_front_put_the_roll_on_the_tray.png,00002_wrist_put_the_roll_on_the_tray.png,recap.png,50,4,57,58,-4.747252747252747,-101.67032967032966,83.38461538461539,67.16483516483517,-1.4505494505494505,0.8904109589041096,-3.939769744873047,-72.43321228027344,57.30970764160156,73.31649017333984,-1.8606195449829102,0.8905121684074402
073_roll,put the roll on the tray,3,0,29,2.774,1788427920.831223,00002_front_put_the_roll_on_the_tray.png,00002_wrist_put_the_roll_on_the_tray.png,recap.png,50,5,58,59,-4.747252747252747,-101.67032967032966,83.38461538461539,67.16483516483517,-1.4505494505494505,0.8904109589041096,-3.946840286254883,-70.95996856689453,56.71533966064453,73.51178741455078,-1.646235466003418,0.8938111662864685
073_roll,put the roll on the tray,3,0,29,2.774,1788427920.831223,00002_front_put_the_roll_on_the_tray.png,00002_wrist_put_the_roll_on_the_tray.png,recap.png,50,6,59,60,-4.747252747252747,-101.67032967032966,83.38461538461539,67.16483516483517,-1.4505494505494505,0.8904109589041096,-4.366601943969727,-69.34783172607422,55.676483154296875,73.72782897949219,-1.7193450927734375,1.030648112297058
073_roll,put the roll on the tray,3,0,29,2.774,1788427920.831223,00002_front_put_the_roll_on_the_tray.png,00002_wrist_put_the_roll_on_the_tray.png,recap.png,50,7,60,61,-4.747252747252747,-101.67032967032966,83.38461538461539,67.16483516483517,-1.4505494505494505,0.8904109589041096,-4.108842849731445,-68.83879089355469,54.915306091308594,74.01573181152344,-1.6996545791625977,1.8129761219024658
073_roll,put the roll on the tray,3,0,29,2.774,1788427920.831223,00002_front_put_the_roll_on_the_tray.png,00002_wrist_put_the_roll_on_the_tray.png,recap.png,50,8,61,62,-4.747252747252747,-101.67032967032966,83.38461538461539,67.16483516483517,-1.4505494505494505,0.8904109589041096,-4.020366668701172,-67.62271881103516,54.21350860595703,74.4718017578125,-1.5735464096069336,3.174923896789551
073_roll,put the roll on the tray,3,0,29,2.774,1788427920.831223,00002_front_put_the_roll_on_the_tray.png,00002_wrist_put_the_roll_on_the_tray.png,recap.png,50,9,62,63,-4.747252747252747,-101.67032967032966,83.38461538461539,67.16483516483517,-1.4505494505494505,0.8904109589041096,-4.4026031494140625,-66.53324127197266,53.52428436279297,74.80375671386719,-1.4552907943725586,5.9184770584106445
073_roll,put the roll on the tray,3,0,29,2.774,1788427920.831223,00002_front_put_the_roll_on_the_tray.png,00002_wrist_put_the_roll_on_the_tray.png,recap.png,50,10,63,64,-4.747252747252747,-101.67032967032966,83.38461538461539,67.16483516483517,-1.4505494505494505,0.8904109589041096,-4.321624755859375,-65.37820434570312,52.55448913574219,74.9570083618164,-1.4090242385864258,8.132059097290039
073_roll,put the roll on the tray,3,0,29,2.774,1788427920.831223,00002_front_put_the_roll_on_the_tray.png,00002_wrist_put_the_roll_on_the_tray.png,recap.png,50,11,64,65,-4.747252747252747,-101.67032967032966,83.38461538461539,67.16483516483517,-1.4505494505494505,0.8904109589041096,-4.477725982666016,-64.49708557128906,51.879676818847656,75.18358612060547,-1.4105005264282227,9.877385139465332
073_roll,put the roll on the tray,3,0,29,2.774,1788427920.831223,00002_front_put_the_roll_on_the_tray.png,00002_wrist_put_the_roll_on_the_tray.png,recap.png,50,12,65,66,-4.747252747252747,-101.67032967032966,83.38461538461539,67.16483516483517,-1.4505494505494505,0.8904109589041096,-4.422115325927734,-63.66923904418945,51.742149353027344,75.45614624023438,-1.3513469696044922,11.701605796813965
073_roll,put the roll on the tray,3,0,29,2.774,1788427920.831223,00002_front_put_the_roll_on_the_tray.png,00002_wrist_put_the_roll_on_the_tray.png,recap.png,50,13,66,67,-4.747252747252747,-101.67032967032966,83.38461538461539,67.16483516483517,-1.4505494505494505,0.8904109589041096,-4.546836853027344,-62.722103118896484,51.2127685546875,75.76502990722656,-1.1261444091796875,13.144580841064453
073_roll,put the roll on the tray,3,0,29,2.774,1788427920.831223,00002_front_put_the_roll_on_the_tray.png,00002_wrist_put_the_roll_on_the_tray.png,recap.png,50,14,67,68,-4.747252747252747,-101.67032967032966,83.38461538461539,67.16483516483517,-1.4505494505494505,0.8904109589041096,-4.657360076904297,-62.51374435424805,51.23955535888672,76.06010437011719,-1.1356096267700195,15.051322937011719
073_roll,put the roll on the tray,3,0,29,2.774,1788427920.831223,00002_front_put_the_roll_on_the_tray.png,00002_wrist_put_the_roll_on_the_tray.png,recap.png,50,15,68,69,-4.747252747252747,-101.67032967032966,83.38461538461539,67.16483516483517,-1.4505494505494505,0.8904109589041096,-4.829854965209961,-62.78855514526367,50.595558166503906,76.40007019042969,-0.9942855834960938,17.19829559326172
073_roll,put the roll on the tray,3,0,29,2.774,1788427920.831223,00002_front_put_the_roll_on_the_tray.png,00002_wrist_put_the_roll_on_the_tray.png,recap.png,50,16,69,70,-4.747252747252747,-101.67032967032966,83.38461538461539,67.16483516483517,-1.4505494505494505,0.8904109589041096,-4.845609664916992,-62.245574951171875,51.59777069091797,76.62482452392578,-0.8821249008178711,19.695175170898438
073_roll,put the roll on the tray,3,0,29,2.774,1788427920.831223,00002_front_put_the_roll_on_the_tray.png,00002_wrist_put_the_roll_on_the_tray.png,recap.png,50,17,70,71,-4.747252747252747,-101.67032967032966,83.38461538461539,67.16483516483517,-1.4505494505494505,0.8904109589041096,-5.001567840576172,-62.462303161621094,51.503395080566406,76.73050689697266,-0.7573060989379883,21.96676254272461
073_roll,put the roll on the tray,3,0,29,2.774,1788427920.831223,00002_front_put_the_roll_on_the_tray.png,00002_wrist_put_the_roll_on_the_tray.png,recap.png,50,18,71,72,-4.747252747252747,-101.67032967032966,83.38461538461539,67.16483516483517,-1.4505494505494505,0.8904109589041096,-4.712961196899414,-62.40879440307617,51.48146057128906,76.69744873046875,-0.6346607208251953,23.933073043823242
073_roll,put the roll on the tray,3,0,29,2.774,1788427920.831223,00002_front_put_the_roll_on_the_tray.png,00002_wrist_put_the_roll_on_the_tray.png,recap.png,50,19,72,73,-4.747252747252747,-101.67032967032966,83.38461538461539,67.16483516483517,-1.4505494505494505,0.8904109589041096,-4.763954162597656,-63.20513916015625,51.46406555175781,76.85841369628906,-0.4903717041015625,25.606212615966797
073_roll,put the roll on the tray,3,0,29,2.774,1788427920.831223,00002_front_put_the_roll_on_the_tray.png,00002_wrist_put_the_roll_on_the_tray.png,recap.png,50,20,73,74,-4.747252747252747,-101.67032967032966,83.38461538461539,67.16483516483517,-1.4505494505494505,0.8904109589041096,-4.660547256469727,-63.06260681152344,51.85853576660156,76.74231719970703,-0.3853282928466797,27.06281852722168
073_roll,put the roll on the tray,3,0,29,2.774,1788427920.831223,00002_front_put_the_roll_on_the_tray.png,00002_wrist_put_the_roll_on_the_tray.png,recap.png,50,21,74,75,-4.747252747252747,-101.67032967032966,83.38461538461539,67.16483516483517,-1.4505494505494505,0.8904109589041096,-4.761682510375977,-63.751094818115234,52.16619873046875,76.91720581054688,-0.29099178314208984,28.446735382080078
073_roll,put the roll on the tray,3,0,29,2.774,1788427920.831223,00002_front_put_the_roll_on_the_tray.png,00002_wrist_put_the_roll_on_the_tray.png,recap.png,50,22,75,76,-4.747252747252747,-101.67032967032966,83.38461538461539,67.16483516483517,-1.4505494505494505,0.8904109589041096,-4.881685256958008,-64.20072174072266,52.54576110839844,77.29727172851562,-0.1878366470336914,29.821760177612305
073_roll,put the roll on the tray,3,0,29,2.774,1788427920.831223,00002_front_put_the_roll_on_the_tray.png,00002_wrist_put_the_roll_on_the_tray.png,recap.png,50,23,76,77,-4.747252747252747,-101.67032967032966,83.38461538461539,67.16483516483517,-1.4505494505494505,0.8904109589041096,-5.000724792480469,-64.37838745117188,52.03498840332031,77.25741577148438,-0.008055686950683594,31.145620346069336
073_roll,put the roll on the tray,3,0,29,2.774,1788427920.831223,00002_front_put_the_roll_on_the_tray.png,00002_wrist_put_the_roll_on_the_tray.png,recap.png,50,24,77,78,-4.747252747252747,-101.67032967032966,83.38461538461539,67.16483516483517,-1.4505494505494505,0.8904109589041096,-4.7707977294921875,-64.46881103515625,52.506797790527344,77.48516845703125,0.22603607177734375,32.38270950317383
073_roll,put the roll on the tray,3,0,29,2.774,1788427920.831223,00002_front_put_the_roll_on_the_tray.png,00002_wrist_put_the_roll_on_the_tray.png,recap.png,50,25,78,79,-4.747252747252747,-101.67032967032966,83.38461538461539,67.16483516483517,-1.4505494505494505,0.8904109589041096,-4.6779937744140625,-63.90301513671875,52.26335144042969,77.59528350830078,0.4041881561279297,33.649085998535156
073_roll,put the roll on the tray,4,1,52,3.543,1788427921.5950058,00003_front_put_the_roll_on_the_tray.png,00003_wrist_put_the_roll_on_the_tray.png,recap.png,50,0,79,80,-5.0989010989010985,-82.06593406593407,65.97802197802197,71.64835164835165,-0.7472527472527473,0.821917808219178,-4.757074356079102,-60.79226303100586,52.40111541748047,79.6614990234375,0.9442539215087891,34.42108154296875
073_roll,put the roll on the tray,4,1,52,3.543,1788427921.5950058,00003_front_put_the_roll_on_the_tray.png,00003_wrist_put_the_roll_on_the_tray.png,recap.png,50,1,80,81,-5.0989010989010985,-82.06593406593407,65.97802197802197,71.64835164835165,-0.7472527472527473,0.821917808219178,-4.90745735168457,-61.343902587890625,52.12751007080078,79.42975616455078,1.0233831405639648,34.02885055541992
073_roll,put the roll on the tray,4,1,52,3.543,1788427921.5950058,00003_front_put_the_roll_on_the_tray.png,00003_wrist_put_the_roll_on_the_tray.png,recap.png,50,2,81,82,-5.0989010989010985,-82.06593406593407,65.97802197802197,71.64835164835165,-0.7472527472527473,0.821917808219178,-4.964382171630859,-59.78219985961914,52.15058135986328,79.4116439819336,1.113053321838379,34.00221633911133
073_roll,put the roll on the tray,4,1,52,3.543,1788427921.5950058,00003_front_put_the_roll_on_the_tray.png,00003_wrist_put_the_roll_on_the_tray.png,recap.png,50,3,82,83,-5.0989010989010985,-82.06593406593407,65.97802197802197,71.64835164835165,-0.7472527472527473,0.821917808219178,-4.926727294921875,-59.94695281982422,52.79120635986328,79.21067810058594,1.0829801559448242,34.231998443603516
073_roll,put the roll on the tray,4,1,52,3.543,1788427921.5950058,00003_front_put_the_roll_on_the_tray.png,00003_wrist_put_the_roll_on_the_tray.png,recap.png,50,4,83,84,-5.0989010989010985,-82.06593406593407,65.97802197802197,71.64835164835165,-0.7472527472527473,0.821917808219178,-4.890373229980469,-59.2412109375,51.82579040527344,79.00897216796875,1.1633481979370117,34.22898483276367
073_roll,put the roll on the tray,4,1,52,3.543,1788427921.5950058,00003_front_put_the_roll_on_the_tray.png,00003_wrist_put_the_roll_on_the_tray.png,recap.png,50,5,84,85,-5.0989010989010985,-82.06593406593407,65.97802197802197,71.64835164835165,-0.7472527472527473,0.821917808219178,-4.835704803466797,-59.095970153808594,51.54790496826172,78.63447570800781,1.1501436233520508,34.43798828125
073_roll,put the roll on the tray,4,1,52,3.543,1788427921.5950058,00003_front_put_the_roll_on_the_tray.png,00003_wrist_put_the_roll_on_the_tray.png,recap.png,50,6,85,86,-5.0989010989010985,-82.06593406593407,65.97802197802197,71.64835164835165,-0.7472527472527473,0.821917808219178,-5.062562942504883,-57.78471755981445,51.847198486328125,78.49652099609375,1.2434101104736328,34.50173568725586
073_roll,put the roll on the tray,4,1,52,3.543,1788427921.5950058,00003_front_put_the_roll_on_the_tray.png,00003_wrist_put_the_roll_on_the_tray.png,recap.png,50,7,86,87,-5.0989010989010985,-82.06593406593407,65.97802197802197,71.64835164835165,-0.7472527472527473,0.821917808219178,-4.656095504760742,-57.54175567626953,51.535865783691406,78.14920043945312,1.1305341720581055,34.66642379760742
073_roll,put the roll on the tray,4,1,52,3.543,1788427921.5950058,00003_front_put_the_roll_on_the_tray.png,00003_wrist_put_the_roll_on_the_tray.png,recap.png,50,8,87,88,-5.0989010989010985,-82.06593406593407,65.97802197802197,71.64835164835165,-0.7472527472527473,0.821917808219178,-4.885089874267578,-56.2902717590332,51.165283203125,77.92375183105469,1.144719123840332,34.7803840637207
073_roll,put the roll on the tray,4,1,52,3.543,1788427921.5950058,00003_front_put_the_roll_on_the_tray.png,00003_wrist_put_the_roll_on_the_tray.png,recap.png,50,9,88,89,-5.0989010989010985,-82.06593406593407,65.97802197802197,71.64835164835165,-0.7472527472527473,0.821917808219178,-4.942827224731445,-55.6307487487793,50.488800048828125,78.0458984375,1.245865821838379,34.77467346191406
073_roll,put the roll on the tray,4,1,52,3.543,1788427921.5950058,00003_front_put_the_roll_on_the_tray.png,00003_wrist_put_the_roll_on_the_tray.png,recap.png,50,10,89,90,-5.0989010989010985,-82.06593406593407,65.97802197802197,71.64835164835165,-0.7472527472527473,0.821917808219178,-4.8886871337890625,-55.11151885986328,50.462890625,77.94488525390625,1.185378074645996,35.07942581176758
073_roll,put the roll on the tray,4,1,52,3.543,1788427921.5950058,00003_front_put_the_roll_on_the_tray.png,00003_wrist_put_the_roll_on_the_tray.png,recap.png,50,11,90,91,-5.0989010989010985,-82.06593406593407,65.97802197802197,71.64835164835165,-0.7472527472527473,0.821917808219178,-4.940332412719727,-53.63444519042969,49.862396240234375,77.85811614990234,1.169600486755371,35.19163131713867
073_roll,put the roll on the tray,4,1,52,3.543,1788427921.5950058,00003_front_put_the_roll_on_the_tray.png,00003_wrist_put_the_roll_on_the_tray.png,recap.png,50,12,91,92,-5.0989010989010985,-82.06593406593407,65.97802197802197,71.64835164835165,-0.7472527472527473,0.821917808219178,-4.860607147216797,-52.632293701171875,49.08149719238281,77.74612426757812,1.1273975372314453,35.29026412963867
073_roll,put the roll on the tray,4,1,52,3.543,1788427921.5950058,00003_front_put_the_roll_on_the_tray.png,00003_wrist_put_the_roll_on_the_tray.png,recap.png,50,13,92,93,-5.0989010989010985,-82.06593406593407,65.97802197802197,71.64835164835165,-0.7472527472527473,0.821917808219178,-4.85114860534668,-51.689090728759766,49.095458984375,77.64677429199219,1.2063407897949219,35.45432662963867
073_roll,put the roll on the tray,4,1,52,3.543,1788427921.5950058,00003_front_put_the_roll_on_the_tray.png,00003_wrist_put_the_roll_on_the_tray.png,recap.png,50,14,93,94,-5.0989010989010985,-82.06593406593407,65.97802197802197,71.64835164835165,-0.7472527472527473,0.821917808219178,-4.960531234741211,-50.98687744140625,48.14185333251953,77.48075866699219,1.2247915267944336,35.497711181640625
073_roll,put the roll on the tray,4,1,52,3.543,1788427921.5950058,00003_front_put_the_roll_on_the_tray.png,00003_wrist_put_the_roll_on_the_tray.png,recap.png,50,15,94,95,-5.0989010989010985,-82.06593406593407,65.97802197802197,71.64835164835165,-0.7472527472527473,0.821917808219178,-5.03233528137207,-50.52127456665039,48.29369354248047,77.48776245117188,1.181680679321289,35.635108947753906
073_roll,put the roll on the tray,4,1,52,3.543,1788427921.5950058,00003_front_put_the_roll_on_the_tray.png,00003_wrist_put_the_roll_on_the_tray.png,recap.png,50,16,95,96,-5.0989010989010985,-82.06593406593407,65.97802197802197,71.64835164835165,-0.7472527472527473,0.821917808219178,-5.1929779052734375,-48.84446716308594,47.999755859375,77.30353546142578,1.2242069244384766,35.82373046875
073_roll,put the roll on the tray,4,1,52,3.543,1788427921.5950058,00003_front_put_the_roll_on_the_tray.png,00003_wrist_put_the_roll_on_the_tray.png,recap.png,50,17,96,97,-5.0989010989010985,-82.06593406593407,65.97802197802197,71.64835164835165,-0.7472527472527473,0.821917808219178,-5.188962936401367,-48.241249084472656,47.561553955078125,77.32174682617188,1.2762956619262695,36.017696380615234
073_roll,put the roll on the tray,4,1,52,3.543,1788427921.5950058,00003_front_put_the_roll_on_the_tray.png,00003_wrist_put_the_roll_on_the_tray.png,recap.png,50,18,97,98,-5.0989010989010985,-82.06593406593407,65.97802197802197,71.64835164835165,-0.7472527472527473,0.821917808219178,-4.999195098876953,-47.708839416503906,47.400901794433594,77.08971405029297,1.354414939880371,36.51897048950195
073_roll,put the roll on the tray,4,1,52,3.543,1788427921.5950058,00003_front_put_the_roll_on_the_tray.png,00003_wrist_put_the_roll_on_the_tray.png,recap.png,50,19,98,99,-5.0989010989010985,-82.06593406593407,65.97802197802197,71.64835164835165,-0.7472527472527473,0.821917808219178,-5.175718307495117,-46.258644104003906,46.93193054199219,77.18021392822266,1.4561243057250977,36.87203598022461
073_roll,put the roll on the tray,4,1,52,3.543,1788427921.5950058,00003_front_put_the_roll_on_the_tray.png,00003_wrist_put_the_roll_on_the_tray.png,recap.png,50,20,99,100,-5.0989010989010985,-82.06593406593407,65.97802197802197,71.64835164835165,-0.7472527472527473,0.821917808219178,-5.299200057983398,-45.29909896850586,46.482383728027344,76.9779052734375,1.4357519149780273,37.21662139892578
073_roll,put the roll on the tray,4,1,52,3.543,1788427921.5950058,00003_front_put_the_roll_on_the_tray.png,00003_wrist_put_the_roll_on_the_tray.png,recap.png,50,21,100,101,-5.0989010989010985,-82.06593406593407,65.97802197802197,71.64835164835165,-0.7472527472527473,0.821917808219178,-5.415987014770508,-43.96432113647461,46.20600128173828,76.67878723144531,1.6221418380737305,37.570831298828125
073_roll,put the roll on the tray,4,1,52,3.543,1788427921.5950058,00003_front_put_the_roll_on_the_tray.png,00003_wrist_put_the_roll_on_the_tray.png,recap.png,50,22,101,102,-5.0989010989010985,-82.06593406593407,65.97802197802197,71.64835164835165,-0.7472527472527473,0.821917808219178,-5.489053726196289,-42.6859130859375,46.31353759765625,76.60680389404297,1.5940227508544922,37.95964050292969
073_roll,put the roll on the tray,5,1,78,4.581,1788427922.6291866,00004_front_put_the_roll_on_the_tray.png,00004_wrist_put_the_roll_on_the_tray.png,recap.png,50,0,102,103,-4.747252747252747,-63.69230769230769,53.67032967032967,76.92307692307692,-0.6593406593406593,29.10958904109589,-6.26856803894043,-44.173404693603516,46.979705810546875,76.76373291015625,2.3248605728149414,40.00775909423828
073_roll,put the roll on the tray,5,1,78,4.581,1788427922.6291866,00004_front_put_the_roll_on_the_tray.png,00004_wrist_put_the_roll_on_the_tray.png,recap.png,50,1,103,104,-4.747252747252747,-63.69230769230769,53.67032967032967,76.92307692307692,-0.6593406593406593,29.10958904109589,-6.41529655456543,-43.27495193481445,46.78363037109375,76.58678436279297,2.238842010498047,40.18989181518555
073_roll,put the roll on the tray,5,1,78,4.581,1788427922.6291866,00004_front_put_the_roll_on_the_tray.png,00004_wrist_put_the_roll_on_the_tray.png,recap.png,50,2,104,105,-4.747252747252747,-63.69230769230769,53.67032967032967,76.92307692307692,-0.6593406593406593,29.10958904109589,-6.518062591552734,-42.06980895996094,46.654632568359375,76.24053192138672,2.1731691360473633,40.17227554321289
073_roll,put the roll on the tray,5,1,78,4.581,1788427922.6291866,00004_front_put_the_roll_on_the_tray.png,00004_wrist_put_the_roll_on_the_tray.png,recap.png,50,3,105,106,-4.747252747252747,-63.69230769230769,53.67032967032967,76.92307692307692,-0.6593406593406593,29.10958904109589,-6.504922866821289,-40.733768463134766,45.803993225097656,75.87118530273438,2.1111555099487305,40.3304328918457
073_roll,put the roll on the tray,5,1,78,4.581,1788427922.6291866,00004_front_put_the_roll_on_the_tray.png,00004_wrist_put_the_roll_on_the_tray.png,recap.png,50,4,106,107,-4.747252747252747,-63.69230769230769,53.67032967032967,76.92307692307692,-0.6593406593406593,29.10958904109589,-6.496904373168945,-39.67384338378906,45.600730895996094,75.66520690917969,2.1268272399902344,40.23367691040039
073_roll,put the roll on the tray,5,1,78,4.581,1788427922.6291866,00004_front_put_the_roll_on_the_tray.png,00004_wrist_put_the_roll_on_the_tray.png,recap.png,50,5,107,108,-4.747252747252747,-63.69230769230769,53.67032967032967,76.92307692307692,-0.6593406593406593,29.10958904109589,-6.526214599609375,-38.995601654052734,45.55187225341797,75.40178680419922,2.0518112182617188,40.155948638916016
073_roll,put the roll on the tray,5,1,78,4.581,1788427922.6291866,00004_front_put_the_roll_on_the_tray.png,00004_wrist_put_the_roll_on_the_tray.png,recap.png,50,6,108,109,-4.747252747252747,-63.69230769230769,53.67032967032967,76.92307692307692,-0.6593406593406593,29.10958904109589,-6.816896438598633,-38.209861755371094,45.350189208984375,75.0190658569336,1.9918594360351562,40.14912796020508
073_roll,put the roll on the tray,5,1,78,4.581,1788427922.6291866,00004_front_put_the_roll_on_the_tray.png,00004_wrist_put_the_roll_on_the_tray.png,recap.png,50,7,109,110,-4.747252747252747,-63.69230769230769,53.67032967032967,76.92307692307692,-0.6593406593406593,29.10958904109589,-6.457742691040039,-37.38605499267578,45.331748962402344,74.58031463623047,1.9695587158203125,40.12185287475586
073_roll,put the roll on the tray,5,1,78,4.581,1788427922.6291866,00004_front_put_the_roll_on_the_tray.png,00004_wrist_put_the_roll_on_the_tray.png,recap.png,50,8,110,111,-4.747252747252747,-63.69230769230769,53.67032967032967,76.92307692307692,-0.6593406593406593,29.10958904109589,-6.653148651123047,-36.384925842285156,45.07203674316406,74.58845520019531,1.7924318313598633,40.19976043701172
073_roll,put the roll on the tray,5,1,78,4.581,1788427922.6291866,00004_front_put_the_roll_on_the_tray.png,00004_wrist_put_the_roll_on_the_tray.png,recap.png,50,9,111,112,-4.747252747252747,-63.69230769230769,53.67032967032967,76.92307692307692,-0.6593406593406593,29.10958904109589,-6.690069198608398,-35.079978942871094,44.720062255859375,74.22200775146484,1.7668800354003906,40.27870178222656
073_roll,put the roll on the tray,5,1,78,4.581,1788427922.6291866,00004_front_put_the_roll_on_the_tray.png,00004_wrist_put_the_roll_on_the_tray.png,recap.png,50,10,112,113,-4.747252747252747,-63.69230769230769,53.67032967032967,76.92307692307692,-0.6593406593406593,29.10958904109589,-6.575296401977539,-34.09049987792969,44.55424499511719,73.84527587890625,1.7575807571411133,40.07841873168945
073_roll,put the roll on the tray,5,1,78,4.581,1788427922.6291866,00004_front_put_the_roll_on_the_tray.png,00004_wrist_put_the_roll_on_the_tray.png,recap.png,50,11,113,114,-4.747252747252747,-63.69230769230769,53.67032967032967,76.92307692307692,-0.6593406593406593,29.10958904109589,-6.515296936035156,-32.9263916015625,43.683326721191406,73.68944549560547,1.8151836395263672,40.161216735839844
073_roll,put the roll on the tray,5,1,78,4.581,1788427922.6291866,00004_front_put_the_roll_on_the_tray.png,00004_wrist_put_the_roll_on_the_tray.png,recap.png,50,12,114,115,-4.747252747252747,-63.69230769230769,53.67032967032967,76.92307692307692,-0.6593406593406593,29.10958904109589,-6.668779373168945,-31.481979370117188,43.39933776855469,73.7057113647461,1.846780776977539,40.094058990478516
073_roll,put the roll on the tray,5,1,78,4.581,1788427922.6291866,00004_front_put_the_roll_on_the_tray.png,00004_wrist_put_the_roll_on_the_tray.png,recap.png,50,13,115,116,-4.747252747252747,-63.69230769230769,53.67032967032967,76.92307692307692,-0.6593406593406593,29.10958904109589,-6.702983856201172,-31.003631591796875,43.53352355957031,73.64273834228516,1.806015968322754,40.28159713745117
073_roll,put the roll on the tray,5,1,78,4.581,1788427922.6291866,00004_front_put_the_roll_on_the_tray.png,00004_wrist_put_the_roll_on_the_tray.png,recap.png,50,14,116,117,-4.747252747252747,-63.69230769230769,53.67032967032967,76.92307692307692,-0.6593406593406593,29.10958904109589,-6.640769958496094,-30.16839599609375,43.19298553466797,73.21929168701172,1.8466520309448242,40.35155487060547
073_roll,put the roll on the tray,5,1,78,4.581,1788427922.6291866,00004_front_put_the_roll_on_the_tray.png,00004_wrist_put_the_roll_on_the_tray.png,recap.png,50,15,117,118,-4.747252747252747,-63.69230769230769,53.67032967032967,76.92307692307692,-0.6593406593406593,29.10958904109589,-6.525960922241211,-29.676651000976562,42.79264831542969,72.94678497314453,1.8543014526367188,40.39169692993164
073_roll,put the roll on the tray,5,1,78,4.581,1788427922.6291866,00004_front_put_the_roll_on_the_tray.png,00004_wrist_put_the_roll_on_the_tray.png,recap.png,50,16,118,119,-4.747252747252747,-63.69230769230769,53.67032967032967,76.92307692307692,-0.6593406593406593,29.10958904109589,-6.693906784057617,-29.04839324951172,42.89574432373047,72.57032775878906,1.8248395919799805,40.40775680541992
073_roll,put the roll on the tray,5,1,78,4.581,1788427922.6291866,00004_front_put_the_roll_on_the_tray.png,00004_wrist_put_the_roll_on_the_tray.png,recap.png,50,17,119,120,-4.747252747252747,-63.69230769230769,53.67032967032967,76.92307692307692,-0.6593406593406593,29.10958904109589,-6.583248138427734,-27.87786102294922,43.02671813964844,72.29344177246094,1.8573589324951172,40.450157165527344
073_roll,put the roll on the tray,5,1,78,4.581,1788427922.6291866,00004_front_put_the_roll_on_the_tray.png,00004_wrist_put_the_roll_on_the_tray.png,recap.png,50,18,120,121,-4.747252747252747,-63.69230769230769,53.67032967032967,76.92307692307692,-0.6593406593406593,29.10958904109589,-6.643592834472656,-26.909393310546875,43.19091796875,71.69844818115234,1.9426345825195312,40.518009185791016
073_roll,put the roll on the tray,5,1,78,4.581,1788427922.6291866,00004_front_put_the_roll_on_the_tray.png,00004_wrist_put_the_roll_on_the_tray.png,recap.png,50,19,121,122,-4.747252747252747,-63.69230769230769,53.67032967032967,76.92307692307692,-0.6593406593406593,29.10958904109589,-6.697023391723633,-26.190574645996094,42.46984100341797,71.30886840820312,1.9875526428222656,40.677146911621094
073_roll,put the roll on the tray,5,1,78,4.581,1788427922.6291866,00004_front_put_the_roll_on_the_tray.png,00004_wrist_put_the_roll_on_the_tray.png,recap.png,50,20,122,123,-4.747252747252747,-63.69230769230769,53.67032967032967,76.92307692307692,-0.6593406593406593,29.10958904109589,-6.681581497192383,-25.481964111328125,42.656700134277344,70.78934478759766,1.8954925537109375,40.54984664916992
073_roll,put the roll on the tray,5,1,78,4.581,1788427922.6291866,00004_front_put_the_roll_on_the_tray.png,00004_wrist_put_the_roll_on_the_tray.png,recap.png,50,21,123,124,-4.747252747252747,-63.69230769230769,53.67032967032967,76.92307692307692,-0.6593406593406593,29.10958904109589,-6.785146713256836,-24.384521484375,42.61241912841797,70.41801452636719,1.8954448699951172,40.8072509765625
073_roll,put the roll on the tray,5,1,78,4.581,1788427922.6291866,00004_front_put_the_roll_on_the_tray.png,00004_wrist_put_the_roll_on_the_tray.png,recap.png,50,22,124,125,-4.747252747252747,-63.69230769230769,53.67032967032967,76.92307692307692,-0.6593406593406593,29.10958904109589,-6.566089630126953,-23.71521759033203,41.781471252441406,69.87989044189453,1.8615398406982422,40.90056228637695
073_roll,put the roll on the tray,5,1,78,4.581,1788427922.6291866,00004_front_put_the_roll_on_the_tray.png,00004_wrist_put_the_roll_on_the_tray.png,recap.png,50,23,125,126,-4.747252747252747,-63.69230769230769,53.67032967032967,76.92307692307692,-0.6593406593406593,29.10958904109589,-6.745893478393555,-22.29340362548828,41.882957458496094,69.67086791992188,2.022695541381836,41.08172607421875
073_roll,put the roll on the tray,5,1,78,4.581,1788427922.6291866,00004_front_put_the_roll_on_the_tray.png,00004_wrist_put_the_roll_on_the_tray.png,recap.png,50,24,126,127,-4.747252747252747,-63.69230769230769,53.67032967032967,76.92307692307692,-0.6593406593406593,29.10958904109589,-6.837152481079102,-21.09912872314453,41.14866638183594,69.52638244628906,1.9663419723510742,41.16581726074219
073_roll,put the roll on the tray,5,1,78,4.581,1788427922.6291866,00004_front_put_the_roll_on_the_tray.png,00004_wrist_put_the_roll_on_the_tray.png,recap.png,50,25,127,128,-4.747252747252747,-63.69230769230769,53.67032967032967,76.92307692307692,-0.6593406593406593,29.10958904109589,-6.9355926513671875,-20.158164978027344,41.11206817626953,69.33954620361328,1.9982872009277344,41.41377639770508
073_roll,put the roll on the tray,6,1,101,5.384,1788427923.4310663,00005_front_put_the_roll_on_the_tray.png,00005_wrist_put_the_roll_on_the_tray.png,recap.png,50,0,128,129,-5.010989010989011,-46.10989010989011,49.0989010989011,77.89010989010988,0.9230769230769231,36.71232876712329,-5.626340866088867,-12.546722412109375,35.89629364013672,68.57229614257812,1.020956039428711,39.433738708496094
073_roll,put the roll on the tray,6,1,101,5.384,1788427923.4310663,00005_front_put_the_roll_on_the_tray.png,00005_wrist_put_the_roll_on_the_tray.png,recap.png,50,1,129,130,-5.010989010989011,-46.10989010989011,49.0989010989011,77.89010989010988,0.9230769230769231,36.71232876712329,-5.794839859008789,-11.993316650390625,35.6700439453125,67.98085021972656,0.8823270797729492,39.31059265136719
073_roll,put the roll on the tray,6,1,101,5.384,1788427923.4310663,00005_front_put_the_roll_on_the_tray.png,00005_wrist_put_the_roll_on_the_tray.png,recap.png,50,2,130,131,-5.010989010989011,-46.10989010989011,49.0989010989011,77.89010989010988,0.9230769230769231,36.71232876712329,-5.653697967529297,-11.757583618164062,35.96973419189453,67.35823059082031,0.9155397415161133,39.307044982910156
073_roll,put the roll on the tray,6,1,101,5.384,1788427923.4310663,00005_front_put_the_roll_on_the_tray.png,00005_wrist_put_the_roll_on_the_tray.png,recap.png,50,3,131,132,-5.010989010989011,-46.10989010989011,49.0989010989011,77.89010989010988,0.9230769230769231,36.71232876712329,-5.915578842163086,-11.153244018554688,35.7379150390625,66.90574645996094,0.8949651718139648,39.681522369384766
073_roll,put the roll on the tray,6,1,101,5.384,1788427923.4310663,00005_front_put_the_roll_on_the_tray.png,00005_wrist_put_the_roll_on_the_tray.png,recap.png,50,4,132,133,-5.010989010989011,-46.10989010989011,49.0989010989011,77.89010989010988,0.9230769230769231,36.71232876712329,-5.8118743896484375,-11.128692626953125,35.77704620361328,66.4909439086914,1.0109453201293945,40.12461471557617
073_roll,put the roll on the tray,6,1,101,5.384,1788427923.4310663,00005_front_put_the_roll_on_the_tray.png,00005_wrist_put_the_roll_on_the_tray.png,recap.png,50,5,133,134,-5.010989010989011,-46.10989010989011,49.0989010989011,77.89010989010988,0.9230769230769231,36.71232876712329,-5.772388458251953,-10.629432678222656,36.41394805908203,66.19475555419922,0.8635110855102539,40.748756408691406
073_roll,put the roll on the tray,6,1,101,5.384,1788427923.4310663,00005_front_put_the_roll_on_the_tray.png,00005_wrist_put_the_roll_on_the_tray.png,recap.png,50,6,134,135,-5.010989010989011,-46.10989010989011,49.0989010989011,77.89010989010988,0.9230769230769231,36.71232876712329,-5.925455093383789,-8.95416259765625,36.357582092285156,65.57230377197266,0.8413801193237305,40.639015197753906
073_roll,put the roll on the tray,6,1,101,5.384,1788427923.4310663,00005_front_put_the_roll_on_the_tray.png,00005_wrist_put_the_roll_on_the_tray.png,recap.png,50,7,135,136,-5.010989010989011,-46.10989010989011,49.0989010989011,77.89010989010988,0.9230769230769231,36.71232876712329,-5.543985366821289,-8.925956726074219,36.007591247558594,65.59151458740234,0.6332473754882812,40.17905807495117
073_roll,put the roll on the tray,6,1,101,5.384,1788427923.4310663,00005_front_put_the_roll_on_the_tray.png,00005_wrist_put_the_roll_on_the_tray.png,recap.png,50,8,136,137,-5.010989010989011,-46.10989010989011,49.0989010989011,77.89010989010988,0.9230769230769231,36.71232876712329,-5.477325439453125,-8.28570556640625,35.18586730957031,65.25538635253906,0.6182489395141602,39.57061767578125
073_roll,put the roll on the tray,6,1,101,5.384,1788427923.4310663,00005_front_put_the_roll_on_the_tray.png,00005_wrist_put_the_roll_on_the_tray.png,recap.png,50,9,137,138,-5.010989010989011,-46.10989010989011,49.0989010989011,77.89010989010988,0.9230769230769231,36.71232876712329,-5.825050354003906,-7.7221832275390625,35.23365020751953,65.41262817382812,0.5670890808105469,39.19846725463867
073_roll,put the roll on the tray,6,1,101,5.384,1788427923.4310663,00005_front_put_the_roll_on_the_tray.png,00005_wrist_put_the_roll_on_the_tray.png,recap.png,50,10,138,139,-5.010989010989011,-46.10989010989011,49.0989010989011,77.89010989010988,0.9230769230769231,36.71232876712329,-5.5624847412109375,-6.152717590332031,34.524742126464844,65.69324493408203,0.5902843475341797,37.3121452331543
073_roll,put the roll on the tray,6,1,101,5.384,1788427923.4310663,00005_front_put_the_roll_on_the_tray.png,00005_wrist_put_the_roll_on_the_tray.png,recap.png,50,11,139,140,-5.010989010989011,-46.10989010989011,49.0989010989011,77.89010989010988,0.9230769230769231,36.71232876712329,-5.8108367919921875,-6.027305603027344,34.4434814453125,65.62834167480469,0.3866891860961914,35.615325927734375
073_roll,put the roll on the tray,6,1,101,5.384,1788427923.4310663,00005_front_put_the_roll_on_the_tray.png,00005_wrist_put_the_roll_on_the_tray.png,recap.png,50,12,140,141,-5.010989010989011,-46.10989010989011,49.0989010989011,77.89010989010988,0.9230769230769231,36.71232876712329,-5.525310516357422,-6.3396759033203125,34.31916046142578,65.9609146118164,0.3527107238769531,34.256343841552734
073_roll,put the roll on the tray,6,1,101,5.384,1788427923.4310663,00005_front_put_the_roll_on_the_tray.png,00005_wrist_put_the_roll_on_the_tray.png,recap.png,50,13,141,142,-5.010989010989011,-46.10989010989011,49.0989010989011,77.89010989010988,0.9230769230769231,36.71232876712329,-5.022886276245117,-5.738029479980469,34.04852294921875,66.06565856933594,0.2679252624511719,32.058284759521484
073_roll,put the roll on the tray,6,1,101,5.384,1788427923.4310663,00005_front_put_the_roll_on_the_tray.png,00005_wrist_put_the_roll_on_the_tray.png,recap.png,50,14,142,143,-5.010989010989011,-46.10989010989011,49.0989010989011,77.89010989010988,0.9230769230769231,36.71232876712329,-5.097925186157227,-5.1593475341796875,33.96492004394531,66.18878173828125,0.33539581298828125,29.928892135620117
073_roll,put the roll on the tray,6,1,101,5.384,1788427923.4310663,00005_front_put_the_roll_on_the_tray.png,00005_wrist_put_the_roll_on_the_tray.png,recap.png,50,15,143,144,-5.010989010989011,-46.10989010989011,49.0989010989011,77.89010989010988,0.9230769230769231,36.71232876712329,-4.767490386962891,-5.365074157714844,33.56776428222656,66.55838012695312,0.17598533630371094,27.47357749938965
073_roll,put the roll on the tray,6,1,101,5.384,1788427923.4310663,00005_front_put_the_roll_on_the_tray.png,00005_wrist_put_the_roll_on_the_tray.png,recap.png,50,16,144,145,-5.010989010989011,-46.10989010989011,49.0989010989011,77.89010989010988,0.9230769230769231,36.71232876712329,-4.730609893798828,-5.206275939941406,34.12024688720703,66.4132308959961,0.37017345428466797,24.90365982055664
073_roll,put the roll on the tray,6,1,101,5.384,1788427923.4310663,00005_front_put_the_roll_on_the_tray.png,00005_wrist_put_the_roll_on_the_tray.png,recap.png,50,17,145,146,-5.010989010989011,-46.10989010989011,49.0989010989011,77.89010989010988,0.9230769230769231,36.71232876712329,-4.169561386108398,-5.2586822509765625,33.14813995361328,66.24365234375,0.2152872085571289,22.220813751220703
073_roll,put the roll on the tray,6,1,101,5.384,1788427923.4310663,00005_front_put_the_roll_on_the_tray.png,00005_wrist_put_the_roll_on_the_tray.png,recap.png,50,18,146,147,-5.010989010989011,-46.10989010989011,49.0989010989011,77.89010989010988,0.9230769230769231,36.71232876712329,-4.1439971923828125,-5.926605224609375,33.60521697998047,66.603759765625,0.3094625473022461,19.813369750976562
073_roll,put the roll on the tray,6,1,101,5.384,1788427923.4310663,00005_front_put_the_roll_on_the_tray.png,00005_wrist_put_the_roll_on_the_tray.png,recap.png,50,19,147,148,-5.010989010989011,-46.10989010989011,49.0989010989011,77.89010989010988,0.9230769230769231,36.71232876712329,-3.835886001586914,-5.46978759765625,33.24242401123047,66.65985107421875,0.3123016357421875,17.897686004638672
073_roll,put the roll on the tray,6,1,101,5.384,1788427923.4310663,00005_front_put_the_roll_on_the_tray.png,00005_wrist_put_the_roll_on_the_tray.png,recap.png,50,20,148,149,-5.010989010989011,-46.10989010989011,49.0989010989011,77.89010989010988,0.9230769230769231,36.71232876712329,-3.442251205444336,-5.3543548583984375,33.375511169433594,66.71073913574219,0.2888307571411133,16.283157348632812
073_roll,put the roll on the tray,6,1,101,5.384,1788427923.4310663,00005_front_put_the_roll_on_the_tray.png,00005_wrist_put_the_roll_on_the_tray.png,recap.png,50,21,149,150,-5.010989010989011,-46.10989010989011,49.0989010989011,77.89010989010988,0.9230769230769231,36.71232876712329,-3.450298309326172,-5.720420837402344,33.2730712890625,67.00251770019531,0.4282665252685547,15.53434944152832
073_roll,put the roll on the tray,6,1,101,5.384,1788427923.4310663,00005_front_put_the_roll_on_the_tray.png,00005_wrist_put_the_roll_on_the_tray.png,recap.png,50,22,150,151,-5.010989010989011,-46.10989010989011,49.0989010989011,77.89010989010988,0.9230769230769231,36.71232876712329,-3.272014617919922,-5.911201477050781,32.54290771484375,67.54190826416016,0.33451366424560547,14.830431938171387
073_roll,put the roll on the tray,7,1,127,6.454,1788427924.5023127,00006_front_put_the_roll_on_the_tray.png,00006_wrist_put_the_roll_on_the_tray.png,recap.png,50,0,151,152,-6.5054945054945055,-23.428571428571427,43.120879120879124,70.15384615384616,1.7142857142857142,40.821917808219176,-4.637367248535156,-3.0480880737304688,33.800811767578125,66.2803955078125,1.6048479080200195,17.985401153564453
073_roll,put the roll on the tray,7,1,127,6.454,1788427924.5023127,00006_front_put_the_roll_on_the_tray.png,00006_wrist_put_the_roll_on_the_tray.png,recap.png,50,1,152,153,-6.5054945054945055,-23.428571428571427,43.120879120879124,70.15384615384616,1.7142857142857142,40.821917808219176,-4.704898834228516,-2.8790206909179688,33.611717224121094,66.51850128173828,1.6003131866455078,16.337512969970703
073_roll,put the roll on the tray,7,1,127,6.454,1788427924.5023127,00006_front_put_the_roll_on_the_tray.png,00006_wrist_put_the_roll_on_the_tray.png,recap.png,50,2,153,154,-6.5054945054945055,-23.428571428571427,43.120879120879124,70.15384615384616,1.7142857142857142,40.821917808219176,-4.39155387878418,-3.065277099609375,34.06017303466797,66.28268432617188,1.7005014419555664,15.159783363342285
073_roll,put the roll on the tray,7,1,127,6.454,1788427924.5023127,00006_front_put_the_roll_on_the_tray.png,00006_wrist_put_the_roll_on_the_tray.png,recap.png,50,3,154,155,-6.5054945054945055,-23.428571428571427,43.120879120879124,70.15384615384616,1.7142857142857142,40.821917808219176,-4.273765563964844,-4.112602233886719,32.88677978515625,66.21713256835938,1.6187973022460938,14.38398551940918
073_roll,put the roll on the tray,7,1,127,6.454,1788427924.5023127,00006_front_put_the_roll_on_the_tray.png,00006_wrist_put_the_roll_on_the_tray.png,recap.png,50,4,155,156,-6.5054945054945055,-23.428571428571427,43.120879120879124,70.15384615384616,1.7142857142857142,40.821917808219176,-4.220325469970703,-4.0754852294921875,33.52410125732422,66.40480041503906,1.6184272766113281,14.166938781738281
073_roll,put the roll on the tray,7,1,127,6.454,1788427924.5023127,00006_front_put_the_roll_on_the_tray.png,00006_wrist_put_the_roll_on_the_tray.png,recap.png,50,5,156,157,-6.5054945054945055,-23.428571428571427,43.120879120879124,70.15384615384616,1.7142857142857142,40.821917808219176,-4.545612335205078,-4.624168395996094,33.1617431640625,66.77560424804688,1.4347219467163086,13.954215049743652
073_roll,put the roll on the tray,7,1,127,6.454,1788427924.5023127,00006_front_put_the_roll_on_the_tray.png,00006_wrist_put_the_roll_on_the_tray.png,recap.png,50,6,157,158,-6.5054945054945055,-23.428571428571427,43.120879120879124,70.15384615384616,1.7142857142857142,40.821917808219176,-4.159200668334961,-4.123603820800781,32.097801208496094,67.24497985839844,1.312704086303711,13.678711891174316
073_roll,put the roll on the tray,7,1,127,6.454,1788427924.5023127,00006_front_put_the_roll_on_the_tray.png,00006_wrist_put_the_roll_on_the_tray.png,recap.png,50,7,158,159,-6.5054945054945055,-23.428571428571427,43.120879120879124,70.15384615384616,1.7142857142857142,40.821917808219176,-4.09394645690918,-4.23779296875,32.070831298828125,67.87933349609375,1.3264923095703125,13.266472816467285
073_roll,put the roll on the tray,7,1,127,6.454,1788427924.5023127,00006_front_put_the_roll_on_the_tray.png,00006_wrist_put_the_roll_on_the_tray.png,recap.png,50,8,159,160,-6.5054945054945055,-23.428571428571427,43.120879120879124,70.15384615384616,1.7142857142857142,40.821917808219176,-3.834299087524414,-3.4492263793945312,30.89110565185547,68.51470947265625,1.1707086563110352,13.11681079864502
073_roll,put the roll on the tray,7,1,127,6.454,1788427924.5023127,00006_front_put_the_roll_on_the_tray.png,00006_wrist_put_the_roll_on_the_tray.png,recap.png,50,9,160,161,-6.5054945054945055,-23.428571428571427,43.120879120879124,70.15384615384616,1.7142857142857142,40.821917808219176,-3.897634506225586,-4.954612731933594,30.163902282714844,69.30361938476562,0.9046411514282227,12.128293991088867
073_roll,put the roll on the tray,7,1,127,6.454,1788427924.5023127,00006_front_put_the_roll_on_the_tray.png,00006_wrist_put_the_roll_on_the_tray.png,recap.png,50,10,161,162,-6.5054945054945055,-23.428571428571427,43.120879120879124,70.15384615384616,1.7142857142857142,40.821917808219176,-3.8844451904296875,-5.490966796875,28.528404235839844,70.45281219482422,0.4109640121459961,11.914716720581055
073_roll,put the roll on the tray,7,1,127,6.454,1788427924.5023127,00006_front_put_the_roll_on_the_tray.png,00006_wrist_put_the_roll_on_the_tray.png,recap.png,50,11,162,163,-6.5054945054945055,-23.428571428571427,43.120879120879124,70.15384615384616,1.7142857142857142,40.821917808219176,-4.015251159667969,-5.9495849609375,27.487197875976562,71.71369934082031,0.013838768005371094,11.781807899475098
073_roll,put the roll on the tray,7,1,127,6.454,1788427924.5023127,00006_front_put_the_roll_on_the_tray.png,00006_wrist_put_the_roll_on_the_tray.png,recap.png,50,12,163,164,-6.5054945054945055,-23.428571428571427,43.120879120879124,70.15384615384616,1.7142857142857142,40.821917808219176,-3.7116146087646484,-4.7483367919921875,25.73211669921875,73.18362426757812,-0.22045040130615234,11.691271781921387
073_roll,put the roll on the tray,7,1,127,6.454,1788427924.5023127,00006_front_put_the_roll_on_the_tray.png,00006_wrist_put_the_roll_on_the_tray.png,recap.png,50,13,164,165,-6.5054945054945055,-23.428571428571427,43.120879120879124,70.15384615384616,1.7142857142857142,40.821917808219176,-3.6789073944091797,-4.482337951660156,24.3134765625,74.3637924194336,-0.5837726593017578,11.695140838623047
073_roll,put the roll on the tray,7,1,127,6.454,1788427924.5023127,00006_front_put_the_roll_on_the_tray.png,00006_wrist_put_the_roll_on_the_tray.png,recap.png,50,14,165,166,-6.5054945054945055,-23.428571428571427,43.120879120879124,70.15384615384616,1.7142857142857142,40.821917808219176,-3.8128662109375,-5.602203369140625,23.46112823486328,76.05978393554688,-0.7665443420410156,11.412848472595215
073_roll,put the roll on the tray,7,1,127,6.454,1788427924.5023127,00006_front_put_the_roll_on_the_tray.png,00006_wrist_put_the_roll_on_the_tray.png,recap.png,50,15,166,167,-6.5054945054945055,-23.428571428571427,43.120879120879124,70.15384615384616,1.7142857142857142,40.821917808219176,-3.894193649291992,-6.298332214355469,21.325035095214844,77.57061767578125,-0.7083196640014648,11.311232566833496
073_roll,put the roll on the tray,7,1,127,6.454,1788427924.5023127,00006_front_put_the_roll_on_the_tray.png,00006_wrist_put_the_roll_on_the_tray.png,recap.png,50,16,167,168,-6.5054945054945055,-23.428571428571427,43.120879120879124,70.15384615384616,1.7142857142857142,40.821917808219176,-3.6520118713378906,-6.4570159912109375,19.673728942871094,78.8925552368164,-0.7311487197875977,11.158700942993164
073_roll,put the roll on the tray,7,1,127,6.454,1788427924.5023127,00006_front_put_the_roll_on_the_tray.png,00006_wrist_put_the_roll_on_the_tray.png,recap.png,50,17,168,169,-6.5054945054945055,-23.428571428571427,43.120879120879124,70.15384615384616,1.7142857142857142,40.821917808219176,-3.896322250366211,-5.94732666015625,17.350074768066406,80.34284210205078,-0.7002620697021484,11.150778770446777
073_roll,put the roll on the tray,7,1,127,6.454,1788427924.5023127,00006_front_put_the_roll_on_the_tray.png,00006_wrist_put_the_roll_on_the_tray.png,recap.png,50,18,169,170,-6.5054945054945055,-23.428571428571427,43.120879120879124,70.15384615384616,1.7142857142857142,40.821917808219176,-3.910402297973633,-6.794158935546875,16.156005859375,81.78849792480469,-0.7038307189941406,11.000507354736328
073_roll,put the roll on the tray,7,1,127,6.454,1788427924.5023127,00006_front_put_the_roll_on_the_tray.png,00006_wrist_put_the_roll_on_the_tray.png,recap.png,50,19,170,171,-6.5054945054945055,-23.428571428571427,43.120879120879124,70.15384615384616,1.7142857142857142,40.821917808219176,-3.539592742919922,-6.997062683105469,15.226066589355469,83.07362365722656,-0.6244239807128906,11.032413482666016
073_roll,put the roll on the tray,7,1,127,6.454,1788427924.5023127,00006_front_put_the_roll_on_the_tray.png,00006_wrist_put_the_roll_on_the_tray.png,recap.png,50,20,171,172,-6.5054945054945055,-23.428571428571427,43.120879120879124,70.15384615384616,1.7142857142857142,40.821917808219176,-3.4131641387939453,-7.440299987792969,13.168663024902344,84.35348510742188,-0.6973628997802734,11.050312995910645
073_roll,put the roll on the tray,7,1,127,6.454,1788427924.5023127,00006_front_put_the_roll_on_the_tray.png,00006_wrist_put_the_roll_on_the_tray.png,recap.png,50,21,172,173,-6.5054945054945055,-23.428571428571427,43.120879120879124,70.15384615384616,1.7142857142857142,40.821917808219176,-3.0738182067871094,-8.233383178710938,11.528823852539062,85.71977233886719,-0.7159643173217773,11.058920860290527
073_roll,put the roll on the tray,7,1,127,6.454,1788427924.5023127,00006_front_put_the_roll_on_the_tray.png,00006_wrist_put_the_roll_on_the_tray.png,recap.png,50,22,173,174,-6.5054945054945055,-23.428571428571427,43.120879120879124,70.15384615384616,1.7142857142857142,40.821917808219176,-2.8766231536865234,-8.492202758789062,10.072242736816406,86.52400207519531,-0.7278928756713867,11.100654602050781
073_roll,put the roll on the tray,7,1,127,6.454,1788427924.5023127,00006_front_put_the_roll_on_the_tray.png,00006_wrist_put_the_roll_on_the_tray.png,recap.png,50,23,174,175,-6.5054945054945055,-23.428571428571427,43.120879120879124,70.15384615384616,1.7142857142857142,40.821917808219176,-2.6437301635742188,-9.883163452148438,9.127304077148438,87.57470703125,-0.699376106262207,10.898418426513672
073_roll,put the roll on the tray,7,1,127,6.454,1788427924.5023127,00006_front_put_the_roll_on_the_tray.png,00006_wrist_put_the_roll_on_the_tray.png,recap.png,50,24,175,176,-6.5054945054945055,-23.428571428571427,43.120879120879124,70.15384615384616,1.7142857142857142,40.821917808219176,-2.5549392700195312,-10.066551208496094,8.234474182128906,88.68986511230469,-0.7509918212890625,10.920214653015137
073_roll,put the roll on the tray,7,1,127,6.454,1788427924.5023127,00006_front_put_the_roll_on_the_tray.png,00006_wrist_put_the_roll_on_the_tray.png,recap.png,50,25,176,177,-6.5054945054945055,-23.428571428571427,43.120879120879124,70.15384615384616,1.7142857142857142,40.821917808219176,-2.068471908569336,-10.422348022460938,7.160125732421875,89.62952423095703,-0.7225236892700195,11.038002967834473
073_roll,put the roll on the tray,8,1,150,7.29,1788427925.3380456,00007_front_put_the_roll_on_the_tray.png,00007_wrist_put_the_roll_on_the_tray.png,recap.png,50,0,177,178,-4.483516483516484,-6.197802197802198,33.18681318681319,65.67032967032966,0.9230769230769231,20.205479452054796,6.237369537353516,-18.207321166992188,9.241363525390625,84.51533508300781,0.30535888671875,11.142313003540039
073_roll,put the roll on the tray,8,1,150,7.29,1788427925.3380456,00007_front_put_the_roll_on_the_tray.png,00007_wrist_put_the_roll_on_the_tray.png,recap.png,50,1,178,179,-4.483516483516484,-6.197802197802198,33.18681318681319,65.67032967032966,0.9230769230769231,20.205479452054796,7.395397186279297,-19.04070281982422,9.035858154296875,84.12472534179688,0.2536783218383789,11.372771263122559
073_roll,put the roll on the tray,8,1,150,7.29,1788427925.3380456,00007_front_put_the_roll_on_the_tray.png,00007_wrist_put_the_roll_on_the_tray.png,recap.png,50,2,179,180,-4.483516483516484,-6.197802197802198,33.18681318681319,65.67032967032966,0.9230769230769231,20.205479452054796,8.24911117553711,-19.167823791503906,9.333824157714844,84.06938171386719,0.2961130142211914,11.306729316711426
073_roll,put the roll on the tray,8,1,150,7.29,1788427925.3380456,00007_front_put_the_roll_on_the_tray.png,00007_wrist_put_the_roll_on_the_tray.png,recap.png,50,3,180,181,-4.483516483516484,-6.197802197802198,33.18681318681319,65.67032967032966,0.9230769230769231,20.205479452054796,9.291007995605469,-19.861953735351562,8.842369079589844,84.37725830078125,0.2543210983276367,11.243682861328125
073_roll,put the roll on the tray,8,1,150,7.29,1788427925.3380456,00007_front_put_the_roll_on_the_tray.png,00007_wrist_put_the_roll_on_the_tray.png,recap.png,50,4,181,182,-4.483516483516484,-6.197802197802198,33.18681318681319,65.67032967032966,0.9230769230769231,20.205479452054796,10.455860137939453,-20.0654296875,8.090087890625,83.80059814453125,0.22550582885742188,11.361135482788086
073_roll,put the roll on the tray,8,1,150,7.29,1788427925.3380456,00007_front_put_the_roll_on_the_tray.png,00007_wrist_put_the_roll_on_the_tray.png,recap.png,50,5,182,183,-4.483516483516484,-6.197802197802198,33.18681318681319,65.67032967032966,0.9230769230769231,20.205479452054796,11.868335723876953,-19.64641571044922,7.101963043212891,83.81734466552734,0.5779256820678711,11.578669548034668
073_roll,put the roll on the tray,8,1,150,7.29,1788427925.3380456,00007_front_put_the_roll_on_the_tray.png,00007_wrist_put_the_roll_on_the_tray.png,recap.png,50,6,183,184,-4.483516483516484,-6.197802197802198,33.18681318681319,65.67032967032966,0.9230769230769231,20.205479452054796,12.604637145996094,-20.084983825683594,6.934928894042969,83.22772216796875,0.44565677642822266,11.326107025146484
073_roll,put the roll on the tray,8,1,150,7.29,1788427925.3380456,00007_front_put_the_roll_on_the_tray.png,00007_wrist_put_the_roll_on_the_tray.png,recap.png,50,7,184,185,-4.483516483516484,-6.197802197802198,33.18681318681319,65.67032967032966,0.9230769230769231,20.205479452054796,13.947956085205078,-20.82000732421875,4.721263885498047,83.34876251220703,0.7481832504272461,11.68299674987793
073_roll,put the roll on the tray,8,1,150,7.29,1788427925.3380456,00007_front_put_the_roll_on_the_tray.png,00007_wrist_put_the_roll_on_the_tray.png,recap.png,50,8,185,186,-4.483516483516484,-6.197802197802198,33.18681318681319,65.67032967032966,0.9230769230769231,20.205479452054796,15.152458190917969,-19.67816162109375,4.532665252685547,82.89203643798828,1.1484785079956055,11.603961944580078
073_roll,put the roll on the tray,8,1,150,7.29,1788427925.3380456,00007_front_put_the_roll_on_the_tray.png,00007_wrist_put_the_roll_on_the_tray.png,recap.png,50,9,186,187,-4.483516483516484,-6.197802197802198,33.18681318681319,65.67032967032966,0.9230769230769231,20.205479452054796,15.719627380371094,-19.103790283203125,4.224739074707031,82.48789978027344,1.1041154861450195,11.6294527053833
073_roll,put the roll on the tray,8,1,150,7.29,1788427925.3380456,00007_front_put_the_roll_on_the_tray.png,00007_wrist_put_the_roll_on_the_tray.png,recap.png,50,10,187,188,-4.483516483516484,-6.197802197802198,33.18681318681319,65.67032967032966,0.9230769230769231,20.205479452054796,16.64154052734375,-18.325271606445312,4.200801849365234,82.11837768554688,1.043757438659668,11.665055274963379
073_roll,put the roll on the tray,8,1,150,7.29,1788427925.3380456,00007_front_put_the_roll_on_the_tray.png,00007_wrist_put_the_roll_on_the_tray.png,recap.png,50,11,188,189,-4.483516483516484,-6.197802197802198,33.18681318681319,65.67032967032966,0.9230769230769231,20.205479452054796,17.860519409179688,-18.19580841064453,3.5686912536621094,81.32968139648438,1.2690086364746094,11.494791984558105
073_roll,put the roll on the tray,8,1,150,7.29,1788427925.3380456,00007_front_put_the_roll_on_the_tray.png,00007_wrist_put_the_roll_on_the_tray.png,recap.png,50,12,189,190,-4.483516483516484,-6.197802197802198,33.18681318681319,65.67032967032966,0.9230769230769231,20.205479452054796,18.587711334228516,-17.22217559814453,3.8371543884277344,80.97402954101562,1.3627738952636719,11.530025482177734
073_roll,put the roll on the tray,8,1,150,7.29,1788427925.3380456,00007_front_put_the_roll_on_the_tray.png,00007_wrist_put_the_roll_on_the_tray.png,recap.png,50,13,190,191,-4.483516483516484,-6.197802197802198,33.18681318681319,65.67032967032966,0.9230769230769231,20.205479452054796,19.502090454101562,-16.28606414794922,3.1734466552734375,79.6585464477539,1.4183540344238281,11.523056983947754
073_roll,put the roll on the tray,8,1,150,7.29,1788427925.3380456,00007_front_put_the_roll_on_the_tray.png,00007_wrist_put_the_roll_on_the_tray.png,recap.png,50,14,191,192,-4.483516483516484,-6.197802197802198,33.18681318681319,65.67032967032966,0.9230769230769231,20.205479452054796,20.80548095703125,-15.80352783203125,2.5411033630371094,78.8592529296875,1.4528207778930664,11.674138069152832
073_roll,put the roll on the tray,8,1,150,7.29,1788427925.3380456,00007_front_put_the_roll_on_the_tray.png,00007_wrist_put_the_roll_on_the_tray.png,recap.png,50,15,192,193,-4.483516483516484,-6.197802197802198,33.18681318681319,65.67032967032966,0.9230769230769231,20.205479452054796,21.47516632080078,-14.461540222167969,3.0377540588378906,78.3173599243164,1.648935317993164,11.799007415771484
073_roll,put the roll on the tray,8,1,150,7.29,1788427925.3380456,00007_front_put_the_roll_on_the_tray.png,00007_wrist_put_the_roll_on_the_tray.png,recap.png,50,16,193,194,-4.483516483516484,-6.197802197802198,33.18681318681319,65.67032967032966,0.9230769230769231,20.205479452054796,22.304180145263672,-13.838363647460938,2.6415786743164062,77.61328125,1.5294551849365234,11.729126930236816
073_roll,put the roll on the tray,8,1,150,7.29,1788427925.3380456,00007_front_put_the_roll_on_the_tray.png,00007_wrist_put_the_roll_on_the_tray.png,recap.png,50,17,194,195,-4.483516483516484,-6.197802197802198,33.18681318681319,65.67032967032966,0.9230769230769231,20.205479452054796,22.788902282714844,-11.6839599609375,0.573822021484375,77.06333923339844,1.6271162033081055,12.136594772338867
073_roll,put the roll on the tray,8,1,150,7.29,1788427925.3380456,00007_front_put_the_roll_on_the_tray.png,00007_wrist_put_the_roll_on_the_tray.png,recap.png,50,18,195,196,-4.483516483516484,-6.197802197802198,33.18681318681319,65.67032967032966,0.9230769230769231,20.205479452054796,23.45980453491211,-9.897987365722656,0.035709381103515625,76.84168243408203,1.7767143249511719,12.143893241882324
073_roll,put the roll on the tray,8,1,150,7.29,1788427925.3380456,00007_front_put_the_roll_on_the_tray.png,00007_wrist_put_the_roll_on_the_tray.png,recap.png,50,19,196,197,-4.483516483516484,-6.197802197802198,33.18681318681319,65.67032967032966,0.9230769230769231,20.205479452054796,24.120819091796875,-8.205703735351562,-0.62750244140625,76.36934661865234,1.8046789169311523,11.838865280151367
073_roll,put the roll on the tray,8,1,150,7.29,1788427925.3380456,00007_front_put_the_roll_on_the_tray.png,00007_wrist_put_the_roll_on_the_tray.png,recap.png,50,20,197,198,-4.483516483516484,-6.197802197802198,33.18681318681319,65.67032967032966,0.9230769230769231,20.205479452054796,24.588043212890625,-6.429176330566406,-0.9825325012207031,75.72740936279297,1.875732421875,11.974546432495117
073_roll,put the roll on the tray,8,1,150,7.29,1788427925.3380456,00007_front_put_the_roll_on_the_tray.png,00007_wrist_put_the_roll_on_the_tray.png,recap.png,50,21,198,199,-4.483516483516484,-6.197802197802198,33.18681318681319,65.67032967032966,0.9230769230769231,20.205479452054796,24.844085693359375,-4.658905029296875,-1.8815231323242188,75.57869720458984,1.9790077209472656,12.308819770812988
073_roll,put the roll on the tray,8,1,150,7.29,1788427925.3380456,00007_front_put_the_roll_on_the_tray.png,00007_wrist_put_the_roll_on_the_tray.png,recap.png,50,22,199,200,-4.483516483516484,-6.197802197802198,33.18681318681319,65.67032967032966,0.9230769230769231,20.205479452054796,25.380016326904297,-2.4353790283203125,-3.465240478515625,74.8465576171875,2.0278825759887695,12.052753448486328
073_roll,put the roll on the tray,9,1,176,8.26,1788427926.3081222,00008_front_put_the_roll_on_the_tray.png,00008_wrist_put_the_roll_on_the_tray.png,recap.png,50,0,200,201,-3.1648351648351647,-5.934065934065934,13.23076923076923,86.06593406593407,0.04395604395604396,12.945205479452055,25.601608276367188,-10.155967712402344,-9.835651397705078,80.83283233642578,2.5560216903686523,9.100866317749023
073_roll,put the roll on the tray,9,1,176,8.26,1788427926.3081222,00008_front_put_the_roll_on_the_tray.png,00008_wrist_put_the_roll_on_the_tray.png,recap.png,50,1,201,202,-3.1648351648351647,-5.934065934065934,13.23076923076923,86.06593406593407,0.04395604395604396,12.945205479452055,25.939266204833984,-8.553115844726562,-10.211593627929688,80.39620971679688,2.680546760559082,9.164711952209473
073_roll,put the roll on the tray,9,1,176,8.26,1788427926.3081222,00008_front_put_the_roll_on_the_tray.png,00008_wrist_put_the_roll_on_the_tray.png,recap.png,50,2,202,203,-3.1648351648351647,-5.934065934065934,13.23076923076923,86.06593406593407,0.04395604395604396,12.945205479452055,26.276321411132812,-8.183990478515625,-10.142215728759766,79.51603698730469,2.857293128967285,9.277533531188965
073_roll,put the roll on the tray,9,1,176,8.26,1788427926.3081222,00008_front_put_the_roll_on_the_tray.png,00008_wrist_put_the_roll_on_the_tray.png,recap.png,50,3,203,204,-3.1648351648351647,-5.934065934065934,13.23076923076923,86.06593406593407,0.04395604395604396,12.945205479452055,27.019683837890625,-7.220489501953125,-10.641162872314453,78.82191467285156,2.733419418334961,9.029743194580078
073_roll,put the roll on the tray,9,1,176,8.26,1788427926.3081222,00008_front_put_the_roll_on_the_tray.png,00008_wrist_put_the_roll_on_the_tray.png,recap.png,50,4,204,205,-3.1648351648351647,-5.934065934065934,13.23076923076923,86.06593406593407,0.04395604395604396,12.945205479452055,27.234378814697266,-6.1380615234375,-10.953056335449219,78.14105987548828,2.97605037689209,9.207679748535156
073_roll,put the roll on the tray,9,1,176,8.26,1788427926.3081222,00008_front_put_the_roll_on_the_tray.png,00008_wrist_put_the_roll_on_the_tray.png,recap.png,50,5,205,206,-3.1648351648351647,-5.934065934065934,13.23076923076923,86.06593406593407,0.04395604395604396,12.945205479452055,27.90145492553711,-5.053581237792969,-11.212608337402344,77.41148376464844,3.0538454055786133,9.179983139038086
073_roll,put the roll on the tray,9,1,176,8.26,1788427926.3081222,00008_front_put_the_roll_on_the_tray.png,00008_wrist_put_the_roll_on_the_tray.png,recap.png,50,6,206,207,-3.1648351648351647,-5.934065934065934,13.23076923076923,86.06593406593407,0.04395604395604396,12.945205479452055,28.371604919433594,-3.9946975708007812,-11.660316467285156,76.61009979248047,2.846799850463867,9.460957527160645
073_roll,put the roll on the tray,9,1,176,8.26,1788427926.3081222,00008_front_put_the_roll_on_the_tray.png,00008_wrist_put_the_roll_on_the_tray.png,recap.png,50,7,207,208,-3.1648351648351647,-5.934065934065934,13.23076923076923,86.06593406593407,0.04395604395604396,12.945205479452055,28.434612274169922,-3.3014984130859375,-11.144733428955078,75.97532653808594,3.0659446716308594,9.326555252075195
073_roll,put the roll on the tray,9,1,176,8.26,1788427926.3081222,00008_front_put_the_roll_on_the_tray.png,00008_wrist_put_the_roll_on_the_tray.png,recap.png,50,8,208,209,-3.1648351648351647,-5.934065934065934,13.23076923076923,86.06593406593407,0.04395604395604396,12.945205479452055,28.776046752929688,-2.378448486328125,-12.781333923339844,75.26406860351562,2.86759090423584,9.428070068359375
073_roll,put the roll on the tray,9,1,176,8.26,1788427926.3081222,00008_front_put_the_roll_on_the_tray.png,00008_wrist_put_the_roll_on_the_tray.png,recap.png,50,9,209,210,-3.1648351648351647,-5.934065934065934,13.23076923076923,86.06593406593407,0.04395604395604396,12.945205479452055,29.113330841064453,-0.845123291015625,-12.692153930664062,74.58088684082031,2.9543581008911133,9.37203598022461
073_roll,put the roll on the tray,9,1,176,8.26,1788427926.3081222,00008_front_put_the_roll_on_the_tray.png,00008_wrist_put_the_roll_on_the_tray.png,recap.png,50,10,210,211,-3.1648351648351647,-5.934065934065934,13.23076923076923,86.06593406593407,0.04395604395604396,12.945205479452055,29.664997100830078,0.6732025146484375,-13.974491119384766,74.25424194335938,2.9956865310668945,9.433943748474121
073_roll,put the roll on the tray,9,1,176,8.26,1788427926.3081222,00008_front_put_the_roll_on_the_tray.png,00008_wrist_put_the_roll_on_the_tray.png,recap.png,50,11,211,212,-3.1648351648351647,-5.934065934065934,13.23076923076923,86.06593406593407,0.04395604395604396,12.945205479452055,29.614498138427734,1.4008407592773438,-13.173805236816406,73.70955657958984,3.1440963745117188,9.437353134155273
073_roll,put the roll on the tray,9,1,176,8.26,1788427926.3081222,00008_front_put_the_roll_on_the_tray.png,00008_wrist_put_the_roll_on_the_tray.png,recap.png,50,12,212,213,-3.1648351648351647,-5.934065934065934,13.23076923076923,86.06593406593407,0.04395604395604396,12.945205479452055,30.43090057373047,2.821746826171875,-14.61770248413086,72.9726791381836,2.807849884033203,9.47099781036377
073_roll,put the roll on the tray,9,1,176,8.26,1788427926.3081222,00008_front_put_the_roll_on_the_tray.png,00008_wrist_put_the_roll_on_the_tray.png,recap.png,50,13,213,214,-3.1648351648351647,-5.934065934065934,13.23076923076923,86.06593406593407,0.04395604395604396,12.945205479452055,30.800304412841797,4.380531311035156,-14.493659973144531,72.87492370605469,2.8407039642333984,9.607778549194336
073_roll,put the roll on the tray,9,1,176,8.26,1788427926.3081222,00008_front_put_the_roll_on_the_tray.png,00008_wrist_put_the_roll_on_the_tray.png,recap.png,50,14,214,215,-3.1648351648351647,-5.934065934065934,13.23076923076923,86.06593406593407,0.04395604395604396,12.945205479452055,30.986263275146484,5.603515625,-15.096569061279297,72.35639190673828,2.681102752685547,9.596502304077148
073_roll,put the roll on the tray,9,1,176,8.26,1788427926.3081222,00008_front_put_the_roll_on_the_tray.png,00008_wrist_put_the_roll_on_the_tray.png,recap.png,50,15,215,216,-3.1648351648351647,-5.934065934065934,13.23076923076923,86.06593406593407,0.04395604395604396,12.945205479452055,31.161182403564453,6.101509094238281,-16.46337890625,71.99029541015625,2.5586061477661133,9.5010986328125
073_roll,put the roll on the tray,9,1,176,8.26,1788427926.3081222,00008_front_put_the_roll_on_the_tray.png,00008_wrist_put_the_roll_on_the_tray.png,recap.png,50,16,216,217,-3.1648351648351647,-5.934065934065934,13.23076923076923,86.06593406593407,0.04395604395604396,12.945205479452055,31.83969497680664,7.890037536621094,-16.812999725341797,71.62442016601562,2.3736371994018555,9.632631301879883
073_roll,put the roll on the tray,9,1,176,8.26,1788427926.3081222,00008_front_put_the_roll_on_the_tray.png,00008_wrist_put_the_roll_on_the_tray.png,recap.png,50,17,217,218,-3.1648351648351647,-5.934065934065934,13.23076923076923,86.06593406593407,0.04395604395604396,12.945205479452055,32.241817474365234,9.80035400390625,-17.558486938476562,71.18814086914062,2.305105209350586,9.565645217895508
073_roll,put the roll on the tray,9,1,176,8.26,1788427926.3081222,00008_front_put_the_roll_on_the_tray.png,00008_wrist_put_the_roll_on_the_tray.png,recap.png,50,18,218,219,-3.1648351648351647,-5.934065934065934,13.23076923076923,86.06593406593407,0.04395604395604396,12.945205479452055,32.45900344848633,9.562980651855469,-18.68805694580078,70.83747863769531,2.1563005447387695,9.76295280456543
073_roll,put the roll on the tray,9,1,176,8.26,1788427926.3081222,00008_front_put_the_roll_on_the_tray.png,00008_wrist_put_the_roll_on_the_tray.png,recap.png,50,19,219,220,-3.1648351648351647,-5.934065934065934,13.23076923076923,86.06593406593407,0.04395604395604396,12.945205479452055,32.666690826416016,11.035514831542969,-18.41870880126953,70.6668930053711,2.260406494140625,9.582775115966797
073_roll,put the roll on the tray,9,1,176,8.26,1788427926.3081222,00008_front_put_the_roll_on_the_tray.png,00008_wrist_put_the_roll_on_the_tray.png,recap.png,50,20,220,221,-3.1648351648351647,-5.934065934065934,13.23076923076923,86.06593406593407,0.04395604395604396,12.945205479452055,32.992061614990234,11.7489013671875,-19.92348861694336,70.26441955566406,2.039982795715332,9.718936920166016
073_roll,put the roll on the tray,9,1,176,8.26,1788427926.3081222,00008_front_put_the_roll_on_the_tray.png,00008_wrist_put_the_roll_on_the_tray.png,recap.png,50,21,221,222,-3.1648351648351647,-5.934065934065934,13.23076923076923,86.06593406593407,0.04395604395604396,12.945205479452055,33.23751449584961,12.684135437011719,-19.312664031982422,70.09867858886719,1.7652978897094727,9.610918045043945
073_roll,put the roll on the tray,9,1,176,8.26,1788427926.3081222,00008_front_put_the_roll_on_the_tray.png,00008_wrist_put_the_roll_on_the_tray.png,recap.png,50,22,222,223,-3.1648351648351647,-5.934065934065934,13.23076923076923,86.06593406593407,0.04395604395604396,12.945205479452055,33.73746871948242,13.218887329101562,-20.113399505615234,69.62564086914062,1.755422592163086,9.770492553710938
073_roll,put the roll on the tray,9,1,176,8.26,1788427926.3081222,00008_front_put_the_roll_on_the_tray.png,00008_wrist_put_the_roll_on_the_tray.png,recap.png,50,23,223,224,-3.1648351648351647,-5.934065934065934,13.23076923076923,86.06593406593407,0.04395604395604396,12.945205479452055,33.49508285522461,15.004737854003906,-20.99454116821289,69.53775024414062,1.8577537536621094,9.893570899963379
073_roll,put the roll on the tray,9,1,176,8.26,1788427926.3081222,00008_front_put_the_roll_on_the_tray.png,00008_wrist_put_the_roll_on_the_tray.png,recap.png,50,24,224,225,-3.1648351648351647,-5.934065934065934,13.23076923076923,86.06593406593407,0.04395604395604396,12.945205479452055,33.85494613647461,15.758110046386719,-21.837711334228516,69.34556579589844,1.801957130432129,9.615772247314453
073_roll,put the roll on the tray,9,1,176,8.26,1788427926.3081222,00008_front_put_the_roll_on_the_tray.png,00008_wrist_put_the_roll_on_the_tray.png,recap.png,50,25,225,226,-3.1648351648351647,-5.934065934065934,13.23076923076923,86.06593406593407,0.04395604395604396,12.945205479452055,33.91096878051758,16.290069580078125,-21.48094940185547,69.37145233154297,1.7399940490722656,9.629477500915527
073_roll,put the roll on the tray,10,1,199,9.062,1788427927.1097374,00009_front_put_the_roll_on_the_tray.png,00009_wrist_put_the_roll_on_the_tray.png,recap.png,50,0,226,227,23.296703296703296,-7.164835164835165,2.4175824175824174,77.45054945054945,1.3626373626373627,12.945205479452055,37.05485916137695,3.9322433471679688,2.6389923095703125,57.961143493652344,3.9812679290771484,8.817819595336914
073_roll,put the roll on the tray,10,1,199,9.062,1788427927.1097374,00009_front_put_the_roll_on_the_tray.png,00009_wrist_put_the_roll_on_the_tray.png,recap.png,50,1,227,228,23.296703296703296,-7.164835164835165,2.4175824175824174,77.45054945054945,1.3626373626373627,12.945205479452055,37.276302337646484,4.82098388671875,2.455902099609375,57.60157012939453,3.9941349029541016,8.9611177444458
073_roll,put the roll on the tray,10,1,199,9.062,1788427927.1097374,00009_front_put_the_roll_on_the_tray.png,00009_wrist_put_the_roll_on_the_tray.png,recap.png,50,2,228,229,23.296703296703296,-7.164835164835165,2.4175824175824174,77.45054945054945,1.3626373626373627,12.945205479452055,37.40144729614258,5.300376892089844,2.906280517578125,57.47180938720703,4.2319793701171875,9.820487022399902
073_roll,put the roll on the tray,10,1,199,9.062,1788427927.1097374,00009_front_put_the_roll_on_the_tray.png,00009_wrist_put_the_roll_on_the_tray.png,recap.png,50,3,229,230,23.296703296703296,-7.164835164835165,2.4175824175824174,77.45054945054945,1.3626373626373627,12.945205479452055,37.431644439697266,4.6389617919921875,2.8597373962402344,57.71938705444336,4.128410339355469,11.602263450622559
073_roll,put the roll on the tray,10,1,199,9.062,1788427927.1097374,00009_front_put_the_roll_on_the_tray.png,00009_wrist_put_the_roll_on_the_tray.png,recap.png,50,4,230,231,23.296703296703296,-7.164835164835165,2.4175824175824174,77.45054945054945,1.3626373626373627,12.945205479452055,37.33969497680664,5.0807647705078125,2.7918014526367188,58.27937316894531,4.158735275268555,14.857172012329102
073_roll,put the roll on the tray,10,1,199,9.062,1788427927.1097374,00009_front_put_the_roll_on_the_tray.png,00009_wrist_put_the_roll_on_the_tray.png,recap.png,50,5,231,232,23.296703296703296,-7.164835164835165,2.4175824175824174,77.45054945054945,1.3626373626373627,12.945205479452055,37.34402084350586,5.4420623779296875,2.49212646484375,58.64167785644531,4.238231658935547,19.168794631958008
073_roll,put the roll on the tray,10,1,199,9.062,1788427927.1097374,00009_front_put_the_roll_on_the_tray.png,00009_wrist_put_the_roll_on_the_tray.png,recap.png,50,6,232,233,23.296703296703296,-7.164835164835165,2.4175824175824174,77.45054945054945,1.3626373626373627,12.945205479452055,37.27773666381836,4.976463317871094,3.391845703125,59.06146240234375,4.148136138916016,22.9194393157959
073_roll,put the roll on the tray,10,1,199,9.062,1788427927.1097374,00009_front_put_the_roll_on_the_tray.png,00009_wrist_put_the_roll_on_the_tray.png,recap.png,50,7,233,234,23.296703296703296,-7.164835164835165,2.4175824175824174,77.45054945054945,1.3626373626373627,12.945205479452055,37.305362701416016,5.390647888183594,2.7622833251953125,59.43716812133789,4.189800262451172,25.690410614013672
073_roll,put the roll on the tray,10,1,199,9.062,1788427927.1097374,00009_front_put_the_roll_on_the_tray.png,00009_wrist_put_the_roll_on_the_tray.png,recap.png,50,8,234,235,23.296703296703296,-7.164835164835165,2.4175824175824174,77.45054945054945,1.3626373626373627,12.945205479452055,37.21970748901367,5.913177490234375,2.185802459716797,59.778778076171875,4.156650543212891,27.568622589111328
073_roll,put the roll on the tray,10,1,199,9.062,1788427927.1097374,00009_front_put_the_roll_on_the_tray.png,00009_wrist_put_the_roll_on_the_tray.png,recap.png,50,9,235,236,23.296703296703296,-7.164835164835165,2.4175824175824174,77.45054945054945,1.3626373626373627,12.945205479452055,37.53242111206055,5.634918212890625,3.0835494995117188,59.783447265625,4.207647323608398,29.139677047729492
073_roll,put the roll on the tray,10,1,199,9.062,1788427927.1097374,00009_front_put_the_roll_on_the_tray.png,00009_wrist_put_the_roll_on_the_tray.png,recap.png,50,10,236,237,23.296703296703296,-7.164835164835165,2.4175824175824174,77.45054945054945,1.3626373626373627,12.945205479452055,37.3399543762207,6.437774658203125,3.014251708984375,59.86979293823242,4.404850006103516,30.20294189453125
073_roll,put the roll on the tray,10,1,199,9.062,1788427927.1097374,00009_front_put_the_roll_on_the_tray.png,00009_wrist_put_the_roll_on_the_tray.png,recap.png,50,11,237,238,23.296703296703296,-7.164835164835165,2.4175824175824174,77.45054945054945,1.3626373626373627,12.945205479452055,37.4576530456543,6.0824737548828125,3.5652999877929688,60.12416458129883,4.561304092407227,31.28281021118164
073_roll,put the roll on the tray,10,1,199,9.062,1788427927.1097374,00009_front_put_the_roll_on_the_tray.png,00009_wrist_put_the_roll_on_the_tray.png,recap.png,50,12,238,239,23.296703296703296,-7.164835164835165,2.4175824175824174,77.45054945054945,1.3626373626373627,12.945205479452055,37.1100959777832,6.746101379394531,4.274654388427734,60.26316452026367,4.6925048828125,32.3521842956543
073_roll,put the roll on the tray,10,1,199,9.062,1788427927.1097374,00009_front_put_the_roll_on_the_tray.png,00009_wrist_put_the_roll_on_the_tray.png,recap.png,50,13,239,240,23.296703296703296,-7.164835164835165,2.4175824175824174,77.45054945054945,1.3626373626373627,12.945205479452055,37.15817642211914,6.824188232421875,4.225589752197266,60.64476776123047,4.866937637329102,33.328792572021484
073_roll,put the roll on the tray,10,1,199,9.062,1788427927.1097374,00009_front_put_the_roll_on_the_tray.png,00009_wrist_put_the_roll_on_the_tray.png,recap.png,50,14,240,241,23.296703296703296,-7.164835164835165,2.4175824175824174,77.45054945054945,1.3626373626373627,12.945205479452055,37.2280158996582,7.0237884521484375,4.1688995361328125,60.76350402832031,5.047281265258789,34.23094940185547
073_roll,put the roll on the tray,10,1,199,9.062,1788427927.1097374,00009_front_put_the_roll_on_the_tray.png,00009_wrist_put_the_roll_on_the_tray.png,recap.png,50,15,241,242,23.296703296703296,-7.164835164835165,2.4175824175824174,77.45054945054945,1.3626373626373627,12.945205479452055,37.29909896850586,6.823966979980469,4.601963043212891,60.96234893798828,4.993947982788086,34.87791061401367
073_roll,put the roll on the tray,10,1,199,9.062,1788427927.1097374,00009_front_put_the_roll_on_the_tray.png,00009_wrist_put_the_roll_on_the_tray.png,recap.png,50,16,242,243,23.296703296703296,-7.164835164835165,2.4175824175824174,77.45054945054945,1.3626373626373627,12.945205479452055,36.85951614379883,7.298095703125,4.506641387939453,61.21511459350586,5.195583343505859,35.26062774658203
073_roll,put the roll on the tray,10,1,199,9.062,1788427927.1097374,00009_front_put_the_roll_on_the_tray.png,00009_wrist_put_the_roll_on_the_tray.png,recap.png,50,17,243,244,23.296703296703296,-7.164835164835165,2.4175824175824174,77.45054945054945,1.3626373626373627,12.945205479452055,36.994197845458984,7.081016540527344,4.517986297607422,61.2680778503418,5.307538986206055,35.55986404418945
073_roll,put the roll on the tray,10,1,199,9.062,1788427927.1097374,00009_front_put_the_roll_on_the_tray.png,00009_wrist_put_the_roll_on_the_tray.png,recap.png,50,18,244,245,23.296703296703296,-7.164835164835165,2.4175824175824174,77.45054945054945,1.3626373626373627,12.945205479452055,36.85932540893555,7.3170928955078125,4.930915832519531,61.748390197753906,5.519617080688477,35.603309631347656
073_roll,put the roll on the tray,10,1,199,9.062,1788427927.1097374,00009_front_put_the_roll_on_the_tray.png,00009_wrist_put_the_roll_on_the_tray.png,recap.png,50,19,245,246,23.296703296703296,-7.164835164835165,2.4175824175824174,77.45054945054945,1.3626373626373627,12.945205479452055,36.67459487915039,7.4224395751953125,4.181926727294922,62.15516662597656,5.468534469604492,35.29061508178711
073_roll,put the roll on the tray,10,1,199,9.062,1788427927.1097374,00009_front_put_the_roll_on_the_tray.png,00009_wrist_put_the_roll_on_the_tray.png,recap.png,50,20,246,247,23.296703296703296,-7.164835164835165,2.4175824175824174,77.45054945054945,1.3626373626373627,12.945205479452055,36.70454788208008,7.254852294921875,3.5083541870117188,62.710453033447266,5.490516662597656,35.057777404785156
073_roll,put the roll on the tray,10,1,199,9.062,1788427927.1097374,00009_front_put_the_roll_on_the_tray.png,00009_wrist_put_the_roll_on_the_tray.png,recap.png,50,21,247,248,23.296703296703296,-7.164835164835165,2.4175824175824174,77.45054945054945,1.3626373626373627,12.945205479452055,36.470951080322266,7.132301330566406,2.652454376220703,63.16824722290039,5.547494888305664,34.759429931640625
073_roll,put the roll on the tray,10,1,199,9.062,1788427927.1097374,00009_front_put_the_roll_on_the_tray.png,00009_wrist_put_the_roll_on_the_tray.png,recap.png,50,22,248,249,23.296703296703296,-7.164835164835165,2.4175824175824174,77.45054945054945,1.3626373626373627,12.945205479452055,36.18764877319336,7.8298492431640625,2.0195655822753906,64.22754669189453,5.711240768432617,34.95936965942383
073_roll,put the roll on the tray,11,1,225,10.099,1788427928.1465843,00010_front_put_the_roll_on_the_tray.png,00010_wrist_put_the_roll_on_the_tray.png,recap.png,50,0,249,250,32.527472527472526,15.076923076923077,-17.0989010989011,71.12087912087912,2.5054945054945055,11.301369863013697,34.0935173034668,19.112899780273438,-14.434173583984375,63.05575942993164,3.8777198791503906,21.608226776123047
073_roll,put the roll on the tray,11,1,225,10.099,1788427928.1465843,00010_front_put_the_roll_on_the_tray.png,00010_wrist_put_the_roll_on_the_tray.png,recap.png,50,1,250,251,32.527472527472526,15.076923076923077,-17.0989010989011,71.12087912087912,2.5054945054945055,11.301369863013697,34.009029388427734,19.36309051513672,-13.987571716308594,63.60299301147461,3.8819446563720703,24.301536560058594
073_roll,put the roll on the tray,11,1,225,10.099,1788427928.1465843,00010_front_put_the_roll_on_the_tray.png,00010_wrist_put_the_roll_on_the_tray.png,recap.png,50,2,251,252,32.527472527472526,15.076923076923077,-17.0989010989011,71.12087912087912,2.5054945054945055,11.301369863013697,34.02372360229492,19.67357635498047,-14.061779022216797,64.07178497314453,4.057476043701172,26.604135513305664
073_roll,put the roll on the tray,11,1,225,10.099,1788427928.1465843,00010_front_put_the_roll_on_the_tray.png,00010_wrist_put_the_roll_on_the_tray.png,recap.png,50,3,252,253,32.527472527472526,15.076923076923077,-17.0989010989011,71.12087912087912,2.5054945054945055,11.301369863013697,34.0363883972168,19.454269409179688,-14.423919677734375,64.60811614990234,4.374420166015625,28.9003849029541
073_roll,put the roll on the tray,11,1,225,10.099,1788427928.1465843,00010_front_put_the_roll_on_the_tray.png,00010_wrist_put_the_roll_on_the_tray.png,recap.png,50,4,253,254,32.527472527472526,15.076923076923077,-17.0989010989011,71.12087912087912,2.5054945054945055,11.301369863013697,34.26559066772461,19.579505920410156,-13.947643280029297,64.96464538574219,4.395820617675781,31.12513542175293
073_roll,put the roll on the tray,11,1,225,10.099,1788427928.1465843,00010_front_put_the_roll_on_the_tray.png,00010_wrist_put_the_roll_on_the_tray.png,recap.png,50,5,254,255,32.527472527472526,15.076923076923077,-17.0989010989011,71.12087912087912,2.5054945054945055,11.301369863013697,33.920413970947266,19.42591094970703,-14.14907455444336,65.380126953125,4.64640998840332,33.10726547241211
073_roll,put the roll on the tray,11,1,225,10.099,1788427928.1465843,00010_front_put_the_roll_on_the_tray.png,00010_wrist_put_the_roll_on_the_tray.png,recap.png,50,6,255,256,32.527472527472526,15.076923076923077,-17.0989010989011,71.12087912087912,2.5054945054945055,11.301369863013697,33.95595169067383,19.86261749267578,-13.313121795654297,65.68800354003906,4.969026565551758,34.837833404541016
073_roll,put the roll on the tray,11,1,225,10.099,1788427928.1465843,00010_front_put_the_roll_on_the_tray.png,00010_wrist_put_the_roll_on_the_tray.png,recap.png,50,7,256,257,32.527472527472526,15.076923076923077,-17.0989010989011,71.12087912087912,2.5054945054945055,11.301369863013697,34.01633071899414,19.10821533203125,-13.325374603271484,66.26364135742188,5.092258453369141,36.1200065612793
073_roll,put the roll on the tray,11,1,225,10.099,1788427928.1465843,00010_front_put_the_roll_on_the_tray.png,00010_wrist_put_the_roll_on_the_tray.png,recap.png,50,8,257,258,32.527472527472526,15.076923076923077,-17.0989010989011,71.12087912087912,2.5054945054945055,11.301369863013697,33.89706039428711,19.269882202148438,-13.332195281982422,66.58712005615234,5.237707138061523,36.901275634765625
073_roll,put the roll on the tray,11,1,225,10.099,1788427928.1465843,00010_front_put_the_roll_on_the_tray.png,00010_wrist_put_the_roll_on_the_tray.png,recap.png,50,9,258,259,32.527472527472526,15.076923076923077,-17.0989010989011,71.12087912087912,2.5054945054945055,11.301369863013697,33.95560836791992,18.58409881591797,-13.885700225830078,67.25289916992188,5.326288223266602,37.06294631958008
073_roll,put the roll on the tray,11,1,225,10.099,1788427928.1465843,00010_front_put_the_roll_on_the_tray.png,00010_wrist_put_the_roll_on_the_tray.png,recap.png,50,10,259,260,32.527472527472526,15.076923076923077,-17.0989010989011,71.12087912087912,2.5054945054945055,11.301369863013697,34.124820709228516,18.728408813476562,-13.365455627441406,67.64903259277344,5.322641372680664,36.85796356201172
073_roll,put the roll on the tray,11,1,225,10.099,1788427928.1465843,00010_front_put_the_roll_on_the_tray.png,00010_wrist_put_the_roll_on_the_tray.png,recap.png,50,11,260,261,32.527472527472526,15.076923076923077,-17.0989010989011,71.12087912087912,2.5054945054945055,11.301369863013697,33.9340705871582,18.38689422607422,-14.32992172241211,68.18281555175781,5.422857284545898,36.360267639160156
073_roll,put the roll on the tray,11,1,225,10.099,1788427928.1465843,00010_front_put_the_roll_on_the_tray.png,00010_wrist_put_the_roll_on_the_tray.png,recap.png,50,12,261,262,32.527472527472526,15.076923076923077,-17.0989010989011,71.12087912087912,2.5054945054945055,11.301369863013697,33.85154342651367,17.977645874023438,-13.914417266845703,68.71421813964844,5.482822418212891,35.95406723022461
073_roll,put the roll on the tray,11,1,225,10.099,1788427928.1465843,00010_front_put_the_roll_on_the_tray.png,00010_wrist_put_the_roll_on_the_tray.png,recap.png,50,13,262,263,32.527472527472526,15.076923076923077,-17.0989010989011,71.12087912087912,2.5054945054945055,11.301369863013697,34.203426361083984,17.719383239746094,-14.269649505615234,68.91914367675781,5.559043884277344,35.56583023071289
073_roll,put the roll on the tray,11,1,225,10.099,1788427928.1465843,00010_front_put_the_roll_on_the_tray.png,00010_wrist_put_the_roll_on_the_tray.png,recap.png,50,14,263,264,32.527472527472526,15.076923076923077,-17.0989010989011,71.12087912087912,2.5054945054945055,11.301369863013697,33.9515495300293,16.707176208496094,-14.17117691040039,69.39733123779297,5.525665283203125,35.504703521728516
073_roll,put the roll on the tray,11,1,225,10.099,1788427928.1465843,00010_front_put_the_roll_on_the_tray.png,00010_wrist_put_the_roll_on_the_tray.png,recap.png,50,15,264,265,32.527472527472526,15.076923076923077,-17.0989010989011,71.12087912087912,2.5054945054945055,11.301369863013697,33.72294235229492,16.78429412841797,-14.569000244140625,69.84593200683594,5.557981491088867,35.464900970458984
073_roll,put the roll on the tray,11,1,225,10.099,1788427928.1465843,00010_front_put_the_roll_on_the_tray.png,00010_wrist_put_the_roll_on_the_tray.png,recap.png,50,16,265,266,32.527472527472526,15.076923076923077,-17.0989010989011,71.12087912087912,2.5054945054945055,11.301369863013697,33.45307540893555,16.60211181640625,-13.838825225830078,70.43962097167969,5.6515655517578125,35.65058517456055
073_roll,put the roll on the tray,11,1,225,10.099,1788427928.1465843,00010_front_put_the_roll_on_the_tray.png,00010_wrist_put_the_roll_on_the_tray.png,recap.png,50,17,266,267,32.527472527472526,15.076923076923077,-17.0989010989011,71.12087912087912,2.5054945054945055,11.301369863013697,33.55111312866211,15.779457092285156,-14.634796142578125,70.79794311523438,5.593742370605469,35.60900115966797
073_roll,put the roll on the tray,11,1,225,10.099,1788427928.1465843,00010_front_put_the_roll_on_the_tray.png,00010_wrist_put_the_roll_on_the_tray.png,recap.png,50,18,267,268,32.527472527472526,15.076923076923077,-17.0989010989011,71.12087912087912,2.5054945054945055,11.301369863013697,33.15242385864258,14.463844299316406,-15.163585662841797,71.43446350097656,5.705263137817383,35.55250549316406
073_roll,put the roll on the tray,11,1,225,10.099,1788427928.1465843,00010_front_put_the_roll_on_the_tray.png,00010_wrist_put_the_roll_on_the_tray.png,recap.png,50,19,268,269,32.527472527472526,15.076923076923077,-17.0989010989011,71.12087912087912,2.5054945054945055,11.301369863013697,33.3365592956543,15.151138305664062,-14.978450775146484,71.88843536376953,5.616659164428711,35.54387283325195
073_roll,put the roll on the tray,11,1,225,10.099,1788427928.1465843,00010_front_put_the_roll_on_the_tray.png,00010_wrist_put_the_roll_on_the_tray.png,recap.png,50,20,269,270,32.527472527472526,15.076923076923077,-17.0989010989011,71.12087912087912,2.5054945054945055,11.301369863013697,32.88369369506836,14.700675964355469,-14.643157958984375,72.81024932861328,5.760187149047852,35.46383285522461
073_roll,put the roll on the tray,11,1,225,10.099,1788427928.1465843,00010_front_put_the_roll_on_the_tray.png,00010_wrist_put_the_roll_on_the_tray.png,recap.png,50,21,270,271,32.527472527472526,15.076923076923077,-17.0989010989011,71.12087912087912,2.5054945054945055,11.301369863013697,32.30490493774414,13.808395385742188,-14.54837417602539,73.98014831542969,5.566436767578125,35.37502670288086
073_roll,put the roll on the tray,11,1,225,10.099,1788427928.1465843,00010_front_put_the_roll_on_the_tray.png,00010_wrist_put_the_roll_on_the_tray.png,recap.png,50,22,271,272,32.527472527472526,15.076923076923077,-17.0989010989011,71.12087912087912,2.5054945054945055,11.301369863013697,31.45822525024414,12.394325256347656,-14.403160095214844,75.60279083251953,5.707466125488281,35.34270095825195
073_roll,put the roll on the tray,11,1,225,10.099,1788427928.1465843,00010_front_put_the_roll_on_the_tray.png,00010_wrist_put_the_roll_on_the_tray.png,recap.png,50,23,272,273,32.527472527472526,15.076923076923077,-17.0989010989011,71.12087912087912,2.5054945054945055,11.301369863013697,30.745025634765625,11.393341064453125,-14.555423736572266,77.43582153320312,5.564020156860352,35.603126525878906
073_roll,put the roll on the tray,11,1,225,10.099,1788427928.1465843,00010_front_put_the_roll_on_the_tray.png,00010_wrist_put_the_roll_on_the_tray.png,recap.png,50,24,273,274,32.527472527472526,15.076923076923077,-17.0989010989011,71.12087912087912,2.5054945054945055,11.301369863013697,29.573036193847656,10.449478149414062,-14.843765258789062,79.93399047851562,5.6428985595703125,35.67487335205078
073_roll,put the roll on the tray,11,1,225,10.099,1788427928.1465843,00010_front_put_the_roll_on_the_tray.png,00010_wrist_put_the_roll_on_the_tray.png,recap.png,50,25,274,275,32.527472527472526,15.076923076923077,-17.0989010989011,71.12087912087912,2.5054945054945055,11.301369863013697,28.41006851196289,9.154441833496094,-14.747364044189453,81.78466796875,5.596828460693359,35.71870803833008
073_roll,put the roll on the tray,12,1,248,10.934,1788427928.9815638,00011_front_put_the_roll_on_the_tray.png,00011_wrist_put_the_roll_on_the_tray.png,recap.png,50,0,275,276,36.57142857142857,7.604395604395604,4.263736263736264,61.714285714285715,5.054945054945055,35.0,23.583412170410156,-5.1654052734375,-1.0885353088378906,86.42842102050781,6.333280563354492,38.30262756347656
073_roll,put the roll on the tray,12,1,248,10.934,1788427928.9815638,00011_front_put_the_roll_on_the_tray.png,00011_wrist_put_the_roll_on_the_tray.png,recap.png,50,1,276,277,36.57142857142857,7.604395604395604,4.263736263736264,61.714285714285715,5.054945054945055,35.0,22.59454345703125,-5.492317199707031,-1.2791786193847656,87.21209716796875,6.319206237792969,38.257102966308594
073_roll,put the roll on the tray,12,1,248,10.934,1788427928.9815638,00011_front_put_the_roll_on_the_tray.png,00011_wrist_put_the_roll_on_the_tray.png,recap.png,50,2,277,278,36.57142857142857,7.604395604395604,4.263736263736264,61.714285714285715,5.054945054945055,35.0,21.694671630859375,-6.699638366699219,-0.4057044982910156,87.81788635253906,6.354862213134766,38.39978790283203
073_roll,put the roll on the tray,12,1,248,10.934,1788427928.9815638,00011_front_put_the_roll_on_the_tray.png,00011_wrist_put_the_roll_on_the_tray.png,recap.png,50,3,278,279,36.57142857142857,7.604395604395604,4.263736263736264,61.714285714285715,5.054945054945055,35.0,20.662521362304688,-8.015174865722656,0.3680152893066406,88.17432403564453,6.402647018432617,38.3468132019043
073_roll,put the roll on the tray,12,1,248,10.934,1788427928.9815638,00011_front_put_the_roll_on_the_tray.png,00011_wrist_put_the_roll_on_the_tray.png,recap.png,50,4,279,280,36.57142857142857,7.604395604395604,4.263736263736264,61.714285714285715,5.054945054945055,35.0,19.623092651367188,-9.445877075195312,1.2747001647949219,88.22315216064453,6.4162445068359375,38.4600830078125
073_roll,put the roll on the tray,12,1,248,10.934,1788427928.9815638,00011_front_put_the_roll_on_the_tray.png,00011_wrist_put_the_roll_on_the_tray.png,recap.png,50,5,280,281,36.57142857142857,7.604395604395604,4.263736263736264,61.714285714285715,5.054945054945055,35.0,18.771522521972656,-10.92437744140625,2.6047744750976562,88.354736328125,6.415212631225586,38.542240142822266
073_roll,put the roll on the tray,12,1,248,10.934,1788427928.9815638,00011_front_put_the_roll_on_the_tray.png,00011_wrist_put_the_roll_on_the_tray.png,recap.png,50,6,281,282,36.57142857142857,7.604395604395604,4.263736263736264,61.714285714285715,5.054945054945055,35.0,17.631420135498047,-12.972541809082031,5.015850067138672,88.05384826660156,6.430019378662109,38.69746398925781
073_roll,put the roll on the tray,12,1,248,10.934,1788427928.9815638,00011_front_put_the_roll_on_the_tray.png,00011_wrist_put_the_roll_on_the_tray.png,recap.png,50,7,282,283,36.57142857142857,7.604395604395604,4.263736263736264,61.714285714285715,5.054945054945055,35.0,16.733299255371094,-14.884376525878906,6.491039276123047,87.82876586914062,6.413156509399414,38.751564025878906
073_roll,put the roll on the tray,12,1,248,10.934,1788427928.9815638,00011_front_put_the_roll_on_the_tray.png,00011_wrist_put_the_roll_on_the_tray.png,recap.png,50,8,283,284,36.57142857142857,7.604395604395604,4.263736263736264,61.714285714285715,5.054945054945055,35.0,15.731674194335938,-16.81243896484375,7.667446136474609,87.21662902832031,6.445686340332031,38.693660736083984
073_roll,put the roll on the tray,12,1,248,10.934,1788427928.9815638,00011_front_put_the_roll_on_the_tray.png,00011_wrist_put_the_roll_on_the_tray.png,recap.png,50,9,284,285,36.57142857142857,7.604395604395604,4.263736263736264,61.714285714285715,5.054945054945055,35.0,14.718692779541016,-19.04541015625,10.049629211425781,87.20216369628906,6.457088470458984,38.49681854248047
073_roll,put the roll on the tray,12,1,248,10.934,1788427928.9815638,00011_front_put_the_roll_on_the_tray.png,00011_wrist_put_the_roll_on_the_tray.png,recap.png,50,10,285,286,36.57142857142857,7.604395604395604,4.263736263736264,61.714285714285715,5.054945054945055,35.0,13.725444793701172,-20.99327850341797,11.469245910644531,86.84617614746094,6.579433441162109,37.286983489990234
073_roll,put the roll on the tray,12,1,248,10.934,1788427928.9815638,00011_front_put_the_roll_on_the_tray.png,00011_wrist_put_the_roll_on_the_tray.png,recap.png,50,11,286,287,36.57142857142857,7.604395604395604,4.263736263736264,61.714285714285715,5.054945054945055,35.0,12.765708923339844,-22.689727783203125,12.972068786621094,86.85778045654297,6.916532516479492,35.89226150512695
073_roll,put the roll on the tray,12,1,248,10.934,1788427928.9815638,00011_front_put_the_roll_on_the_tray.png,00011_wrist_put_the_roll_on_the_tray.png,recap.png,50,12,287,288,36.57142857142857,7.604395604395604,4.263736263736264,61.714285714285715,5.054945054945055,35.0,11.812088012695312,-24.66216278076172,14.05914306640625,86.60736846923828,7.14387321472168,33.22663116455078
073_roll,put the roll on the tray,12,1,248,10.934,1788427928.9815638,00011_front_put_the_roll_on_the_tray.png,00011_wrist_put_the_roll_on_the_tray.png,recap.png,50,13,288,289,36.57142857142857,7.604395604395604,4.263736263736264,61.714285714285715,5.054945054945055,35.0,10.854606628417969,-25.96295928955078,15.204727172851562,86.34954071044922,7.416034698486328,30.041627883911133
073_roll,put the roll on the tray,12,1,248,10.934,1788427928.9815638,00011_front_put_the_roll_on_the_tray.png,00011_wrist_put_the_roll_on_the_tray.png,recap.png,50,14,289,290,36.57142857142857,7.604395604395604,4.263736263736264,61.714285714285715,5.054945054945055,35.0,9.856884002685547,-27.626007080078125,16.20318603515625,85.99337768554688,7.578554153442383,26.431961059570312
073_roll,put the roll on the tray,12,1,248,10.934,1788427928.9815638,00011_front_put_the_roll_on_the_tray.png,00011_wrist_put_the_roll_on_the_tray.png,recap.png,50,15,290,291,36.57142857142857,7.604395604395604,4.263736263736264,61.714285714285715,5.054945054945055,35.0,9.250499725341797,-28.629852294921875,17.190505981445312,85.57080078125,7.630023956298828,22.678878784179688
073_roll,put the roll on the tray,12,1,248,10.934,1788427928.9815638,00011_front_put_the_roll_on_the_tray.png,00011_wrist_put_the_roll_on_the_tray.png,recap.png,50,16,291,292,36.57142857142857,7.604395604395604,4.263736263736264,61.714285714285715,5.054945054945055,35.0,8.516921997070312,-29.81023406982422,18.488845825195312,84.98255920410156,7.577554702758789,19.122066497802734
073_roll,put the roll on the tray,12,1,248,10.934,1788427928.9815638,00011_front_put_the_roll_on_the_tray.png,00011_wrist_put_the_roll_on_the_tray.png,recap.png,50,17,292,293,36.57142857142857,7.604395604395604,4.263736263736264,61.714285714285715,5.054945054945055,35.0,7.759422302246094,-30.7481689453125,20.23517608642578,84.48616027832031,7.621000289916992,15.982882499694824
073_roll,put the roll on the tray,12,1,248,10.934,1788427928.9815638,00011_front_put_the_roll_on_the_tray.png,00011_wrist_put_the_roll_on_the_tray.png,recap.png,50,18,293,294,36.57142857142857,7.604395604395604,4.263736263736264,61.714285714285715,5.054945054945055,35.0,7.075538635253906,-31.874534606933594,21.304962158203125,83.72997283935547,7.702356338500977,13.017958641052246
073_roll,put the roll on the tray,12,1,248,10.934,1788427928.9815638,00011_front_put_the_roll_on_the_tray.png,00011_wrist_put_the_roll_on_the_tray.png,recap.png,50,19,294,295,36.57142857142857,7.604395604395604,4.263736263736264,61.714285714285715,5.054945054945055,35.0,6.489326477050781,-32.905799865722656,23.574745178222656,82.88697814941406,7.702844619750977,10.274603843688965
073_roll,put the roll on the tray,12,1,248,10.934,1788427928.9815638,00011_front_put_the_roll_on_the_tray.png,00011_wrist_put_the_roll_on_the_tray.png,recap.png,50,20,295,296,36.57142857142857,7.604395604395604,4.263736263736264,61.714285714285715,5.054945054945055,35.0,5.899990081787109,-33.869110107421875,25.45655059814453,81.93356323242188,7.643415451049805,7.840038299560547
073_roll,put the roll on the tray,12,1,248,10.934,1788427928.9815638,00011_front_put_the_roll_on_the_tray.png,00011_wrist_put_the_roll_on_the_tray.png,recap.png,50,21,296,297,36.57142857142857,7.604395604395604,4.263736263736264,61.714285714285715,5.054945054945055,35.0,5.118267059326172,-35.49934387207031,27.283470153808594,80.81758117675781,7.613348007202148,5.73195219039917
073_roll,put the roll on the tray,12,1,248,10.934,1788427928.9815638,00011_front_put_the_roll_on_the_tray.png,00011_wrist_put_the_roll_on_the_tray.png,recap.png,50,22,297,298,36.57142857142857,7.604395604395604,4.263736263736264,61.714285714285715,5.054945054945055,35.0,4.551395416259766,-37.300018310546875,29.702621459960938,79.88827514648438,7.575613021850586,3.8467061519622803
073_roll,put the roll on the tray,13,1,274,11.937,1788427929.9852092,00012_front_put_the_roll_on_the_tray.png,00012_wrist_put_the_roll_on_the_tray.png,recap.png,50,0,298,299,32.08791208791209,15.428571428571429,-13.31868131868132,75.34065934065934,5.142857142857143,35.95890410958904,18.308643341064453,-15.20806884765625,-0.25505828857421875,91.46563720703125,6.013975143432617,42.0959358215332
073_roll,put the roll on the tray,13,1,274,11.937,1788427929.9852092,00012_front_put_the_roll_on_the_tray.png,00012_wrist_put_the_roll_on_the_tray.png,recap.png,50,1,299,300,32.08791208791209,15.428571428571429,-13.31868131868132,75.34065934065934,5.142857142857143,35.95890410958904,17.374340057373047,-16.75464630126953,0.8399620056152344,91.18183898925781,6.194219589233398,42.0614128112793
073_roll,put the roll on the tray,13,1,274,11.937,1788427929.9852092,00012_front_put_the_roll_on_the_tray.png,00012_wrist_put_the_roll_on_the_tray.png,recap.png,50,2,300,301,32.08791208791209,15.428571428571429,-13.31868131868132,75.34065934065934,5.142857142857143,35.95890410958904,16.19723129272461,-18.607940673828125,2.3930397033691406,91.09844207763672,6.374746322631836,41.83234405517578
073_roll,put the roll on the tray,13,1,274,11.937,1788427929.9852092,00012_front_put_the_roll_on_the_tray.png,00012_wrist_put_the_roll_on_the_tray.png,recap.png,50,3,301,302,32.08791208791209,15.428571428571429,-13.31868131868132,75.34065934065934,5.142857142857143,35.95890410958904,15.421463012695312,-20.281463623046875,4.317989349365234,90.82794952392578,6.485170364379883,41.18535614013672
073_roll,put the roll on the tray,13,1,274,11.937,1788427929.9852092,00012_front_put_the_roll_on_the_tray.png,00012_wrist_put_the_roll_on_the_tray.png,recap.png,50,4,302,303,32.08791208791209,15.428571428571429,-13.31868131868132,75.34065934065934,5.142857142857143,35.95890410958904,14.72726058959961,-21.70569610595703,5.585716247558594,90.45584106445312,6.658298492431641,39.98501205444336
073_roll,put the roll on the tray,13,1,274,11.937,1788427929.9852092,00012_front_put_the_roll_on_the_tray.png,00012_wrist_put_the_roll_on_the_tray.png,recap.png,50,5,303,304,32.08791208791209,15.428571428571429,-13.31868131868132,75.34065934065934,5.142857142857143,35.95890410958904,13.812633514404297,-23.168807983398438,7.30126953125,90.02690124511719,6.774503707885742,37.743553161621094
073_roll,put the roll on the tray,13,1,274,11.937,1788427929.9852092,00012_front_put_the_roll_on_the_tray.png,00012_wrist_put_the_roll_on_the_tray.png,recap.png,50,6,304,305,32.08791208791209,15.428571428571429,-13.31868131868132,75.34065934065934,5.142857142857143,35.95890410958904,12.937812805175781,-24.693458557128906,8.52423095703125,89.55052185058594,6.981807708740234,35.162960052490234
073_roll,put the roll on the tray,13,1,274,11.937,1788427929.9852092,00012_front_put_the_roll_on_the_tray.png,00012_wrist_put_the_roll_on_the_tray.png,recap.png,50,7,305,306,32.08791208791209,15.428571428571429,-13.31868131868132,75.34065934065934,5.142857142857143,35.95890410958904,12.129035949707031,-26.0892333984375,10.218360900878906,89.14591979980469,7.124471664428711,32.57978820800781
073_roll,put the roll on the tray,13,1,274,11.937,1788427929.9852092,00012_front_put_the_roll_on_the_tray.png,00012_wrist_put_the_roll_on_the_tray.png,recap.png,50,8,306,307,32.08791208791209,15.428571428571429,-13.31868131868132,75.34065934065934,5.142857142857143,35.95890410958904,11.269584655761719,-27.371368408203125,11.601890563964844,88.55094146728516,7.268178939819336,29.67176055908203
073_roll,put the roll on the tray,13,1,274,11.937,1788427929.9852092,00012_front_put_the_roll_on_the_tray.png,00012_wrist_put_the_roll_on_the_tray.png,recap.png,50,9,307,308,32.08791208791209,15.428571428571429,-13.31868131868132,75.34065934065934,5.142857142857143,35.95890410958904,10.516365051269531,-28.849441528320312,13.03961181640625,88.24205017089844,7.428409576416016,26.899168014526367
073_roll,put the roll on the tray,13,1,274,11.937,1788427929.9852092,00012_front_put_the_roll_on_the_tray.png,00012_wrist_put_the_roll_on_the_tray.png,recap.png,50,10,308,309,32.08791208791209,15.428571428571429,-13.31868131868132,75.34065934065934,5.142857142857143,35.95890410958904,9.984619140625,-29.542640686035156,14.533363342285156,87.74113464355469,7.602579116821289,23.717126846313477
073_roll,put the roll on the tray,13,1,274,11.937,1788427929.9852092,00012_front_put_the_roll_on_the_tray.png,00012_wrist_put_the_roll_on_the_tray.png,recap.png,50,11,309,310,32.08791208791209,15.428571428571429,-13.31868131868132,75.34065934065934,5.142857142857143,35.95890410958904,9.18222427368164,-30.263389587402344,15.755714416503906,87.33755493164062,7.641151428222656,20.26349449157715
073_roll,put the roll on the tray,13,1,274,11.937,1788427929.9852092,00012_front_put_the_roll_on_the_tray.png,00012_wrist_put_the_roll_on_the_tray.png,recap.png,50,12,310,311,32.08791208791209,15.428571428571429,-13.31868131868132,75.34065934065934,5.142857142857143,35.95890410958904,8.600929260253906,-31.309280395507812,17.22589874267578,86.90301513671875,7.689878463745117,16.47701072692871
073_roll,put the roll on the tray,13,1,274,11.937,1788427929.9852092,00012_front_put_the_roll_on_the_tray.png,00012_wrist_put_the_roll_on_the_tray.png,recap.png,50,13,311,312,32.08791208791209,15.428571428571429,-13.31868131868132,75.34065934065934,5.142857142857143,35.95890410958904,8.031478881835938,-32.47594451904297,18.102882385253906,86.48762512207031,7.79578971862793,12.505404472351074
073_roll,put the roll on the tray,13,1,274,11.937,1788427929.9852092,00012_front_put_the_roll_on_the_tray.png,00012_wrist_put_the_roll_on_the_tray.png,recap.png,50,14,312,313,32.08791208791209,15.428571428571429,-13.31868131868132,75.34065934065934,5.142857142857143,35.95890410958904,7.473777770996094,-32.85094451904297,19.640403747558594,85.96202850341797,7.785789489746094,8.732442855834961
073_roll,put the roll on the tray,13,1,274,11.937,1788427929.9852092,00012_front_put_the_roll_on_the_tray.png,00012_wrist_put_the_roll_on_the_tray.png,recap.png,50,15,313,314,32.08791208791209,15.428571428571429,-13.31868131868132,75.34065934065934,5.142857142857143,35.95890410958904,6.649513244628906,-34.40348815917969,20.801605224609375,85.31236267089844,7.7950592041015625,5.6444292068481445
073_roll,put the roll on the tray,13,1,274,11.937,1788427929.9852092,00012_front_put_the_roll_on_the_tray.png,00012_wrist_put_the_roll_on_the_tray.png,recap.png,50,16,314,315,32.08791208791209,15.428571428571429,-13.31868131868132,75.34065934065934,5.142857142857143,35.95890410958904,5.805919647216797,-35.99772644042969,22.67431640625,84.57522583007812,7.758867263793945,3.8832268714904785
073_roll,put the roll on the tray,13,1,274,11.937,1788427929.9852092,00012_front_put_the_roll_on_the_tray.png,00012_wrist_put_the_roll_on_the_tray.png,recap.png,50,17,315,316,32.08791208791209,15.428571428571429,-13.31868131868132,75.34065934065934,5.142857142857143,35.95890410958904,4.891857147216797,-37.105445861816406,24.12628173828125,83.94712829589844,7.674882888793945,3.187084436416626
073_roll,put the roll on the tray,13,1,274,11.937,1788427929.9852092,00012_front_put_the_roll_on_the_tray.png,00012_wrist_put_the_roll_on_the_tray.png,recap.png,50,18,316,317,32.08791208791209,15.428571428571429,-13.31868131868132,75.34065934065934,5.142857142857143,35.95890410958904,3.8447113037109375,-38.865516662597656,26.267044067382812,83.277587890625,7.433971405029297,2.5855300426483154
073_roll,put the roll on the tray,13,1,274,11.937,1788427929.9852092,00012_front_put_the_roll_on_the_tray.png,00012_wrist_put_the_roll_on_the_tray.png,recap.png,50,19,317,318,32.08791208791209,15.428571428571429,-13.31868131868132,75.34065934065934,5.142857142857143,35.95890410958904,2.8927993774414062,-40.287784576416016,27.421905517578125,82.49787902832031,7.076023101806641,2.497922420501709
073_roll,put the roll on the tray,13,1,274,11.937,1788427929.9852092,00012_front_put_the_roll_on_the_tray.png,00012_wrist_put_the_roll_on_the_tray.png,recap.png,50,20,318,319,32.08791208791209,15.428571428571429,-13.31868131868132,75.34065934065934,5.142857142857143,35.95890410958904,1.8108978271484375,-41.798580169677734,29.495742797851562,81.6766357421875,6.6789093017578125,2.4063825607299805
073_roll,put the roll on the tray,13,1,274,11.937,1788427929.9852092,00012_front_put_the_roll_on_the_tray.png,00012_wrist_put_the_roll_on_the_tray.png,recap.png,50,21,319,320,32.08791208791209,15.428571428571429,-13.31868131868132,75.34065934065934,5.142857142857143,35.95890410958904,0.96600341796875,-43.61288070678711,31.34576416015625,80.9351806640625,5.971464157104492,2.4821367263793945
073_roll,put the roll on the tray,13,1,274,11.937,1788427929.9852092,00012_front_put_the_roll_on_the_tray.png,00012_wrist_put_the_roll_on_the_tray.png,recap.png,50,22,320,321,32.08791208791209,15.428571428571429,-13.31868131868132,75.34065934065934,5.142857142857143,35.95890410958904,0.07865524291992188,-45.64925003051758,33.12164306640625,80.10588073730469,5.116462707519531,2.5459470748901367
073_roll,put the roll on the tray,13,1,274,11.937,1788427929.9852092,00012_front_put_the_roll_on_the_tray.png,00012_wrist_put_the_roll_on_the_tray.png,recap.png,50,23,321,322,32.08791208791209,15.428571428571429,-13.31868131868132,75.34065934065934,5.142857142857143,35.95890410958904,-0.6771583557128906,-47.46783447265625,35.210670471191406,79.20128631591797,4.018775939941406,2.489966869354248
073_roll,put the roll on the tray,13,1,274,11.937,1788427929.9852092,00012_front_put_the_roll_on_the_tray.png,00012_wrist_put_the_roll_on_the_tray.png,recap.png,50,24,322,323,32.08791208791209,15.428571428571429,-13.31868131868132,75.34065934065934,5.142857142857143,35.95890410958904,-1.1423072814941406,-49.558197021484375,36.90117645263672,78.39900207519531,3.007465362548828,2.413347005844116
073_roll,put the roll on the tray,13,1,274,11.937,1788427929.9852092,00012_front_put_the_roll_on_the_tray.png,00012_wrist_put_the_roll_on_the_tray.png,recap.png,50,25,323,324,32.08791208791209,15.428571428571429,-13.31868131868132,75.34065934065934,5.142857142857143,35.95890410958904,-1.6324958801269531,-51.33539581298828,38.58592224121094,77.56107330322266,2.0489988327026367,2.419875144958496
073_roll,put the roll on the tray,14,1,297,12.74,1788427930.7883396,00013_front_put_the_roll_on_the_tray.png,00013_wrist_put_the_roll_on_the_tray.png,recap.png,50,0,324,325,6.769230769230769,-31.428571428571427,24.21978021978022,83.42857142857143,7.164835164835165,12.32876712328767,-1.719686508178711,-91.6441650390625,78.16036987304688,66.93663024902344,0.8088464736938477,1.195343017578125
073_roll,put the roll on the tray,14,1,297,12.74,1788427930.7883396,00013_front_put_the_roll_on_the_tray.png,00013_wrist_put_the_roll_on_the_tray.png,recap.png,50,1,325,326,6.769230769230769,-31.428571428571427,24.21978021978022,83.42857142857143,7.164835164835165,12.32876712328767,-1.9474258422851562,-93.14722442626953,80.10760498046875,66.88133239746094,0.21523189544677734,1.151454210281372
073_roll,put the roll on the tray,14,1,297,12.74,1788427930.7883396,00013_front_put_the_roll_on_the_tray.png,00013_wrist_put_the_roll_on_the_tray.png,recap.png,50,2,326,327,6.769230769230769,-31.428571428571427,24.21978021978022,83.42857142857143,7.164835164835165,12.32876712328767,-1.9178199768066406,-94.73192596435547,81.33056640625,66.91670989990234,-0.4436664581298828,1.1503028869628906
073_roll,put the roll on the tray,14,1,297,12.74,1788427930.7883396,00013_front_put_the_roll_on_the_tray.png,00013_wrist_put_the_roll_on_the_tray.png,recap.png,50,3,327,328,6.769230769230769,-31.428571428571427,24.21978021978022,83.42857142857143,7.164835164835165,12.32876712328767,-2.1284027099609375,-96.53694915771484,81.60256958007812,66.96852111816406,-0.569793701171875,1.033588171005249
073_roll,put the roll on the tray,14,1,297,12.74,1788427930.7883396,00013_front_put_the_roll_on_the_tray.png,00013_wrist_put_the_roll_on_the_tray.png,recap.png,50,4,328,329,6.769230769230769,-31.428571428571427,24.21978021978022,83.42857142857143,7.164835164835165,12.32876712328767,-2.2999935150146484,-98.27825164794922,82.88955688476562,67.09730529785156,-0.5776491165161133,1.0752155780792236
073_roll,put the roll on the tray,14,1,297,12.74,1788427930.7883396,00013_front_put_the_roll_on_the_tray.png,00013_wrist_put_the_roll_on_the_tray.png,recap.png,50,5,329,330,6.769230769230769,-31.428571428571427,24.21978021978022,83.42857142857143,7.164835164835165,12.32876712328767,-2.3998756408691406,-99.65779113769531,83.90592956542969,67.28096771240234,-0.5623188018798828,1.099694848060608
073_roll,put the roll on the tray,14,1,297,12.74,1788427930.7883396,00013_front_put_the_roll_on_the_tray.png,00013_wrist_put_the_roll_on_the_tray.png,recap.png,50,6,330,331,6.769230769230769,-31.428571428571427,24.21978021978022,83.42857142857143,7.164835164835165,12.32876712328767,-2.5899696350097656,-100.8834228515625,85.46894836425781,67.9989013671875,-0.5861606597900391,0.9316447377204895
073_roll,put the roll on the tray,14,1,297,12.74,1788427930.7883396,00013_front_put_the_roll_on_the_tray.png,00013_wrist_put_the_roll_on_the_tray.png,recap.png,50,7,331,332,6.769230769230769,-31.428571428571427,24.21978021978022,83.42857142857143,7.164835164835165,12.32876712328767,-2.7146549224853516,-102.78221893310547,86.07566833496094,68.80487823486328,-0.53045654296875,1.0113033056259155
073_roll,put the roll on the tray,14,1,297,12.74,1788427930.7883396,00013_front_put_the_roll_on_the_tray.png,00013_wrist_put_the_roll_on_the_tray.png,recap.png,50,8,332,333,6.769230769230769,-31.428571428571427,24.21978021978022,83.42857142857143,7.164835164835165,12.32876712328767,-3.068572998046875,-104.05572509765625,86.70948791503906,69.60163879394531,-0.5670366287231445,0.9372984766960144
073_roll,put the roll on the tray,14,1,297,12.74,1788427930.7883396,00013_front_put_the_roll_on_the_tray.png,00013_wrist_put_the_roll_on_the_tray.png,recap.png,50,9,333,334,6.769230769230769,-31.428571428571427,24.21978021978022,83.42857142857143,7.164835164835165,12.32876712328767,-3.002887725830078,-105.20415496826172,86.92718505859375,71.2301025390625,-0.6358499526977539,0.8758736848831177
073_roll,put the roll on the tray,14,1,297,12.74,1788427930.7883396,00013_front_put_the_roll_on_the_tray.png,00013_wrist_put_the_roll_on_the_tray.png,recap.png,50,10,334,335,6.769230769230769,-31.428571428571427,24.21978021978022,83.42857142857143,7.164835164835165,12.32876712328767,-3.3707447052001953,-105.46234130859375,86.89701843261719,72.95426940917969,-0.7645463943481445,0.8159613609313965
073_roll,put the roll on the tray,14,1,297,12.74,1788427930.7883396,00013_front_put_the_roll_on_the_tray.png,00013_wrist_put_the_roll_on_the_tray.png,recap.png,50,11,335,336,6.769230769230769,-31.428571428571427,24.21978021978022,83.42857142857143,7.164835164835165,12.32876712328767,-3.420095443725586,-106.1661605834961,87.36476135253906,74.62580871582031,-0.6361093521118164,0.835257351398468
073_roll,put the roll on the tray,14,1,297,12.74,1788427930.7883396,00013_front_put_the_roll_on_the_tray.png,00013_wrist_put_the_roll_on_the_tray.png,recap.png,50,12,336,337,6.769230769230769,-31.428571428571427,24.21978021978022,83.42857142857143,7.164835164835165,12.32876712328767,-3.412212371826172,-105.59965515136719,87.44564819335938,75.70729064941406,-0.7144098281860352,0.684165358543396
073_roll,put the roll on the tray,14,1,297,12.74,1788427930.7883396,00013_front_put_the_roll_on_the_tray.png,00013_wrist_put_the_roll_on_the_tray.png,recap.png,50,13,337,338,6.769230769230769,-31.428571428571427,24.21978021978022,83.42857142857143,7.164835164835165,12.32876712328767,-3.2557125091552734,-105.97178649902344,87.10678100585938,76.68771362304688,-0.6613388061523438,0.5480304956436157
073_roll,put the roll on the tray,14,1,297,12.74,1788427930.7883396,00013_front_put_the_roll_on_the_tray.png,00013_wrist_put_the_roll_on_the_tray.png,recap.png,50,14,338,339,6.769230769230769,-31.428571428571427,24.21978021978022,83.42857142857143,7.164835164835165,12.32876712328767,-3.4732894897460938,-105.87956237792969,87.30006408691406,77.11182403564453,-0.5976123809814453,0.5424776077270508
073_roll,put the roll on the tray,14,1,297,12.74,1788427930.7883396,00013_front_put_the_roll_on_the_tray.png,00013_wrist_put_the_roll_on_the_tray.png,recap.png,50,15,339,340,6.769230769230769,-31.428571428571427,24.21978021978022,83.42857142857143,7.164835164835165,12.32876712328767,-3.2498207092285156,-105.58719635009766,87.17681884765625,77.3472671508789,-0.6386804580688477,0.709263801574707
073_roll,put the roll on the tray,14,1,297,12.74,1788427930.7883396,00013_front_put_the_roll_on_the_tray.png,00013_wrist_put_the_roll_on_the_tray.png,recap.png,50,16,340,341,6.769230769230769,-31.428571428571427,24.21978021978022,83.42857142857143,7.164835164835165,12.32876712328767,-3.2963027954101562,-105.67259979248047,87.51744079589844,77.53254699707031,-0.5053625106811523,0.6912115812301636
073_roll,put the roll on the tray,14,1,297,12.74,1788427930.7883396,00013_front_put_the_roll_on_the_tray.png,00013_wrist_put_the_roll_on_the_tray.png,recap.png,50,17,341,342,6.769230769230769,-31.428571428571427,24.21978021978022,83.42857142857143,7.164835164835165,12.32876712328767,-3.4918479919433594,-105.37344360351562,88.00527954101562,77.58283996582031,-0.7059879302978516,0.4044308364391327
073_roll,put the roll on the tray,14,1,297,12.74,1788427930.7883396,00013_front_put_the_roll_on_the_tray.png,00013_wrist_put_the_roll_on_the_tray.png,recap.png,50,18,342,343,6.769230769230769,-31.428571428571427,24.21978021978022,83.42857142857143,7.164835164835165,12.32876712328767,-3.7222442626953125,-105.38072204589844,87.51095581054688,77.26807403564453,-0.8142356872558594,0.45370790362358093
073_roll,put the roll on the tray,14,1,297,12.74,1788427930.7883396,00013_front_put_the_roll_on_the_tray.png,00013_wrist_put_the_roll_on_the_tray.png,recap.png,50,19,343,344,6.769230769230769,-31.428571428571427,24.21978021978022,83.42857142857143,7.164835164835165,12.32876712328767,-4.091346740722656,-105.4596939086914,88.24159240722656,77.18192291259766,-0.8957490921020508,0.564633846282959
073_roll,put the roll on the tray,14,1,297,12.74,1788427930.7883396,00013_front_put_the_roll_on_the_tray.png,00013_wrist_put_the_roll_on_the_tray.png,recap.png,50,20,344,345,6.769230769230769,-31.428571428571427,24.21978021978022,83.42857142857143,7.164835164835165,12.32876712328767,-4.386922836303711,-104.96898651123047,87.78086853027344,77.35450744628906,-1.050893783569336,0.4978877604007721
073_roll,put the roll on the tray,14,1,297,12.74,1788427930.7883396,00013_front_put_the_roll_on_the_tray.png,00013_wrist_put_the_roll_on_the_tray.png,recap.png,50,21,345,346,6.769230769230769,-31.428571428571427,24.21978021978022,83.42857142857143,7.164835164835165,12.32876712328767,-4.6829986572265625,-104.58067321777344,88.24729919433594,77.45118713378906,-1.1659584045410156,0.41713619232177734
073_roll,put the roll on the tray,14,1,297,12.74,1788427930.7883396,00013_front_put_the_roll_on_the_tray.png,00013_wrist_put_the_roll_on_the_tray.png,recap.png,50,22,346,347,6.769230769230769,-31.428571428571427,24.21978021978022,83.42857142857143,7.164835164835165,12.32876712328767,-4.725820541381836,-105.28673553466797,87.94540405273438,77.42586517333984,-1.0958547592163086,0.2582799196243286
073_roll,put the roll on the tray,15,1,323,13.777,1788427931.8292646,00014_front_put_the_roll_on_the_tray.png,00014_wrist_put_the_roll_on_the_tray.png,recap.png,50,0,347,348,0.0,-44.35164835164835,33.97802197802198,80.79120879120879,5.230769230769231,2.8767123287671232,-1.740133285522461,-94.68251037597656,80.84846496582031,66.19395446777344,2.517855644226074,1.1552577018737793
073_roll,put the roll on the tray,15,1,323,13.777,1788427931.8292646,00014_front_put_the_roll_on_the_tray.png,00014_wrist_put_the_roll_on_the_tray.png,recap.png,50,1,348,349,0.0,-44.35164835164835,33.97802197802198,80.79120879120879,5.230769230769231,2.8767123287671232,-1.8071537017822266,-96.07084655761719,81.34968566894531,66.3910140991211,2.238208770751953,1.0516021251678467
073_roll,put the roll on the tray,15,1,323,13.777,1788427931.8292646,00014_front_put_the_roll_on_the_tray.png,00014_wrist_put_the_roll_on_the_tray.png,recap.png,50,2,349,350,0.0,-44.35164835164835,33.97802197802198,80.79120879120879,5.230769230769231,2.8767123287671232,-1.7840995788574219,-98.02411651611328,82.53501892089844,66.42366790771484,2.140087127685547,1.0973368883132935
073_roll,put the roll on the tray,15,1,323,13.777,1788427931.8292646,00014_front_put_the_roll_on_the_tray.png,00014_wrist_put_the_roll_on_the_tray.png,recap.png,50,3,350,351,0.0,-44.35164835164835,33.97802197802198,80.79120879120879,5.230769230769231,2.8767123287671232,-1.7675228118896484,-99.340087890625,83.80458068847656,66.70201110839844,1.7278366088867188,1.1251099109649658
073_roll,put the roll on the tray,15,1,323,13.777,1788427931.8292646,00014_front_put_the_roll_on_the_tray.png,00014_wrist_put_the_roll_on_the_tray.png,recap.png,50,4,351,352,0.0,-44.35164835164835,33.97802197802198,80.79120879120879,5.230769230769231,2.8767123287671232,-2.0284595489501953,-101.1393051147461,85.32264709472656,67.27725219726562,1.2313871383666992,1.011528491973877
073_roll,put the roll on the tray,15,1,323,13.777,1788427931.8292646,00014_front_put_the_roll_on_the_tray.png,00014_wrist_put_the_roll_on_the_tray.png,recap.png,50,5,352,353,0.0,-44.35164835164835,33.97802197802198,80.79120879120879,5.230769230769231,2.8767123287671232,-1.958322525024414,-102.60248565673828,86.45414733886719,67.41182708740234,0.6985082626342773,0.9467239379882812
073_roll,put the roll on the tray,15,1,323,13.777,1788427931.8292646,00014_front_put_the_roll_on_the_tray.png,00014_wrist_put_the_roll_on_the_tray.png,recap.png,50,6,353,354,0.0,-44.35164835164835,33.97802197802198,80.79120879120879,5.230769230769231,2.8767123287671232,-1.6984596252441406,-103.28218841552734,86.80905151367188,67.92633819580078,-0.21812152862548828,1.054510235786438
073_roll,put the roll on the tray,15,1,323,13.777,1788427931.8292646,00014_front_put_the_roll_on_the_tray.png,00014_wrist_put_the_roll_on_the_tray.png,recap.png,50,7,354,355,0.0,-44.35164835164835,33.97802197802198,80.79120879120879,5.230769230769231,2.8767123287671232,-1.9124088287353516,-104.64735412597656,87.82919311523438,68.60993957519531,-0.31274890899658203,0.8470694422721863
073_roll,put the roll on the tray,15,1,323,13.777,1788427931.8292646,00014_front_put_the_roll_on_the_tray.png,00014_wrist_put_the_roll_on_the_tray.png,recap.png,50,8,355,356,0.0,-44.35164835164835,33.97802197802198,80.79120879120879,5.230769230769231,2.8767123287671232,-1.8825454711914062,-104.76411437988281,88.50831604003906,69.42669677734375,-0.6302385330200195,0.894912600517273
073_roll,put the roll on the tray,15,1,323,13.777,1788427931.8292646,00014_front_put_the_roll_on_the_tray.png,00014_wrist_put_the_roll_on_the_tray.png,recap.png,50,9,356,357,0.0,-44.35164835164835,33.97802197802198,80.79120879120879,5.230769230769231,2.8767123287671232,-2.06585693359375,-104.84494018554688,88.70625305175781,70.99883270263672,-0.4328889846801758,1.010140299797058
073_roll,put the roll on the tray,15,1,323,13.777,1788427931.8292646,00014_front_put_the_roll_on_the_tray.png,00014_wrist_put_the_roll_on_the_tray.png,recap.png,50,10,357,358,0.0,-44.35164835164835,33.97802197802198,80.79120879120879,5.230769230769231,2.8767123287671232,-2.1726913452148438,-105.12690734863281,88.56927490234375,72.506103515625,-0.3042011260986328,0.9601101279258728
073_roll,put the roll on the tray,15,1,323,13.777,1788427931.8292646,00014_front_put_the_roll_on_the_tray.png,00014_wrist_put_the_roll_on_the_tray.png,recap.png,50,11,358,359,0.0,-44.35164835164835,33.97802197802198,80.79120879120879,5.230769230769231,2.8767123287671232,-2.2548561096191406,-104.79379272460938,88.09031677246094,73.60400390625,-0.14852428436279297,0.8835306763648987
073_roll,put the roll on the tray,15,1,323,13.777,1788427931.8292646,00014_front_put_the_roll_on_the_tray.png,00014_wrist_put_the_roll_on_the_tray.png,recap.png,50,12,359,360,0.0,-44.35164835164835,33.97802197802198,80.79120879120879,5.230769230769231,2.8767123287671232,-2.460298538208008,-104.20355987548828,87.90641784667969,74.77684020996094,-0.01399993896484375,0.8139422535896301
073_roll,put the roll on the tray,15,1,323,13.777,1788427931.8292646,00014_front_put_the_roll_on_the_tray.png,00014_wrist_put_the_roll_on_the_tray.png,recap.png,50,13,360,361,0.0,-44.35164835164835,33.97802197802198,80.79120879120879,5.230769230769231,2.8767123287671232,-2.5994319915771484,-103.88153839111328,87.93620300292969,76.1173095703125,-0.00046253204345703125,0.8324171900749207
073_roll,put the roll on the tray,15,1,323,13.777,1788427931.8292646,00014_front_put_the_roll_on_the_tray.png,00014_wrist_put_the_roll_on_the_tray.png,recap.png,50,14,361,362,0.0,-44.35164835164835,33.97802197802198,80.79120879120879,5.230769230769231,2.8767123287671232,-2.731599807739258,-103.32011413574219,87.57681274414062,77.41970825195312,-0.044137001037597656,0.7685961723327637
073_roll,put the roll on the tray,15,1,323,13.777,1788427931.8292646,00014_front_put_the_roll_on_the_tray.png,00014_wrist_put_the_roll_on_the_tray.png,recap.png,50,15,362,363,0.0,-44.35164835164835,33.97802197802198,80.79120879120879,5.230769230769231,2.8767123287671232,-2.709136962890625,-103.15650177001953,87.14518737792969,78.3777084350586,-0.05701446533203125,0.7460946440696716
073_roll,put the roll on the tray,15,1,323,13.777,1788427931.8292646,00014_front_put_the_roll_on_the_tray.png,00014_wrist_put_the_roll_on_the_tray.png,recap.png,50,16,363,364,0.0,-44.35164835164835,33.97802197802198,80.79120879120879,5.230769230769231,2.8767123287671232,-2.824300765991211,-103.79142761230469,86.64315795898438,79.24717712402344,0.015002250671386719,0.8322058320045471
073_roll,put the roll on the tray,15,1,323,13.777,1788427931.8292646,00014_front_put_the_roll_on_the_tray.png,00014_wrist_put_the_roll_on_the_tray.png,recap.png,50,17,364,365,0.0,-44.35164835164835,33.97802197802198,80.79120879120879,5.230769230769231,2.8767123287671232,-2.838808059692383,-103.49677276611328,87.48980712890625,79.69923400878906,-0.01626300811767578,0.7810646891593933
073_roll,put the roll on the tray,15,1,323,13.777,1788427931.8292646,00014_front_put_the_roll_on_the_tray.png,00014_wrist_put_the_roll_on_the_tray.png,recap.png,50,18,365,366,0.0,-44.35164835164835,33.97802197802198,80.79120879120879,5.230769230769231,2.8767123287671232,-2.6299915313720703,-103.01661682128906,86.88967895507812,79.7016372680664,-0.29027557373046875,0.8210458755493164
073_roll,put the roll on the tray,15,1,323,13.777,1788427931.8292646,00014_front_put_the_roll_on_the_tray.png,00014_wrist_put_the_roll_on_the_tray.png,recap.png,50,19,366,367,0.0,-44.35164835164835,33.97802197802198,80.79120879120879,5.230769230769231,2.8767123287671232,-2.599271774291992,-102.9260482788086,88.03732299804688,79.5352783203125,-0.39307308197021484,0.921754002571106
073_roll,put the roll on the tray,15,1,323,13.777,1788427931.8292646,00014_front_put_the_roll_on_the_tray.png,00014_wrist_put_the_roll_on_the_tray.png,recap.png,50,20,367,368,0.0,-44.35164835164835,33.97802197802198,80.79120879120879,5.230769230769231,2.8767123287671232,-2.1007747650146484,-102.67424774169922,87.28553771972656,79.42189025878906,-0.5047283172607422,0.7040051221847534
073_roll,put the roll on the tray,15,1,323,13.777,1788427931.8292646,00014_front_put_the_roll_on_the_tray.png,00014_wrist_put_the_roll_on_the_tray.png,recap.png,50,21,368,369,0.0,-44.35164835164835,33.97802197802198,80.79120879120879,5.230769230769231,2.8767123287671232,-2.0655155181884766,-101.8583984375,87.28913879394531,79.34001159667969,-0.685521125793457,0.7890286445617676
073_roll,put the roll on the tray,15,1,323,13.777,1788427931.8292646,00014_front_put_the_roll_on_the_tray.png,00014_wrist_put_the_roll_on_the_tray.png,recap.png,50,22,369,370,0.0,-44.35164835164835,33.97802197802198,80.79120879120879,5.230769230769231,2.8767123287671232,-2.032255172729492,-101.90846252441406,87.69577026367188,79.37831115722656,-0.8052997589111328,0.8196980357170105
073_roll,put the roll on the tray,15,1,323,13.777,1788427931.8292646,00014_front_put_the_roll_on_the_tray.png,00014_wrist_put_the_roll_on_the_tray.png,recap.png,50,23,370,371,0.0,-44.35164835164835,33.97802197802198,80.79120879120879,5.230769230769231,2.8767123287671232,-1.6860160827636719,-102.46356201171875,88.20370483398438,79.12366485595703,-0.7768745422363281,0.6522936224937439
073_roll,put the roll on the tray,15,1,323,13.777,1788427931.8292646,00014_front_put_the_roll_on_the_tray.png,00014_wrist_put_the_roll_on_the_tray.png,recap.png,50,24,371,372,0.0,-44.35164835164835,33.97802197802198,80.79120879120879,5.230769230769231,2.8767123287671232,-1.455413818359375,-102.45417785644531,87.38456726074219,79.44853210449219,-0.7155771255493164,0.6892827749252319
073_roll,put the roll on the tray,15,1,323,13.777,1788427931.8292646,00014_front_put_the_roll_on_the_tray.png,00014_wrist_put_the_roll_on_the_tray.png,recap.png,50,25,372,373,0.0,-44.35164835164835,33.97802197802198,80.79120879120879,5.230769230769231,2.8767123287671232,-1.2309989929199219,-102.89205932617188,87.80876159667969,79.49156188964844,-0.6745738983154297,0.8791153430938721
073_roll,put the roll on the tray,16,0,346,14.546,1788427932.594049,00015_front_put_the_roll_on_the_tray.png,00015_wrist_put_the_roll_on_the_tray.png,recap.png,50,0,373,374,-4.3076923076923075,-102.1978021978022,88.13186813186813,76.3956043956044,-0.3076923076923077,0.6164383561643836,-3.9649600982666016,-101.89356231689453,88.16334533691406,77.58541870117188,-0.7331247329711914,0.23478639125823975
073_roll,put the roll on the tray,16,0,346,14.546,1788427932.594049,00015_front_put_the_roll_on_the_tray.png,00015_wrist_put_the_roll_on_the_tray.png,recap.png,50,1,374,375,-4.3076923076923075,-102.1978021978022,88.13186813186813,76.3956043956044,-0.3076923076923077,0.6164383561643836,-3.9511795043945312,-102.12117004394531,88.76260375976562,77.79005432128906,-0.7754726409912109,0.20521527528762817
073_roll,put the roll on the tray,16,0,346,14.546,1788427932.594049,00015_front_put_the_roll_on_the_tray.png,00015_wrist_put_the_roll_on_the_tray.png,recap.png,50,2,375,376,-4.3076923076923075,-102.1978021978022,88.13186813186813,76.3956043956044,-0.3076923076923077,0.6164383561643836,-4.250038146972656,-101.98513793945312,88.07070922851562,77.54026794433594,-0.7043190002441406,0.28990206122398376
073_roll,put the roll on the tray,16,0,346,14.546,1788427932.594049,00015_front_put_the_roll_on_the_tray.png,00015_wrist_put_the_roll_on_the_tray.png,recap.png,50,3,376,377,-4.3076923076923075,-102.1978021978022,88.13186813186813,76.3956043956044,-0.3076923076923077,0.6164383561643836,-3.8362464904785156,-102.17041015625,88.50212097167969,77.80494689941406,-0.654271125793457,0.12519976496696472
073_roll,put the roll on the tray,16,0,346,14.546,1788427932.594049,00015_front_put_the_roll_on_the_tray.png,00015_wrist_put_the_roll_on_the_tray.png,recap.png,50,4,377,378,-4.3076923076923075,-102.1978021978022,88.13186813186813,76.3956043956044,-0.3076923076923077,0.6164383561643836,-3.788980484008789,-101.65264129638672,88.68074035644531,77.76058959960938,-0.6289691925048828,0.1730365753173828
073_roll,put the roll on the tray,16,0,346,14.546,1788427932.594049,00015_front_put_the_roll_on_the_tray.png,00015_wrist_put_the_roll_on_the_tray.png,recap.png,50,5,378,379,-4.3076923076923075,-102.1978021978022,88.13186813186813,76.3956043956044,-0.3076923076923077,0.6164383561643836,-3.8667526245117188,-102.118408203125,88.45600891113281,77.735107421875,-0.6019563674926758,0.05784502625465393
073_roll,put the roll on the tray,16,0,346,14.546,1788427932.594049,00015_front_put_the_roll_on_the_tray.png,00015_wrist_put_the_roll_on_the_tray.png,recap.png,50,6,379,380,-4.3076923076923075,-102.1978021978022,88.13186813186813,76.3956043956044,-0.3076923076923077,0.6164383561643836,-3.8180294036865234,-101.93669891357422,87.94062805175781,77.89804077148438,-0.6132898330688477,0.14328594505786896
073_roll,put the roll on the tray,16,0,346,14.546,1788427932.594049,00015_front_put_the_roll_on_the_tray.png,00015_wrist_put_the_roll_on_the_tray.png,recap.png,50,7,380,381,-4.3076923076923075,-102.1978021978022,88.13186813186813,76.3956043956044,-0.3076923076923077,0.6164383561643836,-3.9427223205566406,-102.1214599609375,88.182861328125,77.72079467773438,-0.5409364700317383,0.06749565899372101
073_roll,put the roll on the tray,16,0,346,14.546,1788427932.594049,00015_front_put_the_roll_on_the_tray.png,00015_wrist_put_the_roll_on_the_tray.png,recap.png,50,8,381,382,-4.3076923076923075,-102.1978021978022,88.13186813186813,76.3956043956044,-0.3076923076923077,0.6164383561643836,-3.990001678466797,-102.42530822753906,88.44122314453125,77.87068176269531,-0.6257896423339844,0.0321262925863266
073_roll,put the roll on the tray,16,0,346,14.546,1788427932.594049,00015_front_put_the_roll_on_the_tray.png,00015_wrist_put_the_roll_on_the_tray.png,recap.png,50,9,382,383,-4.3076923076923075,-102.1978021978022,88.13186813186813,76.3956043956044,-0.3076923076923077,0.6164383561643836,-3.9408607482910156,-102.1623306274414,88.54307556152344,77.88107299804688,-0.5934629440307617,0.12819182872772217
073_roll,put the roll on the tray,16,0,346,14.546,1788427932.594049,00015_front_put_the_roll_on_the_tray.png,00015_wrist_put_the_roll_on_the_tray.png,recap.png,50,10,383,384,-4.3076923076923075,-102.1978021978022,88.13186813186813,76.3956043956044,-0.3076923076923077,0.6164383561643836,-3.8916015625,-101.98762512207031,88.84408569335938,77.81912994384766,-0.5229158401489258,0.045014336705207825
073_roll,put the roll on the tray,16,0,346,14.546,1788427932.594049,00015_front_put_the_roll_on_the_tray.png,00015_wrist_put_the_roll_on_the_tray.png,recap.png,50,11,384,385,-4.3076923076923075,-102.1978021978022,88.13186813186813,76.3956043956044,-0.3076923076923077,0.6164383561643836,-3.986593246459961,-101.85157012939453,88.78947448730469,77.90911102294922,-0.6100311279296875,0.1771768033504486
073_roll,put the roll on the tray,16,0,346,14.546,1788427932.594049,00015_front_put_the_roll_on_the_tray.png,00015_wrist_put_the_roll_on_the_tray.png,recap.png,50,12,385,386,-4.3076923076923075,-102.1978021978022,88.13186813186813,76.3956043956044,-0.3076923076923077,0.6164383561643836,-4.140270233154297,-102.46145629882812,88.68128967285156,77.83564758300781,-0.5511188507080078,0.07008091360330582
073_roll,put the roll on the tray,16,0,346,14.546,1788427932.594049,00015_front_put_the_roll_on_the_tray.png,00015_wrist_put_the_roll_on_the_tray.png,recap.png,50,13,386,387,-4.3076923076923075,-102.1978021978022,88.13186813186813,76.3956043956044,-0.3076923076923077,0.6164383561643836,-3.963367462158203,-102.07395935058594,88.68255615234375,77.81605529785156,-0.6035404205322266,0.15613150596618652
073_roll,put the roll on the tray,16,0,346,14.546,1788427932.594049,00015_front_put_the_roll_on_the_tray.png,00015_wrist_put_the_roll_on_the_tray.png,recap.png,50,14,387,388,-4.3076923076923075,-102.1978021978022,88.13186813186813,76.3956043956044,-0.3076923076923077,0.6164383561643836,-3.9367218017578125,-101.7614974975586,89.00334167480469,77.98359680175781,-0.5743722915649414,0.13625773787498474
073_roll,put the roll on the tray,16,0,346,14.546,1788427932.594049,00015_front_put_the_roll_on_the_tray.png,00015_wrist_put_the_roll_on_the_tray.png,recap.png,50,15,388,389,-4.3076923076923075,-102.1978021978022,88.13186813186813,76.3956043956044,-0.3076923076923077,0.6164383561643836,-3.881847381591797,-101.77653503417969,88.9208984375,77.67733764648438,-0.6256742477416992,-0.03162778913974762
073_roll,put the roll on the tray,16,0,346,14.546,1788427932.594049,00015_front_put_the_roll_on_the_tray.png,00015_wrist_put_the_roll_on_the_tray.png,recap.png,50,16,389,390,-4.3076923076923075,-102.1978021978022,88.13186813186813,76.3956043956044,-0.3076923076923077,0.6164383561643836,-4.196390151977539,-101.85021209716797,87.94709777832031,77.95199584960938,-0.6114635467529297,0.08734923601150513
073_roll,put the roll on the tray,16,0,346,14.546,1788427932.594049,00015_front_put_the_roll_on_the_tray.png,00015_wrist_put_the_roll_on_the_tray.png,recap.png,50,17,390,391,-4.3076923076923075,-102.1978021978022,88.13186813186813,76.3956043956044,-0.3076923076923077,0.6164383561643836,-4.128307342529297,-101.97957611083984,88.46719360351562,77.78538513183594,-0.6621274948120117,0.0016831457614898682
073_roll,put the roll on the tray,16,0,346,14.546,1788427932.594049,00015_front_put_the_roll_on_the_tray.png,00015_wrist_put_the_roll_on_the_tray.png,recap.png,50,18,391,392,-4.3076923076923075,-102.1978021978022,88.13186813186813,76.3956043956044,-0.3076923076923077,0.6164383561643836,-4.086366653442383,-101.8467025756836,88.35806274414062,77.9222412109375,-0.5839519500732422,0.17241203784942627
073_roll,put the roll on the tray,16,0,346,14.546,1788427932.594049,00015_front_put_the_roll_on_the_tray.png,00015_wrist_put_the_roll_on_the_tray.png,recap.png,50,19,392,393,-4.3076923076923075,-102.1978021978022,88.13186813186813,76.3956043956044,-0.3076923076923077,0.6164383561643836,-4.197719573974609,-101.9921646118164,87.97100830078125,78.01860046386719,-0.6345911026000977,-0.000215969979763031
073_roll,put the roll on the tray,16,0,346,14.546,1788427932.594049,00015_front_put_the_roll_on_the_tray.png,00015_wrist_put_the_roll_on_the_tray.png,recap.png,50,20,393,394,-4.3076923076923075,-102.1978021978022,88.13186813186813,76.3956043956044,-0.3076923076923077,0.6164383561643836,-4.023212432861328,-102.29374694824219,88.41557312011719,78.06340789794922,-0.6359596252441406,-0.01083739846944809
073_roll,put the roll on the tray,16,0,346,14.546,1788427932.594049,00015_front_put_the_roll_on_the_tray.png,00015_wrist_put_the_roll_on_the_tray.png,recap.png,50,21,394,395,-4.3076923076923075,-102.1978021978022,88.13186813186813,76.3956043956044,-0.3076923076923077,0.6164383561643836,-4.035228729248047,-102.14327239990234,87.23899841308594,78.00386810302734,-0.596287727355957,0.12784981727600098
073_roll,put the roll on the tray,16,0,346,14.546,1788427932.594049,00015_front_put_the_roll_on_the_tray.png,00015_wrist_put_the_roll_on_the_tray.png,recap.png,50,22,395,396,-4.3076923076923075,-102.1978021978022,88.13186813186813,76.3956043956044,-0.3076923076923077,0.6164383561643836,-4.055713653564453,-102.68258666992188,88.31706237792969,77.77653503417969,-0.6532831192016602,0.01956113427877426
073_roll,put the roll on the tray,17,1,372,15.549,1788427933.5979455,00016_front_put_the_roll_on_the_tray.png,00016_wrist_put_the_roll_on_the_tray.png,recap.png,50,0,396,397,-2.2857142857142856,-102.1978021978022,88.48351648351648,77.36263736263736,0.04395604395604396,0.821917808219178,-2.0039215087890625,-101.98825073242188,88.937255859375,77.58065795898438,-0.5256195068359375,0.7461297512054443
073_roll,put the roll on the tray,17,1,372,15.549,1788427933.5979455,00016_front_put_the_roll_on_the_tray.png,00016_wrist_put_the_roll_on_the_tray.png,recap.png,50,1,397,398,-2.2857142857142856,-102.1978021978022,88.48351648351648,77.36263736263736,0.04395604395604396,0.821917808219178,-1.7920570373535156,-102.75065612792969,88.75807189941406,77.39940643310547,-0.5726499557495117,0.870171070098877
073_roll,put the roll on the tray,17,1,372,15.549,1788427933.5979455,00016_front_put_the_roll_on_the_tray.png,00016_wrist_put_the_roll_on_the_tray.png,recap.png,50,2,398,399,-2.2857142857142856,-102.1978021978022,88.48351648351648,77.36263736263736,0.04395604395604396,0.821917808219178,-1.664133071899414,-101.90641021728516,88.96315002441406,77.35798645019531,-0.5626049041748047,0.8754732608795166
073_roll,put the roll on the tray,17,1,372,15.549,1788427933.5979455,00016_front_put_the_roll_on_the_tray.png,00016_wrist_put_the_roll_on_the_tray.png,recap.png,50,3,399,400,-2.2857142857142856,-102.1978021978022,88.48351648351648,77.36263736263736,0.04395604395604396,0.821917808219178,-1.8380374908447266,-101.90393829345703,89.08598327636719,77.4668960571289,-0.5865955352783203,0.8488187789916992
073_roll,put the roll on the tray,17,1,372,15.549,1788427933.5979455,00016_front_put_the_roll_on_the_tray.png,00016_wrist_put_the_roll_on_the_tray.png,recap.png,50,4,400,401,-2.2857142857142856,-102.1978021978022,88.48351648351648,77.36263736263736,0.04395604395604396,0.821917808219178,-1.7759571075439453,-101.59337615966797,88.7354736328125,77.50382995605469,-0.5559482574462891,0.8265498876571655
073_roll,put the roll on the tray,17,1,372,15.549,1788427933.5979455,00016_front_put_the_roll_on_the_tray.png,00016_wrist_put_the_roll_on_the_tray.png,recap.png,50,5,401,402,-2.2857142857142856,-102.1978021978022,88.48351648351648,77.36263736263736,0.04395604395604396,0.821917808219178,-2.200817108154297,-102.05554962158203,88.831787109375,77.38190460205078,-0.6609525680541992,0.8843177556991577
073_roll,put the roll on the tray,17,1,372,15.549,1788427933.5979455,00016_front_put_the_roll_on_the_tray.png,00016_wrist_put_the_roll_on_the_tray.png,recap.png,50,6,402,403,-2.2857142857142856,-102.1978021978022,88.48351648351648,77.36263736263736,0.04395604395604396,0.821917808219178,-1.9372024536132812,-101.65239715576172,88.95390319824219,77.68667602539062,-0.5590486526489258,0.9081671237945557
073_roll,put the roll on the tray,17,1,372,15.549,1788427933.5979455,00016_front_put_the_roll_on_the_tray.png,00016_wrist_put_the_roll_on_the_tray.png,recap.png,50,7,403,404,-2.2857142857142856,-102.1978021978022,88.48351648351648,77.36263736263736,0.04395604395604396,0.821917808219178,-1.9515743255615234,-101.8702392578125,89.43873596191406,77.52188110351562,-0.5609970092773438,0.7470282912254333
073_roll,put the roll on the tray,17,1,372,15.549,1788427933.5979455,00016_front_put_the_roll_on_the_tray.png,00016_wrist_put_the_roll_on_the_tray.png,recap.png,50,8,404,405,-2.2857142857142856,-102.1978021978022,88.48351648351648,77.36263736263736,0.04395604395604396,0.821917808219178,-1.8312931060791016,-101.82784271240234,89.21408081054688,77.48885345458984,-0.6048784255981445,0.8265998363494873
073_roll,put the roll on the tray,17,1,372,15.549,1788427933.5979455,00016_front_put_the_roll_on_the_tray.png,00016_wrist_put_the_roll_on_the_tray.png,recap.png,50,9,405,406,-2.2857142857142856,-102.1978021978022,88.48351648351648,77.36263736263736,0.04395604395604396,0.821917808219178,-1.9793453216552734,-101.94950103759766,89.59544372558594,77.56033325195312,-0.6280298233032227,0.7931115031242371
073_roll,put the roll on the tray,17,1,372,15.549,1788427933.5979455,00016_front_put_the_roll_on_the_tray.png,00016_wrist_put_the_roll_on_the_tray.png,recap.png,50,10,406,407,-2.2857142857142856,-102.1978021978022,88.48351648351648,77.36263736263736,0.04395604395604396,0.821917808219178,-1.9508171081542969,-101.92325592041016,88.99150085449219,77.47036743164062,-0.604522705078125,0.6649841070175171
073_roll,put the roll on the tray,17,1,372,15.549,1788427933.5979455,00016_front_put_the_roll_on_the_tray.png,00016_wrist_put_the_roll_on_the_tray.png,recap.png,50,11,407,408,-2.2857142857142856,-102.1978021978022,88.48351648351648,77.36263736263736,0.04395604395604396,0.821917808219178,-1.9194087982177734,-101.81155395507812,88.37158203125,77.27033233642578,-0.6209335327148438,0.6257517337799072
073_roll,put the roll on the tray,17,1,372,15.549,1788427933.5979455,00016_front_put_the_roll_on_the_tray.png,00016_wrist_put_the_roll_on_the_tray.png,recap.png,50,12,408,409,-2.2857142857142856,-102.1978021978022,88.48351648351648,77.36263736263736,0.04395604395604396,0.821917808219178,-2.1429386138916016,-101.94564056396484,88.72256469726562,77.65726470947266,-0.527557373046875,0.7521605491638184
073_roll,put the roll on the tray,17,1,372,15.549,1788427933.5979455,00016_front_put_the_roll_on_the_tray.png,00016_wrist_put_the_roll_on_the_tray.png,recap.png,50,13,409,410,-2.2857142857142856,-102.1978021978022,88.48351648351648,77.36263736263736,0.04395604395604396,0.821917808219178,-1.9746894836425781,-102.27692413330078,88.67295837402344,77.51702117919922,-0.5020208358764648,0.8505681157112122
073_roll,put the roll on the tray,17,1,372,15.549,1788427933.5979455,00016_front_put_the_roll_on_the_tray.png,00016_wrist_put_the_roll_on_the_tray.png,recap.png,50,14,410,411,-2.2857142857142856,-102.1978021978022,88.48351648351648,77.36263736263736,0.04395604395604396,0.821917808219178,-1.9941215515136719,-102.70722198486328,89.50579833984375,77.75977325439453,-0.5099191665649414,0.6355340480804443
073_roll,put the roll on the tray,17,1,372,15.549,1788427933.5979455,00016_front_put_the_roll_on_the_tray.png,00016_wrist_put_the_roll_on_the_tray.png,recap.png,50,15,411,412,-2.2857142857142856,-102.1978021978022,88.48351648351648,77.36263736263736,0.04395604395604396,0.821917808219178,-1.9242019653320312,-102.31486511230469,88.91716003417969,77.55619812011719,-0.5428085327148438,0.6682576537132263
073_roll,put the roll on the tray,17,1,372,15.549,1788427933.5979455,00016_front_put_the_roll_on_the_tray.png,00016_wrist_put_the_roll_on_the_tray.png,recap.png,50,16,412,413,-2.2857142857142856,-102.1978021978022,88.48351648351648,77.36263736263736,0.04395604395604396,0.821917808219178,-1.9400157928466797,-101.68923950195312,89.01022338867188,77.73211669921875,-0.6010370254516602,0.6290337443351746
073_roll,put the roll on the tray,17,1,372,15.549,1788427933.5979455,00016_front_put_the_roll_on_the_tray.png,00016_wrist_put_the_roll_on_the_tray.png,recap.png,50,17,413,414,-2.2857142857142856,-102.1978021978022,88.48351648351648,77.36263736263736,0.04395604395604396,0.821917808219178,-2.0016632080078125,-102.60293579101562,89.06219482421875,77.665283203125,-0.5713748931884766,0.6726177334785461
073_roll,put the roll on the tray,17,1,372,15.549,1788427933.5979455,00016_front_put_the_roll_on_the_tray.png,00016_wrist_put_the_roll_on_the_tray.png,recap.png,50,18,414,415,-2.2857142857142856,-102.1978021978022,88.48351648351648,77.36263736263736,0.04395604395604396,0.821917808219178,-1.8708324432373047,-101.76006317138672,88.97508239746094,77.6524658203125,-0.4942502975463867,0.8070532083511353
073_roll,put the roll on the tray,17,1,372,15.549,1788427933.5979455,00016_front_put_the_roll_on_the_tray.png,00016_wrist_put_the_roll_on_the_tray.png,recap.png,50,19,415,416,-2.2857142857142856,-102.1978021978022,88.48351648351648,77.36263736263736,0.04395604395604396,0.821917808219178,-2.377779006958008,-102.8274917602539,88.90785217285156,77.6544418334961,-0.5450887680053711,0.8410513401031494
073_roll,put the roll on the tray,17,1,372,15.549,1788427933.5979455,00016_front_put_the_roll_on_the_tray.png,00016_wrist_put_the_roll_on_the_tray.png,recap.png,50,20,416,417,-2.2857142857142856,-102.1978021978022,88.48351648351648,77.36263736263736,0.04395604395604396,0.821917808219178,-2.1205673217773438,-101.71466827392578,89.16227722167969,77.48443603515625,-0.4465751647949219,0.6963640451431274
073_roll,put the roll on the tray,17,1,372,15.549,1788427933.5979455,00016_front_put_the_roll_on_the_tray.png,00016_wrist_put_the_roll_on_the_tray.png,recap.png,50,21,417,418,-2.2857142857142856,-102.1978021978022,88.48351648351648,77.36263736263736,0.04395604395604396,0.821917808219178,-2.0904541015625,-101.639892578125,89.0218505859375,77.81685638427734,-0.5227375030517578,0.6014413833618164
073_roll,put the roll on the tray,17,1,372,15.549,1788427933.5979455,00016_front_put_the_roll_on_the_tray.png,00016_wrist_put_the_roll_on_the_tray.png,recap.png,50,22,418,419,-2.2857142857142856,-102.1978021978022,88.48351648351648,77.36263736263736,0.04395604395604396,0.821917808219178,-2.089426040649414,-101.59808349609375,88.72296142578125,77.98362731933594,-0.5403604507446289,0.7040253281593323
073_roll,put the roll on the tray,17,1,372,15.549,1788427933.5979455,00016_front_put_the_roll_on_the_tray.png,00016_wrist_put_the_roll_on_the_tray.png,recap.png,50,23,419,420,-2.2857142857142856,-102.1978021978022,88.48351648351648,77.36263736263736,0.04395604395604396,0.821917808219178,-1.9403762817382812,-102.8937759399414,89.911376953125,77.88111114501953,-0.5075063705444336,0.5678500533103943
073_roll,put the roll on the tray,17,1,372,15.549,1788427933.5979455,00016_front_put_the_roll_on_the_tray.png,00016_wrist_put_the_roll_on_the_tray.png,recap.png,50,24,420,421,-2.2857142857142856,-102.1978021978022,88.48351648351648,77.36263736263736,0.04395604395604396,0.821917808219178,-1.8080158233642578,-102.76873016357422,89.25698852539062,77.95382690429688,-0.5143089294433594,0.8035279512405396
073_roll,put the roll on the tray,17,1,372,15.549,1788427933.5979455,00016_front_put_the_roll_on_the_tray.png,00016_wrist_put_the_roll_on_the_tray.png,recap.png,50,25,421,422,-2.2857142857142856,-102.1978021978022,88.48351648351648,77.36263736263736,0.04395604395604396,0.821917808219178,-1.8563117980957031,-102.97561645507812,89.27565002441406,77.83287811279297,-0.4859142303466797,0.7349793314933777
073_roll,put the roll on the tray,18,1,395,16.385,1788427934.4330685,00017_front_put_the_roll_on_the_tray.png,00017_wrist_put_the_roll_on_the_tray.png,recap.png,50,0,422,423,-3.956043956043956,-102.1978021978022,88.74725274725274,77.01098901098901,0.04395604395604396,0.3424657534246575,-3.6612720489501953,-102.3050308227539,89.30076599121094,77.43071746826172,-0.1963949203491211,-0.034125953912734985
073_roll,put the roll on the tray,18,1,395,16.385,1788427934.4330685,00017_front_put_the_roll_on_the_tray.png,00017_wrist_put_the_roll_on_the_tray.png,recap.png,50,1,423,424,-3.956043956043956,-102.1978021978022,88.74725274725274,77.01098901098901,0.04395604395604396,0.3424657534246575,-3.8399906158447266,-101.95404052734375,89.02877807617188,77.52790832519531,-0.1506509780883789,0.08156480640172958
073_roll,put the roll on the tray,18,1,395,16.385,1788427934.4330685,00017_front_put_the_roll_on_the_tray.png,00017_wrist_put_the_roll_on_the_tray.png,recap.png,50,2,424,425,-3.956043956043956,-102.1978021978022,88.74725274725274,77.01098901098901,0.04395604395604396,0.3424657534246575,-3.7090320587158203,-102.0298080444336,88.89828491210938,77.50645446777344,-0.27065181732177734,0.01396789401769638
073_roll,put the roll on the tray,18,1,395,16.385,1788427934.4330685,00017_front_put_the_roll_on_the_tray.png,00017_wrist_put_the_roll_on_the_tray.png,recap.png,50,3,425,426,-3.956043956043956,-102.1978021978022,88.74725274725274,77.01098901098901,0.04395604395604396,0.3424657534246575,-3.9204235076904297,-101.95906829833984,89.42955017089844,77.46490478515625,-0.18348979949951172,0.019132032990455627
073_roll,put the roll on the tray,18,1,395,16.385,1788427934.4330685,00017_front_put_the_roll_on_the_tray.png,00017_wrist_put_the_roll_on_the_tray.png,recap.png,50,4,426,427,-3.956043956043956,-102.1978021978022,88.74725274725274,77.01098901098901,0.04395604395604396,0.3424657534246575,-3.80377197265625,-102.01502990722656,88.87882995605469,77.50701904296875,-0.19450950622558594,0.0650952160358429
073_roll,put the roll on the tray,18,1,395,16.385,1788427934.4330685,00017_front_put_the_roll_on_the_tray.png,00017_wrist_put_the_roll_on_the_tray.png,recap.png,50,5,427,428,-3.956043956043956,-102.1978021978022,88.74725274725274,77.01098901098901,0.04395604395604396,0.3424657534246575,-4.051235198974609,-102.47282409667969,89.166259765625,77.33258056640625,-0.28911590576171875,0.08732374757528305
073_roll,put the roll on the tray,18,1,395,16.385,1788427934.4330685,00017_front_put_the_roll_on_the_tray.png,00017_wrist_put_the_roll_on_the_tray.png,recap.png,50,6,428,429,-3.956043956043956,-102.1978021978022,88.74725274725274,77.01098901098901,0.04395604395604396,0.3424657534246575,-4.19453239440918,-102.07599639892578,89.10205078125,77.357177734375,-0.3082771301269531,-0.13649530708789825
073_roll,put the roll on the tray,18,1,395,16.385,1788427934.4330685,00017_front_put_the_roll_on_the_tray.png,00017_wrist_put_the_roll_on_the_tray.png,recap.png,50,7,429,430,-3.956043956043956,-102.1978021978022,88.74725274725274,77.01098901098901,0.04395604395604396,0.3424657534246575,-3.956033706665039,-101.79401397705078,88.67184448242188,77.44996643066406,-0.27359580993652344,0.012527622282505035
073_roll,put the roll on the tray,18,1,395,16.385,1788427934.4330685,00017_front_put_the_roll_on_the_tray.png,00017_wrist_put_the_roll_on_the_tray.png,recap.png,50,8,430,431,-3.956043956043956,-102.1978021978022,88.74725274725274,77.01098901098901,0.04395604395604396,0.3424657534246575,-3.9882373809814453,-101.6584701538086,88.9991455078125,77.35969543457031,-0.2819089889526367,0.032470427453517914
073_roll,put the roll on the tray,18,1,395,16.385,1788427934.4330685,00017_front_put_the_roll_on_the_tray.png,00017_wrist_put_the_roll_on_the_tray.png,recap.png,50,9,431,432,-3.956043956043956,-102.1978021978022,88.74725274725274,77.01098901098901,0.04395604395604396,0.3424657534246575,-3.941537857055664,-101.60435485839844,89.11279296875,77.29853820800781,-0.2962770462036133,-0.003963209688663483
073_roll,put the roll on the tray,18,1,395,16.385,1788427934.4330685,00017_front_put_the_roll_on_the_tray.png,00017_wrist_put_the_roll_on_the_tray.png,recap.png,50,10,432,433,-3.956043956043956,-102.1978021978022,88.74725274725274,77.01098901098901,0.04395604395604396,0.3424657534246575,-3.809032440185547,-102.08416748046875,89.06158447265625,77.3316650390625,-0.33367156982421875,-0.04826731979846954
073_roll,put the roll on the tray,18,1,395,16.385,1788427934.4330685,00017_front_put_the_roll_on_the_tray.png,00017_wrist_put_the_roll_on_the_tray.png,recap.png,50,11,433,434,-3.956043956043956,-102.1978021978022,88.74725274725274,77.01098901098901,0.04395604395604396,0.3424657534246575,-3.9645442962646484,-101.96407318115234,89.07257080078125,77.34661865234375,-0.27960872650146484,-0.04484085738658905
073_roll,put the roll on the tray,18,1,395,16.385,1788427934.4330685,00017_front_put_the_roll_on_the_tray.png,00017_wrist_put_the_roll_on_the_tray.png,recap.png,50,12,434,435,-3.956043956043956,-102.1978021978022,88.74725274725274,77.01098901098901,0.04395604395604396,0.3424657534246575,-3.835916519165039,-101.89147186279297,88.35423278808594,77.36418151855469,-0.2738628387451172,-0.06999027729034424
073_roll,put the roll on the tray,18,1,395,16.385,1788427934.4330685,00017_front_put_the_roll_on_the_tray.png,00017_wrist_put_the_roll_on_the_tray.png,recap.png,50,13,435,436,-3.956043956043956,-102.1978021978022,88.74725274725274,77.01098901098901,0.04395604395604396,0.3424657534246575,-3.9527664184570312,-102.22737884521484,89.24716186523438,77.40348052978516,-0.2984752655029297,-0.012107722461223602
073_roll,put the roll on the tray,18,1,395,16.385,1788427934.4330685,00017_front_put_the_roll_on_the_tray.png,00017_wrist_put_the_roll_on_the_tray.png,recap.png,50,14,436,437,-3.956043956043956,-102.1978021978022,88.74725274725274,77.01098901098901,0.04395604395604396,0.3424657534246575,-3.813173294067383,-101.68458557128906,88.57958984375,77.4041748046875,-0.24983978271484375,-0.020551756024360657
073_roll,put the roll on the tray,18,1,395,16.385,1788427934.4330685,00017_front_put_the_roll_on_the_tray.png,00017_wrist_put_the_roll_on_the_tray.png,recap.png,50,15,437,438,-3.956043956043956,-102.1978021978022,88.74725274725274,77.01098901098901,0.04395604395604396,0.3424657534246575,-3.9104576110839844,-101.7993392944336,89.18699645996094,77.47130584716797,-0.1989278793334961,0.022301465272903442
073_roll,put the roll on the tray,18,1,395,16.385,1788427934.4330685,00017_front_put_the_roll_on_the_tray.png,00017_wrist_put_the_roll_on_the_tray.png,recap.png,50,16,438,439,-3.956043956043956,-102.1978021978022,88.74725274725274,77.01098901098901,0.04395604395604396,0.3424657534246575,-3.9747791290283203,-102.43718719482422,89.03097534179688,77.41400909423828,-0.1883554458618164,0.08097213506698608
073_roll,put the roll on the tray,18,1,395,16.385,1788427934.4330685,00017_front_put_the_roll_on_the_tray.png,00017_wrist_put_the_roll_on_the_tray.png,recap.png,50,17,439,440,-3.956043956043956,-102.1978021978022,88.74725274725274,77.01098901098901,0.04395604395604396,0.3424657534246575,-4.09419059753418,-101.79084014892578,89.46528625488281,77.48637390136719,-0.24190139770507812,-0.03356938064098358
073_roll,put the roll on the tray,18,1,395,16.385,1788427934.4330685,00017_front_put_the_roll_on_the_tray.png,00017_wrist_put_the_roll_on_the_tray.png,recap.png,50,18,440,441,-3.956043956043956,-102.1978021978022,88.74725274725274,77.01098901098901,0.04395604395604396,0.3424657534246575,-4.0797119140625,-101.362060546875,88.9129638671875,77.35102081298828,-0.27851104736328125,-0.06430993974208832
073_roll,put the roll on the tray,18,1,395,16.385,1788427934.4330685,00017_front_put_the_roll_on_the_tray.png,00017_wrist_put_the_roll_on_the_tray.png,recap.png,50,19,441,442,-3.956043956043956,-102.1978021978022,88.74725274725274,77.01098901098901,0.04395604395604396,0.3424657534246575,-4.109109878540039,-101.58224487304688,88.67344665527344,77.27967834472656,-0.23528766632080078,0.008761264383792877
073_roll,put the roll on the tray,18,1,395,16.385,1788427934.4330685,00017_front_put_the_roll_on_the_tray.png,00017_wrist_put_the_roll_on_the_tray.png,recap.png,50,20,442,443,-3.956043956043956,-102.1978021978022,88.74725274725274,77.01098901098901,0.04395604395604396,0.3424657534246575,-3.995840072631836,-101.8375244140625,88.85762023925781,77.212158203125,-0.22634601593017578,-0.04900020360946655
073_roll,put the roll on the tray,18,1,395,16.385,1788427934.4330685,00017_front_put_the_roll_on_the_tray.png,00017_wrist_put_the_roll_on_the_tray.png,recap.png,50,21,443,444,-3.956043956043956,-102.1978021978022,88.74725274725274,77.01098901098901,0.04395604395604396,0.3424657534246575,-4.108642578125,-101.59777069091797,88.93666076660156,77.34573364257812,-0.17945575714111328,-0.06436941027641296
073_roll,put the roll on the tray,18,1,395,16.385,1788427934.4330685,00017_front_put_the_roll_on_the_tray.png,00017_wrist_put_the_roll_on_the_tray.png,recap.png,50,22,444,445,-3.956043956043956,-102.1978021978022,88.74725274725274,77.01098901098901,0.04395604395604396,0.3424657534246575,-3.9269847869873047,-102.02003479003906,88.9388427734375,77.29704284667969,-0.19027328491210938,-0.050544559955596924
073_roll,put the roll on the tray,19,1,421,17.422,1788427935.4701724,00018_front_put_the_roll_on_the_tray.png,00018_wrist_put_the_roll_on_the_tray.png,recap.png,50,0,445,446,-2.3736263736263736,-102.1978021978022,89.53846153846153,77.01098901098901,0.04395604395604396,0.547945205479452,-2.2862548828125,-102.82794189453125,89.29409790039062,77.57115173339844,-0.23125362396240234,0.20828698575496674
073_roll,put the roll on the tray,19,1,421,17.422,1788427935.4701724,00018_front_put_the_roll_on_the_tray.png,00018_wrist_put_the_roll_on_the_tray.png,recap.png,50,1,446,447,-2.3736263736263736,-102.1978021978022,89.53846153846153,77.01098901098901,0.04395604395604396,0.547945205479452,-2.101186752319336,-102.40648651123047,89.84437561035156,77.55471801757812,-0.25639915466308594,0.2388533353805542
073_roll,put the roll on the tray,19,1,421,17.422,1788427935.4701724,00018_front_put_the_roll_on_the_tray.png,00018_wrist_put_the_roll_on_the_tray.png,recap.png,50,2,447,448,-2.3736263736263736,-102.1978021978022,89.53846153846153,77.01098901098901,0.04395604395604396,0.547945205479452,-2.042407989501953,-102.09855651855469,89.874267578125,77.4832763671875,-0.26065921783447266,0.3315572142601013
073_roll,put the roll on the tray,19,1,421,17.422,1788427935.4701724,00018_front_put_the_roll_on_the_tray.png,00018_wrist_put_the_roll_on_the_tray.png,recap.png,50,3,448,449,-2.3736263736263736,-102.1978021978022,89.53846153846153,77.01098901098901,0.04395604395604396,0.547945205479452,-2.1282176971435547,-102.75556182861328,89.23329162597656,77.58348083496094,-0.2065286636352539,0.2703586220741272
073_roll,put the roll on the tray,19,1,421,17.422,1788427935.4701724,00018_front_put_the_roll_on_the_tray.png,00018_wrist_put_the_roll_on_the_tray.png,recap.png,50,4,449,450,-2.3736263736263736,-102.1978021978022,89.53846153846153,77.01098901098901,0.04395604395604396,0.547945205479452,-2.2135562896728516,-102.76800537109375,89.23423767089844,77.70738983154297,-0.19328594207763672,0.29252874851226807
073_roll,put the roll on the tray,19,1,421,17.422,1788427935.4701724,00018_front_put_the_roll_on_the_tray.png,00018_wrist_put_the_roll_on_the_tray.png,recap.png,50,5,450,451,-2.3736263736263736,-102.1978021978022,89.53846153846153,77.01098901098901,0.04395604395604396,0.547945205479452,-2.278656005859375,-102.3617172241211,89.46295166015625,77.58302307128906,-0.21741199493408203,0.22113996744155884
073_roll,put the roll on the tray,19,1,421,17.422,1788427935.4701724,00018_front_put_the_roll_on_the_tray.png,00018_wrist_put_the_roll_on_the_tray.png,recap.png,50,6,451,452,-2.3736263736263736,-102.1978021978022,89.53846153846153,77.01098901098901,0.04395604395604396,0.547945205479452,-2.074535369873047,-102.28491973876953,89.63160705566406,77.68341064453125,-0.1959228515625,0.17583107948303223
073_roll,put the roll on the tray,19,1,421,17.422,1788427935.4701724,00018_front_put_the_roll_on_the_tray.png,00018_wrist_put_the_roll_on_the_tray.png,recap.png,50,7,452,453,-2.3736263736263736,-102.1978021978022,89.53846153846153,77.01098901098901,0.04395604395604396,0.547945205479452,-2.174386978149414,-103.36780548095703,89.95584106445312,77.4645767211914,-0.17641735076904297,0.3252512514591217
073_roll,put the roll on the tray,19,1,421,17.422,1788427935.4701724,00018_front_put_the_roll_on_the_tray.png,00018_wrist_put_the_roll_on_the_tray.png,recap.png,50,8,453,454,-2.3736263736263736,-102.1978021978022,89.53846153846153,77.01098901098901,0.04395604395604396,0.547945205479452,-2.0888442993164062,-101.87701416015625,89.66267395019531,77.6020278930664,-0.19417667388916016,0.3244897127151489
073_roll,put the roll on the tray,19,1,421,17.422,1788427935.4701724,00018_front_put_the_roll_on_the_tray.png,00018_wrist_put_the_roll_on_the_tray.png,recap.png,50,9,454,455,-2.3736263736263736,-102.1978021978022,89.53846153846153,77.01098901098901,0.04395604395604396,0.547945205479452,-2.2084693908691406,-102.06668853759766,89.66056823730469,77.47747802734375,-0.15589141845703125,0.3349560499191284
073_roll,put the roll on the tray,19,1,421,17.422,1788427935.4701724,00018_front_put_the_roll_on_the_tray.png,00018_wrist_put_the_roll_on_the_tray.png,recap.png,50,10,455,456,-2.3736263736263736,-102.1978021978022,89.53846153846153,77.01098901098901,0.04395604395604396,0.547945205479452,-2.236753463745117,-102.45160675048828,89.54354858398438,77.62545776367188,-0.20337867736816406,0.2834378480911255
073_roll,put the roll on the tray,19,1,421,17.422,1788427935.4701724,00018_front_put_the_roll_on_the_tray.png,00018_wrist_put_the_roll_on_the_tray.png,recap.png,50,11,456,457,-2.3736263736263736,-102.1978021978022,89.53846153846153,77.01098901098901,0.04395604395604396,0.547945205479452,-2.2812671661376953,-101.82503509521484,89.27391052246094,77.50442504882812,-0.14623069763183594,0.281708687543869
073_roll,put the roll on the tray,19,1,421,17.422,1788427935.4701724,00018_front_put_the_roll_on_the_tray.png,00018_wrist_put_the_roll_on_the_tray.png,recap.png,50,12,457,458,-2.3736263736263736,-102.1978021978022,89.53846153846153,77.01098901098901,0.04395604395604396,0.547945205479452,-2.196256637573242,-102.38652038574219,90.02259826660156,77.58720397949219,-0.12005615234375,0.3970659375190735
073_roll,put the roll on the tray,19,1,421,17.422,1788427935.4701724,00018_front_put_the_roll_on_the_tray.png,00018_wrist_put_the_roll_on_the_tray.png,recap.png,50,13,458,459,-2.3736263736263736,-102.1978021978022,89.53846153846153,77.01098901098901,0.04395604395604396,0.547945205479452,-2.26544189453125,-102.08586120605469,89.35821533203125,77.64897155761719,-0.1952219009399414,0.19652056694030762
073_roll,put the roll on the tray,19,1,421,17.422,1788427935.4701724,00018_front_put_the_roll_on_the_tray.png,00018_wrist_put_the_roll_on_the_tray.png,recap.png,50,14,459,460,-2.3736263736263736,-102.1978021978022,89.53846153846153,77.01098901098901,0.04395604395604396,0.547945205479452,-2.11260986328125,-101.9870834350586,89.3785400390625,77.56990814208984,-0.16266536712646484,0.3171364665031433
073_roll,put the roll on the tray,19,1,421,17.422,1788427935.4701724,00018_front_put_the_roll_on_the_tray.png,00018_wrist_put_the_roll_on_the_tray.png,recap.png,50,15,460,461,-2.3736263736263736,-102.1978021978022,89.53846153846153,77.01098901098901,0.04395604395604396,0.547945205479452,-2.099821090698242,-102.13794708251953,89.26576232910156,77.63005828857422,-0.2063455581665039,0.17791393399238586
073_roll,put the roll on the tray,19,1,421,17.422,1788427935.4701724,00018_front_put_the_roll_on_the_tray.png,00018_wrist_put_the_roll_on_the_tray.png,recap.png,50,16,461,462,-2.3736263736263736,-102.1978021978022,89.53846153846153,77.01098901098901,0.04395604395604396,0.547945205479452,-2.2505931854248047,-102.36882781982422,89.45730590820312,77.7747802734375,-0.13533306121826172,0.21482978761196136
073_roll,put the roll on the tray,19,1,421,17.422,1788427935.4701724,00018_front_put_the_roll_on_the_tray.png,00018_wrist_put_the_roll_on_the_tray.png,recap.png,50,17,462,463,-2.3736263736263736,-102.1978021978022,89.53846153846153,77.01098901098901,0.04395604395604396,0.547945205479452,-2.242450714111328,-102.32763671875,89.79266357421875,77.59352111816406,-0.16535091400146484,0.31781837344169617
073_roll,put the roll on the tray,19,1,421,17.422,1788427935.4701724,00018_front_put_the_roll_on_the_tray.png,00018_wrist_put_the_roll_on_the_tray.png,recap.png,50,18,463,464,-2.3736263736263736,-102.1978021978022,89.53846153846153,77.01098901098901,0.04395604395604396,0.547945205479452,-2.2414188385009766,-101.71885681152344,88.94541931152344,77.50819396972656,-0.11608600616455078,0.24168607592582703
073_roll,put the roll on the tray,19,1,421,17.422,1788427935.4701724,00018_front_put_the_roll_on_the_tray.png,00018_wrist_put_the_roll_on_the_tray.png,recap.png,50,19,464,465,-2.3736263736263736,-102.1978021978022,89.53846153846153,77.01098901098901,0.04395604395604396,0.547945205479452,-2.070474624633789,-102.38377380371094,89.35455322265625,77.51409149169922,-0.23480987548828125,0.2723076641559601
073_roll,put the roll on the tray,19,1,421,17.422,1788427935.4701724,00018_front_put_the_roll_on_the_tray.png,00018_wrist_put_the_roll_on_the_tray.png,recap.png,50,20,465,466,-2.3736263736263736,-102.1978021978022,89.53846153846153,77.01098901098901,0.04395604395604396,0.547945205479452,-2.196481704711914,-102.6558609008789,89.67674255371094,77.65848541259766,-0.23588848114013672,0.22040072083473206
073_roll,put the roll on the tray,19,1,421,17.422,1788427935.4701724,00018_front_put_the_roll_on_the_tray.png,00018_wrist_put_the_roll_on_the_tray.png,recap.png,50,21,466,467,-2.3736263736263736,-102.1978021978022,89.53846153846153,77.01098901098901,0.04395604395604396,0.547945205479452,-2.3884010314941406,-102.22168731689453,89.20364379882812,77.52118682861328,-0.23563194274902344,0.22978475689888
073_roll,put the roll on the tray,19,1,421,17.422,1788427935.4701724,00018_front_put_the_roll_on_the_tray.png,00018_wrist_put_the_roll_on_the_tray.png,recap.png,50,22,467,468,-2.3736263736263736,-102.1978021978022,89.53846153846153,77.01098901098901,0.04395604395604396,0.547945205479452,-2.3564491271972656,-102.07833862304688,89.39067077636719,77.5206069946289,-0.29169559478759766,0.1832490861415863
073_roll,put the roll on the tray,19,1,421,17.422,1788427935.4701724,00018_front_put_the_roll_on_the_tray.png,00018_wrist_put_the_roll_on_the_tray.png,recap.png,50,23,468,469,-2.3736263736263736,-102.1978021978022,89.53846153846153,77.01098901098901,0.04395604395604396,0.547945205479452,-2.3753280639648438,-102.7134780883789,89.60234069824219,77.81859588623047,-0.2768688201904297,0.2284262776374817
073_roll,put the roll on the tray,19,1,421,17.422,1788427935.4701724,00018_front_put_the_roll_on_the_tray.png,00018_wrist_put_the_roll_on_the_tray.png,recap.png,50,24,469,470,-2.3736263736263736,-102.1978021978022,89.53846153846153,77.01098901098901,0.04395604395604396,0.547945205479452,-2.3631057739257812,-102.3701171875,89.65812683105469,77.67745971679688,-0.2892637252807617,0.25779879093170166
073_roll,put the roll on the tray,19,1,421,17.422,1788427935.4701724,00018_front_put_the_roll_on_the_tray.png,00018_wrist_put_the_roll_on_the_tray.png,recap.png,50,25,470,471,-2.3736263736263736,-102.1978021978022,89.53846153846153,77.01098901098901,0.04395604395604396,0.547945205479452,-2.413372039794922,-102.84154510498047,89.54774475097656,77.76130676269531,-0.3419923782348633,0.3072468638420105
073_roll,put the roll on the tray,20,1,444,18.225,1788427936.2725694,00019_front_put_the_roll_on_the_tray.png,00019_wrist_put_the_roll_on_the_tray.png,recap.png,50,0,471,472,-3.956043956043956,-102.02197802197803,89.36263736263736,76.92307692307692,0.04395604395604396,0.3424657534246575,-5.121664047241211,-102.1181411743164,88.369140625,77.35647583007812,-0.674407958984375,-0.03336970508098602
073_roll,put the roll on the tray,20,1,444,18.225,1788427936.2725694,00019_front_put_the_roll_on_the_tray.png,00019_wrist_put_the_roll_on_the_tray.png,recap.png,50,1,472,473,-3.956043956043956,-102.02197802197803,89.36263736263736,76.92307692307692,0.04395604395604396,0.3424657534246575,-4.944267272949219,-102.0052719116211,88.88267517089844,77.29203033447266,-0.5930137634277344,-0.058514878153800964
073_roll,put the roll on the tray,20,1,444,18.225,1788427936.2725694,00019_front_put_the_roll_on_the_tray.png,00019_wrist_put_the_roll_on_the_tray.png,recap.png,50,2,473,474,-3.956043956043956,-102.02197802197803,89.36263736263736,76.92307692307692,0.04395604395604396,0.3424657534246575,-4.937767028808594,-102.17720794677734,88.96563720703125,77.3140869140625,-0.5215530395507812,-0.008086450397968292
073_roll,put the roll on the tray,20,1,444,18.225,1788427936.2725694,00019_front_put_the_roll_on_the_tray.png,00019_wrist_put_the_roll_on_the_tray.png,recap.png,50,3,474,475,-3.956043956043956,-102.02197802197803,89.36263736263736,76.92307692307692,0.04395604395604396,0.3424657534246575,-4.885030746459961,-102.17095184326172,89.25633239746094,77.6224365234375,-0.549962043762207,0.0088929682970047
073_roll,put the roll on the tray,20,1,444,18.225,1788427936.2725694,00019_front_put_the_roll_on_the_tray.png,00019_wrist_put_the_roll_on_the_tray.png,recap.png,50,4,475,476,-3.956043956043956,-102.02197802197803,89.36263736263736,76.92307692307692,0.04395604395604396,0.3424657534246575,-4.8653106689453125,-101.41158294677734,89.21260070800781,77.28626251220703,-0.5691356658935547,-0.08943386375904083
073_roll,put the roll on the tray,20,1,444,18.225,1788427936.2725694,00019_front_put_the_roll_on_the_tray.png,00019_wrist_put_the_roll_on_the_tray.png,recap.png,50,5,476,477,-3.956043956043956,-102.02197802197803,89.36263736263736,76.92307692307692,0.04395604395604396,0.3424657534246575,-4.744960784912109,-102.06710052490234,88.99227905273438,77.35751342773438,-0.5629281997680664,0.005241326987743378
073_roll,put the roll on the tray,20,1,444,18.225,1788427936.2725694,00019_front_put_the_roll_on_the_tray.png,00019_wrist_put_the_roll_on_the_tray.png,recap.png,50,6,477,478,-3.956043956043956,-102.02197802197803,89.36263736263736,76.92307692307692,0.04395604395604396,0.3424657534246575,-4.968290328979492,-102.19020080566406,88.52658081054688,77.20335388183594,-0.5984392166137695,-0.06036089360713959
073_roll,put the roll on the tray,20,1,444,18.225,1788427936.2725694,00019_front_put_the_roll_on_the_tray.png,00019_wrist_put_the_roll_on_the_tray.png,recap.png,50,7,478,479,-3.956043956043956,-102.02197802197803,89.36263736263736,76.92307692307692,0.04395604395604396,0.3424657534246575,-5.247804641723633,-101.5337905883789,88.70639038085938,77.4532699584961,-0.5464229583740234,-0.006095990538597107
073_roll,put the roll on the tray,20,1,444,18.225,1788427936.2725694,00019_front_put_the_roll_on_the_tray.png,00019_wrist_put_the_roll_on_the_tray.png,recap.png,50,8,479,480,-3.956043956043956,-102.02197802197803,89.36263736263736,76.92307692307692,0.04395604395604396,0.3424657534246575,-4.803743362426758,-101.59551239013672,88.76441955566406,77.37608337402344,-0.47054481506347656,-0.1915058195590973
073_roll,put the roll on the tray,20,1,444,18.225,1788427936.2725694,00019_front_put_the_roll_on_the_tray.png,00019_wrist_put_the_roll_on_the_tray.png,recap.png,50,9,480,481,-3.956043956043956,-102.02197802197803,89.36263736263736,76.92307692307692,0.04395604395604396,0.3424657534246575,-4.9018707275390625,-101.93914794921875,88.99569702148438,77.36553955078125,-0.5403728485107422,-0.13706673681735992
073_roll,put the roll on the tray,20,1,444,18.225,1788427936.2725694,00019_front_put_the_roll_on_the_tray.png,00019_wrist_put_the_roll_on_the_tray.png,recap.png,50,10,481,482,-3.956043956043956,-102.02197802197803,89.36263736263736,76.92307692307692,0.04395604395604396,0.3424657534246575,-4.843229293823242,-101.32747650146484,88.78073120117188,77.32390594482422,-0.5822010040283203,0.23045390844345093
073_roll,put the roll on the tray,20,1,444,18.225,1788427936.2725694,00019_front_put_the_roll_on_the_tray.png,00019_wrist_put_the_roll_on_the_tray.png,recap.png,50,11,482,483,-3.956043956043956,-102.02197802197803,89.36263736263736,76.92307692307692,0.04395604395604396,0.3424657534246575,-5.00584602355957,-101.26536560058594,88.940673828125,77.23986053466797,-0.4691181182861328,-0.16699156165122986
073_roll,put the roll on the tray,20,1,444,18.225,1788427936.2725694,00019_front_put_the_roll_on_the_tray.png,00019_wrist_put_the_roll_on_the_tray.png,recap.png,50,12,483,484,-3.956043956043956,-102.02197802197803,89.36263736263736,76.92307692307692,0.04395604395604396,0.3424657534246575,-4.904666900634766,-101.86820220947266,88.85060119628906,77.3360595703125,-0.5384140014648438,-0.1854686141014099
073_roll,put the roll on the tray,20,1,444,18.225,1788427936.2725694,00019_front_put_the_roll_on_the_tray.png,00019_wrist_put_the_roll_on_the_tray.png,recap.png,50,13,484,485,-3.956043956043956,-102.02197802197803,89.36263736263736,76.92307692307692,0.04395604395604396,0.3424657534246575,-4.596380233764648,-101.6122817993164,89.27688598632812,77.17454528808594,-0.4468536376953125,-0.16972339153289795
073_roll,put the roll on the tray,20,1,444,18.225,1788427936.2725694,00019_front_put_the_roll_on_the_tray.png,00019_wrist_put_the_roll_on_the_tray.png,recap.png,50,14,485,486,-3.956043956043956,-102.02197802197803,89.36263736263736,76.92307692307692,0.04395604395604396,0.3424657534246575,-4.799421310424805,-102.41326904296875,89.181640625,77.33602142333984,-0.573725700378418,-0.10100060701370239
073_roll,put the roll on the tray,20,1,444,18.225,1788427936.2725694,00019_front_put_the_roll_on_the_tray.png,00019_wrist_put_the_roll_on_the_tray.png,recap.png,50,15,486,487,-3.956043956043956,-102.02197802197803,89.36263736263736,76.92307692307692,0.04395604395604396,0.3424657534246575,-4.7563323974609375,-101.7283935546875,88.7752685546875,77.1689224243164,-0.501800537109375,-0.00269925594329834
073_roll,put the roll on the tray,20,1,444,18.225,1788427936.2725694,00019_front_put_the_roll_on_the_tray.png,00019_wrist_put_the_roll_on_the_tray.png,recap.png,50,16,487,488,-3.956043956043956,-102.02197802197803,89.36263736263736,76.92307692307692,0.04395604395604396,0.3424657534246575,-4.760345458984375,-101.31578826904297,88.58700561523438,77.5477523803711,-0.5232820510864258,-0.11381430923938751
073_roll,put the roll on the tray,20,1,444,18.225,1788427936.2725694,00019_front_put_the_roll_on_the_tray.png,00019_wrist_put_the_roll_on_the_tray.png,recap.png,50,17,488,489,-3.956043956043956,-102.02197802197803,89.36263736263736,76.92307692307692,0.04395604395604396,0.3424657534246575,-4.813779830932617,-101.0422134399414,88.49920654296875,77.15408325195312,-0.4445648193359375,-0.15560752153396606
073_roll,put the roll on the tray,20,1,444,18.225,1788427936.2725694,00019_front_put_the_roll_on_the_tray.png,00019_wrist_put_the_roll_on_the_tray.png,recap.png,50,18,489,490,-3.956043956043956,-102.02197802197803,89.36263736263736,76.92307692307692,0.04395604395604396,0.3424657534246575,-4.6876983642578125,-101.7405776977539,88.89697265625,77.35115051269531,-0.6038885116577148,-0.07251816987991333
073_roll,put the roll on the tray,20,1,444,18.225,1788427936.2725694,00019_front_put_the_roll_on_the_tray.png,00019_wrist_put_the_roll_on_the_tray.png,recap.png,50,19,490,491,-3.956043956043956,-102.02197802197803,89.36263736263736,76.92307692307692,0.04395604395604396,0.3424657534246575,-4.804279327392578,-101.86316680908203,88.72555541992188,77.32044982910156,-0.4538745880126953,-0.19846072793006897
073_roll,put the roll on the tray,20,1,444,18.225,1788427936.2725694,00019_front_put_the_roll_on_the_tray.png,00019_wrist_put_the_roll_on_the_tray.png,recap.png,50,20,491,492,-3.956043956043956,-102.02197802197803,89.36263736263736,76.92307692307692,0.04395604395604396,0.3424657534246575,-4.838850021362305,-101.19139099121094,89.44096374511719,77.2371826171875,-0.5314264297485352,-0.08797873556613922
073_roll,put the roll on the tray,20,1,444,18.225,1788427936.2725694,00019_front_put_the_roll_on_the_tray.png,00019_wrist_put_the_roll_on_the_tray.png,recap.png,50,21,492,493,-3.956043956043956,-102.02197802197803,89.36263736263736,76.92307692307692,0.04395604395604396,0.3424657534246575,-4.923543930053711,-100.78068542480469,89.04078674316406,77.08624267578125,-0.5444717407226562,-0.1222987025976181
073_roll,put the roll on the tray,20,1,444,18.225,1788427936.2725694,00019_front_put_the_roll_on_the_tray.png,00019_wrist_put_the_roll_on_the_tray.png,recap.png,50,22,493,494,-3.956043956043956,-102.02197802197803,89.36263736263736,76.92307692307692,0.04395604395604396,0.3424657534246575,-4.630910873413086,-101.52987670898438,89.04475402832031,77.15911102294922,-0.5796079635620117,-0.24777603149414062
073_roll,put the roll on the tray,21,1,470,19.228,1788427937.2753298,00020_front_put_the_roll_on_the_tray.png,00020_wrist_put_the_roll_on_the_tray.png,recap.png,50,0,494,495,-2.5494505494505493,-102.28571428571429,89.53846153846153,76.92307692307692,0.04395604395604396,0.3424657534246575,-2.292856216430664,-101.83499145507812,89.49003601074219,77.31612396240234,-0.03598499298095703,0.08963072299957275
073_roll,put the roll on the tray,21,1,470,19.228,1788427937.2753298,00020_front_put_the_roll_on_the_tray.png,00020_wrist_put_the_roll_on_the_tray.png,recap.png,50,1,495,496,-2.5494505494505493,-102.28571428571429,89.53846153846153,76.92307692307692,0.04395604395604396,0.3424657534246575,-2.4495601654052734,-102.33960723876953,89.40556335449219,77.24811553955078,-0.10870838165283203,0.09476511925458908
073_roll,put the roll on the tray,21,1,470,19.228,1788427937.2753298,00020_front_put_the_roll_on_the_tray.png,00020_wrist_put_the_roll_on_the_tray.png,recap.png,50,2,496,497,-2.5494505494505493,-102.28571428571429,89.53846153846153,76.92307692307692,0.04395604395604396,0.3424657534246575,-2.3174400329589844,-102.20097351074219,89.59407043457031,77.4610366821289,-0.08004283905029297,0.09842314571142197
073_roll,put the roll on the tray,21,1,470,19.228,1788427937.2753298,00020_front_put_the_roll_on_the_tray.png,00020_wrist_put_the_roll_on_the_tray.png,recap.png,50,3,497,498,-2.5494505494505493,-102.28571428571429,89.53846153846153,76.92307692307692,0.04395604395604396,0.3424657534246575,-2.5140132904052734,-102.21381378173828,89.79296875,77.31463623046875,-0.11510753631591797,-0.019126370549201965
073_roll,put the roll on the tray,21,1,470,19.228,1788427937.2753298,00020_front_put_the_roll_on_the_tray.png,00020_wrist_put_the_roll_on_the_tray.png,recap.png,50,4,498,499,-2.5494505494505493,-102.28571428571429,89.53846153846153,76.92307692307692,0.04395604395604396,0.3424657534246575,-2.47845458984375,-102.38371276855469,89.40470886230469,77.45117950439453,-0.05620765686035156,0.11065584421157837
073_roll,put the roll on the tray,21,1,470,19.228,1788427937.2753298,00020_front_put_the_roll_on_the_tray.png,00020_wrist_put_the_roll_on_the_tray.png,recap.png,50,5,499,500,-2.5494505494505493,-102.28571428571429,89.53846153846153,76.92307692307692,0.04395604395604396,0.3424657534246575,-2.396688461303711,-101.97119140625,89.45176696777344,77.20889282226562,-0.0715036392211914,0.12799108028411865
073_roll,put the roll on the tray,21,1,470,19.228,1788427937.2753298,00020_front_put_the_roll_on_the_tray.png,00020_wrist_put_the_roll_on_the_tray.png,recap.png,50,6,500,501,-2.5494505494505493,-102.28571428571429,89.53846153846153,76.92307692307692,0.04395604395604396,0.3424657534246575,-2.3033828735351562,-102.61788177490234,89.93336486816406,77.30339050292969,-0.06998443603515625,0.16407208144664764
073_roll,put the roll on the tray,21,1,470,19.228,1788427937.2753298,00020_front_put_the_roll_on_the_tray.png,00020_wrist_put_the_roll_on_the_tray.png,recap.png,50,7,501,502,-2.5494505494505493,-102.28571428571429,89.53846153846153,76.92307692307692,0.04395604395604396,0.3424657534246575,-2.3693695068359375,-101.88230895996094,89.68424987792969,77.30831909179688,-0.07543468475341797,0.10251027345657349
073_roll,put the roll on the tray,21,1,470,19.228,1788427937.2753298,00020_front_put_the_roll_on_the_tray.png,00020_wrist_put_the_roll_on_the_tray.png,recap.png,50,8,502,503,-2.5494505494505493,-102.28571428571429,89.53846153846153,76.92307692307692,0.04395604395604396,0.3424657534246575,-2.239229202270508,-101.83159637451172,89.70245361328125,77.29436492919922,-0.09471416473388672,0.15333275496959686
073_roll,put the roll on the tray,21,1,470,19.228,1788427937.2753298,00020_front_put_the_roll_on_the_tray.png,00020_wrist_put_the_roll_on_the_tray.png,recap.png,50,9,503,504,-2.5494505494505493,-102.28571428571429,89.53846153846153,76.92307692307692,0.04395604395604396,0.3424657534246575,-2.2631187438964844,-101.89363098144531,89.64703369140625,77.28135681152344,-0.05438709259033203,0.11266329884529114
073_roll,put the roll on the tray,21,1,470,19.228,1788427937.2753298,00020_front_put_the_roll_on_the_tray.png,00020_wrist_put_the_roll_on_the_tray.png,recap.png,50,10,504,505,-2.5494505494505493,-102.28571428571429,89.53846153846153,76.92307692307692,0.04395604395604396,0.3424657534246575,-2.438478469848633,-102.18402099609375,89.61692810058594,77.28675079345703,-0.06899642944335938,0.09884800016880035
073_roll,put the roll on the tray,21,1,470,19.228,1788427937.2753298,00020_front_put_the_roll_on_the_tray.png,00020_wrist_put_the_roll_on_the_tray.png,recap.png,50,11,505,506,-2.5494505494505493,-102.28571428571429,89.53846153846153,76.92307692307692,0.04395604395604396,0.3424657534246575,-2.2885875701904297,-101.93303680419922,89.40861511230469,77.43622589111328,-0.09409046173095703,0.11068876832723618
073_roll,put the roll on the tray,21,1,470,19.228,1788427937.2753298,00020_front_put_the_roll_on_the_tray.png,00020_wrist_put_the_roll_on_the_tray.png,recap.png,50,12,506,507,-2.5494505494505493,-102.28571428571429,89.53846153846153,76.92307692307692,0.04395604395604396,0.3424657534246575,-2.2822132110595703,-102.25370788574219,89.3466796875,77.134033203125,-0.12908363342285156,0.1441972553730011
073_roll,put the roll on the tray,21,1,470,19.228,1788427937.2753298,00020_front_put_the_roll_on_the_tray.png,00020_wrist_put_the_roll_on_the_tray.png,recap.png,50,13,507,508,-2.5494505494505493,-102.28571428571429,89.53846153846153,76.92307692307692,0.04395604395604396,0.3424657534246575,-2.4246063232421875,-102.42424011230469,89.15028381347656,77.37171173095703,-0.07433700561523438,0.09982305020093918
073_roll,put the roll on the tray,21,1,470,19.228,1788427937.2753298,00020_front_put_the_roll_on_the_tray.png,00020_wrist_put_the_roll_on_the_tray.png,recap.png,50,14,508,509,-2.5494505494505493,-102.28571428571429,89.53846153846153,76.92307692307692,0.04395604395604396,0.3424657534246575,-2.595064163208008,-101.4188232421875,89.47531127929688,77.42585754394531,-0.021060943603515625,0.08729825913906097
073_roll,put the roll on the tray,21,1,470,19.228,1788427937.2753298,00020_front_put_the_roll_on_the_tray.png,00020_wrist_put_the_roll_on_the_tray.png,recap.png,50,15,509,510,-2.5494505494505493,-102.28571428571429,89.53846153846153,76.92307692307692,0.04395604395604396,0.3424657534246575,-2.6126365661621094,-102.09394836425781,89.29806518554688,77.33442687988281,-0.05720043182373047,0.012684822082519531
073_roll,put the roll on the tray,21,1,470,19.228,1788427937.2753298,00020_front_put_the_roll_on_the_tray.png,00020_wrist_put_the_roll_on_the_tray.png,recap.png,50,16,510,511,-2.5494505494505493,-102.28571428571429,89.53846153846153,76.92307692307692,0.04395604395604396,0.3424657534246575,-2.4271926879882812,-102.2288818359375,89.28262329101562,77.27278137207031,-0.06374263763427734,0.08810123801231384
073_roll,put the roll on the tray,21,1,470,19.228,1788427937.2753298,00020_front_put_the_roll_on_the_tray.png,00020_wrist_put_the_roll_on_the_tray.png,recap.png,50,17,511,512,-2.5494505494505493,-102.28571428571429,89.53846153846153,76.92307692307692,0.04395604395604396,0.3424657534246575,-2.5429325103759766,-102.12442779541016,89.07704162597656,77.177978515625,-0.056183815002441406,0.13106705248355865
073_roll,put the roll on the tray,21,1,470,19.228,1788427937.2753298,00020_front_put_the_roll_on_the_tray.png,00020_wrist_put_the_roll_on_the_tray.png,recap.png,50,18,512,513,-2.5494505494505493,-102.28571428571429,89.53846153846153,76.92307692307692,0.04395604395604396,0.3424657534246575,-2.752117156982422,-102.2901840209961,89.0076904296875,77.49146270751953,-0.19392013549804688,0.0694861114025116
073_roll,put the roll on the tray,21,1,470,19.228,1788427937.2753298,00020_front_put_the_roll_on_the_tray.png,00020_wrist_put_the_roll_on_the_tray.png,recap.png,50,19,513,514,-2.5494505494505493,-102.28571428571429,89.53846153846153,76.92307692307692,0.04395604395604396,0.3424657534246575,-2.6899356842041016,-102.15662384033203,89.12452697753906,77.53044128417969,-0.08910179138183594,0.07657910883426666
073_roll,put the roll on the tray,21,1,470,19.228,1788427937.2753298,00020_front_put_the_roll_on_the_tray.png,00020_wrist_put_the_roll_on_the_tray.png,recap.png,50,20,514,515,-2.5494505494505493,-102.28571428571429,89.53846153846153,76.92307692307692,0.04395604395604396,0.3424657534246575,-2.5301551818847656,-101.9155044555664,89.07247924804688,77.39170837402344,-0.007092475891113281,0.08405659347772598
073_roll,put the roll on the tray,21,1,470,19.228,1788427937.2753298,00020_front_put_the_roll_on_the_tray.png,00020_wrist_put_the_roll_on_the_tray.png,recap.png,50,21,515,516,-2.5494505494505493,-102.28571428571429,89.53846153846153,76.92307692307692,0.04395604395604396,0.3424657534246575,-2.519742965698242,-102.24334716796875,89.04725646972656,77.37136840820312,-0.15304946899414062,0.0369250550866127
073_roll,put the roll on the tray,21,1,470,19.228,1788427937.2753298,00020_front_put_the_roll_on_the_tray.png,00020_wrist_put_the_roll_on_the_tray.png,recap.png,50,22,516,517,-2.5494505494505493,-102.28571428571429,89.53846153846153,76.92307692307692,0.04395604395604396,0.3424657534246575,-2.635467529296875,-102.15746307373047,89.01176452636719,77.33416748046875,-0.1568012237548828,0.07743944227695465
073_roll,put the roll on the tray,21,1,470,19.228,1788427937.2753298,00020_front_put_the_roll_on_the_tray.png,00020_wrist_put_the_roll_on_the_tray.png,recap.png,50,23,517,518,-2.5494505494505493,-102.28571428571429,89.53846153846153,76.92307692307692,0.04395604395604396,0.3424657534246575,-2.6600723266601562,-102.62982940673828,88.71847534179688,77.41284942626953,-0.16724681854248047,0.16300463676452637
073_roll,put the roll on the tray,21,1,470,19.228,1788427937.2753298,00020_front_put_the_roll_on_the_tray.png,00020_wrist_put_the_roll_on_the_tray.png,recap.png,50,24,518,519,-2.5494505494505493,-102.28571428571429,89.53846153846153,76.92307692307692,0.04395604395604396,0.3424657534246575,-2.871662139892578,-102.7780990600586,88.72564697265625,77.37127685546875,-0.23111534118652344,0.048695724457502365
073_roll,put the roll on the tray,21,1,470,19.228,1788427937.2753298,00020_front_put_the_roll_on_the_tray.png,00020_wrist_put_the_roll_on_the_tray.png,recap.png,50,25,519,520,-2.5494505494505493,-102.28571428571429,89.53846153846153,76.92307692307692,0.04395604395604396,0.3424657534246575,-2.700052261352539,-102.23210144042969,88.92802429199219,77.40141296386719,-0.1175680160522461,0.17145928740501404
073_roll,put the roll on the tray,22,1,493,20.064,1788427938.1117775,00021_front_put_the_roll_on_the_tray.png,00021_wrist_put_the_roll_on_the_tray.png,recap.png,50,0,520,521,-4.923076923076923,-101.84615384615384,89.53846153846153,76.92307692307692,0.04395604395604396,0.3424657534246575,-4.657779693603516,-101.34504699707031,89.22856140136719,77.21785736083984,-0.02563190460205078,-0.0009021088480949402
073_roll,put the roll on the tray,22,1,493,20.064,1788427938.1117775,00021_front_put_the_roll_on_the_tray.png,00021_wrist_put_the_roll_on_the_tray.png,recap.png,50,1,521,522,-4.923076923076923,-101.84615384615384,89.53846153846153,76.92307692307692,0.04395604395604396,0.3424657534246575,-4.691638946533203,-101.48916625976562,88.99790954589844,77.23146057128906,-0.018136024475097656,-0.012116216123104095
073_roll,put the roll on the tray,22,1,493,20.064,1788427938.1117775,00021_front_put_the_roll_on_the_tray.png,00021_wrist_put_the_roll_on_the_tray.png,recap.png,50,2,522,523,-4.923076923076923,-101.84615384615384,89.53846153846153,76.92307692307692,0.04395604395604396,0.3424657534246575,-4.639995574951172,-101.7437744140625,88.90525817871094,77.27385711669922,0.0077667236328125,-0.08654484152793884
073_roll,put the roll on the tray,22,1,493,20.064,1788427938.1117775,00021_front_put_the_roll_on_the_tray.png,00021_wrist_put_the_roll_on_the_tray.png,recap.png,50,3,523,524,-4.923076923076923,-101.84615384615384,89.53846153846153,76.92307692307692,0.04395604395604396,0.3424657534246575,-4.7114410400390625,-101.41513061523438,89.12481689453125,77.23348236083984,-0.004847526550292969,0.009062916040420532
073_roll,put the roll on the tray,22,1,493,20.064,1788427938.1117775,00021_front_put_the_roll_on_the_tray.png,00021_wrist_put_the_roll_on_the_tray.png,recap.png,50,4,524,525,-4.923076923076923,-101.84615384615384,89.53846153846153,76.92307692307692,0.04395604395604396,0.3424657534246575,-4.848600387573242,-101.36116027832031,88.77861022949219,77.3810806274414,0.016882896423339844,-0.038274675607681274
073_roll,put the roll on the tray,22,1,493,20.064,1788427938.1117775,00021_front_put_the_roll_on_the_tray.png,00021_wrist_put_the_roll_on_the_tray.png,recap.png,50,5,525,526,-4.923076923076923,-101.84615384615384,89.53846153846153,76.92307692307692,0.04395604395604396,0.3424657534246575,-4.747104644775391,-101.49833679199219,89.00480651855469,77.3076171875,0.019043922424316406,-0.02405470609664917
073_roll,put the roll on the tray,22,1,493,20.064,1788427938.1117775,00021_front_put_the_roll_on_the_tray.png,00021_wrist_put_the_roll_on_the_tray.png,recap.png,50,6,526,527,-4.923076923076923,-101.84615384615384,89.53846153846153,76.92307692307692,0.04395604395604396,0.3424657534246575,-4.742185592651367,-101.45346069335938,88.964599609375,77.2476806640625,0.03043079376220703,-0.00040502846240997314
073_roll,put the roll on the tray,22,1,493,20.064,1788427938.1117775,00021_front_put_the_roll_on_the_tray.png,00021_wrist_put_the_roll_on_the_tray.png,recap.png,50,7,527,528,-4.923076923076923,-101.84615384615384,89.53846153846153,76.92307692307692,0.04395604395604396,0.3424657534246575,-4.610935211181641,-101.22309112548828,88.82025146484375,77.38507080078125,0.09395313262939453,-0.041240185499191284
073_roll,put the roll on the tray,22,1,493,20.064,1788427938.1117775,00021_front_put_the_roll_on_the_tray.png,00021_wrist_put_the_roll_on_the_tray.png,recap.png,50,8,528,529,-4.923076923076923,-101.84615384615384,89.53846153846153,76.92307692307692,0.04395604395604396,0.3424657534246575,-4.644691467285156,-101.93364715576172,89.10212707519531,77.32846069335938,0.06676387786865234,-0.059045955538749695
073_roll,put the roll on the tray,22,1,493,20.064,1788427938.1117775,00021_front_put_the_roll_on_the_tray.png,00021_wrist_put_the_roll_on_the_tray.png,recap.png,50,9,529,530,-4.923076923076923,-101.84615384615384,89.53846153846153,76.92307692307692,0.04395604395604396,0.3424657534246575,-4.618801116943359,-101.39375305175781,88.52349853515625,77.33103942871094,0.06637287139892578,-0.10144245624542236
073_roll,put the roll on the tray,22,1,493,20.064,1788427938.1117775,00021_front_put_the_roll_on_the_tray.png,00021_wrist_put_the_roll_on_the_tray.png,recap.png,50,10,530,531,-4.923076923076923,-101.84615384615384,89.53846153846153,76.92307692307692,0.04395604395604396,0.3424657534246575,-4.542888641357422,-101.14290618896484,88.71400451660156,77.40264892578125,0.07736492156982422,-0.030720725655555725
073_roll,put the roll on the tray,22,1,493,20.064,1788427938.1117775,00021_front_put_the_roll_on_the_tray.png,00021_wrist_put_the_roll_on_the_tray.png,recap.png,50,11,531,532,-4.923076923076923,-101.84615384615384,89.53846153846153,76.92307692307692,0.04395604395604396,0.3424657534246575,-4.454906463623047,-101.37565612792969,88.69142150878906,77.3321533203125,0.06456947326660156,-0.04371710121631622
073_roll,put the roll on the tray,22,1,493,20.064,1788427938.1117775,00021_front_put_the_roll_on_the_tray.png,00021_wrist_put_the_roll_on_the_tray.png,recap.png,50,12,532,533,-4.923076923076923,-101.84615384615384,89.53846153846153,76.92307692307692,0.04395604395604396,0.3424657534246575,-4.638849258422852,-101.12533569335938,88.76617431640625,77.37596893310547,0.024123191833496094,-0.04362788796424866
073_roll,put the roll on the tray,22,1,493,20.064,1788427938.1117775,00021_front_put_the_roll_on_the_tray.png,00021_wrist_put_the_roll_on_the_tray.png,recap.png,50,13,533,534,-4.923076923076923,-101.84615384615384,89.53846153846153,76.92307692307692,0.04395604395604396,0.3424657534246575,-4.7743682861328125,-101.29349517822266,88.62916564941406,77.32537841796875,0.048491477966308594,0.015044905245304108
073_roll,put the roll on the tray,22,1,493,20.064,1788427938.1117775,00021_front_put_the_roll_on_the_tray.png,00021_wrist_put_the_roll_on_the_tray.png,recap.png,50,14,534,535,-4.923076923076923,-101.84615384615384,89.53846153846153,76.92307692307692,0.04395604395604396,0.3424657534246575,-4.707714080810547,-101.20490264892578,88.74708557128906,77.41110229492188,0.0066070556640625,0.008612565696239471
073_roll,put the roll on the tray,22,1,493,20.064,1788427938.1117775,00021_front_put_the_roll_on_the_tray.png,00021_wrist_put_the_roll_on_the_tray.png,recap.png,50,15,535,536,-4.923076923076923,-101.84615384615384,89.53846153846153,76.92307692307692,0.04395604395604396,0.3424657534246575,-4.5622711181640625,-101.2459716796875,88.31346130371094,77.32628631591797,0.05299186706542969,-0.06158022582530975
073_roll,put the roll on the tray,22,1,493,20.064,1788427938.1117775,00021_front_put_the_roll_on_the_tray.png,00021_wrist_put_the_roll_on_the_tray.png,recap.png,50,16,536,537,-4.923076923076923,-101.84615384615384,89.53846153846153,76.92307692307692,0.04395604395604396,0.3424657534246575,-4.6488494873046875,-101.17654418945312,88.5516357421875,77.36479187011719,0.053249359130859375,-0.07527124881744385
073_roll,put the roll on the tray,22,1,493,20.064,1788427938.1117775,00021_front_put_the_roll_on_the_tray.png,00021_wrist_put_the_roll_on_the_tray.png,recap.png,50,17,537,538,-4.923076923076923,-101.84615384615384,89.53846153846153,76.92307692307692,0.04395604395604396,0.3424657534246575,-4.737993240356445,-100.94169616699219,88.51614379882812,77.29452514648438,0.03928375244140625,0.010819695889949799
073_roll,put the roll on the tray,22,1,493,20.064,1788427938.1117775,00021_front_put_the_roll_on_the_tray.png,00021_wrist_put_the_roll_on_the_tray.png,recap.png,50,18,538,539,-4.923076923076923,-101.84615384615384,89.53846153846153,76.92307692307692,0.04395604395604396,0.3424657534246575,-4.66020393371582,-101.03247833251953,88.34196472167969,77.37438201904297,0.03975868225097656,-0.04779785871505737
073_roll,put the roll on the tray,22,1,493,20.064,1788427938.1117775,00021_front_put_the_roll_on_the_tray.png,00021_wrist_put_the_roll_on_the_tray.png,recap.png,50,19,539,540,-4.923076923076923,-101.84615384615384,89.53846153846153,76.92307692307692,0.04395604395604396,0.3424657534246575,-4.747922897338867,-101.1925048828125,88.16685485839844,77.43097686767578,0.0012302398681640625,-0.10671493411064148
073_roll,put the roll on the tray,22,1,493,20.064,1788427938.1117775,00021_front_put_the_roll_on_the_tray.png,00021_wrist_put_the_roll_on_the_tray.png,recap.png,50,20,540,541,-4.923076923076923,-101.84615384615384,89.53846153846153,76.92307692307692,0.04395604395604396,0.3424657534246575,-4.79327392578125,-101.76402282714844,88.41529846191406,77.39643859863281,-0.002956390380859375,-0.13306882977485657
073_roll,put the roll on the tray,22,1,493,20.064,1788427938.1117775,00021_front_put_the_roll_on_the_tray.png,00021_wrist_put_the_roll_on_the_tray.png,recap.png,50,21,541,542,-4.923076923076923,-101.84615384615384,89.53846153846153,76.92307692307692,0.04395604395604396,0.3424657534246575,-4.7291412353515625,-101.5980224609375,88.83074951171875,77.45680236816406,-0.0060577392578125,-0.08620069921016693
073_roll,put the roll on the tray,22,1,493,20.064,1788427938.1117775,00021_front_put_the_roll_on_the_tray.png,00021_wrist_put_the_roll_on_the_tray.png,recap.png,50,22,542,543,-4.923076923076923,-101.84615384615384,89.53846153846153,76.92307692307692,0.04395604395604396,0.3424657534246575,-4.794677734375,-101.39451599121094,88.70498657226562,77.34193420410156,0.011990547180175781,0.021521851420402527
073_roll,put the roll on the tray,23,1,519,21.101,1788427939.1470146,00022_front_put_the_roll_on_the_tray.png,00022_wrist_put_the_roll_on_the_tray.png,recap.png,50,0,543,544,-2.7252747252747254,-102.10989010989012,89.53846153846153,76.83516483516483,0.13186813186813187,0.3424657534246575,-3.152364730834961,-102.37288665771484,89.1710205078125,77.43285369873047,0.047496795654296875,0.08691375702619553
073_roll,put the roll on the tray,23,1,519,21.101,1788427939.1470146,00022_front_put_the_roll_on_the_tray.png,00022_wrist_put_the_roll_on_the_tray.png,recap.png,50,1,544,545,-2.7252747252747254,-102.10989010989012,89.53846153846153,76.83516483516483,0.13186813186813187,0.3424657534246575,-3.0229263305664062,-101.8449478149414,89.30520629882812,77.50015258789062,0.10818767547607422,0.021470874547958374
073_roll,put the roll on the tray,23,1,519,21.101,1788427939.1470146,00022_front_put_the_roll_on_the_tray.png,00022_wrist_put_the_roll_on_the_tray.png,recap.png,50,2,545,546,-2.7252747252747254,-102.10989010989012,89.53846153846153,76.83516483516483,0.13186813186813187,0.3424657534246575,-2.7963638305664062,-102.07659912109375,89.31996154785156,77.39968872070312,0.054694175720214844,-0.023228362202644348
073_roll,put the roll on the tray,23,1,519,21.101,1788427939.1470146,00022_front_put_the_roll_on_the_tray.png,00022_wrist_put_the_roll_on_the_tray.png,recap.png,50,3,546,547,-2.7252747252747254,-102.10989010989012,89.53846153846153,76.83516483516483,0.13186813186813187,0.3424657534246575,-2.9898452758789062,-102.20565795898438,89.19586181640625,77.2996597290039,0.027291297912597656,0.026596777141094208
073_roll,put the roll on the tray,23,1,519,21.101,1788427939.1470146,00022_front_put_the_roll_on_the_tray.png,00022_wrist_put_the_roll_on_the_tray.png,recap.png,50,4,547,548,-2.7252747252747254,-102.10989010989012,89.53846153846153,76.83516483516483,0.13186813186813187,0.3424657534246575,-3.1393775939941406,-102.10433959960938,88.98611450195312,77.31159973144531,0.05238151550292969,0.010877057909965515
073_roll,put the roll on the tray,23,1,519,21.101,1788427939.1470146,00022_front_put_the_roll_on_the_tray.png,00022_wrist_put_the_roll_on_the_tray.png,recap.png,50,5,548,549,-2.7252747252747254,-102.10989010989012,89.53846153846153,76.83516483516483,0.13186813186813187,0.3424657534246575,-2.9418277740478516,-102.24043273925781,88.99093627929688,77.4585952758789,-0.011418342590332031,0.025825656950473785
073_roll,put the roll on the tray,23,1,519,21.101,1788427939.1470146,00022_front_put_the_roll_on_the_tray.png,00022_wrist_put_the_roll_on_the_tray.png,recap.png,50,6,549,550,-2.7252747252747254,-102.10989010989012,89.53846153846153,76.83516483516483,0.13186813186813187,0.3424657534246575,-3.0197486877441406,-102.0502700805664,89.38856506347656,77.34986114501953,0.020780563354492188,0.05519391596317291
073_roll,put the roll on the tray,23,1,519,21.101,1788427939.1470146,00022_front_put_the_roll_on_the_tray.png,00022_wrist_put_the_roll_on_the_tray.png,recap.png,50,7,550,551,-2.7252747252747254,-102.10989010989012,89.53846153846153,76.83516483516483,0.13186813186813187,0.3424657534246575,-2.9566726684570312,-101.98064422607422,89.37771606445312,77.32499694824219,0.017026901245117188,0.07503050565719604
073_roll,put the roll on the tray,23,1,519,21.101,1788427939.1470146,00022_front_put_the_roll_on_the_tray.png,00022_wrist_put_the_roll_on_the_tray.png,recap.png,50,8,551,552,-2.7252747252747254,-102.10989010989012,89.53846153846153,76.83516483516483,0.13186813186813187,0.3424657534246575,-2.7824649810791016,-101.97499084472656,88.77070617675781,77.31922912597656,0.04813957214355469,0.08170925825834274
073_roll,put the roll on the tray,23,1,519,21.101,1788427939.1470146,00022_front_put_the_roll_on_the_tray.png,00022_wrist_put_the_roll_on_the_tray.png,recap.png,50,9,552,553,-2.7252747252747254,-102.10989010989012,89.53846153846153,76.83516483516483,0.13186813186813187,0.3424657534246575,-2.976825714111328,-101.76128387451172,89.07217407226562,77.50991821289062,0.013141632080078125,0.07244737446308136
073_roll,put the roll on the tray,23,1,519,21.101,1788427939.1470146,00022_front_put_the_roll_on_the_tray.png,00022_wrist_put_the_roll_on_the_tray.png,recap.png,50,10,553,554,-2.7252747252747254,-102.10989010989012,89.53846153846153,76.83516483516483,0.13186813186813187,0.3424657534246575,-2.779834747314453,-102.14368438720703,89.0106201171875,77.22956085205078,0.00095367431640625,0.09049317985773087
073_roll,put the roll on the tray,23,1,519,21.101,1788427939.1470146,00022_front_put_the_roll_on_the_tray.png,00022_wrist_put_the_roll_on_the_tray.png,recap.png,50,11,554,555,-2.7252747252747254,-102.10989010989012,89.53846153846153,76.83516483516483,0.13186813186813187,0.3424657534246575,-2.8953399658203125,-102.46119689941406,89.1998291015625,77.68633270263672,-0.008457183837890625,0.0647532045841217
073_roll,put the roll on the tray,23,1,519,21.101,1788427939.1470146,00022_front_put_the_roll_on_the_tray.png,00022_wrist_put_the_roll_on_the_tray.png,recap.png,50,12,555,556,-2.7252747252747254,-102.10989010989012,89.53846153846153,76.83516483516483,0.13186813186813187,0.3424657534246575,-2.767366409301758,-101.52729034423828,88.56759643554688,77.3404312133789,-0.009334564208984375,0.013345472514629364
073_roll,put the roll on the tray,23,1,519,21.101,1788427939.1470146,00022_front_put_the_roll_on_the_tray.png,00022_wrist_put_the_roll_on_the_tray.png,recap.png,50,13,556,557,-2.7252747252747254,-102.10989010989012,89.53846153846153,76.83516483516483,0.13186813186813187,0.3424657534246575,-2.6743526458740234,-101.84109497070312,88.76870727539062,77.30680847167969,0.0953683853149414,0.10673335194587708
073_roll,put the roll on the tray,23,1,519,21.101,1788427939.1470146,00022_front_put_the_roll_on_the_tray.png,00022_wrist_put_the_roll_on_the_tray.png,recap.png,50,14,557,558,-2.7252747252747254,-102.10989010989012,89.53846153846153,76.83516483516483,0.13186813186813187,0.3424657534246575,-2.9800262451171875,-101.78840637207031,88.89990234375,77.53314208984375,0.0010528564453125,0.052702128887176514
073_roll,put the roll on the tray,23,1,519,21.101,1788427939.1470146,00022_front_put_the_roll_on_the_tray.png,00022_wrist_put_the_roll_on_the_tray.png,recap.png,50,15,558,559,-2.7252747252747254,-102.10989010989012,89.53846153846153,76.83516483516483,0.13186813186813187,0.3424657534246575,-2.8594017028808594,-101.72232818603516,88.79798889160156,77.37269592285156,0.015128135681152344,0.012485139071941376
073_roll,put the roll on the tray,23,1,519,21.101,1788427939.1470146,00022_front_put_the_roll_on_the_tray.png,00022_wrist_put_the_roll_on_the_tray.png,recap.png,50,16,559,560,-2.7252747252747254,-102.10989010989012,89.53846153846153,76.83516483516483,0.13186813186813187,0.3424657534246575,-3.1424827575683594,-101.99433135986328,89.234130859375,77.51242065429688,-0.050994873046875,0.13050305843353271
073_roll,put the roll on the tray,23,1,519,21.101,1788427939.1470146,00022_front_put_the_roll_on_the_tray.png,00022_wrist_put_the_roll_on_the_tray.png,recap.png,50,17,560,561,-2.7252747252747254,-102.10989010989012,89.53846153846153,76.83516483516483,0.13186813186813187,0.3424657534246575,-3.0578250885009766,-102.43206787109375,89.20204162597656,77.56002807617188,-0.009879112243652344,0.030369505286216736
073_roll,put the roll on the tray,23,1,519,21.101,1788427939.1470146,00022_front_put_the_roll_on_the_tray.png,00022_wrist_put_the_roll_on_the_tray.png,recap.png,50,18,561,562,-2.7252747252747254,-102.10989010989012,89.53846153846153,76.83516483516483,0.13186813186813187,0.3424657534246575,-2.9554405212402344,-101.73395538330078,88.40232849121094,77.57134246826172,0.036762237548828125,0.10443274676799774
073_roll,put the roll on the tray,23,1,519,21.101,1788427939.1470146,00022_front_put_the_roll_on_the_tray.png,00022_wrist_put_the_roll_on_the_tray.png,recap.png,50,19,562,563,-2.7252747252747254,-102.10989010989012,89.53846153846153,76.83516483516483,0.13186813186813187,0.3424657534246575,-3.0863189697265625,-101.90607452392578,88.33970642089844,77.52374267578125,-0.04020881652832031,-0.037817955017089844
073_roll,put the roll on the tray,23,1,519,21.101,1788427939.1470146,00022_front_put_the_roll_on_the_tray.png,00022_wrist_put_the_roll_on_the_tray.png,recap.png,50,20,563,564,-2.7252747252747254,-102.10989010989012,89.53846153846153,76.83516483516483,0.13186813186813187,0.3424657534246575,-2.928203582763672,-101.8505859375,88.90980529785156,77.31413269042969,0.03747272491455078,0.08106134831905365
073_roll,put the roll on the tray,23,1,519,21.101,1788427939.1470146,00022_front_put_the_roll_on_the_tray.png,00022_wrist_put_the_roll_on_the_tray.png,recap.png,50,21,564,565,-2.7252747252747254,-102.10989010989012,89.53846153846153,76.83516483516483,0.13186813186813187,0.3424657534246575,-3.040050506591797,-102.29367065429688,88.62066650390625,77.45330047607422,-0.06587791442871094,0.05961880460381508
073_roll,put the roll on the tray,23,1,519,21.101,1788427939.1470146,00022_front_put_the_roll_on_the_tray.png,00022_wrist_put_the_roll_on_the_tray.png,recap.png,50,22,565,566,-2.7252747252747254,-102.10989010989012,89.53846153846153,76.83516483516483,0.13186813186813187,0.3424657534246575,-3.089803695678711,-101.54464721679688,89.0155029296875,77.54521179199219,-0.08187294006347656,0.12051253020763397
073_roll,put the roll on the tray,23,1,519,21.101,1788427939.1470146,00022_front_put_the_roll_on_the_tray.png,00022_wrist_put_the_roll_on_the_tray.png,recap.png,50,23,566,567,-2.7252747252747254,-102.10989010989012,89.53846153846153,76.83516483516483,0.13186813186813187,0.3424657534246575,-2.9117870330810547,-102.14993286132812,88.85551452636719,77.54035949707031,-0.0872640609741211,0.1306390017271042
073_roll,put the roll on the tray,23,1,519,21.101,1788427939.1470146,00022_front_put_the_roll_on_the_tray.png,00022_wrist_put_the_roll_on_the_tray.png,recap.png,50,24,567,568,-2.7252747252747254,-102.10989010989012,89.53846153846153,76.83516483516483,0.13186813186813187,0.3424657534246575,-2.9442291259765625,-102.11653900146484,88.9039306640625,77.51864624023438,-0.08622455596923828,0.14063696563243866
