DEBUG 2026-09-03 09:27:05 === episode start | task: 'put the bag on the tray' | duration: 50.0s ===
DEBUG 2026-09-03 09:27:06 [chunk] dropped stale chunk (ts0=1339 > max_sent=0)
DEBUG 2026-09-03 09:27:07 [chunk] received 50 actions, timesteps 0..49 | first: shoulder_pan.pos=-5.10 shoulder_lift.pos=-101.25 elbow_flex.pos=+87.80 wrist_flex.pos=+72.53 wrist_roll.pos=-1.16 gripper.pos=+1.14 | last: shoulder_pan.pos=-3.60 shoulder_lift.pos=-76.50 elbow_flex.pos=+64.57 wrist_flex.pos=+65.86 wrist_roll.pos=-3.89 gripper.pos=+0.90
DEBUG 2026-09-03 09:27:07 [action #1] t=1.81s step=0 queue=50 dmax=n/a | shoulder_pan.pos=-5.10 shoulder_lift.pos=-101.25 elbow_flex.pos=+87.80 wrist_flex.pos=+72.53 wrist_roll.pos=-1.16 gripper.pos=+1.14
DEBUG 2026-09-03 09:27:07 [action #2] t=1.84s step=1 queue=49 dmax=0.607 | shoulder_pan.pos=-5.26 shoulder_lift.pos=-101.85 elbow_flex.pos=+87.45 wrist_flex.pos=+72.39 wrist_roll.pos=-1.15 gripper.pos=+1.08
DEBUG 2026-09-03 09:27:07 [action #3] t=1.87s step=2 queue=48 dmax=0.471 | shoulder_pan.pos=-5.42 shoulder_lift.pos=-102.03 elbow_flex.pos=+86.98 wrist_flex.pos=+72.33 wrist_roll.pos=-1.22 gripper.pos=+1.03
DEBUG 2026-09-03 09:27:07 [action #4] t=1.91s step=3 queue=47 dmax=0.519 | shoulder_pan.pos=-5.78 shoulder_lift.pos=-101.51 elbow_flex.pos=+87.39 wrist_flex.pos=+72.38 wrist_roll.pos=-1.23 gripper.pos=+1.09
DEBUG 2026-09-03 09:27:07 [action #5] t=1.94s step=4 queue=46 dmax=1.039 | shoulder_pan.pos=-5.97 shoulder_lift.pos=-102.04 elbow_flex.pos=+86.35 wrist_flex.pos=+72.30 wrist_roll.pos=-1.25 gripper.pos=+0.94
DEBUG 2026-09-03 09:27:07 [action #6] t=1.97s step=5 queue=45 dmax=0.844 | shoulder_pan.pos=-6.27 shoulder_lift.pos=-101.19 elbow_flex.pos=+86.20 wrist_flex.pos=+72.33 wrist_roll.pos=-1.14 gripper.pos=+1.08
DEBUG 2026-09-03 09:27:07 [action #7] t=2.01s step=6 queue=44 dmax=0.504 | shoulder_pan.pos=-6.17 shoulder_lift.pos=-101.69 elbow_flex.pos=+86.58 wrist_flex.pos=+72.22 wrist_roll.pos=-1.12 gripper.pos=+1.05
DEBUG 2026-09-03 09:27:07 [action #8] t=2.04s step=7 queue=43 dmax=0.365 | shoulder_pan.pos=-5.91 shoulder_lift.pos=-101.74 elbow_flex.pos=+86.44 wrist_flex.pos=+71.86 wrist_roll.pos=-1.14 gripper.pos=+1.10
DEBUG 2026-09-03 09:27:07 [action #9] t=2.07s step=8 queue=42 dmax=0.466 | shoulder_pan.pos=-5.81 shoulder_lift.pos=-102.12 elbow_flex.pos=+85.98 wrist_flex.pos=+71.47 wrist_roll.pos=-1.09 gripper.pos=+1.05
DEBUG 2026-09-03 09:27:07 [action #10] t=2.11s step=9 queue=41 dmax=0.329 | shoulder_pan.pos=-5.57 shoulder_lift.pos=-101.82 elbow_flex.pos=+86.26 wrist_flex.pos=+71.14 wrist_roll.pos=-1.14 gripper.pos=+1.09
DEBUG 2026-09-03 09:27:07 [action #11] t=2.14s step=10 queue=40 dmax=0.711 | shoulder_pan.pos=-5.44 shoulder_lift.pos=-101.55 elbow_flex.pos=+85.55 wrist_flex.pos=+70.76 wrist_roll.pos=-1.12 gripper.pos=+1.03
DEBUG 2026-09-03 09:27:07 [action #12] t=2.17s step=11 queue=39 dmax=0.749 | shoulder_pan.pos=-5.68 shoulder_lift.pos=-102.30 elbow_flex.pos=+85.87 wrist_flex.pos=+70.63 wrist_roll.pos=-1.21 gripper.pos=+1.14
DEBUG 2026-09-03 09:27:07 [action #13] t=2.21s step=12 queue=38 dmax=0.811 | shoulder_pan.pos=-5.49 shoulder_lift.pos=-101.49 elbow_flex.pos=+85.69 wrist_flex.pos=+70.03 wrist_roll.pos=-1.08 gripper.pos=+1.05
DEBUG 2026-09-03 09:27:07 [action #14] t=2.24s step=13 queue=37 dmax=0.663 | shoulder_pan.pos=-5.44 shoulder_lift.pos=-101.83 elbow_flex.pos=+85.65 wrist_flex.pos=+69.37 wrist_roll.pos=-1.21 gripper.pos=+1.03
DEBUG 2026-09-03 09:27:07 [action #15] t=2.27s step=14 queue=36 dmax=0.411 | shoulder_pan.pos=-5.15 shoulder_lift.pos=-101.53 elbow_flex.pos=+85.62 wrist_flex.pos=+68.95 wrist_roll.pos=-1.16 gripper.pos=+1.10
DEBUG 2026-09-03 09:27:07 [action #16] t=2.31s step=15 queue=35 dmax=0.585 | shoulder_pan.pos=-5.25 shoulder_lift.pos=-101.72 elbow_flex.pos=+85.26 wrist_flex.pos=+68.37 wrist_roll.pos=-1.16 gripper.pos=+1.03
DEBUG 2026-09-03 09:27:07 [action #17] t=2.34s step=16 queue=34 dmax=0.338 | shoulder_pan.pos=-5.50 shoulder_lift.pos=-101.69 elbow_flex.pos=+85.43 wrist_flex.pos=+68.03 wrist_roll.pos=-1.14 gripper.pos=+1.10
DEBUG 2026-09-03 09:27:07 [action #18] t=2.37s step=17 queue=33 dmax=0.386 | shoulder_pan.pos=-5.45 shoulder_lift.pos=-101.72 elbow_flex.pos=+85.14 wrist_flex.pos=+67.65 wrist_roll.pos=-1.18 gripper.pos=+0.96
DEBUG 2026-09-03 09:27:07 [action #19] t=2.41s step=18 queue=32 dmax=0.553 | shoulder_pan.pos=-5.54 shoulder_lift.pos=-101.82 elbow_flex.pos=+85.10 wrist_flex.pos=+67.09 wrist_roll.pos=-1.09 gripper.pos=+1.00
DEBUG 2026-09-03 09:27:07 [action #20] t=2.44s step=19 queue=31 dmax=0.409 | shoulder_pan.pos=-5.36 shoulder_lift.pos=-101.73 elbow_flex.pos=+85.34 wrist_flex.pos=+66.68 wrist_roll.pos=-1.09 gripper.pos=+1.05
DEBUG 2026-09-03 09:27:07 [action #21] t=2.48s step=20 queue=30 dmax=0.678 | shoulder_pan.pos=-5.31 shoulder_lift.pos=-101.49 elbow_flex.pos=+84.66 wrist_flex.pos=+66.26 wrist_roll.pos=-1.20 gripper.pos=+1.00
DEBUG 2026-09-03 09:27:07 [action #22] t=2.51s step=21 queue=29 dmax=0.529 | shoulder_pan.pos=-5.51 shoulder_lift.pos=-102.02 elbow_flex.pos=+84.81 wrist_flex.pos=+66.09 wrist_roll.pos=-1.18 gripper.pos=+0.91
DEBUG 2026-09-03 09:27:07 [action #23] t=2.54s step=22 queue=28 dmax=0.785 | shoulder_pan.pos=-5.35 shoulder_lift.pos=-101.66 elbow_flex.pos=+84.03 wrist_flex.pos=+65.77 wrist_roll.pos=-1.08 gripper.pos=+0.90
DEBUG 2026-09-03 09:27:07 [action #24] t=2.58s step=23 queue=27 dmax=0.606 | shoulder_pan.pos=-5.20 shoulder_lift.pos=-102.23 elbow_flex.pos=+83.42 wrist_flex.pos=+65.71 wrist_roll.pos=-1.12 gripper.pos=+0.91
DEBUG 2026-09-03 09:27:07 [action #25] t=2.61s step=24 queue=26 dmax=0.432 | shoulder_pan.pos=-5.31 shoulder_lift.pos=-102.00 elbow_flex.pos=+82.99 wrist_flex.pos=+66.00 wrist_roll.pos=-1.05 gripper.pos=+1.00
DEBUG 2026-09-03 09:27:08 [action #26] t=2.64s step=25 queue=25 dmax=1.328 | shoulder_pan.pos=-5.27 shoulder_lift.pos=-102.03 elbow_flex.pos=+81.66 wrist_flex.pos=+66.06 wrist_roll.pos=-1.09 gripper.pos=+0.95
DEBUG 2026-09-03 09:27:08 [action #27] t=2.68s step=26 queue=24 dmax=0.189 | shoulder_pan.pos=-5.25 shoulder_lift.pos=-102.08 elbow_flex.pos=+81.52 wrist_flex.pos=+66.24 wrist_roll.pos=-1.09 gripper.pos=+1.08
DEBUG 2026-09-03 09:27:08 [action #28] t=2.71s step=27 queue=23 dmax=1.630 | shoulder_pan.pos=-5.24 shoulder_lift.pos=-102.37 elbow_flex.pos=+79.89 wrist_flex.pos=+66.51 wrist_roll.pos=-1.13 gripper.pos=+1.01
DEBUG 2026-09-03 09:27:08 [action #29] t=2.74s step=28 queue=22 dmax=0.770 | shoulder_pan.pos=-5.26 shoulder_lift.pos=-101.59 elbow_flex.pos=+79.23 wrist_flex.pos=+66.98 wrist_roll.pos=-1.08 gripper.pos=+0.92
DEBUG 2026-09-03 09:27:08 [chunk] received 50 actions, timesteps 3..52 | first: shoulder_pan.pos=-4.43 shoulder_lift.pos=-101.16 elbow_flex.pos=+87.53 wrist_flex.pos=+70.00 wrist_roll.pos=-1.08 gripper.pos=+1.10 | last: shoulder_pan.pos=-4.82 shoulder_lift.pos=-76.27 elbow_flex.pos=+66.87 wrist_flex.pos=+65.60 wrist_roll.pos=-3.32 gripper.pos=+0.62
DEBUG 2026-09-03 09:27:08 [action #30] t=2.78s step=29 queue=24 dmax=2.782 | shoulder_pan.pos=-5.16 shoulder_lift.pos=-101.56 elbow_flex.pos=+82.02 wrist_flex.pos=+65.69 wrist_roll.pos=-1.02 gripper.pos=+0.68
DEBUG 2026-09-03 09:27:08 [action #31] t=2.81s step=30 queue=23 dmax=0.601 | shoulder_pan.pos=-5.15 shoulder_lift.pos=-101.93 elbow_flex.pos=+81.41 wrist_flex.pos=+65.91 wrist_roll.pos=-1.05 gripper.pos=+0.70
DEBUG 2026-09-03 09:27:08 [action #32] t=2.84s step=31 queue=22 dmax=0.323 | shoulder_pan.pos=-5.11 shoulder_lift.pos=-101.61 elbow_flex.pos=+81.45 wrist_flex.pos=+66.08 wrist_roll.pos=-1.04 gripper.pos=+0.66
DEBUG 2026-09-03 09:27:08 [action #33] t=2.88s step=32 queue=21 dmax=0.367 | shoulder_pan.pos=-5.09 shoulder_lift.pos=-101.58 elbow_flex.pos=+81.08 wrist_flex.pos=+66.22 wrist_roll.pos=-1.04 gripper.pos=+0.76
DEBUG 2026-09-03 09:27:08 [action #34] t=2.91s step=33 queue=20 dmax=0.326 | shoulder_pan.pos=-5.18 shoulder_lift.pos=-101.49 elbow_flex.pos=+80.76 wrist_flex.pos=+66.43 wrist_roll.pos=-1.02 gripper.pos=+0.68
DEBUG 2026-09-03 09:27:08 [action #35] t=2.94s step=34 queue=19 dmax=0.571 | shoulder_pan.pos=-5.05 shoulder_lift.pos=-101.62 elbow_flex.pos=+80.19 wrist_flex.pos=+66.45 wrist_roll.pos=-1.01 gripper.pos=+0.67
DEBUG 2026-09-03 09:27:08 [action #36] t=2.98s step=35 queue=18 dmax=0.419 | shoulder_pan.pos=-4.94 shoulder_lift.pos=-101.20 elbow_flex.pos=+80.07 wrist_flex.pos=+66.67 wrist_roll.pos=-1.14 gripper.pos=+0.71
DEBUG 2026-09-03 09:27:08 [action #37] t=3.01s step=36 queue=17 dmax=0.379 | shoulder_pan.pos=-5.05 shoulder_lift.pos=-101.33 elbow_flex.pos=+79.69 wrist_flex.pos=+67.04 wrist_roll.pos=-1.01 gripper.pos=+0.62
DEBUG 2026-09-03 09:27:08 [action #38] t=3.04s step=37 queue=16 dmax=0.533 | shoulder_pan.pos=-4.92 shoulder_lift.pos=-100.79 elbow_flex.pos=+79.35 wrist_flex.pos=+67.09 wrist_roll.pos=-1.08 gripper.pos=+0.68
DEBUG 2026-09-03 09:27:08 [action #39] t=3.08s step=38 queue=15 dmax=0.573 | shoulder_pan.pos=-4.99 shoulder_lift.pos=-100.90 elbow_flex.pos=+78.78 wrist_flex.pos=+67.55 wrist_roll.pos=-1.10 gripper.pos=+0.65
DEBUG 2026-09-03 09:27:08 [action #40] t=3.11s step=39 queue=14 dmax=0.704 | shoulder_pan.pos=-5.01 shoulder_lift.pos=-100.20 elbow_flex.pos=+78.19 wrist_flex.pos=+67.95 wrist_roll.pos=-1.19 gripper.pos=+0.65
DEBUG 2026-09-03 09:27:08 [action #41] t=3.14s step=40 queue=13 dmax=0.833 | shoulder_pan.pos=-4.92 shoulder_lift.pos=-99.36 elbow_flex.pos=+77.47 wrist_flex.pos=+68.15 wrist_roll.pos=-1.24 gripper.pos=+0.73
DEBUG 2026-09-03 09:27:08 [action #42] t=3.18s step=41 queue=12 dmax=0.701 | shoulder_pan.pos=-4.94 shoulder_lift.pos=-99.00 elbow_flex.pos=+76.77 wrist_flex.pos=+68.33 wrist_roll.pos=-1.23 gripper.pos=+0.65
DEBUG 2026-09-03 09:27:08 [action #43] t=3.21s step=42 queue=11 dmax=1.156 | shoulder_pan.pos=-5.02 shoulder_lift.pos=-97.84 elbow_flex.pos=+76.02 wrist_flex.pos=+68.47 wrist_roll.pos=-1.31 gripper.pos=+0.64
DEBUG 2026-09-03 09:27:08 [action #44] t=3.24s step=43 queue=10 dmax=1.358 | shoulder_pan.pos=-4.84 shoulder_lift.pos=-96.48 elbow_flex.pos=+75.35 wrist_flex.pos=+68.44 wrist_roll.pos=-1.48 gripper.pos=+0.66
DEBUG 2026-09-03 09:27:08 [action #45] t=3.28s step=44 queue=9 dmax=1.425 | shoulder_pan.pos=-4.76 shoulder_lift.pos=-95.06 elbow_flex.pos=+74.66 wrist_flex.pos=+68.26 wrist_roll.pos=-1.68 gripper.pos=+0.70
DEBUG 2026-09-03 09:27:08 [action #46] t=3.31s step=45 queue=8 dmax=1.921 | shoulder_pan.pos=-4.65 shoulder_lift.pos=-93.14 elbow_flex.pos=+73.82 wrist_flex.pos=+67.98 wrist_roll.pos=-1.86 gripper.pos=+0.74
DEBUG 2026-09-03 09:27:08 [action #47] t=3.34s step=46 queue=7 dmax=2.754 | shoulder_pan.pos=-4.47 shoulder_lift.pos=-90.38 elbow_flex.pos=+72.68 wrist_flex.pos=+67.67 wrist_roll.pos=-2.05 gripper.pos=+0.68
DEBUG 2026-09-03 09:27:08 [action #48] t=3.38s step=47 queue=6 dmax=2.699 | shoulder_pan.pos=-4.65 shoulder_lift.pos=-87.68 elbow_flex.pos=+71.33 wrist_flex.pos=+67.37 wrist_roll.pos=-2.24 gripper.pos=+0.64
DEBUG 2026-09-03 09:27:08 [action #49] t=3.41s step=48 queue=5 dmax=3.376 | shoulder_pan.pos=-4.40 shoulder_lift.pos=-84.31 elbow_flex.pos=+69.88 wrist_flex.pos=+66.82 wrist_roll.pos=-2.63 gripper.pos=+0.66
DEBUG 2026-09-03 09:27:08 [action #50] t=3.44s step=49 queue=4 dmax=2.916 | shoulder_pan.pos=-4.41 shoulder_lift.pos=-81.39 elbow_flex.pos=+68.51 wrist_flex.pos=+66.55 wrist_roll.pos=-2.82 gripper.pos=+0.73
DEBUG 2026-09-03 09:27:08 [action #51] t=3.48s step=50 queue=3 dmax=0.771 | shoulder_pan.pos=-4.98 shoulder_lift.pos=-80.62 elbow_flex.pos=+69.28 wrist_flex.pos=+66.43 wrist_roll.pos=-2.72 gripper.pos=+0.66
DEBUG 2026-09-03 09:27:08 [action #52] t=3.51s step=51 queue=2 dmax=2.220 | shoulder_pan.pos=-4.91 shoulder_lift.pos=-78.40 elbow_flex.pos=+68.54 wrist_flex.pos=+65.91 wrist_roll.pos=-3.03 gripper.pos=+0.65
DEBUG 2026-09-03 09:27:08 [action #53] t=3.55s step=52 queue=1 dmax=2.127 | shoulder_pan.pos=-4.82 shoulder_lift.pos=-76.27 elbow_flex.pos=+66.87 wrist_flex.pos=+65.60 wrist_roll.pos=-3.32 gripper.pos=+0.62
DEBUG 2026-09-03 09:27:08 [chunk] received 50 actions, timesteps 28..77 | first: shoulder_pan.pos=-5.93 shoulder_lift.pos=-102.11 elbow_flex.pos=+79.77 wrist_flex.pos=+67.34 wrist_roll.pos=-1.44 gripper.pos=+1.11 | last: shoulder_pan.pos=-7.88 shoulder_lift.pos=-49.34 elbow_flex.pos=+53.78 wrist_flex.pos=+68.47 wrist_roll.pos=-4.24 gripper.pos=+29.37
DEBUG 2026-09-03 09:27:08 [action #54] t=3.58s step=53 queue=25 dmax=2.733 | shoulder_pan.pos=-5.92 shoulder_lift.pos=-73.54 elbow_flex.pos=+65.53 wrist_flex.pos=+65.20 wrist_roll.pos=-2.60 gripper.pos=+0.87
DEBUG 2026-09-03 09:27:08 [action #55] t=3.61s step=54 queue=24 dmax=1.927 | shoulder_pan.pos=-5.70 shoulder_lift.pos=-71.61 elbow_flex.pos=+64.15 wrist_flex.pos=+65.25 wrist_roll.pos=-2.51 gripper.pos=+0.77
DEBUG 2026-09-03 09:27:09 [action #56] t=3.65s step=55 queue=23 dmax=2.083 | shoulder_pan.pos=-5.63 shoulder_lift.pos=-70.43 elbow_flex.pos=+62.06 wrist_flex.pos=+65.24 wrist_roll.pos=-2.64 gripper.pos=+0.78
DEBUG 2026-09-03 09:27:09 [action #57] t=3.68s step=56 queue=22 dmax=3.050 | shoulder_pan.pos=-6.00 shoulder_lift.pos=-67.38 elbow_flex.pos=+61.78 wrist_flex.pos=+65.17 wrist_roll.pos=-2.68 gripper.pos=+0.95
DEBUG 2026-09-03 09:27:09 [action #58] t=3.71s step=57 queue=21 dmax=2.108 | shoulder_pan.pos=-6.00 shoulder_lift.pos=-65.27 elbow_flex.pos=+60.67 wrist_flex.pos=+65.25 wrist_roll.pos=-2.73 gripper.pos=+0.82
DEBUG 2026-09-03 09:27:09 [action #59] t=3.75s step=58 queue=20 dmax=1.933 | shoulder_pan.pos=-6.15 shoulder_lift.pos=-63.34 elbow_flex.pos=+60.26 wrist_flex.pos=+65.48 wrist_roll.pos=-2.89 gripper.pos=+1.08
DEBUG 2026-09-03 09:27:09 [action #60] t=3.78s step=59 queue=19 dmax=1.616 | shoulder_pan.pos=-6.18 shoulder_lift.pos=-62.09 elbow_flex.pos=+58.64 wrist_flex.pos=+65.43 wrist_roll.pos=-2.90 gripper.pos=+2.46
DEBUG 2026-09-03 09:27:09 [action #61] t=3.81s step=60 queue=18 dmax=2.658 | shoulder_pan.pos=-5.93 shoulder_lift.pos=-60.73 elbow_flex.pos=+57.66 wrist_flex.pos=+65.51 wrist_roll.pos=-2.96 gripper.pos=+5.12
DEBUG 2026-09-03 09:27:09 [action #62] t=3.85s step=61 queue=17 dmax=3.936 | shoulder_pan.pos=-6.17 shoulder_lift.pos=-59.75 elbow_flex.pos=+58.17 wrist_flex.pos=+66.00 wrist_roll.pos=-3.31 gripper.pos=+9.06
DEBUG 2026-09-03 09:27:09 [action #63] t=3.88s step=62 queue=16 dmax=3.452 | shoulder_pan.pos=-6.68 shoulder_lift.pos=-58.96 elbow_flex.pos=+57.73 wrist_flex.pos=+66.45 wrist_roll.pos=-3.45 gripper.pos=+12.51
DEBUG 2026-09-03 09:27:09 [action #64] t=3.91s step=63 queue=15 dmax=3.375 | shoulder_pan.pos=-6.58 shoulder_lift.pos=-57.62 elbow_flex.pos=+56.32 wrist_flex.pos=+66.91 wrist_roll.pos=-3.45 gripper.pos=+15.88
DEBUG 2026-09-03 09:27:09 [action #65] t=3.95s step=64 queue=14 dmax=3.049 | shoulder_pan.pos=-6.90 shoulder_lift.pos=-57.09 elbow_flex.pos=+56.61 wrist_flex.pos=+67.32 wrist_roll.pos=-3.51 gripper.pos=+18.93
DEBUG 2026-09-03 09:27:09 [action #66] t=3.98s step=65 queue=13 dmax=3.041 | shoulder_pan.pos=-7.17 shoulder_lift.pos=-56.22 elbow_flex.pos=+56.98 wrist_flex.pos=+67.47 wrist_roll.pos=-3.25 gripper.pos=+21.97
DEBUG 2026-09-03 09:27:09 [action #67] t=4.01s step=66 queue=12 dmax=2.282 | shoulder_pan.pos=-6.85 shoulder_lift.pos=-55.93 elbow_flex.pos=+56.73 wrist_flex.pos=+67.74 wrist_roll.pos=-3.46 gripper.pos=+24.25
DEBUG 2026-09-03 09:27:09 [action #68] t=4.05s step=67 queue=11 dmax=1.978 | shoulder_pan.pos=-7.28 shoulder_lift.pos=-55.73 elbow_flex.pos=+57.13 wrist_flex.pos=+67.47 wrist_roll.pos=-3.47 gripper.pos=+26.23
DEBUG 2026-09-03 09:27:09 [action #69] t=4.08s step=68 queue=10 dmax=1.084 | shoulder_pan.pos=-7.24 shoulder_lift.pos=-55.29 elbow_flex.pos=+56.96 wrist_flex.pos=+67.97 wrist_roll.pos=-3.45 gripper.pos=+27.32
DEBUG 2026-09-03 09:27:09 [action #70] t=4.11s step=69 queue=9 dmax=1.571 | shoulder_pan.pos=-7.29 shoulder_lift.pos=-53.72 elbow_flex.pos=+56.18 wrist_flex.pos=+68.17 wrist_roll.pos=-3.42 gripper.pos=+27.55
DEBUG 2026-09-03 09:27:09 [action #71] t=4.15s step=70 queue=8 dmax=1.065 | shoulder_pan.pos=-7.26 shoulder_lift.pos=-54.79 elbow_flex.pos=+55.99 wrist_flex.pos=+67.77 wrist_roll.pos=-3.56 gripper.pos=+27.28
DEBUG 2026-09-03 09:27:09 [action #72] t=4.18s step=71 queue=7 dmax=1.707 | shoulder_pan.pos=-7.26 shoulder_lift.pos=-53.08 elbow_flex.pos=+56.27 wrist_flex.pos=+67.78 wrist_roll.pos=-3.59 gripper.pos=+27.10
DEBUG 2026-09-03 09:27:09 [action #73] t=4.21s step=72 queue=6 dmax=1.421 | shoulder_pan.pos=-7.46 shoulder_lift.pos=-53.14 elbow_flex.pos=+54.85 wrist_flex.pos=+67.75 wrist_roll.pos=-3.61 gripper.pos=+26.92
DEBUG 2026-09-03 09:27:09 [action #74] t=4.25s step=73 queue=5 dmax=1.317 | shoulder_pan.pos=-7.49 shoulder_lift.pos=-51.82 elbow_flex.pos=+55.27 wrist_flex.pos=+67.86 wrist_roll.pos=-3.71 gripper.pos=+26.98
DEBUG 2026-09-03 09:27:09 [action #75] t=4.28s step=74 queue=4 dmax=0.641 | shoulder_pan.pos=-7.81 shoulder_lift.pos=-51.42 elbow_flex.pos=+54.63 wrist_flex.pos=+67.93 wrist_roll.pos=-3.90 gripper.pos=+27.49
DEBUG 2026-09-03 09:27:09 [action #76] t=4.31s step=75 queue=3 dmax=0.635 | shoulder_pan.pos=-7.54 shoulder_lift.pos=-51.05 elbow_flex.pos=+54.77 wrist_flex.pos=+67.96 wrist_roll.pos=-3.92 gripper.pos=+28.12
DEBUG 2026-09-03 09:27:09 [action #77] t=4.35s step=76 queue=2 dmax=0.767 | shoulder_pan.pos=-8.17 shoulder_lift.pos=-50.47 elbow_flex.pos=+54.00 wrist_flex.pos=+68.31 wrist_roll.pos=-4.21 gripper.pos=+28.66
DEBUG 2026-09-03 09:27:09 [action #78] t=4.38s step=77 queue=1 dmax=1.133 | shoulder_pan.pos=-7.88 shoulder_lift.pos=-49.34 elbow_flex.pos=+53.78 wrist_flex.pos=+68.47 wrist_roll.pos=-4.24 gripper.pos=+29.37
DEBUG 2026-09-03 09:27:09 [chunk] received 50 actions, timesteps 52..101 | first: shoulder_pan.pos=-4.18 shoulder_lift.pos=-76.66 elbow_flex.pos=+67.54 wrist_flex.pos=+66.57 wrist_roll.pos=-3.23 gripper.pos=+0.97 | last: shoulder_pan.pos=-7.77 shoulder_lift.pos=-37.87 elbow_flex.pos=+47.55 wrist_flex.pos=+70.28 wrist_roll.pos=-5.00 gripper.pos=+37.27
DEBUG 2026-09-03 09:27:09 [action #79] t=4.48s step=78 queue=24 dmax=4.751 | shoulder_pan.pos=-5.52 shoulder_lift.pos=-54.09 elbow_flex.pos=+54.32 wrist_flex.pos=+69.89 wrist_roll.pos=-3.41 gripper.pos=+27.42
DEBUG 2026-09-03 09:27:09 [action #80] t=4.52s step=79 queue=23 dmax=1.647 | shoulder_pan.pos=-5.67 shoulder_lift.pos=-53.63 elbow_flex.pos=+54.07 wrist_flex.pos=+69.81 wrist_roll.pos=-3.34 gripper.pos=+29.07
DEBUG 2026-09-03 09:27:09 [action #81] t=4.55s step=80 queue=22 dmax=1.642 | shoulder_pan.pos=-5.05 shoulder_lift.pos=-54.34 elbow_flex.pos=+53.78 wrist_flex.pos=+69.91 wrist_roll.pos=-3.49 gripper.pos=+30.71
DEBUG 2026-09-03 09:27:09 [action #82] t=4.58s step=81 queue=21 dmax=1.643 | shoulder_pan.pos=-5.47 shoulder_lift.pos=-54.20 elbow_flex.pos=+54.09 wrist_flex.pos=+69.96 wrist_roll.pos=-3.52 gripper.pos=+32.35
DEBUG 2026-09-03 09:27:09 [action #83] t=4.62s step=82 queue=20 dmax=1.380 | shoulder_pan.pos=-5.64 shoulder_lift.pos=-53.29 elbow_flex.pos=+53.87 wrist_flex.pos=+70.43 wrist_roll.pos=-3.48 gripper.pos=+33.73
DEBUG 2026-09-03 09:27:10 [action #84] t=4.65s step=83 queue=19 dmax=1.050 | shoulder_pan.pos=-5.78 shoulder_lift.pos=-52.87 elbow_flex.pos=+54.35 wrist_flex.pos=+70.83 wrist_roll.pos=-3.37 gripper.pos=+34.78
DEBUG 2026-09-03 09:27:10 [action #85] t=4.68s step=84 queue=18 dmax=0.574 | shoulder_pan.pos=-6.04 shoulder_lift.pos=-53.00 elbow_flex.pos=+53.85 wrist_flex.pos=+71.39 wrist_roll.pos=-3.51 gripper.pos=+35.36
DEBUG 2026-09-03 09:27:10 [action #86] t=4.72s step=85 queue=17 dmax=1.326 | shoulder_pan.pos=-5.67 shoulder_lift.pos=-51.67 elbow_flex.pos=+53.18 wrist_flex.pos=+71.36 wrist_roll.pos=-3.47 gripper.pos=+35.70
DEBUG 2026-09-03 09:27:10 [action #87] t=4.75s step=86 queue=16 dmax=1.135 | shoulder_pan.pos=-5.79 shoulder_lift.pos=-51.74 elbow_flex.pos=+52.04 wrist_flex.pos=+71.92 wrist_roll.pos=-3.40 gripper.pos=+35.67
DEBUG 2026-09-03 09:27:10 [action #88] t=4.78s step=87 queue=15 dmax=0.511 | shoulder_pan.pos=-6.24 shoulder_lift.pos=-51.65 elbow_flex.pos=+52.55 wrist_flex.pos=+72.01 wrist_roll.pos=-3.52 gripper.pos=+35.89
DEBUG 2026-09-03 09:27:10 [action #89] t=4.82s step=88 queue=14 dmax=1.019 | shoulder_pan.pos=-6.21 shoulder_lift.pos=-50.63 elbow_flex.pos=+52.30 wrist_flex.pos=+72.06 wrist_roll.pos=-3.46 gripper.pos=+35.91
DEBUG 2026-09-03 09:27:10 [action #90] t=4.85s step=89 queue=13 dmax=0.943 | shoulder_pan.pos=-6.33 shoulder_lift.pos=-49.69 elbow_flex.pos=+51.60 wrist_flex.pos=+72.01 wrist_roll.pos=-3.63 gripper.pos=+35.88
DEBUG 2026-09-03 09:27:10 [action #91] t=4.88s step=90 queue=12 dmax=0.295 | shoulder_pan.pos=-6.30 shoulder_lift.pos=-49.69 elbow_flex.pos=+51.31 wrist_flex.pos=+71.98 wrist_roll.pos=-3.68 gripper.pos=+36.01
DEBUG 2026-09-03 09:27:10 [action #92] t=4.92s step=91 queue=11 dmax=1.720 | shoulder_pan.pos=-6.55 shoulder_lift.pos=-47.97 elbow_flex.pos=+51.09 wrist_flex.pos=+71.82 wrist_roll.pos=-3.75 gripper.pos=+36.12
DEBUG 2026-09-03 09:27:10 [action #93] t=4.95s step=92 queue=10 dmax=0.886 | shoulder_pan.pos=-6.79 shoulder_lift.pos=-47.09 elbow_flex.pos=+50.42 wrist_flex.pos=+72.01 wrist_roll.pos=-3.88 gripper.pos=+36.40
DEBUG 2026-09-03 09:27:10 [action #94] t=4.98s step=93 queue=9 dmax=1.071 | shoulder_pan.pos=-6.89 shoulder_lift.pos=-46.02 elbow_flex.pos=+51.09 wrist_flex.pos=+71.96 wrist_roll.pos=-3.95 gripper.pos=+36.71
DEBUG 2026-09-03 09:27:10 [action #95] t=5.02s step=94 queue=8 dmax=0.653 | shoulder_pan.pos=-6.89 shoulder_lift.pos=-45.36 elbow_flex.pos=+50.88 wrist_flex.pos=+71.93 wrist_roll.pos=-4.12 gripper.pos=+36.80
DEBUG 2026-09-03 09:27:10 [action #96] t=5.05s step=95 queue=7 dmax=1.214 | shoulder_pan.pos=-7.06 shoulder_lift.pos=-44.36 elbow_flex.pos=+49.67 wrist_flex.pos=+71.70 wrist_roll.pos=-4.28 gripper.pos=+37.00
DEBUG 2026-09-03 09:27:10 [action #97] t=5.08s step=96 queue=6 dmax=1.365 | shoulder_pan.pos=-7.07 shoulder_lift.pos=-43.00 elbow_flex.pos=+49.75 wrist_flex.pos=+71.68 wrist_roll.pos=-4.45 gripper.pos=+36.93
DEBUG 2026-09-03 09:27:10 [action #98] t=5.12s step=97 queue=5 dmax=1.041 | shoulder_pan.pos=-7.29 shoulder_lift.pos=-41.96 elbow_flex.pos=+50.00 wrist_flex.pos=+71.22 wrist_roll.pos=-4.54 gripper.pos=+36.87
DEBUG 2026-09-03 09:27:10 [action #99] t=5.15s step=98 queue=4 dmax=1.184 | shoulder_pan.pos=-7.60 shoulder_lift.pos=-41.19 elbow_flex.pos=+48.81 wrist_flex.pos=+71.17 wrist_roll.pos=-4.60 gripper.pos=+36.99
DEBUG 2026-09-03 09:27:10 [action #100] t=5.18s step=99 queue=3 dmax=1.205 | shoulder_pan.pos=-7.51 shoulder_lift.pos=-39.98 elbow_flex.pos=+48.65 wrist_flex.pos=+71.03 wrist_roll.pos=-4.63 gripper.pos=+37.02
DEBUG 2026-09-03 09:27:10 [action #101] t=5.22s step=100 queue=2 dmax=0.688 | shoulder_pan.pos=-7.53 shoulder_lift.pos=-39.29 elbow_flex.pos=+48.47 wrist_flex.pos=+70.81 wrist_roll.pos=-4.92 gripper.pos=+37.14
DEBUG 2026-09-03 09:27:10 [action #102] t=5.25s step=101 queue=1 dmax=1.422 | shoulder_pan.pos=-7.77 shoulder_lift.pos=-37.87 elbow_flex.pos=+47.55 wrist_flex.pos=+70.28 wrist_roll.pos=-5.00 gripper.pos=+37.27
DEBUG 2026-09-03 09:27:10 [chunk] received 50 actions, timesteps 77..126 | first: shoulder_pan.pos=-7.60 shoulder_lift.pos=-48.48 elbow_flex.pos=+53.01 wrist_flex.pos=+69.06 wrist_roll.pos=-4.52 gripper.pos=+31.10 | last: shoulder_pan.pos=-8.44 shoulder_lift.pos=-5.19 elbow_flex.pos=+34.14 wrist_flex.pos=+65.87 wrist_roll.pos=-3.83 gripper.pos=+38.06
DEBUG 2026-09-03 09:27:10 [action #103] t=5.42s step=102 queue=25 dmax=7.962 | shoulder_pan.pos=-6.77 shoulder_lift.pos=-29.91 elbow_flex.pos=+47.85 wrist_flex.pos=+67.23 wrist_roll.pos=-3.63 gripper.pos=+35.88
DEBUG 2026-09-03 09:27:10 [action #104] t=5.45s step=103 queue=24 dmax=0.981 | shoulder_pan.pos=-7.12 shoulder_lift.pos=-29.16 elbow_flex.pos=+46.87 wrist_flex.pos=+67.14 wrist_roll.pos=-3.65 gripper.pos=+35.87
DEBUG 2026-09-03 09:27:10 [action #105] t=5.49s step=104 queue=23 dmax=0.530 | shoulder_pan.pos=-7.06 shoulder_lift.pos=-28.63 elbow_flex.pos=+46.92 wrist_flex.pos=+66.97 wrist_roll.pos=-3.63 gripper.pos=+35.97
DEBUG 2026-09-03 09:27:10 [action #106] t=5.52s step=105 queue=22 dmax=1.114 | shoulder_pan.pos=-7.45 shoulder_lift.pos=-27.52 elbow_flex.pos=+46.91 wrist_flex.pos=+67.16 wrist_roll.pos=-3.73 gripper.pos=+36.08
DEBUG 2026-09-03 09:27:10 [action #107] t=5.55s step=106 queue=21 dmax=0.845 | shoulder_pan.pos=-7.44 shoulder_lift.pos=-26.77 elbow_flex.pos=+46.07 wrist_flex.pos=+66.97 wrist_roll.pos=-3.74 gripper.pos=+36.23
DEBUG 2026-09-03 09:27:10 [action #108] t=5.59s step=107 queue=20 dmax=0.875 | shoulder_pan.pos=-7.64 shoulder_lift.pos=-25.90 elbow_flex.pos=+45.45 wrist_flex.pos=+66.73 wrist_roll.pos=-3.71 gripper.pos=+36.33
DEBUG 2026-09-03 09:27:10 [action #109] t=5.62s step=108 queue=19 dmax=1.217 | shoulder_pan.pos=-7.97 shoulder_lift.pos=-24.68 elbow_flex.pos=+44.75 wrist_flex.pos=+66.55 wrist_roll.pos=-3.80 gripper.pos=+36.65
DEBUG 2026-09-03 09:27:11 [action #110] t=5.65s step=109 queue=18 dmax=1.133 | shoulder_pan.pos=-8.05 shoulder_lift.pos=-23.92 elbow_flex.pos=+43.61 wrist_flex.pos=+66.51 wrist_roll.pos=-4.00 gripper.pos=+36.83
DEBUG 2026-09-03 09:27:11 [action #111] t=5.69s step=110 queue=17 dmax=2.335 | shoulder_pan.pos=-8.05 shoulder_lift.pos=-21.58 elbow_flex.pos=+42.89 wrist_flex.pos=+66.63 wrist_roll.pos=-3.91 gripper.pos=+37.14
DEBUG 2026-09-03 09:27:11 [action #112] t=5.72s step=111 queue=16 dmax=0.731 | shoulder_pan.pos=-8.56 shoulder_lift.pos=-21.58 elbow_flex.pos=+42.16 wrist_flex.pos=+66.43 wrist_roll.pos=-4.14 gripper.pos=+37.60
DEBUG 2026-09-03 09:27:11 [action #113] t=5.75s step=112 queue=15 dmax=1.626 | shoulder_pan.pos=-8.61 shoulder_lift.pos=-19.95 elbow_flex.pos=+41.18 wrist_flex.pos=+66.33 wrist_roll.pos=-4.13 gripper.pos=+37.78
DEBUG 2026-09-03 09:27:11 [action #114] t=5.79s step=113 queue=14 dmax=1.403 | shoulder_pan.pos=-8.42 shoulder_lift.pos=-18.55 elbow_flex.pos=+41.42 wrist_flex.pos=+66.33 wrist_roll.pos=-4.06 gripper.pos=+37.59
DEBUG 2026-09-03 09:27:11 [action #115] t=5.82s step=114 queue=13 dmax=1.335 | shoulder_pan.pos=-8.44 shoulder_lift.pos=-17.76 elbow_flex.pos=+40.09 wrist_flex.pos=+66.30 wrist_roll.pos=-3.99 gripper.pos=+37.96
DEBUG 2026-09-03 09:27:11 [action #116] t=5.85s step=115 queue=12 dmax=1.405 | shoulder_pan.pos=-8.56 shoulder_lift.pos=-16.36 elbow_flex.pos=+39.57 wrist_flex.pos=+66.21 wrist_roll.pos=-3.96 gripper.pos=+38.23
DEBUG 2026-09-03 09:27:11 [action #117] t=5.89s step=116 queue=11 dmax=1.020 | shoulder_pan.pos=-8.45 shoulder_lift.pos=-15.56 elbow_flex.pos=+38.55 wrist_flex.pos=+66.40 wrist_roll.pos=-3.95 gripper.pos=+38.42
DEBUG 2026-09-03 09:27:11 [action #118] t=5.92s step=117 queue=10 dmax=1.628 | shoulder_pan.pos=-8.60 shoulder_lift.pos=-13.94 elbow_flex.pos=+38.22 wrist_flex.pos=+66.38 wrist_roll.pos=-4.00 gripper.pos=+38.58
DEBUG 2026-09-03 09:27:11 [action #119] t=5.95s step=118 queue=9 dmax=1.148 | shoulder_pan.pos=-8.44 shoulder_lift.pos=-12.79 elbow_flex.pos=+37.65 wrist_flex.pos=+66.07 wrist_roll.pos=-3.96 gripper.pos=+38.78
DEBUG 2026-09-03 09:27:11 [action #120] t=5.99s step=119 queue=8 dmax=0.310 | shoulder_pan.pos=-8.36 shoulder_lift.pos=-12.64 elbow_flex.pos=+37.96 wrist_flex.pos=+66.04 wrist_roll.pos=-3.92 gripper.pos=+38.82
DEBUG 2026-09-03 09:27:11 [action #121] t=6.02s step=120 queue=7 dmax=1.317 | shoulder_pan.pos=-8.40 shoulder_lift.pos=-11.32 elbow_flex.pos=+37.07 wrist_flex.pos=+66.29 wrist_roll.pos=-3.89 gripper.pos=+39.24
DEBUG 2026-09-03 09:27:11 [action #122] t=6.05s step=121 queue=6 dmax=1.075 | shoulder_pan.pos=-8.59 shoulder_lift.pos=-10.72 elbow_flex.pos=+36.00 wrist_flex.pos=+66.15 wrist_roll.pos=-3.87 gripper.pos=+39.24
DEBUG 2026-09-03 09:27:11 [action #123] t=6.09s step=122 queue=5 dmax=1.493 | shoulder_pan.pos=-8.52 shoulder_lift.pos=-9.22 elbow_flex.pos=+35.66 wrist_flex.pos=+66.10 wrist_roll.pos=-3.89 gripper.pos=+39.15
DEBUG 2026-09-03 09:27:11 [action #124] t=6.12s step=123 queue=4 dmax=0.400 | shoulder_pan.pos=-8.48 shoulder_lift.pos=-9.04 elbow_flex.pos=+35.90 wrist_flex.pos=+65.70 wrist_roll.pos=-3.95 gripper.pos=+39.04
DEBUG 2026-09-03 09:27:11 [action #125] t=6.15s step=124 queue=3 dmax=1.687 | shoulder_pan.pos=-8.34 shoulder_lift.pos=-7.36 elbow_flex.pos=+34.73 wrist_flex.pos=+65.86 wrist_roll.pos=-3.65 gripper.pos=+38.81
DEBUG 2026-09-03 09:27:11 [action #126] t=6.19s step=125 queue=2 dmax=0.577 | shoulder_pan.pos=-8.60 shoulder_lift.pos=-6.78 elbow_flex.pos=+34.50 wrist_flex.pos=+65.80 wrist_roll.pos=-3.78 gripper.pos=+38.75
DEBUG 2026-09-03 09:27:11 [action #127] t=6.22s step=126 queue=1 dmax=1.591 | shoulder_pan.pos=-8.44 shoulder_lift.pos=-5.19 elbow_flex.pos=+34.14 wrist_flex.pos=+65.87 wrist_roll.pos=-3.83 gripper.pos=+38.06
DEBUG 2026-09-03 09:27:11 [chunk] received 50 actions, timesteps 101..150 | first: shoulder_pan.pos=-6.89 shoulder_lift.pos=-35.99 elbow_flex.pos=+50.16 wrist_flex.pos=+70.21 wrist_roll.pos=-4.44 gripper.pos=+38.96 | last: shoulder_pan.pos=-8.40 shoulder_lift.pos=-3.35 elbow_flex.pos=+31.19 wrist_flex.pos=+69.60 wrist_roll.pos=-5.11 gripper.pos=+10.79
DEBUG 2026-09-03 09:27:11 [action #128] t=6.32s step=127 queue=24 dmax=4.973 | shoulder_pan.pos=-7.90 shoulder_lift.pos=-8.38 elbow_flex.pos=+39.11 wrist_flex.pos=+67.40 wrist_roll.pos=-4.31 gripper.pos=+39.93
DEBUG 2026-09-03 09:27:11 [action #129] t=6.35s step=128 queue=23 dmax=1.256 | shoulder_pan.pos=-7.98 shoulder_lift.pos=-7.37 elbow_flex.pos=+37.86 wrist_flex.pos=+67.42 wrist_roll.pos=-4.35 gripper.pos=+39.93
DEBUG 2026-09-03 09:27:11 [action #130] t=6.39s step=129 queue=22 dmax=0.450 | shoulder_pan.pos=-7.95 shoulder_lift.pos=-6.92 elbow_flex.pos=+37.49 wrist_flex.pos=+67.55 wrist_roll.pos=-4.46 gripper.pos=+39.91
DEBUG 2026-09-03 09:27:11 [action #131] t=6.42s step=130 queue=21 dmax=1.429 | shoulder_pan.pos=-8.01 shoulder_lift.pos=-5.49 elbow_flex.pos=+37.06 wrist_flex.pos=+67.73 wrist_roll.pos=-4.34 gripper.pos=+39.98
DEBUG 2026-09-03 09:27:11 [action #132] t=6.46s step=131 queue=20 dmax=0.864 | shoulder_pan.pos=-7.96 shoulder_lift.pos=-4.63 elbow_flex.pos=+36.26 wrist_flex.pos=+67.97 wrist_roll.pos=-4.35 gripper.pos=+40.06
DEBUG 2026-09-03 09:27:11 [action #133] t=6.49s step=132 queue=19 dmax=0.909 | shoulder_pan.pos=-7.88 shoulder_lift.pos=-3.72 elbow_flex.pos=+36.09 wrist_flex.pos=+68.27 wrist_roll.pos=-4.35 gripper.pos=+39.83
DEBUG 2026-09-03 09:27:11 [action #134] t=6.52s step=133 queue=18 dmax=0.930 | shoulder_pan.pos=-8.15 shoulder_lift.pos=-3.58 elbow_flex.pos=+35.65 wrist_flex.pos=+68.24 wrist_roll.pos=-4.52 gripper.pos=+38.90
DEBUG 2026-09-03 09:27:11 [action #135] t=6.56s step=134 queue=17 dmax=1.695 | shoulder_pan.pos=-7.86 shoulder_lift.pos=-2.61 elbow_flex.pos=+35.61 wrist_flex.pos=+68.44 wrist_roll.pos=-4.47 gripper.pos=+37.21
DEBUG 2026-09-03 09:27:11 [action #136] t=6.59s step=135 queue=16 dmax=2.524 | shoulder_pan.pos=-7.94 shoulder_lift.pos=-1.89 elbow_flex.pos=+34.68 wrist_flex.pos=+68.52 wrist_roll.pos=-4.36 gripper.pos=+34.68
DEBUG 2026-09-03 09:27:11 [action #137] t=6.62s step=136 queue=15 dmax=3.214 | shoulder_pan.pos=-8.09 shoulder_lift.pos=-1.16 elbow_flex.pos=+34.05 wrist_flex.pos=+68.86 wrist_roll.pos=-4.45 gripper.pos=+31.47
DEBUG 2026-09-03 09:27:12 [action #138] t=6.66s step=137 queue=14 dmax=3.548 | shoulder_pan.pos=-8.24 shoulder_lift.pos=-0.96 elbow_flex.pos=+33.10 wrist_flex.pos=+68.54 wrist_roll.pos=-4.34 gripper.pos=+27.92
DEBUG 2026-09-03 09:27:12 [action #139] t=6.69s step=138 queue=13 dmax=3.061 | shoulder_pan.pos=-7.67 shoulder_lift.pos=-0.85 elbow_flex.pos=+33.37 wrist_flex.pos=+68.59 wrist_roll.pos=-4.35 gripper.pos=+24.86
DEBUG 2026-09-03 09:27:12 [action #140] t=6.72s step=139 queue=12 dmax=2.376 | shoulder_pan.pos=-7.95 shoulder_lift.pos=-1.14 elbow_flex.pos=+33.88 wrist_flex.pos=+68.36 wrist_roll.pos=-4.30 gripper.pos=+22.48
DEBUG 2026-09-03 09:27:12 [action #141] t=6.76s step=140 queue=11 dmax=1.892 | shoulder_pan.pos=-7.78 shoulder_lift.pos=-2.18 elbow_flex.pos=+33.85 wrist_flex.pos=+68.38 wrist_roll.pos=-4.37 gripper.pos=+20.59
DEBUG 2026-09-03 09:27:12 [action #142] t=6.79s step=141 queue=10 dmax=1.574 | shoulder_pan.pos=-7.95 shoulder_lift.pos=-1.80 elbow_flex.pos=+33.51 wrist_flex.pos=+67.76 wrist_roll.pos=-4.52 gripper.pos=+19.02
DEBUG 2026-09-03 09:27:12 [action #143] t=6.82s step=142 queue=9 dmax=1.849 | shoulder_pan.pos=-8.11 shoulder_lift.pos=-2.05 elbow_flex.pos=+33.20 wrist_flex.pos=+67.91 wrist_roll.pos=-4.51 gripper.pos=+17.17
DEBUG 2026-09-03 09:27:12 [action #144] t=6.86s step=143 queue=8 dmax=1.710 | shoulder_pan.pos=-8.07 shoulder_lift.pos=-2.55 elbow_flex.pos=+33.52 wrist_flex.pos=+67.93 wrist_roll.pos=-4.58 gripper.pos=+15.46
DEBUG 2026-09-03 09:27:12 [action #145] t=6.89s step=144 queue=7 dmax=1.744 | shoulder_pan.pos=-8.23 shoulder_lift.pos=-2.97 elbow_flex.pos=+33.41 wrist_flex.pos=+67.94 wrist_roll.pos=-4.63 gripper.pos=+13.71
DEBUG 2026-09-03 09:27:12 [action #146] t=6.92s step=145 queue=6 dmax=1.478 | shoulder_pan.pos=-8.28 shoulder_lift.pos=-2.79 elbow_flex.pos=+33.85 wrist_flex.pos=+67.84 wrist_roll.pos=-4.72 gripper.pos=+12.24
DEBUG 2026-09-03 09:27:12 [action #147] t=6.96s step=146 queue=5 dmax=0.992 | shoulder_pan.pos=-8.25 shoulder_lift.pos=-3.35 elbow_flex.pos=+32.86 wrist_flex.pos=+67.74 wrist_roll.pos=-4.80 gripper.pos=+11.35
DEBUG 2026-09-03 09:27:12 [action #148] t=6.99s step=147 queue=4 dmax=0.663 | shoulder_pan.pos=-8.38 shoulder_lift.pos=-2.97 elbow_flex.pos=+32.53 wrist_flex.pos=+68.05 wrist_roll.pos=-4.80 gripper.pos=+10.68
DEBUG 2026-09-03 09:27:12 [action #149] t=7.02s step=148 queue=3 dmax=0.400 | shoulder_pan.pos=-8.42 shoulder_lift.pos=-3.32 elbow_flex.pos=+32.13 wrist_flex.pos=+68.11 wrist_roll.pos=-4.74 gripper.pos=+10.60
DEBUG 2026-09-03 09:27:12 [action #150] t=7.06s step=149 queue=2 dmax=0.545 | shoulder_pan.pos=-8.44 shoulder_lift.pos=-3.35 elbow_flex.pos=+31.90 wrist_flex.pos=+68.65 wrist_roll.pos=-4.90 gripper.pos=+10.47
DEBUG 2026-09-03 09:27:12 [action #151] t=7.09s step=150 queue=1 dmax=0.948 | shoulder_pan.pos=-8.40 shoulder_lift.pos=-3.35 elbow_flex.pos=+31.19 wrist_flex.pos=+69.60 wrist_roll.pos=-5.11 gripper.pos=+10.79
DEBUG 2026-09-03 09:27:12 [chunk] received 50 actions, timesteps 126..175 | first: shoulder_pan.pos=-8.69 shoulder_lift.pos=-4.89 elbow_flex.pos=+35.66 wrist_flex.pos=+66.93 wrist_roll.pos=-4.35 gripper.pos=+40.93 | last: shoulder_pan.pos=+2.32 shoulder_lift.pos=-20.38 elbow_flex.pos=+6.57 wrist_flex.pos=+89.50 wrist_roll.pos=-4.91 gripper.pos=+9.27
DEBUG 2026-09-03 09:27:12 [action #152] t=7.26s step=151 queue=25 dmax=8.548 | shoulder_pan.pos=-6.59 shoulder_lift.pos=-1.68 elbow_flex.pos=+22.64 wrist_flex.pos=+74.23 wrist_roll.pos=-5.33 gripper.pos=+10.30
DEBUG 2026-09-03 09:27:12 [action #153] t=7.29s step=152 queue=24 dmax=1.395 | shoulder_pan.pos=-6.58 shoulder_lift.pos=-1.42 elbow_flex.pos=+21.79 wrist_flex.pos=+75.62 wrist_roll.pos=-5.49 gripper.pos=+10.15
DEBUG 2026-09-03 09:27:12 [action #154] t=7.32s step=153 queue=23 dmax=2.039 | shoulder_pan.pos=-6.73 shoulder_lift.pos=-1.63 elbow_flex.pos=+19.76 wrist_flex.pos=+76.98 wrist_roll.pos=-5.48 gripper.pos=+10.00
DEBUG 2026-09-03 09:27:12 [action #155] t=7.36s step=154 queue=22 dmax=1.133 | shoulder_pan.pos=-6.92 shoulder_lift.pos=-2.24 elbow_flex.pos=+18.62 wrist_flex.pos=+78.01 wrist_roll.pos=-5.70 gripper.pos=+10.20
DEBUG 2026-09-03 09:27:12 [action #156] t=7.39s step=155 queue=21 dmax=1.311 | shoulder_pan.pos=-7.13 shoulder_lift.pos=-2.50 elbow_flex.pos=+17.99 wrist_flex.pos=+79.32 wrist_roll.pos=-5.75 gripper.pos=+10.17
DEBUG 2026-09-03 09:27:12 [action #157] t=7.43s step=156 queue=20 dmax=1.726 | shoulder_pan.pos=-7.26 shoulder_lift.pos=-3.09 elbow_flex.pos=+16.27 wrist_flex.pos=+80.22 wrist_roll.pos=-5.69 gripper.pos=+10.09
DEBUG 2026-09-03 09:27:12 [action #158] t=7.46s step=157 queue=19 dmax=0.931 | shoulder_pan.pos=-7.06 shoulder_lift.pos=-3.70 elbow_flex.pos=+15.94 wrist_flex.pos=+81.15 wrist_roll.pos=-5.80 gripper.pos=+9.76
DEBUG 2026-09-03 09:27:12 [action #159] t=7.49s step=158 queue=18 dmax=1.444 | shoulder_pan.pos=-7.55 shoulder_lift.pos=-3.92 elbow_flex.pos=+14.50 wrist_flex.pos=+82.04 wrist_roll.pos=-5.94 gripper.pos=+9.65
DEBUG 2026-09-03 09:27:12 [action #160] t=7.53s step=159 queue=17 dmax=1.258 | shoulder_pan.pos=-7.41 shoulder_lift.pos=-5.18 elbow_flex.pos=+13.53 wrist_flex.pos=+83.04 wrist_roll.pos=-5.94 gripper.pos=+9.58
DEBUG 2026-09-03 09:27:12 [action #161] t=7.56s step=160 queue=16 dmax=0.966 | shoulder_pan.pos=-7.55 shoulder_lift.pos=-6.14 elbow_flex.pos=+13.35 wrist_flex.pos=+84.00 wrist_roll.pos=-6.02 gripper.pos=+9.40
DEBUG 2026-09-03 09:27:12 [action #162] t=7.59s step=161 queue=15 dmax=1.223 | shoulder_pan.pos=-7.27 shoulder_lift.pos=-7.36 elbow_flex.pos=+12.21 wrist_flex.pos=+84.52 wrist_roll.pos=-5.88 gripper.pos=+9.52
DEBUG 2026-09-03 09:27:12 [action #163] t=7.63s step=162 queue=14 dmax=0.792 | shoulder_pan.pos=-7.15 shoulder_lift.pos=-8.15 elbow_flex.pos=+12.01 wrist_flex.pos=+85.25 wrist_roll.pos=-5.94 gripper.pos=+9.20
DEBUG 2026-09-03 09:27:13 [action #164] t=7.66s step=163 queue=13 dmax=2.200 | shoulder_pan.pos=-6.76 shoulder_lift.pos=-10.35 elbow_flex.pos=+12.80 wrist_flex.pos=+85.66 wrist_roll.pos=-5.93 gripper.pos=+9.10
DEBUG 2026-09-03 09:27:13 [action #165] t=7.69s step=164 queue=12 dmax=1.324 | shoulder_pan.pos=-6.72 shoulder_lift.pos=-11.01 elbow_flex.pos=+11.47 wrist_flex.pos=+86.55 wrist_roll.pos=-5.80 gripper.pos=+9.29
DEBUG 2026-09-03 09:27:13 [action #166] t=7.73s step=165 queue=11 dmax=1.247 | shoulder_pan.pos=-6.36 shoulder_lift.pos=-12.26 elbow_flex.pos=+11.10 wrist_flex.pos=+86.77 wrist_roll.pos=-5.80 gripper.pos=+9.38
DEBUG 2026-09-03 09:27:13 [action #167] t=7.76s step=166 queue=10 dmax=1.436 | shoulder_pan.pos=-5.80 shoulder_lift.pos=-13.69 elbow_flex.pos=+10.88 wrist_flex.pos=+87.36 wrist_roll.pos=-5.77 gripper.pos=+9.20
DEBUG 2026-09-03 09:27:13 [action #168] t=7.79s step=167 queue=9 dmax=0.552 | shoulder_pan.pos=-5.24 shoulder_lift.pos=-14.11 elbow_flex.pos=+10.58 wrist_flex.pos=+87.66 wrist_roll.pos=-5.71 gripper.pos=+9.37
DEBUG 2026-09-03 09:27:13 [action #169] t=7.83s step=168 queue=8 dmax=1.322 | shoulder_pan.pos=-4.81 shoulder_lift.pos=-15.43 elbow_flex.pos=+9.84 wrist_flex.pos=+88.03 wrist_roll.pos=-5.60 gripper.pos=+9.25
DEBUG 2026-09-03 09:27:13 [action #170] t=7.86s step=169 queue=7 dmax=1.206 | shoulder_pan.pos=-3.61 shoulder_lift.pos=-15.63 elbow_flex.pos=+9.64 wrist_flex.pos=+88.38 wrist_roll.pos=-5.60 gripper.pos=+9.35
DEBUG 2026-09-03 09:27:13 [action #171] t=7.89s step=170 queue=6 dmax=1.204 | shoulder_pan.pos=-2.80 shoulder_lift.pos=-16.59 elbow_flex.pos=+8.43 wrist_flex.pos=+88.56 wrist_roll.pos=-5.53 gripper.pos=+9.17
DEBUG 2026-09-03 09:27:13 [action #172] t=7.93s step=171 queue=5 dmax=0.709 | shoulder_pan.pos=-2.09 shoulder_lift.pos=-16.99 elbow_flex.pos=+8.13 wrist_flex.pos=+88.92 wrist_roll.pos=-5.35 gripper.pos=+9.27
DEBUG 2026-09-03 09:27:13 [action #173] t=7.96s step=172 queue=4 dmax=1.658 | shoulder_pan.pos=-1.03 shoulder_lift.pos=-18.64 elbow_flex.pos=+7.62 wrist_flex.pos=+88.96 wrist_roll.pos=-5.32 gripper.pos=+9.23
DEBUG 2026-09-03 09:27:13 [action #174] t=7.99s step=173 queue=3 dmax=0.879 | shoulder_pan.pos=-0.15 shoulder_lift.pos=-19.50 elbow_flex.pos=+7.47 wrist_flex.pos=+89.32 wrist_roll.pos=-5.23 gripper.pos=+9.19
DEBUG 2026-09-03 09:27:13 [action #175] t=8.03s step=174 queue=2 dmax=1.272 | shoulder_pan.pos=+1.12 shoulder_lift.pos=-18.84 elbow_flex.pos=+6.97 wrist_flex.pos=+89.60 wrist_roll.pos=-5.02 gripper.pos=+9.18
DEBUG 2026-09-03 09:27:13 [action #176] t=8.06s step=175 queue=1 dmax=1.546 | shoulder_pan.pos=+2.32 shoulder_lift.pos=-20.38 elbow_flex.pos=+6.57 wrist_flex.pos=+89.50 wrist_roll.pos=-4.91 gripper.pos=+9.27
DEBUG 2026-09-03 09:27:13 [chunk] received 50 actions, timesteps 150..199 | first: shoulder_pan.pos=-6.82 shoulder_lift.pos=-5.09 elbow_flex.pos=+28.62 wrist_flex.pos=+70.85 wrist_roll.pos=-4.41 gripper.pos=+10.21 | last: shoulder_pan.pos=+23.10 shoulder_lift.pos=-7.32 elbow_flex.pos=-5.00 wrist_flex.pos=+78.46 wrist_roll.pos=-2.81 gripper.pos=+10.61
DEBUG 2026-09-03 09:27:13 [action #177] t=8.09s step=176 queue=24 dmax=8.462 | shoulder_pan.pos=-0.19 shoulder_lift.pos=-25.62 elbow_flex.pos=+15.03 wrist_flex.pos=+85.70 wrist_roll.pos=-4.58 gripper.pos=+9.97
DEBUG 2026-09-03 09:27:13 [action #178] t=8.13s step=177 queue=23 dmax=0.786 | shoulder_pan.pos=+0.60 shoulder_lift.pos=-26.40 elbow_flex.pos=+14.98 wrist_flex.pos=+85.49 wrist_roll.pos=-4.43 gripper.pos=+9.98
DEBUG 2026-09-03 09:27:13 [action #179] t=8.16s step=178 queue=22 dmax=1.224 | shoulder_pan.pos=+1.82 shoulder_lift.pos=-26.39 elbow_flex.pos=+14.89 wrist_flex.pos=+85.36 wrist_roll.pos=-3.92 gripper.pos=+10.04
DEBUG 2026-09-03 09:27:13 [action #180] t=8.19s step=179 queue=21 dmax=1.141 | shoulder_pan.pos=+2.96 shoulder_lift.pos=-26.45 elbow_flex.pos=+14.68 wrist_flex.pos=+85.26 wrist_roll.pos=-3.76 gripper.pos=+10.06
DEBUG 2026-09-03 09:27:13 [action #181] t=8.23s step=180 queue=20 dmax=1.248 | shoulder_pan.pos=+4.21 shoulder_lift.pos=-26.14 elbow_flex.pos=+13.97 wrist_flex.pos=+85.09 wrist_roll.pos=-3.66 gripper.pos=+10.18
DEBUG 2026-09-03 09:27:13 [action #182] t=8.26s step=181 queue=19 dmax=1.058 | shoulder_pan.pos=+5.27 shoulder_lift.pos=-26.75 elbow_flex.pos=+13.74 wrist_flex.pos=+84.71 wrist_roll.pos=-3.50 gripper.pos=+10.06
DEBUG 2026-09-03 09:27:13 [action #183] t=8.29s step=182 queue=18 dmax=1.563 | shoulder_pan.pos=+6.83 shoulder_lift.pos=-25.88 elbow_flex.pos=+12.81 wrist_flex.pos=+84.62 wrist_roll.pos=-3.24 gripper.pos=+10.20
DEBUG 2026-09-03 09:27:13 [action #184] t=8.33s step=183 queue=17 dmax=0.630 | shoulder_pan.pos=+7.46 shoulder_lift.pos=-25.70 elbow_flex.pos=+12.76 wrist_flex.pos=+84.32 wrist_roll.pos=-3.32 gripper.pos=+10.20
DEBUG 2026-09-03 09:27:13 [action #185] t=8.36s step=184 queue=16 dmax=1.390 | shoulder_pan.pos=+8.85 shoulder_lift.pos=-24.61 elbow_flex.pos=+11.73 wrist_flex.pos=+83.92 wrist_roll.pos=-3.44 gripper.pos=+10.19
DEBUG 2026-09-03 09:27:13 [action #186] t=8.39s step=185 queue=15 dmax=1.246 | shoulder_pan.pos=+9.98 shoulder_lift.pos=-24.20 elbow_flex.pos=+10.48 wrist_flex.pos=+83.57 wrist_roll.pos=-3.15 gripper.pos=+10.07
DEBUG 2026-09-03 09:27:13 [action #187] t=8.43s step=186 queue=14 dmax=1.328 | shoulder_pan.pos=+11.31 shoulder_lift.pos=-23.79 elbow_flex.pos=+10.61 wrist_flex.pos=+82.97 wrist_roll.pos=-2.99 gripper.pos=+10.23
DEBUG 2026-09-03 09:27:13 [action #188] t=8.46s step=187 queue=13 dmax=1.779 | shoulder_pan.pos=+12.44 shoulder_lift.pos=-23.14 elbow_flex.pos=+8.83 wrist_flex.pos=+82.79 wrist_roll.pos=-3.10 gripper.pos=+10.27
DEBUG 2026-09-03 09:27:13 [action #189] t=8.49s step=188 queue=12 dmax=1.055 | shoulder_pan.pos=+13.50 shoulder_lift.pos=-22.54 elbow_flex.pos=+7.80 wrist_flex.pos=+82.73 wrist_roll.pos=-2.82 gripper.pos=+10.31
DEBUG 2026-09-03 09:27:13 [action #190] t=8.53s step=189 queue=11 dmax=1.262 | shoulder_pan.pos=+14.68 shoulder_lift.pos=-21.30 elbow_flex.pos=+6.54 wrist_flex.pos=+82.50 wrist_roll.pos=-2.80 gripper.pos=+10.20
DEBUG 2026-09-03 09:27:13 [action #191] t=8.56s step=190 queue=10 dmax=1.491 | shoulder_pan.pos=+16.17 shoulder_lift.pos=-20.03 elbow_flex.pos=+5.05 wrist_flex.pos=+82.04 wrist_roll.pos=-2.84 gripper.pos=+10.42
DEBUG 2026-09-03 09:27:13 [action #192] t=8.60s step=191 queue=9 dmax=1.478 | shoulder_pan.pos=+16.91 shoulder_lift.pos=-18.55 elbow_flex.pos=+3.73 wrist_flex.pos=+81.92 wrist_roll.pos=-2.79 gripper.pos=+10.33
DEBUG 2026-09-03 09:27:13 [action #193] t=8.63s step=192 queue=8 dmax=1.049 | shoulder_pan.pos=+17.77 shoulder_lift.pos=-17.50 elbow_flex.pos=+3.03 wrist_flex.pos=+81.53 wrist_roll.pos=-2.83 gripper.pos=+10.55
DEBUG 2026-09-03 09:27:14 [action #194] t=8.66s step=193 queue=7 dmax=1.950 | shoulder_pan.pos=+19.04 shoulder_lift.pos=-15.55 elbow_flex.pos=+1.73 wrist_flex.pos=+81.49 wrist_roll.pos=-2.66 gripper.pos=+10.38
DEBUG 2026-09-03 09:27:14 [action #195] t=8.70s step=194 queue=6 dmax=1.582 | shoulder_pan.pos=+19.95 shoulder_lift.pos=-13.97 elbow_flex.pos=+0.28 wrist_flex.pos=+80.86 wrist_roll.pos=-2.84 gripper.pos=+10.41
DEBUG 2026-09-03 09:27:14 [action #196] t=8.73s step=195 queue=5 dmax=0.883 | shoulder_pan.pos=+20.83 shoulder_lift.pos=-13.62 elbow_flex.pos=-0.42 wrist_flex.pos=+80.30 wrist_roll.pos=-2.72 gripper.pos=+10.71
DEBUG 2026-09-03 09:27:14 [action #197] t=8.76s step=196 queue=4 dmax=1.990 | shoulder_pan.pos=+21.57 shoulder_lift.pos=-11.63 elbow_flex.pos=-2.40 wrist_flex.pos=+79.64 wrist_roll.pos=-2.67 gripper.pos=+10.64
DEBUG 2026-09-03 09:27:14 [action #198] t=8.80s step=197 queue=3 dmax=1.229 | shoulder_pan.pos=+22.13 shoulder_lift.pos=-10.40 elbow_flex.pos=-2.19 wrist_flex.pos=+79.17 wrist_roll.pos=-2.88 gripper.pos=+10.64
DEBUG 2026-09-03 09:27:14 [action #199] t=8.83s step=198 queue=2 dmax=1.983 | shoulder_pan.pos=+23.09 shoulder_lift.pos=-8.42 elbow_flex.pos=-3.88 wrist_flex.pos=+78.59 wrist_roll.pos=-2.87 gripper.pos=+10.77
DEBUG 2026-09-03 09:27:14 [action #200] t=8.86s step=199 queue=1 dmax=1.127 | shoulder_pan.pos=+23.10 shoulder_lift.pos=-7.32 elbow_flex.pos=-5.00 wrist_flex.pos=+78.46 wrist_roll.pos=-2.81 gripper.pos=+10.61
DEBUG 2026-09-03 09:27:14 [chunk] received 50 actions, timesteps 175..224 | first: shoulder_pan.pos=+0.23 shoulder_lift.pos=-16.56 elbow_flex.pos=+4.42 wrist_flex.pos=+92.87 wrist_roll.pos=-5.45 gripper.pos=+9.59 | last: shoulder_pan.pos=+35.83 shoulder_lift.pos=+27.55 elbow_flex.pos=-43.06 wrist_flex.pos=+81.16 wrist_roll.pos=-7.22 gripper.pos=+9.81
DEBUG 2026-09-03 09:27:14 [action #201] t=8.90s step=200 queue=25 dmax=3.475 | shoulder_pan.pos=+25.30 shoulder_lift.pos=-10.80 elbow_flex.pos=-6.67 wrist_flex.pos=+78.85 wrist_roll.pos=-1.39 gripper.pos=+9.72
DEBUG 2026-09-03 09:27:14 [action #202] t=8.93s step=201 queue=24 dmax=2.064 | shoulder_pan.pos=+25.95 shoulder_lift.pos=-8.73 elbow_flex.pos=-7.49 wrist_flex.pos=+77.72 wrist_roll.pos=-1.34 gripper.pos=+9.86
DEBUG 2026-09-03 09:27:14 [action #203] t=8.96s step=202 queue=23 dmax=0.934 | shoulder_pan.pos=+26.32 shoulder_lift.pos=-7.80 elbow_flex.pos=-8.28 wrist_flex.pos=+77.55 wrist_roll.pos=-1.47 gripper.pos=+10.10
DEBUG 2026-09-03 09:27:14 [action #204] t=9.00s step=203 queue=22 dmax=1.332 | shoulder_pan.pos=+27.15 shoulder_lift.pos=-6.47 elbow_flex.pos=-9.49 wrist_flex.pos=+77.48 wrist_roll.pos=-1.94 gripper.pos=+9.98
DEBUG 2026-09-03 09:27:14 [action #205] t=9.03s step=204 queue=21 dmax=1.517 | shoulder_pan.pos=+27.86 shoulder_lift.pos=-4.95 elbow_flex.pos=-10.30 wrist_flex.pos=+77.10 wrist_roll.pos=-2.09 gripper.pos=+9.96
DEBUG 2026-09-03 09:27:14 [action #206] t=9.06s step=205 queue=20 dmax=2.796 | shoulder_pan.pos=+28.13 shoulder_lift.pos=-2.15 elbow_flex.pos=-11.66 wrist_flex.pos=+76.59 wrist_roll.pos=-2.00 gripper.pos=+9.82
DEBUG 2026-09-03 09:27:14 [action #207] t=9.10s step=206 queue=19 dmax=1.448 | shoulder_pan.pos=+29.09 shoulder_lift.pos=-1.99 elbow_flex.pos=-13.10 wrist_flex.pos=+76.51 wrist_roll.pos=-2.53 gripper.pos=+9.90
DEBUG 2026-09-03 09:27:14 [action #208] t=9.13s step=207 queue=18 dmax=2.408 | shoulder_pan.pos=+29.95 shoulder_lift.pos=+0.42 elbow_flex.pos=-14.91 wrist_flex.pos=+76.24 wrist_roll.pos=-2.60 gripper.pos=+10.16
DEBUG 2026-09-03 09:27:14 [action #209] t=9.16s step=208 queue=17 dmax=1.676 | shoulder_pan.pos=+30.56 shoulder_lift.pos=+2.09 elbow_flex.pos=-15.87 wrist_flex.pos=+76.11 wrist_roll.pos=-2.63 gripper.pos=+9.89
DEBUG 2026-09-03 09:27:14 [action #210] t=9.20s step=209 queue=16 dmax=1.489 | shoulder_pan.pos=+31.25 shoulder_lift.pos=+3.58 elbow_flex.pos=-16.97 wrist_flex.pos=+76.29 wrist_roll.pos=-3.04 gripper.pos=+9.82
DEBUG 2026-09-03 09:27:14 [action #211] t=9.23s step=210 queue=15 dmax=2.414 | shoulder_pan.pos=+31.43 shoulder_lift.pos=+5.42 elbow_flex.pos=-19.39 wrist_flex.pos=+76.41 wrist_roll.pos=-2.98 gripper.pos=+9.97
DEBUG 2026-09-03 09:27:14 [action #212] t=9.26s step=211 queue=14 dmax=1.621 | shoulder_pan.pos=+32.34 shoulder_lift.pos=+7.04 elbow_flex.pos=-20.94 wrist_flex.pos=+76.65 wrist_roll.pos=-2.89 gripper.pos=+10.06
DEBUG 2026-09-03 09:27:14 [action #213] t=9.30s step=212 queue=13 dmax=1.215 | shoulder_pan.pos=+32.51 shoulder_lift.pos=+8.25 elbow_flex.pos=-22.02 wrist_flex.pos=+76.86 wrist_roll.pos=-3.09 gripper.pos=+9.84
DEBUG 2026-09-03 09:27:14 [action #214] t=9.33s step=213 queue=12 dmax=2.781 | shoulder_pan.pos=+32.48 shoulder_lift.pos=+11.03 elbow_flex.pos=-24.58 wrist_flex.pos=+76.98 wrist_roll.pos=-3.13 gripper.pos=+10.19
DEBUG 2026-09-03 09:27:14 [action #215] t=9.36s step=214 queue=11 dmax=0.759 | shoulder_pan.pos=+33.24 shoulder_lift.pos=+11.42 elbow_flex.pos=-25.05 wrist_flex.pos=+77.16 wrist_roll.pos=-3.22 gripper.pos=+9.79
DEBUG 2026-09-03 09:27:14 [action #216] t=9.40s step=215 queue=10 dmax=2.351 | shoulder_pan.pos=+33.86 shoulder_lift.pos=+13.77 elbow_flex.pos=-26.01 wrist_flex.pos=+77.32 wrist_roll.pos=-3.46 gripper.pos=+10.07
DEBUG 2026-09-03 09:27:14 [action #217] t=9.43s step=216 queue=9 dmax=2.773 | shoulder_pan.pos=+34.17 shoulder_lift.pos=+14.59 elbow_flex.pos=-28.78 wrist_flex.pos=+77.90 wrist_roll.pos=-3.69 gripper.pos=+10.02
DEBUG 2026-09-03 09:27:14 [action #218] t=9.47s step=217 queue=8 dmax=1.730 | shoulder_pan.pos=+34.69 shoulder_lift.pos=+16.32 elbow_flex.pos=-29.70 wrist_flex.pos=+77.79 wrist_roll.pos=-3.89 gripper.pos=+9.78
DEBUG 2026-09-03 09:27:14 [action #219] t=9.50s step=218 queue=7 dmax=2.504 | shoulder_pan.pos=+34.39 shoulder_lift.pos=+18.83 elbow_flex.pos=-30.59 wrist_flex.pos=+78.18 wrist_roll.pos=-4.25 gripper.pos=+9.98
DEBUG 2026-09-03 09:27:14 [action #220] t=9.53s step=219 queue=6 dmax=2.877 | shoulder_pan.pos=+34.82 shoulder_lift.pos=+20.54 elbow_flex.pos=-33.47 wrist_flex.pos=+78.71 wrist_roll.pos=-4.95 gripper.pos=+9.90
DEBUG 2026-09-03 09:27:14 [action #221] t=9.57s step=220 queue=5 dmax=1.263 | shoulder_pan.pos=+35.19 shoulder_lift.pos=+21.37 elbow_flex.pos=-34.73 wrist_flex.pos=+79.09 wrist_roll.pos=-5.55 gripper.pos=+9.99
DEBUG 2026-09-03 09:27:14 [action #222] t=9.60s step=221 queue=4 dmax=2.884 | shoulder_pan.pos=+35.31 shoulder_lift.pos=+22.71 elbow_flex.pos=-37.61 wrist_flex.pos=+80.06 wrist_roll.pos=-5.74 gripper.pos=+9.91
DEBUG 2026-09-03 09:27:14 [action #223] t=9.63s step=222 queue=3 dmax=2.047 | shoulder_pan.pos=+35.80 shoulder_lift.pos=+24.76 elbow_flex.pos=-39.20 wrist_flex.pos=+80.42 wrist_roll.pos=-6.54 gripper.pos=+10.19
DEBUG 2026-09-03 09:27:15 [action #224] t=9.67s step=223 queue=2 dmax=1.525 | shoulder_pan.pos=+35.43 shoulder_lift.pos=+25.88 elbow_flex.pos=-40.72 wrist_flex.pos=+80.53 wrist_roll.pos=-6.72 gripper.pos=+10.07
DEBUG 2026-09-03 09:27:15 [action #225] t=9.70s step=224 queue=1 dmax=2.333 | shoulder_pan.pos=+35.83 shoulder_lift.pos=+27.55 elbow_flex.pos=-43.06 wrist_flex.pos=+81.16 wrist_roll.pos=-7.22 gripper.pos=+9.81
DEBUG 2026-09-03 09:27:15 [chunk] received 50 actions, timesteps 198..247 | first: shoulder_pan.pos=+21.00 shoulder_lift.pos=-17.12 elbow_flex.pos=+3.69 wrist_flex.pos=+79.50 wrist_roll.pos=-4.14 gripper.pos=+8.69 | last: shoulder_pan.pos=+36.42 shoulder_lift.pos=+17.14 elbow_flex.pos=-13.86 wrist_flex.pos=+67.43 wrist_roll.pos=-3.77 gripper.pos=+23.43
DEBUG 2026-09-03 09:27:15 [action #226] t=9.80s step=225 queue=23 dmax=33.643 | shoulder_pan.pos=+32.87 shoulder_lift.pos=+5.72 elbow_flex.pos=-9.41 wrist_flex.pos=+69.62 wrist_roll.pos=-2.98 gripper.pos=+9.22
DEBUG 2026-09-03 09:27:15 [action #227] t=9.83s step=226 queue=22 dmax=0.606 | shoulder_pan.pos=+33.47 shoulder_lift.pos=+6.06 elbow_flex.pos=-9.60 wrist_flex.pos=+69.48 wrist_roll.pos=-3.13 gripper.pos=+9.43
DEBUG 2026-09-03 09:27:15 [action #228] t=9.87s step=227 queue=21 dmax=0.801 | shoulder_pan.pos=+33.28 shoulder_lift.pos=+6.86 elbow_flex.pos=-9.19 wrist_flex.pos=+69.24 wrist_roll.pos=-3.10 gripper.pos=+9.10
DEBUG 2026-09-03 09:27:15 [action #229] t=9.90s step=228 queue=20 dmax=1.789 | shoulder_pan.pos=+33.34 shoulder_lift.pos=+8.52 elbow_flex.pos=-10.98 wrist_flex.pos=+68.79 wrist_roll.pos=-3.19 gripper.pos=+9.39
DEBUG 2026-09-03 09:27:15 [action #230] t=9.93s step=229 queue=19 dmax=0.233 | shoulder_pan.pos=+33.49 shoulder_lift.pos=+8.64 elbow_flex.pos=-10.83 wrist_flex.pos=+68.65 wrist_roll.pos=-3.42 gripper.pos=+9.45
DEBUG 2026-09-03 09:27:15 [action #231] t=9.97s step=230 queue=18 dmax=0.572 | shoulder_pan.pos=+34.02 shoulder_lift.pos=+8.20 elbow_flex.pos=-11.19 wrist_flex.pos=+68.08 wrist_roll.pos=-3.38 gripper.pos=+9.11
DEBUG 2026-09-03 09:27:15 [action #232] t=10.00s step=231 queue=17 dmax=1.055 | shoulder_pan.pos=+34.50 shoulder_lift.pos=+9.26 elbow_flex.pos=-10.41 wrist_flex.pos=+67.34 wrist_roll.pos=-3.65 gripper.pos=+9.20
DEBUG 2026-09-03 09:27:15 [action #233] t=10.03s step=232 queue=16 dmax=1.126 | shoulder_pan.pos=+34.51 shoulder_lift.pos=+10.39 elbow_flex.pos=-10.33 wrist_flex.pos=+67.15 wrist_roll.pos=-3.73 gripper.pos=+9.15
DEBUG 2026-09-03 09:27:15 [action #234] t=10.07s step=233 queue=15 dmax=0.577 | shoulder_pan.pos=+34.96 shoulder_lift.pos=+10.96 elbow_flex.pos=-10.37 wrist_flex.pos=+66.75 wrist_roll.pos=-3.85 gripper.pos=+8.91
DEBUG 2026-09-03 09:27:15 [action #235] t=10.10s step=234 queue=14 dmax=0.583 | shoulder_pan.pos=+35.08 shoulder_lift.pos=+11.02 elbow_flex.pos=-10.55 wrist_flex.pos=+66.17 wrist_roll.pos=-3.83 gripper.pos=+9.19
DEBUG 2026-09-03 09:27:15 [action #236] t=10.13s step=235 queue=13 dmax=0.382 | shoulder_pan.pos=+35.46 shoulder_lift.pos=+11.21 elbow_flex.pos=-10.16 wrist_flex.pos=+66.03 wrist_roll.pos=-3.88 gripper.pos=+8.91
DEBUG 2026-09-03 09:27:15 [action #237] t=10.17s step=236 queue=12 dmax=0.782 | shoulder_pan.pos=+35.71 shoulder_lift.pos=+11.99 elbow_flex.pos=-10.79 wrist_flex.pos=+65.57 wrist_roll.pos=-3.83 gripper.pos=+9.04
DEBUG 2026-09-03 09:27:15 [action #238] t=10.20s step=237 queue=11 dmax=1.291 | shoulder_pan.pos=+35.80 shoulder_lift.pos=+13.28 elbow_flex.pos=-10.82 wrist_flex.pos=+65.41 wrist_roll.pos=-3.82 gripper.pos=+8.93
DEBUG 2026-09-03 09:27:15 [action #239] t=10.23s step=238 queue=10 dmax=0.528 | shoulder_pan.pos=+35.98 shoulder_lift.pos=+13.81 elbow_flex.pos=-10.57 wrist_flex.pos=+65.20 wrist_roll.pos=-3.76 gripper.pos=+9.10
DEBUG 2026-09-03 09:27:15 [action #240] t=10.27s step=239 queue=9 dmax=0.901 | shoulder_pan.pos=+36.34 shoulder_lift.pos=+14.71 elbow_flex.pos=-10.97 wrist_flex.pos=+65.15 wrist_roll.pos=-4.00 gripper.pos=+9.32
DEBUG 2026-09-03 09:27:15 [action #241] t=10.30s step=240 queue=8 dmax=0.759 | shoulder_pan.pos=+36.28 shoulder_lift.pos=+13.95 elbow_flex.pos=-11.32 wrist_flex.pos=+65.00 wrist_roll.pos=-3.77 gripper.pos=+9.64
DEBUG 2026-09-03 09:27:15 [action #242] t=10.33s step=241 queue=7 dmax=1.267 | shoulder_pan.pos=+36.77 shoulder_lift.pos=+15.22 elbow_flex.pos=-11.15 wrist_flex.pos=+64.83 wrist_roll.pos=-3.69 gripper.pos=+10.14
DEBUG 2026-09-03 09:27:15 [action #243] t=10.37s step=242 queue=6 dmax=1.800 | shoulder_pan.pos=+36.69 shoulder_lift.pos=+15.30 elbow_flex.pos=-11.80 wrist_flex.pos=+65.35 wrist_roll.pos=-3.79 gripper.pos=+11.94
DEBUG 2026-09-03 09:27:15 [action #244] t=10.40s step=243 queue=5 dmax=2.063 | shoulder_pan.pos=+37.04 shoulder_lift.pos=+16.19 elbow_flex.pos=-12.18 wrist_flex.pos=+65.37 wrist_roll.pos=-3.90 gripper.pos=+14.01
DEBUG 2026-09-03 09:27:15 [action #245] t=10.43s step=244 queue=4 dmax=2.981 | shoulder_pan.pos=+37.01 shoulder_lift.pos=+15.78 elbow_flex.pos=-13.29 wrist_flex.pos=+65.87 wrist_roll.pos=-3.97 gripper.pos=+16.99
DEBUG 2026-09-03 09:27:15 [action #246] t=10.47s step=245 queue=3 dmax=2.734 | shoulder_pan.pos=+36.76 shoulder_lift.pos=+16.83 elbow_flex.pos=-12.85 wrist_flex.pos=+66.25 wrist_roll.pos=-3.76 gripper.pos=+19.72
DEBUG 2026-09-03 09:27:15 [action #247] t=10.50s step=246 queue=2 dmax=2.230 | shoulder_pan.pos=+36.36 shoulder_lift.pos=+16.83 elbow_flex.pos=-13.40 wrist_flex.pos=+66.81 wrist_roll.pos=-3.91 gripper.pos=+21.95
DEBUG 2026-09-03 09:27:15 [action #248] t=10.54s step=247 queue=1 dmax=1.482 | shoulder_pan.pos=+36.42 shoulder_lift.pos=+17.14 elbow_flex.pos=-13.86 wrist_flex.pos=+67.43 wrist_roll.pos=-3.77 gripper.pos=+23.43
DEBUG 2026-09-03 09:27:16 [chunk] received 50 actions, timesteps 224..273 | first: shoulder_pan.pos=+30.40 shoulder_lift.pos=+24.48 elbow_flex.pos=-36.20 wrist_flex.pos=+78.42 wrist_roll.pos=-6.12 gripper.pos=+9.14 | last: shoulder_pan.pos=+27.67 shoulder_lift.pos=+22.43 elbow_flex.pos=-42.98 wrist_flex.pos=+95.96 wrist_roll.pos=-2.51 gripper.pos=+36.35
DEBUG 2026-09-03 09:27:16 [action #249] t=10.70s step=248 queue=26 dmax=18.803 | shoulder_pan.pos=+34.21 shoulder_lift.pos=+30.20 elbow_flex.pos=-32.66 wrist_flex.pos=+76.04 wrist_roll.pos=-5.38 gripper.pos=+31.37
DEBUG 2026-09-03 09:27:16 [action #250] t=10.74s step=249 queue=25 dmax=0.984 | shoulder_pan.pos=+34.13 shoulder_lift.pos=+29.21 elbow_flex.pos=-32.82 wrist_flex.pos=+76.12 wrist_roll.pos=-5.36 gripper.pos=+32.01
DEBUG 2026-09-03 09:27:16 [action #251] t=10.77s step=250 queue=24 dmax=1.000 | shoulder_pan.pos=+34.41 shoulder_lift.pos=+29.47 elbow_flex.pos=-32.06 wrist_flex.pos=+76.55 wrist_roll.pos=-5.23 gripper.pos=+33.01
DEBUG 2026-09-03 09:27:16 [action #252] t=10.80s step=251 queue=23 dmax=1.592 | shoulder_pan.pos=+34.36 shoulder_lift.pos=+31.07 elbow_flex.pos=-31.14 wrist_flex.pos=+76.55 wrist_roll.pos=-5.41 gripper.pos=+33.55
DEBUG 2026-09-03 09:27:16 [action #253] t=10.84s step=252 queue=22 dmax=0.970 | shoulder_pan.pos=+34.26 shoulder_lift.pos=+30.10 elbow_flex.pos=-31.75 wrist_flex.pos=+76.65 wrist_roll.pos=-5.22 gripper.pos=+34.23
DEBUG 2026-09-03 09:27:16 [action #254] t=10.87s step=253 queue=21 dmax=0.514 | shoulder_pan.pos=+34.53 shoulder_lift.pos=+30.61 elbow_flex.pos=-31.26 wrist_flex.pos=+77.10 wrist_roll.pos=-5.14 gripper.pos=+34.60
DEBUG 2026-09-03 09:27:16 [action #255] t=10.90s step=254 queue=20 dmax=0.558 | shoulder_pan.pos=+34.56 shoulder_lift.pos=+30.72 elbow_flex.pos=-31.82 wrist_flex.pos=+76.99 wrist_roll.pos=-5.23 gripper.pos=+34.96
DEBUG 2026-09-03 09:27:16 [action #256] t=10.94s step=255 queue=19 dmax=0.333 | shoulder_pan.pos=+34.67 shoulder_lift.pos=+30.53 elbow_flex.pos=-31.75 wrist_flex.pos=+77.33 wrist_roll.pos=-5.18 gripper.pos=+35.20
DEBUG 2026-09-03 09:27:16 [action #257] t=10.97s step=256 queue=18 dmax=0.464 | shoulder_pan.pos=+34.63 shoulder_lift.pos=+30.50 elbow_flex.pos=-31.52 wrist_flex.pos=+77.79 wrist_roll.pos=-5.11 gripper.pos=+35.64
DEBUG 2026-09-03 09:27:16 [action #258] t=11.00s step=257 queue=17 dmax=0.314 | shoulder_pan.pos=+34.58 shoulder_lift.pos=+30.61 elbow_flex.pos=-31.27 wrist_flex.pos=+78.11 wrist_roll.pos=-5.04 gripper.pos=+35.84
DEBUG 2026-09-03 09:27:16 [action #259] t=11.04s step=258 queue=16 dmax=1.003 | shoulder_pan.pos=+34.47 shoulder_lift.pos=+30.62 elbow_flex.pos=-32.27 wrist_flex.pos=+78.55 wrist_roll.pos=-5.00 gripper.pos=+36.00
DEBUG 2026-09-03 09:27:16 [action #260] t=11.07s step=259 queue=15 dmax=0.535 | shoulder_pan.pos=+34.73 shoulder_lift.pos=+30.47 elbow_flex.pos=-32.64 wrist_flex.pos=+79.09 wrist_roll.pos=-4.97 gripper.pos=+36.09
DEBUG 2026-09-03 09:27:16 [action #261] t=11.10s step=260 queue=14 dmax=0.611 | shoulder_pan.pos=+34.28 shoulder_lift.pos=+30.63 elbow_flex.pos=-32.73 wrist_flex.pos=+79.70 wrist_roll.pos=-5.03 gripper.pos=+36.41
DEBUG 2026-09-03 09:27:16 [action #262] t=11.14s step=261 queue=13 dmax=1.000 | shoulder_pan.pos=+34.05 shoulder_lift.pos=+30.41 elbow_flex.pos=-32.41 wrist_flex.pos=+80.70 wrist_roll.pos=-4.73 gripper.pos=+36.56
DEBUG 2026-09-03 09:27:16 [action #263] t=11.17s step=262 queue=12 dmax=1.655 | shoulder_pan.pos=+33.86 shoulder_lift.pos=+29.47 elbow_flex.pos=-34.06 wrist_flex.pos=+81.69 wrist_roll.pos=-4.73 gripper.pos=+36.81
DEBUG 2026-09-03 09:27:16 [action #264] t=11.20s step=263 queue=11 dmax=0.905 | shoulder_pan.pos=+33.55 shoulder_lift.pos=+29.10 elbow_flex.pos=-33.79 wrist_flex.pos=+82.60 wrist_roll.pos=-4.56 gripper.pos=+37.09
DEBUG 2026-09-03 09:27:16 [action #265] t=11.24s step=264 queue=10 dmax=1.404 | shoulder_pan.pos=+32.89 shoulder_lift.pos=+29.45 elbow_flex.pos=-35.20 wrist_flex.pos=+83.58 wrist_roll.pos=-4.48 gripper.pos=+37.51
DEBUG 2026-09-03 09:27:16 [action #266] t=11.27s step=265 queue=9 dmax=1.137 | shoulder_pan.pos=+32.74 shoulder_lift.pos=+28.38 elbow_flex.pos=-35.83 wrist_flex.pos=+84.71 wrist_roll.pos=-4.34 gripper.pos=+37.49
DEBUG 2026-09-03 09:27:16 [action #267] t=11.30s step=266 queue=8 dmax=1.344 | shoulder_pan.pos=+32.07 shoulder_lift.pos=+28.39 elbow_flex.pos=-36.18 wrist_flex.pos=+86.06 wrist_roll.pos=-4.14 gripper.pos=+37.48
DEBUG 2026-09-03 09:27:16 [action #268] t=11.34s step=267 queue=7 dmax=1.487 | shoulder_pan.pos=+31.71 shoulder_lift.pos=+27.16 elbow_flex.pos=-36.89 wrist_flex.pos=+87.54 wrist_roll.pos=-3.99 gripper.pos=+37.14
DEBUG 2026-09-03 09:27:16 [action #269] t=11.37s step=268 queue=6 dmax=1.470 | shoulder_pan.pos=+31.45 shoulder_lift.pos=+25.72 elbow_flex.pos=-37.58 wrist_flex.pos=+89.01 wrist_roll.pos=-3.76 gripper.pos=+36.87
DEBUG 2026-09-03 09:27:16 [action #270] t=11.41s step=269 queue=5 dmax=1.800 | shoulder_pan.pos=+30.57 shoulder_lift.pos=+25.56 elbow_flex.pos=-39.38 wrist_flex.pos=+90.74 wrist_roll.pos=-3.40 gripper.pos=+37.03
DEBUG 2026-09-03 09:27:16 [action #271] t=11.44s step=270 queue=4 dmax=1.449 | shoulder_pan.pos=+29.89 shoulder_lift.pos=+24.44 elbow_flex.pos=-40.83 wrist_flex.pos=+92.06 wrist_roll.pos=-3.20 gripper.pos=+36.78
DEBUG 2026-09-03 09:27:16 [action #272] t=11.47s step=271 queue=3 dmax=1.737 | shoulder_pan.pos=+29.12 shoulder_lift.pos=+23.97 elbow_flex.pos=-41.45 wrist_flex.pos=+93.80 wrist_roll.pos=-3.02 gripper.pos=+36.95
DEBUG 2026-09-03 09:27:16 [action #273] t=11.51s step=272 queue=2 dmax=1.214 | shoulder_pan.pos=+28.51 shoulder_lift.pos=+23.11 elbow_flex.pos=-42.48 wrist_flex.pos=+95.01 wrist_roll.pos=-2.78 gripper.pos=+36.67
DEBUG 2026-09-03 09:27:16 [action #274] t=11.54s step=273 queue=1 dmax=0.945 | shoulder_pan.pos=+27.67 shoulder_lift.pos=+22.43 elbow_flex.pos=-42.98 wrist_flex.pos=+95.96 wrist_roll.pos=-2.51 gripper.pos=+36.35
DEBUG 2026-09-03 09:27:16 [chunk] received 50 actions, timesteps 247..296 | first: shoulder_pan.pos=+31.54 shoulder_lift.pos=+17.90 elbow_flex.pos=-14.76 wrist_flex.pos=+66.04 wrist_roll.pos=-4.83 gripper.pos=+21.95 | last: shoulder_pan.pos=+10.05 shoulder_lift.pos=-17.13 elbow_flex.pos=-3.36 wrist_flex.pos=+92.51 wrist_roll.pos=+1.77 gripper.pos=+20.30
DEBUG 2026-09-03 09:27:16 [action #275] t=11.57s step=274 queue=23 dmax=30.248 | shoulder_pan.pos=+28.07 shoulder_lift.pos=+13.78 elbow_flex.pos=-12.73 wrist_flex.pos=+79.71 wrist_roll.pos=-4.42 gripper.pos=+38.66
DEBUG 2026-09-03 09:27:16 [action #276] t=11.61s step=275 queue=22 dmax=1.277 | shoulder_pan.pos=+27.29 shoulder_lift.pos=+12.50 elbow_flex.pos=-13.04 wrist_flex.pos=+80.81 wrist_roll.pos=-4.20 gripper.pos=+38.70
DEBUG 2026-09-03 09:27:17 [action #277] t=11.64s step=276 queue=21 dmax=1.383 | shoulder_pan.pos=+26.85 shoulder_lift.pos=+11.56 elbow_flex.pos=-13.61 wrist_flex.pos=+82.20 wrist_roll.pos=-4.03 gripper.pos=+38.70
DEBUG 2026-09-03 09:27:17 [action #278] t=11.67s step=277 queue=20 dmax=1.536 | shoulder_pan.pos=+26.37 shoulder_lift.pos=+10.52 elbow_flex.pos=-14.50 wrist_flex.pos=+83.73 wrist_roll.pos=-3.94 gripper.pos=+38.62
DEBUG 2026-09-03 09:27:17 [action #279] t=11.71s step=278 queue=19 dmax=1.329 | shoulder_pan.pos=+25.31 shoulder_lift.pos=+9.43 elbow_flex.pos=-14.99 wrist_flex.pos=+85.06 wrist_roll.pos=-3.86 gripper.pos=+38.73
DEBUG 2026-09-03 09:27:17 [action #280] t=11.74s step=279 queue=18 dmax=1.501 | shoulder_pan.pos=+24.49 shoulder_lift.pos=+8.18 elbow_flex.pos=-15.52 wrist_flex.pos=+86.56 wrist_roll.pos=-3.56 gripper.pos=+38.67
DEBUG 2026-09-03 09:27:17 [action #281] t=11.77s step=280 queue=17 dmax=1.682 | shoulder_pan.pos=+23.53 shoulder_lift.pos=+6.50 elbow_flex.pos=-16.06 wrist_flex.pos=+87.77 wrist_roll.pos=-3.25 gripper.pos=+38.96
DEBUG 2026-09-03 09:27:17 [action #282] t=11.81s step=281 queue=16 dmax=1.583 | shoulder_pan.pos=+22.56 shoulder_lift.pos=+4.91 elbow_flex.pos=-16.19 wrist_flex.pos=+88.78 wrist_roll.pos=-3.08 gripper.pos=+38.94
DEBUG 2026-09-03 09:27:17 [action #283] t=11.84s step=282 queue=15 dmax=0.858 | shoulder_pan.pos=+22.07 shoulder_lift.pos=+4.10 elbow_flex.pos=-16.09 wrist_flex.pos=+89.64 wrist_roll.pos=-2.86 gripper.pos=+38.74
DEBUG 2026-09-03 09:27:17 [action #284] t=11.87s step=283 queue=14 dmax=0.927 | shoulder_pan.pos=+21.54 shoulder_lift.pos=+3.20 elbow_flex.pos=-16.49 wrist_flex.pos=+90.56 wrist_roll.pos=-2.70 gripper.pos=+38.76
DEBUG 2026-09-03 09:27:17 [action #285] t=11.91s step=284 queue=13 dmax=1.297 | shoulder_pan.pos=+20.72 shoulder_lift.pos=+1.91 elbow_flex.pos=-17.11 wrist_flex.pos=+91.31 wrist_roll.pos=-2.46 gripper.pos=+38.79
DEBUG 2026-09-03 09:27:17 [action #286] t=11.94s step=285 queue=12 dmax=2.135 | shoulder_pan.pos=+20.03 shoulder_lift.pos=-0.23 elbow_flex.pos=-16.77 wrist_flex.pos=+91.86 wrist_roll.pos=-2.07 gripper.pos=+38.63
DEBUG 2026-09-03 09:27:17 [action #287] t=11.97s step=286 queue=11 dmax=0.931 | shoulder_pan.pos=+19.10 shoulder_lift.pos=-0.93 elbow_flex.pos=-16.42 wrist_flex.pos=+92.57 wrist_roll.pos=-1.72 gripper.pos=+38.68
DEBUG 2026-09-03 09:27:17 [action #288] t=12.01s step=287 queue=10 dmax=1.760 | shoulder_pan.pos=+18.42 shoulder_lift.pos=-2.69 elbow_flex.pos=-15.48 wrist_flex.pos=+92.95 wrist_roll.pos=-1.25 gripper.pos=+38.62
DEBUG 2026-09-03 09:27:17 [action #289] t=12.04s step=288 queue=9 dmax=1.546 | shoulder_pan.pos=+17.31 shoulder_lift.pos=-4.24 elbow_flex.pos=-14.75 wrist_flex.pos=+93.23 wrist_roll.pos=-0.71 gripper.pos=+38.47
DEBUG 2026-09-03 09:27:17 [action #290] t=12.07s step=289 queue=8 dmax=1.738 | shoulder_pan.pos=+16.73 shoulder_lift.pos=-5.97 elbow_flex.pos=-13.32 wrist_flex.pos=+93.31 wrist_roll.pos=-0.08 gripper.pos=+38.54
DEBUG 2026-09-03 09:27:17 [action #291] t=12.11s step=290 queue=7 dmax=1.495 | shoulder_pan.pos=+15.87 shoulder_lift.pos=-7.47 elbow_flex.pos=-12.06 wrist_flex.pos=+93.51 wrist_roll.pos=+0.48 gripper.pos=+38.20
DEBUG 2026-09-03 09:27:17 [action #292] t=12.14s step=291 queue=6 dmax=1.676 | shoulder_pan.pos=+14.93 shoulder_lift.pos=-9.14 elbow_flex.pos=-10.90 wrist_flex.pos=+93.39 wrist_roll.pos=+1.07 gripper.pos=+36.96
DEBUG 2026-09-03 09:27:17 [action #293] t=12.17s step=292 queue=5 dmax=2.346 | shoulder_pan.pos=+13.92 shoulder_lift.pos=-11.17 elbow_flex.pos=-9.44 wrist_flex.pos=+93.36 wrist_roll.pos=+1.51 gripper.pos=+34.62
DEBUG 2026-09-03 09:27:17 [action #294] t=12.21s step=293 queue=4 dmax=4.118 | shoulder_pan.pos=+13.03 shoulder_lift.pos=-12.54 elbow_flex.pos=-8.73 wrist_flex.pos=+93.25 wrist_roll.pos=+1.75 gripper.pos=+30.50
DEBUG 2026-09-03 09:27:17 [action #295] t=12.24s step=294 queue=3 dmax=3.785 | shoulder_pan.pos=+11.65 shoulder_lift.pos=-14.06 elbow_flex.pos=-6.51 wrist_flex.pos=+93.34 wrist_roll.pos=+1.83 gripper.pos=+26.72
DEBUG 2026-09-03 09:27:17 [action #296] t=12.27s step=295 queue=2 dmax=3.700 | shoulder_pan.pos=+10.82 shoulder_lift.pos=-15.34 elbow_flex.pos=-4.11 wrist_flex.pos=+93.16 wrist_roll.pos=+1.78 gripper.pos=+23.01
DEBUG 2026-09-03 09:27:17 [action #297] t=12.31s step=296 queue=1 dmax=2.714 | shoulder_pan.pos=+10.05 shoulder_lift.pos=-17.13 elbow_flex.pos=-3.36 wrist_flex.pos=+92.51 wrist_roll.pos=+1.77 gripper.pos=+20.30
DEBUG 2026-09-03 09:27:17 [chunk] received 50 actions, timesteps 273..322 | first: shoulder_pan.pos=+26.73 shoulder_lift.pos=+22.42 elbow_flex.pos=-35.62 wrist_flex.pos=+99.53 wrist_roll.pos=-3.18 gripper.pos=+37.23 | last: shoulder_pan.pos=-2.41 shoulder_lift.pos=-59.71 elbow_flex.pos=+51.23 wrist_flex.pos=+75.23 wrist_roll.pos=+0.17 gripper.pos=+0.81
DEBUG 2026-09-03 09:27:17 [action #298] t=12.41s step=297 queue=26 dmax=8.814 | shoulder_pan.pos=+6.87 shoulder_lift.pos=-21.58 elbow_flex.pos=+5.45 wrist_flex.pos=+95.06 wrist_roll.pos=+1.35 gripper.pos=+22.71
DEBUG 2026-09-03 09:27:17 [action #299] t=12.44s step=298 queue=25 dmax=2.844 | shoulder_pan.pos=+6.07 shoulder_lift.pos=-23.13 elbow_flex.pos=+7.56 wrist_flex.pos=+94.76 wrist_roll.pos=+1.46 gripper.pos=+19.87
DEBUG 2026-09-03 09:27:17 [action #300] t=12.47s step=299 queue=24 dmax=2.577 | shoulder_pan.pos=+5.26 shoulder_lift.pos=-25.31 elbow_flex.pos=+9.46 wrist_flex.pos=+94.23 wrist_roll.pos=+1.49 gripper.pos=+17.29
DEBUG 2026-09-03 09:27:17 [action #301] t=12.51s step=300 queue=23 dmax=2.402 | shoulder_pan.pos=+4.44 shoulder_lift.pos=-26.98 elbow_flex.pos=+11.67 wrist_flex.pos=+93.71 wrist_roll.pos=+1.66 gripper.pos=+14.89
DEBUG 2026-09-03 09:27:17 [action #302] t=12.54s step=301 queue=22 dmax=1.959 | shoulder_pan.pos=+3.59 shoulder_lift.pos=-28.94 elbow_flex.pos=+13.58 wrist_flex.pos=+92.79 wrist_roll.pos=+1.82 gripper.pos=+13.72
DEBUG 2026-09-03 09:27:17 [action #303] t=12.58s step=302 queue=21 dmax=2.216 | shoulder_pan.pos=+3.16 shoulder_lift.pos=-29.77 elbow_flex.pos=+15.80 wrist_flex.pos=+91.89 wrist_roll.pos=+1.98 gripper.pos=+12.30
DEBUG 2026-09-03 09:27:17 [action #304] t=12.61s step=303 queue=20 dmax=2.829 | shoulder_pan.pos=+2.47 shoulder_lift.pos=-31.31 elbow_flex.pos=+18.63 wrist_flex.pos=+90.94 wrist_roll.pos=+2.02 gripper.pos=+11.35
DEBUG 2026-09-03 09:27:18 [action #305] t=12.64s step=304 queue=19 dmax=2.254 | shoulder_pan.pos=+1.98 shoulder_lift.pos=-33.56 elbow_flex.pos=+20.65 wrist_flex.pos=+90.23 wrist_roll.pos=+2.37 gripper.pos=+10.41
DEBUG 2026-09-03 09:27:18 [action #306] t=12.68s step=305 queue=18 dmax=1.777 | shoulder_pan.pos=+1.79 shoulder_lift.pos=-34.58 elbow_flex.pos=+22.43 wrist_flex.pos=+89.49 wrist_roll.pos=+2.43 gripper.pos=+9.40
DEBUG 2026-09-03 09:27:18 [action #307] t=12.71s step=306 queue=17 dmax=2.110 | shoulder_pan.pos=+1.27 shoulder_lift.pos=-36.22 elbow_flex.pos=+24.54 wrist_flex.pos=+88.51 wrist_roll.pos=+2.46 gripper.pos=+8.43
DEBUG 2026-09-03 09:27:18 [action #308] t=12.74s step=307 queue=16 dmax=1.975 | shoulder_pan.pos=+0.75 shoulder_lift.pos=-37.37 elbow_flex.pos=+26.51 wrist_flex.pos=+87.81 wrist_roll.pos=+2.41 gripper.pos=+7.63
DEBUG 2026-09-03 09:27:18 [action #309] t=12.78s step=308 queue=15 dmax=1.328 | shoulder_pan.pos=+0.34 shoulder_lift.pos=-38.46 elbow_flex.pos=+27.84 wrist_flex.pos=+87.08 wrist_roll.pos=+2.28 gripper.pos=+6.53
DEBUG 2026-09-03 09:27:18 [action #310] t=12.81s step=309 queue=14 dmax=1.610 | shoulder_pan.pos=+0.03 shoulder_lift.pos=-39.98 elbow_flex.pos=+29.45 wrist_flex.pos=+86.40 wrist_roll.pos=+2.15 gripper.pos=+5.44
DEBUG 2026-09-03 09:27:18 [action #311] t=12.84s step=310 queue=13 dmax=2.415 | shoulder_pan.pos=-0.48 shoulder_lift.pos=-41.87 elbow_flex.pos=+31.87 wrist_flex.pos=+85.45 wrist_roll.pos=+2.19 gripper.pos=+4.42
DEBUG 2026-09-03 09:27:18 [action #312] t=12.88s step=311 queue=12 dmax=1.443 | shoulder_pan.pos=-1.12 shoulder_lift.pos=-43.32 elbow_flex.pos=+33.17 wrist_flex.pos=+84.48 wrist_roll.pos=+1.82 gripper.pos=+3.52
DEBUG 2026-09-03 09:27:18 [action #313] t=12.91s step=312 queue=11 dmax=1.987 | shoulder_pan.pos=-1.24 shoulder_lift.pos=-44.67 elbow_flex.pos=+35.16 wrist_flex.pos=+83.69 wrist_roll.pos=+1.44 gripper.pos=+2.80
DEBUG 2026-09-03 09:27:18 [action #314] t=12.94s step=313 queue=10 dmax=1.651 | shoulder_pan.pos=-1.38 shoulder_lift.pos=-46.32 elbow_flex.pos=+36.58 wrist_flex.pos=+82.87 wrist_roll.pos=+1.09 gripper.pos=+2.14
DEBUG 2026-09-03 09:27:18 [action #315] t=12.98s step=314 queue=9 dmax=2.019 | shoulder_pan.pos=-1.58 shoulder_lift.pos=-47.78 elbow_flex.pos=+38.60 wrist_flex.pos=+81.81 wrist_roll.pos=+0.74 gripper.pos=+1.62
DEBUG 2026-09-03 09:27:18 [action #316] t=13.01s step=315 queue=8 dmax=1.481 | shoulder_pan.pos=-1.94 shoulder_lift.pos=-48.80 elbow_flex.pos=+40.08 wrist_flex.pos=+80.90 wrist_roll.pos=+0.55 gripper.pos=+1.59
DEBUG 2026-09-03 09:27:18 [action #317] t=13.04s step=316 queue=7 dmax=1.548 | shoulder_pan.pos=-1.92 shoulder_lift.pos=-50.27 elbow_flex.pos=+41.63 wrist_flex.pos=+80.07 wrist_roll.pos=+0.60 gripper.pos=+1.37
DEBUG 2026-09-03 09:27:18 [action #318] t=13.08s step=317 queue=6 dmax=1.872 | shoulder_pan.pos=-2.04 shoulder_lift.pos=-51.68 elbow_flex.pos=+43.50 wrist_flex.pos=+79.34 wrist_roll.pos=+0.65 gripper.pos=+1.15
DEBUG 2026-09-03 09:27:18 [action #319] t=13.11s step=318 queue=5 dmax=1.363 | shoulder_pan.pos=-2.06 shoulder_lift.pos=-53.04 elbow_flex.pos=+44.85 wrist_flex.pos=+78.44 wrist_roll.pos=+0.52 gripper.pos=+1.19
DEBUG 2026-09-03 09:27:18 [action #320] t=13.14s step=319 queue=4 dmax=1.526 | shoulder_pan.pos=-2.15 shoulder_lift.pos=-54.46 elbow_flex.pos=+46.38 wrist_flex.pos=+77.66 wrist_roll.pos=+0.48 gripper.pos=+1.02
DEBUG 2026-09-03 09:27:18 [action #321] t=13.18s step=320 queue=3 dmax=1.957 | shoulder_pan.pos=-2.18 shoulder_lift.pos=-56.42 elbow_flex.pos=+48.21 wrist_flex.pos=+76.82 wrist_roll.pos=+0.48 gripper.pos=+0.96
DEBUG 2026-09-03 09:27:18 [action #322] t=13.21s step=321 queue=2 dmax=1.535 | shoulder_pan.pos=-2.50 shoulder_lift.pos=-57.69 elbow_flex.pos=+49.75 wrist_flex.pos=+75.82 wrist_roll.pos=+0.37 gripper.pos=+0.86
DEBUG 2026-09-03 09:27:18 [action #323] t=13.24s step=322 queue=1 dmax=2.016 | shoulder_pan.pos=-2.41 shoulder_lift.pos=-59.71 elbow_flex.pos=+51.23 wrist_flex.pos=+75.23 wrist_roll.pos=+0.17 gripper.pos=+0.81
DEBUG 2026-09-03 09:27:18 [chunk] received 50 actions, timesteps 296..345 | first: shoulder_pan.pos=+8.70 shoulder_lift.pos=-23.34 elbow_flex.pos=+6.49 wrist_flex.pos=+94.05 wrist_roll.pos=+1.36 gripper.pos=+9.13 | last: shoulder_pan.pos=-3.97 shoulder_lift.pos=-103.74 elbow_flex.pos=+83.18 wrist_flex.pos=+76.95 wrist_roll.pos=-1.32 gripper.pos=+0.11
DEBUG 2026-09-03 09:27:18 [action #324] t=13.31s step=323 queue=23 dmax=5.136 | shoulder_pan.pos=-2.92 shoulder_lift.pos=-64.84 elbow_flex.pos=+56.13 wrist_flex.pos=+74.56 wrist_roll.pos=+2.71 gripper.pos=+0.56
DEBUG 2026-09-03 09:27:18 [action #325] t=13.34s step=324 queue=22 dmax=1.618 | shoulder_pan.pos=-2.79 shoulder_lift.pos=-66.46 elbow_flex.pos=+57.54 wrist_flex.pos=+73.96 wrist_roll.pos=+2.50 gripper.pos=+0.55
DEBUG 2026-09-03 09:27:18 [action #326] t=13.38s step=325 queue=21 dmax=1.542 | shoulder_pan.pos=-2.62 shoulder_lift.pos=-68.00 elbow_flex.pos=+59.08 wrist_flex.pos=+73.08 wrist_roll.pos=+2.31 gripper.pos=+0.57
DEBUG 2026-09-03 09:27:18 [action #327] t=13.41s step=326 queue=20 dmax=2.506 | shoulder_pan.pos=-2.72 shoulder_lift.pos=-70.50 elbow_flex.pos=+61.00 wrist_flex.pos=+72.07 wrist_roll.pos=+2.26 gripper.pos=+0.58
DEBUG 2026-09-03 09:27:18 [action #328] t=13.44s step=327 queue=19 dmax=1.819 | shoulder_pan.pos=-2.52 shoulder_lift.pos=-72.32 elbow_flex.pos=+62.73 wrist_flex.pos=+71.32 wrist_roll.pos=+2.15 gripper.pos=+0.58
DEBUG 2026-09-03 09:27:18 [action #329] t=13.48s step=328 queue=18 dmax=2.354 | shoulder_pan.pos=-2.52 shoulder_lift.pos=-74.42 elbow_flex.pos=+65.08 wrist_flex.pos=+70.63 wrist_roll.pos=+2.15 gripper.pos=+0.43
DEBUG 2026-09-03 09:27:18 [action #330] t=13.51s step=329 queue=17 dmax=2.632 | shoulder_pan.pos=-2.56 shoulder_lift.pos=-77.05 elbow_flex.pos=+66.60 wrist_flex.pos=+70.12 wrist_roll.pos=+2.22 gripper.pos=+0.57
DEBUG 2026-09-03 09:27:18 [action #331] t=13.55s step=330 queue=16 dmax=2.040 | shoulder_pan.pos=-2.43 shoulder_lift.pos=-79.09 elbow_flex.pos=+68.04 wrist_flex.pos=+69.75 wrist_roll.pos=+2.05 gripper.pos=+0.60
DEBUG 2026-09-03 09:27:18 [action #332] t=13.58s step=331 queue=15 dmax=2.019 | shoulder_pan.pos=-2.35 shoulder_lift.pos=-81.11 elbow_flex.pos=+69.15 wrist_flex.pos=+69.51 wrist_roll.pos=+2.04 gripper.pos=+0.48
DEBUG 2026-09-03 09:27:18 [action #333] t=13.61s step=332 queue=14 dmax=2.247 | shoulder_pan.pos=-2.49 shoulder_lift.pos=-83.36 elbow_flex.pos=+70.58 wrist_flex.pos=+69.38 wrist_roll.pos=+2.12 gripper.pos=+0.36
DEBUG 2026-09-03 09:27:19 [action #334] t=13.65s step=333 queue=13 dmax=2.248 | shoulder_pan.pos=-2.27 shoulder_lift.pos=-85.61 elbow_flex.pos=+71.97 wrist_flex.pos=+69.52 wrist_roll.pos=+2.14 gripper.pos=+0.36
DEBUG 2026-09-03 09:27:19 [action #335] t=13.68s step=334 queue=12 dmax=2.038 | shoulder_pan.pos=-2.41 shoulder_lift.pos=-87.64 elbow_flex.pos=+73.26 wrist_flex.pos=+69.82 wrist_roll.pos=+2.14 gripper.pos=+0.20
DEBUG 2026-09-03 09:27:19 [action #336] t=13.71s step=335 queue=11 dmax=1.560 | shoulder_pan.pos=-2.52 shoulder_lift.pos=-89.20 elbow_flex.pos=+73.84 wrist_flex.pos=+70.37 wrist_roll.pos=+2.12 gripper.pos=+0.06
DEBUG 2026-09-03 09:27:19 [action #337] t=13.75s step=336 queue=10 dmax=2.358 | shoulder_pan.pos=-2.60 shoulder_lift.pos=-91.56 elbow_flex.pos=+75.55 wrist_flex.pos=+70.75 wrist_roll.pos=+2.14 gripper.pos=-0.08
DEBUG 2026-09-03 09:27:19 [action #338] t=13.78s step=337 queue=9 dmax=2.243 | shoulder_pan.pos=-2.65 shoulder_lift.pos=-93.80 elbow_flex.pos=+77.25 wrist_flex.pos=+71.21 wrist_roll.pos=+2.18 gripper.pos=-0.31
DEBUG 2026-09-03 09:27:19 [action #339] t=13.81s step=338 queue=8 dmax=1.999 | shoulder_pan.pos=-2.72 shoulder_lift.pos=-95.80 elbow_flex.pos=+78.11 wrist_flex.pos=+71.76 wrist_roll.pos=+2.11 gripper.pos=-0.37
DEBUG 2026-09-03 09:27:19 [action #340] t=13.85s step=339 queue=7 dmax=1.494 | shoulder_pan.pos=-2.89 shoulder_lift.pos=-97.30 elbow_flex.pos=+79.19 wrist_flex.pos=+72.59 wrist_roll.pos=+1.79 gripper.pos=-0.34
DEBUG 2026-09-03 09:27:19 [action #341] t=13.88s step=340 queue=6 dmax=1.877 | shoulder_pan.pos=-3.04 shoulder_lift.pos=-99.18 elbow_flex.pos=+80.29 wrist_flex.pos=+73.55 wrist_roll.pos=+1.26 gripper.pos=-0.20
DEBUG 2026-09-03 09:27:19 [action #342] t=13.91s step=341 queue=5 dmax=0.970 | shoulder_pan.pos=-3.22 shoulder_lift.pos=-100.15 elbow_flex.pos=+80.79 wrist_flex.pos=+74.39 wrist_roll.pos=+0.76 gripper.pos=-0.15
DEBUG 2026-09-03 09:27:19 [action #343] t=13.95s step=342 queue=4 dmax=1.502 | shoulder_pan.pos=-3.49 shoulder_lift.pos=-101.65 elbow_flex.pos=+81.00 wrist_flex.pos=+75.13 wrist_roll.pos=+0.30 gripper.pos=-0.14
DEBUG 2026-09-03 09:27:19 [action #344] t=13.98s step=343 queue=3 dmax=1.574 | shoulder_pan.pos=-3.77 shoulder_lift.pos=-102.25 elbow_flex.pos=+82.58 wrist_flex.pos=+75.91 wrist_roll.pos=-0.40 gripper.pos=-0.14
DEBUG 2026-09-03 09:27:19 [action #345] t=14.01s step=344 queue=2 dmax=0.988 | shoulder_pan.pos=-3.91 shoulder_lift.pos=-103.24 elbow_flex.pos=+83.22 wrist_flex.pos=+76.56 wrist_roll.pos=-0.95 gripper.pos=+0.01
DEBUG 2026-09-03 09:27:19 [action #346] t=14.05s step=345 queue=1 dmax=0.498 | shoulder_pan.pos=-3.97 shoulder_lift.pos=-103.74 elbow_flex.pos=+83.18 wrist_flex.pos=+76.95 wrist_roll.pos=-1.32 gripper.pos=+0.11
DEBUG 2026-09-03 09:27:19 [chunk] received 50 actions, timesteps 322..371 | first: shoulder_pan.pos=-2.69 shoulder_lift.pos=-59.41 elbow_flex.pos=+54.94 wrist_flex.pos=+73.09 wrist_roll.pos=+1.60 gripper.pos=+0.91 | last: shoulder_pan.pos=-2.48 shoulder_lift.pos=-100.90 elbow_flex.pos=+85.98 wrist_flex.pos=+79.81 wrist_roll.pos=-1.07 gripper.pos=+0.34
DEBUG 2026-09-03 09:27:19 [action #347] t=14.18s step=346 queue=26 dmax=8.293 | shoulder_pan.pos=-3.54 shoulder_lift.pos=-95.45 elbow_flex.pos=+80.66 wrist_flex.pos=+70.29 wrist_roll.pos=-2.47 gripper.pos=+0.48
DEBUG 2026-09-03 09:27:19 [action #348] t=14.21s step=347 queue=25 dmax=1.898 | shoulder_pan.pos=-3.23 shoulder_lift.pos=-97.35 elbow_flex.pos=+82.31 wrist_flex.pos=+71.43 wrist_roll.pos=-2.53 gripper.pos=+0.51
DEBUG 2026-09-03 09:27:19 [action #349] t=14.25s step=348 queue=24 dmax=1.206 | shoulder_pan.pos=-3.20 shoulder_lift.pos=-97.99 elbow_flex.pos=+82.67 wrist_flex.pos=+72.63 wrist_roll.pos=-2.46 gripper.pos=+0.50
DEBUG 2026-09-03 09:27:19 [action #350] t=14.28s step=349 queue=23 dmax=1.542 | shoulder_pan.pos=-3.40 shoulder_lift.pos=-99.47 elbow_flex.pos=+82.19 wrist_flex.pos=+74.17 wrist_roll.pos=-2.39 gripper.pos=+0.45
DEBUG 2026-09-03 09:27:19 [action #351] t=14.31s step=350 queue=22 dmax=1.348 | shoulder_pan.pos=-3.39 shoulder_lift.pos=-100.55 elbow_flex.pos=+82.40 wrist_flex.pos=+75.52 wrist_roll.pos=-2.22 gripper.pos=+0.53
DEBUG 2026-09-03 09:27:19 [action #352] t=14.35s step=351 queue=21 dmax=1.100 | shoulder_pan.pos=-3.54 shoulder_lift.pos=-101.59 elbow_flex.pos=+83.49 wrist_flex.pos=+76.43 wrist_roll.pos=-2.14 gripper.pos=+0.58
DEBUG 2026-09-03 09:27:19 [action #353] t=14.38s step=352 queue=20 dmax=1.001 | shoulder_pan.pos=-3.45 shoulder_lift.pos=-101.78 elbow_flex.pos=+83.51 wrist_flex.pos=+77.43 wrist_roll.pos=-1.99 gripper.pos=+0.56
DEBUG 2026-09-03 09:27:19 [action #354] t=14.41s step=353 queue=19 dmax=0.301 | shoulder_pan.pos=-3.21 shoulder_lift.pos=-101.61 elbow_flex.pos=+83.51 wrist_flex.pos=+77.73 wrist_roll.pos=-2.11 gripper.pos=+0.47
DEBUG 2026-09-03 09:27:19 [action #355] t=14.45s step=354 queue=18 dmax=0.794 | shoulder_pan.pos=-3.41 shoulder_lift.pos=-101.78 elbow_flex.pos=+84.30 wrist_flex.pos=+78.22 wrist_roll.pos=-1.91 gripper.pos=+0.43
DEBUG 2026-09-03 09:27:19 [action #356] t=14.48s step=355 queue=17 dmax=0.397 | shoulder_pan.pos=-3.46 shoulder_lift.pos=-101.41 elbow_flex.pos=+84.36 wrist_flex.pos=+78.61 wrist_roll.pos=-1.87 gripper.pos=+0.41
DEBUG 2026-09-03 09:27:19 [action #357] t=14.52s step=356 queue=16 dmax=0.745 | shoulder_pan.pos=-3.57 shoulder_lift.pos=-102.15 elbow_flex.pos=+84.62 wrist_flex.pos=+79.06 wrist_roll.pos=-1.96 gripper.pos=+0.50
DEBUG 2026-09-03 09:27:19 [action #358] t=14.55s step=357 queue=15 dmax=0.409 | shoulder_pan.pos=-3.73 shoulder_lift.pos=-101.75 elbow_flex.pos=+84.89 wrist_flex.pos=+79.38 wrist_roll.pos=-1.77 gripper.pos=+0.55
DEBUG 2026-09-03 09:27:19 [action #359] t=14.58s step=358 queue=14 dmax=0.408 | shoulder_pan.pos=-3.40 shoulder_lift.pos=-101.78 elbow_flex.pos=+85.30 wrist_flex.pos=+79.68 wrist_roll.pos=-1.62 gripper.pos=+0.46
DEBUG 2026-09-03 09:27:19 [action #360] t=14.62s step=359 queue=13 dmax=0.677 | shoulder_pan.pos=-3.07 shoulder_lift.pos=-101.11 elbow_flex.pos=+85.00 wrist_flex.pos=+79.86 wrist_roll.pos=-1.71 gripper.pos=+0.29
DEBUG 2026-09-03 09:27:20 [action #361] t=14.65s step=360 queue=12 dmax=0.451 | shoulder_pan.pos=-3.32 shoulder_lift.pos=-101.07 elbow_flex.pos=+85.22 wrist_flex.pos=+80.31 wrist_roll.pos=-1.59 gripper.pos=+0.32
DEBUG 2026-09-03 09:27:20 [action #362] t=14.68s step=361 queue=11 dmax=0.121 | shoulder_pan.pos=-3.32 shoulder_lift.pos=-101.00 elbow_flex.pos=+85.34 wrist_flex.pos=+80.39 wrist_roll.pos=-1.56 gripper.pos=+0.38
DEBUG 2026-09-03 09:27:20 [action #363] t=14.72s step=362 queue=10 dmax=0.243 | shoulder_pan.pos=-3.15 shoulder_lift.pos=-101.03 elbow_flex.pos=+85.32 wrist_flex.pos=+80.14 wrist_roll.pos=-1.32 gripper.pos=+0.60
DEBUG 2026-09-03 09:27:20 [action #364] t=14.75s step=363 queue=9 dmax=0.324 | shoulder_pan.pos=-3.11 shoulder_lift.pos=-100.71 elbow_flex.pos=+85.53 wrist_flex.pos=+80.29 wrist_roll.pos=-1.46 gripper.pos=+0.47
DEBUG 2026-09-03 09:27:20 [action #365] t=14.78s step=364 queue=8 dmax=0.375 | shoulder_pan.pos=-3.14 shoulder_lift.pos=-100.88 elbow_flex.pos=+85.90 wrist_flex.pos=+80.04 wrist_roll.pos=-1.47 gripper.pos=+0.49
DEBUG 2026-09-03 09:27:20 [action #366] t=14.82s step=365 queue=7 dmax=0.473 | shoulder_pan.pos=-3.03 shoulder_lift.pos=-100.47 elbow_flex.pos=+85.43 wrist_flex.pos=+80.14 wrist_roll.pos=-1.53 gripper.pos=+0.44
DEBUG 2026-09-03 09:27:20 [action #367] t=14.85s step=366 queue=6 dmax=0.232 | shoulder_pan.pos=-2.90 shoulder_lift.pos=-100.57 elbow_flex.pos=+85.66 wrist_flex.pos=+80.18 wrist_roll.pos=-1.53 gripper.pos=+0.36
DEBUG 2026-09-03 09:27:20 [action #368] t=14.88s step=367 queue=5 dmax=0.321 | shoulder_pan.pos=-2.67 shoulder_lift.pos=-100.85 elbow_flex.pos=+85.34 wrist_flex.pos=+79.97 wrist_roll.pos=-1.42 gripper.pos=+0.50
DEBUG 2026-09-03 09:27:20 [action #369] t=14.92s step=368 queue=4 dmax=0.442 | shoulder_pan.pos=-2.50 shoulder_lift.pos=-101.23 elbow_flex.pos=+85.78 wrist_flex.pos=+79.96 wrist_roll.pos=-1.27 gripper.pos=+0.35
DEBUG 2026-09-03 09:27:20 [action #370] t=14.95s step=369 queue=3 dmax=0.151 | shoulder_pan.pos=-2.44 shoulder_lift.pos=-101.18 elbow_flex.pos=+85.65 wrist_flex.pos=+79.81 wrist_roll.pos=-1.15 gripper.pos=+0.44
DEBUG 2026-09-03 09:27:20 [action #371] t=14.98s step=370 queue=2 dmax=0.520 | shoulder_pan.pos=-2.38 shoulder_lift.pos=-101.11 elbow_flex.pos=+86.17 wrist_flex.pos=+79.93 wrist_roll.pos=-1.03 gripper.pos=+0.53
DEBUG 2026-09-03 09:27:20 [action #372] t=15.02s step=371 queue=1 dmax=0.215 | shoulder_pan.pos=-2.48 shoulder_lift.pos=-100.90 elbow_flex.pos=+85.98 wrist_flex.pos=+79.81 wrist_roll.pos=-1.07 gripper.pos=+0.34
DEBUG 2026-09-03 09:27:20 [chunk] received 50 actions, timesteps 345..394 | first: shoulder_pan.pos=-3.02 shoulder_lift.pos=-101.61 elbow_flex.pos=+84.94 wrist_flex.pos=+76.94 wrist_roll.pos=-0.22 gripper.pos=+0.12 | last: shoulder_pan.pos=-6.99 shoulder_lift.pos=-95.89 elbow_flex.pos=+81.03 wrist_flex.pos=+65.14 wrist_roll.pos=-1.69 gripper.pos=+0.10
DEBUG 2026-09-03 09:27:20 [action #373] t=15.05s step=372 queue=23 dmax=8.538 | shoulder_pan.pos=-3.95 shoulder_lift.pos=-102.71 elbow_flex.pos=+85.04 wrist_flex.pos=+71.27 wrist_roll.pos=-1.55 gripper.pos=+0.06
DEBUG 2026-09-03 09:27:20 [action #374] t=15.08s step=373 queue=22 dmax=0.446 | shoulder_pan.pos=-4.25 shoulder_lift.pos=-102.75 elbow_flex.pos=+85.49 wrist_flex.pos=+70.95 wrist_roll.pos=-1.74 gripper.pos=+0.05
DEBUG 2026-09-03 09:27:20 [action #375] t=15.12s step=374 queue=21 dmax=0.715 | shoulder_pan.pos=-4.41 shoulder_lift.pos=-102.28 elbow_flex.pos=+84.77 wrist_flex.pos=+70.90 wrist_roll.pos=-1.75 gripper.pos=+0.12
DEBUG 2026-09-03 09:27:20 [action #376] t=15.15s step=375 queue=20 dmax=0.502 | shoulder_pan.pos=-4.70 shoulder_lift.pos=-102.24 elbow_flex.pos=+84.27 wrist_flex.pos=+70.62 wrist_roll.pos=-1.89 gripper.pos=+0.11
DEBUG 2026-09-03 09:27:20 [action #377] t=15.18s step=376 queue=19 dmax=0.594 | shoulder_pan.pos=-5.10 shoulder_lift.pos=-102.33 elbow_flex.pos=+84.87 wrist_flex.pos=+70.45 wrist_roll.pos=-1.93 gripper.pos=+0.20
DEBUG 2026-09-03 09:27:20 [action #378] t=15.22s step=377 queue=18 dmax=0.411 | shoulder_pan.pos=-5.23 shoulder_lift.pos=-102.01 elbow_flex.pos=+84.73 wrist_flex.pos=+70.04 wrist_roll.pos=-1.91 gripper.pos=+0.11
DEBUG 2026-09-03 09:27:20 [action #379] t=15.25s step=378 queue=17 dmax=0.380 | shoulder_pan.pos=-5.38 shoulder_lift.pos=-102.09 elbow_flex.pos=+84.75 wrist_flex.pos=+69.66 wrist_roll.pos=-1.93 gripper.pos=+0.04
DEBUG 2026-09-03 09:27:20 [action #380] t=15.28s step=379 queue=16 dmax=0.730 | shoulder_pan.pos=-5.32 shoulder_lift.pos=-101.86 elbow_flex.pos=+84.02 wrist_flex.pos=+69.28 wrist_roll.pos=-1.90 gripper.pos=+0.16
DEBUG 2026-09-03 09:27:20 [action #381] t=15.32s step=380 queue=15 dmax=0.549 | shoulder_pan.pos=-5.60 shoulder_lift.pos=-101.31 elbow_flex.pos=+83.71 wrist_flex.pos=+68.81 wrist_roll.pos=-1.81 gripper.pos=+0.19
DEBUG 2026-09-03 09:27:20 [action #382] t=15.35s step=381 queue=14 dmax=0.419 | shoulder_pan.pos=-5.41 shoulder_lift.pos=-100.89 elbow_flex.pos=+83.96 wrist_flex.pos=+68.48 wrist_roll.pos=-1.77 gripper.pos=+0.24
DEBUG 2026-09-03 09:27:20 [action #383] t=15.38s step=382 queue=13 dmax=0.731 | shoulder_pan.pos=-5.53 shoulder_lift.pos=-100.45 elbow_flex.pos=+83.58 wrist_flex.pos=+67.75 wrist_roll.pos=-1.64 gripper.pos=+0.05
DEBUG 2026-09-03 09:27:20 [action #384] t=15.42s step=383 queue=12 dmax=0.326 | shoulder_pan.pos=-5.71 shoulder_lift.pos=-100.13 elbow_flex.pos=+83.82 wrist_flex.pos=+67.53 wrist_roll.pos=-1.66 gripper.pos=+0.20
DEBUG 2026-09-03 09:27:20 [action #385] t=15.45s step=384 queue=11 dmax=0.430 | shoulder_pan.pos=-5.75 shoulder_lift.pos=-100.04 elbow_flex.pos=+83.88 wrist_flex.pos=+67.10 wrist_roll.pos=-1.58 gripper.pos=+0.07
DEBUG 2026-09-03 09:27:20 [action #386] t=15.48s step=385 queue=10 dmax=0.483 | shoulder_pan.pos=-5.70 shoulder_lift.pos=-99.69 elbow_flex.pos=+83.40 wrist_flex.pos=+66.83 wrist_roll.pos=-1.60 gripper.pos=+0.14
DEBUG 2026-09-03 09:27:20 [action #387] t=15.52s step=386 queue=9 dmax=0.419 | shoulder_pan.pos=-5.60 shoulder_lift.pos=-99.40 elbow_flex.pos=+83.82 wrist_flex.pos=+66.65 wrist_roll.pos=-1.53 gripper.pos=+0.18
DEBUG 2026-09-03 09:27:20 [action #388] t=15.55s step=387 queue=8 dmax=0.831 | shoulder_pan.pos=-6.01 shoulder_lift.pos=-99.28 elbow_flex.pos=+82.99 wrist_flex.pos=+66.46 wrist_roll.pos=-1.47 gripper.pos=+0.10
DEBUG 2026-09-03 09:27:20 [action #389] t=15.59s step=388 queue=7 dmax=0.437 | shoulder_pan.pos=-6.11 shoulder_lift.pos=-99.20 elbow_flex.pos=+83.42 wrist_flex.pos=+66.31 wrist_roll.pos=-1.43 gripper.pos=+0.08
DEBUG 2026-09-03 09:27:20 [action #390] t=15.62s step=389 queue=6 dmax=0.240 | shoulder_pan.pos=-6.11 shoulder_lift.pos=-99.19 elbow_flex.pos=+83.27 wrist_flex.pos=+66.07 wrist_roll.pos=-1.46 gripper.pos=+0.08
DEBUG 2026-09-03 09:27:21 [action #391] t=15.65s step=390 queue=5 dmax=0.771 | shoulder_pan.pos=-6.25 shoulder_lift.pos=-98.42 elbow_flex.pos=+82.73 wrist_flex.pos=+65.82 wrist_roll.pos=-1.60 gripper.pos=+0.13
DEBUG 2026-09-03 09:27:21 [action #392] t=15.69s step=391 queue=4 dmax=0.445 | shoulder_pan.pos=-6.63 shoulder_lift.pos=-98.58 elbow_flex.pos=+83.18 wrist_flex.pos=+65.75 wrist_roll.pos=-1.58 gripper.pos=+0.15
DEBUG 2026-09-03 09:27:21 [action #393] t=15.72s step=392 queue=3 dmax=0.771 | shoulder_pan.pos=-6.56 shoulder_lift.pos=-97.81 elbow_flex.pos=+82.56 wrist_flex.pos=+65.36 wrist_roll.pos=-1.60 gripper.pos=+0.05
DEBUG 2026-09-03 09:27:21 [action #394] t=15.75s step=393 queue=2 dmax=0.947 | shoulder_pan.pos=-6.91 shoulder_lift.pos=-96.88 elbow_flex.pos=+81.61 wrist_flex.pos=+65.39 wrist_roll.pos=-1.61 gripper.pos=+0.15
DEBUG 2026-09-03 09:27:21 [action #395] t=15.79s step=394 queue=1 dmax=0.985 | shoulder_pan.pos=-6.99 shoulder_lift.pos=-95.89 elbow_flex.pos=+81.03 wrist_flex.pos=+65.14 wrist_roll.pos=-1.69 gripper.pos=+0.10
DEBUG 2026-09-03 09:27:21 [chunk] received 50 actions, timesteps 370..419 | first: shoulder_pan.pos=-3.13 shoulder_lift.pos=-101.07 elbow_flex.pos=+86.25 wrist_flex.pos=+78.21 wrist_roll.pos=-1.52 gripper.pos=+0.13 | last: shoulder_pan.pos=-4.57 shoulder_lift.pos=-102.70 elbow_flex.pos=+87.65 wrist_flex.pos=+77.52 wrist_roll.pos=-1.36 gripper.pos=+0.15
DEBUG 2026-09-03 09:27:21 [action #396] t=15.85s step=395 queue=25 dmax=12.890 | shoulder_pan.pos=-3.91 shoulder_lift.pos=-102.36 elbow_flex.pos=+87.40 wrist_flex.pos=+78.03 wrist_roll.pos=-1.11 gripper.pos=+0.03
DEBUG 2026-09-03 09:27:21 [action #397] t=15.89s step=396 queue=24 dmax=0.586 | shoulder_pan.pos=-3.65 shoulder_lift.pos=-101.77 elbow_flex.pos=+87.24 wrist_flex.pos=+77.99 wrist_roll.pos=-1.18 gripper.pos=+0.16
DEBUG 2026-09-03 09:27:21 [action #398] t=15.92s step=397 queue=23 dmax=0.550 | shoulder_pan.pos=-3.74 shoulder_lift.pos=-102.33 elbow_flex.pos=+86.87 wrist_flex.pos=+77.97 wrist_roll.pos=-1.20 gripper.pos=+0.16
DEBUG 2026-09-03 09:27:21 [action #399] t=15.95s step=398 queue=22 dmax=0.424 | shoulder_pan.pos=-3.84 shoulder_lift.pos=-102.23 elbow_flex.pos=+86.45 wrist_flex.pos=+78.07 wrist_roll.pos=-1.24 gripper.pos=+0.07
DEBUG 2026-09-03 09:27:21 [action #400] t=15.99s step=399 queue=21 dmax=0.308 | shoulder_pan.pos=-3.66 shoulder_lift.pos=-101.92 elbow_flex.pos=+86.66 wrist_flex.pos=+77.96 wrist_roll.pos=-1.22 gripper.pos=+0.19
DEBUG 2026-09-03 09:27:21 [action #401] t=16.02s step=400 queue=20 dmax=0.257 | shoulder_pan.pos=-3.77 shoulder_lift.pos=-102.18 elbow_flex.pos=+86.83 wrist_flex.pos=+77.95 wrist_roll.pos=-1.24 gripper.pos=+0.23
DEBUG 2026-09-03 09:27:21 [action #402] t=16.05s step=401 queue=19 dmax=0.225 | shoulder_pan.pos=-3.91 shoulder_lift.pos=-101.96 elbow_flex.pos=+86.88 wrist_flex.pos=+77.90 wrist_roll.pos=-1.19 gripper.pos=+0.20
DEBUG 2026-09-03 09:27:21 [action #403] t=16.09s step=402 queue=18 dmax=0.591 | shoulder_pan.pos=-3.53 shoulder_lift.pos=-102.01 elbow_flex.pos=+87.47 wrist_flex.pos=+77.87 wrist_roll.pos=-1.29 gripper.pos=+0.25
DEBUG 2026-09-03 09:27:21 [action #404] t=16.12s step=403 queue=17 dmax=0.673 | shoulder_pan.pos=-3.76 shoulder_lift.pos=-101.91 elbow_flex.pos=+86.80 wrist_flex.pos=+77.93 wrist_roll.pos=-1.21 gripper.pos=+0.19
DEBUG 2026-09-03 09:27:21 [action #405] t=16.15s step=404 queue=16 dmax=0.423 | shoulder_pan.pos=-3.89 shoulder_lift.pos=-102.28 elbow_flex.pos=+87.22 wrist_flex.pos=+77.98 wrist_roll.pos=-1.30 gripper.pos=+0.27
DEBUG 2026-09-03 09:27:21 [action #406] t=16.19s step=405 queue=15 dmax=0.240 | shoulder_pan.pos=-3.76 shoulder_lift.pos=-102.50 elbow_flex.pos=+86.98 wrist_flex.pos=+77.96 wrist_roll.pos=-1.26 gripper.pos=+0.21
DEBUG 2026-09-03 09:27:21 [action #407] t=16.22s step=406 queue=14 dmax=0.224 | shoulder_pan.pos=-3.71 shoulder_lift.pos=-102.28 elbow_flex.pos=+86.81 wrist_flex.pos=+77.82 wrist_roll.pos=-1.22 gripper.pos=+0.20
DEBUG 2026-09-03 09:27:21 [action #408] t=16.25s step=407 queue=13 dmax=0.223 | shoulder_pan.pos=-3.93 shoulder_lift.pos=-102.18 elbow_flex.pos=+86.99 wrist_flex.pos=+77.95 wrist_roll.pos=-1.26 gripper.pos=+0.12
DEBUG 2026-09-03 09:27:21 [action #409] t=16.29s step=408 queue=12 dmax=0.165 | shoulder_pan.pos=-3.92 shoulder_lift.pos=-102.35 elbow_flex.pos=+87.16 wrist_flex.pos=+77.81 wrist_roll.pos=-1.25 gripper.pos=+0.16
DEBUG 2026-09-03 09:27:21 [action #410] t=16.32s step=409 queue=11 dmax=0.684 | shoulder_pan.pos=-3.92 shoulder_lift.pos=-101.67 elbow_flex.pos=+87.41 wrist_flex.pos=+77.78 wrist_roll.pos=-1.30 gripper.pos=+0.10
DEBUG 2026-09-03 09:27:21 [action #411] t=16.35s step=410 queue=10 dmax=0.631 | shoulder_pan.pos=-4.06 shoulder_lift.pos=-102.30 elbow_flex.pos=+86.81 wrist_flex.pos=+77.78 wrist_roll.pos=-1.26 gripper.pos=+0.13
DEBUG 2026-09-03 09:27:21 [action #412] t=16.39s step=411 queue=9 dmax=0.505 | shoulder_pan.pos=-4.09 shoulder_lift.pos=-101.79 elbow_flex.pos=+86.59 wrist_flex.pos=+77.80 wrist_roll.pos=-1.28 gripper.pos=+0.10
DEBUG 2026-09-03 09:27:21 [action #413] t=16.42s step=412 queue=8 dmax=0.407 | shoulder_pan.pos=-4.16 shoulder_lift.pos=-102.20 elbow_flex.pos=+86.74 wrist_flex.pos=+77.91 wrist_roll.pos=-1.27 gripper.pos=+0.13
DEBUG 2026-09-03 09:27:21 [action #414] t=16.45s step=413 queue=7 dmax=0.282 | shoulder_pan.pos=-4.36 shoulder_lift.pos=-102.06 elbow_flex.pos=+86.82 wrist_flex.pos=+77.63 wrist_roll.pos=-1.30 gripper.pos=+0.14
DEBUG 2026-09-03 09:27:21 [action #415] t=16.49s step=414 queue=6 dmax=0.361 | shoulder_pan.pos=-4.17 shoulder_lift.pos=-102.42 elbow_flex.pos=+86.86 wrist_flex.pos=+77.78 wrist_roll.pos=-1.28 gripper.pos=+0.13
DEBUG 2026-09-03 09:27:21 [action #416] t=16.52s step=415 queue=5 dmax=0.208 | shoulder_pan.pos=-4.38 shoulder_lift.pos=-102.51 elbow_flex.pos=+86.94 wrist_flex.pos=+77.68 wrist_roll.pos=-1.28 gripper.pos=+0.14
DEBUG 2026-09-03 09:27:21 [action #417] t=16.55s step=416 queue=4 dmax=0.844 | shoulder_pan.pos=-4.39 shoulder_lift.pos=-101.67 elbow_flex.pos=+86.71 wrist_flex.pos=+77.55 wrist_roll.pos=-1.32 gripper.pos=+0.15
DEBUG 2026-09-03 09:27:21 [action #418] t=16.59s step=417 queue=3 dmax=0.432 | shoulder_pan.pos=-4.57 shoulder_lift.pos=-102.10 elbow_flex.pos=+86.97 wrist_flex.pos=+77.66 wrist_roll.pos=-1.25 gripper.pos=+0.20
DEBUG 2026-09-03 09:27:21 [action #419] t=16.62s step=418 queue=2 dmax=0.123 | shoulder_pan.pos=-4.50 shoulder_lift.pos=-101.97 elbow_flex.pos=+86.99 wrist_flex.pos=+77.58 wrist_roll.pos=-1.28 gripper.pos=+0.12
DEBUG 2026-09-03 09:27:22 [chunk] received 50 actions, timesteps 394..443 | first: shoulder_pan.pos=-5.94 shoulder_lift.pos=-99.59 elbow_flex.pos=+85.11 wrist_flex.pos=+66.71 wrist_roll.pos=-1.49 gripper.pos=+0.29 | last: shoulder_pan.pos=-6.91 shoulder_lift.pos=-44.55 elbow_flex.pos=+45.41 wrist_flex.pos=+56.62 wrist_roll.pos=-5.10 gripper.pos=+0.28
DEBUG 2026-09-03 09:27:22 [action #420] t=16.66s step=419 queue=25 dmax=11.243 | shoulder_pan.pos=-5.80 shoulder_lift.pos=-90.73 elbow_flex.pos=+79.46 wrist_flex.pos=+67.08 wrist_roll.pos=-1.71 gripper.pos=+0.06
DEBUG 2026-09-03 09:27:22 [action #421] t=16.69s step=420 queue=24 dmax=7.968 | shoulder_pan.pos=-6.04 shoulder_lift.pos=-82.76 elbow_flex.pos=+74.55 wrist_flex.pos=+61.73 wrist_roll.pos=-2.05 gripper.pos=+0.01
DEBUG 2026-09-03 09:27:22 [action #422] t=16.72s step=421 queue=23 dmax=3.374 | shoulder_pan.pos=-6.11 shoulder_lift.pos=-79.39 elbow_flex.pos=+72.71 wrist_flex.pos=+61.17 wrist_roll.pos=-2.21 gripper.pos=-0.06
DEBUG 2026-09-03 09:27:22 [action #423] t=16.76s step=422 queue=22 dmax=2.662 | shoulder_pan.pos=-6.06 shoulder_lift.pos=-76.73 elbow_flex.pos=+71.02 wrist_flex.pos=+60.31 wrist_roll.pos=-2.33 gripper.pos=-0.09
DEBUG 2026-09-03 09:27:22 [action #424] t=16.79s step=423 queue=21 dmax=2.414 | shoulder_pan.pos=-5.70 shoulder_lift.pos=-74.31 elbow_flex.pos=+69.17 wrist_flex.pos=+59.92 wrist_roll.pos=-2.61 gripper.pos=-0.06
DEBUG 2026-09-03 09:27:22 [action #425] t=16.82s step=424 queue=20 dmax=2.958 | shoulder_pan.pos=-5.98 shoulder_lift.pos=-71.35 elbow_flex.pos=+67.57 wrist_flex.pos=+59.20 wrist_roll.pos=-2.86 gripper.pos=+0.08
DEBUG 2026-09-03 09:27:22 [action #426] t=16.86s step=425 queue=19 dmax=2.170 | shoulder_pan.pos=-5.70 shoulder_lift.pos=-69.18 elbow_flex.pos=+65.79 wrist_flex.pos=+58.66 wrist_roll.pos=-2.98 gripper.pos=-0.02
DEBUG 2026-09-03 09:27:22 [action #427] t=16.89s step=426 queue=18 dmax=2.552 | shoulder_pan.pos=-5.88 shoulder_lift.pos=-66.63 elbow_flex.pos=+64.54 wrist_flex.pos=+57.97 wrist_roll.pos=-3.26 gripper.pos=-0.04
DEBUG 2026-09-03 09:27:22 [action #428] t=16.92s step=427 queue=17 dmax=2.131 | shoulder_pan.pos=-5.64 shoulder_lift.pos=-64.63 elbow_flex.pos=+62.41 wrist_flex.pos=+57.56 wrist_roll.pos=-3.55 gripper.pos=-0.01
DEBUG 2026-09-03 09:27:22 [action #429] t=16.96s step=428 queue=16 dmax=2.232 | shoulder_pan.pos=-5.84 shoulder_lift.pos=-62.40 elbow_flex.pos=+61.15 wrist_flex.pos=+56.57 wrist_roll.pos=-3.97 gripper.pos=+0.01
DEBUG 2026-09-03 09:27:22 [action #430] t=16.99s step=429 queue=15 dmax=1.898 | shoulder_pan.pos=-5.86 shoulder_lift.pos=-60.50 elbow_flex.pos=+59.85 wrist_flex.pos=+56.19 wrist_roll.pos=-4.38 gripper.pos=-0.04
DEBUG 2026-09-03 09:27:22 [action #431] t=17.02s step=430 queue=14 dmax=2.255 | shoulder_pan.pos=-5.97 shoulder_lift.pos=-58.24 elbow_flex.pos=+58.67 wrist_flex.pos=+55.56 wrist_roll.pos=-4.78 gripper.pos=+0.10
DEBUG 2026-09-03 09:27:22 [action #432] t=17.06s step=431 queue=13 dmax=2.098 | shoulder_pan.pos=-5.96 shoulder_lift.pos=-56.86 elbow_flex.pos=+56.58 wrist_flex.pos=+55.10 wrist_roll.pos=-5.01 gripper.pos=+0.02
DEBUG 2026-09-03 09:27:22 [action #433] t=17.09s step=432 queue=12 dmax=1.644 | shoulder_pan.pos=-5.82 shoulder_lift.pos=-55.22 elbow_flex.pos=+55.24 wrist_flex.pos=+54.82 wrist_roll.pos=-5.36 gripper.pos=+0.19
DEBUG 2026-09-03 09:27:22 [action #434] t=17.12s step=433 queue=11 dmax=1.597 | shoulder_pan.pos=-5.89 shoulder_lift.pos=-53.62 elbow_flex.pos=+53.77 wrist_flex.pos=+54.58 wrist_roll.pos=-5.44 gripper.pos=+0.13
DEBUG 2026-09-03 09:27:22 [action #435] t=17.16s step=434 queue=10 dmax=1.170 | shoulder_pan.pos=-5.98 shoulder_lift.pos=-52.45 elbow_flex.pos=+52.70 wrist_flex.pos=+54.55 wrist_roll.pos=-5.57 gripper.pos=+0.12
DEBUG 2026-09-03 09:27:22 [action #436] t=17.19s step=435 queue=9 dmax=1.133 | shoulder_pan.pos=-6.36 shoulder_lift.pos=-51.32 elbow_flex.pos=+52.16 wrist_flex.pos=+54.64 wrist_roll.pos=-5.48 gripper.pos=+0.26
DEBUG 2026-09-03 09:27:22 [action #437] t=17.22s step=436 queue=8 dmax=0.882 | shoulder_pan.pos=-6.14 shoulder_lift.pos=-50.49 elbow_flex.pos=+51.27 wrist_flex.pos=+54.69 wrist_roll.pos=-5.39 gripper.pos=+0.23
DEBUG 2026-09-03 09:27:22 [action #438] t=17.26s step=437 queue=7 dmax=0.913 | shoulder_pan.pos=-6.39 shoulder_lift.pos=-49.57 elbow_flex.pos=+50.78 wrist_flex.pos=+54.67 wrist_roll.pos=-5.31 gripper.pos=+0.19
DEBUG 2026-09-03 09:27:22 [action #439] t=17.29s step=438 queue=6 dmax=0.802 | shoulder_pan.pos=-6.29 shoulder_lift.pos=-48.86 elbow_flex.pos=+49.98 wrist_flex.pos=+54.93 wrist_roll.pos=-5.29 gripper.pos=+0.11
DEBUG 2026-09-03 09:27:22 [action #440] t=17.32s step=439 queue=5 dmax=1.216 | shoulder_pan.pos=-6.46 shoulder_lift.pos=-48.56 elbow_flex.pos=+48.76 wrist_flex.pos=+55.09 wrist_roll.pos=-5.30 gripper.pos=+0.26
DEBUG 2026-09-03 09:27:22 [action #441] t=17.36s step=440 queue=4 dmax=0.664 | shoulder_pan.pos=-6.48 shoulder_lift.pos=-47.90 elbow_flex.pos=+48.64 wrist_flex.pos=+55.57 wrist_roll.pos=-5.24 gripper.pos=+0.16
DEBUG 2026-09-03 09:27:22 [action #442] t=17.39s step=441 queue=3 dmax=1.488 | shoulder_pan.pos=-6.70 shoulder_lift.pos=-46.41 elbow_flex.pos=+47.26 wrist_flex.pos=+55.87 wrist_roll.pos=-5.16 gripper.pos=+0.23
DEBUG 2026-09-03 09:27:22 [action #443] t=17.42s step=442 queue=2 dmax=1.046 | shoulder_pan.pos=-6.66 shoulder_lift.pos=-46.17 elbow_flex.pos=+46.21 wrist_flex.pos=+56.17 wrist_roll.pos=-5.15 gripper.pos=+0.34
DEBUG 2026-09-03 09:27:22 [action #444] t=17.46s step=443 queue=1 dmax=1.619 | shoulder_pan.pos=-6.91 shoulder_lift.pos=-44.55 elbow_flex.pos=+45.41 wrist_flex.pos=+56.62 wrist_roll.pos=-5.10 gripper.pos=+0.28
DEBUG 2026-09-03 09:27:22 [chunk] received 50 actions, timesteps 418..467 | first: shoulder_pan.pos=-3.49 shoulder_lift.pos=-102.13 elbow_flex.pos=+88.09 wrist_flex.pos=+76.69 wrist_roll.pos=-1.15 gripper.pos=+0.18 | last: shoulder_pan.pos=-5.40 shoulder_lift.pos=-102.55 elbow_flex.pos=+87.65 wrist_flex.pos=+71.72 wrist_roll.pos=-1.33 gripper.pos=+0.14
DEBUG 2026-09-03 09:27:22 [action #445] t=17.59s step=444 queue=24 dmax=57.815 | shoulder_pan.pos=-4.36 shoulder_lift.pos=-102.37 elbow_flex.pos=+87.76 wrist_flex.pos=+75.94 wrist_roll.pos=-1.18 gripper.pos=+0.04
DEBUG 2026-09-03 09:27:22 [action #446] t=17.63s step=445 queue=23 dmax=0.359 | shoulder_pan.pos=-4.39 shoulder_lift.pos=-102.20 elbow_flex.pos=+87.41 wrist_flex.pos=+75.92 wrist_roll.pos=-1.19 gripper.pos=+0.10
DEBUG 2026-09-03 09:27:23 [action #447] t=17.66s step=446 queue=22 dmax=0.355 | shoulder_pan.pos=-4.58 shoulder_lift.pos=-102.17 elbow_flex.pos=+87.05 wrist_flex.pos=+75.83 wrist_roll.pos=-1.17 gripper.pos=+0.10
DEBUG 2026-09-03 09:27:23 [action #448] t=17.69s step=447 queue=21 dmax=0.369 | shoulder_pan.pos=-4.45 shoulder_lift.pos=-101.99 elbow_flex.pos=+87.42 wrist_flex.pos=+75.51 wrist_roll.pos=-1.11 gripper.pos=+0.10
DEBUG 2026-09-03 09:27:23 [action #449] t=17.73s step=448 queue=20 dmax=0.382 | shoulder_pan.pos=-4.73 shoulder_lift.pos=-102.19 elbow_flex.pos=+87.80 wrist_flex.pos=+75.47 wrist_roll.pos=-1.14 gripper.pos=+0.11
DEBUG 2026-09-03 09:27:23 [action #450] t=17.76s step=449 queue=19 dmax=0.205 | shoulder_pan.pos=-4.66 shoulder_lift.pos=-102.34 elbow_flex.pos=+87.60 wrist_flex.pos=+75.26 wrist_roll.pos=-1.15 gripper.pos=+0.06
DEBUG 2026-09-03 09:27:23 [action #451] t=17.79s step=450 queue=18 dmax=0.298 | shoulder_pan.pos=-4.37 shoulder_lift.pos=-102.04 elbow_flex.pos=+87.45 wrist_flex.pos=+75.05 wrist_roll.pos=-1.18 gripper.pos=+0.12
DEBUG 2026-09-03 09:27:23 [action #452] t=17.83s step=451 queue=17 dmax=0.425 | shoulder_pan.pos=-4.62 shoulder_lift.pos=-101.86 elbow_flex.pos=+87.03 wrist_flex.pos=+74.95 wrist_roll.pos=-1.17 gripper.pos=+0.07
DEBUG 2026-09-03 09:27:23 [action #453] t=17.86s step=452 queue=16 dmax=0.606 | shoulder_pan.pos=-5.07 shoulder_lift.pos=-101.94 elbow_flex.pos=+87.63 wrist_flex.pos=+74.89 wrist_roll.pos=-1.21 gripper.pos=+0.12
DEBUG 2026-09-03 09:27:23 [action #454] t=17.89s step=453 queue=15 dmax=0.668 | shoulder_pan.pos=-4.87 shoulder_lift.pos=-101.76 elbow_flex.pos=+86.97 wrist_flex.pos=+74.66 wrist_roll.pos=-1.15 gripper.pos=-0.04
DEBUG 2026-09-03 09:27:23 [action #455] t=17.93s step=454 queue=14 dmax=0.234 | shoulder_pan.pos=-4.98 shoulder_lift.pos=-102.00 elbow_flex.pos=+87.02 wrist_flex.pos=+74.76 wrist_roll.pos=-1.24 gripper.pos=+0.09
DEBUG 2026-09-03 09:27:23 [action #456] t=17.96s step=455 queue=13 dmax=0.403 | shoulder_pan.pos=-4.79 shoulder_lift.pos=-102.28 elbow_flex.pos=+87.32 wrist_flex.pos=+74.36 wrist_roll.pos=-1.24 gripper.pos=+0.13
DEBUG 2026-09-03 09:27:23 [action #457] t=17.99s step=456 queue=12 dmax=0.713 | shoulder_pan.pos=-4.65 shoulder_lift.pos=-101.61 elbow_flex.pos=+86.61 wrist_flex.pos=+74.23 wrist_roll.pos=-1.19 gripper.pos=+0.14
DEBUG 2026-09-03 09:27:23 [action #458] t=18.03s step=457 queue=11 dmax=1.087 | shoulder_pan.pos=-4.85 shoulder_lift.pos=-102.35 elbow_flex.pos=+87.69 wrist_flex.pos=+73.92 wrist_roll.pos=-1.22 gripper.pos=+0.19
DEBUG 2026-09-03 09:27:23 [action #459] t=18.06s step=458 queue=10 dmax=0.922 | shoulder_pan.pos=-5.24 shoulder_lift.pos=-102.31 elbow_flex.pos=+86.77 wrist_flex.pos=+73.73 wrist_roll.pos=-1.28 gripper.pos=+0.13
DEBUG 2026-09-03 09:27:23 [action #460] t=18.09s step=459 queue=9 dmax=0.841 | shoulder_pan.pos=-5.09 shoulder_lift.pos=-102.12 elbow_flex.pos=+87.61 wrist_flex.pos=+73.63 wrist_roll.pos=-1.26 gripper.pos=+0.19
DEBUG 2026-09-03 09:27:23 [action #461] t=18.13s step=460 queue=8 dmax=0.672 | shoulder_pan.pos=-5.25 shoulder_lift.pos=-101.92 elbow_flex.pos=+86.94 wrist_flex.pos=+73.26 wrist_roll.pos=-1.25 gripper.pos=+0.07
DEBUG 2026-09-03 09:27:23 [action #462] t=18.16s step=461 queue=7 dmax=0.293 | shoulder_pan.pos=-5.16 shoulder_lift.pos=-102.13 elbow_flex.pos=+87.12 wrist_flex.pos=+72.97 wrist_roll.pos=-1.23 gripper.pos=+0.12
DEBUG 2026-09-03 09:27:23 [action #463] t=18.19s step=462 queue=6 dmax=0.314 | shoulder_pan.pos=-5.48 shoulder_lift.pos=-102.03 elbow_flex.pos=+87.39 wrist_flex.pos=+72.71 wrist_roll.pos=-1.29 gripper.pos=+0.09
DEBUG 2026-09-03 09:27:23 [action #464] t=18.23s step=463 queue=5 dmax=0.448 | shoulder_pan.pos=-5.46 shoulder_lift.pos=-102.01 elbow_flex.pos=+86.94 wrist_flex.pos=+72.37 wrist_roll.pos=-1.30 gripper.pos=+0.09
DEBUG 2026-09-03 09:27:23 [action #465] t=18.26s step=464 queue=4 dmax=0.459 | shoulder_pan.pos=-5.69 shoulder_lift.pos=-101.55 elbow_flex.pos=+86.90 wrist_flex.pos=+72.21 wrist_roll.pos=-1.35 gripper.pos=+0.10
DEBUG 2026-09-03 09:27:23 [action #466] t=18.29s step=465 queue=3 dmax=0.275 | shoulder_pan.pos=-5.69 shoulder_lift.pos=-101.82 elbow_flex.pos=+86.90 wrist_flex.pos=+72.16 wrist_roll.pos=-1.34 gripper.pos=+0.16
DEBUG 2026-09-03 09:27:23 [action #467] t=18.33s step=466 queue=2 dmax=0.559 | shoulder_pan.pos=-5.68 shoulder_lift.pos=-101.95 elbow_flex.pos=+87.46 wrist_flex.pos=+71.77 wrist_roll.pos=-1.33 gripper.pos=+0.18
DEBUG 2026-09-03 09:27:23 [action #468] t=18.36s step=467 queue=1 dmax=0.597 | shoulder_pan.pos=-5.40 shoulder_lift.pos=-102.55 elbow_flex.pos=+87.65 wrist_flex.pos=+71.72 wrist_roll.pos=-1.33 gripper.pos=+0.14
DEBUG 2026-09-03 09:27:23 [chunk] received 50 actions, timesteps 443..492 | first: shoulder_pan.pos=-7.08 shoulder_lift.pos=-40.71 elbow_flex.pos=+46.02 wrist_flex.pos=+54.12 wrist_roll.pos=-4.60 gripper.pos=+0.32 | last: shoulder_pan.pos=-8.36 shoulder_lift.pos=+4.02 elbow_flex.pos=+7.37 wrist_flex.pos=+67.76 wrist_roll.pos=-1.58 gripper.pos=+34.54
DEBUG 2026-09-03 09:27:23 [action #469] t=18.49s step=468 queue=25 dmax=85.016 | shoulder_pan.pos=-8.66 shoulder_lift.pos=-17.53 elbow_flex.pos=+24.59 wrist_flex.pos=+59.95 wrist_roll.pos=-4.11 gripper.pos=+10.84
DEBUG 2026-09-03 09:27:23 [action #470] t=18.53s step=469 queue=24 dmax=2.960 | shoulder_pan.pos=-8.73 shoulder_lift.pos=-16.96 elbow_flex.pos=+23.94 wrist_flex.pos=+60.46 wrist_roll.pos=-3.75 gripper.pos=+13.80
DEBUG 2026-09-03 09:27:23 [action #471] t=18.56s step=470 queue=23 dmax=2.943 | shoulder_pan.pos=-8.81 shoulder_lift.pos=-17.06 elbow_flex.pos=+23.92 wrist_flex.pos=+61.13 wrist_roll.pos=-3.40 gripper.pos=+16.74
DEBUG 2026-09-03 09:27:23 [action #472] t=18.59s step=471 queue=22 dmax=2.527 | shoulder_pan.pos=-8.72 shoulder_lift.pos=-16.06 elbow_flex.pos=+24.79 wrist_flex.pos=+61.76 wrist_roll.pos=-3.30 gripper.pos=+19.27
DEBUG 2026-09-03 09:27:23 [action #473] t=18.63s step=472 queue=21 dmax=2.457 | shoulder_pan.pos=-8.67 shoulder_lift.pos=-16.43 elbow_flex.pos=+24.64 wrist_flex.pos=+61.94 wrist_roll.pos=-3.10 gripper.pos=+21.73
DEBUG 2026-09-03 09:27:24 [action #474] t=18.66s step=473 queue=20 dmax=1.934 | shoulder_pan.pos=-8.44 shoulder_lift.pos=-15.17 elbow_flex.pos=+24.00 wrist_flex.pos=+62.16 wrist_roll.pos=-3.03 gripper.pos=+23.66
DEBUG 2026-09-03 09:27:24 [action #475] t=18.70s step=474 queue=19 dmax=1.486 | shoulder_pan.pos=-8.44 shoulder_lift.pos=-13.69 elbow_flex.pos=+23.58 wrist_flex.pos=+62.48 wrist_roll.pos=-2.81 gripper.pos=+25.12
DEBUG 2026-09-03 09:27:24 [action #476] t=18.73s step=475 queue=18 dmax=1.260 | shoulder_pan.pos=-8.15 shoulder_lift.pos=-13.56 elbow_flex.pos=+23.67 wrist_flex.pos=+62.60 wrist_roll.pos=-2.64 gripper.pos=+26.38
DEBUG 2026-09-03 09:27:24 [action #477] t=18.76s step=476 queue=17 dmax=1.298 | shoulder_pan.pos=-8.24 shoulder_lift.pos=-12.75 elbow_flex.pos=+22.38 wrist_flex.pos=+62.76 wrist_roll.pos=-2.53 gripper.pos=+27.60
DEBUG 2026-09-03 09:27:24 [action #478] t=18.80s step=477 queue=16 dmax=0.916 | shoulder_pan.pos=-7.85 shoulder_lift.pos=-12.68 elbow_flex.pos=+21.71 wrist_flex.pos=+62.97 wrist_roll.pos=-2.54 gripper.pos=+28.51
DEBUG 2026-09-03 09:27:24 [action #479] t=18.83s step=478 queue=15 dmax=1.551 | shoulder_pan.pos=-8.01 shoulder_lift.pos=-11.13 elbow_flex.pos=+20.93 wrist_flex.pos=+63.19 wrist_roll.pos=-2.57 gripper.pos=+29.67
DEBUG 2026-09-03 09:27:24 [action #480] t=18.86s step=479 queue=14 dmax=1.023 | shoulder_pan.pos=-8.12 shoulder_lift.pos=-10.11 elbow_flex.pos=+20.05 wrist_flex.pos=+63.40 wrist_roll.pos=-2.52 gripper.pos=+30.28
DEBUG 2026-09-03 09:27:24 [action #481] t=18.90s step=480 queue=13 dmax=1.207 | shoulder_pan.pos=-7.97 shoulder_lift.pos=-9.32 elbow_flex.pos=+18.84 wrist_flex.pos=+63.67 wrist_roll.pos=-2.53 gripper.pos=+30.94
DEBUG 2026-09-03 09:27:24 [action #482] t=18.93s step=481 queue=12 dmax=1.455 | shoulder_pan.pos=-8.09 shoulder_lift.pos=-7.86 elbow_flex.pos=+17.92 wrist_flex.pos=+64.02 wrist_roll.pos=-2.51 gripper.pos=+31.30
DEBUG 2026-09-03 09:27:24 [action #483] t=18.96s step=482 queue=11 dmax=1.516 | shoulder_pan.pos=-8.03 shoulder_lift.pos=-7.31 elbow_flex.pos=+16.41 wrist_flex.pos=+64.51 wrist_roll.pos=-2.36 gripper.pos=+31.55
DEBUG 2026-09-03 09:27:24 [action #484] t=19.00s step=483 queue=10 dmax=1.244 | shoulder_pan.pos=-8.05 shoulder_lift.pos=-6.07 elbow_flex.pos=+15.44 wrist_flex.pos=+64.80 wrist_roll.pos=-2.33 gripper.pos=+31.68
DEBUG 2026-09-03 09:27:24 [action #485] t=19.03s step=484 queue=9 dmax=1.603 | shoulder_pan.pos=-8.26 shoulder_lift.pos=-4.47 elbow_flex.pos=+14.26 wrist_flex.pos=+65.32 wrist_roll.pos=-2.32 gripper.pos=+31.84
DEBUG 2026-09-03 09:27:24 [action #486] t=19.06s step=485 queue=8 dmax=0.679 | shoulder_pan.pos=-8.37 shoulder_lift.pos=-4.00 elbow_flex.pos=+13.58 wrist_flex.pos=+65.70 wrist_roll.pos=-2.30 gripper.pos=+32.03
DEBUG 2026-09-03 09:27:24 [action #487] t=19.10s step=486 queue=7 dmax=1.099 | shoulder_pan.pos=-8.27 shoulder_lift.pos=-3.06 elbow_flex.pos=+12.49 wrist_flex.pos=+65.93 wrist_roll.pos=-2.26 gripper.pos=+32.49
DEBUG 2026-09-03 09:27:24 [action #488] t=19.13s step=487 queue=6 dmax=1.178 | shoulder_pan.pos=-8.12 shoulder_lift.pos=-2.05 elbow_flex.pos=+11.31 wrist_flex.pos=+66.23 wrist_roll.pos=-2.13 gripper.pos=+33.08
DEBUG 2026-09-03 09:27:24 [action #489] t=19.16s step=488 queue=5 dmax=1.130 | shoulder_pan.pos=-8.28 shoulder_lift.pos=-0.92 elbow_flex.pos=+10.88 wrist_flex.pos=+66.55 wrist_roll.pos=-2.07 gripper.pos=+33.71
DEBUG 2026-09-03 09:27:24 [action #490] t=19.20s step=489 queue=4 dmax=1.068 | shoulder_pan.pos=-8.42 shoulder_lift.pos=+0.15 elbow_flex.pos=+10.08 wrist_flex.pos=+66.90 wrist_roll.pos=-1.88 gripper.pos=+34.18
DEBUG 2026-09-03 09:27:24 [action #491] t=19.23s step=490 queue=3 dmax=1.298 | shoulder_pan.pos=-8.33 shoulder_lift.pos=+1.44 elbow_flex.pos=+9.36 wrist_flex.pos=+67.14 wrist_roll.pos=-1.77 gripper.pos=+34.31
DEBUG 2026-09-03 09:27:24 [action #492] t=19.26s step=491 queue=2 dmax=1.296 | shoulder_pan.pos=-8.41 shoulder_lift.pos=+2.74 elbow_flex.pos=+8.10 wrist_flex.pos=+67.41 wrist_roll.pos=-1.63 gripper.pos=+34.55
DEBUG 2026-09-03 09:27:24 [action #493] t=19.30s step=492 queue=1 dmax=1.285 | shoulder_pan.pos=-8.36 shoulder_lift.pos=+4.02 elbow_flex.pos=+7.37 wrist_flex.pos=+67.76 wrist_roll.pos=-1.58 gripper.pos=+34.54
DEBUG 2026-09-03 09:27:24 [chunk] received 50 actions, timesteps 467..516 | first: shoulder_pan.pos=-4.70 shoulder_lift.pos=-101.37 elbow_flex.pos=+87.41 wrist_flex.pos=+73.64 wrist_roll.pos=-0.79 gripper.pos=+0.32 | last: shoulder_pan.pos=-5.96 shoulder_lift.pos=-102.19 elbow_flex.pos=+85.06 wrist_flex.pos=+70.53 wrist_roll.pos=-1.65 gripper.pos=+0.23
DEBUG 2026-09-03 09:27:24 [action #494] t=19.43s step=493 queue=24 dmax=106.014 | shoulder_pan.pos=-5.36 shoulder_lift.pos=-101.99 elbow_flex.pos=+86.59 wrist_flex.pos=+68.51 wrist_roll.pos=-1.21 gripper.pos=+0.12
DEBUG 2026-09-03 09:27:24 [action #495] t=19.46s step=494 queue=23 dmax=0.275 | shoulder_pan.pos=-5.34 shoulder_lift.pos=-101.81 elbow_flex.pos=+86.65 wrist_flex.pos=+68.23 wrist_roll.pos=-1.24 gripper.pos=+0.13
DEBUG 2026-09-03 09:27:24 [action #496] t=19.50s step=495 queue=22 dmax=0.239 | shoulder_pan.pos=-5.34 shoulder_lift.pos=-101.70 elbow_flex.pos=+86.78 wrist_flex.pos=+68.47 wrist_roll.pos=-1.26 gripper.pos=+0.28
DEBUG 2026-09-03 09:27:24 [action #497] t=19.53s step=496 queue=21 dmax=0.121 | shoulder_pan.pos=-5.32 shoulder_lift.pos=-101.69 elbow_flex.pos=+86.73 wrist_flex.pos=+68.53 wrist_roll.pos=-1.28 gripper.pos=+0.16
DEBUG 2026-09-03 09:27:24 [action #498] t=19.56s step=497 queue=20 dmax=0.596 | shoulder_pan.pos=-5.19 shoulder_lift.pos=-102.28 elbow_flex.pos=+86.84 wrist_flex.pos=+68.62 wrist_roll.pos=-1.20 gripper.pos=+0.19
DEBUG 2026-09-03 09:27:24 [action #499] t=19.60s step=498 queue=19 dmax=0.548 | shoulder_pan.pos=-5.26 shoulder_lift.pos=-102.02 elbow_flex.pos=+86.29 wrist_flex.pos=+68.70 wrist_roll.pos=-1.24 gripper.pos=+0.21
DEBUG 2026-09-03 09:27:24 [action #500] t=19.63s step=499 queue=18 dmax=0.312 | shoulder_pan.pos=-5.22 shoulder_lift.pos=-102.02 elbow_flex.pos=+86.20 wrist_flex.pos=+69.01 wrist_roll.pos=-1.27 gripper.pos=+0.25
DEBUG 2026-09-03 09:27:25 [action #501] t=19.67s step=500 queue=17 dmax=0.390 | shoulder_pan.pos=-5.29 shoulder_lift.pos=-101.63 elbow_flex.pos=+86.25 wrist_flex.pos=+68.97 wrist_roll.pos=-1.23 gripper.pos=+0.28
DEBUG 2026-09-03 09:27:25 [action #502] t=19.70s step=501 queue=16 dmax=0.567 | shoulder_pan.pos=-5.34 shoulder_lift.pos=-102.19 elbow_flex.pos=+85.92 wrist_flex.pos=+69.23 wrist_roll.pos=-1.24 gripper.pos=+0.08
DEBUG 2026-09-03 09:27:25 [action #503] t=19.73s step=502 queue=15 dmax=0.296 | shoulder_pan.pos=-5.36 shoulder_lift.pos=-102.01 elbow_flex.pos=+85.63 wrist_flex.pos=+69.29 wrist_roll.pos=-1.21 gripper.pos=+0.18
DEBUG 2026-09-03 09:27:25 [action #504] t=19.77s step=503 queue=14 dmax=0.263 | shoulder_pan.pos=-5.36 shoulder_lift.pos=-102.27 elbow_flex.pos=+85.41 wrist_flex.pos=+69.34 wrist_roll.pos=-1.24 gripper.pos=+0.16
DEBUG 2026-09-03 09:27:25 [action #505] t=19.80s step=504 queue=13 dmax=0.690 | shoulder_pan.pos=-5.15 shoulder_lift.pos=-101.58 elbow_flex.pos=+85.56 wrist_flex.pos=+69.52 wrist_roll.pos=-1.29 gripper.pos=+0.28
DEBUG 2026-09-03 09:27:25 [action #506] t=19.83s step=505 queue=12 dmax=0.553 | shoulder_pan.pos=-5.38 shoulder_lift.pos=-101.65 elbow_flex.pos=+85.01 wrist_flex.pos=+69.59 wrist_roll.pos=-1.26 gripper.pos=+0.25
DEBUG 2026-09-03 09:27:25 [action #507] t=19.87s step=506 queue=11 dmax=0.699 | shoulder_pan.pos=-5.38 shoulder_lift.pos=-101.85 elbow_flex.pos=+85.71 wrist_flex.pos=+69.57 wrist_roll.pos=-1.27 gripper.pos=+0.16
DEBUG 2026-09-03 09:27:25 [action #508] t=19.90s step=507 queue=10 dmax=0.285 | shoulder_pan.pos=-5.50 shoulder_lift.pos=-101.57 elbow_flex.pos=+85.52 wrist_flex.pos=+69.74 wrist_roll.pos=-1.33 gripper.pos=+0.19
DEBUG 2026-09-03 09:27:25 [action #509] t=19.93s step=508 queue=9 dmax=0.557 | shoulder_pan.pos=-5.50 shoulder_lift.pos=-102.12 elbow_flex.pos=+85.23 wrist_flex.pos=+69.80 wrist_roll.pos=-1.35 gripper.pos=+0.11
DEBUG 2026-09-03 09:27:25 [action #510] t=19.97s step=509 queue=8 dmax=0.197 | shoulder_pan.pos=-5.67 shoulder_lift.pos=-101.93 elbow_flex.pos=+85.29 wrist_flex.pos=+69.94 wrist_roll.pos=-1.40 gripper.pos=+0.05
DEBUG 2026-09-03 09:27:25 [action #511] t=20.00s step=510 queue=7 dmax=0.161 | shoulder_pan.pos=-5.76 shoulder_lift.pos=-101.87 elbow_flex.pos=+85.14 wrist_flex.pos=+69.99 wrist_roll.pos=-1.43 gripper.pos=+0.21
DEBUG 2026-09-03 09:27:25 [action #512] t=20.03s step=511 queue=6 dmax=0.327 | shoulder_pan.pos=-5.70 shoulder_lift.pos=-101.55 elbow_flex.pos=+85.05 wrist_flex.pos=+70.19 wrist_roll.pos=-1.49 gripper.pos=+0.15
DEBUG 2026-09-03 09:27:25 [action #513] t=20.07s step=512 queue=5 dmax=0.615 | shoulder_pan.pos=-5.79 shoulder_lift.pos=-102.16 elbow_flex.pos=+84.91 wrist_flex.pos=+70.22 wrist_roll.pos=-1.53 gripper.pos=+0.17
DEBUG 2026-09-03 09:27:25 [action #514] t=20.10s step=513 queue=4 dmax=0.485 | shoulder_pan.pos=-5.89 shoulder_lift.pos=-101.68 elbow_flex.pos=+85.04 wrist_flex.pos=+70.31 wrist_roll.pos=-1.60 gripper.pos=+0.19
DEBUG 2026-09-03 09:27:25 [action #515] t=20.13s step=514 queue=3 dmax=0.215 | shoulder_pan.pos=-5.75 shoulder_lift.pos=-101.65 elbow_flex.pos=+84.83 wrist_flex.pos=+70.40 wrist_roll.pos=-1.62 gripper.pos=+0.09
DEBUG 2026-09-03 09:27:25 [action #516] t=20.17s step=515 queue=2 dmax=0.356 | shoulder_pan.pos=-5.95 shoulder_lift.pos=-102.01 elbow_flex.pos=+85.17 wrist_flex.pos=+70.52 wrist_roll.pos=-1.65 gripper.pos=+0.16
DEBUG 2026-09-03 09:27:25 [action #517] t=20.20s step=516 queue=1 dmax=0.185 | shoulder_pan.pos=-5.96 shoulder_lift.pos=-102.19 elbow_flex.pos=+85.06 wrist_flex.pos=+70.53 wrist_roll.pos=-1.65 gripper.pos=+0.23
DEBUG 2026-09-03 09:27:25 [chunk] received 50 actions, timesteps 492..541 | first: shoulder_pan.pos=-8.27 shoulder_lift.pos=+5.41 elbow_flex.pos=+5.55 wrist_flex.pos=+66.51 wrist_roll.pos=-2.38 gripper.pos=+36.89 | last: shoulder_pan.pos=-7.79 shoulder_lift.pos=+40.23 elbow_flex.pos=-35.51 wrist_flex.pos=+81.87 wrist_roll.pos=-3.74 gripper.pos=+10.40
DEBUG 2026-09-03 09:27:25 [action #518] t=20.33s step=517 queue=25 dmax=133.908 | shoulder_pan.pos=-8.57 shoulder_lift.pos=+31.72 elbow_flex.pos=-23.33 wrist_flex.pos=+74.34 wrist_roll.pos=-2.63 gripper.pos=+36.95
DEBUG 2026-09-03 09:27:25 [action #519] t=20.37s step=518 queue=24 dmax=1.321 | shoulder_pan.pos=-8.87 shoulder_lift.pos=+32.68 elbow_flex.pos=-24.65 wrist_flex.pos=+74.82 wrist_roll.pos=-2.57 gripper.pos=+36.98
DEBUG 2026-09-03 09:27:25 [action #520] t=20.40s step=519 queue=23 dmax=0.813 | shoulder_pan.pos=-8.66 shoulder_lift.pos=+33.02 elbow_flex.pos=-25.46 wrist_flex.pos=+75.23 wrist_roll.pos=-2.55 gripper.pos=+36.87
DEBUG 2026-09-03 09:27:25 [action #521] t=20.43s step=520 queue=22 dmax=0.723 | shoulder_pan.pos=-8.86 shoulder_lift.pos=+33.75 elbow_flex.pos=-26.05 wrist_flex.pos=+75.69 wrist_roll.pos=-2.62 gripper.pos=+36.97
DEBUG 2026-09-03 09:27:25 [action #522] t=20.47s step=521 queue=21 dmax=1.475 | shoulder_pan.pos=-8.62 shoulder_lift.pos=+35.22 elbow_flex.pos=-26.83 wrist_flex.pos=+76.18 wrist_roll.pos=-2.61 gripper.pos=+36.74
DEBUG 2026-09-03 09:27:25 [action #523] t=20.50s step=522 queue=20 dmax=1.121 | shoulder_pan.pos=-8.89 shoulder_lift.pos=+35.76 elbow_flex.pos=-27.95 wrist_flex.pos=+76.40 wrist_roll.pos=-2.63 gripper.pos=+36.74
DEBUG 2026-09-03 09:27:25 [action #524] t=20.53s step=523 queue=19 dmax=1.044 | shoulder_pan.pos=-8.74 shoulder_lift.pos=+36.81 elbow_flex.pos=-28.25 wrist_flex.pos=+77.17 wrist_roll.pos=-2.72 gripper.pos=+36.90
DEBUG 2026-09-03 09:27:25 [action #525] t=20.57s step=524 queue=18 dmax=0.790 | shoulder_pan.pos=-8.91 shoulder_lift.pos=+36.61 elbow_flex.pos=-29.04 wrist_flex.pos=+77.72 wrist_roll.pos=-2.71 gripper.pos=+36.54
DEBUG 2026-09-03 09:27:25 [action #526] t=20.60s step=525 queue=17 dmax=1.557 | shoulder_pan.pos=-8.62 shoulder_lift.pos=+38.17 elbow_flex.pos=-30.41 wrist_flex.pos=+78.16 wrist_roll.pos=-2.82 gripper.pos=+35.73
DEBUG 2026-09-03 09:27:25 [action #527] t=20.63s step=526 queue=16 dmax=2.415 | shoulder_pan.pos=-8.81 shoulder_lift.pos=+38.26 elbow_flex.pos=-31.16 wrist_flex.pos=+78.54 wrist_roll.pos=-2.85 gripper.pos=+33.31
DEBUG 2026-09-03 09:27:26 [action #528] t=20.67s step=527 queue=15 dmax=4.083 | shoulder_pan.pos=-8.58 shoulder_lift.pos=+38.40 elbow_flex.pos=-31.44 wrist_flex.pos=+78.87 wrist_roll.pos=-2.87 gripper.pos=+29.23
DEBUG 2026-09-03 09:27:26 [action #529] t=20.70s step=528 queue=14 dmax=4.634 | shoulder_pan.pos=-8.45 shoulder_lift.pos=+39.74 elbow_flex.pos=-32.04 wrist_flex.pos=+78.70 wrist_roll.pos=-2.90 gripper.pos=+24.59
DEBUG 2026-09-03 09:27:26 [action #530] t=20.74s step=529 queue=13 dmax=4.573 | shoulder_pan.pos=-8.27 shoulder_lift.pos=+39.42 elbow_flex.pos=-32.49 wrist_flex.pos=+78.63 wrist_roll.pos=-2.96 gripper.pos=+20.02
DEBUG 2026-09-03 09:27:26 [action #531] t=20.77s step=530 queue=12 dmax=3.259 | shoulder_pan.pos=-8.49 shoulder_lift.pos=+39.69 elbow_flex.pos=-32.00 wrist_flex.pos=+78.47 wrist_roll.pos=-3.01 gripper.pos=+16.76
DEBUG 2026-09-03 09:27:26 [action #532] t=20.80s step=531 queue=11 dmax=2.301 | shoulder_pan.pos=-8.41 shoulder_lift.pos=+39.39 elbow_flex.pos=-32.48 wrist_flex.pos=+78.63 wrist_roll.pos=-2.88 gripper.pos=+14.46
DEBUG 2026-09-03 09:27:26 [action #533] t=20.84s step=532 queue=10 dmax=0.884 | shoulder_pan.pos=-8.23 shoulder_lift.pos=+39.17 elbow_flex.pos=-32.52 wrist_flex.pos=+78.91 wrist_roll.pos=-3.14 gripper.pos=+13.58
DEBUG 2026-09-03 09:27:26 [action #534] t=20.87s step=533 queue=9 dmax=0.785 | shoulder_pan.pos=-8.42 shoulder_lift.pos=+39.85 elbow_flex.pos=-33.12 wrist_flex.pos=+79.22 wrist_roll.pos=-3.18 gripper.pos=+12.79
DEBUG 2026-09-03 09:27:26 [action #535] t=20.90s step=534 queue=8 dmax=0.524 | shoulder_pan.pos=-8.18 shoulder_lift.pos=+40.07 elbow_flex.pos=-33.32 wrist_flex.pos=+79.37 wrist_roll.pos=-3.17 gripper.pos=+12.27
DEBUG 2026-09-03 09:27:26 [action #536] t=20.94s step=535 queue=7 dmax=0.270 | shoulder_pan.pos=-8.24 shoulder_lift.pos=+39.82 elbow_flex.pos=-33.49 wrist_flex.pos=+79.60 wrist_roll.pos=-3.30 gripper.pos=+12.00
DEBUG 2026-09-03 09:27:26 [action #537] t=20.97s step=536 queue=6 dmax=0.392 | shoulder_pan.pos=-8.34 shoulder_lift.pos=+40.00 elbow_flex.pos=-33.69 wrist_flex.pos=+80.00 wrist_roll.pos=-3.28 gripper.pos=+11.89
DEBUG 2026-09-03 09:27:26 [action #538] t=21.00s step=537 queue=5 dmax=0.434 | shoulder_pan.pos=-8.25 shoulder_lift.pos=+39.83 elbow_flex.pos=-34.12 wrist_flex.pos=+80.33 wrist_roll.pos=-3.34 gripper.pos=+11.77
DEBUG 2026-09-03 09:27:26 [action #539] t=21.04s step=538 queue=4 dmax=0.463 | shoulder_pan.pos=-8.11 shoulder_lift.pos=+39.82 elbow_flex.pos=-34.05 wrist_flex.pos=+80.79 wrist_roll.pos=-3.43 gripper.pos=+11.65
DEBUG 2026-09-03 09:27:26 [action #540] t=21.07s step=539 queue=3 dmax=0.591 | shoulder_pan.pos=-8.09 shoulder_lift.pos=+39.78 elbow_flex.pos=-34.64 wrist_flex.pos=+81.05 wrist_roll.pos=-3.52 gripper.pos=+11.36
DEBUG 2026-09-03 09:27:26 [action #541] t=21.10s step=540 queue=2 dmax=0.694 | shoulder_pan.pos=-7.95 shoulder_lift.pos=+39.75 elbow_flex.pos=-34.72 wrist_flex.pos=+81.38 wrist_roll.pos=-3.60 gripper.pos=+10.66
DEBUG 2026-09-03 09:27:26 [action #542] t=21.14s step=541 queue=1 dmax=0.789 | shoulder_pan.pos=-7.79 shoulder_lift.pos=+40.23 elbow_flex.pos=-35.51 wrist_flex.pos=+81.87 wrist_roll.pos=-3.74 gripper.pos=+10.40
DEBUG 2026-09-03 09:27:26 [chunk] received 50 actions, timesteps 516..565 | first: shoulder_pan.pos=-5.64 shoulder_lift.pos=-101.57 elbow_flex.pos=+84.96 wrist_flex.pos=+70.35 wrist_roll.pos=-0.95 gripper.pos=+0.34 | last: shoulder_pan.pos=-6.92 shoulder_lift.pos=-45.71 elbow_flex.pos=+51.15 wrist_flex.pos=+53.85 wrist_roll.pos=-3.50 gripper.pos=+0.46
DEBUG 2026-09-03 09:27:26 [action #543] t=21.20s step=542 queue=24 dmax=127.899 | shoulder_pan.pos=-6.54 shoulder_lift.pos=-87.67 elbow_flex.pos=+75.85 wrist_flex.pos=+65.79 wrist_roll.pos=-1.55 gripper.pos=+0.20
DEBUG 2026-09-03 09:27:26 [action #544] t=21.24s step=543 queue=23 dmax=2.560 | shoulder_pan.pos=-6.45 shoulder_lift.pos=-85.11 elbow_flex.pos=+74.62 wrist_flex.pos=+64.95 wrist_roll.pos=-1.86 gripper.pos=+0.09
DEBUG 2026-09-03 09:27:26 [action #545] t=21.27s step=544 queue=22 dmax=3.336 | shoulder_pan.pos=-6.26 shoulder_lift.pos=-81.77 elbow_flex.pos=+73.27 wrist_flex.pos=+64.12 wrist_roll.pos=-2.20 gripper.pos=+0.17
DEBUG 2026-09-03 09:27:26 [action #546] t=21.30s step=545 queue=21 dmax=2.303 | shoulder_pan.pos=-6.09 shoulder_lift.pos=-79.47 elbow_flex.pos=+72.03 wrist_flex.pos=+63.04 wrist_roll.pos=-2.39 gripper.pos=-0.05
DEBUG 2026-09-03 09:27:26 [action #547] t=21.34s step=546 queue=20 dmax=3.626 | shoulder_pan.pos=-5.87 shoulder_lift.pos=-75.84 elbow_flex.pos=+70.48 wrist_flex.pos=+62.08 wrist_roll.pos=-2.62 gripper.pos=+0.08
DEBUG 2026-09-03 09:27:26 [action #548] t=21.37s step=547 queue=19 dmax=2.811 | shoulder_pan.pos=-5.94 shoulder_lift.pos=-73.03 elbow_flex.pos=+68.82 wrist_flex.pos=+61.51 wrist_roll.pos=-2.80 gripper.pos=+0.30
DEBUG 2026-09-03 09:27:26 [action #549] t=21.40s step=548 queue=18 dmax=2.458 | shoulder_pan.pos=-6.16 shoulder_lift.pos=-70.57 elbow_flex.pos=+66.59 wrist_flex.pos=+60.62 wrist_roll.pos=-2.89 gripper.pos=+0.23
DEBUG 2026-09-03 09:27:26 [action #550] t=21.44s step=549 queue=17 dmax=2.404 | shoulder_pan.pos=-5.84 shoulder_lift.pos=-68.17 elbow_flex.pos=+66.67 wrist_flex.pos=+59.50 wrist_roll.pos=-3.03 gripper.pos=+0.13
DEBUG 2026-09-03 09:27:26 [action #551] t=21.47s step=550 queue=16 dmax=2.173 | shoulder_pan.pos=-5.78 shoulder_lift.pos=-66.00 elbow_flex.pos=+64.74 wrist_flex.pos=+58.62 wrist_roll.pos=-3.17 gripper.pos=+0.18
DEBUG 2026-09-03 09:27:26 [action #552] t=21.50s step=551 queue=15 dmax=1.760 | shoulder_pan.pos=-5.98 shoulder_lift.pos=-64.23 elbow_flex.pos=+63.45 wrist_flex.pos=+58.05 wrist_roll.pos=-3.23 gripper.pos=+0.12
DEBUG 2026-09-03 09:27:26 [action #553] t=21.54s step=552 queue=14 dmax=2.262 | shoulder_pan.pos=-6.09 shoulder_lift.pos=-61.97 elbow_flex.pos=+62.71 wrist_flex.pos=+57.32 wrist_roll.pos=-3.34 gripper.pos=+0.20
DEBUG 2026-09-03 09:27:26 [action #554] t=21.57s step=553 queue=13 dmax=1.339 | shoulder_pan.pos=-6.23 shoulder_lift.pos=-60.63 elbow_flex.pos=+62.84 wrist_flex.pos=+56.21 wrist_roll.pos=-3.36 gripper.pos=+0.24
DEBUG 2026-09-03 09:27:26 [action #555] t=21.60s step=554 queue=12 dmax=1.860 | shoulder_pan.pos=-6.12 shoulder_lift.pos=-58.89 elbow_flex.pos=+60.98 wrist_flex.pos=+55.52 wrist_roll.pos=-3.15 gripper.pos=+0.03
DEBUG 2026-09-03 09:27:26 [action #556] t=21.64s step=555 queue=11 dmax=1.577 | shoulder_pan.pos=-6.14 shoulder_lift.pos=-57.31 elbow_flex.pos=+61.14 wrist_flex.pos=+54.85 wrist_roll.pos=-3.08 gripper.pos=+0.30
DEBUG 2026-09-03 09:27:27 [action #557] t=21.67s step=556 queue=10 dmax=1.306 | shoulder_pan.pos=-6.39 shoulder_lift.pos=-56.36 elbow_flex.pos=+59.84 wrist_flex.pos=+54.49 wrist_roll.pos=-3.17 gripper.pos=+0.13
DEBUG 2026-09-03 09:27:27 [action #558] t=21.71s step=557 queue=9 dmax=1.863 | shoulder_pan.pos=-5.97 shoulder_lift.pos=-54.49 elbow_flex.pos=+58.47 wrist_flex.pos=+54.02 wrist_roll.pos=-3.05 gripper.pos=+0.38
DEBUG 2026-09-03 09:27:27 [action #559] t=21.74s step=558 queue=8 dmax=1.319 | shoulder_pan.pos=-6.17 shoulder_lift.pos=-53.17 elbow_flex.pos=+57.64 wrist_flex.pos=+54.01 wrist_roll.pos=-3.09 gripper.pos=+0.42
DEBUG 2026-09-03 09:27:27 [action #560] t=21.77s step=559 queue=7 dmax=0.833 | shoulder_pan.pos=-6.52 shoulder_lift.pos=-52.34 elbow_flex.pos=+57.29 wrist_flex.pos=+53.65 wrist_roll.pos=-3.09 gripper.pos=+0.27
DEBUG 2026-09-03 09:27:27 [action #561] t=21.81s step=560 queue=6 dmax=1.624 | shoulder_pan.pos=-6.32 shoulder_lift.pos=-50.72 elbow_flex.pos=+55.76 wrist_flex.pos=+53.73 wrist_roll.pos=-3.34 gripper.pos=+0.47
DEBUG 2026-09-03 09:27:27 [action #562] t=21.84s step=561 queue=5 dmax=1.349 | shoulder_pan.pos=-6.67 shoulder_lift.pos=-49.63 elbow_flex.pos=+54.42 wrist_flex.pos=+53.34 wrist_roll.pos=-3.20 gripper.pos=+0.30
DEBUG 2026-09-03 09:27:27 [action #563] t=21.87s step=562 queue=4 dmax=1.244 | shoulder_pan.pos=-6.54 shoulder_lift.pos=-48.39 elbow_flex.pos=+53.19 wrist_flex.pos=+53.65 wrist_roll.pos=-3.32 gripper.pos=+0.50
DEBUG 2026-09-03 09:27:27 [action #564] t=21.91s step=563 queue=3 dmax=0.369 | shoulder_pan.pos=-6.17 shoulder_lift.pos=-48.12 elbow_flex.pos=+53.18 wrist_flex.pos=+53.83 wrist_roll.pos=-3.39 gripper.pos=+0.44
DEBUG 2026-09-03 09:27:27 [action #565] t=21.94s step=564 queue=2 dmax=1.329 | shoulder_pan.pos=-7.15 shoulder_lift.pos=-46.79 elbow_flex.pos=+51.92 wrist_flex.pos=+53.75 wrist_roll.pos=-3.37 gripper.pos=+0.33
DEBUG 2026-09-03 09:27:27 [action #566] t=21.97s step=565 queue=1 dmax=1.075 | shoulder_pan.pos=-6.92 shoulder_lift.pos=-45.71 elbow_flex.pos=+51.15 wrist_flex.pos=+53.85 wrist_roll.pos=-3.50 gripper.pos=+0.46
DEBUG 2026-09-03 09:27:27 [chunk] received 50 actions, timesteps 541..590 | first: shoulder_pan.pos=-7.35 shoulder_lift.pos=+39.76 elbow_flex.pos=-37.30 wrist_flex.pos=+79.92 wrist_roll.pos=-3.47 gripper.pos=+6.21 | last: shoulder_pan.pos=+1.97 shoulder_lift.pos=+30.46 elbow_flex.pos=-40.27 wrist_flex.pos=+96.52 wrist_roll.pos=-0.75 gripper.pos=+33.30
DEBUG 2026-09-03 09:27:27 [action #567] t=22.07s step=566 queue=25 dmax=110.295 | shoulder_pan.pos=-5.26 shoulder_lift.pos=+38.58 elbow_flex.pos=-59.14 wrist_flex.pos=+98.70 wrist_roll.pos=-4.46 gripper.pos=+5.23
DEBUG 2026-09-03 09:27:27 [action #568] t=22.11s step=567 queue=24 dmax=0.327 | shoulder_pan.pos=-4.93 shoulder_lift.pos=+38.37 elbow_flex.pos=-59.22 wrist_flex.pos=+99.01 wrist_roll.pos=-4.48 gripper.pos=+5.06
DEBUG 2026-09-03 09:27:27 [action #569] t=22.14s step=568 queue=23 dmax=0.295 | shoulder_pan.pos=-4.68 shoulder_lift.pos=+38.08 elbow_flex.pos=-59.28 wrist_flex.pos=+98.85 wrist_roll.pos=-4.32 gripper.pos=+5.04
DEBUG 2026-09-03 09:27:27 [action #570] t=22.17s step=569 queue=22 dmax=1.204 | shoulder_pan.pos=-4.24 shoulder_lift.pos=+36.87 elbow_flex.pos=-58.89 wrist_flex.pos=+99.02 wrist_roll.pos=-4.28 gripper.pos=+4.95
DEBUG 2026-09-03 09:27:27 [action #571] t=22.21s step=570 queue=21 dmax=0.248 | shoulder_pan.pos=-4.11 shoulder_lift.pos=+36.68 elbow_flex.pos=-58.90 wrist_flex.pos=+99.26 wrist_roll.pos=-4.16 gripper.pos=+4.81
DEBUG 2026-09-03 09:27:27 [action #572] t=22.24s step=571 queue=20 dmax=0.586 | shoulder_pan.pos=-3.52 shoulder_lift.pos=+36.24 elbow_flex.pos=-58.74 wrist_flex.pos=+99.30 wrist_roll.pos=-4.09 gripper.pos=+4.93
DEBUG 2026-09-03 09:27:27 [action #573] t=22.27s step=572 queue=19 dmax=0.552 | shoulder_pan.pos=-3.13 shoulder_lift.pos=+35.82 elbow_flex.pos=-58.19 wrist_flex.pos=+99.70 wrist_roll.pos=-3.92 gripper.pos=+5.04
DEBUG 2026-09-03 09:27:27 [action #574] t=22.31s step=573 queue=18 dmax=0.623 | shoulder_pan.pos=-2.76 shoulder_lift.pos=+35.32 elbow_flex.pos=-57.61 wrist_flex.pos=+99.79 wrist_roll.pos=-3.95 gripper.pos=+5.66
DEBUG 2026-09-03 09:27:27 [action #575] t=22.34s step=574 queue=17 dmax=1.057 | shoulder_pan.pos=-2.20 shoulder_lift.pos=+35.46 elbow_flex.pos=-57.34 wrist_flex.pos=+99.90 wrist_roll.pos=-3.88 gripper.pos=+6.72
DEBUG 2026-09-03 09:27:27 [action #576] t=22.37s step=575 queue=16 dmax=2.478 | shoulder_pan.pos=-1.85 shoulder_lift.pos=+35.44 elbow_flex.pos=-56.56 wrist_flex.pos=+99.85 wrist_roll.pos=-3.77 gripper.pos=+9.19
DEBUG 2026-09-03 09:27:27 [action #577] t=22.41s step=576 queue=15 dmax=3.113 | shoulder_pan.pos=-1.25 shoulder_lift.pos=+35.66 elbow_flex.pos=-55.57 wrist_flex.pos=+99.78 wrist_roll.pos=-3.54 gripper.pos=+12.31
DEBUG 2026-09-03 09:27:27 [action #578] t=22.44s step=577 queue=14 dmax=3.304 | shoulder_pan.pos=-0.91 shoulder_lift.pos=+35.29 elbow_flex.pos=-54.73 wrist_flex.pos=+99.61 wrist_roll.pos=-3.33 gripper.pos=+15.61
DEBUG 2026-09-03 09:27:27 [action #579] t=22.47s step=578 queue=13 dmax=2.880 | shoulder_pan.pos=-0.58 shoulder_lift.pos=+35.08 elbow_flex.pos=-53.63 wrist_flex.pos=+99.38 wrist_roll.pos=-3.06 gripper.pos=+18.49
DEBUG 2026-09-03 09:27:27 [action #580] t=22.51s step=579 queue=12 dmax=2.409 | shoulder_pan.pos=-0.39 shoulder_lift.pos=+34.44 elbow_flex.pos=-52.09 wrist_flex.pos=+99.29 wrist_roll.pos=-2.86 gripper.pos=+20.90
DEBUG 2026-09-03 09:27:27 [action #581] t=22.54s step=580 queue=11 dmax=1.886 | shoulder_pan.pos=-0.28 shoulder_lift.pos=+34.47 elbow_flex.pos=-50.98 wrist_flex.pos=+99.19 wrist_roll.pos=-2.60 gripper.pos=+22.79
DEBUG 2026-09-03 09:27:27 [action #582] t=22.57s step=581 queue=10 dmax=1.757 | shoulder_pan.pos=-0.04 shoulder_lift.pos=+34.17 elbow_flex.pos=-50.18 wrist_flex.pos=+99.11 wrist_roll.pos=-2.33 gripper.pos=+24.54
DEBUG 2026-09-03 09:27:27 [action #583] t=22.61s step=582 queue=9 dmax=1.923 | shoulder_pan.pos=+0.01 shoulder_lift.pos=+33.60 elbow_flex.pos=-48.62 wrist_flex.pos=+98.98 wrist_roll.pos=-2.03 gripper.pos=+26.47
DEBUG 2026-09-03 09:27:28 [action #584] t=22.64s step=583 queue=8 dmax=2.108 | shoulder_pan.pos=+0.22 shoulder_lift.pos=+33.75 elbow_flex.pos=-47.85 wrist_flex.pos=+98.84 wrist_roll.pos=-1.88 gripper.pos=+28.57
DEBUG 2026-09-03 09:27:28 [action #585] t=22.67s step=584 queue=7 dmax=1.866 | shoulder_pan.pos=+0.47 shoulder_lift.pos=+33.19 elbow_flex.pos=-46.42 wrist_flex.pos=+98.82 wrist_roll.pos=-1.61 gripper.pos=+30.44
DEBUG 2026-09-03 09:27:28 [action #586] t=22.71s step=585 queue=6 dmax=1.762 | shoulder_pan.pos=+0.66 shoulder_lift.pos=+32.84 elbow_flex.pos=-45.85 wrist_flex.pos=+98.75 wrist_roll.pos=-1.45 gripper.pos=+32.20
DEBUG 2026-09-03 09:27:28 [action #587] t=22.74s step=586 queue=5 dmax=1.404 | shoulder_pan.pos=+0.90 shoulder_lift.pos=+32.61 elbow_flex.pos=-44.44 wrist_flex.pos=+98.57 wrist_roll.pos=-1.26 gripper.pos=+33.15
DEBUG 2026-09-03 09:27:28 [action #588] t=22.78s step=587 queue=4 dmax=1.190 | shoulder_pan.pos=+1.16 shoulder_lift.pos=+31.72 elbow_flex.pos=-43.25 wrist_flex.pos=+98.16 wrist_roll.pos=-1.13 gripper.pos=+33.37
DEBUG 2026-09-03 09:27:28 [action #589] t=22.81s step=588 queue=3 dmax=0.741 | shoulder_pan.pos=+1.34 shoulder_lift.pos=+31.39 elbow_flex.pos=-42.51 wrist_flex.pos=+97.83 wrist_roll.pos=-1.01 gripper.pos=+33.30
DEBUG 2026-09-03 09:27:28 [action #590] t=22.84s step=589 queue=2 dmax=1.543 | shoulder_pan.pos=+1.78 shoulder_lift.pos=+30.74 elbow_flex.pos=-40.97 wrist_flex.pos=+97.21 wrist_roll.pos=-0.92 gripper.pos=+33.30
DEBUG 2026-09-03 09:27:28 [action #591] t=22.88s step=590 queue=1 dmax=0.695 | shoulder_pan.pos=+1.97 shoulder_lift.pos=+30.46 elbow_flex.pos=-40.27 wrist_flex.pos=+96.52 wrist_roll.pos=-0.75 gripper.pos=+33.30
DEBUG 2026-09-03 09:27:28 [chunk] received 50 actions, timesteps 565..614 | first: shoulder_pan.pos=-7.05 shoulder_lift.pos=-46.33 elbow_flex.pos=+52.62 wrist_flex.pos=+56.51 wrist_roll.pos=-3.27 gripper.pos=+4.34 | last: shoulder_pan.pos=-11.64 shoulder_lift.pos=-26.02 elbow_flex.pos=+47.83 wrist_flex.pos=+63.04 wrist_roll.pos=+2.09 gripper.pos=+37.12
DEBUG 2026-09-03 09:27:28 [action #592] t=22.98s step=591 queue=24 dmax=91.817 | shoulder_pan.pos=-10.07 shoulder_lift.pos=-48.01 elbow_flex.pos=+51.54 wrist_flex.pos=+70.34 wrist_roll.pos=+1.57 gripper.pos=+35.37
DEBUG 2026-09-03 09:27:28 [action #593] t=23.01s step=592 queue=23 dmax=0.921 | shoulder_pan.pos=-10.11 shoulder_lift.pos=-47.25 elbow_flex.pos=+52.24 wrist_flex.pos=+70.47 wrist_roll.pos=+1.90 gripper.pos=+36.29
DEBUG 2026-09-03 09:27:28 [action #594] t=23.04s step=593 queue=22 dmax=0.827 | shoulder_pan.pos=-10.42 shoulder_lift.pos=-47.72 elbow_flex.pos=+52.24 wrist_flex.pos=+70.41 wrist_roll.pos=+2.16 gripper.pos=+37.12
DEBUG 2026-09-03 09:27:28 [action #595] t=23.08s step=594 queue=21 dmax=0.631 | shoulder_pan.pos=-10.65 shoulder_lift.pos=-47.09 elbow_flex.pos=+51.99 wrist_flex.pos=+70.31 wrist_roll.pos=+2.21 gripper.pos=+37.66
DEBUG 2026-09-03 09:27:28 [action #596] t=23.11s step=595 queue=20 dmax=0.387 | shoulder_pan.pos=-10.83 shoulder_lift.pos=-46.73 elbow_flex.pos=+51.85 wrist_flex.pos=+70.33 wrist_roll.pos=+2.18 gripper.pos=+38.05
DEBUG 2026-09-03 09:27:28 [action #597] t=23.14s step=596 queue=19 dmax=1.284 | shoulder_pan.pos=-10.91 shoulder_lift.pos=-45.45 elbow_flex.pos=+51.40 wrist_flex.pos=+70.14 wrist_roll.pos=+2.30 gripper.pos=+38.10
DEBUG 2026-09-03 09:27:28 [action #598] t=23.18s step=597 queue=18 dmax=1.368 | shoulder_pan.pos=-10.97 shoulder_lift.pos=-44.08 elbow_flex.pos=+51.28 wrist_flex.pos=+69.86 wrist_roll.pos=+2.25 gripper.pos=+38.25
DEBUG 2026-09-03 09:27:28 [action #599] t=23.21s step=598 queue=17 dmax=0.797 | shoulder_pan.pos=-10.88 shoulder_lift.pos=-43.28 elbow_flex.pos=+51.43 wrist_flex.pos=+69.54 wrist_roll.pos=+2.30 gripper.pos=+38.27
DEBUG 2026-09-03 09:27:28 [action #600] t=23.24s step=599 queue=16 dmax=1.279 | shoulder_pan.pos=-11.27 shoulder_lift.pos=-42.00 elbow_flex.pos=+50.82 wrist_flex.pos=+69.26 wrist_roll.pos=+2.17 gripper.pos=+38.09
DEBUG 2026-09-03 09:27:28 [action #601] t=23.28s step=600 queue=15 dmax=1.736 | shoulder_pan.pos=-11.42 shoulder_lift.pos=-40.27 elbow_flex.pos=+50.37 wrist_flex.pos=+68.79 wrist_roll.pos=+2.20 gripper.pos=+37.94
DEBUG 2026-09-03 09:27:28 [action #602] t=23.31s step=601 queue=14 dmax=0.984 | shoulder_pan.pos=-11.33 shoulder_lift.pos=-39.28 elbow_flex.pos=+49.87 wrist_flex.pos=+68.41 wrist_roll.pos=+2.31 gripper.pos=+37.76
DEBUG 2026-09-03 09:27:28 [action #603] t=23.34s step=602 queue=13 dmax=1.139 | shoulder_pan.pos=-11.46 shoulder_lift.pos=-38.14 elbow_flex.pos=+49.63 wrist_flex.pos=+68.08 wrist_roll.pos=+2.22 gripper.pos=+37.57
DEBUG 2026-09-03 09:27:28 [action #604] t=23.38s step=603 queue=12 dmax=0.958 | shoulder_pan.pos=-11.47 shoulder_lift.pos=-37.19 elbow_flex.pos=+49.80 wrist_flex.pos=+67.64 wrist_roll.pos=+2.27 gripper.pos=+37.54
DEBUG 2026-09-03 09:27:28 [action #605] t=23.41s step=604 queue=11 dmax=1.141 | shoulder_pan.pos=-11.29 shoulder_lift.pos=-36.05 elbow_flex.pos=+49.71 wrist_flex.pos=+67.16 wrist_roll.pos=+2.22 gripper.pos=+37.57
DEBUG 2026-09-03 09:27:28 [action #606] t=23.44s step=605 queue=10 dmax=0.752 | shoulder_pan.pos=-11.40 shoulder_lift.pos=-35.29 elbow_flex.pos=+49.31 wrist_flex.pos=+66.69 wrist_roll.pos=+2.23 gripper.pos=+37.47
DEBUG 2026-09-03 09:27:28 [action #607] t=23.48s step=606 queue=9 dmax=1.481 | shoulder_pan.pos=-11.43 shoulder_lift.pos=-33.81 elbow_flex.pos=+48.88 wrist_flex.pos=+66.38 wrist_roll.pos=+2.17 gripper.pos=+37.44
DEBUG 2026-09-03 09:27:28 [action #608] t=23.51s step=607 queue=8 dmax=0.357 | shoulder_pan.pos=-11.62 shoulder_lift.pos=-33.46 elbow_flex.pos=+49.16 wrist_flex.pos=+66.07 wrist_roll.pos=+2.20 gripper.pos=+37.41
DEBUG 2026-09-03 09:27:28 [action #609] t=23.54s step=608 queue=7 dmax=1.170 | shoulder_pan.pos=-11.63 shoulder_lift.pos=-32.29 elbow_flex.pos=+49.08 wrist_flex.pos=+65.73 wrist_roll.pos=+2.16 gripper.pos=+37.39
DEBUG 2026-09-03 09:27:28 [action #610] t=23.58s step=609 queue=6 dmax=0.747 | shoulder_pan.pos=-11.57 shoulder_lift.pos=-31.54 elbow_flex.pos=+48.41 wrist_flex.pos=+65.22 wrist_roll.pos=+2.22 gripper.pos=+37.25
DEBUG 2026-09-03 09:27:28 [action #611] t=23.61s step=610 queue=5 dmax=0.912 | shoulder_pan.pos=-11.65 shoulder_lift.pos=-30.63 elbow_flex.pos=+48.60 wrist_flex.pos=+64.75 wrist_roll.pos=+2.14 gripper.pos=+37.25
DEBUG 2026-09-03 09:27:29 [action #612] t=23.64s step=611 queue=4 dmax=0.915 | shoulder_pan.pos=-11.64 shoulder_lift.pos=-29.71 elbow_flex.pos=+48.77 wrist_flex.pos=+64.29 wrist_roll.pos=+2.20 gripper.pos=+37.19
DEBUG 2026-09-03 09:27:29 [action #613] t=23.68s step=612 queue=3 dmax=1.370 | shoulder_pan.pos=-11.68 shoulder_lift.pos=-28.34 elbow_flex.pos=+47.98 wrist_flex.pos=+63.91 wrist_roll.pos=+2.07 gripper.pos=+37.11
DEBUG 2026-09-03 09:27:29 [action #614] t=23.71s step=613 queue=2 dmax=0.832 | shoulder_pan.pos=-11.47 shoulder_lift.pos=-27.51 elbow_flex.pos=+48.17 wrist_flex.pos=+63.44 wrist_roll.pos=+1.96 gripper.pos=+37.12
DEBUG 2026-09-03 09:27:29 [action #615] t=23.74s step=614 queue=1 dmax=1.486 | shoulder_pan.pos=-11.64 shoulder_lift.pos=-26.02 elbow_flex.pos=+47.83 wrist_flex.pos=+63.04 wrist_roll.pos=+2.09 gripper.pos=+37.12
DEBUG 2026-09-03 09:27:29 [chunk] received 50 actions, timesteps 590..639 | first: shoulder_pan.pos=+1.86 shoulder_lift.pos=+29.01 elbow_flex.pos=-39.79 wrist_flex.pos=+99.95 wrist_roll.pos=-1.03 gripper.pos=+34.48 | last: shoulder_pan.pos=-7.32 shoulder_lift.pos=-5.57 elbow_flex.pos=+2.72 wrist_flex.pos=+87.06 wrist_roll.pos=+1.20 gripper.pos=+3.77
DEBUG 2026-09-03 09:27:29 [action #616] t=23.85s step=615 queue=25 dmax=64.584 | shoulder_pan.pos=-3.85 shoulder_lift.pos=+21.88 elbow_flex.pos=-16.76 wrist_flex.pos=+91.79 wrist_roll.pos=+2.36 gripper.pos=+37.95
DEBUG 2026-09-03 09:27:29 [action #617] t=23.88s step=616 queue=24 dmax=0.873 | shoulder_pan.pos=-3.65 shoulder_lift.pos=+22.75 elbow_flex.pos=-16.63 wrist_flex.pos=+91.38 wrist_roll.pos=+2.48 gripper.pos=+37.97
DEBUG 2026-09-03 09:27:29 [action #618] t=23.91s step=617 queue=23 dmax=0.495 | shoulder_pan.pos=-3.64 shoulder_lift.pos=+22.98 elbow_flex.pos=-16.43 wrist_flex.pos=+90.88 wrist_roll.pos=+2.48 gripper.pos=+38.03
DEBUG 2026-09-03 09:27:29 [action #619] t=23.95s step=618 queue=22 dmax=0.864 | shoulder_pan.pos=-3.51 shoulder_lift.pos=+23.84 elbow_flex.pos=-16.66 wrist_flex.pos=+90.36 wrist_roll.pos=+2.40 gripper.pos=+37.90
DEBUG 2026-09-03 09:27:29 [action #620] t=23.98s step=619 queue=21 dmax=0.309 | shoulder_pan.pos=-3.51 shoulder_lift.pos=+23.53 elbow_flex.pos=-16.47 wrist_flex.pos=+90.44 wrist_roll.pos=+2.21 gripper.pos=+37.95
DEBUG 2026-09-03 09:27:29 [action #621] t=24.01s step=620 queue=20 dmax=0.512 | shoulder_pan.pos=-3.27 shoulder_lift.pos=+24.05 elbow_flex.pos=-16.96 wrist_flex.pos=+90.50 wrist_roll.pos=+2.06 gripper.pos=+37.65
DEBUG 2026-09-03 09:27:29 [action #622] t=24.05s step=621 queue=19 dmax=0.591 | shoulder_pan.pos=-2.87 shoulder_lift.pos=+24.47 elbow_flex.pos=-17.56 wrist_flex.pos=+90.25 wrist_roll.pos=+2.11 gripper.pos=+37.56
DEBUG 2026-09-03 09:27:29 [action #623] t=24.08s step=622 queue=18 dmax=0.925 | shoulder_pan.pos=-3.10 shoulder_lift.pos=+25.39 elbow_flex.pos=-17.46 wrist_flex.pos=+90.54 wrist_roll.pos=+2.04 gripper.pos=+37.55
DEBUG 2026-09-03 09:27:29 [action #624] t=24.11s step=623 queue=17 dmax=0.791 | shoulder_pan.pos=-2.89 shoulder_lift.pos=+25.28 elbow_flex.pos=-18.25 wrist_flex.pos=+90.50 wrist_roll.pos=+1.80 gripper.pos=+37.46
DEBUG 2026-09-03 09:27:29 [action #625] t=24.15s step=624 queue=16 dmax=0.797 | shoulder_pan.pos=-3.10 shoulder_lift.pos=+26.04 elbow_flex.pos=-18.31 wrist_flex.pos=+91.30 wrist_roll.pos=+1.68 gripper.pos=+37.45
DEBUG 2026-09-03 09:27:29 [action #626] t=24.18s step=625 queue=15 dmax=0.384 | shoulder_pan.pos=-2.75 shoulder_lift.pos=+26.31 elbow_flex.pos=-18.69 wrist_flex.pos=+91.48 wrist_roll.pos=+1.42 gripper.pos=+37.55
DEBUG 2026-09-03 09:27:29 [action #627] t=24.21s step=626 queue=14 dmax=1.107 | shoulder_pan.pos=-2.84 shoulder_lift.pos=+25.20 elbow_flex.pos=-18.16 wrist_flex.pos=+91.81 wrist_roll.pos=+1.46 gripper.pos=+37.35
DEBUG 2026-09-03 09:27:29 [action #628] t=24.25s step=627 queue=13 dmax=0.609 | shoulder_pan.pos=-2.42 shoulder_lift.pos=+24.90 elbow_flex.pos=-17.55 wrist_flex.pos=+91.97 wrist_roll.pos=+1.36 gripper.pos=+37.32
DEBUG 2026-09-03 09:27:29 [action #629] t=24.28s step=628 queue=12 dmax=1.087 | shoulder_pan.pos=-2.56 shoulder_lift.pos=+23.81 elbow_flex.pos=-16.99 wrist_flex.pos=+92.08 wrist_roll.pos=+1.40 gripper.pos=+36.90
DEBUG 2026-09-03 09:27:29 [action #630] t=24.31s step=629 queue=11 dmax=2.137 | shoulder_pan.pos=-2.87 shoulder_lift.pos=+21.67 elbow_flex.pos=-15.33 wrist_flex.pos=+92.35 wrist_roll.pos=+1.50 gripper.pos=+35.19
DEBUG 2026-09-03 09:27:29 [action #631] t=24.35s step=630 queue=10 dmax=2.820 | shoulder_pan.pos=-2.97 shoulder_lift.pos=+19.01 elbow_flex.pos=-14.16 wrist_flex.pos=+92.07 wrist_roll.pos=+1.40 gripper.pos=+32.37
DEBUG 2026-09-03 09:27:29 [action #632] t=24.38s step=631 queue=9 dmax=4.775 | shoulder_pan.pos=-3.11 shoulder_lift.pos=+15.81 elbow_flex.pos=-12.17 wrist_flex.pos=+92.01 wrist_roll.pos=+1.42 gripper.pos=+27.59
DEBUG 2026-09-03 09:27:29 [action #633] t=24.41s step=632 queue=8 dmax=5.127 | shoulder_pan.pos=-3.65 shoulder_lift.pos=+13.51 elbow_flex.pos=-10.63 wrist_flex.pos=+91.53 wrist_roll.pos=+1.33 gripper.pos=+22.46
DEBUG 2026-09-03 09:27:29 [action #634] t=24.45s step=633 queue=7 dmax=4.788 | shoulder_pan.pos=-3.71 shoulder_lift.pos=+10.62 elbow_flex.pos=-9.07 wrist_flex.pos=+91.25 wrist_roll.pos=+1.25 gripper.pos=+17.68
DEBUG 2026-09-03 09:27:29 [action #635] t=24.48s step=634 queue=6 dmax=4.091 | shoulder_pan.pos=-4.45 shoulder_lift.pos=+7.84 elbow_flex.pos=-6.77 wrist_flex.pos=+90.70 wrist_roll.pos=+1.23 gripper.pos=+13.58
DEBUG 2026-09-03 09:27:29 [action #636] t=24.51s step=635 queue=5 dmax=3.786 | shoulder_pan.pos=-4.81 shoulder_lift.pos=+4.06 elbow_flex.pos=-4.81 wrist_flex.pos=+90.08 wrist_roll.pos=+1.30 gripper.pos=+10.54
DEBUG 2026-09-03 09:27:29 [action #637] t=24.55s step=636 queue=4 dmax=2.238 | shoulder_pan.pos=-5.62 shoulder_lift.pos=+2.78 elbow_flex.pos=-3.40 wrist_flex.pos=+89.67 wrist_roll.pos=+1.24 gripper.pos=+8.31
DEBUG 2026-09-03 09:27:29 [action #638] t=24.58s step=637 queue=3 dmax=2.961 | shoulder_pan.pos=-6.00 shoulder_lift.pos=-0.18 elbow_flex.pos=-1.69 wrist_flex.pos=+88.77 wrist_roll.pos=+1.38 gripper.pos=+6.25
DEBUG 2026-09-03 09:27:29 [action #639] t=24.61s step=638 queue=2 dmax=3.032 | shoulder_pan.pos=-6.97 shoulder_lift.pos=-3.21 elbow_flex.pos=+0.73 wrist_flex.pos=+88.07 wrist_roll.pos=+1.20 gripper.pos=+4.98
DEBUG 2026-09-03 09:27:30 [action #640] t=24.65s step=639 queue=1 dmax=2.362 | shoulder_pan.pos=-7.32 shoulder_lift.pos=-5.57 elbow_flex.pos=+2.72 wrist_flex.pos=+87.06 wrist_roll.pos=+1.20 gripper.pos=+3.77
DEBUG 2026-09-03 09:27:30 [chunk] received 50 actions, timesteps 614..663 | first: shoulder_pan.pos=-11.58 shoulder_lift.pos=-29.91 elbow_flex.pos=+49.08 wrist_flex.pos=+62.05 wrist_roll.pos=+1.77 gripper.pos=+39.56 | last: shoulder_pan.pos=-9.78 shoulder_lift.pos=-104.27 elbow_flex.pos=+85.98 wrist_flex.pos=+71.65 wrist_roll.pos=+0.22 gripper.pos=+1.90
DEBUG 2026-09-03 09:27:30 [action #641] t=24.71s step=640 queue=24 dmax=71.440 | shoulder_pan.pos=-11.02 shoulder_lift.pos=-68.44 elbow_flex.pos=+74.16 wrist_flex.pos=+57.58 wrist_roll.pos=+1.80 gripper.pos=+2.05
DEBUG 2026-09-03 09:27:30 [action #642] t=24.75s step=641 queue=23 dmax=1.836 | shoulder_pan.pos=-10.96 shoulder_lift.pos=-70.28 elbow_flex.pos=+75.06 wrist_flex.pos=+58.12 wrist_roll.pos=+1.74 gripper.pos=+2.12
DEBUG 2026-09-03 09:27:30 [action #643] t=24.78s step=642 queue=22 dmax=2.077 | shoulder_pan.pos=-11.06 shoulder_lift.pos=-72.35 elbow_flex.pos=+75.38 wrist_flex.pos=+58.63 wrist_roll.pos=+1.66 gripper.pos=+2.09
DEBUG 2026-09-03 09:27:30 [action #644] t=24.81s step=643 queue=21 dmax=2.528 | shoulder_pan.pos=-10.99 shoulder_lift.pos=-74.88 elbow_flex.pos=+76.31 wrist_flex.pos=+59.56 wrist_roll.pos=+1.46 gripper.pos=+1.85
DEBUG 2026-09-03 09:27:30 [action #645] t=24.85s step=644 queue=20 dmax=1.800 | shoulder_pan.pos=-10.94 shoulder_lift.pos=-76.68 elbow_flex.pos=+76.78 wrist_flex.pos=+60.30 wrist_roll.pos=+1.12 gripper.pos=+1.70
DEBUG 2026-09-03 09:27:30 [action #646] t=24.88s step=645 queue=19 dmax=2.325 | shoulder_pan.pos=-10.92 shoulder_lift.pos=-79.00 elbow_flex.pos=+77.18 wrist_flex.pos=+61.12 wrist_roll.pos=+0.67 gripper.pos=+1.48
DEBUG 2026-09-03 09:27:30 [action #647] t=24.92s step=646 queue=18 dmax=2.422 | shoulder_pan.pos=-10.75 shoulder_lift.pos=-81.43 elbow_flex.pos=+78.34 wrist_flex.pos=+61.57 wrist_roll.pos=+0.28 gripper.pos=+1.19
DEBUG 2026-09-03 09:27:30 [action #648] t=24.95s step=647 queue=17 dmax=2.046 | shoulder_pan.pos=-10.53 shoulder_lift.pos=-83.47 elbow_flex.pos=+78.47 wrist_flex.pos=+62.00 wrist_roll.pos=+0.10 gripper.pos=+1.21
DEBUG 2026-09-03 09:27:30 [action #649] t=24.98s step=648 queue=16 dmax=1.816 | shoulder_pan.pos=-10.35 shoulder_lift.pos=-85.29 elbow_flex.pos=+79.75 wrist_flex.pos=+62.68 wrist_roll.pos=-0.04 gripper.pos=+1.14
DEBUG 2026-09-03 09:27:30 [action #650] t=25.02s step=649 queue=15 dmax=2.404 | shoulder_pan.pos=-10.07 shoulder_lift.pos=-87.69 elbow_flex.pos=+80.53 wrist_flex.pos=+63.00 wrist_roll.pos=-0.20 gripper.pos=+1.11
DEBUG 2026-09-03 09:27:30 [action #651] t=25.05s step=650 queue=14 dmax=1.493 | shoulder_pan.pos=-10.13 shoulder_lift.pos=-89.19 elbow_flex.pos=+81.07 wrist_flex.pos=+63.54 wrist_roll.pos=-0.22 gripper.pos=+1.18
DEBUG 2026-09-03 09:27:30 [action #652] t=25.08s step=651 queue=13 dmax=1.606 | shoulder_pan.pos=-9.91 shoulder_lift.pos=-90.79 elbow_flex.pos=+81.87 wrist_flex.pos=+64.07 wrist_roll.pos=-0.07 gripper.pos=+1.23
DEBUG 2026-09-03 09:27:30 [action #653] t=25.12s step=652 queue=12 dmax=1.584 | shoulder_pan.pos=-9.90 shoulder_lift.pos=-92.38 elbow_flex.pos=+82.57 wrist_flex.pos=+64.72 wrist_roll.pos=-0.14 gripper.pos=+1.33
DEBUG 2026-09-03 09:27:30 [action #654] t=25.15s step=653 queue=11 dmax=2.057 | shoulder_pan.pos=-9.91 shoulder_lift.pos=-94.43 elbow_flex.pos=+83.43 wrist_flex.pos=+65.33 wrist_roll.pos=-0.24 gripper.pos=+1.33
DEBUG 2026-09-03 09:27:30 [action #655] t=25.18s step=654 queue=10 dmax=1.063 | shoulder_pan.pos=-9.84 shoulder_lift.pos=-95.50 elbow_flex.pos=+83.55 wrist_flex.pos=+66.15 wrist_roll.pos=-0.28 gripper.pos=+1.43
DEBUG 2026-09-03 09:27:30 [action #656] t=25.22s step=655 queue=9 dmax=2.454 | shoulder_pan.pos=-10.15 shoulder_lift.pos=-97.95 elbow_flex.pos=+84.86 wrist_flex.pos=+67.00 wrist_roll.pos=-0.17 gripper.pos=+1.25
DEBUG 2026-09-03 09:27:30 [action #657] t=25.25s step=656 queue=8 dmax=1.187 | shoulder_pan.pos=-10.12 shoulder_lift.pos=-99.14 elbow_flex.pos=+84.27 wrist_flex.pos=+68.05 wrist_roll.pos=-0.30 gripper.pos=+1.34
DEBUG 2026-09-03 09:27:30 [action #658] t=25.28s step=657 queue=7 dmax=0.591 | shoulder_pan.pos=-10.21 shoulder_lift.pos=-99.53 elbow_flex.pos=+84.63 wrist_flex.pos=+68.64 wrist_roll.pos=-0.46 gripper.pos=+1.40
DEBUG 2026-09-03 09:27:30 [action #659] t=25.32s step=658 queue=6 dmax=1.734 | shoulder_pan.pos=-10.34 shoulder_lift.pos=-101.27 elbow_flex.pos=+85.29 wrist_flex.pos=+69.32 wrist_roll.pos=-0.36 gripper.pos=+1.40
DEBUG 2026-09-03 09:27:30 [action #660] t=25.35s step=659 queue=5 dmax=1.189 | shoulder_pan.pos=-10.37 shoulder_lift.pos=-102.46 elbow_flex.pos=+85.62 wrist_flex.pos=+70.08 wrist_roll.pos=-0.24 gripper.pos=+1.39
DEBUG 2026-09-03 09:27:30 [action #661] t=25.38s step=660 queue=4 dmax=0.967 | shoulder_pan.pos=-10.44 shoulder_lift.pos=-103.42 elbow_flex.pos=+86.11 wrist_flex.pos=+70.77 wrist_roll.pos=-0.20 gripper.pos=+1.56
DEBUG 2026-09-03 09:27:30 [action #662] t=25.42s step=661 queue=3 dmax=0.675 | shoulder_pan.pos=-10.09 shoulder_lift.pos=-104.10 elbow_flex.pos=+86.70 wrist_flex.pos=+71.13 wrist_roll.pos=-0.02 gripper.pos=+1.64
DEBUG 2026-09-03 09:27:30 [action #663] t=25.45s step=662 queue=2 dmax=0.199 | shoulder_pan.pos=-9.94 shoulder_lift.pos=-104.11 elbow_flex.pos=+86.50 wrist_flex.pos=+71.29 wrist_roll.pos=+0.02 gripper.pos=+1.83
DEBUG 2026-09-03 09:27:30 [action #664] t=25.48s step=663 queue=1 dmax=0.518 | shoulder_pan.pos=-9.78 shoulder_lift.pos=-104.27 elbow_flex.pos=+85.98 wrist_flex.pos=+71.65 wrist_roll.pos=+0.22 gripper.pos=+1.90
DEBUG 2026-09-03 09:27:30 [chunk] received 50 actions, timesteps 639..688 | first: shoulder_pan.pos=-6.62 shoulder_lift.pos=-6.27 elbow_flex.pos=+4.69 wrist_flex.pos=+87.99 wrist_roll.pos=+1.78 gripper.pos=+3.96 | last: shoulder_pan.pos=-5.53 shoulder_lift.pos=-87.81 elbow_flex.pos=+81.94 wrist_flex.pos=+65.72 wrist_roll.pos=-0.99 gripper.pos=+1.92
DEBUG 2026-09-03 09:27:31 [action #665] t=25.65s step=664 queue=25 dmax=60.961 | shoulder_pan.pos=-9.40 shoulder_lift.pos=-43.31 elbow_flex.pos=+49.13 wrist_flex.pos=+66.68 wrist_roll.pos=+1.70 gripper.pos=+2.16
DEBUG 2026-09-03 09:27:31 [action #666] t=25.68s step=665 queue=24 dmax=1.758 | shoulder_pan.pos=-9.38 shoulder_lift.pos=-45.07 elbow_flex.pos=+50.30 wrist_flex.pos=+66.24 wrist_roll.pos=+1.07 gripper.pos=+1.99
DEBUG 2026-09-03 09:27:31 [action #667] t=25.72s step=666 queue=23 dmax=1.000 | shoulder_pan.pos=-9.52 shoulder_lift.pos=-46.07 elbow_flex.pos=+51.21 wrist_flex.pos=+65.90 wrist_roll.pos=+0.58 gripper.pos=+1.81
DEBUG 2026-09-03 09:27:31 [action #668] t=25.75s step=667 queue=22 dmax=1.335 | shoulder_pan.pos=-9.39 shoulder_lift.pos=-47.41 elbow_flex.pos=+52.41 wrist_flex.pos=+65.61 wrist_roll.pos=+0.13 gripper.pos=+1.87
DEBUG 2026-09-03 09:27:31 [action #669] t=25.78s step=668 queue=21 dmax=1.744 | shoulder_pan.pos=-9.34 shoulder_lift.pos=-49.15 elbow_flex.pos=+54.04 wrist_flex.pos=+65.39 wrist_roll.pos=+0.00 gripper.pos=+1.82
DEBUG 2026-09-03 09:27:31 [action #670] t=25.82s step=669 queue=20 dmax=1.385 | shoulder_pan.pos=-9.37 shoulder_lift.pos=-50.54 elbow_flex.pos=+55.29 wrist_flex.pos=+65.09 wrist_roll.pos=+0.06 gripper.pos=+1.87
DEBUG 2026-09-03 09:27:31 [action #671] t=25.85s step=670 queue=19 dmax=1.385 | shoulder_pan.pos=-9.37 shoulder_lift.pos=-51.92 elbow_flex.pos=+56.42 wrist_flex.pos=+64.85 wrist_roll.pos=-0.03 gripper.pos=+1.87
DEBUG 2026-09-03 09:27:31 [action #672] t=25.88s step=671 queue=18 dmax=1.710 | shoulder_pan.pos=-9.40 shoulder_lift.pos=-53.63 elbow_flex.pos=+57.53 wrist_flex.pos=+64.48 wrist_roll.pos=-0.17 gripper.pos=+1.86
DEBUG 2026-09-03 09:27:31 [action #673] t=25.92s step=672 queue=17 dmax=1.233 | shoulder_pan.pos=-9.28 shoulder_lift.pos=-54.86 elbow_flex.pos=+58.70 wrist_flex.pos=+64.09 wrist_roll.pos=-0.26 gripper.pos=+1.90
DEBUG 2026-09-03 09:27:31 [action #674] t=25.95s step=673 queue=16 dmax=1.563 | shoulder_pan.pos=-9.18 shoulder_lift.pos=-56.43 elbow_flex.pos=+59.92 wrist_flex.pos=+63.56 wrist_roll.pos=-0.50 gripper.pos=+1.77
DEBUG 2026-09-03 09:27:31 [action #675] t=25.99s step=674 queue=15 dmax=2.589 | shoulder_pan.pos=-9.00 shoulder_lift.pos=-58.90 elbow_flex.pos=+62.51 wrist_flex.pos=+63.08 wrist_roll.pos=-0.60 gripper.pos=+1.79
DEBUG 2026-09-03 09:27:31 [action #676] t=26.02s step=675 queue=14 dmax=1.710 | shoulder_pan.pos=-8.84 shoulder_lift.pos=-60.61 elbow_flex.pos=+64.08 wrist_flex.pos=+62.48 wrist_roll.pos=-1.02 gripper.pos=+1.75
DEBUG 2026-09-03 09:27:31 [action #677] t=26.05s step=676 queue=13 dmax=1.435 | shoulder_pan.pos=-8.64 shoulder_lift.pos=-62.05 elbow_flex.pos=+65.07 wrist_flex.pos=+62.17 wrist_roll.pos=-1.21 gripper.pos=+1.89
DEBUG 2026-09-03 09:27:31 [action #678] t=26.09s step=677 queue=12 dmax=1.614 | shoulder_pan.pos=-8.39 shoulder_lift.pos=-63.57 elbow_flex.pos=+66.68 wrist_flex.pos=+62.04 wrist_roll.pos=-1.46 gripper.pos=+1.86
DEBUG 2026-09-03 09:27:31 [action #679] t=26.12s step=678 queue=11 dmax=1.292 | shoulder_pan.pos=-8.19 shoulder_lift.pos=-64.87 elbow_flex.pos=+67.56 wrist_flex.pos=+62.07 wrist_roll.pos=-1.55 gripper.pos=+1.92
DEBUG 2026-09-03 09:27:31 [action #680] t=26.15s step=679 queue=10 dmax=2.124 | shoulder_pan.pos=-7.84 shoulder_lift.pos=-66.99 elbow_flex.pos=+69.26 wrist_flex.pos=+62.01 wrist_roll.pos=-1.38 gripper.pos=+1.85
DEBUG 2026-09-03 09:27:31 [action #681] t=26.19s step=680 queue=9 dmax=1.439 | shoulder_pan.pos=-7.35 shoulder_lift.pos=-68.43 elbow_flex.pos=+70.44 wrist_flex.pos=+61.81 wrist_roll.pos=-1.23 gripper.pos=+1.88
DEBUG 2026-09-03 09:27:31 [action #682] t=26.22s step=681 queue=8 dmax=2.438 | shoulder_pan.pos=-6.82 shoulder_lift.pos=-70.87 elbow_flex.pos=+72.41 wrist_flex.pos=+61.90 wrist_roll.pos=-1.07 gripper.pos=+1.97
DEBUG 2026-09-03 09:27:31 [action #683] t=26.25s step=682 queue=7 dmax=1.249 | shoulder_pan.pos=-6.37 shoulder_lift.pos=-72.12 elbow_flex.pos=+73.35 wrist_flex.pos=+61.79 wrist_roll.pos=-0.96 gripper.pos=+1.91
DEBUG 2026-09-03 09:27:31 [action #684] t=26.29s step=683 queue=6 dmax=2.941 | shoulder_pan.pos=-6.33 shoulder_lift.pos=-75.06 elbow_flex.pos=+74.91 wrist_flex.pos=+62.13 wrist_roll.pos=-0.97 gripper.pos=+1.85
DEBUG 2026-09-03 09:27:31 [action #685] t=26.32s step=684 queue=5 dmax=2.038 | shoulder_pan.pos=-6.11 shoulder_lift.pos=-77.10 elbow_flex.pos=+76.11 wrist_flex.pos=+62.47 wrist_roll.pos=-0.93 gripper.pos=+1.81
DEBUG 2026-09-03 09:27:31 [action #686] t=26.35s step=685 queue=4 dmax=2.594 | shoulder_pan.pos=-5.95 shoulder_lift.pos=-79.69 elbow_flex.pos=+77.88 wrist_flex.pos=+62.99 wrist_roll.pos=-0.94 gripper.pos=+1.89
DEBUG 2026-09-03 09:27:31 [action #687] t=26.39s step=686 queue=3 dmax=3.106 | shoulder_pan.pos=-5.85 shoulder_lift.pos=-82.80 elbow_flex.pos=+79.34 wrist_flex.pos=+63.70 wrist_roll.pos=-0.88 gripper.pos=+1.84
DEBUG 2026-09-03 09:27:31 [action #688] t=26.42s step=687 queue=2 dmax=2.996 | shoulder_pan.pos=-5.56 shoulder_lift.pos=-85.79 elbow_flex.pos=+80.25 wrist_flex.pos=+64.73 wrist_roll.pos=-0.84 gripper.pos=+1.86
DEBUG 2026-09-03 09:27:31 [action #689] t=26.45s step=688 queue=1 dmax=2.014 | shoulder_pan.pos=-5.53 shoulder_lift.pos=-87.81 elbow_flex.pos=+81.94 wrist_flex.pos=+65.72 wrist_roll.pos=-0.99 gripper.pos=+1.92
DEBUG 2026-09-03 09:27:31 [chunk] received 50 actions, timesteps 663..712 | first: shoulder_pan.pos=-10.05 shoulder_lift.pos=-100.74 elbow_flex.pos=+86.84 wrist_flex.pos=+72.61 wrist_roll.pos=+0.33 gripper.pos=+1.58 | last: shoulder_pan.pos=-8.99 shoulder_lift.pos=-101.51 elbow_flex.pos=+86.07 wrist_flex.pos=+74.71 wrist_roll.pos=+0.30 gripper.pos=+1.16
DEBUG 2026-09-03 09:27:31 [action #690] t=26.49s step=689 queue=24 dmax=13.554 | shoulder_pan.pos=-9.07 shoulder_lift.pos=-101.36 elbow_flex.pos=+87.00 wrist_flex.pos=+74.74 wrist_roll.pos=+0.30 gripper.pos=+1.24
DEBUG 2026-09-03 09:27:31 [action #691] t=26.52s step=690 queue=23 dmax=0.248 | shoulder_pan.pos=-9.00 shoulder_lift.pos=-101.61 elbow_flex.pos=+87.22 wrist_flex.pos=+74.86 wrist_roll.pos=+0.23 gripper.pos=+1.37
DEBUG 2026-09-03 09:27:31 [action #692] t=26.55s step=691 queue=22 dmax=0.313 | shoulder_pan.pos=-8.93 shoulder_lift.pos=-101.68 elbow_flex.pos=+86.91 wrist_flex.pos=+74.64 wrist_roll.pos=+0.26 gripper.pos=+1.40
DEBUG 2026-09-03 09:27:31 [action #693] t=26.59s step=692 queue=21 dmax=0.649 | shoulder_pan.pos=-8.92 shoulder_lift.pos=-101.03 elbow_flex.pos=+86.46 wrist_flex.pos=+74.73 wrist_roll.pos=+0.13 gripper.pos=+1.47
DEBUG 2026-09-03 09:27:31 [action #694] t=26.62s step=693 queue=20 dmax=0.259 | shoulder_pan.pos=-9.18 shoulder_lift.pos=-101.28 elbow_flex.pos=+86.44 wrist_flex.pos=+74.80 wrist_roll.pos=+0.05 gripper.pos=+1.30
DEBUG 2026-09-03 09:27:32 [action #695] t=26.65s step=694 queue=19 dmax=0.172 | shoulder_pan.pos=-9.09 shoulder_lift.pos=-101.32 elbow_flex.pos=+86.27 wrist_flex.pos=+74.72 wrist_roll.pos=+0.17 gripper.pos=+1.37
DEBUG 2026-09-03 09:27:32 [action #696] t=26.69s step=695 queue=18 dmax=0.549 | shoulder_pan.pos=-9.27 shoulder_lift.pos=-101.29 elbow_flex.pos=+86.82 wrist_flex.pos=+74.75 wrist_roll.pos=+0.15 gripper.pos=+1.30
DEBUG 2026-09-03 09:27:32 [action #697] t=26.72s step=696 queue=17 dmax=0.586 | shoulder_pan.pos=-9.15 shoulder_lift.pos=-101.40 elbow_flex.pos=+86.23 wrist_flex.pos=+74.61 wrist_roll.pos=+0.23 gripper.pos=+1.29
DEBUG 2026-09-03 09:27:32 [action #698] t=26.75s step=697 queue=16 dmax=0.420 | shoulder_pan.pos=-8.73 shoulder_lift.pos=-101.47 elbow_flex.pos=+86.54 wrist_flex.pos=+74.68 wrist_roll.pos=+0.11 gripper.pos=+1.34
DEBUG 2026-09-03 09:27:32 [action #699] t=26.79s step=698 queue=15 dmax=0.355 | shoulder_pan.pos=-9.00 shoulder_lift.pos=-101.83 elbow_flex.pos=+86.64 wrist_flex.pos=+74.91 wrist_roll.pos=+0.27 gripper.pos=+1.24
DEBUG 2026-09-03 09:27:32 [action #700] t=26.82s step=699 queue=14 dmax=0.603 | shoulder_pan.pos=-9.16 shoulder_lift.pos=-101.22 elbow_flex.pos=+86.41 wrist_flex.pos=+74.82 wrist_roll.pos=+0.23 gripper.pos=+1.21
DEBUG 2026-09-03 09:27:32 [action #701] t=26.85s step=700 queue=13 dmax=0.395 | shoulder_pan.pos=-9.06 shoulder_lift.pos=-100.83 elbow_flex.pos=+86.51 wrist_flex.pos=+74.72 wrist_roll.pos=+0.24 gripper.pos=+1.22
DEBUG 2026-09-03 09:27:32 [action #702] t=26.89s step=701 queue=12 dmax=0.885 | shoulder_pan.pos=-9.07 shoulder_lift.pos=-101.71 elbow_flex.pos=+86.25 wrist_flex.pos=+74.59 wrist_roll.pos=+0.20 gripper.pos=+1.08
DEBUG 2026-09-03 09:27:32 [action #703] t=26.92s step=702 queue=11 dmax=0.963 | shoulder_pan.pos=-8.98 shoulder_lift.pos=-100.75 elbow_flex.pos=+86.52 wrist_flex.pos=+74.73 wrist_roll.pos=+0.12 gripper.pos=+1.29
DEBUG 2026-09-03 09:27:32 [action #704] t=26.95s step=703 queue=10 dmax=0.581 | shoulder_pan.pos=-8.98 shoulder_lift.pos=-101.33 elbow_flex.pos=+86.30 wrist_flex.pos=+74.83 wrist_roll.pos=+0.11 gripper.pos=+1.28
DEBUG 2026-09-03 09:27:32 [action #705] t=26.99s step=704 queue=9 dmax=0.296 | shoulder_pan.pos=-9.12 shoulder_lift.pos=-101.14 elbow_flex.pos=+86.60 wrist_flex.pos=+74.62 wrist_roll.pos=+0.21 gripper.pos=+1.34
DEBUG 2026-09-03 09:27:32 [action #706] t=27.02s step=705 queue=8 dmax=1.176 | shoulder_pan.pos=-9.02 shoulder_lift.pos=-100.79 elbow_flex.pos=+85.42 wrist_flex.pos=+74.76 wrist_roll.pos=+0.17 gripper.pos=+1.27
DEBUG 2026-09-03 09:27:32 [action #707] t=27.06s step=706 queue=7 dmax=0.682 | shoulder_pan.pos=-9.09 shoulder_lift.pos=-100.90 elbow_flex.pos=+86.11 wrist_flex.pos=+74.59 wrist_roll.pos=+0.18 gripper.pos=+1.32
DEBUG 2026-09-03 09:27:32 [action #708] t=27.09s step=707 queue=6 dmax=0.343 | shoulder_pan.pos=-8.79 shoulder_lift.pos=-101.14 elbow_flex.pos=+85.76 wrist_flex.pos=+74.69 wrist_roll.pos=+0.16 gripper.pos=+1.39
DEBUG 2026-09-03 09:27:32 [action #709] t=27.12s step=708 queue=5 dmax=0.201 | shoulder_pan.pos=-8.81 shoulder_lift.pos=-100.94 elbow_flex.pos=+85.77 wrist_flex.pos=+74.63 wrist_roll.pos=+0.22 gripper.pos=+1.24
DEBUG 2026-09-03 09:27:32 [action #710] t=27.16s step=709 queue=4 dmax=0.588 | shoulder_pan.pos=-9.07 shoulder_lift.pos=-101.43 elbow_flex.pos=+86.36 wrist_flex.pos=+74.75 wrist_roll.pos=+0.12 gripper.pos=+1.24
DEBUG 2026-09-03 09:27:32 [action #711] t=27.19s step=710 queue=3 dmax=0.115 | shoulder_pan.pos=-8.96 shoulder_lift.pos=-101.43 elbow_flex.pos=+86.30 wrist_flex.pos=+74.74 wrist_roll.pos=+0.16 gripper.pos=+1.35
DEBUG 2026-09-03 09:27:32 [action #712] t=27.22s step=711 queue=2 dmax=0.558 | shoulder_pan.pos=-8.99 shoulder_lift.pos=-100.88 elbow_flex.pos=+86.03 wrist_flex.pos=+74.76 wrist_roll.pos=+0.24 gripper.pos=+1.46
DEBUG 2026-09-03 09:27:32 [action #713] t=27.26s step=712 queue=1 dmax=0.637 | shoulder_pan.pos=-8.99 shoulder_lift.pos=-101.51 elbow_flex.pos=+86.07 wrist_flex.pos=+74.71 wrist_roll.pos=+0.30 gripper.pos=+1.16
DEBUG 2026-09-03 09:27:32 [chunk] received 50 actions, timesteps 688..737 | first: shoulder_pan.pos=-6.74 shoulder_lift.pos=-82.42 elbow_flex.pos=+80.80 wrist_flex.pos=+61.40 wrist_roll.pos=-0.74 gripper.pos=+1.89 | last: shoulder_pan.pos=-8.00 shoulder_lift.pos=-103.21 elbow_flex.pos=+86.99 wrist_flex.pos=+76.92 wrist_roll.pos=+0.06 gripper.pos=+1.04
DEBUG 2026-09-03 09:27:32 [action #714] t=27.42s step=713 queue=25 dmax=3.929 | shoulder_pan.pos=-6.79 shoulder_lift.pos=-105.44 elbow_flex.pos=+89.18 wrist_flex.pos=+74.36 wrist_roll.pos=+0.12 gripper.pos=+1.28
DEBUG 2026-09-03 09:27:32 [action #715] t=27.46s step=714 queue=24 dmax=0.526 | shoulder_pan.pos=-6.63 shoulder_lift.pos=-105.45 elbow_flex.pos=+88.96 wrist_flex.pos=+74.89 wrist_roll.pos=+0.09 gripper.pos=+1.27
DEBUG 2026-09-03 09:27:32 [action #716] t=27.49s step=715 queue=23 dmax=0.747 | shoulder_pan.pos=-6.56 shoulder_lift.pos=-104.71 elbow_flex.pos=+89.27 wrist_flex.pos=+75.46 wrist_roll.pos=+0.10 gripper.pos=+1.28
DEBUG 2026-09-03 09:27:32 [action #717] t=27.52s step=716 queue=22 dmax=0.291 | shoulder_pan.pos=-6.60 shoulder_lift.pos=-104.64 elbow_flex.pos=+89.03 wrist_flex.pos=+75.75 wrist_roll.pos=+0.18 gripper.pos=+1.12
DEBUG 2026-09-03 09:27:32 [action #718] t=27.56s step=717 queue=21 dmax=0.617 | shoulder_pan.pos=-6.58 shoulder_lift.pos=-105.13 elbow_flex.pos=+88.89 wrist_flex.pos=+76.36 wrist_roll.pos=+0.17 gripper.pos=+1.13
DEBUG 2026-09-03 09:27:32 [action #719] t=27.59s step=718 queue=20 dmax=0.800 | shoulder_pan.pos=-6.66 shoulder_lift.pos=-104.68 elbow_flex.pos=+88.09 wrist_flex.pos=+76.73 wrist_roll.pos=+0.17 gripper.pos=+1.11
DEBUG 2026-09-03 09:27:32 [action #720] t=27.62s step=719 queue=19 dmax=0.610 | shoulder_pan.pos=-6.55 shoulder_lift.pos=-104.07 elbow_flex.pos=+88.09 wrist_flex.pos=+76.86 wrist_roll.pos=+0.15 gripper.pos=+1.21
DEBUG 2026-09-03 09:27:33 [action #721] t=27.66s step=720 queue=18 dmax=0.313 | shoulder_pan.pos=-6.36 shoulder_lift.pos=-104.38 elbow_flex.pos=+88.25 wrist_flex.pos=+77.08 wrist_roll.pos=+0.14 gripper.pos=+1.33
DEBUG 2026-09-03 09:27:33 [action #722] t=27.69s step=721 queue=17 dmax=0.768 | shoulder_pan.pos=-6.61 shoulder_lift.pos=-104.08 elbow_flex.pos=+87.49 wrist_flex.pos=+76.97 wrist_roll.pos=+0.16 gripper.pos=+1.21
DEBUG 2026-09-03 09:27:33 [action #723] t=27.72s step=722 queue=16 dmax=0.500 | shoulder_pan.pos=-6.47 shoulder_lift.pos=-104.45 elbow_flex.pos=+87.99 wrist_flex.pos=+77.31 wrist_roll.pos=+0.16 gripper.pos=+1.00
DEBUG 2026-09-03 09:27:33 [action #724] t=27.76s step=723 queue=15 dmax=0.372 | shoulder_pan.pos=-6.42 shoulder_lift.pos=-104.07 elbow_flex.pos=+88.05 wrist_flex.pos=+77.38 wrist_roll.pos=+0.20 gripper.pos=+1.22
DEBUG 2026-09-03 09:27:33 [action #725] t=27.79s step=724 queue=14 dmax=0.261 | shoulder_pan.pos=-6.52 shoulder_lift.pos=-104.21 elbow_flex.pos=+87.79 wrist_flex.pos=+77.33 wrist_roll.pos=+0.24 gripper.pos=+1.06
DEBUG 2026-09-03 09:27:33 [action #726] t=27.82s step=725 queue=13 dmax=0.583 | shoulder_pan.pos=-6.81 shoulder_lift.pos=-104.70 elbow_flex.pos=+88.37 wrist_flex.pos=+77.44 wrist_roll.pos=+0.14 gripper.pos=+1.15
DEBUG 2026-09-03 09:27:33 [action #727] t=27.86s step=726 queue=12 dmax=0.817 | shoulder_pan.pos=-6.74 shoulder_lift.pos=-104.15 elbow_flex.pos=+87.55 wrist_flex.pos=+77.28 wrist_roll.pos=+0.19 gripper.pos=+1.07
DEBUG 2026-09-03 09:27:33 [action #728] t=27.89s step=727 queue=11 dmax=0.386 | shoulder_pan.pos=-6.89 shoulder_lift.pos=-104.54 elbow_flex.pos=+87.34 wrist_flex.pos=+77.45 wrist_roll.pos=+0.16 gripper.pos=+1.12
DEBUG 2026-09-03 09:27:33 [action #729] t=27.93s step=728 queue=10 dmax=0.197 | shoulder_pan.pos=-6.92 shoulder_lift.pos=-104.56 elbow_flex.pos=+87.54 wrist_flex.pos=+77.44 wrist_roll.pos=+0.19 gripper.pos=+1.22
DEBUG 2026-09-03 09:27:33 [action #730] t=27.96s step=729 queue=9 dmax=0.427 | shoulder_pan.pos=-7.08 shoulder_lift.pos=-104.99 elbow_flex.pos=+87.82 wrist_flex.pos=+77.30 wrist_roll.pos=+0.30 gripper.pos=+1.01
DEBUG 2026-09-03 09:27:33 [action #731] t=27.99s step=730 queue=8 dmax=0.924 | shoulder_pan.pos=-7.06 shoulder_lift.pos=-104.06 elbow_flex.pos=+87.51 wrist_flex.pos=+77.33 wrist_roll.pos=+0.23 gripper.pos=+1.11
DEBUG 2026-09-03 09:27:33 [action #732] t=28.03s step=731 queue=7 dmax=0.323 | shoulder_pan.pos=-7.06 shoulder_lift.pos=-104.03 elbow_flex.pos=+87.83 wrist_flex.pos=+77.16 wrist_roll.pos=+0.30 gripper.pos=+0.94
DEBUG 2026-09-03 09:27:33 [action #733] t=28.06s step=732 queue=6 dmax=0.346 | shoulder_pan.pos=-7.14 shoulder_lift.pos=-103.73 elbow_flex.pos=+88.18 wrist_flex.pos=+77.18 wrist_roll.pos=+0.25 gripper.pos=+0.81
DEBUG 2026-09-03 09:27:33 [action #734] t=28.09s step=733 queue=5 dmax=0.420 | shoulder_pan.pos=-7.13 shoulder_lift.pos=-103.60 elbow_flex.pos=+87.76 wrist_flex.pos=+77.08 wrist_roll.pos=+0.11 gripper.pos=+0.99
DEBUG 2026-09-03 09:27:33 [action #735] t=28.13s step=734 queue=4 dmax=0.496 | shoulder_pan.pos=-7.36 shoulder_lift.pos=-103.67 elbow_flex.pos=+87.26 wrist_flex.pos=+77.18 wrist_roll.pos=+0.18 gripper.pos=+0.92
DEBUG 2026-09-03 09:27:33 [action #736] t=28.16s step=735 queue=3 dmax=0.471 | shoulder_pan.pos=-7.31 shoulder_lift.pos=-104.14 elbow_flex.pos=+87.45 wrist_flex.pos=+77.09 wrist_roll.pos=+0.14 gripper.pos=+0.90
DEBUG 2026-09-03 09:27:33 [action #737] t=28.19s step=736 queue=2 dmax=0.570 | shoulder_pan.pos=-7.33 shoulder_lift.pos=-103.57 elbow_flex.pos=+87.74 wrist_flex.pos=+77.12 wrist_roll.pos=+0.01 gripper.pos=+1.04
DEBUG 2026-09-03 09:27:33 [action #738] t=28.23s step=737 queue=1 dmax=0.749 | shoulder_pan.pos=-8.00 shoulder_lift.pos=-103.21 elbow_flex.pos=+86.99 wrist_flex.pos=+76.92 wrist_roll.pos=+0.06 gripper.pos=+1.04
DEBUG 2026-09-03 09:27:33 [chunk] received 50 actions, timesteps 712..761 | first: shoulder_pan.pos=-9.23 shoulder_lift.pos=-100.67 elbow_flex.pos=+86.80 wrist_flex.pos=+75.96 wrist_roll.pos=+0.02 gripper.pos=+1.30 | last: shoulder_pan.pos=-11.08 shoulder_lift.pos=-101.87 elbow_flex.pos=+86.57 wrist_flex.pos=+76.33 wrist_roll.pos=+0.62 gripper.pos=+1.17
INFO 2026-09-03 09:27:40 Final action sent: shoulder_pan.pos=-8.00 shoulder_lift.pos=-103.21 elbow_flex.pos=+86.99 wrist_flex.pos=+76.92 wrist_roll.pos=+0.06 gripper.pos=+1.04
DEBUG 2026-09-03 09:27:40 === episode end | 35.1s | converged=True | actions=738 ===
